{"nodes": [{"layer": 3, "name": "Starchy Roots"}, {"layer": 5, "name": "Production", "fill": "#b5cf6b"}, {"layer": 3, "name": "Pulses"}, {"layer": 3, "name": "Fruits - Excluding Wine"}, {"layer": 3, "name": "Cereals - Excluding Beer"}, {"layer": 3, "name": "Vegetables"}, {"layer": 1, "name": "Electricity", "fill": "#bcbd22"}, {"layer": 0, "name": "Fossil Fuels", "fill": "#c49c94"}, {"layer": 1, "name": "Fertilizers", "fill": "#c5b0d5"}, {"layer": 0, "name": "Labor", "fill": "#7f7f7f"}], "links": [{"source": 0, "prod": 17.0, "target": 1, "value": 0.013316517835905609, "supply": [{"l": "Potatoes", "v": 0.013316517835905609}]}, {"source": 2, "prod": 1.0, "target": 1, "value": 0.0040690574188173576, "supply": [{"l": "Pulses, Other", "v": 0.0040690574188173576}]}, {"source": 3, "prod": 11.0, "target": 1, "value": 0.0063191700956148518, "supply": [{"l": "Fruits, Other", "v": 0.00292984278580905}, {"l": "Citrus, Other", "v": 0.00021548307911421324}, {"l": "Grapes", "v": 0.0031738442306915885}]}, {"source": 4, "prod": 3.0, "target": 1, "value": 0.0084446343387941276, "supply": [{"l": "Wheat", "v": 0.006286151292073789}, {"l": "Barley", "v": 0.0021584830467203391}]}, {"source": 5, "prod": 34.0, "target": 1, "value": 0.010416499938502037, "supply": [{"l": "Vegetables, Other", "v": 0.0071316279863640007}, {"l": "Onions", "v": 0.0012215875276402879}, {"l": "Tomatoes", "v": 0.0020632844244977497}]}, {"source": 6, "prod": 0, "target": 0, "value": 1.6096224821786225e-05, "supply": "[{\"l\":'Energy for power irrigation',\"v\":1.6096224821786225e-05}]"}, {"source": 6, "prod": 0, "target": 3, "value": 1.4858053681648825e-05, "supply": "[{\"l\":'Energy for power irrigation',\"v\":1.4858053681648825e-05}]"}, {"source": 6, "prod": 0, "target": 5, "value": 2.8890659936539385e-05, "supply": "[{\"l\":'Energy for power irrigation',\"v\":2.8890659936539385e-05}]"}, {"source": 6, "prod": 0, "target": 2, "value": 4.9526845605496083e-06, "supply": "[{\"l\":'Energy for power irrigation',\"v\":4.9526845605496083e-06}]"}, {"source": 6, "prod": 0, "target": 4, "value": 4.8288674465358681e-05, "supply": "[{\"l\":'Energy for power irrigation',\"v\":4.8288674465358681e-05}]"}, {"source": 7, "prod": 0, "target": 6, "value": 0.0002997677497174763, "supply": [{"l": "Coal", "v": 0.0}, {"l": "Natural gas", "v": 0.0}, {"l": "Oil", "v": 0.0002997677497174763}]}, {"source": 7, "prod": 0, "target": 0, "value": 0.001687801933717391, "supply": [{"l": "Gas-Diesel oil", "v": 0.001687801933717391}]}, {"source": 7, "prod": 0, "target": 3, "value": 0.0015579710157391303, "supply": [{"l": "Gas-Diesel oil", "v": 0.0015579710157391303}]}, {"source": 7, "prod": 0, "target": 5, "value": 0.0030293880861594204, "supply": [{"l": "Gas-Diesel oil", "v": 0.0030293880861594204}]}, {"source": 7, "prod": 0, "target": 2, "value": 0.00051932367191304346, "supply": [{"l": "Gas-Diesel oil", "v": 0.00051932367191304346}]}, {"source": 7, "prod": 0, "target": 4, "value": 0.0050634058011521732, "supply": [{"l": "Gas-Diesel oil", "v": 0.0050634058011521732}]}, {"source": 8, "prod": 0.090152173913043462, "target": 0, "value": 0.0014953705325972623, "supply": [{"l": "Potash", "v": 9.7427777855719995e-05}, {"l": "Phosphate", "v": 0.00015570833345789997}, {"l": "Nitrogen", "v": 0.010329486119374698}]}, {"source": 8, "prod": 0.083217391304347813, "target": 3, "value": 0.0013803420300897806, "supply": [{"l": "Potash", "v": 9.7427777855719995e-05}, {"l": "Phosphate", "v": 0.00015570833345789997}, {"l": "Nitrogen", "v": 0.010329486119374698}]}, {"source": 8, "prod": 0.16181159420289853, "target": 5, "value": 0.0026839983918412404, "supply": [{"l": "Potash", "v": 9.7427777855719995e-05}, {"l": "Phosphate", "v": 0.00015570833345789997}, {"l": "Nitrogen", "v": 0.010329486119374698}]}, {"source": 8, "prod": 0.027739130434782603, "target": 2, "value": 0.00046011401002992689, "supply": [{"l": "Potash", "v": 9.7427777855719995e-05}, {"l": "Phosphate", "v": 0.00015570833345789997}, {"l": "Nitrogen", "v": 0.010329486119374698}]}, {"source": 8, "prod": 0.27045652173913037, "target": 4, "value": 0.0044861115977917875, "supply": [{"l": "Potash", "v": 9.7427777855719995e-05}, {"l": "Phosphate", "v": 0.00015570833345789997}, {"l": "Nitrogen", "v": 0.010329486119374698}]}, {"source": 7, "prod": 0, "target": 8, "value": 0.012565342681965349, "supply": [{"l": "Natural gas (including LNG)", "v": 0.0085177678937867901}, {"l": "Fuel oil", "v": 0.002221619271534179}, {"l": "Liquefied petroleum gas (LPG)", "v": 0.00091297775832219002}, {"l": "Coal", "v": 0.00091297775832219002}]}, {"source": 9, "prod": 0, "target": 0, "value": 0.0010276312741712573, "supply": "[{\"l\":'Labor',\"v\":0.0010276312741712573}]"}, {"source": 9, "prod": 0, "target": 3, "value": 0.00094858271461962216, "supply": "[{\"l\":'Labor',\"v\":0.00094858271461962216}]"}, {"source": 9, "prod": 0, "target": 5, "value": 0.0018444663895381545, "supply": "[{\"l\":'Labor',\"v\":0.0018444663895381545}]"}, {"source": 9, "prod": 0, "target": 2, "value": 0.00031619423820654076, "supply": "[{\"l\":'Labor',\"v\":0.00031619423820654076}]"}, {"source": 9, "prod": 0, "target": 4, "value": 0.0030828938225137721, "supply": "[{\"l\":'Labor',\"v\":0.0030828938225137721}]"}]}