{"nodes": [{"layer": 5, "name": "Fruits & Vegetables"}, {"layer": 10, "name": "Feed", "fill": "#dbdb8d"}, {"layer": 13, "name": "Animal Products", "fill": "#17becf"}, {"layer": 5, "name": "Cereals", "fill": "#e7ba52"}, {"layer": 13, "name": "Other Processed", "fill": "#9c9ede"}, {"layer": 16, "name": "Food", "fill": "#b5cf6b"}, {"layer": 13, "name": "Sugar", "fill": "#d6616b"}, {"layer": 5, "name": "Starchy Roots"}, {"layer": 5, "name": "Others"}, {"layer": 13, "name": "Aquatic Products", "fill": "#1f77b4"}, {"layer": 13, "name": "Vegetable Oils", "fill": "#f7b6d2"}, {"layer": 10, "name": "Processing", "fill": "#9edae5"}, {"layer": 16, "name": "Biofuels & Other", "fill": "#e7ba52"}, {"name": "Waste", "fill": "#c7c7c7"}, {"layer": 2, "name": "Import", "fill": "#aec7e8"}, {"layer": 16, "name": "Export", "fill": "#aec7e8"}, {"layer": 16, "name": "Stock Deposit", "fill": "#c7c7c7"}, {"layer": 0, "name": "Stock Draw", "fill": "#c7c7c7"}, {"name": "Crop Residue", "fill": "#bd9e39"}, {"layer": 2, "name": "Electricity", "fill": "#bcbd22"}, {"layer": 0, "name": "Fossil Fuels", "fill": "#c49c94"}, {"layer": 2, "name": "Fertilizers", "fill": "#c5b0d5"}, {"layer": 0, "name": "Labor", "fill": "#7f7f7f"}], "links": [{"source": 0, "prod": 1.0, "target": 1, "value": 0.0040155562986283781, "supply": [{"l": "Pulses, Other", "v": 0.0040155562986283781}]}, {"source": 2, "prod": 3.0, "target": 1, "value": 0.0021535998771106558, "supply": [{"l": "Milk - Excluding Butter", "v": 0.0021535998771106558}]}, {"source": 3, "prod": 75.0, "target": 1, "value": 0.23716481338255951, "supply": [{"l": "Maize", "v": 0.15939785872025691}, {"l": "Barley", "v": 0.07352193800375259}, {"l": "Cereals, Other", "v": 0.00424501665855}]}, {"source": 4, "prod": 16.0, "target": 5, "value": 0.043434944488490917, "supply": [{"l": "Beer", "v": 0.0051572073961953669}, {"l": "Wine", "v": 0.0017873754351789479}, {"l": "Fats, Animals, Raw", "v": 0.024596839381541145}, {"l": "Butter, Ghee", "v": 0.0084516168767511321}, {"l": "Beverages, Alcoholic", "v": 0.0034419053988243241}]}, {"source": 2, "prod": 86.0, "target": 5, "value": 0.085661735131829578, "supply": [{"l": "Pigmeat", "v": 0.0099622294464015645}, {"l": "Milk - Excluding Butter", "v": 0.043789864167916664}, {"l": "Meat, Other", "v": 0.0067634332772234448}, {"l": "Eggs", "v": 0.0098375763239782754}, {"l": "Poultry Meat", "v": 0.0043015010153167861}, {"l": "Offals, Edible", "v": 0.0013174189629982758}, {"l": "Bovine Meat", "v": 0.0096897119379945659}]}, {"source": 3, "prod": 50.0, "target": 5, "value": 0.15565708877017595, "supply": [{"l": "Maize", "v": 0.0031879571744051383}, {"l": "Rice", "v": 0.0042583239208025085}, {"l": "Wheat", "v": 0.1482108076749683}]}, {"source": 6, "prod": 18.0, "target": 5, "value": 0.064811570041554273, "supply": [{"l": "Sugar", "v": 0.062752420169869566}, {"l": "Sweeteners, Other", "v": 0.0020591498716847016}]}, {"source": 7, "prod": 11.0, "target": 5, "value": 0.0085483172986819227, "supply": [{"l": "Potatoes", "v": 0.0085483172986819227}]}, {"source": 0, "prod": 67.0, "target": 5, "value": 0.029298738306014632, "supply": [{"l": "Oranges, Mandarines", "v": 0.0011487802813086342}, {"l": "Fruits, Other", "v": 0.0050048427914308677}, {"l": "Citrus, Other", "v": 0.00049456504759805829}, {"l": "Beans", "v": 0.0039975493197107635}, {"l": "Apples", "v": 0.0022982574266035031}, {"l": "Bananas", "v": 0.00071949434890677965}, {"l": "Treenuts", "v": 0.0017565586173310347}, {"l": "Vegetables, Other", "v": 0.0081046379462303073}, {"l": "Tomatoes", "v": 0.0036247770329174574}, {"l": "Grapes", "v": 0.00085143600601289408}, {"l": "Onions", "v": 0.0012978394879643313}]}, {"source": 8, "prod": 4.0, "target": 5, "value": 0.0086296191390166747, "supply": [{"l": "Coffee", "v": 0.00068468010621774197}, {"l": "Infant food", "v": 0.0043131185300775404}, {"l": "Nuts", "v": 0.0030503113714131736}, {"l": "Tea", "v": 0.0005815091313082192}]}, {"source": 9, "prod": 10.0, "target": 5, "value": 0.0081561566960228569, "supply": [{"l": "Fish, Seafood", "v": 0.0037605643527652932}, {"l": "Pelagic Fish", "v": 0.0010774153955710661}, {"l": "Marine Fish, Other", "v": 0.0030728002622211798}, {"l": "Crustaceans", "v": 0.00024537668546531792}]}, {"source": 10, "prod": 4.0, "target": 5, "value": 0.041086422341126451, "supply": [{"l": "Oilcrops Oil, Other", "v": 0.010213573915308272}, {"l": "Soyabean Oil", "v": 0.030872848425818181}]}, {"source": 4, "prod": 1.0, "target": 11, "value": 0.0081989464605137143, "supply": [{"l": "Fats, Animals, Raw", "v": 0.0081989464605137143}]}, {"source": 0, "prod": 4.0, "target": 11, "value": 0.0034057440240515763, "supply": [{"l": "Grapes", "v": 0.0034057440240515763}]}, {"source": 3, "prod": 2.0, "target": 11, "value": 0.0061268281669793825, "supply": [{"l": "Barley", "v": 0.0061268281669793825}]}, {"source": 4, "prod": 2.0, "target": 12, "value": 0.0087719695045354214, "supply": [{"l": "Fats, Animals, Raw", "v": 0.0081989464605137143}, {"l": "Beer", "v": 0.00057302304402170748}]}, {"source": 2, "prod": 12.0, "target": 12, "value": 0.012193053183248023, "supply": [{"l": "Pigmeat", "v": 0.0019924458892803128}, {"l": "Bovine Meat", "v": 0.0013842445625706524}, {"l": "Eggs", "v": 0.0016395960539963791}, {"l": "Poultry Meat", "v": 0.0014338336717722622}, {"l": "Milk - Excluding Butter", "v": 0.0057429330056284157}]}, {"source": 3, "prod": 2.0, "target": 12, "value": 0.0061754503197903451, "supply": [{"l": "Wheat", "v": 0.0061754503197903451}]}, {"source": 6, "prod": 2.0, "target": 12, "value": 0.0073826376670434787, "supply": [{"l": "Sugar", "v": 0.0073826376670434787}]}, {"source": 7, "prod": 2.0, "target": 12, "value": 0.0015542395088512587, "supply": [{"l": "Potatoes", "v": 0.0015542395088512587}]}, {"source": 0, "prod": 7.0, "target": 12, "value": 0.0024935027724403, "supply": [{"l": "Vegetables, Other", "v": 0.00093515053225734317}, {"l": "Fruits, Other", "v": 0.00050048427914308683}, {"l": "Apples", "v": 0.00057456435665087578}, {"l": "Tomatoes", "v": 0.00048330360438899434}]}, {"source": 10, "prod": 1.0, "target": 12, "value": 0.010290949475272726, "supply": [{"l": "Soyabean Oil", "v": 0.010290949475272726}]}, {"source": 7, "prod": 3.0, "target": 7, "value": 0.002331359263276888, "supply": [{"l": "Potatoes", "v": 0.002331359263276888}]}, {"source": 7, "prod": 1.0, "target": 13, "value": 0.00077711975442562933, "supply": [{"l": "Potatoes", "v": 0.00077711975442562933}]}, {"source": 0, "prod": 4.0, "target": 13, "value": 0.0011067372925605565, "supply": [{"l": "Vegetables, Other", "v": 0.00062343368817156211}, {"l": "Tomatoes", "v": 0.00048330360438899434}]}, {"source": 2, "prod": 1.0, "target": 13, "value": 0.00071786662570355196, "supply": [{"l": "Milk - Excluding Butter", "v": 0.00071786662570355196}]}, {"source": 3, "prod": 6.0, "target": 13, "value": 0.018602271897475521, "supply": [{"l": "Maize", "v": 0.0031879571744051383}, {"l": "Wheat", "v": 0.01235090063958069}, {"l": "Barley", "v": 0.0030634140834896913}]}, {"source": 14, "prod": 4.0, "target": 8, "value": 0.0086296191390166747, "supply": [{"l": "Coffee", "v": 0.00068468010621774197}, {"l": "Infant food", "v": 0.0043131185300775404}, {"l": "Nuts", "v": 0.0030503113714131736}, {"l": "Tea", "v": 0.0005815091313082192}]}, {"source": 14, "prod": 64.0, "target": 1, "value": 0.058021939485267106, "supply": [{"l": "Pigmeat", "v": 0.005977337667840938}, {"l": "Milk - Excluding Butter", "v": 0.031586131530956282}, {"l": "Fish, Seafood", "v": 0.0030084514822122342}, {"l": "Meat, Other", "v": 0.0045089555181489641}, {"l": "Crustaceans", "v": 0.00024537668546531792}, {"l": "Bovine Meat", "v": 0.0083054673754239128}, {"l": "Offals, Edible", "v": 0.0013174189629982758}, {"l": "Marine Fish, Other", "v": 0.0030728002622211798}]}, {"source": 14, "prod": 31.0, "target": 11, "value": 0.15924563238864334, "supply": [{"l": "Fats, Animals, Raw", "v": 0.016397892921027429}, {"l": "Sugar", "v": 0.077517695503956541}, {"l": "Beverages, Alcoholic", "v": 0.0034419053988243241}, {"l": "Oilcrops Oil, Other", "v": 0.010213573915308272}, {"l": "Sweeteners, Other", "v": 0.0020591498716847016}, {"l": "Soyabean Oil", "v": 0.041163797901090905}, {"l": "Butter, Ghee", "v": 0.0084516168767511321}]}, {"source": 14, "prod": 112.0, "target": 3, "value": 0.35280601816501361, "supply": [{"l": "Maize", "v": 0.16577377306906718}, {"l": "Barley", "v": 0.070458523920262903}, {"l": "Rice", "v": 0.0042583239208025085}, {"l": "Cereals, Other", "v": 0.00424501665855}, {"l": "Wheat", "v": 0.10807038059633105}]}, {"source": 14, "prod": 17.0, "target": 0, "value": 0.0097856944065003258, "supply": [{"l": "Oranges, Mandarines", "v": 0.0011487802813086342}, {"l": "Fruits, Other", "v": 0.0015014528374292608}, {"l": "Bananas", "v": 0.00071949434890677965}, {"l": "Treenuts", "v": 0.0017565586173310347}, {"l": "Vegetables, Other", "v": 0.00093515053225734317}, {"l": "Grapes", "v": 0.00085143600601289408}, {"l": "Apples", "v": 0.0028728217832543796}]}, {"source": 14, "prod": 5.0, "target": 7, "value": 0.0038855987721281471, "supply": [{"l": "Potatoes", "v": 0.0038855987721281471}]}, {"source": 7, "prod": 4.0, "target": 15, "value": 0.0031084790177025173, "supply": [{"l": "Potatoes", "v": 0.0031084790177025173}]}, {"source": 4, "prod": 1.0, "target": 15, "value": 0.00089368771758947395, "supply": [{"l": "Wine", "v": 0.00089368771758947395}]}, {"source": 6, "prod": 2.0, "target": 16, "value": 0.0073826376670434787, "supply": [{"l": "Sugar", "v": 0.0073826376670434787}]}, {"source": 17, "prod": 12.0, "target": 3, "value": 0.037052701918742076, "supply": [{"l": "Wheat", "v": 0.037052701918742076}]}, {"source": 1, "prod": 10.0, "target": 9, "value": 0.0081561566960228569, "supply": [{"l": "Crustaceans", "v": 0.00024537668546531792}, {"l": "Pelagic Fish", "v": 0.0010774153955710661}, {"l": "Marine Fish, Other", "v": 0.0030728002622211798}, {"l": "Fish, Seafood", "v": 0.0037605643527652932}]}, {"source": 1, "prod": 102.0, "target": 2, "value": 0.10072625481789181, "supply": [{"l": "Poultry Meat", "v": 0.0057353346870890488}, {"l": "Pigmeat", "v": 0.011954675335681878}, {"l": "Bovine Meat", "v": 0.011073956500565219}, {"l": "Eggs", "v": 0.011477172377974654}, {"l": "Milk - Excluding Butter", "v": 0.052404263676359281}, {"l": "Offals, Edible", "v": 0.0013174189629982758}, {"l": "Meat, Other", "v": 0.0067634332772234448}]}, {"source": 11, "prod": 20.0, "target": 4, "value": 0.06129954817112953, "supply": [{"l": "Fats, Animals, Raw", "v": 0.040994732302568573}, {"l": "Beer", "v": 0.005730230440217074}, {"l": "Beverages, Alcoholic", "v": 0.0034419053988243241}, {"l": "Butter, Ghee", "v": 0.0084516168767511321}, {"l": "Wine", "v": 0.0026810631527684221}]}, {"source": 11, "prod": 5.0, "target": 10, "value": 0.051377371816399175, "supply": [{"l": "Oilcrops Oil, Other", "v": 0.010213573915308272}, {"l": "Soyabean Oil", "v": 0.041163797901090905}]}, {"source": 11, "prod": 22.0, "target": 6, "value": 0.07957684537564122, "supply": [{"l": "Sweeteners, Other", "v": 0.0020591498716847016}, {"l": "Sugar", "v": 0.077517695503956513}]}, {"source": 7, "prod": 9.0, "target": 18, "value": 0.03137999994, "supply": [{"l": "Potatoes", "v": 0.03137999994}]}, {"source": 0, "prod": 74.5, "target": 18, "value": 0.21519920182779079, "supply": [{"l": "Tomatoes", "v": 0.06450333321}, {"l": "Vegetables, Other", "v": 0.10459999980000002}, {"l": "Beans", "v": 0.0034866666600000006}, {"l": "Pulses, Other", "v": 0.0034866666600000002}, {"l": "Onions", "v": 0.010459999980000002}]}, {"source": 3, "prod": 147.0, "target": 18, "value": 0.50384750142862011, "supply": [{"l": "Maize", "v": 0.18130666632000003}, {"l": "Barley", "v": 0.10386407287067825}, {"l": "Rice", "v": 0.0034866666600000006}, {"l": "Wheat", "v": 0.21617333292000004}, {"l": "Cereals, Other", "v": 0.0034866666599999998}]}, {"source": 19, "prod": 0, "target": 7, "value": 5.6744724627827805e-05, "supply": "[{\"l\":'Energy for power irrigation',\"v\":5.6744724627827805e-05}]"}, {"source": 19, "prod": 0, "target": 0, "value": 0.00023486011026517618, "supply": "[{\"l\":'Energy for power irrigation',\"v\":0.00023486011026517618}]"}, {"source": 19, "prod": 0, "target": 3, "value": 0.00023170762556363019, "supply": "[{\"l\":'Energy for power irrigation',\"v\":0.00023170762556363019}]"}, {"source": 19, "prod": 0, "target": 11, "value": 0.00014392794966237247, "supply": "[{\"l\":'Electricity',\"v\":0.00014392794966237247}]"}, {"source": 20, "prod": 0, "target": 19, "value": 0.0017644754551663035, "supply": [{"l": "Coal", "v": 0.00030447065589033081}, {"l": "Natural gas", "v": 0.0}, {"l": "Oil", "v": 0.0014600047992759727}]}, {"source": 20, "prod": 0, "target": 7, "value": 0.0012797619057857141, "supply": [{"l": "Gas-Diesel oil", "v": 0.0012797619057857141}]}, {"source": 20, "prod": 0, "target": 0, "value": 0.0052967923322797617, "supply": [{"l": "Gas-Diesel oil", "v": 0.0052967923322797617}]}, {"source": 20, "prod": 0, "target": 3, "value": 0.0052256944486249995, "supply": [{"l": "Gas-Diesel oil", "v": 0.0052256944486249995}]}, {"source": 21, "prod": 0.09407142857142857, "target": 7, "value": 0.0011009648818331526, "supply": [{"l": "Potash", "v": 0.00049739444484235996}, {"l": "Phosphate", "v": 0.00082483333399320004}, {"l": "Nitrogen", "v": 0.0089534444516071992}]}, {"source": 21, "prod": 0.38935119047619043, "target": 0, "value": 0.0045567713164761043, "supply": [{"l": "Potash", "v": 0.00049739444484235996}, {"l": "Phosphate", "v": 0.00082483333399320004}, {"l": "Nitrogen", "v": 0.0089534444516071992}]}, {"source": 21, "prod": 0.38412499999999999, "target": 3, "value": 0.0044956066008187065, "supply": [{"l": "Potash", "v": 0.00049739444484235996}, {"l": "Phosphate", "v": 0.00082483333399320004}, {"l": "Nitrogen", "v": 0.0089534444516071992}]}, {"source": 20, "prod": 0, "target": 21, "value": 0.012587991086419205, "supply": [{"l": "Natural gas (including LNG)", "v": 0.0084260646017404808}, {"l": "Fuel oil", "v": 0.0025792154862374133}, {"l": "Liquefied petroleum gas (LPG)", "v": 0.00079135549922065493}, {"l": "Coal", "v": 0.00079135549922065493}]}, {"source": 22, "prod": 0, "target": 3, "value": 0.0029666298918276678, "supply": "[{\"l\":'Labor',\"v\":0.0029666298918276678}]"}, {"source": 22, "prod": 0, "target": 7, "value": 0.00072652160616187779, "supply": "[{\"l\":'Labor',\"v\":0.00072652160616187779}]"}, {"source": 22, "prod": 0, "target": 0, "value": 0.0030069922032811055, "supply": "[{\"l\":'Labor',\"v\":0.0030069922032811055}]"}, {"source": 22, "prod": 0, "target": 8, "value": 8.0724622906875313e-05, "supply": "[{\"l\":'Labor',\"v\":8.0724622906875313e-05}]"}, {"source": 20, "prod": 0, "target": 14, "value": 0.37142596409871154, "supply": "[{\"l\":'Fossil Fuels',\"v\":0.37142596409871154}]"}]}