{"nodes": [{"name": "Balance", "fill": "#9edae5"}, {"name": "Food", "fill": "#b5cf6b"}, {"name": "Stock Deposit", "fill": "#c7c7c7"}, {"name": "Export", "fill": "#aec7e8"}, {"name": "Biofuels & Other", "fill": "#e7ba52"}, {"name": "Fossil Fuels", "fill": "#c49c94"}, {"name": "Stock Draw", "fill": "#c7c7c7"}, {"name": "Labor", "fill": "#7f7f7f"}], "links": [{"source": 0, "target": 1, "value": 0.46386930414769373}, {"source": 0, "target": 2, "value": 0.018722292221146561}, {"source": 0, "target": 3, "value": 0.0053700794403659805}, {"source": 0, "target": 4, "value": 0.05213792270961156}, {"source": 5, "target": 0, "value": 0.45214657343757886}, {"source": 6, "target": 0, "value": 0.0062142007535463248}, {"source": 7, "target": 0, "value": 0.0058721315437722165}]}