{"nodes": [{"layer": 5, "name": "Cereals, Other"}, {"layer": 10, "name": "Feed", "fill": "#dbdb8d"}, {"layer": 5, "name": "Oats"}, {"layer": 5, "name": "Sorghum"}, {"layer": 5, "name": "Vegetables, Other"}, {"layer": 13, "name": "Milk - Excluding Butter"}, {"layer": 5, "name": "Barley"}, {"layer": 5, "name": "Maize"}, {"layer": 5, "name": "Pulses, Other"}, {"layer": 5, "name": "Fruits, Other"}, {"layer": 16, "name": "Food", "fill": "#b5cf6b"}, {"layer": 13, "name": "Sugar", "fill": "#d6616b"}, {"layer": 5, "name": "Citrus, Other"}, {"layer": 13, "name": "Beer"}, {"layer": 13, "name": "Beverages, Alcoholic"}, {"layer": 5, "name": "Rice"}, {"layer": 13, "name": "Butter, Ghee"}, {"layer": 5, "name": "Tomatoes"}, {"layer": 13, "name": "Fats, Animals, Raw"}, {"layer": 5, "name": "Coffee"}, {"layer": 5, "name": "Wheat"}, {"layer": 13, "name": "Soyabean Oil"}, {"layer": 13, "name": "Crustaceans"}, {"layer": 13, "name": "Eggs"}, {"layer": 13, "name": "Marine Fish, Other"}, {"layer": 5, "name": "Grapes"}, {"layer": 13, "name": "Pigmeat"}, {"layer": 5, "name": "Potatoes"}, {"layer": 5, "name": "Apples"}, {"layer": 13, "name": "Fish, Seafood"}, {"layer": 13, "name": "Wine"}, {"layer": 13, "name": "Pelagic Fish"}, {"layer": 5, "name": "Bananas"}, {"layer": 13, "name": "Bovine Meat"}, {"layer": 13, "name": "Poultry Meat"}, {"layer": 13, "name": "Offals, Edible"}, {"layer": 5, "name": "Oranges, Mandarines"}, {"layer": 5, "name": "Tea"}, {"layer": 5, "name": "Onions"}, {"layer": 10, "name": "Processing", "fill": "#9edae5"}, {"layer": 16, "name": "Biofuels & Other", "fill": "#e7ba52"}, {"name": "Seed", "fill": "#dbdb8d"}, {"name": "Waste", "fill": "#c7c7c7"}, {"layer": 0, "name": "Import", "fill": "#aec7e8"}, {"layer": 16, "name": "Export", "fill": "#aec7e8"}, {"layer": 16, "name": "Stock Deposit", "fill": "#c7c7c7"}, {"layer": 0, "name": "Stock Draw", "fill": "#c7c7c7"}, {"layer": 0, "name": "Production", "fill": "#b5cf6b"}], "links": [{"source": 0, "prod": 0.0033016796233166666, "target": 1, "value": 1.0, "supply": [{"l": "Cereals, Other", "v": 1.0}]}, {"source": 2, "prod": 0.002122508329275, "target": 1, "value": 1.0, "supply": [{"l": "Oats", "v": 1.0}]}, {"source": 3, "prod": 0.021937334409956381, "target": 1, "value": 7.0, "supply": [{"l": "Sorghum", "v": 7.0}]}, {"source": 4, "prod": 0.0003191741848533835, "target": 1, "value": 1.0, "supply": [{"l": "Vegetables, Other", "v": 1.0}]}, {"source": 5, "prod": 0.0049142487478021366, "target": 1, "value": 7.0, "supply": [{"l": "Milk - Excluding Butter", "v": 7.0}]}, {"source": 6, "prod": 0.14857558304925, "target": 1, "value": 35.0, "supply": [{"l": "Barley", "v": 35.0}]}, {"source": 7, "prod": 0.15042743595398661, "target": 1, "value": 48.0, "supply": [{"l": "Maize", "v": 48.0}]}, {"source": 8, "prod": 0.0041080806373064525, "target": 1, "value": 1.0, "supply": [{"l": "Pulses, Other", "v": 1.0}]}, {"source": 9, "prod": 0.0029144890491537316, "target": 10, "value": 5.0, "supply": [{"l": "Fruits, Other", "v": 5.0}]}, {"source": 11, "prod": 0.068376107251812077, "target": 10, "value": 16.0, "supply": [{"l": "Sugar", "v": 16.0}]}, {"source": 12, "prod": 0.00020911412111083744, "target": 10, "value": 1.0, "supply": [{"l": "Citrus, Other", "v": 1.0}]}, {"source": 13, "prod": 0.0051518654976014907, "target": 10, "value": 9.0, "supply": [{"l": "Beer", "v": 9.0}]}, {"source": 14, "prod": 0.0068838107976486483, "target": 10, "value": 2.0, "supply": [{"l": "Beverages, Alcoholic", "v": 2.0}]}, {"source": 15, "prod": 0.0041692127896473218, "target": 10, "value": 1.0, "supply": [{"l": "Rice", "v": 1.0}]}, {"source": 16, "prod": 0.0083868110275303956, "target": 10, "value": 1.0, "supply": [{"l": "Butter, Ghee", "v": 1.0}]}, {"source": 17, "prod": 0.0030336700758253378, "target": 10, "value": 13.0, "supply": [{"l": "Tomatoes", "v": 13.0}]}, {"source": 18, "prod": 0.024630426326531868, "target": 10, "value": 3.0, "supply": [{"l": "Fats, Animals, Raw", "v": 3.0}]}, {"source": 19, "prod": 0.00068101871527540122, "target": 10, "value": 1.0, "supply": [{"l": "Coffee", "v": 1.0}]}, {"source": 20, "prod": 0.15143169245193724, "target": 10, "value": 49.0, "supply": [{"l": "Wheat", "v": 49.0}]}, {"source": 21, "prod": 0.030802255022405488, "target": 10, "value": 3.0, "supply": [{"l": "Soyabean Oil", "v": 3.0}]}, {"source": 22, "prod": 0.00037074381297379916, "target": 10, "value": 1.0, "supply": [{"l": "Crustaceans", "v": 1.0}]}, {"source": 23, "prod": 0.0097911033579023369, "target": 10, "value": 6.0, "supply": [{"l": "Eggs", "v": 6.0}]}, {"source": 4, "prod": 0.0079793546213345872, "target": 10, "value": 25.0, "supply": [{"l": "Vegetables, Other", "v": 25.0}]}, {"source": 24, "prod": 0.0031657751351898307, "target": 10, "value": 3.0, "supply": [{"l": "Marine Fish, Other", "v": 3.0}]}, {"source": 25, "prod": 0.000830321106806846, "target": 10, "value": 1.0, "supply": [{"l": "Grapes", "v": 1.0}]}, {"source": 26, "prod": 0.0094247632625958037, "target": 10, "value": 5.0, "supply": [{"l": "Pigmeat", "v": 5.0}]}, {"source": 27, "prod": 0.0086055767248745408, "target": 10, "value": 11.0, "supply": [{"l": "Potatoes", "v": 11.0}]}, {"source": 5, "prod": 0.044930274265619533, "target": 10, "value": 64.0, "supply": [{"l": "Milk - Excluding Butter", "v": 64.0}]}, {"source": 28, "prod": 0.0022178046216097961, "target": 10, "value": 4.0, "supply": [{"l": "Apples", "v": 4.0}]}, {"source": 29, "prod": 0.0042797899519092632, "target": 10, "value": 5.0, "supply": [{"l": "Fish, Seafood", "v": 5.0}]}, {"source": 30, "prod": 0.0015819937857950311, "target": 10, "value": 1.0, "supply": [{"l": "Wine", "v": 1.0}]}, {"source": 31, "prod": 0.0010072920884694914, "target": 10, "value": 1.0, "supply": [{"l": "Pelagic Fish", "v": 1.0}]}, {"source": 32, "prod": 0.0021584830467203391, "target": 10, "value": 3.0, "supply": [{"l": "Bananas", "v": 3.0}]}, {"source": 33, "prod": 0.012632121577610216, "target": 10, "value": 9.0, "supply": [{"l": "Bovine Meat", "v": 9.0}]}, {"source": 34, "prod": 0.0042967366365829433, "target": 10, "value": 3.0, "supply": [{"l": "Poultry Meat", "v": 3.0}]}, {"source": 35, "prod": 0.0012457159494616255, "target": 10, "value": 1.0, "supply": [{"l": "Offals, Edible", "v": 1.0}]}, {"source": 36, "prod": 0.001681194716257426, "target": 10, "value": 4.0, "supply": [{"l": "Oranges, Mandarines", "v": 4.0}]}, {"source": 37, "prod": 0.00045159751686702133, "target": 10, "value": 1.0, "supply": [{"l": "Tea", "v": 1.0}]}, {"source": 38, "prod": 0.0004437299643083624, "target": 10, "value": 1.0, "supply": [{"l": "Onions", "v": 1.0}]}, {"source": 18, "prod": 0.0082101421088439566, "target": 39, "value": 1.0, "supply": [{"l": "Fats, Animals, Raw", "v": 1.0}]}, {"source": 6, "prod": 0.0084900333171, "target": 39, "value": 2.0, "supply": [{"l": "Barley", "v": 2.0}]}, {"source": 25, "prod": 0.0041516055340342301, "target": 39, "value": 5.0, "supply": [{"l": "Grapes", "v": 5.0}]}, {"source": 18, "prod": 0.0082101421088439566, "target": 40, "value": 1.0, "supply": [{"l": "Fats, Animals, Raw", "v": 1.0}]}, {"source": 26, "prod": 0.001884952652519161, "target": 40, "value": 1.0, "supply": [{"l": "Pigmeat", "v": 1.0}]}, {"source": 20, "prod": 0.0092713281093022796, "target": 40, "value": 3.0, "supply": [{"l": "Wheat", "v": 3.0}]}, {"source": 21, "prod": 0.010267418340801828, "target": 40, "value": 1.0, "supply": [{"l": "Soyabean Oil", "v": 1.0}]}, {"source": 33, "prod": 0.0014035690641789127, "target": 40, "value": 1.0, "supply": [{"l": "Bovine Meat", "v": 1.0}]}, {"source": 23, "prod": 0.0016318505596503896, "target": 40, "value": 1.0, "supply": [{"l": "Eggs", "v": 1.0}]}, {"source": 4, "prod": 0.00095752255456015044, "target": 40, "value": 3.0, "supply": [{"l": "Vegetables, Other", "v": 3.0}]}, {"source": 9, "prod": 0.00058289780983074627, "target": 40, "value": 1.0, "supply": [{"l": "Fruits, Other", "v": 1.0}]}, {"source": 11, "prod": 0.0085470134064765096, "target": 40, "value": 2.0, "supply": [{"l": "Sugar", "v": 2.0}]}, {"source": 34, "prod": 0.0014322455455276475, "target": 40, "value": 1.0, "supply": [{"l": "Poultry Meat", "v": 1.0}]}, {"source": 13, "prod": 0.000572429499733499, "target": 40, "value": 1.0, "supply": [{"l": "Beer", "v": 1.0}]}, {"source": 5, "prod": 0.0056162842832024416, "target": 40, "value": 8.0, "supply": [{"l": "Milk - Excluding Butter", "v": 8.0}]}, {"source": 27, "prod": 0.0023469754704203293, "target": 40, "value": 3.0, "supply": [{"l": "Potatoes", "v": 3.0}]}, {"source": 17, "prod": 0.00046671847320389813, "target": 40, "value": 2.0, "supply": [{"l": "Tomatoes", "v": 2.0}]}, {"source": 30, "prod": 0.0015819937857950311, "target": 40, "value": 1.0, "supply": [{"l": "Wine", "v": 1.0}]}, {"source": 27, "prod": 0.0023469754704203293, "target": 41, "value": 3.0, "supply": [{"l": "Potatoes", "v": 3.0}]}, {"source": 7, "prod": 0.0031339049157080544, "target": 42, "value": 1.0, "supply": [{"l": "Maize", "v": 1.0}]}, {"source": 20, "prod": 0.0154522135155038, "target": 42, "value": 5.0, "supply": [{"l": "Wheat", "v": 5.0}]}, {"source": 27, "prod": 0.00078232515680677639, "target": 42, "value": 1.0, "supply": [{"l": "Potatoes", "v": 1.0}]}, {"source": 4, "prod": 0.000638348369706767, "target": 42, "value": 2.0, "supply": [{"l": "Vegetables, Other", "v": 2.0}]}, {"source": 5, "prod": 0.0014040710708006104, "target": 42, "value": 2.0, "supply": [{"l": "Milk - Excluding Butter", "v": 2.0}]}, {"source": 6, "prod": 0.00424501665855, "target": 42, "value": 1.0, "supply": [{"l": "Barley", "v": 1.0}]}, {"source": 17, "prod": 0.00046671847320389813, "target": 42, "value": 2.0, "supply": [{"l": "Tomatoes", "v": 2.0}]}, {"source": 43, "prod": 0.0054762760976474348, "target": 27, "value": 7.0, "supply": [{"l": "Potatoes", "v": 7.0}]}, {"source": 43, "prod": 0.0033016796233166666, "target": 0, "value": 1.0, "supply": [{"l": "Cereals, Other", "v": 1.0}]}, {"source": 43, "prod": 0.0041692127896473218, "target": 15, "value": 1.0, "supply": [{"l": "Rice", "v": 1.0}]}, {"source": 43, "prod": 0.18233611948294484, "target": 20, "value": 59.0, "supply": [{"l": "Wheat", "v": 59.0}]}, {"source": 43, "prod": 0.00045159751686702133, "target": 37, "value": 1.0, "supply": [{"l": "Tea", "v": 1.0}]}, {"source": 43, "prod": 0.054315242188917472, "target": 1, "value": 65.0, "supply": [{"l": "Pigmeat", "v": 1.0}, {"l": "Milk - Excluding Butter", "v": 47.0}, {"l": "Crustaceans", "v": 1.0}, {"l": "Offals, Edible", "v": 1.0}, {"l": "Marine Fish, Other", "v": 3.0}, {"l": "Bovine Meat", "v": 8.0}, {"l": "Fish, Seafood", "v": 4.0}]}, {"source": 43, "prod": 0.00020911412111083744, "target": 12, "value": 1.0, "supply": [{"l": "Citrus, Other", "v": 1.0}]}, {"source": 43, "prod": 0.000830321106806846, "target": 25, "value": 1.0, "supply": [{"l": "Grapes", "v": 1.0}]}, {"source": 43, "prod": 0.20376079961040003, "target": 6, "value": 48.0, "supply": [{"l": "Barley", "v": 48.0}]}, {"source": 43, "prod": 0.002122508329275, "target": 2, "value": 1.0, "supply": [{"l": "Oats", "v": 1.0}]}, {"source": 43, "prod": 0.0021584830467203391, "target": 32, "value": 3.0, "supply": [{"l": "Bananas", "v": 3.0}]}, {"source": 43, "prod": 0.00068101871527540122, "target": 19, "value": 1.0, "supply": [{"l": "Coffee", "v": 1.0}]}, {"source": 43, "prod": 0.001681194716257426, "target": 36, "value": 4.0, "supply": [{"l": "Oranges, Mandarines", "v": 4.0}]}, {"source": 43, "prod": 0.17549867527965105, "target": 7, "value": 56.0, "supply": [{"l": "Maize", "v": 56.0}]}, {"source": 43, "prod": 0.0029144890491537316, "target": 9, "value": 5.0, "supply": [{"l": "Fruits, Other", "v": 5.0}]}, {"source": 43, "prod": 0.025071239325664435, "target": 3, "value": 8.0, "supply": [{"l": "Sorghum", "v": 8.0}]}, {"source": 43, "prod": 0.0022178046216097961, "target": 28, "value": 4.0, "supply": [{"l": "Apples", "v": 4.0}]}, {"source": 43, "prod": 0.00095752255456015044, "target": 4, "value": 3.0, "supply": [{"l": "Vegetables, Other", "v": 3.0}]}, {"source": 43, "prod": 0.16217672928831597, "target": 39, "value": 31.0, "supply": [{"l": "Sugar", "v": 19.0}, {"l": "Beverages, Alcoholic", "v": 2.0}, {"l": "Fats, Animals, Raw", "v": 1.0}, {"l": "Oilcrops Oil, Other", "v": 1.0}, {"l": "Butter, Ghee", "v": 1.0}, {"l": "Wine", "v": 2.0}, {"l": "Sweeteners, Other", "v": 1.0}, {"l": "Soyabean Oil", "v": 4.0}]}, {"source": 43, "prod": 0.0041080806373064525, "target": 8, "value": 1.0, "supply": [{"l": "Pulses, Other", "v": 1.0}]}, {"source": 7, "prod": 0.018803429494248326, "target": 44, "value": 6.0, "supply": [{"l": "Maize", "v": 6.0}]}, {"source": 20, "prod": 0.0030904427031007596, "target": 44, "value": 1.0, "supply": [{"l": "Wheat", "v": 1.0}]}, {"source": 27, "prod": 0.0070409264112609882, "target": 44, "value": 9.0, "supply": [{"l": "Potatoes", "v": 9.0}]}, {"source": 9, "prod": 0.0017486934294922388, "target": 44, "value": 3.0, "supply": [{"l": "Fruits, Other", "v": 3.0}]}, {"source": 5, "prod": 0.0007020355354003052, "target": 44, "value": 1.0, "supply": [{"l": "Milk - Excluding Butter", "v": 1.0}]}, {"source": 12, "prod": 0.00020911412111083744, "target": 44, "value": 1.0, "supply": [{"l": "Citrus, Other", "v": 1.0}]}, {"source": 6, "prod": 0.050940199902600007, "target": 44, "value": 12.0, "supply": [{"l": "Barley", "v": 12.0}]}, {"source": 33, "prod": 0.0028071381283578255, "target": 44, "value": 2.0, "supply": [{"l": "Bovine Meat", "v": 2.0}]}, {"source": 38, "prod": 0.0008874599286167248, "target": 44, "value": 2.0, "supply": [{"l": "Onions", "v": 2.0}]}, {"source": 3, "prod": 0.0031339049157080544, "target": 44, "value": 1.0, "supply": [{"l": "Sorghum", "v": 1.0}]}, {"source": 30, "prod": 0.011073956500565217, "target": 44, "value": 7.0, "supply": [{"l": "Wine", "v": 7.0}]}, {"source": 11, "prod": 0.0042735067032382548, "target": 45, "value": 1.0, "supply": [{"l": "Sugar", "v": 1.0}]}, {"source": 38, "prod": 0.0004437299643083624, "target": 45, "value": 1.0, "supply": [{"l": "Onions", "v": 1.0}]}, {"source": 46, "prod": 0.0014035690641789127, "target": 1, "value": 1.0, "supply": [{"l": "Bovine Meat", "v": 1.0}]}, {"source": 20, "prod": 0.0154522135155038, "target": 45, "value": 5.0, "supply": [{"l": "Wheat", "v": 5.0}]}, {"source": 47, "prod": 0.0092713281093022796, "target": 20, "value": 3.0, "supply": [{"l": "Wheat", "v": 3.0}]}, {"source": 47, "prod": 0.0049819266408410758, "target": 25, "value": 6.0, "supply": [{"l": "Grapes", "v": 6.0}]}, {"source": 47, "prod": 0.015646503136135529, "target": 27, "value": 20.0, "supply": [{"l": "Potatoes", "v": 20.0}]}, {"source": 47, "prod": 0.0086177029910413545, "target": 4, "value": 27.0, "supply": [{"l": "Vegetables, Other", "v": 27.0}]}, {"source": 47, "prod": 0.0023315912393229851, "target": 9, "value": 4.0, "supply": [{"l": "Fruits, Other", "v": 4.0}]}, {"source": 47, "prod": 0.00020911412111083744, "target": 12, "value": 1.0, "supply": [{"l": "Citrus, Other", "v": 1.0}]}, {"source": 47, "prod": 0.012735049975650002, "target": 6, "value": 3.0, "supply": [{"l": "Barley", "v": 3.0}]}, {"source": 47, "prod": 0.0041080806373064525, "target": 8, "value": 1.0, "supply": [{"l": "Pulses, Other", "v": 1.0}]}, {"source": 47, "prod": 0.0013311898929250874, "target": 38, "value": 3.0, "supply": [{"l": "Onions", "v": 3.0}]}, {"source": 47, "prod": 0.0035003885490292362, "target": 17, "value": 15.0, "supply": [{"l": "Tomatoes", "v": 15.0}]}, {"source": 1, "prod": 0.005728982182110591, "target": 34, "value": 4.0, "supply": [{"l": "Poultry Meat", "v": 4.0}]}, {"source": 1, "prod": 0.011309715915114964, "target": 26, "value": 6.0, "supply": [{"l": "Pigmeat", "v": 6.0}]}, {"source": 1, "prod": 0.0010072920884694914, "target": 31, "value": 1.0, "supply": [{"l": "Pelagic Fish", "v": 1.0}]}, {"source": 1, "prod": 0.00037074381297379916, "target": 22, "value": 1.0, "supply": [{"l": "Crustaceans", "v": 1.0}]}, {"source": 1, "prod": 0.011422953917552726, "target": 23, "value": 7.0, "supply": [{"l": "Eggs", "v": 7.0}]}, {"source": 1, "prod": 0.05756691390282502, "target": 5, "value": 82.0, "supply": [{"l": "Milk - Excluding Butter", "v": 82.0}]}, {"source": 1, "prod": 0.0012457159494616255, "target": 35, "value": 1.0, "supply": [{"l": "Offals, Edible", "v": 1.0}]}, {"source": 1, "prod": 0.0031657751351898307, "target": 24, "value": 3.0, "supply": [{"l": "Marine Fish, Other", "v": 3.0}]}, {"source": 1, "prod": 0.0042797899519092632, "target": 29, "value": 5.0, "supply": [{"l": "Fish, Seafood", "v": 5.0}]}, {"source": 1, "prod": 0.016842828770146954, "target": 33, "value": 12.0, "supply": [{"l": "Bovine Meat", "v": 12.0}]}, {"source": 39, "prod": 0.041050710544219784, "target": 18, "value": 5.0, "supply": [{"l": "Fats, Animals, Raw", "v": 5.0}]}, {"source": 39, "prod": 0.041069673363207312, "target": 21, "value": 4.0, "supply": [{"l": "Soyabean Oil", "v": 4.0}]}, {"source": 39, "prod": 0.081196627361526844, "target": 11, "value": 19.0, "supply": [{"l": "Sugar", "v": 19.0}]}, {"source": 39, "prod": 0.0057242949973349893, "target": 13, "value": 10.0, "supply": [{"l": "Beer", "v": 10.0}]}, {"source": 39, "prod": 0.0068838107976486483, "target": 14, "value": 2.0, "supply": [{"l": "Beverages, Alcoholic", "v": 2.0}]}, {"source": 39, "prod": 0.0083868110275303956, "target": 16, "value": 1.0, "supply": [{"l": "Butter, Ghee", "v": 1.0}]}, {"source": 39, "prod": 0.014237944072155279, "target": 30, "value": 9.0, "supply": [{"l": "Wine", "v": 9.0}]}]}