{"nodes": [{"layer": 5, "name": "Fruits & Vegetables"}, {"layer": 10, "name": "Feed", "fill": "#dbdb8d"}, {"layer": 13, "name": "Animal Products", "fill": "#17becf"}, {"layer": 5, "name": "Cereals", "fill": "#e7ba52"}, {"layer": 13, "name": "Other Processed", "fill": "#9c9ede"}, {"layer": 16, "name": "Food", "fill": "#b5cf6b"}, {"layer": 13, "name": "Sugar", "fill": "#d6616b"}, {"layer": 5, "name": "Starchy Roots"}, {"layer": 5, "name": "Others"}, {"layer": 13, "name": "Aquatic Products", "fill": "#1f77b4"}, {"layer": 13, "name": "Vegetable Oils", "fill": "#f7b6d2"}, {"layer": 10, "name": "Processing", "fill": "#9edae5"}, {"layer": 16, "name": "Biofuels & Other", "fill": "#e7ba52"}, {"name": "Waste", "fill": "#c7c7c7"}, {"layer": 2, "name": "Import", "fill": "#aec7e8"}, {"layer": 16, "name": "Export", "fill": "#aec7e8"}, {"layer": 0, "name": "Stock Draw", "fill": "#c7c7c7"}, {"layer": 16, "name": "Stock Deposit", "fill": "#c7c7c7"}, {"name": "Crop Residue", "fill": "#bd9e39"}, {"layer": 2, "name": "Electricity", "fill": "#bcbd22"}, {"layer": 0, "name": "Fossil Fuels", "fill": "#c49c94"}, {"layer": 2, "name": "Fertilizers", "fill": "#c5b0d5"}, {"layer": 0, "name": "Labor", "fill": "#7f7f7f"}], "links": [{"source": 0, "prod": 1.0, "target": 1, "value": 0.003859106053227273, "supply": [{"l": "Pulses, Other", "v": 0.003859106053227273}]}, {"source": 2, "prod": 4.0, "target": 1, "value": 0.0028666740082358873, "supply": [{"l": "Milk - Excluding Butter", "v": 0.0028666740082358873}]}, {"source": 3, "prod": 49.0, "target": 1, "value": 0.15033567725480598, "supply": [{"l": "Maize", "v": 0.090187167104725283}, {"l": "Barley", "v": 0.057318499044380716}, {"l": "Cereals, Other", "v": 0.0028300111056999999}]}, {"source": 4, "prod": 17.0, "target": 5, "value": 0.0435272064656353, "supply": [{"l": "Beer", "v": 0.0062082864711937337}, {"l": "Wine", "v": 0.00093041461009315065}, {"l": "Fats, Animals, Raw", "v": 0.024562688527973588}, {"l": "Butter, Ghee", "v": 0.0083931888305931561}, {"l": "Beverages, Alcoholic", "v": 0.0034326280257816711}]}, {"source": 2, "prod": 85.0, "target": 5, "value": 0.085458717533628298, "supply": [{"l": "Pigmeat", "v": 0.0097098308129806993}, {"l": "Milk - Excluding Butter", "v": 0.041566773119420357}, {"l": "Meat, Other", "v": 0.006811770917208141}, {"l": "Bovine Meat", "v": 0.010517400686220051}, {"l": "Eggs", "v": 0.0098780220574850846}, {"l": "Poultry Meat", "v": 0.0057202352136489368}, {"l": "Offals, Edible", "v": 0.0012546847266650249}]}, {"source": 3, "prod": 49.0, "target": 5, "value": 0.15234585162799708, "supply": [{"l": "Maize", "v": 0.0031099023139560438}, {"l": "Rice", "v": 0.0041754262215245898}, {"l": "Wheat", "v": 0.14506052309251644}]}, {"source": 6, "prod": 18.0, "target": 5, "value": 0.073943003502989449, "supply": [{"l": "Sugar", "v": 0.071693988054751037}, {"l": "Sweeteners, Other", "v": 0.0022490154482384104}]}, {"source": 7, "prod": 10.0, "target": 5, "value": 0.0078407631087929353, "supply": [{"l": "Potatoes", "v": 0.0078407631087929353}]}, {"source": 0, "prod": 65.0, "target": 5, "value": 0.027479173706891704, "supply": [{"l": "Oranges, Mandarines", "v": 0.0020649837810875608}, {"l": "Fruits, Other", "v": 0.0042959314010813342}, {"l": "Citrus, Other", "v": 0.00041414796668780502}, {"l": "Beans", "v": 0.0038182689521349205}, {"l": "Apples", "v": 0.0022884186838544474}, {"l": "Tomatoes", "v": 0.0031042566206732295}, {"l": "Bananas", "v": 0.002119790648955826}, {"l": "Vegetables, Other", "v": 0.0080253487859948455}, {"l": "Grapes", "v": 0.00085326968011055276}, {"l": "Onions", "v": 0.00049475718631118877}]}, {"source": 8, "prod": 2.0, "target": 5, "value": 0.0049052994524312879, "supply": [{"l": "Coffee", "v": 0.0006335845759029851}, {"l": "Infant food", "v": 0.0042717148765283024}]}, {"source": 9, "prod": 8.0, "target": 5, "value": 0.0068121278981346563, "supply": [{"l": "Fish, Seafood", "v": 0.0036097080429846945}, {"l": "Pelagic Fish", "v": 0.00094333703523333322}, {"l": "Marine Fish, Other", "v": 0.0020271146964985958}, {"l": "Crustaceans", "v": 0.00023196812341803278}]}, {"source": 10, "prod": 4.0, "target": 5, "value": 0.041064520965679779, "supply": [{"l": "Oilcrops Oil, Other", "v": 0.010204366967668268}, {"l": "Soyabean Oil", "v": 0.030860153998011512}]}, {"source": 4, "prod": 2.0, "target": 11, "value": 0.016375125685315725, "supply": [{"l": "Fats, Animals, Raw", "v": 0.016375125685315725}]}, {"source": 0, "prod": 3.0, "target": 11, "value": 0.0025598090403316583, "supply": [{"l": "Grapes", "v": 0.0025598090403316583}]}, {"source": 3, "prod": 3.0, "target": 11, "value": 0.0090502893227969554, "supply": [{"l": "Barley", "v": 0.0090502893227969554}]}, {"source": 4, "prod": 2.0, "target": 12, "value": 0.0087519525218572921, "supply": [{"l": "Fats, Animals, Raw", "v": 0.0081875628426578625}, {"l": "Beer", "v": 0.00056438967919943031}]}, {"source": 2, "prod": 12.0, "target": 12, "value": 0.012066385077838502, "supply": [{"l": "Pigmeat", "v": 0.0019419661625961399}, {"l": "Bovine Meat", "v": 0.0013146750857775064}, {"l": "Eggs", "v": 0.0016463370095808475}, {"l": "Poultry Meat", "v": 0.0014300588034122342}, {"l": "Milk - Excluding Butter", "v": 0.0057333480164717746}]}, {"source": 3, "prod": 2.0, "target": 12, "value": 0.0061727882167028269, "supply": [{"l": "Wheat", "v": 0.0061727882167028269}]}, {"source": 6, "prod": 2.0, "target": 12, "value": 0.0084345868299707111, "supply": [{"l": "Sugar", "v": 0.0084345868299707111}]}, {"source": 7, "prod": 2.0, "target": 12, "value": 0.0015681526217585873, "supply": [{"l": "Potatoes", "v": 0.0015681526217585873}]}, {"source": 0, "prod": 7.0, "target": 12, "value": 0.0022939021920902122, "supply": [{"l": "Vegetables, Other", "v": 0.00092600178299940509}, {"l": "Fruits, Other", "v": 0.00047732571123125939}, {"l": "Oranges, Mandarines", "v": 0.00041299675621751222}, {"l": "Tomatoes", "v": 0.00047757794164203531}]}, {"source": 7, "prod": 3.0, "target": 7, "value": 0.002352228932637881, "supply": [{"l": "Potatoes", "v": 0.002352228932637881}]}, {"source": 7, "prod": 1.0, "target": 13, "value": 0.00078407631087929364, "supply": [{"l": "Potatoes", "v": 0.00078407631087929364}]}, {"source": 0, "prod": 4.0, "target": 13, "value": 0.0010949124636416387, "supply": [{"l": "Vegetables, Other", "v": 0.00061733452199960346}, {"l": "Tomatoes", "v": 0.00047757794164203531}]}, {"source": 2, "prod": 1.0, "target": 13, "value": 0.00071666850205897182, "supply": [{"l": "Milk - Excluding Butter", "v": 0.00071666850205897182}]}, {"source": 3, "prod": 10.0, "target": 13, "value": 0.030817818288366335, "supply": [{"l": "Maize", "v": 0.0031099023139560438}, {"l": "Wheat", "v": 0.024691152866811308}, {"l": "Barley", "v": 0.0030167631075989853}]}, {"source": 14, "prod": 2.0, "target": 8, "value": 0.0049052994524312879, "supply": [{"l": "Coffee", "v": 0.0006335845759029851}, {"l": "Infant food", "v": 0.0042717148765283024}]}, {"source": 14, "prod": 65.0, "target": 1, "value": 0.062310204497915925, "supply": [{"l": "Pigmeat", "v": 0.0077678646503845598}, {"l": "Milk - Excluding Butter", "v": 0.030816745588535789}, {"l": "Fish, Seafood", "v": 0.0027072810322385211}, {"l": "Meat, Other", "v": 0.006811770917208141}, {"l": "Bovine Meat", "v": 0.010517400686220051}, {"l": "Poultry Meat", "v": 0.0014300588034122342}, {"l": "Marine Fish, Other", "v": 0.0020271146964985958}, {"l": "Crustaceans", "v": 0.00023196812341803278}]}, {"source": 14, "prod": 29.0, "target": 11, "value": 0.15795950241199513, "supply": [{"l": "Fats, Animals, Raw", "v": 0.0081875628426578625}, {"l": "Sugar", "v": 0.084345868299707097}, {"l": "Beverages, Alcoholic", "v": 0.0034326280257816711}, {"l": "Oilcrops Oil, Other", "v": 0.010204366967668268}, {"l": "Sweeteners, Other", "v": 0.0022490154482384104}, {"l": "Soyabean Oil", "v": 0.041146871997348684}, {"l": "Butter, Ghee", "v": 0.0083931888305931561}]}, {"source": 14, "prod": 112.0, "target": 3, "value": 0.34596067740047526, "supply": [{"l": "Maize", "v": 0.093297069418681322}, {"l": "Barley", "v": 0.054301735936781732}, {"l": "Rice", "v": 0.0041754262215245898}, {"l": "Cereals, Other", "v": 0.0028300111056999999}, {"l": "Wheat", "v": 0.19135643471778763}]}, {"source": 14, "prod": 20.0, "target": 0, "value": 0.0096199012203838901, "supply": [{"l": "Fruits, Other", "v": 0.0019093028449250376}, {"l": "Citrus, Other", "v": 0.00020707398334390251}, {"l": "Bananas", "v": 0.002119790648955826}, {"l": "Vegetables, Other", "v": 0.00061733452199960346}, {"l": "Oranges, Mandarines", "v": 0.0024779805373050731}, {"l": "Apples", "v": 0.0022884186838544474}]}, {"source": 14, "prod": 6.0, "target": 7, "value": 0.0047044578652757621, "supply": [{"l": "Potatoes", "v": 0.0047044578652757621}]}, {"source": 7, "prod": 3.0, "target": 15, "value": 0.002352228932637881, "supply": [{"l": "Potatoes", "v": 0.002352228932637881}]}, {"source": 4, "prod": 2.0, "target": 15, "value": 0.001494804289292581, "supply": [{"l": "Beer", "v": 0.00056438967919943031}, {"l": "Wine", "v": 0.00093041461009315065}]}, {"source": 0, "prod": 2.0, "target": 15, "value": 0.00098951437262237755, "supply": [{"l": "Onions", "v": 0.00098951437262237755}]}, {"source": 16, "prod": 1.0, "target": 11, "value": 0.010204366967668268, "supply": [{"l": "Oilcrops Oil, Other", "v": 0.010204366967668268}]}, {"source": 3, "prod": 12.0, "target": 17, "value": 0.037036729300216967, "supply": [{"l": "Wheat", "v": 0.037036729300216967}]}, {"source": 6, "prod": 1.0, "target": 17, "value": 0.0042172934149853555, "supply": [{"l": "Sugar", "v": 0.0042172934149853555}]}, {"source": 16, "prod": 1.0, "target": 7, "value": 0.00078407631087929364, "supply": [{"l": "Potatoes", "v": 0.00078407631087929364}]}, {"source": 10, "prod": 1.0, "target": 17, "value": 0.010286717999337171, "supply": [{"l": "Soyabean Oil", "v": 0.010286717999337171}]}, {"source": 1, "prod": 8.0, "target": 9, "value": 0.0068121278981346563, "supply": [{"l": "Crustaceans", "v": 0.00023196812341803278}, {"l": "Pelagic Fish", "v": 0.00094333703523333322}, {"l": "Marine Fish, Other", "v": 0.0020271146964985958}, {"l": "Fish, Seafood", "v": 0.0036097080429846945}]}, {"source": 1, "prod": 102.0, "target": 2, "value": 0.10110844512176165, "supply": [{"l": "Poultry Meat", "v": 0.0071502940170611708}, {"l": "Pigmeat", "v": 0.011651796975576839}, {"l": "Bovine Meat", "v": 0.011832075771997557}, {"l": "Eggs", "v": 0.011524359067065932}, {"l": "Milk - Excluding Butter", "v": 0.050883463646186997}, {"l": "Offals, Edible", "v": 0.0012546847266650249}, {"l": "Meat, Other", "v": 0.006811770917208141}]}, {"source": 11, "prod": 23.0, "target": 4, "value": 0.070149088962100897, "supply": [{"l": "Fats, Animals, Raw", "v": 0.049125377055947175}, {"l": "Beer", "v": 0.0073370658295925945}, {"l": "Beverages, Alcoholic", "v": 0.0034326280257816711}, {"l": "Butter, Ghee", "v": 0.0083931888305931561}, {"l": "Wine", "v": 0.0018608292201863013}]}, {"source": 11, "prod": 5.0, "target": 10, "value": 0.051351238965016949, "supply": [{"l": "Oilcrops Oil, Other", "v": 0.010204366967668268}, {"l": "Soyabean Oil", "v": 0.041146871997348684}]}, {"source": 11, "prod": 21.0, "target": 6, "value": 0.086594883747945522, "supply": [{"l": "Sweeteners, Other", "v": 0.0022490154482384104}, {"l": "Sugar", "v": 0.084345868299707111}]}, {"source": 7, "prod": 7.75, "target": 18, "value": 0.019677430417764267, "supply": [{"l": "Potatoes", "v": 0.027021666615000002}]}, {"source": 0, "prod": 73.0, "target": 18, "value": 0.21012198098452933, "supply": [{"l": "Tomatoes", "v": 0.059273333220000002}, {"l": "Vegetables, Other", "v": 0.10459999980000001}, {"l": "Beans", "v": 0.0017433333300000001}, {"l": "Pulses, Other", "v": 0.0034866666600000002}, {"l": "Onions", "v": 0.01220333331}]}, {"source": 3, "prod": 137.0, "target": 18, "value": 0.47731337549683905, "supply": [{"l": "Maize", "v": 0.10808666646000001}, {"l": "Barley", "v": 0.092016141956040645}, {"l": "Rice", "v": 0.0034866666600000002}, {"l": "Wheat", "v": 0.26847333282000002}, {"l": "Cereals, Other", "v": 0.0034866666599999998}]}, {"source": 19, "prod": 0, "target": 7, "value": 5.5020058973493967e-05, "supply": "[{\"l\":'Energy for power irrigation',\"v\":5.5020058973493967e-05}]"}, {"source": 19, "prod": 0, "target": 0, "value": 0.00025912672935903615, "supply": "[{\"l\":'Energy for power irrigation',\"v\":0.00025912672935903615}]"}, {"source": 19, "prod": 0, "target": 3, "value": 0.00024315316385060238, "supply": "[{\"l\":'Energy for power irrigation',\"v\":0.00024315316385060238}]"}, {"source": 19, "prod": 0, "target": 11, "value": 0.00015241556122232538, "supply": "[{\"l\":'Electricity',\"v\":0.00015241556122232538}]"}, {"source": 20, "prod": 0, "target": 19, "value": 0.0018744339150014316, "supply": [{"l": "Coal", "v": 9.8030692901025302e-05}, {"l": "Natural gas", "v": 0.0}, {"l": "Oil", "v": 0.0017764032221004064}]}, {"source": 20, "prod": 0, "target": 7, "value": 0.001447510381025097, "supply": [{"l": "Gas-Diesel oil", "v": 0.0011717651204873416}, {"l": "Other fossil fuels", "v": 0.00027574526053775531}]}, {"source": 20, "prod": 0, "target": 0, "value": 0.0068173069557956184, "supply": [{"l": "Gas-Diesel oil", "v": 0.0055186357287468355}, {"l": "Other fossil fuels", "v": 0.0012986712270487834}]}, {"source": 20, "prod": 0, "target": 3, "value": 0.0063970620064657509, "supply": [{"l": "Gas-Diesel oil", "v": 0.0051784458550569613}, {"l": "Other fossil fuels", "v": 0.0012186161514087896}]}, {"source": 21, "prod": 0.03619936708860759, "target": 7, "value": 0.00039703571585911933, "supply": [{"l": "Potash", "v": 0.00023331388907553999}, {"l": "Phosphate", "v": 0.00038295833363969994}, {"l": "Nitrogen", "v": 0.0034309305583002997}]}, {"source": 21, "prod": 0.17048734177215191, "target": 0, "value": 0.0018699101456590784, "supply": [{"l": "Potash", "v": 0.00023331388907553999}, {"l": "Phosphate", "v": 0.00038295833363969994}, {"l": "Nitrogen", "v": 0.0034309305583002997}]}, {"source": 21, "prod": 0.15997784810126581, "target": 3, "value": 0.0017546417120225598, "supply": [{"l": "Potash", "v": 0.00023331388907553999}, {"l": "Phosphate", "v": 0.00038295833363969994}, {"l": "Nitrogen", "v": 0.0034309305583002997}]}, {"source": 20, "prod": 0, "target": 21, "value": 0.0049941120571394219, "supply": [{"l": "Natural gas (including LNG)", "v": 0.0033329367050767607}, {"l": "Fuel oil", "v": 0.0010546856866763394}, {"l": "Liquefied petroleum gas (LPG)", "v": 0.00030324483269316083}, {"l": "Coal", "v": 0.00030324483269316083}]}, {"source": 22, "prod": 0, "target": 3, "value": 0.0032849217974204809, "supply": "[{\"l\":'Labor',\"v\":0.0032849217974204809}]"}, {"source": 22, "prod": 0, "target": 7, "value": 0.00074330347240901388, "supply": "[{\"l\":'Labor',\"v\":0.00074330347240901388}]"}, {"source": 22, "prod": 0, "target": 0, "value": 0.0035007195797327755, "supply": "[{\"l\":'Labor',\"v\":0.0035007195797327755}]"}, {"source": 22, "prod": 0, "target": 8, "value": 4.7955062736065418e-05, "supply": "[{\"l\":'Labor',\"v\":4.7955062736065418e-05}]"}, {"source": 20, "prod": 0, "target": 14, "value": 0.54729725797733386, "supply": "[{\"l\":'Fossil Fuels',\"v\":0.54729725797733386}]"}]}