{"nodes": [{"layer": 5, "name": "Maize"}, {"layer": 10, "name": "Feed", "fill": "#dbdb8d"}, {"layer": 5, "name": "Cereals, Other"}, {"layer": 5, "name": "Vegetables, Other"}, {"layer": 13, "name": "Milk - Excluding Butter"}, {"layer": 5, "name": "Barley"}, {"layer": 5, "name": "Sorghum"}, {"layer": 5, "name": "Pulses, Other"}, {"layer": 5, "name": "Fruits, Other"}, {"layer": 16, "name": "Food", "fill": "#b5cf6b"}, {"layer": 13, "name": "Sugar", "fill": "#d6616b"}, {"layer": 13, "name": "Beer"}, {"layer": 5, "name": "Infant food"}, {"layer": 5, "name": "Rice"}, {"layer": 5, "name": "Tomatoes"}, {"layer": 13, "name": "Fats, Animals, Raw"}, {"layer": 5, "name": "Coffee"}, {"layer": 5, "name": "Wheat"}, {"layer": 13, "name": "Soyabean Oil"}, {"layer": 13, "name": "Eggs"}, {"layer": 13, "name": "Marine Fish, Other"}, {"layer": 5, "name": "Grapes"}, {"layer": 13, "name": "Pigmeat"}, {"layer": 5, "name": "Potatoes"}, {"layer": 5, "name": "Beans"}, {"layer": 13, "name": "Fish, Seafood"}, {"layer": 13, "name": "Oilcrops Oil, Other"}, {"layer": 13, "name": "Mutton & Goat Meat"}, {"layer": 13, "name": "Pelagic Fish"}, {"layer": 5, "name": "Bananas"}, {"layer": 13, "name": "Bovine Meat"}, {"layer": 13, "name": "Poultry Meat"}, {"layer": 5, "name": "Oranges, Mandarines"}, {"layer": 5, "name": "Apples"}, {"layer": 10, "name": "Processing", "fill": "#9edae5"}, {"layer": 16, "name": "Biofuels & Other", "fill": "#e7ba52"}, {"name": "Waste", "fill": "#c7c7c7"}, {"layer": 2, "name": "Import", "fill": "#aec7e8"}, {"layer": 16, "name": "Export", "fill": "#aec7e8"}, {"layer": 5, "name": "Onions"}, {"layer": 13, "name": "Wine"}, {"layer": 0, "name": "Stock Draw", "fill": "#c7c7c7"}, {"layer": 16, "name": "Stock Deposit", "fill": "#c7c7c7"}, {"layer": 2, "name": "Electricity", "fill": "#bcbd22"}, {"layer": 0, "name": "Fossil Fuels", "fill": "#c49c94"}, {"layer": 2, "name": "Fertilizers", "fill": "#c5b0d5"}, {"layer": 0, "name": "Labor", "fill": "#7f7f7f"}], "links": [{"source": 0, "prod": 16.0, "target": 1, "value": 0.051122781264258073, "supply": [{"l": "Maize", "v": 0.051122781264258073}]}, {"source": 2, "prod": 1.0, "target": 1, "value": 0.0028779773956271186, "supply": [{"l": "Cereals, Other", "v": 0.0028779773956271186}]}, {"source": 3, "prod": 3.0, "target": 1, "value": 0.001066149750225269, "supply": [{"l": "Vegetables, Other", "v": 0.001066149750225269}]}, {"source": 4, "prod": 2.0, "target": 1, "value": 0.0014850133238305848, "supply": [{"l": "Milk - Excluding Butter", "v": 0.0014850133238305848}]}, {"source": 5, "prod": 9.0, "target": 1, "value": 0.026846862110829726, "supply": [{"l": "Barley", "v": 0.026846862110829726}]}, {"source": 6, "prod": 5.0, "target": 1, "value": 0.015975869145080649, "supply": [{"l": "Sorghum", "v": 0.015975869145080649}]}, {"source": 7, "prod": 15.0, "target": 1, "value": 0.061122866444311717, "supply": [{"l": "Pulses, Other", "v": 0.061122866444311717}]}, {"source": 8, "prod": 6.0, "target": 9, "value": 0.0027947241841825431, "supply": [{"l": "Fruits, Other", "v": 0.0027947241841825431}]}, {"source": 10, "prod": 15.0, "target": 9, "value": 0.06347091694643052, "supply": [{"l": "Sugar", "v": 0.06347091694643052}]}, {"source": 11, "prod": 5.0, "target": 9, "value": 0.0028038419144980182, "supply": [{"l": "Beer", "v": 0.0028038419144980182}]}, {"source": 12, "prod": 1.0, "target": 9, "value": 0.0043538632395384615, "supply": [{"l": "Infant food", "v": 0.0043538632395384615}]}, {"source": 13, "prod": 1.0, "target": 9, "value": 0.0042084216873556042, "supply": [{"l": "Rice", "v": 0.0042084216873556042}]}, {"source": 14, "prod": 4.0, "target": 9, "value": 0.00086696182669146623, "supply": [{"l": "Tomatoes", "v": 0.00086696182669146623}]}, {"source": 15, "prod": 2.0, "target": 9, "value": 0.016428277171936487, "supply": [{"l": "Fats, Animals, Raw", "v": 0.016428277171936487}]}, {"source": 16, "prod": 1.0, "target": 9, "value": 0.0004540124768502675, "supply": [{"l": "Coffee", "v": 0.0004540124768502675}]}, {"source": 17, "prod": 50.0, "target": 9, "value": 0.1606088956960128, "supply": [{"l": "Wheat", "v": 0.1606088956960128}]}, {"source": 18, "prod": 2.0, "target": 9, "value": 0.020605610815695851, "supply": [{"l": "Soyabean Oil", "v": 0.020605610815695851}]}, {"source": 19, "prod": 4.0, "target": 9, "value": 0.006584679305341584, "supply": [{"l": "Eggs", "v": 0.006584679305341584}]}, {"source": 3, "prod": 18.0, "target": 9, "value": 0.0063968985013516146, "supply": [{"l": "Vegetables, Other", "v": 0.0063968985013516146}]}, {"source": 20, "prod": 1.0, "target": 9, "value": 0.00081322158209770124, "supply": [{"l": "Marine Fish, Other", "v": 0.00081322158209770124}]}, {"source": 21, "prod": 1.0, "target": 9, "value": 0.00087655211238495579, "supply": [{"l": "Grapes", "v": 0.00087655211238495579}]}, {"source": 22, "prod": 2.0, "target": 9, "value": 0.0042233584102920919, "supply": [{"l": "Pigmeat", "v": 0.0042233584102920919}]}, {"source": 23, "prod": 5.0, "target": 9, "value": 0.0039371992617242843, "supply": [{"l": "Potatoes", "v": 0.0039371992617242843}]}, {"source": 4, "prod": 43.0, "target": 9, "value": 0.031927786462357576, "supply": [{"l": "Milk - Excluding Butter", "v": 0.031927786462357576}]}, {"source": 24, "prod": 2.0, "target": 9, "value": 0.0077623161756342866, "supply": [{"l": "Beans", "v": 0.0077623161756342866}]}, {"source": 7, "prod": 3.0, "target": 9, "value": 0.012224573288862344, "supply": [{"l": "Pulses, Other", "v": 0.012224573288862344}]}, {"source": 25, "prod": 3.0, "target": 9, "value": 0.0023462732810818837, "supply": [{"l": "Fish, Seafood", "v": 0.0023462732810818837}]}, {"source": 26, "prod": 2.0, "target": 9, "value": 0.020245464063853844, "supply": [{"l": "Oilcrops Oil, Other", "v": 0.020245464063853844}]}, {"source": 27, "prod": 1.0, "target": 9, "value": 0.0024142274835355455, "supply": [{"l": "Mutton & Goat Meat", "v": 0.0024142274835355455}]}, {"source": 28, "prod": 2.0, "target": 9, "value": 0.002083443758797546, "supply": [{"l": "Pelagic Fish", "v": 0.002083443758797546}]}, {"source": 29, "prod": 1.0, "target": 9, "value": 0.00076075567357526881, "supply": [{"l": "Bananas", "v": 0.00076075567357526881}]}, {"source": 30, "prod": 6.0, "target": 9, "value": 0.0088054525115433442, "supply": [{"l": "Bovine Meat", "v": 0.0088054525115433442}]}, {"source": 31, "prod": 1.0, "target": 9, "value": 0.0014113866128171353, "supply": [{"l": "Poultry Meat", "v": 0.0014113866128171353}]}, {"source": 32, "prod": 3.0, "target": 9, "value": 0.0012233477402161382, "supply": [{"l": "Oranges, Mandarines", "v": 0.0012233477402161382}]}, {"source": 33, "prod": 2.0, "target": 9, "value": 0.0011710390782206897, "supply": [{"l": "Apples", "v": 0.0011710390782206897}]}, {"source": 15, "prod": 1.0, "target": 34, "value": 0.0082141385859682437, "supply": [{"l": "Fats, Animals, Raw", "v": 0.0082141385859682437}]}, {"source": 5, "prod": 1.0, "target": 34, "value": 0.0029829846789810812, "supply": [{"l": "Barley", "v": 0.0029829846789810812}]}, {"source": 21, "prod": 4.0, "target": 34, "value": 0.0035062084495398231, "supply": [{"l": "Grapes", "v": 0.0035062084495398231}]}, {"source": 15, "prod": 1.0, "target": 35, "value": 0.0082141385859682437, "supply": [{"l": "Fats, Animals, Raw", "v": 0.0082141385859682437}]}, {"source": 17, "prod": 3.0, "target": 35, "value": 0.0096365337417607683, "supply": [{"l": "Wheat", "v": 0.0096365337417607683}]}, {"source": 18, "prod": 1.0, "target": 35, "value": 0.010302805407847926, "supply": [{"l": "Soyabean Oil", "v": 0.010302805407847926}]}, {"source": 23, "prod": 2.0, "target": 35, "value": 0.0015748797046897136, "supply": [{"l": "Potatoes", "v": 0.0015748797046897136}]}, {"source": 3, "prod": 2.0, "target": 35, "value": 0.00071076650015017946, "supply": [{"l": "Vegetables, Other", "v": 0.00071076650015017946}]}, {"source": 8, "prod": 1.0, "target": 35, "value": 0.00046578736403042392, "supply": [{"l": "Fruits, Other", "v": 0.00046578736403042392}]}, {"source": 10, "prod": 2.0, "target": 35, "value": 0.0084627889261907358, "supply": [{"l": "Sugar", "v": 0.0084627889261907358}]}, {"source": 4, "prod": 6.0, "target": 35, "value": 0.0044550399714917543, "supply": [{"l": "Milk - Excluding Butter", "v": 0.0044550399714917543}]}, {"source": 11, "prod": 1.0, "target": 35, "value": 0.00056076838289960363, "supply": [{"l": "Beer", "v": 0.00056076838289960363}]}, {"source": 7, "prod": 1.0, "target": 35, "value": 0.0040748577629541143, "supply": [{"l": "Pulses, Other", "v": 0.0040748577629541143}]}, {"source": 23, "prod": 3.0, "target": 23, "value": 0.0023623195570345703, "supply": [{"l": "Potatoes", "v": 0.0023623195570345703}]}, {"source": 4, "prod": 1.0, "target": 36, "value": 0.00074250666191529242, "supply": [{"l": "Milk - Excluding Butter", "v": 0.00074250666191529242}]}, {"source": 23, "prod": 1.0, "target": 36, "value": 0.00078743985234485682, "supply": [{"l": "Potatoes", "v": 0.00078743985234485682}]}, {"source": 3, "prod": 2.0, "target": 36, "value": 0.00071076650015017946, "supply": [{"l": "Vegetables, Other", "v": 0.00071076650015017946}]}, {"source": 17, "prod": 2.0, "target": 36, "value": 0.0064243558278405119, "supply": [{"l": "Wheat", "v": 0.0064243558278405119}]}, {"source": 14, "prod": 1.0, "target": 36, "value": 0.00021674045667286656, "supply": [{"l": "Tomatoes", "v": 0.00021674045667286656}]}, {"source": 37, "prod": 3.0, "target": 23, "value": 0.0023623195570345703, "supply": [{"l": "Potatoes", "v": 0.0023623195570345703}]}, {"source": 37, "prod": 1.0, "target": 12, "value": 0.0043538632395384615, "supply": [{"l": "Infant food", "v": 0.0043538632395384615}]}, {"source": 37, "prod": 1.0, "target": 13, "value": 0.0042084216873556042, "supply": [{"l": "Rice", "v": 0.0042084216873556042}]}, {"source": 37, "prod": 53.0, "target": 17, "value": 0.1702454294377736, "supply": [{"l": "Wheat", "v": 0.1702454294377736}]}, {"source": 37, "prod": 36.0, "target": 1, "value": 0.031448786400105566, "supply": [{"l": "Pigmeat", "v": 0.002111679205146046}, {"l": "Milk - Excluding Butter", "v": 0.020047679871712895}, {"l": "Fish, Seafood", "v": 0.0015641821873879221}, {"l": "Pelagic Fish", "v": 0.001041721879398773}, {"l": "Bovine Meat", "v": 0.0058703016743622298}, {"l": "Marine Fish, Other", "v": 0.00081322158209770124}]}, {"source": 37, "prod": 1.0, "target": 29, "value": 0.00076075567357526881, "supply": [{"l": "Bananas", "v": 0.00076075567357526881}]}, {"source": 37, "prod": 1.0, "target": 21, "value": 0.00087655211238495579, "supply": [{"l": "Grapes", "v": 0.00087655211238495579}]}, {"source": 37, "prod": 9.0, "target": 5, "value": 0.026846862110829726, "supply": [{"l": "Barley", "v": 0.026846862110829726}]}, {"source": 37, "prod": 28.0, "target": 34, "value": 0.16173658606814509, "supply": [{"l": "Fats, Animals, Raw", "v": 0.0082141385859682437}, {"l": "Sugar", "v": 0.080396494798811988}, {"l": "Beverages, Alcoholic", "v": 0.0033513289409605267}, {"l": "Oilcrops Oil, Other", "v": 0.020245464063853844}, {"l": "Butter, Ghee", "v": 0.0083179380471587842}, {"l": "Soyabean Oil", "v": 0.041211221631391702}]}, {"source": 37, "prod": 1.0, "target": 16, "value": 0.0004540124768502675, "supply": [{"l": "Coffee", "v": 0.0004540124768502675}]}, {"source": 37, "prod": 4.0, "target": 32, "value": 0.0016311303202881846, "supply": [{"l": "Oranges, Mandarines", "v": 0.0016311303202881846}]}, {"source": 37, "prod": 16.0, "target": 0, "value": 0.051122781264258073, "supply": [{"l": "Maize", "v": 0.051122781264258073}]}, {"source": 37, "prod": 2.0, "target": 8, "value": 0.00093157472806084784, "supply": [{"l": "Fruits, Other", "v": 0.00093157472806084784}]}, {"source": 37, "prod": 1.0, "target": 2, "value": 0.0028779773956271186, "supply": [{"l": "Cereals, Other", "v": 0.0028779773956271186}]}, {"source": 37, "prod": 5.0, "target": 6, "value": 0.015975869145080649, "supply": [{"l": "Sorghum", "v": 0.015975869145080649}]}, {"source": 37, "prod": 3.0, "target": 33, "value": 0.0017565586173310347, "supply": [{"l": "Apples", "v": 0.0017565586173310347}]}, {"source": 37, "prod": 2.0, "target": 3, "value": 0.00071076650015017946, "supply": [{"l": "Vegetables, Other", "v": 0.00071076650015017946}]}, {"source": 37, "prod": 14.0, "target": 7, "value": 0.0570480086813576, "supply": [{"l": "Pulses, Other", "v": 0.0570480086813576}]}, {"source": 23, "prod": 8.0, "target": 38, "value": 0.0062995188187588546, "supply": [{"l": "Potatoes", "v": 0.0062995188187588546}]}, {"source": 39, "prod": 1.0, "target": 38, "value": 0.00070750277642499997, "supply": [{"l": "Onions", "v": 0.00070750277642499997}]}, {"source": 18, "prod": 2.0, "target": 38, "value": 0.020605610815695851, "supply": [{"l": "Soyabean Oil", "v": 0.020605610815695851}]}, {"source": 14, "prod": 1.0, "target": 38, "value": 0.00021674045667286656, "supply": [{"l": "Tomatoes", "v": 0.00021674045667286656}]}, {"source": 40, "prod": 11.0, "target": 38, "value": 0.022235801544785719, "supply": [{"l": "Wine", "v": 0.022235801544785719}]}, {"source": 41, "prod": 1.0, "target": 34, "value": 0.010302805407847926, "supply": [{"l": "Soyabean Oil", "v": 0.010302805407847926}]}, {"source": 41, "prod": 3.0, "target": 7, "value": 0.012224573288862344, "supply": [{"l": "Pulses, Other", "v": 0.012224573288862344}]}, {"source": 10, "prod": 2.0, "target": 42, "value": 0.0084627889261907358, "supply": [{"l": "Sugar", "v": 0.0084627889261907358}]}, {"source": 39, "prod": 1.0, "target": 42, "value": 0.00070750277642499997, "supply": [{"l": "Onions", "v": 0.00070750277642499997}]}, {"source": 1, "prod": 1.0, "target": 31, "value": 0.0014113866128171353, "supply": [{"l": "Poultry Meat", "v": 0.0014113866128171353}]}, {"source": 1, "prod": 2.0, "target": 22, "value": 0.0042233584102920919, "supply": [{"l": "Pigmeat", "v": 0.0042233584102920919}]}, {"source": 1, "prod": 2.0, "target": 28, "value": 0.002083443758797546, "supply": [{"l": "Pelagic Fish", "v": 0.002083443758797546}]}, {"source": 1, "prod": 6.0, "target": 30, "value": 0.0088054525115433442, "supply": [{"l": "Bovine Meat", "v": 0.0088054525115433442}]}, {"source": 1, "prod": 4.0, "target": 19, "value": 0.006584679305341584, "supply": [{"l": "Eggs", "v": 0.006584679305341584}]}, {"source": 1, "prod": 52.0, "target": 4, "value": 0.03861034641959521, "supply": [{"l": "Milk - Excluding Butter", "v": 0.03861034641959521}]}, {"source": 1, "prod": 1.0, "target": 20, "value": 0.00081322158209770124, "supply": [{"l": "Marine Fish, Other", "v": 0.00081322158209770124}]}, {"source": 1, "prod": 3.0, "target": 25, "value": 0.0023462732810818837, "supply": [{"l": "Fish, Seafood", "v": 0.0023462732810818837}]}, {"source": 1, "prod": 1.0, "target": 27, "value": 0.0024142274835355455, "supply": [{"l": "Mutton & Goat Meat", "v": 0.0024142274835355455}]}, {"source": 34, "prod": 4.0, "target": 15, "value": 0.032856554343872975, "supply": [{"l": "Fats, Animals, Raw", "v": 0.032856554343872975}]}, {"source": 34, "prod": 5.0, "target": 18, "value": 0.051514027039239629, "supply": [{"l": "Soyabean Oil", "v": 0.051514027039239629}]}, {"source": 34, "prod": 19.0, "target": 10, "value": 0.080396494798811988, "supply": [{"l": "Sugar", "v": 0.080396494798811988}]}, {"source": 34, "prod": 6.0, "target": 11, "value": 0.0033646102973976218, "supply": [{"l": "Beer", "v": 0.0033646102973976218}]}, {"source": 34, "prod": 2.0, "target": 26, "value": 0.020245464063853844, "supply": [{"l": "Oilcrops Oil, Other", "v": 0.020245464063853844}]}, {"source": 34, "prod": 11.0, "target": 40, "value": 0.022235801544785719, "supply": [{"l": "Wine", "v": 0.022235801544785719}]}, {"source": 43, "prod": 0, "target": 17, "value": 1.1916256154715609e-05, "supply": "[{\"l\":'Energy for power irrigation',\"v\":1.1916256154715609e-05}]"}, {"source": 43, "prod": 0, "target": 23, "value": 7.3962969236165847e-06, "supply": "[{\"l\":'Energy for power irrigation',\"v\":7.3962969236165847e-06}]"}, {"source": 43, "prod": 0, "target": 3, "value": 9.6562765391660971e-06, "supply": "[{\"l\":'Energy for power irrigation',\"v\":9.6562765391660971e-06}]"}, {"source": 43, "prod": 0, "target": 8, "value": 2.465432307872195e-06, "supply": "[{\"l\":'Energy for power irrigation',\"v\":2.465432307872195e-06}]"}, {"source": 43, "prod": 0, "target": 24, "value": 6.1635807696804876e-07, "supply": "[{\"l\":'Energy for power irrigation',\"v\":6.1635807696804876e-07}]"}, {"source": 43, "prod": 0, "target": 5, "value": 2.465432307872195e-06, "supply": "[{\"l\":'Energy for power irrigation',\"v\":2.465432307872195e-06}]"}, {"source": 43, "prod": 0, "target": 21, "value": 1.8490742309041462e-06, "supply": "[{\"l\":'Energy for power irrigation',\"v\":1.8490742309041462e-06}]"}, {"source": 43, "prod": 0, "target": 39, "value": 8.2181076929073179e-07, "supply": "[{\"l\":'Energy for power irrigation',\"v\":8.2181076929073179e-07}]"}, {"source": 43, "prod": 0, "target": 14, "value": 2.465432307872195e-06, "supply": "[{\"l\":'Energy for power irrigation',\"v\":2.465432307872195e-06}]"}, {"source": 43, "prod": 0, "target": 7, "value": 4.519959231099024e-06, "supply": "[{\"l\":'Energy for power irrigation',\"v\":4.519959231099024e-06}]"}, {"source": 43, "prod": 0, "target": 34, "value": 1.373503634981707e-05, "supply": "[{\"l\":'Electricity',\"v\":1.373503634981707e-05}]"}, {"source": 44, "prod": 0, "target": 43, "value": 0.00016914841752946599, "supply": [{"l": "Coal", "v": 0.0}, {"l": "Natural gas", "v": 0.0}, {"l": "Oil", "v": 0.00016914841752946599}]}, {"source": 44, "prod": 0, "target": 17, "value": 0.002816169830617886, "supply": [{"l": "Gas-Diesel oil", "v": 0.002816169830617886}]}, {"source": 44, "prod": 0, "target": 23, "value": 0.0017479674810731705, "supply": [{"l": "Gas-Diesel oil", "v": 0.0017479674810731705}]}, {"source": 44, "prod": 0, "target": 3, "value": 0.0022820686558455284, "supply": [{"l": "Gas-Diesel oil", "v": 0.0022820686558455284}]}, {"source": 44, "prod": 0, "target": 8, "value": 0.00058265582702439023, "supply": [{"l": "Gas-Diesel oil", "v": 0.00058265582702439023}]}, {"source": 44, "prod": 0, "target": 24, "value": 0.00014566395675609756, "supply": [{"l": "Gas-Diesel oil", "v": 0.00014566395675609756}]}, {"source": 44, "prod": 0, "target": 5, "value": 0.00058265582702439023, "supply": [{"l": "Gas-Diesel oil", "v": 0.00058265582702439023}]}, {"source": 44, "prod": 0, "target": 21, "value": 0.00043699187026829261, "supply": [{"l": "Gas-Diesel oil", "v": 0.00043699187026829261}]}, {"source": 44, "prod": 0, "target": 39, "value": 0.0001942186090081301, "supply": [{"l": "Gas-Diesel oil", "v": 0.0001942186090081301}]}, {"source": 44, "prod": 0, "target": 14, "value": 0.00058265582702439023, "supply": [{"l": "Gas-Diesel oil", "v": 0.00058265582702439023}]}, {"source": 44, "prod": 0, "target": 7, "value": 0.0010682023495447153, "supply": [{"l": "Gas-Diesel oil", "v": 0.0010682023495447153}]}, {"source": 45, "prod": 0.087943089430894308, "target": 17, "value": 0.0014379160128937835, "supply": [{"l": "Potash", "v": 5.8969444491619995e-05}, {"l": "Phosphate", "v": 0.0001136250000909}, {"l": "Nitrogen", "v": 0.0059261527825186996}]}, {"source": 45, "prod": 0.054585365853658536, "target": 23, "value": 0.00089249959420993456, "supply": [{"l": "Potash", "v": 5.8969444491619995e-05}, {"l": "Phosphate", "v": 0.0001136250000909}, {"l": "Nitrogen", "v": 0.0059261527825186996}]}, {"source": 45, "prod": 0.071264227642276426, "target": 3, "value": 0.0011652078035518591, "supply": [{"l": "Potash", "v": 5.8969444491619995e-05}, {"l": "Phosphate", "v": 0.0001136250000909}, {"l": "Nitrogen", "v": 0.0059261527825186996}]}, {"source": 45, "prod": 0.018195121951219511, "target": 8, "value": 0.00029749986473664487, "supply": [{"l": "Potash", "v": 5.8969444491619995e-05}, {"l": "Phosphate", "v": 0.0001136250000909}, {"l": "Nitrogen", "v": 0.0059261527825186996}]}, {"source": 45, "prod": 0.0045487804878048778, "target": 24, "value": 7.4374966184161218e-05, "supply": [{"l": "Potash", "v": 5.8969444491619995e-05}, {"l": "Phosphate", "v": 0.0001136250000909}, {"l": "Nitrogen", "v": 0.0059261527825186996}]}, {"source": 45, "prod": 0.018195121951219511, "target": 5, "value": 0.00029749986473664487, "supply": [{"l": "Potash", "v": 5.8969444491619995e-05}, {"l": "Phosphate", "v": 0.0001136250000909}, {"l": "Nitrogen", "v": 0.0059261527825186996}]}, {"source": 45, "prod": 0.013646341463414634, "target": 21, "value": 0.00022312489855248364, "supply": [{"l": "Potash", "v": 5.8969444491619995e-05}, {"l": "Phosphate", "v": 0.0001136250000909}, {"l": "Nitrogen", "v": 0.0059261527825186996}]}, {"source": 45, "prod": 0.0060650406504065045, "target": 39, "value": 9.9166621578881633e-05, "supply": [{"l": "Potash", "v": 5.8969444491619995e-05}, {"l": "Phosphate", "v": 0.0001136250000909}, {"l": "Nitrogen", "v": 0.0059261527825186996}]}, {"source": 45, "prod": 0.018195121951219511, "target": 14, "value": 0.00029749986473664487, "supply": [{"l": "Potash", "v": 5.8969444491619995e-05}, {"l": "Phosphate", "v": 0.0001136250000909}, {"l": "Nitrogen", "v": 0.0059261527825186996}]}, {"source": 45, "prod": 0.033357723577235772, "target": 7, "value": 0.00054541641868384894, "supply": [{"l": "Potash", "v": 5.8969444491619995e-05}, {"l": "Phosphate", "v": 0.0001136250000909}, {"l": "Nitrogen", "v": 0.0059261527825186996}]}, {"source": 44, "prod": 0, "target": 45, "value": 0.0072431498897036258, "supply": [{"l": "Natural gas (including LNG)", "v": 0.0049107341875315822}, {"l": "Fuel oil", "v": 0.0012848426437774879}, {"l": "Liquefied petroleum gas (LPG)", "v": 0.00052378652919727784}, {"l": "Coal", "v": 0.00052378652919727784}]}, {"source": 46, "prod": 0, "target": 0, "value": 0.00046638500942851975, "supply": "[{\"l\":'Labor',\"v\":0.00046638500942851975}]"}, {"source": 46, "prod": 0, "target": 8, "value": 0.00034978875707138976, "supply": "[{\"l\":'Labor',\"v\":0.00034978875707138976}]"}, {"source": 46, "prod": 0, "target": 12, "value": 2.9149063089282484e-05, "supply": "[{\"l\":'Labor',\"v\":2.9149063089282484e-05}]"}, {"source": 46, "prod": 0, "target": 5, "value": 0.00034978875707138976, "supply": "[{\"l\":'Labor',\"v\":0.00034978875707138976}]"}, {"source": 46, "prod": 0, "target": 13, "value": 2.9149063089282484e-05, "supply": "[{\"l\":'Labor',\"v\":2.9149063089282484e-05}]"}, {"source": 46, "prod": 0, "target": 14, "value": 0.00034978875707138976, "supply": "[{\"l\":'Labor',\"v\":0.00034978875707138976}]"}, {"source": 46, "prod": 0, "target": 16, "value": 2.9149063089282484e-05, "supply": "[{\"l\":'Labor',\"v\":2.9149063089282484e-05}]"}, {"source": 46, "prod": 0, "target": 17, "value": 0.0016906456591783839, "supply": "[{\"l\":'Labor',\"v\":0.0016906456591783839}]"}, {"source": 46, "prod": 0, "target": 3, "value": 0.0013700059651962767, "supply": "[{\"l\":'Labor',\"v\":0.0013700059651962767}]"}, {"source": 46, "prod": 0, "target": 21, "value": 0.00026234156780354228, "supply": "[{\"l\":'Labor',\"v\":0.00026234156780354228}]"}, {"source": 46, "prod": 0, "target": 2, "value": 2.9149063089282484e-05, "supply": "[{\"l\":'Labor',\"v\":2.9149063089282484e-05}]"}, {"source": 46, "prod": 0, "target": 23, "value": 0.0010493662712141691, "supply": "[{\"l\":'Labor',\"v\":0.0010493662712141691}]"}, {"source": 46, "prod": 0, "target": 24, "value": 8.7447189267847439e-05, "supply": "[{\"l\":'Labor',\"v\":8.7447189267847439e-05}]"}, {"source": 46, "prod": 0, "target": 7, "value": 0.0006412793879642146, "supply": "[{\"l\":'Labor',\"v\":0.0006412793879642146}]"}, {"source": 46, "prod": 0, "target": 6, "value": 0.00014574531544641239, "supply": "[{\"l\":'Labor',\"v\":0.00014574531544641239}]"}, {"source": 46, "prod": 0, "target": 29, "value": 2.9149063089282484e-05, "supply": "[{\"l\":'Labor',\"v\":2.9149063089282484e-05}]"}, {"source": 46, "prod": 0, "target": 32, "value": 8.7447189267847439e-05, "supply": "[{\"l\":'Labor',\"v\":8.7447189267847439e-05}]"}, {"source": 46, "prod": 0, "target": 39, "value": 0.00011659625235712994, "supply": "[{\"l\":'Labor',\"v\":0.00011659625235712994}]"}, {"source": 46, "prod": 0, "target": 33, "value": 5.8298126178564968e-05, "supply": "[{\"l\":'Labor',\"v\":5.8298126178564968e-05}]"}, {"source": 44, "prod": 0, "target": 37, "value": 0.63554928896547991, "supply": "[{\"l\":'Fossil Fuels',\"v\":0.63554928896547991}]"}]}