{"nodes": [{"layer": 5, "name": "Fruits & Vegetables"}, {"layer": 10, "name": "Feed", "fill": "#dbdb8d"}, {"layer": 5, "name": "Cereals", "fill": "#e7ba52"}, {"layer": 13, "name": "Other Processed", "fill": "#9c9ede"}, {"layer": 16, "name": "Food", "fill": "#b5cf6b"}, {"layer": 13, "name": "Animal Products", "fill": "#17becf"}, {"layer": 5, "name": "Oilcrops", "fill": "#ff9896"}, {"layer": 5, "name": "Sugar Crops", "fill": "#ffbb78"}, {"layer": 13, "name": "Sugar", "fill": "#d6616b"}, {"layer": 5, "name": "Starchy Roots"}, {"layer": 5, "name": "Others"}, {"layer": 13, "name": "Aquatic Products", "fill": "#1f77b4"}, {"layer": 13, "name": "Vegetable Oils", "fill": "#f7b6d2"}, {"layer": 10, "name": "Processing", "fill": "#9edae5"}, {"layer": 16, "name": "Biofuels & Other", "fill": "#e7ba52"}, {"name": "Seed", "fill": "#dbdb8d"}, {"name": "Waste", "fill": "#c7c7c7"}, {"layer": 0, "name": "Import", "fill": "#aec7e8"}, {"layer": 16, "name": "Export", "fill": "#aec7e8"}, {"layer": 0, "name": "Stock Draw", "fill": "#c7c7c7"}, {"layer": 16, "name": "Stock Deposit", "fill": "#c7c7c7"}, {"layer": 0, "name": "Production", "fill": "#b5cf6b"}], "links": [{"source": 0, "prod": 0.21063059756164124, "target": 1, "value": 50.0, "supply": [{"l": "Pulses, Other", "v": 50.0}]}, {"source": 2, "prod": 10.06441661389537, "target": 1, "value": 2557.0, "supply": [{"l": "Maize", "v": 67.0}, {"l": "Rice", "v": 2420.0}, {"l": "Millet", "v": 70.0}]}, {"source": 3, "prod": 0.19869802000247566, "target": 4, "value": 31.0, "supply": [{"l": "Beverages, Alcoholic", "v": 13.0}, {"l": "Butter, Ghee", "v": 8.0}, {"l": "Fats, Animals, Raw", "v": 10.0}]}, {"source": 5, "prod": 1.1180645263166875, "target": 4, "value": 777.0, "supply": [{"l": "Eggs", "v": 40.0}, {"l": "Mutton & Goat Meat", "v": 4.0}, {"l": "Pigmeat", "v": 79.0}, {"l": "Milk - Excluding Butter", "v": 435.0}, {"l": "Poultry Meat", "v": 89.0}, {"l": "Offals, Edible", "v": 27.0}, {"l": "Bovine Meat", "v": 103.0}]}, {"source": 2, "prod": 17.584538979215438, "target": 4, "value": 4492.0, "supply": [{"l": "Maize", "v": 134.0}, {"l": "Rice", "v": 4219.0}, {"l": "Cereals, Other", "v": 13.0}, {"l": "Wheat", "v": 118.0}, {"l": "Millet", "v": 8.0}]}, {"source": 6, "prod": 0.69747078772750681, "target": 4, "value": 188.0, "supply": [{"l": "Sunflower seed", "v": 4.0}, {"l": "Coconuts - Incl Copra", "v": 110.0}, {"l": "Sesame seed", "v": 18.0}, {"l": "Soyabeans", "v": 2.0}, {"l": "Groundnuts", "v": 54.0}]}, {"source": 7, "prod": 0.015080980234322371, "target": 4, "value": 27.0, "supply": [{"l": "Sugar cane", "v": 27.0}]}, {"source": 8, "prod": 0.81137568757376921, "target": 4, "value": 194.0, "supply": [{"l": "Sugar", "v": 48.0}, {"l": "Sugar non-centrifugal", "v": 139.0}, {"l": "Sweeteners, Other", "v": 7.0}]}, {"source": 9, "prod": 0.16858450772332326, "target": 4, "value": 180.0, "supply": [{"l": "Potatoes", "v": 102.0}, {"l": "Sweet potatoes", "v": 22.0}, {"l": "Cassava", "v": 56.0}]}, {"source": 0, "prod": 2.1450687386952287, "target": 4, "value": 2500.0, "supply": [{"l": "Plantains", "v": 157.0}, {"l": "Treenuts", "v": 24.0}, {"l": "Vegetables, Other", "v": 1285.0}, {"l": "Peas", "v": 18.0}, {"l": "Beans", "v": 139.0}, {"l": "Pulses, Other", "v": 142.0}, {"l": "Fruits, Other", "v": 603.0}, {"l": "Onions", "v": 132.0}]}, {"source": 10, "prod": 0.16593714281389496, "target": 4, "value": 67.0, "supply": [{"l": "Nuts", "v": 24.0}, {"l": "Coffee", "v": 1.0}, {"l": "Pimento", "v": 28.0}, {"l": "Tea", "v": 14.0}]}, {"source": 11, "prod": 0.67481280830483503, "target": 4, "value": 1000.0, "supply": [{"l": "Freshwater Fish", "v": 58.0}, {"l": "Marine Fish, Other", "v": 442.0}, {"l": "Fish, Seafood", "v": 500.0}]}, {"source": 12, "prod": 2.4965486560633079, "target": 4, "value": 243.0, "supply": [{"l": "Groundnut Oil", "v": 105.0}, {"l": "Soyabean Oil", "v": 3.0}, {"l": "Palm Oil", "v": 32.0}, {"l": "Sunflowerseed Oil", "v": 24.0}, {"l": "Coconut Oil", "v": 1.0}, {"l": "Sesameseed Oil", "v": 67.0}, {"l": "Cottonseed Oil", "v": 9.0}, {"l": "Palmkernel Oil", "v": 2.0}]}, {"source": 7, "prod": 1.3472342342661319, "target": 13, "value": 2412.0, "supply": [{"l": "Sugar cane", "v": 2412.0}]}, {"source": 2, "prod": 3.8439497947737928, "target": 13, "value": 975.0, "supply": [{"l": "Barley", "v": 1.0}, {"l": "Rice", "v": 974.0}]}, {"source": 6, "prod": 3.6664337516764798, "target": 13, "value": 596.0, "supply": [{"l": "Sunflower seed", "v": 64.0}, {"l": "Cottonseed", "v": 56.0}, {"l": "Rape and Mustardseed", "v": 6.0}, {"l": "Groundnuts", "v": 307.0}, {"l": "Soyabeans", "v": 15.0}, {"l": "Sesame seed", "v": 148.0}]}, {"source": 8, "prod": 0.30321547561071432, "target": 13, "value": 75.0, "supply": [{"l": "Sweeteners, Other", "v": 75.0}]}, {"source": 11, "prod": 0.11177521464658896, "target": 14, "value": 152.0, "supply": [{"l": "Fish, Seafood", "v": 76.0}, {"l": "Freshwater Fish", "v": 76.0}]}, {"source": 3, "prod": 1.3381909656952859, "target": 14, "value": 372.0, "supply": [{"l": "Fats, Animals, Raw", "v": 4.0}, {"l": "Alcohol, Non-Food", "v": 368.0}]}, {"source": 12, "prod": 0.16330490256622882, "target": 14, "value": 16.0, "supply": [{"l": "Ricebran Oil", "v": 12.0}, {"l": "Coconut Oil", "v": 2.0}, {"l": "Rape and Mustard Oil", "v": 2.0}]}, {"source": 2, "prod": 1.5770734718461736, "target": 14, "value": 400.0, "supply": [{"l": "Rice", "v": 400.0}]}, {"source": 5, "prod": 0.0092618545277454549, "target": 5, "value": 6.0, "supply": [{"l": "Eggs", "v": 6.0}]}, {"source": 2, "prod": 1.376239921734818, "target": 15, "value": 351.0, "supply": [{"l": "Maize", "v": 6.0}, {"l": "Wheat", "v": 7.0}, {"l": "Cereals, Other", "v": 1.0}, {"l": "Millet", "v": 5.0}, {"l": "Rice", "v": 332.0}]}, {"source": 6, "prod": 0.33005647704568458, "target": 15, "value": 53.0, "supply": [{"l": "Sunflower seed", "v": 3.0}, {"l": "Soyabeans", "v": 2.0}, {"l": "Sesame seed", "v": 14.0}, {"l": "Cottonseed", "v": 6.0}, {"l": "Groundnuts", "v": 28.0}]}, {"source": 7, "prod": 0.089368771758947377, "target": 15, "value": 160.0, "supply": [{"l": "Sugar cane", "v": 160.0}]}, {"source": 9, "prod": 0.0067500264888604245, "target": 15, "value": 9.0, "supply": [{"l": "Potatoes", "v": 9.0}]}, {"source": 0, "prod": 0.10979776016894835, "target": 15, "value": 27.0, "supply": [{"l": "Peas", "v": 1.0}, {"l": "Beans", "v": 16.0}, {"l": "Pulses, Other", "v": 10.0}]}, {"source": 5, "prod": 0.040286867485624399, "target": 16, "value": 39.0, "supply": [{"l": "Pigmeat", "v": 2.0}, {"l": "Milk - Excluding Butter", "v": 31.0}, {"l": "Bovine Meat", "v": 2.0}, {"l": "Eggs", "v": 2.0}, {"l": "Poultry Meat", "v": 2.0}]}, {"source": 2, "prod": 1.2184329131104743, "target": 16, "value": 311.0, "supply": [{"l": "Maize", "v": 12.0}, {"l": "Rice", "v": 288.0}, {"l": "Cereals, Other", "v": 1.0}, {"l": "Wheat", "v": 6.0}, {"l": "Millet", "v": 4.0}]}, {"source": 6, "prod": 0.094290402806961979, "target": 16, "value": 17.0, "supply": [{"l": "Cottonseed", "v": 2.0}, {"l": "Coconuts - Incl Copra", "v": 3.0}, {"l": "Groundnuts", "v": 12.0}]}, {"source": 7, "prod": 0.076522010818598704, "target": 16, "value": 137.0, "supply": [{"l": "Sugar cane", "v": 137.0}]}, {"source": 9, "prod": 0.018360841283488256, "target": 16, "value": 20.0, "supply": [{"l": "Potatoes", "v": 12.0}, {"l": "Sweet potatoes", "v": 2.0}, {"l": "Cassava", "v": 6.0}]}, {"source": 0, "prod": 0.15583300329539088, "target": 16, "value": 227.0, "supply": [{"l": "Fruits, Other", "v": 32.0}, {"l": "Plantains", "v": 28.0}, {"l": "Beans", "v": 14.0}, {"l": "Pulses, Other", "v": 3.0}, {"l": "Treenuts", "v": 1.0}, {"l": "Vegetables, Other", "v": 141.0}, {"l": "Peas", "v": 1.0}, {"l": "Onions", "v": 7.0}]}, {"source": 10, "prod": 0.0058381347984720281, "target": 16, "value": 2.0, "supply": [{"l": "Pimento", "v": 1.0}, {"l": "Nuts", "v": 1.0}]}, {"source": 17, "prod": 0.41792261389082064, "target": 13, "value": 41.0, "supply": [{"l": "Fats, Animals, Raw", "v": 4.0}, {"l": "Palm Oil", "v": 32.0}, {"l": "Palmkernel Oil", "v": 2.0}, {"l": "Coconut Oil", "v": 3.0}]}, {"source": 17, "prod": 0.025652050295734075, "target": 2, "value": 8.0, "supply": [{"l": "Wheat", "v": 7.0}, {"l": "Barley", "v": 1.0}]}, {"source": 17, "prod": 0.0018093513626606559, "target": 6, "value": 1.0, "supply": [{"l": "Coconuts - Incl Copra", "v": 1.0}]}, {"source": 17, "prod": 0.026795786216760799, "target": 1, "value": 40.0, "supply": [{"l": "Milk - Excluding Butter", "v": 40.0}]}, {"source": 11, "prod": 0.011638796593658372, "target": 18, "value": 18.0, "supply": [{"l": "Fish, Seafood", "v": 9.0}, {"l": "Crustaceans", "v": 3.0}, {"l": "Marine Fish, Other", "v": 6.0}]}, {"source": 0, "prod": 0.41281408752236887, "target": 18, "value": 104.0, "supply": [{"l": "Beans", "v": 104.0}]}, {"source": 2, "prod": 3.0009891068418484, "target": 18, "value": 762.0, "supply": [{"l": "Maize", "v": 20.0}, {"l": "Rice", "v": 742.0}]}, {"source": 19, "prod": 0.004149264403093985, "target": 13, "value": 1.0, "supply": [{"l": "Sugar", "v": 1.0}]}, {"source": 12, "prod": 0.30634140834896906, "target": 20, "value": 30.0, "supply": [{"l": "Groundnut Oil", "v": 30.0}]}, {"source": 8, "prod": 0.25204786410140628, "target": 20, "value": 60.0, "supply": [{"l": "Sugar non-centrifugal", "v": 60.0}]}, {"source": 2, "prod": 0.8358489400784721, "target": 20, "value": 212.0, "supply": [{"l": "Rice", "v": 212.0}]}, {"source": 21, "prod": 39.475837691200653, "target": 2, "value": 10052.0, "supply": [{"l": "Maize", "v": 239.0}, {"l": "Rice", "v": 9587.0}, {"l": "Cereals, Other", "v": 15.0}, {"l": "Wheat", "v": 124.0}, {"l": "Millet", "v": 87.0}]}, {"source": 21, "prod": 4.791819088994802, "target": 6, "value": 854.0, "supply": [{"l": "Sunflower seed", "v": 71.0}, {"l": "Coconuts - Incl Copra", "v": 112.0}, {"l": "Sesame seed", "v": 180.0}, {"l": "Soyabeans", "v": 19.0}, {"l": "Cottonseed", "v": 64.0}, {"l": "Groundnuts", "v": 401.0}, {"l": "Rape and Mustardseed", "v": 7.0}]}, {"source": 21, "prod": 1.528205997078, "target": 7, "value": 2736.0, "supply": [{"l": "Sugar cane", "v": 2736.0}]}, {"source": 21, "prod": 0.19553384424876327, "target": 9, "value": 211.0, "supply": [{"l": "Potatoes", "v": 124.0}, {"l": "Sweet potatoes", "v": 24.0}, {"l": "Cassava", "v": 63.0}]}, {"source": 21, "prod": 3.0383567991948102, "target": 0, "value": 2909.0, "supply": [{"l": "Plantains", "v": 185.0}, {"l": "Treenuts", "v": 25.0}, {"l": "Vegetables, Other", "v": 1426.0}, {"l": "Peas", "v": 20.0}, {"l": "Beans", "v": 273.0}, {"l": "Pulses, Other", "v": 206.0}, {"l": "Fruits, Other", "v": 635.0}, {"l": "Onions", "v": 139.0}]}, {"source": 21, "prod": 0.17177527761236699, "target": 10, "value": 69.0, "supply": [{"l": "Nuts", "v": 25.0}, {"l": "Coffee", "v": 1.0}, {"l": "Pimento", "v": 29.0}, {"l": "Tea", "v": 14.0}]}, {"source": 1, "prod": 0.79822681954508234, "target": 11, "value": 1170.0, "supply": [{"l": "Crustaceans", "v": 3.0}, {"l": "Freshwater Fish", "v": 134.0}, {"l": "Marine Fish, Other", "v": 448.0}, {"l": "Fish, Seafood", "v": 585.0}]}, {"source": 1, "prod": 1.158351393802312, "target": 5, "value": 816.0, "supply": [{"l": "Poultry Meat", "v": 91.0}, {"l": "Pigmeat", "v": 81.0}, {"l": "Bovine Meat", "v": 105.0}, {"l": "Eggs", "v": 48.0}, {"l": "Milk - Excluding Butter", "v": 466.0}, {"l": "Offals, Edible", "v": 27.0}, {"l": "Mutton & Goat Meat", "v": 4.0}]}, {"source": 13, "prod": 1.5368889856977617, "target": 3, "value": 403.0, "supply": [{"l": "Fats, Animals, Raw", "v": 14.0}, {"l": "Beverages, Alcoholic", "v": 13.0}, {"l": "Butter, Ghee", "v": 8.0}, {"l": "Alcohol, Non-Food", "v": 368.0}]}, {"source": 13, "prod": 2.9661949669785059, "target": 12, "value": 289.0, "supply": [{"l": "Ricebran Oil", "v": 12.0}, {"l": "Sesameseed Oil", "v": 67.0}, {"l": "Soyabean Oil", "v": 3.0}, {"l": "Coconut Oil", "v": 3.0}, {"l": "Rape and Mustard Oil", "v": 2.0}, {"l": "Cottonseed Oil", "v": 9.0}, {"l": "Groundnut Oil", "v": 135.0}, {"l": "Palm Oil", "v": 32.0}, {"l": "Palmkernel Oil", "v": 2.0}, {"l": "Sunflowerseed Oil", "v": 24.0}]}, {"source": 13, "prod": 1.3666390272858899, "target": 8, "value": 329.0, "supply": [{"l": "Sweeteners, Other", "v": 82.0}, {"l": "Sugar non-centrifugal", "v": 199.0}, {"l": "Sugar", "v": 48.0}]}]}