{"nodes": [{"layer": 5, "name": "Cereals - Excluding Beer"}, {"layer": 10, "name": "Feed", "fill": "#dbdb8d"}, {"layer": 5, "name": "Pulses"}, {"layer": 13, "name": "Milk - Excluding Butter"}, {"layer": 16, "name": "Food", "fill": "#b5cf6b"}, {"layer": 13, "name": "Fish, Seafood"}, {"layer": 5, "name": "Oilcrops", "fill": "#ff9896"}, {"layer": 5, "name": "Treenuts"}, {"layer": 13, "name": "Eggs"}, {"layer": 13, "name": "Alcoholic Beverages"}, {"layer": 5, "name": "Sugar Crops", "fill": "#ffbb78"}, {"layer": 13, "name": "Animal Fats"}, {"layer": 5, "name": "Starchy Roots"}, {"layer": 13, "name": "Sugar & Sweeteners"}, {"layer": 5, "name": "Others"}, {"layer": 13, "name": "Vegetable Oils", "fill": "#f7b6d2"}, {"layer": 5, "name": "Spices"}, {"layer": 5, "name": "Stimulants"}, {"layer": 5, "name": "Vegetables"}, {"layer": 5, "name": "Fruits - Excluding Wine"}, {"layer": 13, "name": "Meat"}, {"layer": 10, "name": "Processing", "fill": "#9edae5"}, {"layer": 16, "name": "Biofuels & Other", "fill": "#e7ba52"}, {"name": "Waste", "fill": "#c7c7c7"}, {"layer": 2, "name": "Import", "fill": "#aec7e8"}, {"layer": 16, "name": "Export", "fill": "#aec7e8"}, {"layer": 16, "name": "Stock Deposit", "fill": "#c7c7c7"}, {"layer": 0, "name": "Stock Draw", "fill": "#c7c7c7"}, {"name": "Crop Residue", "fill": "#bd9e39"}, {"layer": 2, "name": "Electricity", "fill": "#bcbd22"}, {"layer": 0, "name": "Fossil Fuels", "fill": "#c49c94"}, {"layer": 0, "name": "Renewables & Nuclear", "fill": "#2ca02c"}, {"layer": 2, "name": "Fertilizers", "fill": "#c5b0d5"}, {"layer": 0, "name": "Labor", "fill": "#7f7f7f"}], "links": [{"source": 0, "prod": 991.0, "target": 1, "value": 3.9033695682395146, "supply": [{"l": "Maize", "v": 0.011577318159681819}, {"l": "Rice", "v": 3.7605826442701056}, {"l": "Millet", "v": 0.13120960580972729}]}, {"source": 2, "prod": 25.0, "target": 1, "value": 0.10215280729131018, "supply": [{"l": "Pulses, Other", "v": 0.10215280729131018}]}, {"source": 3, "prod": 277.0, "target": 4, "value": 0.19047563948461396, "supply": [{"l": "Milk - Excluding Butter", "v": 0.19047563948461396}]}, {"source": 5, "prod": 755.0, "target": 4, "value": 0.54621519600509849, "supply": [{"l": "Marine Fish, Other", "v": 0.21621505081875292}, {"l": "Freshwater Fish", "v": 0.051013075725064382}, {"l": "Fish, Seafood", "v": 0.27898706946128127}]}, {"source": 6, "prod": 124.0, "target": 4, "value": 0.4696826943233165, "supply": [{"l": "Coconuts - Incl Copra", "v": 0.12717138512955695}, {"l": "Sesame seed", "v": 0.097961922889615388}, {"l": "Soyabeans", "v": 0.0038843289686078431}, {"l": "Groundnuts", "v": 0.24066505733553631}]}, {"source": 7, "prod": 21.0, "target": 4, "value": 0.062778415372922544, "supply": [{"l": "Treenuts", "v": 0.062778415372922544}]}, {"source": 8, "prod": 21.0, "target": 4, "value": 0.03875884775197827, "supply": [{"l": "Eggs", "v": 0.03875884775197827}]}, {"source": 9, "prod": 7.0, "target": 4, "value": 0.023772093287880002, "supply": [{"l": "Beverages, Alcoholic", "v": 0.023772093287880002}]}, {"source": 10, "prod": 17.0, "target": 4, "value": 0.0061855957024585717, "supply": [{"l": "Sugar cane", "v": 0.0061855957024585717}]}, {"source": 11, "prod": 12.0, "target": 4, "value": 0.10435665952268749, "supply": [{"l": "Butter, Ghee", "v": 0.0424501665855}, {"l": "Fats, Animals, Raw", "v": 0.061906492937187502}]}, {"source": 12, "prod": 97.0, "target": 4, "value": 0.088490729241079563, "supply": [{"l": "Potatoes", "v": 0.037952135689023184}, {"l": "Sweet potatoes", "v": 0.012442290206094829}, {"l": "Cassava", "v": 0.038096303345961549}]}, {"source": 2, "prod": 164.0, "target": 4, "value": 0.65920669754668881, "supply": [{"l": "Peas", "v": 0.036385857073285718}, {"l": "Beans", "v": 0.39399855214086832}, {"l": "Pulses, Other", "v": 0.22882228833253482}]}, {"source": 13, "prod": 149.0, "target": 4, "value": 0.62129911404953631, "supply": [{"l": "Sugar", "v": 0.16473198973477612}, {"l": "Sugar non-centrifugal", "v": 0.4334124879953965}, {"l": "Sweeteners, Other", "v": 0.023154636319363639}]}, {"source": 14, "prod": 21.0, "target": 4, "value": 0.062778415372922544, "supply": [{"l": "Nuts", "v": 0.062778415372922544}]}, {"source": 0, "prod": 3432.0, "target": 4, "value": 13.49976905661393, "supply": [{"l": "Maize", "v": 0.20453262082104548}, {"l": "Rice", "v": 13.079259133845083}, {"l": "Wheat", "v": 0.13909203519504254}, {"l": "Cereals, Other", "v": 0.065307948593076925}, {"l": "Millet", "v": 0.011577318159681819}]}, {"source": 15, "prod": 168.0, "target": 4, "value": 1.747985830948825, "supply": [{"l": "Groundnut Oil", "v": 1.0508278079322895}, {"l": "Soyabean Oil", "v": 0.0169800666342}, {"l": "Palm Oil", "v": 0.024257238048857144}, {"l": "Sesameseed Oil", "v": 0.59649048511377845}, {"l": "Cottonseed Oil", "v": 0.038205149926950004}, {"l": "Palmkernel Oil", "v": 0.02122508329275}]}, {"source": 16, "prod": 22.0, "target": 4, "value": 0.076759205332684932, "supply": [{"l": "Pimento", "v": 0.076759205332684932}]}, {"source": 17, "prod": 15.0, "target": 4, "value": 0.013017100354605545, "supply": [{"l": "Coffee", "v": 0.00037236988232894742}, {"l": "Tea", "v": 0.012644730472276598}]}, {"source": 18, "prod": 911.0, "target": 4, "value": 0.26665280420954374, "supply": [{"l": "Vegetables, Other", "v": 0.22867920064578739}, {"l": "Onions", "v": 0.037973603563756363}]}, {"source": 19, "prod": 709.0, "target": 4, "value": 0.40697389456183658, "supply": [{"l": "Plantains", "v": 0.11469294501396755}, {"l": "Fruits, Other", "v": 0.29228094954786904}]}, {"source": 20, "prod": 205.0, "target": 4, "value": 0.52585602034567569, "supply": [{"l": "Mutton & Goat Meat", "v": 0.0072541423911930388}, {"l": "Pigmeat", "v": 0.22624278727691063}, {"l": "Poultry Meat", "v": 0.076410299853900007}, {"l": "Offals, Edible", "v": 0.025839231834652171}, {"l": "Bovine Meat", "v": 0.19010955898901977}]}, {"source": 13, "prod": 64.0, "target": 21, "value": 0.24698278740654547, "supply": [{"l": "Sweeteners, Other", "v": 0.24698278740654547}]}, {"source": 10, "prod": 1373.0, "target": 21, "value": 0.49957781761621289, "supply": [{"l": "Sugar cane", "v": 0.49957781761621289}]}, {"source": 6, "prod": 371.0, "target": 21, "value": 2.3907114683306161, "supply": [{"l": "Sunflower seed", "v": 0.00424501665855}, {"l": "Cottonseed", "v": 0.12358475917230242}, {"l": "Rape and Mustardseed", "v": 0.019513383027205646}, {"l": "Groundnuts", "v": 1.3659368119043953}, {"l": "Soyabeans", "v": 0.034958960717470587}, {"l": "Sesame seed", "v": 0.84247253685069234}]}, {"source": 0, "prod": 255.0, "target": 21, "value": 1.0051043803138213, "supply": [{"l": "Barley", "v": 0.003859106053227273}, {"l": "Rice", "v": 1.001245274260594}]}, {"source": 0, "prod": 231.0, "target": 22, "value": 0.91058133210313885, "supply": [{"l": "Rice", "v": 0.91058133210313885}]}, {"source": 15, "prod": 17.0, "target": 22, "value": 0.19199581834437515, "supply": [{"l": "Ricebran Oil", "v": 0.13458511461317671}, {"l": "Palm Oil", "v": 0.036385857073285718}, {"l": "Coconut Oil", "v": 0.010612541646375}, {"l": "Rape and Mustard Oil", "v": 0.010412305011537736}]}, {"source": 9, "prod": 96.0, "target": 22, "value": 0.32601727937664005, "supply": [{"l": "Alcohol, Non-Food", "v": 0.32601727937664005}]}, {"source": 5, "prod": 112.0, "target": 22, "value": 0.08225151068570602, "supply": [{"l": "Fish, Seafood", "v": 0.04144105010565452}, {"l": "Freshwater Fish", "v": 0.040810460580051507}]}, {"source": 11, "prod": 9.0, "target": 22, "value": 0.079594062347812508, "supply": [{"l": "Fats, Animals, Raw", "v": 0.079594062347812508}]}, {"source": 6, "prod": 50.0, "target": 6, "value": 0.32289259076559729, "supply": [{"l": "Soyabeans", "v": 0.0038843289686078431}, {"l": "Sesame seed", "v": 0.071838743452384612}, {"l": "Cottonseed", "v": 0.032522305045342745}, {"l": "Groundnuts", "v": 0.21464721329926209}]}, {"source": 8, "prod": 3.0, "target": 8, "value": 0.0055369782502826094, "supply": [{"l": "Eggs", "v": 0.0055369782502826094}]}, {"source": 10, "prod": 213.0, "target": 10, "value": 0.077501875566098583, "supply": [{"l": "Sugar cane", "v": 0.077501875566098583}]}, {"source": 12, "prod": 7.0, "target": 12, "value": 0.0059036655516258281, "supply": [{"l": "Potatoes", "v": 0.0059036655516258281}]}, {"source": 2, "prod": 28.0, "target": 2, "value": 0.11238910891463239, "supply": [{"l": "Peas", "v": 0.0045482321341607148}, {"l": "Beans", "v": 0.066979753863947611}, {"l": "Pulses, Other", "v": 0.040861122916524072}]}, {"source": 0, "prod": 369.0, "target": 0, "value": 1.4505096265002033, "supply": [{"l": "Maize", "v": 0.007718212106454546}, {"l": "Wheat", "v": 0.019870290742148938}, {"l": "Cereals, Other", "v": 0.0040817467870673078}, {"l": "Millet", "v": 0.011577318159681819}, {"l": "Rice", "v": 1.4072620587048508}]}, {"source": 3, "prod": 19.0, "target": 23, "value": 0.01306511606573164, "supply": [{"l": "Milk - Excluding Butter", "v": 0.01306511606573164}]}, {"source": 20, "prod": 4.0, "target": 23, "value": 0.012525946948572356, "supply": [{"l": "Pigmeat", "v": 0.0085374636708268163}, {"l": "Bovine Meat", "v": 0.0022904766143255397}, {"l": "Poultry Meat", "v": 0.0016980066634200003}]}, {"source": 7, "prod": 1.0, "target": 23, "value": 0.0029894483510915499, "supply": [{"l": "Treenuts", "v": 0.0029894483510915499}]}, {"source": 8, "prod": 1.0, "target": 23, "value": 0.0018456594167608697, "supply": [{"l": "Eggs", "v": 0.0018456594167608697}]}, {"source": 14, "prod": 1.0, "target": 23, "value": 0.0029894483510915499, "supply": [{"l": "Nuts", "v": 0.0029894483510915499}]}, {"source": 10, "prod": 84.0, "target": 23, "value": 0.030564119941560004, "supply": [{"l": "Sugar cane", "v": 0.030564119941560004}]}, {"source": 12, "prod": 12.0, "target": 23, "value": 0.010877946845850747, "supply": [{"l": "Potatoes", "v": 0.0050602847585364237}, {"l": "Sweet potatoes", "v": 0.001463798847775862}, {"l": "Cassava", "v": 0.0043538632395384615}]}, {"source": 2, "prod": 9.0, "target": 23, "value": 0.035605996462921875, "supply": [{"l": "Beans", "v": 0.031519884171269469}, {"l": "Pulses, Other", "v": 0.0040861122916524073}]}, {"source": 19, "prod": 56.0, "target": 23, "value": 0.035778757912586945, "supply": [{"l": "Fruits, Other", "v": 0.015629997302025082}, {"l": "Plantains", "v": 0.020148760610561863}]}, {"source": 0, "prod": 180.0, "target": 23, "value": 0.70800931821720936, "supply": [{"l": "Maize", "v": 0.011577318159681819}, {"l": "Rice", "v": 0.67800861091662279}, {"l": "Cereals, Other", "v": 0.0040817467870673078}, {"l": "Wheat", "v": 0.0066234302473829783}, {"l": "Millet", "v": 0.007718212106454546}]}, {"source": 16, "prod": 1.0, "target": 23, "value": 0.0034890547878493154, "supply": [{"l": "Pimento", "v": 0.0034890547878493154}]}, {"source": 18, "prod": 95.0, "target": 23, "value": 0.026954671579573999, "supply": [{"l": "Vegetables, Other", "v": 0.02510230067402491}, {"l": "Onions", "v": 0.0018523709055490909}]}, {"source": 6, "prod": 12.0, "target": 23, "value": 0.068626902629546238, "supply": [{"l": "Cottonseed", "v": 0.0065044610090685484}, {"l": "Coconuts - Incl Copra", "v": 0.0035822925388607598}, {"l": "Groundnuts", "v": 0.058540149081616935}]}, {"source": 24, "prod": 26.0, "target": 0, "value": 0.086651984145514505, "supply": [{"l": "Wheat", "v": 0.082792878092287234}, {"l": "Barley", "v": 0.003859106053227273}]}, {"source": 24, "prod": 17.0, "target": 21, "value": 0.18420340143350894, "supply": [{"l": "Fats, Animals, Raw", "v": 0.079594062347812508}, {"l": "Palm Oil", "v": 0.072771714146571437}, {"l": "Palmkernel Oil", "v": 0.02122508329275}, {"l": "Coconut Oil", "v": 0.010612541646375}]}, {"source": 24, "prod": 35.0, "target": 1, "value": 0.024067319068453025, "supply": [{"l": "Milk - Excluding Butter", "v": 0.024067319068453025}]}, {"source": 0, "prod": 230.0, "target": 25, "value": 0.90639100814848039, "supply": [{"l": "Maize", "v": 0.011577318159681819}, {"l": "Rice", "v": 0.89481368998879862}]}, {"source": 2, "prod": 30.0, "target": 25, "value": 0.11834569241250421, "supply": [{"l": "Beans", "v": 0.1142595801208518}, {"l": "Pulses, Other", "v": 0.0040861122916524073}]}, {"source": 0, "prod": 212.0, "target": 26, "value": 0.83568503206002342, "supply": [{"l": "Rice", "v": 0.83568503206002342}]}, {"source": 27, "prod": 12.0, "target": 21, "value": 0.11125893359774758, "supply": [{"l": "Groundnut Oil", "v": 0.10302233411100876}, {"l": "Sugar", "v": 0.0082365994867388062}]}, {"source": 1, "prod": 296.0, "target": 3, "value": 0.20354075555034559, "supply": [{"l": "Milk - Excluding Butter", "v": 0.20354075555034559}]}, {"source": 1, "prod": 22.0, "target": 8, "value": 0.040604507168739139, "supply": [{"l": "Eggs", "v": 0.046141485419021751}]}, {"source": 1, "prod": 209.0, "target": 20, "value": 0.53838196729424803, "supply": [{"l": "Poultry Meat", "v": 0.078108306517320009}, {"l": "Bovine Meat", "v": 0.19240003560334532}, {"l": "Pigmeat", "v": 0.23478025094773744}, {"l": "Offals, Edible", "v": 0.025839231834652171}, {"l": "Mutton & Goat Meat", "v": 0.0072541423911930388}]}, {"source": 1, "prod": 867.0, "target": 5, "value": 0.62846670669080451, "supply": [{"l": "Freshwater Fish", "v": 0.091823536305115888}, {"l": "Marine Fish, Other", "v": 0.21621505081875292}, {"l": "Fish, Seafood", "v": 0.32042811956693579}]}, {"source": 21, "prod": 213.0, "target": 13, "value": 0.86828190145608175, "supply": [{"l": "Sweeteners, Other", "v": 0.2701374237259091}, {"l": "Sugar non-centrifugal", "v": 0.4334124879953965}, {"l": "Sugar", "v": 0.16473198973477612}]}, {"source": 21, "prod": 185.0, "target": 15, "value": 1.9399816492932001, "supply": [{"l": "Ricebran Oil", "v": 0.13458511461317671}, {"l": "Sesameseed Oil", "v": 0.59649048511377845}, {"l": "Soyabean Oil", "v": 0.0169800666342}, {"l": "Coconut Oil", "v": 0.010612541646375}, {"l": "Rape and Mustard Oil", "v": 0.010412305011537736}, {"l": "Cottonseed Oil", "v": 0.038205149926950004}, {"l": "Groundnut Oil", "v": 1.0508278079322895}, {"l": "Palm Oil", "v": 0.060643095122142859}, {"l": "Palmkernel Oil", "v": 0.02122508329275}]}, {"source": 21, "prod": 21.0, "target": 11, "value": 0.18395072187049999, "supply": [{"l": "Fats, Animals, Raw", "v": 0.141500555285}, {"l": "Butter, Ghee", "v": 0.0424501665855}]}, {"source": 21, "prod": 103.0, "target": 9, "value": 0.34978937266452004, "supply": [{"l": "Beverages, Alcoholic", "v": 0.023772093287880002}, {"l": "Alcohol, Non-Food", "v": 0.32601727937664005}]}, {"source": 6, "prod": 557.0, "target": 28, "value": 1.7424612349014454, "supply": [{"l": "Sunflower seed", "v": 0.0022755087675789473}, {"l": "Coconuts - Incl Copra", "v": 0.25452666618000003}, {"l": "Sesame seed", "v": 0.54043333230000012}, {"l": "Cottonseed", "v": 0.087166666500000003}, {"l": "Soyabeans", "v": 0.02394489618171311}, {"l": "Groundnuts", "v": 1.0059033314100001}, {"l": "Rape and Mustardseed", "v": 0.010459999980000001}]}, {"source": 18, "prod": 1006.5, "target": 28, "value": 2.7729333732802264, "supply": [{"l": "Vegetables, Other", "v": 3.2077333272000002}, {"l": "Onions", "v": 0.30159666609000002}]}, {"source": 10, "prod": 674.80000000000007, "target": 28, "value": 0.24553176353053205, "supply": [{"l": "Sugar cane", "v": 0.24553176353053205}]}, {"source": 12, "prod": 58.0, "target": 28, "value": 0.21760607238086213, "supply": [{"l": "Potatoes", "v": 0.10111333314000001}, {"l": "Sweet potatoes", "v": 0.033123333269999992}, {"l": "Cassava", "v": 0.067989999870000012}]}, {"source": 2, "prod": 256.5, "target": 28, "value": 0.87893624982436003, "supply": [{"l": "Peas", "v": 0.033123333269999999}, {"l": "Beans", "v": 0.53520333231000006}, {"l": "Pulses, Other", "v": 0.32600333270999998}]}, {"source": 0, "prod": 11775.0, "target": 28, "value": 41.882259008567054, "supply": [{"l": "Maize", "v": 0.44977999914000005}, {"l": "Barley", "v": 0.0034866666600000002}, {"l": "Rice", "v": 39.922333257000005}, {"l": "Wheat", "v": 0.26149999950000002}, {"l": "Cereals, Other", "v": 0.12551999976000003}, {"l": "Millet", "v": 0.29287999944000004}]}, {"source": 29, "prod": 0, "target": 6, "value": 0.033171069369556411, "supply": "[{\"l\":'Energy for power irrigation',\"v\":0.033171069369556411}]"}, {"source": 29, "prod": 0, "target": 7, "value": 0.0013101679104672191, "supply": "[{\"l\":'Energy for power irrigation',\"v\":0.0013101679104672191}]"}, {"source": 29, "prod": 0, "target": 18, "value": 0.059940181903875275, "supply": "[{\"l\":'Energy for power irrigation',\"v\":0.059940181903875275}]"}, {"source": 29, "prod": 0, "target": 10, "value": 0.10046605749809995, "supply": "[{\"l\":'Energy for power irrigation',\"v\":0.10046605749809995}]"}, {"source": 29, "prod": 0, "target": 12, "value": 0.0069081580733726103, "supply": "[{\"l\":'Energy for power irrigation',\"v\":0.0069081580733726103}]"}, {"source": 29, "prod": 0, "target": 2, "value": 0.015275366774310987, "supply": "[{\"l\":'Energy for power irrigation',\"v\":0.015275366774310987}]"}, {"source": 29, "prod": 0, "target": 14, "value": 0.0013101679104672191, "supply": "[{\"l\":'Energy for power irrigation',\"v\":0.0013101679104672191}]"}, {"source": 29, "prod": 0, "target": 0, "value": 0.35061879876707969, "supply": "[{\"l\":'Energy for power irrigation',\"v\":0.35061879876707969}]"}, {"source": 29, "prod": 0, "target": 16, "value": 0.0013399444538869287, "supply": "[{\"l\":'Energy for power irrigation',\"v\":0.0013399444538869287}]"}, {"source": 29, "prod": 0, "target": 17, "value": 0.00089329630259128582, "supply": "[{\"l\":'Energy for power irrigation',\"v\":0.00089329630259128582}]"}, {"source": 29, "prod": 0, "target": 19, "value": 0.045528334888735866, "supply": "[{\"l\":'Energy for power irrigation',\"v\":0.045528334888735866}]"}, {"source": 29, "prod": 0, "target": 21, "value": 0.00031360000000000003, "supply": "[{\"l\":'Electricity',\"v\":0.00031360000000000003}]"}, {"source": 30, "prod": 0, "target": 29, "value": 0.52202303033355102, "supply": [{"l": "Coal", "v": 0.033664765076510901}, {"l": "Natural gas", "v": 0.087186481428619803}, {"l": "Oil", "v": 0.40117178382842028}]}, {"source": 31, "prod": 0, "target": 29, "value": 0.41430104220826008, "supply": [{"l": "Nuclear", "v": 0.0}, {"l": "Hydroelectric", "v": 0.41430104220826008}, {"l": "Renewable", "v": 0.0}]}, {"source": 30, "prod": 0, "target": 6, "value": 0.02852571924370708, "supply": [{"l": "Gas-Diesel oil", "v": 0.025910288960756943}, {"l": "Fuel oil", "v": 0.0026154302829501344}]}, {"source": 30, "prod": 0, "target": 7, "value": 0.0011266890904157193, "supply": [{"l": "Gas-Diesel oil", "v": 0.0010233866375882455}, {"l": "Fuel oil", "v": 0.00010330245282747388}]}, {"source": 30, "prod": 0, "target": 18, "value": 0.051546025886519166, "supply": [{"l": "Gas-Diesel oil", "v": 0.046819938669662234}, {"l": "Fuel oil", "v": 0.0047260872168569303}]}, {"source": 30, "prod": 0, "target": 10, "value": 0.086396567978696312, "supply": [{"l": "Gas-Diesel oil", "v": 0.0784751480732441}, {"l": "Fuel oil", "v": 0.0079214199054522018}]}, {"source": 30, "prod": 0, "target": 12, "value": 0.0059407242949192484, "supply": [{"l": "Gas-Diesel oil", "v": 0.0053960386345562042}, {"l": "Fuel oil", "v": 0.00054468566036304413}]}, {"source": 30, "prod": 0, "target": 2, "value": 0.01313617053143782, "supply": [{"l": "Gas-Diesel oil", "v": 0.011931757842790226}, {"l": "Fuel oil", "v": 0.0012044126886475934}]}, {"source": 30, "prod": 0, "target": 14, "value": 0.0011266890904157193, "supply": [{"l": "Gas-Diesel oil", "v": 0.0010233866375882455}, {"l": "Fuel oil", "v": 0.00010330245282747388}]}, {"source": 30, "prod": 0, "target": 0, "value": 0.30151736453738859, "supply": [{"l": "Gas-Diesel oil", "v": 0.27387221949094526}, {"l": "Fuel oil", "v": 0.0276451450464433}]}, {"source": 30, "prod": 0, "target": 16, "value": 0.0011522956606524403, "supply": [{"l": "Gas-Diesel oil", "v": 0.0010466454248061602}, {"l": "Fuel oil", "v": 0.00010565023584628011}]}, {"source": 30, "prod": 0, "target": 17, "value": 0.00076819710710162691, "supply": [{"l": "Gas-Diesel oil", "v": 0.00069776361653744025}, {"l": "Fuel oil", "v": 7.0433490564186747e-05}]}, {"source": 30, "prod": 0, "target": 19, "value": 0.039152445891946247, "supply": [{"l": "Gas-Diesel oil", "v": 0.035562685656191528}, {"l": "Fuel oil", "v": 0.0035897602357547174}]}, {"source": 30, "prod": 0, "target": 1, "value": 0.012350555565435999, "supply": [{"l": "Gas-diesel oils used in fisheries", "v": 0.012350555565435999}]}, {"source": 32, "prod": 2.4033314343648922, "target": 6, "value": 0.038910824502609263, "supply": [{"l": "Potash", "v": 0.0060123194492542999}, {"l": "Phosphate", "v": 0.017670791680803297}, {"l": "Nitrogen", "v": 0.69979975055983978}]}, {"source": 32, "prod": 0.094925119490175264, "target": 7, "value": 0.0015368727810725381, "supply": [{"l": "Potash", "v": 0.0060123194492542999}, {"l": "Phosphate", "v": 0.017670791680803297}, {"l": "Nitrogen", "v": 0.69979975055983978}]}, {"source": 32, "prod": 4.3428242166755187, "target": 18, "value": 0.070311929734068621, "supply": [{"l": "Potash", "v": 0.0060123194492542999}, {"l": "Phosphate", "v": 0.017670791680803297}, {"l": "Nitrogen", "v": 0.69979975055983978}]}, {"source": 32, "prod": 7.279030753632985, "target": 10, "value": 0.11785019916678964, "supply": [{"l": "Potash", "v": 0.0060123194492542999}, {"l": "Phosphate", "v": 0.017670791680803297}, {"l": "Nitrogen", "v": 0.69979975055983978}]}, {"source": 32, "prod": 0.50051426640274232, "target": 12, "value": 0.0081035110274733837, "supply": [{"l": "Potash", "v": 0.0060123194492542999}, {"l": "Phosphate", "v": 0.017670791680803297}, {"l": "Nitrogen", "v": 0.69979975055983978}]}, {"source": 32, "prod": 1.1067405976922708, "target": 2, "value": 0.017918539470232094, "supply": [{"l": "Potash", "v": 0.0060123194492542999}, {"l": "Phosphate", "v": 0.017670791680803297}, {"l": "Nitrogen", "v": 0.69979975055983978}]}, {"source": 32, "prod": 0.094925119490175264, "target": 14, "value": 0.0015368727810725381, "supply": [{"l": "Potash", "v": 0.0060123194492542999}, {"l": "Phosphate", "v": 0.017670791680803297}, {"l": "Nitrogen", "v": 0.69979975055983978}]}, {"source": 32, "prod": 25.403256409018496, "target": 0, "value": 0.41128811357111683, "supply": [{"l": "Potash", "v": 0.0060123194492542999}, {"l": "Phosphate", "v": 0.017670791680803297}, {"l": "Nitrogen", "v": 0.69979975055983978}]}, {"source": 32, "prod": 0.097082508569497433, "target": 16, "value": 0.001571801707915096, "supply": [{"l": "Potash", "v": 0.0060123194492542999}, {"l": "Phosphate", "v": 0.017670791680803297}, {"l": "Nitrogen", "v": 0.69979975055983978}]}, {"source": 32, "prod": 0.06472167237966496, "target": 17, "value": 0.0010478678052767308, "supply": [{"l": "Potash", "v": 0.0060123194492542999}, {"l": "Phosphate", "v": 0.017670791680803297}, {"l": "Nitrogen", "v": 0.69979975055983978}]}, {"source": 32, "prod": 3.2986479022835904, "target": 19, "value": 0.053406329142270705, "supply": [{"l": "Potash", "v": 0.0060123194492542999}, {"l": "Phosphate", "v": 0.017670791680803297}, {"l": "Nitrogen", "v": 0.69979975055983978}]}, {"source": 30, "prod": 0, "target": 32, "value": 0.85800781823608607, "supply": [{"l": "Natural gas (including LNG)", "v": 0.58243695118915839}, {"l": "Fuel oil", "v": 0.15186643486957432}, {"l": "Liquefied petroleum gas (LPG)", "v": 0.061852216088676686}, {"l": "Coal", "v": 0.061852216088676686}]}, {"source": 33, "prod": 0, "target": 12, "value": 0.049498846146929357, "supply": "[{\"l\":'Labor',\"v\":0.049498846146929357}]"}, {"source": 33, "prod": 0, "target": 6, "value": 0.23767980434344527, "supply": "[{\"l\":'Labor',\"v\":0.23767980434344527}]"}, {"source": 33, "prod": 0, "target": 7, "value": 0.0093877122002797037, "supply": "[{\"l\":'Labor',\"v\":0.0093877122002797037}]"}, {"source": 33, "prod": 0, "target": 14, "value": 0.0093877122002797037, "supply": "[{\"l\":'Labor',\"v\":0.0093877122002797037}]"}, {"source": 33, "prod": 0, "target": 10, "value": 0.71986684008508461, "supply": "[{\"l\":'Labor',\"v\":0.71986684008508461}]"}, {"source": 33, "prod": 0, "target": 2, "value": 0.10945218997144293, "supply": "[{\"l\":'Labor',\"v\":0.10945218997144293}]"}, {"source": 33, "prod": 0, "target": 0, "value": 2.5122797990521257, "supply": "[{\"l\":'Labor',\"v\":2.5122797990521257}]"}, {"source": 33, "prod": 0, "target": 16, "value": 0.0096010692957406076, "supply": "[{\"l\":'Labor',\"v\":0.0096010692957406076}]"}, {"source": 33, "prod": 0, "target": 17, "value": 0.0064007128638270717, "supply": "[{\"l\":'Labor',\"v\":0.0064007128638270717}]"}, {"source": 33, "prod": 0, "target": 18, "value": 0.42948783316279648, "supply": "[{\"l\":'Labor',\"v\":0.42948783316279648}]"}, {"source": 33, "prod": 0, "target": 19, "value": 0.32622299895971973, "supply": "[{\"l\":'Labor',\"v\":0.32622299895971973}]"}, {"source": 30, "prod": 0, "target": 24, "value": 0.047504176159375334, "supply": "[{\"l\":'Fossil Fuels',\"v\":0.047504176159375334}]"}, {"source": 31, "prod": 0, "target": 24, "value": 0.23706973803395406, "supply": "[{\"l\":'Renewables & Nuclear',\"v\":0.0016867525207206757},{\"l\":'Biomass & Waste',\"v\":0.23538298551323339}]"}]}