{"nodes": [{"layer": 5, "name": "Maize"}, {"layer": 10, "name": "Feed", "fill": "#dbdb8d"}, {"layer": 5, "name": "Rice"}, {"layer": 5, "name": "Pulses, Other"}, {"layer": 5, "name": "Millet"}, {"layer": 16, "name": "Food", "fill": "#b5cf6b"}, {"layer": 5, "name": "Plantains"}, {"layer": 5, "name": "Nuts"}, {"layer": 13, "name": "Sugar", "fill": "#d6616b"}, {"layer": 13, "name": "Groundnut Oil"}, {"layer": 13, "name": "Beverages, Alcoholic"}, {"layer": 13, "name": "Sugar non-centrifugal"}, {"layer": 13, "name": "Butter, Ghee"}, {"layer": 13, "name": "Fats, Animals, Raw"}, {"layer": 5, "name": "Coffee"}, {"layer": 5, "name": "Wheat"}, {"layer": 13, "name": "Soyabean Oil"}, {"layer": 5, "name": "Coconuts - Incl Copra"}, {"layer": 5, "name": "Treenuts"}, {"layer": 13, "name": "Eggs"}, {"layer": 5, "name": "Vegetables, Other"}, {"layer": 5, "name": "Peas"}, {"layer": 5, "name": "Sesame seed"}, {"layer": 13, "name": "Marine Fish, Other"}, {"layer": 5, "name": "Pimento"}, {"layer": 5, "name": "Sugar cane"}, {"layer": 13, "name": "Pigmeat"}, {"layer": 5, "name": "Cereals, Other"}, {"layer": 5, "name": "Soyabeans"}, {"layer": 5, "name": "Potatoes"}, {"layer": 13, "name": "Freshwater Fish"}, {"layer": 5, "name": "Groundnuts"}, {"layer": 13, "name": "Milk - Excluding Butter"}, {"layer": 5, "name": "Beans"}, {"layer": 13, "name": "Fish, Seafood"}, {"layer": 13, "name": "Mutton & Goat Meat"}, {"layer": 13, "name": "Sweeteners, Other"}, {"layer": 13, "name": "Sesameseed Oil"}, {"layer": 5, "name": "Tea"}, {"layer": 5, "name": "Fruits, Other"}, {"layer": 13, "name": "Poultry Meat"}, {"layer": 13, "name": "Offals, Edible"}, {"layer": 5, "name": "Sweet potatoes"}, {"layer": 13, "name": "Bovine Meat"}, {"layer": 13, "name": "Cottonseed Oil"}, {"layer": 5, "name": "Onions"}, {"layer": 5, "name": "Cassava"}, {"layer": 10, "name": "Processing", "fill": "#9edae5"}, {"layer": 5, "name": "Cottonseed"}, {"layer": 5, "name": "Rape and Mustardseed"}, {"layer": 5, "name": "Barley"}, {"layer": 16, "name": "Biofuels & Other", "fill": "#e7ba52"}, {"layer": 13, "name": "Ricebran Oil"}, {"layer": 13, "name": "Alcohol, Non-Food"}, {"layer": 13, "name": "Coconut Oil"}, {"layer": 13, "name": "Rape and Mustard Oil"}, {"name": "Waste", "fill": "#c7c7c7"}, {"layer": 2, "name": "Import", "fill": "#aec7e8"}, {"layer": 16, "name": "Export", "fill": "#aec7e8"}, {"layer": 16, "name": "Stock Deposit", "fill": "#c7c7c7"}, {"layer": 0, "name": "Stock Draw", "fill": "#c7c7c7"}, {"name": "Crop Residue", "fill": "#bd9e39"}, {"layer": 2, "name": "Electricity", "fill": "#bcbd22"}, {"layer": 0, "name": "Fossil Fuels", "fill": "#c49c94"}, {"layer": 0, "name": "Renewables & Nuclear", "fill": "#2ca02c"}, {"layer": 2, "name": "Fertilizers", "fill": "#c5b0d5"}, {"layer": 0, "name": "Labor", "fill": "#7f7f7f"}], "links": [{"source": 0, "prod": 3.0, "target": 1, "value": 0.011755430746753845, "supply": [{"l": "Maize", "v": 0.011755430746753845}]}, {"source": 2, "prod": 990.0, "target": 1, "value": 3.9054548143930559, "supply": [{"l": "Rice", "v": 3.9054548143930559}]}, {"source": 3, "prod": 11.0, "target": 1, "value": 0.044981598537846335, "supply": [{"l": "Pulses, Other", "v": 0.044981598537846335}]}, {"source": 4, "prod": 31.0, "target": 1, "value": 0.16449439551881251, "supply": [{"l": "Millet", "v": 0.16449439551881251}]}, {"source": 0, "prod": 36.0, "target": 5, "value": 0.14106516896104615, "supply": [{"l": "Maize", "v": 0.14106516896104615}]}, {"source": 6, "prod": 146.0, "target": 5, "value": 0.11850333310674953, "supply": [{"l": "Plantains", "v": 0.11850333310674953}]}, {"source": 7, "prod": 19.0, "target": 5, "value": 0.048152427768626868, "supply": [{"l": "Nuts", "v": 0.048152427768626868}]}, {"source": 8, "prod": 60.0, "target": 5, "value": 0.24762597174875001, "supply": [{"l": "Sugar", "v": 0.24762597174875001}]}, {"source": 9, "prod": 102.0, "target": 5, "value": 1.0500343658396976, "supply": [{"l": "Groundnut Oil", "v": 1.0500343658396976}]}, {"source": 10, "prod": 12.0, "target": 5, "value": 0.046309272638727278, "supply": [{"l": "Beverages, Alcoholic", "v": 0.046309272638727278}]}, {"source": 11, "prod": 62.0, "target": 5, "value": 0.26200012317928506, "supply": [{"l": "Sugar non-centrifugal", "v": 0.26200012317928506}]}, {"source": 12, "prod": 3.0, "target": 5, "value": 0.025470099951300004, "supply": [{"l": "Butter, Ghee", "v": 0.025470099951300004}]}, {"source": 13, "prod": 8.0, "target": 5, "value": 0.075466962818666675, "supply": [{"l": "Fats, Animals, Raw", "v": 0.075466962818666675}]}, {"source": 14, "prod": 1.0, "target": 5, "value": 0.00035375138821249998, "supply": [{"l": "Coffee", "v": 0.00035375138821249998}]}, {"source": 2, "prod": 2992.0, "target": 5, "value": 11.803152327943458, "supply": [{"l": "Rice", "v": 11.803152327943458}]}, {"source": 15, "prod": 74.0, "target": 5, "value": 0.23530429418179771, "supply": [{"l": "Wheat", "v": 0.23530429418179771}]}, {"source": 16, "prod": 2.0, "target": 5, "value": 0.028300111057000001, "supply": [{"l": "Soyabean Oil", "v": 0.028300111057000001}]}, {"source": 17, "prod": 57.0, "target": 5, "value": 0.093513410449217391, "supply": [{"l": "Coconuts - Incl Copra", "v": 0.093513410449217391}]}, {"source": 18, "prod": 19.0, "target": 5, "value": 0.048152427768626868, "supply": [{"l": "Treenuts", "v": 0.048152427768626868}]}, {"source": 19, "prod": 19.0, "target": 5, "value": 0.036114320826470155, "supply": [{"l": "Eggs", "v": 0.036114320826470155}]}, {"source": 20, "prod": 739.0, "target": 5, "value": 0.21268252953684411, "supply": [{"l": "Vegetables, Other", "v": 0.21268252953684411}]}, {"source": 21, "prod": 14.0, "target": 5, "value": 0.048514476097714282, "supply": [{"l": "Peas", "v": 0.048514476097714282}]}, {"source": 22, "prod": 13.0, "target": 5, "value": 0.093932283508340431, "supply": [{"l": "Sesame seed", "v": 0.093932283508340431}]}, {"source": 23, "prod": 320.0, "target": 5, "value": 0.22462751335060052, "supply": [{"l": "Marine Fish, Other", "v": 0.22462751335060052}]}, {"source": 24, "prod": 21.0, "target": 5, "value": 0.071316279863640017, "supply": [{"l": "Pimento", "v": 0.071316279863640017}]}, {"source": 25, "prod": 14.0, "target": 5, "value": 0.0042602317720215055, "supply": [{"l": "Sugar cane", "v": 0.0042602317720215055}]}, {"source": 26, "prod": 60.0, "target": 5, "value": 0.24877772045455815, "supply": [{"l": "Pigmeat", "v": 0.24877772045455815}]}, {"source": 27, "prod": 8.0, "target": 5, "value": 0.035131172346620693, "supply": [{"l": "Cereals, Other", "v": 0.035131172346620693}]}, {"source": 28, "prod": 1.0, "target": 5, "value": 0.0038358584264006029, "supply": [{"l": "Soyabeans", "v": 0.0038358584264006029}]}, {"source": 29, "prod": 30.0, "target": 5, "value": 0.023583425880833331, "supply": [{"l": "Potatoes", "v": 0.023583425880833331}]}, {"source": 30, "prod": 65.0, "target": 5, "value": 0.046966141754170215, "supply": [{"l": "Freshwater Fish", "v": 0.046966141754170215}]}, {"source": 31, "prod": 49.0, "target": 5, "value": 0.30728131948822157, "supply": [{"l": "Groundnuts", "v": 0.30728131948822157}]}, {"source": 32, "prod": 214.0, "target": 5, "value": 0.15357134387628221, "supply": [{"l": "Milk - Excluding Butter", "v": 0.15357134387628221}]}, {"source": 33, "prod": 85.0, "target": 5, "value": 0.33125048024095088, "supply": [{"l": "Beans", "v": 0.33125048024095088}]}, {"source": 3, "prod": 61.0, "target": 5, "value": 0.24944341007351148, "supply": [{"l": "Pulses, Other", "v": 0.24944341007351148}]}, {"source": 34, "prod": 385.0, "target": 5, "value": 0.28361499584238614, "supply": [{"l": "Fish, Seafood", "v": 0.28361499584238614}]}, {"source": 35, "prod": 3.0, "target": 5, "value": 0.012735049975650002, "supply": [{"l": "Mutton & Goat Meat", "v": 0.012735049975650002}]}, {"source": 36, "prod": 6.0, "target": 5, "value": 0.022147913001130438, "supply": [{"l": "Sweeteners, Other", "v": 0.022147913001130438}]}, {"source": 37, "prod": 49.0, "target": 5, "value": 0.50532486438219482, "supply": [{"l": "Sesameseed Oil", "v": 0.50532486438219482}]}, {"source": 38, "prod": 11.0, "target": 5, "value": 0.012784444420000001, "supply": [{"l": "Tea", "v": 0.012784444420000001}]}, {"source": 39, "prod": 523.0, "target": 5, "value": 0.27204744478262094, "supply": [{"l": "Fruits, Other", "v": 0.27204744478262094}]}, {"source": 4, "prod": 2.0, "target": 5, "value": 0.010612541646375, "supply": [{"l": "Millet", "v": 0.010612541646375}]}, {"source": 40, "prod": 48.0, "target": 5, "value": 0.093683126257655167, "supply": [{"l": "Poultry Meat", "v": 0.093683126257655167}]}, {"source": 41, "prod": 20.0, "target": 5, "value": 0.023260365252328771, "supply": [{"l": "Offals, Edible", "v": 0.023260365252328771}]}, {"source": 42, "prod": 16.0, "target": 5, "value": 0.012128619024428572, "supply": [{"l": "Sweet potatoes", "v": 0.012128619024428572}]}, {"source": 43, "prod": 79.0, "target": 5, "value": 0.17650332422392104, "supply": [{"l": "Bovine Meat", "v": 0.17650332422392104}]}, {"source": 44, "prod": 4.0, "target": 5, "value": 0.039184769155846164, "supply": [{"l": "Cottonseed Oil", "v": 0.039184769155846164}]}, {"source": 45, "prod": 80.0, "target": 5, "value": 0.035375138821250006, "supply": [{"l": "Onions", "v": 0.035375138821250006}]}, {"source": 46, "prod": 12.0, "target": 5, "value": 0.011577318159681819, "supply": [{"l": "Cassava", "v": 0.011577318159681819}]}, {"source": 36, "prod": 63.0, "target": 47, "value": 0.23255308651186962, "supply": [{"l": "Sweeteners, Other", "v": 0.23255308651186962}]}, {"source": 48, "prod": 22.0, "target": 47, "value": 0.13796304140287499, "supply": [{"l": "Cottonseed", "v": 0.13796304140287499}]}, {"source": 22, "prod": 110.0, "target": 47, "value": 0.79481162968595742, "supply": [{"l": "Sesame seed", "v": 0.79481162968595742}]}, {"source": 28, "prod": 10.0, "target": 47, "value": 0.038358584264006026, "supply": [{"l": "Soyabeans", "v": 0.038358584264006026}]}, {"source": 49, "prod": 3.0, "target": 47, "value": 0.018813142009482958, "supply": [{"l": "Rape and Mustardseed", "v": 0.018813142009482958}]}, {"source": 50, "prod": 1.0, "target": 47, "value": 0.0039449038529222793, "supply": [{"l": "Barley", "v": 0.0039449038529222793}]}, {"source": 31, "prod": 277.0, "target": 47, "value": 1.7370801122089263, "supply": [{"l": "Groundnuts", "v": 1.7370801122089263}]}, {"source": 2, "prod": 296.0, "target": 47, "value": 1.1676915404649946, "supply": [{"l": "Rice", "v": 1.1676915404649946}]}, {"source": 25, "prod": 1073.0, "target": 47, "value": 0.32651633509850542, "supply": [{"l": "Sugar cane", "v": 0.32651633509850542}]}, {"source": 13, "prod": 15.0, "target": 51, "value": 0.14150055528500002, "supply": [{"l": "Fats, Animals, Raw", "v": 0.14150055528500002}]}, {"source": 52, "prod": 15.0, "target": 51, "value": 0.15455405176039774, "supply": [{"l": "Ricebran Oil", "v": 0.15455405176039774}]}, {"source": 53, "prod": 112.0, "target": 51, "value": 0.43221987796145461, "supply": [{"l": "Alcohol, Non-Food", "v": 0.43221987796145461}]}, {"source": 54, "prod": 2.0, "target": 51, "value": 0.02070739833439024, "supply": [{"l": "Coconut Oil", "v": 0.02070739833439024}]}, {"source": 55, "prod": 1.0, "target": 51, "value": 0.010412305011537736, "supply": [{"l": "Rape and Mustard Oil", "v": 0.010412305011537736}]}, {"source": 34, "prod": 58.0, "target": 51, "value": 0.04272641495807375, "supply": [{"l": "Fish, Seafood", "v": 0.04272641495807375}]}, {"source": 2, "prod": 242.0, "target": 51, "value": 0.95466673240719158, "supply": [{"l": "Rice", "v": 0.95466673240719158}]}, {"source": 30, "prod": 58.0, "target": 51, "value": 0.041908249565259584, "supply": [{"l": "Freshwater Fish", "v": 0.041908249565259584}]}, {"source": 0, "prod": 3.0, "target": 0, "value": 0.011755430746753845, "supply": [{"l": "Maize", "v": 0.011755430746753845}]}, {"source": 15, "prod": 4.0, "target": 15, "value": 0.012719151036853931, "supply": [{"l": "Wheat", "v": 0.012719151036853931}]}, {"source": 27, "prod": 1.0, "target": 27, "value": 0.0043913965433275866, "supply": [{"l": "Cereals, Other", "v": 0.0043913965433275866}]}, {"source": 28, "prod": 1.0, "target": 28, "value": 0.0038358584264006029, "supply": [{"l": "Soyabeans", "v": 0.0038358584264006029}]}, {"source": 29, "prod": 6.0, "target": 29, "value": 0.0047166851761666663, "supply": [{"l": "Potatoes", "v": 0.0047166851761666663}]}, {"source": 19, "prod": 3.0, "target": 19, "value": 0.0057022611831268662, "supply": [{"l": "Eggs", "v": 0.0057022611831268662}]}, {"source": 21, "prod": 1.0, "target": 21, "value": 0.0034653197212653059, "supply": [{"l": "Peas", "v": 0.0034653197212653059}]}, {"source": 22, "prod": 9.0, "target": 22, "value": 0.065030042428851062, "supply": [{"l": "Sesame seed", "v": 0.065030042428851062}]}, {"source": 4, "prod": 4.0, "target": 4, "value": 0.02122508329275, "supply": [{"l": "Millet", "v": 0.02122508329275}]}, {"source": 48, "prod": 5.0, "target": 48, "value": 0.031355236682471588, "supply": [{"l": "Cottonseed", "v": 0.031355236682471588}]}, {"source": 33, "prod": 16.0, "target": 33, "value": 0.062353031574767216, "supply": [{"l": "Beans", "v": 0.062353031574767216}]}, {"source": 3, "prod": 12.0, "target": 3, "value": 0.04907083476855964, "supply": [{"l": "Pulses, Other", "v": 0.04907083476855964}]}, {"source": 31, "prod": 33.0, "target": 31, "value": 0.20694456210431253, "supply": [{"l": "Groundnuts", "v": 0.20694456210431253}]}, {"source": 2, "prod": 334.0, "target": 2, "value": 1.3175978868760412, "supply": [{"l": "Rice", "v": 1.3175978868760412}]}, {"source": 25, "prod": 277.0, "target": 25, "value": 0.084291728632139795, "supply": [{"l": "Sugar cane", "v": 0.084291728632139795}]}, {"source": 0, "prod": 3.0, "target": 56, "value": 0.011755430746753845, "supply": [{"l": "Maize", "v": 0.011755430746753845}]}, {"source": 6, "prod": 26.0, "target": 56, "value": 0.021103333292982796, "supply": [{"l": "Plantains", "v": 0.021103333292982796}]}, {"source": 39, "prod": 28.0, "target": 56, "value": 0.014564681556239745, "supply": [{"l": "Fruits, Other", "v": 0.014564681556239745}]}, {"source": 2, "prod": 164.0, "target": 56, "value": 0.64696423187925378, "supply": [{"l": "Rice", "v": 0.64696423187925378}]}, {"source": 7, "prod": 1.0, "target": 56, "value": 0.0025343383036119404, "supply": [{"l": "Nuts", "v": 0.0025343383036119404}]}, {"source": 15, "prod": 2.0, "target": 56, "value": 0.0063595755184269655, "supply": [{"l": "Wheat", "v": 0.0063595755184269655}]}, {"source": 17, "prod": 2.0, "target": 56, "value": 0.0032811722964637678, "supply": [{"l": "Coconuts - Incl Copra", "v": 0.0032811722964637678}]}, {"source": 18, "prod": 1.0, "target": 56, "value": 0.0025343383036119404, "supply": [{"l": "Treenuts", "v": 0.0025343383036119404}]}, {"source": 19, "prod": 1.0, "target": 56, "value": 0.0019007537277089554, "supply": [{"l": "Eggs", "v": 0.0019007537277089554}]}, {"source": 20, "prod": 81.0, "target": 56, "value": 0.023311616904579665, "supply": [{"l": "Vegetables, Other", "v": 0.023311616904579665}]}, {"source": 24, "prod": 1.0, "target": 56, "value": 0.0033960133268400006, "supply": [{"l": "Pimento", "v": 0.0033960133268400006}]}, {"source": 26, "prod": 2.0, "target": 56, "value": 0.008292590681818604, "supply": [{"l": "Pigmeat", "v": 0.008292590681818604}]}, {"source": 48, "prod": 1.0, "target": 56, "value": 0.0062710473364943186, "supply": [{"l": "Cottonseed", "v": 0.0062710473364943186}]}, {"source": 29, "prod": 4.0, "target": 56, "value": 0.003144456784111111, "supply": [{"l": "Potatoes", "v": 0.003144456784111111}]}, {"source": 31, "prod": 11.0, "target": 56, "value": 0.068981520701437496, "supply": [{"l": "Groundnuts", "v": 0.068981520701437496}]}, {"source": 32, "prod": 11.0, "target": 56, "value": 0.0078938541244817952, "supply": [{"l": "Milk - Excluding Butter", "v": 0.0078938541244817952}]}, {"source": 33, "prod": 8.0, "target": 56, "value": 0.031176515787383608, "supply": [{"l": "Beans", "v": 0.031176515787383608}]}, {"source": 3, "prod": 2.0, "target": 56, "value": 0.0081784724614266061, "supply": [{"l": "Pulses, Other", "v": 0.0081784724614266061}]}, {"source": 25, "prod": 72.0, "target": 56, "value": 0.021909763398967743, "supply": [{"l": "Sugar cane", "v": 0.021909763398967743}]}, {"source": 43, "prod": 1.0, "target": 56, "value": 0.0022342192939736843, "supply": [{"l": "Bovine Meat", "v": 0.0022342192939736843}]}, {"source": 4, "prod": 2.0, "target": 56, "value": 0.010612541646375, "supply": [{"l": "Millet", "v": 0.010612541646375}]}, {"source": 40, "prod": 1.0, "target": 56, "value": 0.0019517317970344826, "supply": [{"l": "Poultry Meat", "v": 0.0019517317970344826}]}, {"source": 42, "prod": 2.0, "target": 56, "value": 0.0015160773780535715, "supply": [{"l": "Sweet potatoes", "v": 0.0015160773780535715}]}, {"source": 45, "prod": 4.0, "target": 56, "value": 0.0017687569410625001, "supply": [{"l": "Onions", "v": 0.0017687569410625001}]}, {"source": 46, "prod": 1.0, "target": 56, "value": 0.00096477651330681825, "supply": [{"l": "Cassava", "v": 0.00096477651330681825}]}, {"source": 57, "prod": 1.0, "target": 50, "value": 0.0039449038529222793, "supply": [{"l": "Barley", "v": 0.0039449038529222793}]}, {"source": 57, "prod": 2.0, "target": 46, "value": 0.0019295530266136365, "supply": [{"l": "Cassava", "v": 0.0019295530266136365}]}, {"source": 57, "prod": 17.0, "target": 47, "value": 0.16220795361939028, "supply": [{"l": "Fats, Animals, Raw", "v": 0.14150055528500002}, {"l": "Coconut Oil", "v": 0.02070739833439024}]}, {"source": 57, "prod": 40.0, "target": 15, "value": 0.12719151036853932, "supply": [{"l": "Wheat", "v": 0.12719151036853932}]}, {"source": 57, "prod": 68.0, "target": 1, "value": 0.048798370951342006, "supply": [{"l": "Milk - Excluding Butter", "v": 0.048798370951342006}]}, {"source": 0, "prod": 13.0, "target": 58, "value": 0.050940199902600007, "supply": [{"l": "Maize", "v": 0.050940199902600007}]}, {"source": 2, "prod": 858.0, "target": 58, "value": 3.3847275058073154, "supply": [{"l": "Rice", "v": 3.3847275058073154}]}, {"source": 33, "prod": 48.0, "target": 58, "value": 0.18705909472430168, "supply": [{"l": "Beans", "v": 0.18705909472430168}]}, {"source": 3, "prod": 20.0, "target": 58, "value": 0.081784724614266058, "supply": [{"l": "Pulses, Other", "v": 0.081784724614266058}]}, {"source": 9, "prod": 20.0, "target": 59, "value": 0.20588909134111721, "supply": [{"l": "Groundnut Oil", "v": 0.20588909134111721}]}, {"source": 60, "prod": 9.0, "target": 47, "value": 0.037143895762312501, "supply": [{"l": "Sugar", "v": 0.037143895762312501}]}, {"source": 60, "prod": 423.0, "target": 2, "value": 1.6686943297861239, "supply": [{"l": "Rice", "v": 1.6686943297861239}]}, {"source": 1, "prod": 49.0, "target": 40, "value": 0.095634858054689645, "supply": [{"l": "Poultry Meat", "v": 0.095634858054689645}]}, {"source": 1, "prod": 62.0, "target": 26, "value": 0.25707031113637674, "supply": [{"l": "Pigmeat", "v": 0.25707031113637674}]}, {"source": 1, "prod": 80.0, "target": 43, "value": 0.17873754351789473, "supply": [{"l": "Bovine Meat", "v": 0.17873754351789473}]}, {"source": 1, "prod": 123.0, "target": 30, "value": 0.088874391319429799, "supply": [{"l": "Freshwater Fish", "v": 0.088874391319429799}]}, {"source": 1, "prod": 225.0, "target": 32, "value": 0.161465198000764, "supply": [{"l": "Milk - Excluding Butter", "v": 0.161465198000764}]}, {"source": 1, "prod": 20.0, "target": 41, "value": 0.023260365252328771, "supply": [{"l": "Offals, Edible", "v": 0.023260365252328771}]}, {"source": 1, "prod": 320.0, "target": 23, "value": 0.22462751335060052, "supply": [{"l": "Marine Fish, Other", "v": 0.22462751335060052}]}, {"source": 1, "prod": 443.0, "target": 34, "value": 0.32634141080045986, "supply": [{"l": "Fish, Seafood", "v": 0.32634141080045986}]}, {"source": 1, "prod": 20.0, "target": 19, "value": 0.038015074554179108, "supply": [{"l": "Eggs", "v": 0.043717335737305976}]}, {"source": 1, "prod": 3.0, "target": 35, "value": 0.012735049975650002, "supply": [{"l": "Mutton & Goat Meat", "v": 0.012735049975650002}]}, {"source": 47, "prod": 23.0, "target": 13, "value": 0.21696751810366671, "supply": [{"l": "Fats, Animals, Raw", "v": 0.21696751810366671}]}, {"source": 47, "prod": 69.0, "target": 36, "value": 0.25470099951300007, "supply": [{"l": "Sweeteners, Other", "v": 0.25470099951300007}]}, {"source": 47, "prod": 49.0, "target": 37, "value": 0.50532486438219482, "supply": [{"l": "Sesameseed Oil", "v": 0.50532486438219482}]}, {"source": 47, "prod": 112.0, "target": 53, "value": 0.43221987796145461, "supply": [{"l": "Alcohol, Non-Food", "v": 0.43221987796145461}]}, {"source": 47, "prod": 2.0, "target": 16, "value": 0.028300111057000001, "supply": [{"l": "Soyabean Oil", "v": 0.028300111057000001}]}, {"source": 47, "prod": 2.0, "target": 54, "value": 0.02070739833439024, "supply": [{"l": "Coconut Oil", "v": 0.02070739833439024}]}, {"source": 47, "prod": 15.0, "target": 52, "value": 0.15455405176039774, "supply": [{"l": "Ricebran Oil", "v": 0.15455405176039774}]}, {"source": 47, "prod": 60.0, "target": 8, "value": 0.24762597174875001, "supply": [{"l": "Sugar", "v": 0.24762597174875001}]}, {"source": 47, "prod": 122.0, "target": 9, "value": 1.2559234571808147, "supply": [{"l": "Groundnut Oil", "v": 1.2559234571808147}]}, {"source": 47, "prod": 12.0, "target": 10, "value": 0.046309272638727278, "supply": [{"l": "Beverages, Alcoholic", "v": 0.046309272638727278}]}, {"source": 47, "prod": 4.0, "target": 44, "value": 0.039184769155846164, "supply": [{"l": "Cottonseed Oil", "v": 0.039184769155846164}]}, {"source": 47, "prod": 62.0, "target": 11, "value": 0.26200012317928506, "supply": [{"l": "Sugar non-centrifugal", "v": 0.26200012317928506}]}, {"source": 47, "prod": 3.0, "target": 12, "value": 0.025470099951300004, "supply": [{"l": "Butter, Ghee", "v": 0.025470099951300004}]}, {"source": 47, "prod": 1.0, "target": 55, "value": 0.010412305011537736, "supply": [{"l": "Rape and Mustard Oil", "v": 0.010412305011537736}]}, {"source": 0, "prod": 115.0, "target": 61, "value": 0.40096666590000002, "supply": [{"l": "Maize", "v": 0.40096666590000002}]}, {"source": 25, "prod": 574.39999999999998, "target": 61, "value": 0.1747912235606538, "supply": [{"l": "Sugar cane", "v": 0.1747912235606538}]}, {"source": 15, "prod": 120.0, "target": 61, "value": 0.41839999919999998, "supply": [{"l": "Wheat", "v": 0.41839999919999998}]}, {"source": 46, "prod": 6.25, "target": 61, "value": 0.021791666625000001, "supply": [{"l": "Cassava", "v": 0.021791666625000001}]}, {"source": 17, "prod": 59.0, "target": 61, "value": 0.20571333293999997, "supply": [{"l": "Coconuts - Incl Copra", "v": 0.20571333293999997}]}, {"source": 48, "prod": 28.5, "target": 61, "value": 0.099369999809999998, "supply": [{"l": "Cottonseed", "v": 0.099369999809999998}]}, {"source": 29, "prod": 20.0, "target": 61, "value": 0.069733333200000011, "supply": [{"l": "Potatoes", "v": 0.069733333200000011}]}, {"source": 20, "prod": 820.0, "target": 61, "value": 2.8590666612000004, "supply": [{"l": "Vegetables, Other", "v": 2.8590666612000004}]}, {"source": 21, "prod": 15.0, "target": 61, "value": 0.052299999900000005, "supply": [{"l": "Peas", "v": 0.052299999900000005}]}, {"source": 22, "prod": 132.0, "target": 61, "value": 0.46023999911999991, "supply": [{"l": "Sesame seed", "v": 0.46023999911999991}]}, {"source": 4, "prod": 78.0, "target": 61, "value": 0.27195999948000005, "supply": [{"l": "Millet", "v": 0.27195999948000005}]}, {"source": 28, "prod": 12.5, "target": 61, "value": 0.026658943415199258, "supply": [{"l": "Soyabeans", "v": 0.026658943415199258}]}, {"source": 42, "prod": 8.75, "target": 61, "value": 0.030508333275000001, "supply": [{"l": "Sweet potatoes", "v": 0.030508333275000001}]}, {"source": 33, "prod": 157.0, "target": 61, "value": 0.54740666562000007, "supply": [{"l": "Beans", "v": 0.54740666562000007}]}, {"source": 50, "prod": 1.0, "target": 61, "value": 0.0034866666600000002, "supply": [{"l": "Barley", "v": 0.0034866666600000002}]}, {"source": 31, "prod": 370.5, "target": 61, "value": 1.2918099975299999, "supply": [{"l": "Groundnuts", "v": 1.2918099975299999}]}, {"source": 49, "prod": 3.0, "target": 61, "value": 0.010459999980000001, "supply": [{"l": "Rape and Mustardseed", "v": 0.010459999980000001}]}, {"source": 2, "prod": 11329.0, "target": 61, "value": 39.500446591139998, "supply": [{"l": "Rice", "v": 39.500446591139998}]}, {"source": 45, "prod": 84.0, "target": 61, "value": 0.29287999943999998, "supply": [{"l": "Onions", "v": 0.29287999943999998}]}, {"source": 27, "prod": 18.0, "target": 61, "value": 0.06275999988, "supply": [{"l": "Cereals, Other", "v": 0.06275999988}]}, {"source": 3, "prod": 105.5, "target": 61, "value": 0.36784333263000002, "supply": [{"l": "Pulses, Other", "v": 0.36784333263000002}]}, {"source": 62, "prod": 0, "target": 0, "value": 0.0032772525544203577, "supply": "[{\"l\":'Energy for power irrigation',\"v\":0.0032772525544203577}]"}, {"source": 62, "prod": 0, "target": 6, "value": 0.0097747619666624583, "supply": "[{\"l\":'Energy for power irrigation',\"v\":0.0097747619666624583}]"}, {"source": 62, "prod": 0, "target": 39, "value": 0.031376130977537511, "supply": "[{\"l\":'Energy for power irrigation',\"v\":0.031376130977537511}]"}, {"source": 62, "prod": 0, "target": 31, "value": 0.021116905589786829, "supply": "[{\"l\":'Energy for power irrigation',\"v\":0.021116905589786829}]"}, {"source": 62, "prod": 0, "target": 2, "value": 0.32285212338285424, "supply": "[{\"l\":'Energy for power irrigation',\"v\":0.32285212338285424}]"}, {"source": 62, "prod": 0, "target": 27, "value": 0.00051296126938753424, "supply": "[{\"l\":'Energy for power irrigation',\"v\":0.00051296126938753424}]"}, {"source": 62, "prod": 0, "target": 14, "value": 5.6995696598614917e-05, "supply": "[{\"l\":'Energy for power irrigation',\"v\":5.6995696598614917e-05}]"}, {"source": 62, "prod": 0, "target": 15, "value": 0.0034197417959168953, "supply": "[{\"l\":'Energy for power irrigation',\"v\":0.0034197417959168953}]"}, {"source": 62, "prod": 0, "target": 17, "value": 0.0033627460993182804, "supply": "[{\"l\":'Energy for power irrigation',\"v\":0.0033627460993182804}]"}, {"source": 62, "prod": 0, "target": 18, "value": 0.0011114160836729909, "supply": "[{\"l\":'Energy for power irrigation',\"v\":0.0011114160836729909}]"}, {"source": 62, "prod": 0, "target": 20, "value": 0.046736471210864231, "supply": "[{\"l\":'Energy for power irrigation',\"v\":0.046736471210864231}]"}, {"source": 62, "prod": 0, "target": 21, "value": 0.00085493544897922383, "supply": "[{\"l\":'Energy for power irrigation',\"v\":0.00085493544897922383}]"}, {"source": 62, "prod": 0, "target": 22, "value": 0.0075234319510171684, "supply": "[{\"l\":'Energy for power irrigation',\"v\":0.0075234319510171684}]"}, {"source": 62, "prod": 0, "target": 28, "value": 0.00071244620748268646, "supply": "[{\"l\":'Energy for power irrigation',\"v\":0.00071244620748268646}]"}, {"source": 62, "prod": 0, "target": 29, "value": 0.0022798278639445967, "supply": "[{\"l\":'Energy for power irrigation',\"v\":0.0022798278639445967}]"}, {"source": 62, "prod": 0, "target": 48, "value": 0.001624377353060525, "supply": "[{\"l\":'Energy for power irrigation',\"v\":0.001624377353060525}]"}, {"source": 62, "prod": 0, "target": 7, "value": 0.0011114160836729909, "supply": "[{\"l\":'Energy for power irrigation',\"v\":0.0011114160836729909}]"}, {"source": 62, "prod": 0, "target": 24, "value": 0.0012539053251695283, "supply": "[{\"l\":'Energy for power irrigation',\"v\":0.0012539053251695283}]"}, {"source": 62, "prod": 0, "target": 33, "value": 0.0089483243659825417, "supply": "[{\"l\":'Energy for power irrigation',\"v\":0.0089483243659825417}]"}, {"source": 62, "prod": 0, "target": 3, "value": 0.0060130459911538741, "supply": "[{\"l\":'Energy for power irrigation',\"v\":0.0060130459911538741}]"}, {"source": 62, "prod": 0, "target": 25, "value": 0.081845820315611023, "supply": "[{\"l\":'Energy for power irrigation',\"v\":0.081845820315611023}]"}, {"source": 62, "prod": 0, "target": 38, "value": 0.00062695266258476414, "supply": "[{\"l\":'Energy for power irrigation',\"v\":0.00062695266258476414}]"}, {"source": 62, "prod": 0, "target": 4, "value": 0.0022228321673459818, "supply": "[{\"l\":'Energy for power irrigation',\"v\":0.0022228321673459818}]"}, {"source": 62, "prod": 0, "target": 42, "value": 0.00099742469047576121, "supply": "[{\"l\":'Energy for power irrigation',\"v\":0.00099742469047576121}]"}, {"source": 62, "prod": 0, "target": 49, "value": 0.00017098708979584475, "supply": "[{\"l\":'Energy for power irrigation',\"v\":0.00017098708979584475}]"}, {"source": 62, "prod": 0, "target": 45, "value": 0.0047876385142836524, "supply": "[{\"l\":'Energy for power irrigation',\"v\":0.0047876385142836524}]"}, {"source": 62, "prod": 0, "target": 46, "value": 0.00071244620748268646, "supply": "[{\"l\":'Energy for power irrigation',\"v\":0.00071244620748268646}]"}, {"source": 62, "prod": 0, "target": 47, "value": 0.00025806666666666669, "supply": "[{\"l\":'Electricity',\"v\":0.00025806666666666669}]"}, {"source": 63, "prod": 0, "target": 62, "value": 0.45432482527082646, "supply": [{"l": "Coal", "v": 0.05666402037649175}, {"l": "Natural gas", "v": 0.053037523072396286}, {"l": "Oil", "v": 0.34462328182193841}]}, {"source": 64, "prod": 0, "target": 62, "value": 0.39041510039402849, "supply": [{"l": "Nuclear", "v": 0.0}, {"l": "Hydroelectric", "v": 0.39041510039402849}, {"l": "Renewable", "v": 0.0}]}, {"source": 63, "prod": 0, "target": 0, "value": 0.0030747956984936227, "supply": [{"l": "Gas-Diesel oil", "v": 0.0027928776961807056}, {"l": "Fuel oil", "v": 0.00028191800231291693}]}, {"source": 63, "prod": 0, "target": 6, "value": 0.0091709123876809791, "supply": [{"l": "Gas-Diesel oil", "v": 0.0083300613025215822}, {"l": "Fuel oil", "v": 0.00084085108515939569}]}, {"source": 63, "prod": 0, "target": 39, "value": 0.029437826643838944, "supply": [{"l": "Gas-Diesel oil", "v": 0.026738768204303973}, {"l": "Fuel oil", "v": 0.0026990584395349699}]}, {"source": 63, "prod": 0, "target": 31, "value": 0.019812379239858909, "supply": [{"l": "Gas-Diesel oil", "v": 0.017995846720607851}, {"l": "Fuel oil", "v": 0.001816532519251056}]}, {"source": 63, "prod": 0, "target": 2, "value": 0.30290748233247178, "supply": [{"l": "Gas-Diesel oil", "v": 0.27513488191331492}, {"l": "Fuel oil", "v": 0.027772600419156839}]}, {"source": 63, "prod": 0, "target": 27, "value": 0.00048127237019900181, "supply": [{"l": "Gas-Diesel oil", "v": 0.0004371460741848061}, {"l": "Fuel oil", "v": 4.4126296014195697e-05}]}, {"source": 63, "prod": 0, "target": 14, "value": 5.347470779988909e-05, "supply": [{"l": "Gas-Diesel oil", "v": 4.8571786020534013e-05}, {"l": "Fuel oil", "v": 4.9029217793550775e-06}]}, {"source": 63, "prod": 0, "target": 15, "value": 0.0032084824679933458, "supply": [{"l": "Gas-Diesel oil", "v": 0.0029143071612320408}, {"l": "Fuel oil", "v": 0.00029417530676130465}]}, {"source": 63, "prod": 0, "target": 17, "value": 0.0031550077601934564, "supply": [{"l": "Gas-Diesel oil", "v": 0.0028657353752115067}, {"l": "Fuel oil", "v": 0.00028927238498194956}]}, {"source": 63, "prod": 0, "target": 18, "value": 0.0010427568020978373, "supply": [{"l": "Gas-Diesel oil", "v": 0.00094714982740041326}, {"l": "Fuel oil", "v": 9.5606974697424001e-05}]}, {"source": 63, "prod": 0, "target": 20, "value": 0.04384926039590905, "supply": [{"l": "Gas-Diesel oil", "v": 0.039828864536837885}, {"l": "Fuel oil", "v": 0.0040203958590711627}]}, {"source": 63, "prod": 0, "target": 21, "value": 0.00080212061699833645, "supply": [{"l": "Gas-Diesel oil", "v": 0.00072857679030801021}, {"l": "Fuel oil", "v": 7.3543826690326163e-05}]}, {"source": 63, "prod": 0, "target": 22, "value": 0.0070586614295853594, "supply": [{"l": "Gas-Diesel oil", "v": 0.0064114757547104892}, {"l": "Fuel oil", "v": 0.00064718567487487017}]}, {"source": 63, "prod": 0, "target": 28, "value": 0.00066843384749861367, "supply": [{"l": "Gas-Diesel oil", "v": 0.00060714732525667516}, {"l": "Fuel oil", "v": 6.1286522241938465e-05}]}, {"source": 63, "prod": 0, "target": 29, "value": 0.0021389883119955636, "supply": [{"l": "Gas-Diesel oil", "v": 0.0019428714408213606}, {"l": "Fuel oil", "v": 0.00019611687117420309}]}, {"source": 63, "prod": 0, "target": 48, "value": 0.001524029172296839, "supply": [{"l": "Gas-Diesel oil", "v": 0.0013842959015852193}, {"l": "Fuel oil", "v": 0.00013973327071161969}]}, {"source": 63, "prod": 0, "target": 7, "value": 0.0010427568020978373, "supply": [{"l": "Gas-Diesel oil", "v": 0.00094714982740041326}, {"l": "Fuel oil", "v": 9.5606974697424001e-05}]}, {"source": 63, "prod": 0, "target": 24, "value": 0.00117644357159756, "supply": [{"l": "Gas-Diesel oil", "v": 0.0010685792924517482}, {"l": "Fuel oil", "v": 0.0001078642791458117}]}, {"source": 63, "prod": 0, "target": 33, "value": 0.0083955291245825878, "supply": [{"l": "Gas-Diesel oil", "v": 0.0076257704052238402}, {"l": "Fuel oil", "v": 0.0007697587193587471}]}, {"source": 63, "prod": 0, "target": 3, "value": 0.0056415816728882986, "supply": [{"l": "Gas-Diesel oil", "v": 0.005124323425166338}, {"l": "Fuel oil", "v": 0.00051725824772196061}]}, {"source": 63, "prod": 0, "target": 25, "value": 0.076789680400640742, "supply": [{"l": "Gas-Diesel oil", "v": 0.06974908472548684}, {"l": "Fuel oil", "v": 0.0070405956751538913}]}, {"source": 63, "prod": 0, "target": 38, "value": 0.00058822178579877999, "supply": [{"l": "Gas-Diesel oil", "v": 0.0005342896462258741}, {"l": "Fuel oil", "v": 5.393213957290585e-05}]}, {"source": 63, "prod": 0, "target": 4, "value": 0.0020855136041956746, "supply": [{"l": "Gas-Diesel oil", "v": 0.0018942996548008265}, {"l": "Fuel oil", "v": 0.000191213949394848}]}, {"source": 63, "prod": 0, "target": 42, "value": 0.00093580738649805912, "supply": [{"l": "Gas-Diesel oil", "v": 0.00085000625535934526}, {"l": "Fuel oil", "v": 8.5801131138713862e-05}]}, {"source": 63, "prod": 0, "target": 49, "value": 0.00016042412339966727, "supply": [{"l": "Gas-Diesel oil", "v": 0.00014571535806160203}, {"l": "Fuel oil", "v": 1.4708765338065232e-05}]}, {"source": 63, "prod": 0, "target": 45, "value": 0.0044918754551906831, "supply": [{"l": "Gas-Diesel oil", "v": 0.0040800300257248564}, {"l": "Fuel oil", "v": 0.00041184542946582644}]}, {"source": 63, "prod": 0, "target": 46, "value": 0.00066843384749861367, "supply": [{"l": "Gas-Diesel oil", "v": 0.00060714732525667516}, {"l": "Fuel oil", "v": 6.1286522241938465e-05}]}, {"source": 63, "prod": 0, "target": 1, "value": 0.012350555565435999, "supply": [{"l": "Gas-diesel oils used in fisheries", "v": 0.012350555565435999}]}, {"source": 65, "prod": 0.25521222967182533, "target": 0, "value": 0.0032917692994860978, "supply": [{"l": "Potash", "v": 0.0034663777805508801}, {"l": "Phosphate", "v": 0.065048208385371897}, {"l": "Nitrogen", "v": 0.4993013059549965}]}, {"source": 65, "prod": 0.761198215455966, "target": 6, "value": 0.0098180597367281009, "supply": [{"l": "Potash", "v": 0.0034663777805508801}, {"l": "Phosphate", "v": 0.065048208385371897}, {"l": "Nitrogen", "v": 0.4993013059549965}]}, {"source": 65, "prod": 2.4433796945102584, "target": 39, "value": 0.031515113032471245, "supply": [{"l": "Potash", "v": 0.0034663777805508801}, {"l": "Phosphate", "v": 0.065048208385371897}, {"l": "Nitrogen", "v": 0.4993013059549965}]}, {"source": 65, "prod": 1.6444544537984573, "target": 31, "value": 0.02121044392103651, "supply": [{"l": "Potash", "v": 0.0034663777805508801}, {"l": "Phosphate", "v": 0.065048208385371897}, {"l": "Nitrogen", "v": 0.4993013059549965}]}, {"source": 65, "prod": 25.141733477844433, "target": 2, "value": 0.32428221212067831, "supply": [{"l": "Potash", "v": 0.0034663777805508801}, {"l": "Phosphate", "v": 0.065048208385371897}, {"l": "Nitrogen", "v": 0.4993013059549965}]}, {"source": 65, "prod": 0.039946262035590055, "target": 27, "value": 0.00051523345557173705, "supply": [{"l": "Potash", "v": 0.0034663777805508801}, {"l": "Phosphate", "v": 0.065048208385371897}, {"l": "Nitrogen", "v": 0.4993013059549965}]}, {"source": 65, "prod": 0.0044384735595100061, "target": 14, "value": 5.7248161730193004e-05, "supply": [{"l": "Potash", "v": 0.0034663777805508801}, {"l": "Phosphate", "v": 0.065048208385371897}, {"l": "Nitrogen", "v": 0.4993013059549965}]}, {"source": 65, "prod": 0.26630841357060037, "target": 15, "value": 0.0034348897038115806, "supply": [{"l": "Potash", "v": 0.0034663777805508801}, {"l": "Phosphate", "v": 0.065048208385371897}, {"l": "Nitrogen", "v": 0.4993013059549965}]}, {"source": 65, "prod": 0.26186994001109037, "target": 17, "value": 0.0033776415420813874, "supply": [{"l": "Potash", "v": 0.0034663777805508801}, {"l": "Phosphate", "v": 0.065048208385371897}, {"l": "Nitrogen", "v": 0.4993013059549965}]}, {"source": 65, "prod": 0.086550234410445126, "target": 18, "value": 0.0011163391537387635, "supply": [{"l": "Potash", "v": 0.0034663777805508801}, {"l": "Phosphate", "v": 0.065048208385371897}, {"l": "Nitrogen", "v": 0.4993013059549965}]}, {"source": 65, "prod": 3.6395483187982047, "target": 20, "value": 0.046943492618758263, "supply": [{"l": "Potash", "v": 0.0034663777805508801}, {"l": "Phosphate", "v": 0.065048208385371897}, {"l": "Nitrogen", "v": 0.4993013059549965}]}, {"source": 65, "prod": 0.066577103392650092, "target": 21, "value": 0.00085872242595289516, "supply": [{"l": "Potash", "v": 0.0034663777805508801}, {"l": "Phosphate", "v": 0.065048208385371897}, {"l": "Nitrogen", "v": 0.4993013059549965}]}, {"source": 65, "prod": 0.58587850985532075, "target": 22, "value": 0.0075567573483854766, "supply": [{"l": "Potash", "v": 0.0034663777805508801}, {"l": "Phosphate", "v": 0.065048208385371897}, {"l": "Nitrogen", "v": 0.4993013059549965}]}, {"source": 65, "prod": 0.055480919493875083, "target": 28, "value": 0.00071560202162741261, "supply": [{"l": "Potash", "v": 0.0034663777805508801}, {"l": "Phosphate", "v": 0.065048208385371897}, {"l": "Nitrogen", "v": 0.4993013059549965}]}, {"source": 65, "prod": 0.17753894238040024, "target": 29, "value": 0.0022899264692077203, "supply": [{"l": "Potash", "v": 0.0034663777805508801}, {"l": "Phosphate", "v": 0.065048208385371897}, {"l": "Nitrogen", "v": 0.4993013059549965}]}, {"source": 65, "prod": 0.12649649644603517, "target": 48, "value": 0.0016315726093105007, "supply": [{"l": "Potash", "v": 0.0034663777805508801}, {"l": "Phosphate", "v": 0.065048208385371897}, {"l": "Nitrogen", "v": 0.4993013059549965}]}, {"source": 65, "prod": 0.086550234410445126, "target": 7, "value": 0.0011163391537387635, "supply": [{"l": "Potash", "v": 0.0034663777805508801}, {"l": "Phosphate", "v": 0.065048208385371897}, {"l": "Nitrogen", "v": 0.4993013059549965}]}, {"source": 65, "prod": 0.097646418309220134, "target": 24, "value": 0.0012594595580642462, "supply": [{"l": "Potash", "v": 0.0034663777805508801}, {"l": "Phosphate", "v": 0.065048208385371897}, {"l": "Nitrogen", "v": 0.4993013059549965}]}, {"source": 65, "prod": 0.696840348843071, "target": 33, "value": 0.0089879613916403027, "supply": [{"l": "Potash", "v": 0.0034663777805508801}, {"l": "Phosphate", "v": 0.065048208385371897}, {"l": "Nitrogen", "v": 0.4993013059549965}]}, {"source": 65, "prod": 0.46825896052830562, "target": 3, "value": 0.0060396810625353622, "supply": [{"l": "Potash", "v": 0.0034663777805508801}, {"l": "Phosphate", "v": 0.065048208385371897}, {"l": "Nitrogen", "v": 0.4993013059549965}]}, {"source": 65, "prod": 6.3736480314563693, "target": 25, "value": 0.08220836024455716, "supply": [{"l": "Potash", "v": 0.0034663777805508801}, {"l": "Phosphate", "v": 0.065048208385371897}, {"l": "Nitrogen", "v": 0.4993013059549965}]}, {"source": 65, "prod": 0.048823209154610067, "target": 38, "value": 0.00062972977903212309, "supply": [{"l": "Potash", "v": 0.0034663777805508801}, {"l": "Phosphate", "v": 0.065048208385371897}, {"l": "Nitrogen", "v": 0.4993013059549965}]}, {"source": 65, "prod": 0.17310046882089025, "target": 4, "value": 0.002232678307477527, "supply": [{"l": "Potash", "v": 0.0034663777805508801}, {"l": "Phosphate", "v": 0.065048208385371897}, {"l": "Nitrogen", "v": 0.4993013059549965}]}, {"source": 65, "prod": 0.077673287291425114, "target": 42, "value": 0.0010018428302783777, "supply": [{"l": "Potash", "v": 0.0034663777805508801}, {"l": "Phosphate", "v": 0.065048208385371897}, {"l": "Nitrogen", "v": 0.4993013059549965}]}, {"source": 65, "prod": 0.013315420678530018, "target": 49, "value": 0.00017174448519057903, "supply": [{"l": "Potash", "v": 0.0034663777805508801}, {"l": "Phosphate", "v": 0.065048208385371897}, {"l": "Nitrogen", "v": 0.4993013059549965}]}, {"source": 65, "prod": 0.37283177899884051, "target": 45, "value": 0.0048088455853362118, "supply": [{"l": "Potash", "v": 0.0034663777805508801}, {"l": "Phosphate", "v": 0.065048208385371897}, {"l": "Nitrogen", "v": 0.4993013059549965}]}, {"source": 65, "prod": 0.055480919493875083, "target": 46, "value": 0.00071560202162741261, "supply": [{"l": "Potash", "v": 0.0034663777805508801}, {"l": "Phosphate", "v": 0.065048208385371897}, {"l": "Nitrogen", "v": 0.4993013059549965}]}, {"source": 63, "prod": 0, "target": 65, "value": 0.66955848229790982, "supply": [{"l": "Natural gas (including LNG)", "v": 0.4590541236421054}, {"l": "Fuel oil", "v": 0.12224227441075965}, {"l": "Liquefied petroleum gas (LPG)", "v": 0.044131042122522342}, {"l": "Coal", "v": 0.044131042122522342}]}, {"source": 66, "prod": 0, "target": 0, "value": 0.023520300810533423, "supply": "[{\"l\":'Labor',\"v\":0.023520300810533423}]"}, {"source": 66, "prod": 0, "target": 6, "value": 0.070151853721851856, "supply": "[{\"l\":'Labor',\"v\":0.070151853721851856}]"}, {"source": 66, "prod": 0, "target": 7, "value": 0.0079764498400939441, "supply": "[{\"l\":'Labor',\"v\":0.0079764498400939441}]"}, {"source": 66, "prod": 0, "target": 50, "value": 0.00020452435487420368, "supply": "[{\"l\":'Labor',\"v\":0.00020452435487420368}]"}, {"source": 66, "prod": 0, "target": 14, "value": 0.00040904870974840736, "supply": "[{\"l\":'Labor',\"v\":0.00040904870974840736}]"}, {"source": 66, "prod": 0, "target": 2, "value": 2.3170564163698537, "supply": "[{\"l\":'Labor',\"v\":2.3170564163698537}]"}, {"source": 66, "prod": 0, "target": 15, "value": 0.024542922584904443, "supply": "[{\"l\":'Labor',\"v\":0.024542922584904443}]"}, {"source": 66, "prod": 0, "target": 17, "value": 0.024133873875156035, "supply": "[{\"l\":'Labor',\"v\":0.024133873875156035}]"}, {"source": 66, "prod": 0, "target": 18, "value": 0.0079764498400939441, "supply": "[{\"l\":'Labor',\"v\":0.0079764498400939441}]"}, {"source": 66, "prod": 0, "target": 20, "value": 0.33541994199369402, "supply": "[{\"l\":'Labor',\"v\":0.33541994199369402}]"}, {"source": 66, "prod": 0, "target": 21, "value": 0.0061357306462261106, "supply": "[{\"l\":'Labor',\"v\":0.0061357306462261106}]"}, {"source": 66, "prod": 0, "target": 22, "value": 0.053994429686789767, "supply": "[{\"l\":'Labor',\"v\":0.053994429686789767}]"}, {"source": 66, "prod": 0, "target": 48, "value": 0.011657888227829609, "supply": "[{\"l\":'Labor',\"v\":0.011657888227829609}]"}, {"source": 66, "prod": 0, "target": 24, "value": 0.0089990716144649624, "supply": "[{\"l\":'Labor',\"v\":0.0089990716144649624}]"}, {"source": 66, "prod": 0, "target": 27, "value": 0.003681438387735666, "supply": "[{\"l\":'Labor',\"v\":0.003681438387735666}]"}, {"source": 66, "prod": 0, "target": 28, "value": 0.0051131088718550924, "supply": "[{\"l\":'Labor',\"v\":0.0051131088718550924}]"}, {"source": 66, "prod": 0, "target": 29, "value": 0.016361948389936296, "supply": "[{\"l\":'Labor',\"v\":0.016361948389936296}]"}, {"source": 66, "prod": 0, "target": 31, "value": 0.15155254696178494, "supply": "[{\"l\":'Labor',\"v\":0.15155254696178494}]"}, {"source": 66, "prod": 0, "target": 33, "value": 0.064220647430499961, "supply": "[{\"l\":'Labor',\"v\":0.064220647430499961}]"}, {"source": 66, "prod": 0, "target": 3, "value": 0.043154638878456976, "supply": "[{\"l\":'Labor',\"v\":0.043154638878456976}]"}, {"source": 66, "prod": 0, "target": 25, "value": 0.58739394719871296, "supply": "[{\"l\":'Labor',\"v\":0.58739394719871296}]"}, {"source": 66, "prod": 0, "target": 38, "value": 0.0044995358072324812, "supply": "[{\"l\":'Labor',\"v\":0.0044995358072324812}]"}, {"source": 66, "prod": 0, "target": 39, "value": 0.22518131471649824, "supply": "[{\"l\":'Labor',\"v\":0.22518131471649824}]"}, {"source": 66, "prod": 0, "target": 4, "value": 0.015952899680187888, "supply": "[{\"l\":'Labor',\"v\":0.015952899680187888}]"}, {"source": 66, "prod": 0, "target": 42, "value": 0.0071583524205971289, "supply": "[{\"l\":'Labor',\"v\":0.0071583524205971289}]"}, {"source": 66, "prod": 0, "target": 49, "value": 0.0012271461292452221, "supply": "[{\"l\":'Labor',\"v\":0.0012271461292452221}]"}, {"source": 66, "prod": 0, "target": 45, "value": 0.034360091618866218, "supply": "[{\"l\":'Labor',\"v\":0.034360091618866218}]"}, {"source": 66, "prod": 0, "target": 46, "value": 0.0051131088718550924, "supply": "[{\"l\":'Labor',\"v\":0.0051131088718550924}]"}, {"source": 63, "prod": 0, "target": 57, "value": 0.033028208960765526, "supply": "[{\"l\":'Fossil Fuels',\"v\":0.033028208960765526}]"}, {"source": 64, "prod": 0, "target": 57, "value": 0.13998767799281034, "supply": "[{\"l\":'Renewables & Nuclear',\"v\":0.00089782957525919721},{\"l\":'Biomass & Waste',\"v\":0.13908984841755115}]"}]}