{"nodes": [{"layer": 13, "name": "Milk - Excluding Butter"}, {"layer": 10, "name": "Feed", "fill": "#dbdb8d"}, {"layer": 5, "name": "Cereals - Excluding Beer"}, {"layer": 5, "name": "Starchy Roots"}, {"layer": 13, "name": "Fish, Seafood"}, {"layer": 16, "name": "Food", "fill": "#b5cf6b"}, {"layer": 5, "name": "Oilcrops", "fill": "#ff9896"}, {"layer": 5, "name": "Treenuts"}, {"layer": 5, "name": "Pulses"}, {"layer": 5, "name": "Vegetables"}, {"layer": 5, "name": "Others"}, {"layer": 13, "name": "Animal Fats"}, {"layer": 13, "name": "Sugar & Sweeteners"}, {"layer": 13, "name": "Alcoholic Beverages"}, {"layer": 13, "name": "Vegetable Oils", "fill": "#f7b6d2"}, {"layer": 5, "name": "Spices"}, {"layer": 5, "name": "Stimulants"}, {"layer": 13, "name": "Eggs"}, {"layer": 5, "name": "Fruits - Excluding Wine"}, {"layer": 13, "name": "Meat"}, {"layer": 10, "name": "Processing", "fill": "#9edae5"}, {"layer": 5, "name": "Sugar Crops", "fill": "#ffbb78"}, {"layer": 16, "name": "Biofuels & Other", "fill": "#e7ba52"}, {"layer": 13, "name": "Aquatic Products, Other"}, {"name": "Waste", "fill": "#c7c7c7"}, {"layer": 2, "name": "Import", "fill": "#aec7e8"}, {"layer": 16, "name": "Export", "fill": "#aec7e8"}, {"layer": 16, "name": "Stock Deposit", "fill": "#c7c7c7"}, {"layer": 0, "name": "Stock Draw", "fill": "#c7c7c7"}, {"layer": 2, "name": "Electricity", "fill": "#bcbd22"}, {"layer": 0, "name": "Fossil Fuels", "fill": "#c49c94"}, {"layer": 0, "name": "Renewables & Nuclear", "fill": "#2ca02c"}, {"layer": 2, "name": "Fertilizers", "fill": "#c5b0d5"}, {"layer": 0, "name": "Labor", "fill": "#7f7f7f"}], "links": [{"source": 0, "prod": 68.0, "target": 1, "value": 0.040700593559199562, "supply": [{"l": "Milk - Excluding Butter", "v": 0.040700593559199562}]}, {"source": 2, "prod": 3586.0, "target": 1, "value": 12.046640873727258, "supply": [{"l": "Maize", "v": 6.694018900651022}, {"l": "Wheat", "v": 0.21937798381215359}, {"l": "Oats", "v": 0.27912438302794523}, {"l": "Rye", "v": 0.46341431855837506}, {"l": "Millet", "v": 0.082219270018231594}, {"l": "Barley", "v": 0.55745879138694343}, {"l": "Sorghum", "v": 3.737550982912111}, {"l": "Cereals, Other", "v": 0.013476243360476189}]}, {"source": 3, "prod": 122.0, "target": 1, "value": 0.11893136442117118, "supply": [{"l": "Cassava", "v": 0.11893136442117118}]}, {"source": 4, "prod": 2.0, "target": 1, "value": 0.001118089362221278, "supply": [{"l": "Demersal Fish", "v": 0.00050137992030118111}, {"l": "Fish, Seafood", "v": 0.00061670944192009688}]}, {"source": 0, "prod": 2945.0, "target": 5, "value": 1.762694823997687, "supply": [{"l": "Milk - Excluding Butter", "v": 1.762694823997687}]}, {"source": 6, "prod": 7.0, "target": 5, "value": 0.012831527626980683, "supply": [{"l": "Olives", "v": 0.0096477651330681823}, {"l": "Coconuts - Incl Copra", "v": 0.0031837624939125004}]}, {"source": 7, "prod": 6.0, "target": 5, "value": 0.018192928536642859, "supply": [{"l": "Treenuts", "v": 0.018192928536642859}]}, {"source": 8, "prod": 45.0, "target": 5, "value": 0.17124377742913124, "supply": [{"l": "Peas", "v": 0.073323015011318188}, {"l": "Beans", "v": 0.052438441076205891}, {"l": "Pulses, Other", "v": 0.045482321341607151}]}, {"source": 9, "prod": 1770.0, "target": 5, "value": 0.51532848408808396, "supply": [{"l": "Tomatoes", "v": 0.063357959097319824}, {"l": "Vegetables, Other", "v": 0.36164051934952579}, {"l": "Onions", "v": 0.090330005641238373}]}, {"source": 10, "prod": 6.0, "target": 5, "value": 0.0169800666342, "supply": [{"l": "Nuts", "v": 0.0169800666342}]}, {"source": 11, "prod": 78.0, "target": 5, "value": 0.65136599146314078, "supply": [{"l": "Butter, Ghee", "v": 0.31718382898154496}, {"l": "Fats, Animals, Raw", "v": 0.33418216248159582}]}, {"source": 3, "prod": 1445.0, "target": 5, "value": 1.2294406672174083, "supply": [{"l": "Potatoes", "v": 0.78609525351703013}, {"l": "Sweet potatoes", "v": 0.3439109942662843}, {"l": "Cassava", "v": 0.099434419434093965}]}, {"source": 4, "prod": 176.0, "target": 5, "value": 0.11919735269565246, "supply": [{"l": "Crustaceans", "v": 0.00096477651330681825}, {"l": "Demersal Fish", "v": 0.02707451569626378}, {"l": "Freshwater Fish", "v": 0.0032864645098451615}, {"l": "Pelagic Fish", "v": 0.026627831767268188}, {"l": "Fish, Seafood", "v": 0.054270430888968525}, {"l": "Cephalopods", "v": 0.0011622222200000001}, {"l": "Molluscs, Other", "v": 0.0058111111000000003}]}, {"source": 12, "prod": 785.0, "target": 5, "value": 3.3941704303864388, "supply": [{"l": "Sugar", "v": 3.2323132832408272}, {"l": "Sweeteners, Other", "v": 0.15124460549923655}, {"l": "Honey", "v": 0.010612541646375}]}, {"source": 13, "prod": 2089.0, "target": 5, "value": 1.8069532195111122, "supply": [{"l": "Beer", "v": 0.081400694169839929}, {"l": "Beverages, Alcoholic", "v": 0.30636205130101418}, {"l": "Wine", "v": 1.4191904740402581}]}, {"source": 2, "prod": 2893.0, "target": 5, "value": 9.1873209251952392, "supply": [{"l": "Maize", "v": 0.20897397796300532}, {"l": "Rye", "v": 0.010612541646375}, {"l": "Rice", "v": 0.31805170683325684}, {"l": "Cereals, Other", "v": 0.043797790921547619}, {"l": "Wheat", "v": 8.6058849078310544}]}, {"source": 14, "prod": 196.0, "target": 5, "value": 2.0190860098668955, "supply": [{"l": "Maize Germ Oil", "v": 0.031837624939125002}, {"l": "Groundnut Oil", "v": 0.12263381458033333}, {"l": "Sunflowerseed Oil", "v": 1.6627523857826336}, {"l": "Olive Oil", "v": 0.014150055528500001}, {"l": "Rape and Mustard Oil", "v": 0.014150055528500001}, {"l": "Cottonseed Oil", "v": 0.17356207350780384}]}, {"source": 15, "prod": 3.0, "target": 5, "value": 0.013290841244428572, "supply": [{"l": "Pepper", "v": 0.0011622222200000001}, {"l": "Pimento", "v": 0.012128619024428572}]}, {"source": 16, "prod": 202.0, "target": 5, "value": 0.10766592462598668, "supply": [{"l": "Cocoa Beans", "v": 0.0084900333171}, {"l": "Coffee", "v": 0.017971603371963504}, {"l": "Tea", "v": 0.081204287936923178}]}, {"source": 17, "prod": 146.0, "target": 5, "value": 0.21746401128010526, "supply": [{"l": "Eggs", "v": 0.21746401128010526}]}, {"source": 18, "prod": 1543.0, "target": 5, "value": 0.71474608417093921, "supply": [{"l": "Grapes", "v": 0.054366002820026314}, {"l": "Lemons, Limes", "v": 0.0089866647924735366}, {"l": "Pineapples", "v": 0.0092859739405781253}, {"l": "Bananas", "v": 0.15379486582615573}, {"l": "Fruits, Other", "v": 0.16297301717090559}, {"l": "Grapefruit", "v": 0.0091112552671317078}, {"l": "Oranges, Mandarines", "v": 0.20793024156861303}, {"l": "Apples", "v": 0.10829806278505512}]}, {"source": 19, "prod": 2376.0, "target": 5, "value": 6.1037338138532187, "supply": [{"l": "Mutton & Goat Meat", "v": 0.36066188044734887}, {"l": "Pigmeat", "v": 0.51637056262416692}, {"l": "Poultry Meat", "v": 0.099642441232073248}, {"l": "Meat, Other", "v": 0.018269691948189878}, {"l": "Offals, Edible", "v": 0.22598471035222059}, {"l": "Bovine Meat", "v": 4.8828045272492195}]}, {"source": 2, "prod": 90.0, "target": 20, "value": 0.28586027894007104, "supply": [{"l": "Maize", "v": 0.16101273711903688}, {"l": "Barley", "v": 0.12484754182103419}]}, {"source": 21, "prod": 9006.0, "target": 20, "value": 2.9072714849354599, "supply": [{"l": "Sugar cane", "v": 2.9072714849354599}]}, {"source": 6, "prod": 1849.0, "target": 20, "value": 3.567743546208614, "supply": [{"l": "Sunflower seed", "v": 1.285082315724682}, {"l": "Olives", "v": 0.067534355931477275}, {"l": "Soyabeans", "v": 0.0019295530266136365}, {"l": "Cottonseed", "v": 0.31258759031140909}, {"l": "Rape and Mustardseed", "v": 0.007718212106454546}, {"l": "Groundnuts", "v": 0.37433328716304554}, {"l": "Oilcrops, Other", "v": 1.5185582319449318}]}, {"source": 18, "prod": 2370.0, "target": 20, "value": 1.7648615080977541, "supply": [{"l": "Apples", "v": 0.00057300562320134992}, {"l": "Grapes", "v": 1.7642885024745527}]}, {"source": 19, "prod": 212.0, "target": 22, "value": 0.2646892740037059, "supply": [{"l": "Offals, Edible", "v": 0.2646892740037059}]}, {"source": 11, "prod": 104.0, "target": 22, "value": 0.86887362245214905, "supply": [{"l": "Fats, Animals, Raw", "v": 0.86887362245214905}]}, {"source": 0, "prod": 1028.0, "target": 22, "value": 0.61529720851260516, "supply": [{"l": "Milk - Excluding Butter", "v": 0.61529720851260516}]}, {"source": 23, "prod": 18.0, "target": 22, "value": 0.011100769954561744, "supply": [{"l": "Aquatic Plants", "v": 0.0055503849772808719}, {"l": "Aquatic Products, Other", "v": 0.0055503849772808719}]}, {"source": 2, "prod": 33.0, "target": 22, "value": 0.11305149627506843, "supply": [{"l": "Maize", "v": 0.11305149627506843}]}, {"source": 14, "prod": 10.0, "target": 22, "value": 0.1057767784333172, "supply": [{"l": "Olive Oil", "v": 0.014150055528500001}, {"l": "Palmkernel Oil", "v": 0.020876445262317182}, {"l": "Oilcrops Oil, Other", "v": 0.070750277642500012}]}, {"source": 6, "prod": 2.0, "target": 22, "value": 0.003859106053227273, "supply": [{"l": "Cottonseed", "v": 0.0019295530266136365}, {"l": "Oilcrops, Other", "v": 0.0019295530266136365}]}, {"source": 3, "prod": 154.0, "target": 3, "value": 0.1202171489986322, "supply": [{"l": "Potatoes", "v": 0.1202171489986322}]}, {"source": 2, "prod": 974.0, "target": 2, "value": 3.0326096045827393, "supply": [{"l": "Maize", "v": 0.28434164214638424}, {"l": "Wheat", "v": 1.4416267507655809}, {"l": "Oats", "v": 0.3047107848055069}, {"l": "Rye", "v": 0.56600222114000009}, {"l": "Millet", "v": 0.010277408752278949}, {"l": "Barley", "v": 0.27292253328319105}, {"l": "Rice", "v": 0.022717979059518348}, {"l": "Sorghum", "v": 0.11990310210992107}, {"l": "Cereals, Other", "v": 0.010107182520357144}]}, {"source": 17, "prod": 3.0, "target": 17, "value": 0.0044684385879473695, "supply": [{"l": "Eggs", "v": 0.0044684385879473695}]}, {"source": 8, "prod": 6.0, "target": 8, "value": 0.022858717472845163, "supply": [{"l": "Peas", "v": 0.011577318159681819}, {"l": "Beans", "v": 0.0074912058680294122}, {"l": "Pulses, Other", "v": 0.0037901934451339291}]}, {"source": 6, "prod": 85.0, "target": 6, "value": 0.16401200726215909, "supply": [{"l": "Sunflower seed", "v": 0.013506871186295457}, {"l": "Soyabeans", "v": 0.0019295530266136365}, {"l": "Cottonseed", "v": 0.05981614382502274}, {"l": "Groundnuts", "v": 0.030872848425818184}, {"l": "Oilcrops, Other", "v": 0.05788659079840909}]}, {"source": 0, "prod": 58.0, "target": 24, "value": 0.034715212153434927, "supply": [{"l": "Milk - Excluding Butter", "v": 0.034715212153434927}]}, {"source": 19, "prod": 5.0, "target": 24, "value": 0.0053734388082911401, "supply": [{"l": "Meat, Other", "v": 0.0053734388082911401}]}, {"source": 17, "prod": 8.0, "target": 24, "value": 0.011915836234526318, "supply": [{"l": "Eggs", "v": 0.011915836234526318}]}, {"source": 13, "prod": 17.0, "target": 24, "value": 0.013403465588157993, "supply": [{"l": "Wine", "v": 0.013403465588157993}]}, {"source": 21, "prod": 772.0, "target": 24, "value": 0.24921314527761215, "supply": [{"l": "Sugar cane", "v": 0.24921314527761215}]}, {"source": 3, "prod": 177.0, "target": 24, "value": 0.1489062699430021, "supply": [{"l": "Potatoes", "v": 0.10070137805729583}, {"l": "Sweet potatoes", "v": 0.029682794147982867}, {"l": "Cassava", "v": 0.018522097737723384}]}, {"source": 18, "prod": 137.0, "target": 24, "value": 0.065995901427197343, "supply": [{"l": "Grapes", "v": 0.0059579181172631588}, {"l": "Fruits, Other", "v": 0.014427119552834265}, {"l": "Grapefruit", "v": 0.00062122195003170742}, {"l": "Lemons, Limes", "v": 0.00070947353624791084}, {"l": "Bananas", "v": 0.011830374294319672}, {"l": "Apples", "v": 0.016044157449637796}, {"l": "Oranges, Mandarines", "v": 0.015742352673964396}, {"l": "Pineapples", "v": 0.0006632838528984375}]}, {"source": 2, "prod": 453.0, "target": 24, "value": 1.4655522289997649, "supply": [{"l": "Maize", "v": 0.38026412383432112}, {"l": "Oats", "v": 0.032564511353260273}, {"l": "Rye", "v": 0.035375138821250006}, {"l": "Barley", "v": 0.020324018435982315}, {"l": "Sorghum", "v": 0.10962569335764213}, {"l": "Cereals, Other", "v": 0.0033690608401190474}, {"l": "Rice", "v": 0.031805170683325688}, {"l": "Wheat", "v": 0.81796648249960124}, {"l": "Millet", "v": 0.034258029174263162}]}, {"source": 9, "prod": 250.0, "target": 24, "value": 0.068783240557492312, "supply": [{"l": "Tomatoes", "v": 0.007013796210035405}, {"l": "Vegetables, Other", "v": 0.05880780481823597}, {"l": "Onions", "v": 0.0029616395292209304}]}, {"source": 6, "prod": 97.0, "target": 24, "value": 0.18716664358152271, "supply": [{"l": "Sunflower seed", "v": 0.003859106053227273}, {"l": "Groundnuts", "v": 0.011577318159681819}, {"l": "Oilcrops, Other", "v": 0.17173021936861363}]}, {"source": 25, "prod": 1.0, "target": 10, "value": 0.0028300111056999999, "supply": [{"l": "Nuts", "v": 0.0028300111056999999}]}, {"source": 25, "prod": 10.0, "target": 1, "value": 0.0062467987067733911, "supply": [{"l": "Demersal Fish", "v": 0.0020055196812047245}, {"l": "Pelagic Fish", "v": 0.0011577318159681819}, {"l": "Fish, Seafood", "v": 0.0030835472096004844}]}, {"source": 25, "prod": 4.0, "target": 2, "value": 0.013703211669705267, "supply": [{"l": "Sorghum", "v": 0.013703211669705267}]}, {"source": 25, "prod": 1.0, "target": 15, "value": 0.0011622222200000001, "supply": [{"l": "Pepper", "v": 0.0011622222200000001}]}, {"source": 25, "prod": 1.0, "target": 7, "value": 0.0030321547561071431, "supply": [{"l": "Treenuts", "v": 0.0030321547561071431}]}, {"source": 25, "prod": 2.0, "target": 9, "value": 0.00072739979520466849, "supply": [{"l": "Onions", "v": 0.00049360658820348836}, {"l": "Tomatoes", "v": 0.00023379320700118013}]}, {"source": 25, "prod": 62.0, "target": 16, "value": 0.039180380582798463, "supply": [{"l": "Coffee", "v": 0.017971603371963504}, {"l": "Cocoa Beans", "v": 0.0084900333171}, {"l": "Tea", "v": 0.012718743893734957}]}, {"source": 25, "prod": 193.0, "target": 18, "value": 0.14089415837006042, "supply": [{"l": "Pineapples", "v": 0.008622690087679687}, {"l": "Bananas", "v": 0.13013411723751639}, {"l": "Fruits, Other", "v": 0.0021373510448643358}]}, {"source": 25, "prod": 2.0, "target": 6, "value": 0.0031837624939125004, "supply": [{"l": "Coconuts - Incl Copra", "v": 0.0031837624939125004}]}, {"source": 25, "prod": 15.0, "target": 20, "value": 0.065128741561352552, "supply": [{"l": "Beverages, Alcoholic", "v": 0.044252296299035369}, {"l": "Palmkernel Oil", "v": 0.020876445262317182}]}, {"source": 25, "prod": 110.0, "target": 3, "value": 0.085869392141880135, "supply": [{"l": "Potatoes", "v": 0.085869392141880135}]}, {"source": 0, "prod": 44.0, "target": 26, "value": 0.026335678185364423, "supply": [{"l": "Milk - Excluding Butter", "v": 0.026335678185364423}]}, {"source": 6, "prod": 14.0, "target": 26, "value": 0.02701374237259091, "supply": [{"l": "Olives", "v": 0.0057886590798409097}, {"l": "Oilcrops, Other", "v": 0.02122508329275}]}, {"source": 12, "prod": 52.0, "target": 26, "value": 0.24342120225412839, "supply": [{"l": "Sugar", "v": 0.14260205661356587}, {"l": "Honey", "v": 0.1008191456405625}]}, {"source": 17, "prod": 8.0, "target": 26, "value": 0.011915836234526318, "supply": [{"l": "Eggs", "v": 0.011915836234526318}]}, {"source": 11, "prod": 32.0, "target": 26, "value": 0.26726200685012713, "supply": [{"l": "Fats, Animals, Raw", "v": 0.17544563530283777}, {"l": "Butter, Ghee", "v": 0.091816371547289333}]}, {"source": 3, "prod": 4.0, "target": 26, "value": 0.0031225233506138239, "supply": [{"l": "Potatoes", "v": 0.0031225233506138239}]}, {"source": 8, "prod": 20.0, "target": 26, "value": 0.07590521097340408, "supply": [{"l": "Beans", "v": 0.026219220538102946}, {"l": "Peas", "v": 0.023154636319363639}, {"l": "Pulses, Other", "v": 0.026531354115937499}]}, {"source": 4, "prod": 16.0, "target": 26, "value": 0.010866132140730881, "supply": [{"l": "Freshwater Fish", "v": 0.004929696764767743}, {"l": "Fish, Seafood", "v": 0.004933675535360775}, {"l": "Demersal Fish", "v": 0.0010027598406023622}]}, {"source": 18, "prod": 253.0, "target": 26, "value": 0.14380027675643295, "supply": [{"l": "Grapes", "v": 0.0074473976465789481}, {"l": "Fruits, Other", "v": 0.0331289411953972}, {"l": "Apples", "v": 0.10256800655304163}, {"l": "Oranges, Mandarines", "v": 0.00065593136141518305}]}, {"source": 2, "prod": 7066.0, "target": 26, "value": 22.938447782003966, "supply": [{"l": "Maize", "v": 10.041028350976534}, {"l": "Oats", "v": 0.78620034552871232}, {"l": "Rye", "v": 0.035375138821250006}, {"l": "Barley", "v": 0.58358967223320635}, {"l": "Rice", "v": 0.18174383247614678}, {"l": "Sorghum", "v": 1.5210564953372845}, {"l": "Cereals, Other", "v": 0.11117900772392857}, {"l": "Wheat", "v": 8.9725595379170819}, {"l": "Millet", "v": 0.70571540098982111}]}, {"source": 14, "prod": 412.0, "target": 26, "value": 4.2147202803617621, "supply": [{"l": "Olive Oil", "v": 0.12735049975650001}, {"l": "Groundnut Oil", "v": 1.0015094857393889}, {"l": "Oilcrops Oil, Other", "v": 2.8502254707407149}, {"l": "Cottonseed Oil", "v": 0.081676269886025332}, {"l": "Sunflowerseed Oil", "v": 0.15395855423913274}]}, {"source": 16, "prod": 7.0, "target": 26, "value": 0.003424277202159411, "supply": [{"l": "Tea", "v": 0.003424277202159411}]}, {"source": 9, "prod": 13.0, "target": 26, "value": 0.0048852593129950043, "supply": [{"l": "Vegetables, Other", "v": 0.0019236197837740737}, {"l": "Onions", "v": 0.0029616395292209304}]}, {"source": 19, "prod": 673.0, "target": 26, "value": 1.6910066578399123, "supply": [{"l": "Pigmeat", "v": 0.013240270836517101}, {"l": "Meat, Other", "v": 0.04621157375130381}, {"l": "Mutton & Goat Meat", "v": 0.10267017034632558}, {"l": "Offals, Edible", "v": 0.029964823472117645}, {"l": "Bovine Meat", "v": 1.4989198194336482}]}, {"source": 13, "prod": 109.0, "target": 27, "value": 0.1094801203545602, "supply": [{"l": "Beverages, Alcoholic", "v": 0.030636205130101412}, {"l": "Wine", "v": 0.078843915224458785}]}, {"source": 14, "prod": 26.0, "target": 27, "value": 0.26686149401449671, "supply": [{"l": "Sunflowerseed Oil", "v": 0.26686149401449671}]}, {"source": 28, "prod": 1.0, "target": 16, "value": 0.0004891824574513445, "supply": [{"l": "Tea", "v": 0.0004891824574513445}]}, {"source": 12, "prod": 17.0, "target": 27, "value": 0.073461665528200604, "supply": [{"l": "Sugar", "v": 0.073461665528200604}]}, {"source": 6, "prod": 304.0, "target": 27, "value": 0.5865841200905455, "supply": [{"l": "Sunflower seed", "v": 0.35696730992352277}, {"l": "Olives", "v": 0.003859106053227273}, {"l": "Soyabeans", "v": 0.017365977239522729}, {"l": "Cottonseed", "v": 0.007718212106454546}, {"l": "Groundnuts", "v": 0.169800666342}, {"l": "Oilcrops, Other", "v": 0.030872848425818184}]}, {"source": 11, "prod": 51.0, "target": 27, "value": 0.42608225716403469, "supply": [{"l": "Fats, Animals, Raw", "v": 0.42608225716403469}]}, {"source": 28, "prod": 62.0, "target": 20, "value": 0.61833496618984918, "supply": [{"l": "Olive Oil", "v": 0.028300111057000001}, {"l": "Oilcrops Oil, Other", "v": 0.31332265813107146}, {"l": "Honey", "v": 0.02122508329275}, {"l": "Groundnut Oil", "v": 0.25548711370902777}]}, {"source": 28, "prod": 1184.0, "target": 2, "value": 3.6418565909995206, "supply": [{"l": "Wheat", "v": 2.1937798381215359}, {"l": "Oats", "v": 0.26749420040178085}, {"l": "Rye", "v": 0.53062708231875}, {"l": "Barley", "v": 0.55745879138694343}, {"l": "Millet", "v": 0.092496678770510543}]}, {"source": 1, "prod": 4143.0, "target": 0, "value": 2.4797435164082908, "supply": [{"l": "Milk - Excluding Butter", "v": 2.4797435164082908}]}, {"source": 1, "prod": 162.0, "target": 17, "value": 0.24129568374915791, "supply": [{"l": "Eggs", "v": 0.24576412233710529}]}, {"source": 1, "prod": 3266.0, "target": 19, "value": 8.0648031845051289, "supply": [{"l": "Pigmeat", "v": 0.52961083346068405}, {"l": "Bovine Meat", "v": 6.3817243466828675}, {"l": "Poultry Meat", "v": 0.099642441232073248}, {"l": "Offals, Edible", "v": 0.52063880782804406}, {"l": "Meat, Other", "v": 0.069854704507784832}, {"l": "Mutton & Goat Meat", "v": 0.46333205079367445}]}, {"source": 1, "prod": 194.0, "target": 4, "value": 0.13118157419860463, "supply": [{"l": "Pelagic Fish", "v": 0.026627831767268188}, {"l": "Crustaceans", "v": 0.00096477651330681825}, {"l": "Freshwater Fish", "v": 0.0082161612746129049}, {"l": "Molluscs, Other", "v": 0.0058111111000000003}, {"l": "Demersal Fish", "v": 0.028578655457167323}, {"l": "Fish, Seafood", "v": 0.059820815866249398}, {"l": "Cephalopods", "v": 0.0011622222200000001}]}, {"source": 1, "prod": 18.0, "target": 23, "value": 0.011100769954561744, "supply": [{"l": "Aquatic Plants", "v": 0.0055503849772808719}, {"l": "Aquatic Products, Other", "v": 0.0055503849772808719}]}, {"source": 20, "prod": 854.0, "target": 12, "value": 3.7110532981687676, "supply": [{"l": "Honey", "v": 0.1114316872869375}, {"l": "Sweeteners, Other", "v": 0.15124460549923655}, {"l": "Sugar", "v": 3.4483770053825937}]}, {"source": 20, "prod": 644.0, "target": 14, "value": 6.6064445626764714, "supply": [{"l": "Olive Oil", "v": 0.15565061081350001}, {"l": "Rape and Mustard Oil", "v": 0.014150055528500001}, {"l": "Maize Germ Oil", "v": 0.031837624939125002}, {"l": "Groundnut Oil", "v": 1.1241433003197223}, {"l": "Cottonseed Oil", "v": 0.25523834339382917}, {"l": "Palmkernel Oil", "v": 0.020876445262317182}, {"l": "Oilcrops Oil, Other", "v": 2.9209757483832148}, {"l": "Sunflowerseed Oil", "v": 2.0835724340362631}]}, {"source": 20, "prod": 2215.0, "target": 13, "value": 1.9298368054538304, "supply": [{"l": "Beer", "v": 0.081400694169839929}, {"l": "Beverages, Alcoholic", "v": 0.33699825643111558}, {"l": "Wine", "v": 1.5114378548528751}]}, {"source": 20, "prod": 265.0, "target": 11, "value": 2.2135838779294517, "supply": [{"l": "Fats, Animals, Raw", "v": 1.8045836774006174}, {"l": "Butter, Ghee", "v": 0.40900020052883429}]}, {"source": 29, "prod": 0, "target": 6, "value": 0.0021795555826186401, "supply": "[{\"l\":'Energy for power irrigation',\"v\":0.0021795555826186401}]"}, {"source": 29, "prod": 0, "target": 7, "value": 5.0859379314393386e-06, "supply": "[{\"l\":'Energy for power irrigation',\"v\":5.0859379314393386e-06}]"}, {"source": 29, "prod": 0, "target": 9, "value": 0.0018785605286761847, "supply": "[{\"l\":'Energy for power irrigation',\"v\":0.0018785605286761847}]"}, {"source": 29, "prod": 0, "target": 21, "value": 0.0090418729261116087, "supply": "[{\"l\":'Energy for power irrigation',\"v\":0.0090418729261116087}]"}, {"source": 29, "prod": 0, "target": 3, "value": 0.0017079504289760831, "supply": "[{\"l\":'Energy for power irrigation',\"v\":0.0017079504289760831}]"}, {"source": 29, "prod": 0, "target": 8, "value": 6.6579551102478608e-05, "supply": "[{\"l\":'Energy for power irrigation',\"v\":6.6579551102478608e-05}]"}, {"source": 29, "prod": 0, "target": 10, "value": 5.0859379314393386e-06, "supply": "[{\"l\":'Energy for power irrigation',\"v\":5.0859379314393386e-06}]"}, {"source": 29, "prod": 0, "target": 2, "value": 0.013406532387274095, "supply": "[{\"l\":'Energy for power irrigation',\"v\":0.013406532387274095}]"}, {"source": 29, "prod": 0, "target": 15, "value": 2.3117899688360631e-06, "supply": "[{\"l\":'Energy for power irrigation',\"v\":2.3117899688360631e-06}]"}, {"source": 29, "prod": 0, "target": 16, "value": 0.0001645994457811277, "supply": "[{\"l\":'Energy for power irrigation',\"v\":0.0001645994457811277}]"}, {"source": 29, "prod": 0, "target": 18, "value": 0.0038879683695884903, "supply": "[{\"l\":'Energy for power irrigation',\"v\":0.0038879683695884903}]"}, {"source": 29, "prod": 0, "target": 20, "value": 0.088545267594116434, "supply": "[{\"l\":'Electricity',\"v\":0.088545267594116434}]"}, {"source": 30, "prod": 0, "target": 29, "value": 0.29069416054189617, "supply": [{"l": "Coal", "v": 0.008145031838864036}, {"l": "Natural gas", "v": 0.073639220080126883}, {"l": "Oil", "v": 0.20890990862290523}]}, {"source": 31, "prod": 0, "target": 29, "value": 0.0098552110219001926, "supply": [{"l": "Nuclear", "v": 0.0}, {"l": "Hydroelectric", "v": 0.0095539915327174322}, {"l": "Renewable", "v": 0.00030121948918275976}]}, {"source": 30, "prod": 0, "target": 6, "value": 1.0656695080862235, "supply": [{"l": "Gas-Diesel oil", "v": 0.64789976244236724}, {"l": "Fuel oil", "v": 0.027222458890543953}, {"l": "Liquefied petroleum gas (LPG)", "v": 0.059317034151555863}, {"l": "Other fossil fuels", "v": 0.33123025260175643}]}, {"source": 30, "prod": 0, "target": 7, "value": 0.0024867128954069707, "supply": [{"l": "Gas-Diesel oil", "v": 0.0015118577401073484}, {"l": "Fuel oil", "v": 6.3522920618579436e-05}, {"l": "Liquefied petroleum gas (LPG)", "v": 0.00013841480179616346}, {"l": "Other fossil fuels", "v": 0.00077291743288487923}]}, {"source": 30, "prod": 0, "target": 9, "value": 0.91850131763986564, "supply": [{"l": "Gas-Diesel oil", "v": 0.55842527255055974}, {"l": "Fuel oil", "v": 0.023463056952117117}, {"l": "Liquefied petroleum gas (LPG)", "v": 0.051125394517982918}, {"l": "Other fossil fuels", "v": 0.28548759361920589}]}, {"source": 30, "prod": 0, "target": 21, "value": 4.4209233984162468, "supply": [{"l": "Gas-Diesel oil", "v": 2.6878081786853913}, {"l": "Fuel oil", "v": 0.11293220323790359}, {"l": "Liquefied petroleum gas (LPG)", "v": 0.24607635126597929}, {"l": "Other fossil fuels", "v": 1.3741066652269724}]}, {"source": 30, "prod": 0, "target": 3, "value": 0.83508340323939534, "supply": [{"l": "Gas-Diesel oil", "v": 0.507709317450595}, {"l": "Fuel oil", "v": 0.021332151705912041}, {"l": "Liquefied petroleum gas (LPG)", "v": 0.046482207075911615}, {"l": "Other fossil fuels", "v": 0.25955972700697671}]}, {"source": 30, "prod": 0, "target": 8, "value": 0.032553332448963974, "supply": [{"l": "Gas-Diesel oil", "v": 0.019791592234132561}, {"l": "Fuel oil", "v": 0.00083157277900685808}, {"l": "Liquefied petroleum gas (LPG)", "v": 0.001811975587149776}, {"l": "Other fossil fuels", "v": 0.010118191848674782}]}, {"source": 30, "prod": 0, "target": 10, "value": 0.0024867128954069707, "supply": [{"l": "Gas-Diesel oil", "v": 0.0015118577401073484}, {"l": "Fuel oil", "v": 6.3522920618579436e-05}, {"l": "Liquefied petroleum gas (LPG)", "v": 0.00013841480179616346}, {"l": "Other fossil fuels", "v": 0.00077291743288487923}]}, {"source": 30, "prod": 0, "target": 2, "value": 6.5549751922927744, "supply": [{"l": "Gas-Diesel oil", "v": 3.9852570029229701}, {"l": "Fuel oil", "v": 0.16744641875057539}, {"l": "Liquefied petroleum gas (LPG)", "v": 0.36486141753468682}, {"l": "Other fossil fuels", "v": 2.0374103530845415}]}, {"source": 30, "prod": 0, "target": 15, "value": 0.001130324043366805, "supply": [{"l": "Gas-Diesel oil", "v": 0.00068720806368515841}, {"l": "Fuel oil", "v": 2.8874054826627022e-05}, {"l": "Liquefied petroleum gas (LPG)", "v": 6.2915818998256112e-05}, {"l": "Other fossil fuels", "v": 0.0003513261058567633}]}, {"source": 30, "prod": 0, "target": 16, "value": 0.080479071887716511, "supply": [{"l": "Gas-Diesel oil", "v": 0.048929214134383281}, {"l": "Fuel oil", "v": 0.0020558327036558437}, {"l": "Liquefied petroleum gas (LPG)", "v": 0.0044796063126758354}, {"l": "Other fossil fuels", "v": 0.025014418737001547}]}, {"source": 30, "prod": 0, "target": 18, "value": 1.9009789761342923, "supply": [{"l": "Gas-Diesel oil", "v": 1.1557465215056992}, {"l": "Fuel oil", "v": 0.048560385407421316}, {"l": "Liquefied petroleum gas (LPG)", "v": 0.10581182439126713}, {"l": "Other fossil fuels", "v": 0.59086024482990451}]}, {"source": 32, "prod": 0.8564967195071399, "target": 6, "value": 0.011589865852837406, "supply": [{"l": "Potash", "v": 0.0049201027817138594}, {"l": "Phosphate", "v": 0.0092036250073628985}, {"l": "Nitrogen", "v": 0.15787784734852447}]}, {"source": 32, "prod": 0.0019986134736059693, "target": 7, "value": 2.7044659393553561e-05, "supply": [{"l": "Potash", "v": 0.0049201027817138594}, {"l": "Phosphate", "v": 0.0092036250073628985}, {"l": "Nitrogen", "v": 0.15787784734852447}]}, {"source": 32, "prod": 0.7382151402964594, "target": 9, "value": 0.0099893137378189202, "supply": [{"l": "Potash", "v": 0.0049201027817138594}, {"l": "Phosphate", "v": 0.0092036250073628985}, {"l": "Nitrogen", "v": 0.15787784734852447}]}, {"source": 32, "prod": 3.5531713718034847, "target": 21, "value": 0.048080487190939394, "supply": [{"l": "Potash", "v": 0.0049201027817138594}, {"l": "Phosphate", "v": 0.0092036250073628985}, {"l": "Nitrogen", "v": 0.15787784734852447}]}, {"source": 32, "prod": 0.67117074286367728, "target": 3, "value": 0.0090820883454351669, "supply": [{"l": "Potash", "v": 0.0049201027817138594}, {"l": "Phosphate", "v": 0.0092036250073628985}, {"l": "Nitrogen", "v": 0.15787784734852447}]}, {"source": 32, "prod": 0.026163667290841776, "target": 8, "value": 0.00035403917751561023, "supply": [{"l": "Potash", "v": 0.0049201027817138594}, {"l": "Phosphate", "v": 0.0092036250073628985}, {"l": "Nitrogen", "v": 0.15787784734852447}]}, {"source": 32, "prod": 0.0019986134736059693, "target": 10, "value": 2.7044659393553561e-05, "supply": [{"l": "Potash", "v": 0.0049201027817138594}, {"l": "Phosphate", "v": 0.0092036250073628985}, {"l": "Nitrogen", "v": 0.15787784734852447}]}, {"source": 32, "prod": 5.2683451164253343, "target": 2, "value": 0.071289722161407179, "supply": [{"l": "Potash", "v": 0.0049201027817138594}, {"l": "Phosphate", "v": 0.0092036250073628985}, {"l": "Nitrogen", "v": 0.15787784734852447}]}, {"source": 32, "prod": 0.00090846066982089519, "target": 15, "value": 1.2293026997069801e-05, "supply": [{"l": "Potash", "v": 0.0049201027817138594}, {"l": "Phosphate", "v": 0.0092036250073628985}, {"l": "Nitrogen", "v": 0.15787784734852447}]}, {"source": 32, "prod": 0.064682399691247741, "target": 16, "value": 0.00087526352219136983, "supply": [{"l": "Potash", "v": 0.0049201027817138594}, {"l": "Phosphate", "v": 0.0092036250073628985}, {"l": "Nitrogen", "v": 0.15787784734852447}]}, {"source": 32, "prod": 1.5278491545047814, "target": 18, "value": 0.02067441280367199, "supply": [{"l": "Potash", "v": 0.0049201027817138594}, {"l": "Phosphate", "v": 0.0092036250073628985}, {"l": "Nitrogen", "v": 0.15787784734852447}]}, {"source": 30, "prod": 0, "target": 32, "value": 0.20737978051824338, "supply": [{"l": "Natural gas (including LNG)", "v": 0.13977759290643088}, {"l": "Fuel oil", "v": 0.039693933223313563}, {"l": "Liquefied petroleum gas (LPG)", "v": 0.013954127194249459}, {"l": "Coal", "v": 0.013954127194249459}]}, {"source": 33, "prod": 0, "target": 3, "value": 0.044102499550473656, "supply": "[{\"l\":'Labor',\"v\":0.044102499550473656}]"}, {"source": 33, "prod": 0, "target": 6, "value": 0.056280233589857287, "supply": "[{\"l\":'Labor',\"v\":0.056280233589857287}]"}, {"source": 33, "prod": 0, "target": 7, "value": 0.00013132850434629406, "supply": "[{\"l\":'Labor',\"v\":0.00013132850434629406}]"}, {"source": 33, "prod": 0, "target": 9, "value": 0.048507973923544799, "supply": "[{\"l\":'Labor',\"v\":0.048507973923544799}]"}, {"source": 33, "prod": 0, "target": 21, "value": 0.23347820281782969, "supply": "[{\"l\":'Labor',\"v\":0.23347820281782969}]"}, {"source": 33, "prod": 0, "target": 8, "value": 0.0017192095114423949, "supply": "[{\"l\":'Labor',\"v\":0.0017192095114423949}]"}, {"source": 33, "prod": 0, "target": 10, "value": 0.00013132850434629406, "supply": "[{\"l\":'Labor',\"v\":0.00013132850434629406}]"}, {"source": 33, "prod": 0, "target": 2, "value": 0.34618193745683112, "supply": "[{\"l\":'Labor',\"v\":0.34618193745683112}]"}, {"source": 33, "prod": 0, "target": 15, "value": 5.9694774702860938e-05, "supply": "[{\"l\":'Labor',\"v\":5.9694774702860938e-05}]"}, {"source": 33, "prod": 0, "target": 16, "value": 0.0042502679588436992, "supply": "[{\"l\":'Labor',\"v\":0.0042502679588436992}]"}, {"source": 33, "prod": 0, "target": 18, "value": 0.10039467209527152, "supply": "[{\"l\":'Labor',\"v\":0.10039467209527152}]"}, {"source": 30, "prod": 0, "target": 25, "value": 0.97171829481057426, "supply": "[{\"l\":'Fossil Fuels',\"v\":0.97171829481057426}]"}, {"source": 31, "prod": 0, "target": 25, "value": 0.071138835444422732, "supply": "[{\"l\":'Renewables & Nuclear',\"v\":0.0052004847467487384},{\"l\":'Biomass & Waste',\"v\":0.065938350697673995}]"}]}