{"nodes": [{"layer": 5, "name": "Fruits, Roots & Vegetables", "fill": "#98df8a"}, {"layer": 10, "name": "Feed", "fill": "#dbdb8d"}, {"layer": 13, "name": "Other Processed", "fill": "#9c9ede"}, {"layer": 13, "name": "Animal Products", "fill": "#17becf"}, {"layer": 5, "name": "Cereals", "fill": "#e7ba52"}, {"layer": 16, "name": "Food", "fill": "#b5cf6b"}, {"layer": 5, "name": "Oilcrops", "fill": "#ff9896"}, {"layer": 13, "name": "Sugar", "fill": "#d6616b"}, {"layer": 13, "name": "Aquatic Products", "fill": "#1f77b4"}, {"layer": 13, "name": "Vegetable Oils", "fill": "#f7b6d2"}, {"layer": 10, "name": "Processing", "fill": "#9edae5"}, {"layer": 5, "name": "Sugar Crops", "fill": "#ffbb78"}, {"layer": 16, "name": "Biofuels & Other", "fill": "#e7ba52"}, {"name": "Waste", "fill": "#c7c7c7"}, {"layer": 2, "name": "Import", "fill": "#aec7e8"}, {"layer": 16, "name": "Export", "fill": "#aec7e8"}, {"layer": 16, "name": "Stock Deposit", "fill": "#c7c7c7"}, {"layer": 0, "name": "Stock Draw", "fill": "#c7c7c7"}, {"layer": 2, "name": "Electricity", "fill": "#bcbd22"}, {"layer": 0, "name": "Fossil Fuels", "fill": "#c49c94"}, {"layer": 0, "name": "Renewables & Nuclear", "fill": "#2ca02c"}, {"layer": 2, "name": "Fertilizers", "fill": "#c5b0d5"}, {"layer": 0, "name": "Labor", "fill": "#7f7f7f"}], "links": [{"source": 0, "prod": 116.0, "target": 1, "value": 0.12090717089977235, "supply": [{"l": "Cassava", "v": 0.12090717089977235}]}, {"source": 2, "prod": 1.0, "target": 1, "value": 0.0083521018772399497, "supply": [{"l": "Fish, Body Oil", "v": 0.0083521018772399497}]}, {"source": 3, "prod": 95.0, "target": 1, "value": 0.056606121657685013, "supply": [{"l": "Milk - Excluding Butter", "v": 0.056606121657685013}]}, {"source": 4, "prod": 3051.0, "target": 1, "value": 10.760864507710901, "supply": [{"l": "Maize", "v": 5.6211095586966255}, {"l": "Wheat", "v": 0.2977146638850332}, {"l": "Oats", "v": 0.55185216561149997}, {"l": "Rye", "v": 1.3631220159121669}, {"l": "Millet", "v": 0.084900333171}, {"l": "Barley", "v": 0.660484481676756}, {"l": "Sorghum", "v": 2.1366583848034999}, {"l": "Cereals, Other", "v": 0.04502290395431819}]}, {"source": 2, "prod": 2286.0, "target": 5, "value": 2.6066398729889997, "supply": [{"l": "Beer", "v": 0.073495810804746278}, {"l": "Beverages, Alcoholic", "v": 0.34070632617429503}, {"l": "Butter, Ghee", "v": 0.30868387031536998}, {"l": "Fats, Animals, Raw", "v": 0.3595400472923409}, {"l": "Wine", "v": 1.5242138184022478}]}, {"source": 3, "prod": 5643.0, "target": 5, "value": 8.2106909481304786, "supply": [{"l": "Eggs", "v": 0.18340838524745645}, {"l": "Mutton & Goat Meat", "v": 0.32230682037138891}, {"l": "Pigmeat", "v": 0.48610088568855775}, {"l": "Poultry Meat", "v": 0.11963228765004548}, {"l": "Milk - Excluding Butter", "v": 1.85489322863551}, {"l": "Meat, Other", "v": 0.027954987751426831}, {"l": "Offals, Edible", "v": 0.22949462819520611}, {"l": "Bovine Meat", "v": 4.986899724590887}]}, {"source": 4, "prod": 2955.0, "target": 5, "value": 9.4074300017510826, "supply": [{"l": "Maize", "v": 0.21932586069175003}, {"l": "Rye", "v": 0.0094333703523333343}, {"l": "Rice", "v": 0.40277361850318011}, {"l": "Cereals, Other", "v": 0.04502290395431819}, {"l": "Wheat", "v": 8.730874248249501}]}, {"source": 6, "prod": 7.0, "target": 5, "value": 0.012438813884388384, "supply": [{"l": "Olives", "v": 0.0092282970838043505}, {"l": "Coconuts - Incl Copra", "v": 0.0032105168005840336}]}, {"source": 0, "prod": 5041.0, "target": 5, "value": 2.9233513186624558, "supply": [{"l": "Nuts", "v": 0.020376079961040003}, {"l": "Tomatoes", "v": 0.055045270957021976}, {"l": "Pepper", "v": 0.0011622222200000001}, {"l": "Treenuts", "v": 0.018192928536642859}, {"l": "Vegetables, Other", "v": 0.34882514534714582}, {"l": "Peas", "v": 0.083054673754239139}, {"l": "Grapes", "v": 0.064598079586630441}, {"l": "Pimento", "v": 0.012128619024428572}, {"l": "Cocoa Beans", "v": 0.0084900333171}, {"l": "Potatoes", "v": 0.90870529655056742}, {"l": "Coffee", "v": 0.018237849347844445}, {"l": "Beans", "v": 0.081287553036063831}, {"l": "Pulses, Other", "v": 0.063392248767680015}, {"l": "Lemons, Limes", "v": 0.0091411863148716816}, {"l": "Pineapples", "v": 0.0049941372453529403}, {"l": "Bananas", "v": 0.13803725498082167}, {"l": "Spices, Other", "v": 0.0040428730081428577}, {"l": "Tea", "v": 0.064390003781226945}, {"l": "Fruits, Other", "v": 0.14697145980914561}, {"l": "Sweet potatoes", "v": 0.33938293954401033}, {"l": "Grapefruit", "v": 0.0091676416100140851}, {"l": "Oranges, Mandarines", "v": 0.211317704477024}, {"l": "Cassava", "v": 0.10110341014894755}, {"l": "Onions", "v": 0.091921470625837859}, {"l": "Apples", "v": 0.11938523671065564}]}, {"source": 7, "prod": 602.0, "target": 5, "value": 2.501301224701149, "supply": [{"l": "Sugar", "v": 2.3235940971769273}, {"l": "Sweeteners, Other", "v": 0.15841159725808537}, {"l": "Honey", "v": 0.019295530266136365}]}, {"source": 8, "prod": 222.0, "target": 5, "value": 0.15064144491047052, "supply": [{"l": "Crustaceans", "v": 0.00092282970838043483}, {"l": "Demersal Fish", "v": 0.027347703473350964}, {"l": "Freshwater Fish", "v": 0.0042450166585500009}, {"l": "Pelagic Fish", "v": 0.036302211424841378}, {"l": "Fish, Seafood", "v": 0.073480990112912273}, {"l": "Cephalopods", "v": 0.0013693602124354839}, {"l": "Molluscs, Other", "v": 0.0069733333200000004}]}, {"source": 9, "prod": 207.0, "target": 5, "value": 2.1162118525342821, "supply": [{"l": "Maize Germ Oil", "v": 0.023154636319363639}, {"l": "Groundnut Oil", "v": 0.19031029738892699}, {"l": "Soyabean Oil", "v": 0.0070750277642500003}, {"l": "Sunflowerseed Oil", "v": 1.6429361770388109}, {"l": "Olive Oil", "v": 0.010612541646375}, {"l": "Rape and Mustard Oil", "v": 0.0070750277642500003}, {"l": "Cottonseed Oil", "v": 0.23504814461230555}]}, {"source": 0, "prod": 2576.0, "target": 10, "value": 1.9577018001783528, "supply": [{"l": "Grapes", "v": 1.9577018001783528}]}, {"source": 11, "prod": 11076.0, "target": 10, "value": 3.9018924904647139, "supply": [{"l": "Sugar cane", "v": 3.9018924904647139}]}, {"source": 4, "prod": 73.0, "target": 10, "value": 0.24158155826511912, "supply": [{"l": "Maize", "v": 0.16626315245987502}, {"l": "Barley", "v": 0.075318405805244112}]}, {"source": 6, "prod": 1766.0, "target": 10, "value": 3.2594345299996963, "supply": [{"l": "Sunflower seed", "v": 1.0557171863872175}, {"l": "Olives", "v": 0.075672036087195665}, {"l": "Soyabeans", "v": 0.014765275334086957}, {"l": "Cottonseed", "v": 0.31376210084934786}, {"l": "Rape and Mustardseed", "v": 0.0092282970838043505}, {"l": "Groundnuts", "v": 0.29345984726497831}, {"l": "Oilcrops, Other", "v": 1.4968297869930653}]}, {"source": 2, "prod": 108.0, "target": 12, "value": 0.9030308164551818, "supply": [{"l": "Fats, Animals, Raw", "v": 0.9030308164551818}]}, {"source": 3, "prod": 1261.0, "target": 12, "value": 0.89989974177382837, "supply": [{"l": "Milk - Excluding Butter", "v": 0.61968806867360438}, {"l": "Offals, Edible", "v": 0.28021167310022405}]}, {"source": 4, "prod": 34.0, "target": 12, "value": 0.12027547199225001, "supply": [{"l": "Maize", "v": 0.12027547199225001}]}, {"source": 6, "prod": 6.0, "target": 12, "value": 0.011073956500565221, "supply": [{"l": "Cottonseed", "v": 0.0018456594167608697}, {"l": "Oilcrops, Other", "v": 0.0092282970838043505}]}, {"source": 8, "prod": 16.0, "target": 12, "value": 0.01059185443069006, "supply": [{"l": "Aquatic Plants", "v": 0.0052959272153450298}, {"l": "Aquatic Products, Other", "v": 0.0052959272153450298}]}, {"source": 9, "prod": 11.0, "target": 12, "value": 0.11595184391409721, "supply": [{"l": "Olive Oil", "v": 0.010612541646375}, {"l": "Palmkernel Oil", "v": 0.020438969096722222}, {"l": "Oilcrops Oil, Other", "v": 0.084900333171}]}, {"source": 0, "prod": 181.0, "target": 0, "value": 0.16786453577134552, "supply": [{"l": "Potatoes", "v": 0.13528917065684007}, {"l": "Peas", "v": 0.01245820106313587}, {"l": "Beans", "v": 0.012193132955409573}, {"l": "Pulses, Other", "v": 0.0079240310959600019}]}, {"source": 3, "prod": 3.0, "target": 3, "value": 0.0044372996430836241, "supply": [{"l": "Eggs", "v": 0.0044372996430836241}]}, {"source": 4, "prod": 1109.0, "target": 4, "value": 3.6613475305690568, "supply": [{"l": "Maize", "v": 0.30422619386275002}, {"l": "Wheat", "v": 1.8677677860576818}, {"l": "Oats", "v": 0.42184853044340626}, {"l": "Rye", "v": 0.6650526098395001}, {"l": "Millet", "v": 0.014150055528500001}, {"l": "Barley", "v": 0.22885207917747244}, {"l": "Rice", "v": 0.02213041859907583}, {"l": "Sorghum", "v": 0.13088801363862501}, {"l": "Cereals, Other", "v": 0.0064318434220454555}]}, {"source": 6, "prod": 87.0, "target": 6, "value": 0.16057236925819568, "supply": [{"l": "Sunflower seed", "v": 0.011073956500565219}, {"l": "Soyabeans", "v": 0.0018456594167608697}, {"l": "Cottonseed", "v": 0.059061101336347829}, {"l": "Groundnuts", "v": 0.036913188335217402}, {"l": "Oilcrops, Other", "v": 0.051678463669304356}]}, {"source": 2, "prod": 22.0, "target": 13, "value": 0.01735647205219951, "supply": [{"l": "Wine", "v": 0.01735647205219951}]}, {"source": 3, "prod": 74.0, "target": 13, "value": 0.056976318023919482, "supply": [{"l": "Milk - Excluding Butter", "v": 0.035751234731169479}, {"l": "Eggs", "v": 0.010353699167195123}, {"l": "Meat, Other", "v": 0.010871384125554879}]}, {"source": 4, "prod": 427.0, "target": 13, "value": 1.3929382539366331, "supply": [{"l": "Maize", "v": 0.33606381880187497}, {"l": "Oats", "v": 0.026531354115937499}, {"l": "Rye", "v": 0.014150055528500001}, {"l": "Barley", "v": 0.057937235234803153}, {"l": "Sorghum", "v": 0.084900333171}, {"l": "Cereals, Other", "v": 0.0032159217110227277}, {"l": "Rice", "v": 0.030982586038706163}, {"l": "Wheat", "v": 0.81793186604203849}, {"l": "Millet", "v": 0.02122508329275}]}, {"source": 6, "prod": 74.0, "target": 13, "value": 0.13657879684030436, "supply": [{"l": "Sunflower seed", "v": 0.0036913188335217393}, {"l": "Groundnuts", "v": 0.0073826376670434787}, {"l": "Oilcrops, Other", "v": 0.12550484033973913}]}, {"source": 0, "prod": 573.0, "target": 13, "value": 0.29779345081956732, "supply": [{"l": "Grapes", "v": 0.0037998870345076724}, {"l": "Potatoes", "v": 0.11652073079693162}, {"l": "Fruits, Other", "v": 0.014048742481756566}, {"l": "Grapefruit", "v": 0.00079718622695774662}, {"l": "Lemons, Limes", "v": 0.00075133038204424794}, {"l": "Tomatoes", "v": 0.0060643095122142852}, {"l": "Bananas", "v": 0.010389900912534965}, {"l": "Apples", "v": 0.020100575568630798}, {"l": "Vegetables, Other", "v": 0.058230842882990623}, {"l": "Sweet potatoes", "v": 0.029291979901119938}, {"l": "Oranges, Mandarines", "v": 0.015848827835776801}, {"l": "Onions", "v": 0.0027715016269096848}, {"l": "Pineapples", "v": 0.00041617810377941178}, {"l": "Cassava", "v": 0.01876145755341295}]}, {"source": 11, "prod": 874.0, "target": 13, "value": 0.30789581407242328, "supply": [{"l": "Sugar cane", "v": 0.30789581407242328}]}, {"source": 14, "prod": 3.0, "target": 10, "value": 0.02384603235846517, "supply": [{"l": "Beverages, Alcoholic", "v": 0.0034070632617429503}, {"l": "Palmkernel Oil", "v": 0.020438969096722222}]}, {"source": 14, "prod": 6.0, "target": 4, "value": 0.02122508329275, "supply": [{"l": "Sorghum", "v": 0.02122508329275}]}, {"source": 14, "prod": 2.0, "target": 6, "value": 0.0032105168005840336, "supply": [{"l": "Coconuts - Incl Copra", "v": 0.0032105168005840336}]}, {"source": 14, "prod": 6.0, "target": 1, "value": 0.0032104967418745784, "supply": [{"l": "Demersal Fish", "v": 0.0012245240361201922}, {"l": "Fish, Seafood", "v": 0.0019859727057543863}]}, {"source": 14, "prod": 274.0, "target": 0, "value": 0.19900981749750205, "supply": [{"l": "Coffee", "v": 0.018237849347844445}, {"l": "Pineapples", "v": 0.0041617810377941175}, {"l": "Bananas", "v": 0.12096813205308565}, {"l": "Nuts", "v": 0.0033960133268400002}, {"l": "Potatoes", "v": 0.027370641462366493}, {"l": "Cocoa Beans", "v": 0.0084900333171}, {"l": "Fruits, Other", "v": 0.0016210087478949883}, {"l": "Pepper", "v": 0.0011622222200000001}, {"l": "Treenuts", "v": 0.0030321547561071431}, {"l": "Oranges, Mandarines", "v": 0.00033018391324535006}, {"l": "Tea", "v": 0.010006554641677158}, {"l": "Tomatoes", "v": 0.00023324267354670332}]}, {"source": 2, "prod": 70.0, "target": 15, "value": 0.58504679797781955, "supply": [{"l": "Fats, Animals, Raw", "v": 0.46823820112490905}, {"l": "Butter, Ghee", "v": 0.10845649497567052}, {"l": "Fish, Body Oil", "v": 0.0083521018772399497}]}, {"source": 3, "prod": 994.0, "target": 15, "value": 2.3733943170935365, "supply": [{"l": "Meat, Other", "v": 0.10560773150539025}, {"l": "Eggs", "v": 0.010353699167195123}, {"l": "Pigmeat", "v": 0.029560188994574452}, {"l": "Milk - Excluding Butter", "v": 0.035751234731169479}, {"l": "Mutton & Goat Meat", "v": 0.0995744648301852}, {"l": "Offals, Edible", "v": 0.062128380008646955}, {"l": "Bovine Meat", "v": 2.030418617856375}]}, {"source": 4, "prod": 5102.0, "target": 15, "value": 17.181963759135094, "supply": [{"l": "Maize", "v": 8.6562964695598765}, {"l": "Rye", "v": 0.0094333703523333343}, {"l": "Barley", "v": 0.165121120419189}, {"l": "Rice", "v": 0.066391255797227502}, {"l": "Cereals, Other", "v": 0.057886590798409097}, {"l": "Wheat", "v": 5.7850659950712773}, {"l": "Oats", "v": 0.28388548904053129}, {"l": "Sorghum", "v": 1.828894677058625}, {"l": "Millet", "v": 0.32898879103762502}]}, {"source": 6, "prod": 26.0, "target": 15, "value": 0.047987144835782619, "supply": [{"l": "Olives", "v": 0.0092282970838043505}, {"l": "Oilcrops, Other", "v": 0.03875884775197827}]}, {"source": 0, "prod": 376.0, "target": 15, "value": 0.27989538502057232, "supply": [{"l": "Fruits, Other", "v": 0.041065554946673036}, {"l": "Vegetables, Other", "v": 0.0016797358523939604}, {"l": "Peas", "v": 0.016610934750847829}, {"l": "Grapes", "v": 0.0091197288828184144}, {"l": "Potatoes", "v": 0.0039100916374809266}, {"l": "Beans", "v": 0.03657939886622872}, {"l": "Apples", "v": 0.14923154588831955}, {"l": "Lemons, Limes", "v": 0.00012522173034070798}, {"l": "Tea", "v": 0.003480540744931186}, {"l": "Oranges, Mandarines", "v": 0.0013207356529814003}, {"l": "Onions", "v": 0.00092383387563656151}, {"l": "Pulses, Other", "v": 0.015848062191920004}]}, {"source": 7, "prod": 348.0, "target": 15, "value": 1.4382633764760964, "supply": [{"l": "Sugar", "v": 1.3958132098905964}, {"l": "Honey", "v": 0.0424501665855}]}, {"source": 8, "prod": 30.0, "target": 15, "value": 0.019138284280395778, "supply": [{"l": "Freshwater Fish", "v": 0.0059430233219700014}, {"l": "Fish, Seafood", "v": 0.0099298635287719296}, {"l": "Demersal Fish", "v": 0.0032653974296538461}]}, {"source": 9, "prod": 280.0, "target": 15, "value": 2.9478852172547518, "supply": [{"l": "Groundnut Oil", "v": 0.36058793189480903}, {"l": "Sunflowerseed Oil", "v": 0.041073404425970274}, {"l": "Olive Oil", "v": 0.084900333171}, {"l": "Oilcrops Oil, Other", "v": 2.4408845786662501}, {"l": "Cottonseed Oil", "v": 0.020438969096722222}]}, {"source": 9, "prod": 37.0, "target": 16, "value": 0.38234412568355736, "supply": [{"l": "Groundnut Oil", "v": 0.15024497162283709}, {"l": "Oilcrops Oil, Other", "v": 0.19102574963475}, {"l": "Sunflowerseed Oil", "v": 0.041073404425970274}]}, {"source": 3, "prod": 2.0, "target": 16, "value": 0.0031061097501585365, "supply": [{"l": "Meat, Other", "v": 0.0031061097501585365}]}, {"source": 2, "prod": 146.0, "target": 16, "value": 0.3120679734044064, "supply": [{"l": "Wine", "v": 0.09467166573927005}, {"l": "Fats, Animals, Raw", "v": 0.21739630766513637}]}, {"source": 4, "prod": 4527.0, "target": 16, "value": 14.010047178194986, "supply": [{"l": "Oats", "v": 1.1196231436925626}, {"l": "Rye", "v": 0.47166851761666673}, {"l": "Barley", "v": 1.7670856746614962}, {"l": "Cereals, Other", "v": 0.038591060532272736}, {"l": "Wheat", "v": 10.514028392992488}, {"l": "Millet", "v": 0.099050388699500017}]}, {"source": 17, "prod": 18.0, "target": 6, "value": 0.033221869501695658, "supply": [{"l": "Sunflower seed", "v": 0.033221869501695658}]}, {"source": 6, "prod": 120.0, "target": 16, "value": 0.22147913001130437, "supply": [{"l": "Olives", "v": 0.0055369782502826094}, {"l": "Soyabeans", "v": 0.018456594167608701}, {"l": "Cottonseed", "v": 0.064598079586630441}, {"l": "Groundnuts", "v": 0.064598079586630441}, {"l": "Oilcrops, Other", "v": 0.068289398420152192}]}, {"source": 17, "prod": 60.0, "target": 10, "value": 0.062395596865494382, "supply": [{"l": "Olive Oil", "v": 0.010612541646375}, {"l": "Beer", "v": 0.021119485863432836}, {"l": "Beverages, Alcoholic", "v": 0.030663569355686548}]}, {"source": 7, "prod": 163.0, "target": 16, "value": 0.6737124061198877, "supply": [{"l": "Sugar", "v": 0.6544168758537513}, {"l": "Honey", "v": 0.019295530266136365}]}, {"source": 1, "prod": 268.0, "target": 8, "value": 0.18037158362155634, "supply": [{"l": "Pelagic Fish", "v": 0.036302211424841378}, {"l": "Crustaceans", "v": 0.00092282970838043483}, {"l": "Freshwater Fish", "v": 0.010188039980520001}, {"l": "Molluscs, Other", "v": 0.0069733333200000004}, {"l": "Demersal Fish", "v": 0.030613100903004811}, {"l": "Aquatic Products, Other", "v": 0.0052959272153450298}, {"l": "Fish, Seafood", "v": 0.083410853641684199}, {"l": "Aquatic Plants", "v": 0.0052959272153450298}, {"l": "Cephalopods", "v": 0.0013693602124354839}]}, {"source": 1, "prod": 8069.0, "target": 3, "value": 11.600673556429605, "supply": [{"l": "Poultry Meat", "v": 0.11963228765004548}, {"l": "Pigmeat", "v": 0.51566107468313216}, {"l": "Bovine Meat", "v": 7.017318342447262}, {"l": "Eggs", "v": 0.2085530832249303}, {"l": "Milk - Excluding Butter", "v": 2.6026898884291381}, {"l": "Offals, Edible", "v": 0.57183468130407711}, {"l": "Meat, Other", "v": 0.14754021313253049}, {"l": "Mutton & Goat Meat", "v": 0.42188128520157409}]}, {"source": 10, "prod": 2633.0, "target": 2, "value": 4.4324940347558472, "supply": [{"l": "Fats, Animals, Raw", "v": 1.9482053725375681}, {"l": "Fish, Body Oil", "v": 0.016704203754479899}, {"l": "Beer", "v": 0.073495810804746278}, {"l": "Beverages, Alcoholic", "v": 0.34070632617429503}, {"l": "Butter, Ghee", "v": 0.41714036529104048}, {"l": "Wine", "v": 1.6362419561937174}]}, {"source": 10, "prod": 535.0, "target": 9, "value": 5.5623930393866887, "supply": [{"l": "Olive Oil", "v": 0.10612541646375}, {"l": "Soyabean Oil", "v": 0.0070750277642500003}, {"l": "Rape and Mustard Oil", "v": 0.0070750277642500003}, {"l": "Maize Germ Oil", "v": 0.023154636319363639}, {"l": "Groundnut Oil", "v": 0.70114320090657312}, {"l": "Cottonseed Oil", "v": 0.25548711370902777}, {"l": "Palmkernel Oil", "v": 0.020438969096722222}, {"l": "Oilcrops Oil, Other", "v": 2.716810661472}, {"l": "Sunflowerseed Oil", "v": 1.7250829858907513}]}, {"source": 10, "prod": 1113.0, "target": 7, "value": 4.6132770072971336, "supply": [{"l": "Honey", "v": 0.081041227117772729}, {"l": "Sweeteners, Other", "v": 0.15841159725808537}, {"l": "Sugar", "v": 4.3738241829212754}]}, {"source": 18, "prod": 0, "target": 0, "value": 0.0052688973535145534, "supply": "[{\"l\":'Energy for power irrigation',\"v\":0.0052688973535145534}]"}, {"source": 18, "prod": 0, "target": 11, "value": 0.0072168403203047632, "supply": "[{\"l\":'Energy for power irrigation',\"v\":0.0072168403203047632}]"}, {"source": 18, "prod": 0, "target": 4, "value": 0.01043301464045397, "supply": "[{\"l\":'Energy for power irrigation',\"v\":0.01043301464045397}]"}, {"source": 18, "prod": 0, "target": 6, "value": 0.0012537372807491791, "supply": "[{\"l\":'Energy for power irrigation',\"v\":0.0012537372807491791}]"}, {"source": 18, "prod": 0, "target": 10, "value": 0.066170554367965775, "supply": "[{\"l\":'Electricity',\"v\":0.066170554367965775}]"}, {"source": 19, "prod": 0, "target": 18, "value": 0.21676761341589226, "supply": [{"l": "Coal", "v": 0.0060868444668654145}, {"l": "Natural gas", "v": 0.054560799557717983}, {"l": "Oil", "v": 0.15611996939130887}]}, {"source": 20, "prod": 0, "target": 18, "value": 0.0073648744247033467, "supply": [{"l": "Nuclear", "v": 0.0}, {"l": "Hydroelectric", "v": 0.0071397708011305483}, {"l": "Renewable", "v": 0.00022510362357279834}]}, {"source": 19, "prod": 0, "target": 0, "value": 3.447266907250226, "supply": [{"l": "Gas-Diesel oil", "v": 2.0958499735005498}, {"l": "Fuel oil", "v": 0.088060210933387242}, {"l": "Liquefied petroleum gas (LPG)", "v": 0.19188092303973978}, {"l": "Other fossil fuels", "v": 1.0714757997765489}]}, {"source": 19, "prod": 0, "target": 11, "value": 4.7217421676474522, "supply": [{"l": "Gas-Diesel oil", "v": 2.8706982845242215}, {"l": "Fuel oil", "v": 0.12061659930700643}, {"l": "Liquefied petroleum gas (LPG)", "v": 0.26282045163904982}, {"l": "Other fossil fuels", "v": 1.4676068321771747}]}, {"source": 19, "prod": 0, "target": 4, "value": 6.8259796499743572, "supply": [{"l": "Gas-Diesel oil", "v": 4.1500207710709782}, {"l": "Fuel oil", "v": 0.17436921015298656}, {"l": "Liquefied petroleum gas (LPG)", "v": 0.3799460010284858}, {"l": "Other fossil fuels", "v": 2.1216436677219064}]}, {"source": 19, "prod": 0, "target": 6, "value": 0.82027922510762441, "supply": [{"l": "Gas-Diesel oil", "v": 0.49870875637424966}, {"l": "Fuel oil", "v": 0.020953979929819695}, {"l": "Liquefied petroleum gas (LPG)", "v": 0.04565818055252447}, {"l": "Other fossil fuels", "v": 0.2549583082510305}]}, {"source": 21, "prod": 4.5948248638385047, "target": 0, "value": 0.069931135908959885, "supply": [{"l": "Potash", "v": 0.0056020972267038999}, {"l": "Phosphate", "v": 0.0093593333408207996}, {"l": "Nitrogen", "v": 0.30586654191135987}]}, {"source": 21, "prod": 6.2935591865287552, "target": 11, "value": 0.095785096465364275, "supply": [{"l": "Potash", "v": 0.0056020972267038999}, {"l": "Phosphate", "v": 0.0093593333408207996}, {"l": "Nitrogen", "v": 0.30586654191135987}]}, {"source": 21, "prod": 9.0982746214960262, "target": 4, "value": 0.1384715844340921, "supply": [{"l": "Potash", "v": 0.0056020972267038999}, {"l": "Phosphate", "v": 0.0093593333408207996}, {"l": "Nitrogen", "v": 0.30586654191135987}]}, {"source": 21, "prod": 1.093341328136711, "target": 6, "value": 0.016640155670468303, "supply": [{"l": "Potash", "v": 0.0056020972267038999}, {"l": "Phosphate", "v": 0.0093593333408207996}, {"l": "Nitrogen", "v": 0.30586654191135987}]}, {"source": 19, "prod": 0, "target": 21, "value": 0.38347203757851928, "supply": [{"l": "Natural gas (including LNG)", "v": 0.25925983591061513}, {"l": "Fuel oil", "v": 0.070143810161725703}, {"l": "Liquefied petroleum gas (LPG)", "v": 0.027034195753089223}, {"l": "Coal", "v": 0.027034195753089223}]}, {"source": 22, "prod": 0, "target": 4, "value": 0.36059077731140515, "supply": "[{\"l\":'Labor',\"v\":0.36059077731140515}]"}, {"source": 22, "prod": 0, "target": 6, "value": 0.043332259772422048, "supply": "[{\"l\":'Labor',\"v\":0.043332259772422048}]"}, {"source": 22, "prod": 0, "target": 0, "value": 0.18210611771892879, "supply": "[{\"l\":'Labor',\"v\":0.18210611771892879}]"}, {"source": 22, "prod": 0, "target": 11, "value": 0.24943184213894193, "supply": "[{\"l\":'Labor',\"v\":0.24943184213894193}]"}, {"source": 19, "prod": 0, "target": 14, "value": 1.1881995136558001, "supply": "[{\"l\":'Fossil Fuels',\"v\":1.1881995136558001}]"}, {"source": 20, "prod": 0, "target": 14, "value": 0.08698727823538685, "supply": "[{\"l\":'Renewables & Nuclear',\"v\":0.0063590584636114391},{\"l\":'Biomass & Waste',\"v\":0.080628219771775408}]"}]}