{"nodes": [{"layer": 5, "name": "Maize"}, {"layer": 10, "name": "Feed", "fill": "#dbdb8d"}, {"layer": 13, "name": "Pelagic Fish"}, {"layer": 5, "name": "Wheat"}, {"layer": 5, "name": "Oats"}, {"layer": 13, "name": "Freshwater Fish"}, {"layer": 5, "name": "Rye"}, {"layer": 13, "name": "Fish, Body Oil"}, {"layer": 5, "name": "Millet"}, {"layer": 13, "name": "Milk - Excluding Butter"}, {"layer": 13, "name": "Demersal Fish"}, {"layer": 5, "name": "Barley"}, {"layer": 13, "name": "Fish, Seafood"}, {"layer": 5, "name": "Oilcrops, Other"}, {"layer": 5, "name": "Sorghum"}, {"layer": 5, "name": "Cereals, Other"}, {"layer": 5, "name": "Cassava"}, {"layer": 16, "name": "Food", "fill": "#b5cf6b"}, {"layer": 5, "name": "Olives"}, {"layer": 5, "name": "Nuts"}, {"layer": 13, "name": "Sugar", "fill": "#d6616b"}, {"layer": 13, "name": "Maize Germ Oil"}, {"layer": 13, "name": "Beer"}, {"layer": 13, "name": "Groundnut Oil"}, {"layer": 13, "name": "Beverages, Alcoholic"}, {"layer": 5, "name": "Cocoa Beans"}, {"layer": 13, "name": "Honey"}, {"layer": 5, "name": "Rice"}, {"layer": 13, "name": "Butter, Ghee"}, {"layer": 5, "name": "Tomatoes"}, {"layer": 13, "name": "Fats, Animals, Raw"}, {"layer": 5, "name": "Pepper"}, {"layer": 13, "name": "Soyabean Oil"}, {"layer": 5, "name": "Coconuts - Incl Copra"}, {"layer": 5, "name": "Treenuts"}, {"layer": 13, "name": "Crustaceans"}, {"layer": 13, "name": "Eggs"}, {"layer": 5, "name": "Vegetables, Other"}, {"layer": 5, "name": "Peas"}, {"layer": 5, "name": "Grapes"}, {"layer": 5, "name": "Pimento"}, {"layer": 13, "name": "Wine"}, {"layer": 13, "name": "Sunflowerseed Oil"}, {"layer": 13, "name": "Olive Oil"}, {"layer": 13, "name": "Pigmeat"}, {"layer": 5, "name": "Potatoes"}, {"layer": 5, "name": "Coffee"}, {"layer": 5, "name": "Grapefruit"}, {"layer": 13, "name": "Rape and Mustard Oil"}, {"layer": 5, "name": "Pineapples"}, {"layer": 5, "name": "Beans"}, {"layer": 5, "name": "Pulses, Other"}, {"layer": 13, "name": "Meat, Other"}, {"layer": 5, "name": "Lemons, Limes"}, {"layer": 13, "name": "Cephalopods"}, {"layer": 13, "name": "Mutton & Goat Meat"}, {"layer": 13, "name": "Sweeteners, Other"}, {"layer": 5, "name": "Bananas"}, {"layer": 5, "name": "Spices, Other"}, {"layer": 5, "name": "Tea"}, {"layer": 5, "name": "Fruits, Other"}, {"layer": 13, "name": "Molluscs, Other"}, {"layer": 5, "name": "Apples"}, {"layer": 13, "name": "Poultry Meat"}, {"layer": 13, "name": "Offals, Edible"}, {"layer": 5, "name": "Sweet potatoes"}, {"layer": 5, "name": "Oranges, Mandarines"}, {"layer": 13, "name": "Bovine Meat"}, {"layer": 13, "name": "Cottonseed Oil"}, {"layer": 5, "name": "Onions"}, {"layer": 5, "name": "Sunflower seed"}, {"layer": 10, "name": "Processing", "fill": "#9edae5"}, {"layer": 5, "name": "Soyabeans"}, {"layer": 5, "name": "Cottonseed"}, {"layer": 5, "name": "Rape and Mustardseed"}, {"layer": 5, "name": "Groundnuts"}, {"layer": 5, "name": "Sugar cane"}, {"layer": 16, "name": "Biofuels & Other", "fill": "#e7ba52"}, {"layer": 13, "name": "Alcohol, Non-Food"}, {"layer": 13, "name": "Aquatic Plants"}, {"layer": 13, "name": "Aquatic Products, Other"}, {"layer": 13, "name": "Palmkernel Oil"}, {"layer": 13, "name": "Oilcrops Oil, Other"}, {"name": "Waste", "fill": "#c7c7c7"}, {"layer": 2, "name": "Import", "fill": "#aec7e8"}, {"layer": 5, "name": "Roots, Other"}, {"layer": 16, "name": "Export", "fill": "#aec7e8"}, {"layer": 13, "name": "Palm Oil"}, {"layer": 16, "name": "Stock Deposit", "fill": "#c7c7c7"}, {"layer": 0, "name": "Stock Draw", "fill": "#c7c7c7"}, {"name": "Crop Residue", "fill": "#bd9e39"}, {"layer": 5, "name": "Oil Palm"}, {"layer": 2, "name": "Electricity", "fill": "#bcbd22"}, {"layer": 0, "name": "Fossil Fuels", "fill": "#c49c94"}, {"layer": 0, "name": "Renewables & Nuclear", "fill": "#2ca02c"}, {"layer": 2, "name": "Fertilizers", "fill": "#c5b0d5"}, {"layer": 0, "name": "Labor", "fill": "#7f7f7f"}], "links": [{"source": 0, "prod": 3032.0, "target": 1, "value": 10.615167429875132, "supply": [{"l": "Maize", "v": 10.615167429875132}]}, {"source": 2, "prod": 51.0, "target": 1, "value": 0.054809075844569642, "supply": [{"l": "Pelagic Fish", "v": 0.054809075844569642}]}, {"source": 3, "prod": 200.0, "target": 1, "value": 0.62761587352403159, "supply": [{"l": "Wheat", "v": 0.62761587352403159}]}, {"source": 4, "prod": 111.0, "target": 1, "value": 0.28557384793881818, "supply": [{"l": "Oats", "v": 0.28557384793881818}]}, {"source": 5, "prod": 3.0, "target": 1, "value": 0.0045482321341607148, "supply": [{"l": "Freshwater Fish", "v": 0.0045482321341607148}]}, {"source": 6, "prod": 109.0, "target": 1, "value": 0.33050486841567861, "supply": [{"l": "Rye", "v": 0.33050486841567861}]}, {"source": 7, "prod": 2.0, "target": 1, "value": 0.016643892954718558, "supply": [{"l": "Fish, Body Oil", "v": 0.016643892954718558}]}, {"source": 8, "prod": 64.0, "target": 1, "value": 0.20083707952769006, "supply": [{"l": "Millet", "v": 0.20083707952769006}]}, {"source": 9, "prod": 172.0, "target": 1, "value": 0.10234630082826784, "supply": [{"l": "Milk - Excluding Butter", "v": 0.10234630082826784}]}, {"source": 10, "prod": 34.0, "target": 1, "value": 0.014337473482519868, "supply": [{"l": "Demersal Fish", "v": 0.014337473482519868}]}, {"source": 11, "prod": 206.0, "target": 1, "value": 0.6185985690208553, "supply": [{"l": "Barley", "v": 0.6185985690208553}]}, {"source": 12, "prod": 88.0, "target": 1, "value": 0.053461390476193207, "supply": [{"l": "Fish, Seafood", "v": 0.053461390476193207}]}, {"source": 13, "prod": 1.0, "target": 1, "value": 0.0023656439583250779, "supply": [{"l": "Oilcrops, Other", "v": 0.0023656439583250779}]}, {"source": 14, "prod": 1415.0, "target": 1, "value": 4.4403823051825224, "supply": [{"l": "Sorghum", "v": 4.4403823051825224}]}, {"source": 15, "prod": 9.0, "target": 1, "value": 0.025052557329147542, "supply": [{"l": "Cereals, Other", "v": 0.025052557329147542}]}, {"source": 16, "prod": 93.0, "target": 1, "value": 0.093027758290462448, "supply": [{"l": "Cassava", "v": 0.093027758290462448}]}, {"source": 0, "prod": 68.0, "target": 17, "value": 0.23807103734548452, "supply": [{"l": "Maize", "v": 0.23807103734548452}]}, {"source": 18, "prod": 4.0, "target": 17, "value": 0.0089368771758947391, "supply": [{"l": "Olives", "v": 0.0089368771758947391}]}, {"source": 6, "prod": 3.0, "target": 17, "value": 0.0090964642683214296, "supply": [{"l": "Rye", "v": 0.0090964642683214296}]}, {"source": 19, "prod": 10.0, "target": 17, "value": 0.031061097501585366, "supply": [{"l": "Nuts", "v": 0.031061097501585366}]}, {"source": 20, "prod": 879.0, "target": 17, "value": 3.643491395123978, "supply": [{"l": "Sugar", "v": 3.643491395123978}]}, {"source": 21, "prod": 3.0, "target": 17, "value": 0.027289392804964289, "supply": [{"l": "Maize Germ Oil", "v": 0.027289392804964289}]}, {"source": 22, "prod": 301.0, "target": 17, "value": 0.12836746665306145, "supply": [{"l": "Beer", "v": 0.12836746665306145}]}, {"source": 23, "prod": 20.0, "target": 17, "value": 0.20214365040714288, "supply": [{"l": "Groundnut Oil", "v": 0.20214365040714288}]}, {"source": 24, "prod": 90.0, "target": 17, "value": 0.30762588252868833, "supply": [{"l": "Beverages, Alcoholic", "v": 0.30762588252868833}]}, {"source": 25, "prod": 9.0, "target": 17, "value": 0.0097961922889615374, "supply": [{"l": "Cocoa Beans", "v": 0.0097961922889615374}]}, {"source": 26, "prod": 3.0, "target": 17, "value": 0.0097961922889615374, "supply": [{"l": "Honey", "v": 0.0097961922889615374}]}, {"source": 27, "prod": 111.0, "target": 17, "value": 0.50274140803455125, "supply": [{"l": "Rice", "v": 0.50274140803455125}]}, {"source": 28, "prod": 39.0, "target": 17, "value": 0.32519859759249115, "supply": [{"l": "Butter, Ghee", "v": 0.32519859759249115}]}, {"source": 29, "prod": 286.0, "target": 17, "value": 0.069149905210879575, "supply": [{"l": "Tomatoes", "v": 0.069149905210879575}]}, {"source": 30, "prod": 43.0, "target": 17, "value": 0.35713509714322833, "supply": [{"l": "Fats, Animals, Raw", "v": 0.35713509714322833}]}, {"source": 31, "prod": 1.0, "target": 17, "value": 0.0011622222200000001, "supply": [{"l": "Pepper", "v": 0.0011622222200000001}]}, {"source": 3, "prod": 2811.0, "target": 17, "value": 8.8211411023802615, "supply": [{"l": "Wheat", "v": 8.8211411023802615}]}, {"source": 32, "prod": 2.0, "target": 17, "value": 0.024257238048857144, "supply": [{"l": "Soyabean Oil", "v": 0.024257238048857144}]}, {"source": 33, "prod": 4.0, "target": 17, "value": 0.009988274490705884, "supply": [{"l": "Coconuts - Incl Copra", "v": 0.009988274490705884}]}, {"source": 34, "prod": 10.0, "target": 17, "value": 0.029616395292209302, "supply": [{"l": "Treenuts", "v": 0.029616395292209302}]}, {"source": 35, "prod": 1.0, "target": 17, "value": 0.00078611419602777775, "supply": [{"l": "Crustaceans", "v": 0.00078611419602777775}]}, {"source": 36, "prod": 152.0, "target": 17, "value": 0.22761623064863193, "supply": [{"l": "Eggs", "v": 0.22761623064863193}]}, {"source": 37, "prod": 1374.0, "target": 17, "value": 0.38522178266733326, "supply": [{"l": "Vegetables, Other", "v": 0.38522178266733326}]}, {"source": 38, "prod": 15.0, "target": 17, "value": 0.061621209559596782, "supply": [{"l": "Peas", "v": 0.061621209559596782}]}, {"source": 39, "prod": 108.0, "target": 17, "value": 0.078875148236283874, "supply": [{"l": "Grapes", "v": 0.078875148236283874}]}, {"source": 40, "prod": 2.0, "target": 17, "value": 0.0094333703523333343, "supply": [{"l": "Pimento", "v": 0.0094333703523333343}]}, {"source": 41, "prod": 2120.0, "target": 17, "value": 1.6791834087821533, "supply": [{"l": "Wine", "v": 1.6791834087821533}]}, {"source": 42, "prod": 268.0, "target": 17, "value": 2.7505059410147368, "supply": [{"l": "Sunflowerseed Oil", "v": 2.7505059410147368}]}, {"source": 43, "prod": 7.0, "target": 17, "value": 0.069335272089650013, "supply": [{"l": "Olive Oil", "v": 0.069335272089650013}]}, {"source": 44, "prod": 182.0, "target": 17, "value": 0.60420737106694999, "supply": [{"l": "Pigmeat", "v": 0.60420737106694999}]}, {"source": 15, "prod": 14.0, "target": 17, "value": 0.038970644734229509, "supply": [{"l": "Cereals, Other", "v": 0.038970644734229509}]}, {"source": 45, "prod": 1570.0, "target": 17, "value": 1.2250516499948325, "supply": [{"l": "Potatoes", "v": 1.2250516499948325}]}, {"source": 5, "prod": 6.0, "target": 17, "value": 0.0090964642683214296, "supply": [{"l": "Freshwater Fish", "v": 0.0090964642683214296}]}, {"source": 46, "prod": 34.0, "target": 17, "value": 0.019636811753836737, "supply": [{"l": "Coffee", "v": 0.019636811753836737}]}, {"source": 47, "prod": 78.0, "target": 17, "value": 0.019650522217620182, "supply": [{"l": "Grapefruit", "v": 0.019650522217620182}]}, {"source": 48, "prod": 1.0, "target": 17, "value": 0.02122508329275, "supply": [{"l": "Rape and Mustard Oil", "v": 0.02122508329275}]}, {"source": 9, "prod": 3901.0, "target": 17, "value": 2.3212379042504234, "supply": [{"l": "Milk - Excluding Butter", "v": 2.3212379042504234}]}, {"source": 49, "prod": 14.0, "target": 17, "value": 0.0049525194349750003, "supply": [{"l": "Pineapples", "v": 0.0049525194349750003}]}, {"source": 50, "prod": 10.0, "target": 17, "value": 0.039488527056279074, "supply": [{"l": "Beans", "v": 0.039488527056279074}]}, {"source": 51, "prod": 13.0, "target": 17, "value": 0.050168378691954549, "supply": [{"l": "Pulses, Other", "v": 0.050168378691954549}]}, {"source": 12, "prod": 130.0, "target": 17, "value": 0.078977054112558148, "supply": [{"l": "Fish, Seafood", "v": 0.078977054112558148}]}, {"source": 52, "prod": 14.0, "target": 17, "value": 0.020145841769389831, "supply": [{"l": "Meat, Other", "v": 0.020145841769389831}]}, {"source": 53, "prod": 166.0, "target": 17, "value": 0.029566689453956643, "supply": [{"l": "Lemons, Limes", "v": 0.029566689453956643}]}, {"source": 54, "prod": 6.0, "target": 17, "value": 0.007718212106454546, "supply": [{"l": "Cephalopods", "v": 0.007718212106454546}]}, {"source": 55, "prod": 185.0, "target": 17, "value": 0.48282404027297049, "supply": [{"l": "Mutton & Goat Meat", "v": 0.48282404027297049}]}, {"source": 56, "prod": 40.0, "target": 17, "value": 0.17667121353502893, "supply": [{"l": "Sweeteners, Other", "v": 0.17667121353502893}]}, {"source": 2, "prod": 37.0, "target": 17, "value": 0.039763447181354439, "supply": [{"l": "Pelagic Fish", "v": 0.039763447181354439}]}, {"source": 57, "prod": 183.0, "target": 17, "value": 0.12881243151390881, "supply": [{"l": "Bananas", "v": 0.12881243151390881}]}, {"source": 58, "prod": 1.0, "target": 17, "value": 0.00265313541159375, "supply": [{"l": "Spices, Other", "v": 0.00265313541159375}]}, {"source": 59, "prod": 123.0, "target": 17, "value": 0.059109854603960378, "supply": [{"l": "Tea", "v": 0.059109854603960378}]}, {"source": 60, "prod": 347.0, "target": 17, "value": 0.18783486462966548, "supply": [{"l": "Fruits, Other", "v": 0.18783486462966548}]}, {"source": 61, "prod": 10.0, "target": 17, "value": 0.011622222200000001, "supply": [{"l": "Molluscs, Other", "v": 0.011622222200000001}]}, {"source": 62, "prod": 176.0, "target": 17, "value": 0.10899671420361803, "supply": [{"l": "Apples", "v": 0.10899671420361803}]}, {"source": 63, "prod": 139.0, "target": 17, "value": 0.25784017149579336, "supply": [{"l": "Poultry Meat", "v": 0.25784017149579336}]}, {"source": 64, "prod": 189.0, "target": 17, "value": 0.23713541333968968, "supply": [{"l": "Offals, Edible", "v": 0.23713541333968968}]}, {"source": 65, "prod": 349.0, "target": 17, "value": 0.35532571151247294, "supply": [{"l": "Sweet potatoes", "v": 0.35532571151247294}]}, {"source": 10, "prod": 70.0, "target": 17, "value": 0.02951832775812914, "supply": [{"l": "Demersal Fish", "v": 0.02951832775812914}]}, {"source": 66, "prod": 757.0, "target": 17, "value": 0.24696261992947663, "supply": [{"l": "Oranges, Mandarines", "v": 0.24696261992947663}]}, {"source": 67, "prod": 1954.0, "target": 17, "value": 5.2058352557760292, "supply": [{"l": "Bovine Meat", "v": 5.2058352557760292}]}, {"source": 68, "prod": 12.0, "target": 17, "value": 0.12494766013845285, "supply": [{"l": "Cottonseed Oil", "v": 0.12494766013845285}]}, {"source": 69, "prod": 204.0, "target": 17, "value": 0.098743831054070696, "supply": [{"l": "Onions", "v": 0.098743831054070696}]}, {"source": 16, "prod": 158.0, "target": 17, "value": 0.15804715924616203, "supply": [{"l": "Cassava", "v": 0.15804715924616203}]}, {"source": 70, "prod": 968.0, "target": 71, "value": 2.2899433516586756, "supply": [{"l": "Sunflower seed", "v": 2.2899433516586756}]}, {"source": 0, "prod": 53.0, "target": 71, "value": 0.18555536734280412, "supply": [{"l": "Maize", "v": 0.18555536734280412}]}, {"source": 18, "prod": 35.0, "target": 71, "value": 0.078197675289078963, "supply": [{"l": "Olives", "v": 0.078197675289078963}]}, {"source": 72, "prod": 12.0, "target": 71, "value": 0.028387727499900931, "supply": [{"l": "Soyabeans", "v": 0.028387727499900931}]}, {"source": 73, "prod": 125.0, "target": 71, "value": 0.29570549479063474, "supply": [{"l": "Cottonseed", "v": 0.29570549479063474}]}, {"source": 74, "prod": 2.0, "target": 71, "value": 0.0047312879166501558, "supply": [{"l": "Rape and Mustardseed", "v": 0.0047312879166501558}]}, {"source": 11, "prod": 62.0, "target": 71, "value": 0.1861801518412283, "supply": [{"l": "Barley", "v": 0.1861801518412283}]}, {"source": 39, "prod": 2456.0, "target": 71, "value": 1.793679296928826, "supply": [{"l": "Grapes", "v": 1.793679296928826}]}, {"source": 75, "prod": 138.0, "target": 71, "value": 0.32645886624886072, "supply": [{"l": "Groundnuts", "v": 0.32645886624886072}]}, {"source": 13, "prod": 544.0, "target": 71, "value": 1.2869103133288422, "supply": [{"l": "Oilcrops, Other", "v": 1.2869103133288422}]}, {"source": 76, "prod": 9241.0, "target": 71, "value": 3.6155022066046585, "supply": [{"l": "Sugar cane", "v": 3.6155022066046585}]}, {"source": 43, "prod": 1.0, "target": 77, "value": 0.0099050388699500006, "supply": [{"l": "Olive Oil", "v": 0.0099050388699500006}]}, {"source": 0, "prod": 40.0, "target": 77, "value": 0.14004178667381442, "supply": [{"l": "Maize", "v": 0.14004178667381442}]}, {"source": 78, "prod": 73.0, "target": 77, "value": 0.057820938132593022, "supply": [{"l": "Alcohol, Non-Food", "v": 0.057820938132593022}]}, {"source": 30, "prod": 79.0, "target": 77, "value": 0.65613192265848919, "supply": [{"l": "Fats, Animals, Raw", "v": 0.65613192265848919}]}, {"source": 9, "prod": 587.0, "target": 77, "value": 0.34928650340810008, "supply": [{"l": "Milk - Excluding Butter", "v": 0.34928650340810008}]}, {"source": 64, "prod": 231.0, "target": 77, "value": 0.28983217185962074, "supply": [{"l": "Offals, Edible", "v": 0.28983217185962074}]}, {"source": 79, "prod": 25.0, "target": 77, "value": 0.021027544531550747, "supply": [{"l": "Aquatic Plants", "v": 0.021027544531550747}]}, {"source": 80, "prod": 25.0, "target": 77, "value": 0.021027544531550747, "supply": [{"l": "Aquatic Products, Other", "v": 0.021027544531550747}]}, {"source": 81, "prod": 1.0, "target": 77, "value": 0.010263081869457973, "supply": [{"l": "Palmkernel Oil", "v": 0.010263081869457973}]}, {"source": 13, "prod": 3.0, "target": 77, "value": 0.0070969318749752328, "supply": [{"l": "Oilcrops, Other", "v": 0.0070969318749752328}]}, {"source": 82, "prod": 12.0, "target": 77, "value": 0.12735049975650001, "supply": [{"l": "Oilcrops Oil, Other", "v": 0.12735049975650001}]}, {"source": 70, "prod": 9.0, "target": 70, "value": 0.021290795624925699, "supply": [{"l": "Sunflower seed", "v": 0.021290795624925699}]}, {"source": 0, "prod": 135.0, "target": 0, "value": 0.47264103002412372, "supply": [{"l": "Maize", "v": 0.47264103002412372}]}, {"source": 3, "prod": 665.0, "target": 3, "value": 2.0868227794674046, "supply": [{"l": "Wheat", "v": 2.0868227794674046}]}, {"source": 4, "prod": 149.0, "target": 4, "value": 0.38333786795390906, "supply": [{"l": "Oats", "v": 0.38333786795390906}]}, {"source": 72, "prod": 2.0, "target": 72, "value": 0.0047312879166501558, "supply": [{"l": "Soyabeans", "v": 0.0047312879166501558}]}, {"source": 45, "prod": 188.0, "target": 45, "value": 0.14669408292931752, "supply": [{"l": "Potatoes", "v": 0.14669408292931752}]}, {"source": 36, "prod": 8.0, "target": 36, "value": 0.011979801613085893, "supply": [{"l": "Eggs", "v": 0.011979801613085893}]}, {"source": 6, "prod": 162.0, "target": 6, "value": 0.49120907048935719, "supply": [{"l": "Rye", "v": 0.49120907048935719}]}, {"source": 38, "prod": 3.0, "target": 38, "value": 0.012324241911919356, "supply": [{"l": "Peas", "v": 0.012324241911919356}]}, {"source": 8, "prod": 4.0, "target": 8, "value": 0.012552317470480629, "supply": [{"l": "Millet", "v": 0.012552317470480629}]}, {"source": 73, "prod": 24.0, "target": 73, "value": 0.056775454999801862, "supply": [{"l": "Cottonseed", "v": 0.056775454999801862}]}, {"source": 50, "prod": 5.0, "target": 50, "value": 0.019744263528139537, "supply": [{"l": "Beans", "v": 0.019744263528139537}]}, {"source": 11, "prod": 83.0, "target": 11, "value": 0.24924117101325721, "supply": [{"l": "Barley", "v": 0.24924117101325721}]}, {"source": 75, "prod": 14.0, "target": 75, "value": 0.033119015416551087, "supply": [{"l": "Groundnuts", "v": 0.033119015416551087}]}, {"source": 13, "prod": 18.0, "target": 13, "value": 0.042581591249851398, "supply": [{"l": "Oilcrops, Other", "v": 0.042581591249851398}]}, {"source": 27, "prod": 8.0, "target": 27, "value": 0.03623361499348117, "supply": [{"l": "Rice", "v": 0.03623361499348117}]}, {"source": 14, "prod": 55.0, "target": 14, "value": 0.17259436521910865, "supply": [{"l": "Sorghum", "v": 0.17259436521910865}]}, {"source": 15, "prod": 2.0, "target": 15, "value": 0.0055672349620327867, "supply": [{"l": "Cereals, Other", "v": 0.0055672349620327867}]}, {"source": 51, "prod": 2.0, "target": 51, "value": 0.007718212106454546, "supply": [{"l": "Pulses, Other", "v": 0.007718212106454546}]}, {"source": 0, "prod": 139.0, "target": 83, "value": 0.48664520869150513, "supply": [{"l": "Maize", "v": 0.48664520869150513}]}, {"source": 6, "prod": 7.0, "target": 83, "value": 0.021225083292750004, "supply": [{"l": "Rye", "v": 0.021225083292750004}]}, {"source": 60, "prod": 32.0, "target": 83, "value": 0.017321947170459061, "supply": [{"l": "Fruits, Other", "v": 0.017321947170459061}]}, {"source": 47, "prod": 6.0, "target": 83, "value": 0.0015115786321246293, "supply": [{"l": "Grapefruit", "v": 0.0015115786321246293}]}, {"source": 11, "prod": 11.0, "target": 83, "value": 0.03303196242344373, "supply": [{"l": "Barley", "v": 0.03303196242344373}]}, {"source": 27, "prod": 11.0, "target": 83, "value": 0.04982122061603661, "supply": [{"l": "Rice", "v": 0.04982122061603661}]}, {"source": 29, "prod": 32.0, "target": 83, "value": 0.0077370523312872254, "supply": [{"l": "Tomatoes", "v": 0.0077370523312872254}]}, {"source": 70, "prod": 3.0, "target": 83, "value": 0.0070969318749752328, "supply": [{"l": "Sunflower seed", "v": 0.0070969318749752328}]}, {"source": 15, "prod": 1.0, "target": 83, "value": 0.0027836174810163933, "supply": [{"l": "Cereals, Other", "v": 0.0027836174810163933}]}, {"source": 3, "prod": 295.0, "target": 83, "value": 0.92573341344794646, "supply": [{"l": "Wheat", "v": 0.92573341344794646}]}, {"source": 36, "prod": 8.0, "target": 83, "value": 0.011979801613085893, "supply": [{"l": "Eggs", "v": 0.011979801613085893}]}, {"source": 37, "prod": 226.0, "target": 83, "value": 0.063362534849212032, "supply": [{"l": "Vegetables, Other", "v": 0.063362534849212032}]}, {"source": 39, "prod": 10.0, "target": 83, "value": 0.0073032544663225807, "supply": [{"l": "Grapes", "v": 0.0073032544663225807}]}, {"source": 75, "prod": 4.0, "target": 83, "value": 0.0094625758333003115, "supply": [{"l": "Groundnuts", "v": 0.0094625758333003115}]}, {"source": 13, "prod": 151.0, "target": 83, "value": 0.35721223770708677, "supply": [{"l": "Oilcrops, Other", "v": 0.35721223770708677}]}, {"source": 41, "prod": 19.0, "target": 83, "value": 0.015049285267387224, "supply": [{"l": "Wine", "v": 0.015049285267387224}]}, {"source": 4, "prod": 14.0, "target": 83, "value": 0.036018323163454546, "supply": [{"l": "Oats", "v": 0.036018323163454546}]}, {"source": 45, "prod": 198.0, "target": 83, "value": 0.15449695968087696, "supply": [{"l": "Potatoes", "v": 0.15449695968087696}]}, {"source": 9, "prod": 40.0, "target": 83, "value": 0.023801465308899497, "supply": [{"l": "Milk - Excluding Butter", "v": 0.023801465308899497}]}, {"source": 62, "prod": 33.0, "target": 83, "value": 0.02043688391317838, "supply": [{"l": "Apples", "v": 0.02043688391317838}]}, {"source": 52, "prod": 6.0, "target": 83, "value": 0.0086339321868813563, "supply": [{"l": "Meat, Other", "v": 0.0086339321868813563}]}, {"source": 53, "prod": 13.0, "target": 83, "value": 0.0023154636319363637, "supply": [{"l": "Lemons, Limes", "v": 0.0023154636319363637}]}, {"source": 14, "prod": 41.0, "target": 83, "value": 0.12866125407242646, "supply": [{"l": "Sorghum", "v": 0.12866125407242646}]}, {"source": 76, "prod": 259.0, "target": 83, "value": 0.1013326557202258, "supply": [{"l": "Sugar cane", "v": 0.1013326557202258}]}, {"source": 49, "prod": 1.0, "target": 83, "value": 0.00035375138821249998, "supply": [{"l": "Pineapples", "v": 0.00035375138821249998}]}, {"source": 57, "prod": 14.0, "target": 83, "value": 0.009854502957348214, "supply": [{"l": "Bananas", "v": 0.009854502957348214}]}, {"source": 67, "prod": 67.0, "target": 83, "value": 0.17850100416427531, "supply": [{"l": "Bovine Meat", "v": 0.17850100416427531}]}, {"source": 8, "prod": 9.0, "target": 83, "value": 0.028242714308581416, "supply": [{"l": "Millet", "v": 0.028242714308581416}]}, {"source": 65, "prod": 30.0, "target": 83, "value": 0.030543757436602266, "supply": [{"l": "Sweet potatoes", "v": 0.030543757436602266}]}, {"source": 66, "prod": 57.0, "target": 83, "value": 0.018595600179630342, "supply": [{"l": "Oranges, Mandarines", "v": 0.018595600179630342}]}, {"source": 69, "prod": 7.0, "target": 83, "value": 0.0033882687126396806, "supply": [{"l": "Onions", "v": 0.0033882687126396806}]}, {"source": 16, "prod": 22.0, "target": 83, "value": 0.022006566477313697, "supply": [{"l": "Cassava", "v": 0.022006566477313697}]}, {"source": 84, "prod": 15.0, "target": 45, "value": 0.011704315127339165, "supply": [{"l": "Potatoes", "v": 0.011704315127339165}]}, {"source": 84, "prod": 1.0, "target": 65, "value": 0.0010181252478867421, "supply": [{"l": "Sweet potatoes", "v": 0.0010181252478867421}]}, {"source": 84, "prod": 138.0, "target": 1, "value": 0.09961163958391428, "supply": [{"l": "Milk - Excluding Butter", "v": 0.034512124697904267}, {"l": "Pelagic Fish", "v": 0.036539383896379757}, {"l": "Fish, Seafood", "v": 0.024300632034633275}, {"l": "Cephalopods", "v": 0.002572737368818182}, {"l": "Demersal Fish", "v": 0.0016867615861788079}]}, {"source": 84, "prod": 143.0, "target": 57, "value": 0.1006567087786282, "supply": [{"l": "Bananas", "v": 0.1006567087786282}]}, {"source": 84, "prod": 1.0, "target": 31, "value": 0.0011622222200000001, "supply": [{"l": "Pepper", "v": 0.0011622222200000001}]}, {"source": 84, "prod": 3.0, "target": 19, "value": 0.0093183292504756092, "supply": [{"l": "Nuts", "v": 0.0093183292504756092}]}, {"source": 84, "prod": 5.0, "target": 71, "value": 0.03605017981798736, "supply": [{"l": "Beverages, Alcoholic", "v": 0.006836130722859741}, {"l": "Oilcrops Oil, Other", "v": 0.010612541646375}, {"l": "Butter, Ghee", "v": 0.0083384255792946435}, {"l": "Palmkernel Oil", "v": 0.010263081869457973}]}, {"source": 84, "prod": 4.0, "target": 29, "value": 0.00096713154141090318, "supply": [{"l": "Tomatoes", "v": 0.00096713154141090318}]}, {"source": 84, "prod": 3.0, "target": 34, "value": 0.008884918587662792, "supply": [{"l": "Treenuts", "v": 0.008884918587662792}]}, {"source": 84, "prod": 31.0, "target": 46, "value": 0.017904151893204084, "supply": [{"l": "Coffee", "v": 0.017904151893204084}]}, {"source": 84, "prod": 9.0, "target": 25, "value": 0.0097961922889615374, "supply": [{"l": "Cocoa Beans", "v": 0.0097961922889615374}]}, {"source": 84, "prod": 5.0, "target": 59, "value": 0.0024028396180471702, "supply": [{"l": "Tea", "v": 0.0024028396180471702}]}, {"source": 84, "prod": 4.0, "target": 60, "value": 0.0021652433963073826, "supply": [{"l": "Fruits, Other", "v": 0.0021652433963073826}]}, {"source": 84, "prod": 2.0, "target": 13, "value": 0.0047312879166501558, "supply": [{"l": "Oilcrops, Other", "v": 0.0047312879166501558}]}, {"source": 84, "prod": 2.0, "target": 51, "value": 0.007718212106454546, "supply": [{"l": "Pulses, Other", "v": 0.007718212106454546}]}, {"source": 84, "prod": 2.0, "target": 14, "value": 0.0062761587352403144, "supply": [{"l": "Sorghum", "v": 0.0062761587352403144}]}, {"source": 84, "prod": 1.0, "target": 37, "value": 0.00028036519844784087, "supply": [{"l": "Vegetables, Other", "v": 0.00028036519844784087}]}, {"source": 84, "prod": 13.0, "target": 49, "value": 0.0045987680467625006, "supply": [{"l": "Pineapples", "v": 0.0045987680467625006}]}, {"source": 84, "prod": 4.0, "target": 33, "value": 0.009988274490705884, "supply": [{"l": "Coconuts - Incl Copra", "v": 0.009988274490705884}]}, {"source": 84, "prod": 1.0, "target": 85, "value": 0.0010002984762415318, "supply": [{"l": "Roots, Other", "v": 0.0010002984762415318}]}, {"source": 0, "prod": 2893.0, "target": 86, "value": 10.128522221183628, "supply": [{"l": "Maize", "v": 10.128522221183628}]}, {"source": 18, "prod": 9.0, "target": 86, "value": 0.020107973645763159, "supply": [{"l": "Olives", "v": 0.020107973645763159}]}, {"source": 78, "prod": 3.0, "target": 86, "value": 0.0023762029369558775, "supply": [{"l": "Alcohol, Non-Food", "v": 0.0023762029369558775}]}, {"source": 6, "prod": 19.0, "target": 86, "value": 0.057610940366035729, "supply": [{"l": "Rye", "v": 0.057610940366035729}]}, {"source": 60, "prod": 90.0, "target": 86, "value": 0.048717976416916109, "supply": [{"l": "Fruits, Other", "v": 0.048717976416916109}]}, {"source": 20, "prod": 138.0, "target": 86, "value": 0.57201571391024897, "supply": [{"l": "Sugar", "v": 0.57201571391024897}]}, {"source": 23, "prod": 62.0, "target": 86, "value": 0.62664531626214293, "supply": [{"l": "Groundnut Oil", "v": 0.62664531626214293}]}, {"source": 11, "prod": 197.0, "target": 86, "value": 0.59157241794712856, "supply": [{"l": "Barley", "v": 0.59157241794712856}]}, {"source": 27, "prod": 58.0, "target": 86, "value": 0.26269370870273845, "supply": [{"l": "Rice", "v": 0.26269370870273845}]}, {"source": 52, "prod": 92.0, "target": 86, "value": 0.13238696019884746, "supply": [{"l": "Meat, Other", "v": 0.13238696019884746}]}, {"source": 29, "prod": 1.0, "target": 86, "value": 0.00024178288535272579, "supply": [{"l": "Tomatoes", "v": 0.00024178288535272579}]}, {"source": 15, "prod": 15.0, "target": 86, "value": 0.041754262215245905, "supply": [{"l": "Cereals, Other", "v": 0.041754262215245905}]}, {"source": 3, "prod": 2439.0, "target": 86, "value": 7.6537755776255638, "supply": [{"l": "Wheat", "v": 7.6537755776255638}]}, {"source": 30, "prod": 89.0, "target": 86, "value": 0.73918659641272844, "supply": [{"l": "Fats, Animals, Raw", "v": 0.73918659641272844}]}, {"source": 37, "prod": 7.0, "target": 86, "value": 0.0019625563891348856, "supply": [{"l": "Vegetables, Other", "v": 0.0019625563891348856}]}, {"source": 28, "prod": 2.0, "target": 86, "value": 0.016676851158589287, "supply": [{"l": "Butter, Ghee", "v": 0.016676851158589287}]}, {"source": 39, "prod": 16.0, "target": 86, "value": 0.011685207146116129, "supply": [{"l": "Grapes", "v": 0.011685207146116129}]}, {"source": 87, "prod": 4.0, "target": 86, "value": 0.0424501665855, "supply": [{"l": "Palm Oil", "v": 0.0424501665855}]}, {"source": 55, "prod": 34.0, "target": 86, "value": 0.088735229023140516, "supply": [{"l": "Mutton & Goat Meat", "v": 0.088735229023140516}]}, {"source": 42, "prod": 80.0, "target": 86, "value": 0.82104654955663781, "supply": [{"l": "Sunflowerseed Oil", "v": 0.82104654955663781}]}, {"source": 43, "prod": 5.0, "target": 86, "value": 0.049525194349750008, "supply": [{"l": "Olive Oil", "v": 0.049525194349750008}]}, {"source": 44, "prod": 1.0, "target": 86, "value": 0.0033198207201480773, "supply": [{"l": "Pigmeat", "v": 0.0033198207201480773}]}, {"source": 4, "prod": 344.0, "target": 86, "value": 0.88502165487345463, "supply": [{"l": "Oats", "v": 0.88502165487345463}]}, {"source": 45, "prod": 25.0, "target": 86, "value": 0.019507191878898607, "supply": [{"l": "Potatoes", "v": 0.019507191878898607}]}, {"source": 5, "prod": 2.0, "target": 86, "value": 0.0030321547561071431, "supply": [{"l": "Freshwater Fish", "v": 0.0030321547561071431}]}, {"source": 9, "prod": 41.0, "target": 86, "value": 0.024396501941621983, "supply": [{"l": "Milk - Excluding Butter", "v": 0.024396501941621983}]}, {"source": 50, "prod": 8.0, "target": 86, "value": 0.031590821645023255, "supply": [{"l": "Beans", "v": 0.031590821645023255}]}, {"source": 62, "prod": 261.0, "target": 86, "value": 0.16163717276786538, "supply": [{"l": "Apples", "v": 0.16163717276786538}]}, {"source": 12, "prod": 20.0, "target": 86, "value": 0.012150316017316637, "supply": [{"l": "Fish, Seafood", "v": 0.012150316017316637}]}, {"source": 82, "prod": 117.0, "target": 86, "value": 1.2416673726258751, "supply": [{"l": "Oilcrops Oil, Other", "v": 1.2416673726258751}]}, {"source": 14, "prod": 525.0, "target": 86, "value": 1.6474916680005827, "supply": [{"l": "Sorghum", "v": 1.6474916680005827}]}, {"source": 41, "prod": 3.0, "target": 86, "value": 0.0023762029369558775, "supply": [{"l": "Wine", "v": 0.0023762029369558775}]}, {"source": 59, "prod": 19.0, "target": 86, "value": 0.0091307905485792443, "supply": [{"l": "Tea", "v": 0.0091307905485792443}]}, {"source": 8, "prod": 152.0, "target": 86, "value": 0.47698806387826392, "supply": [{"l": "Millet", "v": 0.47698806387826392}]}, {"source": 26, "prod": 10.0, "target": 86, "value": 0.032653974296538463, "supply": [{"l": "Honey", "v": 0.032653974296538463}]}, {"source": 64, "prod": 41.0, "target": 86, "value": 0.05144207379326602, "supply": [{"l": "Offals, Edible", "v": 0.05144207379326602}]}, {"source": 10, "prod": 18.0, "target": 86, "value": 0.0075904271378046352, "supply": [{"l": "Demersal Fish", "v": 0.0075904271378046352}]}, {"source": 66, "prod": 2.0, "target": 86, "value": 0.00065247719928527518, "supply": [{"l": "Oranges, Mandarines", "v": 0.00065247719928527518}]}, {"source": 67, "prod": 540.0, "target": 86, "value": 1.4386648096822188, "supply": [{"l": "Bovine Meat", "v": 1.4386648096822188}]}, {"source": 68, "prod": 6.0, "target": 86, "value": 0.062473830069226424, "supply": [{"l": "Cottonseed Oil", "v": 0.062473830069226424}]}, {"source": 69, "prod": 6.0, "target": 86, "value": 0.0029042303251197265, "supply": [{"l": "Onions", "v": 0.0029042303251197265}]}, {"source": 51, "prod": 3.0, "target": 86, "value": 0.011577318159681819, "supply": [{"l": "Pulses, Other", "v": 0.011577318159681819}]}, {"source": 30, "prod": 32.0, "target": 88, "value": 0.26577495601356527, "supply": [{"l": "Fats, Animals, Raw", "v": 0.26577495601356527}]}, {"source": 89, "prod": 129.0, "target": 4, "value": 0.33188312057754549, "supply": [{"l": "Oats", "v": 0.33188312057754549}]}, {"source": 89, "prod": 8.0, "target": 38, "value": 0.03286464509845162, "supply": [{"l": "Peas", "v": 0.03286464509845162}]}, {"source": 82, "prod": 32.0, "target": 88, "value": 0.339601332684, "supply": [{"l": "Oilcrops Oil, Other", "v": 0.339601332684}]}, {"source": 89, "prod": 3.0, "target": 46, "value": 0.0017326598606326531, "supply": [{"l": "Coffee", "v": 0.0017326598606326531}]}, {"source": 0, "prod": 200.0, "target": 88, "value": 0.70020893336907208, "supply": [{"l": "Maize", "v": 0.70020893336907208}]}, {"source": 13, "prod": 12.0, "target": 88, "value": 0.028387727499900931, "supply": [{"l": "Oilcrops, Other", "v": 0.028387727499900931}]}, {"source": 89, "prod": 12.0, "target": 1, "value": 0.017267864373762713, "supply": [{"l": "Meat, Other", "v": 0.017267864373762713}]}, {"source": 89, "prod": 3.0, "target": 11, "value": 0.0090087170245755615, "supply": [{"l": "Barley", "v": 0.0090087170245755615}]}, {"source": 89, "prod": 2.0, "target": 18, "value": 0.0044684385879473695, "supply": [{"l": "Olives", "v": 0.0044684385879473695}]}, {"source": 70, "prod": 35.0, "target": 88, "value": 0.08279753854137771, "supply": [{"l": "Sunflower seed", "v": 0.08279753854137771}]}, {"source": 89, "prod": 670.0, "target": 3, "value": 2.1025131763055058, "supply": [{"l": "Wheat", "v": 2.1025131763055058}]}, {"source": 26, "prod": 6.0, "target": 88, "value": 0.019592384577923075, "supply": [{"l": "Honey", "v": 0.019592384577923075}]}, {"source": 6, "prod": 60.0, "target": 88, "value": 0.18192928536642861, "supply": [{"l": "Rye", "v": 0.18192928536642861}]}, {"source": 75, "prod": 42.0, "target": 88, "value": 0.099357046249653275, "supply": [{"l": "Groundnuts", "v": 0.099357046249653275}]}, {"source": 15, "prod": 5.0, "target": 88, "value": 0.013918087405081967, "supply": [{"l": "Cereals, Other", "v": 0.013918087405081967}]}, {"source": 89, "prod": 333.0, "target": 71, "value": 1.0441391138268261, "supply": [{"l": "Sugar", "v": 0.33574835381688528}, {"l": "Groundnut Oil", "v": 0.20214365040714288}, {"l": "Beverages, Alcoholic", "v": 0.037598718975728571}, {"l": "Wine", "v": 0.15049285267387225}, {"l": "Sunflowerseed Oil", "v": 0.31815553795319712}]}, {"source": 89, "prod": 11.0, "target": 73, "value": 0.026022083541575855, "supply": [{"l": "Cottonseed", "v": 0.026022083541575855}]}, {"source": 72, "prod": 8.0, "target": 88, "value": 0.018925151666600623, "supply": [{"l": "Soyabeans", "v": 0.018925151666600623}]}, {"source": 1, "prod": 139.0, "target": 63, "value": 0.25784017149579336, "supply": [{"l": "Poultry Meat", "v": 0.25784017149579336}]}, {"source": 1, "prod": 183.0, "target": 44, "value": 0.60752719178709802, "supply": [{"l": "Pigmeat", "v": 0.60752719178709802}]}, {"source": 1, "prod": 88.0, "target": 2, "value": 0.094572523025924088, "supply": [{"l": "Pelagic Fish", "v": 0.094572523025924088}]}, {"source": 1, "prod": 1.0, "target": 35, "value": 0.00078611419602777775, "supply": [{"l": "Crustaceans", "v": 0.00078611419602777775}]}, {"source": 1, "prod": 11.0, "target": 5, "value": 0.016676851158589287, "supply": [{"l": "Freshwater Fish", "v": 0.016676851158589287}]}, {"source": 1, "prod": 10.0, "target": 61, "value": 0.011622222200000001, "supply": [{"l": "Molluscs, Other", "v": 0.011622222200000001}]}, {"source": 1, "prod": 6.0, "target": 54, "value": 0.007718212106454546, "supply": [{"l": "Cephalopods", "v": 0.007718212106454546}]}, {"source": 1, "prod": 4741.0, "target": 9, "value": 2.8210686757373127, "supply": [{"l": "Milk - Excluding Butter", "v": 2.8210686757373127}]}, {"source": 1, "prod": 461.0, "target": 64, "value": 0.57840965899257646, "supply": [{"l": "Offals, Edible", "v": 0.57840965899257646}]}, {"source": 1, "prod": 122.0, "target": 10, "value": 0.05144622837845364, "supply": [{"l": "Demersal Fish", "v": 0.05144622837845364}]}, {"source": 1, "prod": 25.0, "target": 80, "value": 0.021027544531550747, "supply": [{"l": "Aquatic Products, Other", "v": 0.021027544531550747}]}, {"source": 1, "prod": 238.0, "target": 12, "value": 0.14458876060606801, "supply": [{"l": "Fish, Seafood", "v": 0.14458876060606801}]}, {"source": 1, "prod": 2561.0, "target": 67, "value": 6.8230010696225225, "supply": [{"l": "Bovine Meat", "v": 6.8230010696225225}]}, {"source": 1, "prod": 25.0, "target": 79, "value": 0.021027544531550747, "supply": [{"l": "Aquatic Plants", "v": 0.021027544531550747}]}, {"source": 1, "prod": 112.0, "target": 52, "value": 0.16116673415511865, "supply": [{"l": "Meat, Other", "v": 0.16116673415511865}]}, {"source": 1, "prod": 160.0, "target": 36, "value": 0.23959603226171783, "supply": [{"l": "Eggs", "v": 0.2515758338748037}]}, {"source": 1, "prod": 219.0, "target": 55, "value": 0.57155926929611101, "supply": [{"l": "Mutton & Goat Meat", "v": 0.57155926929611101}]}, {"source": 71, "prod": 13.0, "target": 43, "value": 0.12876550530935002, "supply": [{"l": "Olive Oil", "v": 0.12876550530935002}]}, {"source": 71, "prod": 243.0, "target": 30, "value": 2.0182285722280113, "supply": [{"l": "Fats, Animals, Raw", "v": 2.0182285722280113}]}, {"source": 71, "prod": 40.0, "target": 56, "value": 0.17667121353502893, "supply": [{"l": "Sweeteners, Other", "v": 0.17667121353502893}]}, {"source": 71, "prod": 76.0, "target": 78, "value": 0.060197141069548897, "supply": [{"l": "Alcohol, Non-Food", "v": 0.060197141069548897}]}, {"source": 71, "prod": 2.0, "target": 32, "value": 0.024257238048857144, "supply": [{"l": "Soyabean Oil", "v": 0.024257238048857144}]}, {"source": 71, "prod": 4.0, "target": 87, "value": 0.0424501665855, "supply": [{"l": "Palm Oil", "v": 0.0424501665855}]}, {"source": 71, "prod": 2.0, "target": 7, "value": 0.016643892954718558, "supply": [{"l": "Fish, Body Oil", "v": 0.016643892954718558}]}, {"source": 71, "prod": 1017.0, "target": 20, "value": 4.2155071090342267, "supply": [{"l": "Sugar", "v": 4.2155071090342267}]}, {"source": 71, "prod": 19.0, "target": 26, "value": 0.062042551163423075, "supply": [{"l": "Honey", "v": 0.062042551163423075}]}, {"source": 71, "prod": 3.0, "target": 21, "value": 0.027289392804964289, "supply": [{"l": "Maize Germ Oil", "v": 0.027289392804964289}]}, {"source": 71, "prod": 301.0, "target": 22, "value": 0.12836746665306145, "supply": [{"l": "Beer", "v": 0.12836746665306145}]}, {"source": 71, "prod": 82.0, "target": 23, "value": 0.82878896666928581, "supply": [{"l": "Groundnut Oil", "v": 0.82878896666928581}]}, {"source": 71, "prod": 90.0, "target": 24, "value": 0.30762588252868833, "supply": [{"l": "Beverages, Alcoholic", "v": 0.30762588252868833}]}, {"source": 71, "prod": 348.0, "target": 42, "value": 3.5715524905713747, "supply": [{"l": "Sunflowerseed Oil", "v": 3.5715524905713747}]}, {"source": 71, "prod": 18.0, "target": 68, "value": 0.18742149020767929, "supply": [{"l": "Cottonseed Oil", "v": 0.18742149020767929}]}, {"source": 71, "prod": 1.0, "target": 81, "value": 0.010263081869457973, "supply": [{"l": "Palmkernel Oil", "v": 0.010263081869457973}]}, {"source": 71, "prod": 161.0, "target": 82, "value": 1.7086192050663751, "supply": [{"l": "Oilcrops Oil, Other", "v": 1.7086192050663751}]}, {"source": 71, "prod": 1.0, "target": 48, "value": 0.02122508329275, "supply": [{"l": "Rape and Mustard Oil", "v": 0.02122508329275}]}, {"source": 71, "prod": 41.0, "target": 28, "value": 0.34187544875108045, "supply": [{"l": "Butter, Ghee", "v": 0.34187544875108045}]}, {"source": 71, "prod": 2142.0, "target": 41, "value": 1.6966088969864963, "supply": [{"l": "Wine", "v": 1.6966088969864963}]}, {"source": 0, "prod": 13120.0, "target": 90, "value": 45.7450665792, "supply": [{"l": "Maize", "v": 45.7450665792}]}, {"source": 18, "prod": 47.0, "target": 90, "value": 0.16387333302000001, "supply": [{"l": "Olives", "v": 0.16387333302000001}]}, {"source": 6, "prod": 720.0, "target": 90, "value": 2.5103999951999998, "supply": [{"l": "Rye", "v": 2.5103999951999998}]}, {"source": 11, "prod": 1115.0, "target": 90, "value": 3.7201723756807463, "supply": [{"l": "Barley", "v": 3.7201723756807463}]}, {"source": 27, "prod": 377.0, "target": 90, "value": 1.3144733308200001, "supply": [{"l": "Rice", "v": 1.3144733308200001}]}, {"source": 29, "prod": 317.0, "target": 90, "value": 1.1052733312200003, "supply": [{"l": "Tomatoes", "v": 1.1052733312200003}]}, {"source": 70, "prod": 1015.0, "target": 90, "value": 3.5389666598999998, "supply": [{"l": "Sunflower seed", "v": 3.5389666598999998}]}, {"source": 15, "prod": 92.0, "target": 90, "value": 0.32077333272000003, "supply": [{"l": "Cereals, Other", "v": 0.32077333272000003}]}, {"source": 3, "prod": 12150.0, "target": 90, "value": 42.362999919000004, "supply": [{"l": "Wheat", "v": 42.362999919000004}]}, {"source": 33, "prod": 2.0, "target": 90, "value": 0.0069733333200000004, "supply": [{"l": "Coconuts - Incl Copra", "v": 0.0069733333200000004}]}, {"source": 37, "prod": 1606.5, "target": 90, "value": 5.6013299892899999, "supply": [{"l": "Vegetables, Other", "v": 5.6013299892899999}]}, {"source": 38, "prod": 14.0, "target": 90, "value": 0.048813333240000006, "supply": [{"l": "Peas", "v": 0.048813333240000006}]}, {"source": 72, "prod": 22.0, "target": 90, "value": 0.076706666520000008, "supply": [{"l": "Soyabeans", "v": 0.076706666520000008}]}, {"source": 75, "prod": 198.0, "target": 90, "value": 0.69035999868000009, "supply": [{"l": "Groundnuts", "v": 0.69035999868000009}]}, {"source": 13, "prod": 727.5, "target": 90, "value": 2.5365499951500001, "supply": [{"l": "Oilcrops, Other", "v": 2.5365499951500001}]}, {"source": 4, "prod": 1108.0, "target": 90, "value": 3.167245447358404, "supply": [{"l": "Oats", "v": 3.167245447358404}]}, {"source": 73, "prod": 143.5, "target": 90, "value": 0.50033666571000002, "supply": [{"l": "Cottonseed", "v": 0.50033666571000002}]}, {"source": 45, "prod": 987.0, "target": 90, "value": 3.4413399934200002, "supply": [{"l": "Potatoes", "v": 3.4413399934200002}]}, {"source": 50, "prod": 23.0, "target": 90, "value": 0.080193333180000007, "supply": [{"l": "Beans", "v": 0.080193333180000007}]}, {"source": 51, "prod": 18.0, "target": 90, "value": 0.06275999988, "supply": [{"l": "Pulses, Other", "v": 0.06275999988}]}, {"source": 14, "prod": 4069.0, "target": 90, "value": 14.18724663954, "supply": [{"l": "Sorghum", "v": 14.18724663954}]}, {"source": 76, "prod": 3800.0, "target": 90, "value": 1.4867339449299539, "supply": [{"l": "Sugar cane", "v": 1.4867339449299539}]}, {"source": 8, "prod": 458.0, "target": 90, "value": 1.5968933302800001, "supply": [{"l": "Millet", "v": 1.5968933302800001}]}, {"source": 65, "prod": 189.5, "target": 90, "value": 0.66072333207, "supply": [{"l": "Sweet potatoes", "v": 0.66072333207}]}, {"source": 74, "prod": 2.0, "target": 90, "value": 0.0069733333200000004, "supply": [{"l": "Rape and Mustardseed", "v": 0.0069733333200000004}]}, {"source": 69, "prod": 217.0, "target": 90, "value": 0.75660666522000009, "supply": [{"l": "Onions", "v": 0.75660666522000009}]}, {"source": 16, "prod": 136.5, "target": 90, "value": 0.47592999909, "supply": [{"l": "Cassava", "v": 0.47592999909}]}, {"source": 91, "prod": 20.0, "target": 71, "value": 0.084900333171, "supply": [{"l": "Oil Palm", "v": 0.084900333171}]}, {"source": 92, "prod": 0, "target": 0, "value": 0.0060358262043875175, "supply": "[{\"l\":'Energy for power irrigation',\"v\":0.0060358262043875175}]"}, {"source": 92, "prod": 0, "target": 18, "value": 4.32444865253374e-05, "supply": "[{\"l\":'Energy for power irrigation',\"v\":4.32444865253374e-05}]"}, {"source": 92, "prod": 0, "target": 6, "value": 0.00033123436487492473, "supply": "[{\"l\":'Energy for power irrigation',\"v\":0.00033123436487492473}]"}, {"source": 92, "prod": 0, "target": 19, "value": 7.8208113928801676e-06, "supply": "[{\"l\":'Energy for power irrigation',\"v\":7.8208113928801676e-06}]"}, {"source": 92, "prod": 0, "target": 47, "value": 7.7288018470815774e-05, "supply": "[{\"l\":'Energy for power irrigation',\"v\":7.7288018470815774e-05}]"}, {"source": 92, "prod": 0, "target": 11, "value": 0.00051295321782714035, "supply": "[{\"l\":'Energy for power irrigation',\"v\":0.00051295321782714035}]"}, {"source": 92, "prod": 0, "target": 27, "value": 0.00017343799383034254, "supply": "[{\"l\":'Energy for power irrigation',\"v\":0.00017343799383034254}]"}, {"source": 92, "prod": 0, "target": 29, "value": 0.00029167026018153095, "supply": "[{\"l\":'Energy for power irrigation',\"v\":0.00029167026018153095}]"}, {"source": 92, "prod": 0, "target": 70, "value": 0.00093389688985569058, "supply": "[{\"l\":'Energy for power irrigation',\"v\":0.00093389688985569058}]"}, {"source": 92, "prod": 0, "target": 15, "value": 4.2324391067351492e-05, "supply": "[{\"l\":'Energy for power irrigation',\"v\":4.2324391067351492e-05}]"}, {"source": 92, "prod": 0, "target": 3, "value": 0.0055895799072643547, "supply": "[{\"l\":'Energy for power irrigation',\"v\":0.0055895799072643547}]"}, {"source": 92, "prod": 0, "target": 34, "value": 7.8208113928801676e-06, "supply": "[{\"l\":'Energy for power irrigation',\"v\":7.8208113928801676e-06}]"}, {"source": 92, "prod": 0, "target": 37, "value": 0.0014781333532543517, "supply": "[{\"l\":'Energy for power irrigation',\"v\":0.0014781333532543517}]"}, {"source": 92, "prod": 0, "target": 38, "value": 1.288133641180263e-05, "supply": "[{\"l\":'Energy for power irrigation',\"v\":1.288133641180263e-05}]"}, {"source": 92, "prod": 0, "target": 72, "value": 2.0242100075689845e-05, "supply": "[{\"l\":'Energy for power irrigation',\"v\":2.0242100075689845e-05}]"}, {"source": 92, "prod": 0, "target": 39, "value": 0.0023830472361834865, "supply": "[{\"l\":'Energy for power irrigation',\"v\":0.0023830472361834865}]"}, {"source": 92, "prod": 0, "target": 75, "value": 0.00018217890068120861, "supply": "[{\"l\":'Energy for power irrigation',\"v\":0.00018217890068120861}]"}, {"source": 92, "prod": 0, "target": 91, "value": 9.2009545798590212e-06, "supply": "[{\"l\":'Energy for power irrigation',\"v\":9.2009545798590212e-06}]"}, {"source": 92, "prod": 0, "target": 13, "value": 0.00066936944568474373, "supply": "[{\"l\":'Energy for power irrigation',\"v\":0.00066936944568474373}]"}, {"source": 92, "prod": 0, "target": 4, "value": 0.00050973288372418968, "supply": "[{\"l\":'Energy for power irrigation',\"v\":0.00050973288372418968}]"}, {"source": 92, "prod": 0, "target": 73, "value": 0.00013203369822097695, "supply": "[{\"l\":'Energy for power irrigation',\"v\":0.00013203369822097695}]"}, {"source": 92, "prod": 0, "target": 45, "value": 0.0018162684340641707, "supply": "[{\"l\":'Energy for power irrigation',\"v\":0.0018162684340641707}]"}, {"source": 92, "prod": 0, "target": 40, "value": 1.840190915971804e-06, "supply": "[{\"l\":'Energy for power irrigation',\"v\":1.840190915971804e-06}]"}, {"source": 92, "prod": 0, "target": 50, "value": 2.1162195533675746e-05, "supply": "[{\"l\":'Energy for power irrigation',\"v\":2.1162195533675746e-05}]"}, {"source": 92, "prod": 0, "target": 62, "value": 0.00043244486525337398, "supply": "[{\"l\":'Energy for power irrigation',\"v\":0.00043244486525337398}]"}, {"source": 92, "prod": 0, "target": 53, "value": 0.00016469708697947649, "supply": "[{\"l\":'Energy for power irrigation',\"v\":0.00016469708697947649}]"}, {"source": 92, "prod": 0, "target": 14, "value": 0.0018719342092723178, "supply": "[{\"l\":'Energy for power irrigation',\"v\":0.0018719342092723178}]"}, {"source": 92, "prod": 0, "target": 76, "value": 0.00874090685086607, "supply": "[{\"l\":'Energy for power irrigation',\"v\":0.00874090685086607}]"}, {"source": 92, "prod": 0, "target": 49, "value": 7.3607636638872161e-06, "supply": "[{\"l\":'Energy for power irrigation',\"v\":7.3607636638872161e-06}]"}, {"source": 92, "prod": 0, "target": 57, "value": 0.00011501193224823775, "supply": "[{\"l\":'Energy for power irrigation',\"v\":0.00011501193224823775}]"}, {"source": 92, "prod": 0, "target": 58, "value": 9.2009545798590201e-07, "supply": "[{\"l\":'Energy for power irrigation',\"v\":9.2009545798590201e-07}]"}, {"source": 92, "prod": 0, "target": 59, "value": 0.00012881336411802629, "supply": "[{\"l\":'Energy for power irrigation',\"v\":0.00012881336411802629}]"}, {"source": 92, "prod": 0, "target": 60, "value": 0.00042692429250545857, "supply": "[{\"l\":'Energy for power irrigation',\"v\":0.00042692429250545857}]"}, {"source": 92, "prod": 0, "target": 8, "value": 0.00021070185987877158, "supply": "[{\"l\":'Energy for power irrigation',\"v\":0.00021070185987877158}]"}, {"source": 92, "prod": 0, "target": 65, "value": 0.00034871617857665688, "supply": "[{\"l\":'Energy for power irrigation',\"v\":0.00034871617857665688}]"}, {"source": 92, "prod": 0, "target": 74, "value": 1.840190915971804e-06, "supply": "[{\"l\":'Energy for power irrigation',\"v\":1.840190915971804e-06}]"}, {"source": 92, "prod": 0, "target": 66, "value": 0.00075079789371649609, "supply": "[{\"l\":'Energy for power irrigation',\"v\":0.00075079789371649609}]"}, {"source": 92, "prod": 0, "target": 16, "value": 0.00025118606003015124, "supply": "[{\"l\":'Energy for power irrigation',\"v\":0.00025118606003015124}]"}, {"source": 92, "prod": 0, "target": 69, "value": 0.00019966071438294074, "supply": "[{\"l\":'Energy for power irrigation',\"v\":0.00019966071438294074}]"}, {"source": 92, "prod": 0, "target": 51, "value": 1.6561718243746236e-05, "supply": "[{\"l\":'Energy for power irrigation',\"v\":1.6561718243746236e-05}]"}, {"source": 92, "prod": 0, "target": 71, "value": 0.09573826950661142, "supply": "[{\"l\":'Electricity',\"v\":0.09573826950661142}]"}, {"source": 93, "prod": 0, "target": 92, "value": 0.31039298678897698, "supply": [{"l": "Coal", "v": 0.0088066959931002668}, {"l": "Natural gas", "v": 0.075705521808622014}, {"l": "Oil", "v": 0.22588076898725473}]}, {"source": 94, "prod": 0, "target": 92, "value": 0.010655802105474716, "supply": [{"l": "Nuclear", "v": 0.0}, {"l": "Hydroelectric", "v": 0.010330112958899263}, {"l": "Renewable", "v": 0.00032568914657545288}]}, {"source": 93, "prod": 0, "target": 0, "value": 2.7294245810914362, "supply": [{"l": "Gas-Diesel oil", "v": 1.6594202276362946}, {"l": "Fuel oil", "v": 0.069722974984088595}, {"l": "Liquefied petroleum gas (LPG)", "v": 0.15192455997117379}, {"l": "Other fossil fuels", "v": 0.84835681849987887}]}, {"source": 93, "prod": 0, "target": 18, "value": 0.019555328553551448, "supply": [{"l": "Gas-Diesel oil", "v": 0.011889138826052722}, {"l": "Fuel oil", "v": 0.0004995396073555128}, {"l": "Liquefied petroleum gas (LPG)", "v": 0.0010884838900373733}, {"l": "Other fossil fuels", "v": 0.0060781662301058392}]}, {"source": 93, "prod": 0, "target": 6, "value": 0.14978549530379831, "supply": [{"l": "Gas-Diesel oil", "v": 0.091065744199552753}, {"l": "Fuel oil", "v": 0.0038262608222975449}, {"l": "Liquefied petroleum gas (LPG)", "v": 0.0083373234130522198}, {"l": "Other fossil fuels", "v": 0.046556166868895785}]}, {"source": 93, "prod": 0, "target": 19, "value": 0.0035366019724507934, "supply": [{"l": "Gas-Diesel oil", "v": 0.0021501634047116623}, {"l": "Fuel oil", "v": 9.0342269415358699e-05}, {"l": "Liquefied petroleum gas (LPG)", "v": 0.0001968534694748441}, {"l": "Other fossil fuels", "v": 0.0010992428288489284}]}, {"source": 93, "prod": 0, "target": 47, "value": 0.034949948904219603, "supply": [{"l": "Gas-Diesel oil", "v": 0.02124867364656231}, {"l": "Fuel oil", "v": 0.00089279419186942717}, {"l": "Liquefied petroleum gas (LPG)", "v": 0.0019453754630455182}, {"l": "Other fossil fuels", "v": 0.010863105602742352}]}, {"source": 93, "prod": 0, "target": 11, "value": 0.2319594823107432, "supply": [{"l": "Gas-Diesel oil", "v": 0.14102542330902959}, {"l": "Fuel oil", "v": 0.0059253900234191139}, {"l": "Liquefied petroleum gas (LPG)", "v": 0.01291127167437948}, {"l": "Other fossil fuels", "v": 0.072097397303914998}]}, {"source": 93, "prod": 0, "target": 27, "value": 0.078429349624349942, "supply": [{"l": "Gas-Diesel oil", "v": 0.04768303550448804}, {"l": "Fuel oil", "v": 0.0020034726805641312}, {"l": "Liquefied petroleum gas (LPG)", "v": 0.0043655151760009546}, {"l": "Other fossil fuels", "v": 0.024377326263296823}]}, {"source": 93, "prod": 0, "target": 29, "value": 0.13189445003140018, "supply": [{"l": "Gas-Diesel oil", "v": 0.080188446975717281}, {"l": "Fuel oil", "v": 0.0033692352240786714}, {"l": "Liquefied petroleum gas (LPG)", "v": 0.0073414764498265384}, {"l": "Other fossil fuels", "v": 0.040995291381777682}]}, {"source": 93, "prod": 0, "target": 70, "value": 0.42231188259265356, "supply": [{"l": "Gas-Diesel oil", "v": 0.25675480656262789}, {"l": "Fuel oil", "v": 0.010787929818422245}, {"l": "Liquefied petroleum gas (LPG)", "v": 0.023506620178466678}, {"l": "Other fossil fuels", "v": 0.13126252603313673}]}, {"source": 93, "prod": 0, "target": 15, "value": 0.019139257733263117, "supply": [{"l": "Gas-Diesel oil", "v": 0.011636178425498408}, {"l": "Fuel oil", "v": 0.00048891110507135295}, {"l": "Liquefied petroleum gas (LPG)", "v": 0.0010653246583344504}, {"l": "Other fossil fuels", "v": 0.0059488435443589066}]}, {"source": 93, "prod": 0, "target": 3, "value": 2.5276302332515965, "supply": [{"l": "Gas-Diesel oil", "v": 1.5367344333674526}, {"l": "Fuel oil", "v": 0.06456815137627106}, {"l": "Liquefied petroleum gas (LPG)", "v": 0.14069233259525621}, {"l": "Other fossil fuels", "v": 0.78563531591261637}]}, {"source": 93, "prod": 0, "target": 34, "value": 0.0035366019724507934, "supply": [{"l": "Gas-Diesel oil", "v": 0.0021501634047116623}, {"l": "Fuel oil", "v": 9.0342269415358699e-05}, {"l": "Liquefied petroleum gas (LPG)", "v": 0.0001968534694748441}, {"l": "Other fossil fuels", "v": 0.0010992428288489284}]}, {"source": 93, "prod": 0, "target": 37, "value": 0.66841777279320003, "supply": [{"l": "Gas-Diesel oil", "v": 0.40638088349050416}, {"l": "Fuel oil", "v": 0.017074688919502794}, {"l": "Liquefied petroleum gas (LPG)", "v": 0.037205305730745535}, {"l": "Other fossil fuels", "v": 0.20775689465244748}]}, {"source": 93, "prod": 0, "target": 38, "value": 0.0058249914840366006, "supply": [{"l": "Gas-Diesel oil", "v": 0.0035414456077603848}, {"l": "Fuel oil", "v": 0.00014879903197823784}, {"l": "Liquefied petroleum gas (LPG)", "v": 0.00032422924384091967}, {"l": "Other fossil fuels", "v": 0.0018105176004570584}]}, {"source": 93, "prod": 0, "target": 72, "value": 0.0091535580463432287, "supply": [{"l": "Gas-Diesel oil", "v": 0.0055651288121948903}, {"l": "Fuel oil", "v": 0.00023382705025151661}, {"l": "Liquefied petroleum gas (LPG)", "v": 0.00050950309746430238}, {"l": "Other fossil fuels", "v": 0.0028450990864325202}]}, {"source": 93, "prod": 0, "target": 39, "value": 1.0776234245467711, "supply": [{"l": "Gas-Diesel oil", "v": 0.65516743743567118}, {"l": "Fuel oil", "v": 0.027527820915974003}, {"l": "Liquefied petroleum gas (LPG)", "v": 0.059982410110570143}, {"l": "Other fossil fuels", "v": 0.33494575608455585}]}, {"source": 93, "prod": 0, "target": 75, "value": 0.082382022417089071, "supply": [{"l": "Gas-Diesel oil", "v": 0.050086159309754012}, {"l": "Fuel oil", "v": 0.0021044434522636498}, {"l": "Liquefied petroleum gas (LPG)", "v": 0.0045855278771787219}, {"l": "Other fossil fuels", "v": 0.025605891777892686}]}, {"source": 93, "prod": 0, "target": 91, "value": 0.0041607082028832865, "supply": [{"l": "Gas-Diesel oil", "v": 0.0025296040055431319}, {"l": "Fuel oil", "v": 0.00010628502284159846}, {"l": "Liquefied petroleum gas (LPG)", "v": 0.00023159231702922834}, {"l": "Other fossil fuels", "v": 0.0012932268574693275}]}, {"source": 93, "prod": 0, "target": 13, "value": 0.30269152175975911, "supply": [{"l": "Gas-Diesel oil", "v": 0.18402869140326286}, {"l": "Fuel oil", "v": 0.0077322354117262881}, {"l": "Liquefied petroleum gas (LPG)", "v": 0.016848341063876362}, {"l": "Other fossil fuels", "v": 0.094082253880893571}]}, {"source": 93, "prod": 0, "target": 4, "value": 0.23050323443973406, "supply": [{"l": "Gas-Diesel oil", "v": 0.1401400619070895}, {"l": "Fuel oil", "v": 0.0058881902654245553}, {"l": "Liquefied petroleum gas (LPG)", "v": 0.012830214363419251}, {"l": "Other fossil fuels", "v": 0.071644767903800741}]}, {"source": 93, "prod": 0, "target": 73, "value": 0.05970616271137516, "supply": [{"l": "Gas-Diesel oil", "v": 0.036299817479543944}, {"l": "Fuel oil", "v": 0.0015251900777769379}, {"l": "Liquefied petroleum gas (LPG)", "v": 0.0033233497493694269}, {"l": "Other fossil fuels", "v": 0.018557805404684848}]}, {"source": 93, "prod": 0, "target": 45, "value": 0.82132379924916077, "supply": [{"l": "Gas-Diesel oil", "v": 0.49934383069421429}, {"l": "Fuel oil", "v": 0.020980663508931536}, {"l": "Liquefied petroleum gas (LPG)", "v": 0.045716323381569675}, {"l": "Other fossil fuels", "v": 0.25528298166444524}]}, {"source": 93, "prod": 0, "target": 40, "value": 0.00083214164057665726, "supply": [{"l": "Gas-Diesel oil", "v": 0.00050592080110862636}, {"l": "Fuel oil", "v": 2.1257004568319691e-05}, {"l": "Liquefied petroleum gas (LPG)", "v": 4.6318463405845665e-05}, {"l": "Other fossil fuels", "v": 0.00025864537149386546}]}, {"source": 93, "prod": 0, "target": 50, "value": 0.0095696288666315583, "supply": [{"l": "Gas-Diesel oil", "v": 0.0058180892127492039}, {"l": "Fuel oil", "v": 0.00024445555253567648}, {"l": "Liquefied petroleum gas (LPG)", "v": 0.00053266232916722521}, {"l": "Other fossil fuels", "v": 0.0029744217721794533}]}, {"source": 93, "prod": 0, "target": 62, "value": 0.19555328553551446, "supply": [{"l": "Gas-Diesel oil", "v": 0.11889138826052721}, {"l": "Fuel oil", "v": 0.0049953960735551282}, {"l": "Liquefied petroleum gas (LPG)", "v": 0.010884838900373733}, {"l": "Other fossil fuels", "v": 0.060781662301058394}]}, {"source": 93, "prod": 0, "target": 53, "value": 0.074476676831610827, "supply": [{"l": "Gas-Diesel oil", "v": 0.045279911699222068}, {"l": "Fuel oil", "v": 0.0019025019088646127}, {"l": "Liquefied petroleum gas (LPG)", "v": 0.0041455024748231883}, {"l": "Other fossil fuels", "v": 0.023148760748700963}]}, {"source": 93, "prod": 0, "target": 14, "value": 0.84649608387660458, "supply": [{"l": "Gas-Diesel oil", "v": 0.51464793492775018}, {"l": "Fuel oil", "v": 0.021623687897123208}, {"l": "Liquefied petroleum gas (LPG)", "v": 0.04711745689959651}, {"l": "Other fossil fuels", "v": 0.26310700415213467}]}, {"source": 93, "prod": 0, "target": 76, "value": 3.9526727927391221, "supply": [{"l": "Gas-Diesel oil", "v": 2.4031238052659756}, {"l": "Fuel oil", "v": 0.10097077169951856}, {"l": "Liquefied petroleum gas (LPG)", "v": 0.22001270117776695}, {"l": "Other fossil fuels", "v": 1.2285655145958612}]}, {"source": 93, "prod": 0, "target": 49, "value": 0.003328566562306629, "supply": [{"l": "Gas-Diesel oil", "v": 0.0020236832044345054}, {"l": "Fuel oil", "v": 8.5028018273278764e-05}, {"l": "Liquefied petroleum gas (LPG)", "v": 0.00018527385362338266}, {"l": "Other fossil fuels", "v": 0.0010345814859754618}]}, {"source": 93, "prod": 0, "target": 57, "value": 0.052008852536041081, "supply": [{"l": "Gas-Diesel oil", "v": 0.031620050069289148}, {"l": "Fuel oil", "v": 0.0013285627855199808}, {"l": "Liquefied petroleum gas (LPG)", "v": 0.0028949039628653542}, {"l": "Other fossil fuels", "v": 0.016165335718366591}]}, {"source": 93, "prod": 0, "target": 58, "value": 0.00041607082028832863, "supply": [{"l": "Gas-Diesel oil", "v": 0.00025296040055431318}, {"l": "Fuel oil", "v": 1.0628502284159845e-05}, {"l": "Liquefied petroleum gas (LPG)", "v": 2.3159231702922832e-05}, {"l": "Other fossil fuels", "v": 0.00012932268574693273}]}, {"source": 93, "prod": 0, "target": 59, "value": 0.058249914840366006, "supply": [{"l": "Gas-Diesel oil", "v": 0.035414456077603844}, {"l": "Fuel oil", "v": 0.0014879903197823785}, {"l": "Liquefied petroleum gas (LPG)", "v": 0.0032422924384091969}, {"l": "Other fossil fuels", "v": 0.018105176004570584}]}, {"source": 93, "prod": 0, "target": 60, "value": 0.19305686061378449, "supply": [{"l": "Gas-Diesel oil", "v": 0.11737362585720133}, {"l": "Fuel oil", "v": 0.0049316250598501693}, {"l": "Liquefied petroleum gas (LPG)", "v": 0.010745883510156196}, {"l": "Other fossil fuels", "v": 0.060005726186576798}]}, {"source": 93, "prod": 0, "target": 8, "value": 0.095280217846027263, "supply": [{"l": "Gas-Diesel oil", "v": 0.057927931726937727}, {"l": "Fuel oil", "v": 0.0024339270230726053}, {"l": "Liquefied petroleum gas (LPG)", "v": 0.0053034640599693298}, {"l": "Other fossil fuels", "v": 0.029614895036047601}]}, {"source": 93, "prod": 0, "target": 65, "value": 0.15769084088927657, "supply": [{"l": "Gas-Diesel oil", "v": 0.095871991810084711}, {"l": "Fuel oil", "v": 0.0040282023656965822}, {"l": "Liquefied petroleum gas (LPG)", "v": 0.0087773488154077543}, {"l": "Other fossil fuels", "v": 0.049013297898087511}]}, {"source": 93, "prod": 0, "target": 74, "value": 0.00083214164057665726, "supply": [{"l": "Gas-Diesel oil", "v": 0.00050592080110862636}, {"l": "Fuel oil", "v": 2.1257004568319691e-05}, {"l": "Liquefied petroleum gas (LPG)", "v": 4.6318463405845665e-05}, {"l": "Other fossil fuels", "v": 0.00025864537149386546}]}, {"source": 93, "prod": 0, "target": 66, "value": 0.33951378935527615, "supply": [{"l": "Gas-Diesel oil", "v": 0.20641568685231956}, {"l": "Fuel oil", "v": 0.0086728578638744346}, {"l": "Liquefied petroleum gas (LPG)", "v": 0.018897933069585034}, {"l": "Other fossil fuels", "v": 0.10552731156949713}]}, {"source": 93, "prod": 0, "target": 16, "value": 0.11358733393871372, "supply": [{"l": "Gas-Diesel oil", "v": 0.069058189351327501}, {"l": "Fuel oil", "v": 0.0029015811235756379}, {"l": "Liquefied petroleum gas (LPG)", "v": 0.0063224702548979337}, {"l": "Other fossil fuels", "v": 0.03530509320891264}]}, {"source": 93, "prod": 0, "target": 69, "value": 0.090287368002567314, "supply": [{"l": "Gas-Diesel oil", "v": 0.054892406920285963}, {"l": "Fuel oil", "v": 0.0023063849956626867}, {"l": "Liquefied petroleum gas (LPG)", "v": 0.0050255532795342554}, {"l": "Other fossil fuels", "v": 0.028063022807084406}]}, {"source": 93, "prod": 0, "target": 51, "value": 0.0074892747651899155, "supply": [{"l": "Gas-Diesel oil", "v": 0.0045532872099776373}, {"l": "Fuel oil", "v": 0.00019131304111487724}, {"l": "Liquefied petroleum gas (LPG)", "v": 0.00041686617065261102}, {"l": "Other fossil fuels", "v": 0.0023278083434447893}]}, {"source": 95, "prod": 11.677907974007525, "target": 0, "value": 0.12183088905066247, "supply": [{"l": "Potash", "v": 0.019241986126504698}, {"l": "Phosphate", "v": 0.12414583343265}, {"l": "Nitrogen", "v": 0.56254418100559089}]}, {"source": 95, "prod": 0.083667938228407568, "target": 18, "value": 0.00087287374777151466, "supply": [{"l": "Potash", "v": 0.019241986126504698}, {"l": "Phosphate", "v": 0.12414583343265}, {"l": "Nitrogen", "v": 0.56254418100559089}]}, {"source": 95, "prod": 0.64086080345163232, "target": 6, "value": 0.0066858414722924522, "supply": [{"l": "Potash", "v": 0.019241986126504698}, {"l": "Phosphate", "v": 0.12414583343265}, {"l": "Nitrogen", "v": 0.56254418100559089}]}, {"source": 95, "prod": 0.015131435637052432, "target": 19, "value": 0.0001578601458735718, "supply": [{"l": "Potash", "v": 0.019241986126504698}, {"l": "Phosphate", "v": 0.12414583343265}, {"l": "Nitrogen", "v": 0.56254418100559089}]}, {"source": 95, "prod": 0.14953418747204755, "target": 47, "value": 0.0015600296768682391, "supply": [{"l": "Potash", "v": 0.019241986126504698}, {"l": "Phosphate", "v": 0.12414583343265}, {"l": "Nitrogen", "v": 0.56254418100559089}]}, {"source": 95, "prod": 0.99244416090079179, "target": 11, "value": 0.010353768391119561, "supply": [{"l": "Potash", "v": 0.019241986126504698}, {"l": "Phosphate", "v": 0.12414583343265}, {"l": "Nitrogen", "v": 0.56254418100559089}]}, {"source": 95, "prod": 0.3355618373628686, "target": 27, "value": 0.0035007808820197981, "supply": [{"l": "Potash", "v": 0.019241986126504698}, {"l": "Phosphate", "v": 0.12414583343265}, {"l": "Nitrogen", "v": 0.56254418100559089}]}, {"source": 95, "prod": 0.56431354081713181, "target": 29, "value": 0.0058872548519908535, "supply": [{"l": "Potash", "v": 0.019241986126504698}, {"l": "Phosphate", "v": 0.12414583343265}, {"l": "Nitrogen", "v": 0.56254418100559089}]}, {"source": 95, "prod": 1.8068714319539081, "target": 70, "value": 0.01885035859549122, "supply": [{"l": "Potash", "v": 0.019241986126504698}, {"l": "Phosphate", "v": 0.12414583343265}, {"l": "Nitrogen", "v": 0.56254418100559089}]}, {"source": 95, "prod": 0.081887769329930804, "target": 15, "value": 0.00085430196590403559, "supply": [{"l": "Potash", "v": 0.019241986126504698}, {"l": "Phosphate", "v": 0.12414583343265}, {"l": "Nitrogen", "v": 0.56254418100559089}]}, {"source": 95, "prod": 10.814526058246296, "target": 3, "value": 0.11282357484493513, "supply": [{"l": "Potash", "v": 0.019241986126504698}, {"l": "Phosphate", "v": 0.12414583343265}, {"l": "Nitrogen", "v": 0.56254418100559089}]}, {"source": 95, "prod": 0.015131435637052432, "target": 34, "value": 0.0001578601458735718, "supply": [{"l": "Potash", "v": 0.019241986126504698}, {"l": "Phosphate", "v": 0.12414583343265}, {"l": "Nitrogen", "v": 0.56254418100559089}]}, {"source": 95, "prod": 2.8598413354029097, "target": 37, "value": 0.029835567570105071, "supply": [{"l": "Potash", "v": 0.019241986126504698}, {"l": "Phosphate", "v": 0.12414583343265}, {"l": "Nitrogen", "v": 0.56254418100559089}]}, {"source": 95, "prod": 0.024922364578674593, "target": 38, "value": 0.00026000494614470646, "supply": [{"l": "Potash", "v": 0.019241986126504698}, {"l": "Phosphate", "v": 0.12414583343265}, {"l": "Nitrogen", "v": 0.56254418100559089}]}, {"source": 95, "prod": 0.039163715766488645, "target": 72, "value": 0.00040857920108453873, "supply": [{"l": "Potash", "v": 0.019241986126504698}, {"l": "Phosphate", "v": 0.12414583343265}, {"l": "Nitrogen", "v": 0.56254418100559089}]}, {"source": 95, "prod": 4.6106374470547999, "target": 39, "value": 0.048100915036770699, "supply": [{"l": "Potash", "v": 0.019241986126504698}, {"l": "Phosphate", "v": 0.12414583343265}, {"l": "Nitrogen", "v": 0.56254418100559089}]}, {"source": 95, "prod": 0.3524734418983978, "target": 75, "value": 0.0036772128097608491, "supply": [{"l": "Potash", "v": 0.019241986126504698}, {"l": "Phosphate", "v": 0.12414583343265}, {"l": "Nitrogen", "v": 0.56254418100559089}]}, {"source": 95, "prod": 0.017801688984767566, "target": 91, "value": 0.00018571781867479035, "supply": [{"l": "Potash", "v": 0.019241986126504698}, {"l": "Phosphate", "v": 0.12414583343265}, {"l": "Nitrogen", "v": 0.56254418100559089}]}, {"source": 95, "prod": 1.2950728736418404, "target": 13, "value": 0.013510971308590998, "supply": [{"l": "Potash", "v": 0.019241986126504698}, {"l": "Phosphate", "v": 0.12414583343265}, {"l": "Nitrogen", "v": 0.56254418100559089}]}, {"source": 95, "prod": 0.98621356975612318, "target": 4, "value": 0.010288767154583385, "supply": [{"l": "Potash", "v": 0.019241986126504698}, {"l": "Phosphate", "v": 0.12414583343265}, {"l": "Nitrogen", "v": 0.56254418100559089}]}, {"source": 95, "prod": 0.25545423693141456, "target": 73, "value": 0.0026650506979832415, "supply": [{"l": "Potash", "v": 0.019241986126504698}, {"l": "Phosphate", "v": 0.12414583343265}, {"l": "Nitrogen", "v": 0.56254418100559089}]}, {"source": 95, "prod": 3.5140534055931174, "target": 45, "value": 0.036660697406403611, "supply": [{"l": "Potash", "v": 0.019241986126504698}, {"l": "Phosphate", "v": 0.12414583343265}, {"l": "Nitrogen", "v": 0.56254418100559089}]}, {"source": 95, "prod": 0.003560337796953513, "target": 40, "value": 3.7143563734958067e-05, "supply": [{"l": "Potash", "v": 0.019241986126504698}, {"l": "Phosphate", "v": 0.12414583343265}, {"l": "Nitrogen", "v": 0.56254418100559089}]}, {"source": 95, "prod": 0.040943884664965402, "target": 50, "value": 0.0004271509829520178, "supply": [{"l": "Potash", "v": 0.019241986126504698}, {"l": "Phosphate", "v": 0.12414583343265}, {"l": "Nitrogen", "v": 0.56254418100559089}]}, {"source": 95, "prod": 0.83667938228407568, "target": 62, "value": 0.0087287374777151473, "supply": [{"l": "Potash", "v": 0.019241986126504698}, {"l": "Phosphate", "v": 0.12414583343265}, {"l": "Nitrogen", "v": 0.56254418100559089}]}, {"source": 95, "prod": 0.31865023282733945, "target": 53, "value": 0.0033243489542787476, "supply": [{"l": "Potash", "v": 0.019241986126504698}, {"l": "Phosphate", "v": 0.12414583343265}, {"l": "Nitrogen", "v": 0.56254418100559089}]}, {"source": 95, "prod": 3.6217536239509616, "target": 14, "value": 0.037784290209386097, "supply": [{"l": "Potash", "v": 0.019241986126504698}, {"l": "Phosphate", "v": 0.12414583343265}, {"l": "Nitrogen", "v": 0.56254418100559089}]}, {"source": 95, "prod": 16.91160453552919, "target": 76, "value": 0.17643192774105085, "supply": [{"l": "Potash", "v": 0.019241986126504698}, {"l": "Phosphate", "v": 0.12414583343265}, {"l": "Nitrogen", "v": 0.56254418100559089}]}, {"source": 95, "prod": 0.014241351187814052, "target": 49, "value": 0.00014857425493983227, "supply": [{"l": "Potash", "v": 0.019241986126504698}, {"l": "Phosphate", "v": 0.12414583343265}, {"l": "Nitrogen", "v": 0.56254418100559089}]}, {"source": 95, "prod": 0.22252111230959457, "target": 57, "value": 0.0023214727334348794, "supply": [{"l": "Potash", "v": 0.019241986126504698}, {"l": "Phosphate", "v": 0.12414583343265}, {"l": "Nitrogen", "v": 0.56254418100559089}]}, {"source": 95, "prod": 0.0017801688984767565, "target": 58, "value": 1.8571781867479034e-05, "supply": [{"l": "Potash", "v": 0.019241986126504698}, {"l": "Phosphate", "v": 0.12414583343265}, {"l": "Nitrogen", "v": 0.56254418100559089}]}, {"source": 95, "prod": 0.24922364578674591, "target": 59, "value": 0.0026000494614470647, "supply": [{"l": "Potash", "v": 0.019241986126504698}, {"l": "Phosphate", "v": 0.12414583343265}, {"l": "Nitrogen", "v": 0.56254418100559089}]}, {"source": 95, "prod": 0.8259983688932151, "target": 60, "value": 0.0086173067865102718, "supply": [{"l": "Potash", "v": 0.019241986126504698}, {"l": "Phosphate", "v": 0.12414583343265}, {"l": "Nitrogen", "v": 0.56254418100559089}]}, {"source": 95, "prod": 0.40765867775117731, "target": 8, "value": 0.004252938047652699, "supply": [{"l": "Potash", "v": 0.019241986126504698}, {"l": "Phosphate", "v": 0.12414583343265}, {"l": "Nitrogen", "v": 0.56254418100559089}]}, {"source": 95, "prod": 0.67468401252269083, "target": 65, "value": 0.0070387053277745542, "supply": [{"l": "Potash", "v": 0.019241986126504698}, {"l": "Phosphate", "v": 0.12414583343265}, {"l": "Nitrogen", "v": 0.56254418100559089}]}, {"source": 95, "prod": 0.003560337796953513, "target": 74, "value": 3.7143563734958067e-05, "supply": [{"l": "Potash", "v": 0.019241986126504698}, {"l": "Phosphate", "v": 0.12414583343265}, {"l": "Nitrogen", "v": 0.56254418100559089}]}, {"source": 95, "prod": 1.4526178211570333, "target": 66, "value": 0.015154574003862891, "supply": [{"l": "Potash", "v": 0.019241986126504698}, {"l": "Phosphate", "v": 0.12414583343265}, {"l": "Nitrogen", "v": 0.56254418100559089}]}, {"source": 95, "prod": 0.48598610928415453, "target": 16, "value": 0.0050700964498217758, "supply": [{"l": "Potash", "v": 0.019241986126504698}, {"l": "Phosphate", "v": 0.12414583343265}, {"l": "Nitrogen", "v": 0.56254418100559089}]}, {"source": 95, "prod": 0.3862966509694562, "target": 69, "value": 0.0040300766652429506, "supply": [{"l": "Potash", "v": 0.019241986126504698}, {"l": "Phosphate", "v": 0.12414583343265}, {"l": "Nitrogen", "v": 0.56254418100559089}]}, {"source": 95, "prod": 0.032043040172581617, "target": 51, "value": 0.00033429207361462262, "supply": [{"l": "Potash", "v": 0.019241986126504698}, {"l": "Phosphate", "v": 0.12414583343265}, {"l": "Nitrogen", "v": 0.56254418100559089}]}, {"source": 93, "prod": 0, "target": 95, "value": 0.845868635164162, "supply": [{"l": "Natural gas (including LNG)", "v": 0.5773054030065119}, {"l": "Fuel oil", "v": 0.16912162985599227}, {"l": "Liquefied petroleum gas (LPG)", "v": 0.049720801150828907}, {"l": "Coal", "v": 0.049720801150828907}]}, {"source": 96, "prod": 0, "target": 0, "value": 0.16712910610421736, "supply": "[{\"l\":'Labor',\"v\":0.16712910610421736}]"}, {"source": 96, "prod": 0, "target": 18, "value": 0.0011974189004418012, "supply": "[{\"l\":'Labor',\"v\":0.0011974189004418012}]"}, {"source": 96, "prod": 0, "target": 37, "value": 0.04092879709701603, "supply": "[{\"l\":'Labor',\"v\":0.04092879709701603}]"}, {"source": 96, "prod": 0, "target": 6, "value": 0.0091717192374265611, "supply": "[{\"l\":'Labor',\"v\":0.0091717192374265611}]"}, {"source": 96, "prod": 0, "target": 19, "value": 0.00021655448199479381, "supply": "[{\"l\":'Labor',\"v\":0.00021655448199479381}]"}, {"source": 96, "prod": 0, "target": 11, "value": 0.0142034263190703, "supply": "[{\"l\":'Labor',\"v\":0.0142034263190703}]"}, {"source": 96, "prod": 0, "target": 62, "value": 0.011974189004418011, "supply": "[{\"l\":'Labor',\"v\":0.011974189004418011}]"}, {"source": 96, "prod": 0, "target": 27, "value": 0.0048024141007080743, "supply": "[{\"l\":'Labor',\"v\":0.0048024141007080743}]"}, {"source": 96, "prod": 0, "target": 29, "value": 0.0080762083285117227, "supply": "[{\"l\":'Labor',\"v\":0.0080762083285117227}]"}, {"source": 96, "prod": 0, "target": 70, "value": 0.025859152849966555, "supply": "[{\"l\":'Labor',\"v\":0.025859152849966555}]"}, {"source": 96, "prod": 0, "target": 15, "value": 0.0011719419025600607, "supply": "[{\"l\":'Labor',\"v\":0.0011719419025600607}]"}, {"source": 96, "prod": 0, "target": 31, "value": 1.2738498940870223e-05, "supply": "[{\"l\":'Labor',\"v\":1.2738498940870223e-05}]"}, {"source": 96, "prod": 0, "target": 3, "value": 0.1547727621315732, "supply": "[{\"l\":'Labor',\"v\":0.1547727621315732}]"}, {"source": 96, "prod": 0, "target": 33, "value": 5.0953995763480892e-05, "supply": "[{\"l\":'Labor',\"v\":5.0953995763480892e-05}]"}, {"source": 96, "prod": 0, "target": 34, "value": 0.00021655448199479381, "supply": "[{\"l\":'Labor',\"v\":0.00021655448199479381}]"}, {"source": 96, "prod": 0, "target": 25, "value": 0.00011464649046783201, "supply": "[{\"l\":'Labor',\"v\":0.00011464649046783201}]"}, {"source": 96, "prod": 0, "target": 38, "value": 0.00035667797034436629, "supply": "[{\"l\":'Labor',\"v\":0.00035667797034436629}]"}, {"source": 96, "prod": 0, "target": 73, "value": 0.0036559491960297544, "supply": "[{\"l\":'Labor',\"v\":0.0036559491960297544}]"}, {"source": 96, "prod": 0, "target": 65, "value": 0.0096557821971796302, "supply": "[{\"l\":'Labor',\"v\":0.0096557821971796302}]"}, {"source": 96, "prod": 0, "target": 76, "value": 0.24203147987653426, "supply": "[{\"l\":'Labor',\"v\":0.24203147987653426}]"}, {"source": 96, "prod": 0, "target": 39, "value": 0.065985424513707758, "supply": "[{\"l\":'Labor',\"v\":0.065985424513707758}]"}, {"source": 96, "prod": 0, "target": 40, "value": 5.0953995763480892e-05, "supply": "[{\"l\":'Labor',\"v\":5.0953995763480892e-05}]"}, {"source": 96, "prod": 0, "target": 74, "value": 5.0953995763480892e-05, "supply": "[{\"l\":'Labor',\"v\":5.0953995763480892e-05}]"}, {"source": 96, "prod": 0, "target": 13, "value": 0.018534515958966175, "supply": "[{\"l\":'Labor',\"v\":0.018534515958966175}]"}, {"source": 96, "prod": 0, "target": 4, "value": 0.014114256826484208, "supply": "[{\"l\":'Labor',\"v\":0.014114256826484208}]"}, {"source": 96, "prod": 0, "target": 72, "value": 0.0005604939533982898, "supply": "[{\"l\":'Labor',\"v\":0.0005604939533982898}]"}, {"source": 96, "prod": 0, "target": 45, "value": 0.050291593818555642, "supply": "[{\"l\":'Labor',\"v\":0.050291593818555642}]"}, {"source": 96, "prod": 0, "target": 75, "value": 0.0050444455805846089, "supply": "[{\"l\":'Labor',\"v\":0.0050444455805846089}]"}, {"source": 96, "prod": 0, "target": 46, "value": 0.00043310896398958762, "supply": "[{\"l\":'Labor',\"v\":0.00043310896398958762}]"}, {"source": 96, "prod": 0, "target": 91, "value": 0.00025476997881740448, "supply": "[{\"l\":'Labor',\"v\":0.00025476997881740448}]"}, {"source": 96, "prod": 0, "target": 49, "value": 0.00020381598305392357, "supply": "[{\"l\":'Labor',\"v\":0.00020381598305392357}]"}, {"source": 96, "prod": 0, "target": 50, "value": 0.00058597095128003034, "supply": "[{\"l\":'Labor',\"v\":0.00058597095128003034}]"}, {"source": 96, "prod": 0, "target": 51, "value": 0.00045858596187132804, "supply": "[{\"l\":'Labor',\"v\":0.00045858596187132804}]"}, {"source": 96, "prod": 0, "target": 53, "value": 0.0045603826208315407, "supply": "[{\"l\":'Labor',\"v\":0.0045603826208315407}]"}, {"source": 96, "prod": 0, "target": 14, "value": 0.05183295219040094, "supply": "[{\"l\":'Labor',\"v\":0.05183295219040094}]"}, {"source": 96, "prod": 0, "target": 57, "value": 0.0031846247352175557, "supply": "[{\"l\":'Labor',\"v\":0.0031846247352175557}]"}, {"source": 96, "prod": 0, "target": 58, "value": 2.5476997881740446e-05, "supply": "[{\"l\":'Labor',\"v\":2.5476997881740446e-05}]"}, {"source": 96, "prod": 0, "target": 59, "value": 0.0035667797034436627, "supply": "[{\"l\":'Labor',\"v\":0.0035667797034436627}]"}, {"source": 96, "prod": 0, "target": 60, "value": 0.011821327017127568, "supply": "[{\"l\":'Labor',\"v\":0.011821327017127568}]"}, {"source": 96, "prod": 0, "target": 8, "value": 0.0058342325149185626, "supply": "[{\"l\":'Labor',\"v\":0.0058342325149185626}]"}, {"source": 96, "prod": 0, "target": 47, "value": 0.0021400678220661979, "supply": "[{\"l\":'Labor',\"v\":0.0021400678220661979}]"}, {"source": 96, "prod": 0, "target": 66, "value": 0.020789230271500207, "supply": "[{\"l\":'Labor',\"v\":0.020789230271500207}]"}, {"source": 96, "prod": 0, "target": 69, "value": 0.0055285085403376771, "supply": "[{\"l\":'Labor',\"v\":0.0055285085403376771}]"}, {"source": 96, "prod": 0, "target": 16, "value": 0.0069552204217151418, "supply": "[{\"l\":'Labor',\"v\":0.0069552204217151418}]"}, {"source": 93, "prod": 0, "target": 84, "value": 1.1499901933229211, "supply": "[{\"l\":'Fossil Fuels',\"v\":1.1499901933229211}]"}, {"source": 94, "prod": 0, "target": 84, "value": 0.084189999882061398, "supply": "[{\"l\":'Renewables & Nuclear',\"v\":0.0061545681410190159},{\"l\":'Biomass & Waste',\"v\":0.078035431741042383}]"}]}