{"nodes": [{"layer": 13, "name": "Milk - Excluding Butter"}, {"layer": 10, "name": "Feed", "fill": "#dbdb8d"}, {"layer": 5, "name": "Cereals - Excluding Beer"}, {"layer": 5, "name": "Starchy Roots"}, {"layer": 13, "name": "Fish, Seafood"}, {"layer": 16, "name": "Food", "fill": "#b5cf6b"}, {"layer": 5, "name": "Oilcrops", "fill": "#ff9896"}, {"layer": 5, "name": "Treenuts"}, {"layer": 5, "name": "Pulses"}, {"layer": 5, "name": "Vegetables"}, {"layer": 5, "name": "Others"}, {"layer": 13, "name": "Animal Fats"}, {"layer": 13, "name": "Sugar & Sweeteners"}, {"layer": 13, "name": "Alcoholic Beverages"}, {"layer": 13, "name": "Vegetable Oils", "fill": "#f7b6d2"}, {"layer": 5, "name": "Spices"}, {"layer": 5, "name": "Stimulants"}, {"layer": 13, "name": "Eggs"}, {"layer": 5, "name": "Fruits - Excluding Wine"}, {"layer": 13, "name": "Meat"}, {"layer": 10, "name": "Processing", "fill": "#9edae5"}, {"layer": 5, "name": "Sugar Crops", "fill": "#ffbb78"}, {"layer": 16, "name": "Biofuels & Other", "fill": "#e7ba52"}, {"layer": 13, "name": "Aquatic Products, Other"}, {"name": "Waste", "fill": "#c7c7c7"}, {"layer": 2, "name": "Import", "fill": "#aec7e8"}, {"layer": 16, "name": "Export", "fill": "#aec7e8"}, {"layer": 16, "name": "Stock Deposit", "fill": "#c7c7c7"}, {"layer": 0, "name": "Stock Draw", "fill": "#c7c7c7"}, {"name": "Crop Residue", "fill": "#bd9e39"}, {"layer": 2, "name": "Electricity", "fill": "#bcbd22"}, {"layer": 0, "name": "Fossil Fuels", "fill": "#c49c94"}, {"layer": 0, "name": "Renewables & Nuclear", "fill": "#2ca02c"}, {"layer": 2, "name": "Fertilizers", "fill": "#c5b0d5"}, {"layer": 0, "name": "Labor", "fill": "#7f7f7f"}], "links": [{"source": 0, "prod": 95.0, "target": 1, "value": 0.056909784293485595, "supply": [{"l": "Milk - Excluding Butter", "v": 0.056909784293485595}]}, {"source": 2, "prod": 4561.0, "target": 1, "value": 15.125069928261141, "supply": [{"l": "Maize", "v": 9.6873688668200959}, {"l": "Wheat", "v": 0.24438117714541938}, {"l": "Oats", "v": 0.25656694090137366}, {"l": "Rye", "v": 0.4063087373183572}, {"l": "Millet", "v": 0.066649411948750736}, {"l": "Barley", "v": 0.80364704125067621}, {"l": "Sorghum", "v": 3.6339798419675997}, {"l": "Cereals, Other", "v": 0.026167910908869871}]}, {"source": 3, "prod": 112.0, "target": 1, "value": 0.11544945967623844, "supply": [{"l": "Cassava", "v": 0.11544945967623844}]}, {"source": 4, "prod": 16.0, "target": 1, "value": 0.012475261594806799, "supply": [{"l": "Freshwater Fish", "v": 0.0067470463447152317}, {"l": "Fish, Seafood", "v": 0.0057282152500915664}]}, {"source": 0, "prod": 2807.0, "target": 5, "value": 1.6815343632822533, "supply": [{"l": "Milk - Excluding Butter", "v": 1.6815343632822533}]}, {"source": 6, "prod": 8.0, "target": 5, "value": 0.01874422940138961, "supply": [{"l": "Olives", "v": 0.0096477651330681823}, {"l": "Coconuts - Incl Copra", "v": 0.0090964642683214296}]}, {"source": 7, "prod": 7.0, "target": 5, "value": 0.018009161581727273, "supply": [{"l": "Treenuts", "v": 0.018009161581727273}]}, {"source": 8, "prod": 56.0, "target": 5, "value": 0.23404636724180972, "supply": [{"l": "Peas", "v": 0.063675249878250004}, {"l": "Beans", "v": 0.11767435884362869}, {"l": "Pulses, Other", "v": 0.052696758519931039}]}, {"source": 9, "prod": 1715.0, "target": 5, "value": 0.49844987700246535, "supply": [{"l": "Tomatoes", "v": 0.062275793836969788}, {"l": "Vegetables, Other", "v": 0.35595686445766456}, {"l": "Onions", "v": 0.080217218707830967}]}, {"source": 10, "prod": 7.0, "target": 5, "value": 0.019171042974096775, "supply": [{"l": "Nuts", "v": 0.019171042974096775}]}, {"source": 11, "prod": 80.0, "target": 5, "value": 0.65963098318295477, "supply": [{"l": "Butter, Ghee", "v": 0.34091422443406699}, {"l": "Fats, Animals, Raw", "v": 0.31871675874888777}]}, {"source": 3, "prod": 2152.0, "target": 5, "value": 1.7884118332554018, "supply": [{"l": "Potatoes", "v": 1.325847989655629}, {"l": "Sweet potatoes", "v": 0.36463796262439174}, {"l": "Cassava", "v": 0.097925880975380811}]}, {"source": 4, "prod": 174.0, "target": 5, "value": 0.12743666384325428, "supply": [{"l": "Crustaceans", "v": 0.0010107182520357144}, {"l": "Demersal Fish", "v": 0.026693554534113543}, {"l": "Freshwater Fish", "v": 0.0042169039654470202}, {"l": "Pelagic Fish", "v": 0.026247812926912209}, {"l": "Fish, Seafood", "v": 0.062294340844745791}, {"l": "Cephalopods", "v": 0.0011622222200000001}, {"l": "Molluscs, Other", "v": 0.0058111111000000003}]}, {"source": 12, "prod": 820.0, "target": 5, "value": 3.3988806574235055, "supply": [{"l": "Sugar", "v": 3.2401732401892143}, {"l": "Sweeteners, Other", "v": 0.14961095296596949}, {"l": "Honey", "v": 0.0090964642683214296}]}, {"source": 13, "prod": 1919.0, "target": 5, "value": 1.6626168877120355, "supply": [{"l": "Beer", "v": 0.080127557684630271}, {"l": "Beverages, Alcoholic", "v": 0.28328553379670351}, {"l": "Wine", "v": 1.2992037962307017}]}, {"source": 2, "prod": 2806.0, "target": 5, "value": 9.0113758197569052, "supply": [{"l": "Maize", "v": 0.20427261012951597}, {"l": "Rye", "v": 0.0090964642683214296}, {"l": "Rice", "v": 0.33752496584014408}, {"l": "Cereals, Other", "v": 0.043613184848116437}, {"l": "Wheat", "v": 8.4168685946708077}]}, {"source": 14, "prod": 145.0, "target": 5, "value": 1.4979562516732949, "supply": [{"l": "Maize Germ Oil", "v": 0.029388576866884623}, {"l": "Groundnut Oil", "v": 0.050940199902600007}, {"l": "Sunflowerseed Oil", "v": 1.1742465198136103}, {"l": "Rape and Mustard Oil", "v": 0.012128619024428572}, {"l": "Cottonseed Oil", "v": 0.23125233606577145}]}, {"source": 15, "prod": 3.0, "target": 5, "value": 0.013290841244428572, "supply": [{"l": "Pepper", "v": 0.0011622222200000001}, {"l": "Pimento", "v": 0.012128619024428572}]}, {"source": 16, "prod": 213.0, "target": 5, "value": 0.10639973464026133, "supply": [{"l": "Cocoa Beans", "v": 0.0087397401793676485}, {"l": "Coffee", "v": 0.017793482999910178}, {"l": "Tea", "v": 0.079866511460983503}]}, {"source": 17, "prod": 183.0, "target": 5, "value": 0.27553752292853717, "supply": [{"l": "Eggs", "v": 0.27553752292853717}]}, {"source": 18, "prod": 1614.0, "target": 5, "value": 0.74696814723282046, "supply": [{"l": "Grapes", "v": 0.05309260271538592}, {"l": "Lemons, Limes", "v": 0.017815873022930053}, {"l": "Pineapples", "v": 0.0087668822296141317}, {"l": "Bananas", "v": 0.15131430347412098}, {"l": "Fruits, Other", "v": 0.15124769653961054}, {"l": "Grapefruit", "v": 0.00887376363651695}, {"l": "Oranges, Mandarines", "v": 0.21365646758264897}, {"l": "Apples", "v": 0.14220055803199291}]}, {"source": 19, "prod": 2309.0, "target": 5, "value": 5.959351121697182, "supply": [{"l": "Mutton & Goat Meat", "v": 0.3725093868958142}, {"l": "Pigmeat", "v": 0.60456071537646483}, {"l": "Poultry Meat", "v": 0.080137631554090233}, {"l": "Meat, Other", "v": 0.026885105504150002}, {"l": "Bovine Meat", "v": 4.6620202362627561}, {"l": "Offals, Edible", "v": 0.21323804610390704}]}, {"source": 2, "prod": 97.0, "target": 20, "value": 0.31276900556935183, "supply": [{"l": "Maize", "v": 0.1592633909484362}, {"l": "Barley", "v": 0.15350561462091566}]}, {"source": 21, "prod": 8805.0, "target": 20, "value": 2.6987271970059754, "supply": [{"l": "Sugar cane", "v": 2.6987271970059754}]}, {"source": 6, "prod": 1525.0, "target": 20, "value": 3.7689683618411793, "supply": [{"l": "Sunflower seed", "v": 1.3644696402482146}, {"l": "Olives", "v": 0.050168378691954549}, {"l": "Rape and Mustardseed", "v": 0.012404269456801951}, {"l": "Groundnuts", "v": 0.34235783700773381}, {"l": "Cottonseed", "v": 0.43166857709670792}, {"l": "Oilcrops, Other", "v": 1.5678996593397665}]}, {"source": 18, "prod": 2083.0, "target": 20, "value": 1.4944850196776875, "supply": [{"l": "Grapes", "v": 1.4944850196776875}]}, {"source": 19, "prod": 177.0, "target": 22, "value": 0.22072008280930727, "supply": [{"l": "Offals, Edible", "v": 0.22072008280930727}]}, {"source": 11, "prod": 98.0, "target": 22, "value": 0.80087800916387186, "supply": [{"l": "Fats, Animals, Raw", "v": 0.80087800916387186}]}, {"source": 0, "prod": 1129.0, "target": 22, "value": 0.67632785755100244, "supply": [{"l": "Milk - Excluding Butter", "v": 0.67632785755100244}]}, {"source": 23, "prod": 20.0, "target": 22, "value": 0.014320538125228916, "supply": [{"l": "Aquatic Plants", "v": 0.0071602690626144582}, {"l": "Aquatic Products, Other", "v": 0.0071602690626144582}]}, {"source": 2, "prod": 32.0, "target": 22, "value": 0.11079192413804256, "supply": [{"l": "Maize", "v": 0.11079192413804256}]}, {"source": 14, "prod": 8.0, "target": 22, "value": 0.08074152483394717, "supply": [{"l": "Palmkernel Oil", "v": 0.02081187788971187}, {"l": "Oilcrops Oil, Other", "v": 0.059929646944235297}]}, {"source": 6, "prod": 1.0, "target": 22, "value": 0.0024808538913603899, "supply": [{"l": "Oilcrops, Other", "v": 0.0024808538913603899}]}, {"source": 3, "prod": 135.0, "target": 3, "value": 0.10528792859029995, "supply": [{"l": "Potatoes", "v": 0.10528792859029995}]}, {"source": 2, "prod": 1028.0, "target": 2, "value": 3.1148106901062516, "supply": [{"l": "Maize", "v": 0.28044205797442023}, {"l": "Wheat", "v": 1.4916773150434688}, {"l": "Oats", "v": 0.37785313114565933}, {"l": "Rye", "v": 0.52153061805042866}, {"l": "Millet", "v": 0.012695126085476328}, {"l": "Barley", "v": 0.29497157319313205}, {"l": "Rice", "v": 0.021917205574035328}, {"l": "Sorghum", "v": 0.1079085717265488}, {"l": "Cereals, Other", "v": 0.0058150913130821926}]}, {"source": 17, "prod": 2.0, "target": 17, "value": 0.0030113390483993137, "supply": [{"l": "Eggs", "v": 0.0030113390483993137}]}, {"source": 8, "prod": 6.0, "target": 8, "value": 0.025241919542676117, "supply": [{"l": "Peas", "v": 0.012735049975650002}, {"l": "Beans", "v": 0.008115473023698529}, {"l": "Pulses, Other", "v": 0.0043913965433275866}]}, {"source": 6, "prod": 86.0, "target": 6, "value": 0.21335343465699352, "supply": [{"l": "Sunflower seed", "v": 0.022327685022243512}, {"l": "Soyabeans", "v": 0.0024808538913603899}, {"l": "Cottonseed", "v": 0.08186817841489287}, {"l": "Groundnuts", "v": 0.039693662261766238}, {"l": "Oilcrops, Other", "v": 0.066983055066730537}]}, {"source": 0, "prod": 64.0, "target": 24, "value": 0.038339223102979762, "supply": [{"l": "Milk - Excluding Butter", "v": 0.038339223102979762}]}, {"source": 19, "prod": 5.0, "target": 24, "value": 0.0070750277642500003, "supply": [{"l": "Meat, Other", "v": 0.0070750277642500003}]}, {"source": 17, "prod": 10.0, "target": 24, "value": 0.015056695241996567, "supply": [{"l": "Eggs", "v": 0.015056695241996567}]}, {"source": 13, "prod": 14.0, "target": 24, "value": 0.01107725526627882, "supply": [{"l": "Wine", "v": 0.01107725526627882}]}, {"source": 21, "prod": 845.0, "target": 24, "value": 0.25899199108120941, "supply": [{"l": "Sugar cane", "v": 0.25899199108120941}]}, {"source": 3, "prod": 256.0, "target": 24, "value": 0.21165910840507149, "supply": [{"l": "Potatoes", "v": 0.1614414905051266}, {"l": "Sweet potatoes", "v": 0.031663240451977999}, {"l": "Cassava", "v": 0.01855437744796689}]}, {"source": 18, "prod": 137.0, "target": 24, "value": 0.065531996439268991, "supply": [{"l": "Grapes", "v": 0.0050222732298338037}, {"l": "Fruits, Other", "v": 0.012905093561400216}, {"l": "Grapefruit", "v": 0.00071949434890677965}, {"l": "Lemons, Limes", "v": 0.0013196942979948187}, {"l": "Bananas", "v": 0.011639561805701613}, {"l": "Apples", "v": 0.017400068282395761}, {"l": "Oranges, Mandarines", "v": 0.016064396058845791}, {"l": "Pineapples", "v": 0.00046141485419021742}]}, {"source": 2, "prod": 420.0, "target": 24, "value": 1.3516392567370059, "supply": [{"l": "Maize", "v": 0.36007375344863829}, {"l": "Oats", "v": 0.039651254502939562}, {"l": "Rye", "v": 0.030321547561071433}, {"l": "Barley", "v": 0.048158624194797071}, {"l": "Sorghum", "v": 0.095213445641072494}, {"l": "Cereals, Other", "v": 0.0029075456565410963}, {"l": "Rice", "v": 0.026300646688842397}, {"l": "Wheat", "v": 0.71727462382941265}, {"l": "Millet", "v": 0.031737815213690825}]}, {"source": 9, "prod": 242.0, "target": 24, "value": 0.067408965927957074, "supply": [{"l": "Tomatoes", "v": 0.0069972802064011}, {"l": "Vegetables, Other", "v": 0.05769245796874814}, {"l": "Onions", "v": 0.0027192277528078294}]}, {"source": 6, "prod": 109.0, "target": 24, "value": 0.27041307415828253, "supply": [{"l": "Sunflower seed", "v": 0.0074425616740811705}, {"l": "Groundnuts", "v": 0.0099234155654415596}, {"l": "Oilcrops, Other", "v": 0.25304709691875982}]}, {"source": 25, "prod": 3.0, "target": 10, "value": 0.0082161612746129049, "supply": [{"l": "Nuts", "v": 0.0082161612746129049}]}, {"source": 25, "prod": 12.0, "target": 1, "value": 0.0086549877549267386, "supply": [{"l": "Demersal Fish", "v": 0.002224462877842795}, {"l": "Pelagic Fish", "v": 0.00097214121951526701}, {"l": "Fish, Seafood", "v": 0.0042961614375686755}, {"l": "Cephalopods", "v": 0.0011622222200000001}]}, {"source": 25, "prod": 3.0, "target": 2, "value": 0.0095213445641072463, "supply": [{"l": "Sorghum", "v": 0.0095213445641072463}]}, {"source": 25, "prod": 1.0, "target": 15, "value": 0.0011622222200000001, "supply": [{"l": "Pepper", "v": 0.0011622222200000001}]}, {"source": 25, "prod": 3.0, "target": 7, "value": 0.007718212106454546, "supply": [{"l": "Treenuts", "v": 0.007718212106454546}]}, {"source": 25, "prod": 5.0, "target": 9, "value": 0.0018260992234973214, "supply": [{"l": "Tomatoes", "v": 0.00046648534709340669}, {"l": "Onions", "v": 0.0013596138764039147}]}, {"source": 25, "prod": 82.0, "target": 16, "value": 0.045215448082431858, "supply": [{"l": "Coffee", "v": 0.017793482999910178}, {"l": "Cocoa Beans", "v": 0.0087397401793676485}, {"l": "Tea", "v": 0.018682224903154035}]}, {"source": 25, "prod": 236.0, "target": 18, "value": 0.16557209486744054, "supply": [{"l": "Pineapples", "v": 0.0087668822296141317}, {"l": "Bananas", "v": 0.15422419392554637}, {"l": "Fruits, Other", "v": 0.0025810187122800431}]}, {"source": 25, "prod": 3.0, "target": 6, "value": 0.0090964642683214296, "supply": [{"l": "Coconuts - Incl Copra", "v": 0.0090964642683214296}]}, {"source": 25, "prod": 15.0, "target": 20, "value": 0.070257416216610982, "supply": [{"l": "Sugar", "v": 0.028967066004245853}, {"l": "Beverages, Alcoholic", "v": 0.020478472322653266}, {"l": "Palmkernel Oil", "v": 0.02081187788971187}]}, {"source": 0, "prod": 55.0, "target": 26, "value": 0.032947769854123239, "supply": [{"l": "Milk - Excluding Butter", "v": 0.032947769854123239}]}, {"source": 6, "prod": 103.0, "target": 26, "value": 0.25497664994537345, "supply": [{"l": "Olives", "v": 0.0019295530266136365}, {"l": "Oilcrops, Other", "v": 0.25304709691875982}]}, {"source": 12, "prod": 210.0, "target": 26, "value": 0.85463401223459756, "supply": [{"l": "Sugar", "v": 0.8152160004052047}, {"l": "Honey", "v": 0.039418011829392863}]}, {"source": 17, "prod": 12.0, "target": 26, "value": 0.018068034290395881, "supply": [{"l": "Eggs", "v": 0.018068034290395881}]}, {"source": 11, "prod": 50.0, "target": 26, "value": 0.410681198421808, "supply": [{"l": "Fats, Animals, Raw", "v": 0.28602786041566852}, {"l": "Butter, Ghee", "v": 0.11640973517260825}, {"l": "Fish, Body Oil", "v": 0.0082436028335312727}]}, {"source": 3, "prod": 30.0, "target": 26, "value": 0.023397317464511097, "supply": [{"l": "Potatoes", "v": 0.023397317464511097}]}, {"source": 8, "prod": 4.0, "target": 26, "value": 0.016751886225576114, "supply": [{"l": "Beans", "v": 0.008115473023698529}, {"l": "Peas", "v": 0.00424501665855}, {"l": "Pulses, Other", "v": 0.0043913965433275866}]}, {"source": 4, "prod": 4.0, "target": 26, "value": 0.0031188153987016997, "supply": [{"l": "Freshwater Fish", "v": 0.0016867615861788079}, {"l": "Fish, Seafood", "v": 0.0014320538125228916}]}, {"source": 18, "prod": 201.0, "target": 26, "value": 0.11786575241345418, "supply": [{"l": "Grapes", "v": 0.007174676042619719}, {"l": "Fruits, Other", "v": 0.020648149698240345}, {"l": "Apples", "v": 0.089400350830240283}, {"l": "Oranges, Mandarines", "v": 0.00064257584235383159}]}, {"source": 2, "prod": 3680.0, "target": 26, "value": 11.935595962367769, "supply": [{"l": "Maize", "v": 5.9896883987129259}, {"l": "Oats", "v": 0.61576065816329661}, {"l": "Rye", "v": 0.12431834500039286}, {"l": "Barley", "v": 0.44245735978969802}, {"l": "Rice", "v": 0.048217852262877725}, {"l": "Sorghum", "v": 0.86009479229102126}, {"l": "Cereals, Other", "v": 0.046520730504657541}, {"l": "Wheat", "v": 3.4911596735059907}, {"l": "Millet", "v": 0.31737815213690829}]}, {"source": 14, "prod": 288.0, "target": 26, "value": 2.9058215145443103, "supply": [{"l": "Olive Oil", "v": 0.02122508329275}, {"l": "Groundnut Oil", "v": 0.31582923939612007}, {"l": "Oilcrops Oil, Other", "v": 2.2074086624460008}, {"l": "Cottonseed Oil", "v": 0.042045879284685714}, {"l": "Sunflowerseed Oil", "v": 0.31931265012475374}]}, {"source": 16, "prod": 6.0, "target": 26, "value": 0.0028023337354731053, "supply": [{"l": "Tea", "v": 0.0028023337354731053}]}, {"source": 9, "prod": 10.0, "target": 26, "value": 0.0033200372054390456, "supply": [{"l": "Vegetables, Other", "v": 0.0019604233290351309}, {"l": "Onions", "v": 0.0013596138764039147}]}, {"source": 19, "prod": 543.0, "target": 26, "value": 1.3830389367700333, "supply": [{"l": "Pigmeat", "v": 0.016608810861990793}, {"l": "Meat, Other", "v": 0.041035161032650001}, {"l": "Mutton & Goat Meat", "v": 0.079639937888070611}, {"l": "Offals, Edible", "v": 0.024940122351334155}, {"l": "Bovine Meat", "v": 1.2208149046359877}]}, {"source": 13, "prod": 70.0, "target": 27, "value": 0.036476082773344257, "supply": [{"l": "Beer", "v": 0.020651432392945944}, {"l": "Wine", "v": 0.015824650380398316}]}, {"source": 14, "prod": 48.0, "target": 27, "value": 0.52438441076205888, "supply": [{"l": "Olive Oil", "v": 0.063675249878250004}, {"l": "Groundnut Oil", "v": 0.25470099951300001}, {"l": "Sunflowerseed Oil", "v": 0.20600816137080888}]}, {"source": 2, "prod": 1844.0, "target": 27, "value": 5.6713152375557643, "supply": [{"l": "Wheat", "v": 3.8085378256428992}, {"l": "Oats", "v": 0.34286673011365382}, {"l": "Rye", "v": 0.45482321341607146}, {"l": "Barley", "v": 0.66519099669063453}, {"l": "Millet", "v": 0.39989647169250447}]}, {"source": 12, "prod": 4.0, "target": 27, "value": 0.012128619024428572, "supply": [{"l": "Honey", "v": 0.012128619024428572}]}, {"source": 6, "prod": 83.0, "target": 27, "value": 0.20370566952392535, "supply": [{"l": "Sunflower seed", "v": 0.057059639501288978}, {"l": "Olives", "v": 0.007718212106454546}, {"l": "Cottonseed", "v": 0.039693662261766238}, {"l": "Groundnuts", "v": 0.096753301763055216}, {"l": "Oilcrops, Other", "v": 0.0024808538913603899}]}, {"source": 11, "prod": 26.0, "target": 27, "value": 0.21247783916592516, "supply": [{"l": "Fats, Animals, Raw", "v": 0.21247783916592516}]}, {"source": 28, "prod": 340.0, "target": 20, "value": 1.7638292318165723, "supply": [{"l": "Oilcrops Oil, Other", "v": 0.60928474393305887}, {"l": "Sugar", "v": 1.1545444878835134}]}, {"source": 1, "prod": 4150.0, "target": 0, "value": 2.4860589980838443, "supply": [{"l": "Milk - Excluding Butter", "v": 2.4860589980838443}]}, {"source": 1, "prod": 205.0, "target": 17, "value": 0.3086622524609296, "supply": [{"l": "Eggs", "v": 0.31167359150932888}]}, {"source": 1, "prod": 3034.0, "target": 19, "value": 7.570185169040772, "supply": [{"l": "Pigmeat", "v": 0.62116952623845567}, {"l": "Bovine Meat", "v": 5.8828351408987434}, {"l": "Poultry Meat", "v": 0.080137631554090233}, {"l": "Offals, Edible", "v": 0.45889825126454842}, {"l": "Meat, Other", "v": 0.074995294301050008}, {"l": "Mutton & Goat Meat", "v": 0.45214932478388481}]}, {"source": 1, "prod": 194.0, "target": 4, "value": 0.14303074083676279, "supply": [{"l": "Pelagic Fish", "v": 0.026247812926912209}, {"l": "Crustaceans", "v": 0.0010107182520357144}, {"l": "Freshwater Fish", "v": 0.012650711896341059}, {"l": "Molluscs, Other", "v": 0.0058111111000000003}, {"l": "Demersal Fish", "v": 0.026693554534113543}, {"l": "Fish, Seafood", "v": 0.069454609907360243}, {"l": "Cephalopods", "v": 0.0011622222200000001}]}, {"source": 1, "prod": 20.0, "target": 23, "value": 0.014320538125228916, "supply": [{"l": "Aquatic Plants", "v": 0.0071602690626144582}, {"l": "Aquatic Products, Other", "v": 0.0071602690626144582}]}, {"source": 20, "prod": 1034.0, "target": 12, "value": 4.265643288682532, "supply": [{"l": "Honey", "v": 0.060643095122142866}, {"l": "Sweeteners, Other", "v": 0.14961095296596949}, {"l": "Sugar", "v": 4.055389240594419}]}, {"source": 20, "prod": 489.0, "target": 14, "value": 5.0089037018136109, "supply": [{"l": "Olive Oil", "v": 0.084900333171}, {"l": "Rape and Mustard Oil", "v": 0.012128619024428572}, {"l": "Maize Germ Oil", "v": 0.029388576866884623}, {"l": "Groundnut Oil", "v": 0.62147043881172004}, {"l": "Cottonseed Oil", "v": 0.27329821535045717}, {"l": "Palmkernel Oil", "v": 0.02081187788971187}, {"l": "Oilcrops Oil, Other", "v": 2.2673383093902362}, {"l": "Sunflowerseed Oil", "v": 1.699567331309173}]}, {"source": 20, "prod": 2003.0, "target": 13, "value": 1.7101702257516587, "supply": [{"l": "Beer", "v": 0.10077899007757621}, {"l": "Beverages, Alcoholic", "v": 0.28328553379670351}, {"l": "Wine", "v": 1.3261057018773788}]}, {"source": 20, "prod": 254.0, "target": 11, "value": 2.0836680299345596, "supply": [{"l": "Fats, Animals, Raw", "v": 1.6181004674943533}, {"l": "Fish, Body Oil", "v": 0.0082436028335312727}, {"l": "Butter, Ghee", "v": 0.45732395960667527}]}, {"source": 6, "prod": 1913.5, "target": 29, "value": 6.6450055428500008, "supply": [{"l": "Olives", "v": 0.12551999976}, {"l": "Sunflower seed", "v": 2.0396999961000004}, {"l": "Coconuts - Incl Copra", "v": 0.0052299999900000003}, {"l": "Soyabeans", "v": 0.0034866666599999998}, {"l": "Rape and Mustardseed", "v": 0.017433333300000003}, {"l": "Oilcrops, Other", "v": 3.0159666608999998}, {"l": "Cottonseed", "v": 0.77752666518000024}, {"l": "Groundnuts", "v": 0.68687333202}]}, {"source": 9, "prod": 1964.5, "target": 29, "value": 7.0750259930894241, "supply": [{"l": "Vegetables, Other", "v": 5.1759566567700013}, {"l": "Tomatoes", "v": 1.0303099980300001}, {"l": "Onions", "v": 0.64328999877000004}]}, {"source": 21, "prod": 3860.0, "target": 29, "value": 1.183087675234874, "supply": [{"l": "Sugar cane", "v": 1.183087675234874}]}, {"source": 3, "prod": 1342.5, "target": 29, "value": 3.8304466601443932, "supply": [{"l": "Sweet potatoes", "v": 0.67641333204000009}, {"l": "Potatoes", "v": 3.6121866597599994}, {"l": "Cassava", "v": 0.39224999925000004}]}, {"source": 8, "prod": 67.0, "target": 29, "value": 0.23027382308911765, "supply": [{"l": "Peas", "v": 0.067989999869999998}, {"l": "Beans", "v": 0.11505999978000002}, {"l": "Pulses, Other", "v": 0.050556666569999999}]}, {"source": 2, "prod": 28931.0, "target": 29, "value": 102.44452633098588, "supply": [{"l": "Maize", "v": 33.820666602000003}, {"l": "Rye", "v": 3.5563999932000003}, {"l": "Barley", "v": 5.2906310103864742}, {"l": "Rice", "v": 0.69035999867999998}, {"l": "Cereals, Other", "v": 0.29287999944000004}, {"l": "Wheat", "v": 39.922333256999998}, {"l": "Oats", "v": 3.5873144616181492}, {"l": "Sorghum", "v": 10.310073313620002}, {"l": "Millet", "v": 1.82003999652}]}, {"source": 30, "prod": 0, "target": 6, "value": 0.0017650485717021086, "supply": "[{\"l\":'Energy for power irrigation',\"v\":0.0017650485717021086}]"}, {"source": 30, "prod": 0, "target": 7, "value": 5.0733039688328174e-06, "supply": "[{\"l\":'Energy for power irrigation',\"v\":5.0733039688328174e-06}]"}, {"source": 30, "prod": 0, "target": 9, "value": 0.00181209193577674, "supply": "[{\"l\":'Energy for power irrigation',\"v\":0.00181209193577674}]"}, {"source": 30, "prod": 0, "target": 21, "value": 0.0089013424180430355, "supply": "[{\"l\":'Energy for power irrigation',\"v\":0.0089013424180430355}]"}, {"source": 30, "prod": 0, "target": 3, "value": 0.0024766947556938393, "supply": "[{\"l\":'Energy for power irrigation',\"v\":0.0024766947556938393}]"}, {"source": 30, "prod": 0, "target": 8, "value": 6.1802066529417963e-05, "supply": "[{\"l\":'Energy for power irrigation',\"v\":6.1802066529417963e-05}]"}, {"source": 30, "prod": 0, "target": 10, "value": 5.0733039688328174e-06, "supply": "[{\"l\":'Energy for power irrigation',\"v\":5.0733039688328174e-06}]"}, {"source": 30, "prod": 0, "target": 2, "value": 0.013343250647482024, "supply": "[{\"l\":'Energy for power irrigation',\"v\":0.013343250647482024}]"}, {"source": 30, "prod": 0, "target": 15, "value": 2.3060472585603717e-06, "supply": "[{\"l\":'Energy for power irrigation',\"v\":2.3060472585603717e-06}]"}, {"source": 30, "prod": 0, "target": 16, "value": 0.00016419056480949847, "supply": "[{\"l\":'Energy for power irrigation',\"v\":0.00016419056480949847}]"}, {"source": 30, "prod": 0, "target": 18, "value": 0.0036126536352606787, "supply": "[{\"l\":'Energy for power irrigation',\"v\":0.0036126536352606787}]"}, {"source": 30, "prod": 0, "target": 20, "value": 0.088007155095486761, "supply": "[{\"l\":'Electricity',\"v\":0.088007155095486761}]"}, {"source": 31, "prod": 0, "target": 30, "value": 0.28956398644906645, "supply": [{"l": "Coal", "v": 0.0080955323731859794}, {"l": "Natural gas", "v": 0.073828145014556354}, {"l": "Oil", "v": 0.20764030906132411}]}, {"source": 32, "prod": 0, "target": 30, "value": 0.009795318354888026, "supply": [{"l": "Nuclear", "v": 0.0}, {"l": "Hydroelectric", "v": 0.0094959294544692315}, {"l": "Renewable", "v": 0.00029938890041879453}]}, {"source": 31, "prod": 0, "target": 6, "value": 0.86827765424666326, "supply": [{"l": "Gas-Diesel oil", "v": 0.52789057175023579}, {"l": "Fuel oil", "v": 0.022180096708176885}, {"l": "Liquefied petroleum gas (LPG)", "v": 0.048329857314276241}, {"l": "Other fossil fuels", "v": 0.26987712847397433}]}, {"source": 31, "prod": 0, "target": 7, "value": 0.0024957026905443676, "supply": [{"l": "Gas-Diesel oil", "v": 0.0015173233052658984}, {"l": "Fuel oil", "v": 6.375256435587816e-05}, {"l": "Liquefied petroleum gas (LPG)", "v": 0.00013891518956285305}, {"l": "Other fossil fuels", "v": 0.00077571163135973815}]}, {"source": 31, "prod": 0, "target": 9, "value": 0.89141962464989288, "supply": [{"l": "Gas-Diesel oil", "v": 0.54196029694451953}, {"l": "Fuel oil", "v": 0.022771256850385935}, {"l": "Liquefied petroleum gas (LPG)", "v": 0.049617979981131786}, {"l": "Other fossil fuels", "v": 0.27707009087385553}]}, {"source": 31, "prod": 0, "target": 21, "value": 4.3788238115914817, "supply": [{"l": "Gas-Diesel oil", "v": 2.6622127083301677}, {"l": "Fuel oil", "v": 0.1118567720062226}, {"l": "Liquefied petroleum gas (LPG)", "v": 0.24373301441482403}, {"l": "Other fossil fuels", "v": 1.3610213168402678}]}, {"source": 31, "prod": 0, "target": 3, "value": 1.2183566771112051, "supply": [{"l": "Gas-Diesel oil", "v": 0.74072964993435231}, {"l": "Fuel oil", "v": 0.03112284278100598}, {"l": "Liquefied petroleum gas (LPG)", "v": 0.067815869813865545}, {"l": "Other fossil fuels", "v": 0.37868831458198127}]}, {"source": 31, "prod": 0, "target": 8, "value": 0.030402196412085938, "supply": [{"l": "Gas-Diesel oil", "v": 0.018483756627784582}, {"l": "Fuel oil", "v": 0.00077662214760797037}, {"l": "Liquefied petroleum gas (LPG)", "v": 0.0016922395819474827}, {"l": "Other fossil fuels", "v": 0.0094495780547459007}]}, {"source": 31, "prod": 0, "target": 10, "value": 0.0024957026905443676, "supply": [{"l": "Gas-Diesel oil", "v": 0.0015173233052658984}, {"l": "Fuel oil", "v": 6.375256435587816e-05}, {"l": "Liquefied petroleum gas (LPG)", "v": 0.00013891518956285305}, {"l": "Other fossil fuels", "v": 0.00077571163135973815}]}, {"source": 31, "prod": 0, "target": 2, "value": 6.5639249581944643, "supply": [{"l": "Gas-Diesel oil", "v": 3.9906982313316099}, {"l": "Fuel oil", "v": 0.16767503994362828}, {"l": "Liquefied petroleum gas (LPG)", "v": 0.36535957720390017}, {"l": "Other fossil fuels", "v": 2.0401921097153259}]}, {"source": 31, "prod": 0, "target": 15, "value": 0.0011344103138838035, "supply": [{"l": "Gas-Diesel oil", "v": 0.00068969241148449925}, {"l": "Fuel oil", "v": 2.8978438343580983e-05}, {"l": "Liquefied petroleum gas (LPG)", "v": 6.314326798311503e-05}, {"l": "Other fossil fuels", "v": 0.00035259619607260823}]}, {"source": 31, "prod": 0, "target": 16, "value": 0.08077001434852682, "supply": [{"l": "Gas-Diesel oil", "v": 0.049106099697696359}, {"l": "Fuel oil", "v": 0.0020632648100629663}, {"l": "Liquefied petroleum gas (LPG)", "v": 0.0044958006803977905}, {"l": "Other fossil fuels", "v": 0.025104849160369709}]}, {"source": 31, "prod": 0, "target": 18, "value": 1.7771671977303669, "supply": [{"l": "Gas-Diesel oil", "v": 1.0804721318316166}, {"l": "Fuel oil", "v": 0.045397621509053972}, {"l": "Liquefied petroleum gas (LPG)", "v": 0.098920243622348011}, {"l": "Other fossil fuels", "v": 0.55237720076734809}]}, {"source": 33, "prod": 0.89165086720128539, "target": 6, "value": 0.0099820035276783469, "supply": [{"l": "Potash", "v": 0.0080377916730968984}, {"l": "Phosphate", "v": 0.019846500015877198}, {"l": "Nitrogen", "v": 0.15393319456759097}]}, {"source": 33, "prod": 0.0025628846457314185, "target": 7, "value": 2.8691413327531178e-05, "supply": [{"l": "Potash", "v": 0.0080377916730968984}, {"l": "Phosphate", "v": 0.019846500015877198}, {"l": "Nitrogen", "v": 0.15393319456759097}]}, {"source": 33, "prod": 0.91541579755261304, "target": 9, "value": 0.010248051178533635, "supply": [{"l": "Potash", "v": 0.0080377916730968984}, {"l": "Phosphate", "v": 0.019846500015877198}, {"l": "Nitrogen", "v": 0.15393319456759097}]}, {"source": 33, "prod": 4.4966976056923986, "target": 21, "value": 0.050340388838304703, "supply": [{"l": "Potash", "v": 0.0080377916730968984}, {"l": "Phosphate", "v": 0.019846500015877198}, {"l": "Nitrogen", "v": 0.15393319456759097}]}, {"source": 33, "prod": 1.2511536861434289, "target": 3, "value": 0.014006626324440222, "supply": [{"l": "Potash", "v": 0.0080377916730968984}, {"l": "Phosphate", "v": 0.019846500015877198}, {"l": "Nitrogen", "v": 0.15393319456759097}]}, {"source": 33, "prod": 0.031220594775273645, "target": 8, "value": 0.00034951358053537978, "supply": [{"l": "Potash", "v": 0.0080377916730968984}, {"l": "Phosphate", "v": 0.019846500015877198}, {"l": "Nitrogen", "v": 0.15393319456759097}]}, {"source": 33, "prod": 0.0025628846457314185, "target": 10, "value": 2.8691413327531178e-05, "supply": [{"l": "Potash", "v": 0.0080377916730968984}, {"l": "Phosphate", "v": 0.019846500015877198}, {"l": "Nitrogen", "v": 0.15393319456759097}]}, {"source": 33, "prod": 6.7406196077868792, "target": 2, "value": 0.075461025361709497, "supply": [{"l": "Potash", "v": 0.0080377916730968984}, {"l": "Phosphate", "v": 0.019846500015877198}, {"l": "Nitrogen", "v": 0.15393319456759097}]}, {"source": 33, "prod": 0.0011649475662415538, "target": 15, "value": 1.3041551512514171e-05, "supply": [{"l": "Potash", "v": 0.0080377916730968984}, {"l": "Phosphate", "v": 0.019846500015877198}, {"l": "Nitrogen", "v": 0.15393319456759097}]}, {"source": 33, "prod": 0.082944266716398637, "target": 16, "value": 0.00092855846769100909, "supply": [{"l": "Potash", "v": 0.0080377916730968984}, {"l": "Phosphate", "v": 0.019846500015877198}, {"l": "Nitrogen", "v": 0.15393319456759097}]}, {"source": 33, "prod": 1.8250068572740183, "target": 18, "value": 0.020430894599504701, "supply": [{"l": "Potash", "v": 0.0080377916730968984}, {"l": "Phosphate", "v": 0.019846500015877198}, {"l": "Nitrogen", "v": 0.15393319456759097}]}, {"source": 31, "prod": 0, "target": 33, "value": 0.22167545424326385, "supply": [{"l": "Natural gas (including LNG)", "v": 0.14909270592711288}, {"l": "Fuel oil", "v": 0.045371794879834171}, {"l": "Liquefied petroleum gas (LPG)", "v": 0.01360547671815839}, {"l": "Coal", "v": 0.01360547671815839}]}, {"source": 34, "prod": 0, "target": 3, "value": 0.063904810107062587, "supply": "[{\"l\":'Labor',\"v\":0.063904810107062587}]"}, {"source": 34, "prod": 0, "target": 6, "value": 0.045542589996225048, "supply": "[{\"l\":'Labor',\"v\":0.045542589996225048}]"}, {"source": 34, "prod": 0, "target": 7, "value": 0.00013090370785431813, "supply": "[{\"l\":'Labor',\"v\":0.00013090370785431813}]"}, {"source": 34, "prod": 0, "target": 9, "value": 0.046756424378146907, "supply": "[{\"l\":'Labor',\"v\":0.046756424378146907}]"}, {"source": 34, "prod": 0, "target": 21, "value": 0.22967650559894004, "supply": "[{\"l\":'Labor',\"v\":0.22967650559894004}]"}, {"source": 34, "prod": 0, "target": 8, "value": 0.0015946451684071483, "supply": "[{\"l\":'Labor',\"v\":0.0015946451684071483}]"}, {"source": 34, "prod": 0, "target": 10, "value": 0.00013090370785431813, "supply": "[{\"l\":'Labor',\"v\":0.00013090370785431813}]"}, {"source": 34, "prod": 0, "target": 2, "value": 0.34428865199393438, "supply": "[{\"l\":'Labor',\"v\":0.34428865199393438}]"}, {"source": 34, "prod": 0, "target": 15, "value": 5.9501685388326428e-05, "supply": "[{\"l\":'Labor',\"v\":5.9501685388326428e-05}]"}, {"source": 34, "prod": 0, "target": 16, "value": 0.0042365199996488422, "supply": "[{\"l\":'Labor',\"v\":0.0042365199996488422}]"}, {"source": 34, "prod": 0, "target": 18, "value": 0.093215340329352192, "supply": "[{\"l\":'Labor',\"v\":0.093215340329352192}]"}, {"source": 31, "prod": 0, "target": 25, "value": 1.008622056961479, "supply": "[{\"l\":'Fossil Fuels',\"v\":1.008622056961479}]"}, {"source": 32, "prod": 0, "target": 25, "value": 0.073840534771227193, "supply": "[{\"l\":'Renewables & Nuclear',\"v\":0.0053979879255901279},{\"l\":'Biomass & Waste',\"v\":0.068442546845637067}]"}]}