{"nodes": [{"layer": 13, "name": "Aquatic Products", "fill": "#1f77b4"}, {"layer": 10, "name": "Feed", "fill": "#dbdb8d"}, {"layer": 13, "name": "Other Processed", "fill": "#9c9ede"}, {"layer": 13, "name": "Animal Products", "fill": "#17becf"}, {"layer": 5, "name": "Cereals", "fill": "#e7ba52"}, {"layer": 5, "name": "Fruits, Roots & Vegetables", "fill": "#98df8a"}, {"layer": 16, "name": "Food", "fill": "#b5cf6b"}, {"layer": 5, "name": "Oilcrops", "fill": "#ff9896"}, {"layer": 13, "name": "Sugar", "fill": "#d6616b"}, {"layer": 13, "name": "Vegetable Oils", "fill": "#f7b6d2"}, {"layer": 10, "name": "Processing", "fill": "#9edae5"}, {"layer": 5, "name": "Sugar Crops", "fill": "#ffbb78"}, {"layer": 16, "name": "Biofuels & Other", "fill": "#e7ba52"}, {"name": "Waste", "fill": "#c7c7c7"}, {"layer": 2, "name": "Import", "fill": "#aec7e8"}, {"layer": 16, "name": "Export", "fill": "#aec7e8"}, {"layer": 0, "name": "Stock Draw", "fill": "#c7c7c7"}, {"layer": 16, "name": "Stock Deposit", "fill": "#c7c7c7"}, {"layer": 2, "name": "Electricity", "fill": "#bcbd22"}, {"layer": 0, "name": "Fossil Fuels", "fill": "#c49c94"}, {"layer": 0, "name": "Renewables & Nuclear", "fill": "#2ca02c"}, {"layer": 2, "name": "Fertilizers", "fill": "#c5b0d5"}, {"layer": 0, "name": "Labor", "fill": "#7f7f7f"}], "links": [{"source": 0, "prod": 22.0, "target": 1, "value": 0.01865963982999097, "supply": [{"l": "Freshwater Fish", "v": 0.0072771714146571435}, {"l": "Demersal Fish", "v": 0.0027823142893117982}, {"l": "Fish, Seafood", "v": 0.0086001541260220301}]}, {"source": 2, "prod": 1.0, "target": 1, "value": 0.0084067976963441166, "supply": [{"l": "Fish, Body Oil", "v": 0.0084067976963441166}]}, {"source": 3, "prod": 297.0, "target": 1, "value": 0.17374698255829873, "supply": [{"l": "Milk - Excluding Butter", "v": 0.17374698255829873}]}, {"source": 4, "prod": 6570.0, "target": 1, "value": 22.032107499315909, "supply": [{"l": "Maize", "v": 10.746041217276034}, {"l": "Wheat", "v": 1.0191524262319085}, {"l": "Oats", "v": 0.3549112288295902}, {"l": "Rye", "v": 0.43500170705989399}, {"l": "Millet", "v": 0.38523037144625377}, {"l": "Barley", "v": 0.25214376056206622}, {"l": "Sorghum", "v": 8.8337309314399572}, {"l": "Cereals, Other", "v": 0.0058958564702083337}]}, {"source": 5, "prod": 70.0, "target": 1, "value": 0.075334098447507047, "supply": [{"l": "Cassava", "v": 0.075334098447507047}]}, {"source": 2, "prod": 2756.0, "target": 6, "value": 3.1755648497158608, "supply": [{"l": "Beer", "v": 0.11599996549808521}, {"l": "Beverages, Alcoholic", "v": 0.57762303968997575}, {"l": "Butter, Ghee", "v": 0.25470099951300001}, {"l": "Fats, Animals, Raw", "v": 0.4661194762329412}, {"l": "Wine", "v": 1.7611213687818588}]}, {"source": 3, "prod": 8120.0, "target": 6, "value": 11.284321870758289, "supply": [{"l": "Eggs", "v": 0.27757833479859884}, {"l": "Mutton & Goat Meat", "v": 0.28919821518102196}, {"l": "Pigmeat", "v": 0.70802954357561176}, {"l": "Poultry Meat", "v": 0.48591144052169227}, {"l": "Milk - Excluding Butter", "v": 2.7343212002609034}, {"l": "Meat, Other", "v": 0.034630399056592105}, {"l": "Offals, Edible", "v": 0.26650796693328788}, {"l": "Bovine Meat", "v": 6.4881447704305808}]}, {"source": 4, "prod": 3515.0, "target": 6, "value": 11.214412870272412, "supply": [{"l": "Maize", "v": 0.75380060741088006}, {"l": "Rice", "v": 0.39200894575251849}, {"l": "Cereals, Other", "v": 0.058958564702083341}, {"l": "Wheat", "v": 10.009644752406929}]}, {"source": 7, "prod": 18.0, "target": 6, "value": 0.023299715494296994, "supply": [{"l": "Olives", "v": 0.011171096469868422}, {"l": "Coconuts - Incl Copra", "v": 0.012128619024428572}]}, {"source": 5, "prod": 6142.0, "target": 6, "value": 3.3800328487788827, "supply": [{"l": "Nuts", "v": 0.047166851761666663}, {"l": "Tomatoes", "v": 0.12739691874675205}, {"l": "Pepper", "v": 0.0011622222200000001}, {"l": "Treenuts", "v": 0.046309272638727278}, {"l": "Vegetables, Other", "v": 0.3824944575295226}, {"l": "Peas", "v": 0.024257238048857144}, {"l": "Grapes", "v": 0.10438953604575558}, {"l": "Pimento", "v": 0.023583425880833338}, {"l": "Cocoa Beans", "v": 0.012128619024428572}, {"l": "Potatoes", "v": 1.0423826256773134}, {"l": "Coffee", "v": 0.011447235933168541}, {"l": "Beans", "v": 0.046695183244050004}, {"l": "Pulses, Other", "v": 0.04789249563492308}, {"l": "Lemons, Limes", "v": 0.046309272638727278}, {"l": "Pineapples", "v": 0.006416885646645349}, {"l": "Bananas", "v": 0.16214826115971742}, {"l": "Spices, Other", "v": 0.0084900333171}, {"l": "Tea", "v": 0.057926789819796883}, {"l": "Fruits, Other", "v": 0.1390242955675125}, {"l": "Sweet potatoes", "v": 0.3007313006298073}, {"l": "Grapefruit", "v": 0.034649061986255371}, {"l": "Oranges, Mandarines", "v": 0.25478775053463254}, {"l": "Cassava", "v": 0.10439153642011691}, {"l": "Onions", "v": 0.11603363869827335}, {"l": "Apples", "v": 0.23181793997429981}]}, {"source": 8, "prod": 1102.0, "target": 6, "value": 4.6826887607046039, "supply": [{"l": "Sugar", "v": 4.4827375914288004}, {"l": "Sweeteners, Other", "v": 0.18721611930015386}, {"l": "Honey", "v": 0.012735049975650002}]}, {"source": 0, "prod": 386.0, "target": 6, "value": 0.28240635705665951, "supply": [{"l": "Crustaceans", "v": 0.0011791712940416668}, {"l": "Demersal Fish", "v": 0.0812435772479045}, {"l": "Freshwater Fish", "v": 0.010915757121985717}, {"l": "Pelagic Fish", "v": 0.022946035992162161}, {"l": "Fish, Seafood", "v": 0.15089361330202286}, {"l": "Cephalopods", "v": 0.011741535438542554}, {"l": "Molluscs, Other", "v": 0.0034866666600000002}]}, {"source": 9, "prod": 362.0, "target": 6, "value": 3.7191322650001948, "supply": [{"l": "Maize Germ Oil", "v": 0.039184769155846164}, {"l": "Groundnut Oil", "v": 0.11117900772392859}, {"l": "Soyabean Oil", "v": 0.42646955437220863}, {"l": "Sunflowerseed Oil", "v": 2.6799612498496135}, {"l": "Olive Oil", "v": 0.055369782502826093}, {"l": "Rape and Mustard Oil", "v": 0.02122508329275}, {"l": "Cottonseed Oil", "v": 0.3857428181030218}]}, {"source": 5, "prod": 2575.0, "target": 10, "value": 1.8276909011999116, "supply": [{"l": "Apples", "v": 0.004779751339676285}, {"l": "Grapes", "v": 1.8229111498602353}]}, {"source": 11, "prod": 13512.0, "target": 10, "value": 4.9164570077423662, "supply": [{"l": "Sugar cane", "v": 4.9164570077423662}]}, {"source": 4, "prod": 97.0, "target": 10, "value": 0.31455728758815926, "supply": [{"l": "Maize", "v": 0.19283271352371348}, {"l": "Barley", "v": 0.12172457406444578}]}, {"source": 7, "prod": 3407.6792452830191, "target": 10, "value": 4.6780750530824262, "supply": [{"l": "Sunflower seed", "v": 1.673390354413183}, {"l": "Olives", "v": 0.053621263055368434}, {"l": "Soyabeans", "v": 0.83603688045033142}, {"l": "Cottonseed", "v": 0.49767234773263824}, {"l": "Rape and Mustardseed", "v": 0.0039497805375606218}, {"l": "Groundnuts", "v": 0.36074662243053673}, {"l": "Oilcrops, Other", "v": 0.96111326413975118}, {"l": "Oil Palm", "v": 0.29154454032305666}]}, {"source": 8, "prod": 4.0, "target": 10, "value": 0.0169800666342, "supply": [{"l": "Sugar", "v": 0.0169800666342}]}, {"source": 2, "prod": 220.0, "target": 12, "value": 1.3341390953469801, "supply": [{"l": "Alcohol, Non-Food", "v": 0.052310535706391839}, {"l": "Fats, Animals, Raw", "v": 1.2818285596405883}]}, {"source": 3, "prod": 316.0, "target": 12, "value": 0.3835349369980543, "supply": [{"l": "Milk - Excluding Butter", "v": 0.013455153531450745}, {"l": "Offals, Edible", "v": 0.37007978346660353}]}, {"source": 4, "prod": 57.0, "target": 12, "value": 0.19947461647968334, "supply": [{"l": "Maize", "v": 0.19633876286050825}, {"l": "Wheat", "v": 0.0031358536191751028}]}, {"source": 7, "prod": 4.0, "target": 12, "value": 0.0052663740500808291, "supply": [{"l": "Cottonseed", "v": 0.0039497805375606218}, {"l": "Oilcrops, Other", "v": 0.0013165935125202068}]}, {"source": 0, "prod": 46.0, "target": 12, "value": 0.041546971551765954, "supply": [{"l": "Aquatic Plants", "v": 0.020773485775882977}, {"l": "Aquatic Products, Other", "v": 0.020773485775882977}]}, {"source": 9, "prod": 20.0, "target": 12, "value": 0.20269031714867872, "supply": [{"l": "Olive Oil", "v": 0.0092282970838043505}, {"l": "Palmkernel Oil", "v": 0.030453380376554352}, {"l": "Oilcrops Oil, Other", "v": 0.16300863968832002}]}, {"source": 5, "prod": 124.0, "target": 5, "value": 0.17259899314284316, "supply": [{"l": "Potatoes", "v": 0.079286374212592062}, {"l": "Peas", "v": 0.0080857460162857154}, {"l": "Beans", "v": 0.072165283195350011}, {"l": "Pulses, Other", "v": 0.013061589718615384}]}, {"source": 3, "prod": 14.0, "target": 3, "value": 0.021352179599892215, "supply": [{"l": "Eggs", "v": 0.021352179599892215}]}, {"source": 4, "prod": 932.0, "target": 4, "value": 2.7877294729354247, "supply": [{"l": "Maize", "v": 0.35060493367947898}, {"l": "Wheat", "v": 1.4424926648205474}, {"l": "Oats", "v": 0.34447266327577869}, {"l": "Rye", "v": 0.1800007063696113}, {"l": "Millet", "v": 0.016604757389924736}, {"l": "Barley", "v": 0.18838326938545183}, {"l": "Rice", "v": 0.040091823997416662}, {"l": "Sorghum", "v": 0.21918279754700648}, {"l": "Cereals, Other", "v": 0.0058958564702083337}]}, {"source": 7, "prod": 181.0, "target": 7, "value": 0.23830342576615746, "supply": [{"l": "Sunflower seed", "v": 0.015799122150242487}, {"l": "Soyabeans", "v": 0.11849341612681863}, {"l": "Cottonseed", "v": 0.05134714698828808}, {"l": "Groundnuts", "v": 0.028965057275444551}, {"l": "Oilcrops, Other", "v": 0.023698683225363726}]}, {"source": 2, "prod": 150.0, "target": 13, "value": 0.11888758115089057, "supply": [{"l": "Wine", "v": 0.11888758115089057}]}, {"source": 3, "prod": 44.0, "target": 13, "value": 0.047721103108408755, "supply": [{"l": "Milk - Excluding Butter", "v": 0.012870146856170278}, {"l": "Eggs", "v": 0.015251556857065869}, {"l": "Meat, Other", "v": 0.0089368771758947373}, {"l": "Bovine Meat", "v": 0.010662522219277866}]}, {"source": 4, "prod": 673.0, "target": 13, "value": 2.2133384876488233, "supply": [{"l": "Maize", "v": 0.72925826205331634}, {"l": "Oats", "v": 0.020877131107622952}, {"l": "Rye", "v": 0.015000058864134273}, {"l": "Barley", "v": 0.049269470454656634}, {"l": "Rice", "v": 0.040091823997416662}, {"l": "Sorghum", "v": 0.4881798672637872}, {"l": "Cereals, Other", "v": 0.0058958564702083337}, {"l": "Wheat", "v": 0.82159364822387704}, {"l": "Millet", "v": 0.04317236921380431}]}, {"source": 7, "prod": 38.0, "target": 13, "value": 0.050030553475767868, "supply": [{"l": "Soyabeans", "v": 0.032914837813005172}, {"l": "Sunflower seed", "v": 0.0026331870250404137}, {"l": "Groundnuts", "v": 0.0092161545876414501}, {"l": "Oilcrops, Other", "v": 0.0052663740500808274}]}, {"source": 5, "prod": 741.0, "target": 13, "value": 0.40866247949105844, "supply": [{"l": "Grapes", "v": 0.047578904184119891}, {"l": "Potatoes", "v": 0.12592541786705799}, {"l": "Fruits, Other", "v": 0.019102574963475002}, {"l": "Grapefruit", "v": 0.0030393914023031034}, {"l": "Beans", "v": 0.012735049975650002}, {"l": "Tomatoes", "v": 0.014807657890404047}, {"l": "Lemons, Limes", "v": 0.0039079554969390111}, {"l": "Bananas", "v": 0.012305894820157126}, {"l": "Apples", "v": 0.03405572829519353}, {"l": "Vegetables, Other", "v": 0.05907955793051544}, {"l": "Peas", "v": 0.0040428730081428577}, {"l": "Sweet potatoes", "v": 0.026595285089710846}, {"l": "Oranges, Mandarines", "v": 0.020675660155744211}, {"l": "Cassava", "v": 0.016143021095894366}, {"l": "Onions", "v": 0.0038200374880089992}, {"l": "Pineapples", "v": 0.00049360658820348836}, {"l": "Pulses, Other", "v": 0.0043538632395384615}]}, {"source": 11, "prod": 88.0, "target": 13, "value": 0.032019554224491431, "supply": [{"l": "Sugar cane", "v": 0.032019554224491431}]}, {"source": 14, "prod": 14.0, "target": 10, "value": 0.099665134266952671, "supply": [{"l": "Beverages, Alcoholic", "v": 0.017089439044082125}, {"l": "Oilcrops Oil, Other", "v": 0.020376079961040003}, {"l": "Butter, Ghee", "v": 0.0169800666342}, {"l": "Sweeteners, Other", "v": 0.0043538632395384615}, {"l": "Palm Oil", "v": 0.010412305011537736}, {"l": "Palmkernel Oil", "v": 0.030453380376554352}]}, {"source": 14, "prod": 9.0, "target": 4, "value": 0.031022258934703652, "supply": [{"l": "Rice", "v": 0.0044546471108240747}, {"l": "Sorghum", "v": 0.026567611823879577}]}, {"source": 14, "prod": 15.0, "target": 7, "value": 0.021344773612070024, "supply": [{"l": "Soyabeans", "v": 0.0039497805375606218}, {"l": "Sunflower seed", "v": 0.0013165935125202068}, {"l": "Coconuts - Incl Copra", "v": 0.012128619024428572}, {"l": "Oilcrops, Other", "v": 0.0039497805375606218}]}, {"source": 14, "prod": 210.0, "target": 5, "value": 0.17290367496842718, "supply": [{"l": "Cocoa Beans", "v": 0.012128619024428572}, {"l": "Potatoes", "v": 0.021764887038750763}, {"l": "Pepper", "v": 0.0011622222200000001}, {"l": "Fruits, Other", "v": 0.0047756437408687505}, {"l": "Coffee", "v": 0.010493299605404495}, {"l": "Nuts", "v": 0.015722283920555559}, {"l": "Pineapples", "v": 0.0054296724702383725}, {"l": "Bananas", "v": 0.081074130579858711}, {"l": "Treenuts", "v": 0.01543642421290909}, {"l": "Tea", "v": 0.00088437847053125004}, {"l": "Vegetables, Other", "v": 0.00091360141129663054}, {"l": "Tomatoes", "v": 0.00051060889277255333}, {"l": "Grapes", "v": 0.0021303986948113386}, {"l": "Onions", "v": 0.0004775046860011249}]}, {"source": 14, "prod": 140.0, "target": 1, "value": 0.084310338685928798, "supply": [{"l": "Milk - Excluding Butter", "v": 0.070200801033656057}, {"l": "Fish, Seafood", "v": 0.0078183219327472991}, {"l": "Cephalopods", "v": 0.0018063900674680853}, {"l": "Demersal Fish", "v": 0.0038952400050365167}, {"l": "Crustaceans", "v": 0.0005895856470208334}]}, {"source": 2, "prod": 281.0, "target": 15, "value": 1.1116920491334321, "supply": [{"l": "Alcohol, Non-Food", "v": 0.068954797067516532}, {"l": "Beer", "v": 0.0029103933995935356}, {"l": "Beverages, Alcoholic", "v": 0.003417887808816425}, {"l": "Fats, Animals, Raw", "v": 0.96553320076823523}, {"l": "Butter, Ghee", "v": 0.0169800666342}, {"l": "Wine", "v": 0.051517951832052579}, {"l": "Beverages, Fermented", "v": 0.0023777516230178114}]}, {"source": 3, "prod": 1206.0, "target": 15, "value": 2.3936706367814997, "supply": [{"l": "Meat, Other", "v": 0.060323920937289471}, {"l": "Mutton & Goat Meat", "v": 0.061971046110218982}, {"l": "Pigmeat", "v": 0.00332408236420475}, {"l": "Poultry Meat", "v": 0.0018475720171927462}, {"l": "Milk - Excluding Butter", "v": 0.1854471160639081}, {"l": "Offals, Edible", "v": 0.068205830399988357}, {"l": "Bovine Meat", "v": 2.0125510688886972}]}, {"source": 4, "prod": 13033.0, "target": 15, "value": 43.601878797428746, "supply": [{"l": "Maize", "v": 20.692703185762852}, {"l": "Barley", "v": 0.22605992326254218}, {"l": "Rice", "v": 0.45437400530405553}, {"l": "Cereals, Other", "v": 0.22699047410302087}, {"l": "Wheat", "v": 5.5818194421316836}, {"l": "Oats", "v": 0.84134838363720488}, {"l": "Sorghum", "v": 14.927676893542337}, {"l": "Millet", "v": 0.65090648968504949}]}, {"source": 7, "prod": 2460.0, "target": 15, "value": 3.2338329441613753, "supply": [{"l": "Olives", "v": 0.027927741174671054}, {"l": "Sunflower seed", "v": 0.26463529601656161}, {"l": "Groundnuts", "v": 0.044764179425687035}, {"l": "Oilcrops, Other", "v": 0.28570079221688494}, {"l": "Soyabeans", "v": 2.6108049353275704}]}, {"source": 5, "prod": 1055.0, "target": 15, "value": 1.4196698963423668, "supply": [{"l": "Fruits, Other", "v": 0.1220442289333125}, {"l": "Tomatoes", "v": 0.0048507844813392561}, {"l": "Vegetables, Other", "v": 0.0082224127016696739}, {"l": "Peas", "v": 0.17788641235828576}, {"l": "Grapes", "v": 0.015622923761949816}, {"l": "Potatoes", "v": 0.011659760913616479}, {"l": "Beans", "v": 0.65797758207525003}, {"l": "Apples", "v": 0.21329640353305418}, {"l": "Lemons, Limes", "v": 0.0044941488214798623}, {"l": "Spices, Other", "v": 0.0169800666342}, {"l": "Tea", "v": 0.015476623234296875}, {"l": "Grapefruit", "v": 0.0063827219448365155}, {"l": "Oranges, Mandarines", "v": 0.018767137679829359}, {"l": "Onions", "v": 0.0066850656040157493}, {"l": "Pulses, Other", "v": 0.13932362366523077}]}, {"source": 8, "prod": 412.0, "target": 15, "value": 1.7494910962275425, "supply": [{"l": "Sugar", "v": 1.5749011803220501}, {"l": "Sweeteners, Other", "v": 0.021769316197692307}, {"l": "Honey", "v": 0.15282059970780001}]}, {"source": 0, "prod": 650.0, "target": 15, "value": 0.45277071394488633, "supply": [{"l": "Fish, Seafood", "v": 0.25409546281428719}, {"l": "Cephalopods", "v": 0.043353361619234046}, {"l": "Pelagic Fish", "v": 0.0022946035992162162}, {"l": "Demersal Fish", "v": 0.1530272859121489}]}, {"source": 9, "prod": 638.0, "target": 15, "value": 6.5151670277874878, "supply": [{"l": "Groundnut Oil", "v": 0.96018233943392872}, {"l": "Soyabean Oil", "v": 0.6865119655747749}, {"l": "Palm Oil", "v": 0.15618457517306605}, {"l": "Sunflowerseed Oil", "v": 1.8790532901244417}, {"l": "Olive Oil", "v": 0.083054673754239139}, {"l": "Oilcrops Oil, Other", "v": 2.5877621550520802}, {"l": "Cottonseed Oil", "v": 0.16241802867495653}]}, {"source": 16, "prod": 68.0, "target": 5, "value": 0.25309023827622346, "supply": [{"l": "Beans", "v": 0.22074086624460001}, {"l": "Coffee", "v": 0.00095393632776404492}, {"l": "Tea", "v": 0.0030953246468593755}, {"l": "Peas", "v": 0.028300111057000001}]}, {"source": 9, "prod": 133.0, "target": 17, "value": 1.3627551234227715, "supply": [{"l": "Groundnut Oil", "v": 0.18192928536642861}, {"l": "Sunflowerseed Oil", "v": 1.180825838056343}]}, {"source": 4, "prod": 2815.0, "target": 17, "value": 8.8014703989222465, "supply": [{"l": "Maize", "v": 0.35060493367947898}, {"l": "Barley", "v": 0.76802409826376516}, {"l": "Wheat", "v": 7.6828413669790026}]}, {"source": 5, "prod": 3.0, "target": 17, "value": 0.013061589718615384, "supply": [{"l": "Pulses, Other", "v": 0.013061589718615384}]}, {"source": 16, "prod": 320.0, "target": 7, "value": 0.41971405308219928, "supply": [{"l": "Olives", "v": 0.0089368771758947391}, {"l": "Soyabeans", "v": 0.30281650787964759}, {"l": "Cottonseed", "v": 0.0065829675626010338}, {"l": "Groundnuts", "v": 0.10137770046405593}]}, {"source": 7, "prod": 150.0, "target": 17, "value": 0.19748902687803105, "supply": [{"l": "Sunflower seed", "v": 0.1500916604273036}, {"l": "Oilcrops, Other", "v": 0.047397366450727452}]}, {"source": 16, "prod": 571.0, "target": 10, "value": 0.85256465362946798, "supply": [{"l": "Sugar", "v": 0.14433056639070002}, {"l": "Beer", "v": 0.033261638852497555}, {"l": "Oilcrops Oil, Other", "v": 0.16300863968832002}, {"l": "Wine", "v": 0.32495938847910089}, {"l": "Fats, Animals, Raw", "v": 0.10820630698264706}, {"l": "Soyabean Oil", "v": 0.020803392896205298}, {"l": "Honey", "v": 0.0169800666342}, {"l": "Beverages, Alcoholic", "v": 0.041014653705797099}]}, {"source": 16, "prod": 83.0, "target": 4, "value": 0.18274255456103108, "supply": [{"l": "Oats", "v": 0.15031534397488525}, {"l": "Cereals, Other", "v": 0.032427210586145838}]}, {"source": 1, "prod": 1104.0, "target": 0, "value": 0.7953836823833027, "supply": [{"l": "Pelagic Fish", "v": 0.025240639591378379}, {"l": "Crustaceans", "v": 0.0011791712940416668}, {"l": "Freshwater Fish", "v": 0.018192928536642859}, {"l": "Molluscs, Other", "v": 0.0034866666600000002}, {"l": "Demersal Fish", "v": 0.23705317744936522}, {"l": "Aquatic Products, Other", "v": 0.020773485775882977}, {"l": "Fish, Seafood", "v": 0.41358923024233207}, {"l": "Aquatic Plants", "v": 0.020773485775882977}, {"l": "Cephalopods", "v": 0.0550948970577766}]}, {"source": 1, "prod": 9983.0, "target": 3, "value": 14.282995530204552, "supply": [{"l": "Poultry Meat", "v": 0.48775901253888504}, {"l": "Pigmeat", "v": 0.71135362593981655}, {"l": "Bovine Meat", "v": 8.5113583615385551}, {"l": "Eggs", "v": 0.31418207125555692}, {"l": "Milk - Excluding Butter", "v": 3.1198405992707312}, {"l": "Offals, Edible", "v": 0.70479358079987975}, {"l": "Meat, Other", "v": 0.10389119716977632}, {"l": "Mutton & Goat Meat", "v": 0.35116926129124093}]}, {"source": 10, "prod": 3408.0, "target": 2, "value": 5.7486903730435079, "supply": [{"l": "Fats, Animals, Raw", "v": 2.7134812366417647}, {"l": "Alcohol, Non-Food", "v": 0.12126533277390837}, {"l": "Beverages, Fermented", "v": 0.0023777516230178114}, {"l": "Fish, Body Oil", "v": 0.0084067976963441166}, {"l": "Beer", "v": 0.11891035889767874}, {"l": "Beverages, Alcoholic", "v": 0.58104092749879221}, {"l": "Butter, Ghee", "v": 0.2716810661472}, {"l": "Wine", "v": 1.9315269017648018}]}, {"source": 10, "prod": 1153.0, "target": 9, "value": 11.799744733359134, "supply": [{"l": "Olive Oil", "v": 0.14765275334086958}, {"l": "Soyabean Oil", "v": 1.1129815199469835}, {"l": "Rape and Mustard Oil", "v": 0.02122508329275}, {"l": "Maize Germ Oil", "v": 0.039184769155846164}, {"l": "Groundnut Oil", "v": 1.2532906325242861}, {"l": "Cottonseed Oil", "v": 0.54816084677797838}, {"l": "Palmkernel Oil", "v": 0.030453380376554352}, {"l": "Oilcrops Oil, Other", "v": 2.7507707947404003}, {"l": "Palm Oil", "v": 0.15618457517306605}, {"l": "Sunflowerseed Oil", "v": 5.7398403780303981}]}, {"source": 10, "prod": 1518.0, "target": 8, "value": 6.4491599235663459, "supply": [{"l": "Honey", "v": 0.16555564968345002}, {"l": "Sweeteners, Other", "v": 0.20898543549784618}, {"l": "Sugar", "v": 6.0746188383850503}]}, {"source": 18, "prod": 0, "target": 5, "value": 0.014023180412922985, "supply": "[{\"l\":'Energy for power irrigation',\"v\":0.014023180412922985}]"}, {"source": 18, "prod": 0, "target": 11, "value": 0.018047338880127998, "supply": "[{\"l\":'Energy for power irrigation',\"v\":0.018047338880127998}]"}, {"source": 18, "prod": 0, "target": 4, "value": 0.036684533799389588, "supply": "[{\"l\":'Energy for power irrigation',\"v\":0.036684533799389588}]"}, {"source": 18, "prod": 0, "target": 7, "value": 0.0080837205653430163, "supply": "[{\"l\":'Energy for power irrigation',\"v\":0.0080837205653430163}]"}, {"source": 18, "prod": 0, "target": 10, "value": 0.21034094274415013, "supply": "[{\"l\":'Electricity',\"v\":0.21034094274415013}]"}, {"source": 19, "prod": 0, "target": 18, "value": 0.49272682677193658, "supply": [{"l": "Coal", "v": 0.016650321076492249}, {"l": "Natural gas", "v": 0.12987640869270728}, {"l": "Oil", "v": 0.34620009700273707}]}, {"source": 20, "prod": 0, "target": 18, "value": 0.091984434496270487, "supply": [{"l": "Nuclear", "v": 0.024875051106657886}, {"l": "Hydroelectric", "v": 0.066585426857324576}, {"l": "Renewable", "v": 0.00052395653228802833}]}, {"source": 19, "prod": 0, "target": 5, "value": 4.1117583233182682, "supply": [{"l": "Gas-Diesel oil", "v": 3.3700903270093288}, {"l": "Fuel oil", "v": 0.073730548024946108}, {"l": "Liquefied petroleum gas (LPG)", "v": 0.1606569580210786}, {"l": "Other fossil fuels", "v": 0.50728049026291466}]}, {"source": 19, "prod": 0, "target": 11, "value": 5.2916880243320037, "supply": [{"l": "Gas-Diesel oil", "v": 4.3371874565722148}, {"l": "Fuel oil", "v": 0.094888616336812601}, {"l": "Liquefied petroleum gas (LPG)", "v": 0.20675984188187077}, {"l": "Other fossil fuels", "v": 0.65285210954110617}]}, {"source": 19, "prod": 0, "target": 4, "value": 10.756328646223976, "supply": [{"l": "Gas-Diesel oil", "v": 8.8161307825890134}, {"l": "Fuel oil", "v": 0.19287855546492763}, {"l": "Liquefied petroleum gas (LPG)", "v": 0.42027738594877767}, {"l": "Other fossil fuels", "v": 1.3270419222212579}]}, {"source": 19, "prod": 0, "target": 7, "value": 2.3702401551717629, "supply": [{"l": "Gas-Diesel oil", "v": 1.9427025597134415}, {"l": "Fuel oil", "v": 0.04250228049651357}, {"l": "Liquefied petroleum gas (LPG)", "v": 0.092611370408072852}, {"l": "Other fossil fuels", "v": 0.29242394455373477}]}, {"source": 21, "prod": 19.541332731325117, "target": 5, "value": 0.20254109892809929, "supply": [{"l": "Potash", "v": 0.024136450019309159}, {"l": "Phosphate", "v": 0.21017679183480809}, {"l": "Nitrogen", "v": 0.87549275070039412}]}, {"source": 21, "prod": 25.149006401326861, "target": 11, "value": 0.26066325483057967, "supply": [{"l": "Potash", "v": 0.024136450019309159}, {"l": "Phosphate", "v": 0.21017679183480809}, {"l": "Nitrogen", "v": 0.87549275070039412}]}, {"source": 21, "prod": 51.119978489814741, "target": 4, "value": 0.52984598148264406, "supply": [{"l": "Potash", "v": 0.024136450019309159}, {"l": "Phosphate", "v": 0.21017679183480809}, {"l": "Nitrogen", "v": 0.87549275070039412}]}, {"source": 21, "prod": 11.264682377533283, "target": 7, "value": 0.11675565731318831, "supply": [{"l": "Potash", "v": 0.024136450019309159}, {"l": "Phosphate", "v": 0.21017679183480809}, {"l": "Nitrogen", "v": 0.87549275070039412}]}, {"source": 19, "prod": 0, "target": 21, "value": 1.3226788818866166, "supply": [{"l": "Natural gas (including LNG)", "v": 0.90637780612663632}, {"l": "Fuel oil", "v": 0.26153918349845895}, {"l": "Liquefied petroleum gas (LPG)", "v": 0.077380946130760686}, {"l": "Coal", "v": 0.077380946130760686}]}, {"source": 22, "prod": 0, "target": 4, "value": 0.53581697248251048, "supply": "[{\"l\":'Labor',\"v\":0.53581697248251048}]"}, {"source": 22, "prod": 0, "target": 7, "value": 0.11807141133108184, "supply": "[{\"l\":'Labor',\"v\":0.11807141133108184}]"}, {"source": 22, "prod": 0, "target": 5, "value": 0.20482359444768145, "supply": "[{\"l\":'Labor',\"v\":0.20482359444768145}]"}, {"source": 22, "prod": 0, "target": 11, "value": 0.26360074610725981, "supply": "[{\"l\":'Labor',\"v\":0.26360074610725981}]"}, {"source": 19, "prod": 0, "target": 14, "value": 1.8335136320247316, "supply": "[{\"l\":'Fossil Fuels',\"v\":1.8335136320247316}]"}, {"source": 20, "prod": 0, "target": 14, "value": 0.18218930149589324, "supply": "[{\"l\":'Renewables & Nuclear',\"v\":0.073664372970470571},{\"l\":'Biomass & Waste',\"v\":0.10852492852542266}]"}]}