{"nodes": [{"layer": 5, "name": "Oilcrops", "fill": "#ff9896"}, {"layer": 10, "name": "Feed", "fill": "#dbdb8d"}, {"layer": 5, "name": "Sugar Crops", "fill": "#ffbb78"}, {"layer": 13, "name": "Animal Fats"}, {"layer": 13, "name": "Milk - Excluding Butter"}, {"layer": 5, "name": "Pulses"}, {"layer": 13, "name": "Fish, Seafood"}, {"layer": 13, "name": "Sugar & Sweeteners"}, {"layer": 5, "name": "Cereals - Excluding Beer"}, {"layer": 16, "name": "Food", "fill": "#b5cf6b"}, {"layer": 13, "name": "Meat"}, {"layer": 5, "name": "Treenuts"}, {"layer": 5, "name": "Vegetables"}, {"layer": 5, "name": "Others"}, {"layer": 13, "name": "Alcoholic Beverages"}, {"layer": 5, "name": "Starchy Roots"}, {"layer": 13, "name": "Vegetable Oils", "fill": "#f7b6d2"}, {"layer": 5, "name": "Spices"}, {"layer": 5, "name": "Stimulants"}, {"layer": 13, "name": "Eggs"}, {"layer": 5, "name": "Fruits - Excluding Wine"}, {"layer": 10, "name": "Processing", "fill": "#9edae5"}, {"layer": 16, "name": "Biofuels & Other", "fill": "#e7ba52"}, {"name": "Waste", "fill": "#c7c7c7"}, {"layer": 2, "name": "Import", "fill": "#aec7e8"}, {"layer": 16, "name": "Export", "fill": "#aec7e8"}, {"layer": 13, "name": "Aquatic Products, Other"}, {"layer": 16, "name": "Stock Deposit", "fill": "#c7c7c7"}, {"name": "Crop Residue", "fill": "#bd9e39"}, {"layer": 2, "name": "Electricity", "fill": "#bcbd22"}, {"layer": 0, "name": "Fossil Fuels", "fill": "#c49c94"}, {"layer": 0, "name": "Renewables & Nuclear", "fill": "#2ca02c"}, {"layer": 2, "name": "Fertilizers", "fill": "#c5b0d5"}, {"layer": 0, "name": "Labor", "fill": "#7f7f7f"}], "links": [{"source": 0, "prod": 992.0, "target": 1, "value": 5.8797006482261809, "supply": [{"l": "Cottonseed", "v": 5.7159642913963955}, {"l": "Oilcrops, Other", "v": 0.16373635682978574}]}, {"source": 2, "prod": 2025.0, "target": 1, "value": 0.6953414546866532, "supply": [{"l": "Sugar cane", "v": 0.6953414546866532}]}, {"source": 3, "prod": 2.0, "target": 1, "value": 0.018286225606061537, "supply": [{"l": "Fish, Body Oil", "v": 0.018286225606061537}]}, {"source": 4, "prod": 2691.0, "target": 1, "value": 2.0704803438536472, "supply": [{"l": "Milk - Excluding Butter", "v": 2.0704803438536472}]}, {"source": 5, "prod": 1099.0, "target": 1, "value": 4.4926347349954119, "supply": [{"l": "Peas", "v": 0.15433153784050424}, {"l": "Beans", "v": 0.47882348919746187}, {"l": "Pulses, Other", "v": 3.8594797079574454}]}, {"source": 6, "prod": 190.0, "target": 1, "value": 0.17257654467299133, "supply": [{"l": "Pelagic Fish", "v": 0.1008191456405625}, {"l": "Fish, Seafood", "v": 0.071757399032428837}]}, {"source": 7, "prod": 347.0, "target": 1, "value": 1.4150278364020137, "supply": [{"l": "Sugar non-centrifugal", "v": 1.4150278364020137}]}, {"source": 8, "prod": 992.0, "target": 1, "value": 3.4971981376397605, "supply": [{"l": "Maize", "v": 0.37726731233768163}, {"l": "Rice", "v": 0.71111204824949015}, {"l": "Wheat", "v": 0.87254249391542926}, {"l": "Millet", "v": 0.48037951276183938}, {"l": "Barley", "v": 0.68875666705476224}, {"l": "Sorghum", "v": 0.36714010332055808}]}, {"source": 4, "prod": 17765.0, "target": 9, "value": 13.668555670219265, "supply": [{"l": "Milk - Excluding Butter", "v": 13.668555670219265}]}, {"source": 10, "prod": 2295.0, "target": 9, "value": 4.1258519141579129, "supply": [{"l": "Pigmeat", "v": 0.71480603089132255}, {"l": "Meat, Other", "v": 0.10716078638046951}, {"l": "Poultry Meat", "v": 0.23222738190891179}, {"l": "Mutton & Goat Meat", "v": 0.71057887545293485}, {"l": "Offals, Edible", "v": 0.47277832589341173}, {"l": "Bovine Meat", "v": 1.8883005136308619}]}, {"source": 11, "prod": 261.0, "target": 9, "value": 0.70720171141375532, "supply": [{"l": "Treenuts", "v": 0.70720171141375532}]}, {"source": 12, "prod": 23888.0, "target": 9, "value": 6.7102243391928464, "supply": [{"l": "Tomatoes", "v": 0.11042980398465735}, {"l": "Vegetables, Other", "v": 5.8914357056017499}, {"l": "Onions", "v": 0.70835882960643959}]}, {"source": 13, "prod": 263.0, "target": 9, "value": 0.70952615585375534, "supply": [{"l": "Nuts", "v": 0.70720171141375532}, {"l": "Infant food", "v": 0.0023244444400000001}]}, {"source": 2, "prod": 5489.0, "target": 9, "value": 1.884804565321007, "supply": [{"l": "Sugar cane", "v": 1.884804565321007}]}, {"source": 14, "prod": 272.0, "target": 9, "value": 0.73005637294500936, "supply": [{"l": "Beer", "v": 0.016301246402765202}, {"l": "Beverages, Alcoholic", "v": 0.70783184748380235}, {"l": "Beverages, Fermented", "v": 0.0059232790584418608}]}, {"source": 3, "prod": 461.0, "target": 9, "value": 4.4781660350272849, "supply": [{"l": "Butter, Ghee", "v": 4.2319550688313852}, {"l": "Fats, Animals, Raw", "v": 0.24621096619590002}]}, {"source": 15, "prod": 9096.0, "target": 9, "value": 8.4867111100308392, "supply": [{"l": "Sweet potatoes", "v": 1.6520317537606137}, {"l": "Potatoes", "v": 2.1204265513827476}, {"l": "Cassava", "v": 4.7142528048874777}]}, {"source": 5, "prod": 9787.0, "target": 9, "value": 39.825578547286618, "supply": [{"l": "Peas", "v": 2.5998928297746482}, {"l": "Beans", "v": 7.7719779568910337}, {"l": "Pulses, Other", "v": 29.453707760620937}]}, {"source": 6, "prod": 3116.0, "target": 9, "value": 2.460172653272346, "supply": [{"l": "Freshwater Fish", "v": 0.47005794219065855}, {"l": "Crustaceans", "v": 0.068080455844669818}, {"l": "Marine Fish, Other", "v": 0.039026766054411299}, {"l": "Demersal Fish", "v": 0.23423395490927684}, {"l": "Fish, Seafood", "v": 1.1768213441318327}, {"l": "Pelagic Fish", "v": 0.47119684909905002}, {"l": "Cephalopods", "v": 0.00075534104244661922}]}, {"source": 7, "prod": 10777.0, "target": 9, "value": 44.080780156992418, "supply": [{"l": "Sugar", "v": 14.604844052678093}, {"l": "Sugar non-centrifugal", "v": 28.761358300125082}, {"l": "Sweeteners, Other", "v": 0.46695183244049998}, {"l": "Honey", "v": 0.24762597174875001}]}, {"source": 8, "prod": 85403.0, "target": 9, "value": 330.43481473511719, "supply": [{"l": "Maize", "v": 21.685884027706734}, {"l": "Barley", "v": 6.1282406728520016}, {"l": "Rice", "v": 162.37759728963209}, {"l": "Wheat", "v": 72.819282905066487}, {"l": "Sorghum", "v": 27.350045222622192}, {"l": "Millet", "v": 40.07376461723765}]}, {"source": 16, "prod": 2319.0, "target": 9, "value": 23.890743552635477, "supply": [{"l": "Ricebran Oil", "v": 0.25470099951300001}, {"l": "Soyabean Oil", "v": 0.72771714146571442}, {"l": "Sunflowerseed Oil", "v": 0.24621096619590002}, {"l": "Coconut Oil", "v": 1.9077604277248239}, {"l": "Rape and Mustard Oil", "v": 4.716685176166667}, {"l": "Oilcrops Oil, Other", "v": 1.4220805806142502}, {"l": "Sesameseed Oil", "v": 1.9061494157101935}, {"l": "Groundnut Oil", "v": 12.248551322316644}, {"l": "Cottonseed Oil", "v": 0.46088752292828583}]}, {"source": 17, "prod": 793.0, "target": 9, "value": 2.8248925306820443, "supply": [{"l": "Pimento", "v": 1.6460171335568596}, {"l": "Pepper", "v": 0.0036346740636565233}, {"l": "Spices, Other", "v": 1.1752407230615278}]}, {"source": 18, "prod": 246.0, "target": 9, "value": 0.26013072592652103, "supply": [{"l": "Coffee", "v": 0.011415170846521008}, {"l": "Tea", "v": 0.24871555508000001}]}, {"source": 19, "prod": 251.0, "target": 9, "value": 0.47355519168713334, "supply": [{"l": "Eggs", "v": 0.47355519168713334}]}, {"source": 20, "prod": 13915.0, "target": 9, "value": 7.4490629466478797, "supply": [{"l": "Citrus, Other", "v": 0.029448602554929728}, {"l": "Grapefruit", "v": 0.018070733385979608}, {"l": "Grapes", "v": 0.10925698612989347}, {"l": "Dates", "v": 0.23954022573246433}, {"l": "Pineapples", "v": 0.23722151915426473}, {"l": "Lemons, Limes", "v": 0.45442888802000003}, {"l": "Bananas", "v": 1.6500461386719594}, {"l": "Fruits, Other", "v": 4.2419936533254443}, {"l": "Oranges, Mandarines", "v": 0.23510861493507698}, {"l": "Apples", "v": 0.23394758473786667}]}, {"source": 0, "prod": 3129.0, "target": 9, "value": 7.0469954806361681, "supply": [{"l": "Coconuts - Incl Copra", "v": 4.7116176631674795}, {"l": "Sesame seed", "v": 0.69707641971978962}, {"l": "Groundnuts", "v": 1.4097404159091627}, {"l": "Oilcrops, Other", "v": 0.12735049975650004}, {"l": "Soyabeans", "v": 0.0117193711432362}, {"l": "Rape and Mustardseed", "v": 0.089491110940000007}]}, {"source": 10, "prod": 1.0, "target": 21, "value": 0.0015530548750792683, "supply": [{"l": "Meat, Other", "v": 0.0015530548750792683}]}, {"source": 2, "prod": 118733.0, "target": 21, "value": 40.770358982375498, "supply": [{"l": "Sugar cane", "v": 40.770358982375498}]}, {"source": 7, "prod": 1.0, "target": 21, "value": 0.0041059443499235574, "supply": [{"l": "Sugar", "v": 0.0041059443499235574}]}, {"source": 8, "prod": 169.0, "target": 21, "value": 0.67787227928608673, "supply": [{"l": "Barley", "v": 0.067746557415222508}, {"l": "Rice", "v": 0.61012572187086422}]}, {"source": 20, "prod": 49.0, "target": 21, "value": 0.032634917563344273, "supply": [{"l": "Lemons, Limes", "v": 0.015108888860000001}, {"l": "Apples", "v": 0.00094333703523333322}, {"l": "Fruits, Other", "v": 0.015217500876153893}, {"l": "Citrus, Other", "v": 0.00066928642170294833}, {"l": "Grapes", "v": 0.00069590437025409844}]}, {"source": 0, "prod": 8675.0, "target": 21, "value": 37.648850573237809, "supply": [{"l": "Sunflower seed", "v": 0.4442459293831395}, {"l": "Coconuts - Incl Copra", "v": 3.1206134857687813}, {"l": "Cottonseed", "v": 4.2647609220781399}, {"l": "Sesame seed", "v": 2.9290614943994999}, {"l": "Soyabeans", "v": 0.0312516563819632}, {"l": "Rape and Mustardseed", "v": 1.6480311079600001}, {"l": "Groundnuts", "v": 20.56562489091014}, {"l": "Oilcrops, Other", "v": 4.6452610863561432}]}, {"source": 0, "prod": 1.0, "target": 22, "value": 0.0060643095122142861, "supply": [{"l": "Oilcrops, Other", "v": 0.0060643095122142861}]}, {"source": 3, "prod": 175.0, "target": 22, "value": 1.4857558304925, "supply": [{"l": "Fats, Animals, Raw", "v": 1.4857558304925}]}, {"source": 6, "prod": 66.0, "target": 22, "value": 0.049941531138622368, "supply": [{"l": "Fish, Seafood", "v": 0.024926254400738434}, {"l": "Demersal Fish", "v": 0.025015276737883934}]}, {"source": 14, "prod": 459.0, "target": 22, "value": 1.3593925439124068, "supply": [{"l": "Alcohol, Non-Food", "v": 1.057305311931872}, {"l": "Beverages, Alcoholic", "v": 0.30208723198053489}]}, {"source": 8, "prod": 63.0, "target": 22, "value": 0.22007259886364761, "supply": [{"l": "Maize", "v": 0.22007259886364761}]}, {"source": 16, "prod": 178.0, "target": 22, "value": 1.9496455609694254, "supply": [{"l": "Ricebran Oil", "v": 0.10188039980520001}, {"l": "Sunflowerseed Oil", "v": 0.0169800666342}, {"l": "Cottonseed Oil", "v": 0.75197437951457158}, {"l": "Oilcrops Oil, Other", "v": 0.78532808183175007}, {"l": "Rape and Mustard Oil", "v": 0.29348263318370371}]}, {"source": 0, "prod": 597.0, "target": 0, "value": 3.4326845194255133, "supply": [{"l": "Sunflower seed", "v": 0.0059232790584418608}, {"l": "Soyabeans", "v": 0.0078129140954908}, {"l": "Sesame seed", "v": 0.087134552464973702}, {"l": "Cottonseed", "v": 0.9240315331169302}, {"l": "Groundnuts", "v": 2.1797666935066049}, {"l": "Rape and Mustardseed", "v": 0.027893333280000002}, {"l": "Oilcrops, Other", "v": 0.20012221390307147}]}, {"source": 19, "prod": 10.0, "target": 19, "value": 0.018866740704666665, "supply": [{"l": "Eggs", "v": 0.018866740704666665}]}, {"source": 2, "prod": 6751.0, "target": 2, "value": 2.3181482274516521, "supply": [{"l": "Sugar cane", "v": 2.3181482274516521}]}, {"source": 15, "prod": 646.0, "target": 15, "value": 0.52623724632856506, "supply": [{"l": "Potatoes", "v": 0.52623724632856506}]}, {"source": 5, "prod": 795.0, "target": 5, "value": 3.2259992086501055, "supply": [{"l": "Peas", "v": 0.18203207027341523}, {"l": "Beans", "v": 0.89433147569112703}, {"l": "Pulses, Other", "v": 2.1496356626855633}]}, {"source": 8, "prod": 5382.0, "target": 8, "value": 20.813702000318003, "supply": [{"l": "Maize", "v": 1.369340615151585}, {"l": "Wheat", "v": 5.7457466300572033}, {"l": "Millet", "v": 1.1810834637076801}, {"l": "Barley", "v": 0.62947842931644238}, {"l": "Rice", "v": 10.843406794904947}, {"l": "Sorghum", "v": 1.0446460671801447}]}, {"source": 4, "prod": 634.0, "target": 23, "value": 0.48780547677562702, "supply": [{"l": "Milk - Excluding Butter", "v": 0.48780547677562702}]}, {"source": 0, "prod": 431.0, "target": 23, "value": 1.772663375814693, "supply": [{"l": "Soyabeans", "v": 0.0039064570477454}, {"l": "Coconuts - Incl Copra", "v": 0.23680878053894627}, {"l": "Sesame seed", "v": 0.053621263055368427}, {"l": "Cottonseed", "v": 0.5745580686688605}, {"l": "Rape and Mustardseed", "v": 0.054624444340000002}, {"l": "Groundnuts", "v": 0.75817971948055818}, {"l": "Oilcrops, Other", "v": 0.090964642683214303}]}, {"source": 11, "prod": 4.0, "target": 23, "value": 0.010838340404808511, "supply": [{"l": "Treenuts", "v": 0.010838340404808511}]}, {"source": 12, "prod": 1942.0, "target": 23, "value": 0.5375381075198078, "supply": [{"l": "Vegetables, Other", "v": 0.48447971300717291}, {"l": "Tomatoes", "v": 0.012269978220517482}, {"l": "Onions", "v": 0.040788416292117435}]}, {"source": 2, "prod": 2025.0, "target": 23, "value": 0.6953414546866532, "supply": [{"l": "Sugar cane", "v": 0.6953414546866532}]}, {"source": 15, "prod": 1007.0, "target": 23, "value": 0.87702652794960412, "supply": [{"l": "Potatoes", "v": 0.54171481239705233}, {"l": "Sweet potatoes", "v": 0.086892579256240068}, {"l": "Cassava", "v": 0.24841913629631168}]}, {"source": 5, "prod": 372.0, "target": 23, "value": 1.5095663005277582, "supply": [{"l": "Beans", "v": 0.37989301622277966}, {"l": "Pulses, Other", "v": 1.0069994978163728}, {"l": "Peas", "v": 0.12267378648860593}]}, {"source": 13, "prod": 4.0, "target": 23, "value": 0.010838340404808511, "supply": [{"l": "Nuts", "v": 0.010838340404808511}]}, {"source": 8, "prod": 3903.0, "target": 23, "value": 14.863241209601153, "supply": [{"l": "Maize", "v": 2.6164186753789216}, {"l": "Barley", "v": 0.15242975418425064}, {"l": "Rice", "v": 5.6426109864057175}, {"l": "Sorghum", "v": 2.0400877906162971}, {"l": "Wheat", "v": 2.1831664889253268}, {"l": "Millet", "v": 2.2285275140906382}]}, {"source": 17, "prod": 33.0, "target": 23, "value": 0.11402630577101797, "supply": [{"l": "Pimento", "v": 0.086808205826528095}, {"l": "Pepper", "v": 0.0036346740636565233}, {"l": "Spices, Other", "v": 0.023583425880833335}]}, {"source": 18, "prod": 5.0, "target": 23, "value": 0.0050056129689537814, "supply": [{"l": "Coffee", "v": 0.00035672408895378151}, {"l": "Tea", "v": 0.0046488888800000003}]}, {"source": 19, "prod": 29.0, "target": 23, "value": 0.05471354804353333, "supply": [{"l": "Eggs", "v": 0.05471354804353333}]}, {"source": 20, "prod": 1930.0, "target": 23, "value": 1.0576022693124509, "supply": [{"l": "Grapes", "v": 0.010438565553811476}, {"l": "Citrus, Other", "v": 0.0033464321085147418}, {"l": "Grapefruit", "v": 0.0020078592651088449}, {"l": "Fruits, Other", "v": 0.52338980286165659}, {"l": "Lemons, Limes", "v": 0.052299999900000005}, {"l": "Bananas", "v": 0.41358299319959502}, {"l": "Apples", "v": 0.026413436986533333}, {"l": "Oranges, Mandarines", "v": 0.026123179437230776}]}, {"source": 24, "prod": 176.0, "target": 13, "value": 0.47224488916796808, "supply": [{"l": "Infant food", "v": 0.0034866666600000002}, {"l": "Nuts", "v": 0.46875822250796806}]}, {"source": 24, "prod": 291.0, "target": 1, "value": 0.22389809738439659, "supply": [{"l": "Milk - Excluding Butter", "v": 0.22389809738439659}]}, {"source": 24, "prod": 4260.0, "target": 8, "value": 15.778578825345347, "supply": [{"l": "Maize", "v": 0.11876933906927015}, {"l": "Rice", "v": 2.5372814502629737}, {"l": "Sorghum", "v": 0.12490333411936513}, {"l": "Wheat", "v": 12.997624701893738}]}, {"source": 24, "prod": 4.0, "target": 5, "value": 0.016287825014697978, "supply": [{"l": "Beans", "v": 0.0039572189189872884}, {"l": "Pulses, Other", "v": 0.01233060609571069}]}, {"source": 24, "prod": 176.0, "target": 21, "value": 1.54392426658217, "supply": [{"l": "Coconut Oil", "v": 0.009988274490705884}, {"l": "Butter, Ghee", "v": 0.03918476915584615}, {"l": "Fats, Animals, Raw", "v": 0.73863289858769998}, {"l": "Sweeteners, Other", "v": 0.0035375138821250002}, {"l": "Soyabean Oil", "v": 0.71862067719739287}, {"l": "Sunflowerseed Oil", "v": 0.0339601332684}]}, {"source": 24, "prod": 173.0, "target": 11, "value": 0.46875822250796806, "supply": [{"l": "Treenuts", "v": 0.46875822250796806}]}, {"source": 24, "prod": 1.0, "target": 18, "value": 0.0023583425880833336, "supply": [{"l": "Cocoa Beans", "v": 0.0023583425880833336}]}, {"source": 24, "prod": 129.0, "target": 20, "value": 0.27269206838469595, "supply": [{"l": "Dates", "v": 0.23954022573246433}, {"l": "Fruits, Other", "v": 0.0032279547313053721}, {"l": "Grapes", "v": 0.029923887920926234}]}, {"source": 24, "prod": 92.0, "target": 0, "value": 0.16822538869841619, "supply": [{"l": "Coconuts - Incl Copra", "v": 0.15261010301398761}, {"l": "Rape and Mustardseed", "v": 0.0034866666600000002}, {"l": "Oilcrops, Other", "v": 0.012128619024428572}]}, {"source": 24, "prod": 1.0, "target": 17, "value": 0.0039305709801388897, "supply": [{"l": "Spices, Other", "v": 0.0039305709801388897}]}, {"source": 24, "prod": 2.0, "target": 15, "value": 0.0016292174808933901, "supply": [{"l": "Potatoes", "v": 0.0016292174808933901}]}, {"source": 4, "prod": 1.0, "target": 25, "value": 0.00076940926936218759, "supply": [{"l": "Milk - Excluding Butter", "v": 0.00076940926936218759}]}, {"source": 10, "prod": 3.0, "target": 25, "value": 0.0046591646252378046, "supply": [{"l": "Meat, Other", "v": 0.0046591646252378046}]}, {"source": 11, "prod": 182.0, "target": 25, "value": 0.49314448841878727, "supply": [{"l": "Treenuts", "v": 0.49314448841878727}]}, {"source": 12, "prod": 157.0, "target": 25, "value": 0.069327670519250872, "supply": [{"l": "Vegetables, Other", "v": 0.0027065905754590667}, {"l": "Onions", "v": 0.066621079943791808}]}, {"source": 13, "prod": 183.0, "target": 25, "value": 0.49430671063878728, "supply": [{"l": "Nuts", "v": 0.49314448841878727}, {"l": "Infant food", "v": 0.0011622222200000001}]}, {"source": 15, "prod": 1.0, "target": 25, "value": 0.00081460874044669504, "supply": [{"l": "Potatoes", "v": 0.00081460874044669504}]}, {"source": 8, "prod": 49.0, "target": 25, "value": 0.19326079919313016, "supply": [{"l": "Rice", "v": 0.11360961717595405}, {"l": "Wheat", "v": 0.079651182017176109}]}, {"source": 5, "prod": 38.0, "target": 25, "value": 0.15572872787358658, "supply": [{"l": "Beans", "v": 0.011871656756961864}, {"l": "Pulses, Other", "v": 0.14385707111662471}]}, {"source": 26, "prod": 4.0, "target": 25, "value": 0.0030267594629468102, "supply": [{"l": "Aquatic Products, Other", "v": 0.0015133797314734051}, {"l": "Aquatic Animals, Others", "v": 0.0015133797314734051}]}, {"source": 6, "prod": 140.0, "target": 25, "value": 0.1146239906317208, "supply": [{"l": "Pelagic Fish", "v": 0.023347591622025002}, {"l": "Fish, Seafood", "v": 0.05287387297126335}, {"l": "Demersal Fish", "v": 0.00075803868902678576}, {"l": "Crustaceans", "v": 0.037644487349405661}]}, {"source": 7, "prod": 241.0, "target": 25, "value": 0.9895045340001033, "supply": [{"l": "Sugar", "v": 0.98542664398165369}, {"l": "Sugar non-centrifugal", "v": 0.0040778900184496071}]}, {"source": 20, "prod": 21.0, "target": 25, "value": 0.012157135106581713, "supply": [{"l": "Fruits, Other", "v": 0.0059947730724242611}, {"l": "Bananas", "v": 0.0050001398141574531}, {"l": "Lemons, Limes", "v": 0.0011622222200000001}]}, {"source": 16, "prod": 27.0, "target": 25, "value": 0.28653862445212502, "supply": [{"l": "Oilcrops Oil, Other", "v": 0.28653862445212502}]}, {"source": 17, "prod": 46.0, "target": 25, "value": 0.17370473909081213, "supply": [{"l": "Pimento", "v": 0.0066775542943483153}, {"l": "Pepper", "v": 0.072693481273130467}, {"l": "Spices, Other", "v": 0.09433370352333334}]}, {"source": 18, "prod": 231.0, "target": 25, "value": 0.24550450925669681, "supply": [{"l": "Cocoa Beans", "v": 0.0023583425880833336}, {"l": "Coffee", "v": 0.010701722668613444}, {"l": "Tea", "v": 0.23244444400000003}]}, {"source": 0, "prod": 28.0, "target": 25, "value": 0.16182370414680597, "supply": [{"l": "Coconuts - Incl Copra", "v": 0.0017541391151033058}, {"l": "Groundnuts", "v": 0.15400525551948838}, {"l": "Oilcrops, Other", "v": 0.0060643095122142861}]}, {"source": 8, "prod": 1118.0, "target": 27, "value": 4.0477282497819491, "supply": [{"l": "Wheat", "v": 4.0477282497819491}]}, {"source": 7, "prod": 834.0, "target": 27, "value": 3.4243575878362469, "supply": [{"l": "Sugar", "v": 3.4243575878362469}]}, {"source": 17, "prod": 4.0, "target": 27, "value": 0.014538696254626093, "supply": [{"l": "Pepper", "v": 0.014538696254626093}]}, {"source": 16, "prod": 267.0, "target": 27, "value": 2.7576135069865542, "supply": [{"l": "Groundnut Oil", "v": 2.258743747619163}, {"l": "Sesameseed Oil", "v": 0.010954881699483872}, {"l": "Rape and Mustard Oil", "v": 0.020963045227407408}, {"l": "Oilcrops Oil, Other", "v": 0.46695183244049998}]}, {"source": 0, "prod": 61.0, "target": 27, "value": 0.36343547937153992, "supply": [{"l": "Groundnuts", "v": 0.27247083668832561}, {"l": "Oilcrops, Other", "v": 0.090964642683214303}]}, {"source": 1, "prod": 21091.0, "target": 4, "value": 16.227610900117902, "supply": [{"l": "Milk - Excluding Butter", "v": 16.227610900117902}]}, {"source": 1, "prod": 280.0, "target": 19, "value": 0.52826873973066668, "supply": [{"l": "Eggs", "v": 0.54713548043533333}]}, {"source": 1, "prod": 2299.0, "target": 10, "value": 4.13206413365823, "supply": [{"l": "Pigmeat", "v": 0.71480603089132255}, {"l": "Bovine Meat", "v": 1.8883005136308619}, {"l": "Poultry Meat", "v": 0.23222738190891179}, {"l": "Offals, Edible", "v": 0.47277832589341173}, {"l": "Meat, Other", "v": 0.11337300588078658}, {"l": "Mutton & Goat Meat", "v": 0.71057887545293485}]}, {"source": 1, "prod": 3512.0, "target": 6, "value": 2.7973147197156809, "supply": [{"l": "Pelagic Fish", "v": 0.59536358636163755}, {"l": "Crustaceans", "v": 0.10572494319407548}, {"l": "Freshwater Fish", "v": 0.47005794219065855}, {"l": "Demersal Fish", "v": 0.26000727033618759}, {"l": "Fish, Seafood", "v": 1.3263788705362634}, {"l": "Marine Fish, Other", "v": 0.039026766054411299}, {"l": "Cephalopods", "v": 0.00075534104244661922}]}, {"source": 1, "prod": 4.0, "target": 26, "value": 0.0030267594629468102, "supply": [{"l": "Aquatic Products, Other", "v": 0.0015133797314734051}, {"l": "Aquatic Animals, Others", "v": 0.0015133797314734051}]}, {"source": 21, "prod": 12200.0, "target": 7, "value": 49.913776059580705, "supply": [{"l": "Honey", "v": 0.24762597174875001}, {"l": "Sweeteners, Other", "v": 0.46695183244049998}, {"l": "Sugar non-centrifugal", "v": 30.180464026545547}, {"l": "Sugar", "v": 19.018734228845918}]}, {"source": 21, "prod": 2791.0, "target": 16, "value": 28.884541245043582, "supply": [{"l": "Ricebran Oil", "v": 0.35658139931820004}, {"l": "Sesameseed Oil", "v": 1.9171042974096772}, {"l": "Soyabean Oil", "v": 0.72771714146571442}, {"l": "Coconut Oil", "v": 1.9077604277248239}, {"l": "Rape and Mustard Oil", "v": 5.0311308545777784}, {"l": "Groundnut Oil", "v": 14.507295069935807}, {"l": "Cottonseed Oil", "v": 1.2128619024428575}, {"l": "Oilcrops Oil, Other", "v": 2.9608991193386252}, {"l": "Sunflowerseed Oil", "v": 0.26319103283010004}]}, {"source": 21, "prod": 731.0, "target": 14, "value": 2.0894489168574162, "supply": [{"l": "Beer", "v": 0.016301246402765202}, {"l": "Beverages, Alcoholic", "v": 1.0099190794643373}, {"l": "Alcohol, Non-Food", "v": 1.057305311931872}, {"l": "Beverages, Fermented", "v": 0.0059232790584418608}]}, {"source": 21, "prod": 638.0, "target": 3, "value": 5.9822080911258464, "supply": [{"l": "Fats, Animals, Raw", "v": 1.7319667966884}, {"l": "Fish, Body Oil", "v": 0.018286225606061537}, {"l": "Butter, Ghee", "v": 4.2319550688313852}]}, {"source": 0, "prod": 13868.5, "target": 28, "value": 33.098337026785266, "supply": [{"l": "Sunflower seed", "v": 0.26498666616}, {"l": "Coconuts - Incl Copra", "v": 15.890483302950001}, {"l": "Sesame seed", "v": 1.95950666292}, {"l": "Soyabeans", "v": 0.032192842474233138}, {"l": "Groundnuts", "v": 14.915959971480001}, {"l": "Rape and Mustardseed", "v": 1.0706604284038332}, {"l": "Oilcrops, Other", "v": 3.1341812638485722}, {"l": "Cottonseed", "v": 6.7571599870800005}]}, {"source": 12, "prod": 25986.5, "target": 28, "value": 70.487808435950427, "supply": [{"l": "Tomatoes", "v": 0.51617062455714469}, {"l": "Vegetables, Other", "v": 82.168529842889996}, {"l": "Onions", "v": 6.2759999880000015}]}, {"source": 2, "prod": 54009.400000000001, "target": 28, "value": 188.31277430660398, "supply": [{"l": "Sugar cane", "v": 188.31277430660398}]}, {"source": 15, "prod": 5374.5, "target": 28, "value": 18.114697324032107, "supply": [{"l": "Sweet potatoes", "v": 2.8259433279300001}, {"l": "Potatoes", "v": 6.8234066536200011}, {"l": "Cassava", "v": 9.0897399826199994}]}, {"source": 5, "prod": 12088.5, "target": 28, "value": 43.349094117522974, "supply": [{"l": "Peas", "v": 2.6934499948500004}, {"l": "Beans", "v": 8.4011233172700006}, {"l": "Pulses, Other", "v": 31.053996607290006}]}, {"source": 8, "prod": 189897.0, "target": 28, "value": 707.43328074352235, "supply": [{"l": "Maize", "v": 52.320919899960003}, {"l": "Barley", "v": 18.939573297119999}, {"l": "Rice", "v": 296.69789943270007}, {"l": "Wheat", "v": 152.63580637481999}, {"l": "Sorghum", "v": 56.633926558379997}, {"l": "Millet", "v": 84.879413171039999}]}, {"source": 29, "prod": 0, "target": 0, "value": 6.6002951217050439e-07, "supply": "[{\"l\":'Energy for power irrigation',\"v\":6.6002951217050439e-07}]"}, {"source": 29, "prod": 0, "target": 11, "value": 1.7180708360208539e-08, "supply": "[{\"l\":'Energy for power irrigation',\"v\":1.7180708360208539e-08}]"}, {"source": 29, "prod": 0, "target": 12, "value": 1.2367492459904686e-06, "supply": "[{\"l\":'Energy for power irrigation',\"v\":1.2367492459904686e-06}]"}, {"source": 29, "prod": 0, "target": 2, "value": 6.4260370506222087e-06, "supply": "[{\"l\":'Energy for power irrigation',\"v\":6.4260370506222087e-06}]"}, {"source": 29, "prod": 0, "target": 15, "value": 5.1156629962294068e-07, "supply": "[{\"l\":'Energy for power irrigation',\"v\":5.1156629962294068e-07}]"}, {"source": 29, "prod": 0, "target": 5, "value": 5.7531577011739861e-07, "supply": "[{\"l\":'Energy for power irrigation',\"v\":5.7531577011739861e-07}]"}, {"source": 29, "prod": 0, "target": 13, "value": 1.7252096345084752e-08, "supply": "[{\"l\":'Energy for power irrigation',\"v\":1.7252096345084752e-08}]"}, {"source": 29, "prod": 0, "target": 8, "value": 4.5187880546793915e-06, "supply": "[{\"l\":'Energy for power irrigation',\"v\":4.5187880546793915e-06}]"}, {"source": 29, "prod": 0, "target": 17, "value": 4.1642991177790778e-08, "supply": "[{\"l\":'Energy for power irrigation',\"v\":4.1642991177790778e-08}]"}, {"source": 29, "prod": 0, "target": 18, "value": 2.2963135135181769e-08, "supply": "[{\"l\":'Energy for power irrigation',\"v\":2.2963135135181769e-08}]"}, {"source": 29, "prod": 0, "target": 20, "value": 7.5438063218189903e-07, "supply": "[{\"l\":'Energy for power irrigation',\"v\":7.5438063218189903e-07}]"}, {"source": 29, "prod": 0, "target": 21, "value": 4.4700000035759997, "supply": "[{\"l\":'Electricity',\"v\":4.4700000035759997}]"}, {"source": 30, "prod": 0, "target": 29, "value": 6.6148718464729246, "supply": [{"l": "Coal", "v": 5.7501470907147123}, {"l": "Natural gas", "v": 0.062431725535239006}, {"l": "Oil", "v": 0.80229303022297282}]}, {"source": 31, "prod": 0, "target": 29, "value": 1.8967809553967965, "supply": [{"l": "Nuclear", "v": 0.099692025189815126}, {"l": "Hydroelectric", "v": 1.7970889302069812}, {"l": "Renewable", "v": 0.0}]}, {"source": 30, "prod": 0, "target": 0, "value": 1.7197866823402528, "supply": [{"l": "Gas-Diesel oil", "v": 1.585956141905202}, {"l": "Natural gas (including LNG)", "v": 0.042583995072049963}, {"l": "Fuel oil", "v": 0.08919321127052203}, {"l": "Liquefied petroleum gas (LPG)", "v": 0.0020533340924789915}]}, {"source": 30, "prod": 0, "target": 11, "value": 0.044766412540998043, "supply": [{"l": "Gas-Diesel oil", "v": 0.041282775154326566}, {"l": "Natural gas (including LNG)", "v": 0.0011084704345105843}, {"l": "Fuel oil", "v": 0.0023217182297046151}, {"l": "Liquefied petroleum gas (LPG)", "v": 5.3448722456279778e-05}]}, {"source": 30, "prod": 0, "target": 12, "value": 3.2224996661956942, "supply": [{"l": "Gas-Diesel oil", "v": 2.971730849163178}, {"l": "Natural gas (including LNG)", "v": 0.079792983231050676}, {"l": "Fuel oil", "v": 0.16712834010032959}, {"l": "Liquefied petroleum gas (LPG)", "v": 0.0038474937011360507}]}, {"source": 30, "prod": 0, "target": 2, "value": 16.743816353821188, "supply": [{"l": "Gas-Diesel oil", "v": 15.440844296537986}, {"l": "Natural gas (including LNG)", "v": 0.41459711278155087}, {"l": "Fuel oil", "v": 0.86838371575767614}, {"l": "Liquefied petroleum gas (LPG)", "v": 0.019991228743976432}]}, {"source": 30, "prod": 0, "target": 15, "value": 1.332947834911878, "supply": [{"l": "Gas-Diesel oil", "v": 1.2292203604815963}, {"l": "Natural gas (including LNG)", "v": 0.033005398062477202}, {"l": "Fuel oil", "v": 0.069130607343753203}, {"l": "Liquefied petroleum gas (LPG)", "v": 0.0015914690240513886}]}, {"source": 30, "prod": 0, "target": 5, "value": 1.4990547867087392, "supply": [{"l": "Gas-Diesel oil", "v": 1.3824011840805448}, {"l": "Natural gas (including LNG)", "v": 0.037118406780003319}, {"l": "Fuel oil", "v": 0.077745403932920329}, {"l": "Liquefied petroleum gas (LPG)", "v": 0.0017897919152707424}]}, {"source": 30, "prod": 0, "target": 13, "value": 0.044952422565406616, "supply": [{"l": "Gas-Diesel oil", "v": 0.041454310231145097}, {"l": "Natural gas (including LNG)", "v": 0.0011130762673409605}, {"l": "Fuel oil", "v": 0.0023313652583598975}, {"l": "Liquefied petroleum gas (LPG)", "v": 5.3670808560668743e-05}]}, {"source": 30, "prod": 0, "target": 8, "value": 11.774248535038648, "supply": [{"l": "Gas-Diesel oil", "v": 10.857998827536219}, {"l": "Natural gas (including LNG)", "v": 0.29154461232999501}, {"l": "Fuel oil", "v": 0.61064726685071646}, {"l": "Liquefied petroleum gas (LPG)", "v": 0.014057828321717671}]}, {"source": 30, "prod": 0, "target": 17, "value": 0.10850584757167114, "supply": [{"l": "Gas-Diesel oil", "v": 0.10006212814414334}, {"l": "Natural gas (including LNG)", "v": 0.00268673581771956}, {"l": "Fuel oil", "v": 0.0056274333822480286}, {"l": "Liquefied petroleum gas (LPG)", "v": 0.0001295502275602349}]}, {"source": 30, "prod": 0, "target": 18, "value": 0.059833224518092941, "supply": [{"l": "Gas-Diesel oil", "v": 0.055177116376627609}, {"l": "Natural gas (including LNG)", "v": 0.0014815428937710714}, {"l": "Fuel oil", "v": 0.0031031275507824841}, {"l": "Liquefied petroleum gas (LPG)", "v": 7.1437696911786676e-05}]}, {"source": 30, "prod": 0, "target": 20, "value": 1.965629931266925, "supply": [{"l": "Gas-Diesel oil", "v": 1.8126683351003612}, {"l": "Natural gas (including LNG)", "v": 0.048671370796197426}, {"l": "Fuel oil", "v": 0.10194336747658685}, {"l": "Liquefied petroleum gas (LPG)", "v": 0.0023468578937797524}]}, {"source": 32, "prod": 100.75985112517365, "target": 0, "value": 1.3403998009904698, "supply": [{"l": "Potash", "v": 0.60584694492912206}, {"l": "Phosphate", "v": 2.2779708351557098}, {"l": "Nitrogen", "v": 27.135541688375096}]}, {"source": 32, "prod": 2.6228003213172073, "target": 11, "value": 0.034890891456001709, "supply": [{"l": "Potash", "v": 0.60584694492912206}, {"l": "Phosphate", "v": 2.2779708351557098}, {"l": "Nitrogen", "v": 27.135541688375096}]}, {"source": 32, "prod": 188.80166357315682, "target": 12, "value": 2.5116126061534305, "supply": [{"l": "Potash", "v": 0.60584694492912206}, {"l": "Phosphate", "v": 2.2779708351557098}, {"l": "Nitrogen", "v": 27.135541688375096}]}, {"source": 32, "prod": 980.99634123372277, "target": 2, "value": 13.050111585898744, "supply": [{"l": "Potash", "v": 0.60584694492912206}, {"l": "Phosphate", "v": 2.2779708351557098}, {"l": "Nitrogen", "v": 27.135541688375096}]}, {"source": 32, "prod": 78.095514276561389, "target": 15, "value": 1.0388980395029428, "supply": [{"l": "Potash", "v": 0.60584694492912206}, {"l": "Phosphate", "v": 2.2779708351557098}, {"l": "Nitrogen", "v": 27.135541688375096}]}, {"source": 32, "prod": 87.827483889869967, "target": 5, "value": 1.1683616104317913, "supply": [{"l": "Potash", "v": 0.60584694492912206}, {"l": "Phosphate", "v": 2.2779708351557098}, {"l": "Nitrogen", "v": 27.135541688375096}]}, {"source": 32, "prod": 2.6336983835941483, "target": 13, "value": 0.035035867459281493, "supply": [{"l": "Potash", "v": 0.60584694492912206}, {"l": "Phosphate", "v": 2.2779708351557098}, {"l": "Nitrogen", "v": 27.135541688375096}]}, {"source": 32, "prod": 689.83644406810754, "target": 8, "value": 9.1768360316071416, "supply": [{"l": "Potash", "v": 0.60584694492912206}, {"l": "Phosphate", "v": 2.2779708351557098}, {"l": "Nitrogen", "v": 27.135541688375096}]}, {"source": 32, "prod": 6.357202994882428, "target": 17, "value": 0.084569335246541533, "supply": [{"l": "Potash", "v": 0.60584694492912206}, {"l": "Phosphate", "v": 2.2779708351557098}, {"l": "Nitrogen", "v": 27.135541688375096}]}, {"source": 32, "prod": 3.5055433657494528, "target": 18, "value": 0.046633947721664328, "supply": [{"l": "Potash", "v": 0.60584694492912206}, {"l": "Phosphate", "v": 2.2779708351557098}, {"l": "Nitrogen", "v": 27.135541688375096}]}, {"source": 32, "prod": 115.16345676786442, "target": 20, "value": 1.5320097519919198, "supply": [{"l": "Potash", "v": 0.60584694492912206}, {"l": "Phosphate", "v": 2.2779708351557098}, {"l": "Nitrogen", "v": 27.135541688375096}]}, {"source": 30, "prod": 0, "target": 32, "value": 35.896775093204859, "supply": [{"l": "Natural gas (including LNG)", "v": 24.347501464315123}, {"l": "Fuel oil", "v": 6.7524917299251932}, {"l": "Liquefied petroleum gas (LPG)", "v": 2.3983909494822719}, {"l": "Coal", "v": 2.3983909494822719}]}, {"source": 33, "prod": 0, "target": 15, "value": 2.8028333081193435, "supply": "[{\"l\":'Labor',\"v\":2.8028333081193435}]"}, {"source": 33, "prod": 0, "target": 0, "value": 3.6162520916971919, "supply": "[{\"l\":'Labor',\"v\":3.6162520916971919}]"}, {"source": 33, "prod": 0, "target": 11, "value": 0.094131809864274177, "supply": "[{\"l\":'Labor',\"v\":0.094131809864274177}]"}, {"source": 33, "prod": 0, "target": 12, "value": 6.7760561690802232, "supply": "[{\"l\":'Labor',\"v\":6.7760561690802232}]"}, {"source": 33, "prod": 0, "target": 13, "value": 0.094522939268142342, "supply": "[{\"l\":'Labor',\"v\":0.094522939268142342}]"}, {"source": 33, "prod": 0, "target": 2, "value": 35.207774042129707, "supply": "[{\"l\":'Labor',\"v\":35.207774042129707}]"}, {"source": 33, "prod": 0, "target": 5, "value": 3.152111865773624, "supply": "[{\"l\":'Labor',\"v\":3.152111865773624}]"}, {"source": 33, "prod": 0, "target": 8, "value": 24.75810013545162, "supply": "[{\"l\":'Labor',\"v\":24.75810013545162}]"}, {"source": 33, "prod": 0, "target": 17, "value": 0.22815881892310222, "supply": "[{\"l\":'Labor',\"v\":0.22815881892310222}]"}, {"source": 33, "prod": 0, "target": 18, "value": 0.12581329157759635, "supply": "[{\"l\":'Labor',\"v\":0.12581329157759635}]"}, {"source": 33, "prod": 0, "target": 20, "value": 4.1331947871429637, "supply": "[{\"l\":'Labor',\"v\":4.1331947871429637}]"}, {"source": 30, "prod": 0, "target": 24, "value": 6.6951259152131151, "supply": "[{\"l\":'Fossil Fuels',\"v\":6.6951259152131151}]"}, {"source": 31, "prod": 0, "target": 24, "value": 11.336796859463895, "supply": "[{\"l\":'Renewables & Nuclear',\"v\":0.31730915619371503},{\"l\":'Biomass & Waste',\"v\":11.01948770327018}]"}]}