{"nodes": [{"layer": 13, "name": "Other Processed", "fill": "#9c9ede"}, {"layer": 10, "name": "Feed", "fill": "#dbdb8d"}, {"layer": 13, "name": "Animal Products", "fill": "#17becf"}, {"layer": 5, "name": "Cereals", "fill": "#e7ba52"}, {"layer": 5, "name": "Oilcrops", "fill": "#ff9896"}, {"layer": 5, "name": "Fruits, Roots & Vegetables", "fill": "#98df8a"}, {"layer": 5, "name": "Sugar Crops", "fill": "#ffbb78"}, {"layer": 13, "name": "Sugar", "fill": "#d6616b"}, {"layer": 13, "name": "Aquatic Products", "fill": "#1f77b4"}, {"layer": 16, "name": "Food", "fill": "#b5cf6b"}, {"layer": 13, "name": "Vegetable Oils", "fill": "#f7b6d2"}, {"layer": 10, "name": "Processing", "fill": "#9edae5"}, {"layer": 16, "name": "Biofuels & Other", "fill": "#e7ba52"}, {"name": "Waste", "fill": "#c7c7c7"}, {"layer": 2, "name": "Import", "fill": "#aec7e8"}, {"layer": 16, "name": "Export", "fill": "#aec7e8"}, {"layer": 0, "name": "Stock Draw", "fill": "#c7c7c7"}, {"layer": 16, "name": "Stock Deposit", "fill": "#c7c7c7"}, {"name": "Crop Residue", "fill": "#bd9e39"}, {"layer": 2, "name": "Electricity", "fill": "#bcbd22"}, {"layer": 0, "name": "Fossil Fuels", "fill": "#c49c94"}, {"layer": 0, "name": "Renewables & Nuclear", "fill": "#2ca02c"}, {"layer": 2, "name": "Fertilizers", "fill": "#c5b0d5"}, {"layer": 0, "name": "Labor", "fill": "#7f7f7f"}], "links": [{"source": 0, "prod": 2.0, "target": 1, "value": 0.018478307807805884, "supply": [{"l": "Fish, Body Oil", "v": 0.018478307807805884}]}, {"source": 2, "prod": 2809.0, "target": 1, "value": 2.1642377377627371, "supply": [{"l": "Milk - Excluding Butter", "v": 2.1642377377627371}]}, {"source": 3, "prod": 1039.0, "target": 1, "value": 3.5996920157058692, "supply": [{"l": "Maize", "v": 0.4147240904270969}, {"l": "Rice", "v": 0.66896544720002249}, {"l": "Wheat", "v": 0.71790246502005839}, {"l": "Millet", "v": 0.47120381956975371}, {"l": "Barley", "v": 0.88138057741080511}, {"l": "Sorghum", "v": 0.44551561607813228}]}, {"source": 4, "prod": 1191.0, "target": 1, "value": 6.7475550505904289, "supply": [{"l": "Cottonseed", "v": 6.6505260983950008}, {"l": "Oilcrops, Other", "v": 0.097028952195428578}]}, {"source": 5, "prod": 1129.0, "target": 1, "value": 4.6179700606263125, "supply": [{"l": "Peas", "v": 0.18256346152456865}, {"l": "Beans", "v": 0.37055777185465344}, {"l": "Pulses, Other", "v": 4.0648488272470908}]}, {"source": 6, "prod": 1433.0, "target": 1, "value": 0.44926948830887375, "supply": [{"l": "Sugar cane", "v": 0.44926948830887375}]}, {"source": 7, "prod": 296.0, "target": 1, "value": 1.2109745134523184, "supply": [{"l": "Sugar non-centrifugal", "v": 1.2109745134523184}]}, {"source": 8, "prod": 156.0, "target": 1, "value": 0.10748837649636717, "supply": [{"l": "Pelagic Fish", "v": 0.043567276232486851}, {"l": "Fish, Seafood", "v": 0.063921100263880315}]}, {"source": 0, "prod": 716.0, "target": 9, "value": 5.4261487944073519, "supply": [{"l": "Beer", "v": 0.0075455556083053217}, {"l": "Beverages, Alcoholic", "v": 0.67313835585578574}, {"l": "Fats, Animals, Raw", "v": 0.2377209328788}, {"l": "Butter, Ghee", "v": 4.5047117953083538}, {"l": "Beverages, Fermented", "v": 0.0030321547561071431}]}, {"source": 2, "prod": 20578.0, "target": 9, "value": 18.36817736695949, "supply": [{"l": "Pigmeat", "v": 0.681941385792871}, {"l": "Meat, Other", "v": 0.10094856688015243}, {"l": "Poultry Meat", "v": 0.21974203879552942}, {"l": "Eggs", "v": 0.45556276335658535}, {"l": "Mutton & Goat Meat", "v": 0.67687662884276723}, {"l": "Milk - Excluding Butter", "v": 13.977786058558769}, {"l": "Offals, Edible", "v": 0.44899214657740388}, {"l": "Bovine Meat", "v": 1.8063277781554137}]}, {"source": 3, "prod": 77619.0, "target": 9, "value": 301.01529944166617, "supply": [{"l": "Maize", "v": 16.233485825289225}, {"l": "Barley", "v": 7.8904546930110175}, {"l": "Rice", "v": 153.54229578690328}, {"l": "Wheat", "v": 65.622811688878983}, {"l": "Sorghum", "v": 34.282049101605438}, {"l": "Millet", "v": 23.444202345978212}]}, {"source": 4, "prod": 2745.0, "target": 9, "value": 6.0829387567910844, "supply": [{"l": "Coconuts - Incl Copra", "v": 4.0584288808764617}, {"l": "Sesame seed", "v": 0.44148173248920003}, {"l": "Groundnuts", "v": 1.3564309043831861}, {"l": "Oilcrops, Other", "v": 0.12128619024428573}, {"l": "Soyabeans", "v": 0.015819937857950311}, {"l": "Rape and Mustardseed", "v": 0.089491110940000007}]}, {"source": 5, "prod": 55689.0, "target": 9, "value": 64.398256000597542, "supply": [{"l": "Infant food", "v": 0.0011622222200000001}, {"l": "Nuts", "v": 0.67495764870945008}, {"l": "Citrus, Other", "v": 0.025620017834957803}, {"l": "Grapefruit", "v": 0.014717882586039588}, {"l": "Tomatoes", "v": 0.10164672916344494}, {"l": "Coffee", "v": 0.018789417996860656}, {"l": "Treenuts", "v": 0.67495764870945008}, {"l": "Vegetables, Other", "v": 5.4108729083144498}, {"l": "Peas", "v": 3.1540751225095689}, {"l": "Sweet potatoes", "v": 1.8017104260852486}, {"l": "Grapes", "v": 0.12324241911919355}, {"l": "Dates", "v": 0.082925906818186054}, {"l": "Cocoa Beans", "v": 0.0022342192939736848}, {"l": "Potatoes", "v": 2.2546645082675947}, {"l": "Pimento", "v": 1.1188651050035359}, {"l": "Pepper", "v": 0.0031079586250098213}, {"l": "Beans", "v": 5.8651724749467737}, {"l": "Pulses, Other", "v": 30.217157308312043}, {"l": "Lemons, Limes", "v": 0.37539777706000005}, {"l": "Pineapples", "v": 0.22473617604088236}, {"l": "Bananas", "v": 1.8037247755135268}, {"l": "Spices, Other", "v": 0.68450893619118758}, {"l": "Tea", "v": 0.22082222180000002}, {"l": "Fruits, Other", "v": 4.28437686500276}, {"l": "Oranges, Mandarines", "v": 0.22523316542694899}, {"l": "Cassava", "v": 4.2822052521411482}, {"l": "Onions", "v": 0.67682783087370624}, {"l": "Apples", "v": 0.074543076031582473}]}, {"source": 6, "prod": 3594.0, "target": 9, "value": 1.1267791632812925, "supply": [{"l": "Sugar cane", "v": 1.1267791632812925}]}, {"source": 7, "prod": 8570.0, "target": 9, "value": 34.987567245373228, "supply": [{"l": "Sugar", "v": 9.822803401348029}, {"l": "Sugar non-centrifugal", "v": 24.58360084910467}, {"l": "Sweeteners, Other", "v": 0.45987680467625003}, {"l": "Honey", "v": 0.12128619024428573}]}, {"source": 8, "prod": 2749.0, "target": 9, "value": 2.1154807534978062, "supply": [{"l": "Crustaceans", "v": 0.056600222114000003}, {"l": "Marine Fish, Other", "v": 0.029243448092233334}, {"l": "Demersal Fish", "v": 0.22575770411379548}, {"l": "Freshwater Fish", "v": 0.44947235208176473}, {"l": "Fish, Seafood", "v": 1.1259947661868148}, {"l": "Pelagic Fish", "v": 0.22677325833832898}, {"l": "Cephalopods", "v": 0.0016390025708687261}]}, {"source": 10, "prod": 2107.0, "target": 9, "value": 21.630813347330037, "supply": [{"l": "Ricebran Oil", "v": 0.21225083292749999}, {"l": "Soyabean Oil", "v": 0.4487589039038572}, {"l": "Coconut Oil", "v": 1.7950356156154286}, {"l": "Rape and Mustard Oil", "v": 4.7544186575759992}, {"l": "Sesameseed Oil", "v": 1.3346332374481202}, {"l": "Oilcrops Oil, Other", "v": 0.66859012372162507}, {"l": "Groundnut Oil", "v": 11.731392515910199}, {"l": "Cottonseed Oil", "v": 0.68573346022730786}]}, {"source": 5, "prod": 40.0, "target": 11, "value": 0.024612821996056803, "supply": [{"l": "Lemons, Limes", "v": 0.0092977777600000006}, {"l": "Apples", "v": 0.0005105690139149484}, {"l": "Fruits, Other", "v": 0.013512444707458406}, {"l": "Citrus, Other", "v": 0.00054510676244591072}, {"l": "Grapes", "v": 0.00074692375223753672}]}, {"source": 6, "prod": 84266.0, "target": 11, "value": 26.418801606305347, "supply": [{"l": "Sugar cane", "v": 26.418801606305347}]}, {"source": 2, "prod": 1.0, "target": 11, "value": 0.0015530548750792683, "supply": [{"l": "Meat, Other", "v": 0.0015530548750792683}]}, {"source": 3, "prod": 163.0, "target": 11, "value": 0.64915306341086632, "supply": [{"l": "Barley", "v": 0.072748873056129953}, {"l": "Rice", "v": 0.57640419035473633}]}, {"source": 4, "prod": 7481.0, "target": 11, "value": 29.832319040318907, "supply": [{"l": "Coconuts - Incl Copra", "v": 3.1102465235985206}, {"l": "Cottonseed", "v": 4.0752159922080002}, {"l": "Sesame seed", "v": 1.8564872853392}, {"l": "Soyabeans", "v": 0.023729906786925468}, {"l": "Rape and Mustardseed", "v": 1.6561666635000001}, {"l": "Groundnuts", "v": 15.205057343020256}, {"l": "Oilcrops, Other", "v": 3.9054153258660009}]}, {"source": 8, "prod": 48.0, "target": 12, "value": 0.042822667169788352, "supply": [{"l": "Fish, Seafood", "v": 0.019668030850424713}, {"l": "Demersal Fish", "v": 0.023154636319363639}]}, {"source": 0, "prod": 623.0, "target": 12, "value": 2.9587766110093505, "supply": [{"l": "Alcohol, Non-Food", "v": 1.0066753790275715}, {"l": "Fats, Animals, Raw", "v": 1.6640465301516003}, {"l": "Beverages, Alcoholic", "v": 0.28805470183017862}]}, {"source": 10, "prod": 150.0, "target": 12, "value": 1.5468243924225953, "supply": [{"l": "Ricebran Oil", "v": 0.076410299853900007}, {"l": "Rape and Mustard Oil", "v": 0.040986367737724141}, {"l": "Palm Oil", "v": 0.02122508329275}, {"l": "Cottonseed Oil", "v": 0.29388576866884619}, {"l": "Oilcrops Oil, Other", "v": 1.1143168728693751}]}, {"source": 3, "prod": 47.0, "target": 12, "value": 0.16379859033675256, "supply": [{"l": "Maize", "v": 0.16379859033675256}]}, {"source": 4, "prod": 1.0, "target": 12, "value": 0.0060643095122142861, "supply": [{"l": "Oilcrops, Other", "v": 0.0060643095122142861}]}, {"source": 5, "prod": 1514.0, "target": 5, "value": 3.8730041570546025, "supply": [{"l": "Potatoes", "v": 0.55906068446564161}, {"l": "Peas", "v": 0.20198510636760783}, {"l": "Beans", "v": 0.8925262461875525}, {"l": "Pulses, Other", "v": 2.2194321200338005}]}, {"source": 6, "prod": 4775.0, "target": 6, "value": 1.4970424331297085, "supply": [{"l": "Sugar cane", "v": 1.4970424331297085}]}, {"source": 2, "prod": 10.0, "target": 2, "value": 0.02070739833439024, "supply": [{"l": "Eggs", "v": 0.02070739833439024}]}, {"source": 3, "prod": 5093.0, "target": 3, "value": 19.640945336215115, "supply": [{"l": "Maize", "v": 1.5090380769322098}, {"l": "Wheat", "v": 4.7388814231374576}, {"l": "Millet", "v": 1.1635109698606996}, {"l": "Barley", "v": 0.7610651335102826}, {"l": "Rice", "v": 10.211189561977703}, {"l": "Sorghum", "v": 1.257260170796763}]}, {"source": 4, "prod": 571.0, "target": 4, "value": 3.225329240665642, "supply": [{"l": "Soyabeans", "v": 0.0079099689289751553}, {"l": "Sesame seed", "v": 0.056600222114000003}, {"l": "Cottonseed", "v": 0.87164342055559996}, {"l": "Groundnuts", "v": 2.0672243913962092}, {"l": "Rape and Mustardseed", "v": 0.027893333280000002}, {"l": "Oilcrops, Other", "v": 0.19405790439085716}]}, {"source": 5, "prod": 5191.0, "target": 13, "value": 4.0262739583850609, "supply": [{"l": "Grapes", "v": 0.010456932531325513}, {"l": "Potatoes", "v": 0.57588056179197178}, {"l": "Pimento", "v": 0.060643095122142866}, {"l": "Nuts", "v": 0.010188039980520001}, {"l": "Pepper", "v": 0.0031079586250098213}, {"l": "Citrus, Other", "v": 0.0027255338122295536}, {"l": "Grapefruit", "v": 0.0016353202873377324}, {"l": "Beans", "v": 0.29883691278601088}, {"l": "Fruits, Other", "v": 0.52791723632932319}, {"l": "Pulses, Other", "v": 1.0110746324598425}, {"l": "Treenuts", "v": 0.010188039980520001}, {"l": "Coffee", "v": 0.00069590437025409833}, {"l": "Lemons, Limes", "v": 0.043002222140000004}, {"l": "Bananas", "v": 0.45256041135927511}, {"l": "Spices, Other", "v": 0.012735049975650002}, {"l": "Tea", "v": 0.0046488888800000003}, {"l": "Apples", "v": 0.0081691042226391744}, {"l": "Vegetables, Other", "v": 0.4503644467731196}, {"l": "Peas", "v": 0.14760450080709803}, {"l": "Sweet potatoes", "v": 0.094586948365006723}, {"l": "Tomatoes", "v": 0.01129408101816055}, {"l": "Oranges, Mandarines", "v": 0.024934321149735435}, {"l": "Onions", "v": 0.037848924752805942}, {"l": "Cassava", "v": 0.22517489086508305}]}, {"source": 6, "prod": 1433.0, "target": 13, "value": 0.44926948830887375, "supply": [{"l": "Sugar cane", "v": 0.44926948830887375}]}, {"source": 2, "prod": 682.0, "target": 13, "value": 0.55926463829396267, "supply": [{"l": "Milk - Excluding Butter", "v": 0.50542540262454805}, {"l": "Eggs", "v": 0.053839235669414627}]}, {"source": 3, "prod": 3467.0, "target": 13, "value": 13.310163295925591, "supply": [{"l": "Maize", "v": 1.9864935423818928}, {"l": "Barley", "v": 0.1958623505357345}, {"l": "Rice", "v": 5.6420293377058499}, {"l": "Sorghum", "v": 2.4767647809089386}, {"l": "Wheat", "v": 1.7983819325755002}, {"l": "Millet", "v": 1.210631351817675}]}, {"source": 4, "prod": 396.0, "target": 13, "value": 1.5725541710018158, "supply": [{"l": "Soyabeans", "v": 0.0039549844644875777}, {"l": "Coconuts - Incl Copra", "v": 0.2153381177700818}, {"l": "Sesame seed", "v": 0.0339601332684}, {"l": "Cottonseed", "v": 0.61128239883120006}, {"l": "Rape and Mustardseed", "v": 0.054624444340000002}, {"l": "Groundnuts", "v": 0.5745580686688605}, {"l": "Oilcrops, Other", "v": 0.078836023658785725}]}, {"source": 14, "prod": 154.0, "target": 11, "value": 1.4304471482862386, "supply": [{"l": "Sugar", "v": 0.0081822602260291782}, {"l": "Butter, Ghee", "v": 0.0099882744907058823}, {"l": "Fats, Animals, Raw", "v": 0.9508837315152}, {"l": "Sweeteners, Other", "v": 0.0035375138821250002}, {"l": "Soyabean Oil", "v": 0.43663028487942868}, {"l": "Palm Oil", "v": 0.02122508329275}]}, {"source": 14, "prod": 6081.0, "target": 3, "value": 22.541564849024418, "supply": [{"l": "Maize", "v": 0.43911962515810266}, {"l": "Rice", "v": 3.2817172881510537}, {"l": "Sorghum", "v": 1.4460379742197005}, {"l": "Wheat", "v": 17.374689961495559}]}, {"source": 14, "prod": 102.0, "target": 4, "value": 0.18291651389989444, "supply": [{"l": "Coconuts - Incl Copra", "v": 0.16497678377546587}, {"l": "Rape and Mustardseed", "v": 0.0058111111000000003}, {"l": "Oilcrops, Other", "v": 0.012128619024428572}]}, {"source": 14, "prod": 538.0, "target": 5, "value": 1.2113668021827078, "supply": [{"l": "Dates", "v": 0.082925906818186054}, {"l": "Oranges, Mandarines", "v": 0.00041213753966504852}, {"l": "Cocoa Beans", "v": 0.0044684385879473695}, {"l": "Potatoes", "v": 0.00080094653934905671}, {"l": "Fruits, Other", "v": 0.0046594636922270369}, {"l": "Infant food", "v": 0.0023244444400000001}, {"l": "Pulses, Other", "v": 0.0082201189630881511}, {"l": "Nuts", "v": 0.5297780789870401}, {"l": "Spices, Other", "v": 0.0031837624939125004}, {"l": "Treenuts", "v": 0.5297780789870401}, {"l": "Grapes", "v": 0.044815425134252199}]}, {"source": 14, "prod": 407.0, "target": 1, "value": 0.31357947998199859, "supply": [{"l": "Milk - Excluding Butter", "v": 0.31357947998199859}]}, {"source": 3, "prod": 4.0, "target": 15, "value": 0.016247759595165577, "supply": [{"l": "Rice", "v": 0.012621989569811747}, {"l": "Wheat", "v": 0.0036257700253538305}]}, {"source": 4, "prod": 22.0, "target": 15, "value": 0.12626648840500376, "supply": [{"l": "Coconuts - Incl Copra", "v": 0.0017365977239522726}, {"l": "Groundnuts", "v": 0.11846558116883721}, {"l": "Oilcrops, Other", "v": 0.0060643095122142861}]}, {"source": 5, "prod": 856.0, "target": 15, "value": 1.6380475534833576, "supply": [{"l": "Cocoa Beans", "v": 0.0022342192939736848}, {"l": "Potatoes", "v": 0.0016018930786981134}, {"l": "Pimento", "v": 0.030321547561071433}, {"l": "Nuts", "v": 0.52468405899678006}, {"l": "Pepper", "v": 0.077698965625245531}, {"l": "Beans", "v": 0.0039844921704801448}, {"l": "Pulses, Other", "v": 0.078091130149337426}, {"l": "Lemons, Limes", "v": 0.0023244444400000001}, {"l": "Coffee", "v": 0.020181226737368854}, {"l": "Bananas", "v": 0.0065168699235735603}, {"l": "Spices, Other", "v": 0.073226537359987506}, {"l": "Tea", "v": 0.24174222176000001}, {"l": "Fruits, Other", "v": 0.0051254100614497415}, {"l": "Vegetables, Other", "v": 0.0021665156790047846}, {"l": "Treenuts", "v": 0.52468405899678006}, {"l": "Infant food", "v": 0.0011622222200000001}, {"l": "Onions", "v": 0.04230173942960664}]}, {"source": 7, "prod": 164.0, "target": 15, "value": 0.67094533853439264, "supply": [{"l": "Sugar", "v": 0.67094533853439264}]}, {"source": 8, "prod": 99.0, "target": 15, "value": 0.075398591171460846, "supply": [{"l": "Pelagic Fish", "v": 0.01005398682288158}, {"l": "Fish, Seafood", "v": 0.040975064271718153}, {"l": "Crustaceans", "v": 0.024369540076861113}]}, {"source": 10, "prod": 48.0, "target": 15, "value": 0.5090360493140561, "supply": [{"l": "Rape and Mustard Oil", "v": 0.010246591934431035}, {"l": "Oilcrops Oil, Other", "v": 0.49878945737962505}]}, {"source": 16, "prod": 251.0, "target": 11, "value": 1.8109100130461764, "supply": [{"l": "Groundnut Oil", "v": 1.2954276188063381}, {"l": "Sugar", "v": 0.51548239423983822}]}, {"source": 16, "prod": 1.0, "target": 5, "value": 0.0031079586250098213, "supply": [{"l": "Pepper", "v": 0.0031079586250098213}]}, {"source": 3, "prod": 1231.0, "target": 17, "value": 4.4633229012105655, "supply": [{"l": "Wheat", "v": 4.4633229012105655}]}, {"source": 10, "prod": 20.0, "target": 17, "value": 0.21188488321555604, "supply": [{"l": "Rape and Mustard Oil", "v": 0.010246591934431035}, {"l": "Oilcrops Oil, Other", "v": 0.20163829128112501}]}, {"source": 16, "prod": 62.0, "target": 4, "value": 0.21290021406237031, "supply": [{"l": "Coconuts - Incl Copra", "v": 0.064254115786234092}, {"l": "Oilcrops, Other", "v": 0.024257238048857144}, {"l": "Groundnuts", "v": 0.12438886022727907}]}, {"source": 1, "prod": 3052.0, "target": 8, "value": 2.3411903883354226, "supply": [{"l": "Pelagic Fish", "v": 0.28039452139369742}, {"l": "Crustaceans", "v": 0.080969762190861119}, {"l": "Freshwater Fish", "v": 0.44947235208176473}, {"l": "Demersal Fish", "v": 0.24891234043315913}, {"l": "Fish, Seafood", "v": 1.2505589615728381}, {"l": "Marine Fish, Other", "v": 0.029243448092233334}, {"l": "Cephalopods", "v": 0.0016390025708687261}]}, {"source": 1, "prod": 24070.0, "target": 2, "value": 21.093232797891268, "supply": [{"l": "Poultry Meat", "v": 0.21974203879552942}, {"l": "Pigmeat", "v": 0.681941385792871}, {"l": "Bovine Meat", "v": 1.8063277781554137}, {"l": "Eggs", "v": 0.5301093973603902}, {"l": "Milk - Excluding Butter", "v": 16.647449198946056}, {"l": "Offals, Edible", "v": 0.44899214657740388}, {"l": "Meat, Other", "v": 0.1025016217552317}, {"l": "Mutton & Goat Meat", "v": 0.67687662884276723}]}, {"source": 11, "prod": 1341.0, "target": 0, "value": 8.4034037132245079, "supply": [{"l": "Fats, Animals, Raw", "v": 1.9017674630304002}, {"l": "Alcohol, Non-Food", "v": 1.0066753790275715}, {"l": "Beverages, Fermented", "v": 0.0030321547561071431}, {"l": "Fish, Body Oil", "v": 0.018478307807805884}, {"l": "Beer", "v": 0.0075455556083053217}, {"l": "Beverages, Alcoholic", "v": 0.96119305768596441}, {"l": "Butter, Ghee", "v": 4.5047117953083538}]}, {"source": 11, "prod": 2325.0, "target": 10, "value": 23.898558672282245, "supply": [{"l": "Ricebran Oil", "v": 0.28866113278139999}, {"l": "Sesameseed Oil", "v": 1.3346332374481202}, {"l": "Soyabean Oil", "v": 0.4487589039038572}, {"l": "Coconut Oil", "v": 1.7950356156154286}, {"l": "Rape and Mustard Oil", "v": 4.8158982091825848}, {"l": "Palm Oil", "v": 0.02122508329275}, {"l": "Groundnut Oil", "v": 11.731392515910199}, {"l": "Cottonseed Oil", "v": 0.97961922889615405}, {"l": "Oilcrops Oil, Other", "v": 2.4833347452517502}]}, {"source": 11, "prod": 9030.0, "target": 7, "value": 36.869487097359944, "supply": [{"l": "Honey", "v": 0.12128619024428573}, {"l": "Sweeteners, Other", "v": 0.45987680467625003}, {"l": "Sugar non-centrifugal", "v": 25.794575362556987}, {"l": "Sugar", "v": 10.493748739882422}]}, {"source": 5, "prod": 64150.5, "target": 18, "value": 257.67091749993409, "supply": [{"l": "Tomatoes", "v": 0.58409600342354528}, {"l": "Vegetables, Other", "v": 75.488076522330005}, {"l": "Peas", "v": 3.3105899936700003}, {"l": "Sweet potatoes", "v": 2.9009066611200005}, {"l": "Potatoes", "v": 7.3795299858900014}, {"l": "Beans", "v": 6.5026333209000011}, {"l": "Pulses, Other", "v": 31.883823272370002}, {"l": "Cassava", "v": 8.0960399845200008}, {"l": "Onions", "v": 5.9273333220000008}]}, {"source": 6, "prod": 38200.200000000004, "target": 18, "value": 133.19136374533204, "supply": [{"l": "Sugar cane", "v": 133.19136374533204}]}, {"source": 3, "prod": 171247.0, "target": 18, "value": 637.83797019648273, "supply": [{"l": "Maize", "v": 40.194293256480002}, {"l": "Barley", "v": 24.431073286619998}, {"l": "Rice", "v": 280.12577279772006}, {"l": "Wheat", "v": 132.04703974752002}, {"l": "Sorghum", "v": 69.701953200060004}, {"l": "Millet", "v": 50.581073236620007}]}, {"source": 4, "prod": 12325.0, "target": 18, "value": 29.196696845283835, "supply": [{"l": "Coconuts - Incl Copra", "v": 14.59867330542}, {"l": "Sesame seed", "v": 1.47311666385}, {"l": "Soyabeans", "v": 0.030454192488354039}, {"l": "Groundnuts", "v": 11.336896644990002}, {"l": "Oilcrops, Other", "v": 2.7046571376857149}, {"l": "Cottonseed", "v": 7.5207399856200006}, {"l": "Rape and Mustardseed", "v": 1.1243963017515402}]}, {"source": 19, "prod": 0, "target": 5, "value": 3.1305450829892364e-06, "supply": "[{\"l\":'Energy for power irrigation',\"v\":3.1305450829892364e-06}]"}, {"source": 19, "prod": 0, "target": 6, "value": 4.6604254167623569e-06, "supply": "[{\"l\":'Energy for power irrigation',\"v\":4.6604254167623569e-06}]"}, {"source": 19, "prod": 0, "target": 3, "value": 4.1784277116051923e-06, "supply": "[{\"l\":'Energy for power irrigation',\"v\":4.1784277116051923e-06}]"}, {"source": 19, "prod": 0, "target": 4, "value": 6.0146013122021394e-07, "supply": "[{\"l\":'Energy for power irrigation',\"v\":6.0146013122021394e-07}]"}, {"source": 19, "prod": 0, "target": 11, "value": 4.0477195730692985, "supply": "[{\"l\":'Electricity',\"v\":4.0477195730692985}]"}, {"source": 20, "prod": 0, "target": 19, "value": 5.9908911764703072, "supply": [{"l": "Coal", "v": 5.2069302515496805}, {"l": "Natural gas", "v": 0.057460579143172721}, {"l": "Oil", "v": 0.7265003457774537}]}, {"source": 21, "prod": 0, "target": 19, "value": 1.7175919122429435, "supply": [{"l": "Nuclear", "v": 0.090274111880950358}, {"l": "Hydroelectric", "v": 1.6273178003619932}, {"l": "Renewable", "v": 0.0}]}, {"source": 20, "prod": 0, "target": 5, "value": 9.6084922521884319, "supply": [{"l": "Gas-Diesel oil", "v": 8.8453143101147109}, {"l": "Natural gas (including LNG)", "v": 0.23750267175747194}, {"l": "Fuel oil", "v": 0.5142232604202942}, {"l": "Liquefied petroleum gas (LPG)", "v": 0.011452009895956161}]}, {"source": 20, "prod": 0, "target": 6, "value": 14.304110090024572, "supply": [{"l": "Gas-Diesel oil", "v": 13.167971243764427}, {"l": "Natural gas (including LNG)", "v": 0.35356893405623419}, {"l": "Fuel oil", "v": 0.76552136743701604}, {"l": "Liquefied petroleum gas (LPG)", "v": 0.01704854476689599}]}, {"source": 20, "prod": 0, "target": 3, "value": 12.824728355277921, "supply": [{"l": "Gas-Diesel oil", "v": 11.806093013025727}, {"l": "Natural gas (including LNG)", "v": 0.31700158245416482}, {"l": "Fuel oil", "v": 0.68634843592173178}, {"l": "Liquefied petroleum gas (LPG)", "v": 0.015285323876297181}]}, {"source": 20, "prod": 0, "target": 4, "value": 1.8460443333757715, "supply": [{"l": "Gas-Diesel oil", "v": 1.6994177578064678}, {"l": "Natural gas (including LNG)", "v": 0.045630516198795677}, {"l": "Fuel oil", "v": 0.098795826761757521}, {"l": "Liquefied petroleum gas (LPG)", "v": 0.0022002326087506674}]}, {"source": 22, "prod": 438.47051469432193, "target": 5, "value": 6.0311344302524263, "supply": [{"l": "Potash", "v": 0.4358611114598}, {"l": "Phosphate", "v": 1.6080041679530699}, {"l": "Nitrogen", "v": 22.174452795517333}]}, {"source": 22, "prod": 652.74866740812763, "target": 6, "value": 8.9785169820394515, "supply": [{"l": "Potash", "v": 0.4358611114598}, {"l": "Phosphate", "v": 1.6080041679530699}, {"l": "Nitrogen", "v": 22.174452795517333}]}, {"source": 22, "prod": 585.23908800288814, "target": 3, "value": 8.0499269512898373, "supply": [{"l": "Potash", "v": 0.4358611114598}, {"l": "Phosphate", "v": 1.6080041679530699}, {"l": "Nitrogen", "v": 22.174452795517333}]}, {"source": 22, "prod": 84.241729894662058, "target": 4, "value": 1.1587397113484876, "supply": [{"l": "Potash", "v": 0.4358611114598}, {"l": "Phosphate", "v": 1.6080041679530699}, {"l": "Nitrogen", "v": 22.174452795517333}]}, {"source": 20, "prod": 0, "target": 22, "value": 28.916097686652368, "supply": [{"l": "Natural gas (including LNG)", "v": 19.615686182710174}, {"l": "Fuel oil", "v": 5.3806071746057862}, {"l": "Liquefied petroleum gas (LPG)", "v": 1.9599021646682036}, {"l": "Coal", "v": 1.9599021646682036}]}, {"source": 23, "prod": 0, "target": 3, "value": 24.522134587031186, "supply": "[{\"l\":'Labor',\"v\":24.522134587031186}]"}, {"source": 23, "prod": 0, "target": 4, "value": 3.5298172672824562, "supply": "[{\"l\":'Labor',\"v\":3.5298172672824562}]"}, {"source": 23, "prod": 0, "target": 5, "value": 18.372376681931293, "supply": "[{\"l\":'Labor',\"v\":18.372376681931293}]"}, {"source": 23, "prod": 0, "target": 6, "value": 27.350857114329266, "supply": "[{\"l\":'Labor',\"v\":27.350857114329266}]"}, {"source": 20, "prod": 0, "target": 14, "value": 9.5695712000862283, "supply": "[{\"l\":'Fossil Fuels',\"v\":9.5695712000862283}]"}, {"source": 21, "prod": 0, "target": 14, "value": 16.204069363511046, "supply": "[{\"l\":'Renewables & Nuclear',\"v\":0.45354076997047515},{\"l\":'Biomass & Waste',\"v\":15.750528593540571}]"}]}