{"nodes": [{"layer": 5, "name": "Maize"}, {"layer": 10, "name": "Feed", "fill": "#dbdb8d"}, {"layer": 5, "name": "Sugar cane"}, {"layer": 13, "name": "Pelagic Fish"}, {"layer": 5, "name": "Wheat"}, {"layer": 5, "name": "Cottonseed"}, {"layer": 5, "name": "Peas"}, {"layer": 5, "name": "Millet"}, {"layer": 13, "name": "Milk - Excluding Butter"}, {"layer": 5, "name": "Beans"}, {"layer": 5, "name": "Barley"}, {"layer": 13, "name": "Fish, Seafood"}, {"layer": 13, "name": "Sugar non-centrifugal"}, {"layer": 5, "name": "Oilcrops, Other"}, {"layer": 5, "name": "Rice"}, {"layer": 5, "name": "Sorghum"}, {"layer": 5, "name": "Pulses, Other"}, {"layer": 16, "name": "Food", "fill": "#b5cf6b"}, {"layer": 13, "name": "Ricebran Oil"}, {"layer": 5, "name": "Nuts"}, {"layer": 5, "name": "Dates"}, {"layer": 13, "name": "Sugar", "fill": "#d6616b"}, {"layer": 13, "name": "Oilcrops Oil, Other"}, {"layer": 13, "name": "Maize Germ Oil"}, {"layer": 13, "name": "Beer"}, {"layer": 5, "name": "Grapefruit"}, {"layer": 13, "name": "Beverages, Alcoholic"}, {"layer": 13, "name": "Sesameseed Oil"}, {"layer": 13, "name": "Honey"}, {"layer": 13, "name": "Butter, Ghee"}, {"layer": 5, "name": "Tomatoes"}, {"layer": 5, "name": "Cloves"}, {"layer": 13, "name": "Fats, Animals, Raw"}, {"layer": 5, "name": "Coffee"}, {"layer": 13, "name": "Soyabean Oil"}, {"layer": 5, "name": "Coconuts - Incl Copra"}, {"layer": 5, "name": "Treenuts"}, {"layer": 13, "name": "Crustaceans"}, {"layer": 13, "name": "Groundnut Oil"}, {"layer": 5, "name": "Vegetables, Other"}, {"layer": 5, "name": "Sesame seed"}, {"layer": 13, "name": "Coconut Oil"}, {"layer": 5, "name": "Sweet potatoes"}, {"layer": 13, "name": "Marine Fish, Other"}, {"layer": 5, "name": "Grapes"}, {"layer": 5, "name": "Groundnuts"}, {"layer": 13, "name": "Palm Oil"}, {"layer": 5, "name": "Rape and Mustardseed"}, {"layer": 13, "name": "Sunflowerseed Oil"}, {"layer": 13, "name": "Pigmeat"}, {"layer": 5, "name": "Cocoa Beans"}, {"layer": 5, "name": "Soyabeans"}, {"layer": 5, "name": "Potatoes"}, {"layer": 13, "name": "Freshwater Fish"}, {"layer": 5, "name": "Pimento"}, {"layer": 5, "name": "Pepper"}, {"layer": 13, "name": "Rape and Mustard Oil"}, {"layer": 13, "name": "Cottonseed Oil"}, {"layer": 5, "name": "Apples"}, {"layer": 13, "name": "Meat, Other"}, {"layer": 5, "name": "Lemons, Limes"}, {"layer": 13, "name": "Cephalopods"}, {"layer": 13, "name": "Mutton & Goat Meat"}, {"layer": 13, "name": "Sweeteners, Other"}, {"layer": 5, "name": "Pineapples"}, {"layer": 5, "name": "Bananas"}, {"layer": 13, "name": "Beverages, Fermented"}, {"layer": 5, "name": "Citrus, Other"}, {"layer": 5, "name": "Spices, Other"}, {"layer": 5, "name": "Tea"}, {"layer": 5, "name": "Fruits, Other"}, {"layer": 13, "name": "Aquatic Animals, Others"}, {"layer": 13, "name": "Poultry Meat"}, {"layer": 13, "name": "Offals, Edible"}, {"layer": 5, "name": "Infant food"}, {"layer": 13, "name": "Demersal Fish"}, {"layer": 5, "name": "Oranges, Mandarines"}, {"layer": 13, "name": "Bovine Meat"}, {"layer": 5, "name": "Cassava"}, {"layer": 5, "name": "Onions"}, {"layer": 13, "name": "Eggs"}, {"layer": 13, "name": "Aquatic Products, Other"}, {"layer": 5, "name": "Sunflower seed"}, {"layer": 10, "name": "Processing", "fill": "#9edae5"}, {"layer": 16, "name": "Biofuels & Other", "fill": "#e7ba52"}, {"layer": 13, "name": "Alcohol, Non-Food"}, {"layer": 13, "name": "Palmkernel Oil"}, {"name": "Waste", "fill": "#c7c7c7"}, {"layer": 2, "name": "Import", "fill": "#aec7e8"}, {"layer": 16, "name": "Export", "fill": "#aec7e8"}, {"layer": 13, "name": "Molluscs, Other"}, {"layer": 13, "name": "Fish, Body Oil"}, {"layer": 16, "name": "Stock Deposit", "fill": "#c7c7c7"}, {"layer": 0, "name": "Stock Draw", "fill": "#c7c7c7"}, {"name": "Crop Residue", "fill": "#bd9e39"}, {"layer": 5, "name": "Oil Palm"}, {"layer": 2, "name": "Electricity", "fill": "#bcbd22"}, {"layer": 0, "name": "Fossil Fuels", "fill": "#c49c94"}, {"layer": 0, "name": "Renewables & Nuclear", "fill": "#2ca02c"}, {"layer": 2, "name": "Fertilizers", "fill": "#c5b0d5"}, {"layer": 0, "name": "Labor", "fill": "#7f7f7f"}], "links": [{"source": 0, "prod": 160.0, "target": 1, "value": 0.55835354247594604, "supply": [{"l": "Maize", "v": 0.55835354247594604}]}, {"source": 2, "prod": 2611.0, "target": 1, "value": 0.82275895512532715, "supply": [{"l": "Sugar cane", "v": 0.82275895512532715}]}, {"source": 3, "prod": 195.0, "target": 1, "value": 0.13139337276464289, "supply": [{"l": "Pelagic Fish", "v": 0.13139337276464289}]}, {"source": 4, "prod": 546.0, "target": 1, "value": 1.9775632396478422, "supply": [{"l": "Wheat", "v": 1.9775632396478422}]}, {"source": 5, "prod": 490.0, "target": 1, "value": 2.7734108835860001, "supply": [{"l": "Cottonseed", "v": 2.7734108835860001}]}, {"source": 6, "prod": 18.0, "target": 1, "value": 0.076410299853900007, "supply": [{"l": "Peas", "v": 0.076410299853900007}]}, {"source": 7, "prod": 151.0, "target": 1, "value": 0.5435831155293539, "supply": [{"l": "Millet", "v": 0.5435831155293539}]}, {"source": 8, "prod": 4306.0, "target": 1, "value": 3.7000564440243759, "supply": [{"l": "Milk - Excluding Butter", "v": 3.7000564440243759}]}, {"source": 9, "prod": 163.0, "target": 1, "value": 0.63262876831419423, "supply": [{"l": "Beans", "v": 0.63262876831419423}]}, {"source": 10, "prod": 165.0, "target": 1, "value": 0.4742479548223828, "supply": [{"l": "Barley", "v": 0.4742479548223828}]}, {"source": 11, "prod": 195.0, "target": 1, "value": 0.15142285032022867, "supply": [{"l": "Fish, Seafood", "v": 0.15142285032022867}]}, {"source": 12, "prod": 504.0, "target": 1, "value": 2.0572003806819232, "supply": [{"l": "Sugar non-centrifugal", "v": 2.0572003806819232}]}, {"source": 13, "prod": 27.0, "target": 1, "value": 0.28653862445212502, "supply": [{"l": "Oilcrops, Other", "v": 0.28653862445212502}]}, {"source": 14, "prod": 233.0, "target": 1, "value": 0.98055601932706216, "supply": [{"l": "Rice", "v": 0.98055601932706216}]}, {"source": 15, "prod": 132.0, "target": 1, "value": 0.49751978535421215, "supply": [{"l": "Sorghum", "v": 0.49751978535421215}]}, {"source": 16, "prod": 879.0, "target": 1, "value": 3.5790688411158409, "supply": [{"l": "Pulses, Other", "v": 3.5790688411158409}]}, {"source": 0, "prod": 6788.0, "target": 17, "value": 23.688149039542008, "supply": [{"l": "Maize", "v": 23.688149039542008}]}, {"source": 18, "prod": 87.0, "target": 17, "value": 1.0072266798923184, "supply": [{"l": "Ricebran Oil", "v": 1.0072266798923184}]}, {"source": 19, "prod": 344.0, "target": 17, "value": 0.97352382036079999, "supply": [{"l": "Nuts", "v": 0.97352382036079999}]}, {"source": 20, "prod": 37.0, "target": 17, "value": 0.068289398420152192, "supply": [{"l": "Dates", "v": 0.068289398420152192}]}, {"source": 21, "prod": 8637.0, "target": 17, "value": 35.722435578286962, "supply": [{"l": "Sugar", "v": 35.722435578286962}]}, {"source": 22, "prod": 326.0, "target": 17, "value": 3.2183149550867438, "supply": [{"l": "Oilcrops Oil, Other", "v": 3.2183149550867438}]}, {"source": 23, "prod": 3.0, "target": 17, "value": 0.030321547561071433, "supply": [{"l": "Maize Germ Oil", "v": 0.030321547561071433}]}, {"source": 24, "prod": 164.0, "target": 17, "value": 0.08663299303163266, "supply": [{"l": "Beer", "v": 0.08663299303163266}]}, {"source": 25, "prod": 22.0, "target": 17, "value": 0.0095296292334795911, "supply": [{"l": "Grapefruit", "v": 0.0095296292334795911}]}, {"source": 26, "prod": 458.0, "target": 17, "value": 1.62018135801325, "supply": [{"l": "Beverages, Alcoholic", "v": 1.62018135801325}]}, {"source": 10, "prod": 1467.0, "target": 17, "value": 4.2164954528753675, "supply": [{"l": "Barley", "v": 4.2164954528753675}]}, {"source": 27, "prod": 160.0, "target": 17, "value": 1.6171492032571431, "supply": [{"l": "Sesameseed Oil", "v": 1.6171492032571431}]}, {"source": 28, "prod": 50.0, "target": 17, "value": 0.30321547561071432, "supply": [{"l": "Honey", "v": 0.30321547561071432}]}, {"source": 12, "prod": 9545.0, "target": 17, "value": 38.96027308255745, "supply": [{"l": "Sugar non-centrifugal", "v": 38.96027308255745}]}, {"source": 29, "prod": 702.0, "target": 17, "value": 6.8021777804721868, "supply": [{"l": "Butter, Ghee", "v": 6.8021777804721868}]}, {"source": 30, "prod": 1890.0, "target": 17, "value": 0.32482111273925102, "supply": [{"l": "Tomatoes", "v": 0.32482111273925102}]}, {"source": 31, "prod": 3.0, "target": 17, "value": 0.010498686033003388, "supply": [{"l": "Cloves", "v": 0.010498686033003388}]}, {"source": 32, "prod": 41.0, "target": 17, "value": 0.34809136600110002, "supply": [{"l": "Fats, Animals, Raw", "v": 0.34809136600110002}]}, {"source": 33, "prod": 39.0, "target": 17, "value": 0.030101027215172729, "supply": [{"l": "Coffee", "v": 0.030101027215172729}]}, {"source": 14, "prod": 52302.0, "target": 17, "value": 220.10747177186269, "supply": [{"l": "Rice", "v": 220.10747177186269}]}, {"source": 4, "prod": 37821.0, "target": 17, "value": 136.98428440791398, "supply": [{"l": "Wheat", "v": 136.98428440791398}]}, {"source": 34, "prod": 582.0, "target": 17, "value": 5.8514203309170796, "supply": [{"l": "Soyabean Oil", "v": 5.8514203309170796}]}, {"source": 35, "prod": 3167.0, "target": 17, "value": 5.520469852166026, "supply": [{"l": "Coconuts - Incl Copra", "v": 5.520469852166026}]}, {"source": 36, "prod": 344.0, "target": 17, "value": 0.97352382036079999, "supply": [{"l": "Treenuts", "v": 0.97352382036079999}]}, {"source": 37, "prod": 155.0, "target": 17, "value": 0.086575997641480273, "supply": [{"l": "Crustaceans", "v": 0.086575997641480273}]}, {"source": 38, "prod": 1280.0, "target": 17, "value": 13.340028397646947, "supply": [{"l": "Groundnut Oil", "v": 13.340028397646947}]}, {"source": 39, "prod": 34145.0, "target": 17, "value": 9.4141919829328167, "supply": [{"l": "Vegetables, Other", "v": 9.4141919829328167}]}, {"source": 6, "prod": 309.0, "target": 17, "value": 1.3117101474919499, "supply": [{"l": "Peas", "v": 1.3117101474919499}]}, {"source": 40, "prod": 102.0, "target": 17, "value": 0.66614107564938463, "supply": [{"l": "Sesame seed", "v": 0.66614107564938463}]}, {"source": 41, "prod": 204.0, "target": 17, "value": 1.9244075518760004, "supply": [{"l": "Coconut Oil", "v": 1.9244075518760004}]}, {"source": 42, "prod": 1506.0, "target": 17, "value": 1.6225875857300256, "supply": [{"l": "Sweet potatoes", "v": 1.6225875857300256}]}, {"source": 43, "prod": 185.0, "target": 17, "value": 0.17072349605038045, "supply": [{"l": "Marine Fish, Other", "v": 0.17072349605038045}]}, {"source": 44, "prod": 275.0, "target": 17, "value": 0.21419808827545869, "supply": [{"l": "Grapes", "v": 0.21419808827545869}]}, {"source": 45, "prod": 343.0, "target": 17, "value": 1.9413876185102001, "supply": [{"l": "Groundnuts", "v": 1.9413876185102001}]}, {"source": 46, "prod": 142.0, "target": 17, "value": 1.2690365589770527, "supply": [{"l": "Palm Oil", "v": 1.2690365589770527}]}, {"source": 47, "prod": 172.0, "target": 17, "value": 0.19990222184000001, "supply": [{"l": "Rape and Mustardseed", "v": 0.19990222184000001}]}, {"source": 13, "prod": 28.0, "target": 17, "value": 0.29715116609850001, "supply": [{"l": "Oilcrops, Other", "v": 0.29715116609850001}]}, {"source": 2, "prod": 7210.0, "target": 17, "value": 2.271961725949295, "supply": [{"l": "Sugar cane", "v": 2.271961725949295}]}, {"source": 48, "prod": 181.0, "target": 17, "value": 1.920870037993875, "supply": [{"l": "Sunflowerseed Oil", "v": 1.920870037993875}]}, {"source": 49, "prod": 304.0, "target": 17, "value": 1.2904850641992001, "supply": [{"l": "Pigmeat", "v": 1.2904850641992001}]}, {"source": 50, "prod": 5.0, "target": 17, "value": 0.0038591060532272726, "supply": [{"l": "Cocoa Beans", "v": 0.0038591060532272726}]}, {"source": 51, "prod": 99.0, "target": 17, "value": 0.32327434553573076, "supply": [{"l": "Soyabeans", "v": 0.32327434553573076}]}, {"source": 52, "prod": 8724.0, "target": 17, "value": 6.8159862569061724, "supply": [{"l": "Potatoes", "v": 6.8159862569061724}]}, {"source": 53, "prod": 1109.0, "target": 17, "value": 0.97401175331005874, "supply": [{"l": "Freshwater Fish", "v": 0.97401175331005874}]}, {"source": 54, "prod": 586.0, "target": 17, "value": 1.9383738404495845, "supply": [{"l": "Pimento", "v": 1.9383738404495845}]}, {"source": 55, "prod": 1.0, "target": 17, "value": 0.00349956201100113, "supply": [{"l": "Pepper", "v": 0.00349956201100113}]}, {"source": 56, "prod": 1015.0, "target": 17, "value": 10.366777524037895, "supply": [{"l": "Rape and Mustard Oil", "v": 10.366777524037895}]}, {"source": 8, "prod": 36644.0, "target": 17, "value": 31.487428781892532, "supply": [{"l": "Milk - Excluding Butter", "v": 31.487428781892532}]}, {"source": 57, "prod": 193.0, "target": 17, "value": 1.9662917162403601, "supply": [{"l": "Cottonseed Oil", "v": 1.9662917162403601}]}, {"source": 3, "prod": 485.0, "target": 17, "value": 0.32679890149154767, "supply": [{"l": "Pelagic Fish", "v": 0.32679890149154767}]}, {"source": 9, "prod": 2676.0, "target": 17, "value": 10.385979042998674, "supply": [{"l": "Beans", "v": 10.385979042998674}]}, {"source": 58, "prod": 873.0, "target": 17, "value": 0.32507890727317112, "supply": [{"l": "Apples", "v": 0.32507890727317112}]}, {"source": 11, "prod": 2508.0, "target": 17, "value": 1.9475308133494027, "supply": [{"l": "Fish, Seafood", "v": 1.9475308133494027}]}, {"source": 59, "prod": 110.0, "target": 17, "value": 0.12620319795689189, "supply": [{"l": "Meat, Other", "v": 0.12620319795689189}]}, {"source": 60, "prod": 480.0, "target": 17, "value": 0.18356828793729729, "supply": [{"l": "Lemons, Limes", "v": 0.18356828793729729}]}, {"source": 15, "prod": 10162.0, "target": 17, "value": 38.301485293708367, "supply": [{"l": "Sorghum", "v": 38.301485293708367}]}, {"source": 61, "prod": 13.0, "target": 17, "value": 0.010094856688015246, "supply": [{"l": "Cephalopods", "v": 0.010094856688015246}]}, {"source": 62, "prod": 512.0, "target": 17, "value": 0.97318590858698517, "supply": [{"l": "Mutton & Goat Meat", "v": 0.97318590858698517}]}, {"source": 63, "prod": 176.0, "target": 17, "value": 0.64967211469982611, "supply": [{"l": "Sweeteners, Other", "v": 0.64967211469982611}]}, {"source": 64, "prod": 751.0, "target": 17, "value": 0.32530688883378062, "supply": [{"l": "Pineapples", "v": 0.32530688883378062}]}, {"source": 65, "prod": 4198.0, "target": 17, "value": 2.9214065463267054, "supply": [{"l": "Bananas", "v": 2.9214065463267054}]}, {"source": 66, "prod": 6.0, "target": 17, "value": 0.02122508329275, "supply": [{"l": "Beverages, Fermented", "v": 0.02122508329275}]}, {"source": 67, "prod": 26.0, "target": 17, "value": 0.011262289094112244, "supply": [{"l": "Citrus, Other", "v": 0.011262289094112244}]}, {"source": 68, "prod": 531.0, "target": 17, "value": 1.9600903006000436, "supply": [{"l": "Spices, Other", "v": 1.9600903006000436}]}, {"source": 69, "prod": 424.0, "target": 17, "value": 0.32725219331367272, "supply": [{"l": "Tea", "v": 0.32725219331367272}]}, {"source": 70, "prod": 13706.0, "target": 17, "value": 6.4935489198757033, "supply": [{"l": "Fruits, Other", "v": 6.4935489198757033}]}, {"source": 71, "prod": 3.0, "target": 17, "value": 0.0021755094083451658, "supply": [{"l": "Aquatic Animals, Others", "v": 0.0021755094083451658}]}, {"source": 7, "prod": 9107.0, "target": 17, "value": 32.784181676329972, "supply": [{"l": "Millet", "v": 32.784181676329972}]}, {"source": 72, "prod": 176.0, "target": 17, "value": 0.32483605734991305, "supply": [{"l": "Poultry Meat", "v": 0.32483605734991305}]}, {"source": 73, "prod": 402.0, "target": 17, "value": 0.64396101763664149, "supply": [{"l": "Offals, Edible", "v": 0.64396101763664149}]}, {"source": 74, "prod": 38.0, "target": 17, "value": 0.044164444359999999, "supply": [{"l": "Infant food", "v": 0.044164444359999999}]}, {"source": 75, "prod": 561.0, "target": 17, "value": 0.32622662266391095, "supply": [{"l": "Demersal Fish", "v": 0.32622662266391095}]}, {"source": 76, "prod": 1201.0, "target": 17, "value": 0.32473025521774213, "supply": [{"l": "Oranges, Mandarines", "v": 0.32473025521774213}]}, {"source": 77, "prod": 1876.0, "target": 17, "value": 2.6003759188374862, "supply": [{"l": "Bovine Meat", "v": 2.6003759188374862}]}, {"source": 16, "prod": 7497.0, "target": 17, "value": 30.52591479163306, "supply": [{"l": "Pulses, Other", "v": 30.52591479163306}]}, {"source": 78, "prod": 5592.0, "target": 17, "value": 5.5204960824678144, "supply": [{"l": "Cassava", "v": 5.5204960824678144}]}, {"source": 79, "prod": 2692.0, "target": 17, "value": 1.2985891869109774, "supply": [{"l": "Onions", "v": 1.2985891869109774}]}, {"source": 80, "prod": 693.0, "target": 17, "value": 0.96982303660719227, "supply": [{"l": "Eggs", "v": 0.96982303660719227}]}, {"source": 81, "prod": 3.0, "target": 17, "value": 0.0021755094083451658, "supply": [{"l": "Aquatic Products, Other", "v": 0.0021755094083451658}]}, {"source": 82, "prod": 431.0, "target": 83, "value": 2.4394695731134002, "supply": [{"l": "Sunflower seed", "v": 2.4394695731134002}]}, {"source": 2, "prod": 152940.0, "target": 83, "value": 48.193318497459806, "supply": [{"l": "Sugar cane", "v": 48.193318497459806}]}, {"source": 14, "prod": 205.0, "target": 83, "value": 0.86272096121050534, "supply": [{"l": "Rice", "v": 0.86272096121050534}]}, {"source": 35, "prod": 1800.0, "target": 83, "value": 3.1376210084934781, "supply": [{"l": "Coconuts - Incl Copra", "v": 3.1376210084934781}]}, {"source": 5, "prod": 2150.0, "target": 83, "value": 12.16904775451, "supply": [{"l": "Cottonseed", "v": 12.16904775451}]}, {"source": 70, "prod": 47.0, "target": 83, "value": 0.022267386490161835, "supply": [{"l": "Fruits, Other", "v": 0.022267386490161835}]}, {"source": 40, "prod": 397.0, "target": 83, "value": 2.5927255591451539, "supply": [{"l": "Sesame seed", "v": 2.5927255591451539}]}, {"source": 21, "prod": 1.0, "target": 83, "value": 0.0041359772581089464, "supply": [{"l": "Sugar", "v": 0.0041359772581089464}]}, {"source": 51, "prod": 472.0, "target": 83, "value": 1.5412675867966155, "supply": [{"l": "Soyabeans", "v": 1.5412675867966155}]}, {"source": 47, "prod": 2330.0, "target": 83, "value": 2.7079777726000005, "supply": [{"l": "Rape and Mustardseed", "v": 2.7079777726000005}]}, {"source": 58, "prod": 6.0, "target": 83, "value": 0.0022342192939736848, "supply": [{"l": "Apples", "v": 0.0022342192939736848}]}, {"source": 44, "prod": 3.0, "target": 83, "value": 0.0023367064175504586, "supply": [{"l": "Grapes", "v": 0.0023367064175504586}]}, {"source": 45, "prod": 3578.0, "target": 83, "value": 20.2515594723892, "supply": [{"l": "Groundnuts", "v": 20.2515594723892}]}, {"source": 13, "prod": 1368.0, "target": 83, "value": 14.517956972241002, "supply": [{"l": "Oilcrops, Other", "v": 14.517956972241002}]}, {"source": 60, "prod": 11.0, "target": 83, "value": 0.0042067732652297293, "supply": [{"l": "Lemons, Limes", "v": 0.0042067732652297293}]}, {"source": 59, "prod": 1.0, "target": 83, "value": 0.0011473017996081081, "supply": [{"l": "Meat, Other", "v": 0.0011473017996081081}]}, {"source": 10, "prod": 44.0, "target": 83, "value": 0.12646612128596876, "supply": [{"l": "Barley", "v": 0.12646612128596876}]}, {"source": 0, "prod": 68.0, "target": 84, "value": 0.23730025555227702, "supply": [{"l": "Maize", "v": 0.23730025555227702}]}, {"source": 63, "prod": 4.0, "target": 84, "value": 0.014765275334086957, "supply": [{"l": "Sweeteners, Other", "v": 0.014765275334086957}]}, {"source": 85, "prod": 685.0, "target": 84, "value": 2.4231970092556252, "supply": [{"l": "Alcohol, Non-Food", "v": 2.4231970092556252}]}, {"source": 32, "prod": 137.0, "target": 84, "value": 1.1631345644427, "supply": [{"l": "Fats, Animals, Raw", "v": 1.1631345644427}]}, {"source": 41, "prod": 31.0, "target": 84, "value": 0.29243448092233337, "supply": [{"l": "Coconut Oil", "v": 0.29243448092233337}]}, {"source": 18, "prod": 117.0, "target": 84, "value": 1.3545462246827731, "supply": [{"l": "Ricebran Oil", "v": 1.3545462246827731}]}, {"source": 48, "prod": 10.0, "target": 84, "value": 0.10612541646375, "supply": [{"l": "Sunflowerseed Oil", "v": 0.10612541646375}]}, {"source": 57, "prod": 109.0, "target": 84, "value": 1.1104963578766802, "supply": [{"l": "Cottonseed Oil", "v": 1.1104963578766802}]}, {"source": 75, "prod": 34.0, "target": 84, "value": 0.019771310464479452, "supply": [{"l": "Demersal Fish", "v": 0.019771310464479452}]}, {"source": 11, "prod": 34.0, "target": 84, "value": 0.026401932876347563, "supply": [{"l": "Fish, Seafood", "v": 0.026401932876347563}]}, {"source": 86, "prod": 9.0, "target": 84, "value": 0.091328501253947147, "supply": [{"l": "Palmkernel Oil", "v": 0.091328501253947147}]}, {"source": 46, "prod": 440.0, "target": 84, "value": 3.9322259573936851, "supply": [{"l": "Palm Oil", "v": 3.9322259573936851}]}, {"source": 26, "prod": 196.0, "target": 84, "value": 0.69335272089650002, "supply": [{"l": "Beverages, Alcoholic", "v": 0.69335272089650002}]}, {"source": 22, "prod": 126.0, "target": 84, "value": 1.2438886022727906, "supply": [{"l": "Oilcrops Oil, Other", "v": 1.2438886022727906}]}, {"source": 13, "prod": 2.0, "target": 84, "value": 0.02122508329275, "supply": [{"l": "Oilcrops, Other", "v": 0.02122508329275}]}, {"source": 82, "prod": 9.0, "target": 82, "value": 0.050940199902600007, "supply": [{"l": "Sunflower seed", "v": 0.050940199902600007}]}, {"source": 0, "prod": 582.0, "target": 0, "value": 2.0310110107562536, "supply": [{"l": "Maize", "v": 2.0310110107562536}]}, {"source": 2, "prod": 8704.0, "target": 2, "value": 2.7427399254733236, "supply": [{"l": "Sugar cane", "v": 2.7427399254733236}]}, {"source": 4, "prod": 3593.0, "target": 4, "value": 13.013525128305307, "supply": [{"l": "Wheat", "v": 13.013525128305307}]}, {"source": 51, "prod": 80.0, "target": 51, "value": 0.2612317943723077, "supply": [{"l": "Soyabeans", "v": 0.2612317943723077}]}, {"source": 52, "prod": 1358.0, "target": 52, "value": 1.0609937341676503, "supply": [{"l": "Potatoes", "v": 1.0609937341676503}]}, {"source": 80, "prod": 14.0, "target": 80, "value": 0.019592384577923075, "supply": [{"l": "Eggs", "v": 0.019592384577923075}]}, {"source": 6, "prod": 22.0, "target": 6, "value": 0.093390366488100007, "supply": [{"l": "Peas", "v": 0.093390366488100007}]}, {"source": 40, "prod": 9.0, "target": 40, "value": 0.058777153733769232, "supply": [{"l": "Sesame seed", "v": 0.058777153733769232}]}, {"source": 7, "prod": 225.0, "target": 7, "value": 0.8099748410205605, "supply": [{"l": "Millet", "v": 0.8099748410205605}]}, {"source": 5, "prod": 151.0, "target": 5, "value": 0.85466335392140014, "supply": [{"l": "Cottonseed", "v": 0.85466335392140014}]}, {"source": 9, "prod": 284.0, "target": 9, "value": 1.1022488969400686, "supply": [{"l": "Beans", "v": 1.1022488969400686}]}, {"source": 10, "prod": 119.0, "target": 10, "value": 0.34203337347796092, "supply": [{"l": "Barley", "v": 0.34203337347796092}]}, {"source": 45, "prod": 349.0, "target": 45, "value": 1.9753477517786002, "supply": [{"l": "Groundnuts", "v": 1.9753477517786002}]}, {"source": 47, "prod": 28.0, "target": 47, "value": 0.032542222160000002, "supply": [{"l": "Rape and Mustardseed", "v": 0.032542222160000002}]}, {"source": 13, "prod": 34.0, "target": 13, "value": 0.36082641597675003, "supply": [{"l": "Oilcrops, Other", "v": 0.36082641597675003}]}, {"source": 14, "prod": 3592.0, "target": 14, "value": 15.116554598381146, "supply": [{"l": "Rice", "v": 15.116554598381146}]}, {"source": 15, "prod": 374.0, "target": 15, "value": 1.4096393918369348, "supply": [{"l": "Sorghum", "v": 1.4096393918369348}]}, {"source": 16, "prod": 475.0, "target": 16, "value": 1.9340815694311992, "supply": [{"l": "Pulses, Other", "v": 1.9340815694311992}]}, {"source": 0, "prod": 844.0, "target": 87, "value": 2.945314936560615, "supply": [{"l": "Maize", "v": 2.945314936560615}]}, {"source": 70, "prod": 1745.0, "target": 87, "value": 0.82673594521983829, "supply": [{"l": "Fruits, Other", "v": 0.82673594521983829}]}, {"source": 67, "prod": 3.0, "target": 87, "value": 0.0012994948954744897, "supply": [{"l": "Citrus, Other", "v": 0.0012994948954744897}]}, {"source": 25, "prod": 3.0, "target": 87, "value": 0.0012994948954744897, "supply": [{"l": "Grapefruit", "v": 0.0012994948954744897}]}, {"source": 10, "prod": 37.0, "target": 87, "value": 0.10634651108138282, "supply": [{"l": "Barley", "v": 0.10634651108138282}]}, {"source": 14, "prod": 1341.0, "target": 87, "value": 5.6434576047965255, "supply": [{"l": "Rice", "v": 5.6434576047965255}]}, {"source": 19, "prod": 6.0, "target": 87, "value": 0.0169800666342, "supply": [{"l": "Nuts", "v": 0.0169800666342}]}, {"source": 55, "prod": 2.0, "target": 87, "value": 0.0069991240220022601, "supply": [{"l": "Pepper", "v": 0.0069991240220022601}]}, {"source": 4, "prod": 1364.0, "target": 87, "value": 4.9402861884242792, "supply": [{"l": "Wheat", "v": 4.9402861884242792}]}, {"source": 35, "prod": 154.0, "target": 87, "value": 0.26844090850444202, "supply": [{"l": "Coconuts - Incl Copra", "v": 0.26844090850444202}]}, {"source": 36, "prod": 6.0, "target": 87, "value": 0.0169800666342, "supply": [{"l": "Treenuts", "v": 0.0169800666342}]}, {"source": 80, "prod": 79.0, "target": 87, "value": 0.11055702726113736, "supply": [{"l": "Eggs", "v": 0.11055702726113736}]}, {"source": 39, "prod": 2599.0, "target": 87, "value": 0.71657592513230028, "supply": [{"l": "Vegetables, Other", "v": 0.71657592513230028}]}, {"source": 6, "prod": 15.0, "target": 87, "value": 0.063675249878250004, "supply": [{"l": "Peas", "v": 0.063675249878250004}]}, {"source": 40, "prod": 8.0, "target": 87, "value": 0.052246358874461538, "supply": [{"l": "Sesame seed", "v": 0.052246358874461538}]}, {"source": 5, "prod": 147.0, "target": 87, "value": 0.83202326507580016, "supply": [{"l": "Cottonseed", "v": 0.83202326507580016}]}, {"source": 30, "prod": 210.0, "target": 87, "value": 0.03609123474880567, "supply": [{"l": "Tomatoes", "v": 0.03609123474880567}]}, {"source": 44, "prod": 27.0, "target": 87, "value": 0.021030357757954126, "supply": [{"l": "Grapes", "v": 0.021030357757954126}]}, {"source": 54, "prod": 32.0, "target": 87, "value": 0.10584976603137664, "supply": [{"l": "Pimento", "v": 0.10584976603137664}]}, {"source": 13, "prod": 28.0, "target": 87, "value": 0.29715116609850001, "supply": [{"l": "Oilcrops, Other", "v": 0.29715116609850001}]}, {"source": 51, "prod": 43.0, "target": 87, "value": 0.14041208947511541, "supply": [{"l": "Soyabeans", "v": 0.14041208947511541}]}, {"source": 52, "prod": 2066.0, "target": 87, "value": 1.6141480521283988, "supply": [{"l": "Potatoes", "v": 1.6141480521283988}]}, {"source": 45, "prod": 135.0, "target": 87, "value": 0.76410299853899999, "supply": [{"l": "Groundnuts", "v": 0.76410299853899999}]}, {"source": 33, "prod": 2.0, "target": 87, "value": 0.0015436424212909091, "supply": [{"l": "Coffee", "v": 0.0015436424212909091}]}, {"source": 8, "prod": 1113.0, "target": 87, "value": 0.95637780357620328, "supply": [{"l": "Milk - Excluding Butter", "v": 0.95637780357620328}]}, {"source": 9, "prod": 130.0, "target": 87, "value": 0.50455055141622862, "supply": [{"l": "Beans", "v": 0.50455055141622862}]}, {"source": 16, "prod": 270.0, "target": 87, "value": 1.0993726815714184, "supply": [{"l": "Pulses, Other", "v": 1.0993726815714184}]}, {"source": 60, "prod": 55.0, "target": 87, "value": 0.021033866326148648, "supply": [{"l": "Lemons, Limes", "v": 0.021033866326148648}]}, {"source": 15, "prod": 736.0, "target": 87, "value": 2.7740497122780319, "supply": [{"l": "Sorghum", "v": 2.7740497122780319}]}, {"source": 2, "prod": 2611.0, "target": 87, "value": 0.82275895512532715, "supply": [{"l": "Sugar cane", "v": 0.82275895512532715}]}, {"source": 65, "prod": 1050.0, "target": 87, "value": 0.7306995887668033, "supply": [{"l": "Bananas", "v": 0.7306995887668033}]}, {"source": 68, "prod": 9.0, "target": 87, "value": 0.033221869501695658, "supply": [{"l": "Spices, Other", "v": 0.033221869501695658}]}, {"source": 69, "prod": 6.0, "target": 87, "value": 0.0046309272638727274, "supply": [{"l": "Tea", "v": 0.0046309272638727274}]}, {"source": 7, "prod": 287.0, "target": 87, "value": 1.033167908324004, "supply": [{"l": "Millet", "v": 1.033167908324004}]}, {"source": 42, "prod": 79.0, "target": 87, "value": 0.085115816250114218, "supply": [{"l": "Sweet potatoes", "v": 0.085115816250114218}]}, {"source": 47, "prod": 78.0, "target": 87, "value": 0.090653333160000002, "supply": [{"l": "Rape and Mustardseed", "v": 0.090653333160000002}]}, {"source": 76, "prod": 135.0, "target": 87, "value": 0.036501735598996825, "supply": [{"l": "Oranges, Mandarines", "v": 0.036501735598996825}]}, {"source": 78, "prod": 294.0, "target": 87, "value": 0.29024067386365116, "supply": [{"l": "Cassava", "v": 0.29024067386365116}]}, {"source": 79, "prod": 155.0, "target": 87, "value": 0.074770179781278423, "supply": [{"l": "Onions", "v": 0.074770179781278423}]}, {"source": 58, "prod": 99.0, "target": 87, "value": 0.036864618350565787, "supply": [{"l": "Apples", "v": 0.036864618350565787}]}, {"source": 88, "prod": 42.0, "target": 74, "value": 0.048813333239999999, "supply": [{"l": "Infant food", "v": 0.048813333239999999}]}, {"source": 88, "prod": 500.0, "target": 14, "value": 2.1041974663670859, "supply": [{"l": "Rice", "v": 2.1041974663670859}]}, {"source": 88, "prod": 1346.0, "target": 4, "value": 4.8750917959084168, "supply": [{"l": "Wheat", "v": 4.8750917959084168}]}, {"source": 88, "prod": 593.0, "target": 1, "value": 0.50955259435821065, "supply": [{"l": "Milk - Excluding Butter", "v": 0.50955259435821065}]}, {"source": 88, "prod": 140.0, "target": 9, "value": 0.5433621322944, "supply": [{"l": "Beans", "v": 0.5433621322944}]}, {"source": 88, "prod": 37.0, "target": 20, "value": 0.068289398420152192, "supply": [{"l": "Dates", "v": 0.068289398420152192}]}, {"source": 88, "prod": 1814.0, "target": 83, "value": 15.51210871700339, "supply": [{"l": "Coconut Oil", "v": 0.15093392563733335}, {"l": "Ricebran Oil", "v": 0.023154636319363639}, {"l": "Rape and Mustard Oil", "v": 2.2061319657065868}, {"l": "Oilcrops Oil, Other", "v": 0.31590821645023254}, {"l": "Sugar", "v": 1.4475920403381308}, {"l": "Butter, Ghee", "v": 0.12596625519392937}, {"l": "Fats, Animals, Raw", "v": 0.0084900333171}, {"l": "Sweeteners, Other", "v": 0.022147913001130438}, {"l": "Soyabean Oil", "v": 5.5397467394077511}, {"l": "Palm Oil", "v": 5.210199393546632}, {"l": "Palmkernel Oil", "v": 0.11162372375482431}, {"l": "Sunflowerseed Oil", "v": 0.35021387433037504}]}, {"source": 88, "prod": 2.0, "target": 15, "value": 0.007538178565972913, "supply": [{"l": "Sorghum", "v": 0.007538178565972913}]}, {"source": 88, "prod": 42.0, "target": 36, "value": 0.1188604664394, "supply": [{"l": "Treenuts", "v": 0.1188604664394}]}, {"source": 88, "prod": 4.0, "target": 13, "value": 0.0424501665855, "supply": [{"l": "Oilcrops, Other", "v": 0.0424501665855}]}, {"source": 88, "prod": 8.0, "target": 68, "value": 0.029530550668173915, "supply": [{"l": "Spices, Other", "v": 0.029530550668173915}]}, {"source": 88, "prod": 3.0, "target": 0, "value": 0.010469128921423987, "supply": [{"l": "Maize", "v": 0.010469128921423987}]}, {"source": 88, "prod": 6.0, "target": 70, "value": 0.002842645083850447, "supply": [{"l": "Fruits, Other", "v": 0.002842645083850447}]}, {"source": 88, "prod": 1.0, "target": 55, "value": 0.00349956201100113, "supply": [{"l": "Pepper", "v": 0.00349956201100113}]}, {"source": 88, "prod": 42.0, "target": 19, "value": 0.1188604664394, "supply": [{"l": "Nuts", "v": 0.1188604664394}]}, {"source": 88, "prod": 36.0, "target": 44, "value": 0.028040477010605504, "supply": [{"l": "Grapes", "v": 0.028040477010605504}]}, {"source": 88, "prod": 1.0, "target": 35, "value": 0.0017431227824963769, "supply": [{"l": "Coconuts - Incl Copra", "v": 0.0017431227824963769}]}, {"source": 88, "prod": 3.0, "target": 31, "value": 0.010498686033003388, "supply": [{"l": "Cloves", "v": 0.010498686033003388}]}, {"source": 88, "prod": 96.0, "target": 16, "value": 0.39088806455872654, "supply": [{"l": "Pulses, Other", "v": 0.39088806455872654}]}, {"source": 0, "prod": 2.0, "target": 89, "value": 0.0069794192809493252, "supply": [{"l": "Maize", "v": 0.0069794192809493252}]}, {"source": 19, "prod": 107.0, "target": 89, "value": 0.30281118830990006, "supply": [{"l": "Nuts", "v": 0.30281118830990006}]}, {"source": 21, "prod": 166.0, "target": 89, "value": 0.68657222484608493, "supply": [{"l": "Sugar", "v": 0.68657222484608493}]}, {"source": 67, "prod": 1.0, "target": 89, "value": 0.00043316496515816323, "supply": [{"l": "Citrus, Other", "v": 0.00043316496515816323}]}, {"source": 74, "prod": 4.0, "target": 89, "value": 0.0046488888800000003, "supply": [{"l": "Infant food", "v": 0.0046488888800000003}]}, {"source": 26, "prod": 1.0, "target": 89, "value": 0.0035375138821250002, "supply": [{"l": "Beverages, Alcoholic", "v": 0.0035375138821250002}]}, {"source": 10, "prod": 2.0, "target": 89, "value": 0.0057484600584531255, "supply": [{"l": "Barley", "v": 0.0057484600584531255}]}, {"source": 12, "prod": 22.0, "target": 89, "value": 0.089798429315480752, "supply": [{"l": "Sugar non-centrifugal", "v": 0.089798429315480752}]}, {"source": 22, "prod": 98.0, "target": 89, "value": 0.96746891287883718, "supply": [{"l": "Oilcrops Oil, Other", "v": 0.96746891287883718}]}, {"source": 32, "prod": 16.0, "target": 89, "value": 0.1358405330736, "supply": [{"l": "Fats, Animals, Raw", "v": 0.1358405330736}]}, {"source": 55, "prod": 28.0, "target": 89, "value": 0.097987736308031634, "supply": [{"l": "Pepper", "v": 0.097987736308031634}]}, {"source": 14, "prod": 199.0, "target": 89, "value": 0.8374705916141002, "supply": [{"l": "Rice", "v": 0.8374705916141002}]}, {"source": 4, "prod": 10.0, "target": 89, "value": 0.036219106953257182, "supply": [{"l": "Wheat", "v": 0.036219106953257182}]}, {"source": 34, "prod": 4.0, "target": 89, "value": 0.040215947291526319, "supply": [{"l": "Soyabean Oil", "v": 0.040215947291526319}]}, {"source": 36, "prod": 107.0, "target": 89, "value": 0.30281118830990006, "supply": [{"l": "Treenuts", "v": 0.30281118830990006}]}, {"source": 37, "prod": 80.0, "target": 89, "value": 0.044684385879473688, "supply": [{"l": "Crustaceans", "v": 0.044684385879473688}]}, {"source": 80, "prod": 1.0, "target": 89, "value": 0.0013994560412802198, "supply": [{"l": "Eggs", "v": 0.0013994560412802198}]}, {"source": 39, "prod": 51.0, "target": 89, "value": 0.014061320577817359, "supply": [{"l": "Vegetables, Other", "v": 0.014061320577817359}]}, {"source": 40, "prod": 5.0, "target": 89, "value": 0.032653974296538463, "supply": [{"l": "Sesame seed", "v": 0.032653974296538463}]}, {"source": 43, "prod": 15.0, "target": 89, "value": 0.013842445625706523, "supply": [{"l": "Marine Fish, Other", "v": 0.013842445625706523}]}, {"source": 44, "prod": 2.0, "target": 89, "value": 0.0015578042783669724, "supply": [{"l": "Grapes", "v": 0.0015578042783669724}]}, {"source": 54, "prod": 13.0, "target": 89, "value": 0.043001467450246765, "supply": [{"l": "Pimento", "v": 0.043001467450246765}]}, {"source": 46, "prod": 1.0, "target": 89, "value": 0.0089368771758947391, "supply": [{"l": "Palm Oil", "v": 0.0089368771758947391}]}, {"source": 13, "prod": 7.0, "target": 89, "value": 0.074287791524625002, "supply": [{"l": "Oilcrops, Other", "v": 0.074287791524625002}]}, {"source": 50, "prod": 1.0, "target": 89, "value": 0.00077182121064545454, "supply": [{"l": "Cocoa Beans", "v": 0.00077182121064545454}]}, {"source": 51, "prod": 10.0, "target": 89, "value": 0.032653974296538463, "supply": [{"l": "Soyabeans", "v": 0.032653974296538463}]}, {"source": 52, "prod": 4.0, "target": 89, "value": 0.0031251656381963196, "supply": [{"l": "Potatoes", "v": 0.0031251656381963196}]}, {"source": 41, "prod": 1.0, "target": 89, "value": 0.0094333703523333343, "supply": [{"l": "Coconut Oil", "v": 0.0094333703523333343}]}, {"source": 45, "prod": 34.0, "target": 89, "value": 0.19244075518760004, "supply": [{"l": "Groundnuts", "v": 0.19244075518760004}]}, {"source": 33, "prod": 65.0, "target": 89, "value": 0.050168378691954549, "supply": [{"l": "Coffee", "v": 0.050168378691954549}]}, {"source": 8, "prod": 1.0, "target": 89, "value": 0.00085927924849613947, "supply": [{"l": "Milk - Excluding Butter", "v": 0.00085927924849613947}]}, {"source": 64, "prod": 5.0, "target": 89, "value": 0.0021658248257908162, "supply": [{"l": "Pineapples", "v": 0.0021658248257908162}]}, {"source": 9, "prod": 3.0, "target": 89, "value": 0.01164347426345143, "supply": [{"l": "Beans", "v": 0.01164347426345143}]}, {"source": 58, "prod": 8.0, "target": 89, "value": 0.0029789590586315794, "supply": [{"l": "Apples", "v": 0.0029789590586315794}]}, {"source": 11, "prod": 134.0, "target": 89, "value": 0.10405467663031097, "supply": [{"l": "Fish, Seafood", "v": 0.10405467663031097}]}, {"source": 59, "prod": 4.0, "target": 89, "value": 0.0045892071984324325, "supply": [{"l": "Meat, Other", "v": 0.0045892071984324325}]}, {"source": 60, "prod": 4.0, "target": 89, "value": 0.0015297357328108107, "supply": [{"l": "Lemons, Limes", "v": 0.0015297357328108107}]}, {"source": 61, "prod": 3.0, "target": 89, "value": 0.0023295823126189023, "supply": [{"l": "Cephalopods", "v": 0.0023295823126189023}]}, {"source": 62, "prod": 13.0, "target": 89, "value": 0.024709798460216419, "supply": [{"l": "Mutton & Goat Meat", "v": 0.024709798460216419}]}, {"source": 3, "prod": 32.0, "target": 89, "value": 0.021561989376761907, "supply": [{"l": "Pelagic Fish", "v": 0.021561989376761907}]}, {"source": 68, "prod": 64.0, "target": 89, "value": 0.23624440534539132, "supply": [{"l": "Spices, Other", "v": 0.23624440534539132}]}, {"source": 69, "prod": 209.0, "target": 89, "value": 0.16131063302490001, "supply": [{"l": "Tea", "v": 0.16131063302490001}]}, {"source": 70, "prod": 173.0, "target": 89, "value": 0.081962933251021219, "supply": [{"l": "Fruits, Other", "v": 0.081962933251021219}]}, {"source": 90, "prod": 4.0, "target": 89, "value": 0.0031061097501585365, "supply": [{"l": "Molluscs, Other", "v": 0.0031061097501585365}]}, {"source": 91, "prod": 1.0, "target": 89, "value": 0.0090898726275472838, "supply": [{"l": "Fish, Body Oil", "v": 0.0090898726275472838}]}, {"source": 76, "prod": 11.0, "target": 89, "value": 0.0029742154932515929, "supply": [{"l": "Oranges, Mandarines", "v": 0.0029742154932515929}]}, {"source": 77, "prod": 36.0, "target": 89, "value": 0.04990060398622042, "supply": [{"l": "Bovine Meat", "v": 0.04990060398622042}]}, {"source": 79, "prod": 252.0, "target": 89, "value": 0.12156184067665909, "supply": [{"l": "Onions", "v": 0.12156184067665909}]}, {"source": 16, "prod": 2.0, "target": 89, "value": 0.0081435013449734708, "supply": [{"l": "Pulses, Other", "v": 0.0081435013449734708}]}, {"source": 14, "prod": 1025.0, "target": 92, "value": 4.3136048060525267, "supply": [{"l": "Rice", "v": 4.3136048060525267}]}, {"source": 13, "prod": 74.0, "target": 92, "value": 0.78532808183175007, "supply": [{"l": "Oilcrops, Other", "v": 0.78532808183175007}]}, {"source": 45, "prod": 67.0, "target": 92, "value": 0.37922148816380002, "supply": [{"l": "Groundnuts", "v": 0.37922148816380002}]}, {"source": 93, "prod": 8.0, "target": 55, "value": 0.02799649608800904, "supply": [{"l": "Pepper", "v": 0.02799649608800904}]}, {"source": 86, "prod": 2.0, "target": 92, "value": 0.020295222500877147, "supply": [{"l": "Palmkernel Oil", "v": 0.020295222500877147}]}, {"source": 34, "prod": 49.0, "target": 92, "value": 0.49264535432119744, "supply": [{"l": "Soyabean Oil", "v": 0.49264535432119744}]}, {"source": 38, "prod": 187.0, "target": 92, "value": 1.9488947737187337, "supply": [{"l": "Groundnut Oil", "v": 1.9488947737187337}]}, {"source": 93, "prod": 1501.0, "target": 83, "value": 6.6776885277046496, "supply": [{"l": "Fats, Animals, Raw", "v": 0.21225083292749999}, {"l": "Sesameseed Oil", "v": 0.010107182520357146}, {"l": "Coconut Oil", "v": 0.018866740704666669}, {"l": "Sugar", "v": 5.8441358657079396}, {"l": "Oilcrops Oil, Other", "v": 0.59232790584418604}]}, {"source": 51, "prod": 250.0, "target": 92, "value": 0.8163493574134616, "supply": [{"l": "Soyabeans", "v": 0.8163493574134616}]}, {"source": 35, "prod": 15.0, "target": 92, "value": 0.02614684173744565, "supply": [{"l": "Coconuts - Incl Copra", "v": 0.02614684173744565}]}, {"source": 4, "prod": 3488.0, "target": 92, "value": 12.633224505296106, "supply": [{"l": "Wheat", "v": 12.633224505296106}]}, {"source": 1, "prod": 176.0, "target": 72, "value": 0.32483605734991305, "supply": [{"l": "Poultry Meat", "v": 0.32483605734991305}]}, {"source": 1, "prod": 304.0, "target": 49, "value": 1.2904850641992001, "supply": [{"l": "Pigmeat", "v": 1.2904850641992001}]}, {"source": 1, "prod": 712.0, "target": 3, "value": 0.47975426363295248, "supply": [{"l": "Pelagic Fish", "v": 0.47975426363295248}]}, {"source": 1, "prod": 773.0, "target": 80, "value": 1.0817795199096099, "supply": [{"l": "Eggs", "v": 1.101371904487533}]}, {"source": 1, "prod": 235.0, "target": 37, "value": 0.13126038352095395, "supply": [{"l": "Crustaceans", "v": 0.13126038352095395}]}, {"source": 1, "prod": 1109.0, "target": 53, "value": 0.97401175331005874, "supply": [{"l": "Freshwater Fish", "v": 0.97401175331005874}]}, {"source": 1, "prod": 4.0, "target": 90, "value": 0.0031061097501585365, "supply": [{"l": "Molluscs, Other", "v": 0.0031061097501585365}]}, {"source": 1, "prod": 3.0, "target": 71, "value": 0.0021755094083451658, "supply": [{"l": "Aquatic Animals, Others", "v": 0.0021755094083451658}]}, {"source": 1, "prod": 42064.0, "target": 8, "value": 36.144722308741606, "supply": [{"l": "Milk - Excluding Butter", "v": 36.144722308741606}]}, {"source": 1, "prod": 402.0, "target": 73, "value": 0.64396101763664149, "supply": [{"l": "Offals, Edible", "v": 0.64396101763664149}]}, {"source": 1, "prod": 200.0, "target": 43, "value": 0.18456594167608698, "supply": [{"l": "Marine Fish, Other", "v": 0.18456594167608698}]}, {"source": 1, "prod": 3.0, "target": 81, "value": 0.0021755094083451658, "supply": [{"l": "Aquatic Products, Other", "v": 0.0021755094083451658}]}, {"source": 1, "prod": 2871.0, "target": 11, "value": 2.2294102731762901, "supply": [{"l": "Fish, Seafood", "v": 2.2294102731762901}]}, {"source": 1, "prod": 1912.0, "target": 77, "value": 2.6502765228237064, "supply": [{"l": "Bovine Meat", "v": 2.6502765228237064}]}, {"source": 1, "prod": 595.0, "target": 75, "value": 0.34599793312839039, "supply": [{"l": "Demersal Fish", "v": 0.34599793312839039}]}, {"source": 1, "prod": 115.0, "target": 59, "value": 0.13193970695493243, "supply": [{"l": "Meat, Other", "v": 0.13193970695493243}]}, {"source": 1, "prod": 16.0, "target": 61, "value": 0.012424439000634148, "supply": [{"l": "Cephalopods", "v": 0.012424439000634148}]}, {"source": 1, "prod": 525.0, "target": 62, "value": 0.99789570704720154, "supply": [{"l": "Mutton & Goat Meat", "v": 0.99789570704720154}]}, {"source": 83, "prod": 204.0, "target": 18, "value": 2.3617729045750915, "supply": [{"l": "Ricebran Oil", "v": 2.3617729045750915}]}, {"source": 83, "prod": 685.0, "target": 85, "value": 2.4231970092556252, "supply": [{"l": "Alcohol, Non-Food", "v": 2.4231970092556252}]}, {"source": 83, "prod": 8804.0, "target": 21, "value": 36.41314378039116, "supply": [{"l": "Sugar", "v": 36.41314378039116}]}, {"source": 83, "prod": 3.0, "target": 23, "value": 0.030321547561071433, "supply": [{"l": "Maize Germ Oil", "v": 0.030321547561071433}]}, {"source": 83, "prod": 164.0, "target": 24, "value": 0.08663299303163266, "supply": [{"l": "Beer", "v": 0.08663299303163266}]}, {"source": 83, "prod": 1467.0, "target": 38, "value": 15.288923171365681, "supply": [{"l": "Groundnut Oil", "v": 15.288923171365681}]}, {"source": 83, "prod": 655.0, "target": 26, "value": 2.317071592791875, "supply": [{"l": "Beverages, Alcoholic", "v": 2.317071592791875}]}, {"source": 83, "prod": 10071.0, "target": 12, "value": 41.107271892554849, "supply": [{"l": "Sugar non-centrifugal", "v": 41.107271892554849}]}, {"source": 83, "prod": 702.0, "target": 29, "value": 6.8021777804721868, "supply": [{"l": "Butter, Ghee", "v": 6.8021777804721868}]}, {"source": 83, "prod": 194.0, "target": 32, "value": 1.6470664635174002, "supply": [{"l": "Fats, Animals, Raw", "v": 1.6470664635174002}]}, {"source": 83, "prod": 635.0, "target": 34, "value": 6.3842816325298033, "supply": [{"l": "Soyabean Oil", "v": 6.3842816325298033}]}, {"source": 83, "prod": 583.0, "target": 46, "value": 5.2101993935466329, "supply": [{"l": "Palm Oil", "v": 5.2101993935466329}]}, {"source": 83, "prod": 191.0, "target": 48, "value": 2.0269954544576252, "supply": [{"l": "Sunflowerseed Oil", "v": 2.0269954544576252}]}, {"source": 83, "prod": 236.0, "target": 41, "value": 2.2262754031506669, "supply": [{"l": "Coconut Oil", "v": 2.2262754031506669}]}, {"source": 83, "prod": 1015.0, "target": 56, "value": 10.366777524037895, "supply": [{"l": "Rape and Mustard Oil", "v": 10.366777524037895}]}, {"source": 83, "prod": 550.0, "target": 22, "value": 5.429672470238371, "supply": [{"l": "Oilcrops Oil, Other", "v": 5.429672470238371}]}, {"source": 83, "prod": 180.0, "target": 63, "value": 0.66443739003391311, "supply": [{"l": "Sweeteners, Other", "v": 0.66443739003391311}]}, {"source": 83, "prod": 160.0, "target": 27, "value": 1.6171492032571431, "supply": [{"l": "Sesameseed Oil", "v": 1.6171492032571431}]}, {"source": 83, "prod": 6.0, "target": 66, "value": 0.02122508329275, "supply": [{"l": "Beverages, Fermented", "v": 0.02122508329275}]}, {"source": 83, "prod": 1.0, "target": 91, "value": 0.0090898726275472838, "supply": [{"l": "Fish, Body Oil", "v": 0.0090898726275472838}]}, {"source": 83, "prod": 50.0, "target": 28, "value": 0.30321547561071432, "supply": [{"l": "Honey", "v": 0.30321547561071432}]}, {"source": 83, "prod": 302.0, "target": 57, "value": 3.0767880741170401, "supply": [{"l": "Cottonseed Oil", "v": 3.0767880741170401}]}, {"source": 83, "prod": 11.0, "target": 86, "value": 0.11162372375482429, "supply": [{"l": "Palmkernel Oil", "v": 0.11162372375482429}]}, {"source": 0, "prod": 16886.0, "target": 94, "value": 58.87585322076, "supply": [{"l": "Maize", "v": 58.87585322076}]}, {"source": 10, "prod": 3668.0, "target": 94, "value": 12.78909330888, "supply": [{"l": "Barley", "v": 12.78909330888}]}, {"source": 14, "prod": 117295.0, "target": 94, "value": 408.96856588470001, "supply": [{"l": "Rice", "v": 408.96856588470001}]}, {"source": 30, "prod": 2100.0, "target": 94, "value": 7.3219999859999998, "supply": [{"l": "Tomatoes", "v": 7.3219999859999998}]}, {"source": 82, "prod": 440.0, "target": 94, "value": 1.5341333304000002, "supply": [{"l": "Sunflower seed", "v": 1.5341333304000002}]}, {"source": 4, "prod": 92298.0, "target": 94, "value": 321.81235938468001, "supply": [{"l": "Wheat", "v": 321.81235938468001}]}, {"source": 35, "prod": 5136.0, "target": 94, "value": 17.907519965759999, "supply": [{"l": "Coconuts - Incl Copra", "v": 17.907519965759999}]}, {"source": 39, "prod": 36795.5, "target": 94, "value": 128.29364308803, "supply": [{"l": "Vegetables, Other", "v": 128.29364308803}]}, {"source": 6, "prod": 364.0, "target": 94, "value": 1.26914666424, "supply": [{"l": "Peas", "v": 1.26914666424}]}, {"source": 40, "prod": 521.0, "target": 94, "value": 1.8165533298600001, "supply": [{"l": "Sesame seed", "v": 1.8165533298600001}]}, {"source": 5, "prod": 2937.5, "target": 94, "value": 10.242083313749999, "supply": [{"l": "Cottonseed", "v": 10.242083313749999}]}, {"source": 45, "prod": 4505.5, "target": 94, "value": 15.709176636630001, "supply": [{"l": "Groundnuts", "v": 15.709176636630001}]}, {"source": 13, "prod": 1566.5, "target": 94, "value": 5.4618633228900002, "supply": [{"l": "Oilcrops, Other", "v": 5.4618633228900002}]}, {"source": 51, "prod": 954.5, "target": 94, "value": 3.3280233269699999, "supply": [{"l": "Soyabeans", "v": 3.3280233269699999}]}, {"source": 52, "prod": 6076.0, "target": 94, "value": 21.184986626160004, "supply": [{"l": "Potatoes", "v": 21.184986626160004}]}, {"source": 9, "prod": 3185.5, "target": 94, "value": 11.106776645429999, "supply": [{"l": "Beans", "v": 11.106776645429999}]}, {"source": 16, "prod": 9075.0, "target": 94, "value": 31.641499939500005, "supply": [{"l": "Pulses, Other", "v": 31.641499939500005}]}, {"source": 15, "prod": 22806.0, "target": 94, "value": 79.516919847960011, "supply": [{"l": "Sorghum", "v": 79.516919847960011}]}, {"source": 2, "prod": 69630.400000000009, "target": 94, "value": 242.77799420246407, "supply": [{"l": "Sugar cane", "v": 242.77799420246407}]}, {"source": 7, "prod": 19541.0, "target": 94, "value": 68.132953203060012, "supply": [{"l": "Millet", "v": 68.132953203060012}]}, {"source": 42, "prod": 792.75, "target": 94, "value": 2.7640549947150004, "supply": [{"l": "Sweet potatoes", "v": 2.7640549947150004}]}, {"source": 47, "prod": 2608.0, "target": 94, "value": 1.867192330447639, "supply": [{"l": "Rape and Mustardseed", "v": 1.867192330447639}]}, {"source": 79, "prod": 3099.0, "target": 94, "value": 10.805179979340002, "supply": [{"l": "Onions", "v": 10.805179979340002}]}, {"source": 78, "prod": 2943.0, "target": 94, "value": 10.26125998038, "supply": [{"l": "Cassava", "v": 10.26125998038}]}, {"source": 95, "prod": 4.1845697727061758e-13, "target": 83, "value": 1.7763568394002505e-15, "supply": [{"l": "Oil Palm", "v": 1.7763568394002505e-15}]}, {"source": 96, "prod": 0, "target": 0, "value": 9.4451926155201445e-07, "supply": "[{\"l\":'Energy for power irrigation',\"v\":9.4451926155201445e-07}]"}, {"source": 96, "prod": 0, "target": 19, "value": 4.8775363974497011e-08, "supply": "[{\"l\":'Energy for power irrigation',\"v\":4.8775363974497011e-08}]"}, {"source": 96, "prod": 0, "target": 67, "value": 3.3561030257681432e-09, "supply": "[{\"l\":'Energy for power irrigation',\"v\":3.3561030257681432e-09}]"}, {"source": 96, "prod": 0, "target": 25, "value": 2.7967525214734526e-09, "supply": "[{\"l\":'Energy for power irrigation',\"v\":2.7967525214734526e-09}]"}, {"source": 96, "prod": 0, "target": 10, "value": 2.0516976497529247e-07, "supply": "[{\"l\":'Energy for power irrigation',\"v\":2.0516976497529247e-07}]"}, {"source": 96, "prod": 0, "target": 14, "value": 6.5609017401245724e-06, "supply": "[{\"l\":'Energy for power irrigation',\"v\":6.5609017401245724e-06}]"}, {"source": 96, "prod": 0, "target": 30, "value": 2.3492721180377002e-07, "supply": "[{\"l\":'Energy for power irrigation',\"v\":2.3492721180377002e-07}]"}, {"source": 96, "prod": 0, "target": 82, "value": 4.9222844377932774e-08, "supply": "[{\"l\":'Energy for power irrigation',\"v\":4.9222844377932774e-08}]"}, {"source": 96, "prod": 0, "target": 33, "value": 1.1802295640617971e-08, "supply": "[{\"l\":'Energy for power irrigation',\"v\":1.1802295640617971e-08}]"}, {"source": 96, "prod": 0, "target": 4, "value": 5.1626932845391351e-06, "supply": "[{\"l\":'Energy for power irrigation',\"v\":5.1626932845391351e-06}]"}, {"source": 96, "prod": 0, "target": 35, "value": 5.745648380115061e-07, "supply": "[{\"l\":'Energy for power irrigation',\"v\":5.745648380115061e-07}]"}, {"source": 96, "prod": 0, "target": 36, "value": 4.8775363974497011e-08, "supply": "[{\"l\":'Energy for power irrigation',\"v\":4.8775363974497011e-08}]"}, {"source": 96, "prod": 0, "target": 39, "value": 4.1163162961550575e-06, "supply": "[{\"l\":'Energy for power irrigation',\"v\":4.1163162961550575e-06}]"}, {"source": 96, "prod": 0, "target": 6, "value": 4.0720716712653473e-08, "supply": "[{\"l\":'Energy for power irrigation',\"v\":4.0720716712653473e-08}]"}, {"source": 96, "prod": 0, "target": 40, "value": 5.8284322547506756e-08, "supply": "[{\"l\":'Energy for power irrigation',\"v\":5.8284322547506756e-08}]"}, {"source": 96, "prod": 0, "target": 5, "value": 3.2861842127313067e-07, "supply": "[{\"l\":'Energy for power irrigation',\"v\":3.2861842127313067e-07}]"}, {"source": 96, "prod": 0, "target": 44, "value": 3.2274524097803642e-08, "supply": "[{\"l\":'Energy for power irrigation',\"v\":3.2274524097803642e-08}]"}, {"source": 96, "prod": 0, "target": 45, "value": 5.0403073941994557e-07, "supply": "[{\"l\":'Energy for power irrigation',\"v\":5.0403073941994557e-07}]"}, {"source": 96, "prod": 0, "target": 95, "value": 2.3406412126195181e-23, "supply": "[{\"l\":'Energy for power irrigation',\"v\":2.3406412126195181e-23}]"}, {"source": 96, "prod": 0, "target": 13, "value": 1.7524451299552654e-07, "supply": "[{\"l\":'Energy for power irrigation',\"v\":1.7524451299552654e-07}]"}, {"source": 96, "prod": 0, "target": 50, "value": 6.7122060515362863e-10, "supply": "[{\"l\":'Energy for power irrigation',\"v\":6.7122060515362863e-10}]"}, {"source": 96, "prod": 0, "target": 51, "value": 1.0678001126985642e-07, "supply": "[{\"l\":'Energy for power irrigation',\"v\":1.0678001126985642e-07}]"}, {"source": 96, "prod": 0, "target": 52, "value": 1.3594454656378157e-06, "supply": "[{\"l\":'Energy for power irrigation',\"v\":1.3594454656378157e-06}]"}, {"source": 96, "prod": 0, "target": 54, "value": 7.0590033641989947e-08, "supply": "[{\"l\":'Energy for power irrigation',\"v\":7.0590033641989947e-08}]"}, {"source": 96, "prod": 0, "target": 55, "value": 3.0204927231913289e-09, "supply": "[{\"l\":'Energy for power irrigation',\"v\":3.0204927231913289e-09}]"}, {"source": 96, "prod": 0, "target": 9, "value": 3.5636220628614732e-07, "supply": "[{\"l\":'Energy for power irrigation',\"v\":3.5636220628614732e-07}]"}, {"source": 96, "prod": 0, "target": 58, "value": 1.1030391944691298e-07, "supply": "[{\"l\":'Energy for power irrigation',\"v\":1.1030391944691298e-07}]"}, {"source": 96, "prod": 0, "target": 60, "value": 6.1528555472415959e-08, "supply": "[{\"l\":'Energy for power irrigation',\"v\":6.1528555472415959e-08}]"}, {"source": 96, "prod": 0, "target": 15, "value": 1.2756547600944712e-06, "supply": "[{\"l\":'Energy for power irrigation',\"v\":1.2756547600944712e-06}]"}, {"source": 96, "prod": 0, "target": 2, "value": 1.947389967712051e-05, "supply": "[{\"l\":'Energy for power irrigation',\"v\":1.947389967712051e-05}]"}, {"source": 96, "prod": 0, "target": 64, "value": 8.457379624935721e-08, "supply": "[{\"l\":'Energy for power irrigation',\"v\":8.457379624935721e-08}]"}, {"source": 96, "prod": 0, "target": 65, "value": 5.8709428930770716e-07, "supply": "[{\"l\":'Energy for power irrigation',\"v\":5.8709428930770716e-07}]"}, {"source": 96, "prod": 0, "target": 68, "value": 6.7122060515362866e-08, "supply": "[{\"l\":'Energy for power irrigation',\"v\":6.7122060515362866e-08}]"}, {"source": 96, "prod": 0, "target": 69, "value": 7.1540929499290928e-08, "supply": "[{\"l\":'Energy for power irrigation',\"v\":7.1540929499290928e-08}]"}, {"source": 96, "prod": 0, "target": 70, "value": 1.7528366753082718e-06, "supply": "[{\"l\":'Energy for power irrigation',\"v\":1.7528366753082718e-06}]"}, {"source": 96, "prod": 0, "target": 7, "value": 1.0930268204422548e-06, "supply": "[{\"l\":'Energy for power irrigation',\"v\":1.0930268204422548e-06}]"}, {"source": 96, "prod": 0, "target": 42, "value": 1.7737004491184638e-07, "supply": "[{\"l\":'Energy for power irrigation',\"v\":1.7737004491184638e-07}]"}, {"source": 96, "prod": 0, "target": 47, "value": 2.9175722304011056e-07, "supply": "[{\"l\":'Energy for power irrigation',\"v\":2.9175722304011056e-07}]"}, {"source": 96, "prod": 0, "target": 76, "value": 1.5068902585698963e-07, "supply": "[{\"l\":'Energy for power irrigation',\"v\":1.5068902585698963e-07}]"}, {"source": 96, "prod": 0, "target": 78, "value": 6.5846741365570968e-07, "supply": "[{\"l\":'Energy for power irrigation',\"v\":6.5846741365570968e-07}]"}, {"source": 96, "prod": 0, "target": 79, "value": 3.4668544256184921e-07, "supply": "[{\"l\":'Energy for power irrigation',\"v\":3.4668544256184921e-07}]"}, {"source": 96, "prod": 0, "target": 16, "value": 1.0152211652948632e-06, "supply": "[{\"l\":'Energy for power irrigation',\"v\":1.0152211652948632e-06}]"}, {"source": 96, "prod": 0, "target": 83, "value": 20.960000016767999, "supply": "[{\"l\":'Electricity',\"v\":20.960000016767999}]"}, {"source": 97, "prod": 0, "target": 96, "value": 35.280653832628524, "supply": [{"l": "Coal", "v": 31.730722921825624}, {"l": "Natural gas", "v": 0.57924416050594574}, {"l": "Oil", "v": 2.9706867502969527}]}, {"source": 98, "prod": 0, "target": 96, "value": 7.1897530205326907, "supply": [{"l": "Nuclear", "v": 0.50478529933444949}, {"l": "Hydroelectric", "v": 6.684967721198241}, {"l": "Renewable", "v": 0.0}]}, {"source": 97, "prod": 0, "target": 0, "value": 0.77794437459016574, "supply": [{"l": "Gas-Diesel oil", "v": 0.69569973557822085}, {"l": "Natural gas (including LNG)", "v": 0.018680008436992607}, {"l": "Fuel oil", "v": 0.035608811422843459}, {"l": "Liquefied petroleum gas (LPG)", "v": 0.0009007209893429494}, {"l": "Other fossil fuels", "v": 0.027055098162765811}]}, {"source": 97, "prod": 0, "target": 19, "value": 0.04017336815365536, "supply": [{"l": "Gas-Diesel oil", "v": 0.035926221095831372}, {"l": "Natural gas (including LNG)", "v": 0.00096464333513310145}, {"l": "Fuel oil", "v": 0.001838853698964793}, {"l": "Liquefied petroleum gas (LPG)", "v": 4.6513603145034453e-05}, {"l": "Other fossil fuels", "v": 0.0013971364205810602}]}, {"source": 97, "prod": 0, "target": 67, "value": 0.0027642225793799561, "supply": [{"l": "Gas-Diesel oil", "v": 0.0024719876900801403}, {"l": "Natural gas (including LNG)", "v": 6.6374541408240924e-05}, {"l": "Fuel oil", "v": 0.00012652663066271513}, {"l": "Liquefied petroleum gas (LPG)", "v": 3.2004772806216369e-06}, {"l": "Other fossil fuels", "v": 9.61332399482381e-05}]}, {"source": 97, "prod": 0, "target": 25, "value": 0.0023035188161499636, "supply": [{"l": "Gas-Diesel oil", "v": 0.0020599897417334502}, {"l": "Natural gas (including LNG)", "v": 5.5312117840200774e-05}, {"l": "Fuel oil", "v": 0.00010543885888559593}, {"l": "Liquefied petroleum gas (LPG)", "v": 2.6670644005180308e-06}, {"l": "Other fossil fuels", "v": 8.0111033290198417e-05}]}, {"source": 97, "prod": 0, "target": 10, "value": 0.1689861403527613, "supply": [{"l": "Gas-Diesel oil", "v": 0.15112084745356591}, {"l": "Natural gas (including LNG)", "v": 0.0040576969647571287}, {"l": "Fuel oil", "v": 0.0077349946878473175}, {"l": "Liquefied petroleum gas (LPG)", "v": 0.00019565584442200274}, {"l": "Other fossil fuels", "v": 0.0058769454021689559}]}, {"source": 97, "prod": 0, "target": 14, "value": 5.4038247908061994, "supply": [{"l": "Gas-Diesel oil", "v": 4.8325299351325013}, {"l": "Natural gas (including LNG)", "v": 0.12975669724132699}, {"l": "Fuel oil", "v": 0.24734901905971951}, {"l": "Liquefied petroleum gas (LPG)", "v": 0.0062566663771752486}, {"l": "Other fossil fuels", "v": 0.18793247299547647}]}, {"source": 97, "prod": 0, "target": 30, "value": 0.19349558055659694, "supply": [{"l": "Gas-Diesel oil", "v": 0.17303913830560982}, {"l": "Natural gas (including LNG)", "v": 0.0046462178985768651}, {"l": "Fuel oil", "v": 0.0088568641463900588}, {"l": "Liquefied petroleum gas (LPG)", "v": 0.00022403340964351459}, {"l": "Other fossil fuels", "v": 0.0067293267963766676}]}, {"source": 97, "prod": 0, "target": 82, "value": 0.040541931164239361, "supply": [{"l": "Gas-Diesel oil", "v": 0.036255819454508731}, {"l": "Natural gas (including LNG)", "v": 0.0009734932739875338}, {"l": "Fuel oil", "v": 0.0018557239163864887}, {"l": "Liquefied petroleum gas (LPG)", "v": 4.6940333449117345e-05}, {"l": "Other fossil fuels", "v": 0.0014099541859074922}]}, {"source": 97, "prod": 0, "target": 33, "value": 0.0097208494041528468, "supply": [{"l": "Gas-Diesel oil", "v": 0.0086931567101151599}, {"l": "Natural gas (including LNG)", "v": 0.00023341713728564729}, {"l": "Fuel oil", "v": 0.00044495198449721489}, {"l": "Liquefied petroleum gas (LPG)", "v": 1.125501177018609e-05}, {"l": "Other fossil fuels", "v": 0.00033806856048463734}]}, {"source": 97, "prod": 0, "target": 4, "value": 4.2522035938601865, "supply": [{"l": "Gas-Diesel oil", "v": 3.8026586636502802}, {"l": "Natural gas (including LNG)", "v": 0.10210395704829703}, {"l": "Fuel oil", "v": 0.19463591594845467}, {"l": "Liquefied petroleum gas (LPG)", "v": 0.0049232942007802639}, {"l": "Other fossil fuels", "v": 0.14788176301237468}]}, {"source": 97, "prod": 0, "target": 35, "value": 0.47323490558984854, "supply": [{"l": "Gas-Diesel oil", "v": 0.42320429254172004}, {"l": "Natural gas (including LNG)", "v": 0.011363321489090849}, {"l": "Fuel oil", "v": 0.021661359169456832}, {"l": "Liquefied petroleum gas (LPG)", "v": 0.00054792171044242422}, {"l": "Other fossil fuels", "v": 0.016458010679138366}]}, {"source": 97, "prod": 0, "target": 36, "value": 0.04017336815365536, "supply": [{"l": "Gas-Diesel oil", "v": 0.035926221095831372}, {"l": "Natural gas (including LNG)", "v": 0.00096464333513310145}, {"l": "Fuel oil", "v": 0.001838853698964793}, {"l": "Liquefied petroleum gas (LPG)", "v": 4.6513603145034453e-05}, {"l": "Other fossil fuels", "v": 0.0013971364205810602}]}, {"source": 97, "prod": 0, "target": 39, "value": 3.3903650639858394, "supply": [{"l": "Gas-Diesel oil", "v": 3.0319341016781269}, {"l": "Natural gas (including LNG)", "v": 0.081409481279564308}, {"l": "Fuel oil", "v": 0.15518702128499781}, {"l": "Liquefied petroleum gas (LPG)", "v": 0.0039254387259704485}, {"l": "Other fossil fuels", "v": 0.11790902101717984}]}, {"source": 97, "prod": 0, "target": 6, "value": 0.033539233963143469, "supply": [{"l": "Gas-Diesel oil", "v": 0.029993450639639038}, {"l": "Natural gas (including LNG)", "v": 0.00080534443575332334}, {"l": "Fuel oil", "v": 0.0015351897853742769}, {"l": "Liquefied petroleum gas (LPG)", "v": 3.8832457671542527e-05}, {"l": "Other fossil fuels", "v": 0.0011664166447052889}]}, {"source": 97, "prod": 0, "target": 40, "value": 0.04800533212856524, "supply": [{"l": "Gas-Diesel oil", "v": 0.042930186217725104}, {"l": "Natural gas (including LNG)", "v": 0.0011527045357897841}, {"l": "Fuel oil", "v": 0.0021973458191758195}, {"l": "Liquefied petroleum gas (LPG)", "v": 5.5581622106795761e-05}, {"l": "Other fossil fuels", "v": 0.0016695139337677351}]}, {"source": 97, "prod": 0, "target": 5, "value": 0.27066346089762072, "supply": [{"l": "Gas-Diesel oil", "v": 0.24204879465368043}, {"l": "Natural gas (including LNG)", "v": 0.0064991738462235916}, {"l": "Fuel oil", "v": 0.012389065919057522}, {"l": "Liquefied petroleum gas (LPG)", "v": 0.00031338006706086862}, {"l": "Other fossil fuels", "v": 0.009413046411598314}]}, {"source": 97, "prod": 0, "target": 44, "value": 0.02658260713837058, "supply": [{"l": "Gas-Diesel oil", "v": 0.023772281619604017}, {"l": "Natural gas (including LNG)", "v": 0.00063830183987591694}, {"l": "Fuel oil", "v": 0.0012167644315397772}, {"l": "Liquefied petroleum gas (LPG)", "v": 3.0777923181978075e-05}, {"l": "Other fossil fuels", "v": 0.00092448132416888976}]}, {"source": 97, "prod": 0, "target": 45, "value": 0.41514016104654639, "supply": [{"l": "Gas-Diesel oil", "v": 0.37125135125520242}, {"l": "Natural gas (including LNG)", "v": 0.0099683498771609841}, {"l": "Fuel oil", "v": 0.019002191148362099}, {"l": "Liquefied petroleum gas (LPG)", "v": 0.0004806583462613595}, {"l": "Other fossil fuels", "v": 0.014437610419559559}]}, {"source": 97, "prod": 0, "target": 95, "value": 1.9278470417842107e-17, "supply": [{"l": "Gas-Diesel oil", "v": 1.7240341610685196e-17}, {"l": "Natural gas (including LNG)", "v": 4.6291483275693236e-19}, {"l": "Fuel oil", "v": 8.8243252352259357e-19}, {"l": "Liquefied petroleum gas (LPG)", "v": 2.2321034144536941e-20}, {"l": "Other fossil fuels", "v": 6.7046041673284501e-19}]}, {"source": 97, "prod": 0, "target": 13, "value": 0.14433848901995672, "supply": [{"l": "Gas-Diesel oil", "v": 0.12907895721701798}, {"l": "Natural gas (including LNG)", "v": 0.0034658573038669808}, {"l": "Fuel oil", "v": 0.0066067988977714411}, {"l": "Liquefied petroleum gas (LPG)", "v": 0.0001671182553364598}, {"l": "Other fossil fuels", "v": 0.0050197573459638328}]}, {"source": 97, "prod": 0, "target": 50, "value": 0.00055284451587599127, "supply": [{"l": "Gas-Diesel oil", "v": 0.00049439753801602815}, {"l": "Natural gas (including LNG)", "v": 1.3274908281648186e-05}, {"l": "Fuel oil", "v": 2.5305326132543025e-05}, {"l": "Liquefied petroleum gas (LPG)", "v": 6.4009545612432744e-07}, {"l": "Other fossil fuels", "v": 1.9226647989647622e-05}]}, {"source": 97, "prod": 0, "target": 51, "value": 0.0879483484006056, "supply": [{"l": "Gas-Diesel oil", "v": 0.078650408339383138}, {"l": "Natural gas (including LNG)", "v": 0.0021118166591388658}, {"l": "Fuel oil", "v": 0.0040256556322520532}, {"l": "Liquefied petroleum gas (LPG)", "v": 0.00010182851881177841}, {"l": "Other fossil fuels", "v": 0.0030586392510197754}]}, {"source": 97, "prod": 0, "target": 52, "value": 1.1196944261541741, "supply": [{"l": "Gas-Diesel oil", "v": 1.0013198136617956}, {"l": "Natural gas (including LNG)", "v": 0.026886114239764794}, {"l": "Fuel oil", "v": 0.051251720527110474}, {"l": "Liquefied petroleum gas (LPG)", "v": 0.0012964066638038044}, {"l": "Other fossil fuels", "v": 0.038940371061699647}]}, {"source": 97, "prod": 0, "target": 54, "value": 0.058140814919625076, "supply": [{"l": "Gas-Diesel oil", "v": 0.051994141081352287}, {"l": "Natural gas (including LNG)", "v": 0.0013960778542866676}, {"l": "Fuel oil", "v": 0.0026612767982724414}, {"l": "Liquefied petroleum gas (LPG)", "v": 6.7316705469075102e-05}, {"l": "Other fossil fuels", "v": 0.0020220024802446081}]}, {"source": 97, "prod": 0, "target": 55, "value": 0.0024878003214419604, "supply": [{"l": "Gas-Diesel oil", "v": 0.0022247889210721262}, {"l": "Natural gas (including LNG)", "v": 5.9737087267416838e-05}, {"l": "Fuel oil", "v": 0.0001138739675964436}, {"l": "Liquefied petroleum gas (LPG)", "v": 2.8804295525594729e-06}, {"l": "Other fossil fuels", "v": 8.6519915953414288e-05}]}, {"source": 97, "prod": 0, "target": 9, "value": 0.29351436755382831, "supply": [{"l": "Gas-Diesel oil", "v": 0.26248389289167623}, {"l": "Natural gas (including LNG)", "v": 0.0070478700551983827}, {"l": "Fuel oil", "v": 0.013435019399202634}, {"l": "Liquefied petroleum gas (LPG)", "v": 0.00033983734591400746}, {"l": "Other fossil fuels", "v": 0.010207747861837082}]}, {"source": 97, "prod": 0, "target": 58, "value": 0.090850782108954559, "supply": [{"l": "Gas-Diesel oil", "v": 0.081245995413967279}, {"l": "Natural gas (including LNG)", "v": 0.0021815099276175187}, {"l": "Fuel oil", "v": 0.0041585085944479041}, {"l": "Liquefied petroleum gas (LPG)", "v": 0.00010518901995643115}, {"l": "Other fossil fuels", "v": 0.0031595791529654259}]}, {"source": 97, "prod": 0, "target": 60, "value": 0.050677413955299198, "supply": [{"l": "Gas-Diesel oil", "v": 0.045319774318135907}, {"l": "Natural gas (including LNG)", "v": 0.001216866592484417}, {"l": "Fuel oil", "v": 0.0023196548954831108}, {"l": "Liquefied petroleum gas (LPG)", "v": 5.867541681139668e-05}, {"l": "Other fossil fuels", "v": 0.0017624427323843653}]}, {"source": 97, "prod": 0, "target": 15, "value": 1.0506810024223212, "supply": [{"l": "Gas-Diesel oil", "v": 0.93960252099946129}, {"l": "Natural gas (including LNG)", "v": 0.025228963189272379}, {"l": "Fuel oil", "v": 0.048092772314898016}, {"l": "Liquefied petroleum gas (LPG)", "v": 0.0012165014143642842}, {"l": "Other fossil fuels", "v": 0.036540244504325303}]}, {"source": 97, "prod": 0, "target": 2, "value": 16.03949365760484, "supply": [{"l": "Gas-Diesel oil", "v": 14.343790971279683}, {"l": "Natural gas (including LNG)", "v": 0.38514048900603159}, {"l": "Fuel oil", "v": 0.73417499197475988}, {"l": "Liquefied petroleum gas (LPG)", "v": 0.01857087610338307}, {"l": "Other fossil fuels", "v": 0.55781632924098312}]}, {"source": 97, "prod": 0, "target": 64, "value": 0.069658409000374899, "supply": [{"l": "Gas-Diesel oil", "v": 0.062294089790019533}, {"l": "Natural gas (including LNG)", "v": 0.0016726384434876714}, {"l": "Fuel oil", "v": 0.0031884710927004211}, {"l": "Liquefied petroleum gas (LPG)", "v": 8.0652027471665255e-05}, {"l": "Other fossil fuels", "v": 0.0024225576466955999}]}, {"source": 97, "prod": 0, "target": 65, "value": 0.48355466988620033, "supply": [{"l": "Gas-Diesel oil", "v": 0.4324330465846859}, {"l": "Natural gas (including LNG)", "v": 0.011611119777014947}, {"l": "Fuel oil", "v": 0.0221337252572643}, {"l": "Liquefied petroleum gas (LPG)", "v": 0.00055987015895674497}, {"l": "Other fossil fuels", "v": 0.016816908108278451}]}, {"source": 97, "prod": 0, "target": 68, "value": 0.055284451587599127, "supply": [{"l": "Gas-Diesel oil", "v": 0.049439753801602808}, {"l": "Natural gas (including LNG)", "v": 0.0013274908281648186}, {"l": "Fuel oil", "v": 0.0025305326132543026}, {"l": "Liquefied petroleum gas (LPG)", "v": 6.4009545612432733e-05}, {"l": "Other fossil fuels", "v": 0.0019226647989647621}]}, {"source": 97, "prod": 0, "target": 69, "value": 0.058924011317116068, "supply": [{"l": "Gas-Diesel oil", "v": 0.05269453759354166}, {"l": "Natural gas (including LNG)", "v": 0.001414883974352336}, {"l": "Fuel oil", "v": 0.0026971260102935444}, {"l": "Liquefied petroleum gas (LPG)", "v": 6.8223507365251226e-05}, {"l": "Other fossil fuels", "v": 0.0020492402315632758}]}, {"source": 97, "prod": 0, "target": 70, "value": 1.443707382833828, "supply": [{"l": "Gas-Diesel oil", "v": 1.2910779707340228}, {"l": "Natural gas (including LNG)", "v": 0.034666316735167436}, {"l": "Fuel oil", "v": 0.0660827504179584}, {"l": "Liquefied petroleum gas (LPG)", "v": 0.0016715559423806706}, {"l": "Other fossil fuels", "v": 0.050208789004298961}]}, {"source": 97, "prod": 0, "target": 7, "value": 0.90026122372772877, "supply": [{"l": "Gas-Diesel oil", "v": 0.80508519086426711}, {"l": "Natural gas (including LNG)", "v": 0.02161708189430727}, {"l": "Fuel oil", "v": 0.041207614829668608}, {"l": "Liquefied petroleum gas (LPG)", "v": 0.0010423421090104568}, {"l": "Other fossil fuels", "v": 0.031308994030475351}]}, {"source": 97, "prod": 0, "target": 42, "value": 0.1460891633202307, "supply": [{"l": "Gas-Diesel oil", "v": 0.13064454942073542}, {"l": "Natural gas (including LNG)", "v": 0.0035078945134255335}, {"l": "Fuel oil", "v": 0.006686932430524495}, {"l": "Liquefied petroleum gas (LPG)", "v": 0.00016914522428085351}, {"l": "Other fossil fuels", "v": 0.0050806417312643836}]}, {"source": 97, "prod": 0, "target": 47, "value": 0.24030308290076419, "supply": [{"l": "Gas-Diesel oil", "v": 0.21489812985763354}, {"l": "Natural gas (including LNG)", "v": 0.0057701601330897448}, {"l": "Fuel oil", "v": 0.010999381758945367}, {"l": "Liquefied petroleum gas (LPG)", "v": 0.000278228158262041}, {"l": "Other fossil fuels", "v": 0.0083571829928334989}]}, {"source": 97, "prod": 0, "target": 76, "value": 0.12411359381416004, "supply": [{"l": "Gas-Diesel oil", "v": 0.11099224728459831}, {"l": "Natural gas (including LNG)", "v": 0.002980216909230018}, {"l": "Fuel oil", "v": 0.005681045716755909}, {"l": "Liquefied petroleum gas (LPG)", "v": 0.0001437014298999115}, {"l": "Other fossil fuels", "v": 0.0043163824736758907}]}, {"source": 97, "prod": 0, "target": 78, "value": 0.54234047007434738, "supply": [{"l": "Gas-Diesel oil", "v": 0.48500398479372353}, {"l": "Natural gas (including LNG)", "v": 0.013022685024296871}, {"l": "Fuel oil", "v": 0.024824524936024706}, {"l": "Liquefied petroleum gas (LPG)", "v": 0.00062793364245796509}, {"l": "Other fossil fuels", "v": 0.018861341677844316}]}, {"source": 97, "prod": 0, "target": 79, "value": 0.2855441924499495, "supply": [{"l": "Gas-Diesel oil", "v": 0.2553563283852785}, {"l": "Natural gas (including LNG)", "v": 0.0068564901274712885}, {"l": "Fuel oil", "v": 0.013070200947458473}, {"l": "Liquefied petroleum gas (LPG)", "v": 0.00033060930308821511}, {"l": "Other fossil fuels", "v": 0.0099305636866529965}]}, {"source": 97, "prod": 0, "target": 16, "value": 0.83617733026243668, "supply": [{"l": "Gas-Diesel oil", "v": 0.74777627624924237}, {"l": "Natural gas (including LNG)", "v": 0.020078298775992879}, {"l": "Fuel oil", "v": 0.038274305775471321}, {"l": "Liquefied petroleum gas (LPG)", "v": 0.00096814437738804507}, {"l": "Other fossil fuels", "v": 0.029080305084342024}]}, {"source": 99, "prod": 156.68268749615768, "target": 0, "value": 2.1090918807144523, "supply": [{"l": "Potash", "v": 2.1700755572916157}, {"l": "Phosphate", "v": 7.65790417279299}, {"l": "Nitrogen", "v": 97.851240356058767}]}, {"source": 99, "prod": 8.0911585631084613, "target": 19, "value": 0.10891437403665771, "supply": [{"l": "Potash", "v": 2.1700755572916157}, {"l": "Phosphate", "v": 7.65790417279299}, {"l": "Nitrogen", "v": 97.851240356058767}]}, {"source": 99, "prod": 0.55673109379186669, "target": 67, "value": 0.0074941083052746131, "supply": [{"l": "Potash", "v": 2.1700755572916157}, {"l": "Phosphate", "v": 7.65790417279299}, {"l": "Nitrogen", "v": 97.851240356058767}]}, {"source": 99, "prod": 0.46394257815988893, "target": 25, "value": 0.0062450902543955116, "supply": [{"l": "Potash", "v": 2.1700755572916157}, {"l": "Phosphate", "v": 7.65790417279299}, {"l": "Nitrogen", "v": 97.851240356058767}]}, {"source": 99, "prod": 34.034827533809448, "target": 10, "value": 0.45813982106245471, "supply": [{"l": "Potash", "v": 2.1700755572916157}, {"l": "Phosphate", "v": 7.65790417279299}, {"l": "Nitrogen", "v": 97.851240356058767}]}, {"source": 99, "prod": 1088.3628941052834, "target": 14, "value": 14.650357227786429, "supply": [{"l": "Potash", "v": 2.1700755572916157}, {"l": "Phosphate", "v": 7.65790417279299}, {"l": "Nitrogen", "v": 97.851240356058767}]}, {"source": 99, "prod": 38.971176565430667, "target": 30, "value": 0.52458758136922301, "supply": [{"l": "Potash", "v": 2.1700755572916157}, {"l": "Phosphate", "v": 7.65790417279299}, {"l": "Nitrogen", "v": 97.851240356058767}]}, {"source": 99, "prod": 8.1653893756140459, "target": 82, "value": 0.109913588477361, "supply": [{"l": "Potash", "v": 2.1700755572916157}, {"l": "Phosphate", "v": 7.65790417279299}, {"l": "Nitrogen", "v": 97.851240356058767}]}, {"source": 99, "prod": 1.9578376798347312, "target": 33, "value": 0.02635428087354906, "supply": [{"l": "Potash", "v": 2.1700755572916157}, {"l": "Phosphate", "v": 7.65790417279299}, {"l": "Nitrogen", "v": 97.851240356058767}]}, {"source": 99, "prod": 856.41944158002855, "target": 4, "value": 11.528186806003939, "supply": [{"l": "Potash", "v": 2.1700755572916157}, {"l": "Phosphate", "v": 7.65790417279299}, {"l": "Nitrogen", "v": 97.851240356058767}]}, {"source": 99, "prod": 95.312363257167576, "target": 35, "value": 1.2829913418630139, "supply": [{"l": "Potash", "v": 2.1700755572916157}, {"l": "Phosphate", "v": 7.65790417279299}, {"l": "Nitrogen", "v": 97.851240356058767}]}, {"source": 99, "prod": 8.0911585631084613, "target": 36, "value": 0.10891437403665771, "supply": [{"l": "Potash", "v": 2.1700755572916157}, {"l": "Phosphate", "v": 7.65790417279299}, {"l": "Nitrogen", "v": 97.851240356058767}]}, {"source": 99, "prod": 682.83996538728775, "target": 39, "value": 9.1916487382244014, "supply": [{"l": "Potash", "v": 2.1700755572916157}, {"l": "Phosphate", "v": 7.65790417279299}, {"l": "Nitrogen", "v": 97.851240356058767}]}, {"source": 99, "prod": 6.7550039380079827, "target": 6, "value": 0.090928514103998645, "supply": [{"l": "Potash", "v": 2.1700755572916157}, {"l": "Phosphate", "v": 7.65790417279299}, {"l": "Nitrogen", "v": 97.851240356058767}]}, {"source": 99, "prod": 9.6685633288520858, "target": 40, "value": 0.13014768090160247, "supply": [{"l": "Potash", "v": 2.1700755572916157}, {"l": "Phosphate", "v": 7.65790417279299}, {"l": "Nitrogen", "v": 97.851240356058767}]}, {"source": 99, "prod": 54.513252933786944, "target": 5, "value": 0.73379810489147257, "supply": [{"l": "Potash", "v": 2.1700755572916157}, {"l": "Phosphate", "v": 7.65790417279299}, {"l": "Nitrogen", "v": 97.851240356058767}]}, {"source": 99, "prod": 5.3538973519651183, "target": 44, "value": 0.072068341535724195, "supply": [{"l": "Potash", "v": 2.1700755572916157}, {"l": "Phosphate", "v": 7.65790417279299}, {"l": "Nitrogen", "v": 97.851240356058767}]}, {"source": 99, "prod": 83.611731435975173, "target": 45, "value": 1.125490165647159, "supply": [{"l": "Potash", "v": 2.1700755572916157}, {"l": "Phosphate", "v": 7.65790417279299}, {"l": "Nitrogen", "v": 97.851240356058767}]}, {"source": 99, "prod": 3.8828001776784871e-15, "target": 95, "value": 5.2266031812730762e-17, "supply": [{"l": "Potash", "v": 2.1700755572916157}, {"l": "Phosphate", "v": 7.65790417279299}, {"l": "Nitrogen", "v": 97.851240356058767}]}, {"source": 99, "prod": 29.070641947498636, "target": 13, "value": 0.39131735534042272, "supply": [{"l": "Potash", "v": 2.1700755572916157}, {"l": "Phosphate", "v": 7.65790417279299}, {"l": "Nitrogen", "v": 97.851240356058767}]}, {"source": 99, "prod": 0.11134621875837335, "target": 50, "value": 0.0014988216610549228, "supply": [{"l": "Potash", "v": 2.1700755572916157}, {"l": "Phosphate", "v": 7.65790417279299}, {"l": "Nitrogen", "v": 97.851240356058767}]}, {"source": 99, "prod": 17.713327634144559, "target": 51, "value": 0.23843754591282063, "supply": [{"l": "Potash", "v": 2.1700755572916157}, {"l": "Phosphate", "v": 7.65790417279299}, {"l": "Nitrogen", "v": 97.851240356058767}]}, {"source": 99, "prod": 225.51320839195878, "target": 52, "value": 3.0356134708565699, "supply": [{"l": "Potash", "v": 2.1700755572916157}, {"l": "Phosphate", "v": 7.65790417279299}, {"l": "Nitrogen", "v": 97.851240356058767}]}, {"source": 99, "prod": 11.709910672755596, "target": 54, "value": 0.15762607802094269, "supply": [{"l": "Potash", "v": 2.1700755572916157}, {"l": "Phosphate", "v": 7.65790417279299}, {"l": "Nitrogen", "v": 97.851240356058767}]}, {"source": 99, "prod": 0.50105798441268001, "target": 55, "value": 0.0067446974747471522, "supply": [{"l": "Potash", "v": 2.1700755572916157}, {"l": "Phosphate", "v": 7.65790417279299}, {"l": "Nitrogen", "v": 97.851240356058767}]}, {"source": 99, "prod": 59.115563309133044, "target": 9, "value": 0.79574940021507601, "supply": [{"l": "Potash", "v": 2.1700755572916157}, {"l": "Phosphate", "v": 7.65790417279299}, {"l": "Nitrogen", "v": 97.851240356058767}]}, {"source": 99, "prod": 18.297895282626019, "target": 58, "value": 0.24630635963335898, "supply": [{"l": "Potash", "v": 2.1700755572916157}, {"l": "Phosphate", "v": 7.65790417279299}, {"l": "Nitrogen", "v": 97.851240356058767}]}, {"source": 99, "prod": 10.206736719517556, "target": 60, "value": 0.13739198559670124, "supply": [{"l": "Potash", "v": 2.1700755572916157}, {"l": "Phosphate", "v": 7.65790417279299}, {"l": "Nitrogen", "v": 97.851240356058767}]}, {"source": 99, "prod": 211.61348875028852, "target": 15, "value": 2.8485105668348805, "supply": [{"l": "Potash", "v": 2.1700755572916157}, {"l": "Phosphate", "v": 7.65790417279299}, {"l": "Nitrogen", "v": 97.851240356058767}]}, {"source": 99, "prod": 3230.4507294304326, "target": 2, "value": 43.484813244966119, "supply": [{"l": "Potash", "v": 2.1700755572916157}, {"l": "Phosphate", "v": 7.65790417279299}, {"l": "Nitrogen", "v": 97.851240356058767}]}, {"source": 99, "prod": 14.02962356355504, "target": 64, "value": 0.18885152929292026, "supply": [{"l": "Potash", "v": 2.1700755572916157}, {"l": "Phosphate", "v": 7.65790417279299}, {"l": "Nitrogen", "v": 97.851240356058767}]}, {"source": 99, "prod": 97.390826007323881, "target": 65, "value": 1.3109693462027057, "supply": [{"l": "Potash", "v": 2.1700755572916157}, {"l": "Phosphate", "v": 7.65790417279299}, {"l": "Nitrogen", "v": 97.851240356058767}]}, {"source": 99, "prod": 11.134621875837334, "target": 68, "value": 0.14988216610549226, "supply": [{"l": "Potash", "v": 2.1700755572916157}, {"l": "Phosphate", "v": 7.65790417279299}, {"l": "Nitrogen", "v": 97.851240356058767}]}, {"source": 99, "prod": 11.867651149329959, "target": 69, "value": 0.1597494087074372, "supply": [{"l": "Potash", "v": 2.1700755572916157}, {"l": "Phosphate", "v": 7.65790417279299}, {"l": "Nitrogen", "v": 97.851240356058767}]}, {"source": 99, "prod": 290.77137143592876, "target": 70, "value": 3.914047866039843, "supply": [{"l": "Potash", "v": 2.1700755572916157}, {"l": "Phosphate", "v": 7.65790417279299}, {"l": "Nitrogen", "v": 97.851240356058767}]}, {"source": 99, "prod": 181.3180383964478, "target": 7, "value": 2.4407061732228539, "supply": [{"l": "Potash", "v": 2.1700755572916157}, {"l": "Phosphate", "v": 7.65790417279299}, {"l": "Nitrogen", "v": 97.851240356058767}]}, {"source": 99, "prod": 29.423238306900156, "target": 42, "value": 0.39606362393376332, "supply": [{"l": "Potash", "v": 2.1700755572916157}, {"l": "Phosphate", "v": 7.65790417279299}, {"l": "Nitrogen", "v": 97.851240356058767}]}, {"source": 99, "prod": 48.398489753639609, "target": 47, "value": 0.65148781533853972, "supply": [{"l": "Potash", "v": 2.1700755572916157}, {"l": "Phosphate", "v": 7.65790417279299}, {"l": "Nitrogen", "v": 97.851240356058767}]}, {"source": 99, "prod": 24.997226111254815, "target": 76, "value": 0.33648546290683018, "supply": [{"l": "Potash", "v": 2.1700755572916157}, {"l": "Phosphate", "v": 7.65790417279299}, {"l": "Nitrogen", "v": 97.851240356058767}]}, {"source": 99, "prod": 109.23064060196424, "target": 78, "value": 1.4703440494948792, "supply": [{"l": "Potash", "v": 2.1700755572916157}, {"l": "Phosphate", "v": 7.65790417279299}, {"l": "Nitrogen", "v": 97.851240356058767}]}, {"source": 99, "prod": 57.510321988699829, "target": 79, "value": 0.77414138793486764, "supply": [{"l": "Potash", "v": 2.1700755572916157}, {"l": "Phosphate", "v": 7.65790417279299}, {"l": "Nitrogen", "v": 97.851240356058767}]}, {"source": 99, "prod": 168.41115587203967, "target": 16, "value": 2.2669677623455704, "supply": [{"l": "Potash", "v": 2.1700755572916157}, {"l": "Phosphate", "v": 7.65790417279299}, {"l": "Nitrogen", "v": 97.851240356058767}]}, {"source": 97, "prod": 0, "target": 99, "value": 128.78360998378125, "supply": [{"l": "Natural gas (including LNG)", "v": 87.310046024872108}, {"l": "Fuel oil", "v": 24.176284106476675}, {"l": "Liquefied petroleum gas (LPG)", "v": 8.6486399262162283}, {"l": "Coal", "v": 8.6486399262162283}]}, {"source": 100, "prod": 0, "target": 19, "value": 0.11625099408372778, "supply": "[{\"l\":'Labor',\"v\":0.11625099408372778}]"}, {"source": 100, "prod": 0, "target": 31, "value": 0.00039994608056328373, "supply": "[{\"l\":'Labor',\"v\":0.00039994608056328373}]"}, {"source": 100, "prod": 0, "target": 35, "value": 1.3694153798486834, "supply": "[{\"l\":'Labor',\"v\":1.3694153798486834}]"}, {"source": 100, "prod": 0, "target": 36, "value": 0.11625099408372778, "supply": "[{\"l\":'Labor',\"v\":0.11625099408372778}]"}, {"source": 100, "prod": 0, "target": 39, "value": 9.8108106715775367, "supply": "[{\"l\":'Labor',\"v\":9.8108106715775367}]"}, {"source": 100, "prod": 0, "target": 40, "value": 0.1389146053156472, "supply": "[{\"l\":'Labor',\"v\":0.1389146053156472}]"}, {"source": 100, "prod": 0, "target": 54, "value": 0.16824398455695466, "supply": "[{\"l\":'Labor',\"v\":0.16824398455695466}]"}, {"source": 100, "prod": 0, "target": 16, "value": 2.4196737874078664, "supply": "[{\"l\":'Labor',\"v\":2.4196737874078664}]"}, {"source": 100, "prod": 0, "target": 15, "value": 3.0403901044420825, "supply": "[{\"l\":'Labor',\"v\":3.0403901044420825}]"}, {"source": 100, "prod": 0, "target": 25, "value": 0.0066657680093880614, "supply": "[{\"l\":'Labor',\"v\":0.0066657680093880614}]"}, {"source": 100, "prod": 0, "target": 14, "value": 15.637225173223454, "supply": "[{\"l\":'Labor',\"v\":15.637225173223454}]"}, {"source": 100, "prod": 0, "target": 33, "value": 0.028129540999617623, "supply": "[{\"l\":'Labor',\"v\":0.028129540999617623}]"}, {"source": 100, "prod": 0, "target": 4, "value": 12.304741114609987, "supply": "[{\"l\":'Labor',\"v\":12.304741114609987}]"}, {"source": 100, "prod": 0, "target": 45, "value": 1.2013047106519164, "supply": "[{\"l\":'Labor',\"v\":1.2013047106519164}]"}, {"source": 100, "prod": 0, "target": 13, "value": 0.41767702346825591, "supply": "[{\"l\":'Labor',\"v\":0.41767702346825591}]"}, {"source": 100, "prod": 0, "target": 20, "value": 0.0049326683269471658, "supply": "[{\"l\":'Labor',\"v\":0.0049326683269471658}]"}, {"source": 100, "prod": 0, "target": 51, "value": 0.25449902259843621, "supply": "[{\"l\":'Labor',\"v\":0.25449902259843621}]"}, {"source": 100, "prod": 0, "target": 9, "value": 0.8493521597562268, "supply": "[{\"l\":'Labor',\"v\":0.8493521597562268}]"}, {"source": 100, "prod": 0, "target": 79, "value": 0.82628860244374414, "supply": "[{\"l\":'Labor',\"v\":0.82628860244374414}]"}, {"source": 100, "prod": 0, "target": 0, "value": 2.2511631721305361, "supply": "[{\"l\":'Labor',\"v\":2.2511631721305361}]"}, {"source": 100, "prod": 0, "target": 74, "value": 0.0055992451278859719, "supply": "[{\"l\":'Labor',\"v\":0.0055992451278859719}]"}, {"source": 100, "prod": 0, "target": 10, "value": 0.48900074116870818, "supply": "[{\"l\":'Labor',\"v\":0.48900074116870818}]"}, {"source": 100, "prod": 0, "target": 30, "value": 0.55992451278859723, "supply": "[{\"l\":'Labor',\"v\":0.55992451278859723}]"}, {"source": 100, "prod": 0, "target": 82, "value": 0.11731751696522989, "supply": "[{\"l\":'Labor',\"v\":0.11731751696522989}]"}, {"source": 100, "prod": 0, "target": 55, "value": 0.0071990294501391066, "supply": "[{\"l\":'Labor',\"v\":0.0071990294501391066}]"}, {"source": 100, "prod": 0, "target": 6, "value": 0.097053582216690179, "supply": "[{\"l\":'Labor',\"v\":0.097053582216690179}]"}, {"source": 100, "prod": 0, "target": 44, "value": 0.076922962828338229, "supply": "[{\"l\":'Labor',\"v\":0.076922962828338229}]"}, {"source": 100, "prod": 0, "target": 5, "value": 0.78322774110309723, "supply": "[{\"l\":'Labor',\"v\":0.78322774110309723}]"}, {"source": 100, "prod": 0, "target": 2, "value": 46.414009280089445, "supply": "[{\"l\":'Labor',\"v\":46.414009280089445}]"}, {"source": 100, "prod": 0, "target": 64, "value": 0.20157282460389497, "supply": "[{\"l\":'Labor',\"v\":0.20157282460389497}]"}, {"source": 100, "prod": 0, "target": 69, "value": 0.17051034568014664, "supply": "[{\"l\":'Labor',\"v\":0.17051034568014664}]"}, {"source": 100, "prod": 0, "target": 70, "value": 4.1777034422038737, "supply": "[{\"l\":'Labor',\"v\":4.1777034422038737}]"}, {"source": 100, "prod": 0, "target": 67, "value": 0.0079989216112656743, "supply": "[{\"l\":'Labor',\"v\":0.0079989216112656743}]"}, {"source": 100, "prod": 0, "target": 95, "value": 5.5786742647914203e-17, "supply": "[{\"l\":'Labor',\"v\":5.5786742647914203e-17}]"}, {"source": 100, "prod": 0, "target": 50, "value": 0.0015997843222531349, "supply": "[{\"l\":'Labor',\"v\":0.0015997843222531349}]"}, {"source": 100, "prod": 0, "target": 52, "value": 3.2400965140033491, "supply": "[{\"l\":'Labor',\"v\":3.2400965140033491}]"}, {"source": 100, "prod": 0, "target": 58, "value": 0.26289789029026517, "supply": "[{\"l\":'Labor',\"v\":0.26289789029026517}]"}, {"source": 100, "prod": 0, "target": 60, "value": 0.14664689620653737, "supply": "[{\"l\":'Labor',\"v\":0.14664689620653737}]"}, {"source": 100, "prod": 0, "target": 65, "value": 1.3992780205307418, "supply": "[{\"l\":'Labor',\"v\":1.3992780205307418}]"}, {"source": 100, "prod": 0, "target": 68, "value": 0.15997843222531349, "supply": "[{\"l\":'Labor',\"v\":0.15997843222531349}]"}, {"source": 100, "prod": 0, "target": 7, "value": 2.6051154534290424, "supply": "[{\"l\":'Labor',\"v\":2.6051154534290424}]"}, {"source": 100, "prod": 0, "target": 42, "value": 0.42274300715539087, "supply": "[{\"l\":'Labor',\"v\":0.42274300715539087}]"}, {"source": 100, "prod": 0, "target": 47, "value": 0.69537291873936258, "supply": "[{\"l\":'Labor',\"v\":0.69537291873936258}]"}, {"source": 100, "prod": 0, "target": 76, "value": 0.35915158034582878, "supply": "[{\"l\":'Labor',\"v\":0.35915158034582878}]"}, {"source": 100, "prod": 0, "target": 78, "value": 1.5693884201303252, "supply": "[{\"l\":'Labor',\"v\":1.5693884201303252}]"}, {"source": 97, "prod": 0, "target": 88, "value": 11.872299507740417, "supply": "[{\"l\":'Fossil Fuels',\"v\":11.872299507740417}]"}, {"source": 98, "prod": 0, "target": 88, "value": 13.457237991377605, "supply": "[{\"l\":'Renewables & Nuclear',\"v\":0.59639201901235472},{\"l\":'Biomass & Waste',\"v\":12.860845972365251}]"}]}