{"nodes": [{"layer": 13, "name": "Animal Products", "fill": "#17becf"}, {"layer": 10, "name": "Feed", "fill": "#dbdb8d"}, {"layer": 5, "name": "Cereals", "fill": "#e7ba52"}, {"layer": 5, "name": "Oilcrops", "fill": "#ff9896"}, {"layer": 5, "name": "Sugar Crops", "fill": "#ffbb78"}, {"layer": 5, "name": "Starchy Roots"}, {"layer": 5, "name": "Fruits & Vegetables"}, {"layer": 13, "name": "Aquatic Products", "fill": "#1f77b4"}, {"layer": 13, "name": "Other Processed", "fill": "#9c9ede"}, {"layer": 16, "name": "Food", "fill": "#b5cf6b"}, {"layer": 13, "name": "Sugar", "fill": "#d6616b"}, {"layer": 5, "name": "Others"}, {"layer": 13, "name": "Vegetable Oils", "fill": "#f7b6d2"}, {"layer": 10, "name": "Processing", "fill": "#9edae5"}, {"layer": 16, "name": "Biofuels & Other", "fill": "#e7ba52"}, {"name": "Waste", "fill": "#c7c7c7"}, {"layer": 2, "name": "Import", "fill": "#aec7e8"}, {"layer": 16, "name": "Export", "fill": "#aec7e8"}, {"layer": 16, "name": "Stock Deposit", "fill": "#c7c7c7"}, {"layer": 0, "name": "Stock Draw", "fill": "#c7c7c7"}, {"layer": 2, "name": "Electricity", "fill": "#bcbd22"}, {"layer": 0, "name": "Fossil Fuels", "fill": "#c49c94"}, {"layer": 0, "name": "Renewables & Nuclear", "fill": "#2ca02c"}, {"layer": 2, "name": "Fertilizers", "fill": "#c5b0d5"}, {"layer": 0, "name": "Labor", "fill": "#7f7f7f"}], "links": [{"source": 0, "prod": 1281.0, "target": 1, "value": 0.96502941713427193, "supply": [{"l": "Milk - Excluding Butter", "v": 0.85635096876876393}, {"l": "Bovine Meat", "v": 0.020409840599625851}, {"l": "Eggs", "v": 0.088268607765882162}]}, {"source": 2, "prod": 4975.0, "target": 1, "value": 15.352127471735518, "supply": [{"l": "Maize", "v": 1.2608960371930693}, {"l": "Oats", "v": 0.41590416376173422}, {"l": "Rye", "v": 0.028653862445212504}, {"l": "Barley", "v": 3.6336419767479624}, {"l": "Rice", "v": 0.0041845176087844417}, {"l": "Cereals, Other", "v": 0.98193937970143419}, {"l": "Wheat", "v": 8.9473134719295064}, {"l": "Millet", "v": 0.079594062347812508}]}, {"source": 3, "prod": 156.0, "target": 1, "value": 0.57944477389207505, "supply": [{"l": "Soyabeans", "v": 0.00371438957623125}, {"l": "Sunflower seed", "v": 0.014857558304925}, {"l": "Sesame seed", "v": 0.00371438957623125}, {"l": "Cottonseed", "v": 0.07057340194839376}, {"l": "Rape and Mustardseed", "v": 0.018571947881156251}, {"l": "Oilcrops, Other", "v": 0.46801308660513752}]}, {"source": 4, "prod": 6.0, "target": 1, "value": 0.0069733333200000004, "supply": [{"l": "Sugar beet", "v": 0.0069733333200000004}]}, {"source": 5, "prod": 391.0, "target": 1, "value": 0.30524027463738745, "supply": [{"l": "Potatoes", "v": 0.30524027463738745}]}, {"source": 6, "prod": 481.0, "target": 1, "value": 0.35861051757205942, "supply": [{"l": "Beans", "v": 0.01835682879372973}, {"l": "Vegetables, Other", "v": 0.095855214870483874}, {"l": "Peas", "v": 0.14685463034983784}, {"l": "Onions", "v": 0.028705735581521501}, {"l": "Pulses, Other", "v": 0.068838107976486484}]}, {"source": 7, "prod": 26.0, "target": 1, "value": 0.024110553292597488, "supply": [{"l": "Fish, Seafood", "v": 0.010971216016133201}, {"l": "Pelagic Fish", "v": 0.013139337276464286}]}, {"source": 8, "prod": 667.0, "target": 9, "value": 0.98075072188173118, "supply": [{"l": "Beer", "v": 0.28034971949464005}, {"l": "Beverages, Alcoholic", "v": 0.27387204248709679}, {"l": "Fats, Animals, Raw", "v": 0.17829069965910002}, {"l": "Butter, Ghee", "v": 0.18540734523372798}, {"l": "Wine", "v": 0.027047893753592924}, {"l": "Beverages, Fermented", "v": 0.00075133038204424794}, {"l": "Cream", "v": 0.035031690871529131}]}, {"source": 0, "prod": 5882.0, "target": 9, "value": 5.9290968651803491, "supply": [{"l": "Pigmeat", "v": 0.61461437419312615}, {"l": "Meat, Other", "v": 0.089209184666520683}, {"l": "Eggs", "v": 0.22557533095725441}, {"l": "Mutton & Goat Meat", "v": 0.42303628793619097}, {"l": "Poultry Meat", "v": 0.36825387351755057}, {"l": "Milk - Excluding Butter", "v": 3.1844453990392179}, {"l": "Offals, Edible", "v": 0.11572450818713786}, {"l": "Bovine Meat", "v": 0.90823790668335025}]}, {"source": 2, "prod": 1891.0, "target": 9, "value": 6.2538659431039436, "supply": [{"l": "Maize", "v": 0.053798230920237632}, {"l": "Rye", "v": 0.041388912420862498}, {"l": "Barley", "v": 0.30626410946875682}, {"l": "Rice", "v": 0.56909439479468416}, {"l": "Cereals, Other", "v": 0.10389119716977632}, {"l": "Wheat", "v": 5.0370061027158695}, {"l": "Oats", "v": 0.12332042065028168}, {"l": "Millet", "v": 0.019102574963475002}]}, {"source": 3, "prod": 25.0, "target": 9, "value": 0.09630428446956199, "supply": [{"l": "Olives", "v": 0.0068468010621774199}, {"l": "Sunflower seed", "v": 0.048287064491006254}, {"l": "Groundnuts", "v": 0.037456029340147058}, {"l": "Rape and Mustardseed", "v": 0.00371438957623125}]}, {"source": 10, "prod": 459.0, "target": 9, "value": 1.9134797947521618, "supply": [{"l": "Sugar", "v": 1.8946666527426788}, {"l": "Sweeteners, Other", "v": 0.013506871186295457}, {"l": "Honey", "v": 0.0053062708231875}]}, {"source": 5, "prod": 1742.0, "target": 9, "value": 1.3599195867476441, "supply": [{"l": "Potatoes", "v": 1.3599195867476441}]}, {"source": 6, "prod": 4811.0, "target": 9, "value": 1.7483959340054465, "supply": [{"l": "Vegetables, Other", "v": 0.66961714388095162}, {"l": "Citrus, Other", "v": 0.00069502791638727951}, {"l": "Grapefruit", "v": 0.0020850837491618386}, {"l": "Tomatoes", "v": 0.15712662923644241}, {"l": "Treenuts", "v": 0.10926303747224349}, {"l": "Peas", "v": 0.027535243190594593}, {"l": "Grapes", "v": 0.088963573297571777}, {"l": "Dates", "v": 0.0056600222113999997}, {"l": "Apples", "v": 0.26659091279540581}, {"l": "Lemons, Limes", "v": 0.0034751395819363983}, {"l": "Pineapples", "v": 0.0070750277642500003}, {"l": "Bananas", "v": 0.034357149214883094}, {"l": "Fruits, Other", "v": 0.19131120628640955}, {"l": "Oranges, Mandarines", "v": 0.027476835098978181}, {"l": "Onions", "v": 0.15716390230883023}]}, {"source": 11, "prod": 121.0, "target": 9, "value": 0.38529497387466871, "supply": [{"l": "Nuts", "v": 0.10879003731002598}, {"l": "Pepper", "v": 0.0011622222200000001}, {"l": "Cocoa Beans", "v": 0.2330337269849844}, {"l": "Pimento", "v": 0.0037733481409333329}, {"l": "Coffee", "v": 0.006872884113842858}, {"l": "Spices, Other", "v": 0.0039098837644539475}, {"l": "Tea", "v": 0.01360281581192818}, {"l": "Infant food", "v": 0.014150055528500001}]}, {"source": 7, "prod": 162.0, "target": 9, "value": 0.146192764163873, "supply": [{"l": "Crustaceans", "v": 0.00084393969354870776}, {"l": "Marine Fish, Other", "v": 0.020302253584369566}, {"l": "Demersal Fish", "v": 0.00087827930866551734}, {"l": "Freshwater Fish", "v": 0.020600816137080886}, {"l": "Pelagic Fish", "v": 0.034364420569214287}, {"l": "Fish, Seafood", "v": 0.068359115177445334}, {"l": "Molluscs, Other", "v": 0.00084393969354870776}]}, {"source": 12, "prod": 252.0, "target": 9, "value": 2.5990244681455965, "supply": [{"l": "Soyabean Oil", "v": 0.0424501665855}, {"l": "Sunflowerseed Oil", "v": 2.2325689994542341}, {"l": "Olive Oil", "v": 0.0070750277642500003}, {"l": "Rape and Mustard Oil", "v": 0.13272393856479117}, {"l": "Oilcrops Oil, Other", "v": 0.081504319844160011}, {"l": "Cottonseed Oil", "v": 0.10270201593266132}]}, {"source": 5, "prod": 10.0, "target": 13, "value": 0.0078066566403423897, "supply": [{"l": "Potatoes", "v": 0.0078066566403423897}]}, {"source": 4, "prod": 200.0, "target": 13, "value": 0.23244444400000003, "supply": [{"l": "Sugar beet", "v": 0.23244444400000003}]}, {"source": 6, "prod": 65.0, "target": 13, "value": 0.027331807445574997, "supply": [{"l": "Vegetables, Other", "v": 0.011502625784458065}, {"l": "Grapes", "v": 0.01529061416052015}, {"l": "Apples", "v": 0.00053856750059677941}]}, {"source": 2, "prod": 208.0, "target": 13, "value": 0.62031183935757106, "supply": [{"l": "Wheat", "v": 0.37114781809485359}, {"l": "Barley", "v": 0.24916402126271742}]}, {"source": 3, "prod": 562.83870967741939, "target": 13, "value": 2.0931697867235695, "supply": [{"l": "Sunflower seed", "v": 1.1403175999029938}, {"l": "Soyabeans", "v": 0.12257485601563126}, {"l": "Cottonseed", "v": 0.42344041169036251}, {"l": "Rape and Mustardseed", "v": 0.29715116609850001}, {"l": "Oilcrops, Other", "v": 0.089145349829550011}, {"l": "Oil Palm", "v": 0.02054040318653233}]}, {"source": 8, "prod": 59.0, "target": 14, "value": 0.49317326277384427, "supply": [{"l": "Alcohol, Non-Food", "v": 0.00075133038204424794}, {"l": "Fats, Animals, Raw", "v": 0.49242193239180004}]}, {"source": 0, "prod": 107.0, "target": 14, "value": 0.14642583751285815, "supply": [{"l": "Poultry Meat", "v": 0.002854681190058531}, {"l": "Offals, Edible", "v": 0.031206608949340544}, {"l": "Milk - Excluding Butter", "v": 0.035827645124862147}, {"l": "Bovine Meat", "v": 0.076536902248596925}]}, {"source": 2, "prod": 760.0, "target": 14, "value": 2.5199601402008307, "supply": [{"l": "Maize", "v": 0.10087168297544556}, {"l": "Wheat", "v": 2.419088457225385}]}, {"source": 3, "prod": 1.0, "target": 14, "value": 0.00371438957623125, "supply": [{"l": "Sunflower seed", "v": 0.00371438957623125}]}, {"source": 4, "prod": 21.0, "target": 14, "value": 0.02440666662, "supply": [{"l": "Sugar beet", "v": 0.02440666662}]}, {"source": 5, "prod": 132.0, "target": 14, "value": 0.10304786765251955, "supply": [{"l": "Potatoes", "v": 0.10148653632445108}, {"l": "Cassava", "v": 0.001561331328068478}]}, {"source": 6, "prod": 298.0, "target": 14, "value": 0.081613868661154831, "supply": [{"l": "Vegetables, Other", "v": 0.081613868661154831}]}, {"source": 12, "prod": 30.0, "target": 14, "value": 0.30673460754471943, "supply": [{"l": "Coconut Oil", "v": 0.01027020159326613}, {"l": "Rape and Mustard Oil", "v": 0.051047668678765826}, {"l": "Cottonseed Oil", "v": 0.01027020159326613}, {"l": "Palmkernel Oil", "v": 0.01027020159326613}, {"l": "Oilcrops Oil, Other", "v": 0.13244451974676003}, {"l": "Palm Oil", "v": 0.092431814339395194}]}, {"source": 5, "prod": 397.0, "target": 5, "value": 0.30992426862159284, "supply": [{"l": "Potatoes", "v": 0.30992426862159284}]}, {"source": 6, "prod": 50.0, "target": 6, "value": 0.11726164586704291, "supply": [{"l": "Vegetables, Other", "v": 0.0071206731046645159}, {"l": "Peas", "v": 0.10555176556394595}, {"l": "Pulses, Other", "v": 0.0045892071984324325}]}, {"source": 0, "prod": 5.0, "target": 0, "value": 0.0081730192375816819, "supply": [{"l": "Eggs", "v": 0.0081730192375816819}]}, {"source": 2, "prod": 2949.0, "target": 2, "value": 9.5706976777908288, "supply": [{"l": "Maize", "v": 0.070610178082811878}, {"l": "Wheat", "v": 8.6987769865981299}, {"l": "Oats", "v": 0.067705328984468377}, {"l": "Rye", "v": 0.015918812469562501}, {"l": "Millet", "v": 0.0063675249878250009}, {"l": "Barley", "v": 0.66443739003391311}, {"l": "Rice", "v": 0.033476140870275534}, {"l": "Cereals, Other", "v": 0.013405315763842107}]}, {"source": 3, "prod": 35.0, "target": 3, "value": 0.13253191714855367, "supply": [{"l": "Sunflower seed", "v": 0.055715843643468752}, {"l": "Soyabeans", "v": 0.011143168728693751}, {"l": "Cottonseed", "v": 0.0074287791524625}, {"l": "Rape and Mustardseed", "v": 0.022286337457387503}, {"l": "Groundnuts", "v": 0.0062426715566911775}, {"l": "Oilcrops, Other", "v": 0.02971511660985}]}, {"source": 0, "prod": 81.0, "target": 15, "value": 0.11648668308032899, "supply": [{"l": "Milk - Excluding Butter", "v": 0.022480091058737033}, {"l": "Bovine Meat", "v": 0.043370911274204928}, {"l": "Eggs", "v": 0.044134303882941081}, {"l": "Offals, Edible", "v": 0.0065013768644459459}]}, {"source": 2, "prod": 1450.0, "target": 15, "value": 4.6753900174203915, "supply": [{"l": "Maize", "v": 0.11768363013801983}, {"l": "Oats", "v": 0.024180474637310129}, {"l": "Rye", "v": 0.0031837624939125004}, {"l": "Rice", "v": 0.10879745782839549}, {"l": "Cereals, Other", "v": 0.053621263055368427}, {"l": "Wheat", "v": 3.8340895137120139}, {"l": "Millet", "v": 0.0095512874817375009}, {"l": "Barley", "v": 0.52428262807363457}]}, {"source": 3, "prod": 20.0, "target": 15, "value": 0.074287791524625002, "supply": [{"l": "Soyabeans", "v": 0.00371438957623125}, {"l": "Sunflower seed", "v": 0.037143895762312501}, {"l": "Rape and Mustardseed", "v": 0.0074287791524625}, {"l": "Oilcrops, Other", "v": 0.026000727033618755}]}, {"source": 4, "prod": 4.0, "target": 15, "value": 0.0046488888800000003, "supply": [{"l": "Sugar beet", "v": 0.0046488888800000003}]}, {"source": 5, "prod": 442.0, "target": 15, "value": 0.34505422350313358, "supply": [{"l": "Potatoes", "v": 0.34505422350313358}]}, {"source": 6, "prod": 136.0, "target": 15, "value": 0.050086750666280981, "supply": [{"l": "Fruits, Other", "v": 0.0020626545152173537}, {"l": "Apples", "v": 0.00053856750059677941}, {"l": "Tomatoes", "v": 0.0025514472947730836}, {"l": "Vegetables, Other", "v": 0.027661076291196775}, {"l": "Peas", "v": 0.0045892071984324325}, {"l": "Grapes", "v": 0.0048651954147109575}, {"l": "Pulses, Other", "v": 0.0045892071984324325}, {"l": "Onions", "v": 0.0032293952529211687}]}, {"source": 16, "prod": 127.0, "target": 11, "value": 0.41683443439122558, "supply": [{"l": "Nuts", "v": 0.10584976603137662}, {"l": "Cocoa Beans", "v": 0.26310259498304689}, {"l": "Coffee", "v": 0.0072771714146571435}, {"l": "Pimento", "v": 0.0037733481409333329}, {"l": "Pepper", "v": 0.0011622222200000001}, {"l": "Spices, Other", "v": 0.0039098837644539475}, {"l": "Tea", "v": 0.014071878426132597}, {"l": "Infant food", "v": 0.017687569410625003}]}, {"source": 16, "prod": 1057.0, "target": 1, "value": 1.0439858015992887, "supply": [{"l": "Freshwater Fish", "v": 0.0028092022005110299}, {"l": "Pigmeat", "v": 0.13508008224024751}, {"l": "Meat, Other", "v": 0.004149264403093985}, {"l": "Crustaceans", "v": 0.00084393969354870776}, {"l": "Eggs", "v": 0.026153661560261381}, {"l": "Marine Fish, Other", "v": 0.020302253584369566}, {"l": "Demersal Fish", "v": 0.00087827930866551734}, {"l": "Milk - Excluding Butter", "v": 0.42922923865276019}, {"l": "Pelagic Fish", "v": 0.063675249878250004}, {"l": "Fish, Seafood", "v": 0.076798512112932399}, {"l": "Molluscs, Other", "v": 0.00084393969354870776}, {"l": "Poultry Meat", "v": 0.22694715460965323}, {"l": "Offals, Edible", "v": 0.007801652237335136}, {"l": "Bovine Meat", "v": 0.048473371424111393}]}, {"source": 16, "prod": 787.0, "target": 13, "value": 4.1189862356470472, "supply": [{"l": "Sugar", "v": 1.8484552709684672}, {"l": "Beer", "v": 0.039477817643122783}, {"l": "Beverages, Alcoholic", "v": 0.06504461009068549}, {"l": "Fats, Animals, Raw", "v": 0.18678073297620001}, {"l": "Butter, Ghee", "v": 0.058993246210731626}, {"l": "Palm Oil", "v": 0.11297221752592743}, {"l": "Sunflowerseed Oil", "v": 1.5607311060999505}, {"l": "Olive Oil", "v": 0.0070750277642500003}, {"l": "Coconut Oil", "v": 0.01027020159326613}, {"l": "Oilcrops Oil, Other", "v": 0.14263255972728001}, {"l": "Wine", "v": 0.013523946876796462}, {"l": "Sweeteners, Other", "v": 0.05788659079840909}, {"l": "Beverages, Fermented", "v": 0.00075133038204424794}, {"l": "Palmkernel Oil", "v": 0.01027020159326613}, {"l": "Cream", "v": 0.0041213753966504859}]}, {"source": 16, "prod": 263.0, "target": 2, "value": 0.83509073862987959, "supply": [{"l": "Maize", "v": 0.020174336595089111}, {"l": "Rye", "v": 0.0063675249878250009}, {"l": "Barley", "v": 0.16351388895365829}, {"l": "Rice", "v": 0.066952281740551067}, {"l": "Cereals, Other", "v": 0.020107973645763159}, {"l": "Wheat", "v": 0.54346644792460697}, {"l": "Oats", "v": 0.014508284782386078}]}, {"source": 16, "prod": 1534.0, "target": 6, "value": 0.8364370129751818, "supply": [{"l": "Citrus, Other", "v": 0.00069502791638727951}, {"l": "Grapefruit", "v": 0.0020850837491618386}, {"l": "Tomatoes", "v": 0.019773716534491396}, {"l": "Treenuts", "v": 0.10630998240542608}, {"l": "Vegetables, Other", "v": 0.080244508448719359}, {"l": "Peas", "v": 0.0045892071984324325}, {"l": "Grapes", "v": 0.070892847471502526}, {"l": "Dates", "v": 0.0084900333171}, {"l": "Beans", "v": 0.027535243190594593}, {"l": "Apples", "v": 0.23858540276437332}, {"l": "Lemons, Limes", "v": 0.0034751395819363983}, {"l": "Pineapples", "v": 0.0070750277642500003}, {"l": "Bananas", "v": 0.034357149214883094}, {"l": "Fruits, Other", "v": 0.1794509428239098}, {"l": "Oranges, Mandarines", "v": 0.027476835098978181}, {"l": "Pulses, Other", "v": 0.0045892071984324325}, {"l": "Onions", "v": 0.02081165829660309}]}, {"source": 16, "prod": 20.0, "target": 3, "value": 0.080260618568865669, "supply": [{"l": "Olives", "v": 0.0068468010621774199}, {"l": "Sunflower seed", "v": 0.014857558304925}, {"l": "Sesame seed", "v": 0.00371438957623125}, {"l": "Groundnuts", "v": 0.043698700896838236}, {"l": "Oilcrops, Other", "v": 0.00371438957623125}, {"l": "Soyabeans", "v": 0.00371438957623125}, {"l": "Rape and Mustardseed", "v": 0.00371438957623125}]}, {"source": 16, "prod": 189.0, "target": 5, "value": 0.14754581050247118, "supply": [{"l": "Potatoes", "v": 0.14598447917440269}, {"l": "Cassava", "v": 0.001561331328068478}]}, {"source": 8, "prod": 7.0, "target": 17, "value": 0.012102075122558942, "supply": [{"l": "Alcohol, Non-Food", "v": 0.00075133038204424794}, {"l": "Beer", "v": 0.0028607114234146945}, {"l": "Fats, Animals, Raw", "v": 0.0084900333171}]}, {"source": 0, "prod": 9.0, "target": 17, "value": 0.0063225256102697903, "supply": [{"l": "Milk - Excluding Butter", "v": 0.0063225256102697903}]}, {"source": 2, "prod": 5974.0, "target": 17, "value": 19.474767584157743, "supply": [{"l": "Maize", "v": 0.04371106262269308}, {"l": "Rye", "v": 0.0063675249878250009}, {"l": "Barley", "v": 1.3600202827256658}, {"l": "Rice", "v": 0.27199364457098874}, {"l": "Cereals, Other", "v": 0.013405315763842107}, {"l": "Wheat", "v": 17.772015611095533}, {"l": "Oats", "v": 0.0072541423911930388}]}, {"source": 3, "prod": 174.0, "target": 17, "value": 0.64883206824469752, "supply": [{"l": "Sunflower seed", "v": 0.014857558304925}, {"l": "Groundnuts", "v": 0.0062426715566911775}, {"l": "Oilcrops, Other", "v": 0.41229724296166881}, {"l": "Soyabeans", "v": 0.022286337457387503}, {"l": "Rape and Mustardseed", "v": 0.19314825796402502}]}, {"source": 10, "prod": 25.0, "target": 17, "value": 0.077768087507068345, "supply": [{"l": "Sugar", "v": 0.054613451187704713}, {"l": "Sweeteners, Other", "v": 0.023154636319363639}]}, {"source": 5, "prod": 1.0, "target": 17, "value": 0.00078066566403423899, "supply": [{"l": "Potatoes", "v": 0.00078066566403423899}]}, {"source": 6, "prod": 139.0, "target": 17, "value": 0.10040646310447862, "supply": [{"l": "Vegetables, Other", "v": 0.0016432322549225806}, {"l": "Tomatoes", "v": 0.00085048243159102795}, {"l": "Treenuts", "v": 0.0029530550668173915}, {"l": "Peas", "v": 0.01835682879372973}, {"l": "Grapes", "v": 0.001390055832774559}, {"l": "Dates", "v": 0.0028300111056999999}, {"l": "Apples", "v": 0.032314050035806764}, {"l": "Fruits, Other", "v": 0.018048227008151844}, {"l": "Onions", "v": 0.0082528989796874317}, {"l": "Pulses, Other", "v": 0.013767621595297297}]}, {"source": 11, "prod": 8.0, "target": 17, "value": 0.037420003073855561, "supply": [{"l": "Nuts", "v": 0.0029402712786493505}, {"l": "Infant food", "v": 0.0035375138821250002}, {"l": "Coffee", "v": 0.00040428730081428573}, {"l": "Cocoa Beans", "v": 0.030068867998062503}, {"l": "Tea", "v": 0.00046906261420441993}]}, {"source": 7, "prod": 80.0, "target": 17, "value": 0.07240269737860798, "supply": [{"l": "Freshwater Fish", "v": 0.022473617604088239}, {"l": "Fish, Seafood", "v": 0.033757587741948314}, {"l": "Pelagic Fish", "v": 0.016171492032571427}]}, {"source": 12, "prod": 29.0, "target": 17, "value": 0.29916688880227371, "supply": [{"l": "Soyabean Oil", "v": 0.02122508329275}, {"l": "Palm Oil", "v": 0.030810604779798391}, {"l": "Sunflowerseed Oil", "v": 0.12403161108079078}, {"l": "Rape and Mustard Oil", "v": 0.010209533735753167}, {"l": "Oilcrops Oil, Other", "v": 0.010188039980520001}, {"l": "Cottonseed Oil", "v": 0.10270201593266132}]}, {"source": 12, "prod": 105.0, "target": 18, "value": 1.0833800891422283, "supply": [{"l": "Rape and Mustard Oil", "v": 0.15314300603629749}, {"l": "Sunflowerseed Oil", "v": 0.93023708310593078}]}, {"source": 19, "prod": 30.0, "target": 4, "value": 0.034866666599999999, "supply": [{"l": "Sugar beet", "v": 0.034866666599999999}]}, {"source": 11, "prod": 1.0, "target": 18, "value": 0.0037733481409333329, "supply": [{"l": "Pimento", "v": 0.0037733481409333329}]}, {"source": 2, "prod": 8768.0, "target": 18, "value": 29.02113764483855, "supply": [{"l": "Wheat", "v": 28.797094100395338}, {"l": "Barley", "v": 0.15572751328919837}, {"l": "Millet", "v": 0.022286337457387503}, {"l": "Rice", "v": 0.046029693696628869}]}, {"source": 6, "prod": 53.0, "target": 18, "value": 0.24322798151691891, "supply": [{"l": "Peas", "v": 0.22946035992162161}, {"l": "Beans", "v": 0.013767621595297297}]}, {"source": 3, "prod": 363.0, "target": 18, "value": 1.3483234161719437, "supply": [{"l": "Sunflower seed", "v": 0.22286337457387501}, {"l": "Soyabeans", "v": 0.33058067228458127}, {"l": "Cottonseed", "v": 0.18571947881156251}, {"l": "Rape and Mustardseed", "v": 0.018571947881156251}, {"l": "Oilcrops, Other", "v": 0.59058794262076875}]}, {"source": 5, "prod": 150.0, "target": 18, "value": 0.11709984960513584, "supply": [{"l": "Potatoes", "v": 0.11709984960513584}]}, {"source": 10, "prod": 11.0, "target": 18, "value": 0.023496564972882883, "supply": [{"l": "Sweeteners, Other", "v": 0.019295530266136365}, {"l": "Sugar", "v": 0.0042010347067465165}]}, {"source": 19, "prod": 3.0, "target": 2, "value": 0.010087168297544555, "supply": [{"l": "Maize", "v": 0.010087168297544555}]}, {"source": 1, "prod": 268.0, "target": 7, "value": 0.24270601483507848, "supply": [{"l": "Pelagic Fish", "v": 0.063675249878250004}, {"l": "Crustaceans", "v": 0.00084393969354870776}, {"l": "Freshwater Fish", "v": 0.043074433741169121}, {"l": "Molluscs, Other", "v": 0.00084393969354870776}, {"l": "Demersal Fish", "v": 0.00087827930866551734}, {"l": "Fish, Seafood", "v": 0.11308791893552685}, {"l": "Marine Fish, Other", "v": 0.020302253584369566}]}, {"source": 1, "prod": 7360.0, "target": 0, "value": 7.1633613285180786, "supply": [{"l": "Poultry Meat", "v": 0.37110855470760912}, {"l": "Pigmeat", "v": 0.61461437419312615}, {"l": "Bovine Meat", "v": 1.0485555608057779}, {"l": "Eggs", "v": 0.36615126184365931}, {"l": "Milk - Excluding Butter", "v": 4.1054266296018511}, {"l": "Offals, Edible", "v": 0.15343249400092435}, {"l": "Meat, Other", "v": 0.089209184666520683}, {"l": "Mutton & Goat Meat", "v": 0.42303628793619097}]}, {"source": 13, "prod": 733.0, "target": 8, "value": 1.4860260597781343, "supply": [{"l": "Fats, Animals, Raw", "v": 0.679202665368}, {"l": "Alcohol, Non-Food", "v": 0.0015026607640884959}, {"l": "Beverages, Fermented", "v": 0.00075133038204424794}, {"l": "Beer", "v": 0.28321043091805476}, {"l": "Beverages, Alcoholic", "v": 0.27387204248709679}, {"l": "Cream", "v": 0.035031690871529131}, {"l": "Butter, Ghee", "v": 0.18540734523372798}, {"l": "Wine", "v": 0.027047893753592924}]}, {"source": 13, "prod": 416.0, "target": 12, "value": 4.2883060536348179, "supply": [{"l": "Olive Oil", "v": 0.0070750277642500003}, {"l": "Soyabean Oil", "v": 0.063675249878250004}, {"l": "Coconut Oil", "v": 0.01027020159326613}, {"l": "Rape and Mustard Oil", "v": 0.34712414701560768}, {"l": "Palm Oil", "v": 0.12324241911919359}, {"l": "Cottonseed Oil", "v": 0.21567423345858877}, {"l": "Palmkernel Oil", "v": 0.01027020159326613}, {"l": "Oilcrops Oil, Other", "v": 0.22413687957144005}, {"l": "Sunflowerseed Oil", "v": 3.2868376936409556}]}, {"source": 13, "prod": 495.0, "target": 10, "value": 2.014744447232113, "supply": [{"l": "Honey", "v": 0.0053062708231875}, {"l": "Sweeteners, Other", "v": 0.055957037771795462}, {"l": "Sugar", "v": 1.95348113863713}]}, {"source": 20, "prod": 0, "target": 2, "value": 0.071585771529907818, "supply": "[{\"l\":'Energy for power irrigation',\"v\":0.071585771529907818}]"}, {"source": 20, "prod": 0, "target": 3, "value": 0.0035359208314013689, "supply": "[{\"l\":'Energy for power irrigation',\"v\":0.0035359208314013689}]"}, {"source": 20, "prod": 0, "target": 4, "value": 0.00057472370779730034, "supply": "[{\"l\":'Energy for power irrigation',\"v\":0.00057472370779730034}]"}, {"source": 20, "prod": 0, "target": 5, "value": 0.0084555058727208386, "supply": "[{\"l\":'Energy for power irrigation',\"v\":0.0084555058727208386}]"}, {"source": 20, "prod": 0, "target": 6, "value": 0.014045394000531239, "supply": "[{\"l\":'Energy for power irrigation',\"v\":0.014045394000531239}]"}, {"source": 20, "prod": 0, "target": 11, "value": 0.00017601746967341913, "supply": "[{\"l\":'Energy for power irrigation',\"v\":0.00017601746967341913}]"}, {"source": 20, "prod": 0, "target": 13, "value": 0.60700000048559988, "supply": "[{\"l\":'Electricity',\"v\":0.60700000048559988}]"}, {"source": 21, "prod": 0, "target": 20, "value": 1.596035622500444, "supply": [{"l": "Coal", "v": 1.4667887775512864}, {"l": "Natural gas", "v": 0.11760591720994559}, {"l": "Oil", "v": 0.011640927739211947}]}, {"source": 22, "prod": 0, "target": 20, "value": 0.06421890364625954, "supply": [{"l": "Nuclear", "v": 0.0}, {"l": "Hydroelectric", "v": 0.06421890364625954}, {"l": "Renewable", "v": 0.0}]}, {"source": 21, "prod": 0, "target": 2, "value": 17.582002445119436, "supply": [{"l": "Gas-Diesel oil", "v": 3.65929458639966}, {"l": "Fuel oil", "v": 0.016332707428663343}, {"l": "Coal", "v": 2.0808435249027997}, {"l": "Other fossil fuels", "v": 11.825531626388315}]}, {"source": 21, "prod": 0, "target": 3, "value": 0.86844867876396659, "supply": [{"l": "Gas-Diesel oil", "v": 0.18074787321219329}, {"l": "Fuel oil", "v": 0.00080674076979203536}, {"l": "Coal", "v": 0.10278156970783628}, {"l": "Other fossil fuels", "v": 0.58411249507414498}]}, {"source": 21, "prod": 0, "target": 4, "value": 0.14115645357735038, "supply": [{"l": "Gas-Diesel oil", "v": 0.029378510668695582}, {"l": "Fuel oil", "v": 0.00013112653494065088}, {"l": "Coal", "v": 0.016705974950322382}, {"l": "Other fossil fuels", "v": 0.094940841423391764}]}, {"source": 21, "prod": 0, "target": 5, "value": 2.0767356662041272, "supply": [{"l": "Gas-Diesel oil", "v": 0.43222537389837279}, {"l": "Fuel oil", "v": 0.0019291725244980679}, {"l": "Coal", "v": 0.24578326487237637}, {"l": "Other fossil fuels", "v": 1.39679785490888}]}, {"source": 21, "prod": 0, "target": 6, "value": 3.4496541195597019, "supply": [{"l": "Gas-Diesel oil", "v": 0.71796717604030291}, {"l": "Fuel oil", "v": 0.0032045378016934468}, {"l": "Coal", "v": 0.40826922076971145}, {"l": "Other fossil fuels", "v": 2.3202131849479941}]}, {"source": 21, "prod": 0, "target": 11, "value": 0.04323121084039501, "supply": [{"l": "Gas-Diesel oil", "v": 0.0089975949147745159}, {"l": "Fuel oil", "v": 4.0159402812449919e-05}, {"l": "Coal", "v": 0.0051164470845534897}, {"l": "Other fossil fuels", "v": 0.029077009438254555}]}, {"source": 21, "prod": 0, "target": 1, "value": 0.012147500009717999, "supply": [{"l": "Gas-diesel oils used in fisheries", "v": 0.012147500009717999}]}, {"source": 23, "prod": 30.199337721413595, "target": 2, "value": 0.37203380804142883, "supply": [{"l": "Potash", "v": 0.002051111112752}, {"l": "Phosphate", "v": 0.070700000056559992}, {"l": "Nitrogen", "v": 0.43849861146190988}]}, {"source": 23, "prod": 1.4916716696845103, "target": 3, "value": 0.018376306683929096, "supply": [{"l": "Potash", "v": 0.002051111112752}, {"l": "Phosphate", "v": 0.070700000056559992}, {"l": "Nitrogen", "v": 0.43849861146190988}]}, {"source": 23, "prod": 0.24245426119382424, "target": 4, "value": 0.0029868596093036255, "supply": [{"l": "Potash", "v": 0.002051111112752}, {"l": "Phosphate", "v": 0.070700000056559992}, {"l": "Nitrogen", "v": 0.43849861146190988}]}, {"source": 23, "prod": 3.5670590956613446, "target": 5, "value": 0.043943565620868416, "supply": [{"l": "Potash", "v": 0.002051111112752}, {"l": "Phosphate", "v": 0.070700000056559992}, {"l": "Nitrogen", "v": 0.43849861146190988}]}, {"source": 23, "prod": 5.9252221186880529, "target": 6, "value": 0.072994413607413197, "supply": [{"l": "Potash", "v": 0.002051111112752}, {"l": "Phosphate", "v": 0.070700000056559992}, {"l": "Nitrogen", "v": 0.43849861146190988}]}, {"source": 23, "prod": 0.074255133358665418, "target": 11, "value": 0.00091476906827860441, "supply": [{"l": "Potash", "v": 0.002051111112752}, {"l": "Phosphate", "v": 0.070700000056559992}, {"l": "Nitrogen", "v": 0.43849861146190988}]}, {"source": 21, "prod": 0, "target": 23, "value": 0.60114007074210174, "supply": [{"l": "Natural gas (including LNG)", "v": 0.41354238430915974}, {"l": "Fuel oil", "v": 0.1100837666322303}, {"l": "Liquefied petroleum gas (LPG)", "v": 0.038756959900355846}, {"l": "Coal", "v": 0.038756959900355846}]}, {"source": 24, "prod": 0, "target": 2, "value": 0.72497380480357398, "supply": "[{\"l\":'Labor',\"v\":0.72497380480357398}]"}, {"source": 24, "prod": 0, "target": 3, "value": 0.035809490124085387, "supply": "[{\"l\":'Labor',\"v\":0.035809490124085387}]"}, {"source": 24, "prod": 0, "target": 4, "value": 0.0058204252639583558, "supply": "[{\"l\":'Labor',\"v\":0.0058204252639583558}]"}, {"source": 24, "prod": 0, "target": 5, "value": 0.085631825055127467, "supply": "[{\"l\":'Labor',\"v\":0.085631825055127467}]"}, {"source": 24, "prod": 0, "target": 6, "value": 0.14224255059228158, "supply": "[{\"l\":'Labor',\"v\":0.14224255059228158}]"}, {"source": 24, "prod": 0, "target": 11, "value": 0.0017825896400058073, "supply": "[{\"l\":'Labor',\"v\":0.0017825896400058073}]"}, {"source": 21, "prod": 0, "target": 16, "value": 18.753271045411115, "supply": "[{\"l\":'Fossil Fuels',\"v\":18.753271045411115}]"}, {"source": 22, "prod": 0, "target": 16, "value": 0.18358590578423994, "supply": "[{\"l\":'Renewables & Nuclear',\"v\":0.16451998444891303},{\"l\":'Biomass & Waste',\"v\":0.019065921335326932}]"}]}