{"nodes": [{"layer": 5, "name": "Maize"}, {"layer": 10, "name": "Feed", "fill": "#dbdb8d"}, {"layer": 5, "name": "Rye"}, {"layer": 5, "name": "Barley"}, {"layer": 5, "name": "Rice"}, {"layer": 5, "name": "Sunflower seed"}, {"layer": 5, "name": "Cereals, Other"}, {"layer": 5, "name": "Wheat"}, {"layer": 13, "name": "Eggs"}, {"layer": 5, "name": "Vegetables, Other"}, {"layer": 5, "name": "Peas"}, {"layer": 5, "name": "Cottonseed"}, {"layer": 5, "name": "Oilcrops, Other"}, {"layer": 5, "name": "Oats"}, {"layer": 5, "name": "Soyabeans"}, {"layer": 5, "name": "Potatoes"}, {"layer": 13, "name": "Milk - Excluding Butter"}, {"layer": 5, "name": "Beans"}, {"layer": 13, "name": "Fish, Seafood"}, {"layer": 5, "name": "Sugar beet"}, {"layer": 13, "name": "Pelagic Fish"}, {"layer": 13, "name": "Bovine Meat"}, {"layer": 5, "name": "Millet"}, {"layer": 5, "name": "Rape and Mustardseed"}, {"layer": 16, "name": "Food", "fill": "#b5cf6b"}, {"layer": 5, "name": "Nuts"}, {"layer": 13, "name": "Sugar", "fill": "#d6616b"}, {"layer": 13, "name": "Oilcrops Oil, Other"}, {"layer": 13, "name": "Maize Germ Oil"}, {"layer": 13, "name": "Beer"}, {"layer": 5, "name": "Grapefruit"}, {"layer": 13, "name": "Beverages, Alcoholic"}, {"layer": 5, "name": "Cocoa Beans"}, {"layer": 13, "name": "Honey"}, {"layer": 13, "name": "Butter, Ghee"}, {"layer": 5, "name": "Tomatoes"}, {"layer": 13, "name": "Fats, Animals, Raw"}, {"layer": 5, "name": "Coffee"}, {"layer": 5, "name": "Treenuts"}, {"layer": 13, "name": "Marine Fish, Other"}, {"layer": 5, "name": "Grapes"}, {"layer": 13, "name": "Wine"}, {"layer": 13, "name": "Sunflowerseed Oil"}, {"layer": 13, "name": "Pigmeat"}, {"layer": 13, "name": "Freshwater Fish"}, {"layer": 13, "name": "Rape and Mustard Oil"}, {"layer": 5, "name": "Pineapples"}, {"layer": 5, "name": "Apples"}, {"layer": 13, "name": "Meat, Other"}, {"layer": 13, "name": "Mutton & Goat Meat"}, {"layer": 13, "name": "Sweeteners, Other"}, {"layer": 5, "name": "Bananas"}, {"layer": 13, "name": "Beverages, Fermented"}, {"layer": 5, "name": "Tea"}, {"layer": 5, "name": "Fruits, Other"}, {"layer": 13, "name": "Poultry Meat"}, {"layer": 13, "name": "Offals, Edible"}, {"layer": 5, "name": "Infant food"}, {"layer": 5, "name": "Oranges, Mandarines"}, {"layer": 13, "name": "Cottonseed Oil"}, {"layer": 5, "name": "Onions"}, {"layer": 13, "name": "Cream"}, {"layer": 10, "name": "Processing", "fill": "#9edae5"}, {"layer": 16, "name": "Biofuels & Other", "fill": "#e7ba52"}, {"layer": 13, "name": "Palm Oil"}, {"name": "Waste", "fill": "#c7c7c7"}, {"layer": 2, "name": "Import", "fill": "#aec7e8"}, {"layer": 5, "name": "Citrus, Other"}, {"layer": 16, "name": "Export", "fill": "#aec7e8"}, {"layer": 13, "name": "Alcohol, Non-Food"}, {"layer": 5, "name": "Pulses, Other"}, {"layer": 16, "name": "Stock Deposit", "fill": "#c7c7c7"}, {"layer": 0, "name": "Stock Draw", "fill": "#c7c7c7"}, {"layer": 2, "name": "Electricity", "fill": "#bcbd22"}, {"layer": 5, "name": "Groundnuts"}, {"layer": 0, "name": "Fossil Fuels", "fill": "#c49c94"}, {"layer": 0, "name": "Renewables & Nuclear", "fill": "#2ca02c"}, {"layer": 2, "name": "Fertilizers", "fill": "#c5b0d5"}, {"layer": 0, "name": "Labor", "fill": "#7f7f7f"}], "links": [{"source": 0, "prod": 72.0, "target": 1, "value": 0.22147913001130434, "supply": [{"l": "Maize", "v": 0.22147913001130434}]}, {"source": 2, "prod": 31.0, "target": 1, "value": 0.093996797439321433, "supply": [{"l": "Rye", "v": 0.093996797439321433}]}, {"source": 3, "prod": 1694.0, "target": 1, "value": 4.5029396820922605, "supply": [{"l": "Barley", "v": 4.5029396820922605}]}, {"source": 4, "prod": 1.0, "target": 1, "value": 0.0040771346438050853, "supply": [{"l": "Rice", "v": 0.0040771346438050853}]}, {"source": 5, "prod": 1.0, "target": 1, "value": 0.0032653974296538461, "supply": [{"l": "Sunflower seed", "v": 0.0032653974296538461}]}, {"source": 6, "prod": 29.0, "target": 1, "value": 0.092329112323462498, "supply": [{"l": "Cereals, Other", "v": 0.092329112323462498}]}, {"source": 7, "prod": 816.0, "target": 1, "value": 2.6942698968871421, "supply": [{"l": "Wheat", "v": 2.6942698968871421}]}, {"source": 8, "prod": 15.0, "target": 1, "value": 0.024858205658175675, "supply": [{"l": "Eggs", "v": 0.024858205658175675}]}, {"source": 9, "prod": 32.0, "target": 1, "value": 0.0077711975442562933, "supply": [{"l": "Vegetables, Other", "v": 0.0077711975442562933}]}, {"source": 10, "prod": 13.0, "target": 1, "value": 0.050168378691954549, "supply": [{"l": "Peas", "v": 0.050168378691954549}]}, {"source": 11, "prod": 25.0, "target": 1, "value": 0.081634935741346143, "supply": [{"l": "Cottonseed", "v": 0.081634935741346143}]}, {"source": 12, "prod": 12.0, "target": 1, "value": 0.03918476915584615, "supply": [{"l": "Oilcrops, Other", "v": 0.03918476915584615}]}, {"source": 13, "prod": 184.0, "target": 1, "value": 0.4636566140297535, "supply": [{"l": "Oats", "v": 0.4636566140297535}]}, {"source": 14, "prod": 1.0, "target": 1, "value": 0.0032653974296538461, "supply": [{"l": "Soyabeans", "v": 0.0032653974296538461}]}, {"source": 15, "prod": 30.0, "target": 1, "value": 0.023340949888316948, "supply": [{"l": "Potatoes", "v": 0.023340949888316948}]}, {"source": 16, "prod": 755.0, "target": 1, "value": 0.5284635949942702, "supply": [{"l": "Milk - Excluding Butter", "v": 0.5284635949942702}]}, {"source": 17, "prod": 2.0, "target": 1, "value": 0.007718212106454546, "supply": [{"l": "Beans", "v": 0.007718212106454546}]}, {"source": 18, "prod": 1.0, "target": 1, "value": 0.001057477459425267, "supply": [{"l": "Fish, Seafood", "v": 0.001057477459425267}]}, {"source": 19, "prod": 17.0, "target": 1, "value": 0.019757777740000003, "supply": [{"l": "Sugar beet", "v": 0.019757777740000003}]}, {"source": 20, "prod": 1.0, "target": 1, "value": 0.00090319503373404266, "supply": [{"l": "Pelagic Fish", "v": 0.00090319503373404266}]}, {"source": 21, "prod": 14.0, "target": 1, "value": 0.036417483198512388, "supply": [{"l": "Bovine Meat", "v": 0.036417483198512388}]}, {"source": 22, "prod": 12.0, "target": 1, "value": 0.042110565252816, "supply": [{"l": "Millet", "v": 0.042110565252816}]}, {"source": 23, "prod": 7.0, "target": 1, "value": 0.022857782007576922, "supply": [{"l": "Rape and Mustardseed", "v": 0.022857782007576922}]}, {"source": 0, "prod": 11.0, "target": 24, "value": 0.03383708930728261, "supply": [{"l": "Maize", "v": 0.03383708930728261}]}, {"source": 2, "prod": 36.0, "target": 24, "value": 0.10915757121985713, "supply": [{"l": "Rye", "v": 0.10915757121985713}]}, {"source": 25, "prod": 2.0, "target": 24, "value": 0.0060643095122142861, "supply": [{"l": "Nuts", "v": 0.0060643095122142861}]}, {"source": 26, "prod": 289.0, "target": 24, "value": 1.022341511934125, "supply": [{"l": "Sugar", "v": 1.022341511934125}]}, {"source": 27, "prod": 53.0, "target": 24, "value": 0.54151329982420071, "supply": [{"l": "Oilcrops Oil, Other", "v": 0.54151329982420071}]}, {"source": 28, "prod": 1.0, "target": 24, "value": 0.0070750277642500003, "supply": [{"l": "Maize Germ Oil", "v": 0.0070750277642500003}]}, {"source": 29, "prod": 76.0, "target": 24, "value": 0.045715564015153844, "supply": [{"l": "Beer", "v": 0.045715564015153844}]}, {"source": 30, "prod": 1.0, "target": 24, "value": 0.00058551953911034486, "supply": [{"l": "Grapefruit", "v": 0.00058551953911034486}]}, {"source": 31, "prod": 71.0, "target": 24, "value": 0.24137789528162013, "supply": [{"l": "Beverages, Alcoholic", "v": 0.24137789528162013}]}, {"source": 3, "prod": 81.0, "target": 24, "value": 0.21531175575529699, "supply": [{"l": "Barley", "v": 0.21531175575529699}]}, {"source": 32, "prod": 3.0, "target": 24, "value": 0.023154636319363639, "supply": [{"l": "Cocoa Beans", "v": 0.023154636319363639}]}, {"source": 33, "prod": 4.0, "target": 24, "value": 0.014150055528500001, "supply": [{"l": "Honey", "v": 0.014150055528500001}]}, {"source": 4, "prod": 109.0, "target": 24, "value": 0.4444076761747543, "supply": [{"l": "Rice", "v": 0.4444076761747543}]}, {"source": 34, "prod": 23.0, "target": 24, "value": 0.19131257508465205, "supply": [{"l": "Butter, Ghee", "v": 0.19131257508465205}]}, {"source": 35, "prod": 142.0, "target": 24, "value": 0.025954461378432724, "supply": [{"l": "Tomatoes", "v": 0.025954461378432724}]}, {"source": 5, "prod": 4.0, "target": 24, "value": 0.013061589718615384, "supply": [{"l": "Sunflower seed", "v": 0.013061589718615384}]}, {"source": 36, "prod": 6.0, "target": 24, "value": 0.048186675583540541, "supply": [{"l": "Fats, Animals, Raw", "v": 0.048186675583540541}]}, {"source": 37, "prod": 1.0, "target": 24, "value": 0.00042450166585500002, "supply": [{"l": "Coffee", "v": 0.00042450166585500002}]}, {"source": 7, "prod": 2969.0, "target": 24, "value": 9.8030481910023592, "supply": [{"l": "Wheat", "v": 9.8030481910023592}]}, {"source": 38, "prod": 2.0, "target": 24, "value": 0.0065307948593076922, "supply": [{"l": "Treenuts", "v": 0.0065307948593076922}]}, {"source": 8, "prod": 51.0, "target": 24, "value": 0.084517899237797303, "supply": [{"l": "Eggs", "v": 0.084517899237797303}]}, {"source": 9, "prod": 536.0, "target": 24, "value": 0.13016755886629292, "supply": [{"l": "Vegetables, Other", "v": 0.13016755886629292}]}, {"source": 10, "prod": 5.0, "target": 24, "value": 0.019295530266136365, "supply": [{"l": "Peas", "v": 0.019295530266136365}]}, {"source": 39, "prod": 5.0, "target": 24, "value": 0.0062426715566911784, "supply": [{"l": "Marine Fish, Other", "v": 0.0062426715566911784}]}, {"source": 40, "prod": 18.0, "target": 24, "value": 0.012950898280322034, "supply": [{"l": "Grapes", "v": 0.012950898280322034}]}, {"source": 41, "prod": 17.0, "target": 24, "value": 0.013120960580972729, "supply": [{"l": "Wine", "v": 0.013120960580972729}]}, {"source": 42, "prod": 37.0, "target": 24, "value": 0.37800023855802078, "supply": [{"l": "Sunflowerseed Oil", "v": 0.37800023855802078}]}, {"source": 13, "prod": 34.0, "target": 24, "value": 0.085675678679410977, "supply": [{"l": "Oats", "v": 0.085675678679410977}]}, {"source": 43, "prod": 109.0, "target": 24, "value": 0.24078976348709077, "supply": [{"l": "Pigmeat", "v": 0.24078976348709077}]}, {"source": 6, "prod": 6.0, "target": 24, "value": 0.019102574963475002, "supply": [{"l": "Cereals, Other", "v": 0.019102574963475002}]}, {"source": 15, "prod": 1028.0, "target": 24, "value": 0.7998165495063273, "supply": [{"l": "Potatoes", "v": 0.7998165495063273}]}, {"source": 44, "prod": 31.0, "target": 24, "value": 0.03209646741830488, "supply": [{"l": "Freshwater Fish", "v": 0.03209646741830488}]}, {"source": 45, "prod": 1.0, "target": 24, "value": 0.0084900333171, "supply": [{"l": "Rape and Mustard Oil", "v": 0.0084900333171}]}, {"source": 16, "prod": 2556.0, "target": 24, "value": 1.7890767533845755, "supply": [{"l": "Milk - Excluding Butter", "v": 1.7890767533845755}]}, {"source": 46, "prod": 1.0, "target": 24, "value": 0.00041213753966504852, "supply": [{"l": "Pineapples", "v": 0.00041213753966504852}]}, {"source": 47, "prod": 50.0, "target": 24, "value": 0.025963404639449541, "supply": [{"l": "Apples", "v": 0.025963404639449541}]}, {"source": 18, "prod": 43.0, "target": 24, "value": 0.045471530755286482, "supply": [{"l": "Fish, Seafood", "v": 0.045471530755286482}]}, {"source": 48, "prod": 74.0, "target": 24, "value": 0.077723191603967012, "supply": [{"l": "Meat, Other", "v": 0.077723191603967012}]}, {"source": 49, "prod": 166.0, "target": 24, "value": 0.49588083485432222, "supply": [{"l": "Mutton & Goat Meat", "v": 0.49588083485432222}]}, {"source": 50, "prod": 2.0, "target": 24, "value": 0.0053062708231875, "supply": [{"l": "Sweeteners, Other", "v": 0.0053062708231875}]}, {"source": 20, "prod": 7.0, "target": 24, "value": 0.0063223652361382989, "supply": [{"l": "Pelagic Fish", "v": 0.0063223652361382989}]}, {"source": 51, "prod": 4.0, "target": 24, "value": 0.0028817345462741517, "supply": [{"l": "Bananas", "v": 0.0028817345462741517}]}, {"source": 52, "prod": 1.0, "target": 24, "value": 0.00077182121064545454, "supply": [{"l": "Beverages, Fermented", "v": 0.00077182121064545454}]}, {"source": 53, "prod": 12.0, "target": 24, "value": 0.0067920266536800012, "supply": [{"l": "Tea", "v": 0.0067920266536800012}]}, {"source": 54, "prod": 67.0, "target": 24, "value": 0.03922980912039311, "supply": [{"l": "Fruits, Other", "v": 0.03922980912039311}]}, {"source": 22, "prod": 1.0, "target": 24, "value": 0.003509213771068, "supply": [{"l": "Millet", "v": 0.003509213771068}]}, {"source": 55, "prod": 42.0, "target": 24, "value": 0.057928386170826726, "supply": [{"l": "Poultry Meat", "v": 0.057928386170826726}]}, {"source": 56, "prod": 43.0, "target": 24, "value": 0.051783181934085105, "supply": [{"l": "Offals, Edible", "v": 0.051783181934085105}]}, {"source": 57, "prod": 1.0, "target": 24, "value": 0.0070750277642500003, "supply": [{"l": "Infant food", "v": 0.0070750277642500003}]}, {"source": 58, "prod": 7.0, "target": 24, "value": 0.0021263053030304117, "supply": [{"l": "Oranges, Mandarines", "v": 0.0021263053030304117}]}, {"source": 21, "prod": 353.0, "target": 24, "value": 0.91824082636249083, "supply": [{"l": "Bovine Meat", "v": 0.91824082636249083}]}, {"source": 59, "prod": 20.0, "target": 24, "value": 0.20427147830616543, "supply": [{"l": "Cottonseed Oil", "v": 0.20427147830616543}]}, {"source": 60, "prod": 102.0, "target": 24, "value": 0.039008261186675677, "supply": [{"l": "Onions", "v": 0.039008261186675677}]}, {"source": 61, "prod": 21.0, "target": 24, "value": 0.045218655710641313, "supply": [{"l": "Cream", "v": 0.045218655710641313}]}, {"source": 5, "prod": 58.0, "target": 62, "value": 0.18939305091992309, "supply": [{"l": "Sunflower seed", "v": 0.18939305091992309}]}, {"source": 7, "prod": 122.0, "target": 62, "value": 0.4028197639953815, "supply": [{"l": "Wheat", "v": 0.4028197639953815}]}, {"source": 14, "prod": 1.0, "target": 62, "value": 0.0032653974296538461, "supply": [{"l": "Soyabeans", "v": 0.0032653974296538461}]}, {"source": 11, "prod": 101.0, "target": 62, "value": 0.32980514039503844, "supply": [{"l": "Cottonseed", "v": 0.32980514039503844}]}, {"source": 23, "prod": 3.0, "target": 62, "value": 0.0097961922889615374, "supply": [{"l": "Rape and Mustardseed", "v": 0.0097961922889615374}]}, {"source": 3, "prod": 29.0, "target": 62, "value": 0.077086924900044596, "supply": [{"l": "Barley", "v": 0.077086924900044596}]}, {"source": 40, "prod": 14.0, "target": 62, "value": 0.010072920884694915, "supply": [{"l": "Grapes", "v": 0.010072920884694915}]}, {"source": 19, "prod": 332.0, "target": 62, "value": 0.38585777704000002, "supply": [{"l": "Sugar beet", "v": 0.38585777704000002}]}, {"source": 12, "prod": 7.0, "target": 62, "value": 0.022857782007576922, "supply": [{"l": "Oilcrops, Other", "v": 0.022857782007576922}]}, {"source": 47, "prod": 1.0, "target": 62, "value": 0.00051926809278899082, "supply": [{"l": "Apples", "v": 0.00051926809278899082}]}, {"source": 36, "prod": 39.0, "target": 63, "value": 0.31321339129301351, "supply": [{"l": "Fats, Animals, Raw", "v": 0.31321339129301351}]}, {"source": 7, "prod": 100.0, "target": 63, "value": 0.33018013442244387, "supply": [{"l": "Wheat", "v": 0.33018013442244387}]}, {"source": 21, "prod": 54.0, "target": 63, "value": 0.14046743519426205, "supply": [{"l": "Bovine Meat", "v": 0.14046743519426205}]}, {"source": 9, "prod": 1.0, "target": 63, "value": 0.00024284992325800917, "supply": [{"l": "Vegetables, Other", "v": 0.00024284992325800917}]}, {"source": 55, "prod": 12.0, "target": 63, "value": 0.016550967477379063, "supply": [{"l": "Poultry Meat", "v": 0.016550967477379063}]}, {"source": 64, "prod": 6.0, "target": 63, "value": 0.061281443491849628, "supply": [{"l": "Palm Oil", "v": 0.061281443491849628}]}, {"source": 56, "prod": 33.0, "target": 63, "value": 0.039740581484297877, "supply": [{"l": "Offals, Edible", "v": 0.039740581484297877}]}, {"source": 16, "prod": 322.0, "target": 63, "value": 0.22538447362669536, "supply": [{"l": "Milk - Excluding Butter", "v": 0.22538447362669536}]}, {"source": 15, "prod": 75.0, "target": 63, "value": 0.058352374720792362, "supply": [{"l": "Potatoes", "v": 0.058352374720792362}]}, {"source": 59, "prod": 1.0, "target": 63, "value": 0.010213573915308272, "supply": [{"l": "Cottonseed Oil", "v": 0.010213573915308272}]}, {"source": 27, "prod": 5.0, "target": 63, "value": 0.051086160360773639, "supply": [{"l": "Oilcrops Oil, Other", "v": 0.051086160360773639}]}, {"source": 5, "prod": 5.0, "target": 5, "value": 0.016326987148269231, "supply": [{"l": "Sunflower seed", "v": 0.016326987148269231}]}, {"source": 0, "prod": 9.0, "target": 0, "value": 0.027684891251413043, "supply": [{"l": "Maize", "v": 0.027684891251413043}]}, {"source": 2, "prod": 20.0, "target": 2, "value": 0.060643095122142852, "supply": [{"l": "Rye", "v": 0.060643095122142852}]}, {"source": 7, "prod": 1808.0, "target": 7, "value": 5.9696568303577866, "supply": [{"l": "Wheat", "v": 5.9696568303577866}]}, {"source": 13, "prod": 85.0, "target": 13, "value": 0.21418919669852746, "supply": [{"l": "Oats", "v": 0.21418919669852746}]}, {"source": 11, "prod": 2.0, "target": 11, "value": 0.0065307948593076922, "supply": [{"l": "Cottonseed", "v": 0.0065307948593076922}]}, {"source": 15, "prod": 359.0, "target": 15, "value": 0.27931336699685944, "supply": [{"l": "Potatoes", "v": 0.27931336699685944}]}, {"source": 8, "prod": 3.0, "target": 8, "value": 0.0049716411316351357, "supply": [{"l": "Eggs", "v": 0.0049716411316351357}]}, {"source": 9, "prod": 12.0, "target": 9, "value": 0.0029141990790961104, "supply": [{"l": "Vegetables, Other", "v": 0.0029141990790961104}]}, {"source": 10, "prod": 4.0, "target": 10, "value": 0.015436424212909092, "supply": [{"l": "Peas", "v": 0.015436424212909092}]}, {"source": 22, "prod": 8.0, "target": 22, "value": 0.028073710168544, "supply": [{"l": "Millet", "v": 0.028073710168544}]}, {"source": 17, "prod": 1.0, "target": 17, "value": 0.003859106053227273, "supply": [{"l": "Beans", "v": 0.003859106053227273}]}, {"source": 3, "prod": 642.0, "target": 3, "value": 1.7065450270975391, "supply": [{"l": "Barley", "v": 1.7065450270975391}]}, {"source": 23, "prod": 1.0, "target": 23, "value": 0.0032653974296538461, "supply": [{"l": "Rape and Mustardseed", "v": 0.0032653974296538461}]}, {"source": 12, "prod": 4.0, "target": 12, "value": 0.013061589718615384, "supply": [{"l": "Oilcrops, Other", "v": 0.013061589718615384}]}, {"source": 4, "prod": 13.0, "target": 4, "value": 0.053002750369466105, "supply": [{"l": "Rice", "v": 0.053002750369466105}]}, {"source": 6, "prod": 5.0, "target": 6, "value": 0.015918812469562501, "supply": [{"l": "Cereals, Other", "v": 0.015918812469562501}]}, {"source": 5, "prod": 2.0, "target": 65, "value": 0.0065307948593076922, "supply": [{"l": "Sunflower seed", "v": 0.0065307948593076922}]}, {"source": 0, "prod": 5.0, "target": 65, "value": 0.015380495139673912, "supply": [{"l": "Maize", "v": 0.015380495139673912}]}, {"source": 2, "prod": 9.0, "target": 65, "value": 0.027289392804964282, "supply": [{"l": "Rye", "v": 0.027289392804964282}]}, {"source": 7, "prod": 400.0, "target": 65, "value": 1.3207205376897755, "supply": [{"l": "Wheat", "v": 1.3207205376897755}]}, {"source": 13, "prod": 11.0, "target": 65, "value": 0.027718601925691783, "supply": [{"l": "Oats", "v": 0.027718601925691783}]}, {"source": 15, "prod": 81.0, "target": 65, "value": 0.063020564698455753, "supply": [{"l": "Potatoes", "v": 0.063020564698455753}]}, {"source": 8, "prod": 3.0, "target": 65, "value": 0.0049716411316351357, "supply": [{"l": "Eggs", "v": 0.0049716411316351357}]}, {"source": 9, "prod": 18.0, "target": 65, "value": 0.0043712986186441646, "supply": [{"l": "Vegetables, Other", "v": 0.0043712986186441646}]}, {"source": 16, "prod": 8.0, "target": 65, "value": 0.0055996142515949152, "supply": [{"l": "Milk - Excluding Butter", "v": 0.0055996142515949152}]}, {"source": 56, "prod": 5.0, "target": 65, "value": 0.0060213002248936179, "supply": [{"l": "Offals, Edible", "v": 0.0060213002248936179}]}, {"source": 23, "prod": 1.0, "target": 65, "value": 0.0032653974296538461, "supply": [{"l": "Rape and Mustardseed", "v": 0.0032653974296538461}]}, {"source": 3, "prod": 172.0, "target": 65, "value": 0.45720520975198864, "supply": [{"l": "Barley", "v": 0.45720520975198864}]}, {"source": 40, "prod": 2.0, "target": 65, "value": 0.0014389886978135593, "supply": [{"l": "Grapes", "v": 0.0014389886978135593}]}, {"source": 21, "prod": 20.0, "target": 65, "value": 0.052024975997874839, "supply": [{"l": "Bovine Meat", "v": 0.052024975997874839}]}, {"source": 19, "prod": 17.0, "target": 65, "value": 0.019757777740000003, "supply": [{"l": "Sugar beet", "v": 0.019757777740000003}]}, {"source": 12, "prod": 1.0, "target": 65, "value": 0.0032653974296538461, "supply": [{"l": "Oilcrops, Other", "v": 0.0032653974296538461}]}, {"source": 4, "prod": 9.0, "target": 65, "value": 0.036694211794245764, "supply": [{"l": "Rice", "v": 0.036694211794245764}]}, {"source": 60, "prod": 2.0, "target": 65, "value": 0.00076486786640540534, "supply": [{"l": "Onions", "v": 0.00076486786640540534}]}, {"source": 6, "prod": 2.0, "target": 65, "value": 0.0063675249878250009, "supply": [{"l": "Cereals, Other", "v": 0.0063675249878250009}]}, {"source": 35, "prod": 2.0, "target": 65, "value": 0.00036555579406243272, "supply": [{"l": "Tomatoes", "v": 0.00036555579406243272}]}, {"source": 66, "prod": 1.0, "target": 57, "value": 0.0070750277642500003, "supply": [{"l": "Infant food", "v": 0.0070750277642500003}]}, {"source": 66, "prod": 3.0, "target": 35, "value": 0.00054833369109364902, "supply": [{"l": "Tomatoes", "v": 0.00054833369109364902}]}, {"source": 66, "prod": 4.0, "target": 47, "value": 0.0020770723711559633, "supply": [{"l": "Apples", "v": 0.0020770723711559633}]}, {"source": 66, "prod": 12.0, "target": 53, "value": 0.0067920266536800012, "supply": [{"l": "Tea", "v": 0.0067920266536800012}]}, {"source": 66, "prod": 6.0, "target": 9, "value": 0.0014570995395480552, "supply": [{"l": "Vegetables, Other", "v": 0.0014570995395480552}]}, {"source": 66, "prod": 4.0, "target": 4, "value": 0.016308538575220341, "supply": [{"l": "Rice", "v": 0.016308538575220341}]}, {"source": 66, "prod": 33.0, "target": 7, "value": 0.10895944435940649, "supply": [{"l": "Wheat", "v": 0.10895944435940649}]}, {"source": 66, "prod": 25.0, "target": 19, "value": 0.029055555500000003, "supply": [{"l": "Sugar beet", "v": 0.029055555500000003}]}, {"source": 66, "prod": 9.0, "target": 3, "value": 0.023923528417255219, "supply": [{"l": "Barley", "v": 0.023923528417255219}]}, {"source": 66, "prod": 1.0, "target": 30, "value": 0.00058551953911034486, "supply": [{"l": "Grapefruit", "v": 0.00058551953911034486}]}, {"source": 66, "prod": 1.0, "target": 37, "value": 0.00042450166585500002, "supply": [{"l": "Coffee", "v": 0.00042450166585500002}]}, {"source": 66, "prod": 3.0, "target": 5, "value": 0.0097961922889615374, "supply": [{"l": "Sunflower seed", "v": 0.0097961922889615374}]}, {"source": 66, "prod": 115.0, "target": 1, "value": 0.1094684123609848, "supply": [{"l": "Pigmeat", "v": 0.0044181607979282712}, {"l": "Fish, Seafood", "v": 0.017977116810229538}, {"l": "Milk - Excluding Butter", "v": 0.042697058668411232}, {"l": "Eggs", "v": 0.0033144274210900903}, {"l": "Poultry Meat", "v": 0.02068870934672383}, {"l": "Pelagic Fish", "v": 0.0090319503373404251}, {"l": "Marine Fish, Other", "v": 0.0087397401793676485}, {"l": "Bovine Meat", "v": 0.0026012487998937424}]}, {"source": 66, "prod": 4.0, "target": 32, "value": 0.030872848425818184, "supply": [{"l": "Cocoa Beans", "v": 0.030872848425818184}]}, {"source": 66, "prod": 7.0, "target": 58, "value": 0.0021263053030304117, "supply": [{"l": "Oranges, Mandarines", "v": 0.0021263053030304117}]}, {"source": 66, "prod": 20.0, "target": 15, "value": 0.015560633258877965, "supply": [{"l": "Potatoes", "v": 0.015560633258877965}]}, {"source": 66, "prod": 3.0, "target": 60, "value": 0.0011473017996081081, "supply": [{"l": "Onions", "v": 0.0011473017996081081}]}, {"source": 66, "prod": 1.0, "target": 67, "value": 0.00058551953911034486, "supply": [{"l": "Citrus, Other", "v": 0.00058551953911034486}]}, {"source": 66, "prod": 4.0, "target": 51, "value": 0.0028817345462741517, "supply": [{"l": "Bananas", "v": 0.0028817345462741517}]}, {"source": 66, "prod": 1.0, "target": 40, "value": 0.00071949434890677965, "supply": [{"l": "Grapes", "v": 0.00071949434890677965}]}, {"source": 66, "prod": 1.0, "target": 13, "value": 0.0025198729023356171, "supply": [{"l": "Oats", "v": 0.0025198729023356171}]}, {"source": 66, "prod": 1.0, "target": 0, "value": 0.0030760990279347826, "supply": [{"l": "Maize", "v": 0.0030760990279347826}]}, {"source": 66, "prod": 8.0, "target": 54, "value": 0.0046841563128827588, "supply": [{"l": "Fruits, Other", "v": 0.0046841563128827588}]}, {"source": 66, "prod": 2.0, "target": 46, "value": 0.00082427507933009703, "supply": [{"l": "Pineapples", "v": 0.00082427507933009703}]}, {"source": 66, "prod": 219.0, "target": 62, "value": 1.2629941892874874, "supply": [{"l": "Sugar", "v": 0.314838735509125}, {"l": "Maize Germ Oil", "v": 0.0070750277642500003}, {"l": "Beer", "v": 0.0072182469497611337}, {"l": "Beverages, Alcoholic", "v": 0.074793150650642862}, {"l": "Oilcrops Oil, Other", "v": 0.52107883567989111}, {"l": "Butter, Ghee", "v": 0.024953814141476349}, {"l": "Wine", "v": 0.0061745696851636363}, {"l": "Sweeteners, Other", "v": 0.010612541646375}, {"l": "Cottonseed Oil", "v": 0.020427147830616544}, {"l": "Palm Oil", "v": 0.061281443491849628}, {"l": "Sunflowerseed Oil", "v": 0.21454067593833609}]}, {"source": 0, "prod": 27.0, "target": 68, "value": 0.083054673754239139, "supply": [{"l": "Maize", "v": 0.083054673754239139}]}, {"source": 69, "prod": 1.0, "target": 68, "value": 0.00077182121064545454, "supply": [{"l": "Alcohol, Non-Food", "v": 0.00077182121064545454}]}, {"source": 2, "prod": 34.0, "target": 68, "value": 0.10309326170764285, "supply": [{"l": "Rye", "v": 0.10309326170764285}]}, {"source": 54, "prod": 2.0, "target": 68, "value": 0.0011710390782206897, "supply": [{"l": "Fruits, Other", "v": 0.0011710390782206897}]}, {"source": 26, "prod": 49.0, "target": 68, "value": 0.173338180224125, "supply": [{"l": "Sugar", "v": 0.173338180224125}]}, {"source": 31, "prod": 1.0, "target": 68, "value": 0.003399688665938312, "supply": [{"l": "Beverages, Alcoholic", "v": 0.003399688665938312}]}, {"source": 3, "prod": 878.0, "target": 68, "value": 2.3338731055944537, "supply": [{"l": "Barley", "v": 2.3338731055944537}]}, {"source": 4, "prod": 24.0, "target": 68, "value": 0.097851231451322032, "supply": [{"l": "Rice", "v": 0.097851231451322032}]}, {"source": 34, "prod": 1.0, "target": 68, "value": 0.0083179380471587842, "supply": [{"l": "Butter, Ghee", "v": 0.0083179380471587842}]}, {"source": 35, "prod": 5.0, "target": 68, "value": 0.00091388948515608174, "supply": [{"l": "Tomatoes", "v": 0.00091388948515608174}]}, {"source": 6, "prod": 29.0, "target": 68, "value": 0.092329112323462498, "supply": [{"l": "Cereals, Other", "v": 0.092329112323462498}]}, {"source": 7, "prod": 2152.0, "target": 68, "value": 7.1054764927709924, "supply": [{"l": "Wheat", "v": 7.1054764927709924}]}, {"source": 8, "prod": 1.0, "target": 68, "value": 0.0016572137105450452, "supply": [{"l": "Eggs", "v": 0.0016572137105450452}]}, {"source": 9, "prod": 41.0, "target": 68, "value": 0.0099568468535783747, "supply": [{"l": "Vegetables, Other", "v": 0.0099568468535783747}]}, {"source": 39, "prod": 2.0, "target": 68, "value": 0.002497068622676471, "supply": [{"l": "Marine Fish, Other", "v": 0.002497068622676471}]}, {"source": 40, "prod": 4.0, "target": 68, "value": 0.0028779773956271186, "supply": [{"l": "Grapes", "v": 0.0028779773956271186}]}, {"source": 12, "prod": 30.0, "target": 68, "value": 0.097961922889615388, "supply": [{"l": "Oilcrops, Other", "v": 0.097961922889615388}]}, {"source": 49, "prod": 2.0, "target": 68, "value": 0.0059744678898111117, "supply": [{"l": "Mutton & Goat Meat", "v": 0.0059744678898111117}]}, {"source": 42, "prod": 1.0, "target": 68, "value": 0.010216222663730292, "supply": [{"l": "Sunflowerseed Oil", "v": 0.010216222663730292}]}, {"source": 43, "prod": 3.0, "target": 68, "value": 0.0066272411968924059, "supply": [{"l": "Pigmeat", "v": 0.0066272411968924059}]}, {"source": 13, "prod": 46.0, "target": 68, "value": 0.11591415350743837, "supply": [{"l": "Oats", "v": 0.11591415350743837}]}, {"source": 15, "prod": 2.0, "target": 68, "value": 0.0015560633258877962, "supply": [{"l": "Potatoes", "v": 0.0015560633258877962}]}, {"source": 44, "prod": 15.0, "target": 68, "value": 0.015530548750792685, "supply": [{"l": "Freshwater Fish", "v": 0.015530548750792685}]}, {"source": 16, "prod": 47.0, "target": 68, "value": 0.032897733728120132, "supply": [{"l": "Milk - Excluding Butter", "v": 0.032897733728120132}]}, {"source": 46, "prod": 1.0, "target": 68, "value": 0.00041213753966504852, "supply": [{"l": "Pineapples", "v": 0.00041213753966504852}]}, {"source": 17, "prod": 1.0, "target": 68, "value": 0.003859106053227273, "supply": [{"l": "Beans", "v": 0.003859106053227273}]}, {"source": 47, "prod": 8.0, "target": 68, "value": 0.0041541447423119266, "supply": [{"l": "Apples", "v": 0.0041541447423119266}]}, {"source": 18, "prod": 18.0, "target": 68, "value": 0.019034594269654804, "supply": [{"l": "Fish, Seafood", "v": 0.019034594269654804}]}, {"source": 19, "prod": 1.0, "target": 68, "value": 0.0011622222200000001, "supply": [{"l": "Sugar beet", "v": 0.0011622222200000001}]}, {"source": 48, "prod": 1.0, "target": 68, "value": 0.0010503134000536083, "supply": [{"l": "Meat, Other", "v": 0.0010503134000536083}]}, {"source": 41, "prod": 2.0, "target": 68, "value": 0.0015436424212909091, "supply": [{"l": "Wine", "v": 0.0015436424212909091}]}, {"source": 50, "prod": 1.0, "target": 68, "value": 0.00265313541159375, "supply": [{"l": "Sweeteners, Other", "v": 0.00265313541159375}]}, {"source": 20, "prod": 1.0, "target": 68, "value": 0.00090319503373404266, "supply": [{"l": "Pelagic Fish", "v": 0.00090319503373404266}]}, {"source": 21, "prod": 25.0, "target": 68, "value": 0.065031219997343556, "supply": [{"l": "Bovine Meat", "v": 0.065031219997343556}]}, {"source": 22, "prod": 9.0, "target": 68, "value": 0.031582923939612005, "supply": [{"l": "Millet", "v": 0.031582923939612005}]}, {"source": 56, "prod": 2.0, "target": 68, "value": 0.0024085200899574472, "supply": [{"l": "Offals, Edible", "v": 0.0024085200899574472}]}, {"source": 23, "prod": 5.0, "target": 68, "value": 0.016326987148269231, "supply": [{"l": "Rape and Mustardseed", "v": 0.016326987148269231}]}, {"source": 60, "prod": 82.0, "target": 68, "value": 0.031359582522621617, "supply": [{"l": "Onions", "v": 0.031359582522621617}]}, {"source": 70, "prod": 1.0, "target": 68, "value": 0.003859106053227273, "supply": [{"l": "Pulses, Other", "v": 0.003859106053227273}]}, {"source": 15, "prod": 100.0, "target": 71, "value": 0.077803166294389825, "supply": [{"l": "Potatoes", "v": 0.077803166294389825}]}, {"source": 72, "prod": 3.0, "target": 5, "value": 0.0097961922889615374, "supply": [{"l": "Sunflower seed", "v": 0.0097961922889615374}]}, {"source": 56, "prod": 39.0, "target": 71, "value": 0.046966141754170215, "supply": [{"l": "Offals, Edible", "v": 0.046966141754170215}]}, {"source": 72, "prod": 6.0, "target": 23, "value": 0.019592384577923075, "supply": [{"l": "Rape and Mustardseed", "v": 0.019592384577923075}]}, {"source": 72, "prod": 2.0, "target": 1, "value": 0.0019606724931593095, "supply": [{"l": "Pelagic Fish", "v": 0.00090319503373404266}, {"l": "Fish, Seafood", "v": 0.001057477459425267}]}, {"source": 72, "prod": 791.0, "target": 3, "value": 2.1026123308943196, "supply": [{"l": "Barley", "v": 2.1026123308943196}]}, {"source": 72, "prod": 656.0, "target": 7, "value": 2.1659816818112323, "supply": [{"l": "Wheat", "v": 2.1659816818112323}]}, {"source": 42, "prod": 3.0, "target": 71, "value": 0.030648667991190877, "supply": [{"l": "Sunflowerseed Oil", "v": 0.030648667991190877}]}, {"source": 72, "prod": 102.0, "target": 2, "value": 0.30927978512292853, "supply": [{"l": "Rye", "v": 0.30927978512292853}]}, {"source": 72, "prod": 20.0, "target": 12, "value": 0.065307948593076925, "supply": [{"l": "Oilcrops, Other", "v": 0.065307948593076925}]}, {"source": 72, "prod": 227.0, "target": 62, "value": 0.86509312902587987, "supply": [{"l": "Butter, Ghee", "v": 0.049907628282952698}, {"l": "Sugar", "v": 0.76410299853899999}, {"l": "Oilcrops Oil, Other", "v": 0.040868928288618919}, {"l": "Cottonseed Oil", "v": 0.010213573915308272}]}, {"source": 72, "prod": 30.0, "target": 11, "value": 0.097961922889615388, "supply": [{"l": "Cottonseed", "v": 0.097961922889615388}]}, {"source": 14, "prod": 1.0, "target": 71, "value": 0.0032653974296538461, "supply": [{"l": "Soyabeans", "v": 0.0032653974296538461}]}, {"source": 1, "prod": 54.0, "target": 55, "value": 0.074479353648205793, "supply": [{"l": "Poultry Meat", "v": 0.074479353648205793}]}, {"source": 1, "prod": 112.0, "target": 43, "value": 0.24741700468398317, "supply": [{"l": "Pigmeat", "v": 0.24741700468398317}]}, {"source": 1, "prod": 9.0, "target": 20, "value": 0.0081287553036063845, "supply": [{"l": "Pelagic Fish", "v": 0.0081287553036063845}]}, {"source": 1, "prod": 466.0, "target": 21, "value": 1.2121819407504835, "supply": [{"l": "Bovine Meat", "v": 1.2121819407504835}]}, {"source": 1, "prod": 70.0, "target": 8, "value": 0.11600495973815315, "supply": [{"l": "Eggs", "v": 0.12097660086978829}]}, {"source": 1, "prod": 3688.0, "target": 16, "value": 2.5814221699852564, "supply": [{"l": "Milk - Excluding Butter", "v": 2.5814221699852564}]}, {"source": 1, "prod": 122.0, "target": 56, "value": 0.14691972548740423, "supply": [{"l": "Offals, Edible", "v": 0.14691972548740423}]}, {"source": 1, "prod": 7.0, "target": 39, "value": 0.0087397401793676485, "supply": [{"l": "Marine Fish, Other", "v": 0.0087397401793676485}]}, {"source": 1, "prod": 62.0, "target": 18, "value": 0.065563602484366559, "supply": [{"l": "Fish, Seafood", "v": 0.065563602484366559}]}, {"source": 1, "prod": 75.0, "target": 48, "value": 0.078773505004020625, "supply": [{"l": "Meat, Other", "v": 0.078773505004020625}]}, {"source": 1, "prod": 46.0, "target": 44, "value": 0.047627016169097564, "supply": [{"l": "Freshwater Fish", "v": 0.047627016169097564}]}, {"source": 1, "prod": 168.0, "target": 49, "value": 0.50185530274413337, "supply": [{"l": "Mutton & Goat Meat", "v": 0.50185530274413337}]}, {"source": 62, "prod": 45.0, "target": 36, "value": 0.36140006687655407, "supply": [{"l": "Fats, Animals, Raw", "v": 0.36140006687655407}]}, {"source": 62, "prod": 3.0, "target": 50, "value": 0.0079594062347812505, "supply": [{"l": "Sweeteners, Other", "v": 0.0079594062347812505}]}, {"source": 62, "prod": 21.0, "target": 61, "value": 0.045218655710641313, "supply": [{"l": "Cream", "v": 0.045218655710641313}]}, {"source": 62, "prod": 1.0, "target": 69, "value": 0.00077182121064545454, "supply": [{"l": "Alcohol, Non-Food", "v": 0.00077182121064545454}]}, {"source": 62, "prod": 1.0, "target": 52, "value": 0.00077182121064545454, "supply": [{"l": "Beverages, Fermented", "v": 0.00077182121064545454}]}, {"source": 62, "prod": 6.0, "target": 64, "value": 0.061281443491849628, "supply": [{"l": "Palm Oil", "v": 0.061281443491849628}]}, {"source": 62, "prod": 338.0, "target": 26, "value": 1.19567969215825, "supply": [{"l": "Sugar", "v": 1.19567969215825}]}, {"source": 62, "prod": 4.0, "target": 33, "value": 0.014150055528500001, "supply": [{"l": "Honey", "v": 0.014150055528500001}]}, {"source": 62, "prod": 1.0, "target": 28, "value": 0.0070750277642500003, "supply": [{"l": "Maize Germ Oil", "v": 0.0070750277642500003}]}, {"source": 62, "prod": 76.0, "target": 29, "value": 0.045715564015153844, "supply": [{"l": "Beer", "v": 0.045715564015153844}]}, {"source": 62, "prod": 72.0, "target": 31, "value": 0.24477758394755844, "supply": [{"l": "Beverages, Alcoholic", "v": 0.24477758394755844}]}, {"source": 62, "prod": 41.0, "target": 42, "value": 0.41886512921294194, "supply": [{"l": "Sunflowerseed Oil", "v": 0.41886512921294194}]}, {"source": 62, "prod": 21.0, "target": 59, "value": 0.21448505222147371, "supply": [{"l": "Cottonseed Oil", "v": 0.21448505222147371}]}, {"source": 62, "prod": 58.0, "target": 27, "value": 0.59259946018497434, "supply": [{"l": "Oilcrops Oil, Other", "v": 0.59259946018497434}]}, {"source": 62, "prod": 1.0, "target": 45, "value": 0.0084900333171, "supply": [{"l": "Rape and Mustard Oil", "v": 0.0084900333171}]}, {"source": 62, "prod": 24.0, "target": 34, "value": 0.19963051313181082, "supply": [{"l": "Butter, Ghee", "v": 0.19963051313181082}]}, {"source": 62, "prod": 19.0, "target": 41, "value": 0.014664603002263639, "supply": [{"l": "Wine", "v": 0.014664603002263639}]}, {"source": 73, "prod": 0, "target": 0, "value": 0.010604277032653098, "supply": "[{\"l\":'Energy for power irrigation',\"v\":0.010604277032653098}]"}, {"source": 73, "prod": 0, "target": 2, "value": 0.0068539839357391972, "supply": "[{\"l\":'Energy for power irrigation',\"v\":0.0068539839357391972}]"}, {"source": 73, "prod": 0, "target": 25, "value": 0.00017242726882362759, "supply": "[{\"l\":'Energy for power irrigation',\"v\":0.00017242726882362759}]"}, {"source": 73, "prod": 0, "target": 3, "value": 0.26691741213897552, "supply": "[{\"l\":'Energy for power irrigation',\"v\":0.26691741213897552}]"}, {"source": 73, "prod": 0, "target": 4, "value": 0.013233792882213418, "supply": "[{\"l\":'Energy for power irrigation',\"v\":0.013233792882213418}]"}, {"source": 73, "prod": 0, "target": 35, "value": 0.012716511075742537, "supply": "[{\"l\":'Energy for power irrigation',\"v\":0.012716511075742537}]"}, {"source": 73, "prod": 0, "target": 5, "value": 0.0057763135055915243, "supply": "[{\"l\":'Energy for power irrigation',\"v\":0.0057763135055915243}]"}, {"source": 73, "prod": 0, "target": 6, "value": 0.0061211680432387804, "supply": "[{\"l\":'Energy for power irrigation',\"v\":0.0061211680432387804}]"}, {"source": 73, "prod": 0, "target": 7, "value": 0.69164888206877628, "supply": "[{\"l\":'Energy for power irrigation',\"v\":0.69164888206877628}]"}, {"source": 73, "prod": 0, "target": 38, "value": 0.00017242726882362759, "supply": "[{\"l\":'Energy for power irrigation',\"v\":0.00017242726882362759}]"}, {"source": 73, "prod": 0, "target": 9, "value": 0.054918085120325394, "supply": "[{\"l\":'Energy for power irrigation',\"v\":0.054918085120325394}]"}, {"source": 73, "prod": 0, "target": 10, "value": 0.0019398067742658104, "supply": "[{\"l\":'Energy for power irrigation',\"v\":0.0019398067742658104}]"}, {"source": 73, "prod": 0, "target": 14, "value": 0.00025864090323544144, "supply": "[{\"l\":'Energy for power irrigation',\"v\":0.00025864090323544144}]"}, {"source": 73, "prod": 0, "target": 40, "value": 0.0032330112904430173, "supply": "[{\"l\":'Energy for power irrigation',\"v\":0.0032330112904430173}]"}, {"source": 73, "prod": 0, "target": 74, "value": 4.3106817205906898e-05, "supply": "[{\"l\":'Energy for power irrigation',\"v\":4.3106817205906898e-05}]"}, {"source": 73, "prod": 0, "target": 12, "value": 0.0037502930969139001, "supply": "[{\"l\":'Energy for power irrigation',\"v\":0.0037502930969139001}]"}, {"source": 73, "prod": 0, "target": 13, "value": 0.030993801571047062, "supply": "[{\"l\":'Energy for power irrigation',\"v\":0.030993801571047062}]"}, {"source": 73, "prod": 0, "target": 11, "value": 0.0096990338713290516, "supply": "[{\"l\":'Energy for power irrigation',\"v\":0.0096990338713290516}]"}, {"source": 73, "prod": 0, "target": 15, "value": 0.14358880811287589, "supply": "[{\"l\":'Energy for power irrigation',\"v\":0.14358880811287589}]"}, {"source": 73, "prod": 0, "target": 17, "value": 0.00030174772044134828, "supply": "[{\"l\":'Energy for power irrigation',\"v\":0.00030174772044134828}]"}, {"source": 73, "prod": 0, "target": 47, "value": 0.0049572839786792937, "supply": "[{\"l\":'Energy for power irrigation',\"v\":0.0049572839786792937}]"}, {"source": 73, "prod": 0, "target": 19, "value": 0.030519626581782085, "supply": "[{\"l\":'Energy for power irrigation',\"v\":0.030519626581782085}]"}, {"source": 73, "prod": 0, "target": 54, "value": 0.005646993053973804, "supply": "[{\"l\":'Energy for power irrigation',\"v\":0.005646993053973804}]"}, {"source": 73, "prod": 0, "target": 22, "value": 0.0025864090323544139, "supply": "[{\"l\":'Energy for power irrigation',\"v\":0.0025864090323544139}]"}, {"source": 73, "prod": 0, "target": 23, "value": 0.0011638840645594865, "supply": "[{\"l\":'Energy for power irrigation',\"v\":0.0011638840645594865}]"}, {"source": 73, "prod": 0, "target": 60, "value": 0.015906415548979647, "supply": "[{\"l\":'Energy for power irrigation',\"v\":0.015906415548979647}]"}, {"source": 73, "prod": 0, "target": 70, "value": 8.6213634411813796e-05, "supply": "[{\"l\":'Energy for power irrigation',\"v\":8.6213634411813796e-05}]"}, {"source": 73, "prod": 0, "target": 62, "value": 11.165000008931999, "supply": "[{\"l\":'Electricity',\"v\":11.165000008931999}]"}, {"source": 75, "prod": 0, "target": 73, "value": 27.537542792038234, "supply": [{"l": "Coal", "v": 23.125802632665117}, {"l": "Natural gas", "v": 2.0305638368943897}, {"l": "Oil", "v": 2.3811763224787272}]}, {"source": 76, "prod": 0, "target": 73, "value": 1.550954728930277, "supply": [{"l": "Nuclear", "v": 0.0}, {"l": "Hydroelectric", "v": 1.550954728930277}, {"l": "Renewable", "v": 0.0}]}, {"source": 75, "prod": 0, "target": 0, "value": 0.17221037720260604, "supply": [{"l": "Gas-Diesel oil", "v": 0.038552024290877979}, {"l": "Fuel oil", "v": 0.00017960812393059432}, {"l": "Coal", "v": 0.023169447987046669}, {"l": "Other fossil fuels", "v": 0.11030929680075079}]}, {"source": 75, "prod": 0, "target": 2, "value": 0.11130670721631852, "supply": [{"l": "Gas-Diesel oil", "v": 0.02491777179776259}, {"l": "Fuel oil", "v": 0.00011608817766245729}, {"l": "Coal", "v": 0.014975374918456992}, {"l": "Other fossil fuels", "v": 0.071297472322436481}]}, {"source": 75, "prod": 0, "target": 25, "value": 0.0028001687350017236, "supply": [{"l": "Gas-Diesel oil", "v": 0.00062686218359151173}, {"l": "Fuel oil", "v": 2.9204572996844598e-06}, {"l": "Coal", "v": 0.00037673899165929537}, {"l": "Other fossil fuels", "v": 0.001793647102451232}]}, {"source": 75, "prod": 0, "target": 3, "value": 4.3346612017826684, "supply": [{"l": "Gas-Diesel oil", "v": 0.97038266019966024}, {"l": "Fuel oil", "v": 0.0045208678999115451}, {"l": "Coal", "v": 0.58319195908858934}, {"l": "Other fossil fuels", "v": 2.7765657145945073}]}, {"source": 75, "prod": 0, "target": 4, "value": 0.21491295041138228, "supply": [{"l": "Gas-Diesel oil", "v": 0.048111672590648524}, {"l": "Fuel oil", "v": 0.0002241450977507823}, {"l": "Coal", "v": 0.028914717609850923}, {"l": "Other fossil fuels", "v": 0.13766241511313207}]}, {"source": 75, "prod": 0, "target": 35, "value": 0.20651244420637715, "supply": [{"l": "Gas-Diesel oil", "v": 0.046231086039873998}, {"l": "Fuel oil", "v": 0.00021538372585172896}, {"l": "Coal", "v": 0.02778450063487304}, {"l": "Other fossil fuels", "v": 0.13228147380577837}]}, {"source": 75, "prod": 0, "target": 5, "value": 0.093805652622557745, "supply": [{"l": "Gas-Diesel oil", "v": 0.020999883150315642}, {"l": "Fuel oil", "v": 9.7835319539429409e-05}, {"l": "Coal", "v": 0.012620756220586397}, {"l": "Other fossil fuels", "v": 0.060087177932116272}]}, {"source": 75, "prod": 0, "target": 6, "value": 0.099405990092561194, "supply": [{"l": "Gas-Diesel oil", "v": 0.022253607517498667}, {"l": "Fuel oil", "v": 0.00010367623413879834}, {"l": "Coal", "v": 0.013374234203904987}, {"l": "Other fossil fuels", "v": 0.063674472137018739}]}, {"source": 75, "prod": 0, "target": 7, "value": 11.232176838275665, "supply": [{"l": "Gas-Diesel oil", "v": 2.5145009339314517}, {"l": "Fuel oil", "v": 0.011714684343359292}, {"l": "Coal", "v": 1.5111942802933487}, {"l": "Other fossil fuels", "v": 7.1947669397075051}]}, {"source": 75, "prod": 0, "target": 38, "value": 0.0028001687350017236, "supply": [{"l": "Gas-Diesel oil", "v": 0.00062686218359151173}, {"l": "Fuel oil", "v": 2.9204572996844598e-06}, {"l": "Coal", "v": 0.00037673899165929537}, {"l": "Other fossil fuels", "v": 0.001793647102451232}]}, {"source": 75, "prod": 0, "target": 9, "value": 0.89185374209804913, "supply": [{"l": "Gas-Diesel oil", "v": 0.19965560547389652}, {"l": "Fuel oil", "v": 0.00093016564994950063}, {"l": "Coal", "v": 0.1199913688434856}, {"l": "Other fossil fuels", "v": 0.57127660213071751}]}, {"source": 75, "prod": 0, "target": 10, "value": 0.031501898268769396, "supply": [{"l": "Gas-Diesel oil", "v": 0.0070521995654045074}, {"l": "Fuel oil", "v": 3.2855144621450174e-05}, {"l": "Coal", "v": 0.0042383136561670734}, {"l": "Other fossil fuels", "v": 0.020178529902576361}]}, {"source": 75, "prod": 0, "target": 14, "value": 0.0042002531025025864, "supply": [{"l": "Gas-Diesel oil", "v": 0.00094029327538726771}, {"l": "Fuel oil", "v": 4.3806859495266902e-06}, {"l": "Coal", "v": 0.00056510848748894313}, {"l": "Other fossil fuels", "v": 0.0026904706536768483}]}, {"source": 75, "prod": 0, "target": 40, "value": 0.052503163781282315, "supply": [{"l": "Gas-Diesel oil", "v": 0.011753665942340844}, {"l": "Fuel oil", "v": 5.4758574369083626e-05}, {"l": "Coal", "v": 0.0070638560936117888}, {"l": "Other fossil fuels", "v": 0.0336308831709606}]}, {"source": 75, "prod": 0, "target": 74, "value": 0.00070004218375043089, "supply": [{"l": "Gas-Diesel oil", "v": 0.00015671554589787793}, {"l": "Fuel oil", "v": 7.3011432492111496e-07}, {"l": "Coal", "v": 9.4184747914823842e-05}, {"l": "Other fossil fuels", "v": 0.00044841177561280799}]}, {"source": 75, "prod": 0, "target": 12, "value": 0.06090366998628749, "supply": [{"l": "Gas-Diesel oil", "v": 0.01363425249311538}, {"l": "Fuel oil", "v": 6.3519946268137008e-05}, {"l": "Coal", "v": 0.0081940730685896752}, {"l": "Other fossil fuels", "v": 0.039011824478314298}]}, {"source": 75, "prod": 0, "target": 13, "value": 0.50333033011655992, "supply": [{"l": "Gas-Diesel oil", "v": 0.11267847750057425}, {"l": "Fuel oil", "v": 0.00052495219961828173}, {"l": "Coal", "v": 0.06771883375075835}, {"l": "Other fossil fuels", "v": 0.32240806666560901}]}, {"source": 75, "prod": 0, "target": 11, "value": 0.15750949134384695, "supply": [{"l": "Gas-Diesel oil", "v": 0.035260997827022536}, {"l": "Fuel oil", "v": 0.00016427572310725088}, {"l": "Coal", "v": 0.021191568280835366}, {"l": "Other fossil fuels", "v": 0.10089264951288181}]}, {"source": 75, "prod": 0, "target": 15, "value": 2.3318405140726854, "supply": [{"l": "Gas-Diesel oil", "v": 0.52201948338583148}, {"l": "Fuel oil", "v": 0.0024320108163122345}, {"l": "Coal", "v": 0.31372939530427824}, {"l": "Other fossil fuels", "v": 1.4936596245662637}]}, {"source": 75, "prod": 0, "target": 17, "value": 0.0049002952862530168, "supply": [{"l": "Gas-Diesel oil", "v": 0.0010970088212851456}, {"l": "Fuel oil", "v": 5.1108002744478053e-06}, {"l": "Coal", "v": 0.00065929323540376693}, {"l": "Other fossil fuels", "v": 0.0031388824292896563}]}, {"source": 75, "prod": 0, "target": 47, "value": 0.080504851131299557, "supply": [{"l": "Gas-Diesel oil", "v": 0.018022287778255965}, {"l": "Fuel oil", "v": 8.3963147365928226e-05}, {"l": "Coal", "v": 0.010831246010204743}, {"l": "Other fossil fuels", "v": 0.051567354195472925}]}, {"source": 75, "prod": 0, "target": 19, "value": 0.49562986609530513, "supply": [{"l": "Gas-Diesel oil", "v": 0.11095460649569758}, {"l": "Fuel oil", "v": 0.00051692094204414943}, {"l": "Coal", "v": 0.066682801523695281}, {"l": "Other fossil fuels", "v": 0.31747553713386806}]}, {"source": 75, "prod": 0, "target": 54, "value": 0.091705526071306456, "supply": [{"l": "Gas-Diesel oil", "v": 0.020529736512622007}, {"l": "Fuel oil", "v": 9.5644976564666069e-05}, {"l": "Coal", "v": 0.012338201976841923}, {"l": "Other fossil fuels", "v": 0.058741942605277847}]}, {"source": 75, "prod": 0, "target": 22, "value": 0.042002531025025852, "supply": [{"l": "Gas-Diesel oil", "v": 0.0094029327538726754}, {"l": "Fuel oil", "v": 4.3806859495266903e-05}, {"l": "Coal", "v": 0.0056510848748894307}, {"l": "Other fossil fuels", "v": 0.026904706536768481}]}, {"source": 75, "prod": 0, "target": 23, "value": 0.018901138961261638, "supply": [{"l": "Gas-Diesel oil", "v": 0.0042313197392427043}, {"l": "Fuel oil", "v": 1.9713086772870108e-05}, {"l": "Coal", "v": 0.0025429881937002441}, {"l": "Other fossil fuels", "v": 0.012107117941545818}]}, {"source": 75, "prod": 0, "target": 60, "value": 0.25831556580390902, "supply": [{"l": "Gas-Diesel oil", "v": 0.057828036436316961}, {"l": "Fuel oil", "v": 0.00026941218589589147}, {"l": "Coal", "v": 0.034754171980570001}, {"l": "Other fossil fuels", "v": 0.16546394520112617}]}, {"source": 75, "prod": 0, "target": 70, "value": 0.0014000843675008618, "supply": [{"l": "Gas-Diesel oil", "v": 0.00031343109179575587}, {"l": "Fuel oil", "v": 1.4602286498422299e-06}, {"l": "Coal", "v": 0.00018836949582964768}, {"l": "Other fossil fuels", "v": 0.00089682355122561598}]}, {"source": 75, "prod": 0, "target": 1, "value": 0.012147500009717999, "supply": [{"l": "Gas-diesel oils used in fisheries", "v": 0.012147500009717999}]}, {"source": 77, "prod": 1.0483068215087343, "target": 0, "value": 0.011924645705298907, "supply": [{"l": "Potash", "v": 0.01538333334564}, {"l": "Phosphate", "v": 0.24366250019492997}, {"l": "Nitrogen", "v": 1.2310986120959897}]}, {"source": 77, "prod": 0.67756416512149897, "target": 2, "value": 0.0077073929558639266, "supply": [{"l": "Potash", "v": 0.01538333334564}, {"l": "Phosphate", "v": 0.24366250019492997}, {"l": "Nitrogen", "v": 1.2310986120959897}]}, {"source": 77, "prod": 0.017045639374125759, "target": 25, "value": 0.00019389667813494153, "supply": [{"l": "Potash", "v": 0.01538333334564}, {"l": "Phosphate", "v": 0.24366250019492997}, {"l": "Nitrogen", "v": 1.2310986120959897}]}, {"source": 77, "prod": 26.386649751146678, "target": 3, "value": 0.30015205775288956, "supply": [{"l": "Potash", "v": 0.01538333334564}, {"l": "Phosphate", "v": 0.24366250019492997}, {"l": "Nitrogen", "v": 1.2310986120959897}]}, {"source": 77, "prod": 1.308252821964152, "target": 4, "value": 0.014881570046856763, "supply": [{"l": "Potash", "v": 0.01538333334564}, {"l": "Phosphate", "v": 0.24366250019492997}, {"l": "Nitrogen", "v": 1.2310986120959897}]}, {"source": 77, "prod": 1.257115903841775, "target": 35, "value": 0.014299880012451941, "supply": [{"l": "Potash", "v": 0.01538333334564}, {"l": "Phosphate", "v": 0.24366250019492997}, {"l": "Nitrogen", "v": 1.2310986120959897}]}, {"source": 77, "prod": 0.57102891903321296, "target": 5, "value": 0.0064955387175205416, "supply": [{"l": "Potash", "v": 0.01538333334564}, {"l": "Phosphate", "v": 0.24366250019492997}, {"l": "Nitrogen", "v": 1.2310986120959897}]}, {"source": 77, "prod": 0.60512019778146453, "target": 6, "value": 0.006883332073790425, "supply": [{"l": "Potash", "v": 0.01538333334564}, {"l": "Phosphate", "v": 0.24366250019492997}, {"l": "Nitrogen", "v": 1.2310986120959897}]}, {"source": 77, "prod": 68.374320939461953, "target": 7, "value": 0.77776805016878436, "supply": [{"l": "Potash", "v": 0.01538333334564}, {"l": "Phosphate", "v": 0.24366250019492997}, {"l": "Nitrogen", "v": 1.2310986120959897}]}, {"source": 77, "prod": 0.017045639374125759, "target": 38, "value": 0.00019389667813494153, "supply": [{"l": "Potash", "v": 0.01538333334564}, {"l": "Phosphate", "v": 0.24366250019492997}, {"l": "Nitrogen", "v": 1.2310986120959897}]}, {"source": 77, "prod": 5.429036140659055, "target": 9, "value": 0.061756091985978888, "supply": [{"l": "Potash", "v": 0.01538333334564}, {"l": "Phosphate", "v": 0.24366250019492997}, {"l": "Nitrogen", "v": 1.2310986120959897}]}, {"source": 77, "prod": 0.19176344295891479, "target": 10, "value": 0.0021813376290180926, "supply": [{"l": "Potash", "v": 0.01538333334564}, {"l": "Phosphate", "v": 0.24366250019492997}, {"l": "Nitrogen", "v": 1.2310986120959897}]}, {"source": 77, "prod": 0.025568459061188643, "target": 14, "value": 0.00029084501720241237, "supply": [{"l": "Potash", "v": 0.01538333334564}, {"l": "Phosphate", "v": 0.24366250019492997}, {"l": "Nitrogen", "v": 1.2310986120959897}]}, {"source": 77, "prod": 0.319605738264858, "target": 40, "value": 0.0036355627150301537, "supply": [{"l": "Potash", "v": 0.01538333334564}, {"l": "Phosphate", "v": 0.24366250019492997}, {"l": "Nitrogen", "v": 1.2310986120959897}]}, {"source": 77, "prod": 0.0042614098435314399, "target": 74, "value": 4.8474169533735382e-05, "supply": [{"l": "Potash", "v": 0.01538333334564}, {"l": "Phosphate", "v": 0.24366250019492997}, {"l": "Nitrogen", "v": 1.2310986120959897}]}, {"source": 77, "prod": 0.37074265638723525, "target": 12, "value": 0.0042172527494349788, "supply": [{"l": "Potash", "v": 0.01538333334564}, {"l": "Phosphate", "v": 0.24366250019492997}, {"l": "Nitrogen", "v": 1.2310986120959897}]}, {"source": 77, "prod": 3.0639536774991054, "target": 13, "value": 0.034852927894755747, "supply": [{"l": "Potash", "v": 0.01538333334564}, {"l": "Phosphate", "v": 0.24366250019492997}, {"l": "Nitrogen", "v": 1.2310986120959897}]}, {"source": 77, "prod": 0.95881721479457405, "target": 11, "value": 0.010906688145090462, "supply": [{"l": "Potash", "v": 0.01538333334564}, {"l": "Phosphate", "v": 0.24366250019492997}, {"l": "Nitrogen", "v": 1.2310986120959897}]}, {"source": 77, "prod": 14.194756188803227, "target": 15, "value": 0.16146745871687257, "supply": [{"l": "Potash", "v": 0.01538333334564}, {"l": "Phosphate", "v": 0.24366250019492997}, {"l": "Nitrogen", "v": 1.2310986120959897}]}, {"source": 77, "prod": 0.029829868904720079, "target": 17, "value": 0.00033931918673614768, "supply": [{"l": "Potash", "v": 0.01538333334564}, {"l": "Phosphate", "v": 0.24366250019492997}, {"l": "Nitrogen", "v": 1.2310986120959897}]}, {"source": 77, "prod": 0.49006213200611559, "target": 47, "value": 0.0055745294963795693, "supply": [{"l": "Potash", "v": 0.01538333334564}, {"l": "Phosphate", "v": 0.24366250019492997}, {"l": "Nitrogen", "v": 1.2310986120959897}]}, {"source": 77, "prod": 3.0170781692202593, "target": 19, "value": 0.034319712029884653, "supply": [{"l": "Potash", "v": 0.01538333334564}, {"l": "Phosphate", "v": 0.24366250019492997}, {"l": "Nitrogen", "v": 1.2310986120959897}]}, {"source": 77, "prod": 0.55824468950261863, "target": 54, "value": 0.0063501162089193352, "supply": [{"l": "Potash", "v": 0.01538333334564}, {"l": "Phosphate", "v": 0.24366250019492997}, {"l": "Nitrogen", "v": 1.2310986120959897}]}, {"source": 77, "prod": 0.25568459061188636, "target": 22, "value": 0.0029084501720241232, "supply": [{"l": "Potash", "v": 0.01538333334564}, {"l": "Phosphate", "v": 0.24366250019492997}, {"l": "Nitrogen", "v": 1.2310986120959897}]}, {"source": 77, "prod": 0.11505806577534888, "target": 23, "value": 0.0013088025774108556, "supply": [{"l": "Potash", "v": 0.01538333334564}, {"l": "Phosphate", "v": 0.24366250019492997}, {"l": "Nitrogen", "v": 1.2310986120959897}]}, {"source": 77, "prod": 1.5724602322631014, "target": 60, "value": 0.017886968557948357, "supply": [{"l": "Potash", "v": 0.01538333334564}, {"l": "Phosphate", "v": 0.24366250019492997}, {"l": "Nitrogen", "v": 1.2310986120959897}]}, {"source": 77, "prod": 0.0085228196870628797, "target": 70, "value": 9.6948339067470763e-05, "supply": [{"l": "Potash", "v": 0.01538333334564}, {"l": "Phosphate", "v": 0.24366250019492997}, {"l": "Nitrogen", "v": 1.2310986120959897}]}, {"source": 75, "prod": 0, "target": 77, "value": 1.7601064232511281, "supply": [{"l": "Natural gas (including LNG)", "v": 1.2099762320685621}, {"l": "Fuel oil", "v": 0.33250742889688595}, {"l": "Liquefied petroleum gas (LPG)", "v": 0.10881138114284004}, {"l": "Coal", "v": 0.10881138114284004}]}, {"source": 78, "prod": 0, "target": 0, "value": 0.0090375125042101972, "supply": "[{\"l\":'Labor',\"v\":0.0090375125042101972}]"}, {"source": 78, "prod": 0, "target": 2, "value": 0.0058413190575992728, "supply": "[{\"l\":'Labor',\"v\":0.0058413190575992728}]"}, {"source": 78, "prod": 0, "target": 25, "value": 0.00014695142283268608, "supply": "[{\"l\":'Labor',\"v\":0.00014695142283268608}]"}, {"source": 78, "prod": 0, "target": 30, "value": 3.6737855708171521e-05, "supply": "[{\"l\":'Labor',\"v\":3.6737855708171521e-05}]"}, {"source": 78, "prod": 0, "target": 3, "value": 0.22748080254499811, "supply": "[{\"l\":'Labor',\"v\":0.22748080254499811}]"}, {"source": 78, "prod": 0, "target": 32, "value": 0.00011021356712451458, "supply": "[{\"l\":'Labor',\"v\":0.00011021356712451458}]"}, {"source": 78, "prod": 0, "target": 4, "value": 0.011278521702408659, "supply": "[{\"l\":'Labor',\"v\":0.011278521702408659}]"}, {"source": 78, "prod": 0, "target": 35, "value": 0.010837667433910601, "supply": "[{\"l\":'Labor',\"v\":0.010837667433910601}]"}, {"source": 78, "prod": 0, "target": 5, "value": 0.0049228726648949846, "supply": "[{\"l\":'Labor',\"v\":0.0049228726648949846}]"}, {"source": 78, "prod": 0, "target": 6, "value": 0.0052167755105603569, "supply": "[{\"l\":'Labor',\"v\":0.0052167755105603569}]"}, {"source": 78, "prod": 0, "target": 37, "value": 3.6737855708171521e-05, "supply": "[{\"l\":'Labor',\"v\":3.6737855708171521e-05}]"}, {"source": 78, "prod": 0, "target": 7, "value": 0.58945889483761216, "supply": "[{\"l\":'Labor',\"v\":0.58945889483761216}]"}, {"source": 78, "prod": 0, "target": 38, "value": 0.00014695142283268608, "supply": "[{\"l\":'Labor',\"v\":0.00014695142283268608}]"}, {"source": 78, "prod": 0, "target": 9, "value": 0.046804028172210528, "supply": "[{\"l\":'Labor',\"v\":0.046804028172210528}]"}, {"source": 78, "prod": 0, "target": 10, "value": 0.0016532035068677186, "supply": "[{\"l\":'Labor',\"v\":0.0016532035068677186}]"}, {"source": 78, "prod": 0, "target": 14, "value": 0.00022042713424902917, "supply": "[{\"l\":'Labor',\"v\":0.00022042713424902917}]"}, {"source": 78, "prod": 0, "target": 40, "value": 0.0027553391781128642, "supply": "[{\"l\":'Labor',\"v\":0.0027553391781128642}]"}, {"source": 78, "prod": 0, "target": 74, "value": 3.6737855708171521e-05, "supply": "[{\"l\":'Labor',\"v\":3.6737855708171521e-05}]"}, {"source": 78, "prod": 0, "target": 12, "value": 0.0031961934466109227, "supply": "[{\"l\":'Labor',\"v\":0.0031961934466109227}]"}, {"source": 78, "prod": 0, "target": 70, "value": 7.3475711416343042e-05, "supply": "[{\"l\":'Labor',\"v\":7.3475711416343042e-05}]"}, {"source": 78, "prod": 0, "target": 13, "value": 0.026414518254175328, "supply": "[{\"l\":'Labor',\"v\":0.026414518254175328}]"}, {"source": 78, "prod": 0, "target": 11, "value": 0.008266017534338593, "supply": "[{\"l\":'Labor',\"v\":0.008266017534338593}]"}, {"source": 78, "prod": 0, "target": 15, "value": 0.12237379736391936, "supply": "[{\"l\":'Labor',\"v\":0.12237379736391936}]"}, {"source": 78, "prod": 0, "target": 46, "value": 7.3475711416343042e-05, "supply": "[{\"l\":'Labor',\"v\":7.3475711416343042e-05}]"}, {"source": 78, "prod": 0, "target": 17, "value": 0.00025716498995720068, "supply": "[{\"l\":'Labor',\"v\":0.00025716498995720068}]"}, {"source": 78, "prod": 0, "target": 47, "value": 0.0042248534064397254, "supply": "[{\"l\":'Labor',\"v\":0.0042248534064397254}]"}, {"source": 78, "prod": 0, "target": 19, "value": 0.026010401841385439, "supply": "[{\"l\":'Labor',\"v\":0.026010401841385439}]"}, {"source": 78, "prod": 0, "target": 51, "value": 0.00014695142283268608, "supply": "[{\"l\":'Labor',\"v\":0.00014695142283268608}]"}, {"source": 78, "prod": 0, "target": 54, "value": 0.0048126590977704701, "supply": "[{\"l\":'Labor',\"v\":0.0048126590977704701}]"}, {"source": 78, "prod": 0, "target": 22, "value": 0.0022042713424902916, "supply": "[{\"l\":'Labor',\"v\":0.0022042713424902916}]"}, {"source": 78, "prod": 0, "target": 57, "value": 3.6737855708171521e-05, "supply": "[{\"l\":'Labor',\"v\":3.6737855708171521e-05}]"}, {"source": 78, "prod": 0, "target": 23, "value": 0.00099192210412063129, "supply": "[{\"l\":'Labor',\"v\":0.00099192210412063129}]"}, {"source": 78, "prod": 0, "target": 58, "value": 0.00025716498995720068, "supply": "[{\"l\":'Labor',\"v\":0.00025716498995720068}]"}, {"source": 78, "prod": 0, "target": 53, "value": 0.00044085426849805833, "supply": "[{\"l\":'Labor',\"v\":0.00044085426849805833}]"}, {"source": 78, "prod": 0, "target": 60, "value": 0.013556268756315293, "supply": "[{\"l\":'Labor',\"v\":0.013556268756315293}]"}, {"source": 75, "prod": 0, "target": 66, "value": 11.934434692649459, "supply": "[{\"l\":'Fossil Fuels',\"v\":11.934434692649459}]"}, {"source": 76, "prod": 0, "target": 66, "value": 0.19073685580860905, "supply": "[{\"l\":'Renewables & Nuclear',\"v\":0.1706942891411857},{\"l\":'Biomass & Waste',\"v\":0.020042566667423337}]"}]}