{"nodes": [{"layer": 13, "name": "Animal Products", "fill": "#17becf"}, {"layer": 10, "name": "Feed", "fill": "#dbdb8d"}, {"layer": 5, "name": "Cereals", "fill": "#e7ba52"}, {"layer": 5, "name": "Oilcrops", "fill": "#ff9896"}, {"layer": 5, "name": "Sugar Crops", "fill": "#ffbb78"}, {"layer": 5, "name": "Starchy Roots"}, {"layer": 5, "name": "Fruits & Vegetables"}, {"layer": 13, "name": "Aquatic Products", "fill": "#1f77b4"}, {"layer": 13, "name": "Other Processed", "fill": "#9c9ede"}, {"layer": 16, "name": "Food", "fill": "#b5cf6b"}, {"layer": 13, "name": "Sugar", "fill": "#d6616b"}, {"layer": 5, "name": "Others"}, {"layer": 13, "name": "Vegetable Oils", "fill": "#f7b6d2"}, {"layer": 10, "name": "Processing", "fill": "#9edae5"}, {"layer": 16, "name": "Biofuels & Other", "fill": "#e7ba52"}, {"name": "Waste", "fill": "#c7c7c7"}, {"layer": 2, "name": "Import", "fill": "#aec7e8"}, {"layer": 16, "name": "Export", "fill": "#aec7e8"}, {"layer": 0, "name": "Stock Draw", "fill": "#c7c7c7"}, {"layer": 16, "name": "Stock Deposit", "fill": "#c7c7c7"}, {"name": "Crop Residue", "fill": "#bd9e39"}, {"layer": 2, "name": "Electricity", "fill": "#bcbd22"}, {"layer": 0, "name": "Fossil Fuels", "fill": "#c49c94"}, {"layer": 0, "name": "Renewables & Nuclear", "fill": "#2ca02c"}, {"layer": 2, "name": "Fertilizers", "fill": "#c5b0d5"}, {"layer": 0, "name": "Labor", "fill": "#7f7f7f"}], "links": [{"source": 0, "prod": 1209.0, "target": 1, "value": 0.89288765123065938, "supply": [{"l": "Milk - Excluding Butter", "v": 0.81423827428964013}, {"l": "Bovine Meat", "v": 0.017740368125283582}, {"l": "Eggs", "v": 0.060909008815735695}]}, {"source": 2, "prod": 2952.0, "target": 1, "value": 8.8809147850452792, "supply": [{"l": "Maize", "v": 1.0262437179690465}, {"l": "Oats", "v": 0.21944184475345904}, {"l": "Rye", "v": 0.031061097501585366}, {"l": "Barley", "v": 2.7598268302786395}, {"l": "Rice", "v": 0.0041532586192866896}, {"l": "Cereals, Other", "v": 0.15056216719980298}, {"l": "Wheat", "v": 4.6365631604915842}, {"l": "Millet", "v": 0.053062708231874998}]}, {"source": 3, "prod": 65.0, "target": 1, "value": 0.23650807097635718, "supply": [{"l": "Cottonseed", "v": 0.058217371317257155}, {"l": "Sunflower seed", "v": 0.0072771714146571444}, {"l": "Rape and Mustardseed", "v": 0.018192928536642859}, {"l": "Oilcrops, Other", "v": 0.15282059970780001}]}, {"source": 4, "prod": 4.0, "target": 1, "value": 0.0046488888800000003, "supply": [{"l": "Sugar beet", "v": 0.0046488888800000003}]}, {"source": 5, "prod": 150.0, "target": 1, "value": 0.11670683628711513, "supply": [{"l": "Potatoes", "v": 0.11670683628711513}]}, {"source": 6, "prod": 203.0, "target": 1, "value": 0.11697417529665707, "supply": [{"l": "Vegetables, Other", "v": 0.040179736281899511}, {"l": "Peas", "v": 0.029275976955517247}, {"l": "Onions", "v": 0.014582987984283414}, {"l": "Pulses, Other", "v": 0.032935474074956901}]}, {"source": 7, "prod": 30.0, "target": 1, "value": 0.029596693003123134, "supply": [{"l": "Fish, Seafood", "v": 0.015083815537994925}, {"l": "Pelagic Fish", "v": 0.014512877465128207}]}, {"source": 8, "prod": 729.0, "target": 9, "value": 1.038894914876463, "supply": [{"l": "Beer", "v": 0.32355180941918044}, {"l": "Beverages, Alcoholic", "v": 0.27141626978643274}, {"l": "Fats, Animals, Raw", "v": 0.20116512063447137}, {"l": "Butter, Ghee", "v": 0.18876174075019006}, {"l": "Wine", "v": 0.019527076629330006}, {"l": "Beverages, Fermented", "v": 0.00084900333171000015}, {"l": "Cream", "v": 0.033623894325148521}]}, {"source": 0, "prod": 5344.0, "target": 9, "value": 5.358350570678506, "supply": [{"l": "Pigmeat", "v": 0.58054979765465642}, {"l": "Meat, Other", "v": 0.072546127140646621}, {"l": "Eggs", "v": 0.20516718758984653}, {"l": "Mutton & Goat Meat", "v": 0.36941212582589322}, {"l": "Poultry Meat", "v": 0.27768918876617016}, {"l": "Milk - Excluding Butter", "v": 2.894603074751315}, {"l": "Offals, Edible", "v": 0.1119140755435909}, {"l": "Bovine Meat", "v": 0.84646899340638793}]}, {"source": 2, "prod": 1967.0, "target": 9, "value": 6.5203297240263796, "supply": [{"l": "Maize", "v": 0.045951211252345373}, {"l": "Rye", "v": 0.040379426752060986}, {"l": "Barley", "v": 0.30462239541754799}, {"l": "Rice", "v": 0.56899643084227647}, {"l": "Cereals, Other", "v": 0.10706643000874877}, {"l": "Wheat", "v": 5.3651659428545475}, {"l": "Oats", "v": 0.073997831370352457}, {"l": "Millet", "v": 0.014150055528500001}]}, {"source": 3, "prod": 18.0, "target": 9, "value": 0.055791647512371444, "supply": [{"l": "Olives", "v": 0.0060643095122142861}, {"l": "Sunflower seed", "v": 0.040024442780614296}, {"l": "Groundnuts", "v": 0.0060643095122142861}, {"l": "Rape and Mustardseed", "v": 0.0036385857073285722}]}, {"source": 10, "prod": 493.0, "target": 9, "value": 2.0658638752178669, "supply": [{"l": "Sugar", "v": 2.0430699814208704}, {"l": "Sweeteners, Other", "v": 0.019102574963475002}, {"l": "Honey", "v": 0.0036913188335217393}]}, {"source": 5, "prod": 1699.0, "target": 9, "value": 1.3218994323453908, "supply": [{"l": "Potatoes", "v": 1.3218994323453908}]}, {"source": 6, "prod": 3138.0, "target": 9, "value": 1.0154771028293632, "supply": [{"l": "Vegetables, Other", "v": 0.47582715090002919}, {"l": "Grapefruit", "v": 0.00089604573267546169}, {"l": "Tomatoes", "v": 0.12563406154178103}, {"l": "Treenuts", "v": 0.039565203807844659}, {"l": "Peas", "v": 0.032935474074956901}, {"l": "Grapes", "v": 0.0067920266536800004}, {"l": "Dates", "v": 0.0065307948593076922}, {"l": "Apples", "v": 0.10586131916017288}, {"l": "Lemons, Limes", "v": 0.0026881371980263858}, {"l": "Pineapples", "v": 0.006767417861456522}, {"l": "Bananas", "v": 0.026444366069655736}, {"l": "Citrus, Other", "v": 0.00044802286633773084}, {"l": "Fruits, Other", "v": 0.052866698227852248}, {"l": "Oranges, Mandarines", "v": 0.02649372098953192}, {"l": "Onions", "v": 0.10572666288605476}]}, {"source": 11, "prod": 101.0, "target": 9, "value": 0.33164561537541809, "supply": [{"l": "Nuts", "v": 0.039565203807844659}, {"l": "Pepper", "v": 0.0011622222200000001}, {"l": "Cocoa Beans", "v": 0.25470099951300001}, {"l": "Coffee", "v": 0.006620668183059634}, {"l": "Spices, Other", "v": 0.0041754262215245898}, {"l": "Tea", "v": 0.013292476405560605}, {"l": "Infant food", "v": 0.012128619024428572}]}, {"source": 7, "prod": 184.0, "target": 9, "value": 0.18712281629661848, "supply": [{"l": "Crustaceans", "v": 0.0010055877025329949}, {"l": "Marine Fish, Other", "v": 0.012863686844090911}, {"l": "Demersal Fish", "v": 0.013405315763842109}, {"l": "Freshwater Fish", "v": 0.01311468561178049}, {"l": "Pelagic Fish", "v": 0.053213884038803422}, {"l": "Fish, Seafood", "v": 0.092514068633035546}, {"l": "Molluscs, Other", "v": 0.0010055877025329949}]}, {"source": 12, "prod": 289.0, "target": 9, "value": 2.9796091062735024, "supply": [{"l": "Maize Germ Oil", "v": 0.023154636319363639}, {"l": "Soyabean Oil", "v": 0.22519662841102131}, {"l": "Sunflowerseed Oil", "v": 2.2704089096753641}, {"l": "Rape and Mustard Oil", "v": 0.16300863968832002}, {"l": "Oilcrops Oil, Other", "v": 0.053062708231874998}, {"l": "Cottonseed Oil", "v": 0.24477758394755844}]}, {"source": 5, "prod": 14.0, "target": 13, "value": 0.010892638053464078, "supply": [{"l": "Potatoes", "v": 0.010892638053464078}]}, {"source": 4, "prod": 96.0, "target": 13, "value": 0.11157333312000001, "supply": [{"l": "Sugar beet", "v": 0.11157333312000001}]}, {"source": 6, "prod": 79.0, "target": 13, "value": 0.024299449848485297, "supply": [{"l": "Vegetables, Other", "v": 0.017062627736149111}, {"l": "Grapes", "v": 0.0067920266536800004}, {"l": "Apples", "v": 0.00044479545865618855}]}, {"source": 2, "prod": 187.0, "target": 13, "value": 0.55911361301584106, "supply": [{"l": "Wheat", "v": 0.33780674455010112}, {"l": "Barley", "v": 0.22130686846573996}]}, {"source": 3, "prod": 587.0, "target": 13, "value": 2.1358498102018717, "supply": [{"l": "Sunflower seed", "v": 0.90964642683214303}, {"l": "Soyabeans", "v": 0.43299169917210006}, {"l": "Cottonseed", "v": 0.55306502751394293}, {"l": "Rape and Mustardseed", "v": 0.17829069965910005}, {"l": "Oilcrops, Other", "v": 0.061855957024585725}, {"l": "Oil Palm", "v": 5.5511151231257827e-17}]}, {"source": 8, "prod": 54.0, "target": 14, "value": 0.45262152142756057, "supply": [{"l": "Fats, Animals, Raw", "v": 0.45262152142756057}]}, {"source": 0, "prod": 537.0, "target": 14, "value": 0.50258583300777371, "supply": [{"l": "Poultry Meat", "v": 0.002848094243755591}, {"l": "Offals, Edible", "v": 0.025727373688181818}, {"l": "Milk - Excluding Butter", "v": 0.31688139025189604}, {"l": "Bovine Meat", "v": 0.15712897482394031}]}, {"source": 2, "prod": 602.0, "target": 14, "value": 1.9708678184315573, "supply": [{"l": "Maize", "v": 0.28183409568105161}, {"l": "Wheat", "v": 1.6890337227505057}]}, {"source": 4, "prod": 21.0, "target": 14, "value": 0.02440666662, "supply": [{"l": "Sugar beet", "v": 0.02440666662}]}, {"source": 5, "prod": 87.0, "target": 14, "value": 0.067689965046526759, "supply": [{"l": "Potatoes", "v": 0.066133873896031897}, {"l": "Cassava", "v": 0.0015560911504948682}]}, {"source": 6, "prod": 71.0, "target": 14, "value": 0.019539460794622366, "supply": [{"l": "Vegetables, Other", "v": 0.019539460794622366}]}, {"source": 12, "prod": 45.0, "target": 14, "value": 0.46846136433832197, "supply": [{"l": "Coconut Oil", "v": 0.010320040498524384}, {"l": "Rape and Mustard Oil", "v": 0.061128239883120009}, {"l": "Cottonseed Oil", "v": 0.010199065997814935}, {"l": "Palmkernel Oil", "v": 0.020640080997048768}, {"l": "Oilcrops Oil, Other", "v": 0.18041320798837501}, {"l": "Palm Oil", "v": 0.18576072897343887}]}, {"source": 5, "prod": 310.0, "target": 5, "value": 0.24119412832670459, "supply": [{"l": "Potatoes", "v": 0.24119412832670459}]}, {"source": 6, "prod": 32.0, "target": 6, "value": 0.049418038896549769, "supply": [{"l": "Vegetables, Other", "v": 0.0055040734632739062}, {"l": "Peas", "v": 0.040254468313836209}, {"l": "Pulses, Other", "v": 0.0036594971194396559}]}, {"source": 0, "prod": 4.0, "target": 0, "value": 0.0064114746121827042, "supply": [{"l": "Eggs", "v": 0.0064114746121827042}]}, {"source": 2, "prod": 2303.0, "target": 2, "value": 7.4461451253829161, "supply": [{"l": "Maize", "v": 0.061268281669793818}, {"l": "Wheat", "v": 6.6236616578451208}, {"l": "Oats", "v": 0.056136285867163939}, {"l": "Rye", "v": 0.055909975502853662}, {"l": "Millet", "v": 0.0070750277642500003}, {"l": "Barley", "v": 0.59883034996612006}, {"l": "Rice", "v": 0.033226068954293517}, {"l": "Cereals, Other", "v": 0.010037477813320199}]}, {"source": 3, "prod": 28.0, "target": 3, "value": 0.10188039980520001, "supply": [{"l": "Sunflower seed", "v": 0.054578785609928585}, {"l": "Soyabeans", "v": 0.0072771714146571444}, {"l": "Cottonseed", "v": 0.0072771714146571444}, {"l": "Rape and Mustardseed", "v": 0.0036385857073285722}, {"l": "Oilcrops, Other", "v": 0.029108685658628577}]}, {"source": 0, "prod": 69.0, "target": 15, "value": 0.095011712097354678, "supply": [{"l": "Milk - Excluding Butter", "v": 0.022384557368787358}, {"l": "Bovine Meat", "v": 0.040549412857791046}, {"l": "Eggs", "v": 0.025645898448730817}, {"l": "Offals, Edible", "v": 0.0064318434220454546}]}, {"source": 2, "prod": 808.0, "target": 15, "value": 2.602803179673137, "supply": [{"l": "Maize", "v": 0.061268281669793818}, {"l": "Oats", "v": 0.015309896145590165}, {"l": "Rye", "v": 0.015530548750792683}, {"l": "Barley", "v": 0.28379351367959599}, {"l": "Rice", "v": 0.070605396527873718}, {"l": "Cereals, Other", "v": 0.0066916518755467981}, {"l": "Wheat", "v": 2.1460663771418189}, {"l": "Millet", "v": 0.0035375138821250002}]}, {"source": 3, "prod": 9.0, "target": 15, "value": 0.032747271365957148, "supply": [{"l": "Soyabeans", "v": 0.0036385857073285722}, {"l": "Sunflower seed", "v": 0.014554342829314289}, {"l": "Rape and Mustardseed", "v": 0.0036385857073285722}, {"l": "Oilcrops, Other", "v": 0.010915757121985717}]}, {"source": 4, "prod": 3.0, "target": 15, "value": 0.0034866666600000002, "supply": [{"l": "Sugar beet", "v": 0.0034866666600000002}]}, {"source": 5, "prod": 215.0, "target": 15, "value": 0.16727979867819834, "supply": [{"l": "Potatoes", "v": 0.16727979867819834}]}, {"source": 6, "prod": 106.0, "target": 15, "value": 0.033173658098165637, "supply": [{"l": "Fruits, Other", "v": 0.00089604573267546169}, {"l": "Tomatoes", "v": 0.0028453707317824973}, {"l": "Vegetables, Other", "v": 0.022291497526259318}, {"l": "Peas", "v": 0.0036594971194396559}, {"l": "Grapes", "v": 0.00084900333171000005}, {"l": "Onions", "v": 0.0021874481976425124}, {"l": "Apples", "v": 0.00044479545865618855}]}, {"source": 16, "prod": 102.0, "target": 11, "value": 0.33756098593367878, "supply": [{"l": "Nuts", "v": 0.037092378569854367}, {"l": "Coffee", "v": 0.006620668183059634}, {"l": "Cocoa Beans", "v": 0.26266040574778127}, {"l": "Pepper", "v": 0.0011622222200000001}, {"l": "Spices, Other", "v": 0.0041754262215245898}, {"l": "Tea", "v": 0.013721265967030303}, {"l": "Infant food", "v": 0.012128619024428572}]}, {"source": 16, "prod": 1037.0, "target": 1, "value": 1.0282738873574884, "supply": [{"l": "Freshwater Fish", "v": 0.0020707398334390247}, {"l": "Pigmeat", "v": 0.12057572720519785}, {"l": "Meat, Other", "v": 0.002043552877201313}, {"l": "Crustaceans", "v": 0.0010055877025329949}, {"l": "Eggs", "v": 0.027248767101776494}, {"l": "Marine Fish, Other", "v": 0.015436424212909092}, {"l": "Demersal Fish", "v": 0.013405315763842109}, {"l": "Milk - Excluding Butter", "v": 0.41901093324698835}, {"l": "Pelagic Fish", "v": 0.079337063476034184}, {"l": "Fish, Seafood", "v": 0.10558670876596446}, {"l": "Molluscs, Other", "v": 0.0010055877025329949}, {"l": "Poultry Meat", "v": 0.19082231433162458}, {"l": "Offals, Edible", "v": 0.0025727373688181816}, {"l": "Bovine Meat", "v": 0.048152427768626868}]}, {"source": 16, "prod": 1008.0, "target": 13, "value": 4.4794340709823217, "supply": [{"l": "Sugar", "v": 2.4068464170361805}, {"l": "Maize Germ Oil", "v": 0.011577318159681819}, {"l": "Beer", "v": 0.1168701375660029}, {"l": "Beverages, Alcoholic", "v": 0.054283253957286552}, {"l": "Fats, Animals, Raw", "v": 0.22631076071378028}, {"l": "Soyabean Oil", "v": 0.010236210382319151}, {"l": "Butter, Ghee", "v": 0.057449225445710017}, {"l": "Palm Oil", "v": 0.20640080997048763}, {"l": "Sunflowerseed Oil", "v": 1.104244333342109}, {"l": "Coconut Oil", "v": 0.010320040498524384}, {"l": "Rape and Mustard Oil", "v": 0.010188039980520001}, {"l": "Oilcrops Oil, Other", "v": 0.18041320798837501}, {"l": "Wine", "v": 0.0084900333171000018}, {"l": "Sweeteners, Other", "v": 0.053062708231874998}, {"l": "Palmkernel Oil", "v": 0.020640080997048768}, {"l": "Cream", "v": 0.0021014933953217825}]}, {"source": 16, "prod": 334.0, "target": 2, "value": 1.0457736092823902, "supply": [{"l": "Maize", "v": 0.21750239992776804}, {"l": "Rye", "v": 0.0031061097501585365}, {"l": "Barley", "v": 0.20568520716227601}, {"l": "Rice", "v": 0.087218431005020497}, {"l": "Cereals, Other", "v": 0.030112433439960597}, {"l": "Wheat", "v": 0.48683913185161637}, {"l": "Oats", "v": 0.015309896145590165}]}, {"source": 16, "prod": 576.0, "target": 6, "value": 0.26685842924988129, "supply": [{"l": "Vegetables, Other", "v": 0.02531873793105997}, {"l": "Grapefruit", "v": 0.00089604573267546169}, {"l": "Tomatoes", "v": 0.01378910431556133}, {"l": "Treenuts", "v": 0.037092378569854367}, {"l": "Peas", "v": 0.0036594971194396559}, {"l": "Grapes", "v": 0.0016980066634200001}, {"l": "Dates", "v": 0.0065307948593076922}, {"l": "Apples", "v": 0.066719318798428282}, {"l": "Lemons, Limes", "v": 0.0026881371980263858}, {"l": "Pineapples", "v": 0.006767417861456522}, {"l": "Bananas", "v": 0.026444366069655736}, {"l": "Fruits, Other", "v": 0.041218103703071246}, {"l": "Oranges, Mandarines", "v": 0.02709585101202128}, {"l": "Pulses, Other", "v": 0.0036594971194396559}, {"l": "Onions", "v": 0.0032811722964637678}]}, {"source": 16, "prod": 36.0, "target": 3, "value": 0.11886046643940001, "supply": [{"l": "Olives", "v": 0.0072771714146571435}, {"l": "Sunflower seed", "v": 0.094603228390542873}, {"l": "Groundnuts", "v": 0.0060643095122142861}, {"l": "Oilcrops, Other", "v": 0.0036385857073285722}, {"l": "Soyabeans", "v": 0.0036385857073285722}, {"l": "Rape and Mustardseed", "v": 0.0036385857073285722}]}, {"source": 16, "prod": 70.0, "target": 5, "value": 0.05446319026732039, "supply": [{"l": "Potatoes", "v": 0.052907099116825521}, {"l": "Cassava", "v": 0.0015560911504948682}]}, {"source": 8, "prod": 14.0, "target": 17, "value": 0.061449282336971001, "supply": [{"l": "Beer", "v": 0.0011514299267586492}, {"l": "Beverages, Alcoholic", "v": 0.006785406744660819}, {"l": "Butter, Ghee", "v": 0.008207032206530001}, {"l": "Alcohol, Non-Food", "v": 0.0033960133268400006}, {"l": "Fats, Animals, Raw", "v": 0.041909400132181529}]}, {"source": 0, "prod": 13.0, "target": 17, "value": 0.010542785839276245, "supply": [{"l": "Milk - Excluding Butter", "v": 0.0076946915955206537}, {"l": "Poultry Meat", "v": 0.002848094243755591}]}, {"source": 2, "prod": 8012.0, "target": 17, "value": 26.06322452763165, "supply": [{"l": "Maize", "v": 0.0091902422504690738}, {"l": "Oats", "v": 0.025516493575983606}, {"l": "Rye", "v": 0.015530548750792683}, {"l": "Barley", "v": 1.7860766090293843}, {"l": "Rice", "v": 0.11213798272074063}, {"l": "Cereals, Other", "v": 0.020074955626640398}, {"l": "Wheat", "v": 24.077010126267012}, {"l": "Millet", "v": 0.017687569410625003}]}, {"source": 3, "prod": 57.0, "target": 17, "value": 0.20739938531772861, "supply": [{"l": "Soyabeans", "v": 0.018192928536642859}, {"l": "Rape and Mustardseed", "v": 0.16009777112245718}, {"l": "Oilcrops, Other", "v": 0.029108685658628577}]}, {"source": 10, "prod": 46.0, "target": 17, "value": 0.13978438763447795, "supply": [{"l": "Sugar", "v": 0.084599171073327956}, {"l": "Sweeteners, Other", "v": 0.055185216561150004}]}, {"source": 6, "prod": 314.0, "target": 17, "value": 0.12456765889161532, "supply": [{"l": "Grapes", "v": 0.0016980066634200001}, {"l": "Fruits, Other", "v": 0.0085124344604168862}, {"l": "Tomatoes", "v": 0.0056907414635649946}, {"l": "Apples", "v": 0.0022239772932809427}, {"l": "Vegetables, Other", "v": 0.055040734632739063}, {"l": "Peas", "v": 0.029275976955517247}, {"l": "Oranges, Mandarines", "v": 0.00060213002248936181}, {"l": "Onions", "v": 0.017864160280747183}, {"l": "Pulses, Other", "v": 0.0036594971194396559}]}, {"source": 11, "prod": 2.0, "target": 17, "value": 0.0083881957962509482, "supply": [{"l": "Cocoa Beans", "v": 0.0079594062347812505}, {"l": "Tea", "v": 0.00042878956146969697}]}, {"source": 7, "prod": 108.0, "target": 17, "value": 0.095775796203488917, "supply": [{"l": "Fish, Seafood", "v": 0.054301735936781725}, {"l": "Freshwater Fish", "v": 0.027609864445853657}, {"l": "Pelagic Fish", "v": 0.012577827136444444}, {"l": "Marine Fish, Other", "v": 0.001286368684409091}]}, {"source": 12, "prod": 10.0, "target": 17, "value": 0.10312998263096611, "supply": [{"l": "Cottonseed Oil", "v": 0.030597197993444805}, {"l": "Oilcrops Oil, Other", "v": 0.010612541646375}, {"l": "Palm Oil", "v": 0.020640080997048768}, {"l": "Sunflowerseed Oil", "v": 0.041280161994097536}]}, {"source": 18, "prod": 134.0, "target": 3, "value": 0.48757048478202863, "supply": [{"l": "Sunflower seed", "v": 0.25470099951300007}, {"l": "Soyabeans", "v": 0.13826625687848573}, {"l": "Rape and Mustardseed", "v": 0.058217371317257155}, {"l": "Oilcrops, Other", "v": 0.036385857073285718}]}, {"source": 18, "prod": 50.0, "target": 5, "value": 0.038902278762371706, "supply": [{"l": "Potatoes", "v": 0.038902278762371706}]}, {"source": 2, "prod": 6.0, "target": 19, "value": 0.018380484500938148, "supply": [{"l": "Maize", "v": 0.018380484500938148}]}, {"source": 6, "prod": 10.0, "target": 19, "value": 0.0027520367316369531, "supply": [{"l": "Vegetables, Other", "v": 0.0027520367316369531}]}, {"source": 3, "prod": 5.0, "target": 19, "value": 0.018192928536642859, "supply": [{"l": "Cottonseed", "v": 0.018192928536642859}]}, {"source": 18, "prod": 10.0, "target": 13, "value": 0.02122508329275, "supply": [{"l": "Sweeteners, Other", "v": 0.02122508329275}]}, {"source": 4, "prod": 7.0, "target": 19, "value": 0.0081355555400000005, "supply": [{"l": "Sugar beet", "v": 0.0081355555400000005}]}, {"source": 10, "prod": 78.0, "target": 19, "value": 0.32993676718597903, "supply": [{"l": "Sugar", "v": 0.32993676718597903}]}, {"source": 18, "prod": 1059.0, "target": 2, "value": 3.3929807848777713, "supply": [{"l": "Wheat", "v": 2.8614218361890922}, {"l": "Oats", "v": 0.022964844218385246}, {"l": "Rye", "v": 0.031061097501585366}, {"l": "Barley", "v": 0.39054153258660002}, {"l": "Cereals, Other", "v": 0.086991474382108386}]}, {"source": 1, "prod": 322.0, "target": 7, "value": 0.31249530550323051, "supply": [{"l": "Pelagic Fish", "v": 0.080304588640376068}, {"l": "Crustaceans", "v": 0.0010055877025329949}, {"l": "Freshwater Fish", "v": 0.040724550057634146}, {"l": "Molluscs, Other", "v": 0.0010055877025329949}, {"l": "Demersal Fish", "v": 0.013405315763842109}, {"l": "Fish, Seafood", "v": 0.1618996201078122}, {"l": "Marine Fish, Other", "v": 0.014150055528500002}]}, {"source": 1, "prod": 7172.0, "target": 0, "value": 6.8593785528535705, "supply": [{"l": "Poultry Meat", "v": 0.28338537725368135}, {"l": "Pigmeat", "v": 0.58054979765465642}, {"l": "Bovine Meat", "v": 1.0618877492134029}, {"l": "Eggs", "v": 0.29813356946649577}, {"l": "Milk - Excluding Butter", "v": 4.0558019882571585}, {"l": "Offals, Edible", "v": 0.14407329265381816}, {"l": "Meat, Other", "v": 0.072546127140646621}, {"l": "Mutton & Goat Meat", "v": 0.36941212582589322}]}, {"source": 13, "prod": 797.0, "target": 8, "value": 1.5529657186409946, "supply": [{"l": "Fats, Animals, Raw", "v": 0.69569604219421355}, {"l": "Alcohol, Non-Food", "v": 0.0033960133268400006}, {"l": "Beverages, Fermented", "v": 0.00084900333171000015}, {"l": "Beer", "v": 0.32470323934593909}, {"l": "Beverages, Alcoholic", "v": 0.27820167653109357}, {"l": "Cream", "v": 0.033623894325148521}, {"l": "Butter, Ghee", "v": 0.19696877295672005}, {"l": "Wine", "v": 0.019527076629330006}]}, {"source": 13, "prod": 344.0, "target": 12, "value": 3.5512004532427905, "supply": [{"l": "Soyabean Oil", "v": 0.22519662841102131}, {"l": "Coconut Oil", "v": 0.010320040498524384}, {"l": "Rape and Mustard Oil", "v": 0.22413687957144002}, {"l": "Maize Germ Oil", "v": 0.023154636319363639}, {"l": "Cottonseed Oil", "v": 0.28557384793881818}, {"l": "Palmkernel Oil", "v": 0.020640080997048768}, {"l": "Oilcrops Oil, Other", "v": 0.24408845786662503}, {"l": "Palm Oil", "v": 0.20640080997048765}, {"l": "Sunflowerseed Oil", "v": 2.3116890716694618}]}, {"source": 13, "prod": 617.0, "target": 10, "value": 2.535585030038324, "supply": [{"l": "Honey", "v": 0.0036913188335217393}, {"l": "Sweeteners, Other", "v": 0.074287791524625002}, {"l": "Sugar", "v": 2.4576059196801774}]}, {"source": 5, "prod": 1207.25, "target": 20, "value": 4.2092783252850001, "supply": [{"l": "Cassava", "v": 0.0017433333300000001}, {"l": "Potatoes", "v": 4.2075349919550007}]}, {"source": 4, "prod": 52.200000000000003, "target": 20, "value": 0.060667999884000005, "supply": [{"l": "Sugar beet", "v": 0.060667999884000005}]}, {"source": 6, "prod": 3664.5, "target": 20, "value": 9.7915631493383177, "supply": [{"l": "Tomatoes", "v": 2.0257533294600001}, {"l": "Vegetables, Other", "v": 7.9251933181799989}, {"l": "Peas", "v": 0.12551999976000003}, {"l": "Beans", "v": 0.014291201514936631}, {"l": "Pulses, Other", "v": 0.30011523181366928}, {"l": "Onions", "v": 1.3284199974600002}]}, {"source": 2, "prod": 32283.0, "target": 20, "value": 112.66480974770454, "supply": [{"l": "Maize", "v": 3.1763533272600006}, {"l": "Rye", "v": 0.31728666606000006}, {"l": "Barley", "v": 15.15305330436}, {"l": "Rice", "v": 1.2551999975999999}, {"l": "Cereals, Other", "v": 0.49510666572000017}, {"l": "Wheat", "v": 90.960159826080016}, {"l": "Oats", "v": 1.0146199980600001}, {"l": "Millet", "v": 0.18827999964}]}, {"source": 3, "prod": 684.5, "target": 20, "value": 2.38197443989, "supply": [{"l": "Olives", "v": 0.0087166666499999997}, {"l": "Sunflower seed", "v": 0.81587999844000003}, {"l": "Soyabeans", "v": 0.37655999928}, {"l": "Groundnuts", "v": 0.0017433333300000001}, {"l": "Oilcrops, Other", "v": 0.25278333284999999}, {"l": "Cottonseed", "v": 0.61016666550000009}, {"l": "Rape and Mustardseed", "v": 0.32077333272000003}]}, {"source": 21, "prod": 0, "target": 2, "value": 0.92644901841267691, "supply": "[{\"l\":'Energy for power irrigation',\"v\":0.92644901841267691}]"}, {"source": 21, "prod": 0, "target": 3, "value": 0.039287200886130615, "supply": "[{\"l\":'Energy for power irrigation',\"v\":0.039287200886130615}]"}, {"source": 21, "prod": 0, "target": 4, "value": 0.0074901091536012359, "supply": "[{\"l\":'Energy for power irrigation',\"v\":0.0074901091536012359}]"}, {"source": 21, "prod": 0, "target": 5, "value": 0.13858136820973319, "supply": "[{\"l\":'Energy for power irrigation',\"v\":0.13858136820973319}]"}, {"source": 21, "prod": 0, "target": 6, "value": 0.21032570876146914, "supply": "[{\"l\":'Energy for power irrigation',\"v\":0.21032570876146914}]"}, {"source": 21, "prod": 0, "target": 11, "value": 0.0030132623031729109, "supply": "[{\"l\":'Energy for power irrigation',\"v\":0.0030132623031729109}]"}, {"source": 21, "prod": 0, "target": 13, "value": 0.71900000057519997, "supply": "[{\"l\":'Electricity',\"v\":0.71900000057519997}]"}, {"source": 22, "prod": 0, "target": 21, "value": 4.6071463582364611, "supply": [{"l": "Coal", "v": 4.0393302079277555}, {"l": "Natural gas", "v": 0.38874514679069283}, {"l": "Oil", "v": 0.17907100351801325}]}, {"source": 23, "prod": 0, "target": 21, "value": 0.19083852660633993, "supply": [{"l": "Nuclear", "v": 0.0}, {"l": "Hydroelectric", "v": 0.19083852660633993}, {"l": "Renewable", "v": 0.0}]}, {"source": 22, "prod": 0, "target": 2, "value": 16.217078626938534, "supply": [{"l": "Gas-Diesel oil", "v": 3.6158585116418203}, {"l": "Fuel oil", "v": 0.0068807540552274019}, {"l": "Coal", "v": 2.0242127095195781}, {"l": "Other fossil fuels", "v": 10.570126651721909}]}, {"source": 22, "prod": 0, "target": 3, "value": 0.68770500388064471, "supply": [{"l": "Gas-Diesel oil", "v": 0.15333489150443427}, {"l": "Fuel oil", "v": 0.0002917867701764493}, {"l": "Coal", "v": 0.085839209470380762}, {"l": "Other fossil fuels", "v": 0.44823911613565326}]}, {"source": 22, "prod": 0, "target": 4, "value": 0.13111103434101409, "supply": [{"l": "Gas-Diesel oil", "v": 0.029233313866075493}, {"l": "Fuel oil", "v": 5.5629179704933001e-05}, {"l": "Coal", "v": 0.016365254690846882}, {"l": "Other fossil fuels", "v": 0.085456836604386785}]}, {"source": 22, "prod": 0, "target": 5, "value": 2.4258053058726321, "supply": [{"l": "Gas-Diesel oil", "v": 0.54087230903938144}, {"l": "Fuel oil", "v": 0.00102924639385104}, {"l": "Coal", "v": 0.30278856284329347}, {"l": "Other fossil fuels", "v": 1.5811151875961063}]}, {"source": 22, "prod": 0, "target": 6, "value": 3.6816581252310043, "supply": [{"l": "Gas-Diesel oil", "v": 0.82088489396347619}, {"l": "Fuel oil", "v": 0.0015620929427488655}, {"l": "Coal", "v": 0.4595438759740107}, {"l": "Other fossil fuels", "v": 2.3996672623507687}]}, {"source": 22, "prod": 0, "target": 11, "value": 0.052745818413051648, "supply": [{"l": "Gas-Diesel oil", "v": 0.01176052856681198}, {"l": "Fuel oil", "v": 2.2379555053708677e-05}, {"l": "Coal", "v": 0.0065837231514901248}, {"l": "Other fossil fuels", "v": 0.03437918713969583}]}, {"source": 22, "prod": 0, "target": 1, "value": 0.012147500009717999, "supply": [{"l": "Gas-diesel oils used in fisheries", "v": 0.012147500009717999}]}, {"source": 24, "prod": 21.603099012474011, "target": 2, "value": 0.25180719046262034, "supply": [{"l": "Potash", "v": 0.000512777778188}, {"l": "Phosphate", "v": 0.060600000048479992}, {"l": "Nitrogen", "v": 0.29905972246147}]}, {"source": 24, "prod": 0.91610576923076914, "target": 3, "value": 0.010678191114311782, "supply": [{"l": "Potash", "v": 0.000512777778188}, {"l": "Phosphate", "v": 0.060600000048479992}, {"l": "Nitrogen", "v": 0.29905972246147}]}, {"source": 24, "prod": 0.17465566528066528, "target": 4, "value": 0.0020357983059425678, "supply": [{"l": "Potash", "v": 0.000512777778188}, {"l": "Phosphate", "v": 0.060600000048479992}, {"l": "Nitrogen", "v": 0.29905972246147}]}, {"source": 24, "prod": 3.2314643970893968, "target": 5, "value": 0.03766616865669218, "supply": [{"l": "Potash", "v": 0.000512777778188}, {"l": "Phosphate", "v": 0.060600000048479992}, {"l": "Nitrogen", "v": 0.29905972246147}]}, {"source": 24, "prod": 4.9044113825363818, "target": 6, "value": 0.057166152430088421, "supply": [{"l": "Potash", "v": 0.000512777778188}, {"l": "Phosphate", "v": 0.060600000048479992}, {"l": "Nitrogen", "v": 0.29905972246147}]}, {"source": 24, "prod": 0.07026377338877339, "target": 11, "value": 0.00081899931848264222, "supply": [{"l": "Potash", "v": 0.000512777778188}, {"l": "Phosphate", "v": 0.060600000048479992}, {"l": "Nitrogen", "v": 0.29905972246147}]}, {"source": 22, "prod": 0, "target": 24, "value": 0.4219931407747558, "supply": [{"l": "Natural gas (including LNG)", "v": 0.29153957945809994}, {"l": "Fuel oil", "v": 0.077588419360521965}, {"l": "Liquefied petroleum gas (LPG)", "v": 0.026432570978066963}, {"l": "Coal", "v": 0.026432570978066963}]}, {"source": 25, "prod": 0, "target": 2, "value": 0.72409491902816558, "supply": "[{\"l\":'Labor',\"v\":0.72409491902816558}]"}, {"source": 25, "prod": 0, "target": 3, "value": 0.030706128431358878, "supply": "[{\"l\":'Labor',\"v\":0.030706128431358878}]"}, {"source": 25, "prod": 0, "target": 4, "value": 0.0058541267498792311, "supply": "[{\"l\":'Labor',\"v\":0.0058541267498792311}]"}, {"source": 25, "prod": 0, "target": 5, "value": 0.10831255967496861, "supply": "[{\"l\":'Labor',\"v\":0.10831255967496861}]"}, {"source": 25, "prod": 0, "target": 6, "value": 0.16438657068913748, "supply": "[{\"l\":'Labor',\"v\":0.16438657068913748}]"}, {"source": 25, "prod": 0, "target": 11, "value": 0.0023551084625950932, "supply": "[{\"l\":'Labor',\"v\":0.0023551084625950932}]"}, {"source": 22, "prod": 0, "target": 16, "value": 17.569937855835896, "supply": "[{\"l\":'Fossil Fuels',\"v\":17.569937855835896}]"}, {"source": 23, "prod": 0, "target": 16, "value": 0.18050540743947405, "supply": "[{\"l\":'Renewables & Nuclear',\"v\":0.1627826597595321},{\"l\":'Biomass & Waste',\"v\":0.017722747679941947}]"}]}