{"nodes": [{"layer": 13, "name": "Animal Products", "fill": "#17becf"}, {"layer": 10, "name": "Feed", "fill": "#dbdb8d"}, {"layer": 5, "name": "Cereals", "fill": "#e7ba52"}, {"layer": 5, "name": "Oilcrops", "fill": "#ff9896"}, {"layer": 5, "name": "Sugar Crops", "fill": "#ffbb78"}, {"layer": 5, "name": "Starchy Roots"}, {"layer": 5, "name": "Fruits & Vegetables"}, {"layer": 13, "name": "Other Processed", "fill": "#9c9ede"}, {"layer": 16, "name": "Food", "fill": "#b5cf6b"}, {"layer": 13, "name": "Sugar", "fill": "#d6616b"}, {"layer": 5, "name": "Others"}, {"layer": 13, "name": "Aquatic Products", "fill": "#1f77b4"}, {"layer": 13, "name": "Vegetable Oils", "fill": "#f7b6d2"}, {"layer": 10, "name": "Processing", "fill": "#9edae5"}, {"layer": 16, "name": "Biofuels & Other", "fill": "#e7ba52"}, {"name": "Waste", "fill": "#c7c7c7"}, {"layer": 2, "name": "Import", "fill": "#aec7e8"}, {"layer": 16, "name": "Export", "fill": "#aec7e8"}, {"layer": 0, "name": "Stock Draw", "fill": "#c7c7c7"}, {"layer": 16, "name": "Stock Deposit", "fill": "#c7c7c7"}, {"name": "Crop Residue", "fill": "#bd9e39"}, {"layer": 2, "name": "Electricity", "fill": "#bcbd22"}, {"layer": 0, "name": "Fossil Fuels", "fill": "#c49c94"}, {"layer": 0, "name": "Renewables & Nuclear", "fill": "#2ca02c"}, {"layer": 2, "name": "Fertilizers", "fill": "#c5b0d5"}, {"layer": 0, "name": "Labor", "fill": "#7f7f7f"}], "links": [{"source": 0, "prod": 3315.0, "target": 1, "value": 2.2809534398245965, "supply": [{"l": "Milk - Excluding Butter", "v": 2.2146836909951055}, {"l": "Bovine Meat", "v": 0.028556510704175541}, {"l": "Eggs", "v": 0.037713238125315456}]}, {"source": 2, "prod": 6018.0, "target": 1, "value": 17.042756692248872, "supply": [{"l": "Maize", "v": 1.2633978150446428}, {"l": "Oats", "v": 1.4866707047723602}, {"l": "Rye", "v": 0.50400883839260791}, {"l": "Rice", "v": 0.0040833827577234473}, {"l": "Sorghum", "v": 0.003252566841784028}, {"l": "Cereals, Other", "v": 0.40047326967452834}, {"l": "Wheat", "v": 3.5489485906347182}, {"l": "Millet", "v": 0.24558705884838983}, {"l": "Barley", "v": 9.5863344652821159}]}, {"source": 3, "prod": 39.0, "target": 1, "value": 0.16021514485495164, "supply": [{"l": "Cottonseed", "v": 0.024648483823838711}, {"l": "Sunflower seed", "v": 0.020540403186532261}, {"l": "Rape and Mustardseed", "v": 0.049296967647677423}, {"l": "Oilcrops, Other", "v": 0.065729290196903239}]}, {"source": 4, "prod": 21.0, "target": 1, "value": 0.02440666662, "supply": [{"l": "Sugar beet", "v": 0.02440666662}]}, {"source": 5, "prod": 205.0, "target": 1, "value": 0.16003469816759869, "supply": [{"l": "Potatoes", "v": 0.16003469816759869}]}, {"source": 6, "prod": 133.0, "target": 1, "value": 0.23299896883198284, "supply": [{"l": "Beans", "v": 0.0679202665368}, {"l": "Apples", "v": 0.0034477292658274118}, {"l": "Pulses, Other", "v": 0.02122508329275}, {"l": "Vegetables, Other", "v": 0.012719151036853935}, {"l": "Peas", "v": 0.1188604664394}, {"l": "Onions", "v": 0.0088262722603514848}]}, {"source": 7, "prod": 433.0, "target": 8, "value": 1.1388380319667171, "supply": [{"l": "Beer", "v": 0.10151126792184784}, {"l": "Beverages, Alcoholic", "v": 0.228608698538461}, {"l": "Fats, Animals, Raw", "v": 0.0594302332197}, {"l": "Butter, Ghee", "v": 0.52532081149556253}, {"l": "Wine", "v": 0.020404223717892266}, {"l": "Beverages, Fermented", "v": 0.00070359392130662991}, {"l": "Cream", "v": 0.20285920315194692}]}, {"source": 0, "prod": 3207.0, "target": 8, "value": 3.8191116304338486, "supply": [{"l": "Meat, Other", "v": 0.068042133043744013}, {"l": "Eggs", "v": 0.24267648880637771}, {"l": "Mutton & Goat Meat", "v": 0.79022025166510612}, {"l": "Pigmeat", "v": 0.40628418545798384}, {"l": "Milk - Excluding Butter", "v": 1.4607057321893959}, {"l": "Poultry Meat", "v": 0.11523398514227544}, {"l": "Offals, Edible", "v": 0.0064598079586630445}, {"l": "Bovine Meat", "v": 0.72948904617030241}]}, {"source": 2, "prod": 3270.0, "target": 8, "value": 10.840744323618495, "supply": [{"l": "Maize", "v": 0.033690608401190474}, {"l": "Rye", "v": 0.87196621120684314}, {"l": "Barley", "v": 0.23028624693135807}, {"l": "Rice", "v": 0.97184509633818039}, {"l": "Wheat", "v": 8.2170539926416861}, {"l": "Oats", "v": 0.088010905722523722}, {"l": "Cereals, Other", "v": 0.054464364675735844}, {"l": "Millet", "v": 0.37342689770097626}]}, {"source": 3, "prod": 5.0, "target": 8, "value": 0.020540403186532261, "supply": [{"l": "Sunflower seed", "v": 0.020540403186532261}]}, {"source": 9, "prod": 321.0, "target": 8, "value": 1.3308254630229692, "supply": [{"l": "Sugar", "v": 1.2931191514591207}, {"l": "Honey", "v": 0.034111741006205364}, {"l": "Sweeteners, Other", "v": 0.0035945705576431457}]}, {"source": 5, "prod": 1308.0, "target": 8, "value": 1.0210994400157027, "supply": [{"l": "Potatoes", "v": 1.0210994400157027}]}, {"source": 6, "prod": 999.0, "target": 8, "value": 0.30548369674499776, "supply": [{"l": "Vegetables, Other", "v": 0.10822841245904803}, {"l": "Fruits, Other", "v": 0.060681623136832903}, {"l": "Tomatoes", "v": 0.060912549543751957}, {"l": "Peas", "v": 0.0339601332684}, {"l": "Grapes", "v": 0.0064754491401610168}, {"l": "Apples", "v": 0.013359950905081219}, {"l": "Oranges, Mandarines", "v": 0.0016912416966334662}, {"l": "Onions", "v": 0.020174336595089111}]}, {"source": 10, "prod": 8.0, "target": 8, "value": 0.02122508329275, "supply": [{"l": "Infant food", "v": 0.0070750277642500003}, {"l": "Cocoa Beans", "v": 0.0094333703523333343}, {"l": "Tea", "v": 0.0047166851761666663}]}, {"source": 11, "prod": 120.0, "target": 8, "value": 0.10852945467837162, "supply": [{"l": "Freshwater Fish", "v": 0.054481497222032091}, {"l": "Fish, Seafood", "v": 0.054047957456339529}]}, {"source": 12, "prod": 107.0, "target": 8, "value": 1.1104081464316726, "supply": [{"l": "Soyabean Oil", "v": 0.014150055528500001}, {"l": "Sunflowerseed Oil", "v": 0.36864618350565792}, {"l": "Rape and Mustard Oil", "v": 0.044022394977555557}, {"l": "Oilcrops Oil, Other", "v": 0.48367462533781819}, {"l": "Cottonseed Oil", "v": 0.19991488708214103}]}, {"source": 5, "prod": 18.0, "target": 13, "value": 0.014051827156179395, "supply": [{"l": "Potatoes", "v": 0.014051827156179395}]}, {"source": 4, "prod": 791.0, "target": 13, "value": 0.91931777602000009, "supply": [{"l": "Sugar beet", "v": 0.91931777602000009}]}, {"source": 6, "prod": 29.0, "target": 13, "value": 0.020576807927618256, "supply": [{"l": "Grapes", "v": 0.020145841769389831}, {"l": "Apples", "v": 0.00043096615822842648}]}, {"source": 2, "prod": 706.0, "target": 13, "value": 2.2945825262851454, "supply": [{"l": "Wheat", "v": 2.1392731969593459}, {"l": "Barley", "v": 0.15530932932579963}]}, {"source": 3, "prod": 222.0, "target": 13, "value": 0.91199390148203241, "supply": [{"l": "Sunflower seed", "v": 0.2341605963264678}, {"l": "Soyabeans", "v": 0.020540403186532261}, {"l": "Cottonseed", "v": 0.56280704731098397}, {"l": "Rape and Mustardseed", "v": 0.041080806373064521}, {"l": "Oilcrops, Other", "v": 0.05340504828498388}]}, {"source": 7, "prod": 58.0, "target": 14, "value": 0.48463549299600667, "supply": [{"l": "Fats, Animals, Raw", "v": 0.48393189907470002}, {"l": "Alcohol, Non-Food", "v": 0.00070359392130662991}]}, {"source": 0, "prod": 662.0, "target": 14, "value": 1.1373471644704027, "supply": [{"l": "Bovine Meat", "v": 0.85669532112526625}, {"l": "Poultry Meat", "v": 0.051855293314023963}, {"l": "Offals, Edible", "v": 0.10797107588051089}, {"l": "Milk - Excluding Butter", "v": 0.1208254741506016}]}, {"source": 2, "prod": 200.0, "target": 14, "value": 0.63220748413699546, "supply": [{"l": "Wheat", "v": 0.51170886655663372}, {"l": "Barley", "v": 0.12049861758036177}]}, {"source": 3, "prod": 1.0, "target": 14, "value": 0.0041080806373064525, "supply": [{"l": "Sunflower seed", "v": 0.0041080806373064525}]}, {"source": 5, "prod": 58.0, "target": 14, "value": 0.045278109725466947, "supply": [{"l": "Potatoes", "v": 0.045278109725466947}]}, {"source": 6, "prod": 1.0, "target": 14, "value": 0.00023125729157916244, "supply": [{"l": "Vegetables, Other", "v": 0.00023125729157916244}]}, {"source": 12, "prod": 4.0, "target": 14, "value": 0.041163797901090905, "supply": [{"l": "Oilcrops Oil, Other", "v": 0.041163797901090905}]}, {"source": 5, "prod": 565.0, "target": 5, "value": 0.44107124129118658, "supply": [{"l": "Potatoes", "v": 0.44107124129118658}]}, {"source": 6, "prod": 33.0, "target": 6, "value": 0.10396171542941246, "supply": [{"l": "Vegetables, Other", "v": 0.0020813156242124619}, {"l": "Peas", "v": 0.072165283195350011}, {"l": "Beans", "v": 0.02122508329275}, {"l": "Pulses, Other", "v": 0.0084900333171}]}, {"source": 0, "prod": 8.0, "target": 0, "value": 0.013117648043587983, "supply": [{"l": "Eggs", "v": 0.013117648043587983}]}, {"source": 2, "prod": 3248.0, "target": 2, "value": 9.9599588089973885, "supply": [{"l": "Maize", "v": 0.047166851761666663}, {"l": "Wheat", "v": 6.4706411512967881}, {"l": "Oats", "v": 0.27592608280575009}, {"l": "Rye", "v": 0.16697225320982104}, {"l": "Millet", "v": 0.037006269141538192}, {"l": "Barley", "v": 2.8223453984378075}, {"l": "Rice", "v": 0.069417506881298607}, {"l": "Cereals, Other", "v": 0.070483295462716977}]}, {"source": 3, "prod": 16.0, "target": 3, "value": 0.067968898020979968, "supply": [{"l": "Sunflower seed", "v": 0.028756564461145166}, {"l": "Soyabeans", "v": 0.0041080806373064525}, {"l": "Cottonseed", "v": 0.0082161612746129049}, {"l": "Groundnuts", "v": 0.0063476884613831771}, {"l": "Rape and Mustardseed", "v": 0.0082161612746129049}, {"l": "Oilcrops, Other", "v": 0.012324241911919356}]}, {"source": 0, "prod": 45.0, "target": 15, "value": 0.089262293729049522, "supply": [{"l": "Milk - Excluding Butter", "v": 0.0054000211910883401}, {"l": "Bovine Meat", "v": 0.072689299974265015}, {"l": "Eggs", "v": 0.0065588240217939915}, {"l": "Offals, Edible", "v": 0.0046141485419021753}]}, {"source": 2, "prod": 958.0, "target": 15, "value": 2.9916191593601127, "supply": [{"l": "Maize", "v": 0.057274034282023809}, {"l": "Oats", "v": 0.057088155063258636}, {"l": "Rye", "v": 0.11131483547321402}, {"l": "Barley", "v": 0.63998154670458818}, {"l": "Rice", "v": 0.024500296546340686}, {"l": "Cereals, Other", "v": 0.019222716944377362}, {"l": "Wheat", "v": 1.9543977354937239}, {"l": "Millet", "v": 0.12783983885258648}]}, {"source": 3, "prod": 5.0, "target": 15, "value": 0.020540403186532261, "supply": [{"l": "Sunflower seed", "v": 0.0082161612746129049}, {"l": "Rape and Mustardseed", "v": 0.0082161612746129049}, {"l": "Oilcrops, Other", "v": 0.0041080806373064525}]}, {"source": 4, "prod": 30.0, "target": 15, "value": 0.034866666599999999, "supply": [{"l": "Sugar beet", "v": 0.034866666599999999}]}, {"source": 5, "prod": 121.0, "target": 15, "value": 0.094459504772094846, "supply": [{"l": "Potatoes", "v": 0.094459504772094846}]}, {"source": 6, "prod": 51.0, "target": 15, "value": 0.017597309730499285, "supply": [{"l": "Fruits, Other", "v": 0.00097090597018932643}, {"l": "Beans", "v": 0.00424501665855}, {"l": "Tomatoes", "v": 0.0017974194947336644}, {"l": "Vegetables, Other", "v": 0.0078627479136915233}, {"l": "Grapes", "v": 0.0014389886978135593}, {"l": "Onions", "v": 0.0004202986790643565}, {"l": "Apples", "v": 0.00086193231645685295}]}, {"source": 16, "prod": 8.0, "target": 10, "value": 0.02122508329275, "supply": [{"l": "Cocoa Beans", "v": 0.0094333703523333343}, {"l": "Infant food", "v": 0.0070750277642500003}, {"l": "Tea", "v": 0.0047166851761666663}]}, {"source": 16, "prod": 65.0, "target": 1, "value": 0.057785942647157522, "supply": [{"l": "Pigmeat", "v": 0.0041247125427206479}, {"l": "Milk - Excluding Butter", "v": 0.037800148337618376}, {"l": "Bovine Meat", "v": 0.01298023213826161}, {"l": "Poultry Meat", "v": 0.0028808496285568862}]}, {"source": 16, "prod": 520.0, "target": 13, "value": 2.5196055958278425, "supply": [{"l": "Sugar", "v": 1.6340701817473777}, {"l": "Beer", "v": 0.0040373799741644026}, {"l": "Beverages, Alcoholic", "v": 0.12965866484270921}, {"l": "Oilcrops Oil, Other", "v": 0.51454747376363641}, {"l": "Butter, Ghee", "v": 0.025015276737883934}, {"l": "Wine", "v": 0.0056287513704530393}, {"l": "Fats, Animals, Raw", "v": 0.0084900333171}, {"l": "Sweeteners, Other", "v": 0.0035945705576431457}, {"l": "Sunflowerseed Oil", "v": 0.194563263516875}]}, {"source": 16, "prod": 79.0, "target": 2, "value": 0.26571900194990644, "supply": [{"l": "Maize", "v": 0.20551271124726189}, {"l": "Rice", "v": 0.0040833827577234473}, {"l": "Wheat", "v": 0.05612290794492112}]}, {"source": 16, "prod": 102.0, "target": 6, "value": 0.045639905257134218, "supply": [{"l": "Fruits, Other", "v": 0.039807144777762392}, {"l": "Apples", "v": 0.0017238646329137059}, {"l": "Tomatoes", "v": 0.00079885310877051753}, {"l": "Vegetables, Other", "v": 0.0016188010410541371}, {"l": "Oranges, Mandarines", "v": 0.0016912416966334662}]}, {"source": 16, "prod": 5.0, "target": 5, "value": 0.0039032853211609436, "supply": [{"l": "Potatoes", "v": 0.0039032853211609436}]}, {"source": 7, "prod": 6.0, "target": 17, "value": 0.027126058501803822, "supply": [{"l": "Butter, Ghee", "v": 0.025015276737883934}, {"l": "Wine", "v": 0.00211078176391989}]}, {"source": 0, "prod": 28.0, "target": 17, "value": 0.076636079302291396, "supply": [{"l": "Eggs", "v": 0.0016397060054484979}, {"l": "Bovine Meat", "v": 0.038940696414784821}, {"l": "Mutton & Goat Meat", "v": 0.036055676882058074}]}, {"source": 2, "prod": 4679.0, "target": 17, "value": 15.448272553059763, "supply": [{"l": "Wheat", "v": 15.394183514539245}, {"l": "Barley", "v": 0.021421976458730986}, {"l": "Rice", "v": 0.032667062061787579}]}, {"source": 3, "prod": 10.0, "target": 17, "value": 0.041080806373064521, "supply": [{"l": "Rape and Mustardseed", "v": 0.024648483823838711}, {"l": "Oilcrops, Other", "v": 0.01643232254922581}]}, {"source": 5, "prod": 27.0, "target": 17, "value": 0.021077740734269095, "supply": [{"l": "Potatoes", "v": 0.021077740734269095}]}, {"source": 6, "prod": 6.0, "target": 17, "value": 0.0015872526161242388, "supply": [{"l": "Apples", "v": 0.00043096615822842648}, {"l": "Vegetables, Other", "v": 0.0011562864578958123}]}, {"source": 18, "prod": 33.0, "target": 3, "value": 0.13556666103111292, "supply": [{"l": "Cottonseed", "v": 0.13556666103111292}]}, {"source": 7, "prod": 235.0, "target": 19, "value": 0.84124732356317256, "supply": [{"l": "Butter, Ghee", "v": 0.066707404634357148}, {"l": "Beverages, Alcoholic", "v": 0.77453991892881546}]}, {"source": 2, "prod": 2399.0, "target": 19, "value": 6.560686711679601, "supply": [{"l": "Wheat", "v": 0.066026950523436614}, {"l": "Rye", "v": 0.92762362894345007}, {"l": "Barley", "v": 5.5670361322127144}]}, {"source": 6, "prod": 62.0, "target": 19, "value": 0.066516823848528958, "supply": [{"l": "Vegetables, Other", "v": 0.01133160728737896}, {"l": "Peas", "v": 0.055185216561150004}]}, {"source": 12, "prod": 13.0, "target": 19, "value": 0.13501533016653675, "supply": [{"l": "Oilcrops Oil, Other", "v": 0.041163797901090905}, {"l": "Cottonseed Oil", "v": 0.063131016973307696}, {"l": "Sunflowerseed Oil", "v": 0.030720515292138161}]}, {"source": 3, "prod": 18.0, "target": 19, "value": 0.073945451471516141, "supply": [{"l": "Sunflower seed", "v": 0.03697272573575807}, {"l": "Rape and Mustardseed", "v": 0.0082161612746129049}, {"l": "Oilcrops, Other", "v": 0.028756564461145166}]}, {"source": 9, "prod": 191.0, "target": 19, "value": 0.79416642420801309, "supply": [{"l": "Sugar", "v": 0.79416642420801309}]}, {"source": 1, "prod": 120.0, "target": 11, "value": 0.10852945467837162, "supply": [{"l": "Freshwater Fish", "v": 0.054481497222032091}, {"l": "Fish, Seafood", "v": 0.054047957456339529}]}, {"source": 1, "prod": 7257.0, "target": 0, "value": 7.4033106077601891, "supply": [{"l": "Poultry Meat", "v": 0.16708927845629939}, {"l": "Pigmeat", "v": 0.40628418545798384}, {"l": "Bovine Meat", "v": 1.7263708743887942}, {"l": "Eggs", "v": 0.30170590500252364}, {"l": "Milk - Excluding Butter", "v": 3.8016149185261914}, {"l": "Offals, Edible", "v": 0.11904503238107611}, {"l": "Meat, Other", "v": 0.068042133043744013}, {"l": "Mutton & Goat Meat", "v": 0.82627592854716414}]}, {"source": 13, "prod": 732.0, "target": 7, "value": 2.4918469070276998, "supply": [{"l": "Fats, Animals, Raw", "v": 0.5433621322944}, {"l": "Alcohol, Non-Food", "v": 0.00070359392130662991}, {"l": "Beverages, Fermented", "v": 0.00070359392130662991}, {"l": "Beer", "v": 0.10151126792184784}, {"l": "Beverages, Alcoholic", "v": 1.0031486174672763}, {"l": "Cream", "v": 0.20285920315194692}, {"l": "Butter, Ghee", "v": 0.61704349286780369}, {"l": "Wine", "v": 0.022515005481812157}]}, {"source": 13, "prod": 124.0, "target": 12, "value": 1.2865872744993001, "supply": [{"l": "Cottonseed Oil", "v": 0.2630459040554487}, {"l": "Oilcrops Oil, Other", "v": 0.56600222113999998}, {"l": "Sunflowerseed Oil", "v": 0.39936669879779607}, {"l": "Soyabean Oil", "v": 0.014150055528500001}, {"l": "Rape and Mustard Oil", "v": 0.044022394977555557}]}, {"source": 13, "prod": 512.0, "target": 9, "value": 2.1249918872309825, "supply": [{"l": "Honey", "v": 0.034111741006205364}, {"l": "Sweeteners, Other", "v": 0.0035945705576431457}, {"l": "Sugar", "v": 2.087285575667134}]}, {"source": 5, "prod": 1149.5, "target": 20, "value": 4.0079233256700002, "supply": [{"l": "Potatoes", "v": 4.0079233256700002}]}, {"source": 4, "prod": 337.0, "target": 20, "value": 0.39166888814000012, "supply": [{"l": "Sugar beet", "v": 0.39166888814000012}]}, {"source": 6, "prod": 1264.0, "target": 20, "value": 5.8630940197685764, "supply": [{"l": "Tomatoes", "v": 1.08783999792}, {"l": "Vegetables, Other", "v": 2.1547599958799997}, {"l": "Peas", "v": 0.23011999956000001}, {"l": "Beans", "v": 0.73838883192149996}, {"l": "Onions", "v": 0.24406666620000006}, {"l": "Pulses, Other", "v": 0.24040566620699999}]}, {"source": 2, "prod": 42877.0, "target": 20, "value": 140.7243745832117, "supply": [{"l": "Maize", "v": 2.6882199948599999}, {"l": "Rye", "v": 5.8227333222000004}, {"l": "Barley", "v": 49.85235990468}, {"l": "Rice", "v": 1.8793133297400004}, {"l": "Cereals, Other", "v": 1.1854666644000003}, {"l": "Wheat", "v": 80.845339845420014}, {"l": "Oats", "v": 5.592613322640001}, {"l": "Sorghum", "v": 0.0069733333200000004}, {"l": "Millet", "v": 1.6247866635600001}]}, {"source": 3, "prod": 299.5, "target": 20, "value": 1.046157495403645, "supply": [{"l": "Sunflower seed", "v": 0.29985333276000004}, {"l": "Soyabeans", "v": 0.020919999960000001}, {"l": "Groundnuts", "v": 0.0053874973936448595}, {"l": "Oilcrops, Other", "v": 0.15341333304000002}, {"l": "Cottonseed", "v": 0.44803666581000007}, {"l": "Rape and Mustardseed", "v": 0.11854666644}]}, {"source": 21, "prod": 0, "target": 5, "value": 0.11651256101362947, "supply": "[{\"l\":'Energy for power irrigation',\"v\":0.11651256101362947}]"}, {"source": 21, "prod": 0, "target": 4, "value": 0.042697621859061688, "supply": "[{\"l\":'Energy for power irrigation',\"v\":0.042697621859061688}]"}, {"source": 21, "prod": 0, "target": 6, "value": 0.064059102706058135, "supply": "[{\"l\":'Energy for power irrigation',\"v\":0.064059102706058135}]"}, {"source": 21, "prod": 0, "target": 2, "value": 1.0864961023448001, "supply": "[{\"l\":'Energy for power irrigation',\"v\":1.0864961023448001}]"}, {"source": 21, "prod": 0, "target": 3, "value": 0.015178561123785135, "supply": "[{\"l\":'Energy for power irrigation',\"v\":0.015178561123785135}]"}, {"source": 21, "prod": 0, "target": 13, "value": 16.377000013101597, "supply": "[{\"l\":'Electricity',\"v\":16.377000013101597}]"}, {"source": 22, "prod": 0, "target": 21, "value": 40.094427968748597, "supply": [{"l": "Coal", "v": 32.423188645937245}, {"l": "Natural gas", "v": 3.619960235736583}, {"l": "Oil", "v": 4.0512790870747715}]}, {"source": 23, "prod": 0, "target": 21, "value": 1.7438365403135123, "supply": [{"l": "Nuclear", "v": 0.0}, {"l": "Hydroelectric", "v": 1.7438365403135123}, {"l": "Renewable", "v": 0.0}]}, {"source": 22, "prod": 0, "target": 5, "value": 2.8854593701342393, "supply": [{"l": "Gas-Diesel oil", "v": 0.42358333986923741}, {"l": "Fuel oil", "v": 0.0019734115238190112}, {"l": "Coal", "v": 0.25457008657265245}, {"l": "Other fossil fuels", "v": 2.2053325321685304}]}, {"source": 22, "prod": 0, "target": 4, "value": 1.0574160588682455, "supply": [{"l": "Gas-Diesel oil", "v": 0.15522790945621248}, {"l": "Fuel oil", "v": 0.00072318364889844145}, {"l": "Coal", "v": 0.093290690707898957}, {"l": "Other fossil fuels", "v": 0.80817427505523565}]}, {"source": 22, "prod": 0, "target": 6, "value": 1.5864378616136052, "supply": [{"l": "Gas-Diesel oil", "v": 0.23288792587851939}, {"l": "Fuel oil", "v": 0.0010849900679022315}, {"l": "Coal", "v": 0.13996371875938787}, {"l": "Other fossil fuels", "v": 1.2125012269077957}]}, {"source": 22, "prod": 0, "target": 2, "value": 26.907316531806391, "supply": [{"l": "Gas-Diesel oil", "v": 3.9499745244830997}, {"l": "Fuel oil", "v": 0.01840234143253322}, {"l": "Coal", "v": 2.3739020447967856}, {"l": "Other fossil fuels", "v": 20.565037621093971}]}, {"source": 22, "prod": 0, "target": 3, "value": 0.375900426861768, "supply": [{"l": "Gas-Diesel oil", "v": 0.055181909652386514}, {"l": "Fuel oil", "v": 0.00025708427637398601}, {"l": "Coal", "v": 0.033163871652244201}, {"l": "Other fossil fuels", "v": 0.28729756128076334}]}, {"source": 22, "prod": 0, "target": 1, "value": 0.012147500009717999, "supply": [{"l": "Gas-diesel oils used in fisheries", "v": 0.012147500009717999}]}, {"source": 24, "prod": 28.487465340854769, "target": 5, "value": 0.22578367867124108, "supply": [{"l": "Potash", "v": 0.017947222236579997}, {"l": "Phosphate", "v": 0.97212500077769992}, {"l": "Nitrogen", "v": 1.5778611123733999}]}, {"source": 24, "prod": 10.439621378716895, "target": 4, "value": 0.08274151773837346, "supply": [{"l": "Potash", "v": 0.017947222236579997}, {"l": "Phosphate", "v": 0.97212500077769992}, {"l": "Nitrogen", "v": 1.5778611123733999}]}, {"source": 24, "prod": 15.662529878573478, "target": 6, "value": 0.12413682898671105, "supply": [{"l": "Potash", "v": 0.017947222236579997}, {"l": "Phosphate", "v": 0.97212500077769992}, {"l": "Nitrogen", "v": 1.5778611123733999}]}, {"source": 24, "prod": 265.64964145711826, "target": 2, "value": 2.1054647217022193, "supply": [{"l": "Potash", "v": 0.017947222236579997}, {"l": "Phosphate", "v": 0.97212500077769992}, {"l": "Nitrogen", "v": 1.5778611123733999}]}, {"source": 24, "prod": 3.7111769767664216, "target": 3, "value": 0.029413750222721489, "supply": [{"l": "Potash", "v": 0.017947222236579997}, {"l": "Phosphate", "v": 0.97212500077769992}, {"l": "Nitrogen", "v": 1.5778611123733999}]}, {"source": 22, "prod": 0, "target": 24, "value": 2.9969124066493302, "supply": [{"l": "Natural gas (including LNG)", "v": 2.1075507815593437}, {"l": "Fuel oil", "v": 0.61044124421713275}, {"l": "Liquefied petroleum gas (LPG)", "v": 0.13946019043642691}, {"l": "Coal", "v": 0.13946019043642691}]}, {"source": 25, "prod": 0, "target": 2, "value": 1.0325336273177255, "supply": "[{\"l\":'Labor',\"v\":1.0325336273177255}]"}, {"source": 25, "prod": 0, "target": 3, "value": 0.014424694889178757, "supply": "[{\"l\":'Labor',\"v\":0.014424694889178757}]"}, {"source": 25, "prod": 0, "target": 4, "value": 0.040576979780077134, "supply": "[{\"l\":'Labor',\"v\":0.040576979780077134}]"}, {"source": 25, "prod": 0, "target": 5, "value": 0.11072578814765262, "supply": "[{\"l\":'Labor',\"v\":0.11072578814765262}]"}, {"source": 25, "prod": 0, "target": 6, "value": 0.060877510316934717, "supply": "[{\"l\":'Labor',\"v\":0.060877510316934717}]"}, {"source": 25, "prod": 0, "target": 10, "value": 0.00019265034910422379, "supply": "[{\"l\":'Labor',\"v\":0.00019265034910422379}]"}, {"source": 22, "prod": 0, "target": 16, "value": 13.917065076655005, "supply": "[{\"l\":'Fossil Fuels',\"v\":13.917065076655005}]"}, {"source": 23, "prod": 0, "target": 16, "value": 0.15888214080324611, "supply": "[{\"l\":'Renewables & Nuclear',\"v\":0.14184501697945148},{\"l\":'Biomass & Waste',\"v\":0.017037123823794624}]"}]}