{"nodes": [{"layer": 5, "name": "Oilcrops", "fill": "#ff9896"}, {"layer": 10, "name": "Feed", "fill": "#dbdb8d"}, {"layer": 13, "name": "Eggs"}, {"layer": 5, "name": "Sugar Crops", "fill": "#ffbb78"}, {"layer": 13, "name": "Milk - Excluding Butter"}, {"layer": 5, "name": "Pulses"}, {"layer": 5, "name": "Fruits - Excluding Wine"}, {"layer": 5, "name": "Cereals - Excluding Beer"}, {"layer": 5, "name": "Vegetables"}, {"layer": 13, "name": "Meat"}, {"layer": 16, "name": "Food", "fill": "#b5cf6b"}, {"layer": 13, "name": "Fish, Seafood"}, {"layer": 5, "name": "Others"}, {"layer": 13, "name": "Animal Fats"}, {"layer": 5, "name": "Starchy Roots"}, {"layer": 13, "name": "Sugar & Sweeteners"}, {"layer": 13, "name": "Alcoholic Beverages"}, {"layer": 13, "name": "Vegetable Oils", "fill": "#f7b6d2"}, {"layer": 5, "name": "Stimulants"}, {"layer": 10, "name": "Processing", "fill": "#9edae5"}, {"layer": 16, "name": "Biofuels & Other", "fill": "#e7ba52"}, {"name": "Seed", "fill": "#dbdb8d"}, {"name": "Waste", "fill": "#c7c7c7"}, {"layer": 0, "name": "Import", "fill": "#aec7e8"}, {"layer": 16, "name": "Export", "fill": "#aec7e8"}, {"layer": 16, "name": "Stock Deposit", "fill": "#c7c7c7"}, {"layer": 0, "name": "Stock Draw", "fill": "#c7c7c7"}, {"layer": 0, "name": "Production", "fill": "#b5cf6b"}], "links": [{"source": 0, "prod": 0.1358405330736, "target": 1, "value": 40.0, "supply": [{"l": "Soyabeans", "v": 1.0}, {"l": "Sunflower seed", "v": 3.0}, {"l": "Cottonseed", "v": 5.0}, {"l": "Rape and Mustardseed", "v": 16.0}, {"l": "Oilcrops, Other", "v": 15.0}]}, {"source": 2, "prod": 0.040449005272041122, "target": 1, "value": 25.0, "supply": [{"l": "Eggs", "v": 25.0}]}, {"source": 3, "prod": 0.023244444400000001, "target": 1, "value": 20.0, "supply": [{"l": "Sugar beet", "v": 20.0}]}, {"source": 4, "prod": 1.8619278832302775, "target": 1, "value": 2735.0, "supply": [{"l": "Milk - Excluding Butter", "v": 2735.0}]}, {"source": 5, "prod": 0.25916943810094739, "target": 1, "value": 58.0, "supply": [{"l": "Beans", "v": 12.0}, {"l": "Pulses, Other", "v": 3.0}, {"l": "Peas", "v": 43.0}]}, {"source": 6, "prod": 0.006048598865809586, "target": 1, "value": 11.0, "supply": [{"l": "Apples", "v": 11.0}]}, {"source": 7, "prod": 24.129725544788727, "target": 1, "value": 8323.0, "supply": [{"l": "Maize", "v": 566.0}, {"l": "Oats", "v": 571.0}, {"l": "Rye", "v": 168.0}, {"l": "Rice", "v": 1.0}, {"l": "Sorghum", "v": 1.0}, {"l": "Cereals, Other", "v": 232.0}, {"l": "Wheat", "v": 1929.0}, {"l": "Millet", "v": 93.0}, {"l": "Barley", "v": 4762.0}]}, {"source": 8, "prod": 0.027649380539838283, "target": 1, "value": 109.0, "supply": [{"l": "Vegetables, Other", "v": 87.0}, {"l": "Onions", "v": 22.0}]}, {"source": 9, "prod": 0.02856579956177499, "target": 1, "value": 11.0, "supply": [{"l": "Bovine Meat", "v": 11.0}]}, {"source": 4, "prod": 1.6508866971968639, "target": 10, "value": 2425.0, "supply": [{"l": "Milk - Excluding Butter", "v": 2425.0}]}, {"source": 11, "prod": 0.1224020086561825, "target": 10, "value": 136.0, "supply": [{"l": "Freshwater Fish", "v": 68.0}, {"l": "Fish, Seafood", "v": 68.0}]}, {"source": 9, "prod": 2.0874514183222335, "target": 10, "value": 902.0, "supply": [{"l": "Meat, Other", "v": 62.0}, {"l": "Mutton & Goat Meat", "v": 233.0}, {"l": "Pigmeat", "v": 221.0}, {"l": "Poultry Meat", "v": 106.0}, {"l": "Offals, Edible", "v": 15.0}, {"l": "Bovine Meat", "v": 265.0}]}, {"source": 8, "prod": 0.22508197540570812, "target": 10, "value": 1020.0, "supply": [{"l": "Tomatoes", "v": 390.0}, {"l": "Vegetables, Other", "v": 574.0}, {"l": "Onions", "v": 56.0}]}, {"source": 12, "prod": 0.0094333703523333343, "target": 10, "value": 2.0, "supply": [{"l": "Infant food", "v": 2.0}]}, {"source": 13, "prod": 0.77067329236377979, "target": 10, "value": 149.0, "supply": [{"l": "Fats, Animals, Raw", "v": 7.0}, {"l": "Butter, Ghee", "v": 64.0}, {"l": "Cream", "v": 78.0}]}, {"source": 14, "prod": 1.15296293477742, "target": 10, "value": 1480.0, "supply": [{"l": "Potatoes", "v": 1480.0}]}, {"source": 5, "prod": 0.013405315763842109, "target": 10, "value": 3.0, "supply": [{"l": "Peas", "v": 3.0}]}, {"source": 15, "prod": 1.4832939916930008, "target": 10, "value": 360.0, "supply": [{"l": "Sugar", "v": 349.0}, {"l": "Honey", "v": 11.0}]}, {"source": 16, "prod": 0.4041951436819945, "target": 10, "value": 350.0, "supply": [{"l": "Beer", "v": 235.0}, {"l": "Beverages, Alcoholic", "v": 68.0}, {"l": "Wine", "v": 46.0}, {"l": "Beverages, Fermented", "v": 1.0}]}, {"source": 7, "prod": 10.120266472369183, "target": 10, "value": 3035.0, "supply": [{"l": "Maize", "v": 10.0}, {"l": "Rye", "v": 258.0}, {"l": "Barley", "v": 83.0}, {"l": "Rice", "v": 286.0}, {"l": "Wheat", "v": 2186.0}, {"l": "Oats", "v": 34.0}, {"l": "Cereals, Other", "v": 29.0}, {"l": "Millet", "v": 149.0}]}, {"source": 17, "prod": 0.91787790553315896, "target": 10, "value": 89.0, "supply": [{"l": "Soyabean Oil", "v": 1.0}, {"l": "Sunflowerseed Oil", "v": 35.0}, {"l": "Rape and Mustard Oil", "v": 2.0}, {"l": "Oilcrops Oil, Other", "v": 21.0}, {"l": "Cottonseed Oil", "v": 30.0}]}, {"source": 18, "prod": 0.003144456784111111, "target": 10, "value": 4.0, "supply": [{"l": "Tea", "v": 4.0}]}, {"source": 2, "prod": 0.2588736337410632, "target": 10, "value": 160.0, "supply": [{"l": "Eggs", "v": 160.0}]}, {"source": 6, "prod": 0.12621589382160234, "target": 10, "value": 233.0, "supply": [{"l": "Fruits, Other", "v": 166.0}, {"l": "Grapes", "v": 4.0}, {"l": "Apples", "v": 62.0}, {"l": "Oranges, Mandarines", "v": 1.0}]}, {"source": 0, "prod": 0.027168106614720001, "target": 10, "value": 8.0, "supply": [{"l": "Sunflower seed", "v": 8.0}]}, {"source": 14, "prod": 0.042846595549160878, "target": 19, "value": 55.0, "supply": [{"l": "Potatoes", "v": 55.0}]}, {"source": 7, "prod": 2.9298516556590166, "target": 19, "value": 906.0, "supply": [{"l": "Wheat", "v": 805.0}, {"l": "Barley", "v": 101.0}]}, {"source": 3, "prod": 1.2668222198000001, "target": 19, "value": 1090.0, "supply": [{"l": "Sugar beet", "v": 1090.0}]}, {"source": 0, "prod": 0.92031961157363995, "target": 19, "value": 271.0, "supply": [{"l": "Sunflower seed", "v": 65.0}, {"l": "Soyabeans", "v": 4.0}, {"l": "Cottonseed", "v": 179.0}, {"l": "Rape and Mustardseed", "v": 6.0}, {"l": "Oilcrops, Other", "v": 17.0}]}, {"source": 6, "prod": 0.040570231694669556, "target": 19, "value": 57.0, "supply": [{"l": "Grapes", "v": 56.0}, {"l": "Apples", "v": 1.0}]}, {"source": 14, "prod": 0.068554552878657402, "target": 20, "value": 88.0, "supply": [{"l": "Potatoes", "v": 88.0}]}, {"source": 9, "prod": 0.95684088422702551, "target": 20, "value": 436.0, "supply": [{"l": "Bovine Meat", "v": 289.0}, {"l": "Poultry Meat", "v": 35.0}, {"l": "Offals, Edible", "v": 112.0}]}, {"source": 8, "prod": 0.00045159751686702133, "target": 20, "value": 2.0, "supply": [{"l": "Vegetables, Other", "v": 2.0}]}, {"source": 3, "prod": 0.0011622222200000001, "target": 20, "value": 1.0, "supply": [{"l": "Sugar beet", "v": 1.0}]}, {"source": 13, "prod": 0.47705901496085723, "target": 20, "value": 59.0, "supply": [{"l": "Fats, Animals, Raw", "v": 59.0}]}, {"source": 4, "prod": 0.10007436886100578, "target": 20, "value": 147.0, "supply": [{"l": "Milk - Excluding Butter", "v": 147.0}]}, {"source": 16, "prod": 0.00075000294320671373, "target": 20, "value": 1.0, "supply": [{"l": "Alcohol, Non-Food", "v": 1.0}]}, {"source": 7, "prod": 0.63250181570071229, "target": 20, "value": 200.0, "supply": [{"l": "Wheat", "v": 154.0}, {"l": "Barley", "v": 46.0}]}, {"source": 17, "prod": 0.020427147830616544, "target": 20, "value": 2.0, "supply": [{"l": "Oilcrops Oil, Other", "v": 2.0}]}, {"source": 0, "prod": 0.0067920266536800004, "target": 20, "value": 2.0, "supply": [{"l": "Sunflower seed", "v": 2.0}]}, {"source": 0, "prod": 0.057732226556280006, "target": 21, "value": 17.0, "supply": [{"l": "Sunflower seed", "v": 8.0}, {"l": "Soyabeans", "v": 1.0}, {"l": "Cottonseed", "v": 2.0}, {"l": "Rape and Mustardseed", "v": 2.0}, {"l": "Oilcrops, Other", "v": 4.0}]}, {"source": 8, "prod": 0.0022579875843351063, "target": 21, "value": 10.0, "supply": [{"l": "Vegetables, Other", "v": 10.0}]}, {"source": 14, "prod": 0.55233156807918293, "target": 21, "value": 709.0, "supply": [{"l": "Potatoes", "v": 709.0}]}, {"source": 5, "prod": 0.12064784187457896, "target": 21, "value": 27.0, "supply": [{"l": "Peas", "v": 22.0}, {"l": "Beans", "v": 3.0}, {"l": "Pulses, Other", "v": 2.0}]}, {"source": 7, "prod": 10.640111392930526, "target": 21, "value": 3452.0, "supply": [{"l": "Maize", "v": 13.0}, {"l": "Wheat", "v": 2080.0}, {"l": "Oats", "v": 100.0}, {"l": "Rye", "v": 86.0}, {"l": "Millet", "v": 16.0}, {"l": "Barley", "v": 1100.0}, {"l": "Rice", "v": 17.0}, {"l": "Cereals, Other", "v": 40.0}]}, {"source": 2, "prod": 0.01617960210881645, "target": 2, "value": 10.0, "supply": [{"l": "Eggs", "v": 10.0}]}, {"source": 4, "prod": 0.00476544613623837, "target": 22, "value": 7.0, "supply": [{"l": "Milk - Excluding Butter", "v": 7.0}]}, {"source": 0, "prod": 0.030564119941560004, "target": 22, "value": 9.0, "supply": [{"l": "Sunflower seed", "v": 1.0}, {"l": "Rape and Mustardseed", "v": 2.0}, {"l": "Oilcrops, Other", "v": 6.0}]}, {"source": 8, "prod": 0.013425149509525142, "target": 22, "value": 60.0, "supply": [{"l": "Tomatoes", "v": 12.0}, {"l": "Vegetables, Other", "v": 46.0}, {"l": "Onions", "v": 2.0}]}, {"source": 3, "prod": 0.058111111000000007, "target": 22, "value": 50.0, "supply": [{"l": "Sugar beet", "v": 50.0}]}, {"source": 14, "prod": 0.10594794535792508, "target": 22, "value": 136.0, "supply": [{"l": "Potatoes", "v": 136.0}]}, {"source": 6, "prod": 0.0071589213115810964, "target": 22, "value": 12.0, "supply": [{"l": "Fruits, Other", "v": 7.0}, {"l": "Grapes", "v": 4.0}, {"l": "Apples", "v": 1.0}]}, {"source": 7, "prod": 4.5698156113353079, "target": 22, "value": 1424.0, "supply": [{"l": "Maize", "v": 23.0}, {"l": "Oats", "v": 22.0}, {"l": "Rye", "v": 21.0}, {"l": "Barley", "v": 216.0}, {"l": "Rice", "v": 8.0}, {"l": "Cereals, Other", "v": 7.0}, {"l": "Wheat", "v": 938.0}, {"l": "Millet", "v": 189.0}]}, {"source": 2, "prod": 0.0080898010544082251, "target": 22, "value": 5.0, "supply": [{"l": "Eggs", "v": 5.0}]}, {"source": 9, "prod": 0.077113333676212439, "target": 22, "value": 32.0, "supply": [{"l": "Bovine Meat", "v": 27.0}, {"l": "Offals, Edible", "v": 5.0}]}, {"source": 23, "prod": 0.0094333703523333343, "target": 12, "value": 2.0, "supply": [{"l": "Infant food", "v": 2.0}]}, {"source": 23, "prod": 0.06331935291829037, "target": 1, "value": 63.0, "supply": [{"l": "Pigmeat", "v": 4.0}, {"l": "Milk - Excluding Butter", "v": 50.0}, {"l": "Poultry Meat", "v": 2.0}, {"l": "Bovine Meat", "v": 7.0}]}, {"source": 23, "prod": 2.8162443952242513, "target": 7, "value": 836.0, "supply": [{"l": "Maize", "v": 561.0}, {"l": "Wheat", "v": 255.0}, {"l": "Barley", "v": 20.0}]}, {"source": 23, "prod": 2.4512725417546841, "target": 19, "value": 525.0, "supply": [{"l": "Sugar", "v": 464.0}, {"l": "Beer", "v": 5.0}, {"l": "Beverages, Alcoholic", "v": 3.0}, {"l": "Butter, Ghee", "v": 10.0}, {"l": "Oilcrops Oil, Other", "v": 23.0}, {"l": "Sunflowerseed Oil", "v": 19.0}, {"l": "Wine", "v": 1.0}]}, {"source": 23, "prod": 0.0012883099470870323, "target": 8, "value": 6.0, "supply": [{"l": "Vegetables, Other", "v": 4.0}, {"l": "Tomatoes", "v": 2.0}]}, {"source": 23, "prod": 0.003144456784111111, "target": 18, "value": 4.0, "supply": [{"l": "Tea", "v": 4.0}]}, {"source": 23, "prod": 0.04533133231864403, "target": 6, "value": 85.0, "supply": [{"l": "Fruits, Other", "v": 84.0}, {"l": "Oranges, Mandarines", "v": 1.0}]}, {"source": 23, "prod": 0.028824073369435498, "target": 14, "value": 37.0, "supply": [{"l": "Potatoes", "v": 37.0}]}, {"source": 9, "prod": 0.056143975347502019, "target": 24, "value": 20.0, "supply": [{"l": "Bovine Meat", "v": 10.0}, {"l": "Mutton & Goat Meat", "v": 10.0}]}, {"source": 8, "prod": 0.0011289937921675531, "target": 24, "value": 5.0, "supply": [{"l": "Vegetables, Other", "v": 5.0}]}, {"source": 16, "prod": 0.0022500088296201416, "target": 24, "value": 3.0, "supply": [{"l": "Wine", "v": 3.0}]}, {"source": 13, "prod": 0.016767815801272502, "target": 24, "value": 2.0, "supply": [{"l": "Butter, Ghee", "v": 2.0}]}, {"source": 14, "prod": 0.10828503238787932, "target": 24, "value": 139.0, "supply": [{"l": "Potatoes", "v": 139.0}]}, {"source": 6, "prod": 0.002707081653022705, "target": 24, "value": 5.0, "supply": [{"l": "Apples", "v": 2.0}, {"l": "Fruits, Other", "v": 3.0}]}, {"source": 7, "prod": 9.5693582861519655, "target": 24, "value": 2899.0, "supply": [{"l": "Wheat", "v": 2899.0}]}, {"source": 0, "prod": 0.0067920266536800004, "target": 24, "value": 2.0, "supply": [{"l": "Sunflower seed", "v": 2.0}]}, {"source": 16, "prod": 0.88924045643559257, "target": 25, "value": 260.0, "supply": [{"l": "Beverages, Alcoholic", "v": 260.0}]}, {"source": 8, "prod": 0.017612303157813827, "target": 25, "value": 78.0, "supply": [{"l": "Vegetables, Other", "v": 78.0}]}, {"source": 5, "prod": 0.058089701643315797, "target": 25, "value": 13.0, "supply": [{"l": "Peas", "v": 13.0}]}, {"source": 7, "prod": 32.020306500946106, "target": 25, "value": 10094.0, "supply": [{"l": "Maize", "v": 320.0}, {"l": "Wheat", "v": 7550.0}, {"l": "Barley", "v": 2224.0}]}, {"source": 15, "prod": 1.0036236619827152, "target": 25, "value": 242.0, "supply": [{"l": "Sugar", "v": 242.0}]}, {"source": 17, "prod": 0.13286786077921553, "target": 25, "value": 13.0, "supply": [{"l": "Oilcrops Oil, Other", "v": 6.0}, {"l": "Sunflowerseed Oil", "v": 7.0}]}, {"source": 0, "prod": 0.24790897285932004, "target": 25, "value": 73.0, "supply": [{"l": "Sunflower seed", "v": 10.0}, {"l": "Soyabeans", "v": 6.0}, {"l": "Rape and Mustardseed", "v": 45.0}, {"l": "Oilcrops, Other", "v": 12.0}]}, {"source": 13, "prod": 0.041919539503181252, "target": 25, "value": 5.0, "supply": [{"l": "Butter, Ghee", "v": 5.0}]}, {"source": 26, "prod": 0.02111035311278919, "target": 19, "value": 2.0, "supply": [{"l": "Cottonseed Oil", "v": 2.0}]}, {"source": 26, "prod": 0.15282059970780001, "target": 0, "value": 45.0, "supply": [{"l": "Cottonseed", "v": 45.0}]}, {"source": 27, "prod": 0.2865448763176015, "target": 8, "value": 1279.0, "supply": [{"l": "Tomatoes", "v": 400.0}, {"l": "Vegetables, Other", "v": 799.0}, {"l": "Onions", "v": 80.0}]}, {"source": 27, "prod": 1.3481777752000002, "target": 3, "value": 1160.0, "supply": [{"l": "Sugar beet", "v": 1160.0}]}, {"source": 27, "prod": 2.0021045556607904, "target": 14, "value": 2570.0, "supply": [{"l": "Potatoes", "v": 2570.0}]}, {"source": 27, "prod": 0.45131229738268425, "target": 5, "value": 101.0, "supply": [{"l": "Peas", "v": 81.0}, {"l": "Beans", "v": 15.0}, {"l": "Pulses, Other", "v": 5.0}]}, {"source": 27, "prod": 91.78218675855419, "target": 7, "value": 29493.0, "supply": [{"l": "Maize", "v": 370.0}, {"l": "Rye", "v": 533.0}, {"l": "Barley", "v": 8511.0}, {"l": "Rice", "v": 311.0}, {"l": "Cereals, Other", "v": 308.0}, {"l": "Wheat", "v": 18285.0}, {"l": "Oats", "v": 727.0}, {"l": "Sorghum", "v": 1.0}, {"l": "Millet", "v": 447.0}]}, {"source": 27, "prod": 0.13611896695736053, "target": 6, "value": 231.0, "supply": [{"l": "Fruits, Other", "v": 91.0}, {"l": "Grapes", "v": 63.0}, {"l": "Apples", "v": 77.0}]}, {"source": 27, "prod": 1.2832913585498722, "target": 0, "value": 377.0, "supply": [{"l": "Sunflower seed", "v": 99.0}, {"l": "Soyabeans", "v": 12.0}, {"l": "Groundnuts", "v": 1.0}, {"l": "Oilcrops, Other", "v": 53.0}, {"l": "Cottonseed", "v": 141.0}, {"l": "Rape and Mustardseed", "v": 71.0}]}, {"source": 1, "prod": 3.617654395424386, "target": 4, "value": 5314.0, "supply": [{"l": "Milk - Excluding Butter", "v": 5314.0}]}, {"source": 1, "prod": 0.3074124400675125, "target": 2, "value": 190.0, "supply": [{"l": "Eggs", "v": 200.0}]}, {"source": 1, "prod": 3.2061154111347485, "target": 9, "value": 1401.0, "supply": [{"l": "Pigmeat", "v": 221.0}, {"l": "Bovine Meat", "v": 602.0}, {"l": "Poultry Meat", "v": 141.0}, {"l": "Offals, Edible", "v": 132.0}, {"l": "Meat, Other", "v": 62.0}, {"l": "Mutton & Goat Meat", "v": 243.0}]}, {"source": 1, "prod": 0.1224020086561825, "target": 11, "value": 136.0, "supply": [{"l": "Freshwater Fish", "v": 68.0}, {"l": "Fish, Seafood", "v": 68.0}]}, {"source": 19, "prod": 2.4869176536757163, "target": 15, "value": 602.0, "supply": [{"l": "Honey", "v": 11.0}, {"l": "Sugar", "v": 591.0}]}, {"source": 19, "prod": 1.0711729141429909, "target": 17, "value": 104.0, "supply": [{"l": "Cottonseed Oil", "v": 30.0}, {"l": "Oilcrops Oil, Other", "v": 29.0}, {"l": "Sunflowerseed Oil", "v": 42.0}, {"l": "Soyabean Oil", "v": 1.0}, {"l": "Rape and Mustard Oil", "v": 2.0}]}, {"source": 19, "prod": 1.2964356118904139, "target": 16, "value": 614.0, "supply": [{"l": "Beer", "v": 235.0}, {"l": "Beverages, Alcoholic", "v": 328.0}, {"l": "Alcohol, Non-Food", "v": 1.0}, {"l": "Beverages, Fermented", "v": 1.0}, {"l": "Wine", "v": 49.0}]}, {"source": 19, "prod": 1.3064196626290907, "target": 13, "value": 215.0, "supply": [{"l": "Fats, Animals, Raw", "v": 66.0}, {"l": "Butter, Ghee", "v": 71.0}, {"l": "Cream", "v": 78.0}]}]}