{"nodes": [{"layer": 3, "name": "Cereals", "fill": "#e7ba52"}, {"layer": 5, "name": "Production", "fill": "#b5cf6b"}, {"layer": 3, "name": "Oilcrops", "fill": "#ff9896"}, {"layer": 3, "name": "Fruits, Roots & Vegetables", "fill": "#98df8a"}, {"layer": 3, "name": "Sugar Crops", "fill": "#ffbb78"}, {"layer": 1, "name": "Electricity", "fill": "#bcbd22"}, {"layer": 0, "name": "Fossil Fuels", "fill": "#c49c94"}, {"layer": 0, "name": "Renewables & Nuclear", "fill": "#2ca02c"}, {"layer": 1, "name": "Fertilizers", "fill": "#c5b0d5"}, {"layer": 0, "name": "Labor", "fill": "#7f7f7f"}], "links": [{"source": 0, "prod": 16366.0, "target": 1, "value": 52.593468071142645, "supply": [{"l": "Maize", "v": 1.2426321491391819}, {"l": "Rye", "v": 0.082247197759406254}, {"l": "Barley", "v": 5.0500614421207004}, {"l": "Rice", "v": 0.80599347732976223}, {"l": "Cereals, Other", "v": 0.32893943037880469}, {"l": "Wheat", "v": 44.50683824732787}, {"l": "Oats", "v": 0.46378390956098514}, {"l": "Millet", "v": 0.11297221752592743}]}, {"source": 2, "prod": 726.0, "target": 1, "value": 3.8621933380698552, "supply": [{"l": "Sunflower seed", "v": 1.0342404222649093}, {"l": "Soyabeans", "v": 0.4754418657576}, {"l": "Oilcrops, Other", "v": 0.48161643544276367}, {"l": "Cottonseed", "v": 1.4757221547541091}, {"l": "Rape and Mustardseed", "v": 0.39517245985047272}]}, {"source": 3, "prod": 5391.0, "target": 1, "value": 2.8209602260649391, "supply": [{"l": "Nuts", "v": 0.0044684385879473695}, {"l": "Tomatoes", "v": 0.1064639760745546}, {"l": "Treenuts", "v": 0.0043538632395384615}, {"l": "Vegetables, Other", "v": 0.51873968641271417}, {"l": "Peas", "v": 0.11560896431795746}, {"l": "Grapes", "v": 0.028300111057000005}, {"l": "Potatoes", "v": 1.8415888960916542}, {"l": "Beans", "v": 0.0036127801349361706}, {"l": "Apples", "v": 0.046164556161731249}, {"l": "Fruits, Other", "v": 0.029691919797508199}, {"l": "Onions", "v": 0.1111286937845886}, {"l": "Pulses, Other", "v": 0.010838340404808511}]}, {"source": 4, "prod": 339.0, "target": 1, "value": 0.39399333258000008, "supply": [{"l": "Sugar beet", "v": 0.39399333258000008}]}, {"source": 5, "prod": 0, "target": 3, "value": 0.32198174226799442, "supply": "[{\"l\":'Energy for power irrigation',\"v\":0.32198174226799442}]"}, {"source": 5, "prod": 0, "target": 4, "value": 0.019293825412943198, "supply": "[{\"l\":'Energy for power irrigation',\"v\":0.019293825412943198}]"}, {"source": 5, "prod": 0, "target": 0, "value": 0.93949815149643345, "supply": "[{\"l\":'Energy for power irrigation',\"v\":0.93949815149643345}]"}, {"source": 5, "prod": 0, "target": 2, "value": 0.044372948549412934, "supply": "[{\"l\":'Energy for power irrigation',\"v\":0.044372948549412934}]"}, {"source": 6, "prod": 0, "target": 5, "value": 2.9026812339770358, "supply": [{"l": "Coal", "v": 2.4782402509078474}, {"l": "Natural gas", "v": 0.2941038287543119}, {"l": "Oil", "v": 0.13033715431487658}]}, {"source": 7, "prod": 0, "target": 5, "value": 0.1522494758974374, "supply": [{"l": "Nuclear", "v": 0.0}, {"l": "Hydroelectric", "v": 0.1522494758974374}, {"l": "Renewable", "v": 0.0}]}, {"source": 6, "prod": 0, "target": 3, "value": 4.5535341784647896, "supply": [{"l": "Gas-Diesel oil", "v": 2.3856408896886321}, {"l": "Fuel oil", "v": 0.054535105496192345}, {"l": "Coal", "v": 0.70350286090088132}, {"l": "Other fossil fuels", "v": 1.4098553223790844}]}, {"source": 6, "prod": 0, "target": 4, "value": 0.27285737642243435, "supply": [{"l": "Gas-Diesel oil", "v": 0.14295263607003045}, {"l": "Fuel oil", "v": 0.0032678585962933461}, {"l": "Coal", "v": 0.042155375892184169}, {"l": "Other fossil fuels", "v": 0.084481505863926373}]}, {"source": 6, "prod": 0, "target": 0, "value": 13.286582379825656, "supply": [{"l": "Gas-Diesel oil", "v": 6.9609698680718219}, {"l": "Fuel oil", "v": 0.15912588845702574}, {"l": "Coal", "v": 2.0527239610956323}, {"l": "Other fossil fuels", "v": 4.1137626622011769}]}, {"source": 6, "prod": 0, "target": 2, "value": 0.62753166187552467, "supply": [{"l": "Gas-Diesel oil", "v": 0.32876994735751458}, {"l": "Fuel oil", "v": 0.0075155920744885358}, {"l": "Coal", "v": 0.096951137760902126}, {"l": "Other fossil fuels", "v": 0.19429498468261941}]}, {"source": 8, "prod": 10.059297174072002, "target": 3, "value": 0.1377582412531948, "supply": [{"l": "Potash", "v": 0.000512777778188}, {"l": "Phosphate", "v": 0.056391666711780003}, {"l": "Nitrogen", "v": 0.51005277818581995}]}, {"source": 8, "prod": 0.602774312873672, "target": 4, "value": 0.0082547645006561237, "supply": [{"l": "Potash", "v": 0.000512777778188}, {"l": "Phosphate", "v": 0.056391666711780003}, {"l": "Nitrogen", "v": 0.51005277818581995}]}, {"source": 8, "prod": 29.35163662953245, "target": 0, "value": 0.40195947788571607, "supply": [{"l": "Potash", "v": 0.000512777778188}, {"l": "Phosphate", "v": 0.056391666711780003}, {"l": "Nitrogen", "v": 0.51005277818581995}]}, {"source": 8, "prod": 1.3862918835218718, "target": 2, "value": 0.01898473903622095, "supply": [{"l": "Potash", "v": 0.000512777778188}, {"l": "Phosphate", "v": 0.056391666711780003}, {"l": "Nitrogen", "v": 0.51005277818581995}]}, {"source": 6, "prod": 0, "target": 8, "value": 0.66589174862584943, "supply": [{"l": "Natural gas (including LNG)", "v": 0.457058038710556}, {"l": "Fuel oil", "v": 0.11867107516802208}, {"l": "Liquefied petroleum gas (LPG)", "v": 0.045081317373635674}, {"l": "Coal", "v": 0.045081317373635674}]}, {"source": 9, "prod": 0, "target": 3, "value": 0.24453777636473809, "supply": "[{\"l\":'Labor',\"v\":0.24453777636473809}]"}, {"source": 9, "prod": 0, "target": 4, "value": 0.014653219560889335, "supply": "[{\"l\":'Labor',\"v\":0.014653219560889335}]"}, {"source": 9, "prod": 0, "target": 0, "value": 0.7135273796813556, "supply": "[{\"l\":'Labor',\"v\":0.7135273796813556}]"}, {"source": 9, "prod": 0, "target": 2, "value": 0.03370024055584149, "supply": "[{\"l\":'Labor',\"v\":0.03370024055584149}]"}]}