{"nodes": [{"layer": 13, "name": "Other Processed", "fill": "#9c9ede"}, {"layer": 10, "name": "Feed", "fill": "#dbdb8d"}, {"layer": 13, "name": "Animal Products", "fill": "#17becf"}, {"layer": 5, "name": "Cereals", "fill": "#e7ba52"}, {"layer": 5, "name": "Oilcrops", "fill": "#ff9896"}, {"layer": 5, "name": "Fruits, Roots & Vegetables", "fill": "#98df8a"}, {"layer": 13, "name": "Aquatic Products", "fill": "#1f77b4"}, {"layer": 16, "name": "Food", "fill": "#b5cf6b"}, {"layer": 13, "name": "Sugar", "fill": "#d6616b"}, {"layer": 13, "name": "Vegetable Oils", "fill": "#f7b6d2"}, {"layer": 10, "name": "Processing", "fill": "#9edae5"}, {"layer": 16, "name": "Biofuels & Other", "fill": "#e7ba52"}, {"name": "Waste", "fill": "#c7c7c7"}, {"layer": 2, "name": "Import", "fill": "#aec7e8"}, {"layer": 16, "name": "Export", "fill": "#aec7e8"}, {"layer": 16, "name": "Stock Deposit", "fill": "#c7c7c7"}, {"layer": 0, "name": "Stock Draw", "fill": "#c7c7c7"}, {"name": "Crop Residue", "fill": "#bd9e39"}, {"layer": 2, "name": "Electricity", "fill": "#bcbd22"}, {"layer": 0, "name": "Fossil Fuels", "fill": "#c49c94"}, {"layer": 0, "name": "Renewables & Nuclear", "fill": "#2ca02c"}, {"layer": 2, "name": "Fertilizers", "fill": "#c5b0d5"}, {"layer": 0, "name": "Labor", "fill": "#7f7f7f"}], "links": [{"source": 0, "prod": 1.0, "target": 1, "value": 0.0080649981342791159, "supply": [{"l": "Fish, Body Oil", "v": 0.0080649981342791159}]}, {"source": 2, "prod": 48.0, "target": 1, "value": 0.029855062213978028, "supply": [{"l": "Milk - Excluding Butter", "v": 0.029855062213978028}]}, {"source": 3, "prod": 2459.0, "target": 1, "value": 7.6745934502909572, "supply": [{"l": "Maize", "v": 5.4720917864121104}, {"l": "Wheat", "v": 0.022881002021806478}, {"l": "Cereals, Other", "v": 0.025289460944553196}, {"l": "Rye", "v": 0.01133053565952178}, {"l": "Millet", "v": 0.0053062708231875}, {"l": "Barley", "v": 2.0772648709123263}, {"l": "Sorghum", "v": 0.060429523517449492}]}, {"source": 4, "prod": 8.0, "target": 1, "value": 0.037212570535692845, "supply": [{"l": "Soyabeans", "v": 0.037212570535692845}]}, {"source": 5, "prod": 237.0, "target": 1, "value": 0.26675396357096554, "supply": [{"l": "Potatoes", "v": 0.018574879522495025}, {"l": "Sweet potatoes", "v": 0.2481790840484705}]}, {"source": 6, "prod": 106.0, "target": 1, "value": 0.074134708627601575, "supply": [{"l": "Pelagic Fish", "v": 0.00076982167383031084}, {"l": "Marine Fish, Other", "v": 0.045987680467625004}, {"l": "Fish, Seafood", "v": 0.027377206486146263}]}, {"source": 0, "prod": 2751.0, "target": 7, "value": 3.9700817908143984, "supply": [{"l": "Beer", "v": 0.28597715098814303}, {"l": "Beverages, Alcoholic", "v": 0.34954680028403146}, {"l": "Fats, Animals, Raw", "v": 0.68135451713039852}, {"l": "Butter, Ghee", "v": 0.061745696851636368}, {"l": "Beverages, Fermented", "v": 2.5914576255601891}]}, {"source": 2, "prod": 1186.0, "target": 7, "value": 1.6997269790114622, "supply": [{"l": "Meat, Other", "v": 0.016508398116583337}, {"l": "Poultry Meat", "v": 0.14230258272386237}, {"l": "Eggs", "v": 0.41241019420890046}, {"l": "Pigmeat", "v": 0.57185741653110356}, {"l": "Milk - Excluding Butter", "v": 0.25439000928160443}, {"l": "Mutton & Goat Meat", "v": 0.0169800666342}, {"l": "Bovine Meat", "v": 0.23722151915426473}, {"l": "Offals, Edible", "v": 0.048056792360943401}]}, {"source": 3, "prod": 7462.0, "target": 7, "value": 31.649361954428159, "supply": [{"l": "Maize", "v": 0.17510693716518752}, {"l": "Barley", "v": 1.5258454688155996}, {"l": "Rice", "v": 23.908249775093619}, {"l": "Wheat", "v": 6.0242409608841925}, {"l": "Millet", "v": 0.015918812469562501}]}, {"source": 4, "prod": 454.0, "target": 7, "value": 2.1444186247165584, "supply": [{"l": "Sesame seed", "v": 0.063675249878250004}, {"l": "Groundnuts", "v": 0.049832804252543481}, {"l": "Oilcrops, Other", "v": 0.012128619024428572}, {"l": "Soyabeans", "v": 2.0187819515613366}]}, {"source": 5, "prod": 9404.0, "target": 7, "value": 4.2254416477295376, "supply": [{"l": "Roots, Other", "v": 0.0024257238048857148}, {"l": "Nuts", "v": 0.14350227045732439}, {"l": "Citrus, Other", "v": 0.00047941666574999997}, {"l": "Tomatoes", "v": 0.015834585948559524}, {"l": "Coffee", "v": 0.0026531354115937504}, {"l": "Treenuts", "v": 0.14280565749393934}, {"l": "Vegetables, Other", "v": 2.1939057517127356}, {"l": "Peas", "v": 0.0080857460162857154}, {"l": "Grapes", "v": 0.032060265672965035}, {"l": "Cocoa Beans", "v": 0.0097028952195428592}, {"l": "Potatoes", "v": 0.28622200718753704}, {"l": "Pimento", "v": 0.015160773780535717}, {"l": "Pepper", "v": 0.0011622222200000001}, {"l": "Beans", "v": 0.16018930786981134}, {"l": "Apples", "v": 0.17498708299875002}, {"l": "Pineapples", "v": 0.0025093694533300497}, {"l": "Bananas", "v": 0.016062225194513512}, {"l": "Spices, Other", "v": 0.0169800666342}, {"l": "Fruits, Other", "v": 0.1274103730521072}, {"l": "Sweet potatoes", "v": 0.63603104795677778}, {"l": "Oranges, Mandarines", "v": 0.063675249878250004}, {"l": "Onions", "v": 0.11103833286887975}, {"l": "Pulses, Other", "v": 0.062558140231263173}]}, {"source": 8, "prod": 590.0, "target": 7, "value": 2.3558764370517458, "supply": [{"l": "Sugar", "v": 1.734115883833963}, {"l": "Sweeteners, Other", "v": 0.60356762468114034}, {"l": "Honey", "v": 0.018192928536642859}]}, {"source": 6, "prod": 3744.0, "target": 7, "value": 1.8948509828624884, "supply": [{"l": "Pelagic Fish", "v": 0.11162414270539507}, {"l": "Crustaceans", "v": 0.015530548750792683}, {"l": "Aquatic Products, Other", "v": 0.14310815439453711}, {"l": "Marine Fish, Other", "v": 0.031837624939125002}, {"l": "Aquatic Plants", "v": 0.12709990845434238}, {"l": "Freshwater Fish", "v": 0.015918812469562501}, {"l": "Fish, Seafood", "v": 0.79497209022979431}, {"l": "Cephalopods", "v": 0.07987139357550524}, {"l": "Molluscs, Other", "v": 0.063608434296006294}, {"l": "Aquatic Animals, Others", "v": 0.018595555520000001}, {"l": "Demersal Fish", "v": 0.49268431752742786}]}, {"source": 9, "prod": 123.0, "target": 7, "value": 1.2666866692422603, "supply": [{"l": "Ricebran Oil", "v": 0.15795410822511627}, {"l": "Groundnut Oil", "v": 0.0169800666342}, {"l": "Soyabean Oil", "v": 0.42600432661908855}, {"l": "Palm Oil", "v": 0.33429506186081254}, {"l": "Coconut Oil", "v": 0.091692359824680006}, {"l": "Rape and Mustard Oil", "v": 0.095512874817374999}, {"l": "Sesameseed Oil", "v": 0.046309272638727278}, {"l": "Oilcrops Oil, Other", "v": 0.050940199902600007}, {"l": "Maize Germ Oil", "v": 0.010612541646375}, {"l": "Cottonseed Oil", "v": 0.036385857073285718}]}, {"source": 5, "prod": 174.0, "target": 10, "value": 0.19815229125946504, "supply": [{"l": "Sweet potatoes", "v": 0.19623462459646504}, {"l": "Apples", "v": 0.0019176666629999999}]}, {"source": 3, "prod": 914.0, "target": 10, "value": 3.2045136987760348, "supply": [{"l": "Maize", "v": 1.1527873363374845}, {"l": "Wheat", "v": 0.72238592097417598}, {"l": "Barley", "v": 0.23416440363011679}, {"l": "Rice", "v": 1.0951760378342574}]}, {"source": 4, "prod": 398.0, "target": 10, "value": 1.9605198852418098, "supply": [{"l": "Coconuts - Incl Copra", "v": 0.16610934750847828}, {"l": "Cottonseed", "v": 0.027684891251413046}, {"l": "Sesame seed", "v": 0.070750277642500012}, {"l": "Soyabeans", "v": 1.3861682524545582}, {"l": "Rape and Mustardseed", "v": 0.22701610826158697}, {"l": "Groundnuts", "v": 0.022147913001130438}, {"l": "Oilcrops, Other", "v": 0.060643095122142866}]}, {"source": 0, "prod": 174.0, "target": 11, "value": 1.3594681734090228, "supply": [{"l": "Alcohol, Non-Food", "v": 0.0092646595397963844}, {"l": "Beverages, Fermented", "v": 0.0013235227913994839}, {"l": "Fats, Animals, Raw", "v": 1.3458854659365898}, {"l": "Beer", "v": 0.0029945251412370998}]}, {"source": 2, "prod": 22.0, "target": 11, "value": 0.013683570181406595, "supply": [{"l": "Milk - Excluding Butter", "v": 0.013683570181406595}]}, {"source": 3, "prod": 150.0, "target": 11, "value": 0.44687424907952589, "supply": [{"l": "Maize", "v": 0.36188767014138756}, {"l": "Wheat", "v": 0.084986578938138352}]}, {"source": 5, "prod": 1.0, "target": 11, "value": 0.00047898636485754591, "supply": [{"l": "Fruits, Other", "v": 0.00047898636485754591}]}, {"source": 8, "prod": 8.0, "target": 11, "value": 0.033109611147187835, "supply": [{"l": "Sugar", "v": 0.033109611147187835}]}, {"source": 6, "prod": 36.0, "target": 11, "value": 0.019755841018282816, "supply": [{"l": "Demersal Fish", "v": 0.01045792183430861}, {"l": "Fish, Seafood", "v": 0.0092979191839742039}]}, {"source": 9, "prod": 17.0, "target": 11, "value": 0.18523709055490911, "supply": [{"l": "Palm Oil", "v": 0.12156184067665912}, {"l": "Oilcrops Oil, Other", "v": 0.063675249878250004}]}, {"source": 5, "prod": 101.0, "target": 5, "value": 0.1128910402155977, "supply": [{"l": "Sweet potatoes", "v": 0.065796315305873571}, {"l": "Potatoes", "v": 0.034616820928286191}, {"l": "Beans", "v": 0.0080094653934905651}, {"l": "Pulses, Other", "v": 0.0044684385879473695}]}, {"source": 2, "prod": 7.0, "target": 2, "value": 0.011831439997796324, "supply": [{"l": "Eggs", "v": 0.011831439997796324}]}, {"source": 3, "prod": 56.0, "target": 3, "value": 0.23381848362445909, "supply": [{"l": "Maize", "v": 0.0058368979055062505}, {"l": "Wheat", "v": 0.0065374291490875661}, {"l": "Barley", "v": 0.08686744005633365}, {"l": "Rice", "v": 0.13457671651353162}]}, {"source": 4, "prod": 10.0, "target": 4, "value": 0.046515713169616051, "supply": [{"l": "Soyabeans", "v": 0.046515713169616051}]}, {"source": 5, "prod": 1510.0, "target": 12, "value": 0.6181491376296514, "supply": [{"l": "Oranges, Mandarines", "v": 0.0030872848425818182}, {"l": "Potatoes", "v": 0.037994071750558009}, {"l": "Fruits, Other", "v": 0.014369590945726379}, {"l": "Beans", "v": 0.0040047326967452826}, {"l": "Nuts", "v": 0.0074546634003804877}, {"l": "Bananas", "v": 0.0011473017996081081}, {"l": "Treenuts", "v": 0.0074184757139708736}, {"l": "Vegetables, Other", "v": 0.37798320005618513}, {"l": "Sweet potatoes", "v": 0.1269753453271244}, {"l": "Tomatoes", "v": 0.0023583425880833331}, {"l": "Grapes", "v": 0.0035622517414405589}, {"l": "Onions", "v": 0.012137793471496976}, {"l": "Apples", "v": 0.019656083295750002}]}, {"source": 2, "prod": 22.0, "target": 12, "value": 0.027570498446742628, "supply": [{"l": "Milk - Excluding Butter", "v": 0.0055978241651208792}, {"l": "Eggs", "v": 0.021972674281621748}]}, {"source": 3, "prod": 260.0, "target": 12, "value": 1.0442311722858901, "supply": [{"l": "Maize", "v": 0.14592244763765627}, {"l": "Barley", "v": 0.24927178450947918}, {"l": "Rice", "v": 0.60327493609514182}, {"l": "Wheat", "v": 0.045762004043612955}]}, {"source": 4, "prod": 11.0, "target": 12, "value": 0.054476147867187061, "supply": [{"l": "Soyabeans", "v": 0.041864141852654448}, {"l": "Sesame seed", "v": 0.0070750277642500003}, {"l": "Rape and Mustardseed", "v": 0.0055369782502826094}]}, {"source": 13, "prod": 1061.0, "target": 10, "value": 5.5525490328112888, "supply": [{"l": "Alcohol, Non-Food", "v": 0.0092646595397963844}, {"l": "Sugar", "v": 3.2240483854574156}, {"l": "Beverages, Alcoholic", "v": 0.0053365923707485718}, {"l": "Fats, Animals, Raw", "v": 1.5814154224754933}, {"l": "Palm Oil", "v": 0.50650766948607961}, {"l": "Coconut Oil", "v": 0.050940199902600007}, {"l": "Oilcrops Oil, Other", "v": 0.063675249878250004}, {"l": "Sweeteners, Other", "v": 0.079038617517768375}, {"l": "Fish, Body Oil", "v": 0.0080649981342791159}, {"l": "Cottonseed Oil", "v": 0.024257238048857144}]}, {"source": 13, "prod": 5043.0, "target": 3, "value": 16.709828325529834, "supply": [{"l": "Maize", "v": 6.8612734879225972}, {"l": "Barley", "v": 0.018884226099202966}, {"l": "Rice", "v": 3.5129163586463261}, {"l": "Wheat", "v": 6.2661258394004316}, {"l": "Sorghum", "v": 0.045322142638087121}, {"l": "Millet", "v": 0.0053062708231875}]}, {"source": 13, "prod": 607.0, "target": 4, "value": 2.9006918080717461, "supply": [{"l": "Coconuts - Incl Copra", "v": 0.16610934750847828}, {"l": "Sesame seed", "v": 0.091975360935250008}, {"l": "Groundnuts", "v": 0.022147913001130438}, {"l": "Oilcrops, Other", "v": 0.0060643095122142861}, {"l": "Soyabeans", "v": 2.5258032251101517}, {"l": "Rape and Mustardseed", "v": 0.088591652004521751}]}, {"source": 13, "prod": 79.0, "target": 5, "value": 0.10892394654277274, "supply": [{"l": "Roots, Other", "v": 0.0012128619024428574}, {"l": "Fruits, Other", "v": 0.0019159454594301836}, {"l": "Tomatoes", "v": 0.0020214365040714284}, {"l": "Pepper", "v": 0.0011622222200000001}, {"l": "Vegetables, Other", "v": 0.00092491810780469448}, {"l": "Grapes", "v": 0.0011874172471468532}, {"l": "Cocoa Beans", "v": 0.0097028952195428592}, {"l": "Potatoes", "v": 0.0008443127055679559}, {"l": "Pimento", "v": 0.018192928536642859}, {"l": "Coffee", "v": 0.0026531354115937504}, {"l": "Beans", "v": 0.036042594270707544}, {"l": "Pulses, Other", "v": 0.0044684385879473695}, {"l": "Pineapples", "v": 0.0025093694533300497}, {"l": "Bananas", "v": 0.017209526994121621}, {"l": "Spices, Other", "v": 0.00424501665855}, {"l": "Oranges, Mandarines", "v": 0.0046309272638727274}]}, {"source": 13, "prod": 172.0, "target": 1, "value": 0.13746118944275731, "supply": [{"l": "Meat, Other", "v": 0.0023583425880833336}, {"l": "Demersal Fish", "v": 0.01742986972384768}, {"l": "Freshwater Fish", "v": 0.00053062708231875}, {"l": "Milk - Excluding Butter", "v": 0.021147335734901102}, {"l": "Pelagic Fish", "v": 0.013086968455115285}, {"l": "Fish, Seafood", "v": 0.031509615012357023}, {"l": "Cephalopods", "v": 0.0096141492266811849}, {"l": "Mutton & Goat Meat", "v": 0.036790144374100005}, {"l": "Bovine Meat", "v": 0.0049941372453529411}]}, {"source": 0, "prod": 1.0, "target": 14, "value": 0.0026682961853742859, "supply": [{"l": "Beverages, Alcoholic", "v": 0.0026682961853742859}]}, {"source": 2, "prod": 11.0, "target": 14, "value": 0.02971511660985, "supply": [{"l": "Meat, Other", "v": 0.0070750277642500003}, {"l": "Mutton & Goat Meat", "v": 0.022640088845599999}]}, {"source": 3, "prod": 5.0, "target": 14, "value": 0.016343572872718915, "supply": [{"l": "Wheat", "v": 0.016343572872718915}]}, {"source": 4, "prod": 1.0, "target": 14, "value": 0.0046515713169616056, "supply": [{"l": "Soyabeans", "v": 0.0046515713169616056}]}, {"source": 5, "prod": 80.0, "target": 14, "value": 0.045229607302637073, "supply": [{"l": "Vegetables, Other", "v": 0.017265138012354297}, {"l": "Nuts", "v": 0.011181995100570732}, {"l": "Fruits, Other", "v": 0.005268850013433005}, {"l": "Treenuts", "v": 0.011127713570956311}, {"l": "Oranges, Mandarines", "v": 0.00038591060532272727}]}, {"source": 8, "prod": 338.0, "target": 14, "value": 1.3983350340079135, "supply": [{"l": "Sugar", "v": 1.3947423695752876}, {"l": "Sweeteners, Other", "v": 0.0035926644326258355}]}, {"source": 6, "prod": 1040.0, "target": 14, "value": 0.64399228940559594, "supply": [{"l": "Freshwater Fish", "v": 0.00371438957623125}, {"l": "Aquatic Products, Other", "v": 0.00042975421740101236}, {"l": "Fish, Seafood", "v": 0.26809000313792286}, {"l": "Cephalopods", "v": 0.018488748512848433}, {"l": "Pelagic Fish", "v": 0.24634293562569948}, {"l": "Crustaceans", "v": 0.039344056835341458}, {"l": "Molluscs, Other", "v": 0.007126995439328437}, {"l": "Aquatic Animals, Others", "v": 0.0011622222200000001}, {"l": "Marine Fish, Other", "v": 0.022109461763281255}, {"l": "Demersal Fish", "v": 0.037183722077541725}]}, {"source": 9, "prod": 15.0, "target": 14, "value": 0.1544282759684697, "supply": [{"l": "Rape and Mustard Oil", "v": 0.053062708231874998}, {"l": "Soyabean Oil", "v": 0.050714800787986729}, {"l": "Palm Oil", "v": 0.050650766948607956}]}, {"source": 6, "prod": 16.0, "target": 15, "value": 0.010048808050322256, "supply": [{"l": "Fish, Seafood", "v": 0.004132408526210757}, {"l": "Cephalopods", "v": 0.0059163995241114983}]}, {"source": 9, "prod": 3.0, "target": 15, "value": 0.03042888047279204, "supply": [{"l": "Soyabean Oil", "v": 0.03042888047279204}]}, {"source": 8, "prod": 15.0, "target": 15, "value": 0.062080520900977189, "supply": [{"l": "Sugar", "v": 0.062080520900977189}]}, {"source": 16, "prod": 1358.0, "target": 3, "value": 6.1523698515701346, "supply": [{"l": "Wheat", "v": 0.35628988862527228}, {"l": "Rice", "v": 5.7960799629448623}]}, {"source": 1, "prod": 4942.0, "target": 6, "value": 2.6427826299642909, "supply": [{"l": "Demersal Fish", "v": 0.54032596143927825}, {"l": "Pelagic Fish", "v": 0.35873690000492486}, {"l": "Crustaceans", "v": 0.054874605586134141}, {"l": "Freshwater Fish", "v": 0.01963320204579375}, {"l": "Molluscs, Other", "v": 0.070735429735334726}, {"l": "Aquatic Animals, Others", "v": 0.019757777740000003}, {"l": "Aquatic Plants", "v": 0.12709990845434238}, {"l": "Aquatic Products, Other", "v": 0.14353790861193813}, {"l": "Fish, Seafood", "v": 1.1038696275640483}, {"l": "Marine Fish, Other", "v": 0.099934767170031261}, {"l": "Cephalopods", "v": 0.10427654161246516}]}, {"source": 1, "prod": 1289.0, "target": 2, "value": 1.8005512264634393, "supply": [{"l": "Poultry Meat", "v": 0.14230258272386237}, {"l": "Pigmeat", "v": 0.57185741653110356}, {"l": "Bovine Meat", "v": 0.23722151915426473}, {"l": "Eggs", "v": 0.44621430848831856}, {"l": "Milk - Excluding Butter", "v": 0.30352646584210996}, {"l": "Offals, Edible", "v": 0.048056792360943401}, {"l": "Meat, Other", "v": 0.023583425880833338}, {"l": "Mutton & Goat Meat", "v": 0.039620155479799996}]}, {"source": 10, "prod": 2927.0, "target": 0, "value": 5.3402832585430744, "supply": [{"l": "Fats, Animals, Raw", "v": 2.0272399830669885}, {"l": "Alcohol, Non-Food", "v": 0.0092646595397963844}, {"l": "Beverages, Fermented", "v": 2.5927811483515888}, {"l": "Fish, Body Oil", "v": 0.0080649981342791159}, {"l": "Beer", "v": 0.28897167612938013}, {"l": "Beverages, Alcoholic", "v": 0.35221509646940574}, {"l": "Butter, Ghee", "v": 0.061745696851636368}]}, {"source": 10, "prod": 158.0, "target": 9, "value": 1.6367809162384312, "supply": [{"l": "Ricebran Oil", "v": 0.15795410822511627}, {"l": "Sesameseed Oil", "v": 0.046309272638727278}, {"l": "Soyabean Oil", "v": 0.50714800787986736}, {"l": "Coconut Oil", "v": 0.091692359824680006}, {"l": "Cottonseed Oil", "v": 0.036385857073285718}, {"l": "Rape and Mustard Oil", "v": 0.14857558304925}, {"l": "Maize Germ Oil", "v": 0.010612541646375}, {"l": "Groundnut Oil", "v": 0.0169800666342}, {"l": "Palm Oil", "v": 0.50650766948607961}, {"l": "Oilcrops Oil, Other", "v": 0.11461544978085}]}, {"source": 10, "prod": 951.0, "target": 8, "value": 3.8494016031078244, "supply": [{"l": "Honey", "v": 0.018192928536642859}, {"l": "Sweeteners, Other", "v": 0.60716028911376618}, {"l": "Sugar", "v": 3.224048385457416}]}, {"source": 5, "prod": 11462.5, "target": 17, "value": 18.957827858446603, "supply": [{"l": "Roots, Other", "v": 0.003173801532862956}, {"l": "Tomatoes", "v": 0.17956333298999996}, {"l": "Vegetables, Other", "v": 29.254876610730005}, {"l": "Peas", "v": 0.05880542557298702}, {"l": "Potatoes", "v": 0.77839833184500018}, {"l": "Beans", "v": 0.13423666641000001}, {"l": "Pulses, Other", "v": 0.052299999900000005}, {"l": "Sweet potatoes", "v": 1.9228966629900002}, {"l": "Onions", "v": 0.95708999817000007}]}, {"source": 3, "prod": 16214.0, "target": 17, "value": 60.645336005289288, "supply": [{"l": "Maize", "v": 9.2745333156000012}, {"l": "Rye", "v": 0.020919999960000001}, {"l": "Barley", "v": 7.6880999853}, {"l": "Rice", "v": 31.693799939399998}, {"l": "Cereals, Other", "v": 0.050028102741223414}, {"l": "Wheat", "v": 7.7055333186000023}, {"l": "Sorghum", "v": 0.069733333199999997}, {"l": "Millet", "v": 0.027893333279999998}]}, {"source": 4, "prod": 578.5, "target": 17, "value": 1.7620140860210902, "supply": [{"l": "Coconuts - Incl Copra", "v": 0.052299999900000005}, {"l": "Sesame seed", "v": 0.047069999910000007}, {"l": "Cottonseed", "v": 0.017433333299999999}, {"l": "Groundnuts", "v": 0.038353333259999997}, {"l": "Oilcrops, Other", "v": 0.045824761817142859}, {"l": "Rape and Mustardseed", "v": 0.11854666643999999}, {"l": "Soyabeans", "v": 1.7014933300800001}]}, {"source": 18, "prod": 0, "target": 5, "value": 0.17208068971209733, "supply": "[{\"l\":'Energy for power irrigation',\"v\":0.17208068971209733}]"}, {"source": 18, "prod": 0, "target": 3, "value": 0.1217062727586454, "supply": "[{\"l\":'Energy for power irrigation',\"v\":0.1217062727586454}]"}, {"source": 18, "prod": 0, "target": 4, "value": 0.0086847266301808765, "supply": "[{\"l\":'Energy for power irrigation',\"v\":0.0086847266301808765}]"}, {"source": 18, "prod": 0, "target": 10, "value": 0.19400000015519997, "supply": "[{\"l\":'Electricity',\"v\":0.19400000015519997}]"}, {"source": 19, "prod": 0, "target": 18, "value": 1.1126771525408716, "supply": [{"l": "Coal", "v": 0.084812259896017733}, {"l": "Natural gas", "v": 0.0}, {"l": "Oil", "v": 1.0278648926448539}]}, {"source": 20, "prod": 0, "target": 18, "value": 0.072806248691632186, "supply": [{"l": "Nuclear", "v": 0.046355489232888701}, {"l": "Hydroelectric", "v": 0.026450759458743488}, {"l": "Renewable", "v": 0.0}]}, {"source": 19, "prod": 0, "target": 5, "value": 3.681084636049702, "supply": [{"l": "Motor Gasoline", "v": 0.021002446496187842}, {"l": "Gas-Diesel oil", "v": 2.7181495841567398}, {"l": "Natural gas (including LNG)", "v": 0.0015803195256725233}, {"l": "Fuel oil", "v": 0.78529237869719026}, {"l": "Liquefied petroleum gas (LPG)", "v": 0.021081343196550584}, {"l": "Other fossil fuels", "v": 0.13397856397736069}]}, {"source": 19, "prod": 0, "target": 3, "value": 2.603494276506428, "supply": [{"l": "Motor Gasoline", "v": 0.01485424939974655}, {"l": "Gas-Diesel oil", "v": 1.9224461224653164}, {"l": "Natural gas (including LNG)", "v": 0.0011177012339914632}, {"l": "Fuel oil", "v": 0.55540809719503781}, {"l": "Liquefied petroleum gas (LPG)", "v": 0.014910050102022732}, {"l": "Other fossil fuels", "v": 0.09475805611031303}]}, {"source": 19, "prod": 0, "target": 4, "value": 0.18578036745515833, "supply": [{"l": "Motor Gasoline", "v": 0.0010599708002656198}, {"l": "Gas-Diesel oil", "v": 0.13718207497794321}, {"l": "Natural gas (including LNG)", "v": 7.9757020336013502e-05}, {"l": "Fuel oil", "v": 0.039632858545371824}, {"l": "Liquefied petroleum gas (LPG)", "v": 0.0010639526315554643}, {"l": "Other fossil fuels", "v": 0.006761753479686208}]}, {"source": 19, "prod": 0, "target": 1, "value": 12.643537065670385, "supply": [{"l": "Gas-diesel oils used in fisheries", "v": 12.141125657861048}, {"l": "Fuel oil used in fisheries", "v": 0.50241140780933646}]}, {"source": 21, "prod": 456.86721386738139, "target": 5, "value": 5.3485312529104778, "supply": [{"l": "Potash", "v": 0.47002749482046641}, {"l": "Phosphate", "v": 0.72593750058074991}, {"l": "Nitrogen", "v": 8.2053181176753647}]}, {"source": 21, "prod": 323.12519108596388, "target": 3, "value": 3.7828172621457137, "supply": [{"l": "Potash", "v": 0.47002749482046641}, {"l": "Phosphate", "v": 0.72593750058074991}, {"l": "Nitrogen", "v": 8.2053181176753647}]}, {"source": 21, "prod": 23.057595046654754, "target": 4, "value": 0.26993459802038922, "supply": [{"l": "Potash", "v": 0.47002749482046641}, {"l": "Phosphate", "v": 0.72593750058074991}, {"l": "Nitrogen", "v": 8.2053181176753647}]}, {"source": 19, "prod": 0, "target": 21, "value": 11.533871191437642, "supply": [{"l": "Natural gas (including LNG)", "v": 7.7123938921340169}, {"l": "Fuel oil", "v": 2.3710134805189593}, {"l": "Liquefied petroleum gas (LPG)", "v": 0.7252319093923324}, {"l": "Coal", "v": 0.7252319093923324}]}, {"source": 22, "prod": 0, "target": 3, "value": 1.7854345179396698, "supply": "[{\"l\":'Labor',\"v\":1.7854345179396698}]"}, {"source": 22, "prod": 0, "target": 4, "value": 0.12740518917331922, "supply": "[{\"l\":'Labor',\"v\":0.12740518917331922}]"}, {"source": 22, "prod": 0, "target": 5, "value": 2.5244286618827516, "supply": "[{\"l\":'Labor',\"v\":2.5244286618827516}]"}, {"source": 19, "prod": 0, "target": 13, "value": 22.718456433958053, "supply": "[{\"l\":'Fossil Fuels',\"v\":22.718456433958053}]"}, {"source": 20, "prod": 0, "target": 13, "value": 0.60950483703863556, "supply": "[{\"l\":'Renewables & Nuclear',\"v\":0.60950483703863556},{\"l\":'Biomass & Waste',\"v\":0.0}]"}]}