{"nodes": [{"layer": 5, "name": "Maize"}, {"layer": 10, "name": "Feed", "fill": "#dbdb8d"}, {"layer": 13, "name": "Pelagic Fish"}, {"layer": 5, "name": "Wheat"}, {"layer": 5, "name": "Cereals, Other"}, {"layer": 5, "name": "Soyabeans"}, {"layer": 5, "name": "Potatoes"}, {"layer": 5, "name": "Rye"}, {"layer": 13, "name": "Fish, Body Oil"}, {"layer": 5, "name": "Millet"}, {"layer": 13, "name": "Milk - Excluding Butter"}, {"layer": 5, "name": "Sweet potatoes"}, {"layer": 13, "name": "Marine Fish, Other"}, {"layer": 5, "name": "Barley"}, {"layer": 13, "name": "Fish, Seafood"}, {"layer": 5, "name": "Sorghum"}, {"layer": 16, "name": "Food", "fill": "#b5cf6b"}, {"layer": 13, "name": "Ricebran Oil"}, {"layer": 5, "name": "Vegetables, Other"}, {"layer": 5, "name": "Nuts"}, {"layer": 13, "name": "Sugar", "fill": "#d6616b"}, {"layer": 13, "name": "Oilcrops Oil, Other"}, {"layer": 5, "name": "Citrus, Other"}, {"layer": 13, "name": "Beer"}, {"layer": 13, "name": "Groundnut Oil"}, {"layer": 13, "name": "Beverages, Alcoholic"}, {"layer": 13, "name": "Honey"}, {"layer": 5, "name": "Rice"}, {"layer": 13, "name": "Butter, Ghee"}, {"layer": 5, "name": "Tomatoes"}, {"layer": 13, "name": "Fats, Animals, Raw"}, {"layer": 5, "name": "Coffee"}, {"layer": 13, "name": "Soyabean Oil"}, {"layer": 5, "name": "Treenuts"}, {"layer": 13, "name": "Crustaceans"}, {"layer": 13, "name": "Eggs"}, {"layer": 5, "name": "Roots, Other"}, {"layer": 5, "name": "Peas"}, {"layer": 5, "name": "Sesame seed"}, {"layer": 5, "name": "Grapes"}, {"layer": 5, "name": "Groundnuts"}, {"layer": 13, "name": "Palm Oil"}, {"layer": 13, "name": "Demersal Fish"}, {"layer": 5, "name": "Oilcrops, Other"}, {"layer": 13, "name": "Coconut Oil"}, {"layer": 5, "name": "Pulses, Other"}, {"layer": 13, "name": "Pigmeat"}, {"layer": 5, "name": "Cocoa Beans"}, {"layer": 13, "name": "Freshwater Fish"}, {"layer": 5, "name": "Pimento"}, {"layer": 5, "name": "Pepper"}, {"layer": 13, "name": "Rape and Mustard Oil"}, {"layer": 13, "name": "Sesameseed Oil"}, {"layer": 5, "name": "Beans"}, {"layer": 5, "name": "Apples"}, {"layer": 13, "name": "Meat, Other"}, {"layer": 13, "name": "Cephalopods"}, {"layer": 13, "name": "Mutton & Goat Meat"}, {"layer": 13, "name": "Sweeteners, Other"}, {"layer": 5, "name": "Bananas"}, {"layer": 13, "name": "Beverages, Fermented"}, {"layer": 13, "name": "Maize Germ Oil"}, {"layer": 5, "name": "Spices, Other"}, {"layer": 13, "name": "Bovine Meat"}, {"layer": 5, "name": "Fruits, Other"}, {"layer": 13, "name": "Molluscs, Other"}, {"layer": 13, "name": "Aquatic Animals, Others"}, {"layer": 13, "name": "Poultry Meat"}, {"layer": 13, "name": "Offals, Edible"}, {"layer": 13, "name": "Aquatic Plants"}, {"layer": 5, "name": "Oranges, Mandarines"}, {"layer": 13, "name": "Cottonseed Oil"}, {"layer": 5, "name": "Onions"}, {"layer": 5, "name": "Pineapples"}, {"layer": 13, "name": "Aquatic Products, Other"}, {"layer": 10, "name": "Processing", "fill": "#9edae5"}, {"layer": 5, "name": "Coconuts - Incl Copra"}, {"layer": 5, "name": "Cottonseed"}, {"layer": 5, "name": "Rape and Mustardseed"}, {"layer": 16, "name": "Biofuels & Other", "fill": "#e7ba52"}, {"layer": 13, "name": "Alcohol, Non-Food"}, {"name": "Seed", "fill": "#dbdb8d"}, {"name": "Waste", "fill": "#c7c7c7"}, {"layer": 0, "name": "Import", "fill": "#aec7e8"}, {"layer": 16, "name": "Export", "fill": "#aec7e8"}, {"layer": 16, "name": "Stock Deposit", "fill": "#c7c7c7"}, {"layer": 0, "name": "Stock Draw", "fill": "#c7c7c7"}, {"layer": 0, "name": "Production", "fill": "#b5cf6b"}], "links": [{"source": 0, "prod": 5.4720917864121104, "target": 1, "value": 1875.0, "supply": [{"l": "Maize", "v": 1875.0}]}, {"source": 2, "prod": 0.00076982167383031084, "target": 1, "value": 1.0, "supply": [{"l": "Pelagic Fish", "v": 1.0}]}, {"source": 3, "prod": 0.022881002021806478, "target": 1, "value": 7.0, "supply": [{"l": "Wheat", "v": 7.0}]}, {"source": 4, "prod": 0.025289460944553196, "target": 1, "value": 7.0, "supply": [{"l": "Cereals, Other", "v": 7.0}]}, {"source": 5, "prod": 0.037212570535692845, "target": 1, "value": 8.0, "supply": [{"l": "Soyabeans", "v": 8.0}]}, {"source": 6, "prod": 0.018574879522495025, "target": 1, "value": 22.0, "supply": [{"l": "Potatoes", "v": 22.0}]}, {"source": 7, "prod": 0.01133053565952178, "target": 1, "value": 3.0, "supply": [{"l": "Rye", "v": 3.0}]}, {"source": 8, "prod": 0.0080649981342791159, "target": 1, "value": 1.0, "supply": [{"l": "Fish, Body Oil", "v": 1.0}]}, {"source": 9, "prod": 0.0053062708231875, "target": 1, "value": 1.0, "supply": [{"l": "Millet", "v": 1.0}]}, {"source": 10, "prod": 0.029855062213978028, "target": 1, "value": 48.0, "supply": [{"l": "Milk - Excluding Butter", "v": 48.0}]}, {"source": 11, "prod": 0.2481790840484705, "target": 1, "value": 215.0, "supply": [{"l": "Sweet potatoes", "v": 215.0}]}, {"source": 12, "prod": 0.045987680467625004, "target": 1, "value": 52.0, "supply": [{"l": "Marine Fish, Other", "v": 52.0}]}, {"source": 13, "prod": 2.0772648709123263, "target": 1, "value": 550.0, "supply": [{"l": "Barley", "v": 550.0}]}, {"source": 14, "prod": 0.027377206486146263, "target": 1, "value": 53.0, "supply": [{"l": "Fish, Seafood", "v": 53.0}]}, {"source": 15, "prod": 0.060429523517449492, "target": 1, "value": 16.0, "supply": [{"l": "Sorghum", "v": 16.0}]}, {"source": 0, "prod": 0.17510693716518752, "target": 16, "value": 60.0, "supply": [{"l": "Maize", "v": 60.0}]}, {"source": 17, "prod": 0.15795410822511627, "target": 16, "value": 16.0, "supply": [{"l": "Ricebran Oil", "v": 16.0}]}, {"source": 18, "prod": 2.1939057517127356, "target": 16, "value": 7116.0, "supply": [{"l": "Vegetables, Other", "v": 7116.0}]}, {"source": 19, "prod": 0.14350227045732439, "target": 16, "value": 77.0, "supply": [{"l": "Nuts", "v": 77.0}]}, {"source": 20, "prod": 1.734115883833963, "target": 16, "value": 419.0, "supply": [{"l": "Sugar", "v": 419.0}]}, {"source": 21, "prod": 0.050940199902600007, "target": 16, "value": 4.0, "supply": [{"l": "Oilcrops Oil, Other", "v": 4.0}]}, {"source": 22, "prod": 0.00047941666574999997, "target": 16, "value": 1.0, "supply": [{"l": "Citrus, Other", "v": 1.0}]}, {"source": 23, "prod": 0.28597715098814303, "target": 16, "value": 573.0, "supply": [{"l": "Beer", "v": 573.0}]}, {"source": 24, "prod": 0.0169800666342, "target": 16, "value": 2.0, "supply": [{"l": "Groundnut Oil", "v": 2.0}]}, {"source": 25, "prod": 0.34954680028403146, "target": 16, "value": 131.0, "supply": [{"l": "Beverages, Alcoholic", "v": 131.0}]}, {"source": 13, "prod": 1.5258454688155996, "target": 16, "value": 404.0, "supply": [{"l": "Barley", "v": 404.0}]}, {"source": 26, "prod": 0.018192928536642859, "target": 16, "value": 3.0, "supply": [{"l": "Honey", "v": 3.0}]}, {"source": 27, "prod": 23.908249775093619, "target": 16, "value": 5152.0, "supply": [{"l": "Rice", "v": 5152.0}]}, {"source": 28, "prod": 0.061745696851636368, "target": 16, "value": 8.0, "supply": [{"l": "Butter, Ghee", "v": 8.0}]}, {"source": 29, "prod": 0.015834585948559524, "target": 16, "value": 47.0, "supply": [{"l": "Tomatoes", "v": 47.0}]}, {"source": 30, "prod": 0.68135451713039852, "target": 16, "value": 81.0, "supply": [{"l": "Fats, Animals, Raw", "v": 81.0}]}, {"source": 31, "prod": 0.0026531354115937504, "target": 16, "value": 7.0, "supply": [{"l": "Coffee", "v": 7.0}]}, {"source": 3, "prod": 6.0242409608841925, "target": 16, "value": 1843.0, "supply": [{"l": "Wheat", "v": 1843.0}]}, {"source": 32, "prod": 0.42600432661908855, "target": 16, "value": 42.0, "supply": [{"l": "Soyabean Oil", "v": 42.0}]}, {"source": 33, "prod": 0.14280565749393934, "target": 16, "value": 77.0, "supply": [{"l": "Treenuts", "v": 77.0}]}, {"source": 34, "prod": 0.015530548750792683, "target": 16, "value": 15.0, "supply": [{"l": "Crustaceans", "v": 15.0}]}, {"source": 35, "prod": 0.41241019420890046, "target": 16, "value": 244.0, "supply": [{"l": "Eggs", "v": 244.0}]}, {"source": 36, "prod": 0.0024257238048857148, "target": 16, "value": 2.0, "supply": [{"l": "Roots, Other", "v": 2.0}]}, {"source": 37, "prod": 0.0080857460162857154, "target": 16, "value": 2.0, "supply": [{"l": "Peas", "v": 2.0}]}, {"source": 38, "prod": 0.063675249878250004, "target": 16, "value": 9.0, "supply": [{"l": "Sesame seed", "v": 9.0}]}, {"source": 12, "prod": 0.031837624939125002, "target": 16, "value": 36.0, "supply": [{"l": "Marine Fish, Other", "v": 36.0}]}, {"source": 39, "prod": 0.032060265672965035, "target": 16, "value": 54.0, "supply": [{"l": "Grapes", "v": 54.0}]}, {"source": 40, "prod": 0.049832804252543481, "target": 16, "value": 9.0, "supply": [{"l": "Groundnuts", "v": 9.0}]}, {"source": 41, "prod": 0.33429506186081254, "target": 16, "value": 33.0, "supply": [{"l": "Palm Oil", "v": 33.0}]}, {"source": 42, "prod": 0.49268431752742786, "target": 16, "value": 848.0, "supply": [{"l": "Demersal Fish", "v": 848.0}]}, {"source": 43, "prod": 0.012128619024428572, "target": 16, "value": 2.0, "supply": [{"l": "Oilcrops, Other", "v": 2.0}]}, {"source": 44, "prod": 0.091692359824680006, "target": 16, "value": 9.0, "supply": [{"l": "Coconut Oil", "v": 9.0}]}, {"source": 45, "prod": 0.062558140231263173, "target": 16, "value": 14.0, "supply": [{"l": "Pulses, Other", "v": 14.0}]}, {"source": 46, "prod": 0.57185741653110356, "target": 16, "value": 293.0, "supply": [{"l": "Pigmeat", "v": 293.0}]}, {"source": 47, "prod": 0.0097028952195428592, "target": 16, "value": 4.0, "supply": [{"l": "Cocoa Beans", "v": 4.0}]}, {"source": 5, "prod": 2.0187819515613366, "target": 16, "value": 434.0, "supply": [{"l": "Soyabeans", "v": 434.0}]}, {"source": 6, "prod": 0.28622200718753704, "target": 16, "value": 339.0, "supply": [{"l": "Potatoes", "v": 339.0}]}, {"source": 48, "prod": 0.015918812469562501, "target": 16, "value": 30.0, "supply": [{"l": "Freshwater Fish", "v": 30.0}]}, {"source": 49, "prod": 0.015160773780535717, "target": 16, "value": 5.0, "supply": [{"l": "Pimento", "v": 5.0}]}, {"source": 50, "prod": 0.0011622222200000001, "target": 16, "value": 1.0, "supply": [{"l": "Pepper", "v": 1.0}]}, {"source": 51, "prod": 0.095512874817374999, "target": 16, "value": 9.0, "supply": [{"l": "Rape and Mustard Oil", "v": 9.0}]}, {"source": 10, "prod": 0.25439000928160443, "target": 16, "value": 409.0, "supply": [{"l": "Milk - Excluding Butter", "v": 409.0}]}, {"source": 52, "prod": 0.046309272638727278, "target": 16, "value": 4.0, "supply": [{"l": "Sesameseed Oil", "v": 4.0}]}, {"source": 53, "prod": 0.16018930786981134, "target": 16, "value": 40.0, "supply": [{"l": "Beans", "v": 40.0}]}, {"source": 54, "prod": 0.17498708299875002, "target": 16, "value": 365.0, "supply": [{"l": "Apples", "v": 365.0}]}, {"source": 14, "prod": 0.79497209022979431, "target": 16, "value": 1539.0, "supply": [{"l": "Fish, Seafood", "v": 1539.0}]}, {"source": 55, "prod": 0.016508398116583337, "target": 16, "value": 7.0, "supply": [{"l": "Meat, Other", "v": 7.0}]}, {"source": 56, "prod": 0.07987139357550524, "target": 16, "value": 108.0, "supply": [{"l": "Cephalopods", "v": 108.0}]}, {"source": 57, "prod": 0.0169800666342, "target": 16, "value": 6.0, "supply": [{"l": "Mutton & Goat Meat", "v": 6.0}]}, {"source": 58, "prod": 0.60356762468114034, "target": 16, "value": 168.0, "supply": [{"l": "Sweeteners, Other", "v": 168.0}]}, {"source": 2, "prod": 0.11162414270539507, "target": 16, "value": 145.0, "supply": [{"l": "Pelagic Fish", "v": 145.0}]}, {"source": 59, "prod": 0.016062225194513512, "target": 16, "value": 14.0, "supply": [{"l": "Bananas", "v": 14.0}]}, {"source": 60, "prod": 2.5914576255601891, "target": 16, "value": 1958.0, "supply": [{"l": "Beverages, Fermented", "v": 1958.0}]}, {"source": 61, "prod": 0.010612541646375, "target": 16, "value": 1.0, "supply": [{"l": "Maize Germ Oil", "v": 1.0}]}, {"source": 62, "prod": 0.0169800666342, "target": 16, "value": 4.0, "supply": [{"l": "Spices, Other", "v": 4.0}]}, {"source": 63, "prod": 0.23722151915426473, "target": 16, "value": 95.0, "supply": [{"l": "Bovine Meat", "v": 95.0}]}, {"source": 64, "prod": 0.1274103730521072, "target": 16, "value": 266.0, "supply": [{"l": "Fruits, Other", "v": 266.0}]}, {"source": 65, "prod": 0.063608434296006294, "target": 16, "value": 357.0, "supply": [{"l": "Molluscs, Other", "v": 357.0}]}, {"source": 66, "prod": 0.018595555520000001, "target": 16, "value": 16.0, "supply": [{"l": "Aquatic Animals, Others", "v": 16.0}]}, {"source": 9, "prod": 0.015918812469562501, "target": 16, "value": 3.0, "supply": [{"l": "Millet", "v": 3.0}]}, {"source": 67, "prod": 0.14230258272386237, "target": 16, "value": 92.0, "supply": [{"l": "Poultry Meat", "v": 92.0}]}, {"source": 68, "prod": 0.048056792360943401, "target": 16, "value": 40.0, "supply": [{"l": "Offals, Edible", "v": 40.0}]}, {"source": 11, "prod": 0.63603104795677778, "target": 16, "value": 551.0, "supply": [{"l": "Sweet potatoes", "v": 551.0}]}, {"source": 69, "prod": 0.12709990845434238, "target": 16, "value": 317.0, "supply": [{"l": "Aquatic Plants", "v": 317.0}]}, {"source": 70, "prod": 0.063675249878250004, "target": 16, "value": 165.0, "supply": [{"l": "Oranges, Mandarines", "v": 165.0}]}, {"source": 71, "prod": 0.036385857073285718, "target": 16, "value": 3.0, "supply": [{"l": "Cottonseed Oil", "v": 3.0}]}, {"source": 72, "prod": 0.11103833286887975, "target": 16, "value": 247.0, "supply": [{"l": "Onions", "v": 247.0}]}, {"source": 73, "prod": 0.0025093694533300497, "target": 16, "value": 6.0, "supply": [{"l": "Pineapples", "v": 6.0}]}, {"source": 74, "prod": 0.14310815439453711, "target": 16, "value": 333.0, "supply": [{"l": "Aquatic Products, Other", "v": 333.0}]}, {"source": 0, "prod": 1.1527873363374845, "target": 75, "value": 395.0, "supply": [{"l": "Maize", "v": 395.0}]}, {"source": 3, "prod": 0.72238592097417598, "target": 75, "value": 221.0, "supply": [{"l": "Wheat", "v": 221.0}]}, {"source": 76, "prod": 0.16610934750847828, "target": 75, "value": 30.0, "supply": [{"l": "Coconuts - Incl Copra", "v": 30.0}]}, {"source": 77, "prod": 0.027684891251413046, "target": 75, "value": 5.0, "supply": [{"l": "Cottonseed", "v": 5.0}]}, {"source": 38, "prod": 0.070750277642500012, "target": 75, "value": 10.0, "supply": [{"l": "Sesame seed", "v": 10.0}]}, {"source": 5, "prod": 1.3861682524545582, "target": 75, "value": 298.0, "supply": [{"l": "Soyabeans", "v": 298.0}]}, {"source": 11, "prod": 0.19623462459646504, "target": 75, "value": 170.0, "supply": [{"l": "Sweet potatoes", "v": 170.0}]}, {"source": 78, "prod": 0.22701610826158697, "target": 75, "value": 41.0, "supply": [{"l": "Rape and Mustardseed", "v": 41.0}]}, {"source": 13, "prod": 0.23416440363011679, "target": 75, "value": 62.0, "supply": [{"l": "Barley", "v": 62.0}]}, {"source": 40, "prod": 0.022147913001130438, "target": 75, "value": 4.0, "supply": [{"l": "Groundnuts", "v": 4.0}]}, {"source": 43, "prod": 0.060643095122142866, "target": 75, "value": 10.0, "supply": [{"l": "Oilcrops, Other", "v": 10.0}]}, {"source": 27, "prod": 1.0951760378342574, "target": 75, "value": 236.0, "supply": [{"l": "Rice", "v": 236.0}]}, {"source": 54, "prod": 0.0019176666629999999, "target": 75, "value": 4.0, "supply": [{"l": "Apples", "v": 4.0}]}, {"source": 0, "prod": 0.36188767014138756, "target": 79, "value": 124.0, "supply": [{"l": "Maize", "v": 124.0}]}, {"source": 3, "prod": 0.084986578938138352, "target": 79, "value": 26.0, "supply": [{"l": "Wheat", "v": 26.0}]}, {"source": 80, "prod": 0.0092646595397963844, "target": 79, "value": 7.0, "supply": [{"l": "Alcohol, Non-Food", "v": 7.0}]}, {"source": 60, "prod": 0.0013235227913994839, "target": 79, "value": 1.0, "supply": [{"l": "Beverages, Fermented", "v": 1.0}]}, {"source": 30, "prod": 1.3458854659365898, "target": 79, "value": 160.0, "supply": [{"l": "Fats, Animals, Raw", "v": 160.0}]}, {"source": 64, "prod": 0.00047898636485754591, "target": 79, "value": 1.0, "supply": [{"l": "Fruits, Other", "v": 1.0}]}, {"source": 20, "prod": 0.033109611147187835, "target": 79, "value": 8.0, "supply": [{"l": "Sugar", "v": 8.0}]}, {"source": 10, "prod": 0.013683570181406595, "target": 79, "value": 22.0, "supply": [{"l": "Milk - Excluding Butter", "v": 22.0}]}, {"source": 23, "prod": 0.0029945251412370998, "target": 79, "value": 6.0, "supply": [{"l": "Beer", "v": 6.0}]}, {"source": 42, "prod": 0.01045792183430861, "target": 79, "value": 18.0, "supply": [{"l": "Demersal Fish", "v": 18.0}]}, {"source": 14, "prod": 0.0092979191839742039, "target": 79, "value": 18.0, "supply": [{"l": "Fish, Seafood", "v": 18.0}]}, {"source": 41, "prod": 0.12156184067665912, "target": 79, "value": 12.0, "supply": [{"l": "Palm Oil", "v": 12.0}]}, {"source": 21, "prod": 0.063675249878250004, "target": 79, "value": 5.0, "supply": [{"l": "Oilcrops Oil, Other", "v": 5.0}]}, {"source": 0, "prod": 0.0058368979055062505, "target": 81, "value": 2.0, "supply": [{"l": "Maize", "v": 2.0}]}, {"source": 3, "prod": 0.0065374291490875661, "target": 81, "value": 2.0, "supply": [{"l": "Wheat", "v": 2.0}]}, {"source": 5, "prod": 0.046515713169616051, "target": 81, "value": 10.0, "supply": [{"l": "Soyabeans", "v": 10.0}]}, {"source": 6, "prod": 0.034616820928286191, "target": 81, "value": 41.0, "supply": [{"l": "Potatoes", "v": 41.0}]}, {"source": 35, "prod": 0.011831439997796324, "target": 35, "value": 7.0, "supply": [{"l": "Eggs", "v": 7.0}]}, {"source": 11, "prod": 0.065796315305873571, "target": 81, "value": 57.0, "supply": [{"l": "Sweet potatoes", "v": 57.0}]}, {"source": 53, "prod": 0.0080094653934905651, "target": 81, "value": 2.0, "supply": [{"l": "Beans", "v": 2.0}]}, {"source": 13, "prod": 0.08686744005633365, "target": 81, "value": 23.0, "supply": [{"l": "Barley", "v": 23.0}]}, {"source": 27, "prod": 0.13457671651353162, "target": 81, "value": 29.0, "supply": [{"l": "Rice", "v": 29.0}]}, {"source": 45, "prod": 0.0044684385879473695, "target": 81, "value": 1.0, "supply": [{"l": "Pulses, Other", "v": 1.0}]}, {"source": 0, "prod": 0.14592244763765627, "target": 82, "value": 50.0, "supply": [{"l": "Maize", "v": 50.0}]}, {"source": 19, "prod": 0.0074546634003804877, "target": 82, "value": 4.0, "supply": [{"l": "Nuts", "v": 4.0}]}, {"source": 64, "prod": 0.014369590945726379, "target": 82, "value": 30.0, "supply": [{"l": "Fruits, Other", "v": 30.0}]}, {"source": 13, "prod": 0.24927178450947918, "target": 82, "value": 66.0, "supply": [{"l": "Barley", "v": 66.0}]}, {"source": 27, "prod": 0.60327493609514182, "target": 82, "value": 130.0, "supply": [{"l": "Rice", "v": 130.0}]}, {"source": 29, "prod": 0.0023583425880833331, "target": 82, "value": 7.0, "supply": [{"l": "Tomatoes", "v": 7.0}]}, {"source": 3, "prod": 0.045762004043612955, "target": 82, "value": 14.0, "supply": [{"l": "Wheat", "v": 14.0}]}, {"source": 33, "prod": 0.0074184757139708736, "target": 82, "value": 4.0, "supply": [{"l": "Treenuts", "v": 4.0}]}, {"source": 35, "prod": 0.021972674281621748, "target": 82, "value": 13.0, "supply": [{"l": "Eggs", "v": 13.0}]}, {"source": 18, "prod": 0.37798320005618513, "target": 82, "value": 1226.0, "supply": [{"l": "Vegetables, Other", "v": 1226.0}]}, {"source": 38, "prod": 0.0070750277642500003, "target": 82, "value": 1.0, "supply": [{"l": "Sesame seed", "v": 1.0}]}, {"source": 39, "prod": 0.0035622517414405589, "target": 82, "value": 6.0, "supply": [{"l": "Grapes", "v": 6.0}]}, {"source": 5, "prod": 0.041864141852654448, "target": 82, "value": 9.0, "supply": [{"l": "Soyabeans", "v": 9.0}]}, {"source": 6, "prod": 0.037994071750558009, "target": 82, "value": 45.0, "supply": [{"l": "Potatoes", "v": 45.0}]}, {"source": 10, "prod": 0.0055978241651208792, "target": 82, "value": 9.0, "supply": [{"l": "Milk - Excluding Butter", "v": 9.0}]}, {"source": 53, "prod": 0.0040047326967452826, "target": 82, "value": 1.0, "supply": [{"l": "Beans", "v": 1.0}]}, {"source": 54, "prod": 0.019656083295750002, "target": 82, "value": 41.0, "supply": [{"l": "Apples", "v": 41.0}]}, {"source": 59, "prod": 0.0011473017996081081, "target": 82, "value": 1.0, "supply": [{"l": "Bananas", "v": 1.0}]}, {"source": 11, "prod": 0.1269753453271244, "target": 82, "value": 110.0, "supply": [{"l": "Sweet potatoes", "v": 110.0}]}, {"source": 78, "prod": 0.0055369782502826094, "target": 82, "value": 1.0, "supply": [{"l": "Rape and Mustardseed", "v": 1.0}]}, {"source": 70, "prod": 0.0030872848425818182, "target": 82, "value": 8.0, "supply": [{"l": "Oranges, Mandarines", "v": 8.0}]}, {"source": 72, "prod": 0.012137793471496976, "target": 82, "value": 27.0, "supply": [{"l": "Onions", "v": 27.0}]}, {"source": 83, "prod": 0.00424501665855, "target": 62, "value": 1.0, "supply": [{"l": "Spices, Other", "v": 1.0}]}, {"source": 83, "prod": 0.0020214365040714284, "target": 29, "value": 6.0, "supply": [{"l": "Tomatoes", "v": 6.0}]}, {"source": 83, "prod": 0.0060643095122142861, "target": 43, "value": 1.0, "supply": [{"l": "Oilcrops, Other", "v": 1.0}]}, {"source": 83, "prod": 0.00092491810780469448, "target": 18, "value": 3.0, "supply": [{"l": "Vegetables, Other", "v": 3.0}]}, {"source": 83, "prod": 3.5129163586463261, "target": 27, "value": 757.0, "supply": [{"l": "Rice", "v": 757.0}]}, {"source": 83, "prod": 6.2661258394004316, "target": 3, "value": 1917.0, "supply": [{"l": "Wheat", "v": 1917.0}]}, {"source": 83, "prod": 0.018884226099202966, "target": 13, "value": 5.0, "supply": [{"l": "Barley", "v": 5.0}]}, {"source": 83, "prod": 0.0011622222200000001, "target": 50, "value": 1.0, "supply": [{"l": "Pepper", "v": 1.0}]}, {"source": 83, "prod": 0.0026531354115937504, "target": 31, "value": 7.0, "supply": [{"l": "Coffee", "v": 7.0}]}, {"source": 83, "prod": 0.0053062708231875, "target": 9, "value": 1.0, "supply": [{"l": "Millet", "v": 1.0}]}, {"source": 83, "prod": 0.13746118944275731, "target": 1, "value": 172.0, "supply": [{"l": "Meat, Other", "v": 1.0}, {"l": "Demersal Fish", "v": 30.0}, {"l": "Freshwater Fish", "v": 1.0}, {"l": "Milk - Excluding Butter", "v": 34.0}, {"l": "Pelagic Fish", "v": 17.0}, {"l": "Fish, Seafood", "v": 61.0}, {"l": "Cephalopods", "v": 13.0}, {"l": "Mutton & Goat Meat", "v": 13.0}, {"l": "Bovine Meat", "v": 2.0}]}, {"source": 83, "prod": 0.018192928536642859, "target": 49, "value": 6.0, "supply": [{"l": "Pimento", "v": 6.0}]}, {"source": 83, "prod": 0.0097028952195428592, "target": 47, "value": 4.0, "supply": [{"l": "Cocoa Beans", "v": 4.0}]}, {"source": 83, "prod": 0.0046309272638727274, "target": 70, "value": 12.0, "supply": [{"l": "Oranges, Mandarines", "v": 12.0}]}, {"source": 83, "prod": 0.045322142638087121, "target": 15, "value": 12.0, "supply": [{"l": "Sorghum", "v": 12.0}]}, {"source": 83, "prod": 0.0025093694533300497, "target": 73, "value": 6.0, "supply": [{"l": "Pineapples", "v": 6.0}]}, {"source": 83, "prod": 2.5258032251101517, "target": 5, "value": 543.0, "supply": [{"l": "Soyabeans", "v": 543.0}]}, {"source": 83, "prod": 0.0008443127055679559, "target": 6, "value": 1.0, "supply": [{"l": "Potatoes", "v": 1.0}]}, {"source": 83, "prod": 0.088591652004521751, "target": 78, "value": 16.0, "supply": [{"l": "Rape and Mustardseed", "v": 16.0}]}, {"source": 83, "prod": 0.017209526994121621, "target": 59, "value": 15.0, "supply": [{"l": "Bananas", "v": 15.0}]}, {"source": 83, "prod": 0.036042594270707544, "target": 53, "value": 9.0, "supply": [{"l": "Beans", "v": 9.0}]}, {"source": 83, "prod": 0.091975360935250008, "target": 38, "value": 13.0, "supply": [{"l": "Sesame seed", "v": 13.0}]}, {"source": 83, "prod": 5.5525490328112888, "target": 75, "value": 1061.0, "supply": [{"l": "Alcohol, Non-Food", "v": 7.0}, {"l": "Sugar", "v": 779.0}, {"l": "Beverages, Alcoholic", "v": 2.0}, {"l": "Fats, Animals, Raw", "v": 188.0}, {"l": "Palm Oil", "v": 50.0}, {"l": "Coconut Oil", "v": 5.0}, {"l": "Oilcrops Oil, Other", "v": 5.0}, {"l": "Sweeteners, Other", "v": 22.0}, {"l": "Fish, Body Oil", "v": 1.0}, {"l": "Cottonseed Oil", "v": 2.0}]}, {"source": 83, "prod": 0.0011874172471468532, "target": 39, "value": 2.0, "supply": [{"l": "Grapes", "v": 2.0}]}, {"source": 83, "prod": 6.8612734879225972, "target": 0, "value": 2351.0, "supply": [{"l": "Maize", "v": 2351.0}]}, {"source": 83, "prod": 0.0019159454594301836, "target": 64, "value": 4.0, "supply": [{"l": "Fruits, Other", "v": 4.0}]}, {"source": 83, "prod": 0.0044684385879473695, "target": 45, "value": 1.0, "supply": [{"l": "Pulses, Other", "v": 1.0}]}, {"source": 83, "prod": 0.022147913001130438, "target": 40, "value": 4.0, "supply": [{"l": "Groundnuts", "v": 4.0}]}, {"source": 83, "prod": 0.16610934750847828, "target": 76, "value": 30.0, "supply": [{"l": "Coconuts - Incl Copra", "v": 30.0}]}, {"source": 83, "prod": 0.0012128619024428574, "target": 36, "value": 1.0, "supply": [{"l": "Roots, Other", "v": 1.0}]}, {"source": 19, "prod": 0.011181995100570732, "target": 84, "value": 6.0, "supply": [{"l": "Nuts", "v": 6.0}]}, {"source": 20, "prod": 1.3947423695752876, "target": 84, "value": 337.0, "supply": [{"l": "Sugar", "v": 337.0}]}, {"source": 25, "prod": 0.0026682961853742859, "target": 84, "value": 1.0, "supply": [{"l": "Beverages, Alcoholic", "v": 1.0}]}, {"source": 74, "prod": 0.00042975421740101236, "target": 84, "value": 1.0, "supply": [{"l": "Aquatic Products, Other", "v": 1.0}]}, {"source": 3, "prod": 0.016343572872718915, "target": 84, "value": 5.0, "supply": [{"l": "Wheat", "v": 5.0}]}, {"source": 32, "prod": 0.050714800787986729, "target": 84, "value": 5.0, "supply": [{"l": "Soyabean Oil", "v": 5.0}]}, {"source": 33, "prod": 0.011127713570956311, "target": 84, "value": 6.0, "supply": [{"l": "Treenuts", "v": 6.0}]}, {"source": 34, "prod": 0.039344056835341458, "target": 84, "value": 38.0, "supply": [{"l": "Crustaceans", "v": 38.0}]}, {"source": 18, "prod": 0.017265138012354297, "target": 84, "value": 56.0, "supply": [{"l": "Vegetables, Other", "v": 56.0}]}, {"source": 12, "prod": 0.022109461763281255, "target": 84, "value": 25.0, "supply": [{"l": "Marine Fish, Other", "v": 25.0}]}, {"source": 41, "prod": 0.050650766948607956, "target": 84, "value": 5.0, "supply": [{"l": "Palm Oil", "v": 5.0}]}, {"source": 5, "prod": 0.0046515713169616056, "target": 84, "value": 1.0, "supply": [{"l": "Soyabeans", "v": 1.0}]}, {"source": 64, "prod": 0.005268850013433005, "target": 84, "value": 11.0, "supply": [{"l": "Fruits, Other", "v": 11.0}]}, {"source": 48, "prod": 0.00371438957623125, "target": 84, "value": 7.0, "supply": [{"l": "Freshwater Fish", "v": 7.0}]}, {"source": 51, "prod": 0.053062708231874998, "target": 84, "value": 5.0, "supply": [{"l": "Rape and Mustard Oil", "v": 5.0}]}, {"source": 14, "prod": 0.26809000313792286, "target": 84, "value": 519.0, "supply": [{"l": "Fish, Seafood", "v": 519.0}]}, {"source": 55, "prod": 0.0070750277642500003, "target": 84, "value": 3.0, "supply": [{"l": "Meat, Other", "v": 3.0}]}, {"source": 56, "prod": 0.018488748512848433, "target": 84, "value": 25.0, "supply": [{"l": "Cephalopods", "v": 25.0}]}, {"source": 57, "prod": 0.022640088845599999, "target": 84, "value": 8.0, "supply": [{"l": "Mutton & Goat Meat", "v": 8.0}]}, {"source": 58, "prod": 0.0035926644326258355, "target": 84, "value": 1.0, "supply": [{"l": "Sweeteners, Other", "v": 1.0}]}, {"source": 2, "prod": 0.24634293562569948, "target": 84, "value": 320.0, "supply": [{"l": "Pelagic Fish", "v": 320.0}]}, {"source": 65, "prod": 0.007126995439328437, "target": 84, "value": 40.0, "supply": [{"l": "Molluscs, Other", "v": 40.0}]}, {"source": 66, "prod": 0.0011622222200000001, "target": 84, "value": 1.0, "supply": [{"l": "Aquatic Animals, Others", "v": 1.0}]}, {"source": 42, "prod": 0.037183722077541725, "target": 84, "value": 64.0, "supply": [{"l": "Demersal Fish", "v": 64.0}]}, {"source": 70, "prod": 0.00038591060532272727, "target": 84, "value": 1.0, "supply": [{"l": "Oranges, Mandarines", "v": 1.0}]}, {"source": 56, "prod": 0.0059163995241114983, "target": 85, "value": 8.0, "supply": [{"l": "Cephalopods", "v": 8.0}]}, {"source": 86, "prod": 5.7960799629448623, "target": 27, "value": 1249.0, "supply": [{"l": "Rice", "v": 1249.0}]}, {"source": 14, "prod": 0.004132408526210757, "target": 85, "value": 8.0, "supply": [{"l": "Fish, Seafood", "v": 8.0}]}, {"source": 86, "prod": 0.35628988862527228, "target": 3, "value": 109.0, "supply": [{"l": "Wheat", "v": 109.0}]}, {"source": 32, "prod": 0.03042888047279204, "target": 85, "value": 3.0, "supply": [{"l": "Soyabean Oil", "v": 3.0}]}, {"source": 20, "prod": 0.062080520900977189, "target": 85, "value": 15.0, "supply": [{"l": "Sugar", "v": 15.0}]}, {"source": 87, "prod": 0.44944113872398128, "target": 0, "value": 154.0, "supply": [{"l": "Maize", "v": 154.0}]}, {"source": 87, "prod": 2.5845294992422514, "target": 18, "value": 8383.0, "supply": [{"l": "Vegetables, Other", "v": 8383.0}]}, {"source": 87, "prod": 0.01133053565952178, "target": 7, "value": 3.0, "supply": [{"l": "Rye", "v": 3.0}]}, {"source": 87, "prod": 0.16213892895827559, "target": 19, "value": 87.0, "supply": [{"l": "Nuts", "v": 87.0}]}, {"source": 87, "prod": 4.1545297418246525, "target": 13, "value": 1100.0, "supply": [{"l": "Barley", "v": 1100.0}]}, {"source": 87, "prod": 16.441562296808364, "target": 27, "value": 3543.0, "supply": [{"l": "Rice", "v": 3543.0}]}, {"source": 87, "prod": 0.01650839811658333, "target": 29, "value": 49.0, "supply": [{"l": "Tomatoes", "v": 49.0}]}, {"source": 87, "prod": 0.028902241079489365, "target": 4, "value": 8.0, "supply": [{"l": "Cereals, Other", "v": 8.0}]}, {"source": 87, "prod": 0.30072174085802805, "target": 3, "value": 92.0, "supply": [{"l": "Wheat", "v": 92.0}]}, {"source": 87, "prod": 0.16135184677886649, "target": 33, "value": 87.0, "supply": [{"l": "Treenuts", "v": 87.0}]}, {"source": 87, "prod": 0.0012128619024428574, "target": 36, "value": 1.0, "supply": [{"l": "Roots, Other", "v": 1.0}]}, {"source": 87, "prod": 0.0080857460162857154, "target": 37, "value": 2.0, "supply": [{"l": "Peas", "v": 2.0}]}, {"source": 87, "prod": 0.049525194349750008, "target": 38, "value": 7.0, "supply": [{"l": "Sesame seed", "v": 7.0}]}, {"source": 87, "prod": 1.0047394044637068, "target": 5, "value": 216.0, "supply": [{"l": "Soyabeans", "v": 216.0}]}, {"source": 87, "prod": 0.033841391543685317, "target": 39, "value": 57.0, "supply": [{"l": "Grapes", "v": 57.0}]}, {"source": 87, "prod": 0.049832804252543481, "target": 40, "value": 9.0, "supply": [{"l": "Groundnuts", "v": 9.0}]}, {"source": 87, "prod": 0.072771714146571437, "target": 43, "value": 12.0, "supply": [{"l": "Oilcrops, Other", "v": 12.0}]}, {"source": 87, "prod": 0.067026578819210536, "target": 45, "value": 15.0, "supply": [{"l": "Pulses, Other", "v": 15.0}]}, {"source": 87, "prod": 0.027684891251413046, "target": 77, "value": 5.0, "supply": [{"l": "Cottonseed", "v": 5.0}]}, {"source": 87, "prod": 0.37656346668330826, "target": 6, "value": 446.0, "supply": [{"l": "Potatoes", "v": 446.0}]}, {"source": 87, "prod": 0.14396143450734783, "target": 78, "value": 26.0, "supply": [{"l": "Rape and Mustardseed", "v": 26.0}]}, {"source": 87, "prod": 0.13616091168933961, "target": 53, "value": 34.0, "supply": [{"l": "Beans", "v": 34.0}]}, {"source": 87, "prod": 0.19656083295750001, "target": 54, "value": 410.0, "supply": [{"l": "Apples", "v": 410.0}]}, {"source": 87, "prod": 0.015107380879362373, "target": 15, "value": 4.0, "supply": [{"l": "Sorghum", "v": 4.0}]}, {"source": 87, "prod": 0.00047941666574999997, "target": 22, "value": 1.0, "supply": [{"l": "Citrus, Other", "v": 1.0}]}, {"source": 87, "prod": 0.012735049975650002, "target": 62, "value": 3.0, "supply": [{"l": "Spices, Other", "v": 3.0}]}, {"source": 87, "prod": 0.14561185491669396, "target": 64, "value": 304.0, "supply": [{"l": "Fruits, Other", "v": 304.0}]}, {"source": 87, "prod": 0.02122508329275, "target": 9, "value": 4.0, "supply": [{"l": "Millet", "v": 4.0}]}, {"source": 87, "prod": 1.2732164172347111, "target": 11, "value": 1103.0, "supply": [{"l": "Sweet potatoes", "v": 1103.0}]}, {"source": 87, "prod": 0.062131607456959094, "target": 70, "value": 161.0, "supply": [{"l": "Oranges, Mandarines", "v": 161.0}]}, {"source": 87, "prod": 0.12362567424672845, "target": 72, "value": 275.0, "supply": [{"l": "Onions", "v": 275.0}]}, {"source": 1, "prod": 0.14230258272386237, "target": 67, "value": 92.0, "supply": [{"l": "Poultry Meat", "v": 92.0}]}, {"source": 1, "prod": 0.57185741653110356, "target": 46, "value": 293.0, "supply": [{"l": "Pigmeat", "v": 293.0}]}, {"source": 1, "prod": 0.35873690000492486, "target": 2, "value": 466.0, "supply": [{"l": "Pelagic Fish", "v": 466.0}]}, {"source": 1, "prod": 0.054874605586134141, "target": 34, "value": 53.0, "supply": [{"l": "Crustaceans", "v": 53.0}]}, {"source": 1, "prod": 0.43438286849052221, "target": 35, "value": 257.0, "supply": [{"l": "Eggs", "v": 264.0}]}, {"source": 1, "prod": 0.070735429735334726, "target": 65, "value": 397.0, "supply": [{"l": "Molluscs, Other", "v": 397.0}]}, {"source": 1, "prod": 0.14353790861193813, "target": 74, "value": 334.0, "supply": [{"l": "Aquatic Products, Other", "v": 334.0}]}, {"source": 1, "prod": 0.019757777740000003, "target": 66, "value": 17.0, "supply": [{"l": "Aquatic Animals, Others", "v": 17.0}]}, {"source": 1, "prod": 0.10427654161246516, "target": 56, "value": 141.0, "supply": [{"l": "Cephalopods", "v": 141.0}]}, {"source": 1, "prod": 0.30352646584210996, "target": 10, "value": 488.0, "supply": [{"l": "Milk - Excluding Butter", "v": 488.0}]}, {"source": 1, "prod": 0.048056792360943401, "target": 68, "value": 40.0, "supply": [{"l": "Offals, Edible", "v": 40.0}]}, {"source": 1, "prod": 0.099934767170031261, "target": 12, "value": 113.0, "supply": [{"l": "Marine Fish, Other", "v": 113.0}]}, {"source": 1, "prod": 0.12709990845434238, "target": 69, "value": 317.0, "supply": [{"l": "Aquatic Plants", "v": 317.0}]}, {"source": 1, "prod": 1.1038696275640483, "target": 14, "value": 2137.0, "supply": [{"l": "Fish, Seafood", "v": 2137.0}]}, {"source": 1, "prod": 0.23722151915426473, "target": 63, "value": 95.0, "supply": [{"l": "Bovine Meat", "v": 95.0}]}, {"source": 1, "prod": 0.54032596143927825, "target": 42, "value": 930.0, "supply": [{"l": "Demersal Fish", "v": 930.0}]}, {"source": 1, "prod": 0.023583425880833338, "target": 55, "value": 10.0, "supply": [{"l": "Meat, Other", "v": 10.0}]}, {"source": 1, "prod": 0.01963320204579375, "target": 48, "value": 37.0, "supply": [{"l": "Freshwater Fish", "v": 37.0}]}, {"source": 1, "prod": 0.039620155479799996, "target": 57, "value": 14.0, "supply": [{"l": "Mutton & Goat Meat", "v": 14.0}]}, {"source": 75, "prod": 2.0272399830669885, "target": 30, "value": 241.0, "supply": [{"l": "Fats, Animals, Raw", "v": 241.0}]}, {"source": 75, "prod": 0.15795410822511627, "target": 17, "value": 16.0, "supply": [{"l": "Ricebran Oil", "v": 16.0}]}, {"source": 75, "prod": 0.046309272638727278, "target": 52, "value": 4.0, "supply": [{"l": "Sesameseed Oil", "v": 4.0}]}, {"source": 75, "prod": 2.5927811483515888, "target": 60, "value": 1959.0, "supply": [{"l": "Beverages, Fermented", "v": 1959.0}]}, {"source": 75, "prod": 0.50714800787986736, "target": 32, "value": 50.0, "supply": [{"l": "Soyabean Oil", "v": 50.0}]}, {"source": 75, "prod": 0.036385857073285718, "target": 71, "value": 3.0, "supply": [{"l": "Cottonseed Oil", "v": 3.0}]}, {"source": 75, "prod": 0.091692359824680006, "target": 44, "value": 9.0, "supply": [{"l": "Coconut Oil", "v": 9.0}]}, {"source": 75, "prod": 0.0080649981342791159, "target": 8, "value": 1.0, "supply": [{"l": "Fish, Body Oil", "v": 1.0}]}, {"source": 75, "prod": 0.60716028911376618, "target": 58, "value": 169.0, "supply": [{"l": "Sweeteners, Other", "v": 169.0}]}, {"source": 75, "prod": 3.224048385457416, "target": 20, "value": 779.0, "supply": [{"l": "Sugar", "v": 779.0}]}, {"source": 75, "prod": 0.018192928536642859, "target": 26, "value": 3.0, "supply": [{"l": "Honey", "v": 3.0}]}, {"source": 75, "prod": 0.010612541646375, "target": 61, "value": 1.0, "supply": [{"l": "Maize Germ Oil", "v": 1.0}]}, {"source": 75, "prod": 0.28897167612938013, "target": 23, "value": 579.0, "supply": [{"l": "Beer", "v": 579.0}]}, {"source": 75, "prod": 0.0169800666342, "target": 24, "value": 2.0, "supply": [{"l": "Groundnut Oil", "v": 2.0}]}, {"source": 75, "prod": 0.35221509646940574, "target": 25, "value": 132.0, "supply": [{"l": "Beverages, Alcoholic", "v": 132.0}]}, {"source": 75, "prod": 0.50650766948607961, "target": 41, "value": 50.0, "supply": [{"l": "Palm Oil", "v": 50.0}]}, {"source": 75, "prod": 0.11461544978085, "target": 21, "value": 9.0, "supply": [{"l": "Oilcrops Oil, Other", "v": 9.0}]}, {"source": 75, "prod": 0.14857558304925, "target": 51, "value": 14.0, "supply": [{"l": "Rape and Mustard Oil", "v": 14.0}]}, {"source": 75, "prod": 0.061745696851636368, "target": 28, "value": 8.0, "supply": [{"l": "Butter, Ghee", "v": 8.0}]}, {"source": 75, "prod": 0.0092646595397963844, "target": 80, "value": 7.0, "supply": [{"l": "Alcohol, Non-Food", "v": 7.0}]}]}