{"nodes": [{"layer": 13, "name": "Milk - Excluding Butter"}, {"layer": 10, "name": "Feed", "fill": "#dbdb8d"}, {"layer": 13, "name": "Meat"}, {"layer": 5, "name": "Vegetables"}, {"layer": 5, "name": "Sugar Crops", "fill": "#ffbb78"}, {"layer": 13, "name": "Animal Fats"}, {"layer": 5, "name": "Starchy Roots"}, {"layer": 5, "name": "Pulses"}, {"layer": 13, "name": "Fish, Seafood"}, {"layer": 13, "name": "Sugar & Sweeteners"}, {"layer": 5, "name": "Cereals - Excluding Beer"}, {"layer": 5, "name": "Oilcrops", "fill": "#ff9896"}, {"layer": 16, "name": "Food", "fill": "#b5cf6b"}, {"layer": 5, "name": "Treenuts"}, {"layer": 5, "name": "Others"}, {"layer": 13, "name": "Alcoholic Beverages"}, {"layer": 13, "name": "Aquatic Products, Other"}, {"layer": 13, "name": "Vegetable Oils", "fill": "#f7b6d2"}, {"layer": 5, "name": "Spices"}, {"layer": 5, "name": "Stimulants"}, {"layer": 13, "name": "Eggs"}, {"layer": 5, "name": "Fruits - Excluding Wine"}, {"layer": 10, "name": "Processing", "fill": "#9edae5"}, {"layer": 16, "name": "Biofuels & Other", "fill": "#e7ba52"}, {"name": "Seed", "fill": "#dbdb8d"}, {"name": "Waste", "fill": "#c7c7c7"}, {"layer": 0, "name": "Import", "fill": "#aec7e8"}, {"layer": 16, "name": "Export", "fill": "#aec7e8"}, {"layer": 0, "name": "Stock Draw", "fill": "#c7c7c7"}, {"layer": 16, "name": "Stock Deposit", "fill": "#c7c7c7"}, {"layer": 0, "name": "Production", "fill": "#b5cf6b"}], "links": [{"source": 0, "prod": 1.7465229918751479, "target": 1, "value": 3410.0, "supply": [{"l": "Milk - Excluding Butter", "v": 3410.0}]}, {"source": 2, "prod": 0.0064569530676425674, "target": 1, "value": 5.0, "supply": [{"l": "Meat, Other", "v": 1.0}, {"l": "Offals, Edible", "v": 4.0}]}, {"source": 3, "prod": 0.1453554054630071, "target": 1, "value": 566.0, "supply": [{"l": "Vegetables, Other", "v": 566.0}]}, {"source": 4, "prod": 0.45210444358000001, "target": 1, "value": 389.0, "supply": [{"l": "Sugar beet", "v": 389.0}]}, {"source": 5, "prod": 0.025169290947717943, "target": 1, "value": 3.0, "supply": [{"l": "Fish, Body Oil", "v": 3.0}]}, {"source": 6, "prod": 0.32378490335074656, "target": 1, "value": 413.0, "supply": [{"l": "Potatoes", "v": 400.0}, {"l": "Sweet potatoes", "v": 9.0}, {"l": "Cassava", "v": 4.0}]}, {"source": 7, "prod": 1.3388782541066702, "target": 1, "value": 332.0, "supply": [{"l": "Pulses, Other", "v": 332.0}]}, {"source": 8, "prod": 1.150547950693412, "target": 1, "value": 1198.0, "supply": [{"l": "Fish, Seafood", "v": 599.0}, {"l": "Pelagic Fish", "v": 599.0}]}, {"source": 9, "prod": 0.058958564702083341, "target": 1, "value": 20.0, "supply": [{"l": "Sugar", "v": 20.0}]}, {"source": 10, "prod": 33.067829685220396, "target": 1, "value": 10741.0, "supply": [{"l": "Maize", "v": 8624.0}, {"l": "Oats", "v": 536.0}, {"l": "Rye", "v": 12.0}, {"l": "Barley", "v": 1349.0}, {"l": "Rice", "v": 1.0}, {"l": "Sorghum", "v": 7.0}, {"l": "Cereals, Other", "v": 8.0}, {"l": "Wheat", "v": 200.0}, {"l": "Millet", "v": 4.0}]}, {"source": 11, "prod": 0.0039613017999079441, "target": 1, "value": 1.0, "supply": [{"l": "Oilcrops, Other", "v": 1.0}]}, {"source": 0, "prod": 5.4403422931665171, "target": 12, "value": 10622.0, "supply": [{"l": "Milk - Excluding Butter", "v": 10622.0}]}, {"source": 2, "prod": 6.427937321180476, "target": 12, "value": 3289.0, "supply": [{"l": "Pigmeat", "v": 803.0}, {"l": "Meat, Other", "v": 185.0}, {"l": "Poultry Meat", "v": 712.0}, {"l": "Mutton & Goat Meat", "v": 61.0}, {"l": "Offals, Edible", "v": 158.0}, {"l": "Bovine Meat", "v": 1370.0}]}, {"source": 13, "prod": 0.6656996302712207, "target": 12, "value": 272.0, "supply": [{"l": "Treenuts", "v": 272.0}]}, {"source": 3, "prod": 2.020237360737998, "target": 12, "value": 7930.0, "supply": [{"l": "Tomatoes", "v": 1865.0}, {"l": "Vegetables, Other", "v": 5720.0}, {"l": "Onions", "v": 345.0}]}, {"source": 14, "prod": 0.68995686832007785, "target": 12, "value": 276.0, "supply": [{"l": "Nuts", "v": 272.0}, {"l": "Infant food", "v": 4.0}]}, {"source": 15, "prod": 5.508346110990856, "target": 12, "value": 6823.0, "supply": [{"l": "Beer", "v": 685.0}, {"l": "Beverages, Alcoholic", "v": 103.0}, {"l": "Wine", "v": 6035.0}]}, {"source": 5, "prod": 2.201559331101679, "target": 12, "value": 282.0, "supply": [{"l": "Fats, Animals, Raw", "v": 146.0}, {"l": "Butter, Ghee", "v": 106.0}, {"l": "Fish, Liver Oil", "v": 1.0}, {"l": "Cream", "v": 29.0}]}, {"source": 6, "prod": 1.6990410861420189, "target": 12, "value": 2187.0, "supply": [{"l": "Sweet potatoes", "v": 20.0}, {"l": "Potatoes", "v": 2167.0}]}, {"source": 7, "prod": 1.078901844508743, "target": 12, "value": 272.0, "supply": [{"l": "Peas", "v": 35.0}, {"l": "Beans", "v": 129.0}, {"l": "Pulses, Other", "v": 108.0}]}, {"source": 16, "prod": 0.0015413071074916792, "target": 12, "value": 2.0, "supply": [{"l": "Aquatic Products, Other", "v": 1.0}, {"l": "Aquatic Animals, Others", "v": 1.0}]}, {"source": 8, "prod": 1.1404789837413372, "target": 12, "value": 1430.0, "supply": [{"l": "Freshwater Fish", "v": 33.0}, {"l": "Crustaceans", "v": 23.0}, {"l": "Marine Fish, Other", "v": 102.0}, {"l": "Demersal Fish", "v": 247.0}, {"l": "Fish, Seafood", "v": 715.0}, {"l": "Pelagic Fish", "v": 220.0}, {"l": "Cephalopods", "v": 57.0}, {"l": "Molluscs, Other", "v": 33.0}]}, {"source": 9, "prod": 5.3023795579171633, "target": 12, "value": 1799.0, "supply": [{"l": "Sugar", "v": 1752.0}, {"l": "Sweeteners, Other", "v": 39.0}, {"l": "Honey", "v": 8.0}]}, {"source": 10, "prod": 30.209586911355657, "target": 12, "value": 9896.0, "supply": [{"l": "Maize", "v": 265.0}, {"l": "Rye", "v": 12.0}, {"l": "Barley", "v": 66.0}, {"l": "Rice", "v": 219.0}, {"l": "Wheat", "v": 9334.0}]}, {"source": 17, "prod": 11.871876229651377, "target": 12, "value": 1156.0, "supply": [{"l": "Soyabean Oil", "v": 140.0}, {"l": "Palm Oil", "v": 61.0}, {"l": "Sunflowerseed Oil", "v": 28.0}, {"l": "Olive Oil", "v": 665.0}, {"l": "Coconut Oil", "v": 20.0}, {"l": "Rape and Mustard Oil", "v": 138.0}, {"l": "Sesameseed Oil", "v": 20.0}, {"l": "Oilcrops Oil, Other", "v": 22.0}, {"l": "Maize Germ Oil", "v": 6.0}, {"l": "Groundnut Oil", "v": 56.0}]}, {"source": 18, "prod": 0.012920037012333335, "target": 12, "value": 5.0, "supply": [{"l": "Pepper", "v": 3.0}, {"l": "Spices, Other", "v": 2.0}]}, {"source": 19, "prod": 0.16401555179125507, "target": 12, "value": 215.0, "supply": [{"l": "Coffee", "v": 176.0}, {"l": "Cocoa Beans", "v": 36.0}, {"l": "Tea", "v": 3.0}]}, {"source": 20, "prod": 0.9875692496897206, "target": 12, "value": 600.0, "supply": [{"l": "Eggs", "v": 600.0}]}, {"source": 21, "prod": 3.5666767500453749, "target": 12, "value": 6463.0, "supply": [{"l": "Citrus, Other", "v": 26.0}, {"l": "Grapefruit", "v": 87.0}, {"l": "Grapes", "v": 737.0}, {"l": "Dates", "v": 4.0}, {"l": "Apples", "v": 975.0}, {"l": "Lemons, Limes", "v": 258.0}, {"l": "Pineapples", "v": 10.0}, {"l": "Bananas", "v": 332.0}, {"l": "Fruits, Other", "v": 2601.0}, {"l": "Oranges, Mandarines", "v": 1433.0}]}, {"source": 11, "prod": 0.19054890702107702, "target": 12, "value": 83.0, "supply": [{"l": "Olives", "v": 66.0}, {"l": "Coconuts - Incl Copra", "v": 2.0}, {"l": "Groundnuts", "v": 14.0}, {"l": "Rape and Mustardseed", "v": 1.0}]}, {"source": 11, "prod": 9.7394368071715505, "target": 22, "value": 3609.0353982300885, "supply": [{"l": "Olives", "v": 1735.0}, {"l": "Soyabeans", "v": 819.0}, {"l": "Oilcrops, Other", "v": 166.0}, {"l": "Sunflower seed", "v": 67.0}, {"l": "Coconuts - Incl Copra", "v": 165.0}, {"l": "Sesame seed", "v": 42.0}, {"l": "Cottonseed", "v": 1.0}, {"l": "Rape and Mustardseed", "v": 350.0}, {"l": "Groundnuts", "v": 91.0}, {"l": "Palm kernels", "v": 1.0}, {"l": "Oil Palm", "v": 172.03539823008856}]}, {"source": 15, "prod": 0.19779647512956991, "target": 22, "value": 250.0, "supply": [{"l": "Wine", "v": 250.0}]}, {"source": 4, "prod": 12.421831087360001, "target": 22, "value": 10688.0, "supply": [{"l": "Sugar beet", "v": 10688.0}]}, {"source": 21, "prod": 6.7332522751106829, "target": 22, "value": 8668.0, "supply": [{"l": "Fruits, Other", "v": 68.0}, {"l": "Dates", "v": 3.0}, {"l": "Grapes", "v": 8522.0}, {"l": "Apples", "v": 75.0}]}, {"source": 10, "prod": 1.1306368472944759, "target": 22, "value": 386.0, "supply": [{"l": "Maize", "v": 216.0}, {"l": "Barley", "v": 157.0}, {"l": "Rice", "v": 13.0}]}, {"source": 17, "prod": 0.022778138167829268, "target": 22, "value": 2.0, "supply": [{"l": "Oilcrops Oil, Other", "v": 2.0}]}, {"source": 19, "prod": 0.0076030149108358216, "target": 22, "value": 4.0, "supply": [{"l": "Cocoa Beans", "v": 4.0}]}, {"source": 2, "prod": 0.0014515634470725683, "target": 22, "value": 1.0, "supply": [{"l": "Poultry Meat", "v": 1.0}]}, {"source": 0, "prod": 0.14648257351210919, "target": 23, "value": 286.0, "supply": [{"l": "Milk - Excluding Butter", "v": 286.0}]}, {"source": 13, "prod": 0.024474251112912526, "target": 23, "value": 10.0, "supply": [{"l": "Treenuts", "v": 10.0}]}, {"source": 15, "prod": 0.64005330214273726, "target": 23, "value": 343.0, "supply": [{"l": "Alcohol, Non-Food", "v": 198.0}, {"l": "Beverages, Alcoholic", "v": 145.0}]}, {"source": 5, "prod": 1.1418228481569184, "target": 23, "value": 137.0, "supply": [{"l": "Fats, Animals, Raw", "v": 133.0}, {"l": "Fish, Body Oil", "v": 4.0}]}, {"source": 6, "prod": 0.019329230044545287, "target": 23, "value": 25.0, "supply": [{"l": "Potatoes", "v": 25.0}]}, {"source": 16, "prod": 0.0030826142149833584, "target": 23, "value": 4.0, "supply": [{"l": "Aquatic Products, Other", "v": 2.0}, {"l": "Aquatic Plants", "v": 2.0}]}, {"source": 9, "prod": 0.36259517291781251, "target": 23, "value": 123.0, "supply": [{"l": "Sugar", "v": 39.0}, {"l": "Sweeteners, Other", "v": 84.0}]}, {"source": 14, "prod": 0.024474251112912526, "target": 23, "value": 10.0, "supply": [{"l": "Nuts", "v": 10.0}]}, {"source": 10, "prod": 1.1447605262113199, "target": 23, "value": 356.0, "supply": [{"l": "Maize", "v": 341.0}, {"l": "Rice", "v": 5.0}, {"l": "Wheat", "v": 10.0}]}, {"source": 17, "prod": 1.5098562886392921, "target": 23, "value": 142.0, "supply": [{"l": "Olive Oil", "v": 24.0}, {"l": "Coconut Oil", "v": 20.0}, {"l": "Oilcrops Oil, Other", "v": 44.0}, {"l": "Rape and Mustard Oil", "v": 10.0}, {"l": "Palm Oil", "v": 28.0}, {"l": "Palmkernel Oil", "v": 16.0}]}, {"source": 21, "prod": 0.011622222200000001, "target": 23, "value": 10.0, "supply": [{"l": "Citrus, Other", "v": 10.0}]}, {"source": 6, "prod": 0.30540183470381554, "target": 24, "value": 395.0, "supply": [{"l": "Potatoes", "v": 395.0}]}, {"source": 10, "prod": 2.529151153547315, "target": 24, "value": 836.0, "supply": [{"l": "Maize", "v": 40.0}, {"l": "Wheat", "v": 645.0}, {"l": "Oats", "v": 59.0}, {"l": "Rye", "v": 12.0}, {"l": "Barley", "v": 50.0}, {"l": "Rice", "v": 28.0}, {"l": "Sorghum", "v": 1.0}, {"l": "Cereals, Other", "v": 1.0}]}, {"source": 3, "prod": 0.0020544933634347295, "target": 24, "value": 8.0, "supply": [{"l": "Vegetables, Other", "v": 8.0}]}, {"source": 7, "prod": 0.27172791230383986, "target": 24, "value": 68.0, "supply": [{"l": "Peas", "v": 7.0}, {"l": "Beans", "v": 17.0}, {"l": "Pulses, Other", "v": 44.0}]}, {"source": 20, "prod": 0.051024411233968898, "target": 20, "value": 31.0, "supply": [{"l": "Eggs", "v": 31.0}]}, {"source": 0, "prod": 0.12241026248039893, "target": 25, "value": 239.0, "supply": [{"l": "Milk - Excluding Butter", "v": 239.0}]}, {"source": 11, "prod": 0.0039613017999079441, "target": 25, "value": 1.0, "supply": [{"l": "Sesame seed", "v": 1.0}]}, {"source": 13, "prod": 0.0073422753338737564, "target": 25, "value": 3.0, "supply": [{"l": "Treenuts", "v": 3.0}]}, {"source": 3, "prod": 0.39387608898175941, "target": 25, "value": 1600.0, "supply": [{"l": "Tomatoes", "v": 548.0}, {"l": "Vegetables, Other", "v": 1009.0}, {"l": "Onions", "v": 43.0}]}, {"source": 15, "prod": 0.034812179622804307, "target": 25, "value": 44.0, "supply": [{"l": "Wine", "v": 44.0}]}, {"source": 4, "prod": 0.11622222200000001, "target": 25, "value": 100.0, "supply": [{"l": "Sugar beet", "v": 100.0}]}, {"source": 6, "prod": 0.21339469969177999, "target": 25, "value": 276.0, "supply": [{"l": "Potatoes", "v": 276.0}]}, {"source": 7, "prod": 0.22099774303717024, "target": 25, "value": 55.0, "supply": [{"l": "Beans", "v": 6.0}, {"l": "Peas", "v": 1.0}, {"l": "Pulses, Other", "v": 48.0}]}, {"source": 14, "prod": 0.0073422753338737564, "target": 25, "value": 3.0, "supply": [{"l": "Nuts", "v": 3.0}]}, {"source": 10, "prod": 0.41035499008265958, "target": 25, "value": 135.0, "supply": [{"l": "Maize", "v": 50.0}, {"l": "Oats", "v": 2.0}, {"l": "Sorghum", "v": 2.0}, {"l": "Wheat", "v": 70.0}, {"l": "Barley", "v": 11.0}]}, {"source": 20, "prod": 0.0049378462484486038, "target": 25, "value": 3.0, "supply": [{"l": "Eggs", "v": 3.0}]}, {"source": 21, "prod": 0.37746602664833034, "target": 25, "value": 763.0, "supply": [{"l": "Oranges, Mandarines", "v": 206.0}, {"l": "Grapefruit", "v": 2.0}, {"l": "Apples", "v": 191.0}, {"l": "Lemons, Limes", "v": 89.0}, {"l": "Bananas", "v": 21.0}, {"l": "Fruits, Other", "v": 212.0}, {"l": "Grapes", "v": 42.0}]}, {"source": 2, "prod": 0.0053062708231875, "target": 25, "value": 2.0, "supply": [{"l": "Mutton & Goat Meat", "v": 2.0}]}, {"source": 26, "prod": 0.10129687578851776, "target": 14, "value": 34.0, "supply": [{"l": "Nuts", "v": 29.0}, {"l": "Infant food", "v": 5.0}]}, {"source": 26, "prod": 5.2223696647001407, "target": 1, "value": 6929.0, "supply": [{"l": "Freshwater Fish", "v": 7.0}, {"l": "Pigmeat", "v": 153.0}, {"l": "Meat, Other", "v": 14.0}, {"l": "Crustaceans", "v": 4.0}, {"l": "Aquatic Products, Other", "v": 1.0}, {"l": "Marine Fish, Other", "v": 22.0}, {"l": "Demersal Fish", "v": 165.0}, {"l": "Mutton & Goat Meat", "v": 10.0}, {"l": "Poultry Meat", "v": 6.0}, {"l": "Milk - Excluding Butter", "v": 4470.0}, {"l": "Pelagic Fish", "v": 718.0}, {"l": "Fish, Seafood", "v": 946.0}, {"l": "Cephalopods", "v": 18.0}, {"l": "Molluscs, Other", "v": 12.0}, {"l": "Aquatic Animals, Others", "v": 1.0}, {"l": "Offals, Edible", "v": 6.0}, {"l": "Bovine Meat", "v": 355.0}, {"l": "Eggs", "v": 21.0}]}, {"source": 26, "prod": 23.338680618093406, "target": 10, "value": 7692.0, "supply": [{"l": "Maize", "v": 4847.0}, {"l": "Rye", "v": 2.0}, {"l": "Barley", "v": 1303.0}, {"l": "Rice", "v": 24.0}, {"l": "Cereals, Other", "v": 10.0}, {"l": "Wheat", "v": 1314.0}, {"l": "Oats", "v": 185.0}, {"l": "Sorghum", "v": 3.0}, {"l": "Millet", "v": 4.0}]}, {"source": 26, "prod": 0.83472324664403375, "target": 7, "value": 208.0, "supply": [{"l": "Peas", "v": 37.0}, {"l": "Beans", "v": 17.0}, {"l": "Pulses, Other", "v": 154.0}]}, {"source": 26, "prod": 6.8698515554803006, "target": 22, "value": 1218.0, "supply": [{"l": "Alcohol, Non-Food", "v": 13.0}, {"l": "Sugar", "v": 585.0}, {"l": "Maize Germ Oil", "v": 2.0}, {"l": "Beer", "v": 36.0}, {"l": "Groundnut Oil", "v": 15.0}, {"l": "Beverages, Alcoholic", "v": 29.0}, {"l": "Fats, Animals, Raw", "v": 104.0}, {"l": "Soyabean Oil", "v": 12.0}, {"l": "Butter, Ghee", "v": 28.0}, {"l": "Palm Oil", "v": 77.0}, {"l": "Sunflowerseed Oil", "v": 2.0}, {"l": "Olive Oil", "v": 124.0}, {"l": "Coconut Oil", "v": 23.0}, {"l": "Rape and Mustard Oil", "v": 59.0}, {"l": "Oilcrops Oil, Other", "v": 33.0}, {"l": "Wine", "v": 29.0}, {"l": "Sweeteners, Other", "v": 21.0}, {"l": "Fish, Body Oil", "v": 6.0}, {"l": "Fish, Liver Oil", "v": 1.0}, {"l": "Honey", "v": 2.0}, {"l": "Palmkernel Oil", "v": 16.0}, {"l": "Cream", "v": 1.0}]}, {"source": 26, "prod": 0.07097532822744633, "target": 13, "value": 29.0, "supply": [{"l": "Treenuts", "v": 29.0}]}, {"source": 26, "prod": 0.051380079981988534, "target": 3, "value": 199.0, "supply": [{"l": "Tomatoes", "v": 56.0}, {"l": "Vegetables, Other", "v": 129.0}, {"l": "Onions", "v": 14.0}]}, {"source": 26, "prod": 0.18596876997354278, "target": 19, "value": 228.0, "supply": [{"l": "Cocoa Beans", "v": 47.0}, {"l": "Coffee", "v": 178.0}, {"l": "Tea", "v": 3.0}]}, {"source": 26, "prod": 0.46160285462798656, "target": 21, "value": 693.0, "supply": [{"l": "Apples", "v": 56.0}, {"l": "Grapes", "v": 69.0}, {"l": "Dates", "v": 8.0}, {"l": "Grapefruit", "v": 90.0}, {"l": "Pineapples", "v": 11.0}, {"l": "Bananas", "v": 352.0}, {"l": "Citrus, Other", "v": 2.0}, {"l": "Fruits, Other", "v": 103.0}, {"l": "Oranges, Mandarines", "v": 2.0}]}, {"source": 26, "prod": 6.1397475357329432, "target": 11, "value": 1591.0, "supply": [{"l": "Olives", "v": 19.0}, {"l": "Sunflower seed", "v": 52.0}, {"l": "Coconuts - Incl Copra", "v": 167.0}, {"l": "Sesame seed", "v": 42.0}, {"l": "Groundnuts", "v": 106.0}, {"l": "Oilcrops, Other", "v": 32.0}, {"l": "Soyabeans", "v": 819.0}, {"l": "Rape and Mustardseed", "v": 353.0}, {"l": "Palm kernels", "v": 1.0}]}, {"source": 26, "prod": 0.017636722188500001, "target": 18, "value": 6.0, "supply": [{"l": "Pepper", "v": 3.0}, {"l": "Spices, Other", "v": 3.0}]}, {"source": 26, "prod": 0.4433454586153216, "target": 6, "value": 570.0, "supply": [{"l": "Potatoes", "v": 561.0}, {"l": "Sweet potatoes", "v": 4.0}, {"l": "Cassava", "v": 5.0}]}, {"source": 0, "prod": 0.11216672587116053, "target": 27, "value": 219.0, "supply": [{"l": "Milk - Excluding Butter", "v": 219.0}]}, {"source": 11, "prod": 0.005353110540416141, "target": 27, "value": 2.0, "supply": [{"l": "Olives", "v": 1.0}, {"l": "Rape and Mustardseed", "v": 1.0}]}, {"source": 13, "prod": 0.24963736135170778, "target": 27, "value": 102.0, "supply": [{"l": "Treenuts", "v": 102.0}]}, {"source": 3, "prod": 0.32119502295211411, "target": 27, "value": 1344.0, "supply": [{"l": "Vegetables, Other", "v": 607.0}, {"l": "Tomatoes", "v": 694.0}, {"l": "Onions", "v": 43.0}]}, {"source": 14, "prod": 0.25570167086392204, "target": 27, "value": 103.0, "supply": [{"l": "Nuts", "v": 102.0}, {"l": "Infant food", "v": 1.0}]}, {"source": 15, "prod": 1.1895046913861973, "target": 27, "value": 1447.0, "supply": [{"l": "Beer", "v": 5.0}, {"l": "Beverages, Alcoholic", "v": 18.0}, {"l": "Wine", "v": 1424.0}]}, {"source": 5, "prod": 0.29164836672630556, "target": 27, "value": 35.0, "supply": [{"l": "Fats, Animals, Raw", "v": 35.0}]}, {"source": 6, "prod": 0.19174596204188923, "target": 27, "value": 248.0, "supply": [{"l": "Potatoes", "v": 248.0}]}, {"source": 7, "prod": 0.003907546714983264, "target": 27, "value": 1.0, "supply": [{"l": "Beans", "v": 1.0}]}, {"source": 8, "prod": 0.13240654728253118, "target": 27, "value": 144.0, "supply": [{"l": "Marine Fish, Other", "v": 8.0}, {"l": "Freshwater Fish", "v": 3.0}, {"l": "Fish, Seafood", "v": 72.0}, {"l": "Cephalopods", "v": 3.0}, {"l": "Pelagic Fish", "v": 33.0}, {"l": "Molluscs, Other", "v": 25.0}]}, {"source": 9, "prod": 0.067802349407395851, "target": 27, "value": 23.0, "supply": [{"l": "Sugar", "v": 13.0}, {"l": "Sweeteners, Other", "v": 10.0}]}, {"source": 10, "prod": 3.9379500713510089, "target": 27, "value": 1160.0, "supply": [{"l": "Maize", "v": 61.0}, {"l": "Rye", "v": 3.0}, {"l": "Barley", "v": 47.0}, {"l": "Rice", "v": 351.0}, {"l": "Cereals, Other", "v": 2.0}, {"l": "Wheat", "v": 690.0}, {"l": "Oats", "v": 6.0}]}, {"source": 17, "prod": 0.81415352570031763, "target": 27, "value": 77.0, "supply": [{"l": "Maize Germ Oil", "v": 11.0}, {"l": "Soyabean Oil", "v": 12.0}, {"l": "Palm Oil", "v": 24.0}, {"l": "Sunflowerseed Oil", "v": 3.0}, {"l": "Olive Oil", "v": 18.0}, {"l": "Oilcrops Oil, Other", "v": 9.0}]}, {"source": 19, "prod": 0.014350203271451919, "target": 27, "value": 9.0, "supply": [{"l": "Coffee", "v": 2.0}, {"l": "Cocoa Beans", "v": 7.0}]}, {"source": 20, "prod": 0.0016459487494828676, "target": 27, "value": 1.0, "supply": [{"l": "Eggs", "v": 1.0}]}, {"source": 21, "prod": 1.2765115505989193, "target": 27, "value": 2434.0, "supply": [{"l": "Grapefruit", "v": 1.0}, {"l": "Grapes", "v": 226.0}, {"l": "Apples", "v": 698.0}, {"l": "Lemons, Limes", "v": 346.0}, {"l": "Fruits, Other", "v": 982.0}, {"l": "Oranges, Mandarines", "v": 181.0}]}, {"source": 2, "prod": 0.064026931038567644, "target": 27, "value": 32.0, "supply": [{"l": "Meat, Other", "v": 1.0}, {"l": "Pigmeat", "v": 15.0}, {"l": "Bovine Meat", "v": 12.0}, {"l": "Poultry Meat", "v": 2.0}, {"l": "Offals, Edible", "v": 2.0}]}, {"source": 28, "prod": 0.0055672349620327867, "target": 11, "value": 4.0, "supply": [{"l": "Olives", "v": 4.0}]}, {"source": 7, "prod": 0.040327658256225002, "target": 29, "value": 10.0, "supply": [{"l": "Pulses, Other", "v": 10.0}]}, {"source": 28, "prod": 0.00077316920178181151, "target": 6, "value": 1.0, "supply": [{"l": "Potatoes", "v": 1.0}]}, {"source": 0, "prod": 0.092191829483145651, "target": 29, "value": 180.0, "supply": [{"l": "Milk - Excluding Butter", "v": 180.0}]}, {"source": 10, "prod": 0.0693176108802534, "target": 29, "value": 26.0, "supply": [{"l": "Oats", "v": 21.0}, {"l": "Rye", "v": 1.0}, {"l": "Barley", "v": 4.0}]}, {"source": 3, "prod": 0.043657983972988, "target": 29, "value": 170.0, "supply": [{"l": "Vegetables, Other", "v": 170.0}]}, {"source": 5, "prod": 0.041664052389472218, "target": 29, "value": 5.0, "supply": [{"l": "Fats, Animals, Raw", "v": 5.0}]}, {"source": 17, "prod": 0.58823156991875858, "target": 29, "value": 59.0, "supply": [{"l": "Coconut Oil", "v": 4.0}, {"l": "Rape and Mustard Oil", "v": 55.0}]}, {"source": 11, "prod": 0.072481116717234548, "target": 29, "value": 17.0, "supply": [{"l": "Sunflower seed", "v": 4.0}, {"l": "Sesame seed", "v": 1.0}, {"l": "Rape and Mustardseed", "v": 8.0}, {"l": "Groundnuts", "v": 2.0}, {"l": "Oilcrops, Other", "v": 2.0}]}, {"source": 28, "prod": 0.026921676224203779, "target": 14, "value": 11.0, "supply": [{"l": "Nuts", "v": 11.0}]}, {"source": 28, "prod": 0.078150934299665284, "target": 7, "value": 20.0, "supply": [{"l": "Beans", "v": 20.0}]}, {"source": 9, "prod": 0.123812985874375, "target": 29, "value": 42.0, "supply": [{"l": "Sugar", "v": 42.0}]}, {"source": 28, "prod": 4.0913175006433704, "target": 22, "value": 2002.0, "supply": [{"l": "Olive Oil", "v": 217.0}, {"l": "Beer", "v": 2.0}, {"l": "Wine", "v": 1706.0}, {"l": "Palm Oil", "v": 37.0}, {"l": "Beverages, Alcoholic", "v": 40.0}]}, {"source": 28, "prod": 0.026921676224203779, "target": 13, "value": 11.0, "supply": [{"l": "Treenuts", "v": 11.0}]}, {"source": 28, "prod": 1.5697367338696211, "target": 10, "value": 480.0, "supply": [{"l": "Maize", "v": 9.0}, {"l": "Rice", "v": 92.0}, {"l": "Wheat", "v": 379.0}]}, {"source": 30, "prod": 3.8704277743551181, "target": 11, "value": 2118.0353982300885, "supply": [{"l": "Olives", "v": 1779.0}, {"l": "Sunflower seed", "v": 19.0}, {"l": "Sesame seed", "v": 1.0}, {"l": "Groundnuts", "v": 1.0}, {"l": "Oilcrops, Other", "v": 138.0}, {"l": "Cottonseed", "v": 1.0}, {"l": "Rape and Mustardseed", "v": 7.0}, {"l": "Oil Palm", "v": 172.03539823008856}]}, {"source": 30, "prod": 0.84925651361806453, "target": 13, "value": 347.0, "supply": [{"l": "Treenuts", "v": 347.0}]}, {"source": 30, "prod": 2.8750437910947908, "target": 3, "value": 11419.0, "supply": [{"l": "Tomatoes", "v": 3050.0}, {"l": "Vegetables, Other", "v": 7952.0}, {"l": "Onions", "v": 417.0}]}, {"source": 30, "prod": 0.84925651361806453, "target": 14, "value": 347.0, "supply": [{"l": "Nuts", "v": 347.0}]}, {"source": 30, "prod": 12.990157752940002, "target": 4, "value": 11177.0, "supply": [{"l": "Sugar beet", "v": 11177.0}]}, {"source": 30, "prod": 2.3083760871115619, "target": 6, "value": 2973.0, "supply": [{"l": "Sweet potatoes", "v": 24.0}, {"l": "Potatoes", "v": 2949.0}]}, {"source": 30, "prod": 2.041741558873293, "target": 7, "value": 510.0, "supply": [{"l": "Peas", "v": 6.0}, {"l": "Beans", "v": 117.0}, {"l": "Pulses, Other", "v": 387.0}]}, {"source": 30, "prod": 47.602972967111711, "target": 10, "value": 15368.0, "supply": [{"l": "Maize", "v": 4741.0}, {"l": "Rye", "v": 38.0}, {"l": "Barley", "v": 382.0}, {"l": "Rice", "v": 501.0}, {"l": "Cereals, Other", "v": 3.0}, {"l": "Wheat", "v": 9255.0}, {"l": "Oats", "v": 440.0}, {"l": "Sorghum", "v": 8.0}]}, {"source": 30, "prod": 11.500719166682229, "target": 21, "value": 17632.0, "supply": [{"l": "Grapefruit", "v": 1.0}, {"l": "Grapes", "v": 9458.0}, {"l": "Lemons, Limes", "v": 692.0}, {"l": "Bananas", "v": 1.0}, {"l": "Citrus, Other", "v": 34.0}, {"l": "Fruits, Other", "v": 3743.0}, {"l": "Oranges, Mandarines", "v": 1819.0}, {"l": "Apples", "v": 1884.0}]}, {"source": 1, "prod": 7.6601166763884798, "target": 0, "value": 14956.0, "supply": [{"l": "Milk - Excluding Butter", "v": 14956.0}]}, {"source": 1, "prod": 0.99415304468765209, "target": 20, "value": 604.0, "supply": [{"l": "Eggs", "v": 635.0}]}, {"source": 1, "prod": 6.5051790395569462, "target": 2, "value": 3329.0, "supply": [{"l": "Pigmeat", "v": 818.0}, {"l": "Bovine Meat", "v": 1382.0}, {"l": "Poultry Meat", "v": 715.0}, {"l": "Offals, Edible", "v": 164.0}, {"l": "Meat, Other", "v": 187.0}, {"l": "Mutton & Goat Meat", "v": 63.0}]}, {"source": 1, "prod": 2.4234334817172805, "target": 8, "value": 2772.0, "supply": [{"l": "Pelagic Fish", "v": 852.0}, {"l": "Crustaceans", "v": 23.0}, {"l": "Freshwater Fish", "v": 36.0}, {"l": "Molluscs, Other", "v": 58.0}, {"l": "Demersal Fish", "v": 247.0}, {"l": "Fish, Seafood", "v": 1386.0}, {"l": "Marine Fish, Other", "v": 110.0}, {"l": "Cephalopods", "v": 60.0}]}, {"source": 1, "prod": 0.0046239213224750376, "target": 16, "value": 6.0, "supply": [{"l": "Aquatic Plants", "v": 2.0}, {"l": "Aquatic Products, Other", "v": 3.0}, {"l": "Aquatic Animals, Others", "v": 1.0}]}, {"source": 22, "prod": 5.9155486308188294, "target": 9, "value": 2007.0, "supply": [{"l": "Honey", "v": 8.0}, {"l": "Sweeteners, Other", "v": 133.0}, {"l": "Sugar", "v": 1866.0}]}, {"source": 22, "prod": 14.806895752077574, "target": 17, "value": 1436.0, "supply": [{"l": "Olive Oil", "v": 707.0}, {"l": "Sesameseed Oil", "v": 20.0}, {"l": "Soyabean Oil", "v": 152.0}, {"l": "Coconut Oil", "v": 44.0}, {"l": "Rape and Mustard Oil", "v": 203.0}, {"l": "Maize Germ Oil", "v": 17.0}, {"l": "Groundnut Oil", "v": 56.0}, {"l": "Palm Oil", "v": 113.0}, {"l": "Palmkernel Oil", "v": 16.0}, {"l": "Oilcrops Oil, Other", "v": 77.0}, {"l": "Sunflowerseed Oil", "v": 31.0}]}, {"source": 22, "prod": 7.570512759272165, "target": 15, "value": 8907.0, "supply": [{"l": "Beer", "v": 690.0}, {"l": "Beverages, Alcoholic", "v": 266.0}, {"l": "Alcohol, Non-Food", "v": 198.0}, {"l": "Wine", "v": 7753.0}]}, {"source": 22, "prod": 3.7018638893220932, "target": 5, "value": 462.0, "supply": [{"l": "Fats, Animals, Raw", "v": 319.0}, {"l": "Cream", "v": 29.0}, {"l": "Fish, Body Oil", "v": 7.0}, {"l": "Butter, Ghee", "v": 106.0}, {"l": "Fish, Liver Oil", "v": 1.0}]}]}