{"nodes": [{"layer": 5, "name": "Maize"}, {"layer": 10, "name": "Feed", "fill": "#dbdb8d"}, {"layer": 5, "name": "Rye"}, {"layer": 13, "name": "Sugar", "fill": "#d6616b"}, {"layer": 5, "name": "Barley"}, {"layer": 5, "name": "Rice"}, {"layer": 5, "name": "Cereals, Other"}, {"layer": 5, "name": "Wheat"}, {"layer": 5, "name": "Vegetables, Other"}, {"layer": 5, "name": "Oilcrops, Other"}, {"layer": 5, "name": "Oats"}, {"layer": 5, "name": "Potatoes"}, {"layer": 13, "name": "Milk - Excluding Butter"}, {"layer": 5, "name": "Pulses, Other"}, {"layer": 13, "name": "Fish, Seafood"}, {"layer": 5, "name": "Sugar beet"}, {"layer": 13, "name": "Meat, Other"}, {"layer": 5, "name": "Sorghum"}, {"layer": 13, "name": "Pelagic Fish"}, {"layer": 13, "name": "Fish, Body Oil"}, {"layer": 5, "name": "Millet"}, {"layer": 13, "name": "Offals, Edible"}, {"layer": 5, "name": "Sweet potatoes"}, {"layer": 5, "name": "Cassava"}, {"layer": 16, "name": "Food", "fill": "#b5cf6b"}, {"layer": 5, "name": "Olives"}, {"layer": 5, "name": "Nuts"}, {"layer": 5, "name": "Dates"}, {"layer": 13, "name": "Oilcrops Oil, Other"}, {"layer": 5, "name": "Citrus, Other"}, {"layer": 13, "name": "Beer"}, {"layer": 13, "name": "Groundnut Oil"}, {"layer": 13, "name": "Beverages, Alcoholic"}, {"layer": 5, "name": "Cocoa Beans"}, {"layer": 13, "name": "Honey"}, {"layer": 13, "name": "Butter, Ghee"}, {"layer": 5, "name": "Tomatoes"}, {"layer": 13, "name": "Fats, Animals, Raw"}, {"layer": 5, "name": "Coffee"}, {"layer": 13, "name": "Soyabean Oil"}, {"layer": 5, "name": "Coconuts - Incl Copra"}, {"layer": 5, "name": "Treenuts"}, {"layer": 13, "name": "Crustaceans"}, {"layer": 13, "name": "Eggs"}, {"layer": 5, "name": "Peas"}, {"layer": 13, "name": "Coconut Oil"}, {"layer": 13, "name": "Marine Fish, Other"}, {"layer": 5, "name": "Grapes"}, {"layer": 5, "name": "Groundnuts"}, {"layer": 13, "name": "Wine"}, {"layer": 13, "name": "Sunflowerseed Oil"}, {"layer": 13, "name": "Olive Oil"}, {"layer": 13, "name": "Pigmeat"}, {"layer": 13, "name": "Freshwater Fish"}, {"layer": 5, "name": "Pineapples"}, {"layer": 5, "name": "Pepper"}, {"layer": 5, "name": "Grapefruit"}, {"layer": 13, "name": "Rape and Mustard Oil"}, {"layer": 5, "name": "Beans"}, {"layer": 5, "name": "Apples"}, {"layer": 5, "name": "Lemons, Limes"}, {"layer": 13, "name": "Cephalopods"}, {"layer": 13, "name": "Mutton & Goat Meat"}, {"layer": 13, "name": "Sweeteners, Other"}, {"layer": 13, "name": "Sesameseed Oil"}, {"layer": 5, "name": "Bananas"}, {"layer": 13, "name": "Maize Germ Oil"}, {"layer": 5, "name": "Spices, Other"}, {"layer": 5, "name": "Tea"}, {"layer": 5, "name": "Fruits, Other"}, {"layer": 13, "name": "Molluscs, Other"}, {"layer": 13, "name": "Poultry Meat"}, {"layer": 5, "name": "Infant food"}, {"layer": 13, "name": "Demersal Fish"}, {"layer": 5, "name": "Oranges, Mandarines"}, {"layer": 13, "name": "Bovine Meat"}, {"layer": 13, "name": "Cream"}, {"layer": 5, "name": "Onions"}, {"layer": 13, "name": "Fish, Liver Oil"}, {"layer": 5, "name": "Sunflower seed"}, {"layer": 10, "name": "Processing", "fill": "#9edae5"}, {"layer": 5, "name": "Soyabeans"}, {"layer": 5, "name": "Sesame seed"}, {"layer": 5, "name": "Cottonseed"}, {"layer": 5, "name": "Rape and Mustardseed"}, {"layer": 5, "name": "Palm kernels"}, {"layer": 16, "name": "Biofuels & Other", "fill": "#e7ba52"}, {"layer": 13, "name": "Alcohol, Non-Food"}, {"layer": 13, "name": "Aquatic Products, Other"}, {"layer": 13, "name": "Palm Oil"}, {"layer": 13, "name": "Aquatic Plants"}, {"layer": 13, "name": "Palmkernel Oil"}, {"name": "Seed", "fill": "#dbdb8d"}, {"name": "Waste", "fill": "#c7c7c7"}, {"layer": 0, "name": "Import", "fill": "#aec7e8"}, {"layer": 16, "name": "Export", "fill": "#aec7e8"}, {"layer": 0, "name": "Stock Draw", "fill": "#c7c7c7"}, {"layer": 16, "name": "Stock Deposit", "fill": "#c7c7c7"}, {"layer": 0, "name": "Production", "fill": "#b5cf6b"}], "links": [{"source": 0, "prod": 25.614757719786084, "target": 1, "value": 8040.0, "supply": [{"l": "Maize", "v": 8040.0}]}, {"source": 2, "prod": 0.10006110695153574, "target": 1, "value": 33.0, "supply": [{"l": "Rye", "v": 33.0}]}, {"source": 3, "prod": 0.10321216973729412, "target": 1, "value": 31.0, "supply": [{"l": "Sugar", "v": 31.0}]}, {"source": 4, "prod": 2.5982308572910164, "target": 1, "value": 1058.0, "supply": [{"l": "Barley", "v": 1058.0}]}, {"source": 5, "prod": 0.004324681850533512, "target": 1, "value": 1.0, "supply": [{"l": "Rice", "v": 1.0}]}, {"source": 6, "prod": 0.038555655889582569, "target": 1, "value": 11.0, "supply": [{"l": "Cereals, Other", "v": 11.0}]}, {"source": 7, "prod": 0.89416308339670236, "target": 1, "value": 300.0, "supply": [{"l": "Wheat", "v": 300.0}]}, {"source": 8, "prod": 0.14771571826766738, "target": 1, "value": 576.0, "supply": [{"l": "Vegetables, Other", "v": 576.0}]}, {"source": 9, "prod": 0.003705966924130953, "target": 1, "value": 1.0, "supply": [{"l": "Oilcrops, Other", "v": 1.0}]}, {"source": 10, "prod": 1.5814271014538508, "target": 1, "value": 624.0, "supply": [{"l": "Oats", "v": 624.0}]}, {"source": 11, "prod": 0.57400045550857015, "target": 1, "value": 744.0, "supply": [{"l": "Potatoes", "v": 744.0}]}, {"source": 12, "prod": 1.4856882235491764, "target": 1, "value": 3302.0, "supply": [{"l": "Milk - Excluding Butter", "v": 3302.0}]}, {"source": 13, "prod": 1.4162227619277206, "target": 1, "value": 358.0, "supply": [{"l": "Pulses, Other", "v": 358.0}]}, {"source": 14, "prod": 0.37682686338205384, "target": 1, "value": 577.0, "supply": [{"l": "Fish, Seafood", "v": 577.0}]}, {"source": 15, "prod": 0.25685111061999999, "target": 1, "value": 221.0, "supply": [{"l": "Sugar beet", "v": 221.0}]}, {"source": 16, "prod": 0.0012671691518059702, "target": 1, "value": 1.0, "supply": [{"l": "Meat, Other", "v": 1.0}]}, {"source": 17, "prod": 0.084900333171000014, "target": 1, "value": 28.0, "supply": [{"l": "Sorghum", "v": 28.0}]}, {"source": 18, "prod": 0.71090028316139453, "target": 1, "value": 577.0, "supply": [{"l": "Pelagic Fish", "v": 577.0}]}, {"source": 19, "prod": 0.04165278793247093, "target": 1, "value": 5.0, "supply": [{"l": "Fish, Body Oil", "v": 5.0}]}, {"source": 20, "prod": 0.018192928536642859, "target": 1, "value": 6.0, "supply": [{"l": "Millet", "v": 6.0}]}, {"source": 21, "prod": 0.0036000141273922264, "target": 1, "value": 3.0, "supply": [{"l": "Offals, Edible", "v": 3.0}]}, {"source": 22, "prod": 0.019592384577923075, "target": 1, "value": 18.0, "supply": [{"l": "Sweet potatoes", "v": 18.0}]}, {"source": 23, "prod": 0.11252829380751989, "target": 1, "value": 121.0, "supply": [{"l": "Cassava", "v": 121.0}]}, {"source": 0, "prod": 0.83152385135126461, "target": 24, "value": 261.0, "supply": [{"l": "Maize", "v": 261.0}]}, {"source": 25, "prod": 0.09029083051519049, "target": 24, "value": 67.0, "supply": [{"l": "Olives", "v": 67.0}]}, {"source": 2, "prod": 0.066707404634357148, "target": 24, "value": 22.0, "supply": [{"l": "Rye", "v": 22.0}]}, {"source": 26, "prod": 0.65090255431100019, "target": 24, "value": 276.0, "supply": [{"l": "Nuts", "v": 276.0}]}, {"source": 27, "prod": 0.0037733481409333329, "target": 24, "value": 2.0, "supply": [{"l": "Dates", "v": 2.0}]}, {"source": 3, "prod": 5.2305264082996459, "target": 24, "value": 1571.0, "supply": [{"l": "Sugar", "v": 1571.0}]}, {"source": 28, "prod": 0.31764434996736207, "target": 24, "value": 31.0, "supply": [{"l": "Oilcrops Oil, Other", "v": 31.0}]}, {"source": 29, "prod": 0.02440666662, "target": 24, "value": 21.0, "supply": [{"l": "Citrus, Other", "v": 21.0}]}, {"source": 30, "prod": 0.33742912121084784, "target": 24, "value": 611.0, "supply": [{"l": "Beer", "v": 611.0}]}, {"source": 31, "prod": 0.62504210800029314, "target": 24, "value": 61.0, "supply": [{"l": "Groundnut Oil", "v": 61.0}]}, {"source": 32, "prod": 0.31442739668562214, "target": 24, "value": 91.0, "supply": [{"l": "Beverages, Alcoholic", "v": 91.0}]}, {"source": 4, "prod": 0.1571708647132562, "target": 24, "value": 64.0, "supply": [{"l": "Barley", "v": 64.0}]}, {"source": 33, "prod": 0.045594623369611113, "target": 24, "value": 29.0, "supply": [{"l": "Cocoa Beans", "v": 29.0}]}, {"source": 34, "prod": 0.022640088845599999, "target": 24, "value": 8.0, "supply": [{"l": "Honey", "v": 8.0}]}, {"source": 5, "prod": 0.85196232455510201, "target": 24, "value": 197.0, "supply": [{"l": "Rice", "v": 197.0}]}, {"source": 35, "prod": 0.87353483501317852, "target": 24, "value": 105.0, "supply": [{"l": "Butter, Ghee", "v": 105.0}]}, {"source": 36, "prod": 0.56185276765267333, "target": 24, "value": 2681.0, "supply": [{"l": "Tomatoes", "v": 2681.0}]}, {"source": 37, "prod": 1.0093500308211683, "target": 24, "value": 121.0, "supply": [{"l": "Fats, Animals, Raw", "v": 121.0}]}, {"source": 38, "prod": 0.08979289474356611, "target": 24, "value": 156.0, "supply": [{"l": "Coffee", "v": 156.0}]}, {"source": 7, "prod": 27.444845573056117, "target": 24, "value": 9208.0, "supply": [{"l": "Wheat", "v": 9208.0}]}, {"source": 39, "prod": 1.1491722821629196, "target": 24, "value": 112.0, "supply": [{"l": "Soyabean Oil", "v": 112.0}]}, {"source": 40, "prod": 0.0047166851761666663, "target": 24, "value": 3.0, "supply": [{"l": "Coconuts - Incl Copra", "v": 3.0}]}, {"source": 41, "prod": 0.65215188742867947, "target": 24, "value": 276.0, "supply": [{"l": "Treenuts", "v": 276.0}]}, {"source": 42, "prod": 0.013877939076028845, "target": 24, "value": 17.0, "supply": [{"l": "Crustaceans", "v": 17.0}]}, {"source": 43, "prod": 0.8763757972480084, "target": 24, "value": 541.0, "supply": [{"l": "Eggs", "v": 541.0}]}, {"source": 8, "prod": 1.5284473626307251, "target": 24, "value": 5960.0, "supply": [{"l": "Vegetables, Other", "v": 5960.0}]}, {"source": 44, "prod": 0.067212763760375008, "target": 24, "value": 19.0, "supply": [{"l": "Peas", "v": 19.0}]}, {"source": 45, "prod": 0.15786155698982815, "target": 24, "value": 17.0, "supply": [{"l": "Coconut Oil", "v": 17.0}]}, {"source": 22, "prod": 0.022857782007576922, "target": 24, "value": 21.0, "supply": [{"l": "Sweet potatoes", "v": 21.0}]}, {"source": 46, "prod": 0.067230720683634518, "target": 24, "value": 104.0, "supply": [{"l": "Marine Fish, Other", "v": 104.0}]}, {"source": 47, "prod": 0.58458589490457569, "target": 24, "value": 759.0, "supply": [{"l": "Grapes", "v": 759.0}]}, {"source": 48, "prod": 0.066707404634357148, "target": 24, "value": 11.0, "supply": [{"l": "Groundnuts", "v": 11.0}]}, {"source": 49, "prod": 4.8552804588641179, "target": 24, "value": 6126.0, "supply": [{"l": "Wine", "v": 6126.0}]}, {"source": 50, "prod": 0.92141832176761784, "target": 24, "value": 90.0, "supply": [{"l": "Sunflowerseed Oil", "v": 90.0}]}, {"source": 51, "prod": 5.2806958000644135, "target": 24, "value": 514.0, "supply": [{"l": "Olive Oil", "v": 514.0}]}, {"source": 52, "prod": 1.1018586718062391, "target": 24, "value": 597.0, "supply": [{"l": "Pigmeat", "v": 597.0}]}, {"source": 6, "prod": 0.0035050596263256884, "target": 24, "value": 1.0, "supply": [{"l": "Cereals, Other", "v": 1.0}]}, {"source": 11, "prod": 2.0005150284055411, "target": 24, "value": 2593.0, "supply": [{"l": "Potatoes", "v": 2593.0}]}, {"source": 53, "prod": 0.022524578188224488, "target": 24, "value": 26.0, "supply": [{"l": "Freshwater Fish", "v": 26.0}]}, {"source": 54, "prod": 0.0020877131107622949, "target": 24, "value": 6.0, "supply": [{"l": "Pineapples", "v": 6.0}]}, {"source": 55, "prod": 0.0034866666600000002, "target": 24, "value": 3.0, "supply": [{"l": "Pepper", "v": 3.0}]}, {"source": 56, "prod": 0.020919999960000001, "target": 24, "value": 18.0, "supply": [{"l": "Grapefruit", "v": 18.0}]}, {"source": 57, "prod": 1.2171552189116814, "target": 24, "value": 120.0, "supply": [{"l": "Rape and Mustard Oil", "v": 120.0}]}, {"source": 12, "prod": 4.3382816025018656, "target": 24, "value": 9642.0, "supply": [{"l": "Milk - Excluding Butter", "v": 9642.0}]}, {"source": 18, "prod": 0.24641257648575202, "target": 24, "value": 200.0, "supply": [{"l": "Pelagic Fish", "v": 200.0}]}, {"source": 58, "prod": 0.51689320489402946, "target": 24, "value": 135.0, "supply": [{"l": "Beans", "v": 135.0}]}, {"source": 59, "prod": 0.69712235511209786, "target": 24, "value": 1211.0, "supply": [{"l": "Apples", "v": 1211.0}]}, {"source": 14, "prod": 0.43233861968616927, "target": 24, "value": 662.0, "supply": [{"l": "Fish, Seafood", "v": 662.0}]}, {"source": 16, "prod": 0.17993801955644778, "target": 24, "value": 142.0, "supply": [{"l": "Meat, Other", "v": 142.0}]}, {"source": 60, "prod": 0.044966333247355647, "target": 24, "value": 277.0, "supply": [{"l": "Lemons, Limes", "v": 277.0}]}, {"source": 61, "prod": 0.022857782007576922, "target": 24, "value": 35.0, "supply": [{"l": "Cephalopods", "v": 35.0}]}, {"source": 62, "prod": 0.15714725130209137, "target": 24, "value": 55.0, "supply": [{"l": "Mutton & Goat Meat", "v": 55.0}]}, {"source": 63, "prod": 0.089894470416352942, "target": 24, "value": 27.0, "supply": [{"l": "Sweeteners, Other", "v": 27.0}]}, {"source": 64, "prod": 0.20651432392945948, "target": 24, "value": 20.0, "supply": [{"l": "Sesameseed Oil", "v": 20.0}]}, {"source": 65, "prod": 0.22456572767073382, "target": 24, "value": 310.0, "supply": [{"l": "Bananas", "v": 310.0}]}, {"source": 66, "prod": 0.047166851761666677, "target": 24, "value": 5.0, "supply": [{"l": "Maize Germ Oil", "v": 5.0}]}, {"source": 67, "prod": 0.0047166851761666672, "target": 24, "value": 1.0, "supply": [{"l": "Spices, Other", "v": 1.0}]}, {"source": 68, "prod": 0.003221735806771469, "target": 24, "value": 3.0, "supply": [{"l": "Tea", "v": 3.0}]}, {"source": 69, "prod": 1.6182074210582038, "target": 24, "value": 2670.0, "supply": [{"l": "Fruits, Other", "v": 2670.0}]}, {"source": 70, "prod": 0.022391296660483517, "target": 24, "value": 48.0, "supply": [{"l": "Molluscs, Other", "v": 48.0}]}, {"source": 71, "prod": 0.83253359494731982, "target": 24, "value": 582.0, "supply": [{"l": "Poultry Meat", "v": 582.0}]}, {"source": 21, "prod": 0.1800007063696113, "target": 24, "value": 150.0, "supply": [{"l": "Offals, Edible", "v": 150.0}]}, {"source": 72, "prod": 0.0011622222200000001, "target": 24, "value": 1.0, "supply": [{"l": "Infant food", "v": 1.0}]}, {"source": 73, "prod": 0.13521883727005951, "target": 24, "value": 232.0, "supply": [{"l": "Demersal Fish", "v": 232.0}]}, {"source": 74, "prod": 0.56193549410383048, "target": 24, "value": 1391.0, "supply": [{"l": "Oranges, Mandarines", "v": 1391.0}]}, {"source": 75, "prod": 3.1243979141860945, "target": 24, "value": 1301.0, "supply": [{"l": "Bovine Meat", "v": 1301.0}]}, {"source": 13, "prod": 0.58547756638352688, "target": 24, "value": 148.0, "supply": [{"l": "Pulses, Other", "v": 148.0}]}, {"source": 76, "prod": 0.046088752292828578, "target": 24, "value": 19.0, "supply": [{"l": "Cream", "v": 19.0}]}, {"source": 77, "prod": 0.17994811652180082, "target": 24, "value": 399.0, "supply": [{"l": "Onions", "v": 399.0}]}, {"source": 78, "prod": 0.028300111057000001, "target": 24, "value": 2.0, "supply": [{"l": "Fish, Liver Oil", "v": 2.0}]}, {"source": 79, "prod": 0.70783968250901197, "target": 80, "value": 191.0, "supply": [{"l": "Sunflower seed", "v": 191.0}]}, {"source": 0, "prod": 0.52249008284140774, "target": 80, "value": 164.0, "supply": [{"l": "Maize", "v": 164.0}]}, {"source": 25, "prod": 3.1776981844002861, "target": 80, "value": 2358.0, "supply": [{"l": "Olives", "v": 2358.0}]}, {"source": 9, "prod": 0.66707404634357159, "target": 80, "value": 180.0, "supply": [{"l": "Oilcrops, Other", "v": 180.0}]}, {"source": 33, "prod": 0.006288913568222222, "target": 80, "value": 4.0, "supply": [{"l": "Cocoa Beans", "v": 4.0}]}, {"source": 81, "prod": 2.2495219229474883, "target": 80, "value": 607.0, "supply": [{"l": "Soyabeans", "v": 607.0}]}, {"source": 59, "prod": 0.10822378427834384, "target": 80, "value": 188.0, "supply": [{"l": "Apples", "v": 188.0}]}, {"source": 40, "prod": 0.16508398116583334, "target": 80, "value": 105.0, "supply": [{"l": "Coconuts - Incl Copra", "v": 105.0}]}, {"source": 69, "prod": 0.032727790538255808, "target": 80, "value": 54.0, "supply": [{"l": "Fruits, Other", "v": 54.0}]}, {"source": 82, "prod": 0.19271028005480953, "target": 80, "value": 52.0, "supply": [{"l": "Sesame seed", "v": 52.0}]}, {"source": 83, "prod": 0.0074119338482619059, "target": 80, "value": 2.0, "supply": [{"l": "Cottonseed", "v": 2.0}]}, {"source": 84, "prod": 0.63742631095052393, "target": 80, "value": 172.0, "supply": [{"l": "Rape and Mustardseed", "v": 172.0}]}, {"source": 4, "prod": 0.38555977749970666, "target": 80, "value": 157.0, "supply": [{"l": "Barley", "v": 157.0}]}, {"source": 47, "prod": 7.7937083933325448, "target": 80, "value": 10119.0, "supply": [{"l": "Grapes", "v": 10119.0}]}, {"source": 48, "prod": 0.6306881892702858, "target": 80, "value": 104.0, "supply": [{"l": "Groundnuts", "v": 104.0}]}, {"source": 15, "prod": 11.798879977440002, "target": 80, "value": 10152.0, "supply": [{"l": "Sugar beet", "v": 10152.0}]}, {"source": 28, "prod": 0.020493183868862071, "target": 80, "value": 2.0, "supply": [{"l": "Oilcrops Oil, Other", "v": 2.0}]}, {"source": 5, "prod": 0.04324681850533512, "target": 80, "value": 10.0, "supply": [{"l": "Rice", "v": 10.0}]}, {"source": 85, "prod": 0.003705966924130953, "target": 80, "value": 1.0, "supply": [{"l": "Palm kernels", "v": 1.0}]}, {"source": 49, "prod": 0.27819187741777751, "target": 80, "value": 351.0, "supply": [{"l": "Wine", "v": 351.0}]}, {"source": 0, "prod": 0.67222809438742093, "target": 86, "value": 211.0, "supply": [{"l": "Maize", "v": 211.0}]}, {"source": 87, "prod": 0.16089159862053801, "target": 86, "value": 203.0, "supply": [{"l": "Alcohol, Non-Food", "v": 203.0}]}, {"source": 26, "prod": 0.02594176846891667, "target": 86, "value": 11.0, "supply": [{"l": "Nuts", "v": 11.0}]}, {"source": 3, "prod": 0.093223895246588223, "target": 86, "value": 28.0, "supply": [{"l": "Sugar", "v": 28.0}]}, {"source": 29, "prod": 0.013946666640000001, "target": 86, "value": 12.0, "supply": [{"l": "Citrus, Other", "v": 12.0}]}, {"source": 32, "prod": 0.54247364043563384, "target": 86, "value": 157.0, "supply": [{"l": "Beverages, Alcoholic", "v": 157.0}]}, {"source": 88, "prod": 0.0013061589718615385, "target": 86, "value": 2.0, "supply": [{"l": "Aquatic Products, Other", "v": 2.0}]}, {"source": 5, "prod": 0.012974045551600538, "target": 86, "value": 3.0, "supply": [{"l": "Rice", "v": 3.0}]}, {"source": 37, "prod": 1.3179942551218562, "target": 86, "value": 158.0, "supply": [{"l": "Fats, Animals, Raw", "v": 158.0}]}, {"source": 7, "prod": 0.023844348890578727, "target": 86, "value": 8.0, "supply": [{"l": "Wheat", "v": 8.0}]}, {"source": 41, "prod": 0.025991560730853167, "target": 86, "value": 11.0, "supply": [{"l": "Treenuts", "v": 11.0}]}, {"source": 89, "prod": 0.28912005350124326, "target": 86, "value": 28.0, "supply": [{"l": "Palm Oil", "v": 28.0}]}, {"source": 51, "prod": 0.33903299883682031, "target": 86, "value": 33.0, "supply": [{"l": "Olive Oil", "v": 33.0}]}, {"source": 11, "prod": 0.019287649714669695, "target": 86, "value": 25.0, "supply": [{"l": "Potatoes", "v": 25.0}]}, {"source": 45, "prod": 0.18571947881156251, "target": 86, "value": 20.0, "supply": [{"l": "Coconut Oil", "v": 20.0}]}, {"source": 57, "prod": 0.06085776094558408, "target": 86, "value": 6.0, "supply": [{"l": "Rape and Mustard Oil", "v": 6.0}]}, {"source": 12, "prod": 0.16962582079892172, "target": 86, "value": 377.0, "supply": [{"l": "Milk - Excluding Butter", "v": 377.0}]}, {"source": 28, "prod": 0.44060345318053451, "target": 86, "value": 43.0, "supply": [{"l": "Oilcrops Oil, Other", "v": 43.0}]}, {"source": 63, "prod": 0.20642433947458824, "target": 86, "value": 62.0, "supply": [{"l": "Sweeteners, Other", "v": 62.0}]}, {"source": 19, "prod": 0.049983345518965126, "target": 86, "value": 6.0, "supply": [{"l": "Fish, Body Oil", "v": 6.0}]}, {"source": 90, "prod": 0.0013061589718615385, "target": 86, "value": 2.0, "supply": [{"l": "Aquatic Plants", "v": 2.0}]}, {"source": 91, "prod": 0.095512874817374999, "target": 86, "value": 9.0, "supply": [{"l": "Palmkernel Oil", "v": 9.0}]}, {"source": 0, "prod": 0.1784112477995051, "target": 92, "value": 56.0, "supply": [{"l": "Maize", "v": 56.0}]}, {"source": 2, "prod": 0.039418011829392863, "target": 92, "value": 13.0, "supply": [{"l": "Rye", "v": 13.0}]}, {"source": 7, "prod": 2.1936800979332429, "target": 92, "value": 736.0, "supply": [{"l": "Wheat", "v": 736.0}]}, {"source": 10, "prod": 0.169800666342, "target": 92, "value": 67.0, "supply": [{"l": "Oats", "v": 67.0}]}, {"source": 11, "prod": 0.47601919495804812, "target": 92, "value": 617.0, "supply": [{"l": "Potatoes", "v": 617.0}]}, {"source": 43, "prod": 0.048597548830758314, "target": 43, "value": 30.0, "supply": [{"l": "Eggs", "v": 30.0}]}, {"source": 8, "prod": 0.0023080580979323029, "target": 92, "value": 9.0, "supply": [{"l": "Vegetables, Other", "v": 9.0}]}, {"source": 44, "prod": 0.031837624939125002, "target": 92, "value": 9.0, "supply": [{"l": "Peas", "v": 9.0}]}, {"source": 58, "prod": 0.13783818797174119, "target": 92, "value": 36.0, "supply": [{"l": "Beans", "v": 36.0}]}, {"source": 4, "prod": 0.11051076425150828, "target": 92, "value": 45.0, "supply": [{"l": "Barley", "v": 45.0}]}, {"source": 5, "prod": 0.11244172811387131, "target": 92, "value": 26.0, "supply": [{"l": "Rice", "v": 26.0}]}, {"source": 17, "prod": 0.0090964642683214296, "target": 92, "value": 3.0, "supply": [{"l": "Sorghum", "v": 3.0}]}, {"source": 6, "prod": 0.014020238505302754, "target": 92, "value": 4.0, "supply": [{"l": "Cereals, Other", "v": 4.0}]}, {"source": 13, "prod": 0.26109134717103227, "target": 92, "value": 66.0, "supply": [{"l": "Pulses, Other", "v": 66.0}]}, {"source": 0, "prod": 0.1465520964067363, "target": 93, "value": 46.0, "supply": [{"l": "Maize", "v": 46.0}]}, {"source": 69, "prod": 0.11878975824996552, "target": 93, "value": 196.0, "supply": [{"l": "Fruits, Other", "v": 196.0}]}, {"source": 56, "prod": 0.0011622222200000001, "target": 93, "value": 1.0, "supply": [{"l": "Grapefruit", "v": 1.0}]}, {"source": 4, "prod": 0.022102152850301655, "target": 93, "value": 9.0, "supply": [{"l": "Barley", "v": 9.0}]}, {"source": 26, "prod": 0.0094333703523333343, "target": 93, "value": 4.0, "supply": [{"l": "Nuts", "v": 4.0}]}, {"source": 7, "prod": 0.20267696556991918, "target": 93, "value": 68.0, "supply": [{"l": "Wheat", "v": 68.0}]}, {"source": 41, "prod": 0.0094514766294011513, "target": 93, "value": 4.0, "supply": [{"l": "Treenuts", "v": 4.0}]}, {"source": 43, "prod": 0.0048597548830758312, "target": 93, "value": 3.0, "supply": [{"l": "Eggs", "v": 3.0}]}, {"source": 8, "prod": 0.2582460560686477, "target": 93, "value": 1007.0, "supply": [{"l": "Vegetables, Other", "v": 1007.0}]}, {"source": 44, "prod": 0.0035375138821250002, "target": 93, "value": 1.0, "supply": [{"l": "Peas", "v": 1.0}]}, {"source": 82, "prod": 0.003705966924130953, "target": 93, "value": 1.0, "supply": [{"l": "Sesame seed", "v": 1.0}]}, {"source": 36, "prod": 0.12574101476747632, "target": 93, "value": 600.0, "supply": [{"l": "Tomatoes", "v": 600.0}]}, {"source": 47, "prod": 0.05006335068352756, "target": 93, "value": 65.0, "supply": [{"l": "Grapes", "v": 65.0}]}, {"source": 62, "prod": 0.0057144455018942305, "target": 93, "value": 2.0, "supply": [{"l": "Mutton & Goat Meat", "v": 2.0}]}, {"source": 10, "prod": 0.0050686766072238808, "target": 93, "value": 2.0, "supply": [{"l": "Oats", "v": 2.0}]}, {"source": 11, "prod": 0.29162926368580577, "target": 93, "value": 378.0, "supply": [{"l": "Potatoes", "v": 378.0}]}, {"source": 12, "prod": 0.11338383777540657, "target": 93, "value": 252.0, "supply": [{"l": "Milk - Excluding Butter", "v": 252.0}]}, {"source": 58, "prod": 0.026801869883394121, "target": 93, "value": 7.0, "supply": [{"l": "Beans", "v": 7.0}]}, {"source": 59, "prod": 0.11743431911054332, "target": 93, "value": 204.0, "supply": [{"l": "Apples", "v": 204.0}]}, {"source": 15, "prod": 0.23244444400000003, "target": 93, "value": 200.0, "supply": [{"l": "Sugar beet", "v": 200.0}]}, {"source": 60, "prod": 0.0082789999841701729, "target": 93, "value": 51.0, "supply": [{"l": "Lemons, Limes", "v": 51.0}]}, {"source": 17, "prod": 0.0060643095122142861, "target": 93, "value": 2.0, "supply": [{"l": "Sorghum", "v": 2.0}]}, {"source": 49, "prod": 0.092730625805925851, "target": 93, "value": 117.0, "supply": [{"l": "Wine", "v": 117.0}]}, {"source": 65, "prod": 0.008692866877576793, "target": 93, "value": 12.0, "supply": [{"l": "Bananas", "v": 12.0}]}, {"source": 74, "prod": 0.031106422031628288, "target": 93, "value": 77.0, "supply": [{"l": "Oranges, Mandarines", "v": 77.0}]}, {"source": 77, "prod": 0.021647893716908371, "target": 93, "value": 48.0, "supply": [{"l": "Onions", "v": 48.0}]}, {"source": 13, "prod": 0.10285416706737635, "target": 93, "value": 26.0, "supply": [{"l": "Pulses, Other", "v": 26.0}]}, {"source": 94, "prod": 0.0034866666600000002, "target": 72, "value": 3.0, "supply": [{"l": "Infant food", "v": 3.0}]}, {"source": 94, "prod": 0.010884658098846154, "target": 22, "value": 10.0, "supply": [{"l": "Sweet potatoes", "v": 10.0}]}, {"source": 94, "prod": 0.0047166851761666672, "target": 67, "value": 1.0, "supply": [{"l": "Spices, Other", "v": 1.0}]}, {"source": 94, "prod": 0.016765468635663507, "target": 36, "value": 80.0, "supply": [{"l": "Tomatoes", "v": 80.0}]}, {"source": 94, "prod": 0.11252829380751989, "target": 23, "value": 121.0, "supply": [{"l": "Cassava", "v": 121.0}]}, {"source": 94, "prod": 0.037805906517604605, "target": 41, "value": 16.0, "supply": [{"l": "Treenuts", "v": 16.0}]}, {"source": 94, "prod": 0.0030321547561071431, "target": 2, "value": 1.0, "supply": [{"l": "Rye", "v": 1.0}]}, {"source": 94, "prod": 0.028209598974728144, "target": 8, "value": 110.0, "supply": [{"l": "Vegetables, Other", "v": 110.0}]}, {"source": 94, "prod": 0.003221735806771469, "target": 68, "value": 3.0, "supply": [{"l": "Tea", "v": 3.0}]}, {"source": 94, "prod": 0.027631604496598426, "target": 59, "value": 48.0, "supply": [{"l": "Apples", "v": 48.0}]}, {"source": 94, "prod": 0.004324681850533512, "target": 5, "value": 1.0, "supply": [{"l": "Rice", "v": 1.0}]}, {"source": 94, "prod": 4.3247687800287169, "target": 7, "value": 1451.0, "supply": [{"l": "Wheat", "v": 1451.0}]}, {"source": 94, "prod": 0.0023244444400000001, "target": 15, "value": 2.0, "supply": [{"l": "Sugar beet", "v": 2.0}]}, {"source": 94, "prod": 0.003705966924130953, "target": 85, "value": 1.0, "supply": [{"l": "Palm kernels", "v": 1.0}]}, {"source": 94, "prod": 2.7431227481985498, "target": 4, "value": 1117.0, "supply": [{"l": "Barley", "v": 1117.0}]}, {"source": 94, "prod": 0.0034866666600000002, "target": 55, "value": 3.0, "supply": [{"l": "Pepper", "v": 3.0}]}, {"source": 94, "prod": 0.020919999960000001, "target": 56, "value": 18.0, "supply": [{"l": "Grapefruit", "v": 18.0}]}, {"source": 94, "prod": 0.090368490222691514, "target": 38, "value": 157.0, "supply": [{"l": "Coffee", "v": 157.0}]}, {"source": 94, "prod": 0.6930158148124882, "target": 79, "value": 187.0, "supply": [{"l": "Sunflower seed", "v": 187.0}]}, {"source": 94, "prod": 0.018192928536642859, "target": 20, "value": 6.0, "supply": [{"l": "Millet", "v": 6.0}]}, {"source": 94, "prod": 0.0037733481409333329, "target": 27, "value": 2.0, "supply": [{"l": "Dates", "v": 2.0}]}, {"source": 94, "prod": 0.022909613712809525, "target": 25, "value": 17.0, "supply": [{"l": "Olives", "v": 17.0}]}, {"source": 94, "prod": 0.035050596263256878, "target": 6, "value": 10.0, "supply": [{"l": "Cereals, Other", "v": 10.0}]}, {"source": 94, "prod": 3.9739416307870421, "target": 1, "value": 5586.0, "supply": [{"l": "Freshwater Fish", "v": 5.0}, {"l": "Pigmeat", "v": 78.0}, {"l": "Meat, Other", "v": 6.0}, {"l": "Crustaceans", "v": 2.0}, {"l": "Marine Fish, Other", "v": 18.0}, {"l": "Demersal Fish", "v": 168.0}, {"l": "Mutton & Goat Meat", "v": 7.0}, {"l": "Poultry Meat", "v": 6.0}, {"l": "Milk - Excluding Butter", "v": 3403.0}, {"l": "Pelagic Fish", "v": 674.0}, {"l": "Fish, Seafood", "v": 885.0}, {"l": "Cephalopods", "v": 5.0}, {"l": "Molluscs, Other", "v": 13.0}, {"l": "Offals, Edible", "v": 5.0}, {"l": "Bovine Meat", "v": 281.0}, {"l": "Eggs", "v": 30.0}]}, {"source": 94, "prod": 0.037733481409333337, "target": 26, "value": 16.0, "supply": [{"l": "Nuts", "v": 16.0}]}, {"source": 94, "prod": 0.077825305406750006, "target": 44, "value": 22.0, "supply": [{"l": "Peas", "v": 22.0}]}, {"source": 94, "prod": 0.10747304079979764, "target": 9, "value": 29.0, "supply": [{"l": "Oilcrops, Other", "v": 29.0}]}, {"source": 94, "prod": 0.072322506034555548, "target": 33, "value": 46.0, "supply": [{"l": "Cocoa Beans", "v": 46.0}]}, {"source": 94, "prod": 0.00040397950690426352, "target": 74, "value": 1.0, "supply": [{"l": "Oranges, Mandarines", "v": 1.0}]}, {"source": 94, "prod": 0.039418011829392863, "target": 17, "value": 13.0, "supply": [{"l": "Sorghum", "v": 13.0}]}, {"source": 94, "prod": 0.0020877131107622949, "target": 54, "value": 6.0, "supply": [{"l": "Pineapples", "v": 6.0}]}, {"source": 94, "prod": 0.42664281168849372, "target": 11, "value": 553.0, "supply": [{"l": "Potatoes", "v": 553.0}]}, {"source": 94, "prod": 0.0072159645723027903, "target": 77, "value": 16.0, "supply": [{"l": "Onions", "v": 16.0}]}, {"source": 94, "prod": 0.62630841017813099, "target": 84, "value": 169.0, "supply": [{"l": "Rape and Mustardseed", "v": 169.0}]}, {"source": 94, "prod": 0.23253418897517922, "target": 65, "value": 321.0, "supply": [{"l": "Bananas", "v": 321.0}]}, {"source": 94, "prod": 0.047752734498133984, "target": 47, "value": 62.0, "supply": [{"l": "Grapes", "v": 62.0}]}, {"source": 94, "prod": 0.19271028005480953, "target": 82, "value": 52.0, "supply": [{"l": "Sesame seed", "v": 52.0}]}, {"source": 94, "prod": 5.652851854306121, "target": 80, "value": 830.0, "supply": [{"l": "Alcohol, Non-Food", "v": 10.0}, {"l": "Sugar", "v": 259.0}, {"l": "Maize Germ Oil", "v": 1.0}, {"l": "Beer", "v": 24.0}, {"l": "Groundnut Oil", "v": 5.0}, {"l": "Beverages, Alcoholic", "v": 12.0}, {"l": "Fats, Animals, Raw", "v": 130.0}, {"l": "Soyabean Oil", "v": 11.0}, {"l": "Butter, Ghee", "v": 37.0}, {"l": "Palm Oil", "v": 76.0}, {"l": "Sunflowerseed Oil", "v": 4.0}, {"l": "Olive Oil", "v": 113.0}, {"l": "Coconut Oil", "v": 29.0}, {"l": "Rape and Mustard Oil", "v": 29.0}, {"l": "Oilcrops Oil, Other", "v": 34.0}, {"l": "Wine", "v": 22.0}, {"l": "Sweeteners, Other", "v": 10.0}, {"l": "Fish, Body Oil", "v": 11.0}, {"l": "Fish, Liver Oil", "v": 2.0}, {"l": "Honey", "v": 2.0}, {"l": "Palmkernel Oil", "v": 8.0}, {"l": "Cream", "v": 1.0}]}, {"source": 94, "prod": 2.2495219229474883, "target": 81, "value": 607.0, "supply": [{"l": "Soyabeans", "v": 607.0}]}, {"source": 94, "prod": 0.053603739766788241, "target": 58, "value": 14.0, "supply": [{"l": "Beans", "v": 14.0}]}, {"source": 94, "prod": 13.766339316815381, "target": 0, "value": 4321.0, "supply": [{"l": "Maize", "v": 4321.0}]}, {"source": 94, "prod": 0.050909896392842366, "target": 69, "value": 84.0, "supply": [{"l": "Fruits, Other", "v": 84.0}]}, {"source": 94, "prod": 0.67920266536800011, "target": 48, "value": 112.0, "supply": [{"l": "Groundnuts", "v": 112.0}]}, {"source": 94, "prod": 0.169800666342, "target": 40, "value": 108.0, "supply": [{"l": "Coconuts - Incl Copra", "v": 108.0}]}, {"source": 94, "prod": 0.63865325251020899, "target": 10, "value": 252.0, "supply": [{"l": "Oats", "v": 252.0}]}, {"source": 94, "prod": 0.52218269434206455, "target": 13, "value": 132.0, "supply": [{"l": "Pulses, Other", "v": 132.0}]}, {"source": 0, "prod": 0.10194928445686005, "target": 95, "value": 32.0, "supply": [{"l": "Maize", "v": 32.0}]}, {"source": 25, "prod": 0.0013476243360476192, "target": 95, "value": 1.0, "supply": [{"l": "Olives", "v": 1.0}]}, {"source": 87, "prod": 0.003962847256663498, "target": 95, "value": 5.0, "supply": [{"l": "Alcohol, Non-Food", "v": 5.0}]}, {"source": 2, "prod": 0.0090964642683214296, "target": 95, "value": 3.0, "supply": [{"l": "Rye", "v": 3.0}]}, {"source": 26, "prod": 0.34903470303633333, "target": 95, "value": 148.0, "supply": [{"l": "Nuts", "v": 148.0}]}, {"source": 3, "prod": 0.28300111056999999, "target": 95, "value": 85.0, "supply": [{"l": "Sugar", "v": 85.0}]}, {"source": 66, "prod": 0.075466962818666675, "target": 95, "value": 8.0, "supply": [{"l": "Maize Germ Oil", "v": 8.0}]}, {"source": 30, "prod": 0.0016567714625737209, "target": 95, "value": 3.0, "supply": [{"l": "Beer", "v": 3.0}]}, {"source": 72, "prod": 0.0023244444400000001, "target": 95, "value": 2.0, "supply": [{"l": "Infant food", "v": 2.0}]}, {"source": 32, "prod": 0.024186722821970933, "target": 95, "value": 7.0, "supply": [{"l": "Beverages, Alcoholic", "v": 7.0}]}, {"source": 33, "prod": 0.020438969096722222, "target": 95, "value": 13.0, "supply": [{"l": "Cocoa Beans", "v": 13.0}]}, {"source": 5, "prod": 0.73087123274016363, "target": 95, "value": 169.0, "supply": [{"l": "Rice", "v": 169.0}]}, {"source": 28, "prod": 0.061479551606586212, "target": 95, "value": 6.0, "supply": [{"l": "Oilcrops Oil, Other", "v": 6.0}]}, {"source": 36, "prod": 0.11505302851224082, "target": 95, "value": 549.0, "supply": [{"l": "Tomatoes", "v": 549.0}]}, {"source": 6, "prod": 0.0070101192526513768, "target": 95, "value": 2.0, "supply": [{"l": "Cereals, Other", "v": 2.0}]}, {"source": 38, "prod": 0.00057559547912542372, "target": 95, "value": 1.0, "supply": [{"l": "Coffee", "v": 1.0}]}, {"source": 7, "prod": 1.4217193026007566, "target": 95, "value": 477.0, "supply": [{"l": "Wheat", "v": 477.0}]}, {"source": 39, "prod": 0.030781400415078205, "target": 95, "value": 3.0, "supply": [{"l": "Soyabean Oil", "v": 3.0}]}, {"source": 41, "prod": 0.34970463528784262, "target": 95, "value": 148.0, "supply": [{"l": "Treenuts", "v": 148.0}]}, {"source": 43, "prod": 0.0016199182943586108, "target": 95, "value": 1.0, "supply": [{"l": "Eggs", "v": 1.0}]}, {"source": 8, "prod": 0.1638721249531935, "target": 95, "value": 639.0, "supply": [{"l": "Vegetables, Other", "v": 639.0}]}, {"source": 44, "prod": 0.0035375138821250002, "target": 95, "value": 1.0, "supply": [{"l": "Peas", "v": 1.0}]}, {"source": 46, "prod": 0.0038786954240558379, "target": 95, "value": 6.0, "supply": [{"l": "Marine Fish, Other", "v": 6.0}]}, {"source": 47, "prod": 0.21719792142699648, "target": 95, "value": 282.0, "supply": [{"l": "Grapes", "v": 282.0}]}, {"source": 89, "prod": 0.18586289153651353, "target": 95, "value": 18.0, "supply": [{"l": "Palm Oil", "v": 18.0}]}, {"source": 51, "prod": 0.15410590856219106, "target": 95, "value": 15.0, "supply": [{"l": "Olive Oil", "v": 15.0}]}, {"source": 52, "prod": 0.027684891251413043, "target": 95, "value": 15.0, "supply": [{"l": "Pigmeat", "v": 15.0}]}, {"source": 71, "prod": 0.0042914102832336065, "target": 95, "value": 3.0, "supply": [{"l": "Poultry Meat", "v": 3.0}]}, {"source": 37, "prod": 0.25859380954922495, "target": 95, "value": 31.0, "supply": [{"l": "Fats, Animals, Raw", "v": 31.0}]}, {"source": 11, "prod": 0.16278776359181227, "target": 95, "value": 211.0, "supply": [{"l": "Potatoes", "v": 211.0}]}, {"source": 53, "prod": 0.00086632993031632646, "target": 95, "value": 1.0, "supply": [{"l": "Freshwater Fish", "v": 1.0}]}, {"source": 12, "prod": 0.10888447913352536, "target": 95, "value": 242.0, "supply": [{"l": "Milk - Excluding Butter", "v": 242.0}]}, {"source": 58, "prod": 0.0038288385547705882, "target": 95, "value": 1.0, "supply": [{"l": "Beans", "v": 1.0}]}, {"source": 59, "prod": 0.26192458429067256, "target": 95, "value": 455.0, "supply": [{"l": "Apples", "v": 455.0}]}, {"source": 14, "prod": 0.011102351260823078, "target": 95, "value": 17.0, "supply": [{"l": "Fish, Seafood", "v": 17.0}]}, {"source": 16, "prod": 0.0012671691518059702, "target": 95, "value": 1.0, "supply": [{"l": "Meat, Other", "v": 1.0}]}, {"source": 60, "prod": 0.074023999858462725, "target": 95, "value": 456.0, "supply": [{"l": "Lemons, Limes", "v": 456.0}]}, {"source": 49, "prod": 0.23935597430247527, "target": 95, "value": 302.0, "supply": [{"l": "Wine", "v": 302.0}]}, {"source": 63, "prod": 0.01664712415117647, "target": 95, "value": 5.0, "supply": [{"l": "Sweeteners, Other", "v": 5.0}]}, {"source": 18, "prod": 0.0073923772945725594, "target": 95, "value": 6.0, "supply": [{"l": "Pelagic Fish", "v": 6.0}]}, {"source": 29, "prod": 0.0092977777600000006, "target": 95, "value": 8.0, "supply": [{"l": "Citrus, Other", "v": 8.0}]}, {"source": 75, "prod": 0.016810749730440173, "target": 95, "value": 7.0, "supply": [{"l": "Bovine Meat", "v": 7.0}]}, {"source": 69, "prod": 0.41697629426518512, "target": 95, "value": 688.0, "supply": [{"l": "Fruits, Other", "v": 688.0}]}, {"source": 70, "prod": 0.0018659413883736265, "target": 95, "value": 4.0, "supply": [{"l": "Molluscs, Other", "v": 4.0}]}, {"source": 34, "prod": 0.0028300111056999999, "target": 95, "value": 1.0, "supply": [{"l": "Honey", "v": 1.0}]}, {"source": 84, "prod": 0.003705966924130953, "target": 95, "value": 1.0, "supply": [{"l": "Rape and Mustardseed", "v": 1.0}]}, {"source": 74, "prod": 0.092511307081076341, "target": 95, "value": 229.0, "supply": [{"l": "Oranges, Mandarines", "v": 229.0}]}, {"source": 77, "prod": 0.016686918073450203, "target": 95, "value": 37.0, "supply": [{"l": "Onions", "v": 37.0}]}, {"source": 96, "prod": 0.016765468635663507, "target": 36, "value": 80.0, "supply": [{"l": "Tomatoes", "v": 80.0}]}, {"source": 96, "prod": 0.044808509173583339, "target": 26, "value": 19.0, "supply": [{"l": "Nuts", "v": 19.0}]}, {"source": 25, "prod": 0.0040428730081428568, "target": 97, "value": 3.0, "supply": [{"l": "Olives", "v": 3.0}]}, {"source": 96, "prod": 0.044894513989655466, "target": 41, "value": 19.0, "supply": [{"l": "Treenuts", "v": 19.0}]}, {"source": 45, "prod": 0.046429869702890626, "target": 97, "value": 5.0, "supply": [{"l": "Coconut Oil", "v": 5.0}]}, {"source": 0, "prod": 0.095577454178306279, "target": 97, "value": 30.0, "supply": [{"l": "Maize", "v": 30.0}]}, {"source": 51, "prod": 0.61642363424876423, "target": 97, "value": 60.0, "supply": [{"l": "Olive Oil", "v": 60.0}]}, {"source": 5, "prod": 0.735195914590697, "target": 97, "value": 170.0, "supply": [{"l": "Rice", "v": 170.0}]}, {"source": 10, "prod": 0.12671691518059702, "target": 97, "value": 50.0, "supply": [{"l": "Oats", "v": 50.0}]}, {"source": 96, "prod": 0.0060643095122142861, "target": 48, "value": 1.0, "supply": [{"l": "Groundnuts", "v": 1.0}]}, {"source": 82, "prod": 0.003705966924130953, "target": 97, "value": 1.0, "supply": [{"l": "Sesame seed", "v": 1.0}]}, {"source": 64, "prod": 0.05162858098236487, "target": 97, "value": 5.0, "supply": [{"l": "Sesameseed Oil", "v": 5.0}]}, {"source": 96, "prod": 0.054892175430950797, "target": 1, "value": 122.0, "supply": [{"l": "Milk - Excluding Butter", "v": 122.0}]}, {"source": 89, "prod": 0.30977148589418918, "target": 97, "value": 30.0, "supply": [{"l": "Palm Oil", "v": 30.0}]}, {"source": 96, "prod": 0.034717769486405453, "target": 11, "value": 45.0, "supply": [{"l": "Potatoes", "v": 45.0}]}, {"source": 13, "prod": 0.079118590051827975, "target": 97, "value": 20.0, "supply": [{"l": "Pulses, Other", "v": 20.0}]}, {"source": 96, "prod": 0.64453935810204788, "target": 80, "value": 132.0, "supply": [{"l": "Rape and Mustard Oil", "v": 25.0}, {"l": "Beer", "v": 16.0}, {"l": "Groundnut Oil", "v": 10.0}, {"l": "Sugar", "v": 79.0}, {"l": "Butter, Ghee", "v": 2.0}]}, {"source": 4, "prod": 0.18664040184699174, "target": 97, "value": 76.0, "supply": [{"l": "Barley", "v": 76.0}]}, {"source": 84, "prod": 0.003705966924130953, "target": 97, "value": 1.0, "supply": [{"l": "Rape and Mustardseed", "v": 1.0}]}, {"source": 49, "prod": 0.22984514088648286, "target": 97, "value": 290.0, "supply": [{"l": "Wine", "v": 290.0}]}, {"source": 7, "prod": 0.70638883588339485, "target": 97, "value": 237.0, "supply": [{"l": "Wheat", "v": 237.0}]}, {"source": 98, "prod": 14.397150514392203, "target": 0, "value": 4519.0, "supply": [{"l": "Maize", "v": 4519.0}]}, {"source": 98, "prod": 3.2518175228829045, "target": 25, "value": 2413.0, "supply": [{"l": "Olives", "v": 2413.0}]}, {"source": 98, "prod": 0.21528298768360718, "target": 2, "value": 71.0, "supply": [{"l": "Rye", "v": 71.0}]}, {"source": 98, "prod": 0.95277040558566684, "target": 26, "value": 404.0, "supply": [{"l": "Nuts", "v": 404.0}]}, {"source": 98, "prod": 0.0011622222200000001, "target": 56, "value": 1.0, "supply": [{"l": "Grapefruit", "v": 1.0}]}, {"source": 98, "prod": 0.71709207025423138, "target": 4, "value": 292.0, "supply": [{"l": "Barley", "v": 292.0}]}, {"source": 98, "prod": 1.1570734382950592, "target": 59, "value": 2010.0, "supply": [{"l": "Apples", "v": 2010.0}]}, {"source": 98, "prod": 2.4866920640567698, "target": 5, "value": 575.0, "supply": [{"l": "Rice", "v": 575.0}]}, {"source": 98, "prod": 0.76911587366106349, "target": 36, "value": 3670.0, "supply": [{"l": "Tomatoes", "v": 3670.0}]}, {"source": 98, "prod": 0.014823867696523812, "target": 79, "value": 4.0, "supply": [{"l": "Sunflower seed", "v": 4.0}]}, {"source": 98, "prod": 0.028040477010605507, "target": 6, "value": 8.0, "supply": [{"l": "Cereals, Other", "v": 8.0}]}, {"source": 98, "prod": 28.568510514524636, "target": 7, "value": 9585.0, "supply": [{"l": "Wheat", "v": 9585.0}]}, {"source": 98, "prod": 0.95459913956951625, "target": 41, "value": 404.0, "supply": [{"l": "Treenuts", "v": 404.0}]}, {"source": 98, "prod": 2.072892622842978, "target": 8, "value": 8083.0, "supply": [{"l": "Vegetables, Other", "v": 8083.0}]}, {"source": 98, "prod": 0.028300111057000001, "target": 44, "value": 8.0, "supply": [{"l": "Peas", "v": 8.0}]}, {"source": 98, "prod": 0.003705966924130953, "target": 82, "value": 1.0, "supply": [{"l": "Sesame seed", "v": 1.0}]}, {"source": 98, "prod": 8.5978028258495094, "target": 47, "value": 11163.0, "supply": [{"l": "Grapes", "v": 11163.0}]}, {"source": 98, "prod": 0.012128619024428572, "target": 48, "value": 2.0, "supply": [{"l": "Groundnuts", "v": 2.0}]}, {"source": 98, "prod": 0.56330697246790484, "target": 9, "value": 152.0, "supply": [{"l": "Oilcrops, Other", "v": 152.0}]}, {"source": 98, "prod": 1.2443601070734627, "target": 10, "value": 491.0, "supply": [{"l": "Oats", "v": 491.0}]}, {"source": 98, "prod": 0.01111790077239286, "target": 83, "value": 3.0, "supply": [{"l": "Cottonseed", "v": 3.0}]}, {"source": 98, "prod": 3.0628787746895476, "target": 11, "value": 3970.0, "supply": [{"l": "Potatoes", "v": 3970.0}]}, {"source": 98, "prod": 0.018529834620654766, "target": 84, "value": 5.0, "supply": [{"l": "Rape and Mustardseed", "v": 5.0}]}, {"source": 98, "prod": 0.63558720009191771, "target": 58, "value": 166.0, "supply": [{"l": "Beans", "v": 166.0}]}, {"source": 98, "prod": 1.9225817382594195, "target": 13, "value": 486.0, "supply": [{"l": "Pulses, Other", "v": 486.0}]}, {"source": 98, "prod": 12.285851087620001, "target": 15, "value": 10571.0, "supply": [{"l": "Sugar beet", "v": 10571.0}]}, {"source": 98, "prod": 0.1271069997569656, "target": 60, "value": 783.0, "supply": [{"l": "Lemons, Limes", "v": 783.0}]}, {"source": 98, "prod": 0.063675249878250018, "target": 17, "value": 21.0, "supply": [{"l": "Sorghum", "v": 21.0}]}, {"source": 98, "prod": 0.00072440557313139945, "target": 65, "value": 1.0, "supply": [{"l": "Bananas", "v": 1.0}]}, {"source": 98, "prod": 0.046488888800000003, "target": 29, "value": 40.0, "supply": [{"l": "Citrus, Other", "v": 40.0}]}, {"source": 98, "prod": 2.1357913677187677, "target": 69, "value": 3524.0, "supply": [{"l": "Fruits, Other", "v": 3524.0}]}, {"source": 98, "prod": 0.031565508486653841, "target": 22, "value": 29.0, "supply": [{"l": "Sweet potatoes", "v": 29.0}]}, {"source": 98, "prod": 0.68514924370963082, "target": 74, "value": 1696.0, "supply": [{"l": "Oranges, Mandarines", "v": 1696.0}]}, {"source": 98, "prod": 0.21106696373985664, "target": 77, "value": 468.0, "supply": [{"l": "Onions", "v": 468.0}]}, {"source": 1, "prod": 0.83682500523055348, "target": 71, "value": 585.0, "supply": [{"l": "Poultry Meat", "v": 585.0}]}, {"source": 1, "prod": 1.129543563057652, "target": 52, "value": 612.0, "supply": [{"l": "Pigmeat", "v": 612.0}]}, {"source": 1, "prod": 0.96470523694171906, "target": 18, "value": 783.0, "supply": [{"l": "Pelagic Fish", "v": 783.0}]}, {"source": 1, "prod": 0.013877939076028845, "target": 42, "value": 17.0, "supply": [{"l": "Crustaceans", "v": 17.0}]}, {"source": 1, "prod": 0.88285547042544288, "target": 43, "value": 545.0, "supply": [{"l": "Eggs", "v": 575.0}]}, {"source": 1, "prod": 0.024257238048857144, "target": 70, "value": 52.0, "supply": [{"l": "Molluscs, Other", "v": 52.0}]}, {"source": 1, "prod": 0.0013061589718615385, "target": 90, "value": 2.0, "supply": [{"l": "Aquatic Plants", "v": 2.0}]}, {"source": 1, "prod": 0.022857782007576922, "target": 61, "value": 35.0, "supply": [{"l": "Cephalopods", "v": 35.0}]}, {"source": 1, "prod": 6.2158639637588955, "target": 12, "value": 13815.0, "supply": [{"l": "Milk - Excluding Butter", "v": 13815.0}]}, {"source": 1, "prod": 0.18360072049700352, "target": 21, "value": 153.0, "supply": [{"l": "Offals, Edible", "v": 153.0}]}, {"source": 1, "prod": 0.071109416107690351, "target": 46, "value": 110.0, "supply": [{"l": "Marine Fish, Other", "v": 110.0}]}, {"source": 1, "prod": 0.0013061589718615385, "target": 88, "value": 2.0, "supply": [{"l": "Aquatic Products, Other", "v": 2.0}]}, {"source": 1, "prod": 0.82026783432904615, "target": 14, "value": 1256.0, "supply": [{"l": "Fish, Seafood", "v": 1256.0}]}, {"source": 1, "prod": 3.1412086639165349, "target": 75, "value": 1308.0, "supply": [{"l": "Bovine Meat", "v": 1308.0}]}, {"source": 1, "prod": 0.13521883727005951, "target": 73, "value": 232.0, "supply": [{"l": "Demersal Fish", "v": 232.0}]}, {"source": 1, "prod": 0.18247235786005972, "target": 16, "value": 144.0, "supply": [{"l": "Meat, Other", "v": 144.0}]}, {"source": 1, "prod": 0.023390908118540815, "target": 53, "value": 27.0, "supply": [{"l": "Freshwater Fish", "v": 27.0}]}, {"source": 1, "prod": 0.1628616968039856, "target": 62, "value": 57.0, "supply": [{"l": "Mutton & Goat Meat", "v": 57.0}]}, {"source": 80, "prod": 0.16485444587720149, "target": 87, "value": 208.0, "supply": [{"l": "Alcohol, Non-Food", "v": 208.0}]}, {"source": 80, "prod": 5.7099635838535283, "target": 3, "value": 1715.0, "supply": [{"l": "Sugar", "v": 1715.0}]}, {"source": 80, "prod": 0.12263381458033334, "target": 66, "value": 13.0, "supply": [{"l": "Maize Germ Oil", "v": 13.0}]}, {"source": 80, "prod": 0.33908589267342154, "target": 30, "value": 614.0, "supply": [{"l": "Beer", "v": 614.0}]}, {"source": 80, "prod": 0.62504210800029314, "target": 31, "value": 61.0, "supply": [{"l": "Groundnut Oil", "v": 61.0}]}, {"source": 80, "prod": 0.88108775994322697, "target": 32, "value": 255.0, "supply": [{"l": "Beverages, Alcoholic", "v": 255.0}]}, {"source": 80, "prod": 0.87353483501317852, "target": 35, "value": 105.0, "supply": [{"l": "Butter, Ghee", "v": 105.0}]}, {"source": 80, "prod": 2.5859380954922493, "target": 37, "value": 310.0, "supply": [{"l": "Fats, Animals, Raw", "v": 310.0}]}, {"source": 80, "prod": 1.1799536825779977, "target": 39, "value": 115.0, "supply": [{"l": "Soyabean Oil", "v": 115.0}]}, {"source": 80, "prod": 0.78475443093194597, "target": 89, "value": 76.0, "supply": [{"l": "Palm Oil", "v": 76.0}]}, {"source": 80, "prod": 0.92141832176761784, "target": 50, "value": 90.0, "supply": [{"l": "Sunflowerseed Oil", "v": 90.0}]}, {"source": 80, "prod": 6.3902583417121885, "target": 51, "value": 622.0, "supply": [{"l": "Olive Oil", "v": 622.0}]}, {"source": 80, "prod": 0.3900109055042813, "target": 45, "value": 42.0, "supply": [{"l": "Coconut Oil", "v": 42.0}]}, {"source": 80, "prod": 1.2780129798572655, "target": 57, "value": 126.0, "supply": [{"l": "Rape and Mustard Oil", "v": 126.0}]}, {"source": 80, "prod": 0.028300111057000001, "target": 78, "value": 2.0, "supply": [{"l": "Fish, Liver Oil", "v": 2.0}]}, {"source": 80, "prod": 0.84022053862334489, "target": 28, "value": 82.0, "supply": [{"l": "Oilcrops Oil, Other", "v": 82.0}]}, {"source": 80, "prod": 5.6954040772767787, "target": 49, "value": 7186.0, "supply": [{"l": "Wine", "v": 7186.0}]}, {"source": 80, "prod": 0.31296593404211764, "target": 63, "value": 94.0, "supply": [{"l": "Sweeteners, Other", "v": 94.0}]}, {"source": 80, "prod": 0.25814290491182434, "target": 64, "value": 25.0, "supply": [{"l": "Sesameseed Oil", "v": 25.0}]}, {"source": 80, "prod": 0.091636133451436064, "target": 19, "value": 11.0, "supply": [{"l": "Fish, Body Oil", "v": 11.0}]}, {"source": 80, "prod": 0.0254700999513, "target": 34, "value": 9.0, "supply": [{"l": "Honey", "v": 9.0}]}, {"source": 80, "prod": 0.095512874817374999, "target": 91, "value": 9.0, "supply": [{"l": "Palmkernel Oil", "v": 9.0}]}, {"source": 80, "prod": 0.046088752292828578, "target": 76, "value": 19.0, "supply": [{"l": "Cream", "v": 19.0}]}]}