{"nodes": [{"layer": 13, "name": "Milk - Excluding Butter"}, {"layer": 10, "name": "Feed", "fill": "#dbdb8d"}, {"layer": 13, "name": "Meat"}, {"layer": 5, "name": "Vegetables"}, {"layer": 5, "name": "Sugar Crops", "fill": "#ffbb78"}, {"layer": 13, "name": "Animal Fats"}, {"layer": 5, "name": "Starchy Roots"}, {"layer": 5, "name": "Pulses"}, {"layer": 13, "name": "Fish, Seafood"}, {"layer": 13, "name": "Sugar & Sweeteners"}, {"layer": 5, "name": "Cereals - Excluding Beer"}, {"layer": 16, "name": "Food", "fill": "#b5cf6b"}, {"layer": 5, "name": "Treenuts"}, {"layer": 5, "name": "Others"}, {"layer": 13, "name": "Alcoholic Beverages"}, {"layer": 13, "name": "Vegetable Oils", "fill": "#f7b6d2"}, {"layer": 5, "name": "Spices"}, {"layer": 5, "name": "Stimulants"}, {"layer": 13, "name": "Eggs"}, {"layer": 5, "name": "Fruits - Excluding Wine"}, {"layer": 5, "name": "Oilcrops", "fill": "#ff9896"}, {"layer": 10, "name": "Processing", "fill": "#9edae5"}, {"layer": 16, "name": "Biofuels & Other", "fill": "#e7ba52"}, {"layer": 13, "name": "Aquatic Products, Other"}, {"name": "Seed", "fill": "#dbdb8d"}, {"name": "Waste", "fill": "#c7c7c7"}, {"layer": 0, "name": "Import", "fill": "#aec7e8"}, {"layer": 16, "name": "Export", "fill": "#aec7e8"}, {"layer": 16, "name": "Stock Deposit", "fill": "#c7c7c7"}, {"layer": 0, "name": "Stock Draw", "fill": "#c7c7c7"}, {"layer": 0, "name": "Production", "fill": "#b5cf6b"}], "links": [{"source": 0, "prod": 1.2024104123978216, "target": 1, "value": 2515.0, "supply": [{"l": "Milk - Excluding Butter", "v": 2515.0}]}, {"source": 2, "prod": 0.0063889632727947218, "target": 1, "value": 5.0, "supply": [{"l": "Offals, Edible", "v": 4.0}, {"l": "Meat, Other", "v": 1.0}]}, {"source": 3, "prod": 0.12906499041170705, "target": 1, "value": 503.0, "supply": [{"l": "Vegetables, Other", "v": 503.0}]}, {"source": 4, "prod": 0.23244444400000003, "target": 1, "value": 200.0, "supply": [{"l": "Sugar beet", "v": 200.0}]}, {"source": 5, "prod": 0.032653974296538463, "target": 1, "value": 4.0, "supply": [{"l": "Fish, Body Oil", "v": 4.0}]}, {"source": 6, "prod": 0.303836199547318, "target": 1, "value": 385.0, "supply": [{"l": "Potatoes", "v": 377.0}, {"l": "Sweet potatoes", "v": 8.0}]}, {"source": 7, "prod": 0.59764486499900793, "target": 1, "value": 149.0, "supply": [{"l": "Pulses, Other", "v": 149.0}]}, {"source": 8, "prod": 0.69019287222332837, "target": 1, "value": 686.0, "supply": [{"l": "Pelagic Fish", "v": 343.0}, {"l": "Fish, Seafood", "v": 343.0}]}, {"source": 9, "prod": 0.0030953246468593755, "target": 1, "value": 1.0, "supply": [{"l": "Sugar", "v": 1.0}]}, {"source": 10, "prod": 33.488352917898204, "target": 1, "value": 11125.0, "supply": [{"l": "Maize", "v": 8293.0}, {"l": "Wheat", "v": 400.0}, {"l": "Oats", "v": 467.0}, {"l": "Rye", "v": 18.0}, {"l": "Millet", "v": 5.0}, {"l": "Barley", "v": 1880.0}, {"l": "Rice", "v": 2.0}, {"l": "Sorghum", "v": 48.0}, {"l": "Cereals, Other", "v": 12.0}]}, {"source": 0, "prod": 5.7381032881107963, "target": 11, "value": 12002.0, "supply": [{"l": "Milk - Excluding Butter", "v": 12002.0}]}, {"source": 2, "prod": 7.4153668833320001, "target": 11, "value": 3873.0, "supply": [{"l": "Pigmeat", "v": 1103.0}, {"l": "Meat, Other", "v": 241.0}, {"l": "Mutton & Goat Meat", "v": 74.0}, {"l": "Poultry Meat", "v": 924.0}, {"l": "Offals, Edible", "v": 185.0}, {"l": "Bovine Meat", "v": 1346.0}]}, {"source": 12, "prod": 0.63702578311674141, "target": 11, "value": 259.0, "supply": [{"l": "Treenuts", "v": 259.0}]}, {"source": 3, "prod": 2.1726259335162674, "target": 11, "value": 8461.0, "supply": [{"l": "Tomatoes", "v": 1982.0}, {"l": "Vegetables, Other", "v": 6074.0}, {"l": "Onions", "v": 405.0}]}, {"source": 13, "prod": 0.66060920899757469, "target": 11, "value": 264.0, "supply": [{"l": "Nuts", "v": 259.0}, {"l": "Infant food", "v": 5.0}]}, {"source": 14, "prod": 5.0066740258113622, "target": 11, "value": 6191.0, "supply": [{"l": "Beer", "v": 800.0}, {"l": "Beverages, Alcoholic", "v": 112.0}, {"l": "Wine", "v": 5279.0}]}, {"source": 5, "prod": 2.581814480072151, "target": 11, "value": 357.0, "supply": [{"l": "Fats, Animals, Raw", "v": 174.0}, {"l": "Butter, Ghee", "v": 126.0}, {"l": "Fish, Liver Oil", "v": 1.0}, {"l": "Cream", "v": 56.0}]}, {"source": 6, "prod": 1.8187231761040477, "target": 11, "value": 2330.0, "supply": [{"l": "Potatoes", "v": 2313.0}, {"l": "Sweet potatoes", "v": 17.0}]}, {"source": 7, "prod": 0.8048802688822273, "target": 11, "value": 203.0, "supply": [{"l": "Peas", "v": 13.0}, {"l": "Beans", "v": 119.0}, {"l": "Pulses, Other", "v": 71.0}]}, {"source": 8, "prod": 1.0651576198704924, "target": 11, "value": 1442.0, "supply": [{"l": "Freshwater Fish", "v": 31.0}, {"l": "Crustaceans", "v": 25.0}, {"l": "Marine Fish, Other", "v": 118.0}, {"l": "Demersal Fish", "v": 240.0}, {"l": "Fish, Seafood", "v": 721.0}, {"l": "Pelagic Fish", "v": 161.0}, {"l": "Cephalopods", "v": 68.0}, {"l": "Molluscs, Other", "v": 78.0}]}, {"source": 9, "prod": 5.5026028436454375, "target": 11, "value": 1779.0, "supply": [{"l": "Sugar", "v": 1717.0}, {"l": "Sweeteners, Other", "v": 53.0}, {"l": "Honey", "v": 9.0}]}, {"source": 10, "prod": 29.948758622982229, "target": 11, "value": 9789.0, "supply": [{"l": "Maize", "v": 251.0}, {"l": "Rye", "v": 14.0}, {"l": "Barley", "v": 70.0}, {"l": "Rice", "v": 259.0}, {"l": "Cereals, Other", "v": 1.0}, {"l": "Wheat", "v": 9193.0}, {"l": "Oats", "v": 1.0}]}, {"source": 15, "prod": 10.066278115599625, "target": 11, "value": 982.0, "supply": [{"l": "Groundnut Oil", "v": 34.0}, {"l": "Soyabean Oil", "v": 225.0}, {"l": "Sunflowerseed Oil", "v": 23.0}, {"l": "Olive Oil", "v": 565.0}, {"l": "Coconut Oil", "v": 30.0}, {"l": "Rape and Mustard Oil", "v": 32.0}, {"l": "Sesameseed Oil", "v": 6.0}, {"l": "Oilcrops Oil, Other", "v": 19.0}, {"l": "Maize Germ Oil", "v": 48.0}]}, {"source": 16, "prod": 0.024711749952750002, "target": 11, "value": 6.0, "supply": [{"l": "Pepper", "v": 3.0}, {"l": "Spices, Other", "v": 3.0}]}, {"source": 17, "prod": 0.17029986255184695, "target": 11, "value": 217.0, "supply": [{"l": "Cocoa Beans", "v": 31.0}, {"l": "Coffee", "v": 182.0}, {"l": "Tea", "v": 4.0}]}, {"source": 18, "prod": 1.039292099285974, "target": 11, "value": 641.0, "supply": [{"l": "Eggs", "v": 641.0}]}, {"source": 19, "prod": 3.0759228959093576, "target": 11, "value": 5805.0, "supply": [{"l": "Citrus, Other", "v": 27.0}, {"l": "Grapes", "v": 632.0}, {"l": "Dates", "v": 2.0}, {"l": "Apples", "v": 812.0}, {"l": "Lemons, Limes", "v": 478.0}, {"l": "Pineapples", "v": 13.0}, {"l": "Bananas", "v": 295.0}, {"l": "Fruits, Other", "v": 2023.0}, {"l": "Grapefruit", "v": 36.0}, {"l": "Oranges, Mandarines", "v": 1487.0}]}, {"source": 20, "prod": 0.19771067561751252, "target": 11, "value": 115.0, "supply": [{"l": "Olives", "v": 100.0}, {"l": "Coconuts - Incl Copra", "v": 4.0}, {"l": "Groundnuts", "v": 11.0}]}, {"source": 2, "prod": 0.0014576262020322289, "target": 21, "value": 1.0, "supply": [{"l": "Poultry Meat", "v": 1.0}]}, {"source": 4, "prod": 12.81582441994, "target": 21, "value": 11027.0, "supply": [{"l": "Sugar beet", "v": 11027.0}]}, {"source": 14, "prod": 0.17099934347243032, "target": 21, "value": 216.0, "supply": [{"l": "Wine", "v": 216.0}]}, {"source": 10, "prod": 1.4054542220652391, "target": 21, "value": 479.0, "supply": [{"l": "Maize", "v": 275.0}, {"l": "Wheat", "v": 7.0}, {"l": "Barley", "v": 179.0}, {"l": "Rice", "v": 18.0}]}, {"source": 15, "prod": 0.011236808802044118, "target": 21, "value": 1.0, "supply": [{"l": "Oilcrops Oil, Other", "v": 1.0}]}, {"source": 17, "prod": 0.0090964642683214296, "target": 21, "value": 4.0, "supply": [{"l": "Cocoa Beans", "v": 4.0}]}, {"source": 19, "prod": 6.854659970446435, "target": 21, "value": 9174.0, "supply": [{"l": "Fruits, Other", "v": 9.0}, {"l": "Grapes", "v": 9164.0}, {"l": "Apples", "v": 1.0}]}, {"source": 20, "prod": 10.250442966633626, "target": 21, "value": 4956.1428571428569, "supply": [{"l": "Sunflower seed", "v": 64.0}, {"l": "Olives", "v": 3379.0}, {"l": "Coconuts - Incl Copra", "v": 43.0}, {"l": "Soyabeans", "v": 1179.0}, {"l": "Sesame seed", "v": 14.0}, {"l": "Cottonseed", "v": 1.0}, {"l": "Rape and Mustardseed", "v": 18.0}, {"l": "Groundnuts", "v": 52.0}, {"l": "Oilcrops, Other", "v": 169.0}, {"l": "Oil Palm", "v": 37.142857142857146}]}, {"source": 0, "prod": 0.13721343473486075, "target": 22, "value": 287.0, "supply": [{"l": "Milk - Excluding Butter", "v": 287.0}]}, {"source": 12, "prod": 0.024595590081727469, "target": 22, "value": 10.0, "supply": [{"l": "Treenuts", "v": 10.0}]}, {"source": 14, "prod": 0.52903154977726574, "target": 22, "value": 312.0, "supply": [{"l": "Alcohol, Non-Food", "v": 203.0}, {"l": "Beverages, Alcoholic", "v": 109.0}]}, {"source": 5, "prod": 0.7510414088203845, "target": 22, "value": 92.0, "supply": [{"l": "Fats, Animals, Raw", "v": 90.0}, {"l": "Fish, Body Oil", "v": 2.0}]}, {"source": 6, "prod": 0.043313871273603241, "target": 22, "value": 55.0, "supply": [{"l": "Potatoes", "v": 53.0}, {"l": "Cassava", "v": 2.0}]}, {"source": 23, "prod": 0.0029241356435835918, "target": 22, "value": 4.0, "supply": [{"l": "Aquatic Products, Other", "v": 2.0}, {"l": "Aquatic Plants", "v": 2.0}]}, {"source": 9, "prod": 0.43334545056031248, "target": 22, "value": 140.0, "supply": [{"l": "Sugar", "v": 44.0}, {"l": "Sweeteners, Other", "v": 96.0}]}, {"source": 13, "prod": 0.024595590081727469, "target": 22, "value": 10.0, "supply": [{"l": "Nuts", "v": 10.0}]}, {"source": 10, "prod": 1.1528287617287791, "target": 22, "value": 358.0, "supply": [{"l": "Maize", "v": 345.0}, {"l": "Rice", "v": 7.0}, {"l": "Wheat", "v": 6.0}]}, {"source": 15, "prod": 1.6233630807517452, "target": 22, "value": 160.0, "supply": [{"l": "Olive Oil", "v": 40.0}, {"l": "Coconut Oil", "v": 18.0}, {"l": "Oilcrops Oil, Other", "v": 29.0}, {"l": "Rape and Mustard Oil", "v": 20.0}, {"l": "Cottonseed Oil", "v": 1.0}, {"l": "Palm Oil", "v": 47.0}, {"l": "Palmkernel Oil", "v": 5.0}]}, {"source": 19, "prod": 0.017433333299999999, "target": 22, "value": 15.0, "supply": [{"l": "Citrus, Other", "v": 15.0}]}, {"source": 6, "prod": 0.2482895746415007, "target": 24, "value": 320.0, "supply": [{"l": "Potatoes", "v": 320.0}]}, {"source": 10, "prod": 2.5651208733597413, "target": 24, "value": 851.0, "supply": [{"l": "Maize", "v": 50.0}, {"l": "Wheat", "v": 690.0}, {"l": "Oats", "v": 33.0}, {"l": "Rye", "v": 5.0}, {"l": "Barley", "v": 42.0}, {"l": "Rice", "v": 28.0}, {"l": "Sorghum", "v": 2.0}, {"l": "Cereals, Other", "v": 1.0}]}, {"source": 3, "prod": 0.0025659043819424854, "target": 24, "value": 10.0, "supply": [{"l": "Vegetables, Other", "v": 10.0}]}, {"source": 7, "prod": 0.20585492832858276, "target": 24, "value": 52.0, "supply": [{"l": "Peas", "v": 7.0}, {"l": "Beans", "v": 11.0}, {"l": "Pulses, Other", "v": 34.0}]}, {"source": 18, "prod": 0.053504897467140627, "target": 18, "value": 33.0, "supply": [{"l": "Eggs", "v": 33.0}]}, {"source": 0, "prod": 0.13912581710050342, "target": 25, "value": 291.0, "supply": [{"l": "Milk - Excluding Butter", "v": 291.0}]}, {"source": 20, "prod": 0.0082541990582916652, "target": 25, "value": 7.0, "supply": [{"l": "Olives", "v": 7.0}]}, {"source": 12, "prod": 0.00737867702451824, "target": 25, "value": 3.0, "supply": [{"l": "Treenuts", "v": 3.0}]}, {"source": 3, "prod": 0.40170889416779765, "target": 25, "value": 1596.0, "supply": [{"l": "Tomatoes", "v": 450.0}, {"l": "Vegetables, Other", "v": 1093.0}, {"l": "Onions", "v": 53.0}]}, {"source": 14, "prod": 0.023749908815615322, "target": 25, "value": 30.0, "supply": [{"l": "Wine", "v": 30.0}]}, {"source": 4, "prod": 0.13946666639999999, "target": 25, "value": 120.0, "supply": [{"l": "Sugar beet", "v": 120.0}]}, {"source": 6, "prod": 0.19009670558489897, "target": 25, "value": 245.0, "supply": [{"l": "Potatoes", "v": 245.0}]}, {"source": 7, "prod": 0.09604627432760196, "target": 25, "value": 24.0, "supply": [{"l": "Beans", "v": 5.0}, {"l": "Pulses, Other", "v": 19.0}]}, {"source": 13, "prod": 0.00737867702451824, "target": 25, "value": 3.0, "supply": [{"l": "Nuts", "v": 3.0}]}, {"source": 10, "prod": 0.49159496698275251, "target": 25, "value": 164.0, "supply": [{"l": "Maize", "v": 50.0}, {"l": "Oats", "v": 2.0}, {"l": "Sorghum", "v": 2.0}, {"l": "Wheat", "v": 92.0}, {"l": "Barley", "v": 18.0}]}, {"source": 18, "prod": 0.0064854421172291675, "target": 25, "value": 4.0, "supply": [{"l": "Eggs", "v": 4.0}]}, {"source": 19, "prod": 0.28574121947293224, "target": 25, "value": 559.0, "supply": [{"l": "Oranges, Mandarines", "v": 132.0}, {"l": "Grapefruit", "v": 2.0}, {"l": "Apples", "v": 199.0}, {"l": "Lemons, Limes", "v": 55.0}, {"l": "Bananas", "v": 16.0}, {"l": "Fruits, Other", "v": 131.0}, {"l": "Grapes", "v": 24.0}]}, {"source": 2, "prod": 0.0085533917746903002, "target": 25, "value": 3.0, "supply": [{"l": "Mutton & Goat Meat", "v": 3.0}]}, {"source": 26, "prod": 0.087329527253145925, "target": 13, "value": 30.0, "supply": [{"l": "Nuts", "v": 24.0}, {"l": "Infant food", "v": 6.0}]}, {"source": 26, "prod": 5.3590152180585138, "target": 1, "value": 7667.0, "supply": [{"l": "Freshwater Fish", "v": 5.0}, {"l": "Pigmeat", "v": 252.0}, {"l": "Meat, Other", "v": 27.0}, {"l": "Crustaceans", "v": 4.0}, {"l": "Marine Fish, Other", "v": 66.0}, {"l": "Demersal Fish", "v": 150.0}, {"l": "Mutton & Goat Meat", "v": 12.0}, {"l": "Poultry Meat", "v": 9.0}, {"l": "Milk - Excluding Butter", "v": 5530.0}, {"l": "Pelagic Fish", "v": 444.0}, {"l": "Fish, Seafood", "v": 727.0}, {"l": "Cephalopods", "v": 29.0}, {"l": "Molluscs, Other", "v": 29.0}, {"l": "Offals, Edible", "v": 13.0}, {"l": "Bovine Meat", "v": 352.0}, {"l": "Eggs", "v": 18.0}]}, {"source": 26, "prod": 25.834547247277222, "target": 10, "value": 8580.0, "supply": [{"l": "Maize", "v": 3980.0}, {"l": "Rye", "v": 3.0}, {"l": "Barley", "v": 1290.0}, {"l": "Rice", "v": 115.0}, {"l": "Cereals, Other", "v": 12.0}, {"l": "Wheat", "v": 3016.0}, {"l": "Oats", "v": 153.0}, {"l": "Sorghum", "v": 5.0}, {"l": "Millet", "v": 6.0}]}, {"source": 26, "prod": 0.49050398951476976, "target": 7, "value": 124.0, "supply": [{"l": "Peas", "v": 16.0}, {"l": "Beans", "v": 40.0}, {"l": "Pulses, Other", "v": 68.0}]}, {"source": 26, "prod": 7.3373566715452814, "target": 21, "value": 1191.0, "supply": [{"l": "Alcohol, Non-Food", "v": 10.0}, {"l": "Sugar", "v": 440.0}, {"l": "Maize Germ Oil", "v": 26.0}, {"l": "Beer", "v": 55.0}, {"l": "Groundnut Oil", "v": 31.0}, {"l": "Beverages, Alcoholic", "v": 33.0}, {"l": "Fats, Animals, Raw", "v": 75.0}, {"l": "Soyabean Oil", "v": 100.0}, {"l": "Butter, Ghee", "v": 54.0}, {"l": "Palm Oil", "v": 64.0}, {"l": "Sunflowerseed Oil", "v": 6.0}, {"l": "Olive Oil", "v": 119.0}, {"l": "Coconut Oil", "v": 27.0}, {"l": "Rape and Mustard Oil", "v": 39.0}, {"l": "Oilcrops Oil, Other", "v": 33.0}, {"l": "Wine", "v": 24.0}, {"l": "Sweeteners, Other", "v": 25.0}, {"l": "Fish, Body Oil", "v": 5.0}, {"l": "Fish, Liver Oil", "v": 1.0}, {"l": "Honey", "v": 3.0}, {"l": "Cottonseed Oil", "v": 1.0}, {"l": "Palmkernel Oil", "v": 5.0}, {"l": "Cream", "v": 15.0}]}, {"source": 26, "prod": 0.05902941619614592, "target": 12, "value": 24.0, "supply": [{"l": "Treenuts", "v": 24.0}]}, {"source": 26, "prod": 0.050457906474965231, "target": 3, "value": 197.0, "supply": [{"l": "Tomatoes", "v": 67.0}, {"l": "Vegetables, Other", "v": 117.0}, {"l": "Onions", "v": 13.0}]}, {"source": 26, "prod": 0.20317285740769145, "target": 17, "value": 233.0, "supply": [{"l": "Cocoa Beans", "v": 45.0}, {"l": "Coffee", "v": 184.0}, {"l": "Tea", "v": 4.0}]}, {"source": 26, "prod": 0.38416875672029571, "target": 19, "value": 576.0, "supply": [{"l": "Apples", "v": 56.0}, {"l": "Grapes", "v": 72.0}, {"l": "Dates", "v": 3.0}, {"l": "Pineapples", "v": 14.0}, {"l": "Bananas", "v": 311.0}, {"l": "Citrus, Other", "v": 1.0}, {"l": "Fruits, Other", "v": 82.0}, {"l": "Grapefruit", "v": 36.0}, {"l": "Oranges, Mandarines", "v": 1.0}]}, {"source": 26, "prod": 5.401451224895653, "target": 20, "value": 1375.0, "supply": [{"l": "Olives", "v": 27.0}, {"l": "Sunflower seed", "v": 16.0}, {"l": "Coconuts - Incl Copra", "v": 47.0}, {"l": "Sesame seed", "v": 13.0}, {"l": "Groundnuts", "v": 62.0}, {"l": "Oilcrops, Other", "v": 15.0}, {"l": "Soyabeans", "v": 1179.0}, {"l": "Rape and Mustardseed", "v": 16.0}]}, {"source": 26, "prod": 0.031786777717000003, "target": 16, "value": 7.0, "supply": [{"l": "Pepper", "v": 3.0}, {"l": "Spices, Other", "v": 4.0}]}, {"source": 26, "prod": 0.33382186195190483, "target": 6, "value": 429.0, "supply": [{"l": "Potatoes", "v": 426.0}, {"l": "Cassava", "v": 3.0}]}, {"source": 0, "prod": 0.12000199344407682, "target": 27, "value": 251.0, "supply": [{"l": "Milk - Excluding Butter", "v": 251.0}]}, {"source": 8, "prod": 0.1465068202802472, "target": 27, "value": 170.0, "supply": [{"l": "Marine Fish, Other", "v": 11.0}, {"l": "Demersal Fish", "v": 2.0}, {"l": "Freshwater Fish", "v": 4.0}, {"l": "Fish, Seafood", "v": 85.0}, {"l": "Cephalopods", "v": 3.0}, {"l": "Pelagic Fish", "v": 54.0}, {"l": "Molluscs, Other", "v": 11.0}]}, {"source": 20, "prod": 0.014517992436039318, "target": 27, "value": 5.0, "supply": [{"l": "Olives", "v": 1.0}, {"l": "Coconuts - Incl Copra", "v": 1.0}, {"l": "Oilcrops, Other", "v": 2.0}, {"l": "Rape and Mustardseed", "v": 1.0}]}, {"source": 12, "prod": 0.24349634180910193, "target": 27, "value": 99.0, "supply": [{"l": "Treenuts", "v": 99.0}]}, {"source": 3, "prod": 0.3692990048225408, "target": 27, "value": 1514.0, "supply": [{"l": "Tomatoes", "v": 815.0}, {"l": "Vegetables, Other", "v": 627.0}, {"l": "Onions", "v": 72.0}]}, {"source": 13, "prod": 0.24821302698526859, "target": 27, "value": 100.0, "supply": [{"l": "Nuts", "v": 99.0}, {"l": "Infant food", "v": 1.0}]}, {"source": 14, "prod": 1.028496260625215, "target": 27, "value": 1229.0, "supply": [{"l": "Alcohol, Non-Food", "v": 26.0}, {"l": "Beer", "v": 6.0}, {"l": "Beverages, Alcoholic", "v": 22.0}, {"l": "Wine", "v": 1175.0}]}, {"source": 5, "prod": 0.53062708231874989, "target": 27, "value": 65.0, "supply": [{"l": "Fats, Animals, Raw", "v": 65.0}]}, {"source": 6, "prod": 0.23044376146414286, "target": 27, "value": 297.0, "supply": [{"l": "Potatoes", "v": 297.0}]}, {"source": 7, "prod": 0.011669663484295673, "target": 27, "value": 3.0, "supply": [{"l": "Peas", "v": 1.0}, {"l": "Beans", "v": 1.0}, {"l": "Pulses, Other", "v": 1.0}]}, {"source": 9, "prod": 0.1609568816366875, "target": 27, "value": 52.0, "supply": [{"l": "Sugar", "v": 24.0}, {"l": "Sweeteners, Other", "v": 28.0}]}, {"source": 10, "prod": 4.0443580586253294, "target": 27, "value": 1206.0, "supply": [{"l": "Maize", "v": 50.0}, {"l": "Rye", "v": 3.0}, {"l": "Barley", "v": 4.0}, {"l": "Rice", "v": 290.0}, {"l": "Cereals, Other", "v": 1.0}, {"l": "Wheat", "v": 856.0}, {"l": "Oats", "v": 1.0}, {"l": "Millet", "v": 1.0}]}, {"source": 19, "prod": 1.6182987817386718, "target": 27, "value": 2922.0, "supply": [{"l": "Citrus, Other", "v": 8.0}, {"l": "Grapefruit", "v": 2.0}, {"l": "Grapes", "v": 366.0}, {"l": "Apples", "v": 1014.0}, {"l": "Lemons, Limes", "v": 246.0}, {"l": "Fruits, Other", "v": 996.0}, {"l": "Oranges, Mandarines", "v": 290.0}]}, {"source": 15, "prod": 0.75759239684596735, "target": 27, "value": 74.0, "supply": [{"l": "Soyabean Oil", "v": 6.0}, {"l": "Palm Oil", "v": 25.0}, {"l": "Sunflowerseed Oil", "v": 8.0}, {"l": "Olive Oil", "v": 13.0}, {"l": "Rape and Mustard Oil", "v": 5.0}, {"l": "Oilcrops Oil, Other", "v": 16.0}, {"l": "Maize Germ Oil", "v": 1.0}]}, {"source": 17, "prod": 0.023776530587523086, "target": 27, "value": 12.0, "supply": [{"l": "Cocoa Beans", "v": 10.0}, {"l": "Coffee", "v": 2.0}]}, {"source": 18, "prod": 0.0097281631758437508, "target": 27, "value": 6.0, "supply": [{"l": "Eggs", "v": 6.0}]}, {"source": 2, "prod": 0.085116387796343215, "target": 27, "value": 43.0, "supply": [{"l": "Meat, Other", "v": 2.0}, {"l": "Pigmeat", "v": 21.0}, {"l": "Bovine Meat", "v": 15.0}, {"l": "Poultry Meat", "v": 1.0}, {"l": "Offals, Edible", "v": 4.0}]}, {"source": 7, "prod": 0.080220787248188971, "target": 28, "value": 20.0, "supply": [{"l": "Pulses, Other", "v": 20.0}]}, {"source": 15, "prod": 3.4877491641213312, "target": 28, "value": 338.0, "supply": [{"l": "Olive Oil", "v": 241.0}, {"l": "Groundnut Oil", "v": 20.0}, {"l": "Oilcrops Oil, Other", "v": 7.0}, {"l": "Soyabean Oil", "v": 70.0}]}, {"source": 2, "prod": 0.16352215491927341, "target": 28, "value": 75.0, "supply": [{"l": "Pigmeat", "v": 32.0}, {"l": "Bovine Meat", "v": 43.0}]}, {"source": 13, "prod": 0.049191180163454938, "target": 28, "value": 20.0, "supply": [{"l": "Nuts", "v": 20.0}]}, {"source": 29, "prod": 0.077590492075468975, "target": 6, "value": 100.0, "supply": [{"l": "Potatoes", "v": 100.0}]}, {"source": 0, "prod": 0.33418881839605452, "target": 28, "value": 699.0, "supply": [{"l": "Milk - Excluding Butter", "v": 699.0}]}, {"source": 10, "prod": 3.4018490481887835, "target": 28, "value": 1063.0, "supply": [{"l": "Maize", "v": 1063.0}]}, {"source": 12, "prod": 0.049191180163454938, "target": 28, "value": 20.0, "supply": [{"l": "Treenuts", "v": 20.0}]}, {"source": 29, "prod": 0.00788182917596272, "target": 20, "value": 2.0, "supply": [{"l": "Rape and Mustardseed", "v": 2.0}]}, {"source": 5, "prod": 0.032653974296538463, "target": 28, "value": 4.0, "supply": [{"l": "Fats, Animals, Raw", "v": 4.0}]}, {"source": 3, "prod": 0.076463950581886084, "target": 28, "value": 298.0, "supply": [{"l": "Vegetables, Other", "v": 298.0}]}, {"source": 20, "prod": 0.00788182917596272, "target": 28, "value": 2.0, "supply": [{"l": "Sunflower seed", "v": 1.0}, {"l": "Oilcrops, Other", "v": 1.0}]}, {"source": 9, "prod": 0.037143895762312501, "target": 28, "value": 12.0, "supply": [{"l": "Sugar", "v": 12.0}]}, {"source": 29, "prod": 0.72815086400277818, "target": 21, "value": 365.0, "supply": [{"l": "Coconut Oil", "v": 15.0}, {"l": "Rape and Mustard Oil", "v": 10.0}, {"l": "Beer", "v": 10.0}, {"l": "Beverages, Alcoholic", "v": 60.0}, {"l": "Wine", "v": 262.0}, {"l": "Palm Oil", "v": 8.0}]}, {"source": 29, "prod": 0.10467164363547946, "target": 19, "value": 180.0, "supply": [{"l": "Apples", "v": 180.0}]}, {"source": 29, "prod": 6.7476204570684182, "target": 10, "value": 2268.0, "supply": [{"l": "Oats", "v": 4.0}, {"l": "Rye", "v": 6.0}, {"l": "Barley", "v": 236.0}, {"l": "Rice", "v": 33.0}, {"l": "Wheat", "v": 1989.0}]}, {"source": 30, "prod": 5.0707202747657032, "target": 20, "value": 3707.1428571428573, "supply": [{"l": "Olives", "v": 3460.0}, {"l": "Sunflower seed", "v": 49.0}, {"l": "Groundnuts", "v": 2.0}, {"l": "Oilcrops, Other", "v": 157.0}, {"l": "Cottonseed", "v": 1.0}, {"l": "Rape and Mustardseed", "v": 1.0}, {"l": "Oil Palm", "v": 37.142857142857146}]}, {"source": 30, "prod": 0.90511771500757077, "target": 12, "value": 368.0, "supply": [{"l": "Treenuts", "v": 368.0}]}, {"source": 30, "prod": 3.1010562562475634, "target": 3, "value": 12184.0, "supply": [{"l": "Tomatoes", "v": 3179.0}, {"l": "Vegetables, Other", "v": 8488.0}, {"l": "Onions", "v": 517.0}]}, {"source": 30, "prod": 0.90511771500757077, "target": 13, "value": 368.0, "supply": [{"l": "Nuts", "v": 368.0}]}, {"source": 30, "prod": 13.18657330812, "target": 4, "value": 11346.0, "supply": [{"l": "Sugar beet", "v": 11346.0}]}, {"source": 30, "prod": 2.4251622947456943, "target": 6, "value": 3105.0, "supply": [{"l": "Sweet potatoes", "v": 25.0}, {"l": "Potatoes", "v": 3080.0}]}, {"source": 30, "prod": 1.3057690636810897, "target": 7, "value": 327.0, "supply": [{"l": "Peas", "v": 5.0}, {"l": "Beans", "v": 97.0}, {"l": "Pulses, Other", "v": 225.0}]}, {"source": 30, "prod": 43.899051722118273, "target": 10, "value": 14182.0, "supply": [{"l": "Maize", "v": 6396.0}, {"l": "Rye", "v": 31.0}, {"l": "Barley", "v": 667.0}, {"l": "Rice", "v": 455.0}, {"l": "Cereals, Other", "v": 2.0}, {"l": "Wheat", "v": 6238.0}, {"l": "Oats", "v": 347.0}, {"l": "Sorghum", "v": 46.0}]}, {"source": 30, "prod": 11.357507194134381, "target": 19, "value": 17708.0, "supply": [{"l": "Grapefruit", "v": 4.0}, {"l": "Grapes", "v": 10114.0}, {"l": "Apples", "v": 1791.0}, {"l": "Lemons, Limes", "v": 779.0}, {"l": "Citrus, Other", "v": 49.0}, {"l": "Fruits, Other", "v": 3062.0}, {"l": "Oranges, Mandarines", "v": 1909.0}]}, {"source": 1, "prod": 7.6710437641841125, "target": 0, "value": 16045.0, "supply": [{"l": "Milk - Excluding Butter", "v": 16045.0}]}, {"source": 1, "prod": 1.0555057045790468, "target": 18, "value": 651.0, "supply": [{"l": "Eggs", "v": 684.0}]}, {"source": 1, "prod": 7.6804054072971333, "target": 2, "value": 4000.0, "supply": [{"l": "Pigmeat", "v": 1156.0}, {"l": "Bovine Meat", "v": 1404.0}, {"l": "Poultry Meat", "v": 926.0}, {"l": "Offals, Edible", "v": 193.0}, {"l": "Meat, Other", "v": 244.0}, {"l": "Mutton & Goat Meat", "v": 77.0}]}, {"source": 1, "prod": 1.9018573123740681, "target": 8, "value": 2298.0, "supply": [{"l": "Pelagic Fish", "v": 558.0}, {"l": "Crustaceans", "v": 25.0}, {"l": "Freshwater Fish", "v": 35.0}, {"l": "Molluscs, Other", "v": 89.0}, {"l": "Demersal Fish", "v": 242.0}, {"l": "Fish, Seafood", "v": 1149.0}, {"l": "Marine Fish, Other", "v": 129.0}, {"l": "Cephalopods", "v": 71.0}]}, {"source": 1, "prod": 0.0029241356435835918, "target": 23, "value": 4.0, "supply": [{"l": "Aquatic Plants", "v": 2.0}, {"l": "Aquatic Products, Other", "v": 2.0}]}, {"source": 21, "prod": 6.1371443962516103, "target": 9, "value": 1984.0, "supply": [{"l": "Honey", "v": 9.0}, {"l": "Sweeteners, Other", "v": 177.0}, {"l": "Sugar", "v": 1798.0}]}, {"source": 21, "prod": 15.94621956612071, "target": 15, "value": 1555.0, "supply": [{"l": "Olive Oil", "v": 859.0}, {"l": "Sesameseed Oil", "v": 6.0}, {"l": "Soyabean Oil", "v": 301.0}, {"l": "Coconut Oil", "v": 48.0}, {"l": "Rape and Mustard Oil", "v": 57.0}, {"l": "Maize Germ Oil", "v": 49.0}, {"l": "Groundnut Oil", "v": 54.0}, {"l": "Cottonseed Oil", "v": 1.0}, {"l": "Palmkernel Oil", "v": 5.0}, {"l": "Oilcrops Oil, Other", "v": 72.0}, {"l": "Palm Oil", "v": 72.0}, {"l": "Sunflowerseed Oil", "v": 31.0}]}, {"source": 21, "prod": 6.7589510885018891, "target": 14, "value": 7978.0, "supply": [{"l": "Beer", "v": 806.0}, {"l": "Beverages, Alcoholic", "v": 243.0}, {"l": "Alcohol, Non-Food", "v": 229.0}, {"l": "Wine", "v": 6700.0}]}, {"source": 21, "prod": 3.9287909198043622, "target": 5, "value": 522.0, "supply": [{"l": "Fats, Animals, Raw", "v": 333.0}, {"l": "Cream", "v": 56.0}, {"l": "Fish, Body Oil", "v": 6.0}, {"l": "Butter, Ghee", "v": 126.0}, {"l": "Fish, Liver Oil", "v": 1.0}]}]}