{"nodes": [{"layer": 13, "name": "Other Processed", "fill": "#9c9ede"}, {"layer": 10, "name": "Feed", "fill": "#dbdb8d"}, {"layer": 13, "name": "Animal Products", "fill": "#17becf"}, {"layer": 5, "name": "Cereals", "fill": "#e7ba52"}, {"layer": 5, "name": "Sugar Crops", "fill": "#ffbb78"}, {"layer": 13, "name": "Sugar", "fill": "#d6616b"}, {"layer": 5, "name": "Starchy Roots"}, {"layer": 5, "name": "Fruits & Vegetables"}, {"layer": 13, "name": "Aquatic Products", "fill": "#1f77b4"}, {"layer": 16, "name": "Food", "fill": "#b5cf6b"}, {"layer": 5, "name": "Oilcrops", "fill": "#ff9896"}, {"layer": 5, "name": "Others"}, {"layer": 13, "name": "Vegetable Oils", "fill": "#f7b6d2"}, {"layer": 10, "name": "Processing", "fill": "#9edae5"}, {"layer": 16, "name": "Biofuels & Other", "fill": "#e7ba52"}, {"name": "Seed", "fill": "#dbdb8d"}, {"name": "Waste", "fill": "#c7c7c7"}, {"layer": 0, "name": "Import", "fill": "#aec7e8"}, {"layer": 16, "name": "Export", "fill": "#aec7e8"}, {"layer": 16, "name": "Stock Deposit", "fill": "#c7c7c7"}, {"layer": 0, "name": "Stock Draw", "fill": "#c7c7c7"}, {"layer": 0, "name": "Production", "fill": "#b5cf6b"}], "links": [{"source": 0, "prod": 0.015858376583193622, "target": 1, "value": 2.0, "supply": [{"l": "Fish, Body Oil", "v": 2.0}]}, {"source": 2, "prod": 1.3409120290343739, "target": 1, "value": 2844.0, "supply": [{"l": "Milk - Excluding Butter", "v": 2838.0}, {"l": "Meat, Other", "v": 2.0}, {"l": "Offals, Edible", "v": 4.0}]}, {"source": 3, "prod": 36.228157011839528, "target": 1, "value": 12110.0, "supply": [{"l": "Maize", "v": 9126.0}, {"l": "Oats", "v": 522.0}, {"l": "Rye", "v": 19.0}, {"l": "Barley", "v": 1871.0}, {"l": "Rice", "v": 2.0}, {"l": "Sorghum", "v": 46.0}, {"l": "Cereals, Other", "v": 17.0}, {"l": "Wheat", "v": 500.0}, {"l": "Millet", "v": 7.0}]}, {"source": 4, "prod": 0.1627111108, "target": 1, "value": 140.0, "supply": [{"l": "Sugar beet", "v": 140.0}]}, {"source": 5, "prod": 0.094696525459961545, "target": 1, "value": 29.0, "supply": [{"l": "Sugar", "v": 29.0}]}, {"source": 6, "prod": 1.0348535682430646, "target": 1, "value": 943.0, "supply": [{"l": "Potatoes", "v": 251.0}, {"l": "Sweet potatoes", "v": 7.0}, {"l": "Cassava", "v": 685.0}]}, {"source": 7, "prod": 0.70566846792716142, "target": 1, "value": 584.0, "supply": [{"l": "Vegetables, Other", "v": 436.0}, {"l": "Pulses, Other", "v": 148.0}]}, {"source": 8, "prod": 0.95230148671840664, "target": 1, "value": 920.0, "supply": [{"l": "Fish, Seafood", "v": 460.0}, {"l": "Pelagic Fish", "v": 460.0}]}, {"source": 0, "prod": 8.0570031383909733, "target": 9, "value": 6692.0, "supply": [{"l": "Beer", "v": 906.0}, {"l": "Beverages, Alcoholic", "v": 107.0}, {"l": "Fats, Animals, Raw", "v": 245.0}, {"l": "Butter, Ghee", "v": 114.0}, {"l": "Wine", "v": 5256.0}, {"l": "Beverages, Fermented", "v": 1.0}, {"l": "Cream", "v": 63.0}]}, {"source": 2, "prod": 14.84365332627646, "target": 9, "value": 17402.0, "supply": [{"l": "Pigmeat", "v": 1235.0}, {"l": "Meat, Other", "v": 254.0}, {"l": "Eggs", "v": 666.0}, {"l": "Mutton & Goat Meat", "v": 78.0}, {"l": "Poultry Meat", "v": 967.0}, {"l": "Milk - Excluding Butter", "v": 12668.0}, {"l": "Offals, Edible", "v": 183.0}, {"l": "Bovine Meat", "v": 1351.0}]}, {"source": 3, "prod": 30.868731930237118, "target": 9, "value": 10094.0, "supply": [{"l": "Maize", "v": 250.0}, {"l": "Rye", "v": 14.0}, {"l": "Barley", "v": 65.0}, {"l": "Rice", "v": 262.0}, {"l": "Cereals, Other", "v": 1.0}, {"l": "Wheat", "v": 9502.0}]}, {"source": 10, "prod": 0.21515001329905162, "target": 9, "value": 116.0, "supply": [{"l": "Olives", "v": 100.0}, {"l": "Coconuts - Incl Copra", "v": 4.0}, {"l": "Groundnuts", "v": 11.0}, {"l": "Rape and Mustardseed", "v": 1.0}]}, {"source": 5, "prod": 5.9756772962665394, "target": 9, "value": 1830.0, "supply": [{"l": "Sugar", "v": 1772.0}, {"l": "Sweeteners, Other", "v": 51.0}, {"l": "Honey", "v": 7.0}]}, {"source": 6, "prod": 1.682649238867322, "target": 9, "value": 2136.0, "supply": [{"l": "Sweet potatoes", "v": 14.0}, {"l": "Potatoes", "v": 2122.0}]}, {"source": 7, "prod": 6.8938066336878423, "target": 9, "value": 15285.0, "supply": [{"l": "Citrus, Other", "v": 30.0}, {"l": "Grapefruit", "v": 43.0}, {"l": "Tomatoes", "v": 2422.0}, {"l": "Treenuts", "v": 274.0}, {"l": "Vegetables, Other", "v": 5903.0}, {"l": "Peas", "v": 14.0}, {"l": "Grapes", "v": 509.0}, {"l": "Dates", "v": 2.0}, {"l": "Beans", "v": 108.0}, {"l": "Apples", "v": 965.0}, {"l": "Lemons, Limes", "v": 466.0}, {"l": "Pineapples", "v": 23.0}, {"l": "Bananas", "v": 300.0}, {"l": "Fruits, Other", "v": 2233.0}, {"l": "Oranges, Mandarines", "v": 1534.0}, {"l": "Onions", "v": 382.0}, {"l": "Pulses, Other", "v": 77.0}]}, {"source": 11, "prod": 0.84392256939014076, "target": 9, "value": 512.0, "supply": [{"l": "Nuts", "v": 274.0}, {"l": "Coffee", "v": 194.0}, {"l": "Infant food", "v": 1.0}, {"l": "Cocoa Beans", "v": 35.0}, {"l": "Pepper", "v": 3.0}, {"l": "Spices, Other", "v": 2.0}, {"l": "Tea", "v": 3.0}]}, {"source": 8, "prod": 1.2097447004596755, "target": 9, "value": 1480.0, "supply": [{"l": "Freshwater Fish", "v": 32.0}, {"l": "Crustaceans", "v": 28.0}, {"l": "Marine Fish, Other", "v": 142.0}, {"l": "Demersal Fish", "v": 229.0}, {"l": "Fish, Seafood", "v": 740.0}, {"l": "Pelagic Fish", "v": 168.0}, {"l": "Cephalopods", "v": 74.0}, {"l": "Molluscs, Other", "v": 67.0}]}, {"source": 12, "prod": 12.285549897083282, "target": 9, "value": 1198.0, "supply": [{"l": "Soyabean Oil", "v": 371.0}, {"l": "Sunflowerseed Oil", "v": 50.0}, {"l": "Olive Oil", "v": 584.0}, {"l": "Coconut Oil", "v": 34.0}, {"l": "Rape and Mustard Oil", "v": 32.0}, {"l": "Sesameseed Oil", "v": 4.0}, {"l": "Oilcrops Oil, Other", "v": 26.0}, {"l": "Maize Germ Oil", "v": 52.0}, {"l": "Groundnut Oil", "v": 45.0}]}, {"source": 0, "prod": 0.14524443354086708, "target": 13, "value": 184.0, "supply": [{"l": "Wine", "v": 184.0}]}, {"source": 3, "prod": 1.3676508317562772, "target": 13, "value": 467.0, "supply": [{"l": "Maize", "v": 225.0}, {"l": "Wheat", "v": 15.0}, {"l": "Barley", "v": 207.0}, {"l": "Rice", "v": 20.0}]}, {"source": 10, "prod": 11.603260946226509, "target": 13, "value": 3830.0, "supply": [{"l": "Sunflower seed", "v": 130.0}, {"l": "Olives", "v": 2127.0}, {"l": "Coconuts - Incl Copra", "v": 35.0}, {"l": "Soyabeans", "v": 1279.0}, {"l": "Sesame seed", "v": 9.0}, {"l": "Rape and Mustardseed", "v": 21.0}, {"l": "Groundnuts", "v": 42.0}, {"l": "Oilcrops, Other", "v": 187.0}]}, {"source": 4, "prod": 12.885557753140001, "target": 13, "value": 11087.0, "supply": [{"l": "Sugar beet", "v": 11087.0}]}, {"source": 7, "prod": 7.6800394418655751, "target": 13, "value": 10328.0, "supply": [{"l": "Grapes", "v": 10217.0}, {"l": "Apples", "v": 111.0}]}, {"source": 11, "prod": 0.0080857460162857137, "target": 13, "value": 4.0, "supply": [{"l": "Cocoa Beans", "v": 4.0}]}, {"source": 12, "prod": 0.022147913001130438, "target": 13, "value": 2.0, "supply": [{"l": "Oilcrops Oil, Other", "v": 2.0}]}, {"source": 0, "prod": 1.1350384353542551, "target": 14, "value": 427.0, "supply": [{"l": "Alcohol, Non-Food", "v": 238.0}, {"l": "Beverages, Alcoholic", "v": 120.0}, {"l": "Fats, Animals, Raw", "v": 67.0}, {"l": "Fish, Body Oil", "v": 2.0}]}, {"source": 2, "prod": 0.13622305805045828, "target": 14, "value": 290.0, "supply": [{"l": "Milk - Excluding Butter", "v": 290.0}]}, {"source": 3, "prod": 0.93230105952963271, "target": 14, "value": 295.0, "supply": [{"l": "Maize", "v": 282.0}, {"l": "Rice", "v": 8.0}, {"l": "Wheat", "v": 5.0}]}, {"source": 5, "prod": 0.38205149926949999, "target": 14, "value": 117.0, "supply": [{"l": "Sugar", "v": 39.0}, {"l": "Sweeteners, Other", "v": 78.0}]}, {"source": 6, "prod": 0.039534387582935315, "target": 14, "value": 50.0, "supply": [{"l": "Potatoes", "v": 49.0}, {"l": "Cassava", "v": 1.0}]}, {"source": 7, "prod": 0.04522417325591447, "target": 14, "value": 27.0, "supply": [{"l": "Citrus, Other", "v": 16.0}, {"l": "Treenuts", "v": 11.0}]}, {"source": 11, "prod": 0.026628617735914469, "target": 14, "value": 11.0, "supply": [{"l": "Nuts", "v": 11.0}]}, {"source": 8, "prod": 0.004637058912020855, "target": 14, "value": 6.0, "supply": [{"l": "Aquatic Products, Other", "v": 3.0}, {"l": "Aquatic Plants", "v": 3.0}]}, {"source": 12, "prod": 1.7056227919895621, "target": 14, "value": 165.0, "supply": [{"l": "Olive Oil", "v": 31.0}, {"l": "Coconut Oil", "v": 15.0}, {"l": "Oilcrops Oil, Other", "v": 39.0}, {"l": "Rape and Mustard Oil", "v": 17.0}, {"l": "Palm Oil", "v": 59.0}, {"l": "Palmkernel Oil", "v": 4.0}]}, {"source": 6, "prod": 0.22761513381064361, "target": 15, "value": 291.0, "supply": [{"l": "Potatoes", "v": 291.0}]}, {"source": 7, "prod": 0.18608805873442719, "target": 15, "value": 52.0, "supply": [{"l": "Vegetables, Other", "v": 5.0}, {"l": "Peas", "v": 6.0}, {"l": "Beans", "v": 10.0}, {"l": "Pulses, Other", "v": 31.0}]}, {"source": 2, "prod": 0.058974392504687924, "target": 2, "value": 36.0, "supply": [{"l": "Eggs", "v": 36.0}]}, {"source": 3, "prod": 2.6061147123420163, "target": 15, "value": 867.0, "supply": [{"l": "Maize", "v": 42.0}, {"l": "Wheat", "v": 715.0}, {"l": "Oats", "v": 43.0}, {"l": "Rye", "v": 3.0}, {"l": "Barley", "v": 35.0}, {"l": "Rice", "v": 26.0}, {"l": "Sorghum", "v": 2.0}, {"l": "Cereals, Other", "v": 1.0}]}, {"source": 0, "prod": 0.023681157642532678, "target": 16, "value": 30.0, "supply": [{"l": "Wine", "v": 30.0}]}, {"source": 2, "prod": 0.17215954487229654, "target": 16, "value": 342.0, "supply": [{"l": "Milk - Excluding Butter", "v": 335.0}, {"l": "Mutton & Goat Meat", "v": 3.0}, {"l": "Eggs", "v": 4.0}]}, {"source": 3, "prod": 0.49978841364572518, "target": 16, "value": 167.0, "supply": [{"l": "Maize", "v": 40.0}, {"l": "Oats", "v": 2.0}, {"l": "Sorghum", "v": 2.0}, {"l": "Wheat", "v": 107.0}, {"l": "Barley", "v": 16.0}]}, {"source": 10, "prod": 0.083003119021927377, "target": 16, "value": 70.0, "supply": [{"l": "Olives", "v": 70.0}]}, {"source": 4, "prod": 0.11970888866000001, "target": 16, "value": 103.0, "supply": [{"l": "Sugar beet", "v": 103.0}]}, {"source": 5, "prod": 0.0097961922889615374, "target": 16, "value": 3.0, "supply": [{"l": "Sugar", "v": 3.0}]}, {"source": 6, "prod": 0.16425834398706243, "target": 16, "value": 210.0, "supply": [{"l": "Potatoes", "v": 210.0}]}, {"source": 7, "prod": 0.8747077926696285, "target": 16, "value": 2253.0, "supply": [{"l": "Grapes", "v": 80.0}, {"l": "Grapefruit", "v": 2.0}, {"l": "Beans", "v": 5.0}, {"l": "Apples", "v": 191.0}, {"l": "Lemons, Limes", "v": 62.0}, {"l": "Tomatoes", "v": 534.0}, {"l": "Pineapples", "v": 1.0}, {"l": "Bananas", "v": 17.0}, {"l": "Treenuts", "v": 4.0}, {"l": "Fruits, Other", "v": 157.0}, {"l": "Vegetables, Other", "v": 1059.0}, {"l": "Oranges, Mandarines", "v": 57.0}, {"l": "Onions", "v": 52.0}, {"l": "Pulses, Other", "v": 32.0}]}, {"source": 11, "prod": 0.0096831337221507142, "target": 16, "value": 4.0, "supply": [{"l": "Nuts", "v": 4.0}]}, {"source": 17, "prod": 0.2721441036829349, "target": 11, "value": 283.0, "supply": [{"l": "Nuts", "v": 21.0}, {"l": "Cocoa Beans", "v": 49.0}, {"l": "Coffee", "v": 196.0}, {"l": "Pepper", "v": 3.0}, {"l": "Infant food", "v": 8.0}, {"l": "Spices, Other", "v": 3.0}, {"l": "Tea", "v": 3.0}]}, {"source": 17, "prod": 6.113534190729017, "target": 1, "value": 8815.0, "supply": [{"l": "Freshwater Fish", "v": 5.0}, {"l": "Pigmeat", "v": 275.0}, {"l": "Meat, Other", "v": 29.0}, {"l": "Crustaceans", "v": 8.0}, {"l": "Marine Fish, Other", "v": 64.0}, {"l": "Demersal Fish", "v": 153.0}, {"l": "Mutton & Goat Meat", "v": 18.0}, {"l": "Poultry Meat", "v": 12.0}, {"l": "Milk - Excluding Butter", "v": 6394.0}, {"l": "Pelagic Fish", "v": 542.0}, {"l": "Fish, Seafood", "v": 851.0}, {"l": "Cephalopods", "v": 41.0}, {"l": "Molluscs, Other", "v": 38.0}, {"l": "Offals, Edible", "v": 11.0}, {"l": "Bovine Meat", "v": 345.0}, {"l": "Eggs", "v": 29.0}]}, {"source": 17, "prod": 6.2970354982184729, "target": 13, "value": 927.0, "supply": [{"l": "Alcohol, Non-Food", "v": 13.0}, {"l": "Sugar", "v": 219.0}, {"l": "Maize Germ Oil", "v": 31.0}, {"l": "Beer", "v": 58.0}, {"l": "Groundnut Oil", "v": 30.0}, {"l": "Beverages, Alcoholic", "v": 36.0}, {"l": "Fats, Animals, Raw", "v": 56.0}, {"l": "Soyabean Oil", "v": 82.0}, {"l": "Butter, Ghee", "v": 36.0}, {"l": "Palm Oil", "v": 81.0}, {"l": "Sunflowerseed Oil", "v": 10.0}, {"l": "Olive Oil", "v": 85.0}, {"l": "Coconut Oil", "v": 45.0}, {"l": "Rape and Mustard Oil", "v": 35.0}, {"l": "Oilcrops Oil, Other", "v": 39.0}, {"l": "Wine", "v": 24.0}, {"l": "Sweeteners, Other", "v": 19.0}, {"l": "Fish, Body Oil", "v": 4.0}, {"l": "Honey", "v": 4.0}, {"l": "Palmkernel Oil", "v": 4.0}, {"l": "Cream", "v": 16.0}]}, {"source": 17, "prod": 28.741253493960492, "target": 3, "value": 9543.0, "supply": [{"l": "Maize", "v": 3764.0}, {"l": "Rye", "v": 7.0}, {"l": "Barley", "v": 1705.0}, {"l": "Rice", "v": 297.0}, {"l": "Cereals, Other", "v": 17.0}, {"l": "Wheat", "v": 3598.0}, {"l": "Oats", "v": 144.0}, {"l": "Sorghum", "v": 3.0}, {"l": "Millet", "v": 8.0}]}, {"source": 17, "prod": 1.034096409147899, "target": 7, "value": 1043.0, "supply": [{"l": "Tomatoes", "v": 88.0}, {"l": "Treenuts", "v": 21.0}, {"l": "Apples", "v": 82.0}, {"l": "Vegetables, Other", "v": 144.0}, {"l": "Peas", "v": 17.0}, {"l": "Grapes", "v": 69.0}, {"l": "Dates", "v": 3.0}, {"l": "Grapefruit", "v": 45.0}, {"l": "Beans", "v": 42.0}, {"l": "Pulses, Other", "v": 55.0}, {"l": "Lemons, Limes", "v": 1.0}, {"l": "Pineapples", "v": 24.0}, {"l": "Bananas", "v": 317.0}, {"l": "Fruits, Other", "v": 127.0}, {"l": "Oranges, Mandarines", "v": 3.0}, {"l": "Onions", "v": 5.0}]}, {"source": 17, "prod": 0.0011622222200000001, "target": 4, "value": 1.0, "supply": [{"l": "Sugar beet", "v": 1.0}]}, {"source": 17, "prod": 8.1062268947426084, "target": 10, "value": 1533.0, "supply": [{"l": "Olives", "v": 20.0}, {"l": "Sunflower seed", "v": 90.0}, {"l": "Coconuts - Incl Copra", "v": 40.0}, {"l": "Sesame seed", "v": 9.0}, {"l": "Groundnuts", "v": 51.0}, {"l": "Oilcrops, Other", "v": 23.0}, {"l": "Soyabeans", "v": 1279.0}, {"l": "Rape and Mustardseed", "v": 21.0}]}, {"source": 17, "prod": 1.1975628039075175, "target": 6, "value": 1157.0, "supply": [{"l": "Potatoes", "v": 470.0}, {"l": "Sweet potatoes", "v": 1.0}, {"l": "Cassava", "v": 686.0}]}, {"source": 0, "prod": 1.5130286384074199, "target": 18, "value": 1397.0, "supply": [{"l": "Alcohol, Non-Food", "v": 17.0}, {"l": "Beer", "v": 3.0}, {"l": "Beverages, Alcoholic", "v": 24.0}, {"l": "Fats, Animals, Raw", "v": 49.0}, {"l": "Wine", "v": 1304.0}]}, {"source": 2, "prod": 0.20431801633706229, "target": 18, "value": 282.0, "supply": [{"l": "Meat, Other", "v": 2.0}, {"l": "Eggs", "v": 1.0}, {"l": "Pigmeat", "v": 20.0}, {"l": "Milk - Excluding Butter", "v": 235.0}, {"l": "Bovine Meat", "v": 18.0}, {"l": "Poultry Meat", "v": 1.0}, {"l": "Offals, Edible", "v": 5.0}]}, {"source": 3, "prod": 4.8704372240609493, "target": 18, "value": 1416.0, "supply": [{"l": "Maize", "v": 54.0}, {"l": "Rye", "v": 2.0}, {"l": "Barley", "v": 5.0}, {"l": "Rice", "v": 419.0}, {"l": "Cereals, Other", "v": 1.0}, {"l": "Wheat", "v": 934.0}, {"l": "Oats", "v": 1.0}]}, {"source": 10, "prod": 0.011798300489545391, "target": 18, "value": 3.0, "supply": [{"l": "Olives", "v": 1.0}, {"l": "Coconuts - Incl Copra", "v": 1.0}, {"l": "Oilcrops, Other", "v": 1.0}]}, {"source": 5, "prod": 0.15347367919373078, "target": 18, "value": 47.0, "supply": [{"l": "Sugar", "v": 19.0}, {"l": "Sweeteners, Other", "v": 28.0}]}, {"source": 6, "prod": 0.26907081110261655, "target": 18, "value": 344.0, "supply": [{"l": "Potatoes", "v": 344.0}]}, {"source": 7, "prod": 1.9633053859693801, "target": 18, "value": 4033.0, "supply": [{"l": "Vegetables, Other", "v": 670.0}, {"l": "Citrus, Other", "v": 6.0}, {"l": "Tomatoes", "v": 818.0}, {"l": "Treenuts", "v": 103.0}, {"l": "Peas", "v": 1.0}, {"l": "Grapes", "v": 445.0}, {"l": "Beans", "v": 2.0}, {"l": "Apples", "v": 662.0}, {"l": "Lemons, Limes", "v": 211.0}, {"l": "Fruits, Other", "v": 858.0}, {"l": "Grapefruit", "v": 3.0}, {"l": "Oranges, Mandarines", "v": 163.0}, {"l": "Onions", "v": 90.0}, {"l": "Pulses, Other", "v": 1.0}]}, {"source": 11, "prod": 0.2787510308238505, "target": 18, "value": 121.0, "supply": [{"l": "Infant food", "v": 6.0}, {"l": "Nuts", "v": 103.0}, {"l": "Coffee", "v": 2.0}, {"l": "Cocoa Beans", "v": 9.0}, {"l": "Spices, Other", "v": 1.0}]}, {"source": 8, "prod": 0.17051059367386828, "target": 18, "value": 200.0, "supply": [{"l": "Marine Fish, Other", "v": 11.0}, {"l": "Freshwater Fish", "v": 3.0}, {"l": "Fish, Seafood", "v": 100.0}, {"l": "Cephalopods", "v": 2.0}, {"l": "Pelagic Fish", "v": 53.0}, {"l": "Molluscs, Other", "v": 29.0}, {"l": "Demersal Fish", "v": 2.0}]}, {"source": 12, "prod": 0.96769763618296212, "target": 18, "value": 93.0, "supply": [{"l": "Groundnut Oil", "v": 3.0}, {"l": "Soyabean Oil", "v": 7.0}, {"l": "Palm Oil", "v": 22.0}, {"l": "Sunflowerseed Oil", "v": 13.0}, {"l": "Olive Oil", "v": 26.0}, {"l": "Rape and Mustard Oil", "v": 6.0}, {"l": "Oilcrops Oil, Other", "v": 16.0}]}, {"source": 12, "prod": 0.011073956500565219, "target": 19, "value": 1.0, "supply": [{"l": "Oilcrops Oil, Other", "v": 1.0}]}, {"source": 2, "prod": 0.40068368454152042, "target": 19, "value": 853.0, "supply": [{"l": "Milk - Excluding Butter", "v": 853.0}]}, {"source": 0, "prod": 0.39455591248434674, "target": 19, "value": 502.0, "supply": [{"l": "Beer", "v": 8.0}, {"l": "Wine", "v": 494.0}]}, {"source": 11, "prod": 0.067781936055055003, "target": 19, "value": 28.0, "supply": [{"l": "Nuts", "v": 28.0}]}, {"source": 3, "prod": 4.8282627752909502, "target": 19, "value": 1569.0, "supply": [{"l": "Oats", "v": 36.0}, {"l": "Rye", "v": 4.0}, {"l": "Barley", "v": 326.0}, {"l": "Rice", "v": 192.0}, {"l": "Wheat", "v": 1011.0}]}, {"source": 7, "prod": 0.3221094491663764, "target": 19, "value": 431.0, "supply": [{"l": "Beans", "v": 10.0}, {"l": "Treenuts", "v": 28.0}, {"l": "Vegetables, Other", "v": 363.0}, {"l": "Pulses, Other", "v": 30.0}]}, {"source": 20, "prod": 0.025208986307897557, "target": 1, "value": 13.0, "supply": [{"l": "Pigmeat", "v": 13.0}]}, {"source": 20, "prod": 0.0053062708231875, "target": 10, "value": 1.0, "supply": [{"l": "Oilcrops, Other", "v": 1.0}]}, {"source": 10, "prod": 0.040879036118299232, "target": 19, "value": 31.0, "supply": [{"l": "Olives", "v": 30.0}, {"l": "Sunflower seed", "v": 1.0}]}, {"source": 20, "prod": 2.4807673506876786, "target": 13, "value": 293.0, "supply": [{"l": "Olive Oil", "v": 106.0}, {"l": "Rape and Mustard Oil", "v": 10.0}, {"l": "Sugar", "v": 24.0}, {"l": "Butter, Ghee", "v": 2.0}, {"l": "Fats, Animals, Raw", "v": 35.0}, {"l": "Sweeteners, Other", "v": 8.0}, {"l": "Soyabean Oil", "v": 78.0}, {"l": "Beverages, Alcoholic", "v": 30.0}]}, {"source": 6, "prod": 0.035980399159070815, "target": 19, "value": 46.0, "supply": [{"l": "Potatoes", "v": 46.0}]}, {"source": 20, "prod": 0.29080259207790071, "target": 3, "value": 93.0, "supply": [{"l": "Maize", "v": 93.0}]}, {"source": 21, "prod": 53.165038758049477, "target": 3, "value": 17348.0, "supply": [{"l": "Maize", "v": 6162.0}, {"l": "Rye", "v": 35.0}, {"l": "Barley", "v": 819.0}, {"l": "Rice", "v": 632.0}, {"l": "Cereals, Other", "v": 1.0}, {"l": "Wheat", "v": 9191.0}, {"l": "Oats", "v": 461.0}, {"l": "Sorghum", "v": 47.0}]}, {"source": 21, "prod": 3.8478645204127253, "target": 10, "value": 2517.0, "supply": [{"l": "Olives", "v": 2308.0}, {"l": "Sunflower seed", "v": 41.0}, {"l": "Groundnuts", "v": 2.0}, {"l": "Oilcrops, Other", "v": 164.0}, {"l": "Cottonseed", "v": 1.0}, {"l": "Rape and Mustardseed", "v": 1.0}]}, {"source": 21, "prod": 13.166815530380001, "target": 4, "value": 11329.0, "supply": [{"l": "Sugar beet", "v": 11329.0}]}, {"source": 21, "prod": 2.2580317775600247, "target": 6, "value": 2864.0, "supply": [{"l": "Sweet potatoes", "v": 21.0}, {"l": "Potatoes", "v": 2843.0}]}, {"source": 21, "prod": 17.647055199758675, "target": 7, "value": 31954.0, "supply": [{"l": "Grapefruit", "v": 3.0}, {"l": "Tomatoes", "v": 3686.0}, {"l": "Treenuts", "v": 399.0}, {"l": "Vegetables, Other", "v": 8291.0}, {"l": "Peas", "v": 5.0}, {"l": "Grapes", "v": 11183.0}, {"l": "Beans", "v": 93.0}, {"l": "Apples", "v": 1847.0}, {"l": "Lemons, Limes", "v": 739.0}, {"l": "Citrus, Other", "v": 52.0}, {"l": "Fruits, Other", "v": 3122.0}, {"l": "Oranges, Mandarines", "v": 1750.0}, {"l": "Onions", "v": 519.0}, {"l": "Pulses, Other", "v": 265.0}]}, {"source": 21, "prod": 0.96589258878453377, "target": 11, "value": 399.0, "supply": [{"l": "Nuts", "v": 399.0}]}, {"source": 1, "prod": 2.3371938397639713, "target": 8, "value": 2606.0, "supply": [{"l": "Pelagic Fish", "v": 681.0}, {"l": "Crustaceans", "v": 28.0}, {"l": "Freshwater Fish", "v": 35.0}, {"l": "Molluscs, Other", "v": 96.0}, {"l": "Aquatic Plants", "v": 3.0}, {"l": "Demersal Fish", "v": 231.0}, {"l": "Aquatic Products, Other", "v": 3.0}, {"l": "Fish, Seafood", "v": 1300.0}, {"l": "Marine Fish, Other", "v": 153.0}, {"l": "Cephalopods", "v": 76.0}]}, {"source": 1, "prod": 17.097949659112171, "target": 2, "value": 22013.0, "supply": [{"l": "Poultry Meat", "v": 968.0}, {"l": "Pigmeat", "v": 1255.0}, {"l": "Bovine Meat", "v": 1369.0}, {"l": "Eggs", "v": 707.0}, {"l": "Milk - Excluding Butter", "v": 17219.0}, {"l": "Offals, Edible", "v": 192.0}, {"l": "Meat, Other", "v": 258.0}, {"l": "Mutton & Goat Meat", "v": 81.0}]}, {"source": 13, "prod": 11.284410092403588, "target": 0, "value": 9234.0, "supply": [{"l": "Fats, Animals, Raw", "v": 361.0}, {"l": "Alcohol, Non-Food", "v": 255.0}, {"l": "Beverages, Fermented", "v": 1.0}, {"l": "Fish, Body Oil", "v": 4.0}, {"l": "Beer", "v": 917.0}, {"l": "Beverages, Alcoholic", "v": 251.0}, {"l": "Cream", "v": 63.0}, {"l": "Butter, Ghee", "v": 114.0}, {"l": "Wine", "v": 7268.0}]}, {"source": 13, "prod": 14.992092194757502, "target": 12, "value": 1459.0, "supply": [{"l": "Olive Oil", "v": 641.0}, {"l": "Sesameseed Oil", "v": 4.0}, {"l": "Soyabean Oil", "v": 378.0}, {"l": "Coconut Oil", "v": 49.0}, {"l": "Rape and Mustard Oil", "v": 55.0}, {"l": "Maize Germ Oil", "v": 52.0}, {"l": "Groundnut Oil", "v": 48.0}, {"l": "Palm Oil", "v": 81.0}, {"l": "Palmkernel Oil", "v": 4.0}, {"l": "Oilcrops Oil, Other", "v": 84.0}, {"l": "Sunflowerseed Oil", "v": 63.0}]}, {"source": 13, "prod": 6.6156951924786931, "target": 5, "value": 2026.0, "supply": [{"l": "Honey", "v": 7.0}, {"l": "Sweeteners, Other", "v": 157.0}, {"l": "Sugar", "v": 1862.0}]}]}