{"nodes": [{"layer": 13, "name": "Other Processed", "fill": "#9c9ede"}, {"layer": 10, "name": "Feed", "fill": "#dbdb8d"}, {"layer": 13, "name": "Animal Products", "fill": "#17becf"}, {"layer": 5, "name": "Cereals", "fill": "#e7ba52"}, {"layer": 5, "name": "Fruits, Roots & Vegetables", "fill": "#98df8a"}, {"layer": 5, "name": "Sugar Crops", "fill": "#ffbb78"}, {"layer": 13, "name": "Aquatic Products", "fill": "#1f77b4"}, {"layer": 16, "name": "Food", "fill": "#b5cf6b"}, {"layer": 5, "name": "Oilcrops", "fill": "#ff9896"}, {"layer": 13, "name": "Sugar", "fill": "#d6616b"}, {"layer": 13, "name": "Vegetable Oils", "fill": "#f7b6d2"}, {"layer": 10, "name": "Processing", "fill": "#9edae5"}, {"layer": 16, "name": "Biofuels & Other", "fill": "#e7ba52"}, {"name": "Seed", "fill": "#dbdb8d"}, {"name": "Waste", "fill": "#c7c7c7"}, {"layer": 0, "name": "Import", "fill": "#aec7e8"}, {"layer": 16, "name": "Export", "fill": "#aec7e8"}, {"layer": 0, "name": "Stock Draw", "fill": "#c7c7c7"}, {"layer": 16, "name": "Stock Deposit", "fill": "#c7c7c7"}, {"layer": 0, "name": "Production", "fill": "#b5cf6b"}], "links": [{"source": 0, "prod": 0.058841815069009901, "target": 1, "value": 7.0, "supply": [{"l": "Fish, Body Oil", "v": 7.0}]}, {"source": 2, "prod": 1.4081519133649802, "target": 1, "value": 2587.0, "supply": [{"l": "Milk - Excluding Butter", "v": 2583.0}, {"l": "Offals, Edible", "v": 3.0}, {"l": "Meat, Other", "v": 1.0}]}, {"source": 3, "prod": 24.868052661672216, "target": 1, "value": 8186.0, "supply": [{"l": "Maize", "v": 6886.0}, {"l": "Wheat", "v": 74.0}, {"l": "Oats", "v": 523.0}, {"l": "Rye", "v": 40.0}, {"l": "Millet", "v": 3.0}, {"l": "Barley", "v": 624.0}, {"l": "Rice", "v": 2.0}, {"l": "Sorghum", "v": 22.0}, {"l": "Cereals, Other", "v": 12.0}]}, {"source": 4, "prod": 2.0760003200376955, "target": 1, "value": 1532.0, "supply": [{"l": "Vegetables, Other", "v": 512.0}, {"l": "Potatoes", "v": 643.0}, {"l": "Sweet potatoes", "v": 11.0}, {"l": "Pulses, Other", "v": 366.0}]}, {"source": 5, "prod": 0.18711777742000002, "target": 1, "value": 161.0, "supply": [{"l": "Sugar beet", "v": 161.0}]}, {"source": 6, "prod": 0.79856872568088288, "target": 1, "value": 916.0, "supply": [{"l": "Pelagic Fish", "v": 458.0}, {"l": "Fish, Seafood", "v": 458.0}]}, {"source": 0, "prod": 6.3115306170844914, "target": 7, "value": 6071.0, "supply": [{"l": "Beer", "v": 435.0}, {"l": "Beverages, Alcoholic", "v": 83.0}, {"l": "Fats, Animals, Raw", "v": 103.0}, {"l": "Butter, Ghee", "v": 80.0}, {"l": "Wine", "v": 5356.0}, {"l": "Fish, Liver Oil", "v": 1.0}, {"l": "Cream", "v": 13.0}]}, {"source": 2, "prod": 9.1473190188822908, "target": 7, "value": 10270.0, "supply": [{"l": "Pigmeat", "v": 490.0}, {"l": "Meat, Other", "v": 114.0}, {"l": "Poultry Meat", "v": 432.0}, {"l": "Eggs", "v": 495.0}, {"l": "Mutton & Goat Meat", "v": 43.0}, {"l": "Milk - Excluding Butter", "v": 7661.0}, {"l": "Offals, Edible", "v": 103.0}, {"l": "Bovine Meat", "v": 932.0}]}, {"source": 3, "prod": 27.832871112110354, "target": 7, "value": 9114.0, "supply": [{"l": "Maize", "v": 260.0}, {"l": "Rye", "v": 32.0}, {"l": "Barley", "v": 92.0}, {"l": "Rice", "v": 253.0}, {"l": "Wheat", "v": 8476.0}, {"l": "Oats", "v": 1.0}]}, {"source": 8, "prod": 0.11318868876254677, "target": 7, "value": 50.0, "supply": [{"l": "Olives", "v": 36.0}, {"l": "Coconuts - Incl Copra", "v": 2.0}, {"l": "Groundnuts", "v": 11.0}, {"l": "Rape and Mustardseed", "v": 1.0}]}, {"source": 4, "prod": 9.7878680703387779, "target": 7, "value": 16990.0, "supply": [{"l": "Vegetables, Other", "v": 5480.0}, {"l": "Nuts", "v": 295.0}, {"l": "Citrus, Other", "v": 39.0}, {"l": "Tomatoes", "v": 1865.0}, {"l": "Coffee", "v": 119.0}, {"l": "Treenuts", "v": 295.0}, {"l": "Cocoa Beans", "v": 24.0}, {"l": "Peas", "v": 9.0}, {"l": "Grapes", "v": 625.0}, {"l": "Infant food", "v": 4.0}, {"l": "Dates", "v": 3.0}, {"l": "Potatoes", "v": 2392.0}, {"l": "Pepper", "v": 2.0}, {"l": "Beans", "v": 151.0}, {"l": "Apples", "v": 1424.0}, {"l": "Lemons, Limes", "v": 159.0}, {"l": "Bananas", "v": 97.0}, {"l": "Tea", "v": 2.0}, {"l": "Fruits, Other", "v": 2621.0}, {"l": "Sweet potatoes", "v": 25.0}, {"l": "Oranges, Mandarines", "v": 854.0}, {"l": "Onions", "v": 357.0}, {"l": "Pulses, Other", "v": 148.0}]}, {"source": 9, "prod": 5.0232697126174992, "target": 7, "value": 1421.0, "supply": [{"l": "Sugar", "v": 1396.0}, {"l": "Sweeteners, Other", "v": 18.0}, {"l": "Honey", "v": 7.0}]}, {"source": 6, "prod": 0.9996784013744654, "target": 7, "value": 1276.0, "supply": [{"l": "Freshwater Fish", "v": 23.0}, {"l": "Crustaceans", "v": 18.0}, {"l": "Marine Fish, Other", "v": 82.0}, {"l": "Demersal Fish", "v": 214.0}, {"l": "Pelagic Fish", "v": 236.0}, {"l": "Fish, Seafood", "v": 638.0}, {"l": "Cephalopods", "v": 32.0}, {"l": "Molluscs, Other", "v": 33.0}]}, {"source": 10, "prod": 7.6773783528186641, "target": 7, "value": 753.0, "supply": [{"l": "Groundnut Oil", "v": 56.0}, {"l": "Soyabean Oil", "v": 59.0}, {"l": "Sunflowerseed Oil", "v": 20.0}, {"l": "Olive Oil", "v": 523.0}, {"l": "Coconut Oil", "v": 15.0}, {"l": "Rape and Mustard Oil", "v": 26.0}, {"l": "Oilcrops Oil, Other", "v": 22.0}, {"l": "Sesameseed Oil", "v": 13.0}, {"l": "Maize Germ Oil", "v": 19.0}]}, {"source": 0, "prod": 0.15940057786490419, "target": 11, "value": 202.0, "supply": [{"l": "Wine", "v": 202.0}]}, {"source": 3, "prod": 0.67782572071233571, "target": 11, "value": 238.0, "supply": [{"l": "Maize", "v": 124.0}, {"l": "Barley", "v": 105.0}, {"l": "Rice", "v": 9.0}]}, {"source": 8, "prod": 5.7363694829247347, "target": 11, "value": 2839.0, "supply": [{"l": "Sunflower seed", "v": 71.0}, {"l": "Olives", "v": 1847.0}, {"l": "Coconuts - Incl Copra", "v": 122.0}, {"l": "Soyabeans", "v": 325.0}, {"l": "Sesame seed", "v": 28.0}, {"l": "Cottonseed", "v": 8.0}, {"l": "Rape and Mustardseed", "v": 73.0}, {"l": "Groundnuts", "v": 126.0}, {"l": "Palm kernels", "v": 1.0}, {"l": "Oilcrops, Other", "v": 213.0}, {"l": "Oil Palm", "v": 25.000000000000014}]}, {"source": 4, "prod": 7.4041213864619824, "target": 11, "value": 9764.0, "supply": [{"l": "Cocoa Beans", "v": 3.0}, {"l": "Fruits, Other", "v": 50.0}, {"l": "Grapes", "v": 9496.0}, {"l": "Apples", "v": 215.0}]}, {"source": 5, "prod": 8.8991355385400013, "target": 11, "value": 7657.0, "supply": [{"l": "Sugar beet", "v": 7657.0}]}, {"source": 10, "prod": 0.010859344940476743, "target": 11, "value": 1.0, "supply": [{"l": "Oilcrops Oil, Other", "v": 1.0}]}, {"source": 0, "prod": 1.8534215564646339, "target": 12, "value": 473.0, "supply": [{"l": "Alcohol, Non-Food", "v": 194.0}, {"l": "Beverages, Alcoholic", "v": 129.0}, {"l": "Fats, Animals, Raw", "v": 147.0}, {"l": "Fish, Body Oil", "v": 3.0}]}, {"source": 2, "prod": 0.32645182423418972, "target": 12, "value": 601.0, "supply": [{"l": "Milk - Excluding Butter", "v": 601.0}]}, {"source": 3, "prod": 0.71870791153829927, "target": 12, "value": 226.0, "supply": [{"l": "Maize", "v": 217.0}, {"l": "Rice", "v": 3.0}, {"l": "Wheat", "v": 6.0}]}, {"source": 4, "prod": 0.10230474777767885, "target": 12, "value": 71.0, "supply": [{"l": "Potatoes", "v": 20.0}, {"l": "Nuts", "v": 17.0}, {"l": "Citrus, Other", "v": 17.0}, {"l": "Treenuts", "v": 17.0}]}, {"source": 9, "prod": 0.18748823575262499, "target": 12, "value": 53.0, "supply": [{"l": "Sugar", "v": 12.0}, {"l": "Sweeteners, Other", "v": 41.0}]}, {"source": 6, "prod": 0.0031540473773026506, "target": 12, "value": 4.0, "supply": [{"l": "Aquatic Products, Other", "v": 2.0}, {"l": "Aquatic Plants", "v": 2.0}]}, {"source": 10, "prod": 1.1971870770423381, "target": 12, "value": 118.0, "supply": [{"l": "Olive Oil", "v": 21.0}, {"l": "Coconut Oil", "v": 16.0}, {"l": "Oilcrops Oil, Other", "v": 32.0}, {"l": "Rape and Mustard Oil", "v": 3.0}, {"l": "Cottonseed Oil", "v": 1.0}, {"l": "Palm Oil", "v": 37.0}, {"l": "Palmkernel Oil", "v": 8.0}]}, {"source": 4, "prod": 1.0177607520850107, "target": 13, "value": 759.0, "supply": [{"l": "Vegetables, Other", "v": 10.0}, {"l": "Potatoes", "v": 612.0}, {"l": "Peas", "v": 9.0}, {"l": "Beans", "v": 49.0}, {"l": "Pulses, Other", "v": 79.0}]}, {"source": 2, "prod": 0.05186893419734985, "target": 2, "value": 32.0, "supply": [{"l": "Eggs", "v": 32.0}]}, {"source": 3, "prod": 2.9586743682274741, "target": 13, "value": 1004.0, "supply": [{"l": "Maize", "v": 70.0}, {"l": "Wheat", "v": 755.0}, {"l": "Oats", "v": 83.0}, {"l": "Rye", "v": 17.0}, {"l": "Barley", "v": 52.0}, {"l": "Rice", "v": 19.0}, {"l": "Sorghum", "v": 1.0}, {"l": "Cereals, Other", "v": 7.0}]}, {"source": 8, "prod": 0.0069844384202775297, "target": 13, "value": 2.0, "supply": [{"l": "Cottonseed", "v": 1.0}, {"l": "Oilcrops, Other", "v": 1.0}]}, {"source": 0, "prod": 0.15150946014881983, "target": 14, "value": 192.0, "supply": [{"l": "Wine", "v": 192.0}]}, {"source": 2, "prod": 0.094109369991428701, "target": 14, "value": 160.0, "supply": [{"l": "Milk - Excluding Butter", "v": 155.0}, {"l": "Mutton & Goat Meat", "v": 2.0}, {"l": "Eggs", "v": 3.0}]}, {"source": 3, "prod": 0.32097131626992015, "target": 14, "value": 106.0, "supply": [{"l": "Maize", "v": 39.0}, {"l": "Oats", "v": 2.0}, {"l": "Sorghum", "v": 2.0}, {"l": "Wheat", "v": 58.0}, {"l": "Barley", "v": 5.0}]}, {"source": 8, "prod": 0.0034922192101387649, "target": 14, "value": 1.0, "supply": [{"l": "Soyabeans", "v": 1.0}]}, {"source": 4, "prod": 1.0421317042650751, "target": 14, "value": 2441.0, "supply": [{"l": "Oranges, Mandarines", "v": 106.0}, {"l": "Potatoes", "v": 352.0}, {"l": "Nuts", "v": 6.0}, {"l": "Beans", "v": 8.0}, {"l": "Apples", "v": 238.0}, {"l": "Lemons, Limes", "v": 54.0}, {"l": "Tomatoes", "v": 550.0}, {"l": "Bananas", "v": 2.0}, {"l": "Treenuts", "v": 6.0}, {"l": "Fruits, Other", "v": 224.0}, {"l": "Vegetables, Other", "v": 786.0}, {"l": "Grapes", "v": 62.0}, {"l": "Pulses, Other", "v": 4.0}, {"l": "Onions", "v": 43.0}]}, {"source": 5, "prod": 0.17433333300000001, "target": 14, "value": 150.0, "supply": [{"l": "Sugar beet", "v": 150.0}]}, {"source": 15, "prod": 2.8808311590065649, "target": 1, "value": 3305.0, "supply": [{"l": "Freshwater Fish", "v": 3.0}, {"l": "Pigmeat", "v": 29.0}, {"l": "Meat, Other", "v": 3.0}, {"l": "Crustaceans", "v": 6.0}, {"l": "Eggs", "v": 32.0}, {"l": "Marine Fish, Other", "v": 6.0}, {"l": "Demersal Fish", "v": 160.0}, {"l": "Mutton & Goat Meat", "v": 3.0}, {"l": "Poultry Meat", "v": 4.0}, {"l": "Milk - Excluding Butter", "v": 1388.0}, {"l": "Pelagic Fish", "v": 591.0}, {"l": "Fish, Seafood", "v": 773.0}, {"l": "Cephalopods", "v": 4.0}, {"l": "Molluscs, Other", "v": 3.0}, {"l": "Offals, Edible", "v": 2.0}, {"l": "Bovine Meat", "v": 298.0}]}, {"source": 15, "prod": 4.6647918496616638, "target": 11, "value": 847.0, "supply": [{"l": "Alcohol, Non-Food", "v": 7.0}, {"l": "Sugar", "v": 500.0}, {"l": "Beer", "v": 16.0}, {"l": "Beverages, Alcoholic", "v": 4.0}, {"l": "Fats, Animals, Raw", "v": 118.0}, {"l": "Soyabean Oil", "v": 6.0}, {"l": "Butter, Ghee", "v": 27.0}, {"l": "Palm Oil", "v": 42.0}, {"l": "Sunflowerseed Oil", "v": 2.0}, {"l": "Olive Oil", "v": 57.0}, {"l": "Coconut Oil", "v": 16.0}, {"l": "Oilcrops Oil, Other", "v": 22.0}, {"l": "Wine", "v": 8.0}, {"l": "Sweeteners, Other", "v": 1.0}, {"l": "Fish, Body Oil", "v": 10.0}, {"l": "Fish, Liver Oil", "v": 1.0}, {"l": "Honey", "v": 1.0}, {"l": "Palmkernel Oil", "v": 7.0}, {"l": "Cream", "v": 2.0}]}, {"source": 15, "prod": 14.615949784091534, "target": 3, "value": 4857.0, "supply": [{"l": "Maize", "v": 3476.0}, {"l": "Rye", "v": 4.0}, {"l": "Barley", "v": 640.0}, {"l": "Rice", "v": 3.0}, {"l": "Cereals, Other", "v": 10.0}, {"l": "Wheat", "v": 553.0}, {"l": "Oats", "v": 168.0}, {"l": "Millet", "v": 3.0}]}, {"source": 15, "prod": 0.94180569568236805, "target": 4, "value": 825.0, "supply": [{"l": "Nuts", "v": 7.0}, {"l": "Citrus, Other", "v": 1.0}, {"l": "Grapefruit", "v": 1.0}, {"l": "Cocoa Beans", "v": 38.0}, {"l": "Tomatoes", "v": 9.0}, {"l": "Coffee", "v": 120.0}, {"l": "Treenuts", "v": 7.0}, {"l": "Vegetables, Other", "v": 43.0}, {"l": "Peas", "v": 10.0}, {"l": "Grapes", "v": 40.0}, {"l": "Dates", "v": 4.0}, {"l": "Potatoes", "v": 305.0}, {"l": "Pepper", "v": 2.0}, {"l": "Beans", "v": 8.0}, {"l": "Apples", "v": 3.0}, {"l": "Pineapples", "v": 1.0}, {"l": "Bananas", "v": 98.0}, {"l": "Spices, Other", "v": 1.0}, {"l": "Tea", "v": 2.0}, {"l": "Fruits, Other", "v": 40.0}, {"l": "Infant food", "v": 4.0}, {"l": "Onions", "v": 20.0}, {"l": "Pulses, Other", "v": 61.0}]}, {"source": 15, "prod": 2.7017234115942634, "target": 8, "value": 762.0, "supply": [{"l": "Olives", "v": 4.0}, {"l": "Sunflower seed", "v": 67.0}, {"l": "Coconuts - Incl Copra", "v": 124.0}, {"l": "Sesame seed", "v": 27.0}, {"l": "Groundnuts", "v": 130.0}, {"l": "Oilcrops, Other", "v": 22.0}, {"l": "Soyabeans", "v": 325.0}, {"l": "Rape and Mustardseed", "v": 62.0}, {"l": "Palm kernels", "v": 1.0}]}, {"source": 15, "prod": 0.0023244444400000001, "target": 5, "value": 2.0, "supply": [{"l": "Sugar beet", "v": 2.0}]}, {"source": 0, "prod": 0.26345615877589629, "target": 16, "value": 228.0, "supply": [{"l": "Beer", "v": 2.0}, {"l": "Wine", "v": 212.0}, {"l": "Alcohol, Non-Food", "v": 1.0}, {"l": "Fats, Animals, Raw", "v": 10.0}, {"l": "Beverages, Alcoholic", "v": 3.0}]}, {"source": 2, "prod": 0.13258086029085114, "target": 16, "value": 211.0, "supply": [{"l": "Pigmeat", "v": 10.0}, {"l": "Milk - Excluding Butter", "v": 198.0}, {"l": "Bovine Meat", "v": 2.0}, {"l": "Eggs", "v": 1.0}]}, {"source": 3, "prod": 1.6694114941379601, "target": 16, "value": 514.0, "supply": [{"l": "Maize", "v": 231.0}, {"l": "Cereals, Other", "v": 3.0}, {"l": "Rice", "v": 64.0}, {"l": "Wheat", "v": 216.0}]}, {"source": 8, "prod": 0.0034922192101387649, "target": 16, "value": 1.0, "supply": [{"l": "Rape and Mustardseed", "v": 1.0}]}, {"source": 4, "prod": 2.092356202202843, "target": 16, "value": 3457.0, "supply": [{"l": "Oranges, Mandarines", "v": 224.0}, {"l": "Cocoa Beans", "v": 11.0}, {"l": "Potatoes", "v": 186.0}, {"l": "Nuts", "v": 153.0}, {"l": "Beans", "v": 4.0}, {"l": "Pulses, Other", "v": 1.0}, {"l": "Lemons, Limes", "v": 353.0}, {"l": "Tomatoes", "v": 586.0}, {"l": "Spices, Other", "v": 1.0}, {"l": "Fruits, Other", "v": 636.0}, {"l": "Vegetables, Other", "v": 395.0}, {"l": "Treenuts", "v": 153.0}, {"l": "Grapes", "v": 215.0}, {"l": "Onions", "v": 32.0}, {"l": "Apples", "v": 507.0}]}, {"source": 9, "prod": 0.021225083292750004, "target": 16, "value": 6.0, "supply": [{"l": "Sugar", "v": 5.0}, {"l": "Sweeteners, Other", "v": 1.0}]}, {"source": 6, "prod": 0.0050160218846359676, "target": 16, "value": 6.0, "supply": [{"l": "Pelagic Fish", "v": 2.0}, {"l": "Fish, Seafood", "v": 3.0}, {"l": "Marine Fish, Other", "v": 1.0}]}, {"source": 10, "prod": 0.30421431520013958, "target": 16, "value": 29.0, "supply": [{"l": "Olive Oil", "v": 14.0}, {"l": "Oilcrops Oil, Other", "v": 5.0}, {"l": "Palm Oil", "v": 10.0}]}, {"source": 17, "prod": 0.138064230634003, "target": 4, "value": 97.0, "supply": [{"l": "Potatoes", "v": 77.0}, {"l": "Pulses, Other", "v": 20.0}]}, {"source": 17, "prod": 0.018656875391130444, "target": 8, "value": 6.0, "supply": [{"l": "Olives", "v": 1.0}, {"l": "Soyabeans", "v": 1.0}, {"l": "Rape and Mustardseed", "v": 4.0}]}, {"source": 0, "prod": 0.66705128070179298, "target": 18, "value": 762.0, "supply": [{"l": "Beer", "v": 12.0}, {"l": "Butter, Ghee", "v": 3.0}, {"l": "Wine", "v": 741.0}, {"l": "Fats, Animals, Raw", "v": 6.0}]}, {"source": 3, "prod": 0.38282697584516057, "target": 18, "value": 108.0, "supply": [{"l": "Oats", "v": 25.0}, {"l": "Rye", "v": 1.0}, {"l": "Barley", "v": 13.0}, {"l": "Rice", "v": 69.0}]}, {"source": 17, "prod": 0.10048849830836121, "target": 1, "value": 185.0, "supply": [{"l": "Milk - Excluding Butter", "v": 185.0}]}, {"source": 10, "prod": 0.14246245530303758, "target": 18, "value": 14.0, "supply": [{"l": "Oilcrops Oil, Other", "v": 5.0}, {"l": "Sunflowerseed Oil", "v": 9.0}]}, {"source": 8, "prod": 0.0057886590798409097, "target": 18, "value": 1.0, "supply": [{"l": "Groundnuts", "v": 1.0}]}, {"source": 17, "prod": 1.7991105357876607, "target": 11, "value": 175.0, "supply": [{"l": "Olive Oil", "v": 170.0}, {"l": "Palm Oil", "v": 5.0}]}, {"source": 9, "prod": 0.78886559571387505, "target": 18, "value": 223.0, "supply": [{"l": "Sugar", "v": 223.0}]}, {"source": 17, "prod": 2.5935064496723834, "target": 3, "value": 839.0, "supply": [{"l": "Maize", "v": 393.0}, {"l": "Wheat", "v": 446.0}]}, {"source": 19, "prod": 42.219061472177906, "target": 3, "value": 13800.0, "supply": [{"l": "Maize", "v": 3957.0}, {"l": "Rye", "v": 86.0}, {"l": "Barley", "v": 252.0}, {"l": "Rice", "v": 416.0}, {"l": "Cereals, Other", "v": 12.0}, {"l": "Wheat", "v": 8586.0}, {"l": "Oats", "v": 466.0}, {"l": "Sorghum", "v": 25.0}]}, {"source": 19, "prod": 3.155919859042561, "target": 8, "value": 2128.0, "supply": [{"l": "Olives", "v": 1878.0}, {"l": "Sunflower seed", "v": 4.0}, {"l": "Sesame seed", "v": 1.0}, {"l": "Groundnuts", "v": 8.0}, {"l": "Oilcrops, Other", "v": 193.0}, {"l": "Cottonseed", "v": 8.0}, {"l": "Rape and Mustardseed", "v": 11.0}, {"l": "Oil Palm", "v": 25.000000000000014}]}, {"source": 19, "prod": 22.451709077902805, "target": 4, "value": 34097.0, "supply": [{"l": "Nuts", "v": 464.0}, {"l": "Tomatoes", "v": 2991.0}, {"l": "Treenuts", "v": 464.0}, {"l": "Vegetables, Other", "v": 7141.0}, {"l": "Peas", "v": 9.0}, {"l": "Grapes", "v": 10358.0}, {"l": "Potatoes", "v": 3823.0}, {"l": "Beans", "v": 204.0}, {"l": "Pulses, Other", "v": 517.0}, {"l": "Lemons, Limes", "v": 565.0}, {"l": "Bananas", "v": 1.0}, {"l": "Citrus, Other", "v": 55.0}, {"l": "Fruits, Other", "v": 3492.0}, {"l": "Sweet potatoes", "v": 36.0}, {"l": "Oranges, Mandarines", "v": 1183.0}, {"l": "Onions", "v": 413.0}, {"l": "Apples", "v": 2381.0}]}, {"source": 19, "prod": 9.2582622045200011, "target": 5, "value": 7966.0, "supply": [{"l": "Sugar beet", "v": 7966.0}]}, {"source": 1, "prod": 1.806417196317287, "target": 6, "value": 2202.0, "supply": [{"l": "Pelagic Fish", "v": 696.0}, {"l": "Crustaceans", "v": 18.0}, {"l": "Freshwater Fish", "v": 23.0}, {"l": "Molluscs, Other", "v": 33.0}, {"l": "Aquatic Plants", "v": 2.0}, {"l": "Demersal Fish", "v": 214.0}, {"l": "Aquatic Products, Other", "v": 2.0}, {"l": "Fish, Seafood", "v": 1099.0}, {"l": "Marine Fish, Other", "v": 83.0}, {"l": "Cephalopods", "v": 32.0}]}, {"source": 1, "prod": 11.10861298676374, "target": 2, "value": 13829.0, "supply": [{"l": "Poultry Meat", "v": 432.0}, {"l": "Pigmeat", "v": 500.0}, {"l": "Bovine Meat", "v": 934.0}, {"l": "Eggs", "v": 531.0}, {"l": "Milk - Excluding Butter", "v": 11198.0}, {"l": "Offals, Edible", "v": 106.0}, {"l": "Meat, Other", "v": 115.0}, {"l": "Mutton & Goat Meat", "v": 45.0}]}, {"source": 11, "prod": 9.4652114661095492, "target": 0, "value": 7935.0, "supply": [{"l": "Fats, Animals, Raw", "v": 266.0}, {"l": "Alcohol, Non-Food", "v": 195.0}, {"l": "Fish, Body Oil", "v": 10.0}, {"l": "Beer", "v": 449.0}, {"l": "Beverages, Alcoholic", "v": 215.0}, {"l": "Fish, Liver Oil", "v": 1.0}, {"l": "Cream", "v": 13.0}, {"l": "Butter, Ghee", "v": 83.0}, {"l": "Wine", "v": 6703.0}]}, {"source": 11, "prod": 9.3321015453046563, "target": 10, "value": 915.0, "supply": [{"l": "Olive Oil", "v": 558.0}, {"l": "Sesameseed Oil", "v": 13.0}, {"l": "Soyabean Oil", "v": 59.0}, {"l": "Coconut Oil", "v": 31.0}, {"l": "Rape and Mustard Oil", "v": 29.0}, {"l": "Maize Germ Oil", "v": 19.0}, {"l": "Groundnut Oil", "v": 56.0}, {"l": "Cottonseed Oil", "v": 1.0}, {"l": "Palmkernel Oil", "v": 8.0}, {"l": "Oilcrops Oil, Other", "v": 65.0}, {"l": "Palm Oil", "v": 47.0}, {"l": "Sunflowerseed Oil", "v": 29.0}]}, {"source": 11, "prod": 6.0208486273767488, "target": 9, "value": 1703.0, "supply": [{"l": "Honey", "v": 7.0}, {"l": "Sweeteners, Other", "v": 60.0}, {"l": "Sugar", "v": 1636.0}]}]}