{"nodes": [{"layer": 3, "name": "Oilcrops", "fill": "#ff9896"}, {"layer": 5, "name": "Production", "fill": "#b5cf6b"}, {"layer": 3, "name": "Treenuts"}, {"layer": 3, "name": "Vegetables"}, {"layer": 3, "name": "Others"}, {"layer": 3, "name": "Sugar Crops", "fill": "#ffbb78"}, {"layer": 3, "name": "Starchy Roots"}, {"layer": 3, "name": "Pulses"}, {"layer": 3, "name": "Cereals - Excluding Beer"}, {"layer": 3, "name": "Fruits - Excluding Wine"}, {"layer": 1, "name": "Electricity", "fill": "#bcbd22"}, {"layer": 0, "name": "Fossil Fuels", "fill": "#c49c94"}, {"layer": 0, "name": "Renewables & Nuclear", "fill": "#2ca02c"}, {"layer": 1, "name": "Fertilizers", "fill": "#c5b0d5"}, {"layer": 0, "name": "Labor", "fill": "#7f7f7f"}], "links": [{"source": 0, "prod": 2580.0, "target": 1, "value": 3.8754306843889403, "supply": [{"l": "Olives", "v": 3.2518175228829045}, {"l": "Sunflower seed", "v": 0.014823867696523812}, {"l": "Sesame seed", "v": 0.003705966924130953}, {"l": "Groundnuts", "v": 0.012128619024428572}, {"l": "Oilcrops, Other", "v": 0.56330697246790484}, {"l": "Cottonseed", "v": 0.01111790077239286}, {"l": "Rape and Mustardseed", "v": 0.018529834620654766}]}, {"source": 2, "prod": 404.0, "target": 1, "value": 0.95459913956951625, "supply": [{"l": "Treenuts", "v": 0.95459913956951625}]}, {"source": 3, "prod": 12221.0, "target": 1, "value": 3.0530754602438979, "supply": [{"l": "Tomatoes", "v": 0.76911587366106349}, {"l": "Vegetables, Other", "v": 2.072892622842978}, {"l": "Onions", "v": 0.21106696373985664}]}, {"source": 4, "prod": 404.0, "target": 1, "value": 0.95277040558566684, "supply": [{"l": "Nuts", "v": 0.95277040558566684}]}, {"source": 5, "prod": 10571.0, "target": 1, "value": 12.285851087620001, "supply": [{"l": "Sugar beet", "v": 12.285851087620001}]}, {"source": 6, "prod": 3999.0, "target": 1, "value": 3.0944442831762013, "supply": [{"l": "Sweet potatoes", "v": 0.031565508486653841}, {"l": "Potatoes", "v": 3.0628787746895476}]}, {"source": 7, "prod": 660.0, "target": 1, "value": 2.5864690494083371, "supply": [{"l": "Peas", "v": 0.028300111057000001}, {"l": "Beans", "v": 0.63558720009191771}, {"l": "Pulses, Other", "v": 1.9225817382594195}]}, {"source": 8, "prod": 15562.0, "target": 1, "value": 47.720803984873768, "supply": [{"l": "Maize", "v": 14.397150514392203}, {"l": "Rye", "v": 0.21528298768360718}, {"l": "Barley", "v": 0.71709207025423138}, {"l": "Rice", "v": 2.4866920640567698}, {"l": "Cereals, Other", "v": 0.028040477010605507}, {"l": "Wheat", "v": 28.568510514524636}, {"l": "Oats", "v": 1.2443601070734627}, {"l": "Sorghum", "v": 0.063675249878250018}]}, {"source": 9, "prod": 19218.0, "target": 1, "value": 12.751299391923064, "supply": [{"l": "Grapefruit", "v": 0.0011622222200000001}, {"l": "Grapes", "v": 8.5978028258495094}, {"l": "Lemons, Limes", "v": 0.1271069997569656}, {"l": "Bananas", "v": 0.00072440557313139945}, {"l": "Citrus, Other", "v": 0.046488888800000003}, {"l": "Fruits, Other", "v": 2.1357913677187677}, {"l": "Oranges, Mandarines", "v": 0.68514924370963082}, {"l": "Apples", "v": 1.1570734382950592}]}, {"source": 10, "prod": 0, "target": 0, "value": 0.034910225190609344, "supply": "[{\"l\":'Energy for power irrigation',\"v\":0.034910225190609344}]"}, {"source": 10, "prod": 0, "target": 2, "value": 0.0045683514181440047, "supply": "[{\"l\":'Energy for power irrigation',\"v\":0.0045683514181440047}]"}, {"source": 10, "prod": 0, "target": 3, "value": 0.13399413661331988, "supply": "[{\"l\":'Energy for power irrigation',\"v\":0.13399413661331988}]"}, {"source": 10, "prod": 0, "target": 5, "value": 0.11458270745579696, "supply": "[{\"l\":'Energy for power irrigation',\"v\":0.11458270745579696}]"}, {"source": 10, "prod": 0, "target": 6, "value": 0.047293004538722101, "supply": "[{\"l\":'Energy for power irrigation',\"v\":0.047293004538722101}]"}, {"source": 10, "prod": 0, "target": 7, "value": 0.0080582901053145133, "supply": "[{\"l\":'Energy for power irrigation',\"v\":0.0080582901053145133}]"}, {"source": 10, "prod": 0, "target": 4, "value": 0.0045846088965003891, "supply": "[{\"l\":'Energy for power irrigation',\"v\":0.0045846088965003891}]"}, {"source": 10, "prod": 0, "target": 8, "value": 0.20751045374088994, "supply": "[{\"l\":'Energy for power irrigation',\"v\":0.20751045374088994}]"}, {"source": 10, "prod": 0, "target": 9, "value": 0.21123883544395411, "supply": "[{\"l\":'Energy for power irrigation',\"v\":0.21123883544395411}]"}, {"source": 11, "prod": 0, "target": 10, "value": 1.1492299976565274, "supply": [{"l": "Coal", "v": 0.1345580464456328}, {"l": "Natural gas", "v": 0.099118219488796275}, {"l": "Oil", "v": 0.91555373172209831}]}, {"source": 12, "prod": 0, "target": 10, "value": 0.32685211072959758, "supply": [{"l": "Nuclear", "v": 0.01176210844921438}, {"l": "Hydroelectric", "v": 0.28838532246596682}, {"l": "Renewable", "v": 0.026704679814416404}]}, {"source": 11, "prod": 0, "target": 0, "value": 1.0668648117821036, "supply": [{"l": "Motor Gasoline", "v": 0.049045118091083292}, {"l": "Gas-Diesel oil", "v": 0.60548151307031783}, {"l": "Natural gas (including LNG)", "v": 0.00063143342691658957}, {"l": "Fuel oil", "v": 0.18197069452500225}, {"l": "Liquefied petroleum gas (LPG)", "v": 0.012145832444549575}, {"l": "Other fossil fuels", "v": 0.21759022022423388}]}, {"source": 11, "prod": 0, "target": 2, "value": 0.13960990939650936, "supply": [{"l": "Motor Gasoline", "v": 0.0064180432397986983}, {"l": "Gas-Diesel oil", "v": 0.079233299521620282}, {"l": "Natural gas (including LNG)", "v": 8.2629366484117519e-05}, {"l": "Fuel oil", "v": 0.023812681695836217}, {"l": "Liquefied petroleum gas (LPG)", "v": 0.0015894034074441618}, {"l": "Other fossil fuels", "v": 0.028473852165325855}]}, {"source": 11, "prod": 0, "target": 3, "value": 4.0948927873524203, "supply": [{"l": "Motor Gasoline", "v": 0.18824737502640879}, {"l": "Gas-Diesel oil", "v": 2.3239888066092327}, {"l": "Natural gas (including LNG)", "v": 0.0024235987137441154}, {"l": "Fuel oil", "v": 0.69844883465153762}, {"l": "Liquefied petroleum gas (LPG)", "v": 0.046618729125105979}, {"l": "Other fossil fuels", "v": 0.8351654432263903}]}, {"source": 11, "prod": 0, "target": 5, "value": 3.5016748805217008, "supply": [{"l": "Motor Gasoline", "v": 0.1609764012601467}, {"l": "Gas-Diesel oil", "v": 1.9873177759017073}, {"l": "Natural gas (including LNG)", "v": 0.0020724974198578655}, {"l": "Fuel oil", "v": 0.59726612310410554}, {"l": "Liquefied petroleum gas (LPG)", "v": 0.039865178703439329}, {"l": "Other fossil fuels", "v": 0.7141769041324435}]}, {"source": 11, "prod": 0, "target": 6, "value": 1.4452855033254297, "supply": [{"l": "Motor Gasoline", "v": 0.066441593539410732}, {"l": "Gas-Diesel oil", "v": 0.82024792992310824}, {"l": "Natural gas (including LNG)", "v": 0.00085540507865586421}, {"l": "Fuel oil", "v": 0.24651633826757136}, {"l": "Liquefied petroleum gas (LPG)", "v": 0.01645400182297177}, {"l": "Other fossil fuels", "v": 0.29477023469371144}]}, {"source": 11, "prod": 0, "target": 7, "value": 0.24626326841353427, "supply": [{"l": "Motor Gasoline", "v": 0.011321032381471724}, {"l": "Gas-Diesel oil", "v": 0.13976265289282247}, {"l": "Natural gas (including LNG)", "v": 0.00014575310553011}, {"l": "Fuel oil", "v": 0.042004101639037304}, {"l": "Liquefied petroleum gas (LPG)", "v": 0.0028036095692401761}, {"l": "Other fossil fuels", "v": 0.050226118825432431}]}, {"source": 11, "prod": 0, "target": 4, "value": 0.14010674181429053, "supply": [{"l": "Motor Gasoline", "v": 0.0064408832513282313}, {"l": "Gas-Diesel oil", "v": 0.079515268559063781}, {"l": "Natural gas (including LNG)", "v": 8.2923421169114374e-05}, {"l": "Fuel oil", "v": 0.023897424335323179}, {"l": "Liquefied petroleum gas (LPG)", "v": 0.0015950596473283049}, {"l": "Other fossil fuels", "v": 0.028575182600077905}]}, {"source": 11, "prod": 0, "target": 8, "value": 6.34156898055888, "supply": [{"l": "Motor Gasoline", "v": 0.29152990716295579}, {"l": "Gas-Diesel oil", "v": 3.599052793928688}, {"l": "Natural gas (including LNG)", "v": 0.0037533139992999144}, {"l": "Fuel oil", "v": 1.0816550504115781}, {"l": "Liquefied petroleum gas (LPG)", "v": 0.072196245881200286}, {"l": "Other fossil fuels", "v": 1.2933816691751574}]}, {"source": 11, "prod": 0, "target": 9, "value": 6.4555092150366962, "supply": [{"l": "Motor Gasoline", "v": 0.29676788314039532}, {"l": "Gas-Diesel oil", "v": 3.6637176931823947}, {"l": "Natural gas (including LNG)", "v": 0.0038207505403925275}, {"l": "Fuel oil", "v": 1.101089362400588}, {"l": "Liquefied petroleum gas (LPG)", "v": 0.07349341022796374}, {"l": "Other fossil fuels", "v": 1.3166201155449606}]}, {"source": 13, "prod": 55.973163510871792, "target": 0, "value": 0.57480853831570189, "supply": [{"l": "Potash", "v": 0.49874561428788527}, {"l": "Phosphate", "v": 2.0462852516370282}, {"l": "Nitrogen", "v": 10.098347813634232}]}, {"source": 13, "prod": 7.324647134378286, "target": 2, "value": 0.075219434616599926, "supply": [{"l": "Potash", "v": 0.49874561428788527}, {"l": "Phosphate", "v": 2.0462852516370282}, {"l": "Nitrogen", "v": 10.098347813634232}]}, {"source": 13, "prod": 214.83893836849049, "target": 3, "value": 2.2062582922064644, "supply": [{"l": "Potash", "v": 0.49874561428788527}, {"l": "Phosphate", "v": 2.0462852516370282}, {"l": "Nitrogen", "v": 10.098347813634232}]}, {"source": 13, "prod": 183.71570463736001, "target": 5, "value": 1.8866426162910899, "supply": [{"l": "Potash", "v": 0.49874561428788527}, {"l": "Phosphate", "v": 2.0462852516370282}, {"l": "Nitrogen", "v": 10.098347813634232}]}, {"source": 13, "prod": 75.827040974755988, "target": 6, "value": 0.77869514341526402, "supply": [{"l": "Potash", "v": 0.49874561428788527}, {"l": "Phosphate", "v": 2.0462852516370282}, {"l": "Nitrogen", "v": 10.098347813634232}]}, {"source": 13, "prod": 12.92022572813821, "target": 7, "value": 0.13268244279345678, "supply": [{"l": "Potash", "v": 0.49874561428788527}, {"l": "Phosphate", "v": 2.0462852516370282}, {"l": "Nitrogen", "v": 10.098347813634232}]}, {"source": 13, "prod": 7.3507134942871062, "target": 4, "value": 0.075487119437299577, "supply": [{"l": "Potash", "v": 0.49874561428788527}, {"l": "Phosphate", "v": 2.0462852516370282}, {"l": "Nitrogen", "v": 10.098347813634232}]}, {"source": 13, "prod": 332.71101787617238, "target": 8, "value": 3.4167290514102544, "supply": [{"l": "Potash", "v": 0.49874561428788527}, {"l": "Phosphate", "v": 2.0462852516370282}, {"l": "Nitrogen", "v": 10.098347813634232}]}, {"source": 13, "prod": 338.68890308192834, "target": 9, "value": 3.4781181036240394, "supply": [{"l": "Potash", "v": 0.49874561428788527}, {"l": "Phosphate", "v": 2.0462852516370282}, {"l": "Nitrogen", "v": 10.098347813634232}]}, {"source": 11, "prod": 0, "target": 13, "value": 15.319291806317947, "supply": [{"l": "Natural gas (including LNG)", "v": 10.37934272666204}, {"l": "Fuel oil", "v": 3.1548521555491567}, {"l": "Liquefied petroleum gas (LPG)", "v": 0.89254846205337479}, {"l": "Coal", "v": 0.89254846205337479}]}, {"source": 14, "prod": 0, "target": 0, "value": 0.10563321335933644, "supply": "[{\"l\":'Labor',\"v\":0.10563321335933644}]"}, {"source": 14, "prod": 0, "target": 2, "value": 0.01382316033249311, "supply": "[{\"l\":'Labor',\"v\":0.01382316033249311}]"}, {"source": 14, "prod": 0, "target": 3, "value": 0.40544657459220002, "supply": "[{\"l\":'Labor',\"v\":0.40544657459220002}]"}, {"source": 14, "prod": 0, "target": 5, "value": 0.3467104413644535, "supply": "[{\"l\":'Labor',\"v\":0.3467104413644535}]"}, {"source": 14, "prod": 0, "target": 6, "value": 0.14310168472321161, "supply": "[{\"l\":'Labor',\"v\":0.14310168472321161}]"}, {"source": 14, "prod": 0, "target": 7, "value": 0.024383202152333631, "supply": "[{\"l\":'Labor',\"v\":0.024383202152333631}]"}, {"source": 14, "prod": 0, "target": 4, "value": 0.013872353073889883, "supply": "[{\"l\":'Labor',\"v\":0.013872353073889883}]"}, {"source": 14, "prod": 0, "target": 8, "value": 0.62789615118840592, "supply": "[{\"l\":'Labor',\"v\":0.62789615118840592}]"}, {"source": 14, "prod": 0, "target": 9, "value": 0.63917768654873242, "supply": "[{\"l\":'Labor',\"v\":0.63917768654873242}]"}]}