{"nodes": [{"layer": 3, "name": "Maize"}, {"layer": 5, "name": "Production", "fill": "#b5cf6b"}, {"layer": 3, "name": "Rye"}, {"layer": 3, "name": "Nuts"}, {"layer": 3, "name": "Barley"}, {"layer": 3, "name": "Rice"}, {"layer": 3, "name": "Tomatoes"}, {"layer": 3, "name": "Sunflower seed"}, {"layer": 3, "name": "Cereals, Other"}, {"layer": 3, "name": "Wheat"}, {"layer": 3, "name": "Treenuts"}, {"layer": 3, "name": "Vegetables, Other"}, {"layer": 3, "name": "Peas"}, {"layer": 3, "name": "Grapes"}, {"layer": 3, "name": "Oilcrops, Other"}, {"layer": 3, "name": "Oats"}, {"layer": 3, "name": "Soyabeans"}, {"layer": 3, "name": "Potatoes"}, {"layer": 3, "name": "Rape and Mustardseed"}, {"layer": 3, "name": "Beans"}, {"layer": 3, "name": "Apples"}, {"layer": 3, "name": "Sugar beet"}, {"layer": 3, "name": "Sorghum"}, {"layer": 3, "name": "Spices, Other"}, {"layer": 3, "name": "Tea"}, {"layer": 3, "name": "Fruits, Other"}, {"layer": 3, "name": "Millet"}, {"layer": 3, "name": "Pulses, Other"}, {"layer": 3, "name": "Onions"}, {"layer": 3, "name": "Oil Palm"}, {"layer": 1, "name": "Electricity", "fill": "#bcbd22"}, {"layer": 0, "name": "Fossil Fuels", "fill": "#c49c94"}, {"layer": 0, "name": "Renewables & Nuclear", "fill": "#2ca02c"}, {"layer": 1, "name": "Fertilizers", "fill": "#c5b0d5"}, {"layer": 0, "name": "Labor", "fill": "#7f7f7f"}], "links": [{"source": 0, "prod": 3510.0, "target": 1, "value": 11.461544978085001, "supply": [{"l": "Maize", "v": 11.461544978085001}]}, {"source": 2, "prod": 2959.0, "target": 1, "value": 9.1521572987625355, "supply": [{"l": "Rye", "v": 9.1521572987625355}]}, {"source": 3, "prod": 12.0, "target": 1, "value": 0.031837624939125002, "supply": [{"l": "Nuts", "v": 0.031837624939125002}]}, {"source": 4, "prod": 18037.0, "target": 1, "value": 49.935238350173705, "supply": [{"l": "Barley", "v": 49.935238350173705}]}, {"source": 5, "prod": 454.0, "target": 1, "value": 1.8424833298104206, "supply": [{"l": "Rice", "v": 1.8424833298104206}]}, {"source": 6, "prod": 2415.0, "target": 1, "value": 0.53163605343465437, "supply": [{"l": "Tomatoes", "v": 0.53163605343465437}]}, {"source": 7, "prod": 6743.0, "target": 1, "value": 26.338191118332301, "supply": [{"l": "Sunflower seed", "v": 26.338191118332301}]}, {"source": 8, "prod": 886.0, "target": 1, "value": 4.1789830660836671, "supply": [{"l": "Cereals, Other", "v": 4.1789830660836671}]}, {"source": 9, "prod": 44927.0, "target": 1, "value": 148.68100160553749, "supply": [{"l": "Wheat", "v": 148.68100160553749}]}, {"source": 10, "prod": 12.0, "target": 1, "value": 0.031837624939125002, "supply": [{"l": "Treenuts", "v": 0.031837624939125002}]}, {"source": 11, "prod": 12426.0, "target": 1, "value": 3.8012963500865582, "supply": [{"l": "Vegetables, Other", "v": 3.8012963500865582}]}, {"source": 12, "prod": 1151.0, "target": 1, "value": 4.5890740860689423, "supply": [{"l": "Peas", "v": 4.5890740860689423}]}, {"source": 13, "prod": 244.0, "target": 1, "value": 0.21851984487050635, "supply": [{"l": "Grapes", "v": 0.21851984487050635}]}, {"source": 14, "prod": 89.0, "target": 1, "value": 0.34763443712465891, "supply": [{"l": "Oilcrops, Other", "v": 0.34763443712465891}]}, {"source": 15, "prod": 4860.0, "target": 1, "value": 11.722034636677842, "supply": [{"l": "Oats", "v": 11.722034636677842}]}, {"source": 16, "prod": 805.0, "target": 1, "value": 3.144333953767982, "supply": [{"l": "Soyabeans", "v": 3.144333953767982}]}, {"source": 17, "prod": 38573.0, "target": 1, "value": 30.006807064616268, "supply": [{"l": "Potatoes", "v": 30.006807064616268}]}, {"source": 18, "prod": 586.0, "target": 1, "value": 2.2889188781466303, "supply": [{"l": "Rape and Mustardseed", "v": 2.2889188781466303}]}, {"source": 19, "prod": 11.0, "target": 1, "value": 0.043857354428113254, "supply": [{"l": "Beans", "v": 0.043857354428113254}]}, {"source": 20, "prod": 1626.0, "target": 1, "value": 0.68487977996744132, "supply": [{"l": "Apples", "v": 0.68487977996744132}]}, {"source": 21, "prod": 30673.0, "target": 1, "value": 35.648842154060006, "supply": [{"l": "Sugar beet", "v": 35.648842154060006}]}, {"source": 22, "prod": 35.0, "target": 1, "value": 0.11505879446063454, "supply": [{"l": "Sorghum", "v": 0.11505879446063454}]}, {"source": 23, "prod": 4.0, "target": 1, "value": 0.028300111057000001, "supply": [{"l": "Spices, Other", "v": 0.028300111057000001}]}, {"source": 24, "prod": 1.0, "target": 1, "value": 0.00035974717445338983, "supply": [{"l": "Tea", "v": 0.00035974717445338983}]}, {"source": 25, "prod": 1322.0, "target": 1, "value": 0.73324095488981245, "supply": [{"l": "Fruits, Other", "v": 0.73324095488981245}]}, {"source": 26, "prod": 599.0, "target": 1, "value": 2.0268416495062285, "supply": [{"l": "Millet", "v": 2.0268416495062285}]}, {"source": 27, "prod": 607.0, "target": 1, "value": 2.4201285579877045, "supply": [{"l": "Pulses, Other", "v": 2.4201285579877045}]}, {"source": 28, "prod": 1789.0, "target": 1, "value": 0.62763097538396295, "supply": [{"l": "Onions", "v": 0.62763097538396295}]}, {"source": 29, "prod": 10.352504638218202, "target": 1, "value": 0.043946554646952407, "supply": [{"l": "Oil Palm", "v": 0.043946554646952407}]}, {"source": 30, "prod": 0, "target": 0, "value": 0.05167655484652537, "supply": "[{\"l\":'Energy for power irrigation',\"v\":0.05167655484652537}]"}, {"source": 30, "prod": 0, "target": 2, "value": 0.041777927507537858, "supply": "[{\"l\":'Energy for power irrigation',\"v\":0.041777927507537858}]"}, {"source": 30, "prod": 0, "target": 3, "value": 0.00088592365895096134, "supply": "[{\"l\":'Energy for power irrigation',\"v\":0.00088592365895096134}]"}, {"source": 30, "prod": 0, "target": 4, "value": 0.25439262987892647, "supply": "[{\"l\":'Energy for power irrigation',\"v\":0.25439262987892647}]"}, {"source": 30, "prod": 0, "target": 5, "value": 0.0088871396968781477, "supply": "[{\"l\":'Energy for power irrigation',\"v\":0.0088871396968781477}]"}, {"source": 30, "prod": 0, "target": 6, "value": 0.040529263452795949, "supply": "[{\"l\":'Energy for power irrigation',\"v\":0.040529263452795949}]"}, {"source": 30, "prod": 0, "target": 7, "value": 0.094159035815118711, "supply": "[{\"l\":'Energy for power irrigation',\"v\":0.094159035815118711}]"}, {"source": 30, "prod": 0, "target": 8, "value": 0.012598252976893199, "supply": "[{\"l\":'Energy for power irrigation',\"v\":0.012598252976893199}]"}, {"source": 30, "prod": 0, "target": 9, "value": 0.63946946311838293, "supply": "[{\"l\":'Energy for power irrigation',\"v\":0.63946946311838293}]"}, {"source": 30, "prod": 0, "target": 10, "value": 0.00088592365895096134, "supply": "[{\"l\":'Energy for power irrigation',\"v\":0.00088592365895096134}]"}, {"source": 30, "prod": 0, "target": 11, "value": 0.18519292360496159, "supply": "[{\"l\":'Energy for power irrigation',\"v\":0.18519292360496159}]"}, {"source": 30, "prod": 0, "target": 12, "value": 0.016141947612697043, "supply": "[{\"l\":'Energy for power irrigation',\"v\":0.016141947612697043}]"}, {"source": 30, "prod": 0, "target": 13, "value": 0.010366004387410461, "supply": "[{\"l\":'Energy for power irrigation',\"v\":0.010366004387410461}]"}, {"source": 30, "prod": 0, "target": 29, "value": 7.2216762113362748e-05, "supply": "[{\"l\":'Energy for power irrigation',\"v\":7.2216762113362748e-05}]"}, {"source": 30, "prod": 0, "target": 14, "value": 0.0014230584757952453, "supply": "[{\"l\":'Energy for power irrigation',\"v\":0.0014230584757952453}]"}, {"source": 30, "prod": 0, "target": 15, "value": 0.067895236004485882, "supply": "[{\"l\":'Energy for power irrigation',\"v\":0.067895236004485882}]"}, {"source": 30, "prod": 0, "target": 16, "value": 0.01130773426109849, "supply": "[{\"l\":'Energy for power irrigation',\"v\":0.01130773426109849}]"}, {"source": 30, "prod": 0, "target": 17, "value": 0.54323164580430838, "supply": "[{\"l\":'Energy for power irrigation',\"v\":0.54323164580430838}]"}, {"source": 30, "prod": 0, "target": 19, "value": 0.00031390995789600993, "supply": "[{\"l\":'Energy for power irrigation',\"v\":0.00031390995789600993}]"}, {"source": 30, "prod": 0, "target": 20, "value": 0.038094717334891337, "supply": "[{\"l\":'Energy for power irrigation',\"v\":0.038094717334891337}]"}, {"source": 30, "prod": 0, "target": 21, "value": 0.42793600615752503, "supply": "[{\"l\":'Energy for power irrigation',\"v\":0.42793600615752503}]"}, {"source": 30, "prod": 0, "target": 22, "value": 0.00049528015579148232, "supply": "[{\"l\":'Energy for power irrigation',\"v\":0.00049528015579148232}]"}, {"source": 30, "prod": 0, "target": 23, "value": 0.00010463665263200331, "supply": "[{\"l\":'Energy for power irrigation',\"v\":0.00010463665263200331}]"}, {"source": 30, "prod": 0, "target": 24, "value": 0.0012556398315840397, "supply": "[{\"l\":'Energy for power irrigation',\"v\":0.0012556398315840397}]"}, {"source": 30, "prod": 0, "target": 25, "value": 0.031230552922231921, "supply": "[{\"l\":'Energy for power irrigation',\"v\":0.031230552922231921}]"}, {"source": 30, "prod": 0, "target": 26, "value": 0.0083639564337181314, "supply": "[{\"l\":'Energy for power irrigation',\"v\":0.0083639564337181314}]"}, {"source": 30, "prod": 0, "target": 18, "value": 0.0082802471116125292, "supply": "[{\"l\":'Energy for power irrigation',\"v\":0.0082802471116125292}]"}, {"source": 30, "prod": 0, "target": 28, "value": 0.028719273259063843, "supply": "[{\"l\":'Energy for power irrigation',\"v\":0.028719273259063843}]"}, {"source": 30, "prod": 0, "target": 27, "value": 0.0084825446400344021, "supply": "[{\"l\":'Energy for power irrigation',\"v\":0.0084825446400344021}]"}, {"source": 31, "prod": 0, "target": 30, "value": 3.5614901003596309, "supply": [{"l": "Coal", "v": 1.1784838359954086}, {"l": "Natural gas", "v": 2.2175214003127781}, {"l": "Oil", "v": 0.16548486405144405}]}, {"source": 32, "prod": 0, "target": 30, "value": 0.85339291305317944, "supply": [{"l": "Nuclear", "v": 0.40418095539034832}, {"l": "Hydroelectric", "v": 0.44788911222341904}, {"l": "Renewable", "v": 0.0013228454394120129}]}, {"source": 31, "prod": 0, "target": 0, "value": 3.5446242484571489, "supply": [{"l": "Gas-Diesel oil", "v": 1.0443614179808918}, {"l": "Natural gas (including LNG)", "v": 0.12717121555207911}, {"l": "Fuel oil", "v": 0.014959603350600599}, {"l": "Liquefied petroleum gas (LPG)", "v": 0.028660230181596195}, {"l": "Coal", "v": 0.022580787415803067}, {"l": "Other fossil fuels", "v": 2.3068909939761779}]}, {"source": 31, "prod": 0, "target": 2, "value": 2.8656526220315692, "supply": [{"l": "Gas-Diesel oil", "v": 0.84431432671268369}, {"l": "Natural gas (including LNG)", "v": 0.10281161041325619}, {"l": "Fuel oil", "v": 0.012094096175316817}, {"l": "Liquefied petroleum gas (LPG)", "v": 0.023170372375483209}, {"l": "Coal", "v": 0.018255444901895863}, {"l": "Other fossil fuels", "v": 1.8650067714529333}]}, {"source": 31, "prod": 0, "target": 3, "value": 0.060767721322092051, "supply": [{"l": "Gas-Diesel oil", "v": 0.017904144179748008}, {"l": "Natural gas (including LNG)", "v": 0.0021801760765542723}, {"l": "Fuel oil", "v": 0.00025646188249544763}, {"l": "Liquefied petroleum gas (LPG)", "v": 0.00049134033923632788}, {"l": "Coal", "v": 0.00038711663091347046}, {"l": "Other fossil fuels", "v": 0.039548482213144519}]}, {"source": 31, "prod": 0, "target": 4, "value": 17.449427253339, "supply": [{"l": "Gas-Diesel oil", "v": 5.1411679523389795}, {"l": "Natural gas (including LNG)", "v": 0.6260367020455212}, {"l": "Fuel oil", "v": 0.073642928589322712}, {"l": "Liquefied petroleum gas (LPG)", "v": 0.14108818497063311}, {"l": "Coal", "v": 0.11116038815868064}, {"l": "Other fossil fuels", "v": 11.356331097235861}]}, {"source": 31, "prod": 0, "target": 5, "value": 0.60959115719956913, "supply": [{"l": "Gas-Diesel oil", "v": 0.17960535185038554}, {"l": "Natural gas (including LNG)", "v": 0.021870427728583802}, {"l": "Fuel oil", "v": 0.0025726963645606323}, {"l": "Liquefied petroleum gas (LPG)", "v": 0.0049288786786384382}, {"l": "Coal", "v": 0.0038833589589272553}, {"l": "Other fossil fuels", "v": 0.39673044361847337}]}, {"source": 31, "prod": 0, "target": 6, "value": 2.7800036289870458, "supply": [{"l": "Gas-Diesel oil", "v": 0.81907935184516478}, {"l": "Natural gas (including LNG)", "v": 0.099738763817167883}, {"l": "Fuel oil", "v": 0.011732626277941345}, {"l": "Liquefied petroleum gas (LPG)", "v": 0.0224778533146698}, {"l": "Coal", "v": 0.017709823823679239}, {"l": "Other fossil fuels", "v": 1.8092652099084225}]}, {"source": 31, "prod": 0, "target": 7, "value": 6.4586039559495942, "supply": [{"l": "Gas-Diesel oil", "v": 1.9029144735294379}, {"l": "Natural gas (including LNG)", "v": 0.23171666678212258}, {"l": "Fuel oil", "v": 0.02725765740097285}, {"l": "Liquefied petroleum gas (LPG)", "v": 0.05222135353552719}, {"l": "Coal", "v": 0.041144096724960826}, {"l": "Other fossil fuels", "v": 4.2033497079765727}]}, {"source": 31, "prod": 0, "target": 8, "value": 0.86414570635982868, "supply": [{"l": "Gas-Diesel oil", "v": 0.25460538888681028}, {"l": "Natural gas (including LNG)", "v": 0.031003133813047368}, {"l": "Fuel oil", "v": 0.0036470091321793578}, {"l": "Liquefied petroleum gas (LPG)", "v": 0.0069870917532347089}, {"l": "Coal", "v": 0.0055049813813364389}, {"l": "Other fossil fuels", "v": 0.56239810139322055}]}, {"source": 31, "prod": 0, "target": 9, "value": 43.862811130678566, "supply": [{"l": "Gas-Diesel oil", "v": 12.923408637460629}, {"l": "Natural gas (including LNG)", "v": 1.5736751254939381}, {"l": "Fuel oil", "v": 0.18511701392407626}, {"l": "Liquefied petroleum gas (LPG)", "v": 0.35465487321097772}, {"l": "Coal", "v": 0.27942505162077036}, {"l": "Other fossil fuels", "v": 28.546530428968175}]}, {"source": 31, "prod": 0, "target": 10, "value": 0.060767721322092051, "supply": [{"l": "Gas-Diesel oil", "v": 0.017904144179748008}, {"l": "Natural gas (including LNG)", "v": 0.0021801760765542723}, {"l": "Fuel oil", "v": 0.00025646188249544763}, {"l": "Liquefied petroleum gas (LPG)", "v": 0.00049134033923632788}, {"l": "Coal", "v": 0.00038711663091347046}, {"l": "Other fossil fuels", "v": 0.039548482213144519}]}, {"source": 31, "prod": 0, "target": 11, "value": 12.702846186290548, "supply": [{"l": "Gas-Diesel oil", "v": 3.7426710211334657}, {"l": "Natural gas (including LNG)", "v": 0.45574263370364421}, {"l": "Fuel oil", "v": 0.053610630366056247}, {"l": "Liquefied petroleum gas (LPG)", "v": 0.10270947500823646}, {"l": "Coal", "v": 0.08092261667315602}, {"l": "Other fossil fuels", "v": 8.2671898094059895}]}, {"source": 31, "prod": 0, "target": 12, "value": 1.1072165916481969, "supply": [{"l": "Gas-Diesel oil", "v": 0.3262219656058023}, {"l": "Natural gas (including LNG)", "v": 0.039723838119264457}, {"l": "Fuel oil", "v": 0.0046728566621611484}, {"l": "Liquefied petroleum gas (LPG)", "v": 0.0089524531101800205}, {"l": "Coal", "v": 0.0070534479049903205}, {"l": "Other fossil fuels", "v": 0.72059203024579854}]}, {"source": 31, "prod": 0, "target": 13, "value": 0.71103018806794316, "supply": [{"l": "Gas-Diesel oil", "v": 0.20949258465437434}, {"l": "Natural gas (including LNG)", "v": 0.02550977676976101}, {"l": "Fuel oil", "v": 0.0030008059636868912}, {"l": "Liquefied petroleum gas (LPG)", "v": 0.0057490688512219145}, {"l": "Coal", "v": 0.0045295693979324186}, {"l": "Other fossil fuels", "v": 0.46274838243096661}]}, {"source": 31, "prod": 0, "target": 29, "value": 0.0049535284790622764, "supply": [{"l": "Gas-Diesel oil", "v": 0.0014594703595603832}, {"l": "Natural gas (including LNG)", "v": 0.00017771876334378317}, {"l": "Fuel oil", "v": 2.0905691559529867e-05}, {"l": "Liquefied petroleum gas (LPG)", "v": 4.005199323533692e-05}, {"l": "Coal", "v": 3.1556115882386668e-05}, {"l": "Other fossil fuels", "v": 0.0032238255554808558}]}, {"source": 31, "prod": 0, "target": 14, "value": 0.097611142911077003, "supply": [{"l": "Gas-Diesel oil", "v": 0.028759412698177906}, {"l": "Natural gas (including LNG)", "v": 0.0035020151150950518}, {"l": "Fuel oil", "v": 0.00041195451991394742}, {"l": "Liquefied petroleum gas (LPG)", "v": 0.00078923960003315658}, {"l": "Coal", "v": 0.00062182513942006285}, {"l": "Other fossil fuels", "v": 0.06352669583843687}]}, {"source": 31, "prod": 0, "target": 15, "value": 4.6571041860466291, "supply": [{"l": "Gas-Diesel oil", "v": 1.3721341362321839}, {"l": "Natural gas (including LNG)", "v": 0.16708388781970654}, {"l": "Fuel oil", "v": 0.019654673246678675}, {"l": "Liquefied petroleum gas (LPG)", "v": 0.037655240329032905}, {"l": "Coal", "v": 0.029667765107722899}, {"l": "Other fossil fuels", "v": 3.030908483311304}]}, {"source": 31, "prod": 0, "target": 16, "value": 0.77562579734733228, "supply": [{"l": "Gas-Diesel oil", "v": 0.22852454893993324}, {"l": "Natural gas (including LNG)", "v": 0.027827286772397441}, {"l": "Fuel oil", "v": 0.00327342292539465}, {"l": "Liquefied petroleum gas (LPG)", "v": 0.0062713597630085615}, {"l": "Coal", "v": 0.004941071328430989}, {"l": "Other fossil fuels", "v": 0.50478810761816739}]}, {"source": 31, "prod": 0, "target": 17, "value": 37.261618348319651, "supply": [{"l": "Gas-Diesel oil", "v": 10.978482864989735}, {"l": "Natural gas (including LNG)", "v": 1.336842769965255}, {"l": "Fuel oil", "v": 0.15725757982244479}, {"l": "Liquefied petroleum gas (LPG)", "v": 0.3012806108479511}, {"l": "Coal", "v": 0.23737260248626457}, {"l": "Other fossil fuels", "v": 24.250381920208003}]}, {"source": 31, "prod": 0, "target": 19, "value": 0.021531869759796395, "supply": [{"l": "Gas-Diesel oil", "v": 0.0063439880951863025}, {"l": "Natural gas (including LNG)", "v": 0.00077250333421214365}, {"l": "Fuel oil", "v": 9.0872320569253102e-05}, {"l": "Liquefied petroleum gas (LPG)", "v": 0.00017409697059554924}, {"l": "Coal", "v": 0.00013716731016619034}, {"l": "Other fossil fuels", "v": 0.014013241729066955}]}, {"source": 31, "prod": 0, "target": 20, "value": 2.6130120168499582, "supply": [{"l": "Gas-Diesel oil", "v": 0.76987819972916438}, {"l": "Natural gas (including LNG)", "v": 0.093747571291833698}, {"l": "Fuel oil", "v": 0.011027860947304248}, {"l": "Liquefied petroleum gas (LPG)", "v": 0.021127634587162096}, {"l": "Coal", "v": 0.01664601512927923}, {"l": "Other fossil fuels", "v": 1.7005847351652144}]}, {"source": 31, "prod": 0, "target": 21, "value": 29.353201828543771, "supply": [{"l": "Gas-Diesel oil", "v": 8.6484065263844201}, {"l": "Natural gas (including LNG)", "v": 1.0531108786795147}, {"l": "Fuel oil", "v": 0.12388118616980889}, {"l": "Liquefied petroleum gas (LPG)", "v": 0.2373367279589903}, {"l": "Coal", "v": 0.18699257354344692}, {"l": "Other fossil fuels", "v": 19.103473935807589}]}, {"source": 31, "prod": 0, "target": 22, "value": 0.033972505621012089, "supply": [{"l": "Gas-Diesel oil", "v": 0.010009403439071722}, {"l": "Natural gas (including LNG)", "v": 0.00121883859397916}, {"l": "Fuel oil", "v": 0.00014337632800926598}, {"l": "Liquefied petroleum gas (LPG)", "v": 0.0002746863313840888}, {"l": "Coal", "v": 0.00021641953381776696}, {"l": "Other fossil fuels", "v": 0.022109781394750085}]}, {"source": 31, "prod": 0, "target": 23, "value": 0.0071772899199321312, "supply": [{"l": "Gas-Diesel oil", "v": 0.0021146626983954342}, {"l": "Natural gas (including LNG)", "v": 0.00025750111140404787}, {"l": "Fuel oil", "v": 3.0290773523084364e-05}, {"l": "Liquefied petroleum gas (LPG)", "v": 5.8032323531849744e-05}, {"l": "Coal", "v": 4.5722436722063441e-05}, {"l": "Other fossil fuels", "v": 0.0046710805763556518}]}, {"source": 31, "prod": 0, "target": 24, "value": 0.086127479039185578, "supply": [{"l": "Gas-Diesel oil", "v": 0.02537595238074521}, {"l": "Natural gas (including LNG)", "v": 0.0030900133368485746}, {"l": "Fuel oil", "v": 0.00036348928227701241}, {"l": "Liquefied petroleum gas (LPG)", "v": 0.00069638788238219696}, {"l": "Coal", "v": 0.00054866924066476134}, {"l": "Other fossil fuels", "v": 0.056052966916267821}]}, {"source": 31, "prod": 0, "target": 25, "value": 2.1421817981024103, "supply": [{"l": "Gas-Diesel oil", "v": 0.6311563267144239}, {"l": "Natural gas (including LNG)", "v": 0.076855498383728155}, {"l": "Fuel oil", "v": 0.0090407862041899135}, {"l": "Liquefied petroleum gas (LPG)", "v": 0.017320714163472754}, {"l": "Coal", "v": 0.013646623280311868}, {"l": "Other fossil fuels", "v": 1.3941618493562835}]}, {"source": 31, "prod": 0, "target": 26, "value": 0.57370470759990844, "supply": [{"l": "Gas-Diesel oil", "v": 0.16903203835840835}, {"l": "Natural gas (including LNG)", "v": 0.020582922171563562}, {"l": "Fuel oil", "v": 0.0024212424969452103}, {"l": "Liquefied petroleum gas (LPG)", "v": 0.0046387170609791892}, {"l": "Coal", "v": 0.0036547467753169378}, {"l": "Other fossil fuels", "v": 0.37337504073669514}]}, {"source": 31, "prod": 0, "target": 18, "value": 0.56796287566396264, "supply": [{"l": "Gas-Diesel oil", "v": 0.16734030819969201}, {"l": "Natural gas (including LNG)", "v": 0.020376921282440324}, {"l": "Fuel oil", "v": 0.0023970098781267426}, {"l": "Liquefied petroleum gas (LPG)", "v": 0.0045922912021537097}, {"l": "Coal", "v": 0.0036181688259392872}, {"l": "Other fossil fuels", "v": 0.36963817627561057}]}, {"source": 31, "prod": 0, "target": 28, "value": 1.9699268400240391, "supply": [{"l": "Gas-Diesel oil", "v": 0.58040442195293351}, {"l": "Natural gas (including LNG)", "v": 0.07067547171003101}, {"l": "Fuel oil", "v": 0.0083138076396358888}, {"l": "Liquefied petroleum gas (LPG)", "v": 0.015927938398708361}, {"l": "Coal", "v": 0.012549284798982346}, {"l": "Other fossil fuels", "v": 1.2820559155237479}]}, {"source": 31, "prod": 0, "target": 27, "value": 0.58183896950916481, "supply": [{"l": "Gas-Diesel oil", "v": 0.17142865608325653}, {"l": "Natural gas (including LNG)", "v": 0.020874756764488151}, {"l": "Fuel oil", "v": 0.0024555720402713727}, {"l": "Liquefied petroleum gas (LPG)", "v": 0.0047044870276486198}, {"l": "Coal", "v": 0.0037065655369352764}, {"l": "Other fossil fuels", "v": 0.37866893205656488}]}, {"source": 33, "prod": 30.646248785519195, "target": 0, "value": 0.38238346422034802, "supply": [{"l": "Potash", "v": 0.60100119492524529}, {"l": "Phosphate", "v": 1.549760834573142}, {"l": "Nitrogen", "v": 16.78147029120295}]}, {"source": 33, "prod": 24.775969759243313, "target": 2, "value": 0.30913803553127217, "supply": [{"l": "Potash", "v": 0.60100119492524529}, {"l": "Phosphate", "v": 1.549760834573142}, {"l": "Nitrogen", "v": 16.78147029120295}]}, {"source": 33, "prod": 0.52538790439537497, "target": 3, "value": 0.0065554400588531585, "supply": [{"l": "Potash", "v": 0.60100119492524529}, {"l": "Phosphate", "v": 1.549760834573142}, {"l": "Nitrogen", "v": 16.78147029120295}]}, {"source": 33, "prod": 150.86492990150026, "target": 4, "value": 1.8823920320177716, "supply": [{"l": "Potash", "v": 0.60100119492524529}, {"l": "Phosphate", "v": 1.549760834573142}, {"l": "Nitrogen", "v": 16.78147029120295}]}, {"source": 33, "prod": 5.270426694485888, "target": 5, "value": 0.065760871141566327, "supply": [{"l": "Potash", "v": 0.60100119492524529}, {"l": "Phosphate", "v": 1.549760834573142}, {"l": "Nitrogen", "v": 16.78147029120295}]}, {"source": 33, "prod": 24.035462397930146, "target": 6, "value": 0.29989847828296734, "supply": [{"l": "Potash", "v": 0.60100119492524529}, {"l": "Phosphate", "v": 1.549760834573142}, {"l": "Nitrogen", "v": 16.78147029120295}]}, {"source": 33, "prod": 55.840046720698986, "target": 7, "value": 0.69673488121574756, "supply": [{"l": "Potash", "v": 0.60100119492524529}, {"l": "Phosphate", "v": 1.549760834573142}, {"l": "Nitrogen", "v": 16.78147029120295}]}, {"source": 33, "prod": 7.4712642152602138, "target": 8, "value": 0.093221454695187431, "supply": [{"l": "Potash", "v": 0.60100119492524529}, {"l": "Phosphate", "v": 1.549760834573142}, {"l": "Nitrogen", "v": 16.78147029120295}]}, {"source": 33, "prod": 379.23078107026788, "target": 9, "value": 4.7317888991737718, "supply": [{"l": "Potash", "v": 0.60100119492524529}, {"l": "Phosphate", "v": 1.549760834573142}, {"l": "Nitrogen", "v": 16.78147029120295}]}, {"source": 33, "prod": 0.52538790439537497, "target": 10, "value": 0.0065554400588531585, "supply": [{"l": "Potash", "v": 0.60100119492524529}, {"l": "Phosphate", "v": 1.549760834573142}, {"l": "Nitrogen", "v": 16.78147029120295}]}, {"source": 33, "prod": 109.82675658179853, "target": 11, "value": 1.3703450604916037, "supply": [{"l": "Potash", "v": 0.60100119492524529}, {"l": "Phosphate", "v": 1.549760834573142}, {"l": "Nitrogen", "v": 16.78147029120295}]}, {"source": 33, "prod": 9.5728158328417141, "target": 12, "value": 0.11944321493060006, "supply": [{"l": "Potash", "v": 0.60100119492524529}, {"l": "Phosphate", "v": 1.549760834573142}, {"l": "Nitrogen", "v": 16.78147029120295}]}, {"source": 33, "prod": 6.1474521726891904, "target": 13, "value": 0.076703810452407817, "supply": [{"l": "Potash", "v": 0.60100119492524529}, {"l": "Phosphate", "v": 1.549760834573142}, {"l": "Nitrogen", "v": 16.78147029120295}]}, {"source": 33, "prod": 0.042827407221392604, "target": 29, "value": 0.00053437183948691906, "supply": [{"l": "Potash", "v": 0.60100119492524529}, {"l": "Phosphate", "v": 1.549760834573142}, {"l": "Nitrogen", "v": 16.78147029120295}]}, {"source": 33, "prod": 0.84393017713902752, "target": 14, "value": 0.010529998204772004, "supply": [{"l": "Potash", "v": 0.60100119492524529}, {"l": "Phosphate", "v": 1.549760834573142}, {"l": "Nitrogen", "v": 16.78147029120295}]}, {"source": 33, "prod": 40.264570657324285, "target": 15, "value": 0.50239447317179364, "supply": [{"l": "Potash", "v": 0.60100119492524529}, {"l": "Phosphate", "v": 1.549760834573142}, {"l": "Nitrogen", "v": 16.78147029120295}]}, {"source": 33, "prod": 6.7059353781488404, "target": 16, "value": 0.083672191617330471, "supply": [{"l": "Potash", "v": 0.60100119492524529}, {"l": "Phosphate", "v": 1.549760834573142}, {"l": "Nitrogen", "v": 16.78147029120295}]}, {"source": 33, "prod": 322.1579343849246, "target": 17, "value": 4.0196719617569361, "supply": [{"l": "Potash", "v": 0.60100119492524529}, {"l": "Phosphate", "v": 1.549760834573142}, {"l": "Nitrogen", "v": 16.78147029120295}]}, {"source": 33, "prod": 0.18616106848655017, "target": 19, "value": 0.002322793721640883, "supply": [{"l": "Potash", "v": 0.60100119492524529}, {"l": "Phosphate", "v": 1.549760834573142}, {"l": "Nitrogen", "v": 16.78147029120295}]}, {"source": 33, "prod": 22.591679889001124, "target": 20, "value": 0.28188392253068584, "supply": [{"l": "Potash", "v": 0.60100119492524529}, {"l": "Phosphate", "v": 1.549760834573142}, {"l": "Nitrogen", "v": 16.78147029120295}]}, {"source": 33, "prod": 253.78304238613126, "target": 21, "value": 3.1665356366173687, "supply": [{"l": "Potash", "v": 0.60100119492524529}, {"l": "Phosphate", "v": 1.549760834573142}, {"l": "Nitrogen", "v": 16.78147029120295}]}, {"source": 33, "prod": 0.29372079694544584, "target": 22, "value": 0.0036648523163667263, "supply": [{"l": "Potash", "v": 0.60100119492524529}, {"l": "Phosphate", "v": 1.549760834573142}, {"l": "Nitrogen", "v": 16.78147029120295}]}, {"source": 33, "prod": 0.062053689495516727, "target": 23, "value": 0.00077426457388029429, "supply": [{"l": "Potash", "v": 0.60100119492524529}, {"l": "Phosphate", "v": 1.549760834573142}, {"l": "Nitrogen", "v": 16.78147029120295}]}, {"source": 33, "prod": 0.7446442739462007, "target": 24, "value": 0.0092911748865635319, "supply": [{"l": "Potash", "v": 0.60100119492524529}, {"l": "Phosphate", "v": 1.549760834573142}, {"l": "Nitrogen", "v": 16.78147029120295}]}, {"source": 33, "prod": 18.520957858095226, "target": 25, "value": 0.23109216648413849, "supply": [{"l": "Potash", "v": 0.60100119492524529}, {"l": "Phosphate", "v": 1.549760834573142}, {"l": "Nitrogen", "v": 16.78147029120295}]}, {"source": 33, "prod": 4.9601582470083034, "target": 26, "value": 0.061889548272164856, "supply": [{"l": "Potash", "v": 0.60100119492524529}, {"l": "Phosphate", "v": 1.549760834573142}, {"l": "Nitrogen", "v": 16.78147029120295}]}, {"source": 33, "prod": 4.9105152954118898, "target": 18, "value": 0.061270136613060619, "supply": [{"l": "Potash", "v": 0.60100119492524529}, {"l": "Phosphate", "v": 1.549760834573142}, {"l": "Nitrogen", "v": 16.78147029120295}]}, {"source": 33, "prod": 17.031669310202822, "target": 28, "value": 0.21250981671101143, "supply": [{"l": "Potash", "v": 0.60100119492524529}, {"l": "Phosphate", "v": 1.549760834573142}, {"l": "Nitrogen", "v": 16.78147029120295}]}, {"source": 33, "prod": 5.0304857617698895, "target": 27, "value": 0.062767048122562522, "supply": [{"l": "Potash", "v": 0.60100119492524529}, {"l": "Phosphate", "v": 1.549760834573142}, {"l": "Nitrogen", "v": 16.78147029120295}]}, {"source": 31, "prod": 0, "target": 33, "value": 22.861824276095955, "supply": [{"l": "Natural gas (including LNG)", "v": 15.428121127991416}, {"l": "Fuel oil", "v": 4.4672227345096038}, {"l": "Liquefied petroleum gas (LPG)", "v": 1.4832402067974677}, {"l": "Coal", "v": 1.4832402067974677}]}, {"source": 34, "prod": 0, "target": 0, "value": 0.11954354052769178, "supply": "[{\"l\":'Labor',\"v\":0.11954354052769178}]"}, {"source": 34, "prod": 0, "target": 2, "value": 0.096645014068621235, "supply": "[{\"l\":'Labor',\"v\":0.096645014068621235}]"}, {"source": 34, "prod": 0, "target": 3, "value": 0.0020494100495433124, "supply": "[{\"l\":'Labor',\"v\":0.0020494100495433124}]"}, {"source": 34, "prod": 0, "target": 4, "value": 0.58848728887201185, "supply": "[{\"l\":'Labor',\"v\":0.58848728887201185}]"}, {"source": 34, "prod": 0, "target": 5, "value": 0.020558648843450236, "supply": "[{\"l\":'Labor',\"v\":0.020558648843450236}]"}, {"source": 34, "prod": 0, "target": 6, "value": 0.093756475494855468, "supply": "[{\"l\":'Labor',\"v\":0.093756475494855468}]"}, {"source": 34, "prod": 0, "target": 7, "value": 0.21781840038374511, "supply": "[{\"l\":'Labor',\"v\":0.21781840038374511}]"}, {"source": 34, "prod": 0, "target": 8, "value": 0.029143579129726156, "supply": "[{\"l\":'Labor',\"v\":0.029143579129726156}]"}, {"source": 34, "prod": 0, "target": 9, "value": 1.4792867656821687, "supply": "[{\"l\":'Labor',\"v\":1.4792867656821687}]"}, {"source": 34, "prod": 0, "target": 10, "value": 0.0020494100495433124, "supply": "[{\"l\":'Labor',\"v\":0.0020494100495433124}]"}, {"source": 34, "prod": 0, "target": 11, "value": 0.42840738578957366, "supply": "[{\"l\":'Labor',\"v\":0.42840738578957366}]"}, {"source": 34, "prod": 0, "target": 12, "value": 0.037341219327899404, "supply": "[{\"l\":'Labor',\"v\":0.037341219327899404}]"}, {"source": 34, "prod": 0, "target": 13, "value": 0.023979711288357179, "supply": "[{\"l\":'Labor',\"v\":0.023979711288357179}]"}, {"source": 34, "prod": 0, "target": 29, "value": 0.00016705926805911917, "supply": "[{\"l\":'Labor',\"v\":0.00016705926805911917}]"}, {"source": 34, "prod": 0, "target": 14, "value": 0.0032919657488727225, "supply": "[{\"l\":'Labor',\"v\":0.0032919657488727225}]"}, {"source": 34, "prod": 0, "target": 15, "value": 0.15706226781263827, "supply": "[{\"l\":'Labor',\"v\":0.15706226781263827}]"}, {"source": 34, "prod": 0, "target": 16, "value": 0.026158218033934717, "supply": "[{\"l\":'Labor',\"v\":0.026158218033934717}]"}, {"source": 34, "prod": 0, "target": 17, "value": 1.2566595133711487, "supply": "[{\"l\":'Labor',\"v\":1.2566595133711487}]"}, {"source": 34, "prod": 0, "target": 19, "value": 0.00072616891519251218, "supply": "[{\"l\":'Labor',\"v\":0.00072616891519251218}]"}, {"source": 34, "prod": 0, "target": 20, "value": 0.088124632130362424, "supply": "[{\"l\":'Labor',\"v\":0.088124632130362424}]"}, {"source": 34, "prod": 0, "target": 21, "value": 0.98994573936444119, "supply": "[{\"l\":'Labor',\"v\":0.98994573936444119}]"}, {"source": 34, "prod": 0, "target": 22, "value": 0.0011457331773037415, "supply": "[{\"l\":'Labor',\"v\":0.0011457331773037415}]"}, {"source": 34, "prod": 0, "target": 23, "value": 0.00024205630506417072, "supply": "[{\"l\":'Labor',\"v\":0.00024205630506417072}]"}, {"source": 34, "prod": 0, "target": 24, "value": 0.0029046756607700487, "supply": "[{\"l\":'Labor',\"v\":0.0029046756607700487}]"}, {"source": 34, "prod": 0, "target": 25, "value": 0.07224573851815283, "supply": "[{\"l\":'Labor',\"v\":0.07224573851815283}]"}, {"source": 34, "prod": 0, "target": 26, "value": 0.019348367318129382, "supply": "[{\"l\":'Labor',\"v\":0.019348367318129382}]"}, {"source": 34, "prod": 0, "target": 18, "value": 0.019154722274078044, "supply": "[{\"l\":'Labor',\"v\":0.019154722274078044}]"}, {"source": 34, "prod": 0, "target": 28, "value": 0.066436387196612726, "supply": "[{\"l\":'Labor',\"v\":0.066436387196612726}]"}, {"source": 34, "prod": 0, "target": 27, "value": 0.019622697797202108, "supply": "[{\"l\":'Labor',\"v\":0.019622697797202108}]"}]}