{"nodes": [{"layer": 13, "name": "Other Processed", "fill": "#9c9ede"}, {"layer": 10, "name": "Feed", "fill": "#dbdb8d"}, {"layer": 13, "name": "Animal Products", "fill": "#17becf"}, {"layer": 5, "name": "Cereals", "fill": "#e7ba52"}, {"layer": 5, "name": "Oilcrops", "fill": "#ff9896"}, {"layer": 5, "name": "Fruits, Roots & Vegetables", "fill": "#98df8a"}, {"layer": 5, "name": "Sugar Crops", "fill": "#ffbb78"}, {"layer": 13, "name": "Aquatic Products", "fill": "#1f77b4"}, {"layer": 16, "name": "Food", "fill": "#b5cf6b"}, {"layer": 13, "name": "Sugar", "fill": "#d6616b"}, {"layer": 13, "name": "Vegetable Oils", "fill": "#f7b6d2"}, {"layer": 10, "name": "Processing", "fill": "#9edae5"}, {"layer": 16, "name": "Biofuels & Other", "fill": "#e7ba52"}, {"name": "Waste", "fill": "#c7c7c7"}, {"layer": 2, "name": "Import", "fill": "#aec7e8"}, {"layer": 16, "name": "Export", "fill": "#aec7e8"}, {"layer": 0, "name": "Stock Draw", "fill": "#c7c7c7"}, {"layer": 16, "name": "Stock Deposit", "fill": "#c7c7c7"}, {"name": "Crop Residue", "fill": "#bd9e39"}, {"layer": 2, "name": "Electricity", "fill": "#bcbd22"}, {"layer": 0, "name": "Fossil Fuels", "fill": "#c49c94"}, {"layer": 0, "name": "Renewables & Nuclear", "fill": "#2ca02c"}, {"layer": 2, "name": "Fertilizers", "fill": "#c5b0d5"}, {"layer": 0, "name": "Labor", "fill": "#7f7f7f"}], "links": [{"source": 0, "prod": 19.0, "target": 1, "value": 0.15850523071142347, "supply": [{"l": "Fish, Body Oil", "v": 0.15850523071142347}]}, {"source": 2, "prod": 26671.0, "target": 1, "value": 15.78058266107989, "supply": [{"l": "Milk - Excluding Butter", "v": 15.78058266107989}]}, {"source": 3, "prod": 56114.0, "target": 1, "value": 160.55521889789188, "supply": [{"l": "Maize", "v": 14.664410046960974}, {"l": "Oats", "v": 21.759224461706623}, {"l": "Rye", "v": 15.653963127057342}, {"l": "Barley", "v": 45.700636484046861}, {"l": "Sorghum", "v": 0.063675249878250004}, {"l": "Cereals, Other", "v": 1.9664415403577207}, {"l": "Wheat", "v": 59.487544560447894}, {"l": "Millet", "v": 1.2593234274362139}]}, {"source": 4, "prod": 395.0, "target": 1, "value": 1.3626941586145096, "supply": [{"l": "Soyabeans", "v": 1.0071510111461763}, {"l": "Sunflower seed", "v": 0.0081355555400000005}, {"l": "Rape and Mustardseed", "v": 0.11157333312000001}, {"l": "Oilcrops, Other", "v": 0.23583425880833336}]}, {"source": 5, "prod": 8692.0, "target": 1, "value": 12.95929003244148, "supply": [{"l": "Potatoes", "v": 4.2748690775795133}, {"l": "Beans", "v": 0.019725913840845728}, {"l": "Vegetables, Other", "v": 0.28933841019118689}, {"l": "Peas", "v": 7.1052741654726308}, {"l": "Cassava", "v": 0.019459527847685332}, {"l": "Pulses, Other", "v": 1.2506229375096192}]}, {"source": 6, "prod": 395.0, "target": 1, "value": 0.45907777690000001, "supply": [{"l": "Sugar beet", "v": 0.45907777690000001}]}, {"source": 7, "prod": 2168.0, "target": 1, "value": 2.0630165687453585, "supply": [{"l": "Fish, Seafood", "v": 1.0219746813190915}, {"l": "Pelagic Fish", "v": 0.22997274713309707}, {"l": "Demersal Fish", "v": 0.81106914029317023}]}, {"source": 0, "prod": 7342.0, "target": 8, "value": 21.171865437910025, "supply": [{"l": "Beer", "v": 1.5161593281821149}, {"l": "Beverages, Alcoholic", "v": 6.7602768676860281}, {"l": "Fats, Animals, Raw", "v": 3.3452957120805449}, {"l": "Butter, Ghee", "v": 7.141077762577817}, {"l": "Wine", "v": 0.50541606789121141}, {"l": "Beverages, Fermented", "v": 0.0071746760426197199}, {"l": "Cream", "v": 1.8964650234496845}]}, {"source": 2, "prod": 30066.0, "target": 8, "value": 34.245828182879407, "supply": [{"l": "Pigmeat", "v": 5.9394152805288396}, {"l": "Meat, Other", "v": 0.12519201670977967}, {"l": "Eggs", "v": 3.3482909768241815}, {"l": "Mutton & Goat Meat", "v": 1.073819413946808}, {"l": "Poultry Meat", "v": 2.0840948349721704}, {"l": "Milk - Excluding Butter", "v": 10.931208603481345}, {"l": "Offals, Edible", "v": 0.9475783232870012}, {"l": "Bovine Meat", "v": 9.796228733129281}]}, {"source": 3, "prod": 22992.0, "target": 8, "value": 75.912147365332629, "supply": [{"l": "Maize", "v": 0.19102574963475}, {"l": "Rye", "v": 6.1299193042672471}, {"l": "Barley", "v": 0.25470099951300001}, {"l": "Rice", "v": 2.9703877258208218}, {"l": "Cereals, Other", "v": 0.021849350448419118}, {"l": "Wheat", "v": 63.501392877266042}, {"l": "Oats", "v": 0.56928203533534771}, {"l": "Millet", "v": 2.2735893230470023}]}, {"source": 4, "prod": 6.0, "target": 8, "value": 0.029616072694609013, "supply": [{"l": "Olives", "v": 0.003859106053227273}, {"l": "Sesame seed", "v": 0.013061589718615384}, {"l": "Groundnuts", "v": 0.012695376922766354}]}, {"source": 5, "prod": 35768.0, "target": 8, "value": 23.271255019442329, "supply": [{"l": "Vegetables, Other", "v": 2.0217933966876567}, {"l": "Nuts", "v": 0.063675249878250004}, {"l": "Grapefruit", "v": 0.041839999920000003}, {"l": "Tomatoes", "v": 0.50558088698454862}, {"l": "Pepper", "v": 0.0081355555400000005}, {"l": "Treenuts", "v": 0.063675249878250004}, {"l": "Cocoa Beans", "v": 1.0683291924017499}, {"l": "Peas", "v": 1.5780731072676581}, {"l": "Grapes", "v": 0.12661860033261207}, {"l": "Dates", "v": 0.027857921821734376}, {"l": "Potatoes", "v": 14.721522007330908}, {"l": "Coffee", "v": 0.063675249878250018}, {"l": "Apples", "v": 1.1369288224000038}, {"l": "Lemons, Limes", "v": 0.015516267786424141}, {"l": "Pineapples", "v": 0.063675249878250018}, {"l": "Bananas", "v": 0.013408172821762789}, {"l": "Citrus, Other", "v": 0.032898879103762504}, {"l": "Spices, Other", "v": 0.0082829593337560969}, {"l": "Tea", "v": 0.063392248767680015}, {"l": "Fruits, Other", "v": 0.82131511494612441}, {"l": "Infant food", "v": 0.066707404634357148}, {"l": "Oranges, Mandarines", "v": 0.25279312685747191}, {"l": "Onions", "v": 0.50556035499111318}]}, {"source": 9, "prod": 5265.0, "target": 8, "value": 21.426324467055085, "supply": [{"l": "Sugar", "v": 21.229884854009029}, {"l": "Sweeteners, Other", "v": 0.0035945705576431457}, {"l": "Honey", "v": 0.19284504248841433}]}, {"source": 7, "prod": 4244.0, "target": 8, "value": 4.0451388351880837, "supply": [{"l": "Crustaceans", "v": 0.0092108852025141515}, {"l": "Marine Fish, Other", "v": 0.0096610723953206908}, {"l": "Freshwater Fish", "v": 0.31571360453373659}, {"l": "Pelagic Fish", "v": 0.75792093544402439}, {"l": "Fish, Seafood", "v": 2.0005814333571146}, {"l": "Cephalopods", "v": 0.064091427982029409}, {"l": "Molluscs, Other", "v": 0.0028283432139827253}, {"l": "Demersal Fish", "v": 0.88513113305936175}]}, {"source": 10, "prod": 995.0, "target": 8, "value": 9.7521160540113581, "supply": [{"l": "Maize Germ Oil", "v": 0.053062708231874998}, {"l": "Soyabean Oil", "v": 1.0137353214447762}, {"l": "Sunflowerseed Oil", "v": 8.4104026597809938}, {"l": "Olive Oil", "v": 0.12735049975650001}, {"l": "Rape and Mustard Oil", "v": 0.12735049975650001}, {"l": "Oilcrops Oil, Other", "v": 0.020214365040714291}]}, {"source": 5, "prod": 2669.0, "target": 11, "value": 2.0567683592701971, "supply": [{"l": "Potatoes", "v": 1.7303412162161798}, {"l": "Grapes", "v": 0.32642714305401727}]}, {"source": 6, "prod": 23518.0, "target": 11, "value": 27.333142169960002, "supply": [{"l": "Sugar beet", "v": 27.333142169960002}]}, {"source": 3, "prod": 2443.0, "target": 11, "value": 7.4838062455745895, "supply": [{"l": "Maize", "v": 0.61446616132511256}, {"l": "Wheat", "v": 3.6339367477365854}, {"l": "Rye", "v": 2.0370957768993487}, {"l": "Barley", "v": 1.1983075596135431}]}, {"source": 4, "prod": 2654.0, "target": 11, "value": 3.9447360382091179, "supply": [{"l": "Sunflower seed", "v": 2.6556777727000003}, {"l": "Soyabeans", "v": 1.1195190991666175}, {"l": "Rape and Mustardseed", "v": 0.098788888700000008}, {"l": "Oilcrops, Other", "v": 0.070750277642500012}]}, {"source": 9, "prod": 475.0, "target": 11, "value": 1.8872265472733121, "supply": [{"l": "Sweeteners, Other", "v": 0.35945705576431458}, {"l": "Sugar", "v": 1.5277694915089974}]}, {"source": 0, "prod": 481.0, "target": 12, "value": 3.2444158257759197, "supply": [{"l": "Alcohol, Non-Food", "v": 0.084501740057521146}, {"l": "Fats, Animals, Raw", "v": 3.1599140857183987}]}, {"source": 2, "prod": 1342.0, "target": 12, "value": 0.90432441255182061, "supply": [{"l": "Eggs", "v": 0.14613644071510815}, {"l": "Milk - Excluding Butter", "v": 0.72421105984634193}, {"l": "Offals, Edible", "v": 0.033976911990370555}]}, {"source": 3, "prod": 8.0, "target": 12, "value": 0.025191326732938071, "supply": [{"l": "Maize", "v": 0.0095512874817375009}, {"l": "Wheat", "v": 0.013214315446314856}, {"l": "Barley", "v": 0.0024257238048857148}]}, {"source": 5, "prod": 40.0, "target": 12, "value": 0.031135244556296526, "supply": [{"l": "Potatoes", "v": 0.031135244556296526}]}, {"source": 9, "prod": 1.0, "target": 12, "value": 0.0040740519773573266, "supply": [{"l": "Sugar", "v": 0.0040740519773573266}]}, {"source": 7, "prod": 20.0, "target": 12, "value": 0.018063900674680854, "supply": [{"l": "Aquatic Animals, Others", "v": 0.0018063900674680853}, {"l": "Aquatic Plants", "v": 0.0072255602698723413}, {"l": "Aquatic Products, Other", "v": 0.0090319503373404251}]}, {"source": 10, "prod": 406.0, "target": 12, "value": 3.9662671189617491, "supply": [{"l": "Soyabean Oil", "v": 0.49673030750794028}, {"l": "Coconut Oil", "v": 0.10137353214447761}, {"l": "Rape and Mustard Oil", "v": 0.26319103283010004}, {"l": "Palm Oil", "v": 0.19260971107450747}, {"l": "Cottonseed Oil", "v": 0.010137353214447762}, {"l": "Oilcrops Oil, Other", "v": 0.56600222114000009}, {"l": "Sunflowerseed Oil", "v": 2.336222961050276}]}, {"source": 5, "prod": 10264.0, "target": 5, "value": 8.7113345303173642, "supply": [{"l": "Potatoes", "v": 7.8118328591747987}, {"l": "Peas", "v": 0.78509137086565983}, {"l": "Beans", "v": 0.0039451827681691457}, {"l": "Pulses, Other", "v": 0.11046511750873607}]}, {"source": 2, "prod": 73.0, "target": 2, "value": 0.11723033156266917, "supply": [{"l": "Eggs", "v": 0.11723033156266917}]}, {"source": 3, "prod": 16151.0, "target": 3, "value": 47.565419780202909, "supply": [{"l": "Maize", "v": 0.082777824841724995}, {"l": "Wheat", "v": 24.90237745858035}, {"l": "Oats", "v": 6.5581290470632068}, {"l": "Rye", "v": 5.7138052278884173}, {"l": "Millet", "v": 0.1463538037290735}, {"l": "Barley", "v": 9.4360656010054296}, {"l": "Rice", "v": 0.14222102654408861}, {"l": "Cereals, Other", "v": 0.58368979055062509}]}, {"source": 4, "prod": 359.0, "target": 4, "value": 0.6229773168916275, "supply": [{"l": "Sunflower seed", "v": 0.32774666604000002}, {"l": "Soyabeans", "v": 0.21641261396529413}, {"l": "Rape and Mustardseed", "v": 0.012784444420000001}, {"l": "Oilcrops, Other", "v": 0.066033592466333349}]}, {"source": 0, "prod": 17.0, "target": 13, "value": 0.039078673210478337, "supply": [{"l": "Cream", "v": 0.039078673210478337}]}, {"source": 2, "prod": 568.0, "target": 13, "value": 0.41206315183891884, "supply": [{"l": "Pigmeat", "v": 0.020935549103027286}, {"l": "Milk - Excluding Butter", "v": 0.29465449983944303}, {"l": "Bovine Meat", "v": 0.036717498999734935}, {"l": "Eggs", "v": 0.014453054576219489}, {"l": "Offals, Edible", "v": 0.045302549320494073}]}, {"source": 3, "prod": 1635.0, "target": 13, "value": 4.8069729247815349, "supply": [{"l": "Maize", "v": 0.20694456210431253}, {"l": "Oats", "v": 0.47313662492315567}, {"l": "Rye", "v": 0.63969775920924665}, {"l": "Rice", "v": 0.056888410617635436}, {"l": "Sorghum", "v": 0.0031837624939125004}, {"l": "Cereals, Other", "v": 0.062426715566911775}, {"l": "Wheat", "v": 2.0680403673482748}, {"l": "Millet", "v": 0.15656453422179956}, {"l": "Barley", "v": 1.1400901882962859}]}, {"source": 4, "prod": 154.0, "target": 13, "value": 0.21119742661143137, "supply": [{"l": "Soyabeans", "v": 0.02497068622676471}, {"l": "Sunflower seed", "v": 0.16503555523999999}, {"l": "Rape and Mustardseed", "v": 0.0023244444400000001}, {"l": "Oilcrops, Other", "v": 0.018866740704666669}]}, {"source": 5, "prod": 2265.0, "target": 13, "value": 2.0378546022522772, "supply": [{"l": "Potatoes", "v": 1.3310317047816767}, {"l": "Fruits, Other", "v": 0.018395072187050002}, {"l": "Apples", "v": 0.02279284512687358}, {"l": "Tomatoes", "v": 0.011940975129535868}, {"l": "Vegetables, Other", "v": 0.059957959526310597}, {"l": "Peas", "v": 0.49709302878931233}, {"l": "Grapes", "v": 0.0021956982716637933}, {"l": "Pulses, Other", "v": 0.071013289827044621}, {"l": "Onions", "v": 0.023434028612809955}]}, {"source": 6, "prod": 255.0, "target": 13, "value": 0.29636666610000001, "supply": [{"l": "Sugar beet", "v": 0.29636666610000001}]}, {"source": 14, "prod": 6292.0, "target": 11, "value": 26.170993056970939, "supply": [{"l": "Alcohol, Non-Food", "v": 0.005580303588704226}, {"l": "Sugar", "v": 19.901743909390539}, {"l": "Beer", "v": 0.099241605666101337}, {"l": "Beverages, Alcoholic", "v": 1.4627899390139638}, {"l": "Fats, Animals, Raw", "v": 0.092690813181073028}, {"l": "Soyabean Oil", "v": 0.32439530286232837}, {"l": "Butter, Ghee", "v": 1.8686932462820451}, {"l": "Palm Oil", "v": 0.19260971107450747}, {"l": "Sunflowerseed Oil", "v": 1.0318318077972051}, {"l": "Olive Oil", "v": 0.12735049975650001}, {"l": "Coconut Oil", "v": 0.10137353214447761}, {"l": "Rape and Mustard Oil", "v": 0.12735049975650001}, {"l": "Oilcrops Oil, Other", "v": 0.52557349105857154}, {"l": "Wine", "v": 0.23915586808732395}, {"l": "Sweeteners, Other", "v": 0.021567423345858875}, {"l": "Beverages, Fermented", "v": 0.007971862269577466}, {"l": "Maize Germ Oil", "v": 0.010612541646375}, {"l": "Fish, Body Oil", "v": 0.016684761127518263}, {"l": "Honey", "v": 0.0036385857073285722}, {"l": "Cottonseed Oil", "v": 0.010137353214447762}]}, {"source": 14, "prod": 13502.0, "target": 3, "value": 43.493064612657051, "supply": [{"l": "Maize", "v": 17.873642640824777}, {"l": "Rye", "v": 1.0899704537982795}, {"l": "Barley", "v": 1.6009777112245718}, {"l": "Rice", "v": 1.3693853127245104}, {"l": "Cereals, Other", "v": 0.02497068622676471}, {"l": "Wheat", "v": 21.38736954986059}, {"l": "Oats", "v": 0.14674825799755631}]}, {"source": 14, "prod": 102.0, "target": 4, "value": 0.42947691833528545, "supply": [{"l": "Olives", "v": 0.003859106053227273}, {"l": "Sunflower seed", "v": 0.0011622222200000001}, {"l": "Sesame seed", "v": 0.013061589718615384}, {"l": "Groundnuts", "v": 0.012695376922766354}, {"l": "Oilcrops, Other", "v": 0.028300111057000001}, {"l": "Soyabeans", "v": 0.37039851236367644}]}, {"source": 14, "prod": 5045.0, "target": 5, "value": 3.1945809041768429, "supply": [{"l": "Pulses, Other", "v": 0.0078903655363382914}, {"l": "Nuts", "v": 0.02387821870434375}, {"l": "Citrus, Other", "v": 0.032898879103762504}, {"l": "Grapefruit", "v": 0.041839999920000003}, {"l": "Cocoa Beans", "v": 1.0754042201660001}, {"l": "Tomatoes", "v": 0.1404258675233418}, {"l": "Coffee", "v": 0.063675249878250018}, {"l": "Treenuts", "v": 0.02387821870434375}, {"l": "Vegetables, Other", "v": 0.22442979345628186}, {"l": "Grapes", "v": 0.11271251127874138}, {"l": "Dates", "v": 0.027857921821734376}, {"l": "Potatoes", "v": 0.18369794288214952}, {"l": "Pepper", "v": 0.0081355555400000005}, {"l": "Apples", "v": 0.28925205839580043}, {"l": "Lemons, Limes", "v": 0.015516267786424141}, {"l": "Pineapples", "v": 0.063675249878250018}, {"l": "Bananas", "v": 0.013408172821762789}, {"l": "Spices, Other", "v": 0.0041414796668780484}, {"l": "Tea", "v": 0.062260244325399998}, {"l": "Fruits, Other", "v": 0.29581264733229057}, {"l": "Infant food", "v": 0.066707404634357148}, {"l": "Oranges, Mandarines", "v": 0.25279312685747191}, {"l": "Onions", "v": 0.14482998011523529}, {"l": "Cassava", "v": 0.019459527847685332}]}, {"source": 14, "prod": 2134.0, "target": 1, "value": 3.3562625236466084, "supply": [{"l": "Pigmeat", "v": 0.86882528777563228}, {"l": "Meat, Other", "v": 0.0014389886978135593}, {"l": "Crustaceans", "v": 0.00040047326967452835}, {"l": "Eggs", "v": 0.0032117899058265527}, {"l": "Mutton & Goat Meat", "v": 0.037525947261582003}, {"l": "Poultry Meat", "v": 0.25639379756702302}, {"l": "Milk - Excluding Butter", "v": 0.4378400198417427}, {"l": "Pelagic Fish", "v": 0.061820630949757281}, {"l": "Fish, Seafood", "v": 0.049967396780361481}, {"l": "Offals, Edible", "v": 0.023909678808038536}, {"l": "Demersal Fish", "v": 0.0018063900674680853}, {"l": "Bovine Meat", "v": 1.6131221227216881}]}, {"source": 0, "prod": 152.0, "target": 15, "value": 0.43896055941079515, "supply": [{"l": "Alcohol, Non-Food", "v": 0.068558015518366211}, {"l": "Fats, Animals, Raw", "v": 0.20223450148597752}, {"l": "Beverages, Alcoholic", "v": 0.12645613958765575}, {"l": "Fish, Body Oil", "v": 0.025027141691277396}, {"l": "Fish, Liver Oil", "v": 0.016684761127518263}]}, {"source": 2, "prod": 409.0, "target": 15, "value": 0.25881028758907737, "supply": [{"l": "Milk - Excluding Butter", "v": 0.23312022678060354}, {"l": "Mutton & Goat Meat", "v": 0.0028866113278140006}, {"l": "Poultry Meat", "v": 0.001432367584173313}, {"l": "Eggs", "v": 0.017664844482046037}, {"l": "Bovine Meat", "v": 0.0024478332666489958}, {"l": "Offals, Edible", "v": 0.001258404147791502}]}, {"source": 3, "prod": 40.0, "target": 15, "value": 0.13869212138892639, "supply": [{"l": "Maize", "v": 0.038205149926950004}, {"l": "Rice", "v": 0.060951868518895121}, {"l": "Wheat", "v": 0.026428630892629711}, {"l": "Millet", "v": 0.0034035768309086862}, {"l": "Barley", "v": 0.0097028952195428592}]}, {"source": 4, "prod": 158.0, "target": 15, "value": 0.23817807361866666, "supply": [{"l": "Soyabeans", "v": 0.070750277642500012}, {"l": "Sunflower seed", "v": 0.14527777750000001}, {"l": "Rape and Mustardseed", "v": 0.017433333299999999}, {"l": "Oilcrops, Other", "v": 0.0047166851761666672}]}, {"source": 5, "prod": 195.0, "target": 15, "value": 0.15060916573719668, "supply": [{"l": "Potatoes", "v": 0.11442202374438974}, {"l": "Nuts", "v": 0.00265313541159375}, {"l": "Apples", "v": 0.010311048985966621}, {"l": "Tomatoes", "v": 0.00023881950259071731}, {"l": "Spices, Other", "v": 0.0082829593337560969}, {"l": "Fruits, Other", "v": 0.0039773129053081082}, {"l": "Vegetables, Other", "v": 0.004125547673828711}, {"l": "Treenuts", "v": 0.00265313541159375}, {"l": "Pulses, Other", "v": 0.0039451827681691457}]}, {"source": 9, "prod": 2.0, "target": 15, "value": 0.0077126376846858987, "supply": [{"l": "Sugar", "v": 0.0040740519773573266}, {"l": "Honey", "v": 0.0036385857073285722}]}, {"source": 7, "prod": 2556.0, "target": 15, "value": 2.3725994839745361, "supply": [{"l": "Molluscs, Other", "v": 0.0056566864279654506}, {"l": "Freshwater Fish", "v": 0.01901889183938172}, {"l": "Pelagic Fish", "v": 0.13971462594645145}, {"l": "Fish, Seafood", "v": 1.2048742091566411}, {"l": "Cephalopods", "v": 0.0091559182831470586}, {"l": "Crustaceans", "v": 0.016018930786981134}, {"l": "Demersal Fish", "v": 0.9781602215339682}]}, {"source": 10, "prod": 31.0, "target": 15, "value": 0.30176213246899403, "supply": [{"l": "Sunflowerseed Oil", "v": 0.30176213246899403}]}, {"source": 16, "prod": 677.0, "target": 5, "value": 0.53329761742384219, "supply": [{"l": "Potatoes", "v": 0.52540725188750392}, {"l": "Pulses, Other", "v": 0.0078903655363382914}]}, {"source": 16, "prod": 113.0, "target": 4, "value": 0.14910342564083334, "supply": [{"l": "Sunflower seed", "v": 0.087166666500000003}, {"l": "Rape and Mustardseed", "v": 0.038353333260000004}, {"l": "Oilcrops, Other", "v": 0.023583425880833338}]}, {"source": 2, "prod": 71.0, "target": 17, "value": 0.089346694493196654, "supply": [{"l": "Offals, Edible", "v": 0.089346694493196654}]}, {"source": 0, "prod": 100.0, "target": 17, "value": 0.83423805637591297, "supply": [{"l": "Butter, Ghee", "v": 0.83423805637591297}]}, {"source": 7, "prod": 50.0, "target": 17, "value": 0.054479842258068012, "supply": [{"l": "Pelagic Fish", "v": 0.030910315474878641}, {"l": "Fish, Seafood", "v": 0.023569526783189375}]}, {"source": 3, "prod": 10314.0, "target": 17, "value": 30.447201544014717, "supply": [{"l": "Maize", "v": 9.8346423436957124}, {"l": "Wheat", "v": 11.612079698449179}, {"l": "Oats", "v": 0.025301423792682121}, {"l": "Barley", "v": 8.9751780780771426}]}, {"source": 16, "prod": 70.0, "target": 11, "value": 0.70961472501134326, "supply": [{"l": "Soyabean Oil", "v": 0.70961472501134326}]}, {"source": 6, "prod": 1300.0, "target": 17, "value": 1.5108888860000003, "supply": [{"l": "Sugar beet", "v": 1.5108888860000003}]}, {"source": 9, "prod": 2012.0, "target": 17, "value": 8.1969925784429432, "supply": [{"l": "Sugar", "v": 8.1969925784429432}]}, {"source": 16, "prod": 200.0, "target": 3, "value": 0.62106578564004533, "supply": [{"l": "Rye", "v": 0.62106578564004533}]}, {"source": 1, "prod": 9038.0, "target": 7, "value": 8.5532986308407288, "supply": [{"l": "Pelagic Fish", "v": 1.1585186239984515}, {"l": "Crustaceans", "v": 0.025229815989495287}, {"l": "Freshwater Fish", "v": 0.3347324963731183}, {"l": "Molluscs, Other", "v": 0.0084850296419481767}, {"l": "Aquatic Animals, Others", "v": 0.0018063900674680853}, {"l": "Demersal Fish", "v": 2.6743604948864999}, {"l": "Aquatic Plants", "v": 0.0072255602698723413}, {"l": "Fish, Seafood", "v": 4.2509998506160365}, {"l": "Marine Fish, Other", "v": 0.0096610723953206908}, {"l": "Cephalopods", "v": 0.073247346265176469}, {"l": "Aquatic Products, Other", "v": 0.0090319503373404251}]}, {"source": 1, "prod": 59127.0, "target": 2, "value": 51.690955390432315, "supply": [{"l": "Poultry Meat", "v": 2.0855272025563436}, {"l": "Pigmeat", "v": 5.9603508296318672}, {"l": "Bovine Meat", "v": 9.8353940653956649}, {"l": "Eggs", "v": 3.6437756481602244}, {"l": "Milk - Excluding Butter", "v": 27.963777051027623}, {"l": "Offals, Edible", "v": 1.117462883238854}, {"l": "Meat, Other", "v": 0.12519201670977967}, {"l": "Mutton & Goat Meat", "v": 1.0767060252746221}]}, {"source": 11, "prod": 8111.0, "target": 0, "value": 25.887063783394556, "supply": [{"l": "Fats, Animals, Raw", "v": 6.7074442992849219}, {"l": "Alcohol, Non-Food", "v": 0.15305975557588736}, {"l": "Beverages, Fermented", "v": 0.0071746760426197199}, {"l": "Fish, Body Oil", "v": 0.18353237240270087}, {"l": "Beer", "v": 1.5161593281821149}, {"l": "Beverages, Alcoholic", "v": 6.8867330072736834}, {"l": "Fish, Liver Oil", "v": 0.016684761127518263}, {"l": "Cream", "v": 1.9355436966601629}, {"l": "Butter, Ghee", "v": 7.9753158189537299}, {"l": "Wine", "v": 0.50541606789121141}]}, {"source": 11, "prod": 1432.0, "target": 10, "value": 14.020145305442101, "supply": [{"l": "Olive Oil", "v": 0.12735049975650001}, {"l": "Soyabean Oil", "v": 1.5104656289527165}, {"l": "Coconut Oil", "v": 0.10137353214447761}, {"l": "Cottonseed Oil", "v": 0.010137353214447762}, {"l": "Rape and Mustard Oil", "v": 0.39054153258660007}, {"l": "Maize Germ Oil", "v": 0.053062708231874998}, {"l": "Palm Oil", "v": 0.19260971107450747}, {"l": "Oilcrops Oil, Other", "v": 0.58621658618071437}, {"l": "Sunflowerseed Oil", "v": 11.048387753300265}]}, {"source": 11, "prod": 7755.0, "target": 9, "value": 31.522330282433387, "supply": [{"l": "Honey", "v": 0.19648362819574292}, {"l": "Sweeteners, Other", "v": 0.36305162632195775}, {"l": "Sugar", "v": 30.962795027915689}]}, {"source": 5, "prod": 57033.5, "target": 18, "value": 249.924688566036, "supply": [{"l": "Tomatoes", "v": 6.5340133208400006}, {"l": "Vegetables, Other", "v": 28.68829327848}, {"l": "Peas", "v": 8.8073199831600011}, {"l": "Potatoes", "v": 66.430588206315008}, {"l": "Beans", "v": 0.15874049481824551}, {"l": "Pulses, Other", "v": 9.5905715619356648}, {"l": "Onions", "v": 4.1439033254100002}, {"l": "Cassava", "v": 0.021791666625000004}]}, {"source": 6, "prod": 10187.200000000001, "target": 18, "value": 11.839790199584002, "supply": [{"l": "Sugar beet", "v": 11.839790199584002}]}, {"source": 3, "prod": 205694.0, "target": 18, "value": 667.7763669694674, "supply": [{"l": "Maize", "v": 36.592566596700003}, {"l": "Rye", "v": 65.838726540780002}, {"l": "Barley", "v": 189.48987297102002}, {"l": "Rice", "v": 4.3722799916400001}, {"l": "Cereals, Other", "v": 5.7427450870588235}, {"l": "Wheat", "v": 326.23693937622005}, {"l": "Oats", "v": 80.786066512200023}, {"l": "Sorghum", "v": 0.14643999971999999}, {"l": "Millet", "v": 7.8659199849600014}]}, {"source": 4, "prod": 3618.5, "target": 18, "value": 6.1201089146519028, "supply": [{"l": "Olives", "v": 0.0019295530266136365}, {"l": "Sunflower seed", "v": 3.2577088826600002}, {"l": "Sesame seed", "v": 0.0065307948593076922}, {"l": "Groundnuts", "v": 0.0063476884613831771}, {"l": "Oilcrops, Other", "v": 0.37025978632908341}, {"l": "Soyabeans", "v": 2.2536044319655146}, {"l": "Rape and Mustardseed", "v": 0.22372777735000002}]}, {"source": 19, "prod": 0, "target": 5, "value": 0.90653995565050371, "supply": "[{\"l\":'Energy for power irrigation',\"v\":0.90653995565050371}]"}, {"source": 19, "prod": 0, "target": 6, "value": 0.40481049892619297, "supply": "[{\"l\":'Energy for power irrigation',\"v\":0.40481049892619297}]"}, {"source": 19, "prod": 0, "target": 3, "value": 1.6347394920316543, "supply": "[{\"l\":'Energy for power irrigation',\"v\":1.6347394920316543}]"}, {"source": 19, "prod": 0, "target": 4, "value": 0.057515579957767751, "supply": "[{\"l\":'Energy for power irrigation',\"v\":0.057515579957767751}]"}, {"source": 19, "prod": 0, "target": 11, "value": 69.202000055361594, "supply": "[{\"l\":'Electricity',\"v\":69.202000055361594}]"}, {"source": 20, "prod": 0, "target": 19, "value": 111.24688021562008, "supply": [{"l": "Coal", "v": 28.822533237496309}, {"l": "Natural gas", "v": 66.813383319721353}, {"l": "Oil", "v": 15.610963658402421}]}, {"source": 21, "prod": 0, "target": 19, "value": 22.294093602447774, "supply": [{"l": "Nuclear", "v": 9.0797513714614766}, {"l": "Hydroelectric", "v": 13.209771349487733}, {"l": "Renewable", "v": 0.0045708814985626562}]}, {"source": 20, "prod": 0, "target": 5, "value": 116.02013933714149, "supply": [{"l": "Gas-Diesel oil", "v": 29.348625430883956}, {"l": "Natural gas (including LNG)", "v": 2.2453526544934315}, {"l": "Fuel oil", "v": 3.3802861155646164}, {"l": "Liquefied petroleum gas (LPG)", "v": 0.046264671788438454}, {"l": "Coal", "v": 1.271857886256708}, {"l": "Other fossil fuels", "v": 79.727752578154323}]}, {"source": 20, "prod": 0, "target": 6, "value": 51.808163774594213, "supply": [{"l": "Gas-Diesel oil", "v": 13.105469460470644}, {"l": "Natural gas (including LNG)", "v": 1.0026500461069145}, {"l": "Fuel oil", "v": 1.5094484257708127}, {"l": "Liquefied petroleum gas (LPG)", "v": 0.020659238186468486}, {"l": "Coal", "v": 0.56794123887164272}, {"l": "Other fossil fuels", "v": 35.601995365187726}]}, {"source": 20, "prod": 0, "target": 3, "value": 209.21604443716393, "supply": [{"l": "Gas-Diesel oil", "v": 52.923598932033315}, {"l": "Natural gas (including LNG)", "v": 4.0489849729840524}, {"l": "Fuel oil", "v": 6.0955804242677392}, {"l": "Liquefied petroleum gas (LPG)", "v": 0.083427857301858185}, {"l": "Coal", "v": 2.2935076407347195}, {"l": "Other fossil fuels", "v": 143.77094460984225}]}, {"source": 20, "prod": 0, "target": 4, "value": 7.3609172537446659, "supply": [{"l": "Gas-Diesel oil", "v": 1.8620284766260808}, {"l": "Natural gas (including LNG)", "v": 0.14245677681160163}, {"l": "Fuel oil", "v": 0.21446282113443085}, {"l": "Liquefied petroleum gas (LPG)", "v": 0.0029352698829015317}, {"l": "Coal", "v": 0.080693237508129387}, {"l": "Other fossil fuels", "v": 5.0583406717815214}]}, {"source": 20, "prod": 0, "target": 1, "value": 6.8291655239818505, "supply": [{"l": "Gas-diesel oils used in fisheries", "v": 5.3960540783909172}, {"l": "Fuel oil used in fisheries", "v": 1.4331114455909335}]}, {"source": 22, "prod": 1162.2982240285342, "target": 5, "value": 13.197005312813493, "supply": [{"l": "Potash", "v": 2.3075000018459999}, {"l": "Phosphate", "v": 3.7875000030299995}, {"l": "Nitrogen", "v": 37.630152807881892}]}, {"source": 22, "prod": 519.01796609990106, "target": 6, "value": 5.8930511244572754, "supply": [{"l": "Potash", "v": 2.3075000018459999}, {"l": "Phosphate", "v": 3.7875000030299995}, {"l": "Nitrogen", "v": 37.630152807881892}]}, {"source": 22, "prod": 2095.9416035604099, "target": 3, "value": 23.797810153803102, "supply": [{"l": "Potash", "v": 2.3075000018459999}, {"l": "Phosphate", "v": 3.7875000030299995}, {"l": "Nitrogen", "v": 37.630152807881892}]}, {"source": 22, "prod": 73.742206311154845, "target": 4, "value": 0.83728622168402111, "supply": [{"l": "Potash", "v": 2.3075000018459999}, {"l": "Phosphate", "v": 3.7875000030299995}, {"l": "Nitrogen", "v": 37.630152807881892}]}, {"source": 20, "prod": 0, "target": 22, "value": 53.75016584800894, "supply": [{"l": "Natural gas (including LNG)", "v": 35.926447453566503}, {"l": "Fuel oil", "v": 11.171791636649147}, {"l": "Liquefied petroleum gas (LPG)", "v": 3.3259633788966463}, {"l": "Coal", "v": 3.3259633788966463}]}, {"source": 23, "prod": 0, "target": 3, "value": 4.1255398870277347, "supply": "[{\"l\":'Labor',\"v\":4.1255398870277347}]"}, {"source": 23, "prod": 0, "target": 4, "value": 0.14515023365980395, "supply": "[{\"l\":'Labor',\"v\":0.14515023365980395}]"}, {"source": 23, "prod": 0, "target": 5, "value": 2.2878059559033934, "supply": "[{\"l\":'Labor',\"v\":2.2878059559033934}]"}, {"source": 23, "prod": 0, "target": 6, "value": 1.0216073375287791, "supply": "[{\"l\":'Labor',\"v\":1.0216073375287791}]"}, {"source": 20, "prod": 0, "target": 14, "value": 219.74874369194742, "supply": "[{\"l\":'Fossil Fuels',\"v\":219.74874369194742}]"}, {"source": 21, "prod": 0, "target": 14, "value": 18.423073017547338, "supply": "[{\"l\":'Renewables & Nuclear',\"v\":14.676074224972258},{\"l\":'Biomass & Waste',\"v\":3.7469987925750798}]"}]}