{"nodes": [{"layer": 13, "name": "Other Processed", "fill": "#9c9ede"}, {"layer": 10, "name": "Feed", "fill": "#dbdb8d"}, {"layer": 13, "name": "Animal Products", "fill": "#17becf"}, {"layer": 5, "name": "Cereals", "fill": "#e7ba52"}, {"layer": 5, "name": "Oilcrops", "fill": "#ff9896"}, {"layer": 5, "name": "Fruits, Roots & Vegetables", "fill": "#98df8a"}, {"layer": 5, "name": "Sugar Crops", "fill": "#ffbb78"}, {"layer": 13, "name": "Aquatic Products", "fill": "#1f77b4"}, {"layer": 16, "name": "Food", "fill": "#b5cf6b"}, {"layer": 13, "name": "Sugar", "fill": "#d6616b"}, {"layer": 13, "name": "Vegetable Oils", "fill": "#f7b6d2"}, {"layer": 10, "name": "Processing", "fill": "#9edae5"}, {"layer": 16, "name": "Biofuels & Other", "fill": "#e7ba52"}, {"name": "Seed", "fill": "#dbdb8d"}, {"name": "Waste", "fill": "#c7c7c7"}, {"layer": 0, "name": "Import", "fill": "#aec7e8"}, {"layer": 16, "name": "Export", "fill": "#aec7e8"}, {"layer": 16, "name": "Stock Deposit", "fill": "#c7c7c7"}, {"layer": 0, "name": "Stock Draw", "fill": "#c7c7c7"}, {"layer": 0, "name": "Production", "fill": "#b5cf6b"}], "links": [{"source": 0, "prod": 0.30989337461826222, "target": 1, "value": 37.0, "supply": [{"l": "Fish, Body Oil", "v": 37.0}]}, {"source": 2, "prod": 18.498777252107029, "target": 1, "value": 30513.0, "supply": [{"l": "Milk - Excluding Butter", "v": 30513.0}]}, {"source": 3, "prod": 173.88858734239213, "target": 1, "value": 60679.0, "supply": [{"l": "Maize", "v": 4991.0}, {"l": "Oats", "v": 8340.0}, {"l": "Rye", "v": 7300.0}, {"l": "Barley", "v": 20320.0}, {"l": "Sorghum", "v": 27.0}, {"l": "Cereals, Other", "v": 850.0}, {"l": "Wheat", "v": 18500.0}, {"l": "Millet", "v": 351.0}]}, {"source": 4, "prod": 0.64164545432870013, "target": 1, "value": 204.0, "supply": [{"l": "Soyabeans", "v": 18.0}, {"l": "Sunflower seed", "v": 3.0}, {"l": "Rape and Mustardseed", "v": 84.0}, {"l": "Oilcrops, Other", "v": 99.0}]}, {"source": 5, "prod": 13.545036786407136, "target": 1, "value": 9065.0, "supply": [{"l": "Potatoes", "v": 4864.0}, {"l": "Beans", "v": 6.0}, {"l": "Vegetables, Other", "v": 1879.0}, {"l": "Peas", "v": 1822.0}, {"l": "Cassava", "v": 78.0}, {"l": "Pulses, Other", "v": 416.0}]}, {"source": 6, "prod": 1.26914666424, "target": 1, "value": 1092.0, "supply": [{"l": "Sugar beet", "v": 1092.0}]}, {"source": 7, "prod": 2.9713138111167514, "target": 1, "value": 3108.0, "supply": [{"l": "Fish, Seafood", "v": 1554.0}, {"l": "Pelagic Fish", "v": 588.0}, {"l": "Crustaceans", "v": 77.0}, {"l": "Demersal Fish", "v": 889.0}]}, {"source": 0, "prod": 20.531723471338434, "target": 8, "value": 7334.0, "supply": [{"l": "Beer", "v": 2846.0}, {"l": "Beverages, Alcoholic", "v": 1714.0}, {"l": "Fats, Animals, Raw", "v": 382.0}, {"l": "Butter, Ghee", "v": 883.0}, {"l": "Wine", "v": 684.0}, {"l": "Beverages, Fermented", "v": 4.0}, {"l": "Cream", "v": 821.0}]}, {"source": 2, "prod": 33.347598751745657, "target": 8, "value": 27765.0, "supply": [{"l": "Pigmeat", "v": 2912.0}, {"l": "Meat, Other", "v": 93.0}, {"l": "Eggs", "v": 2193.0}, {"l": "Mutton & Goat Meat", "v": 351.0}, {"l": "Poultry Meat", "v": 1484.0}, {"l": "Milk - Excluding Butter", "v": 15732.0}, {"l": "Offals, Edible", "v": 733.0}, {"l": "Bovine Meat", "v": 4267.0}]}, {"source": 3, "prod": 76.266301067704546, "target": 8, "value": 23052.0, "supply": [{"l": "Maize", "v": 67.0}, {"l": "Rye", "v": 1692.0}, {"l": "Barley", "v": 99.0}, {"l": "Rice", "v": 1055.0}, {"l": "Cereals, Other", "v": 5.0}, {"l": "Wheat", "v": 19217.0}, {"l": "Oats", "v": 244.0}, {"l": "Millet", "v": 673.0}]}, {"source": 4, "prod": 0.021220694317710145, "target": 8, "value": 4.0, "supply": [{"l": "Olives", "v": 1.0}, {"l": "Sesame seed", "v": 2.0}, {"l": "Groundnuts", "v": 1.0}]}, {"source": 5, "prod": 22.478411582770967, "target": 8, "value": 36174.0, "supply": [{"l": "Vegetables, Other", "v": 7235.0}, {"l": "Nuts", "v": 25.0}, {"l": "Grapefruit", "v": 66.0}, {"l": "Tomatoes", "v": 2910.0}, {"l": "Cloves", "v": 1.0}, {"l": "Pepper", "v": 2.0}, {"l": "Treenuts", "v": 25.0}, {"l": "Cocoa Beans", "v": 82.0}, {"l": "Peas", "v": 450.0}, {"l": "Grapes", "v": 64.0}, {"l": "Pimento", "v": 1.0}, {"l": "Dates", "v": 10.0}, {"l": "Potatoes", "v": 17566.0}, {"l": "Coffee", "v": 76.0}, {"l": "Apples", "v": 2324.0}, {"l": "Lemons, Limes", "v": 8.0}, {"l": "Pineapples", "v": 122.0}, {"l": "Bananas", "v": 13.0}, {"l": "Citrus, Other", "v": 2.0}, {"l": "Spices, Other", "v": 1.0}, {"l": "Tea", "v": 77.0}, {"l": "Fruits, Other", "v": 1993.0}, {"l": "Infant food", "v": 12.0}, {"l": "Oranges, Mandarines", "v": 1339.0}, {"l": "Onions", "v": 1770.0}]}, {"source": 9, "prod": 20.614526238416168, "target": 8, "value": 5046.0, "supply": [{"l": "Sugar", "v": 4989.0}, {"l": "Sweeteners, Other", "v": 6.0}, {"l": "Honey", "v": 51.0}]}, {"source": 7, "prod": 5.2413842489152263, "target": 8, "value": 5564.0, "supply": [{"l": "Crustaceans", "v": 64.0}, {"l": "Marine Fish, Other", "v": 41.0}, {"l": "Freshwater Fish", "v": 485.0}, {"l": "Pelagic Fish", "v": 791.0}, {"l": "Fish, Seafood", "v": 2782.0}, {"l": "Cephalopods", "v": 115.0}, {"l": "Demersal Fish", "v": 1286.0}]}, {"source": 10, "prod": 9.1249070725631487, "target": 8, "value": 946.0, "supply": [{"l": "Maize Germ Oil", "v": 5.0}, {"l": "Soyabean Oil", "v": 112.0}, {"l": "Sunflowerseed Oil", "v": 788.0}, {"l": "Olive Oil", "v": 12.0}, {"l": "Rape and Mustard Oil", "v": 27.0}, {"l": "Oilcrops Oil, Other", "v": 2.0}]}, {"source": 5, "prod": 2.0223787380306861, "target": 11, "value": 2452.0, "supply": [{"l": "Potatoes", "v": 1925.0}, {"l": "Grapes", "v": 527.0}]}, {"source": 6, "prod": 28.125777723999999, "target": 11, "value": 24200.0, "supply": [{"l": "Sugar beet", "v": 24200.0}]}, {"source": 3, "prod": 8.0390300214895714, "target": 11, "value": 2598.0, "supply": [{"l": "Maize", "v": 151.0}, {"l": "Wheat", "v": 1585.0}, {"l": "Rye", "v": 300.0}, {"l": "Barley", "v": 562.0}]}, {"source": 4, "prod": 4.9190216078785554, "target": 11, "value": 2582.0, "supply": [{"l": "Sunflower seed", "v": 1810.0}, {"l": "Soyabeans", "v": 635.0}, {"l": "Rape and Mustardseed", "v": 120.0}, {"l": "Oilcrops, Other", "v": 17.0}]}, {"source": 9, "prod": 1.3424457824055489, "target": 11, "value": 336.0, "supply": [{"l": "Sweeteners, Other", "v": 75.0}, {"l": "Sugar", "v": 261.0}]}, {"source": 0, "prod": 5.6896167975926861, "target": 12, "value": 734.0, "supply": [{"l": "Alcohol, Non-Food", "v": 65.0}, {"l": "Fats, Animals, Raw", "v": 669.0}]}, {"source": 2, "prod": 0.93809191139862436, "target": 12, "value": 1301.0, "supply": [{"l": "Eggs", "v": 130.0}, {"l": "Milk - Excluding Butter", "v": 1144.0}, {"l": "Offals, Edible", "v": 27.0}]}, {"source": 3, "prod": 0.016044326552014855, "target": 12, "value": 5.0, "supply": [{"l": "Maize", "v": 1.0}, {"l": "Wheat", "v": 4.0}]}, {"source": 5, "prod": 0.035114432588513975, "target": 12, "value": 45.0, "supply": [{"l": "Potatoes", "v": 45.0}]}, {"source": 7, "prod": 1.1265953880766371, "target": 12, "value": 1272.0, "supply": [{"l": "Aquatic Animals, Others", "v": 6.0}, {"l": "Demersal Fish", "v": 600.0}, {"l": "Aquatic Products, Other", "v": 36.0}, {"l": "Fish, Seafood", "v": 600.0}, {"l": "Aquatic Plants", "v": 30.0}]}, {"source": 10, "prod": 3.5245534392640536, "target": 12, "value": 365.0, "supply": [{"l": "Soyabean Oil", "v": 51.0}, {"l": "Coconut Oil", "v": 5.0}, {"l": "Rape and Mustard Oil", "v": 57.0}, {"l": "Palm Oil", "v": 4.0}, {"l": "Cottonseed Oil", "v": 1.0}, {"l": "Oilcrops Oil, Other", "v": 14.0}, {"l": "Sunflowerseed Oil", "v": 233.0}]}, {"source": 5, "prod": 8.7764161905643494, "target": 13, "value": 10225.0, "supply": [{"l": "Potatoes", "v": 9983.0}, {"l": "Peas", "v": 205.0}, {"l": "Beans", "v": 1.0}, {"l": "Pulses, Other", "v": 36.0}]}, {"source": 2, "prod": 0.12740809835430938, "target": 2, "value": 79.0, "supply": [{"l": "Eggs", "v": 79.0}]}, {"source": 3, "prod": 48.840157963411762, "target": 13, "value": 16485.0, "supply": [{"l": "Maize", "v": 24.0}, {"l": "Wheat", "v": 7600.0}, {"l": "Oats", "v": 2600.0}, {"l": "Rye", "v": 2300.0}, {"l": "Millet", "v": 49.0}, {"l": "Barley", "v": 3685.0}, {"l": "Rice", "v": 49.0}, {"l": "Sorghum", "v": 1.0}, {"l": "Cereals, Other", "v": 177.0}]}, {"source": 4, "prod": 0.66295802712745555, "target": 13, "value": 353.0, "supply": [{"l": "Sunflower seed", "v": 263.0}, {"l": "Soyabeans", "v": 56.0}, {"l": "Rape and Mustardseed", "v": 9.0}, {"l": "Oilcrops, Other", "v": 25.0}]}, {"source": 0, "prod": 0.037912920519296199, "target": 14, "value": 17.0, "supply": [{"l": "Cream", "v": 17.0}]}, {"source": 2, "prod": 0.42800975851070461, "target": 14, "value": 580.0, "supply": [{"l": "Pigmeat", "v": 14.0}, {"l": "Milk - Excluding Butter", "v": 518.0}, {"l": "Bovine Meat", "v": 19.0}, {"l": "Eggs", "v": 9.0}, {"l": "Offals, Edible", "v": 20.0}]}, {"source": 3, "prod": 4.9939231455469288, "target": 14, "value": 1689.0, "supply": [{"l": "Maize", "v": 70.0}, {"l": "Oats", "v": 199.0}, {"l": "Rye", "v": 137.0}, {"l": "Rice", "v": 14.0}, {"l": "Sorghum", "v": 1.0}, {"l": "Cereals, Other", "v": 27.0}, {"l": "Wheat", "v": 706.0}, {"l": "Millet", "v": 53.0}, {"l": "Barley", "v": 482.0}]}, {"source": 4, "prod": 0.22639572302391109, "target": 14, "value": 168.0, "supply": [{"l": "Soyabeans", "v": 7.0}, {"l": "Sunflower seed", "v": 156.0}, {"l": "Rape and Mustardseed", "v": 2.0}, {"l": "Oilcrops, Other", "v": 3.0}]}, {"source": 5, "prod": 3.0600283109985909, "target": 14, "value": 3643.0, "supply": [{"l": "Potatoes", "v": 2820.0}, {"l": "Fruits, Other", "v": 26.0}, {"l": "Apples", "v": 72.0}, {"l": "Tomatoes", "v": 55.0}, {"l": "Vegetables, Other", "v": 391.0}, {"l": "Peas", "v": 131.0}, {"l": "Grapes", "v": 2.0}, {"l": "Pulses, Other", "v": 25.0}, {"l": "Onions", "v": 121.0}]}, {"source": 6, "prod": 0.29636666610000001, "target": 14, "value": 255.0, "supply": [{"l": "Sugar beet", "v": 255.0}]}, {"source": 15, "prod": 29.62454696158461, "target": 11, "value": 6541.0, "supply": [{"l": "Alcohol, Non-Food", "v": 9.0}, {"l": "Sugar", "v": 5297.0}, {"l": "Beer", "v": 56.0}, {"l": "Beverages, Alcoholic", "v": 200.0}, {"l": "Fats, Animals, Raw", "v": 89.0}, {"l": "Soyabean Oil", "v": 224.0}, {"l": "Butter, Ghee", "v": 161.0}, {"l": "Palm Oil", "v": 4.0}, {"l": "Sunflowerseed Oil", "v": 204.0}, {"l": "Olive Oil", "v": 12.0}, {"l": "Coconut Oil", "v": 5.0}, {"l": "Rape and Mustard Oil", "v": 41.0}, {"l": "Oilcrops Oil, Other", "v": 10.0}, {"l": "Wine", "v": 212.0}, {"l": "Sweeteners, Other", "v": 7.0}, {"l": "Beverages, Fermented", "v": 4.0}, {"l": "Honey", "v": 2.0}, {"l": "Cottonseed Oil", "v": 1.0}, {"l": "Cream", "v": 3.0}]}, {"source": 15, "prod": 99.679773442990168, "target": 3, "value": 32032.0, "supply": [{"l": "Maize", "v": 5588.0}, {"l": "Rye", "v": 1774.0}, {"l": "Barley", "v": 4705.0}, {"l": "Rice", "v": 627.0}, {"l": "Cereals, Other", "v": 4.0}, {"l": "Wheat", "v": 19193.0}, {"l": "Oats", "v": 141.0}]}, {"source": 15, "prod": 1.3326780584768101, "target": 4, "value": 314.0, "supply": [{"l": "Olives", "v": 1.0}, {"l": "Sunflower seed", "v": 1.0}, {"l": "Sesame seed", "v": 2.0}, {"l": "Groundnuts", "v": 1.0}, {"l": "Oilcrops, Other", "v": 75.0}, {"l": "Soyabeans", "v": 234.0}]}, {"source": 15, "prod": 3.5266822155288233, "target": 5, "value": 7696.0, "supply": [{"l": "Pulses, Other", "v": 16.0}, {"l": "Nuts", "v": 12.0}, {"l": "Citrus, Other", "v": 2.0}, {"l": "Grapefruit", "v": 66.0}, {"l": "Cocoa Beans", "v": 82.0}, {"l": "Tomatoes", "v": 1367.0}, {"l": "Coffee", "v": 76.0}, {"l": "Treenuts", "v": 12.0}, {"l": "Vegetables, Other", "v": 1598.0}, {"l": "Peas", "v": 1.0}, {"l": "Grapes", "v": 64.0}, {"l": "Cloves", "v": 1.0}, {"l": "Dates", "v": 10.0}, {"l": "Potatoes", "v": 433.0}, {"l": "Pimento", "v": 1.0}, {"l": "Pepper", "v": 2.0}, {"l": "Apples", "v": 629.0}, {"l": "Lemons, Limes", "v": 8.0}, {"l": "Pineapples", "v": 122.0}, {"l": "Bananas", "v": 13.0}, {"l": "Spices, Other", "v": 1.0}, {"l": "Tea", "v": 75.0}, {"l": "Fruits, Other", "v": 983.0}, {"l": "Infant food", "v": 12.0}, {"l": "Oranges, Mandarines", "v": 1340.0}, {"l": "Onions", "v": 692.0}, {"l": "Cassava", "v": 78.0}]}, {"source": 15, "prod": 2.8294728641806746, "target": 1, "value": 2007.0, "supply": [{"l": "Pigmeat", "v": 142.0}, {"l": "Meat, Other", "v": 7.0}, {"l": "Eggs", "v": 8.0}, {"l": "Mutton & Goat Meat", "v": 22.0}, {"l": "Poultry Meat", "v": 56.0}, {"l": "Milk - Excluding Butter", "v": 956.0}, {"l": "Pelagic Fish", "v": 73.0}, {"l": "Fish, Seafood", "v": 79.0}, {"l": "Offals, Edible", "v": 3.0}, {"l": "Demersal Fish", "v": 6.0}, {"l": "Bovine Meat", "v": 655.0}]}, {"source": 0, "prod": 0.64102423145829479, "target": 16, "value": 176.0, "supply": [{"l": "Alcohol, Non-Food", "v": 94.0}, {"l": "Fats, Animals, Raw", "v": 51.0}, {"l": "Beverages, Alcoholic", "v": 24.0}, {"l": "Wine", "v": 1.0}, {"l": "Fish, Body Oil", "v": 5.0}, {"l": "Fish, Liver Oil", "v": 1.0}]}, {"source": 2, "prod": 0.18999695993520427, "target": 16, "value": 294.0, "supply": [{"l": "Milk - Excluding Butter", "v": 282.0}, {"l": "Eggs", "v": 11.0}, {"l": "Offals, Edible", "v": 1.0}]}, {"source": 3, "prod": 0.1015485341673822, "target": 16, "value": 30.0, "supply": [{"l": "Maize", "v": 10.0}, {"l": "Barley", "v": 2.0}, {"l": "Cereals, Other", "v": 3.0}, {"l": "Rice", "v": 11.0}, {"l": "Wheat", "v": 4.0}]}, {"source": 4, "prod": 0.3395193314495889, "target": 16, "value": 222.0, "supply": [{"l": "Soyabeans", "v": 23.0}, {"l": "Sunflower seed", "v": 169.0}, {"l": "Rape and Mustardseed", "v": 26.0}, {"l": "Oilcrops, Other", "v": 4.0}]}, {"source": 5, "prod": 0.25588579834174507, "target": 16, "value": 316.0, "supply": [{"l": "Potatoes", "v": 258.0}, {"l": "Nuts", "v": 1.0}, {"l": "Fruits, Other", "v": 17.0}, {"l": "Tomatoes", "v": 2.0}, {"l": "Spices, Other", "v": 2.0}, {"l": "Apples", "v": 19.0}, {"l": "Vegetables, Other", "v": 9.0}, {"l": "Treenuts", "v": 1.0}, {"l": "Oranges, Mandarines", "v": 1.0}, {"l": "Onions", "v": 1.0}, {"l": "Pulses, Other", "v": 5.0}]}, {"source": 9, "prod": 0.032370663074132659, "target": 16, "value": 8.0, "supply": [{"l": "Sugar", "v": 7.0}, {"l": "Honey", "v": 1.0}]}, {"source": 7, "prod": 1.2172048647173992, "target": 16, "value": 1320.0, "supply": [{"l": "Molluscs, Other", "v": 10.0}, {"l": "Freshwater Fish", "v": 9.0}, {"l": "Pelagic Fish", "v": 126.0}, {"l": "Fish, Seafood", "v": 660.0}, {"l": "Cephalopods", "v": 23.0}, {"l": "Crustaceans", "v": 25.0}, {"l": "Demersal Fish", "v": 467.0}]}, {"source": 10, "prod": 0.11498017047719034, "target": 16, "value": 12.0, "supply": [{"l": "Rape and Mustard Oil", "v": 1.0}, {"l": "Soyabean Oil", "v": 1.0}, {"l": "Sunflowerseed Oil", "v": 10.0}]}, {"source": 10, "prod": 1.7091777598898685, "target": 17, "value": 170.0, "supply": [{"l": "Soyabean Oil", "v": 170.0}]}, {"source": 2, "prod": 0.16015681510959431, "target": 17, "value": 124.0, "supply": [{"l": "Offals, Edible", "v": 124.0}]}, {"source": 0, "prod": 0.33501986445217546, "target": 17, "value": 40.0, "supply": [{"l": "Butter, Ghee", "v": 40.0}]}, {"source": 3, "prod": 95.836497372233495, "target": 17, "value": 31037.0, "supply": [{"l": "Maize", "v": 2409.0}, {"l": "Wheat", "v": 17744.0}, {"l": "Rye", "v": 3931.0}, {"l": "Barley", "v": 6544.0}, {"l": "Millet", "v": 409.0}]}, {"source": 5, "prod": 1.0241302638942018, "target": 17, "value": 1304.0, "supply": [{"l": "Potatoes", "v": 1302.0}, {"l": "Pulses, Other", "v": 2.0}]}, {"source": 18, "prod": 0.036435666597000003, "target": 4, "value": 13.0, "supply": [{"l": "Rape and Mustardseed", "v": 7.0}, {"l": "Oilcrops, Other", "v": 6.0}]}, {"source": 4, "prod": 0.82517777619999999, "target": 17, "value": 710.0, "supply": [{"l": "Sunflower seed", "v": 710.0}]}, {"source": 18, "prod": 0.025271889056737353, "target": 11, "value": 3.0, "supply": [{"l": "Fats, Animals, Raw", "v": 3.0}]}, {"source": 9, "prod": 10.53811142586914, "target": 17, "value": 2577.0, "supply": [{"l": "Sugar", "v": 2577.0}]}, {"source": 19, "prod": 308.30399825900065, "target": 3, "value": 103543.0, "supply": [{"l": "Maize", "v": 2135.0}, {"l": "Rye", "v": 13887.0}, {"l": "Barley", "v": 26989.0}, {"l": "Rice", "v": 503.0}, {"l": "Cereals, Other", "v": 1058.0}, {"l": "Wheat", "v": 46167.0}, {"l": "Oats", "v": 11241.0}, {"l": "Sorghum", "v": 28.0}, {"l": "Millet", "v": 1535.0}]}, {"source": 19, "prod": 6.2703793522082787, "target": 4, "value": 3916.0, "supply": [{"l": "Sunflower seed", "v": 3110.0}, {"l": "Oilcrops, Other", "v": 68.0}, {"l": "Soyabeans", "v": 505.0}, {"l": "Rape and Mustardseed", "v": 233.0}]}, {"source": 19, "prod": 47.665730460268037, "target": 5, "value": 55527.0, "supply": [{"l": "Nuts", "v": 13.0}, {"l": "Tomatoes", "v": 1600.0}, {"l": "Treenuts", "v": 13.0}, {"l": "Vegetables, Other", "v": 7916.0}, {"l": "Peas", "v": 2607.0}, {"l": "Grapes", "v": 529.0}, {"l": "Potatoes", "v": 38330.0}, {"l": "Beans", "v": 7.0}, {"l": "Apples", "v": 1787.0}, {"l": "Spices, Other", "v": 3.0}, {"l": "Tea", "v": 2.0}, {"l": "Fruits, Other", "v": 1053.0}, {"l": "Onions", "v": 1200.0}, {"l": "Pulses, Other", "v": 467.0}]}, {"source": 19, "prod": 29.692453276559998, "target": 6, "value": 25548.0, "supply": [{"l": "Sugar beet", "v": 25548.0}]}, {"source": 1, "prod": 10.556498312826013, "target": 7, "value": 11264.0, "supply": [{"l": "Pelagic Fish", "v": 1505.0}, {"l": "Crustaceans", "v": 166.0}, {"l": "Freshwater Fish", "v": 494.0}, {"l": "Molluscs, Other", "v": 10.0}, {"l": "Aquatic Animals, Others", "v": 6.0}, {"l": "Aquatic Plants", "v": 30.0}, {"l": "Demersal Fish", "v": 3242.0}, {"l": "Aquatic Products, Other", "v": 36.0}, {"l": "Fish, Seafood", "v": 5596.0}, {"l": "Marine Fish, Other", "v": 41.0}, {"l": "Cephalopods", "v": 138.0}]}, {"source": 1, "prod": 53.562631448806812, "target": 2, "value": 60577.0, "supply": [{"l": "Poultry Meat", "v": 1484.0}, {"l": "Pigmeat", "v": 2926.0}, {"l": "Bovine Meat", "v": 4286.0}, {"l": "Eggs", "v": 2422.0}, {"l": "Milk - Excluding Butter", "v": 48189.0}, {"l": "Offals, Edible", "v": 905.0}, {"l": "Meat, Other", "v": 93.0}, {"l": "Mutton & Goat Meat", "v": 351.0}]}, {"source": 11, "prod": 27.545190659979152, "target": 0, "value": 8338.0, "supply": [{"l": "Fats, Animals, Raw", "v": 1102.0}, {"l": "Alcohol, Non-Food", "v": 159.0}, {"l": "Beverages, Fermented", "v": 4.0}, {"l": "Fish, Body Oil", "v": 42.0}, {"l": "Beer", "v": 2846.0}, {"l": "Beverages, Alcoholic", "v": 1738.0}, {"l": "Fish, Liver Oil", "v": 1.0}, {"l": "Cream", "v": 838.0}, {"l": "Butter, Ghee", "v": 923.0}, {"l": "Wine", "v": 685.0}]}, {"source": 11, "prod": 14.473618442194262, "target": 10, "value": 1493.0, "supply": [{"l": "Olive Oil", "v": 12.0}, {"l": "Soyabean Oil", "v": 334.0}, {"l": "Coconut Oil", "v": 5.0}, {"l": "Cottonseed Oil", "v": 1.0}, {"l": "Rape and Mustard Oil", "v": 85.0}, {"l": "Maize Germ Oil", "v": 5.0}, {"l": "Palm Oil", "v": 4.0}, {"l": "Oilcrops Oil, Other", "v": 16.0}, {"l": "Sunflowerseed Oil", "v": 1031.0}]}, {"source": 11, "prod": 32.527454109764989, "target": 9, "value": 7967.0, "supply": [{"l": "Honey", "v": 52.0}, {"l": "Sweeteners, Other", "v": 81.0}, {"l": "Sugar", "v": 7834.0}]}]}