{"nodes": [{"name": "Balance", "fill": "#9edae5"}, {"name": "Food", "fill": "#b5cf6b"}, {"name": "Stock Deposit", "fill": "#c7c7c7"}, {"name": "Export", "fill": "#aec7e8"}, {"name": "Biofuels & Other", "fill": "#e7ba52"}, {"name": "Crop Residue", "fill": "#bd9e39"}, {"name": "Renewables & Nuclear", "fill": "#2ca02c"}, {"name": "Fossil Fuels", "fill": "#c49c94"}, {"name": "Stock Draw", "fill": "#c7c7c7"}, {"name": "Labor", "fill": "#7f7f7f"}], "links": [{"source": 0, "target": 1, "value": 38.775055238841219}, {"source": 0, "target": 2, "value": 3.2872436624155621}, {"source": 0, "target": 3, "value": 5.5062589434413969}, {"source": 0, "target": 4, "value": 2.9417829947736993}, {"source": 0, "target": 5, "value": 166.60870468295579}, {"source": 6, "target": 0, "value": 0.99582959091053536}, {"source": 7, "target": 0, "value": 45.194101956574649}, {"source": 8, "target": 0, "value": 0.80629661366979055}, {"source": 9, "target": 0, "value": 1.6576765948115}]}