{"nodes": [{"layer": 5, "name": "Maize"}, {"layer": 10, "name": "Feed", "fill": "#dbdb8d"}, {"layer": 5, "name": "Vegetables, Other"}, {"layer": 5, "name": "Rye"}, {"layer": 5, "name": "Fruits, Other"}, {"layer": 13, "name": "Sugar", "fill": "#d6616b"}, {"layer": 5, "name": "Barley"}, {"layer": 5, "name": "Rice"}, {"layer": 5, "name": "Tomatoes"}, {"layer": 13, "name": "Fats, Animals, Raw"}, {"layer": 5, "name": "Wheat"}, {"layer": 5, "name": "Roots, Other"}, {"layer": 5, "name": "Oats"}, {"layer": 5, "name": "Soyabeans"}, {"layer": 5, "name": "Potatoes"}, {"layer": 13, "name": "Milk - Excluding Butter"}, {"layer": 5, "name": "Apples"}, {"layer": 13, "name": "Fish, Seafood"}, {"layer": 13, "name": "Meat, Other"}, {"layer": 5, "name": "Sorghum"}, {"layer": 5, "name": "Cereals, Other"}, {"layer": 13, "name": "Pelagic Fish"}, {"layer": 5, "name": "Millet"}, {"layer": 5, "name": "Sweet potatoes"}, {"layer": 5, "name": "Cassava"}, {"layer": 5, "name": "Pulses, Other"}, {"layer": 16, "name": "Food", "fill": "#b5cf6b"}, {"layer": 5, "name": "Olives"}, {"layer": 5, "name": "Nuts"}, {"layer": 5, "name": "Dates"}, {"layer": 13, "name": "Oilcrops Oil, Other"}, {"layer": 13, "name": "Maize Germ Oil"}, {"layer": 13, "name": "Beer"}, {"layer": 13, "name": "Groundnut Oil"}, {"layer": 13, "name": "Beverages, Alcoholic"}, {"layer": 13, "name": "Honey"}, {"layer": 13, "name": "Butter, Ghee"}, {"layer": 5, "name": "Pepper"}, {"layer": 13, "name": "Soyabean Oil"}, {"layer": 5, "name": "Coconuts - Incl Copra"}, {"layer": 5, "name": "Treenuts"}, {"layer": 13, "name": "Crustaceans"}, {"layer": 13, "name": "Eggs"}, {"layer": 5, "name": "Peas"}, {"layer": 13, "name": "Marine Fish, Other"}, {"layer": 5, "name": "Grapes"}, {"layer": 5, "name": "Pimento"}, {"layer": 13, "name": "Wine"}, {"layer": 13, "name": "Sunflowerseed Oil"}, {"layer": 13, "name": "Olive Oil"}, {"layer": 13, "name": "Pigmeat"}, {"layer": 5, "name": "Cocoa Beans"}, {"layer": 13, "name": "Freshwater Fish"}, {"layer": 5, "name": "Groundnuts"}, {"layer": 5, "name": "Coffee"}, {"layer": 5, "name": "Grapefruit"}, {"layer": 5, "name": "Pineapples"}, {"layer": 5, "name": "Beans"}, {"layer": 5, "name": "Lemons, Limes"}, {"layer": 13, "name": "Cephalopods"}, {"layer": 13, "name": "Mutton & Goat Meat"}, {"layer": 13, "name": "Sweeteners, Other"}, {"layer": 5, "name": "Bananas"}, {"layer": 13, "name": "Beverages, Fermented"}, {"layer": 5, "name": "Spices, Other"}, {"layer": 5, "name": "Tea"}, {"layer": 13, "name": "Molluscs, Other"}, {"layer": 13, "name": "Poultry Meat"}, {"layer": 13, "name": "Offals, Edible"}, {"layer": 13, "name": "Demersal Fish"}, {"layer": 5, "name": "Oranges, Mandarines"}, {"layer": 13, "name": "Bovine Meat"}, {"layer": 13, "name": "Cottonseed Oil"}, {"layer": 13, "name": "Palmkernel Oil"}, {"layer": 5, "name": "Onions"}, {"layer": 5, "name": "Sunflower seed"}, {"layer": 10, "name": "Processing", "fill": "#9edae5"}, {"layer": 5, "name": "Sugar cane"}, {"layer": 5, "name": "Cottonseed"}, {"layer": 5, "name": "Rape and Mustardseed"}, {"layer": 5, "name": "Sugar beet"}, {"layer": 5, "name": "Palm kernels"}, {"layer": 5, "name": "Oilcrops, Other"}, {"layer": 16, "name": "Biofuels & Other", "fill": "#e7ba52"}, {"layer": 13, "name": "Alcohol, Non-Food"}, {"layer": 13, "name": "Coconut Oil"}, {"layer": 13, "name": "Fish, Body Oil"}, {"layer": 13, "name": "Rape and Mustard Oil"}, {"layer": 13, "name": "Aquatic Products, Other"}, {"layer": 13, "name": "Palm Oil"}, {"layer": 13, "name": "Aquatic Plants"}, {"name": "Waste", "fill": "#c7c7c7"}, {"layer": 2, "name": "Import", "fill": "#aec7e8"}, {"layer": 16, "name": "Export", "fill": "#aec7e8"}, {"layer": 0, "name": "Stock Draw", "fill": "#c7c7c7"}, {"layer": 16, "name": "Stock Deposit", "fill": "#c7c7c7"}, {"name": "Crop Residue", "fill": "#bd9e39"}, {"layer": 2, "name": "Electricity", "fill": "#bcbd22"}, {"layer": 0, "name": "Fossil Fuels", "fill": "#c49c94"}, {"layer": 0, "name": "Renewables & Nuclear", "fill": "#2ca02c"}, {"layer": 2, "name": "Fertilizers", "fill": "#c5b0d5"}, {"layer": 0, "name": "Labor", "fill": "#7f7f7f"}], "links": [{"source": 0, "prod": 3841.0, "target": 1, "value": 13.34054371540136, "supply": [{"l": "Maize", "v": 13.34054371540136}]}, {"source": 2, "prod": 321.0, "target": 1, "value": 0.08738611353139987, "supply": [{"l": "Vegetables, Other", "v": 0.08738611353139987}]}, {"source": 3, "prod": 237.0, "target": 1, "value": 0.57489654175791438, "supply": [{"l": "Rye", "v": 0.57489654175791438}]}, {"source": 4, "prod": 21.0, "target": 1, "value": 0.012073862279397291, "supply": [{"l": "Fruits, Other", "v": 0.012073862279397291}]}, {"source": 5, "prod": 26.0, "target": 1, "value": 0.10762340222631367, "supply": [{"l": "Sugar", "v": 0.10762340222631367}]}, {"source": 6, "prod": 4187.0, "target": 1, "value": 12.516820246020318, "supply": [{"l": "Barley", "v": 12.516820246020318}]}, {"source": 7, "prod": 12.0, "target": 1, "value": 0.052120281753625479, "supply": [{"l": "Rice", "v": 0.052120281753625479}]}, {"source": 8, "prod": 66.0, "target": 1, "value": 0.013633630144248178, "supply": [{"l": "Tomatoes", "v": 0.013633630144248178}]}, {"source": 9, "prod": 44.0, "target": 1, "value": 0.35953098835794361, "supply": [{"l": "Fats, Animals, Raw", "v": 0.35953098835794361}]}, {"source": 10, "prod": 658.0, "target": 1, "value": 2.0259386655980283, "supply": [{"l": "Wheat", "v": 2.0259386655980283}]}, {"source": 11, "prod": 8.0, "target": 1, "value": 0.0081594844018414662, "supply": [{"l": "Roots, Other", "v": 0.0081594844018414662}]}, {"source": 12, "prod": 478.0, "target": 1, "value": 1.2486879770996309, "supply": [{"l": "Oats", "v": 1.2486879770996309}]}, {"source": 13, "prod": 2.0, "target": 1, "value": 0.0035375138821250002, "supply": [{"l": "Soyabeans", "v": 0.0035375138821250002}]}, {"source": 14, "prod": 291.0, "target": 1, "value": 0.22668174341078351, "supply": [{"l": "Potatoes", "v": 0.22668174341078351}]}, {"source": 15, "prod": 1318.0, "target": 1, "value": 1.0091493619296747, "supply": [{"l": "Milk - Excluding Butter", "v": 1.0091493619296747}]}, {"source": 16, "prod": 230.0, "target": 1, "value": 0.12898983545797255, "supply": [{"l": "Apples", "v": 0.12898983545797255}]}, {"source": 17, "prod": 686.0, "target": 1, "value": 0.43867893302874722, "supply": [{"l": "Fish, Seafood", "v": 0.43867893302874722}]}, {"source": 18, "prod": 2.0, "target": 1, "value": 0.0024085200899574472, "supply": [{"l": "Meat, Other", "v": 0.0024085200899574472}]}, {"source": 19, "prod": 738.0, "target": 1, "value": 2.4177358187656415, "supply": [{"l": "Sorghum", "v": 2.4177358187656415}]}, {"source": 20, "prod": 19.0, "target": 1, "value": 0.0622452311064325, "supply": [{"l": "Cereals, Other", "v": 0.0622452311064325}]}, {"source": 21, "prod": 686.0, "target": 1, "value": 0.70930264817016786, "supply": [{"l": "Pelagic Fish", "v": 0.70930264817016786}]}, {"source": 22, "prod": 47.0, "target": 1, "value": 0.15397504536854353, "supply": [{"l": "Millet", "v": 0.15397504536854353}]}, {"source": 23, "prod": 2.0, "target": 1, "value": 0.0025217920743861389, "supply": [{"l": "Sweet potatoes", "v": 0.0025217920743861389}]}, {"source": 24, "prod": 36.0, "target": 1, "value": 0.036717679808286594, "supply": [{"l": "Cassava", "v": 0.036717679808286594}]}, {"source": 25, "prod": 278.0, "target": 1, "value": 1.1014403223384399, "supply": [{"l": "Pulses, Other", "v": 1.1014403223384399}]}, {"source": 0, "prod": 38.0, "target": 26, "value": 0.13198142702037272, "supply": [{"l": "Maize", "v": 0.13198142702037272}]}, {"source": 27, "prod": 23.0, "target": 26, "value": 0.029144890491537314, "supply": [{"l": "Olives", "v": 0.029144890491537314}]}, {"source": 3, "prod": 84.0, "target": 26, "value": 0.20376079961040003, "supply": [{"l": "Rye", "v": 0.20376079961040003}]}, {"source": 28, "prod": 181.0, "target": 26, "value": 0.40515526225106213, "supply": [{"l": "Nuts", "v": 0.40515526225106213}]}, {"source": 29, "prod": 16.0, "target": 26, "value": 0.0424501665855, "supply": [{"l": "Dates", "v": 0.0424501665855}]}, {"source": 5, "prod": 1002.0, "target": 26, "value": 4.1476403473371661, "supply": [{"l": "Sugar", "v": 4.1476403473371661}]}, {"source": 30, "prod": 4.0, "target": 26, "value": 0.046309272638727278, "supply": [{"l": "Oilcrops Oil, Other", "v": 0.046309272638727278}]}, {"source": 31, "prod": 6.0, "target": 26, "value": 0.063675249878250004, "supply": [{"l": "Maize Germ Oil", "v": 0.063675249878250004}]}, {"source": 32, "prod": 1219.0, "target": 26, "value": 0.69614466010391707, "supply": [{"l": "Beer", "v": 0.69614466010391707}]}, {"source": 33, "prod": 2.0, "target": 26, "value": 0.0169800666342, "supply": [{"l": "Groundnut Oil", "v": 0.0169800666342}]}, {"source": 34, "prod": 116.0, "target": 26, "value": 0.39219445942709735, "supply": [{"l": "Beverages, Alcoholic", "v": 0.39219445942709735}]}, {"source": 35, "prod": 2.0, "target": 26, "value": 0.012128619024428572, "supply": [{"l": "Honey", "v": 0.012128619024428572}]}, {"source": 7, "prod": 177.0, "target": 26, "value": 0.76877415586597597, "supply": [{"l": "Rice", "v": 0.76877415586597597}]}, {"source": 36, "prod": 10.0, "target": 26, "value": 0.087827930866551732, "supply": [{"l": "Butter, Ghee", "v": 0.087827930866551732}]}, {"source": 8, "prod": 1264.0, "target": 26, "value": 0.26110467427772266, "supply": [{"l": "Tomatoes", "v": 0.26110467427772266}]}, {"source": 9, "prod": 73.0, "target": 26, "value": 0.59649459432113383, "supply": [{"l": "Fats, Animals, Raw", "v": 0.59649459432113383}]}, {"source": 37, "prod": 1.0, "target": 26, "value": 0.0011622222200000001, "supply": [{"l": "Pepper", "v": 0.0011622222200000001}]}, {"source": 10, "prod": 3411.0, "target": 26, "value": 10.502244359201937, "supply": [{"l": "Wheat", "v": 10.502244359201937}]}, {"source": 38, "prod": 142.0, "target": 26, "value": 1.467036841371665, "supply": [{"l": "Soyabean Oil", "v": 1.467036841371665}]}, {"source": 39, "prod": 16.0, "target": 26, "value": 0.028300111057000001, "supply": [{"l": "Coconuts - Incl Copra", "v": 0.028300111057000001}]}, {"source": 40, "prod": 181.0, "target": 26, "value": 0.40591970614210188, "supply": [{"l": "Treenuts", "v": 0.40591970614210188}]}, {"source": 41, "prod": 45.0, "target": 26, "value": 0.028725676636804517, "supply": [{"l": "Crustaceans", "v": 0.028725676636804517}]}, {"source": 42, "prod": 461.0, "target": 26, "value": 0.75434795655122755, "supply": [{"l": "Eggs", "v": 0.75434795655122755}]}, {"source": 2, "prod": 3250.0, "target": 26, "value": 0.88475037064501416, "supply": [{"l": "Vegetables, Other", "v": 0.88475037064501416}]}, {"source": 43, "prod": 21.0, "target": 26, "value": 0.087683950652016396, "supply": [{"l": "Peas", "v": 0.087683950652016396}]}, {"source": 44, "prod": 92.0, "target": 26, "value": 0.072591362934312273, "supply": [{"l": "Marine Fish, Other", "v": 0.072591362934312273}]}, {"source": 45, "prod": 207.0, "target": 26, "value": 0.14476415952551069, "supply": [{"l": "Grapes", "v": 0.14476415952551069}]}, {"source": 46, "prod": 12.0, "target": 26, "value": 0.044947235208176478, "supply": [{"l": "Pimento", "v": 0.044947235208176478}]}, {"source": 47, "prod": 1790.0, "target": 26, "value": 1.421379695061731, "supply": [{"l": "Wine", "v": 1.421379695061731}]}, {"source": 48, "prod": 66.0, "target": 26, "value": 0.68583550389698444, "supply": [{"l": "Sunflowerseed Oil", "v": 0.68583550389698444}]}, {"source": 12, "prod": 1.0, "target": 26, "value": 0.002612317943723077, "supply": [{"l": "Oats", "v": 0.002612317943723077}]}, {"source": 49, "prod": 365.0, "target": 26, "value": 3.7575154477155825, "supply": [{"l": "Olive Oil", "v": 3.7575154477155825}]}, {"source": 50, "prod": 506.0, "target": 26, "value": 0.95788227249280933, "supply": [{"l": "Pigmeat", "v": 0.95788227249280933}]}, {"source": 51, "prod": 25.0, "target": 26, "value": 0.028682544990202702, "supply": [{"l": "Cocoa Beans", "v": 0.028682544990202702}]}, {"source": 14, "prod": 3649.0, "target": 26, "value": 2.8424800058623676, "supply": [{"l": "Potatoes", "v": 2.8424800058623676}]}, {"source": 52, "prod": 16.0, "target": 26, "value": 0.014150055528500001, "supply": [{"l": "Freshwater Fish", "v": 0.014150055528500001}]}, {"source": 53, "prod": 30.0, "target": 26, "value": 0.20032662883044947, "supply": [{"l": "Groundnuts", "v": 0.20032662883044947}]}, {"source": 54, "prod": 60.0, "target": 26, "value": 0.028943295399204545, "supply": [{"l": "Coffee", "v": 0.028943295399204545}]}, {"source": 55, "prod": 4.0, "target": 26, "value": 0.0025346065597608601, "supply": [{"l": "Grapefruit", "v": 0.0025346065597608601}]}, {"source": 15, "prod": 4414.0, "target": 26, "value": 3.3796549951119754, "supply": [{"l": "Milk - Excluding Butter", "v": 3.3796549951119754}]}, {"source": 56, "prod": 8.0, "target": 26, "value": 0.015436424212909092, "supply": [{"l": "Pineapples", "v": 0.015436424212909092}]}, {"source": 57, "prod": 101.0, "target": 26, "value": 0.39108650094141384, "supply": [{"l": "Beans", "v": 0.39108650094141384}]}, {"source": 25, "prod": 128.0, "target": 26, "value": 0.50713799014144001, "supply": [{"l": "Pulses, Other", "v": 0.50713799014144001}]}, {"source": 17, "prod": 1066.0, "target": 26, "value": 0.68167892508548755, "supply": [{"l": "Fish, Seafood", "v": 0.68167892508548755}]}, {"source": 18, "prod": 48.0, "target": 26, "value": 0.05780448215897873, "supply": [{"l": "Meat, Other", "v": 0.05780448215897873}]}, {"source": 58, "prod": 59.0, "target": 26, "value": 0.014561394352002908, "supply": [{"l": "Lemons, Limes", "v": 0.014561394352002908}]}, {"source": 59, "prod": 38.0, "target": 26, "value": 0.029329206004527274, "supply": [{"l": "Cephalopods", "v": 0.029329206004527274}]}, {"source": 60, "prod": 136.0, "target": 26, "value": 0.34901094139816619, "supply": [{"l": "Mutton & Goat Meat", "v": 0.34901094139816619}]}, {"source": 61, "prod": 5.0, "target": 26, "value": 0.014150055528500001, "supply": [{"l": "Sweeteners, Other", "v": 0.014150055528500001}]}, {"source": 21, "prod": 253.0, "target": 26, "value": 0.26159412534555754, "supply": [{"l": "Pelagic Fish", "v": 0.26159412534555754}]}, {"source": 62, "prod": 335.0, "target": 26, "value": 0.23193974811241591, "supply": [{"l": "Bananas", "v": 0.23193974811241591}]}, {"source": 63, "prod": 14.0, "target": 26, "value": 0.014150055528500001, "supply": [{"l": "Beverages, Fermented", "v": 0.014150055528500001}]}, {"source": 64, "prod": 1.0, "target": 26, "value": 0.0044684385879473695, "supply": [{"l": "Spices, Other", "v": 0.0044684385879473695}]}, {"source": 65, "prod": 1.0, "target": 26, "value": 0.0008148450281307587, "supply": [{"l": "Tea", "v": 0.0008148450281307587}]}, {"source": 4, "prod": 757.0, "target": 26, "value": 0.43523398788113093, "supply": [{"l": "Fruits, Other", "v": 0.43523398788113093}]}, {"source": 66, "prod": 135.0, "target": 26, "value": 0.028943295399204545, "supply": [{"l": "Molluscs, Other", "v": 0.028943295399204545}]}, {"source": 67, "prod": 481.0, "target": 26, "value": 0.69608625435086935, "supply": [{"l": "Poultry Meat", "v": 0.69608625435086935}]}, {"source": 68, "prod": 109.0, "target": 26, "value": 0.14550528798174528, "supply": [{"l": "Offals, Edible", "v": 0.14550528798174528}]}, {"source": 23, "prod": 34.0, "target": 26, "value": 0.04287046526456436, "supply": [{"l": "Sweet potatoes", "v": 0.04287046526456436}]}, {"source": 69, "prod": 487.0, "target": 26, "value": 0.24680121429870405, "supply": [{"l": "Demersal Fish", "v": 0.24680121429870405}]}, {"source": 70, "prod": 801.0, "target": 26, "value": 0.33350081833887701, "supply": [{"l": "Oranges, Mandarines", "v": 0.33350081833887701}]}, {"source": 71, "prod": 402.0, "target": 26, "value": 0.55095050531868983, "supply": [{"l": "Bovine Meat", "v": 0.55095050531868983}]}, {"source": 72, "prod": 12.0, "target": 26, "value": 0.13098908546382859, "supply": [{"l": "Cottonseed Oil", "v": 0.13098908546382859}]}, {"source": 73, "prod": 3.0, "target": 26, "value": 0.031837624939125002, "supply": [{"l": "Palmkernel Oil", "v": 0.031837624939125002}]}, {"source": 74, "prod": 687.0, "target": 26, "value": 0.30469082255174551, "supply": [{"l": "Onions", "v": 0.30469082255174551}]}, {"source": 16, "prod": 336.0, "target": 26, "value": 0.1884373248429512, "supply": [{"l": "Apples", "v": 0.1884373248429512}]}, {"source": 75, "prod": 221.0, "target": 76, "value": 0.93814868153955, "supply": [{"l": "Sunflower seed", "v": 0.93814868153955}]}, {"source": 0, "prod": 21.0, "target": 76, "value": 0.072937104405995448, "supply": [{"l": "Maize", "v": 0.072937104405995448}]}, {"source": 27, "prod": 1648.0, "target": 76, "value": 2.0882947621762389, "supply": [{"l": "Olives", "v": 2.0882947621762389}]}, {"source": 10, "prod": 8.0, "target": 76, "value": 0.024631473137969949, "supply": [{"l": "Wheat", "v": 0.024631473137969949}]}, {"source": 39, "prod": 64.0, "target": 76, "value": 0.11320044422800001, "supply": [{"l": "Coconuts - Incl Copra", "v": 0.11320044422800001}]}, {"source": 13, "prod": 1312.0, "target": 76, "value": 2.320609106674, "supply": [{"l": "Soyabeans", "v": 2.320609106674}]}, {"source": 4, "prod": 48.0, "target": 76, "value": 0.027597399495765233, "supply": [{"l": "Fruits, Other", "v": 0.027597399495765233}]}, {"source": 77, "prod": 433.0, "target": 76, "value": 0.13176288266323655, "supply": [{"l": "Sugar cane", "v": 0.13176288266323655}]}, {"source": 78, "prod": 70.0, "target": 76, "value": 0.123812985874375, "supply": [{"l": "Cottonseed", "v": 0.123812985874375}]}, {"source": 79, "prod": 2.0, "target": 76, "value": 0.0035375138821250002, "supply": [{"l": "Rape and Mustardseed", "v": 0.0035375138821250002}]}, {"source": 16, "prod": 1.0, "target": 76, "value": 0.00056082537155640244, "supply": [{"l": "Apples", "v": 0.00056082537155640244}]}, {"source": 45, "prod": 3578.0, "target": 76, "value": 2.5022519941172816, "supply": [{"l": "Grapes", "v": 2.5022519941172816}]}, {"source": 80, "prod": 6412.0, "target": 76, "value": 7.4521688746399999, "supply": [{"l": "Sugar beet", "v": 7.4521688746399999}]}, {"source": 81, "prod": 3.0, "target": 76, "value": 0.0053062708231875, "supply": [{"l": "Palm kernels", "v": 0.0053062708231875}]}, {"source": 47, "prod": 117.0, "target": 76, "value": 0.092905823643699745, "supply": [{"l": "Wine", "v": 0.092905823643699745}]}, {"source": 82, "prod": 41.0, "target": 76, "value": 0.29007613833425, "supply": [{"l": "Oilcrops, Other", "v": 0.29007613833425}]}, {"source": 6, "prod": 284.0, "target": 76, "value": 0.84900333170999998, "supply": [{"l": "Barley", "v": 0.84900333170999998}]}, {"source": 49, "prod": 12.0, "target": 83, "value": 0.12353475444544382, "supply": [{"l": "Olive Oil", "v": 0.12353475444544382}]}, {"source": 0, "prod": 191.0, "target": 83, "value": 0.66338033054976819, "supply": [{"l": "Maize", "v": 0.66338033054976819}]}, {"source": 61, "prod": 9.0, "target": 83, "value": 0.025470099951300004, "supply": [{"l": "Sweeteners, Other", "v": 0.025470099951300004}]}, {"source": 69, "prod": 90.0, "target": 83, "value": 0.045610080671218405, "supply": [{"l": "Demersal Fish", "v": 0.045610080671218405}]}, {"source": 84, "prod": 68.0, "target": 83, "value": 0.061362694106699679, "supply": [{"l": "Alcohol, Non-Food", "v": 0.061362694106699679}]}, {"source": 9, "prod": 102.0, "target": 83, "value": 0.83345820028432405, "supply": [{"l": "Fats, Animals, Raw", "v": 0.83345820028432405}]}, {"source": 85, "prod": 15.0, "target": 83, "value": 0.15530548750792683, "supply": [{"l": "Coconut Oil", "v": 0.15530548750792683}]}, {"source": 66, "prod": 70.0, "target": 83, "value": 0.015007634651439394, "supply": [{"l": "Molluscs, Other", "v": 0.015007634651439394}]}, {"source": 86, "prod": 7.0, "target": 83, "value": 0.059338831695402258, "supply": [{"l": "Fish, Body Oil", "v": 0.059338831695402258}]}, {"source": 87, "prod": 2.0, "target": 83, "value": 0.020824610023075472, "supply": [{"l": "Rape and Mustard Oil", "v": 0.020824610023075472}]}, {"source": 15, "prod": 168.0, "target": 83, "value": 0.12863208862229539, "supply": [{"l": "Milk - Excluding Butter", "v": 0.12863208862229539}]}, {"source": 68, "prod": 3.0, "target": 83, "value": 0.0040047326967452826, "supply": [{"l": "Offals, Edible", "v": 0.0040047326967452826}]}, {"source": 45, "prod": 1.0, "target": 83, "value": 0.00069934376582372329, "supply": [{"l": "Grapes", "v": 0.00069934376582372329}]}, {"source": 34, "prod": 100.0, "target": 83, "value": 0.33809867191991144, "supply": [{"l": "Beverages, Alcoholic", "v": 0.33809867191991144}]}, {"source": 88, "prod": 10.0, "target": 83, "value": 0.011622222200000001, "supply": [{"l": "Aquatic Products, Other", "v": 0.011622222200000001}]}, {"source": 17, "prod": 160.0, "target": 83, "value": 0.10231578612915387, "supply": [{"l": "Fish, Seafood", "v": 0.10231578612915387}]}, {"source": 89, "prod": 7.0, "target": 83, "value": 0.072475894170365845, "supply": [{"l": "Palm Oil", "v": 0.072475894170365845}]}, {"source": 90, "prod": 10.0, "target": 83, "value": 0.011622222200000001, "supply": [{"l": "Aquatic Plants", "v": 0.011622222200000001}]}, {"source": 30, "prod": 23.0, "target": 83, "value": 0.2662783176726819, "supply": [{"l": "Oilcrops Oil, Other", "v": 0.2662783176726819}]}, {"source": 77, "prod": 10.0, "target": 83, "value": 0.0030430226943010752, "supply": [{"l": "Sugar cane", "v": 0.0030430226943010752}]}, {"source": 47, "prod": 56.0, "target": 83, "value": 0.044467744649975945, "supply": [{"l": "Wine", "v": 0.044467744649975945}]}, {"source": 75, "prod": 2.0, "target": 75, "value": 0.0084900333171, "supply": [{"l": "Sunflower seed", "v": 0.0084900333171}]}, {"source": 0, "prod": 16.0, "target": 0, "value": 0.055571127166472722, "supply": [{"l": "Maize", "v": 0.055571127166472722}]}, {"source": 10, "prod": 541.0, "target": 10, "value": 1.6657033709552178, "supply": [{"l": "Wheat", "v": 1.6657033709552178}]}, {"source": 12, "prod": 70.0, "target": 12, "value": 0.18286225606061537, "supply": [{"l": "Oats", "v": 0.18286225606061537}]}, {"source": 78, "prod": 5.0, "target": 78, "value": 0.0088437847053125015, "supply": [{"l": "Cottonseed", "v": 0.0088437847053125015}]}, {"source": 14, "prod": 403.0, "target": 14, "value": 0.31392695049672081, "supply": [{"l": "Potatoes", "v": 0.31392695049672081}]}, {"source": 42, "prod": 27.0, "target": 42, "value": 0.044180899841395116, "supply": [{"l": "Eggs", "v": 0.044180899841395116}]}, {"source": 3, "prod": 41.0, "target": 3, "value": 0.099454676000314282, "supply": [{"l": "Rye", "v": 0.099454676000314282}]}, {"source": 43, "prod": 2.0, "target": 43, "value": 0.0083508524430491796, "supply": [{"l": "Peas", "v": 0.0083508524430491796}]}, {"source": 57, "prod": 11.0, "target": 57, "value": 0.042593579310451012, "supply": [{"l": "Beans", "v": 0.042593579310451012}]}, {"source": 6, "prod": 360.0, "target": 6, "value": 1.0762014063929579, "supply": [{"l": "Barley", "v": 1.0762014063929579}]}, {"source": 82, "prod": 1.0, "target": 82, "value": 0.0070750277642500003, "supply": [{"l": "Oilcrops, Other", "v": 0.0070750277642500003}]}, {"source": 7, "prod": 4.0, "target": 7, "value": 0.017373427251208495, "supply": [{"l": "Rice", "v": 0.017373427251208495}]}, {"source": 19, "prod": 1.0, "target": 19, "value": 0.0032760647950753948, "supply": [{"l": "Sorghum", "v": 0.0032760647950753948}]}, {"source": 25, "prod": 58.0, "target": 25, "value": 0.22979690178283999, "supply": [{"l": "Pulses, Other", "v": 0.22979690178283999}]}, {"source": 0, "prod": 16.0, "target": 91, "value": 0.055571127166472722, "supply": [{"l": "Maize", "v": 0.055571127166472722}]}, {"source": 4, "prod": 125.0, "target": 91, "value": 0.071868227853555303, "supply": [{"l": "Fruits, Other", "v": 0.071868227853555303}]}, {"source": 6, "prod": 10.0, "target": 91, "value": 0.029894483510915493, "supply": [{"l": "Barley", "v": 0.029894483510915493}]}, {"source": 28, "prod": 4.0, "target": 91, "value": 0.0089537074530621468, "supply": [{"l": "Nuts", "v": 0.0089537074530621468}]}, {"source": 54, "prod": 7.0, "target": 91, "value": 0.0033767177965738642, "supply": [{"l": "Coffee", "v": 0.0033767177965738642}]}, {"source": 10, "prod": 1.0, "target": 91, "value": 0.0030789341422462436, "supply": [{"l": "Wheat", "v": 0.0030789341422462436}]}, {"source": 40, "prod": 4.0, "target": 91, "value": 0.0089706012407094332, "supply": [{"l": "Treenuts", "v": 0.0089706012407094332}]}, {"source": 42, "prod": 10.0, "target": 91, "value": 0.016363296237553747, "supply": [{"l": "Eggs", "v": 0.016363296237553747}]}, {"source": 2, "prod": 440.0, "target": 91, "value": 0.11978158864117117, "supply": [{"l": "Vegetables, Other", "v": 0.11978158864117117}]}, {"source": 43, "prod": 1.0, "target": 91, "value": 0.0041754262215245898, "supply": [{"l": "Peas", "v": 0.0041754262215245898}]}, {"source": 8, "prod": 133.0, "target": 91, "value": 0.027473830442197086, "supply": [{"l": "Tomatoes", "v": 0.027473830442197086}]}, {"source": 45, "prod": 86.0, "target": 91, "value": 0.060143563860840195, "supply": [{"l": "Grapes", "v": 0.060143563860840195}]}, {"source": 82, "prod": 1.0, "target": 91, "value": 0.0070750277642500003, "supply": [{"l": "Oilcrops, Other", "v": 0.0070750277642500003}]}, {"source": 29, "prod": 1.0, "target": 91, "value": 0.00265313541159375, "supply": [{"l": "Dates", "v": 0.00265313541159375}]}, {"source": 12, "prod": 1.0, "target": 91, "value": 0.002612317943723077, "supply": [{"l": "Oats", "v": 0.002612317943723077}]}, {"source": 78, "prod": 4.0, "target": 91, "value": 0.0070750277642500003, "supply": [{"l": "Cottonseed", "v": 0.0070750277642500003}]}, {"source": 14, "prod": 487.0, "target": 91, "value": 0.37936085581117374, "supply": [{"l": "Potatoes", "v": 0.37936085581117374}]}, {"source": 57, "prod": 6.0, "target": 91, "value": 0.023232861442064188, "supply": [{"l": "Beans", "v": 0.023232861442064188}]}, {"source": 16, "prod": 67.0, "target": 91, "value": 0.037575299894278963, "supply": [{"l": "Apples", "v": 0.037575299894278963}]}, {"source": 58, "prod": 8.0, "target": 91, "value": 0.0019744263528139534, "supply": [{"l": "Lemons, Limes", "v": 0.0019744263528139534}]}, {"source": 47, "prod": 49.0, "target": 91, "value": 0.038909276568728959, "supply": [{"l": "Wine", "v": 0.038909276568728959}]}, {"source": 62, "prod": 55.0, "target": 91, "value": 0.038079660137859329, "supply": [{"l": "Bananas", "v": 0.038079660137859329}]}, {"source": 23, "prod": 4.0, "target": 91, "value": 0.0050435841487722777, "supply": [{"l": "Sweet potatoes", "v": 0.0050435841487722777}]}, {"source": 70, "prod": 155.0, "target": 91, "value": 0.064535114659832638, "supply": [{"l": "Oranges, Mandarines", "v": 0.064535114659832638}]}, {"source": 74, "prod": 94.0, "target": 91, "value": 0.041689865094416419, "supply": [{"l": "Onions", "v": 0.041689865094416419}]}, {"source": 25, "prod": 18.0, "target": 91, "value": 0.071316279863640003, "supply": [{"l": "Pulses, Other", "v": 0.071316279863640003}]}, {"source": 92, "prod": 1.0, "target": 64, "value": 0.0044684385879473695, "supply": [{"l": "Spices, Other", "v": 0.0044684385879473695}]}, {"source": 92, "prod": 1.0, "target": 8, "value": 0.00020657015370072998, "supply": [{"l": "Tomatoes", "v": 0.00020657015370072998}]}, {"source": 92, "prod": 36.0, "target": 24, "value": 0.036717679808286594, "supply": [{"l": "Cassava", "v": 0.036717679808286594}]}, {"source": 92, "prod": 2.0, "target": 40, "value": 0.0044853006203547166, "supply": [{"l": "Treenuts", "v": 0.0044853006203547166}]}, {"source": 92, "prod": 19.0, "target": 16, "value": 0.010655682059571648, "supply": [{"l": "Apples", "v": 0.010655682059571648}]}, {"source": 92, "prod": 1.0, "target": 65, "value": 0.0008148450281307587, "supply": [{"l": "Tea", "v": 0.0008148450281307587}]}, {"source": 92, "prod": 16.0, "target": 2, "value": 0.0043556941324062242, "supply": [{"l": "Vegetables, Other", "v": 0.0043556941324062242}]}, {"source": 92, "prod": 193.0, "target": 10, "value": 0.59423428945352508, "supply": [{"l": "Wheat", "v": 0.59423428945352508}]}, {"source": 92, "prod": 3.0, "target": 81, "value": 0.0053062708231875, "supply": [{"l": "Palm kernels", "v": 0.0053062708231875}]}, {"source": 92, "prod": 255.0, "target": 6, "value": 0.76230932952834518, "supply": [{"l": "Barley", "v": 0.76230932952834518}]}, {"source": 92, "prod": 1.0, "target": 37, "value": 0.0011622222200000001, "supply": [{"l": "Pepper", "v": 0.0011622222200000001}]}, {"source": 92, "prod": 73.0, "target": 54, "value": 0.035214342735698873, "supply": [{"l": "Coffee", "v": 0.035214342735698873}]}, {"source": 92, "prod": 46.0, "target": 22, "value": 0.15069898057346817, "supply": [{"l": "Millet", "v": 0.15069898057346817}]}, {"source": 92, "prod": 1.0, "target": 29, "value": 0.00265313541159375, "supply": [{"l": "Dates", "v": 0.00265313541159375}]}, {"source": 92, "prod": 12.0, "target": 20, "value": 0.039312777540904738, "supply": [{"l": "Cereals, Other", "v": 0.039312777540904738}]}, {"source": 92, "prod": 2424.0, "target": 1, "value": 1.9376728284176592, "supply": [{"l": "Pigmeat", "v": 0.0094652398467668913}, {"l": "Eggs", "v": 0.0032726592475107491}, {"l": "Demersal Fish", "v": 0.024325376357983149}, {"l": "Milk - Excluding Butter", "v": 0.728915168859674}, {"l": "Pelagic Fish", "v": 0.63485688917854677}, {"l": "Fish, Seafood", "v": 0.45274735362150587}, {"l": "Cephalopods", "v": 0.0092618545277454549}, {"l": "Molluscs, Other", "v": 0.0072894225449848483}, {"l": "Poultry Meat", "v": 0.0072358238498011372}, {"l": "Bovine Meat", "v": 0.060303040383140188}]}, {"source": 92, "prod": 2.0, "target": 28, "value": 0.0044768537265310734, "supply": [{"l": "Nuts", "v": 0.0044768537265310734}]}, {"source": 92, "prod": 4.0, "target": 43, "value": 0.016701704886098359, "supply": [{"l": "Peas", "v": 0.016701704886098359}]}, {"source": 92, "prod": 30.0, "target": 82, "value": 0.21225083292749999, "supply": [{"l": "Oilcrops, Other", "v": 0.21225083292749999}]}, {"source": 92, "prod": 25.0, "target": 51, "value": 0.028682544990202702, "supply": [{"l": "Cocoa Beans", "v": 0.028682544990202702}]}, {"source": 92, "prod": 2.0, "target": 70, "value": 0.00083271115690106623, "supply": [{"l": "Oranges, Mandarines", "v": 0.00083271115690106623}]}, {"source": 92, "prod": 619.0, "target": 19, "value": 2.0278841081516692, "supply": [{"l": "Sorghum", "v": 2.0278841081516692}]}, {"source": 92, "prod": 8.0, "target": 56, "value": 0.015436424212909092, "supply": [{"l": "Pineapples", "v": 0.015436424212909092}]}, {"source": 92, "prod": 68.0, "target": 14, "value": 0.05297030430217621, "supply": [{"l": "Potatoes", "v": 0.05297030430217621}]}, {"source": 92, "prod": 2.0, "target": 79, "value": 0.0035375138821250002, "supply": [{"l": "Rape and Mustardseed", "v": 0.0035375138821250002}]}, {"source": 92, "prod": 1.0, "target": 45, "value": 0.00069934376582372329, "supply": [{"l": "Grapes", "v": 0.00069934376582372329}]}, {"source": 92, "prod": 228.0, "target": 76, "value": 1.5026029087217092, "supply": [{"l": "Sugar", "v": 0.33114892992711903}, {"l": "Beer", "v": 0.0022843138969775786}, {"l": "Groundnut Oil", "v": 0.0169800666342}, {"l": "Beverages, Alcoholic", "v": 0.040571840630389377}, {"l": "Butter, Ghee", "v": 0.026348379259965519}, {"l": "Fats, Animals, Raw", "v": 0.79260240615273947}, {"l": "Soyabean Oil", "v": 0.020662490723544581}, {"l": "Palm Oil", "v": 0.082829593337560958}, {"l": "Sunflowerseed Oil", "v": 0.010391447028742189}, {"l": "Coconut Oil", "v": 0.041414796668780479}, {"l": "Rape and Mustard Oil", "v": 0.020824610023075472}, {"l": "Oilcrops Oil, Other", "v": 0.057886590798409097}, {"l": "Sweeteners, Other", "v": 0.0056600222113999997}, {"l": "Fish, Body Oil", "v": 0.04238487978243019}, {"l": "Palmkernel Oil", "v": 0.010612541646375}]}, {"source": 92, "prod": 1312.0, "target": 13, "value": 2.320609106674, "supply": [{"l": "Soyabeans", "v": 2.320609106674}]}, {"source": 92, "prod": 5.0, "target": 57, "value": 0.01936071786838682, "supply": [{"l": "Beans", "v": 0.01936071786838682}]}, {"source": 92, "prod": 2057.0, "target": 0, "value": 7.1443630363396506, "supply": [{"l": "Maize", "v": 7.1443630363396506}]}, {"source": 92, "prod": 19.0, "target": 4, "value": 0.010923970633740407, "supply": [{"l": "Fruits, Other", "v": 0.010923970633740407}]}, {"source": 92, "prod": 58.0, "target": 25, "value": 0.22979690178283999, "supply": [{"l": "Pulses, Other", "v": 0.22979690178283999}]}, {"source": 92, "prod": 28.0, "target": 53, "value": 0.18697152024175281, "supply": [{"l": "Groundnuts", "v": 0.18697152024175281}]}, {"source": 92, "prod": 81.0, "target": 39, "value": 0.14326931222606251, "supply": [{"l": "Coconuts - Incl Copra", "v": 0.14326931222606251}]}, {"source": 92, "prod": 2.0, "target": 12, "value": 0.0052246358874461539, "supply": [{"l": "Oats", "v": 0.0052246358874461539}]}, {"source": 92, "prod": 3.0, "target": 11, "value": 0.0030598066506905492, "supply": [{"l": "Roots, Other", "v": 0.0030598066506905492}]}, {"source": 27, "prod": 73.0, "target": 93, "value": 0.092503348081835829, "supply": [{"l": "Olives", "v": 0.092503348081835829}]}, {"source": 28, "prod": 84.0, "target": 93, "value": 0.18802785651430509, "supply": [{"l": "Nuts", "v": 0.18802785651430509}]}, {"source": 5, "prod": 7.0, "target": 93, "value": 0.028975531368622912, "supply": [{"l": "Sugar", "v": 0.028975531368622912}]}, {"source": 32, "prod": 3.0, "target": 93, "value": 0.001713235422733184, "supply": [{"l": "Beer", "v": 0.001713235422733184}]}, {"source": 55, "prod": 1.0, "target": 93, "value": 0.00063365163994021502, "supply": [{"l": "Grapefruit", "v": 0.00063365163994021502}]}, {"source": 34, "prod": 10.0, "target": 93, "value": 0.033809867191991153, "supply": [{"l": "Beverages, Alcoholic", "v": 0.033809867191991153}]}, {"source": 6, "prod": 2.0, "target": 93, "value": 0.0059788967021830999, "supply": [{"l": "Barley", "v": 0.0059788967021830999}]}, {"source": 7, "prod": 39.0, "target": 93, "value": 0.16939091569928283, "supply": [{"l": "Rice", "v": 0.16939091569928283}]}, {"source": 30, "prod": 1.0, "target": 93, "value": 0.011577318159681819, "supply": [{"l": "Oilcrops Oil, Other", "v": 0.011577318159681819}]}, {"source": 8, "prod": 392.0, "target": 93, "value": 0.080975500250686158, "supply": [{"l": "Tomatoes", "v": 0.080975500250686158}]}, {"source": 9, "prod": 13.0, "target": 93, "value": 0.10622506474211972, "supply": [{"l": "Fats, Animals, Raw", "v": 0.10622506474211972}]}, {"source": 54, "prod": 5.0, "target": 93, "value": 0.0024119412832670456, "supply": [{"l": "Coffee", "v": 0.0024119412832670456}]}, {"source": 10, "prod": 32.0, "target": 93, "value": 0.098525892551879796, "supply": [{"l": "Wheat", "v": 0.098525892551879796}]}, {"source": 38, "prod": 108.0, "target": 93, "value": 1.1157744990714074, "supply": [{"l": "Soyabean Oil", "v": 1.1157744990714074}]}, {"source": 40, "prod": 84.0, "target": 93, "value": 0.18838262605489808, "supply": [{"l": "Treenuts", "v": 0.18838262605489808}]}, {"source": 42, "prod": 1.0, "target": 93, "value": 0.0016363296237553746, "supply": [{"l": "Eggs", "v": 0.0016363296237553746}]}, {"source": 2, "prod": 263.0, "target": 93, "value": 0.071596722301427315, "supply": [{"l": "Vegetables, Other", "v": 0.071596722301427315}]}, {"source": 45, "prod": 148.0, "target": 93, "value": 0.10350287734191105, "supply": [{"l": "Grapes", "v": 0.10350287734191105}]}, {"source": 46, "prod": 8.0, "target": 93, "value": 0.029964823472117649, "supply": [{"l": "Pimento", "v": 0.029964823472117649}]}, {"source": 89, "prod": 1.0, "target": 93, "value": 0.01035369916719512, "supply": [{"l": "Palm Oil", "v": 0.01035369916719512}]}, {"source": 82, "prod": 1.0, "target": 93, "value": 0.0070750277642500003, "supply": [{"l": "Oilcrops, Other", "v": 0.0070750277642500003}]}, {"source": 47, "prod": 364.0, "target": 93, "value": 0.28904034022484365, "supply": [{"l": "Wine", "v": 0.28904034022484365}]}, {"source": 48, "prod": 4.0, "target": 93, "value": 0.041565788114968756, "supply": [{"l": "Sunflowerseed Oil", "v": 0.041565788114968756}]}, {"source": 49, "prod": 215.0, "target": 93, "value": 2.2133310171475351, "supply": [{"l": "Olive Oil", "v": 2.2133310171475351}]}, {"source": 50, "prod": 3.0, "target": 93, "value": 0.0056791439080601351, "supply": [{"l": "Pigmeat", "v": 0.0056791439080601351}]}, {"source": 67, "prod": 1.0, "target": 93, "value": 0.0014471647699602274, "supply": [{"l": "Poultry Meat", "v": 0.0014471647699602274}]}, {"source": 14, "prod": 102.0, "target": 93, "value": 0.079455456453264309, "supply": [{"l": "Potatoes", "v": 0.079455456453264309}]}, {"source": 15, "prod": 2.0, "target": 93, "value": 0.0015313343883606595, "supply": [{"l": "Milk - Excluding Butter", "v": 0.0015313343883606595}]}, {"source": 57, "prod": 7.0, "target": 93, "value": 0.027105005015741552, "supply": [{"l": "Beans", "v": 0.027105005015741552}]}, {"source": 16, "prod": 42.0, "target": 93, "value": 0.0235546656053689, "supply": [{"l": "Apples", "v": 0.0235546656053689}]}, {"source": 17, "prod": 300.0, "target": 93, "value": 0.19184209899216348, "supply": [{"l": "Fish, Seafood", "v": 0.19184209899216348}]}, {"source": 18, "prod": 2.0, "target": 93, "value": 0.0024085200899574472, "supply": [{"l": "Meat, Other", "v": 0.0024085200899574472}]}, {"source": 58, "prod": 53.0, "target": 93, "value": 0.013080574587392445, "supply": [{"l": "Lemons, Limes", "v": 0.013080574587392445}]}, {"source": 59, "prod": 53.0, "target": 93, "value": 0.04090652416420909, "supply": [{"l": "Cephalopods", "v": 0.04090652416420909}]}, {"source": 60, "prod": 1.0, "target": 93, "value": 0.0025662569220453401, "supply": [{"l": "Mutton & Goat Meat", "v": 0.0025662569220453401}]}, {"source": 61, "prod": 7.0, "target": 93, "value": 0.019810077739900001, "supply": [{"l": "Sweeteners, Other", "v": 0.019810077739900001}]}, {"source": 21, "prod": 102.0, "target": 93, "value": 0.1054648252381299, "supply": [{"l": "Pelagic Fish", "v": 0.1054648252381299}]}, {"source": 62, "prod": 34.0, "target": 93, "value": 0.023540153539767586, "supply": [{"l": "Bananas", "v": 0.023540153539767586}]}, {"source": 63, "prod": 1.0, "target": 93, "value": 0.0010107182520357144, "supply": [{"l": "Beverages, Fermented", "v": 0.0010107182520357144}]}, {"source": 64, "prod": 2.0, "target": 93, "value": 0.0089368771758947391, "supply": [{"l": "Spices, Other", "v": 0.0089368771758947391}]}, {"source": 71, "prod": 1.0, "target": 93, "value": 0.0013705236450713679, "supply": [{"l": "Bovine Meat", "v": 0.0013705236450713679}]}, {"source": 4, "prod": 257.0, "target": 93, "value": 0.1477610764669097, "supply": [{"l": "Fruits, Other", "v": 0.1477610764669097}]}, {"source": 66, "prod": 28.0, "target": 93, "value": 0.0060030538605757577, "supply": [{"l": "Molluscs, Other", "v": 0.0060030538605757577}]}, {"source": 86, "prod": 2.0, "target": 93, "value": 0.016953951912972075, "supply": [{"l": "Fish, Body Oil", "v": 0.016953951912972075}]}, {"source": 35, "prod": 6.0, "target": 93, "value": 0.036385857073285718, "supply": [{"l": "Honey", "v": 0.036385857073285718}]}, {"source": 68, "prod": 1.0, "target": 93, "value": 0.0013349108989150942, "supply": [{"l": "Offals, Edible", "v": 0.0013349108989150942}]}, {"source": 23, "prod": 3.0, "target": 93, "value": 0.0037826881115792083, "supply": [{"l": "Sweet potatoes", "v": 0.0037826881115792083}]}, {"source": 69, "prod": 117.0, "target": 93, "value": 0.059293104872583928, "supply": [{"l": "Demersal Fish", "v": 0.059293104872583928}]}, {"source": 70, "prod": 1260.0, "target": 93, "value": 0.52460802884767177, "supply": [{"l": "Oranges, Mandarines", "v": 0.52460802884767177}]}, {"source": 74, "prod": 156.0, "target": 93, "value": 0.069187435688605969, "supply": [{"l": "Onions", "v": 0.069187435688605969}]}, {"source": 25, "prod": 3.0, "target": 93, "value": 0.011886046643940001, "supply": [{"l": "Pulses, Other", "v": 0.011886046643940001}]}, {"source": 94, "prod": 20.0, "target": 40, "value": 0.044853006203547166, "supply": [{"l": "Treenuts", "v": 0.044853006203547166}]}, {"source": 94, "prod": 20.0, "target": 28, "value": 0.044768537265310736, "supply": [{"l": "Nuts", "v": 0.044768537265310736}]}, {"source": 18, "prod": 2.0, "target": 95, "value": 0.0024085200899574472, "supply": [{"l": "Meat, Other", "v": 0.0024085200899574472}]}, {"source": 94, "prod": 11.0, "target": 0, "value": 0.038205149926949997, "supply": [{"l": "Maize", "v": 0.038205149926949997}]}, {"source": 48, "prod": 20.0, "target": 95, "value": 0.20782894057484377, "supply": [{"l": "Sunflowerseed Oil", "v": 0.20782894057484377}]}, {"source": 6, "prod": 198.0, "target": 95, "value": 0.59191077351612686, "supply": [{"l": "Barley", "v": 0.59191077351612686}]}, {"source": 94, "prod": 30.0, "target": 4, "value": 0.017248374684853275, "supply": [{"l": "Fruits, Other", "v": 0.017248374684853275}]}, {"source": 19, "prod": 53.0, "target": 95, "value": 0.17363143413899593, "supply": [{"l": "Sorghum", "v": 0.17363143413899593}]}, {"source": 94, "prod": 2.0, "target": 45, "value": 0.0013986875316474466, "supply": [{"l": "Grapes", "v": 0.0013986875316474466}]}, {"source": 7, "prod": 8.0, "target": 95, "value": 0.034746854502416991, "supply": [{"l": "Rice", "v": 0.034746854502416991}]}, {"source": 12, "prod": 34.0, "target": 95, "value": 0.088818810086584626, "supply": [{"l": "Oats", "v": 0.088818810086584626}]}, {"source": 63, "prod": 10.0, "target": 95, "value": 0.010107182520357146, "supply": [{"l": "Beverages, Fermented", "v": 0.010107182520357146}]}, {"source": 94, "prod": 63.0, "target": 1, "value": 0.10097367071939249, "supply": [{"l": "Pigmeat", "v": 0.053005343141894604}, {"l": "Bovine Meat", "v": 0.047968327577497888}]}, {"source": 94, "prod": 90.0, "target": 3, "value": 0.21831514243971431, "supply": [{"l": "Rye", "v": 0.21831514243971431}]}, {"source": 46, "prod": 2.0, "target": 95, "value": 0.0074912058680294122, "supply": [{"l": "Pimento", "v": 0.0074912058680294122}]}, {"source": 94, "prod": 238.0, "target": 76, "value": 2.4380991887295211, "supply": [{"l": "Olive Oil", "v": 2.1824473285361741}, {"l": "Fats, Animals, Raw", "v": 0.04902695295790141}, {"l": "Soyabean Oil", "v": 0.2066249072354458}]}, {"source": 10, "prod": 991.0, "target": 95, "value": 3.0512237349660278, "supply": [{"l": "Wheat", "v": 3.0512237349660278}]}, {"source": 5, "prod": 111.0, "target": 95, "value": 0.45946914027387753, "supply": [{"l": "Sugar", "v": 0.45946914027387753}]}, {"source": 47, "prod": 57.0, "target": 95, "value": 0.04526181151872552, "supply": [{"l": "Wine", "v": 0.04526181151872552}]}, {"source": 94, "prod": 11.0, "target": 58, "value": 0.0027148362351191863, "supply": [{"l": "Lemons, Limes", "v": 0.0027148362351191863}]}, {"source": 1, "prod": 482.0, "target": 67, "value": 0.69753341912082956, "supply": [{"l": "Poultry Meat", "v": 0.69753341912082956}]}, {"source": 1, "prod": 509.0, "target": 50, "value": 0.96356141640086945, "supply": [{"l": "Pigmeat", "v": 0.96356141640086945}]}, {"source": 1, "prod": 1041.0, "target": 21, "value": 1.0763615987538553, "supply": [{"l": "Pelagic Fish", "v": 1.0763615987538553}]}, {"source": 1, "prod": 45.0, "target": 41, "value": 0.028725676636804517, "supply": [{"l": "Crustaceans", "v": 0.028725676636804517}]}, {"source": 1, "prod": 472.0, "target": 42, "value": 0.77234758241253665, "supply": [{"l": "Eggs", "v": 0.81652848225393182}]}, {"source": 1, "prod": 233.0, "target": 66, "value": 0.049953983911219697, "supply": [{"l": "Molluscs, Other", "v": 0.049953983911219697}]}, {"source": 1, "prod": 10.0, "target": 90, "value": 0.011622222200000001, "supply": [{"l": "Aquatic Plants", "v": 0.011622222200000001}]}, {"source": 1, "prod": 91.0, "target": 59, "value": 0.070235730168736368, "supply": [{"l": "Cephalopods", "v": 0.070235730168736368}]}, {"source": 1, "prod": 5902.0, "target": 15, "value": 4.5189677800523063, "supply": [{"l": "Milk - Excluding Butter", "v": 4.5189677800523063}]}, {"source": 1, "prod": 113.0, "target": 68, "value": 0.15084493157740567, "supply": [{"l": "Offals, Edible", "v": 0.15084493157740567}]}, {"source": 1, "prod": 92.0, "target": 44, "value": 0.072591362934312273, "supply": [{"l": "Marine Fish, Other", "v": 0.072591362934312273}]}, {"source": 1, "prod": 10.0, "target": 88, "value": 0.011622222200000001, "supply": [{"l": "Aquatic Products, Other", "v": 0.011622222200000001}]}, {"source": 1, "prod": 2212.0, "target": 17, "value": 1.4145157432355522, "supply": [{"l": "Fish, Seafood", "v": 1.4145157432355522}]}, {"source": 1, "prod": 403.0, "target": 71, "value": 0.55232102896376123, "supply": [{"l": "Bovine Meat", "v": 0.55232102896376123}]}, {"source": 1, "prod": 694.0, "target": 69, "value": 0.3517043998425064, "supply": [{"l": "Demersal Fish", "v": 0.3517043998425064}]}, {"source": 1, "prod": 54.0, "target": 18, "value": 0.065030042428851062, "supply": [{"l": "Meat, Other", "v": 0.065030042428851062}]}, {"source": 1, "prod": 16.0, "target": 52, "value": 0.014150055528500001, "supply": [{"l": "Freshwater Fish", "v": 0.014150055528500001}]}, {"source": 1, "prod": 137.0, "target": 60, "value": 0.3515771983202115, "supply": [{"l": "Mutton & Goat Meat", "v": 0.3515771983202115}]}, {"source": 76, "prod": 68.0, "target": 84, "value": 0.061362694106699679, "supply": [{"l": "Alcohol, Non-Food", "v": 0.061362694106699679}]}, {"source": 76, "prod": 1146.0, "target": 5, "value": 4.7437084212059801, "supply": [{"l": "Sugar", "v": 4.7437084212059801}]}, {"source": 76, "prod": 6.0, "target": 31, "value": 0.063675249878250004, "supply": [{"l": "Maize Germ Oil", "v": 0.063675249878250004}]}, {"source": 76, "prod": 1222.0, "target": 32, "value": 0.69785789552665023, "supply": [{"l": "Beer", "v": 0.69785789552665023}]}, {"source": 76, "prod": 2.0, "target": 33, "value": 0.0169800666342, "supply": [{"l": "Groundnut Oil", "v": 0.0169800666342}]}, {"source": 76, "prod": 226.0, "target": 34, "value": 0.76410299853899999, "supply": [{"l": "Beverages, Alcoholic", "v": 0.76410299853899999}]}, {"source": 76, "prod": 10.0, "target": 36, "value": 0.087827930866551732, "supply": [{"l": "Butter, Ghee", "v": 0.087827930866551732}]}, {"source": 76, "prod": 232.0, "target": 9, "value": 1.8957088477055211, "supply": [{"l": "Fats, Animals, Raw", "v": 1.8957088477055211}]}, {"source": 76, "prod": 250.0, "target": 38, "value": 2.5828113404430724, "supply": [{"l": "Soyabean Oil", "v": 2.5828113404430724}]}, {"source": 76, "prod": 8.0, "target": 89, "value": 0.082829593337560958, "supply": [{"l": "Palm Oil", "v": 0.082829593337560958}]}, {"source": 76, "prod": 90.0, "target": 48, "value": 0.93523023258679705, "supply": [{"l": "Sunflowerseed Oil", "v": 0.93523023258679705}]}, {"source": 76, "prod": 592.0, "target": 49, "value": 6.0943812193085609, "supply": [{"l": "Olive Oil", "v": 6.0943812193085609}]}, {"source": 76, "prod": 15.0, "target": 85, "value": 0.15530548750792683, "supply": [{"l": "Coconut Oil", "v": 0.15530548750792683}]}, {"source": 76, "prod": 2.0, "target": 87, "value": 0.020824610023075472, "supply": [{"l": "Rape and Mustard Oil", "v": 0.020824610023075472}]}, {"source": 76, "prod": 28.0, "target": 30, "value": 0.32416490847109097, "supply": [{"l": "Oilcrops Oil, Other", "v": 0.32416490847109097}]}, {"source": 76, "prod": 2433.0, "target": 47, "value": 1.9319646916677047, "supply": [{"l": "Wine", "v": 1.9319646916677047}]}, {"source": 76, "prod": 21.0, "target": 61, "value": 0.059430233219700007, "supply": [{"l": "Sweeteners, Other", "v": 0.059430233219700007}]}, {"source": 76, "prod": 25.0, "target": 63, "value": 0.02526795630089286, "supply": [{"l": "Beverages, Fermented", "v": 0.02526795630089286}]}, {"source": 76, "prod": 9.0, "target": 86, "value": 0.076292783608374326, "supply": [{"l": "Fish, Body Oil", "v": 0.076292783608374326}]}, {"source": 76, "prod": 8.0, "target": 35, "value": 0.048514476097714289, "supply": [{"l": "Honey", "v": 0.048514476097714289}]}, {"source": 76, "prod": 12.0, "target": 72, "value": 0.13098908546382859, "supply": [{"l": "Cottonseed Oil", "v": 0.13098908546382859}]}, {"source": 76, "prod": 3.0, "target": 73, "value": 0.031837624939125002, "supply": [{"l": "Palmkernel Oil", "v": 0.031837624939125002}]}, {"source": 0, "prod": 6179.0, "target": 96, "value": 21.544113292140008, "supply": [{"l": "Maize", "v": 21.544113292140008}]}, {"source": 27, "prod": 1744.0, "target": 96, "value": 6.0807466550400004, "supply": [{"l": "Olives", "v": 6.0807466550400004}]}, {"source": 11, "prod": 3.25, "target": 96, "value": 0.011331666645000002, "supply": [{"l": "Roots, Other", "v": 0.011331666645000002}]}, {"source": 3, "prod": 634.0, "target": 96, "value": 2.2105466624400001, "supply": [{"l": "Rye", "v": 2.2105466624400001}]}, {"source": 6, "prod": 9826.0, "target": 96, "value": 31.262647981570012, "supply": [{"l": "Barley", "v": 31.262647981570012}]}, {"source": 7, "prod": 481.0, "target": 96, "value": 1.6770866634599999, "supply": [{"l": "Rice", "v": 1.6770866634599999}]}, {"source": 8, "prod": 1854.5, "target": 96, "value": 6.4660233209700007, "supply": [{"l": "Tomatoes", "v": 6.4660233209700007}]}, {"source": 75, "prod": 223.0, "target": 96, "value": 1.8660639964319998, "supply": [{"l": "Sunflower seed", "v": 1.8660639964319998}]}, {"source": 20, "prod": 27.0, "target": 96, "value": 0.094139999820000014, "supply": [{"l": "Cereals, Other", "v": 0.094139999820000014}]}, {"source": 10, "prod": 11092.0, "target": 96, "value": 38.674106592719994, "supply": [{"l": "Wheat", "v": 38.674106592719994}]}, {"source": 39, "prod": 40.0, "target": 96, "value": 0.13946666639999999, "supply": [{"l": "Coconuts - Incl Copra", "v": 0.13946666639999999}]}, {"source": 2, "prod": 4266.0, "target": 96, "value": 14.874119971560001, "supply": [{"l": "Vegetables, Other", "v": 14.874119971560001}]}, {"source": 43, "prod": 21.5, "target": 96, "value": 0.074963333189999995, "supply": [{"l": "Peas", "v": 0.074963333189999995}]}, {"source": 78, "prod": 79.0, "target": 96, "value": 0.27544666614000002, "supply": [{"l": "Cottonseed", "v": 0.27544666614000002}]}, {"source": 53, "prod": 16.5, "target": 96, "value": 0.05752999989000001, "supply": [{"l": "Groundnuts", "v": 0.05752999989000001}]}, {"source": 82, "prod": 29.0, "target": 96, "value": 0.40445333255999999, "supply": [{"l": "Oilcrops, Other", "v": 0.40445333255999999}]}, {"source": 12, "prod": 1166.0, "target": 96, "value": 3.2417724727830466, "supply": [{"l": "Oats", "v": 3.2417724727830466}]}, {"source": 13, "prod": 658.0, "target": 96, "value": 2.2942266622799998, "supply": [{"l": "Soyabeans", "v": 2.2942266622799998}]}, {"source": 14, "prod": 2449.25, "target": 96, "value": 8.5397183170050006, "supply": [{"l": "Potatoes", "v": 8.5397183170050006}]}, {"source": 57, "prod": 122.5, "target": 96, "value": 0.42711666584999997, "supply": [{"l": "Beans", "v": 0.42711666584999997}]}, {"source": 25, "prod": 456.0, "target": 96, "value": 1.58991999696, "supply": [{"l": "Pulses, Other", "v": 1.58991999696}]}, {"source": 80, "prod": 2564.8000000000002, "target": 96, "value": 2.9808675498560002, "supply": [{"l": "Sugar beet", "v": 2.9808675498560002}]}, {"source": 19, "prod": 965.0, "target": 96, "value": 3.3646333269000008, "supply": [{"l": "Sorghum", "v": 3.3646333269000008}]}, {"source": 77, "prod": 177.20000000000002, "target": 96, "value": 0.053922362143015046, "supply": [{"l": "Sugar cane", "v": 0.053922362143015046}]}, {"source": 22, "prod": 48.0, "target": 96, "value": 0.16735999967999998, "supply": [{"l": "Millet", "v": 0.16735999967999998}]}, {"source": 23, "prod": 22.0, "target": 96, "value": 0.076706666519999994, "supply": [{"l": "Sweet potatoes", "v": 0.076706666519999994}]}, {"source": 79, "prod": 1.0, "target": 96, "value": 0.0034866666599999998, "supply": [{"l": "Rape and Mustardseed", "v": 0.0034866666599999998}]}, {"source": 81, "prod": 1.5, "target": 96, "value": 0.0052299999899999994, "supply": [{"l": "Palm kernels", "v": 0.0052299999899999994}]}, {"source": 74, "prod": 937.0, "target": 96, "value": 3.2670066604199999, "supply": [{"l": "Onions", "v": 3.2670066604199999}]}, {"source": 24, "prod": 9.0, "target": 96, "value": 0.03137999994, "supply": [{"l": "Cassava", "v": 0.03137999994}]}, {"source": 97, "prod": 0, "target": 0, "value": 0.0021796613924024823, "supply": "[{\"l\":'Energy for power irrigation',\"v\":0.0021796613924024823}]"}, {"source": 97, "prod": 0, "target": 27, "value": 0.0012304028057452431, "supply": "[{\"l\":'Energy for power irrigation',\"v\":0.0012304028057452431}]"}, {"source": 97, "prod": 0, "target": 11, "value": 4.5857902737064686e-06, "supply": "[{\"l\":'Energy for power irrigation',\"v\":4.5857902737064686e-06}]"}, {"source": 97, "prod": 0, "target": 3, "value": 0.00022364546411768468, "supply": "[{\"l\":'Energy for power irrigation',\"v\":0.00022364546411768468}]"}, {"source": 97, "prod": 0, "target": 28, "value": 0.00018202059855634907, "supply": "[{\"l\":'Energy for power irrigation',\"v\":0.00018202059855634907}]"}, {"source": 97, "prod": 0, "target": 55, "value": 3.5275309797742063e-06, "supply": "[{\"l\":'Energy for power irrigation',\"v\":3.5275309797742063e-06}]"}, {"source": 97, "prod": 0, "target": 6, "value": 0.0034661519407261352, "supply": "[{\"l\":'Energy for power irrigation',\"v\":0.0034661519407261352}]"}, {"source": 97, "prod": 0, "target": 7, "value": 0.00016967424012713934, "supply": "[{\"l\":'Energy for power irrigation',\"v\":0.00016967424012713934}]"}, {"source": 97, "prod": 0, "target": 8, "value": 0.001308361240398253, "supply": "[{\"l\":'Energy for power irrigation',\"v\":0.001308361240398253}]"}, {"source": 97, "prod": 0, "target": 75, "value": 0.00015732788169792961, "supply": "[{\"l\":'Energy for power irrigation',\"v\":0.00015732788169792961}]"}, {"source": 97, "prod": 0, "target": 20, "value": 9.5243336453903572e-06, "supply": "[{\"l\":'Energy for power irrigation',\"v\":9.5243336453903572e-06}]"}, {"source": 97, "prod": 0, "target": 10, "value": 0.0039127373627655497, "supply": "[{\"l\":'Energy for power irrigation',\"v\":0.0039127373627655497}]"}, {"source": 97, "prod": 0, "target": 40, "value": 0.00018202059855634907, "supply": "[{\"l\":'Energy for power irrigation',\"v\":0.00018202059855634907}]"}, {"source": 97, "prod": 0, "target": 2, "value": 0.0030096894319433533, "supply": "[{\"l\":'Energy for power irrigation',\"v\":0.0030096894319433533}]"}, {"source": 97, "prod": 0, "target": 43, "value": 1.5168383213029088e-05, "supply": "[{\"l\":'Energy for power irrigation',\"v\":1.5168383213029088e-05}]"}, {"source": 97, "prod": 0, "target": 78, "value": 5.5734989480432464e-05, "supply": "[{\"l\":'Energy for power irrigation',\"v\":5.5734989480432464e-05}]"}, {"source": 97, "prod": 0, "target": 45, "value": 0.0028354294015425071, "supply": "[{\"l\":'Energy for power irrigation',\"v\":0.0028354294015425071}]"}, {"source": 97, "prod": 0, "target": 53, "value": 1.1640852233254882e-05, "supply": "[{\"l\":'Energy for power irrigation',\"v\":1.1640852233254882e-05}]"}, {"source": 97, "prod": 0, "target": 82, "value": 2.0459679682690398e-05, "supply": "[{\"l\":'Energy for power irrigation',\"v\":2.0459679682690398e-05}]"}, {"source": 97, "prod": 0, "target": 29, "value": 1.1640852233254882e-05, "supply": "[{\"l\":'Energy for power irrigation',\"v\":1.1640852233254882e-05}]"}, {"source": 97, "prod": 0, "target": 12, "value": 0.00041131011224167252, "supply": "[{\"l\":'Energy for power irrigation',\"v\":0.00041131011224167252}]"}, {"source": 97, "prod": 0, "target": 13, "value": 0.00046422307693828559, "supply": "[{\"l\":'Energy for power irrigation',\"v\":0.00046422307693828559}]"}, {"source": 97, "prod": 0, "target": 14, "value": 0.0034559221008847903, "supply": "[{\"l\":'Energy for power irrigation',\"v\":0.0034559221008847903}]"}, {"source": 97, "prod": 0, "target": 46, "value": 1.5521136311006508e-05, "supply": "[{\"l\":'Energy for power irrigation',\"v\":1.5521136311006508e-05}]"}, {"source": 97, "prod": 0, "target": 57, "value": 8.6424509004468062e-05, "supply": "[{\"l\":'Energy for power irrigation',\"v\":8.6424509004468062e-05}]"}, {"source": 97, "prod": 0, "target": 16, "value": 0.00047057263270187916, "supply": "[{\"l\":'Energy for power irrigation',\"v\":0.00047057263270187916}]"}, {"source": 97, "prod": 0, "target": 80, "value": 0.0045237057284624425, "supply": "[{\"l\":'Energy for power irrigation',\"v\":0.0045237057284624425}]"}, {"source": 97, "prod": 0, "target": 58, "value": 8.1133212534806754e-05, "supply": "[{\"l\":'Energy for power irrigation',\"v\":8.1133212534806754e-05}]"}, {"source": 97, "prod": 0, "target": 19, "value": 0.00034040673954821094, "supply": "[{\"l\":'Energy for power irrigation',\"v\":0.00034040673954821094}]"}, {"source": 97, "prod": 0, "target": 77, "value": 0.0003125392448079947, "supply": "[{\"l\":'Energy for power irrigation',\"v\":0.0003125392448079947}]"}, {"source": 97, "prod": 0, "target": 62, "value": 0.00029948738018283012, "supply": "[{\"l\":'Energy for power irrigation',\"v\":0.00029948738018283012}]"}, {"source": 97, "prod": 0, "target": 64, "value": 2.1165185878645239e-06, "supply": "[{\"l\":'Energy for power irrigation',\"v\":2.1165185878645239e-06}]"}, {"source": 97, "prod": 0, "target": 4, "value": 0.00083496658291255463, "supply": "[{\"l\":'Energy for power irrigation',\"v\":0.00083496658291255463}]"}, {"source": 97, "prod": 0, "target": 22, "value": 1.6932148702916191e-05, "supply": "[{\"l\":'Energy for power irrigation',\"v\":1.6932148702916191e-05}]"}, {"source": 97, "prod": 0, "target": 23, "value": 3.1042272622013016e-05, "supply": "[{\"l\":'Energy for power irrigation',\"v\":3.1042272622013016e-05}]"}, {"source": 97, "prod": 0, "target": 70, "value": 0.0015626962240399733, "supply": "[{\"l\":'Energy for power irrigation',\"v\":0.0015626962240399733}]"}, {"source": 97, "prod": 0, "target": 74, "value": 0.00066105930560968629, "supply": "[{\"l\":'Energy for power irrigation',\"v\":0.00066105930560968629}]"}, {"source": 97, "prod": 0, "target": 25, "value": 0.00032171082535540762, "supply": "[{\"l\":'Energy for power irrigation',\"v\":0.00032171082535540762}]"}, {"source": 97, "prod": 0, "target": 76, "value": 1.1490000009191998, "supply": "[{\"l\":'Electricity',\"v\":1.1490000009191998}]"}, {"source": 98, "prod": 0, "target": 97, "value": 1.3556316484050723, "supply": [{"l": "Coal", "v": 0.65879012252538216}, {"l": "Natural gas", "v": 0.0051589068592351461}, {"l": "Oil", "v": 0.69168261902045503}]}, {"source": 99, "prod": 0, "target": 97, "value": 0.66004451560995459, "supply": [{"l": "Nuclear", "v": 0.048422328890812043}, {"l": "Hydroelectric", "v": 0.61062418390411199}, {"l": "Renewable", "v": 0.00099800281503060898}]}, {"source": 98, "prod": 0, "target": 0, "value": 1.7530196820009294, "supply": [{"l": "Gas-Diesel oil", "v": 1.1294908323135495}, {"l": "Natural gas (including LNG)", "v": 0.00096129484833971522}, {"l": "Fuel oil", "v": 0.014099807495265581}, {"l": "Liquefied petroleum gas (LPG)", "v": 0.0075299388820903295}, {"l": "Other fossil fuels", "v": 0.60093780846168421}]}, {"source": 98, "prod": 0, "target": 27, "value": 0.98956670186425644, "supply": [{"l": "Gas-Diesel oil", "v": 0.63758925766461572}, {"l": "Natural gas (including LNG)", "v": 0.00054264386324792463}, {"l": "Fuel oil", "v": 0.0079592375050147827}, {"l": "Liquefied petroleum gas (LPG)", "v": 0.0042505950510974373}, {"l": "Other fossil fuels", "v": 0.33922496778028066}]}, {"source": 98, "prod": 0, "target": 11, "value": 0.0036881786480032499, "supply": [{"l": "Gas-Diesel oil", "v": 0.002376336109415139}, {"l": "Natural gas (including LNG)", "v": 2.0224685270134809e-06}, {"l": "Fuel oil", "v": 2.9664589324883079e-05}, {"l": "Liquefied petroleum gas (LPG)", "v": 1.5842240729434259e-05}, {"l": "Other fossil fuels", "v": 0.0012643132400067803}]}, {"source": 98, "prod": 0, "target": 3, "value": 0.17986963560262001, "supply": [{"l": "Gas-Diesel oil", "v": 0.11589208410532292}, {"l": "Natural gas (including LNG)", "v": 9.8634234317426672e-05}, {"l": "Fuel oil", "v": 0.0014467192024596824}, {"l": "Liquefied petroleum gas (LPG)", "v": 0.00077261389403548606}, {"l": "Other fossil fuels", "v": 0.06165958416648451}]}, {"source": 98, "prod": 0, "target": 28, "value": 0.1463923217207444, "supply": [{"l": "Gas-Diesel oil", "v": 0.094322264035247058}, {"l": "Natural gas (including LNG)", "v": 8.0276443072227387e-05}, {"l": "Fuel oil", "v": 0.0011774560070492053}, {"l": "Liquefied petroleum gas (LPG)", "v": 0.0006288150935683137}, {"l": "Other fossil fuels", "v": 0.050183510141807587}]}, {"source": 98, "prod": 0, "target": 55, "value": 0.002837060498464038, "supply": [{"l": "Gas-Diesel oil", "v": 0.0018279508533962606}, {"l": "Natural gas (including LNG)", "v": 1.5557450207796005e-06}, {"l": "Fuel oil", "v": 2.2818914865294674e-05}, {"l": "Liquefied petroleum gas (LPG)", "v": 1.2186339022641737e-05}, {"l": "Other fossil fuels", "v": 0.00097254864615906164}]}, {"source": 98, "prod": 0, "target": 6, "value": 2.7876956457907638, "supply": [{"l": "Gas-Diesel oil", "v": 1.7961445085471657}, {"l": "Natural gas (including LNG)", "v": 0.0015286750574180356}, {"l": "Fuel oil", "v": 0.022421865746638549}, {"l": "Liquefied petroleum gas (LPG)", "v": 0.011974296723647771}, {"l": "Other fossil fuels", "v": 0.95562629971589397}]}, {"source": 98, "prod": 0, "target": 7, "value": 0.13646260997612022, "supply": [{"l": "Gas-Diesel oil", "v": 0.08792443604836013}, {"l": "Natural gas (including LNG)", "v": 7.4831335499498777e-05}, {"l": "Fuel oil", "v": 0.0010975898050206738}, {"l": "Liquefied petroleum gas (LPG)", "v": 0.0005861629069890675}, {"l": "Other fossil fuels", "v": 0.046779589880250869}]}, {"source": 98, "prod": 0, "target": 8, "value": 1.0522657388803118, "supply": [{"l": "Gas-Diesel oil", "v": 0.67798697152467302}, {"l": "Natural gas (including LNG)", "v": 0.00057702582820715379}, {"l": "Fuel oil", "v": 0.0084635355235377942}, {"l": "Liquefied petroleum gas (LPG)", "v": 0.0045199131434978199}, {"l": "Other fossil fuels", "v": 0.36071829286039597}]}, {"source": 98, "prod": 0, "target": 75, "value": 0.1265328982314961, "supply": [{"l": "Gas-Diesel oil", "v": 0.08152660806147323}, {"l": "Natural gas (including LNG)", "v": 6.938622792677018e-05}, {"l": "Fuel oil", "v": 0.0010177236029921427}, {"l": "Liquefied petroleum gas (LPG)", "v": 0.00054351072040982151}, {"l": "Other fossil fuels", "v": 0.04337566961869415}]}, {"source": 98, "prod": 0, "target": 20, "value": 0.0076600633458529035, "supply": [{"l": "Gas-Diesel oil", "v": 0.0049354673041699035}, {"l": "Natural gas (including LNG)", "v": 4.200511556104921e-06}, {"l": "Fuel oil", "v": 6.1611070136295619e-05}, {"l": "Liquefied petroleum gas (LPG)", "v": 3.2903115361132688e-05}, {"l": "Other fossil fuels", "v": 0.0026258813446294665}]}, {"source": 98, "prod": 0, "target": 10, "value": 3.1468675048963113, "supply": [{"l": "Gas-Diesel oil", "v": 2.0275630865871324}, {"l": "Natural gas (including LNG)", "v": 0.0017256323770487329}, {"l": "Fuel oil", "v": 0.025310740368584855}, {"l": "Liquefied petroleum gas (LPG)", "v": 0.013517087243914216}, {"l": "Other fossil fuels", "v": 1.0787509583196313}]}, {"source": 98, "prod": 0, "target": 40, "value": 0.1463923217207444, "supply": [{"l": "Gas-Diesel oil", "v": 0.094322264035247058}, {"l": "Natural gas (including LNG)", "v": 8.0276443072227387e-05}, {"l": "Fuel oil", "v": 0.0011774560070492053}, {"l": "Liquefied petroleum gas (LPG)", "v": 0.0006288150935683137}, {"l": "Other fossil fuels", "v": 0.050183510141807587}]}, {"source": 98, "prod": 0, "target": 2, "value": 2.4205800172895175, "supply": [{"l": "Gas-Diesel oil", "v": 1.5596076681176896}, {"l": "Natural gas (including LNG)", "v": 0.0013273616517291552}, {"l": "Fuel oil", "v": 0.019469098163069416}, {"l": "Liquefied petroleum gas (LPG)", "v": 0.01039738445411793}, {"l": "Other fossil fuels", "v": 0.8297785049029115}]}, {"source": 98, "prod": 0, "target": 43, "value": 0.012199360143395364, "supply": [{"l": "Gas-Diesel oil", "v": 0.0078601886696039215}, {"l": "Natural gas (including LNG)", "v": 6.6897035893522826e-06}, {"l": "Fuel oil", "v": 9.8121333920767113e-05}, {"l": "Liquefied petroleum gas (LPG)", "v": 5.2401257797359471e-05}, {"l": "Other fossil fuels", "v": 0.0041819591784839653}]}, {"source": 98, "prod": 0, "target": 78, "value": 0.04482555587573181, "supply": [{"l": "Gas-Diesel oil", "v": 0.028881623483660919}, {"l": "Natural gas (including LNG)", "v": 2.4580771328317689e-05}, {"l": "Fuel oil", "v": 0.00036053885487165587}, {"l": "Liquefied petroleum gas (LPG)", "v": 0.00019254415655773946}, {"l": "Other fossil fuels", "v": 0.015366268609313175}]}, {"source": 98, "prod": 0, "target": 45, "value": 2.280429228665394, "supply": [{"l": "Gas-Diesel oil", "v": 1.4693068959599143}, {"l": "Natural gas (including LNG)", "v": 0.0012505078477026428}, {"l": "Fuel oil", "v": 0.018341843768723859}, {"l": "Liquefied petroleum gas (LPG)", "v": 0.0097953793063994283}, {"l": "Other fossil fuels", "v": 0.78173460178265375}]}, {"source": 98, "prod": 0, "target": 53, "value": 0.0093622996449313264, "supply": [{"l": "Gas-Diesel oil", "v": 0.0060322378162076607}, {"l": "Natural gas (including LNG)", "v": 5.1339585685726823e-06}, {"l": "Fuel oil", "v": 7.5302419055472429e-05}, {"l": "Liquefied petroleum gas (LPG)", "v": 4.0214918774717736e-05}, {"l": "Other fossil fuels", "v": 0.0032094105323249036}]}, {"source": 98, "prod": 0, "target": 82, "value": 0.016454950891091422, "supply": [{"l": "Gas-Diesel oil", "v": 0.010602114949698312}, {"l": "Natural gas (including LNG)", "v": 9.0233211205216834e-06}, {"l": "Fuel oil", "v": 0.00013234970621870911}, {"l": "Liquefied petroleum gas (LPG)", "v": 7.068076633132207e-05}, {"l": "Other fossil fuels", "v": 0.0056407821477225577}]}, {"source": 98, "prod": 0, "target": 29, "value": 0.0093622996449313264, "supply": [{"l": "Gas-Diesel oil", "v": 0.0060322378162076607}, {"l": "Natural gas (including LNG)", "v": 5.1339585685726823e-06}, {"l": "Fuel oil", "v": 7.5302419055472429e-05}, {"l": "Liquefied petroleum gas (LPG)", "v": 4.0214918774717736e-05}, {"l": "Other fossil fuels", "v": 0.0032094105323249036}]}, {"source": 98, "prod": 0, "target": 12, "value": 0.33080125412090688, "supply": [{"l": "Gas-Diesel oil", "v": 0.213139069506004}, {"l": "Natural gas (including LNG)", "v": 0.00018139986942290143}, {"l": "Fuel oil", "v": 0.0026606854732933592}, {"l": "Liquefied petroleum gas (LPG)", "v": 0.0014209271300400267}, {"l": "Other fossil fuels", "v": 0.11339917214214659}]}, {"source": 98, "prod": 0, "target": 13, "value": 0.37335716159786747, "supply": [{"l": "Gas-Diesel oil", "v": 0.24055833230694793}, {"l": "Natural gas (including LNG)", "v": 0.00020473604473459544}, {"l": "Fuel oil", "v": 0.0030029691962727796}, {"l": "Liquefied petroleum gas (LPG)", "v": 0.0016037222153796526}, {"l": "Other fossil fuels", "v": 0.12798740183453253}]}, {"source": 98, "prod": 0, "target": 14, "value": 2.7794681703452184, "supply": [{"l": "Gas-Diesel oil", "v": 1.7908434510723166}, {"l": "Natural gas (including LNG)", "v": 0.0015241633968577748}, {"l": "Fuel oil", "v": 0.022355690893529196}, {"l": "Liquefied petroleum gas (LPG)", "v": 0.01193895634048211}, {"l": "Other fossil fuels", "v": 0.95280590864203274}]}, {"source": 98, "prod": 0, "target": 46, "value": 0.012483066193241769, "supply": [{"l": "Gas-Diesel oil", "v": 0.008042983754943547}, {"l": "Natural gas (including LNG)", "v": 6.8452780914302425e-06}, {"l": "Fuel oil", "v": 0.00010040322540729657}, {"l": "Liquefied petroleum gas (LPG)", "v": 5.3619891699623641e-05}, {"l": "Other fossil fuels", "v": 0.0042792140430998717}]}, {"source": 98, "prod": 0, "target": 57, "value": 0.069507982212368938, "supply": [{"l": "Gas-Diesel oil", "v": 0.044784795908208386}, {"l": "Natural gas (including LNG)", "v": 3.8115753009100214e-05}, {"l": "Fuel oil", "v": 0.0005590634141997196}, {"l": "Liquefied petroleum gas (LPG)", "v": 0.00029856530605472257}, {"l": "Other fossil fuels", "v": 0.023827441830897012}]}, {"source": 98, "prod": 0, "target": 16, "value": 0.37846387049510272, "supply": [{"l": "Gas-Diesel oil", "v": 0.24384864384306118}, {"l": "Natural gas (including LNG)", "v": 0.00020753638577199871}, {"l": "Fuel oil", "v": 0.0030440432430303096}, {"l": "Liquefied petroleum gas (LPG)", "v": 0.0016256576256204077}, {"l": "Other fossil fuels", "v": 0.12973798939761882}]}, {"source": 98, "prod": 0, "target": 80, "value": 3.6382463832302827, "supply": [{"l": "Gas-Diesel oil", "v": 2.3441641743953645}, {"l": "Natural gas (including LNG)", "v": 0.0019950874146477597}, {"l": "Fuel oil", "v": 0.02926297642325389}, {"l": "Liquefied petroleum gas (LPG)", "v": 0.015627761162635763}, {"l": "Other fossil fuels", "v": 1.2471963838343807}]}, {"source": 98, "prod": 0, "target": 58, "value": 0.06525239146467289, "supply": [{"l": "Gas-Diesel oil", "v": 0.042042869628114002}, {"l": "Natural gas (including LNG)", "v": 3.5782135477930812e-05}, {"l": "Fuel oil", "v": 0.00052483504190177759}, {"l": "Liquefied petroleum gas (LPG)", "v": 0.00028028579752075995}, {"l": "Other fossil fuels", "v": 0.022368618861658422}]}, {"source": 98, "prod": 0, "target": 19, "value": 0.2737763381017797, "supply": [{"l": "Gas-Diesel oil", "v": 0.17639725735273915}, {"l": "Natural gas (including LNG)", "v": 0.00015012939450523145}, {"l": "Fuel oil", "v": 0.0022020252845009361}, {"l": "Liquefied petroleum gas (LPG)", "v": 0.0011759817156849275}, {"l": "Other fossil fuels", "v": 0.093850944354349458}]}, {"source": 98, "prod": 0, "target": 77, "value": 0.25136356016391376, "supply": [{"l": "Gas-Diesel oil", "v": 0.16195644561090869}, {"l": "Natural gas (including LNG)", "v": 0.0001378390088410726}, {"l": "Fuel oil", "v": 0.0020217558570651082}, {"l": "Liquefied petroleum gas (LPG)", "v": 0.0010797096374060579}, {"l": "Other fossil fuels", "v": 0.086167810049692858}]}, {"source": 98, "prod": 0, "target": 62, "value": 0.24086643631959684, "supply": [{"l": "Gas-Diesel oil", "v": 0.15519302745334251}, {"l": "Natural gas (including LNG)", "v": 0.00013208275226418809}, {"l": "Fuel oil", "v": 0.0019373258720635179}, {"l": "Liquefied petroleum gas (LPG)", "v": 0.0010346201830222835}, {"l": "Other fossil fuels", "v": 0.082569380058904338}]}, {"source": 98, "prod": 0, "target": 64, "value": 0.001702236299078423, "supply": [{"l": "Gas-Diesel oil", "v": 0.0010967705120377565}, {"l": "Natural gas (including LNG)", "v": 9.3344701246776039e-07}, {"l": "Fuel oil", "v": 1.3691348919176805e-05}, {"l": "Liquefied petroleum gas (LPG)", "v": 7.3118034135850427e-06}, {"l": "Other fossil fuels", "v": 0.00058352918769543705}]}, {"source": 98, "prod": 0, "target": 4, "value": 0.67153221998643786, "supply": [{"l": "Gas-Diesel oil", "v": 0.43267596699889488}, {"l": "Natural gas (including LNG)", "v": 0.00036824484641853145}, {"l": "Fuel oil", "v": 0.0054012371486152492}, {"l": "Liquefied petroleum gas (LPG)", "v": 0.0028845064466592992}, {"l": "Other fossil fuels", "v": 0.23020226454584988}]}, {"source": 98, "prod": 0, "target": 22, "value": 0.013617890392627384, "supply": [{"l": "Gas-Diesel oil", "v": 0.0087741640963020524}, {"l": "Natural gas (including LNG)", "v": 7.4675760997420831e-06}, {"l": "Fuel oil", "v": 0.00010953079135341444}, {"l": "Liquefied petroleum gas (LPG)", "v": 5.8494427308680342e-05}, {"l": "Other fossil fuels", "v": 0.0046682335015634964}]}, {"source": 98, "prod": 0, "target": 23, "value": 0.024966132386483538, "supply": [{"l": "Gas-Diesel oil", "v": 0.016085967509887094}, {"l": "Natural gas (including LNG)", "v": 1.3690556182860485e-05}, {"l": "Fuel oil", "v": 0.00020080645081459314}, {"l": "Liquefied petroleum gas (LPG)", "v": 0.00010723978339924728}, {"l": "Other fossil fuels", "v": 0.0085584280861997434}]}, {"source": 98, "prod": 0, "target": 70, "value": 1.256817800819569, "supply": [{"l": "Gas-Diesel oil", "v": 0.80978222805454347}, {"l": "Natural gas (including LNG)", "v": 0.00068919504420536298}, {"l": "Fuel oil", "v": 0.010108779285325541}, {"l": "Liquefied petroleum gas (LPG)", "v": 0.0053985481870302892}, {"l": "Other fossil fuels", "v": 0.43083905024846431}]}, {"source": 98, "prod": 0, "target": 74, "value": 0.53166513741216082, "supply": [{"l": "Gas-Diesel oil", "v": 0.34255798992645925}, {"l": "Natural gas (including LNG)", "v": 0.00029154661689409712}, {"l": "Fuel oil", "v": 0.004276264645756222}, {"l": "Liquefied petroleum gas (LPG)", "v": 0.0022837199328430615}, {"l": "Other fossil fuels", "v": 0.18225561629020814}]}, {"source": 98, "prod": 0, "target": 25, "value": 0.25873991745992031, "supply": [{"l": "Gas-Diesel oil", "v": 0.16670911782973896}, {"l": "Natural gas (including LNG)", "v": 0.00014188394589509956}, {"l": "Fuel oil", "v": 0.0020810850357148745}, {"l": "Liquefied petroleum gas (LPG)", "v": 0.0011113941188649263}, {"l": "Other fossil fuels", "v": 0.088696436529706421}]}, {"source": 100, "prod": 92.247567984075516, "target": 0, "value": 0.98334052311864895, "supply": [{"l": "Potash", "v": 0.67173888942628002}, {"l": "Phosphate", "v": 1.9610833349021999}, {"l": "Nitrogen", "v": 12.237597232012298}]}, {"source": 100, "prod": 52.073072848107358, "target": 27, "value": 0.55508848432397584, "supply": [{"l": "Potash", "v": 0.67173888942628002}, {"l": "Phosphate", "v": 1.9610833349021999}, {"l": "Nitrogen", "v": 12.237597232012298}]}, {"source": 100, "prod": 0.19407968664718914, "target": 11, "value": 0.0020688504289597728, "supply": [{"l": "Potash", "v": 0.67173888942628002}, {"l": "Phosphate", "v": 1.9610833349021999}, {"l": "Nitrogen", "v": 12.237597232012298}]}, {"source": 100, "prod": 9.4651170257167614, "target": 3, "value": 0.10089624399696122, "supply": [{"l": "Potash", "v": 0.67173888942628002}, {"l": "Phosphate", "v": 1.9610833349021999}, {"l": "Nitrogen", "v": 12.237597232012298}]}, {"source": 100, "prod": 7.7034706392268921, "target": 28, "value": 0.082117447795634055, "supply": [{"l": "Potash", "v": 0.67173888942628002}, {"l": "Phosphate", "v": 1.9610833349021999}, {"l": "Nitrogen", "v": 12.237597232012298}]}, {"source": 100, "prod": 0.14929206665168393, "target": 55, "value": 0.0015914234068921328, "supply": [{"l": "Potash", "v": 0.67173888942628002}, {"l": "Phosphate", "v": 1.9610833349021999}, {"l": "Nitrogen", "v": 12.237597232012298}]}, {"source": 100, "prod": 146.69438469194463, "target": 6, "value": 1.5637326396122098, "supply": [{"l": "Potash", "v": 0.67173888942628002}, {"l": "Phosphate", "v": 1.9610833349021999}, {"l": "Nitrogen", "v": 12.237597232012298}]}, {"source": 100, "prod": 7.1809484059459976, "target": 7, "value": 0.076547465871511594, "supply": [{"l": "Potash", "v": 0.67173888942628002}, {"l": "Phosphate", "v": 1.9610833349021999}, {"l": "Nitrogen", "v": 12.237597232012298}]}, {"source": 100, "prod": 55.372427521109572, "target": 8, "value": 0.590258941616292, "supply": [{"l": "Potash", "v": 0.67173888942628002}, {"l": "Phosphate", "v": 1.9610833349021999}, {"l": "Nitrogen", "v": 12.237597232012298}]}, {"source": 100, "prod": 6.6584261726651039, "target": 75, "value": 0.070977483947389133, "supply": [{"l": "Potash", "v": 0.67173888942628002}, {"l": "Phosphate", "v": 1.9610833349021999}, {"l": "Nitrogen", "v": 12.237597232012298}]}, {"source": 100, "prod": 0.40308857995954667, "target": 20, "value": 0.0042968431986087586, "supply": [{"l": "Potash", "v": 0.67173888942628002}, {"l": "Phosphate", "v": 1.9610833349021999}, {"l": "Nitrogen", "v": 12.237597232012298}]}, {"source": 100, "prod": 165.59476033004785, "target": 10, "value": 1.7652068429247538, "supply": [{"l": "Potash", "v": 0.67173888942628002}, {"l": "Phosphate", "v": 1.9610833349021999}, {"l": "Nitrogen", "v": 12.237597232012298}]}, {"source": 100, "prod": 7.7034706392268921, "target": 40, "value": 0.082117447795634055, "supply": [{"l": "Potash", "v": 0.67173888942628002}, {"l": "Phosphate", "v": 1.9610833349021999}, {"l": "Nitrogen", "v": 12.237597232012298}]}, {"source": 100, "prod": 127.37599126721675, "target": 2, "value": 1.3578024507603679, "supply": [{"l": "Potash", "v": 0.67173888942628002}, {"l": "Phosphate", "v": 1.9610833349021999}, {"l": "Nitrogen", "v": 12.237597232012298}]}, {"source": 100, "prod": 0.64195588660224101, "target": 43, "value": 0.0068431206496361715, "supply": [{"l": "Potash", "v": 0.67173888942628002}, {"l": "Phosphate", "v": 1.9610833349021999}, {"l": "Nitrogen", "v": 12.237597232012298}]}, {"source": 100, "prod": 2.3588146530966063, "target": 78, "value": 0.025144489828895701, "supply": [{"l": "Potash", "v": 0.67173888942628002}, {"l": "Phosphate", "v": 1.9610833349021999}, {"l": "Nitrogen", "v": 12.237597232012298}]}, {"source": 100, "prod": 120.00096317462355, "target": 45, "value": 1.2791861344598963, "supply": [{"l": "Potash", "v": 0.67173888942628002}, {"l": "Phosphate", "v": 1.9610833349021999}, {"l": "Nitrogen", "v": 12.237597232012298}]}, {"source": 100, "prod": 0.49266381995055708, "target": 53, "value": 0.0052516972427440389, "supply": [{"l": "Potash", "v": 0.67173888942628002}, {"l": "Phosphate", "v": 1.9610833349021999}, {"l": "Nitrogen", "v": 12.237597232012298}]}, {"source": 100, "prod": 0.86589398657976691, "target": 82, "value": 0.0092302557599743713, "supply": [{"l": "Potash", "v": 0.67173888942628002}, {"l": "Phosphate", "v": 1.9610833349021999}, {"l": "Nitrogen", "v": 12.237597232012298}]}, {"source": 100, "prod": 0.49266381995055708, "target": 29, "value": 0.0052516972427440389, "supply": [{"l": "Potash", "v": 0.67173888942628002}, {"l": "Phosphate", "v": 1.9610833349021999}, {"l": "Nitrogen", "v": 12.237597232012298}]}, {"source": 100, "prod": 17.40745497158635, "target": 12, "value": 0.1855599692436227, "supply": [{"l": "Potash", "v": 0.67173888942628002}, {"l": "Phosphate", "v": 1.9610833349021999}, {"l": "Nitrogen", "v": 12.237597232012298}]}, {"source": 100, "prod": 19.646835971361607, "target": 13, "value": 0.20943132034700471, "supply": [{"l": "Potash", "v": 0.67173888942628002}, {"l": "Phosphate", "v": 1.9610833349021999}, {"l": "Nitrogen", "v": 12.237597232012298}]}, {"source": 100, "prod": 146.26143769865476, "target": 14, "value": 1.5591175117322227, "supply": [{"l": "Potash", "v": 0.67173888942628002}, {"l": "Phosphate", "v": 1.9610833349021999}, {"l": "Nitrogen", "v": 12.237597232012298}]}, {"source": 100, "prod": 0.6568850932674094, "target": 46, "value": 0.0070022629903253846, "supply": [{"l": "Potash", "v": 0.67173888942628002}, {"l": "Phosphate", "v": 1.9610833349021999}, {"l": "Nitrogen", "v": 12.237597232012298}]}, {"source": 100, "prod": 3.6576556329662568, "target": 57, "value": 0.03898987346885726, "supply": [{"l": "Potash", "v": 0.67173888942628002}, {"l": "Phosphate", "v": 1.9610833349021999}, {"l": "Nitrogen", "v": 12.237597232012298}]}, {"source": 100, "prod": 19.915561691334638, "target": 16, "value": 0.21229588247941053, "supply": [{"l": "Potash", "v": 0.67173888942628002}, {"l": "Phosphate", "v": 1.9610833349021999}, {"l": "Nitrogen", "v": 12.237597232012298}]}, {"source": 100, "prod": 191.45214627411949, "target": 80, "value": 2.040841376998471, "supply": [{"l": "Potash", "v": 0.67173888942628002}, {"l": "Phosphate", "v": 1.9610833349021999}, {"l": "Nitrogen", "v": 12.237597232012298}]}, {"source": 100, "prod": 3.4337175329887311, "target": 58, "value": 0.036602738358519057, "supply": [{"l": "Potash", "v": 0.67173888942628002}, {"l": "Phosphate", "v": 1.9610833349021999}, {"l": "Nitrogen", "v": 12.237597232012298}]}, {"source": 100, "prod": 14.406684431887502, "target": 19, "value": 0.15357235876509082, "supply": [{"l": "Potash", "v": 0.67173888942628002}, {"l": "Phosphate", "v": 1.9610833349021999}, {"l": "Nitrogen", "v": 12.237597232012298}]}, {"source": 100, "prod": 13.227277105339198, "target": 77, "value": 0.14100011385064296, "supply": [{"l": "Potash", "v": 0.67173888942628002}, {"l": "Phosphate", "v": 1.9610833349021999}, {"l": "Nitrogen", "v": 12.237597232012298}]}, {"source": 100, "prod": 12.674896458727966, "target": 62, "value": 0.13511184724514208, "supply": [{"l": "Potash", "v": 0.67173888942628002}, {"l": "Phosphate", "v": 1.9610833349021999}, {"l": "Nitrogen", "v": 12.237597232012298}]}, {"source": 100, "prod": 0.089575239991010372, "target": 64, "value": 0.00095485404413527973, "supply": [{"l": "Potash", "v": 0.67173888942628002}, {"l": "Phosphate", "v": 1.9610833349021999}, {"l": "Nitrogen", "v": 12.237597232012298}]}, {"source": 100, "prod": 35.337432176453589, "target": 4, "value": 0.37668992041136784, "supply": [{"l": "Potash", "v": 0.67173888942628002}, {"l": "Phosphate", "v": 1.9610833349021999}, {"l": "Nitrogen", "v": 12.237597232012298}]}, {"source": 100, "prod": 0.71660191992808298, "target": 22, "value": 0.0076388323530822378, "supply": [{"l": "Potash", "v": 0.67173888942628002}, {"l": "Phosphate", "v": 1.9610833349021999}, {"l": "Nitrogen", "v": 12.237597232012298}]}, {"source": 100, "prod": 1.3137701865348188, "target": 23, "value": 0.014004525980650769, "supply": [{"l": "Potash", "v": 0.67173888942628002}, {"l": "Phosphate", "v": 1.9610833349021999}, {"l": "Nitrogen", "v": 12.237597232012298}]}, {"source": 100, "prod": 66.136385526695989, "target": 70, "value": 0.70500056925321486, "supply": [{"l": "Potash", "v": 0.67173888942628002}, {"l": "Phosphate", "v": 1.9610833349021999}, {"l": "Nitrogen", "v": 12.237597232012298}]}, {"source": 100, "prod": 27.977333290525571, "target": 74, "value": 0.29823274645158571, "supply": [{"l": "Potash", "v": 0.67173888942628002}, {"l": "Phosphate", "v": 1.9610833349021999}, {"l": "Nitrogen", "v": 12.237597232012298}]}, {"source": 100, "prod": 13.615436478633576, "target": 25, "value": 0.14513781470856252, "supply": [{"l": "Potash", "v": 0.67173888942628002}, {"l": "Phosphate", "v": 1.9610833349021999}, {"l": "Nitrogen", "v": 12.237597232012298}]}, {"source": 98, "prod": 0, "target": 100, "value": 18.128576646044419, "supply": [{"l": "Natural gas (including LNG)", "v": 12.213725407749706}, {"l": "Fuel oil", "v": 3.7515966564087422}, {"l": "Liquefied petroleum gas (LPG)", "v": 1.0816272909429854}, {"l": "Coal", "v": 1.0816272909429854}]}, {"source": 101, "prod": 0, "target": 28, "value": 0.0096293124818060474, "supply": "[{\"l\":'Labor',\"v\":0.0096293124818060474}]"}, {"source": 101, "prod": 0, "target": 39, "value": 0.0014929166638458988, "supply": "[{\"l\":'Labor',\"v\":0.0014929166638458988}]"}, {"source": 101, "prod": 0, "target": 40, "value": 0.0096293124818060474, "supply": "[{\"l\":'Labor',\"v\":0.0096293124818060474}]"}, {"source": 101, "prod": 0, "target": 11, "value": 0.00024259895787495856, "supply": "[{\"l\":'Labor',\"v\":0.00024259895787495856}]"}, {"source": 101, "prod": 0, "target": 53, "value": 0.00061582812383643331, "supply": "[{\"l\":'Labor',\"v\":0.00061582812383643331}]"}, {"source": 101, "prod": 0, "target": 25, "value": 0.017019249967843247, "supply": "[{\"l\":'Labor',\"v\":0.017019249967843247}]"}, {"source": 101, "prod": 0, "target": 19, "value": 0.018008307257641153, "supply": "[{\"l\":'Labor',\"v\":0.018008307257641153}]"}, {"source": 101, "prod": 0, "target": 7, "value": 0.0089761614413734654, "supply": "[{\"l\":'Labor',\"v\":0.0089761614413734654}]"}, {"source": 101, "prod": 0, "target": 54, "value": 0.0013436249974613089, "supply": "[{\"l\":'Labor',\"v\":0.0013436249974613089}]"}, {"source": 101, "prod": 0, "target": 10, "value": 0.20699289544223387, "supply": "[{\"l\":'Labor',\"v\":0.20699289544223387}]"}, {"source": 101, "prod": 0, "target": 46, "value": 0.0008211041651152443, "supply": "[{\"l\":'Labor',\"v\":0.0008211041651152443}]"}, {"source": 101, "prod": 0, "target": 82, "value": 0.0010823645812882766, "supply": "[{\"l\":'Labor',\"v\":0.0010823645812882766}]"}, {"source": 101, "prod": 0, "target": 29, "value": 0.00061582812383643331, "supply": "[{\"l\":'Labor',\"v\":0.00061582812383643331}]"}, {"source": 101, "prod": 0, "target": 12, "value": 0.021759260375553976, "supply": "[{\"l\":'Labor',\"v\":0.021759260375553976}]"}, {"source": 101, "prod": 0, "target": 13, "value": 0.024558479120265035, "supply": "[{\"l\":'Labor',\"v\":0.024558479120265035}]"}, {"source": 101, "prod": 0, "target": 57, "value": 0.0045720572830280654, "supply": "[{\"l\":'Labor',\"v\":0.0045720572830280654}]"}, {"source": 101, "prod": 0, "target": 80, "value": 0.23931454121449758, "supply": "[{\"l\":'Labor',\"v\":0.23931454121449758}]"}, {"source": 101, "prod": 0, "target": 81, "value": 5.5984374894221208e-05, "supply": "[{\"l\":'Labor',\"v\":5.5984374894221208e-05}]"}, {"source": 101, "prod": 0, "target": 74, "value": 0.034971572850590181, "supply": "[{\"l\":'Labor',\"v\":0.034971572850590181}]"}, {"source": 101, "prod": 0, "target": 0, "value": 0.11530915082379761, "supply": "[{\"l\":'Labor',\"v\":0.11530915082379761}]"}, {"source": 101, "prod": 0, "target": 2, "value": 0.15921956219916511, "supply": "[{\"l\":'Labor',\"v\":0.15921956219916511}]"}, {"source": 101, "prod": 0, "target": 6, "value": 0.18336748923687252, "supply": "[{\"l\":'Labor',\"v\":0.18336748923687252}]"}, {"source": 101, "prod": 0, "target": 8, "value": 0.069215348827555478, "supply": "[{\"l\":'Labor',\"v\":0.069215348827555478}]"}, {"source": 101, "prod": 0, "target": 75, "value": 0.0083230104009408851, "supply": "[{\"l\":'Labor',\"v\":0.0083230104009408851}]"}, {"source": 101, "prod": 0, "target": 20, "value": 0.00050385937404799088, "supply": "[{\"l\":'Labor',\"v\":0.00050385937404799088}]"}, {"source": 101, "prod": 0, "target": 37, "value": 1.8661458298073736e-05, "supply": "[{\"l\":'Labor',\"v\":1.8661458298073736e-05}]"}, {"source": 101, "prod": 0, "target": 43, "value": 0.00080244270681717066, "supply": "[{\"l\":'Labor',\"v\":0.00080244270681717066}]"}, {"source": 101, "prod": 0, "target": 45, "value": 0.15000080179991668, "supply": "[{\"l\":'Labor',\"v\":0.15000080179991668}]"}, {"source": 101, "prod": 0, "target": 78, "value": 0.0029485104110956502, "supply": "[{\"l\":'Labor',\"v\":0.0029485104110956502}]"}, {"source": 101, "prod": 0, "target": 77, "value": 0.016534052052093327, "supply": "[{\"l\":'Labor',\"v\":0.016534052052093327}]"}, {"source": 101, "prod": 0, "target": 56, "value": 0.00014929166638458989, "supply": "[{\"l\":'Labor',\"v\":0.00014929166638458989}]"}, {"source": 101, "prod": 0, "target": 65, "value": 1.8661458298073736e-05, "supply": "[{\"l\":'Labor',\"v\":1.8661458298073736e-05}]"}, {"source": 101, "prod": 0, "target": 55, "value": 0.00018661458298073735, "supply": "[{\"l\":'Labor',\"v\":0.00018661458298073735}]"}, {"source": 101, "prod": 0, "target": 27, "value": 0.065091166543681175, "supply": "[{\"l\":'Labor',\"v\":0.065091166543681175}]"}, {"source": 101, "prod": 0, "target": 3, "value": 0.011831364560978747, "supply": "[{\"l\":'Labor',\"v\":0.011831364560978747}]"}, {"source": 101, "prod": 0, "target": 4, "value": 0.04417167179154053, "supply": "[{\"l\":'Labor',\"v\":0.04417167179154053}]"}, {"source": 101, "prod": 0, "target": 51, "value": 0.00046653645745184337, "supply": "[{\"l\":'Labor',\"v\":0.00046653645745184337}]"}, {"source": 101, "prod": 0, "target": 14, "value": 0.1828263069462284, "supply": "[{\"l\":'Labor',\"v\":0.1828263069462284}]"}, {"source": 101, "prod": 0, "target": 16, "value": 0.024894385369630363, "supply": "[{\"l\":'Labor',\"v\":0.024894385369630363}]"}, {"source": 101, "prod": 0, "target": 58, "value": 0.004292135408556959, "supply": "[{\"l\":'Labor',\"v\":0.004292135408556959}]"}, {"source": 101, "prod": 0, "target": 62, "value": 0.015843578095064599, "supply": "[{\"l\":'Labor',\"v\":0.015843578095064599}]"}, {"source": 101, "prod": 0, "target": 64, "value": 0.00011196874978844242, "supply": "[{\"l\":'Labor',\"v\":0.00011196874978844242}]"}, {"source": 101, "prod": 0, "target": 22, "value": 0.00089574999830753933, "supply": "[{\"l\":'Labor',\"v\":0.00089574999830753933}]"}, {"source": 101, "prod": 0, "target": 23, "value": 0.0016422083302304886, "supply": "[{\"l\":'Labor',\"v\":0.0016422083302304886}]"}, {"source": 101, "prod": 0, "target": 79, "value": 3.7322916596147472e-05, "supply": "[{\"l\":'Labor',\"v\":3.7322916596147472e-05}]"}, {"source": 101, "prod": 0, "target": 70, "value": 0.082670260260466644, "supply": "[{\"l\":'Labor',\"v\":0.082670260260466644}]"}, {"source": 101, "prod": 0, "target": 24, "value": 0.00067181249873065447, "supply": "[{\"l\":'Labor',\"v\":0.00067181249873065447}]"}, {"source": 98, "prod": 0, "target": 92, "value": 9.8204000848924871, "supply": "[{\"l\":'Fossil Fuels',\"v\":9.8204000848924871}]"}, {"source": 99, "prod": 0, "target": 92, "value": 0.84856723031547077, "supply": "[{\"l\":'Renewables & Nuclear',\"v\":0.84555072095217743},{\"l\":'Biomass & Waste',\"v\":0.0030165093632933001}]"}]}