{"nodes": [{"name": "Balance", "fill": "#9edae5"}, {"name": "Food", "fill": "#b5cf6b"}, {"name": "Stock Deposit", "fill": "#c7c7c7"}, {"name": "Export", "fill": "#aec7e8"}, {"name": "Biofuels & Other", "fill": "#e7ba52"}, {"name": "Crop Residue", "fill": "#bd9e39"}, {"name": "Renewables & Nuclear", "fill": "#2ca02c"}, {"name": "Fossil Fuels", "fill": "#c49c94"}, {"name": "Stock Draw", "fill": "#c7c7c7"}, {"name": "Labor", "fill": "#7f7f7f"}], "links": [{"source": 0, "target": 1, "value": 50.670613462594297}, {"source": 0, "target": 2, "value": 13.597299847187699}, {"source": 0, "target": 3, "value": 10.296840381128018}, {"source": 0, "target": 4, "value": 6.1531153136750207}, {"source": 0, "target": 5, "value": 255.38695364044852}, {"source": 6, "target": 0, "value": 3.6139477726563709}, {"source": 7, "target": 0, "value": 84.437244091006932}, {"source": 8, "target": 0, "value": 9.1638449647912914}, {"source": 9, "target": 0, "value": 1.9510488620305768}]}