{"nodes": [{"layer": 3, "name": "Maize"}, {"layer": 5, "name": "Production", "fill": "#b5cf6b"}, {"layer": 3, "name": "Rye"}, {"layer": 3, "name": "Fruits, Other"}, {"layer": 3, "name": "Barley"}, {"layer": 3, "name": "Rice"}, {"layer": 3, "name": "Tomatoes"}, {"layer": 3, "name": "Sunflower seed"}, {"layer": 3, "name": "Wheat"}, {"layer": 3, "name": "Vegetables, Other"}, {"layer": 3, "name": "Peas"}, {"layer": 3, "name": "Soyabeans"}, {"layer": 3, "name": "Grapes"}, {"layer": 3, "name": "Groundnuts"}, {"layer": 3, "name": "Oilcrops, Other"}, {"layer": 3, "name": "Oats"}, {"layer": 3, "name": "Pulses, Other"}, {"layer": 3, "name": "Cereals, Other"}, {"layer": 3, "name": "Cottonseed"}, {"layer": 3, "name": "Potatoes"}, {"layer": 3, "name": "Pimento"}, {"layer": 3, "name": "Grapefruit"}, {"layer": 3, "name": "Sugar cane"}, {"layer": 3, "name": "Pineapples"}, {"layer": 3, "name": "Beans"}, {"layer": 3, "name": "Apples"}, {"layer": 3, "name": "Lemons, Limes"}, {"layer": 3, "name": "Sorghum"}, {"layer": 3, "name": "Bananas"}, {"layer": 3, "name": "Citrus, Other"}, {"layer": 3, "name": "Tea"}, {"layer": 3, "name": "Millet"}, {"layer": 3, "name": "Sweet potatoes"}, {"layer": 3, "name": "Oranges, Mandarines"}, {"layer": 3, "name": "Onions"}, {"layer": 1, "name": "Electricity", "fill": "#bcbd22"}, {"layer": 0, "name": "Fossil Fuels", "fill": "#c49c94"}, {"layer": 0, "name": "Renewables & Nuclear", "fill": "#2ca02c"}, {"layer": 1, "name": "Fertilizers", "fill": "#c5b0d5"}, {"layer": 0, "name": "Labor", "fill": "#7f7f7f"}], "links": [{"source": 0, "prod": 8781.0, "target": 1, "value": 31.933628653289723, "supply": [{"l": "Maize", "v": 31.933628653289723}]}, {"source": 2, "prod": 7.0, "target": 1, "value": 0.016508398116583337, "supply": [{"l": "Rye", "v": 0.016508398116583337}]}, {"source": 3, "prod": 466.0, "target": 1, "value": 0.26987418320386086, "supply": [{"l": "Fruits, Other", "v": 0.26987418320386086}]}, {"source": 4, "prod": 110.0, "target": 1, "value": 0.33184394183588833, "supply": [{"l": "Barley", "v": 0.33184394183588833}]}, {"source": 5, "prod": 2.0, "target": 1, "value": 0.0082867728509447517, "supply": [{"l": "Rice", "v": 0.0082867728509447517}]}, {"source": 6, "prod": 397.0, "target": 1, "value": 0.10178517078611261, "supply": [{"l": "Tomatoes", "v": 0.10178517078611261}]}, {"source": 7, "prod": 261.0, "target": 1, "value": 1.2310548309795002, "supply": [{"l": "Sunflower seed", "v": 1.2310548309795002}]}, {"source": 8, "prod": 2444.0, "target": 1, "value": 8.4860832790866407, "supply": [{"l": "Wheat", "v": 8.4860832790866407}]}, {"source": 9, "prod": 1321.0, "target": 1, "value": 0.42713459240056423, "supply": [{"l": "Vegetables, Other", "v": 0.42713459240056423}]}, {"source": 10, "prod": 6.0, "target": 1, "value": 0.031837624939125002, "supply": [{"l": "Peas", "v": 0.031837624939125002}]}, {"source": 11, "prod": 21.0, "target": 1, "value": 0.099050388699500017, "supply": [{"l": "Soyabeans", "v": 0.099050388699500017}]}, {"source": 12, "prod": 1176.0, "target": 1, "value": 0.90766174371905461, "supply": [{"l": "Grapes", "v": 0.90766174371905461}]}, {"source": 13, "prod": 88.0, "target": 1, "value": 0.53365923707485718, "supply": [{"l": "Groundnuts", "v": 0.53365923707485718}]}, {"source": 14, "prod": 17.0, "target": 1, "value": 0.080183647994833351, "supply": [{"l": "Oilcrops, Other", "v": 0.080183647994833351}]}, {"source": 15, "prod": 92.0, "target": 1, "value": 0.35503775689690914, "supply": [{"l": "Oats", "v": 0.35503775689690914}]}, {"source": 16, "prod": 19.0, "target": 1, "value": 0.069133128439242866, "supply": [{"l": "Pulses, Other", "v": 0.069133128439242866}]}, {"source": 17, "prod": 9.0, "target": 1, "value": 0.031463064645723536, "supply": [{"l": "Cereals, Other", "v": 0.031463064645723536}]}, {"source": 18, "prod": 57.0, "target": 1, "value": 0.26885105504150003, "supply": [{"l": "Cottonseed", "v": 0.26885105504150003}]}, {"source": 19, "prod": 996.0, "target": 1, "value": 0.82937278722889252, "supply": [{"l": "Potatoes", "v": 0.82937278722889252}]}, {"source": 20, "prod": 7.0, "target": 1, "value": 0.025839231834652178, "supply": [{"l": "Pimento", "v": 0.025839231834652178}]}, {"source": 21, "prod": 60.0, "target": 1, "value": 0.069733333199999997, "supply": [{"l": "Grapefruit", "v": 0.069733333199999997}]}, {"source": 22, "prod": 19339.0, "target": 1, "value": 5.622902545184826, "supply": [{"l": "Sugar cane", "v": 5.622902545184826}]}, {"source": 23, "prod": 249.0, "target": 1, "value": 0.097196243492317244, "supply": [{"l": "Pineapples", "v": 0.097196243492317244}]}, {"source": 24, "prod": 84.0, "target": 1, "value": 0.32416490847109097, "supply": [{"l": "Beans", "v": 0.32416490847109097}]}, {"source": 25, "prod": 461.0, "target": 1, "value": 0.33088571877151812, "supply": [{"l": "Apples", "v": 0.33088571877151812}]}, {"source": 26, "prod": 50.0, "target": 1, "value": 0.018456594167608694, "supply": [{"l": "Lemons, Limes", "v": 0.018456594167608694}]}, {"source": 27, "prod": 302.0, "target": 1, "value": 1.0727991890226778, "supply": [{"l": "Sorghum", "v": 1.0727991890226778}]}, {"source": 28, "prod": 136.0, "target": 1, "value": 0.10128460799347369, "supply": [{"l": "Bananas", "v": 0.10128460799347369}]}, {"source": 29, "prod": 5.0, "target": 1, "value": 0.003588782199257247, "supply": [{"l": "Citrus, Other", "v": 0.003588782199257247}]}, {"source": 30, "prod": 7.0, "target": 1, "value": 0.0050364604423474577, "supply": [{"l": "Tea", "v": 0.0050364604423474577}]}, {"source": 31, "prod": 15.0, "target": 1, "value": 0.045482321341607151, "supply": [{"l": "Millet", "v": 0.045482321341607151}]}, {"source": 32, "prod": 44.0, "target": 1, "value": 0.044471603089571425, "supply": [{"l": "Sweet potatoes", "v": 0.044471603089571425}]}, {"source": 33, "prod": 557.0, "target": 1, "value": 0.14573030994220956, "supply": [{"l": "Oranges, Mandarines", "v": 0.14573030994220956}]}, {"source": 34, "prod": 151.0, "target": 1, "value": 0.07418952725012154, "supply": [{"l": "Onions", "v": 0.07418952725012154}]}, {"source": 35, "prod": 0, "target": 0, "value": 0.027018503887952999, "supply": "[{\"l\":'Energy for power irrigation',\"v\":0.027018503887952999}]"}, {"source": 35, "prod": 0, "target": 2, "value": 1.754360674009235e-05, "supply": "[{\"l\":'Energy for power irrigation',\"v\":1.754360674009235e-05}]"}, {"source": 35, "prod": 0, "target": 3, "value": 0.0012887803412913997, "supply": "[{\"l\":'Energy for power irrigation',\"v\":0.0012887803412913997}]"}, {"source": 35, "prod": 0, "target": 29, "value": 1.2145573896987012e-05, "supply": "[{\"l\":'Energy for power irrigation',\"v\":1.2145573896987012e-05}]"}, {"source": 35, "prod": 0, "target": 21, "value": 0.00018218360845480516, "supply": "[{\"l\":'Energy for power irrigation',\"v\":0.00018218360845480516}]"}, {"source": 35, "prod": 0, "target": 4, "value": 0.0004142990207083347, "supply": "[{\"l\":'Energy for power irrigation',\"v\":0.0004142990207083347}]"}, {"source": 35, "prod": 0, "target": 5, "value": 0.00022806688762120057, "supply": "[{\"l\":'Energy for power irrigation',\"v\":0.00022806688762120057}]"}, {"source": 35, "prod": 0, "target": 6, "value": 0.0010755580439887388, "supply": "[{\"l\":'Energy for power irrigation',\"v\":0.0010755580439887388}]"}, {"source": 35, "prod": 0, "target": 7, "value": 0.00079755935256881376, "supply": "[{\"l\":'Energy for power irrigation',\"v\":0.00079755935256881376}]"}, {"source": 35, "prod": 0, "target": 17, "value": 2.4291147793974025e-05, "supply": "[{\"l\":'Energy for power irrigation',\"v\":2.4291147793974025e-05}]"}, {"source": 35, "prod": 0, "target": 8, "value": 0.0067866767919941874, "supply": "[{\"l\":'Energy for power irrigation',\"v\":0.0067866767919941874}]"}, {"source": 35, "prod": 0, "target": 9, "value": 0.0035788957749788397, "supply": "[{\"l\":'Energy for power irrigation',\"v\":0.0035788957749788397}]"}, {"source": 35, "prod": 0, "target": 10, "value": 1.4844590318539682e-05, "supply": "[{\"l\":'Energy for power irrigation',\"v\":1.4844590318539682e-05}]"}, {"source": 35, "prod": 0, "target": 18, "value": 0.00015519344423927848, "supply": "[{\"l\":'Energy for power irrigation',\"v\":0.00015519344423927848}]"}, {"source": 35, "prod": 0, "target": 12, "value": 0.003174043311745939, "supply": "[{\"l\":'Energy for power irrigation',\"v\":0.003174043311745939}]"}, {"source": 35, "prod": 0, "target": 20, "value": 1.8893114950868685e-05, "supply": "[{\"l\":'Energy for power irrigation',\"v\":1.8893114950868685e-05}]"}, {"source": 35, "prod": 0, "target": 14, "value": 5.6679344852606056e-05, "supply": "[{\"l\":'Energy for power irrigation',\"v\":5.6679344852606056e-05}]"}, {"source": 35, "prod": 0, "target": 15, "value": 0.00024830951078284554, "supply": "[{\"l\":'Energy for power irrigation',\"v\":0.00024830951078284554}]"}, {"source": 35, "prod": 0, "target": 11, "value": 6.7475410538816728e-05, "supply": "[{\"l\":'Energy for power irrigation',\"v\":6.7475410538816728e-05}]"}, {"source": 35, "prod": 0, "target": 19, "value": 0.002697666913341893, "supply": "[{\"l\":'Energy for power irrigation',\"v\":0.002697666913341893}]"}, {"source": 35, "prod": 0, "target": 13, "value": 0.00026720262573371427, "supply": "[{\"l\":'Energy for power irrigation',\"v\":0.00026720262573371427}]"}, {"source": 35, "prod": 0, "target": 24, "value": 0.00024156196972896388, "supply": "[{\"l\":'Energy for power irrigation',\"v\":0.00024156196972896388}]"}, {"source": 35, "prod": 0, "target": 16, "value": 5.1281312009500714e-05, "supply": "[{\"l\":'Energy for power irrigation',\"v\":5.1281312009500714e-05}]"}, {"source": 35, "prod": 0, "target": 26, "value": 0.00013360131286685713, "supply": "[{\"l\":'Energy for power irrigation',\"v\":0.00013360131286685713}]"}, {"source": 35, "prod": 0, "target": 27, "value": 0.00085693771384297247, "supply": "[{\"l\":'Energy for power irrigation',\"v\":0.00085693771384297247}]"}, {"source": 35, "prod": 0, "target": 22, "value": 0.052197628084617843, "supply": "[{\"l\":'Energy for power irrigation',\"v\":0.052197628084617843}]"}, {"source": 35, "prod": 0, "target": 23, "value": 0.00068689967928515442, "supply": "[{\"l\":'Energy for power irrigation',\"v\":0.00068689967928515442}]"}, {"source": 35, "prod": 0, "target": 28, "value": 0.00036706623333116302, "supply": "[{\"l\":'Energy for power irrigation',\"v\":0.00036706623333116302}]"}, {"source": 35, "prod": 0, "target": 30, "value": 3.6436721690961035e-05, "supply": "[{\"l\":'Energy for power irrigation',\"v\":3.6436721690961035e-05}]"}, {"source": 35, "prod": 0, "target": 31, "value": 3.9135738112513707e-05, "supply": "[{\"l\":'Energy for power irrigation',\"v\":3.9135738112513707e-05}]"}, {"source": 35, "prod": 0, "target": 32, "value": 0.00011875672254831746, "supply": "[{\"l\":'Energy for power irrigation',\"v\":0.00011875672254831746}]"}, {"source": 35, "prod": 0, "target": 33, "value": 0.0015060511632263894, "supply": "[{\"l\":'Energy for power irrigation',\"v\":0.0015060511632263894}]"}, {"source": 35, "prod": 0, "target": 34, "value": 0.00040755147965445307, "supply": "[{\"l\":'Energy for power irrigation',\"v\":0.00040755147965445307}]"}, {"source": 35, "prod": 0, "target": 25, "value": 0.0012550426360219912, "supply": "[{\"l\":'Energy for power irrigation',\"v\":0.0012550426360219912}]"}, {"source": 36, "prod": 0, "target": 35, "value": 0.26970180924263631, "supply": [{"l": "Coal", "v": 0.26965254692436391}, {"l": "Natural gas", "v": 0.0}, {"l": "Oil", "v": 4.9262318272393565e-05}]}, {"source": 37, "prod": 0, "target": 35, "value": 0.0009056759923145581, "supply": [{"l": "Nuclear", "v": 0.0}, {"l": "Hydroelectric", "v": 0.0009056759923145581}, {"l": "Renewable", "v": 0.0}]}, {"source": 36, "prod": 0, "target": 0, "value": 5.8380497593569647, "supply": [{"l": "Motor Gasoline", "v": 0.18803724165840768}, {"l": "Gas-Diesel oil", "v": 2.506597271046163}, {"l": "Fuel oil", "v": 0.0085741586489838269}, {"l": "Liquefied petroleum gas (LPG)", "v": 0.012269347483680651}, {"l": "Coal", "v": 0.18373601355726729}, {"l": "Other fossil fuels", "v": 2.9388357269624623}]}, {"source": 36, "prod": 0, "target": 2, "value": 0.0037907520539254055, "supply": [{"l": "Motor Gasoline", "v": 0.00012209600627138004}, {"l": "Gas-Diesel oil", "v": 0.0016275792679486597}, {"l": "Fuel oil", "v": 5.567357396573085e-06}, {"l": "Liquefied petroleum gas (LPG)", "v": 7.966710818033487e-06}, {"l": "Coal", "v": 0.00011930314051468332}, {"l": "Other fossil fuels", "v": 0.0019082395709760756}]}, {"source": 36, "prod": 0, "target": 3, "value": 0.2784744778075971, "supply": [{"l": "Motor Gasoline", "v": 0.0089693604607052266}, {"l": "Gas-Diesel oil", "v": 0.11956447699161307}, {"l": "Fuel oil", "v": 0.00040898663951748434}, {"l": "Liquefied petroleum gas (LPG)", "v": 0.00058524683317092156}, {"l": "Coal", "v": 0.0087641922455017358}, {"l": "Other fossil fuels", "v": 0.14018221463708863}]}, {"source": 36, "prod": 0, "target": 29, "value": 0.0026243668065637419, "supply": [{"l": "Motor Gasoline", "v": 8.452800434172464e-05}, {"l": "Gas-Diesel oil", "v": 0.0011267856470413798}, {"l": "Fuel oil", "v": 3.854324351473674e-06}, {"l": "Liquefied petroleum gas (LPG)", "v": 5.5154151817154909e-06}, {"l": "Coal", "v": 8.2594481894780769e-05}, {"l": "Other fossil fuels", "v": 0.0013210889337526676}]}, {"source": 36, "prod": 0, "target": 21, "value": 0.039365502098456129, "supply": [{"l": "Motor Gasoline", "v": 0.0012679200651258696}, {"l": "Gas-Diesel oil", "v": 0.016901784705620697}, {"l": "Fuel oil", "v": 5.7814865272105111e-05}, {"l": "Liquefied petroleum gas (LPG)", "v": 8.273122772573236e-05}, {"l": "Coal", "v": 0.0012389172284217114}, {"l": "Other fossil fuels", "v": 0.019816334006290015}]}, {"source": 36, "prod": 0, "target": 4, "value": 0.089520067735007647, "supply": [{"l": "Motor Gasoline", "v": 0.0028833441481010517}, {"l": "Gas-Diesel oil", "v": 0.038435910404633733}, {"l": "Fuel oil", "v": 0.00013147528621137978}, {"l": "Liquefied petroleum gas (LPG)", "v": 0.00018813694008740618}, {"l": "Coal", "v": 0.0028173895490775213}, {"l": "Other fossil fuels", "v": 0.045063811406896553}]}, {"source": 36, "prod": 0, "target": 5, "value": 0.049279776701030273, "supply": [{"l": "Motor Gasoline", "v": 0.0015872480815279405}, {"l": "Gas-Diesel oil", "v": 0.021158530483332577}, {"l": "Fuel oil", "v": 7.2375646155450107e-05}, {"l": "Liquefied petroleum gas (LPG)", "v": 0.00010356724063443533}, {"l": "Coal", "v": 0.0015509408266908833}, {"l": "Other fossil fuels", "v": 0.024807114422688983}]}, {"source": 36, "prod": 0, "target": 6, "value": 0.23240226053681137, "supply": [{"l": "Motor Gasoline", "v": 0.0074854243844838381}, {"l": "Gas-Diesel oil", "v": 0.099783128965775528}, {"l": "Fuel oil", "v": 0.00034132183423605757}, {"l": "Liquefied petroleum gas (LPG)", "v": 0.0004884206555363607}, {"l": "Coal", "v": 0.0073142002300155854}, {"l": "Other fossil fuels", "v": 0.11698976446676401}]}, {"source": 36, "prod": 0, "target": 7, "value": 0.17233342029768572, "supply": [{"l": "Motor Gasoline", "v": 0.0055506722851065846}, {"l": "Gas-Diesel oil", "v": 0.073992257489050597}, {"l": "Fuel oil", "v": 0.00025310063241343794}, {"l": "Liquefied petroleum gas (LPG)", "v": 0.00036217893026598387}, {"l": "Coal", "v": 0.0054237043110906026}, {"l": "Other fossil fuels", "v": 0.086751506649758503}]}, {"source": 36, "prod": 0, "target": 17, "value": 0.0052487336131274839, "supply": [{"l": "Motor Gasoline", "v": 0.00016905600868344928}, {"l": "Gas-Diesel oil", "v": 0.0022535712940827597}, {"l": "Fuel oil", "v": 7.7086487029473479e-06}, {"l": "Liquefied petroleum gas (LPG)", "v": 1.1030830363430982e-05}, {"l": "Coal", "v": 0.00016518896378956154}, {"l": "Other fossil fuels", "v": 0.0026421778675053353}]}, {"source": 36, "prod": 0, "target": 8, "value": 1.4664378522454511, "supply": [{"l": "Motor Gasoline", "v": 0.047232370426059253}, {"l": "Gas-Diesel oil", "v": 0.62962277988567772}, {"l": "Fuel oil", "v": 0.0021537107959512343}, {"l": "Liquefied petroleum gas (LPG)", "v": 0.0030818914387608009}, {"l": "Coal", "v": 0.0461519610498725}, {"l": "Other fossil fuels", "v": 0.73819513864912956}]}, {"source": 36, "prod": 0, "target": 9, "value": 0.77331341900078265, "supply": [{"l": "Motor Gasoline", "v": 0.02490758527936153}, {"l": "Gas-Diesel oil", "v": 0.33202617066152657}, {"l": "Fuel oil", "v": 0.0011357409089009095}, {"l": "Liquefied petroleum gas (LPG)", "v": 0.0016252090068788313}, {"l": "Coal", "v": 0.024337840664995398}, {"l": "Other fossil fuels", "v": 0.38928087247911941}]}, {"source": 36, "prod": 0, "target": 10, "value": 0.0032075594302445739, "supply": [{"l": "Motor Gasoline", "v": 0.00010331200530655235}, {"l": "Gas-Diesel oil", "v": 0.00137718245749502}, {"l": "Fuel oil", "v": 4.7108408740233803e-06}, {"l": "Liquefied petroleum gas (LPG)", "v": 6.7410629998744894e-06}, {"l": "Coal", "v": 0.00010094881120473205}, {"l": "Other fossil fuels", "v": 0.0016146642523643718}]}, {"source": 36, "prod": 0, "target": 18, "value": 0.033533575861647812, "supply": [{"l": "Motor Gasoline", "v": 0.0010800800554775925}, {"l": "Gas-Diesel oil", "v": 0.014397816601084298}, {"l": "Fuel oil", "v": 4.924970004660806e-05}, {"l": "Liquefied petroleum gas (LPG)", "v": 7.0474749544142387e-05}, {"l": "Coal", "v": 0.0010553739353221987}, {"l": "Other fossil fuels", "v": 0.016880580820172974}]}, {"source": 36, "prod": 0, "target": 12, "value": 0.68583452544865797, "supply": [{"l": "Motor Gasoline", "v": 0.022089985134637374}, {"l": "Gas-Diesel oil", "v": 0.29446664909348058}, {"l": "Fuel oil", "v": 0.0010072634305184536}, {"l": "Liquefied petroleum gas (LPG)", "v": 0.0014413618341549818}, {"l": "Coal", "v": 0.021584691268502706}, {"l": "Other fossil fuels", "v": 0.34524457468736386}]}, {"source": 36, "prod": 0, "target": 20, "value": 0.0040823483657658208, "supply": [{"l": "Motor Gasoline", "v": 0.00013148800675379389}, {"l": "Gas-Diesel oil", "v": 0.0017527776731754796}, {"l": "Fuel oil", "v": 5.9956156578479378e-06}, {"l": "Liquefied petroleum gas (LPG)", "v": 8.5795347271129849e-06}, {"l": "Coal", "v": 0.00012848030516965896}, {"l": "Other fossil fuels", "v": 0.0020550272302819273}]}, {"source": 36, "prod": 0, "target": 14, "value": 0.012247045097297463, "supply": [{"l": "Motor Gasoline", "v": 0.00039446402026138168}, {"l": "Gas-Diesel oil", "v": 0.0052583330195264391}, {"l": "Fuel oil", "v": 1.7986846973543814e-05}, {"l": "Liquefied petroleum gas (LPG)", "v": 2.5738604181338958e-05}, {"l": "Coal", "v": 0.00038544091550897692}, {"l": "Other fossil fuels", "v": 0.0061650816908457827}]}, {"source": 36, "prod": 0, "target": 15, "value": 0.053653721378636499, "supply": [{"l": "Motor Gasoline", "v": 0.0017281280887641482}, {"l": "Gas-Diesel oil", "v": 0.023036506561734876}, {"l": "Fuel oil", "v": 7.8799520074572887e-05}, {"l": "Liquefied petroleum gas (LPG)", "v": 0.0001127595992706278}, {"l": "Coal", "v": 0.0016885982965155176}, {"l": "Other fossil fuels", "v": 0.027008929312276761}]}, {"source": 36, "prod": 0, "target": 11, "value": 0.014579815592020789, "supply": [{"l": "Motor Gasoline", "v": 0.00046960002412069245}, {"l": "Gas-Diesel oil", "v": 0.0062599202613409987}, {"l": "Fuel oil", "v": 2.1412913063742636e-05}, {"l": "Liquefied petroleum gas (LPG)", "v": 3.0641195453974952e-05}, {"l": "Coal", "v": 0.00045885823274878203}, {"l": "Other fossil fuels", "v": 0.0073393829652925987}]}, {"source": 36, "prod": 0, "target": 19, "value": 0.58290102736899119, "supply": [{"l": "Motor Gasoline", "v": 0.018774608964345286}, {"l": "Gas-Diesel oil", "v": 0.25027161204841314}, {"l": "Fuel oil", "v": 0.00085608826428843062}, {"l": "Liquefied petroleum gas (LPG)", "v": 0.0012250349942499186}, {"l": "Coal", "v": 0.018345152145296306}, {"l": "Other fossil fuels", "v": 0.29342853095239807}]}, {"source": 36, "prod": 0, "target": 13, "value": 0.057736069744402325, "supply": [{"l": "Motor Gasoline", "v": 0.0018596160955179422}, {"l": "Gas-Diesel oil", "v": 0.024789284234910357}, {"l": "Fuel oil", "v": 8.4795135732420831e-05}, {"l": "Liquefied petroleum gas (LPG)", "v": 0.0001213391339977408}, {"l": "Coal", "v": 0.0018170786016851767}, {"l": "Other fossil fuels", "v": 0.029063956542558687}]}, {"source": 36, "prod": 0, "target": 24, "value": 0.052195739819434421, "supply": [{"l": "Motor Gasoline", "v": 0.0016811680863520787}, {"l": "Gas-Diesel oil", "v": 0.022410514535600775}, {"l": "Fuel oil", "v": 7.6658228768198622e-05}, {"l": "Liquefied petroleum gas (LPG)", "v": 0.00010969547972523031}, {"l": "Coal", "v": 0.0016427124732406393}, {"l": "Other fossil fuels", "v": 0.026274991015747498}]}, {"source": 36, "prod": 0, "target": 16, "value": 0.0110806598499358, "supply": [{"l": "Motor Gasoline", "v": 0.00035689601833172627}, {"l": "Gas-Diesel oil", "v": 0.0047575393986191592}, {"l": "Fuel oil", "v": 1.6273813928444403e-05}, {"l": "Liquefied petroleum gas (LPG)", "v": 2.328730854502096e-05}, {"l": "Coal", "v": 0.00034873225688907428}, {"l": "Other fossil fuels", "v": 0.0055779310536223743}]}, {"source": 36, "prod": 0, "target": 26, "value": 0.028868034872201163, "supply": [{"l": "Motor Gasoline", "v": 0.00092980804775897111}, {"l": "Gas-Diesel oil", "v": 0.012394642117455178}, {"l": "Fuel oil", "v": 4.2397567866210415e-05}, {"l": "Liquefied petroleum gas (LPG)", "v": 6.0669566998870399e-05}, {"l": "Coal", "v": 0.00090853930084258835}, {"l": "Other fossil fuels", "v": 0.014531978271279344}]}, {"source": 36, "prod": 0, "target": 27, "value": 0.18516365801866402, "supply": [{"l": "Motor Gasoline", "v": 0.0059639203063327944}, {"l": "Gas-Diesel oil", "v": 0.079500987319030686}, {"l": "Fuel oil", "v": 0.00027194399590953146}, {"l": "Liquefied petroleum gas (LPG)", "v": 0.00038914318226548184}, {"l": "Coal", "v": 0.0058274995559095318}, {"l": "Other fossil fuels", "v": 0.093210163659216}]}, {"source": 36, "prod": 0, "target": 22, "value": 11.278653745675442, "supply": [{"l": "Motor Gasoline", "v": 0.36327318665928526}, {"l": "Gas-Diesel oil", "v": 4.8425491157681702}, {"l": "Fuel oil", "v": 0.016564601287850027}, {"l": "Liquefied petroleum gas (LPG)", "v": 0.023703415979285939}, {"l": "Coal", "v": 0.35496355168980276}, {"l": "Other fossil fuels", "v": 5.6775998742910483}]}, {"source": 36, "prod": 0, "target": 23, "value": 0.14842252272677164, "supply": [{"l": "Motor Gasoline", "v": 0.0047805282455486492}, {"l": "Gas-Diesel oil", "v": 0.063725988260451366}, {"l": "Fuel oil", "v": 0.00021798345498890003}, {"l": "Liquefied petroleum gas (LPG)", "v": 0.00031192736972146502}, {"l": "Coal", "v": 0.0046711768093826008}, {"l": "Other fossil fuels", "v": 0.074714918586678655}]}, {"source": 36, "prod": 0, "target": 28, "value": 0.079314196820593097, "supply": [{"l": "Motor Gasoline", "v": 0.0025546241312165668}, {"l": "Gas-Diesel oil", "v": 0.034053966221695035}, {"l": "Fuel oil", "v": 0.00011648624706675994}, {"l": "Liquefied petroleum gas (LPG)", "v": 0.00016668810326962372}, {"l": "Coal", "v": 0.002496188786153374}, {"l": "Other fossil fuels", "v": 0.039926243331191734}]}, {"source": 36, "prod": 0, "target": 30, "value": 0.0078731004196912271, "supply": [{"l": "Motor Gasoline", "v": 0.00025358401302517393}, {"l": "Gas-Diesel oil", "v": 0.0033803569411241397}, {"l": "Fuel oil", "v": 1.1562973054421024e-05}, {"l": "Liquefied petroleum gas (LPG)", "v": 1.6546245545146475e-05}, {"l": "Coal", "v": 0.00024778344568434231}, {"l": "Other fossil fuels", "v": 0.0039632668012580035}]}, {"source": 36, "prod": 0, "target": 31, "value": 0.0084562930433720578, "supply": [{"l": "Motor Gasoline", "v": 0.00027236801399000164}, {"l": "Gas-Diesel oil", "v": 0.0036307537515777792}, {"l": "Fuel oil", "v": 1.2419489576970727e-05}, {"l": "Liquefied petroleum gas (LPG)", "v": 1.7771893363305471e-05}, {"l": "Coal", "v": 0.00026613777499429357}, {"l": "Other fossil fuels", "v": 0.0042568421198697064}]}, {"source": 36, "prod": 0, "target": 32, "value": 0.025660475441956591, "supply": [{"l": "Motor Gasoline", "v": 0.00082649604245241877}, {"l": "Gas-Diesel oil", "v": 0.01101745965996016}, {"l": "Fuel oil", "v": 3.7686726992187043e-05}, {"l": "Liquefied petroleum gas (LPG)", "v": 5.3928503998995915e-05}, {"l": "Coal", "v": 0.00080759048963785637}, {"l": "Other fossil fuels", "v": 0.012917314018914975}]}, {"source": 36, "prod": 0, "target": 33, "value": 0.32542148401390403, "supply": [{"l": "Motor Gasoline", "v": 0.010481472538373856}, {"l": "Gas-Diesel oil", "v": 0.13972142023313108}, {"l": "Fuel oil", "v": 0.00047793621958273561}, {"l": "Liquefied petroleum gas (LPG)", "v": 0.00068391148253272086}, {"l": "Coal", "v": 0.010241715754952814}, {"l": "Other fossil fuels", "v": 0.1638150277853308}]}, {"source": 36, "prod": 0, "target": 34, "value": 0.088062086175805562, "supply": [{"l": "Motor Gasoline", "v": 0.0028363841456889821}, {"l": "Gas-Diesel oil", "v": 0.037809918378499632}, {"l": "Fuel oil", "v": 0.0001293339949050055}, {"l": "Liquefied petroleum gas (LPG)", "v": 0.00018507282054200868}, {"l": "Coal", "v": 0.0027715037258026431}, {"l": "Other fossil fuels", "v": 0.044329873110367291}]}, {"source": 36, "prod": 0, "target": 25, "value": 0.27118457001158669, "supply": [{"l": "Motor Gasoline", "v": 0.0087345604486448788}, {"l": "Gas-Diesel oil", "v": 0.11643451686094257}, {"l": "Fuel oil", "v": 0.00039828018298561298}, {"l": "Liquefied petroleum gas (LPG)", "v": 0.0005699262354439341}, {"l": "Coal", "v": 0.008534763129127345}, {"l": "Other fossil fuels", "v": 0.13651252315444232}]}, {"source": 38, "prod": 288.57561853637441, "target": 0, "value": 2.8638707892085837, "supply": [{"l": "Potash", "v": 0.39304416698110201}, {"l": "Phosphate", "v": 2.1205791683631299}, {"l": "Nitrogen", "v": 8.7314430625407073}]}, {"source": 38, "prod": 0.18737740577258213, "target": 2, "value": 0.0018595634713406716, "supply": [{"l": "Potash", "v": 0.39304416698110201}, {"l": "Phosphate", "v": 2.1205791683631299}, {"l": "Nitrogen", "v": 8.7314430625407073}]}, {"source": 38, "prod": 13.765032500985841, "target": 3, "value": 0.13660639347156472, "supply": [{"l": "Potash", "v": 0.39304416698110201}, {"l": "Phosphate", "v": 2.1205791683631299}, {"l": "Nitrogen", "v": 8.7314430625407073}]}, {"source": 38, "prod": 0.1297228193810184, "target": 29, "value": 0.0012873900955435418, "supply": [{"l": "Potash", "v": 0.39304416698110201}, {"l": "Phosphate", "v": 2.1205791683631299}, {"l": "Nitrogen", "v": 8.7314430625407073}]}, {"source": 38, "prod": 1.9458422907152759, "target": 21, "value": 0.019310851433153125, "supply": [{"l": "Potash", "v": 0.39304416698110201}, {"l": "Phosphate", "v": 2.1205791683631299}, {"l": "Nitrogen", "v": 8.7314430625407073}]}, {"source": 38, "prod": 4.4249895055525164, "target": 4, "value": 0.043914306592429703, "supply": [{"l": "Potash", "v": 0.39304416698110201}, {"l": "Phosphate", "v": 2.1205791683631299}, {"l": "Nitrogen", "v": 8.7314430625407073}]}, {"source": 38, "prod": 2.4359062750435676, "target": 5, "value": 0.024174325127428731, "supply": [{"l": "Potash", "v": 0.39304416698110201}, {"l": "Phosphate", "v": 2.1205791683631299}, {"l": "Nitrogen", "v": 8.7314430625407073}]}, {"source": 38, "prod": 11.487676338519075, "target": 6, "value": 0.11400554512757809, "supply": [{"l": "Potash", "v": 0.39304416698110201}, {"l": "Phosphate", "v": 2.1205791683631299}, {"l": "Nitrogen", "v": 8.7314430625407073}]}, {"source": 38, "prod": 8.5184651393535411, "target": 7, "value": 0.08453861627402591, "supply": [{"l": "Potash", "v": 0.39304416698110201}, {"l": "Phosphate", "v": 2.1205791683631299}, {"l": "Nitrogen", "v": 8.7314430625407073}]}, {"source": 38, "prod": 0.2594456387620368, "target": 17, "value": 0.0025747801910870837, "supply": [{"l": "Potash", "v": 0.39304416698110201}, {"l": "Phosphate", "v": 2.1205791683631299}, {"l": "Nitrogen", "v": 8.7314430625407073}]}, {"source": 38, "prod": 72.486228740793507, "target": 8, "value": 0.71936497672094135, "supply": [{"l": "Potash", "v": 0.39304416698110201}, {"l": "Phosphate", "v": 2.1205791683631299}, {"l": "Nitrogen", "v": 8.7314430625407073}]}, {"source": 38, "prod": 38.224990777606756, "target": 9, "value": 0.37935094815349701, "supply": [{"l": "Potash", "v": 0.39304416698110201}, {"l": "Phosphate", "v": 2.1205791683631299}, {"l": "Nitrogen", "v": 8.7314430625407073}]}, {"source": 38, "prod": 0.15855011257680027, "target": 10, "value": 0.0015734767834421068, "supply": [{"l": "Potash", "v": 0.39304416698110201}, {"l": "Phosphate", "v": 2.1205791683631299}, {"l": "Nitrogen", "v": 8.7314430625407073}]}, {"source": 38, "prod": 1.6575693587574571, "target": 18, "value": 0.016449984554167477, "supply": [{"l": "Potash", "v": 0.39304416698110201}, {"l": "Phosphate", "v": 2.1205791683631299}, {"l": "Nitrogen", "v": 8.7314430625407073}]}, {"source": 38, "prod": 33.900896798239479, "target": 12, "value": 0.33643794496871227, "supply": [{"l": "Potash", "v": 0.39304416698110201}, {"l": "Phosphate", "v": 2.1205791683631299}, {"l": "Nitrogen", "v": 8.7314430625407073}]}, {"source": 38, "prod": 0.20179105237047304, "target": 20, "value": 0.0020026068152899537, "supply": [{"l": "Potash", "v": 0.39304416698110201}, {"l": "Phosphate", "v": 2.1205791683631299}, {"l": "Nitrogen", "v": 8.7314430625407073}]}, {"source": 38, "prod": 0.60537315711141926, "target": 14, "value": 0.0060078204458698615, "supply": [{"l": "Potash", "v": 0.39304416698110201}, {"l": "Phosphate", "v": 2.1205791683631299}, {"l": "Nitrogen", "v": 8.7314430625407073}]}, {"source": 38, "prod": 2.6521109740119315, "target": 15, "value": 0.026319975286667963, "supply": [{"l": "Potash", "v": 0.39304416698110201}, {"l": "Phosphate", "v": 2.1205791683631299}, {"l": "Nitrogen", "v": 8.7314430625407073}]}, {"source": 38, "prod": 0.72068232989454661, "target": 11, "value": 0.0071521671974641206, "supply": [{"l": "Potash", "v": 0.39304416698110201}, {"l": "Phosphate", "v": 2.1205791683631299}, {"l": "Nitrogen", "v": 8.7314430625407073}]}, {"source": 38, "prod": 28.812879549183975, "target": 19, "value": 0.28594364455461557, "supply": [{"l": "Potash", "v": 0.39304416698110201}, {"l": "Phosphate", "v": 2.1205791683631299}, {"l": "Nitrogen", "v": 8.7314430625407073}]}, {"source": 38, "prod": 2.8539020263824049, "target": 13, "value": 0.02832258210195792, "supply": [{"l": "Potash", "v": 0.39304416698110201}, {"l": "Phosphate", "v": 2.1205791683631299}, {"l": "Nitrogen", "v": 8.7314430625407073}]}, {"source": 38, "prod": 2.5800427410224769, "target": 24, "value": 0.02560475856692155, "supply": [{"l": "Potash", "v": 0.39304416698110201}, {"l": "Phosphate", "v": 2.1205791683631299}, {"l": "Nitrogen", "v": 8.7314430625407073}]}, {"source": 38, "prod": 0.54771857071985541, "target": 16, "value": 0.0054356470700727315, "supply": [{"l": "Potash", "v": 0.39304416698110201}, {"l": "Phosphate", "v": 2.1205791683631299}, {"l": "Nitrogen", "v": 8.7314430625407073}]}, {"source": 38, "prod": 1.4269510131912024, "target": 26, "value": 0.01416129105097896, "supply": [{"l": "Potash", "v": 0.39304416698110201}, {"l": "Phosphate", "v": 2.1205791683631299}, {"l": "Nitrogen", "v": 8.7314430625407073}]}, {"source": 38, "prod": 9.1526655896607423, "target": 27, "value": 0.090832523407794338, "supply": [{"l": "Potash", "v": 0.39304416698110201}, {"l": "Phosphate", "v": 2.1205791683631299}, {"l": "Nitrogen", "v": 8.7314430625407073}]}, {"source": 38, "prod": 557.5054367598234, "target": 22, "value": 5.5327735006142946, "supply": [{"l": "Potash", "v": 0.39304416698110201}, {"l": "Phosphate", "v": 2.1205791683631299}, {"l": "Nitrogen", "v": 8.7314430625407073}]}, {"source": 38, "prod": 7.3365461183264857, "target": 23, "value": 0.072809062070184755, "supply": [{"l": "Potash", "v": 0.39304416698110201}, {"l": "Phosphate", "v": 2.1205791683631299}, {"l": "Nitrogen", "v": 8.7314430625407073}]}, {"source": 38, "prod": 3.9205118746263339, "target": 28, "value": 0.038907789554204819, "supply": [{"l": "Potash", "v": 0.39304416698110201}, {"l": "Phosphate", "v": 2.1205791683631299}, {"l": "Nitrogen", "v": 8.7314430625407073}]}, {"source": 38, "prod": 0.38916845814305523, "target": 30, "value": 0.0038621702866306258, "supply": [{"l": "Potash", "v": 0.39304416698110201}, {"l": "Phosphate", "v": 2.1205791683631299}, {"l": "Nitrogen", "v": 8.7314430625407073}]}, {"source": 38, "prod": 0.41799575133883704, "target": 31, "value": 0.0041482569745291903, "supply": [{"l": "Potash", "v": 0.39304416698110201}, {"l": "Phosphate", "v": 2.1205791683631299}, {"l": "Nitrogen", "v": 8.7314430625407073}]}, {"source": 38, "prod": 1.2684009006144021, "target": 32, "value": 0.012587814267536855, "supply": [{"l": "Potash", "v": 0.39304416698110201}, {"l": "Phosphate", "v": 2.1205791683631299}, {"l": "Nitrogen", "v": 8.7314430625407073}]}, {"source": 38, "prod": 16.085629603246282, "target": 33, "value": 0.15963637184739918, "supply": [{"l": "Potash", "v": 0.39304416698110201}, {"l": "Phosphate", "v": 2.1205791683631299}, {"l": "Nitrogen", "v": 8.7314430625407073}]}, {"source": 38, "prod": 4.3529212725630613, "target": 34, "value": 0.04319908987268329, "supply": [{"l": "Potash", "v": 0.39304416698110201}, {"l": "Phosphate", "v": 2.1205791683631299}, {"l": "Nitrogen", "v": 8.7314430625407073}]}, {"source": 38, "prod": 13.404691336038567, "target": 25, "value": 0.13303030987283265, "supply": [{"l": "Potash", "v": 0.39304416698110201}, {"l": "Phosphate", "v": 2.1205791683631299}, {"l": "Nitrogen", "v": 8.7314430625407073}]}, {"source": 36, "prod": 0, "target": 38, "value": 13.557417432405479, "supply": [{"l": "Natural gas (including LNG)", "v": 9.2294203473235967}, {"l": "Fuel oil", "v": 2.7845295355773336}, {"l": "Liquefied petroleum gas (LPG)", "v": 0.77173377475227389}, {"l": "Coal", "v": 0.77173377475227389}]}, {"source": 39, "prod": 0, "target": 0, "value": 0.32948150378657037, "supply": "[{\"l\":'Labor',\"v\":0.32948150378657037}]"}, {"source": 39, "prod": 0, "target": 2, "value": 0.00021393834220195869, "supply": "[{\"l\":'Labor',\"v\":0.00021393834220195869}]"}, {"source": 39, "prod": 0, "target": 3, "value": 0.015716239754066965, "supply": "[{\"l\":'Labor',\"v\":0.015716239754066965}]"}, {"source": 39, "prod": 0, "target": 29, "value": 0.00014811115998597139, "supply": "[{\"l\":'Labor',\"v\":0.00014811115998597139}]"}, {"source": 39, "prod": 0, "target": 21, "value": 0.0022216673997895709, "supply": "[{\"l\":'Labor',\"v\":0.0022216673997895709}]"}, {"source": 39, "prod": 0, "target": 4, "value": 0.0050522362350770237, "supply": "[{\"l\":'Labor',\"v\":0.0050522362350770237}]"}, {"source": 39, "prod": 0, "target": 5, "value": 0.0027811984486254631, "supply": "[{\"l\":'Labor',\"v\":0.0027811984486254631}]"}, {"source": 39, "prod": 0, "target": 6, "value": 0.013116066056535466, "supply": "[{\"l\":'Labor',\"v\":0.013116066056535466}]"}, {"source": 39, "prod": 0, "target": 7, "value": 0.0097259661724121201, "supply": "[{\"l\":'Labor',\"v\":0.0097259661724121201}]"}, {"source": 39, "prod": 0, "target": 17, "value": 0.00029622231997194278, "supply": "[{\"l\":'Labor',\"v\":0.00029622231997194278}]"}, {"source": 39, "prod": 0, "target": 8, "value": 0.082761224841050016, "supply": "[{\"l\":'Labor',\"v\":0.082761224841050016}]"}, {"source": 39, "prod": 0, "target": 9, "value": 0.04364342180919957, "supply": "[{\"l\":'Labor',\"v\":0.04364342180919957}]"}, {"source": 39, "prod": 0, "target": 10, "value": 0.00018102475109396505, "supply": "[{\"l\":'Labor',\"v\":0.00018102475109396505}]"}, {"source": 39, "prod": 0, "target": 18, "value": 0.0018925314887096344, "supply": "[{\"l\":'Labor',\"v\":0.0018925314887096344}]"}, {"source": 39, "prod": 0, "target": 12, "value": 0.038706383143000525, "supply": "[{\"l\":'Labor',\"v\":0.038706383143000525}]"}, {"source": 39, "prod": 0, "target": 20, "value": 0.00023039513775595548, "supply": "[{\"l\":'Labor',\"v\":0.00023039513775595548}]"}, {"source": 39, "prod": 0, "target": 14, "value": 0.00069118541326786652, "supply": "[{\"l\":'Labor',\"v\":0.00069118541326786652}]"}, {"source": 39, "prod": 0, "target": 15, "value": 0.0030280503819354147, "supply": "[{\"l\":'Labor',\"v\":0.0030280503819354147}]"}, {"source": 39, "prod": 0, "target": 11, "value": 0.00082283977769984106, "supply": "[{\"l\":'Labor',\"v\":0.00082283977769984106}]"}, {"source": 39, "prod": 0, "target": 19, "value": 0.032897134312439645, "supply": "[{\"l\":'Labor',\"v\":0.032897134312439645}]"}, {"source": 39, "prod": 0, "target": 13, "value": 0.0032584455196913707, "supply": "[{\"l\":'Labor',\"v\":0.0032584455196913707}]"}, {"source": 39, "prod": 0, "target": 24, "value": 0.0029457664041654306, "supply": "[{\"l\":'Labor',\"v\":0.0029457664041654306}]"}, {"source": 39, "prod": 0, "target": 16, "value": 0.00062535823105187914, "supply": "[{\"l\":'Labor',\"v\":0.00062535823105187914}]"}, {"source": 39, "prod": 0, "target": 26, "value": 0.0016292227598456853, "supply": "[{\"l\":'Labor',\"v\":0.0016292227598456853}]"}, {"source": 39, "prod": 0, "target": 27, "value": 0.010450065176787982, "supply": "[{\"l\":'Labor',\"v\":0.010450065176787982}]"}, {"source": 39, "prod": 0, "target": 22, "value": 0.63653239523304306, "supply": "[{\"l\":'Labor',\"v\":0.63653239523304306}]"}, {"source": 39, "prod": 0, "target": 23, "value": 0.008376508936984382, "supply": "[{\"l\":'Labor',\"v\":0.008376508936984382}]"}, {"source": 39, "prod": 0, "target": 28, "value": 0.0044762483906871349, "supply": "[{\"l\":'Labor',\"v\":0.0044762483906871349}]"}, {"source": 39, "prod": 0, "target": 30, "value": 0.00044433347995791422, "supply": "[{\"l\":'Labor',\"v\":0.00044433347995791422}]"}, {"source": 39, "prod": 0, "target": 31, "value": 0.0004772470710659078, "supply": "[{\"l\":'Labor',\"v\":0.0004772470710659078}]"}, {"source": 39, "prod": 0, "target": 32, "value": 0.0014481980087517204, "supply": "[{\"l\":'Labor',\"v\":0.0014481980087517204}]"}, {"source": 39, "prod": 0, "target": 33, "value": 0.018365783838260454, "supply": "[{\"l\":'Labor',\"v\":0.018365783838260454}]"}, {"source": 39, "prod": 0, "target": 34, "value": 0.00496995225730704, "supply": "[{\"l\":'Labor',\"v\":0.00496995225730704}]"}, {"source": 39, "prod": 0, "target": 25, "value": 0.015304819865217043, "supply": "[{\"l\":'Labor',\"v\":0.015304819865217043}]"}]}