{"nodes": [{"layer": 5, "name": "Maize"}, {"layer": 10, "name": "Feed", "fill": "#dbdb8d"}, {"layer": 13, "name": "Pelagic Fish"}, {"layer": 5, "name": "Wheat"}, {"layer": 5, "name": "Oats"}, {"layer": 5, "name": "Potatoes"}, {"layer": 5, "name": "Vegetables, Other"}, {"layer": 13, "name": "Fish, Body Oil"}, {"layer": 5, "name": "Cereals, Other"}, {"layer": 5, "name": "Millet"}, {"layer": 13, "name": "Milk - Excluding Butter"}, {"layer": 5, "name": "Sweet potatoes"}, {"layer": 13, "name": "Demersal Fish"}, {"layer": 5, "name": "Barley"}, {"layer": 13, "name": "Fish, Seafood"}, {"layer": 13, "name": "Marine Fish, Other"}, {"layer": 13, "name": "Meat, Other"}, {"layer": 5, "name": "Sorghum"}, {"layer": 5, "name": "Oilcrops, Other"}, {"layer": 5, "name": "Pulses, Other"}, {"layer": 16, "name": "Food", "fill": "#b5cf6b"}, {"layer": 5, "name": "Rye"}, {"layer": 5, "name": "Nuts"}, {"layer": 5, "name": "Dates"}, {"layer": 13, "name": "Sugar", "fill": "#d6616b"}, {"layer": 13, "name": "Maize Germ Oil"}, {"layer": 13, "name": "Beer"}, {"layer": 13, "name": "Groundnut Oil"}, {"layer": 13, "name": "Beverages, Alcoholic"}, {"layer": 5, "name": "Cocoa Beans"}, {"layer": 5, "name": "Rice"}, {"layer": 13, "name": "Butter, Ghee"}, {"layer": 5, "name": "Tomatoes"}, {"layer": 13, "name": "Fats, Animals, Raw"}, {"layer": 5, "name": "Pepper"}, {"layer": 13, "name": "Soyabean Oil"}, {"layer": 5, "name": "Coconuts - Incl Copra"}, {"layer": 5, "name": "Treenuts"}, {"layer": 13, "name": "Crustaceans"}, {"layer": 13, "name": "Eggs"}, {"layer": 5, "name": "Peas"}, {"layer": 13, "name": "Coconut Oil"}, {"layer": 5, "name": "Grapes"}, {"layer": 5, "name": "Pimento"}, {"layer": 13, "name": "Wine"}, {"layer": 13, "name": "Sunflowerseed Oil"}, {"layer": 13, "name": "Pigmeat"}, {"layer": 13, "name": "Freshwater Fish"}, {"layer": 5, "name": "Groundnuts"}, {"layer": 5, "name": "Coffee"}, {"layer": 5, "name": "Grapefruit"}, {"layer": 5, "name": "Pineapples"}, {"layer": 5, "name": "Beans"}, {"layer": 5, "name": "Lemons, Limes"}, {"layer": 13, "name": "Mutton & Goat Meat"}, {"layer": 5, "name": "Bananas"}, {"layer": 13, "name": "Beverages, Fermented"}, {"layer": 5, "name": "Spices, Other"}, {"layer": 5, "name": "Tea"}, {"layer": 5, "name": "Fruits, Other"}, {"layer": 13, "name": "Molluscs, Other"}, {"layer": 5, "name": "Apples"}, {"layer": 13, "name": "Poultry Meat"}, {"layer": 13, "name": "Offals, Edible"}, {"layer": 5, "name": "Oranges, Mandarines"}, {"layer": 13, "name": "Bovine Meat"}, {"layer": 13, "name": "Cottonseed Oil"}, {"layer": 13, "name": "Palmkernel Oil"}, {"layer": 5, "name": "Onions"}, {"layer": 13, "name": "Fish, Liver Oil"}, {"layer": 5, "name": "Sunflower seed"}, {"layer": 10, "name": "Processing", "fill": "#9edae5"}, {"layer": 5, "name": "Cottonseed"}, {"layer": 5, "name": "Soyabeans"}, {"layer": 13, "name": "Oilcrops Oil, Other"}, {"layer": 5, "name": "Sugar cane"}, {"layer": 16, "name": "Biofuels & Other", "fill": "#e7ba52"}, {"layer": 13, "name": "Aquatic Products, Other"}, {"layer": 13, "name": "Palm Oil"}, {"layer": 13, "name": "Aquatic Plants"}, {"name": "Seed", "fill": "#dbdb8d"}, {"name": "Waste", "fill": "#c7c7c7"}, {"layer": 0, "name": "Import", "fill": "#aec7e8"}, {"layer": 5, "name": "Infant food"}, {"layer": 16, "name": "Export", "fill": "#aec7e8"}, {"layer": 13, "name": "Sweeteners, Other"}, {"layer": 16, "name": "Stock Deposit", "fill": "#c7c7c7"}, {"layer": 0, "name": "Stock Draw", "fill": "#c7c7c7"}, {"layer": 0, "name": "Production", "fill": "#b5cf6b"}], "links": [{"source": 0, "prod": 5.7414326850739688, "target": 1, "value": 1579.0, "supply": [{"l": "Maize", "v": 1579.0}]}, {"source": 2, "prod": 0.25911840263484143, "target": 1, "value": 185.0, "supply": [{"l": "Pelagic Fish", "v": 185.0}]}, {"source": 3, "prod": 0.10752353418351572, "target": 1, "value": 31.0, "supply": [{"l": "Wheat", "v": 31.0}]}, {"source": 4, "prod": 0.21500733725123378, "target": 1, "value": 78.0, "supply": [{"l": "Oats", "v": 78.0}]}, {"source": 5, "prod": 0.040073366168611679, "target": 1, "value": 49.0, "supply": [{"l": "Potatoes", "v": 49.0}]}, {"source": 6, "prod": 0.011310294169205856, "target": 1, "value": 32.0, "supply": [{"l": "Vegetables, Other", "v": 32.0}]}, {"source": 7, "prod": 0.80655316512450004, "target": 1, "value": 38.0, "supply": [{"l": "Fish, Body Oil", "v": 38.0}]}, {"source": 8, "prod": 0.0084900333171, "target": 1, "value": 3.0, "supply": [{"l": "Cereals, Other", "v": 3.0}]}, {"source": 9, "prod": 0.0073826376670434787, "target": 1, "value": 2.0, "supply": [{"l": "Millet", "v": 2.0}]}, {"source": 10, "prod": 0.59468828611926128, "target": 1, "value": 911.0, "supply": [{"l": "Milk - Excluding Butter", "v": 911.0}]}, {"source": 11, "prod": 0.0049075337093063588, "target": 1, "value": 4.0, "supply": [{"l": "Sweet potatoes", "v": 4.0}]}, {"source": 12, "prod": 0.032824838115531982, "target": 1, "value": 38.0, "supply": [{"l": "Demersal Fish", "v": 38.0}]}, {"source": 13, "prod": 0.0031094071065812102, "target": 1, "value": 1.0, "supply": [{"l": "Barley", "v": 1.0}]}, {"source": 14, "prod": 0.25948142367803378, "target": 1, "value": 236.0, "supply": [{"l": "Fish, Seafood", "v": 236.0}]}, {"source": 15, "prod": 0.010219484548361111, "target": 1, "value": 13.0, "supply": [{"l": "Marine Fish, Other", "v": 13.0}]}, {"source": 16, "prod": 0.0015722283920555555, "target": 1, "value": 1.0, "supply": [{"l": "Meat, Other", "v": 1.0}]}, {"source": 17, "prod": 0.20094238691087093, "target": 1, "value": 55.0, "supply": [{"l": "Sorghum", "v": 55.0}]}, {"source": 18, "prod": 0.0074319703611099245, "target": 1, "value": 2.0, "supply": [{"l": "Oilcrops, Other", "v": 2.0}]}, {"source": 19, "prod": 0.19102574963475, "target": 1, "value": 45.0, "supply": [{"l": "Pulses, Other", "v": 45.0}]}, {"source": 0, "prod": 8.9448539615465243, "target": 20, "value": 2460.0, "supply": [{"l": "Maize", "v": 2460.0}]}, {"source": 21, "prod": 0.027684891251413046, "target": 20, "value": 10.0, "supply": [{"l": "Rye", "v": 10.0}]}, {"source": 22, "prod": 0.010612541646375, "target": 20, "value": 2.0, "supply": [{"l": "Nuts", "v": 2.0}]}, {"source": 23, "prod": 0.0019295530266136365, "target": 20, "value": 1.0, "supply": [{"l": "Dates", "v": 1.0}]}, {"source": 24, "prod": 3.2218949240679975, "target": 20, "value": 779.0, "supply": [{"l": "Sugar", "v": 779.0}]}, {"source": 25, "prod": 0.59338614155126979, "target": 20, "value": 58.0, "supply": [{"l": "Maize Germ Oil", "v": 58.0}]}, {"source": 26, "prod": 0.25630617665495742, "target": 20, "value": 457.0, "supply": [{"l": "Beer", "v": 457.0}]}, {"source": 27, "prod": 0.36259517291781257, "target": 20, "value": 35.0, "supply": [{"l": "Groundnut Oil", "v": 35.0}]}, {"source": 28, "prod": 0.27614603185541581, "target": 20, "value": 81.0, "supply": [{"l": "Beverages, Alcoholic", "v": 81.0}]}, {"source": 29, "prod": 0.035131172346620693, "target": 20, "value": 6.0, "supply": [{"l": "Cocoa Beans", "v": 6.0}]}, {"source": 30, "prod": 0.30988621607415001, "target": 20, "value": 73.0, "supply": [{"l": "Rice", "v": 73.0}]}, {"source": 31, "prod": 0.39866243402034784, "target": 20, "value": 48.0, "supply": [{"l": "Butter, Ghee", "v": 48.0}]}, {"source": 32, "prod": 0.053008837462096448, "target": 20, "value": 205.0, "supply": [{"l": "Tomatoes", "v": 205.0}]}, {"source": 33, "prod": 0.093390366488100007, "target": 20, "value": 11.0, "supply": [{"l": "Fats, Animals, Raw", "v": 11.0}]}, {"source": 34, "prod": 0.0047301614195271431, "target": 20, "value": 1.0, "supply": [{"l": "Pepper", "v": 1.0}]}, {"source": 3, "prod": 3.1493990012462025, "target": 20, "value": 908.0, "supply": [{"l": "Wheat", "v": 908.0}]}, {"source": 35, "prod": 0.029388576866884623, "target": 20, "value": 3.0, "supply": [{"l": "Soyabean Oil", "v": 3.0}]}, {"source": 36, "prod": 0.0093183292504756092, "target": 20, "value": 9.0, "supply": [{"l": "Coconuts - Incl Copra", "v": 9.0}]}, {"source": 37, "prod": 0.0084900333171, "target": 20, "value": 2.0, "supply": [{"l": "Treenuts", "v": 2.0}]}, {"source": 38, "prod": 0.0040817467870673078, "target": 20, "value": 5.0, "supply": [{"l": "Crustaceans", "v": 5.0}]}, {"source": 39, "prod": 0.1327267741525528, "target": 20, "value": 79.0, "supply": [{"l": "Eggs", "v": 79.0}]}, {"source": 6, "prod": 0.25660229896385789, "target": 20, "value": 726.0, "supply": [{"l": "Vegetables, Other", "v": 726.0}]}, {"source": 40, "prod": 0.027857921821734376, "target": 20, "value": 7.0, "supply": [{"l": "Peas", "v": 7.0}]}, {"source": 41, "prod": 0.069917921434941188, "target": 20, "value": 7.0, "supply": [{"l": "Coconut Oil", "v": 7.0}]}, {"source": 15, "prod": 0.018080626508638887, "target": 20, "value": 23.0, "supply": [{"l": "Marine Fish, Other", "v": 23.0}]}, {"source": 42, "prod": 0.035131172346620693, "target": 20, "value": 42.0, "supply": [{"l": "Grapes", "v": 42.0}]}, {"source": 43, "prod": 0.0169800666342, "target": 20, "value": 5.0, "supply": [{"l": "Pimento", "v": 5.0}]}, {"source": 44, "prod": 0.32708992672714038, "target": 20, "value": 419.0, "supply": [{"l": "Wine", "v": 419.0}]}, {"source": 45, "prod": 0.2670252414249194, "target": 20, "value": 26.0, "supply": [{"l": "Sunflowerseed Oil", "v": 26.0}]}, {"source": 4, "prod": 0.088208138359480534, "target": 20, "value": 32.0, "supply": [{"l": "Oats", "v": 32.0}]}, {"source": 46, "prod": 0.302285257042469, "target": 20, "value": 71.0, "supply": [{"l": "Pigmeat", "v": 71.0}]}, {"source": 8, "prod": 0.0084900333171, "target": 20, "value": 3.0, "supply": [{"l": "Cereals, Other", "v": 3.0}]}, {"source": 5, "prod": 0.28296703457836003, "target": 20, "value": 346.0, "supply": [{"l": "Potatoes", "v": 346.0}]}, {"source": 47, "prod": 0.0010994975579577703, "target": 20, "value": 1.0, "supply": [{"l": "Freshwater Fish", "v": 1.0}]}, {"source": 48, "prod": 0.095949006665856165, "target": 20, "value": 15.0, "supply": [{"l": "Groundnuts", "v": 15.0}]}, {"source": 49, "prod": 0.0088437847053125015, "target": 20, "value": 10.0, "supply": [{"l": "Coffee", "v": 10.0}]}, {"source": 50, "prod": 0.0087326056975885712, "target": 20, "value": 36.0, "supply": [{"l": "Grapefruit", "v": 36.0}]}, {"source": 10, "prod": 1.212224091463741, "target": 20, "value": 1857.0, "supply": [{"l": "Milk - Excluding Butter", "v": 1857.0}]}, {"source": 51, "prod": 0.026654755762988369, "target": 20, "value": 54.0, "supply": [{"l": "Pineapples", "v": 54.0}]}, {"source": 52, "prod": 0.29265783370226317, "target": 20, "value": 75.0, "supply": [{"l": "Beans", "v": 75.0}]}, {"source": 19, "prod": 0.063675249878250004, "target": 20, "value": 15.0, "supply": [{"l": "Pulses, Other", "v": 15.0}]}, {"source": 14, "prod": 0.2034070482221875, "target": 20, "value": 185.0, "supply": [{"l": "Fish, Seafood", "v": 185.0}]}, {"source": 53, "prod": 0.010459999980000001, "target": 20, "value": 9.0, "supply": [{"l": "Lemons, Limes", "v": 9.0}]}, {"source": 17, "prod": 0.37265679027106979, "target": 20, "value": 102.0, "supply": [{"l": "Sorghum", "v": 102.0}]}, {"source": 54, "prod": 0.38986974277433289, "target": 20, "value": 153.0, "supply": [{"l": "Mutton & Goat Meat", "v": 153.0}]}, {"source": 2, "prod": 0.11485248116787565, "target": 20, "value": 82.0, "supply": [{"l": "Pelagic Fish", "v": 82.0}]}, {"source": 55, "prod": 0.035460380119614457, "target": 20, "value": 52.0, "supply": [{"l": "Bananas", "v": 52.0}]}, {"source": 56, "prod": 0.0018950967225669646, "target": 20, "value": 3.0, "supply": [{"l": "Beverages, Fermented", "v": 3.0}]}, {"source": 57, "prod": 0.0060643095122142861, "target": 20, "value": 1.0, "supply": [{"l": "Spices, Other", "v": 1.0}]}, {"source": 58, "prod": 0.0087668822296141317, "target": 20, "value": 19.0, "supply": [{"l": "Tea", "v": 19.0}]}, {"source": 59, "prod": 0.07933976821890576, "target": 20, "value": 130.0, "supply": [{"l": "Fruits, Other", "v": 130.0}]}, {"source": 60, "prod": 0.0021989951159155407, "target": 20, "value": 2.0, "supply": [{"l": "Molluscs, Other", "v": 2.0}]}, {"source": 61, "prod": 0.026201298992964115, "target": 20, "value": 43.0, "supply": [{"l": "Apples", "v": 43.0}]}, {"source": 9, "prod": 0.036913188335217402, "target": 20, "value": 10.0, "supply": [{"l": "Millet", "v": 10.0}]}, {"source": 62, "prod": 0.14224139588858636, "target": 20, "value": 80.0, "supply": [{"l": "Poultry Meat", "v": 80.0}]}, {"source": 63, "prod": 0.12342170330050566, "target": 20, "value": 92.0, "supply": [{"l": "Offals, Edible", "v": 92.0}]}, {"source": 11, "prod": 0.044167803383757233, "target": 20, "value": 36.0, "supply": [{"l": "Sweet potatoes", "v": 36.0}]}, {"source": 12, "prod": 0.062194430113639537, "target": 20, "value": 72.0, "supply": [{"l": "Demersal Fish", "v": 72.0}]}, {"source": 64, "prod": 0.070916748884011768, "target": 20, "value": 213.0, "supply": [{"l": "Oranges, Mandarines", "v": 213.0}]}, {"source": 65, "prod": 1.026976222635305, "target": 20, "value": 390.0, "supply": [{"l": "Bovine Meat", "v": 390.0}]}, {"source": 66, "prod": 0.023154636319363639, "target": 20, "value": 2.0, "supply": [{"l": "Cottonseed Oil", "v": 2.0}]}, {"source": 67, "prod": 0.0070750277642500003, "target": 20, "value": 1.0, "supply": [{"l": "Palmkernel Oil", "v": 1.0}]}, {"source": 68, "prod": 0.026362364599275483, "target": 20, "value": 65.0, "supply": [{"l": "Onions", "v": 65.0}]}, {"source": 69, "prod": 0.02122508329275, "target": 20, "value": 1.0, "supply": [{"l": "Fish, Liver Oil", "v": 1.0}]}, {"source": 70, "prod": 0.393894429138826, "target": 71, "value": 106.0, "supply": [{"l": "Sunflower seed", "v": 106.0}]}, {"source": 72, "prod": 0.066887733249989326, "target": 71, "value": 18.0, "supply": [{"l": "Cottonseed", "v": 18.0}]}, {"source": 59, "prod": 0.0048824472750095852, "target": 71, "value": 8.0, "supply": [{"l": "Fruits, Other", "v": 8.0}]}, {"source": 24, "prod": 0.0082718740027419701, "target": 71, "value": 2.0, "supply": [{"l": "Sugar", "v": 2.0}]}, {"source": 73, "prod": 0.015160773780535717, "target": 71, "value": 4.0, "supply": [{"l": "Soyabeans", "v": 4.0}]}, {"source": 13, "prod": 0.099501027410598727, "target": 71, "value": 32.0, "supply": [{"l": "Barley", "v": 32.0}]}, {"source": 42, "prod": 0.59472056043922172, "target": 71, "value": 711.0, "supply": [{"l": "Grapes", "v": 711.0}]}, {"source": 48, "prod": 0.74840225199367805, "target": 71, "value": 117.0, "supply": [{"l": "Groundnuts", "v": 117.0}]}, {"source": 18, "prod": 0.037159851805549614, "target": 71, "value": 10.0, "supply": [{"l": "Oilcrops, Other", "v": 10.0}]}, {"source": 17, "prod": 0.17902139924786681, "target": 71, "value": 49.0, "supply": [{"l": "Sorghum", "v": 49.0}]}, {"source": 74, "prod": 0.0096477651330681823, "target": 71, "value": 1.0, "supply": [{"l": "Oilcrops Oil, Other", "v": 1.0}]}, {"source": 75, "prod": 6.0361882893434871, "target": 71, "value": 16068.0, "supply": [{"l": "Sugar cane", "v": 16068.0}]}, {"source": 0, "prod": 0.28725344022852661, "target": 76, "value": 79.0, "supply": [{"l": "Maize", "v": 79.0}]}, {"source": 33, "prod": 0.46695183244049998, "target": 76, "value": 55.0, "supply": [{"l": "Fats, Animals, Raw", "v": 55.0}]}, {"source": 65, "prod": 0.010533089462926203, "target": 76, "value": 4.0, "supply": [{"l": "Bovine Meat", "v": 4.0}]}, {"source": 7, "prod": 0.084900333171, "target": 76, "value": 4.0, "supply": [{"l": "Fish, Body Oil", "v": 4.0}]}, {"source": 67, "prod": 0.0070750277642500003, "target": 76, "value": 1.0, "supply": [{"l": "Palmkernel Oil", "v": 1.0}]}, {"source": 66, "prod": 0.011577318159681819, "target": 76, "value": 1.0, "supply": [{"l": "Cottonseed Oil", "v": 1.0}]}, {"source": 63, "prod": 0.041587747851257344, "target": 76, "value": 31.0, "supply": [{"l": "Offals, Edible", "v": 31.0}]}, {"source": 27, "prod": 0.010359862083366074, "target": 76, "value": 1.0, "supply": [{"l": "Groundnut Oil", "v": 1.0}]}, {"source": 28, "prod": 0.071593415666218907, "target": 76, "value": 21.0, "supply": [{"l": "Beverages, Alcoholic", "v": 21.0}]}, {"source": 77, "prod": 0.042211145377248308, "target": 76, "value": 43.0, "supply": [{"l": "Aquatic Products, Other", "v": 43.0}]}, {"source": 42, "prod": 0.0016729129688866995, "target": 76, "value": 2.0, "supply": [{"l": "Grapes", "v": 2.0}]}, {"source": 5, "prod": 0.015538652187829021, "target": 76, "value": 19.0, "supply": [{"l": "Potatoes", "v": 19.0}]}, {"source": 78, "prod": 0.038811580878171437, "target": 76, "value": 4.0, "supply": [{"l": "Palm Oil", "v": 4.0}]}, {"source": 79, "prod": 0.042211145377248308, "target": 76, "value": 43.0, "supply": [{"l": "Aquatic Plants", "v": 43.0}]}, {"source": 74, "prod": 0.16401200726215912, "target": 76, "value": 17.0, "supply": [{"l": "Oilcrops Oil, Other", "v": 17.0}]}, {"source": 70, "prod": 0.0037159851805549622, "target": 80, "value": 1.0, "supply": [{"l": "Sunflower seed", "v": 1.0}]}, {"source": 0, "prod": 0.26543672324914486, "target": 80, "value": 73.0, "supply": [{"l": "Maize", "v": 73.0}]}, {"source": 3, "prod": 0.37806662019365206, "target": 80, "value": 109.0, "supply": [{"l": "Wheat", "v": 109.0}]}, {"source": 4, "prod": 0.016539025942402599, "target": 80, "value": 6.0, "supply": [{"l": "Oats", "v": 6.0}]}, {"source": 73, "prod": 0.0037901934451339291, "target": 80, "value": 1.0, "supply": [{"l": "Soyabeans", "v": 1.0}]}, {"source": 5, "prod": 0.037619894770533416, "target": 80, "value": 46.0, "supply": [{"l": "Potatoes", "v": 46.0}]}, {"source": 39, "prod": 0.011760600241365438, "target": 39, "value": 7.0, "supply": [{"l": "Eggs", "v": 7.0}]}, {"source": 21, "prod": 0.011073956500565219, "target": 80, "value": 4.0, "supply": [{"l": "Rye", "v": 4.0}]}, {"source": 40, "prod": 0.0039797031173906252, "target": 80, "value": 1.0, "supply": [{"l": "Peas", "v": 1.0}]}, {"source": 72, "prod": 0.0037159851805549622, "target": 80, "value": 1.0, "supply": [{"l": "Cottonseed", "v": 1.0}]}, {"source": 52, "prod": 0.027314731145544568, "target": 80, "value": 7.0, "supply": [{"l": "Beans", "v": 7.0}]}, {"source": 13, "prod": 0.012437628426324841, "target": 80, "value": 4.0, "supply": [{"l": "Barley", "v": 4.0}]}, {"source": 48, "prod": 0.095949006665856165, "target": 80, "value": 15.0, "supply": [{"l": "Groundnuts", "v": 15.0}]}, {"source": 17, "prod": 0.018267489719170086, "target": 80, "value": 5.0, "supply": [{"l": "Sorghum", "v": 5.0}]}, {"source": 8, "prod": 0.0056600222113999997, "target": 80, "value": 2.0, "supply": [{"l": "Cereals, Other", "v": 2.0}]}, {"source": 19, "prod": 0.02122508329275, "target": 80, "value": 5.0, "supply": [{"l": "Pulses, Other", "v": 5.0}]}, {"source": 0, "prod": 1.0726552514862702, "target": 81, "value": 295.0, "supply": [{"l": "Maize", "v": 295.0}]}, {"source": 59, "prod": 0.010985506368771568, "target": 81, "value": 18.0, "supply": [{"l": "Fruits, Other", "v": 18.0}]}, {"source": 50, "prod": 0.00097028952195428583, "target": 81, "value": 4.0, "supply": [{"l": "Grapefruit", "v": 4.0}]}, {"source": 13, "prod": 0.0031094071065812102, "target": 81, "value": 1.0, "supply": [{"l": "Barley", "v": 1.0}]}, {"source": 32, "prod": 0.0062059126784893403, "target": 81, "value": 24.0, "supply": [{"l": "Tomatoes", "v": 24.0}]}, {"source": 3, "prod": 0.10752353418351572, "target": 81, "value": 31.0, "supply": [{"l": "Wheat", "v": 31.0}]}, {"source": 39, "prod": 0.018480943236431402, "target": 81, "value": 11.0, "supply": [{"l": "Eggs", "v": 11.0}]}, {"source": 6, "prod": 0.029689522194165378, "target": 81, "value": 84.0, "supply": [{"l": "Vegetables, Other", "v": 84.0}]}, {"source": 48, "prod": 0.076759205332684932, "target": 81, "value": 12.0, "supply": [{"l": "Groundnuts", "v": 12.0}]}, {"source": 4, "prod": 0.011026017294935067, "target": 81, "value": 4.0, "supply": [{"l": "Oats", "v": 4.0}]}, {"source": 72, "prod": 0.0037159851805549622, "target": 81, "value": 1.0, "supply": [{"l": "Cottonseed", "v": 1.0}]}, {"source": 5, "prod": 0.020445594983985554, "target": 81, "value": 25.0, "supply": [{"l": "Potatoes", "v": 25.0}]}, {"source": 10, "prod": 0.034597671969616738, "target": 81, "value": 53.0, "supply": [{"l": "Milk - Excluding Butter", "v": 53.0}]}, {"source": 52, "prod": 0.01170631334809053, "target": 81, "value": 3.0, "supply": [{"l": "Beans", "v": 3.0}]}, {"source": 61, "prod": 0.0054839928124808613, "target": 81, "value": 9.0, "supply": [{"l": "Apples", "v": 9.0}]}, {"source": 53, "prod": 0.0011622222200000001, "target": 81, "value": 1.0, "supply": [{"l": "Lemons, Limes", "v": 1.0}]}, {"source": 17, "prod": 0.13152592597802459, "target": 81, "value": 36.0, "supply": [{"l": "Sorghum", "v": 36.0}]}, {"source": 75, "prod": 0.31781275160471684, "target": 81, "value": 846.0, "supply": [{"l": "Sugar cane", "v": 846.0}]}, {"source": 51, "prod": 0.0034552461174244186, "target": 81, "value": 7.0, "supply": [{"l": "Pineapples", "v": 7.0}]}, {"source": 55, "prod": 0.0040915823214939763, "target": 81, "value": 6.0, "supply": [{"l": "Bananas", "v": 6.0}]}, {"source": 11, "prod": 0.0012268834273265897, "target": 81, "value": 1.0, "supply": [{"l": "Sweet potatoes", "v": 1.0}]}, {"source": 64, "prod": 0.0083235620755882367, "target": 81, "value": 25.0, "supply": [{"l": "Oranges, Mandarines", "v": 25.0}]}, {"source": 68, "prod": 0.0032445987199108284, "target": 81, "value": 8.0, "supply": [{"l": "Onions", "v": 8.0}]}, {"source": 19, "prod": 0.00424501665855, "target": 81, "value": 1.0, "supply": [{"l": "Pulses, Other", "v": 1.0}]}, {"source": 82, "prod": 0.0011622222200000001, "target": 83, "value": 1.0, "supply": [{"l": "Infant food", "v": 1.0}]}, {"source": 82, "prod": 0.012128619024428572, "target": 57, "value": 2.0, "supply": [{"l": "Spices, Other", "v": 2.0}]}, {"source": 82, "prod": 0.00077573908481116754, "target": 32, "value": 3.0, "supply": [{"l": "Tomatoes", "v": 3.0}]}, {"source": 82, "prod": 0.0084900333171, "target": 37, "value": 2.0, "supply": [{"l": "Treenuts", "v": 2.0}]}, {"source": 82, "prod": 0.0055369782502826094, "target": 21, "value": 2.0, "supply": [{"l": "Rye", "v": 2.0}]}, {"source": 82, "prod": 0.00060933253472009565, "target": 61, "value": 1.0, "supply": [{"l": "Apples", "v": 1.0}]}, {"source": 82, "prod": 0.0078440525212336958, "target": 58, "value": 17.0, "supply": [{"l": "Tea", "v": 17.0}]}, {"source": 82, "prod": 0.001413786771150732, "target": 6, "value": 4.0, "supply": [{"l": "Vegetables, Other", "v": 4.0}]}, {"source": 82, "prod": 0.30988621607415001, "target": 30, "value": 73.0, "supply": [{"l": "Rice", "v": 73.0}]}, {"source": 82, "prod": 1.6995655403200873, "target": 3, "value": 490.0, "supply": [{"l": "Wheat", "v": 490.0}]}, {"source": 82, "prod": 0.055969327918461785, "target": 13, "value": 18.0, "supply": [{"l": "Barley", "v": 18.0}]}, {"source": 82, "prod": 0.0047301614195271431, "target": 34, "value": 1.0, "supply": [{"l": "Pepper", "v": 1.0}]}, {"source": 82, "prod": 0.010612541646375, "target": 49, "value": 12.0, "supply": [{"l": "Coffee", "v": 12.0}]}, {"source": 82, "prod": 0.0019295530266136365, "target": 23, "value": 1.0, "supply": [{"l": "Dates", "v": 1.0}]}, {"source": 82, "prod": 0.11367496483404907, "target": 1, "value": 91.0, "supply": [{"l": "Pigmeat", "v": 1.0}, {"l": "Crustaceans", "v": 1.0}, {"l": "Eggs", "v": 1.0}, {"l": "Freshwater Fish", "v": 1.0}, {"l": "Milk - Excluding Butter", "v": 52.0}, {"l": "Fish, Seafood", "v": 8.0}, {"l": "Mutton & Goat Meat", "v": 1.0}, {"l": "Pelagic Fish", "v": 5.0}, {"l": "Demersal Fish", "v": 1.0}, {"l": "Bovine Meat", "v": 20.0}]}, {"source": 82, "prod": 0.010612541646375, "target": 22, "value": 2.0, "supply": [{"l": "Nuts", "v": 2.0}]}, {"source": 82, "prod": 0.0037159851805549622, "target": 18, "value": 1.0, "supply": [{"l": "Oilcrops, Other", "v": 1.0}]}, {"source": 82, "prod": 0.040986367737724141, "target": 29, "value": 7.0, "supply": [{"l": "Cocoa Beans", "v": 7.0}]}, {"source": 82, "prod": 0.00033294248302352946, "target": 64, "value": 1.0, "supply": [{"l": "Oranges, Mandarines", "v": 1.0}]}, {"source": 82, "prod": 0.0073069958876680339, "target": 17, "value": 2.0, "supply": [{"l": "Sorghum", "v": 2.0}]}, {"source": 82, "prod": 0.011449533191031909, "target": 5, "value": 14.0, "supply": [{"l": "Potatoes", "v": 14.0}]}, {"source": 82, "prod": 0.0040915823214939763, "target": 55, "value": 6.0, "supply": [{"l": "Bananas", "v": 6.0}]}, {"source": 82, "prod": 0.035118940044271588, "target": 52, "value": 9.0, "supply": [{"l": "Beans", "v": 9.0}]}, {"source": 82, "prod": 0.71423628129895333, "target": 71, "value": 87.0, "supply": [{"l": "Sugar", "v": 1.0}, {"l": "Beer", "v": 2.0}, {"l": "Beverages, Alcoholic", "v": 4.0}, {"l": "Butter, Ghee", "v": 3.0}, {"l": "Fats, Animals, Raw", "v": 44.0}, {"l": "Soyabean Oil", "v": 2.0}, {"l": "Palm Oil", "v": 5.0}, {"l": "Coconut Oil", "v": 7.0}, {"l": "Oilcrops Oil, Other", "v": 13.0}, {"l": "Sweeteners, Other", "v": 3.0}, {"l": "Palmkernel Oil", "v": 3.0}]}, {"source": 82, "prod": 0.00083645648444334976, "target": 42, "value": 1.0, "supply": [{"l": "Grapes", "v": 1.0}]}, {"source": 82, "prod": 0.14908089935910873, "target": 0, "value": 41.0, "supply": [{"l": "Maize", "v": 41.0}]}, {"source": 82, "prod": 0.0036618354562571892, "target": 59, "value": 6.0, "supply": [{"l": "Fruits, Other", "v": 6.0}]}, {"source": 82, "prod": 0.0093183292504756092, "target": 36, "value": 9.0, "supply": [{"l": "Coconuts - Incl Copra", "v": 9.0}]}, {"source": 82, "prod": 0.046860573503474029, "target": 4, "value": 17.0, "supply": [{"l": "Oats", "v": 17.0}]}, {"source": 0, "prod": 7.3013279490997647, "target": 84, "value": 2008.0, "supply": [{"l": "Maize", "v": 2008.0}]}, {"source": 59, "prod": 0.097648945500191695, "target": 84, "value": 160.0, "supply": [{"l": "Fruits, Other", "v": 160.0}]}, {"source": 24, "prod": 3.0978168140268671, "target": 84, "value": 749.0, "supply": [{"l": "Sugar", "v": 749.0}]}, {"source": 26, "prod": 0.0011216900510063782, "target": 84, "value": 2.0, "supply": [{"l": "Beer", "v": 2.0}]}, {"source": 83, "prod": 0.0011622222200000001, "target": 84, "value": 1.0, "supply": [{"l": "Infant food", "v": 1.0}]}, {"source": 28, "prod": 0.0068184205396398965, "target": 84, "value": 2.0, "supply": [{"l": "Beverages, Alcoholic", "v": 2.0}]}, {"source": 29, "prod": 0.0058551953911034479, "target": 84, "value": 1.0, "supply": [{"l": "Cocoa Beans", "v": 1.0}]}, {"source": 30, "prod": 0.00424501665855, "target": 84, "value": 1.0, "supply": [{"l": "Rice", "v": 1.0}]}, {"source": 32, "prod": 0.0038786954240558375, "target": 84, "value": 15.0, "supply": [{"l": "Tomatoes", "v": 15.0}]}, {"source": 70, "prod": 0.0074319703611099245, "target": 84, "value": 2.0, "supply": [{"l": "Sunflower seed", "v": 2.0}]}, {"source": 33, "prod": 0.0084900333171, "target": 84, "value": 1.0, "supply": [{"l": "Fats, Animals, Raw", "v": 1.0}]}, {"source": 49, "prod": 0.0017687569410625001, "target": 84, "value": 2.0, "supply": [{"l": "Coffee", "v": 2.0}]}, {"source": 3, "prod": 0.017342505513470278, "target": 84, "value": 5.0, "supply": [{"l": "Wheat", "v": 5.0}]}, {"source": 38, "prod": 0.0073471442167211539, "target": 84, "value": 9.0, "supply": [{"l": "Crustaceans", "v": 9.0}]}, {"source": 39, "prod": 0.016800857487664911, "target": 84, "value": 10.0, "supply": [{"l": "Eggs", "v": 10.0}]}, {"source": 6, "prod": 0.0017672334639384152, "target": 84, "value": 5.0, "supply": [{"l": "Vegetables, Other", "v": 5.0}]}, {"source": 42, "prod": 0.040986367737724141, "target": 84, "value": 49.0, "supply": [{"l": "Grapes", "v": 49.0}]}, {"source": 48, "prod": 0.56929743955074663, "target": 84, "value": 89.0, "supply": [{"l": "Groundnuts", "v": 89.0}]}, {"source": 45, "prod": 0.01027020159326613, "target": 84, "value": 1.0, "supply": [{"l": "Sunflowerseed Oil", "v": 1.0}]}, {"source": 4, "prod": 0.016539025942402599, "target": 84, "value": 6.0, "supply": [{"l": "Oats", "v": 6.0}]}, {"source": 46, "prod": 0.025545232989504427, "target": 84, "value": 6.0, "supply": [{"l": "Pigmeat", "v": 6.0}]}, {"source": 8, "prod": 0.028300111057000001, "target": 84, "value": 10.0, "supply": [{"l": "Cereals, Other", "v": 10.0}]}, {"source": 5, "prod": 0.010631709391672486, "target": 84, "value": 13.0, "supply": [{"l": "Potatoes", "v": 13.0}]}, {"source": 27, "prod": 0.10359862083366073, "target": 84, "value": 10.0, "supply": [{"l": "Groundnut Oil", "v": 10.0}]}, {"source": 10, "prod": 0.0078334351629320911, "target": 84, "value": 12.0, "supply": [{"l": "Milk - Excluding Butter", "v": 12.0}]}, {"source": 51, "prod": 0.034058854586040702, "target": 84, "value": 69.0, "supply": [{"l": "Pineapples", "v": 69.0}]}, {"source": 52, "prod": 0.01560841779745404, "target": 84, "value": 4.0, "supply": [{"l": "Beans", "v": 4.0}]}, {"source": 61, "prod": 0.079822562048332546, "target": 84, "value": 131.0, "supply": [{"l": "Apples", "v": 131.0}]}, {"source": 14, "prod": 1.3688744596574238, "target": 84, "value": 1245.0, "supply": [{"l": "Fish, Seafood", "v": 1245.0}]}, {"source": 74, "prod": 0.0096477651330681823, "target": 84, "value": 1.0, "supply": [{"l": "Oilcrops Oil, Other", "v": 1.0}]}, {"source": 53, "prod": 0.0069733333200000004, "target": 84, "value": 6.0, "supply": [{"l": "Lemons, Limes", "v": 6.0}]}, {"source": 17, "prod": 0.81107654353115166, "target": 84, "value": 222.0, "supply": [{"l": "Sorghum", "v": 222.0}]}, {"source": 44, "prod": 0.01014837481492321, "target": 84, "value": 13.0, "supply": [{"l": "Wine", "v": 13.0}]}, {"source": 85, "prod": 0.016257510607212766, "target": 84, "value": 4.0, "supply": [{"l": "Sweeteners, Other", "v": 4.0}]}, {"source": 2, "prod": 1.6863705771478326, "target": 84, "value": 1204.0, "supply": [{"l": "Pelagic Fish", "v": 1204.0}]}, {"source": 65, "prod": 0.089531260434872736, "target": 84, "value": 34.0, "supply": [{"l": "Bovine Meat", "v": 34.0}]}, {"source": 60, "prod": 0.0010994975579577703, "target": 84, "value": 1.0, "supply": [{"l": "Molluscs, Other", "v": 1.0}]}, {"source": 7, "prod": 0.70042774866075008, "target": 84, "value": 33.0, "supply": [{"l": "Fish, Body Oil", "v": 33.0}]}, {"source": 63, "prod": 0.0040246207597990974, "target": 84, "value": 3.0, "supply": [{"l": "Offals, Edible", "v": 3.0}]}, {"source": 50, "prod": 0.0089751780780771423, "target": 84, "value": 37.0, "supply": [{"l": "Grapefruit", "v": 37.0}]}, {"source": 12, "prod": 0.026778157410039246, "target": 84, "value": 31.0, "supply": [{"l": "Demersal Fish", "v": 31.0}]}, {"source": 64, "prod": 0.091892125314494116, "target": 84, "value": 276.0, "supply": [{"l": "Oranges, Mandarines", "v": 276.0}]}, {"source": 68, "prod": 0.004055748399888536, "target": 84, "value": 10.0, "supply": [{"l": "Onions", "v": 10.0}]}, {"source": 51, "prod": 0.0074040988230523264, "target": 86, "value": 15.0, "supply": [{"l": "Pineapples", "v": 15.0}]}, {"source": 87, "prod": 0.011320044422799999, "target": 8, "value": 4.0, "supply": [{"l": "Cereals, Other", "v": 4.0}]}, {"source": 85, "prod": 0.0040643776518031914, "target": 86, "value": 1.0, "supply": [{"l": "Sweeteners, Other", "v": 1.0}]}, {"source": 13, "prod": 0.093282213197436292, "target": 86, "value": 30.0, "supply": [{"l": "Barley", "v": 30.0}]}, {"source": 0, "prod": 12.181000313488155, "target": 86, "value": 3350.0, "supply": [{"l": "Maize", "v": 3350.0}]}, {"source": 17, "prod": 0.94990946539684429, "target": 86, "value": 260.0, "supply": [{"l": "Sorghum", "v": 260.0}]}, {"source": 53, "prod": 0.0023244444400000001, "target": 86, "value": 2.0, "supply": [{"l": "Lemons, Limes", "v": 2.0}]}, {"source": 4, "prod": 0.16539025942402599, "target": 86, "value": 60.0, "supply": [{"l": "Oats", "v": 60.0}]}, {"source": 70, "prod": 0.0037159851805549622, "target": 86, "value": 1.0, "supply": [{"l": "Sunflower seed", "v": 1.0}]}, {"source": 87, "prod": 0.078998170971946544, "target": 1, "value": 30.0, "supply": [{"l": "Bovine Meat", "v": 30.0}]}, {"source": 59, "prod": 0.00061030590937619816, "target": 86, "value": 1.0, "supply": [{"l": "Fruits, Other", "v": 1.0}]}, {"source": 27, "prod": 0.072519034583562514, "target": 86, "value": 7.0, "supply": [{"l": "Groundnut Oil", "v": 7.0}]}, {"source": 7, "prod": 0.0424501665855, "target": 86, "value": 2.0, "supply": [{"l": "Fish, Body Oil", "v": 2.0}]}, {"source": 50, "prod": 0.001212861902442857, "target": 86, "value": 5.0, "supply": [{"l": "Grapefruit", "v": 5.0}]}, {"source": 87, "prod": 0.027316252942365872, "target": 71, "value": 6.0, "supply": [{"l": "Sunflowerseed Oil", "v": 1.0}, {"l": "Beverages, Alcoholic", "v": 5.0}]}, {"source": 24, "prod": 1.2118295414016986, "target": 86, "value": 293.0, "supply": [{"l": "Sugar", "v": 293.0}]}, {"source": 48, "prod": 0.3901926271078151, "target": 86, "value": 61.0, "supply": [{"l": "Groundnuts", "v": 61.0}]}, {"source": 3, "prod": 1.6752860326012289, "target": 86, "value": 483.0, "supply": [{"l": "Wheat", "v": 483.0}]}, {"source": 88, "prod": 35.641243305316685, "target": 0, "value": 9802.0, "supply": [{"l": "Maize", "v": 9802.0}]}, {"source": 88, "prod": 0.035990358626836957, "target": 21, "value": 13.0, "supply": [{"l": "Rye", "v": 13.0}]}, {"source": 88, "prod": 0.19041544372537383, "target": 59, "value": 312.0, "supply": [{"l": "Fruits, Other", "v": 312.0}]}, {"source": 88, "prod": 0.15857976243564173, "target": 13, "value": 51.0, "supply": [{"l": "Barley", "v": 51.0}]}, {"source": 88, "prod": 0.00424501665855, "target": 30, "value": 1.0, "supply": [{"l": "Rice", "v": 1.0}]}, {"source": 88, "prod": 0.062317706479830461, "target": 32, "value": 241.0, "supply": [{"l": "Tomatoes", "v": 241.0}]}, {"source": 88, "prod": 0.40875836986104586, "target": 70, "value": 110.0, "supply": [{"l": "Sunflower seed", "v": 110.0}]}, {"source": 88, "prod": 3.7355756876014983, "target": 3, "value": 1077.0, "supply": [{"l": "Wheat", "v": 1077.0}]}, {"source": 88, "prod": 0.29760211532722913, "target": 6, "value": 842.0, "supply": [{"l": "Vegetables, Other", "v": 842.0}]}, {"source": 88, "prod": 0.031837624939125002, "target": 40, "value": 8.0, "supply": [{"l": "Peas", "v": 8.0}]}, {"source": 88, "prod": 0.074319703611099228, "target": 72, "value": 20.0, "supply": [{"l": "Cottonseed", "v": 20.0}]}, {"source": 88, "prod": 0.67251101349245335, "target": 42, "value": 804.0, "supply": [{"l": "Grapes", "v": 804.0}]}, {"source": 88, "prod": 0.0169800666342, "target": 43, "value": 5.0, "supply": [{"l": "Pimento", "v": 5.0}]}, {"source": 88, "prod": 0.040875836986104579, "target": 18, "value": 11.0, "supply": [{"l": "Oilcrops, Other", "v": 11.0}]}, {"source": 88, "prod": 0.46584923071100653, "target": 4, "value": 169.0, "supply": [{"l": "Oats", "v": 169.0}]}, {"source": 88, "prod": 0.28017109946430002, "target": 19, "value": 66.0, "supply": [{"l": "Pulses, Other", "v": 66.0}]}, {"source": 88, "prod": 0.039620155479800002, "target": 8, "value": 14.0, "supply": [{"l": "Cereals, Other", "v": 14.0}]}, {"source": 88, "prod": 0.018950967225669645, "target": 73, "value": 5.0, "supply": [{"l": "Soyabeans", "v": 5.0}]}, {"source": 88, "prod": 0.39582671888996029, "target": 5, "value": 484.0, "supply": [{"l": "Potatoes", "v": 484.0}]}, {"source": 88, "prod": 1.9829461377610276, "target": 48, "value": 310.0, "supply": [{"l": "Groundnuts", "v": 310.0}]}, {"source": 88, "prod": 0.020133507580551432, "target": 50, "value": 83.0, "supply": [{"l": "Grapefruit", "v": 83.0}]}, {"source": 88, "prod": 6.3536253757571819, "target": 75, "value": 16913.0, "supply": [{"l": "Sugar cane", "v": 16913.0}]}, {"source": 88, "prod": 0.071572955289505816, "target": 51, "value": 145.0, "supply": [{"l": "Pineapples", "v": 145.0}]}, {"source": 88, "prod": 0.30826625149971726, "target": 52, "value": 79.0, "supply": [{"l": "Beans", "v": 79.0}]}, {"source": 88, "prod": 0.1115078538537775, "target": 61, "value": 183.0, "supply": [{"l": "Apples", "v": 183.0}]}, {"source": 88, "prod": 0.020919999960000001, "target": 53, "value": 18.0, "supply": [{"l": "Lemons, Limes", "v": 18.0}]}, {"source": 88, "prod": 2.659746503111164, "target": 17, "value": 728.0, "supply": [{"l": "Sorghum", "v": 728.0}]}, {"source": 88, "prod": 0.035460380119614457, "target": 55, "value": 52.0, "supply": [{"l": "Bananas", "v": 52.0}]}, {"source": 88, "prod": 0.00092282970838043483, "target": 58, "value": 2.0, "supply": [{"l": "Tea", "v": 2.0}]}, {"source": 88, "prod": 0.044295826002260875, "target": 9, "value": 12.0, "supply": [{"l": "Millet", "v": 12.0}]}, {"source": 88, "prod": 0.050302220520390177, "target": 11, "value": 41.0, "supply": [{"l": "Sweet potatoes", "v": 41.0}]}, {"source": 88, "prod": 0.17046655130804708, "target": 64, "value": 512.0, "supply": [{"l": "Oranges, Mandarines", "v": 512.0}]}, {"source": 88, "prod": 0.033662711719074839, "target": 68, "value": 83.0, "supply": [{"l": "Onions", "v": 83.0}]}, {"source": 1, "prod": 0.14224139588858636, "target": 62, "value": 80.0, "supply": [{"l": "Poultry Meat", "v": 80.0}]}, {"source": 1, "prod": 0.32783049003197345, "target": 46, "value": 77.0, "supply": [{"l": "Pigmeat", "v": 77.0}]}, {"source": 1, "prod": 2.0603414609505495, "target": 2, "value": 1471.0, "supply": [{"l": "Pelagic Fish", "v": 1471.0}]}, {"source": 1, "prod": 0.011428891003788463, "target": 38, "value": 14.0, "supply": [{"l": "Crustaceans", "v": 14.0}]}, {"source": 1, "prod": 0.16800857487664911, "target": 39, "value": 100.0, "supply": [{"l": "Eggs", "v": 107.0}]}, {"source": 1, "prod": 0.003298492673873311, "target": 60, "value": 3.0, "supply": [{"l": "Molluscs, Other", "v": 3.0}]}, {"source": 1, "prod": 0.042211145377248308, "target": 79, "value": 43.0, "supply": [{"l": "Aquatic Plants", "v": 43.0}]}, {"source": 1, "prod": 1.8493434847155512, "target": 10, "value": 2833.0, "supply": [{"l": "Milk - Excluding Butter", "v": 2833.0}]}, {"source": 1, "prod": 0.16903407191156208, "target": 63, "value": 126.0, "supply": [{"l": "Offals, Edible", "v": 126.0}]}, {"source": 1, "prod": 0.028300111056999998, "target": 15, "value": 36.0, "supply": [{"l": "Marine Fish, Other", "v": 36.0}]}, {"source": 1, "prod": 0.042211145377248308, "target": 77, "value": 43.0, "supply": [{"l": "Aquatic Products, Other", "v": 43.0}]}, {"source": 1, "prod": 1.8317629315576451, "target": 14, "value": 1666.0, "supply": [{"l": "Fish, Seafood", "v": 1666.0}]}, {"source": 1, "prod": 1.1270405725331041, "target": 65, "value": 428.0, "supply": [{"l": "Bovine Meat", "v": 428.0}]}, {"source": 1, "prod": 0.12179742563921077, "target": 12, "value": 141.0, "supply": [{"l": "Demersal Fish", "v": 141.0}]}, {"source": 1, "prod": 0.0015722283920555555, "target": 16, "value": 1.0, "supply": [{"l": "Meat, Other", "v": 1.0}]}, {"source": 1, "prod": 0.0010994975579577703, "target": 47, "value": 1.0, "supply": [{"l": "Freshwater Fish", "v": 1.0}]}, {"source": 1, "prod": 0.38986974277433289, "target": 54, "value": 153.0, "supply": [{"l": "Mutton & Goat Meat", "v": 153.0}]}, {"source": 71, "prod": 0.5688322322456999, "target": 33, "value": 67.0, "supply": [{"l": "Fats, Animals, Raw", "v": 67.0}]}, {"source": 71, "prod": 0.020321888259015958, "target": 85, "value": 5.0, "supply": [{"l": "Sweeteners, Other", "v": 5.0}]}, {"source": 71, "prod": 0.0018950967225669646, "target": 56, "value": 3.0, "supply": [{"l": "Beverages, Fermented", "v": 3.0}]}, {"source": 71, "prod": 0.029388576866884623, "target": 35, "value": 3.0, "supply": [{"l": "Soyabean Oil", "v": 3.0}]}, {"source": 71, "prod": 0.069917921434941188, "target": 41, "value": 7.0, "supply": [{"l": "Coconut Oil", "v": 7.0}]}, {"source": 71, "prod": 1.6343314135417499, "target": 7, "value": 77.0, "supply": [{"l": "Fish, Body Oil", "v": 77.0}]}, {"source": 71, "prod": 0.02122508329275, "target": 69, "value": 1.0, "supply": [{"l": "Fish, Liver Oil", "v": 1.0}]}, {"source": 71, "prod": 7.5398131534993045, "target": 24, "value": 1823.0, "supply": [{"l": "Sugar", "v": 1823.0}]}, {"source": 71, "prod": 0.59338614155126979, "target": 25, "value": 58.0, "supply": [{"l": "Maize Germ Oil", "v": 58.0}]}, {"source": 71, "prod": 0.25742786670596379, "target": 26, "value": 459.0, "supply": [{"l": "Beer", "v": 459.0}]}, {"source": 71, "prod": 0.5490726904184019, "target": 27, "value": 53.0, "supply": [{"l": "Groundnut Oil", "v": 53.0}]}, {"source": 71, "prod": 0.35455786806127459, "target": 28, "value": 104.0, "supply": [{"l": "Beverages, Alcoholic", "v": 104.0}]}, {"source": 71, "prod": 0.27729544301818554, "target": 45, "value": 27.0, "supply": [{"l": "Sunflowerseed Oil", "v": 27.0}]}, {"source": 71, "prod": 0.034731954479045458, "target": 66, "value": 3.0, "supply": [{"l": "Cottonseed Oil", "v": 3.0}]}, {"source": 71, "prod": 0.014150055528500001, "target": 67, "value": 2.0, "supply": [{"l": "Palmkernel Oil", "v": 2.0}]}, {"source": 71, "prod": 0.18330753752829546, "target": 74, "value": 19.0, "supply": [{"l": "Oilcrops Oil, Other", "v": 19.0}]}, {"source": 71, "prod": 0.038811580878171437, "target": 78, "value": 4.0, "supply": [{"l": "Palm Oil", "v": 4.0}]}, {"source": 71, "prod": 0.39866243402034784, "target": 31, "value": 48.0, "supply": [{"l": "Butter, Ghee", "v": 48.0}]}, {"source": 71, "prod": 0.33723830154206358, "target": 44, "value": 432.0, "supply": [{"l": "Wine", "v": 432.0}]}]}