{"nodes": [{"name": "Balance", "fill": "#9edae5"}, {"name": "Food", "fill": "#b5cf6b"}, {"name": "Stock Deposit", "fill": "#c7c7c7"}, {"name": "Export", "fill": "#aec7e8"}, {"name": "Biofuels & Other", "fill": "#e7ba52"}, {"name": "Crop Residue", "fill": "#bd9e39"}, {"name": "Renewables & Nuclear", "fill": "#2ca02c"}, {"name": "Fossil Fuels", "fill": "#c49c94"}, {"name": "Stock Draw", "fill": "#c7c7c7"}, {"name": "Labor", "fill": "#7f7f7f"}], "links": [{"source": 0, "target": 1, "value": 38.085325222069628}, {"source": 0, "target": 2, "value": 2.0706820244652753}, {"source": 0, "target": 3, "value": 20.223337404310143}, {"source": 0, "target": 4, "value": 1.9727831619564451}, {"source": 0, "target": 5, "value": 112.45327757782482}, {"source": 6, "target": 0, "value": 0.73577709224915322}, {"source": 7, "target": 0, "value": 50.555459106329359}, {"source": 8, "target": 0, "value": 9.9171805420306356}, {"source": 9, "target": 0, "value": 1.2937180688863521}]}