{"nodes": [{"layer": 13, "name": "Other Processed", "fill": "#9c9ede"}, {"layer": 10, "name": "Feed", "fill": "#dbdb8d"}, {"layer": 13, "name": "Animal Products", "fill": "#17becf"}, {"layer": 5, "name": "Cereals", "fill": "#e7ba52"}, {"layer": 5, "name": "Oilcrops", "fill": "#ff9896"}, {"layer": 5, "name": "Fruits, Roots & Vegetables", "fill": "#98df8a"}, {"layer": 13, "name": "Aquatic Products", "fill": "#1f77b4"}, {"layer": 16, "name": "Food", "fill": "#b5cf6b"}, {"layer": 13, "name": "Sugar", "fill": "#d6616b"}, {"layer": 13, "name": "Vegetable Oils", "fill": "#f7b6d2"}, {"layer": 10, "name": "Processing", "fill": "#9edae5"}, {"layer": 5, "name": "Sugar Crops", "fill": "#ffbb78"}, {"layer": 16, "name": "Biofuels & Other", "fill": "#e7ba52"}, {"name": "Waste", "fill": "#c7c7c7"}, {"layer": 2, "name": "Import", "fill": "#aec7e8"}, {"layer": 16, "name": "Export", "fill": "#aec7e8"}, {"layer": 0, "name": "Stock Draw", "fill": "#c7c7c7"}, {"layer": 16, "name": "Stock Deposit", "fill": "#c7c7c7"}, {"name": "Crop Residue", "fill": "#bd9e39"}, {"layer": 2, "name": "Electricity", "fill": "#bcbd22"}, {"layer": 0, "name": "Fossil Fuels", "fill": "#c49c94"}, {"layer": 0, "name": "Renewables & Nuclear", "fill": "#2ca02c"}, {"layer": 2, "name": "Fertilizers", "fill": "#c5b0d5"}, {"layer": 0, "name": "Labor", "fill": "#7f7f7f"}], "links": [{"source": 0, "prod": 36.0, "target": 1, "value": 0.041839999920000003, "supply": [{"l": "Fish, Body Oil", "v": 0.041839999920000003}]}, {"source": 2, "prod": 244.0, "target": 1, "value": 0.14823838017676796, "supply": [{"l": "Milk - Excluding Butter", "v": 0.14664649892981171}, {"l": "Meat, Other", "v": 0.0015918812469562502}]}, {"source": 3, "prod": 3042.0, "target": 1, "value": 11.042558794097163, "supply": [{"l": "Maize", "v": 10.267524617315651}, {"l": "Wheat", "v": 0.14577649519979166}, {"l": "Oats", "v": 0.076117540084344834}, {"l": "Millet", "v": 0.040428730081428582}, {"l": "Barley", "v": 0.023023819165016949}, {"l": "Sorghum", "v": 0.48296281338589941}, {"l": "Cereals, Other", "v": 0.0067247788650297039}]}, {"source": 4, "prod": 5.0, "target": 1, "value": 0.019295530266136365, "supply": [{"l": "Soyabeans", "v": 0.015436424212909092}, {"l": "Oilcrops, Other", "v": 0.003859106053227273}]}, {"source": 5, "prod": 129.0, "target": 1, "value": 0.093651154593294178, "supply": [{"l": "Potatoes", "v": 0.058593187681394363}, {"l": "Vegetables, Other", "v": 0.016918633686898263}, {"l": "Sweet potatoes", "v": 0.0058150913130821926}, {"l": "Pulses, Other", "v": 0.012324241911919356}]}, {"source": 6, "prod": 1082.0, "target": 1, "value": 1.0384698401005419, "supply": [{"l": "Pelagic Fish", "v": 0.57924263024166789}, {"l": "Demersal Fish", "v": 0.011846558116883723}, {"l": "Fish, Seafood", "v": 0.44738065174199027}]}, {"source": 0, "prod": 1780.0, "target": 7, "value": 1.5875241699115354, "supply": [{"l": "Beer", "v": 0.60210978418529859}, {"l": "Beverages, Alcoholic", "v": 0.16832840622920814}, {"l": "Fats, Animals, Raw", "v": 0.12970884234458335}, {"l": "Butter, Ghee", "v": 0.18192928536642861}, {"l": "Wine", "v": 0.49342030458679176}, {"l": "Beverages, Fermented", "v": 0.012027547199225002}]}, {"source": 2, "prod": 3592.0, "target": 7, "value": 4.4055185578293772, "supply": [{"l": "Meat, Other", "v": 0.0015918812469562502}, {"l": "Eggs", "v": 0.18098908234127906}, {"l": "Mutton & Goat Meat", "v": 0.39707347723373504}, {"l": "Pigmeat", "v": 0.37161524569034049}, {"l": "Milk - Excluding Butter", "v": 1.4085305699678212}, {"l": "Poultry Meat", "v": 0.3485098887702528}, {"l": "Offals, Edible", "v": 0.1682499753251781}, {"l": "Bovine Meat", "v": 1.5289584372538139}]}, {"source": 3, "prod": 5246.0, "target": 7, "value": 18.894817003667118, "supply": [{"l": "Maize", "v": 12.606177939644365}, {"l": "Rye", "v": 0.011577318159681819}, {"l": "Barley", "v": 0.0028779773956271186}, {"l": "Rice", "v": 0.57919736494571783}, {"l": "Cereals, Other", "v": 0.003362389432514852}, {"l": "Wheat", "v": 5.2236577446592003}, {"l": "Oats", "v": 0.023420781564413792}, {"l": "Sorghum", "v": 0.42028824981673701}, {"l": "Millet", "v": 0.024257238048857144}]}, {"source": 4, "prod": 47.0, "target": 7, "value": 0.24092457096312811, "supply": [{"l": "Coconuts - Incl Copra", "v": 0.01197312390873077}, {"l": "Groundnuts", "v": 0.21737412889471552}, {"l": "Soyabeans", "v": 0.011577318159681819}]}, {"source": 5, "prod": 2864.0, "target": 7, "value": 1.8384615756543576, "supply": [{"l": "Vegetables, Other", "v": 0.32510315712079013}, {"l": "Nuts", "v": 0.014150055528500001}, {"l": "Tomatoes", "v": 0.060146020571961362}, {"l": "Coffee", "v": 0.011915836234526318}, {"l": "Treenuts", "v": 0.012128619024428572}, {"l": "Cocoa Beans", "v": 0.048514476097714289}, {"l": "Peas", "v": 0.022342192939736844}, {"l": "Grapes", "v": 0.036284220601013967}, {"l": "Potatoes", "v": 0.42187095130603941}, {"l": "Pimento", "v": 0.024762597174875004}, {"l": "Pepper", "v": 0.0041270995291458343}, {"l": "Beans", "v": 0.31258759031140909}, {"l": "Apples", "v": 0.036033280938854655}, {"l": "Lemons, Limes", "v": 0.02440666662}, {"l": "Pineapples", "v": 0.048180354361504134}, {"l": "Bananas", "v": 0.072560168465912789}, {"l": "Spices, Other", "v": 0.014150055528500001}, {"l": "Tea", "v": 0.011689176306152174}, {"l": "Fruits, Other", "v": 0.10843520493972575}, {"l": "Sweet potatoes", "v": 0.047683748767273978}, {"l": "Grapefruit", "v": 0.011928145982702481}, {"l": "Oranges, Mandarines", "v": 0.072180074194160268}, {"l": "Onions", "v": 0.060309157373672907}, {"l": "Pulses, Other", "v": 0.03697272573575807}]}, {"source": 8, "prod": 1150.0, "target": 7, "value": 4.7475681675758974, "supply": [{"l": "Sugar", "v": 4.7438768487423753}, {"l": "Sweeteners, Other", "v": 0.0036913188335217393}]}, {"source": 6, "prod": 524.0, "target": 7, "value": 0.4368613854728402, "supply": [{"l": "Freshwater Fish", "v": 0.0016539025942402599}, {"l": "Crustaceans", "v": 0.0050940199902600007}, {"l": "Marine Fish, Other", "v": 0.0055773941499197089}, {"l": "Demersal Fish", "v": 0.072264004512990698}, {"l": "Pelagic Fish", "v": 0.132303019191475}, {"l": "Fish, Seafood", "v": 0.21666123984547403}, {"l": "Cephalopods", "v": 0.0024808538913603899}, {"l": "Molluscs, Other", "v": 0.00082695129712012996}]}, {"source": 9, "prod": 201.0, "target": 7, "value": 2.0762827317947457, "supply": [{"l": "Maize Germ Oil", "v": 0.28814658530763637}, {"l": "Groundnut Oil", "v": 0.25325383474303981}, {"l": "Soyabean Oil", "v": 0.088044789955111113}, {"l": "Sunflowerseed Oil", "v": 1.266152197348112}, {"l": "Coconut Oil", "v": 0.02122508329275}, {"l": "Oilcrops Oil, Other", "v": 0.014150055528500001}, {"l": "Cottonseed Oil", "v": 0.10612541646375}, {"l": "Palmkernel Oil", "v": 0.039184769155846164}]}, {"source": 3, "prod": 192.0, "target": 10, "value": 0.61080249788582486, "supply": [{"l": "Barley", "v": 0.34535728747525424}, {"l": "Sorghum", "v": 0.26544521041057068}]}, {"source": 4, "prod": 545.0, "target": 10, "value": 2.329635866235285, "supply": [{"l": "Sunflower seed", "v": 1.3468280125763183}, {"l": "Cottonseed", "v": 0.3164466963646364}, {"l": "Soyabeans", "v": 0.081041227117772743}, {"l": "Groundnuts", "v": 0.54672886964428458}, {"l": "Oilcrops, Other", "v": 0.038591060532272729}]}, {"source": 5, "prod": 875.0, "target": 10, "value": 0.61623956830085413, "supply": [{"l": "Fruits, Other", "v": 0.023597298484292647}, {"l": "Grapes", "v": 0.59264226981656154}]}, {"source": 11, "prod": 17491.0, "target": 10, "value": 4.714259452361782, "supply": [{"l": "Sugar cane", "v": 4.714259452361782}]}, {"source": 8, "prod": 2.0, "target": 10, "value": 0.0082574009551651447, "supply": [{"l": "Sugar", "v": 0.0082574009551651447}]}, {"source": 9, "prod": 2.0, "target": 10, "value": 0.028300111057000001, "supply": [{"l": "Oilcrops Oil, Other", "v": 0.028300111057000001}]}, {"source": 0, "prod": 84.0, "target": 12, "value": 0.65861374385238247, "supply": [{"l": "Fats, Animals, Raw", "v": 0.61395518709769459}, {"l": "Beverages, Alcoholic", "v": 0.04465855675468787}]}, {"source": 2, "prod": 53.0, "target": 12, "value": 0.079698818454861931, "supply": [{"l": "Bovine Meat", "v": 0.01592665038806056}, {"l": "Offals, Edible", "v": 0.063772168066801374}]}, {"source": 3, "prod": 182.0, "target": 12, "value": 0.6619516402236798, "supply": [{"l": "Maize", "v": 0.6619516402236798}]}, {"source": 5, "prod": 31.0, "target": 12, "value": 0.025320460525457649, "supply": [{"l": "Grapes", "v": 0.0035572765295111735}, {"l": "Potatoes", "v": 0.021763183995946477}]}, {"source": 6, "prod": 28.0, "target": 12, "value": 0.023154636319363639, "supply": [{"l": "Aquatic Plants", "v": 0.011577318159681819}, {"l": "Aquatic Products, Other", "v": 0.011577318159681819}]}, {"source": 9, "prod": 33.0, "target": 12, "value": 0.37549255443235052, "supply": [{"l": "Coconut Oil", "v": 0.084900333171}, {"l": "Palm Oil", "v": 0.092219327409879315}, {"l": "Cottonseed Oil", "v": 0.031837624939125002}, {"l": "Palmkernel Oil", "v": 0.039184769155846164}, {"l": "Oilcrops Oil, Other", "v": 0.12735049975650001}]}, {"source": 5, "prod": 69.0, "target": 5, "value": 0.088835054411104411, "supply": [{"l": "Potatoes", "v": 0.049385686760032403}, {"l": "Peas", "v": 0.0044684385879473695}, {"l": "Beans", "v": 0.030872848425818184}, {"l": "Pulses, Other", "v": 0.0041080806373064525}]}, {"source": 2, "prod": 11.0, "target": 2, "value": 0.018098908234127905, "supply": [{"l": "Eggs", "v": 0.018098908234127905}]}, {"source": 3, "prod": 177.0, "target": 3, "value": 0.61805306064829679, "supply": [{"l": "Maize", "v": 0.20367742776113226}, {"l": "Wheat", "v": 0.36791210693280751}, {"l": "Oats", "v": 0.011710390782206896}, {"l": "Rye", "v": 0.0019295530266136365}, {"l": "Barley", "v": 0.014389886978135593}, {"l": "Sorghum", "v": 0.018433695167400743}]}, {"source": 4, "prod": 21.0, "target": 4, "value": 0.12468904730599845, "supply": [{"l": "Sunflower seed", "v": 0.007718212106454546}, {"l": "Soyabeans", "v": 0.003859106053227273}, {"l": "Cottonseed", "v": 0.007718212106454546}, {"l": "Groundnuts", "v": 0.10539351703986208}]}, {"source": 5, "prod": 297.0, "target": 13, "value": 0.14306515541393588, "supply": [{"l": "Potatoes", "v": 0.029296593840697181}, {"l": "Fruits, Other", "v": 0.015169691882759559}, {"l": "Grapefruit", "v": 0.0017541391151033058}, {"l": "Beans", "v": 0.011577318159681819}, {"l": "Apples", "v": 0.008884918587662792}, {"l": "Lemons, Limes", "v": 0.0023244444400000001}, {"l": "Tomatoes", "v": 0.0069590437025409835}, {"l": "Pineapples", "v": 0.0046777043069421501}, {"l": "Bananas", "v": 0.008144508705357557}, {"l": "Vegetables, Other", "v": 0.037818122358949061}, {"l": "Sweet potatoes", "v": 0.0011630182626164384}, {"l": "Oranges, Mandarines", "v": 0.0082829593337560969}, {"l": "Onions", "v": 0.0070126927178689423}]}, {"source": 11, "prod": 921.0, "target": 13, "value": 0.24823240269997146, "supply": [{"l": "Sugar cane", "v": 0.24823240269997146}]}, {"source": 2, "prod": 37.0, "target": 13, "value": 0.037956967173367245, "supply": [{"l": "Milk - Excluding Butter", "v": 0.013276637763192833}, {"l": "Eggs", "v": 0.024680329410174413}]}, {"source": 3, "prod": 345.0, "target": 13, "value": 1.245609769496171, "supply": [{"l": "Maize", "v": 0.97474197571399002}, {"l": "Oats", "v": 0.0058551953911034479}, {"l": "Sorghum", "v": 0.11060217100440446}, {"l": "Wheat", "v": 0.14577649519979166}, {"l": "Barley", "v": 0.0086339321868813563}]}, {"source": 4, "prod": 11.0, "target": 13, "value": 0.061546087917848748, "supply": [{"l": "Soyabeans", "v": 0.003859106053227273}, {"l": "Cottonseed", "v": 0.011577318159681819}, {"l": "Groundnuts", "v": 0.046109663704939657}]}, {"source": 14, "prod": 115.0, "target": 10, "value": 1.0193137976210649, "supply": [{"l": "Sugar", "v": 0.0082574009551651447}, {"l": "Maize Germ Oil", "v": 0.010290949475272726}, {"l": "Groundnut Oil", "v": 0.010130153389721593}, {"l": "Beverages, Alcoholic", "v": 0.020611641579086709}, {"l": "Butter, Ghee", "v": 0.024808538913603902}, {"l": "Fats, Animals, Raw", "v": 0.51018811322202784}, {"l": "Soyabean Oil", "v": 0.044022394977555557}, {"l": "Palm Oil", "v": 0.092219327409879315}, {"l": "Sunflowerseed Oil", "v": 0.010293920303643187}, {"l": "Coconut Oil", "v": 0.095512874817374999}, {"l": "Oilcrops Oil, Other", "v": 0.099050388699500017}, {"l": "Wine", "v": 0.00079328023245464911}, {"l": "Sweeteners, Other", "v": 0.014765275334086957}, {"l": "Palmkernel Oil", "v": 0.078369538311692327}]}, {"source": 14, "prod": 245.0, "target": 3, "value": 0.91371221073050235, "supply": [{"l": "Maize", "v": 0.10547581080487206}, {"l": "Rye", "v": 0.003859106053227273}, {"l": "Barley", "v": 0.13526493759447458}, {"l": "Rice", "v": 0.57503047742812274}, {"l": "Wheat", "v": 0.034708689333283728}, {"l": "Oats", "v": 0.043913965433275859}, {"l": "Sorghum", "v": 0.0073734780669602977}, {"l": "Millet", "v": 0.0080857460162857154}]}, {"source": 14, "prod": 56.0, "target": 4, "value": 0.19654485135101449, "supply": [{"l": "Sunflower seed", "v": 0.1582233481823182}, {"l": "Coconuts - Incl Copra", "v": 0.01197312390873077}, {"l": "Groundnuts", "v": 0.026348379259965519}]}, {"source": 14, "prod": 81.0, "target": 5, "value": 0.14998195057594743, "supply": [{"l": "Roots, Other", "v": 0.002000063800922072}, {"l": "Nuts", "v": 0.014150055528500001}, {"l": "Cocoa Beans", "v": 0.040428730081428582}, {"l": "Tomatoes", "v": 0.00024853727509074945}, {"l": "Pepper", "v": 0.0041270995291458343}, {"l": "Treenuts", "v": 0.012128619024428572}, {"l": "Vegetables, Other", "v": 0.0016586895771468885}, {"l": "Potatoes", "v": 0.0075334098447507039}, {"l": "Coffee", "v": 0.012660575999184211}, {"l": "Beans", "v": 0.027013742372590913}, {"l": "Apples", "v": 0.00049360658820348836}, {"l": "Spices, Other", "v": 0.014150055528500001}, {"l": "Tea", "v": 0.0098435168893913037}, {"l": "Fruits, Other", "v": 0.0011236808802044119}, {"l": "Grapefruit", "v": 0.00035082782302066112}, {"l": "Oranges, Mandarines", "v": 0.0020707398334390242}]}, {"source": 14, "prod": 238.0, "target": 1, "value": 0.16987284784026857, "supply": [{"l": "Freshwater Fish", "v": 0.00082695129712012996}, {"l": "Crustaceans", "v": 0.0033960133268400006}, {"l": "Eggs", "v": 0.0016453552940116278}, {"l": "Milk - Excluding Butter", "v": 0.10862703624430498}, {"l": "Fish, Seafood", "v": 0.021500733725123383}, {"l": "Pelagic Fish", "v": 0.020012221390307148}, {"l": "Demersal Fish", "v": 0.00059232790584418614}, {"l": "Bovine Meat", "v": 0.013272208656717134}]}, {"source": 0, "prod": 35.0, "target": 15, "value": 0.070189834229252498, "supply": [{"l": "Beer", "v": 0.003424321047499328}, {"l": "Beverages, Alcoholic", "v": 0.010305820789543355}, {"l": "Fats, Animals, Raw", "v": 0.02594176846891667}, {"l": "Butter, Ghee", "v": 0.0082695129712012996}, {"l": "Wine", "v": 0.0071395220920918425}, {"l": "Fish, Body Oil", "v": 0.015108888860000001}]}, {"source": 2, "prod": 108.0, "target": 15, "value": 0.18726642207559552, "supply": [{"l": "Meat, Other", "v": 0.0095512874817375009}, {"l": "Eggs", "v": 0.029616395292209302}, {"l": "Pigmeat", "v": 0.0087438881338903658}, {"l": "Milk - Excluding Butter", "v": 0.018104506040717498}, {"l": "Bovine Meat", "v": 0.092905460597019957}, {"l": "Poultry Meat", "v": 0.024274320610863383}, {"l": "Offals, Edible", "v": 0.0040705639191575349}]}, {"source": 3, "prod": 2596.0, "target": 15, "value": 9.3943306907451074, "supply": [{"l": "Maize", "v": 7.8524922595765103}, {"l": "Barley", "v": 0.11799707322071187}, {"l": "Rice", "v": 0.008333775035190184}, {"l": "Cereals, Other", "v": 0.01681194716257426}, {"l": "Wheat", "v": 0.42344600986606146}, {"l": "Oats", "v": 0.035131172346620693}, {"l": "Sorghum", "v": 0.94011845353743795}]}, {"source": 4, "prod": 59.0, "target": 15, "value": 0.3449907738962657, "supply": [{"l": "Sunflower seed", "v": 0.019295530266136365}, {"l": "Cottonseed", "v": 0.003859106053227273}, {"l": "Groundnuts", "v": 0.28324507704462931}, {"l": "Oilcrops, Other", "v": 0.011577318159681819}, {"l": "Soyabeans", "v": 0.027013742372590913}]}, {"source": 5, "prod": 1060.0, "target": 15, "value": 0.51558718447309004, "supply": [{"l": "Infant food", "v": 0.0011622222200000001}, {"l": "Fruits, Other", "v": 0.10843520493972575}, {"l": "Tomatoes", "v": 0.0017397609256352459}, {"l": "Coffee", "v": 0.00074473976465789485}, {"l": "Vegetables, Other", "v": 0.0053078066468700436}, {"l": "Grapes", "v": 0.059050790389885484}, {"l": "Potatoes", "v": 0.010044546459667604}, {"l": "Beans", "v": 0.027013742372590913}, {"l": "Apples", "v": 0.13129935246212793}, {"l": "Lemons, Limes", "v": 0.015108888860000001}, {"l": "Pineapples", "v": 0.042099338762479344}, {"l": "Grapefruit", "v": 0.014734768566867769}, {"l": "Oranges, Mandarines", "v": 0.09495821236198955}, {"l": "Tea", "v": 0.00061521980558695648}, {"l": "Onions", "v": 0.0032725899350055073}]}, {"source": 8, "prod": 737.0, "target": 15, "value": 3.0411027254021126, "supply": [{"l": "Sugar", "v": 3.0222087495904431}, {"l": "Honey", "v": 0.0041287004775825724}, {"l": "Sweeteners, Other", "v": 0.014765275334086957}]}, {"source": 6, "prod": 440.0, "target": 15, "value": 0.39306691791215159, "supply": [{"l": "Crustaceans", "v": 0.0045280177691200008}, {"l": "Pelagic Fish", "v": 0.17343925204932858}, {"l": "Fish, Seafood", "v": 0.18192928536642861}, {"l": "Demersal Fish", "v": 0.033170362727274416}]}, {"source": 9, "prod": 65.0, "target": 15, "value": 0.67455740385723995, "supply": [{"l": "Maize Germ Oil", "v": 0.4219289284861818}, {"l": "Groundnut Oil", "v": 0.15195230084582387}, {"l": "Sunflowerseed Oil", "v": 0.061763521821859131}, {"l": "Oilcrops Oil, Other", "v": 0.028300111057000001}, {"l": "Cottonseed Oil", "v": 0.010612541646375}]}, {"source": 16, "prod": 12.0, "target": 5, "value": 0.047839028768558445, "supply": [{"l": "Beans", "v": 0.038591060532272729}, {"l": "Cocoa Beans", "v": 0.0080857460162857154}, {"l": "Infant food", "v": 0.0011622222200000001}]}, {"source": 16, "prod": 45.0, "target": 4, "value": 0.269139379056971, "supply": [{"l": "Soyabeans", "v": 0.038591060532272729}, {"l": "Groundnuts", "v": 0.23054831852469829}]}, {"source": 2, "prod": 30.0, "target": 17, "value": 0.07963325194030281, "supply": [{"l": "Bovine Meat", "v": 0.07963325194030281}]}, {"source": 3, "prod": 342.0, "target": 17, "value": 1.1537277389308316, "supply": [{"l": "Oats", "v": 0.14637988477758623}, {"l": "Barley", "v": 0.028779773956271185}, {"l": "Cereals, Other", "v": 0.0067247788650297039}, {"l": "Wheat", "v": 0.97184330133194441}]}, {"source": 16, "prod": 1.0, "target": 1, "value": 0.0016453552940116278, "supply": [{"l": "Eggs", "v": 0.0016453552940116278}]}, {"source": 5, "prod": 41.0, "target": 17, "value": 0.018791926425823096, "supply": [{"l": "Fruits, Other", "v": 0.0056184044010220589}, {"l": "Grapefruit", "v": 0.0077182121064545452}, {"l": "Roots, Other", "v": 0.002000063800922072}, {"l": "Apples", "v": 0.0034552461174244186}]}, {"source": 4, "prod": 1.0, "target": 17, "value": 0.003859106053227273, "supply": [{"l": "Oilcrops, Other", "v": 0.003859106053227273}]}, {"source": 16, "prod": 5.0, "target": 10, "value": 0.055153057344039781, "supply": [{"l": "Coconut Oil", "v": 0.010612541646375}, {"l": "Oilcrops Oil, Other", "v": 0.014150055528500001}, {"l": "Groundnut Oil", "v": 0.03039046016916478}]}, {"source": 8, "prod": 199.0, "target": 17, "value": 0.82117401339487106, "supply": [{"l": "Sugar", "v": 0.81748269456134937}, {"l": "Sweeteners, Other", "v": 0.0036913188335217393}]}, {"source": 16, "prod": 680.0, "target": 3, "value": 2.4846435936381042, "supply": [{"l": "Maize", "v": 1.6366936159376702}, {"l": "Sorghum", "v": 0.84794997770043423}]}, {"source": 1, "prod": 2074.0, "target": 6, "value": 1.8915527798048972, "supply": [{"l": "Pelagic Fish", "v": 0.88498490148247155}, {"l": "Crustaceans", "v": 0.0096220377593800015}, {"l": "Freshwater Fish", "v": 0.0016539025942402599}, {"l": "Molluscs, Other", "v": 0.00082695129712012996}, {"l": "Demersal Fish", "v": 0.11728092535714883}, {"l": "Aquatic Plants", "v": 0.011577318159681819}, {"l": "Fish, Seafood", "v": 0.8459711769538929}, {"l": "Marine Fish, Other", "v": 0.0055773941499197089}, {"l": "Cephalopods", "v": 0.0024808538913603899}, {"l": "Aquatic Products, Other", "v": 0.011577318159681819}]}, {"source": 1, "prod": 4064.0, "target": 2, "value": 4.9383123976502734, "supply": [{"l": "Poultry Meat", "v": 0.37278420938111617}, {"l": "Pigmeat", "v": 0.38035913382423087}, {"l": "Bovine Meat", "v": 1.7174238001791973}, {"l": "Eggs", "v": 0.25338471527779072}, {"l": "Milk - Excluding Butter", "v": 1.5865582127015432}, {"l": "Offals, Edible", "v": 0.23609270731113699}, {"l": "Meat, Other", "v": 0.012735049975650002}, {"l": "Mutton & Goat Meat", "v": 0.39707347723373504}]}, {"source": 10, "prod": 1935.0, "target": 0, "value": 2.3581677479131704, "supply": [{"l": "Fats, Animals, Raw", "v": 0.76960579791119466}, {"l": "Beverages, Fermented", "v": 0.012027547199225002}, {"l": "Fish, Body Oil", "v": 0.056948888780000005}, {"l": "Beer", "v": 0.60553410523279794}, {"l": "Beverages, Alcoholic", "v": 0.22329278377343936}, {"l": "Butter, Ghee", "v": 0.1901987983376299}, {"l": "Wine", "v": 0.50055982667888355}]}, {"source": 10, "prod": 301.0, "target": 9, "value": 3.1546328011413358, "supply": [{"l": "Soyabean Oil", "v": 0.088044789955111113}, {"l": "Coconut Oil", "v": 0.10612541646375}, {"l": "Maize Germ Oil", "v": 0.71007551379381817}, {"l": "Groundnut Oil", "v": 0.40520613558886365}, {"l": "Cottonseed Oil", "v": 0.14857558304925}, {"l": "Palmkernel Oil", "v": 0.078369538311692327}, {"l": "Oilcrops Oil, Other", "v": 0.19810077739900001}, {"l": "Palm Oil", "v": 0.092219327409879315}, {"l": "Sunflowerseed Oil", "v": 1.3279157191699711}]}, {"source": 10, "prod": 2088.0, "target": 8, "value": 8.6181023073280478, "supply": [{"l": "Honey", "v": 0.0041287004775825724}, {"l": "Sweeteners, Other", "v": 0.022147913001130438}, {"l": "Sugar", "v": 8.5918256938493336}]}, {"source": 5, "prod": 5319.5, "target": 18, "value": 15.22466332377329, "supply": [{"l": "Roots, Other", "v": 0.0017433333300000001}, {"l": "Tomatoes", "v": 0.9640633314899999}, {"l": "Vegetables, Other", "v": 4.0393033256099997}, {"l": "Peas", "v": 0.02266333329}, {"l": "Potatoes", "v": 1.2220766643299998}, {"l": "Beans", "v": 0.31554333273000001}, {"l": "Pulses, Other", "v": 0.045326666580000008}, {"l": "Sweet potatoes", "v": 0.081936666510000006}, {"l": "Onions", "v": 0.52648666565999991}]}, {"source": 11, "prod": 7364.8000000000002, "target": 18, "value": 1.9849967420247017, "supply": [{"l": "Sugar cane", "v": 1.9849967420247017}]}, {"source": 3, "prod": 23323.0, "target": 18, "value": 80.389527232390179, "supply": [{"l": "Maize", "v": 60.769113217140003}, {"l": "Rye", "v": 0.045326666580000001}, {"l": "Barley", "v": 0.90769267521608477}, {"l": "Rice", "v": 0.49859333238000003}, {"l": "Cereals, Other", "v": 0.067689742369179282}, {"l": "Wheat", "v": 14.58821330544}, {"l": "Oats", "v": 0.65897999874000013}, {"l": "Sorghum", "v": 3.4308799934400001}, {"l": "Millet", "v": 0.10808666646000001}]}, {"source": 4, "prod": 638.0, "target": 18, "value": 2.6100089133708755, "supply": [{"l": "Sunflower seed", "v": 1.1697766644300001}, {"l": "Coconuts - Incl Copra", "v": 0.019176666630000002}, {"l": "Cottonseed", "v": 0.30682666608000003}, {"l": "Groundnuts", "v": 0.56483999892000014}, {"l": "Oilcrops, Other", "v": 0.054043333230000004}, {"l": "Soyabeans", "v": 0.10982999979000001}]}, {"source": 19, "prod": 0, "target": 5, "value": 0.010635836912443781, "supply": "[{\"l\":'Energy for power irrigation',\"v\":0.010635836912443781}]"}, {"source": 19, "prod": 0, "target": 11, "value": 0.036813051834178941, "supply": "[{\"l\":'Energy for power irrigation',\"v\":0.036813051834178941}]"}, {"source": 19, "prod": 0, "target": 3, "value": 0.023316065824694643, "supply": "[{\"l\":'Energy for power irrigation',\"v\":0.023316065824694643}]"}, {"source": 19, "prod": 0, "target": 4, "value": 0.0012756206316644669, "supply": "[{\"l\":'Energy for power irrigation',\"v\":0.0012756206316644669}]"}, {"source": 19, "prod": 0, "target": 10, "value": 1.8000000014399999, "supply": "[{\"l\":'Electricity',\"v\":1.8000000014399999}]"}, {"source": 20, "prod": 0, "target": 19, "value": 4.7389419932709496, "supply": [{"l": "Coal", "v": 4.7380088339393556}, {"l": "Natural gas", "v": 0.0}, {"l": "Oil", "v": 0.00093315933159427214}]}, {"source": 21, "prod": 0, "target": 19, "value": 0.023862530860627153, "supply": [{"l": "Nuclear", "v": 0.0}, {"l": "Hydroelectric", "v": 0.023862530860627153}, {"l": "Renewable", "v": 0.0}]}, {"source": 20, "prod": 0, "target": 5, "value": 2.605284861092779, "supply": [{"l": "Motor Gasoline", "v": 0.10900513918039237}, {"l": "Gas-Diesel oil", "v": 1.4530737740555539}, {"l": "Fuel oil", "v": 0.0049704374976160858}, {"l": "Liquefied petroleum gas (LPG)", "v": 0.007112537486275162}, {"l": "Coal", "v": 0.10651171838950907}, {"l": "Other fossil fuels", "v": 0.9246112544834324}]}, {"source": 20, "prod": 0, "target": 11, "value": 9.0174837602105917, "supply": [{"l": "Motor Gasoline", "v": 0.37729159180174532}, {"l": "Gas-Diesel oil", "v": 5.0294189919937695}, {"l": "Fuel oil", "v": 0.017203815246941884}, {"l": "Liquefied petroleum gas (LPG)", "v": 0.024618110761781796}, {"l": "Coal", "v": 0.36866129504420353}, {"l": "Other fossil fuels", "v": 3.20028995536215}]}, {"source": 20, "prod": 0, "target": 3, "value": 5.7113505794968402, "supply": [{"l": "Motor Gasoline", "v": 0.23896295338887971}, {"l": "Gas-Diesel oil", "v": 3.1854534855059389}, {"l": "Fuel oil", "v": 0.010896279138725439}, {"l": "Liquefied petroleum gas (LPG)", "v": 0.01559222782144897}, {"l": "Coal", "v": 0.23349683316087225}, {"l": "Other fossil fuels", "v": 2.0269488004809753}]}, {"source": 20, "prod": 0, "target": 4, "value": 0.31246766451305441, "supply": [{"l": "Motor Gasoline", "v": 0.013073649552982486}, {"l": "Gas-Diesel oil", "v": 0.17427597854073568}, {"l": "Fuel oil", "v": 0.00059613481031658283}, {"l": "Liquefied petroleum gas (LPG)", "v": 0.00085304989496072059}, {"l": "Coal", "v": 0.012774598427015092}, {"l": "Other fossil fuels", "v": 0.11089425328704387}]}, {"source": 20, "prod": 0, "target": 1, "value": 1.2901698343654688, "supply": [{"l": "Gas-diesel oils used in fisheries", "v": 0.85294083401568577}, {"l": "Fuel oil used in fisheries", "v": 0.43722900034978318}]}, {"source": 22, "prod": 142.47478565679555, "target": 5, "value": 1.4044342086867103, "supply": [{"l": "Potash", "v": 0.32435758359281941}, {"l": "Phosphate", "v": 1.8442557931420711}, {"l": "Nitrogen", "v": 7.3441545475419892}]}, {"source": 22, "prod": 493.13765457522686, "target": 11, "value": 4.8610663878822651, "supply": [{"l": "Potash", "v": 0.32435758359281941}, {"l": "Phosphate", "v": 1.8442557931420711}, {"l": "Nitrogen", "v": 7.3441545475419892}]}, {"source": 22, "prod": 312.33569187643974, "target": 3, "value": 3.0788249881755938, "supply": [{"l": "Potash", "v": 0.32435758359281941}, {"l": "Phosphate", "v": 1.8442557931420711}, {"l": "Nitrogen", "v": 7.3441545475419892}]}, {"source": 22, "prod": 17.087867891537844, "target": 4, "value": 0.16844233953230964, "supply": [{"l": "Potash", "v": 0.32435758359281941}, {"l": "Phosphate", "v": 1.8442557931420711}, {"l": "Nitrogen", "v": 7.3441545475419892}]}, {"source": 20, "prod": 0, "target": 22, "value": 11.457918331270678, "supply": [{"l": "Natural gas (including LNG)", "v": 7.8073971316075159}, {"l": "Fuel oil", "v": 2.3522862868904633}, {"l": "Liquefied petroleum gas (LPG)", "v": 0.64911745638634899}, {"l": "Coal", "v": 0.64911745638634899}]}, {"source": 23, "prod": 0, "target": 3, "value": 0.38257043838841387, "supply": "[{\"l\":'Labor',\"v\":0.38257043838841387}]"}, {"source": 23, "prod": 0, "target": 4, "value": 0.020930406868053683, "supply": "[{\"l\":'Labor',\"v\":0.020930406868053683}]"}, {"source": 23, "prod": 0, "target": 5, "value": 0.17451300836146014, "supply": "[{\"l\":'Labor',\"v\":0.17451300836146014}]"}, {"source": 23, "prod": 0, "target": 11, "value": 0.60402923394138619, "supply": "[{\"l\":'Labor',\"v\":0.60402923394138619}]"}, {"source": 20, "prod": 0, "target": 14, "value": 6.6962191771852746, "supply": "[{\"l\":'Fossil Fuels',\"v\":6.6962191771852746}]"}, {"source": 21, "prod": 0, "target": 14, "value": 0.74799171291312039, "supply": "[{\"l\":'Renewables & Nuclear',\"v\":0.011938929724285861},{\"l\":'Biomass & Waste',\"v\":0.73605278318883449}]"}]}