{"nodes": [{"name": "Balance", "fill": "#9edae5"}, {"name": "Food", "fill": "#b5cf6b"}, {"name": "Stock Deposit", "fill": "#c7c7c7"}, {"name": "Export", "fill": "#aec7e8"}, {"name": "Biofuels & Other", "fill": "#e7ba52"}, {"name": "Crop Residue", "fill": "#bd9e39"}, {"name": "Renewables & Nuclear", "fill": "#2ca02c"}, {"name": "Fossil Fuels", "fill": "#c49c94"}, {"name": "Stock Draw", "fill": "#c7c7c7"}, {"name": "Labor", "fill": "#7f7f7f"}], "links": [{"source": 0, "target": 1, "value": 31.991862731500618}, {"source": 0, "target": 2, "value": 0.30719846686400837}, {"source": 0, "target": 3, "value": 19.573313028033919}, {"source": 0, "target": 4, "value": 1.3946533503514964}, {"source": 0, "target": 5, "value": 101.21419653453897}, {"source": 6, "target": 0, "value": 1.0215359975309517}, {"source": 7, "target": 0, "value": 35.944451481860341}, {"source": 8, "target": 0, "value": 2.8170073128408766}, {"source": 9, "target": 0, "value": 1.1011221491287615}]}