{"nodes": [{"layer": 13, "name": "Other Processed", "fill": "#9c9ede"}, {"layer": 10, "name": "Feed", "fill": "#dbdb8d"}, {"layer": 13, "name": "Animal Products", "fill": "#17becf"}, {"layer": 5, "name": "Cereals", "fill": "#e7ba52"}, {"layer": 5, "name": "Oilcrops", "fill": "#ff9896"}, {"layer": 5, "name": "Starchy Roots"}, {"layer": 5, "name": "Fruits & Vegetables"}, {"layer": 13, "name": "Aquatic Products", "fill": "#1f77b4"}, {"layer": 16, "name": "Food", "fill": "#b5cf6b"}, {"layer": 13, "name": "Sugar", "fill": "#d6616b"}, {"layer": 5, "name": "Others"}, {"layer": 13, "name": "Vegetable Oils", "fill": "#f7b6d2"}, {"layer": 10, "name": "Processing", "fill": "#9edae5"}, {"layer": 5, "name": "Sugar Crops", "fill": "#ffbb78"}, {"layer": 16, "name": "Biofuels & Other", "fill": "#e7ba52"}, {"name": "Seed", "fill": "#dbdb8d"}, {"name": "Waste", "fill": "#c7c7c7"}, {"layer": 0, "name": "Import", "fill": "#aec7e8"}, {"layer": 16, "name": "Export", "fill": "#aec7e8"}, {"layer": 0, "name": "Stock Draw", "fill": "#c7c7c7"}, {"layer": 16, "name": "Stock Deposit", "fill": "#c7c7c7"}, {"layer": 0, "name": "Production", "fill": "#b5cf6b"}], "links": [{"source": 0, "prod": 0.034866666599999999, "target": 1, "value": 30.0, "supply": [{"l": "Fish, Body Oil", "v": 30.0}]}, {"source": 2, "prod": 0.20066149127673644, "target": 1, "value": 321.0, "supply": [{"l": "Milk - Excluding Butter", "v": 320.0}, {"l": "Meat, Other", "v": 1.0}]}, {"source": 3, "prod": 10.970238915401799, "target": 1, "value": 3026.0, "supply": [{"l": "Maize", "v": 2838.0}, {"l": "Wheat", "v": 45.0}, {"l": "Oats", "v": 30.0}, {"l": "Millet", "v": 3.0}, {"l": "Barley", "v": 10.0}, {"l": "Sorghum", "v": 97.0}, {"l": "Cereals, Other", "v": 3.0}]}, {"source": 4, "prod": 0.019295530266136365, "target": 1, "value": 5.0, "supply": [{"l": "Soyabeans", "v": 2.0}, {"l": "Oilcrops, Other", "v": 3.0}]}, {"source": 5, "prod": 0.060767569726037723, "target": 1, "value": 72.0, "supply": [{"l": "Potatoes", "v": 68.0}, {"l": "Sweet potatoes", "v": 4.0}]}, {"source": 6, "prod": 0.02376710833622947, "target": 1, "value": 49.0, "supply": [{"l": "Vegetables, Other", "v": 47.0}, {"l": "Pulses, Other", "v": 2.0}]}, {"source": 7, "prod": 1.5061494711458294, "target": 1, "value": 1298.0, "supply": [{"l": "Pelagic Fish", "v": 632.0}, {"l": "Demersal Fish", "v": 17.0}, {"l": "Fish, Seafood", "v": 649.0}]}, {"source": 0, "prod": 1.8450304007484848, "target": 8, "value": 1719.0, "supply": [{"l": "Beer", "v": 930.0}, {"l": "Beverages, Alcoholic", "v": 151.0}, {"l": "Fats, Animals, Raw", "v": 14.0}, {"l": "Butter, Ghee", "v": 26.0}, {"l": "Wine", "v": 587.0}, {"l": "Beverages, Fermented", "v": 11.0}]}, {"source": 2, "prod": 4.1659011862738566, "target": 8, "value": 3364.0, "supply": [{"l": "Pigmeat", "v": 90.0}, {"l": "Meat, Other", "v": 3.0}, {"l": "Eggs", "v": 102.0}, {"l": "Mutton & Goat Meat", "v": 152.0}, {"l": "Milk - Excluding Butter", "v": 2194.0}, {"l": "Poultry Meat", "v": 197.0}, {"l": "Offals, Edible", "v": 108.0}, {"l": "Bovine Meat", "v": 518.0}]}, {"source": 3, "prod": 16.690230525553975, "target": 8, "value": 4648.0, "supply": [{"l": "Maize", "v": 2857.0}, {"l": "Rye", "v": 3.0}, {"l": "Barley", "v": 1.0}, {"l": "Rice", "v": 90.0}, {"l": "Cereals, Other", "v": 2.0}, {"l": "Wheat", "v": 1560.0}, {"l": "Oats", "v": 11.0}, {"l": "Sorghum", "v": 115.0}, {"l": "Millet", "v": 9.0}]}, {"source": 4, "prod": 0.1882893899772119, "target": 8, "value": 39.0, "supply": [{"l": "Coconuts - Incl Copra", "v": 12.0}, {"l": "Groundnuts", "v": 24.0}, {"l": "Soyabeans", "v": 3.0}]}, {"source": 9, "prod": 5.0361776096816531, "target": 8, "value": 1221.0, "supply": [{"l": "Sugar", "v": 1220.0}, {"l": "Sweeteners, Other", "v": 1.0}]}, {"source": 5, "prod": 0.44759935973281523, "target": 8, "value": 527.0, "supply": [{"l": "Potatoes", "v": 491.0}, {"l": "Sweet potatoes", "v": 36.0}]}, {"source": 6, "prod": 1.1853034627831929, "target": 8, "value": 2231.0, "supply": [{"l": "Vegetables, Other", "v": 931.0}, {"l": "Tomatoes", "v": 293.0}, {"l": "Treenuts", "v": 2.0}, {"l": "Peas", "v": 7.0}, {"l": "Grapes", "v": 39.0}, {"l": "Dates", "v": 1.0}, {"l": "Beans", "v": 63.0}, {"l": "Apples", "v": 93.0}, {"l": "Lemons, Limes", "v": 17.0}, {"l": "Pineapples", "v": 80.0}, {"l": "Bananas", "v": 79.0}, {"l": "Fruits, Other", "v": 198.0}, {"l": "Grapefruit", "v": 23.0}, {"l": "Oranges, Mandarines", "v": 278.0}, {"l": "Onions", "v": 119.0}, {"l": "Pulses, Other", "v": 8.0}]}, {"source": 10, "prod": 0.12075405140389769, "target": 8, "value": 57.0, "supply": [{"l": "Nuts", "v": 2.0}, {"l": "Coffee", "v": 14.0}, {"l": "Cocoa Beans", "v": 5.0}, {"l": "Pimento", "v": 8.0}, {"l": "Pepper", "v": 1.0}, {"l": "Spices, Other", "v": 3.0}, {"l": "Tea", "v": 24.0}]}, {"source": 7, "prod": 0.53448728928725209, "target": 8, "value": 532.0, "supply": [{"l": "Freshwater Fish", "v": 2.0}, {"l": "Crustaceans", "v": 8.0}, {"l": "Marine Fish, Other", "v": 9.0}, {"l": "Demersal Fish", "v": 94.0}, {"l": "Pelagic Fish", "v": 151.0}, {"l": "Fish, Seafood", "v": 266.0}, {"l": "Cephalopods", "v": 1.0}, {"l": "Molluscs, Other", "v": 1.0}]}, {"source": 11, "prod": 2.0180998188368799, "target": 8, "value": 196.0, "supply": [{"l": "Maize Germ Oil", "v": 51.0}, {"l": "Groundnut Oil", "v": 55.0}, {"l": "Soyabean Oil", "v": 8.0}, {"l": "Sunflowerseed Oil", "v": 74.0}, {"l": "Coconut Oil", "v": 3.0}, {"l": "Oilcrops Oil, Other", "v": 1.0}, {"l": "Cottonseed Oil", "v": 2.0}, {"l": "Palmkernel Oil", "v": 2.0}]}, {"source": 3, "prod": 0.54468576131311619, "target": 12, "value": 170.0, "supply": [{"l": "Barley", "v": 102.0}, {"l": "Sorghum", "v": 68.0}]}, {"source": 4, "prod": 2.1730961760162186, "target": 12, "value": 460.0, "supply": [{"l": "Sunflower seed", "v": 262.0}, {"l": "Cottonseed", "v": 21.0}, {"l": "Soyabeans", "v": 13.0}, {"l": "Groundnuts", "v": 153.0}, {"l": "Oilcrops, Other", "v": 11.0}, {"l": "Oil Palm", "v": 6.5383902698533997e-15}]}, {"source": 13, "prod": 7.2669378923552816, "target": 12, "value": 18260.0, "supply": [{"l": "Sugar cane", "v": 18260.0}]}, {"source": 9, "prod": 0.0041249352112880588, "target": 12, "value": 1.0, "supply": [{"l": "Sugar", "v": 1.0}]}, {"source": 6, "prod": 0.70532990349130176, "target": 12, "value": 839.0, "supply": [{"l": "Apples", "v": 28.0}, {"l": "Grapes", "v": 811.0}]}, {"source": 11, "prod": 0.0169800666342, "target": 12, "value": 2.0, "supply": [{"l": "Oilcrops Oil, Other", "v": 2.0}]}, {"source": 0, "prod": 0.53798167257491947, "target": 14, "value": 89.0, "supply": [{"l": "Fats, Animals, Raw", "v": 51.0}, {"l": "Beverages, Alcoholic", "v": 38.0}]}, {"source": 2, "prod": 0.064500690157503496, "target": 14, "value": 42.0, "supply": [{"l": "Bovine Meat", "v": 6.0}, {"l": "Offals, Edible", "v": 36.0}]}, {"source": 3, "prod": 0.50554574023353327, "target": 14, "value": 139.0, "supply": [{"l": "Maize", "v": 139.0}]}, {"source": 5, "prod": 0.018876873218471538, "target": 14, "value": 23.0, "supply": [{"l": "Potatoes", "v": 23.0}]}, {"source": 6, "prod": 0.0033960133268400006, "target": 14, "value": 4.0, "supply": [{"l": "Grapes", "v": 4.0}]}, {"source": 7, "prod": 0.094122177255522105, "target": 14, "value": 86.0, "supply": [{"l": "Aquatic Plants", "v": 43.0}, {"l": "Aquatic Products, Other", "v": 43.0}]}, {"source": 11, "prod": 0.37510059479935964, "target": 14, "value": 41.0, "supply": [{"l": "Coconut Oil", "v": 8.0}, {"l": "Palm Oil", "v": 10.0}, {"l": "Cottonseed Oil", "v": 1.0}, {"l": "Palmkernel Oil", "v": 2.0}, {"l": "Oilcrops Oil, Other", "v": 20.0}]}, {"source": 5, "prod": 0.049244017091664878, "target": 15, "value": 60.0, "supply": [{"l": "Potatoes", "v": 60.0}]}, {"source": 6, "prod": 0.042145547334539242, "target": 15, "value": 11.0, "supply": [{"l": "Peas", "v": 1.0}, {"l": "Beans", "v": 9.0}, {"l": "Pulses, Other", "v": 1.0}]}, {"source": 2, "prod": 0.01645355294011628, "target": 2, "value": 10.0, "supply": [{"l": "Eggs", "v": 10.0}]}, {"source": 3, "prod": 0.65288076051592581, "target": 15, "value": 187.0, "supply": [{"l": "Maize", "v": 50.0}, {"l": "Wheat", "v": 119.0}, {"l": "Oats", "v": 5.0}, {"l": "Rye", "v": 1.0}, {"l": "Barley", "v": 6.0}, {"l": "Sorghum", "v": 6.0}]}, {"source": 4, "prod": 0.070973993935440724, "target": 15, "value": 13.0, "supply": [{"l": "Sunflower seed", "v": 3.0}, {"l": "Soyabeans", "v": 1.0}, {"l": "Cottonseed", "v": 1.0}, {"l": "Groundnuts", "v": 8.0}]}, {"source": 2, "prod": 0.042319842587797744, "target": 16, "value": 45.0, "supply": [{"l": "Milk - Excluding Butter", "v": 31.0}, {"l": "Eggs", "v": 14.0}]}, {"source": 3, "prod": 1.1381913382260653, "target": 16, "value": 316.0, "supply": [{"l": "Maize", "v": 250.0}, {"l": "Oats", "v": 3.0}, {"l": "Sorghum", "v": 16.0}, {"l": "Wheat", "v": 45.0}, {"l": "Barley", "v": 2.0}]}, {"source": 4, "prod": 0.065856483734421933, "target": 16, "value": 11.0, "supply": [{"l": "Soyabeans", "v": 1.0}, {"l": "Cottonseed", "v": 1.0}, {"l": "Groundnuts", "v": 9.0}]}, {"source": 13, "prod": 0.3824494695812391, "target": 16, "value": 961.0, "supply": [{"l": "Sugar cane", "v": 961.0}]}, {"source": 5, "prod": 0.029144363940814481, "target": 16, "value": 35.0, "supply": [{"l": "Potatoes", "v": 34.0}, {"l": "Sweet potatoes", "v": 1.0}]}, {"source": 6, "prod": 0.11080411828903093, "target": 16, "value": 254.0, "supply": [{"l": "Fruits, Other", "v": 25.0}, {"l": "Grapefruit", "v": 4.0}, {"l": "Beans", "v": 2.0}, {"l": "Apples", "v": 19.0}, {"l": "Lemons, Limes", "v": 1.0}, {"l": "Tomatoes", "v": 34.0}, {"l": "Pineapples", "v": 9.0}, {"l": "Bananas", "v": 9.0}, {"l": "Vegetables, Other", "v": 107.0}, {"l": "Oranges, Mandarines", "v": 30.0}, {"l": "Onions", "v": 14.0}]}, {"source": 17, "prod": 0.10354246981965873, "target": 10, "value": 51.0, "supply": [{"l": "Nuts", "v": 2.0}, {"l": "Pepper", "v": 1.0}, {"l": "Cocoa Beans", "v": 6.0}, {"l": "Pimento", "v": 2.0}, {"l": "Coffee", "v": 16.0}, {"l": "Spices, Other", "v": 3.0}, {"l": "Tea", "v": 21.0}]}, {"source": 17, "prod": 0.13161711863879114, "target": 1, "value": 95.0, "supply": [{"l": "Pigmeat", "v": 1.0}, {"l": "Crustaceans", "v": 5.0}, {"l": "Eggs", "v": 1.0}, {"l": "Milk - Excluding Butter", "v": 39.0}, {"l": "Fish, Seafood", "v": 12.0}, {"l": "Pelagic Fish", "v": 5.0}, {"l": "Offals, Edible", "v": 1.0}, {"l": "Demersal Fish", "v": 2.0}, {"l": "Bovine Meat", "v": 29.0}]}, {"source": 17, "prod": 1.2325017779883098, "target": 12, "value": 175.0, "supply": [{"l": "Sugar", "v": 56.0}, {"l": "Maize Germ Oil", "v": 1.0}, {"l": "Beer", "v": 1.0}, {"l": "Groundnut Oil", "v": 4.0}, {"l": "Beverages, Alcoholic", "v": 5.0}, {"l": "Fats, Animals, Raw", "v": 45.0}, {"l": "Soyabean Oil", "v": 6.0}, {"l": "Palm Oil", "v": 11.0}, {"l": "Coconut Oil", "v": 20.0}, {"l": "Oilcrops Oil, Other", "v": 18.0}, {"l": "Wine", "v": 1.0}, {"l": "Sweeteners, Other", "v": 3.0}, {"l": "Fish, Body Oil", "v": 1.0}, {"l": "Palmkernel Oil", "v": 3.0}]}, {"source": 17, "prod": 0.69849414546440036, "target": 3, "value": 187.0, "supply": [{"l": "Maize", "v": 43.0}, {"l": "Barley", "v": 47.0}, {"l": "Rice", "v": 90.0}, {"l": "Wheat", "v": 6.0}, {"l": "Sorghum", "v": 1.0}]}, {"source": 17, "prod": 0.046286961213754307, "target": 6, "value": 28.0, "supply": [{"l": "Tomatoes", "v": 1.0}, {"l": "Treenuts", "v": 2.0}, {"l": "Vegetables, Other", "v": 9.0}, {"l": "Dates", "v": 1.0}, {"l": "Beans", "v": 7.0}, {"l": "Apples", "v": 1.0}, {"l": "Fruits, Other", "v": 2.0}, {"l": "Oranges, Mandarines", "v": 5.0}]}, {"source": 17, "prod": 0.052633422845287971, "target": 4, "value": 18.0, "supply": [{"l": "Coconuts - Incl Copra", "v": 12.0}, {"l": "Groundnuts", "v": 3.0}, {"l": "Oilcrops, Other", "v": 1.0}, {"l": "Soyabeans", "v": 2.0}]}, {"source": 17, "prod": 0.0069845562495652828, "target": 5, "value": 8.0, "supply": [{"l": "Roots, Other", "v": 2.0}, {"l": "Potatoes", "v": 6.0}]}, {"source": 0, "prod": 0.094955542476964805, "target": 18, "value": 38.0, "supply": [{"l": "Beer", "v": 4.0}, {"l": "Beverages, Alcoholic", "v": 1.0}, {"l": "Fats, Animals, Raw", "v": 7.0}, {"l": "Butter, Ghee", "v": 1.0}, {"l": "Wine", "v": 11.0}, {"l": "Fish, Body Oil", "v": 14.0}]}, {"source": 2, "prod": 0.15340946513181566, "target": 18, "value": 87.0, "supply": [{"l": "Meat, Other", "v": 1.0}, {"l": "Eggs", "v": 13.0}, {"l": "Mutton & Goat Meat", "v": 1.0}, {"l": "Pigmeat", "v": 3.0}, {"l": "Milk - Excluding Butter", "v": 32.0}, {"l": "Bovine Meat", "v": 34.0}, {"l": "Poultry Meat", "v": 2.0}, {"l": "Offals, Edible", "v": 1.0}]}, {"source": 3, "prod": 8.6025764376616642, "target": 18, "value": 2385.0, "supply": [{"l": "Maize", "v": 2226.0}, {"l": "Barley", "v": 12.0}, {"l": "Rice", "v": 1.0}, {"l": "Cereals, Other", "v": 3.0}, {"l": "Wheat", "v": 36.0}, {"l": "Oats", "v": 95.0}, {"l": "Sorghum", "v": 9.0}, {"l": "Millet", "v": 3.0}]}, {"source": 4, "prod": 0.23498600119759985, "target": 18, "value": 40.0, "supply": [{"l": "Sunflower seed", "v": 6.0}, {"l": "Cottonseed", "v": 1.0}, {"l": "Groundnuts", "v": 31.0}, {"l": "Oilcrops, Other", "v": 1.0}, {"l": "Soyabeans", "v": 1.0}]}, {"source": 9, "prod": 3.7113368402560525, "target": 18, "value": 900.0, "supply": [{"l": "Sugar", "v": 897.0}, {"l": "Sweeteners, Other", "v": 3.0}]}, {"source": 5, "prod": 0.011490270654721807, "target": 18, "value": 14.0, "supply": [{"l": "Potatoes", "v": 14.0}]}, {"source": 6, "prod": 0.54044273950306265, "target": 18, "value": 1001.0, "supply": [{"l": "Vegetables, Other", "v": 11.0}, {"l": "Fruits, Other", "v": 225.0}, {"l": "Tomatoes", "v": 10.0}, {"l": "Grapes", "v": 36.0}, {"l": "Beans", "v": 5.0}, {"l": "Apples", "v": 232.0}, {"l": "Lemons, Limes", "v": 8.0}, {"l": "Pineapples", "v": 95.0}, {"l": "Grapefruit", "v": 54.0}, {"l": "Oranges, Mandarines", "v": 317.0}, {"l": "Onions", "v": 8.0}]}, {"source": 10, "prod": 0.0088718602123134937, "target": 18, "value": 2.0, "supply": [{"l": "Coffee", "v": 1.0}, {"l": "Cocoa Beans", "v": 1.0}]}, {"source": 7, "prod": 0.53624868786750501, "target": 18, "value": 478.0, "supply": [{"l": "Crustaceans", "v": 6.0}, {"l": "Pelagic Fish", "v": 210.0}, {"l": "Fish, Seafood", "v": 239.0}, {"l": "Demersal Fish", "v": 23.0}]}, {"source": 11, "prod": 0.25528133615488807, "target": 18, "value": 25.0, "supply": [{"l": "Maize Germ Oil", "v": 14.0}, {"l": "Groundnut Oil", "v": 7.0}, {"l": "Palm Oil", "v": 1.0}, {"l": "Sunflowerseed Oil", "v": 2.0}, {"l": "Oilcrops Oil, Other", "v": 1.0}]}, {"source": 19, "prod": 0.00083508524430491826, "target": 6, "value": 2.0, "supply": [{"l": "Pineapples", "v": 2.0}]}, {"source": 11, "prod": 0.20945805881003288, "target": 20, "value": 20.0, "supply": [{"l": "Coconut Oil", "v": 9.0}, {"l": "Groundnut Oil", "v": 11.0}]}, {"source": 7, "prod": 0.044598989090143711, "target": 20, "value": 52.0, "supply": [{"l": "Fish, Seafood", "v": 26.0}, {"l": "Demersal Fish", "v": 19.0}, {"l": "Pelagic Fish", "v": 7.0}]}, {"source": 3, "prod": 1.5620284308704007, "target": 20, "value": 450.0, "supply": [{"l": "Wheat", "v": 450.0}]}, {"source": 6, "prod": 0.0069733333200000004, "target": 20, "value": 6.0, "supply": [{"l": "Grapefruit", "v": 6.0}]}, {"source": 19, "prod": 0.053089684697676665, "target": 1, "value": 20.0, "supply": [{"l": "Bovine Meat", "v": 20.0}]}, {"source": 19, "prod": 0.75579753116357606, "target": 4, "value": 117.0, "supply": [{"l": "Groundnuts", "v": 117.0}]}, {"source": 19, "prod": 0.086623639437049246, "target": 12, "value": 21.0, "supply": [{"l": "Sugar", "v": 21.0}]}, {"source": 5, "prod": 0.0020601545403987945, "target": 20, "value": 2.0, "supply": [{"l": "Roots, Other", "v": 2.0}]}, {"source": 9, "prod": 0.0075133038204424785, "target": 20, "value": 2.0, "supply": [{"l": "Sweeteners, Other", "v": 2.0}]}, {"source": 19, "prod": 3.1022843973399441, "target": 3, "value": 864.0, "supply": [{"l": "Maize", "v": 800.0}, {"l": "Oats", "v": 50.0}, {"l": "Barley", "v": 14.0}]}, {"source": 21, "prod": 36.872918324995396, "target": 3, "value": 10272.0, "supply": [{"l": "Maize", "v": 7518.0}, {"l": "Rye", "v": 4.0}, {"l": "Barley", "v": 73.0}, {"l": "Rice", "v": 2.0}, {"l": "Cereals, Other", "v": 8.0}, {"l": "Wheat", "v": 2248.0}, {"l": "Oats", "v": 94.0}, {"l": "Sorghum", "v": 310.0}, {"l": "Millet", "v": 15.0}]}, {"source": 21, "prod": 1.9402075150649378, "target": 4, "value": 432.0, "supply": [{"l": "Sunflower seed", "v": 271.0}, {"l": "Soyabeans", "v": 18.0}, {"l": "Oilcrops, Other", "v": 15.0}, {"l": "Cottonseed", "v": 23.0}, {"l": "Groundnuts", "v": 105.0}, {"l": "Oil Palm", "v": 6.5383902698533997e-15}]}, {"source": 21, "prod": 7.6493873619365207, "target": 13, "value": 19221.0, "supply": [{"l": "Sugar cane", "v": 19221.0}]}, {"source": 21, "prod": 0.6121980526553592, "target": 5, "value": 725.0, "supply": [{"l": "Potatoes", "v": 684.0}, {"l": "Sweet potatoes", "v": 41.0}]}, {"source": 21, "prod": 2.5775998486544078, "target": 6, "value": 4364.0, "supply": [{"l": "Fruits, Other", "v": 446.0}, {"l": "Tomatoes", "v": 335.0}, {"l": "Vegetables, Other", "v": 1086.0}, {"l": "Peas", "v": 8.0}, {"l": "Grapes", "v": 890.0}, {"l": "Beans", "v": 73.0}, {"l": "Apples", "v": 371.0}, {"l": "Lemons, Limes", "v": 26.0}, {"l": "Pineapples", "v": 182.0}, {"l": "Bananas", "v": 87.0}, {"l": "Grapefruit", "v": 87.0}, {"l": "Oranges, Mandarines", "v": 620.0}, {"l": "Onions", "v": 141.0}, {"l": "Pulses, Other", "v": 12.0}]}, {"source": 21, "prod": 0.031114572651130219, "target": 10, "value": 10.0, "supply": [{"l": "Pimento", "v": 7.0}, {"l": "Tea", "v": 3.0}]}, {"source": 1, "prod": 2.7156066146462523, "target": 7, "value": 2446.0, "supply": [{"l": "Pelagic Fish", "v": 1000.0}, {"l": "Crustaceans", "v": 14.0}, {"l": "Freshwater Fish", "v": 2.0}, {"l": "Molluscs, Other", "v": 1.0}, {"l": "Demersal Fish", "v": 153.0}, {"l": "Aquatic Plants", "v": 43.0}, {"l": "Fish, Seafood", "v": 1180.0}, {"l": "Marine Fish, Other", "v": 9.0}, {"l": "Cephalopods", "v": 1.0}, {"l": "Aquatic Products, Other", "v": 43.0}]}, {"source": 1, "prod": 4.6267926754277102, "target": 2, "value": 3859.0, "supply": [{"l": "Poultry Meat", "v": 199.0}, {"l": "Pigmeat", "v": 93.0}, {"l": "Bovine Meat", "v": 558.0}, {"l": "Eggs", "v": 139.0}, {"l": "Milk - Excluding Butter", "v": 2577.0}, {"l": "Offals, Edible", "v": 145.0}, {"l": "Meat, Other", "v": 5.0}, {"l": "Mutton & Goat Meat", "v": 153.0}]}, {"source": 12, "prod": 2.5128342824003691, "target": 0, "value": 1876.0, "supply": [{"l": "Fats, Animals, Raw", "v": 72.0}, {"l": "Beverages, Fermented", "v": 11.0}, {"l": "Fish, Body Oil", "v": 44.0}, {"l": "Beer", "v": 934.0}, {"l": "Beverages, Alcoholic", "v": 190.0}, {"l": "Butter, Ghee", "v": 27.0}, {"l": "Wine", "v": 598.0}]}, {"source": 12, "prod": 2.8749198752353609, "target": 11, "value": 284.0, "supply": [{"l": "Soyabean Oil", "v": 8.0}, {"l": "Coconut Oil", "v": 20.0}, {"l": "Maize Germ Oil", "v": 65.0}, {"l": "Groundnut Oil", "v": 73.0}, {"l": "Cottonseed Oil", "v": 3.0}, {"l": "Palmkernel Oil", "v": 4.0}, {"l": "Oilcrops Oil, Other", "v": 24.0}, {"l": "Palm Oil", "v": 11.0}, {"l": "Sunflowerseed Oil", "v": 76.0}]}, {"source": 12, "prod": 8.7591526889694364, "target": 9, "value": 2124.0, "supply": [{"l": "Sweeteners, Other", "v": 6.0}, {"l": "Sugar", "v": 2118.0}]}]}