{"nodes": [{"name": "Balance", "fill": "#9edae5"}, {"name": "Food", "fill": "#b5cf6b"}, {"name": "Stock Deposit", "fill": "#c7c7c7"}, {"name": "Export", "fill": "#aec7e8"}, {"name": "Biofuels & Other", "fill": "#e7ba52"}, {"name": "Renewables & Nuclear", "fill": "#2ca02c"}, {"name": "Fossil Fuels", "fill": "#c49c94"}, {"name": "Stock Draw", "fill": "#c7c7c7"}, {"name": "Labor", "fill": "#7f7f7f"}], "links": [{"source": 0, "target": 1, "value": 6.4164552760377012}, {"source": 0, "target": 2, "value": 0.1289529957893879}, {"source": 0, "target": 3, "value": 0.016610934750847826}, {"source": 0, "target": 4, "value": 0.2845765806700804}, {"source": 5, "target": 0, "value": 6.1595870193661222}, {"source": 6, "target": 0, "value": 1.9577615712611269}, {"source": 7, "target": 0, "value": 0.37051787402386221}, {"source": 8, "target": 0, "value": 1.3448534789121502}]}