{"nodes": [{"layer": 3, "name": "Oilcrops", "fill": "#ff9896"}, {"layer": 5, "name": "Production", "fill": "#b5cf6b"}, {"layer": 3, "name": "Treenuts"}, {"layer": 3, "name": "Pulses"}, {"layer": 3, "name": "Vegetables"}, {"layer": 3, "name": "Sugar Crops", "fill": "#ffbb78"}, {"layer": 3, "name": "Others"}, {"layer": 3, "name": "Starchy Roots"}, {"layer": 3, "name": "Fruits - Excluding Wine"}, {"layer": 3, "name": "Cereals - Excluding Beer"}, {"layer": 3, "name": "Stimulants"}, {"layer": 1, "name": "Electricity", "fill": "#bcbd22"}, {"layer": 0, "name": "Fossil Fuels", "fill": "#c49c94"}, {"layer": 0, "name": "Renewables & Nuclear", "fill": "#2ca02c"}, {"layer": 1, "name": "Fertilizers", "fill": "#c5b0d5"}, {"layer": 0, "name": "Labor", "fill": "#7f7f7f"}], "links": [{"source": 0, "prod": 291.70119521912352, "target": 1, "value": 1.572089106628284, "supply": [{"l": "Sunflower seed", "v": 0.074609383695727283}, {"l": "Sesame seed", "v": 0.025470099951300004}, {"l": "Groundnuts", "v": 0.083613964486590933}, {"l": "Oilcrops, Other", "v": 0.022382815108718184}, {"l": "Cottonseed", "v": 0.45511724054393637}, {"l": "Palm kernels", "v": 0.12683595228273639}, {"l": "Oil Palm", "v": 0.78405965055927507}]}, {"source": 2, "prod": 1.0, "target": 1, "value": 0.00265313541159375, "supply": [{"l": "Treenuts", "v": 0.00265313541159375}]}, {"source": 3, "prod": 75.0, "target": 1, "value": 0.2928071723676004, "supply": [{"l": "Beans", "v": 0.2928071723676004}]}, {"source": 4, "prod": 195.0, "target": 1, "value": 0.051082332628679915, "supply": [{"l": "Tomatoes", "v": 0.00079161149809790212}, {"l": "Vegetables, Other", "v": 0.050290721130582014}]}, {"source": 5, "prod": 764.0, "target": 1, "value": 0.21266837554965246, "supply": [{"l": "Sugar cane", "v": 0.21266837554965246}]}, {"source": 6, "prod": 1.0, "target": 1, "value": 0.00265313541159375, "supply": [{"l": "Nuts", "v": 0.00265313541159375}]}, {"source": 7, "prod": 1781.0, "target": 1, "value": 2.1167744871415843, "supply": [{"l": "Potatoes", "v": 0.028738387113192477}, {"l": "Sweet potatoes", "v": 0.16495084892295764}, {"l": "Cassava", "v": 1.9230852511054344}]}, {"source": 8, "prod": 430.0, "target": 1, "value": 0.26393248963192939, "supply": [{"l": "Citrus, Other", "v": 0.028071884354927419}, {"l": "Pineapples", "v": 0.01037243889419457}, {"l": "Bananas", "v": 0.2102972518989307}, {"l": "Fruits, Other", "v": 0.015190914483876741}]}, {"source": 9, "prod": 566.0, "target": 1, "value": 2.1651183563469645, "supply": [{"l": "Maize", "v": 1.7781865107015571}, {"l": "Rice", "v": 0.088372094006988852}, {"l": "Wheat", "v": 0.039977594037601476}, {"l": "Millet", "v": 0.25858215760081715}]}, {"source": 10, "prod": 204.0, "target": 1, "value": 0.072771714146571437, "supply": [{"l": "Coffee", "v": 0.072771714146571437}]}, {"source": 11, "prod": 0, "target": 0, "value": 0.0033859779797175455, "supply": "[{\"l\":'Energy for power irrigation',\"v\":0.0033859779797175455}]"}, {"source": 11, "prod": 0, "target": 2, "value": 1.741153979763792e-05, "supply": "[{\"l\":'Energy for power irrigation',\"v\":1.741153979763792e-05}]"}, {"source": 11, "prod": 0, "target": 4, "value": 0.0022809117134905679, "supply": "[{\"l\":'Energy for power irrigation',\"v\":0.0022809117134905679}]"}, {"source": 11, "prod": 0, "target": 5, "value": 0.0088682776035969146, "supply": "[{\"l\":'Energy for power irrigation',\"v\":0.0088682776035969146}]"}, {"source": 11, "prod": 0, "target": 7, "value": 0.020684909279593849, "supply": "[{\"l\":'Energy for power irrigation',\"v\":0.020684909279593849}]"}, {"source": 11, "prod": 0, "target": 3, "value": 0.00087638083648110873, "supply": "[{\"l\":'Energy for power irrigation',\"v\":0.00087638083648110873}]"}, {"source": 11, "prod": 0, "target": 6, "value": 2.3215386396850565e-05, "supply": "[{\"l\":'Energy for power irrigation',\"v\":2.3215386396850565e-05}]"}, {"source": 11, "prod": 0, "target": 8, "value": 0.0050203273083189335, "supply": "[{\"l\":'Energy for power irrigation',\"v\":0.0050203273083189335}]"}, {"source": 11, "prod": 0, "target": 9, "value": 0.0073360621014047769, "supply": "[{\"l\":'Energy for power irrigation',\"v\":0.0073360621014047769}]"}, {"source": 11, "prod": 0, "target": 10, "value": 0.0023795771056771826, "supply": "[{\"l\":'Energy for power irrigation',\"v\":0.0023795771056771826}]"}, {"source": 12, "prod": 0, "target": 11, "value": 0.024363037070701483, "supply": [{"l": "Coal", "v": 0.0}, {"l": "Natural gas", "v": 0.0}, {"l": "Oil", "v": 0.024363037070701483}]}, {"source": 13, "prod": 0, "target": 11, "value": 0.041615096767608807, "supply": [{"l": "Nuclear", "v": 0.0}, {"l": "Hydroelectric", "v": 0.041615096767608807}, {"l": "Renewable", "v": 0.0}]}, {"source": 12, "prod": 0, "target": 0, "value": 0.02075591940439445, "supply": [{"l": "Gas-Diesel oil", "v": 0.001059988218304269}, {"l": "Other fossil fuels", "v": 0.019695931186090181}]}, {"source": 12, "prod": 0, "target": 2, "value": 0.00010673209303514905, "supply": [{"l": "Gas-Diesel oil", "v": 5.4507227036283537e-06}, {"l": "Other fossil fuels", "v": 0.00010128137033152071}]}, {"source": 12, "prod": 0, "target": 4, "value": 0.013981904187604527, "supply": [{"l": "Gas-Diesel oil", "v": 0.00071404467417531447}, {"l": "Other fossil fuels", "v": 0.013267859513429214}]}, {"source": 12, "prod": 0, "target": 5, "value": 0.054362212719235921, "supply": [{"l": "Gas-Diesel oil", "v": 0.0027762347637147085}, {"l": "Other fossil fuels", "v": 0.051585977955521216}]}, {"source": 12, "prod": 0, "target": 7, "value": 0.12679772652575708, "supply": [{"l": "Gas-Diesel oil", "v": 0.0064754585719104842}, {"l": "Other fossil fuels", "v": 0.1203222679538466}]}, {"source": 12, "prod": 0, "target": 3, "value": 0.0053721820161025027, "supply": [{"l": "Gas-Diesel oil", "v": 0.00027435304274929382}, {"l": "Other fossil fuels", "v": 0.0050978289733532092}]}, {"source": 12, "prod": 0, "target": 6, "value": 0.00014230945738019876, "supply": [{"l": "Gas-Diesel oil", "v": 7.2676302715044724e-06}, {"l": "Other fossil fuels", "v": 0.00013504182710869428}]}, {"source": 12, "prod": 0, "target": 8, "value": 0.030774420158467979, "supply": [{"l": "Gas-Diesel oil", "v": 0.001571625046212842}, {"l": "Other fossil fuels", "v": 0.029202795112255136}]}, {"source": 12, "prod": 0, "target": 9, "value": 0.044969788532142799, "supply": [{"l": "Gas-Diesel oil", "v": 0.0022965711657954128}, {"l": "Other fossil fuels", "v": 0.042673217366347389}]}, {"source": 12, "prod": 0, "target": 10, "value": 0.014586719381470372, "supply": [{"l": "Gas-Diesel oil", "v": 0.00074493210282920849}, {"l": "Other fossil fuels", "v": 0.013841787278641165}]}, {"source": 14, "prod": 0.75209861661839672, "target": 0, "value": 0.0081219440274794795, "supply": [{"l": "Potash", "v": 0.00512777778188}, {"l": "Phosphate", "v": 0.01599166667946}, {"l": "Nitrogen", "v": 0.10090972230294998}]}, {"source": 14, "prod": 0.0038674778966199964, "target": 2, "value": 4.1765053557862569e-05, "supply": [{"l": "Potash", "v": 0.00512777778188}, {"l": "Phosphate", "v": 0.01599166667946}, {"l": "Nitrogen", "v": 0.10090972230294998}]}, {"source": 14, "prod": 0.50663960445721967, "target": 4, "value": 0.0054712220160799971, "supply": [{"l": "Potash", "v": 0.00512777778188}, {"l": "Phosphate", "v": 0.01599166667946}, {"l": "Nitrogen", "v": 0.10090972230294998}]}, {"source": 14, "prod": 1.9698354086784517, "target": 5, "value": 0.021272333945471334, "supply": [{"l": "Potash", "v": 0.00512777778188}, {"l": "Phosphate", "v": 0.01599166667946}, {"l": "Nitrogen", "v": 0.10090972230294998}]}, {"source": 14, "prod": 4.5945637411845563, "target": 7, "value": 0.049616883626740729, "supply": [{"l": "Potash", "v": 0.00512777778188}, {"l": "Phosphate", "v": 0.01599166667946}, {"l": "Nitrogen", "v": 0.10090972230294998}]}, {"source": 14, "prod": 0.19466305412987317, "target": 3, "value": 0.0021021743624124161, "supply": [{"l": "Potash", "v": 0.00512777778188}, {"l": "Phosphate", "v": 0.01599166667946}, {"l": "Nitrogen", "v": 0.10090972230294998}]}, {"source": 14, "prod": 0.0051566371954933294, "target": 6, "value": 5.5686738077150092e-05, "supply": [{"l": "Potash", "v": 0.00512777778188}, {"l": "Phosphate", "v": 0.01599166667946}, {"l": "Nitrogen", "v": 0.10090972230294998}]}, {"source": 14, "prod": 1.1151227935254324, "target": 8, "value": 0.012042257109183706, "supply": [{"l": "Potash", "v": 0.00512777778188}, {"l": "Phosphate", "v": 0.01599166667946}, {"l": "Nitrogen", "v": 0.10090972230294998}]}, {"source": 14, "prod": 1.6294973537758919, "target": 9, "value": 0.017597009232379428, "supply": [{"l": "Potash", "v": 0.00512777778188}, {"l": "Phosphate", "v": 0.01599166667946}, {"l": "Nitrogen", "v": 0.10090972230294998}]}, {"source": 14, "prod": 0.52855531253806631, "target": 10, "value": 0.0057078906529078851, "supply": [{"l": "Potash", "v": 0.00512777778188}, {"l": "Phosphate", "v": 0.01599166667946}, {"l": "Nitrogen", "v": 0.10090972230294998}]}, {"source": 12, "prod": 0, "target": 14, "value": 0.14836971151144901, "supply": [{"l": "Natural gas (including LNG)", "v": 0.10010415024292613}, {"l": "Fuel oil", "v": 0.030427629933631063}, {"l": "Liquefied petroleum gas (LPG)", "v": 0.0089189656674459068}, {"l": "Coal", "v": 0.0089189656674459068}]}, {"source": 15, "prod": 0, "target": 0, "value": 0.069961725764837071, "supply": "[{\"l\":'Labor',\"v\":0.069961725764837071}]"}, {"source": 15, "prod": 0, "target": 2, "value": 0.00035976057132170331, "supply": "[{\"l\":'Labor',\"v\":0.00035976057132170331}]"}, {"source": 15, "prod": 0, "target": 4, "value": 0.047128634843143134, "supply": "[{\"l\":'Labor',\"v\":0.047128634843143134}]"}, {"source": 15, "prod": 0, "target": 5, "value": 0.18323805099318755, "supply": "[{\"l\":'Labor',\"v\":0.18323805099318755}]"}, {"source": 15, "prod": 0, "target": 7, "value": 0.42739555873018353, "supply": "[{\"l\":'Labor',\"v\":0.42739555873018353}]"}, {"source": 15, "prod": 0, "target": 3, "value": 0.018107948756525733, "supply": "[{\"l\":'Labor',\"v\":0.018107948756525733}]"}, {"source": 15, "prod": 0, "target": 6, "value": 0.00047968076176227112, "supply": "[{\"l\":'Labor',\"v\":0.00047968076176227112}]"}, {"source": 15, "prod": 0, "target": 8, "value": 0.10373096473109111, "supply": "[{\"l\":'Labor',\"v\":0.10373096473109111}]"}, {"source": 15, "prod": 0, "target": 9, "value": 0.15157912071687765, "supply": "[{\"l\":'Labor',\"v\":0.15157912071687765}]"}, {"source": 15, "prod": 0, "target": 10, "value": 0.049167278080632787, "supply": "[{\"l\":'Labor',\"v\":0.049167278080632787}]"}]}