{"nodes": [{"layer": 3, "name": "Treenuts"}, {"layer": 5, "name": "Production", "fill": "#b5cf6b"}, {"layer": 3, "name": "Pulses"}, {"layer": 3, "name": "Vegetables"}, {"layer": 3, "name": "Sugar Crops", "fill": "#ffbb78"}, {"layer": 3, "name": "Starchy Roots"}, {"layer": 3, "name": "Others"}, {"layer": 3, "name": "Cereals - Excluding Beer"}, {"layer": 3, "name": "Spices"}, {"layer": 3, "name": "Stimulants"}, {"layer": 3, "name": "Fruits - Excluding Wine"}, {"layer": 3, "name": "Oilcrops", "fill": "#ff9896"}, {"layer": 1, "name": "Electricity", "fill": "#bcbd22"}, {"layer": 0, "name": "Fossil Fuels", "fill": "#c49c94"}, {"layer": 0, "name": "Renewables & Nuclear", "fill": "#2ca02c"}, {"layer": 1, "name": "Fertilizers", "fill": "#c5b0d5"}, {"layer": 0, "name": "Labor", "fill": "#7f7f7f"}], "links": [{"source": 0, "prod": 150.0, "target": 1, "value": 0.59053659161280248, "supply": [{"l": "Treenuts", "v": 0.59053659161280248}]}, {"source": 2, "prod": 850.0, "target": 1, "value": 3.2757953753986793, "supply": [{"l": "Pulses, Other", "v": 3.2757953753986793}]}, {"source": 3, "prod": 3109.0, "target": 1, "value": 1.0475426678391178, "supply": [{"l": "Tomatoes", "v": 0.052335821817739728}, {"l": "Vegetables, Other", "v": 0.84882696124379176}, {"l": "Onions", "v": 0.14637988477758621}]}, {"source": 4, "prod": 638.0, "target": 1, "value": 0.19414484789640862, "supply": [{"l": "Sugar cane", "v": 0.19414484789640862}]}, {"source": 5, "prod": 19954.0, "target": 1, "value": 20.675282090951935, "supply": [{"l": "Roots, Other", "v": 0.85455237309372545}, {"l": "Yams", "v": 11.358990969988378}, {"l": "Potatoes", "v": 0.031534409463514289}, {"l": "Sweet potatoes", "v": 0.13938860669865671}, {"l": "Cassava", "v": 8.2908157317076618}]}, {"source": 6, "prod": 150.0, "target": 1, "value": 0.59053659161280248, "supply": [{"l": "Nuts", "v": 0.59053659161280248}]}, {"source": 7, "prod": 8199.0, "target": 1, "value": 28.576534903552993, "supply": [{"l": "Maize", "v": 4.7214018613428337}, {"l": "Cereals, Other", "v": 0.069463908958090917}, {"l": "Rice", "v": 1.1162023498116245}, {"l": "Wheat", "v": 0.061231863035950081}, {"l": "Sorghum", "v": 12.928621073011977}, {"l": "Millet", "v": 9.6796138473925168}]}, {"source": 8, "prod": 39.0, "target": 1, "value": 0.15294246621474403, "supply": [{"l": "Pimento", "v": 0.13506871186295455}, {"l": "Spices, Other", "v": 0.017873754351789478}]}, {"source": 9, "prod": 261.0, "target": 1, "value": 0.57560936410408692, "supply": [{"l": "Coffee", "v": 0.0014150055528499999}, {"l": "Cocoa Beans", "v": 0.57419435855123691}]}, {"source": 10, "prod": 4509.0, "target": 1, "value": 2.3393973466123335, "supply": [{"l": "Plantains", "v": 1.0490079934332452}, {"l": "Citrus, Other", "v": 0.45912753404776935}, {"l": "Pineapples", "v": 0.18967095708414894}, {"l": "Fruits, Other", "v": 0.64159086204717009}]}, {"source": 11, "prod": 4092.9725343320852, "target": 1, "value": 19.687786023869663, "supply": [{"l": "Coconuts - Incl Copra", "v": 0.14705950567119644}, {"l": "Sesame seed", "v": 0.19976548981411768}, {"l": "Soyabeans", "v": 0.31007078201582611}, {"l": "Groundnuts", "v": 6.2138865408710577}, {"l": "Oilcrops, Other", "v": 0.6586850848516751}, {"l": "Cottonseed", "v": 0.35658139931820004}, {"l": "Palm kernels", "v": 1.5204234665373253}, {"l": "Oil Palm", "v": 10.281313754790263}]}, {"source": 12, "prod": 0, "target": 11, "value": 9.781731533677666e-07, "supply": "[{\"l\":'Energy for power irrigation',\"v\":9.781731533677666e-07}]"}, {"source": 12, "prod": 0, "target": 0, "value": 3.5578794907985145e-08, "supply": "[{\"l\":'Energy for power irrigation',\"v\":3.5578794907985145e-08}]"}, {"source": 12, "prod": 0, "target": 3, "value": 7.4003893408609095e-07, "supply": "[{\"l\":'Energy for power irrigation',\"v\":7.4003893408609095e-07}]"}, {"source": 12, "prod": 0, "target": 4, "value": 1.5132847434196347e-07, "supply": "[{\"l\":'Energy for power irrigation',\"v\":1.5132847434196347e-07}]"}, {"source": 12, "prod": 0, "target": 5, "value": 4.7330470866092633e-06, "supply": "[{\"l\":'Energy for power irrigation',\"v\":4.7330470866092633e-06}]"}, {"source": 12, "prod": 0, "target": 2, "value": 2.0161317114524916e-07, "supply": "[{\"l\":'Energy for power irrigation',\"v\":2.0161317114524916e-07}]"}, {"source": 12, "prod": 0, "target": 6, "value": 3.5934582857064997e-08, "supply": "[{\"l\":'Energy for power irrigation',\"v\":3.5934582857064997e-08}]"}, {"source": 12, "prod": 0, "target": 7, "value": 2.0029675573365369e-06, "supply": "[{\"l\":'Energy for power irrigation',\"v\":2.0029675573365369e-06}]"}, {"source": 12, "prod": 0, "target": 8, "value": 9.2504866760761365e-09, "supply": "[{\"l\":'Energy for power irrigation',\"v\":9.2504866760761365e-09}]"}, {"source": 12, "prod": 0, "target": 9, "value": 6.6769538443985448e-08, "supply": "[{\"l\":'Energy for power irrigation',\"v\":6.6769538443985448e-08}]"}, {"source": 12, "prod": 0, "target": 10, "value": 1.0697357669000867e-06, "supply": "[{\"l\":'Energy for power irrigation',\"v\":1.0697357669000867e-06}]"}, {"source": 13, "prod": 0, "target": 12, "value": 4.4839093959406909e-06, "supply": [{"l": "Coal", "v": 2.9454577217092253e-07}, {"l": "Natural gas", "v": 1.411600948678977e-06}, {"l": "Oil", "v": 2.7777626750907911e-06}]}, {"source": 14, "prod": 0, "target": 12, "value": 8.2658478170413367e-06, "supply": [{"l": "Nuclear", "v": 0.0}, {"l": "Hydroelectric", "v": 8.2658478170413367e-06}, {"l": "Renewable", "v": 0.0}]}, {"source": 13, "prod": 0, "target": 11, "value": 0.053214941769557218, "supply": [{"l": "Gas-Diesel oil", "v": 0.036908299011882854}, {"l": "Other fossil fuels", "v": 0.01630664275767436}]}, {"source": 13, "prod": 0, "target": 0, "value": 0.0019355709086278817, "supply": [{"l": "Gas-Diesel oil", "v": 0.0013424543460687896}, {"l": "Other fossil fuels", "v": 0.00059311656255909206}]}, {"source": 13, "prod": 0, "target": 3, "value": 0.040259874899459938, "supply": [{"l": "Gas-Diesel oil", "v": 0.027923050398230821}, {"l": "Other fossil fuels", "v": 0.012336824501229115}]}, {"source": 13, "prod": 0, "target": 4, "value": 0.0082326282646972559, "supply": [{"l": "Gas-Diesel oil", "v": 0.0057099058186125843}, {"l": "Other fossil fuels", "v": 0.0025227224460846716}]}, {"source": 13, "prod": 0, "target": 5, "value": 0.2574889979747671, "supply": [{"l": "Gas-Diesel oil", "v": 0.17858670165753107}, {"l": "Other fossil fuels", "v": 0.078902296317236012}]}, {"source": 13, "prod": 0, "target": 2, "value": 0.01096823514889133, "supply": [{"l": "Gas-Diesel oil", "v": 0.0076072412943898084}, {"l": "Other fossil fuels", "v": 0.0033609938545015221}]}, {"source": 13, "prod": 0, "target": 6, "value": 0.0019549266177141607, "supply": [{"l": "Gas-Diesel oil", "v": 0.0013558788895294775}, {"l": "Other fossil fuels", "v": 0.00059904772818468303}]}, {"source": 13, "prod": 0, "target": 7, "value": 0.10896619025272097, "supply": [{"l": "Gas-Diesel oil", "v": 0.075575704835852617}, {"l": "Other fossil fuels", "v": 0.033390485416868357}]}, {"source": 13, "prod": 0, "target": 8, "value": 0.00050324843624324918, "supply": [{"l": "Gas-Diesel oil", "v": 0.00034903812997788525}, {"l": "Other fossil fuels", "v": 0.00015421030626536393}]}, {"source": 13, "prod": 0, "target": 9, "value": 0.0036324214051916578, "supply": [{"l": "Gas-Diesel oil", "v": 0.0025193393227890951}, {"l": "Other fossil fuels", "v": 0.0011130820824025627}]}, {"source": 13, "prod": 0, "target": 10, "value": 0.058196165319411637, "supply": [{"l": "Gas-Diesel oil", "v": 0.040363127338468273}, {"l": "Other fossil fuels", "v": 0.017833037980943368}]}, {"source": 15, "prod": 0.90211652881085425, "target": 11, "value": 0.0085402595556831294, "supply": [{"l": "Potash", "v": 0.0032971611137488396}, {"l": "Phosphate", "v": 0.018394625014715699}, {"l": "Nitrogen", "v": 0.065829833385997197}]}, {"source": 15, "prod": 0.032812410411347227, "target": 0, "value": 0.00031063226602209783, "supply": [{"l": "Potash", "v": 0.0032971611137488396}, {"l": "Phosphate", "v": 0.018394625014715699}, {"l": "Nitrogen", "v": 0.065829833385997197}]}, {"source": 15, "prod": 0.68249813655602232, "target": 3, "value": 0.0064611511332596343, "supply": [{"l": "Potash", "v": 0.0032971611137488396}, {"l": "Phosphate", "v": 0.018394625014715699}, {"l": "Nitrogen", "v": 0.065829833385997197}]}, {"source": 15, "prod": 0.13956211894959686, "target": 4, "value": 0.0013212225714806561, "supply": [{"l": "Potash", "v": 0.0032971611137488396}, {"l": "Phosphate", "v": 0.018394625014715699}, {"l": "Nitrogen", "v": 0.065829833385997197}]}, {"source": 15, "prod": 4.3650349570215212, "target": 5, "value": 0.041323410348919676, "supply": [{"l": "Potash", "v": 0.0032971611137488396}, {"l": "Phosphate", "v": 0.018394625014715699}, {"l": "Nitrogen", "v": 0.065829833385997197}]}, {"source": 15, "prod": 0.18593699233096764, "target": 2, "value": 0.0017602495074585545, "supply": [{"l": "Potash", "v": 0.0032971611137488396}, {"l": "Phosphate", "v": 0.018394625014715699}, {"l": "Nitrogen", "v": 0.065829833385997197}]}, {"source": 15, "prod": 0.033140534515460701, "target": 6, "value": 0.0003137385886823188, "supply": [{"l": "Potash", "v": 0.0032971611137488396}, {"l": "Phosphate", "v": 0.018394625014715699}, {"l": "Nitrogen", "v": 0.065829833385997197}]}, {"source": 15, "prod": 1.8472293314574777, "target": 7, "value": 0.017487561136157369, "supply": [{"l": "Potash", "v": 0.0032971611137488396}, {"l": "Phosphate", "v": 0.018394625014715699}, {"l": "Nitrogen", "v": 0.065829833385997197}]}, {"source": 15, "prod": 0.008531226706950279, "target": 8, "value": 8.0764389165745434e-05, "supply": [{"l": "Potash", "v": 0.0032971611137488396}, {"l": "Phosphate", "v": 0.018394625014715699}, {"l": "Nitrogen", "v": 0.065829833385997197}]}, {"source": 15, "prod": 0.061577956871961624, "target": 9, "value": 0.00058295321923480358, "supply": [{"l": "Potash", "v": 0.0032971611137488396}, {"l": "Phosphate", "v": 0.018394625014715699}, {"l": "Nitrogen", "v": 0.065829833385997197}]}, {"source": 15, "prod": 0.98655980636783991, "target": 10, "value": 0.0093396767983977419, "supply": [{"l": "Potash", "v": 0.0032971611137488396}, {"l": "Phosphate", "v": 0.018394625014715699}, {"l": "Nitrogen", "v": 0.065829833385997197}]}, {"source": 13, "prod": 0, "target": 15, "value": 0.1056739347194, "supply": [{"l": "Natural gas (including LNG)", "v": 0.071993179914855474}, {"l": "Fuel oil", "v": 0.02204393705370964}, {"l": "Liquefied petroleum gas (LPG)", "v": 0.0058184088754174388}, {"l": "Coal", "v": 0.0058184088754174388}]}, {"source": 16, "prod": 0, "target": 11, "value": 0.47278858315752409, "supply": "[{\"l\":'Labor',\"v\":0.47278858315752409}]"}, {"source": 16, "prod": 0, "target": 0, "value": 0.017196595487296198, "supply": "[{\"l\":'Labor',\"v\":0.017196595487296198}]"}, {"source": 16, "prod": 0, "target": 3, "value": 0.35768918613576089, "supply": "[{\"l\":'Labor',\"v\":0.35768918613576089}]"}, {"source": 16, "prod": 0, "target": 4, "value": 0.073142852805966496, "supply": "[{\"l\":'Labor',\"v\":0.073142852805966496}]"}, {"source": 16, "prod": 0, "target": 5, "value": 2.2876630976750132, "supply": "[{\"l\":'Labor',\"v\":2.2876630976750132}]"}, {"source": 16, "prod": 0, "target": 2, "value": 0.09744737442801181, "supply": "[{\"l\":'Labor',\"v\":0.09744737442801181}]"}, {"source": 16, "prod": 0, "target": 6, "value": 0.01736856144216916, "supply": "[{\"l\":'Labor',\"v\":0.01736856144216916}]"}, {"source": 16, "prod": 0, "target": 7, "value": 0.96811100394981842, "supply": "[{\"l\":'Labor',\"v\":0.96811100394981842}]"}, {"source": 16, "prod": 0, "target": 8, "value": 0.0044711148266970112, "supply": "[{\"l\":'Labor',\"v\":0.0044711148266970112}]"}, {"source": 16, "prod": 0, "target": 9, "value": 0.032272277531159202, "supply": "[{\"l\":'Labor',\"v\":0.032272277531159202}]"}, {"source": 16, "prod": 0, "target": 10, "value": 0.51704430431803905, "supply": "[{\"l\":'Labor',\"v\":0.51704430431803905}]"}]}