{"nodes": [{"layer": 5, "name": "Starchy Roots"}, {"layer": 10, "name": "Feed", "fill": "#dbdb8d"}, {"layer": 5, "name": "Fruits & Vegetables"}, {"layer": 13, "name": "Animal Products", "fill": "#17becf"}, {"layer": 5, "name": "Cereals", "fill": "#e7ba52"}, {"layer": 5, "name": "Oilcrops", "fill": "#ff9896"}, {"layer": 13, "name": "Other Processed", "fill": "#9c9ede"}, {"layer": 16, "name": "Food", "fill": "#b5cf6b"}, {"layer": 5, "name": "Sugar Crops", "fill": "#ffbb78"}, {"layer": 13, "name": "Sugar", "fill": "#d6616b"}, {"layer": 5, "name": "Others"}, {"layer": 13, "name": "Aquatic Products", "fill": "#1f77b4"}, {"layer": 13, "name": "Vegetable Oils", "fill": "#f7b6d2"}, {"layer": 10, "name": "Processing", "fill": "#9edae5"}, {"layer": 16, "name": "Biofuels & Other", "fill": "#e7ba52"}, {"name": "Seed", "fill": "#dbdb8d"}, {"name": "Waste", "fill": "#c7c7c7"}, {"layer": 0, "name": "Import", "fill": "#aec7e8"}, {"layer": 16, "name": "Export", "fill": "#aec7e8"}, {"layer": 0, "name": "Stock Draw", "fill": "#c7c7c7"}, {"layer": 16, "name": "Stock Deposit", "fill": "#c7c7c7"}, {"layer": 0, "name": "Production", "fill": "#b5cf6b"}], "links": [{"source": 0, "prod": 4.4989641083940786, "target": 1, "value": 4597.0, "supply": [{"l": "Potatoes", "v": 1.0}, {"l": "Yams", "v": 1380.0}, {"l": "Cassava", "v": 3216.0}]}, {"source": 2, "prod": 0.48514476097714282, "target": 1, "value": 130.0, "supply": [{"l": "Pulses, Other", "v": 130.0}]}, {"source": 3, "prod": 0.030900846776869408, "target": 1, "value": 43.0, "supply": [{"l": "Milk - Excluding Butter", "v": 43.0}]}, {"source": 4, "prod": 3.8508616535798774, "target": 1, "value": 1114.0, "supply": [{"l": "Maize", "v": 192.0}, {"l": "Millet", "v": 412.0}, {"l": "Sorghum", "v": 510.0}]}, {"source": 5, "prod": 0.02791243830279452, "target": 1, "value": 6.0, "supply": [{"l": "Soyabeans", "v": 6.0}]}, {"source": 6, "prod": 1.4048200897255054, "target": 7, "value": 2739.0, "supply": [{"l": "Beer", "v": 171.0}, {"l": "Beverages, Alcoholic", "v": 1.0}, {"l": "Butter, Ghee", "v": 6.0}, {"l": "Fats, Animals, Raw", "v": 6.0}, {"l": "Wine", "v": 1.0}, {"l": "Beverages, Fermented", "v": 2554.0}]}, {"source": 3, "prod": 1.2265547991952097, "target": 7, "value": 1015.0, "supply": [{"l": "Mutton & Goat Meat", "v": 31.0}, {"l": "Meat, Other", "v": 100.0}, {"l": "Eggs", "v": 115.0}, {"l": "Pigmeat", "v": 30.0}, {"l": "Poultry Meat", "v": 63.0}, {"l": "Milk - Excluding Butter", "v": 486.0}, {"l": "Offals, Edible", "v": 26.0}, {"l": "Bovine Meat", "v": 164.0}]}, {"source": 4, "prod": 18.034999085457152, "target": 7, "value": 5213.0, "supply": [{"l": "Maize", "v": 347.0}, {"l": "Barley", "v": 6.0}, {"l": "Cereals, Other", "v": 12.0}, {"l": "Rice", "v": 263.0}, {"l": "Wheat", "v": 331.0}, {"l": "Sorghum", "v": 2324.0}, {"l": "Millet", "v": 1930.0}]}, {"source": 5, "prod": 1.4528541869872766, "target": 7, "value": 286.0, "supply": [{"l": "Coconuts - Incl Copra", "v": 44.0}, {"l": "Sesame seed", "v": 25.0}, {"l": "Groundnuts", "v": 125.0}, {"l": "Oilcrops, Other", "v": 49.0}, {"l": "Soyabeans", "v": 43.0}]}, {"source": 8, "prod": 0.0085613781348907562, "target": 7, "value": 24.0, "supply": [{"l": "Sugar cane", "v": 24.0}]}, {"source": 9, "prod": 0.76343877279921657, "target": 7, "value": 180.0, "supply": [{"l": "Sugar", "v": 153.0}, {"l": "Sugar non-centrifugal", "v": 23.0}, {"l": "Sweeteners, Other", "v": 2.0}, {"l": "Honey", "v": 2.0}]}, {"source": 0, "prod": 7.8414876996255014, "target": 7, "value": 7956.0, "supply": [{"l": "Roots, Other", "v": 271.0}, {"l": "Yams", "v": 2415.0}, {"l": "Potatoes", "v": 20.0}, {"l": "Sweet potatoes", "v": 70.0}, {"l": "Cassava", "v": 5180.0}]}, {"source": 2, "prod": 4.2226221918523814, "target": 7, "value": 7050.0, "supply": [{"l": "Plantains", "v": 994.0}, {"l": "Citrus, Other", "v": 1275.0}, {"l": "Tomatoes", "v": 211.0}, {"l": "Treenuts", "v": 142.0}, {"l": "Vegetables, Other", "v": 2088.0}, {"l": "Pulses, Other", "v": 161.0}, {"l": "Pineapples", "v": 540.0}, {"l": "Fruits, Other", "v": 1239.0}, {"l": "Onions", "v": 400.0}]}, {"source": 10, "prod": 0.68700050079215225, "target": 7, "value": 178.0, "supply": [{"l": "Nuts", "v": 142.0}, {"l": "Coffee", "v": 1.0}, {"l": "Pimento", "v": 32.0}, {"l": "Spices, Other", "v": 2.0}, {"l": "Tea", "v": 1.0}]}, {"source": 11, "prod": 0.45080160465785013, "target": 7, "value": 712.0, "supply": [{"l": "Crustaceans", "v": 2.0}, {"l": "Marine Fish, Other", "v": 22.0}, {"l": "Freshwater Fish", "v": 106.0}, {"l": "Pelagic Fish", "v": 60.0}, {"l": "Fish, Seafood", "v": 356.0}, {"l": "Demersal Fish", "v": 166.0}]}, {"source": 12, "prod": 5.994105959075724, "target": 7, "value": 586.0, "supply": [{"l": "Groundnut Oil", "v": 107.0}, {"l": "Palm Oil", "v": 444.0}, {"l": "Coconut Oil", "v": 4.0}, {"l": "Oilcrops Oil, Other", "v": 27.0}, {"l": "Cottonseed Oil", "v": 1.0}, {"l": "Palmkernel Oil", "v": 3.0}]}, {"source": 8, "prod": 0.19120411167922691, "target": 13, "value": 536.0, "supply": [{"l": "Sugar cane", "v": 536.0}]}, {"source": 4, "prod": 0.40575911129168052, "target": 13, "value": 110.0, "supply": [{"l": "Barley", "v": 37.0}, {"l": "Sorghum", "v": 73.0}]}, {"source": 5, "prod": 13.675202193578954, "target": 13, "value": 2949.9337748344369, "supply": [{"l": "Groundnuts", "v": 549.0}, {"l": "Cottonseed", "v": 3.0}, {"l": "Palm kernels", "v": 58.0}, {"l": "Coconuts - Incl Copra", "v": 34.0}, {"l": "Oilcrops, Other", "v": 76.0}, {"l": "Oil Palm", "v": 2229.9337748344369}]}, {"source": 0, "prod": 3.4848238699229119, "target": 14, "value": 3094.0, "supply": [{"l": "Roots, Other", "v": 679.0}, {"l": "Yams", "v": 2415.0}]}, {"source": 6, "prod": 0.0084900333171, "target": 14, "value": 1.0, "supply": [{"l": "Fats, Animals, Raw", "v": 1.0}]}, {"source": 12, "prod": 0.018456594167608701, "target": 14, "value": 2.0, "supply": [{"l": "Oilcrops Oil, Other", "v": 2.0}]}, {"source": 5, "prod": 0.01395621915139726, "target": 14, "value": 3.0, "supply": [{"l": "Cottonseed", "v": 3.0}]}, {"source": 3, "prod": 0.0060954085353538464, "target": 3, "value": 4.0, "supply": [{"l": "Eggs", "v": 4.0}]}, {"source": 4, "prod": 0.83127169102225795, "target": 15, "value": 238.0, "supply": [{"l": "Maize", "v": 31.0}, {"l": "Wheat", "v": 1.0}, {"l": "Millet", "v": 90.0}, {"l": "Rice", "v": 12.0}, {"l": "Sorghum", "v": 104.0}]}, {"source": 5, "prod": 0.85458236729154102, "target": 15, "value": 145.0, "supply": [{"l": "Soyabeans", "v": 6.0}, {"l": "Sesame seed", "v": 1.0}, {"l": "Cottonseed", "v": 27.0}, {"l": "Groundnuts", "v": 102.0}, {"l": "Oilcrops, Other", "v": 9.0}]}, {"source": 8, "prod": 0.0046374131563991601, "target": 15, "value": 13.0, "supply": [{"l": "Sugar cane", "v": 13.0}]}, {"source": 0, "prod": 0.0037456029340147061, "target": 15, "value": 3.0, "supply": [{"l": "Potatoes", "v": 3.0}]}, {"source": 2, "prod": 0.45155781598641759, "target": 15, "value": 121.0, "supply": [{"l": "Pulses, Other", "v": 121.0}]}, {"source": 6, "prod": 0.11922424119106567, "target": 16, "value": 254.0, "supply": [{"l": "Beverages, Fermented", "v": 254.0}]}, {"source": 3, "prod": 0.017047980583160149, "target": 16, "value": 17.0, "supply": [{"l": "Milk - Excluding Butter", "v": 11.0}, {"l": "Eggs", "v": 6.0}]}, {"source": 4, "prod": 2.82290041679054, "target": 16, "value": 815.0, "supply": [{"l": "Maize", "v": 71.0}, {"l": "Rice", "v": 28.0}, {"l": "Sorghum", "v": 387.0}, {"l": "Cereals, Other", "v": 2.0}, {"l": "Wheat", "v": 13.0}, {"l": "Millet", "v": 314.0}]}, {"source": 5, "prod": 0.55373755897995514, "target": 16, "value": 98.0, "supply": [{"l": "Soyabeans", "v": 6.0}, {"l": "Coconuts - Incl Copra", "v": 6.0}, {"l": "Sesame seed", "v": 4.0}, {"l": "Cottonseed", "v": 5.0}, {"l": "Groundnuts", "v": 63.0}, {"l": "Oilcrops, Other", "v": 14.0}]}, {"source": 8, "prod": 0.033175340272701685, "target": 16, "value": 93.0, "supply": [{"l": "Sugar cane", "v": 93.0}]}, {"source": 0, "prod": 2.3056888662868738, "target": 16, "value": 2304.0, "supply": [{"l": "Potatoes", "v": 3.0}, {"l": "Yams", "v": 690.0}, {"l": "Roots, Other", "v": 407.0}, {"l": "Sweet potatoes", "v": 30.0}, {"l": "Cassava", "v": 1174.0}]}, {"source": 2, "prod": 0.46583523375008246, "target": 16, "value": 822.0, "supply": [{"l": "Vegetables, Other", "v": 270.0}, {"l": "Citrus, Other", "v": 225.0}, {"l": "Pulses, Other", "v": 46.0}, {"l": "Tomatoes", "v": 35.0}, {"l": "Pineapples", "v": 60.0}, {"l": "Treenuts", "v": 6.0}, {"l": "Fruits, Other", "v": 180.0}]}, {"source": 10, "prod": 0.038972997569045181, "target": 16, "value": 10.0, "supply": [{"l": "Pimento", "v": 4.0}, {"l": "Nuts", "v": 6.0}]}, {"source": 12, "prod": 0.14404943945967019, "target": 16, "value": 14.0, "supply": [{"l": "Palm Oil", "v": 14.0}]}, {"source": 17, "prod": 0.59204287928948263, "target": 13, "value": 143.0, "supply": [{"l": "Sugar", "v": 128.0}, {"l": "Beer", "v": 6.0}, {"l": "Beverages, Alcoholic", "v": 1.0}, {"l": "Oilcrops Oil, Other", "v": 2.0}, {"l": "Wine", "v": 1.0}, {"l": "Fats, Animals, Raw", "v": 1.0}, {"l": "Sweeteners, Other", "v": 2.0}, {"l": "Honey", "v": 2.0}]}, {"source": 17, "prod": 0.0015219693944533898, "target": 10, "value": 2.0, "supply": [{"l": "Coffee", "v": 1.0}, {"l": "Tea", "v": 1.0}]}, {"source": 17, "prod": 1.3987203633270928, "target": 4, "value": 428.0, "supply": [{"l": "Maize", "v": 2.0}, {"l": "Cereals, Other", "v": 1.0}, {"l": "Barley", "v": 40.0}, {"l": "Rice", "v": 6.0}, {"l": "Wheat", "v": 324.0}, {"l": "Millet", "v": 55.0}]}, {"source": 17, "prod": 0.005288085826803352, "target": 2, "value": 20.0, "supply": [{"l": "Fruits, Other", "v": 1.0}, {"l": "Tomatoes", "v": 16.0}, {"l": "Vegetables, Other", "v": 3.0}]}, {"source": 17, "prod": 0.35255947843445695, "target": 1, "value": 533.0, "supply": [{"l": "Milk - Excluding Butter", "v": 312.0}, {"l": "Fish, Seafood", "v": 110.0}, {"l": "Pelagic Fish", "v": 23.0}, {"l": "Demersal Fish", "v": 88.0}]}, {"source": 11, "prod": 0.00063149008143719018, "target": 18, "value": 1.0, "supply": [{"l": "Fish, Seafood", "v": 1.0}]}, {"source": 2, "prod": 0.0077502378828298744, "target": 18, "value": 2.0, "supply": [{"l": "Treenuts", "v": 2.0}]}, {"source": 5, "prod": 2.0722213412819648, "target": 18, "value": 406.0, "supply": [{"l": "Coconuts - Incl Copra", "v": 2.0}, {"l": "Cottonseed", "v": 62.0}, {"l": "Sesame seed", "v": 3.0}, {"l": "Soyabeans", "v": 2.0}, {"l": "Groundnuts", "v": 106.0}, {"l": "Palm kernels", "v": 212.0}, {"l": "Oilcrops, Other", "v": 19.0}]}, {"source": 12, "prod": 0.80978649218656273, "target": 18, "value": 86.0, "supply": [{"l": "Oilcrops Oil, Other", "v": 10.0}, {"l": "Groundnut Oil", "v": 40.0}, {"l": "Palm Oil", "v": 2.0}, {"l": "Palmkernel Oil", "v": 34.0}]}, {"source": 10, "prod": 0.53009533579241586, "target": 18, "value": 255.0, "supply": [{"l": "Coffee", "v": 4.0}, {"l": "Spices, Other", "v": 2.0}, {"l": "Cocoa Beans", "v": 247.0}, {"l": "Nuts", "v": 2.0}]}, {"source": 19, "prod": 0.084900333171, "target": 13, "value": 10.0, "supply": [{"l": "Palmkernel Oil", "v": 10.0}]}, {"source": 12, "prod": 1.0206597430393445, "target": 20, "value": 100.0, "supply": [{"l": "Groundnut Oil", "v": 100.0}]}, {"source": 19, "prod": 0.012424439000634146, "target": 10, "value": 6.0, "supply": [{"l": "Cocoa Beans", "v": 6.0}]}, {"source": 19, "prod": 4.7851874924302074, "target": 4, "value": 1403.0, "supply": [{"l": "Barley", "v": 3.0}, {"l": "Sorghum", "v": 1100.0}, {"l": "Millet", "v": 300.0}]}, {"source": 19, "prod": 0.13491011846350684, "target": 5, "value": 29.0, "supply": [{"l": "Cottonseed", "v": 29.0}]}, {"source": 21, "prod": 19.767198550637183, "target": 4, "value": 5660.0, "supply": [{"l": "Maize", "v": 639.0}, {"l": "Cereals, Other", "v": 14.0}, {"l": "Rice", "v": 298.0}, {"l": "Wheat", "v": 20.0}, {"l": "Sorghum", "v": 2298.0}, {"l": "Millet", "v": 2391.0}]}, {"source": 21, "prod": 18.510953156998696, "target": 5, "value": 3863.9337748344369, "supply": [{"l": "Coconuts - Incl Copra", "v": 86.0}, {"l": "Sesame seed", "v": 33.0}, {"l": "Soyabeans", "v": 63.0}, {"l": "Groundnuts", "v": 945.0}, {"l": "Oilcrops, Other", "v": 166.0}, {"l": "Cottonseed", "v": 71.0}, {"l": "Palm kernels", "v": 270.0}, {"l": "Oil Palm", "v": 2229.9337748344369}]}, {"source": 21, "prod": 0.2375782432432185, "target": 8, "value": 666.0, "supply": [{"l": "Sugar cane", "v": 666.0}]}, {"source": 21, "prod": 18.134710147163378, "target": 0, "value": 17954.0, "supply": [{"l": "Roots, Other", "v": 1357.0}, {"l": "Yams", "v": 6900.0}, {"l": "Potatoes", "v": 27.0}, {"l": "Sweet potatoes", "v": 100.0}, {"l": "Cassava", "v": 9570.0}]}, {"source": 21, "prod": 5.623890271845303, "target": 2, "value": 8104.0, "supply": [{"l": "Plantains", "v": 994.0}, {"l": "Citrus, Other", "v": 1500.0}, {"l": "Tomatoes", "v": 230.0}, {"l": "Treenuts", "v": 150.0}, {"l": "Vegetables, Other", "v": 2355.0}, {"l": "Pulses, Other", "v": 457.0}, {"l": "Pineapples", "v": 600.0}, {"l": "Fruits, Other", "v": 1418.0}, {"l": "Onions", "v": 400.0}]}, {"source": 21, "prod": 1.2421224257585257, "target": 10, "value": 435.0, "supply": [{"l": "Nuts", "v": 150.0}, {"l": "Coffee", "v": 4.0}, {"l": "Cocoa Beans", "v": 241.0}, {"l": "Pimento", "v": 36.0}, {"l": "Spices, Other", "v": 4.0}]}, {"source": 1, "prod": 0.45143309473928733, "target": 11, "value": 713.0, "supply": [{"l": "Pelagic Fish", "v": 60.0}, {"l": "Crustaceans", "v": 2.0}, {"l": "Freshwater Fish", "v": 106.0}, {"l": "Demersal Fish", "v": 166.0}, {"l": "Fish, Seafood", "v": 357.0}, {"l": "Marine Fish, Other", "v": 22.0}]}, {"source": 1, "prod": 1.2745036265552394, "target": 3, "value": 1075.0, "supply": [{"l": "Poultry Meat", "v": 63.0}, {"l": "Pigmeat", "v": 30.0}, {"l": "Bovine Meat", "v": 164.0}, {"l": "Eggs", "v": 125.0}, {"l": "Milk - Excluding Butter", "v": 540.0}, {"l": "Offals, Edible", "v": 26.0}, {"l": "Meat, Other", "v": 100.0}, {"l": "Mutton & Goat Meat", "v": 31.0}]}, {"source": 13, "prod": 1.5325343642336713, "target": 6, "value": 2994.0, "supply": [{"l": "Fats, Animals, Raw", "v": 7.0}, {"l": "Beverages, Fermented", "v": 2808.0}, {"l": "Beer", "v": 171.0}, {"l": "Beverages, Alcoholic", "v": 1.0}, {"l": "Butter, Ghee", "v": 6.0}, {"l": "Wine", "v": 1.0}]}, {"source": 13, "prod": 7.9870582279289106, "target": 12, "value": 788.0, "supply": [{"l": "Coconut Oil", "v": 4.0}, {"l": "Cottonseed Oil", "v": 1.0}, {"l": "Groundnut Oil", "v": 247.0}, {"l": "Palm Oil", "v": 460.0}, {"l": "Palmkernel Oil", "v": 37.0}, {"l": "Oilcrops Oil, Other", "v": 39.0}]}, {"source": 13, "prod": 0.76343877279921657, "target": 9, "value": 180.0, "supply": [{"l": "Honey", "v": 2.0}, {"l": "Sweeteners, Other", "v": 2.0}, {"l": "Sugar non-centrifugal", "v": 23.0}, {"l": "Sugar", "v": 153.0}]}]}