{"nodes": [{"layer": 13, "name": "Animal Products", "fill": "#17becf"}, {"layer": 10, "name": "Feed", "fill": "#dbdb8d"}, {"layer": 5, "name": "Cereals", "fill": "#e7ba52"}, {"layer": 5, "name": "Oilcrops", "fill": "#ff9896"}, {"layer": 5, "name": "Starchy Roots"}, {"layer": 5, "name": "Fruits & Vegetables"}, {"layer": 13, "name": "Aquatic Products", "fill": "#1f77b4"}, {"layer": 13, "name": "Other Processed", "fill": "#9c9ede"}, {"layer": 16, "name": "Food", "fill": "#b5cf6b"}, {"layer": 5, "name": "Sugar Crops", "fill": "#ffbb78"}, {"layer": 13, "name": "Sugar", "fill": "#d6616b"}, {"layer": 5, "name": "Others"}, {"layer": 13, "name": "Vegetable Oils", "fill": "#f7b6d2"}, {"layer": 10, "name": "Processing", "fill": "#9edae5"}, {"layer": 16, "name": "Biofuels & Other", "fill": "#e7ba52"}, {"name": "Waste", "fill": "#c7c7c7"}, {"layer": 2, "name": "Import", "fill": "#aec7e8"}, {"layer": 16, "name": "Export", "fill": "#aec7e8"}, {"layer": 0, "name": "Stock Draw", "fill": "#c7c7c7"}, {"layer": 16, "name": "Stock Deposit", "fill": "#c7c7c7"}, {"layer": 2, "name": "Electricity", "fill": "#bcbd22"}, {"layer": 0, "name": "Fossil Fuels", "fill": "#c49c94"}, {"layer": 0, "name": "Renewables & Nuclear", "fill": "#2ca02c"}, {"layer": 2, "name": "Fertilizers", "fill": "#c5b0d5"}, {"layer": 0, "name": "Labor", "fill": "#7f7f7f"}], "links": [{"source": 0, "prod": 57.0, "target": 1, "value": 0.039077188232776158, "supply": [{"l": "Milk - Excluding Butter", "v": 0.039077188232776158}]}, {"source": 2, "prod": 1221.0, "target": 1, "value": 4.2396935698002478, "supply": [{"l": "Maize", "v": 1.0734894629902896}, {"l": "Wheat", "v": 0.036520786085918425}, {"l": "Millet", "v": 1.3904268464622203}, {"l": "Barley", "v": 0.009483547854207448}, {"l": "Sorghum", "v": 1.7297729264076123}]}, {"source": 3, "prod": 8.0, "target": 1, "value": 0.039374067557565215, "supply": [{"l": "Soyabeans", "v": 0.039374067557565215}]}, {"source": 4, "prod": 4740.0, "target": 1, "value": 4.5469124108888685, "supply": [{"l": "Potatoes", "v": 0.0023583425880833336}, {"l": "Yams", "v": 1.2118650296463287}, {"l": "Cassava", "v": 3.3326890386544563}]}, {"source": 5, "prod": 176.0, "target": 1, "value": 0.68246806279765393, "supply": [{"l": "Pulses, Other", "v": 0.68246806279765393}]}, {"source": 6, "prod": 44.0, "target": 1, "value": 0.036897083457502686, "supply": [{"l": "Pelagic Fish", "v": 0.020581898950545456}, {"l": "Fish, Seafood", "v": 0.01631518450695723}]}, {"source": 7, "prod": 5704.0, "target": 8, "value": 3.1173421386313476, "supply": [{"l": "Beer", "v": 0.22467527192813416}, {"l": "Beverages, Alcoholic", "v": 0.0033710426406132355}, {"l": "Fats, Animals, Raw", "v": 0.28886820676474395}, {"l": "Butter, Ghee", "v": 0.0594302332197}, {"l": "Wine", "v": 0.001560572015029533}, {"l": "Beverages, Fermented", "v": 2.5394368120631268}]}, {"source": 0, "prod": 2140.0, "target": 8, "value": 2.4444889241590664, "supply": [{"l": "Mutton & Goat Meat", "v": 0.16131063302490001}, {"l": "Meat, Other", "v": 0.1286368684409091}, {"l": "Eggs", "v": 0.25673860750910399}, {"l": "Pigmeat", "v": 0.12984756837917646}, {"l": "Milk - Excluding Butter", "v": 0.80416739994818309}, {"l": "Poultry Meat", "v": 0.1284735200365397}, {"l": "Offals, Edible", "v": 0.063966004443904115}, {"l": "Bovine Meat", "v": 0.7713483223763502}]}, {"source": 2, "prod": 7578.0, "target": 8, "value": 26.73997609878748, "supply": [{"l": "Maize", "v": 2.0550705815464791}, {"l": "Barley", "v": 0.2244439658829096}, {"l": "Cereals, Other", "v": 0.062752420169869566}, {"l": "Rice", "v": 5.8808566317307394}, {"l": "Wheat", "v": 3.7281635796041717}, {"l": "Sorghum", "v": 8.0688618756489205}, {"l": "Millet", "v": 6.7198270442043917}]}, {"source": 3, "prod": 341.0, "target": 8, "value": 1.7993138684805776, "supply": [{"l": "Coconuts - Incl Copra", "v": 0.064754491401610173}, {"l": "Sesame seed", "v": 0.22128278326484044}, {"l": "Groundnuts", "v": 1.0602805369635206}, {"l": "Oilcrops, Other", "v": 0.19214285928173683}, {"l": "Soyabeans", "v": 0.26085319756886954}]}, {"source": 9, "prod": 40.0, "target": 8, "value": 0.014554342829314287, "supply": [{"l": "Sugar cane", "v": 0.014554342829314287}]}, {"source": 10, "prod": 900.0, "target": 8, "value": 3.2747271365957156, "supply": [{"l": "Sugar", "v": 3.0818820941073013}, {"l": "Sugar non-centrifugal", "v": 0.098241814097871444}, {"l": "Sweeteners, Other", "v": 0.094603228390542873}]}, {"source": 4, "prod": 7929.0, "target": 8, "value": 7.6510843055896363, "supply": [{"l": "Roots, Other", "v": 0.064572084383577463}, {"l": "Yams", "v": 2.1213453110123837}, {"l": "Potatoes", "v": 0.031837624939125009}, {"l": "Sweet potatoes", "v": 0.064598079586630441}, {"l": "Cassava", "v": 5.3687312056679204}]}, {"source": 5, "prod": 8045.0, "target": 8, "value": 5.2726310251849595, "supply": [{"l": "Plantains", "v": 1.0929077570625261}, {"l": "Citrus, Other", "v": 0.45013988527792576}, {"l": "Tomatoes", "v": 0.064254594583511154}, {"l": "Treenuts", "v": 0.64353677198109593}, {"l": "Vegetables, Other", "v": 0.77148054473179029}, {"l": "Pulses, Other", "v": 1.221462726029892}, {"l": "Pineapples", "v": 0.1607509814598177}, {"l": "Fruits, Other", "v": 0.70734897147360343}, {"l": "Onions", "v": 0.16074879258479779}]}, {"source": 11, "prod": 239.0, "target": 8, "value": 1.041011831776661, "supply": [{"l": "Nuts", "v": 0.64353677198109593}, {"l": "Coffee", "v": 0.063675249878250004}, {"l": "Cocoa Beans", "v": 0.031837624939125002}, {"l": "Pimento", "v": 0.12735049975650001}, {"l": "Infant food", "v": 0.09678637981494001}, {"l": "Spices, Other", "v": 0.035375138821250006}, {"l": "Tea", "v": 0.0424501665855}]}, {"source": 6, "prod": 2515.0, "target": 8, "value": 1.8986078903163772, "supply": [{"l": "Freshwater Fish", "v": 0.097028952195428578}, {"l": "Crustaceans", "v": 0.0014831985915415664}, {"l": "Marine Fish, Other", "v": 0.032159217110227276}, {"l": "Pelagic Fish", "v": 0.51454747376363652}, {"l": "Fish, Seafood", "v": 0.93219031478387437}, {"l": "Demersal Fish", "v": 0.32119873387166886}]}, {"source": 12, "prod": 830.0, "target": 8, "value": 8.481105358671611, "supply": [{"l": "Groundnut Oil", "v": 0.81154730236985284}, {"l": "Soyabean Oil", "v": 0.22781589400885}, {"l": "Palm Oil", "v": 4.8882010007545453}, {"l": "Sunflowerseed Oil", "v": 0.0424501665855}, {"l": "Coconut Oil", "v": 0.063675249878250004}, {"l": "Rape and Mustard Oil", "v": 1.2888484312706026}, {"l": "Oilcrops Oil, Other", "v": 0.41615081341195087}, {"l": "Cottonseed Oil", "v": 0.031837624939125002}, {"l": "Palmkernel Oil", "v": 0.71057887545293485}]}, {"source": 9, "prod": 835.0, "target": 13, "value": 0.30382190656193575, "supply": [{"l": "Sugar cane", "v": 0.30382190656193575}]}, {"source": 2, "prod": 162.0, "target": 13, "value": 0.53090645676722481, "supply": [{"l": "Barley", "v": 0.27502288777201594}, {"l": "Sorghum", "v": 0.25588356899520892}]}, {"source": 3, "prod": 3166.69696969697, "target": 13, "value": 13.858561905431966, "supply": [{"l": "Groundnuts", "v": 1.0088729957774105}, {"l": "Cottonseed", "v": 0.083669893559826083}, {"l": "Palm kernels", "v": 1.2255178527292174}, {"l": "Coconuts - Incl Copra", "v": 0.06907145749505085}, {"l": "Oilcrops, Other", "v": 0.56302326208136844}, {"l": "Oil Palm", "v": 10.908406443789092}]}, {"source": 4, "prod": 1959.0, "target": 14, "value": 2.2827755219713275, "supply": [{"l": "Roots, Other", "v": 0.16143021095894367}, {"l": "Yams", "v": 2.1213453110123837}]}, {"source": 7, "prod": 33.0, "target": 14, "value": 0.30750486526569515, "supply": [{"l": "Fats, Animals, Raw", "v": 0.30750486526569515}]}, {"source": 12, "prod": 140.0, "target": 14, "value": 1.4345119632283347, "supply": [{"l": "Palm Oil", "v": 1.3892781791618183}, {"l": "Oilcrops Oil, Other", "v": 0.045233784066516396}]}, {"source": 3, "prod": 5.0, "target": 14, "value": 0.024608792223478261, "supply": [{"l": "Cottonseed", "v": 0.024608792223478261}]}, {"source": 0, "prod": 6.0, "target": 0, "value": 0.0081504319844159998, "supply": [{"l": "Eggs", "v": 0.0081504319844159998}]}, {"source": 2, "prod": 108.0, "target": 2, "value": 0.38929560166476818, "supply": [{"l": "Maize", "v": 0.051468672883096082}, {"l": "Wheat", "v": 0.0030433988404932016}, {"l": "Millet", "v": 0.092239618807076054}, {"l": "Rice", "v": 0.085601988817041341}, {"l": "Sorghum", "v": 0.15694192231706147}]}, {"source": 3, "prod": 70.0, "target": 3, "value": 0.3797981667432293, "supply": [{"l": "Soyabeans", "v": 0.049217584446956522}, {"l": "Sesame seed", "v": 0.012644730472276598}, {"l": "Cottonseed", "v": 0.12796571956208694}, {"l": "Groundnuts", "v": 0.15422262355833027}, {"l": "Oilcrops, Other", "v": 0.035747508703578949}]}, {"source": 9, "prod": 19.0, "target": 9, "value": 0.0069133128439242859, "supply": [{"l": "Sugar cane", "v": 0.0069133128439242859}]}, {"source": 4, "prod": 5.0, "target": 4, "value": 0.0058958564702083346, "supply": [{"l": "Potatoes", "v": 0.0058958564702083346}]}, {"source": 5, "prod": 61.0, "target": 5, "value": 0.23653722631055055, "supply": [{"l": "Pulses, Other", "v": 0.23653722631055055}]}, {"source": 7, "prod": 555.0, "target": 15, "value": 0.26799532814128835, "supply": [{"l": "Beverages, Fermented", "v": 0.26799532814128835}]}, {"source": 0, "prod": 25.0, "target": 15, "value": 0.023867523894932675, "supply": [{"l": "Milk - Excluding Butter", "v": 0.010283470587572674}, {"l": "Eggs", "v": 0.013584053307360001}]}, {"source": 2, "prod": 949.0, "target": 15, "value": 3.331057823601042, "supply": [{"l": "Maize", "v": 0.40072038173267654}, {"l": "Rice", "v": 0.39376914855839013}, {"l": "Sorghum", "v": 1.3169474350953418}, {"l": "Cereals, Other", "v": 0.011073956500565219}, {"l": "Wheat", "v": 0.1460831443436737}, {"l": "Millet", "v": 1.0624637573703943}]}, {"source": 3, "prod": 60.0, "target": 15, "value": 0.31009391921900104, "supply": [{"l": "Soyabeans", "v": 0.039374067557565215}, {"l": "Coconuts - Incl Copra", "v": 0.010072920884694915}, {"l": "Sesame seed", "v": 0.031611826180691492}, {"l": "Cottonseed", "v": 0.014765275334086956}, {"l": "Groundnuts", "v": 0.16064856620659407}, {"l": "Oilcrops, Other", "v": 0.053621263055368427}]}, {"source": 9, "prod": 32.0, "target": 15, "value": 0.01164347426345143, "supply": [{"l": "Sugar cane", "v": 0.01164347426345143}]}, {"source": 4, "prod": 1986.0, "target": 15, "value": 1.9524893504515202, "supply": [{"l": "Potatoes", "v": 0.0047166851761666672}, {"l": "Yams", "v": 0.60593251482316435}, {"l": "Roots, Other", "v": 0.096858126575366216}, {"l": "Sweet potatoes", "v": 0.027684891251413046}, {"l": "Cassava", "v": 1.2172971326254101}]}, {"source": 5, "prod": 937.0, "target": 15, "value": 0.56784996063238657, "supply": [{"l": "Vegetables, Other", "v": 0.093448918442011045}, {"l": "Citrus, Other", "v": 0.079436450343163365}, {"l": "Pulses, Other", "v": 0.23653722631055055}, {"l": "Tomatoes", "v": 0.010533540095657566}, {"l": "Pineapples", "v": 0.017861220162201964}, {"l": "Treenuts", "v": 0.027137092794383567}, {"l": "Fruits, Other", "v": 0.10289551248441847}]}, {"source": 11, "prod": 11.0, "target": 15, "value": 0.04128714832288357, "supply": [{"l": "Pimento", "v": 0.014150055528500001}, {"l": "Nuts", "v": 0.027137092794383567}]}, {"source": 12, "prod": 19.0, "target": 15, "value": 0.19552804003018184, "supply": [{"l": "Palm Oil", "v": 0.19552804003018184}]}, {"source": 16, "prod": 1137.0, "target": 13, "value": 6.1583625691364849, "supply": [{"l": "Rape and Mustard Oil", "v": 1.2888484312706026}, {"l": "Beer", "v": 0.0022300275129343342}, {"l": "Groundnut Oil", "v": 0.072831168161397064}, {"l": "Beverages, Alcoholic", "v": 0.0033710426406132355}, {"l": "Oilcrops Oil, Other", "v": 0.0090467568133032802}, {"l": "Sugar", "v": 2.8999528087408719}, {"l": "Butter, Ghee", "v": 0.0084900333171}, {"l": "Wine", "v": 0.001560572015029533}, {"l": "Sweeteners, Other", "v": 0.058217371317257155}, {"l": "Fats, Animals, Raw", "v": 0.4938714502752074}, {"l": "Soyabean Oil", "v": 0.22781589400885}, {"l": "Palm Oil", "v": 1.0496768464778183}, {"l": "Sunflowerseed Oil", "v": 0.0424501665855}]}, {"source": 16, "prod": 42.0, "target": 11, "value": 0.2533092543254023, "supply": [{"l": "Cocoa Beans", "v": 0.02122508329275}, {"l": "Nuts", "v": 0.050397458046712335}, {"l": "Coffee", "v": 0.0424501665855}, {"l": "Tea", "v": 0.0424501665855}, {"l": "Infant food", "v": 0.09678637981494001}]}, {"source": 16, "prod": 2428.0, "target": 2, "value": 8.4071295004458904, "supply": [{"l": "Maize", "v": 0.93746511322782144}, {"l": "Barley", "v": 0.65436480194031388}, {"l": "Sorghum", "v": 0.047764932879105666}, {"l": "Cereals, Other", "v": 0.0036913188335217393}, {"l": "Rice", "v": 2.8205855315215116}, {"l": "Wheat", "v": 3.8407693367024205}, {"l": "Millet", "v": 0.1024884653411956}]}, {"source": 16, "prod": 57.0, "target": 5, "value": 0.063355929479943007, "supply": [{"l": "Fruits, Other", "v": 0.0023070742709510876}, {"l": "Tomatoes", "v": 0.0052667700478287831}, {"l": "Treenuts", "v": 0.050397458046712335}, {"l": "Vegetables, Other", "v": 0.00070262344693241381}, {"l": "Onions", "v": 0.0046820036675183823}]}, {"source": 16, "prod": 3184.0, "target": 1, "value": 2.3428616536109539, "supply": [{"l": "Milk - Excluding Butter", "v": 0.7630335175978924}, {"l": "Fish, Seafood", "v": 0.75717288098196955}, {"l": "Pelagic Fish", "v": 0.49583665653586784}, {"l": "Eggs", "v": 0.001358405330736}, {"l": "Poultry Meat", "v": 0.010780994688380953}, {"l": "Demersal Fish", "v": 0.27603898218496675}, {"l": "Bovine Meat", "v": 0.03789861699536981}, {"l": "Crustaceans", "v": 0.0007415992957707832}]}, {"source": 2, "prod": 2.0, "target": 17, "value": 0.0060867976809864032, "supply": [{"l": "Wheat", "v": 0.0060867976809864032}]}, {"source": 3, "prod": 52.0, "target": 17, "value": 0.25366483984043248, "supply": [{"l": "Cottonseed", "v": 0.0098435168893913037}, {"l": "Oilcrops, Other", "v": 0.022342192939736841}, {"l": "Palm kernels", "v": 0.22147913001130434}]}, {"source": 5, "prod": 1.0, "target": 17, "value": 0.0038767275420547947, "supply": [{"l": "Treenuts", "v": 0.0038767275420547947}]}, {"source": 11, "prod": 220.0, "target": 17, "value": 2.3280233480981796, "supply": [{"l": "Coffee", "v": 0.02122508329275}, {"l": "Cocoa Beans", "v": 2.3029215372633751}, {"l": "Nuts", "v": 0.0038767275420547947}]}, {"source": 6, "prod": 2.0, "target": 17, "value": 0.0014831985915415664, "supply": [{"l": "Crustaceans", "v": 0.0007415992957707832}, {"l": "Fish, Seafood", "v": 0.0007415992957707832}]}, {"source": 12, "prod": 58.0, "target": 17, "value": 0.57814112220716618, "supply": [{"l": "Palm Oil", "v": 0.030872848425818181}, {"l": "Palmkernel Oil", "v": 0.45680070564831526}, {"l": "Oilcrops Oil, Other", "v": 0.090467568133032791}]}, {"source": 18, "prod": 18.0, "target": 13, "value": 0.10875991157971196, "supply": [{"l": "Oilcrops Oil, Other", "v": 0.072374054506426241}, {"l": "Sweeteners, Other", "v": 0.036385857073285718}]}, {"source": 2, "prod": 46.0, "target": 19, "value": 0.14541440043118087, "supply": [{"l": "Barley", "v": 0.14541440043118087}]}, {"source": 0, "prod": 161.0, "target": 19, "value": 0.11037591763994671, "supply": [{"l": "Milk - Excluding Butter", "v": 0.11037591763994671}]}, {"source": 18, "prod": 45.0, "target": 11, "value": 0.47756437408687502, "supply": [{"l": "Cocoa Beans", "v": 0.47756437408687502}]}, {"source": 1, "prod": 2561.0, "target": 6, "value": 1.9369881723654214, "supply": [{"l": "Pelagic Fish", "v": 0.53512937271418193}, {"l": "Crustaceans", "v": 0.0022247978873123496}, {"l": "Freshwater Fish", "v": 0.097028952195428578}, {"l": "Demersal Fish", "v": 0.32119873387166886}, {"l": "Fish, Seafood", "v": 0.94924709858660239}, {"l": "Marine Fish, Other", "v": 0.032159217110227276}]}, {"source": 1, "prod": 2383.0, "target": 0, "value": 2.6178095539267221, "supply": [{"l": "Poultry Meat", "v": 0.1284735200365397}, {"l": "Pigmeat", "v": 0.12984756837917646}, {"l": "Bovine Meat", "v": 0.7713483223763502}, {"l": "Eggs", "v": 0.27847309280088001}, {"l": "Milk - Excluding Butter", "v": 0.96390397640847858}, {"l": "Offals, Edible", "v": 0.063966004443904115}, {"l": "Meat, Other", "v": 0.1286368684409091}, {"l": "Mutton & Goat Meat", "v": 0.16131063302490001}]}, {"source": 13, "prod": 6292.0, "target": 7, "value": 3.6928423320383312, "supply": [{"l": "Fats, Animals, Raw", "v": 0.5963730720304391}, {"l": "Beverages, Fermented", "v": 2.8074321402044151}, {"l": "Beer", "v": 0.22467527192813416}, {"l": "Beverages, Alcoholic", "v": 0.0033710426406132355}, {"l": "Butter, Ghee", "v": 0.0594302332197}, {"l": "Wine", "v": 0.001560572015029533}]}, {"source": 13, "prod": 1047.0, "target": 12, "value": 10.689286484137293, "supply": [{"l": "Soyabean Oil", "v": 0.22781589400885}, {"l": "Coconut Oil", "v": 0.063675249878250004}, {"l": "Rape and Mustard Oil", "v": 1.2888484312706026}, {"l": "Cottonseed Oil", "v": 0.031837624939125002}, {"l": "Groundnut Oil", "v": 0.81154730236985284}, {"l": "Palm Oil", "v": 6.5038800683723643}, {"l": "Palmkernel Oil", "v": 1.1673795811012502}, {"l": "Oilcrops Oil, Other", "v": 0.55185216561150008}, {"l": "Sunflowerseed Oil", "v": 0.0424501665855}]}, {"source": 13, "prod": 900.0, "target": 10, "value": 3.2747271365957156, "supply": [{"l": "Sweeteners, Other", "v": 0.094603228390542873}, {"l": "Sugar non-centrifugal", "v": 0.098241814097871444}, {"l": "Sugar", "v": 3.0818820941073013}]}, {"source": 20, "prod": 0, "target": 2, "value": 1.4862699918202165e-05, "supply": "[{\"l\":'Energy for power irrigation',\"v\":1.4862699918202165e-05}]"}, {"source": 20, "prod": 0, "target": 3, "value": 6.2145274199394959e-06, "supply": "[{\"l\":'Energy for power irrigation',\"v\":6.2145274199394959e-06}]"}, {"source": 20, "prod": 0, "target": 9, "value": 1.554598455241749e-06, "supply": "[{\"l\":'Energy for power irrigation',\"v\":1.554598455241749e-06}]"}, {"source": 20, "prod": 0, "target": 4, "value": 2.7901348841134177e-05, "supply": "[{\"l\":'Energy for power irrigation',\"v\":2.7901348841134177e-05}]"}, {"source": 20, "prod": 0, "target": 5, "value": 1.5431823974710753e-05, "supply": "[{\"l\":'Energy for power irrigation',\"v\":1.5431823974710753e-05}]"}, {"source": 20, "prod": 0, "target": 11, "value": 7.1686127471730751e-07, "supply": "[{\"l\":'Energy for power irrigation',\"v\":7.1686127471730751e-07}]"}, {"source": 20, "prod": 0, "target": 13, "value": 0.0030719999999999996, "supply": "[{\"l\":'Electricity',\"v\":0.0030719999999999996}]"}, {"source": 21, "prod": 0, "target": 20, "value": 0.0050372962212917385, "supply": [{"l": "Coal", "v": 0.0}, {"l": "Natural gas", "v": 0.0037116671056812334}, {"l": "Oil", "v": 0.0013256291156105049}]}, {"source": 22, "prod": 0, "target": 20, "value": 0.00096469259839539895, "supply": [{"l": "Nuclear", "v": 0.0}, {"l": "Hydroelectric", "v": 0.00096469259839539895}, {"l": "Renewable", "v": 0.0}]}, {"source": 21, "prod": 0, "target": 2, "value": 0.11377079800886941, "supply": [{"l": "Gas-Diesel oil", "v": 0.10649174688192972}, {"l": "Other fossil fuels", "v": 0.0072790511269396879}]}, {"source": 21, "prod": 0, "target": 3, "value": 0.04757088198683361, "supply": [{"l": "Gas-Diesel oil", "v": 0.044527298851301932}, {"l": "Other fossil fuels", "v": 0.0030435831355316795}]}, {"source": 21, "prod": 0, "target": 9, "value": 0.01190011961552164, "supply": [{"l": "Gas-Diesel oil", "v": 0.011138750436311637}, {"l": "Other fossil fuels", "v": 0.00076136917921000233}]}, {"source": 21, "prod": 0, "target": 4, "value": 0.21357887467620074, "supply": [{"l": "Gas-Diesel oil", "v": 0.19991410677784152}, {"l": "Other fossil fuels", "v": 0.013664767898359216}]}, {"source": 21, "prod": 0, "target": 5, "value": 0.11812732128064245, "supply": [{"l": "Gas-Diesel oil", "v": 0.11056953996822524}, {"l": "Other fossil fuels", "v": 0.0075577813124172166}]}, {"source": 21, "prod": 0, "target": 11, "value": 0.0054874201682804961, "supply": [{"l": "Gas-Diesel oil", "v": 0.0051363352443899229}, {"l": "Other fossil fuels", "v": 0.00035108492389057346}]}, {"source": 23, "prod": 47.520084593855273, "target": 2, "value": 0.49116036817554765, "supply": [{"l": "Potash", "v": 0.094863888964779985}, {"l": "Phosphate", "v": 0.33456250026764994}, {"l": "Nitrogen", "v": 1.7741763903082297}]}, {"source": 23, "prod": 19.869530457564412, "target": 3, "value": 0.20536844533047249, "supply": [{"l": "Potash", "v": 0.094863888964779985}, {"l": "Phosphate", "v": 0.33456250026764994}, {"l": "Nitrogen", "v": 1.7741763903082297}]}, {"source": 23, "prod": 4.9704730976968241, "target": 9, "value": 0.051374054098108787, "supply": [{"l": "Potash", "v": 0.094863888964779985}, {"l": "Phosphate", "v": 0.33456250026764994}, {"l": "Nitrogen", "v": 1.7741763903082297}]}, {"source": 23, "prod": 89.20818320428981, "target": 4, "value": 0.9220422160729147, "supply": [{"l": "Potash", "v": 0.094863888964779985}, {"l": "Phosphate", "v": 0.33456250026764994}, {"l": "Nitrogen", "v": 1.7741763903082297}]}, {"source": 23, "prod": 49.339728632860911, "target": 5, "value": 0.5099679322568208, "supply": [{"l": "Potash", "v": 0.094863888964779985}, {"l": "Phosphate", "v": 0.33456250026764994}, {"l": "Nitrogen", "v": 1.7741763903082297}]}, {"source": 23, "prod": 2.2920000137327685, "target": 11, "value": 0.023689763606795304, "supply": [{"l": "Potash", "v": 0.094863888964779985}, {"l": "Phosphate", "v": 0.33456250026764994}, {"l": "Nitrogen", "v": 1.7741763903082297}]}, {"source": 21, "prod": 0, "target": 23, "value": 2.6793622670836852, "supply": [{"l": "Natural gas (including LNG)", "v": 1.8104620158908566}, {"l": "Fuel oil", "v": 0.55527698572300344}, {"l": "Liquefied petroleum gas (LPG)", "v": 0.15681163273491258}, {"l": "Coal", "v": 0.15681163273491258}]}, {"source": 24, "prod": 0, "target": 2, "value": 1.4349589235997173, "supply": "[{\"l\":'Labor',\"v\":1.4349589235997173}]"}, {"source": 24, "prod": 0, "target": 3, "value": 0.59999809094416579, "supply": "[{\"l\":'Labor',\"v\":0.59999809094416579}]"}, {"source": 24, "prod": 0, "target": 9, "value": 0.150092845730638, "supply": "[{\"l\":'Labor',\"v\":0.150092845730638}]"}, {"source": 24, "prod": 0, "target": 4, "value": 2.693809988790862, "supply": "[{\"l\":'Labor',\"v\":2.693809988790862}]"}, {"source": 24, "prod": 0, "target": 5, "value": 1.4899065204708688, "supply": "[{\"l\":'Labor',\"v\":1.4899065204708688}]"}, {"source": 24, "prod": 0, "target": 11, "value": 0.069211279834754239, "supply": "[{\"l\":'Labor',\"v\":0.069211279834754239}]"}, {"source": 21, "prod": 0, "target": 16, "value": 5.2557348387926117, "supply": "[{\"l\":'Fossil Fuels',\"v\":5.2557348387926117}]"}, {"source": 22, "prod": 0, "target": 16, "value": 22.304909782153441, "supply": "[{\"l\":'Renewables & Nuclear',\"v\":0.10323884781515673},{\"l\":'Biomass & Waste',\"v\":22.201670934338285}]"}]}