{"nodes": [{"layer": 3, "name": "Cereals", "fill": "#e7ba52"}, {"layer": 5, "name": "Production", "fill": "#b5cf6b"}, {"layer": 3, "name": "Oilcrops", "fill": "#ff9896"}, {"layer": 3, "name": "Fruits, Roots & Vegetables", "fill": "#98df8a"}, {"layer": 3, "name": "Sugar Crops", "fill": "#ffbb78"}, {"layer": 1, "name": "Electricity", "fill": "#bcbd22"}, {"layer": 0, "name": "Fossil Fuels", "fill": "#c49c94"}, {"layer": 0, "name": "Renewables & Nuclear", "fill": "#2ca02c"}, {"layer": 1, "name": "Fertilizers", "fill": "#c5b0d5"}, {"layer": 0, "name": "Labor", "fill": "#7f7f7f"}], "links": [{"source": 0, "prod": 6074.0, "target": 1, "value": 21.158385207449285, "supply": [{"l": "Maize", "v": 3.5888595124593308}, {"l": "Cereals, Other", "v": 0.162841622639459}, {"l": "Rice", "v": 0.59025027084111126}, {"l": "Wheat", "v": 0.060483086955593672}, {"l": "Sorghum", "v": 10.7827771173625}, {"l": "Millet", "v": 5.973173597191292}]}, {"source": 2, "prod": 5478.8387715930903, "target": 1, "value": 26.209359845929121, "supply": [{"l": "Coconuts - Incl Copra", "v": 0.14531018561959616}, {"l": "Sesame seed", "v": 0.42897010444294742}, {"l": "Soyabeans", "v": 0.29715116609850001}, {"l": "Groundnuts", "v": 7.5799715266026375}, {"l": "Oilcrops, Other", "v": 0.59816143825022738}, {"l": "Cottonseed", "v": 0.45563178801769999}, {"l": "Palm kernels", "v": 2.0850106821244752}, {"l": "Oil Palm", "v": 14.619152954773037}]}, {"source": 3, "prod": 24566.0, "target": 1, "value": 24.771437580844939, "supply": [{"l": "Roots, Other", "v": 1.4172117443033685}, {"l": "Plantains", "v": 0.93935285531948265}, {"l": "Nuts", "v": 0.70668485414011573}, {"l": "Yams", "v": 8.1558585485324073}, {"l": "Citrus, Other", "v": 0.30760990279347827}, {"l": "Tomatoes", "v": 0.049838248675601771}, {"l": "Coffee", "v": 0.0014389886978135593}, {"l": "Treenuts", "v": 0.70668485414011573}, {"l": "Vegetables, Other", "v": 0.73103485026254367}, {"l": "Cocoa Beans", "v": 0.58124074247838464}, {"l": "Potatoes", "v": 0.027120939762958339}, {"l": "Pimento", "v": 0.12288206116855264}, {"l": "Pulses, Other", "v": 2.3988898859711525}, {"l": "Pineapples", "v": 0.14521151625598633}, {"l": "Spices, Other", "v": 0.019976548981411768}, {"l": "Fruits, Other", "v": 0.5738261281117758}, {"l": "Sweet potatoes", "v": 0.18699567052853167}, {"l": "Onions", "v": 0.13071165664156892}, {"l": "Cassava", "v": 7.5688675840796868}]}, {"source": 4, "prod": 441.0, "target": 1, "value": 0.13664615667303287, "supply": [{"l": "Sugar cane", "v": 0.13664615667303287}]}, {"source": 5, "prod": 0, "target": 3, "value": 4.6220314825635679e-06, "supply": "[{\"l\":'Energy for power irrigation',\"v\":4.6220314825635679e-06}]"}, {"source": 5, "prod": 0, "target": 4, "value": 8.2910609685392569e-08, "supply": "[{\"l\":'Energy for power irrigation',\"v\":8.2910609685392569e-08}]"}, {"source": 5, "prod": 0, "target": 0, "value": 1.2130141807032943e-06, "supply": "[{\"l\":'Energy for power irrigation',\"v\":1.2130141807032943e-06}]"}, {"source": 5, "prod": 0, "target": 2, "value": 1.0331562085726971e-06, "supply": "[{\"l\":'Energy for power irrigation',\"v\":1.0331562085726971e-06}]"}, {"source": 6, "prod": 0, "target": 5, "value": 5.0060006961217254e-06, "supply": [{"l": "Coal", "v": 2.0427304938319147e-07}, {"l": "Natural gas", "v": 1.633344323149995e-06}, {"l": "Oil", "v": 3.1683833235885386e-06}]}, {"source": 7, "prod": 0, "target": 5, "value": 5.0141226000418636e-06, "supply": [{"l": "Nuclear", "v": 0.0}, {"l": "Hydroelectric", "v": 5.0141226000418636e-06}, {"l": "Renewable", "v": 0.0}]}, {"source": 6, "prod": 0, "target": 3, "value": 0.45346544728187071, "supply": [{"l": "Gas-Diesel oil", "v": 0.25150515370554433}, {"l": "Other fossil fuels", "v": 0.20196029357632639}]}, {"source": 6, "prod": 0, "target": 4, "value": 0.0081343229372696207, "supply": [{"l": "Gas-Diesel oil", "v": 0.0045115325828934917}, {"l": "Other fossil fuels", "v": 0.003622790354376129}]}, {"source": 6, "prod": 0, "target": 0, "value": 0.11900828025229838, "supply": [{"l": "Gas-Diesel oil", "v": 0.066005460827276208}, {"l": "Other fossil fuels", "v": 0.053002819425022177}]}, {"source": 6, "prod": 0, "target": 2, "value": 0.10136249482502661, "supply": [{"l": "Gas-Diesel oil", "v": 0.056218593927619326}, {"l": "Other fossil fuels", "v": 0.045143900897407281}]}, {"source": 8, "prod": 4.8739667006163012, "target": 3, "value": 0.062740943559950121, "supply": [{"l": "Potash", "v": 0.0023844166685742002}, {"l": "Phosphate", "v": 0.007575000006059999}, {"l": "Nitrogen", "v": 0.08439722228973999}]}, {"source": 8, "prod": 0.087429856819206758, "target": 4, "value": 0.0011254553116776017, "supply": [{"l": "Potash", "v": 0.0023844166685742002}, {"l": "Phosphate", "v": 0.007575000006059999}, {"l": "Nitrogen", "v": 0.08439722228973999}]}, {"source": 8, "prod": 1.2791325083844036, "target": 0, "value": 0.016465845058829674, "supply": [{"l": "Potash", "v": 0.0023844166685742002}, {"l": "Phosphate", "v": 0.007575000006059999}, {"l": "Nitrogen", "v": 0.08439722228973999}]}, {"source": 8, "prod": 1.0894709341800894, "target": 2, "value": 0.014024395033916804, "supply": [{"l": "Potash", "v": 0.0023844166685742002}, {"l": "Phosphate", "v": 0.007575000006059999}, {"l": "Nitrogen", "v": 0.08439722228973999}]}, {"source": 6, "prod": 0, "target": 8, "value": 0.11331110384598979, "supply": [{"l": "Natural gas (including LNG)", "v": 0.076696453303161022}, {"l": "Fuel oil", "v": 0.021695653426373796}, {"l": "Liquefied petroleum gas (LPG)", "v": 0.0074594985582274852}, {"l": "Coal", "v": 0.0074594985582274852}]}, {"source": 9, "prod": 0, "target": 3, "value": 2.676575110144999, "supply": "[{\"l\":'Labor',\"v\":2.676575110144999}]"}, {"source": 9, "prod": 0, "target": 4, "value": 0.048012756963694385, "supply": "[{\"l\":'Labor',\"v\":0.048012756963694385}]"}, {"source": 9, "prod": 0, "target": 0, "value": 0.70244514269785974, "supply": "[{\"l\":'Labor',\"v\":0.70244514269785974}]"}, {"source": 9, "prod": 0, "target": 2, "value": 0.59829107681103377, "supply": "[{\"l\":'Labor',\"v\":0.59829107681103377}]"}]}