{"nodes": [{"layer": 13, "name": "Milk - Excluding Butter"}, {"layer": 10, "name": "Feed", "fill": "#dbdb8d"}, {"layer": 5, "name": "Cereals - Excluding Beer"}, {"layer": 5, "name": "Pulses"}, {"layer": 5, "name": "Oilcrops", "fill": "#ff9896"}, {"layer": 5, "name": "Starchy Roots"}, {"layer": 16, "name": "Food", "fill": "#b5cf6b"}, {"layer": 13, "name": "Meat"}, {"layer": 5, "name": "Treenuts"}, {"layer": 5, "name": "Vegetables"}, {"layer": 5, "name": "Others"}, {"layer": 5, "name": "Sugar Crops", "fill": "#ffbb78"}, {"layer": 13, "name": "Alcoholic Beverages"}, {"layer": 13, "name": "Animal Fats"}, {"layer": 13, "name": "Fish, Seafood"}, {"layer": 13, "name": "Sugar & Sweeteners"}, {"layer": 13, "name": "Vegetable Oils", "fill": "#f7b6d2"}, {"layer": 5, "name": "Spices"}, {"layer": 5, "name": "Stimulants"}, {"layer": 13, "name": "Eggs"}, {"layer": 5, "name": "Fruits - Excluding Wine"}, {"layer": 10, "name": "Processing", "fill": "#9edae5"}, {"layer": 16, "name": "Biofuels & Other", "fill": "#e7ba52"}, {"name": "Waste", "fill": "#c7c7c7"}, {"layer": 2, "name": "Import", "fill": "#aec7e8"}, {"layer": 16, "name": "Export", "fill": "#aec7e8"}, {"layer": 16, "name": "Stock Deposit", "fill": "#c7c7c7"}, {"layer": 0, "name": "Stock Draw", "fill": "#c7c7c7"}, {"layer": 2, "name": "Electricity", "fill": "#bcbd22"}, {"layer": 0, "name": "Fossil Fuels", "fill": "#c49c94"}, {"layer": 0, "name": "Renewables & Nuclear", "fill": "#2ca02c"}, {"layer": 2, "name": "Fertilizers", "fill": "#c5b0d5"}, {"layer": 0, "name": "Labor", "fill": "#7f7f7f"}], "links": [{"source": 0, "prod": 42.0, "target": 1, "value": 0.028429040947920269, "supply": [{"l": "Milk - Excluding Butter", "v": 0.028429040947920269}]}, {"source": 2, "prod": 1382.0, "target": 1, "value": 4.8270159052421837, "supply": [{"l": "Maize", "v": 1.419385331942155}, {"l": "Millet", "v": 1.4686781772684483}, {"l": "Sorghum", "v": 1.9389523960315804}]}, {"source": 3, "prod": 248.0, "target": 1, "value": 0.95576147423396762, "supply": [{"l": "Pulses, Other", "v": 0.95576147423396762}]}, {"source": 4, "prod": 6.0, "target": 1, "value": 0.029530550668173911, "supply": [{"l": "Soyabeans", "v": 0.029530550668173911}]}, {"source": 5, "prod": 5036.0, "target": 1, "value": 5.05868053530605, "supply": [{"l": "Potatoes", "v": 0.0012128619024428574}, {"l": "Yams", "v": 2.271565570795341}, {"l": "Cassava", "v": 2.785902102608266}]}, {"source": 0, "prod": 504.0, "target": 6, "value": 0.34114849137504327, "supply": [{"l": "Milk - Excluding Butter", "v": 0.34114849137504327}]}, {"source": 7, "prod": 436.0, "target": 6, "value": 0.75367763342121741, "supply": [{"l": "Mutton & Goat Meat", "v": 0.048739080153722227}, {"l": "Meat, Other", "v": 0.12198323731465517}, {"l": "Pigmeat", "v": 0.096553320076823518}, {"l": "Poultry Meat", "v": 0.048514476097714282}, {"l": "Offals, Edible", "v": 0.024257238048857141}, {"l": "Bovine Meat", "v": 0.4136302817294451}]}, {"source": 8, "prod": 142.0, "target": 6, "value": 0.55904130672678631, "supply": [{"l": "Treenuts", "v": 0.55904130672678631}]}, {"source": 9, "prod": 2822.0, "target": 6, "value": 0.95121549148527196, "supply": [{"l": "Tomatoes", "v": 0.048614163377367126}, {"l": "Vegetables, Other", "v": 0.7562214433303186}, {"l": "Onions", "v": 0.14637988477758621}]}, {"source": 10, "prod": 145.0, "target": 6, "value": 0.58451140667808632, "supply": [{"l": "Infant food", "v": 0.025470099951300004}, {"l": "Nuts", "v": 0.55904130672678631}]}, {"source": 11, "prod": 22.0, "target": 6, "value": 0.006694649927462366, "supply": [{"l": "Sugar cane", "v": 0.006694649927462366}]}, {"source": 12, "prod": 2625.0, "target": 6, "value": 1.2478190238834721, "supply": [{"l": "Beer", "v": 0.07300696753282114}, {"l": "Beverages, Alcoholic", "v": 0.003371493375021661}, {"l": "Wine", "v": 0.0005095889855624054}, {"l": "Beverages, Fermented", "v": 1.1709309739900668}]}, {"source": 13, "prod": 12.0, "target": 6, "value": 0.12820807887943941, "supply": [{"l": "Fats, Animals, Raw", "v": 0.081041227117772743}, {"l": "Butter, Ghee", "v": 0.047166851761666677}]}, {"source": 5, "prod": 8656.0, "target": 6, "value": 8.7562663520295061, "supply": [{"l": "Roots, Other", "v": 0.17091047461874509}, {"l": "Yams", "v": 3.9755305278947652}, {"l": "Potatoes", "v": 0.024257238048857144}, {"l": "Sweet potatoes", "v": 0.097572024689059719}, {"l": "Cassava", "v": 4.4879960867780788}]}, {"source": 3, "prod": 424.0, "target": 6, "value": 1.634043810787106, "supply": [{"l": "Pulses, Other", "v": 1.634043810787106}]}, {"source": 14, "prod": 659.0, "target": 6, "value": 0.44129833109173, "supply": [{"l": "Crustaceans", "v": 0.0013358444030402098}, {"l": "Marine Fish, Other", "v": 0.024408845786662501}, {"l": "Freshwater Fish", "v": 0.073471442167211534}, {"l": "Pelagic Fish", "v": 0.024608792223478261}, {"l": "Fish, Seafood", "v": 0.21974640430011452}, {"l": "Demersal Fish", "v": 0.097727002211223019}]}, {"source": 15, "prod": 202.0, "target": 6, "value": 0.83584102356417156, "supply": [{"l": "Sugar", "v": 0.73185189795131511}, {"l": "Sugar non-centrifugal", "v": 0.073323015011318188}, {"l": "Sweeteners, Other", "v": 0.026531354115937499}, {"l": "Honey", "v": 0.0041347564856006498}]}, {"source": 2, "prod": 5693.0, "target": 6, "value": 19.706574638161072, "supply": [{"l": "Maize", "v": 2.6831200530708101}, {"l": "Barley", "v": 0.023154636319363639}, {"l": "Cereals, Other", "v": 0.096477651330681813}, {"l": "Rice", "v": 0.97829317917852809}, {"l": "Wheat", "v": 1.2674995648441667}, {"l": "Sorghum", "v": 8.0011603266821627}, {"l": "Millet", "v": 6.6568692267353615}]}, {"source": 16, "prod": 644.0, "target": 6, "value": 6.592312642977511, "supply": [{"l": "Groundnut Oil", "v": 1.5311224207365459}, {"l": "Palm Oil", "v": 4.7294043272035209}, {"l": "Coconut Oil", "v": 0.053062708231874998}, {"l": "Oilcrops Oil, Other", "v": 0.22212296469156978}, {"l": "Palmkernel Oil", "v": 0.056600222114000003}]}, {"source": 17, "prod": 33.0, "target": 6, "value": 0.1279598322912201, "supply": [{"l": "Pimento", "v": 0.12349139370327274}, {"l": "Spices, Other", "v": 0.0044684385879473695}]}, {"source": 18, "prod": 4.0, "target": 6, "value": 0.0041039442903986843, "supply": [{"l": "Coffee", "v": 0.00070750277642499997}, {"l": "Cocoa Beans", "v": 0.0022342192939736848}, {"l": "Tea", "v": 0.0011622222200000001}]}, {"source": 19, "prod": 110.0, "target": 6, "value": 0.14592244763765627, "supply": [{"l": "Eggs", "v": 0.14592244763765627}]}, {"source": 20, "prod": 4048.0, "target": 6, "value": 2.1709615549721271, "supply": [{"l": "Plantains", "v": 1.0490079934332452}, {"l": "Citrus, Other", "v": 0.39025840394060396}, {"l": "Pineapples", "v": 0.17070386137573407}, {"l": "Fruits, Other", "v": 0.5609912962225434}]}, {"source": 4, "prod": 266.0, "target": 6, "value": 1.3598813033336501, "supply": [{"l": "Coconuts - Incl Copra", "v": 0.072771714146571437}, {"l": "Sesame seed", "v": 0.11861075957713237}, {"l": "Groundnuts", "v": 0.80324283103297023}, {"l": "Oilcrops, Other", "v": 0.16838566078915002}, {"l": "Soyabeans", "v": 0.19687033778782609}]}, {"source": 2, "prod": 103.0, "target": 21, "value": 0.36408011650376126, "supply": [{"l": "Barley", "v": 0.11191407554359092}, {"l": "Sorghum", "v": 0.25216604096017037}]}, {"source": 11, "prod": 498.0, "target": 21, "value": 0.15154253017619357, "supply": [{"l": "Sugar cane", "v": 0.15154253017619357}]}, {"source": 4, "prod": 3137.9725343320852, "target": 21, "value": 14.500727714572413, "supply": [{"l": "Groundnuts", "v": 3.4764349727106953}, {"l": "Cottonseed", "v": 0.0099050388699500006}, {"l": "Palm kernels", "v": 0.32191376327337501}, {"l": "Coconuts - Incl Copra", "v": 0.054578785609928585}, {"l": "Oilcrops, Other", "v": 0.35658139931820004}, {"l": "Oil Palm", "v": 10.281313754790263}]}, {"source": 5, "prod": 3858.0, "target": 22, "value": 4.4028067144416276, "supply": [{"l": "Roots, Other", "v": 0.42727618654686272}, {"l": "Yams", "v": 3.9755305278947652}]}, {"source": 16, "prod": 7.0, "target": 22, "value": 0.069176405949276903, "supply": [{"l": "Palm Oil", "v": 0.051406568773951312}, {"l": "Oilcrops Oil, Other", "v": 0.017769837175325584}]}, {"source": 4, "prod": 4.0, "target": 22, "value": 0.019810077739900001, "supply": [{"l": "Cottonseed", "v": 0.019810077739900001}]}, {"source": 4, "prod": 137.0, "target": 4, "value": 0.8269430701004914, "supply": [{"l": "Soyabeans", "v": 0.029530550668173911}, {"l": "Sesame seed", "v": 0.0062426715566911775}, {"l": "Cottonseed", "v": 0.1188604664394}, {"l": "Groundnuts", "v": 0.64259426482637627}, {"l": "Oilcrops, Other", "v": 0.02971511660985}]}, {"source": 19, "prod": 4.0, "target": 19, "value": 0.0053062708231875, "supply": [{"l": "Eggs", "v": 0.0053062708231875}]}, {"source": 11, "prod": 13.0, "target": 11, "value": 0.0039559295025913986, "supply": [{"l": "Sugar cane", "v": 0.0039559295025913986}]}, {"source": 5, "prod": 2.0, "target": 5, "value": 0.0024257238048857148, "supply": [{"l": "Potatoes", "v": 0.0024257238048857148}]}, {"source": 3, "prod": 93.0, "target": 3, "value": 0.35841055283773782, "supply": [{"l": "Pulses, Other", "v": 0.35841055283773782}]}, {"source": 2, "prod": 172.0, "target": 2, "value": 0.60180360709404801, "supply": [{"l": "Maize", "v": 0.10376707387566668}, {"l": "Wheat", "v": 0.0030615931517975043}, {"l": "Millet", "v": 0.20151630804381035}, {"l": "Rice", "v": 0.034477292658274115}, {"l": "Sorghum", "v": 0.2589813393644993}]}, {"source": 0, "prod": 11.0, "target": 23, "value": 0.0074457012006457855, "supply": [{"l": "Milk - Excluding Butter", "v": 0.0074457012006457855}]}, {"source": 4, "prod": 98.0, "target": 23, "value": 0.56204036163805804, "supply": [{"l": "Soyabeans", "v": 0.029530550668173911}, {"l": "Coconuts - Incl Copra", "v": 0.010612541646375002}, {"l": "Sesame seed", "v": 0.02497068622676471}, {"l": "Cottonseed", "v": 0.034667636044825006}, {"l": "Groundnuts", "v": 0.41768627213714443}, {"l": "Oilcrops, Other", "v": 0.044572674914775005}]}, {"source": 8, "prod": 6.0, "target": 23, "value": 0.0236214636645121, "supply": [{"l": "Treenuts", "v": 0.0236214636645121}]}, {"source": 9, "prod": 308.0, "target": 23, "value": 0.10153919543410055, "supply": [{"l": "Vegetables, Other", "v": 0.093630671248308761}, {"l": "Tomatoes", "v": 0.0079085241857917814}]}, {"source": 12, "prod": 247.0, "target": 23, "value": 0.11615259059258896, "supply": [{"l": "Beverages, Fermented", "v": 0.11615259059258896}]}, {"source": 11, "prod": 105.0, "target": 23, "value": 0.031951738290161298, "supply": [{"l": "Sugar cane", "v": 0.031951738290161298}]}, {"source": 5, "prod": 2403.0, "target": 23, "value": 2.4560066920741526, "supply": [{"l": "Potatoes", "v": 0.0036385857073285718}, {"l": "Yams", "v": 1.1363643434035067}, {"l": "Roots, Other", "v": 0.25636571192811763}, {"l": "Sweet potatoes", "v": 0.041816582009597009}, {"l": "Cassava", "v": 1.0178214690256027}]}, {"source": 3, "prod": 85.0, "target": 23, "value": 0.32757953753986796, "supply": [{"l": "Pulses, Other", "v": 0.32757953753986796}]}, {"source": 10, "prod": 6.0, "target": 23, "value": 0.0236214636645121, "supply": [{"l": "Nuts", "v": 0.0236214636645121}]}, {"source": 2, "prod": 940.0, "target": 23, "value": 3.2667868178286734, "supply": [{"l": "Maize", "v": 0.52995327015072635}, {"l": "Rice", "v": 0.10774153955710661}, {"l": "Sorghum", "v": 1.4550662093242264}, {"l": "Cereals, Other", "v": 0.011577318159681819}, {"l": "Wheat", "v": 0.048985490428760069}, {"l": "Millet", "v": 1.1134629902081725}]}, {"source": 16, "prod": 15.0, "target": 23, "value": 0.15421970632185394, "supply": [{"l": "Palm Oil", "v": 0.15421970632185394}]}, {"source": 17, "prod": 4.0, "target": 23, "value": 0.015436424212909092, "supply": [{"l": "Pimento", "v": 0.015436424212909092}]}, {"source": 19, "prod": 6.0, "target": 23, "value": 0.0079594062347812505, "supply": [{"l": "Eggs", "v": 0.0079594062347812505}]}, {"source": 20, "prod": 463.0, "target": 23, "value": 0.16935169579730497, "supply": [{"l": "Citrus, Other", "v": 0.068869130107165388}, {"l": "Pineapples", "v": 0.018967095708414896}, {"l": "Fruits, Other", "v": 0.081515469981724695}]}, {"source": 24, "prod": 4.0, "target": 10, "value": 0.02940701056205202, "supply": [{"l": "Nuts", "v": 0.0039369106107520167}, {"l": "Infant food", "v": 0.025470099951300004}]}, {"source": 24, "prod": 505.0, "target": 1, "value": 0.33556118497517584, "supply": [{"l": "Milk - Excluding Butter", "v": 0.22810920951069361}, {"l": "Fish, Seafood", "v": 0.056105464927688822}, {"l": "Pelagic Fish", "v": 0.0055369782502826086}, {"l": "Demersal Fish", "v": 0.045809532286510794}]}, {"source": 24, "prod": 487.0, "target": 2, "value": 1.5376870266651534, "supply": [{"l": "Maize", "v": 0.014823867696523812}, {"l": "Barley", "v": 0.11963228765004548}, {"l": "Cereals, Other", "v": 0.0424501665855}, {"l": "Wheat", "v": 1.2583147853887739}, {"l": "Millet", "v": 0.10246591934431032}]}, {"source": 24, "prod": 163.0, "target": 21, "value": 0.67776310859897781, "supply": [{"l": "Sugar", "v": 0.62434822932569811}, {"l": "Beer", "v": 0.0010978491358318966}, {"l": "Beverages, Alcoholic", "v": 0.003371493375021661}, {"l": "Oilcrops Oil, Other", "v": 0.017769837175325584}, {"l": "Wine", "v": 0.0005095889855624054}, {"l": "Sweeteners, Other", "v": 0.026531354115937499}, {"l": "Honey", "v": 0.0041347564856006498}]}, {"source": 24, "prod": 1.0, "target": 8, "value": 0.0039369106107520167, "supply": [{"l": "Treenuts", "v": 0.0039369106107520167}]}, {"source": 24, "prod": 21.0, "target": 9, "value": 0.0052120190802546753, "supply": [{"l": "Tomatoes", "v": 0.0041868657454191783}, {"l": "Vegetables, Other", "v": 0.0010251533348354972}]}, {"source": 24, "prod": 4.0, "target": 18, "value": 0.0041039442903986843, "supply": [{"l": "Cocoa Beans", "v": 0.0022342192939736848}, {"l": "Coffee", "v": 0.00070750277642499997}, {"l": "Tea", "v": 0.0011622222200000001}]}, {"source": 24, "prod": 2.0, "target": 20, "value": 0.00091590415709803016, "supply": [{"l": "Fruits, Other", "v": 0.00091590415709803016}]}, {"source": 4, "prod": 506.0, "target": 25, "value": 2.6960924218769984, "supply": [{"l": "Coconuts - Incl Copra", "v": 0.0090964642683214296}, {"l": "Cottonseed", "v": 0.48534690462755004}, {"l": "Sesame seed", "v": 0.043698700896838236}, {"l": "Soyabeans", "v": 0.024608792223478261}, {"l": "Groundnuts", "v": 0.88035414281213531}, {"l": "Palm kernels", "v": 1.19850970326395}, {"l": "Oilcrops, Other", "v": 0.054477713784724997}]}, {"source": 8, "prod": 2.0, "target": 25, "value": 0.0078738212215040335, "supply": [{"l": "Treenuts", "v": 0.0078738212215040335}]}, {"source": 9, "prod": 1.0, "target": 25, "value": 0.00034171777827849916, "supply": [{"l": "Vegetables, Other", "v": 0.00034171777827849916}]}, {"source": 10, "prod": 2.0, "target": 25, "value": 0.0078738212215040335, "supply": [{"l": "Nuts", "v": 0.0078738212215040335}]}, {"source": 16, "prod": 97.0, "target": 25, "value": 1.0835288281492508, "supply": [{"l": "Oilcrops Oil, Other", "v": 0.071079348701302336}, {"l": "Groundnut Oil", "v": 0.43892176061114319}, {"l": "Palm Oil", "v": 0.20562627509580525}, {"l": "Palmkernel Oil", "v": 0.36790144374100003}]}, {"source": 17, "prod": 2.0, "target": 25, "value": 0.0089368771758947391, "supply": [{"l": "Spices, Other", "v": 0.0089368771758947391}]}, {"source": 18, "prod": 298.0, "target": 25, "value": 0.65827547798111319, "supply": [{"l": "Coffee", "v": 0.0014150055528499999}, {"l": "Cocoa Beans", "v": 0.65686047242826318}]}, {"source": 2, "prod": 400.0, "target": 26, "value": 1.3638478251303738, "supply": [{"l": "Sorghum", "v": 1.0222947606493393}, {"l": "Millet", "v": 0.34155306448103445}]}, {"source": 16, "prod": 51.0, "target": 26, "value": 0.51925905883317813, "supply": [{"l": "Groundnut Oil", "v": 0.51037414024551531}, {"l": "Oilcrops Oil, Other", "v": 0.008884918587662792}]}, {"source": 27, "prod": 63.0, "target": 4, "value": 0.31200872440342503, "supply": [{"l": "Cottonseed", "v": 0.31200872440342503}]}, {"source": 27, "prod": 37.0, "target": 18, "value": 0.08266611387702634, "supply": [{"l": "Cocoa Beans", "v": 0.08266611387702634}]}, {"source": 27, "prod": 4.0, "target": 2, "value": 0.015436424212909092, "supply": [{"l": "Barley", "v": 0.015436424212909092}]}, {"source": 1, "prod": 557.0, "target": 0, "value": 0.37702323352360934, "supply": [{"l": "Milk - Excluding Butter", "v": 0.37702323352360934}]}, {"source": 1, "prod": 116.0, "target": 19, "value": 0.15388185387243752, "supply": [{"l": "Eggs", "v": 0.15918812469562502}]}, {"source": 1, "prod": 436.0, "target": 7, "value": 0.75367763342121741, "supply": [{"l": "Pigmeat", "v": 0.096553320076823518}, {"l": "Bovine Meat", "v": 0.4136302817294451}, {"l": "Poultry Meat", "v": 0.048514476097714282}, {"l": "Offals, Edible", "v": 0.024257238048857141}, {"l": "Meat, Other", "v": 0.12198323731465517}, {"l": "Mutton & Goat Meat", "v": 0.048739080153722227}]}, {"source": 1, "prod": 659.0, "target": 14, "value": 0.44129833109173, "supply": [{"l": "Pelagic Fish", "v": 0.024608792223478261}, {"l": "Crustaceans", "v": 0.0013358444030402098}, {"l": "Freshwater Fish", "v": 0.073471442167211534}, {"l": "Demersal Fish", "v": 0.097727002211223019}, {"l": "Fish, Seafood", "v": 0.21974640430011452}, {"l": "Marine Fish, Other", "v": 0.024408845786662501}]}, {"source": 21, "prod": 202.0, "target": 15, "value": 0.83584102356417156, "supply": [{"l": "Honey", "v": 0.0041347564856006498}, {"l": "Sweeteners, Other", "v": 0.026531354115937499}, {"l": "Sugar non-centrifugal", "v": 0.073323015011318188}, {"l": "Sugar", "v": 0.73185189795131511}]}, {"source": 21, "prod": 814.0, "target": 16, "value": 8.4184966422310694, "supply": [{"l": "Palm Oil", "v": 5.1406568773951316}, {"l": "Palmkernel Oil", "v": 0.42450166585500004}, {"l": "Coconut Oil", "v": 0.053062708231874998}, {"l": "Groundnut Oil", "v": 2.4804183215932043}, {"l": "Oilcrops Oil, Other", "v": 0.31985706915586049}]}, {"source": 21, "prod": 12.0, "target": 13, "value": 0.12820807887943941, "supply": [{"l": "Fats, Animals, Raw", "v": 0.081041227117772743}, {"l": "Butter, Ghee", "v": 0.047166851761666677}]}, {"source": 21, "prod": 2872.0, "target": 12, "value": 1.363971614476061, "supply": [{"l": "Beer", "v": 0.07300696753282114}, {"l": "Beverages, Alcoholic", "v": 0.003371493375021661}, {"l": "Beverages, Fermented", "v": 1.2870835645826557}, {"l": "Wine", "v": 0.0005095889855624054}]}, {"source": 28, "prod": 0, "target": 4, "value": 9.781731533677666e-07, "supply": "[{\"l\":'Energy for power irrigation',\"v\":9.781731533677666e-07}]"}, {"source": 28, "prod": 0, "target": 8, "value": 3.5578794907985145e-08, "supply": "[{\"l\":'Energy for power irrigation',\"v\":3.5578794907985145e-08}]"}, {"source": 28, "prod": 0, "target": 9, "value": 7.4003893408609095e-07, "supply": "[{\"l\":'Energy for power irrigation',\"v\":7.4003893408609095e-07}]"}, {"source": 28, "prod": 0, "target": 11, "value": 1.5132847434196347e-07, "supply": "[{\"l\":'Energy for power irrigation',\"v\":1.5132847434196347e-07}]"}, {"source": 28, "prod": 0, "target": 5, "value": 4.7330470866092633e-06, "supply": "[{\"l\":'Energy for power irrigation',\"v\":4.7330470866092633e-06}]"}, {"source": 28, "prod": 0, "target": 3, "value": 2.0161317114524916e-07, "supply": "[{\"l\":'Energy for power irrigation',\"v\":2.0161317114524916e-07}]"}, {"source": 28, "prod": 0, "target": 10, "value": 3.5934582857064997e-08, "supply": "[{\"l\":'Energy for power irrigation',\"v\":3.5934582857064997e-08}]"}, {"source": 28, "prod": 0, "target": 2, "value": 2.0029675573365369e-06, "supply": "[{\"l\":'Energy for power irrigation',\"v\":2.0029675573365369e-06}]"}, {"source": 28, "prod": 0, "target": 17, "value": 9.2504866760761365e-09, "supply": "[{\"l\":'Energy for power irrigation',\"v\":9.2504866760761365e-09}]"}, {"source": 28, "prod": 0, "target": 18, "value": 6.6769538443985448e-08, "supply": "[{\"l\":'Energy for power irrigation',\"v\":6.6769538443985448e-08}]"}, {"source": 28, "prod": 0, "target": 20, "value": 1.0697357669000867e-06, "supply": "[{\"l\":'Energy for power irrigation',\"v\":1.0697357669000867e-06}]"}, {"source": 28, "prod": 0, "target": 21, "value": 0.0021281, "supply": "[{\"l\":'Electricity',\"v\":0.0021281}]"}, {"source": 29, "prod": 0, "target": 28, "value": 0.00095637847116805945, "supply": [{"l": "Coal", "v": 6.2824024841551119e-05}, {"l": "Natural gas", "v": 0.00030108207771084041}, {"l": "Oil", "v": 0.00059247236861566797}]}, {"source": 30, "prod": 0, "target": 28, "value": 0.0017630327020716631, "supply": [{"l": "Nuclear", "v": 0.0}, {"l": "Hydroelectric", "v": 0.0017630327020716631}, {"l": "Renewable", "v": 0.0}]}, {"source": 29, "prod": 0, "target": 4, "value": 0.053214941769557218, "supply": [{"l": "Gas-Diesel oil", "v": 0.036908299011882854}, {"l": "Other fossil fuels", "v": 0.01630664275767436}]}, {"source": 29, "prod": 0, "target": 8, "value": 0.0019355709086278817, "supply": [{"l": "Gas-Diesel oil", "v": 0.0013424543460687896}, {"l": "Other fossil fuels", "v": 0.00059311656255909206}]}, {"source": 29, "prod": 0, "target": 9, "value": 0.040259874899459938, "supply": [{"l": "Gas-Diesel oil", "v": 0.027923050398230821}, {"l": "Other fossil fuels", "v": 0.012336824501229115}]}, {"source": 29, "prod": 0, "target": 11, "value": 0.0082326282646972559, "supply": [{"l": "Gas-Diesel oil", "v": 0.0057099058186125843}, {"l": "Other fossil fuels", "v": 0.0025227224460846716}]}, {"source": 29, "prod": 0, "target": 5, "value": 0.2574889979747671, "supply": [{"l": "Gas-Diesel oil", "v": 0.17858670165753107}, {"l": "Other fossil fuels", "v": 0.078902296317236012}]}, {"source": 29, "prod": 0, "target": 3, "value": 0.01096823514889133, "supply": [{"l": "Gas-Diesel oil", "v": 0.0076072412943898084}, {"l": "Other fossil fuels", "v": 0.0033609938545015221}]}, {"source": 29, "prod": 0, "target": 10, "value": 0.0019549266177141607, "supply": [{"l": "Gas-Diesel oil", "v": 0.0013558788895294775}, {"l": "Other fossil fuels", "v": 0.00059904772818468303}]}, {"source": 29, "prod": 0, "target": 2, "value": 0.10896619025272097, "supply": [{"l": "Gas-Diesel oil", "v": 0.075575704835852617}, {"l": "Other fossil fuels", "v": 0.033390485416868357}]}, {"source": 29, "prod": 0, "target": 17, "value": 0.00050324843624324918, "supply": [{"l": "Gas-Diesel oil", "v": 0.00034903812997788525}, {"l": "Other fossil fuels", "v": 0.00015421030626536393}]}, {"source": 29, "prod": 0, "target": 18, "value": 0.0036324214051916578, "supply": [{"l": "Gas-Diesel oil", "v": 0.0025193393227890951}, {"l": "Other fossil fuels", "v": 0.0011130820824025627}]}, {"source": 29, "prod": 0, "target": 20, "value": 0.058196165319411637, "supply": [{"l": "Gas-Diesel oil", "v": 0.040363127338468273}, {"l": "Other fossil fuels", "v": 0.017833037980943368}]}, {"source": 31, "prod": 0.90211652881085425, "target": 4, "value": 0.0085402595556831294, "supply": [{"l": "Potash", "v": 0.0032971611137488396}, {"l": "Phosphate", "v": 0.018394625014715699}, {"l": "Nitrogen", "v": 0.065829833385997197}]}, {"source": 31, "prod": 0.032812410411347227, "target": 8, "value": 0.00031063226602209783, "supply": [{"l": "Potash", "v": 0.0032971611137488396}, {"l": "Phosphate", "v": 0.018394625014715699}, {"l": "Nitrogen", "v": 0.065829833385997197}]}, {"source": 31, "prod": 0.68249813655602232, "target": 9, "value": 0.0064611511332596343, "supply": [{"l": "Potash", "v": 0.0032971611137488396}, {"l": "Phosphate", "v": 0.018394625014715699}, {"l": "Nitrogen", "v": 0.065829833385997197}]}, {"source": 31, "prod": 0.13956211894959686, "target": 11, "value": 0.0013212225714806561, "supply": [{"l": "Potash", "v": 0.0032971611137488396}, {"l": "Phosphate", "v": 0.018394625014715699}, {"l": "Nitrogen", "v": 0.065829833385997197}]}, {"source": 31, "prod": 4.3650349570215212, "target": 5, "value": 0.041323410348919676, "supply": [{"l": "Potash", "v": 0.0032971611137488396}, {"l": "Phosphate", "v": 0.018394625014715699}, {"l": "Nitrogen", "v": 0.065829833385997197}]}, {"source": 31, "prod": 0.18593699233096764, "target": 3, "value": 0.0017602495074585545, "supply": [{"l": "Potash", "v": 0.0032971611137488396}, {"l": "Phosphate", "v": 0.018394625014715699}, {"l": "Nitrogen", "v": 0.065829833385997197}]}, {"source": 31, "prod": 0.033140534515460701, "target": 10, "value": 0.0003137385886823188, "supply": [{"l": "Potash", "v": 0.0032971611137488396}, {"l": "Phosphate", "v": 0.018394625014715699}, {"l": "Nitrogen", "v": 0.065829833385997197}]}, {"source": 31, "prod": 1.8472293314574777, "target": 2, "value": 0.017487561136157369, "supply": [{"l": "Potash", "v": 0.0032971611137488396}, {"l": "Phosphate", "v": 0.018394625014715699}, {"l": "Nitrogen", "v": 0.065829833385997197}]}, {"source": 31, "prod": 0.008531226706950279, "target": 17, "value": 8.0764389165745434e-05, "supply": [{"l": "Potash", "v": 0.0032971611137488396}, {"l": "Phosphate", "v": 0.018394625014715699}, {"l": "Nitrogen", "v": 0.065829833385997197}]}, {"source": 31, "prod": 0.061577956871961624, "target": 18, "value": 0.00058295321923480358, "supply": [{"l": "Potash", "v": 0.0032971611137488396}, {"l": "Phosphate", "v": 0.018394625014715699}, {"l": "Nitrogen", "v": 0.065829833385997197}]}, {"source": 31, "prod": 0.98655980636783991, "target": 20, "value": 0.0093396767983977419, "supply": [{"l": "Potash", "v": 0.0032971611137488396}, {"l": "Phosphate", "v": 0.018394625014715699}, {"l": "Nitrogen", "v": 0.065829833385997197}]}, {"source": 29, "prod": 0, "target": 31, "value": 0.1056739347194, "supply": [{"l": "Natural gas (including LNG)", "v": 0.071993179914855474}, {"l": "Fuel oil", "v": 0.02204393705370964}, {"l": "Liquefied petroleum gas (LPG)", "v": 0.0058184088754174388}, {"l": "Coal", "v": 0.0058184088754174388}]}, {"source": 32, "prod": 0, "target": 5, "value": 2.2876630976750132, "supply": "[{\"l\":'Labor',\"v\":2.2876630976750132}]"}, {"source": 32, "prod": 0, "target": 4, "value": 0.47278858315752409, "supply": "[{\"l\":'Labor',\"v\":0.47278858315752409}]"}, {"source": 32, "prod": 0, "target": 8, "value": 0.017196595487296198, "supply": "[{\"l\":'Labor',\"v\":0.017196595487296198}]"}, {"source": 32, "prod": 0, "target": 9, "value": 0.35768918613576089, "supply": "[{\"l\":'Labor',\"v\":0.35768918613576089}]"}, {"source": 32, "prod": 0, "target": 11, "value": 0.073142852805966496, "supply": "[{\"l\":'Labor',\"v\":0.073142852805966496}]"}, {"source": 32, "prod": 0, "target": 3, "value": 0.09744737442801181, "supply": "[{\"l\":'Labor',\"v\":0.09744737442801181}]"}, {"source": 32, "prod": 0, "target": 10, "value": 0.01736856144216916, "supply": "[{\"l\":'Labor',\"v\":0.01736856144216916}]"}, {"source": 32, "prod": 0, "target": 2, "value": 0.96811100394981842, "supply": "[{\"l\":'Labor',\"v\":0.96811100394981842}]"}, {"source": 32, "prod": 0, "target": 17, "value": 0.0044711148266970112, "supply": "[{\"l\":'Labor',\"v\":0.0044711148266970112}]"}, {"source": 32, "prod": 0, "target": 18, "value": 0.032272277531159202, "supply": "[{\"l\":'Labor',\"v\":0.032272277531159202}]"}, {"source": 32, "prod": 0, "target": 20, "value": 0.51704430431803905, "supply": "[{\"l\":'Labor',\"v\":0.51704430431803905}]"}, {"source": 29, "prod": 0, "target": 24, "value": 0.44283966020229942, "supply": "[{\"l\":'Fossil Fuels',\"v\":0.44283966020229942}]"}, {"source": 30, "prod": 0, "target": 24, "value": 7.6243098566148264, "supply": "[{\"l\":'Renewables & Nuclear',\"v\":0.030273907963809452},{\"l\":'Biomass & Waste',\"v\":7.5940359486510172}]"}]}