{"nodes": [{"layer": 13, "name": "Milk - Excluding Butter"}, {"layer": 10, "name": "Feed", "fill": "#dbdb8d"}, {"layer": 5, "name": "Oilcrops", "fill": "#ff9896"}, {"layer": 5, "name": "Starchy Roots"}, {"layer": 5, "name": "Pulses"}, {"layer": 13, "name": "Fish, Seafood"}, {"layer": 5, "name": "Cereals - Excluding Beer"}, {"layer": 16, "name": "Food", "fill": "#b5cf6b"}, {"layer": 13, "name": "Meat"}, {"layer": 5, "name": "Treenuts"}, {"layer": 5, "name": "Vegetables"}, {"layer": 5, "name": "Others"}, {"layer": 5, "name": "Sugar Crops", "fill": "#ffbb78"}, {"layer": 13, "name": "Alcoholic Beverages"}, {"layer": 13, "name": "Animal Fats"}, {"layer": 13, "name": "Sugar & Sweeteners"}, {"layer": 13, "name": "Vegetable Oils", "fill": "#f7b6d2"}, {"layer": 5, "name": "Spices"}, {"layer": 5, "name": "Stimulants"}, {"layer": 13, "name": "Eggs"}, {"layer": 5, "name": "Fruits - Excluding Wine"}, {"layer": 10, "name": "Processing", "fill": "#9edae5"}, {"layer": 16, "name": "Biofuels & Other", "fill": "#e7ba52"}, {"name": "Seed", "fill": "#dbdb8d"}, {"name": "Waste", "fill": "#c7c7c7"}, {"layer": 0, "name": "Import", "fill": "#aec7e8"}, {"layer": 16, "name": "Export", "fill": "#aec7e8"}, {"layer": 16, "name": "Stock Deposit", "fill": "#c7c7c7"}, {"layer": 0, "name": "Stock Draw", "fill": "#c7c7c7"}, {"layer": 0, "name": "Production", "fill": "#b5cf6b"}], "links": [{"source": 0, "prod": 0.040450495212024234, "target": 1, "value": 59.0, "supply": [{"l": "Milk - Excluding Butter", "v": 59.0}]}, {"source": 2, "prod": 0.029388576866884623, "target": 1, "value": 6.0, "supply": [{"l": "Soyabeans", "v": 6.0}]}, {"source": 3, "prod": 4.771828763684562, "target": 1, "value": 5012.0, "supply": [{"l": "Potatoes", "v": 2.0}, {"l": "Yams", "v": 948.0}, {"l": "Cassava", "v": 4062.0}]}, {"source": 4, "prod": 0.74094836221963634, "target": 1, "value": 192.0, "supply": [{"l": "Pulses, Other", "v": 192.0}]}, {"source": 5, "prod": 0.017084774994983461, "target": 1, "value": 22.0, "supply": [{"l": "Pelagic Fish", "v": 11.0}, {"l": "Fish, Seafood", "v": 11.0}]}, {"source": 6, "prod": 6.5624420499633418, "target": 1, "value": 1878.0, "supply": [{"l": "Maize", "v": 571.0}, {"l": "Wheat", "v": 20.0}, {"l": "Cereals, Other", "v": 1.0}, {"l": "Millet", "v": 538.0}, {"l": "Sorghum", "v": 748.0}]}, {"source": 0, "prod": 0.42712980537442535, "target": 7, "value": 623.0, "supply": [{"l": "Milk - Excluding Butter", "v": 623.0}]}, {"source": 8, "prod": 1.7113828602538659, "target": 7, "value": 937.0, "supply": [{"l": "Meat, Other", "v": 100.0}, {"l": "Mutton & Goat Meat", "v": 124.0}, {"l": "Pigmeat", "v": 61.0}, {"l": "Poultry Meat", "v": 137.0}, {"l": "Offals, Edible", "v": 74.0}, {"l": "Bovine Meat", "v": 441.0}]}, {"source": 9, "prod": 0.74754172278591269, "target": 7, "value": 187.0, "supply": [{"l": "Treenuts", "v": 187.0}]}, {"source": 10, "prod": 1.2108660739150778, "target": 7, "value": 3511.0, "supply": [{"l": "Tomatoes", "v": 307.0}, {"l": "Vegetables, Other", "v": 2804.0}, {"l": "Onions", "v": 400.0}]}, {"source": 11, "prod": 0.75219061166591272, "target": 7, "value": 191.0, "supply": [{"l": "Infant food", "v": 4.0}, {"l": "Nuts", "v": 187.0}]}, {"source": 12, "prod": 0.035375138821250006, "target": 7, "value": 60.0, "supply": [{"l": "Sugar cane", "v": 60.0}]}, {"source": 13, "prod": 2.7419256568389945, "target": 7, "value": 5612.0, "supply": [{"l": "Beer", "v": 737.0}, {"l": "Beverages, Fermented", "v": 4875.0}]}, {"source": 14, "prod": 0.21845699763298249, "target": 7, "value": 24.0, "supply": [{"l": "Fats, Animals, Raw", "v": 16.0}, {"l": "Butter, Ghee", "v": 8.0}]}, {"source": 3, "prod": 7.9772692202939837, "target": 7, "value": 8334.0, "supply": [{"l": "Roots, Other", "v": 46.0}, {"l": "Yams", "v": 1658.0}, {"l": "Potatoes", "v": 30.0}, {"l": "Sweet potatoes", "v": 56.0}, {"l": "Cassava", "v": 6544.0}]}, {"source": 4, "prod": 1.3545462246827724, "target": 7, "value": 351.0, "supply": [{"l": "Pulses, Other", "v": 351.0}]}, {"source": 5, "prod": 0.67822974168052408, "target": 7, "value": 1026.0, "supply": [{"l": "Pelagic Fish", "v": 154.0}, {"l": "Crustaceans", "v": 2.0}, {"l": "Marine Fish, Other", "v": 44.0}, {"l": "Freshwater Fish", "v": 88.0}, {"l": "Fish, Seafood", "v": 513.0}, {"l": "Demersal Fish", "v": 225.0}]}, {"source": 15, "prod": 2.0307687501326499, "target": 7, "value": 491.0, "supply": [{"l": "Sugar", "v": 441.0}, {"l": "Sugar non-centrifugal", "v": 24.0}, {"l": "Sweeteners, Other", "v": 26.0}]}, {"source": 6, "prod": 34.193411272484212, "target": 7, "value": 9774.0, "supply": [{"l": "Maize", "v": 1051.0}, {"l": "Cereals, Other", "v": 27.0}, {"l": "Rice", "v": 1190.0}, {"l": "Wheat", "v": 1472.0}, {"l": "Sorghum", "v": 3458.0}, {"l": "Millet", "v": 2576.0}]}, {"source": 16, "prod": 8.4349509670665412, "target": 7, "value": 825.0, "supply": [{"l": "Groundnut Oil", "v": 107.0}, {"l": "Soyabean Oil", "v": 3.0}, {"l": "Palm Oil", "v": 515.0}, {"l": "Coconut Oil", "v": 7.0}, {"l": "Sesameseed Oil", "v": 7.0}, {"l": "Oilcrops Oil, Other", "v": 42.0}, {"l": "Palmkernel Oil", "v": 144.0}]}, {"source": 17, "prod": 0.17734736262386666, "target": 7, "value": 50.0, "supply": [{"l": "Pimento", "v": 38.0}, {"l": "Spices, Other", "v": 12.0}]}, {"source": 18, "prod": 0.0074499437654324784, "target": 7, "value": 8.0, "supply": [{"l": "Coffee", "v": 4.0}, {"l": "Cocoa Beans", "v": 2.0}, {"l": "Tea", "v": 2.0}]}, {"source": 19, "prod": 0.32092325938638, "target": 7, "value": 231.0, "supply": [{"l": "Eggs", "v": 231.0}]}, {"source": 20, "prod": 2.6352643855462996, "target": 7, "value": 5184.0, "supply": [{"l": "Plantains", "v": 1113.0}, {"l": "Citrus, Other", "v": 1700.0}, {"l": "Pineapples", "v": 630.0}, {"l": "Fruits, Other", "v": 1741.0}]}, {"source": 2, "prod": 1.7810257667100073, "target": 7, "value": 338.0, "supply": [{"l": "Coconuts - Incl Copra", "v": 40.0}, {"l": "Sesame seed", "v": 13.0}, {"l": "Groundnuts", "v": 160.0}, {"l": "Oilcrops, Other", "v": 81.0}, {"l": "Soyabeans", "v": 44.0}]}, {"source": 6, "prod": 0.83277975177829844, "target": 21, "value": 270.0, "supply": [{"l": "Barley", "v": 161.0}, {"l": "Sorghum", "v": 109.0}]}, {"source": 12, "prod": 0.4127099529145834, "target": 21, "value": 700.0, "supply": [{"l": "Sugar cane", "v": 700.0}]}, {"source": 2, "prod": 16.630710484513664, "target": 21, "value": 3752.8534201954394, "supply": [{"l": "Groundnuts", "v": 238.0}, {"l": "Cottonseed", "v": 1.0}, {"l": "Palm kernels", "v": 328.0}, {"l": "Coconuts - Incl Copra", "v": 55.0}, {"l": "Oilcrops, Other", "v": 129.0}, {"l": "Sesame seed", "v": 17.0}, {"l": "Oil Palm", "v": 2984.8534201954394}]}, {"source": 3, "prod": 2.0129362780122948, "target": 22, "value": 1774.0, "supply": [{"l": "Roots, Other", "v": 116.0}, {"l": "Yams", "v": 1658.0}]}, {"source": 16, "prod": 1.5997767013928366, "target": 22, "value": 156.0, "supply": [{"l": "Palm Oil", "v": 152.0}, {"l": "Oilcrops Oil, Other", "v": 4.0}]}, {"source": 2, "prod": 0.058777153733769238, "target": 22, "value": 12.0, "supply": [{"l": "Sunflower seed", "v": 9.0}, {"l": "Cottonseed", "v": 3.0}]}, {"source": 14, "prod": 0.52727575337778954, "target": 22, "value": 59.0, "supply": [{"l": "Fats, Animals, Raw", "v": 59.0}]}, {"source": 2, "prod": 0.44189249658500451, "target": 23, "value": 78.0, "supply": [{"l": "Soyabeans", "v": 6.0}, {"l": "Sesame seed", "v": 1.0}, {"l": "Cottonseed", "v": 17.0}, {"l": "Groundnuts", "v": 39.0}, {"l": "Oilcrops, Other", "v": 15.0}]}, {"source": 19, "prod": 0.011114225433294546, "target": 19, "value": 8.0, "supply": [{"l": "Eggs", "v": 8.0}]}, {"source": 12, "prod": 0.010022955999354169, "target": 23, "value": 17.0, "supply": [{"l": "Sugar cane", "v": 17.0}]}, {"source": 3, "prod": 0.0070750277642500003, "target": 23, "value": 6.0, "supply": [{"l": "Potatoes", "v": 6.0}]}, {"source": 4, "prod": 0.21996904503395456, "target": 23, "value": 57.0, "supply": [{"l": "Pulses, Other", "v": 57.0}]}, {"source": 6, "prod": 0.93724799424593397, "target": 23, "value": 263.0, "supply": [{"l": "Maize", "v": 70.0}, {"l": "Wheat", "v": 3.0}, {"l": "Cereals, Other", "v": 1.0}, {"l": "Millet", "v": 63.0}, {"l": "Rice", "v": 23.0}, {"l": "Sorghum", "v": 103.0}]}, {"source": 0, "prod": 0.010284024206446838, "target": 24, "value": 15.0, "supply": [{"l": "Milk - Excluding Butter", "v": 15.0}]}, {"source": 2, "prod": 0.36857405915252223, "target": 24, "value": 70.0, "supply": [{"l": "Soyabeans", "v": 6.0}, {"l": "Coconuts - Incl Copra", "v": 7.0}, {"l": "Sesame seed", "v": 4.0}, {"l": "Cottonseed", "v": 1.0}, {"l": "Groundnuts", "v": 30.0}, {"l": "Oilcrops, Other", "v": 22.0}]}, {"source": 9, "prod": 0.035977943877396862, "target": 24, "value": 9.0, "supply": [{"l": "Treenuts", "v": 9.0}]}, {"source": 10, "prod": 0.1300166755664143, "target": 24, "value": 384.0, "supply": [{"l": "Vegetables, Other", "v": 331.0}, {"l": "Tomatoes", "v": 53.0}]}, {"source": 13, "prod": 0.23646737091251677, "target": 24, "value": 498.0, "supply": [{"l": "Beverages, Fermented", "v": 498.0}]}, {"source": 12, "prod": 0.050114779996770845, "target": 24, "value": 85.0, "supply": [{"l": "Sugar cane", "v": 85.0}]}, {"source": 3, "prod": 1.9797170777672166, "target": 24, "value": 2056.0, "supply": [{"l": "Potatoes", "v": 4.0}, {"l": "Yams", "v": 474.0}, {"l": "Roots, Other", "v": 70.0}, {"l": "Sweet potatoes", "v": 24.0}, {"l": "Cassava", "v": 1484.0}]}, {"source": 4, "prod": 0.25856010556622727, "target": 24, "value": 67.0, "supply": [{"l": "Pulses, Other", "v": 67.0}]}, {"source": 11, "prod": 0.035977943877396862, "target": 24, "value": 9.0, "supply": [{"l": "Nuts", "v": 9.0}]}, {"source": 6, "prod": 4.7511074328719687, "target": 24, "value": 1355.0, "supply": [{"l": "Maize", "v": 212.0}, {"l": "Rice", "v": 98.0}, {"l": "Sorghum", "v": 569.0}, {"l": "Cereals, Other", "v": 4.0}, {"l": "Wheat", "v": 61.0}, {"l": "Millet", "v": 411.0}]}, {"source": 16, "prod": 0.21632992059613926, "target": 24, "value": 21.0, "supply": [{"l": "Palm Oil", "v": 21.0}]}, {"source": 17, "prod": 0.015093392563733331, "target": 24, "value": 4.0, "supply": [{"l": "Pimento", "v": 4.0}]}, {"source": 19, "prod": 0.018060616329103638, "target": 24, "value": 13.0, "supply": [{"l": "Eggs", "v": 13.0}]}, {"source": 20, "prod": 0.23012334339356416, "target": 24, "value": 630.0, "supply": [{"l": "Citrus, Other", "v": 300.0}, {"l": "Pineapples", "v": 70.0}, {"l": "Fruits, Other", "v": 260.0}]}, {"source": 25, "prod": 0.0086464381997107646, "target": 11, "value": 5.0, "supply": [{"l": "Nuts", "v": 1.0}, {"l": "Infant food", "v": 4.0}]}, {"source": 25, "prod": 0.63846375010054945, "target": 1, "value": 950.0, "supply": [{"l": "Milk - Excluding Butter", "v": 388.0}, {"l": "Fish, Seafood", "v": 279.0}, {"l": "Pelagic Fish", "v": 127.0}, {"l": "Eggs", "v": 1.0}, {"l": "Demersal Fish", "v": 152.0}, {"l": "Bovine Meat", "v": 3.0}]}, {"source": 25, "prod": 7.1876927219663145, "target": 6, "value": 2196.0, "supply": [{"l": "Maize", "v": 77.0}, {"l": "Barley", "v": 230.0}, {"l": "Rice", "v": 357.0}, {"l": "Sorghum", "v": 77.0}, {"l": "Cereals, Other", "v": 7.0}, {"l": "Wheat", "v": 1443.0}, {"l": "Millet", "v": 5.0}]}, {"source": 25, "prod": 0.019295530266136361, "target": 4, "value": 5.0, "supply": [{"l": "Pulses, Other", "v": 5.0}]}, {"source": 25, "prod": 3.0989832076726476, "target": 21, "value": 566.0, "supply": [{"l": "Fats, Animals, Raw", "v": 60.0}, {"l": "Sugar", "v": 401.0}, {"l": "Beer", "v": 1.0}, {"l": "Oilcrops Oil, Other", "v": 1.0}, {"l": "Butter, Ghee", "v": 1.0}, {"l": "Sweeteners, Other", "v": 26.0}, {"l": "Soyabean Oil", "v": 3.0}, {"l": "Palm Oil", "v": 73.0}]}, {"source": 25, "prod": 0.0039975493197107635, "target": 9, "value": 1.0, "supply": [{"l": "Treenuts", "v": 1.0}]}, {"source": 25, "prod": 0.0023196812341803276, "target": 10, "value": 10.0, "supply": [{"l": "Tomatoes", "v": 10.0}]}, {"source": 25, "prod": 0.0024188129108547009, "target": 18, "value": 4.0, "supply": [{"l": "Coffee", "v": 2.0}, {"l": "Tea", "v": 2.0}]}, {"source": 25, "prod": 0.0004705319669718072, "target": 20, "value": 1.0, "supply": [{"l": "Fruits, Other", "v": 1.0}]}, {"source": 25, "prod": 0.28901270012921298, "target": 2, "value": 49.0, "supply": [{"l": "Soyabeans", "v": 2.0}, {"l": "Sunflower seed", "v": 9.0}, {"l": "Groundnuts", "v": 32.0}, {"l": "Oilcrops, Other", "v": 6.0}]}, {"source": 2, "prod": 0.20504676024764515, "target": 26, "value": 42.0, "supply": [{"l": "Cottonseed", "v": 2.0}, {"l": "Palm kernels", "v": 32.0}, {"l": "Oilcrops, Other", "v": 8.0}]}, {"source": 9, "prod": 0.011992647959132288, "target": 26, "value": 3.0, "supply": [{"l": "Treenuts", "v": 3.0}]}, {"source": 5, "prod": 0.0012505777390163667, "target": 26, "value": 2.0, "supply": [{"l": "Fish, Seafood", "v": 1.0}, {"l": "Crustaceans", "v": 1.0}]}, {"source": 11, "prod": 0.011992647959132288, "target": 26, "value": 3.0, "supply": [{"l": "Nuts", "v": 3.0}]}, {"source": 16, "prod": 0.1659505349540128, "target": 26, "value": 18.0, "supply": [{"l": "Oilcrops Oil, Other", "v": 11.0}, {"l": "Palmkernel Oil", "v": 7.0}]}, {"source": 18, "prod": 0.25894601617155, "target": 26, "value": 122.0, "supply": [{"l": "Cocoa Beans", "v": 122.0}]}, {"source": 6, "prod": 0.19766672661591719, "target": 27, "value": 69.0, "supply": [{"l": "Barley", "v": 69.0}]}, {"source": 28, "prod": 0.0096278728338247428, "target": 2, "value": 2.0, "supply": [{"l": "Oilcrops, Other", "v": 2.0}]}, {"source": 18, "prod": 0.077982528245955557, "target": 27, "value": 40.0, "supply": [{"l": "Cocoa Beans", "v": 36.0}, {"l": "Coffee", "v": 4.0}]}, {"source": 29, "prod": 0.78751721598302027, "target": 9, "value": 197.0, "supply": [{"l": "Treenuts", "v": 197.0}]}, {"source": 29, "prod": 1.338563068247312, "target": 10, "value": 3885.0, "supply": [{"l": "Tomatoes", "v": 350.0}, {"l": "Vegetables, Other", "v": 3135.0}, {"l": "Onions", "v": 400.0}]}, {"source": 29, "prod": 0.78751721598302027, "target": 11, "value": 197.0, "supply": [{"l": "Nuts", "v": 197.0}]}, {"source": 29, "prod": 0.50822282773195848, "target": 12, "value": 862.0, "supply": [{"l": "Sugar cane", "v": 862.0}]}, {"source": 29, "prod": 16.75000553881635, "target": 3, "value": 17183.0, "supply": [{"l": "Roots, Other", "v": 232.0}, {"l": "Yams", "v": 4738.0}, {"l": "Potatoes", "v": 43.0}, {"l": "Sweet potatoes", "v": 80.0}, {"l": "Cassava", "v": 12090.0}]}, {"source": 29, "prod": 2.5508691011832272, "target": 4, "value": 661.0, "supply": [{"l": "Pulses, Other", "v": 661.0}]}, {"source": 29, "prod": 40.286111216636357, "target": 6, "value": 11413.0, "supply": [{"l": "Maize", "v": 1826.0}, {"l": "Cereals, Other", "v": 25.0}, {"l": "Rice", "v": 954.0}, {"l": "Wheat", "v": 113.0}, {"l": "Sorghum", "v": 4911.0}, {"l": "Millet", "v": 3584.0}]}, {"source": 29, "prod": 0.19244075518759998, "target": 17, "value": 54.0, "supply": [{"l": "Pimento", "v": 42.0}, {"l": "Spices, Other", "v": 12.0}]}, {"source": 29, "prod": 0.34195967527208332, "target": 18, "value": 166.0, "supply": [{"l": "Coffee", "v": 6.0}, {"l": "Cocoa Beans", "v": 160.0}]}, {"source": 29, "prod": 2.8649171969728915, "target": 20, "value": 5813.0, "supply": [{"l": "Plantains", "v": 1113.0}, {"l": "Citrus, Other", "v": 2000.0}, {"l": "Pineapples", "v": 700.0}, {"l": "Fruits, Other", "v": 2000.0}]}, {"source": 29, "prod": 19.216774724846459, "target": 2, "value": 4247.853420195439, "supply": [{"l": "Coconuts - Incl Copra", "v": 102.0}, {"l": "Sesame seed", "v": 35.0}, {"l": "Soyabeans", "v": 60.0}, {"l": "Groundnuts", "v": 435.0}, {"l": "Oilcrops, Other", "v": 247.0}, {"l": "Cottonseed", "v": 24.0}, {"l": "Palm kernels", "v": 360.0}, {"l": "Oil Palm", "v": 2984.8534201954394}]}, {"source": 1, "prod": 0.47786432479289648, "target": 0, "value": 697.0, "supply": [{"l": "Milk - Excluding Butter", "v": 697.0}]}, {"source": 1, "prod": 0.33898387571548366, "target": 19, "value": 244.0, "supply": [{"l": "Eggs", "v": 252.0}]}, {"source": 1, "prod": 1.7113828602538659, "target": 8, "value": 937.0, "supply": [{"l": "Pigmeat", "v": 61.0}, {"l": "Bovine Meat", "v": 441.0}, {"l": "Poultry Meat", "v": 137.0}, {"l": "Offals, Edible", "v": 74.0}, {"l": "Meat, Other", "v": 100.0}, {"l": "Mutton & Goat Meat", "v": 124.0}]}, {"source": 1, "prod": 0.69656509441452397, "target": 5, "value": 1050.0, "supply": [{"l": "Pelagic Fish", "v": 165.0}, {"l": "Crustaceans", "v": 3.0}, {"l": "Freshwater Fish", "v": 88.0}, {"l": "Demersal Fish", "v": 225.0}, {"l": "Fish, Seafood", "v": 525.0}, {"l": "Marine Fish, Other", "v": 44.0}]}, {"source": 21, "prod": 2.0307687501326499, "target": 15, "value": 491.0, "supply": [{"l": "Sweeteners, Other", "v": 26.0}, {"l": "Sugar non-centrifugal", "v": 24.0}, {"l": "Sugar", "v": 441.0}]}, {"source": 21, "prod": 10.417008124009531, "target": 16, "value": 1020.0, "supply": [{"l": "Sesameseed Oil", "v": 7.0}, {"l": "Soyabean Oil", "v": 3.0}, {"l": "Coconut Oil", "v": 7.0}, {"l": "Groundnut Oil", "v": 107.0}, {"l": "Palm Oil", "v": 688.0}, {"l": "Palmkernel Oil", "v": 151.0}, {"l": "Oilcrops Oil, Other", "v": 57.0}]}, {"source": 21, "prod": 0.74573275101077208, "target": 14, "value": 83.0, "supply": [{"l": "Fats, Animals, Raw", "v": 75.0}, {"l": "Butter, Ghee", "v": 8.0}]}, {"source": 21, "prod": 2.9783930277515114, "target": 13, "value": 6110.0, "supply": [{"l": "Beer", "v": 737.0}, {"l": "Beverages, Fermented", "v": 5373.0}]}]}