{"nodes": [{"layer": 5, "name": "Maize"}, {"layer": 10, "name": "Feed", "fill": "#dbdb8d"}, {"layer": 5, "name": "Soyabeans"}, {"layer": 5, "name": "Potatoes"}, {"layer": 5, "name": "Yams"}, {"layer": 5, "name": "Millet"}, {"layer": 13, "name": "Milk - Excluding Butter"}, {"layer": 5, "name": "Pulses, Other"}, {"layer": 5, "name": "Sorghum"}, {"layer": 5, "name": "Cassava"}, {"layer": 16, "name": "Food", "fill": "#b5cf6b"}, {"layer": 5, "name": "Vegetables, Other"}, {"layer": 5, "name": "Plantains"}, {"layer": 5, "name": "Nuts"}, {"layer": 13, "name": "Sugar", "fill": "#d6616b"}, {"layer": 13, "name": "Oilcrops Oil, Other"}, {"layer": 5, "name": "Citrus, Other"}, {"layer": 13, "name": "Beer"}, {"layer": 13, "name": "Groundnut Oil"}, {"layer": 5, "name": "Barley"}, {"layer": 5, "name": "Rice"}, {"layer": 13, "name": "Butter, Ghee"}, {"layer": 5, "name": "Tomatoes"}, {"layer": 5, "name": "Cereals, Other"}, {"layer": 5, "name": "Coffee"}, {"layer": 13, "name": "Sugar non-centrifugal"}, {"layer": 5, "name": "Wheat"}, {"layer": 5, "name": "Coconuts - Incl Copra"}, {"layer": 5, "name": "Treenuts"}, {"layer": 13, "name": "Crustaceans"}, {"layer": 13, "name": "Eggs"}, {"layer": 5, "name": "Roots, Other"}, {"layer": 5, "name": "Sesame seed"}, {"layer": 13, "name": "Marine Fish, Other"}, {"layer": 5, "name": "Groundnuts"}, {"layer": 13, "name": "Palm Oil"}, {"layer": 5, "name": "Oilcrops, Other"}, {"layer": 5, "name": "Sugar cane"}, {"layer": 13, "name": "Coconut Oil"}, {"layer": 13, "name": "Pigmeat"}, {"layer": 13, "name": "Fats, Animals, Raw"}, {"layer": 13, "name": "Freshwater Fish"}, {"layer": 5, "name": "Pimento"}, {"layer": 13, "name": "Wine"}, {"layer": 5, "name": "Pineapples"}, {"layer": 13, "name": "Fish, Seafood"}, {"layer": 13, "name": "Meat, Other"}, {"layer": 13, "name": "Mutton & Goat Meat"}, {"layer": 13, "name": "Sweeteners, Other"}, {"layer": 13, "name": "Pelagic Fish"}, {"layer": 13, "name": "Beverages, Fermented"}, {"layer": 5, "name": "Spices, Other"}, {"layer": 5, "name": "Tea"}, {"layer": 5, "name": "Fruits, Other"}, {"layer": 13, "name": "Poultry Meat"}, {"layer": 13, "name": "Offals, Edible"}, {"layer": 5, "name": "Sweet potatoes"}, {"layer": 13, "name": "Demersal Fish"}, {"layer": 13, "name": "Bovine Meat"}, {"layer": 13, "name": "Palmkernel Oil"}, {"layer": 5, "name": "Onions"}, {"layer": 10, "name": "Processing", "fill": "#9edae5"}, {"layer": 5, "name": "Cottonseed"}, {"layer": 5, "name": "Palm kernels"}, {"layer": 16, "name": "Biofuels & Other", "fill": "#e7ba52"}, {"name": "Seed", "fill": "#dbdb8d"}, {"name": "Waste", "fill": "#c7c7c7"}, {"layer": 0, "name": "Import", "fill": "#aec7e8"}, {"layer": 5, "name": "Cocoa Beans"}, {"layer": 16, "name": "Export", "fill": "#aec7e8"}, {"layer": 16, "name": "Stock Deposit", "fill": "#c7c7c7"}, {"layer": 0, "name": "Stock Draw", "fill": "#c7c7c7"}, {"layer": 0, "name": "Production", "fill": "#b5cf6b"}, {"layer": 5, "name": "Oil Palm"}], "links": [{"source": 0, "prod": 1.6138003384220598, "target": 1, "value": 436.0, "supply": [{"l": "Maize", "v": 436.0}]}, {"source": 2, "prod": 0.027785563583236361, "target": 1, "value": 6.0, "supply": [{"l": "Soyabeans", "v": 6.0}]}, {"source": 3, "prod": 0.001286368684409091, "target": 1, "value": 1.0, "supply": [{"l": "Potatoes", "v": 1.0}]}, {"source": 4, "prod": 2.8053545915083959, "target": 1, "value": 2407.0, "supply": [{"l": "Yams", "v": 2407.0}]}, {"source": 5, "prod": 1.6074731327874172, "target": 1, "value": 470.0, "supply": [{"l": "Millet", "v": 470.0}]}, {"source": 6, "prod": 0.024608792223478261, "target": 1, "value": 40.0, "supply": [{"l": "Milk - Excluding Butter", "v": 40.0}]}, {"source": 7, "prod": 1.0645966974395078, "target": 1, "value": 273.0, "supply": [{"l": "Pulses, Other", "v": 273.0}]}, {"source": 8, "prod": 2.0735801300866861, "target": 1, "value": 608.0, "supply": [{"l": "Sorghum", "v": 608.0}]}, {"source": 9, "prod": 3.0910768985298733, "target": 1, "value": 3429.0, "supply": [{"l": "Cassava", "v": 3429.0}]}, {"source": 0, "prod": 3.0499345845407744, "target": 10, "value": 824.0, "supply": [{"l": "Maize", "v": 824.0}]}, {"source": 11, "prod": 0.76258923814114721, "target": 10, "value": 2204.0, "supply": [{"l": "Vegetables, Other", "v": 2204.0}]}, {"source": 12, "prod": 1.0244882083925086, "target": 10, "value": 985.0, "supply": [{"l": "Plantains", "v": 985.0}]}, {"source": 13, "prod": 0.54799305955827271, "target": 10, "value": 142.0, "supply": [{"l": "Nuts", "v": 142.0}]}, {"source": 4, "prod": 4.9090791605456428, "target": 10, "value": 4212.0, "supply": [{"l": "Yams", "v": 4212.0}]}, {"source": 14, "prod": 0.4975554409091163, "target": 10, "value": 120.0, "supply": [{"l": "Sugar", "v": 120.0}]}, {"source": 15, "prod": 0.21323804610390695, "target": 10, "value": 24.0, "supply": [{"l": "Oilcrops Oil, Other", "v": 24.0}]}, {"source": 16, "prod": 0.3813225003717306, "target": 10, "value": 1275.0, "supply": [{"l": "Citrus, Other", "v": 1275.0}]}, {"source": 17, "prod": 0.071718439336555265, "target": 10, "value": 107.0, "supply": [{"l": "Beer", "v": 107.0}]}, {"source": 18, "prod": 1.5243174321999391, "target": 10, "value": 147.0, "supply": [{"l": "Groundnut Oil", "v": 147.0}]}, {"source": 19, "prod": 0.026531354115937499, "target": 10, "value": 5.0, "supply": [{"l": "Barley", "v": 5.0}]}, {"source": 20, "prod": 0.85907625259469489, "target": 10, "value": 199.0, "supply": [{"l": "Rice", "v": 199.0}]}, {"source": 21, "prod": 0.047166851761666677, "target": 10, "value": 5.0, "supply": [{"l": "Butter, Ghee", "v": 5.0}]}, {"source": 22, "prod": 0.047614726911925816, "target": 10, "value": 189.0, "supply": [{"l": "Tomatoes", "v": 189.0}]}, {"source": 23, "prod": 0.095974289671565224, "target": 10, "value": 26.0, "supply": [{"l": "Cereals, Other", "v": 26.0}]}, {"source": 24, "prod": 0.00035672408895378151, "target": 10, "value": 1.0, "supply": [{"l": "Coffee", "v": 1.0}]}, {"source": 25, "prod": 0.071634656113031256, "target": 10, "value": 18.0, "supply": [{"l": "Sugar non-centrifugal", "v": 18.0}]}, {"source": 26, "prod": 0.83517028353549905, "target": 10, "value": 276.0, "supply": [{"l": "Wheat", "v": 276.0}]}, {"source": 27, "prod": 0.071838743452384612, "target": 10, "value": 44.0, "supply": [{"l": "Coconuts - Incl Copra", "v": 44.0}]}, {"source": 28, "prod": 0.54799305955827271, "target": 10, "value": 142.0, "supply": [{"l": "Treenuts", "v": 142.0}]}, {"source": 29, "prod": 0.0013300313290496085, "target": 10, "value": 2.0, "supply": [{"l": "Crustaceans", "v": 2.0}]}, {"source": 30, "prod": 0.14291556083785001, "target": 10, "value": 101.0, "supply": [{"l": "Eggs", "v": 101.0}]}, {"source": 31, "prod": 0.28576209701458538, "target": 10, "value": 276.0, "supply": [{"l": "Roots, Other", "v": 276.0}]}, {"source": 32, "prod": 0.095974289671565224, "target": 10, "value": 13.0, "supply": [{"l": "Sesame seed", "v": 13.0}]}, {"source": 33, "prod": 0.01027020159326613, "target": 10, "value": 10.0, "supply": [{"l": "Marine Fish, Other", "v": 10.0}]}, {"source": 34, "prod": 0.78523290208604246, "target": 10, "value": 125.0, "supply": [{"l": "Groundnuts", "v": 125.0}]}, {"source": 35, "prod": 4.6208223727109115, "target": 10, "value": 450.0, "supply": [{"l": "Palm Oil", "v": 450.0}]}, {"source": 36, "prod": 0.28834075416566035, "target": 10, "value": 60.0, "supply": [{"l": "Oilcrops, Other", "v": 60.0}]}, {"source": 37, "prod": 0.0061239584582360659, "target": 10, "value": 22.0, "supply": [{"l": "Sugar cane", "v": 22.0}]}, {"source": 38, "prod": 0.025470099951300004, "target": 10, "value": 3.0, "supply": [{"l": "Coconut Oil", "v": 3.0}]}, {"source": 39, "prod": 0.093223895246588223, "target": 10, "value": 28.0, "supply": [{"l": "Pigmeat", "v": 28.0}]}, {"source": 40, "prod": 0.069463908958090917, "target": 10, "value": 6.0, "supply": [{"l": "Fats, Animals, Raw", "v": 6.0}]}, {"source": 2, "prod": 0.14355874518005454, "target": 10, "value": 31.0, "supply": [{"l": "Soyabeans", "v": 31.0}]}, {"source": 3, "prod": 0.02444100500377273, "target": 10, "value": 19.0, "supply": [{"l": "Potatoes", "v": 19.0}]}, {"source": 41, "prod": 0.047444303830852942, "target": 10, "value": 76.0, "supply": [{"l": "Freshwater Fish", "v": 76.0}]}, {"source": 42, "prod": 0.11963228765004548, "target": 10, "value": 31.0, "supply": [{"l": "Pimento", "v": 31.0}]}, {"source": 43, "prod": 0.00056977223035860444, "target": 10, "value": 1.0, "supply": [{"l": "Wine", "v": 1.0}]}, {"source": 6, "prod": 0.28607720959793481, "target": 10, "value": 465.0, "supply": [{"l": "Milk - Excluding Butter", "v": 465.0}]}, {"source": 44, "prod": 0.16680003086610187, "target": 10, "value": 540.0, "supply": [{"l": "Pineapples", "v": 540.0}]}, {"source": 7, "prod": 1.6651384242002558, "target": 10, "value": 427.0, "supply": [{"l": "Pulses, Other", "v": 427.0}]}, {"source": 45, "prod": 0.14297836787283291, "target": 10, "value": 215.0, "supply": [{"l": "Fish, Seafood", "v": 215.0}]}, {"source": 46, "prod": 0.11924204097050563, "target": 10, "value": 100.0, "supply": [{"l": "Meat, Other", "v": 100.0}]}, {"source": 8, "prod": 8.5296445811625023, "target": 10, "value": 2501.0, "supply": [{"l": "Sorghum", "v": 2501.0}]}, {"source": 47, "prod": 0.047348262729980772, "target": 10, "value": 29.0, "supply": [{"l": "Mutton & Goat Meat", "v": 29.0}]}, {"source": 48, "prod": 0.02122508329275, "target": 10, "value": 3.0, "supply": [{"l": "Sweeteners, Other", "v": 3.0}]}, {"source": 49, "prod": 0.023390908118540815, "target": 10, "value": 27.0, "supply": [{"l": "Pelagic Fish", "v": 27.0}]}, {"source": 50, "prod": 1.1436321249436776, "target": 10, "value": 2437.0, "supply": [{"l": "Beverages, Fermented", "v": 2437.0}]}, {"source": 51, "prod": 0.00424501665855, "target": 10, "value": 1.0, "supply": [{"l": "Spices, Other", "v": 1.0}]}, {"source": 52, "prod": 0.0011622222200000001, "target": 10, "value": 1.0, "supply": [{"l": "Tea", "v": 1.0}]}, {"source": 53, "prod": 0.57204308011272398, "target": 10, "value": 1210.0, "supply": [{"l": "Fruits, Other", "v": 1210.0}]}, {"source": 5, "prod": 7.2917717427718598, "target": 10, "value": 2132.0, "supply": [{"l": "Millet", "v": 2132.0}]}, {"source": 54, "prod": 0.047914049413336643, "target": 10, "value": 57.0, "supply": [{"l": "Poultry Meat", "v": 57.0}]}, {"source": 55, "prod": 0.024257238048857141, "target": 10, "value": 28.0, "supply": [{"l": "Offals, Edible", "v": 28.0}]}, {"source": 56, "prod": 0.095136543553319158, "target": 10, "value": 79.0, "supply": [{"l": "Sweet potatoes", "v": 79.0}]}, {"source": 57, "prod": 0.071949434890677968, "target": 10, "value": 100.0, "supply": [{"l": "Demersal Fish", "v": 100.0}]}, {"source": 58, "prod": 0.42912374703049855, "target": 10, "value": 196.0, "supply": [{"l": "Bovine Meat", "v": 196.0}]}, {"source": 59, "prod": 0.099882744907058854, "target": 10, "value": 10.0, "supply": [{"l": "Palmkernel Oil", "v": 10.0}]}, {"source": 60, "prod": 0.1190509479561298, "target": 10, "value": 350.0, "supply": [{"l": "Onions", "v": 350.0}]}, {"source": 9, "prod": 4.9796176108133627, "target": 10, "value": 5524.0, "supply": [{"l": "Cassava", "v": 5524.0}]}, {"source": 27, "prod": 0.037552070441019235, "target": 61, "value": 23.0, "supply": [{"l": "Coconuts - Incl Copra", "v": 23.0}]}, {"source": 62, "prod": 0.0048056792360943405, "target": 61, "value": 1.0, "supply": [{"l": "Cottonseed", "v": 1.0}]}, {"source": 19, "prod": 0.1220442289333125, "target": 61, "value": 23.0, "supply": [{"l": "Barley", "v": 23.0}]}, {"source": 34, "prod": 3.316823778411444, "target": 61, "value": 528.0, "supply": [{"l": "Groundnuts", "v": 528.0}]}, {"source": 63, "prod": 0.54784743291475479, "target": 61, "value": 114.0, "supply": [{"l": "Palm kernels", "v": 114.0}]}, {"source": 8, "prod": 0.26942899716586877, "target": 61, "value": 79.0, "supply": [{"l": "Sorghum", "v": 79.0}]}, {"source": 36, "prod": 0.3460089049987925, "target": 61, "value": 72.0, "supply": [{"l": "Oilcrops, Other", "v": 72.0}]}, {"source": 37, "prod": 0.13584053307360003, "target": 61, "value": 488.0, "supply": [{"l": "Sugar cane", "v": 488.0}]}, {"source": 40, "prod": 0.011577318159681819, "target": 64, "value": 1.0, "supply": [{"l": "Fats, Animals, Raw", "v": 1.0}]}, {"source": 62, "prod": 0.024028396180471701, "target": 64, "value": 5.0, "supply": [{"l": "Cottonseed", "v": 5.0}]}, {"source": 31, "prod": 0.71544061245318291, "target": 64, "value": 691.0, "supply": [{"l": "Roots, Other", "v": 691.0}]}, {"source": 4, "prod": 4.9090791605456428, "target": 64, "value": 4212.0, "supply": [{"l": "Yams", "v": 4212.0}]}, {"source": 35, "prod": 0.16429590658527682, "target": 64, "value": 16.0, "supply": [{"l": "Palm Oil", "v": 16.0}]}, {"source": 15, "prod": 0.017769837175325584, "target": 64, "value": 2.0, "supply": [{"l": "Oilcrops Oil, Other", "v": 2.0}]}, {"source": 0, "prod": 0.11104130768959129, "target": 65, "value": 30.0, "supply": [{"l": "Maize", "v": 30.0}]}, {"source": 26, "prod": 0.003025979288172098, "target": 65, "value": 1.0, "supply": [{"l": "Wheat", "v": 1.0}]}, {"source": 2, "prod": 0.027785563583236361, "target": 65, "value": 6.0, "supply": [{"l": "Soyabeans", "v": 6.0}]}, {"source": 3, "prod": 0.002572737368818182, "target": 65, "value": 2.0, "supply": [{"l": "Potatoes", "v": 2.0}]}, {"source": 30, "prod": 0.00424501665855, "target": 30, "value": 3.0, "supply": [{"l": "Eggs", "v": 3.0}]}, {"source": 32, "prod": 0.0073826376670434787, "target": 65, "value": 1.0, "supply": [{"l": "Sesame seed", "v": 1.0}]}, {"source": 5, "prod": 0.26335198132900239, "target": 65, "value": 77.0, "supply": [{"l": "Millet", "v": 77.0}]}, {"source": 62, "prod": 0.11533630166626416, "target": 65, "value": 24.0, "supply": [{"l": "Cottonseed", "v": 24.0}]}, {"source": 7, "prod": 0.54594702432795283, "target": 65, "value": 140.0, "supply": [{"l": "Pulses, Other", "v": 140.0}]}, {"source": 34, "prod": 0.55280396306857393, "target": 65, "value": 88.0, "supply": [{"l": "Groundnuts", "v": 88.0}]}, {"source": 36, "prod": 0.052862471597037733, "target": 65, "value": 11.0, "supply": [{"l": "Oilcrops, Other", "v": 11.0}]}, {"source": 20, "prod": 0.04316966093440678, "target": 65, "value": 10.0, "supply": [{"l": "Rice", "v": 10.0}]}, {"source": 8, "prod": 0.36833331258118768, "target": 65, "value": 108.0, "supply": [{"l": "Sorghum", "v": 108.0}]}, {"source": 37, "prod": 0.003340340977219673, "target": 65, "value": 12.0, "supply": [{"l": "Sugar cane", "v": 12.0}]}, {"source": 0, "prod": 0.59962306152379297, "target": 66, "value": 162.0, "supply": [{"l": "Maize", "v": 162.0}]}, {"source": 31, "prod": 0.42864314552187804, "target": 66, "value": 414.0, "supply": [{"l": "Roots, Other", "v": 414.0}]}, {"source": 53, "prod": 0.082733503322088175, "target": 66, "value": 175.0, "supply": [{"l": "Fruits, Other", "v": 175.0}]}, {"source": 4, "prod": 1.402094546566099, "target": 66, "value": 1203.0, "supply": [{"l": "Yams", "v": 1203.0}]}, {"source": 16, "prod": 0.067292205947952446, "target": 66, "value": 225.0, "supply": [{"l": "Citrus, Other", "v": 225.0}]}, {"source": 20, "prod": 0.094973254055694914, "target": 66, "value": 22.0, "supply": [{"l": "Rice", "v": 22.0}]}, {"source": 13, "prod": 0.023154636319363639, "target": 66, "value": 6.0, "supply": [{"l": "Nuts", "v": 6.0}]}, {"source": 23, "prod": 0.011073956500565219, "target": 66, "value": 3.0, "supply": [{"l": "Cereals, Other", "v": 3.0}]}, {"source": 26, "prod": 0.033285772169893077, "target": 66, "value": 11.0, "supply": [{"l": "Wheat", "v": 11.0}]}, {"source": 27, "prod": 0.0097961922889615374, "target": 66, "value": 6.0, "supply": [{"l": "Coconuts - Incl Copra", "v": 6.0}]}, {"source": 28, "prod": 0.023154636319363639, "target": 66, "value": 6.0, "supply": [{"l": "Treenuts", "v": 6.0}]}, {"source": 30, "prod": 0.0084900333171, "target": 66, "value": 6.0, "supply": [{"l": "Eggs", "v": 6.0}]}, {"source": 11, "prod": 0.093074639319405003, "target": 66, "value": 269.0, "supply": [{"l": "Vegetables, Other", "v": 269.0}]}, {"source": 32, "prod": 0.029530550668173915, "target": 66, "value": 4.0, "supply": [{"l": "Sesame seed", "v": 4.0}]}, {"source": 62, "prod": 0.043251113124849062, "target": 66, "value": 9.0, "supply": [{"l": "Cottonseed", "v": 9.0}]}, {"source": 22, "prod": 0.0083136824766854613, "target": 66, "value": 33.0, "supply": [{"l": "Tomatoes", "v": 33.0}]}, {"source": 42, "prod": 0.011577318159681819, "target": 66, "value": 3.0, "supply": [{"l": "Pimento", "v": 3.0}]}, {"source": 35, "prod": 0.15402741242369702, "target": 66, "value": 15.0, "supply": [{"l": "Palm Oil", "v": 15.0}]}, {"source": 36, "prod": 0.076890867777509447, "target": 66, "value": 16.0, "supply": [{"l": "Oilcrops, Other", "v": 16.0}]}, {"source": 2, "prod": 0.027785563583236361, "target": 66, "value": 6.0, "supply": [{"l": "Soyabeans", "v": 6.0}]}, {"source": 3, "prod": 0.002572737368818182, "target": 66, "value": 2.0, "supply": [{"l": "Potatoes", "v": 2.0}]}, {"source": 34, "prod": 0.47113974125162555, "target": 66, "value": 75.0, "supply": [{"l": "Groundnuts", "v": 75.0}]}, {"source": 6, "prod": 0.006767417861456522, "target": 66, "value": 11.0, "supply": [{"l": "Milk - Excluding Butter", "v": 11.0}]}, {"source": 7, "prod": 0.36266480901785436, "target": 66, "value": 93.0, "supply": [{"l": "Pulses, Other", "v": 93.0}]}, {"source": 8, "prod": 1.5551850975650146, "target": 66, "value": 456.0, "supply": [{"l": "Sorghum", "v": 456.0}]}, {"source": 37, "prod": 0.023660748588639348, "target": 66, "value": 85.0, "supply": [{"l": "Sugar cane", "v": 85.0}]}, {"source": 44, "prod": 0.018533336762900209, "target": 66, "value": 60.0, "supply": [{"l": "Pineapples", "v": 60.0}]}, {"source": 50, "prod": 0.11215760273349977, "target": 66, "value": 239.0, "supply": [{"l": "Beverages, Fermented", "v": 239.0}]}, {"source": 5, "prod": 1.220995549798102, "target": 66, "value": 357.0, "supply": [{"l": "Millet", "v": 357.0}]}, {"source": 56, "prod": 0.040944841529276604, "target": 66, "value": 34.0, "supply": [{"l": "Sweet potatoes", "v": 34.0}]}, {"source": 9, "prod": 1.1286171703002046, "target": 66, "value": 1252.0, "supply": [{"l": "Cassava", "v": 1252.0}]}, {"source": 67, "prod": 0.044295826002260875, "target": 23, "value": 12.0, "supply": [{"l": "Cereals, Other", "v": 12.0}]}, {"source": 67, "prod": 0.0086339321868813563, "target": 20, "value": 2.0, "supply": [{"l": "Rice", "v": 2.0}]}, {"source": 67, "prod": 0.81096244923012217, "target": 26, "value": 268.0, "supply": [{"l": "Wheat", "v": 268.0}]}, {"source": 67, "prod": 0.26853819862953993, "target": 1, "value": 421.0, "supply": [{"l": "Fish, Seafood", "v": 59.0}, {"l": "Milk - Excluding Butter", "v": 303.0}, {"l": "Pelagic Fish", "v": 3.0}, {"l": "Demersal Fish", "v": 56.0}]}, {"source": 67, "prod": 0.0011622222200000001, "target": 52, "value": 1.0, "supply": [{"l": "Tea", "v": 1.0}]}, {"source": 67, "prod": 0.0005038595440415431, "target": 22, "value": 2.0, "supply": [{"l": "Tomatoes", "v": 2.0}]}, {"source": 67, "prod": 0.14857558304925, "target": 19, "value": 28.0, "supply": [{"l": "Barley", "v": 28.0}]}, {"source": 67, "prod": 0.007718212106454546, "target": 13, "value": 2.0, "supply": [{"l": "Nuts", "v": 2.0}]}, {"source": 67, "prod": 0.4326791201041198, "target": 61, "value": 101.0, "supply": [{"l": "Sugar", "v": 94.0}, {"l": "Beer", "v": 1.0}, {"l": "Oilcrops Oil, Other", "v": 1.0}, {"l": "Wine", "v": 1.0}, {"l": "Fats, Animals, Raw", "v": 1.0}, {"l": "Sweeteners, Other", "v": 3.0}]}, {"source": 67, "prod": 0.007718212106454546, "target": 28, "value": 2.0, "supply": [{"l": "Treenuts", "v": 2.0}]}, {"source": 67, "prod": 0.00071344817790756302, "target": 24, "value": 2.0, "supply": [{"l": "Coffee", "v": 2.0}]}, {"source": 67, "prod": 0.0023583425880833336, "target": 68, "value": 1.0, "supply": [{"l": "Cocoa Beans", "v": 1.0}]}, {"source": 67, "prod": 0.033312392306877388, "target": 0, "value": 9.0, "supply": [{"l": "Maize", "v": 9.0}]}, {"source": 67, "prod": 0.00047276287612621812, "target": 53, "value": 1.0, "supply": [{"l": "Fruits, Other", "v": 1.0}]}, {"source": 67, "prod": 0.0006920047533041264, "target": 11, "value": 2.0, "supply": [{"l": "Vegetables, Other", "v": 2.0}]}, {"source": 67, "prod": 0.10260466805026068, "target": 5, "value": 30.0, "supply": [{"l": "Millet", "v": 30.0}]}, {"source": 62, "prod": 0.46134520666505663, "target": 69, "value": 96.0, "supply": [{"l": "Cottonseed", "v": 96.0}]}, {"source": 24, "prod": 0.001426896355815126, "target": 69, "value": 4.0, "supply": [{"l": "Coffee", "v": 4.0}]}, {"source": 36, "prod": 0.081696547013603793, "target": 69, "value": 17.0, "supply": [{"l": "Oilcrops, Other", "v": 17.0}]}, {"source": 27, "prod": 0.016326987148269231, "target": 69, "value": 10.0, "supply": [{"l": "Coconuts - Incl Copra", "v": 10.0}]}, {"source": 28, "prod": 0.011577318159681819, "target": 69, "value": 3.0, "supply": [{"l": "Treenuts", "v": 3.0}]}, {"source": 11, "prod": 0.0003460023766520632, "target": 69, "value": 1.0, "supply": [{"l": "Vegetables, Other", "v": 1.0}]}, {"source": 13, "prod": 0.011577318159681819, "target": 69, "value": 3.0, "supply": [{"l": "Nuts", "v": 3.0}]}, {"source": 32, "prod": 0.088591652004521751, "target": 69, "value": 12.0, "supply": [{"l": "Sesame seed", "v": 12.0}]}, {"source": 51, "prod": 0.0169800666342, "target": 69, "value": 4.0, "supply": [{"l": "Spices, Other", "v": 4.0}]}, {"source": 18, "prod": 0.93325557073465659, "target": 69, "value": 90.0, "supply": [{"l": "Groundnut Oil", "v": 90.0}]}, {"source": 68, "prod": 0.51647702679025009, "target": 69, "value": 219.0, "supply": [{"l": "Cocoa Beans", "v": 219.0}]}, {"source": 34, "prod": 1.8280221960563074, "target": 69, "value": 291.0, "supply": [{"l": "Groundnuts", "v": 291.0}]}, {"source": 35, "prod": 0.082147953292638409, "target": 69, "value": 8.0, "supply": [{"l": "Palm Oil", "v": 8.0}]}, {"source": 59, "prod": 0.32961305819329417, "target": 69, "value": 33.0, "supply": [{"l": "Palmkernel Oil", "v": 33.0}]}, {"source": 15, "prod": 0.08884918587662792, "target": 69, "value": 10.0, "supply": [{"l": "Oilcrops Oil, Other", "v": 10.0}]}, {"source": 2, "prod": 0.046309272638727278, "target": 69, "value": 10.0, "supply": [{"l": "Soyabeans", "v": 10.0}]}, {"source": 63, "prod": 0.88905065867745281, "target": 69, "value": 185.0, "supply": [{"l": "Palm kernels", "v": 185.0}]}, {"source": 62, "prod": 0.22106124486033962, "target": 70, "value": 46.0, "supply": [{"l": "Cottonseed", "v": 46.0}]}, {"source": 8, "prod": 1.023148090503299, "target": 70, "value": 300.0, "supply": [{"l": "Sorghum", "v": 300.0}]}, {"source": 59, "prod": 0.099882744907058854, "target": 70, "value": 10.0, "supply": [{"l": "Palmkernel Oil", "v": 10.0}]}, {"source": 68, "prod": 0.20517580516325001, "target": 70, "value": 87.0, "supply": [{"l": "Cocoa Beans", "v": 87.0}]}, {"source": 71, "prod": 0.008884918587662792, "target": 61, "value": 1.0, "supply": [{"l": "Oilcrops Oil, Other", "v": 1.0}]}, {"source": 5, "prod": 0.34201556016753559, "target": 70, "value": 100.0, "supply": [{"l": "Millet", "v": 100.0}]}, {"source": 72, "prod": 5.3410868998693415, "target": 0, "value": 1443.0, "supply": [{"l": "Maize", "v": 1443.0}]}, {"source": 72, "prod": 0.85497187270724817, "target": 11, "value": 2471.0, "supply": [{"l": "Vegetables, Other", "v": 2471.0}]}, {"source": 72, "prod": 1.0244882083925086, "target": 12, "value": 985.0, "supply": [{"l": "Plantains", "v": 985.0}]}, {"source": 72, "prod": 0.57886590798409099, "target": 13, "value": 150.0, "supply": [{"l": "Nuts", "v": 150.0}]}, {"source": 72, "prod": 14.024441960789581, "target": 4, "value": 12033.0, "supply": [{"l": "Yams", "v": 12033.0}]}, {"source": 72, "prod": 0.44861470631968298, "target": 16, "value": 1500.0, "supply": [{"l": "Citrus, Other", "v": 1500.0}]}, {"source": 72, "prod": 0.71929448936541673, "target": 68, "value": 305.0, "supply": [{"l": "Cocoa Beans", "v": 305.0}]}, {"source": 72, "prod": 0.98858523539791521, "target": 20, "value": 229.0, "supply": [{"l": "Rice", "v": 229.0}]}, {"source": 72, "prod": 0.055424549844569751, "target": 22, "value": 220.0, "supply": [{"l": "Tomatoes", "v": 220.0}]}, {"source": 72, "prod": 0.0010701722668613445, "target": 24, "value": 3.0, "supply": [{"l": "Coffee", "v": 3.0}]}, {"source": 72, "prod": 0.057493606475269868, "target": 26, "value": 19.0, "supply": [{"l": "Wheat", "v": 19.0}]}, {"source": 72, "prod": 0.1355139933306346, "target": 27, "value": 83.0, "supply": [{"l": "Coconuts - Incl Copra", "v": 83.0}]}, {"source": 72, "prod": 0.57886590798409099, "target": 28, "value": 150.0, "supply": [{"l": "Treenuts", "v": 150.0}]}, {"source": 72, "prod": 1.4298458549896464, "target": 31, "value": 1381.0, "supply": [{"l": "Roots, Other", "v": 1381.0}]}, {"source": 72, "prod": 0.22147913001130437, "target": 32, "value": 30.0, "supply": [{"l": "Sesame seed", "v": 30.0}]}, {"source": 72, "prod": 0.86982794173307543, "target": 62, "value": 181.0, "supply": [{"l": "Cottonseed", "v": 181.0}]}, {"source": 72, "prod": 6.9540225808739935, "target": 34, "value": 1107.0, "supply": [{"l": "Groundnuts", "v": 1107.0}]}, {"source": 72, "prod": 0.84579954555260373, "target": 36, "value": 176.0, "supply": [{"l": "Oilcrops, Other", "v": 176.0}]}, {"source": 72, "prod": 0.16896558109769511, "target": 37, "value": 607.0, "supply": [{"l": "Sugar cane", "v": 607.0}]}, {"source": 72, "prod": 0.066443739003391317, "target": 23, "value": 18.0, "supply": [{"l": "Cereals, Other", "v": 18.0}]}, {"source": 72, "prod": 0.2685937813046182, "target": 2, "value": 58.0, "supply": [{"l": "Soyabeans", "v": 58.0}]}, {"source": 72, "prod": 0.030872848425818184, "target": 3, "value": 24.0, "supply": [{"l": "Potatoes", "v": 24.0}]}, {"source": 72, "prod": 0.13506871186295455, "target": 42, "value": 35.0, "supply": [{"l": "Pimento", "v": 35.0}]}, {"source": 72, "prod": 0.1853333676290021, "target": 44, "value": 600.0, "supply": [{"l": "Pineapples", "v": 600.0}]}, {"source": 72, "prod": 3.6383469549855714, "target": 7, "value": 933.0, "supply": [{"l": "Pulses, Other", "v": 933.0}]}, {"source": 72, "prod": 13.819320209064561, "target": 8, "value": 4052.0, "supply": [{"l": "Sorghum", "v": 4052.0}]}, {"source": 72, "prod": 0.02122508329275, "target": 51, "value": 5.0, "supply": [{"l": "Spices, Other", "v": 5.0}]}, {"source": 72, "prod": 0.65430382055868597, "target": 53, "value": 1384.0, "supply": [{"l": "Fruits, Other", "v": 1384.0}]}, {"source": 72, "prod": 10.623003298803656, "target": 5, "value": 3106.0, "supply": [{"l": "Millet", "v": 3106.0}]}, {"source": 72, "prod": 0.13608138508259576, "target": 56, "value": 113.0, "supply": [{"l": "Sweet potatoes", "v": 113.0}]}, {"source": 72, "prod": 1.4368980915922074, "target": 63, "value": 299.0, "supply": [{"l": "Palm kernels", "v": 299.0}]}, {"source": 72, "prod": 0.1190509479561298, "target": 60, "value": 350.0, "supply": [{"l": "Onions", "v": 350.0}]}, {"source": 72, "prod": 9.2002131310574171, "target": 9, "value": 10206.0, "supply": [{"l": "Cassava", "v": 10206.0}]}, {"source": 1, "prod": 0.047914049413336643, "target": 54, "value": 57.0, "supply": [{"l": "Poultry Meat", "v": 57.0}]}, {"source": 1, "prod": 0.093223895246588223, "target": 39, "value": 28.0, "supply": [{"l": "Pigmeat", "v": 28.0}]}, {"source": 1, "prod": 0.023390908118540815, "target": 49, "value": 27.0, "supply": [{"l": "Pelagic Fish", "v": 27.0}]}, {"source": 1, "prod": 0.0013300313290496085, "target": 29, "value": 2.0, "supply": [{"l": "Crustaceans", "v": 2.0}]}, {"source": 1, "prod": 0.15140559415495, "target": 30, "value": 107.0, "supply": [{"l": "Eggs", "v": 110.0}]}, {"source": 1, "prod": 0.31745341968286961, "target": 6, "value": 516.0, "supply": [{"l": "Milk - Excluding Butter", "v": 516.0}]}, {"source": 1, "prod": 0.024257238048857141, "target": 55, "value": 28.0, "supply": [{"l": "Offals, Edible", "v": 28.0}]}, {"source": 1, "prod": 0.01027020159326613, "target": 33, "value": 10.0, "supply": [{"l": "Marine Fish, Other", "v": 10.0}]}, {"source": 1, "prod": 0.14297836787283291, "target": 45, "value": 215.0, "supply": [{"l": "Fish, Seafood", "v": 215.0}]}, {"source": 1, "prod": 0.42912374703049855, "target": 58, "value": 196.0, "supply": [{"l": "Bovine Meat", "v": 196.0}]}, {"source": 1, "prod": 0.071949434890677968, "target": 57, "value": 100.0, "supply": [{"l": "Demersal Fish", "v": 100.0}]}, {"source": 1, "prod": 0.11924204097050563, "target": 46, "value": 100.0, "supply": [{"l": "Meat, Other", "v": 100.0}]}, {"source": 1, "prod": 0.047444303830852942, "target": 41, "value": 76.0, "supply": [{"l": "Freshwater Fish", "v": 76.0}]}, {"source": 1, "prod": 0.047348262729980772, "target": 47, "value": 29.0, "supply": [{"l": "Mutton & Goat Meat", "v": 29.0}]}, {"source": 61, "prod": 0.081041227117772729, "target": 40, "value": 7.0, "supply": [{"l": "Fats, Animals, Raw", "v": 7.0}]}, {"source": 61, "prod": 0.02122508329275, "target": 48, "value": 3.0, "supply": [{"l": "Sweeteners, Other", "v": 3.0}]}, {"source": 61, "prod": 1.2557897276771774, "target": 50, "value": 2676.0, "supply": [{"l": "Beverages, Fermented", "v": 2676.0}]}, {"source": 61, "prod": 0.025470099951300004, "target": 38, "value": 3.0, "supply": [{"l": "Coconut Oil", "v": 3.0}]}, {"source": 61, "prod": 0.4975554409091163, "target": 14, "value": 120.0, "supply": [{"l": "Sugar", "v": 120.0}]}, {"source": 61, "prod": 0.071718439336555265, "target": 17, "value": 107.0, "supply": [{"l": "Beer", "v": 107.0}]}, {"source": 61, "prod": 2.4575730029345957, "target": 18, "value": 237.0, "supply": [{"l": "Groundnut Oil", "v": 237.0}]}, {"source": 61, "prod": 5.0212936450125243, "target": 35, "value": 489.0, "supply": [{"l": "Palm Oil", "v": 489.0}]}, {"source": 61, "prod": 0.52937854800741191, "target": 59, "value": 53.0, "supply": [{"l": "Palmkernel Oil", "v": 53.0}]}, {"source": 61, "prod": 0.31985706915586049, "target": 15, "value": 36.0, "supply": [{"l": "Oilcrops Oil, Other", "v": 36.0}]}, {"source": 61, "prod": 0.071634656113031256, "target": 25, "value": 18.0, "supply": [{"l": "Sugar non-centrifugal", "v": 18.0}]}, {"source": 61, "prod": 0.047166851761666677, "target": 21, "value": 5.0, "supply": [{"l": "Butter, Ghee", "v": 5.0}]}, {"source": 61, "prod": 0.00056977223035860444, "target": 43, "value": 1.0, "supply": [{"l": "Wine", "v": 1.0}]}, {"source": 72, "prod": 10.042587290025049, "target": 73, "value": 2365.7356608478813, "supply": [{"l": "Oil Palm", "v": 2365.7356608478813}]}, {"source": 73, "prod": 10.042587290025049, "target": 61, "value": 2365.7356608478813, "supply": [{"l": "Oil Palm", "v": 2365.7356608478813}]}]}