{"nodes": [{"name": "Balance", "fill": "#9edae5"}, {"name": "Food", "fill": "#b5cf6b"}, {"name": "Stock Deposit", "fill": "#c7c7c7"}, {"name": "Crop Residue", "fill": "#bd9e39"}, {"name": "Renewables & Nuclear", "fill": "#2ca02c"}, {"name": "Fossil Fuels", "fill": "#c49c94"}, {"name": "Stock Draw", "fill": "#c7c7c7"}, {"name": "Labor", "fill": "#7f7f7f"}], "links": [{"source": 0, "target": 1, "value": 2.4394386349065207}, {"source": 0, "target": 2, "value": 0.0041770186800377581}, {"source": 0, "target": 3, "value": 5.3775017273415857}, {"source": 4, "target": 0, "value": 0.27328107887556979}, {"source": 5, "target": 0, "value": 0.69416808904541316}, {"source": 6, "target": 0, "value": 0.015429678841614586}, {"source": 7, "target": 0, "value": 0.55630054207742263}]}