{"nodes": [{"layer": 3, "name": "Nuts"}, {"layer": 5, "name": "Production", "fill": "#b5cf6b"}, {"layer": 3, "name": "Treenuts"}, {"layer": 3, "name": "Roots, Other"}, {"layer": 3, "name": "Sesame seed"}, {"layer": 3, "name": "Groundnuts"}, {"layer": 3, "name": "Pulses, Other"}, {"layer": 3, "name": "Sorghum"}, {"layer": 3, "name": "Grapefruit"}, {"layer": 3, "name": "Rice"}, {"layer": 3, "name": "Wheat"}, {"layer": 3, "name": "Pimento"}, {"layer": 3, "name": "Oilcrops, Other"}, {"layer": 3, "name": "Dates"}, {"layer": 3, "name": "Oats"}, {"layer": 3, "name": "Soyabeans"}, {"layer": 3, "name": "Beans"}, {"layer": 3, "name": "Sugar beet"}, {"layer": 3, "name": "Onions"}, {"layer": 3, "name": "Maize"}, {"layer": 3, "name": "Vegetables, Other"}, {"layer": 3, "name": "Barley"}, {"layer": 3, "name": "Tomatoes"}, {"layer": 3, "name": "Sunflower seed"}, {"layer": 3, "name": "Cereals, Other"}, {"layer": 3, "name": "Peas"}, {"layer": 3, "name": "Grapes"}, {"layer": 3, "name": "Cottonseed"}, {"layer": 3, "name": "Sugar cane"}, {"layer": 3, "name": "Pineapples"}, {"layer": 3, "name": "Olives"}, {"layer": 3, "name": "Rye"}, {"layer": 3, "name": "Fruits, Other"}, {"layer": 3, "name": "Yams"}, {"layer": 3, "name": "Citrus, Other"}, {"layer": 3, "name": "Potatoes"}, {"layer": 3, "name": "Apples"}, {"layer": 3, "name": "Lemons, Limes"}, {"layer": 3, "name": "Bananas"}, {"layer": 3, "name": "Spices, Other"}, {"layer": 3, "name": "Millet"}, {"layer": 3, "name": "Sweet potatoes"}, {"layer": 3, "name": "Rape and Mustardseed"}, {"layer": 3, "name": "Oranges, Mandarines"}, {"layer": 3, "name": "Oil Palm"}, {"layer": 1, "name": "Electricity", "fill": "#bcbd22"}, {"layer": 0, "name": "Fossil Fuels", "fill": "#c49c94"}, {"layer": 0, "name": "Renewables & Nuclear", "fill": "#2ca02c"}, {"layer": 1, "name": "Fertilizers", "fill": "#c5b0d5"}, {"layer": 0, "name": "Labor", "fill": "#7f7f7f"}], "links": [{"source": 0, "prod": 912.0, "target": 1, "value": 2.5019608387535515, "supply": [{"l": "Nuts", "v": 2.5019608387535515}]}, {"source": 2, "prod": 912.0, "target": 1, "value": 2.5019608387535515, "supply": [{"l": "Treenuts", "v": 2.5019608387535515}]}, {"source": 3, "prod": 14.0, "target": 1, "value": 0.010855449071588006, "supply": [{"l": "Roots, Other", "v": 0.010855449071588006}]}, {"source": 4, "prod": 2.0, "target": 1, "value": 0.0169800666342, "supply": [{"l": "Sesame seed", "v": 0.0169800666342}]}, {"source": 5, "prod": 18.0, "target": 1, "value": 0.11755430746753846, "supply": [{"l": "Groundnuts", "v": 0.11755430746753846}]}, {"source": 6, "prod": 1084.0, "target": 1, "value": 4.1296392827022315, "supply": [{"l": "Pulses, Other", "v": 4.1296392827022315}]}, {"source": 7, "prod": 667.0, "target": 1, "value": 2.0048224099284888, "supply": [{"l": "Sorghum", "v": 2.0048224099284888}]}, {"source": 8, "prod": 75.0, "target": 1, "value": 0.020150395531091773, "supply": [{"l": "Grapefruit", "v": 0.020150395531091773}]}, {"source": 9, "prod": 1315.0, "target": 1, "value": 5.7688357083212916, "supply": [{"l": "Rice", "v": 5.7688357083212916}]}, {"source": 10, "prod": 74201.0, "target": 1, "value": 226.98604869352559, "supply": [{"l": "Wheat", "v": 226.98604869352559}]}, {"source": 11, "prod": 163.0, "target": 1, "value": 0.21623053604489065, "supply": [{"l": "Pimento", "v": 0.21623053604489065}]}, {"source": 12, "prod": 494.0, "target": 1, "value": 2.9957688990338571, "supply": [{"l": "Oilcrops, Other", "v": 2.9957688990338571}]}, {"source": 13, "prod": 10.0, "target": 1, "value": 0.053062708231874998, "supply": [{"l": "Dates", "v": 0.053062708231874998}]}, {"source": 14, "prod": 12987.0, "target": 1, "value": 32.429430202699329, "supply": [{"l": "Oats", "v": 32.429430202699329}]}, {"source": 15, "prod": 610.0, "target": 1, "value": 2.4217972735468702, "supply": [{"l": "Soyabeans", "v": 2.4217972735468702}]}, {"source": 16, "prod": 527.0, "target": 1, "value": 2.0773292234090035, "supply": [{"l": "Beans", "v": 2.0773292234090035}]}, {"source": 17, "prod": 127605.0, "target": 1, "value": 148.30536638310002, "supply": [{"l": "Sugar beet", "v": 148.30536638310002}]}, {"source": 18, "prod": 3601.0, "target": 1, "value": 1.5460232604236208, "supply": [{"l": "Onions", "v": 1.5460232604236208}]}, {"source": 19, "prod": 44740.0, "target": 1, "value": 148.10434725504402, "supply": [{"l": "Maize", "v": 148.10434725504402}]}, {"source": 20, "prod": 42219.0, "target": 1, "value": 11.401070567136642, "supply": [{"l": "Vegetables, Other", "v": 11.401070567136642}]}, {"source": 21, "prod": 62854.0, "target": 1, "value": 153.5633249246053, "supply": [{"l": "Barley", "v": 153.5633249246053}]}, {"source": 22, "prod": 14319.0, "target": 1, "value": 3.1319743001946367, "supply": [{"l": "Tomatoes", "v": 3.1319743001946367}]}, {"source": 23, "prod": 2484.0, "target": 1, "value": 9.5860194362165476, "supply": [{"l": "Sunflower seed", "v": 9.5860194362165476}]}, {"source": 24, "prod": 3676.0, "target": 1, "value": 10.886986909416139, "supply": [{"l": "Cereals, Other", "v": 10.886986909416139}]}, {"source": 25, "prod": 554.0, "target": 1, "value": 2.0838195698553039, "supply": [{"l": "Peas", "v": 2.0838195698553039}]}, {"source": 26, "prod": 41604.0, "target": 1, "value": 33.055286402037424, "supply": [{"l": "Grapes", "v": 33.055286402037424}]}, {"source": 27, "prod": 295.0, "target": 1, "value": 0.41058357844991805, "supply": [{"l": "Cottonseed", "v": 0.41058357844991805}]}, {"source": 28, "prod": 341.0, "target": 1, "value": 0.091907979718447622, "supply": [{"l": "Sugar cane", "v": 0.091907979718447622}]}, {"source": 29, "prod": 2.0, "target": 1, "value": 0.0011026017294935065, "supply": [{"l": "Pineapples", "v": 0.0011026017294935065}]}, {"source": 30, "prod": 6286.0, "target": 1, "value": 7.3107327988069324, "supply": [{"l": "Olives", "v": 7.3107327988069324}]}, {"source": 31, "prod": 10987.0, "target": 1, "value": 33.023963744953981, "supply": [{"l": "Rye", "v": 33.023963744953981}]}, {"source": 32, "prod": 12503.0, "target": 1, "value": 7.0473617635652319, "supply": [{"l": "Fruits, Other", "v": 7.0473617635652319}]}, {"source": 33, "prod": 3.0, "target": 1, "value": 0.0023261676581974298, "supply": [{"l": "Yams", "v": 0.0023261676581974298}]}, {"source": 34, "prod": 58.0, "target": 1, "value": 0.03197545015531169, "supply": [{"l": "Citrus, Other", "v": 0.03197545015531169}]}, {"source": 35, "prod": 116016.0, "target": 1, "value": 89.957555677811001, "supply": [{"l": "Potatoes", "v": 89.957555677811001}]}, {"source": 36, "prod": 13419.0, "target": 1, "value": 6.9062627777693129, "supply": [{"l": "Apples", "v": 6.9062627777693129}]}, {"source": 37, "prod": 1273.0, "target": 1, "value": 0.19579370312804895, "supply": [{"l": "Lemons, Limes", "v": 0.19579370312804895}]}, {"source": 38, "prod": 441.0, "target": 1, "value": 0.31200872440342509, "supply": [{"l": "Bananas", "v": 0.31200872440342509}]}, {"source": 39, "prod": 12.0, "target": 1, "value": 0.046309272638727278, "supply": [{"l": "Spices, Other", "v": 0.046309272638727278}]}, {"source": 40, "prod": 20.0, "target": 1, "value": 0.060114614990359486, "supply": [{"l": "Millet", "v": 0.060114614990359486}]}, {"source": 41, "prod": 135.0, "target": 1, "value": 0.15524131168664257, "supply": [{"l": "Sweet potatoes", "v": 0.15524131168664257}]}, {"source": 42, "prod": 2074.0, "target": 1, "value": 2.8866113278140002, "supply": [{"l": "Rape and Mustardseed", "v": 2.8866113278140002}]}, {"source": 43, "prod": 5180.0, "target": 1, "value": 1.7673826891859878, "supply": [{"l": "Oranges, Mandarines", "v": 1.7673826891859878}]}, {"source": 44, "prod": 190.00000000000125, "target": 1, "value": 0.80655316512450526, "supply": [{"l": "Oil Palm", "v": 0.80655316512450526}]}, {"source": 45, "prod": 0, "target": 19, "value": 0.090133046843528769, "supply": "[{\"l\":'Energy for power irrigation',\"v\":0.090133046843528769}]"}, {"source": 45, "prod": 0, "target": 30, "value": 0.0097034368786837518, "supply": "[{\"l\":'Energy for power irrigation',\"v\":0.0097034368786837518}]"}, {"source": 45, "prod": 0, "target": 3, "value": 2.2087886144570551e-05, "supply": "[{\"l\":'Energy for power irrigation',\"v\":2.2087886144570551e-05}]"}, {"source": 45, "prod": 0, "target": 31, "value": 0.0178599600760012, "supply": "[{\"l\":'Energy for power irrigation',\"v\":0.0178599600760012}]"}, {"source": 45, "prod": 0, "target": 0, "value": 0.0019871481017649847, "supply": "[{\"l\":'Energy for power irrigation',\"v\":0.0019871481017649847}]"}, {"source": 45, "prod": 0, "target": 33, "value": 3.8082562318225086e-06, "supply": "[{\"l\":'Energy for power irrigation',\"v\":3.8082562318225086e-06}]"}, {"source": 45, "prod": 0, "target": 34, "value": 0.00012034089692559127, "supply": "[{\"l\":'Energy for power irrigation',\"v\":0.00012034089692559127}]"}, {"source": 45, "prod": 0, "target": 8, "value": 0.00069919584416261265, "supply": "[{\"l\":'Energy for power irrigation',\"v\":0.00069919584416261265}]"}, {"source": 45, "prod": 0, "target": 21, "value": 0.10249693152576372, "supply": "[{\"l\":'Energy for power irrigation',\"v\":0.10249693152576372}]"}, {"source": 45, "prod": 0, "target": 9, "value": 0.0030580297541534743, "supply": "[{\"l\":'Energy for power irrigation',\"v\":0.0030580297541534743}]"}, {"source": 45, "prod": 0, "target": 22, "value": 0.023374315099680191, "supply": "[{\"l\":'Energy for power irrigation',\"v\":0.023374315099680191}]"}, {"source": 45, "prod": 0, "target": 23, "value": 0.0048273455994582116, "supply": "[{\"l\":'Energy for power irrigation',\"v\":0.0048273455994582116}]"}, {"source": 45, "prod": 0, "target": 24, "value": 0.0060635055723077978, "supply": "[{\"l\":'Energy for power irrigation',\"v\":0.0060635055723077978}]"}, {"source": 45, "prod": 0, "target": 10, "value": 0.12745852782286754, "supply": "[{\"l\":'Energy for power irrigation',\"v\":0.12745852782286754}]"}, {"source": 45, "prod": 0, "target": 2, "value": 0.0019879097530113494, "supply": "[{\"l\":'Energy for power irrigation',\"v\":0.0019879097530113494}]"}, {"source": 45, "prod": 0, "target": 20, "value": 0.067734406990441504, "supply": "[{\"l\":'Energy for power irrigation',\"v\":0.067734406990441504}]"}, {"source": 45, "prod": 0, "target": 25, "value": 0.0011592331969667716, "supply": "[{\"l\":'Energy for power irrigation',\"v\":0.0011592331969667716}]"}, {"source": 45, "prod": 0, "target": 4, "value": 2.6657793622757561e-05, "supply": "[{\"l\":'Energy for power irrigation',\"v\":2.6657793622757561e-05}]"}, {"source": 45, "prod": 0, "target": 27, "value": 0.00045851405031143002, "supply": "[{\"l\":'Energy for power irrigation',\"v\":0.00045851405031143002}]"}, {"source": 45, "prod": 0, "target": 35, "value": 0.1802066848898411, "supply": "[{\"l\":'Energy for power irrigation',\"v\":0.1802066848898411}]"}, {"source": 45, "prod": 0, "target": 26, "value": 0.064835562346778217, "supply": "[{\"l\":'Energy for power irrigation',\"v\":0.064835562346778217}]"}, {"source": 45, "prod": 0, "target": 5, "value": 0.00040062855558772788, "supply": "[{\"l\":'Energy for power irrigation',\"v\":0.00040062855558772788}]"}, {"source": 45, "prod": 0, "target": 44, "value": 0.00014471373680925628, "supply": "[{\"l\":'Energy for power irrigation',\"v\":0.00014471373680925628}]"}, {"source": 45, "prod": 0, "target": 12, "value": 0.0012125487842122868, "supply": "[{\"l\":'Energy for power irrigation',\"v\":0.0012125487842122868}]"}, {"source": 45, "prod": 0, "target": 13, "value": 6.3978704694618146e-05, "supply": "[{\"l\":'Energy for power irrigation',\"v\":6.3978704694618146e-05}]"}, {"source": 45, "prod": 0, "target": 14, "value": 0.020537164206972422, "supply": "[{\"l\":'Energy for power irrigation',\"v\":0.020537164206972422}]"}, {"source": 45, "prod": 0, "target": 15, "value": 0.012563437308782456, "supply": "[{\"l\":'Energy for power irrigation',\"v\":0.012563437308782456}]"}, {"source": 45, "prod": 0, "target": 32, "value": 0.021333089759423326, "supply": "[{\"l\":'Energy for power irrigation',\"v\":0.021333089759423326}]"}, {"source": 45, "prod": 0, "target": 11, "value": 0.00026962454121303358, "supply": "[{\"l\":'Energy for power irrigation',\"v\":0.00026962454121303358}]"}, {"source": 45, "prod": 0, "target": 16, "value": 0.0010876379798085084, "supply": "[{\"l\":'Energy for power irrigation',\"v\":0.0010876379798085084}]"}, {"source": 45, "prod": 0, "target": 6, "value": 0.0018904183934766933, "supply": "[{\"l\":'Energy for power irrigation',\"v\":0.0018904183934766933}]"}, {"source": 45, "prod": 0, "target": 17, "value": 0.19447165108300185, "supply": "[{\"l\":'Energy for power irrigation',\"v\":0.19447165108300185}]"}, {"source": 45, "prod": 0, "target": 37, "value": 0.0024151961022218348, "supply": "[{\"l\":'Energy for power irrigation',\"v\":0.0024151961022218348}]"}, {"source": 45, "prod": 0, "target": 7, "value": 0.0022765755753834955, "supply": "[{\"l\":'Energy for power irrigation',\"v\":0.0022765755753834955}]"}, {"source": 45, "prod": 0, "target": 28, "value": 0.00052020780126695466, "supply": "[{\"l\":'Energy for power irrigation',\"v\":0.00052020780126695466}]"}, {"source": 45, "prod": 0, "target": 29, "value": 0.00028333426364759464, "supply": "[{\"l\":'Energy for power irrigation',\"v\":0.00028333426364759464}]"}, {"source": 45, "prod": 0, "target": 38, "value": 0.0025248738816983233, "supply": "[{\"l\":'Energy for power irrigation',\"v\":0.0025248738816983233}]"}, {"source": 45, "prod": 0, "target": 39, "value": 6.0932099709160137e-05, "supply": "[{\"l\":'Energy for power irrigation',\"v\":6.0932099709160137e-05}]"}, {"source": 45, "prod": 0, "target": 40, "value": 0.00014395208556289082, "supply": "[{\"l\":'Energy for power irrigation',\"v\":0.00014395208556289082}]"}, {"source": 45, "prod": 0, "target": 41, "value": 0.0002757177511839496, "supply": "[{\"l\":'Energy for power irrigation',\"v\":0.0002757177511839496}]"}, {"source": 45, "prod": 0, "target": 42, "value": 0.0042157396486275167, "supply": "[{\"l\":'Energy for power irrigation',\"v\":0.0042157396486275167}]"}, {"source": 45, "prod": 0, "target": 43, "value": 0.011436955115409358, "supply": "[{\"l\":'Energy for power irrigation',\"v\":0.011436955115409358}]"}, {"source": 45, "prod": 0, "target": 18, "value": 0.0062737213163044005, "supply": "[{\"l\":'Energy for power irrigation',\"v\":0.0062737213163044005}]"}, {"source": 45, "prod": 0, "target": 36, "value": 0.023037665248787084, "supply": "[{\"l\":'Energy for power irrigation',\"v\":0.023037665248787084}]"}, {"source": 46, "prod": 0, "target": 45, "value": 1.9263643503465571, "supply": [{"l": "Coal", "v": 1.1715883173150656}, {"l": "Natural gas", "v": 0.20862441407942497}, {"l": "Oil", "v": 0.54615161895206643}]}, {"source": 47, "prod": 0, "target": 45, "value": 0.27268645162716765, "supply": [{"l": "Nuclear", "v": 0.10055564076620897}, {"l": "Hydroelectric", "v": 0.16752927115925736}, {"l": "Renewable", "v": 0.0046015397017012873}]}, {"source": 46, "prod": 0, "target": 19, "value": 14.886722543462163, "supply": [{"l": "Motor Gasoline", "v": 0.4351950110972595}, {"l": "Gas-Diesel oil", "v": 11.640710307616217}, {"l": "Natural gas (including LNG)", "v": 0.082967468534957942}, {"l": "Fuel oil", "v": 1.7437271889337147}, {"l": "Liquefied petroleum gas (LPG)", "v": 0.40945856071701342}, {"l": "Coal", "v": 0.57466400656299943}]}, {"source": 46, "prod": 0, "target": 30, "value": 1.6026571561675182, "supply": [{"l": "Motor Gasoline", "v": 0.046851709422752311}, {"l": "Gas-Diesel oil", "v": 1.2532018127500706}, {"l": "Natural gas (including LNG)", "v": 0.0089320135300734686}, {"l": "Fuel oil", "v": 0.18772411789026039}, {"l": "Liquefied petroleum gas (LPG)", "v": 0.044081005108499743}, {"l": "Coal", "v": 0.061866497465861744}]}, {"source": 46, "prod": 0, "target": 3, "value": 0.0036481206851536915, "supply": [{"l": "Motor Gasoline", "v": 0.00010664831815226194}, {"l": "Gas-Diesel oil", "v": 0.0028526571875786538}, {"l": "Natural gas (including LNG)", "v": 2.0331898930308523e-05}, {"l": "Fuel oil", "v": 0.00042731549598253938}, {"l": "Liquefied petroleum gas (LPG)", "v": 0.00010034137740553317}, {"l": "Coal", "v": 0.00014082640710439486}]}, {"source": 46, "prod": 0, "target": 31, "value": 2.9498200671092731, "supply": [{"l": "Motor Gasoline", "v": 0.086234359046634138}, {"l": "Gas-Diesel oil", "v": 2.3066192548804088}, {"l": "Natural gas (including LNG)", "v": 0.016440093035062227}, {"l": "Fuel oil", "v": 0.34552141604464021}, {"l": "Liquefied petroleum gas (LPG)", "v": 0.081134653751115435}, {"l": "Coal", "v": 0.11387029035141225}]}, {"source": 46, "prod": 0, "target": 0, "value": 0.32820506439882691, "supply": [{"l": "Motor Gasoline", "v": 0.0095946711054914272}, {"l": "Gas-Diesel oil", "v": 0.25664077939285201}, {"l": "Natural gas (including LNG)", "v": 0.001829169803764653}, {"l": "Fuel oil", "v": 0.038443659621325697}, {"l": "Liquefied petroleum gas (LPG)", "v": 0.0090272639190012421}, {"l": "Coal", "v": 0.012669520556391938}]}, {"source": 46, "prod": 0, "target": 33, "value": 0.00062898632502649855, "supply": [{"l": "Motor Gasoline", "v": 1.8387641060734816e-05}, {"l": "Gas-Diesel oil", "v": 0.0004918374461342507}, {"l": "Natural gas (including LNG)", "v": 3.5054998155704352e-06}, {"l": "Fuel oil", "v": 7.3675085514230939e-05}, {"l": "Liquefied petroleum gas (LPG)", "v": 1.7300237483712617e-05}, {"l": "Coal", "v": 2.4280415017999115e-05}]}, {"source": 46, "prod": 0, "target": 34, "value": 0.019875967870837355, "supply": [{"l": "Motor Gasoline", "v": 0.00058104945751922025}, {"l": "Gas-Diesel oil", "v": 0.015542063297842322}, {"l": "Natural gas (including LNG)", "v": 0.00011077379417202575}, {"l": "Fuel oil", "v": 0.0023281327022496973}, {"l": "Liquefied petroleum gas (LPG)", "v": 0.00054668750448531866}, {"l": "Coal", "v": 0.00076726111456877199}]}, {"source": 46, "prod": 0, "target": 8, "value": 0.11548188927486515, "supply": [{"l": "Motor Gasoline", "v": 0.0033759708987509125}, {"l": "Gas-Diesel oil", "v": 0.090301355110248435}, {"l": "Natural gas (including LNG)", "v": 0.00064360976613873195}, {"l": "Fuel oil", "v": 0.0135267457004128}, {"l": "Liquefied petroleum gas (LPG)", "v": 0.0031763236020096366}, {"l": "Coal", "v": 0.0044578841973046375}]}, {"source": 46, "prod": 0, "target": 21, "value": 16.928789546293192, "supply": [{"l": "Motor Gasoline", "v": 0.49489232656504117}, {"l": "Gas-Diesel oil", "v": 13.237509760235676}, {"l": "Natural gas (including LNG)", "v": 0.09434842423618893}, {"l": "Fuel oil", "v": 1.9829207215642171}, {"l": "Liquefied petroleum gas (LPG)", "v": 0.46562551173163486}, {"l": "Coal", "v": 0.65349280196043535}]}, {"source": 46, "prod": 0, "target": 9, "value": 0.5050760189962783, "supply": [{"l": "Motor Gasoline", "v": 0.014765275771770057}, {"l": "Gas-Diesel oil", "v": 0.39494546924580332}, {"l": "Natural gas (including LNG)", "v": 0.0028149163519030594}, {"l": "Fuel oil", "v": 0.059161093667927434}, {"l": "Liquefied petroleum gas (LPG)", "v": 0.01389209069942123}, {"l": "Coal", "v": 0.019497173259453288}]}, {"source": 46, "prod": 0, "target": 22, "value": 3.8605922657476426, "supply": [{"l": "Motor Gasoline", "v": 0.11285966330257816}, {"l": "Gas-Diesel oil", "v": 3.0187998768828037}, {"l": "Natural gas (including LNG)", "v": 0.021516056768008215}, {"l": "Fuel oil", "v": 0.45220293986924659}, {"l": "Liquefied petroleum gas (LPG)", "v": 0.10618539762753129}, {"l": "Coal", "v": 0.14902833129747495}]}, {"source": 46, "prod": 0, "target": 23, "value": 0.79730306560358954, "supply": [{"l": "Motor Gasoline", "v": 0.023308173808587452}, {"l": "Gas-Diesel oil", "v": 0.62345314671977614}, {"l": "Natural gas (including LNG)", "v": 0.0044435715662170831}, {"l": "Fuel oil", "v": 0.093390538397839118}, {"l": "Liquefied petroleum gas (LPG)", "v": 0.021929781034354112}, {"l": "Coal", "v": 0.030777854076815676}]}, {"source": 46, "prod": 0, "target": 24, "value": 1.001472026707191, "supply": [{"l": "Motor Gasoline", "v": 0.029276802096901974}, {"l": "Gas-Diesel oil", "v": 0.78310358173495398}, {"l": "Natural gas (including LNG)", "v": 0.0055814568063512465}, {"l": "Fuel oil", "v": 0.11730547115575848}, {"l": "Liquefied petroleum gas (LPG)", "v": 0.027545438121567227}, {"l": "Coal", "v": 0.03865927679165819}]}, {"source": 46, "prod": 0, "target": 10, "value": 21.051543312311882, "supply": [{"l": "Motor Gasoline", "v": 0.6154159586617336}, {"l": "Gas-Diesel oil", "v": 16.461307484667238}, {"l": "Natural gas (including LNG)", "v": 0.1173255733273269}, {"l": "Fuel oil", "v": 2.4658314370757952}, {"l": "Liquefied petroleum gas (LPG)", "v": 0.57902164834237757}, {"l": "Coal", "v": 0.81264121023741243}]}, {"source": 46, "prod": 0, "target": 2, "value": 0.32833086166383224, "supply": [{"l": "Motor Gasoline", "v": 0.0095983486337035736}, {"l": "Gas-Diesel oil", "v": 0.25673914688207883}, {"l": "Natural gas (including LNG)", "v": 0.001829870903727767}, {"l": "Fuel oil", "v": 0.038458394638428546}, {"l": "Liquefied petroleum gas (LPG)", "v": 0.009030723966497985}, {"l": "Coal", "v": 0.012674376639395538}]}, {"source": 46, "prod": 0, "target": 20, "value": 11.18727657418631, "supply": [{"l": "Motor Gasoline", "v": 0.3270462614344416}, {"l": "Gas-Diesel oil", "v": 8.7479191844330106}, {"l": "Natural gas (including LNG)", "v": 0.062349520819698877}, {"l": "Fuel oil", "v": 1.3103998059732143}, {"l": "Liquefied petroleum gas (LPG)", "v": 0.30770548393280933}, {"l": "Coal", "v": 0.43185631759313592}]}, {"source": 46, "prod": 0, "target": 25, "value": 0.19146343733806617, "supply": [{"l": "Motor Gasoline", "v": 0.0055971979388876785}, {"l": "Gas-Diesel oil", "v": 0.14971531860326592}, {"l": "Natural gas (including LNG)", "v": 0.0010670741438596405}, {"l": "Fuel oil", "v": 0.022426696030531896}, {"l": "Liquefied petroleum gas (LPG)", "v": 0.0052661922900421208}, {"l": "Coal", "v": 0.0073909583314789307}]}, {"source": 46, "prod": 0, "target": 4, "value": 0.0044029042751854899, "supply": [{"l": "Motor Gasoline", "v": 0.00012871348742514373}, {"l": "Gas-Diesel oil", "v": 0.0034428621229397548}, {"l": "Natural gas (including LNG)", "v": 2.4538498708993048e-05}, {"l": "Fuel oil", "v": 0.00051572559859961657}, {"l": "Liquefied petroleum gas (LPG)", "v": 0.00012110166238598831}, {"l": "Coal", "v": 0.00016996290512599381}]}, {"source": 46, "prod": 0, "target": 27, "value": 0.075729953533190425, "supply": [{"l": "Motor Gasoline", "v": 0.0022138719837124718}, {"l": "Gas-Diesel oil", "v": 0.059217228514563777}, {"l": "Natural gas (including LNG)", "v": 0.00042206217779468036}, {"l": "Fuel oil", "v": 0.0088704802959134032}, {"l": "Liquefied petroleum gas (LPG)", "v": 0.0020829485930389988}, {"l": "Coal", "v": 0.0029233619681670931}]}, {"source": 46, "prod": 0, "target": 35, "value": 29.76363290025391, "supply": [{"l": "Motor Gasoline", "v": 0.8701031749939715}, {"l": "Gas-Diesel oil", "v": 23.273747951072743}, {"l": "Natural gas (including LNG)", "v": 0.16588025127279299}, {"l": "Fuel oil", "v": 3.4863050465334076}, {"l": "Liquefied petroleum gas (LPG)", "v": 0.81864723772928094}, {"l": "Coal", "v": 1.1489492386517182}]}, {"source": 46, "prod": 0, "target": 26, "value": 10.708492183576139, "supply": [{"l": "Motor Gasoline", "v": 0.31304958905901026}, {"l": "Gas-Diesel oil", "v": 8.373532520435619}, {"l": "Natural gas (including LNG)", "v": 0.059681134360086659}, {"l": "Fuel oil", "v": 1.2543183308797816}, {"l": "Liquefied petroleum gas (LPG)", "v": 0.29453654316020728}, {"l": "Coal", "v": 0.41337406568143492}]}, {"source": 46, "prod": 0, "target": 5, "value": 0.066169361392787646, "supply": [{"l": "Motor Gasoline", "v": 0.0019343798395893026}, {"l": "Gas-Diesel oil", "v": 0.051741299333323172}, {"l": "Natural gas (including LNG)", "v": 0.00036877858059800977}, {"l": "Fuel oil", "v": 0.0077506189960970936}, {"l": "Liquefied petroleum gas (LPG)", "v": 0.0018199849832865672}, {"l": "Coal", "v": 0.0025542996598935069}]}, {"source": 46, "prod": 0, "target": 44, "value": 0.023901480351007101, "supply": [{"l": "Motor Gasoline", "v": 0.00069873036030792754}, {"l": "Gas-Diesel oil", "v": 0.018689822953101648}, {"l": "Natural gas (including LNG)", "v": 0.00013320899299167741}, {"l": "Fuel oil", "v": 0.0027996532495407934}, {"l": "Liquefied petroleum gas (LPG)", "v": 0.00065740902438108371}, {"l": "Coal", "v": 0.00092265577068397235}]}, {"source": 46, "prod": 0, "target": 12, "value": 0.20026924588843714, "supply": [{"l": "Motor Gasoline", "v": 0.0058546249137379656}, {"l": "Gas-Diesel oil", "v": 0.15660104284914542}, {"l": "Natural gas (including LNG)", "v": 0.0011161511412776267}, {"l": "Fuel oil", "v": 0.023458147227731128}, {"l": "Liquefied petroleum gas (LPG)", "v": 0.0055083956148140973}, {"l": "Coal", "v": 0.0077308841417309182}]}, {"source": 46, "prod": 0, "target": 13, "value": 0.010566970260445176, "supply": [{"l": "Motor Gasoline", "v": 0.00030891236982034492}, {"l": "Gas-Diesel oil", "v": 0.0082628690950554123}, {"l": "Natural gas (including LNG)", "v": 5.8892396901583314e-05}, {"l": "Fuel oil", "v": 0.0012377414366390798}, {"l": "Liquefied petroleum gas (LPG)", "v": 0.00029064398972637197}, {"l": "Coal", "v": 0.00040791097230238513}]}, {"source": 46, "prod": 0, "target": 14, "value": 3.3919974536029014, "supply": [{"l": "Motor Gasoline", "v": 0.09916087071233072}, {"l": "Gas-Diesel oil", "v": 2.6523809795127868}, {"l": "Natural gas (including LNG)", "v": 0.018904459405408244}, {"l": "Fuel oil", "v": 0.39731500116114454}, {"l": "Liquefied petroleum gas (LPG)", "v": 0.093296720702165395}, {"l": "Coal", "v": 0.13093942210906562}]}, {"source": 46, "prod": 0, "target": 15, "value": 2.0750258862624187, "supply": [{"l": "Motor Gasoline", "v": 0.060660827859364157}, {"l": "Gas-Diesel oil", "v": 1.6225717347968931}, {"l": "Natural gas (including LNG)", "v": 0.011564643891566865}, {"l": "Fuel oil", "v": 0.24305410711144784}, {"l": "Liquefied petroleum gas (LPG)", "v": 0.057073483458767921}, {"l": "Coal", "v": 0.080101089144379078}]}, {"source": 46, "prod": 0, "target": 32, "value": 3.5234555955334392, "supply": [{"l": "Motor Gasoline", "v": 0.10300388769402428}, {"l": "Gas-Diesel oil", "v": 2.7551750057548454}, {"l": "Natural gas (including LNG)", "v": 0.019637108866862464}, {"l": "Fuel oil", "v": 0.41271309403361878}, {"l": "Liquefied petroleum gas (LPG)", "v": 0.096912470336261325}, {"l": "Coal", "v": 0.13601402884782743}]}, {"source": 46, "prod": 0, "target": 11, "value": 0.044532231811876093, "supply": [{"l": "Motor Gasoline", "v": 0.0013018449871000249}, {"l": "Gas-Diesel oil", "v": 0.034822091186304943}, {"l": "Natural gas (including LNG)", "v": 0.00024818938694238677}, {"l": "Fuel oil", "v": 0.005216196054407549}, {"l": "Liquefied petroleum gas (LPG)", "v": 0.0012248568138468531}, {"l": "Coal", "v": 0.0017190533832743371}]}, {"source": 46, "prod": 0, "target": 16, "value": 0.17963849442756799, "supply": [{"l": "Motor Gasoline", "v": 0.0052515102869458638}, {"l": "Gas-Diesel oil", "v": 0.14046877461594201}, {"l": "Natural gas (including LNG)", "v": 0.0010011707473269163}, {"l": "Fuel oil", "v": 0.021041604422864353}, {"l": "Liquefied petroleum gas (LPG)", "v": 0.0049409478253483229}, {"l": "Coal", "v": 0.0069344865291405475}]}, {"source": 46, "prod": 0, "target": 6, "value": 0.31222881174315392, "supply": [{"l": "Motor Gasoline", "v": 0.0091276250225487635}, {"l": "Gas-Diesel oil", "v": 0.24414810826104205}, {"l": "Natural gas (including LNG)", "v": 0.001740130108449164}, {"l": "Fuel oil", "v": 0.036572312449264233}, {"l": "Liquefied petroleum gas (LPG)", "v": 0.0085878378869149435}, {"l": "Coal", "v": 0.012052798014934762}]}, {"source": 46, "prod": 0, "target": 17, "value": 32.119689876538168, "supply": [{"l": "Motor Gasoline", "v": 0.93897960087927201}, {"l": "Gas-Diesel oil", "v": 25.11607265680242}, {"l": "Natural gas (including LNG)", "v": 0.17901115248195673}, {"l": "Fuel oil", "v": 3.7622771818526139}, {"l": "Liquefied petroleum gas (LPG)", "v": 0.8834504672957717}, {"l": "Coal", "v": 1.2398988172261391}]}, {"source": 46, "prod": 0, "target": 37, "value": 0.39890312733180538, "supply": [{"l": "Motor Gasoline", "v": 0.011661441960718021}, {"l": "Gas-Diesel oil", "v": 0.31192330833834175}, {"l": "Natural gas (including LNG)", "v": 0.0022231879830347701}, {"l": "Fuel oil", "v": 0.046724739233125256}, {"l": "Liquefied petroleum gas (LPG)", "v": 0.01097181061217054}, {"l": "Coal", "v": 0.015398639204415037}]}, {"source": 46, "prod": 0, "target": 7, "value": 0.37600802510084086, "supply": [{"l": "Motor Gasoline", "v": 0.010992131826107273}, {"l": "Gas-Diesel oil", "v": 0.29402042529905509}, {"l": "Natural gas (including LNG)", "v": 0.002095587789748006}, {"l": "Fuel oil", "v": 0.04404296612040725}, {"l": "Liquefied petroleum gas (LPG)", "v": 0.010342081967763402}, {"l": "Coal", "v": 0.014514832097759871}]}, {"source": 46, "prod": 0, "target": 28, "value": 0.085919531998619708, "supply": [{"l": "Motor Gasoline", "v": 0.0025117517688963758}, {"l": "Gas-Diesel oil", "v": 0.067184995141938653}, {"l": "Natural gas (including LNG)", "v": 0.00047885127480692144}, {"l": "Fuel oil", "v": 0.010064016681243945}, {"l": "Liquefied petroleum gas (LPG)", "v": 0.0023632124402751436}, {"l": "Coal", "v": 0.0033167046914586791}]}, {"source": 46, "prod": 0, "target": 29, "value": 0.046796582581971488, "supply": [{"l": "Motor Gasoline", "v": 0.0013680404949186703}, {"l": "Gas-Diesel oil", "v": 0.036592705992388251}, {"l": "Natural gas (including LNG)", "v": 0.00026080918627844035}, {"l": "Fuel oil", "v": 0.0054814263622587813}, {"l": "Liquefied petroleum gas (LPG)", "v": 0.0012871376687882186}, {"l": "Coal", "v": 0.0018064628773391341}]}, {"source": 46, "prod": 0, "target": 38, "value": 0.41701793349256855, "supply": [{"l": "Motor Gasoline", "v": 0.012191006023267184}, {"l": "Gas-Diesel oil", "v": 0.32608822678700822}, {"l": "Natural gas (including LNG)", "v": 0.0023241463777231987}, {"l": "Fuel oil", "v": 0.048846581695935108}, {"l": "Liquefied petroleum gas (LPG)", "v": 0.011470057451701465}, {"l": "Coal", "v": 0.016097915156933412}]}, {"source": 46, "prod": 0, "target": 39, "value": 0.010063781200423977, "supply": [{"l": "Motor Gasoline", "v": 0.00029420225697175705}, {"l": "Gas-Diesel oil", "v": 0.0078693991381480113}, {"l": "Natural gas (including LNG)", "v": 5.6087997049126963e-05}, {"l": "Fuel oil", "v": 0.001178801368227695}, {"l": "Liquefied petroleum gas (LPG)", "v": 0.00027680379973940187}, {"l": "Coal", "v": 0.00038848664028798583}]}, {"source": 46, "prod": 0, "target": 40, "value": 0.023775683086001646, "supply": [{"l": "Motor Gasoline", "v": 0.000695052832095776}, {"l": "Gas-Diesel oil", "v": 0.018591455463874675}, {"l": "Natural gas (including LNG)", "v": 0.00013250789302856245}, {"l": "Fuel oil", "v": 0.0027849182324379291}, {"l": "Liquefied petroleum gas (LPG)", "v": 0.00065394897688433689}, {"l": "Coal", "v": 0.00091779968768036649}]}, {"source": 46, "prod": 0, "target": 41, "value": 0.045538609931918494, "supply": [{"l": "Motor Gasoline", "v": 0.0013312652127972005}, {"l": "Gas-Diesel oil", "v": 0.035609031100119745}, {"l": "Natural gas (including LNG)", "v": 0.00025379818664729952}, {"l": "Fuel oil", "v": 0.005334076191230319}, {"l": "Liquefied petroleum gas (LPG)", "v": 0.0012525371938207934}, {"l": "Coal", "v": 0.0017579020473031358}]}, {"source": 46, "prod": 0, "target": 42, "value": 0.69628786180433389, "supply": [{"l": "Motor Gasoline", "v": 0.02035511865423344}, {"l": "Gas-Diesel oil", "v": 0.5444640528706155}, {"l": "Natural gas (including LNG)", "v": 0.0038805882958364716}, {"l": "Fuel oil", "v": 0.081558319664253628}, {"l": "Liquefied petroleum gas (LPG)", "v": 0.019151362894469864}, {"l": "Coal", "v": 0.026878419424925019}]}, {"source": 46, "prod": 0, "target": 43, "value": 1.8889717313195804, "supply": [{"l": "Motor Gasoline", "v": 0.055221763633598799}, {"l": "Gas-Diesel oil", "v": 1.4770862182303817}, {"l": "Natural gas (including LNG)", "v": 0.01052771704612113}, {"l": "Fuel oil", "v": 0.22126101681633831}, {"l": "Liquefied petroleum gas (LPG)", "v": 0.051956073211085724}, {"l": "Coal", "v": 0.072918942382054944}]}, {"source": 46, "prod": 0, "target": 18, "value": 1.0361920718486537, "supply": [{"l": "Motor Gasoline", "v": 0.030291799883454536}, {"l": "Gas-Diesel oil", "v": 0.81025300876156459}, {"l": "Natural gas (including LNG)", "v": 0.0057749603961707351}, {"l": "Fuel oil", "v": 0.12137233587614403}, {"l": "Liquefied petroleum gas (LPG)", "v": 0.028500411230668161}, {"l": "Coal", "v": 0.039999555700651737}]}, {"source": 46, "prod": 0, "target": 36, "value": 3.8049898746153006, "supply": [{"l": "Motor Gasoline", "v": 0.1112341958328092}, {"l": "Gas-Diesel oil", "v": 2.9753214466445361}, {"l": "Natural gas (including LNG)", "v": 0.02120617058431179}, {"l": "Fuel oil", "v": 0.44569006230978858}, {"l": "Liquefied petroleum gas (LPG)", "v": 0.10465605663397111}, {"l": "Coal", "v": 0.14688194260988385}]}, {"source": 48, "prod": 419.53786374636246, "target": 19, "value": 5.2111328208968635, "supply": [{"l": "Potash", "v": 2.5250127436188583}, {"l": "Phosphate", "v": 3.8268805594740978}, {"l": "Nitrogen", "v": 53.177413494602646}]}, {"source": 48, "prod": 45.166110784514466, "target": 30, "value": 0.56101396951322935, "supply": [{"l": "Potash", "v": 2.5250127436188583}, {"l": "Phosphate", "v": 3.8268805594740978}, {"l": "Nitrogen", "v": 53.177413494602646}]}, {"source": 48, "prod": 0.10281139817511144, "target": 3, "value": 0.0012770333685936932, "supply": [{"l": "Potash", "v": 2.5250127436188583}, {"l": "Phosphate", "v": 3.8268805594740978}, {"l": "Nitrogen", "v": 53.177413494602646}]}, {"source": 48, "prod": 83.131878476144408, "target": 31, "value": 1.0325915675915003, "supply": [{"l": "Potash", "v": 2.5250127436188583}, {"l": "Phosphate", "v": 3.8268805594740978}, {"l": "Nitrogen", "v": 53.177413494602646}]}, {"source": 48, "prod": 9.2494806151333009, "target": 0, "value": 0.1148889675400326, "supply": [{"l": "Potash", "v": 2.5250127436188583}, {"l": "Phosphate", "v": 3.8268805594740978}, {"l": "Nitrogen", "v": 53.177413494602646}]}, {"source": 48, "prod": 0.017726103133639901, "target": 33, "value": 0.00022017816699891263, "supply": [{"l": "Potash", "v": 2.5250127436188583}, {"l": "Phosphate", "v": 3.8268805594740978}, {"l": "Nitrogen", "v": 53.177413494602646}]}, {"source": 48, "prod": 0.56014485902302091, "target": 34, "value": 0.0069576300771656387, "supply": [{"l": "Potash", "v": 2.5250127436188583}, {"l": "Phosphate", "v": 3.8268805594740978}, {"l": "Nitrogen", "v": 53.177413494602646}]}, {"source": 48, "prod": 3.254512535336286, "target": 8, "value": 0.040424711461000358, "supply": [{"l": "Potash", "v": 2.5250127436188583}, {"l": "Phosphate", "v": 3.8268805594740978}, {"l": "Nitrogen", "v": 53.177413494602646}]}, {"source": 48, "prod": 477.08743018003781, "target": 21, "value": 5.9259632578755337, "supply": [{"l": "Potash", "v": 2.5250127436188583}, {"l": "Phosphate", "v": 3.8268805594740978}, {"l": "Nitrogen", "v": 53.177413494602646}]}, {"source": 48, "prod": 14.234060816312841, "target": 9, "value": 0.17680306810012683, "supply": [{"l": "Potash", "v": 2.5250127436188583}, {"l": "Phosphate", "v": 3.8268805594740978}, {"l": "Nitrogen", "v": 53.177413494602646}]}, {"source": 48, "prod": 108.79927581365499, "target": 22, "value": 1.3514095534059258, "supply": [{"l": "Potash", "v": 2.5250127436188583}, {"l": "Phosphate", "v": 3.8268805594740978}, {"l": "Nitrogen", "v": 53.177413494602646}]}, {"source": 48, "prod": 22.46960833220194, "target": 23, "value": 0.2790978444878216, "supply": [{"l": "Potash", "v": 2.5250127436188583}, {"l": "Phosphate", "v": 3.8268805594740978}, {"l": "Nitrogen", "v": 53.177413494602646}]}, {"source": 48, "prod": 28.223501409381452, "target": 24, "value": 0.35056767749566864, "supply": [{"l": "Potash", "v": 2.5250127436188583}, {"l": "Phosphate", "v": 3.8268805594740978}, {"l": "Nitrogen", "v": 53.177413494602646}]}, {"source": 48, "prod": 593.27494577979394, "target": 10, "value": 7.3691430712866062, "supply": [{"l": "Potash", "v": 2.5250127436188583}, {"l": "Phosphate", "v": 3.8268805594740978}, {"l": "Nitrogen", "v": 53.177413494602646}]}, {"source": 48, "prod": 9.2530258357600292, "target": 2, "value": 0.11493300317343239, "supply": [{"l": "Potash", "v": 2.5250127436188583}, {"l": "Phosphate", "v": 3.8268805594740978}, {"l": "Nitrogen", "v": 53.177413494602646}]}, {"source": 48, "prod": 315.28001555554607, "target": 20, "value": 3.9161329138760599, "supply": [{"l": "Potash", "v": 2.5250127436188583}, {"l": "Phosphate", "v": 3.8268805594740978}, {"l": "Nitrogen", "v": 53.177413494602646}]}, {"source": 48, "prod": 5.3958257938799861, "target": 25, "value": 0.067022234034468997, "supply": [{"l": "Potash", "v": 2.5250127436188583}, {"l": "Phosphate", "v": 3.8268805594740978}, {"l": "Nitrogen", "v": 53.177413494602646}]}, {"source": 48, "prod": 0.12408272193547931, "target": 4, "value": 0.0015412471689923884, "supply": [{"l": "Potash", "v": 2.5250127436188583}, {"l": "Phosphate", "v": 3.8268805594740978}, {"l": "Nitrogen", "v": 53.177413494602646}]}, {"source": 48, "prod": 2.1342228172902442, "target": 27, "value": 0.026509451306669079, "supply": [{"l": "Potash", "v": 2.5250127436188583}, {"l": "Phosphate", "v": 3.8268805594740978}, {"l": "Nitrogen", "v": 53.177413494602646}]}, {"source": 48, "prod": 838.79920028384015, "target": 35, "value": 10.418830862388544, "supply": [{"l": "Potash", "v": 2.5250127436188583}, {"l": "Phosphate", "v": 3.8268805594740978}, {"l": "Nitrogen", "v": 53.177413494602646}]}, {"source": 48, "prod": 301.78690585021934, "target": 26, "value": 3.7485332931564872, "supply": [{"l": "Potash", "v": 2.5250127436188583}, {"l": "Phosphate", "v": 3.8268805594740978}, {"l": "Nitrogen", "v": 53.177413494602646}]}, {"source": 48, "prod": 1.8647860496589177, "target": 5, "value": 0.023162743168285607, "supply": [{"l": "Potash", "v": 2.5250127436188583}, {"l": "Phosphate", "v": 3.8268805594740978}, {"l": "Nitrogen", "v": 53.177413494602646}]}, {"source": 48, "prod": 0.67359191907832072, "target": 44, "value": 0.0083667703459587347, "supply": [{"l": "Potash", "v": 2.5250127436188583}, {"l": "Phosphate", "v": 3.8268805594740978}, {"l": "Nitrogen", "v": 53.177413494602646}]}, {"source": 48, "prod": 5.6439912377509449, "target": 12, "value": 0.070104728372453781, "supply": [{"l": "Potash", "v": 2.5250127436188583}, {"l": "Phosphate", "v": 3.8268805594740978}, {"l": "Nitrogen", "v": 53.177413494602646}]}, {"source": 48, "prod": 0.29779853264515038, "target": 13, "value": 0.003698993205581732, "supply": [{"l": "Potash", "v": 2.5250127436188583}, {"l": "Phosphate", "v": 3.8268805594740978}, {"l": "Nitrogen", "v": 53.177413494602646}]}, {"source": 48, "prod": 95.593328979093258, "target": 14, "value": 1.187376818991736, "supply": [{"l": "Potash", "v": 2.5250127436188583}, {"l": "Phosphate", "v": 3.8268805594740978}, {"l": "Nitrogen", "v": 53.177413494602646}]}, {"source": 48, "prod": 58.478414237878034, "target": 15, "value": 0.72636777292941268, "supply": [{"l": "Potash", "v": 2.5250127436188583}, {"l": "Phosphate", "v": 3.8268805594740978}, {"l": "Nitrogen", "v": 53.177413494602646}]}, {"source": 48, "prod": 99.298084534023999, "target": 32, "value": 1.2333940558945087, "supply": [{"l": "Potash", "v": 2.5250127436188583}, {"l": "Phosphate", "v": 3.8268805594740978}, {"l": "Nitrogen", "v": 53.177413494602646}]}, {"source": 48, "prod": 1.255008101861705, "target": 11, "value": 0.015588614223523012, "supply": [{"l": "Potash", "v": 2.5250127436188583}, {"l": "Phosphate", "v": 3.8268805594740978}, {"l": "Nitrogen", "v": 53.177413494602646}]}, {"source": 48, "prod": 5.0625750549675566, "target": 16, "value": 0.062882884494889449, "supply": [{"l": "Potash", "v": 2.5250127436188583}, {"l": "Phosphate", "v": 3.8268805594740978}, {"l": "Nitrogen", "v": 53.177413494602646}]}, {"source": 48, "prod": 8.7992375955388482, "target": 6, "value": 0.10929644209826023, "supply": [{"l": "Potash", "v": 2.5250127436188583}, {"l": "Phosphate", "v": 3.8268805594740978}, {"l": "Nitrogen", "v": 53.177413494602646}]}, {"source": 48, "prod": 905.1976374018285, "target": 17, "value": 11.243574240333071, "supply": [{"l": "Potash", "v": 2.5250127436188583}, {"l": "Phosphate", "v": 3.8268805594740978}, {"l": "Nitrogen", "v": 53.177413494602646}]}, {"source": 48, "prod": 11.241894607354425, "target": 37, "value": 0.13963699351071038, "supply": [{"l": "Potash", "v": 2.5250127436188583}, {"l": "Phosphate", "v": 3.8268805594740978}, {"l": "Nitrogen", "v": 53.177413494602646}]}, {"source": 48, "prod": 10.596664453289934, "target": 7, "value": 0.13162250823194996, "supply": [{"l": "Potash", "v": 2.5250127436188583}, {"l": "Phosphate", "v": 3.8268805594740978}, {"l": "Nitrogen", "v": 53.177413494602646}]}, {"source": 48, "prod": 2.4213856880552109, "target": 28, "value": 0.030076337612051463, "supply": [{"l": "Potash", "v": 2.5250127436188583}, {"l": "Phosphate", "v": 3.8268805594740978}, {"l": "Nitrogen", "v": 53.177413494602646}]}, {"source": 48, "prod": 1.3188220731428086, "target": 29, "value": 0.016381255624719097, "supply": [{"l": "Potash", "v": 2.5250127436188583}, {"l": "Phosphate", "v": 3.8268805594740978}, {"l": "Nitrogen", "v": 53.177413494602646}]}, {"source": 48, "prod": 11.752406377603256, "target": 38, "value": 0.14597812472027907, "supply": [{"l": "Potash", "v": 2.5250127436188583}, {"l": "Phosphate", "v": 3.8268805594740978}, {"l": "Nitrogen", "v": 53.177413494602646}]}, {"source": 48, "prod": 0.28361765013823842, "target": 39, "value": 0.0035228506719826021, "supply": [{"l": "Potash", "v": 2.5250127436188583}, {"l": "Phosphate", "v": 3.8268805594740978}, {"l": "Nitrogen", "v": 53.177413494602646}]}, {"source": 48, "prod": 0.67004669845158826, "target": 40, "value": 0.0083227347125588973, "supply": [{"l": "Potash", "v": 2.5250127436188583}, {"l": "Phosphate", "v": 3.8268805594740978}, {"l": "Nitrogen", "v": 53.177413494602646}]}, {"source": 48, "prod": 1.2833698668755289, "target": 41, "value": 0.015940899290721271, "supply": [{"l": "Potash", "v": 2.5250127436188583}, {"l": "Phosphate", "v": 3.8268805594740978}, {"l": "Nitrogen", "v": 53.177413494602646}]}, {"source": 48, "prod": 19.62279616893937, "target": 42, "value": 0.24373723086779625, "supply": [{"l": "Potash", "v": 2.5250127436188583}, {"l": "Phosphate", "v": 3.8268805594740978}, {"l": "Nitrogen", "v": 53.177413494602646}]}, {"source": 48, "prod": 53.235032930947348, "target": 43, "value": 0.66123907113113434, "supply": [{"l": "Potash", "v": 2.5250127436188583}, {"l": "Phosphate", "v": 3.8268805594740978}, {"l": "Nitrogen", "v": 53.177413494602646}]}, {"source": 48, "prod": 29.201982302358374, "target": 18, "value": 0.36272151231400862, "supply": [{"l": "Potash", "v": 2.5250127436188583}, {"l": "Phosphate", "v": 3.8268805594740978}, {"l": "Nitrogen", "v": 53.177413494602646}]}, {"source": 48, "prod": 107.23228829664123, "target": 36, "value": 1.3319458034432219, "supply": [{"l": "Potash", "v": 2.5250127436188583}, {"l": "Phosphate", "v": 3.8268805594740978}, {"l": "Nitrogen", "v": 53.177413494602646}]}, {"source": 46, "prod": 0, "target": 48, "value": 72.600040864919904, "supply": [{"l": "Natural gas (including LNG)", "v": 48.660469702656428}, {"l": "Fuel oil", "v": 14.539336686976046}, {"l": "Liquefied petroleum gas (LPG)", "v": 4.700117237643715}, {"l": "Coal", "v": 4.700117237643715}]}, {"source": 49, "prod": 0, "target": 19, "value": 1.9687455002998957, "supply": "[{\"l\":'Labor',\"v\":1.9687455002998957}]"}, {"source": 49, "prod": 0, "target": 30, "value": 0.21194887293133008, "supply": "[{\"l\":'Labor',\"v\":0.21194887293133008}]"}, {"source": 49, "prod": 0, "target": 3, "value": 0.00048245818799125376, "supply": "[{\"l\":'Labor',\"v\":0.00048245818799125376}]"}, {"source": 49, "prod": 0, "target": 31, "value": 0.39010903621403137, "supply": "[{\"l\":'Labor',\"v\":0.39010903621403137}]"}, {"source": 49, "prod": 0, "target": 0, "value": 0.043404600429971754, "supply": "[{\"l\":'Labor',\"v\":0.043404600429971754}]"}, {"source": 49, "prod": 0, "target": 33, "value": 8.3182446205388574e-05, "supply": "[{\"l\":'Labor',\"v\":8.3182446205388574e-05}]"}, {"source": 49, "prod": 0, "target": 34, "value": 0.0026285653000902793, "supply": "[{\"l\":'Labor',\"v\":0.0026285653000902793}]"}, {"source": 49, "prod": 0, "target": 8, "value": 0.015272297123309344, "supply": "[{\"l\":'Labor',\"v\":0.015272297123309344}]"}, {"source": 49, "prod": 0, "target": 21, "value": 2.2388056301503103, "supply": "[{\"l\":'Labor',\"v\":2.2388056301503103}]"}, {"source": 49, "prod": 0, "target": 9, "value": 0.066795504302927022, "supply": "[{\"l\":'Labor',\"v\":0.066795504302927022}]"}, {"source": 49, "prod": 0, "target": 22, "value": 0.51055721831943401, "supply": "[{\"l\":'Labor',\"v\":0.51055721831943401}]"}, {"source": 49, "prod": 0, "target": 23, "value": 0.10544206880995055, "supply": "[{\"l\":'Labor',\"v\":0.10544206880995055}]"}, {"source": 49, "prod": 0, "target": 24, "value": 0.1324430908482197, "supply": "[{\"l\":'Labor',\"v\":0.1324430908482197}]"}, {"source": 49, "prod": 0, "target": 10, "value": 2.7840332920481505, "supply": "[{\"l\":'Labor',\"v\":2.7840332920481505}]"}, {"source": 49, "prod": 0, "target": 2, "value": 0.043421236919212833, "supply": "[{\"l\":'Labor',\"v\":0.043421236919212833}]"}, {"source": 49, "prod": 0, "target": 20, "value": 1.4794996246982823, "supply": "[{\"l\":'Labor',\"v\":1.4794996246982823}]"}, {"source": 49, "prod": 0, "target": 25, "value": 0.025320736624920282, "supply": "[{\"l\":'Labor',\"v\":0.025320736624920282}]"}, {"source": 49, "prod": 0, "target": 4, "value": 0.00058227712343772008, "supply": "[{\"l\":'Labor',\"v\":0.00058227712343772008}]"}, {"source": 49, "prod": 0, "target": 27, "value": 0.010015166523128784, "supply": "[{\"l\":'Labor',\"v\":0.010015166523128784}]"}, {"source": 49, "prod": 0, "target": 35, "value": 3.9361933544389873, "supply": "[{\"l\":'Labor',\"v\":3.9361933544389873}]"}, {"source": 49, "prod": 0, "target": 26, "value": 1.4161811466467407, "supply": "[{\"l\":'Labor',\"v\":1.4161811466467407}]"}, {"source": 49, "prod": 0, "target": 5, "value": 0.0087507933408068773, "supply": "[{\"l\":'Labor',\"v\":0.0087507933408068773}]"}, {"source": 49, "prod": 0, "target": 44, "value": 0.0031609329558047864, "supply": "[{\"l\":'Labor',\"v\":0.0031609329558047864}]"}, {"source": 49, "prod": 0, "target": 12, "value": 0.026485290871795724, "supply": "[{\"l\":'Labor',\"v\":0.026485290871795724}]"}, {"source": 49, "prod": 0, "target": 13, "value": 0.0013974650962505282, "supply": "[{\"l\":'Labor',\"v\":0.0013974650962505282}]"}, {"source": 49, "prod": 0, "target": 14, "value": 0.44858629589641952, "supply": "[{\"l\":'Labor',\"v\":0.44858629589641952}]"}, {"source": 49, "prod": 0, "target": 15, "value": 0.27441889003157693, "supply": "[{\"l\":'Labor',\"v\":0.27441889003157693}]"}, {"source": 49, "prod": 0, "target": 32, "value": 0.46597142715334572, "supply": "[{\"l\":'Labor',\"v\":0.46597142715334572}]"}, {"source": 49, "prod": 0, "target": 11, "value": 0.005889317191341511, "supply": "[{\"l\":'Labor',\"v\":0.005889317191341511}]"}, {"source": 49, "prod": 0, "target": 16, "value": 0.023756906636258977, "supply": "[{\"l\":'Labor',\"v\":0.023756906636258977}]"}, {"source": 49, "prod": 0, "target": 6, "value": 0.041291766296354893, "supply": "[{\"l\":'Labor',\"v\":0.041291766296354893}]"}, {"source": 49, "prod": 0, "target": 17, "value": 4.2477781614351322, "supply": "[{\"l\":'Labor',\"v\":4.2477781614351322}]"}, {"source": 49, "prod": 0, "target": 37, "value": 0.052754307383457433, "supply": "[{\"l\":'Labor',\"v\":0.052754307383457433}]"}, {"source": 49, "prod": 0, "target": 7, "value": 0.049726466341581295, "supply": "[{\"l\":'Labor',\"v\":0.049726466341581295}]"}, {"source": 49, "prod": 0, "target": 28, "value": 0.011362722151656081, "supply": "[{\"l\":'Labor',\"v\":0.011362722151656081}]"}, {"source": 49, "prod": 0, "target": 29, "value": 0.00618877399768091, "supply": "[{\"l\":'Labor',\"v\":0.00618877399768091}]"}, {"source": 49, "prod": 0, "target": 38, "value": 0.055149961834172624, "supply": "[{\"l\":'Labor',\"v\":0.055149961834172624}]"}, {"source": 49, "prod": 0, "target": 39, "value": 0.0013309191392862172, "supply": "[{\"l\":'Labor',\"v\":0.0013309191392862172}]"}, {"source": 49, "prod": 0, "target": 40, "value": 0.0031442964665636883, "supply": "[{\"l\":'Labor',\"v\":0.0031442964665636883}]"}, {"source": 49, "prod": 0, "target": 41, "value": 0.0060224091052701323, "supply": "[{\"l\":'Labor',\"v\":0.0060224091052701323}]"}, {"source": 49, "prod": 0, "target": 42, "value": 0.092082967949365144, "supply": "[{\"l\":'Labor',\"v\":0.092082967949365144}]"}, {"source": 49, "prod": 0, "target": 43, "value": 0.24981352244402297, "supply": "[{\"l\":'Labor',\"v\":0.24981352244402297}]"}, {"source": 49, "prod": 0, "target": 18, "value": 0.13703476187875713, "supply": "[{\"l\":'Labor',\"v\":0.13703476187875713}]"}, {"source": 49, "prod": 0, "target": 36, "value": 0.50320389007487765, "supply": "[{\"l\":'Labor',\"v\":0.50320389007487765}]"}]}