{"nodes": [{"layer": 13, "name": "Other Processed", "fill": "#9c9ede"}, {"layer": 10, "name": "Feed", "fill": "#dbdb8d"}, {"layer": 13, "name": "Animal Products", "fill": "#17becf"}, {"layer": 5, "name": "Cereals", "fill": "#e7ba52"}, {"layer": 5, "name": "Oilcrops", "fill": "#ff9896"}, {"layer": 5, "name": "Sugar Crops", "fill": "#ffbb78"}, {"layer": 13, "name": "Sugar", "fill": "#d6616b"}, {"layer": 5, "name": "Starchy Roots"}, {"layer": 5, "name": "Fruits & Vegetables"}, {"layer": 13, "name": "Aquatic Products", "fill": "#1f77b4"}, {"layer": 13, "name": "Vegetable Oils", "fill": "#f7b6d2"}, {"layer": 16, "name": "Food", "fill": "#b5cf6b"}, {"layer": 5, "name": "Others"}, {"layer": 10, "name": "Processing", "fill": "#9edae5"}, {"layer": 16, "name": "Biofuels & Other", "fill": "#e7ba52"}, {"name": "Seed", "fill": "#dbdb8d"}, {"name": "Waste", "fill": "#c7c7c7"}, {"layer": 0, "name": "Import", "fill": "#aec7e8"}, {"layer": 16, "name": "Export", "fill": "#aec7e8"}, {"layer": 0, "name": "Stock Draw", "fill": "#c7c7c7"}, {"layer": 16, "name": "Stock Deposit", "fill": "#c7c7c7"}, {"layer": 0, "name": "Production", "fill": "#b5cf6b"}], "links": [{"source": 0, "prod": 4.4124039029114632, "target": 1, "value": 492.0, "supply": [{"l": "Fats, Animals, Raw", "v": 152.0}, {"l": "Fish, Body Oil", "v": 318.0}, {"l": "Fish, Liver Oil", "v": 22.0}]}, {"source": 2, "prod": 27.548141300905765, "target": 1, "value": 45500.0, "supply": [{"l": "Milk - Excluding Butter", "v": 45480.0}, {"l": "Meat, Other", "v": 3.0}, {"l": "Offals, Edible", "v": 14.0}, {"l": "Eggs", "v": 3.0}]}, {"source": 3, "prod": 315.28234969210121, "target": 1, "value": 108421.0, "supply": [{"l": "Maize", "v": 32864.0}, {"l": "Oats", "v": 15265.0}, {"l": "Rye", "v": 7617.0}, {"l": "Barley", "v": 31365.0}, {"l": "Rice", "v": 79.0}, {"l": "Sorghum", "v": 2296.0}, {"l": "Cereals, Other", "v": 3637.0}, {"l": "Wheat", "v": 15033.0}, {"l": "Millet", "v": 265.0}]}, {"source": 4, "prod": 0.52635450061696265, "target": 1, "value": 183.0, "supply": [{"l": "Soyabeans", "v": 50.0}, {"l": "Sunflower seed", "v": 15.0}, {"l": "Rape and Mustardseed", "v": 100.0}, {"l": "Oilcrops, Other", "v": 18.0}]}, {"source": 5, "prod": 1.62246221912, "target": 1, "value": 1396.0, "supply": [{"l": "Sugar beet", "v": 1396.0}]}, {"source": 6, "prod": 1.7714781055872117, "target": 1, "value": 434.0, "supply": [{"l": "Sugar", "v": 432.0}, {"l": "Sweeteners, Other", "v": 2.0}]}, {"source": 7, "prod": 44.432694670389729, "target": 1, "value": 57072.0, "supply": [{"l": "Potatoes", "v": 54246.0}, {"l": "Roots, Other", "v": 82.0}, {"l": "Sweet potatoes", "v": 83.0}, {"l": "Cassava", "v": 2661.0}]}, {"source": 8, "prod": 8.557824749995028, "target": 1, "value": 4269.0, "supply": [{"l": "Vegetables, Other", "v": 2116.0}, {"l": "Fruits, Other", "v": 53.0}, {"l": "Beans", "v": 120.0}, {"l": "Tomatoes", "v": 46.0}, {"l": "Apples", "v": 136.0}, {"l": "Peas", "v": 277.0}, {"l": "Pulses, Other", "v": 1521.0}]}, {"source": 9, "prod": 16.281563075796157, "target": 1, "value": 17168.0, "supply": [{"l": "Freshwater Fish", "v": 1.0}, {"l": "Fish, Seafood", "v": 8586.0}, {"l": "Marine Fish, Other", "v": 22.0}, {"l": "Pelagic Fish", "v": 8173.0}, {"l": "Crustaceans", "v": 19.0}, {"l": "Demersal Fish", "v": 367.0}]}, {"source": 10, "prod": 0.052042271535108174, "target": 1, "value": 5.0, "supply": [{"l": "Groundnut Oil", "v": 2.0}, {"l": "Soyabean Oil", "v": 3.0}]}, {"source": 0, "prod": 73.082668726592658, "target": 11, "value": 48309.0, "supply": [{"l": "Beverages, Alcoholic", "v": 1303.0}, {"l": "Butter, Ghee", "v": 2438.0}, {"l": "Fats, Animals, Raw", "v": 2224.0}, {"l": "Wine", "v": 16829.0}, {"l": "Fish, Body Oil", "v": 52.0}, {"l": "Cream", "v": 746.0}, {"l": "Beer", "v": 23488.0}, {"l": "Beverages, Fermented", "v": 1222.0}, {"l": "Fish, Liver Oil", "v": 7.0}]}, {"source": 2, "prod": 107.3643473846366, "target": 11, "value": 109104.0, "supply": [{"l": "Eggs", "v": 4592.0}, {"l": "Pigmeat", "v": 10857.0}, {"l": "Offals, Edible", "v": 1668.0}, {"l": "Milk - Excluding Butter", "v": 78600.0}, {"l": "Meat, Other", "v": 961.0}, {"l": "Mutton & Goat Meat", "v": 1302.0}, {"l": "Bovine Meat", "v": 8072.0}, {"l": "Poultry Meat", "v": 3052.0}]}, {"source": 3, "prod": 167.36381463657614, "target": 11, "value": 54576.0, "supply": [{"l": "Maize", "v": 2411.0}, {"l": "Barley", "v": 600.0}, {"l": "Cereals, Other", "v": 252.0}, {"l": "Rye", "v": 5673.0}, {"l": "Rice", "v": 1119.0}, {"l": "Wheat", "v": 43984.0}, {"l": "Oats", "v": 529.0}, {"l": "Millet", "v": 8.0}]}, {"source": 4, "prod": 2.0447654349743667, "target": 11, "value": 659.0, "supply": [{"l": "Coconuts - Incl Copra", "v": 205.0}, {"l": "Sesame seed", "v": 5.0}, {"l": "Olives", "v": 191.0}, {"l": "Groundnuts", "v": 215.0}, {"l": "Oilcrops, Other", "v": 8.0}, {"l": "Rape and Mustardseed", "v": 35.0}]}, {"source": 5, "prod": 0.055786666560000003, "target": 11, "value": 48.0, "supply": [{"l": "Sugar beet", "v": 48.0}]}, {"source": 6, "prod": 60.250664323900537, "target": 11, "value": 14793.0, "supply": [{"l": "Sugar", "v": 14424.0}, {"l": "Sweeteners, Other", "v": 209.0}, {"l": "Honey", "v": 160.0}]}, {"source": 7, "prod": 31.982720399145439, "target": 11, "value": 41073.0, "supply": [{"l": "Roots, Other", "v": 15.0}, {"l": "Yams", "v": 2.0}, {"l": "Potatoes", "v": 40980.0}, {"l": "Sweet potatoes", "v": 76.0}]}, {"source": 8, "prod": 38.817150566948989, "target": 11, "value": 76122.0, "supply": [{"l": "Vegetables, Other", "v": 31243.0}, {"l": "Tomatoes", "v": 6972.0}, {"l": "Treenuts", "v": 1196.0}, {"l": "Peas", "v": 439.0}, {"l": "Grapes", "v": 3487.0}, {"l": "Pulses, Other", "v": 414.0}, {"l": "Pineapples", "v": 191.0}, {"l": "Citrus, Other", "v": 75.0}, {"l": "Grapefruit", "v": 383.0}, {"l": "Fruits, Other", "v": 10554.0}, {"l": "Dates", "v": 58.0}, {"l": "Beans", "v": 685.0}, {"l": "Apples", "v": 9241.0}, {"l": "Lemons, Limes", "v": 767.0}, {"l": "Bananas", "v": 2294.0}, {"l": "Oranges, Mandarines", "v": 5171.0}, {"l": "Onions", "v": 2952.0}]}, {"source": 12, "prod": 6.0972024031733056, "target": 11, "value": 3319.0, "supply": [{"l": "Nuts", "v": 1195.0}, {"l": "Infant food", "v": 10.0}, {"l": "Cloves", "v": 1.0}, {"l": "Pepper", "v": 25.0}, {"l": "Pimento", "v": 83.0}, {"l": "Tea", "v": 280.0}, {"l": "Coffee", "v": 1227.0}, {"l": "Cocoa Beans", "v": 473.0}, {"l": "Spices, Other", "v": 25.0}]}, {"source": 9, "prod": 9.9956946045498754, "target": 11, "value": 13426.0, "supply": [{"l": "Crustaceans", "v": 207.0}, {"l": "Aquatic Products, Other", "v": 2.0}, {"l": "Marine Fish, Other", "v": 398.0}, {"l": "Fish, Seafood", "v": 6713.0}, {"l": "Aquatic Animals, Others", "v": 2.0}, {"l": "Demersal Fish", "v": 3426.0}, {"l": "Freshwater Fish", "v": 340.0}, {"l": "Cephalopods", "v": 114.0}, {"l": "Pelagic Fish", "v": 1850.0}, {"l": "Molluscs, Other", "v": 374.0}]}, {"source": 10, "prod": 48.814179992552674, "target": 11, "value": 4729.0, "supply": [{"l": "Sunflowerseed Oil", "v": 695.0}, {"l": "Rape and Mustard Oil", "v": 363.0}, {"l": "Sesameseed Oil", "v": 26.0}, {"l": "Palmkernel Oil", "v": 172.0}, {"l": "Oilcrops Oil, Other", "v": 263.0}, {"l": "Maize Germ Oil", "v": 73.0}, {"l": "Groundnut Oil", "v": 651.0}, {"l": "Soyabean Oil", "v": 791.0}, {"l": "Palm Oil", "v": 195.0}, {"l": "Coconut Oil", "v": 462.0}, {"l": "Olive Oil", "v": 991.0}, {"l": "Cottonseed Oil", "v": 47.0}]}, {"source": 0, "prod": 1.9084966664426433, "target": 13, "value": 1392.0, "supply": [{"l": "Fats, Animals, Raw", "v": 107.0}, {"l": "Wine", "v": 1285.0}]}, {"source": 2, "prod": 0.17392774611657633, "target": 13, "value": 113.0, "supply": [{"l": "Poultry Meat", "v": 15.0}, {"l": "Pigmeat", "v": 1.0}, {"l": "Meat, Other", "v": 2.0}, {"l": "Bovine Meat", "v": 94.0}, {"l": "Milk - Excluding Butter", "v": 1.0}]}, {"source": 3, "prod": 21.162987751463852, "target": 13, "value": 7723.0, "supply": [{"l": "Maize", "v": 1322.0}, {"l": "Oats", "v": 47.0}, {"l": "Rye", "v": 90.0}, {"l": "Barley", "v": 6001.0}, {"l": "Rice", "v": 30.0}, {"l": "Cereals, Other", "v": 46.0}, {"l": "Wheat", "v": 187.0}]}, {"source": 4, "prod": 50.602615251053592, "target": 13, "value": 19352.0, "supply": [{"l": "Olives", "v": 5517.0}, {"l": "Soyabeans", "v": 4688.0}, {"l": "Oilcrops, Other", "v": 1004.0}, {"l": "Sunflower seed", "v": 1417.0}, {"l": "Coconuts - Incl Copra", "v": 3487.0}, {"l": "Sesame seed", "v": 56.0}, {"l": "Cottonseed", "v": 311.0}, {"l": "Rape and Mustardseed", "v": 1502.0}, {"l": "Groundnuts", "v": 874.0}, {"l": "Palm kernels", "v": 331.0}, {"l": "Oil Palm", "v": 164.99999999999974}]}, {"source": 5, "prod": 111.50555910833017, "target": 13, "value": 96253.0, "supply": [{"l": "Sugar beet", "v": 95793.0}, {"l": "Sugar cane", "v": 460.0}]}, {"source": 6, "prod": 0.078369538311692313, "target": 13, "value": 20.0, "supply": [{"l": "Sugar", "v": 8.0}, {"l": "Sweeteners, Other", "v": 8.0}, {"l": "Honey", "v": 4.0}]}, {"source": 7, "prod": 1.7209686120584815, "target": 13, "value": 2212.0, "supply": [{"l": "Potatoes", "v": 2212.0}]}, {"source": 8, "prod": 23.983259162134193, "target": 13, "value": 31139.0, "supply": [{"l": "Treenuts", "v": 1.0}, {"l": "Fruits, Other", "v": 726.0}, {"l": "Vegetables, Other", "v": 22.0}, {"l": "Grapes", "v": 28466.0}, {"l": "Onions", "v": 6.0}, {"l": "Apples", "v": 1918.0}]}, {"source": 12, "prod": 0.024555972507586912, "target": 13, "value": 7.0, "supply": [{"l": "Nuts", "v": 1.0}, {"l": "Cocoa Beans", "v": 6.0}]}, {"source": 10, "prod": 0.49111577341993851, "target": 13, "value": 47.0, "supply": [{"l": "Oilcrops Oil, Other", "v": 47.0}]}, {"source": 0, "prod": 17.054650934933981, "target": 14, "value": 3708.0, "supply": [{"l": "Alcohol, Non-Food", "v": 1109.0}, {"l": "Beer", "v": 49.0}, {"l": "Beverages, Alcoholic", "v": 870.0}, {"l": "Butter, Ghee", "v": 14.0}, {"l": "Fats, Animals, Raw", "v": 1156.0}, {"l": "Wine", "v": 165.0}, {"l": "Fish, Body Oil", "v": 343.0}, {"l": "Fish, Liver Oil", "v": 2.0}]}, {"source": 2, "prod": 2.2922555932020159, "target": 14, "value": 3077.0, "supply": [{"l": "Mutton & Goat Meat", "v": 8.0}, {"l": "Eggs", "v": 12.0}, {"l": "Pigmeat", "v": 138.0}, {"l": "Milk - Excluding Butter", "v": 2731.0}, {"l": "Bovine Meat", "v": 9.0}, {"l": "Poultry Meat", "v": 14.0}, {"l": "Offals, Edible", "v": 165.0}]}, {"source": 3, "prod": 7.2830120961816371, "target": 14, "value": 2180.0, "supply": [{"l": "Maize", "v": 1924.0}, {"l": "Rye", "v": 8.0}, {"l": "Barley", "v": 8.0}, {"l": "Rice", "v": 36.0}, {"l": "Wheat", "v": 204.0}]}, {"source": 4, "prod": 0.84584989076364869, "target": 14, "value": 151.0, "supply": [{"l": "Coconuts - Incl Copra", "v": 3.0}, {"l": "Oilcrops, Other", "v": 135.0}, {"l": "Cottonseed", "v": 12.0}, {"l": "Palm kernels", "v": 1.0}]}, {"source": 5, "prod": 3.1106818578673758, "target": 14, "value": 2688.0, "supply": [{"l": "Sugar beet", "v": 2671.0}, {"l": "Sugar cane", "v": 17.0}]}, {"source": 6, "prod": 3.6041824129804327, "target": 14, "value": 883.0, "supply": [{"l": "Sugar", "v": 307.0}, {"l": "Sweeteners, Other", "v": 576.0}]}, {"source": 7, "prod": 2.7961849872234099, "target": 14, "value": 3594.0, "supply": [{"l": "Roots, Other", "v": 3.0}, {"l": "Potatoes", "v": 3527.0}, {"l": "Cassava", "v": 64.0}]}, {"source": 8, "prod": 0.1541911793698072, "target": 14, "value": 191.0, "supply": [{"l": "Citrus, Other", "v": 14.0}, {"l": "Tomatoes", "v": 11.0}, {"l": "Treenuts", "v": 21.0}, {"l": "Vegetables, Other", "v": 53.0}, {"l": "Grapes", "v": 27.0}, {"l": "Beans", "v": 1.0}, {"l": "Pulses, Other", "v": 5.0}, {"l": "Lemons, Limes", "v": 6.0}, {"l": "Bananas", "v": 1.0}, {"l": "Fruits, Other", "v": 24.0}, {"l": "Oranges, Mandarines", "v": 16.0}, {"l": "Onions", "v": 2.0}, {"l": "Apples", "v": 10.0}]}, {"source": 12, "prod": 0.055141039471988187, "target": 14, "value": 22.0, "supply": [{"l": "Nuts", "v": 21.0}, {"l": "Coffee", "v": 1.0}]}, {"source": 9, "prod": 0.96226213797195026, "target": 14, "value": 1277.0, "supply": [{"l": "Freshwater Fish", "v": 12.0}, {"l": "Crustaceans", "v": 5.0}, {"l": "Aquatic Products, Other", "v": 253.0}, {"l": "Marine Fish, Other", "v": 74.0}, {"l": "Aquatic Plants", "v": 251.0}, {"l": "Fish, Seafood", "v": 386.0}, {"l": "Pelagic Fish", "v": 40.0}, {"l": "Molluscs, Other", "v": 35.0}, {"l": "Aquatic Animals, Others", "v": 2.0}, {"l": "Demersal Fish", "v": 219.0}]}, {"source": 10, "prod": 14.250717396604951, "target": 14, "value": 1386.0, "supply": [{"l": "Groundnut Oil", "v": 81.0}, {"l": "Soyabean Oil", "v": 13.0}, {"l": "Palm Oil", "v": 239.0}, {"l": "Sunflowerseed Oil", "v": 69.0}, {"l": "Olive Oil", "v": 89.0}, {"l": "Coconut Oil", "v": 162.0}, {"l": "Rape and Mustard Oil", "v": 78.0}, {"l": "Oilcrops Oil, Other", "v": 541.0}, {"l": "Cottonseed Oil", "v": 63.0}, {"l": "Palmkernel Oil", "v": 51.0}]}, {"source": 7, "prod": 11.302998189866916, "target": 15, "value": 14528.0, "supply": [{"l": "Potatoes", "v": 14526.0}, {"l": "Roots, Other", "v": 2.0}]}, {"source": 8, "prod": 1.6470481867191595, "target": 15, "value": 421.0, "supply": [{"l": "Vegetables, Other", "v": 10.0}, {"l": "Beans", "v": 118.0}, {"l": "Peas", "v": 85.0}, {"l": "Pulses, Other", "v": 208.0}]}, {"source": 2, "prod": 0.36497384604544825, "target": 2, "value": 221.0, "supply": [{"l": "Eggs", "v": 221.0}]}, {"source": 3, "prod": 28.296098766359425, "target": 15, "value": 9865.0, "supply": [{"l": "Maize", "v": 450.0}, {"l": "Oats", "v": 1175.0}, {"l": "Rye", "v": 1319.0}, {"l": "Barley", "v": 2247.0}, {"l": "Rice", "v": 43.0}, {"l": "Sorghum", "v": 3.0}, {"l": "Cereals, Other", "v": 228.0}, {"l": "Wheat", "v": 4399.0}, {"l": "Millet", "v": 1.0}]}, {"source": 4, "prod": 0.36237151466447615, "target": 15, "value": 120.0, "supply": [{"l": "Soyabeans", "v": 8.0}, {"l": "Sunflower seed", "v": 17.0}, {"l": "Cottonseed", "v": 26.0}, {"l": "Rape and Mustardseed", "v": 45.0}, {"l": "Groundnuts", "v": 1.0}, {"l": "Oilcrops, Other", "v": 23.0}]}, {"source": 0, "prod": 0.6371918689840822, "target": 16, "value": 674.0, "supply": [{"l": "Beer", "v": 85.0}, {"l": "Fats, Animals, Raw", "v": 15.0}, {"l": "Wine", "v": 566.0}, {"l": "Beverages, Fermented", "v": 1.0}, {"l": "Cream", "v": 7.0}]}, {"source": 2, "prod": 0.96318406296324133, "target": 16, "value": 1292.0, "supply": [{"l": "Pigmeat", "v": 19.0}, {"l": "Meat, Other", "v": 1.0}, {"l": "Eggs", "v": 77.0}, {"l": "Mutton & Goat Meat", "v": 4.0}, {"l": "Milk - Excluding Butter", "v": 1130.0}, {"l": "Bovine Meat", "v": 46.0}, {"l": "Poultry Meat", "v": 4.0}, {"l": "Offals, Edible", "v": 11.0}]}, {"source": 3, "prod": 11.575905530188981, "target": 16, "value": 3958.0, "supply": [{"l": "Maize", "v": 687.0}, {"l": "Rye", "v": 534.0}, {"l": "Barley", "v": 852.0}, {"l": "Rice", "v": 8.0}, {"l": "Cereals, Other", "v": 60.0}, {"l": "Wheat", "v": 1423.0}, {"l": "Oats", "v": 386.0}, {"l": "Sorghum", "v": 6.0}, {"l": "Millet", "v": 2.0}]}, {"source": 4, "prod": 0.29670465112854544, "target": 16, "value": 91.0, "supply": [{"l": "Olives", "v": 6.0}, {"l": "Sunflower seed", "v": 38.0}, {"l": "Coconuts - Incl Copra", "v": 8.0}, {"l": "Sesame seed", "v": 1.0}, {"l": "Cottonseed", "v": 10.0}, {"l": "Groundnuts", "v": 2.0}, {"l": "Oilcrops, Other", "v": 7.0}, {"l": "Soyabeans", "v": 9.0}, {"l": "Rape and Mustardseed", "v": 10.0}]}, {"source": 5, "prod": 0.6706022209400001, "target": 16, "value": 577.0, "supply": [{"l": "Sugar beet", "v": 577.0}]}, {"source": 6, "prod": 0.040817467870673078, "target": 16, "value": 10.0, "supply": [{"l": "Sugar", "v": 10.0}]}, {"source": 7, "prod": 8.9024684368906275, "target": 16, "value": 11437.0, "supply": [{"l": "Roots, Other", "v": 1.0}, {"l": "Potatoes", "v": 11424.0}, {"l": "Sweet potatoes", "v": 12.0}]}, {"source": 8, "prod": 4.0971403287353034, "target": 16, "value": 9825.0, "supply": [{"l": "Grapefruit", "v": 15.0}, {"l": "Tomatoes", "v": 1162.0}, {"l": "Treenuts", "v": 27.0}, {"l": "Vegetables, Other", "v": 4750.0}, {"l": "Peas", "v": 18.0}, {"l": "Grapes", "v": 254.0}, {"l": "Dates", "v": 5.0}, {"l": "Beans", "v": 37.0}, {"l": "Apples", "v": 1448.0}, {"l": "Lemons, Limes", "v": 130.0}, {"l": "Pineapples", "v": 3.0}, {"l": "Bananas", "v": 244.0}, {"l": "Fruits, Other", "v": 937.0}, {"l": "Oranges, Mandarines", "v": 411.0}, {"l": "Onions", "v": 336.0}, {"l": "Pulses, Other", "v": 48.0}]}, {"source": 12, "prod": 0.082643572388947512, "target": 16, "value": 37.0, "supply": [{"l": "Nuts", "v": 25.0}, {"l": "Coffee", "v": 5.0}, {"l": "Pimento", "v": 7.0}]}, {"source": 10, "prod": 0.051455788970440085, "target": 16, "value": 5.0, "supply": [{"l": "Coconut Oil", "v": 2.0}, {"l": "Oilcrops Oil, Other", "v": 3.0}]}, {"source": 17, "prod": 4.852150014823704, "target": 12, "value": 2811.0, "supply": [{"l": "Nuts", "v": 376.0}, {"l": "Infant food", "v": 29.0}, {"l": "Pepper", "v": 25.0}, {"l": "Pimento", "v": 12.0}, {"l": "Tea", "v": 326.0}, {"l": "Coffee", "v": 1285.0}, {"l": "Cloves", "v": 1.0}, {"l": "Cocoa Beans", "v": 731.0}, {"l": "Spices, Other", "v": 26.0}]}, {"source": 17, "prod": 33.300191822598229, "target": 1, "value": 35409.0, "supply": [{"l": "Crustaceans", "v": 124.0}, {"l": "Eggs", "v": 211.0}, {"l": "Marine Fish, Other", "v": 42.0}, {"l": "Pigmeat", "v": 1133.0}, {"l": "Fish, Seafood", "v": 10516.0}, {"l": "Offals, Edible", "v": 259.0}, {"l": "Demersal Fish", "v": 960.0}, {"l": "Freshwater Fish", "v": 126.0}, {"l": "Milk - Excluding Butter", "v": 10574.0}, {"l": "Meat, Other", "v": 157.0}, {"l": "Cephalopods", "v": 14.0}, {"l": "Mutton & Goat Meat", "v": 422.0}, {"l": "Pelagic Fish", "v": 9123.0}, {"l": "Bovine Meat", "v": 1348.0}, {"l": "Molluscs, Other", "v": 127.0}, {"l": "Poultry Meat", "v": 273.0}]}, {"source": 17, "prod": 71.217343322028071, "target": 13, "value": 12644.0, "supply": [{"l": "Sugar", "v": 4905.0}, {"l": "Beverages, Alcoholic", "v": 147.0}, {"l": "Butter, Ghee", "v": 575.0}, {"l": "Fats, Animals, Raw", "v": 1165.0}, {"l": "Sunflowerseed Oil", "v": 485.0}, {"l": "Rape and Mustard Oil", "v": 86.0}, {"l": "Wine", "v": 1577.0}, {"l": "Sweeteners, Other", "v": 90.0}, {"l": "Fish, Body Oil", "v": 707.0}, {"l": "Honey", "v": 82.0}, {"l": "Palmkernel Oil", "v": 83.0}, {"l": "Cream", "v": 3.0}, {"l": "Alcohol, Non-Food", "v": 128.0}, {"l": "Oilcrops Oil, Other", "v": 489.0}, {"l": "Maize Germ Oil", "v": 11.0}, {"l": "Beer", "v": 606.0}, {"l": "Groundnut Oil", "v": 415.0}, {"l": "Soyabean Oil", "v": 139.0}, {"l": "Palm Oil", "v": 580.0}, {"l": "Coconut Oil", "v": 167.0}, {"l": "Olive Oil", "v": 130.0}, {"l": "Beverages, Fermented", "v": 15.0}, {"l": "Cottonseed Oil", "v": 47.0}, {"l": "Fish, Liver Oil", "v": 12.0}]}, {"source": 17, "prod": 132.72152576316691, "target": 3, "value": 42297.0, "supply": [{"l": "Maize", "v": 20063.0}, {"l": "Barley", "v": 5519.0}, {"l": "Cereals, Other", "v": 121.0}, {"l": "Sorghum", "v": 2064.0}, {"l": "Rye", "v": 479.0}, {"l": "Rice", "v": 686.0}, {"l": "Wheat", "v": 12244.0}, {"l": "Oats", "v": 899.0}, {"l": "Millet", "v": 222.0}]}, {"source": 17, "prod": 12.544793541702544, "target": 8, "value": 17794.0, "supply": [{"l": "Tomatoes", "v": 1318.0}, {"l": "Treenuts", "v": 376.0}, {"l": "Vegetables, Other", "v": 2246.0}, {"l": "Peas", "v": 302.0}, {"l": "Grapes", "v": 1509.0}, {"l": "Pulses, Other", "v": 224.0}, {"l": "Pineapples", "v": 195.0}, {"l": "Citrus, Other", "v": 45.0}, {"l": "Grapefruit", "v": 399.0}, {"l": "Fruits, Other", "v": 2434.0}, {"l": "Dates", "v": 59.0}, {"l": "Beans", "v": 313.0}, {"l": "Apples", "v": 1903.0}, {"l": "Lemons, Limes", "v": 445.0}, {"l": "Bananas", "v": 2203.0}, {"l": "Oranges, Mandarines", "v": 3243.0}, {"l": "Onions", "v": 580.0}]}, {"source": 17, "prod": 0.10111333314000001, "target": 5, "value": 87.0, "supply": [{"l": "Sugar beet", "v": 87.0}]}, {"source": 17, "prod": 37.428994494474168, "target": 4, "value": 10939.0, "supply": [{"l": "Sunflower seed", "v": 339.0}, {"l": "Coconuts - Incl Copra", "v": 3271.0}, {"l": "Sesame seed", "v": 53.0}, {"l": "Cottonseed", "v": 35.0}, {"l": "Olives", "v": 51.0}, {"l": "Groundnuts", "v": 1113.0}, {"l": "Oilcrops, Other", "v": 623.0}, {"l": "Soyabeans", "v": 4723.0}, {"l": "Rape and Mustardseed", "v": 409.0}, {"l": "Palm kernels", "v": 322.0}]}, {"source": 17, "prod": 4.6667199946203777, "target": 7, "value": 5989.0, "supply": [{"l": "Roots, Other", "v": 84.0}, {"l": "Potatoes", "v": 3153.0}, {"l": "Sweet potatoes", "v": 20.0}, {"l": "Cassava", "v": 2732.0}]}, {"source": 0, "prod": 12.750782123661129, "target": 18, "value": 3863.0, "supply": [{"l": "Beverages, Alcoholic", "v": 343.0}, {"l": "Butter, Ghee", "v": 369.0}, {"l": "Fats, Animals, Raw", "v": 693.0}, {"l": "Wine", "v": 1536.0}, {"l": "Fish, Body Oil", "v": 101.0}, {"l": "Cream", "v": 7.0}, {"l": "Alcohol, Non-Food", "v": 38.0}, {"l": "Beer", "v": 741.0}, {"l": "Beverages, Fermented", "v": 24.0}, {"l": "Fish, Liver Oil", "v": 11.0}]}, {"source": 2, "prod": 13.730726584968707, "target": 18, "value": 16141.0, "supply": [{"l": "Eggs", "v": 328.0}, {"l": "Pigmeat", "v": 1243.0}, {"l": "Offals, Edible", "v": 98.0}, {"l": "Milk - Excluding Butter", "v": 13345.0}, {"l": "Meat, Other", "v": 45.0}, {"l": "Mutton & Goat Meat", "v": 34.0}, {"l": "Bovine Meat", "v": 738.0}, {"l": "Poultry Meat", "v": 310.0}]}, {"source": 3, "prod": 54.40354097606226, "target": 18, "value": 18153.0, "supply": [{"l": "Maize", "v": 3902.0}, {"l": "Barley", "v": 4726.0}, {"l": "Cereals, Other", "v": 46.0}, {"l": "Sorghum", "v": 168.0}, {"l": "Rye", "v": 192.0}, {"l": "Rice", "v": 347.0}, {"l": "Wheat", "v": 8317.0}, {"l": "Oats", "v": 453.0}, {"l": "Millet", "v": 2.0}]}, {"source": 4, "prod": 1.9527561236290454, "target": 18, "value": 715.0, "supply": [{"l": "Sunflower seed", "v": 193.0}, {"l": "Coconuts - Incl Copra", "v": 15.0}, {"l": "Cottonseed", "v": 7.0}, {"l": "Olives", "v": 76.0}, {"l": "Groundnuts", "v": 16.0}, {"l": "Oilcrops, Other", "v": 64.0}, {"l": "Soyabeans", "v": 13.0}, {"l": "Rape and Mustardseed", "v": 331.0}]}, {"source": 5, "prod": 0.10459999980000001, "target": 18, "value": 90.0, "supply": [{"l": "Sugar beet", "v": 90.0}]}, {"source": 6, "prod": 9.7921105421744734, "target": 18, "value": 2403.0, "supply": [{"l": "Sugar", "v": 2204.0}, {"l": "Sweeteners, Other", "v": 179.0}, {"l": "Honey", "v": 20.0}]}, {"source": 7, "prod": 2.8085151330937643, "target": 18, "value": 3608.0, "supply": [{"l": "Roots, Other", "v": 3.0}, {"l": "Potatoes", "v": 3595.0}, {"l": "Sweet potatoes", "v": 4.0}, {"l": "Cassava", "v": 6.0}]}, {"source": 8, "prod": 7.4800937241567107, "target": 18, "value": 13156.0, "supply": [{"l": "Tomatoes", "v": 2403.0}, {"l": "Treenuts", "v": 317.0}, {"l": "Vegetables, Other", "v": 2718.0}, {"l": "Peas", "v": 174.0}, {"l": "Grapes", "v": 1023.0}, {"l": "Pulses, Other", "v": 116.0}, {"l": "Pineapples", "v": 4.0}, {"l": "Citrus, Other", "v": 3.0}, {"l": "Grapefruit", "v": 48.0}, {"l": "Fruits, Other", "v": 1912.0}, {"l": "Dates", "v": 10.0}, {"l": "Beans", "v": 80.0}, {"l": "Apples", "v": 1570.0}, {"l": "Lemons, Limes", "v": 486.0}, {"l": "Bananas", "v": 76.0}, {"l": "Oranges, Mandarines", "v": 1685.0}, {"l": "Onions", "v": 531.0}]}, {"source": 12, "prod": 1.9265625127717667, "target": 18, "value": 711.0, "supply": [{"l": "Nuts", "v": 318.0}, {"l": "Infant food", "v": 37.0}, {"l": "Pimento", "v": 13.0}, {"l": "Tea", "v": 40.0}, {"l": "Coffee", "v": 49.0}, {"l": "Cocoa Beans", "v": 240.0}, {"l": "Spices, Other", "v": 14.0}]}, {"source": 9, "prod": 3.7931938789749329, "target": 18, "value": 4718.0, "supply": [{"l": "Crustaceans", "v": 26.0}, {"l": "Marine Fish, Other", "v": 6.0}, {"l": "Fish, Seafood", "v": 2360.0}, {"l": "Demersal Fish", "v": 910.0}, {"l": "Freshwater Fish", "v": 31.0}, {"l": "Cephalopods", "v": 6.0}, {"l": "Pelagic Fish", "v": 1250.0}, {"l": "Molluscs, Other", "v": 129.0}]}, {"source": 10, "prod": 12.735852233653551, "target": 18, "value": 1240.0, "supply": [{"l": "Sunflowerseed Oil", "v": 232.0}, {"l": "Rape and Mustard Oil", "v": 173.0}, {"l": "Palmkernel Oil", "v": 49.0}, {"l": "Oilcrops Oil, Other", "v": 173.0}, {"l": "Maize Germ Oil", "v": 8.0}, {"l": "Groundnut Oil", "v": 76.0}, {"l": "Soyabean Oil", "v": 127.0}, {"l": "Palm Oil", "v": 182.0}, {"l": "Coconut Oil", "v": 57.0}, {"l": "Olive Oil", "v": 160.0}, {"l": "Cottonseed Oil", "v": 3.0}]}, {"source": 19, "prod": 0.11141764113617783, "target": 8, "value": 183.0, "supply": [{"l": "Grapes", "v": 19.0}, {"l": "Fruits, Other", "v": 164.0}]}, {"source": 10, "prod": 2.5850145365007968, "target": 20, "value": 250.0, "supply": [{"l": "Groundnut Oil", "v": 6.0}, {"l": "Soyabean Oil", "v": 28.0}, {"l": "Sunflowerseed Oil", "v": 51.0}, {"l": "Olive Oil", "v": 88.0}, {"l": "Rape and Mustard Oil", "v": 77.0}]}, {"source": 2, "prod": 0.17750449705274091, "target": 20, "value": 213.0, "supply": [{"l": "Milk - Excluding Butter", "v": 161.0}, {"l": "Poultry Meat", "v": 3.0}, {"l": "Bovine Meat", "v": 49.0}]}, {"source": 0, "prod": 1.2156764190126228, "target": 20, "value": 982.0, "supply": [{"l": "Beer", "v": 40.0}, {"l": "Beverages, Alcoholic", "v": 2.0}, {"l": "Butter, Ghee", "v": 32.0}, {"l": "Fats, Animals, Raw", "v": 27.0}, {"l": "Wine", "v": 870.0}, {"l": "Beverages, Fermented", "v": 10.0}, {"l": "Fish, Liver Oil", "v": 1.0}]}, {"source": 12, "prod": 0.10643443301905767, "target": 20, "value": 46.0, "supply": [{"l": "Nuts", "v": 15.0}, {"l": "Cocoa Beans", "v": 12.0}, {"l": "Coffee", "v": 4.0}, {"l": "Pimento", "v": 8.0}, {"l": "Tea", "v": 7.0}]}, {"source": 9, "prod": 0.0096441323060860243, "target": 20, "value": 10.0, "supply": [{"l": "Fish, Seafood", "v": 5.0}, {"l": "Pelagic Fish", "v": 5.0}]}, {"source": 19, "prod": 0.082517777619999996, "target": 5, "value": 71.0, "supply": [{"l": "Sugar beet", "v": 71.0}]}, {"source": 3, "prod": 18.751923451823956, "target": 20, "value": 6474.0, "supply": [{"l": "Rye", "v": 337.0}, {"l": "Barley", "v": 2324.0}, {"l": "Rice", "v": 121.0}, {"l": "Wheat", "v": 3676.0}, {"l": "Oats", "v": 16.0}]}, {"source": 8, "prod": 0.72994578289385093, "target": 20, "value": 851.0, "supply": [{"l": "Tomatoes", "v": 144.0}, {"l": "Treenuts", "v": 14.0}, {"l": "Vegetables, Other", "v": 126.0}, {"l": "Peas", "v": 59.0}, {"l": "Beans", "v": 4.0}, {"l": "Apples", "v": 466.0}, {"l": "Grapefruit", "v": 2.0}, {"l": "Onions", "v": 6.0}, {"l": "Pulses, Other", "v": 30.0}]}, {"source": 19, "prod": 0.040561360444411977, "target": 1, "value": 19.0, "supply": [{"l": "Eggs", "v": 10.0}, {"l": "Mutton & Goat Meat", "v": 4.0}, {"l": "Pigmeat", "v": 5.0}]}, {"source": 19, "prod": 0.87616316881174883, "target": 4, "value": 479.0, "supply": [{"l": "Sunflower seed", "v": 10.0}, {"l": "Coconuts - Incl Copra", "v": 447.0}, {"l": "Oilcrops, Other", "v": 8.0}, {"l": "Soyabeans", "v": 3.0}, {"l": "Palm kernels", "v": 11.0}]}, {"source": 4, "prod": 0.62454743683607883, "target": 20, "value": 332.0, "supply": [{"l": "Olives", "v": 42.0}, {"l": "Cottonseed", "v": 14.0}, {"l": "Groundnuts", "v": 20.0}, {"l": "Rape and Mustardseed", "v": 256.0}]}, {"source": 19, "prod": 1.0712021692631033, "target": 13, "value": 104.0, "supply": [{"l": "Palm Oil", "v": 28.0}, {"l": "Coconut Oil", "v": 16.0}, {"l": "Oilcrops Oil, Other", "v": 1.0}, {"l": "Sweeteners, Other", "v": 2.0}, {"l": "Fish, Body Oil", "v": 4.0}, {"l": "Cottonseed Oil", "v": 18.0}, {"l": "Palmkernel Oil", "v": 35.0}]}, {"source": 7, "prod": 3.9017439373749028, "target": 20, "value": 5015.0, "supply": [{"l": "Roots, Other", "v": 3.0}, {"l": "Potatoes", "v": 5012.0}]}, {"source": 6, "prod": 3.0245743692168752, "target": 20, "value": 741.0, "supply": [{"l": "Sugar", "v": 741.0}]}, {"source": 19, "prod": 2.0203511430293157, "target": 3, "value": 613.0, "supply": [{"l": "Maize", "v": 413.0}, {"l": "Cereals, Other", "v": 64.0}, {"l": "Sorghum", "v": 136.0}]}, {"source": 21, "prod": 489.48641549220372, "target": 3, "value": 168473.0, "supply": [{"l": "Maize", "v": 23084.0}, {"l": "Barley", "v": 42605.0}, {"l": "Cereals, Other", "v": 4127.0}, {"l": "Sorghum", "v": 273.0}, {"l": "Rye", "v": 15292.0}, {"l": "Rice", "v": 1091.0}, {"l": "Wheat", "v": 64973.0}, {"l": "Oats", "v": 16972.0}, {"l": "Millet", "v": 56.0}]}, {"source": 21, "prod": 18.950344047654418, "target": 4, "value": 10186.0, "supply": [{"l": "Sunflower seed", "v": 1330.0}, {"l": "Sesame seed", "v": 9.0}, {"l": "Cottonseed", "v": 346.0}, {"l": "Olives", "v": 5781.0}, {"l": "Groundnuts", "v": 15.0}, {"l": "Rape and Mustardseed", "v": 1870.0}, {"l": "Oilcrops, Other", "v": 628.0}, {"l": "Soyabeans", "v": 42.0}, {"l": "Oil Palm", "v": 164.99999999999974}]}, {"source": 21, "prod": 116.88722318407756, "target": 5, "value": 100895.0, "supply": [{"l": "Sugar cane", "v": 477.0}, {"l": "Sugar beet", "v": 100418.0}]}, {"source": 21, "prod": 103.18235238616614, "target": 7, "value": 132551.0, "supply": [{"l": "Roots, Other", "v": 25.0}, {"l": "Yams", "v": 3.0}, {"l": "Potatoes", "v": 132368.0}, {"l": "Sweet potatoes", "v": 155.0}]}, {"source": 21, "prod": 72.719187760737341, "target": 8, "value": 117863.0, "supply": [{"l": "Tomatoes", "v": 9420.0}, {"l": "Treenuts", "v": 1199.0}, {"l": "Vegetables, Other", "v": 38785.0}, {"l": "Peas", "v": 746.0}, {"l": "Grapes", "v": 31729.0}, {"l": "Pulses, Other", "v": 2117.0}, {"l": "Pineapples", "v": 4.0}, {"l": "Citrus, Other", "v": 47.0}, {"l": "Grapefruit", "v": 49.0}, {"l": "Fruits, Other", "v": 11523.0}, {"l": "Dates", "v": 15.0}, {"l": "Beans", "v": 731.0}, {"l": "Apples", "v": 12885.0}, {"l": "Lemons, Limes", "v": 944.0}, {"l": "Bananas", "v": 411.0}, {"l": "Oranges, Mandarines", "v": 4033.0}, {"l": "Onions", "v": 3225.0}]}, {"source": 21, "prod": 3.4112174171170517, "target": 12, "value": 1310.0, "supply": [{"l": "Nuts", "v": 1199.0}, {"l": "Pimento", "v": 99.0}, {"l": "Spices, Other", "v": 12.0}]}, {"source": 1, "prod": 31.042357829599002, "target": 9, "value": 36599.0, "supply": [{"l": "Pelagic Fish", "v": 11318.0}, {"l": "Crustaceans", "v": 257.0}, {"l": "Freshwater Fish", "v": 384.0}, {"l": "Molluscs, Other", "v": 538.0}, {"l": "Aquatic Animals, Others", "v": 4.0}, {"l": "Aquatic Plants", "v": 251.0}, {"l": "Demersal Fish", "v": 4922.0}, {"l": "Aquatic Products, Other", "v": 255.0}, {"l": "Fish, Seafood", "v": 18050.0}, {"l": "Marine Fish, Other", "v": 500.0}, {"l": "Cephalopods", "v": 120.0}]}, {"source": 1, "prod": 152.25008716984567, "target": 2, "value": 175440.0, "supply": [{"l": "Poultry Meat", "v": 3398.0}, {"l": "Pigmeat", "v": 12258.0}, {"l": "Bovine Meat", "v": 9008.0}, {"l": "Eggs", "v": 5233.0}, {"l": "Milk - Excluding Butter", "v": 141448.0}, {"l": "Offals, Edible", "v": 1956.0}, {"l": "Meat, Other", "v": 1012.0}, {"l": "Mutton & Goat Meat", "v": 1348.0}]}, {"source": 13, "prod": 111.06187064253858, "target": 0, "value": 59420.0, "supply": [{"l": "Fats, Animals, Raw", "v": 4374.0}, {"l": "Alcohol, Non-Food", "v": 1147.0}, {"l": "Beverages, Fermented", "v": 1257.0}, {"l": "Fish, Body Oil", "v": 814.0}, {"l": "Beer", "v": 24403.0}, {"l": "Beverages, Alcoholic", "v": 2518.0}, {"l": "Fish, Liver Oil", "v": 43.0}, {"l": "Cream", "v": 760.0}, {"l": "Butter, Ghee", "v": 2853.0}, {"l": "Wine", "v": 21251.0}]}, {"source": 13, "prod": 78.980377993237454, "target": 10, "value": 7662.0, "supply": [{"l": "Olive Oil", "v": 1328.0}, {"l": "Sesameseed Oil", "v": 26.0}, {"l": "Soyabean Oil", "v": 962.0}, {"l": "Coconut Oil", "v": 683.0}, {"l": "Cottonseed Oil", "v": 113.0}, {"l": "Rape and Mustard Oil", "v": 691.0}, {"l": "Maize Germ Oil", "v": 81.0}, {"l": "Groundnut Oil", "v": 816.0}, {"l": "Palm Oil", "v": 616.0}, {"l": "Palmkernel Oil", "v": 272.0}, {"l": "Oilcrops Oil, Other", "v": 1027.0}, {"l": "Sunflowerseed Oil", "v": 1047.0}]}, {"source": 13, "prod": 78.562196760041886, "target": 6, "value": 19284.0, "supply": [{"l": "Honey", "v": 184.0}, {"l": "Sweeteners, Other", "v": 974.0}, {"l": "Sugar", "v": 18126.0}]}]}