{"nodes": [{"name": "Balance", "fill": "#9edae5"}, {"name": "Food", "fill": "#b5cf6b"}, {"name": "Stock Deposit", "fill": "#c7c7c7"}, {"name": "Export", "fill": "#aec7e8"}, {"name": "Biofuels & Other", "fill": "#e7ba52"}, {"name": "Crop Residue", "fill": "#bd9e39"}, {"name": "Renewables & Nuclear", "fill": "#2ca02c"}, {"name": "Fossil Fuels", "fill": "#c49c94"}, {"name": "Stock Draw", "fill": "#c7c7c7"}, {"name": "Labor", "fill": "#7f7f7f"}], "links": [{"source": 0, "target": 1, "value": 12.194474208446978}, {"source": 0, "target": 2, "value": 0.80478437873045428}, {"source": 0, "target": 3, "value": 5.5695124862768468}, {"source": 0, "target": 4, "value": 0.35346253306127007}, {"source": 0, "target": 5, "value": 22.838432628362945}, {"source": 6, "target": 0, "value": 1.1011252028763907}, {"source": 7, "target": 0, "value": 9.7930387338886096}, {"source": 8, "target": 0, "value": 0.0038300902182406022}, {"source": 9, "target": 0, "value": 1.1051362931185125}]}