{"nodes": [{"layer": 13, "name": "Milk - Excluding Butter"}, {"layer": 10, "name": "Feed", "fill": "#dbdb8d"}, {"layer": 13, "name": "Meat"}, {"layer": 5, "name": "Sugar Crops", "fill": "#ffbb78"}, {"layer": 5, "name": "Starchy Roots"}, {"layer": 13, "name": "Fish, Seafood"}, {"layer": 5, "name": "Cereals - Excluding Beer"}, {"layer": 5, "name": "Oilcrops", "fill": "#ff9896"}, {"layer": 16, "name": "Food", "fill": "#b5cf6b"}, {"layer": 5, "name": "Treenuts"}, {"layer": 5, "name": "Vegetables"}, {"layer": 5, "name": "Others"}, {"layer": 13, "name": "Alcoholic Beverages"}, {"layer": 13, "name": "Animal Fats"}, {"layer": 5, "name": "Pulses"}, {"layer": 13, "name": "Aquatic Products, Other"}, {"layer": 13, "name": "Sugar & Sweeteners"}, {"layer": 13, "name": "Vegetable Oils", "fill": "#f7b6d2"}, {"layer": 5, "name": "Spices"}, {"layer": 5, "name": "Stimulants"}, {"layer": 13, "name": "Eggs"}, {"layer": 5, "name": "Fruits - Excluding Wine"}, {"layer": 10, "name": "Processing", "fill": "#9edae5"}, {"layer": 16, "name": "Biofuels & Other", "fill": "#e7ba52"}, {"name": "Seed", "fill": "#dbdb8d"}, {"name": "Waste", "fill": "#c7c7c7"}, {"layer": 0, "name": "Import", "fill": "#aec7e8"}, {"layer": 16, "name": "Export", "fill": "#aec7e8"}, {"layer": 16, "name": "Stock Deposit", "fill": "#c7c7c7"}, {"layer": 0, "name": "Stock Draw", "fill": "#c7c7c7"}, {"layer": 0, "name": "Production", "fill": "#b5cf6b"}], "links": [{"source": 0, "prod": 0.011360042262801785, "target": 1, "value": 11.0, "supply": [{"l": "Milk - Excluding Butter", "v": 11.0}]}, {"source": 2, "prod": 0.0043169660934406781, "target": 1, "value": 3.0, "supply": [{"l": "Offals, Edible", "v": 3.0}]}, {"source": 3, "prod": 0.046342445470130375, "target": 1, "value": 127.0, "supply": [{"l": "Sugar cane", "v": 127.0}]}, {"source": 4, "prod": 0.033619337199579505, "target": 1, "value": 30.0, "supply": [{"l": "Potatoes", "v": 2.0}, {"l": "Sweet potatoes", "v": 10.0}, {"l": "Cassava", "v": 18.0}]}, {"source": 5, "prod": 0.42711124612269646, "target": 1, "value": 486.0, "supply": [{"l": "Pelagic Fish", "v": 243.0}, {"l": "Fish, Seafood", "v": 243.0}]}, {"source": 6, "prod": 2.4415985216097309, "target": 1, "value": 734.0, "supply": [{"l": "Maize", "v": 681.0}, {"l": "Rice", "v": 40.0}, {"l": "Wheat", "v": 2.0}, {"l": "Millet", "v": 1.0}, {"l": "Barley", "v": 1.0}, {"l": "Sorghum", "v": 9.0}]}, {"source": 7, "prod": 0.057610940366035729, "target": 1, "value": 19.0, "supply": [{"l": "Oilcrops, Other", "v": 19.0}]}, {"source": 0, "prod": 0.63203144225769925, "target": 8, "value": 612.0, "supply": [{"l": "Milk - Excluding Butter", "v": 612.0}]}, {"source": 2, "prod": 0.96075640803732854, "target": 8, "value": 359.0, "supply": [{"l": "Mutton & Goat Meat", "v": 4.0}, {"l": "Pigmeat", "v": 145.0}, {"l": "Meat, Other", "v": 6.0}, {"l": "Poultry Meat", "v": 146.0}, {"l": "Offals, Edible", "v": 25.0}, {"l": "Bovine Meat", "v": 33.0}]}, {"source": 9, "prod": 0.0060643095122142861, "target": 8, "value": 3.0, "supply": [{"l": "Treenuts", "v": 3.0}]}, {"source": 10, "prod": 0.10798459758538448, "target": 8, "value": 339.0, "supply": [{"l": "Tomatoes", "v": 14.0}, {"l": "Vegetables, Other", "v": 271.0}, {"l": "Onions", "v": 54.0}]}, {"source": 11, "prod": 0.0057886590798409097, "target": 8, "value": 3.0, "supply": [{"l": "Nuts", "v": 3.0}]}, {"source": 3, "prod": 0.018245057271704872, "target": 8, "value": 50.0, "supply": [{"l": "Sugar cane", "v": 50.0}]}, {"source": 12, "prod": 0.067922841729055369, "target": 8, "value": 117.0, "supply": [{"l": "Beer", "v": 110.0}, {"l": "Beverages, Alcoholic", "v": 6.0}, {"l": "Wine", "v": 1.0}]}, {"source": 13, "prod": 0.2164788889030535, "target": 8, "value": 24.0, "supply": [{"l": "Fats, Animals, Raw", "v": 14.0}, {"l": "Butter, Ghee", "v": 10.0}]}, {"source": 4, "prod": 0.37921125637160136, "target": 8, "value": 340.0, "supply": [{"l": "Roots, Other", "v": 7.0}, {"l": "Potatoes", "v": 37.0}, {"l": "Sweet potatoes", "v": 11.0}, {"l": "Cassava", "v": 285.0}]}, {"source": 14, "prod": 0.13958161415296599, "target": 8, "value": 35.0, "supply": [{"l": "Peas", "v": 6.0}, {"l": "Beans", "v": 20.0}, {"l": "Pulses, Other", "v": 9.0}]}, {"source": 15, "prod": 0.0069733333200000004, "target": 8, "value": 6.0, "supply": [{"l": "Aquatic Products, Other", "v": 3.0}, {"l": "Aquatic Animals, Others", "v": 3.0}]}, {"source": 5, "prod": 0.89238774836786494, "target": 8, "value": 1204.0, "supply": [{"l": "Freshwater Fish", "v": 19.0}, {"l": "Crustaceans", "v": 40.0}, {"l": "Marine Fish, Other", "v": 168.0}, {"l": "Demersal Fish", "v": 89.0}, {"l": "Fish, Seafood", "v": 602.0}, {"l": "Pelagic Fish", "v": 221.0}, {"l": "Cephalopods", "v": 17.0}, {"l": "Molluscs, Other", "v": 48.0}]}, {"source": 16, "prod": 1.7875307421577842, "target": 8, "value": 455.0, "supply": [{"l": "Sugar", "v": 444.0}, {"l": "Sweeteners, Other", "v": 11.0}]}, {"source": 6, "prod": 8.0546432225604718, "target": 8, "value": 2090.0, "supply": [{"l": "Maize", "v": 26.0}, {"l": "Barley", "v": 12.0}, {"l": "Rice", "v": 1550.0}, {"l": "Cereals, Other", "v": 30.0}, {"l": "Wheat", "v": 469.0}, {"l": "Oats", "v": 3.0}]}, {"source": 17, "prod": 2.3528189600564371, "target": 8, "value": 231.0, "supply": [{"l": "Groundnut Oil", "v": 2.0}, {"l": "Soyabean Oil", "v": 13.0}, {"l": "Palm Oil", "v": 184.0}, {"l": "Sunflowerseed Oil", "v": 1.0}, {"l": "Coconut Oil", "v": 15.0}, {"l": "Sesameseed Oil", "v": 2.0}, {"l": "Oilcrops Oil, Other", "v": 3.0}, {"l": "Palmkernel Oil", "v": 11.0}]}, {"source": 18, "prod": 0.1059698965797955, "target": 8, "value": 28.0, "supply": [{"l": "Pimento", "v": 10.0}, {"l": "Spices, Other", "v": 18.0}]}, {"source": 19, "prod": 0.01708217560822228, "target": 8, "value": 26.0, "supply": [{"l": "Cocoa Beans", "v": 2.0}, {"l": "Coffee", "v": 16.0}, {"l": "Tea", "v": 8.0}]}, {"source": 20, "prod": 0.21056630250744054, "target": 8, "value": 125.0, "supply": [{"l": "Eggs", "v": 125.0}]}, {"source": 21, "prod": 0.47554816282360074, "target": 8, "value": 767.0, "supply": [{"l": "Citrus, Other", "v": 3.0}, {"l": "Grapes", "v": 7.0}, {"l": "Dates", "v": 4.0}, {"l": "Apples", "v": 23.0}, {"l": "Lemons, Limes", "v": 3.0}, {"l": "Pineapples", "v": 114.0}, {"l": "Bananas", "v": 340.0}, {"l": "Fruits, Other", "v": 231.0}, {"l": "Grapefruit", "v": 3.0}, {"l": "Oranges, Mandarines", "v": 39.0}]}, {"source": 7, "prod": 0.55485260444951867, "target": 8, "value": 244.0, "supply": [{"l": "Coconuts - Incl Copra", "v": 214.0}, {"l": "Groundnuts", "v": 27.0}, {"l": "Oilcrops, Other", "v": 2.0}, {"l": "Soyabeans", "v": 1.0}]}, {"source": 4, "prod": 0.0032159217110227277, "target": 22, "value": 4.0, "supply": [{"l": "Potatoes", "v": 4.0}]}, {"source": 6, "prod": 0.10393277032504145, "target": 22, "value": 39.0, "supply": [{"l": "Wheat", "v": 14.0}, {"l": "Barley", "v": 25.0}]}, {"source": 3, "prod": 0.17880156126270774, "target": 22, "value": 490.0, "supply": [{"l": "Sugar cane", "v": 490.0}]}, {"source": 7, "prod": 62.440754865504665, "target": 22, "value": 15360.764434180141, "supply": [{"l": "Sunflower seed", "v": 2.0}, {"l": "Coconuts - Incl Copra", "v": 746.0}, {"l": "Soyabeans", "v": 180.0}, {"l": "Palm kernels", "v": 595.0}, {"l": "Oilcrops, Other", "v": 102.0}, {"l": "Sesame seed", "v": 2.0}, {"l": "Oil Palm", "v": 13733.764434180141}]}, {"source": 4, "prod": 0.038794676879531108, "target": 23, "value": 34.0, "supply": [{"l": "Cassava", "v": 34.0}]}, {"source": 7, "prod": 0.22165292552667576, "target": 23, "value": 127.0, "supply": [{"l": "Coconuts - Incl Copra", "v": 127.0}]}, {"source": 13, "prod": 0.008401595470046876, "target": 23, "value": 1.0, "supply": [{"l": "Fats, Animals, Raw", "v": 1.0}]}, {"source": 0, "prod": 0.012392773377601947, "target": 23, "value": 12.0, "supply": [{"l": "Milk - Excluding Butter", "v": 12.0}]}, {"source": 5, "prod": 0.038880466600107785, "target": 23, "value": 54.0, "supply": [{"l": "Marine Fish, Other", "v": 27.0}, {"l": "Fish, Seafood", "v": 27.0}]}, {"source": 12, "prod": 0.0031603331622904666, "target": 23, "value": 3.0, "supply": [{"l": "Alcohol, Non-Food", "v": 2.0}, {"l": "Beer", "v": 1.0}]}, {"source": 16, "prod": 0.0027565043237337667, "target": 23, "value": 1.0, "supply": [{"l": "Sweeteners, Other", "v": 1.0}]}, {"source": 17, "prod": 0.92530733845199287, "target": 23, "value": 91.0, "supply": [{"l": "Palm Oil", "v": 89.0}, {"l": "Oilcrops Oil, Other", "v": 2.0}]}, {"source": 6, "prod": 0.0082787920929643256, "target": 23, "value": 2.0, "supply": [{"l": "Rice", "v": 2.0}]}, {"source": 21, "prod": 0.00052118068244935548, "target": 23, "value": 1.0, "supply": [{"l": "Fruits, Other", "v": 1.0}]}, {"source": 2, "prod": 0.0082507612411078721, "target": 23, "value": 5.0, "supply": [{"l": "Poultry Meat", "v": 5.0}]}, {"source": 4, "prod": 0.0022946035992162162, "target": 24, "value": 2.0, "supply": [{"l": "Sweet potatoes", "v": 2.0}]}, {"source": 6, "prod": 0.053812148604268112, "target": 24, "value": 13.0, "supply": [{"l": "Rice", "v": 13.0}]}, {"source": 20, "prod": 0.013476243360476193, "target": 20, "value": 8.0, "supply": [{"l": "Eggs", "v": 8.0}]}, {"source": 0, "prod": 0.0020654622296003245, "target": 25, "value": 2.0, "supply": [{"l": "Milk - Excluding Butter", "v": 2.0}]}, {"source": 7, "prod": 0.041887167028663137, "target": 25, "value": 24.0, "supply": [{"l": "Coconuts - Incl Copra", "v": 24.0}]}, {"source": 10, "prod": 0.0082090695637744432, "target": 25, "value": 28.0, "supply": [{"l": "Vegetables, Other", "v": 27.0}, {"l": "Tomatoes", "v": 1.0}]}, {"source": 4, "prod": 0.027309688577046676, "target": 25, "value": 23.0, "supply": [{"l": "Roots, Other", "v": 2.0}, {"l": "Sweet potatoes", "v": 3.0}, {"l": "Cassava", "v": 18.0}]}, {"source": 21, "prod": 0.07803008402290991, "target": 25, "value": 114.0, "supply": [{"l": "Bananas", "v": 92.0}, {"l": "Fruits, Other", "v": 21.0}, {"l": "Oranges, Mandarines", "v": 1.0}]}, {"source": 6, "prod": 0.28706305893823125, "target": 25, "value": 77.0, "supply": [{"l": "Maize", "v": 37.0}, {"l": "Rice", "v": 40.0}]}, {"source": 17, "prod": 0.16339379393679815, "target": 25, "value": 16.0, "supply": [{"l": "Palm Oil", "v": 14.0}, {"l": "Palmkernel Oil", "v": 2.0}]}, {"source": 20, "prod": 0.0084226521002976201, "target": 25, "value": 5.0, "supply": [{"l": "Eggs", "v": 5.0}]}, {"source": 26, "prod": 0.0096477651330681823, "target": 11, "value": 5.0, "supply": [{"l": "Nuts", "v": 5.0}]}, {"source": 26, "prod": 1.2155527860668374, "target": 1, "value": 1284.0, "supply": [{"l": "Pigmeat", "v": 1.0}, {"l": "Meat, Other", "v": 7.0}, {"l": "Crustaceans", "v": 33.0}, {"l": "Eggs", "v": 2.0}, {"l": "Aquatic Products, Other", "v": 1.0}, {"l": "Marine Fish, Other", "v": 19.0}, {"l": "Mutton & Goat Meat", "v": 3.0}, {"l": "Milk - Excluding Butter", "v": 640.0}, {"l": "Pelagic Fish", "v": 214.0}, {"l": "Fish, Seafood", "v": 303.0}, {"l": "Cephalopods", "v": 1.0}, {"l": "Molluscs, Other", "v": 35.0}, {"l": "Aquatic Animals, Others", "v": 1.0}, {"l": "Poultry Meat", "v": 5.0}, {"l": "Offals, Edible", "v": 3.0}, {"l": "Demersal Fish", "v": 1.0}, {"l": "Bovine Meat", "v": 15.0}]}, {"source": 26, "prod": 5.670100011790927, "target": 6, "value": 1702.0, "supply": [{"l": "Maize", "v": 736.0}, {"l": "Barley", "v": 69.0}, {"l": "Rice", "v": 328.0}, {"l": "Cereals, Other", "v": 30.0}, {"l": "Wheat", "v": 524.0}, {"l": "Oats", "v": 5.0}, {"l": "Sorghum", "v": 9.0}, {"l": "Millet", "v": 1.0}]}, {"source": 26, "prod": 0.17114164745948962, "target": 14, "value": 43.0, "supply": [{"l": "Peas", "v": 6.0}, {"l": "Beans", "v": 25.0}, {"l": "Pulses, Other", "v": 12.0}]}, {"source": 26, "prod": 2.1393067921424955, "target": 22, "value": 504.0, "supply": [{"l": "Sugar", "v": 457.0}, {"l": "Beer", "v": 3.0}, {"l": "Groundnut Oil", "v": 2.0}, {"l": "Beverages, Alcoholic", "v": 6.0}, {"l": "Fats, Animals, Raw", "v": 2.0}, {"l": "Soyabean Oil", "v": 3.0}, {"l": "Butter, Ghee", "v": 10.0}, {"l": "Palm Oil", "v": 5.0}, {"l": "Coconut Oil", "v": 1.0}, {"l": "Oilcrops Oil, Other", "v": 5.0}, {"l": "Wine", "v": 1.0}, {"l": "Sweeteners, Other", "v": 7.0}, {"l": "Sesameseed Oil", "v": 1.0}, {"l": "Palmkernel Oil", "v": 1.0}]}, {"source": 26, "prod": 0.010107182520357146, "target": 9, "value": 5.0, "supply": [{"l": "Treenuts", "v": 5.0}]}, {"source": 26, "prod": 0.055216008339521061, "target": 10, "value": 154.0, "supply": [{"l": "Tomatoes", "v": 8.0}, {"l": "Vegetables, Other", "v": 83.0}, {"l": "Onions", "v": 63.0}]}, {"source": 26, "prod": 0.012072746813872477, "target": 19, "value": 16.0, "supply": [{"l": "Cocoa Beans", "v": 2.0}, {"l": "Coffee", "v": 9.0}, {"l": "Tea", "v": 5.0}]}, {"source": 26, "prod": 0.059215480430186582, "target": 21, "value": 112.0, "supply": [{"l": "Citrus, Other", "v": 1.0}, {"l": "Grapes", "v": 7.0}, {"l": "Dates", "v": 4.0}, {"l": "Apples", "v": 23.0}, {"l": "Fruits, Other", "v": 47.0}, {"l": "Oranges, Mandarines", "v": 30.0}]}, {"source": 26, "prod": 1.0504770950077218, "target": 7, "value": 324.0, "supply": [{"l": "Sunflower seed", "v": 2.0}, {"l": "Coconuts - Incl Copra", "v": 98.0}, {"l": "Sesame seed", "v": 2.0}, {"l": "Groundnuts", "v": 5.0}, {"l": "Oilcrops, Other", "v": 20.0}, {"l": "Soyabeans", "v": 191.0}, {"l": "Palm kernels", "v": 6.0}]}, {"source": 26, "prod": 0.13526172863592578, "target": 18, "value": 36.0, "supply": [{"l": "Pimento", "v": 15.0}, {"l": "Spices, Other", "v": 21.0}]}, {"source": 26, "prod": 0.076695260103260721, "target": 4, "value": 79.0, "supply": [{"l": "Roots, Other", "v": 2.0}, {"l": "Potatoes", "v": 43.0}, {"l": "Cassava", "v": 34.0}]}, {"source": 0, "prod": 0.043374706821606816, "target": 27, "value": 42.0, "supply": [{"l": "Milk - Excluding Butter", "v": 42.0}]}, {"source": 2, "prod": 0.0028300111056999999, "target": 27, "value": 1.0, "supply": [{"l": "Meat, Other", "v": 1.0}]}, {"source": 9, "prod": 0.010107182520357146, "target": 27, "value": 5.0, "supply": [{"l": "Treenuts", "v": 5.0}]}, {"source": 14, "prod": 0.023474287290237927, "target": 27, "value": 6.0, "supply": [{"l": "Beans", "v": 5.0}, {"l": "Pulses, Other", "v": 1.0}]}, {"source": 10, "prod": 0.032591019970625371, "target": 27, "value": 105.0, "supply": [{"l": "Tomatoes", "v": 7.0}, {"l": "Vegetables, Other", "v": 89.0}, {"l": "Onions", "v": 9.0}]}, {"source": 11, "prod": 0.010809987353068182, "target": 27, "value": 6.0, "supply": [{"l": "Infant food", "v": 1.0}, {"l": "Nuts", "v": 5.0}]}, {"source": 3, "prod": 0.0051086160360773649, "target": 27, "value": 14.0, "supply": [{"l": "Sugar cane", "v": 14.0}]}, {"source": 4, "prod": 0.1732063248915936, "target": 27, "value": 116.0, "supply": [{"l": "Roots, Other", "v": 78.0}, {"l": "Cassava", "v": 38.0}]}, {"source": 5, "prod": 0.30238308418370863, "target": 27, "value": 470.0, "supply": [{"l": "Crustaceans", "v": 99.0}, {"l": "Marine Fish, Other", "v": 20.0}, {"l": "Pelagic Fish", "v": 57.0}, {"l": "Fish, Seafood", "v": 235.0}, {"l": "Molluscs, Other", "v": 59.0}]}, {"source": 16, "prod": 0.25640207599988146, "target": 27, "value": 66.0, "supply": [{"l": "Sugar", "v": 62.0}, {"l": "Sweeteners, Other", "v": 4.0}]}, {"source": 12, "prod": 0.0049170077126061773, "target": 27, "value": 10.0, "supply": [{"l": "Beer", "v": 10.0}]}, {"source": 6, "prod": 0.12953741044704692, "target": 27, "value": 43.0, "supply": [{"l": "Maize", "v": 1.0}, {"l": "Rice", "v": 1.0}, {"l": "Wheat", "v": 39.0}, {"l": "Oats", "v": 2.0}]}, {"source": 17, "prod": 30.526770438510415, "target": 27, "value": 3004.0, "supply": [{"l": "Soyabean Oil", "v": 22.0}, {"l": "Palm Oil", "v": 2577.0}, {"l": "Coconut Oil", "v": 64.0}, {"l": "Oilcrops Oil, Other", "v": 99.0}, {"l": "Palmkernel Oil", "v": 242.0}]}, {"source": 18, "prod": 0.062536478518351715, "target": 27, "value": 37.0, "supply": [{"l": "Pepper", "v": 29.0}, {"l": "Pimento", "v": 6.0}, {"l": "Spices, Other", "v": 2.0}]}, {"source": 19, "prod": 0.11195921128690353, "target": 27, "value": 50.0, "supply": [{"l": "Cocoa Beans", "v": 47.0}, {"l": "Coffee", "v": 3.0}]}, {"source": 21, "prod": 0.079038925582937222, "target": 27, "value": 133.0, "supply": [{"l": "Fruits, Other", "v": 29.0}, {"l": "Lemons, Limes", "v": 1.0}, {"l": "Pineapples", "v": 73.0}, {"l": "Bananas", "v": 28.0}, {"l": "Oranges, Mandarines", "v": 2.0}]}, {"source": 7, "prod": 0.43552438791782555, "target": 27, "value": 234.0, "supply": [{"l": "Coconuts - Incl Copra", "v": 222.0}, {"l": "Groundnuts", "v": 1.0}, {"l": "Oilcrops, Other", "v": 2.0}, {"l": "Soyabeans", "v": 9.0}]}, {"source": 18, "prod": 0.0078977054112558138, "target": 28, "value": 2.0, "supply": [{"l": "Spices, Other", "v": 2.0}]}, {"source": 29, "prod": 0.0087264931309714872, "target": 7, "value": 5.0, "supply": [{"l": "Coconuts - Incl Copra", "v": 5.0}]}, {"source": 14, "prod": 0.0080857460162857137, "target": 28, "value": 2.0, "supply": [{"l": "Pulses, Other", "v": 2.0}]}, {"source": 6, "prod": 0.19655150651952341, "target": 28, "value": 60.0, "supply": [{"l": "Barley", "v": 31.0}, {"l": "Rice", "v": 29.0}]}, {"source": 29, "prod": 0.0023244444400000001, "target": 11, "value": 2.0, "supply": [{"l": "Infant food", "v": 2.0}]}, {"source": 29, "prod": 0.97468092124550842, "target": 22, "value": 102.0, "supply": [{"l": "Palm Oil", "v": 38.0}, {"l": "Palmkernel Oil", "v": 11.0}, {"l": "Oilcrops Oil, Other", "v": 53.0}]}, {"source": 19, "prod": 0.0047166851761666672, "target": 28, "value": 2.0, "supply": [{"l": "Cocoa Beans", "v": 2.0}]}, {"source": 30, "prod": 62.703386961661323, "target": 7, "value": 15681.764434180141, "supply": [{"l": "Coconuts - Incl Copra", "v": 1230.0}, {"l": "Oilcrops, Other", "v": 105.0}, {"l": "Groundnuts", "v": 24.0}, {"l": "Palm kernels", "v": 589.0}, {"l": "Oil Palm", "v": 13733.764434180141}]}, {"source": 30, "prod": 0.0080857460162857154, "target": 9, "value": 4.0, "supply": [{"l": "Treenuts", "v": 4.0}]}, {"source": 30, "prod": 0.094273482493672095, "target": 10, "value": 320.0, "supply": [{"l": "Tomatoes", "v": 15.0}, {"l": "Vegetables, Other", "v": 305.0}]}, {"source": 30, "prod": 0.24813277889518623, "target": 3, "value": 680.0, "supply": [{"l": "Sugar cane", "v": 680.0}]}, {"source": 30, "prod": 0.58209756903455201, "target": 4, "value": 471.0, "supply": [{"l": "Roots, Other", "v": 85.0}, {"l": "Sweet potatoes", "v": 26.0}, {"l": "Cassava", "v": 360.0}]}, {"source": 30, "prod": 0.007718212106454546, "target": 11, "value": 4.0, "supply": [{"l": "Nuts", "v": 4.0}]}, {"source": 30, "prod": 5.6020339810069206, "target": 6, "value": 1355.0, "supply": [{"l": "Maize", "v": 8.0}, {"l": "Rice", "v": 1347.0}]}, {"source": 30, "prod": 0.048580259366954447, "target": 18, "value": 33.0, "supply": [{"l": "Pepper", "v": 29.0}, {"l": "Pimento", "v": 2.0}, {"l": "Spices, Other", "v": 2.0}]}, {"source": 30, "prod": 0.12168532525742001, "target": 19, "value": 62.0, "supply": [{"l": "Cocoa Beans", "v": 49.0}, {"l": "Coffee", "v": 10.0}, {"l": "Tea", "v": 3.0}]}, {"source": 30, "prod": 0.57419152496512049, "target": 21, "value": 903.0, "supply": [{"l": "Fruits, Other", "v": 235.0}, {"l": "Citrus, Other", "v": 3.0}, {"l": "Grapefruit", "v": 3.0}, {"l": "Lemons, Limes", "v": 4.0}, {"l": "Pineapples", "v": 187.0}, {"l": "Bananas", "v": 460.0}, {"l": "Oranges, Mandarines", "v": 11.0}]}, {"source": 1, "prod": 0.70122442694931009, "target": 0, "value": 679.0, "supply": [{"l": "Milk - Excluding Butter", "v": 679.0}]}, {"source": 1, "prod": 0.21898895460773815, "target": 20, "value": 130.0, "supply": [{"l": "Eggs", "v": 138.0}]}, {"source": 1, "prod": 0.97615414647757714, "target": 2, "value": 368.0, "supply": [{"l": "Pigmeat", "v": 145.0}, {"l": "Bovine Meat", "v": 33.0}, {"l": "Poultry Meat", "v": 151.0}, {"l": "Offals, Edible", "v": 28.0}, {"l": "Meat, Other", "v": 7.0}, {"l": "Mutton & Goat Meat", "v": 4.0}]}, {"source": 1, "prod": 1.6607625452743777, "target": 5, "value": 2214.0, "supply": [{"l": "Pelagic Fish", "v": 521.0}, {"l": "Crustaceans", "v": 139.0}, {"l": "Freshwater Fish", "v": 19.0}, {"l": "Molluscs, Other", "v": 107.0}, {"l": "Demersal Fish", "v": 89.0}, {"l": "Fish, Seafood", "v": 1107.0}, {"l": "Marine Fish, Other", "v": 215.0}, {"l": "Cephalopods", "v": 17.0}]}, {"source": 1, "prod": 0.0069733333200000004, "target": 15, "value": 6.0, "supply": [{"l": "Aquatic Products, Other", "v": 3.0}, {"l": "Aquatic Animals, Others", "v": 3.0}]}, {"source": 22, "prod": 2.0466893224813996, "target": 16, "value": 522.0, "supply": [{"l": "Sweeteners, Other", "v": 16.0}, {"l": "Sugar", "v": 506.0}]}, {"source": 22, "prod": 33.968290530955642, "target": 17, "value": 3342.0, "supply": [{"l": "Sesameseed Oil", "v": 2.0}, {"l": "Soyabean Oil", "v": 35.0}, {"l": "Coconut Oil", "v": 79.0}, {"l": "Groundnut Oil", "v": 2.0}, {"l": "Palm Oil", "v": 2864.0}, {"l": "Palmkernel Oil", "v": 255.0}, {"l": "Oilcrops Oil, Other", "v": 104.0}, {"l": "Sunflowerseed Oil", "v": 1.0}]}, {"source": 22, "prod": 0.22488048437310038, "target": 13, "value": 25.0, "supply": [{"l": "Fats, Animals, Raw", "v": 15.0}, {"l": "Butter, Ghee", "v": 10.0}]}, {"source": 22, "prod": 0.076000182603952013, "target": 12, "value": 130.0, "supply": [{"l": "Beer", "v": 121.0}, {"l": "Beverages, Alcoholic", "v": 6.0}, {"l": "Alcohol, Non-Food", "v": 2.0}, {"l": "Wine", "v": 1.0}]}]}