{"nodes": [{"layer": 5, "name": "Fruits, Roots & Vegetables", "fill": "#98df8a"}, {"layer": 10, "name": "Feed", "fill": "#dbdb8d"}, {"layer": 5, "name": "Sugar Crops", "fill": "#ffbb78"}, {"layer": 13, "name": "Animal Products", "fill": "#17becf"}, {"layer": 5, "name": "Cereals", "fill": "#e7ba52"}, {"layer": 13, "name": "Aquatic Products", "fill": "#1f77b4"}, {"layer": 13, "name": "Other Processed", "fill": "#9c9ede"}, {"layer": 16, "name": "Food", "fill": "#b5cf6b"}, {"layer": 5, "name": "Oilcrops", "fill": "#ff9896"}, {"layer": 13, "name": "Sugar", "fill": "#d6616b"}, {"layer": 13, "name": "Vegetable Oils", "fill": "#f7b6d2"}, {"layer": 10, "name": "Processing", "fill": "#9edae5"}, {"layer": 16, "name": "Biofuels & Other", "fill": "#e7ba52"}, {"name": "Waste", "fill": "#c7c7c7"}, {"layer": 2, "name": "Import", "fill": "#aec7e8"}, {"layer": 16, "name": "Export", "fill": "#aec7e8"}, {"layer": 0, "name": "Stock Draw", "fill": "#c7c7c7"}, {"layer": 16, "name": "Stock Deposit", "fill": "#c7c7c7"}, {"name": "Crop Residue", "fill": "#bd9e39"}, {"layer": 2, "name": "Electricity", "fill": "#bcbd22"}, {"layer": 0, "name": "Fossil Fuels", "fill": "#c49c94"}, {"layer": 0, "name": "Renewables & Nuclear", "fill": "#2ca02c"}, {"layer": 2, "name": "Fertilizers", "fill": "#c5b0d5"}, {"layer": 0, "name": "Labor", "fill": "#7f7f7f"}], "links": [{"source": 0, "prod": 47.0, "target": 1, "value": 0.055386583116171, "supply": [{"l": "Sweet potatoes", "v": 0.047639465506773553}, {"l": "Potatoes", "v": 0.00083563320050196845}, {"l": "Cassava", "v": 0.0069114844088954772}]}, {"source": 2, "prod": 1.0, "target": 1, "value": 0.00036385857073285719, "supply": [{"l": "Sugar cane", "v": 0.00036385857073285719}]}, {"source": 3, "prod": 2.0, "target": 1, "value": 0.0022237159124707858, "supply": [{"l": "Milk - Excluding Butter", "v": 0.0022237159124707858}]}, {"source": 4, "prod": 70.0, "target": 1, "value": 0.2738267996925407, "supply": [{"l": "Maize", "v": 0.18222510534263414}, {"l": "Rice", "v": 0.091601694349906559}]}, {"source": 5, "prod": 20.0, "target": 1, "value": 0.017153304567777177, "supply": [{"l": "Marine Fish, Other", "v": 0.0039305709801388897}, {"l": "Fish, Seafood", "v": 0.008111496799777072}, {"l": "Pelagic Fish", "v": 0.0051112367878612163}]}, {"source": 6, "prod": 54.0, "target": 7, "value": 0.12775298427567217, "supply": [{"l": "Beer", "v": 0.021269394531356997}, {"l": "Beverages, Alcoholic", "v": 0.0067920266536800004}, {"l": "Fats, Animals, Raw", "v": 0.09120152977353517}, {"l": "Butter, Ghee", "v": 0.0084900333171}]}, {"source": 3, "prod": 389.0, "target": 7, "value": 0.65019693779600662, "supply": [{"l": "Meat, Other", "v": 0.007718212106454546}, {"l": "Eggs", "v": 0.031985706915586047}, {"l": "Mutton & Goat Meat", "v": 0.0062122195003170731}, {"l": "Pigmeat", "v": 0.23096951624995518}, {"l": "Milk - Excluding Butter", "v": 0.27907634701508366}, {"l": "Poultry Meat", "v": 0.058217371317257148}, {"l": "Offals, Edible", "v": 0.010812778281212266}, {"l": "Bovine Meat", "v": 0.025204786410140626}]}, {"source": 4, "prod": 1262.0, "target": 7, "value": 4.9575686579126659, "supply": [{"l": "Maize", "v": 0.037963563613048777}, {"l": "Rice", "v": 4.2344965069934073}, {"l": "Cereals, Other", "v": 0.010188039980520001}, {"l": "Wheat", "v": 0.67492054732569007}]}, {"source": 8, "prod": 143.0, "target": 7, "value": 0.32191239851284581, "supply": [{"l": "Coconuts - Incl Copra", "v": 0.2218000077599383}, {"l": "Oilcrops, Other", "v": 0.003859106053227273}, {"l": "Groundnuts", "v": 0.096253284699680253}]}, {"source": 0, "prod": 881.0, "target": 7, "value": 0.74835286461066219, "supply": [{"l": "Roots, Other", "v": 0.0036385857073285718}, {"l": "Infant food", "v": 0.017326598606326533}, {"l": "Nuts", "v": 0.0075466962818666657}, {"l": "Citrus, Other", "v": 0.0023207380365649201}, {"l": "Tomatoes", "v": 0.0036913188335217389}, {"l": "Pepper", "v": 0.011073956500565219}, {"l": "Treenuts", "v": 0.0072255602698723413}, {"l": "Vegetables, Other", "v": 0.03922980912039311}, {"l": "Peas", "v": 0.014765275334086957}, {"l": "Grapes", "v": 0.0015918812469562502}, {"l": "Pimento", "v": 0.015093392563733331}, {"l": "Cocoa Beans", "v": 0.00424501665855}, {"l": "Potatoes", "v": 0.017548297210541339}, {"l": "Coffee", "v": 0.0036516272331612904}, {"l": "Beans", "v": 0.050828488937901317}, {"l": "Pulses, Other", "v": 0.039239649784915967}, {"l": "Lemons, Limes", "v": 0.00058018450914123002}, {"l": "Pineapples", "v": 0.042933653676451022}, {"l": "Bananas", "v": 0.20064519105366607}, {"l": "Spices, Other", "v": 0.027168106614720001}, {"l": "Tea", "v": 0.0046488888800000003}, {"l": "Fruits, Other", "v": 0.067792184137619615}, {"l": "Sweet potatoes", "v": 0.050021438782112231}, {"l": "Grapefruit", "v": 0.00058018450914123002}, {"l": "Oranges, Mandarines", "v": 0.0036594971194396555}, {"l": "Cassava", "v": 0.096760781724536671}, {"l": "Onions", "v": 0.010686755224321678}, {"l": "Apples", "v": 0.0038591060532272726}]}, {"source": 2, "prod": 30.0, "target": 7, "value": 0.010915757121985715, "supply": [{"l": "Sugar cane", "v": 0.010915757121985715}]}, {"source": 9, "prod": 269.0, "target": 7, "value": 1.0602272318841444, "supply": [{"l": "Sugar", "v": 0.99880996959022939}, {"l": "Sweeteners, Other", "v": 0.0614172622939149}]}, {"source": 5, "prod": 346.0, "target": 7, "value": 0.28498330459084653, "supply": [{"l": "Aquatic Products, Other", "v": 0.0011622222200000001}, {"l": "Crustaceans", "v": 0.0073093002067748346}, {"l": "Marine Fish, Other", "v": 0.036161253017277774}, {"l": "Demersal Fish", "v": 0.014150055528500001}, {"l": "Freshwater Fish", "v": 0.0039488527056279069}, {"l": "Pelagic Fish", "v": 0.067468325599768064}, {"l": "Fish, Seafood", "v": 0.13951774495616562}, {"l": "Cephalopods", "v": 0.010438565553811476}, {"l": "Molluscs, Other", "v": 0.0036647625829208637}, {"l": "Aquatic Animals, Others", "v": 0.0011622222200000001}]}, {"source": 10, "prod": 63.0, "target": 7, "value": 0.64549164658142244, "supply": [{"l": "Groundnut Oil", "v": 0.030872848425818184}, {"l": "Soyabean Oil", "v": 0.031837624939125002}, {"l": "Palm Oil", "v": 0.017687569410625003}, {"l": "Coconut Oil", "v": 0.51443845946834743}, {"l": "Oilcrops Oil, Other", "v": 0.020493183868862071}, {"l": "Palmkernel Oil", "v": 0.030161960468644743}]}, {"source": 0, "prod": 2.0, "target": 11, "value": 0.0016712664010039369, "supply": [{"l": "Potatoes", "v": 0.0016712664010039369}]}, {"source": 2, "prod": 2.0, "target": 11, "value": 0.00072771714146571437, "supply": [{"l": "Sugar cane", "v": 0.00072771714146571437}]}, {"source": 4, "prod": 9.0, "target": 11, "value": 0.026471965822097814, "supply": [{"l": "Wheat", "v": 0.020452137797748179}, {"l": "Barley", "v": 0.0060198280243496339}]}, {"source": 8, "prod": 1294.0, "target": 11, "value": 3.3250954660984999, "supply": [{"l": "Coconuts - Incl Copra", "v": 1.5089386354691865}, {"l": "Soyabeans", "v": 0.067981788517358699}, {"l": "Palm kernels", "v": 0.019295530266136365}, {"l": "Oilcrops, Other", "v": 0.030872848425818184}, {"l": "Oil Palm", "v": 1.69800666342}]}, {"source": 6, "prod": 8.0, "target": 12, "value": 0.060001211223675244, "supply": [{"l": "Fats, Animals, Raw", "v": 0.058037337128613281}, {"l": "Alcohol, Non-Food", "v": 0.0019638740950619626}]}, {"source": 3, "prod": 1.0, "target": 12, "value": 0.0011118579562353929, "supply": [{"l": "Milk - Excluding Butter", "v": 0.0011118579562353929}]}, {"source": 4, "prod": 3.0, "target": 12, "value": 0.012491140138623623, "supply": [{"l": "Rice", "v": 0.012491140138623623}]}, {"source": 8, "prod": 76.0, "target": 12, "value": 0.13273071330515993, "supply": [{"l": "Coconuts - Incl Copra", "v": 0.13273071330515993}]}, {"source": 0, "prod": 1.0, "target": 12, "value": 0.00057942037724461205, "supply": [{"l": "Fruits, Other", "v": 0.00057942037724461205}]}, {"source": 5, "prod": 20.0, "target": 12, "value": 0.01597263876005485, "supply": [{"l": "Marine Fish, Other", "v": 0.0078611419602777795}, {"l": "Fish, Seafood", "v": 0.008111496799777072}]}, {"source": 10, "prod": 4.0, "target": 12, "value": 0.03818075327948707, "supply": [{"l": "Palm Oil", "v": 0.017687569410625003}, {"l": "Oilcrops Oil, Other", "v": 0.020493183868862071}]}, {"source": 0, "prod": 8.0, "target": 0, "value": 0.0095278931013547102, "supply": [{"l": "Sweet potatoes", "v": 0.0095278931013547102}]}, {"source": 3, "prod": 1.0, "target": 3, "value": 0.0017769837175325581, "supply": [{"l": "Eggs", "v": 0.0017769837175325581}]}, {"source": 4, "prod": 11.0, "target": 4, "value": 0.04580084717495328, "supply": [{"l": "Rice", "v": 0.04580084717495328}]}, {"source": 0, "prod": 118.0, "target": 13, "value": 0.085450426249879946, "supply": [{"l": "Vegetables, Other", "v": 0.0043913965433275866}, {"l": "Bananas", "v": 0.053069199083034861}, {"l": "Roots, Other", "v": 0.0024257238048857148}, {"l": "Fruits, Other", "v": 0.0063736241496907334}, {"l": "Sweet potatoes", "v": 0.011909866376693388}, {"l": "Tomatoes", "v": 0.00036913188335217393}, {"l": "Cassava", "v": 0.0069114844088954772}]}, {"source": 10, "prod": 1.0, "target": 13, "value": 0.0088437847053125015, "supply": [{"l": "Palm Oil", "v": 0.0088437847053125015}]}, {"source": 3, "prod": 3.0, "target": 13, "value": 0.0040006996300033437, "supply": [{"l": "Eggs", "v": 0.0017769837175325581}, {"l": "Milk - Excluding Butter", "v": 0.0022237159124707858}]}, {"source": 4, "prod": 25.0, "target": 13, "value": 0.10299076343382119, "supply": [{"l": "Maize", "v": 0.011389069083914634}, {"l": "Rice", "v": 0.091601694349906559}]}, {"source": 8, "prod": 24.0, "target": 13, "value": 0.041914962096366297, "supply": [{"l": "Coconuts - Incl Copra", "v": 0.041914962096366297}]}, {"source": 14, "prod": 329.0, "target": 11, "value": 1.3231744953697826, "supply": [{"l": "Sugar", "v": 0.99880996959022939}, {"l": "Beer", "v": 0.017547250488369522}, {"l": "Groundnut Oil", "v": 0.030872848425818184}, {"l": "Beverages, Alcoholic", "v": 0.0067920266536800004}, {"l": "Oilcrops Oil, Other", "v": 0.020493183868862071}, {"l": "Fats, Animals, Raw", "v": 0.10778362609599609}, {"l": "Butter, Ghee", "v": 0.0084900333171}, {"l": "Palm Oil", "v": 0.061906492937187502}, {"l": "Coconut Oil", "v": 0.020577538378733898}, {"l": "Sweeteners, Other", "v": 0.049901525613805849}]}, {"source": 14, "prod": 735.0, "target": 4, "value": 2.7279325860534596, "supply": [{"l": "Maize", "v": 0.2087995998717683}, {"l": "Barley", "v": 0.0060198280243496339}, {"l": "Rice", "v": 1.7903967532027192}, {"l": "Cereals, Other", "v": 0.012735049975650002}, {"l": "Wheat", "v": 0.70998135497897252}]}, {"source": 14, "prod": 521.0, "target": 8, "value": 1.021587463940514, "supply": [{"l": "Coconuts - Incl Copra", "v": 0.84703152569740214}, {"l": "Oilcrops, Other", "v": 0.015436424212909092}, {"l": "Soyabeans", "v": 0.067981788517358699}, {"l": "Groundnuts", "v": 0.083419513406389548}, {"l": "Palm kernels", "v": 0.007718212106454546}]}, {"source": 14, "prod": 226.0, "target": 0, "value": 0.29797252428674065, "supply": [{"l": "Nuts", "v": 0.015093392563733331}, {"l": "Pulses, Other", "v": 0.039239649784915967}, {"l": "Pepper", "v": 0.0027684891251413047}, {"l": "Treenuts", "v": 0.014451120539744683}, {"l": "Vegetables, Other", "v": 0.016101787325534484}, {"l": "Peas", "v": 0.018456594167608701}, {"l": "Grapes", "v": 0.0015918812469562502}, {"l": "Pimento", "v": 0.015093392563733331}, {"l": "Cocoa Beans", "v": 0.00424501665855}, {"l": "Potatoes", "v": 0.020055196812047243}, {"l": "Coffee", "v": 0.0045645340414516133}, {"l": "Beans", "v": 0.054738372702355272}, {"l": "Apples", "v": 0.0038591060532272726}, {"l": "Spices, Other", "v": 0.037356146595239996}, {"l": "Tea", "v": 0.0034866666600000002}, {"l": "Fruits, Other", "v": 0.015064929808359915}, {"l": "Infant food", "v": 0.017326598606326533}, {"l": "Oranges, Mandarines", "v": 0.0021956982716637929}, {"l": "Onions", "v": 0.011132036692001747}, {"l": "Cassava", "v": 0.0011519140681492462}]}, {"source": 14, "prod": 399.0, "target": 1, "value": 0.41478988800459365, "supply": [{"l": "Crustaceans", "v": 0.0067470463447152317}, {"l": "Eggs", "v": 0.014215869740260465}, {"l": "Aquatic Products, Other", "v": 0.0011622222200000001}, {"l": "Marine Fish, Other", "v": 0.0078611419602777795}, {"l": "Pigmeat", "v": 0.0041244556473206285}, {"l": "Milk - Excluding Butter", "v": 0.25127989810919882}, {"l": "Fish, Seafood", "v": 0.062458525358283445}, {"l": "Meat, Other", "v": 0.007718212106454546}, {"l": "Cephalopods", "v": 0.0093947089984303279}, {"l": "Mutton & Goat Meat", "v": 0.0020707398334390242}, {"l": "Pelagic Fish", "v": 0.038845399587745251}, {"l": "Molluscs, Other", "v": 0.0024431750552805758}, {"l": "Aquatic Animals, Others", "v": 0.0011622222200000001}, {"l": "Bovine Meat", "v": 0.0053062708231875}]}, {"source": 3, "prod": 5.0, "target": 15, "value": 0.0062244155424741295, "supply": [{"l": "Milk - Excluding Butter", "v": 0.0044474318249415716}, {"l": "Eggs", "v": 0.0017769837175325581}]}, {"source": 4, "prod": 27.0, "target": 15, "value": 0.10584300718720464, "supply": [{"l": "Maize", "v": 0.0037963563613048778}, {"l": "Rice", "v": 0.087437980970365356}, {"l": "Wheat", "v": 0.014608669855534415}]}, {"source": 8, "prod": 636.0, "target": 15, "value": 1.1572247801363713, "supply": [{"l": "Coconuts - Incl Copra", "v": 1.0723244469653712}, {"l": "Palm kernels", "v": 0.084900333171}]}, {"source": 0, "prod": 337.0, "target": 15, "value": 0.35108161840427538, "supply": [{"l": "Roots, Other", "v": 0.12249905214672858}, {"l": "Nuts", "v": 0.026413436986533333}, {"l": "Fruits, Other", "v": 0.0069530445269353446}, {"l": "Pepper", "v": 0.033221869501695651}, {"l": "Beans", "v": 0.0039098837644539475}, {"l": "Coffee", "v": 0.0022822670207258066}, {"l": "Pineapples", "v": 0.053957159350134391}, {"l": "Bananas", "v": 0.013085555938282568}, {"l": "Spices, Other", "v": 0.010188039980520001}, {"l": "Tea", "v": 0.0023244444400000001}, {"l": "Vegetables, Other", "v": 0.0084900333171}, {"l": "Peas", "v": 0.0036913188335217393}, {"l": "Treenuts", "v": 0.025289460944553196}, {"l": "Pimento", "v": 0.0037733481409333329}, {"l": "Onions", "v": 0.00044528146768006986}, {"l": "Cassava", "v": 0.034557422044477384}]}, {"source": 9, "prod": 1.0, "target": 15, "value": 0.0039478654924514998, "supply": [{"l": "Sugar", "v": 0.0039478654924514998}]}, {"source": 5, "prod": 106.0, "target": 15, "value": 0.087199602139445984, "supply": [{"l": "Pelagic Fish", "v": 0.033734162799884032}, {"l": "Fish, Seafood", "v": 0.042990933038818478}, {"l": "Molluscs, Other", "v": 0.00091619064573021593}, {"l": "Crustaceans", "v": 0.0095583156550132446}]}, {"source": 10, "prod": 143.0, "target": 15, "value": 1.3325333063553106, "supply": [{"l": "Coconut Oil", "v": 0.47328338271087955}, {"l": "Oilcrops Oil, Other", "v": 0.010246591934431035}, {"l": "Palm Oil", "v": 0.84900333170999998}]}, {"source": 16, "prod": 1.0, "target": 11, "value": 0.01005398682288158, "supply": [{"l": "Palmkernel Oil", "v": 0.01005398682288158}]}, {"source": 10, "prod": 2.0, "target": 17, "value": 0.017687569410625003, "supply": [{"l": "Palm Oil", "v": 0.017687569410625003}]}, {"source": 4, "prod": 61.0, "target": 17, "value": 0.25398651615201362, "supply": [{"l": "Rice", "v": 0.25398651615201362}]}, {"source": 0, "prod": 1.0, "target": 17, "value": 0.0033960133268400002, "supply": [{"l": "Spices, Other", "v": 0.0033960133268400002}]}, {"source": 1, "prod": 492.0, "target": 5, "value": 0.40530885005812456, "supply": [{"l": "Pelagic Fish", "v": 0.10631372518751331}, {"l": "Crustaceans", "v": 0.016867615861788081}, {"l": "Freshwater Fish", "v": 0.0039488527056279069}, {"l": "Molluscs, Other", "v": 0.0045809532286510794}, {"l": "Aquatic Animals, Others", "v": 0.0011622222200000001}, {"l": "Demersal Fish", "v": 0.014150055528500001}, {"l": "Aquatic Products, Other", "v": 0.0011622222200000001}, {"l": "Fish, Seafood", "v": 0.19873167159453825}, {"l": "Marine Fish, Other", "v": 0.047952965957694438}, {"l": "Cephalopods", "v": 0.010438565553811476}]}, {"source": 1, "prod": 400.0, "target": 3, "value": 0.66375762683719031, "supply": [{"l": "Poultry Meat", "v": 0.058217371317257148}, {"l": "Pigmeat", "v": 0.23096951624995518}, {"l": "Bovine Meat", "v": 0.025204786410140626}, {"l": "Eggs", "v": 0.037316658068183718}, {"l": "Milk - Excluding Butter", "v": 0.2890830686212022}, {"l": "Offals, Edible", "v": 0.010812778281212266}, {"l": "Meat, Other", "v": 0.007718212106454546}, {"l": "Mutton & Goat Meat", "v": 0.0062122195003170731}]}, {"source": 11, "prod": 62.0, "target": 6, "value": 0.18775419549934741, "supply": [{"l": "Fats, Animals, Raw", "v": 0.14923886690214844}, {"l": "Beer", "v": 0.021269394531356997}, {"l": "Beverages, Alcoholic", "v": 0.0067920266536800004}, {"l": "Butter, Ghee", "v": 0.0084900333171}, {"l": "Alcohol, Non-Food", "v": 0.0019638740950619626}]}, {"source": 11, "prod": 213.0, "target": 10, "value": 2.0427370603321577, "supply": [{"l": "Soyabean Oil", "v": 0.031837624939125002}, {"l": "Coconut Oil", "v": 0.98772184217922698}, {"l": "Groundnut Oil", "v": 0.030872848425818184}, {"l": "Palm Oil", "v": 0.9109098246471875}, {"l": "Palmkernel Oil", "v": 0.030161960468644743}, {"l": "Oilcrops Oil, Other", "v": 0.051232959672155173}]}, {"source": 11, "prod": 270.0, "target": 9, "value": 1.0641750973765958, "supply": [{"l": "Sweeteners, Other", "v": 0.0614172622939149}, {"l": "Sugar", "v": 1.0027578350826809}]}, {"source": 0, "prod": 1284.0, "target": 18, "value": 3.2514899366852439, "supply": [{"l": "Roots, Other", "v": 0.18479333298000003}, {"l": "Tomatoes", "v": 0.036609999929999998}, {"l": "Vegetables, Other", "v": 0.52648666566000002}, {"l": "Peas", "v": 0.0087166666499999997}, {"l": "Potatoes", "v": 0.020919999960000001}, {"l": "Beans", "v": 0.024406666620000003}, {"l": "Pulses, Other", "v": 0.017433333300000003}, {"l": "Sweet potatoes", "v": 0.17433333300000001}, {"l": "Onions", "v": 0.043583333250000002}, {"l": "Cassava", "v": 0.21878833291500002}]}, {"source": 2, "prod": 13.0, "target": 18, "value": 0.045326666580000001, "supply": [{"l": "Sugar cane", "v": 0.045326666580000001}]}, {"source": 4, "prod": 2202.0, "target": 18, "value": 9.167771876049434, "supply": [{"l": "Maize", "v": 0.2440666662}, {"l": "Rice", "v": 6.5653933207799993}, {"l": "Wheat", "v": 0.84725999838000021}, {"l": "Barley", "v": 0.0062485416637434654}, {"l": "Cereals, Other", "v": 0.013946666640000001}]}, {"source": 8, "prod": 1513.0, "target": 18, "value": 2.5044831421471536, "supply": [{"l": "Coconuts - Incl Copra", "v": 5.0992499902500006}, {"l": "Oilcrops, Other", "v": 0.026149999950000002}, {"l": "Soyabeans", "v": 0.030710458878478262}, {"l": "Groundnuts", "v": 0.029636666610000004}, {"l": "Palm kernels", "v": 0.090653333160000002}]}, {"source": 19, "prod": 0, "target": 0, "value": 5.3350905958530984e-06, "supply": "[{\"l\":'Energy for power irrigation',\"v\":5.3350905958530984e-06}]"}, {"source": 19, "prod": 0, "target": 2, "value": 1.3503928688880507e-07, "supply": "[{\"l\":'Energy for power irrigation',\"v\":1.3503928688880507e-07}]"}, {"source": 19, "prod": 0, "target": 4, "value": 4.5747155342945966e-06, "supply": "[{\"l\":'Energy for power irrigation',\"v\":4.5747155342945966e-06}]"}, {"source": 19, "prod": 0, "target": 8, "value": 7.9486201790241252e-06, "supply": "[{\"l\":'Energy for power irrigation',\"v\":7.9486201790241252e-06}]"}, {"source": 19, "prod": 0, "target": 11, "value": 0.001699495554422969, "supply": "[{\"l\":'Electricity',\"v\":0.001699495554422969}]"}, {"source": 20, "prod": 0, "target": 19, "value": 0.0033516223915536253, "supply": [{"l": "Coal", "v": 0.0}, {"l": "Natural gas", "v": 0.0}, {"l": "Oil", "v": 0.0033516223915536253}]}, {"source": 21, "prod": 0, "target": 19, "value": 0.00044387251122865218, "supply": [{"l": "Nuclear", "v": 0.0}, {"l": "Hydroelectric", "v": 0.00044387251122865218}, {"l": "Renewable", "v": 0.0}]}, {"source": 20, "prod": 0, "target": 0, "value": 0.712070456893663, "supply": [{"l": "Motor Gasoline", "v": 0.012162054686505483}, {"l": "Gas-Diesel oil", "v": 0.58317464029514554}, {"l": "Fuel oil", "v": 0.038819741143834657}, {"l": "Liquefied petroleum gas (LPG)", "v": 0.077914020768177328}]}, {"source": 20, "prod": 0, "target": 2, "value": 0.018023590225112188, "supply": [{"l": "Motor Gasoline", "v": 0.0003078401692456606}, {"l": "Gas-Diesel oil", "v": 0.014761040350149713}, {"l": "Fuel oil", "v": 0.00098258690589924183}, {"l": "Liquefied petroleum gas (LPG)", "v": 0.0019721227998175726}]}, {"source": 20, "prod": 0, "target": 4, "value": 0.61058377962610833, "supply": [{"l": "Motor Gasoline", "v": 0.010428677733522226}, {"l": "Gas-Diesel oil", "v": 0.50005862847737947}, {"l": "Fuel oil", "v": 0.03328702102754047}, {"l": "Liquefied petroleum gas (LPG)", "v": 0.066809452387666085}]}, {"source": 20, "prod": 0, "target": 8, "value": 1.0608962492504497, "supply": [{"l": "Motor Gasoline", "v": 0.018119945962059961}, {"l": "Gas-Diesel oil", "v": 0.86885754430265838}, {"l": "Fuel oil", "v": 0.057836576953392289}, {"l": "Liquefied petroleum gas (LPG)", "v": 0.11608218203233896}]}, {"source": 20, "prod": 0, "target": 1, "value": 2.1458234276425845, "supply": [{"l": "Gas-diesel oils used in fisheries", "v": 2.1458234276425845}]}, {"source": 22, "prod": 22.097371666089366, "target": 0, "value": 0.19758684257811332, "supply": [{"l": "Potash", "v": 0.027454122244185516}, {"l": "Phosphate", "v": 0.15833433346000078}, {"l": "Nitrogen", "v": 0.48060548649559548}]}, {"source": 22, "prod": 0.55931820805911558, "target": 2, "value": 0.0050012245979662645, "supply": [{"l": "Potash", "v": 0.027454122244185516}, {"l": "Phosphate", "v": 0.15833433346000078}, {"l": "Nitrogen", "v": 0.48060548649559548}]}, {"source": 22, "prod": 18.947979909941118, "target": 4, "value": 0.1694261009957187, "supply": [{"l": "Potash", "v": 0.027454122244185516}, {"l": "Phosphate", "v": 0.15833433346000078}, {"l": "Nitrogen", "v": 0.48060548649559548}]}, {"source": 22, "prod": 32.922330215910399, "target": 8, "value": 0.29437977402798349, "supply": [{"l": "Potash", "v": 0.027454122244185516}, {"l": "Phosphate", "v": 0.15833433346000078}, {"l": "Nitrogen", "v": 0.48060548649559548}]}, {"source": 20, "prod": 0, "target": 22, "value": 0.80615507762962357, "supply": [{"l": "Natural gas (including LNG)", "v": 0.54971732379295379}, {"l": "Fuel oil", "v": 0.17148055177894417}, {"l": "Liquefied petroleum gas (LPG)", "v": 0.042478601028862827}, {"l": "Coal", "v": 0.042478601028862827}]}, {"source": 23, "prod": 0, "target": 4, "value": 0.20299437589936675, "supply": "[{\"l\":'Labor',\"v\":0.20299437589936675}]"}, {"source": 23, "prod": 0, "target": 8, "value": 0.35270503278427662, "supply": "[{\"l\":'Labor',\"v\":0.35270503278427662}]"}, {"source": 23, "prod": 0, "target": 0, "value": 0.23673458551751758, "supply": "[{\"l\":'Labor',\"v\":0.23673458551751758}]"}, {"source": 23, "prod": 0, "target": 2, "value": 0.0059921137299994718, "supply": "[{\"l\":'Labor',\"v\":0.0059921137299994718}]"}, {"source": 20, "prod": 0, "target": 14, "value": 2.6864741782085662, "supply": "[{\"l\":'Fossil Fuels',\"v\":2.6864741782085662}]"}, {"source": 21, "prod": 0, "target": 14, "value": 0.94256942264469656, "supply": "[{\"l\":'Renewables & Nuclear',\"v\":0.056011640579540917},{\"l\":'Biomass & Waste',\"v\":0.88655778206515568}]"}]}