{"nodes": [{"layer": 3, "name": "Oilcrops", "fill": "#ff9896"}, {"layer": 5, "name": "Production", "fill": "#b5cf6b"}, {"layer": 3, "name": "Treenuts"}, {"layer": 3, "name": "Vegetables"}, {"layer": 3, "name": "Sugar Crops", "fill": "#ffbb78"}, {"layer": 3, "name": "Starchy Roots"}, {"layer": 3, "name": "Others"}, {"layer": 3, "name": "Cereals - Excluding Beer"}, {"layer": 3, "name": "Spices"}, {"layer": 3, "name": "Stimulants"}, {"layer": 3, "name": "Fruits - Excluding Wine"}, {"layer": 1, "name": "Electricity", "fill": "#bcbd22"}, {"layer": 0, "name": "Fossil Fuels", "fill": "#c49c94"}, {"layer": 0, "name": "Renewables & Nuclear", "fill": "#2ca02c"}, {"layer": 1, "name": "Fertilizers", "fill": "#c5b0d5"}, {"layer": 0, "name": "Labor", "fill": "#7f7f7f"}], "links": [{"source": 0, "prod": 1881.0, "target": 1, "value": 5.277811197288659, "supply": [{"l": "Coconuts - Incl Copra", "v": 1.8874257334429485}, {"l": "Groundnuts", "v": 0.019456326351687502}, {"l": "Oilcrops, Other", "v": 0.030872848425818184}, {"l": "Palm kernels", "v": 0.13506871186295455}, {"l": "Oil Palm", "v": 3.2049875772052498}]}, {"source": 2, "prod": 10.0, "target": 1, "value": 0.020214365040714288, "supply": [{"l": "Treenuts", "v": 0.020214365040714288}]}, {"source": 3, "prod": 141.0, "target": 1, "value": 0.041090492225361208, "supply": [{"l": "Tomatoes", "v": 0.0036767860822086613}, {"l": "Vegetables, Other", "v": 0.03741370614315255}]}, {"source": 4, "prod": 41.0, "target": 1, "value": 0.014918201400047144, "supply": [{"l": "Sugar cane", "v": 0.014918201400047144}]}, {"source": 5, "prod": 421.0, "target": 1, "value": 0.57238164431074567, "supply": [{"l": "Roots, Other", "v": 0.25289460944553194}, {"l": "Sweet potatoes", "v": 0.13257513564394618}, {"l": "Cassava", "v": 0.18691189922126758}]}, {"source": 6, "prod": 10.0, "target": 1, "value": 0.020540403186532261, "supply": [{"l": "Nuts", "v": 0.020540403186532261}]}, {"source": 7, "prod": 847.0, "target": 1, "value": 3.5021504031959356, "supply": [{"l": "Maize", "v": 0.036320998148021394}, {"l": "Rice", "v": 3.4658294050479141}]}, {"source": 8, "prod": 23.0, "target": 1, "value": 0.033652077760362935, "supply": [{"l": "Pepper", "v": 0.023244444400000001}, {"l": "Pimento", "v": 0.0028943295399204549}, {"l": "Spices, Other", "v": 0.0075133038204424785}]}, {"source": 9, "prod": 7.0, "target": 1, "value": 0.0091678370522170517, "supply": [{"l": "Cocoa Beans", "v": 0.0036913188335217393}, {"l": "Coffee", "v": 0.0019898515586953126}, {"l": "Tea", "v": 0.0034866666600000002}]}, {"source": 10, "prod": 771.0, "target": 1, "value": 0.50747486158931343, "supply": [{"l": "Fruits, Other", "v": 0.071779372590027271}, {"l": "Citrus, Other", "v": 0.0023933328341973299}, {"l": "Grapefruit", "v": 0.00059833320854933247}, {"l": "Lemons, Limes", "v": 0.0011966664170986649}, {"l": "Pineapples", "v": 0.15436996780572776}, {"l": "Bananas", "v": 0.27304112002809466}, {"l": "Oranges, Mandarines", "v": 0.0040960687056184218}]}, {"source": 11, "prod": 0, "target": 0, "value": 9.6191660158463327e-06, "supply": "[{\"l\":'Energy for power irrigation',\"v\":9.6191660158463327e-06}]"}, {"source": 11, "prod": 0, "target": 2, "value": 5.7405505543452417e-08, "supply": "[{\"l\":'Energy for power irrigation',\"v\":5.7405505543452417e-08}]"}, {"source": 11, "prod": 0, "target": 3, "value": 8.9352917324156379e-07, "supply": "[{\"l\":'Energy for power irrigation',\"v\":8.9352917324156379e-07}]"}, {"source": 11, "prod": 0, "target": 4, "value": 2.046631067201347e-07, "supply": "[{\"l\":'Energy for power irrigation',\"v\":2.046631067201347e-07}]"}, {"source": 11, "prod": 0, "target": 5, "value": 2.1764174275604574e-06, "supply": "[{\"l\":'Energy for power irrigation',\"v\":2.1764174275604574e-06}]"}, {"source": 11, "prod": 0, "target": 6, "value": 6.7389071724922416e-08, "supply": "[{\"l\":'Energy for power irrigation',\"v\":6.7389071724922416e-08}]"}, {"source": 11, "prod": 0, "target": 7, "value": 6.3720111153232184e-06, "supply": "[{\"l\":'Energy for power irrigation',\"v\":6.3720111153232184e-06}]"}, {"source": 11, "prod": 0, "target": 8, "value": 1.672247335396223e-07, "supply": "[{\"l\":'Energy for power irrigation',\"v\":1.672247335396223e-07}]"}, {"source": 11, "prod": 0, "target": 9, "value": 5.7405505543452417e-08, "supply": "[{\"l\":'Energy for power irrigation',\"v\":5.7405505543452417e-08}]"}, {"source": 11, "prod": 0, "target": 10, "value": 3.9859387979518925e-06, "supply": "[{\"l\":'Energy for power irrigation',\"v\":3.9859387979518925e-06}]"}, {"source": 12, "prod": 0, "target": 11, "value": 4.6202975378273608e-05, "supply": [{"l": "Coal", "v": 0.0}, {"l": "Natural gas", "v": 0.0}, {"l": "Oil", "v": 4.6202975378273608e-05}]}, {"source": 13, "prod": 0, "target": 11, "value": 6.118896555612107e-06, "supply": [{"l": "Nuclear", "v": 0.0}, {"l": "Hydroelectric", "v": 6.118896555612107e-06}, {"l": "Renewable", "v": 0.0}]}, {"source": 12, "prod": 0, "target": 0, "value": 0.975718584111956, "supply": [{"l": "Motor Gasoline", "v": 0.016665124446219551}, {"l": "Gas-Diesel oil", "v": 0.79909836001488865}, {"l": "Fuel oil", "v": 0.053192970580032611}, {"l": "Liquefied petroleum gas (LPG)", "v": 0.10676212907081507}]}, {"source": 12, "prod": 0, "target": 2, "value": 0.0058229183794953256, "supply": [{"l": "Motor Gasoline", "v": 9.9454556892332541e-05}, {"l": "Gas-Diesel oil", "v": 0.00476887967834521}, {"l": "Fuel oil", "v": 0.00031744637346672286}, {"l": "Liquefied petroleum gas (LPG)", "v": 0.00063713777079106029}]}, {"source": 12, "prod": 0, "target": 3, "value": 0.090634990428666379, "supply": [{"l": "Motor Gasoline", "v": 0.0015480317985850024}, {"l": "Gas-Diesel oil", "v": 0.074228648906416755}, {"l": "Fuel oil", "v": 0.0049411218130907299}, {"l": "Liquefied petroleum gas (LPG)", "v": 0.0099171879105738967}]}, {"source": 12, "prod": 0, "target": 4, "value": 0.020759969874722464, "supply": [{"l": "Motor Gasoline", "v": 0.00035457711587701167}, {"l": "Gas-Diesel oil", "v": 0.017002092766274225}, {"l": "Fuel oil", "v": 0.0011317653314900553}, {"l": "Liquefied petroleum gas (LPG)", "v": 0.0022715346610811715}]}, {"source": 12, "prod": 0, "target": 5, "value": 0.22076455769217063, "supply": [{"l": "Motor Gasoline", "v": 0.0037706249395701736}, {"l": "Gas-Diesel oil", "v": 0.18080274258769666}, {"l": "Fuel oil", "v": 0.012035358159260103}, {"l": "Liquefied petroleum gas (LPG)", "v": 0.024155832005643682}]}, {"source": 12, "prod": 0, "target": 6, "value": 0.0068355998367988615, "supply": [{"l": "Motor Gasoline", "v": 0.00011675100156925995}, {"l": "Gas-Diesel oil", "v": 0.0055982500571878551}, {"l": "Fuel oil", "v": 0.00037265443841745727}, {"l": "Liquefied petroleum gas (LPG)", "v": 0.00074794433962428828}]}, {"source": 12, "prod": 0, "target": 7, "value": 0.64634394012398111, "supply": [{"l": "Motor Gasoline", "v": 0.011039455815048912}, {"l": "Gas-Diesel oil", "v": 0.52934564429631825}, {"l": "Fuel oil", "v": 0.035236547454806234}, {"l": "Liquefied petroleum gas (LPG)", "v": 0.070722292557807695}]}, {"source": 12, "prod": 0, "target": 8, "value": 0.01696241440983421, "supply": [{"l": "Motor Gasoline", "v": 0.00028971544833853396}, {"l": "Gas-Diesel oil", "v": 0.013891953845614308}, {"l": "Fuel oil", "v": 0.00092473508792480143}, {"l": "Liquefied petroleum gas (LPG)", "v": 0.0018560100279565674}]}, {"source": 12, "prod": 0, "target": 9, "value": 0.0058229183794953256, "supply": [{"l": "Motor Gasoline", "v": 9.9454556892332541e-05}, {"l": "Gas-Diesel oil", "v": 0.00476887967834521}, {"l": "Fuel oil", "v": 0.00031744637346672286}, {"l": "Liquefied petroleum gas (LPG)", "v": 0.00063713777079106029}]}, {"source": 12, "prod": 0, "target": 10, "value": 0.40431307182843634, "supply": [{"l": "Motor Gasoline", "v": 0.0069056055372632647}, {"l": "Gas-Diesel oil", "v": 0.3311261237529261}, {"l": "Fuel oil", "v": 0.022041819931580716}, {"l": "Liquefied petroleum gas (LPG)", "v": 0.044239522606666234}]}, {"source": 14, "prod": 39.653215264600462, "target": 0, "value": 0.38622701181131253, "supply": [{"l": "Potash", "v": 0.039996666698663995}, {"l": "Phosphate", "v": 0.17675000014139999}, {"l": "Nitrogen", "v": 0.73388888947599995}]}, {"source": 14, "prod": 0.2366434745941387, "target": 2, "value": 0.00230493546228858, "supply": [{"l": "Potash", "v": 0.039996666698663995}, {"l": "Phosphate", "v": 0.17675000014139999}, {"l": "Nitrogen", "v": 0.73388888947599995}]}, {"source": 14, "prod": 3.6834071262913768, "target": 3, "value": 0.035876821543448338, "supply": [{"l": "Potash", "v": 0.039996666698663995}, {"l": "Phosphate", "v": 0.17675000014139999}, {"l": "Nitrogen", "v": 0.73388888947599995}]}, {"source": 14, "prod": 0.84368543116171191, "target": 4, "value": 0.0082175959959853717, "supply": [{"l": "Potash", "v": 0.039996666698663995}, {"l": "Phosphate", "v": 0.17675000014139999}, {"l": "Nitrogen", "v": 0.73388888947599995}]}, {"source": 14, "prod": 8.9718743411343027, "target": 5, "value": 0.087387118396332258, "supply": [{"l": "Potash", "v": 0.039996666698663995}, {"l": "Phosphate", "v": 0.17675000014139999}, {"l": "Nitrogen", "v": 0.73388888947599995}]}, {"source": 14, "prod": 0.27779886148007588, "target": 6, "value": 0.0027057938035561593, "supply": [{"l": "Potash", "v": 0.039996666698663995}, {"l": "Phosphate", "v": 0.17675000014139999}, {"l": "Nitrogen", "v": 0.73388888947599995}]}, {"source": 14, "prod": 26.267425679949394, "target": 7, "value": 0.25584783631403241, "supply": [{"l": "Potash", "v": 0.039996666698663995}, {"l": "Phosphate", "v": 0.17675000014139999}, {"l": "Nitrogen", "v": 0.73388888947599995}]}, {"source": 14, "prod": 0.68935273033944755, "target": 8, "value": 0.0067143772162319513, "supply": [{"l": "Potash", "v": 0.039996666698663995}, {"l": "Phosphate", "v": 0.17675000014139999}, {"l": "Nitrogen", "v": 0.73388888947599995}]}, {"source": 14, "prod": 0.2366434745941387, "target": 9, "value": 0.00230493546228858, "supply": [{"l": "Potash", "v": 0.039996666698663995}, {"l": "Phosphate", "v": 0.17675000014139999}, {"l": "Nitrogen", "v": 0.73388888947599995}]}, {"source": 14, "prod": 16.431288214210415, "target": 10, "value": 0.16004269275108099, "supply": [{"l": "Potash", "v": 0.039996666698663995}, {"l": "Phosphate", "v": 0.17675000014139999}, {"l": "Nitrogen", "v": 0.73388888947599995}]}, {"source": 12, "prod": 0, "target": 14, "value": 1.1533073313804958, "supply": [{"l": "Natural gas (including LNG)", "v": 0.78221927028334992}, {"l": "Fuel oil", "v": 0.24135765138884174}, {"l": "Liquefied petroleum gas (LPG)", "v": 0.06486520485415205}, {"l": "Coal", "v": 0.06486520485415205}]}, {"source": 15, "prod": 0, "target": 0, "value": 0.36875481217198808, "supply": "[{\"l\":'Labor',\"v\":0.36875481217198808}]"}, {"source": 15, "prod": 0, "target": 2, "value": 0.0022006644213688957, "supply": "[{\"l\":'Labor',\"v\":0.0022006644213688957}]"}, {"source": 15, "prod": 0, "target": 3, "value": 0.034253820123915861, "supply": "[{\"l\":'Labor',\"v\":0.034253820123915861}]"}, {"source": 15, "prod": 0, "target": 4, "value": 0.0078458470674891076, "supply": "[{\"l\":'Labor',\"v\":0.0078458470674891076}]"}, {"source": 15, "prod": 0, "target": 5, "value": 0.083433885888420753, "supply": "[{\"l\":'Labor',\"v\":0.083433885888420753}]"}, {"source": 15, "prod": 0, "target": 6, "value": 0.0025833886685634865, "supply": "[{\"l\":'Labor',\"v\":0.0025833886685634865}]"}, {"source": 15, "prod": 0, "target": 7, "value": 0.24427375077194743, "supply": "[{\"l\":'Labor',\"v\":0.24427375077194743}]"}, {"source": 15, "prod": 0, "target": 8, "value": 0.0064106311405093932, "supply": "[{\"l\":'Labor',\"v\":0.0064106311405093932}]"}, {"source": 15, "prod": 0, "target": 9, "value": 0.0022006644213688957, "supply": "[{\"l\":'Labor',\"v\":0.0022006644213688957}]"}, {"source": 15, "prod": 0, "target": 10, "value": 0.15280265569244031, "supply": "[{\"l\":'Labor',\"v\":0.15280265569244031}]"}]}