{"nodes": [{"layer": 13, "name": "Milk - Excluding Butter"}, {"layer": 10, "name": "Feed", "fill": "#dbdb8d"}, {"layer": 13, "name": "Meat"}, {"layer": 5, "name": "Sugar Crops", "fill": "#ffbb78"}, {"layer": 5, "name": "Starchy Roots"}, {"layer": 13, "name": "Fish, Seafood"}, {"layer": 5, "name": "Cereals - Excluding Beer"}, {"layer": 5, "name": "Oilcrops", "fill": "#ff9896"}, {"layer": 16, "name": "Food", "fill": "#b5cf6b"}, {"layer": 5, "name": "Treenuts"}, {"layer": 5, "name": "Pulses"}, {"layer": 5, "name": "Vegetables"}, {"layer": 5, "name": "Others"}, {"layer": 13, "name": "Alcoholic Beverages"}, {"layer": 13, "name": "Animal Fats"}, {"layer": 13, "name": "Sugar & Sweeteners"}, {"layer": 5, "name": "Fruits - Excluding Wine"}, {"layer": 13, "name": "Vegetable Oils", "fill": "#f7b6d2"}, {"layer": 5, "name": "Spices"}, {"layer": 5, "name": "Stimulants"}, {"layer": 13, "name": "Eggs"}, {"layer": 10, "name": "Processing", "fill": "#9edae5"}, {"layer": 16, "name": "Biofuels & Other", "fill": "#e7ba52"}, {"name": "Waste", "fill": "#c7c7c7"}, {"layer": 2, "name": "Import", "fill": "#aec7e8"}, {"layer": 16, "name": "Export", "fill": "#aec7e8"}, {"layer": 0, "name": "Stock Draw", "fill": "#c7c7c7"}, {"layer": 13, "name": "Aquatic Products, Other"}, {"layer": 16, "name": "Stock Deposit", "fill": "#c7c7c7"}, {"name": "Crop Residue", "fill": "#bd9e39"}, {"layer": 2, "name": "Electricity", "fill": "#bcbd22"}, {"layer": 0, "name": "Fossil Fuels", "fill": "#c49c94"}, {"layer": 0, "name": "Renewables & Nuclear", "fill": "#2ca02c"}, {"layer": 2, "name": "Fertilizers", "fill": "#c5b0d5"}, {"layer": 0, "name": "Labor", "fill": "#7f7f7f"}], "links": [{"source": 0, "prod": 32.0, "target": 1, "value": 0.029892484993911981, "supply": [{"l": "Milk - Excluding Butter", "v": 0.029892484993911981}]}, {"source": 2, "prod": 1.0, "target": 1, "value": 0.0013349108989150942, "supply": [{"l": "Offals, Edible", "v": 0.0013349108989150942}]}, {"source": 3, "prod": 228.0, "target": 1, "value": 0.083197461158974223, "supply": [{"l": "Sugar cane", "v": 0.083197461158974223}]}, {"source": 4, "prod": 33.0, "target": 1, "value": 0.039526796949861276, "supply": [{"l": "Cassava", "v": 0.019308436975344481}, {"l": "Potatoes", "v": 0.00092282970838043483}, {"l": "Sweet potatoes", "v": 0.019295530266136365}]}, {"source": 5, "prod": 174.0, "target": 1, "value": 0.13374913063547389, "supply": [{"l": "Pelagic Fish", "v": 0.029553913445601272}, {"l": "Marine Fish, Other", "v": 0.040477575201415428}, {"l": "Fish, Seafood", "v": 0.063717641988457183}]}, {"source": 6, "prod": 335.0, "target": 1, "value": 1.1984843653704349, "supply": [{"l": "Maize", "v": 0.91611821959221362}, {"l": "Wheat", "v": 0.0060174972984357901}, {"l": "Cereals, Other", "v": 0.11059385505169737}, {"l": "Rice", "v": 0.16575479342808808}]}, {"source": 7, "prod": 10.0, "target": 1, "value": 0.032653974296538463, "supply": [{"l": "Oilcrops, Other", "v": 0.032653974296538463}]}, {"source": 0, "prod": 442.0, "target": 8, "value": 0.4128899489784093, "supply": [{"l": "Milk - Excluding Butter", "v": 0.4128899489784093}]}, {"source": 2, "prod": 276.0, "target": 8, "value": 0.75493106091274842, "supply": [{"l": "Pigmeat", "v": 0.47034417836633913}, {"l": "Meat, Other", "v": 0.010612541646375}, {"l": "Mutton & Goat Meat", "v": 0.011320044422799999}, {"l": "Poultry Meat", "v": 0.198589764199121}, {"l": "Offals, Edible", "v": 0.026698217978301884}, {"l": "Bovine Meat", "v": 0.037366314299811382}]}, {"source": 9, "prod": 13.0, "target": 8, "value": 0.031236915034613205, "supply": [{"l": "Treenuts", "v": 0.031236915034613205}]}, {"source": 10, "prod": 27.0, "target": 8, "value": 0.10562996280884085, "supply": [{"l": "Peas", "v": 0.011073956500565219}, {"l": "Beans", "v": 0.057412110545963124}, {"l": "Pulses, Other", "v": 0.037143895762312501}]}, {"source": 11, "prod": 271.0, "target": 8, "value": 0.084888175911810235, "supply": [{"l": "Tomatoes", "v": 0.001230439611173913}, {"l": "Vegetables, Other", "v": 0.062608066919396646}, {"l": "Onions", "v": 0.021049669381239672}]}, {"source": 12, "prod": 13.0, "target": 8, "value": 0.030377183428155968, "supply": [{"l": "Nuts", "v": 0.030377183428155968}]}, {"source": 3, "prod": 43.0, "target": 8, "value": 0.015690749253666189, "supply": [{"l": "Sugar cane", "v": 0.015690749253666189}]}, {"source": 13, "prod": 59.0, "target": 8, "value": 0.032085222451389582, "supply": [{"l": "Beer", "v": 0.026296563371548672}, {"l": "Beverages, Alcoholic", "v": 0.0057886590798409097}]}, {"source": 14, "prod": 20.0, "target": 8, "value": 0.17305890281237829, "supply": [{"l": "Fats, Animals, Raw", "v": 0.11468992375731579}, {"l": "Butter, Ghee", "v": 0.058368979055062498}]}, {"source": 4, "prod": 265.0, "target": 8, "value": 0.30268879468684351, "supply": [{"l": "Roots, Other", "v": 0.0098721317640697685}, {"l": "Potatoes", "v": 0.021225083292750004}, {"l": "Sweet potatoes", "v": 0.020581898950545456}, {"l": "Cassava", "v": 0.25100968067947826}]}, {"source": 5, "prod": 734.0, "target": 8, "value": 0.55580689095915992, "supply": [{"l": "Crustaceans", "v": 0.010612541646375}, {"l": "Marine Fish, Other", "v": 0.046868771285849445}, {"l": "Demersal Fish", "v": 0.041649220046150938}, {"l": "Freshwater Fish", "v": 0.0049617077827207798}, {"l": "Fish, Seafood", "v": 0.26878591505475613}, {"l": "Pelagic Fish", "v": 0.17239782843267407}, {"l": "Cephalopods", "v": 0.0052246358874461539}, {"l": "Molluscs, Other", "v": 0.0053062708231875009}]}, {"source": 15, "prod": 380.0, "target": 8, "value": 1.4919775868676732, "supply": [{"l": "Sugar", "v": 1.4703665929696006}, {"l": "Sweeteners, Other", "v": 0.021610993898072729}]}, {"source": 16, "prod": 664.0, "target": 8, "value": 0.42327405620903136, "supply": [{"l": "Citrus, Other", "v": 0.0017960473085234449}, {"l": "Grapes", "v": 0.0021084519827235101}, {"l": "Dates", "v": 0.0050940199902600007}, {"l": "Apples", "v": 0.004994137245352942}, {"l": "Lemons, Limes", "v": 0.0011973648723489635}, {"l": "Pineapples", "v": 0.073356507735020254}, {"l": "Bananas", "v": 0.22961224857594328}, {"l": "Fruits, Other", "v": 0.099377891686544956}, {"l": "Grapefruit", "v": 0.00059868243617448174}, {"l": "Oranges, Mandarines", "v": 0.0051387043761394737}]}, {"source": 6, "prod": 1895.0, "target": 8, "value": 7.4044377931851137, "supply": [{"l": "Maize", "v": 0.10922948002830238}, {"l": "Barley", "v": 0.02497068622676471}, {"l": "Rice", "v": 6.1867976647033878}, {"l": "Cereals, Other", "v": 0.016756644704802634}, {"l": "Wheat", "v": 1.056070775875481}, {"l": "Oats", "v": 0.010612541646375}]}, {"source": 17, "prod": 130.0, "target": 8, "value": 1.324362998725658, "supply": [{"l": "Groundnut Oil", "v": 0.019976548981411768}, {"l": "Soyabean Oil", "v": 0.0424501665855}, {"l": "Palm Oil", "v": 0.55338535447237591}, {"l": "Coconut Oil", "v": 0.5747099476190769}, {"l": "Sesameseed Oil", "v": 0.0094333703523333343}, {"l": "Oilcrops Oil, Other", "v": 0.019592384577923082}, {"l": "Palmkernel Oil", "v": 0.10481522613703705}]}, {"source": 18, "prod": 20.0, "target": 8, "value": 0.073681360573403576, "supply": [{"l": "Pimento", "v": 0.014554342829314289}, {"l": "Pepper", "v": 0.0060643095122142861}, {"l": "Spices, Other", "v": 0.053062708231874998}]}, {"source": 19, "prod": 19.0, "target": 8, "value": 0.017039745299394587, "supply": [{"l": "Cocoa Beans", "v": 0.0058551953911034479}, {"l": "Coffee", "v": 0.0053734388082911401}, {"l": "Tea", "v": 0.0058111111000000003}]}, {"source": 20, "prod": 98.0, "target": 8, "value": 0.16745122315990943, "supply": [{"l": "Eggs", "v": 0.16745122315990943}]}, {"source": 7, "prod": 209.0, "target": 8, "value": 0.47236038662659935, "supply": [{"l": "Coconuts - Incl Copra", "v": 0.32417004709433095}, {"l": "Groundnuts", "v": 0.14165954467296069}, {"l": "Oilcrops, Other", "v": 0.0065307948593076922}]}, {"source": 4, "prod": 2.0, "target": 21, "value": 0.0018456594167608697, "supply": [{"l": "Potatoes", "v": 0.0018456594167608697}]}, {"source": 6, "prod": 23.0, "target": 21, "value": 0.06254937858697307, "supply": [{"l": "Wheat", "v": 0.030087486492178947}, {"l": "Barley", "v": 0.032461892094794116}]}, {"source": 3, "prod": 530.0, "target": 21, "value": 0.19339760708007167, "supply": [{"l": "Sugar cane", "v": 0.19339760708007167}]}, {"source": 7, "prod": 7317.3453724604979, "target": 21, "value": 28.552556780259678, "supply": [{"l": "Coconuts - Incl Copra", "v": 1.5682821197266281}, {"l": "Soyabeans", "v": 0.06711715527707432}, {"l": "Palm kernels", "v": 0.77389919082796155}, {"l": "Oilcrops, Other", "v": 0.11755430746753846}, {"l": "Sesame seed", "v": 0.0065307948593076922}, {"l": "Oil Palm", "v": 26.019173212101169}]}, {"source": 4, "prod": 6.0, "target": 22, "value": 0.0068147424618862874, "supply": [{"l": "Cassava", "v": 0.0068147424618862874}]}, {"source": 7, "prod": 110.0, "target": 22, "value": 0.19274975773176428, "supply": [{"l": "Coconuts - Incl Copra", "v": 0.19274975773176428}]}, {"source": 14, "prod": 6.0, "target": 22, "value": 0.049152824467421051, "supply": [{"l": "Fats, Animals, Raw", "v": 0.049152824467421051}]}, {"source": 0, "prod": 3.0, "target": 22, "value": 0.0028024204681792488, "supply": [{"l": "Milk - Excluding Butter", "v": 0.0028024204681792488}]}, {"source": 5, "prod": 124.0, "target": 22, "value": 0.089436214443162451, "supply": [{"l": "Marine Fish, Other", "v": 0.044028239692767673}, {"l": "Fish, Seafood", "v": 0.045407974750394778}]}, {"source": 13, "prod": 2.0, "target": 22, "value": 0.0016691487464733008, "supply": [{"l": "Alcohol, Non-Food", "v": 0.0011995672576956458}, {"l": "Beer", "v": 0.00046958148877765491}]}, {"source": 15, "prod": 1.0, "target": 22, "value": 0.0030872848425818182, "supply": [{"l": "Sweeteners, Other", "v": 0.0030872848425818182}]}, {"source": 17, "prod": 11.0, "target": 22, "value": 0.11041171128393899, "supply": [{"l": "Palm Oil", "v": 0.10061551899497745}, {"l": "Oilcrops Oil, Other", "v": 0.0097961922889615409}]}, {"source": 6, "prod": 1.0, "target": 22, "value": 0.0041438698357022016, "supply": [{"l": "Rice", "v": 0.0041438698357022016}]}, {"source": 16, "prod": 1.0, "target": 22, "value": 0.00054904912534002733, "supply": [{"l": "Fruits, Other", "v": 0.00054904912534002733}]}, {"source": 4, "prod": 3.0, "target": 4, "value": 0.003859106053227273, "supply": [{"l": "Sweet potatoes", "v": 0.003859106053227273}]}, {"source": 6, "prod": 14.0, "target": 6, "value": 0.058014177699830825, "supply": [{"l": "Rice", "v": 0.058014177699830825}]}, {"source": 20, "prod": 6.0, "target": 20, "value": 0.010252115703667925, "supply": [{"l": "Eggs", "v": 0.010252115703667925}]}, {"source": 0, "prod": 2.0, "target": 23, "value": 0.0018682803121194988, "supply": [{"l": "Milk - Excluding Butter", "v": 0.0018682803121194988}]}, {"source": 7, "prod": 26.0, "target": 23, "value": 0.04555903364568975, "supply": [{"l": "Coconuts - Incl Copra", "v": 0.04555903364568975}]}, {"source": 11, "prod": 23.0, "target": 23, "value": 0.0064658799604686498, "supply": [{"l": "Vegetables, Other", "v": 0.0062608066919396643}, {"l": "Tomatoes", "v": 0.00020507326852898549}]}, {"source": 4, "prod": 23.0, "target": 23, "value": 0.028402764418608752, "supply": [{"l": "Roots, Other", "v": 0.0039488527056279069}, {"l": "Sweet potatoes", "v": 0.005145474737636364}, {"l": "Cassava", "v": 0.019308436975344481}]}, {"source": 16, "prod": 104.0, "target": 23, "value": 0.072474037619765688, "supply": [{"l": "Bananas", "v": 0.061818682308907809}, {"l": "Fruits, Other", "v": 0.010431933381460519}, {"l": "Oranges, Mandarines", "v": 0.00022342192939736843}]}, {"source": 6, "prod": 55.0, "target": 23, "value": 0.21860776763533118, "supply": [{"l": "Maize", "v": 0.052852974207243095}, {"l": "Rice", "v": 0.16575479342808808}]}, {"source": 17, "prod": 7.0, "target": 23, "value": 0.070850834010690172, "supply": [{"l": "Palm Oil", "v": 0.060369311396986466}, {"l": "Palmkernel Oil", "v": 0.010481522613703704}]}, {"source": 20, "prod": 4.0, "target": 23, "value": 0.0068347438024452837, "supply": [{"l": "Eggs", "v": 0.0068347438024452837}]}, {"source": 24, "prod": 4.0, "target": 12, "value": 0.008172341472651376, "supply": [{"l": "Nuts", "v": 0.0070101192526513768}, {"l": "Infant food", "v": 0.0011622222200000001}]}, {"source": 24, "prod": 854.0, "target": 1, "value": 0.76902903129462319, "supply": [{"l": "Pigmeat", "v": 0.0041258261260205186}, {"l": "Meat, Other", "v": 0.010612541646375}, {"l": "Crustaceans", "v": 0.007216528319534999}, {"l": "Eggs", "v": 0.0034173719012226419}, {"l": "Aquatic Products, Other", "v": 0.0011622222200000001}, {"l": "Marine Fish, Other", "v": 0.0085215947792453544}, {"l": "Milk - Excluding Butter", "v": 0.44932141506473955}, {"l": "Fish, Seafood", "v": 0.13036483073500438}, {"l": "Mutton & Goat Meat", "v": 0.0056600222113999997}, {"l": "Pelagic Fish", "v": 0.1310223496088323}, {"l": "Molluscs, Other", "v": 0.0044684385879473695}, {"l": "Aquatic Animals, Others", "v": 0.0011622222200000001}, {"l": "Poultry Meat", "v": 0.0017420154754308858}, {"l": "Offals, Edible", "v": 0.0013349108989150942}, {"l": "Bovine Meat", "v": 0.0088967414999550892}]}, {"source": 24, "prod": 832.0, "target": 6, "value": 2.8297628581525687, "supply": [{"l": "Maize", "v": 1.0288712312343322}, {"l": "Barley", "v": 0.057432578321558826}, {"l": "Rice", "v": 0.65473143404094802}, {"l": "Cereals, Other", "v": 0.12735049975650001}, {"l": "Wheat", "v": 0.95076457315285479}, {"l": "Oats", "v": 0.010612541646375}]}, {"source": 24, "prod": 29.0, "target": 10, "value": 0.11358453637438423, "supply": [{"l": "Peas", "v": 0.011073956500565219}, {"l": "Beans", "v": 0.061239584582360659}, {"l": "Pulses, Other", "v": 0.041270995291458341}]}, {"source": 24, "prod": 392.0, "target": 21, "value": 1.6753053510828437, "supply": [{"l": "Sugar", "v": 1.3994105643544459}, {"l": "Beer", "v": 0.0014087444663329646}, {"l": "Groundnut Oil", "v": 0.019976548981411768}, {"l": "Beverages, Alcoholic", "v": 0.0057886590798409097}, {"l": "Fats, Animals, Raw", "v": 0.090113511523605277}, {"l": "Soyabean Oil", "v": 0.010612541646375}, {"l": "Butter, Ghee", "v": 0.058368979055062498}, {"l": "Palm Oil", "v": 0.040246207597990982}, {"l": "Coconut Oil", "v": 0.020525355272109889}, {"l": "Oilcrops Oil, Other", "v": 0.019592384577923082}, {"l": "Sweeteners, Other", "v": 0.0092618545277454549}]}, {"source": 24, "prod": 3.0, "target": 9, "value": 0.0072085188541415098, "supply": [{"l": "Treenuts", "v": 0.0072085188541415098}]}, {"source": 24, "prod": 96.0, "target": 11, "value": 0.035667037076146678, "supply": [{"l": "Tomatoes", "v": 0.00020507326852898549}, {"l": "Vegetables, Other", "v": 0.0139445239956838}, {"l": "Onions", "v": 0.021517439811933891}]}, {"source": 24, "prod": 10.0, "target": 19, "value": 0.0094025603874731568, "supply": [{"l": "Cocoa Beans", "v": 0.0043913965433275866}, {"l": "Coffee", "v": 0.00268671940414557}, {"l": "Tea", "v": 0.0023244444400000001}]}, {"source": 24, "prod": 49.0, "target": 16, "value": 0.027180175057982845, "supply": [{"l": "Grapes", "v": 0.0021084519827235101}, {"l": "Dates", "v": 0.0050940199902600007}, {"l": "Apples", "v": 0.004994137245352942}, {"l": "Fruits, Other", "v": 0.0120790807574806}, {"l": "Oranges, Mandarines", "v": 0.002904485082165789}]}, {"source": 24, "prod": 133.0, "target": 7, "value": 0.31763800247969454, "supply": [{"l": "Coconuts - Incl Copra", "v": 0.15945661775991413}, {"l": "Sesame seed", "v": 0.0097961922889615374}, {"l": "Oilcrops, Other", "v": 0.0424501665855}, {"l": "Soyabeans", "v": 0.06711715527707432}, {"l": "Groundnuts", "v": 0.025756280849629217}, {"l": "Palm kernels", "v": 0.013061589718615384}]}, {"source": 24, "prod": 24.0, "target": 18, "value": 0.085708907772628573, "supply": [{"l": "Pimento", "v": 0.029108685658628577}, {"l": "Spices, Other", "v": 0.056600222114000003}]}, {"source": 24, "prod": 38.0, "target": 4, "value": 0.038461693284163455, "supply": [{"l": "Roots, Other", "v": 0.0019744263528139534}, {"l": "Potatoes", "v": 0.023993572417891306}, {"l": "Cassava", "v": 0.012493694513458194}]}, {"source": 0, "prod": 32.0, "target": 25, "value": 0.029892484993911981, "supply": [{"l": "Milk - Excluding Butter", "v": 0.029892484993911981}]}, {"source": 7, "prod": 153.0, "target": 25, "value": 0.27278418998720894, "supply": [{"l": "Coconuts - Incl Copra", "v": 0.26634511977480163}, {"l": "Groundnuts", "v": 0.0064390702124073043}]}, {"source": 15, "prod": 37.0, "target": 25, "value": 0.14414462532574279, "supply": [{"l": "Sugar", "v": 0.13797005564057915}, {"l": "Sweeteners, Other", "v": 0.0061745696851636363}]}, {"source": 9, "prod": 2.0, "target": 25, "value": 0.0048056792360943405, "supply": [{"l": "Treenuts", "v": 0.0048056792360943405}]}, {"source": 11, "prod": 61.0, "target": 25, "value": 0.017169324103857811, "supply": [{"l": "Tomatoes", "v": 0.0014355128797028987}, {"l": "Vegetables, Other", "v": 0.014798270362766481}, {"l": "Onions", "v": 0.00093554086138842988}]}, {"source": 12, "prod": 3.0, "target": 25, "value": 0.0058356350551009174, "supply": [{"l": "Nuts", "v": 0.0046734128351009173}, {"l": "Infant food", "v": 0.0011622222200000001}]}, {"source": 13, "prod": 8.0, "target": 25, "value": 0.0037566519102212393, "supply": [{"l": "Beer", "v": 0.0037566519102212393}]}, {"source": 14, "prod": 1.0, "target": 25, "value": 0.0081921374112368436, "supply": [{"l": "Fats, Animals, Raw", "v": 0.0081921374112368436}]}, {"source": 4, "prod": 161.0, "target": 25, "value": 0.24492131580558377, "supply": [{"l": "Roots, Other", "v": 0.14610755010823259}, {"l": "Cassava", "v": 0.098813765697351175}]}, {"source": 10, "prod": 2.0, "target": 25, "value": 0.0079545735655433755, "supply": [{"l": "Beans", "v": 0.0038274740363975412}, {"l": "Pulses, Other", "v": 0.0041270995291458343}]}, {"source": 5, "prod": 278.0, "target": 25, "value": 0.18791089409554995, "supply": [{"l": "Fish, Seafood", "v": 0.10180174984362698}, {"l": "Pelagic Fish", "v": 0.055167305098455709}, {"l": "Molluscs, Other", "v": 0.0089368771758947391}, {"l": "Cephalopods", "v": 0.00065307948593076924}, {"l": "Crustaceans", "v": 0.020800581626895}, {"l": "Freshwater Fish", "v": 0.00055130086474675327}]}, {"source": 16, "prod": 139.0, "target": 25, "value": 0.082245639256624772, "supply": [{"l": "Fruits, Other", "v": 0.01482432638418074}, {"l": "Citrus, Other", "v": 0.00059868243617448174}, {"l": "Pineapples", "v": 0.048713305917786887}, {"l": "Bananas", "v": 0.017662480659687941}, {"l": "Oranges, Mandarines", "v": 0.00044684385879473687}]}, {"source": 6, "prod": 8.0, "target": 25, "value": 0.023698531838398575, "supply": [{"l": "Maize", "v": 0.0035235316138162061}, {"l": "Oats", "v": 0.002122508329275}, {"l": "Wheat", "v": 0.01805249189530737}]}, {"source": 17, "prod": 1379.0, "target": 25, "value": 13.926707497581795, "supply": [{"l": "Coconut Oil", "v": 0.3899817501700879}, {"l": "Oilcrops Oil, Other", "v": 0.058777153733769245}, {"l": "Palm Oil", "v": 12.335462628784235}, {"l": "Palmkernel Oil", "v": 1.1424859648937038}]}, {"source": 18, "prod": 40.0, "target": 25, "value": 0.22286337457387503, "supply": [{"l": "Pimento", "v": 0.018192928536642859}, {"l": "Pepper", "v": 0.19405790439085716}, {"l": "Spices, Other", "v": 0.010612541646375}]}, {"source": 19, "prod": 14.0, "target": 25, "value": 0.018640273934968574, "supply": [{"l": "Coffee", "v": 0.001074687761658228}, {"l": "Cocoa Beans", "v": 0.017565586173310346}]}, {"source": 26, "prod": 53.0, "target": 21, "value": 0.53930752792663805, "supply": [{"l": "Palm Oil", "v": 0.36221586838191883}, {"l": "Palmkernel Oil", "v": 0.12577827136444447}, {"l": "Coconut Oil", "v": 0.05131338818027472}]}, {"source": 27, "prod": 2.0, "target": 28, "value": 0.0023244444400000001, "supply": [{"l": "Aquatic Products, Other", "v": 0.0011622222200000001}, {"l": "Aquatic Animals, Others", "v": 0.0011622222200000001}]}, {"source": 26, "prod": 1.0, "target": 16, "value": 0.00057309771667984574, "supply": [{"l": "Pineapples", "v": 0.00057309771667984574}]}, {"source": 17, "prod": 7.0, "target": 28, "value": 0.068573346022730783, "supply": [{"l": "Oilcrops Oil, Other", "v": 0.068573346022730783}]}, {"source": 26, "prod": 151.0, "target": 6, "value": 0.56505124228082282, "supply": [{"l": "Wheat", "v": 0.15645492975933054}, {"l": "Barley", "v": 0.0024970686226764706}, {"l": "Rice", "v": 0.4060992438988158}]}, {"source": 1, "prod": 511.0, "target": 0, "value": 0.47734561974653206, "supply": [{"l": "Milk - Excluding Butter", "v": 0.47734561974653206}]}, {"source": 1, "prod": 102.0, "target": 20, "value": 0.17428596696235471, "supply": [{"l": "Eggs", "v": 0.18453808266602265}]}, {"source": 1, "prod": 277.0, "target": 2, "value": 0.75626597181166355, "supply": [{"l": "Pigmeat", "v": 0.47034417836633913}, {"l": "Bovine Meat", "v": 0.037366314299811382}, {"l": "Poultry Meat", "v": 0.198589764199121}, {"l": "Offals, Edible", "v": 0.028033128877216977}, {"l": "Meat, Other", "v": 0.010612541646375}, {"l": "Mutton & Goat Meat", "v": 0.011320044422799999}]}, {"source": 1, "prod": 1310.0, "target": 5, "value": 0.96690313013334617, "supply": [{"l": "Pelagic Fish", "v": 0.25711904697673105}, {"l": "Crustaceans", "v": 0.031413123273269998}, {"l": "Freshwater Fish", "v": 0.0055130086474675334}, {"l": "Molluscs, Other", "v": 0.01424314799908224}, {"l": "Demersal Fish", "v": 0.041649220046150938}, {"l": "Fish, Seafood", "v": 0.47971328163723509}, {"l": "Marine Fish, Other", "v": 0.13137458618003256}, {"l": "Cephalopods", "v": 0.0058777153733769235}]}, {"source": 1, "prod": 2.0, "target": 27, "value": 0.0023244444400000001, "supply": [{"l": "Aquatic Products, Other", "v": 0.0011622222200000001}, {"l": "Aquatic Animals, Others", "v": 0.0011622222200000001}]}, {"source": 21, "prod": 418.0, "target": 15, "value": 1.6392094970359978, "supply": [{"l": "Sweeteners, Other", "v": 0.030872848425818184}, {"l": "Sugar", "v": 1.6083366486101798}]}, {"source": 21, "prod": 1534.0, "target": 17, "value": 15.500906387624813, "supply": [{"l": "Sesameseed Oil", "v": 0.0094333703523333343}, {"l": "Soyabean Oil", "v": 0.0424501665855}, {"l": "Coconut Oil", "v": 0.96469169778916486}, {"l": "Groundnut Oil", "v": 0.019976548981411768}, {"l": "Palm Oil", "v": 13.049832813648575}, {"l": "Palmkernel Oil", "v": 1.2577827136444446}, {"l": "Oilcrops Oil, Other", "v": 0.15673907662338465}]}, {"source": 21, "prod": 27.0, "target": 14, "value": 0.23040386469103619, "supply": [{"l": "Fats, Animals, Raw", "v": 0.17203488563597369}, {"l": "Butter, Ghee", "v": 0.058368979055062498}]}, {"source": 21, "prod": 69.0, "target": 13, "value": 0.037511023108084122, "supply": [{"l": "Beer", "v": 0.030522796770547565}, {"l": "Beverages, Alcoholic", "v": 0.0057886590798409097}, {"l": "Alcohol, Non-Food", "v": 0.0011995672576956458}]}, {"source": 7, "prod": 1630.5, "target": 29, "value": 3.625610994608413, "supply": [{"l": "Coconuts - Incl Copra", "v": 4.6111166578500002}, {"l": "Sesame seed", "v": 0.0034866666600000002}, {"l": "Groundnuts", "v": 0.074963333190000009}, {"l": "Oilcrops, Other", "v": 0.14469666639000003}, {"l": "Soyabeans", "v": 0.035832567499054051}, {"l": "Palm kernels", "v": 0.81936666510000011}]}, {"source": 11, "prod": 307.0, "target": 29, "value": 0.83972854670274011, "supply": [{"l": "Tomatoes", "v": 0.014193164844314174}, {"l": "Vegetables, Other", "v": 0.94139999819999998}, {"l": "Onions", "v": 0.081936666510000006}]}, {"source": 3, "prod": 320.40000000000003, "target": 29, "value": 1.1171279978640003, "supply": [{"l": "Sugar cane", "v": 1.1171279978640003}]}, {"source": 4, "prod": 237.0, "target": 29, "value": 0.87650888152178352, "supply": [{"l": "Roots, Other", "v": 0.14033833306500001}, {"l": "Potatoes", "v": 0.02266333329}, {"l": "Sweet potatoes", "v": 0.067118333204999991}, {"l": "Cassava", "v": 0.59621999885999999}]}, {"source": 10, "prod": 14.5, "target": 29, "value": 0.05173534977664692, "supply": [{"l": "Peas", "v": 0.0052299999900000003}, {"l": "Beans", "v": 0.027893333280000005}, {"l": "Pulses, Other", "v": 0.017433333299999999}]}, {"source": 6, "prod": 3677.0, "target": 29, "value": 15.940779653286739, "supply": [{"l": "Maize", "v": 1.1192199978600001}, {"l": "Barley", "v": 0.080193333180000007}, {"l": "Rice", "v": 10.1810666472}, {"l": "Cereals, Other", "v": 0.13249333308}, {"l": "Wheat", "v": 1.2865799975399999}, {"l": "Oats", "v": 0.020919999959999998}]}, {"source": 30, "prod": 0, "target": 7, "value": 4.6787213378723495e-05, "supply": "[{\"l\":'Energy for power irrigation',\"v\":4.6787213378723495e-05}]"}, {"source": 30, "prod": 0, "target": 9, "value": 8.7426303157942745e-08, "supply": "[{\"l\":'Energy for power irrigation',\"v\":8.7426303157942745e-08}]"}, {"source": 30, "prod": 0, "target": 11, "value": 1.8510258668612707e-06, "supply": "[{\"l\":'Energy for power irrigation',\"v\":1.8510258668612707e-06}]"}, {"source": 30, "prod": 0, "target": 3, "value": 4.8295495744491127e-06, "supply": "[{\"l\":'Energy for power irrigation',\"v\":4.8295495744491127e-06}]"}, {"source": 30, "prod": 0, "target": 4, "value": 2.8579357032320593e-06, "supply": "[{\"l\":'Energy for power irrigation',\"v\":2.8579357032320593e-06}]"}, {"source": 30, "prod": 0, "target": 12, "value": 9.0441003266837328e-08, "supply": "[{\"l\":'Energy for power irrigation',\"v\":9.0441003266837328e-08}]"}, {"source": 30, "prod": 0, "target": 6, "value": 1.1085052300405361e-05, "supply": "[{\"l\":'Energy for power irrigation',\"v\":1.1085052300405361e-05}]"}, {"source": 30, "prod": 0, "target": 18, "value": 2.8941121045387942e-07, "supply": "[{\"l\":'Energy for power irrigation',\"v\":2.8941121045387942e-07}]"}, {"source": 30, "prod": 0, "target": 19, "value": 1.6580850598920177e-07, "supply": "[{\"l\":'Energy for power irrigation',\"v\":1.6580850598920177e-07}]"}, {"source": 30, "prod": 0, "target": 16, "value": 5.3239603923078241e-06, "supply": "[{\"l\":'Energy for power irrigation',\"v\":5.3239603923078241e-06}]"}, {"source": 30, "prod": 0, "target": 21, "value": 0.007407325317416588, "supply": "[{\"l\":'Electricity',\"v\":0.007407325317416588}]"}, {"source": 31, "prod": 0, "target": 30, "value": 0.01626803798082509, "supply": [{"l": "Coal", "v": 0.0}, {"l": "Natural gas", "v": 0.0}, {"l": "Oil", "v": 0.01626803798082509}]}, {"source": 32, "prod": 0, "target": 30, "value": 0.0012989261352450599, "supply": [{"l": "Nuclear", "v": 0.0}, {"l": "Hydroelectric", "v": 0.0012989261352450599}, {"l": "Renewable", "v": 0.0}]}, {"source": 31, "prod": 0, "target": 7, "value": 1.5296790618684271, "supply": [{"l": "Motor Gasoline", "v": 0.026126684828920586}, {"l": "Gas-Diesel oil", "v": 1.2527833840540203}, {"l": "Fuel oil", "v": 0.083393075277863896}, {"l": "Liquefied petroleum gas (LPG)", "v": 0.16737591770762214}]}, {"source": 31, "prod": 0, "target": 9, "value": 0.0028583490175989462, "supply": [{"l": "Motor Gasoline", "v": 4.882016481460204e-05}, {"l": "Gas-Diesel oil", "v": 0.0023409434333900147}, {"l": "Fuel oil", "v": 0.00015582779469040019}, {"l": "Liquefied petroleum gas (LPG)", "v": 0.00031275762470392904}]}, {"source": 31, "prod": 0, "target": 11, "value": 0.060518148165715616, "supply": [{"l": "Motor Gasoline", "v": 0.0010336407309022638}, {"l": "Gas-Diesel oil", "v": 0.04956342303798169}, {"l": "Fuel oil", "v": 0.0032992505496519213}, {"l": "Liquefied petroleum gas (LPG)", "v": 0.0066218338471797393}]}, {"source": 31, "prod": 0, "target": 3, "value": 0.15789914228253488, "supply": [{"l": "Motor Gasoline", "v": 0.0026968932425169814}, {"l": "Gas-Diesel oil", "v": 0.12931694414795875}, {"l": "Fuel oil", "v": 0.0086081423135869334}, {"l": "Liquefied petroleum gas (LPG)", "v": 0.017277162578472217}]}, {"source": 31, "prod": 0, "target": 4, "value": 0.093438443747717273, "supply": [{"l": "Motor Gasoline", "v": 0.0015959143532497495}, {"l": "Gas-Diesel oil", "v": 0.076524633615646001}, {"l": "Fuel oil", "v": 0.0050939568747068748}, {"l": "Liquefied petroleum gas (LPG)", "v": 0.010223938904114646}]}, {"source": 31, "prod": 0, "target": 12, "value": 0.0029569127768264958, "supply": [{"l": "Motor Gasoline", "v": 5.0503618773726248e-05}, {"l": "Gas-Diesel oil", "v": 0.0024216656207482912}, {"l": "Fuel oil", "v": 0.00016120116692110365}, {"l": "Liquefied petroleum gas (LPG)", "v": 0.00032354237038337486}]}, {"source": 31, "prod": 0, "target": 6, "value": 0.36241894267970082, "supply": [{"l": "Motor Gasoline", "v": 0.0061900602076997132}, {"l": "Gas-Diesel oil", "v": 0.29681548291638221}, {"l": "Fuel oil", "v": 0.019757889692296603}, {"l": "Liquefied petroleum gas (LPG)", "v": 0.039655509863322315}]}, {"source": 31, "prod": 0, "target": 18, "value": 0.0094621208858447874, "supply": [{"l": "Motor Gasoline", "v": 0.00016161158007592399}, {"l": "Gas-Diesel oil", "v": 0.0077493299863945313}, {"l": "Fuel oil", "v": 0.00051584373414753171}, {"l": "Liquefied petroleum gas (LPG)", "v": 0.0010353355852267996}]}, {"source": 31, "prod": 0, "target": 19, "value": 0.0054210067575152423, "supply": [{"l": "Motor Gasoline", "v": 9.2589967751831447e-05}, {"l": "Gas-Diesel oil", "v": 0.0044397203047052006}, {"l": "Fuel oil", "v": 0.00029553547268869004}, {"l": "Liquefied petroleum gas (LPG)", "v": 0.00059316101236952059}]}, {"source": 31, "prod": 0, "target": 16, "value": 0.17406359879585306, "supply": [{"l": "Motor Gasoline", "v": 0.002972979691813352}, {"l": "Gas-Diesel oil", "v": 0.14255538287471609}, {"l": "Fuel oil", "v": 0.0094893753594223022}, {"l": "Liquefied petroleum gas (LPG)", "v": 0.019045860869901336}]}, {"source": 31, "prod": 0, "target": 1, "value": 2.1458234276425845, "supply": [{"l": "Gas-diesel oils used in fisheries", "v": 2.1458234276425845}]}, {"source": 33, "prod": 157.97597280748815, "target": 7, "value": 1.2443341545449293, "supply": [{"l": "Potash", "v": 0.29149365578875047}, {"l": "Phosphate", "v": 0.23884395852440848}, {"l": "Nitrogen", "v": 1.4232490705830432}]}, {"source": 33, "prod": 0.29519294467362001, "target": 9, "value": 0.0023251552543733785, "supply": [{"l": "Potash", "v": 0.29149365578875047}, {"l": "Phosphate", "v": 0.23884395852440848}, {"l": "Nitrogen", "v": 1.4232490705830432}]}, {"source": 33, "prod": 6.2499471734345757, "target": 11, "value": 0.049229149178801876, "supply": [{"l": "Potash", "v": 0.29149365578875047}, {"l": "Phosphate", "v": 0.23884395852440848}, {"l": "Nitrogen", "v": 1.4232490705830432}]}, {"source": 33, "prod": 16.306865426453079, "target": 3, "value": 0.12844478336228113, "supply": [{"l": "Potash", "v": 0.29149365578875047}, {"l": "Phosphate", "v": 0.23884395852440848}, {"l": "Nitrogen", "v": 1.4232490705830432}]}, {"source": 33, "prod": 9.6497555707100613, "target": 4, "value": 0.076008523487791829, "supply": [{"l": "Potash", "v": 0.29149365578875047}, {"l": "Phosphate", "v": 0.23884395852440848}, {"l": "Nitrogen", "v": 1.4232490705830432}]}, {"source": 33, "prod": 0.30537201173133105, "target": 12, "value": 0.0024053330217655641, "supply": [{"l": "Potash", "v": 0.29149365578875047}, {"l": "Phosphate", "v": 0.23884395852440848}, {"l": "Nitrogen", "v": 1.4232490705830432}]}, {"source": 33, "prod": 37.428429571203473, "target": 6, "value": 0.29481365070106597, "supply": [{"l": "Potash", "v": 0.29149365578875047}, {"l": "Phosphate", "v": 0.23884395852440848}, {"l": "Nitrogen", "v": 1.4232490705830432}]}, {"source": 33, "prod": 0.97719043754025936, "target": 18, "value": 0.0076970656696498056, "supply": [{"l": "Potash", "v": 0.29149365578875047}, {"l": "Phosphate", "v": 0.23884395852440848}, {"l": "Nitrogen", "v": 1.4232490705830432}]}, {"source": 33, "prod": 0.55984868817410693, "target": 19, "value": 0.0044097772065702012, "supply": [{"l": "Potash", "v": 0.29149365578875047}, {"l": "Phosphate", "v": 0.23884395852440848}, {"l": "Nitrogen", "v": 1.4232490705830432}]}, {"source": 33, "prod": 17.97623242391769, "target": 16, "value": 0.14159393721459954, "supply": [{"l": "Potash", "v": 0.29149365578875047}, {"l": "Phosphate", "v": 0.23884395852440848}, {"l": "Nitrogen", "v": 1.4232490705830432}]}, {"source": 31, "prod": 0, "target": 33, "value": 2.5946890587321492, "supply": [{"l": "Natural gas (including LNG)", "v": 1.6666674749896129}, {"l": "Fuel oil", "v": 0.67643215693497938}, {"l": "Liquefied petroleum gas (LPG)", "v": 0.1257947134037784}, {"l": "Coal", "v": 0.1257947134037784}]}, {"source": 34, "prod": 0, "target": 4, "value": 0.04871528905451239, "supply": "[{\"l\":'Labor',\"v\":0.04871528905451239}]"}, {"source": 34, "prod": 0, "target": 9, "value": 0.0014902356356338178, "supply": "[{\"l\":'Labor',\"v\":0.0014902356356338178}]"}, {"source": 34, "prod": 0, "target": 11, "value": 0.031551885526867732, "supply": "[{\"l\":'Labor',\"v\":0.031551885526867732}]"}, {"source": 34, "prod": 0, "target": 3, "value": 0.082322672009840558, "supply": "[{\"l\":'Labor',\"v\":0.082322672009840558}]"}, {"source": 34, "prod": 0, "target": 10, "value": 0.0014902356356338178, "supply": "[{\"l\":'Labor',\"v\":0.0014902356356338178}]"}, {"source": 34, "prod": 0, "target": 12, "value": 0.0015416230713453287, "supply": "[{\"l\":'Labor',\"v\":0.0015416230713453287}]"}, {"source": 34, "prod": 0, "target": 6, "value": 0.1889516011112258, "supply": "[{\"l\":'Labor',\"v\":0.1889516011112258}]"}, {"source": 34, "prod": 0, "target": 18, "value": 0.0049331938283050519, "supply": "[{\"l\":'Labor',\"v\":0.0049331938283050519}]"}, {"source": 34, "prod": 0, "target": 19, "value": 0.0028263089641331028, "supply": "[{\"l\":'Labor',\"v\":0.0028263089641331028}]"}, {"source": 34, "prod": 0, "target": 16, "value": 0.090750211466528355, "supply": "[{\"l\":'Labor',\"v\":0.090750211466528355}]"}, {"source": 34, "prod": 0, "target": 7, "value": 0.79751711041715934, "supply": "[{\"l\":'Labor',\"v\":0.79751711041715934}]"}, {"source": 31, "prod": 0, "target": 24, "value": 4.3906079767214816, "supply": "[{\"l\":'Fossil Fuels',\"v\":4.3906079767214816}]"}, {"source": 32, "prod": 0, "target": 24, "value": 1.3669758902082056, "supply": "[{\"l\":'Renewables & Nuclear',\"v\":0.067731274616876419},{\"l\":'Biomass & Waste',\"v\":1.2992446155913293}]"}]}