{"nodes": [{"layer": 13, "name": "Animal Products", "fill": "#17becf"}, {"layer": 10, "name": "Feed", "fill": "#dbdb8d"}, {"layer": 5, "name": "Cereals", "fill": "#e7ba52"}, {"layer": 5, "name": "Oilcrops", "fill": "#ff9896"}, {"layer": 5, "name": "Fruits, Roots & Vegetables", "fill": "#98df8a"}, {"layer": 5, "name": "Sugar Crops", "fill": "#ffbb78"}, {"layer": 13, "name": "Aquatic Products", "fill": "#1f77b4"}, {"layer": 13, "name": "Other Processed", "fill": "#9c9ede"}, {"layer": 16, "name": "Food", "fill": "#b5cf6b"}, {"layer": 13, "name": "Sugar", "fill": "#d6616b"}, {"layer": 13, "name": "Vegetable Oils", "fill": "#f7b6d2"}, {"layer": 10, "name": "Processing", "fill": "#9edae5"}, {"layer": 16, "name": "Biofuels & Other", "fill": "#e7ba52"}, {"name": "Waste", "fill": "#c7c7c7"}, {"layer": 2, "name": "Import", "fill": "#aec7e8"}, {"layer": 16, "name": "Export", "fill": "#aec7e8"}, {"layer": 0, "name": "Stock Draw", "fill": "#c7c7c7"}, {"layer": 16, "name": "Stock Deposit", "fill": "#c7c7c7"}, {"layer": 2, "name": "Electricity", "fill": "#bcbd22"}, {"layer": 0, "name": "Fossil Fuels", "fill": "#c49c94"}, {"layer": 0, "name": "Renewables & Nuclear", "fill": "#2ca02c"}, {"layer": 2, "name": "Fertilizers", "fill": "#c5b0d5"}, {"layer": 0, "name": "Labor", "fill": "#7f7f7f"}], "links": [{"source": 0, "prod": 4117.0, "target": 1, "value": 2.8266827276136914, "supply": [{"l": "Milk - Excluding Butter", "v": 2.7908095476964752}, {"l": "Bovine Meat", "v": 0.018226744388941452}, {"l": "Eggs", "v": 0.017646435528274711}]}, {"source": 2, "prod": 9173.0, "target": 1, "value": 29.062684772912874, "supply": [{"l": "Maize", "v": 6.9876705082541175}, {"l": "Oats", "v": 1.8522422686806501}, {"l": "Rye", "v": 0.84630332111445616}, {"l": "Sorghum", "v": 0.057328199247299046}, {"l": "Cereals, Other", "v": 1.1763164582771448}, {"l": "Wheat", "v": 16.440367213605576}, {"l": "Millet", "v": 0.55758867460954054}, {"l": "Barley", "v": 1.144868129124091}]}, {"source": 3, "prod": 303.0, "target": 1, "value": 1.8823025085960734, "supply": [{"l": "Soyabeans", "v": 0.031061097501585366}, {"l": "Sunflower seed", "v": 1.8015436550919515}, {"l": "Rape and Mustardseed", "v": 0.043485536502219514}, {"l": "Oilcrops, Other", "v": 0.0062122195003170731}]}, {"source": 4, "prod": 7282.0, "target": 1, "value": 6.7101509679932354, "supply": [{"l": "Potatoes", "v": 4.8909982471685787}, {"l": "Beans", "v": 0.32961305819329417}, {"l": "Apples", "v": 0.018795020089286674}, {"l": "Pulses, Other", "v": 0.40416839278463457}, {"l": "Vegetables, Other", "v": 0.16014033972588282}, {"l": "Peas", "v": 0.90643591003155888}]}, {"source": 5, "prod": 4191.0, "target": 1, "value": 4.8708733240199997, "supply": [{"l": "Sugar beet", "v": 4.8708733240199997}]}, {"source": 6, "prod": 36.0, "target": 1, "value": 0.03223316241516451, "supply": [{"l": "Fish, Seafood", "v": 0.015839161513674767}, {"l": "Pelagic Fish", "v": 0.016394000901489739}]}, {"source": 7, "prod": 1863.0, "target": 8, "value": 3.653557041393376, "supply": [{"l": "Beer", "v": 0.70190112810392014}, {"l": "Beverages, Alcoholic", "v": 0.80373489680347088}, {"l": "Fats, Animals, Raw", "v": 1.1161055034839324}, {"l": "Butter, Ghee", "v": 0.88755898759958274}, {"l": "Wine", "v": 0.1442565254024695}]}, {"source": 0, "prod": 10034.0, "target": 8, "value": 9.5139498475318405, "supply": [{"l": "Meat, Other", "v": 0.041270995291458341}, {"l": "Eggs", "v": 0.80531914865399146}, {"l": "Mutton & Goat Meat", "v": 0.041080806373064521}, {"l": "Pigmeat", "v": 1.2585881902590936}, {"l": "Poultry Meat", "v": 0.43286924676848798}, {"l": "Milk - Excluding Butter", "v": 5.3868956187788513}, {"l": "Bovine Meat", "v": 1.3617981879166254}, {"l": "Offals, Edible", "v": 0.18612765349026922}]}, {"source": 2, "prod": 7919.0, "target": 8, "value": 25.76412310979039, "supply": [{"l": "Maize", "v": 1.4459445810152092}, {"l": "Rye", "v": 2.5606100485001484}, {"l": "Barley", "v": 0.37304691847863636}, {"l": "Rice", "v": 0.47203883587429962}, {"l": "Cereals, Other", "v": 0.0033513289409605267}, {"l": "Wheat", "v": 20.166014460526632}, {"l": "Oats", "v": 0.43334545056031254}, {"l": "Millet", "v": 0.30977148589418918}]}, {"source": 3, "prod": 21.0, "target": 8, "value": 0.12580610182052374, "supply": [{"l": "Coconuts - Incl Copra", "v": 0.0015617118141822745}, {"l": "Groundnuts", "v": 0.12424439000634147}]}, {"source": 4, "prod": 13673.0, "target": 8, "value": 8.6522961826204465, "supply": [{"l": "Vegetables, Other", "v": 1.0114746457686277}, {"l": "Nuts", "v": 0.20698841558219011}, {"l": "Citrus, Other", "v": 0.0017086381899351524}, {"l": "Grapefruit", "v": 0.0045563685064937392}, {"l": "Tomatoes", "v": 0.22701991688605408}, {"l": "Pepper", "v": 0.0034866666600000002}, {"l": "Treenuts", "v": 0.20698841558219011}, {"l": "Cocoa Beans", "v": 0.018866740704666669}, {"l": "Peas", "v": 0.68276990625753797}, {"l": "Grapes", "v": 0.061566797895526486}, {"l": "Potatoes", "v": 5.2838651335722897}, {"l": "Coffee", "v": 0.0052593126743097351}, {"l": "Apples", "v": 0.30983305844157427}, {"l": "Lemons, Limes", "v": 0.006690515385758153}, {"l": "Pineapples", "v": 0.0011421569484887893}, {"l": "Bananas", "v": 0.041705426820842106}, {"l": "Spices, Other", "v": 0.02122508329275}, {"l": "Fruits, Other", "v": 0.30983108598767539}, {"l": "Infant food", "v": 0.0084900333171}, {"l": "Oranges, Mandarines", "v": 0.041379994318638653}, {"l": "Tea", "v": 0.011939109352171875}, {"l": "Onions", "v": 0.18550876047562365}]}, {"source": 9, "prod": 2305.0, "target": 8, "value": 7.918697372146597, "supply": [{"l": "Sugar", "v": 7.318268388210992}, {"l": "Sweeteners, Other", "v": 0.39344056835341468}, {"l": "Honey", "v": 0.20698841558219011}]}, {"source": 6, "prod": 1360.0, "target": 8, "value": 1.2094244421278673, "supply": [{"l": "Crustaceans", "v": 0.0046841563128827588}, {"l": "Marine Fish, Other", "v": 0.061516766831529665}, {"l": "Freshwater Fish", "v": 0.041379994318638653}, {"l": "Pelagic Fish", "v": 0.47451524831534192}, {"l": "Fish, Seafood", "v": 0.59836832384993566}, {"l": "Cephalopods", "v": 0.0076410299853900002}, {"l": "Molluscs, Other", "v": 0.00087995341742637596}, {"l": "Demersal Fish", "v": 0.020438969096722222}]}, {"source": 10, "prod": 474.0, "target": 8, "value": 4.8507142514118122, "supply": [{"l": "Soyabean Oil", "v": 0.0424501665855}, {"l": "Sunflowerseed Oil", "v": 4.519602952044913}, {"l": "Rape and Mustard Oil", "v": 0.16980066634200003}, {"l": "Oilcrops Oil, Other", "v": 0.10188039980520001}, {"l": "Maize Germ Oil", "v": 0.0169800666342}]}, {"source": 0, "prod": 4.0, "target": 11, "value": 0.0057144455018942305, "supply": [{"l": "Poultry Meat", "v": 0.0057144455018942305}]}, {"source": 2, "prod": 659.0, "target": 11, "value": 1.9417990202025819, "supply": [{"l": "Maize", "v": 1.1720431846114472}, {"l": "Wheat", "v": 0.095698644960771129}, {"l": "Barley", "v": 0.67405719063036362}]}, {"source": 3, "prod": 2162.6470588235297, "target": 11, "value": 13.360778830025074, "supply": [{"l": "Sunflower seed", "v": 12.424439000634145}, {"l": "Soyabeans", "v": 0.36652095051870737}, {"l": "Rape and Mustardseed", "v": 0.36030873101839028}, {"l": "Oilcrops, Other", "v": 0.049697756002536585}, {"l": "Oil Palm", "v": 0.15981239185129459}]}, {"source": 4, "prod": 385.0, "target": 11, "value": 0.25772564618911431, "supply": [{"l": "Vegetables, Other", "v": 0.035325074939532977}, {"l": "Grapes", "v": 0.22012238699633446}, {"l": "Apples", "v": 0.0022781842532468696}]}, {"source": 5, "prod": 11353.0, "target": 11, "value": 13.194708863660001, "supply": [{"l": "Sugar beet", "v": 13.194708863660001}]}, {"source": 9, "prod": 84.0, "target": 11, "value": 0.29469537133735541, "supply": [{"l": "Sugar", "v": 0.29469537133735541}]}, {"source": 7, "prod": 36.0, "target": 12, "value": 0.24730244683138813, "supply": [{"l": "Alcohol, Non-Food", "v": 0.0069104922348488373}, {"l": "Fats, Animals, Raw", "v": 0.24039195459653931}]}, {"source": 0, "prod": 170.0, "target": 12, "value": 0.15515490496372944, "supply": [{"l": "Eggs", "v": 0.048126642349840126}, {"l": "Offals, Edible", "v": 0.022041432650163464}, {"l": "Milk - Excluding Butter", "v": 0.082383009336734203}, {"l": "Bovine Meat", "v": 0.0026038206269916359}]}, {"source": 2, "prod": 31.0, "target": 12, "value": 0.097014829545034265, "supply": [{"l": "Maize", "v": 0.025479199665466239}, {"l": "Wheat", "v": 0.056099205666658929}, {"l": "Barley", "v": 0.01543642421290909}]}, {"source": 3, "prod": 1.0, "target": 12, "value": 0.0062122195003170731, "supply": [{"l": "Oilcrops, Other", "v": 0.0062122195003170731}]}, {"source": 4, "prod": 113.0, "target": 12, "value": 0.0887593733604021, "supply": [{"l": "Potatoes", "v": 0.077795423050239842}, {"l": "Grapes", "v": 0.010963950310162252}]}, {"source": 10, "prod": 125.0, "target": 12, "value": 1.2532219147443597, "supply": [{"l": "Soyabean Oil", "v": 0.010612541646375}, {"l": "Coconut Oil", "v": 0.069917921434941188}, {"l": "Rape and Mustard Oil", "v": 0.009988274490705884}, {"l": "Oilcrops Oil, Other", "v": 0.0169800666342}, {"l": "Palm Oil", "v": 0.88895642967282373}, {"l": "Palmkernel Oil", "v": 0.019976548981411768}, {"l": "Sunflowerseed Oil", "v": 0.23679013188390205}]}, {"source": 4, "prod": 5035.0, "target": 4, "value": 4.1686804104187107, "supply": [{"l": "Potatoes", "v": 3.8547632121393836}, {"l": "Peas", "v": 0.2589816885804454}, {"l": "Beans", "v": 0.023543789870949582}, {"l": "Pulses, Other", "v": 0.031391719827932776}]}, {"source": 0, "prod": 13.0, "target": 0, "value": 0.020854878351597387, "supply": [{"l": "Eggs", "v": 0.020854878351597387}]}, {"source": 2, "prod": 2843.0, "target": 2, "value": 8.8171355155276743, "supply": [{"l": "Maize", "v": 0.050958399330932477}, {"l": "Wheat", "v": 6.33591028705795}, {"l": "Oats", "v": 0.2253396342913625}, {"l": "Rye", "v": 0.47430186128392593}, {"l": "Millet", "v": 0.010325716196472974}, {"l": "Barley", "v": 1.6311154918307273}, {"l": "Rice", "v": 0.01210355989421281}, {"l": "Cereals, Other", "v": 0.077080565642092105}]}, {"source": 3, "prod": 42.0, "target": 3, "value": 0.2609132190133171, "supply": [{"l": "Sunflower seed", "v": 0.17394214600887806}, {"l": "Soyabeans", "v": 0.049697756002536585}, {"l": "Rape and Mustardseed", "v": 0.024848878001268292}, {"l": "Oilcrops, Other", "v": 0.012424439000634146}]}, {"source": 0, "prod": 86.0, "target": 13, "value": 0.06725620680630659, "supply": [{"l": "Milk - Excluding Butter", "v": 0.053787254029768611}, {"l": "Bovine Meat", "v": 0.0078114618809749072}, {"l": "Eggs", "v": 0.0032084428233226745}, {"l": "Offals, Edible", "v": 0.0024490480722403844}]}, {"source": 2, "prod": 1066.0, "target": 13, "value": 3.283468741044552, "supply": [{"l": "Maize", "v": 0.66882899121848882}, {"l": "Oats", "v": 0.14609932333176251}, {"l": "Rye", "v": 0.2108008272373004}, {"l": "Rice", "v": 0.0080690399294752087}, {"l": "Cereals, Other", "v": 0.026810631527684214}, {"l": "Wheat", "v": 1.6928760298232959}, {"l": "Barley", "v": 0.52998389797654544}]}, {"source": 3, "prod": 54.0, "target": 13, "value": 0.335459853017122, "supply": [{"l": "Soyabeans", "v": 0.0062122195003170731}, {"l": "Sunflower seed", "v": 0.31061097501585366}, {"l": "Rape and Mustardseed", "v": 0.012424439000634146}, {"l": "Oilcrops, Other", "v": 0.0062122195003170731}]}, {"source": 4, "prod": 407.0, "target": 13, "value": 0.37356694934694901, "supply": [{"l": "Potatoes", "v": 0.17114993071052761}, {"l": "Fruits, Other", "v": 0.011577318159681819}, {"l": "Beans", "v": 0.011771894935474791}, {"l": "Apples", "v": 0.0045563685064937392}, {"l": "Tomatoes", "v": 0.0017344475823212956}, {"l": "Vegetables, Other", "v": 0.027671308702634168}, {"l": "Peas", "v": 0.12164291433323954}, {"l": "Grapes", "v": 0.0092771887239834448}, {"l": "Pulses, Other", "v": 0.011771894935474791}, {"l": "Onions", "v": 0.0024136827571177798}]}, {"source": 5, "prod": 31.0, "target": 13, "value": 0.03602888882, "supply": [{"l": "Sugar beet", "v": 0.03602888882}]}, {"source": 9, "prod": 9.0, "target": 13, "value": 0.031574504071859508, "supply": [{"l": "Sugar", "v": 0.031574504071859508}]}, {"source": 14, "prod": 626.0, "target": 11, "value": 3.0128962667999706, "supply": [{"l": "Sugar", "v": 1.6313493770460743}, {"l": "Beer", "v": 0.0045801052404823494}, {"l": "Beverages, Alcoholic", "v": 0.013739058065016598}, {"l": "Fats, Animals, Raw", "v": 0.034341707799505614}, {"l": "Butter, Ghee", "v": 0.016746395992444953}, {"l": "Palm Oil", "v": 0.89894470416352945}, {"l": "Sunflowerseed Oil", "v": 0.26767580126006313}, {"l": "Coconut Oil", "v": 0.069917921434941188}, {"l": "Oilcrops Oil, Other", "v": 0.0339601332684}, {"l": "Wine", "v": 0.0069104922348488373}, {"l": "Sweeteners, Other", "v": 0.014754021313253049}, {"l": "Palmkernel Oil", "v": 0.019976548981411768}]}, {"source": 14, "prod": 516.0, "target": 2, "value": 1.6869313013079952, "supply": [{"l": "Maize", "v": 0.0095546998745498386}, {"l": "Rye", "v": 0.05580021897457952}, {"l": "Barley", "v": 0.23669183793127274}, {"l": "Rice", "v": 0.30662351732005794}, {"l": "Wheat", "v": 1.0757847674900478}, {"l": "Oats", "v": 0.0024762597174875002}]}, {"source": 14, "prod": 29.0, "target": 3, "value": 0.17550385782306033, "supply": [{"l": "Sunflower seed", "v": 0.0062122195003170731}, {"l": "Coconuts - Incl Copra", "v": 0.0015617118141822745}, {"l": "Groundnuts", "v": 0.12424439000634147}, {"l": "Oilcrops, Other", "v": 0.043485536502219514}]}, {"source": 14, "prod": 487.0, "target": 4, "value": 0.56540730264859163, "supply": [{"l": "Vegetables, Other", "v": 0.0014718781224805407}, {"l": "Nuts", "v": 0.031574504071859508}, {"l": "Citrus, Other", "v": 0.0017086381899351524}, {"l": "Grapefruit", "v": 0.0045563685064937392}, {"l": "Tomatoes", "v": 0.008286805115535081}, {"l": "Pepper", "v": 0.0034866666600000002}, {"l": "Treenuts", "v": 0.031574504071859508}, {"l": "Cocoa Beans", "v": 0.27356774021766672}, {"l": "Grapes", "v": 0.045542562826827816}, {"l": "Potatoes", "v": 0.0085574965355263814}, {"l": "Coffee", "v": 0.0052593126743097351}, {"l": "Apples", "v": 0.0056954606331171744}, {"l": "Lemons, Limes", "v": 0.006690515385758153}, {"l": "Pineapples", "v": 0.0003807189828295964}, {"l": "Bananas", "v": 0.041705426820842106}, {"l": "Spices, Other", "v": 0.014150055528500001}, {"l": "Tea", "v": 0.011939109352171875}, {"l": "Fruits, Other", "v": 0.017641627671896105}, {"l": "Infant food", "v": 0.0084900333171}, {"l": "Oranges, Mandarines", "v": 0.042093442496546223}, {"l": "Onions", "v": 0.0010344354673361914}]}, {"source": 14, "prod": 984.0, "target": 1, "value": 0.92693325439697583, "supply": [{"l": "Freshwater Fish", "v": 0.0021403445337226891}, {"l": "Meat, Other", "v": 0.010612541646375002}, {"l": "Crustaceans", "v": 0.00058551953911034486}, {"l": "Eggs", "v": 0.0048126642349840126}, {"l": "Marine Fish, Other", "v": 0.020505588943843224}, {"l": "Pigmeat", "v": 0.010629967823134237}, {"l": "Milk - Excluding Butter", "v": 0.022468093455472963}, {"l": "Pelagic Fish", "v": 0.36613268679993749}, {"l": "Fish, Seafood", "v": 0.37925992291076804}, {"l": "Cephalopods", "v": 0.00084900333171000005}, {"l": "Poultry Meat", "v": 0.098574184907675486}, {"l": "Offals, Edible", "v": 0.0012245240361201922}, {"l": "Demersal Fish", "v": 0.0039305709801388897}, {"l": "Bovine Meat", "v": 0.0052076412539832717}]}, {"source": 7, "prod": 213.0, "target": 15, "value": 0.5806256324758905, "supply": [{"l": "Alcohol, Non-Food", "v": 0.036280084232956394}, {"l": "Beer", "v": 0.053243723420607313}, {"l": "Beverages, Alcoholic", "v": 0.013739058065016598}, {"l": "Butter, Ghee", "v": 0.44377949379979137}, {"l": "Fats, Animals, Raw", "v": 0.017170853899752807}, {"l": "Wine", "v": 0.015548607528409884}, {"l": "Beverages, Fermented", "v": 0.00086381152935610466}]}, {"source": 0, "prod": 1372.0, "target": 15, "value": 1.160962182540743, "supply": [{"l": "Pigmeat", "v": 0.0085039742585073883}, {"l": "Milk - Excluding Butter", "v": 0.85174499735747522}, {"l": "Bovine Meat", "v": 0.29683555147704649}, {"l": "Poultry Meat", "v": 0.0014286113754735576}, {"l": "Offals, Edible", "v": 0.0024490480722403844}]}, {"source": 2, "prod": 5427.0, "target": 15, "value": 16.384986447109966, "supply": [{"l": "Maize", "v": 1.2580354834823957}, {"l": "Rye", "v": 0.068200267635597181}, {"l": "Barley", "v": 5.1068836771040909}, {"l": "Cereals, Other", "v": 0.093837210346894739}, {"l": "Wheat", "v": 9.6325636082927915}, {"l": "Oats", "v": 0.10895542756944999}, {"l": "Sorghum", "v": 0.0063697999163665597}, {"l": "Millet", "v": 0.11014097276237837}]}, {"source": 3, "prod": 1019.0, "target": 15, "value": 6.330251670823098, "supply": [{"l": "Sunflower seed", "v": 3.6217239686848535}, {"l": "Oilcrops, Other", "v": 2.1804890446112926}, {"l": "Soyabeans", "v": 0.0062122195003170731}, {"l": "Rape and Mustardseed", "v": 0.5218264380266342}]}, {"source": 4, "prod": 315.0, "target": 15, "value": 0.8154089146706105, "supply": [{"l": "Vegetables, Other", "v": 0.0064762637389143797}, {"l": "Nuts", "v": 0.021049669381239672}, {"l": "Tomatoes", "v": 0.002119880378392695}, {"l": "Treenuts", "v": 0.021049669381239672}, {"l": "Cocoa Beans", "v": 0.23583425880833336}, {"l": "Peas", "v": 0.46302786746200852}, {"l": "Potatoes", "v": 0.00077795423050239828}, {"l": "Beans", "v": 0.003923964978491597}, {"l": "Apples", "v": 0.038159586241885063}, {"l": "Pineapples", "v": 0.0011421569484887893}, {"l": "Spices, Other", "v": 0.0070750277642500003}, {"l": "Fruits, Other", "v": 0.012679919889175327}, {"l": "Oranges, Mandarines", "v": 0.00071344817790756302}, {"l": "Onions", "v": 0.0013792472897815886}]}, {"source": 9, "prod": 147.0, "target": 15, "value": 0.48109083546644549, "supply": [{"l": "Sugar", "v": 0.39643544001334713}, {"l": "Honey", "v": 0.0035082782302066117}, {"l": "Sweeteners, Other", "v": 0.081147117222891751}]}, {"source": 6, "prod": 150.0, "target": 15, "value": 0.13202803537526742, "supply": [{"l": "Crustaceans", "v": 0.0040986367737724143}, {"l": "Pelagic Fish", "v": 0.061932892294516789}, {"l": "Fish, Seafood", "v": 0.065996506306978203}]}, {"source": 10, "prod": 499.0, "target": 15, "value": 5.1293825469525327, "supply": [{"l": "Maize Germ Oil", "v": 0.0084900333171}, {"l": "Soyabean Oil", "v": 0.010612541646375}, {"l": "Palm Oil", "v": 0.089894470416352956}, {"l": "Sunflowerseed Oil", "v": 4.9005262076842335}, {"l": "Rape and Mustard Oil", "v": 0.11985929388847059}]}, {"source": 16, "prod": 1175.0, "target": 4, "value": 0.87686948326002034, "supply": [{"l": "Pineapples", "v": 0.0015228759313183856}, {"l": "Potatoes", "v": 0.77795423050239831}, {"l": "Apples", "v": 0.097392376826303681}]}, {"source": 16, "prod": 712.0, "target": 3, "value": 4.4231002842257565, "supply": [{"l": "Sunflower seed", "v": 4.3485536502219517}, {"l": "Rape and Mustardseed", "v": 0.074546634003804874}]}, {"source": 2, "prod": 12278.0, "target": 17, "value": 35.620866851765072, "supply": [{"l": "Wheat", "v": 17.103657821781955}, {"l": "Rye", "v": 1.5500060826272088}, {"l": "Barley", "v": 16.967202947355908}]}, {"source": 4, "prod": 36.0, "target": 17, "value": 0.045854926083527592, "supply": [{"l": "Cocoa Beans", "v": 0.018866740704666669}, {"l": "Grapes", "v": 0.026988185378860927}]}, {"source": 10, "prod": 28.0, "target": 17, "value": 0.28985284011577706, "supply": [{"l": "Soyabean Oil", "v": 0.053062708231874998}, {"l": "Sunflowerseed Oil", "v": 0.23679013188390205}]}, {"source": 16, "prod": 31.0, "target": 11, "value": 0.14115660643890132, "supply": [{"l": "Rape and Mustard Oil", "v": 0.049941372453529427}, {"l": "Sugar", "v": 0.091215233985371902}]}, {"source": 16, "prod": 20.0, "target": 2, "value": 0.068838107976486498, "supply": [{"l": "Millet", "v": 0.068838107976486498}]}, {"source": 1, "prod": 1546.0, "target": 6, "value": 1.3736856399182993, "supply": [{"l": "Pelagic Fish", "v": 0.55284214151134847}, {"l": "Crustaceans", "v": 0.0087827930866551732}, {"l": "Freshwater Fish", "v": 0.041379994318638653}, {"l": "Molluscs, Other", "v": 0.00087995341742637596}, {"l": "Marine Fish, Other", "v": 0.061516766831529665}, {"l": "Fish, Seafood", "v": 0.68020399167058865}, {"l": "Demersal Fish", "v": 0.020438969096722222}, {"l": "Cephalopods", "v": 0.0076410299853900002}]}, {"source": 1, "prod": 15783.0, "target": 0, "value": 13.729720314958206, "supply": [{"l": "Poultry Meat", "v": 0.44001230364585575}, {"l": "Pigmeat", "v": 1.267092164517601}, {"l": "Bovine Meat", "v": 1.6872757662905797}, {"l": "Eggs", "v": 0.89515554770702632}, {"l": "Milk - Excluding Butter", "v": 9.1656204271993058}, {"l": "Offals, Edible", "v": 0.21306718228491345}, {"l": "Meat, Other", "v": 0.041270995291458341}, {"l": "Mutton & Goat Meat", "v": 0.041080806373064521}]}, {"source": 11, "prod": 2112.0, "target": 7, "value": 4.481485120700655, "supply": [{"l": "Fats, Animals, Raw", "v": 1.3736683119802247}, {"l": "Alcohol, Non-Food", "v": 0.043190576467805233}, {"l": "Beverages, Fermented", "v": 0.00086381152935610466}, {"l": "Beer", "v": 0.75514485152452748}, {"l": "Beverages, Alcoholic", "v": 0.81747395486848751}, {"l": "Butter, Ghee", "v": 1.3313384813993741}, {"l": "Wine", "v": 0.15980513293087939}]}, {"source": 11, "prod": 1126.0, "target": 10, "value": 11.523171553224483, "supply": [{"l": "Soyabean Oil", "v": 0.116737958110125}, {"l": "Coconut Oil", "v": 0.069917921434941188}, {"l": "Rape and Mustard Oil", "v": 0.29964823472117652}, {"l": "Maize Germ Oil", "v": 0.0254700999513}, {"l": "Palm Oil", "v": 0.97885090008917675}, {"l": "Palmkernel Oil", "v": 0.019976548981411768}, {"l": "Oilcrops Oil, Other", "v": 0.11886046643940001}, {"l": "Sunflowerseed Oil", "v": 9.8937094234969507}]}, {"source": 11, "prod": 2545.0, "target": 9, "value": 8.7260580830222576, "supply": [{"l": "Honey", "v": 0.21049669381239672}, {"l": "Sweeteners, Other", "v": 0.47458768557630643}, {"l": "Sugar", "v": 8.0409737036335542}]}, {"source": 18, "prod": 0, "target": 4, "value": 1.259028790277599, "supply": "[{\"l\":'Energy for power irrigation',\"v\":1.259028790277599}]"}, {"source": 18, "prod": 0, "target": 5, "value": 0.74232939917374341, "supply": "[{\"l\":'Energy for power irrigation',\"v\":0.74232939917374341}]"}, {"source": 18, "prod": 0, "target": 2, "value": 1.8648553708809668, "supply": "[{\"l\":'Energy for power irrigation',\"v\":1.8648553708809668}]"}, {"source": 18, "prod": 0, "target": 3, "value": 0.14587533176625078, "supply": "[{\"l\":'Energy for power irrigation',\"v\":0.14587533176625078}]"}, {"source": 18, "prod": 0, "target": 11, "value": 4.2240000033791993, "supply": "[{\"l\":'Electricity',\"v\":4.2240000033791993}]"}, {"source": 19, "prod": 0, "target": 18, "value": 9.4311014959683774, "supply": [{"l": "Coal", "v": 6.4976372886860929}, {"l": "Natural gas", "v": 2.8003876568005239}, {"l": "Oil", "v": 0.13307655048176095}]}, {"source": 20, "prod": 0, "target": 18, "value": 4.2045743076935098, "supply": [{"l": "Nuclear", "v": 3.6303458567249733}, {"l": "Hydroelectric", "v": 0.57346586338424876}, {"l": "Renewable", "v": 0.00076258758428756474}]}, {"source": 19, "prod": 0, "target": 4, "value": 9.2006491461922479, "supply": [{"l": "Gas-Diesel oil", "v": 3.770761380177988}, {"l": "Natural gas (including LNG)", "v": 0.79693657875278767}, {"l": "Fuel oil", "v": 0.0046955094166532809}, {"l": "Liquefied petroleum gas (LPG)", "v": 0.0054974652328638653}, {"l": "Coal", "v": 0.83985007280638568}, {"l": "Other fossil fuels", "v": 3.7829081398055702}]}, {"source": 19, "prod": 0, "target": 5, "value": 5.4247467615060669, "supply": [{"l": "Gas-Diesel oil", "v": 2.2232589527662086}, {"l": "Natural gas (including LNG)", "v": 0.46987762015727852}, {"l": "Fuel oil", "v": 0.0027684948199717917}, {"l": "Liquefied petroleum gas (LPG)", "v": 0.0032413318065511324}, {"l": "Coal", "v": 0.49517962159143919}, {"l": "Other fossil fuels", "v": 2.2304207403646181}]}, {"source": 19, "prod": 0, "target": 2, "value": 13.627869440606606, "supply": [{"l": "Gas-Diesel oil", "v": 5.585197627279836}, {"l": "Natural gas (including LNG)", "v": 1.1804110204747247}, {"l": "Fuel oil", "v": 0.0069549211442077883}, {"l": "Liquefied petroleum gas (LPG)", "v": 0.0081427665871541665}, {"l": "Coal", "v": 1.2439738718464362}, {"l": "Other fossil fuels", "v": 5.6031892332742483}]}, {"source": 19, "prod": 0, "target": 3, "value": 1.0660183127104985, "supply": [{"l": "Gas-Diesel oil", "v": 0.43689316049996646}, {"l": "Natural gas (including LNG)", "v": 0.092335766044390005}, {"l": "Fuel oil", "v": 0.00054403759410047144}, {"l": "Liquefied petroleum gas (LPG)", "v": 0.00063695490596416579}, {"l": "Coal", "v": 0.097307868533751979}, {"l": "Other fossil fuels", "v": 0.43830052513232548}]}, {"source": 19, "prod": 0, "target": 1, "value": 0.093174629704169315, "supply": [{"l": "Gas-diesel oils used in fisheries", "v": 0.093174629704169315}]}, {"source": 21, "prod": 148.74536996597573, "target": 4, "value": 2.2949656761608774, "supply": [{"l": "Potash", "v": 0.084608333401020003}, {"l": "Phosphate", "v": 0.25670833353869998}, {"l": "Nitrogen", "v": 6.9719444500219998}]}, {"source": 21, "prod": 87.700981875381288, "target": 5, "value": 1.3531227440265623, "supply": [{"l": "Potash", "v": 0.084608333401020003}, {"l": "Phosphate", "v": 0.25670833353869998}, {"l": "Nitrogen", "v": 6.9719444500219998}]}, {"source": 21, "prod": 220.31950676327727, "target": 2, "value": 3.3992702154431655, "supply": [{"l": "Potash", "v": 0.084608333401020003}, {"l": "Phosphate", "v": 0.25670833353869998}, {"l": "Nitrogen", "v": 6.9719444500219998}]}, {"source": 21, "prod": 17.234141395365743, "target": 3, "value": 0.26590248133111538, "supply": [{"l": "Potash", "v": 0.084608333401020003}, {"l": "Phosphate", "v": 0.25670833353869998}, {"l": "Nitrogen", "v": 6.9719444500219998}]}, {"source": 19, "prod": 0, "target": 21, "value": 8.6941097896740391, "supply": [{"l": "Natural gas (including LNG)", "v": 5.8984395628814807}, {"l": "Fuel oil", "v": 1.5632313345636688}, {"l": "Liquefied petroleum gas (LPG)", "v": 0.61621944611444446}, {"l": "Coal", "v": 0.61621944611444446}]}, {"source": 22, "prod": 0, "target": 2, "value": 1.2302364488869013, "supply": "[{\"l\":'Labor',\"v\":1.2302364488869013}]"}, {"source": 22, "prod": 0, "target": 3, "value": 0.096233280572065288, "supply": "[{\"l\":'Labor',\"v\":0.096233280572065288}]"}, {"source": 22, "prod": 0, "target": 4, "value": 0.83057546026519746, "supply": "[{\"l\":'Labor',\"v\":0.83057546026519746}]"}, {"source": 22, "prod": 0, "target": 5, "value": 0.48971126565833023, "supply": "[{\"l\":'Labor',\"v\":0.48971126565833023}]"}, {"source": 19, "prod": 0, "target": 14, "value": 36.589764328498397, "supply": "[{\"l\":'Fossil Fuels',\"v\":36.589764328498397}]"}, {"source": 20, "prod": 0, "target": 14, "value": 6.8404411644081424, "supply": "[{\"l\":'Renewables & Nuclear',\"v\":6.7558455610669705},{\"l\":'Biomass & Waste',\"v\":0.084595603341172249}]"}]}