{"nodes": [{"layer": 13, "name": "Animal Products", "fill": "#17becf"}, {"layer": 10, "name": "Feed", "fill": "#dbdb8d"}, {"layer": 5, "name": "Cereals", "fill": "#e7ba52"}, {"layer": 5, "name": "Oilcrops", "fill": "#ff9896"}, {"layer": 5, "name": "Sugar Crops", "fill": "#ffbb78"}, {"layer": 5, "name": "Starchy Roots"}, {"layer": 5, "name": "Fruits & Vegetables"}, {"layer": 5, "name": "Others"}, {"layer": 13, "name": "Aquatic Products", "fill": "#1f77b4"}, {"layer": 13, "name": "Other Processed", "fill": "#9c9ede"}, {"layer": 16, "name": "Food", "fill": "#b5cf6b"}, {"layer": 13, "name": "Sugar", "fill": "#d6616b"}, {"layer": 13, "name": "Vegetable Oils", "fill": "#f7b6d2"}, {"layer": 10, "name": "Processing", "fill": "#9edae5"}, {"layer": 16, "name": "Biofuels & Other", "fill": "#e7ba52"}, {"name": "Seed", "fill": "#dbdb8d"}, {"name": "Waste", "fill": "#c7c7c7"}, {"layer": 0, "name": "Import", "fill": "#aec7e8"}, {"layer": 16, "name": "Export", "fill": "#aec7e8"}, {"layer": 0, "name": "Stock Draw", "fill": "#c7c7c7"}, {"layer": 16, "name": "Stock Deposit", "fill": "#c7c7c7"}, {"layer": 0, "name": "Production", "fill": "#b5cf6b"}], "links": [{"source": 0, "prod": 1.9952028789811902, "target": 1, "value": 2922.0, "supply": [{"l": "Milk - Excluding Butter", "v": 2908.0}, {"l": "Eggs", "v": 14.0}]}, {"source": 2, "prod": 53.436016981554488, "target": 1, "value": 17748.0, "supply": [{"l": "Maize", "v": 5788.0}, {"l": "Oats", "v": 656.0}, {"l": "Rye", "v": 258.0}, {"l": "Sorghum", "v": 53.0}, {"l": "Cereals, Other", "v": 280.0}, {"l": "Wheat", "v": 5000.0}, {"l": "Millet", "v": 163.0}, {"l": "Barley", "v": 5550.0}]}, {"source": 3, "prod": 2.0602480849496003, "target": 1, "value": 312.0, "supply": [{"l": "Soyabeans", "v": 135.0}, {"l": "Sunflower seed", "v": 150.0}, {"l": "Rape and Mustardseed", "v": 26.0}, {"l": "Oilcrops, Other", "v": 1.0}]}, {"source": 4, "prod": 5.9505777664000004, "target": 1, "value": 5120.0, "supply": [{"l": "Sugar beet", "v": 5120.0}]}, {"source": 5, "prod": 6.4417797371876926, "target": 1, "value": 8280.0, "supply": [{"l": "Potatoes", "v": 8280.0}]}, {"source": 6, "prod": 1.8946069414459215, "target": 1, "value": 1638.0, "supply": [{"l": "Beans", "v": 37.0}, {"l": "Apples", "v": 40.0}, {"l": "Pulses, Other", "v": 122.0}, {"l": "Vegetables, Other", "v": 1200.0}, {"l": "Peas", "v": 239.0}]}, {"source": 7, "prod": 0.0047166851761666672, "target": 1, "value": 1.0, "supply": [{"l": "Cocoa Beans", "v": 1.0}]}, {"source": 8, "prod": 0.06478485462726119, "target": 1, "value": 74.0, "supply": [{"l": "Fish, Seafood", "v": 37.0}, {"l": "Pelagic Fish", "v": 37.0}]}, {"source": 9, "prod": 4.6177794595904809, "target": 10, "value": 2769.0, "supply": [{"l": "Beer", "v": 1931.0}, {"l": "Beverages, Alcoholic", "v": 428.0}, {"l": "Fats, Animals, Raw", "v": 146.0}, {"l": "Butter, Ghee", "v": 74.0}, {"l": "Wine", "v": 189.0}, {"l": "Beverages, Fermented", "v": 1.0}]}, {"source": 0, "prod": 10.875549500894994, "target": 10, "value": 11533.0, "supply": [{"l": "Meat, Other", "v": 31.0}, {"l": "Eggs", "v": 597.0}, {"l": "Mutton & Goat Meat", "v": 16.0}, {"l": "Pigmeat", "v": 599.0}, {"l": "Poultry Meat", "v": 659.0}, {"l": "Milk - Excluding Butter", "v": 8968.0}, {"l": "Offals, Edible", "v": 131.0}, {"l": "Bovine Meat", "v": 532.0}]}, {"source": 2, "prod": 24.59463491389312, "target": 10, "value": 7567.0, "supply": [{"l": "Maize", "v": 441.0}, {"l": "Rye", "v": 714.0}, {"l": "Barley", "v": 153.0}, {"l": "Rice", "v": 150.0}, {"l": "Cereals, Other", "v": 1.0}, {"l": "Wheat", "v": 5830.0}, {"l": "Oats", "v": 198.0}, {"l": "Millet", "v": 80.0}]}, {"source": 3, "prod": 0.14174259570851383, "target": 10, "value": 23.0, "supply": [{"l": "Coconuts - Incl Copra", "v": 2.0}, {"l": "Groundnuts", "v": 21.0}]}, {"source": 11, "prod": 7.5589603701206816, "target": 10, "value": 2272.0, "supply": [{"l": "Sugar", "v": 2015.0}, {"l": "Sweeteners, Other", "v": 204.0}, {"l": "Honey", "v": 53.0}]}, {"source": 5, "prod": 5.2172191929445253, "target": 10, "value": 6706.0, "supply": [{"l": "Potatoes", "v": 6706.0}]}, {"source": 6, "prod": 3.299166318607559, "target": 10, "value": 7526.0, "supply": [{"l": "Vegetables, Other", "v": 3627.0}, {"l": "Citrus, Other", "v": 1.0}, {"l": "Grapefruit", "v": 6.0}, {"l": "Tomatoes", "v": 1187.0}, {"l": "Treenuts", "v": 76.0}, {"l": "Peas", "v": 127.0}, {"l": "Grapes", "v": 132.0}, {"l": "Apples", "v": 594.0}, {"l": "Lemons, Limes", "v": 37.0}, {"l": "Pineapples", "v": 7.0}, {"l": "Bananas", "v": 67.0}, {"l": "Fruits, Other", "v": 778.0}, {"l": "Oranges, Mandarines", "v": 174.0}, {"l": "Onions", "v": 713.0}]}, {"source": 7, "prod": 0.39942442036079506, "target": 10, "value": 153.0, "supply": [{"l": "Nuts", "v": 76.0}, {"l": "Pepper", "v": 4.0}, {"l": "Cocoa Beans", "v": 13.0}, {"l": "Pimento", "v": 1.0}, {"l": "Coffee", "v": 49.0}, {"l": "Spices, Other", "v": 2.0}, {"l": "Tea", "v": 6.0}, {"l": "Infant food", "v": 2.0}]}, {"source": 8, "prod": 0.9749383427883086, "target": 10, "value": 1144.0, "supply": [{"l": "Crustaceans", "v": 13.0}, {"l": "Marine Fish, Other", "v": 25.0}, {"l": "Freshwater Fish", "v": 44.0}, {"l": "Pelagic Fish", "v": 378.0}, {"l": "Fish, Seafood", "v": 572.0}, {"l": "Cephalopods", "v": 21.0}, {"l": "Molluscs, Other", "v": 1.0}, {"l": "Demersal Fish", "v": 90.0}]}, {"source": 12, "prod": 6.0605040753732862, "target": 10, "value": 588.0, "supply": [{"l": "Soyabean Oil", "v": 28.0}, {"l": "Sunflowerseed Oil", "v": 536.0}, {"l": "Rape and Mustard Oil", "v": 10.0}, {"l": "Oilcrops Oil, Other", "v": 9.0}, {"l": "Maize Germ Oil", "v": 5.0}]}, {"source": 0, "prod": 0.0043091961760658749, "target": 13, "value": 3.0, "supply": [{"l": "Poultry Meat", "v": 3.0}]}, {"source": 2, "prod": 4.2614160294887791, "target": 13, "value": 1407.0, "supply": [{"l": "Maize", "v": 874.0}, {"l": "Wheat", "v": 156.0}, {"l": "Barley", "v": 377.0}]}, {"source": 3, "prod": 25.396519662551796, "target": 13, "value": 3846.0, "supply": [{"l": "Sunflower seed", "v": 3644.0}, {"l": "Soyabeans", "v": 153.0}, {"l": "Rape and Mustardseed", "v": 42.0}, {"l": "Oilcrops, Other", "v": 7.0}]}, {"source": 4, "prod": 13.302795530120001, "target": 13, "value": 11446.0, "supply": [{"l": "Sugar beet", "v": 11446.0}]}, {"source": 11, "prod": 0.3416660604418737, "target": 13, "value": 115.0, "supply": [{"l": "Sweeteners, Other", "v": 54.0}, {"l": "Sugar", "v": 61.0}]}, {"source": 5, "prod": 0.11669890828238573, "target": 13, "value": 150.0, "supply": [{"l": "Potatoes", "v": 150.0}]}, {"source": 6, "prod": 0.29219040512934857, "target": 13, "value": 464.0, "supply": [{"l": "Vegetables, Other", "v": 110.0}, {"l": "Fruits, Other", "v": 26.0}, {"l": "Grapes", "v": 297.0}, {"l": "Apples", "v": 31.0}]}, {"source": 9, "prod": 0.29830808305076717, "target": 14, "value": 42.0, "supply": [{"l": "Alcohol, Non-Food", "v": 8.0}, {"l": "Fats, Animals, Raw", "v": 34.0}]}, {"source": 0, "prod": 0.18602686814096067, "target": 14, "value": 176.0, "supply": [{"l": "Eggs", "v": 58.0}, {"l": "Milk - Excluding Butter", "v": 106.0}, {"l": "Offals, Edible", "v": 8.0}, {"l": "Bovine Meat", "v": 4.0}]}, {"source": 2, "prod": 0.11579028787867127, "target": 14, "value": 37.0, "supply": [{"l": "Maize", "v": 11.0}, {"l": "Wheat", "v": 19.0}, {"l": "Barley", "v": 7.0}]}, {"source": 3, "prod": 0.0066033592466333332, "target": 14, "value": 1.0, "supply": [{"l": "Oilcrops, Other", "v": 1.0}]}, {"source": 5, "prod": 0.17038040609228314, "target": 14, "value": 219.0, "supply": [{"l": "Potatoes", "v": 219.0}]}, {"source": 8, "prod": 0.0018183683289346136, "target": 14, "value": 2.0, "supply": [{"l": "Aquatic Plants", "v": 1.0}, {"l": "Aquatic Products, Other", "v": 1.0}]}, {"source": 12, "prod": 1.7102980706938715, "target": 14, "value": 169.0, "supply": [{"l": "Coconut Oil", "v": 9.0}, {"l": "Rape and Mustard Oil", "v": 2.0}, {"l": "Oilcrops Oil, Other", "v": 1.0}, {"l": "Palm Oil", "v": 130.0}, {"l": "Palmkernel Oil", "v": 10.0}, {"l": "Sunflowerseed Oil", "v": 17.0}]}, {"source": 5, "prod": 3.9203053255662774, "target": 15, "value": 5039.0, "supply": [{"l": "Potatoes", "v": 5039.0}]}, {"source": 6, "prod": 0.27751004424550746, "target": 15, "value": 73.0, "supply": [{"l": "Peas", "v": 62.0}, {"l": "Beans", "v": 4.0}, {"l": "Pulses, Other", "v": 7.0}]}, {"source": 0, "prod": 0.029178157462109788, "target": 0, "value": 18.0, "supply": [{"l": "Eggs", "v": 18.0}]}, {"source": 2, "prod": 7.8797967441614594, "target": 15, "value": 2541.0, "supply": [{"l": "Maize", "v": 19.0}, {"l": "Wheat", "v": 1666.0}, {"l": "Oats", "v": 75.0}, {"l": "Rye", "v": 124.0}, {"l": "Millet", "v": 3.0}, {"l": "Barley", "v": 630.0}, {"l": "Rice", "v": 2.0}, {"l": "Sorghum", "v": 1.0}, {"l": "Cereals, Other", "v": 21.0}]}, {"source": 3, "prod": 0.53487209897730004, "target": 15, "value": 81.0, "supply": [{"l": "Sunflower seed", "v": 37.0}, {"l": "Soyabeans", "v": 33.0}, {"l": "Rape and Mustardseed", "v": 10.0}, {"l": "Oilcrops, Other", "v": 1.0}]}, {"source": 0, "prod": 0.050733417282974556, "target": 16, "value": 64.0, "supply": [{"l": "Milk - Excluding Butter", "v": 57.0}, {"l": "Bovine Meat", "v": 2.0}, {"l": "Eggs", "v": 2.0}, {"l": "Offals, Edible", "v": 3.0}]}, {"source": 2, "prod": 3.4707740964325366, "target": 16, "value": 1135.0, "supply": [{"l": "Maize", "v": 490.0}, {"l": "Oats", "v": 53.0}, {"l": "Rye", "v": 58.0}, {"l": "Rice", "v": 6.0}, {"l": "Sorghum", "v": 1.0}, {"l": "Cereals, Other", "v": 7.0}, {"l": "Wheat", "v": 295.0}, {"l": "Barley", "v": 225.0}]}, {"source": 3, "prod": 0.30375452534513336, "target": 16, "value": 46.0, "supply": [{"l": "Soyabeans", "v": 4.0}, {"l": "Sunflower seed", "v": 39.0}, {"l": "Rape and Mustardseed", "v": 3.0}]}, {"source": 4, "prod": 0.039515555480000006, "target": 16, "value": 34.0, "supply": [{"l": "Sugar beet", "v": 34.0}]}, {"source": 11, "prod": 0.034111741006205357, "target": 16, "value": 10.0, "supply": [{"l": "Sugar", "v": 10.0}]}, {"source": 5, "prod": 0.3080851178654983, "target": 16, "value": 396.0, "supply": [{"l": "Potatoes", "v": 396.0}]}, {"source": 6, "prod": 0.21359338628728874, "target": 16, "value": 227.0, "supply": [{"l": "Fruits, Other", "v": 35.0}, {"l": "Beans", "v": 1.0}, {"l": "Apples", "v": 8.0}, {"l": "Tomatoes", "v": 13.0}, {"l": "Vegetables, Other", "v": 109.0}, {"l": "Peas", "v": 32.0}, {"l": "Grapes", "v": 19.0}, {"l": "Pulses, Other", "v": 3.0}, {"l": "Onions", "v": 7.0}]}, {"source": 17, "prod": 0.50966275811781792, "target": 7, "value": 157.0, "supply": [{"l": "Nuts", "v": 4.0}, {"l": "Pepper", "v": 4.0}, {"l": "Pimento", "v": 1.0}, {"l": "Cocoa Beans", "v": 88.0}, {"l": "Coffee", "v": 50.0}, {"l": "Spices, Other", "v": 1.0}, {"l": "Tea", "v": 6.0}, {"l": "Infant food", "v": 3.0}]}, {"source": 17, "prod": 1.3105332077129541, "target": 1, "value": 1220.0, "supply": [{"l": "Freshwater Fish", "v": 6.0}, {"l": "Crustaceans", "v": 3.0}, {"l": "Eggs", "v": 4.0}, {"l": "Marine Fish, Other", "v": 26.0}, {"l": "Aquatic Plants", "v": 1.0}, {"l": "Pigmeat", "v": 58.0}, {"l": "Milk - Excluding Butter", "v": 28.0}, {"l": "Pelagic Fish", "v": 329.0}, {"l": "Fish, Seafood", "v": 410.0}, {"l": "Cephalopods", "v": 1.0}, {"l": "Molluscs, Other", "v": 1.0}, {"l": "Poultry Meat", "v": 297.0}, {"l": "Offals, Edible", "v": 7.0}, {"l": "Demersal Fish", "v": 44.0}, {"l": "Bovine Meat", "v": 4.0}, {"l": "Aquatic Products, Other", "v": 1.0}]}, {"source": 17, "prod": 3.5276231678761123, "target": 13, "value": 654.0, "supply": [{"l": "Alcohol, Non-Food", "v": 9.0}, {"l": "Sugar", "v": 410.0}, {"l": "Beer", "v": 2.0}, {"l": "Beverages, Alcoholic", "v": 4.0}, {"l": "Fats, Animals, Raw", "v": 13.0}, {"l": "Palm Oil", "v": 130.0}, {"l": "Sunflowerseed Oil", "v": 40.0}, {"l": "Coconut Oil", "v": 9.0}, {"l": "Oilcrops Oil, Other", "v": 5.0}, {"l": "Wine", "v": 13.0}, {"l": "Sweeteners, Other", "v": 9.0}, {"l": "Palmkernel Oil", "v": 10.0}]}, {"source": 17, "prod": 2.9883451857285133, "target": 2, "value": 904.0, "supply": [{"l": "Maize", "v": 23.0}, {"l": "Rye", "v": 51.0}, {"l": "Barley", "v": 85.0}, {"l": "Rice", "v": 105.0}, {"l": "Wheat", "v": 640.0}]}, {"source": 17, "prod": 0.23283973867839397, "target": 6, "value": 542.0, "supply": [{"l": "Citrus, Other", "v": 2.0}, {"l": "Grapefruit", "v": 12.0}, {"l": "Tomatoes", "v": 67.0}, {"l": "Treenuts", "v": 4.0}, {"l": "Vegetables, Other", "v": 8.0}, {"l": "Peas", "v": 1.0}, {"l": "Grapes", "v": 74.0}, {"l": "Apples", "v": 23.0}, {"l": "Lemons, Limes", "v": 37.0}, {"l": "Pineapples", "v": 19.0}, {"l": "Bananas", "v": 67.0}, {"l": "Fruits, Other", "v": 34.0}, {"l": "Oranges, Mandarines", "v": 185.0}, {"l": "Onions", "v": 9.0}]}, {"source": 17, "prod": 0.17475939194168047, "target": 3, "value": 28.0, "supply": [{"l": "Sunflower seed", "v": 4.0}, {"l": "Coconuts - Incl Copra", "v": 2.0}, {"l": "Groundnuts", "v": 22.0}]}, {"source": 17, "prod": 0.028007737987772577, "target": 5, "value": 36.0, "supply": [{"l": "Potatoes", "v": 36.0}]}, {"source": 9, "prod": 0.75445710750516992, "target": 18, "value": 230.0, "supply": [{"l": "Alcohol, Non-Food", "v": 61.0}, {"l": "Beer", "v": 11.0}, {"l": "Beverages, Alcoholic", "v": 73.0}, {"l": "Butter, Ghee", "v": 42.0}, {"l": "Fats, Animals, Raw", "v": 7.0}, {"l": "Wine", "v": 25.0}, {"l": "Beverages, Fermented", "v": 11.0}]}, {"source": 0, "prod": 1.4365598059725804, "target": 18, "value": 1832.0, "supply": [{"l": "Pigmeat", "v": 18.0}, {"l": "Poultry Meat", "v": 10.0}, {"l": "Milk - Excluding Butter", "v": 1718.0}, {"l": "Bovine Meat", "v": 84.0}, {"l": "Offals, Edible", "v": 2.0}]}, {"source": 2, "prod": 23.259470254282938, "target": 18, "value": 7865.0, "supply": [{"l": "Maize", "v": 1267.0}, {"l": "Rye", "v": 90.0}, {"l": "Barley", "v": 3718.0}, {"l": "Cereals, Other", "v": 28.0}, {"l": "Wheat", "v": 2694.0}, {"l": "Oats", "v": 25.0}, {"l": "Sorghum", "v": 10.0}, {"l": "Millet", "v": 33.0}]}, {"source": 3, "prod": 3.6992077458204635, "target": 18, "value": 561.0, "supply": [{"l": "Olives", "v": 1.0}, {"l": "Sunflower seed", "v": 354.0}, {"l": "Oilcrops, Other", "v": 15.0}, {"l": "Soyabeans", "v": 39.0}, {"l": "Rape and Mustardseed", "v": 152.0}]}, {"source": 11, "prod": 0.95455712692456551, "target": 18, "value": 290.0, "supply": [{"l": "Sugar", "v": 248.0}, {"l": "Sweeteners, Other", "v": 37.0}, {"l": "Honey", "v": 5.0}]}, {"source": 5, "prod": 0.0015559854437651429, "target": 18, "value": 2.0, "supply": [{"l": "Potatoes", "v": 2.0}]}, {"source": 6, "prod": 0.87818861813726756, "target": 18, "value": 481.0, "supply": [{"l": "Vegetables, Other", "v": 68.0}, {"l": "Grapefruit", "v": 7.0}, {"l": "Tomatoes", "v": 13.0}, {"l": "Treenuts", "v": 19.0}, {"l": "Peas", "v": 177.0}, {"l": "Beans", "v": 2.0}, {"l": "Apples", "v": 131.0}, {"l": "Pineapples", "v": 15.0}, {"l": "Citrus, Other", "v": 1.0}, {"l": "Fruits, Other", "v": 25.0}, {"l": "Oranges, Mandarines", "v": 11.0}, {"l": "Onions", "v": 10.0}, {"l": "Pulses, Other", "v": 2.0}]}, {"source": 7, "prod": 0.47502631575433202, "target": 18, "value": 107.0, "supply": [{"l": "Nuts", "v": 19.0}, {"l": "Coffee", "v": 1.0}, {"l": "Cocoa Beans", "v": 85.0}, {"l": "Spices, Other", "v": 2.0}]}, {"source": 8, "prod": 0.052876629406683057, "target": 18, "value": 58.0, "supply": [{"l": "Crustaceans", "v": 2.0}, {"l": "Marine Fish, Other", "v": 4.0}, {"l": "Pelagic Fish", "v": 23.0}, {"l": "Fish, Seafood", "v": 29.0}]}, {"source": 12, "prod": 9.2238461493105941, "target": 18, "value": 893.0, "supply": [{"l": "Maize Germ Oil", "v": 1.0}, {"l": "Soyabean Oil", "v": 3.0}, {"l": "Sunflowerseed Oil", "v": 882.0}, {"l": "Rape and Mustard Oil", "v": 6.0}, {"l": "Oilcrops Oil, Other", "v": 1.0}]}, {"source": 19, "prod": 0.035831572662598295, "target": 6, "value": 66.0, "supply": [{"l": "Grapefruit", "v": 1.0}, {"l": "Apples", "v": 65.0}]}, {"source": 19, "prod": 7.7259303185610007, "target": 3, "value": 1170.0, "supply": [{"l": "Sunflower seed", "v": 1170.0}]}, {"source": 0, "prod": 0.040457920500259925, "target": 20, "value": 33.0, "supply": [{"l": "Offals, Edible", "v": 33.0}]}, {"source": 2, "prod": 11.422896313022097, "target": 20, "value": 3590.0, "supply": [{"l": "Wheat", "v": 2500.0}, {"l": "Rye", "v": 400.0}, {"l": "Barley", "v": 510.0}, {"l": "Millet", "v": 180.0}]}, {"source": 19, "prod": 0.014244389232023336, "target": 1, "value": 21.0, "supply": [{"l": "Milk - Excluding Butter", "v": 21.0}]}, {"source": 12, "prod": 3.2025457534636064, "target": 20, "value": 310.0, "supply": [{"l": "Sunflowerseed Oil", "v": 310.0}]}, {"source": 3, "prod": 0.42921835103116662, "target": 20, "value": 65.0, "supply": [{"l": "Rape and Mustardseed", "v": 65.0}]}, {"source": 19, "prod": 0.05188353693783334, "target": 7, "value": 11.0, "supply": [{"l": "Cocoa Beans", "v": 11.0}]}, {"source": 19, "prod": 0.040291683538779662, "target": 13, "value": 4.0, "supply": [{"l": "Soyabean Oil", "v": 4.0}]}, {"source": 11, "prod": 0.068223482012410713, "target": 20, "value": 20.0, "supply": [{"l": "Sugar", "v": 20.0}]}, {"source": 19, "prod": 0.052335821817739742, "target": 2, "value": 15.0, "supply": [{"l": "Cereals, Other", "v": 15.0}]}, {"source": 21, "prod": 125.40149532278112, "target": 2, "value": 40971.0, "supply": [{"l": "Maize", "v": 8867.0}, {"l": "Rye", "v": 1593.0}, {"l": "Barley", "v": 11084.0}, {"l": "Rice", "v": 54.0}, {"l": "Cereals, Other", "v": 322.0}, {"l": "Wheat", "v": 17520.0}, {"l": "Oats", "v": 1007.0}, {"l": "Sorghum", "v": 65.0}, {"l": "Millet", "v": 459.0}]}, {"source": 21, "prod": 24.656943426928866, "target": 3, "value": 3734.0, "supply": [{"l": "Sunflower seed", "v": 3050.0}, {"l": "Oilcrops, Other", "v": 24.0}, {"l": "Soyabeans", "v": 363.0}, {"l": "Rape and Mustardseed", "v": 297.0}]}, {"source": 21, "prod": 19.292888852000001, "target": 4, "value": 16600.0, "supply": [{"l": "Sugar beet", "v": 16600.0}]}, {"source": 21, "prod": 16.147238942672772, "target": 5, "value": 20755.0, "supply": [{"l": "Potatoes", "v": 20755.0}]}, {"source": 21, "prod": 6.5784979888415185, "target": 6, "value": 9797.0, "supply": [{"l": "Tomatoes", "v": 1146.0}, {"l": "Treenuts", "v": 91.0}, {"l": "Vegetables, Other", "v": 5105.0}, {"l": "Peas", "v": 636.0}, {"l": "Grapes", "v": 374.0}, {"l": "Beans", "v": 44.0}, {"l": "Apples", "v": 717.0}, {"l": "Fruits, Other", "v": 830.0}, {"l": "Onions", "v": 722.0}, {"l": "Pulses, Other", "v": 132.0}]}, {"source": 21, "prod": 0.32611115955274261, "target": 7, "value": 94.0, "supply": [{"l": "Nuts", "v": 91.0}, {"l": "Spices, Other", "v": 3.0}]}, {"source": 1, "prod": 1.0944181951511875, "target": 8, "value": 1278.0, "supply": [{"l": "Pelagic Fish", "v": 438.0}, {"l": "Crustaceans", "v": 15.0}, {"l": "Freshwater Fish", "v": 44.0}, {"l": "Molluscs, Other", "v": 1.0}, {"l": "Marine Fish, Other", "v": 29.0}, {"l": "Aquatic Plants", "v": 1.0}, {"l": "Fish, Seafood", "v": 638.0}, {"l": "Demersal Fish", "v": 90.0}, {"l": "Cephalopods", "v": 21.0}, {"l": "Aquatic Products, Other", "v": 1.0}]}, {"source": 1, "prod": 14.588839587949026, "target": 0, "value": 16563.0, "supply": [{"l": "Poultry Meat", "v": 672.0}, {"l": "Pigmeat", "v": 617.0}, {"l": "Bovine Meat", "v": 622.0}, {"l": "Eggs", "v": 689.0}, {"l": "Milk - Excluding Butter", "v": 13757.0}, {"l": "Offals, Edible", "v": 177.0}, {"l": "Meat, Other", "v": 31.0}, {"l": "Mutton & Goat Meat", "v": 16.0}]}, {"source": 13, "prod": 5.6705446501464181, "target": 9, "value": 3041.0, "supply": [{"l": "Fats, Animals, Raw", "v": 187.0}, {"l": "Alcohol, Non-Food", "v": 69.0}, {"l": "Beverages, Fermented", "v": 12.0}, {"l": "Beer", "v": 1942.0}, {"l": "Beverages, Alcoholic", "v": 501.0}, {"l": "Butter, Ghee", "v": 116.0}, {"l": "Wine", "v": 214.0}]}, {"source": 13, "prod": 20.197194048841357, "target": 12, "value": 1960.0, "supply": [{"l": "Soyabean Oil", "v": 31.0}, {"l": "Coconut Oil", "v": 9.0}, {"l": "Rape and Mustard Oil", "v": 18.0}, {"l": "Maize Germ Oil", "v": 6.0}, {"l": "Palm Oil", "v": 130.0}, {"l": "Palmkernel Oil", "v": 10.0}, {"l": "Oilcrops Oil, Other", "v": 11.0}, {"l": "Sunflowerseed Oil", "v": 1745.0}]}, {"source": 13, "prod": 8.9575187805057368, "target": 11, "value": 2707.0, "supply": [{"l": "Honey", "v": 58.0}, {"l": "Sweeteners, Other", "v": 295.0}, {"l": "Sugar", "v": 2354.0}]}]}