{"nodes": [{"layer": 13, "name": "Animal Products", "fill": "#17becf"}, {"layer": 10, "name": "Feed", "fill": "#dbdb8d"}, {"layer": 5, "name": "Cereals", "fill": "#e7ba52"}, {"layer": 5, "name": "Oilcrops", "fill": "#ff9896"}, {"layer": 5, "name": "Fruits, Roots & Vegetables", "fill": "#98df8a"}, {"layer": 5, "name": "Sugar Crops", "fill": "#ffbb78"}, {"layer": 13, "name": "Aquatic Products", "fill": "#1f77b4"}, {"layer": 13, "name": "Other Processed", "fill": "#9c9ede"}, {"layer": 16, "name": "Food", "fill": "#b5cf6b"}, {"layer": 13, "name": "Sugar", "fill": "#d6616b"}, {"layer": 13, "name": "Vegetable Oils", "fill": "#f7b6d2"}, {"layer": 10, "name": "Processing", "fill": "#9edae5"}, {"layer": 16, "name": "Biofuels & Other", "fill": "#e7ba52"}, {"name": "Seed", "fill": "#dbdb8d"}, {"name": "Waste", "fill": "#c7c7c7"}, {"layer": 0, "name": "Import", "fill": "#aec7e8"}, {"layer": 16, "name": "Export", "fill": "#aec7e8"}, {"layer": 16, "name": "Stock Deposit", "fill": "#c7c7c7"}, {"layer": 0, "name": "Stock Draw", "fill": "#c7c7c7"}, {"layer": 0, "name": "Production", "fill": "#b5cf6b"}], "links": [{"source": 0, "prod": 1.9545812710752486, "target": 1, "value": 2878.0, "supply": [{"l": "Milk - Excluding Butter", "v": 2863.0}, {"l": "Eggs", "v": 15.0}]}, {"source": 2, "prod": 41.171171029358618, "target": 1, "value": 13653.0, "supply": [{"l": "Maize", "v": 2361.0}, {"l": "Oats", "v": 468.0}, {"l": "Rye", "v": 214.0}, {"l": "Sorghum", "v": 17.0}, {"l": "Cereals, Other", "v": 252.0}, {"l": "Wheat", "v": 5536.0}, {"l": "Millet", "v": 100.0}, {"l": "Barley", "v": 4705.0}]}, {"source": 3, "prod": 1.8084793861003376, "target": 1, "value": 272.0, "supply": [{"l": "Soyabeans", "v": 106.0}, {"l": "Sunflower seed", "v": 150.0}, {"l": "Sesame seed", "v": 1.0}, {"l": "Rape and Mustardseed", "v": 12.0}, {"l": "Oilcrops, Other", "v": 3.0}]}, {"source": 4, "prod": 5.9420234498034041, "target": 1, "value": 7481.0, "supply": [{"l": "Potatoes", "v": 5883.0}, {"l": "Beans", "v": 34.0}, {"l": "Apples", "v": 38.0}, {"l": "Cocoa Beans", "v": 1.0}, {"l": "Pulses, Other", "v": 93.0}, {"l": "Vegetables, Other", "v": 1314.0}, {"l": "Peas", "v": 118.0}]}, {"source": 5, "prod": 5.3229777676000003, "target": 1, "value": 4580.0, "supply": [{"l": "Sugar beet", "v": 4580.0}]}, {"source": 6, "prod": 0.062162681692416101, "target": 1, "value": 70.0, "supply": [{"l": "Fish, Seafood", "v": 35.0}, {"l": "Pelagic Fish", "v": 35.0}]}, {"source": 7, "prod": 4.8342751634650343, "target": 8, "value": 3047.0, "supply": [{"l": "Beer", "v": 2170.0}, {"l": "Beverages, Alcoholic", "v": 454.0}, {"l": "Fats, Animals, Raw", "v": 124.0}, {"l": "Butter, Ghee", "v": 96.0}, {"l": "Wine", "v": 202.0}, {"l": "Cream", "v": 1.0}]}, {"source": 0, "prod": 10.464884717929706, "target": 8, "value": 10959.0, "supply": [{"l": "Pigmeat", "v": 545.0}, {"l": "Meat, Other", "v": 58.0}, {"l": "Eggs", "v": 653.0}, {"l": "Mutton & Goat Meat", "v": 16.0}, {"l": "Poultry Meat", "v": 634.0}, {"l": "Milk - Excluding Butter", "v": 8340.0}, {"l": "Offals, Edible", "v": 179.0}, {"l": "Bovine Meat", "v": 534.0}]}, {"source": 2, "prod": 24.018667656343968, "target": 8, "value": 7362.0, "supply": [{"l": "Maize", "v": 493.0}, {"l": "Rye", "v": 387.0}, {"l": "Barley", "v": 136.0}, {"l": "Rice", "v": 180.0}, {"l": "Cereals, Other", "v": 2.0}, {"l": "Wheat", "v": 5885.0}, {"l": "Oats", "v": 199.0}, {"l": "Millet", "v": 80.0}]}, {"source": 3, "prod": 0.27238499472361449, "target": 8, "value": 48.0, "supply": [{"l": "Olives", "v": 5.0}, {"l": "Coconuts - Incl Copra", "v": 4.0}, {"l": "Groundnuts", "v": 39.0}]}, {"source": 4, "prod": 9.0163701556143714, "target": 8, "value": 14519.0, "supply": [{"l": "Vegetables, Other", "v": 3474.0}, {"l": "Nuts", "v": 79.0}, {"l": "Citrus, Other", "v": 1.0}, {"l": "Grapefruit", "v": 11.0}, {"l": "Tomatoes", "v": 1563.0}, {"l": "Pepper", "v": 4.0}, {"l": "Treenuts", "v": 79.0}, {"l": "Cocoa Beans", "v": 20.0}, {"l": "Peas", "v": 123.0}, {"l": "Grapes", "v": 192.0}, {"l": "Pimento", "v": 1.0}, {"l": "Dates", "v": 2.0}, {"l": "Potatoes", "v": 6416.0}, {"l": "Coffee", "v": 83.0}, {"l": "Apples", "v": 291.0}, {"l": "Lemons, Limes", "v": 53.0}, {"l": "Pineapples", "v": 15.0}, {"l": "Bananas", "v": 241.0}, {"l": "Spices, Other", "v": 3.0}, {"l": "Tea", "v": 22.0}, {"l": "Fruits, Other", "v": 867.0}, {"l": "Infant food", "v": 4.0}, {"l": "Oranges, Mandarines", "v": 231.0}, {"l": "Onions", "v": 744.0}]}, {"source": 9, "prod": 8.0089894211618535, "target": 8, "value": 2330.0, "supply": [{"l": "Sugar", "v": 2032.0}, {"l": "Sweeteners, Other", "v": 230.0}, {"l": "Honey", "v": 68.0}]}, {"source": 6, "prod": 1.2846317319903802, "target": 8, "value": 1522.0, "supply": [{"l": "Crustaceans", "v": 31.0}, {"l": "Marine Fish, Other", "v": 132.0}, {"l": "Freshwater Fish", "v": 59.0}, {"l": "Pelagic Fish", "v": 449.0}, {"l": "Fish, Seafood", "v": 761.0}, {"l": "Cephalopods", "v": 1.0}, {"l": "Molluscs, Other", "v": 5.0}, {"l": "Demersal Fish", "v": 84.0}]}, {"source": 10, "prod": 6.2795287885778572, "target": 8, "value": 611.0, "supply": [{"l": "Soyabean Oil", "v": 30.0}, {"l": "Sunflowerseed Oil", "v": 555.0}, {"l": "Olive Oil", "v": 1.0}, {"l": "Rape and Mustard Oil", "v": 11.0}, {"l": "Oilcrops Oil, Other", "v": 9.0}, {"l": "Maize Germ Oil", "v": 5.0}]}, {"source": 0, "prod": 0.0042607973896226772, "target": 11, "value": 3.0, "supply": [{"l": "Poultry Meat", "v": 3.0}]}, {"source": 2, "prod": 4.9280069952743828, "target": 11, "value": 1628.0, "supply": [{"l": "Maize", "v": 1057.0}, {"l": "Wheat", "v": 109.0}, {"l": "Barley", "v": 462.0}]}, {"source": 3, "prod": 28.328258356553569, "target": 11, "value": 4272.8997451146988, "supply": [{"l": "Sunflower seed", "v": 3876.0}, {"l": "Soyabeans", "v": 271.0}, {"l": "Rape and Mustardseed", "v": 86.0}, {"l": "Groundnuts", "v": 1.0}, {"l": "Oilcrops, Other", "v": 5.0}, {"l": "Oil Palm", "v": 33.899745114698391}]}, {"source": 4, "prod": 0.96953474686312446, "target": 11, "value": 1424.0, "supply": [{"l": "Potatoes", "v": 699.0}, {"l": "Vegetables, Other", "v": 130.0}, {"l": "Fruits, Other", "v": 8.0}, {"l": "Grapes", "v": 311.0}, {"l": "Apples", "v": 276.0}]}, {"source": 5, "prod": 12.733306642320001, "target": 11, "value": 10956.0, "supply": [{"l": "Sugar beet", "v": 10956.0}]}, {"source": 9, "prod": 0.35595508538497134, "target": 11, "value": 123.0, "supply": [{"l": "Sweeteners, Other", "v": 78.0}, {"l": "Sugar", "v": 45.0}]}, {"source": 7, "prod": 0.36484727234410191, "target": 12, "value": 49.0, "supply": [{"l": "Alcohol, Non-Food", "v": 7.0}, {"l": "Fats, Animals, Raw", "v": 42.0}]}, {"source": 0, "prod": 0.15139594410780322, "target": 12, "value": 121.0, "supply": [{"l": "Eggs", "v": 68.0}, {"l": "Milk - Excluding Butter", "v": 46.0}, {"l": "Offals, Edible", "v": 6.0}, {"l": "Bovine Meat", "v": 1.0}]}, {"source": 2, "prod": 0.10150598786586662, "target": 12, "value": 32.0, "supply": [{"l": "Maize", "v": 6.0}, {"l": "Wheat", "v": 21.0}, {"l": "Barley", "v": 5.0}]}, {"source": 3, "prod": 0.033244106362138565, "target": 12, "value": 5.0, "supply": [{"l": "Oilcrops, Other", "v": 5.0}]}, {"source": 4, "prod": 0.25066764605545877, "target": 12, "value": 322.0, "supply": [{"l": "Potatoes", "v": 314.0}, {"l": "Grapes", "v": 8.0}]}, {"source": 9, "prod": 0.0050453066843422134, "target": 12, "value": 2.0, "supply": [{"l": "Sweeteners, Other", "v": 2.0}]}, {"source": 6, "prod": 0.003052638193520986, "target": 12, "value": 4.0, "supply": [{"l": "Aquatic Plants", "v": 2.0}, {"l": "Aquatic Products, Other", "v": 2.0}]}, {"source": 10, "prod": 2.5193802351440877, "target": 12, "value": 245.0, "supply": [{"l": "Coconut Oil", "v": 13.0}, {"l": "Rape and Mustard Oil", "v": 3.0}, {"l": "Oilcrops Oil, Other", "v": 1.0}, {"l": "Palm Oil", "v": 200.0}, {"l": "Palmkernel Oil", "v": 14.0}, {"l": "Sunflowerseed Oil", "v": 14.0}]}, {"source": 4, "prod": 4.2629029689756166, "target": 13, "value": 5199.0, "supply": [{"l": "Potatoes", "v": 5128.0}, {"l": "Peas", "v": 64.0}, {"l": "Beans", "v": 3.0}, {"l": "Pulses, Other", "v": 4.0}]}, {"source": 0, "prod": 0.037362276583194597, "target": 0, "value": 23.0, "supply": [{"l": "Eggs", "v": 23.0}]}, {"source": 2, "prod": 7.139665843885763, "target": 13, "value": 2336.0, "supply": [{"l": "Maize", "v": 20.0}, {"l": "Wheat", "v": 1396.0}, {"l": "Oats", "v": 76.0}, {"l": "Rye", "v": 75.0}, {"l": "Millet", "v": 2.0}, {"l": "Barley", "v": 743.0}, {"l": "Rice", "v": 3.0}, {"l": "Sorghum", "v": 1.0}, {"l": "Cereals, Other", "v": 20.0}]}, {"source": 3, "prod": 0.73801916123947597, "target": 13, "value": 111.0, "supply": [{"l": "Sunflower seed", "v": 40.0}, {"l": "Soyabeans", "v": 56.0}, {"l": "Rape and Mustardseed", "v": 13.0}, {"l": "Oilcrops, Other", "v": 2.0}]}, {"source": 0, "prod": 0.048954993908724598, "target": 14, "value": 64.0, "supply": [{"l": "Milk - Excluding Butter", "v": 59.0}, {"l": "Bovine Meat", "v": 2.0}, {"l": "Eggs", "v": 1.0}, {"l": "Offals, Edible", "v": 2.0}]}, {"source": 2, "prod": 3.047290202430299, "target": 14, "value": 990.0, "supply": [{"l": "Maize", "v": 420.0}, {"l": "Oats", "v": 42.0}, {"l": "Rye", "v": 44.0}, {"l": "Rice", "v": 5.0}, {"l": "Sorghum", "v": 1.0}, {"l": "Cereals, Other", "v": 6.0}, {"l": "Wheat", "v": 289.0}, {"l": "Barley", "v": 183.0}]}, {"source": 3, "prod": 0.4521198465250843, "target": 14, "value": 68.0, "supply": [{"l": "Soyabeans", "v": 6.0}, {"l": "Sunflower seed", "v": 58.0}, {"l": "Rape and Mustardseed", "v": 4.0}]}, {"source": 4, "prod": 1.084200263635833, "target": 14, "value": 1362.0, "supply": [{"l": "Potatoes", "v": 1113.0}, {"l": "Fruits, Other", "v": 38.0}, {"l": "Beans", "v": 1.0}, {"l": "Apples", "v": 11.0}, {"l": "Tomatoes", "v": 15.0}, {"l": "Vegetables, Other", "v": 118.0}, {"l": "Peas", "v": 31.0}, {"l": "Grapes", "v": 25.0}, {"l": "Pulses, Other", "v": 2.0}, {"l": "Onions", "v": 8.0}]}, {"source": 5, "prod": 0.03602888882, "target": 14, "value": 31.0, "supply": [{"l": "Sugar beet", "v": 31.0}]}, {"source": 9, "prod": 0.035375138821250006, "target": 14, "value": 10.0, "supply": [{"l": "Sugar", "v": 10.0}]}, {"source": 15, "prod": 1.5073999160138156, "target": 1, "value": 1486.0, "supply": [{"l": "Freshwater Fish", "v": 12.0}, {"l": "Pigmeat", "v": 64.0}, {"l": "Meat, Other", "v": 29.0}, {"l": "Crustaceans", "v": 11.0}, {"l": "Eggs", "v": 5.0}, {"l": "Aquatic Products, Other", "v": 1.0}, {"l": "Marine Fish, Other", "v": 39.0}, {"l": "Demersal Fish", "v": 65.0}, {"l": "Milk - Excluding Butter", "v": 72.0}, {"l": "Pelagic Fish", "v": 426.0}, {"l": "Fish, Seafood", "v": 560.0}, {"l": "Cephalopods", "v": 1.0}, {"l": "Molluscs, Other", "v": 6.0}, {"l": "Aquatic Plants", "v": 1.0}, {"l": "Poultry Meat", "v": 152.0}, {"l": "Offals, Edible", "v": 7.0}, {"l": "Bovine Meat", "v": 35.0}]}, {"source": 15, "prod": 4.0388530581342694, "target": 11, "value": 624.0, "supply": [{"l": "Alcohol, Non-Food", "v": 8.0}, {"l": "Sugar", "v": 212.0}, {"l": "Beer", "v": 50.0}, {"l": "Beverages, Alcoholic", "v": 10.0}, {"l": "Fats, Animals, Raw", "v": 33.0}, {"l": "Palm Oil", "v": 203.0}, {"l": "Sunflowerseed Oil", "v": 44.0}, {"l": "Olive Oil", "v": 1.0}, {"l": "Coconut Oil", "v": 13.0}, {"l": "Oilcrops Oil, Other", "v": 7.0}, {"l": "Wine", "v": 18.0}, {"l": "Sweeteners, Other", "v": 10.0}, {"l": "Palmkernel Oil", "v": 14.0}, {"l": "Cream", "v": 1.0}]}, {"source": 15, "prod": 0.88786692097832132, "target": 2, "value": 247.0, "supply": [{"l": "Maize", "v": 21.0}, {"l": "Barley", "v": 43.0}, {"l": "Rice", "v": 127.0}, {"l": "Wheat", "v": 55.0}, {"l": "Oats", "v": 1.0}]}, {"source": 15, "prod": 1.545651087054551, "target": 4, "value": 1463.0, "supply": [{"l": "Vegetables, Other", "v": 38.0}, {"l": "Nuts", "v": 12.0}, {"l": "Citrus, Other", "v": 1.0}, {"l": "Grapefruit", "v": 19.0}, {"l": "Tomatoes", "v": 128.0}, {"l": "Pepper", "v": 4.0}, {"l": "Treenuts", "v": 12.0}, {"l": "Cocoa Beans", "v": 154.0}, {"l": "Peas", "v": 1.0}, {"l": "Grapes", "v": 94.0}, {"l": "Pimento", "v": 1.0}, {"l": "Dates", "v": 2.0}, {"l": "Potatoes", "v": 90.0}, {"l": "Coffee", "v": 85.0}, {"l": "Apples", "v": 78.0}, {"l": "Lemons, Limes", "v": 53.0}, {"l": "Pineapples", "v": 27.0}, {"l": "Bananas", "v": 241.0}, {"l": "Spices, Other", "v": 2.0}, {"l": "Tea", "v": 22.0}, {"l": "Fruits, Other", "v": 88.0}, {"l": "Infant food", "v": 4.0}, {"l": "Oranges, Mandarines", "v": 293.0}, {"l": "Onions", "v": 14.0}]}, {"source": 15, "prod": 0.33222438617546396, "target": 3, "value": 57.0, "supply": [{"l": "Olives", "v": 5.0}, {"l": "Sunflower seed", "v": 3.0}, {"l": "Coconuts - Incl Copra", "v": 4.0}, {"l": "Sesame seed", "v": 1.0}, {"l": "Oilcrops, Other", "v": 3.0}, {"l": "Groundnuts", "v": 40.0}, {"l": "Rape and Mustardseed", "v": 1.0}]}, {"source": 15, "prod": 0.11505999978000001, "target": 5, "value": 99.0, "supply": [{"l": "Sugar beet", "v": 99.0}]}, {"source": 7, "prod": 1.0232860198297959, "target": 16, "value": 574.0, "supply": [{"l": "Alcohol, Non-Food", "v": 82.0}, {"l": "Beer", "v": 261.0}, {"l": "Beverages, Alcoholic", "v": 162.0}, {"l": "Butter, Ghee", "v": 24.0}, {"l": "Fats, Animals, Raw", "v": 2.0}, {"l": "Wine", "v": 29.0}, {"l": "Beverages, Fermented", "v": 14.0}]}, {"source": 0, "prod": 1.8809989935008957, "target": 16, "value": 2584.0, "supply": [{"l": "Eggs", "v": 1.0}, {"l": "Pigmeat", "v": 12.0}, {"l": "Poultry Meat", "v": 12.0}, {"l": "Milk - Excluding Butter", "v": 2499.0}, {"l": "Bovine Meat", "v": 59.0}, {"l": "Offals, Edible", "v": 1.0}]}, {"source": 2, "prod": 39.328124454817122, "target": 16, "value": 12741.0, "supply": [{"l": "Maize", "v": 2830.0}, {"l": "Rye", "v": 84.0}, {"l": "Barley", "v": 3532.0}, {"l": "Rice", "v": 1.0}, {"l": "Cereals, Other", "v": 26.0}, {"l": "Wheat", "v": 6169.0}, {"l": "Oats", "v": 6.0}, {"l": "Sorghum", "v": 35.0}, {"l": "Millet", "v": 58.0}]}, {"source": 3, "prod": 3.2113806745825846, "target": 16, "value": 483.0, "supply": [{"l": "Sunflower seed", "v": 36.0}, {"l": "Oilcrops, Other", "v": 20.0}, {"l": "Soyabeans", "v": 175.0}, {"l": "Rape and Mustardseed", "v": 252.0}]}, {"source": 4, "prod": 1.4674873201348393, "target": 16, "value": 725.0, "supply": [{"l": "Vegetables, Other", "v": 71.0}, {"l": "Fruits, Other", "v": 57.0}, {"l": "Grapefruit", "v": 8.0}, {"l": "Tomatoes", "v": 22.0}, {"l": "Coffee", "v": 2.0}, {"l": "Treenuts", "v": 24.0}, {"l": "Peas", "v": 180.0}, {"l": "Grapes", "v": 1.0}, {"l": "Cocoa Beans", "v": 83.0}, {"l": "Nuts", "v": 24.0}, {"l": "Beans", "v": 2.0}, {"l": "Apples", "v": 160.0}, {"l": "Pineapples", "v": 12.0}, {"l": "Spices, Other", "v": 2.0}, {"l": "Oranges, Mandarines", "v": 61.0}, {"l": "Onions", "v": 13.0}, {"l": "Pulses, Other", "v": 3.0}]}, {"source": 9, "prod": 0.57690472294064754, "target": 16, "value": 178.0, "supply": [{"l": "Sugar", "v": 122.0}, {"l": "Sweeteners, Other", "v": 52.0}, {"l": "Honey", "v": 4.0}]}, {"source": 6, "prod": 0.061384091812129254, "target": 16, "value": 70.0, "supply": [{"l": "Crustaceans", "v": 2.0}, {"l": "Marine Fish, Other", "v": 3.0}, {"l": "Pelagic Fish", "v": 29.0}, {"l": "Fish, Seafood", "v": 35.0}, {"l": "Molluscs, Other", "v": 1.0}]}, {"source": 10, "prod": 9.4552738058111778, "target": 16, "value": 918.0, "supply": [{"l": "Maize Germ Oil", "v": 2.0}, {"l": "Soyabean Oil", "v": 8.0}, {"l": "Palm Oil", "v": 10.0}, {"l": "Sunflowerseed Oil", "v": 874.0}, {"l": "Rape and Mustard Oil", "v": 23.0}, {"l": "Oilcrops Oil, Other", "v": 1.0}]}, {"source": 10, "prod": 4.4474788419236804, "target": 17, "value": 433.0, "supply": [{"l": "Soyabean Oil", "v": 10.0}, {"l": "Sunflowerseed Oil", "v": 423.0}]}, {"source": 2, "prod": 0.7755816063124239, "target": 17, "value": 250.0, "supply": [{"l": "Rye", "v": 250.0}]}, {"source": 18, "prod": 0.054709133258647603, "target": 1, "value": 54.0, "supply": [{"l": "Milk - Excluding Butter", "v": 21.0}, {"l": "Offals, Edible", "v": 33.0}]}, {"source": 4, "prod": 0.6352638058965393, "target": 17, "value": 183.0, "supply": [{"l": "Vegetables, Other", "v": 10.0}, {"l": "Cocoa Beans", "v": 50.0}, {"l": "Peas", "v": 100.0}, {"l": "Apples", "v": 23.0}]}, {"source": 18, "prod": 0.2327087445349699, "target": 3, "value": 35.0, "supply": [{"l": "Rape and Mustardseed", "v": 35.0}]}, {"source": 3, "prod": 3.6900958061973803, "target": 17, "value": 555.0, "supply": [{"l": "Sunflower seed", "v": 550.0}, {"l": "Oilcrops, Other", "v": 5.0}]}, {"source": 9, "prod": 0.20517580516325001, "target": 17, "value": 58.0, "supply": [{"l": "Sugar", "v": 58.0}]}, {"source": 18, "prod": 4.5133308428745575, "target": 2, "value": 1517.0, "supply": [{"l": "Cereals, Other", "v": 20.0}, {"l": "Wheat", "v": 650.0}, {"l": "Barley", "v": 747.0}, {"l": "Millet", "v": 100.0}]}, {"source": 19, "prod": 115.10853725131184, "target": 2, "value": 37228.0, "supply": [{"l": "Maize", "v": 7167.0}, {"l": "Rye", "v": 1054.0}, {"l": "Barley", "v": 8975.0}, {"l": "Rice", "v": 62.0}, {"l": "Cereals, Other", "v": 285.0}, {"l": "Wheat", "v": 18699.0}, {"l": "Oats", "v": 791.0}, {"l": "Sorghum", "v": 54.0}, {"l": "Millet", "v": 141.0}]}, {"source": 19, "prod": 37.969049201573746, "target": 3, "value": 5722.8997451146988, "supply": [{"l": "Sunflower seed", "v": 4706.0}, {"l": "Oilcrops, Other", "v": 38.0}, {"l": "Soyabeans", "v": 613.0}, {"l": "Rape and Mustardseed", "v": 332.0}, {"l": "Oil Palm", "v": 33.899745114698391}]}, {"source": 19, "prod": 22.081239499675629, "target": 4, "value": 29750.0, "supply": [{"l": "Nuts", "v": 91.0}, {"l": "Tomatoes", "v": 1472.0}, {"l": "Treenuts", "v": 91.0}, {"l": "Vegetables, Other", "v": 5079.0}, {"l": "Peas", "v": 616.0}, {"l": "Grapes", "v": 443.0}, {"l": "Potatoes", "v": 19462.0}, {"l": "Beans", "v": 40.0}, {"l": "Apples", "v": 720.0}, {"l": "Spices, Other", "v": 3.0}, {"l": "Fruits, Other", "v": 881.0}, {"l": "Onions", "v": 751.0}, {"l": "Pulses, Other", "v": 101.0}]}, {"source": 19, "prod": 17.977253298960001, "target": 5, "value": 15468.0, "supply": [{"l": "Sugar beet", "v": 15468.0}]}, {"source": 1, "prod": 1.4112311436884466, "target": 6, "value": 1666.0, "supply": [{"l": "Pelagic Fish", "v": 513.0}, {"l": "Crustaceans", "v": 33.0}, {"l": "Freshwater Fish", "v": 59.0}, {"l": "Molluscs, Other", "v": 6.0}, {"l": "Marine Fish, Other", "v": 135.0}, {"l": "Aquatic Plants", "v": 2.0}, {"l": "Fish, Seafood", "v": 831.0}, {"l": "Demersal Fish", "v": 84.0}, {"l": "Cephalopods", "v": 1.0}, {"l": "Aquatic Products, Other", "v": 2.0}]}, {"source": 1, "prod": 14.505076717912001, "target": 0, "value": 16609.0, "supply": [{"l": "Poultry Meat", "v": 649.0}, {"l": "Pigmeat", "v": 557.0}, {"l": "Bovine Meat", "v": 596.0}, {"l": "Eggs", "v": 761.0}, {"l": "Milk - Excluding Butter", "v": 13807.0}, {"l": "Offals, Edible", "v": 188.0}, {"l": "Meat, Other", "v": 58.0}, {"l": "Mutton & Goat Meat", "v": 16.0}]}, {"source": 11, "prod": 6.2224084556389325, "target": 7, "value": 3670.0, "supply": [{"l": "Fats, Animals, Raw", "v": 168.0}, {"l": "Alcohol, Non-Food", "v": 89.0}, {"l": "Beverages, Fermented", "v": 14.0}, {"l": "Beer", "v": 2431.0}, {"l": "Beverages, Alcoholic", "v": 616.0}, {"l": "Wine", "v": 231.0}, {"l": "Butter, Ghee", "v": 120.0}, {"l": "Cream", "v": 1.0}]}, {"source": 11, "prod": 22.701661671456801, "target": 10, "value": 2207.0, "supply": [{"l": "Olive Oil", "v": 1.0}, {"l": "Soyabean Oil", "v": 48.0}, {"l": "Coconut Oil", "v": 13.0}, {"l": "Rape and Mustard Oil", "v": 37.0}, {"l": "Maize Germ Oil", "v": 7.0}, {"l": "Palm Oil", "v": 210.0}, {"l": "Palmkernel Oil", "v": 14.0}, {"l": "Oilcrops Oil, Other", "v": 11.0}, {"l": "Sunflowerseed Oil", "v": 1866.0}]}, {"source": 11, "prod": 9.187445480156315, "target": 9, "value": 2701.0, "supply": [{"l": "Honey", "v": 72.0}, {"l": "Sweeteners, Other", "v": 362.0}, {"l": "Sugar", "v": 2267.0}]}]}