{"nodes": [{"layer": 5, "name": "Maize"}, {"layer": 10, "name": "Feed", "fill": "#dbdb8d"}, {"layer": 5, "name": "Rye"}, {"layer": 5, "name": "Barley"}, {"layer": 5, "name": "Sunflower seed"}, {"layer": 5, "name": "Cereals, Other"}, {"layer": 5, "name": "Wheat"}, {"layer": 13, "name": "Eggs"}, {"layer": 5, "name": "Vegetables, Other"}, {"layer": 5, "name": "Peas"}, {"layer": 5, "name": "Oilcrops, Other"}, {"layer": 5, "name": "Oats"}, {"layer": 5, "name": "Soyabeans"}, {"layer": 5, "name": "Potatoes"}, {"layer": 13, "name": "Milk - Excluding Butter"}, {"layer": 5, "name": "Beans"}, {"layer": 5, "name": "Apples"}, {"layer": 13, "name": "Fish, Seafood"}, {"layer": 5, "name": "Sugar beet"}, {"layer": 5, "name": "Sorghum"}, {"layer": 13, "name": "Pelagic Fish"}, {"layer": 13, "name": "Bovine Meat"}, {"layer": 5, "name": "Millet"}, {"layer": 5, "name": "Rape and Mustardseed"}, {"layer": 5, "name": "Pulses, Other"}, {"layer": 16, "name": "Food", "fill": "#b5cf6b"}, {"layer": 5, "name": "Nuts"}, {"layer": 13, "name": "Sugar", "fill": "#d6616b"}, {"layer": 13, "name": "Oilcrops Oil, Other"}, {"layer": 5, "name": "Citrus, Other"}, {"layer": 13, "name": "Beer"}, {"layer": 5, "name": "Grapefruit"}, {"layer": 13, "name": "Beverages, Alcoholic"}, {"layer": 5, "name": "Cocoa Beans"}, {"layer": 13, "name": "Honey"}, {"layer": 5, "name": "Rice"}, {"layer": 13, "name": "Butter, Ghee"}, {"layer": 5, "name": "Tomatoes"}, {"layer": 13, "name": "Fats, Animals, Raw"}, {"layer": 5, "name": "Pepper"}, {"layer": 13, "name": "Soyabean Oil"}, {"layer": 5, "name": "Coconuts - Incl Copra"}, {"layer": 5, "name": "Treenuts"}, {"layer": 13, "name": "Crustaceans"}, {"layer": 13, "name": "Marine Fish, Other"}, {"layer": 5, "name": "Grapes"}, {"layer": 5, "name": "Pimento"}, {"layer": 13, "name": "Wine"}, {"layer": 13, "name": "Sunflowerseed Oil"}, {"layer": 13, "name": "Pigmeat"}, {"layer": 13, "name": "Freshwater Fish"}, {"layer": 5, "name": "Groundnuts"}, {"layer": 5, "name": "Coffee"}, {"layer": 13, "name": "Rape and Mustard Oil"}, {"layer": 5, "name": "Pineapples"}, {"layer": 13, "name": "Meat, Other"}, {"layer": 5, "name": "Lemons, Limes"}, {"layer": 13, "name": "Cephalopods"}, {"layer": 13, "name": "Mutton & Goat Meat"}, {"layer": 13, "name": "Sweeteners, Other"}, {"layer": 5, "name": "Bananas"}, {"layer": 13, "name": "Beverages, Fermented"}, {"layer": 13, "name": "Maize Germ Oil"}, {"layer": 5, "name": "Spices, Other"}, {"layer": 5, "name": "Tea"}, {"layer": 5, "name": "Fruits, Other"}, {"layer": 13, "name": "Poultry Meat"}, {"layer": 13, "name": "Offals, Edible"}, {"layer": 5, "name": "Infant food"}, {"layer": 13, "name": "Demersal Fish"}, {"layer": 5, "name": "Oranges, Mandarines"}, {"layer": 5, "name": "Onions"}, {"layer": 13, "name": "Cream"}, {"layer": 10, "name": "Processing", "fill": "#9edae5"}, {"layer": 16, "name": "Biofuels & Other", "fill": "#e7ba52"}, {"layer": 13, "name": "Alcohol, Non-Food"}, {"layer": 13, "name": "Aquatic Plants"}, {"layer": 13, "name": "Palm Oil"}, {"layer": 13, "name": "Palmkernel Oil"}, {"layer": 13, "name": "Coconut Oil"}, {"layer": 13, "name": "Aquatic Products, Other"}, {"name": "Waste", "fill": "#c7c7c7"}, {"layer": 2, "name": "Import", "fill": "#aec7e8"}, {"layer": 16, "name": "Export", "fill": "#aec7e8"}, {"layer": 5, "name": "Olives"}, {"layer": 0, "name": "Stock Draw", "fill": "#c7c7c7"}, {"layer": 16, "name": "Stock Deposit", "fill": "#c7c7c7"}, {"name": "Crop Residue", "fill": "#bd9e39"}, {"layer": 2, "name": "Electricity", "fill": "#bcbd22"}, {"layer": 0, "name": "Fossil Fuels", "fill": "#c49c94"}, {"layer": 0, "name": "Renewables & Nuclear", "fill": "#2ca02c"}, {"layer": 2, "name": "Fertilizers", "fill": "#c5b0d5"}, {"layer": 0, "name": "Labor", "fill": "#7f7f7f"}], "links": [{"source": 0, "prod": 2803.0, "target": 1, "value": 8.8513785183219511, "supply": [{"l": "Maize", "v": 8.8513785183219511}]}, {"source": 2, "prod": 349.0, "target": 1, "value": 1.0790531518081918, "supply": [{"l": "Rye", "v": 1.0790531518081918}]}, {"source": 3, "prod": 4400.0, "target": 1, "value": 11.743698779940718, "supply": [{"l": "Barley", "v": 11.743698779940718}]}, {"source": 4, "prod": 180.0, "target": 1, "value": 1.1461544978085001, "supply": [{"l": "Sunflower seed", "v": 1.1461544978085001}]}, {"source": 5, "prod": 214.0, "target": 1, "value": 0.71718439336555262, "supply": [{"l": "Cereals, Other", "v": 0.71718439336555262}]}, {"source": 6, "prod": 6343.0, "target": 1, "value": 20.943474544160381, "supply": [{"l": "Wheat", "v": 20.943474544160381}]}, {"source": 7, "prod": 13.0, "target": 1, "value": 0.021294787999786943, "supply": [{"l": "Eggs", "v": 0.021294787999786943}]}, {"source": 8, "prod": 363.0, "target": 1, "value": 0.10414695896729823, "supply": [{"l": "Vegetables, Other", "v": 0.10414695896729823}]}, {"source": 9, "prod": 167.0, "target": 1, "value": 0.63648964945379716, "supply": [{"l": "Peas", "v": 0.63648964945379716}]}, {"source": 10, "prod": 1.0, "target": 1, "value": 0.0063675249878250009, "supply": [{"l": "Oilcrops, Other", "v": 0.0063675249878250009}]}, {"source": 11, "prod": 568.0, "target": 1, "value": 1.3648129030507925, "supply": [{"l": "Oats", "v": 1.3648129030507925}]}, {"source": 12, "prod": 35.0, "target": 1, "value": 0.22286337457387501, "supply": [{"l": "Soyabeans", "v": 0.22286337457387501}]}, {"source": 13, "prod": 5639.0, "target": 1, "value": 4.3909083902912958, "supply": [{"l": "Potatoes", "v": 4.3909083902912958}]}, {"source": 14, "prod": 4941.0, "target": 1, "value": 3.3090078282739053, "supply": [{"l": "Milk - Excluding Butter", "v": 3.3090078282739053}]}, {"source": 15, "prod": 57.0, "target": 1, "value": 0.21724497017285294, "supply": [{"l": "Beans", "v": 0.21724497017285294}]}, {"source": 16, "prod": 40.0, "target": 1, "value": 0.020808905188970588, "supply": [{"l": "Apples", "v": 0.020808905188970588}]}, {"source": 17, "prod": 34.0, "target": 1, "value": 0.029724830606780325, "supply": [{"l": "Fish, Seafood", "v": 0.029724830606780325}]}, {"source": 18, "prod": 4694.0, "target": 1, "value": 5.4554711006800005, "supply": [{"l": "Sugar beet", "v": 5.4554711006800005}]}, {"source": 19, "prod": 7.0, "target": 1, "value": 0.022104762621567482, "supply": [{"l": "Sorghum", "v": 0.022104762621567482}]}, {"source": 20, "prod": 34.0, "target": 1, "value": 0.030675997107481409, "supply": [{"l": "Pelagic Fish", "v": 0.030675997107481409}]}, {"source": 21, "prod": 7.0, "target": 1, "value": 0.018064696441230398, "supply": [{"l": "Bovine Meat", "v": 0.018064696441230398}]}, {"source": 22, "prod": 161.0, "target": 1, "value": 0.56953973502212507, "supply": [{"l": "Millet", "v": 0.56953973502212507}]}, {"source": 23, "prod": 20.0, "target": 1, "value": 0.12735049975650001, "supply": [{"l": "Rape and Mustardseed", "v": 0.12735049975650001}]}, {"source": 24, "prod": 113.0, "target": 1, "value": 0.43067862507951543, "supply": [{"l": "Pulses, Other", "v": 0.43067862507951543}]}, {"source": 0, "prod": 453.0, "target": 25, "value": 1.4304939239385814, "supply": [{"l": "Maize", "v": 1.4304939239385814}]}, {"source": 2, "prod": 735.0, "target": 25, "value": 2.2725044887651027, "supply": [{"l": "Rye", "v": 2.2725044887651027}]}, {"source": 26, "prod": 52.0, "target": 25, "value": 0.18226310056893577, "supply": [{"l": "Nuts", "v": 0.18226310056893577}]}, {"source": 27, "prod": 1918.0, "target": 25, "value": 6.5793470311910305, "supply": [{"l": "Sugar", "v": 6.5793470311910305}]}, {"source": 28, "prod": 14.0, "target": 25, "value": 0.12735049975650001, "supply": [{"l": "Oilcrops Oil, Other", "v": 0.12735049975650001}]}, {"source": 29, "prod": 5.0, "target": 25, "value": 0.0033271887963996038, "supply": [{"l": "Citrus, Other", "v": 0.0033271887963996038}]}, {"source": 30, "prod": 1406.0, "target": 25, "value": 0.79770816811148304, "supply": [{"l": "Beer", "v": 0.79770816811148304}]}, {"source": 31, "prod": 19.0, "target": 25, "value": 0.012643317426318494, "supply": [{"l": "Grapefruit", "v": 0.012643317426318494}]}, {"source": 32, "prod": 246.0, "target": 25, "value": 0.83787158548209983, "supply": [{"l": "Beverages, Alcoholic", "v": 0.83787158548209983}]}, {"source": 3, "prod": 161.0, "target": 25, "value": 0.42971261444783082, "supply": [{"l": "Barley", "v": 0.42971261444783082}]}, {"source": 33, "prod": 3.0, "target": 25, "value": 0.025470099951300004, "supply": [{"l": "Cocoa Beans", "v": 0.025470099951300004}]}, {"source": 34, "prod": 48.0, "target": 25, "value": 0.16465519160436362, "supply": [{"l": "Honey", "v": 0.16465519160436362}]}, {"source": 35, "prod": 125.0, "target": 25, "value": 0.51218830339647681, "supply": [{"l": "Rice", "v": 0.51218830339647681}]}, {"source": 36, "prod": 117.0, "target": 25, "value": 0.97704973583675392, "supply": [{"l": "Butter, Ghee", "v": 0.97704973583675392}]}, {"source": 37, "prod": 1337.0, "target": 25, "value": 0.26597921608600411, "supply": [{"l": "Tomatoes", "v": 0.26597921608600411}]}, {"source": 38, "prod": 150.0, "target": 25, "value": 1.2735049975650001, "supply": [{"l": "Fats, Animals, Raw", "v": 1.2735049975650001}]}, {"source": 39, "prod": 3.0, "target": 25, "value": 0.0034866666600000002, "supply": [{"l": "Pepper", "v": 0.0034866666600000002}]}, {"source": 6, "prod": 6265.0, "target": 25, "value": 20.685932211755443, "supply": [{"l": "Wheat", "v": 20.685932211755443}]}, {"source": 40, "prod": 9.0, "target": 25, "value": 0.10053986822881582, "supply": [{"l": "Soyabean Oil", "v": 0.10053986822881582}]}, {"source": 41, "prod": 2.0, "target": 25, "value": 0.0032653974296538461, "supply": [{"l": "Coconuts - Incl Copra", "v": 0.0032653974296538461}]}, {"source": 42, "prod": 52.0, "target": 25, "value": 0.18395072187050002, "supply": [{"l": "Treenuts", "v": 0.18395072187050002}]}, {"source": 43, "prod": 33.0, "target": 25, "value": 0.020600816137080886, "supply": [{"l": "Crustaceans", "v": 0.020600816137080886}]}, {"source": 7, "prod": 587.0, "target": 25, "value": 0.96154158122114897, "supply": [{"l": "Eggs", "v": 0.96154158122114897}]}, {"source": 8, "prod": 3423.0, "target": 25, "value": 0.98208000150154784, "supply": [{"l": "Vegetables, Other", "v": 0.98208000150154784}]}, {"source": 9, "prod": 155.0, "target": 25, "value": 0.59075386625951243, "supply": [{"l": "Peas", "v": 0.59075386625951243}]}, {"source": 44, "prod": 55.0, "target": 25, "value": 0.060906760753108698, "supply": [{"l": "Marine Fish, Other", "v": 0.060906760753108698}]}, {"source": 45, "prod": 81.0, "target": 25, "value": 0.061037813492760357, "supply": [{"l": "Grapes", "v": 0.061037813492760357}]}, {"source": 46, "prod": 1.0, "target": 25, "value": 0.0033513289409605267, "supply": [{"l": "Pimento", "v": 0.0033513289409605267}]}, {"source": 47, "prod": 244.0, "target": 25, "value": 0.20510575538340597, "supply": [{"l": "Wine", "v": 0.20510575538340597}]}, {"source": 48, "prod": 457.0, "target": 25, "value": 4.7271484556239223, "supply": [{"l": "Sunflowerseed Oil", "v": 4.7271484556239223}]}, {"source": 11, "prod": 179.0, "target": 25, "value": 0.4301082916304434, "supply": [{"l": "Oats", "v": 0.4301082916304434}]}, {"source": 49, "prod": 599.0, "target": 25, "value": 1.2488620264634336, "supply": [{"l": "Pigmeat", "v": 1.2488620264634336}]}, {"source": 5, "prod": 1.0, "target": 25, "value": 0.0033513289409605267, "supply": [{"l": "Cereals, Other", "v": 0.0033513289409605267}]}, {"source": 13, "prod": 6412.0, "target": 25, "value": 4.992818690999786, "supply": [{"l": "Potatoes", "v": 4.992818690999786}]}, {"source": 50, "prod": 53.0, "target": 25, "value": 0.04128181337672477, "supply": [{"l": "Freshwater Fish", "v": 0.04128181337672477}]}, {"source": 51, "prod": 29.0, "target": 25, "value": 0.184658224646925, "supply": [{"l": "Groundnuts", "v": 0.184658224646925}]}, {"source": 52, "prod": 46.0, "target": 25, "value": 0.020554817504557895, "supply": [{"l": "Coffee", "v": 0.020554817504557895}]}, {"source": 53, "prod": 18.0, "target": 25, "value": 0.18586289153651353, "supply": [{"l": "Rape and Mustard Oil", "v": 0.18586289153651353}]}, {"source": 14, "prod": 7669.0, "target": 25, "value": 5.1359605413949767, "supply": [{"l": "Milk - Excluding Butter", "v": 5.1359605413949767}]}, {"source": 54, "prod": 25.0, "target": 25, "value": 0.020408733935336536, "supply": [{"l": "Pineapples", "v": 0.020408733935336536}]}, {"source": 16, "prod": 393.0, "target": 25, "value": 0.20444749348163602, "supply": [{"l": "Apples", "v": 0.20444749348163602}]}, {"source": 17, "prod": 632.0, "target": 25, "value": 0.55253214539662243, "supply": [{"l": "Fish, Seafood", "v": 0.55253214539662243}]}, {"source": 55, "prod": 30.0, "target": 25, "value": 0.041754262215245905, "supply": [{"l": "Meat, Other", "v": 0.041754262215245905}]}, {"source": 56, "prod": 33.0, "target": 25, "value": 0.0076970082270412087, "supply": [{"l": "Lemons, Limes", "v": 0.0076970082270412087}]}, {"source": 57, "prod": 12.0, "target": 25, "value": 0.010395959163795918, "supply": [{"l": "Cephalopods", "v": 0.010395959163795918}]}, {"source": 58, "prod": 16.0, "target": 25, "value": 0.039953097962823536, "supply": [{"l": "Mutton & Goat Meat", "v": 0.039953097962823536}]}, {"source": 59, "prod": 186.0, "target": 25, "value": 0.46925532985211632, "supply": [{"l": "Sweeteners, Other", "v": 0.46925532985211632}]}, {"source": 20, "prod": 454.0, "target": 25, "value": 0.40961478490578107, "supply": [{"l": "Pelagic Fish", "v": 0.40961478490578107}]}, {"source": 60, "prod": 79.0, "target": 25, "value": 0.061345667565631104, "supply": [{"l": "Bananas", "v": 0.061345667565631104}]}, {"source": 61, "prod": 2.0, "target": 25, "value": 0.001681194716257426, "supply": [{"l": "Beverages, Fermented", "v": 0.001681194716257426}]}, {"source": 62, "prod": 2.0, "target": 25, "value": 0.0169800666342, "supply": [{"l": "Maize Germ Oil", "v": 0.0169800666342}]}, {"source": 63, "prod": 2.0, "target": 25, "value": 0.0075466962818666657, "supply": [{"l": "Spices, Other", "v": 0.0075466962818666657}]}, {"source": 64, "prod": 18.0, "target": 25, "value": 0.01212861902442857, "supply": [{"l": "Tea", "v": 0.01212861902442857}]}, {"source": 65, "prod": 603.0, "target": 25, "value": 0.34812532613436842, "supply": [{"l": "Fruits, Other", "v": 0.34812532613436842}]}, {"source": 22, "prod": 58.0, "target": 25, "value": 0.20517580516325001, "supply": [{"l": "Millet", "v": 0.20517580516325001}]}, {"source": 66, "prod": 365.0, "target": 25, "value": 0.5117011493958884, "supply": [{"l": "Poultry Meat", "v": 0.5117011493958884}]}, {"source": 67, "prod": 139.0, "target": 25, "value": 0.16333766520095505, "supply": [{"l": "Offals, Edible", "v": 0.16333766520095505}]}, {"source": 68, "prod": 1.0, "target": 25, "value": 0.0011622222200000001, "supply": [{"l": "Infant food", "v": 0.0011622222200000001}]}, {"source": 69, "prod": 25.0, "target": 25, "value": 0.020408733935336536, "supply": [{"l": "Demersal Fish", "v": 0.020408733935336536}]}, {"source": 70, "prod": 187.0, "target": 25, "value": 0.061377689315632741, "supply": [{"l": "Oranges, Mandarines", "v": 0.061377689315632741}]}, {"source": 21, "prod": 547.0, "target": 25, "value": 1.4116269933361467, "supply": [{"l": "Bovine Meat", "v": 1.4116269933361467}]}, {"source": 71, "prod": 510.0, "target": 25, "value": 0.18399080701364023, "supply": [{"l": "Onions", "v": 0.18399080701364023}]}, {"source": 72, "prod": 1.0, "target": 25, "value": 0.0084204428800745898, "supply": [{"l": "Cream", "v": 0.0084204428800745898}]}, {"source": 4, "prod": 2100.0, "target": 73, "value": 13.371802474432499, "supply": [{"l": "Sunflower seed", "v": 13.371802474432499}]}, {"source": 0, "prod": 579.0, "target": 73, "value": 1.828379651126796, "supply": [{"l": "Maize", "v": 1.828379651126796}]}, {"source": 6, "prod": 23.0, "target": 73, "value": 0.075941969811711918, "supply": [{"l": "Wheat", "v": 0.075941969811711918}]}, {"source": 12, "prod": 81.0, "target": 73, "value": 0.51576952401382503, "supply": [{"l": "Soyabeans", "v": 0.51576952401382503}]}, {"source": 8, "prod": 91.0, "target": 73, "value": 0.026108466297587164, "supply": [{"l": "Vegetables, Other", "v": 0.026108466297587164}]}, {"source": 27, "prod": 124.0, "target": 73, "value": 0.42535924497793937, "supply": [{"l": "Sugar", "v": 0.42535924497793937}]}, {"source": 66, "prod": 4.0, "target": 73, "value": 0.0056076838289960372, "supply": [{"l": "Poultry Meat", "v": 0.0056076838289960372}]}, {"source": 23, "prod": 70.0, "target": 73, "value": 0.44572674914775001, "supply": [{"l": "Rape and Mustardseed", "v": 0.44572674914775001}]}, {"source": 3, "prod": 296.0, "target": 73, "value": 0.79003064519601196, "supply": [{"l": "Barley", "v": 0.79003064519601196}]}, {"source": 45, "prod": 350.0, "target": 73, "value": 0.26374363854896449, "supply": [{"l": "Grapes", "v": 0.26374363854896449}]}, {"source": 18, "prod": 9730.0, "target": 73, "value": 11.308422200600001, "supply": [{"l": "Sugar beet", "v": 11.308422200600001}]}, {"source": 10, "prod": 9.0, "target": 73, "value": 0.057307724890425009, "supply": [{"l": "Oilcrops, Other", "v": 0.057307724890425009}]}, {"source": 16, "prod": 42.0, "target": 73, "value": 0.021849350448419118, "supply": [{"l": "Apples", "v": 0.021849350448419118}]}, {"source": 48, "prod": 69.0, "target": 74, "value": 0.71372700971127057, "supply": [{"l": "Sunflowerseed Oil", "v": 0.71372700971127057}]}, {"source": 0, "prod": 16.0, "target": 74, "value": 0.05052517170643997, "supply": [{"l": "Maize", "v": 0.05052517170643997}]}, {"source": 6, "prod": 17.0, "target": 74, "value": 0.056131021165178374, "supply": [{"l": "Wheat", "v": 0.056131021165178374}]}, {"source": 75, "prod": 2.0, "target": 74, "value": 0.001681194716257426, "supply": [{"l": "Alcohol, Non-Food", "v": 0.001681194716257426}]}, {"source": 38, "prod": 34.0, "target": 74, "value": 0.28866113278140004, "supply": [{"l": "Fats, Animals, Raw", "v": 0.28866113278140004}]}, {"source": 13, "prod": 239.0, "target": 74, "value": 0.18610163243121472, "supply": [{"l": "Potatoes", "v": 0.18610163243121472}]}, {"source": 7, "prod": 44.0, "target": 74, "value": 0.07207466707620197, "supply": [{"l": "Eggs", "v": 0.07207466707620197}]}, {"source": 53, "prod": 4.0, "target": 74, "value": 0.041302864785891895, "supply": [{"l": "Rape and Mustard Oil", "v": 0.041302864785891895}]}, {"source": 14, "prod": 596.0, "target": 74, "value": 0.39914362793994085, "supply": [{"l": "Milk - Excluding Butter", "v": 0.39914362793994085}]}, {"source": 67, "prod": 13.0, "target": 74, "value": 0.015276184515197236, "supply": [{"l": "Offals, Edible", "v": 0.015276184515197236}]}, {"source": 76, "prod": 1.0, "target": 74, "value": 0.00084530454057114737, "supply": [{"l": "Aquatic Plants", "v": 0.00084530454057114737}]}, {"source": 3, "prod": 4.0, "target": 74, "value": 0.010676089799946107, "supply": [{"l": "Barley", "v": 0.010676089799946107}]}, {"source": 10, "prod": 2.0, "target": 74, "value": 0.012735049975650002, "supply": [{"l": "Oilcrops, Other", "v": 0.012735049975650002}]}, {"source": 21, "prod": 11.0, "target": 74, "value": 0.028387380121933484, "supply": [{"l": "Bovine Meat", "v": 0.028387380121933484}]}, {"source": 77, "prod": 114.0, "target": 74, "value": 1.1771316463979189, "supply": [{"l": "Palm Oil", "v": 1.1771316463979189}]}, {"source": 78, "prod": 4.0, "target": 74, "value": 0.041302864785891895, "supply": [{"l": "Palmkernel Oil", "v": 0.041302864785891895}]}, {"source": 28, "prod": 2.0, "target": 74, "value": 0.018192928536642859, "supply": [{"l": "Oilcrops Oil, Other", "v": 0.018192928536642859}]}, {"source": 79, "prod": 8.0, "target": 74, "value": 0.08260572957178379, "supply": [{"l": "Coconut Oil", "v": 0.08260572957178379}]}, {"source": 80, "prod": 1.0, "target": 74, "value": 0.00084530454057114737, "supply": [{"l": "Aquatic Products, Other", "v": 0.00084530454057114737}]}, {"source": 4, "prod": 40.0, "target": 4, "value": 0.25470099951300001, "supply": [{"l": "Sunflower seed", "v": 0.25470099951300001}]}, {"source": 0, "prod": 25.0, "target": 0, "value": 0.078945580791312434, "supply": [{"l": "Maize", "v": 0.078945580791312434}]}, {"source": 6, "prod": 763.0, "target": 6, "value": 2.5192923028841827, "supply": [{"l": "Wheat", "v": 2.5192923028841827}]}, {"source": 11, "prod": 98.0, "target": 11, "value": 0.23547828256862263, "supply": [{"l": "Oats", "v": 0.23547828256862263}]}, {"source": 12, "prod": 16.0, "target": 12, "value": 0.10188039980520001, "supply": [{"l": "Soyabeans", "v": 0.10188039980520001}]}, {"source": 13, "prod": 4817.0, "target": 13, "value": 3.7508433615948173, "supply": [{"l": "Potatoes", "v": 3.7508433615948173}]}, {"source": 7, "prod": 16.0, "target": 7, "value": 0.026208969845891623, "supply": [{"l": "Eggs", "v": 0.026208969845891623}]}, {"source": 2, "prod": 79.0, "target": 2, "value": 0.24425558450672535, "supply": [{"l": "Rye", "v": 0.24425558450672535}]}, {"source": 9, "prod": 75.0, "target": 9, "value": 0.2858486449642802, "supply": [{"l": "Peas", "v": 0.2858486449642802}]}, {"source": 22, "prod": 6.0, "target": 22, "value": 0.02122508329275, "supply": [{"l": "Millet", "v": 0.02122508329275}]}, {"source": 15, "prod": 7.0, "target": 15, "value": 0.026679206863332819, "supply": [{"l": "Beans", "v": 0.026679206863332819}]}, {"source": 3, "prod": 724.0, "target": 3, "value": 1.9323722537902452, "supply": [{"l": "Barley", "v": 1.9323722537902452}]}, {"source": 23, "prod": 6.0, "target": 23, "value": 0.038205149926950004, "supply": [{"l": "Rape and Mustardseed", "v": 0.038205149926950004}]}, {"source": 10, "prod": 1.0, "target": 10, "value": 0.0063675249878250009, "supply": [{"l": "Oilcrops, Other", "v": 0.0063675249878250009}]}, {"source": 35, "prod": 3.0, "target": 35, "value": 0.012292519281515441, "supply": [{"l": "Rice", "v": 0.012292519281515441}]}, {"source": 19, "prod": 1.0, "target": 19, "value": 0.0031578232316524981, "supply": [{"l": "Sorghum", "v": 0.0031578232316524981}]}, {"source": 5, "prod": 19.0, "target": 5, "value": 0.063675249878250004, "supply": [{"l": "Cereals, Other", "v": 0.063675249878250004}]}, {"source": 24, "prod": 11.0, "target": 24, "value": 0.041924467928094428, "supply": [{"l": "Pulses, Other", "v": 0.041924467928094428}]}, {"source": 0, "prod": 250.0, "target": 81, "value": 0.78945580791312442, "supply": [{"l": "Maize", "v": 0.78945580791312442}]}, {"source": 2, "prod": 57.0, "target": 81, "value": 0.17623504198586512, "supply": [{"l": "Rye", "v": 0.17623504198586512}]}, {"source": 65, "prod": 26.0, "target": 81, "value": 0.015010378904632802, "supply": [{"l": "Fruits, Other", "v": 0.015010378904632802}]}, {"source": 27, "prod": 8.0, "target": 81, "value": 0.027442531934060606, "supply": [{"l": "Sugar", "v": 0.027442531934060606}]}, {"source": 3, "prod": 210.0, "target": 81, "value": 0.5604947144971707, "supply": [{"l": "Barley", "v": 0.5604947144971707}]}, {"source": 35, "prod": 3.0, "target": 81, "value": 0.012292519281515441, "supply": [{"l": "Rice", "v": 0.012292519281515441}]}, {"source": 37, "prod": 19.0, "target": 81, "value": 0.0037798093535034247, "supply": [{"l": "Tomatoes", "v": 0.0037798093535034247}]}, {"source": 4, "prod": 13.0, "target": 81, "value": 0.082777824841724995, "supply": [{"l": "Sunflower seed", "v": 0.082777824841724995}]}, {"source": 5, "prod": 5.0, "target": 81, "value": 0.016756644704802634, "supply": [{"l": "Cereals, Other", "v": 0.016756644704802634}]}, {"source": 6, "prod": 515.0, "target": 81, "value": 1.7004397588274629, "supply": [{"l": "Wheat", "v": 1.7004397588274629}]}, {"source": 7, "prod": 1.0, "target": 81, "value": 0.0016380606153682264, "supply": [{"l": "Eggs", "v": 0.0016380606153682264}]}, {"source": 8, "prod": 101.0, "target": 81, "value": 0.028977528528091243, "supply": [{"l": "Vegetables, Other", "v": 0.028977528528091243}]}, {"source": 9, "prod": 31.0, "target": 81, "value": 0.11815077325190247, "supply": [{"l": "Peas", "v": 0.11815077325190247}]}, {"source": 45, "prod": 16.0, "target": 81, "value": 0.012056852047952664, "supply": [{"l": "Grapes", "v": 0.012056852047952664}]}, {"source": 11, "prod": 49.0, "target": 81, "value": 0.11773914128431132, "supply": [{"l": "Oats", "v": 0.11773914128431132}]}, {"source": 12, "prod": 1.0, "target": 81, "value": 0.0063675249878250009, "supply": [{"l": "Soyabeans", "v": 0.0063675249878250009}]}, {"source": 13, "prod": 193.0, "target": 81, "value": 0.1502829081975918, "supply": [{"l": "Potatoes", "v": 0.1502829081975918}]}, {"source": 14, "prod": 72.0, "target": 81, "value": 0.048218693308180773, "supply": [{"l": "Milk - Excluding Butter", "v": 0.048218693308180773}]}, {"source": 15, "prod": 2.0, "target": 81, "value": 0.0076226305323808044, "supply": [{"l": "Beans", "v": 0.0076226305323808044}]}, {"source": 16, "prod": 9.0, "target": 81, "value": 0.0046820036675183823, "supply": [{"l": "Apples", "v": 0.0046820036675183823}]}, {"source": 18, "prod": 29.0, "target": 81, "value": 0.033704444380000004, "supply": [{"l": "Sugar beet", "v": 0.033704444380000004}]}, {"source": 21, "prod": 3.0, "target": 81, "value": 0.0077420127605273125, "supply": [{"l": "Bovine Meat", "v": 0.0077420127605273125}]}, {"source": 67, "prod": 1.0, "target": 81, "value": 0.0011750911165536334, "supply": [{"l": "Offals, Edible", "v": 0.0011750911165536334}]}, {"source": 23, "prod": 1.0, "target": 81, "value": 0.0063675249878250009, "supply": [{"l": "Rape and Mustardseed", "v": 0.0063675249878250009}]}, {"source": 71, "prod": 6.0, "target": 81, "value": 0.0021645977295722384, "supply": [{"l": "Onions", "v": 0.0021645977295722384}]}, {"source": 24, "prod": 4.0, "target": 81, "value": 0.015245261064761609, "supply": [{"l": "Pulses, Other", "v": 0.015245261064761609}]}, {"source": 82, "prod": 2.0, "target": 68, "value": 0.0023244444400000001, "supply": [{"l": "Infant food", "v": 0.0023244444400000001}]}, {"source": 82, "prod": 1.0, "target": 63, "value": 0.0037733481409333329, "supply": [{"l": "Spices, Other", "v": 0.0037733481409333329}]}, {"source": 82, "prod": 52.0, "target": 37, "value": 0.010344741388535687, "supply": [{"l": "Tomatoes", "v": 0.010344741388535687}]}, {"source": 82, "prod": 33.0, "target": 56, "value": 0.0076970082270412087, "supply": [{"l": "Lemons, Limes", "v": 0.0076970082270412087}]}, {"source": 82, "prod": 8.0, "target": 42, "value": 0.028300111057000001, "supply": [{"l": "Treenuts", "v": 0.028300111057000001}]}, {"source": 82, "prod": 20.0, "target": 16, "value": 0.010404452594485294, "supply": [{"l": "Apples", "v": 0.010404452594485294}]}, {"source": 82, "prod": 18.0, "target": 64, "value": 0.01212861902442857, "supply": [{"l": "Tea", "v": 0.01212861902442857}]}, {"source": 82, "prod": 3.0, "target": 8, "value": 0.000860718669151225, "supply": [{"l": "Vegetables, Other", "v": 0.000860718669151225}]}, {"source": 82, "prod": 80.0, "target": 35, "value": 0.32780051417374517, "supply": [{"l": "Rice", "v": 0.32780051417374517}]}, {"source": 82, "prod": 20.0, "target": 6, "value": 0.06603649548844516, "supply": [{"l": "Wheat", "v": 0.06603649548844516}]}, {"source": 82, "prod": 76.0, "target": 3, "value": 0.20284570619897607, "supply": [{"l": "Barley", "v": 0.20284570619897607}]}, {"source": 82, "prod": 3.0, "target": 39, "value": 0.0034866666600000002, "supply": [{"l": "Pepper", "v": 0.0034866666600000002}]}, {"source": 82, "prod": 22.0, "target": 31, "value": 0.014639630704158257, "supply": [{"l": "Grapefruit", "v": 0.014639630704158257}]}, {"source": 82, "prod": 46.0, "target": 52, "value": 0.020554817504557895, "supply": [{"l": "Coffee", "v": 0.020554817504557895}]}, {"source": 82, "prod": 1.0, "target": 4, "value": 0.0063675249878250009, "supply": [{"l": "Sunflower seed", "v": 0.0063675249878250009}]}, {"source": 82, "prod": 1.0, "target": 5, "value": 0.0033513289409605267, "supply": [{"l": "Cereals, Other", "v": 0.0033513289409605267}]}, {"source": 82, "prod": 979.0, "target": 1, "value": 0.91542062105588651, "supply": [{"l": "Freshwater Fish", "v": 0.0031156085567339451}, {"l": "Meat, Other", "v": 0.0013918087405081967}, {"l": "Crustaceans", "v": 0.00062426715566911775}, {"l": "Eggs", "v": 0.0081903030768411336}, {"l": "Aquatic Products, Other", "v": 0.00084530454057114737}, {"l": "Marine Fish, Other", "v": 0.023255308651186954}, {"l": "Demersal Fish", "v": 0.0065307948593076922}, {"l": "Pigmeat", "v": 0.006254734690134058}, {"l": "Milk - Excluding Butter", "v": 0.020760826285466719}, {"l": "Pelagic Fish", "v": 0.35548067236316688}, {"l": "Fish, Seafood", "v": 0.37505742147966936}, {"l": "Cephalopods", "v": 0.00086632993031632646}, {"l": "Aquatic Plants", "v": 0.00084530454057114737}, {"l": "Poultry Meat", "v": 0.10234022987917768}, {"l": "Offals, Edible", "v": 0.0047003644662145334}, {"l": "Bovine Meat", "v": 0.0051613418403515417}]}, {"source": 82, "prod": 1.0, "target": 46, "value": 0.0033513289409605267, "supply": [{"l": "Pimento", "v": 0.0033513289409605267}]}, {"source": 82, "prod": 8.0, "target": 26, "value": 0.028040477010605507, "supply": [{"l": "Nuts", "v": 0.028040477010605507}]}, {"source": 82, "prod": 58.0, "target": 33, "value": 0.49242193239180004, "supply": [{"l": "Cocoa Beans", "v": 0.49242193239180004}]}, {"source": 82, "prod": 196.0, "target": 70, "value": 0.064331695753283513, "supply": [{"l": "Oranges, Mandarines", "v": 0.064331695753283513}]}, {"source": 82, "prod": 29.0, "target": 54, "value": 0.023674131364990386, "supply": [{"l": "Pineapples", "v": 0.023674131364990386}]}, {"source": 82, "prod": 1.0, "target": 23, "value": 0.0063675249878250009, "supply": [{"l": "Rape and Mustardseed", "v": 0.0063675249878250009}]}, {"source": 82, "prod": 27.0, "target": 13, "value": 0.021024033789300404, "supply": [{"l": "Potatoes", "v": 0.021024033789300404}]}, {"source": 82, "prod": 7.0, "target": 71, "value": 0.0025253640178342779, "supply": [{"l": "Onions", "v": 0.0025253640178342779}]}, {"source": 82, "prod": 79.0, "target": 60, "value": 0.061345667565631104, "supply": [{"l": "Bananas", "v": 0.061345667565631104}]}, {"source": 82, "prod": 5.0, "target": 29, "value": 0.0033271887963996038, "supply": [{"l": "Citrus, Other", "v": 0.0033271887963996038}]}, {"source": 82, "prod": 56.0, "target": 45, "value": 0.042198982167834326, "supply": [{"l": "Grapes", "v": 0.042198982167834326}]}, {"source": 82, "prod": 730.0, "target": 73, "value": 3.9475055427296168, "supply": [{"l": "Sugar", "v": 1.5161998893568482}, {"l": "Beer", "v": 0.010779840109614636}, {"l": "Beverages, Alcoholic", "v": 0.010217946164415853}, {"l": "Fats, Animals, Raw", "v": 0.084900333171}, {"l": "Soyabean Oil", "v": 0.022342192939736844}, {"l": "Butter, Ghee", "v": 0.0083508524430491796}, {"l": "Palm Oil", "v": 1.1771316463979189}, {"l": "Sunflowerseed Oil", "v": 0.87922892500663774}, {"l": "Coconut Oil", "v": 0.08260572957178379}, {"l": "Oilcrops Oil, Other", "v": 0.045482321341607151}, {"l": "Wine", "v": 0.015130752446316833}, {"l": "Sweeteners, Other", "v": 0.045411806114720926}, {"l": "Palmkernel Oil", "v": 0.041302864785891895}, {"l": "Cream", "v": 0.0084204428800745898}]}, {"source": 82, "prod": 13.0, "target": 12, "value": 0.082777824841724995, "supply": [{"l": "Soyabeans", "v": 0.082777824841724995}]}, {"source": 82, "prod": 6.0, "target": 0, "value": 0.018946939389914985, "supply": [{"l": "Maize", "v": 0.018946939389914985}]}, {"source": 82, "prod": 40.0, "target": 65, "value": 0.023092890622512005, "supply": [{"l": "Fruits, Other", "v": 0.023092890622512005}]}, {"source": 82, "prod": 29.0, "target": 51, "value": 0.184658224646925, "supply": [{"l": "Groundnuts", "v": 0.184658224646925}]}, {"source": 82, "prod": 2.0, "target": 41, "value": 0.0032653974296538461, "supply": [{"l": "Coconuts - Incl Copra", "v": 0.0032653974296538461}]}, {"source": 82, "prod": 1.0, "target": 11, "value": 0.0024028396180471702, "supply": [{"l": "Oats", "v": 0.0024028396180471702}]}, {"source": 0, "prod": 516.0, "target": 83, "value": 1.6294367875326889, "supply": [{"l": "Maize", "v": 1.6294367875326889}]}, {"source": 84, "prod": 1.0, "target": 83, "value": 0.001286368684409091, "supply": [{"l": "Olives", "v": 0.001286368684409091}]}, {"source": 75, "prod": 48.0, "target": 83, "value": 0.040348673190178222, "supply": [{"l": "Alcohol, Non-Food", "v": 0.040348673190178222}]}, {"source": 2, "prod": 493.0, "target": 83, "value": 1.5242785210356409, "supply": [{"l": "Rye", "v": 1.5242785210356409}]}, {"source": 65, "prod": 45.0, "target": 83, "value": 0.025979501950326007, "supply": [{"l": "Fruits, Other", "v": 0.025979501950326007}]}, {"source": 27, "prod": 189.0, "target": 83, "value": 0.64832981694218172, "supply": [{"l": "Sugar", "v": 0.64832981694218172}]}, {"source": 62, "prod": 1.0, "target": 83, "value": 0.0084900333171, "supply": [{"l": "Maize Germ Oil", "v": 0.0084900333171}]}, {"source": 30, "prod": 113.0, "target": 83, "value": 0.064111680651918621, "supply": [{"l": "Beer", "v": 0.064111680651918621}]}, {"source": 31, "prod": 3.0, "target": 83, "value": 0.0019963132778397625, "supply": [{"l": "Grapefruit", "v": 0.0019963132778397625}]}, {"source": 32, "prod": 10.0, "target": 83, "value": 0.034059820548052844, "supply": [{"l": "Beverages, Alcoholic", "v": 0.034059820548052844}]}, {"source": 3, "prod": 2839.0, "target": 83, "value": 7.5773547355117499, "supply": [{"l": "Barley", "v": 7.5773547355117499}]}, {"source": 33, "prod": 65.0, "target": 83, "value": 0.55185216561149997, "supply": [{"l": "Cocoa Beans", "v": 0.55185216561149997}]}, {"source": 36, "prod": 15.0, "target": 83, "value": 0.12526278664573773, "supply": [{"l": "Butter, Ghee", "v": 0.12526278664573773}]}, {"source": 37, "prod": 8.0, "target": 83, "value": 0.0015914986751593369, "supply": [{"l": "Tomatoes", "v": 0.0015914986751593369}]}, {"source": 4, "prod": 68.0, "target": 83, "value": 0.43299169917210001, "supply": [{"l": "Sunflower seed", "v": 0.43299169917210001}]}, {"source": 5, "prod": 26.0, "target": 83, "value": 0.087134552464973702, "supply": [{"l": "Cereals, Other", "v": 0.087134552464973702}]}, {"source": 6, "prod": 8394.0, "target": 83, "value": 27.715517156500432, "supply": [{"l": "Wheat", "v": 27.715517156500432}]}, {"source": 40, "prod": 1.0, "target": 83, "value": 0.011171096469868422, "supply": [{"l": "Soyabean Oil", "v": 0.011171096469868422}]}, {"source": 42, "prod": 13.0, "target": 83, "value": 0.045987680467625004, "supply": [{"l": "Treenuts", "v": 0.045987680467625004}]}, {"source": 43, "prod": 1.0, "target": 83, "value": 0.00062426715566911775, "supply": [{"l": "Crustaceans", "v": 0.00062426715566911775}]}, {"source": 8, "prod": 33.0, "target": 83, "value": 0.0094679053606634769, "supply": [{"l": "Vegetables, Other", "v": 0.0094679053606634769}]}, {"source": 9, "prod": 185.0, "target": 83, "value": 0.70509332424522442, "supply": [{"l": "Peas", "v": 0.70509332424522442}]}, {"source": 44, "prod": 2.0, "target": 83, "value": 0.0022147913001130436, "supply": [{"l": "Marine Fish, Other", "v": 0.0022147913001130436}]}, {"source": 10, "prod": 2.0, "target": 83, "value": 0.012735049975650002, "supply": [{"l": "Oilcrops, Other", "v": 0.012735049975650002}]}, {"source": 48, "prod": 570.0, "target": 83, "value": 5.8960057323974526, "supply": [{"l": "Sunflowerseed Oil", "v": 5.8960057323974526}]}, {"source": 11, "prod": 31.0, "target": 83, "value": 0.074488028159462261, "supply": [{"l": "Oats", "v": 0.074488028159462261}]}, {"source": 49, "prod": 4.0, "target": 83, "value": 0.0083396462535120768, "supply": [{"l": "Pigmeat", "v": 0.0083396462535120768}]}, {"source": 66, "prod": 4.0, "target": 83, "value": 0.0056076838289960372, "supply": [{"l": "Poultry Meat", "v": 0.0056076838289960372}]}, {"source": 38, "prod": 9.0, "target": 83, "value": 0.076410299853900007, "supply": [{"l": "Fats, Animals, Raw", "v": 0.076410299853900007}]}, {"source": 12, "prod": 4.0, "target": 83, "value": 0.025470099951300004, "supply": [{"l": "Soyabeans", "v": 0.025470099951300004}]}, {"source": 26, "prod": 13.0, "target": 83, "value": 0.045565775142233943, "supply": [{"l": "Nuts", "v": 0.045565775142233943}]}, {"source": 53, "prod": 6.0, "target": 83, "value": 0.061954297178837846, "supply": [{"l": "Rape and Mustard Oil", "v": 0.061954297178837846}]}, {"source": 14, "prod": 880.0, "target": 83, "value": 0.58933958487776505, "supply": [{"l": "Milk - Excluding Butter", "v": 0.58933958487776505}]}, {"source": 54, "prod": 4.0, "target": 83, "value": 0.0032653974296538461, "supply": [{"l": "Pineapples", "v": 0.0032653974296538461}]}, {"source": 15, "prod": 2.0, "target": 83, "value": 0.0076226305323808044, "supply": [{"l": "Beans", "v": 0.0076226305323808044}]}, {"source": 16, "prod": 72.0, "target": 83, "value": 0.037456029340147058, "supply": [{"l": "Apples", "v": 0.037456029340147058}]}, {"source": 17, "prod": 61.0, "target": 83, "value": 0.053329843147458804, "supply": [{"l": "Fish, Seafood", "v": 0.053329843147458804}]}, {"source": 47, "prod": 17.0, "target": 83, "value": 0.014290155088188121, "supply": [{"l": "Wine", "v": 0.014290155088188121}]}, {"source": 59, "prod": 91.0, "target": 83, "value": 0.22958190869108916, "supply": [{"l": "Sweeteners, Other", "v": 0.22958190869108916}]}, {"source": 20, "prod": 58.0, "target": 83, "value": 0.052329642124527107, "supply": [{"l": "Pelagic Fish", "v": 0.052329642124527107}]}, {"source": 61, "prod": 1.0, "target": 83, "value": 0.00084059735812871299, "supply": [{"l": "Beverages, Fermented", "v": 0.00084059735812871299}]}, {"source": 63, "prod": 2.0, "target": 83, "value": 0.0075466962818666657, "supply": [{"l": "Spices, Other", "v": 0.0075466962818666657}]}, {"source": 21, "prod": 138.0, "target": 83, "value": 0.35613258698425637, "supply": [{"l": "Bovine Meat", "v": 0.35613258698425637}]}, {"source": 22, "prod": 27.0, "target": 83, "value": 0.095512874817374999, "supply": [{"l": "Millet", "v": 0.095512874817374999}]}, {"source": 34, "prod": 3.0, "target": 83, "value": 0.010290949475272726, "supply": [{"l": "Honey", "v": 0.010290949475272726}]}, {"source": 67, "prod": 3.0, "target": 83, "value": 0.0035252733496609003, "supply": [{"l": "Offals, Edible", "v": 0.0035252733496609003}]}, {"source": 23, "prod": 28.0, "target": 83, "value": 0.17829069965910002, "supply": [{"l": "Rape and Mustardseed", "v": 0.17829069965910002}]}, {"source": 70, "prod": 9.0, "target": 83, "value": 0.0029540064376507736, "supply": [{"l": "Oranges, Mandarines", "v": 0.0029540064376507736}]}, {"source": 71, "prod": 4.0, "target": 83, "value": 0.0014430651530481589, "supply": [{"l": "Onions", "v": 0.0014430651530481589}]}, {"source": 85, "prod": 11.0, "target": 33, "value": 0.093390366488100007, "supply": [{"l": "Cocoa Beans", "v": 0.093390366488100007}]}, {"source": 85, "prod": 15.0, "target": 16, "value": 0.0078033394458639702, "supply": [{"l": "Apples", "v": 0.0078033394458639702}]}, {"source": 85, "prod": 456.0, "target": 0, "value": 1.4399673936335389, "supply": [{"l": "Maize", "v": 1.4399673936335389}]}, {"source": 40, "prod": 6.0, "target": 86, "value": 0.067026578819210536, "supply": [{"l": "Soyabean Oil", "v": 0.067026578819210536}]}, {"source": 85, "prod": 32.0, "target": 45, "value": 0.024113704095905329, "supply": [{"l": "Grapes", "v": 0.024113704095905329}]}, {"source": 85, "prod": 37.0, "target": 23, "value": 0.23559842454952501, "supply": [{"l": "Rape and Mustardseed", "v": 0.23559842454952501}]}, {"source": 53, "prod": 1.0, "target": 86, "value": 0.010325716196472974, "supply": [{"l": "Rape and Mustard Oil", "v": 0.010325716196472974}]}, {"source": 85, "prod": 140.0, "target": 22, "value": 0.49525194349750001, "supply": [{"l": "Millet", "v": 0.49525194349750001}]}, {"source": 4, "prod": 870.0, "target": 86, "value": 5.5397467394077502, "supply": [{"l": "Sunflower seed", "v": 5.5397467394077502}]}, {"source": 85, "prod": 1744.0, "target": 6, "value": 5.7583824065924185, "supply": [{"l": "Wheat", "v": 5.7583824065924185}]}, {"source": 85, "prod": 654.0, "target": 13, "value": 0.50924881845194325, "supply": [{"l": "Potatoes", "v": 0.50924881845194325}]}, {"source": 85, "prod": 200.0, "target": 2, "value": 0.61836856837145671, "supply": [{"l": "Rye", "v": 0.61836856837145671}]}, {"source": 85, "prod": 275.0, "target": 73, "value": 1.1576571848736223, "supply": [{"l": "Sugar", "v": 0.83699722398884857}, {"l": "Sunflowerseed Oil", "v": 0.32065996088477378}]}, {"source": 3, "prod": 1806.0, "target": 86, "value": 4.8202545446756675, "supply": [{"l": "Barley", "v": 4.8202545446756675}]}, {"source": 1, "prod": 373.0, "target": 66, "value": 0.52291651705388043, "supply": [{"l": "Poultry Meat", "v": 0.52291651705388043}]}, {"source": 1, "prod": 603.0, "target": 49, "value": 1.2572016727169457, "supply": [{"l": "Pigmeat", "v": 1.2572016727169457}]}, {"source": 1, "prod": 546.0, "target": 20, "value": 0.49262042413778961, "supply": [{"l": "Pelagic Fish", "v": 0.49262042413778961}]}, {"source": 1, "prod": 706.0, "target": 21, "value": 1.8219536696440941, "supply": [{"l": "Bovine Meat", "v": 1.8219536696440941}]}, {"source": 1, "prod": 645.0, "target": 7, "value": 1.0565490969125062, "supply": [{"l": "Eggs", "v": 1.0827580667583978}]}, {"source": 1, "prod": 1.0, "target": 80, "value": 0.00084530454057114737, "supply": [{"l": "Aquatic Products, Other", "v": 0.00084530454057114737}]}, {"source": 1, "prod": 12.0, "target": 57, "value": 0.010395959163795918, "supply": [{"l": "Cephalopods", "v": 0.010395959163795918}]}, {"source": 1, "prod": 14158.0, "target": 14, "value": 9.4816702757947677, "supply": [{"l": "Milk - Excluding Butter", "v": 9.4816702757947677}]}, {"source": 1, "prod": 156.0, "target": 67, "value": 0.18331421418236685, "supply": [{"l": "Offals, Edible", "v": 0.18331421418236685}]}, {"source": 1, "prod": 57.0, "target": 44, "value": 0.063121552053221744, "supply": [{"l": "Marine Fish, Other", "v": 0.063121552053221744}]}, {"source": 1, "prod": 1.0, "target": 76, "value": 0.00084530454057114737, "supply": [{"l": "Aquatic Plants", "v": 0.00084530454057114737}]}, {"source": 1, "prod": 727.0, "target": 17, "value": 0.63558681915086157, "supply": [{"l": "Fish, Seafood", "v": 0.63558681915086157}]}, {"source": 1, "prod": 34.0, "target": 43, "value": 0.021225083292750004, "supply": [{"l": "Crustaceans", "v": 0.021225083292750004}]}, {"source": 1, "prod": 25.0, "target": 69, "value": 0.020408733935336536, "supply": [{"l": "Demersal Fish", "v": 0.020408733935336536}]}, {"source": 1, "prod": 30.0, "target": 55, "value": 0.041754262215245905, "supply": [{"l": "Meat, Other", "v": 0.041754262215245905}]}, {"source": 1, "prod": 53.0, "target": 50, "value": 0.04128181337672477, "supply": [{"l": "Freshwater Fish", "v": 0.04128181337672477}]}, {"source": 1, "prod": 16.0, "target": 58, "value": 0.039953097962823536, "supply": [{"l": "Mutton & Goat Meat", "v": 0.039953097962823536}]}, {"source": 73, "prod": 50.0, "target": 75, "value": 0.042029867906435647, "supply": [{"l": "Alcohol, Non-Food", "v": 0.042029867906435647}]}, {"source": 73, "prod": 193.0, "target": 38, "value": 1.6385764302003003, "supply": [{"l": "Fats, Animals, Raw", "v": 1.6385764302003003}]}, {"source": 73, "prod": 277.0, "target": 59, "value": 0.69883723854320545, "supply": [{"l": "Sweeteners, Other", "v": 0.69883723854320545}]}, {"source": 73, "prod": 1.0, "target": 72, "value": 0.0084204428800745898, "supply": [{"l": "Cream", "v": 0.0084204428800745898}]}, {"source": 73, "prod": 3.0, "target": 61, "value": 0.0025217920743861389, "supply": [{"l": "Beverages, Fermented", "v": 0.0025217920743861389}]}, {"source": 73, "prod": 16.0, "target": 40, "value": 0.17873754351789478, "supply": [{"l": "Soyabean Oil", "v": 0.17873754351789478}]}, {"source": 73, "prod": 8.0, "target": 79, "value": 0.08260572957178379, "supply": [{"l": "Coconut Oil", "v": 0.08260572957178379}]}, {"source": 73, "prod": 2239.0, "target": 27, "value": 7.6804786250452128, "supply": [{"l": "Sugar", "v": 7.6804786250452128}]}, {"source": 73, "prod": 51.0, "target": 34, "value": 0.17494614107963635, "supply": [{"l": "Honey", "v": 0.17494614107963635}]}, {"source": 73, "prod": 3.0, "target": 62, "value": 0.0254700999513, "supply": [{"l": "Maize Germ Oil", "v": 0.0254700999513}]}, {"source": 73, "prod": 1519.0, "target": 30, "value": 0.86181984876340167, "supply": [{"l": "Beer", "v": 0.86181984876340167}]}, {"source": 73, "prod": 256.0, "target": 32, "value": 0.87193140603015262, "supply": [{"l": "Beverages, Alcoholic", "v": 0.87193140603015262}]}, {"source": 73, "prod": 1096.0, "target": 48, "value": 11.336881197732644, "supply": [{"l": "Sunflowerseed Oil", "v": 11.336881197732644}]}, {"source": 73, "prod": 114.0, "target": 77, "value": 1.1771316463979189, "supply": [{"l": "Palm Oil", "v": 1.1771316463979189}]}, {"source": 73, "prod": 4.0, "target": 78, "value": 0.041302864785891895, "supply": [{"l": "Palmkernel Oil", "v": 0.041302864785891895}]}, {"source": 73, "prod": 16.0, "target": 28, "value": 0.14554342829314287, "supply": [{"l": "Oilcrops Oil, Other", "v": 0.14554342829314287}]}, {"source": 73, "prod": 29.0, "target": 53, "value": 0.29944576969771625, "supply": [{"l": "Rape and Mustard Oil", "v": 0.29944576969771625}]}, {"source": 73, "prod": 132.0, "target": 36, "value": 1.1023125224824917, "supply": [{"l": "Butter, Ghee", "v": 1.1023125224824917}]}, {"source": 73, "prod": 261.0, "target": 47, "value": 0.2193959104715941, "supply": [{"l": "Wine", "v": 0.2193959104715941}]}, {"source": 0, "prod": 8822.0, "target": 87, "value": 30.759373274520001, "supply": [{"l": "Maize", "v": 30.759373274520001}]}, {"source": 84, "prod": 0.5, "target": 87, "value": 0.00035218855151515155, "supply": [{"l": "Olives", "v": 0.00035218855151515155}]}, {"source": 2, "prod": 3224.0, "target": 87, "value": 11.24101331184, "supply": [{"l": "Rye", "v": 11.24101331184}]}, {"source": 3, "prod": 20804.0, "target": 87, "value": 72.536613194639997, "supply": [{"l": "Barley", "v": 72.536613194639997}]}, {"source": 35, "prod": 181.0, "target": 87, "value": 0.63108666546000003, "supply": [{"l": "Rice", "v": 0.63108666546000003}]}, {"source": 37, "prod": 1338.0, "target": 87, "value": 4.6651599910800003, "supply": [{"l": "Tomatoes", "v": 4.6651599910800003}]}, {"source": 4, "prod": 3271.0, "target": 87, "value": 11.404886644859999, "supply": [{"l": "Sunflower seed", "v": 11.404886644859999}]}, {"source": 5, "prod": 529.0, "target": 87, "value": 1.9574710263324138, "supply": [{"l": "Cereals, Other", "v": 1.9574710263324138}]}, {"source": 6, "prod": 42876.0, "target": 87, "value": 149.49431971416001, "supply": [{"l": "Wheat", "v": 149.49431971416001}]}, {"source": 41, "prod": 1.0, "target": 87, "value": 0.00089401709230769229, "supply": [{"l": "Coconuts - Incl Copra", "v": 0.00089401709230769229}]}, {"source": 8, "prod": 4009.5, "target": 87, "value": 13.979789973270004, "supply": [{"l": "Vegetables, Other", "v": 13.979789973270004}]}, {"source": 9, "prod": 613.0, "target": 87, "value": 2.13732666258, "supply": [{"l": "Peas", "v": 2.13732666258}]}, {"source": 51, "prod": 14.5, "target": 87, "value": 0.050556666569999999, "supply": [{"l": "Groundnuts", "v": 0.050556666569999999}]}, {"source": 10, "prod": 15.0, "target": 87, "value": 0.052299999899999998, "supply": [{"l": "Oilcrops, Other", "v": 0.052299999899999998}]}, {"source": 11, "prod": 1850.0, "target": 87, "value": 6.4503333210000013, "supply": [{"l": "Oats", "v": 6.4503333210000013}]}, {"source": 12, "prod": 131.0, "target": 87, "value": 0.45675333245999999, "supply": [{"l": "Soyabeans", "v": 0.45675333245999999}]}, {"source": 13, "prod": 8480.0, "target": 87, "value": 29.566933276800007, "supply": [{"l": "Potatoes", "v": 29.566933276800007}]}, {"source": 15, "prod": 68.5, "target": 87, "value": 1.5767308596089054, "supply": [{"l": "Beans", "v": 1.5767308596089054}]}, {"source": 24, "prod": 128.0, "target": 87, "value": 2.9463000004370783, "supply": [{"l": "Pulses, Other", "v": 2.9463000004370783}]}, {"source": 18, "prod": 5781.2000000000007, "target": 87, "value": 6.719039098264, "supply": [{"l": "Sugar beet", "v": 6.719039098264}]}, {"source": 19, "prod": 16.0, "target": 87, "value": 0.055786666560000003, "supply": [{"l": "Sorghum", "v": 0.055786666560000003}]}, {"source": 22, "prod": 364.0, "target": 87, "value": 1.2691466642400002, "supply": [{"l": "Millet", "v": 1.2691466642400002}]}, {"source": 23, "prod": 106.5, "target": 87, "value": 0.37132999929000005, "supply": [{"l": "Rape and Mustardseed", "v": 0.37132999929000005}]}, {"source": 71, "prod": 517.0, "target": 87, "value": 1.8026066632199997, "supply": [{"l": "Onions", "v": 1.8026066632199997}]}, {"source": 88, "prod": 0, "target": 0, "value": 0.21339560245799871, "supply": "[{\"l\":'Energy for power irrigation',\"v\":0.21339560245799871}]"}, {"source": 88, "prod": 0, "target": 2, "value": 0.077985425337178393, "supply": "[{\"l\":'Energy for power irrigation',\"v\":0.077985425337178393}]"}, {"source": 88, "prod": 0, "target": 26, "value": 0.0029752504083352797, "supply": "[{\"l\":'Energy for power irrigation',\"v\":0.0029752504083352797}]"}, {"source": 88, "prod": 0, "target": 3, "value": 0.50322853247973298, "supply": "[{\"l\":'Energy for power irrigation',\"v\":0.50322853247973298}]"}, {"source": 88, "prod": 0, "target": 35, "value": 0.0043782140155177694, "supply": "[{\"l\":'Energy for power irrigation',\"v\":0.0043782140155177694}]"}, {"source": 88, "prod": 0, "target": 37, "value": 0.064729838152074864, "supply": "[{\"l\":'Energy for power irrigation',\"v\":0.064729838152074864}]"}, {"source": 88, "prod": 0, "target": 4, "value": 0.1582446192791008, "supply": "[{\"l\":'Energy for power irrigation',\"v\":0.1582446192791008}]"}, {"source": 88, "prod": 0, "target": 5, "value": 0.012795995658612709, "supply": "[{\"l\":'Energy for power irrigation',\"v\":0.012795995658612709}]"}, {"source": 88, "prod": 0, "target": 6, "value": 1.0371287520958004, "supply": "[{\"l\":'Energy for power irrigation',\"v\":1.0371287520958004}]"}, {"source": 88, "prod": 0, "target": 42, "value": 0.0029752504083352797, "supply": "[{\"l\":'Energy for power irrigation',\"v\":0.0029752504083352797}]"}, {"source": 88, "prod": 0, "target": 8, "value": 0.19397181320683424, "supply": "[{\"l\":'Energy for power irrigation',\"v\":0.19397181320683424}]"}, {"source": 88, "prod": 0, "target": 9, "value": 0.029655747972512626, "supply": "[{\"l\":'Energy for power irrigation',\"v\":0.029655747972512626}]"}, {"source": 88, "prod": 0, "target": 45, "value": 0.019496356334294598, "supply": "[{\"l\":'Energy for power irrigation',\"v\":0.019496356334294598}]"}, {"source": 88, "prod": 0, "target": 10, "value": 0.00072567083130128777, "supply": "[{\"l\":'Energy for power irrigation',\"v\":0.00072567083130128777}]"}, {"source": 88, "prod": 0, "target": 11, "value": 0.044749701263579418, "supply": "[{\"l\":'Energy for power irrigation',\"v\":0.044749701263579418}]"}, {"source": 88, "prod": 0, "target": 12, "value": 0.0063375252600312466, "supply": "[{\"l\":'Energy for power irrigation',\"v\":0.0063375252600312466}]"}, {"source": 88, "prod": 0, "target": 13, "value": 0.82049181992465603, "supply": "[{\"l\":'Energy for power irrigation',\"v\":0.82049181992465603}]"}, {"source": 88, "prod": 0, "target": 15, "value": 0.0033138967962758805, "supply": "[{\"l\":'Energy for power irrigation',\"v\":0.0033138967962758805}]"}, {"source": 88, "prod": 0, "target": 16, "value": 0.026075771871426276, "supply": "[{\"l\":'Energy for power irrigation',\"v\":0.026075771871426276}]"}, {"source": 88, "prod": 0, "target": 18, "value": 0.69920803498650075, "supply": "[{\"l\":'Energy for power irrigation',\"v\":0.69920803498650075}]"}, {"source": 88, "prod": 0, "target": 19, "value": 0.00038702444336068679, "supply": "[{\"l\":'Energy for power irrigation',\"v\":0.00038702444336068679}]"}, {"source": 88, "prod": 0, "target": 63, "value": 0.00016932319397030047, "supply": "[{\"l\":'Energy for power irrigation',\"v\":0.00016932319397030047}]"}, {"source": 88, "prod": 0, "target": 65, "value": 0.031615059217026106, "supply": "[{\"l\":'Energy for power irrigation',\"v\":0.031615059217026106}]"}, {"source": 88, "prod": 0, "target": 22, "value": 0.0088048060864556257, "supply": "[{\"l\":'Energy for power irrigation',\"v\":0.0088048060864556257}]"}, {"source": 88, "prod": 0, "target": 23, "value": 0.0051522629022391431, "supply": "[{\"l\":'Energy for power irrigation',\"v\":0.0051522629022391431}]"}, {"source": 88, "prod": 0, "target": 71, "value": 0.025011454652184385, "supply": "[{\"l\":'Energy for power irrigation',\"v\":0.025011454652184385}]"}, {"source": 88, "prod": 0, "target": 24, "value": 0.0061923910937709886, "supply": "[{\"l\":'Energy for power irrigation',\"v\":0.0061923910937709886}]"}, {"source": 88, "prod": 0, "target": 73, "value": 3.7330000029863997, "supply": "[{\"l\":'Electricity',\"v\":3.7330000029863997}]"}, {"source": 89, "prod": 0, "target": 88, "value": 8.9622031013214052, "supply": [{"l": "Coal", "v": 6.2503650483859827}, {"l": "Natural gas", "v": 2.616723239288866}, {"l": "Oil", "v": 0.095114813646556329}]}, {"source": 90, "prod": 0, "target": 88, "value": 3.9106068125985232, "supply": [{"l": "Nuclear", "v": 3.4800514076445279}, {"l": "Hydroelectric", "v": 0.42957372613660616}, {"l": "Renewable", "v": 0.00098167881738914979}]}, {"source": 89, "prod": 0, "target": 0, "value": 1.6356606072228264, "supply": [{"l": "Gas-Diesel oil", "v": 0.96947230606451607}, {"l": "Natural gas (including LNG)", "v": 0.040319575775702769}, {"l": "Fuel oil", "v": 0.0011937785718859595}, {"l": "Liquefied petroleum gas (LPG)", "v": 0.00069883324814611243}, {"l": "Coal", "v": 0.032019268824149148}, {"l": "Other fossil fuels", "v": 0.59195684473842625}]}, {"source": 89, "prod": 0, "target": 2, "value": 0.59775218745028247, "supply": [{"l": "Gas-Diesel oil", "v": 0.35429366524053502}, {"l": "Natural gas (including LNG)", "v": 0.014734789424264988}, {"l": "Fuel oil", "v": 0.0004362663926275599}, {"l": "Liquefied petroleum gas (LPG)", "v": 0.00025538861845647999}, {"l": "Coal", "v": 0.011701442154733264}, {"l": "Other fossil fuels", "v": 0.2163306356196652}]}, {"source": 89, "prod": 0, "target": 26, "value": 0.022805061742054822, "supply": [{"l": "Gas-Diesel oil", "v": 0.013516786856261105}, {"l": "Natural gas (including LNG)", "v": 0.00056215232604981183}, {"l": "Fuel oil", "v": 1.6644158279525393e-05}, {"l": "Liquefied petroleum gas (LPG)", "v": 9.7434243393756321e-06}, {"l": "Coal", "v": 0.00044642598791321073}, {"l": "Other fossil fuels", "v": 0.0082533089892117915}]}, {"source": 89, "prod": 0, "target": 3, "value": 3.8572073535098252, "supply": [{"l": "Gas-Diesel oil", "v": 2.2862051525012683}, {"l": "Natural gas (including LNG)", "v": 0.095081438952360042}, {"l": "Fuel oil", "v": 0.0028151631613597254}, {"l": "Liquefied petroleum gas (LPG)", "v": 0.0016479853654989482}, {"l": "Coal", "v": 0.075507693110133625}, {"l": "Other fossil fuels", "v": 1.3959499204192041}]}, {"source": 89, "prod": 0, "target": 35, "value": 0.033558668091966851, "supply": [{"l": "Gas-Diesel oil", "v": 0.019890556268156587}, {"l": "Natural gas (including LNG)", "v": 0.00082723228467492644}, {"l": "Fuel oil", "v": 2.4492623159301594e-05}, {"l": "Liquefied petroleum gas (LPG)", "v": 1.4337884596967395e-05}, {"l": "Coal", "v": 0.00065693580335196046}, {"l": "Other fossil fuels", "v": 0.012145113228027108}]}, {"source": 89, "prod": 0, "target": 37, "value": 0.49614914814421707, "supply": [{"l": "Gas-Diesel oil", "v": 0.29407253355572938}, {"l": "Natural gas (including LNG)", "v": 0.012230240849669076}, {"l": "Fuel oil", "v": 0.00036211193134967433}, {"l": "Liquefied petroleum gas (LPG)", "v": 0.00021197889050544056}, {"l": "Coal", "v": 0.0097124873467947289}, {"l": "Other fossil fuels", "v": 0.17955979557016871}]}, {"source": 89, "prod": 0, "target": 4, "value": 1.2129326334676638, "supply": [{"l": "Gas-Diesel oil", "v": 0.7189172326313833}, {"l": "Natural gas (including LNG)", "v": 0.029899191195267228}, {"l": "Fuel oil", "v": 0.00088525271109475697}, {"l": "Liquefied petroleum gas (LPG)", "v": 0.0005182234311235397}, {"l": "Coal", "v": 0.02374405538966036}, {"l": "Other fossil fuels", "v": 0.43896867810913448}]}, {"source": 89, "prod": 0, "target": 5, "value": 0.098080306191439037, "supply": [{"l": "Gas-Diesel oil", "v": 0.058133172739529469}, {"l": "Natural gas (including LNG)", "v": 0.0024177120364256136}, {"l": "Fuel oil", "v": 7.1583412437958808e-05}, {"l": "Liquefied petroleum gas (LPG)", "v": 4.1904646142517967e-05}, {"l": "Coal", "v": 0.0019199946959844593}, {"l": "Other fossil fuels", "v": 0.035495938660919012}]}, {"source": 89, "prod": 0, "target": 6, "value": 7.9495107906694509, "supply": [{"l": "Gas-Diesel oil", "v": 4.7117540914556999}, {"l": "Natural gas (including LNG)", "v": 0.19595807424155878}, {"l": "Fuel oil", "v": 0.0058019100031945587}, {"l": "Liquefied petroleum gas (LPG)", "v": 0.0033964151380086959}, {"l": "Coal", "v": 0.1556175663233075}, {"l": "Other fossil fuels", "v": 2.8769827335076812}]}, {"source": 89, "prod": 0, "target": 42, "value": 0.022805061742054822, "supply": [{"l": "Gas-Diesel oil", "v": 0.013516786856261105}, {"l": "Natural gas (including LNG)", "v": 0.00056215232604981183}, {"l": "Fuel oil", "v": 1.6644158279525393e-05}, {"l": "Liquefied petroleum gas (LPG)", "v": 9.7434243393756321e-06}, {"l": "Coal", "v": 0.00044642598791321073}, {"l": "Other fossil fuels", "v": 0.0082533089892117915}]}, {"source": 89, "prod": 0, "target": 8, "value": 1.4867787813783546, "supply": [{"l": "Gas-Diesel oil", "v": 0.88122856748258382}, {"l": "Natural gas (including LNG)", "v": 0.0366495894519792}, {"l": "Fuel oil", "v": 0.0010851179288090579}, {"l": "Liquefied petroleum gas (LPG)", "v": 0.00063522373802807472}, {"l": "Coal", "v": 0.029104796724195421}, {"l": "Other fossil fuels", "v": 0.53807548605275901}]}, {"source": 89, "prod": 0, "target": 9, "value": 0.22730898939641636, "supply": [{"l": "Gas-Diesel oil", "v": 0.1347282982583424}, {"l": "Natural gas (including LNG)", "v": 0.0056032418840412145}, {"l": "Fuel oil", "v": 0.00016590030935526937}, {"l": "Liquefied petroleum gas (LPG)", "v": 9.711738406564654e-05}, {"l": "Coal", "v": 0.0044497419608259866}, {"l": "Other fossil fuels", "v": 0.082264689599785834}]}, {"source": 89, "prod": 0, "target": 45, "value": 0.14943804686257062, "supply": [{"l": "Gas-Diesel oil", "v": 0.088573416310133754}, {"l": "Natural gas (including LNG)", "v": 0.0036836973560662469}, {"l": "Fuel oil", "v": 0.00010906659815688997}, {"l": "Liquefied petroleum gas (LPG)", "v": 6.3847154614119997e-05}, {"l": "Coal", "v": 0.0029253605386833159}, {"l": "Other fossil fuels", "v": 0.0540826589049163}]}, {"source": 89, "prod": 0, "target": 10, "value": 0.0055622101809889813, "supply": [{"l": "Gas-Diesel oil", "v": 0.0032967772820149039}, {"l": "Natural gas (including LNG)", "v": 0.0001371103234267834}, {"l": "Fuel oil", "v": 4.0595507998842422e-06}, {"l": "Liquefied petroleum gas (LPG)", "v": 2.3764449608233248e-06}, {"l": "Coal", "v": 0.00010888438729590506}, {"l": "Other fossil fuels", "v": 0.0020130021924906812}]}, {"source": 89, "prod": 0, "target": 11, "value": 0.34300296116098716, "supply": [{"l": "Gas-Diesel oil", "v": 0.20330126572425242}, {"l": "Natural gas (including LNG)", "v": 0.0084551366113183087}, {"l": "Fuel oil", "v": 0.00025033896599286162}, {"l": "Liquefied petroleum gas (LPG)", "v": 0.00014654743925077171}, {"l": "Coal", "v": 0.0067145372165808119}, {"l": "Other fossil fuels", "v": 0.124135135203592}]}, {"source": 89, "prod": 0, "target": 12, "value": 0.048576635580637101, "supply": [{"l": "Gas-Diesel oil", "v": 0.028791854929596829}, {"l": "Natural gas (including LNG)", "v": 0.0011974301579272416}, {"l": "Fuel oil", "v": 3.5453410318989053e-05}, {"l": "Liquefied petroleum gas (LPG)", "v": 2.0754285991190373e-05}, {"l": "Coal", "v": 0.00095092364905090417}, {"l": "Other fossil fuels", "v": 0.017580219147751947}]}, {"source": 89, "prod": 0, "target": 13, "value": 6.2890056446382072, "supply": [{"l": "Gas-Diesel oil", "v": 3.7275561801981842}, {"l": "Natural gas (including LNG)", "v": 0.15502607235454974}, {"l": "Fuel oil", "v": 0.0045899987710691162}, {"l": "Liquefied petroleum gas (LPG)", "v": 0.0026869671023709058}, {"l": "Coal", "v": 0.12311194723590331}, {"l": "Other fossil fuels", "v": 2.27603447897613}]}, {"source": 89, "prod": 0, "target": 15, "value": 0.025400759826516347, "supply": [{"l": "Gas-Diesel oil", "v": 0.015055282921201393}, {"l": "Natural gas (including LNG)", "v": 0.0006261371436489774}, {"l": "Fuel oil", "v": 1.8538615319471371e-05}, {"l": "Liquefied petroleum gas (LPG)", "v": 1.0852431987759849e-05}, {"l": "Coal", "v": 0.00049723870198463307}, {"l": "Other fossil fuels", "v": 0.0091927100123741102}]}, {"source": 89, "prod": 0, "target": 16, "value": 0.19986875250353739, "supply": [{"l": "Gas-Diesel oil", "v": 0.11846419700040221}, {"l": "Natural gas (including LNG)", "v": 0.0049268309551357492}, {"l": "Fuel oil", "v": 0.00014587319207584043}, {"l": "Liquefied petroleum gas (LPG)", "v": 8.5393588925584813e-05}, {"l": "Coal", "v": 0.0039125789834995213}, {"l": "Other fossil fuels", "v": 0.072333878783498465}]}, {"source": 89, "prod": 0, "target": 18, "value": 5.3593749163889157, "supply": [{"l": "Gas-Diesel oil", "v": 3.1765548037974267}, {"l": "Natural gas (including LNG)", "v": 0.13211036696582001}, {"l": "Fuel oil", "v": 0.0039115125140484633}, {"l": "Liquefied petroleum gas (LPG)", "v": 0.0022897839345853007}, {"l": "Coal", "v": 0.10491373663918105}, {"l": "Other fossil fuels", "v": 1.9395947125378541}]}, {"source": 89, "prod": 0, "target": 19, "value": 0.0029665120965274563, "supply": [{"l": "Gas-Diesel oil", "v": 0.0017582812170746152}, {"l": "Natural gas (including LNG)", "v": 7.3125505827617804e-05}, {"l": "Fuel oil", "v": 2.1650937599382624e-06}, {"l": "Liquefied petroleum gas (LPG)", "v": 1.2674373124391065e-06}, {"l": "Coal", "v": 5.8071673224482692e-05}, {"l": "Other fossil fuels", "v": 0.0010736011693283632}]}, {"source": 89, "prod": 0, "target": 63, "value": 0.0012978490422307621, "supply": [{"l": "Gas-Diesel oil", "v": 0.00076924803247014413}, {"l": "Natural gas (including LNG)", "v": 3.1992408799582789e-05}, {"l": "Fuel oil", "v": 9.4722851997298984e-07}, {"l": "Liquefied petroleum gas (LPG)", "v": 5.5450382419210913e-07}, {"l": "Coal", "v": 2.5406357035711177e-05}, {"l": "Other fossil fuels", "v": 0.00046970051158115887}]}, {"source": 89, "prod": 0, "target": 65, "value": 0.2423269568850866, "supply": [{"l": "Gas-Diesel oil", "v": 0.14362959691978264}, {"l": "Natural gas (including LNG)", "v": 0.0059734397572935288}, {"l": "Fuel oil", "v": 0.00017686109651495681}, {"l": "Liquefied petroleum gas (LPG)", "v": 0.00010353378545986952}, {"l": "Coal", "v": 0.0047437298065249305}, {"l": "Other fossil fuels", "v": 0.087699795519510668}]}, {"source": 89, "prod": 0, "target": 22, "value": 0.06748815019599963, "supply": [{"l": "Gas-Diesel oil", "v": 0.040000897688447501}, {"l": "Natural gas (including LNG)", "v": 0.0016636052575783049}, {"l": "Fuel oil", "v": 4.9255883038595474e-05}, {"l": "Liquefied petroleum gas (LPG)", "v": 2.8834198857989675e-05}, {"l": "Coal", "v": 0.0013211305658569813}, {"l": "Other fossil fuels", "v": 0.024424426602220262}]}, {"source": 89, "prod": 0, "target": 23, "value": 0.039491692285021765, "supply": [{"l": "Gas-Diesel oil", "v": 0.023407118702305819}, {"l": "Natural gas (including LNG)", "v": 0.00097348329633016204}, {"l": "Fuel oil", "v": 2.8822810679178121e-05}, {"l": "Liquefied petroleum gas (LPG)", "v": 1.6872759221845606e-05}, {"l": "Coal", "v": 0.00077307914980092587}, {"l": "Other fossil fuels", "v": 0.014292315566683835}]}, {"source": 89, "prod": 0, "target": 71, "value": 0.19171084423808687, "supply": [{"l": "Gas-Diesel oil", "v": 0.11362892365344701}, {"l": "Natural gas (including LNG)", "v": 0.0047257358141098004}, {"l": "Fuel oil", "v": 0.0001399191842360102}, {"l": "Liquefied petroleum gas (LPG)", "v": 8.1908136316377256e-05}, {"l": "Coal", "v": 0.0037528818821321941}, {"l": "Other fossil fuels", "v": 0.069381475567845463}]}, {"source": 89, "prod": 0, "target": 24, "value": 0.047464193544439301, "supply": [{"l": "Gas-Diesel oil", "v": 0.028132499473193844}, {"l": "Natural gas (including LNG)", "v": 0.0011700080932418849}, {"l": "Fuel oil", "v": 3.4641500159012198e-05}, {"l": "Liquefied petroleum gas (LPG)", "v": 2.0278996999025704e-05}, {"l": "Coal", "v": 0.00092914677159172307}, {"l": "Other fossil fuels", "v": 0.017177618709253811}]}, {"source": 89, "prod": 0, "target": 1, "value": 0.093174629704169315, "supply": [{"l": "Gas-diesel oils used in fisheries", "v": 0.093174629704169315}]}, {"source": 91, "prod": 31.327822794578694, "target": 0, "value": 0.50531213822666921, "supply": [{"l": "Potash", "v": 0.074352777837259992}, {"l": "Phosphate", "v": 0.25250000020199997}, {"l": "Nitrogen", "v": 9.1736111184499993}]}, {"source": 91, "prod": 11.448753195388994, "target": 2, "value": 0.18466632664279997, "supply": [{"l": "Potash", "v": 0.074352777837259992}, {"l": "Phosphate", "v": 0.25250000020199997}, {"l": "Nitrogen", "v": 9.1736111184499993}]}, {"source": 91, "prod": 0.43678555925336421, "target": 26, "value": 0.0070452723874269213, "supply": [{"l": "Potash", "v": 0.074352777837259992}, {"l": "Phosphate", "v": 0.25250000020199997}, {"l": "Nitrogen", "v": 9.1736111184499993}]}, {"source": 91, "prod": 73.877128249650312, "target": 3, "value": 1.1916247703091842, "supply": [{"l": "Potash", "v": 0.074352777837259992}, {"l": "Phosphate", "v": 0.25250000020199997}, {"l": "Nitrogen", "v": 9.1736111184499993}]}, {"source": 91, "prod": 0.64274948150291811, "target": 35, "value": 0.010367433350603845, "supply": [{"l": "Potash", "v": 0.074352777837259992}, {"l": "Phosphate", "v": 0.25250000020199997}, {"l": "Nitrogen", "v": 9.1736111184499993}]}, {"source": 91, "prod": 9.5027492403414833, "target": 37, "value": 0.15327763340450765, "supply": [{"l": "Potash", "v": 0.074352777837259992}, {"l": "Phosphate", "v": 0.25250000020199997}, {"l": "Nitrogen", "v": 9.1736111184499993}]}, {"source": 91, "prod": 23.231309988906574, "target": 4, "value": 0.37471684519143839, "supply": [{"l": "Potash", "v": 0.074352777837259992}, {"l": "Phosphate", "v": 0.25250000020199997}, {"l": "Nitrogen", "v": 9.1736111184499993}]}, {"source": 91, "prod": 1.8785330150002413, "target": 5, "value": 0.030300399129665381, "supply": [{"l": "Potash", "v": 0.074352777837259992}, {"l": "Phosphate", "v": 0.25250000020199997}, {"l": "Nitrogen", "v": 9.1736111184499993}]}, {"source": 91, "prod": 152.2570539719288, "target": 6, "value": 2.4558788527098918, "supply": [{"l": "Potash", "v": 0.074352777837259992}, {"l": "Phosphate", "v": 0.25250000020199997}, {"l": "Nitrogen", "v": 9.1736111184499993}]}, {"source": 91, "prod": 0.43678555925336421, "target": 42, "value": 0.0070452723874269213, "supply": [{"l": "Potash", "v": 0.074352777837259992}, {"l": "Phosphate", "v": 0.25250000020199997}, {"l": "Nitrogen", "v": 9.1736111184499993}]}, {"source": 91, "prod": 28.476287802054696, "target": 8, "value": 0.45931739247785763, "supply": [{"l": "Potash", "v": 0.074352777837259992}, {"l": "Phosphate", "v": 0.25250000020199997}, {"l": "Nitrogen", "v": 9.1736111184499993}]}, {"source": 91, "prod": 4.3536511841026382, "target": 9, "value": 0.070223609325084604, "supply": [{"l": "Potash", "v": 0.074352777837259992}, {"l": "Phosphate", "v": 0.25250000020199997}, {"l": "Nitrogen", "v": 9.1736111184499993}]}, {"source": 91, "prod": 2.8621882988472485, "target": 45, "value": 0.046166581660699993, "supply": [{"l": "Potash", "v": 0.074352777837259992}, {"l": "Phosphate", "v": 0.25250000020199997}, {"l": "Nitrogen", "v": 9.1736111184499993}]}, {"source": 91, "prod": 0.10653306323252786, "target": 10, "value": 0.0017183591188846151, "supply": [{"l": "Potash", "v": 0.074352777837259992}, {"l": "Phosphate", "v": 0.25250000020199997}, {"l": "Nitrogen", "v": 9.1736111184499993}]}, {"source": 91, "prod": 6.5695388993392179, "target": 11, "value": 0.1059654789978846, "supply": [{"l": "Potash", "v": 0.074352777837259992}, {"l": "Phosphate", "v": 0.25250000020199997}, {"l": "Nitrogen", "v": 9.1736111184499993}]}, {"source": 91, "prod": 0.93038875223074335, "target": 12, "value": 0.015007002971592305, "supply": [{"l": "Potash", "v": 0.074352777837259992}, {"l": "Phosphate", "v": 0.25250000020199997}, {"l": "Nitrogen", "v": 9.1736111184499993}]}, {"source": 91, "prod": 120.45338349491149, "target": 13, "value": 1.9428913770855381, "supply": [{"l": "Potash", "v": 0.074352777837259992}, {"l": "Phosphate", "v": 0.25250000020199997}, {"l": "Nitrogen", "v": 9.1736111184499993}]}, {"source": 91, "prod": 0.4865009887618772, "target": 15, "value": 0.0078471733095730745, "supply": [{"l": "Potash", "v": 0.074352777837259992}, {"l": "Phosphate", "v": 0.25250000020199997}, {"l": "Nitrogen", "v": 9.1736111184499993}]}, {"source": 91, "prod": 3.8280880721555008, "target": 16, "value": 0.061746371005253833, "supply": [{"l": "Potash", "v": 0.074352777837259992}, {"l": "Phosphate", "v": 0.25250000020199997}, {"l": "Nitrogen", "v": 9.1736111184499993}]}, {"source": 91, "prod": 102.64815752664833, "target": 18, "value": 1.6556962896826226, "supply": [{"l": "Potash", "v": 0.074352777837259992}, {"l": "Phosphate", "v": 0.25250000020199997}, {"l": "Nitrogen", "v": 9.1736111184499993}]}, {"source": 91, "prod": 0.056817633724014854, "target": 19, "value": 0.00091645819673846134, "supply": [{"l": "Potash", "v": 0.074352777837259992}, {"l": "Phosphate", "v": 0.25250000020199997}, {"l": "Nitrogen", "v": 9.1736111184499993}]}, {"source": 91, "prod": 0.024857714754256497, "target": 63, "value": 0.00040095046107307681, "supply": [{"l": "Potash", "v": 0.074352777837259992}, {"l": "Phosphate", "v": 0.25250000020199997}, {"l": "Nitrogen", "v": 9.1736111184499993}]}, {"source": 91, "prod": 4.6412904548304637, "target": 65, "value": 0.074863178946073056, "supply": [{"l": "Potash", "v": 0.074352777837259992}, {"l": "Phosphate", "v": 0.25250000020199997}, {"l": "Nitrogen", "v": 9.1736111184499993}]}, {"source": 91, "prod": 1.292601167221338, "target": 22, "value": 0.020849423975799995, "supply": [{"l": "Potash", "v": 0.074352777837259992}, {"l": "Phosphate", "v": 0.25250000020199997}, {"l": "Nitrogen", "v": 9.1736111184499993}]}, {"source": 91, "prod": 0.75638474895094776, "target": 23, "value": 0.012200349744080767, "supply": [{"l": "Potash", "v": 0.074352777837259992}, {"l": "Phosphate", "v": 0.25250000020199997}, {"l": "Nitrogen", "v": 9.1736111184499993}]}, {"source": 91, "prod": 3.6718395794144598, "target": 71, "value": 0.059226110964223061, "supply": [{"l": "Potash", "v": 0.074352777837259992}, {"l": "Phosphate", "v": 0.25250000020199997}, {"l": "Nitrogen", "v": 9.1736111184499993}]}, {"source": 91, "prod": 0.90908213958423767, "target": 24, "value": 0.014663331147815381, "supply": [{"l": "Potash", "v": 0.074352777837259992}, {"l": "Phosphate", "v": 0.25250000020199997}, {"l": "Nitrogen", "v": 9.1736111184499993}]}, {"source": 89, "prod": 0, "target": 91, "value": 11.261176516275274, "supply": [{"l": "Natural gas (including LNG)", "v": 7.6478145651095382}, {"l": "Fuel oil", "v": 1.9917318298119358}, {"l": "Liquefied petroleum gas (LPG)", "v": 0.81081506067690057}, {"l": "Coal", "v": 0.81081506067690057}]}, {"source": 92, "prod": 0, "target": 0, "value": 0.13664466276347889, "supply": "[{\"l\":'Labor',\"v\":0.13664466276347889}]"}, {"source": 92, "prod": 0, "target": 84, "value": 1.5489079887041359e-05, "supply": "[{\"l\":'Labor',\"v\":1.5489079887041359e-05}]"}, {"source": 92, "prod": 0, "target": 2, "value": 0.049936793555821347, "supply": "[{\"l\":'Labor',\"v\":0.049936793555821347}]"}, {"source": 92, "prod": 0, "target": 26, "value": 0.0019051568261060873, "supply": "[{\"l\":'Labor',\"v\":0.0019051568261060873}]"}, {"source": 92, "prod": 0, "target": 29, "value": 7.7445399435206795e-05, "supply": "[{\"l\":'Labor',\"v\":7.7445399435206795e-05}]"}, {"source": 92, "prod": 0, "target": 31, "value": 0.00034075975751490995, "supply": "[{\"l\":'Labor',\"v\":0.00034075975751490995}]"}, {"source": 92, "prod": 0, "target": 3, "value": 0.32223481797000847, "supply": "[{\"l\":'Labor',\"v\":0.32223481797000847}]"}, {"source": 92, "prod": 0, "target": 33, "value": 0.0010532574323188126, "supply": "[{\"l\":'Labor',\"v\":0.0010532574323188126}]"}, {"source": 92, "prod": 0, "target": 35, "value": 0.0028035234595544865, "supply": "[{\"l\":'Labor',\"v\":0.0028035234595544865}]"}, {"source": 92, "prod": 0, "target": 37, "value": 0.041448777777722677, "supply": "[{\"l\":'Labor',\"v\":0.041448777777722677}]"}, {"source": 92, "prod": 0, "target": 4, "value": 0.10132956062102458, "supply": "[{\"l\":'Labor',\"v\":0.10132956062102458}]"}, {"source": 92, "prod": 0, "target": 5, "value": 0.0081937232602448794, "supply": "[{\"l\":'Labor',\"v\":0.0081937232602448794}]"}, {"source": 92, "prod": 0, "target": 39, "value": 4.6467239661124077e-05, "supply": "[{\"l\":'Labor',\"v\":4.6467239661124077e-05}]"}, {"source": 92, "prod": 0, "target": 6, "value": 0.66410978923678532, "supply": "[{\"l\":'Labor',\"v\":0.66410978923678532}]"}, {"source": 92, "prod": 0, "target": 41, "value": 3.0978159774082718e-05, "supply": "[{\"l\":'Labor',\"v\":3.0978159774082718e-05}]"}, {"source": 92, "prod": 0, "target": 42, "value": 0.0019051568261060873, "supply": "[{\"l\":'Labor',\"v\":0.0019051568261060873}]"}, {"source": 92, "prod": 0, "target": 8, "value": 0.12420693161418467, "supply": "[{\"l\":'Labor',\"v\":0.12420693161418467}]"}, {"source": 92, "prod": 0, "target": 9, "value": 0.018989611941512708, "supply": "[{\"l\":'Labor',\"v\":0.018989611941512708}]"}, {"source": 92, "prod": 0, "target": 45, "value": 0.012484198388955337, "supply": "[{\"l\":'Labor',\"v\":0.012484198388955337}]"}, {"source": 92, "prod": 0, "target": 46, "value": 1.5489079887041359e-05, "supply": "[{\"l\":'Labor',\"v\":1.5489079887041359e-05}]"}, {"source": 92, "prod": 0, "target": 10, "value": 0.00046467239661124082, "supply": "[{\"l\":'Labor',\"v\":0.00046467239661124082}]"}, {"source": 92, "prod": 0, "target": 11, "value": 0.028654797791026518, "supply": "[{\"l\":'Labor',\"v\":0.028654797791026518}]"}, {"source": 92, "prod": 0, "target": 12, "value": 0.0040581389304048367, "supply": "[{\"l\":'Labor',\"v\":0.0040581389304048367}]"}, {"source": 92, "prod": 0, "target": 13, "value": 0.52538958976844297, "supply": "[{\"l\":'Labor',\"v\":0.52538958976844297}]"}, {"source": 92, "prod": 0, "target": 51, "value": 0.00044918331672419946, "supply": "[{\"l\":'Labor',\"v\":0.00044918331672419946}]"}, {"source": 92, "prod": 0, "target": 52, "value": 0.00071249767480390251, "supply": "[{\"l\":'Labor',\"v\":0.00071249767480390251}]"}, {"source": 92, "prod": 0, "target": 54, "value": 0.00044918331672419946, "supply": "[{\"l\":'Labor',\"v\":0.00044918331672419946}]"}, {"source": 92, "prod": 0, "target": 15, "value": 0.0021220039445246663, "supply": "[{\"l\":'Labor',\"v\":0.0021220039445246663}]"}, {"source": 92, "prod": 0, "target": 16, "value": 0.016697228118230587, "supply": "[{\"l\":'Labor',\"v\":0.016697228118230587}]"}, {"source": 92, "prod": 0, "target": 18, "value": 0.44772734321481755, "supply": "[{\"l\":'Labor',\"v\":0.44772734321481755}]"}, {"source": 92, "prod": 0, "target": 56, "value": 0.00051113963627236495, "supply": "[{\"l\":'Labor',\"v\":0.00051113963627236495}]"}, {"source": 92, "prod": 0, "target": 19, "value": 0.00024782527819266174, "supply": "[{\"l\":'Labor',\"v\":0.00024782527819266174}]"}, {"source": 92, "prod": 0, "target": 60, "value": 0.0012236373110762675, "supply": "[{\"l\":'Labor',\"v\":0.0012236373110762675}]"}, {"source": 92, "prod": 0, "target": 63, "value": 0.00010842355920928953, "supply": "[{\"l\":'Labor',\"v\":0.00010842355920928953}]"}, {"source": 92, "prod": 0, "target": 65, "value": 0.020244227412363057, "supply": "[{\"l\":'Labor',\"v\":0.020244227412363057}]"}, {"source": 92, "prod": 0, "target": 22, "value": 0.0056380250788830551, "supply": "[{\"l\":'Labor',\"v\":0.0056380250788830551}]"}, {"source": 92, "prod": 0, "target": 68, "value": 1.5489079887041359e-05, "supply": "[{\"l\":'Labor',\"v\":1.5489079887041359e-05}]"}, {"source": 92, "prod": 0, "target": 23, "value": 0.00329917401593981, "supply": "[{\"l\":'Labor',\"v\":0.00329917401593981}]"}, {"source": 92, "prod": 0, "target": 70, "value": 0.0030358596578601068, "supply": "[{\"l\":'Labor',\"v\":0.0030358596578601068}]"}, {"source": 92, "prod": 0, "target": 64, "value": 0.00027880343796674446, "supply": "[{\"l\":'Labor',\"v\":0.00027880343796674446}]"}, {"source": 92, "prod": 0, "target": 71, "value": 0.016015708603200767, "supply": "[{\"l\":'Labor',\"v\":0.016015708603200767}]"}, {"source": 92, "prod": 0, "target": 24, "value": 0.0039652044510825879, "supply": "[{\"l\":'Labor',\"v\":0.0039652044510825879}]"}, {"source": 89, "prod": 0, "target": 82, "value": 36.386632494894563, "supply": "[{\"l\":'Fossil Fuels',\"v\":36.386632494894563}]"}, {"source": 90, "prod": 0, "target": 82, "value": 6.8178353441202457, "supply": "[{\"l\":'Renewables & Nuclear',\"v\":6.7345754216328393},{\"l\":'Biomass & Waste',\"v\":0.083259922487406879}]"}]}