{"nodes": [{"layer": 13, "name": "Aquatic Products", "fill": "#1f77b4"}, {"layer": 10, "name": "Feed", "fill": "#dbdb8d"}, {"layer": 5, "name": "Fruits & Vegetables"}, {"layer": 13, "name": "Animal Products", "fill": "#17becf"}, {"layer": 5, "name": "Cereals", "fill": "#e7ba52"}, {"layer": 5, "name": "Oilcrops", "fill": "#ff9896"}, {"layer": 13, "name": "Other Processed", "fill": "#9c9ede"}, {"layer": 16, "name": "Food", "fill": "#b5cf6b"}, {"layer": 5, "name": "Sugar Crops", "fill": "#ffbb78"}, {"layer": 13, "name": "Sugar", "fill": "#d6616b"}, {"layer": 5, "name": "Starchy Roots"}, {"layer": 5, "name": "Others"}, {"layer": 13, "name": "Vegetable Oils", "fill": "#f7b6d2"}, {"layer": 10, "name": "Processing", "fill": "#9edae5"}, {"layer": 16, "name": "Biofuels & Other", "fill": "#e7ba52"}, {"name": "Waste", "fill": "#c7c7c7"}, {"layer": 2, "name": "Import", "fill": "#aec7e8"}, {"layer": 16, "name": "Export", "fill": "#aec7e8"}, {"layer": 0, "name": "Stock Draw", "fill": "#c7c7c7"}, {"layer": 16, "name": "Stock Deposit", "fill": "#c7c7c7"}, {"name": "Crop Residue", "fill": "#bd9e39"}, {"layer": 2, "name": "Electricity", "fill": "#bcbd22"}, {"layer": 0, "name": "Fossil Fuels", "fill": "#c49c94"}, {"layer": 0, "name": "Renewables & Nuclear", "fill": "#2ca02c"}, {"layer": 2, "name": "Fertilizers", "fill": "#c5b0d5"}, {"layer": 0, "name": "Labor", "fill": "#7f7f7f"}], "links": [{"source": 0, "prod": 184.0, "target": 1, "value": 0.14410455855934201, "supply": [{"l": "Pelagic Fish", "v": 0.0092859739405781253}, {"l": "Demersal Fish", "v": 0.066819706662361117}, {"l": "Fish, Seafood", "v": 0.067998877956402776}]}, {"source": 2, "prod": 134.0, "target": 1, "value": 0.54485846000545979, "supply": [{"l": "Pulses, Other", "v": 0.54485846000545979}]}, {"source": 3, "prod": 422.0, "target": 1, "value": 0.30212412037432107, "supply": [{"l": "Milk - Excluding Butter", "v": 0.30212412037432107}]}, {"source": 4, "prod": 552.0, "target": 1, "value": 2.0206117339702616, "supply": [{"l": "Maize", "v": 0.65205585037288405}, {"l": "Wheat", "v": 0.59583850932516702}, {"l": "Millet", "v": 0.56328105661528838}, {"l": "Barley", "v": 0.16432322549225808}, {"l": "Sorghum", "v": 0.045113092164664213}]}, {"source": 5, "prod": 364.0, "target": 1, "value": 1.4749503335434637, "supply": [{"l": "Cottonseed", "v": 1.4749503335434637}]}, {"source": 6, "prod": 227.0, "target": 7, "value": 2.2986506363569066, "supply": [{"l": "Beer", "v": 0.071524648059379803}, {"l": "Butter, Ghee", "v": 1.8651541943504062}, {"l": "Fats, Animals, Raw", "v": 0.33131837335024383}, {"l": "Beverages, Fermented", "v": 0.030653420596877055}]}, {"source": 3, "prod": 8528.0, "target": 7, "value": 7.2103542701034122, "supply": [{"l": "Meat, Other", "v": 0.019102574963475002}, {"l": "Eggs", "v": 0.13186647492517023}, {"l": "Mutton & Goat Meat", "v": 0.69015754706748378}, {"l": "Poultry Meat", "v": 0.065307948593076925}, {"l": "Milk - Excluding Butter", "v": 5.4840539385481035}, {"l": "Offals, Edible", "v": 0.16381775695746648}, {"l": "Bovine Meat", "v": 0.65604802904863646}]}, {"source": 4, "prod": 11850.0, "target": 7, "value": 43.723330352499595, "supply": [{"l": "Maize", "v": 1.8406605147668842}, {"l": "Barley", "v": 0.13145858039380648}, {"l": "Cereals, Other", "v": 0.0067247788650297039}, {"l": "Rice", "v": 7.3581837317888485}, {"l": "Wheat", "v": 33.10293227256826}, {"l": "Sorghum", "v": 0.78947911288162387}, {"l": "Millet", "v": 0.49389136123514421}]}, {"source": 5, "prod": 36.0, "target": 7, "value": 0.14223720958197097, "supply": [{"l": "Oilcrops, Other", "v": 0.1003367573839091}, {"l": "Soyabeans", "v": 0.0079403189296618701}, {"l": "Groundnuts", "v": 0.0339601332684}]}, {"source": 8, "prod": 1233.0, "target": 7, "value": 0.42687184454139243, "supply": [{"l": "Sugar cane", "v": 0.42687184454139243}]}, {"source": 9, "prod": 2584.0, "target": 7, "value": 10.539500285072261, "supply": [{"l": "Sugar", "v": 3.540158992323613}, {"l": "Sugar non-centrifugal", "v": 6.9619043620666208}, {"l": "Sweeteners, Other", "v": 0.033353702317178574}, {"l": "Honey", "v": 0.0040832283648484574}]}, {"source": 10, "prod": 322.0, "target": 7, "value": 0.2667807699395946, "supply": [{"l": "Roots, Other", "v": 0.024257238048857144}, {"l": "Potatoes", "v": 0.22979690178283999}, {"l": "Sweet potatoes", "v": 0.010349420779109504}, {"l": "Cassava", "v": 0.0023772093287879998}]}, {"source": 2, "prod": 4891.0, "target": 7, "value": 5.1118296398361052, "supply": [{"l": "Pulses, Other", "v": 2.4640613937560345}, {"l": "Treenuts", "v": 0.16326987148269229}, {"l": "Vegetables, Other", "v": 0.42701516256072042}, {"l": "Peas", "v": 0.32838808113311319}, {"l": "Grapes", "v": 0.065053502040116895}, {"l": "Dates", "v": 0.36193455285548803}, {"l": "Beans", "v": 0.22768725714040911}, {"l": "Apples", "v": 0.066033592466333349}, {"l": "Lemons, Limes", "v": 0.023362192992645404}, {"l": "Bananas", "v": 0.065573428058902442}, {"l": "Fruits, Other", "v": 0.49261937502708142}, {"l": "Oranges, Mandarines", "v": 0.26269058619196695}, {"l": "Onions", "v": 0.16414064413060001}]}, {"source": 11, "prod": 220.0, "target": 7, "value": 0.56553325245567798, "supply": [{"l": "Nuts", "v": 0.16326987148269229}, {"l": "Pepper", "v": 0.0064740601549314681}, {"l": "Pimento", "v": 0.29600386429889192}, {"l": "Spices, Other", "v": 0.066707404634357148}, {"l": "Tea", "v": 0.033078051884805199}]}, {"source": 0, "prod": 285.0, "target": 7, "value": 0.2251017492518918, "supply": [{"l": "Crustaceans", "v": 0.010347655341191727}, {"l": "Marine Fish, Other", "v": 0.010225222608186132}, {"l": "Freshwater Fish", "v": 0.032653974296538463}, {"l": "Fish, Seafood", "v": 0.10569390812788694}, {"l": "Pelagic Fish", "v": 0.033164192644921875}, {"l": "Demersal Fish", "v": 0.033016796233166661}]}, {"source": 12, "prod": 543.0, "target": 7, "value": 5.1819593896141871, "supply": [{"l": "Ricebran Oil", "v": 0.0424501665855}, {"l": "Groundnut Oil", "v": 0.10419586343713638}, {"l": "Soyabean Oil", "v": 1.1173979333473549}, {"l": "Palm Oil", "v": 1.7052942456664377}, {"l": "Rape and Mustard Oil", "v": 0.75833307298368935}, {"l": "Oilcrops Oil, Other", "v": 0.010107182520357146}, {"l": "Cottonseed Oil", "v": 1.4441809250737114}]}, {"source": 8, "prod": 23695.0, "target": 13, "value": 8.2033482209313, "supply": [{"l": "Sugar beet", "v": 0.11597896830605553}, {"l": "Sugar cane", "v": 8.0873692526252441}]}, {"source": 2, "prod": 5.0, "target": 13, "value": 0.0036282193662820518, "supply": [{"l": "Apples", "v": 0.0036282193662820518}]}, {"source": 4, "prod": 8.0, "target": 13, "value": 0.027675503268673071, "supply": [{"l": "Maize", "v": 0.018630167153510971}, {"l": "Wheat", "v": 0.0035678952654201617}, {"l": "Barley", "v": 0.0054774408497419358}]}, {"source": 5, "prod": 1203.9527896995708, "target": 13, "value": 4.781128957051898, "supply": [{"l": "Coconuts - Incl Copra", "v": 0.074184757139708735}, {"l": "Cottonseed", "v": 3.1970764097961339}, {"l": "Sesame seed", "v": 0.076989165761884096}, {"l": "Rape and Mustardseed", "v": 0.92792205049849774}, {"l": "Groundnuts", "v": 0.093390366488100007}, {"l": "Oilcrops, Other", "v": 0.12735049975650001}, {"l": "Oil Palm", "v": 0.28421570761107295}]}, {"source": 9, "prod": 7.0, "target": 13, "value": 0.028582598553939201, "supply": [{"l": "Sugar", "v": 0.028582598553939201}]}, {"source": 6, "prod": 75.0, "target": 14, "value": 0.77598386833335642, "supply": [{"l": "Alcohol, Non-Food", "v": 0.040871227462502747}, {"l": "Fats, Animals, Raw", "v": 0.73511264087085371}]}, {"source": 12, "prod": 79.0, "target": 14, "value": 0.77200873791546598, "supply": [{"l": "Sesameseed Oil", "v": 0.084900333171}, {"l": "Soyabean Oil", "v": 0.14898639111298068}, {"l": "Coconut Oil", "v": 0.076410299853900007}, {"l": "Palm Oil", "v": 0.35053270605365666}, {"l": "Oilcrops Oil, Other", "v": 0.11117900772392859}]}, {"source": 4, "prod": 269.0, "target": 14, "value": 1.0960789560387072, "supply": [{"l": "Maize", "v": 0.42476781110005013}, {"l": "Wheat", "v": 0.0035678952654201617}, {"l": "Rice", "v": 0.66774324967323684}]}, {"source": 5, "prod": 108.0, "target": 14, "value": 0.43762262643597277, "supply": [{"l": "Cottonseed", "v": 0.40115407423297506}, {"l": "Rape and Mustardseed", "v": 0.036468552202997724}]}, {"source": 3, "prod": 4.0, "target": 3, "value": 0.0072255602698723413, "supply": [{"l": "Eggs", "v": 0.0072255602698723413}]}, {"source": 4, "prod": 779.0, "target": 4, "value": 2.8765734409786798, "supply": [{"l": "Maize", "v": 0.16394547095089657}, {"l": "Wheat", "v": 2.0943545208016352}, {"l": "Millet", "v": 0.020408733935336536}, {"l": "Barley", "v": 0.030125924673580644}, {"l": "Rice", "v": 0.53766339584078804}, {"l": "Sorghum", "v": 0.030075394776442811}]}, {"source": 5, "prod": 105.0, "target": 5, "value": 0.42604530827629095, "supply": [{"l": "Cottonseed", "v": 0.38494582880942046}, {"l": "Groundnuts", "v": 0.02122508329275}, {"l": "Rape and Mustardseed", "v": 0.01215618406766591}, {"l": "Oilcrops, Other", "v": 0.007718212106454546}]}, {"source": 8, "prod": 2733.0, "target": 8, "value": 0.94618065785208882, "supply": [{"l": "Sugar cane", "v": 0.94618065785208882}]}, {"source": 10, "prod": 43.0, "target": 10, "value": 0.034073333712628003, "supply": [{"l": "Potatoes", "v": 0.034073333712628003}]}, {"source": 2, "prod": 76.0, "target": 2, "value": 0.30798919191082025, "supply": [{"l": "Beans", "v": 0.019295530266136365}, {"l": "Pulses, Other", "v": 0.28869366164468391}]}, {"source": 3, "prod": 951.0, "target": 15, "value": 0.68957682080748117, "supply": [{"l": "Milk - Excluding Butter", "v": 0.67512570026773644}, {"l": "Eggs", "v": 0.014451120539744683}]}, {"source": 4, "prod": 422.0, "target": 15, "value": 1.5932911388460318, "supply": [{"l": "Maize", "v": 0.16394547095089657}, {"l": "Sorghum", "v": 0.045113092164664213}, {"l": "Rice", "v": 0.42059152739158423}, {"l": "Wheat", "v": 0.8955417116204607}, {"l": "Millet", "v": 0.057144455018942303}, {"l": "Barley", "v": 0.010954881699483872}]}, {"source": 5, "prod": 38.0, "target": 15, "value": 0.15359242091844547, "supply": [{"l": "Cottonseed", "v": 0.11750977932077046}, {"l": "Rape and Mustardseed", "v": 0.028364429491220457}, {"l": "Oilcrops, Other", "v": 0.007718212106454546}]}, {"source": 10, "prod": 40.0, "target": 15, "value": 0.031696124383840001, "supply": [{"l": "Potatoes", "v": 0.031696124383840001}]}, {"source": 2, "prod": 233.0, "target": 15, "value": 0.16235293969973807, "supply": [{"l": "Dates", "v": 0.011251851384108433}, {"l": "Oranges, Mandarines", "v": 0.010535718697538781}, {"l": "Fruits, Other", "v": 0.008884918587662792}, {"l": "Beans", "v": 0.003859106053227273}, {"l": "Apples", "v": 0.0036282193662820518}, {"l": "Lemons, Limes", "v": 0.001415890484402752}, {"l": "Pulses, Other", "v": 0.069123834478304613}, {"l": "Bananas", "v": 0.0089732059449024407}, {"l": "Vegetables, Other", "v": 0.033513289409605261}, {"l": "Grapes", "v": 0.0022052034589870131}, {"l": "Onions", "v": 0.0089617018347166663}]}, {"source": 11, "prod": 3.0, "target": 15, "value": 0.0074351116623954019, "supply": [{"l": "Tea", "v": 0.00055130086474675327}, {"l": "Pimento", "v": 0.0068838107976486483}]}, {"source": 16, "prod": 79.0, "target": 11, "value": 0.09071707306411804, "supply": [{"l": "Nuts", "v": 0.029388576866884616}, {"l": "Pepper", "v": 0.0064740601549314681}, {"l": "Spices, Other", "v": 0.021225083292750004}, {"l": "Tea", "v": 0.03362935274955195}]}, {"source": 16, "prod": 184.0, "target": 1, "value": 0.13173184395468027, "supply": [{"l": "Milk - Excluding Butter", "v": 0.13173184395468027}]}, {"source": 16, "prod": 508.0, "target": 13, "value": 4.7736849261606951, "supply": [{"l": "Fats, Animals, Raw", "v": 0.73511264087085371}, {"l": "Sugar", "v": 0.048998740378181492}, {"l": "Cottonseed Oil", "v": 0.077022982670597942}, {"l": "Oilcrops Oil, Other", "v": 0.010107182520357146}, {"l": "Butter, Ghee", "v": 0.030245743692168751}, {"l": "Sweeteners, Other", "v": 0.0030321547561071431}, {"l": "Soyabean Oil", "v": 1.955446383357871}, {"l": "Palm Oil", "v": 1.913719097914558}]}, {"source": 16, "prod": 2239.0, "target": 4, "value": 7.9881064876099321, "supply": [{"l": "Cereals, Other", "v": 0.0067247788650297039}, {"l": "Wheat", "v": 7.9813817087449026}]}, {"source": 16, "prod": 94.0, "target": 2, "value": 0.091716354159994504, "supply": [{"l": "Dates", "v": 0.0018753085640180723}, {"l": "Apples", "v": 0.0014512877465128206}, {"l": "Fruits, Other", "v": 0.011846558116883722}, {"l": "Vegetables, Other", "v": 0.0067026578819210534}, {"l": "Treenuts", "v": 0.029388576866884616}, {"l": "Grapes", "v": 0.036385857073285718}, {"l": "Pulses, Other", "v": 0.004066107910488506}]}, {"source": 16, "prod": 46.0, "target": 5, "value": 0.078043863192936005, "supply": [{"l": "Coconuts - Incl Copra", "v": 0.074184757139708735}, {"l": "Oilcrops, Other", "v": 0.003859106053227273}]}, {"source": 16, "prod": 27.0, "target": 10, "value": 0.029804059816029144, "supply": [{"l": "Roots, Other", "v": 0.024257238048857144}, {"l": "Potatoes", "v": 0.0031696124383839997}, {"l": "Cassava", "v": 0.0023772093287879998}]}, {"source": 4, "prod": 1024.0, "target": 17, "value": 4.4272962260345521, "supply": [{"l": "Maize", "v": 0.0037260334307021941}, {"l": "Wheat", "v": 0.010703685796260487}, {"l": "Barley", "v": 0.010954881699483872}, {"l": "Rice", "v": 4.3793550790257738}, {"l": "Sorghum", "v": 0.022556546082332107}]}, {"source": 5, "prod": 19.0, "target": 17, "value": 0.073323015011318188, "supply": [{"l": "Oilcrops, Other", "v": 0.073323015011318188}]}, {"source": 9, "prod": 1.0, "target": 17, "value": 0.0030321547561071431, "supply": [{"l": "Sweeteners, Other", "v": 0.0030321547561071431}]}, {"source": 10, "prod": 23.0, "target": 17, "value": 0.018225271520707999, "supply": [{"l": "Potatoes", "v": 0.018225271520707999}]}, {"source": 2, "prod": 105.0, "target": 17, "value": 0.046553535442695623, "supply": [{"l": "Bananas", "v": 0.012424439000634146}, {"l": "Vegetables, Other", "v": 0.00027927741174671054}, {"l": "Fruits, Other", "v": 0.0034552461174244186}, {"l": "Oranges, Mandarines", "v": 0.020017865525323683}, {"l": "Onions", "v": 0.010376707387566665}]}, {"source": 11, "prod": 21.0, "target": 17, "value": 0.072280013375310814, "supply": [{"l": "Pimento", "v": 0.072280013375310814}]}, {"source": 0, "prod": 131.0, "target": 17, "value": 0.1248105818785733, "supply": [{"l": "Pelagic Fish", "v": 0.062348682172453131}, {"l": "Crustaceans", "v": 0.0073911823865655188}, {"l": "Fish, Seafood", "v": 0.048781803751332425}, {"l": "Demersal Fish", "v": 0.006288913568222222}]}, {"source": 18, "prod": 216.0, "target": 13, "value": 0.96283675514007638, "supply": [{"l": "Palm Oil", "v": 0.14210785380553648}, {"l": "Sugar", "v": 0.82072890133453991}]}, {"source": 4, "prod": 2034.0, "target": 19, "value": 7.3615605511412348, "supply": [{"l": "Wheat", "v": 6.7718652137674678}, {"l": "Rice", "v": 0.58969533737376745}]}, {"source": 5, "prod": 80.0, "target": 19, "value": 0.32416490847109086, "supply": [{"l": "Cottonseed", "v": 0.32416490847109086}]}, {"source": 18, "prod": 5.0, "target": 5, "value": 0.019295530266136365, "supply": [{"l": "Oilcrops, Other", "v": 0.019295530266136365}]}, {"source": 12, "prod": 74.0, "target": 19, "value": 0.68906205889753569, "supply": [{"l": "Soyabean Oil", "v": 0.68906205889753569}]}, {"source": 1, "prod": 600.0, "target": 0, "value": 0.49401688968980711, "supply": [{"l": "Pelagic Fish", "v": 0.10479884875795313}, {"l": "Crustaceans", "v": 0.017738837727757244}, {"l": "Freshwater Fish", "v": 0.032653974296538463}, {"l": "Demersal Fish", "v": 0.10612541646375001}, {"l": "Fish, Seafood", "v": 0.22247458983562216}, {"l": "Marine Fish, Other", "v": 0.010225222608186132}]}, {"source": 1, "prod": 9901.0, "target": 3, "value": 8.2020552112852148, "supply": [{"l": "Poultry Meat", "v": 0.065307948593076925}, {"l": "Bovine Meat", "v": 0.65604802904863646}, {"l": "Eggs", "v": 0.15354315573478725}, {"l": "Milk - Excluding Butter", "v": 6.4613037591901614}, {"l": "Offals, Edible", "v": 0.16381775695746648}, {"l": "Meat, Other", "v": 0.019102574963475002}, {"l": "Mutton & Goat Meat", "v": 0.69015754706748378}]}, {"source": 13, "prod": 302.0, "target": 6, "value": 3.074634504690263, "supply": [{"l": "Fats, Animals, Raw", "v": 1.0664310142210975}, {"l": "Beer", "v": 0.071524648059379803}, {"l": "Butter, Ghee", "v": 1.8651541943504062}, {"l": "Beverages, Fermented", "v": 0.030653420596877055}, {"l": "Alcohol, Non-Food", "v": 0.040871227462502747}]}, {"source": 13, "prod": 696.0, "target": 12, "value": 6.6430301864271888, "supply": [{"l": "Ricebran Oil", "v": 0.0424501665855}, {"l": "Sesameseed Oil", "v": 0.084900333171}, {"l": "Soyabean Oil", "v": 1.9554463833578715}, {"l": "Coconut Oil", "v": 0.076410299853900007}, {"l": "Rape and Mustard Oil", "v": 0.75833307298368935}, {"l": "Cottonseed Oil", "v": 1.4441809250737114}, {"l": "Groundnut Oil", "v": 0.10419586343713638}, {"l": "Palm Oil", "v": 2.0558269517200944}, {"l": "Oilcrops Oil, Other", "v": 0.12128619024428575}]}, {"source": 13, "prod": 2592.0, "target": 9, "value": 10.571115038382308, "supply": [{"l": "Honey", "v": 0.0040832283648484574}, {"l": "Sweeteners, Other", "v": 0.036385857073285718}, {"l": "Sugar non-centrifugal", "v": 6.9619043620666208}, {"l": "Sugar", "v": 3.5687415908775524}]}, {"source": 10, "prod": 207.25, "target": 20, "value": 0.73894133832961884, "supply": [{"l": "Roots, Other", "v": 0.026683673418367349}, {"l": "Potatoes", "v": 0.68687333202}, {"l": "Sweet potatoes", "v": 0.022769332896251476}, {"l": "Cassava", "v": 0.0026149999949999997}]}, {"source": 8, "prod": 11064.400000000001, "target": 20, "value": 38.577874592904003, "supply": [{"l": "Sugar beet", "v": 0.46721333244000002}, {"l": "Sugar cane", "v": 38.110661260463999}]}, {"source": 2, "prod": 5398.0, "target": 20, "value": 23.400809229451955, "supply": [{"l": "Vegetables, Other", "v": 5.7094166557500001}, {"l": "Peas", "v": 0.28590666611999999}, {"l": "Beans", "v": 0.22837666623}, {"l": "Pulses, Other", "v": 2.8852166611499999}, {"l": "Onions", "v": 1.3580566640700003}]}, {"source": 4, "prod": 31635.0, "target": 20, "value": 110.16558137027268, "supply": [{"l": "Maize", "v": 6.1086399883200011}, {"l": "Barley", "v": 0.89955999828000022}, {"l": "Rice", "v": 22.4366999571}, {"l": "Cereals, Other", "v": 0.0062646969526013035}, {"l": "Wheat", "v": 77.18085318576}, {"l": "Sorghum", "v": 1.7328733300200001}, {"l": "Millet", "v": 1.9350999963000002}]}, {"source": 5, "prod": 1861.0, "target": 20, "value": 6.4347901078443739, "supply": [{"l": "Coconuts - Incl Copra", "v": 0.031916782185852983}, {"l": "Sesame seed", "v": 0.066246666540000013}, {"l": "Soyabeans", "v": 0.0068323855070914702}, {"l": "Rape and Mustardseed", "v": 0.86469333168000018}, {"l": "Oilcrops, Other", "v": 0.27370333281000003}, {"l": "Cottonseed", "v": 5.0765866569600009}, {"l": "Groundnuts", "v": 0.1220333331}]}, {"source": 21, "prod": 0, "target": 4, "value": 2.2447601514659179, "supply": "[{\"l\":'Energy for power irrigation',\"v\":2.2447601514659179}]"}, {"source": 21, "prod": 0, "target": 5, "value": 0.27360781389126904, "supply": "[{\"l\":'Energy for power irrigation',\"v\":0.27360781389126904}]"}, {"source": 21, "prod": 0, "target": 8, "value": 3.9255451588240091, "supply": "[{\"l\":'Energy for power irrigation',\"v\":3.9255451588240091}]"}, {"source": 21, "prod": 0, "target": 10, "value": 0.058824282142097235, "supply": "[{\"l\":'Energy for power irrigation',\"v\":0.058824282142097235}]"}, {"source": 21, "prod": 0, "target": 2, "value": 0.76606387214243876, "supply": "[{\"l\":'Energy for power irrigation',\"v\":0.76606387214243876}]"}, {"source": 21, "prod": 0, "target": 11, "value": 0.029092829527454601, "supply": "[{\"l\":'Energy for power irrigation',\"v\":0.029092829527454601}]"}, {"source": 21, "prod": 0, "target": 13, "value": 1.8040000014431998, "supply": "[{\"l\":'Electricity',\"v\":1.8040000014431998}]"}, {"source": 22, "prod": 0, "target": 21, "value": 8.4707720036954495, "supply": [{"l": "Coal", "v": 0.059275775424795396}, {"l": "Natural gas", "v": 8.338831407081047}, {"l": "Oil", "v": 0.072664821189606654}]}, {"source": 23, "prod": 0, "target": 21, "value": 5.3542820011627352, "supply": [{"l": "Nuclear", "v": 0.0680683487794735}, {"l": "Hydroelectric", "v": 5.2862136523832621}, {"l": "Renewable", "v": 0.0}]}, {"source": 22, "prod": 0, "target": 4, "value": 1.5648056727396848, "supply": [{"l": "Gas-Diesel oil", "v": 0.8597143964441285}, {"l": "Fuel oil", "v": 0.0034518447243433504}, {"l": "Other fossil fuels", "v": 0.701639431571213}]}, {"source": 22, "prod": 0, "target": 5, "value": 0.19072998021787196, "supply": [{"l": "Gas-Diesel oil", "v": 0.10478828948755117}, {"l": "Fuel oil", "v": 0.00042073612555128872}, {"l": "Other fossil fuels", "v": 0.085520954604769495}]}, {"source": 22, "prod": 0, "target": 8, "value": 2.7364684503652557, "supply": [{"l": "Gas-Diesel oil", "v": 1.5034335337468652}, {"l": "Fuel oil", "v": 0.006036445514149608}, {"l": "Other fossil fuels", "v": 1.2269984711042405}]}, {"source": 22, "prod": 0, "target": 10, "value": 0.041005971319778692, "supply": [{"l": "Gas-Diesel oil", "v": 0.022528946883267981}, {"l": "Fuel oil", "v": 9.0456117480026483e-05}, {"l": "Other fossil fuels", "v": 0.018386568319030683}]}, {"source": 22, "prod": 0, "target": 2, "value": 0.53401745038399362, "supply": [{"l": "Gas-Diesel oil", "v": 0.29339265446533302}, {"l": "Fuel oil", "v": 0.0011780027072549647}, {"l": "Other fossil fuels", "v": 0.23944679321140558}]}, {"source": 22, "prod": 0, "target": 11, "value": 0.020280395948262076, "supply": [{"l": "Gas-Diesel oil", "v": 0.011142181208853885}, {"l": "Fuel oil", "v": 4.4737042420760978e-05}, {"l": "Other fossil fuels", "v": 0.0090934776969874287}]}, {"source": 24, "prod": 303.44011775628348, "target": 4, "value": 4.6460703218684092, "supply": [{"l": "Potash", "v": 0.02465948335306092}, {"l": "Phosphate", "v": 0.84623691734365614}, {"l": "Nitrogen", "v": 14.233848400275965}]}, {"source": 24, "prod": 36.98550475960127, "target": 5, "value": 0.56629709108181348, "supply": [{"l": "Potash", "v": 0.02465948335306092}, {"l": "Phosphate", "v": 0.84623691734365614}, {"l": "Nitrogen", "v": 14.233848400275965}]}, {"source": 24, "prod": 530.64372355028024, "target": 8, "value": 8.1248586169244259, "supply": [{"l": "Potash", "v": 0.02465948335306092}, {"l": "Phosphate", "v": 0.84623691734365614}, {"l": "Nitrogen", "v": 14.233848400275965}]}, {"source": 24, "prod": 7.9516945667760082, "target": 10, "value": 0.12175098140758375, "supply": [{"l": "Potash", "v": 0.02465948335306092}, {"l": "Phosphate", "v": 0.84623691734365614}, {"l": "Nitrogen", "v": 14.233848400275965}]}, {"source": 24, "prod": 103.55427568505884, "target": 2, "value": 1.5855531909243354, "supply": [{"l": "Potash", "v": 0.02465948335306092}, {"l": "Phosphate", "v": 0.84623691734365614}, {"l": "Nitrogen", "v": 14.233848400275965}]}, {"source": 24, "prod": 3.9326836820001967, "target": 11, "value": 0.060214598766114999, "supply": [{"l": "Potash", "v": 0.02465948335306092}, {"l": "Phosphate", "v": 0.84623691734365614}, {"l": "Nitrogen", "v": 14.233848400275965}]}, {"source": 22, "prod": 0, "target": 24, "value": 17.784456091765282, "supply": [{"l": "Natural gas (including LNG)", "v": 12.150446363494392}, {"l": "Fuel oil", "v": 3.1178754589373607}, {"l": "Liquefied petroleum gas (LPG)", "v": 1.2580671346667645}, {"l": "Coal", "v": 1.2580671346667645}]}, {"source": 25, "prod": 0, "target": 4, "value": 2.5225439044588831, "supply": "[{\"l\":'Labor',\"v\":2.5225439044588831}]"}, {"source": 25, "prod": 0, "target": 5, "value": 0.30746613293764202, "supply": "[{\"l\":'Labor',\"v\":0.30746613293764202}]"}, {"source": 25, "prod": 0, "target": 8, "value": 4.4113220762596601, "supply": "[{\"l\":'Labor',\"v\":4.4113220762596601}]"}, {"source": 25, "prod": 0, "target": 10, "value": 0.066103647757117565, "supply": "[{\"l\":'Labor',\"v\":0.066103647757117565}]"}, {"source": 25, "prod": 0, "target": 2, "value": 0.86086246222658769, "supply": "[{\"l\":'Labor',\"v\":0.86086246222658769}]"}, {"source": 25, "prod": 0, "target": 11, "value": 0.03269299828759735, "supply": "[{\"l\":'Labor',\"v\":0.03269299828759735}]"}, {"source": 22, "prod": 0, "target": 16, "value": 5.0021517209204713, "supply": "[{\"l\":'Fossil Fuels',\"v\":5.0021517209204713}]"}, {"source": 23, "prod": 0, "target": 16, "value": 7.7194378507665888, "supply": "[{\"l\":'Renewables & Nuclear',\"v\":0.39576039515000033},{\"l\":'Biomass & Waste',\"v\":7.3236774556165889}]"}]}