{"nodes": [{"layer": 3, "name": "Cereals", "fill": "#e7ba52"}, {"layer": 5, "name": "Production", "fill": "#b5cf6b"}, {"layer": 3, "name": "Oilcrops", "fill": "#ff9896"}, {"layer": 3, "name": "Fruits, Roots & Vegetables", "fill": "#98df8a"}, {"layer": 3, "name": "Sugar Crops", "fill": "#ffbb78"}, {"layer": 1, "name": "Electricity", "fill": "#bcbd22"}, {"layer": 0, "name": "Fossil Fuels", "fill": "#c49c94"}, {"layer": 0, "name": "Renewables & Nuclear", "fill": "#2ca02c"}, {"layer": 1, "name": "Fertilizers", "fill": "#c5b0d5"}, {"layer": 0, "name": "Labor", "fill": "#7f7f7f"}], "links": [{"source": 0, "prod": 11820.0, "target": 1, "value": 44.468148461401633, "supply": [{"l": "Maize", "v": 3.0262252090285333}, {"l": "Barley", "v": 0.39428290320091525}, {"l": "Rice", "v": 11.372239734718091}, {"l": "Wheat", "v": 27.38678208048275}, {"l": "Sorghum", "v": 1.0692210026241347}, {"l": "Millet", "v": 1.2193975313472125}]}, {"source": 2, "prod": 1423.0, "target": 1, "value": 7.6369871123818589, "supply": [{"l": "Sesame seed", "v": 0.059295470786095247}, {"l": "Oilcrops, Other", "v": 0.43865172138350006}, {"l": "Cottonseed", "v": 5.5414312698278101}, {"l": "Groundnuts", "v": 0.26076530902521433}, {"l": "Rape and Mustardseed", "v": 1.3368433413592384}]}, {"source": 3, "prod": 5529.0, "target": 1, "value": 6.3484082623643676, "supply": [{"l": "Nuts", "v": 0.11617940328663159}, {"l": "Treenuts", "v": 0.11617940328663159}, {"l": "Vegetables, Other", "v": 0.46248339385255266}, {"l": "Peas", "v": 0.23276046397442698}, {"l": "Grapes", "v": 0.03197545015531169}, {"l": "Pimento", "v": 0.2670979508167301}, {"l": "Dates", "v": 0.29608099383163866}, {"l": "Potatoes", "v": 0.21522979198613157}, {"l": "Beans", "v": 0.25677173934643904}, {"l": "Apples", "v": 0.031601790680316662}, {"l": "Lemons, Limes", "v": 0.017433789082457324}, {"l": "Bananas", "v": 0.099665608505086933}, {"l": "Spices, Other", "v": 0.08136281928887501}, {"l": "Fruits, Other", "v": 0.51790871217279955}, {"l": "Sweet potatoes", "v": 0.030321547561071433}, {"l": "Oranges, Mandarines", "v": 0.21358911056260405}, {"l": "Onions", "v": 0.15239810989818131}, {"l": "Pulses, Other", "v": 3.2093681840764812}]}, {"source": 4, "prod": 21477.0, "target": 1, "value": 7.4363966374941572, "supply": [{"l": "Sugar beet", "v": 0.081368590110868694}, {"l": "Sugar cane", "v": 7.3550280473832883}]}, {"source": 5, "prod": 0, "target": 3, "value": 0.9514625016094842, "supply": "[{\"l\":'Energy for power irrigation',\"v\":0.9514625016094842}]"}, {"source": 5, "prod": 0, "target": 4, "value": 3.6457734428308459, "supply": "[{\"l\":'Energy for power irrigation',\"v\":3.6457734428308459}]"}, {"source": 5, "prod": 0, "target": 0, "value": 2.1230090591220363, "supply": "[{\"l\":'Energy for power irrigation',\"v\":2.1230090591220363}]"}, {"source": 5, "prod": 0, "target": 2, "value": 0.24546204769443608, "supply": "[{\"l\":'Energy for power irrigation',\"v\":0.24546204769443608}]"}, {"source": 6, "prod": 0, "target": 5, "value": 8.34877871048465, "supply": [{"l": "Coal", "v": 0.13475093535042895}, {"l": "Natural gas", "v": 6.2704937581115008}, {"l": "Oil", "v": 1.9435340170227209}]}, {"source": 7, "prod": 0, "target": 5, "value": 3.478298944013555, "supply": [{"l": "Nuclear", "v": 0.42392644261244933}, {"l": "Hydroelectric", "v": 3.0543725014011058}, {"l": "Renewable", "v": 0.0}]}, {"source": 6, "prod": 0, "target": 3, "value": 0.66917105347522199, "supply": [{"l": "Gas-Diesel oil", "v": 0.44051042450769234}, {"l": "Fuel oil", "v": 0.0015328700387692309}, {"l": "Other fossil fuels", "v": 0.22712775892876036}]}, {"source": 6, "prod": 0, "target": 4, "value": 2.5641011089183481, "supply": [{"l": "Gas-Diesel oil", "v": 1.6879290610440156}, {"l": "Fuel oil", "v": 0.0058735860522117333}, {"l": "Other fossil fuels", "v": 0.87029846182212056}]}, {"source": 6, "prod": 0, "target": 0, "value": 1.4931289527721432, "supply": [{"l": "Gas-Diesel oil", "v": 0.9829159008216688}, {"l": "Fuel oil", "v": 0.0034203102836516293}, {"l": "Other fossil fuels", "v": 0.50679274166682264}]}, {"source": 6, "prod": 0, "target": 2, "value": 0.17263538685551666, "supply": [{"l": "Gas-Diesel oil", "v": 0.11364461620662321}, {"l": "Fuel oil", "v": 0.00039545585656740545}, {"l": "Other fossil fuels", "v": 0.058595314792326041}]}, {"source": 8, "prod": 75.651826024442855, "target": 3, "value": 1.1743624908548187, "supply": [{"l": "Potash", "v": 0.0048713888927859996}, {"l": "Phosphate", "v": 0.45660416703195}, {"l": "Nitrogen", "v": 8.1360940481755417}]}, {"source": 8, "prod": 289.87944112880626, "target": 4, "value": 4.4998721170542266, "supply": [{"l": "Potash", "v": 0.0048713888927859996}, {"l": "Phosphate", "v": 0.45660416703195}, {"l": "Nitrogen", "v": 8.1360940481755417}]}, {"source": 8, "prod": 168.8027764807662, "target": 0, "value": 2.6203683303971079, "supply": [{"l": "Potash", "v": 0.0048713888927859996}, {"l": "Phosphate", "v": 0.45660416703195}, {"l": "Nitrogen", "v": 8.1360940481755417}]}, {"source": 8, "prod": 19.516956365984722, "target": 2, "value": 0.30296666579412451, "supply": [{"l": "Potash", "v": 0.0048713888927859996}, {"l": "Phosphate", "v": 0.45660416703195}, {"l": "Nitrogen", "v": 8.1360940481755417}]}, {"source": 6, "prod": 0, "target": 8, "value": 10.114526128322579, "supply": [{"l": "Natural gas (including LNG)", "v": 6.9120156700644424}, {"l": "Fuel oil", "v": 1.7642834603692084}, {"l": "Liquefied petroleum gas (LPG)", "v": 0.71911349894446452}, {"l": "Coal", "v": 0.71911349894446452}]}, {"source": 9, "prod": 0, "target": 3, "value": 0.96663960134547744, "supply": "[{\"l\":'Labor',\"v\":0.96663960134547744}]"}, {"source": 9, "prod": 0, "target": 4, "value": 3.7039284064401099, "supply": "[{\"l\":'Labor',\"v\":3.7039284064401099}]"}, {"source": 9, "prod": 0, "target": 0, "value": 2.1568738937069067, "supply": "[{\"l\":'Labor',\"v\":2.1568738937069067}]"}, {"source": 9, "prod": 0, "target": 2, "value": 0.24937749572623735, "supply": "[{\"l\":'Labor',\"v\":0.24937749572623735}]"}]}