{"nodes": [{"layer": 5, "name": "Fruits, Roots & Vegetables", "fill": "#98df8a"}, {"layer": 10, "name": "Feed", "fill": "#dbdb8d"}, {"layer": 13, "name": "Animal Products", "fill": "#17becf"}, {"layer": 5, "name": "Cereals", "fill": "#e7ba52"}, {"layer": 5, "name": "Oilcrops", "fill": "#ff9896"}, {"layer": 13, "name": "Other Processed", "fill": "#9c9ede"}, {"layer": 16, "name": "Food", "fill": "#b5cf6b"}, {"layer": 5, "name": "Sugar Crops", "fill": "#ffbb78"}, {"layer": 13, "name": "Sugar", "fill": "#d6616b"}, {"layer": 13, "name": "Aquatic Products", "fill": "#1f77b4"}, {"layer": 13, "name": "Vegetable Oils", "fill": "#f7b6d2"}, {"layer": 10, "name": "Processing", "fill": "#9edae5"}, {"layer": 16, "name": "Biofuels & Other", "fill": "#e7ba52"}, {"name": "Waste", "fill": "#c7c7c7"}, {"layer": 2, "name": "Import", "fill": "#aec7e8"}, {"layer": 16, "name": "Export", "fill": "#aec7e8"}, {"layer": 16, "name": "Stock Deposit", "fill": "#c7c7c7"}, {"layer": 0, "name": "Stock Draw", "fill": "#c7c7c7"}, {"name": "Crop Residue", "fill": "#bd9e39"}, {"layer": 2, "name": "Electricity", "fill": "#bcbd22"}, {"layer": 0, "name": "Fossil Fuels", "fill": "#c49c94"}, {"layer": 0, "name": "Renewables & Nuclear", "fill": "#2ca02c"}, {"layer": 2, "name": "Fertilizers", "fill": "#c5b0d5"}, {"layer": 0, "name": "Labor", "fill": "#7f7f7f"}], "links": [{"source": 0, "prod": 168.0, "target": 1, "value": 0.69395511248720065, "supply": [{"l": "Pulses, Other", "v": 0.69395511248720065}]}, {"source": 2, "prod": 326.0, "target": 1, "value": 0.23436295193283968, "supply": [{"l": "Milk - Excluding Butter", "v": 0.23436295193283968}]}, {"source": 3, "prod": 115.0, "target": 1, "value": 0.39489078535515054, "supply": [{"l": "Maize", "v": 0.10105603273088339}, {"l": "Barley", "v": 0.16780301144385884}, {"l": "Millet", "v": 0.072479223334085213}, {"l": "Sorghum", "v": 0.053552517846323075}]}, {"source": 4, "prod": 209.0, "target": 1, "value": 0.8057301516906995, "supply": [{"l": "Cottonseed", "v": 0.8057301516906995}]}, {"source": 5, "prod": 173.0, "target": 6, "value": 1.7460091556487023, "supply": [{"l": "Beer", "v": 0.050384136773486479}, {"l": "Beverages, Alcoholic", "v": 0.010076827354697298}, {"l": "Butter, Ghee", "v": 1.4038538362253086}, {"l": "Fats, Animals, Raw", "v": 0.20107973645763164}, {"l": "Beverages, Fermented", "v": 0.080614618837578381}]}, {"source": 2, "prod": 6158.0, "target": 6, "value": 5.0990013706681641, "supply": [{"l": "Meat, Other", "v": 0.022342192939736844}, {"l": "Poultry Meat", "v": 0.022147913001130438}, {"l": "Eggs", "v": 0.022640088845599999}, {"l": "Mutton & Goat Meat", "v": 0.30705620496844999}, {"l": "Milk - Excluding Butter", "v": 4.0855357540930308}, {"l": "Offals, Edible", "v": 0.088528552537282063}, {"l": "Bovine Meat", "v": 0.55075066428293407}]}, {"source": 3, "prod": 7841.0, "target": 6, "value": 28.971111235828374, "supply": [{"l": "Maize", "v": 1.7329238205332964}, {"l": "Barley", "v": 0.13184522327731765}, {"l": "Rice", "v": 4.0630873731835706}, {"l": "Wheat", "v": 20.847764782008781}, {"l": "Sorghum", "v": 0.89891726384899462}, {"l": "Millet", "v": 1.2965727729764132}]}, {"source": 4, "prod": 34.0, "target": 6, "value": 0.1166284876538668, "supply": [{"l": "Coconuts - Incl Copra", "v": 0.0049403211112435353}, {"l": "Oilcrops, Other", "v": 0.08663299303163266}, {"l": "Soyabeans", "v": 0.0038300902182406022}, {"l": "Groundnuts", "v": 0.02122508329275}]}, {"source": 0, "prod": 3281.0, "target": 6, "value": 4.5568744870062634, "supply": [{"l": "Nuts", "v": 0.065090255431100003}, {"l": "Treenuts", "v": 0.065090255431100003}, {"l": "Vegetables, Other", "v": 0.17582754184487964}, {"l": "Peas", "v": 0.37113574214751421}, {"l": "Grapes", "v": 0.044362336251513507}, {"l": "Pimento", "v": 0.11171096469868422}, {"l": "Dates", "v": 0.28581268512126551}, {"l": "Potatoes", "v": 0.10929333934326493}, {"l": "Beans", "v": 0.15248546681370395}, {"l": "Apples", "v": 0.0098471146660321623}, {"l": "Lemons, Limes", "v": 0.0092191277325500351}, {"l": "Bananas", "v": 0.021924811313390111}, {"l": "Spices, Other", "v": 0.024257238048857144}, {"l": "Tea", "v": 0.023244444400000001}, {"l": "Fruits, Other", "v": 0.37337467316827644}, {"l": "Sweet potatoes", "v": 0.010259499178780161}, {"l": "Oranges, Mandarines", "v": 0.15389451800328044}, {"l": "Onions", "v": 0.088156098159858406}, {"l": "Pulses, Other", "v": 2.4618883752522125}]}, {"source": 7, "prod": 1928.0, "target": 6, "value": 0.65896876953980676, "supply": [{"l": "Sugar cane", "v": 0.65896876953980676}]}, {"source": 8, "prod": 1528.0, "target": 6, "value": 6.2346643743219348, "supply": [{"l": "Sugar", "v": 0.91482227263538207}, {"l": "Sugar non-centrifugal", "v": 5.2929002916761396}, {"l": "Sweeteners, Other", "v": 0.022857782007576922}, {"l": "Honey", "v": 0.004084028002836527}]}, {"source": 9, "prod": 157.0, "target": 6, "value": 0.1494354930646731, "supply": [{"l": "Crustaceans", "v": 0.0085708573097710676}, {"l": "Freshwater Fish", "v": 0.022011197488777778}, {"l": "Fish, Seafood", "v": 0.074280763351349255}, {"l": "Pelagic Fish", "v": 0.022286337457387503}, {"l": "Demersal Fish", "v": 0.022286337457387503}]}, {"source": 10, "prod": 143.0, "target": 6, "value": 1.3452444678942952, "supply": [{"l": "Ricebran Oil", "v": 0.014150055528500001}, {"l": "Groundnut Oil", "v": 0.063675249878250004}, {"l": "Soyabean Oil", "v": 0.20435312751624418}, {"l": "Rape and Mustard Oil", "v": 0.32774025672628682}, {"l": "Oilcrops Oil, Other", "v": 0.011073956500565219}, {"l": "Cottonseed Oil", "v": 0.72425182174444902}]}, {"source": 0, "prod": 1.0, "target": 11, "value": 0.00051217376291944636, "supply": [{"l": "Fruits, Other", "v": 0.00051217376291944636}]}, {"source": 7, "prod": 14919.0, "target": 11, "value": 5.0991468219732248, "supply": [{"l": "Sugar beet", "v": 0.016064072701437199}, {"l": "Sugar cane", "v": 5.0830827492717878}]}, {"source": 3, "prod": 5.0, "target": 11, "value": 0.018714080135348771, "supply": [{"l": "Maize", "v": 0.018714080135348771}]}, {"source": 4, "prod": 524.0, "target": 11, "value": 1.998152642467266, "supply": [{"l": "Coconuts - Incl Copra", "v": 0.01317418962998276}, {"l": "Cottonseed", "v": 1.3493088664676784}, {"l": "Sesame seed", "v": 0.026986177329353572}, {"l": "Rape and Mustardseed", "v": 0.43177883726965716}, {"l": "Groundnuts", "v": 0.076410299853900007}, {"l": "Oilcrops, Other", "v": 0.10049427191669387}]}, {"source": 8, "prod": 3.0, "target": 11, "value": 0.01225208400850958, "supply": [{"l": "Sugar", "v": 0.01225208400850958}]}, {"source": 5, "prod": 29.0, "target": 12, "value": 0.29158845839538156, "supply": [{"l": "Alcohol, Non-Food", "v": 0.010076827354697298}, {"l": "Fats, Animals, Raw", "v": 0.28151163104068427}]}, {"source": 10, "prod": 35.0, "target": 12, "value": 0.34878002122937052, "supply": [{"l": "Sesameseed Oil", "v": 0.027289392804964289}, {"l": "Soyabean Oil", "v": 0.08884918587662792}, {"l": "Coconut Oil", "v": 0.059610872226446815}, {"l": "Palm Oil", "v": 0.095512874817374999}, {"l": "Oilcrops Oil, Other", "v": 0.077517695503956527}]}, {"source": 3, "prod": 65.0, "target": 12, "value": 0.27753684358032238, "supply": [{"l": "Maize", "v": 0.0037428160270697548}, {"l": "Wheat", "v": 0.0035704341123495081}, {"l": "Barley", "v": 0.005992964694423529}, {"l": "Rice", "v": 0.26423062874647957}]}, {"source": 4, "prod": 221.0, "target": 12, "value": 0.85199216996959126, "supply": [{"l": "Cottonseed", "v": 0.72091645151273109}, {"l": "Rape and Mustardseed", "v": 0.1310757184568602}]}, {"source": 0, "prod": 87.0, "target": 0, "value": 0.30172843005858307, "supply": [{"l": "Potatoes", "v": 0.013463672237938431}, {"l": "Beans", "v": 0.01563953505781579}, {"l": "Pulses, Other", "v": 0.27262522276282886}]}, {"source": 7, "prod": 1867.0, "target": 7, "value": 0.63811965390602665, "supply": [{"l": "Sugar cane", "v": 0.63811965390602665}]}, {"source": 2, "prod": 1.0, "target": 2, "value": 0.0028300111056999999, "supply": [{"l": "Eggs", "v": 0.0028300111056999999}]}, {"source": 3, "prod": 484.0, "target": 3, "value": 1.8023044483230732, "supply": [{"l": "Maize", "v": 0.10105603273088339}, {"l": "Wheat", "v": 1.1960954276370854}, {"l": "Millet", "v": 0.040266235185602885}, {"l": "Barley", "v": 0.032961305819329413}, {"l": "Rice", "v": 0.3898484686423469}, {"l": "Sorghum", "v": 0.04207697830782528}]}, {"source": 4, "prod": 81.0, "target": 4, "value": 0.31304832031980456, "supply": [{"l": "Cottonseed", "v": 0.277572109673351}, {"l": "Groundnuts", "v": 0.0169800666342}, {"l": "Rape and Mustardseed", "v": 0.011565504569722961}, {"l": "Oilcrops, Other", "v": 0.0069306394425306117}]}, {"source": 0, "prod": 143.0, "target": 13, "value": 0.13669728228849728, "supply": [{"l": "Dates", "v": 0.0089878202868322477}, {"l": "Oranges, Mandarines", "v": 0.0063827219448365155}, {"l": "Potatoes", "v": 0.013463672237938431}, {"l": "Fruits, Other", "v": 0.0066582589179528043}, {"l": "Beans", "v": 0.0039098837644539475}, {"l": "Apples", "v": 0.00057924203917836259}, {"l": "Lemons, Limes", "v": 0.00051217376291944636}, {"l": "Pulses, Other", "v": 0.070221648287395327}, {"l": "Bananas", "v": 0.0023324267354670326}, {"l": "Vegetables, Other", "v": 0.013888017463157407}, {"l": "Grapes", "v": 0.0015297357328108107}, {"l": "Pimento", "v": 0.003723698823289474}, {"l": "Onions", "v": 0.0045079822922654868}]}, {"source": 2, "prod": 705.0, "target": 13, "value": 0.50893896251894888, "supply": [{"l": "Milk - Excluding Butter", "v": 0.50610895141324885}, {"l": "Eggs", "v": 0.0028300111056999999}]}, {"source": 3, "prod": 231.0, "target": 13, "value": 0.8698114451503518, "supply": [{"l": "Maize", "v": 0.10105603273088339}, {"l": "Sorghum", "v": 0.053552517846323075}, {"l": "Rice", "v": 0.17326598606326532}, {"l": "Wheat", "v": 0.45344513226838756}, {"l": "Millet", "v": 0.076505846852645498}, {"l": "Barley", "v": 0.011985929388847058}]}, {"source": 4, "prod": 24.0, "target": 13, "value": 0.092134188089141325, "supply": [{"l": "Cottonseed", "v": 0.065537859228430098}, {"l": "Rape and Mustardseed", "v": 0.023131009139445921}, {"l": "Oilcrops, Other", "v": 0.0034653197212653059}]}, {"source": 14, "prod": 202.0, "target": 11, "value": 1.4880653162870903, "supply": [{"l": "Coconut Oil", "v": 0.049675726855372339}, {"l": "Sugar", "v": 0.32672224022692214}, {"l": "Palm Oil", "v": 0.095512874817374999}, {"l": "Beer", "v": 0.04030730941878919}, {"l": "Beverages, Alcoholic", "v": 0.010076827354697298}, {"l": "Oilcrops Oil, Other", "v": 0.022147913001130438}, {"l": "Butter, Ghee", "v": 0.01009966788651301}, {"l": "Fats, Animals, Raw", "v": 0.28151163104068427}, {"l": "Sweeteners, Other", "v": 0.0032653974296538461}, {"l": "Soyabean Oil", "v": 0.44424592938313956}, {"l": "Beverages, Fermented", "v": 0.080614618837578381}, {"l": "Cottonseed Oil", "v": 0.1238851800352347}]}, {"source": 14, "prod": 1577.0, "target": 3, "value": 5.6313358107144076, "supply": [{"l": "Rice", "v": 0.0043316496515816323}, {"l": "Wheat", "v": 5.6270041610628256}]}, {"source": 14, "prod": 17.0, "target": 4, "value": 0.043584610692526296, "supply": [{"l": "Coconuts - Incl Copra", "v": 0.018114510741226296}, {"l": "Groundnuts", "v": 0.025470099951300004}]}, {"source": 14, "prod": 108.0, "target": 0, "value": 0.11641879165357802, "supply": [{"l": "Dates", "v": 0.0089878202868322477}, {"l": "Nuts", "v": 0.0056600222113999997}, {"l": "Fruits, Other", "v": 0.016389560413422283}, {"l": "Apples", "v": 0.0011584840783567252}, {"l": "Bananas", "v": 0.00046648534709340663}, {"l": "Spices, Other", "v": 0.024257238048857144}, {"l": "Tea", "v": 0.023244444400000001}, {"l": "Treenuts", "v": 0.0056600222113999997}, {"l": "Grapes", "v": 0.030594714656216219}]}, {"source": 14, "prod": 56.0, "target": 1, "value": 0.040258666589690247, "supply": [{"l": "Milk - Excluding Butter", "v": 0.040258666589690247}]}, {"source": 9, "prod": 83.0, "target": 15, "value": 0.082528324690436056, "supply": [{"l": "Pelagic Fish", "v": 0.00424501665855}, {"l": "Fish, Seafood", "v": 0.039045016633401534}, {"l": "Crustaceans", "v": 0.0095231747886345194}, {"l": "Demersal Fish", "v": 0.02971511660985}]}, {"source": 0, "prod": 16.0, "target": 15, "value": 0.023905718858691156, "supply": [{"l": "Spices, Other", "v": 0.018192928536642859}, {"l": "Fruits, Other", "v": 0.0030730425775166788}, {"l": "Grapefruit", "v": 0.00051217376291944636}, {"l": "Oranges, Mandarines", "v": 0.002127573981612172}]}, {"source": 10, "prod": 8.0, "target": 15, "value": 0.081751855342407947, "supply": [{"l": "Rape and Mustard Oil", "v": 0.037456029340147065}, {"l": "Oilcrops Oil, Other", "v": 0.044295826002260875}]}, {"source": 3, "prod": 220.0, "target": 15, "value": 0.93476325182155562, "supply": [{"l": "Wheat", "v": 0.071408682246990166}, {"l": "Barley", "v": 0.005992964694423529}, {"l": "Millet", "v": 0.0040266235185602893}, {"l": "Rice", "v": 0.85333498136158159}]}, {"source": 4, "prod": 60.0, "target": 15, "value": 0.23131009139445918, "supply": [{"l": "Rape and Mustardseed", "v": 0.23131009139445918}]}, {"source": 10, "prod": 18.0, "target": 16, "value": 0.15992853457793024, "supply": [{"l": "Soyabean Oil", "v": 0.15992853457793024}]}, {"source": 8, "prod": 30.0, "target": 16, "value": 0.12252084008509581, "supply": [{"l": "Sugar", "v": 0.12252084008509581}]}, {"source": 17, "prod": 173.0, "target": 3, "value": 0.62473742935829213, "supply": [{"l": "Maize", "v": 0.037428160270697543}, {"l": "Rice", "v": 0.030321547561071426}, {"l": "Wheat", "v": 0.55698772152652321}]}, {"source": 1, "prod": 240.0, "target": 9, "value": 0.23196381775510916, "supply": [{"l": "Crustaceans", "v": 0.018094032098405585}, {"l": "Freshwater Fish", "v": 0.022011197488777778}, {"l": "Pelagic Fish", "v": 0.026531354115937503}, {"l": "Demersal Fish", "v": 0.052001454067237503}, {"l": "Fish, Seafood", "v": 0.1133257799847508}]}, {"source": 1, "prod": 7189.0, "target": 2, "value": 5.8423032851199528, "supply": [{"l": "Poultry Meat", "v": 0.022147913001130438}, {"l": "Bovine Meat", "v": 0.55075066428293407}, {"l": "Eggs", "v": 0.028300111057000001}, {"l": "Milk - Excluding Butter", "v": 4.8260076574391197}, {"l": "Offals, Edible", "v": 0.088528552537282063}, {"l": "Meat, Other", "v": 0.022342192939736844}, {"l": "Mutton & Goat Meat", "v": 0.30705620496844999}]}, {"source": 11, "prod": 202.0, "target": 5, "value": 2.0375976140440839, "supply": [{"l": "Fats, Animals, Raw", "v": 0.48259136749831588}, {"l": "Alcohol, Non-Food", "v": 0.010076827354697298}, {"l": "Beverages, Fermented", "v": 0.080614618837578381}, {"l": "Beer", "v": 0.050384136773486479}, {"l": "Beverages, Alcoholic", "v": 0.010076827354697298}, {"l": "Butter, Ghee", "v": 1.4038538362253086}]}, {"source": 11, "prod": 204.0, "target": 10, "value": 1.9357048790440039, "supply": [{"l": "Ricebran Oil", "v": 0.014150055528500001}, {"l": "Sesameseed Oil", "v": 0.027289392804964289}, {"l": "Soyabean Oil", "v": 0.45313084797080239}, {"l": "Coconut Oil", "v": 0.059610872226446815}, {"l": "Rape and Mustard Oil", "v": 0.3651962860664339}, {"l": "Palm Oil", "v": 0.095512874817374999}, {"l": "Groundnut Oil", "v": 0.063675249878250004}, {"l": "Cottonseed Oil", "v": 0.72425182174444902}, {"l": "Oilcrops Oil, Other", "v": 0.13288747800678263}]}, {"source": 11, "prod": 1561.0, "target": 8, "value": 6.3694372984155398, "supply": [{"l": "Honey", "v": 0.004084028002836527}, {"l": "Sweeteners, Other", "v": 0.022857782007576922}, {"l": "Sugar non-centrifugal", "v": 5.2929002916761396}, {"l": "Sugar", "v": 1.0495951967289876}]}, {"source": 0, "prod": 3642.0, "target": 18, "value": 10.971098799032408, "supply": [{"l": "Vegetables, Other", "v": 2.5243466618400001}, {"l": "Peas", "v": 0.31379999939999997}, {"l": "Potatoes", "v": 0.30072499942500003}, {"l": "Beans", "v": 0.15341333304000002}, {"l": "Pulses, Other", "v": 2.95146332769}, {"l": "Sweet potatoes", "v": 0.022583538233372349}, {"l": "Onions", "v": 0.64503333210000002}]}, {"source": 7, "prod": 7485.6000000000004, "target": 18, "value": 26.099791950096002, "supply": [{"l": "Sugar beet", "v": 0.065549333208000007}, {"l": "Sugar cane", "v": 26.034242616888001}]}, {"source": 3, "prod": 16170.0, "target": 18, "value": 55.538707501958363, "supply": [{"l": "Maize", "v": 3.8004666594000009}, {"l": "Barley", "v": 0.82633999842000005}, {"l": "Rice", "v": 9.2152599823799992}, {"l": "Wheat", "v": 38.046506593920007}, {"l": "Sorghum", "v": 1.9106933296800002}, {"l": "Millet", "v": 2.5801333284000001}]}, {"source": 4, "prod": 1144.0, "target": 18, "value": 3.9661035358888306, "supply": [{"l": "Coconuts - Incl Copra", "v": 0.0081915052148682707}, {"l": "Sesame seed", "v": 0.024406666620000003}, {"l": "Soyabeans", "v": 0.0034639858005913672}, {"l": "Rape and Mustardseed", "v": 0.74963333189999992}, {"l": "Oilcrops, Other", "v": 0.19873999962000005}, {"l": "Cottonseed", "v": 2.9096233277700003}, {"l": "Groundnuts", "v": 0.083679999839999991}]}, {"source": 19, "prod": 0, "target": 0, "value": 0.67603245893217301, "supply": "[{\"l\":'Energy for power irrigation',\"v\":0.67603245893217301}]"}, {"source": 19, "prod": 0, "target": 7, "value": 3.4737153861770143, "supply": "[{\"l\":'Energy for power irrigation',\"v\":3.4737153861770143}]"}, {"source": 19, "prod": 0, "target": 3, "value": 1.5007475097382259, "supply": "[{\"l\":'Energy for power irrigation',\"v\":1.5007475097382259}]"}, {"source": 19, "prod": 0, "target": 4, "value": 0.21235066804459252, "supply": "[{\"l\":'Energy for power irrigation',\"v\":0.21235066804459252}]"}, {"source": 19, "prod": 0, "target": 11, "value": 0.82528917345722774, "supply": "[{\"l\":'Electricity',\"v\":0.82528917345722774}]"}, {"source": 20, "prod": 0, "target": 19, "value": 8.1507255651530279, "supply": [{"l": "Coal", "v": 0.18394525916446652}, {"l": "Natural gas", "v": 7.2902636835790107}, {"l": "Oil", "v": 0.67651662240955002}]}, {"source": 21, "prod": 0, "target": 19, "value": 3.4675156342731217, "supply": [{"l": "Nuclear", "v": 0.14214397658822428}, {"l": "Hydroelectric", "v": 3.3253716576848973}, {"l": "Renewable", "v": 0.0}]}, {"source": 20, "prod": 0, "target": 0, "value": 0.58326312494830457, "supply": [{"l": "Gas-Diesel oil", "v": 0.38747724865219768}, {"l": "Fuel oil", "v": 0.0038820326135219625}, {"l": "Other fossil fuels", "v": 0.19190384368258492}]}, {"source": 20, "prod": 0, "target": 7, "value": 2.9970307853603986, "supply": [{"l": "Gas-Diesel oil", "v": 1.9910074770118691}, {"l": "Fuel oil", "v": 0.019947380101441516}, {"l": "Other fossil fuels", "v": 0.9860759282470879}]}, {"source": 20, "prod": 0, "target": 3, "value": 1.2948057015944654, "supply": [{"l": "Gas-Diesel oil", "v": 0.86017395808704511}, {"l": "Fuel oil", "v": 0.0086178565843835989}, {"l": "Other fossil fuels", "v": 0.42601388692303654}]}, {"source": 20, "prod": 0, "target": 4, "value": 0.18321060267459102, "supply": [{"l": "Gas-Diesel oil", "v": 0.12171168930755469}, {"l": "Fuel oil", "v": 0.0012193973942529173}, {"l": "Other fossil fuels", "v": 0.060279515972783408}]}, {"source": 22, "prod": 8.2087253410290693, "target": 0, "value": 0.14729882747984105, "supply": [{"l": "Potash", "v": 0.0018014352875935205}, {"l": "Phosphate", "v": 0.0052393750041914997}, {"l": "Nitrogen", "v": 1.2703983621274297}]}, {"source": 22, "prod": 42.179595286111471, "target": 7, "value": 0.7568781596534172, "supply": [{"l": "Potash", "v": 0.0018014352875935205}, {"l": "Phosphate", "v": 0.0052393750041914997}, {"l": "Nitrogen", "v": 1.2703983621274297}]}, {"source": 22, "prod": 18.222829319665024, "target": 3, "value": 0.32699369032798326, "supply": [{"l": "Potash", "v": 0.0018014352875935205}, {"l": "Phosphate", "v": 0.0052393750041914997}, {"l": "Nitrogen", "v": 1.2703983621274297}]}, {"source": 22, "prod": 2.5784683663199495, "target": 4, "value": 0.046268494957973139, "supply": [{"l": "Potash", "v": 0.0018014352875935205}, {"l": "Phosphate", "v": 0.0052393750041914997}, {"l": "Nitrogen", "v": 1.2703983621274297}]}, {"source": 20, "prod": 0, "target": 22, "value": 1.507050784423547, "supply": [{"l": "Natural gas (including LNG)", "v": 1.0244880389304027}, {"l": "Fuel oil", "v": 0.25799291976758459}, {"l": "Liquefied petroleum gas (LPG)", "v": 0.11228491286277992}, {"l": "Coal", "v": 0.11228491286277992}]}, {"source": 23, "prod": 0, "target": 3, "value": 1.353943802094739, "supply": "[{\"l\":'Labor',\"v\":1.353943802094739}]"}, {"source": 23, "prod": 0, "target": 4, "value": 0.19157844274537805, "supply": "[{\"l\":'Labor',\"v\":0.19157844274537805}]"}, {"source": 23, "prod": 0, "target": 0, "value": 0.60990269971911437, "supply": "[{\"l\":'Labor',\"v\":0.60990269971911437}]"}, {"source": 23, "prod": 0, "target": 7, "value": 3.133915190154724, "supply": "[{\"l\":'Labor',\"v\":3.133915190154724}]"}, {"source": 20, "prod": 0, "target": 14, "value": 2.207111862554072, "supply": "[{\"l\":'Fossil Fuels',\"v\":2.207111862554072}]"}, {"source": 21, "prod": 0, "target": 14, "value": 3.9964867853097865, "supply": "[{\"l\":'Renewables & Nuclear',\"v\":0.13338132769360836},{\"l\":'Biomass & Waste',\"v\":3.8631054576161783}]"}]}