{"nodes": [{"layer": 13, "name": "Milk - Excluding Butter"}, {"layer": 10, "name": "Feed", "fill": "#dbdb8d"}, {"layer": 5, "name": "Cereals - Excluding Beer"}, {"layer": 5, "name": "Pulses"}, {"layer": 5, "name": "Oilcrops", "fill": "#ff9896"}, {"layer": 13, "name": "Fish, Seafood"}, {"layer": 16, "name": "Food", "fill": "#b5cf6b"}, {"layer": 13, "name": "Meat"}, {"layer": 5, "name": "Treenuts"}, {"layer": 13, "name": "Eggs"}, {"layer": 5, "name": "Others"}, {"layer": 5, "name": "Sugar Crops", "fill": "#ffbb78"}, {"layer": 13, "name": "Animal Fats"}, {"layer": 5, "name": "Starchy Roots"}, {"layer": 13, "name": "Sugar & Sweeteners"}, {"layer": 13, "name": "Alcoholic Beverages"}, {"layer": 13, "name": "Vegetable Oils", "fill": "#f7b6d2"}, {"layer": 5, "name": "Spices"}, {"layer": 5, "name": "Stimulants"}, {"layer": 5, "name": "Vegetables"}, {"layer": 5, "name": "Fruits - Excluding Wine"}, {"layer": 10, "name": "Processing", "fill": "#9edae5"}, {"layer": 16, "name": "Biofuels & Other", "fill": "#e7ba52"}, {"name": "Seed", "fill": "#dbdb8d"}, {"name": "Waste", "fill": "#c7c7c7"}, {"layer": 0, "name": "Import", "fill": "#aec7e8"}, {"layer": 16, "name": "Export", "fill": "#aec7e8"}, {"layer": 16, "name": "Stock Deposit", "fill": "#c7c7c7"}, {"layer": 0, "name": "Stock Draw", "fill": "#c7c7c7"}, {"layer": 0, "name": "Production", "fill": "#b5cf6b"}], "links": [{"source": 0, "prod": 0.28598313560296168, "target": 1, "value": 395.0, "supply": [{"l": "Milk - Excluding Butter", "v": 395.0}]}, {"source": 2, "prod": 1.4631034611291609, "target": 1, "value": 396.0, "supply": [{"l": "Cereals, Other", "v": 4.0}, {"l": "Barley", "v": 65.0}, {"l": "Maize", "v": 160.0}, {"l": "Sorghum", "v": 14.0}, {"l": "Millet", "v": 153.0}]}, {"source": 3, "prod": 0.56854019178761783, "target": 1, "value": 138.0, "supply": [{"l": "Pulses, Other", "v": 138.0}]}, {"source": 4, "prod": 1.3853578174569525, "target": 1, "value": 257.0, "supply": [{"l": "Cottonseed", "v": 257.0}]}, {"source": 5, "prod": 0.019633554154010285, "target": 1, "value": 26.0, "supply": [{"l": "Marine Fish, Other", "v": 13.0}, {"l": "Fish, Seafood", "v": 13.0}]}, {"source": 0, "prod": 5.0340271945503607, "target": 6, "value": 6953.0, "supply": [{"l": "Milk - Excluding Butter", "v": 6953.0}]}, {"source": 5, "prod": 0.13752085165614741, "target": 6, "value": 187.0, "supply": [{"l": "Crustaceans", "v": 8.0}, {"l": "Marine Fish, Other", "v": 2.0}, {"l": "Freshwater Fish", "v": 37.0}, {"l": "Fish, Seafood", "v": 94.0}, {"l": "Pelagic Fish", "v": 24.0}, {"l": "Demersal Fish", "v": 22.0}]}, {"source": 7, "prod": 1.332315065671585, "target": 6, "value": 656.0, "supply": [{"l": "Meat, Other", "v": 11.0}, {"l": "Poultry Meat", "v": 23.0}, {"l": "Mutton & Goat Meat", "v": 207.0}, {"l": "Offals, Edible", "v": 91.0}, {"l": "Bovine Meat", "v": 324.0}]}, {"source": 8, "prod": 0.11617940328663159, "target": 6, "value": 39.0, "supply": [{"l": "Treenuts", "v": 39.0}]}, {"source": 9, "prod": 0.058777153733769232, "target": 6, "value": 36.0, "supply": [{"l": "Eggs", "v": 36.0}]}, {"source": 10, "prod": 0.11617940328663159, "target": 6, "value": 39.0, "supply": [{"l": "Nuts", "v": 39.0}]}, {"source": 11, "prod": 0.28946443120292009, "target": 6, "value": 836.0, "supply": [{"l": "Sugar cane", "v": 836.0}]}, {"source": 12, "prod": 1.9646210967811888, "target": 6, "value": 196.0, "supply": [{"l": "Butter, Ghee", "v": 169.0}, {"l": "Fats, Animals, Raw", "v": 27.0}]}, {"source": 13, "prod": 0.21123698551678924, "target": 6, "value": 254.0, "supply": [{"l": "Roots, Other", "v": 2.0}, {"l": "Potatoes", "v": 233.0}, {"l": "Sweet potatoes", "v": 14.0}, {"l": "Cassava", "v": 5.0}]}, {"source": 3, "prod": 2.7512036618567568, "target": 6, "value": 672.0, "supply": [{"l": "Pulses, Other", "v": 555.0}, {"l": "Peas", "v": 61.0}, {"l": "Beans", "v": 56.0}]}, {"source": 14, "prod": 7.8230950388798384, "target": 6, "value": 1923.0, "supply": [{"l": "Sugar", "v": 634.0}, {"l": "Sugar non-centrifugal", "v": 1279.0}, {"l": "Sweeteners, Other", "v": 9.0}, {"l": "Honey", "v": 1.0}]}, {"source": 15, "prod": 0.049125797621122985, "target": 6, "value": 5.0, "supply": [{"l": "Beer", "v": 3.0}, {"l": "Beverages, Fermented", "v": 2.0}]}, {"source": 2, "prod": 39.521508249708958, "target": 6, "value": 10624.0, "supply": [{"l": "Maize", "v": 460.0}, {"l": "Barley", "v": 40.0}, {"l": "Rice", "v": 1846.0}, {"l": "Wheat", "v": 7903.0}, {"l": "Sorghum", "v": 243.0}, {"l": "Millet", "v": 132.0}]}, {"source": 16, "prod": 3.5649401250617991, "target": 6, "value": 370.0, "supply": [{"l": "Ricebran Oil", "v": 2.0}, {"l": "Groundnut Oil", "v": 11.0}, {"l": "Soyabean Oil", "v": 89.0}, {"l": "Palm Oil", "v": 80.0}, {"l": "Rape and Mustard Oil", "v": 80.0}, {"l": "Oilcrops Oil, Other", "v": 1.0}, {"l": "Cottonseed Oil", "v": 102.0}, {"l": "Palmkernel Oil", "v": 5.0}]}, {"source": 17, "prod": 0.34869556084999392, "target": 6, "value": 102.0, "supply": [{"l": "Pepper", "v": 1.0}, {"l": "Pimento", "v": 77.0}, {"l": "Spices, Other", "v": 24.0}]}, {"source": 18, "prod": 0.029075456565410961, "target": 6, "value": 50.0, "supply": [{"l": "Tea", "v": 50.0}]}, {"source": 19, "prod": 0.57891777344534001, "target": 6, "value": 1907.0, "supply": [{"l": "Vegetables, Other", "v": 1619.0}, {"l": "Onions", "v": 288.0}]}, {"source": 20, "prod": 1.1743057977277884, "target": 6, "value": 1993.0, "supply": [{"l": "Grapes", "v": 53.0}, {"l": "Dates", "v": 162.0}, {"l": "Apples", "v": 61.0}, {"l": "Lemons, Limes", "v": 26.0}, {"l": "Bananas", "v": 110.0}, {"l": "Fruits, Other", "v": 1041.0}, {"l": "Oranges, Mandarines", "v": 540.0}]}, {"source": 4, "prod": 0.12568873326103588, "target": 6, "value": 24.0, "supply": [{"l": "Oilcrops, Other", "v": 13.0}, {"l": "Soyabeans", "v": 1.0}, {"l": "Groundnuts", "v": 10.0}]}, {"source": 2, "prod": 0.025313958564321254, "target": 21, "value": 7.0, "supply": [{"l": "Maize", "v": 5.0}, {"l": "Wheat", "v": 1.0}, {"l": "Barley", "v": 1.0}]}, {"source": 11, "prod": 6.4114986514168315, "target": 21, "value": 18517.0, "supply": [{"l": "Sugar beet", "v": 235.0}, {"l": "Sugar cane", "v": 18282.0}]}, {"source": 4, "prod": 4.729414221875472, "target": 21, "value": 894.0, "supply": [{"l": "Coconuts - Incl Copra", "v": 22.0}, {"l": "Cottonseed", "v": 567.0}, {"l": "Sesame seed", "v": 10.0}, {"l": "Rape and Mustardseed", "v": 227.0}, {"l": "Groundnuts", "v": 28.0}, {"l": "Oilcrops, Other", "v": 40.0}]}, {"source": 14, "prod": 0.02036521851116738, "target": 21, "value": 5.0, "supply": [{"l": "Sugar", "v": 5.0}]}, {"source": 20, "prod": 0.0014150055528499999, "target": 21, "value": 3.0, "supply": [{"l": "Apples", "v": 3.0}]}, {"source": 4, "prod": 0.59834520520514289, "target": 22, "value": 111.0, "supply": [{"l": "Cottonseed", "v": 100.0}, {"l": "Rape and Mustardseed", "v": 11.0}]}, {"source": 12, "prod": 0.46801308660513752, "target": 22, "value": 49.0, "supply": [{"l": "Fats, Animals, Raw", "v": 49.0}]}, {"source": 5, "prod": 0.001295309929306434, "target": 22, "value": 2.0, "supply": [{"l": "Fish, Seafood", "v": 1.0}, {"l": "Demersal Fish", "v": 1.0}]}, {"source": 15, "prod": 0.019650319048449195, "target": 22, "value": 2.0, "supply": [{"l": "Alcohol, Non-Food", "v": 2.0}]}, {"source": 2, "prod": 0.92886700663236754, "target": 22, "value": 228.0, "supply": [{"l": "Maize", "v": 101.0}, {"l": "Wheat", "v": 1.0}, {"l": "Barley", "v": 2.0}, {"l": "Rice", "v": 124.0}]}, {"source": 16, "prod": 0.56868344180026964, "target": 22, "value": 58.0, "supply": [{"l": "Sesameseed Oil", "v": 4.0}, {"l": "Soyabean Oil", "v": 14.0}, {"l": "Coconut Oil", "v": 4.0}, {"l": "Palm Oil", "v": 23.0}, {"l": "Oilcrops Oil, Other", "v": 13.0}]}, {"source": 4, "prod": 0.51344487203414291, "target": 23, "value": 95.0, "supply": [{"l": "Cottonseed", "v": 84.0}, {"l": "Groundnuts", "v": 5.0}, {"l": "Rape and Mustardseed", "v": 3.0}, {"l": "Oilcrops, Other", "v": 3.0}]}, {"source": 9, "prod": 0.0032653974296538461, "target": 9, "value": 2.0, "supply": [{"l": "Eggs", "v": 2.0}]}, {"source": 11, "prod": 0.73543355487440465, "target": 23, "value": 2124.0, "supply": [{"l": "Sugar cane", "v": 2124.0}]}, {"source": 13, "prod": 0.02159745317507895, "target": 23, "value": 29.0, "supply": [{"l": "Potatoes", "v": 29.0}]}, {"source": 3, "prod": 0.31321720715265744, "target": 23, "value": 76.0, "supply": [{"l": "Beans", "v": 5.0}, {"l": "Pulses, Other", "v": 71.0}]}, {"source": 2, "prod": 2.1575814386585361, "target": 23, "value": 579.0, "supply": [{"l": "Maize", "v": 40.0}, {"l": "Wheat", "v": 397.0}, {"l": "Millet", "v": 8.0}, {"l": "Barley", "v": 13.0}, {"l": "Rice", "v": 112.0}, {"l": "Sorghum", "v": 9.0}]}, {"source": 0, "prod": 0.62699087451180968, "target": 24, "value": 866.0, "supply": [{"l": "Milk - Excluding Butter", "v": 866.0}]}, {"source": 4, "prod": 0.16036729598966667, "target": 24, "value": 30.0, "supply": [{"l": "Cottonseed", "v": 21.0}, {"l": "Rape and Mustardseed", "v": 7.0}, {"l": "Oilcrops, Other", "v": 2.0}]}, {"source": 9, "prod": 0.0065307948593076922, "target": 24, "value": 4.0, "supply": [{"l": "Eggs", "v": 4.0}]}, {"source": 13, "prod": 0.023618889679150379, "target": 24, "value": 30.0, "supply": [{"l": "Potatoes", "v": 29.0}, {"l": "Sweet potatoes", "v": 1.0}]}, {"source": 3, "prod": 0.070059183062543898, "target": 24, "value": 17.0, "supply": [{"l": "Beans", "v": 1.0}, {"l": "Pulses, Other", "v": 16.0}]}, {"source": 20, "prod": 0.041785550571760893, "target": 24, "value": 68.0, "supply": [{"l": "Dates", "v": 5.0}, {"l": "Oranges, Mandarines", "v": 24.0}, {"l": "Fruits, Other", "v": 19.0}, {"l": "Apples", "v": 3.0}, {"l": "Lemons, Limes", "v": 1.0}, {"l": "Bananas", "v": 13.0}, {"l": "Grapes", "v": 3.0}]}, {"source": 2, "prod": 1.4426317640898689, "target": 24, "value": 383.0, "supply": [{"l": "Maize", "v": 40.0}, {"l": "Sorghum", "v": 14.0}, {"l": "Rice", "v": 79.0}, {"l": "Wheat", "v": 231.0}, {"l": "Millet", "v": 15.0}, {"l": "Barley", "v": 4.0}]}, {"source": 17, "prod": 0.0067619734383982302, "target": 24, "value": 2.0, "supply": [{"l": "Pimento", "v": 2.0}]}, {"source": 18, "prod": 0.0005815091313082192, "target": 24, "value": 1.0, "supply": [{"l": "Tea", "v": 1.0}]}, {"source": 19, "prod": 0.041593962926207526, "target": 24, "value": 142.0, "supply": [{"l": "Vegetables, Other", "v": 127.0}, {"l": "Onions", "v": 15.0}]}, {"source": 25, "prod": 0.0029789590586315794, "target": 10, "value": 1.0, "supply": [{"l": "Nuts", "v": 1.0}]}, {"source": 25, "prod": 0.014480158764706923, "target": 1, "value": 20.0, "supply": [{"l": "Milk - Excluding Butter", "v": 20.0}]}, {"source": 25, "prod": 4.8252372163404207, "target": 2, "value": 1352.0, "supply": [{"l": "Maize", "v": 3.0}, {"l": "Cereals, Other", "v": 4.0}, {"l": "Wheat", "v": 1345.0}]}, {"source": 25, "prod": 2.3431376083419839, "target": 21, "value": 247.0, "supply": [{"l": "Fats, Animals, Raw", "v": 49.0}, {"l": "Coconut Oil", "v": 1.0}, {"l": "Rape and Mustard Oil", "v": 1.0}, {"l": "Butter, Ghee", "v": 2.0}, {"l": "Sweeteners, Other", "v": 1.0}, {"l": "Soyabean Oil", "v": 63.0}, {"l": "Palm Oil", "v": 125.0}, {"l": "Palmkernel Oil", "v": 5.0}]}, {"source": 25, "prod": 0.0029789590586315794, "target": 8, "value": 1.0, "supply": [{"l": "Treenuts", "v": 1.0}]}, {"source": 25, "prod": 0.0058983389360905266, "target": 19, "value": 22.0, "supply": [{"l": "Vegetables, Other", "v": 22.0}]}, {"source": 25, "prod": 0.029656965696719179, "target": 18, "value": 51.0, "supply": [{"l": "Tea", "v": 51.0}]}, {"source": 25, "prod": 0.05032218750609016, "target": 20, "value": 63.0, "supply": [{"l": "Dates", "v": 2.0}, {"l": "Apples", "v": 1.0}, {"l": "Fruits, Other", "v": 33.0}, {"l": "Grapes", "v": 27.0}]}, {"source": 25, "prod": 0.036986283757663371, "target": 4, "value": 22.0, "supply": [{"l": "Coconuts - Incl Copra", "v": 22.0}]}, {"source": 25, "prod": 0.014071791947037058, "target": 17, "value": 4.0, "supply": [{"l": "Pepper", "v": 1.0}, {"l": "Spices, Other", "v": 3.0}]}, {"source": 25, "prod": 0.010157249059157675, "target": 13, "value": 8.0, "supply": [{"l": "Roots, Other", "v": 2.0}, {"l": "Potatoes", "v": 1.0}, {"l": "Cassava", "v": 5.0}]}, {"source": 4, "prod": 0.27356774021766672, "target": 26, "value": 58.0, "supply": [{"l": "Oilcrops, Other", "v": 58.0}]}, {"source": 8, "prod": 0.0029789590586315794, "target": 26, "value": 1.0, "supply": [{"l": "Treenuts", "v": 1.0}]}, {"source": 19, "prod": 0.00026810631527684212, "target": 26, "value": 1.0, "supply": [{"l": "Vegetables, Other", "v": 1.0}]}, {"source": 10, "prod": 0.0029789590586315794, "target": 26, "value": 1.0, "supply": [{"l": "Nuts", "v": 1.0}]}, {"source": 5, "prod": 0.12356062092719579, "target": 26, "value": 177.0, "supply": [{"l": "Pelagic Fish", "v": 12.0}, {"l": "Fish, Seafood", "v": 88.0}, {"l": "Demersal Fish", "v": 53.0}, {"l": "Crustaceans", "v": 10.0}, {"l": "Marine Fish, Other", "v": 14.0}]}, {"source": 20, "prod": 0.040107391465405796, "target": 26, "value": 114.0, "supply": [{"l": "Bananas", "v": 4.0}, {"l": "Fruits, Other", "v": 9.0}, {"l": "Oranges, Mandarines", "v": 101.0}]}, {"source": 14, "prod": 0.007105198458340619, "target": 26, "value": 2.0, "supply": [{"l": "Sweeteners, Other", "v": 1.0}, {"l": "Sugar", "v": 1.0}]}, {"source": 2, "prod": 2.1223861845608596, "target": 26, "value": 494.0, "supply": [{"l": "Wheat", "v": 4.0}, {"l": "Barley", "v": 13.0}, {"l": "Rice", "v": 476.0}, {"l": "Sorghum", "v": 1.0}]}, {"source": 17, "prod": 0.0070750277642500003, "target": 26, "value": 2.0, "supply": [{"l": "Spices, Other", "v": 2.0}]}, {"source": 2, "prod": 1.7203739036612387, "target": 27, "value": 482.0, "supply": [{"l": "Wheat", "v": 482.0}]}, {"source": 28, "prod": 0.75876071288918334, "target": 21, "value": 134.0, "supply": [{"l": "Soyabean Oil", "v": 40.0}, {"l": "Sugar", "v": 94.0}]}, {"source": 28, "prod": 0.078159723262667291, "target": 2, "value": 18.0, "supply": [{"l": "Rice", "v": 18.0}]}, {"source": 16, "prod": 0.19810077739900003, "target": 27, "value": 21.0, "supply": [{"l": "Palm Oil", "v": 21.0}]}, {"source": 28, "prod": 0.099050388699500017, "target": 4, "value": 21.0, "supply": [{"l": "Oilcrops, Other", "v": 21.0}]}, {"source": 29, "prod": 0.11617940328663159, "target": 8, "value": 39.0, "supply": [{"l": "Treenuts", "v": 39.0}]}, {"source": 29, "prod": 3.6989003873973472, "target": 3, "value": 902.0, "supply": [{"l": "Peas", "v": 61.0}, {"l": "Beans", "v": 62.0}, {"l": "Pulses, Other", "v": 779.0}]}, {"source": 29, "prod": 7.4363966374941572, "target": 11, "value": 21477.0, "supply": [{"l": "Sugar beet", "v": 235.0}, {"l": "Sugar cane", "v": 21242.0}]}, {"source": 29, "prod": 0.24555133954720301, "target": 13, "value": 304.0, "supply": [{"l": "Potatoes", "v": 289.0}, {"l": "Sweet potatoes", "v": 15.0}]}, {"source": 29, "prod": 0.11617940328663159, "target": 10, "value": 39.0, "supply": [{"l": "Nuts", "v": 39.0}]}, {"source": 29, "prod": 44.468148461401633, "target": 2, "value": 11820.0, "supply": [{"l": "Maize", "v": 802.0}, {"l": "Barley", "v": 137.0}, {"l": "Rice", "v": 2619.0}, {"l": "Wheat", "v": 7673.0}, {"l": "Sorghum", "v": 281.0}, {"l": "Millet", "v": 308.0}]}, {"source": 29, "prod": 0.34846077010560511, "target": 17, "value": 102.0, "supply": [{"l": "Pimento", "v": 79.0}, {"l": "Spices, Other", "v": 23.0}]}, {"source": 29, "prod": 0.61488150375073403, "target": 19, "value": 2028.0, "supply": [{"l": "Vegetables, Other", "v": 1725.0}, {"l": "Onions", "v": 303.0}]}, {"source": 29, "prod": 1.2082554549902147, "target": 20, "value": 2115.0, "supply": [{"l": "Grapes", "v": 29.0}, {"l": "Dates", "v": 166.0}, {"l": "Apples", "v": 67.0}, {"l": "Lemons, Limes", "v": 27.0}, {"l": "Bananas", "v": 126.0}, {"l": "Fruits, Other", "v": 1035.0}, {"l": "Oranges, Mandarines", "v": 665.0}]}, {"source": 29, "prod": 7.6369871123818589, "target": 4, "value": 1423.0, "supply": [{"l": "Sesame seed", "v": 11.0}, {"l": "Oilcrops, Other", "v": 93.0}, {"l": "Cottonseed", "v": 1028.0}, {"l": "Groundnuts", "v": 43.0}, {"l": "Rape and Mustardseed", "v": 248.0}]}, {"source": 1, "prod": 5.9470012046651322, "target": 0, "value": 8214.0, "supply": [{"l": "Milk - Excluding Butter", "v": 8214.0}]}, {"source": 1, "prod": 0.065307948593076925, "target": 9, "value": 40.0, "supply": [{"l": "Eggs", "v": 42.0}]}, {"source": 1, "prod": 1.332315065671585, "target": 7, "value": 656.0, "supply": [{"l": "Poultry Meat", "v": 23.0}, {"l": "Bovine Meat", "v": 324.0}, {"l": "Meat, Other", "v": 11.0}, {"l": "Offals, Edible", "v": 91.0}, {"l": "Mutton & Goat Meat", "v": 207.0}]}, {"source": 1, "prod": 0.28201033666665992, "target": 5, "value": 392.0, "supply": [{"l": "Pelagic Fish", "v": 36.0}, {"l": "Crustaceans", "v": 18.0}, {"l": "Freshwater Fish", "v": 37.0}, {"l": "Demersal Fish", "v": 76.0}, {"l": "Fish, Seafood", "v": 196.0}, {"l": "Marine Fish, Other", "v": 29.0}]}, {"source": 21, "prod": 7.8505654558493463, "target": 14, "value": 1930.0, "supply": [{"l": "Honey", "v": 1.0}, {"l": "Sweeteners, Other", "v": 10.0}, {"l": "Sugar non-centrifugal", "v": 1279.0}, {"l": "Sugar", "v": 640.0}]}, {"source": 21, "prod": 4.3317243442610689, "target": 16, "value": 449.0, "supply": [{"l": "Ricebran Oil", "v": 2.0}, {"l": "Sesameseed Oil", "v": 4.0}, {"l": "Soyabean Oil", "v": 103.0}, {"l": "Coconut Oil", "v": 4.0}, {"l": "Rape and Mustard Oil", "v": 80.0}, {"l": "Cottonseed Oil", "v": 102.0}, {"l": "Groundnut Oil", "v": 11.0}, {"l": "Palm Oil", "v": 124.0}, {"l": "Palmkernel Oil", "v": 5.0}, {"l": "Oilcrops Oil, Other", "v": 14.0}]}, {"source": 21, "prod": 0.068776116669572174, "target": 15, "value": 7.0, "supply": [{"l": "Beer", "v": 3.0}, {"l": "Alcohol, Non-Food", "v": 2.0}, {"l": "Beverages, Fermented", "v": 2.0}]}, {"source": 21, "prod": 2.4326341833863263, "target": 12, "value": 245.0, "supply": [{"l": "Fats, Animals, Raw", "v": 76.0}, {"l": "Butter, Ghee", "v": 169.0}]}]}