{"nodes": [{"layer": 5, "name": "Maize"}, {"layer": 10, "name": "Feed", "fill": "#dbdb8d"}, {"layer": 5, "name": "Cottonseed"}, {"layer": 5, "name": "Millet"}, {"layer": 13, "name": "Milk - Excluding Butter"}, {"layer": 5, "name": "Barley"}, {"layer": 5, "name": "Sorghum"}, {"layer": 5, "name": "Pulses, Other"}, {"layer": 16, "name": "Food", "fill": "#b5cf6b"}, {"layer": 13, "name": "Ricebran Oil"}, {"layer": 5, "name": "Nuts"}, {"layer": 13, "name": "Sugar", "fill": "#d6616b"}, {"layer": 13, "name": "Oilcrops Oil, Other"}, {"layer": 13, "name": "Beer"}, {"layer": 5, "name": "Infant food"}, {"layer": 13, "name": "Honey"}, {"layer": 13, "name": "Sugar non-centrifugal"}, {"layer": 13, "name": "Butter, Ghee"}, {"layer": 13, "name": "Fats, Animals, Raw"}, {"layer": 5, "name": "Rice"}, {"layer": 5, "name": "Wheat"}, {"layer": 13, "name": "Soyabean Oil"}, {"layer": 5, "name": "Coconuts - Incl Copra"}, {"layer": 5, "name": "Treenuts"}, {"layer": 13, "name": "Crustaceans"}, {"layer": 13, "name": "Eggs"}, {"layer": 5, "name": "Vegetables, Other"}, {"layer": 5, "name": "Peas"}, {"layer": 5, "name": "Sweet potatoes"}, {"layer": 5, "name": "Grapes"}, {"layer": 5, "name": "Pimento"}, {"layer": 13, "name": "Palm Oil"}, {"layer": 5, "name": "Oilcrops, Other"}, {"layer": 5, "name": "Sugar cane"}, {"layer": 13, "name": "Coconut Oil"}, {"layer": 5, "name": "Dates"}, {"layer": 5, "name": "Soyabeans"}, {"layer": 5, "name": "Potatoes"}, {"layer": 13, "name": "Freshwater Fish"}, {"layer": 5, "name": "Groundnuts"}, {"layer": 13, "name": "Rape and Mustard Oil"}, {"layer": 13, "name": "Sesameseed Oil"}, {"layer": 5, "name": "Beans"}, {"layer": 5, "name": "Apples"}, {"layer": 13, "name": "Fish, Seafood"}, {"layer": 13, "name": "Meat, Other"}, {"layer": 5, "name": "Lemons, Limes"}, {"layer": 13, "name": "Mutton & Goat Meat"}, {"layer": 13, "name": "Sweeteners, Other"}, {"layer": 13, "name": "Pelagic Fish"}, {"layer": 5, "name": "Bananas"}, {"layer": 13, "name": "Beverages, Fermented"}, {"layer": 5, "name": "Spices, Other"}, {"layer": 5, "name": "Tea"}, {"layer": 5, "name": "Fruits, Other"}, {"layer": 13, "name": "Poultry Meat"}, {"layer": 13, "name": "Offals, Edible"}, {"layer": 13, "name": "Groundnut Oil"}, {"layer": 13, "name": "Demersal Fish"}, {"layer": 5, "name": "Oranges, Mandarines"}, {"layer": 13, "name": "Bovine Meat"}, {"layer": 13, "name": "Cottonseed Oil"}, {"layer": 5, "name": "Onions"}, {"layer": 10, "name": "Processing", "fill": "#9edae5"}, {"layer": 5, "name": "Sesame seed"}, {"layer": 5, "name": "Rape and Mustardseed"}, {"layer": 5, "name": "Sugar beet"}, {"layer": 16, "name": "Biofuels & Other", "fill": "#e7ba52"}, {"layer": 13, "name": "Alcohol, Non-Food"}, {"name": "Waste", "fill": "#c7c7c7"}, {"layer": 2, "name": "Import", "fill": "#aec7e8"}, {"layer": 16, "name": "Export", "fill": "#aec7e8"}, {"layer": 16, "name": "Stock Deposit", "fill": "#c7c7c7"}, {"layer": 0, "name": "Stock Draw", "fill": "#c7c7c7"}, {"name": "Crop Residue", "fill": "#bd9e39"}, {"layer": 2, "name": "Electricity", "fill": "#bcbd22"}, {"layer": 0, "name": "Fossil Fuels", "fill": "#c49c94"}, {"layer": 0, "name": "Renewables & Nuclear", "fill": "#2ca02c"}, {"layer": 2, "name": "Fertilizers", "fill": "#c5b0d5"}, {"layer": 0, "name": "Labor", "fill": "#7f7f7f"}], "links": [{"source": 0, "prod": 39.0, "target": 1, "value": 0.14581048045514863, "supply": [{"l": "Maize", "v": 0.14581048045514863}]}, {"source": 2, "prod": 260.0, "target": 1, "value": 1.5050513607586364, "supply": [{"l": "Cottonseed", "v": 1.5050513607586364}]}, {"source": 3, "prod": 21.0, "target": 1, "value": 0.084326682271195941, "supply": [{"l": "Millet", "v": 0.084326682271195941}]}, {"source": 4, "prod": 335.0, "target": 1, "value": 0.24249851557368454, "supply": [{"l": "Milk - Excluding Butter", "v": 0.24249851557368454}]}, {"source": 5, "prod": 40.0, "target": 1, "value": 0.11320044422800001, "supply": [{"l": "Barley", "v": 0.11320044422800001}]}, {"source": 6, "prod": 15.0, "target": 1, "value": 0.057504080286525337, "supply": [{"l": "Sorghum", "v": 0.057504080286525337}]}, {"source": 7, "prod": 159.0, "target": 1, "value": 0.6487457011867529, "supply": [{"l": "Pulses, Other", "v": 0.6487457011867529}]}, {"source": 0, "prod": 595.0, "target": 8, "value": 2.2245445095080369, "supply": [{"l": "Maize", "v": 2.2245445095080369}]}, {"source": 9, "prod": 1.0, "target": 8, "value": 0.02122508329275, "supply": [{"l": "Ricebran Oil", "v": 0.02122508329275}]}, {"source": 10, "prod": 31.0, "target": 8, "value": 0.092347730817578952, "supply": [{"l": "Nuts", "v": 0.092347730817578952}]}, {"source": 11, "prod": 321.0, "target": 8, "value": 1.3111068344376502, "supply": [{"l": "Sugar", "v": 1.3111068344376502}]}, {"source": 12, "prod": 1.0, "target": 8, "value": 0.0096477651330681823, "supply": [{"l": "Oilcrops Oil, Other", "v": 0.0096477651330681823}]}, {"source": 13, "prod": 4.0, "target": 8, "value": 0.040431605524535355, "supply": [{"l": "Beer", "v": 0.040431605524535355}]}, {"source": 14, "prod": 1.0, "target": 8, "value": 0.0032582364703782896, "supply": [{"l": "Infant food", "v": 0.0032582364703782896}]}, {"source": 5, "prod": 32.0, "target": 8, "value": 0.090560355382399996, "supply": [{"l": "Barley", "v": 0.090560355382399996}]}, {"source": 15, "prod": 1.0, "target": 8, "value": 0.0040844449670954831, "supply": [{"l": "Honey", "v": 0.0040844449670954831}]}, {"source": 16, "prod": 1486.0, "target": 8, "value": 6.0694852211038892, "supply": [{"l": "Sugar non-centrifugal", "v": 6.0694852211038892}]}, {"source": 17, "prod": 141.0, "target": 8, "value": 1.4328160474534402, "supply": [{"l": "Butter, Ghee", "v": 1.4328160474534402}]}, {"source": 18, "prod": 21.0, "target": 8, "value": 0.21113372328051319, "supply": [{"l": "Fats, Animals, Raw", "v": 0.21113372328051319}]}, {"source": 19, "prod": 935.0, "target": 8, "value": 4.0548210785478327, "supply": [{"l": "Rice", "v": 4.0548210785478327}]}, {"source": 20, "prod": 5409.0, "target": 8, "value": 19.300462990291383, "supply": [{"l": "Wheat", "v": 19.300462990291383}]}, {"source": 21, "prod": 33.0, "target": 8, "value": 0.30351869108632501, "supply": [{"l": "Soyabean Oil", "v": 0.30351869108632501}]}, {"source": 22, "prod": 2.0, "target": 8, "value": 0.0033078051884805199, "supply": [{"l": "Coconuts - Incl Copra", "v": 0.0033078051884805199}]}, {"source": 23, "prod": 31.0, "target": 8, "value": 0.092347730817578952, "supply": [{"l": "Treenuts", "v": 0.092347730817578952}]}, {"source": 24, "prod": 10.0, "target": 8, "value": 0.0075803868902678583, "supply": [{"l": "Crustaceans", "v": 0.0075803868902678583}]}, {"source": 25, "prod": 9.0, "target": 8, "value": 0.02387821870434375, "supply": [{"l": "Eggs", "v": 0.02387821870434375}]}, {"source": 26, "prod": 904.0, "target": 8, "value": 0.25475223688968746, "supply": [{"l": "Vegetables, Other", "v": 0.25475223688968746}]}, {"source": 27, "prod": 115.0, "target": 8, "value": 0.46493039593642854, "supply": [{"l": "Peas", "v": 0.46493039593642854}]}, {"source": 28, "prod": 9.0, "target": 8, "value": 0.010237496485279806, "supply": [{"l": "Sweet potatoes", "v": 0.010237496485279806}]}, {"source": 29, "prod": 57.0, "target": 8, "value": 0.046088752292828571, "supply": [{"l": "Grapes", "v": 0.046088752292828571}]}, {"source": 30, "prod": 20.0, "target": 8, "value": 0.070750277642500012, "supply": [{"l": "Pimento", "v": 0.070750277642500012}]}, {"source": 31, "prod": 1.0, "target": 8, "value": 0.0097028952195428592, "supply": [{"l": "Palm Oil", "v": 0.0097028952195428592}]}, {"source": 32, "prod": 2.0, "target": 8, "value": 0.012128619024428572, "supply": [{"l": "Oilcrops, Other", "v": 0.012128619024428572}]}, {"source": 33, "prod": 1100.0, "target": 8, "value": 0.37078061136714635, "supply": [{"l": "Sugar cane", "v": 0.37078061136714635}]}, {"source": 34, "prod": 8.0, "target": 8, "value": 0.0679202665368, "supply": [{"l": "Coconut Oil", "v": 0.0679202665368}]}, {"source": 35, "prod": 147.0, "target": 8, "value": 0.2773410883586, "supply": [{"l": "Dates", "v": 0.2773410883586}]}, {"source": 36, "prod": 1.0, "target": 8, "value": 0.0037901934451339291, "supply": [{"l": "Soyabeans", "v": 0.0037901934451339291}]}, {"source": 37, "prod": 131.0, "target": 8, "value": 0.093070658120510463, "supply": [{"l": "Potatoes", "v": 0.093070658120510463}]}, {"source": 38, "prod": 30.0, "target": 8, "value": 0.023583425880833331, "supply": [{"l": "Freshwater Fish", "v": 0.023583425880833331}]}, {"source": 39, "prod": 12.0, "target": 8, "value": 0.069463908958090917, "supply": [{"l": "Groundnuts", "v": 0.069463908958090917}]}, {"source": 40, "prod": 26.0, "target": 8, "value": 0.25293224257193753, "supply": [{"l": "Rape and Mustard Oil", "v": 0.25293224257193753}]}, {"source": 4, "prod": 5826.0, "target": 8, "value": 4.2173025424844361, "supply": [{"l": "Milk - Excluding Butter", "v": 4.2173025424844361}]}, {"source": 41, "prod": 4.0, "target": 8, "value": 0.028300111057000001, "supply": [{"l": "Sesameseed Oil", "v": 0.028300111057000001}]}, {"source": 42, "prod": 52.0, "target": 8, "value": 0.20694456210431253, "supply": [{"l": "Beans", "v": 0.20694456210431253}]}, {"source": 43, "prod": 21.0, "target": 8, "value": 0.023459302586723688, "supply": [{"l": "Apples", "v": 0.023459302586723688}]}, {"source": 44, "prod": 92.0, "target": 8, "value": 0.069739559390464292, "supply": [{"l": "Fish, Seafood", "v": 0.069739559390464292}]}, {"source": 45, "prod": 10.0, "target": 8, "value": 0.023583425880833338, "supply": [{"l": "Meat, Other", "v": 0.023583425880833338}]}, {"source": 46, "prod": 18.0, "target": 8, "value": 0.011825403548817859, "supply": [{"l": "Lemons, Limes", "v": 0.011825403548817859}]}, {"source": 6, "prod": 248.0, "target": 8, "value": 0.95073412740388563, "supply": [{"l": "Sorghum", "v": 0.95073412740388563}]}, {"source": 47, "prod": 133.0, "target": 8, "value": 0.3252765851119383, "supply": [{"l": "Mutton & Goat Meat", "v": 0.3252765851119383}]}, {"source": 48, "prod": 8.0, "target": 8, "value": 0.02122508329275, "supply": [{"l": "Sweeteners, Other", "v": 0.02122508329275}]}, {"source": 49, "prod": 27.0, "target": 8, "value": 0.023390908118540815, "supply": [{"l": "Pelagic Fish", "v": 0.023390908118540815}]}, {"source": 50, "prod": 46.0, "target": 8, "value": 0.023246519796821432, "supply": [{"l": "Bananas", "v": 0.023246519796821432}]}, {"source": 51, "prod": 1.0, "target": 8, "value": 0.010107901381133839, "supply": [{"l": "Beverages, Fermented", "v": 0.010107901381133839}]}, {"source": 52, "prod": 6.0, "target": 8, "value": 0.023154636319363639, "supply": [{"l": "Spices, Other", "v": 0.023154636319363639}]}, {"source": 53, "prod": 22.0, "target": 8, "value": 0.025568888840000002, "supply": [{"l": "Tea", "v": 0.025568888840000002}]}, {"source": 54, "prod": 987.0, "target": 8, "value": 0.48665077589472278, "supply": [{"l": "Fruits, Other", "v": 0.48665077589472278}]}, {"source": 3, "prod": 363.0, "target": 8, "value": 1.4576469364021014, "supply": [{"l": "Millet", "v": 1.4576469364021014}]}, {"source": 55, "prod": 13.0, "target": 8, "value": 0.022993840233812502, "supply": [{"l": "Poultry Meat", "v": 0.022993840233812502}]}, {"source": 56, "prod": 65.0, "target": 8, "value": 0.092748263127983191, "supply": [{"l": "Offals, Edible", "v": 0.092748263127983191}]}, {"source": 57, "prod": 14.0, "target": 8, "value": 0.13714669204546157, "supply": [{"l": "Groundnut Oil", "v": 0.13714669204546157}]}, {"source": 58, "prod": 26.0, "target": 8, "value": 0.023483070877085108, "supply": [{"l": "Demersal Fish", "v": 0.023483070877085108}]}, {"source": 59, "prod": 432.0, "target": 8, "value": 0.16208245423554543, "supply": [{"l": "Oranges, Mandarines", "v": 0.16208245423554543}]}, {"source": 60, "prod": 273.0, "target": 8, "value": 0.55626698293639198, "supply": [{"l": "Bovine Meat", "v": 0.55626698293639198}]}, {"source": 61, "prod": 64.0, "target": 8, "value": 0.65017691043774362, "supply": [{"l": "Cottonseed Oil", "v": 0.65017691043774362}]}, {"source": 62, "prod": 189.0, "target": 8, "value": 0.092485089160340067, "supply": [{"l": "Onions", "v": 0.092485089160340067}]}, {"source": 7, "prod": 562.0, "target": 8, "value": 2.2930508431883969, "supply": [{"l": "Pulses, Other", "v": 2.2930508431883969}]}, {"source": 0, "prod": 6.0, "target": 63, "value": 0.022432381608484406, "supply": [{"l": "Maize", "v": 0.022432381608484406}]}, {"source": 22, "prod": 20.0, "target": 63, "value": 0.033078051884805199, "supply": [{"l": "Coconuts - Incl Copra", "v": 0.033078051884805199}]}, {"source": 2, "prod": 356.0, "target": 63, "value": 2.0607626324233639, "supply": [{"l": "Cottonseed", "v": 2.0607626324233639}]}, {"source": 54, "prod": 1.0, "target": 63, "value": 0.00049306056321653767, "supply": [{"l": "Fruits, Other", "v": 0.00049306056321653767}]}, {"source": 64, "prod": 9.0, "target": 63, "value": 0.052097931718568191, "supply": [{"l": "Sesame seed", "v": 0.052097931718568191}]}, {"source": 11, "prod": 4.0, "target": 63, "value": 0.016337779868381933, "supply": [{"l": "Sugar", "v": 0.016337779868381933}]}, {"source": 65, "prod": 132.0, "target": 63, "value": 0.76410299853899999, "supply": [{"l": "Rape and Mustardseed", "v": 0.76410299853899999}]}, {"source": 5, "prod": 1.0, "target": 63, "value": 0.0028300111056999999, "supply": [{"l": "Barley", "v": 0.0028300111056999999}]}, {"source": 39, "prod": 36.0, "target": 63, "value": 0.20839172687427276, "supply": [{"l": "Groundnuts", "v": 0.20839172687427276}]}, {"source": 66, "prod": 46.0, "target": 63, "value": 0.015505371020807939, "supply": [{"l": "Sugar beet", "v": 0.015505371020807939}]}, {"source": 32, "prod": 31.0, "target": 63, "value": 0.18799359487864289, "supply": [{"l": "Oilcrops, Other", "v": 0.18799359487864289}]}, {"source": 33, "prod": 18684.0, "target": 63, "value": 6.297877220712512, "supply": [{"l": "Sugar cane", "v": 6.297877220712512}]}, {"source": 0, "prod": 271.0, "target": 67, "value": 1.0131959026498789, "supply": [{"l": "Maize", "v": 1.0131959026498789}]}, {"source": 20, "prod": 1.0, "target": 67, "value": 0.0035682127916974271, "supply": [{"l": "Wheat", "v": 0.0035682127916974271}]}, {"source": 68, "prod": 2.0, "target": 67, "value": 0.020215802762267678, "supply": [{"l": "Alcohol, Non-Food", "v": 0.020215802762267678}]}, {"source": 21, "prod": 10.0, "target": 67, "value": 0.091975360935250008, "supply": [{"l": "Soyabean Oil", "v": 0.091975360935250008}]}, {"source": 18, "prod": 23.0, "target": 67, "value": 0.23124169692627633, "supply": [{"l": "Fats, Animals, Raw", "v": 0.23124169692627633}]}, {"source": 2, "prod": 325.0, "target": 67, "value": 1.8813142009482959, "supply": [{"l": "Cottonseed", "v": 1.8813142009482959}]}, {"source": 34, "prod": 1.0, "target": 67, "value": 0.0084900333171, "supply": [{"l": "Coconut Oil", "v": 0.0084900333171}]}, {"source": 40, "prod": 10.0, "target": 67, "value": 0.097281631758437501, "supply": [{"l": "Rape and Mustard Oil", "v": 0.097281631758437501}]}, {"source": 65, "prod": 1.0, "target": 67, "value": 0.0057886590798409097, "supply": [{"l": "Rape and Mustardseed", "v": 0.0057886590798409097}]}, {"source": 5, "prod": 1.0, "target": 67, "value": 0.0028300111056999999, "supply": [{"l": "Barley", "v": 0.0028300111056999999}]}, {"source": 31, "prod": 3.0, "target": 67, "value": 0.029108685658628574, "supply": [{"l": "Palm Oil", "v": 0.029108685658628574}]}, {"source": 12, "prod": 6.0, "target": 67, "value": 0.05788659079840909, "supply": [{"l": "Oilcrops Oil, Other", "v": 0.05788659079840909}]}, {"source": 19, "prod": 69.0, "target": 67, "value": 0.29923278547572241, "supply": [{"l": "Rice", "v": 0.29923278547572241}]}, {"source": 0, "prod": 39.0, "target": 0, "value": 0.14581048045514863, "supply": [{"l": "Maize", "v": 0.14581048045514863}]}, {"source": 33, "prod": 2198.0, "target": 33, "value": 0.74088707616817073, "supply": [{"l": "Sugar cane", "v": 0.74088707616817073}]}, {"source": 20, "prod": 352.0, "target": 20, "value": 1.2560109026774944, "supply": [{"l": "Wheat", "v": 1.2560109026774944}]}, {"source": 2, "prod": 79.0, "target": 2, "value": 0.45730406730743189, "supply": [{"l": "Cottonseed", "v": 0.45730406730743189}]}, {"source": 37, "prod": 20.0, "target": 37, "value": 0.014209260781757322, "supply": [{"l": "Potatoes", "v": 0.014209260781757322}]}, {"source": 25, "prod": 1.0, "target": 25, "value": 0.00265313541159375, "supply": [{"l": "Eggs", "v": 0.00265313541159375}]}, {"source": 3, "prod": 9.0, "target": 3, "value": 0.0361400066876554, "supply": [{"l": "Millet", "v": 0.0361400066876554}]}, {"source": 42, "prod": 4.0, "target": 42, "value": 0.015918812469562501, "supply": [{"l": "Beans", "v": 0.015918812469562501}]}, {"source": 5, "prod": 12.0, "target": 5, "value": 0.0339601332684, "supply": [{"l": "Barley", "v": 0.0339601332684}]}, {"source": 39, "prod": 4.0, "target": 39, "value": 0.023154636319363639, "supply": [{"l": "Groundnuts", "v": 0.023154636319363639}]}, {"source": 65, "prod": 4.0, "target": 65, "value": 0.023154636319363639, "supply": [{"l": "Rape and Mustardseed", "v": 0.023154636319363639}]}, {"source": 32, "prod": 2.0, "target": 32, "value": 0.012128619024428572, "supply": [{"l": "Oilcrops, Other", "v": 0.012128619024428572}]}, {"source": 19, "prod": 100.0, "target": 19, "value": 0.43367070358800353, "supply": [{"l": "Rice", "v": 0.43367070358800353}]}, {"source": 6, "prod": 9.0, "target": 6, "value": 0.034502448171915202, "supply": [{"l": "Sorghum", "v": 0.034502448171915202}]}, {"source": 7, "prod": 69.0, "target": 7, "value": 0.28153115334519468, "supply": [{"l": "Pulses, Other", "v": 0.28153115334519468}]}, {"source": 0, "prod": 39.0, "target": 69, "value": 0.14581048045514863, "supply": [{"l": "Maize", "v": 0.14581048045514863}]}, {"source": 54, "prod": 13.0, "target": 69, "value": 0.0064097873218149906, "supply": [{"l": "Fruits, Other", "v": 0.0064097873218149906}]}, {"source": 5, "prod": 3.0, "target": 69, "value": 0.0084900333171, "supply": [{"l": "Barley", "v": 0.0084900333171}]}, {"source": 19, "prod": 45.0, "target": 69, "value": 0.19515181661460157, "supply": [{"l": "Rice", "v": 0.19515181661460157}]}, {"source": 20, "prod": 119.0, "target": 69, "value": 0.42461732221199383, "supply": [{"l": "Wheat", "v": 0.42461732221199383}]}, {"source": 25, "prod": 1.0, "target": 69, "value": 0.00265313541159375, "supply": [{"l": "Eggs", "v": 0.00265313541159375}]}, {"source": 26, "prod": 72.0, "target": 69, "value": 0.020290001168205195, "supply": [{"l": "Vegetables, Other", "v": 0.020290001168205195}]}, {"source": 29, "prod": 2.0, "target": 69, "value": 0.0016171492032571429, "supply": [{"l": "Grapes", "v": 0.0016171492032571429}]}, {"source": 39, "prod": 1.0, "target": 69, "value": 0.0057886590798409097, "supply": [{"l": "Groundnuts", "v": 0.0057886590798409097}]}, {"source": 32, "prod": 1.0, "target": 69, "value": 0.0060643095122142861, "supply": [{"l": "Oilcrops, Other", "v": 0.0060643095122142861}]}, {"source": 35, "prod": 5.0, "target": 69, "value": 0.0094333703523333326, "supply": [{"l": "Dates", "v": 0.0094333703523333326}]}, {"source": 2, "prod": 21.0, "target": 69, "value": 0.12156184067665912, "supply": [{"l": "Cottonseed", "v": 0.12156184067665912}]}, {"source": 37, "prod": 17.0, "target": 69, "value": 0.012077871664493726, "supply": [{"l": "Potatoes", "v": 0.012077871664493726}]}, {"source": 4, "prod": 723.0, "target": 69, "value": 0.52336246793962371, "supply": [{"l": "Milk - Excluding Butter", "v": 0.52336246793962371}]}, {"source": 42, "prod": 1.0, "target": 69, "value": 0.0039797031173906252, "supply": [{"l": "Beans", "v": 0.0039797031173906252}]}, {"source": 43, "prod": 1.0, "target": 69, "value": 0.0011171096469868424, "supply": [{"l": "Apples", "v": 0.0011171096469868424}]}, {"source": 46, "prod": 1.0, "target": 69, "value": 0.00065696686382321428, "supply": [{"l": "Lemons, Limes", "v": 0.00065696686382321428}]}, {"source": 6, "prod": 15.0, "target": 69, "value": 0.057504080286525337, "supply": [{"l": "Sorghum", "v": 0.057504080286525337}]}, {"source": 50, "prod": 5.0, "target": 69, "value": 0.0025267956300892864, "supply": [{"l": "Bananas", "v": 0.0025267956300892864}]}, {"source": 3, "prod": 21.0, "target": 69, "value": 0.084326682271195941, "supply": [{"l": "Millet", "v": 0.084326682271195941}]}, {"source": 65, "prod": 6.0, "target": 69, "value": 0.034731954479045458, "supply": [{"l": "Rape and Mustardseed", "v": 0.034731954479045458}]}, {"source": 59, "prod": 17.0, "target": 69, "value": 0.0063782447268617426, "supply": [{"l": "Oranges, Mandarines", "v": 0.0063782447268617426}]}, {"source": 62, "prod": 10.0, "target": 69, "value": 0.0048933909608645538, "supply": [{"l": "Onions", "v": 0.0048933909608645538}]}, {"source": 7, "prod": 16.0, "target": 69, "value": 0.0652825862829437, "supply": [{"l": "Pulses, Other", "v": 0.0652825862829437}]}, {"source": 70, "prod": 1.0, "target": 14, "value": 0.0032582364703782896, "supply": [{"l": "Infant food", "v": 0.0032582364703782896}]}, {"source": 70, "prod": 1165.0, "target": 20, "value": 4.1569679023275032, "supply": [{"l": "Wheat", "v": 4.1569679023275032}]}, {"source": 70, "prod": 28.0, "target": 1, "value": 0.020268532644964678, "supply": [{"l": "Milk - Excluding Butter", "v": 0.020268532644964678}]}, {"source": 70, "prod": 1.0, "target": 2, "value": 0.0057886590798409097, "supply": [{"l": "Cottonseed", "v": 0.0057886590798409097}]}, {"source": 70, "prod": 1.0, "target": 5, "value": 0.0028300111056999999, "supply": [{"l": "Barley", "v": 0.0028300111056999999}]}, {"source": 70, "prod": 6.0, "target": 35, "value": 0.011320044422799999, "supply": [{"l": "Dates", "v": 0.011320044422799999}]}, {"source": 70, "prod": 70.0, "target": 63, "value": 0.65996067389198265, "supply": [{"l": "Coconut Oil", "v": 0.050940199902600007}, {"l": "Beer", "v": 0.020215802762267678}, {"l": "Beverages, Alcoholic", "v": 0.010107901381133839}, {"l": "Oilcrops Oil, Other", "v": 0.0096477651330681823}, {"l": "Fats, Animals, Raw", "v": 0.23124169692627633}, {"l": "Sweeteners, Other", "v": 0.00265313541159375}, {"l": "Soyabean Oil", "v": 0.25753101061870004}, {"l": "Palm Oil", "v": 0.077623161756342873}]}, {"source": 70, "prod": 4.0, "target": 52, "value": 0.015436424212909092, "supply": [{"l": "Spices, Other", "v": 0.015436424212909092}]}, {"source": 70, "prod": 22.0, "target": 53, "value": 0.025568888840000002, "supply": [{"l": "Tea", "v": 0.025568888840000002}]}, {"source": 70, "prod": 8.0, "target": 23, "value": 0.023831672469052635, "supply": [{"l": "Treenuts", "v": 0.023831672469052635}]}, {"source": 70, "prod": 201.0, "target": 0, "value": 0.75148478388422746, "supply": [{"l": "Maize", "v": 0.75148478388422746}]}, {"source": 70, "prod": 22.0, "target": 54, "value": 0.010847332390763829, "supply": [{"l": "Fruits, Other", "v": 0.010847332390763829}]}, {"source": 70, "prod": 8.0, "target": 10, "value": 0.023831672469052635, "supply": [{"l": "Nuts", "v": 0.023831672469052635}]}, {"source": 70, "prod": 1.0, "target": 43, "value": 0.0011171096469868424, "supply": [{"l": "Apples", "v": 0.0011171096469868424}]}, {"source": 70, "prod": 37.0, "target": 29, "value": 0.029917260260257143, "supply": [{"l": "Grapes", "v": 0.029917260260257143}]}, {"source": 70, "prod": 22.0, "target": 22, "value": 0.036385857073285718, "supply": [{"l": "Coconuts - Incl Copra", "v": 0.036385857073285718}]}, {"source": 70, "prod": 25.0, "target": 7, "value": 0.10200404106709954, "supply": [{"l": "Pulses, Other", "v": 0.10200404106709954}]}, {"source": 49, "prod": 8.0, "target": 71, "value": 0.0069306394425306117, "supply": [{"l": "Pelagic Fish", "v": 0.0069306394425306117}]}, {"source": 20, "prod": 37.0, "target": 71, "value": 0.13202387329280479, "supply": [{"l": "Wheat", "v": 0.13202387329280479}]}, {"source": 59, "prod": 4.0, "target": 71, "value": 0.0015007634651439394, "supply": [{"l": "Oranges, Mandarines", "v": 0.0015007634651439394}]}, {"source": 24, "prod": 7.0, "target": 71, "value": 0.0053062708231875009, "supply": [{"l": "Crustaceans", "v": 0.0053062708231875009}]}, {"source": 26, "prod": 2.0, "target": 71, "value": 0.00056361114356125533, "supply": [{"l": "Vegetables, Other", "v": 0.00056361114356125533}]}, {"source": 54, "prod": 2.0, "target": 71, "value": 0.00098612112643307534, "supply": [{"l": "Fruits, Other", "v": 0.00098612112643307534}]}, {"source": 40, "prod": 11.0, "target": 71, "value": 0.10700979493428125, "supply": [{"l": "Rape and Mustard Oil", "v": 0.10700979493428125}]}, {"source": 65, "prod": 61.0, "target": 71, "value": 0.35310820387029551, "supply": [{"l": "Rape and Mustardseed", "v": 0.35310820387029551}]}, {"source": 44, "prod": 58.0, "target": 71, "value": 0.043966243963553572, "supply": [{"l": "Fish, Seafood", "v": 0.043966243963553572}]}, {"source": 30, "prod": 2.0, "target": 71, "value": 0.0070750277642500003, "supply": [{"l": "Pimento", "v": 0.0070750277642500003}]}, {"source": 58, "prod": 43.0, "target": 71, "value": 0.038837386450563824, "supply": [{"l": "Demersal Fish", "v": 0.038837386450563824}]}, {"source": 32, "prod": 22.0, "target": 71, "value": 0.1334148092687143, "supply": [{"l": "Oilcrops, Other", "v": 0.1334148092687143}]}, {"source": 19, "prod": 359.0, "target": 71, "value": 1.5568778258809326, "supply": [{"l": "Rice", "v": 1.5568778258809326}]}, {"source": 6, "prod": 5.0, "target": 71, "value": 0.019168026762175116, "supply": [{"l": "Sorghum", "v": 0.019168026762175116}]}, {"source": 12, "prod": 6.0, "target": 71, "value": 0.05788659079840909, "supply": [{"l": "Oilcrops Oil, Other", "v": 0.05788659079840909}]}, {"source": 0, "prod": 3.0, "target": 72, "value": 0.011216190804242203, "supply": [{"l": "Maize", "v": 0.011216190804242203}]}, {"source": 73, "prod": 8.0, "target": 19, "value": 0.034693656287040284, "supply": [{"l": "Rice", "v": 0.034693656287040284}]}, {"source": 73, "prod": 420.0, "target": 20, "value": 1.4986493725129195, "supply": [{"l": "Wheat", "v": 1.4986493725129195}]}, {"source": 31, "prod": 4.0, "target": 72, "value": 0.038811580878171437, "supply": [{"l": "Palm Oil", "v": 0.038811580878171437}]}, {"source": 73, "prod": 16.0, "target": 63, "value": 0.14761080653594316, "supply": [{"l": "Soyabean Oil", "v": 0.13796304140287499}, {"l": "Oilcrops Oil, Other", "v": 0.0096477651330681823}]}, {"source": 11, "prod": 26.0, "target": 72, "value": 0.10619556914448257, "supply": [{"l": "Sugar", "v": 0.10619556914448257}]}, {"source": 1, "prod": 13.0, "target": 55, "value": 0.022993840233812502, "supply": [{"l": "Poultry Meat", "v": 0.022993840233812502}]}, {"source": 1, "prod": 35.0, "target": 49, "value": 0.030321547561071426, "supply": [{"l": "Pelagic Fish", "v": 0.030321547561071426}]}, {"source": 1, "prod": 17.0, "target": 24, "value": 0.01288665771345536, "supply": [{"l": "Crustaceans", "v": 0.01288665771345536}]}, {"source": 1, "prod": 10.0, "target": 25, "value": 0.026531354115937499, "supply": [{"l": "Eggs", "v": 0.029184489527531249}]}, {"source": 1, "prod": 6884.0, "target": 4, "value": 4.9831635259977443, "supply": [{"l": "Milk - Excluding Butter", "v": 4.9831635259977443}]}, {"source": 1, "prod": 65.0, "target": 56, "value": 0.092748263127983191, "supply": [{"l": "Offals, Edible", "v": 0.092748263127983191}]}, {"source": 1, "prod": 69.0, "target": 58, "value": 0.062320457327648932, "supply": [{"l": "Demersal Fish", "v": 0.062320457327648932}]}, {"source": 1, "prod": 150.0, "target": 44, "value": 0.11370580335401786, "supply": [{"l": "Fish, Seafood", "v": 0.11370580335401786}]}, {"source": 1, "prod": 273.0, "target": 60, "value": 0.55626698293639198, "supply": [{"l": "Bovine Meat", "v": 0.55626698293639198}]}, {"source": 1, "prod": 10.0, "target": 45, "value": 0.023583425880833338, "supply": [{"l": "Meat, Other", "v": 0.023583425880833338}]}, {"source": 1, "prod": 30.0, "target": 38, "value": 0.023583425880833331, "supply": [{"l": "Freshwater Fish", "v": 0.023583425880833331}]}, {"source": 1, "prod": 133.0, "target": 47, "value": 0.3252765851119383, "supply": [{"l": "Mutton & Goat Meat", "v": 0.3252765851119383}]}, {"source": 63, "prod": 44.0, "target": 18, "value": 0.44237542020678955, "supply": [{"l": "Fats, Animals, Raw", "v": 0.44237542020678955}]}, {"source": 63, "prod": 1.0, "target": 9, "value": 0.02122508329275, "supply": [{"l": "Ricebran Oil", "v": 0.02122508329275}]}, {"source": 63, "prod": 4.0, "target": 41, "value": 0.028300111057000001, "supply": [{"l": "Sesameseed Oil", "v": 0.028300111057000001}]}, {"source": 63, "prod": 1.0, "target": 51, "value": 0.010107901381133839, "supply": [{"l": "Beverages, Fermented", "v": 0.010107901381133839}]}, {"source": 63, "prod": 43.0, "target": 21, "value": 0.395494052021575, "supply": [{"l": "Soyabean Oil", "v": 0.395494052021575}]}, {"source": 63, "prod": 9.0, "target": 34, "value": 0.076410299853899993, "supply": [{"l": "Coconut Oil", "v": 0.076410299853899993}]}, {"source": 63, "prod": 8.0, "target": 48, "value": 0.02122508329275, "supply": [{"l": "Sweeteners, Other", "v": 0.02122508329275}]}, {"source": 63, "prod": 351.0, "target": 11, "value": 1.4336401834505146, "supply": [{"l": "Sugar", "v": 1.4336401834505146}]}, {"source": 63, "prod": 1.0, "target": 15, "value": 0.0040844449670954831, "supply": [{"l": "Honey", "v": 0.0040844449670954831}]}, {"source": 63, "prod": 64.0, "target": 61, "value": 0.65017691043774362, "supply": [{"l": "Cottonseed Oil", "v": 0.65017691043774362}]}, {"source": 63, "prod": 4.0, "target": 13, "value": 0.040431605524535355, "supply": [{"l": "Beer", "v": 0.040431605524535355}]}, {"source": 63, "prod": 14.0, "target": 57, "value": 0.13714669204546157, "supply": [{"l": "Groundnut Oil", "v": 0.13714669204546157}]}, {"source": 63, "prod": 8.0, "target": 31, "value": 0.077623161756342873, "supply": [{"l": "Palm Oil", "v": 0.077623161756342873}]}, {"source": 63, "prod": 13.0, "target": 12, "value": 0.12542094672988635, "supply": [{"l": "Oilcrops Oil, Other", "v": 0.12542094672988635}]}, {"source": 63, "prod": 1486.0, "target": 16, "value": 6.0694852211038892, "supply": [{"l": "Sugar non-centrifugal", "v": 6.0694852211038892}]}, {"source": 63, "prod": 141.0, "target": 17, "value": 1.4328160474534402, "supply": [{"l": "Butter, Ghee", "v": 1.4328160474534402}]}, {"source": 63, "prod": 47.0, "target": 40, "value": 0.4572236692646563, "supply": [{"l": "Rape and Mustard Oil", "v": 0.4572236692646563}]}, {"source": 63, "prod": 2.0, "target": 68, "value": 0.020215802762267678, "supply": [{"l": "Alcohol, Non-Food", "v": 0.020215802762267678}]}, {"source": 0, "prod": 1784.0, "target": 74, "value": 6.2202133214400002, "supply": [{"l": "Maize", "v": 6.2202133214400002}]}, {"source": 5, "prod": 177.0, "target": 74, "value": 0.61713999881999992, "supply": [{"l": "Barley", "v": 0.61713999881999992}]}, {"source": 19, "prod": 3007.0, "target": 74, "value": 10.484406646619998, "supply": [{"l": "Rice", "v": 10.484406646619998}]}, {"source": 20, "prod": 10252.0, "target": 74, "value": 35.745306598320006, "supply": [{"l": "Wheat", "v": 35.745306598320006}]}, {"source": 22, "prod": 11.0, "target": 74, "value": 0.010958095217142859, "supply": [{"l": "Coconuts - Incl Copra", "v": 0.010958095217142859}]}, {"source": 26, "prod": 977.5, "target": 74, "value": 3.4082166601499999, "supply": [{"l": "Vegetables, Other", "v": 3.4082166601499999}]}, {"source": 27, "prod": 115.0, "target": 74, "value": 0.40096666589999996, "supply": [{"l": "Peas", "v": 0.40096666589999996}]}, {"source": 64, "prod": 9.0, "target": 74, "value": 0.031379999940000007, "supply": [{"l": "Sesame seed", "v": 0.031379999940000007}]}, {"source": 2, "prod": 1041.0, "target": 74, "value": 3.6296199930600004, "supply": [{"l": "Cottonseed", "v": 3.6296199930600004}]}, {"source": 39, "prod": 52.5, "target": 74, "value": 0.18304999965000002, "supply": [{"l": "Groundnuts", "v": 0.18304999965000002}]}, {"source": 32, "prod": 57.5, "target": 74, "value": 0.21003015832857147, "supply": [{"l": "Oilcrops, Other", "v": 0.21003015832857147}]}, {"source": 36, "prod": 1.0, "target": 74, "value": 0.0022829365035714286, "supply": [{"l": "Soyabeans", "v": 0.0022829365035714286}]}, {"source": 37, "prod": 84.0, "target": 74, "value": 0.29287999944000004, "supply": [{"l": "Potatoes", "v": 0.29287999944000004}]}, {"source": 42, "prod": 57.5, "target": 74, "value": 0.20048333295000001, "supply": [{"l": "Beans", "v": 0.20048333295000001}]}, {"source": 7, "prod": 793.5, "target": 74, "value": 2.76666999471, "supply": [{"l": "Pulses, Other", "v": 2.76666999471}]}, {"source": 66, "prod": 18.400000000000002, "target": 74, "value": 0.064154666543999997, "supply": [{"l": "Sugar beet", "v": 0.064154666543999997}]}, {"source": 6, "prod": 583.0, "target": 74, "value": 2.0327266627800005, "supply": [{"l": "Sorghum", "v": 2.0327266627800005}]}, {"source": 33, "prod": 8792.8000000000011, "target": 74, "value": 30.657562608048003, "supply": [{"l": "Sugar cane", "v": 30.657562608048003}]}, {"source": 3, "prod": 828.0, "target": 74, "value": 2.8869599944800002, "supply": [{"l": "Millet", "v": 2.8869599944800002}]}, {"source": 28, "prod": 4.75, "target": 74, "value": 0.026516353832794666, "supply": [{"l": "Sweet potatoes", "v": 0.026516353832794666}]}, {"source": 65, "prod": 203.5, "target": 74, "value": 0.70953666531000004, "supply": [{"l": "Rape and Mustardseed", "v": 0.70953666531000004}]}, {"source": 62, "prod": 199.0, "target": 74, "value": 0.69384666534000006, "supply": [{"l": "Onions", "v": 0.69384666534000006}]}, {"source": 75, "prod": 0, "target": 0, "value": 0.15878983286450235, "supply": "[{\"l\":'Energy for power irrigation',\"v\":0.15878983286450235}]"}, {"source": 75, "prod": 0, "target": 10, "value": 0.0048954264616298373, "supply": "[{\"l\":'Energy for power irrigation',\"v\":0.0048954264616298373}]"}, {"source": 75, "prod": 0, "target": 5, "value": 0.015754372431063295, "supply": "[{\"l\":'Energy for power irrigation',\"v\":0.015754372431063295}]"}, {"source": 75, "prod": 0, "target": 19, "value": 0.26764631582038034, "supply": "[{\"l\":'Energy for power irrigation',\"v\":0.26764631582038034}]"}, {"source": 75, "prod": 0, "target": 20, "value": 0.91250749244780149, "supply": "[{\"l\":'Energy for power irrigation',\"v\":0.91250749244780149}]"}, {"source": 75, "prod": 0, "target": 23, "value": 0.0048954264616298373, "supply": "[{\"l\":'Energy for power irrigation',\"v\":0.0048954264616298373}]"}, {"source": 75, "prod": 0, "target": 26, "value": 0.17401015877247875, "supply": "[{\"l\":'Energy for power irrigation',\"v\":0.17401015877247875}]"}, {"source": 75, "prod": 0, "target": 27, "value": 0.020471783384997499, "supply": "[{\"l\":'Energy for power irrigation',\"v\":0.020471783384997499}]"}, {"source": 75, "prod": 0, "target": 64, "value": 0.0016021395692606738, "supply": "[{\"l\":'Energy for power irrigation',\"v\":0.0016021395692606738}]"}, {"source": 75, "prod": 0, "target": 36, "value": 0.00017801550769563042, "supply": "[{\"l\":'Energy for power irrigation',\"v\":0.00017801550769563042}]"}, {"source": 75, "prod": 0, "target": 29, "value": 0.0072986358155208474, "supply": "[{\"l\":'Energy for power irrigation',\"v\":0.0072986358155208474}]"}, {"source": 75, "prod": 0, "target": 30, "value": 0.0039163411693038689, "supply": "[{\"l\":'Energy for power irrigation',\"v\":0.0039163411693038689}]"}, {"source": 75, "prod": 0, "target": 32, "value": 0.01023589169249875, "supply": "[{\"l\":'Energy for power irrigation',\"v\":0.01023589169249875}]"}, {"source": 75, "prod": 0, "target": 35, "value": 0.026524310646648931, "supply": "[{\"l\":'Energy for power irrigation',\"v\":0.026524310646648931}]"}, {"source": 75, "prod": 0, "target": 2, "value": 0.18531414351115127, "supply": "[{\"l\":'Energy for power irrigation',\"v\":0.18531414351115127}]"}, {"source": 75, "prod": 0, "target": 37, "value": 0.029906605292865915, "supply": "[{\"l\":'Energy for power irrigation',\"v\":0.029906605292865915}]"}, {"source": 75, "prod": 0, "target": 39, "value": 0.0093458141540205958, "supply": "[{\"l\":'Energy for power irrigation',\"v\":0.0093458141540205958}]"}, {"source": 75, "prod": 0, "target": 42, "value": 0.01023589169249875, "supply": "[{\"l\":'Energy for power irrigation',\"v\":0.01023589169249875}]"}, {"source": 75, "prod": 0, "target": 43, "value": 0.0038273334154560541, "supply": "[{\"l\":'Energy for power irrigation',\"v\":0.0038273334154560541}]"}, {"source": 75, "prod": 0, "target": 66, "value": 0.0081887133539989988, "supply": "[{\"l\":'Energy for power irrigation',\"v\":0.0081887133539989988}]"}, {"source": 75, "prod": 0, "target": 46, "value": 0.0033822946462169785, "supply": "[{\"l\":'Energy for power irrigation',\"v\":0.0033822946462169785}]"}, {"source": 75, "prod": 0, "target": 6, "value": 0.051891520493276271, "supply": "[{\"l\":'Energy for power irrigation',\"v\":0.051891520493276271}]"}, {"source": 75, "prod": 0, "target": 33, "value": 3.9131368901653478, "supply": "[{\"l\":'Energy for power irrigation',\"v\":3.9131368901653478}]"}, {"source": 75, "prod": 0, "target": 50, "value": 0.0090787908924771527, "supply": "[{\"l\":'Energy for power irrigation',\"v\":0.0090787908924771527}]"}, {"source": 75, "prod": 0, "target": 52, "value": 0.00071206203078252167, "supply": "[{\"l\":'Energy for power irrigation',\"v\":0.00071206203078252167}]"}, {"source": 75, "prod": 0, "target": 54, "value": 0.17641336812636976, "supply": "[{\"l\":'Energy for power irrigation',\"v\":0.17641336812636976}]"}, {"source": 75, "prod": 0, "target": 3, "value": 0.073698420185991001, "supply": "[{\"l\":'Energy for power irrigation',\"v\":0.073698420185991001}]"}, {"source": 75, "prod": 0, "target": 28, "value": 0.0016911473231084892, "supply": "[{\"l\":'Energy for power irrigation',\"v\":0.0016911473231084892}]"}, {"source": 75, "prod": 0, "target": 65, "value": 0.036226155816060791, "supply": "[{\"l\":'Energy for power irrigation',\"v\":0.036226155816060791}]"}, {"source": 75, "prod": 0, "target": 59, "value": 0.08064102498612058, "supply": "[{\"l\":'Energy for power irrigation',\"v\":0.08064102498612058}]"}, {"source": 75, "prod": 0, "target": 62, "value": 0.03542508603143045, "supply": "[{\"l\":'Energy for power irrigation',\"v\":0.03542508603143045}]"}, {"source": 75, "prod": 0, "target": 7, "value": 0.14125530535648276, "supply": "[{\"l\":'Energy for power irrigation',\"v\":0.14125530535648276}]"}, {"source": 75, "prod": 0, "target": 63, "value": 1.0383335593106802, "supply": "[{\"l\":'Electricity',\"v\":1.0383335593106802}]"}, {"source": 76, "prod": 0, "target": 75, "value": 8.9106751893764731, "supply": [{"l": "Coal", "v": 0.20411338260761766}, {"l": "Natural gas", "v": 7.9558705586360068}, {"l": "Oil", "v": 0.7506912481328486}]}, {"source": 77, "prod": 0, "target": 75, "value": 3.8477009332622583, "supply": [{"l": "Nuclear", "v": 0.15772892441212275}, {"l": "Hydroelectric", "v": 3.6899720088501353}, {"l": "Renewable", "v": 0.0}]}, {"source": 76, "prod": 0, "target": 0, "value": 0.12583352515278359, "supply": [{"l": "Gas-Diesel oil", "v": 0.08359456654958114}, {"l": "Fuel oil", "v": 0.0008375119695091947}, {"l": "Other fossil fuels", "v": 0.041401446633693273}]}, {"source": 76, "prod": 0, "target": 10, "value": 0.0038793967956295395, "supply": [{"l": "Gas-Diesel oil", "v": 0.0025771867490061448}, {"l": "Fuel oil", "v": 2.5820156010653425e-05}, {"l": "Other fossil fuels", "v": 0.0012763898906127411}]}, {"source": 76, "prod": 0, "target": 5, "value": 0.012484604233207791, "supply": [{"l": "Gas-Diesel oil", "v": 0.0082938555377106843}, {"l": "Fuel oil", "v": 8.3093956616102845e-05}, {"l": "Other fossil fuels", "v": 0.0041076547388810029}]}, {"source": 76, "prod": 0, "target": 19, "value": 0.21209720299014592, "supply": [{"l": "Gas-Diesel oil", "v": 0.14090182825929959}, {"l": "Fuel oil", "v": 0.0014116583477097246}, {"l": "Other fossil fuels", "v": 0.069783716383136588}]}, {"source": 76, "prod": 0, "target": 20, "value": 0.72311956270534605, "supply": [{"l": "Gas-Diesel oil", "v": 0.48038761001474534}, {"l": "Fuel oil", "v": 0.004812877080385798}, {"l": "Other fossil fuels", "v": 0.23791907561021491}]}, {"source": 76, "prod": 0, "target": 23, "value": 0.0038793967956295395, "supply": [{"l": "Gas-Diesel oil", "v": 0.0025771867490061448}, {"l": "Fuel oil", "v": 2.5820156010653425e-05}, {"l": "Other fossil fuels", "v": 0.0012763898906127411}]}, {"source": 76, "prod": 0, "target": 26, "value": 0.1378949224628318, "supply": [{"l": "Gas-Diesel oil", "v": 0.091607274441945691}, {"l": "Fuel oil", "v": 0.00091778918183322634}, {"l": "Other fossil fuels", "v": 0.045369858839052882}]}, {"source": 76, "prod": 0, "target": 27, "value": 0.0162229320544508, "supply": [{"l": "Gas-Diesel oil", "v": 0.010777326404934787}, {"l": "Fuel oil", "v": 0.00010797519786273251}, {"l": "Other fossil fuels", "v": 0.0053376304516532811}]}, {"source": 76, "prod": 0, "target": 64, "value": 0.0012696207694787584, "supply": [{"l": "Gas-Diesel oil", "v": 0.00084344293603837476}, {"l": "Fuel oil", "v": 8.450232876213849e-06}, {"l": "Other fossil fuels", "v": 0.0004177276005641698}]}, {"source": 76, "prod": 0, "target": 36, "value": 0.00014106897438652871, "supply": [{"l": "Gas-Diesel oil", "v": 9.3715881782041637e-05}, {"l": "Fuel oil", "v": 9.3891476402376097e-07}, {"l": "Other fossil fuels", "v": 4.641417784046331e-05}]}, {"source": 76, "prod": 0, "target": 29, "value": 0.0057838279498476763, "supply": [{"l": "Gas-Diesel oil", "v": 0.0038423511530637066}, {"l": "Fuel oil", "v": 3.8495505324974197e-05}, {"l": "Other fossil fuels", "v": 0.0019029812914589956}]}, {"source": 76, "prod": 0, "target": 30, "value": 0.0031035174365036311, "supply": [{"l": "Gas-Diesel oil", "v": 0.0020617493992049155}, {"l": "Fuel oil", "v": 2.0656124808522739e-05}, {"l": "Other fossil fuels", "v": 0.0010211119124901927}]}, {"source": 76, "prod": 0, "target": 32, "value": 0.0081114660272254002, "supply": [{"l": "Gas-Diesel oil", "v": 0.0053886632024673937}, {"l": "Fuel oil", "v": 5.3987598931366257e-05}, {"l": "Other fossil fuels", "v": 0.0026688152258266405}]}, {"source": 76, "prod": 0, "target": 35, "value": 0.021019277183592776, "supply": [{"l": "Gas-Diesel oil", "v": 0.013963666385524202}, {"l": "Fuel oil", "v": 0.00013989829983954036}, {"l": "Other fossil fuels", "v": 0.0069157124982290328}]}, {"source": 76, "prod": 0, "target": 2, "value": 0.14685280233637638, "supply": [{"l": "Gas-Diesel oil", "v": 0.097558232935105335}, {"l": "Fuel oil", "v": 0.00097741026934873511}, {"l": "Other fossil fuels", "v": 0.048317159131922305}]}, {"source": 76, "prod": 0, "target": 37, "value": 0.023699587696936825, "supply": [{"l": "Gas-Diesel oil", "v": 0.015744268139382993}, {"l": "Fuel oil", "v": 0.00015773768035599184}, {"l": "Other fossil fuels", "v": 0.0077975818771978365}]}, {"source": 76, "prod": 0, "target": 39, "value": 0.007406121155292756, "supply": [{"l": "Gas-Diesel oil", "v": 0.0049200837935571848}, {"l": "Fuel oil", "v": 4.9293025111247443e-05}, {"l": "Other fossil fuels", "v": 0.0024367443366243237}]}, {"source": 76, "prod": 0, "target": 42, "value": 0.0081114660272254002, "supply": [{"l": "Gas-Diesel oil", "v": 0.0053886632024673937}, {"l": "Fuel oil", "v": 5.3987598931366257e-05}, {"l": "Other fossil fuels", "v": 0.0026688152258266405}]}, {"source": 76, "prod": 0, "target": 43, "value": 0.0030329829493103669, "supply": [{"l": "Gas-Diesel oil", "v": 0.0020148914583138951}, {"l": "Fuel oil", "v": 2.0186667426510858e-05}, {"l": "Other fossil fuels", "v": 0.00099790482356996112}]}, {"source": 76, "prod": 0, "target": 66, "value": 0.0064891728217803197, "supply": [{"l": "Gas-Diesel oil", "v": 0.0043109305619739146}, {"l": "Fuel oil", "v": 4.3190079145092998e-05}, {"l": "Other fossil fuels", "v": 0.002135052180661312}]}, {"source": 76, "prod": 0, "target": 46, "value": 0.0026803105133440456, "supply": [{"l": "Gas-Diesel oil", "v": 0.0017806017538587911}, {"l": "Fuel oil", "v": 1.7839380516451457e-05}, {"l": "Other fossil fuels", "v": 0.00088186937896880292}]}, {"source": 76, "prod": 0, "target": 6, "value": 0.041121606033673118, "supply": [{"l": "Gas-Diesel oil", "v": 0.027318179539465134}, {"l": "Fuel oil", "v": 0.00027369365371292633}, {"l": "Other fossil fuels", "v": 0.013529732840495055}]}, {"source": 76, "prod": 0, "target": 33, "value": 3.1009781949646738, "supply": [{"l": "Gas-Diesel oil", "v": 2.0600625133328392}, {"l": "Fuel oil", "v": 0.020639224342770313}, {"l": "Other fossil fuels", "v": 1.0202764572890644}]}, {"source": 76, "prod": 0, "target": 50, "value": 0.0071945176937129639, "supply": [{"l": "Gas-Diesel oil", "v": 0.0047795099708841235}, {"l": "Fuel oil", "v": 4.7884652965211805e-05}, {"l": "Other fossil fuels", "v": 0.0023671230698636288}]}, {"source": 76, "prod": 0, "target": 52, "value": 0.00056427589754611484, "supply": [{"l": "Gas-Diesel oil", "v": 0.00037486352712816655}, {"l": "Fuel oil", "v": 3.7556590560950439e-06}, {"l": "Other fossil fuels", "v": 0.00018565671136185324}]}, {"source": 76, "prod": 0, "target": 54, "value": 0.13979935361704995, "supply": [{"l": "Gas-Diesel oil", "v": 0.092872438846003255}, {"l": "Fuel oil", "v": 0.00093046453114754705}, {"l": "Other fossil fuels", "v": 0.045996450239899143}]}, {"source": 76, "prod": 0, "target": 3, "value": 0.058402555396022883, "supply": [{"l": "Gas-Diesel oil", "v": 0.038798375057765233}, {"l": "Fuel oil", "v": 0.00038871071230583699}, {"l": "Other fossil fuels", "v": 0.01921546962595181}]}, {"source": 76, "prod": 0, "target": 28, "value": 0.0013401552566720228, "supply": [{"l": "Gas-Diesel oil", "v": 0.00089030087692939554}, {"l": "Fuel oil", "v": 8.9196902582257287e-06}, {"l": "Other fossil fuels", "v": 0.00044093468948440146}]}, {"source": 76, "prod": 0, "target": 65, "value": 0.028707536287658594, "supply": [{"l": "Gas-Diesel oil", "v": 0.019071181942645472}, {"l": "Fuel oil", "v": 0.00019106915447883536}, {"l": "Other fossil fuels", "v": 0.009445285190534284}]}, {"source": 76, "prod": 0, "target": 59, "value": 0.063904245397097492, "supply": [{"l": "Gas-Diesel oil", "v": 0.042453294447264853}, {"l": "Fuel oil", "v": 0.00042532838810276368}, {"l": "Other fossil fuels", "v": 0.021025622561729879}]}, {"source": 76, "prod": 0, "target": 62, "value": 0.028072725902919211, "supply": [{"l": "Gas-Diesel oil", "v": 0.018649460474626282}, {"l": "Fuel oil", "v": 0.00018684403804072842}, {"l": "Other fossil fuels", "v": 0.0092364213902521985}]}, {"source": 76, "prod": 0, "target": 7, "value": 0.11193823117571053, "supply": [{"l": "Gas-Diesel oil", "v": 0.074363552194050039}, {"l": "Fuel oil", "v": 0.00074502886525285429}, {"l": "Other fossil fuels", "v": 0.036829650116407639}]}, {"source": 78, "prod": 4.7372496304766161, "target": 0, "value": 0.082338112205139743, "supply": [{"l": "Potash", "v": 0.00054354444487927998}, {"l": "Phosphate", "v": 0.053769875043015898}, {"l": "Nitrogen", "v": 3.2555494609377726}]}, {"source": 78, "prod": 0.14604749421312438, "target": 10, "value": 0.002538450768656214, "supply": [{"l": "Potash", "v": 0.00054354444487927998}, {"l": "Phosphate", "v": 0.053769875043015898}, {"l": "Nitrogen", "v": 3.2555494609377726}]}, {"source": 78, "prod": 0.47000739046769113, "target": 5, "value": 0.008169196110039089, "supply": [{"l": "Potash", "v": 0.00054354444487927998}, {"l": "Phosphate", "v": 0.053769875043015898}, {"l": "Nitrogen", "v": 3.2555494609377726}]}, {"source": 78, "prod": 7.9848148199793636, "target": 19, "value": 0.13878402656998612, "supply": [{"l": "Potash", "v": 0.00054354444487927998}, {"l": "Phosphate", "v": 0.053769875043015898}, {"l": "Nitrogen", "v": 3.2555494609377726}]}, {"source": 78, "prod": 27.223252921326377, "target": 20, "value": 0.47316722327751826, "supply": [{"l": "Potash", "v": 0.00054354444487927998}, {"l": "Phosphate", "v": 0.053769875043015898}, {"l": "Nitrogen", "v": 3.2555494609377726}]}, {"source": 78, "prod": 0.14604749421312438, "target": 23, "value": 0.002538450768656214, "supply": [{"l": "Potash", "v": 0.00054354444487927998}, {"l": "Phosphate", "v": 0.053769875043015898}, {"l": "Nitrogen", "v": 3.2555494609377726}]}, {"source": 78, "prod": 5.191324567030148, "target": 26, "value": 0.090230386413143612, "supply": [{"l": "Potash", "v": 0.00054354444487927998}, {"l": "Phosphate", "v": 0.053769875043015898}, {"l": "Nitrogen", "v": 3.2555494609377726}]}, {"source": 78, "prod": 0.61074406670942916, "target": 27, "value": 0.010615339578016894, "supply": [{"l": "Potash", "v": 0.00054354444487927998}, {"l": "Phosphate", "v": 0.053769875043015898}, {"l": "Nitrogen", "v": 3.2555494609377726}]}, {"source": 78, "prod": 0.047797361742477062, "target": 64, "value": 0.00083076570610567005, "supply": [{"l": "Potash", "v": 0.00054354444487927998}, {"l": "Phosphate", "v": 0.053769875043015898}, {"l": "Nitrogen", "v": 3.2555494609377726}]}, {"source": 78, "prod": 0.0053108179713863401, "target": 36, "value": 9.2307300678407786e-05, "supply": [{"l": "Potash", "v": 0.00054354444487927998}, {"l": "Phosphate", "v": 0.053769875043015898}, {"l": "Nitrogen", "v": 3.2555494609377726}]}, {"source": 78, "prod": 0.21774353682683995, "target": 29, "value": 0.003784599327814719, "supply": [{"l": "Potash", "v": 0.00054354444487927998}, {"l": "Phosphate", "v": 0.053769875043015898}, {"l": "Nitrogen", "v": 3.2555494609377726}]}, {"source": 78, "prod": 0.11683799537049948, "target": 30, "value": 0.0020307606149249711, "supply": [{"l": "Potash", "v": 0.00054354444487927998}, {"l": "Phosphate", "v": 0.053769875043015898}, {"l": "Nitrogen", "v": 3.2555494609377726}]}, {"source": 78, "prod": 0.30537203335471458, "target": 32, "value": 0.0053076697890084472, "supply": [{"l": "Potash", "v": 0.00054354444487927998}, {"l": "Phosphate", "v": 0.053769875043015898}, {"l": "Nitrogen", "v": 3.2555494609377726}]}, {"source": 78, "prod": 0.79131187773656464, "target": 35, "value": 0.013753787801082759, "supply": [{"l": "Potash", "v": 0.00054354444487927998}, {"l": "Phosphate", "v": 0.053769875043015898}, {"l": "Nitrogen", "v": 3.2555494609377726}]}, {"source": 78, "prod": 5.5285615082131798, "target": 2, "value": 0.096091900006222503, "supply": [{"l": "Potash", "v": 0.00054354444487927998}, {"l": "Phosphate", "v": 0.053769875043015898}, {"l": "Nitrogen", "v": 3.2555494609377726}]}, {"source": 78, "prod": 0.8922174191929052, "target": 37, "value": 0.015507626513972509, "supply": [{"l": "Potash", "v": 0.00054354444487927998}, {"l": "Phosphate", "v": 0.053769875043015898}, {"l": "Nitrogen", "v": 3.2555494609377726}]}, {"source": 78, "prod": 0.27881794349778283, "target": 39, "value": 0.004846133285616408, "supply": [{"l": "Potash", "v": 0.00054354444487927998}, {"l": "Phosphate", "v": 0.053769875043015898}, {"l": "Nitrogen", "v": 3.2555494609377726}]}, {"source": 78, "prod": 0.30537203335471458, "target": 42, "value": 0.0053076697890084472, "supply": [{"l": "Potash", "v": 0.00054354444487927998}, {"l": "Phosphate", "v": 0.053769875043015898}, {"l": "Nitrogen", "v": 3.2555494609377726}]}, {"source": 78, "prod": 0.11418258638480631, "target": 43, "value": 0.0019846069645857675, "supply": [{"l": "Potash", "v": 0.00054354444487927998}, {"l": "Phosphate", "v": 0.053769875043015898}, {"l": "Nitrogen", "v": 3.2555494609377726}]}, {"source": 78, "prod": 0.24429762668377164, "target": 66, "value": 0.0042461358312067578, "supply": [{"l": "Potash", "v": 0.00054354444487927998}, {"l": "Phosphate", "v": 0.053769875043015898}, {"l": "Nitrogen", "v": 3.2555494609377726}]}, {"source": 78, "prod": 0.10090554145634047, "target": 46, "value": 0.0017538387128897479, "supply": [{"l": "Potash", "v": 0.00054354444487927998}, {"l": "Phosphate", "v": 0.053769875043015898}, {"l": "Nitrogen", "v": 3.2555494609377726}]}, {"source": 78, "prod": 1.5481034386591181, "target": 6, "value": 0.026907578147755868, "supply": [{"l": "Potash", "v": 0.00054354444487927998}, {"l": "Phosphate", "v": 0.053769875043015898}, {"l": "Nitrogen", "v": 3.2555494609377726}]}, {"source": 78, "prod": 116.74240064701453, "target": 33, "value": 2.0290990835127598, "supply": [{"l": "Potash", "v": 0.00054354444487927998}, {"l": "Phosphate", "v": 0.053769875043015898}, {"l": "Nitrogen", "v": 3.2555494609377726}]}, {"source": 78, "prod": 0.27085171654070339, "target": 50, "value": 0.004707672334598797, "supply": [{"l": "Potash", "v": 0.00054354444487927998}, {"l": "Phosphate", "v": 0.053769875043015898}, {"l": "Nitrogen", "v": 3.2555494609377726}]}, {"source": 78, "prod": 0.02124327188554536, "target": 52, "value": 0.00036922920271363114, "supply": [{"l": "Potash", "v": 0.00054354444487927998}, {"l": "Phosphate", "v": 0.053769875043015898}, {"l": "Nitrogen", "v": 3.2555494609377726}]}, {"source": 78, "prod": 5.2630206096438634, "target": 54, "value": 0.091476534972302112, "supply": [{"l": "Potash", "v": 0.00054354444487927998}, {"l": "Phosphate", "v": 0.053769875043015898}, {"l": "Nitrogen", "v": 3.2555494609377726}]}, {"source": 78, "prod": 2.1986786401539451, "target": 3, "value": 0.038215222480860823, "supply": [{"l": "Potash", "v": 0.00054354444487927998}, {"l": "Phosphate", "v": 0.053769875043015898}, {"l": "Nitrogen", "v": 3.2555494609377726}]}, {"source": 78, "prod": 0.050452770728170233, "target": 28, "value": 0.00087691935644487393, "supply": [{"l": "Potash", "v": 0.00054354444487927998}, {"l": "Phosphate", "v": 0.053769875043015898}, {"l": "Nitrogen", "v": 3.2555494609377726}]}, {"source": 78, "prod": 1.0807514571771204, "target": 65, "value": 0.018784535688055985, "supply": [{"l": "Potash", "v": 0.00054354444487927998}, {"l": "Phosphate", "v": 0.053769875043015898}, {"l": "Nitrogen", "v": 3.2555494609377726}]}, {"source": 78, "prod": 2.4058005410380119, "target": 59, "value": 0.041815207207318725, "supply": [{"l": "Potash", "v": 0.00054354444487927998}, {"l": "Phosphate", "v": 0.053769875043015898}, {"l": "Nitrogen", "v": 3.2555494609377726}]}, {"source": 78, "prod": 1.0568527763058817, "target": 62, "value": 0.018369152835003146, "supply": [{"l": "Potash", "v": 0.00054354444487927998}, {"l": "Phosphate", "v": 0.053769875043015898}, {"l": "Nitrogen", "v": 3.2555494609377726}]}, {"source": 78, "prod": 4.214134060295061, "target": 7, "value": 0.073245843088316581, "supply": [{"l": "Potash", "v": 0.00054354444487927998}, {"l": "Phosphate", "v": 0.053769875043015898}, {"l": "Nitrogen", "v": 3.2555494609377726}]}, {"source": 76, "prod": 0, "target": 78, "value": 3.8984980714883717, "supply": [{"l": "Natural gas (including LNG)", "v": 2.6550108254746374}, {"l": "Fuel oil", "v": 0.66799990528745434}, {"l": "Liquefied petroleum gas (LPG)", "v": 0.28774367036313986}, {"l": "Coal", "v": 0.28774367036313986}]}, {"source": 79, "prod": 0, "target": 0, "value": 0.13282345255454164, "supply": "[{\"l\":'Labor',\"v\":0.13282345255454164}]"}, {"source": 79, "prod": 0, "target": 10, "value": 0.004094893436378806, "supply": "[{\"l\":'Labor',\"v\":0.004094893436378806}]"}, {"source": 79, "prod": 0, "target": 14, "value": 7.445260793416011e-05, "supply": "[{\"l\":'Labor',\"v\":7.445260793416011e-05}]"}, {"source": 79, "prod": 0, "target": 5, "value": 0.01317811160434634, "supply": "[{\"l\":'Labor',\"v\":0.01317811160434634}]"}, {"source": 79, "prod": 0, "target": 19, "value": 0.22387899205801945, "supply": "[{\"l\":'Labor',\"v\":0.22387899205801945}]"}, {"source": 79, "prod": 0, "target": 20, "value": 0.76328813654100935, "supply": "[{\"l\":'Labor',\"v\":0.76328813654100935}]"}, {"source": 79, "prod": 0, "target": 22, "value": 0.0016379573745515222, "supply": "[{\"l\":'Labor',\"v\":0.0016379573745515222}]"}, {"source": 79, "prod": 0, "target": 23, "value": 0.004094893436378806, "supply": "[{\"l\":'Labor',\"v\":0.004094893436378806}]"}, {"source": 79, "prod": 0, "target": 26, "value": 0.145554848511283, "supply": "[{\"l\":'Labor',\"v\":0.145554848511283}]"}, {"source": 79, "prod": 0, "target": 27, "value": 0.017124099824856825, "supply": "[{\"l\":'Labor',\"v\":0.017124099824856825}]"}, {"source": 79, "prod": 0, "target": 64, "value": 0.0013401469428148821, "supply": "[{\"l\":'Labor',\"v\":0.0013401469428148821}]"}, {"source": 79, "prod": 0, "target": 36, "value": 0.00014890521586832022, "supply": "[{\"l\":'Labor',\"v\":0.00014890521586832022}]"}, {"source": 79, "prod": 0, "target": 29, "value": 0.0061051138506011291, "supply": "[{\"l\":'Labor',\"v\":0.0061051138506011291}]"}, {"source": 79, "prod": 0, "target": 30, "value": 0.0032759147491030443, "supply": "[{\"l\":'Labor',\"v\":0.0032759147491030443}]"}, {"source": 79, "prod": 0, "target": 32, "value": 0.0085620499124284127, "supply": "[{\"l\":'Labor',\"v\":0.0085620499124284127}]"}, {"source": 79, "prod": 0, "target": 35, "value": 0.022186877164379712, "supply": "[{\"l\":'Labor',\"v\":0.022186877164379712}]"}, {"source": 79, "prod": 0, "target": 2, "value": 0.15501032971892134, "supply": "[{\"l\":'Labor',\"v\":0.15501032971892134}]"}, {"source": 79, "prod": 0, "target": 37, "value": 0.025016076265877797, "supply": "[{\"l\":'Labor',\"v\":0.025016076265877797}]"}, {"source": 79, "prod": 0, "target": 39, "value": 0.0078175238330868112, "supply": "[{\"l\":'Labor',\"v\":0.0078175238330868112}]"}, {"source": 79, "prod": 0, "target": 65, "value": 0.030302211429203165, "supply": "[{\"l\":'Labor',\"v\":0.030302211429203165}]"}, {"source": 79, "prod": 0, "target": 42, "value": 0.0085620499124284127, "supply": "[{\"l\":'Labor',\"v\":0.0085620499124284127}]"}, {"source": 79, "prod": 0, "target": 7, "value": 0.1181562887915121, "supply": "[{\"l\":'Labor',\"v\":0.1181562887915121}]"}, {"source": 79, "prod": 0, "target": 66, "value": 0.0068496399299427298, "supply": "[{\"l\":'Labor',\"v\":0.0068496399299427298}]"}, {"source": 79, "prod": 0, "target": 46, "value": 0.0028291991014980844, "supply": "[{\"l\":'Labor',\"v\":0.0028291991014980844}]"}, {"source": 79, "prod": 0, "target": 6, "value": 0.043405870425615341, "supply": "[{\"l\":'Labor',\"v\":0.043405870425615341}]"}, {"source": 79, "prod": 0, "target": 33, "value": 3.2732344552174149, "supply": "[{\"l\":'Labor',\"v\":3.2732344552174149}]"}, {"source": 79, "prod": 0, "target": 50, "value": 0.0075941660092843314, "supply": "[{\"l\":'Labor',\"v\":0.0075941660092843314}]"}, {"source": 79, "prod": 0, "target": 52, "value": 0.00059562086347328088, "supply": "[{\"l\":'Labor',\"v\":0.00059562086347328088}]"}, {"source": 79, "prod": 0, "target": 53, "value": 0.0016379573745515222, "supply": "[{\"l\":'Labor',\"v\":0.0016379573745515222}]"}, {"source": 79, "prod": 0, "target": 54, "value": 0.14756506892550533, "supply": "[{\"l\":'Labor',\"v\":0.14756506892550533}]"}, {"source": 79, "prod": 0, "target": 3, "value": 0.06164675936948457, "supply": "[{\"l\":'Labor',\"v\":0.06164675936948457}]"}, {"source": 79, "prod": 0, "target": 28, "value": 0.0014145995507490422, "supply": "[{\"l\":'Labor',\"v\":0.0014145995507490422}]"}, {"source": 79, "prod": 0, "target": 59, "value": 0.067454062788349048, "supply": "[{\"l\":'Labor',\"v\":0.067454062788349048}]"}, {"source": 79, "prod": 0, "target": 62, "value": 0.029632137957795721, "supply": "[{\"l\":'Labor',\"v\":0.029632137957795721}]"}, {"source": 79, "prod": 0, "target": 43, "value": 0.0032014621411688847, "supply": "[{\"l\":'Labor',\"v\":0.0032014621411688847}]"}, {"source": 76, "prod": 0, "target": 70, "value": 1.7010154361148542, "supply": "[{\"l\":'Fossil Fuels',\"v\":1.7010154361148542}]"}, {"source": 77, "prod": 0, "target": 70, "value": 3.0800820870829022, "supply": "[{\"l\":'Renewables & Nuclear',\"v\":0.102796646217003},{\"l\":'Biomass & Waste',\"v\":2.9772854408658991}]"}]}