{"nodes": [{"layer": 5, "name": "Maize"}, {"layer": 10, "name": "Feed", "fill": "#dbdb8d"}, {"layer": 5, "name": "Cottonseed"}, {"layer": 5, "name": "Millet"}, {"layer": 13, "name": "Milk - Excluding Butter"}, {"layer": 5, "name": "Barley"}, {"layer": 5, "name": "Sorghum"}, {"layer": 5, "name": "Pulses, Other"}, {"layer": 16, "name": "Food", "fill": "#b5cf6b"}, {"layer": 13, "name": "Ricebran Oil"}, {"layer": 5, "name": "Nuts"}, {"layer": 13, "name": "Sugar", "fill": "#d6616b"}, {"layer": 13, "name": "Oilcrops Oil, Other"}, {"layer": 13, "name": "Beer"}, {"layer": 13, "name": "Groundnut Oil"}, {"layer": 13, "name": "Honey"}, {"layer": 13, "name": "Sugar non-centrifugal"}, {"layer": 13, "name": "Butter, Ghee"}, {"layer": 13, "name": "Fats, Animals, Raw"}, {"layer": 5, "name": "Rice"}, {"layer": 5, "name": "Wheat"}, {"layer": 13, "name": "Soyabean Oil"}, {"layer": 5, "name": "Coconuts - Incl Copra"}, {"layer": 5, "name": "Treenuts"}, {"layer": 13, "name": "Crustaceans"}, {"layer": 13, "name": "Eggs"}, {"layer": 5, "name": "Vegetables, Other"}, {"layer": 5, "name": "Peas"}, {"layer": 5, "name": "Grapes"}, {"layer": 5, "name": "Pimento"}, {"layer": 5, "name": "Oilcrops, Other"}, {"layer": 5, "name": "Sugar cane"}, {"layer": 13, "name": "Coconut Oil"}, {"layer": 5, "name": "Dates"}, {"layer": 5, "name": "Potatoes"}, {"layer": 13, "name": "Freshwater Fish"}, {"layer": 5, "name": "Groundnuts"}, {"layer": 13, "name": "Rape and Mustard Oil"}, {"layer": 13, "name": "Sesameseed Oil"}, {"layer": 5, "name": "Beans"}, {"layer": 5, "name": "Apples"}, {"layer": 13, "name": "Fish, Seafood"}, {"layer": 13, "name": "Meat, Other"}, {"layer": 5, "name": "Lemons, Limes"}, {"layer": 13, "name": "Mutton & Goat Meat"}, {"layer": 13, "name": "Sweeteners, Other"}, {"layer": 13, "name": "Pelagic Fish"}, {"layer": 5, "name": "Bananas"}, {"layer": 5, "name": "Spices, Other"}, {"layer": 5, "name": "Tea"}, {"layer": 5, "name": "Fruits, Other"}, {"layer": 13, "name": "Poultry Meat"}, {"layer": 13, "name": "Offals, Edible"}, {"layer": 5, "name": "Sweet potatoes"}, {"layer": 13, "name": "Demersal Fish"}, {"layer": 5, "name": "Oranges, Mandarines"}, {"layer": 13, "name": "Bovine Meat"}, {"layer": 13, "name": "Cottonseed Oil"}, {"layer": 5, "name": "Onions"}, {"layer": 10, "name": "Processing", "fill": "#9edae5"}, {"layer": 5, "name": "Sesame seed"}, {"layer": 5, "name": "Rape and Mustardseed"}, {"layer": 5, "name": "Sugar beet"}, {"layer": 16, "name": "Biofuels & Other", "fill": "#e7ba52"}, {"layer": 13, "name": "Alcohol, Non-Food"}, {"name": "Waste", "fill": "#c7c7c7"}, {"layer": 2, "name": "Import", "fill": "#aec7e8"}, {"layer": 16, "name": "Export", "fill": "#aec7e8"}, {"layer": 5, "name": "Grapefruit"}, {"layer": 0, "name": "Stock Draw", "fill": "#c7c7c7"}, {"layer": 16, "name": "Stock Deposit", "fill": "#c7c7c7"}, {"layer": 2, "name": "Electricity", "fill": "#bcbd22"}, {"layer": 0, "name": "Fossil Fuels", "fill": "#c49c94"}, {"layer": 0, "name": "Renewables & Nuclear", "fill": "#2ca02c"}, {"layer": 2, "name": "Fertilizers", "fill": "#c5b0d5"}, {"layer": 0, "name": "Labor", "fill": "#7f7f7f"}], "links": [{"source": 0, "prod": 24.0, "target": 1, "value": 0.090106485676768863, "supply": [{"l": "Maize", "v": 0.090106485676768863}]}, {"source": 2, "prod": 183.0, "target": 1, "value": 1.1145937217818893, "supply": [{"l": "Cottonseed", "v": 1.1145937217818893}]}, {"source": 3, "prod": 21.0, "target": 1, "value": 0.084900333171, "supply": [{"l": "Millet", "v": 0.084900333171}]}, {"source": 4, "prod": 303.0, "target": 1, "value": 0.21854448601677251, "supply": [{"l": "Milk - Excluding Butter", "v": 0.21854448601677251}]}, {"source": 5, "prod": 53.0, "target": 1, "value": 0.16362609665683636, "supply": [{"l": "Barley", "v": 0.16362609665683636}]}, {"source": 6, "prod": 13.0, "target": 1, "value": 0.04922624951464085, "supply": [{"l": "Sorghum", "v": 0.04922624951464085}]}, {"source": 7, "prod": 156.0, "target": 1, "value": 0.63828684215306031, "supply": [{"l": "Pulses, Other", "v": 0.63828684215306031}]}, {"source": 0, "prod": 406.0, "target": 8, "value": 1.5243013826986733, "supply": [{"l": "Maize", "v": 1.5243013826986733}]}, {"source": 9, "prod": 1.0, "target": 8, "value": 0.02122508329275, "supply": [{"l": "Ricebran Oil", "v": 0.02122508329275}]}, {"source": 10, "prod": 22.0, "target": 8, "value": 0.060906760753108705, "supply": [{"l": "Nuts", "v": 0.060906760753108705}]}, {"source": 11, "prod": 187.0, "target": 8, "value": 0.76447464396630505, "supply": [{"l": "Sugar", "v": 0.76447464396630505}]}, {"source": 12, "prod": 1.0, "target": 8, "value": 0.010107182520357146, "supply": [{"l": "Oilcrops Oil, Other", "v": 0.010107182520357146}]}, {"source": 13, "prod": 4.0, "target": 8, "value": 0.040368280425206349, "supply": [{"l": "Beer", "v": 0.040368280425206349}]}, {"source": 14, "prod": 2.0, "target": 8, "value": 0.0169800666342, "supply": [{"l": "Groundnut Oil", "v": 0.0169800666342}]}, {"source": 5, "prod": 27.0, "target": 8, "value": 0.083356690749709084, "supply": [{"l": "Barley", "v": 0.083356690749709084}]}, {"source": 15, "prod": 1.0, "target": 8, "value": 0.0040880997003545725, "supply": [{"l": "Honey", "v": 0.0040880997003545725}]}, {"source": 16, "prod": 984.0, "target": 8, "value": 4.0226901051488992, "supply": [{"l": "Sugar non-centrifugal", "v": 4.0226901051488992}]}, {"source": 17, "prod": 127.0, "target": 8, "value": 1.2865294804946421, "supply": [{"l": "Butter, Ghee", "v": 1.2865294804946421}]}, {"source": 18, "prod": 18.0, "target": 8, "value": 0.18097176281186844, "supply": [{"l": "Fats, Animals, Raw", "v": 0.18097176281186844}]}, {"source": 19, "prod": 810.0, "target": 8, "value": 3.515686668809761, "supply": [{"l": "Rice", "v": 3.515686668809761}]}, {"source": 20, "prod": 4395.0, "target": 8, "value": 15.684511403093365, "supply": [{"l": "Wheat", "v": 15.684511403093365}]}, {"source": 21, "prod": 8.0, "target": 8, "value": 0.079906195925647072, "supply": [{"l": "Soyabean Oil", "v": 0.079906195925647072}]}, {"source": 22, "prod": 2.0, "target": 8, "value": 0.0031837624939125004, "supply": [{"l": "Coconuts - Incl Copra", "v": 0.0031837624939125004}]}, {"source": 23, "prod": 22.0, "target": 8, "value": 0.060906760753108705, "supply": [{"l": "Treenuts", "v": 0.060906760753108705}]}, {"source": 24, "prod": 2.0, "target": 8, "value": 0.0017505223334226808, "supply": [{"l": "Crustaceans", "v": 0.0017505223334226808}]}, {"source": 25, "prod": 6.0, "target": 8, "value": 0.019592384577923075, "supply": [{"l": "Eggs", "v": 0.019592384577923075}]}, {"source": 26, "prod": 749.0, "target": 8, "value": 0.20316405605456553, "supply": [{"l": "Vegetables, Other", "v": 0.20316405605456553}]}, {"source": 27, "prod": 96.0, "target": 8, "value": 0.38714551925976004, "supply": [{"l": "Peas", "v": 0.38714551925976004}]}, {"source": 28, "prod": 13.0, "target": 8, "value": 0.020438969096722222, "supply": [{"l": "Grapes", "v": 0.020438969096722222}]}, {"source": 29, "prod": 32.0, "target": 8, "value": 0.10137353214447761, "supply": [{"l": "Pimento", "v": 0.10137353214447761}]}, {"source": 30, "prod": 22.0, "target": 8, "value": 0.081209014337478264, "supply": [{"l": "Oilcrops, Other", "v": 0.081209014337478264}]}, {"source": 31, "prod": 1578.0, "target": 8, "value": 0.52825157254167243, "supply": [{"l": "Sugar cane", "v": 0.52825157254167243}]}, {"source": 32, "prod": 4.0, "target": 8, "value": 0.037733481409333337, "supply": [{"l": "Coconut Oil", "v": 0.037733481409333337}]}, {"source": 33, "prod": 64.0, "target": 8, "value": 0.12074714050986665, "supply": [{"l": "Dates", "v": 0.12074714050986665}]}, {"source": 34, "prod": 102.0, "target": 8, "value": 0.080933027882635511, "supply": [{"l": "Potatoes", "v": 0.080933027882635511}]}, {"source": 35, "prod": 23.0, "target": 8, "value": 0.020340704822218753, "supply": [{"l": "Freshwater Fish", "v": 0.020340704822218753}]}, {"source": 36, "prod": 2.0, "target": 8, "value": 0.0169800666342, "supply": [{"l": "Groundnuts", "v": 0.0169800666342}]}, {"source": 37, "prod": 23.0, "target": 8, "value": 0.22374775304440625, "supply": [{"l": "Rape and Mustard Oil", "v": 0.22374775304440625}]}, {"source": 4, "prod": 5240.0, "target": 8, "value": 3.779449197121743, "supply": [{"l": "Milk - Excluding Butter", "v": 3.779449197121743}]}, {"source": 38, "prod": 3.0, "target": 8, "value": 0.018192928536642859, "supply": [{"l": "Sesameseed Oil", "v": 0.018192928536642859}]}, {"source": 39, "prod": 34.0, "target": 8, "value": 0.14032138399095836, "supply": [{"l": "Beans", "v": 0.14032138399095836}]}, {"source": 40, "prod": 8.0, "target": 8, "value": 0.0040752159922079999, "supply": [{"l": "Apples", "v": 0.0040752159922079999}]}, {"source": 41, "prod": 46.0, "target": 8, "value": 0.040262013668721661, "supply": [{"l": "Fish, Seafood", "v": 0.040262013668721661}]}, {"source": 42, "prod": 10.0, "target": 8, "value": 0.020214365040714291, "supply": [{"l": "Meat, Other", "v": 0.020214365040714291}]}, {"source": 43, "prod": 9.0, "target": 8, "value": 0.0093343506457964232, "supply": [{"l": "Lemons, Limes", "v": 0.0093343506457964232}]}, {"source": 6, "prod": 204.0, "target": 8, "value": 0.77247345392205646, "supply": [{"l": "Sorghum", "v": 0.77247345392205646}]}, {"source": 44, "prod": 109.0, "target": 8, "value": 0.2649862821658745, "supply": [{"l": "Mutton & Goat Meat", "v": 0.2649862821658745}]}, {"source": 45, "prod": 5.0, "target": 8, "value": 0.019295530266136365, "supply": [{"l": "Sweeteners, Other", "v": 0.019295530266136365}]}, {"source": 46, "prod": 14.0, "target": 8, "value": 0.020493183868862071, "supply": [{"l": "Pelagic Fish", "v": 0.020493183868862071}]}, {"source": 47, "prod": 13.0, "target": 8, "value": 0.009854502957348214, "supply": [{"l": "Bananas", "v": 0.009854502957348214}]}, {"source": 48, "prod": 5.0, "target": 8, "value": 0.019295530266136365, "supply": [{"l": "Spices, Other", "v": 0.019295530266136365}]}, {"source": 49, "prod": 13.0, "target": 8, "value": 0.015108888860000001, "supply": [{"l": "Tea", "v": 0.015108888860000001}]}, {"source": 50, "prod": 809.0, "target": 8, "value": 0.40617604692690124, "supply": [{"l": "Fruits, Other", "v": 0.40617604692690124}]}, {"source": 3, "prod": 372.0, "target": 8, "value": 1.5039487590291429, "supply": [{"l": "Millet", "v": 1.5039487590291429}]}, {"source": 51, "prod": 10.0, "target": 8, "value": 0.019295530266136365, "supply": [{"l": "Poultry Meat", "v": 0.019295530266136365}]}, {"source": 52, "prod": 55.0, "target": 8, "value": 0.080508936627672417, "supply": [{"l": "Offals, Edible", "v": 0.080508936627672417}]}, {"source": 53, "prod": 7.0, "target": 8, "value": 0.007958405429269521, "supply": [{"l": "Sweet potatoes", "v": 0.007958405429269521}]}, {"source": 54, "prod": 8.0, "target": 8, "value": 0.0048341826716583628, "supply": [{"l": "Demersal Fish", "v": 0.0048341826716583628}]}, {"source": 55, "prod": 251.0, "target": 8, "value": 0.081180890003508588, "supply": [{"l": "Oranges, Mandarines", "v": 0.081180890003508588}]}, {"source": 56, "prod": 248.0, "target": 8, "value": 0.50711181662832372, "supply": [{"l": "Bovine Meat", "v": 0.50711181662832372}]}, {"source": 57, "prod": 52.0, "target": 8, "value": 0.52653784608803678, "supply": [{"l": "Cottonseed Oil", "v": 0.52653784608803678}]}, {"source": 58, "prod": 104.0, "target": 8, "value": 0.060754366856311935, "supply": [{"l": "Onions", "v": 0.060754366856311935}]}, {"source": 7, "prod": 556.0, "target": 8, "value": 2.274919770750651, "supply": [{"l": "Pulses, Other", "v": 2.274919770750651}]}, {"source": 0, "prod": 4.0, "target": 59, "value": 0.015017747612794811, "supply": [{"l": "Maize", "v": 0.015017747612794811}]}, {"source": 22, "prod": 14.0, "target": 59, "value": 0.022286337457387503, "supply": [{"l": "Coconuts - Incl Copra", "v": 0.022286337457387503}]}, {"source": 2, "prod": 281.0, "target": 59, "value": 1.7114799771623543, "supply": [{"l": "Cottonseed", "v": 1.7114799771623543}]}, {"source": 60, "prod": 8.0, "target": 59, "value": 0.048725408602486961, "supply": [{"l": "Sesame seed", "v": 0.048725408602486961}]}, {"source": 11, "prod": 2.0, "target": 59, "value": 0.008176199400709145, "supply": [{"l": "Sugar", "v": 0.008176199400709145}]}, {"source": 61, "prod": 81.0, "target": 59, "value": 0.49334476210018052, "supply": [{"l": "Rape and Mustardseed", "v": 0.49334476210018052}]}, {"source": 36, "prod": 6.0, "target": 59, "value": 0.050940199902600007, "supply": [{"l": "Groundnuts", "v": 0.050940199902600007}]}, {"source": 62, "prod": 49.0, "target": 59, "value": 0.016403249083993633, "supply": [{"l": "Sugar beet", "v": 0.016403249083993633}]}, {"source": 30, "prod": 23.0, "target": 59, "value": 0.084900333171000014, "supply": [{"l": "Oilcrops, Other", "v": 0.084900333171000014}]}, {"source": 31, "prod": 11343.0, "target": 59, "value": 3.7971847828518319, "supply": [{"l": "Sugar cane", "v": 3.7971847828518319}]}, {"source": 0, "prod": 1.0, "target": 63, "value": 0.0037544369031987028, "supply": [{"l": "Maize", "v": 0.0037544369031987028}]}, {"source": 20, "prod": 1.0, "target": 63, "value": 0.0035687170427971255, "supply": [{"l": "Wheat", "v": 0.0035687170427971255}]}, {"source": 64, "prod": 1.0, "target": 63, "value": 0.010092070106301587, "supply": [{"l": "Alcohol, Non-Food", "v": 0.010092070106301587}]}, {"source": 21, "prod": 10.0, "target": 63, "value": 0.099882744907058854, "supply": [{"l": "Soyabean Oil", "v": 0.099882744907058854}]}, {"source": 18, "prod": 17.0, "target": 63, "value": 0.17091777598898689, "supply": [{"l": "Fats, Animals, Raw", "v": 0.17091777598898689}]}, {"source": 2, "prod": 187.0, "target": 63, "value": 1.1389564260831329, "supply": [{"l": "Cottonseed", "v": 1.1389564260831329}]}, {"source": 61, "prod": 1.0, "target": 63, "value": 0.0060906760753108701, "supply": [{"l": "Rape and Mustardseed", "v": 0.0060906760753108701}]}, {"source": 5, "prod": 1.0, "target": 63, "value": 0.0030872848425818182, "supply": [{"l": "Barley", "v": 0.0030872848425818182}]}, {"source": 57, "prod": 8.0, "target": 63, "value": 0.081005822475082589, "supply": [{"l": "Cottonseed Oil", "v": 0.081005822475082589}]}, {"source": 12, "prod": 3.0, "target": 63, "value": 0.030321547561071433, "supply": [{"l": "Oilcrops Oil, Other", "v": 0.030321547561071433}]}, {"source": 19, "prod": 50.0, "target": 63, "value": 0.21701769560554079, "supply": [{"l": "Rice", "v": 0.21701769560554079}]}, {"source": 0, "prod": 24.0, "target": 0, "value": 0.090106485676768863, "supply": [{"l": "Maize", "v": 0.090106485676768863}]}, {"source": 31, "prod": 1436.0, "target": 31, "value": 0.48071562621662972, "supply": [{"l": "Sugar cane", "v": 0.48071562621662972}]}, {"source": 20, "prod": 305.0, "target": 20, "value": 1.0884586980531232, "supply": [{"l": "Wheat", "v": 1.0884586980531232}]}, {"source": 2, "prod": 66.0, "target": 2, "value": 0.40198462097051746, "supply": [{"l": "Cottonseed", "v": 0.40198462097051746}]}, {"source": 34, "prod": 13.0, "target": 34, "value": 0.010314993749747663, "supply": [{"l": "Potatoes", "v": 0.010314993749747663}]}, {"source": 25, "prod": 1.0, "target": 25, "value": 0.0032653974296538461, "supply": [{"l": "Eggs", "v": 0.0032653974296538461}]}, {"source": 3, "prod": 9.0, "target": 3, "value": 0.036385857073285711, "supply": [{"l": "Millet", "v": 0.036385857073285711}]}, {"source": 39, "prod": 4.0, "target": 39, "value": 0.016508398116583337, "supply": [{"l": "Beans", "v": 0.016508398116583337}]}, {"source": 5, "prod": 14.0, "target": 5, "value": 0.043221987796145458, "supply": [{"l": "Barley", "v": 0.043221987796145458}]}, {"source": 36, "prod": 2.0, "target": 36, "value": 0.0169800666342, "supply": [{"l": "Groundnuts", "v": 0.0169800666342}]}, {"source": 61, "prod": 3.0, "target": 61, "value": 0.018272028225932612, "supply": [{"l": "Rape and Mustardseed", "v": 0.018272028225932612}]}, {"source": 30, "prod": 2.0, "target": 30, "value": 0.0073826376670434787, "supply": [{"l": "Oilcrops, Other", "v": 0.0073826376670434787}]}, {"source": 19, "prod": 82.0, "target": 19, "value": 0.35590902079308689, "supply": [{"l": "Rice", "v": 0.35590902079308689}]}, {"source": 6, "prod": 9.0, "target": 6, "value": 0.034079711202443665, "supply": [{"l": "Sorghum", "v": 0.034079711202443665}]}, {"source": 7, "prod": 78.0, "target": 7, "value": 0.31914342107653015, "supply": [{"l": "Pulses, Other", "v": 0.31914342107653015}]}, {"source": 0, "prod": 24.0, "target": 65, "value": 0.090106485676768863, "supply": [{"l": "Maize", "v": 0.090106485676768863}]}, {"source": 50, "prod": 16.0, "target": 65, "value": 0.0080331480232761696, "supply": [{"l": "Fruits, Other", "v": 0.0080331480232761696}]}, {"source": 5, "prod": 3.0, "target": 65, "value": 0.0092618545277454549, "supply": [{"l": "Barley", "v": 0.0092618545277454549}]}, {"source": 19, "prod": 33.0, "target": 65, "value": 0.14323167909965692, "supply": [{"l": "Rice", "v": 0.14323167909965692}]}, {"source": 20, "prod": 116.0, "target": 65, "value": 0.41397117696446656, "supply": [{"l": "Wheat", "v": 0.41397117696446656}]}, {"source": 25, "prod": 1.0, "target": 65, "value": 0.0032653974296538461, "supply": [{"l": "Eggs", "v": 0.0032653974296538461}]}, {"source": 26, "prod": 60.0, "target": 65, "value": 0.01627482425003195, "supply": [{"l": "Vegetables, Other", "v": 0.01627482425003195}]}, {"source": 28, "prod": 1.0, "target": 65, "value": 0.0015722283920555555, "supply": [{"l": "Grapes", "v": 0.0015722283920555555}]}, {"source": 29, "prod": 1.0, "target": 65, "value": 0.0031679228795149254, "supply": [{"l": "Pimento", "v": 0.0031679228795149254}]}, {"source": 30, "prod": 1.0, "target": 65, "value": 0.0036913188335217393, "supply": [{"l": "Oilcrops, Other", "v": 0.0036913188335217393}]}, {"source": 33, "prod": 2.0, "target": 65, "value": 0.0037733481409333329, "supply": [{"l": "Dates", "v": 0.0037733481409333329}]}, {"source": 2, "prod": 15.0, "target": 65, "value": 0.091360141129663064, "supply": [{"l": "Cottonseed", "v": 0.091360141129663064}]}, {"source": 34, "prod": 13.0, "target": 65, "value": 0.010314993749747663, "supply": [{"l": "Potatoes", "v": 0.010314993749747663}]}, {"source": 4, "prod": 647.0, "target": 65, "value": 0.46666099819423046, "supply": [{"l": "Milk - Excluding Butter", "v": 0.46666099819423046}]}, {"source": 39, "prod": 1.0, "target": 65, "value": 0.0041270995291458343, "supply": [{"l": "Beans", "v": 0.0041270995291458343}]}, {"source": 7, "prod": 16.0, "target": 65, "value": 0.06546531714390362, "supply": [{"l": "Pulses, Other", "v": 0.06546531714390362}]}, {"source": 6, "prod": 13.0, "target": 65, "value": 0.04922624951464085, "supply": [{"l": "Sorghum", "v": 0.04922624951464085}]}, {"source": 47, "prod": 1.0, "target": 65, "value": 0.00075803868902678566, "supply": [{"l": "Bananas", "v": 0.00075803868902678566}]}, {"source": 3, "prod": 21.0, "target": 65, "value": 0.084900333171, "supply": [{"l": "Millet", "v": 0.084900333171}]}, {"source": 61, "prod": 6.0, "target": 65, "value": 0.036544056451865224, "supply": [{"l": "Rape and Mustardseed", "v": 0.036544056451865224}]}, {"source": 55, "prod": 10.0, "target": 65, "value": 0.0032342984065142858, "supply": [{"l": "Oranges, Mandarines", "v": 0.0032342984065142858}]}, {"source": 58, "prod": 5.0, "target": 65, "value": 0.0029208830219380733, "supply": [{"l": "Onions", "v": 0.0029208830219380733}]}, {"source": 66, "prod": 677.0, "target": 20, "value": 2.416021437973654, "supply": [{"l": "Wheat", "v": 2.416021437973654}]}, {"source": 66, "prod": 29.0, "target": 1, "value": 0.020916798991704302, "supply": [{"l": "Milk - Excluding Butter", "v": 0.020916798991704302}]}, {"source": 66, "prod": 4.0, "target": 47, "value": 0.0030321547561071426, "supply": [{"l": "Bananas", "v": 0.0030321547561071426}]}, {"source": 66, "prod": 3.0, "target": 48, "value": 0.011577318159681819, "supply": [{"l": "Spices, Other", "v": 0.011577318159681819}]}, {"source": 66, "prod": 3.0, "target": 33, "value": 0.0056600222113999997, "supply": [{"l": "Dates", "v": 0.0056600222113999997}]}, {"source": 66, "prod": 130.0, "target": 59, "value": 0.79811425629140964, "supply": [{"l": "Fats, Animals, Raw", "v": 0.17091777598898689}, {"l": "Soyabean Oil", "v": 0.11985929388847059}, {"l": "Coconut Oil", "v": 0.028300111057000001}, {"l": "Sugar", "v": 0.34748847453013865}, {"l": "Beer", "v": 0.020184140212603174}, {"l": "Cottonseed Oil", "v": 0.10125727809385321}, {"l": "Oilcrops Oil, Other", "v": 0.010107182520357146}]}, {"source": 66, "prod": 1.0, "target": 28, "value": 0.0015722283920555555, "supply": [{"l": "Grapes", "v": 0.0015722283920555555}]}, {"source": 66, "prod": 4.0, "target": 23, "value": 0.011073956500565219, "supply": [{"l": "Treenuts", "v": 0.011073956500565219}]}, {"source": 66, "prod": 13.0, "target": 49, "value": 0.015108888860000001, "supply": [{"l": "Tea", "v": 0.015108888860000001}]}, {"source": 66, "prod": 19.0, "target": 50, "value": 0.0095393632776404492, "supply": [{"l": "Fruits, Other", "v": 0.0095393632776404492}]}, {"source": 66, "prod": 4.0, "target": 10, "value": 0.011073956500565219, "supply": [{"l": "Nuts", "v": 0.011073956500565219}]}, {"source": 66, "prod": 1.0, "target": 26, "value": 0.00027124707083386586, "supply": [{"l": "Vegetables, Other", "v": 0.00027124707083386586}]}, {"source": 66, "prod": 15.0, "target": 22, "value": 0.02387821870434375, "supply": [{"l": "Coconuts - Incl Copra", "v": 0.02387821870434375}]}, {"source": 66, "prod": 1.0, "target": 7, "value": 0.0040915823214939763, "supply": [{"l": "Pulses, Other", "v": 0.0040915823214939763}]}, {"source": 20, "prod": 8.0, "target": 67, "value": 0.028549736342377004, "supply": [{"l": "Wheat", "v": 0.028549736342377004}]}, {"source": 48, "prod": 1.0, "target": 67, "value": 0.003859106053227273, "supply": [{"l": "Spices, Other", "v": 0.003859106053227273}]}, {"source": 23, "prod": 1.0, "target": 67, "value": 0.0027684891251413047, "supply": [{"l": "Treenuts", "v": 0.0027684891251413047}]}, {"source": 10, "prod": 1.0, "target": 67, "value": 0.0027684891251413047, "supply": [{"l": "Nuts", "v": 0.0027684891251413047}]}, {"source": 25, "prod": 1.0, "target": 67, "value": 0.0032653974296538461, "supply": [{"l": "Eggs", "v": 0.0032653974296538461}]}, {"source": 50, "prod": 6.0, "target": 67, "value": 0.0030124305087285632, "supply": [{"l": "Fruits, Other", "v": 0.0030124305087285632}]}, {"source": 37, "prod": 5.0, "target": 67, "value": 0.04864081587921875, "supply": [{"l": "Rape and Mustard Oil", "v": 0.04864081587921875}]}, {"source": 2, "prod": 1.0, "target": 67, "value": 0.0060906760753108701, "supply": [{"l": "Cottonseed", "v": 0.0060906760753108701}]}, {"source": 68, "prod": 1.0, "target": 67, "value": 0.0010371500717551582, "supply": [{"l": "Grapefruit", "v": 0.0010371500717551582}]}, {"source": 61, "prod": 113.0, "target": 67, "value": 0.68824639651012831, "supply": [{"l": "Rape and Mustardseed", "v": 0.68824639651012831}]}, {"source": 5, "prod": 17.0, "target": 67, "value": 0.052483842323890917, "supply": [{"l": "Barley", "v": 0.052483842323890917}]}, {"source": 41, "prod": 35.0, "target": 67, "value": 0.030634140834896909, "supply": [{"l": "Fish, Seafood", "v": 0.030634140834896909}]}, {"source": 24, "prod": 3.0, "target": 67, "value": 0.0026257835001340215, "supply": [{"l": "Crustaceans", "v": 0.0026257835001340215}]}, {"source": 54, "prod": 30.0, "target": 67, "value": 0.018128185018718861, "supply": [{"l": "Demersal Fish", "v": 0.018128185018718861}]}, {"source": 12, "prod": 4.0, "target": 67, "value": 0.040428730081428582, "supply": [{"l": "Oilcrops Oil, Other", "v": 0.040428730081428582}]}, {"source": 19, "prod": 126.0, "target": 67, "value": 0.54688459292596281, "supply": [{"l": "Rice", "v": 0.54688459292596281}]}, {"source": 6, "prod": 13.0, "target": 67, "value": 0.04922624951464085, "supply": [{"l": "Sorghum", "v": 0.04922624951464085}]}, {"source": 35, "prod": 2.0, "target": 67, "value": 0.0017687569410625001, "supply": [{"l": "Freshwater Fish", "v": 0.0017687569410625001}]}, {"source": 69, "prod": 6.0, "target": 59, "value": 0.059929646944235297, "supply": [{"l": "Soyabean Oil", "v": 0.059929646944235297}]}, {"source": 69, "prod": 121.0, "target": 20, "value": 0.43181476217845211, "supply": [{"l": "Wheat", "v": 0.43181476217845211}]}, {"source": 11, "prod": 36.0, "target": 70, "value": 0.1471715892127646, "supply": [{"l": "Sugar", "v": 0.1471715892127646}]}, {"source": 12, "prod": 1.0, "target": 70, "value": 0.010107182520357146, "supply": [{"l": "Oilcrops Oil, Other", "v": 0.010107182520357146}]}, {"source": 69, "prod": 5.0, "target": 19, "value": 0.021701769560554078, "supply": [{"l": "Rice", "v": 0.021701769560554078}]}, {"source": 1, "prod": 10.0, "target": 51, "value": 0.019295530266136365, "supply": [{"l": "Poultry Meat", "v": 0.019295530266136365}]}, {"source": 1, "prod": 14.0, "target": 46, "value": 0.020493183868862071, "supply": [{"l": "Pelagic Fish", "v": 0.020493183868862071}]}, {"source": 1, "prod": 5.0, "target": 24, "value": 0.0043763058335567024, "supply": [{"l": "Crustaceans", "v": 0.0043763058335567024}]}, {"source": 1, "prod": 8.0, "target": 25, "value": 0.026123179437230769, "supply": [{"l": "Eggs", "v": 0.029388576866884616}]}, {"source": 1, "prod": 6190.0, "target": 4, "value": 4.4646546813327461, "supply": [{"l": "Milk - Excluding Butter", "v": 4.4646546813327461}]}, {"source": 1, "prod": 55.0, "target": 52, "value": 0.080508936627672417, "supply": [{"l": "Offals, Edible", "v": 0.080508936627672417}]}, {"source": 1, "prod": 38.0, "target": 54, "value": 0.022962367690377225, "supply": [{"l": "Demersal Fish", "v": 0.022962367690377225}]}, {"source": 1, "prod": 81.0, "target": 41, "value": 0.070896154503618566, "supply": [{"l": "Fish, Seafood", "v": 0.070896154503618566}]}, {"source": 1, "prod": 248.0, "target": 56, "value": 0.50711181662832372, "supply": [{"l": "Bovine Meat", "v": 0.50711181662832372}]}, {"source": 1, "prod": 10.0, "target": 42, "value": 0.020214365040714291, "supply": [{"l": "Meat, Other", "v": 0.020214365040714291}]}, {"source": 1, "prod": 25.0, "target": 35, "value": 0.022109461763281251, "supply": [{"l": "Freshwater Fish", "v": 0.022109461763281251}]}, {"source": 1, "prod": 109.0, "target": 44, "value": 0.2649862821658745, "supply": [{"l": "Mutton & Goat Meat", "v": 0.2649862821658745}]}, {"source": 59, "prod": 35.0, "target": 18, "value": 0.35188953880085533, "supply": [{"l": "Fats, Animals, Raw", "v": 0.35188953880085533}]}, {"source": 59, "prod": 1.0, "target": 9, "value": 0.02122508329275, "supply": [{"l": "Ricebran Oil", "v": 0.02122508329275}]}, {"source": 59, "prod": 3.0, "target": 38, "value": 0.018192928536642859, "supply": [{"l": "Sesameseed Oil", "v": 0.018192928536642859}]}, {"source": 59, "prod": 1.0, "target": 64, "value": 0.010092070106301587, "supply": [{"l": "Alcohol, Non-Food", "v": 0.010092070106301587}]}, {"source": 59, "prod": 18.0, "target": 21, "value": 0.17978894083270591, "supply": [{"l": "Soyabean Oil", "v": 0.17978894083270591}]}, {"source": 59, "prod": 4.0, "target": 32, "value": 0.037733481409333337, "supply": [{"l": "Coconut Oil", "v": 0.037733481409333337}]}, {"source": 59, "prod": 5.0, "target": 45, "value": 0.019295530266136365, "supply": [{"l": "Sweeteners, Other", "v": 0.019295530266136365}]}, {"source": 59, "prod": 225.0, "target": 11, "value": 0.9198224325797788, "supply": [{"l": "Sugar", "v": 0.9198224325797788}]}, {"source": 59, "prod": 1.0, "target": 15, "value": 0.0040880997003545725, "supply": [{"l": "Honey", "v": 0.0040880997003545725}]}, {"source": 59, "prod": 60.0, "target": 57, "value": 0.60754366856311937, "supply": [{"l": "Cottonseed Oil", "v": 0.60754366856311937}]}, {"source": 59, "prod": 4.0, "target": 13, "value": 0.040368280425206349, "supply": [{"l": "Beer", "v": 0.040368280425206349}]}, {"source": 59, "prod": 2.0, "target": 14, "value": 0.0169800666342, "supply": [{"l": "Groundnut Oil", "v": 0.0169800666342}]}, {"source": 59, "prod": 28.0, "target": 37, "value": 0.27238856892362501, "supply": [{"l": "Rape and Mustard Oil", "v": 0.27238856892362501}]}, {"source": 59, "prod": 9.0, "target": 12, "value": 0.090964642683214303, "supply": [{"l": "Oilcrops Oil, Other", "v": 0.090964642683214303}]}, {"source": 59, "prod": 984.0, "target": 16, "value": 4.0226901051488992, "supply": [{"l": "Sugar non-centrifugal", "v": 4.0226901051488992}]}, {"source": 59, "prod": 127.0, "target": 17, "value": 1.2865294804946421, "supply": [{"l": "Butter, Ghee", "v": 1.2865294804946421}]}, {"source": 71, "prod": 0, "target": 0, "value": 0.10661070354381834, "supply": "[{\"l\":'Energy for power irrigation',\"v\":0.10661070354381834}]"}, {"source": 71, "prod": 0, "target": 10, "value": 0.0046352479801660147, "supply": "[{\"l\":'Energy for power irrigation',\"v\":0.0046352479801660147}]"}, {"source": 71, "prod": 0, "target": 5, "value": 0.025493863890913078, "supply": "[{\"l\":'Energy for power irrigation',\"v\":0.025493863890913078}]"}, {"source": 71, "prod": 0, "target": 19, "value": 0.24246761458154129, "supply": "[{\"l\":'Energy for power irrigation',\"v\":0.24246761458154129}]"}, {"source": 71, "prod": 0, "target": 20, "value": 0.97682333029641411, "supply": "[{\"l\":'Energy for power irrigation',\"v\":0.97682333029641411}]"}, {"source": 71, "prod": 0, "target": 23, "value": 0.0046352479801660147, "supply": "[{\"l\":'Energy for power irrigation',\"v\":0.0046352479801660147}]"}, {"source": 71, "prod": 0, "target": 26, "value": 0.17845704723639158, "supply": "[{\"l\":'Energy for power irrigation',\"v\":0.17845704723639158}]"}, {"source": 71, "prod": 0, "target": 27, "value": 0.021189705052187494, "supply": "[{\"l\":'Energy for power irrigation',\"v\":0.021189705052187494}]"}, {"source": 71, "prod": 0, "target": 60, "value": 0.0017658087543489579, "supply": "[{\"l\":'Energy for power irrigation',\"v\":0.0017658087543489579}]"}, {"source": 71, "prod": 0, "target": 28, "value": 0.0029798022729638661, "supply": "[{\"l\":'Energy for power irrigation',\"v\":0.0029798022729638661}]"}, {"source": 71, "prod": 0, "target": 29, "value": 0.0072839611116894513, "supply": "[{\"l\":'Energy for power irrigation',\"v\":0.0072839611116894513}]"}, {"source": 71, "prod": 0, "target": 30, "value": 0.010594852526093747, "supply": "[{\"l\":'Energy for power irrigation',\"v\":0.010594852526093747}]"}, {"source": 71, "prod": 0, "target": 33, "value": 0.014236833081938472, "supply": "[{\"l\":'Energy for power irrigation',\"v\":0.014236833081938472}]"}, {"source": 71, "prod": 0, "target": 2, "value": 0.16179222711722327, "supply": "[{\"l\":'Energy for power irrigation',\"v\":0.16179222711722327}]"}, {"source": 71, "prod": 0, "target": 34, "value": 0.028252940069583326, "supply": "[{\"l\":'Energy for power irrigation',\"v\":0.028252940069583326}]"}, {"source": 71, "prod": 0, "target": 36, "value": 0.0022072609429361974, "supply": "[{\"l\":'Energy for power irrigation',\"v\":0.0022072609429361974}]"}, {"source": 71, "prod": 0, "target": 39, "value": 0.0086083176774511706, "supply": "[{\"l\":'Energy for power irrigation',\"v\":0.0086083176774511706}]"}, {"source": 71, "prod": 0, "target": 40, "value": 0.0017658087543489579, "supply": "[{\"l\":'Energy for power irrigation',\"v\":0.0017658087543489579}]"}, {"source": 71, "prod": 0, "target": 62, "value": 0.010815578620387368, "supply": "[{\"l\":'Energy for power irrigation',\"v\":0.010815578620387368}]"}, {"source": 71, "prod": 0, "target": 43, "value": 0.0019865348486425775, "supply": "[{\"l\":'Energy for power irrigation',\"v\":0.0019865348486425775}]"}, {"source": 71, "prod": 0, "target": 6, "value": 0.055512612714845359, "supply": "[{\"l\":'Energy for power irrigation',\"v\":0.055512612714845359}]"}, {"source": 71, "prod": 0, "target": 31, "value": 3.1689645357734983, "supply": "[{\"l\":'Energy for power irrigation',\"v\":3.1689645357734983}]"}, {"source": 71, "prod": 0, "target": 47, "value": 0.0026487131315234367, "supply": "[{\"l\":'Energy for power irrigation',\"v\":0.0026487131315234367}]"}, {"source": 71, "prod": 0, "target": 48, "value": 0.00099326742432128876, "supply": "[{\"l\":'Energy for power irrigation',\"v\":0.00099326742432128876}]"}, {"source": 71, "prod": 0, "target": 50, "value": 0.1814368495093554, "supply": "[{\"l\":'Energy for power irrigation',\"v\":0.1814368495093554}]"}, {"source": 71, "prod": 0, "target": 3, "value": 0.093367137886201157, "supply": "[{\"l\":'Energy for power irrigation',\"v\":0.093367137886201157}]"}, {"source": 71, "prod": 0, "target": 53, "value": 0.0016554457072021479, "supply": "[{\"l\":'Energy for power irrigation',\"v\":0.0016554457072021479}]"}, {"source": 71, "prod": 0, "target": 61, "value": 0.045138486283045232, "supply": "[{\"l\":'Energy for power irrigation',\"v\":0.045138486283045232}]"}, {"source": 71, "prod": 0, "target": 55, "value": 0.057609510610634754, "supply": "[{\"l\":'Energy for power irrigation',\"v\":0.057609510610634754}]"}, {"source": 71, "prod": 0, "target": 58, "value": 0.02416950732515136, "supply": "[{\"l\":'Energy for power irrigation',\"v\":0.02416950732515136}]"}, {"source": 71, "prod": 0, "target": 7, "value": 0.17779486895351071, "supply": "[{\"l\":'Energy for power irrigation',\"v\":0.17779486895351071}]"}, {"source": 71, "prod": 0, "target": 59, "value": 0.59366165932266712, "supply": "[{\"l\":'Electricity',\"v\":0.59366165932266712}]"}, {"source": 72, "prod": 0, "target": 71, "value": 7.7541471727470768, "supply": [{"l": "Coal", "v": 0.17103884957571719}, {"l": "Natural gas", "v": 6.9540590867769501}, {"l": "Oil", "v": 0.62904923639440891}]}, {"source": 73, "prod": 0, "target": 71, "value": 3.2242194643440736, "supply": [{"l": "Nuclear", "v": 0.13217052910306284}, {"l": "Hydroelectric", "v": 3.0920489352410105}, {"l": "Renewable", "v": 0.0}]}, {"source": 72, "prod": 0, "target": 0, "value": 0.095866738616482566, "supply": [{"l": "Gas-Diesel oil", "v": 0.063686831084455012}, {"l": "Fuel oil", "v": 0.00063806160537605646}, {"l": "Other fossil fuels", "v": 0.031541845926651484}]}, {"source": 72, "prod": 0, "target": 10, "value": 0.0041681190702818503, "supply": [{"l": "Gas-Diesel oil", "v": 0.0027689926558458703}, {"l": "Fuel oil", "v": 2.7741808929393757e-05}, {"l": "Other fossil fuels", "v": 0.0013713846055065863}]}, {"source": 72, "prod": 0, "target": 5, "value": 0.022924654886550173, "supply": [{"l": "Gas-Diesel oil", "v": 0.015229459607152284}, {"l": "Fuel oil", "v": 0.00015257994911166566}, {"l": "Other fossil fuels", "v": 0.0075426153302862236}]}, {"source": 72, "prod": 0, "target": 19, "value": 0.21803232374783871, "supply": [{"l": "Gas-Diesel oil", "v": 0.14484468725936611}, {"l": "Fuel oil", "v": 0.0014511608147113829}, {"l": "Other fossil fuels", "v": 0.071736475673761194}]}, {"source": 72, "prod": 0, "target": 20, "value": 0.87838147359677754, "supply": [{"l": "Gas-Diesel oil", "v": 0.58353223802123322}, {"l": "Fuel oil", "v": 0.005846255972239622}, {"l": "Other fossil fuels", "v": 0.28900297960330462}]}, {"source": 72, "prod": 0, "target": 23, "value": 0.0041681190702818503, "supply": [{"l": "Gas-Diesel oil", "v": 0.0027689926558458703}, {"l": "Fuel oil", "v": 2.7741808929393757e-05}, {"l": "Other fossil fuels", "v": 0.0013713846055065863}]}, {"source": 72, "prod": 0, "target": 26, "value": 0.16047258420585125, "supply": [{"l": "Gas-Diesel oil", "v": 0.10660621725006601}, {"l": "Fuel oil", "v": 0.0010680596437816598}, {"l": "Other fossil fuels", "v": 0.052798307312003571}]}, {"source": 72, "prod": 0, "target": 27, "value": 0.019054258607002744, "supply": [{"l": "Gas-Diesel oil", "v": 0.012658252141009692}, {"l": "Fuel oil", "v": 0.00012681969796294289}, {"l": "Other fossil fuels", "v": 0.0062691867680301086}]}, {"source": 72, "prod": 0, "target": 60, "value": 0.0015878548839168953, "supply": [{"l": "Gas-Diesel oil", "v": 0.001054854345084141}, {"l": "Fuel oil", "v": 1.0568308163578574e-05}, {"l": "Other fossil fuels", "v": 0.00052243223066917568}]}, {"source": 72, "prod": 0, "target": 28, "value": 0.0026795051166097605, "supply": [{"l": "Gas-Diesel oil", "v": 0.0017800667073294878}, {"l": "Fuel oil", "v": 1.7834020026038844e-05}, {"l": "Other fossil fuels", "v": 0.00088160438925423391}]}, {"source": 72, "prod": 0, "target": 29, "value": 0.0065499013961571933, "supply": [{"l": "Gas-Diesel oil", "v": 0.0043512741734720818}, {"l": "Fuel oil", "v": 4.3594271174761617e-05}, {"l": "Other fossil fuels", "v": 0.0021550329515103495}]}, {"source": 72, "prod": 0, "target": 30, "value": 0.0095271293035013721, "supply": [{"l": "Gas-Diesel oil", "v": 0.0063291260705048459}, {"l": "Fuel oil", "v": 6.3409848981471444e-05}, {"l": "Other fossil fuels", "v": 0.0031345933840150543}]}, {"source": 72, "prod": 0, "target": 33, "value": 0.012802080001579969, "supply": [{"l": "Gas-Diesel oil", "v": 0.0085047631572408872}, {"l": "Fuel oil", "v": 8.5206984568852252e-05}, {"l": "Other fossil fuels", "v": 0.0042121098597702293}]}, {"source": 72, "prod": 0, "target": 2, "value": 0.14548720373888555, "supply": [{"l": "Gas-Diesel oil", "v": 0.096651029368334418}, {"l": "Fuel oil", "v": 0.00096832123548788685}, {"l": "Other fossil fuels", "v": 0.047867853135063226}]}, {"source": 72, "prod": 0, "target": 34, "value": 0.025405678142670324, "supply": [{"l": "Gas-Diesel oil", "v": 0.016877669521346256}, {"l": "Fuel oil", "v": 0.00016909293061725719}, {"l": "Other fossil fuels", "v": 0.0083589156907068109}]}, {"source": 72, "prod": 0, "target": 36, "value": 0.001984818604896119, "supply": [{"l": "Gas-Diesel oil", "v": 0.0013185679313551762}, {"l": "Fuel oil", "v": 1.3210385204473219e-05}, {"l": "Other fossil fuels", "v": 0.00065304028833646963}]}, {"source": 72, "prod": 0, "target": 39, "value": 0.0077407925590948648, "supply": [{"l": "Gas-Diesel oil", "v": 0.005142414932285188}, {"l": "Fuel oil", "v": 5.1520502297445548e-05}, {"l": "Other fossil fuels", "v": 0.0025468571245122317}]}, {"source": 72, "prod": 0, "target": 40, "value": 0.0015878548839168953, "supply": [{"l": "Gas-Diesel oil", "v": 0.001054854345084141}, {"l": "Fuel oil", "v": 1.0568308163578574e-05}, {"l": "Other fossil fuels", "v": 0.00052243223066917568}]}, {"source": 72, "prod": 0, "target": 62, "value": 0.0097256111639909843, "supply": [{"l": "Gas-Diesel oil", "v": 0.0064609828636403637}, {"l": "Fuel oil", "v": 6.473088750191877e-05}, {"l": "Other fossil fuels", "v": 0.0031998974128487011}]}, {"source": 72, "prod": 0, "target": 43, "value": 0.0017863367444065073, "supply": [{"l": "Gas-Diesel oil", "v": 0.0011867111382196586}, {"l": "Fuel oil", "v": 1.1889346684025896e-05}, {"l": "Other fossil fuels", "v": 0.00058773625950282271}]}, {"source": 72, "prod": 0, "target": 6, "value": 0.049918187913137395, "supply": [{"l": "Gas-Diesel oil", "v": 0.033161983473582679}, {"l": "Fuel oil", "v": 0.00033224118789250141}, {"l": "Other fossil fuels", "v": 0.016423963251662212}]}, {"source": 72, "prod": 0, "target": 31, "value": 2.8496040710493582, "supply": [{"l": "Gas-Diesel oil", "v": 1.8930679790466265}, {"l": "Fuel oil", "v": 0.018966150038062197}, {"l": "Other fossil fuels", "v": 0.93756994196466936}]}, {"source": 72, "prod": 0, "target": 47, "value": 0.002381782325875343, "supply": [{"l": "Gas-Diesel oil", "v": 0.0015822815176262115}, {"l": "Fuel oil", "v": 1.5852462245367861e-05}, {"l": "Other fossil fuels", "v": 0.00078364834600376358}]}, {"source": 72, "prod": 0, "target": 48, "value": 0.00089316837220325363, "supply": [{"l": "Gas-Diesel oil", "v": 0.0005933555691098293}, {"l": "Fuel oil", "v": 5.9446733420129478e-06}, {"l": "Other fossil fuels", "v": 0.00029386812975141136}]}, {"source": 72, "prod": 0, "target": 50, "value": 0.16315208932246097, "supply": [{"l": "Gas-Diesel oil", "v": 0.10838628395739548}, {"l": "Fuel oil", "v": 0.0010858936638076984}, {"l": "Other fossil fuels", "v": 0.053679911701257799}]}, {"source": 72, "prod": 0, "target": 3, "value": 0.083957826987105841, "supply": [{"l": "Gas-Diesel oil", "v": 0.055775423496323959}, {"l": "Fuel oil", "v": 0.00055879929414921715}, {"l": "Other fossil fuels", "v": 0.027623604196632668}]}, {"source": 72, "prod": 0, "target": 53, "value": 0.0014886139536720892, "supply": [{"l": "Gas-Diesel oil", "v": 0.00098892594851638206}, {"l": "Fuel oil", "v": 9.9077889033549131e-06}, {"l": "Other fossil fuels", "v": 0.00048978021625235217}]}, {"source": 72, "prod": 0, "target": 61, "value": 0.040589540470125633, "supply": [{"l": "Gas-Diesel oil", "v": 0.026964714196213352}, {"l": "Fuel oil", "v": 0.00027015237743147725}, {"l": "Other fossil fuels", "v": 0.013354673896480802}]}, {"source": 72, "prod": 0, "target": 55, "value": 0.051803765587788715, "supply": [{"l": "Gas-Diesel oil", "v": 0.034414623008370102}, {"l": "Fuel oil", "v": 0.00034479105383675103}, {"l": "Other fossil fuels", "v": 0.017044351525581859}]}, {"source": 72, "prod": 0, "target": 58, "value": 0.021733763723612503, "supply": [{"l": "Gas-Diesel oil", "v": 0.01443831884833918}, {"l": "Fuel oil", "v": 0.00014465371798898173}, {"l": "Other fossil fuels", "v": 0.0071507911572843428}]}, {"source": 72, "prod": 0, "target": 7, "value": 0.15987713862438241, "supply": [{"l": "Gas-Diesel oil", "v": 0.10621064687065945}, {"l": "Fuel oil", "v": 0.0010640965282203178}, {"l": "Other fossil fuels", "v": 0.052602395225502634}]}, {"source": 74, "prod": 0.79363656273243799, "target": 0, "value": 0.014353567096755341, "supply": [{"l": "Potash", "v": 0.0012958404113253541}, {"l": "Phosphate", "v": 0.00088375000070699988}, {"l": "Nitrogen", "v": 0.75517166727080376}]}, {"source": 74, "prod": 0.034505937510106, "target": 10, "value": 0.0006240681346415365, "supply": [{"l": "Potash", "v": 0.0012958404113253541}, {"l": "Phosphate", "v": 0.00088375000070699988}, {"l": "Nitrogen", "v": 0.75517166727080376}]}, {"source": 74, "prod": 0.18978265630558297, "target": 5, "value": 0.0034323747405284504, "supply": [{"l": "Potash", "v": 0.0012958404113253541}, {"l": "Phosphate", "v": 0.00088375000070699988}, {"l": "Nitrogen", "v": 0.75517166727080376}]}, {"source": 74, "prod": 1.8049891597548304, "target": 19, "value": 0.032644706947796566, "supply": [{"l": "Potash", "v": 0.0012958404113253541}, {"l": "Phosphate", "v": 0.00088375000070699988}, {"l": "Nitrogen", "v": 0.75517166727080376}]}, {"source": 74, "prod": 7.2717155452844802, "target": 20, "value": 0.13151492999314857, "supply": [{"l": "Potash", "v": 0.0012958404113253541}, {"l": "Phosphate", "v": 0.00088375000070699988}, {"l": "Nitrogen", "v": 0.75517166727080376}]}, {"source": 74, "prod": 0.034505937510106, "target": 23, "value": 0.0006240681346415365, "supply": [{"l": "Potash", "v": 0.0012958404113253541}, {"l": "Phosphate", "v": 0.00088375000070699988}, {"l": "Nitrogen", "v": 0.75517166727080376}]}, {"source": 74, "prod": 1.3284785941390809, "target": 26, "value": 0.024026623183699157, "supply": [{"l": "Potash", "v": 0.0012958404113253541}, {"l": "Phosphate", "v": 0.00088375000070699988}, {"l": "Nitrogen", "v": 0.75517166727080376}]}, {"source": 74, "prod": 0.15774142861762741, "target": 27, "value": 0.0028528829012184525, "supply": [{"l": "Potash", "v": 0.0012958404113253541}, {"l": "Phosphate", "v": 0.00088375000070699988}, {"l": "Nitrogen", "v": 0.75517166727080376}]}, {"source": 74, "prod": 0.013145119051468951, "target": 60, "value": 0.00023774024176820437, "supply": [{"l": "Potash", "v": 0.0012958404113253541}, {"l": "Phosphate", "v": 0.00088375000070699988}, {"l": "Nitrogen", "v": 0.75517166727080376}]}, {"source": 74, "prod": 0.022182388399353853, "target": 28, "value": 0.00040118665798384486, "supply": [{"l": "Potash", "v": 0.0012958404113253541}, {"l": "Phosphate", "v": 0.00088375000070699988}, {"l": "Nitrogen", "v": 0.75517166727080376}]}, {"source": 74, "prod": 0.054223616087309419, "target": 29, "value": 0.00098067849729384306, "supply": [{"l": "Potash", "v": 0.0012958404113253541}, {"l": "Phosphate", "v": 0.00088375000070699988}, {"l": "Nitrogen", "v": 0.75517166727080376}]}, {"source": 74, "prod": 0.078870714308813705, "target": 30, "value": 0.0014264414506092262, "supply": [{"l": "Potash", "v": 0.0012958404113253541}, {"l": "Phosphate", "v": 0.00088375000070699988}, {"l": "Nitrogen", "v": 0.75517166727080376}]}, {"source": 74, "prod": 0.10598252235246841, "target": 33, "value": 0.0019167806992561479, "supply": [{"l": "Potash", "v": 0.0012958404113253541}, {"l": "Phosphate", "v": 0.00088375000070699988}, {"l": "Nitrogen", "v": 0.75517166727080376}]}, {"source": 74, "prod": 1.2044215330908425, "target": 2, "value": 0.021782949652011725, "supply": [{"l": "Potash", "v": 0.0012958404113253541}, {"l": "Phosphate", "v": 0.00088375000070699988}, {"l": "Nitrogen", "v": 0.75517166727080376}]}, {"source": 74, "prod": 0.21032190482350321, "target": 34, "value": 0.0038038438682912699, "supply": [{"l": "Potash", "v": 0.0012958404113253541}, {"l": "Phosphate", "v": 0.00088375000070699988}, {"l": "Nitrogen", "v": 0.75517166727080376}]}, {"source": 74, "prod": 0.016431398814336189, "target": 36, "value": 0.00029717530221025546, "supply": [{"l": "Potash", "v": 0.0012958404113253541}, {"l": "Phosphate", "v": 0.00088375000070699988}, {"l": "Nitrogen", "v": 0.75517166727080376}]}, {"source": 74, "prod": 0.064082455375911132, "target": 39, "value": 0.0011589836786199963, "supply": [{"l": "Potash", "v": 0.0012958404113253541}, {"l": "Phosphate", "v": 0.00088375000070699988}, {"l": "Nitrogen", "v": 0.75517166727080376}]}, {"source": 74, "prod": 0.013145119051468951, "target": 40, "value": 0.00023774024176820437, "supply": [{"l": "Potash", "v": 0.0012958404113253541}, {"l": "Phosphate", "v": 0.00088375000070699988}, {"l": "Nitrogen", "v": 0.75517166727080376}]}, {"source": 74, "prod": 0.080513854190247328, "target": 62, "value": 0.0014561589808302518, "supply": [{"l": "Potash", "v": 0.0012958404113253541}, {"l": "Phosphate", "v": 0.00088375000070699988}, {"l": "Nitrogen", "v": 0.75517166727080376}]}, {"source": 74, "prod": 0.01478825893290257, "target": 43, "value": 0.00026745777198922994, "supply": [{"l": "Potash", "v": 0.0012958404113253541}, {"l": "Phosphate", "v": 0.00088375000070699988}, {"l": "Nitrogen", "v": 0.75517166727080376}]}, {"source": 74, "prod": 0.41324968018055513, "target": 6, "value": 0.0074739588505879249, "supply": [{"l": "Potash", "v": 0.0012958404113253541}, {"l": "Phosphate", "v": 0.00088375000070699988}, {"l": "Nitrogen", "v": 0.75517166727080376}]}, {"source": 74, "prod": 23.590559277742464, "target": 31, "value": 0.42665458138326373, "supply": [{"l": "Potash", "v": 0.0012958404113253541}, {"l": "Phosphate", "v": 0.00088375000070699988}, {"l": "Nitrogen", "v": 0.75517166727080376}]}, {"source": 74, "prod": 0.019717678577203426, "target": 47, "value": 0.00035661036265230656, "supply": [{"l": "Potash", "v": 0.0012958404113253541}, {"l": "Phosphate", "v": 0.00088375000070699988}, {"l": "Nitrogen", "v": 0.75517166727080376}]}, {"source": 74, "prod": 0.0073941294664512849, "target": 48, "value": 0.00013372888599461497, "supply": [{"l": "Potash", "v": 0.0012958404113253541}, {"l": "Phosphate", "v": 0.00088375000070699988}, {"l": "Nitrogen", "v": 0.75517166727080376}]}, {"source": 74, "prod": 1.3506609825384346, "target": 50, "value": 0.024427809841682999, "supply": [{"l": "Potash", "v": 0.0012958404113253541}, {"l": "Phosphate", "v": 0.00088375000070699988}, {"l": "Nitrogen", "v": 0.75517166727080376}]}, {"source": 74, "prod": 0.69504816984642082, "target": 3, "value": 0.012570515283493807, "supply": [{"l": "Potash", "v": 0.0012958404113253541}, {"l": "Phosphate", "v": 0.00088375000070699988}, {"l": "Nitrogen", "v": 0.75517166727080376}]}, {"source": 74, "prod": 0.012323549110752141, "target": 53, "value": 0.00022288147665769158, "supply": [{"l": "Potash", "v": 0.0012958404113253541}, {"l": "Phosphate", "v": 0.00088375000070699988}, {"l": "Nitrogen", "v": 0.75517166727080376}]}, {"source": 74, "prod": 0.33602210575317504, "target": 61, "value": 0.0060772349301997236, "supply": [{"l": "Potash", "v": 0.0012958404113253541}, {"l": "Phosphate", "v": 0.00088375000070699988}, {"l": "Nitrogen", "v": 0.75517166727080376}]}, {"source": 74, "prod": 0.42885950905417458, "target": 55, "value": 0.0077562753876876684, "supply": [{"l": "Potash", "v": 0.0012958404113253541}, {"l": "Phosphate", "v": 0.00088375000070699988}, {"l": "Nitrogen", "v": 0.75517166727080376}]}, {"source": 74, "prod": 0.17992381701698126, "target": 58, "value": 0.0032540695592022974, "supply": [{"l": "Potash", "v": 0.0012958404113253541}, {"l": "Phosphate", "v": 0.00088375000070699988}, {"l": "Nitrogen", "v": 0.75517166727080376}]}, {"source": 74, "prod": 1.32354917449478, "target": 7, "value": 0.023937470593036081, "supply": [{"l": "Potash", "v": 0.0012958404113253541}, {"l": "Phosphate", "v": 0.00088375000070699988}, {"l": "Nitrogen", "v": 0.75517166727080376}]}, {"source": 72, "prod": 0, "target": 74, "value": 0.8938280382163295, "supply": [{"l": "Natural gas (including LNG)", "v": 0.60735457458069431}, {"l": "Fuel oil", "v": 0.15298087204579031}, {"l": "Liquefied petroleum gas (LPG)", "v": 0.066746295794922444}, {"l": "Coal", "v": 0.066746295794922444}]}, {"source": 75, "prod": 0, "target": 0, "value": 0.081772517178553453, "supply": "[{\"l\":'Labor',\"v\":0.081772517178553453}]"}, {"source": 75, "prod": 0, "target": 10, "value": 0.0035553268338501501, "supply": "[{\"l\":'Labor',\"v\":0.0035553268338501501}]"}, {"source": 75, "prod": 0, "target": 5, "value": 0.019554297586175821, "supply": "[{\"l\":'Labor',\"v\":0.019554297586175821}]"}, {"source": 75, "prod": 0, "target": 19, "value": 0.18597745366592333, "supply": "[{\"l\":'Labor',\"v\":0.18597745366592333}]"}, {"source": 75, "prod": 0, "target": 20, "value": 0.74924280491446849, "supply": "[{\"l\":'Labor',\"v\":0.74924280491446849}]"}, {"source": 75, "prod": 0, "target": 22, "value": 0.0013544102224191045, "supply": "[{\"l\":'Labor',\"v\":0.0013544102224191045}]"}, {"source": 75, "prod": 0, "target": 23, "value": 0.0035553268338501501, "supply": "[{\"l\":'Labor',\"v\":0.0035553268338501501}]"}, {"source": 75, "prod": 0, "target": 26, "value": 0.13688008310323077, "supply": "[{\"l\":'Labor',\"v\":0.13688008310323077}]"}, {"source": 75, "prod": 0, "target": 27, "value": 0.016252922669029255, "supply": "[{\"l\":'Labor',\"v\":0.016252922669029255}]"}, {"source": 75, "prod": 0, "target": 60, "value": 0.0013544102224191045, "supply": "[{\"l\":'Labor',\"v\":0.0013544102224191045}]"}, {"source": 75, "prod": 0, "target": 28, "value": 0.0022855672503322389, "supply": "[{\"l\":'Labor',\"v\":0.0022855672503322389}]"}, {"source": 75, "prod": 0, "target": 29, "value": 0.005586942167478807, "supply": "[{\"l\":'Labor',\"v\":0.005586942167478807}]"}, {"source": 75, "prod": 0, "target": 61, "value": 0.034622111310588358, "supply": "[{\"l\":'Labor',\"v\":0.034622111310588358}]"}, {"source": 75, "prod": 0, "target": 30, "value": 0.0081264613345146276, "supply": "[{\"l\":'Labor',\"v\":0.0081264613345146276}]"}, {"source": 75, "prod": 0, "target": 33, "value": 0.010919932418254031, "supply": "[{\"l\":'Labor',\"v\":0.010919932418254031}]"}, {"source": 75, "prod": 0, "target": 2, "value": 0.12409783662915046, "supply": "[{\"l\":'Labor',\"v\":0.12409783662915046}]"}, {"source": 75, "prod": 0, "target": 34, "value": 0.021670563558705672, "supply": "[{\"l\":'Labor',\"v\":0.021670563558705672}]"}, {"source": 75, "prod": 0, "target": 36, "value": 0.0016930127780238808, "supply": "[{\"l\":'Labor',\"v\":0.0016930127780238808}]"}, {"source": 75, "prod": 0, "target": 68, "value": 8.4650638901194033e-05, "supply": "[{\"l\":'Labor',\"v\":8.4650638901194033e-05}]"}, {"source": 75, "prod": 0, "target": 39, "value": 0.0066027498342931352, "supply": "[{\"l\":'Labor',\"v\":0.0066027498342931352}]"}, {"source": 75, "prod": 0, "target": 7, "value": 0.13637217926982362, "supply": "[{\"l\":'Labor',\"v\":0.13637217926982362}]"}, {"source": 75, "prod": 0, "target": 62, "value": 0.0082957626123170165, "supply": "[{\"l\":'Labor',\"v\":0.0082957626123170165}]"}, {"source": 75, "prod": 0, "target": 43, "value": 0.0015237115002214928, "supply": "[{\"l\":'Labor',\"v\":0.0015237115002214928}]"}, {"source": 75, "prod": 0, "target": 6, "value": 0.042579271367300602, "supply": "[{\"l\":'Labor',\"v\":0.042579271367300602}]"}, {"source": 75, "prod": 0, "target": 31, "value": 2.4306584454088855, "supply": "[{\"l\":'Labor',\"v\":2.4306584454088855}]"}, {"source": 75, "prod": 0, "target": 47, "value": 0.0020316153336286569, "supply": "[{\"l\":'Labor',\"v\":0.0020316153336286569}]"}, {"source": 75, "prod": 0, "target": 48, "value": 0.00076185575011074639, "supply": "[{\"l\":'Labor',\"v\":0.00076185575011074639}]"}, {"source": 75, "prod": 0, "target": 49, "value": 0.0011004583057155227, "supply": "[{\"l\":'Labor',\"v\":0.0011004583057155227}]"}, {"source": 75, "prod": 0, "target": 50, "value": 0.13916565035356299, "supply": "[{\"l\":'Labor',\"v\":0.13916565035356299}]"}, {"source": 75, "prod": 0, "target": 3, "value": 0.07161444051041016, "supply": "[{\"l\":'Labor',\"v\":0.07161444051041016}]"}, {"source": 75, "prod": 0, "target": 53, "value": 0.0012697595835179105, "supply": "[{\"l\":'Labor',\"v\":0.0012697595835179105}]"}, {"source": 75, "prod": 0, "target": 55, "value": 0.044187633506423296, "supply": "[{\"l\":'Labor',\"v\":0.044187633506423296}]"}, {"source": 75, "prod": 0, "target": 58, "value": 0.018538489919361495, "supply": "[{\"l\":'Labor',\"v\":0.018538489919361495}]"}, {"source": 75, "prod": 0, "target": 40, "value": 0.0013544102224191045, "supply": "[{\"l\":'Labor',\"v\":0.0013544102224191045}]"}, {"source": 72, "prod": 0, "target": 66, "value": 1.2339381232616311, "supply": "[{\"l\":'Fossil Fuels',\"v\":1.2339381232616311}]"}, {"source": 73, "prod": 0, "target": 66, "value": 2.2343305236003874, "supply": "[{\"l\":'Renewables & Nuclear',\"v\":0.074569988030393081},{\"l\":'Biomass & Waste',\"v\":2.1597605355699945}]"}]}