{"nodes": [{"layer": 3, "name": "Treenuts"}, {"layer": 5, "name": "Production", "fill": "#b5cf6b"}, {"layer": 3, "name": "Vegetables"}, {"layer": 3, "name": "Sugar Crops", "fill": "#ffbb78"}, {"layer": 3, "name": "Starchy Roots"}, {"layer": 3, "name": "Pulses"}, {"layer": 3, "name": "Others"}, {"layer": 3, "name": "Cereals - Excluding Beer"}, {"layer": 3, "name": "Spices"}, {"layer": 3, "name": "Fruits - Excluding Wine"}, {"layer": 3, "name": "Oilcrops", "fill": "#ff9896"}, {"layer": 1, "name": "Electricity", "fill": "#bcbd22"}, {"layer": 0, "name": "Fossil Fuels", "fill": "#c49c94"}, {"layer": 0, "name": "Renewables & Nuclear", "fill": "#2ca02c"}, {"layer": 1, "name": "Fertilizers", "fill": "#c5b0d5"}, {"layer": 0, "name": "Labor", "fill": "#7f7f7f"}], "links": [{"source": 0, "prod": 52.0, "target": 1, "value": 0.14241346209329034, "supply": [{"l": "Treenuts", "v": 0.14241346209329034}]}, {"source": 2, "prod": 2218.0, "target": 1, "value": 0.76192902837911425, "supply": [{"l": "Tomatoes", "v": 0.040281179971642336}, {"l": "Vegetables, Other", "v": 0.45340446446228794}, {"l": "Onions", "v": 0.26824338394518404}]}, {"source": 3, "prod": 32244.0, "target": 1, "value": 10.576806324322117, "supply": [{"l": "Sugar beet", "v": 0.034114497510529092}, {"l": "Sugar cane", "v": 10.542691826811588}]}, {"source": 4, "prod": 789.0, "target": 1, "value": 0.6702689976912487, "supply": [{"l": "Roots, Other", "v": 0.24101871441519421}, {"l": "Potatoes", "v": 0.40978560810536002}, {"l": "Sweet potatoes", "v": 0.019464675170694536}]}, {"source": 5, "prod": 985.0, "target": 1, "value": 4.0003144912373756, "supply": [{"l": "Peas", "v": 0.25905486275253847}, {"l": "Beans", "v": 0.39830900987671281}, {"l": "Pulses, Other", "v": 3.3429506186081244}]}, {"source": 6, "prod": 52.0, "target": 1, "value": 0.14241346209329034, "supply": [{"l": "Nuts", "v": 0.14241346209329034}]}, {"source": 7, "prod": 16241.0, "target": 1, "value": 60.422876793076, "supply": [{"l": "Maize", "v": 3.793513679005351}, {"l": "Barley", "v": 0.32327434553573087}, {"l": "Rice", "v": 12.669742027056925}, {"l": "Wheat", "v": 41.756884189232068}, {"l": "Sorghum", "v": 0.84089726974894985}, {"l": "Millet", "v": 1.0385652824969742}]}, {"source": 8, "prod": 127.0, "target": 1, "value": 0.4317431648607617, "supply": [{"l": "Pimento", "v": 0.32686628270834994}, {"l": "Spices, Other", "v": 0.10487688215241178}]}, {"source": 9, "prod": 3512.0, "target": 1, "value": 1.933787083495017, "supply": [{"l": "Grapes", "v": 0.023674131364990386}, {"l": "Dates", "v": 0.48126453228541954}, {"l": "Apples", "v": 0.08753698948065837}, {"l": "Lemons, Limes", "v": 0.030955992985582978}, {"l": "Bananas", "v": 0.092859739405781253}, {"l": "Fruits, Other", "v": 0.74643879447766248}, {"l": "Oranges, Mandarines", "v": 0.47105690349492207}]}, {"source": 10, "prod": 2797.0, "target": 1, "value": 11.872598690403374, "supply": [{"l": "Sunflower seed", "v": 0.076410299853900007}, {"l": "Sesame seed", "v": 0.063675249878250004}, {"l": "Cottonseed", "v": 10.332370546910703}, {"l": "Groundnuts", "v": 0.18678073297620001}, {"l": "Oilcrops, Other", "v": 0.20800581626895004}, {"l": "Soyabeans", "v": 0.0077771297561221361}, {"l": "Rape and Mustardseed", "v": 0.99757891475925009}]}, {"source": 11, "prod": 0, "target": 10, "value": 0.38191028446673103, "supply": "[{\"l\":'Energy for power irrigation',\"v\":0.38191028446673103}]"}, {"source": 11, "prod": 0, "target": 0, "value": 0.0074897599957256446, "supply": "[{\"l\":'Energy for power irrigation',\"v\":0.0074897599957256446}]"}, {"source": 11, "prod": 0, "target": 2, "value": 0.30100738144983874, "supply": "[{\"l\":'Energy for power irrigation',\"v\":0.30100738144983874}]"}, {"source": 11, "prod": 0, "target": 3, "value": 4.3513481315707683, "supply": "[{\"l\":'Energy for power irrigation',\"v\":4.3513481315707683}]"}, {"source": 11, "prod": 0, "target": 4, "value": 0.10721827597484727, "supply": "[{\"l\":'Energy for power irrigation',\"v\":0.10721827597484727}]"}, {"source": 11, "prod": 0, "target": 5, "value": 0.13501810586889201, "supply": "[{\"l\":'Energy for power irrigation',\"v\":0.13501810586889201}]"}, {"source": 11, "prod": 0, "target": 6, "value": 0.0074897599957256446, "supply": "[{\"l\":'Energy for power irrigation',\"v\":0.0074897599957256446}]"}, {"source": 11, "prod": 0, "target": 7, "value": 2.2610303396105462, "supply": "[{\"l\":'Energy for power irrigation',\"v\":2.2610303396105462}]"}, {"source": 11, "prod": 0, "target": 8, "value": 0.01767853260252359, "supply": "[{\"l\":'Energy for power irrigation',\"v\":0.01767853260252359}]"}, {"source": 11, "prod": 0, "target": 9, "value": 0.47839998531256589, "supply": "[{\"l\":'Energy for power irrigation',\"v\":0.47839998531256589}]"}, {"source": 12, "prod": 0, "target": 11, "value": 8.4307016936362498, "supply": [{"l": "Coal", "v": 0.042196296438098545}, {"l": "Natural gas", "v": 5.3155707408592408}, {"l": "Oil", "v": 3.0729346563389122}]}, {"source": 13, "prod": 0, "target": 11, "value": 4.4072056483803213, "supply": [{"l": "Nuclear", "v": 0.12114826045440426}, {"l": "Hydroelectric", "v": 4.2860573879259167}, {"l": "Renewable", "v": 0.0}]}, {"source": 12, "prod": 0, "target": 10, "value": 0.29004182939860806, "supply": [{"l": "Gas-Diesel oil", "v": 0.12403545966616256}, {"l": "Fuel oil", "v": 0.00053212621540968115}, {"l": "Other fossil fuels", "v": 0.1654742435170358}]}, {"source": 12, "prod": 0, "target": 0, "value": 0.0056880994811387793, "supply": [{"l": "Gas-Diesel oil", "v": 0.0024324975305554846}, {"l": "Fuel oil", "v": 1.043569079690364e-05}, {"l": "Other fossil fuels", "v": 0.003245166259786391}]}, {"source": 12, "prod": 0, "target": 2, "value": 0.22860010617441529, "supply": [{"l": "Gas-Diesel oil", "v": 0.097760103457729883}, {"l": "Fuel oil", "v": 0.00041940195175664086}, {"l": "Other fossil fuels", "v": 0.13042060076492876}]}, {"source": 12, "prod": 0, "target": 3, "value": 3.3046320661232214, "supply": [{"l": "Gas-Diesel oil", "v": 1.4132153220762349}, {"l": "Fuel oil", "v": 0.0060628543073038008}, {"l": "Other fossil fuels", "v": 1.8853538897396827}]}, {"source": 12, "prod": 0, "target": 4, "value": 0.081426937617383066, "supply": [{"l": "Gas-Diesel oil", "v": 0.034821969153627612}, {"l": "Fuel oil", "v": 0.00014939020429080975}, {"l": "Other fossil fuels", "v": 0.046455578259464642}]}, {"source": 12, "prod": 0, "target": 5, "value": 0.10253952307890719, "supply": [{"l": "Gas-Diesel oil", "v": 0.043850698726500222}, {"l": "Fuel oil", "v": 0.00018812448004147913}, {"l": "Other fossil fuels", "v": 0.058500699872365482}]}, {"source": 12, "prod": 0, "target": 6, "value": 0.0056880994811387793, "supply": [{"l": "Gas-Diesel oil", "v": 0.0024324975305554846}, {"l": "Fuel oil", "v": 1.043569079690364e-05}, {"l": "Other fossil fuels", "v": 0.003245166259786391}]}, {"source": 12, "prod": 0, "target": 7, "value": 1.7171398694908051, "supply": [{"l": "Gas-Diesel oil", "v": 0.73432936712958319}, {"l": "Fuel oil", "v": 0.0031503564226436406}, {"l": "Other fossil fuels", "v": 0.9796601459385782}]}, {"source": 12, "prod": 0, "target": 8, "value": 0.013425964541066307, "supply": [{"l": "Gas-Diesel oil", "v": 0.0057415707477976299}, {"l": "Fuel oil", "v": 2.463199088998877e-05}, {"l": "Other fossil fuels", "v": 0.007659761802378688}]}, {"source": 12, "prod": 0, "target": 9, "value": 0.3633209488403058, "supply": [{"l": "Gas-Diesel oil", "v": 0.15537304046521067}, {"l": "Fuel oil", "v": 0.00066656799774816942}, {"l": "Other fossil fuels", "v": 0.20728134037734697}]}, {"source": 14, "prod": 71.65301291825142, "target": 10, "value": 1.0552840421006242, "supply": [{"l": "Potash", "v": 0.085133930623662687}, {"l": "Phosphate", "v": 1.4719740011775793}, {"l": "Nitrogen", "v": 20.698198599891889}]}, {"source": 14, "prod": 1.4052092639445068, "target": 0, "value": 0.020695499765577614, "supply": [{"l": "Potash", "v": 0.085133930623662687}, {"l": "Phosphate", "v": 1.4719740011775793}, {"l": "Nitrogen", "v": 20.698198599891889}]}, {"source": 14, "prod": 56.474220959067068, "target": 2, "value": 0.83173535544361921, "supply": [{"l": "Potash", "v": 0.085133930623662687}, {"l": "Phosphate", "v": 1.4719740011775793}, {"l": "Nitrogen", "v": 20.698198599891889}]}, {"source": 14, "prod": 816.38860372300314, "target": 3, "value": 12.02352602596909, "supply": [{"l": "Potash", "v": 0.085133930623662687}, {"l": "Phosphate", "v": 1.4719740011775793}, {"l": "Nitrogen", "v": 20.698198599891889}]}, {"source": 14, "prod": 20.116013697367759, "target": 4, "value": 0.29626260475227773, "supply": [{"l": "Potash", "v": 0.085133930623662687}, {"l": "Phosphate", "v": 1.4719740011775793}, {"l": "Nitrogen", "v": 20.698198599891889}]}, {"source": 14, "prod": 25.331745379756377, "target": 5, "value": 0.37307833361189913, "supply": [{"l": "Potash", "v": 0.085133930623662687}, {"l": "Phosphate", "v": 1.4719740011775793}, {"l": "Nitrogen", "v": 20.698198599891889}]}, {"source": 14, "prod": 1.4052092639445068, "target": 6, "value": 0.020695499765577614, "supply": [{"l": "Potash", "v": 0.085133930623662687}, {"l": "Phosphate", "v": 1.4719740011775793}, {"l": "Nitrogen", "v": 20.698198599891889}]}, {"source": 14, "prod": 424.20862365330163, "target": 7, "value": 6.2476171319345974, "supply": [{"l": "Potash", "v": 0.085133930623662687}, {"l": "Phosphate", "v": 1.4719740011775793}, {"l": "Nitrogen", "v": 20.698198599891889}]}, {"source": 14, "prod": 3.3168002446257723, "target": 8, "value": 0.048848837284516528, "supply": [{"l": "Potash", "v": 0.085133930623662687}, {"l": "Phosphate", "v": 1.4719740011775793}, {"l": "Nitrogen", "v": 20.698198599891889}]}, {"source": 14, "prod": 89.756159291590563, "target": 9, "value": 1.3219017417832908, "supply": [{"l": "Potash", "v": 0.085133930623662687}, {"l": "Phosphate", "v": 1.4719740011775793}, {"l": "Nitrogen", "v": 20.698198599891889}]}, {"source": 12, "prod": 0, "target": 14, "value": 26.243393467443273, "supply": [{"l": "Natural gas (including LNG)", "v": 17.927787414737285}, {"l": "Fuel oil", "v": 4.6567609290183185}, {"l": "Liquefied petroleum gas (LPG)", "v": 1.8294225618438344}, {"l": "Coal", "v": 1.8294225618438344}]}, {"source": 15, "prod": 0, "target": 10, "value": 0.4096240817436072, "supply": "[{\"l\":'Labor',\"v\":0.4096240817436072}]"}, {"source": 15, "prod": 0, "target": 0, "value": 0.0080332637939117303, "supply": "[{\"l\":'Labor',\"v\":0.0080332637939117303}]"}, {"source": 15, "prod": 0, "target": 2, "value": 0.32285035842018228, "supply": "[{\"l\":'Labor',\"v\":0.32285035842018228}]"}, {"source": 15, "prod": 0, "target": 3, "value": 4.667109149025042, "supply": "[{\"l\":'Labor',\"v\":4.667109149025042}]"}, {"source": 15, "prod": 0, "target": 4, "value": 0.11499870422095261, "supply": "[{\"l\":'Labor',\"v\":0.11499870422095261}]"}, {"source": 15, "prod": 0, "target": 5, "value": 0.14481586352808445, "supply": "[{\"l\":'Labor',\"v\":0.14481586352808445}]"}, {"source": 15, "prod": 0, "target": 6, "value": 0.0080332637939117303, "supply": "[{\"l\":'Labor',\"v\":0.0080332637939117303}]"}, {"source": 15, "prod": 0, "target": 7, "value": 2.4251048330647587, "supply": "[{\"l\":'Labor',\"v\":2.4251048330647587}]"}, {"source": 15, "prod": 0, "target": 8, "value": 0.018961397423467329, "supply": "[{\"l\":'Labor',\"v\":0.018961397423467329}]"}, {"source": 15, "prod": 0, "target": 9, "value": 0.51311567836787542, "supply": "[{\"l\":'Labor',\"v\":0.51311567836787542}]"}]}