{"nodes": [{"layer": 5, "name": "Fruits & Vegetables"}, {"layer": 10, "name": "Feed", "fill": "#dbdb8d"}, {"layer": 13, "name": "Animal Products", "fill": "#17becf"}, {"layer": 5, "name": "Cereals", "fill": "#e7ba52"}, {"layer": 5, "name": "Oilcrops", "fill": "#ff9896"}, {"layer": 13, "name": "Other Processed", "fill": "#9c9ede"}, {"layer": 16, "name": "Food", "fill": "#b5cf6b"}, {"layer": 5, "name": "Sugar Crops", "fill": "#ffbb78"}, {"layer": 13, "name": "Sugar", "fill": "#d6616b"}, {"layer": 5, "name": "Starchy Roots"}, {"layer": 5, "name": "Others"}, {"layer": 13, "name": "Aquatic Products", "fill": "#1f77b4"}, {"layer": 13, "name": "Vegetable Oils", "fill": "#f7b6d2"}, {"layer": 10, "name": "Processing", "fill": "#9edae5"}, {"layer": 16, "name": "Biofuels & Other", "fill": "#e7ba52"}, {"name": "Waste", "fill": "#c7c7c7"}, {"layer": 2, "name": "Import", "fill": "#aec7e8"}, {"layer": 16, "name": "Export", "fill": "#aec7e8"}, {"layer": 0, "name": "Stock Draw", "fill": "#c7c7c7"}, {"layer": 16, "name": "Stock Deposit", "fill": "#c7c7c7"}, {"name": "Crop Residue", "fill": "#bd9e39"}, {"layer": 2, "name": "Electricity", "fill": "#bcbd22"}, {"layer": 0, "name": "Fossil Fuels", "fill": "#c49c94"}, {"layer": 0, "name": "Renewables & Nuclear", "fill": "#2ca02c"}, {"layer": 2, "name": "Fertilizers", "fill": "#c5b0d5"}, {"layer": 0, "name": "Labor", "fill": "#7f7f7f"}], "links": [{"source": 0, "prod": 138.0, "target": 1, "value": 0.56911816601026555, "supply": [{"l": "Pulses, Other", "v": 0.56911816601026555}]}, {"source": 2, "prod": 382.0, "target": 1, "value": 0.2767176231567115, "supply": [{"l": "Milk - Excluding Butter", "v": 0.2767176231567115}]}, {"source": 3, "prod": 115.0, "target": 1, "value": 0.3950717546667521, "supply": [{"l": "Maize", "v": 0.14522425410828949}, {"l": "Barley", "v": 0.10838340404808511}, {"l": "Millet", "v": 0.068728841138428573}, {"l": "Sorghum", "v": 0.072735255371948901}]}, {"source": 4, "prod": 329.0, "target": 1, "value": 2.148631508712231, "supply": [{"l": "Cottonseed", "v": 2.148631508712231}]}, {"source": 5, "prod": 191.0, "target": 6, "value": 1.9285033923438728, "supply": [{"l": "Beer", "v": 0.029915463703143505}, {"l": "Butter, Ghee", "v": 1.6337394789479285}, {"l": "Fats, Animals, Raw", "v": 0.24490480722403846}, {"l": "Beverages, Fermented", "v": 0.019943642468762339}]}, {"source": 2, "prod": 7334.0, "target": 6, "value": 6.1432666787592591, "supply": [{"l": "Poultry Meat", "v": 0.027168106614720001}, {"l": "Eggs", "v": 0.054423290494230774}, {"l": "Mutton & Goat Meat", "v": 0.4090089043274453}, {"l": "Milk - Excluding Butter", "v": 4.8584950222828915}, {"l": "Meat, Other", "v": 0.029184489527531249}, {"l": "Offals, Edible", "v": 0.10915757121985716}, {"l": "Bovine Meat", "v": 0.65582929429258296}]}, {"source": 3, "prod": 10917.0, "target": 6, "value": 40.31102556238848, "supply": [{"l": "Maize", "v": 2.0480343528092106}, {"l": "Barley", "v": 0.081287553036063831}, {"l": "Rice", "v": 6.0306465776861709}, {"l": "Wheat", "v": 29.668923447680353}, {"l": "Sorghum", "v": 1.2288429986523999}, {"l": "Millet", "v": 1.2532906325242856}]}, {"source": 4, "prod": 10.0, "target": 6, "value": 0.061435266885347208, "supply": [{"l": "Groundnuts", "v": 0.052246358874461538}, {"l": "Oilcrops, Other", "v": 0.0053062708231875}, {"l": "Soyabeans", "v": 0.0038826371876981708}]}, {"source": 7, "prod": 997.0, "target": 6, "value": 0.3274492540483056, "supply": [{"l": "Sugar cane", "v": 0.3274492540483056}]}, {"source": 8, "prod": 1873.0, "target": 6, "value": 7.6970103740357159, "supply": [{"l": "Sugar", "v": 2.6174151494669271}, {"l": "Sugar non-centrifugal", "v": 5.0218324818465421}, {"l": "Sweeteners, Other", "v": 0.053621263055368434}, {"l": "Honey", "v": 0.0041414796668780484}]}, {"source": 9, "prod": 203.0, "target": 6, "value": 0.15109502429927349, "supply": [{"l": "Roots, Other", "v": 0.001054662523863354}, {"l": "Potatoes", "v": 0.13624208870346283}, {"l": "Sweet potatoes", "v": 0.013798273071947311}]}, {"source": 0, "prod": 4204.0, "target": 6, "value": 4.2962674718218228, "supply": [{"l": "Treenuts", "v": 0.10775811517857693}, {"l": "Vegetables, Other", "v": 0.40949137121868806}, {"l": "Peas", "v": 0.35590465753205436}, {"l": "Grapes", "v": 0.054992261258488648}, {"l": "Dates", "v": 0.32774025672628682}, {"l": "Beans", "v": 0.19017674630304002}, {"l": "Apples", "v": 0.027330929171486301}, {"l": "Lemons, Limes", "v": 0.012793200888780823}, {"l": "Bananas", "v": 0.054661858342972602}, {"l": "Fruits, Other", "v": 0.46402729069243842}, {"l": "Oranges, Mandarines", "v": 0.16378324582085957}, {"l": "Onions", "v": 0.082081376796181646}, {"l": "Pulses, Other", "v": 2.0455261618919689}]}, {"source": 10, "prod": 125.0, "target": 6, "value": 0.29958272242726258, "supply": [{"l": "Nuts", "v": 0.10775811517857693}, {"l": "Pepper", "v": 0.0028646172197642665}, {"l": "Pimento", "v": 0.13534835722913044}, {"l": "Spices, Other", "v": 0.026531354115937499}, {"l": "Tea", "v": 0.027080278683853449}]}, {"source": 11, "prod": 162.0, "target": 6, "value": 0.11753041396584359, "supply": [{"l": "Crustaceans", "v": 0.0067381216802380947}, {"l": "Marine Fish, Other", "v": 0.0053810070319647886}, {"l": "Freshwater Fish", "v": 0.027140270439909835}, {"l": "Fish, Seafood", "v": 0.054578785609928578}, {"l": "Pelagic Fish", "v": 0.015691150685069308}, {"l": "Demersal Fish", "v": 0.0080010785187329854}]}, {"source": 12, "prod": 269.0, "target": 6, "value": 2.5691094503699463, "supply": [{"l": "Ricebran Oil", "v": 0.028300111057000001}, {"l": "Groundnut Oil", "v": 0.11320044422800001}, {"l": "Soyabean Oil", "v": 0.7108604167198983}, {"l": "Palm Oil", "v": 0.025470099951300004}, {"l": "Rape and Mustard Oil", "v": 0.8180178086548906}, {"l": "Cottonseed Oil", "v": 0.87326056975885724}]}, {"source": 7, "prod": 17067.0, "target": 13, "value": 5.6053925966323286, "supply": [{"l": "Sugar beet", "v": 0.036784670464804645}, {"l": "Sugar cane", "v": 5.5686079261675241}]}, {"source": 0, "prod": 3.0, "target": 13, "value": 0.0017445273939246575, "supply": [{"l": "Apples", "v": 0.0017445273939246575}]}, {"source": 3, "prod": 7.0, "target": 13, "value": 0.024897058340430725, "supply": [{"l": "Maize", "v": 0.018618494116447368}, {"l": "Wheat", "v": 0.0035689791227812291}, {"l": "Barley", "v": 0.0027095851012021279}]}, {"source": 4, "prod": 879.0, "target": 13, "value": 5.4407829332158544, "supply": [{"l": "Coconuts - Incl Copra", "v": 0.072551193800672723}, {"l": "Cottonseed", "v": 3.2653974296538464}, {"l": "Sesame seed", "v": 0.078369538311692299}, {"l": "Rape and Mustardseed", "v": 1.6457603045455387}, {"l": "Groundnuts", "v": 0.16326987148269229}, {"l": "Oilcrops, Other", "v": 0.16449439551881251}, {"l": "Oil Palm", "v": 0.0509401999026}]}, {"source": 8, "prod": 7.0, "target": 13, "value": 0.028990357668146342, "supply": [{"l": "Sugar", "v": 0.028990357668146342}]}, {"source": 11, "prod": 4.0, "target": 14, "value": 0.0026811374225031168, "supply": [{"l": "Fish, Seafood", "v": 0.0013476243360476192}, {"l": "Demersal Fish", "v": 0.0013335130864554976}]}, {"source": 5, "prod": 50.0, "target": 14, "value": 0.4901608723389162, "supply": [{"l": "Alcohol, Non-Food", "v": 0.019943642468762339}, {"l": "Fats, Animals, Raw", "v": 0.47021722987015385}]}, {"source": 12, "prod": 45.0, "target": 14, "value": 0.45926602289695806, "supply": [{"l": "Sesameseed Oil", "v": 0.053062708231874998}, {"l": "Soyabean Oil", "v": 0.13094797150103391}, {"l": "Coconut Oil", "v": 0.14495178834073169}, {"l": "Palm Oil", "v": 0.0084900333171}, {"l": "Oilcrops Oil, Other", "v": 0.12181352150621741}]}, {"source": 3, "prod": 221.0, "target": 14, "value": 0.89363231943579791, "supply": [{"l": "Maize", "v": 0.38354097879881577}, {"l": "Wheat", "v": 0.0035689791227812291}, {"l": "Rice", "v": 0.50652236151420094}]}, {"source": 4, "prod": 393.0, "target": 14, "value": 2.5666023797079234, "supply": [{"l": "Cottonseed", "v": 2.4163940979438463}, {"l": "Rape and Mustardseed", "v": 0.15020828176407694}]}, {"source": 2, "prod": 2.0, "target": 2, "value": 0.0043538632395384615, "supply": [{"l": "Eggs", "v": 0.0043538632395384615}]}, {"source": 3, "prod": 569.0, "target": 3, "value": 2.1087096585151803, "supply": [{"l": "Maize", "v": 0.14522425410828949}, {"l": "Wheat", "v": 1.4168847117441479}, {"l": "Millet", "v": 0.028300111057000001}, {"l": "Barley", "v": 0.037934191416829785}, {"l": "Rice", "v": 0.44591284817062132}, {"l": "Sorghum", "v": 0.034453542018291587}]}, {"source": 4, "prod": 101.0, "target": 4, "value": 0.65716123271783655, "supply": [{"l": "Cottonseed", "v": 0.59430233219700002}, {"l": "Groundnuts", "v": 0.026123179437230769}, {"l": "Rape and Mustardseed", "v": 0.026123179437230769}, {"l": "Oilcrops, Other", "v": 0.010612541646375}]}, {"source": 7, "prod": 1995.0, "target": 7, "value": 0.65522694265433268, "supply": [{"l": "Sugar cane", "v": 0.65522694265433268}]}, {"source": 9, "prod": 23.0, "target": 9, "value": 0.016492463369366554, "supply": [{"l": "Potatoes", "v": 0.016492463369366554}]}, {"source": 0, "prod": 76.0, "target": 0, "value": 0.31261725010750036, "supply": [{"l": "Beans", "v": 0.019810077739900001}, {"l": "Pulses, Other", "v": 0.29280717236760034}]}, {"source": 2, "prod": 833.0, "target": 15, "value": 0.60777589229404738, "supply": [{"l": "Milk - Excluding Butter", "v": 0.60124509743473964}, {"l": "Eggs", "v": 0.0065307948593076922}]}, {"source": 3, "prod": 377.0, "target": 15, "value": 1.4186758729637607, "supply": [{"l": "Maize", "v": 0.14522425410828949}, {"l": "Sorghum", "v": 0.072735255371948901}, {"l": "Rice", "v": 0.32036457053034939}, {"l": "Wheat", "v": 0.79945132350299519}, {"l": "Millet", "v": 0.072771714146571423}, {"l": "Barley", "v": 0.0081287553036063828}]}, {"source": 4, "prod": 37.0, "target": 15, "value": 0.23919036172214425, "supply": [{"l": "Cottonseed", "v": 0.169800666342}, {"l": "Rape and Mustardseed", "v": 0.058777153733769232}, {"l": "Oilcrops, Other", "v": 0.010612541646375}]}, {"source": 9, "prod": 25.0, "target": 15, "value": 0.018359383083450562, "supply": [{"l": "Potatoes", "v": 0.017209526994121621}, {"l": "Sweet potatoes", "v": 0.0011498560893289426}]}, {"source": 0, "prod": 207.0, "target": 15, "value": 0.13441031858450667, "supply": [{"l": "Dates", "v": 0.0093640073350367663}, {"l": "Oranges, Mandarines", "v": 0.0065644587503350515}, {"l": "Fruits, Other", "v": 0.0080351046007348641}, {"l": "Beans", "v": 0.0039620155479800009}, {"l": "Apples", "v": 0.0017445273939246575}, {"l": "Lemons, Limes", "v": 0.0005815091313082192}, {"l": "Pulses, Other", "v": 0.057736625537273316}, {"l": "Bananas", "v": 0.0063966004443904113}, {"l": "Vegetables, Other", "v": 0.032653974296538463}, {"l": "Grapes", "v": 0.0028943295399204549}, {"l": "Onions", "v": 0.0044771660070644535}]}, {"source": 10, "prod": 2.0, "target": 15, "value": 0.0038079984518227137, "supply": [{"l": "Tea", "v": 0.00073189942388793099}, {"l": "Pimento", "v": 0.0030760990279347826}]}, {"source": 16, "prod": 44.0, "target": 10, "value": 0.043942472385474399, "supply": [{"l": "Spices, Other", "v": 0.01326567705796875}, {"l": "Tea", "v": 0.027812178107741378}, {"l": "Pepper", "v": 0.0028646172197642665}]}, {"source": 16, "prod": 21.0, "target": 1, "value": 0.015212225356782572, "supply": [{"l": "Milk - Excluding Butter", "v": 0.015212225356782572}]}, {"source": 16, "prod": 341.0, "target": 13, "value": 2.067910974557968, "supply": [{"l": "Sweeteners, Other", "v": 0.0044684385879473695}, {"l": "Fats, Animals, Raw", "v": 0.47021722987015385}, {"l": "Soyabean Oil", "v": 0.57991244521886443}, {"l": "Coconut Oil", "v": 0.072475894170365845}, {"l": "Sugar", "v": 0.91112552671317071}, {"l": "Palm Oil", "v": 0.0084900333171}, {"l": "Oilcrops Oil, Other", "v": 0.011073956500565219}, {"l": "Butter, Ghee", "v": 0.010147450179800798}]}, {"source": 16, "prod": 1375.0, "target": 3, "value": 4.9085840514282557, "supply": [{"l": "Maize", "v": 0.029789590586315792}, {"l": "Wheat", "v": 4.8787944608419398}]}, {"source": 16, "prod": 51.0, "target": 0, "value": 0.042533627080960597, "supply": [{"l": "Vegetables, Other", "v": 0.00026333850239143922}, {"l": "Fruits, Other", "v": 0.0080351046007348641}, {"l": "Dates", "v": 0.0037456029340147061}, {"l": "Apples", "v": 0.0005815091313082192}, {"l": "Grapes", "v": 0.02990807191251137}]}, {"source": 16, "prod": 47.0, "target": 4, "value": 0.072551193800672723, "supply": [{"l": "Coconuts - Incl Copra", "v": 0.072551193800672723}]}, {"source": 16, "prod": 1.0, "target": 9, "value": 0.001054662523863354, "supply": [{"l": "Roots, Other", "v": 0.001054662523863354}]}, {"source": 3, "prod": 817.0, "target": 17, "value": 3.49908748553892, "supply": [{"l": "Maize", "v": 0.003723698823289474}, {"l": "Barley", "v": 0.051482116922840424}, {"l": "Rice", "v": 3.3984619981935702}, {"l": "Sorghum", "v": 0.038281713353657321}, {"l": "Wheat", "v": 0.0071379582455624582}]}, {"source": 4, "prod": 42.0, "target": 17, "value": 0.22286337457387501, "supply": [{"l": "Oilcrops, Other", "v": 0.22286337457387501}]}, {"source": 8, "prod": 1.0, "target": 17, "value": 0.0041414796668780484, "supply": [{"l": "Sugar", "v": 0.0041414796668780484}]}, {"source": 9, "prod": 3.0, "target": 17, "value": 0.0021511908742652026, "supply": [{"l": "Potatoes", "v": 0.0021511908742652026}]}, {"source": 0, "prod": 63.0, "target": 17, "value": 0.031622935087057817, "supply": [{"l": "Fruits, Other", "v": 0.0095416867133726515}, {"l": "Bananas", "v": 0.0005815091313082192}, {"l": "Vegetables, Other", "v": 0.0021067080191315138}, {"l": "Treenuts", "v": 0.0065307948593076922}, {"l": "Oranges, Mandarines", "v": 0.0068926816878518045}, {"l": "Onions", "v": 0.0059695546760859374}]}, {"source": 10, "prod": 12.0, "target": 17, "value": 0.035176967056950351, "supply": [{"l": "Nuts", "v": 0.0065307948593076922}, {"l": "Spices, Other", "v": 0.01326567705796875}, {"l": "Pimento", "v": 0.015380495139673912}]}, {"source": 11, "prod": 308.0, "target": 17, "value": 0.21885248715499944, "supply": [{"l": "Fish, Seafood", "v": 0.10376707387566668}, {"l": "Pelagic Fish", "v": 0.019053540117584158}, {"l": "Crustaceans", "v": 0.0080857460162857137}, {"l": "Demersal Fish", "v": 0.070009437038913616}, {"l": "Marine Fish, Other", "v": 0.017936690106549299}]}, {"source": 18, "prod": 30.0, "target": 13, "value": 0.2788760096362678, "supply": [{"l": "Palm Oil", "v": 0.0169800666342}, {"l": "Soyabean Oil", "v": 0.26189594300206781}]}, {"source": 8, "prod": 46.0, "target": 19, "value": 0.19050806467639025, "supply": [{"l": "Sugar", "v": 0.19050806467639025}]}, {"source": 18, "prod": 144.0, "target": 3, "value": 0.52609734296580257, "supply": [{"l": "Rice", "v": 0.069268015249805262}, {"l": "Wheat", "v": 0.45682932771599732}]}, {"source": 1, "prod": 474.0, "target": 11, "value": 0.33906403854334616, "supply": [{"l": "Pelagic Fish", "v": 0.034744690802653466}, {"l": "Crustaceans", "v": 0.014823867696523808}, {"l": "Freshwater Fish", "v": 0.027140270439909835}, {"l": "Demersal Fish", "v": 0.079344028644102102}, {"l": "Fish, Seafood", "v": 0.15969348382164289}, {"l": "Marine Fish, Other", "v": 0.023317697138514087}]}, {"source": 1, "prod": 8549.0, "target": 2, "value": 7.0277601942100185, "supply": [{"l": "Poultry Meat", "v": 0.027168106614720001}, {"l": "Bovine Meat", "v": 0.65582929429258296}, {"l": "Eggs", "v": 0.065307948593076925}, {"l": "Milk - Excluding Butter", "v": 5.7364577428743431}, {"l": "Offals, Edible", "v": 0.10915757121985716}, {"l": "Meat, Other", "v": 0.029184489527531249}, {"l": "Mutton & Goat Meat", "v": 0.4090089043274453}]}, {"source": 13, "prod": 241.0, "target": 5, "value": 2.4186642646827892, "supply": [{"l": "Fats, Animals, Raw", "v": 0.71512203709419231}, {"l": "Beer", "v": 0.029915463703143505}, {"l": "Butter, Ghee", "v": 1.6337394789479285}, {"l": "Beverages, Fermented", "v": 0.019943642468762339}, {"l": "Alcohol, Non-Food", "v": 0.019943642468762339}]}, {"source": 13, "prod": 314.0, "target": 12, "value": 3.0283754732669044, "supply": [{"l": "Ricebran Oil", "v": 0.028300111057000001}, {"l": "Sesameseed Oil", "v": 0.053062708231874998}, {"l": "Soyabean Oil", "v": 0.84180838822093218}, {"l": "Coconut Oil", "v": 0.14495178834073169}, {"l": "Rape and Mustard Oil", "v": 0.8180178086548906}, {"l": "Cottonseed Oil", "v": 0.87326056975885724}, {"l": "Groundnut Oil", "v": 0.11320044422800001}, {"l": "Palm Oil", "v": 0.0339601332684}, {"l": "Oilcrops Oil, Other", "v": 0.12181352150621741}]}, {"source": 13, "prod": 1927.0, "target": 8, "value": 7.9206502760471302, "supply": [{"l": "Honey", "v": 0.0041414796668780484}, {"l": "Sweeteners, Other", "v": 0.053621263055368434}, {"l": "Sugar non-centrifugal", "v": 5.0218324818465421}, {"l": "Sugar", "v": 2.8410550514783419}]}, {"source": 9, "prod": 127.0, "target": 20, "value": 0.45689578319780944, "supply": [{"l": "Roots, Other", "v": 0.0012820538277763976}, {"l": "Potatoes", "v": 0.41927166586500003}, {"l": "Sweet potatoes", "v": 0.03634206350503303}]}, {"source": 7, "prod": 8023.6000000000004, "target": 20, "value": 27.975618613176003, "supply": [{"l": "Sugar beet", "v": 0.15620266636800004}, {"l": "Sugar cane", "v": 27.819415946808004}]}, {"source": 0, "prod": 4665.5, "target": 20, "value": 24.019062897089686, "supply": [{"l": "Vegetables, Other", "v": 5.8802633220900002}, {"l": "Peas", "v": 0.31031333274}, {"l": "Beans", "v": 0.18827999964000003}, {"l": "Pulses, Other", "v": 2.5086566618700004}, {"l": "Onions", "v": 0.65026333208999998}]}, {"source": 3, "prod": 24529.0, "target": 20, "value": 84.834696667199438, "supply": [{"l": "Maize", "v": 5.3834133230400001}, {"l": "Barley", "v": 0.75311999856000011}, {"l": "Rice", "v": 17.182293300480001}, {"l": "Wheat", "v": 57.115086557460003}, {"l": "Sorghum", "v": 2.6359199949600001}, {"l": "Millet", "v": 2.4546133286399998}]}, {"source": 4, "prod": 1756.0, "target": 20, "value": 6.0076105361850143, "supply": [{"l": "Coconuts - Incl Copra", "v": 0.019366848447818181}, {"l": "Sesame seed", "v": 0.041839999919999996}, {"l": "Soyabeans", "v": 0.0020728658496951221}, {"l": "Groundnuts", "v": 0.13074999975000001}, {"l": "Rape and Mustardseed", "v": 1.0024166647500001}, {"l": "Oilcrops, Other", "v": 0.2209674995775}, {"l": "Cottonseed", "v": 4.59019665789}]}, {"source": 21, "prod": 0, "target": 3, "value": 2.1840668991988514, "supply": "[{\"l\":'Energy for power irrigation',\"v\":2.1840668991988514}]"}, {"source": 21, "prod": 0, "target": 4, "value": 0.314846123183462, "supply": "[{\"l\":'Energy for power irrigation',\"v\":0.314846123183462}]"}, {"source": 21, "prod": 0, "target": 7, "value": 3.5721144711182489, "supply": "[{\"l\":'Energy for power irrigation',\"v\":3.5721144711182489}]"}, {"source": 21, "prod": 0, "target": 9, "value": 0.045232418149660267, "supply": "[{\"l\":'Energy for power irrigation',\"v\":0.045232418149660267}]"}, {"source": 21, "prod": 0, "target": 0, "value": 0.83083404282377937, "supply": "[{\"l\":'Energy for power irrigation',\"v\":0.83083404282377937}]"}, {"source": 21, "prod": 0, "target": 10, "value": 0.020657324824254295, "supply": "[{\"l\":'Energy for power irrigation',\"v\":0.020657324824254295}]"}, {"source": 21, "prod": 0, "target": 13, "value": 1.1690000009351997, "supply": "[{\"l\":'Electricity',\"v\":1.1690000009351997}]"}, {"source": 22, "prod": 0, "target": 21, "value": 8.6141203924843328, "supply": [{"l": "Coal", "v": 0.16437730430862524}, {"l": "Natural gas", "v": 7.7621504647698911}, {"l": "Oil", "v": 0.68759262340581639}]}, {"source": 23, "prod": 0, "target": 21, "value": 4.52538190457296, "supply": [{"l": "Nuclear", "v": 0.29528141210349412}, {"l": "Hydroelectric", "v": 4.2301004924694663}, {"l": "Renewable", "v": 0.0}]}, {"source": 22, "prod": 0, "target": 3, "value": 1.6940871912936046, "supply": [{"l": "Gas-Diesel oil", "v": 1.2093215017498096}, {"l": "Fuel oil", "v": 0.0083882333489790645}, {"l": "Other fossil fuels", "v": 0.47637745619481603}]}, {"source": 22, "prod": 0, "target": 4, "value": 0.244212658828904, "supply": [{"l": "Gas-Diesel oil", "v": 0.17433082596874422}, {"l": "Fuel oil", "v": 0.0012092133035178758}, {"l": "Other fossil fuels", "v": 0.068672619556641917}]}, {"source": 22, "prod": 0, "target": 7, "value": 2.7707362689191091, "supply": [{"l": "Gas-Diesel oil", "v": 1.9778857681600905}, {"l": "Fuel oil", "v": 0.013719236230353545}, {"l": "Other fossil fuels", "v": 0.77913126452866521}]}, {"source": 22, "prod": 0, "target": 9, "value": 0.035084850306867435, "supply": [{"l": "Gas-Diesel oil", "v": 0.02504526572175398}, {"l": "Fuel oil", "v": 0.00017372182075426495}, {"l": "Other fossil fuels", "v": 0.0098658627643591901}]}, {"source": 22, "prod": 0, "target": 0, "value": 0.64444239805783465, "supply": [{"l": "Gas-Diesel oil", "v": 0.460034201672611}, {"l": "Fuel oil", "v": 0.0031909415540512724}, {"l": "Other fossil fuels", "v": 0.18121725483117243}]}, {"source": 22, "prod": 0, "target": 10, "value": 0.016023002502348904, "supply": [{"l": "Gas-Diesel oil", "v": 0.011437995368990005}, {"l": "Fuel oil", "v": 7.9337524438955644e-05}, {"l": "Other fossil fuels", "v": 0.0045056696089199443}]}, {"source": 24, "prod": 126.22150586551486, "target": 3, "value": 2.0452627216491024, "supply": [{"l": "Potash", "v": 0.0068455833388098002}, {"l": "Phosphate", "v": 0.24436108352882219}, {"l": "Nitrogen", "v": 6.2737225605745328}]}, {"source": 24, "prod": 18.19557441153168, "target": 4, "value": 0.29483668244735728, "supply": [{"l": "Potash", "v": 0.0068455833388098002}, {"l": "Phosphate", "v": 0.24436108352882219}, {"l": "Nitrogen", "v": 6.2737225605745328}]}, {"source": 24, "prod": 206.43949497789251, "target": 7, "value": 3.3450955957078841, "supply": [{"l": "Potash", "v": 0.0068455833388098002}, {"l": "Phosphate", "v": 0.24436108352882219}, {"l": "Nitrogen", "v": 6.2737225605745328}]}, {"source": 24, "prod": 2.6140700794847551, "target": 9, "value": 0.042357758677391825, "supply": [{"l": "Potash", "v": 0.0068455833388098002}, {"l": "Phosphate", "v": 0.24436108352882219}, {"l": "Nitrogen", "v": 6.2737225605745328}]}, {"source": 24, "prod": 48.015527385181592, "target": 0, "value": 0.77803198074555735, "supply": [{"l": "Potash", "v": 0.0068455833388098002}, {"l": "Phosphate", "v": 0.24436108352882219}, {"l": "Nitrogen", "v": 6.2737225605745328}]}, {"source": 24, "prod": 1.1938272803946124, "target": 10, "value": 0.019344488214871856, "supply": [{"l": "Potash", "v": 0.0068455833388098002}, {"l": "Phosphate", "v": 0.24436108352882219}, {"l": "Nitrogen", "v": 6.2737225605745328}]}, {"source": 22, "prod": 0, "target": 24, "value": 7.6845264895552727, "supply": [{"l": "Natural gas (including LNG)", "v": 5.2420521877764363}, {"l": "Fuel oil", "v": 1.3334609213464279}, {"l": "Liquefied petroleum gas (LPG)", "v": 0.55450669021620425}, {"l": "Coal", "v": 0.55450669021620425}]}, {"source": 25, "prod": 0, "target": 3, "value": 2.1757170371508119, "supply": "[{\"l\":'Labor',\"v\":2.1757170371508119}]"}, {"source": 25, "prod": 0, "target": 4, "value": 0.31364244132925401, "supply": "[{\"l\":'Labor',\"v\":0.31364244132925401}]"}, {"source": 25, "prod": 0, "target": 7, "value": 3.5584579924341093, "supply": "[{\"l\":'Labor',\"v\":3.5584579924341093}]"}, {"source": 25, "prod": 0, "target": 9, "value": 0.045059491005447122, "supply": "[{\"l\":'Labor',\"v\":0.045059491005447122}]"}, {"source": 25, "prod": 0, "target": 0, "value": 0.82765769797603761, "supply": "[{\"l\":'Labor',\"v\":0.82765769797603761}]"}, {"source": 25, "prod": 0, "target": 10, "value": 0.020578350222960104, "supply": "[{\"l\":'Labor',\"v\":0.020578350222960104}]"}, {"source": 22, "prod": 0, "target": 16, "value": 3.0577156675490977, "supply": "[{\"l\":'Fossil Fuels',\"v\":3.0577156675490977}]"}, {"source": 23, "prod": 0, "target": 16, "value": 5.4735964962011288, "supply": "[{\"l\":'Renewables & Nuclear',\"v\":0.21075313847452704},{\"l\":'Biomass & Waste',\"v\":5.2628433577266014}]"}]}