{"nodes": [{"layer": 5, "name": "Fruits, Roots & Vegetables", "fill": "#98df8a"}, {"layer": 10, "name": "Feed", "fill": "#dbdb8d"}, {"layer": 13, "name": "Animal Products", "fill": "#17becf"}, {"layer": 5, "name": "Cereals", "fill": "#e7ba52"}, {"layer": 5, "name": "Oilcrops", "fill": "#ff9896"}, {"layer": 13, "name": "Other Processed", "fill": "#9c9ede"}, {"layer": 16, "name": "Food", "fill": "#b5cf6b"}, {"layer": 5, "name": "Sugar Crops", "fill": "#ffbb78"}, {"layer": 13, "name": "Sugar", "fill": "#d6616b"}, {"layer": 13, "name": "Aquatic Products", "fill": "#1f77b4"}, {"layer": 13, "name": "Vegetable Oils", "fill": "#f7b6d2"}, {"layer": 10, "name": "Processing", "fill": "#9edae5"}, {"layer": 16, "name": "Biofuels & Other", "fill": "#e7ba52"}, {"name": "Seed", "fill": "#dbdb8d"}, {"name": "Waste", "fill": "#c7c7c7"}, {"layer": 0, "name": "Import", "fill": "#aec7e8"}, {"layer": 16, "name": "Export", "fill": "#aec7e8"}, {"layer": 0, "name": "Stock Draw", "fill": "#c7c7c7"}, {"layer": 16, "name": "Stock Deposit", "fill": "#c7c7c7"}, {"layer": 0, "name": "Production", "fill": "#b5cf6b"}], "links": [{"source": 0, "prod": 0.52375367451669363, "target": 1, "value": 127.0, "supply": [{"l": "Pulses, Other", "v": 127.0}]}, {"source": 2, "prod": 0.26157136411710852, "target": 1, "value": 362.0, "supply": [{"l": "Milk - Excluding Butter", "v": 362.0}]}, {"source": 3, "prod": 0.41330980358411112, "target": 1, "value": 117.0, "supply": [{"l": "Maize", "v": 35.0}, {"l": "Barley", "v": 49.0}, {"l": "Millet", "v": 17.0}, {"l": "Sorghum", "v": 16.0}]}, {"source": 4, "prod": 1.9173325241117503, "target": 1, "value": 271.0, "supply": [{"l": "Cottonseed", "v": 271.0}]}, {"source": 5, "prod": 1.815180513333557, "target": 6, "value": 179.0, "supply": [{"l": "Beer", "v": 4.0}, {"l": "Beverages, Alcoholic", "v": 1.0}, {"l": "Butter, Ghee", "v": 151.0}, {"l": "Fats, Animals, Raw", "v": 22.0}, {"l": "Beverages, Fermented", "v": 1.0}]}, {"source": 2, "prod": 5.7314071508003703, "target": 6, "value": 6909.0, "supply": [{"l": "Poultry Meat", "v": 14.0}, {"l": "Eggs", "v": 11.0}, {"l": "Mutton & Goat Meat", "v": 145.0}, {"l": "Milk - Excluding Butter", "v": 6365.0}, {"l": "Meat, Other", "v": 11.0}, {"l": "Offals, Edible", "v": 70.0}, {"l": "Bovine Meat", "v": 293.0}]}, {"source": 3, "prod": 37.27139538133973, "target": 6, "value": 9992.0, "supply": [{"l": "Maize", "v": 504.0}, {"l": "Barley", "v": 40.0}, {"l": "Rice", "v": 1722.0}, {"l": "Wheat", "v": 7137.0}, {"l": "Sorghum", "v": 278.0}, {"l": "Millet", "v": 311.0}]}, {"source": 4, "prod": 0.06264041769382081, "target": 6, "value": 11.0, "supply": [{"l": "Coconuts - Incl Copra", "v": 2.0}, {"l": "Oilcrops, Other", "v": 1.0}, {"l": "Soyabeans", "v": 1.0}, {"l": "Groundnuts", "v": 7.0}]}, {"source": 0, "prod": 4.2479873478414838, "target": 6, "value": 3845.0, "supply": [{"l": "Nuts", "v": 27.0}, {"l": "Treenuts", "v": 27.0}, {"l": "Vegetables, Other", "v": 1179.0}, {"l": "Peas", "v": 82.0}, {"l": "Grapes", "v": 60.0}, {"l": "Pimento", "v": 37.0}, {"l": "Dates", "v": 164.0}, {"l": "Potatoes", "v": 143.0}, {"l": "Beans", "v": 47.0}, {"l": "Apples", "v": 31.0}, {"l": "Lemons, Limes", "v": 17.0}, {"l": "Bananas", "v": 79.0}, {"l": "Spices, Other", "v": 6.0}, {"l": "Tea", "v": 29.0}, {"l": "Fruits, Other", "v": 821.0}, {"l": "Sweet potatoes", "v": 10.0}, {"l": "Oranges, Mandarines", "v": 398.0}, {"l": "Onions", "v": 231.0}, {"l": "Pulses, Other", "v": 457.0}]}, {"source": 7, "prod": 0.55296473919126032, "target": 6, "value": 1604.0, "supply": [{"l": "Sugar cane", "v": 1604.0}]}, {"source": 8, "prod": 8.3012778214868774, "target": 6, "value": 2029.0, "supply": [{"l": "Sugar", "v": 500.0}, {"l": "Sugar non-centrifugal", "v": 1516.0}, {"l": "Sweeteners, Other", "v": 12.0}, {"l": "Honey", "v": 1.0}]}, {"source": 9, "prod": 0.13657850510278774, "target": 6, "value": 152.0, "supply": [{"l": "Crustaceans", "v": 5.0}, {"l": "Marine Fish, Other", "v": 15.0}, {"l": "Freshwater Fish", "v": 40.0}, {"l": "Pelagic Fish", "v": 12.0}, {"l": "Fish, Seafood", "v": 76.0}, {"l": "Demersal Fish", "v": 4.0}]}, {"source": 10, "prod": 1.8191575991282662, "target": 6, "value": 189.0, "supply": [{"l": "Ricebran Oil", "v": 2.0}, {"l": "Groundnut Oil", "v": 8.0}, {"l": "Soyabean Oil", "v": 47.0}, {"l": "Palm Oil", "v": 2.0}, {"l": "Rape and Mustard Oil", "v": 56.0}, {"l": "Sesameseed Oil", "v": 4.0}, {"l": "Cottonseed Oil", "v": 70.0}]}, {"source": 0, "prod": 0.00081634935741346152, "target": 11, "value": 1.0, "supply": [{"l": "Apples", "v": 1.0}]}, {"source": 7, "prod": 7.7156507654860338, "target": 11, "value": 22381.0, "supply": [{"l": "Sugar beet", "v": 252.0}, {"l": "Sugar cane", "v": 22129.0}]}, {"source": 3, "prod": 0.025398313093418994, "target": 11, "value": 7.0, "supply": [{"l": "Maize", "v": 5.0}, {"l": "Wheat", "v": 1.0}, {"l": "Barley", "v": 1.0}]}, {"source": 4, "prod": 4.2227808570052137, "target": 11, "value": 603.66666666666663, "supply": [{"l": "Cottonseed", "v": 356.0}, {"l": "Sesame seed", "v": 10.0}, {"l": "Rape and Mustardseed", "v": 182.0}, {"l": "Groundnuts", "v": 20.0}, {"l": "Oilcrops, Other", "v": 29.0}, {"l": "Oil Palm", "v": 6.666666666666667}]}, {"source": 8, "prod": 0.028870136990612565, "target": 11, "value": 7.0, "supply": [{"l": "Sugar", "v": 7.0}]}, {"source": 5, "prod": 0.16101492753010938, "target": 12, "value": 16.0, "supply": [{"l": "Alcohol, Non-Food", "v": 3.0}, {"l": "Fats, Animals, Raw", "v": 13.0}]}, {"source": 10, "prod": 0.20503962662630626, "target": 12, "value": 22.0, "supply": [{"l": "Soyabean Oil", "v": 12.0}, {"l": "Rape and Mustard Oil", "v": 4.0}, {"l": "Oilcrops Oil, Other", "v": 6.0}]}, {"source": 3, "prod": 0.86207424218143225, "target": 12, "value": 214.0, "supply": [{"l": "Maize", "v": 107.0}, {"l": "Wheat", "v": 1.0}, {"l": "Barley", "v": 1.0}, {"l": "Rice", "v": 105.0}]}, {"source": 4, "prod": 3.0705620496844999, "target": 12, "value": 434.0, "supply": [{"l": "Cottonseed", "v": 349.0}, {"l": "Rape and Mustardseed", "v": 85.0}]}, {"source": 0, "prod": 0.26796892426449131, "target": 13, "value": 82.0, "supply": [{"l": "Potatoes", "v": 20.0}, {"l": "Beans", "v": 5.0}, {"l": "Pulses, Other", "v": 57.0}]}, {"source": 7, "prod": 0.90908230501705334, "target": 13, "value": 2637.0, "supply": [{"l": "Sugar cane", "v": 2637.0}]}, {"source": 2, "prod": 0.0022342192939736848, "target": 2, "value": 1.0, "supply": [{"l": "Eggs", "v": 1.0}]}, {"source": 3, "prod": 2.1107916780548286, "target": 13, "value": 569.0, "supply": [{"l": "Maize", "v": 35.0}, {"l": "Wheat", "v": 412.0}, {"l": "Millet", "v": 9.0}, {"l": "Barley", "v": 10.0}, {"l": "Rice", "v": 93.0}, {"l": "Sorghum", "v": 10.0}]}, {"source": 4, "prod": 0.69133128439242864, "target": 13, "value": 98.0, "supply": [{"l": "Cottonseed", "v": 88.0}, {"l": "Groundnuts", "v": 4.0}, {"l": "Rape and Mustardseed", "v": 4.0}, {"l": "Oilcrops, Other", "v": 2.0}]}, {"source": 0, "prod": 0.13796796351962287, "target": 14, "value": 188.0, "supply": [{"l": "Dates", "v": 5.0}, {"l": "Oranges, Mandarines", "v": 16.0}, {"l": "Potatoes", "v": 18.0}, {"l": "Fruits, Other", "v": 11.0}, {"l": "Beans", "v": 1.0}, {"l": "Apples", "v": 2.0}, {"l": "Lemons, Limes", "v": 1.0}, {"l": "Pulses, Other", "v": 13.0}, {"l": "Bananas", "v": 9.0}, {"l": "Tea", "v": 1.0}, {"l": "Vegetables, Other", "v": 94.0}, {"l": "Sweet potatoes", "v": 1.0}, {"l": "Grapes", "v": 3.0}, {"l": "Pimento", "v": 1.0}, {"l": "Onions", "v": 12.0}]}, {"source": 2, "prod": 0.56511845312609399, "target": 14, "value": 780.0, "supply": [{"l": "Milk - Excluding Butter", "v": 779.0}, {"l": "Eggs", "v": 1.0}]}, {"source": 3, "prod": 1.2775745777848346, "target": 14, "value": 339.0, "supply": [{"l": "Maize", "v": 35.0}, {"l": "Sorghum", "v": 16.0}, {"l": "Rice", "v": 66.0}, {"l": "Wheat", "v": 201.0}, {"l": "Millet", "v": 18.0}, {"l": "Barley", "v": 3.0}]}, {"source": 4, "prod": 0.21831514243971431, "target": 14, "value": 31.0, "supply": [{"l": "Cottonseed", "v": 22.0}, {"l": "Rape and Mustardseed", "v": 8.0}, {"l": "Oilcrops, Other", "v": 1.0}]}, {"source": 15, "prod": 1.3220043666270815, "target": 11, "value": 143.0, "supply": [{"l": "Cottonseed Oil", "v": 6.0}, {"l": "Beer", "v": 2.0}, {"l": "Beverages, Alcoholic", "v": 1.0}, {"l": "Fats, Animals, Raw", "v": 13.0}, {"l": "Sweeteners, Other", "v": 2.0}, {"l": "Soyabean Oil", "v": 118.0}, {"l": "Palm Oil", "v": 1.0}]}, {"source": 15, "prod": 0.83271687030555586, "target": 3, "value": 233.0, "supply": [{"l": "Maize", "v": 4.0}, {"l": "Wheat", "v": 229.0}]}, {"source": 15, "prod": 0.22145959922382541, "target": 4, "value": 33.0, "supply": [{"l": "Cottonseed", "v": 1.0}, {"l": "Coconuts - Incl Copra", "v": 2.0}, {"l": "Rape and Mustardseed", "v": 29.0}, {"l": "Oilcrops, Other", "v": 1.0}]}, {"source": 15, "prod": 0.14198560588346151, "target": 0, "value": 107.0, "supply": [{"l": "Dates", "v": 12.0}, {"l": "Potatoes", "v": 3.0}, {"l": "Fruits, Other", "v": 8.0}, {"l": "Pulses, Other", "v": 7.0}, {"l": "Spices, Other", "v": 6.0}, {"l": "Tea", "v": 30.0}, {"l": "Vegetables, Other", "v": 1.0}, {"l": "Grapes", "v": 39.0}, {"l": "Apples", "v": 1.0}]}, {"source": 15, "prod": 0.046189728347484874, "target": 1, "value": 63.0, "supply": [{"l": "Milk - Excluding Butter", "v": 61.0}, {"l": "Fish, Seafood", "v": 1.0}, {"l": "Pelagic Fish", "v": 1.0}]}, {"source": 3, "prod": 1.4085701471576568, "target": 16, "value": 345.0, "supply": [{"l": "Wheat", "v": 108.0}, {"l": "Sorghum", "v": 8.0}, {"l": "Rice", "v": 229.0}]}, {"source": 4, "prod": 0.060643095122142866, "target": 16, "value": 10.0, "supply": [{"l": "Oilcrops, Other", "v": 10.0}]}, {"source": 0, "prod": 0.034221331296379977, "target": 16, "value": 29.0, "supply": [{"l": "Bananas", "v": 1.0}, {"l": "Treenuts", "v": 1.0}, {"l": "Fruits, Other", "v": 5.0}, {"l": "Vegetables, Other", "v": 1.0}, {"l": "Nuts", "v": 1.0}, {"l": "Spices, Other", "v": 3.0}, {"l": "Oranges, Mandarines", "v": 14.0}, {"l": "Pimento", "v": 2.0}, {"l": "Onions", "v": 1.0}]}, {"source": 8, "prod": 0.049491663412478681, "target": 16, "value": 12.0, "supply": [{"l": "Sugar", "v": 12.0}]}, {"source": 9, "prod": 0.17440172617660199, "target": 16, "value": 196.0, "supply": [{"l": "Pelagic Fish", "v": 16.0}, {"l": "Crustaceans", "v": 12.0}, {"l": "Demersal Fish", "v": 70.0}, {"l": "Fish, Seafood", "v": 98.0}]}, {"source": 10, "prod": 0.085773709804098805, "target": 16, "value": 9.0, "supply": [{"l": "Rape and Mustard Oil", "v": 4.0}, {"l": "Oilcrops Oil, Other", "v": 5.0}]}, {"source": 17, "prod": 0.014150055528500001, "target": 11, "value": 1.0, "supply": [{"l": "Palm Oil", "v": 1.0}]}, {"source": 10, "prod": 0.53895591247160135, "target": 18, "value": 59.0, "supply": [{"l": "Soyabean Oil", "v": 59.0}]}, {"source": 4, "prod": 0.066707404634357148, "target": 18, "value": 11.0, "supply": [{"l": "Oilcrops, Other", "v": 11.0}]}, {"source": 17, "prod": 1.2648563054899502, "target": 3, "value": 351.0, "supply": [{"l": "Wheat", "v": 336.0}, {"l": "Rice", "v": 15.0}]}, {"source": 8, "prod": 0.59389996094974418, "target": 18, "value": 144.0, "supply": [{"l": "Sugar", "v": 144.0}]}, {"source": 19, "prod": 41.271771505143157, "target": 3, "value": 10999.0, "supply": [{"l": "Maize", "v": 717.0}, {"l": "Barley", "v": 104.0}, {"l": "Rice", "v": 2200.0}, {"l": "Wheat", "v": 7294.0}, {"l": "Sorghum", "v": 329.0}, {"l": "Millet", "v": 355.0}]}, {"source": 19, "prod": 10.08278886634789, "target": 4, "value": 1435.6666666666667, "supply": [{"l": "Sesame seed", "v": 10.0}, {"l": "Cottonseed", "v": 1085.0}, {"l": "Oilcrops, Other", "v": 52.0}, {"l": "Soyabeans", "v": 1.0}, {"l": "Groundnuts", "v": 31.0}, {"l": "Rape and Mustardseed", "v": 250.0}, {"l": "Oil Palm", "v": 6.666666666666667}]}, {"source": 19, "prod": 5.0672941254825634, "target": 0, "value": 4164.0, "supply": [{"l": "Nuts", "v": 28.0}, {"l": "Treenuts", "v": 28.0}, {"l": "Vegetables, Other", "v": 1273.0}, {"l": "Peas", "v": 82.0}, {"l": "Grapes", "v": 24.0}, {"l": "Pimento", "v": 40.0}, {"l": "Dates", "v": 157.0}, {"l": "Potatoes", "v": 179.0}, {"l": "Beans", "v": 52.0}, {"l": "Apples", "v": 33.0}, {"l": "Lemons, Limes", "v": 18.0}, {"l": "Bananas", "v": 89.0}, {"l": "Spices, Other", "v": 3.0}, {"l": "Fruits, Other", "v": 829.0}, {"l": "Sweet potatoes", "v": 11.0}, {"l": "Oranges, Mandarines", "v": 427.0}, {"l": "Onions", "v": 244.0}, {"l": "Pulses, Other", "v": 647.0}]}, {"source": 19, "prod": 9.1776978096943473, "target": 7, "value": 26622.0, "supply": [{"l": "Sugar beet", "v": 252.0}, {"l": "Sugar cane", "v": 26370.0}]}, {"source": 1, "prod": 0.31098023127938973, "target": 9, "value": 348.0, "supply": [{"l": "Pelagic Fish", "v": 28.0}, {"l": "Crustaceans", "v": 17.0}, {"l": "Freshwater Fish", "v": 40.0}, {"l": "Demersal Fish", "v": 74.0}, {"l": "Fish, Seafood", "v": 174.0}, {"l": "Marine Fish, Other", "v": 15.0}]}, {"source": 1, "prod": 6.5580969680435732, "target": 2, "value": 8051.0, "supply": [{"l": "Poultry Meat", "v": 14.0}, {"l": "Bovine Meat", "v": 293.0}, {"l": "Eggs", "v": 13.0}, {"l": "Milk - Excluding Butter", "v": 7506.0}, {"l": "Offals, Edible", "v": 70.0}, {"l": "Meat, Other", "v": 11.0}, {"l": "Mutton & Goat Meat", "v": 145.0}]}, {"source": 11, "prod": 1.9761954408636664, "target": 5, "value": 195.0, "supply": [{"l": "Fats, Animals, Raw", "v": 35.0}, {"l": "Alcohol, Non-Food", "v": 3.0}, {"l": "Beverages, Fermented", "v": 1.0}, {"l": "Beer", "v": 4.0}, {"l": "Beverages, Alcoholic", "v": 1.0}, {"l": "Butter, Ghee", "v": 151.0}]}, {"source": 11, "prod": 2.6489268480302726, "target": 10, "value": 279.0, "supply": [{"l": "Ricebran Oil", "v": 2.0}, {"l": "Sesameseed Oil", "v": 4.0}, {"l": "Soyabean Oil", "v": 118.0}, {"l": "Rape and Mustard Oil", "v": 64.0}, {"l": "Cottonseed Oil", "v": 70.0}, {"l": "Groundnut Oil", "v": 8.0}, {"l": "Palm Oil", "v": 2.0}, {"l": "Oilcrops Oil, Other", "v": 11.0}]}, {"source": 11, "prod": 8.9735395828397131, "target": 8, "value": 2192.0, "supply": [{"l": "Honey", "v": 1.0}, {"l": "Sweeteners, Other", "v": 12.0}, {"l": "Sugar non-centrifugal", "v": 1516.0}, {"l": "Sugar", "v": 663.0}]}]}