{"nodes": [{"layer": 5, "name": "Cereals, Other"}, {"layer": 10, "name": "Feed", "fill": "#dbdb8d"}, {"layer": 5, "name": "Millet"}, {"layer": 5, "name": "Wheat"}, {"layer": 5, "name": "Barley"}, {"layer": 5, "name": "Maize"}, {"layer": 16, "name": "Food", "fill": "#b5cf6b"}, {"layer": 5, "name": "Olives"}, {"layer": 5, "name": "Vegetables, Other"}, {"layer": 5, "name": "Nuts"}, {"layer": 13, "name": "Sugar", "fill": "#d6616b"}, {"layer": 13, "name": "Oilcrops Oil, Other"}, {"layer": 13, "name": "Maize Germ Oil"}, {"layer": 13, "name": "Beer"}, {"layer": 5, "name": "Infant food"}, {"layer": 5, "name": "Rice"}, {"layer": 13, "name": "Butter, Ghee"}, {"layer": 5, "name": "Tomatoes"}, {"layer": 5, "name": "Cloves"}, {"layer": 13, "name": "Fats, Animals, Raw"}, {"layer": 5, "name": "Coffee"}, {"layer": 13, "name": "Soyabean Oil"}, {"layer": 5, "name": "Coconuts - Incl Copra"}, {"layer": 5, "name": "Treenuts"}, {"layer": 13, "name": "Crustaceans"}, {"layer": 13, "name": "Eggs"}, {"layer": 5, "name": "Roots, Other"}, {"layer": 5, "name": "Sesame seed"}, {"layer": 5, "name": "Sweet potatoes"}, {"layer": 13, "name": "Marine Fish, Other"}, {"layer": 5, "name": "Grapes"}, {"layer": 5, "name": "Groundnuts"}, {"layer": 13, "name": "Palm Oil"}, {"layer": 5, "name": "Oilcrops, Other"}, {"layer": 5, "name": "Oats"}, {"layer": 13, "name": "Olive Oil"}, {"layer": 5, "name": "Dates"}, {"layer": 5, "name": "Cocoa Beans"}, {"layer": 5, "name": "Potatoes"}, {"layer": 5, "name": "Pineapples"}, {"layer": 5, "name": "Pepper"}, {"layer": 13, "name": "Milk - Excluding Butter"}, {"layer": 13, "name": "Sesameseed Oil"}, {"layer": 5, "name": "Beans"}, {"layer": 5, "name": "Apples"}, {"layer": 13, "name": "Fish, Seafood"}, {"layer": 13, "name": "Meat, Other"}, {"layer": 5, "name": "Lemons, Limes"}, {"layer": 5, "name": "Sorghum"}, {"layer": 13, "name": "Mutton & Goat Meat"}, {"layer": 13, "name": "Sweeteners, Other"}, {"layer": 13, "name": "Pelagic Fish"}, {"layer": 5, "name": "Bananas"}, {"layer": 5, "name": "Citrus, Other"}, {"layer": 5, "name": "Spices, Other"}, {"layer": 5, "name": "Tea"}, {"layer": 5, "name": "Fruits, Other"}, {"layer": 13, "name": "Poultry Meat"}, {"layer": 13, "name": "Offals, Edible"}, {"layer": 13, "name": "Groundnut Oil"}, {"layer": 13, "name": "Demersal Fish"}, {"layer": 5, "name": "Oranges, Mandarines"}, {"layer": 13, "name": "Bovine Meat"}, {"layer": 13, "name": "Cottonseed Oil"}, {"layer": 13, "name": "Palmkernel Oil"}, {"layer": 5, "name": "Onions"}, {"layer": 5, "name": "Pulses, Other"}, {"layer": 5, "name": "Cottonseed"}, {"layer": 10, "name": "Processing", "fill": "#9edae5"}, {"layer": 16, "name": "Biofuels & Other", "fill": "#e7ba52"}, {"name": "Waste", "fill": "#c7c7c7"}, {"layer": 2, "name": "Import", "fill": "#aec7e8"}, {"layer": 16, "name": "Export", "fill": "#aec7e8"}, {"layer": 16, "name": "Stock Deposit", "fill": "#c7c7c7"}, {"layer": 0, "name": "Stock Draw", "fill": "#c7c7c7"}, {"layer": 5, "name": "Oil Palm"}, {"layer": 2, "name": "Electricity", "fill": "#bcbd22"}, {"layer": 0, "name": "Fossil Fuels", "fill": "#c49c94"}, {"layer": 2, "name": "Fertilizers", "fill": "#c5b0d5"}, {"layer": 0, "name": "Labor", "fill": "#7f7f7f"}, {"layer": 0, "name": "Renewables & Nuclear", "fill": "#2ca02c"}], "links": [{"source": 0, "prod": 1.0, "target": 1, "value": 0.0036263961404698498, "supply": [{"l": "Cereals, Other", "v": 0.0036263961404698498}]}, {"source": 2, "prod": 2.0, "target": 1, "value": 0.0081972735475448269, "supply": [{"l": "Millet", "v": 0.0081972735475448269}]}, {"source": 3, "prod": 9.0, "target": 1, "value": 0.03175862338840757, "supply": [{"l": "Wheat", "v": 0.03175862338840757}]}, {"source": 4, "prod": 65.0, "target": 1, "value": 0.17067592750871136, "supply": [{"l": "Barley", "v": 0.17067592750871136}]}, {"source": 5, "prod": 191.0, "target": 1, "value": 0.84458143935734387, "supply": [{"l": "Maize", "v": 0.84458143935734387}]}, {"source": 5, "prod": 4.0, "target": 6, "value": 0.017687569410625003, "supply": [{"l": "Maize", "v": 0.017687569410625003}]}, {"source": 7, "prod": 6.0, "target": 6, "value": 0.010612541646375, "supply": [{"l": "Olives", "v": 0.010612541646375}]}, {"source": 8, "prod": 472.0, "target": 6, "value": 0.10149482623970725, "supply": [{"l": "Vegetables, Other", "v": 0.10149482623970725}]}, {"source": 9, "prod": 3.0, "target": 6, "value": 0.0093183292504756092, "supply": [{"l": "Nuts", "v": 0.0093183292504756092}]}, {"source": 10, "prod": 79.0, "target": 6, "value": 0.34655819714529806, "supply": [{"l": "Sugar", "v": 0.34655819714529806}]}, {"source": 11, "prod": 12.0, "target": 6, "value": 0.12046668895885138, "supply": [{"l": "Oilcrops Oil, Other", "v": 0.12046668895885138}]}, {"source": 12, "prod": 14.0, "target": 6, "value": 0.14512033693182558, "supply": [{"l": "Maize Germ Oil", "v": 0.14512033693182558}]}, {"source": 13, "prod": 9.0, "target": 6, "value": 0.0035705747595280372, "supply": [{"l": "Beer", "v": 0.0035705747595280372}]}, {"source": 14, "prod": 2.0, "target": 6, "value": 0.0087827930866551732, "supply": [{"l": "Infant food", "v": 0.0087827930866551732}]}, {"source": 4, "prod": 8.0, "target": 6, "value": 0.021006268001072165, "supply": [{"l": "Barley", "v": 0.021006268001072165}]}, {"source": 15, "prod": 208.0, "target": 6, "value": 0.95341827103662102, "supply": [{"l": "Rice", "v": 0.95341827103662102}]}, {"source": 16, "prod": 10.0, "target": 6, "value": 0.092282970838043474, "supply": [{"l": "Butter, Ghee", "v": 0.092282970838043474}]}, {"source": 17, "prod": 233.0, "target": 6, "value": 0.052480839128518753, "supply": [{"l": "Tomatoes", "v": 0.052480839128518753}]}, {"source": 18, "prod": 1.0, "target": 6, "value": 0.0060643095122142861, "supply": [{"l": "Cloves", "v": 0.0060643095122142861}]}, {"source": 19, "prod": 3.0, "target": 6, "value": 0.029108685658628574, "supply": [{"l": "Fats, Animals, Raw", "v": 0.029108685658628574}]}, {"source": 20, "prod": 15.0, "target": 6, "value": 0.0072358238498011363, "supply": [{"l": "Coffee", "v": 0.0072358238498011363}]}, {"source": 3, "prod": 664.0, "target": 6, "value": 2.3430806588780699, "supply": [{"l": "Wheat", "v": 2.3430806588780699}]}, {"source": 21, "prod": 3.0, "target": 6, "value": 0.031837624939125002, "supply": [{"l": "Soyabean Oil", "v": 0.031837624939125002}]}, {"source": 22, "prod": 5.0, "target": 6, "value": 0.0071949434890677963, "supply": [{"l": "Coconuts - Incl Copra", "v": 0.0071949434890677963}]}, {"source": 23, "prod": 3.0, "target": 6, "value": 0.010612541646375, "supply": [{"l": "Treenuts", "v": 0.010612541646375}]}, {"source": 24, "prod": 7.0, "target": 6, "value": 0.0034552461174244186, "supply": [{"l": "Crustaceans", "v": 0.0034552461174244186}]}, {"source": 25, "prod": 30.0, "target": 6, "value": 0.04858057211419619, "supply": [{"l": "Eggs", "v": 0.04858057211419619}]}, {"source": 26, "prod": 12.0, "target": 6, "value": 0.0069306394425306126, "supply": [{"l": "Roots, Other", "v": 0.0069306394425306126}]}, {"source": 27, "prod": 4.0, "target": 6, "value": 0.026413436986533333, "supply": [{"l": "Sesame seed", "v": 0.026413436986533333}]}, {"source": 28, "prod": 1.0, "target": 6, "value": 0.0011435555080175511, "supply": [{"l": "Sweet potatoes", "v": 0.0011435555080175511}]}, {"source": 29, "prod": 9.0, "target": 6, "value": 0.0068838107976486483, "supply": [{"l": "Marine Fish, Other", "v": 0.0068838107976486483}]}, {"source": 30, "prod": 48.0, "target": 6, "value": 0.038313996507938458, "supply": [{"l": "Grapes", "v": 0.038313996507938458}]}, {"source": 31, "prod": 1.0, "target": 6, "value": 0.0053062708231875, "supply": [{"l": "Groundnuts", "v": 0.0053062708231875}]}, {"source": 32, "prod": 18.0, "target": 6, "value": 0.1865415771081127, "supply": [{"l": "Palm Oil", "v": 0.1865415771081127}]}, {"source": 33, "prod": 3.0, "target": 6, "value": 0.015918812469562501, "supply": [{"l": "Oilcrops, Other", "v": 0.015918812469562501}]}, {"source": 34, "prod": 3.0, "target": 6, "value": 0.011939109352171875, "supply": [{"l": "Oats", "v": 0.011939109352171875}]}, {"source": 35, "prod": 1.0, "target": 6, "value": 0.010612541646375, "supply": [{"l": "Olive Oil", "v": 0.010612541646375}]}, {"source": 36, "prod": 374.0, "target": 6, "value": 0.67767091018207648, "supply": [{"l": "Dates", "v": 0.67767091018207648}]}, {"source": 37, "prod": 1.0, "target": 6, "value": 0.0084900333171, "supply": [{"l": "Cocoa Beans", "v": 0.0084900333171}]}, {"source": 38, "prod": 41.0, "target": 6, "value": 0.035019252112786718, "supply": [{"l": "Potatoes", "v": 0.035019252112786718}]}, {"source": 39, "prod": 6.0, "target": 6, "value": 0.0067920266536800012, "supply": [{"l": "Pineapples", "v": 0.0067920266536800012}]}, {"source": 40, "prod": 2.0, "target": 6, "value": 0.0060643095122142861, "supply": [{"l": "Pepper", "v": 0.0060643095122142861}]}, {"source": 41, "prod": 619.0, "target": 6, "value": 0.42308383593976906, "supply": [{"l": "Milk - Excluding Butter", "v": 0.42308383593976906}]}, {"source": 42, "prod": 1.0, "target": 6, "value": 0.010612541646375, "supply": [{"l": "Sesameseed Oil", "v": 0.010612541646375}]}, {"source": 43, "prod": 1.0, "target": 6, "value": 0.0035375138821250002, "supply": [{"l": "Beans", "v": 0.0035375138821250002}]}, {"source": 44, "prod": 60.0, "target": 6, "value": 0.034842817990834482, "supply": [{"l": "Apples", "v": 0.034842817990834482}]}, {"source": 45, "prod": 51.0, "target": 6, "value": 0.04197011623639095, "supply": [{"l": "Fish, Seafood", "v": 0.04197011623639095}]}, {"source": 46, "prod": 38.0, "target": 6, "value": 0.076483489796288801, "supply": [{"l": "Meat, Other", "v": 0.076483489796288801}]}, {"source": 47, "prod": 28.0, "target": 6, "value": 0.0070961472501134323, "supply": [{"l": "Lemons, Limes", "v": 0.0070961472501134323}]}, {"source": 48, "prod": 120.0, "target": 6, "value": 0.45612892599047167, "supply": [{"l": "Sorghum", "v": 0.45612892599047167}]}, {"source": 0, "prod": 16.0, "target": 6, "value": 0.058022338247517596, "supply": [{"l": "Cereals, Other", "v": 0.058022338247517596}]}, {"source": 49, "prod": 37.0, "target": 6, "value": 0.10471041091090001, "supply": [{"l": "Mutton & Goat Meat", "v": 0.10471041091090001}]}, {"source": 50, "prod": 14.0, "target": 6, "value": 0.035165818473195269, "supply": [{"l": "Sweeteners, Other", "v": 0.035165818473195269}]}, {"source": 51, "prod": 27.0, "target": 6, "value": 0.028040477010605507, "supply": [{"l": "Pelagic Fish", "v": 0.028040477010605507}]}, {"source": 52, "prod": 65.0, "target": 6, "value": 0.045233784066516396, "supply": [{"l": "Bananas", "v": 0.045233784066516396}]}, {"source": 53, "prod": 168.0, "target": 6, "value": 0.045335532431653801, "supply": [{"l": "Citrus, Other", "v": 0.045335532431653801}]}, {"source": 54, "prod": 6.0, "target": 6, "value": 0.026462441507844159, "supply": [{"l": "Spices, Other", "v": 0.026462441507844159}]}, {"source": 55, "prod": 7.0, "target": 6, "value": 0.0032653974296538461, "supply": [{"l": "Tea", "v": 0.0032653974296538461}]}, {"source": 56, "prod": 187.0, "target": 6, "value": 0.07679858633805936, "supply": [{"l": "Fruits, Other", "v": 0.07679858633805936}]}, {"source": 2, "prod": 12.0, "target": 6, "value": 0.049183641285268968, "supply": [{"l": "Millet", "v": 0.049183641285268968}]}, {"source": 57, "prod": 126.0, "target": 6, "value": 0.18540367067231461, "supply": [{"l": "Poultry Meat", "v": 0.18540367067231461}]}, {"source": 58, "prod": 17.0, "target": 6, "value": 0.021541875580701496, "supply": [{"l": "Offals, Edible", "v": 0.021541875580701496}]}, {"source": 59, "prod": 1.0, "target": 6, "value": 0.011577318159681819, "supply": [{"l": "Groundnut Oil", "v": 0.011577318159681819}]}, {"source": 60, "prod": 8.0, "target": 6, "value": 0.0035010446668453615, "supply": [{"l": "Demersal Fish", "v": 0.0035010446668453615}]}, {"source": 61, "prod": 78.0, "target": 6, "value": 0.027912438302794523, "supply": [{"l": "Oranges, Mandarines", "v": 0.027912438302794523}]}, {"source": 62, "prod": 32.0, "target": 6, "value": 0.086193231645685292, "supply": [{"l": "Bovine Meat", "v": 0.086193231645685292}]}, {"source": 63, "prod": 3.0, "target": 6, "value": 0.030977148589418923, "supply": [{"l": "Cottonseed Oil", "v": 0.030977148589418923}]}, {"source": 64, "prod": 2.0, "target": 6, "value": 0.019810077739900001, "supply": [{"l": "Palmkernel Oil", "v": 0.019810077739900001}]}, {"source": 65, "prod": 139.0, "target": 6, "value": 0.066337804705506209, "supply": [{"l": "Onions", "v": 0.066337804705506209}]}, {"source": 66, "prod": 18.0, "target": 6, "value": 0.070750277642500012, "supply": [{"l": "Pulses, Other", "v": 0.070750277642500012}]}, {"source": 67, "prod": 1.0, "target": 68, "value": 0.0053062708231875, "supply": [{"l": "Cottonseed", "v": 0.0053062708231875}]}, {"source": 27, "prod": 1.0, "target": 68, "value": 0.0066033592466333332, "supply": [{"l": "Sesame seed", "v": 0.0066033592466333332}]}, {"source": 32, "prod": 1.0, "target": 69, "value": 0.010363420950450706, "supply": [{"l": "Palm Oil", "v": 0.010363420950450706}]}, {"source": 19, "prod": 3.0, "target": 69, "value": 0.029108685658628574, "supply": [{"l": "Fats, Animals, Raw", "v": 0.029108685658628574}]}, {"source": 11, "prod": 7.0, "target": 69, "value": 0.070272235225996627, "supply": [{"l": "Oilcrops Oil, Other", "v": 0.070272235225996627}]}, {"source": 48, "prod": 5.0, "target": 69, "value": 0.019005371916269651, "supply": [{"l": "Sorghum", "v": 0.019005371916269651}]}, {"source": 41, "prod": 15.0, "target": 69, "value": 0.01025243544280539, "supply": [{"l": "Milk - Excluding Butter", "v": 0.01025243544280539}]}, {"source": 3, "prod": 10.0, "target": 3, "value": 0.035287359320452856, "supply": [{"l": "Wheat", "v": 0.035287359320452856}]}, {"source": 38, "prod": 1.0, "target": 38, "value": 0.00085412810031187112, "supply": [{"l": "Potatoes", "v": 0.00085412810031187112}]}, {"source": 25, "prod": 2.0, "target": 25, "value": 0.0032387048076130799, "supply": [{"l": "Eggs", "v": 0.0032387048076130799}]}, {"source": 2, "prod": 1.0, "target": 2, "value": 0.0040986367737724134, "supply": [{"l": "Millet", "v": 0.0040986367737724134}]}, {"source": 4, "prod": 1.0, "target": 4, "value": 0.0026257835001340206, "supply": [{"l": "Barley", "v": 0.0026257835001340206}]}, {"source": 48, "prod": 7.0, "target": 48, "value": 0.026607520682777511, "supply": [{"l": "Sorghum", "v": 0.026607520682777511}]}, {"source": 5, "prod": 6.0, "target": 70, "value": 0.026531354115937499, "supply": [{"l": "Maize", "v": 0.026531354115937499}]}, {"source": 56, "prod": 4.0, "target": 70, "value": 0.0016427505099050131, "supply": [{"l": "Fruits, Other", "v": 0.0016427505099050131}]}, {"source": 53, "prod": 1.0, "target": 70, "value": 0.00026985435971222499, "supply": [{"l": "Citrus, Other", "v": 0.00026985435971222499}]}, {"source": 4, "prod": 4.0, "target": 70, "value": 0.010503134000536082, "supply": [{"l": "Barley", "v": 0.010503134000536082}]}, {"source": 15, "prod": 1.0, "target": 70, "value": 0.0045837416876760625, "supply": [{"l": "Rice", "v": 0.0045837416876760625}]}, {"source": 17, "prod": 20.0, "target": 70, "value": 0.0045047930582419529, "supply": [{"l": "Tomatoes", "v": 0.0045047930582419529}]}, {"source": 0, "prod": 1.0, "target": 70, "value": 0.0036263961404698498, "supply": [{"l": "Cereals, Other", "v": 0.0036263961404698498}]}, {"source": 3, "prod": 5.0, "target": 70, "value": 0.017643679660226428, "supply": [{"l": "Wheat", "v": 0.017643679660226428}]}, {"source": 25, "prod": 2.0, "target": 70, "value": 0.0032387048076130799, "supply": [{"l": "Eggs", "v": 0.0032387048076130799}]}, {"source": 8, "prod": 45.0, "target": 70, "value": 0.009676413518616157, "supply": [{"l": "Vegetables, Other", "v": 0.009676413518616157}]}, {"source": 30, "prod": 5.0, "target": 70, "value": 0.0039910413029102558, "supply": [{"l": "Grapes", "v": 0.0039910413029102558}]}, {"source": 36, "prod": 4.0, "target": 70, "value": 0.0072478172211986802, "supply": [{"l": "Dates", "v": 0.0072478172211986802}]}, {"source": 38, "prod": 5.0, "target": 70, "value": 0.0042706405015593557, "supply": [{"l": "Potatoes", "v": 0.0042706405015593557}]}, {"source": 41, "prod": 12.0, "target": 70, "value": 0.0082019483542443115, "supply": [{"l": "Milk - Excluding Butter", "v": 0.0082019483542443115}]}, {"source": 44, "prod": 7.0, "target": 70, "value": 0.0040649954322640215, "supply": [{"l": "Apples", "v": 0.0040649954322640215}]}, {"source": 47, "prod": 1.0, "target": 70, "value": 0.00025343383036119404, "supply": [{"l": "Lemons, Limes", "v": 0.00025343383036119404}]}, {"source": 48, "prod": 7.0, "target": 70, "value": 0.026607520682777511, "supply": [{"l": "Sorghum", "v": 0.026607520682777511}]}, {"source": 52, "prod": 2.0, "target": 70, "value": 0.0013918087405081969, "supply": [{"l": "Bananas", "v": 0.0013918087405081969}]}, {"source": 2, "prod": 1.0, "target": 70, "value": 0.0040986367737724134, "supply": [{"l": "Millet", "v": 0.0040986367737724134}]}, {"source": 58, "prod": 4.0, "target": 70, "value": 0.0050686766072238808, "supply": [{"l": "Offals, Edible", "v": 0.0050686766072238808}]}, {"source": 61, "prod": 2.0, "target": 70, "value": 0.00071570354622550053, "supply": [{"l": "Oranges, Mandarines", "v": 0.00071570354622550053}]}, {"source": 65, "prod": 7.0, "target": 70, "value": 0.00334075275495355, "supply": [{"l": "Onions", "v": 0.00334075275495355}]}, {"source": 71, "prod": 2.0, "target": 14, "value": 0.0087827930866551732, "supply": [{"l": "Infant food", "v": 0.0087827930866551732}]}, {"source": 71, "prod": 1.0, "target": 28, "value": 0.0011435555080175511, "supply": [{"l": "Sweet potatoes", "v": 0.0011435555080175511}]}, {"source": 71, "prod": 7.0, "target": 54, "value": 0.030872848425818184, "supply": [{"l": "Spices, Other", "v": 0.030872848425818184}]}, {"source": 71, "prod": 58.0, "target": 17, "value": 0.013063899868901663, "supply": [{"l": "Tomatoes", "v": 0.013063899868901663}]}, {"source": 71, "prod": 28.0, "target": 47, "value": 0.0070961472501134323, "supply": [{"l": "Lemons, Limes", "v": 0.0070961472501134323}]}, {"source": 71, "prod": 3.0, "target": 23, "value": 0.010612541646375, "supply": [{"l": "Treenuts", "v": 0.010612541646375}]}, {"source": 71, "prod": 67.0, "target": 44, "value": 0.0389078134230985, "supply": [{"l": "Apples", "v": 0.0389078134230985}]}, {"source": 71, "prod": 7.0, "target": 55, "value": 0.0032653974296538461, "supply": [{"l": "Tea", "v": 0.0032653974296538461}]}, {"source": 71, "prod": 102.0, "target": 8, "value": 0.021933203975529957, "supply": [{"l": "Vegetables, Other", "v": 0.021933203975529957}]}, {"source": 71, "prod": 150.0, "target": 15, "value": 0.68756125315140937, "supply": [{"l": "Rice", "v": 0.68756125315140937}]}, {"source": 71, "prod": 423.0, "target": 3, "value": 1.4926552992551558, "supply": [{"l": "Wheat", "v": 1.4926552992551558}]}, {"source": 71, "prod": 127.0, "target": 4, "value": 0.33347450451702065, "supply": [{"l": "Barley", "v": 0.33347450451702065}]}, {"source": 71, "prod": 2.0, "target": 40, "value": 0.0060643095122142861, "supply": [{"l": "Pepper", "v": 0.0060643095122142861}]}, {"source": 71, "prod": 14.0, "target": 20, "value": 0.0067534355931477283, "supply": [{"l": "Coffee", "v": 0.0067534355931477283}]}, {"source": 71, "prod": 5.0, "target": 2, "value": 0.020493183868862071, "supply": [{"l": "Millet", "v": 0.020493183868862071}]}, {"source": 71, "prod": 3.0, "target": 36, "value": 0.0054358629158990099, "supply": [{"l": "Dates", "v": 0.0054358629158990099}]}, {"source": 71, "prod": 6.0, "target": 7, "value": 0.010612541646375, "supply": [{"l": "Olives", "v": 0.010612541646375}]}, {"source": 71, "prod": 1.0, "target": 18, "value": 0.0060643095122142861, "supply": [{"l": "Cloves", "v": 0.0060643095122142861}]}, {"source": 71, "prod": 18.0, "target": 0, "value": 0.065275130528457292, "supply": [{"l": "Cereals, Other", "v": 0.065275130528457292}]}, {"source": 71, "prod": 635.0, "target": 1, "value": 0.60954374913886922, "supply": [{"l": "Meat, Other", "v": 0.004025446831383621}, {"l": "Crustaceans", "v": 0.00049360658820348836}, {"l": "Eggs", "v": 0.019432228845678478}, {"l": "Marine Fish, Other", "v": 0.0030594714656216214}, {"l": "Milk - Excluding Butter", "v": 0.28843518379092492}, {"l": "Pelagic Fish", "v": 0.027001940825027521}, {"l": "Fish, Seafood", "v": 0.025511247124080771}, {"l": "Mutton & Goat Meat", "v": 0.031130122162699999}, {"l": "Poultry Meat", "v": 0.15008868578234991}, {"l": "Offals, Edible", "v": 0.0038015074554179108}, {"l": "Bovine Meat", "v": 0.056564308267480969}]}, {"source": 71, "prod": 3.0, "target": 9, "value": 0.0093183292504756092, "supply": [{"l": "Nuts", "v": 0.0093183292504756092}]}, {"source": 71, "prod": 4.0, "target": 33, "value": 0.02122508329275, "supply": [{"l": "Oilcrops, Other", "v": 0.02122508329275}]}, {"source": 71, "prod": 2.0, "target": 37, "value": 0.0169800666342, "supply": [{"l": "Cocoa Beans", "v": 0.0169800666342}]}, {"source": 71, "prod": 80.0, "target": 61, "value": 0.028628141849020024, "supply": [{"l": "Oranges, Mandarines", "v": 0.028628141849020024}]}, {"source": 71, "prod": 1.0, "target": 48, "value": 0.0038010743832539301, "supply": [{"l": "Sorghum", "v": 0.0038010743832539301}]}, {"source": 71, "prod": 6.0, "target": 39, "value": 0.0067920266536800012, "supply": [{"l": "Pineapples", "v": 0.0067920266536800012}]}, {"source": 71, "prod": 47.0, "target": 38, "value": 0.040144020714657946, "supply": [{"l": "Potatoes", "v": 0.040144020714657946}]}, {"source": 71, "prod": 40.0, "target": 65, "value": 0.019090015742591716, "supply": [{"l": "Onions", "v": 0.019090015742591716}]}, {"source": 71, "prod": 144.0, "target": 53, "value": 0.038859027798560396, "supply": [{"l": "Citrus, Other", "v": 0.038859027798560396}]}, {"source": 71, "prod": 68.0, "target": 52, "value": 0.047321497177278696, "supply": [{"l": "Bananas", "v": 0.047321497177278696}]}, {"source": 71, "prod": 10.0, "target": 30, "value": 0.0079820826058205115, "supply": [{"l": "Grapes", "v": 0.0079820826058205115}]}, {"source": 71, "prod": 4.0, "target": 27, "value": 0.026413436986533333, "supply": [{"l": "Sesame seed", "v": 0.026413436986533333}]}, {"source": 71, "prod": 248.0, "target": 68, "value": 1.4342786553080189, "supply": [{"l": "Sugar", "v": 0.67556914380222666}, {"l": "Maize Germ Oil", "v": 0.14512033693182558}, {"l": "Beer", "v": 0.0035705747595280372}, {"l": "Groundnut Oil", "v": 0.011577318159681819}, {"l": "Fats, Animals, Raw", "v": 0.0097028952195428592}, {"l": "Soyabean Oil", "v": 0.031837624939125002}, {"l": "Butter, Ghee", "v": 0.083054673754239139}, {"l": "Palm Oil", "v": 0.1865415771081127}, {"l": "Olive Oil", "v": 0.010612541646375}, {"l": "Oilcrops Oil, Other", "v": 0.190738924184848}, {"l": "Sweeteners, Other", "v": 0.035165818473195269}, {"l": "Cottonseed Oil", "v": 0.030977148589418923}, {"l": "Palmkernel Oil", "v": 0.019810077739900001}]}, {"source": 71, "prod": 1.0, "target": 43, "value": 0.0035375138821250002, "supply": [{"l": "Beans", "v": 0.0035375138821250002}]}, {"source": 71, "prod": 198.0, "target": 5, "value": 0.87553468582593752, "supply": [{"l": "Maize", "v": 0.87553468582593752}]}, {"source": 71, "prod": 174.0, "target": 56, "value": 0.071459647180868058, "supply": [{"l": "Fruits, Other", "v": 0.071459647180868058}]}, {"source": 71, "prod": 13.0, "target": 66, "value": 0.051097422741805565, "supply": [{"l": "Pulses, Other", "v": 0.051097422741805565}]}, {"source": 71, "prod": 1.0, "target": 67, "value": 0.0053062708231875, "supply": [{"l": "Cottonseed", "v": 0.0053062708231875}]}, {"source": 71, "prod": 1.0, "target": 31, "value": 0.0053062708231875, "supply": [{"l": "Groundnuts", "v": 0.0053062708231875}]}, {"source": 71, "prod": 5.0, "target": 22, "value": 0.0071949434890677963, "supply": [{"l": "Coconuts - Incl Copra", "v": 0.0071949434890677963}]}, {"source": 71, "prod": 3.0, "target": 34, "value": 0.011939109352171875, "supply": [{"l": "Oats", "v": 0.011939109352171875}]}, {"source": 71, "prod": 12.0, "target": 26, "value": 0.0069306394425306126, "supply": [{"l": "Roots, Other", "v": 0.0069306394425306126}]}, {"source": 36, "prod": 7.0, "target": 72, "value": 0.01268368013709769, "supply": [{"l": "Dates", "v": 0.01268368013709769}]}, {"source": 51, "prod": 3.0, "target": 72, "value": 0.0031156085567339447, "supply": [{"l": "Pelagic Fish", "v": 0.0031156085567339447}]}, {"source": 3, "prod": 1.0, "target": 72, "value": 0.0035287359320452854, "supply": [{"l": "Wheat", "v": 0.0035287359320452854}]}, {"source": 52, "prod": 1.0, "target": 72, "value": 0.00069590437025409844, "supply": [{"l": "Bananas", "v": 0.00069590437025409844}]}, {"source": 8, "prod": 4.0, "target": 72, "value": 0.00086012564609921406, "supply": [{"l": "Vegetables, Other", "v": 0.00086012564609921406}]}, {"source": 56, "prod": 3.0, "target": 72, "value": 0.0012320628824287598, "supply": [{"l": "Fruits, Other", "v": 0.0012320628824287598}]}, {"source": 45, "prod": 3.0, "target": 72, "value": 0.0024688303668465267, "supply": [{"l": "Fish, Seafood", "v": 0.0024688303668465267}]}, {"source": 61, "prod": 1.0, "target": 72, "value": 0.00035785177311275026, "supply": [{"l": "Oranges, Mandarines", "v": 0.00035785177311275026}]}, {"source": 17, "prod": 1.0, "target": 72, "value": 0.00022523965291209764, "supply": [{"l": "Tomatoes", "v": 0.00022523965291209764}]}, {"source": 4, "prod": 63.0, "target": 73, "value": 0.16542436050844331, "supply": [{"l": "Barley", "v": 0.16542436050844331}]}, {"source": 74, "prod": 141.0, "target": 3, "value": 0.49755176641838522, "supply": [{"l": "Wheat", "v": 0.49755176641838522}]}, {"source": 10, "prod": 74.0, "target": 73, "value": 0.32462413403483614, "supply": [{"l": "Sugar", "v": 0.32462413403483614}]}, {"source": 74, "prod": 58.0, "target": 15, "value": 0.2658570178852116, "supply": [{"l": "Rice", "v": 0.2658570178852116}]}, {"source": 2, "prod": 2.0, "target": 73, "value": 0.0081972735475448269, "supply": [{"l": "Millet", "v": 0.0081972735475448269}]}, {"source": 1, "prod": 126.0, "target": 57, "value": 0.18540367067231461, "supply": [{"l": "Poultry Meat", "v": 0.18540367067231461}]}, {"source": 1, "prod": 30.0, "target": 51, "value": 0.031156085567339453, "supply": [{"l": "Pelagic Fish", "v": 0.031156085567339453}]}, {"source": 1, "prod": 7.0, "target": 24, "value": 0.0034552461174244186, "supply": [{"l": "Crustaceans", "v": 0.0034552461174244186}]}, {"source": 1, "prod": 32.0, "target": 25, "value": 0.051819276921809272, "supply": [{"l": "Eggs", "v": 0.055057981729422355}]}, {"source": 1, "prod": 646.0, "target": 41, "value": 0.44153821973681878, "supply": [{"l": "Milk - Excluding Butter", "v": 0.44153821973681878}]}, {"source": 1, "prod": 21.0, "target": 58, "value": 0.026610552187925376, "supply": [{"l": "Offals, Edible", "v": 0.026610552187925376}]}, {"source": 1, "prod": 9.0, "target": 29, "value": 0.0068838107976486483, "supply": [{"l": "Marine Fish, Other", "v": 0.0068838107976486483}]}, {"source": 1, "prod": 54.0, "target": 45, "value": 0.044438946603237474, "supply": [{"l": "Fish, Seafood", "v": 0.044438946603237474}]}, {"source": 1, "prod": 32.0, "target": 62, "value": 0.086193231645685292, "supply": [{"l": "Bovine Meat", "v": 0.086193231645685292}]}, {"source": 1, "prod": 8.0, "target": 60, "value": 0.0035010446668453615, "supply": [{"l": "Demersal Fish", "v": 0.0035010446668453615}]}, {"source": 1, "prod": 38.0, "target": 46, "value": 0.076483489796288801, "supply": [{"l": "Meat, Other", "v": 0.076483489796288801}]}, {"source": 1, "prod": 37.0, "target": 49, "value": 0.10471041091090001, "supply": [{"l": "Mutton & Goat Meat", "v": 0.10471041091090001}]}, {"source": 68, "prod": 1.0, "target": 35, "value": 0.010612541646375, "supply": [{"l": "Olive Oil", "v": 0.010612541646375}]}, {"source": 68, "prod": 6.0, "target": 19, "value": 0.058217371317257148, "supply": [{"l": "Fats, Animals, Raw", "v": 0.058217371317257148}]}, {"source": 68, "prod": 14.0, "target": 50, "value": 0.035165818473195269, "supply": [{"l": "Sweeteners, Other", "v": 0.035165818473195269}]}, {"source": 68, "prod": 1.0, "target": 42, "value": 0.010612541646375, "supply": [{"l": "Sesameseed Oil", "v": 0.010612541646375}]}, {"source": 68, "prod": 3.0, "target": 21, "value": 0.031837624939125002, "supply": [{"l": "Soyabean Oil", "v": 0.031837624939125002}]}, {"source": 68, "prod": 3.0, "target": 63, "value": 0.030977148589418923, "supply": [{"l": "Cottonseed Oil", "v": 0.030977148589418923}]}, {"source": 68, "prod": 153.0, "target": 10, "value": 0.67118233118013415, "supply": [{"l": "Sugar", "v": 0.67118233118013415}]}, {"source": 68, "prod": 14.0, "target": 12, "value": 0.14512033693182558, "supply": [{"l": "Maize Germ Oil", "v": 0.14512033693182558}]}, {"source": 68, "prod": 9.0, "target": 13, "value": 0.0035705747595280372, "supply": [{"l": "Beer", "v": 0.0035705747595280372}]}, {"source": 68, "prod": 1.0, "target": 59, "value": 0.011577318159681819, "supply": [{"l": "Groundnut Oil", "v": 0.011577318159681819}]}, {"source": 68, "prod": 19.0, "target": 32, "value": 0.1969049980585634, "supply": [{"l": "Palm Oil", "v": 0.1969049980585634}]}, {"source": 68, "prod": 2.0, "target": 64, "value": 0.019810077739900001, "supply": [{"l": "Palmkernel Oil", "v": 0.019810077739900001}]}, {"source": 68, "prod": 19.0, "target": 11, "value": 0.190738924184848, "supply": [{"l": "Oilcrops Oil, Other", "v": 0.190738924184848}]}, {"source": 68, "prod": 10.0, "target": 16, "value": 0.092282970838043474, "supply": [{"l": "Butter, Ghee", "v": 0.092282970838043474}]}, {"source": 75, "prod": 4.8826291079812201, "target": 68, "value": 0.020726841900901405, "supply": [{"l": "Oil Palm", "v": 0.020726841900901405}]}, {"source": 76, "prod": 0, "target": 5, "value": 0.05748611727152337, "supply": "[{\"l\":'Energy for power irrigation',\"v\":0.05748611727152337}]"}, {"source": 76, "prod": 0, "target": 36, "value": 0.21508220462077282, "supply": "[{\"l\":'Energy for power irrigation',\"v\":0.21508220462077282}]"}, {"source": 76, "prod": 0, "target": 3, "value": 0.22826194858058549, "supply": "[{\"l\":'Energy for power irrigation',\"v\":0.22826194858058549}]"}, {"source": 76, "prod": 0, "target": 65, "value": 0.070665861231336044, "supply": "[{\"l\":'Energy for power irrigation',\"v\":0.070665861231336044}]"}, {"source": 76, "prod": 0, "target": 8, "value": 0.26359487919625352, "supply": "[{\"l\":'Energy for power irrigation',\"v\":0.26359487919625352}]"}, {"source": 76, "prod": 0, "target": 56, "value": 0.060290318114036706, "supply": "[{\"l\":'Energy for power irrigation',\"v\":0.060290318114036706}]"}, {"source": 76, "prod": 0, "target": 27, "value": 0.0019629405897593345, "supply": "[{\"l\":'Energy for power irrigation',\"v\":0.0019629405897593345}]"}, {"source": 76, "prod": 0, "target": 2, "value": 0.0086930226117913397, "supply": "[{\"l\":'Energy for power irrigation',\"v\":0.0086930226117913397}]"}, {"source": 76, "prod": 0, "target": 53, "value": 0.054401496344758701, "supply": "[{\"l\":'Energy for power irrigation',\"v\":0.054401496344758701}]"}, {"source": 76, "prod": 0, "target": 4, "value": 0.043465113058956693, "supply": "[{\"l\":'Energy for power irrigation',\"v\":0.043465113058956693}]"}, {"source": 76, "prod": 0, "target": 30, "value": 0.026639908003876684, "supply": "[{\"l\":'Energy for power irrigation',\"v\":0.026639908003876684}]"}, {"source": 76, "prod": 0, "target": 75, "value": 0.0013691872658281071, "supply": "[{\"l\":'Energy for power irrigation',\"v\":0.0013691872658281071}]"}, {"source": 76, "prod": 0, "target": 48, "value": 0.077956783421870721, "supply": "[{\"l\":'Energy for power irrigation',\"v\":0.077956783421870721}]"}, {"source": 76, "prod": 0, "target": 17, "value": 0.1264694579973514, "supply": "[{\"l\":'Energy for power irrigation',\"v\":0.1264694579973514}]"}, {"source": 76, "prod": 0, "target": 66, "value": 0.0067300820220320048, "supply": "[{\"l\":'Energy for power irrigation',\"v\":0.0067300820220320048}]"}, {"source": 76, "prod": 0, "target": 68, "value": 0.83485942988293826, "supply": "[{\"l\":'Electricity',\"v\":0.83485942988293826}]"}, {"source": 77, "prod": 0, "target": 76, "value": 5.6563065995754576, "supply": [{"l": "Coal", "v": 0.0}, {"l": "Natural gas", "v": 1.6980609310110781}, {"l": "Oil", "v": 3.9582456685643796}]}, {"source": 77, "prod": 0, "target": 5, "value": 0.081262566866707173, "supply": [{"l": "Other fossil fuels", "v": 0.081262566866707173}]}, {"source": 77, "prod": 0, "target": 36, "value": 0.30404092091104584, "supply": [{"l": "Other fossil fuels", "v": 0.30404092091104584}]}, {"source": 77, "prod": 0, "target": 3, "value": 0.32267185087560796, "supply": [{"l": "Other fossil fuels", "v": 0.32267185087560796}]}, {"source": 77, "prod": 0, "target": 65, "value": 0.099893496831269302, "supply": [{"l": "Other fossil fuels", "v": 0.099893496831269302}]}, {"source": 77, "prod": 0, "target": 8, "value": 0.37261859929124264, "supply": [{"l": "Other fossil fuels", "v": 0.37261859929124264}]}, {"source": 77, "prod": 0, "target": 56, "value": 0.085226594518741663, "supply": [{"l": "Other fossil fuels", "v": 0.085226594518741663}]}, {"source": 77, "prod": 0, "target": 27, "value": 0.0027748193564241471, "supply": [{"l": "Other fossil fuels", "v": 0.0027748193564241471}]}, {"source": 77, "prod": 0, "target": 2, "value": 0.012288485721306938, "supply": [{"l": "Other fossil fuels", "v": 0.012288485721306938}]}, {"source": 77, "prod": 0, "target": 53, "value": 0.076902136449469222, "supply": [{"l": "Other fossil fuels", "v": 0.076902136449469222}]}, {"source": 77, "prod": 0, "target": 4, "value": 0.061442428606534691, "supply": [{"l": "Other fossil fuels", "v": 0.061442428606534691}]}, {"source": 77, "prod": 0, "target": 30, "value": 0.037658262694327711, "supply": [{"l": "Other fossil fuels", "v": 0.037658262694327711}]}, {"source": 77, "prod": 0, "target": 75, "value": 0.0019354876798666082, "supply": [{"l": "Other fossil fuels", "v": 0.0019354876798666082}]}, {"source": 77, "prod": 0, "target": 48, "value": 0.11019996872655899, "supply": [{"l": "Other fossil fuels", "v": 0.11019996872655899}]}, {"source": 77, "prod": 0, "target": 17, "value": 0.17877764710675575, "supply": [{"l": "Other fossil fuels", "v": 0.17877764710675575}]}, {"source": 77, "prod": 0, "target": 66, "value": 0.0095136663648827894, "supply": [{"l": "Other fossil fuels", "v": 0.0095136663648827894}]}, {"source": 78, "prod": 0.32631252228022595, "target": 5, "value": 0.0040655773045159558, "supply": [{"l": "Potash", "v": 0.000769166667282}, {"l": "Phosphate", "v": 0.0126250000101}, {"l": "Nitrogen", "v": 0.086378722291325191}]}, {"source": 78, "prod": 1.2208863638484551, "target": 36, "value": 0.015211208744213358, "supply": [{"l": "Potash", "v": 0.000769166667282}, {"l": "Phosphate", "v": 0.0126250000101}, {"l": "Nitrogen", "v": 0.086378722291325191}]}, {"source": 78, "prod": 1.2956994787127021, "target": 3, "value": 0.016143316711590187, "supply": [{"l": "Potash", "v": 0.000769166667282}, {"l": "Phosphate", "v": 0.0126250000101}, {"l": "Nitrogen", "v": 0.086378722291325191}]}, {"source": 78, "prod": 0.40112563714447286, "target": 65, "value": 0.0049976852718927852, "supply": [{"l": "Potash", "v": 0.000769166667282}, {"l": "Phosphate", "v": 0.0126250000101}, {"l": "Nitrogen", "v": 0.086378722291325191}]}, {"source": 78, "prod": 1.4962622972849384, "target": 8, "value": 0.018642159347536581, "supply": [{"l": "Potash", "v": 0.000769166667282}, {"l": "Phosphate", "v": 0.0126250000101}, {"l": "Nitrogen", "v": 0.086378722291325191}]}, {"source": 78, "prod": 0.3422302062938955, "target": 56, "value": 0.0042638981486386859, "supply": [{"l": "Potash", "v": 0.000769166667282}, {"l": "Phosphate", "v": 0.0126250000101}, {"l": "Nitrogen", "v": 0.086378722291325191}]}, {"source": 78, "prod": 0.01114237880956869, "target": 27, "value": 0.00013882459088591069, "supply": [{"l": "Potash", "v": 0.000769166667282}, {"l": "Phosphate", "v": 0.0126250000101}, {"l": "Nitrogen", "v": 0.086378722291325191}]}, {"source": 78, "prod": 0.049344820442375634, "target": 2, "value": 0.00061479461678046166, "supply": [{"l": "Potash", "v": 0.000769166667282}, {"l": "Phosphate", "v": 0.0126250000101}, {"l": "Nitrogen", "v": 0.086378722291325191}]}, {"source": 78, "prod": 0.30880306986518941, "target": 53, "value": 0.0038474243759809533, "supply": [{"l": "Potash", "v": 0.000769166667282}, {"l": "Phosphate", "v": 0.0126250000101}, {"l": "Nitrogen", "v": 0.086378722291325191}]}, {"source": 78, "prod": 0.24672410221187815, "target": 4, "value": 0.0030739730839023085, "supply": [{"l": "Potash", "v": 0.000769166667282}, {"l": "Phosphate", "v": 0.0126250000101}, {"l": "Nitrogen", "v": 0.086378722291325191}]}, {"source": 78, "prod": 0.15121799812986081, "target": 30, "value": 0.0018840480191659309, "supply": [{"l": "Potash", "v": 0.000769166667282}, {"l": "Phosphate", "v": 0.0126250000101}, {"l": "Nitrogen", "v": 0.086378722291325191}]}, {"source": 78, "prod": 0.0077720147296790323, "target": 75, "value": 9.6832712623304561e-05, "supply": [{"l": "Potash", "v": 0.000769166667282}, {"l": "Phosphate", "v": 0.0126250000101}, {"l": "Nitrogen", "v": 0.086378722291325191}]}, {"source": 78, "prod": 0.44251161558001373, "target": 48, "value": 0.005513319466611882, "supply": [{"l": "Potash", "v": 0.000769166667282}, {"l": "Phosphate", "v": 0.0126250000101}, {"l": "Nitrogen", "v": 0.086378722291325191}]}, {"source": 78, "prod": 0.7178875490164971, "target": 17, "value": 0.0089442700699351035, "supply": [{"l": "Potash", "v": 0.000769166667282}, {"l": "Phosphate", "v": 0.0126250000101}, {"l": "Nitrogen", "v": 0.086378722291325191}]}, {"source": 78, "prod": 0.038202441632806936, "target": 66, "value": 0.00047597002589455097, "supply": [{"l": "Potash", "v": 0.000769166667282}, {"l": "Phosphate", "v": 0.0126250000101}, {"l": "Nitrogen", "v": 0.086378722291325191}]}, {"source": 77, "prod": 0, "target": 78, "value": 0.11775841968121036, "supply": [{"l": "Natural gas (including LNG)", "v": 0.080765840975172989}, {"l": "Fuel oil", "v": 0.021723309483369979}, {"l": "Liquefied petroleum gas (LPG)", "v": 0.0076346346113336959}, {"l": "Coal", "v": 0.0076346346113336959}]}, {"source": 79, "prod": 0, "target": 5, "value": 0.020376467810774318, "supply": "[{\"l\":'Labor',\"v\":0.020376467810774318}]"}, {"source": 79, "prod": 0, "target": 7, "value": 0.00059638442372998007, "supply": "[{\"l\":'Labor',\"v\":0.00059638442372998007}]"}, {"source": 79, "prod": 0, "target": 26, "value": 0.0011927688474599601, "supply": "[{\"l\":'Labor',\"v\":0.0011927688474599601}]"}, {"source": 79, "prod": 0, "target": 9, "value": 0.00029819221186499004, "supply": "[{\"l\":'Labor',\"v\":0.00029819221186499004}]"}, {"source": 79, "prod": 0, "target": 14, "value": 0.00019879480790999335, "supply": "[{\"l\":'Labor',\"v\":0.00019879480790999335}]"}, {"source": 79, "prod": 0, "target": 4, "value": 0.015406597613024485, "supply": "[{\"l\":'Labor',\"v\":0.015406597613024485}]"}, {"source": 79, "prod": 0, "target": 37, "value": 9.9397403954996674e-05, "supply": "[{\"l\":'Labor',\"v\":9.9397403954996674e-05}]"}, {"source": 79, "prod": 0, "target": 15, "value": 0.020774057426594304, "supply": "[{\"l\":'Labor',\"v\":0.020774057426594304}]"}, {"source": 79, "prod": 0, "target": 17, "value": 0.044828229183703501, "supply": "[{\"l\":'Labor',\"v\":0.044828229183703501}]"}, {"source": 79, "prod": 0, "target": 18, "value": 9.9397403954996674e-05, "supply": "[{\"l\":'Labor',\"v\":9.9397403954996674e-05}]"}, {"source": 79, "prod": 0, "target": 0, "value": 0.0017891532711899402, "supply": "[{\"l\":'Labor',\"v\":0.0017891532711899402}]"}, {"source": 79, "prod": 0, "target": 20, "value": 0.0014909610593249502, "supply": "[{\"l\":'Labor',\"v\":0.0014909610593249502}]"}, {"source": 79, "prod": 0, "target": 3, "value": 0.080909486819367285, "supply": "[{\"l\":'Labor',\"v\":0.080909486819367285}]"}, {"source": 79, "prod": 0, "target": 22, "value": 0.00049698701977498336, "supply": "[{\"l\":'Labor',\"v\":0.00049698701977498336}]"}, {"source": 79, "prod": 0, "target": 23, "value": 0.00029819221186499004, "supply": "[{\"l\":'Labor',\"v\":0.00029819221186499004}]"}, {"source": 79, "prod": 0, "target": 8, "value": 0.093433559717696874, "supply": "[{\"l\":'Labor',\"v\":0.093433559717696874}]"}, {"source": 79, "prod": 0, "target": 27, "value": 0.00069578182768497668, "supply": "[{\"l\":'Labor',\"v\":0.00069578182768497668}]"}, {"source": 79, "prod": 0, "target": 30, "value": 0.0094427533757246839, "supply": "[{\"l\":'Labor',\"v\":0.0094427533757246839}]"}, {"source": 79, "prod": 0, "target": 31, "value": 9.9397403954996674e-05, "supply": "[{\"l\":'Labor',\"v\":9.9397403954996674e-05}]"}, {"source": 79, "prod": 0, "target": 33, "value": 0.00029819221186499004, "supply": "[{\"l\":'Labor',\"v\":0.00029819221186499004}]"}, {"source": 79, "prod": 0, "target": 34, "value": 0.00029819221186499004, "supply": "[{\"l\":'Labor',\"v\":0.00029819221186499004}]"}, {"source": 79, "prod": 0, "target": 36, "value": 0.076237808833482454, "supply": "[{\"l\":'Labor',\"v\":0.076237808833482454}]"}, {"source": 79, "prod": 0, "target": 67, "value": 9.9397403954996674e-05, "supply": "[{\"l\":'Labor',\"v\":9.9397403954996674e-05}]"}, {"source": 79, "prod": 0, "target": 38, "value": 0.0046716779858848442, "supply": "[{\"l\":'Labor',\"v\":0.0046716779858848442}]"}, {"source": 79, "prod": 0, "target": 40, "value": 0.00019879480790999335, "supply": "[{\"l\":'Labor',\"v\":0.00019879480790999335}]"}, {"source": 79, "prod": 0, "target": 75, "value": 0.00048532065780843437, "supply": "[{\"l\":'Labor',\"v\":0.00048532065780843437}]"}, {"source": 79, "prod": 0, "target": 43, "value": 9.9397403954996674e-05, "supply": "[{\"l\":'Labor',\"v\":9.9397403954996674e-05}]"}, {"source": 79, "prod": 0, "target": 44, "value": 0.0066596260649847772, "supply": "[{\"l\":'Labor',\"v\":0.0066596260649847772}]"}, {"source": 79, "prod": 0, "target": 47, "value": 0.0028825247146949035, "supply": "[{\"l\":'Labor',\"v\":0.0028825247146949035}]"}, {"source": 79, "prod": 0, "target": 48, "value": 0.027632478299489074, "supply": "[{\"l\":'Labor',\"v\":0.027632478299489074}]"}, {"source": 79, "prod": 0, "target": 39, "value": 0.00059638442372998007, "supply": "[{\"l\":'Labor',\"v\":0.00059638442372998007}]"}, {"source": 79, "prod": 0, "target": 52, "value": 0.0067590234689397736, "supply": "[{\"l\":'Labor',\"v\":0.0067590234689397736}]"}, {"source": 79, "prod": 0, "target": 53, "value": 0.019283096367269353, "supply": "[{\"l\":'Labor',\"v\":0.019283096367269353}]"}, {"source": 79, "prod": 0, "target": 54, "value": 0.00059638442372998007, "supply": "[{\"l\":'Labor',\"v\":0.00059638442372998007}]"}, {"source": 79, "prod": 0, "target": 55, "value": 0.00069578182768497668, "supply": "[{\"l\":'Labor',\"v\":0.00069578182768497668}]"}, {"source": 79, "prod": 0, "target": 56, "value": 0.021370441850324284, "supply": "[{\"l\":'Labor',\"v\":0.021370441850324284}]"}, {"source": 79, "prod": 0, "target": 2, "value": 0.0030813195226048972, "supply": "[{\"l\":'Labor',\"v\":0.0030813195226048972}]"}, {"source": 79, "prod": 0, "target": 28, "value": 9.9397403954996674e-05, "supply": "[{\"l\":'Labor',\"v\":9.9397403954996674e-05}]"}, {"source": 79, "prod": 0, "target": 61, "value": 0.008051189720354731, "supply": "[{\"l\":'Labor',\"v\":0.008051189720354731}]"}, {"source": 79, "prod": 0, "target": 65, "value": 0.02504814579665916, "supply": "[{\"l\":'Labor',\"v\":0.02504814579665916}]"}, {"source": 79, "prod": 0, "target": 66, "value": 0.0023855376949199203, "supply": "[{\"l\":'Labor',\"v\":0.0023855376949199203}]"}, {"source": 77, "prod": 0, "target": 71, "value": 2.6768100470975713, "supply": "[{\"l\":'Fossil Fuels',\"v\":2.6768100470975713}]"}, {"source": 80, "prod": 0, "target": 71, "value": 0.0003467865538832243, "supply": "[{\"l\":'Renewables & Nuclear',\"v\":0},{\"l\":'Biomass & Waste',\"v\":0.0003467865538832243}]"}]}