{"nodes": [{"layer": 5, "name": "Cereals - Excluding Beer"}, {"layer": 10, "name": "Feed", "fill": "#dbdb8d"}, {"layer": 13, "name": "Fish, Seafood"}, {"layer": 13, "name": "Milk - Excluding Butter"}, {"layer": 16, "name": "Food", "fill": "#b5cf6b"}, {"layer": 5, "name": "Oilcrops", "fill": "#ff9896"}, {"layer": 5, "name": "Treenuts"}, {"layer": 5, "name": "Vegetables"}, {"layer": 5, "name": "Others"}, {"layer": 13, "name": "Alcoholic Beverages"}, {"layer": 13, "name": "Animal Fats"}, {"layer": 5, "name": "Starchy Roots"}, {"layer": 5, "name": "Pulses"}, {"layer": 13, "name": "Sugar & Sweeteners"}, {"layer": 13, "name": "Vegetable Oils", "fill": "#f7b6d2"}, {"layer": 5, "name": "Spices"}, {"layer": 5, "name": "Stimulants"}, {"layer": 13, "name": "Eggs"}, {"layer": 5, "name": "Fruits - Excluding Wine"}, {"layer": 13, "name": "Meat"}, {"layer": 10, "name": "Processing", "fill": "#9edae5"}, {"layer": 16, "name": "Biofuels & Other", "fill": "#e7ba52"}, {"name": "Waste", "fill": "#c7c7c7"}, {"layer": 2, "name": "Import", "fill": "#aec7e8"}, {"layer": 16, "name": "Export", "fill": "#aec7e8"}, {"layer": 16, "name": "Stock Deposit", "fill": "#c7c7c7"}, {"layer": 0, "name": "Stock Draw", "fill": "#c7c7c7"}, {"name": "Crop Residue", "fill": "#bd9e39"}, {"layer": 2, "name": "Electricity", "fill": "#bcbd22"}, {"layer": 0, "name": "Fossil Fuels", "fill": "#c49c94"}, {"layer": 2, "name": "Fertilizers", "fill": "#c5b0d5"}, {"layer": 0, "name": "Labor", "fill": "#7f7f7f"}, {"layer": 0, "name": "Renewables & Nuclear", "fill": "#2ca02c"}], "links": [{"source": 0, "prod": 405.0, "target": 1, "value": 1.4878775815734928, "supply": [{"l": "Maize", "v": 1.207775707368097}, {"l": "Wheat", "v": 0.031761676406350366}, {"l": "Barley", "v": 0.24028396180471698}, {"l": "Millet", "v": 0.0080562359943284669}]}, {"source": 2, "prod": 2.0, "target": 1, "value": 0.0018899598255640413, "supply": [{"l": "Pelagic Fish", "v": 0.0010964987678911439}, {"l": "Fish, Seafood", "v": 0.00079346105767289735}]}, {"source": 3, "prod": 747.0, "target": 4, "value": 0.51091860742940487, "supply": [{"l": "Milk - Excluding Butter", "v": 0.51091860742940487}]}, {"source": 5, "prod": 27.0, "target": 4, "value": 0.09665707027596232, "supply": [{"l": "Olives", "v": 0.015130752446316833}, {"l": "Coconuts - Incl Copra", "v": 0.0080857460162857137}, {"l": "Sesame seed", "v": 0.034111741006205357}, {"l": "Groundnuts", "v": 0.0074912058680294122}, {"l": "Oilcrops, Other", "v": 0.031837624939125002}]}, {"source": 6, "prod": 5.0, "target": 4, "value": 0.014894795293157896, "supply": [{"l": "Treenuts", "v": 0.014894795293157896}]}, {"source": 7, "prod": 754.0, "target": 4, "value": 0.21108482629453018, "supply": [{"l": "Tomatoes", "v": 0.04813315034745335}, {"l": "Vegetables, Other", "v": 0.096383897605160196}, {"l": "Onions", "v": 0.066567778341916614}]}, {"source": 8, "prod": 10.0, "target": 4, "value": 0.034798620913472134, "supply": [{"l": "Nuts", "v": 0.014389886978135593}, {"l": "Infant food", "v": 0.020408733935336539}]}, {"source": 9, "prod": 22.0, "target": 4, "value": 0.01094418357282422, "supply": [{"l": "Beer", "v": 0.01094418357282422}]}, {"source": 10, "prod": 21.0, "target": 4, "value": 0.18913895382991186, "supply": [{"l": "Fats, Animals, Raw", "v": 0.031837624939125002}, {"l": "Butter, Ghee", "v": 0.15490977020991362}, {"l": "Cream", "v": 0.0023915586808732395}]}, {"source": 11, "prod": 52.0, "target": 4, "value": 0.045991846395740561, "supply": [{"l": "Roots, Other", "v": 0.001276696739413534}, {"l": "Potatoes", "v": 0.04471514965632703}]}, {"source": 12, "prod": 21.0, "target": 4, "value": 0.087432199293992471, "supply": [{"l": "Peas", "v": 0.0070750277642500003}, {"l": "Beans", "v": 0.0065307948593076922}, {"l": "Pulses, Other", "v": 0.073826376670434776}]}, {"source": 2, "prod": 112.0, "target": 4, "value": 0.085859833252825549, "supply": [{"l": "Pelagic Fish", "v": 0.02631597042938745}, {"l": "Crustaceans", "v": 0.0038591060532272726}, {"l": "Marine Fish, Other", "v": 0.0075596187070068495}, {"l": "Fish, Seafood", "v": 0.044433819229682252}, {"l": "Demersal Fish", "v": 0.0036913188335217393}]}, {"source": 13, "prod": 149.0, "target": 4, "value": 0.58741000061661053, "supply": [{"l": "Sugar", "v": 0.5086523272099206}, {"l": "Sweeteners, Other", "v": 0.074040988230523255}, {"l": "Honey", "v": 0.0047166851761666672}]}, {"source": 0, "prod": 1134.0, "target": 4, "value": 4.2998309552269429, "supply": [{"l": "Maize", "v": 0.020540403186532261}, {"l": "Barley", "v": 0.01201419809023585}, {"l": "Rice", "v": 1.0944373709320088}, {"l": "Cereals, Other", "v": 0.046584923071100653}, {"l": "Wheat", "v": 2.5797539392269022}, {"l": "Sorghum", "v": 0.49816270475419211}, {"l": "Millet", "v": 0.048337415965970798}]}, {"source": 14, "prod": 70.0, "target": 4, "value": 0.72066505068189002, "supply": [{"l": "Maize Germ Oil", "v": 0.26678945754728145}, {"l": "Soyabean Oil", "v": 0.032747271365957148}, {"l": "Palm Oil", "v": 0.24720979364497059}, {"l": "Olive Oil", "v": 0.02122508329275}, {"l": "Coconut Oil", "v": 0.0084900333171}, {"l": "Sesameseed Oil", "v": 0.012128619024428572}, {"l": "Oilcrops Oil, Other", "v": 0.11297221752592743}, {"l": "Cottonseed Oil", "v": 0.010612541646375}, {"l": "Palmkernel Oil", "v": 0.0084900333171}]}, {"source": 15, "prod": 13.0, "target": 4, "value": 0.056600222114000003, "supply": [{"l": "Cloves", "v": 0.0070750277642500003}, {"l": "Pepper", "v": 0.010612541646375}, {"l": "Spices, Other", "v": 0.038912652703375003}]}, {"source": 16, "prod": 37.0, "target": 4, "value": 0.052422024623530419, "supply": [{"l": "Coffee", "v": 0.0076314906221123593}, {"l": "Cocoa Beans", "v": 0.037273317001902437}, {"l": "Tea", "v": 0.0075172169995156258}]}, {"source": 17, "prod": 40.0, "target": 4, "value": 0.067321850091541846, "supply": [{"l": "Eggs", "v": 0.067321850091541846}]}, {"source": 18, "prod": 1258.0, "target": 4, "value": 1.0893397871688633, "supply": [{"l": "Grapes", "v": 0.055608151800193718}, {"l": "Dates", "v": 0.72256294272256127}, {"l": "Apples", "v": 0.033611568850689152}, {"l": "Lemons, Limes", "v": 0.0036913188335217393}, {"l": "Pineapples", "v": 0.0068838107976486483}, {"l": "Bananas", "v": 0.055868048262131612}, {"l": "Citrus, Other", "v": 0.062996973638964934}, {"l": "Fruits, Other", "v": 0.11861492598751504}, {"l": "Oranges, Mandarines", "v": 0.029502046275637066}]}, {"source": 19, "prod": 272.0, "target": 4, "value": 0.53439981149205606, "supply": [{"l": "Meat, Other", "v": 0.066614107564938463}, {"l": "Poultry Meat", "v": 0.2030225358436957}, {"l": "Mutton & Goat Meat", "v": 0.13263674691620378}, {"l": "Offals, Edible", "v": 0.022391296660483517}, {"l": "Bovine Meat", "v": 0.1097351245067347}]}, {"source": 5, "prod": 2.0, "target": 20, "value": 0.012128619024428572, "supply": [{"l": "Cottonseed", "v": 0.0053062708231875}, {"l": "Sesame seed", "v": 0.0068223482012410722}]}, {"source": 0, "prod": 6.0, "target": 21, "value": 0.022816612431489712, "supply": [{"l": "Sorghum", "v": 0.022816612431489712}]}, {"source": 14, "prod": 13.0, "target": 21, "value": 0.1335126207124597, "supply": [{"l": "Oilcrops Oil, Other", "v": 0.1335126207124597}]}, {"source": 5, "prod": 1.0, "target": 21, "value": 0.0053062708231875, "supply": [{"l": "Oilcrops, Other", "v": 0.0053062708231875}]}, {"source": 10, "prod": 4.0, "target": 21, "value": 0.0424501665855, "supply": [{"l": "Fats, Animals, Raw", "v": 0.0424501665855}]}, {"source": 11, "prod": 1.0, "target": 11, "value": 0.00087676764032013782, "supply": [{"l": "Potatoes", "v": 0.00087676764032013782}]}, {"source": 0, "prod": 19.0, "target": 0, "value": 0.068614783930214723, "supply": [{"l": "Wheat", "v": 0.031761676406350366}, {"l": "Barley", "v": 0.0024028396180471702}, {"l": "Sorghum", "v": 0.030422149908652951}, {"l": "Millet", "v": 0.0040281179971642335}]}, {"source": 17, "prod": 2.0, "target": 17, "value": 0.003366092504577093, "supply": [{"l": "Eggs", "v": 0.003366092504577093}]}, {"source": 3, "prod": 14.0, "target": 22, "value": 0.0095754491352231172, "supply": [{"l": "Milk - Excluding Butter", "v": 0.0095754491352231172}]}, {"source": 19, "prod": 4.0, "target": 22, "value": 0.0055978241651208792, "supply": [{"l": "Offals, Edible", "v": 0.0055978241651208792}]}, {"source": 17, "prod": 2.0, "target": 22, "value": 0.003366092504577093, "supply": [{"l": "Eggs", "v": 0.003366092504577093}]}, {"source": 11, "prod": 5.0, "target": 22, "value": 0.0043838382016006894, "supply": [{"l": "Potatoes", "v": 0.0043838382016006894}]}, {"source": 18, "prod": 28.0, "target": 22, "value": 0.020905706595481896, "supply": [{"l": "Dates", "v": 0.0072437387741610152}, {"l": "Bananas", "v": 0.0014325140580033746}, {"l": "Fruits, Other", "v": 0.001888772706807564}, {"l": "Citrus, Other", "v": 0.00028123648945966489}, {"l": "Grapes", "v": 0.0054824938394557191}, {"l": "Oranges, Mandarines", "v": 0.00065560102834749038}, {"l": "Apples", "v": 0.0039213496992470684}]}, {"source": 0, "prod": 27.0, "target": 22, "value": 0.10207538348207403, "supply": [{"l": "Maize", "v": 0.03697272573575807}, {"l": "Wheat", "v": 0.017645375781305761}, {"l": "Cereals, Other", "v": 0.0035834556208538967}, {"l": "Millet", "v": 0.0040281179971642335}, {"l": "Sorghum", "v": 0.030422149908652951}, {"l": "Barley", "v": 0.0048056792360943405}, {"l": "Rice", "v": 0.0046178792022447636}]}, {"source": 7, "prod": 58.0, "target": 22, "value": 0.015347430128269082, "supply": [{"l": "Vegetables, Other", "v": 0.0082131642069560081}, {"l": "Onions", "v": 0.003328388917095831}, {"l": "Tomatoes", "v": 0.0038058770042172412}]}, {"source": 23, "prod": 10.0, "target": 8, "value": 0.034798620913472134, "supply": [{"l": "Nuts", "v": 0.014389886978135593}, {"l": "Infant food", "v": 0.020408733935336539}]}, {"source": 23, "prod": 761.0, "target": 1, "value": 0.73196395489182653, "supply": [{"l": "Meat, Other", "v": 0.0039184769155846157}, {"l": "Crustaceans", "v": 0.00070165564604132225}, {"l": "Eggs", "v": 0.026928740036616744}, {"l": "Marine Fish, Other", "v": 0.0052335821817739723}, {"l": "Poultry Meat", "v": 0.16330073535253781}, {"l": "Milk - Excluding Butter", "v": 0.3556595393082872}, {"l": "Pelagic Fish", "v": 0.025219471661496309}, {"l": "Fish, Seafood", "v": 0.026977675960878508}, {"l": "Mutton & Goat Meat", "v": 0.040367705583192456}, {"l": "Offals, Edible", "v": 0.0027989120825604396}, {"l": "Bovine Meat", "v": 0.08085746016285715}]}, {"source": 23, "prod": 1324.0, "target": 0, "value": 5.2017052572782649, "supply": [{"l": "Maize", "v": 1.261180755653081}, {"l": "Barley", "v": 0.13936469784673586}, {"l": "Rice", "v": 1.7547940968530102}, {"l": "Cereals, Other", "v": 0.050168378691954549}, {"l": "Wheat", "v": 1.976282087506245}, {"l": "Sorghum", "v": 0.0038027687385816188}, {"l": "Millet", "v": 0.016112471988656934}]}, {"source": 23, "prod": 16.0, "target": 12, "value": 0.066924872441093936, "supply": [{"l": "Peas", "v": 0.0070750277642500003}, {"l": "Beans", "v": 0.0065307948593076922}, {"l": "Pulses, Other", "v": 0.05331904981753624}]}, {"source": 23, "prod": 294.0, "target": 20, "value": 1.6983488653489154, "supply": [{"l": "Sugar", "v": 0.6077964248864306}, {"l": "Beer", "v": 0.01094418357282422}, {"l": "Fats, Animals, Raw", "v": 0.02122508329275}, {"l": "Soyabean Oil", "v": 0.032747271365957148}, {"l": "Butter, Ghee", "v": 0.14579743078580107}, {"l": "Palm Oil", "v": 0.24720979364497059}, {"l": "Olive Oil", "v": 0.02122508329275}, {"l": "Coconut Oil", "v": 0.0084900333171}, {"l": "Oilcrops Oil, Other", "v": 0.24648483823838713}, {"l": "Sweeteners, Other", "v": 0.074040988230523255}, {"l": "Maize Germ Oil", "v": 0.26678945754728145}, {"l": "Honey", "v": 0.0047166851761666672}, {"l": "Palmkernel Oil", "v": 0.0084900333171}, {"l": "Cream", "v": 0.0023915586808732395}]}, {"source": 23, "prod": 5.0, "target": 6, "value": 0.014894795293157896, "supply": [{"l": "Treenuts", "v": 0.014894795293157896}]}, {"source": 23, "prod": 294.0, "target": 7, "value": 0.081998447012194581, "supply": [{"l": "Tomatoes", "v": 0.014999632898973833}, {"l": "Vegetables, Other", "v": 0.042273639300508863}, {"l": "Onions", "v": 0.024725174812711886}]}, {"source": 23, "prod": 36.0, "target": 16, "value": 0.051945056459648399, "supply": [{"l": "Coffee", "v": 0.0071545224582303382}, {"l": "Cocoa Beans", "v": 0.037273317001902437}, {"l": "Tea", "v": 0.0075172169995156258}]}, {"source": 23, "prod": 784.0, "target": 18, "value": 0.32973222000219587, "supply": [{"l": "Citrus, Other", "v": 0.055684824913013652}, {"l": "Grapes", "v": 0.017230694924003687}, {"l": "Dates", "v": 0.0072437387741610152}, {"l": "Apples", "v": 0.037532918549936227}, {"l": "Lemons, Limes", "v": 0.0036913188335217393}, {"l": "Pineapples", "v": 0.0080311125972567562}, {"l": "Bananas", "v": 0.058016819349136675}, {"l": "Fruits, Other", "v": 0.11181534424300781}, {"l": "Oranges, Mandarines", "v": 0.030485447818158304}]}, {"source": 23, "prod": 29.0, "target": 5, "value": 0.10726961192233732, "supply": [{"l": "Olives", "v": 0.015130752446316833}, {"l": "Coconuts - Incl Copra", "v": 0.0080857460162857137}, {"l": "Sesame seed", "v": 0.034111741006205357}, {"l": "Groundnuts", "v": 0.0074912058680294122}, {"l": "Oilcrops, Other", "v": 0.037143895762312501}, {"l": "Cottonseed", "v": 0.0053062708231875}]}, {"source": 23, "prod": 14.0, "target": 15, "value": 0.060923850192152788, "supply": [{"l": "Cloves", "v": 0.0070750277642500003}, {"l": "Pepper", "v": 0.010612541646375}, {"l": "Spices, Other", "v": 0.043236280781527789}]}, {"source": 23, "prod": 54.0, "target": 11, "value": 0.04774538167638083, "supply": [{"l": "Roots, Other", "v": 0.001276696739413534}, {"l": "Potatoes", "v": 0.046468684936967299}]}, {"source": 7, "prod": 3.0, "target": 24, "value": 0.00070700242418666179, "supply": [{"l": "Vegetables, Other", "v": 0.00048312730629152992}, {"l": "Tomatoes", "v": 0.00022387511789513187}]}, {"source": 10, "prod": 1.0, "target": 24, "value": 0.0091123394241125668, "supply": [{"l": "Butter, Ghee", "v": 0.0091123394241125668}]}, {"source": 2, "prod": 4.0, "target": 24, "value": 0.0037799196511280825, "supply": [{"l": "Pelagic Fish", "v": 0.0021929975357822878}, {"l": "Fish, Seafood", "v": 0.0015869221153457947}]}, {"source": 13, "prod": 1.0, "target": 24, "value": 0.0043106129424569537, "supply": [{"l": "Sugar", "v": 0.0043106129424569537}]}, {"source": 18, "prod": 21.0, "target": 24, "value": 0.025458911851389779, "supply": [{"l": "Dates", "v": 0.021731216322483045}, {"l": "Bananas", "v": 0.00071625702900168732}, {"l": "Fruits, Other", "v": 0.001888772706807564}, {"l": "Citrus, Other", "v": 0.00056247297891932977}, {"l": "Apples", "v": 0.00056019281417815257}]}, {"source": 0, "prod": 2.0, "target": 24, "value": 0.0070581503125223041, "supply": [{"l": "Wheat", "v": 0.0070581503125223041}]}, {"source": 13, "prod": 21.0, "target": 25, "value": 0.090522871791596043, "supply": [{"l": "Sugar", "v": 0.090522871791596043}]}, {"source": 0, "prod": 143.0, "target": 25, "value": 0.65976696471592056, "supply": [{"l": "Rice", "v": 0.65573884671875637}, {"l": "Millet", "v": 0.0040281179971642335}]}, {"source": 26, "prod": 112.0, "target": 0, "value": 0.35583817366375964, "supply": [{"l": "Wheat", "v": 0.27173878703210869}, {"l": "Barley", "v": 0.084099386631650952}]}, {"source": 1, "prod": 761.0, "target": 3, "value": 0.52049405656462799, "supply": [{"l": "Milk - Excluding Butter", "v": 0.52049405656462799}]}, {"source": 1, "prod": 42.0, "target": 17, "value": 0.070687942596118936, "supply": [{"l": "Eggs", "v": 0.074054035100696025}]}, {"source": 1, "prod": 276.0, "target": 19, "value": 0.53999763565717696, "supply": [{"l": "Poultry Meat", "v": 0.2030225358436957}, {"l": "Bovine Meat", "v": 0.1097351245067347}, {"l": "Meat, Other", "v": 0.066614107564938463}, {"l": "Offals, Edible", "v": 0.027989120825604397}, {"l": "Mutton & Goat Meat", "v": 0.13263674691620378}]}, {"source": 1, "prod": 118.0, "target": 2, "value": 0.091529712729517682, "supply": [{"l": "Crustaceans", "v": 0.0038591060532272726}, {"l": "Demersal Fish", "v": 0.0036913188335217393}, {"l": "Pelagic Fish", "v": 0.029605466733060883}, {"l": "Marine Fish, Other", "v": 0.0075596187070068495}, {"l": "Fish, Seafood", "v": 0.046814202402700941}]}, {"source": 20, "prod": 171.0, "target": 13, "value": 0.68224348535066348, "supply": [{"l": "Honey", "v": 0.0047166851761666672}, {"l": "Sweeteners, Other", "v": 0.074040988230523255}, {"l": "Sugar", "v": 0.60348581194397355}]}, {"source": 20, "prod": 83.0, "target": 14, "value": 0.85417767139434975, "supply": [{"l": "Olive Oil", "v": 0.02122508329275}, {"l": "Sesameseed Oil", "v": 0.012128619024428572}, {"l": "Soyabean Oil", "v": 0.032747271365957148}, {"l": "Coconut Oil", "v": 0.0084900333171}, {"l": "Cottonseed Oil", "v": 0.010612541646375}, {"l": "Maize Germ Oil", "v": 0.26678945754728145}, {"l": "Palm Oil", "v": 0.24720979364497059}, {"l": "Palmkernel Oil", "v": 0.0084900333171}, {"l": "Oilcrops Oil, Other", "v": 0.24648483823838713}]}, {"source": 20, "prod": 26.0, "target": 10, "value": 0.24070145983952443, "supply": [{"l": "Fats, Animals, Raw", "v": 0.074287791524625002}, {"l": "Butter, Ghee", "v": 0.16402210963402619}, {"l": "Cream", "v": 0.0023915586808732395}]}, {"source": 20, "prod": 22.0, "target": 9, "value": 0.01094418357282422, "supply": [{"l": "Beer", "v": 0.01094418357282422}]}, {"source": 11, "prod": 15.75, "target": 27, "value": 0.055312602233421049, "supply": [{"l": "Roots, Other", "v": 0.0012692690034210527}, {"l": "Potatoes", "v": 0.054043333229999997}]}, {"source": 0, "prod": 2037.0, "target": 27, "value": 7.0985134850663894, "supply": [{"l": "Maize", "v": 1.0773799979400001}, {"l": "Barley", "v": 0.42885999918000001}, {"l": "Rice", "v": 1.3249333308}, {"l": "Wheat", "v": 3.0543199941600006}, {"l": "Sorghum", "v": 1.0634333313000004}, {"l": "Cereals, Other", "v": 0.048813333240000006}, {"l": "Millet", "v": 0.10459999980000001}]}, {"source": 7, "prod": 668.5, "target": 27, "value": 2.6883123177360657, "supply": [{"l": "Tomatoes", "v": 0.69733333200000003}, {"l": "Vegetables, Other", "v": 1.2116166643499999}, {"l": "Onions", "v": 0.42188666585999995}]}, {"source": 12, "prod": 13.5, "target": 27, "value": 0.047623172985865381, "supply": [{"l": "Peas", "v": 0.0017433333299999999}, {"l": "Beans", "v": 0.0034866666600000002}, {"l": "Pulses, Other", "v": 0.041839999919999996}]}, {"source": 5, "prod": 15.5, "target": 27, "value": 0.039725440106716872, "supply": [{"l": "Olives", "v": 0.01568999997}, {"l": "Coconuts - Incl Copra", "v": 0.010459999979999999}, {"l": "Sesame seed", "v": 0.01220333331}, {"l": "Groundnuts", "v": 0.0017433333300000001}, {"l": "Oilcrops, Other", "v": 0.01220333331}, {"l": "Cottonseed", "v": 0.0017433333299999999}]}, {"source": 28, "prod": 0, "target": 5, "value": 0.0087746514061908323, "supply": "[{\"l\":'Energy for power irrigation',\"v\":0.0087746514061908323}]"}, {"source": 28, "prod": 0, "target": 7, "value": 0.37844222355087559, "supply": "[{\"l\":'Energy for power irrigation',\"v\":0.37844222355087559}]"}, {"source": 28, "prod": 0, "target": 11, "value": 0.017832356083549109, "supply": "[{\"l\":'Energy for power irrigation',\"v\":0.017832356083549109}]"}, {"source": 28, "prod": 0, "target": 12, "value": 0.0076424383215210482, "supply": "[{\"l\":'Energy for power irrigation',\"v\":0.0076424383215210482}]"}, {"source": 28, "prod": 0, "target": 0, "value": 0.57657951336808788, "supply": "[{\"l\":'Energy for power irrigation',\"v\":0.57657951336808788}]"}, {"source": 28, "prod": 0, "target": 18, "value": 0.51855359277876145, "supply": "[{\"l\":'Energy for power irrigation',\"v\":0.51855359277876145}]"}, {"source": 28, "prod": 0, "target": 20, "value": 0.90318791511651464, "supply": "[{\"l\":'Electricity',\"v\":0.90318791511651464}]"}, {"source": 29, "prod": 0, "target": 28, "value": 6.0463187875678122, "supply": [{"l": "Coal", "v": 0.0}, {"l": "Natural gas", "v": 2.1968335662602687}, {"l": "Oil", "v": 3.8494852213075434}]}, {"source": 29, "prod": 0, "target": 5, "value": 0.017243969374653299, "supply": [{"l": "Other fossil fuels", "v": 0.017243969374653299}]}, {"source": 29, "prod": 0, "target": 7, "value": 0.74371571141649873, "supply": [{"l": "Other fossil fuels", "v": 0.74371571141649873}]}, {"source": 29, "prod": 0, "target": 11, "value": 0.035044195825908314, "supply": [{"l": "Other fossil fuels", "v": 0.035044195825908314}]}, {"source": 29, "prod": 0, "target": 12, "value": 0.015018941068246423, "supply": [{"l": "Other fossil fuels", "v": 0.015018941068246423}]}, {"source": 29, "prod": 0, "target": 0, "value": 1.1330956650377022, "supply": [{"l": "Other fossil fuels", "v": 1.1330956650377022}]}, {"source": 29, "prod": 0, "target": 18, "value": 1.0190629643343498, "supply": [{"l": "Other fossil fuels", "v": 1.0190629643343498}]}, {"source": 30, "prod": 0.082956045994065281, "target": 5, "value": 0.00089293681708840149, "supply": [{"l": "Potash", "v": 0.0072711888947058385}, {"l": "Phosphate", "v": 0.0192447083487291}, {"l": "Nitrogen", "v": 0.12879750010303798}]}, {"source": 30, "prod": 3.5778139836795253, "target": 7, "value": 0.038511500788619119, "supply": [{"l": "Potash", "v": 0.0072711888947058385}, {"l": "Phosphate", "v": 0.0192447083487291}, {"l": "Nitrogen", "v": 0.12879750010303798}]}, {"source": 30, "prod": 0.16858809347181009, "target": 11, "value": 0.0018146780476312673, "supply": [{"l": "Potash", "v": 0.0072711888947058385}, {"l": "Phosphate", "v": 0.0192447083487291}, {"l": "Nitrogen", "v": 0.12879750010303798}]}, {"source": 30, "prod": 0.072252040059347183, "target": 12, "value": 0.0007777191632705432, "supply": [{"l": "Potash", "v": 0.0072711888947058385}, {"l": "Phosphate", "v": 0.0192447083487291}, {"l": "Nitrogen", "v": 0.12879750010303798}]}, {"source": 30, "prod": 5.4510150222551923, "target": 0, "value": 0.058674590206744315, "supply": [{"l": "Potash", "v": 0.0072711888947058385}, {"l": "Phosphate", "v": 0.0192447083487291}, {"l": "Nitrogen", "v": 0.12879750010303798}]}, {"source": 30, "prod": 4.9024347181008903, "target": 18, "value": 0.05276968544857908, "supply": [{"l": "Potash", "v": 0.0072711888947058385}, {"l": "Phosphate", "v": 0.0192447083487291}, {"l": "Nitrogen", "v": 0.12879750010303798}]}, {"source": 29, "prod": 0, "target": 30, "value": 0.18967067342526522, "supply": [{"l": "Natural gas (including LNG)", "v": 0.12758853512789112}, {"l": "Fuel oil", "v": 0.039314451393566728}, {"l": "Liquefied petroleum gas (LPG)", "v": 0.011383843451903684}, {"l": "Coal", "v": 0.011383843451903684}]}, {"source": 31, "prod": 0, "target": 11, "value": 0.0068102903424033211, "supply": "[{\"l\":'Labor',\"v\":0.0068102903424033211}]"}, {"source": 31, "prod": 0, "target": 5, "value": 0.0033510952478492534, "supply": "[{\"l\":'Labor',\"v\":0.0033510952478492534}]"}, {"source": 31, "prod": 0, "target": 6, "value": 0.00054049923352407318, "supply": "[{\"l\":'Labor',\"v\":0.00054049923352407318}]"}, {"source": 31, "prod": 0, "target": 7, "value": 0.14452949504433715, "supply": "[{\"l\":'Labor',\"v\":0.14452949504433715}]"}, {"source": 31, "prod": 0, "target": 12, "value": 0.0029186958610299954, "supply": "[{\"l\":'Labor',\"v\":0.0029186958610299954}]"}, {"source": 31, "prod": 0, "target": 8, "value": 0.0010809984670481464, "supply": "[{\"l\":'Labor',\"v\":0.0010809984670481464}]"}, {"source": 31, "prod": 0, "target": 0, "value": 0.22019938773770739, "supply": "[{\"l\":'Labor',\"v\":0.22019938773770739}]"}, {"source": 31, "prod": 0, "target": 15, "value": 0.0014052980071625901, "supply": "[{\"l\":'Labor',\"v\":0.0014052980071625901}]"}, {"source": 31, "prod": 0, "target": 16, "value": 0.0039996943280781417, "supply": "[{\"l\":'Labor',\"v\":0.0039996943280781417}]"}, {"source": 31, "prod": 0, "target": 18, "value": 0.19803891916322042, "supply": "[{\"l\":'Labor',\"v\":0.19803891916322042}]"}, {"source": 29, "prod": 0, "target": 23, "value": 5.6382451616975731, "supply": "[{\"l\":'Fossil Fuels',\"v\":5.6382451616975731}]"}, {"source": 32, "prod": 0, "target": 23, "value": 0.00088651845568443928, "supply": "[{\"l\":'Renewables & Nuclear',\"v\":0},{\"l\":'Biomass & Waste',\"v\":0.00088651845568443928}]"}]}