{"nodes": [{"name": "Balance", "fill": "#9edae5"}, {"name": "Food", "fill": "#b5cf6b"}, {"name": "Export", "fill": "#aec7e8"}, {"name": "Biofuels & Other", "fill": "#e7ba52"}, {"name": "Crop Residue", "fill": "#bd9e39"}, {"name": "Renewables & Nuclear", "fill": "#2ca02c"}, {"name": "Fossil Fuels", "fill": "#c49c94"}, {"name": "Labor", "fill": "#7f7f7f"}], "links": [{"source": 0, "target": 1, "value": 0.4609436989526926}, {"source": 0, "target": 2, "value": 0.14437264644642564}, {"source": 0, "target": 3, "value": 0.050846902833181329}, {"source": 0, "target": 4, "value": 1.0841986824052101}, {"source": 5, "target": 0, "value": 0.037929413954835796}, {"source": 6, "target": 0, "value": 0.018104739238047878}, {"source": 7, "target": 0, "value": 0.10310860125771004}]}