{"nodes": [{"layer": 5, "name": "Maize"}, {"layer": 16, "name": "Food", "fill": "#b5cf6b"}, {"layer": 5, "name": "Roots, Other"}, {"layer": 5, "name": "Plantains"}, {"layer": 5, "name": "Fruits, Other"}, {"layer": 13, "name": "Sugar", "fill": "#d6616b"}, {"layer": 13, "name": "Beer"}, {"layer": 13, "name": "Groundnut Oil"}, {"layer": 13, "name": "Beverages, Alcoholic"}, {"layer": 5, "name": "Rice"}, {"layer": 5, "name": "Nuts"}, {"layer": 5, "name": "Cereals, Other"}, {"layer": 5, "name": "Wheat"}, {"layer": 5, "name": "Coconuts - Incl Copra"}, {"layer": 5, "name": "Treenuts"}, {"layer": 5, "name": "Vegetables, Other"}, {"layer": 13, "name": "Marine Fish, Other"}, {"layer": 5, "name": "Groundnuts"}, {"layer": 13, "name": "Palm Oil"}, {"layer": 13, "name": "Mutton & Goat Meat"}, {"layer": 13, "name": "Pigmeat"}, {"layer": 5, "name": "Potatoes"}, {"layer": 13, "name": "Milk - Excluding Butter"}, {"layer": 5, "name": "Pulses, Other"}, {"layer": 13, "name": "Fish, Seafood"}, {"layer": 5, "name": "Sorghum"}, {"layer": 13, "name": "Wine"}, {"layer": 13, "name": "Beverages, Fermented"}, {"layer": 13, "name": "Bovine Meat"}, {"layer": 5, "name": "Millet"}, {"layer": 13, "name": "Offals, Edible"}, {"layer": 10, "name": "Processing", "fill": "#9edae5"}, {"layer": 5, "name": "Sugar cane"}, {"layer": 16, "name": "Biofuels & Other", "fill": "#e7ba52"}, {"layer": 13, "name": "Coconut Oil"}, {"name": "Waste", "fill": "#c7c7c7"}, {"layer": 2, "name": "Import", "fill": "#aec7e8"}, {"layer": 10, "name": "Feed", "fill": "#dbdb8d"}, {"layer": 16, "name": "Export", "fill": "#aec7e8"}, {"layer": 5, "name": "Palm kernels"}, {"layer": 5, "name": "Oil Palm"}, {"layer": 2, "name": "Electricity", "fill": "#bcbd22"}, {"layer": 0, "name": "Fossil Fuels", "fill": "#c49c94"}, {"layer": 0, "name": "Renewables & Nuclear", "fill": "#2ca02c"}, {"layer": 2, "name": "Fertilizers", "fill": "#c5b0d5"}, {"layer": 0, "name": "Labor", "fill": "#7f7f7f"}], "links": [{"source": 0, "prod": 2.0, "target": 1, "value": 0.0072591362934312275, "supply": [{"l": "Maize", "v": 0.0072591362934312275}]}, {"source": 2, "prod": 36.0, "target": 1, "value": 0.044068926495134893, "supply": [{"l": "Roots, Other", "v": 0.044068926495134893}]}, {"source": 3, "prod": 18.0, "target": 1, "value": 0.018719672569997774, "supply": [{"l": "Plantains", "v": 0.018719672569997774}]}, {"source": 4, "prod": 12.0, "target": 1, "value": 0.0057268352897807771, "supply": [{"l": "Fruits, Other", "v": 0.0057268352897807771}]}, {"source": 5, "prod": 2.0, "target": 1, "value": 0.0083469428679353933, "supply": [{"l": "Sugar", "v": 0.0083469428679353933}]}, {"source": 6, "prod": 2.0, "target": 1, "value": 0.0012596488601038576, "supply": [{"l": "Beer", "v": 0.0012596488601038576}]}, {"source": 7, "prod": 2.0, "target": 1, "value": 0.020511089665165138, "supply": [{"l": "Groundnut Oil", "v": 0.020511089665165138}]}, {"source": 8, "prod": 1.0, "target": 1, "value": 0.0033960133268400006, "supply": [{"l": "Beverages, Alcoholic", "v": 0.0033960133268400006}]}, {"source": 9, "prod": 34.0, "target": 1, "value": 0.1442147312651858, "supply": [{"l": "Rice", "v": 0.1442147312651858}]}, {"source": 10, "prod": 1.0, "target": 1, "value": 0.0062188142131624205, "supply": [{"l": "Nuts", "v": 0.0062188142131624205}]}, {"source": 11, "prod": 8.0, "target": 1, "value": 0.024662200286734558, "supply": [{"l": "Cereals, Other", "v": 0.024662200286734558}]}, {"source": 12, "prod": 6.0, "target": 1, "value": 0.018231802315567307, "supply": [{"l": "Wheat", "v": 0.018231802315567307}]}, {"source": 13, "prod": 2.0, "target": 1, "value": 0.0022511451977159096, "supply": [{"l": "Coconuts - Incl Copra", "v": 0.0022511451977159096}]}, {"source": 14, "prod": 1.0, "target": 1, "value": 0.0066873550100445198, "supply": [{"l": "Treenuts", "v": 0.0066873550100445198}]}, {"source": 15, "prod": 15.0, "target": 1, "value": 0.0040047326967452834, "supply": [{"l": "Vegetables, Other", "v": 0.0040047326967452834}]}, {"source": 16, "prod": 2.0, "target": 1, "value": 0.0014512877465128206, "supply": [{"l": "Marine Fish, Other", "v": 0.0014512877465128206}]}, {"source": 17, "prod": 2.0, "target": 1, "value": 0.012735049975650002, "supply": [{"l": "Groundnuts", "v": 0.012735049975650002}]}, {"source": 18, "prod": 3.0, "target": 1, "value": 0.03094259130629819, "supply": [{"l": "Palm Oil", "v": 0.03094259130629819}]}, {"source": 19, "prod": 1.0, "target": 1, "value": 0.0014309044916460676, "supply": [{"l": "Mutton & Goat Meat", "v": 0.0014309044916460676}]}, {"source": 20, "prod": 6.0, "target": 1, "value": 0.021637220832415049, "supply": [{"l": "Pigmeat", "v": 0.021637220832415049}]}, {"source": 21, "prod": 3.0, "target": 1, "value": 0.002370886963551862, "supply": [{"l": "Potatoes", "v": 0.002370886963551862}]}, {"source": 22, "prod": 13.0, "target": 1, "value": 0.0095696907331474009, "supply": [{"l": "Milk - Excluding Butter", "v": 0.0095696907331474009}]}, {"source": 23, "prod": 1.0, "target": 1, "value": 0.0040237124725592431, "supply": [{"l": "Pulses, Other", "v": 0.0040237124725592431}]}, {"source": 24, "prod": 2.0, "target": 1, "value": 0.0017385733755153584, "supply": [{"l": "Fish, Seafood", "v": 0.0017385733755153584}]}, {"source": 25, "prod": 2.0, "target": 1, "value": 0.0068427134197522402, "supply": [{"l": "Sorghum", "v": 0.0068427134197522402}]}, {"source": 26, "prod": 3.0, "target": 1, "value": 0.0023367064175504586, "supply": [{"l": "Wine", "v": 0.0023367064175504586}]}, {"source": 27, "prod": 5.0, "target": 1, "value": 0.0020493183868862067, "supply": [{"l": "Beverages, Fermented", "v": 0.0020493183868862067}]}, {"source": 28, "prod": 2.0, "target": 1, "value": 0.0043613184848116443, "supply": [{"l": "Bovine Meat", "v": 0.0043613184848116443}]}, {"source": 29, "prod": 5.0, "target": 1, "value": 0.018979210097839049, "supply": [{"l": "Millet", "v": 0.018979210097839049}]}, {"source": 30, "prod": 1.0, "target": 1, "value": 0.0011683532087752293, "supply": [{"l": "Offals, Edible", "v": 0.0011683532087752293}]}, {"source": 29, "prod": 1.0, "target": 31, "value": 0.0037958420195678094, "supply": [{"l": "Millet", "v": 0.0037958420195678094}]}, {"source": 32, "prod": 5.0, "target": 31, "value": 0.0013918087405081969, "supply": [{"l": "Sugar cane", "v": 0.0013918087405081969}]}, {"source": 17, "prod": 6.0, "target": 31, "value": 0.038205149926950004, "supply": [{"l": "Groundnuts", "v": 0.038205149926950004}]}, {"source": 13, "prod": 30.0, "target": 31, "value": 0.033767177965738637, "supply": [{"l": "Coconuts - Incl Copra", "v": 0.033767177965738637}]}, {"source": 18, "prod": 2.0, "target": 33, "value": 0.020628394204198798, "supply": [{"l": "Palm Oil", "v": 0.020628394204198798}]}, {"source": 34, "prod": 4.0, "target": 33, "value": 0.040986367737724141, "supply": [{"l": "Coconut Oil", "v": 0.040986367737724141}]}, {"source": 9, "prod": 1.0, "target": 9, "value": 0.0042416097430937006, "supply": [{"l": "Rice", "v": 0.0042416097430937006}]}, {"source": 17, "prod": 4.0, "target": 17, "value": 0.025470099951300004, "supply": [{"l": "Groundnuts", "v": 0.025470099951300004}]}, {"source": 11, "prod": 1.0, "target": 35, "value": 0.0030827750358418198, "supply": [{"l": "Cereals, Other", "v": 0.0030827750358418198}]}, {"source": 2, "prod": 4.0, "target": 35, "value": 0.0048965473883483216, "supply": [{"l": "Roots, Other", "v": 0.0048965473883483216}]}, {"source": 3, "prod": 5.0, "target": 35, "value": 0.0051999090472216033, "supply": [{"l": "Plantains", "v": 0.0051999090472216033}]}, {"source": 15, "prod": 4.0, "target": 35, "value": 0.0010679287191320756, "supply": [{"l": "Vegetables, Other", "v": 0.0010679287191320756}]}, {"source": 4, "prod": 3.0, "target": 35, "value": 0.0014317088224451943, "supply": [{"l": "Fruits, Other", "v": 0.0014317088224451943}]}, {"source": 17, "prod": 1.0, "target": 35, "value": 0.0063675249878250009, "supply": [{"l": "Groundnuts", "v": 0.0063675249878250009}]}, {"source": 9, "prod": 1.0, "target": 35, "value": 0.0042416097430937006, "supply": [{"l": "Rice", "v": 0.0042416097430937006}]}, {"source": 36, "prod": 3.0, "target": 21, "value": 0.002370886963551862, "supply": [{"l": "Potatoes", "v": 0.002370886963551862}]}, {"source": 36, "prod": 13.0, "target": 9, "value": 0.055140926660218102, "supply": [{"l": "Rice", "v": 0.055140926660218102}]}, {"source": 36, "prod": 6.0, "target": 12, "value": 0.018231802315567307, "supply": [{"l": "Wheat", "v": 0.018231802315567307}]}, {"source": 36, "prod": 6.0, "target": 37, "value": 0.0072868537540489433, "supply": [{"l": "Milk - Excluding Butter", "v": 0.0036806502819797691}, {"l": "Pigmeat", "v": 0.0036062034720691742}]}, {"source": 36, "prod": 7.0, "target": 31, "value": 0.011943298145589708, "supply": [{"l": "Beer", "v": 0.0012596488601038576}, {"l": "Wine", "v": 0.0023367064175504586}, {"l": "Sugar", "v": 0.0083469428679353933}]}, {"source": 36, "prod": 1.0, "target": 4, "value": 0.00047723627414839807, "supply": [{"l": "Fruits, Other", "v": 0.00047723627414839807}]}, {"source": 36, "prod": 1.0, "target": 15, "value": 0.0002669821797830189, "supply": [{"l": "Vegetables, Other", "v": 0.0002669821797830189}]}, {"source": 14, "prod": 1.0, "target": 38, "value": 0.0066873550100445198, "supply": [{"l": "Treenuts", "v": 0.0066873550100445198}]}, {"source": 39, "prod": 7.0, "target": 38, "value": 0.02622584155339034, "supply": [{"l": "Palm kernels", "v": 0.02622584155339034}]}, {"source": 10, "prod": 1.0, "target": 38, "value": 0.0062188142131624205, "supply": [{"l": "Nuts", "v": 0.0062188142131624205}]}, {"source": 17, "prod": 14.0, "target": 38, "value": 0.089145349829550011, "supply": [{"l": "Groundnuts", "v": 0.089145349829550011}]}, {"source": 37, "prod": 6.0, "target": 20, "value": 0.021637220832415049, "supply": [{"l": "Pigmeat", "v": 0.021637220832415049}]}, {"source": 37, "prod": 2.0, "target": 28, "value": 0.0043613184848116443, "supply": [{"l": "Bovine Meat", "v": 0.0043613184848116443}]}, {"source": 37, "prod": 13.0, "target": 22, "value": 0.0095696907331474009, "supply": [{"l": "Milk - Excluding Butter", "v": 0.0095696907331474009}]}, {"source": 37, "prod": 1.0, "target": 30, "value": 0.0011683532087752293, "supply": [{"l": "Offals, Edible", "v": 0.0011683532087752293}]}, {"source": 37, "prod": 2.0, "target": 16, "value": 0.0014512877465128206, "supply": [{"l": "Marine Fish, Other", "v": 0.0014512877465128206}]}, {"source": 37, "prod": 2.0, "target": 24, "value": 0.0017385733755153584, "supply": [{"l": "Fish, Seafood", "v": 0.0017385733755153584}]}, {"source": 37, "prod": 1.0, "target": 19, "value": 0.0014309044916460676, "supply": [{"l": "Mutton & Goat Meat", "v": 0.0014309044916460676}]}, {"source": 31, "prod": 5.0, "target": 27, "value": 0.0020493183868862067, "supply": [{"l": "Beverages, Fermented", "v": 0.0020493183868862067}]}, {"source": 31, "prod": 4.0, "target": 34, "value": 0.040986367737724141, "supply": [{"l": "Coconut Oil", "v": 0.040986367737724141}]}, {"source": 31, "prod": 2.0, "target": 5, "value": 0.0083469428679353933, "supply": [{"l": "Sugar", "v": 0.0083469428679353933}]}, {"source": 31, "prod": 2.0, "target": 6, "value": 0.0012596488601038576, "supply": [{"l": "Beer", "v": 0.0012596488601038576}]}, {"source": 31, "prod": 2.0, "target": 7, "value": 0.020511089665165138, "supply": [{"l": "Groundnut Oil", "v": 0.020511089665165138}]}, {"source": 31, "prod": 1.0, "target": 8, "value": 0.0033960133268400006, "supply": [{"l": "Beverages, Alcoholic", "v": 0.0033960133268400006}]}, {"source": 31, "prod": 5.0, "target": 18, "value": 0.051570985510496992, "supply": [{"l": "Palm Oil", "v": 0.051570985510496992}]}, {"source": 31, "prod": 3.0, "target": 26, "value": 0.0023367064175504586, "supply": [{"l": "Wine", "v": 0.0023367064175504586}]}, {"source": 40, "prod": 24.29718875502008, "target": 31, "value": 0.10314197102099398, "supply": [{"l": "Oil Palm", "v": 0.10314197102099398}]}, {"source": 41, "prod": 0, "target": 0, "value": 3.4399132374553641e-05, "supply": "[{\"l\":'Energy for power irrigation',\"v\":3.4399132374553641e-05}]"}, {"source": 41, "prod": 0, "target": 32, "value": 8.5997830936384095e-05, "supply": "[{\"l\":'Energy for power irrigation',\"v\":8.5997830936384095e-05}]"}, {"source": 41, "prod": 0, "target": 15, "value": 0.00031819197446462114, "supply": "[{\"l\":'Energy for power irrigation',\"v\":0.00031819197446462114}]"}, {"source": 41, "prod": 0, "target": 11, "value": 0.00015479609568549136, "supply": "[{\"l\":'Energy for power irrigation',\"v\":0.00015479609568549136}]"}, {"source": 41, "prod": 0, "target": 14, "value": 4.2998915468192048e-05, "supply": "[{\"l\":'Energy for power irrigation',\"v\":4.2998915468192048e-05}]"}, {"source": 41, "prod": 0, "target": 3, "value": 0.00039559002230736686, "supply": "[{\"l\":'Energy for power irrigation',\"v\":0.00039559002230736686}]"}, {"source": 41, "prod": 0, "target": 4, "value": 0.00024939370971551389, "supply": "[{\"l\":'Energy for power irrigation',\"v\":0.00024939370971551389}]"}, {"source": 41, "prod": 0, "target": 2, "value": 0.00068798264749107276, "supply": "[{\"l\":'Energy for power irrigation',\"v\":0.00068798264749107276}]"}, {"source": 41, "prod": 0, "target": 10, "value": 4.2998915468192048e-05, "supply": "[{\"l\":'Energy for power irrigation',\"v\":4.2998915468192048e-05}]"}, {"source": 41, "prod": 0, "target": 29, "value": 0.00010319739712366092, "supply": "[{\"l\":'Energy for power irrigation',\"v\":0.00010319739712366092}]"}, {"source": 41, "prod": 0, "target": 13, "value": 0.00055038611799285825, "supply": "[{\"l\":'Energy for power irrigation',\"v\":0.00055038611799285825}]"}, {"source": 41, "prod": 0, "target": 17, "value": 0.00046438828705647417, "supply": "[{\"l\":'Energy for power irrigation',\"v\":0.00046438828705647417}]"}, {"source": 41, "prod": 0, "target": 40, "value": 0.00020895055307836298, "supply": "[{\"l\":'Energy for power irrigation',\"v\":0.00020895055307836298}]"}, {"source": 41, "prod": 0, "target": 39, "value": 0.00012039696331093774, "supply": "[{\"l\":'Energy for power irrigation',\"v\":0.00012039696331093774}]"}, {"source": 41, "prod": 0, "target": 9, "value": 0.00050738720252466619, "supply": "[{\"l\":'Energy for power irrigation',\"v\":0.00050738720252466619}]"}, {"source": 41, "prod": 0, "target": 25, "value": 4.2998915468192048e-05, "supply": "[{\"l\":'Energy for power irrigation',\"v\":4.2998915468192048e-05}]"}, {"source": 41, "prod": 0, "target": 23, "value": 2.5799349280915231e-05, "supply": "[{\"l\":'Energy for power irrigation',\"v\":2.5799349280915231e-05}]"}, {"source": 41, "prod": 0, "target": 31, "value": 6.4307871805713401e-05, "supply": "[{\"l\":'Electricity',\"v\":6.4307871805713401e-05}]"}, {"source": 42, "prod": 0, "target": 41, "value": 0.0031708626661385809, "supply": [{"l": "Coal", "v": 0.00022237555219338154}, {"l": "Natural gas", "v": 0.00039099587193640382}, {"l": "Oil", "v": 0.0025574912420087952}]}, {"source": 43, "prod": 0, "target": 41, "value": 0.0029573751850101061, "supply": [{"l": "Nuclear", "v": 0.0}, {"l": "Hydroelectric", "v": 0.0029402459661232437}, {"l": "Renewable", "v": 1.7129218886862592e-05}]}, {"source": 42, "prod": 0, "target": 0, "value": 5.2265447987624937e-05, "supply": [{"l": "Other fossil fuels", "v": 5.2265447987624937e-05}]}, {"source": 42, "prod": 0, "target": 32, "value": 0.00013066361996906235, "supply": [{"l": "Other fossil fuels", "v": 0.00013066361996906235}]}, {"source": 42, "prod": 0, "target": 15, "value": 0.00048345539388553062, "supply": [{"l": "Other fossil fuels", "v": 0.00048345539388553062}]}, {"source": 42, "prod": 0, "target": 11, "value": 0.00023519451594431222, "supply": [{"l": "Other fossil fuels", "v": 0.00023519451594431222}]}, {"source": 42, "prod": 0, "target": 14, "value": 6.5331809984531177e-05, "supply": [{"l": "Other fossil fuels", "v": 6.5331809984531177e-05}]}, {"source": 42, "prod": 0, "target": 3, "value": 0.00060105265185768689, "supply": [{"l": "Other fossil fuels", "v": 0.00060105265185768689}]}, {"source": 42, "prod": 0, "target": 4, "value": 0.00037892449791028082, "supply": [{"l": "Other fossil fuels", "v": 0.00037892449791028082}]}, {"source": 42, "prod": 0, "target": 2, "value": 0.0010453089597524988, "supply": [{"l": "Other fossil fuels", "v": 0.0010453089597524988}]}, {"source": 42, "prod": 0, "target": 10, "value": 6.5331809984531177e-05, "supply": [{"l": "Other fossil fuels", "v": 6.5331809984531177e-05}]}, {"source": 42, "prod": 0, "target": 29, "value": 0.00015679634396287482, "supply": [{"l": "Other fossil fuels", "v": 0.00015679634396287482}]}, {"source": 42, "prod": 0, "target": 13, "value": 0.000836247167801999, "supply": [{"l": "Other fossil fuels", "v": 0.000836247167801999}]}, {"source": 42, "prod": 0, "target": 17, "value": 0.00070558354783293675, "supply": [{"l": "Other fossil fuels", "v": 0.00070558354783293675}]}, {"source": 42, "prod": 0, "target": 40, "value": 0.00031747586378025192, "supply": [{"l": "Other fossil fuels", "v": 0.00031747586378025192}]}, {"source": 42, "prod": 0, "target": 39, "value": 0.00018292906795668728, "supply": [{"l": "Other fossil fuels", "v": 0.00018292906795668728}]}, {"source": 42, "prod": 0, "target": 9, "value": 0.00077091535781746788, "supply": [{"l": "Other fossil fuels", "v": 0.00077091535781746788}]}, {"source": 42, "prod": 0, "target": 25, "value": 6.5331809984531177e-05, "supply": [{"l": "Other fossil fuels", "v": 6.5331809984531177e-05}]}, {"source": 42, "prod": 0, "target": 23, "value": 3.9199085990718705e-05, "supply": [{"l": "Other fossil fuels", "v": 3.9199085990718705e-05}]}, {"source": 44, "prod": 0.0022345247518636871, "target": 0, "value": 2.4803591204246843e-05, "supply": [{"l": "Potash", "v": 0.00016384796604716241}, {"l": "Phosphate", "v": 0.00027612401770038683}, {"l": "Nitrogen", "v": 0.0025259000022574531}]}, {"source": 44, "prod": 0.0055863118796592179, "target": 32, "value": 6.2008978010617106e-05, "supply": [{"l": "Potash", "v": 0.00016384796604716241}, {"l": "Phosphate", "v": 0.00027612401770038683}, {"l": "Nitrogen", "v": 0.0025259000022574531}]}, {"source": 44, "prod": 0.020669353954739105, "target": 15, "value": 0.00022943321863928327, "supply": [{"l": "Potash", "v": 0.00016384796604716241}, {"l": "Phosphate", "v": 0.00027612401770038683}, {"l": "Nitrogen", "v": 0.0025259000022574531}]}, {"source": 44, "prod": 0.01005536138338659, "target": 11, "value": 0.00011161616041911079, "supply": [{"l": "Potash", "v": 0.00016384796604716241}, {"l": "Phosphate", "v": 0.00027612401770038683}, {"l": "Nitrogen", "v": 0.0025259000022574531}]}, {"source": 44, "prod": 0.002793155939829609, "target": 14, "value": 3.1004489005308553e-05, "supply": [{"l": "Potash", "v": 0.00016384796604716241}, {"l": "Phosphate", "v": 0.00027612401770038683}, {"l": "Nitrogen", "v": 0.0025259000022574531}]}, {"source": 44, "prod": 0.025697034646432405, "target": 3, "value": 0.00028524129884883873, "supply": [{"l": "Potash", "v": 0.00016384796604716241}, {"l": "Phosphate", "v": 0.00027612401770038683}, {"l": "Nitrogen", "v": 0.0025259000022574531}]}, {"source": 44, "prod": 0.01620030445101173, "target": 4, "value": 0.00017982603623078962, "supply": [{"l": "Potash", "v": 0.00016384796604716241}, {"l": "Phosphate", "v": 0.00027612401770038683}, {"l": "Nitrogen", "v": 0.0025259000022574531}]}, {"source": 44, "prod": 0.044690495037273743, "target": 2, "value": 0.00049607182408493685, "supply": [{"l": "Potash", "v": 0.00016384796604716241}, {"l": "Phosphate", "v": 0.00027612401770038683}, {"l": "Nitrogen", "v": 0.0025259000022574531}]}, {"source": 44, "prod": 0.002793155939829609, "target": 10, "value": 3.1004489005308553e-05, "supply": [{"l": "Potash", "v": 0.00016384796604716241}, {"l": "Phosphate", "v": 0.00027612401770038683}, {"l": "Nitrogen", "v": 0.0025259000022574531}]}, {"source": 44, "prod": 0.0067035742555910617, "target": 29, "value": 7.4410773612740533e-05, "supply": [{"l": "Potash", "v": 0.00016384796604716241}, {"l": "Phosphate", "v": 0.00027612401770038683}, {"l": "Nitrogen", "v": 0.0025259000022574531}]}, {"source": 44, "prod": 0.035752396029818993, "target": 13, "value": 0.00039685745926794949, "supply": [{"l": "Potash", "v": 0.00016384796604716241}, {"l": "Phosphate", "v": 0.00027612401770038683}, {"l": "Nitrogen", "v": 0.0025259000022574531}]}, {"source": 44, "prod": 0.030166084150159776, "target": 17, "value": 0.00033484848125733238, "supply": [{"l": "Potash", "v": 0.00016384796604716241}, {"l": "Phosphate", "v": 0.00027612401770038683}, {"l": "Nitrogen", "v": 0.0025259000022574531}]}, {"source": 44, "prod": 0.013573167418449104, "target": 40, "value": 0.00015066438432298536, "supply": [{"l": "Potash", "v": 0.00016384796604716241}, {"l": "Phosphate", "v": 0.00027612401770038683}, {"l": "Nitrogen", "v": 0.0025259000022574531}]}, {"source": 44, "prod": 0.0078208366315229046, "target": 39, "value": 8.6812569214863959e-05, "supply": [{"l": "Potash", "v": 0.00016384796604716241}, {"l": "Phosphate", "v": 0.00027612401770038683}, {"l": "Nitrogen", "v": 0.0025259000022574531}]}, {"source": 44, "prod": 0.032959240089989385, "target": 9, "value": 0.00036585297026264091, "supply": [{"l": "Potash", "v": 0.00016384796604716241}, {"l": "Phosphate", "v": 0.00027612401770038683}, {"l": "Nitrogen", "v": 0.0025259000022574531}]}, {"source": 44, "prod": 0.002793155939829609, "target": 25, "value": 3.1004489005308553e-05, "supply": [{"l": "Potash", "v": 0.00016384796604716241}, {"l": "Phosphate", "v": 0.00027612401770038683}, {"l": "Nitrogen", "v": 0.0025259000022574531}]}, {"source": 44, "prod": 0.0016758935638977654, "target": 23, "value": 1.8602693403185133e-05, "supply": [{"l": "Potash", "v": 0.00016384796604716241}, {"l": "Phosphate", "v": 0.00027612401770038683}, {"l": "Nitrogen", "v": 0.0025259000022574531}]}, {"source": 42, "prod": 0, "target": 44, "value": 0.0036525684492897722, "supply": [{"l": "Natural gas (including LNG)", "v": 0.0024400300637228882}, {"l": "Fuel oil", "v": 0.00076603204533732291}, {"l": "Liquefied petroleum gas (LPG)", "v": 0.00022325317011478058}, {"l": "Coal", "v": 0.00022325317011478058}]}, {"source": 45, "prod": 0, "target": 0, "value": 0.000823880805994756, "supply": "[{\"l\":'Labor',\"v\":0.000823880805994756}]"}, {"source": 45, "prod": 0, "target": 2, "value": 0.016477616119895119, "supply": "[{\"l\":'Labor',\"v\":0.016477616119895119}]"}, {"source": 45, "prod": 0, "target": 3, "value": 0.0094746292689396935, "supply": "[{\"l\":'Labor',\"v\":0.0094746292689396935}]"}, {"source": 45, "prod": 0, "target": 4, "value": 0.0059731358434619809, "supply": "[{\"l\":'Labor',\"v\":0.0059731358434619809}]"}, {"source": 45, "prod": 0, "target": 9, "value": 0.012152241888422651, "supply": "[{\"l\":'Labor',\"v\":0.012152241888422651}]"}, {"source": 45, "prod": 0, "target": 10, "value": 0.0010298510074934449, "supply": "[{\"l\":'Labor',\"v\":0.0010298510074934449}]"}, {"source": 45, "prod": 0, "target": 11, "value": 0.0037074636269764016, "supply": "[{\"l\":'Labor',\"v\":0.0037074636269764016}]"}, {"source": 45, "prod": 0, "target": 12, "value": 0.0012358212089921339, "supply": "[{\"l\":'Labor',\"v\":0.0012358212089921339}]"}, {"source": 45, "prod": 0, "target": 13, "value": 0.013182092895916096, "supply": "[{\"l\":'Labor',\"v\":0.013182092895916096}]"}, {"source": 45, "prod": 0, "target": 14, "value": 0.0010298510074934449, "supply": "[{\"l\":'Labor',\"v\":0.0010298510074934449}]"}, {"source": 45, "prod": 0, "target": 15, "value": 0.0076208974554514922, "supply": "[{\"l\":'Labor',\"v\":0.0076208974554514922}]"}, {"source": 45, "prod": 0, "target": 17, "value": 0.011122390880929206, "supply": "[{\"l\":'Labor',\"v\":0.011122390880929206}]"}, {"source": 45, "prod": 0, "target": 21, "value": 0.00061791060449606697, "supply": "[{\"l\":'Labor',\"v\":0.00061791060449606697}]"}, {"source": 45, "prod": 0, "target": 32, "value": 0.0020597020149868898, "supply": "[{\"l\":'Labor',\"v\":0.0020597020149868898}]"}, {"source": 45, "prod": 0, "target": 40, "value": 0.0050044968637231665, "supply": "[{\"l\":'Labor',\"v\":0.0050044968637231665}]"}, {"source": 45, "prod": 0, "target": 23, "value": 0.00061791060449606697, "supply": "[{\"l\":'Labor',\"v\":0.00061791060449606697}]"}, {"source": 45, "prod": 0, "target": 25, "value": 0.0010298510074934449, "supply": "[{\"l\":'Labor',\"v\":0.0010298510074934449}]"}, {"source": 45, "prod": 0, "target": 29, "value": 0.0024716424179842679, "supply": "[{\"l\":'Labor',\"v\":0.0024716424179842679}]"}, {"source": 45, "prod": 0, "target": 39, "value": 0.0028835828209816459, "supply": "[{\"l\":'Labor',\"v\":0.0028835828209816459}]"}, {"source": 42, "prod": 0, "target": 36, "value": 0.010208575580688757, "supply": "[{\"l\":'Fossil Fuels',\"v\":0.010208575580688757}]"}, {"source": 43, "prod": 0, "target": 36, "value": 0.0592679083221632, "supply": "[{\"l\":'Renewables & Nuclear',\"v\":0.00072810932960703579},{\"l\":'Biomass & Waste',\"v\":0.058539798992556166}]"}]}