{"nodes": [{"name": "Balance", "fill": "#9edae5"}, {"name": "Food", "fill": "#b5cf6b"}, {"name": "Stock Deposit", "fill": "#c7c7c7"}, {"name": "Export", "fill": "#aec7e8"}, {"name": "Biofuels & Other", "fill": "#e7ba52"}, {"name": "Crop Residue", "fill": "#bd9e39"}, {"name": "Renewables & Nuclear", "fill": "#2ca02c"}, {"name": "Fossil Fuels", "fill": "#c49c94"}, {"name": "Labor", "fill": "#7f7f7f"}], "links": [{"source": 0, "target": 1, "value": 71.34154337004783}, {"source": 0, "target": 2, "value": 1.6577158461359358}, {"source": 0, "target": 3, "value": 16.394538122071229}, {"source": 0, "target": 4, "value": 2.7257377218815679}, {"source": 0, "target": 5, "value": 228.37281463869823}, {"source": 6, "target": 0, "value": 0.33287868963808598}, {"source": 7, "target": 0, "value": 13.824739631933834}, {"source": 8, "target": 0, "value": 10.081798168009756}]}