{"nodes": [{"layer": 13, "name": "Animal Products", "fill": "#17becf"}, {"layer": 10, "name": "Feed", "fill": "#dbdb8d"}, {"layer": 5, "name": "Cereals", "fill": "#e7ba52"}, {"layer": 5, "name": "Oilcrops", "fill": "#ff9896"}, {"layer": 5, "name": "Fruits, Roots & Vegetables", "fill": "#98df8a"}, {"layer": 5, "name": "Sugar Crops", "fill": "#ffbb78"}, {"layer": 13, "name": "Aquatic Products", "fill": "#1f77b4"}, {"layer": 13, "name": "Other Processed", "fill": "#9c9ede"}, {"layer": 16, "name": "Food", "fill": "#b5cf6b"}, {"layer": 13, "name": "Sugar", "fill": "#d6616b"}, {"layer": 13, "name": "Vegetable Oils", "fill": "#f7b6d2"}, {"layer": 10, "name": "Processing", "fill": "#9edae5"}, {"layer": 16, "name": "Biofuels & Other", "fill": "#e7ba52"}, {"name": "Seed", "fill": "#dbdb8d"}, {"name": "Waste", "fill": "#c7c7c7"}, {"layer": 0, "name": "Import", "fill": "#aec7e8"}, {"layer": 16, "name": "Export", "fill": "#aec7e8"}, {"layer": 0, "name": "Stock Draw", "fill": "#c7c7c7"}, {"layer": 16, "name": "Stock Deposit", "fill": "#c7c7c7"}, {"layer": 0, "name": "Production", "fill": "#b5cf6b"}], "links": [{"source": 0, "prod": 0.039744356594156739, "target": 1, "value": 56.0, "supply": [{"l": "Milk - Excluding Butter", "v": 56.0}]}, {"source": 2, "prod": 5.2697703428427571, "target": 1, "value": 1550.0, "supply": [{"l": "Maize", "v": 437.0}, {"l": "Wheat", "v": 8.0}, {"l": "Cereals, Other", "v": 10.0}, {"l": "Millet", "v": 574.0}, {"l": "Barley", "v": 1.0}, {"l": "Sorghum", "v": 520.0}]}, {"source": 3, "prod": 0.030477042676769227, "target": 1, "value": 7.0, "supply": [{"l": "Soyabeans", "v": 7.0}]}, {"source": 4, "prod": 6.6997390955457847, "target": 1, "value": 5633.0, "supply": [{"l": "Potatoes", "v": 2.0}, {"l": "Yams", "v": 1204.0}, {"l": "Cassava", "v": 4198.0}, {"l": "Pulses, Other", "v": 229.0}]}, {"source": 5, "prod": 0.0063431283403620684, "target": 1, "value": 13.0, "supply": [{"l": "Sugar cane", "v": 13.0}]}, {"source": 6, "prod": 0.017321374506244221, "target": 1, "value": 20.0, "supply": [{"l": "Pelagic Fish", "v": 10.0}, {"l": "Fish, Seafood", "v": 10.0}]}, {"source": 7, "prod": 4.1360674351091724, "target": 8, "value": 7632.0, "supply": [{"l": "Beer", "v": 841.0}, {"l": "Beverages, Alcoholic", "v": 26.0}, {"l": "Fats, Animals, Raw", "v": 33.0}, {"l": "Butter, Ghee", "v": 22.0}, {"l": "Wine", "v": 73.0}, {"l": "Beverages, Fermented", "v": 6637.0}]}, {"source": 0, "prod": 4.979376103985671, "target": 8, "value": 4378.0, "supply": [{"l": "Mutton & Goat Meat", "v": 257.0}, {"l": "Pigmeat", "v": 89.0}, {"l": "Meat, Other", "v": 329.0}, {"l": "Poultry Meat", "v": 221.0}, {"l": "Milk - Excluding Butter", "v": 2551.0}, {"l": "Offals, Edible", "v": 136.0}, {"l": "Bovine Meat", "v": 565.0}, {"l": "Eggs", "v": 230.0}]}, {"source": 2, "prod": 46.855009373984913, "target": 8, "value": 13336.0, "supply": [{"l": "Maize", "v": 1335.0}, {"l": "Barley", "v": 67.0}, {"l": "Cereals, Other", "v": 137.0}, {"l": "Rice", "v": 3173.0}, {"l": "Wheat", "v": 1598.0}, {"l": "Oats", "v": 1.0}, {"l": "Sorghum", "v": 3328.0}, {"l": "Millet", "v": 3697.0}]}, {"source": 3, "prod": 3.5082799747199722, "target": 8, "value": 705.0, "supply": [{"l": "Coconuts - Incl Copra", "v": 177.0}, {"l": "Sesame seed", "v": 40.0}, {"l": "Groundnuts", "v": 381.0}, {"l": "Oilcrops, Other", "v": 55.0}, {"l": "Soyabeans", "v": 52.0}]}, {"source": 4, "prod": 30.11366657194452, "target": 8, "value": 30542.0, "supply": [{"l": "Roots, Other", "v": 847.0}, {"l": "Plantains", "v": 3054.0}, {"l": "Nuts", "v": 232.0}, {"l": "Yams", "v": 4563.0}, {"l": "Citrus, Other", "v": 1722.0}, {"l": "Cocoa Beans", "v": 3.0}, {"l": "Tomatoes", "v": 602.0}, {"l": "Coffee", "v": 28.0}, {"l": "Treenuts", "v": 233.0}, {"l": "Apples", "v": 6.0}, {"l": "Vegetables, Other", "v": 3698.0}, {"l": "Peas", "v": 1.0}, {"l": "Grapes", "v": 1.0}, {"l": "Dates", "v": 21.0}, {"l": "Potatoes", "v": 66.0}, {"l": "Pimento", "v": 79.0}, {"l": "Pepper", "v": 1.0}, {"l": "Beans", "v": 38.0}, {"l": "Pulses, Other", "v": 751.0}, {"l": "Lemons, Limes", "v": 26.0}, {"l": "Pineapples", "v": 656.0}, {"l": "Bananas", "v": 256.0}, {"l": "Infant food", "v": 12.0}, {"l": "Spices, Other", "v": 11.0}, {"l": "Tea", "v": 10.0}, {"l": "Fruits, Other", "v": 1925.0}, {"l": "Sweet potatoes", "v": 293.0}, {"l": "Grapefruit", "v": 8.0}, {"l": "Oranges, Mandarines", "v": 81.0}, {"l": "Onions", "v": 567.0}, {"l": "Cassava", "v": 10751.0}]}, {"source": 5, "prod": 0.056600222114000003, "target": 8, "value": 116.0, "supply": [{"l": "Sugar cane", "v": 116.0}]}, {"source": 9, "prod": 3.93241488034869, "target": 8, "value": 1056.0, "supply": [{"l": "Sugar", "v": 989.0}, {"l": "Sugar non-centrifugal", "v": 21.0}, {"l": "Sweeteners, Other", "v": 45.0}, {"l": "Honey", "v": 1.0}]}, {"source": 6, "prod": 2.8410626968153254, "target": 8, "value": 3713.0, "supply": [{"l": "Freshwater Fish", "v": 344.0}, {"l": "Crustaceans", "v": 7.0}, {"l": "Marine Fish, Other", "v": 178.0}, {"l": "Demersal Fish", "v": 619.0}, {"l": "Pelagic Fish", "v": 700.0}, {"l": "Fish, Seafood", "v": 1856.0}, {"l": "Cephalopods", "v": 1.0}, {"l": "Molluscs, Other", "v": 8.0}]}, {"source": 10, "prod": 12.649746941490097, "target": 8, "value": 1233.0, "supply": [{"l": "Groundnut Oil", "v": 162.0}, {"l": "Soyabean Oil", "v": 72.0}, {"l": "Palm Oil", "v": 727.0}, {"l": "Sunflowerseed Oil", "v": 3.0}, {"l": "Olive Oil", "v": 6.0}, {"l": "Coconut Oil", "v": 20.0}, {"l": "Rape and Mustard Oil", "v": 60.0}, {"l": "Oilcrops Oil, Other", "v": 96.0}, {"l": "Cottonseed Oil", "v": 27.0}, {"l": "Palmkernel Oil", "v": 60.0}]}, {"source": 4, "prod": 0.0085932339961562569, "target": 11, "value": 25.0, "supply": [{"l": "Citrus, Other", "v": 22.0}, {"l": "Oranges, Mandarines", "v": 3.0}]}, {"source": 5, "prod": 1.1388355035696207, "target": 11, "value": 2334.0, "supply": [{"l": "Sugar cane", "v": 2334.0}]}, {"source": 10, "prod": 0.0094333703523333343, "target": 11, "value": 1.0, "supply": [{"l": "Oilcrops Oil, Other", "v": 1.0}]}, {"source": 2, "prod": 1.6951255430750973, "target": 11, "value": 546.0, "supply": [{"l": "Millet", "v": 39.0}, {"l": "Barley", "v": 170.0}, {"l": "Rice", "v": 7.0}, {"l": "Sorghum", "v": 330.0}]}, {"source": 3, "prod": 29.503037683895634, "target": 11, "value": 6529.2752293577978, "supply": [{"l": "Coconuts - Incl Copra", "v": 279.0}, {"l": "Cottonseed", "v": 171.0}, {"l": "Groundnuts", "v": 858.0}, {"l": "Oilcrops, Other", "v": 239.0}, {"l": "Palm kernels", "v": 332.0}, {"l": "Oil Palm", "v": 4650.2752293577978}]}, {"source": 7, "prod": 0.51833887620189478, "target": 12, "value": 62.0, "supply": [{"l": "Beverages, Alcoholic", "v": 2.0}, {"l": "Fats, Animals, Raw", "v": 60.0}]}, {"source": 2, "prod": 0.07165669945964491, "target": 12, "value": 22.0, "supply": [{"l": "Wheat", "v": 2.0}, {"l": "Millet", "v": 20.0}]}, {"source": 3, "prod": 0.65256542114694349, "target": 12, "value": 120.0, "supply": [{"l": "Cottonseed", "v": 80.0}, {"l": "Oilcrops, Other", "v": 1.0}, {"l": "Groundnuts", "v": 26.0}, {"l": "Palm kernels", "v": 13.0}]}, {"source": 4, "prod": 2.5585597045774455, "target": 12, "value": 2017.0, "supply": [{"l": "Cocoa Beans", "v": 49.0}, {"l": "Yams", "v": 1840.0}, {"l": "Pulses, Other", "v": 56.0}, {"l": "Coffee", "v": 1.0}, {"l": "Roots, Other", "v": 66.0}, {"l": "Cassava", "v": 5.0}]}, {"source": 5, "prod": 0.071726143541017237, "target": 12, "value": 147.0, "supply": [{"l": "Sugar cane", "v": 147.0}]}, {"source": 9, "prod": 0.022473617604088239, "target": 12, "value": 6.0, "supply": [{"l": "Sugar", "v": 6.0}]}, {"source": 6, "prod": 0.031715199986713655, "target": 12, "value": 44.0, "supply": [{"l": "Cephalopods", "v": 2.0}, {"l": "Fish, Seafood", "v": 22.0}, {"l": "Pelagic Fish", "v": 2.0}, {"l": "Marine Fish, Other", "v": 18.0}]}, {"source": 10, "prod": 2.315447020364112, "target": 12, "value": 226.0, "supply": [{"l": "Coconut Oil", "v": 3.0}, {"l": "Cottonseed Oil", "v": 3.0}, {"l": "Groundnut Oil", "v": 10.0}, {"l": "Oilcrops Oil, Other", "v": 14.0}, {"l": "Palm Oil", "v": 189.0}, {"l": "Palmkernel Oil", "v": 7.0}]}, {"source": 4, "prod": 1.3339525380659787, "target": 13, "value": 849.0, "supply": [{"l": "Potatoes", "v": 6.0}, {"l": "Roots, Other", "v": 32.0}, {"l": "Yams", "v": 684.0}, {"l": "Beans", "v": 3.0}, {"l": "Pulses, Other", "v": 124.0}]}, {"source": 5, "prod": 0.02098111681812069, "target": 13, "value": 43.0, "supply": [{"l": "Sugar cane", "v": 43.0}]}, {"source": 0, "prod": 0.023693116233767443, "target": 0, "value": 16.0, "supply": [{"l": "Eggs", "v": 16.0}]}, {"source": 2, "prod": 1.6447026980398567, "target": 13, "value": 462.0, "supply": [{"l": "Maize", "v": 65.0}, {"l": "Wheat", "v": 1.0}, {"l": "Cereals, Other", "v": 3.0}, {"l": "Millet", "v": 157.0}, {"l": "Rice", "v": 111.0}, {"l": "Sorghum", "v": 125.0}]}, {"source": 3, "prod": 1.6731541652441981, "target": 13, "value": 276.0, "supply": [{"l": "Soyabeans", "v": 8.0}, {"l": "Sesame seed", "v": 2.0}, {"l": "Cottonseed", "v": 51.0}, {"l": "Groundnuts", "v": 205.0}, {"l": "Oilcrops, Other", "v": 10.0}]}, {"source": 7, "prod": 0.2348016846283732, "target": 14, "value": 510.0, "supply": [{"l": "Beverages, Fermented", "v": 510.0}]}, {"source": 0, "prod": 0.079945183230696021, "target": 14, "value": 92.0, "supply": [{"l": "Milk - Excluding Butter", "v": 73.0}, {"l": "Eggs", "v": 19.0}]}, {"source": 2, "prod": 6.385323265590344, "target": 14, "value": 1825.0, "supply": [{"l": "Maize", "v": 334.0}, {"l": "Rice", "v": 291.0}, {"l": "Sorghum", "v": 536.0}, {"l": "Cereals, Other", "v": 16.0}, {"l": "Wheat", "v": 51.0}, {"l": "Millet", "v": 597.0}]}, {"source": 3, "prod": 0.95354747589816791, "target": 14, "value": 192.0, "supply": [{"l": "Soyabeans", "v": 7.0}, {"l": "Coconuts - Incl Copra", "v": 47.0}, {"l": "Sesame seed", "v": 5.0}, {"l": "Cottonseed", "v": 4.0}, {"l": "Groundnuts", "v": 103.0}, {"l": "Oilcrops, Other", "v": 26.0}]}, {"source": 4, "prod": 5.2990488070542252, "target": 14, "value": 5249.0, "supply": [{"l": "Dates", "v": 2.0}, {"l": "Vegetables, Other", "v": 404.0}, {"l": "Cocoa Beans", "v": 16.0}, {"l": "Potatoes", "v": 7.0}, {"l": "Pimento", "v": 6.0}, {"l": "Nuts", "v": 13.0}, {"l": "Yams", "v": 990.0}, {"l": "Plantains", "v": 376.0}, {"l": "Citrus, Other", "v": 295.0}, {"l": "Pineapples", "v": 66.0}, {"l": "Beans", "v": 13.0}, {"l": "Pulses, Other", "v": 110.0}, {"l": "Tomatoes", "v": 70.0}, {"l": "Lemons, Limes", "v": 3.0}, {"l": "Bananas", "v": 55.0}, {"l": "Treenuts", "v": 12.0}, {"l": "Fruits, Other", "v": 266.0}, {"l": "Roots, Other", "v": 219.0}, {"l": "Sweet potatoes", "v": 60.0}, {"l": "Oranges, Mandarines", "v": 8.0}, {"l": "Onions", "v": 17.0}, {"l": "Cassava", "v": 2241.0}]}, {"source": 5, "prod": 0.084412400221741388, "target": 14, "value": 173.0, "supply": [{"l": "Sugar cane", "v": 173.0}]}, {"source": 10, "prod": 0.20563016474444037, "target": 14, "value": 20.0, "supply": [{"l": "Palm Oil", "v": 20.0}]}, {"source": 15, "prod": 6.1918249025388503, "target": 11, "value": 1237.0, "supply": [{"l": "Sugar", "v": 784.0}, {"l": "Beer", "v": 13.0}, {"l": "Groundnut Oil", "v": 6.0}, {"l": "Beverages, Alcoholic", "v": 18.0}, {"l": "Fats, Animals, Raw", "v": 67.0}, {"l": "Soyabean Oil", "v": 73.0}, {"l": "Butter, Ghee", "v": 10.0}, {"l": "Palm Oil", "v": 39.0}, {"l": "Olive Oil", "v": 8.0}, {"l": "Rape and Mustard Oil", "v": 60.0}, {"l": "Oilcrops Oil, Other", "v": 39.0}, {"l": "Wine", "v": 73.0}, {"l": "Sweeteners, Other", "v": 45.0}, {"l": "Beverages, Fermented", "v": 1.0}, {"l": "Cottonseed Oil", "v": 1.0}]}, {"source": 15, "prod": 13.900283500633034, "target": 2, "value": 3926.0, "supply": [{"l": "Maize", "v": 235.0}, {"l": "Barley", "v": 221.0}, {"l": "Rice", "v": 1589.0}, {"l": "Cereals, Other", "v": 27.0}, {"l": "Wheat", "v": 1604.0}, {"l": "Oats", "v": 1.0}, {"l": "Sorghum", "v": 151.0}, {"l": "Millet", "v": 98.0}]}, {"source": 15, "prod": 0.011949570091462037, "target": 3, "value": 3.0, "supply": [{"l": "Coconuts - Incl Copra", "v": 1.0}, {"l": "Oilcrops, Other", "v": 1.0}, {"l": "Cottonseed", "v": 1.0}]}, {"source": 15, "prod": 0.63360608276063579, "target": 4, "value": 359.0, "supply": [{"l": "Roots, Other", "v": 1.0}, {"l": "Nuts", "v": 47.0}, {"l": "Citrus, Other", "v": 2.0}, {"l": "Cocoa Beans", "v": 6.0}, {"l": "Tomatoes", "v": 68.0}, {"l": "Coffee", "v": 13.0}, {"l": "Treenuts", "v": 47.0}, {"l": "Vegetables, Other", "v": 40.0}, {"l": "Grapes", "v": 1.0}, {"l": "Dates", "v": 5.0}, {"l": "Potatoes", "v": 29.0}, {"l": "Apples", "v": 7.0}, {"l": "Pineapples", "v": 1.0}, {"l": "Bananas", "v": 9.0}, {"l": "Spices, Other", "v": 1.0}, {"l": "Tea", "v": 10.0}, {"l": "Fruits, Other", "v": 12.0}, {"l": "Infant food", "v": 12.0}, {"l": "Oranges, Mandarines", "v": 5.0}, {"l": "Onions", "v": 25.0}, {"l": "Pulses, Other", "v": 18.0}]}, {"source": 15, "prod": 2.4907747383283949, "target": 1, "value": 3219.0, "supply": [{"l": "Pigmeat", "v": 2.0}, {"l": "Meat, Other", "v": 3.0}, {"l": "Crustaceans", "v": 2.0}, {"l": "Eggs", "v": 1.0}, {"l": "Marine Fish, Other", "v": 135.0}, {"l": "Mutton & Goat Meat", "v": 1.0}, {"l": "Freshwater Fish", "v": 1.0}, {"l": "Milk - Excluding Butter", "v": 1121.0}, {"l": "Pelagic Fish", "v": 512.0}, {"l": "Fish, Seafood", "v": 1011.0}, {"l": "Poultry Meat", "v": 18.0}, {"l": "Demersal Fish", "v": 363.0}, {"l": "Bovine Meat", "v": 49.0}]}, {"source": 7, "prod": 0.0016145863677527736, "target": 16, "value": 3.0, "supply": [{"l": "Beer", "v": 3.0}]}, {"source": 0, "prod": 0.0057512062505453293, "target": 16, "value": 6.0, "supply": [{"l": "Milk - Excluding Butter", "v": 5.0}, {"l": "Bovine Meat", "v": 1.0}]}, {"source": 2, "prod": 0.19118199485269333, "target": 16, "value": 59.0, "supply": [{"l": "Maize", "v": 1.0}, {"l": "Rice", "v": 3.0}, {"l": "Cereals, Other", "v": 3.0}, {"l": "Wheat", "v": 21.0}, {"l": "Sorghum", "v": 1.0}, {"l": "Millet", "v": 30.0}]}, {"source": 3, "prod": 1.6392698578470144, "target": 16, "value": 320.0, "supply": [{"l": "Coconuts - Incl Copra", "v": 30.0}, {"l": "Sesame seed", "v": 10.0}, {"l": "Groundnuts", "v": 59.0}, {"l": "Oilcrops, Other", "v": 89.0}, {"l": "Cottonseed", "v": 19.0}, {"l": "Palm kernels", "v": 113.0}]}, {"source": 4, "prod": 2.0918368610100981, "target": 16, "value": 1328.0, "supply": [{"l": "Nuts", "v": 40.0}, {"l": "Citrus, Other", "v": 1.0}, {"l": "Tomatoes", "v": 1.0}, {"l": "Coffee", "v": 306.0}, {"l": "Treenuts", "v": 40.0}, {"l": "Vegetables, Other", "v": 7.0}, {"l": "Cocoa Beans", "v": 592.0}, {"l": "Potatoes", "v": 1.0}, {"l": "Pulses, Other", "v": 6.0}, {"l": "Lemons, Limes", "v": 2.0}, {"l": "Pineapples", "v": 201.0}, {"l": "Bananas", "v": 119.0}, {"l": "Spices, Other", "v": 1.0}, {"l": "Fruits, Other", "v": 6.0}, {"l": "Oranges, Mandarines", "v": 1.0}, {"l": "Onions", "v": 3.0}, {"l": "Cassava", "v": 1.0}]}, {"source": 9, "prod": 0.022473617604088239, "target": 16, "value": 6.0, "supply": [{"l": "Sugar", "v": 6.0}]}, {"source": 6, "prod": 0.33578943392757254, "target": 16, "value": 400.0, "supply": [{"l": "Crustaceans", "v": 8.0}, {"l": "Marine Fish, Other", "v": 2.0}, {"l": "Freshwater Fish", "v": 12.0}, {"l": "Pelagic Fish", "v": 160.0}, {"l": "Fish, Seafood", "v": 199.0}, {"l": "Cephalopods", "v": 6.0}, {"l": "Demersal Fish", "v": 13.0}]}, {"source": 10, "prod": 3.4997090251944187, "target": 16, "value": 343.0, "supply": [{"l": "Groundnut Oil", "v": 155.0}, {"l": "Soyabean Oil", "v": 1.0}, {"l": "Palm Oil", "v": 58.0}, {"l": "Coconut Oil", "v": 10.0}, {"l": "Oilcrops Oil, Other", "v": 34.0}, {"l": "Cottonseed Oil", "v": 1.0}, {"l": "Palmkernel Oil", "v": 84.0}]}, {"source": 17, "prod": 0.014118680682538803, "target": 4, "value": 50.0, "supply": [{"l": "Tomatoes", "v": 50.0}]}, {"source": 10, "prod": 0.69250640688714393, "target": 18, "value": 68.0, "supply": [{"l": "Olive Oil", "v": 2.0}, {"l": "Groundnut Oil", "v": 60.0}, {"l": "Oilcrops Oil, Other", "v": 1.0}, {"l": "Palm Oil", "v": 5.0}]}, {"source": 6, "prod": 0.0083032121660863226, "target": 18, "value": 11.0, "supply": [{"l": "Fish, Seafood", "v": 5.0}, {"l": "Marine Fish, Other", "v": 4.0}, {"l": "Pelagic Fish", "v": 2.0}]}, {"source": 2, "prod": 0.90483973987234956, "target": 18, "value": 255.0, "supply": [{"l": "Maize", "v": 21.0}, {"l": "Rice", "v": 69.0}, {"l": "Millet", "v": 165.0}]}, {"source": 17, "prod": 0.023258804995920902, "target": 1, "value": 33.0, "supply": [{"l": "Milk - Excluding Butter", "v": 32.0}, {"l": "Demersal Fish", "v": 1.0}]}, {"source": 4, "prod": 0.73237676929863538, "target": 18, "value": 265.0, "supply": [{"l": "Dates", "v": 1.0}, {"l": "Cocoa Beans", "v": 207.0}, {"l": "Coffee", "v": 3.0}, {"l": "Pulses, Other", "v": 54.0}]}, {"source": 17, "prod": 1.758614418743121, "target": 3, "value": 275.0, "supply": [{"l": "Sesame seed", "v": 5.0}, {"l": "Groundnuts", "v": 270.0}]}, {"source": 3, "prod": 0.036237947085182923, "target": 18, "value": 7.0, "supply": [{"l": "Cottonseed", "v": 3.0}, {"l": "Oilcrops, Other", "v": 4.0}]}, {"source": 17, "prod": 0.10518207942851666, "target": 11, "value": 7.0, "supply": [{"l": "Palmkernel Oil", "v": 4.0}, {"l": "Sunflowerseed Oil", "v": 3.0}]}, {"source": 9, "prod": 0.037456029340147065, "target": 18, "value": 10.0, "supply": [{"l": "Sugar", "v": 10.0}]}, {"source": 17, "prod": 0.3971839176967441, "target": 2, "value": 127.0, "supply": [{"l": "Barley", "v": 18.0}, {"l": "Sorghum", "v": 58.0}, {"l": "Wheat", "v": 51.0}]}, {"source": 19, "prod": 48.714968699674557, "target": 2, "value": 14000.0, "supply": [{"l": "Maize", "v": 1958.0}, {"l": "Cereals, Other", "v": 139.0}, {"l": "Rice", "v": 2066.0}, {"l": "Wheat", "v": 25.0}, {"l": "Sorghum", "v": 4630.0}, {"l": "Millet", "v": 5182.0}]}, {"source": 19, "prod": 36.231564961038657, "target": 3, "value": 7879.2752293577978, "supply": [{"l": "Coconuts - Incl Copra", "v": 532.0}, {"l": "Sesame seed", "v": 52.0}, {"l": "Cottonseed", "v": 326.0}, {"l": "Groundnuts", "v": 1363.0}, {"l": "Oilcrops, Other", "v": 422.0}, {"l": "Soyabeans", "v": 75.0}, {"l": "Palm kernels", "v": 459.0}, {"l": "Oil Palm", "v": 4650.2752293577978}]}, {"source": 19, "prod": 48.189391105124237, "target": 4, "value": 45502.0, "supply": [{"l": "Roots, Other", "v": 1163.0}, {"l": "Plantains", "v": 3430.0}, {"l": "Nuts", "v": 238.0}, {"l": "Yams", "v": 9281.0}, {"l": "Citrus, Other", "v": 2039.0}, {"l": "Tomatoes", "v": 555.0}, {"l": "Coffee", "v": 325.0}, {"l": "Treenuts", "v": 239.0}, {"l": "Vegetables, Other", "v": 4070.0}, {"l": "Peas", "v": 1.0}, {"l": "Dates", "v": 20.0}, {"l": "Cocoa Beans", "v": 861.0}, {"l": "Potatoes", "v": 52.0}, {"l": "Pimento", "v": 84.0}, {"l": "Beans", "v": 54.0}, {"l": "Pulses, Other", "v": 1312.0}, {"l": "Lemons, Limes", "v": 31.0}, {"l": "Pineapples", "v": 922.0}, {"l": "Bananas", "v": 421.0}, {"l": "Spices, Other", "v": 11.0}, {"l": "Fruits, Other", "v": 2186.0}, {"l": "Sweet potatoes", "v": 352.0}, {"l": "Grapefruit", "v": 8.0}, {"l": "Oranges, Mandarines", "v": 88.0}, {"l": "Onions", "v": 562.0}, {"l": "Cassava", "v": 17197.0}]}, {"source": 19, "prod": 1.5584578399320344, "target": 5, "value": 3194.0, "supply": [{"l": "Sugar cane", "v": 3194.0}]}, {"source": 1, "prod": 3.234191917401942, "target": 6, "value": 4188.0, "supply": [{"l": "Pelagic Fish", "v": 874.0}, {"l": "Crustaceans", "v": 15.0}, {"l": "Freshwater Fish", "v": 356.0}, {"l": "Molluscs, Other", "v": 8.0}, {"l": "Demersal Fish", "v": 632.0}, {"l": "Fish, Seafood", "v": 2092.0}, {"l": "Marine Fish, Other", "v": 202.0}, {"l": "Cephalopods", "v": 9.0}]}, {"source": 1, "prod": 5.1048168500610691, "target": 0, "value": 4532.0, "supply": [{"l": "Poultry Meat", "v": 221.0}, {"l": "Pigmeat", "v": 89.0}, {"l": "Bovine Meat", "v": 566.0}, {"l": "Eggs", "v": 265.0}, {"l": "Milk - Excluding Butter", "v": 2685.0}, {"l": "Offals, Edible", "v": 136.0}, {"l": "Meat, Other", "v": 329.0}, {"l": "Mutton & Goat Meat", "v": 257.0}]}, {"source": 11, "prod": 4.8908225823071936, "target": 7, "value": 8207.0, "supply": [{"l": "Fats, Animals, Raw", "v": 93.0}, {"l": "Beverages, Fermented", "v": 7147.0}, {"l": "Beer", "v": 844.0}, {"l": "Beverages, Alcoholic", "v": 28.0}, {"l": "Butter, Ghee", "v": 22.0}, {"l": "Wine", "v": 73.0}]}, {"source": 11, "prod": 19.372472929032543, "target": 10, "value": 1891.0, "supply": [{"l": "Olive Oil", "v": 8.0}, {"l": "Soyabean Oil", "v": 73.0}, {"l": "Coconut Oil", "v": 33.0}, {"l": "Rape and Mustard Oil", "v": 60.0}, {"l": "Cottonseed Oil", "v": 31.0}, {"l": "Groundnut Oil", "v": 387.0}, {"l": "Palm Oil", "v": 999.0}, {"l": "Palmkernel Oil", "v": 151.0}, {"l": "Oilcrops Oil, Other", "v": 146.0}, {"l": "Sunflowerseed Oil", "v": 3.0}]}, {"source": 11, "prod": 4.0148181448970135, "target": 9, "value": 1078.0, "supply": [{"l": "Honey", "v": 1.0}, {"l": "Sweeteners, Other", "v": 45.0}, {"l": "Sugar non-centrifugal", "v": 21.0}, {"l": "Sugar", "v": 1011.0}]}]}