{"nodes": [{"layer": 13, "name": "Milk - Excluding Butter"}, {"layer": 10, "name": "Feed", "fill": "#dbdb8d"}, {"layer": 5, "name": "Oilcrops", "fill": "#ff9896"}, {"layer": 5, "name": "Sugar Crops", "fill": "#ffbb78"}, {"layer": 5, "name": "Starchy Roots"}, {"layer": 5, "name": "Pulses"}, {"layer": 13, "name": "Fish, Seafood"}, {"layer": 5, "name": "Cereals - Excluding Beer"}, {"layer": 16, "name": "Food", "fill": "#b5cf6b"}, {"layer": 13, "name": "Meat"}, {"layer": 5, "name": "Treenuts"}, {"layer": 5, "name": "Vegetables"}, {"layer": 5, "name": "Others"}, {"layer": 13, "name": "Alcoholic Beverages"}, {"layer": 13, "name": "Animal Fats"}, {"layer": 13, "name": "Sugar & Sweeteners"}, {"layer": 13, "name": "Vegetable Oils", "fill": "#f7b6d2"}, {"layer": 5, "name": "Spices"}, {"layer": 5, "name": "Stimulants"}, {"layer": 13, "name": "Eggs"}, {"layer": 5, "name": "Fruits - Excluding Wine"}, {"layer": 10, "name": "Processing", "fill": "#9edae5"}, {"layer": 16, "name": "Biofuels & Other", "fill": "#e7ba52"}, {"name": "Waste", "fill": "#c7c7c7"}, {"layer": 2, "name": "Import", "fill": "#aec7e8"}, {"layer": 16, "name": "Export", "fill": "#aec7e8"}, {"layer": 16, "name": "Stock Deposit", "fill": "#c7c7c7"}, {"layer": 0, "name": "Stock Draw", "fill": "#c7c7c7"}, {"layer": 2, "name": "Electricity", "fill": "#bcbd22"}, {"layer": 0, "name": "Fossil Fuels", "fill": "#c49c94"}, {"layer": 0, "name": "Renewables & Nuclear", "fill": "#2ca02c"}, {"layer": 2, "name": "Fertilizers", "fill": "#c5b0d5"}, {"layer": 0, "name": "Labor", "fill": "#7f7f7f"}], "links": [{"source": 0, "prod": 60.0, "target": 1, "value": 0.043196777555596727, "supply": [{"l": "Milk - Excluding Butter", "v": 0.043196777555596727}]}, {"source": 2, "prod": 6.0, "target": 1, "value": 0.024648483823838711, "supply": [{"l": "Soyabeans", "v": 0.024648483823838711}]}, {"source": 3, "prod": 12.0, "target": 1, "value": 0.00424501665855, "supply": [{"l": "Sugar cane", "v": 0.00424501665855}]}, {"source": 4, "prod": 5361.0, "target": 1, "value": 5.8018113987743005, "supply": [{"l": "Potatoes", "v": 0.0018456594167608697}, {"l": "Yams", "v": 1.3196210734050675}, {"l": "Cassava", "v": 4.4803446659524724}]}, {"source": 5, "prod": 210.0, "target": 1, "value": 0.81041227117772729, "supply": [{"l": "Pulses, Other", "v": 0.81041227117772729}]}, {"source": 6, "prod": 22.0, "target": 1, "value": 0.01804206092232637, "supply": [{"l": "Pelagic Fish", "v": 0.0098047628858897642}, {"l": "Fish, Seafood", "v": 0.008237298036436606}]}, {"source": 7, "prod": 2821.0, "target": 1, "value": 9.7071601268064605, "supply": [{"l": "Maize", "v": 3.7021667220498675}, {"l": "Rice", "v": 0.045822376080609822}, {"l": "Wheat", "v": 0.061983498430267917}, {"l": "Cereals, Other", "v": 0.040986367737724141}, {"l": "Millet", "v": 2.8796387734873212}, {"l": "Sorghum", "v": 2.9765623890206685}]}, {"source": 0, "prod": 2502.0, "target": 8, "value": 1.8013056240683838, "supply": [{"l": "Milk - Excluding Butter", "v": 1.8013056240683838}]}, {"source": 9, "prod": 1992.0, "target": 8, "value": 3.5355035449703713, "supply": [{"l": "Mutton & Goat Meat", "v": 0.46864983910392}, {"l": "Pigmeat", "v": 0.46477490082073081}, {"l": "Meat, Other", "v": 0.46798301057618014}, {"l": "Poultry Meat", "v": 0.26625548272562127}, {"l": "Offals, Edible", "v": 0.20077781493141891}, {"l": "Bovine Meat", "v": 1.6670624968125001}]}, {"source": 10, "prod": 272.0, "target": 8, "value": 1.0678793351450637, "supply": [{"l": "Treenuts", "v": 1.0678793351450637}]}, {"source": 11, "prod": 5823.0, "target": 8, "value": 2.1354808167786272, "supply": [{"l": "Tomatoes", "v": 0.13354845796319836}, {"l": "Vegetables, Other", "v": 1.801695723978165}, {"l": "Onions", "v": 0.20023663483726417}]}, {"source": 12, "prod": 278.0, "target": 8, "value": 1.0782746387651629, "supply": [{"l": "Infant food", "v": 0.0081355555400000005}, {"l": "Nuts", "v": 1.0701390832251629}]}, {"source": 3, "prod": 188.0, "target": 8, "value": 0.066505260983950001, "supply": [{"l": "Sugar cane", "v": 0.066505260983950001}]}, {"source": 13, "prod": 7928.0, "target": 8, "value": 3.8044969213702742, "supply": [{"l": "Beer", "v": 0.60076214015566309}, {"l": "Beverages, Alcoholic", "v": 0.067212763760375008}, {"l": "Wine", "v": 0.067071263205090006}, {"l": "Beverages, Fermented", "v": 3.069450754249146}]}, {"source": 14, "prod": 59.0, "target": 8, "value": 0.5415692060038324, "supply": [{"l": "Fats, Animals, Raw", "v": 0.3414469921007609}, {"l": "Butter, Ghee", "v": 0.20012221390307147}]}, {"source": 4, "prod": 17608.0, "target": 8, "value": 19.213671400740964, "supply": [{"l": "Roots, Other", "v": 1.0003142843842538}, {"l": "Yams", "v": 5.8710864939890657}, {"l": "Potatoes", "v": 0.066443739003391317}, {"l": "Sweet potatoes", "v": 0.33353702317178574}, {"l": "Cassava", "v": 11.942289860192465}]}, {"source": 5, "prod": 771.0, "target": 8, "value": 3.0058760815542147, "supply": [{"l": "Peas", "v": 0.0040428730081428568}, {"l": "Beans", "v": 0.20012221390307147}, {"l": "Pulses, Other", "v": 2.8017109946430003}]}, {"source": 6, "prod": 2851.0, "target": 8, "value": 2.2111413027638513, "supply": [{"l": "Crustaceans", "v": 0.0044930716562381475}, {"l": "Marine Fish, Other", "v": 0.13319226580037616}, {"l": "Demersal Fish", "v": 0.20012221390307147}, {"l": "Freshwater Fish", "v": 0.26707340987460304}, {"l": "Fish, Seafood", "v": 1.0671045183565602}, {"l": "Pelagic Fish", "v": 0.53391390624072443}, {"l": "Cephalopods", "v": 0.0022465358281190738}, {"l": "Molluscs, Other", "v": 0.002995381104158765}]}, {"source": 15, "prod": 1003.0, "target": 8, "value": 3.8459850926463006, "supply": [{"l": "Sugar", "v": 3.6391370081933183}, {"l": "Sugar non-centrifugal", "v": 0.0679202665368}, {"l": "Sweeteners, Other", "v": 0.13506871186295455}, {"l": "Honey", "v": 0.003859106053227273}]}, {"source": 7, "prod": 19243.0, "target": 8, "value": 67.603983973263212, "supply": [{"l": "Maize", "v": 9.4067861834153792}, {"l": "Barley", "v": 0.0057294703366932518}, {"l": "Cereals, Other", "v": 0.53282278059041377}, {"l": "Rice", "v": 16.816812021583804}, {"l": "Wheat", "v": 7.2737635407919399}, {"l": "Oats", "v": 0.0033253312989404427}, {"l": "Sorghum", "v": 16.815557206752509}, {"l": "Millet", "v": 16.749187438493529}]}, {"source": 16, "prod": 1463.0, "target": 8, "value": 14.907343781363238, "supply": [{"l": "Groundnut Oil", "v": 2.060642970220163}, {"l": "Soyabean Oil", "v": 0.53678920327470969}, {"l": "Palm Oil", "v": 8.473312983798639}, {"l": "Olive Oil", "v": 0.009988274490705884}, {"l": "Coconut Oil", "v": 0.27592608280574998}, {"l": "Rape and Mustard Oil", "v": 0.47134322898382763}, {"l": "Oilcrops Oil, Other", "v": 0.80801696397227607}, {"l": "Sesameseed Oil", "v": 0.074287791524625002}, {"l": "Cottonseed Oil", "v": 0.46553682688765002}, {"l": "Palmkernel Oil", "v": 1.7314994554048904}]}, {"source": 17, "prod": 106.0, "target": 8, "value": 0.39719106917062241, "supply": [{"l": "Pimento", "v": 0.33188312057754549}, {"l": "Spices, Other", "v": 0.065307948593076925}]}, {"source": 18, "prod": 44.0, "target": 8, "value": 0.032787009006635469, "supply": [{"l": "Cocoa Beans", "v": 0.014857558304925}, {"l": "Coffee", "v": 0.011398655842402778}, {"l": "Tea", "v": 0.0065307948593076922}]}, {"source": 19, "prod": 300.0, "target": 8, "value": 0.40005392593664924, "supply": [{"l": "Eggs", "v": 0.40005392593664924}]}, {"source": 20, "prod": 8956.0, "target": 8, "value": 5.9650140658731798, "supply": [{"l": "Plantains", "v": 3.6035220819389719}, {"l": "Citrus, Other", "v": 0.60054706744676789}, {"l": "Apples", "v": 0.0029677292609465392}, {"l": "Grapes", "v": 0.00049462154349108991}, {"l": "Dates", "v": 0.068573346022730769}, {"l": "Pineapples", "v": 0.26703092341750206}, {"l": "Lemons, Limes", "v": 0.013849403217750515}, {"l": "Bananas", "v": 0.2005404421452931}, {"l": "Fruits, Other", "v": 1.1346618207685601}, {"l": "Grapefruit", "v": 0.0059354585218930785}, {"l": "Oranges, Mandarines", "v": 0.066891171589272727}]}, {"source": 2, "prod": 807.0, "target": 8, "value": 3.8703790825140585, "supply": [{"l": "Coconuts - Incl Copra", "v": 0.33488464750783331}, {"l": "Sesame seed", "v": 0.1358405330736}, {"l": "Groundnuts", "v": 2.7350035900086427}, {"l": "Oilcrops, Other", "v": 0.46335436069596608}, {"l": "Soyabeans", "v": 0.20129595122801619}]}, {"source": 7, "prod": 651.0, "target": 21, "value": 2.0803791640696576, "supply": [{"l": "Millet", "v": 0.14447446526048136}, {"l": "Barley", "v": 0.64743014804633747}, {"l": "Rice", "v": 0.029159693869478979}, {"l": "Sorghum", "v": 1.2593148568933599}]}, {"source": 16, "prod": 2.0, "target": 21, "value": 0.017565586173310346, "supply": [{"l": "Oilcrops Oil, Other", "v": 0.017565586173310346}]}, {"source": 3, "prod": 2687.0, "target": 21, "value": 0.95052998012698753, "supply": [{"l": "Sugar cane", "v": 0.95052998012698753}]}, {"source": 2, "prod": 7036.7399617590836, "target": 21, "value": 30.602627328206665, "supply": [{"l": "Coconuts - Incl Copra", "v": 0.78454196763572226}, {"l": "Cottonseed", "v": 1.4253183051843306}, {"l": "Sesame seed", "v": 0.096220377593800019}, {"l": "Groundnuts", "v": 3.4299112620621206}, {"l": "Palm kernels", "v": 2.3218082639221778}, {"l": "Oilcrops, Other", "v": 1.9491101911884661}, {"l": "Oil Palm", "v": 20.595716960620049}]}, {"source": 20, "prod": 21.0, "target": 21, "value": 0.0069697794173438025, "supply": [{"l": "Citrus, Other", "v": 0.0056834107329347119}, {"l": "Oranges, Mandarines", "v": 0.0012863686844090908}]}, {"source": 2, "prod": 116.0, "target": 22, "value": 0.6391218226640647, "supply": [{"l": "Cottonseed", "v": 0.15613027371277119}, {"l": "Oilcrops, Other", "v": 0.0050364604423474577}, {"l": "Sunflower seed", "v": 0.045328143981127118}, {"l": "Groundnuts", "v": 0.26138728948800544}, {"l": "Palm kernels", "v": 0.17123965503981356}]}, {"source": 3, "prod": 56.0, "target": 22, "value": 0.019810077739900001, "supply": [{"l": "Sugar cane", "v": 0.019810077739900001}]}, {"source": 14, "prod": 76.0, "target": 22, "value": 0.70135057836913051, "supply": [{"l": "Fats, Animals, Raw", "v": 0.70135057836913051}]}, {"source": 4, "prod": 1784.0, "target": 22, "value": 2.0690243622650661, "supply": [{"l": "Yams", "v": 1.9379377676754665}, {"l": "Roots, Other", "v": 0.12049476322800981}, {"l": "Cassava", "v": 0.01059183136158977}]}, {"source": 7, "prod": 10.0, "target": 22, "value": 0.041656705527827104, "supply": [{"l": "Rice", "v": 0.041656705527827104}]}, {"source": 5, "prod": 88.0, "target": 22, "value": 0.339601332684, "supply": [{"l": "Pulses, Other", "v": 0.339601332684}]}, {"source": 6, "prod": 16.0, "target": 22, "value": 0.011187152194013075, "supply": [{"l": "Fish, Seafood", "v": 0.0059907622083175301}, {"l": "Marine Fish, Other", "v": 0.0015578042783669726}, {"l": "Demersal Fish", "v": 0.0036385857073285718}]}, {"source": 13, "prod": 2.0, "target": 22, "value": 0.0070750277642500003, "supply": [{"l": "Beverages, Alcoholic", "v": 0.0070750277642500003}]}, {"source": 15, "prod": 11.0, "target": 22, "value": 0.0424501665855, "supply": [{"l": "Sugar", "v": 0.0424501665855}]}, {"source": 16, "prod": 250.0, "target": 22, "value": 2.5350928107728641, "supply": [{"l": "Coconut Oil", "v": 0.0424501665855}, {"l": "Cottonseed Oil", "v": 0.049525194349750008}, {"l": "Groundnut Oil", "v": 0.020402405645744189}, {"l": "Oilcrops Oil, Other", "v": 0.22835262025303454}, {"l": "Palm Oil", "v": 2.1234823292731382}, {"l": "Palmkernel Oil", "v": 0.070880094665697252}]}, {"source": 17, "prod": 1.0, "target": 22, "value": 0.0032653974296538461, "supply": [{"l": "Spices, Other", "v": 0.0032653974296538461}]}, {"source": 18, "prod": 20.0, "target": 22, "value": 0.021696751810366666, "supply": [{"l": "Cocoa Beans", "v": 0.0169800666342}, {"l": "Coffee", "v": 0.0047166851761666663}]}, {"source": 2, "prod": 237.0, "target": 2, "value": 1.4102264542525078, "supply": [{"l": "Soyabeans", "v": 0.024648483823838711}, {"l": "Sesame seed", "v": 0.011320044422799999}, {"l": "Cottonseed", "v": 0.24678656167502544}, {"l": "Groundnuts", "v": 1.0519244576956317}, {"l": "Oilcrops, Other", "v": 0.075546906635211866}]}, {"source": 19, "prod": 20.0, "target": 19, "value": 0.026670261729109954, "supply": [{"l": "Eggs", "v": 0.026670261729109954}]}, {"source": 3, "prod": 42.0, "target": 3, "value": 0.014857558304925, "supply": [{"l": "Sugar cane", "v": 0.014857558304925}]}, {"source": 4, "prod": 849.0, "target": 4, "value": 0.98647482889660143, "supply": [{"l": "Potatoes", "v": 0.0073826376670434787}, {"l": "Roots, Other", "v": 0.031162438765864605}, {"l": "Yams", "v": 0.94792975246369338}]}, {"source": 5, "prod": 152.0, "target": 5, "value": 0.58865149833334574, "supply": [{"l": "Beans", "v": 0.013644696402482144}, {"l": "Pulses, Other", "v": 0.57500680193086362}]}, {"source": 7, "prod": 641.0, "target": 7, "value": 2.2831248232209589, "supply": [{"l": "Maize", "v": 0.51793859559712441}, {"l": "Wheat", "v": 0.012396699686053583}, {"l": "Cereals, Other", "v": 0.0087827930866551732}, {"l": "Millet", "v": 0.61401647735704568}, {"l": "Rice", "v": 0.5373715013089696}, {"l": "Sorghum", "v": 0.5926187561851104}]}, {"source": 0, "prod": 69.0, "target": 23, "value": 0.049676294188936244, "supply": [{"l": "Milk - Excluding Butter", "v": 0.049676294188936244}]}, {"source": 2, "prod": 185.0, "target": 23, "value": 0.81271412891189909, "supply": [{"l": "Soyabeans", "v": 0.024648483823838711}, {"l": "Oilcrops, Other", "v": 0.24175010123267793}, {"l": "Coconuts - Incl Copra", "v": 0.091189246739222227}, {"l": "Sesame seed", "v": 0.028300111057000001}, {"l": "Cottonseed", "v": 0.0050364604423474577}, {"l": "Groundnuts", "v": 0.401643883847423}, {"l": "Palm kernels", "v": 0.020145841769389831}]}, {"source": 10, "prod": 14.0, "target": 23, "value": 0.054964377544231224, "supply": [{"l": "Treenuts", "v": 0.054964377544231224}]}, {"source": 11, "prod": 598.0, "target": 23, "value": 0.21635921433927902, "supply": [{"l": "Vegetables, Other", "v": 0.19488038765252036}, {"l": "Tomatoes", "v": 0.017073620720338845}, {"l": "Onions", "v": 0.0044052059664198111}]}, {"source": 12, "prod": 16.0, "target": 23, "value": 0.06318164329004651, "supply": [{"l": "Nuts", "v": 0.06318164329004651}]}, {"source": 3, "prod": 167.0, "target": 23, "value": 0.059076481831487504, "supply": [{"l": "Sugar cane", "v": 0.059076481831487504}]}, {"source": 13, "prod": 498.0, "target": 23, "value": 0.22662512611061156, "supply": [{"l": "Beverages, Fermented", "v": 0.22662512611061156}]}, {"source": 4, "prod": 3791.0, "target": 23, "value": 4.1309122553768933, "supply": [{"l": "Potatoes", "v": 0.0064598079586630445}, {"l": "Yams", "v": 1.2132565759029763}, {"l": "Roots, Other", "v": 0.28565568868709218}, {"l": "Sweet potatoes", "v": 0.065494542731914296}, {"l": "Cassava", "v": 2.5600456400962472}]}, {"source": 5, "prod": 120.0, "target": 23, "value": 0.47205136543940751, "supply": [{"l": "Beans", "v": 0.059127017744089294}, {"l": "Pulses, Other", "v": 0.41292434769531822}]}, {"source": 20, "prod": 1200.0, "target": 23, "value": 0.7534843398579546, "supply": [{"l": "Dates", "v": 0.0065307948593076922}, {"l": "Plantains", "v": 0.40827576099593943}, {"l": "Citrus, Other", "v": 0.10293288327426199}, {"l": "Pineapples", "v": 0.027125832589904565}, {"l": "Lemons, Limes", "v": 0.0014838646304732696}, {"l": "Bananas", "v": 0.039522568889948276}, {"l": "Fruits, Other", "v": 0.16075200163460418}, {"l": "Oranges, Mandarines", "v": 0.0068606329835151515}]}, {"source": 7, "prod": 2789.0, "target": 23, "value": 9.7439810398866449, "supply": [{"l": "Maize", "v": 2.2541271273170622}, {"l": "Rice", "v": 1.487144387343428}, {"l": "Sorghum", "v": 2.8216733959268328}, {"l": "Cereals, Other", "v": 0.067334746997689654}, {"l": "Wheat", "v": 0.26033069340712522}, {"l": "Millet", "v": 2.8533706888945067}]}, {"source": 16, "prod": 21.0, "target": 23, "value": 0.21647149958609657, "supply": [{"l": "Palm Oil", "v": 0.21647149958609657}]}, {"source": 17, "prod": 6.0, "target": 23, "value": 0.023154636319363639, "supply": [{"l": "Pimento", "v": 0.023154636319363639}]}, {"source": 18, "prod": 22.0, "target": 23, "value": 0.046695183244050004, "supply": [{"l": "Cocoa Beans", "v": 0.046695183244050004}]}, {"source": 19, "prod": 25.0, "target": 23, "value": 0.033337827161387432, "supply": [{"l": "Eggs", "v": 0.033337827161387432}]}, {"source": 24, "prod": 49.0, "target": 12, "value": 0.17398736917637211, "supply": [{"l": "Nuts", "v": 0.16585181363637211}, {"l": "Infant food", "v": 0.0081355555400000005}]}, {"source": 24, "prod": 2365.0, "target": 1, "value": 1.8161512195125209, "supply": [{"l": "Pigmeat", "v": 0.0076192606691923084}, {"l": "Meat, Other", "v": 0.012030411582935224}, {"l": "Eggs", "v": 0.0013335130864554976}, {"l": "Marine Fish, Other", "v": 0.066206681830596331}, {"l": "Milk - Excluding Butter", "v": 0.86609538998971458}, {"l": "Fish, Seafood", "v": 0.41635797347806841}, {"l": "Pelagic Fish", "v": 0.27096799248277165}, {"l": "Poultry Meat", "v": 0.0050236883533136094}, {"l": "Offals, Edible", "v": 0.0022946035992162162}, {"l": "Demersal Fish", "v": 0.10066753790275715}, {"l": "Bovine Meat", "v": 0.067554166537500002}]}, {"source": 24, "prod": 5458.0, "target": 7, "value": 19.236080757779888, "supply": [{"l": "Maize", "v": 1.2984939438913821}, {"l": "Barley", "v": 0.85369108016729456}, {"l": "Rice", "v": 8.2105366595347231}, {"l": "Cereals, Other", "v": 0.055624356215482756}, {"l": "Wheat", "v": 7.5185983595914969}, {"l": "Oats", "v": 0.0033253312989404427}, {"l": "Sorghum", "v": 1.0101456071337112}, {"l": "Millet", "v": 0.28566541994686084}]}, {"source": 24, "prod": 9.0, "target": 5, "value": 0.034731954479045458, "supply": [{"l": "Pulses, Other", "v": 0.034731954479045458}]}, {"source": 24, "prod": 1137.0, "target": 21, "value": 5.9534603162487025, "supply": [{"l": "Sugar", "v": 2.6975151312058636}, {"l": "Beer", "v": 0.0066443739003391299}, {"l": "Groundnut Oil", "v": 0.010201202822872095}, {"l": "Beverages, Alcoholic", "v": 0.031837624939125002}, {"l": "Fats, Animals, Raw", "v": 0.69212228128532616}, {"l": "Soyabean Oil", "v": 0.36151109608296778}, {"l": "Butter, Ghee", "v": 0.11825403548817859}, {"l": "Palm Oil", "v": 1.2060554976939666}, {"l": "Olive Oil", "v": 0.009988274490705884}, {"l": "Rape and Mustard Oil", "v": 0.48158982091825864}, {"l": "Oilcrops Oil, Other", "v": 0.1317418962998276}, {"l": "Wine", "v": 0.067071263205090006}, {"l": "Sweeteners, Other", "v": 0.13892781791618183}]}, {"source": 24, "prod": 42.0, "target": 10, "value": 0.16489313263269367, "supply": [{"l": "Treenuts", "v": 0.16489313263269367}]}, {"source": 24, "prod": 136.0, "target": 11, "value": 0.0400962618639936, "supply": [{"l": "Tomatoes", "v": 0.018944702443115705}, {"l": "Vegetables, Other", "v": 0.015544933645434501}, {"l": "Onions", "v": 0.0056066257754433958}]}, {"source": 24, "prod": 32.0, "target": 18, "value": 0.045364836143079922, "supply": [{"l": "Cocoa Beans", "v": 0.036082641597675005}, {"l": "Coffee", "v": 0.0027513996860972223}, {"l": "Tea", "v": 0.0065307948593076922}]}, {"source": 24, "prod": 30.0, "target": 20, "value": 0.02720632256332494, "supply": [{"l": "Citrus, Other", "v": 0.00031574504071859509}, {"l": "Grapes", "v": 0.00049462154349108991}, {"l": "Dates", "v": 0.013061589718615384}, {"l": "Apples", "v": 0.0029677292609465392}, {"l": "Bananas", "v": 0.0051232959672155177}, {"l": "Fruits, Other", "v": 0.0039569723479287193}, {"l": "Oranges, Mandarines", "v": 0.0012863686844090908}]}, {"source": 24, "prod": 54.0, "target": 2, "value": 0.30602649781649471, "supply": [{"l": "Sunflower seed", "v": 0.045328143981127118}, {"l": "Coconuts - Incl Copra", "v": 0.003144456784111111}, {"l": "Soyabeans", "v": 0.0082161612746129049}, {"l": "Groundnuts", "v": 0.20400959179551648}, {"l": "Oilcrops, Other", "v": 0.030218762654084741}, {"l": "Cottonseed", "v": 0.01510938132704237}]}, {"source": 24, "prod": 1.0, "target": 17, "value": 0.0032653974296538461, "supply": [{"l": "Spices, Other", "v": 0.0032653974296538461}]}, {"source": 24, "prod": 32.0, "target": 4, "value": 0.030328236057548343, "supply": [{"l": "Roots, Other", "v": 0.0010387479588621533}, {"l": "Potatoes", "v": 0.023993572417891306}, {"l": "Cassava", "v": 0.0052959156807948849}]}, {"source": 0, "prod": 3.0, "target": 25, "value": 0.0021598388777798365, "supply": [{"l": "Milk - Excluding Butter", "v": 0.0021598388777798365}]}, {"source": 2, "prod": 268.0, "target": 25, "value": 1.2299094967111057, "supply": [{"l": "Coconuts - Incl Copra", "v": 0.07703919121072221}, {"l": "Sesame seed", "v": 0.039620155479800002}, {"l": "Groundnuts", "v": 0.21676019128273624}, {"l": "Oilcrops, Other", "v": 0.54897418821587285}, {"l": "Cottonseed", "v": 0.12591151105868645}, {"l": "Palm kernels", "v": 0.22160425946328816}]}, {"source": 10, "prod": 51.0, "target": 25, "value": 0.20022737533969945, "supply": [{"l": "Treenuts", "v": 0.20022737533969945}]}, {"source": 5, "prod": 9.0, "target": 25, "value": 0.034731954479045458, "supply": [{"l": "Pulses, Other", "v": 0.034731954479045458}]}, {"source": 11, "prod": 29.0, "target": 25, "value": 0.011255179846697549, "supply": [{"l": "Tomatoes", "v": 0.00023388521534710747}, {"l": "Vegetables, Other", "v": 0.0034123025075344028}, {"l": "Onions", "v": 0.0076089921238160383}]}, {"source": 13, "prod": 3.0, "target": 25, "value": 0.0016610934750847825, "supply": [{"l": "Beer", "v": 0.0016610934750847825}]}, {"source": 12, "prod": 50.0, "target": 25, "value": 0.19744263528139538, "supply": [{"l": "Nuts", "v": 0.19744263528139538}]}, {"source": 4, "prod": 2.0, "target": 25, "value": 0.0020916703402715487, "supply": [{"l": "Yams", "v": 0.0011688406318911139}, {"l": "Potatoes", "v": 0.00092282970838043483}]}, {"source": 6, "prod": 563.0, "target": 25, "value": 0.43458667095940595, "supply": [{"l": "Crustaceans", "v": 0.0074884527603969134}, {"l": "Marine Fish, Other", "v": 0.0070101192526513768}, {"l": "Freshwater Fish", "v": 0.0025598090403316583}, {"l": "Pelagic Fish", "v": 0.139940706644063}, {"l": "Fish, Seafood", "v": 0.20967667729111356}, {"l": "Cephalopods", "v": 0.025460739385349505}, {"l": "Demersal Fish", "v": 0.0424501665855}]}, {"source": 15, "prod": 54.0, "target": 25, "value": 0.20839172687427276, "supply": [{"l": "Sugar", "v": 0.20839172687427276}]}, {"source": 20, "prod": 346.0, "target": 25, "value": 0.16653457968720947, "supply": [{"l": "Citrus, Other", "v": 0.00031574504071859509}, {"l": "Lemons, Limes", "v": 0.00049462154349108991}, {"l": "Pineapples", "v": 0.075388677587526973}, {"l": "Bananas", "v": 0.080508936627672403}, {"l": "Fruits, Other", "v": 0.0093978093263307073}, {"l": "Oranges, Mandarines", "v": 0.00042878956146969697}]}, {"source": 7, "prod": 95.0, "target": 25, "value": 0.33414674465938576, "supply": [{"l": "Maize", "v": 0.22614220371142049}, {"l": "Rice", "v": 0.0083313411055654218}, {"l": "Cereals, Other", "v": 0.002927597695551724}, {"l": "Wheat", "v": 0.030991749215133958}, {"l": "Sorghum", "v": 0.0033671520237790369}, {"l": "Millet", "v": 0.062386700907935133}]}, {"source": 16, "prod": 222.0, "target": 25, "value": 2.2203636777026552, "supply": [{"l": "Groundnut Oil", "v": 0.57126735808083717}, {"l": "Palm Oil", "v": 0.69064716534611759}, {"l": "Coconut Oil", "v": 0.32898879103762502}, {"l": "Oilcrops Oil, Other", "v": 0.38644289581282765}, {"l": "Palmkernel Oil", "v": 0.24301746742524774}]}, {"source": 17, "prod": 1.0, "target": 25, "value": 0.0032653974296538461, "supply": [{"l": "Spices, Other", "v": 0.0032653974296538461}]}, {"source": 18, "prod": 1167.0, "target": 25, "value": 1.9771558144294639, "supply": [{"l": "Coffee", "v": 0.11359350132601388}, {"l": "Cocoa Beans", "v": 1.86356231310345}]}, {"source": 9, "prod": 1.0, "target": 25, "value": 0.0021791666624999999, "supply": [{"l": "Bovine Meat", "v": 0.0021791666624999999}]}, {"source": 16, "prod": 12.0, "target": 26, "value": 0.11674467278373866, "supply": [{"l": "Coconut Oil", "v": 0.010612541646375}, {"l": "Rape and Mustard Oil", "v": 0.010246591934431035}, {"l": "Oilcrops Oil, Other", "v": 0.035131172346620693}, {"l": "Palmkernel Oil", "v": 0.060754366856311935}]}, {"source": 27, "prod": 4.0, "target": 1, "value": 0.0031679347717983022, "supply": [{"l": "Fish, Seafood", "v": 0.0014976905520793825}, {"l": "Pelagic Fish", "v": 0.00089134208053543319}, {"l": "Marine Fish, Other", "v": 0.00077890213918348629}]}, {"source": 12, "prod": 2.0, "target": 26, "value": 0.0078977054112558138, "supply": [{"l": "Nuts", "v": 0.0078977054112558138}]}, {"source": 7, "prod": 1156.0, "target": 26, "value": 3.8605736531322332, "supply": [{"l": "Maize", "v": 0.10942364695713895}, {"l": "Barley", "v": 0.20053146178426381}, {"l": "Sorghum", "v": 0.77781211749295753}, {"l": "Rice", "v": 0.37491034975044402}, {"l": "Wheat", "v": 0.26033069340712522}, {"l": "Millet", "v": 2.1375653837403035}]}, {"source": 10, "prod": 2.0, "target": 26, "value": 0.0078520539348901734, "supply": [{"l": "Treenuts", "v": 0.0078520539348901734}]}, {"source": 20, "prod": 1.0, "target": 26, "value": 0.0032653974296538461, "supply": [{"l": "Dates", "v": 0.0032653974296538461}]}, {"source": 27, "prod": 1.0, "target": 2, "value": 0.0056600222113999997, "supply": [{"l": "Sesame seed", "v": 0.0056600222113999997}]}, {"source": 2, "prod": 190.0, "target": 26, "value": 1.1510591827290697, "supply": [{"l": "Cottonseed", "v": 0.16116673415511865}, {"l": "Groundnuts", "v": 0.9244184628234341}, {"l": "Oilcrops, Other", "v": 0.065473985750516953}]}, {"source": 18, "prod": 75.0, "target": 26, "value": 0.12286964883914168, "supply": [{"l": "Cocoa Beans", "v": 0.11461544978085002}, {"l": "Coffee", "v": 0.0082541990582916652}]}, {"source": 27, "prod": 64.0, "target": 5, "value": 0.24698278740654547, "supply": [{"l": "Pulses, Other", "v": 0.24698278740654547}]}, {"source": 14, "prod": 3.0, "target": 26, "value": 0.027289392804964289, "supply": [{"l": "Butter, Ghee", "v": 0.027289392804964289}]}, {"source": 27, "prod": 50.0, "target": 21, "value": 0.48673082401306783, "supply": [{"l": "Groundnut Oil", "v": 0.23462766492605819}, {"l": "Sugar", "v": 0.019295530266136365}, {"l": "Fats, Animals, Raw", "v": 0.036913188335217402}, {"l": "Soyabean Oil", "v": 0.17527810719174194}, {"l": "Palm Oil", "v": 0.02061633329391396}]}, {"source": 27, "prod": 11.0, "target": 7, "value": 0.032203574651068968, "supply": [{"l": "Cereals, Other", "v": 0.032203574651068968}]}, {"source": 1, "prod": 2634.0, "target": 0, "value": 1.8963385346906967, "supply": [{"l": "Milk - Excluding Butter", "v": 1.8963385346906967}]}, {"source": 1, "prod": 325.0, "target": 19, "value": 0.43339175309803668, "supply": [{"l": "Eggs", "v": 0.46006201482714665}]}, {"source": 1, "prod": 1993.0, "target": 9, "value": 3.5376827116328715, "supply": [{"l": "Pigmeat", "v": 0.46477490082073081}, {"l": "Bovine Meat", "v": 1.669241663475}, {"l": "Poultry Meat", "v": 0.26625548272562127}, {"l": "Offals, Edible", "v": 0.20077781493141891}, {"l": "Meat, Other", "v": 0.46798301057618014}, {"l": "Mutton & Goat Meat", "v": 0.46864983910392}]}, {"source": 1, "prod": 3452.0, "target": 6, "value": 2.6749571868395963, "supply": [{"l": "Pelagic Fish", "v": 0.68365937577067715}, {"l": "Crustaceans", "v": 0.01198152441663506}, {"l": "Freshwater Fish", "v": 0.26963321891493469}, {"l": "Molluscs, Other", "v": 0.002995381104158765}, {"l": "Demersal Fish", "v": 0.24621096619590005}, {"l": "Fish, Seafood", "v": 1.291009255892428}, {"l": "Marine Fish, Other", "v": 0.1417601893313945}, {"l": "Cephalopods", "v": 0.02770727521346858}]}, {"source": 21, "prod": 1068.0, "target": 15, "value": 4.0968269861060733, "supply": [{"l": "Honey", "v": 0.003859106053227273}, {"l": "Sweeteners, Other", "v": 0.13506871186295455}, {"l": "Sugar non-centrifugal", "v": 0.0679202665368}, {"l": "Sugar", "v": 3.889978901653091}]}, {"source": 21, "prod": 1970.0, "target": 16, "value": 20.013582028381901, "supply": [{"l": "Olive Oil", "v": 0.009988274490705884}, {"l": "Sesameseed Oil", "v": 0.074287791524625002}, {"l": "Soyabean Oil", "v": 0.53678920327470969}, {"l": "Coconut Oil", "v": 0.65797758207525003}, {"l": "Rape and Mustard Oil", "v": 0.48158982091825869}, {"l": "Cottonseed Oil", "v": 0.51506202123740008}, {"l": "Groundnut Oil", "v": 2.6523127339467445}, {"l": "Palm Oil", "v": 11.503913978003991}, {"l": "Palmkernel Oil", "v": 2.1061513843521471}, {"l": "Oilcrops Oil, Other", "v": 1.4755092385580695}]}, {"source": 21, "prod": 138.0, "target": 14, "value": 1.2702091771779271, "supply": [{"l": "Fats, Animals, Raw", "v": 1.0427975704698915}, {"l": "Butter, Ghee", "v": 0.22741160670803576}]}, {"source": 21, "prod": 8431.0, "target": 13, "value": 4.0398581687202206, "supply": [{"l": "Beer", "v": 0.6024232336307479}, {"l": "Beverages, Alcoholic", "v": 0.074287791524625002}, {"l": "Beverages, Fermented", "v": 3.2960758803597576}, {"l": "Wine", "v": 0.067071263205090006}]}, {"source": 28, "prod": 0, "target": 2, "value": 9.8140061502952368e-05, "supply": "[{\"l\":'Energy for power irrigation',\"v\":9.8140061502952368e-05}]"}, {"source": 28, "prod": 0, "target": 10, "value": 3.5388887407123013e-06, "supply": "[{\"l\":'Energy for power irrigation',\"v\":3.5388887407123013e-06}]"}, {"source": 28, "prod": 0, "target": 11, "value": 7.1022603595050025e-05, "supply": "[{\"l\":'Energy for power irrigation',\"v\":7.1022603595050025e-05}]"}, {"source": 28, "prod": 0, "target": 3, "value": 3.9217119252421856e-05, "supply": "[{\"l\":'Energy for power irrigation',\"v\":3.9217119252421856e-05}]"}, {"source": 28, "prod": 0, "target": 4, "value": 0.00032696327247326345, "supply": "[{\"l\":'Energy for power irrigation',\"v\":0.00032696327247326345}]"}, {"source": 28, "prod": 0, "target": 5, "value": 1.4617391072093106e-05, "supply": "[{\"l\":'Energy for power irrigation',\"v\":1.4617391072093106e-05}]"}, {"source": 28, "prod": 0, "target": 12, "value": 3.5722744835492102e-06, "supply": "[{\"l\":'Energy for power irrigation',\"v\":3.5722744835492102e-06}]"}, {"source": 28, "prod": 0, "target": 7, "value": 0.00027455878480026275, "supply": "[{\"l\":'Energy for power irrigation',\"v\":0.00027455878480026275}]"}, {"source": 28, "prod": 0, "target": 17, "value": 1.2742225182753414e-06, "supply": "[{\"l\":'Energy for power irrigation',\"v\":1.2742225182753414e-06}]"}, {"source": 28, "prod": 0, "target": 18, "value": 1.4595133910201834e-05, "supply": "[{\"l\":'Energy for power irrigation',\"v\":1.4595133910201834e-05}]"}, {"source": 28, "prod": 0, "target": 20, "value": 0.00011694469286721767, "supply": "[{\"l\":'Energy for power irrigation',\"v\":0.00011694469286721767}]"}, {"source": 28, "prod": 0, "target": 21, "value": 0.028000000022399996, "supply": "[{\"l\":'Electricity',\"v\":0.028000000022399996}]"}, {"source": 29, "prod": 0, "target": 28, "value": 0.044994167179356254, "supply": [{"l": "Coal", "v": 0.030741191448385816}, {"l": "Natural gas", "v": 0.0059993998141504232}, {"l": "Oil", "v": 0.0082535759168200131}]}, {"source": 30, "prod": 0, "target": 28, "value": 0.011059299040464222, "supply": [{"l": "Nuclear", "v": 0.0047092152445306875}, {"l": "Hydroelectric", "v": 0.0061569091697087517}, {"l": "Renewable", "v": 0.00019317462622478289}]}, {"source": 29, "prod": 0, "target": 2, "value": 0.075931350004430007, "supply": [{"l": "Motor Gasoline", "v": 0.011269712707726701}, {"l": "Gas-Diesel oil", "v": 0.061987659814508794}, {"l": "Liquefied petroleum gas (LPG)", "v": 0.0026739774821944971}]}, {"source": 29, "prod": 0, "target": 10, "value": 0.0027380520806956957, "supply": [{"l": "Motor Gasoline", "v": 0.00040638103137154223}, {"l": "Gas-Diesel oil", "v": 0.0022352485623220266}, {"l": "Liquefied petroleum gas (LPG)", "v": 9.6422487002126647e-05}]}, {"source": 29, "prod": 0, "target": 11, "value": 0.054950466600628717, "supply": [{"l": "Motor Gasoline", "v": 0.0081557350384062338}, {"l": "Gas-Diesel oil", "v": 0.044859611084085455}, {"l": "Liquefied petroleum gas (LPG)", "v": 0.0019351204781370198}]}, {"source": 29, "prod": 0, "target": 3, "value": 0.030342438781042865, "supply": [{"l": "Motor Gasoline", "v": 0.0045034174671487884}, {"l": "Gas-Diesel oil", "v": 0.02477049035730447}, {"l": "Liquefied petroleum gas (LPG)", "v": 0.0010685309565896047}]}, {"source": 29, "prod": 0, "target": 4, "value": 0.25297276464427643, "supply": [{"l": "Motor Gasoline", "v": 0.037546156893747157}, {"l": "Gas-Diesel oil", "v": 0.20651798863302614}, {"l": "Liquefied petroleum gas (LPG)", "v": 0.0089086191175030884}]}, {"source": 29, "prod": 0, "target": 5, "value": 0.01130953272954024, "supply": [{"l": "Motor Gasoline", "v": 0.0016785581280079267}, {"l": "Gas-Diesel oil", "v": 0.0092327012157546601}, {"l": "Liquefied petroleum gas (LPG)", "v": 0.00039827338577765205}]}, {"source": 29, "prod": 0, "target": 12, "value": 0.0027638827607022591, "supply": [{"l": "Motor Gasoline", "v": 0.00041021481468636812}, {"l": "Gas-Diesel oil", "v": 0.0022563358129099706}, {"l": "Liquefied petroleum gas (LPG)", "v": 9.7332133105920297e-05}]}, {"source": 29, "prod": 0, "target": 7, "value": 0.21242720726064107, "supply": [{"l": "Motor Gasoline", "v": 0.031528395017242153}, {"l": "Gas-Diesel oil", "v": 0.1734180342934839}, {"l": "Liquefied petroleum gas (LPG)", "v": 0.0074807779499149922}]}, {"source": 29, "prod": 0, "target": 17, "value": 0.00098587095358382759, "supply": [{"l": "Motor Gasoline", "v": 0.00014632272984918738}, {"l": "Gas-Diesel oil", "v": 0.00080483006410651597}, {"l": "Liquefied petroleum gas (LPG)", "v": 3.4718159628124218e-05}]}, {"source": 29, "prod": 0, "target": 18, "value": 0.011292312276202532, "supply": [{"l": "Motor Gasoline", "v": 0.0016760022724647097}, {"l": "Gas-Diesel oil", "v": 0.0092186430486960319}, {"l": "Liquefied petroleum gas (LPG)", "v": 0.00039766695504178965}]}, {"source": 29, "prod": 0, "target": 20, "value": 0.090480566949656352, "supply": [{"l": "Motor Gasoline", "v": 0.013429103987949218}, {"l": "Gas-Diesel oil", "v": 0.073865124267801952}, {"l": "Liquefied petroleum gas (LPG)", "v": 0.0031863386939051819}]}, {"source": 31, "prod": 56.276281303152999, "target": 2, "value": 0.69023881746493521, "supply": [{"l": "Potash", "v": 0.28412247522729794}, {"l": "Phosphate", "v": 0.48055800038444629}, {"l": "Nitrogen", "v": 6.018451541851797}]}, {"source": 31, "prod": 2.0292986902896439, "target": 10, "value": 0.024889717227818825, "supply": [{"l": "Potash", "v": 0.28412247522729794}, {"l": "Phosphate", "v": 0.48055800038444629}, {"l": "Nitrogen", "v": 6.018451541851797}]}, {"source": 31, "prod": 40.726365539083361, "target": 11, "value": 0.49951627467905585, "supply": [{"l": "Potash", "v": 0.28412247522729794}, {"l": "Phosphate", "v": 0.48055800038444629}, {"l": "Nitrogen", "v": 6.018451541851797}]}, {"source": 31, "prod": 22.488203096165741, "target": 3, "value": 0.27582189783280986, "supply": [{"l": "Potash", "v": 0.28412247522729794}, {"l": "Phosphate", "v": 0.48055800038444629}, {"l": "Nitrogen", "v": 6.018451541851797}]}, {"source": 31, "prod": 187.48996908822292, "target": 4, "value": 2.2995985440626763, "supply": [{"l": "Potash", "v": 0.28412247522729794}, {"l": "Phosphate", "v": 0.48055800038444629}, {"l": "Nitrogen", "v": 6.018451541851797}]}, {"source": 31, "prod": 8.3820246216837972, "target": 5, "value": 0.10280705527905669, "supply": [{"l": "Potash", "v": 0.28412247522729794}, {"l": "Phosphate", "v": 0.48055800038444629}, {"l": "Nitrogen", "v": 6.018451541851797}]}, {"source": 31, "prod": 2.0484430175565276, "target": 12, "value": 0.025124525880911457, "supply": [{"l": "Potash", "v": 0.28412247522729794}, {"l": "Phosphate", "v": 0.48055800038444629}, {"l": "Nitrogen", "v": 6.018451541851797}]}, {"source": 31, "prod": 157.43975672163822, "target": 7, "value": 1.9310272282582774, "supply": [{"l": "Potash", "v": 0.28412247522729794}, {"l": "Phosphate", "v": 0.48055800038444629}, {"l": "Nitrogen", "v": 6.018451541851797}]}, {"source": 31, "prod": 0.73067515735271782, "target": 17, "value": 0.0089618635930353956, "supply": [{"l": "Potash", "v": 0.28412247522729794}, {"l": "Phosphate", "v": 0.48055800038444629}, {"l": "Nitrogen", "v": 6.018451541851797}]}, {"source": 31, "prod": 8.3692617368392082, "target": 18, "value": 0.10265051617699494, "supply": [{"l": "Potash", "v": 0.28412247522729794}, {"l": "Phosphate", "v": 0.48055800038444629}, {"l": "Nitrogen", "v": 6.018451541851797}]}, {"source": 31, "prod": 67.059387694681533, "target": 20, "value": 0.82249557700796905, "supply": [{"l": "Potash", "v": 0.28412247522729794}, {"l": "Phosphate", "v": 0.48055800038444629}, {"l": "Nitrogen", "v": 6.018451541851797}]}, {"source": 29, "prod": 0, "target": 31, "value": 8.2665408931803697, "supply": [{"l": "Natural gas (including LNG)", "v": 5.545578401173084}, {"l": "Fuel oil", "v": 1.6570736724184163}, {"l": "Liquefied petroleum gas (LPG)", "v": 0.53194440979443491}, {"l": "Coal", "v": 0.53194440979443491}]}, {"source": 32, "prod": 0, "target": 4, "value": 6.1630794343577238, "supply": "[{\"l\":'Labor',\"v\":6.1630794343577238}]"}, {"source": 32, "prod": 0, "target": 2, "value": 1.8498866559543241, "supply": "[{\"l\":'Labor',\"v\":1.8498866559543241}]"}, {"source": 32, "prod": 0, "target": 10, "value": 0.06670612345350678, "supply": "[{\"l\":'Labor',\"v\":0.06670612345350678}]"}, {"source": 32, "prod": 0, "target": 11, "value": 1.3387373581140889, "supply": "[{\"l\":'Labor',\"v\":1.3387373581140889}]"}, {"source": 32, "prod": 0, "target": 3, "value": 0.7392213177677921, "supply": "[{\"l\":'Labor',\"v\":0.7392213177677921}]"}, {"source": 32, "prod": 0, "target": 5, "value": 0.27552985269239355, "supply": "[{\"l\":'Labor',\"v\":0.27552985269239355}]"}, {"source": 32, "prod": 0, "target": 12, "value": 0.067335426504954957, "supply": "[{\"l\":'Labor',\"v\":0.067335426504954957}]"}, {"source": 32, "prod": 0, "target": 7, "value": 5.1752834112679009, "supply": "[{\"l\":'Labor',\"v\":5.1752834112679009}]"}, {"source": 32, "prod": 0, "target": 17, "value": 0.024018399796938764, "supply": "[{\"l\":'Labor',\"v\":0.024018399796938764}]"}, {"source": 32, "prod": 0, "target": 18, "value": 0.27511031732476149, "supply": "[{\"l\":'Labor',\"v\":0.27511031732476149}]"}, {"source": 32, "prod": 0, "target": 20, "value": 2.2043437053810568, "supply": "[{\"l\":'Labor',\"v\":2.2043437053810568}]"}, {"source": 29, "prod": 0, "target": 24, "value": 15.44726539647454, "supply": "[{\"l\":'Fossil Fuels',\"v\":15.44726539647454}]"}, {"source": 30, "prod": 0, "target": 24, "value": 4.0520236421587237, "supply": "[{\"l\":'Renewables & Nuclear',\"v\":1.6128741233905453},{\"l\":'Biomass & Waste',\"v\":2.4391495187681782}]"}]}