{"nodes": [{"layer": 5, "name": "Cereals, Other"}, {"layer": 10, "name": "Feed", "fill": "#dbdb8d"}, {"layer": 5, "name": "Maize"}, {"layer": 5, "name": "Soyabeans"}, {"layer": 5, "name": "Potatoes"}, {"layer": 5, "name": "Yams"}, {"layer": 5, "name": "Millet"}, {"layer": 13, "name": "Milk - Excluding Butter"}, {"layer": 5, "name": "Barley"}, {"layer": 5, "name": "Sugar cane"}, {"layer": 5, "name": "Sorghum"}, {"layer": 5, "name": "Pulses, Other"}, {"layer": 5, "name": "Cassava"}, {"layer": 16, "name": "Food", "fill": "#b5cf6b"}, {"layer": 5, "name": "Vegetables, Other"}, {"layer": 5, "name": "Plantains"}, {"layer": 5, "name": "Nuts"}, {"layer": 5, "name": "Dates"}, {"layer": 13, "name": "Sugar", "fill": "#d6616b"}, {"layer": 13, "name": "Oilcrops Oil, Other"}, {"layer": 5, "name": "Citrus, Other"}, {"layer": 13, "name": "Beer"}, {"layer": 5, "name": "Infant food"}, {"layer": 13, "name": "Beverages, Alcoholic"}, {"layer": 13, "name": "Honey"}, {"layer": 5, "name": "Rice"}, {"layer": 13, "name": "Butter, Ghee"}, {"layer": 5, "name": "Tomatoes"}, {"layer": 5, "name": "Coffee"}, {"layer": 13, "name": "Sugar non-centrifugal"}, {"layer": 5, "name": "Wheat"}, {"layer": 13, "name": "Fats, Animals, Raw"}, {"layer": 13, "name": "Soyabean Oil"}, {"layer": 5, "name": "Coconuts - Incl Copra"}, {"layer": 5, "name": "Treenuts"}, {"layer": 13, "name": "Crustaceans"}, {"layer": 13, "name": "Eggs"}, {"layer": 5, "name": "Roots, Other"}, {"layer": 5, "name": "Peas"}, {"layer": 5, "name": "Sesame seed"}, {"layer": 5, "name": "Sweet potatoes"}, {"layer": 13, "name": "Marine Fish, Other"}, {"layer": 5, "name": "Grapes"}, {"layer": 5, "name": "Groundnuts"}, {"layer": 13, "name": "Palm Oil"}, {"layer": 5, "name": "Oilcrops, Other"}, {"layer": 13, "name": "Wine"}, {"layer": 13, "name": "Coconut Oil"}, {"layer": 5, "name": "Oats"}, {"layer": 13, "name": "Olive Oil"}, {"layer": 13, "name": "Pigmeat"}, {"layer": 5, "name": "Cocoa Beans"}, {"layer": 13, "name": "Freshwater Fish"}, {"layer": 5, "name": "Pimento"}, {"layer": 5, "name": "Grapefruit"}, {"layer": 5, "name": "Pineapples"}, {"layer": 5, "name": "Beans"}, {"layer": 5, "name": "Apples"}, {"layer": 13, "name": "Fish, Seafood"}, {"layer": 13, "name": "Meat, Other"}, {"layer": 5, "name": "Lemons, Limes"}, {"layer": 13, "name": "Mutton & Goat Meat"}, {"layer": 13, "name": "Sweeteners, Other"}, {"layer": 13, "name": "Pelagic Fish"}, {"layer": 5, "name": "Bananas"}, {"layer": 13, "name": "Beverages, Fermented"}, {"layer": 5, "name": "Spices, Other"}, {"layer": 5, "name": "Tea"}, {"layer": 5, "name": "Fruits, Other"}, {"layer": 13, "name": "Molluscs, Other"}, {"layer": 13, "name": "Poultry Meat"}, {"layer": 13, "name": "Offals, Edible"}, {"layer": 13, "name": "Groundnut Oil"}, {"layer": 13, "name": "Demersal Fish"}, {"layer": 5, "name": "Oranges, Mandarines"}, {"layer": 13, "name": "Bovine Meat"}, {"layer": 13, "name": "Cottonseed Oil"}, {"layer": 13, "name": "Palmkernel Oil"}, {"layer": 5, "name": "Onions"}, {"layer": 10, "name": "Processing", "fill": "#9edae5"}, {"layer": 5, "name": "Cottonseed"}, {"layer": 5, "name": "Palm kernels"}, {"layer": 16, "name": "Biofuels & Other", "fill": "#e7ba52"}, {"name": "Seed", "fill": "#dbdb8d"}, {"name": "Waste", "fill": "#c7c7c7"}, {"layer": 0, "name": "Import", "fill": "#aec7e8"}, {"layer": 16, "name": "Export", "fill": "#aec7e8"}, {"layer": 16, "name": "Stock Deposit", "fill": "#c7c7c7"}, {"layer": 0, "name": "Stock Draw", "fill": "#c7c7c7"}, {"layer": 0, "name": "Production", "fill": "#b5cf6b"}, {"layer": 5, "name": "Oil Palm"}], "links": [{"source": 0, "prod": 0.038688759419696205, "target": 1, "value": 12.0, "supply": [{"l": "Cereals, Other", "v": 12.0}]}, {"source": 2, "prod": 2.0695965102608458, "target": 1, "value": 567.0, "supply": [{"l": "Maize", "v": 567.0}]}, {"source": 3, "prod": 0.026810631527684217, "target": 1, "value": 6.0, "supply": [{"l": "Soyabeans", "v": 6.0}]}, {"source": 4, "prod": 0.00086632993031632646, "target": 1, "value": 1.0, "supply": [{"l": "Potatoes", "v": 1.0}]}, {"source": 5, "prod": 2.4025161588678174, "target": 1, "value": 2071.0, "supply": [{"l": "Yams", "v": 2071.0}]}, {"source": 6, "prod": 2.0808690331921658, "target": 1, "value": 633.0, "supply": [{"l": "Millet", "v": 633.0}]}, {"source": 7, "prod": 0.031386444795194084, "target": 1, "value": 40.0, "supply": [{"l": "Milk - Excluding Butter", "v": 40.0}]}, {"source": 8, "prod": 0.0060000235456537099, "target": 1, "value": 2.0, "supply": [{"l": "Barley", "v": 2.0}]}, {"source": 9, "prod": 0.0035747508703578949, "target": 1, "value": 12.0, "supply": [{"l": "Sugar cane", "v": 12.0}]}, {"source": 10, "prod": 2.2943491145286883, "target": 1, "value": 680.0, "supply": [{"l": "Sorghum", "v": 680.0}]}, {"source": 11, "prod": 1.1504988131023379, "target": 1, "value": 299.0, "supply": [{"l": "Pulses, Other", "v": 299.0}]}, {"source": 12, "prod": 3.3171322823236631, "target": 1, "value": 3142.0, "supply": [{"l": "Cassava", "v": 3142.0}]}, {"source": 2, "prod": 5.5627250117064015, "target": 13, "value": 1524.0, "supply": [{"l": "Maize", "v": 1524.0}]}, {"source": 14, "prod": 1.3144860327021857, "target": 13, "value": 3400.0, "supply": [{"l": "Vegetables, Other", "v": 3400.0}]}, {"source": 15, "prod": 2.5412012113836324, "target": 13, "value": 2474.0, "supply": [{"l": "Plantains", "v": 2474.0}]}, {"source": 16, "prod": 1.1388044689650743, "target": 13, "value": 292.0, "supply": [{"l": "Nuts", "v": 292.0}]}, {"source": 17, "prod": 0.045103301997093753, "target": 13, "value": 17.0, "supply": [{"l": "Dates", "v": 17.0}]}, {"source": 5, "prod": 7.0973413133526355, "target": 13, "value": 6118.0, "supply": [{"l": "Yams", "v": 6118.0}]}, {"source": 18, "prod": 1.7517149033821899, "target": 13, "value": 424.0, "supply": [{"l": "Sugar", "v": 424.0}]}, {"source": 19, "prod": 0.39035696664492392, "target": 13, "value": 47.0, "supply": [{"l": "Oilcrops Oil, Other", "v": 47.0}]}, {"source": 20, "prod": 0.30667905919985472, "target": 13, "value": 1030.0, "supply": [{"l": "Citrus, Other", "v": 1030.0}]}, {"source": 21, "prod": 0.087581396323768421, "target": 13, "value": 196.0, "supply": [{"l": "Beer", "v": 196.0}]}, {"source": 22, "prod": 0.0046488888800000003, "target": 13, "value": 4.0, "supply": [{"l": "Infant food", "v": 4.0}]}, {"source": 23, "prod": 0.047756437408687499, "target": 13, "value": 9.0, "supply": [{"l": "Beverages, Alcoholic", "v": 9.0}]}, {"source": 8, "prod": 0.01200004709130742, "target": 13, "value": 4.0, "supply": [{"l": "Barley", "v": 4.0}]}, {"source": 24, "prod": 0.0044240441250906334, "target": 13, "value": 1.0, "supply": [{"l": "Honey", "v": 1.0}]}, {"source": 25, "prod": 6.1778786461191286, "target": 13, "value": 1477.0, "supply": [{"l": "Rice", "v": 1477.0}]}, {"source": 26, "prod": 0.084900333171, "target": 13, "value": 12.0, "supply": [{"l": "Butter, Ghee", "v": 12.0}]}, {"source": 27, "prod": 0.087581396323768421, "target": 13, "value": 294.0, "supply": [{"l": "Tomatoes", "v": 294.0}]}, {"source": 0, "prod": 0.52552231545087347, "target": 13, "value": 163.0, "supply": [{"l": "Cereals, Other", "v": 163.0}]}, {"source": 28, "prod": 0.005613245168330578, "target": 13, "value": 8.0, "supply": [{"l": "Coffee", "v": 8.0}]}, {"source": 29, "prod": 0.089617018347166677, "target": 13, "value": 19.0, "supply": [{"l": "Sugar non-centrifugal", "v": 19.0}]}, {"source": 30, "prod": 1.6658424987379099, "target": 13, "value": 537.0, "supply": [{"l": "Wheat", "v": 537.0}]}, {"source": 31, "prod": 0.22286337457387501, "target": 13, "value": 21.0, "supply": [{"l": "Fats, Animals, Raw", "v": 21.0}]}, {"source": 32, "prod": 0.050940199902600007, "target": 13, "value": 6.0, "supply": [{"l": "Soyabean Oil", "v": 6.0}]}, {"source": 33, "prod": 0.26413436986533328, "target": 13, "value": 168.0, "supply": [{"l": "Coconuts - Incl Copra", "v": 168.0}]}, {"source": 34, "prod": 1.1389289375386276, "target": 13, "value": 291.0, "supply": [{"l": "Treenuts", "v": 291.0}]}, {"source": 35, "prod": 0.0055823195943359837, "target": 13, "value": 7.0, "supply": [{"l": "Crustaceans", "v": 7.0}]}, {"source": 36, "prod": 0.17510693716518752, "target": 13, "value": 132.0, "supply": [{"l": "Eggs", "v": 132.0}]}, {"source": 37, "prod": 1.402646511011636, "target": 13, "value": 1395.0, "supply": [{"l": "Roots, Other", "v": 1395.0}]}, {"source": 38, "prod": 0.0039239649784915962, "target": 13, "value": 1.0, "supply": [{"l": "Peas", "v": 1.0}]}, {"source": 39, "prod": 0.26140365739492105, "target": 13, "value": 39.0, "supply": [{"l": "Sesame seed", "v": 39.0}]}, {"source": 40, "prod": 0.43865172138350006, "target": 13, "value": 403.0, "supply": [{"l": "Sweet potatoes", "v": 403.0}]}, {"source": 41, "prod": 0.087609918272202131, "target": 13, "value": 97.0, "supply": [{"l": "Marine Fish, Other", "v": 97.0}]}, {"source": 42, "prod": 0.00046712700506740029, "target": 13, "value": 1.0, "supply": [{"l": "Grapes", "v": 1.0}]}, {"source": 43, "prod": 1.7978345276979892, "target": 13, "value": 282.0, "supply": [{"l": "Groundnuts", "v": 282.0}]}, {"source": 44, "prod": 7.6222811618147377, "target": 13, "value": 743.0, "supply": [{"l": "Palm Oil", "v": 743.0}]}, {"source": 45, "prod": 0.26488903949352005, "target": 13, "value": 52.0, "supply": [{"l": "Oilcrops, Other", "v": 52.0}]}, {"source": 46, "prod": 0.043414943098806828, "target": 13, "value": 45.0, "supply": [{"l": "Wine", "v": 45.0}]}, {"source": 47, "prod": 0.13796304140287499, "target": 13, "value": 13.0, "supply": [{"l": "Coconut Oil", "v": 13.0}]}, {"source": 48, "prod": 0.0066613556641281768, "target": 13, "value": 2.0, "supply": [{"l": "Oats", "v": 2.0}]}, {"source": 49, "prod": 0.010612541646375, "target": 13, "value": 1.0, "supply": [{"l": "Olive Oil", "v": 1.0}]}, {"source": 50, "prod": 0.21888367145648438, "target": 13, "value": 66.0, "supply": [{"l": "Pigmeat", "v": 66.0}]}, {"source": 51, "prod": 0.0022946035992162162, "target": 13, "value": 1.0, "supply": [{"l": "Cocoa Beans", "v": 1.0}]}, {"source": 3, "prod": 0.1742691049299474, "target": 13, "value": 39.0, "supply": [{"l": "Soyabeans", "v": 39.0}]}, {"source": 4, "prod": 0.04331649651581633, "target": 13, "value": 50.0, "supply": [{"l": "Potatoes", "v": 50.0}]}, {"source": 52, "prod": 0.21977153173201772, "target": 13, "value": 263.0, "supply": [{"l": "Freshwater Fish", "v": 263.0}]}, {"source": 53, "prod": 0.21898895460773812, "target": 13, "value": 65.0, "supply": [{"l": "Pimento", "v": 65.0}]}, {"source": 54, "prod": 0.0023356350253370016, "target": 13, "value": 5.0, "supply": [{"l": "Grapefruit", "v": 5.0}]}, {"source": 9, "prod": 0.019363233881105266, "target": 13, "value": 65.0, "supply": [{"l": "Sugar cane", "v": 65.0}]}, {"source": 7, "prod": 1.3143073757987522, "target": 13, "value": 1675.0, "supply": [{"l": "Milk - Excluding Butter", "v": 1675.0}]}, {"source": 55, "prod": 0.17525610943732531, "target": 13, "value": 514.0, "supply": [{"l": "Pineapples", "v": 514.0}]}, {"source": 56, "prod": 0.13189873189066073, "target": 13, "value": 29.0, "supply": [{"l": "Beans", "v": 29.0}]}, {"source": 57, "prod": 0.0023356350253370016, "target": 13, "value": 5.0, "supply": [{"l": "Apples", "v": 5.0}]}, {"source": 58, "prod": 0.56939659862227032, "target": 13, "value": 714.0, "supply": [{"l": "Fish, Seafood", "v": 714.0}]}, {"source": 59, "prod": 0.34973868589844775, "target": 13, "value": 276.0, "supply": [{"l": "Meat, Other", "v": 276.0}]}, {"source": 60, "prod": 0.0074740320810784047, "target": 13, "value": 16.0, "supply": [{"l": "Lemons, Limes", "v": 16.0}]}, {"source": 10, "prod": 11.303043431869272, "target": 13, "value": 3350.0, "supply": [{"l": "Sorghum", "v": 3350.0}]}, {"source": 61, "prod": 0.30615574688936364, "target": 13, "value": 170.0, "supply": [{"l": "Mutton & Goat Meat", "v": 170.0}]}, {"source": 62, "prod": 0.022923089956170001, "target": 13, "value": 6.0, "supply": [{"l": "Sweeteners, Other", "v": 6.0}]}, {"source": 63, "prod": 0.17602372741212566, "target": 13, "value": 198.0, "supply": [{"l": "Pelagic Fish", "v": 198.0}]}, {"source": 64, "prod": 0.13109610269051472, "target": 13, "value": 175.0, "supply": [{"l": "Bananas", "v": 175.0}]}, {"source": 65, "prod": 1.4894844747654796, "target": 13, "value": 3419.0, "supply": [{"l": "Beverages, Fermented", "v": 3419.0}]}, {"source": 66, "prod": 0.042450166585500007, "target": 13, "value": 7.0, "supply": [{"l": "Spices, Other", "v": 7.0}]}, {"source": 67, "prod": 0.0034866666600000002, "target": 13, "value": 3.0, "supply": [{"l": "Tea", "v": 3.0}]}, {"source": 68, "prod": 0.70115763460616787, "target": 13, "value": 1501.0, "supply": [{"l": "Fruits, Other", "v": 1501.0}]}, {"source": 69, "prod": 0.00079747422776228348, "target": 13, "value": 1.0, "supply": [{"l": "Molluscs, Other", "v": 1.0}]}, {"source": 6, "prod": 13.145964081730602, "target": 13, "value": 3999.0, "supply": [{"l": "Millet", "v": 3999.0}]}, {"source": 70, "prod": 0.1321112661025374, "target": 13, "value": 111.0, "supply": [{"l": "Poultry Meat", "v": 111.0}]}, {"source": 71, "prod": 0.1321112661025374, "target": 13, "value": 111.0, "supply": [{"l": "Offals, Edible", "v": 111.0}]}, {"source": 72, "prod": 1.8868860563172809, "target": 13, "value": 184.0, "supply": [{"l": "Groundnut Oil", "v": 184.0}]}, {"source": 73, "prod": 0.087807878827541097, "target": 13, "value": 151.0, "supply": [{"l": "Demersal Fish", "v": 151.0}]}, {"source": 74, "prod": 0.04379069816188421, "target": 13, "value": 98.0, "supply": [{"l": "Oranges, Mandarines", "v": 98.0}]}, {"source": 75, "prod": 0.96348432394962913, "target": 13, "value": 456.0, "supply": [{"l": "Bovine Meat", "v": 456.0}]}, {"source": 76, "prod": 0.0424501665855, "target": 13, "value": 3.0, "supply": [{"l": "Cottonseed Oil", "v": 3.0}]}, {"source": 77, "prod": 0.22286337457387501, "target": 13, "value": 21.0, "supply": [{"l": "Palmkernel Oil", "v": 21.0}]}, {"source": 12, "prod": 8.8069756521782292, "target": 13, "value": 8342.0, "supply": [{"l": "Cassava", "v": 8342.0}]}, {"source": 78, "prod": 0.17529173266649256, "target": 13, "value": 415.0, "supply": [{"l": "Onions", "v": 415.0}]}, {"source": 11, "prod": 2.7165624148837808, "target": 13, "value": 706.0, "supply": [{"l": "Pulses, Other", "v": 706.0}]}, {"source": 33, "prod": 0.24526762916066666, "target": 79, "value": 156.0, "supply": [{"l": "Coconuts - Incl Copra", "v": 156.0}]}, {"source": 80, "prod": 0.091692359824680006, "target": 79, "value": 18.0, "supply": [{"l": "Cottonseed", "v": 18.0}]}, {"source": 6, "prod": 0.13149251394579248, "target": 79, "value": 40.0, "supply": [{"l": "Millet", "v": 40.0}]}, {"source": 20, "prod": 0.0026797199347560123, "target": 79, "value": 9.0, "supply": [{"l": "Citrus, Other", "v": 9.0}]}, {"source": 8, "prod": 0.11700045914024736, "target": 79, "value": 39.0, "supply": [{"l": "Barley", "v": 39.0}]}, {"source": 43, "prod": 6.534682237200137, "target": 79, "value": 1025.0, "supply": [{"l": "Groundnuts", "v": 1025.0}]}, {"source": 45, "prod": 0.98314585812018007, "target": 79, "value": 193.0, "supply": [{"l": "Oilcrops, Other", "v": 193.0}]}, {"source": 25, "prod": 0.0041827208166006291, "target": 79, "value": 1.0, "supply": [{"l": "Rice", "v": 1.0}]}, {"source": 10, "prod": 0.94810603115082559, "target": 79, "value": 281.0, "supply": [{"l": "Sorghum", "v": 281.0}]}, {"source": 81, "prod": 0.91182957825653999, "target": 79, "value": 179.0, "supply": [{"l": "Palm kernels", "v": 179.0}]}, {"source": 9, "prod": 0.20971871772766321, "target": 79, "value": 704.0, "supply": [{"l": "Sugar cane", "v": 704.0}]}, {"source": 2, "prod": 0.018250410143393705, "target": 82, "value": 5.0, "supply": [{"l": "Maize", "v": 5.0}]}, {"source": 28, "prod": 0.018944702443115701, "target": 82, "value": 27.0, "supply": [{"l": "Coffee", "v": 27.0}]}, {"source": 63, "prod": 0.0097790959673403136, "target": 82, "value": 11.0, "supply": [{"l": "Pelagic Fish", "v": 11.0}]}, {"source": 31, "prod": 0.43511420750137503, "target": 82, "value": 41.0, "supply": [{"l": "Fats, Animals, Raw", "v": 41.0}]}, {"source": 80, "prod": 0.091692359824680006, "target": 82, "value": 18.0, "supply": [{"l": "Cottonseed", "v": 18.0}]}, {"source": 47, "prod": 0.0424501665855, "target": 82, "value": 4.0, "supply": [{"l": "Coconut Oil", "v": 4.0}]}, {"source": 37, "prod": 0.86773042222440266, "target": 82, "value": 863.0, "supply": [{"l": "Roots, Other", "v": 863.0}]}, {"source": 5, "prod": 3.9732582540426247, "target": 82, "value": 3425.0, "supply": [{"l": "Yams", "v": 3425.0}]}, {"source": 72, "prod": 0.51274077617317426, "target": 82, "value": 50.0, "supply": [{"l": "Groundnut Oil", "v": 50.0}]}, {"source": 41, "prod": 0.0018063900674680853, "target": 82, "value": 2.0, "supply": [{"l": "Marine Fish, Other", "v": 2.0}]}, {"source": 11, "prod": 0.20008675010475444, "target": 82, "value": 52.0, "supply": [{"l": "Pulses, Other", "v": 52.0}]}, {"source": 58, "prod": 0.043861082526925582, "target": 82, "value": 55.0, "supply": [{"l": "Fish, Seafood", "v": 55.0}]}, {"source": 77, "prod": 0.063675249878250004, "target": 82, "value": 6.0, "supply": [{"l": "Palmkernel Oil", "v": 6.0}]}, {"source": 44, "prod": 0.37957523955201256, "target": 82, "value": 37.0, "supply": [{"l": "Palm Oil", "v": 37.0}]}, {"source": 23, "prod": 0.0053062708231875, "target": 82, "value": 1.0, "supply": [{"l": "Beverages, Alcoholic", "v": 1.0}]}, {"source": 81, "prod": 0.066222259873380013, "target": 82, "value": 13.0, "supply": [{"l": "Palm kernels", "v": 13.0}]}, {"source": 19, "prod": 0.091360141129663064, "target": 82, "value": 11.0, "supply": [{"l": "Oilcrops Oil, Other", "v": 11.0}]}, {"source": 52, "prod": 0.035096594421082677, "target": 82, "value": 42.0, "supply": [{"l": "Freshwater Fish", "v": 42.0}]}, {"source": 12, "prod": 0.012668869315048998, "target": 82, "value": 12.0, "supply": [{"l": "Cassava", "v": 12.0}]}, {"source": 2, "prod": 0.29930672635165673, "target": 83, "value": 82.0, "supply": [{"l": "Maize", "v": 82.0}]}, {"source": 9, "prod": 0.0047663344938105269, "target": 83, "value": 16.0, "supply": [{"l": "Sugar cane", "v": 16.0}]}, {"source": 30, "prod": 0.0031021275581711544, "target": 83, "value": 1.0, "supply": [{"l": "Wheat", "v": 1.0}]}, {"source": 0, "prod": 0.012896253139898735, "target": 83, "value": 4.0, "supply": [{"l": "Cereals, Other", "v": 4.0}]}, {"source": 3, "prod": 0.022342192939736844, "target": 83, "value": 5.0, "supply": [{"l": "Soyabeans", "v": 5.0}]}, {"source": 4, "prod": 0.0025989897909489794, "target": 83, "value": 3.0, "supply": [{"l": "Potatoes", "v": 3.0}]}, {"source": 36, "prod": 0.01326567705796875, "target": 36, "value": 10.0, "supply": [{"l": "Eggs", "v": 10.0}]}, {"source": 37, "prod": 0.039213773426131755, "target": 83, "value": 39.0, "supply": [{"l": "Roots, Other", "v": 39.0}]}, {"source": 39, "prod": 0.013405315763842107, "target": 83, "value": 2.0, "supply": [{"l": "Sesame seed", "v": 2.0}]}, {"source": 6, "prod": 0.58514168705877656, "target": 83, "value": 178.0, "supply": [{"l": "Millet", "v": 178.0}]}, {"source": 80, "prod": 0.20376079961040003, "target": 83, "value": 40.0, "supply": [{"l": "Cottonseed", "v": 40.0}]}, {"source": 56, "prod": 0.013644696402482144, "target": 83, "value": 3.0, "supply": [{"l": "Beans", "v": 3.0}]}, {"source": 5, "prod": 0.59743883235969386, "target": 83, "value": 515.0, "supply": [{"l": "Yams", "v": 515.0}]}, {"source": 43, "prod": 1.3133117471836371, "target": 83, "value": 206.0, "supply": [{"l": "Groundnuts", "v": 206.0}]}, {"source": 45, "prod": 0.035658139931820002, "target": 83, "value": 7.0, "supply": [{"l": "Oilcrops, Other", "v": 7.0}]}, {"source": 25, "prod": 0.36389671104425475, "target": 83, "value": 87.0, "supply": [{"l": "Rice", "v": 87.0}]}, {"source": 10, "prod": 0.57021323581668859, "target": 83, "value": 169.0, "supply": [{"l": "Sorghum", "v": 169.0}]}, {"source": 11, "prod": 0.77726006771462297, "target": 83, "value": 202.0, "supply": [{"l": "Pulses, Other", "v": 202.0}]}, {"source": 2, "prod": 1.2592782998941656, "target": 84, "value": 345.0, "supply": [{"l": "Maize", "v": 345.0}]}, {"source": 37, "prod": 0.75411102742561087, "target": 84, "value": 750.0, "supply": [{"l": "Roots, Other", "v": 750.0}]}, {"source": 15, "prod": 0.26089939680333168, "target": 84, "value": 254.0, "supply": [{"l": "Plantains", "v": 254.0}]}, {"source": 16, "prod": 0.058500229570123678, "target": 84, "value": 15.0, "supply": [{"l": "Nuts", "v": 15.0}]}, {"source": 5, "prod": 1.6728287306071428, "target": 84, "value": 1442.0, "supply": [{"l": "Yams", "v": 1442.0}]}, {"source": 20, "prod": 0.051212425419781563, "target": 84, "value": 172.0, "supply": [{"l": "Citrus, Other", "v": 172.0}]}, {"source": 25, "prod": 0.75288974698811328, "target": 84, "value": 180.0, "supply": [{"l": "Rice", "v": 180.0}]}, {"source": 27, "prod": 0.011915836234526318, "target": 84, "value": 40.0, "supply": [{"l": "Tomatoes", "v": 40.0}]}, {"source": 0, "prod": 0.067705328984468363, "target": 84, "value": 21.0, "supply": [{"l": "Cereals, Other", "v": 21.0}]}, {"source": 30, "prod": 0.046531913372567318, "target": 84, "value": 15.0, "supply": [{"l": "Wheat", "v": 15.0}]}, {"source": 33, "prod": 0.075466962818666661, "target": 84, "value": 48.0, "supply": [{"l": "Coconuts - Incl Copra", "v": 48.0}]}, {"source": 34, "prod": 0.054793832046531925, "target": 84, "value": 14.0, "supply": [{"l": "Treenuts", "v": 14.0}]}, {"source": 36, "prod": 0.015918812469562501, "target": 84, "value": 12.0, "supply": [{"l": "Eggs", "v": 12.0}]}, {"source": 14, "prod": 0.14420685005821041, "target": 84, "value": 373.0, "supply": [{"l": "Vegetables, Other", "v": 373.0}]}, {"source": 39, "prod": 0.04691860517344737, "target": 84, "value": 7.0, "supply": [{"l": "Sesame seed", "v": 7.0}]}, {"source": 80, "prod": 0.030564119941560004, "target": 84, "value": 6.0, "supply": [{"l": "Cottonseed", "v": 6.0}]}, {"source": 53, "prod": 0.016845304200595237, "target": 84, "value": 5.0, "supply": [{"l": "Pimento", "v": 5.0}]}, {"source": 44, "prod": 0.19491701490508753, "target": 84, "value": 19.0, "supply": [{"l": "Palm Oil", "v": 19.0}]}, {"source": 45, "prod": 0.09678637981494001, "target": 84, "value": 19.0, "supply": [{"l": "Oilcrops, Other", "v": 19.0}]}, {"source": 17, "prod": 0.0053062708231875, "target": 84, "value": 2.0, "supply": [{"l": "Dates", "v": 2.0}]}, {"source": 51, "prod": 0.016062225194513512, "target": 84, "value": 7.0, "supply": [{"l": "Cocoa Beans", "v": 7.0}]}, {"source": 3, "prod": 0.026810631527684217, "target": 84, "value": 6.0, "supply": [{"l": "Soyabeans", "v": 6.0}]}, {"source": 4, "prod": 0.0043316496515816323, "target": 84, "value": 5.0, "supply": [{"l": "Potatoes", "v": 5.0}]}, {"source": 43, "prod": 0.78416186846401648, "target": 84, "value": 123.0, "supply": [{"l": "Groundnuts", "v": 123.0}]}, {"source": 7, "prod": 0.05100297279219039, "target": 84, "value": 65.0, "supply": [{"l": "Milk - Excluding Butter", "v": 65.0}]}, {"source": 56, "prod": 0.040934089207446435, "target": 84, "value": 9.0, "supply": [{"l": "Beans", "v": 9.0}]}, {"source": 11, "prod": 0.48867340890968869, "target": 84, "value": 127.0, "supply": [{"l": "Pulses, Other", "v": 127.0}]}, {"source": 60, "prod": 0.0014013810152022008, "target": 84, "value": 3.0, "supply": [{"l": "Lemons, Limes", "v": 3.0}]}, {"source": 10, "prod": 2.1121508024925864, "target": 84, "value": 626.0, "supply": [{"l": "Sorghum", "v": 626.0}]}, {"source": 9, "prod": 0.0050642303996736851, "target": 84, "value": 17.0, "supply": [{"l": "Sugar cane", "v": 17.0}]}, {"source": 55, "prod": 0.023185633155132529, "target": 84, "value": 68.0, "supply": [{"l": "Pineapples", "v": 68.0}]}, {"source": 64, "prod": 0.029964823472117645, "target": 84, "value": 40.0, "supply": [{"l": "Bananas", "v": 40.0}]}, {"source": 65, "prod": 0.086694182649409299, "target": 84, "value": 199.0, "supply": [{"l": "Beverages, Fermented", "v": 199.0}]}, {"source": 68, "prod": 0.09669529004895186, "target": 84, "value": 207.0, "supply": [{"l": "Fruits, Other", "v": 207.0}]}, {"source": 6, "prod": 2.2550966141703408, "target": 84, "value": 686.0, "supply": [{"l": "Millet", "v": 686.0}]}, {"source": 40, "prod": 0.10013885450938463, "target": 84, "value": 92.0, "supply": [{"l": "Sweet potatoes", "v": 92.0}]}, {"source": 74, "prod": 0.0044684385879473687, "target": 84, "value": 10.0, "supply": [{"l": "Oranges, Mandarines", "v": 10.0}]}, {"source": 81, "prod": 0.040752159922080006, "target": 84, "value": 8.0, "supply": [{"l": "Palm kernels", "v": 8.0}]}, {"source": 78, "prod": 0.0025343383036119404, "target": 84, "value": 6.0, "supply": [{"l": "Onions", "v": 6.0}]}, {"source": 12, "prod": 1.8771041368464267, "target": 84, "value": 1778.0, "supply": [{"l": "Cassava", "v": 1778.0}]}, {"source": 85, "prod": 0.0046488888800000003, "target": 22, "value": 4.0, "supply": [{"l": "Infant food", "v": 4.0}]}, {"source": 85, "prod": 0.011617940328663159, "target": 27, "value": 39.0, "supply": [{"l": "Tomatoes", "v": 39.0}]}, {"source": 85, "prod": 0.0021114782191748332, "target": 12, "value": 2.0, "supply": [{"l": "Cassava", "v": 2.0}]}, {"source": 85, "prod": 0.2191753281861277, "target": 34, "value": 56.0, "supply": [{"l": "Treenuts", "v": 56.0}]}, {"source": 85, "prod": 0.010438565553811476, "target": 14, "value": 27.0, "supply": [{"l": "Vegetables, Other", "v": 27.0}]}, {"source": 85, "prod": 0.0034866666600000002, "target": 67, "value": 3.0, "supply": [{"l": "Tea", "v": 3.0}]}, {"source": 85, "prod": 0.0023356350253370016, "target": 57, "value": 5.0, "supply": [{"l": "Apples", "v": 5.0}]}, {"source": 85, "prod": 1.5727030270418367, "target": 25, "value": 376.0, "supply": [{"l": "Rice", "v": 376.0}]}, {"source": 85, "prod": 1.7030680294359635, "target": 30, "value": 549.0, "supply": [{"l": "Wheat", "v": 549.0}]}, {"source": 85, "prod": 0.1530006004141696, "target": 8, "value": 51.0, "supply": [{"l": "Barley", "v": 51.0}]}, {"source": 85, "prod": 0.0049115895222892562, "target": 28, "value": 7.0, "supply": [{"l": "Coffee", "v": 7.0}]}, {"source": 85, "prod": 0.19723877091868872, "target": 6, "value": 60.0, "supply": [{"l": "Millet", "v": 60.0}]}, {"source": 85, "prod": 0.00265313541159375, "target": 17, "value": 1.0, "supply": [{"l": "Dates", "v": 1.0}]}, {"source": 85, "prod": 0.05803313912954431, "target": 0, "value": 18.0, "supply": [{"l": "Cereals, Other", "v": 18.0}]}, {"source": 85, "prod": 0.59620043974140025, "target": 1, "value": 727.0, "supply": [{"l": "Pigmeat", "v": 4.0}, {"l": "Meat, Other", "v": 1.0}, {"l": "Marine Fish, Other", "v": 28.0}, {"l": "Freshwater Fish", "v": 42.0}, {"l": "Milk - Excluding Butter", "v": 398.0}, {"l": "Fish, Seafood", "v": 156.0}, {"l": "Mutton & Goat Meat", "v": 2.0}, {"l": "Pelagic Fish", "v": 35.0}, {"l": "Poultry Meat", "v": 1.0}, {"l": "Demersal Fish", "v": 51.0}, {"l": "Bovine Meat", "v": 9.0}]}, {"source": 85, "prod": 0.22230087236646995, "target": 16, "value": 57.0, "supply": [{"l": "Nuts", "v": 57.0}]}, {"source": 85, "prod": 0.016062225194513512, "target": 51, "value": 7.0, "supply": [{"l": "Cocoa Beans", "v": 7.0}]}, {"source": 85, "prod": 0.0026810631527684208, "target": 74, "value": 6.0, "supply": [{"l": "Oranges, Mandarines", "v": 6.0}]}, {"source": 85, "prod": 0.17882426922061831, "target": 10, "value": 53.0, "supply": [{"l": "Sorghum", "v": 53.0}]}, {"source": 85, "prod": 0.022524578188224488, "target": 4, "value": 26.0, "supply": [{"l": "Potatoes", "v": 26.0}]}, {"source": 85, "prod": 0.0067582354762985089, "target": 78, "value": 16.0, "supply": [{"l": "Onions", "v": 16.0}]}, {"source": 85, "prod": 0.0037456029340147056, "target": 64, "value": 5.0, "supply": [{"l": "Bananas", "v": 5.0}]}, {"source": 85, "prod": 0.00029774665941733469, "target": 20, "value": 1.0, "supply": [{"l": "Citrus, Other", "v": 1.0}]}, {"source": 85, "prod": 0.00046712700506740029, "target": 42, "value": 1.0, "supply": [{"l": "Grapes", "v": 1.0}]}, {"source": 85, "prod": 2.4334790944679421, "target": 79, "value": 531.0, "supply": [{"l": "Sugar", "v": 383.0}, {"l": "Beer", "v": 14.0}, {"l": "Groundnut Oil", "v": 4.0}, {"l": "Beverages, Alcoholic", "v": 4.0}, {"l": "Fats, Animals, Raw", "v": 43.0}, {"l": "Soyabean Oil", "v": 6.0}, {"l": "Butter, Ghee", "v": 4.0}, {"l": "Palm Oil", "v": 9.0}, {"l": "Wine", "v": 46.0}, {"l": "Olive Oil", "v": 1.0}, {"l": "Oilcrops Oil, Other", "v": 7.0}, {"l": "Sweeteners, Other", "v": 8.0}, {"l": "Beverages, Fermented", "v": 1.0}, {"l": "Palmkernel Oil", "v": 1.0}]}, {"source": 85, "prod": 0.0060643095122142861, "target": 66, "value": 1.0, "supply": [{"l": "Spices, Other", "v": 1.0}]}, {"source": 85, "prod": 0.3978589411259828, "target": 2, "value": 109.0, "supply": [{"l": "Maize", "v": 109.0}]}, {"source": 85, "prod": 0.0037370160405392023, "target": 68, "value": 8.0, "supply": [{"l": "Fruits, Other", "v": 8.0}]}, {"source": 85, "prod": 0.015391288469596493, "target": 11, "value": 4.0, "supply": [{"l": "Pulses, Other", "v": 4.0}]}, {"source": 85, "prod": 0.0033306778320640884, "target": 48, "value": 1.0, "supply": [{"l": "Oats", "v": 1.0}]}, {"source": 85, "prod": 0.0090493323291073284, "target": 37, "value": 9.0, "supply": [{"l": "Roots, Other", "v": 9.0}]}, {"source": 16, "prod": 0.10140039792154772, "target": 86, "value": 26.0, "supply": [{"l": "Nuts", "v": 26.0}]}, {"source": 5, "prod": 0.0034802262079205466, "target": 86, "value": 3.0, "supply": [{"l": "Yams", "v": 3.0}]}, {"source": 18, "prod": 0.0041314030740145996, "target": 86, "value": 1.0, "supply": [{"l": "Sugar", "v": 1.0}]}, {"source": 21, "prod": 0.00044684385879473687, "target": 86, "value": 1.0, "supply": [{"l": "Beer", "v": 1.0}]}, {"source": 72, "prod": 2.4406460945843089, "target": 86, "value": 238.0, "supply": [{"l": "Groundnut Oil", "v": 238.0}]}, {"source": 25, "prod": 0.012548162449801887, "target": 86, "value": 3.0, "supply": [{"l": "Rice", "v": 3.0}]}, {"source": 0, "prod": 0.0032240632849746837, "target": 86, "value": 1.0, "supply": [{"l": "Cereals, Other", "v": 1.0}]}, {"source": 28, "prod": 0.1571708647132562, "target": 86, "value": 224.0, "supply": [{"l": "Coffee", "v": 224.0}]}, {"source": 30, "prod": 0.074451061396107701, "target": 86, "value": 24.0, "supply": [{"l": "Wheat", "v": 24.0}]}, {"source": 33, "prod": 0.045594623369611113, "target": 86, "value": 29.0, "supply": [{"l": "Coconuts - Incl Copra", "v": 29.0}]}, {"source": 34, "prod": 0.10175997380070212, "target": 86, "value": 26.0, "supply": [{"l": "Treenuts", "v": 26.0}]}, {"source": 35, "prod": 0.0023924226832868502, "target": 86, "value": 3.0, "supply": [{"l": "Crustaceans", "v": 3.0}]}, {"source": 14, "prod": 0.0027062947732103826, "target": 86, "value": 7.0, "supply": [{"l": "Vegetables, Other", "v": 7.0}]}, {"source": 39, "prod": 0.12735049975650001, "target": 86, "value": 19.0, "supply": [{"l": "Sesame seed", "v": 19.0}]}, {"source": 3, "prod": 0.031279070115631587, "target": 86, "value": 7.0, "supply": [{"l": "Soyabeans", "v": 7.0}]}, {"source": 41, "prod": 0.0018063900674680853, "target": 86, "value": 2.0, "supply": [{"l": "Marine Fish, Other", "v": 2.0}]}, {"source": 43, "prod": 5.3488764848886978, "target": 86, "value": 839.0, "supply": [{"l": "Groundnuts", "v": 839.0}]}, {"source": 44, "prod": 0.23595217593773751, "target": 86, "value": 23.0, "supply": [{"l": "Palm Oil", "v": 23.0}]}, {"source": 45, "prod": 0.27507707947404003, "target": 86, "value": 54.0, "supply": [{"l": "Oilcrops, Other", "v": 54.0}]}, {"source": 47, "prod": 0.02122508329275, "target": 86, "value": 2.0, "supply": [{"l": "Coconut Oil", "v": 2.0}]}, {"source": 17, "prod": 0.00265313541159375, "target": 86, "value": 1.0, "supply": [{"l": "Dates", "v": 1.0}]}, {"source": 51, "prod": 1.6911228526223514, "target": 86, "value": 737.0, "supply": [{"l": "Cocoa Beans", "v": 737.0}]}, {"source": 80, "prod": 0.50940199902600003, "target": 86, "value": 100.0, "supply": [{"l": "Cottonseed", "v": 100.0}]}, {"source": 4, "prod": 0.0017326598606326529, "target": 86, "value": 2.0, "supply": [{"l": "Potatoes", "v": 2.0}]}, {"source": 52, "prod": 0.015041397609035431, "target": 86, "value": 18.0, "supply": [{"l": "Freshwater Fish", "v": 18.0}]}, {"source": 7, "prod": 0.00078466111987985211, "target": 86, "value": 1.0, "supply": [{"l": "Milk - Excluding Butter", "v": 1.0}]}, {"source": 55, "prod": 0.026595285089710846, "target": 86, "value": 78.0, "supply": [{"l": "Pineapples", "v": 78.0}]}, {"source": 11, "prod": 0.030782576939192986, "target": 86, "value": 8.0, "supply": [{"l": "Pulses, Other", "v": 8.0}]}, {"source": 58, "prod": 0.058215618626646683, "target": 86, "value": 73.0, "supply": [{"l": "Fish, Seafood", "v": 73.0}]}, {"source": 19, "prod": 0.33221869501695656, "target": 86, "value": 40.0, "supply": [{"l": "Oilcrops Oil, Other", "v": 40.0}]}, {"source": 60, "prod": 0.0032698890354718019, "target": 86, "value": 7.0, "supply": [{"l": "Lemons, Limes", "v": 7.0}]}, {"source": 62, "prod": 0.0076410299853900011, "target": 86, "value": 2.0, "supply": [{"l": "Sweeteners, Other", "v": 2.0}]}, {"source": 63, "prod": 0.038227375145057592, "target": 86, "value": 43.0, "supply": [{"l": "Pelagic Fish", "v": 43.0}]}, {"source": 64, "prod": 0.13184522327731765, "target": 86, "value": 176.0, "supply": [{"l": "Bananas", "v": 176.0}]}, {"source": 66, "prod": 0.024257238048857144, "target": 86, "value": 4.0, "supply": [{"l": "Spices, Other", "v": 4.0}]}, {"source": 75, "prod": 0.0084516168767511321, "target": 86, "value": 4.0, "supply": [{"l": "Bovine Meat", "v": 4.0}]}, {"source": 68, "prod": 0.00046712700506740029, "target": 86, "value": 1.0, "supply": [{"l": "Fruits, Other", "v": 1.0}]}, {"source": 6, "prod": 0.13149251394579248, "target": 86, "value": 40.0, "supply": [{"l": "Millet", "v": 40.0}]}, {"source": 73, "prod": 0.0052335821817739723, "target": 86, "value": 9.0, "supply": [{"l": "Demersal Fish", "v": 9.0}]}, {"source": 77, "prod": 0.679202665368, "target": 86, "value": 64.0, "supply": [{"l": "Palmkernel Oil", "v": 64.0}]}, {"source": 81, "prod": 1.5740521769903402, "target": 86, "value": 309.0, "supply": [{"l": "Palm kernels", "v": 309.0}]}, {"source": 78, "prod": 0.0012671691518059702, "target": 86, "value": 3.0, "supply": [{"l": "Onions", "v": 3.0}]}, {"source": 12, "prod": 0.034839390616384754, "target": 86, "value": 33.0, "supply": [{"l": "Cassava", "v": 33.0}]}, {"source": 25, "prod": 0.20495332001343083, "target": 87, "value": 49.0, "supply": [{"l": "Rice", "v": 49.0}]}, {"source": 81, "prod": 0.030564119941560004, "target": 87, "value": 6.0, "supply": [{"l": "Palm kernels", "v": 6.0}]}, {"source": 19, "prod": 0.0083054673754239146, "target": 87, "value": 1.0, "supply": [{"l": "Oilcrops Oil, Other", "v": 1.0}]}, {"source": 88, "prod": 0.014600328114714964, "target": 2, "value": 4.0, "supply": [{"l": "Maize", "v": 4.0}]}, {"source": 80, "prod": 0.19866677962014001, "target": 87, "value": 39.0, "supply": [{"l": "Cottonseed", "v": 39.0}]}, {"source": 10, "prod": 2.3112193286061045, "target": 87, "value": 685.0, "supply": [{"l": "Sorghum", "v": 685.0}]}, {"source": 12, "prod": 0.0063344346575244992, "target": 87, "value": 6.0, "supply": [{"l": "Cassava", "v": 6.0}]}, {"source": 88, "prod": 0.01551063779085577, "target": 30, "value": 5.0, "supply": [{"l": "Wheat", "v": 5.0}]}, {"source": 26, "prod": 0.0070750277642500003, "target": 87, "value": 1.0, "supply": [{"l": "Butter, Ghee", "v": 1.0}]}, {"source": 11, "prod": 0.050021687526188609, "target": 87, "value": 13.0, "supply": [{"l": "Pulses, Other", "v": 13.0}]}, {"source": 44, "prod": 0.071811531807137507, "target": 87, "value": 7.0, "supply": [{"l": "Palm Oil", "v": 7.0}]}, {"source": 51, "prod": 0.25011179231456754, "target": 87, "value": 109.0, "supply": [{"l": "Cocoa Beans", "v": 109.0}]}, {"source": 88, "prod": 0.25902881830900248, "target": 79, "value": 26.0, "supply": [{"l": "Sugar", "v": 2.0}, {"l": "Groundnut Oil", "v": 11.0}, {"l": "Palmkernel Oil", "v": 13.0}]}, {"source": 28, "prod": 0.0042099338762479335, "target": 87, "value": 6.0, "supply": [{"l": "Coffee", "v": 6.0}]}, {"source": 8, "prod": 0.021000082409787985, "target": 87, "value": 7.0, "supply": [{"l": "Barley", "v": 7.0}]}, {"source": 88, "prod": 0.28688848846244502, "target": 43, "value": 45.0, "supply": [{"l": "Groundnuts", "v": 45.0}]}, {"source": 6, "prod": 1.3740967707335312, "target": 87, "value": 418.0, "supply": [{"l": "Millet", "v": 418.0}]}, {"source": 89, "prod": 8.7966976891157653, "target": 2, "value": 2410.0, "supply": [{"l": "Maize", "v": 2410.0}]}, {"source": 89, "prod": 1.4509606119797953, "target": 14, "value": 3753.0, "supply": [{"l": "Vegetables, Other", "v": 3753.0}]}, {"source": 89, "prod": 2.8021006081869637, "target": 15, "value": 2728.0, "supply": [{"l": "Plantains", "v": 2728.0}]}, {"source": 89, "prod": 1.0803042393949505, "target": 16, "value": 277.0, "supply": [{"l": "Nuts", "v": 277.0}]}, {"source": 89, "prod": 0.047756437408687499, "target": 17, "value": 18.0, "supply": [{"l": "Dates", "v": 18.0}]}, {"source": 89, "prod": 15.746863515437832, "target": 5, "value": 13574.0, "supply": [{"l": "Yams", "v": 13574.0}]}, {"source": 89, "prod": 0.35997571123555766, "target": 20, "value": 1209.0, "supply": [{"l": "Citrus, Other", "v": 1209.0}]}, {"source": 89, "prod": 1.9435292485361353, "target": 51, "value": 847.0, "supply": [{"l": "Cocoa Beans", "v": 847.0}]}, {"source": 89, "prod": 5.9394635595728937, "target": 25, "value": 1420.0, "supply": [{"l": "Rice", "v": 1420.0}]}, {"source": 89, "prod": 0.087879292229631589, "target": 27, "value": 295.0, "supply": [{"l": "Tomatoes", "v": 295.0}]}, {"source": 89, "prod": 0.18102715667866115, "target": 28, "value": 258.0, "supply": [{"l": "Coffee", "v": 258.0}]}, {"source": 89, "prod": 0.068246806279765385, "target": 30, "value": 22.0, "supply": [{"l": "Wheat", "v": 22.0}]}, {"source": 89, "prod": 0.63046358521427781, "target": 33, "value": 401.0, "supply": [{"l": "Coconuts - Incl Copra", "v": 401.0}]}, {"source": 89, "prod": 1.0802212603459147, "target": 34, "value": 276.0, "supply": [{"l": "Treenuts", "v": 276.0}]}, {"source": 89, "prod": 3.0536469203887733, "target": 37, "value": 3037.0, "supply": [{"l": "Roots, Other", "v": 3037.0}]}, {"source": 89, "prod": 0.0039239649784915962, "target": 38, "value": 1.0, "supply": [{"l": "Peas", "v": 1.0}]}, {"source": 89, "prod": 0.45578073597063168, "target": 39, "value": 68.0, "supply": [{"l": "Sesame seed", "v": 68.0}]}, {"source": 89, "prod": 0.28151163104068427, "target": 3, "value": 63.0, "supply": [{"l": "Soyabeans", "v": 63.0}]}, {"source": 89, "prod": 15.491978376972032, "target": 43, "value": 2430.0, "supply": [{"l": "Groundnuts", "v": 2430.0}]}, {"source": 89, "prod": 1.6555564968345002, "target": 45, "value": 325.0, "supply": [{"l": "Oilcrops, Other", "v": 325.0}]}, {"source": 89, "prod": 0.24218937146674741, "target": 9, "value": 813.0, "supply": [{"l": "Sugar cane", "v": 813.0}]}, {"source": 89, "prod": 0.59322764443534182, "target": 0, "value": 184.0, "supply": [{"l": "Cereals, Other", "v": 184.0}]}, {"source": 89, "prod": 1.1257784178474601, "target": 80, "value": 221.0, "supply": [{"l": "Cottonseed", "v": 221.0}]}, {"source": 89, "prod": 0.030321547561071426, "target": 4, "value": 35.0, "supply": [{"l": "Potatoes", "v": 35.0}]}, {"source": 89, "prod": 0.23583425880833331, "target": 53, "value": 70.0, "supply": [{"l": "Pimento", "v": 70.0}]}, {"source": 89, "prod": 0.0023356350253370016, "target": 54, "value": 5.0, "supply": [{"l": "Grapefruit", "v": 5.0}]}, {"source": 89, "prod": 0.22469606248871088, "target": 55, "value": 659.0, "supply": [{"l": "Pineapples", "v": 659.0}]}, {"source": 89, "prod": 0.1864775175005893, "target": 56, "value": 41.0, "supply": [{"l": "Beans", "v": 41.0}]}, {"source": 89, "prod": 5.3946466085935718, "target": 11, "value": 1402.0, "supply": [{"l": "Pulses, Other", "v": 1402.0}]}, {"source": 89, "prod": 0.012145302131752406, "target": 60, "value": 26.0, "supply": [{"l": "Lemons, Limes", "v": 26.0}]}, {"source": 89, "prod": 19.360257675243545, "target": 10, "value": 5738.0, "supply": [{"l": "Sorghum", "v": 5738.0}]}, {"source": 89, "prod": 0.28916054650593531, "target": 64, "value": 386.0, "supply": [{"l": "Bananas", "v": 386.0}]}, {"source": 89, "prod": 0.066707404634357148, "target": 66, "value": 11.0, "supply": [{"l": "Spices, Other", "v": 11.0}]}, {"source": 89, "prod": 0.79458303561964794, "target": 68, "value": 1701.0, "supply": [{"l": "Fruits, Other", "v": 1701.0}]}, {"source": 89, "prod": 19.50691444385831, "target": 6, "value": 5934.0, "supply": [{"l": "Millet", "v": 5934.0}]}, {"source": 89, "prod": 0.5387905758928847, "target": 40, "value": 495.0, "supply": [{"l": "Sweet potatoes", "v": 495.0}]}, {"source": 89, "prod": 0.046024917455857892, "target": 74, "value": 103.0, "supply": [{"l": "Oranges, Mandarines", "v": 103.0}]}, {"source": 89, "prod": 2.6234202949838998, "target": 81, "value": 515.0, "supply": [{"l": "Palm kernels", "v": 515.0}]}, {"source": 89, "prod": 0.17233500464561197, "target": 78, "value": 408.0, "supply": [{"l": "Onions", "v": 408.0}]}, {"source": 89, "prod": 14.052943287718101, "target": 12, "value": 13311.0, "supply": [{"l": "Cassava", "v": 13311.0}]}, {"source": 1, "prod": 0.1321112661025374, "target": 70, "value": 111.0, "supply": [{"l": "Poultry Meat", "v": 111.0}]}, {"source": 1, "prod": 0.21888367145648438, "target": 50, "value": 66.0, "supply": [{"l": "Pigmeat", "v": 66.0}]}, {"source": 1, "prod": 0.22403019852452355, "target": 63, "value": 252.0, "supply": [{"l": "Pelagic Fish", "v": 252.0}]}, {"source": 1, "prod": 0.0079747422776228344, "target": 35, "value": 10.0, "supply": [{"l": "Crustaceans", "v": 10.0}]}, {"source": 1, "prod": 0.19102574963475003, "target": 36, "value": 144.0, "supply": [{"l": "Eggs", "v": 154.0}]}, {"source": 1, "prod": 0.00079747422776228348, "target": 69, "value": 1.0, "supply": [{"l": "Molluscs, Other", "v": 1.0}]}, {"source": 1, "prod": 1.3974814545060166, "target": 7, "value": 1781.0, "supply": [{"l": "Milk - Excluding Butter", "v": 1781.0}]}, {"source": 1, "prod": 0.1321112661025374, "target": 71, "value": 111.0, "supply": [{"l": "Offals, Edible", "v": 111.0}]}, {"source": 1, "prod": 0.091222698407138314, "target": 41, "value": 101.0, "supply": [{"l": "Marine Fish, Other", "v": 101.0}]}, {"source": 1, "prod": 0.67147329977584258, "target": 58, "value": 842.0, "supply": [{"l": "Fish, Seafood", "v": 842.0}]}, {"source": 1, "prod": 0.97193594082638024, "target": 75, "value": 460.0, "supply": [{"l": "Bovine Meat", "v": 460.0}]}, {"source": 1, "prod": 0.093041461009315068, "target": 73, "value": 160.0, "supply": [{"l": "Demersal Fish", "v": 160.0}]}, {"source": 1, "prod": 0.34973868589844775, "target": 59, "value": 276.0, "supply": [{"l": "Meat, Other", "v": 276.0}]}, {"source": 1, "prod": 0.26990952376213584, "target": 52, "value": 323.0, "supply": [{"l": "Freshwater Fish", "v": 323.0}]}, {"source": 1, "prod": 0.30615574688936364, "target": 61, "value": 170.0, "supply": [{"l": "Mutton & Goat Meat", "v": 170.0}]}, {"source": 79, "prod": 0.010612541646375, "target": 49, "value": 1.0, "supply": [{"l": "Olive Oil", "v": 1.0}]}, {"source": 79, "prod": 0.65797758207525003, "target": 31, "value": 62.0, "supply": [{"l": "Fats, Animals, Raw", "v": 62.0}]}, {"source": 79, "prod": 0.030564119941560004, "target": 62, "value": 8.0, "supply": [{"l": "Sweeteners, Other", "v": 8.0}]}, {"source": 79, "prod": 1.5761786574148888, "target": 65, "value": 3618.0, "supply": [{"l": "Beverages, Fermented", "v": 3618.0}]}, {"source": 79, "prod": 0.050940199902600007, "target": 32, "value": 6.0, "supply": [{"l": "Soyabean Oil", "v": 6.0}]}, {"source": 79, "prod": 0.20163829128112498, "target": 47, "value": 19.0, "supply": [{"l": "Coconut Oil", "v": 19.0}]}, {"source": 79, "prod": 1.7558463064562044, "target": 18, "value": 425.0, "supply": [{"l": "Sugar", "v": 425.0}]}, {"source": 79, "prod": 0.0044240441250906334, "target": 24, "value": 1.0, "supply": [{"l": "Honey", "v": 1.0}]}, {"source": 79, "prod": 0.0424501665855, "target": 76, "value": 3.0, "supply": [{"l": "Cottonseed Oil", "v": 3.0}]}, {"source": 79, "prod": 0.088028240182563153, "target": 21, "value": 197.0, "supply": [{"l": "Beer", "v": 197.0}]}, {"source": 79, "prod": 4.8402729270747642, "target": 72, "value": 472.0, "supply": [{"l": "Groundnut Oil", "v": 472.0}]}, {"source": 79, "prod": 0.053062708231874998, "target": 23, "value": 10.0, "supply": [{"l": "Beverages, Alcoholic", "v": 10.0}]}, {"source": 79, "prod": 8.5045371240167125, "target": 44, "value": 829.0, "supply": [{"l": "Palm Oil", "v": 829.0}]}, {"source": 79, "prod": 0.96574128982012497, "target": 77, "value": 91.0, "supply": [{"l": "Palmkernel Oil", "v": 91.0}]}, {"source": 79, "prod": 0.82224127016696746, "target": 19, "value": 99.0, "supply": [{"l": "Oilcrops Oil, Other", "v": 99.0}]}, {"source": 79, "prod": 0.089617018347166677, "target": 29, "value": 19.0, "supply": [{"l": "Sugar non-centrifugal", "v": 19.0}]}, {"source": 79, "prod": 0.091975360935249995, "target": 26, "value": 13.0, "supply": [{"l": "Butter, Ghee", "v": 13.0}]}, {"source": 79, "prod": 0.043414943098806828, "target": 46, "value": 45.0, "supply": [{"l": "Wine", "v": 45.0}]}, {"source": 89, "prod": 16.824416023386501, "target": 90, "value": 3963.3333333333335, "supply": [{"l": "Oil Palm", "v": 3963.3333333333335}]}, {"source": 90, "prod": 16.824416023386501, "target": 79, "value": 3963.3333333333335, "supply": [{"l": "Oil Palm", "v": 3963.3333333333335}]}]}