{"nodes": [{"layer": 5, "name": "Maize"}, {"layer": 10, "name": "Feed", "fill": "#dbdb8d"}, {"layer": 13, "name": "Pelagic Fish"}, {"layer": 5, "name": "Cereals, Other"}, {"layer": 5, "name": "Soyabeans"}, {"layer": 5, "name": "Potatoes"}, {"layer": 5, "name": "Yams"}, {"layer": 5, "name": "Millet"}, {"layer": 13, "name": "Milk - Excluding Butter"}, {"layer": 5, "name": "Pulses, Other"}, {"layer": 13, "name": "Fish, Seafood"}, {"layer": 5, "name": "Sugar cane"}, {"layer": 5, "name": "Sorghum"}, {"layer": 5, "name": "Cassava"}, {"layer": 16, "name": "Food", "fill": "#b5cf6b"}, {"layer": 5, "name": "Vegetables, Other"}, {"layer": 5, "name": "Plantains"}, {"layer": 5, "name": "Nuts"}, {"layer": 5, "name": "Dates"}, {"layer": 13, "name": "Sugar", "fill": "#d6616b"}, {"layer": 13, "name": "Oilcrops Oil, Other"}, {"layer": 5, "name": "Citrus, Other"}, {"layer": 13, "name": "Beer"}, {"layer": 5, "name": "Infant food"}, {"layer": 13, "name": "Beverages, Alcoholic"}, {"layer": 5, "name": "Barley"}, {"layer": 13, "name": "Honey"}, {"layer": 5, "name": "Rice"}, {"layer": 13, "name": "Butter, Ghee"}, {"layer": 5, "name": "Tomatoes"}, {"layer": 5, "name": "Coffee"}, {"layer": 13, "name": "Sugar non-centrifugal"}, {"layer": 5, "name": "Wheat"}, {"layer": 13, "name": "Fats, Animals, Raw"}, {"layer": 13, "name": "Soyabean Oil"}, {"layer": 5, "name": "Coconuts - Incl Copra"}, {"layer": 5, "name": "Treenuts"}, {"layer": 13, "name": "Crustaceans"}, {"layer": 13, "name": "Eggs"}, {"layer": 5, "name": "Roots, Other"}, {"layer": 5, "name": "Peas"}, {"layer": 5, "name": "Sesame seed"}, {"layer": 5, "name": "Sweet potatoes"}, {"layer": 13, "name": "Marine Fish, Other"}, {"layer": 5, "name": "Grapes"}, {"layer": 5, "name": "Groundnuts"}, {"layer": 13, "name": "Palm Oil"}, {"layer": 5, "name": "Oilcrops, Other"}, {"layer": 13, "name": "Wine"}, {"layer": 13, "name": "Coconut Oil"}, {"layer": 5, "name": "Oats"}, {"layer": 13, "name": "Pigmeat"}, {"layer": 5, "name": "Cocoa Beans"}, {"layer": 13, "name": "Freshwater Fish"}, {"layer": 5, "name": "Pimento"}, {"layer": 5, "name": "Pepper"}, {"layer": 5, "name": "Grapefruit"}, {"layer": 5, "name": "Pineapples"}, {"layer": 5, "name": "Beans"}, {"layer": 5, "name": "Apples"}, {"layer": 13, "name": "Meat, Other"}, {"layer": 5, "name": "Lemons, Limes"}, {"layer": 13, "name": "Mutton & Goat Meat"}, {"layer": 13, "name": "Sweeteners, Other"}, {"layer": 5, "name": "Bananas"}, {"layer": 13, "name": "Beverages, Fermented"}, {"layer": 5, "name": "Spices, Other"}, {"layer": 5, "name": "Tea"}, {"layer": 5, "name": "Fruits, Other"}, {"layer": 13, "name": "Molluscs, Other"}, {"layer": 13, "name": "Poultry Meat"}, {"layer": 13, "name": "Offals, Edible"}, {"layer": 13, "name": "Groundnut Oil"}, {"layer": 13, "name": "Demersal Fish"}, {"layer": 5, "name": "Oranges, Mandarines"}, {"layer": 13, "name": "Bovine Meat"}, {"layer": 13, "name": "Cottonseed Oil"}, {"layer": 13, "name": "Palmkernel Oil"}, {"layer": 5, "name": "Onions"}, {"layer": 10, "name": "Processing", "fill": "#9edae5"}, {"layer": 5, "name": "Cottonseed"}, {"layer": 5, "name": "Palm kernels"}, {"layer": 16, "name": "Biofuels & Other", "fill": "#e7ba52"}, {"layer": 13, "name": "Cephalopods"}, {"name": "Waste", "fill": "#c7c7c7"}, {"layer": 2, "name": "Import", "fill": "#aec7e8"}, {"layer": 16, "name": "Export", "fill": "#aec7e8"}, {"layer": 16, "name": "Stock Deposit", "fill": "#c7c7c7"}, {"layer": 0, "name": "Stock Draw", "fill": "#c7c7c7"}, {"name": "Crop Residue", "fill": "#bd9e39"}, {"layer": 5, "name": "Oil Palm"}, {"layer": 2, "name": "Electricity", "fill": "#bcbd22"}, {"layer": 0, "name": "Fossil Fuels", "fill": "#c49c94"}, {"layer": 0, "name": "Renewables & Nuclear", "fill": "#2ca02c"}, {"layer": 2, "name": "Fertilizers", "fill": "#c5b0d5"}, {"layer": 0, "name": "Labor", "fill": "#7f7f7f"}], "links": [{"source": 0, "prod": 439.0, "target": 1, "value": 1.6028902606189535, "supply": [{"l": "Maize", "v": 1.6028902606189535}]}, {"source": 2, "prod": 1.0, "target": 1, "value": 0.00091784143968648641, "supply": [{"l": "Pelagic Fish", "v": 0.00091784143968648641}]}, {"source": 3, "prod": 12.0, "target": 1, "value": 0.038885648780610696, "supply": [{"l": "Cereals, Other", "v": 0.038885648780610696}]}, {"source": 4, "prod": 6.0, "target": 1, "value": 0.025470099951300004, "supply": [{"l": "Soyabeans", "v": 0.025470099951300004}]}, {"source": 5, "prod": 1.0, "target": 1, "value": 0.00086632993031632646, "supply": [{"l": "Potatoes", "v": 0.00086632993031632646}]}, {"source": 6, "prod": 1495.0, "target": 1, "value": 1.7436541660960234, "supply": [{"l": "Yams", "v": 1.7436541660960234}]}, {"source": 7, "prod": 576.0, "target": 1, "value": 1.8946988380062086, "supply": [{"l": "Millet", "v": 1.8946988380062086}]}, {"source": 8, "prod": 44.0, "target": 1, "value": 0.034048571115453126, "supply": [{"l": "Milk - Excluding Butter", "v": 0.034048571115453126}]}, {"source": 9, "prod": 146.0, "target": 1, "value": 0.56637167428695823, "supply": [{"l": "Pulses, Other", "v": 0.56637167428695823}]}, {"source": 10, "prod": 1.0, "target": 1, "value": 0.00076018205949528747, "supply": [{"l": "Fish, Seafood", "v": 0.00076018205949528747}]}, {"source": 11, "prod": 4.0, "target": 1, "value": 0.001426896355815126, "supply": [{"l": "Sugar cane", "v": 0.001426896355815126}]}, {"source": 12, "prod": 569.0, "target": 1, "value": 1.919800666487772, "supply": [{"l": "Sorghum", "v": 1.919800666487772}]}, {"source": 13, "prod": 3338.0, "target": 1, "value": 3.5253791048781675, "supply": [{"l": "Cassava", "v": 3.5253791048781675}]}, {"source": 0, "prod": 1277.0, "target": 14, "value": 4.6626215553767736, "supply": [{"l": "Maize", "v": 4.6626215553767736}]}, {"source": 15, "prod": 3634.0, "target": 14, "value": 1.3655840219107154, "supply": [{"l": "Vegetables, Other", "v": 1.3655840219107154}]}, {"source": 16, "prod": 2622.0, "target": 14, "value": 2.7308170616144243, "supply": [{"l": "Plantains", "v": 2.7308170616144243}]}, {"source": 17, "prod": 207.0, "target": 14, "value": 0.79883495301804541, "supply": [{"l": "Nuts", "v": 0.79883495301804541}]}, {"source": 18, "prod": 15.0, "target": 14, "value": 0.048980961444807694, "supply": [{"l": "Dates", "v": 0.048980961444807694}]}, {"source": 6, "prod": 4684.0, "target": 14, "value": 5.4630609458152328, "supply": [{"l": "Yams", "v": 5.4630609458152328}]}, {"source": 19, "prod": 528.0, "target": 14, "value": 2.2131162478692605, "supply": [{"l": "Sugar", "v": 2.2131162478692605}]}, {"source": 20, "prod": 56.0, "target": 14, "value": 0.4754418657576, "supply": [{"l": "Oilcrops Oil, Other", "v": 0.4754418657576}]}, {"source": 21, "prod": 1460.0, "target": 14, "value": 0.42385652654519002, "supply": [{"l": "Citrus, Other", "v": 0.42385652654519002}]}, {"source": 22, "prod": 340.0, "target": 14, "value": 0.1880528552321824, "supply": [{"l": "Beer", "v": 0.1880528552321824}]}, {"source": 23, "prod": 2.0, "target": 14, "value": 0.0023244444400000001, "supply": [{"l": "Infant food", "v": 0.0023244444400000001}]}, {"source": 24, "prod": 12.0, "target": 14, "value": 0.046309272638727278, "supply": [{"l": "Beverages, Alcoholic", "v": 0.046309272638727278}]}, {"source": 25, "prod": 6.0, "target": 14, "value": 0.017857265648512918, "supply": [{"l": "Barley", "v": 0.017857265648512918}]}, {"source": 26, "prod": 3.0, "target": 14, "value": 0.012574524135620799, "supply": [{"l": "Honey", "v": 0.012574524135620799}]}, {"source": 27, "prod": 1714.0, "target": 14, "value": 7.1582245955903856, "supply": [{"l": "Rice", "v": 7.1582245955903856}]}, {"source": 28, "prod": 12.0, "target": 14, "value": 0.092618545277454556, "supply": [{"l": "Butter, Ghee", "v": 0.092618545277454556}]}, {"source": 29, "prod": 400.0, "target": 14, "value": 0.094072391325207769, "supply": [{"l": "Tomatoes", "v": 0.094072391325207769}]}, {"source": 3, "prod": 146.0, "target": 14, "value": 0.47310872683076338, "supply": [{"l": "Cereals, Other", "v": 0.47310872683076338}]}, {"source": 30, "prod": 10.0, "target": 14, "value": 0.0035974717445338982, "supply": [{"l": "Coffee", "v": 0.0035974717445338982}]}, {"source": 31, "prod": 23.0, "target": 14, "value": 0.092986079187285728, "supply": [{"l": "Sugar non-centrifugal", "v": 0.092986079187285728}]}, {"source": 32, "prod": 781.0, "target": 14, "value": 2.4488439849010315, "supply": [{"l": "Wheat", "v": 2.4488439849010315}]}, {"source": 33, "prod": 21.0, "target": 14, "value": 0.18767442069378951, "supply": [{"l": "Fats, Animals, Raw", "v": 0.18767442069378951}]}, {"source": 34, "prod": 10.0, "target": 14, "value": 0.094333703523333354, "supply": [{"l": "Soyabean Oil", "v": 0.094333703523333354}]}, {"source": 35, "prod": 257.0, "target": 14, "value": 0.42505296671974685, "supply": [{"l": "Coconuts - Incl Copra", "v": 0.42505296671974685}]}, {"source": 36, "prod": 207.0, "target": 14, "value": 0.79883495301804541, "supply": [{"l": "Treenuts", "v": 0.79883495301804541}]}, {"source": 37, "prod": 10.0, "target": 14, "value": 0.0076018205949528747, "supply": [{"l": "Crustaceans", "v": 0.0076018205949528747}]}, {"source": 38, "prod": 155.0, "target": 14, "value": 0.23668258348030577, "supply": [{"l": "Eggs", "v": 0.23668258348030577}]}, {"source": 39, "prod": 1281.0, "target": 14, "value": 1.2722910846557094, "supply": [{"l": "Roots, Other", "v": 1.2722910846557094}]}, {"source": 40, "prod": 1.0, "target": 14, "value": 0.0039305709801388897, "supply": [{"l": "Peas", "v": 0.0039305709801388897}]}, {"source": 41, "prod": 31.0, "target": 14, "value": 0.18799359487864289, "supply": [{"l": "Sesame seed", "v": 0.18799359487864289}]}, {"source": 42, "prod": 300.0, "target": 14, "value": 0.33016796233166668, "supply": [{"l": "Sweet potatoes", "v": 0.33016796233166668}]}, {"source": 43, "prod": 176.0, "target": 14, "value": 0.14096659092543395, "supply": [{"l": "Marine Fish, Other", "v": 0.14096659092543395}]}, {"source": 44, "prod": 1.0, "target": 14, "value": 0.00048563447641554512, "supply": [{"l": "Grapes", "v": 0.00048563447641554512}]}, {"source": 45, "prod": 284.0, "target": 14, "value": 1.8366329886757737, "supply": [{"l": "Groundnuts", "v": 1.8366329886757737}]}, {"source": 46, "prod": 610.0, "target": 14, "value": 6.2617854819665721, "supply": [{"l": "Palm Oil", "v": 6.2617854819665721}]}, {"source": 47, "prod": 60.0, "target": 14, "value": 0.28300111057000005, "supply": [{"l": "Oilcrops, Other", "v": 0.28300111057000005}]}, {"source": 48, "prod": 55.0, "target": 14, "value": 0.047648146167397945, "supply": [{"l": "Wine", "v": 0.047648146167397945}]}, {"source": 49, "prod": 18.0, "target": 14, "value": 0.17978894083270591, "supply": [{"l": "Coconut Oil", "v": 0.17978894083270591}]}, {"source": 50, "prod": 1.0, "target": 14, "value": 0.0033316991656940926, "supply": [{"l": "Oats", "v": 0.0033316991656940926}]}, {"source": 51, "prod": 68.0, "target": 14, "value": 0.2327912361140323, "supply": [{"l": "Pigmeat", "v": 0.2327912361140323}]}, {"source": 52, "prod": 2.0, "target": 14, "value": 0.0041414796668780484, "supply": [{"l": "Cocoa Beans", "v": 0.0041414796668780484}]}, {"source": 4, "prod": 44.0, "target": 14, "value": 0.18678073297620001, "supply": [{"l": "Soyabeans", "v": 0.18678073297620001}]}, {"source": 5, "prod": 54.0, "target": 14, "value": 0.046781816237081629, "supply": [{"l": "Potatoes", "v": 0.046781816237081629}]}, {"source": 53, "prod": 312.0, "target": 14, "value": 0.2356664052433452, "supply": [{"l": "Freshwater Fish", "v": 0.2356664052433452}]}, {"source": 54, "prod": 70.0, "target": 14, "value": 0.23583425880833331, "supply": [{"l": "Pimento", "v": 0.23583425880833331}]}, {"source": 55, "prod": 1.0, "target": 14, "value": 0.0047166851761666672, "supply": [{"l": "Pepper", "v": 0.0047166851761666672}]}, {"source": 56, "prod": 5.0, "target": 14, "value": 0.0024281723820777255, "supply": [{"l": "Grapefruit", "v": 0.0024281723820777255}]}, {"source": 11, "prod": 64.0, "target": 14, "value": 0.022830341693042017, "supply": [{"l": "Sugar cane", "v": 0.022830341693042017}]}, {"source": 8, "prod": 1704.0, "target": 14, "value": 1.3186082995620938, "supply": [{"l": "Milk - Excluding Butter", "v": 1.3186082995620938}]}, {"source": 57, "prod": 612.0, "target": 14, "value": 0.1882572605096087, "supply": [{"l": "Pineapples", "v": 0.1882572605096087}]}, {"source": 58, "prod": 27.0, "target": 14, "value": 0.095512874817374999, "supply": [{"l": "Beans", "v": 0.095512874817374999}]}, {"source": 59, "prod": 5.0, "target": 14, "value": 0.0024281723820777255, "supply": [{"l": "Apples", "v": 0.0024281723820777255}]}, {"source": 10, "prod": 1177.0, "target": 14, "value": 0.89473428402595356, "supply": [{"l": "Fish, Seafood", "v": 0.89473428402595356}]}, {"source": 60, "prod": 292.0, "target": 14, "value": 0.37704786746664637, "supply": [{"l": "Meat, Other", "v": 0.37704786746664637}]}, {"source": 61, "prod": 15.0, "target": 14, "value": 0.0072845171462331774, "supply": [{"l": "Lemons, Limes", "v": 0.0072845171462331774}]}, {"source": 12, "prod": 3336.0, "target": 14, "value": 11.255632730058363, "supply": [{"l": "Sorghum", "v": 11.255632730058363}]}, {"source": 62, "prod": 167.0, "target": 14, "value": 0.28356711279114005, "supply": [{"l": "Mutton & Goat Meat", "v": 0.28356711279114005}]}, {"source": 63, "prod": 8.0, "target": 14, "value": 0.048514476097714289, "supply": [{"l": "Sweeteners, Other", "v": 0.048514476097714289}]}, {"source": 2, "prod": 411.0, "target": 14, "value": 0.37723283171114597, "supply": [{"l": "Pelagic Fish", "v": 0.37723283171114597}]}, {"source": 64, "prod": 184.0, "target": 14, "value": 0.14115959009154219, "supply": [{"l": "Bananas", "v": 0.14115959009154219}]}, {"source": 65, "prod": 3905.0, "target": 14, "value": 1.6953535280084062, "supply": [{"l": "Beverages, Fermented", "v": 1.6953535280084062}]}, {"source": 66, "prod": 7.0, "target": 14, "value": 0.042450166585500007, "supply": [{"l": "Spices, Other", "v": 0.042450166585500007}]}, {"source": 67, "prod": 4.0, "target": 14, "value": 0.0046488888800000003, "supply": [{"l": "Tea", "v": 0.0046488888800000003}]}, {"source": 68, "prod": 1649.0, "target": 14, "value": 0.80081125160923394, "supply": [{"l": "Fruits, Other", "v": 0.80081125160923394}]}, {"source": 69, "prod": 2.0, "target": 14, "value": 0.0015203641189905749, "supply": [{"l": "Molluscs, Other", "v": 0.0015203641189905749}]}, {"source": 7, "prod": 3923.0, "target": 14, "value": 12.904346426212424, "supply": [{"l": "Millet", "v": 12.904346426212424}]}, {"source": 70, "prod": 128.0, "target": 14, "value": 0.14174664320723479, "supply": [{"l": "Poultry Meat", "v": 0.14174664320723479}]}, {"source": 71, "prod": 109.0, "target": 14, "value": 0.14164494360671939, "supply": [{"l": "Offals, Edible", "v": 0.14164494360671939}]}, {"source": 72, "prod": 199.0, "target": 14, "value": 2.0293076842018074, "supply": [{"l": "Groundnut Oil", "v": 2.0293076842018074}]}, {"source": 73, "prod": 268.0, "target": 14, "value": 0.14103278485430579, "supply": [{"l": "Demersal Fish", "v": 0.14103278485430579}]}, {"source": 74, "prod": 124.0, "target": 14, "value": 0.047421807717135139, "supply": [{"l": "Oranges, Mandarines", "v": 0.047421807717135139}]}, {"source": 75, "prod": 407.0, "target": 14, "value": 0.89690474919582386, "supply": [{"l": "Bovine Meat", "v": 0.89690474919582386}]}, {"source": 76, "prod": 3.0, "target": 14, "value": 0.0424501665855, "supply": [{"l": "Cottonseed Oil", "v": 0.0424501665855}]}, {"source": 77, "prod": 18.0, "target": 14, "value": 0.17978894083270591, "supply": [{"l": "Palmkernel Oil", "v": 0.17978894083270591}]}, {"source": 13, "prod": 8740.0, "target": 14, "value": 9.2306211433898095, "supply": [{"l": "Cassava", "v": 9.2306211433898095}]}, {"source": 78, "prod": 473.0, "target": 14, "value": 0.18809300978867916, "supply": [{"l": "Onions", "v": 0.18809300978867916}]}, {"source": 9, "prod": 425.0, "target": 14, "value": 1.6486846683010767, "supply": [{"l": "Pulses, Other", "v": 1.6486846683010767}]}, {"source": 35, "prod": 197.0, "target": 79, "value": 0.32581881106533117, "supply": [{"l": "Coconuts - Incl Copra", "v": 0.32581881106533117}]}, {"source": 80, "prod": 30.0, "target": 79, "value": 0.14150055528500002, "supply": [{"l": "Cottonseed", "v": 0.14150055528500002}]}, {"source": 7, "prod": 42.0, "target": 79, "value": 0.13815512360461935, "supply": [{"l": "Millet", "v": 0.13815512360461935}]}, {"source": 21, "prod": 21.0, "target": 79, "value": 0.0060965664777047875, "supply": [{"l": "Citrus, Other", "v": 0.0060965664777047875}]}, {"source": 25, "prod": 66.0, "target": 79, "value": 0.19642992213364205, "supply": [{"l": "Barley", "v": 0.19642992213364205}]}, {"source": 74, "prod": 4.0, "target": 79, "value": 0.0015297357328108107, "supply": [{"l": "Oranges, Mandarines", "v": 0.0015297357328108107}]}, {"source": 45, "prod": 1283.0, "target": 79, "value": 8.2971835368697793, "supply": [{"l": "Groundnuts", "v": 8.2971835368697793}]}, {"source": 47, "prod": 214.0, "target": 79, "value": 1.0093706276996668, "supply": [{"l": "Oilcrops, Other", "v": 1.0093706276996668}]}, {"source": 27, "prod": 4.0, "target": 79, "value": 0.016705308274423302, "supply": [{"l": "Rice", "v": 0.016705308274423302}]}, {"source": 12, "prod": 279.0, "target": 79, "value": 0.94134338479804636, "supply": [{"l": "Sorghum", "v": 0.94134338479804636}]}, {"source": 81, "prod": 160.0, "target": 79, "value": 0.75466962818666683, "supply": [{"l": "Palm kernels", "v": 0.75466962818666683}]}, {"source": 11, "prod": 861.0, "target": 79, "value": 0.30713944058920589, "supply": [{"l": "Sugar cane", "v": 0.30713944058920589}]}, {"source": 0, "prod": 10.0, "target": 82, "value": 0.036512306620021723, "supply": [{"l": "Maize", "v": 0.036512306620021723}]}, {"source": 6, "prod": 2415.0, "target": 82, "value": 2.8166721144628069, "supply": [{"l": "Yams", "v": 2.8166721144628069}]}, {"source": 24, "prod": 1.0, "target": 82, "value": 0.003859106053227273, "supply": [{"l": "Beverages, Alcoholic", "v": 0.003859106053227273}]}, {"source": 25, "prod": 1.0, "target": 82, "value": 0.0029762109414188192, "supply": [{"l": "Barley", "v": 0.0029762109414188192}]}, {"source": 33, "prod": 35.0, "target": 82, "value": 0.31279070115631585, "supply": [{"l": "Fats, Animals, Raw", "v": 0.31279070115631585}]}, {"source": 30, "prod": 65.0, "target": 82, "value": 0.023383566339470342, "supply": [{"l": "Coffee", "v": 0.023383566339470342}]}, {"source": 39, "prod": 679.0, "target": 82, "value": 0.67438379897051259, "supply": [{"l": "Roots, Other", "v": 0.67438379897051259}]}, {"source": 43, "prod": 13.0, "target": 82, "value": 0.010412305011537736, "supply": [{"l": "Marine Fish, Other", "v": 0.010412305011537736}]}, {"source": 46, "prod": 26.0, "target": 82, "value": 0.26689577464119818, "supply": [{"l": "Palm Oil", "v": 0.26689577464119818}]}, {"source": 47, "prod": 1.0, "target": 82, "value": 0.0047166851761666672, "supply": [{"l": "Oilcrops, Other", "v": 0.0047166851761666672}]}, {"source": 80, "prod": 18.0, "target": 82, "value": 0.084900333171000014, "supply": [{"l": "Cottonseed", "v": 0.084900333171000014}]}, {"source": 49, "prod": 4.0, "target": 82, "value": 0.039953097962823536, "supply": [{"l": "Coconut Oil", "v": 0.039953097962823536}]}, {"source": 9, "prod": 36.0, "target": 82, "value": 0.13965328955020886, "supply": [{"l": "Pulses, Other", "v": 0.13965328955020886}]}, {"source": 10, "prod": 22.0, "target": 82, "value": 0.016724005308896329, "supply": [{"l": "Fish, Seafood", "v": 0.016724005308896329}]}, {"source": 20, "prod": 11.0, "target": 82, "value": 0.093390366488100007, "supply": [{"l": "Oilcrops Oil, Other", "v": 0.093390366488100007}]}, {"source": 83, "prod": 1.0, "target": 82, "value": 0.00076018205949528747, "supply": [{"l": "Cephalopods", "v": 0.00076018205949528747}]}, {"source": 11, "prod": 15.0, "target": 82, "value": 0.0053508613343067222, "supply": [{"l": "Sugar cane", "v": 0.0053508613343067222}]}, {"source": 2, "prod": 6.0, "target": 82, "value": 0.0055070486381189184, "supply": [{"l": "Pelagic Fish", "v": 0.0055070486381189184}]}, {"source": 73, "prod": 2.0, "target": 82, "value": 0.0010524834690619834, "supply": [{"l": "Demersal Fish", "v": 0.0010524834690619834}]}, {"source": 77, "prod": 7.0, "target": 82, "value": 0.069917921434941188, "supply": [{"l": "Palmkernel Oil", "v": 0.069917921434941188}]}, {"source": 81, "prod": 18.0, "target": 82, "value": 0.084900333171000014, "supply": [{"l": "Palm kernels", "v": 0.084900333171000014}]}, {"source": 13, "prod": 6.0, "target": 82, "value": 0.0063368108535856813, "supply": [{"l": "Cassava", "v": 0.0063368108535856813}]}, {"source": 0, "prod": 74.0, "target": 0, "value": 0.27019106898816075, "supply": [{"l": "Maize", "v": 0.27019106898816075}]}, {"source": 11, "prod": 22.0, "target": 11, "value": 0.0078479299569831924, "supply": [{"l": "Sugar cane", "v": 0.0078479299569831924}]}, {"source": 32, "prod": 1.0, "target": 32, "value": 0.0031355236682471593, "supply": [{"l": "Wheat", "v": 0.0031355236682471593}]}, {"source": 3, "prod": 3.0, "target": 3, "value": 0.009721412195152674, "supply": [{"l": "Cereals, Other", "v": 0.009721412195152674}]}, {"source": 4, "prod": 6.0, "target": 4, "value": 0.025470099951300004, "supply": [{"l": "Soyabeans", "v": 0.025470099951300004}]}, {"source": 5, "prod": 3.0, "target": 5, "value": 0.0025989897909489794, "supply": [{"l": "Potatoes", "v": 0.0025989897909489794}]}, {"source": 38, "prod": 11.0, "target": 38, "value": 0.016796828505053957, "supply": [{"l": "Eggs", "v": 0.016796828505053957}]}, {"source": 39, "prod": 42.0, "target": 39, "value": 0.041714461791990474, "supply": [{"l": "Roots, Other", "v": 0.041714461791990474}]}, {"source": 41, "prod": 2.0, "target": 41, "value": 0.012128619024428572, "supply": [{"l": "Sesame seed", "v": 0.012128619024428572}]}, {"source": 7, "prod": 186.0, "target": 7, "value": 0.61182983310617145, "supply": [{"l": "Millet", "v": 0.61182983310617145}]}, {"source": 80, "prod": 43.0, "target": 80, "value": 0.2028174625751667, "supply": [{"l": "Cottonseed", "v": 0.2028174625751667}]}, {"source": 58, "prod": 2.0, "target": 58, "value": 0.0070750277642500003, "supply": [{"l": "Beans", "v": 0.0070750277642500003}]}, {"source": 6, "prod": 476.0, "target": 6, "value": 0.55517015589411844, "supply": [{"l": "Yams", "v": 0.55517015589411844}]}, {"source": 45, "prod": 250.0, "target": 45, "value": 1.6167543914399414, "supply": [{"l": "Groundnuts", "v": 1.6167543914399414}]}, {"source": 47, "prod": 10.0, "target": 47, "value": 0.047166851761666677, "supply": [{"l": "Oilcrops, Other", "v": 0.047166851761666677}]}, {"source": 27, "prod": 93.0, "target": 27, "value": 0.38839841738034175, "supply": [{"l": "Rice", "v": 0.38839841738034175}]}, {"source": 12, "prod": 156.0, "target": 12, "value": 0.52634253773654205, "supply": [{"l": "Sorghum", "v": 0.52634253773654205}]}, {"source": 9, "prod": 173.0, "target": 9, "value": 0.67111164144961488, "supply": [{"l": "Pulses, Other", "v": 0.67111164144961488}]}, {"source": 0, "prod": 298.0, "target": 84, "value": 1.0880667372766473, "supply": [{"l": "Maize", "v": 1.0880667372766473}]}, {"source": 39, "prod": 630.0, "target": 84, "value": 0.62571692687985703, "supply": [{"l": "Roots, Other", "v": 0.62571692687985703}]}, {"source": 16, "prod": 276.0, "target": 84, "value": 0.28745442753836042, "supply": [{"l": "Plantains", "v": 0.28745442753836042}]}, {"source": 17, "prod": 11.0, "target": 84, "value": 0.0424501665855, "supply": [{"l": "Nuts", "v": 0.0424501665855}]}, {"source": 6, "prod": 1073.0, "target": 84, "value": 1.2514654984756073, "supply": [{"l": "Yams", "v": 1.2514654984756073}]}, {"source": 21, "prod": 250.0, "target": 84, "value": 0.072578172353628428, "supply": [{"l": "Citrus, Other", "v": 0.072578172353628428}]}, {"source": 27, "prod": 197.0, "target": 84, "value": 0.82273643251534767, "supply": [{"l": "Rice", "v": 0.82273643251534767}]}, {"source": 29, "prod": 51.0, "target": 84, "value": 0.01199422989396399, "supply": [{"l": "Tomatoes", "v": 0.01199422989396399}]}, {"source": 3, "prod": 19.0, "target": 84, "value": 0.061568943902633594, "supply": [{"l": "Cereals, Other", "v": 0.061568943902633594}]}, {"source": 32, "prod": 23.0, "target": 84, "value": 0.072117044369684663, "supply": [{"l": "Wheat", "v": 0.072117044369684663}]}, {"source": 35, "prod": 73.0, "target": 84, "value": 0.12073488937953897, "supply": [{"l": "Coconuts - Incl Copra", "v": 0.12073488937953897}]}, {"source": 36, "prod": 11.0, "target": 84, "value": 0.0424501665855, "supply": [{"l": "Treenuts", "v": 0.0424501665855}]}, {"source": 38, "prod": 14.0, "target": 84, "value": 0.021377781733705036, "supply": [{"l": "Eggs", "v": 0.021377781733705036}]}, {"source": 15, "prod": 416.0, "target": 84, "value": 0.15632442298152383, "supply": [{"l": "Vegetables, Other", "v": 0.15632442298152383}]}, {"source": 41, "prod": 4.0, "target": 84, "value": 0.024257238048857144, "supply": [{"l": "Sesame seed", "v": 0.024257238048857144}]}, {"source": 80, "prod": 5.0, "target": 84, "value": 0.023583425880833338, "supply": [{"l": "Cottonseed", "v": 0.023583425880833338}]}, {"source": 54, "prod": 5.0, "target": 84, "value": 0.016845304200595237, "supply": [{"l": "Pimento", "v": 0.016845304200595237}]}, {"source": 46, "prod": 14.0, "target": 84, "value": 0.14371310942218363, "supply": [{"l": "Palm Oil", "v": 0.14371310942218363}]}, {"source": 47, "prod": 22.0, "target": 84, "value": 0.10376707387566668, "supply": [{"l": "Oilcrops, Other", "v": 0.10376707387566668}]}, {"source": 18, "prod": 2.0, "target": 84, "value": 0.0065307948593076922, "supply": [{"l": "Dates", "v": 0.0065307948593076922}]}, {"source": 52, "prod": 7.0, "target": 84, "value": 0.014495178834073171, "supply": [{"l": "Cocoa Beans", "v": 0.014495178834073171}]}, {"source": 4, "prod": 6.0, "target": 84, "value": 0.025470099951300004, "supply": [{"l": "Soyabeans", "v": 0.025470099951300004}]}, {"source": 5, "prod": 5.0, "target": 84, "value": 0.0043316496515816323, "supply": [{"l": "Potatoes", "v": 0.0043316496515816323}]}, {"source": 45, "prod": 101.0, "target": 84, "value": 0.65316877414173635, "supply": [{"l": "Groundnuts", "v": 0.65316877414173635}]}, {"source": 8, "prod": 60.0, "target": 84, "value": 0.046429869702890626, "supply": [{"l": "Milk - Excluding Butter", "v": 0.046429869702890626}]}, {"source": 58, "prod": 9.0, "target": 84, "value": 0.031837624939125002, "supply": [{"l": "Beans", "v": 0.031837624939125002}]}, {"source": 9, "prod": 75.0, "target": 84, "value": 0.29094435322960183, "supply": [{"l": "Pulses, Other", "v": 0.29094435322960183}]}, {"source": 61, "prod": 3.0, "target": 84, "value": 0.0014569034292466355, "supply": [{"l": "Lemons, Limes", "v": 0.0014569034292466355}]}, {"source": 12, "prod": 546.0, "target": 84, "value": 1.8421988820778972, "supply": [{"l": "Sorghum", "v": 1.8421988820778972}]}, {"source": 11, "prod": 116.0, "target": 84, "value": 0.041379994318638653, "supply": [{"l": "Sugar cane", "v": 0.041379994318638653}]}, {"source": 57, "prod": 77.0, "target": 84, "value": 0.023685962515097823, "supply": [{"l": "Pineapples", "v": 0.023685962515097823}]}, {"source": 64, "prod": 62.0, "target": 84, "value": 0.047564644487367476, "supply": [{"l": "Bananas", "v": 0.047564644487367476}]}, {"source": 65, "prod": 254.0, "target": 84, "value": 0.11027395547096931, "supply": [{"l": "Beverages, Fermented", "v": 0.11027395547096931}]}, {"source": 68, "prod": 227.0, "target": 84, "value": 0.11023902614632874, "supply": [{"l": "Fruits, Other", "v": 0.11023902614632874}]}, {"source": 7, "prod": 609.0, "target": 84, "value": 2.0032492922669807, "supply": [{"l": "Millet", "v": 2.0032492922669807}]}, {"source": 42, "prod": 60.0, "target": 84, "value": 0.066033592466333349, "supply": [{"l": "Sweet potatoes", "v": 0.066033592466333349}]}, {"source": 74, "prod": 13.0, "target": 84, "value": 0.0049716411316351357, "supply": [{"l": "Oranges, Mandarines", "v": 0.0049716411316351357}]}, {"source": 81, "prod": 7.0, "target": 84, "value": 0.033016796233166675, "supply": [{"l": "Palm kernels", "v": 0.033016796233166675}]}, {"source": 78, "prod": 7.0, "target": 84, "value": 0.0027836174810163933, "supply": [{"l": "Onions", "v": 0.0027836174810163933}]}, {"source": 13, "prod": 1876.0, "target": 84, "value": 1.9813095268877898, "supply": [{"l": "Cassava", "v": 1.9813095268877898}]}, {"source": 85, "prod": 2.0, "target": 23, "value": 0.0023244444400000001, "supply": [{"l": "Infant food", "v": 0.0023244444400000001}]}, {"source": 85, "prod": 59.0, "target": 29, "value": 0.013875677720468145, "supply": [{"l": "Tomatoes", "v": 0.013875677720468145}]}, {"source": 85, "prod": 44.0, "target": 36, "value": 0.169800666342, "supply": [{"l": "Treenuts", "v": 0.169800666342}]}, {"source": 85, "prod": 32.0, "target": 15, "value": 0.01202495561396337, "supply": [{"l": "Vegetables, Other", "v": 0.01202495561396337}]}, {"source": 85, "prod": 5.0, "target": 67, "value": 0.0058111111000000003, "supply": [{"l": "Tea", "v": 0.0058111111000000003}]}, {"source": 85, "prod": 6.0, "target": 59, "value": 0.002913806858493271, "supply": [{"l": "Apples", "v": 0.002913806858493271}]}, {"source": 85, "prod": 457.0, "target": 27, "value": 1.9085814703528623, "supply": [{"l": "Rice", "v": 1.9085814703528623}]}, {"source": 85, "prod": 763.0, "target": 32, "value": 2.3924045588725829, "supply": [{"l": "Wheat", "v": 2.3924045588725829}]}, {"source": 85, "prod": 72.0, "target": 25, "value": 0.214287187782155, "supply": [{"l": "Barley", "v": 0.214287187782155}]}, {"source": 85, "prod": 6.0, "target": 30, "value": 0.0021584830467203391, "supply": [{"l": "Coffee", "v": 0.0021584830467203391}]}, {"source": 85, "prod": 241.0, "target": 7, "value": 0.79274725687412539, "supply": [{"l": "Millet", "v": 0.79274725687412539}]}, {"source": 85, "prod": 2.0, "target": 18, "value": 0.0065307948593076922, "supply": [{"l": "Dates", "v": 0.0065307948593076922}]}, {"source": 85, "prod": 8.0, "target": 3, "value": 0.025923765853740458, "supply": [{"l": "Cereals, Other", "v": 0.025923765853740458}]}, {"source": 85, "prod": 1075.0, "target": 1, "value": 0.83469204806592201, "supply": [{"l": "Pigmeat", "v": 0.0068468010621774199}, {"l": "Meat, Other", "v": 0.0025825196401825096}, {"l": "Marine Fish, Other", "v": 0.084099386631650952}, {"l": "Mutton & Goat Meat", "v": 0.0016980066634200003}, {"l": "Poultry Meat", "v": 0.0011073956500565218}, {"l": "Freshwater Fish", "v": 0.005287387297126335}, {"l": "Milk - Excluding Butter", "v": 0.40007071060657423}, {"l": "Fish, Seafood", "v": 0.20752970224221354}, {"l": "Pelagic Fish", "v": 0.060577535019308106}, {"l": "Demersal Fish", "v": 0.049466723045913222}, {"l": "Bovine Meat", "v": 0.015425880207299181}]}, {"source": 85, "prod": 44.0, "target": 17, "value": 0.169800666342, "supply": [{"l": "Nuts", "v": 0.169800666342}]}, {"source": 85, "prod": 13.0, "target": 52, "value": 0.026919617834707314, "supply": [{"l": "Cocoa Beans", "v": 0.026919617834707314}]}, {"source": 85, "prod": 4.0, "target": 74, "value": 0.0015297357328108107, "supply": [{"l": "Oranges, Mandarines", "v": 0.0015297357328108107}]}, {"source": 85, "prod": 23.0, "target": 12, "value": 0.077601784409874794, "supply": [{"l": "Sorghum", "v": 0.077601784409874794}]}, {"source": 85, "prod": 34.0, "target": 5, "value": 0.029455217630755103, "supply": [{"l": "Potatoes", "v": 0.029455217630755103}]}, {"source": 85, "prod": 18.0, "target": 78, "value": 0.007157873522613583, "supply": [{"l": "Onions", "v": 0.007157873522613583}]}, {"source": 85, "prod": 4.0, "target": 64, "value": 0.003068686741120482, "supply": [{"l": "Bananas", "v": 0.003068686741120482}]}, {"source": 85, "prod": 1.0, "target": 21, "value": 0.00029031268941451369, "supply": [{"l": "Citrus, Other", "v": 0.00029031268941451369}]}, {"source": 85, "prod": 1.0, "target": 44, "value": 0.00048563447641554512, "supply": [{"l": "Grapes", "v": 0.00048563447641554512}]}, {"source": 85, "prod": 635.0, "target": 79, "value": 2.7761095853353304, "supply": [{"l": "Sugar", "v": 1.9658172732020518}, {"l": "Beer", "v": 0.011061932660716613}, {"l": "Groundnut Oil", "v": 0.071382682358857544}, {"l": "Beverages, Alcoholic", "v": 0.027013742372590913}, {"l": "Fats, Animals, Raw", "v": 0.32172757833221055}, {"l": "Soyabean Oil", "v": 0.066033592466333349}, {"l": "Butter, Ghee", "v": 0.023154636319363639}, {"l": "Palm Oil", "v": 0.082121776812676364}, {"l": "Olive Oil", "v": 0.01035369916719512}, {"l": "Oilcrops Oil, Other", "v": 0.076410299853900007}, {"l": "Wine", "v": 0.047648146167397945}, {"l": "Sweeteners, Other", "v": 0.054578785609928585}, {"l": "Beverages, Fermented", "v": 0.00043414943098806814}, {"l": "Honey", "v": 0.0083830160904138657}, {"l": "Palmkernel Oil", "v": 0.009988274490705884}]}, {"source": 85, "prod": 1.0, "target": 66, "value": 0.0060643095122142861, "supply": [{"l": "Spices, Other", "v": 0.0060643095122142861}]}, {"source": 85, "prod": 128.0, "target": 0, "value": 0.46735752473627806, "supply": [{"l": "Maize", "v": 0.46735752473627806}]}, {"source": 85, "prod": 11.0, "target": 68, "value": 0.0053419792405709965, "supply": [{"l": "Fruits, Other", "v": 0.0053419792405709965}]}, {"source": 85, "prod": 6.0, "target": 9, "value": 0.023275548258368146, "supply": [{"l": "Pulses, Other", "v": 0.023275548258368146}]}, {"source": 85, "prod": 1.0, "target": 50, "value": 0.0033316991656940926, "supply": [{"l": "Oats", "v": 0.0033316991656940926}]}, {"source": 85, "prod": 3.0, "target": 39, "value": 0.0029796044137136045, "supply": [{"l": "Roots, Other", "v": 0.0029796044137136045}]}, {"source": 0, "prod": 1.0, "target": 86, "value": 0.0036512306620021724, "supply": [{"l": "Maize", "v": 0.0036512306620021724}]}, {"source": 17, "prod": 38.0, "target": 86, "value": 0.14664603002263638, "supply": [{"l": "Nuts", "v": 0.14664603002263638}]}, {"source": 6, "prod": 3.0, "target": 86, "value": 0.0034989715707612508, "supply": [{"l": "Yams", "v": 0.0034989715707612508}]}, {"source": 19, "prod": 2.0, "target": 86, "value": 0.0083830160904138657, "supply": [{"l": "Sugar", "v": 0.0083830160904138657}]}, {"source": 21, "prod": 2.0, "target": 86, "value": 0.00058062537882902737, "supply": [{"l": "Citrus, Other", "v": 0.00058062537882902737}]}, {"source": 22, "prod": 4.0, "target": 86, "value": 0.0022123865321433227, "supply": [{"l": "Beer", "v": 0.0022123865321433227}]}, {"source": 72, "prod": 309.0, "target": 86, "value": 3.1510355498409979, "supply": [{"l": "Groundnut Oil", "v": 3.1510355498409979}]}, {"source": 27, "prod": 1.0, "target": 86, "value": 0.0041763270686058255, "supply": [{"l": "Rice", "v": 0.0041763270686058255}]}, {"source": 30, "prod": 248.0, "target": 86, "value": 0.089217299264440678, "supply": [{"l": "Coffee", "v": 0.089217299264440678}]}, {"source": 32, "prod": 4.0, "target": 86, "value": 0.012542094672988637, "supply": [{"l": "Wheat", "v": 0.012542094672988637}]}, {"source": 35, "prod": 19.0, "target": 86, "value": 0.031424149290564939, "supply": [{"l": "Coconuts - Incl Copra", "v": 0.031424149290564939}]}, {"source": 36, "prod": 38.0, "target": 86, "value": 0.14664603002263638, "supply": [{"l": "Treenuts", "v": 0.14664603002263638}]}, {"source": 37, "prod": 5.0, "target": 86, "value": 0.0038009102974764374, "supply": [{"l": "Crustaceans", "v": 0.0038009102974764374}]}, {"source": 15, "prod": 6.0, "target": 86, "value": 0.0022546791776181323, "supply": [{"l": "Vegetables, Other", "v": 0.0022546791776181323}]}, {"source": 41, "prod": 7.0, "target": 86, "value": 0.042450166585500007, "supply": [{"l": "Sesame seed", "v": 0.042450166585500007}]}, {"source": 4, "prod": 2.0, "target": 86, "value": 0.0084900333171, "supply": [{"l": "Soyabeans", "v": 0.0084900333171}]}, {"source": 43, "prod": 11.0, "target": 86, "value": 0.0088104119328396222, "supply": [{"l": "Marine Fish, Other", "v": 0.0088104119328396222}]}, {"source": 45, "prod": 302.0, "target": 86, "value": 1.9530393048594492, "supply": [{"l": "Groundnuts", "v": 1.9530393048594492}]}, {"source": 46, "prod": 57.0, "target": 86, "value": 0.58511765979031904, "supply": [{"l": "Palm Oil", "v": 0.58511765979031904}]}, {"source": 47, "prod": 51.0, "target": 86, "value": 0.24055094398450005, "supply": [{"l": "Oilcrops, Other", "v": 0.24055094398450005}]}, {"source": 18, "prod": 1.0, "target": 86, "value": 0.0032653974296538461, "supply": [{"l": "Dates", "v": 0.0032653974296538461}]}, {"source": 52, "prod": 963.0, "target": 86, "value": 1.9941224596017804, "supply": [{"l": "Cocoa Beans", "v": 1.9941224596017804}]}, {"source": 80, "prod": 141.0, "target": 86, "value": 0.6650526098395001, "supply": [{"l": "Cottonseed", "v": 0.6650526098395001}]}, {"source": 5, "prod": 2.0, "target": 86, "value": 0.0017326598606326529, "supply": [{"l": "Potatoes", "v": 0.0017326598606326529}]}, {"source": 53, "prod": 17.0, "target": 86, "value": 0.012840797721592528, "supply": [{"l": "Freshwater Fish", "v": 0.012840797721592528}]}, {"source": 54, "prod": 2.0, "target": 86, "value": 0.0067381216802380947, "supply": [{"l": "Pimento", "v": 0.0067381216802380947}]}, {"source": 8, "prod": 4.0, "target": 86, "value": 0.0030953246468593755, "supply": [{"l": "Milk - Excluding Butter", "v": 0.0030953246468593755}]}, {"source": 57, "prod": 141.0, "target": 86, "value": 0.043372996293880431, "supply": [{"l": "Pineapples", "v": 0.043372996293880431}]}, {"source": 9, "prod": 4.0, "target": 86, "value": 0.015517032172245432, "supply": [{"l": "Pulses, Other", "v": 0.015517032172245432}]}, {"source": 10, "prod": 101.0, "target": 86, "value": 0.076778388009024048, "supply": [{"l": "Fish, Seafood", "v": 0.076778388009024048}]}, {"source": 20, "prod": 42.0, "target": 86, "value": 0.35658139931820004, "supply": [{"l": "Oilcrops Oil, Other", "v": 0.35658139931820004}]}, {"source": 61, "prod": 9.0, "target": 86, "value": 0.0043707102877399064, "supply": [{"l": "Lemons, Limes", "v": 0.0043707102877399064}]}, {"source": 63, "prod": 1.0, "target": 86, "value": 0.0060643095122142861, "supply": [{"l": "Sweeteners, Other", "v": 0.0060643095122142861}]}, {"source": 2, "prod": 58.0, "target": 86, "value": 0.053234803501816225, "supply": [{"l": "Pelagic Fish", "v": 0.053234803501816225}]}, {"source": 64, "prod": 177.0, "target": 86, "value": 0.13578938829458134, "supply": [{"l": "Bananas", "v": 0.13578938829458134}]}, {"source": 66, "prod": 3.0, "target": 86, "value": 0.018192928536642859, "supply": [{"l": "Spices, Other", "v": 0.018192928536642859}]}, {"source": 75, "prod": 3.0, "target": 86, "value": 0.0066110915174139341, "supply": [{"l": "Bovine Meat", "v": 0.0066110915174139341}]}, {"source": 68, "prod": 4.0, "target": 86, "value": 0.0019425379056621805, "supply": [{"l": "Fruits, Other", "v": 0.0019425379056621805}]}, {"source": 7, "prod": 4.0, "target": 86, "value": 0.013157630819487558, "supply": [{"l": "Millet", "v": 0.013157630819487558}]}, {"source": 73, "prod": 10.0, "target": 86, "value": 0.0052624173453099179, "supply": [{"l": "Demersal Fish", "v": 0.0052624173453099179}]}, {"source": 76, "prod": 2.0, "target": 86, "value": 0.028300111057000001, "supply": [{"l": "Cottonseed Oil", "v": 0.028300111057000001}]}, {"source": 77, "prod": 55.0, "target": 86, "value": 0.54935509698882357, "supply": [{"l": "Palmkernel Oil", "v": 0.54935509698882357}]}, {"source": 81, "prod": 315.0, "target": 86, "value": 1.4857558304925, "supply": [{"l": "Palm kernels", "v": 1.4857558304925}]}, {"source": 78, "prod": 4.0, "target": 86, "value": 0.0015906385605807963, "supply": [{"l": "Onions", "v": 0.0015906385605807963}]}, {"source": 13, "prod": 19.0, "target": 86, "value": 0.020066567703021329, "supply": [{"l": "Cassava", "v": 0.020066567703021329}]}, {"source": 57, "prod": 11.0, "target": 87, "value": 0.003383708930728261, "supply": [{"l": "Pineapples", "v": 0.003383708930728261}]}, {"source": 88, "prod": 85.0, "target": 52, "value": 0.17601288584231706, "supply": [{"l": "Cocoa Beans", "v": 0.17601288584231706}]}, {"source": 88, "prod": 169.0, "target": 0, "value": 0.61705798187836702, "supply": [{"l": "Maize", "v": 0.61705798187836702}]}, {"source": 88, "prod": 1.0, "target": 30, "value": 0.00035974717445338983, "supply": [{"l": "Coffee", "v": 0.00035974717445338983}]}, {"source": 88, "prod": 110.0, "target": 27, "value": 0.4593959775466408, "supply": [{"l": "Rice", "v": 0.4593959775466408}]}, {"source": 88, "prod": 519.0, "target": 7, "value": 1.7072025988285104, "supply": [{"l": "Millet", "v": 1.7072025988285104}]}, {"source": 88, "prod": 1.0, "target": 25, "value": 0.0029762109414188192, "supply": [{"l": "Barley", "v": 0.0029762109414188192}]}, {"source": 88, "prod": 7.0, "target": 47, "value": 0.033016796233166675, "supply": [{"l": "Oilcrops, Other", "v": 0.033016796233166675}]}, {"source": 88, "prod": 24.0, "target": 32, "value": 0.07525256803793183, "supply": [{"l": "Wheat", "v": 0.07525256803793183}]}, {"source": 9, "prod": 40.0, "target": 87, "value": 0.15517032172245432, "supply": [{"l": "Pulses, Other", "v": 0.15517032172245432}]}, {"source": 88, "prod": 7.0, "target": 78, "value": 0.0027836174810163933, "supply": [{"l": "Onions", "v": 0.0027836174810163933}]}, {"source": 72, "prod": 71.0, "target": 87, "value": 0.72402434963984075, "supply": [{"l": "Groundnut Oil", "v": 0.72402434963984075}]}, {"source": 88, "prod": 28.0, "target": 79, "value": 0.19712919069854046, "supply": [{"l": "Soyabean Oil", "v": 0.028300111057000001}, {"l": "Sugar", "v": 0.058681112632897062}, {"l": "Palm Oil", "v": 0.010265222101584546}, {"l": "Palmkernel Oil", "v": 0.099882744907058854}]}, {"source": 88, "prod": 23.0, "target": 80, "value": 0.10848375905183336, "supply": [{"l": "Cottonseed", "v": 0.10848375905183336}]}, {"source": 81, "prod": 1.0, "target": 87, "value": 0.0047166851761666672, "supply": [{"l": "Palm kernels", "v": 0.0047166851761666672}]}, {"source": 88, "prod": 243.0, "target": 45, "value": 1.571485268479623, "supply": [{"l": "Groundnuts", "v": 1.571485268479623}]}, {"source": 88, "prod": 1228.0, "target": 12, "value": 4.1432604893620102, "supply": [{"l": "Sorghum", "v": 4.1432604893620102}]}, {"source": 88, "prod": 8.0, "target": 13, "value": 0.0084490811381142429, "supply": [{"l": "Cassava", "v": 0.0084490811381142429}]}, {"source": 1, "prod": 128.0, "target": 70, "value": 0.14174664320723479, "supply": [{"l": "Poultry Meat", "v": 0.14174664320723479}]}, {"source": 1, "prod": 68.0, "target": 51, "value": 0.2327912361140323, "supply": [{"l": "Pigmeat", "v": 0.2327912361140323}]}, {"source": 1, "prod": 476.0, "target": 2, "value": 0.43689252529076761, "supply": [{"l": "Pelagic Fish", "v": 0.43689252529076761}]}, {"source": 1, "prod": 15.0, "target": 37, "value": 0.011402730892429313, "supply": [{"l": "Crustaceans", "v": 0.011402730892429313}]}, {"source": 1, "prod": 169.0, "target": 38, "value": 0.25806036521401082, "supply": [{"l": "Eggs", "v": 0.27485719371906475}]}, {"source": 1, "prod": 2.0, "target": 69, "value": 0.0015203641189905749, "supply": [{"l": "Molluscs, Other", "v": 0.0015203641189905749}]}, {"source": 1, "prod": 1.0, "target": 83, "value": 0.00076018205949528747, "supply": [{"l": "Cephalopods", "v": 0.00076018205949528747}]}, {"source": 1, "prod": 1812.0, "target": 8, "value": 1.4021820650272971, "supply": [{"l": "Milk - Excluding Butter", "v": 1.4021820650272971}]}, {"source": 1, "prod": 109.0, "target": 71, "value": 0.14164494360671939, "supply": [{"l": "Offals, Edible", "v": 0.14164494360671939}]}, {"source": 1, "prod": 200.0, "target": 43, "value": 0.16018930786981131, "supply": [{"l": "Marine Fish, Other", "v": 0.16018930786981131}]}, {"source": 1, "prod": 1301.0, "target": 10, "value": 0.98899685940336912, "supply": [{"l": "Fish, Seafood", "v": 0.98899685940336912}]}, {"source": 1, "prod": 410.0, "target": 75, "value": 0.90351584071323776, "supply": [{"l": "Bovine Meat", "v": 0.90351584071323776}]}, {"source": 1, "prod": 280.0, "target": 73, "value": 0.14734768566867767, "supply": [{"l": "Demersal Fish", "v": 0.14734768566867767}]}, {"source": 1, "prod": 292.0, "target": 60, "value": 0.37704786746664637, "supply": [{"l": "Meat, Other", "v": 0.37704786746664637}]}, {"source": 1, "prod": 329.0, "target": 53, "value": 0.24850720296493772, "supply": [{"l": "Freshwater Fish", "v": 0.24850720296493772}]}, {"source": 1, "prod": 167.0, "target": 62, "value": 0.28356711279114005, "supply": [{"l": "Mutton & Goat Meat", "v": 0.28356711279114005}]}, {"source": 79, "prod": 56.0, "target": 33, "value": 0.50046512185010539, "supply": [{"l": "Fats, Animals, Raw", "v": 0.50046512185010539}]}, {"source": 79, "prod": 9.0, "target": 63, "value": 0.054578785609928578, "supply": [{"l": "Sweeteners, Other", "v": 0.054578785609928578}]}, {"source": 79, "prod": 4159.0, "target": 65, "value": 1.8056274834793755, "supply": [{"l": "Beverages, Fermented", "v": 1.8056274834793755}]}, {"source": 79, "prod": 10.0, "target": 34, "value": 0.094333703523333354, "supply": [{"l": "Soyabean Oil", "v": 0.094333703523333354}]}, {"source": 79, "prod": 22.0, "target": 49, "value": 0.21974203879552945, "supply": [{"l": "Coconut Oil", "v": 0.21974203879552945}]}, {"source": 79, "prod": 530.0, "target": 19, "value": 2.2214992639596742, "supply": [{"l": "Sugar", "v": 2.2214992639596742}]}, {"source": 79, "prod": 3.0, "target": 26, "value": 0.012574524135620799, "supply": [{"l": "Honey", "v": 0.012574524135620799}]}, {"source": 79, "prod": 5.0, "target": 76, "value": 0.070750277642499998, "supply": [{"l": "Cottonseed Oil", "v": 0.070750277642499998}]}, {"source": 79, "prod": 344.0, "target": 22, "value": 0.19026524176432572, "supply": [{"l": "Beer", "v": 0.19026524176432572}]}, {"source": 79, "prod": 579.0, "target": 72, "value": 5.9043675836826459, "supply": [{"l": "Groundnut Oil", "v": 5.9043675836826459}]}, {"source": 79, "prod": 13.0, "target": 24, "value": 0.050168378691954549, "supply": [{"l": "Beverages, Alcoholic", "v": 0.050168378691954549}]}, {"source": 79, "prod": 707.0, "target": 46, "value": 7.2575120258202723, "supply": [{"l": "Palm Oil", "v": 7.2575120258202723}]}, {"source": 79, "prod": 80.0, "target": 77, "value": 0.79906195925647072, "supply": [{"l": "Palmkernel Oil", "v": 0.79906195925647072}]}, {"source": 79, "prod": 109.0, "target": 20, "value": 0.92541363156390011, "supply": [{"l": "Oilcrops Oil, Other", "v": 0.92541363156390011}]}, {"source": 79, "prod": 23.0, "target": 31, "value": 0.092986079187285728, "supply": [{"l": "Sugar non-centrifugal", "v": 0.092986079187285728}]}, {"source": 79, "prod": 12.0, "target": 28, "value": 0.092618545277454556, "supply": [{"l": "Butter, Ghee", "v": 0.092618545277454556}]}, {"source": 79, "prod": 55.0, "target": 48, "value": 0.047648146167397945, "supply": [{"l": "Wine", "v": 0.047648146167397945}]}, {"source": 0, "prod": 3902.0, "target": 89, "value": 13.60497330732, "supply": [{"l": "Maize", "v": 13.60497330732}]}, {"source": 39, "prod": 1315.0, "target": 89, "value": 4.5849666578999999, "supply": [{"l": "Roots, Other", "v": 4.5849666578999999}]}, {"source": 6, "prod": 5073.0, "target": 89, "value": 17.687859966180003, "supply": [{"l": "Yams", "v": 17.687859966180003}]}, {"source": 25, "prod": 73.0, "target": 89, "value": 0.22736898234026362, "supply": [{"l": "Barley", "v": 0.22736898234026362}]}, {"source": 27, "prod": 3451.0, "target": 89, "value": 12.032486643660002, "supply": [{"l": "Rice", "v": 12.032486643660002}]}, {"source": 29, "prod": 422.0, "target": 89, "value": 1.4713733305200003, "supply": [{"l": "Tomatoes", "v": 1.4713733305200003}]}, {"source": 3, "prod": 352.0, "target": 89, "value": 1.2273066643199999, "supply": [{"l": "Cereals, Other", "v": 1.2273066643199999}]}, {"source": 32, "prod": 832.0, "target": 89, "value": 2.900906661120001, "supply": [{"l": "Wheat", "v": 2.900906661120001}]}, {"source": 35, "prod": 546.0, "target": 89, "value": 1.9037199963600002, "supply": [{"l": "Coconuts - Incl Copra", "v": 1.9037199963600002}]}, {"source": 15, "prod": 4040.0, "target": 89, "value": 14.086133306400001, "supply": [{"l": "Vegetables, Other", "v": 14.086133306400001}]}, {"source": 40, "prod": 1.0, "target": 89, "value": 0.028219970897385625, "supply": [{"l": "Peas", "v": 0.028219970897385625}]}, {"source": 41, "prod": 44.0, "target": 89, "value": 0.15341333304000002, "supply": [{"l": "Sesame seed", "v": 0.15341333304000002}]}, {"source": 4, "prod": 64.0, "target": 89, "value": 0.22314666623999999, "supply": [{"l": "Soyabeans", "v": 0.22314666623999999}]}, {"source": 45, "prod": 2099.0, "target": 89, "value": 7.31851331934, "supply": [{"l": "Groundnuts", "v": 7.31851331934}]}, {"source": 47, "prod": 353.5, "target": 89, "value": 1.2325366643100002, "supply": [{"l": "Oilcrops, Other", "v": 1.2325366643100002}]}, {"source": 50, "prod": 1.0, "target": 89, "value": 0.0034866666599999998, "supply": [{"l": "Oats", "v": 0.0034866666599999998}]}, {"source": 80, "prod": 225.0, "target": 89, "value": 0.78449999849999996, "supply": [{"l": "Cottonseed", "v": 0.78449999849999996}]}, {"source": 5, "prod": 24.5, "target": 89, "value": 0.085423333170000018, "supply": [{"l": "Potatoes", "v": 0.085423333170000018}]}, {"source": 58, "prod": 37.5, "target": 89, "value": 0.13074999974999998, "supply": [{"l": "Beans", "v": 0.13074999974999998}]}, {"source": 9, "prod": 896.0, "target": 89, "value": 3.12405332736, "supply": [{"l": "Pulses, Other", "v": 3.12405332736}]}, {"source": 12, "prod": 8521.0, "target": 89, "value": 29.709886609860003, "supply": [{"l": "Sorghum", "v": 29.709886609860003}]}, {"source": 11, "prod": 432.80000000000001, "target": 89, "value": 0.15439018569919666, "supply": [{"l": "Sugar cane", "v": 0.15439018569919666}]}, {"source": 7, "prod": 9921.0, "target": 89, "value": 34.59121993386001, "supply": [{"l": "Millet", "v": 34.59121993386001}]}, {"source": 42, "prod": 180.0, "target": 89, "value": 0.62759999880000006, "supply": [{"l": "Sweet potatoes", "v": 0.62759999880000006}]}, {"source": 81, "prod": 500.5, "target": 89, "value": 1.7450766633300001, "supply": [{"l": "Palm kernels", "v": 1.7450766633300001}]}, {"source": 78, "prod": 471.5, "target": 89, "value": 1.6439633301900003, "supply": [{"l": "Onions", "v": 1.6439633301900003}]}, {"source": 13, "prod": 6987.5, "target": 89, "value": 24.363083286750001, "supply": [{"l": "Cassava", "v": 24.363083286750001}]}, {"source": 90, "prod": 3380.6181818181813, "target": 79, "value": 14.350780498015192, "supply": [{"l": "Oil Palm", "v": 14.350780498015192}]}, {"source": 91, "prod": 0, "target": 0, "value": 2.9906889641247197e-05, "supply": "[{\"l\":'Energy for power irrigation',\"v\":2.9906889641247197e-05}]"}, {"source": 91, "prod": 0, "target": 15, "value": 6.1929182035181277e-05, "supply": "[{\"l\":'Energy for power irrigation',\"v\":6.1929182035181277e-05}]"}, {"source": 91, "prod": 0, "target": 16, "value": 4.4423457806424583e-05, "supply": "[{\"l\":'Energy for power irrigation',\"v\":4.4423457806424583e-05}]"}, {"source": 91, "prod": 0, "target": 17, "value": 3.586987276295153e-06, "supply": "[{\"l\":'Energy for power irrigation',\"v\":3.586987276295153e-06}]"}, {"source": 91, "prod": 0, "target": 6, "value": 0.00015552808933884881, "supply": "[{\"l\":'Energy for power irrigation',\"v\":0.00015552808933884881}]"}, {"source": 91, "prod": 0, "target": 21, "value": 2.6549837446765833e-05, "supply": "[{\"l\":'Energy for power irrigation',\"v\":2.6549837446765833e-05}]"}, {"source": 91, "prod": 0, "target": 56, "value": 7.6645027271263957e-08, "supply": "[{\"l\":'Energy for power irrigation',\"v\":7.6645027271263957e-08}]"}, {"source": 91, "prod": 0, "target": 27, "value": 2.6450198911313187e-05, "supply": "[{\"l\":'Energy for power irrigation',\"v\":2.6450198911313187e-05}]"}, {"source": 91, "prod": 0, "target": 29, "value": 6.4688403016946782e-06, "supply": "[{\"l\":'Energy for power irrigation',\"v\":6.4688403016946782e-06}]"}, {"source": 91, "prod": 0, "target": 3, "value": 2.6979049599484909e-06, "supply": "[{\"l\":'Energy for power irrigation',\"v\":2.6979049599484909e-06}]"}, {"source": 91, "prod": 0, "target": 30, "value": 4.8976172426337661e-06, "supply": "[{\"l\":'Energy for power irrigation',\"v\":4.8976172426337661e-06}]"}, {"source": 91, "prod": 0, "target": 32, "value": 6.3768662689691606e-06, "supply": "[{\"l\":'Energy for power irrigation',\"v\":6.3768662689691606e-06}]"}, {"source": 91, "prod": 0, "target": 35, "value": 8.3696369780220241e-06, "supply": "[{\"l\":'Energy for power irrigation',\"v\":8.3696369780220241e-06}]"}, {"source": 91, "prod": 0, "target": 36, "value": 3.586987276295153e-06, "supply": "[{\"l\":'Energy for power irrigation',\"v\":3.586987276295153e-06}]"}, {"source": 91, "prod": 0, "target": 39, "value": 4.0315284344684838e-05, "supply": "[{\"l\":'Energy for power irrigation',\"v\":4.0315284344684838e-05}]"}, {"source": 91, "prod": 0, "target": 40, "value": 1.5329005454252791e-08, "supply": "[{\"l\":'Energy for power irrigation',\"v\":1.5329005454252791e-08}]"}, {"source": 91, "prod": 0, "target": 41, "value": 6.7447623998712272e-07, "supply": "[{\"l\":'Energy for power irrigation',\"v\":6.7447623998712272e-07}]"}, {"source": 91, "prod": 0, "target": 80, "value": 3.4490262272068779e-06, "supply": "[{\"l\":'Energy for power irrigation',\"v\":3.4490262272068779e-06}]"}, {"source": 91, "prod": 0, "target": 45, "value": 3.2175582448476605e-05, "supply": "[{\"l\":'Energy for power irrigation',\"v\":3.2175582448476605e-05}]"}, {"source": 91, "prod": 0, "target": 90, "value": 2.5910757273918524e-05, "supply": "[{\"l\":'Energy for power irrigation',\"v\":2.5910757273918524e-05}]"}, {"source": 91, "prod": 0, "target": 47, "value": 5.4188034280783614e-06, "supply": "[{\"l\":'Energy for power irrigation',\"v\":5.4188034280783614e-06}]"}, {"source": 91, "prod": 0, "target": 18, "value": 2.6059309272229742e-07, "supply": "[{\"l\":'Energy for power irrigation',\"v\":2.6059309272229742e-07}]"}, {"source": 91, "prod": 0, "target": 52, "value": 1.4141007531548199e-05, "supply": "[{\"l\":'Energy for power irrigation',\"v\":1.4141007531548199e-05}]"}, {"source": 91, "prod": 0, "target": 4, "value": 9.810563490721786e-07, "supply": "[{\"l\":'Energy for power irrigation',\"v\":9.810563490721786e-07}]"}, {"source": 91, "prod": 0, "target": 5, "value": 7.5112126725838683e-07, "supply": "[{\"l\":'Energy for power irrigation',\"v\":7.5112126725838683e-07}]"}, {"source": 91, "prod": 0, "target": 54, "value": 1.180333419977465e-06, "supply": "[{\"l\":'Energy for power irrigation',\"v\":1.180333419977465e-06}]"}, {"source": 91, "prod": 0, "target": 58, "value": 5.7483770453447966e-07, "supply": "[{\"l\":'Energy for power irrigation',\"v\":5.7483770453447966e-07}]"}, {"source": 91, "prod": 0, "target": 9, "value": 1.37347888870105e-05, "supply": "[{\"l\":'Energy for power irrigation',\"v\":1.37347888870105e-05}]"}, {"source": 91, "prod": 0, "target": 61, "value": 4.1388314726482536e-07, "supply": "[{\"l\":'Energy for power irrigation',\"v\":4.1388314726482536e-07}]"}, {"source": 91, "prod": 0, "target": 12, "value": 6.5309227737844012e-05, "supply": "[{\"l\":'Energy for power irrigation',\"v\":6.5309227737844012e-05}]"}, {"source": 91, "prod": 0, "target": 11, "value": 1.658598390150152e-05, "supply": "[{\"l\":'Energy for power irrigation',\"v\":1.658598390150152e-05}]"}, {"source": 91, "prod": 0, "target": 57, "value": 1.2891693587026597e-05, "supply": "[{\"l\":'Energy for power irrigation',\"v\":1.2891693587026597e-05}]"}, {"source": 91, "prod": 0, "target": 64, "value": 6.4458467935132986e-06, "supply": "[{\"l\":'Energy for power irrigation',\"v\":6.4458467935132986e-06}]"}, {"source": 91, "prod": 0, "target": 66, "value": 1.5329005454252791e-07, "supply": "[{\"l\":'Energy for power irrigation',\"v\":1.5329005454252791e-07}]"}, {"source": 91, "prod": 0, "target": 68, "value": 2.8734220723996856e-05, "supply": "[{\"l\":'Energy for power irrigation',\"v\":2.8734220723996856e-05}]"}, {"source": 91, "prod": 0, "target": 7, "value": 7.6039531555820974e-05, "supply": "[{\"l\":'Energy for power irrigation',\"v\":7.6039531555820974e-05}]"}, {"source": 91, "prod": 0, "target": 42, "value": 5.5184419635310044e-06, "supply": "[{\"l\":'Energy for power irrigation',\"v\":5.5184419635310044e-06}]"}, {"source": 91, "prod": 0, "target": 74, "value": 2.1307317581411381e-06, "supply": "[{\"l\":'Energy for power irrigation',\"v\":2.1307317581411381e-06}]"}, {"source": 91, "prod": 0, "target": 81, "value": 7.6721672298535225e-06, "supply": "[{\"l\":'Energy for power irrigation',\"v\":7.6721672298535225e-06}]"}, {"source": 91, "prod": 0, "target": 78, "value": 7.2276260716801906e-06, "supply": "[{\"l\":'Energy for power irrigation',\"v\":7.2276260716801906e-06}]"}, {"source": 91, "prod": 0, "target": 13, "value": 0.00021422285122318273, "supply": "[{\"l\":'Energy for power irrigation',\"v\":0.00021422285122318273}]"}, {"source": 91, "prod": 0, "target": 79, "value": 0.0050000000039999992, "supply": "[{\"l\":'Electricity',\"v\":0.0050000000039999992}]"}, {"source": 92, "prod": 0, "target": 91, "value": 0.011163682365815776, "supply": [{"l": "Coal", "v": 0.0057616601398649894}, {"l": "Natural gas", "v": 0.0017056183624955077}, {"l": "Oil", "v": 0.0036964038634552791}]}, {"source": 93, "prod": 0, "target": 91, "value": 0.0015964038143075328, "supply": [{"l": "Nuclear", "v": 0.00017877361947687731}, {"l": "Hydroelectric", "v": 0.0014001190520929938}, {"l": "Renewable", "v": 1.7511142737661858e-05}]}, {"source": 92, "prod": 0, "target": 0, "value": 0.0068286382035134584, "supply": [{"l": "Motor Gasoline", "v": 0.0015263539298470631}, {"l": "Gas-Diesel oil", "v": 0.0044874248957683582}, {"l": "Liquefied petroleum gas (LPG)", "v": 0.000814859377898037}]}, {"source": 92, "prod": 0, "target": 15, "value": 0.014140286182570155, "supply": [{"l": "Motor Gasoline", "v": 0.0031606713872794133}, {"l": "Gas-Diesel oil", "v": 0.0092922586257837853}, {"l": "Liquefied petroleum gas (LPG)", "v": 0.0016873561695069552}]}, {"source": 92, "prod": 0, "target": 16, "value": 0.010143205286407997, "supply": [{"l": "Motor Gasoline", "v": 0.0022672340792910246}, {"l": "Gas-Diesel oil", "v": 0.0066655855191884673}, {"l": "Liquefied petroleum gas (LPG)", "v": 0.0012103856879285039}]}, {"source": 92, "prod": 0, "target": 17, "value": 0.00081901657592114258, "supply": [{"l": "Motor Gasoline", "v": 0.00018306859025331255}, {"l": "Gas-Diesel oil", "v": 0.00053821497981024896}, {"l": "Liquefied petroleum gas (LPG)", "v": 9.773300585758107e-05}]}, {"source": 92, "prod": 0, "target": 6, "value": 0.035511718714939799, "supply": [{"l": "Motor Gasoline", "v": 0.0079376663107269627}, {"l": "Gas-Diesel oil", "v": 0.023336449509208487}, {"l": "Liquefied petroleum gas (LPG)", "v": 0.0042376028950043484}]}, {"source": 92, "prod": 0, "target": 21, "value": 0.0060621226901513628, "supply": [{"l": "Motor Gasoline", "v": 0.0013550205056356295}, {"l": "Gas-Diesel oil", "v": 0.0039837108762023551}, {"l": "Liquefied petroleum gas (LPG)", "v": 0.00072339130831337774}]}, {"source": 92, "prod": 0, "target": 56, "value": 1.75003541863492e-05, "supply": [{"l": "Motor Gasoline", "v": 3.91172201395967e-06}, {"l": "Gas-Diesel oil", "v": 1.1500320081415576e-05}, {"l": "Liquefied petroleum gas (LPG)", "v": 2.0883120909739545e-06}]}, {"source": 92, "prod": 0, "target": 27, "value": 0.0060393722297091088, "supply": [{"l": "Motor Gasoline", "v": 0.0013499352670174819}, {"l": "Gas-Diesel oil", "v": 0.0039687604600965147}, {"l": "Liquefied petroleum gas (LPG)", "v": 0.00072067650259511153}]}, {"source": 92, "prod": 0, "target": 29, "value": 0.0014770298933278725, "supply": [{"l": "Motor Gasoline", "v": 0.00033014933797819612}, {"l": "Gas-Diesel oil", "v": 0.00097062701487147466}, {"l": "Liquefied petroleum gas (LPG)", "v": 0.00017625354047820174}]}, {"source": 92, "prod": 0, "target": 3, "value": 0.0006160124673594918, "supply": [{"l": "Motor Gasoline", "v": 0.00013769261489138038}, {"l": "Gas-Diesel oil", "v": 0.00040481126686582825}, {"l": "Liquefied petroleum gas (LPG)", "v": 7.3508585602283192e-05}]}, {"source": 92, "prod": 0, "target": 30, "value": 0.001118272632507714, "supply": [{"l": "Motor Gasoline", "v": 0.00024995903669202286}, {"l": "Gas-Diesel oil", "v": 0.00073487045320245526}, {"l": "Liquefied petroleum gas (LPG)", "v": 0.00013344314261323566}]}, {"source": 92, "prod": 0, "target": 32, "value": 0.0014560294683042534, "supply": [{"l": "Motor Gasoline", "v": 0.00032545527156144449}, {"l": "Gas-Diesel oil", "v": 0.00095682663077377591}, {"l": "Liquefied petroleum gas (LPG)", "v": 0.00017374756596903301}]}, {"source": 92, "prod": 0, "target": 35, "value": 0.0019110386771493328, "supply": [{"l": "Motor Gasoline", "v": 0.00042716004392439596}, {"l": "Gas-Diesel oil", "v": 0.0012558349528905811}, {"l": "Liquefied petroleum gas (LPG)", "v": 0.00022804368033435584}]}, {"source": 92, "prod": 0, "target": 36, "value": 0.00081901657592114258, "supply": [{"l": "Motor Gasoline", "v": 0.00018306859025331255}, {"l": "Gas-Diesel oil", "v": 0.00053821497981024896}, {"l": "Liquefied petroleum gas (LPG)", "v": 9.773300585758107e-05}]}, {"source": 92, "prod": 0, "target": 39, "value": 0.009205186302019679, "supply": [{"l": "Motor Gasoline", "v": 0.0020575657793427864}, {"l": "Gas-Diesel oil", "v": 0.006049168362824593}, {"l": "Liquefied petroleum gas (LPG)", "v": 0.0010984521598523}]}, {"source": 92, "prod": 0, "target": 40, "value": 3.5000708372698399e-06, "supply": [{"l": "Motor Gasoline", "v": 7.8234440279193391e-07}, {"l": "Gas-Diesel oil", "v": 2.300064016283115e-06}, {"l": "Liquefied petroleum gas (LPG)", "v": 4.1766241819479082e-07}]}, {"source": 92, "prod": 0, "target": 41, "value": 0.00015400311683987295, "supply": [{"l": "Motor Gasoline", "v": 3.4423153722845094e-05}, {"l": "Gas-Diesel oil", "v": 0.00010120281671645706}, {"l": "Liquefied petroleum gas (LPG)", "v": 1.8377146400570798e-05}]}, {"source": 92, "prod": 0, "target": 80, "value": 0.00078751593838571399, "supply": [{"l": "Motor Gasoline", "v": 0.00017602749062818515}, {"l": "Gas-Diesel oil", "v": 0.00051751440366370094}, {"l": "Liquefied petroleum gas (LPG)", "v": 9.3974044093827946e-05}]}, {"source": 92, "prod": 0, "target": 45, "value": 0.0073466486874293946, "supply": [{"l": "Motor Gasoline", "v": 0.0016421409014602693}, {"l": "Gas-Diesel oil", "v": 0.0048278343701782583}, {"l": "Liquefied petroleum gas (LPG)", "v": 0.00087667341579086594}]}, {"source": 92, "prod": 0, "target": 90, "value": 0.0059162015550630028, "supply": [{"l": "Motor Gasoline", "v": 0.0013224038562610493}, {"l": "Gas-Diesel oil", "v": 0.0038878191163962241}, {"l": "Liquefied petroleum gas (LPG)", "v": 0.00070597858240572934}]}, {"source": 92, "prod": 0, "target": 47, "value": 0.0012372750409748885, "supply": [{"l": "Motor Gasoline", "v": 0.00027655874638694866}, {"l": "Gas-Diesel oil", "v": 0.00081307262975608113}, {"l": "Liquefied petroleum gas (LPG)", "v": 0.00014764366483185857}]}, {"source": 92, "prod": 0, "target": 18, "value": 5.9501204233587282e-05, "supply": [{"l": "Motor Gasoline", "v": 1.3299854847462876e-05}, {"l": "Gas-Diesel oil", "v": 3.9101088276812954e-05}, {"l": "Liquefied petroleum gas (LPG)", "v": 7.1002611093114437e-06}]}, {"source": 92, "prod": 0, "target": 52, "value": 0.0032288153473814273, "supply": [{"l": "Motor Gasoline", "v": 0.00072171271157555901}, {"l": "Gas-Diesel oil", "v": 0.0021218090550211735}, {"l": "Liquefied petroleum gas (LPG)", "v": 0.00038529358078469457}]}, {"source": 92, "prod": 0, "target": 4, "value": 0.00022400453358526975, "supply": [{"l": "Motor Gasoline", "v": 5.007004177868377e-05}, {"l": "Gas-Diesel oil", "v": 0.00014720409704211936}, {"l": "Liquefied petroleum gas (LPG)", "v": 2.6730394764466613e-05}]}, {"source": 92, "prod": 0, "target": 5, "value": 0.00017150347102622216, "supply": [{"l": "Motor Gasoline", "v": 3.8334875736804765e-05}, {"l": "Gas-Diesel oil", "v": 0.00011270313679787264}, {"l": "Liquefied petroleum gas (LPG)", "v": 2.0465458491544753e-05}]}, {"source": 92, "prod": 0, "target": 54, "value": 0.00026950545446977769, "supply": [{"l": "Motor Gasoline", "v": 6.0240519014978916e-05}, {"l": "Gas-Diesel oil", "v": 0.00017710492925379986}, {"l": "Liquefied petroleum gas (LPG)", "v": 3.2160006200998899e-05}]}, {"source": 92, "prod": 0, "target": 58, "value": 0.00013125265639761901, "supply": [{"l": "Motor Gasoline", "v": 2.9337915104697525e-05}, {"l": "Gas-Diesel oil", "v": 8.6252400610616823e-05}, {"l": "Liquefied petroleum gas (LPG)", "v": 1.5662340682304657e-05}]}, {"source": 92, "prod": 0, "target": 9, "value": 0.0031360634701937764, "supply": [{"l": "Motor Gasoline", "v": 0.00070098058490157273}, {"l": "Gas-Diesel oil", "v": 0.0020608573585896711}, {"l": "Liquefied petroleum gas (LPG)", "v": 0.00037422552670253261}]}, {"source": 92, "prod": 0, "target": 61, "value": 9.4501912606285675e-05, "supply": [{"l": "Motor Gasoline", "v": 2.1123298875382214e-05}, {"l": "Gas-Diesel oil", "v": 6.2101728439644102e-05}, {"l": "Liquefied petroleum gas (LPG)", "v": 1.1276885291259353e-05}]}, {"source": 92, "prod": 0, "target": 12, "value": 0.014912051802188154, "supply": [{"l": "Motor Gasoline", "v": 0.0033331783280950347}, {"l": "Gas-Diesel oil", "v": 0.0097994227413742124}, {"l": "Liquefied petroleum gas (LPG)", "v": 0.0017794507327189065}]}, {"source": 92, "prod": 0, "target": 11, "value": 0.0037870766459259667, "supply": [{"l": "Motor Gasoline", "v": 0.00084649664382087245}, {"l": "Gas-Diesel oil", "v": 0.0024886692656183305}, {"l": "Liquefied petroleum gas (LPG)", "v": 0.00045191073648676369}]}, {"source": 92, "prod": 0, "target": 57, "value": 0.0029435595741439356, "supply": [{"l": "Motor Gasoline", "v": 0.00065795164274801642}, {"l": "Gas-Diesel oil", "v": 0.0019343538376940998}, {"l": "Liquefied petroleum gas (LPG)", "v": 0.0003512540937018191}]}, {"source": 92, "prod": 0, "target": 64, "value": 0.0014717797870719678, "supply": [{"l": "Motor Gasoline", "v": 0.00032897582137400821}, {"l": "Gas-Diesel oil", "v": 0.00096717691884704992}, {"l": "Liquefied petroleum gas (LPG)", "v": 0.00017562704685090955}]}, {"source": 92, "prod": 0, "target": 66, "value": 3.50007083726984e-05, "supply": [{"l": "Motor Gasoline", "v": 7.82344402791934e-06}, {"l": "Gas-Diesel oil", "v": 2.3000640162831151e-05}, {"l": "Liquefied petroleum gas (LPG)", "v": 4.176624181947909e-06}]}, {"source": 92, "prod": 0, "target": 68, "value": 0.0065608827844623151, "supply": [{"l": "Motor Gasoline", "v": 0.00146650458303348}, {"l": "Gas-Diesel oil", "v": 0.0043114699985226995}, {"l": "Liquefied petroleum gas (LPG)", "v": 0.00078290820290613538}]}, {"source": 92, "prod": 0, "target": 7, "value": 0.01736210138827704, "supply": [{"l": "Motor Gasoline", "v": 0.0038808194100493883}, {"l": "Gas-Diesel oil", "v": 0.011409467552772392}, {"l": "Liquefied petroleum gas (LPG)", "v": 0.0020718144254552599}]}, {"source": 92, "prod": 0, "target": 42, "value": 0.0012600255014171423, "supply": [{"l": "Motor Gasoline", "v": 0.00028164398500509619}, {"l": "Gas-Diesel oil", "v": 0.00082802304586192135}, {"l": "Liquefied petroleum gas (LPG)", "v": 0.0001503584705501247}]}, {"source": 92, "prod": 0, "target": 74, "value": 0.00048650984638050777, "supply": [{"l": "Motor Gasoline", "v": 0.00010874587198807882}, {"l": "Gas-Diesel oil", "v": 0.000319708898263353}, {"l": "Liquefied petroleum gas (LPG)", "v": 5.8055076129075929e-05}]}, {"source": 92, "prod": 0, "target": 81, "value": 0.001751785454053555, "supply": [{"l": "Motor Gasoline", "v": 0.00039156337359736294}, {"l": "Gas-Diesel oil", "v": 0.0011511820401496993}, {"l": "Liquefied petroleum gas (LPG)", "v": 0.00020904004030649283}]}, {"source": 92, "prod": 0, "target": 78, "value": 0.0016502833997727297, "supply": [{"l": "Motor Gasoline", "v": 0.00036887538591639683}, {"l": "Gas-Diesel oil", "v": 0.0010844801836774887}, {"l": "Liquefied petroleum gas (LPG)", "v": 0.00019692783017884389}]}, {"source": 92, "prod": 0, "target": 13, "value": 0.048913489950846011, "supply": [{"l": "Motor Gasoline", "v": 0.010933263029017277}, {"l": "Gas-Diesel oil", "v": 0.032143394627556533}, {"l": "Liquefied petroleum gas (LPG)", "v": 0.0058368322942722022}]}, {"source": 94, "prod": 17.149454652650164, "target": 0, "value": 0.210341177944012, "supply": [{"l": "Potash", "v": 0.28412247522729794}, {"l": "Phosphate", "v": 0.48055800038444629}, {"l": "Nitrogen", "v": 6.018451541851797}]}, {"source": 94, "prod": 35.511940951669231, "target": 15, "value": 0.43556040947914326, "supply": [{"l": "Potash", "v": 0.28412247522729794}, {"l": "Phosphate", "v": 0.48055800038444629}, {"l": "Nitrogen", "v": 6.018451541851797}]}, {"source": 94, "prod": 25.473664573746884, "target": 16, "value": 0.31243912541350422, "supply": [{"l": "Potash", "v": 0.28412247522729794}, {"l": "Phosphate", "v": 0.48055800038444629}, {"l": "Nitrogen", "v": 6.018451541851797}]}, {"source": 94, "prod": 2.0568797481907426, "target": 17, "value": 0.025228003915376121, "supply": [{"l": "Potash", "v": 0.28412247522729794}, {"l": "Phosphate", "v": 0.48055800038444629}, {"l": "Nitrogen", "v": 6.018451541851797}]}, {"source": 94, "prod": 89.184196261296037, "target": 6, "value": 1.0938603748948978, "supply": [{"l": "Potash", "v": 0.28412247522729794}, {"l": "Phosphate", "v": 0.48055800038444629}, {"l": "Nitrogen", "v": 6.018451541851797}]}, {"source": 94, "prod": 15.224426170369084, "target": 21, "value": 0.186730353766801, "supply": [{"l": "Potash", "v": 0.28412247522729794}, {"l": "Phosphate", "v": 0.48055800038444629}, {"l": "Nitrogen", "v": 6.018451541851797}]}, {"source": 94, "prod": 0.04395042196988766, "target": 56, "value": 0.00053905991272171195, "supply": [{"l": "Potash", "v": 0.28412247522729794}, {"l": "Phosphate", "v": 0.48055800038444629}, {"l": "Nitrogen", "v": 6.018451541851797}]}, {"source": 94, "prod": 15.167290621808229, "target": 27, "value": 0.18602957588026278, "supply": [{"l": "Potash", "v": 0.28412247522729794}, {"l": "Phosphate", "v": 0.48055800038444629}, {"l": "Nitrogen", "v": 6.018451541851797}]}, {"source": 94, "prod": 3.7094156142585186, "target": 29, "value": 0.045496656633712489, "supply": [{"l": "Potash", "v": 0.28412247522729794}, {"l": "Phosphate", "v": 0.48055800038444629}, {"l": "Nitrogen", "v": 6.018451541851797}]}, {"source": 94, "prod": 1.5470548533400454, "target": 3, "value": 0.018974908927804259, "supply": [{"l": "Potash", "v": 0.28412247522729794}, {"l": "Phosphate", "v": 0.48055800038444629}, {"l": "Nitrogen", "v": 6.018451541851797}]}, {"source": 94, "prod": 2.8084319638758211, "target": 30, "value": 0.034445928422917389, "supply": [{"l": "Potash", "v": 0.28412247522729794}, {"l": "Phosphate", "v": 0.48055800038444629}, {"l": "Nitrogen", "v": 6.018451541851797}]}, {"source": 94, "prod": 3.6566751078946531, "target": 32, "value": 0.044849784738446433, "supply": [{"l": "Potash", "v": 0.28412247522729794}, {"l": "Phosphate", "v": 0.48055800038444629}, {"l": "Nitrogen", "v": 6.018451541851797}]}, {"source": 94, "prod": 4.7993860791117324, "target": 35, "value": 0.058865342469210949, "supply": [{"l": "Potash", "v": 0.28412247522729794}, {"l": "Phosphate", "v": 0.48055800038444629}, {"l": "Nitrogen", "v": 6.018451541851797}]}, {"source": 94, "prod": 2.0568797481907426, "target": 36, "value": 0.025228003915376121, "supply": [{"l": "Potash", "v": 0.28412247522729794}, {"l": "Phosphate", "v": 0.48055800038444629}, {"l": "Nitrogen", "v": 6.018451541851797}]}, {"source": 94, "prod": 23.11792195616091, "target": 39, "value": 0.28354551409162049, "supply": [{"l": "Potash", "v": 0.28412247522729794}, {"l": "Phosphate", "v": 0.48055800038444629}, {"l": "Nitrogen", "v": 6.018451541851797}]}, {"source": 94, "prod": 0.0087900843939775312, "target": 40, "value": 0.00010781198254434238, "supply": [{"l": "Potash", "v": 0.28412247522729794}, {"l": "Phosphate", "v": 0.48055800038444629}, {"l": "Nitrogen", "v": 6.018451541851797}]}, {"source": 94, "prod": 0.38676371333501136, "target": 41, "value": 0.0047437272319510648, "supply": [{"l": "Potash", "v": 0.28412247522729794}, {"l": "Phosphate", "v": 0.48055800038444629}, {"l": "Nitrogen", "v": 6.018451541851797}]}, {"source": 94, "prod": 1.9777689886449445, "target": 80, "value": 0.024257696072477037, "supply": [{"l": "Potash", "v": 0.28412247522729794}, {"l": "Phosphate", "v": 0.48055800038444629}, {"l": "Nitrogen", "v": 6.018451541851797}]}, {"source": 94, "prod": 18.450387142958839, "target": 45, "value": 0.22629735136057466, "supply": [{"l": "Potash", "v": 0.28412247522729794}, {"l": "Phosphate", "v": 0.48055800038444629}, {"l": "Nitrogen", "v": 6.018451541851797}]}, {"source": 94, "prod": 14.857959560998346, "target": 90, "value": 0.18223557420363412, "supply": [{"l": "Potash", "v": 0.28412247522729794}, {"l": "Phosphate", "v": 0.48055800038444629}, {"l": "Nitrogen", "v": 6.018451541851797}]}, {"source": 94, "prod": 3.1072948332710575, "target": 47, "value": 0.038111535829425031, "supply": [{"l": "Potash", "v": 0.28412247522729794}, {"l": "Phosphate", "v": 0.48055800038444629}, {"l": "Nitrogen", "v": 6.018451541851797}]}, {"source": 94, "prod": 0.14943143469761802, "target": 18, "value": 0.0018328037032538204, "supply": [{"l": "Potash", "v": 0.28412247522729794}, {"l": "Phosphate", "v": 0.48055800038444629}, {"l": "Nitrogen", "v": 6.018451541851797}]}, {"source": 94, "prod": 8.1088528534442723, "target": 52, "value": 0.099456553897155853, "supply": [{"l": "Potash", "v": 0.28412247522729794}, {"l": "Phosphate", "v": 0.48055800038444629}, {"l": "Nitrogen", "v": 6.018451541851797}]}, {"source": 94, "prod": 0.562565401214562, "target": 4, "value": 0.0068999668828379126, "supply": [{"l": "Potash", "v": 0.28412247522729794}, {"l": "Phosphate", "v": 0.48055800038444629}, {"l": "Nitrogen", "v": 6.018451541851797}]}, {"source": 94, "prod": 0.43071413530489905, "target": 5, "value": 0.005282787144672777, "supply": [{"l": "Potash", "v": 0.28412247522729794}, {"l": "Phosphate", "v": 0.48055800038444629}, {"l": "Nitrogen", "v": 6.018451541851797}]}, {"source": 94, "prod": 0.67683649833626991, "target": 54, "value": 0.0083015226559143649, "supply": [{"l": "Potash", "v": 0.28412247522729794}, {"l": "Phosphate", "v": 0.48055800038444629}, {"l": "Nitrogen", "v": 6.018451541851797}]}, {"source": 94, "prod": 0.32962816477415746, "target": 58, "value": 0.0040429493454128395, "supply": [{"l": "Potash", "v": 0.28412247522729794}, {"l": "Phosphate", "v": 0.48055800038444629}, {"l": "Nitrogen", "v": 6.018451541851797}]}, {"source": 94, "prod": 7.8759156170038676, "target": 9, "value": 0.096599536359730773, "supply": [{"l": "Potash", "v": 0.28412247522729794}, {"l": "Phosphate", "v": 0.48055800038444629}, {"l": "Nitrogen", "v": 6.018451541851797}]}, {"source": 94, "prod": 0.23733227863739334, "target": 61, "value": 0.0029109235286972446, "supply": [{"l": "Potash", "v": 0.28412247522729794}, {"l": "Phosphate", "v": 0.48055800038444629}, {"l": "Nitrogen", "v": 6.018451541851797}]}, {"source": 94, "prod": 37.450154560541272, "target": 12, "value": 0.45933295163017074, "supply": [{"l": "Potash", "v": 0.28412247522729794}, {"l": "Phosphate", "v": 0.48055800038444629}, {"l": "Nitrogen", "v": 6.018451541851797}]}, {"source": 94, "prod": 9.5108713142836887, "target": 11, "value": 0.11665256511297846, "supply": [{"l": "Potash", "v": 0.28412247522729794}, {"l": "Phosphate", "v": 0.48055800038444629}, {"l": "Nitrogen", "v": 6.018451541851797}]}, {"source": 94, "prod": 7.392460975335104, "target": 57, "value": 0.090669877319791953, "supply": [{"l": "Potash", "v": 0.28412247522729794}, {"l": "Phosphate", "v": 0.48055800038444629}, {"l": "Nitrogen", "v": 6.018451541851797}]}, {"source": 94, "prod": 3.696230487667552, "target": 64, "value": 0.045334938659895976, "supply": [{"l": "Potash", "v": 0.28412247522729794}, {"l": "Phosphate", "v": 0.48055800038444629}, {"l": "Nitrogen", "v": 6.018451541851797}]}, {"source": 94, "prod": 0.087900843939775319, "target": 66, "value": 0.0010781198254434239, "supply": [{"l": "Potash", "v": 0.28412247522729794}, {"l": "Phosphate", "v": 0.48055800038444629}, {"l": "Nitrogen", "v": 6.018451541851797}]}, {"source": 94, "prod": 16.477013196510882, "target": 68, "value": 0.20209356127936978, "supply": [{"l": "Potash", "v": 0.28412247522729794}, {"l": "Phosphate", "v": 0.48055800038444629}, {"l": "Nitrogen", "v": 6.018451541851797}]}, {"source": 94, "prod": 43.603213636325542, "target": 7, "value": 0.53480133941121044, "supply": [{"l": "Potash", "v": 0.28412247522729794}, {"l": "Phosphate", "v": 0.48055800038444629}, {"l": "Nitrogen", "v": 6.018451541851797}]}, {"source": 94, "prod": 3.1644303818319113, "target": 42, "value": 0.038812313715963255, "supply": [{"l": "Potash", "v": 0.28412247522729794}, {"l": "Phosphate", "v": 0.48055800038444629}, {"l": "Nitrogen", "v": 6.018451541851797}]}, {"source": 94, "prod": 1.2218217307628769, "target": 74, "value": 0.014985865573663592, "supply": [{"l": "Potash", "v": 0.28412247522729794}, {"l": "Phosphate", "v": 0.48055800038444629}, {"l": "Nitrogen", "v": 6.018451541851797}]}, {"source": 94, "prod": 4.3994372391857546, "target": 81, "value": 0.053959897263443364, "supply": [{"l": "Potash", "v": 0.28412247522729794}, {"l": "Phosphate", "v": 0.48055800038444629}, {"l": "Nitrogen", "v": 6.018451541851797}]}, {"source": 94, "prod": 4.1445247917604062, "target": 78, "value": 0.050833349769657435, "supply": [{"l": "Potash", "v": 0.28412247522729794}, {"l": "Phosphate", "v": 0.48055800038444629}, {"l": "Nitrogen", "v": 6.018451541851797}]}, {"source": 94, "prod": 122.841429405836, "target": 13, "value": 1.5066724560571847, "supply": [{"l": "Potash", "v": 0.28412247522729794}, {"l": "Phosphate", "v": 0.48055800038444629}, {"l": "Nitrogen", "v": 6.018451541851797}]}, {"source": 92, "prod": 0, "target": 94, "value": 8.2665408931803697, "supply": [{"l": "Natural gas (including LNG)", "v": 5.545578401173084}, {"l": "Fuel oil", "v": 1.6570736724184163}, {"l": "Liquefied petroleum gas (LPG)", "v": 0.53194440979443491}, {"l": "Coal", "v": 0.53194440979443491}]}, {"source": 95, "prod": 0, "target": 0, "value": 0.38099260929168505, "supply": "[{\"l\":'Labor',\"v\":0.38099260929168505}]"}, {"source": 95, "prod": 0, "target": 39, "value": 0.513588191920621, "supply": "[{\"l\":'Labor',\"v\":0.513588191920621}]"}, {"source": 95, "prod": 0, "target": 16, "value": 0.56592341451937622, "supply": "[{\"l\":'Labor',\"v\":0.56592341451937622}]"}, {"source": 95, "prod": 0, "target": 17, "value": 0.045695679433241564, "supply": "[{\"l\":'Labor',\"v\":0.045695679433241564}]"}, {"source": 95, "prod": 0, "target": 6, "value": 1.9813177928618331, "supply": "[{\"l\":'Labor',\"v\":1.9813177928618331}]"}, {"source": 95, "prod": 0, "target": 21, "value": 0.33822614007852303, "supply": "[{\"l\":'Labor',\"v\":0.33822614007852303}]"}, {"source": 95, "prod": 0, "target": 23, "value": 0.00019528068133863917, "supply": "[{\"l\":'Labor',\"v\":0.00019528068133863917}]"}, {"source": 95, "prod": 0, "target": 25, "value": 0.0071277448688603284, "supply": "[{\"l\":'Labor',\"v\":0.0071277448688603284}]"}, {"source": 95, "prod": 0, "target": 52, "value": 0.18014642853489463, "supply": "[{\"l\":'Labor',\"v\":0.18014642853489463}]"}, {"source": 95, "prod": 0, "target": 27, "value": 0.33695681564982188, "supply": "[{\"l\":'Labor',\"v\":0.33695681564982188}]"}, {"source": 95, "prod": 0, "target": 29, "value": 0.082408447524905726, "supply": "[{\"l\":'Labor',\"v\":0.082408447524905726}]"}, {"source": 95, "prod": 0, "target": 3, "value": 0.034369399915600493, "supply": "[{\"l\":'Labor',\"v\":0.034369399915600493}]"}, {"source": 95, "prod": 0, "target": 30, "value": 0.062392177687695213, "supply": "[{\"l\":'Labor',\"v\":0.062392177687695213}]"}, {"source": 95, "prod": 0, "target": 32, "value": 0.081236763436873888, "supply": "[{\"l\":'Labor',\"v\":0.081236763436873888}]"}, {"source": 95, "prod": 0, "target": 35, "value": 0.10662325201089699, "supply": "[{\"l\":'Labor',\"v\":0.10662325201089699}]"}, {"source": 95, "prod": 0, "target": 36, "value": 0.045695679433241564, "supply": "[{\"l\":'Labor',\"v\":0.045695679433241564}]"}, {"source": 95, "prod": 0, "target": 15, "value": 0.78893395260810228, "supply": "[{\"l\":'Labor',\"v\":0.78893395260810228}]"}, {"source": 95, "prod": 0, "target": 40, "value": 0.00019528068133863917, "supply": "[{\"l\":'Labor',\"v\":0.00019528068133863917}]"}, {"source": 95, "prod": 0, "target": 41, "value": 0.0085923499789001233, "supply": "[{\"l\":'Labor',\"v\":0.0085923499789001233}]"}, {"source": 95, "prod": 0, "target": 80, "value": 0.043938153301193814, "supply": "[{\"l\":'Labor',\"v\":0.043938153301193814}]"}, {"source": 95, "prod": 0, "target": 44, "value": 9.7640340669319584e-05, "supply": "[{\"l\":'Labor',\"v\":9.7640340669319584e-05}]"}, {"source": 95, "prod": 0, "target": 45, "value": 0.40989415012980357, "supply": "[{\"l\":'Labor',\"v\":0.40989415012980357}]"}, {"source": 95, "prod": 0, "target": 47, "value": 0.069031720853208939, "supply": "[{\"l\":'Labor',\"v\":0.069031720853208939}]"}, {"source": 95, "prod": 0, "target": 50, "value": 9.7640340669319584e-05, "supply": "[{\"l\":'Labor',\"v\":9.7640340669319584e-05}]"}, {"source": 95, "prod": 0, "target": 18, "value": 0.0033197715827568658, "supply": "[{\"l\":'Labor',\"v\":0.0033197715827568658}]"}, {"source": 95, "prod": 0, "target": 4, "value": 0.012497963605672907, "supply": "[{\"l\":'Labor',\"v\":0.012497963605672907}]"}, {"source": 95, "prod": 0, "target": 5, "value": 0.0095687533855933187, "supply": "[{\"l\":'Labor',\"v\":0.0095687533855933187}]"}, {"source": 95, "prod": 0, "target": 54, "value": 0.015036612463075217, "supply": "[{\"l\":'Labor',\"v\":0.015036612463075217}]"}, {"source": 95, "prod": 0, "target": 55, "value": 9.7640340669319584e-05, "supply": "[{\"l\":'Labor',\"v\":9.7640340669319584e-05}]"}, {"source": 95, "prod": 0, "target": 90, "value": 0.33008471094562297, "supply": "[{\"l\":'Labor',\"v\":0.33008471094562297}]"}, {"source": 95, "prod": 0, "target": 57, "value": 0.16423105300579555, "supply": "[{\"l\":'Labor',\"v\":0.16423105300579555}]"}, {"source": 95, "prod": 0, "target": 58, "value": 0.0073230255501989692, "supply": "[{\"l\":'Labor',\"v\":0.0073230255501989692}]"}, {"source": 95, "prod": 0, "target": 9, "value": 0.17497149047942068, "supply": "[{\"l\":'Labor',\"v\":0.17497149047942068}]"}, {"source": 95, "prod": 0, "target": 61, "value": 0.0052725783961432571, "supply": "[{\"l\":'Labor',\"v\":0.0052725783961432571}]"}, {"source": 95, "prod": 0, "target": 12, "value": 0.8319933428432722, "supply": "[{\"l\":'Labor',\"v\":0.8319933428432722}]"}, {"source": 95, "prod": 0, "target": 11, "value": 0.21129369720840754, "supply": "[{\"l\":'Labor',\"v\":0.21129369720840754}]"}, {"source": 95, "prod": 0, "target": 64, "value": 0.082115526502897773, "supply": "[{\"l\":'Labor',\"v\":0.082115526502897773}]"}, {"source": 95, "prod": 0, "target": 66, "value": 0.0019528068133863917, "supply": "[{\"l\":'Labor',\"v\":0.0019528068133863917}]"}, {"source": 95, "prod": 0, "target": 67, "value": 0.00039056136267727834, "supply": "[{\"l\":'Labor',\"v\":0.00039056136267727834}]"}, {"source": 95, "prod": 0, "target": 68, "value": 0.36605363716927908, "supply": "[{\"l\":'Labor',\"v\":0.36605363716927908}]"}, {"source": 95, "prod": 0, "target": 59, "value": 0.00048820170334659793, "supply": "[{\"l\":'Labor',\"v\":0.00048820170334659793}]"}, {"source": 95, "prod": 0, "target": 7, "value": 0.96868981978031954, "supply": "[{\"l\":'Labor',\"v\":0.96868981978031954}]"}, {"source": 95, "prod": 0, "target": 42, "value": 0.070301045281910099, "supply": "[{\"l\":'Labor',\"v\":0.070301045281910099}]"}, {"source": 95, "prod": 0, "target": 56, "value": 0.00097640340669319587, "supply": "[{\"l\":'Labor',\"v\":0.00097640340669319587}]"}, {"source": 95, "prod": 0, "target": 74, "value": 0.027144014706070845, "supply": "[{\"l\":'Labor',\"v\":0.027144014706070845}]"}, {"source": 95, "prod": 0, "target": 81, "value": 0.0977379810099889, "supply": "[{\"l\":'Labor',\"v\":0.0977379810099889}]"}, {"source": 95, "prod": 0, "target": 78, "value": 0.092074841251168368, "supply": "[{\"l\":'Labor',\"v\":0.092074841251168368}]"}, {"source": 95, "prod": 0, "target": 13, "value": 2.7290475217074821, "supply": "[{\"l\":'Labor',\"v\":2.7290475217074821}]"}, {"source": 92, "prod": 0, "target": 85, "value": 10.441212612883247, "supply": "[{\"l\":'Fossil Fuels',\"v\":10.441212612883247}]"}, {"source": 93, "prod": 0, "target": 85, "value": 1.8894388401115259, "supply": "[{\"l\":'Renewables & Nuclear',\"v\":0.3617841530417939},{\"l\":'Biomass & Waste',\"v\":1.5276546870697318}]"}]}