{"nodes": [{"layer": 13, "name": "Animal Products", "fill": "#17becf"}, {"layer": 10, "name": "Feed", "fill": "#dbdb8d"}, {"layer": 5, "name": "Cereals", "fill": "#e7ba52"}, {"layer": 5, "name": "Oilcrops", "fill": "#ff9896"}, {"layer": 5, "name": "Sugar Crops", "fill": "#ffbb78"}, {"layer": 5, "name": "Starchy Roots"}, {"layer": 5, "name": "Fruits & Vegetables"}, {"layer": 13, "name": "Other Processed", "fill": "#9c9ede"}, {"layer": 16, "name": "Food", "fill": "#b5cf6b"}, {"layer": 13, "name": "Sugar", "fill": "#d6616b"}, {"layer": 5, "name": "Others"}, {"layer": 13, "name": "Aquatic Products", "fill": "#1f77b4"}, {"layer": 13, "name": "Vegetable Oils", "fill": "#f7b6d2"}, {"layer": 10, "name": "Processing", "fill": "#9edae5"}, {"layer": 16, "name": "Biofuels & Other", "fill": "#e7ba52"}, {"name": "Waste", "fill": "#c7c7c7"}, {"layer": 2, "name": "Import", "fill": "#aec7e8"}, {"layer": 16, "name": "Export", "fill": "#aec7e8"}, {"layer": 0, "name": "Stock Draw", "fill": "#c7c7c7"}, {"layer": 16, "name": "Stock Deposit", "fill": "#c7c7c7"}, {"name": "Crop Residue", "fill": "#bd9e39"}, {"layer": 2, "name": "Electricity", "fill": "#bcbd22"}, {"layer": 0, "name": "Fossil Fuels", "fill": "#c49c94"}, {"layer": 0, "name": "Renewables & Nuclear", "fill": "#2ca02c"}, {"layer": 2, "name": "Fertilizers", "fill": "#c5b0d5"}, {"layer": 0, "name": "Labor", "fill": "#7f7f7f"}], "links": [{"source": 0, "prod": 219.0, "target": 1, "value": 0.20721970207292223, "supply": [{"l": "Milk - Excluding Butter", "v": 0.20564747368086667}, {"l": "Meat, Other", "v": 0.0015722283920555555}]}, {"source": 2, "prod": 30789.0, "target": 1, "value": 109.09422080337299, "supply": [{"l": "Maize", "v": 76.478220120436816}, {"l": "Oats", "v": 0.93640073350367659}, {"l": "Rye", "v": 0.65762962989012297}, {"l": "Barley", "v": 0.30683979235448472}, {"l": "Rice", "v": 23.353031637299544}, {"l": "Sorghum", "v": 3.0321547561071434}, {"l": "Cereals, Other", "v": 0.29003219406242237}, {"l": "Wheat", "v": 1.5426343573249466}, {"l": "Millet", "v": 2.4972775823938496}]}, {"source": 3, "prod": 1563.0, "target": 1, "value": 6.9551729695842734, "supply": [{"l": "Soyabeans", "v": 1.2244004805417732}, {"l": "Cottonseed", "v": 5.5090882857626671}, {"l": "Oilcrops, Other", "v": 0.22168420327983338}]}, {"source": 4, "prod": 208.0, "target": 1, "value": 0.064449887954627735, "supply": [{"l": "Sugar cane", "v": 0.064449887954627735}]}, {"source": 5, "prod": 20210.0, "target": 1, "value": 21.805767232600296, "supply": [{"l": "Potatoes", "v": 4.0422182918662353}, {"l": "Roots, Other", "v": 0.034303164917575756}, {"l": "Sweet potatoes", "v": 17.398624286064031}, {"l": "Cassava", "v": 0.33062148975245198}]}, {"source": 6, "prod": 1046.0, "target": 1, "value": 1.6378895819353831, "supply": [{"l": "Vegetables, Other", "v": 0.20785569424821732}, {"l": "Peas", "v": 0.87535171096996567}, {"l": "Pulses, Other", "v": 0.5546821767172001}]}, {"source": 7, "prod": 1525.0, "target": 8, "value": 7.0015204604422268, "supply": [{"l": "Beer", "v": 0.043959623538321904}, {"l": "Beverages, Alcoholic", "v": 3.4084075360620436}, {"l": "Fats, Animals, Raw", "v": 3.4045033601571002}, {"l": "Butter, Ghee", "v": 0.12735049975650001}, {"l": "Beverages, Fermented", "v": 0.01729944092826019}]}, {"source": 0, "prod": 10141.0, "target": 8, "value": 29.900325316758884, "supply": [{"l": "Pigmeat", "v": 22.92658055342239}, {"l": "Meat, Other", "v": 0.15565061081350001}, {"l": "Poultry Meat", "v": 1.5530036191427969}, {"l": "Milk - Excluding Butter", "v": 1.5461294007474333}, {"l": "Mutton & Goat Meat", "v": 0.31021275581711538}, {"l": "Offals, Edible", "v": 0.62316844547514005}, {"l": "Bovine Meat", "v": 0.30988621607415001}, {"l": "Eggs", "v": 2.4756937152663601}]}, {"source": 2, "prod": 93392.0, "target": 8, "value": 362.91173696435953, "supply": [{"l": "Maize", "v": 7.4372691857796021}, {"l": "Rye", "v": 2.7933601421999508}, {"l": "Barley", "v": 7.436070592840716}, {"l": "Cereals, Other", "v": 3.39917731441159}, {"l": "Rice", "v": 210.24730881856641}, {"l": "Wheat", "v": 85.142653959053391}, {"l": "Oats", "v": 1.2360489682248532}, {"l": "Sorghum", "v": 21.684694118938875}, {"l": "Millet", "v": 23.535153864344196}]}, {"source": 3, "prod": 4823.0, "target": 8, "value": 18.637826678935337, "supply": [{"l": "Coconuts - Incl Copra", "v": 0.071897579442108117}, {"l": "Sesame seed", "v": 0.3018678512746667}, {"l": "Groundnuts", "v": 4.0145728970858574}, {"l": "Soyabeans", "v": 14.249488351132705}]}, {"source": 9, "prod": 1924.0, "target": 8, "value": 7.8199553009470808, "supply": [{"l": "Sugar", "v": 6.8256176550650487}, {"l": "Sugar non-centrifugal", "v": 0.62260244325400005}, {"l": "Sweeteners, Other", "v": 0.062455417505103444}, {"l": "Honey", "v": 0.30927978512292864}]}, {"source": 5, "prod": 85502.0, "target": 8, "value": 95.987661833422905, "supply": [{"l": "Roots, Other", "v": 0.61745696851636356}, {"l": "Potatoes", "v": 7.4335569444911513}, {"l": "Sweet potatoes", "v": 87.003560604891803}, {"l": "Cassava", "v": 0.9330873155235867}]}, {"source": 6, "prod": 49911.0, "target": 8, "value": 38.123984023961476, "supply": [{"l": "Citrus, Other", "v": 0.016271111080000001}, {"l": "Tomatoes", "v": 0.92880272836665301}, {"l": "Treenuts", "v": 0.31007078201582616}, {"l": "Apples", "v": 0.3118787749138775}, {"l": "Vegetables, Other", "v": 10.526845485624213}, {"l": "Peas", "v": 8.038012232906814}, {"l": "Grapes", "v": 0.068900878287711256}, {"l": "Dates", "v": 0.11320044422799999}, {"l": "Pineapples", "v": 0.016839735504991734}, {"l": "Beans", "v": 6.5138663515802762}, {"l": "Pulses, Other", "v": 8.676814050076203}, {"l": "Lemons, Limes", "v": 0.0058111111000000003}, {"l": "Bananas", "v": 0.054040413073668345}, {"l": "Fruits, Other", "v": 1.2385460368475294}, {"l": "Grapefruit", "v": 0.0011622222200000001}, {"l": "Oranges, Mandarines", "v": 0.064205097772488992}, {"l": "Onions", "v": 1.2387165683632244}]}, {"source": 10, "prod": 349.0, "target": 8, "value": 0.84416791791973, "supply": [{"l": "Nuts", "v": 0.31007078201582616}, {"l": "Cocoa Beans", "v": 0.019592384577923075}, {"l": "Coffee", "v": 0.0010792415233601695}, {"l": "Pimento", "v": 0.30139618275704999}, {"l": "Pepper", "v": 0.0084900333171}, {"l": "Spices, Other", "v": 0.11985929388847059}, {"l": "Tea", "v": 0.083679999840000005}]}, {"source": 11, "prod": 7107.0, "target": 8, "value": 6.652222994238107, "supply": [{"l": "Freshwater Fish", "v": 0.92509325294816047}, {"l": "Crustaceans", "v": 0.31021275581711538}, {"l": "Aquatic Products, Other", "v": 0.30760990279347827}, {"l": "Marine Fish, Other", "v": 1.2359062785892716}, {"l": "Demersal Fish", "v": 0.31130122162699997}, {"l": "Fish, Seafood", "v": 2.7846904027901029}, {"l": "Pelagic Fish", "v": 0.09905038869950003}, {"l": "Cephalopods", "v": 0.044164444359999999}, {"l": "Molluscs, Other", "v": 0.32658444382000001}, {"l": "Aquatic Plants", "v": 0.30760990279347827}]}, {"source": 12, "prod": 1292.0, "target": 8, "value": 13.20781716685126, "supply": [{"l": "Ricebran Oil", "v": 0.339601332684}, {"l": "Groundnut Oil", "v": 2.7879433730477028}, {"l": "Soyabean Oil", "v": 3.1195936374460462}, {"l": "Palm Oil", "v": 0.62613995713612502}, {"l": "Sunflowerseed Oil", "v": 0.339601332684}, {"l": "Coconut Oil", "v": 0.11206843978572001}, {"l": "Rape and Mustard Oil", "v": 2.7723224177761154}, {"l": "Oilcrops Oil, Other", "v": 0.29007613833425}, {"l": "Sesameseed Oil", "v": 0.96091740725359098}, {"l": "Cottonseed Oil", "v": 1.8489405890573338}, {"l": "Palmkernel Oil", "v": 0.010612541646375}]}, {"source": 0, "prod": 8.0, "target": 13, "value": 0.010769555967226171, "supply": [{"l": "Pigmeat", "v": 0.0041661967205928385}, {"l": "Milk - Excluding Butter", "v": 0.0066033592466333332}]}, {"source": 2, "prod": 49.0, "target": 13, "value": 0.14642810403374823, "supply": [{"l": "Maize", "v": 0.098484386478360011}, {"l": "Barley", "v": 0.047943717555388232}]}, {"source": 3, "prod": 8004.0, "target": 13, "value": 35.931416293802847, "supply": [{"l": "Sunflower seed", "v": 0.26885105504150003}, {"l": "Soyabeans", "v": 7.7404628080227038}, {"l": "Sesame seed", "v": 0.87258675759083348}, {"l": "Cottonseed", "v": 11.022893256701503}, {"l": "Rape and Mustardseed", "v": 4.2450166585500009}, {"l": "Groundnuts", "v": 4.3056597536721428}, {"l": "Palm kernels", "v": 0.070750277642500012}, {"l": "Oilcrops, Other", "v": 6.1316907290166673}, {"l": "Oil Palm", "v": 1.2735049975650001}]}, {"source": 4, "prod": 15827.0, "target": 13, "value": 7.1432468152144519, "supply": [{"l": "Sugar beet", "v": 3.05315777194}, {"l": "Sugar cane", "v": 4.0900890432744523}]}, {"source": 5, "prod": 1320.0, "target": 13, "value": 1.0889241112782511, "supply": [{"l": "Potatoes", "v": 1.0889241112782511}]}, {"source": 6, "prod": 40.0, "target": 13, "value": 0.023501822331072664, "supply": [{"l": "Fruits, Other", "v": 0.023501822331072664}]}, {"source": 7, "prod": 55.0, "target": 14, "value": 0.46695183244049998, "supply": [{"l": "Fats, Animals, Raw", "v": 0.46695183244049998}]}, {"source": 0, "prod": 32.0, "target": 14, "value": 0.054336213229440003, "supply": [{"l": "Eggs", "v": 0.045846179912340003}, {"l": "Offals, Edible", "v": 0.0084900333171}]}, {"source": 2, "prod": 2280.0, "target": 14, "value": 8.1298221058591054, "supply": [{"l": "Maize", "v": 3.4978937266452008}, {"l": "Wheat", "v": 3.7955980233716122}, {"l": "Barley", "v": 0.0047943717555388237}, {"l": "Rice", "v": 0.83153598408675311}]}, {"source": 3, "prod": 767.0, "target": 14, "value": 3.6176975301198335, "supply": [{"l": "Cottonseed", "v": 3.4101633823685003}, {"l": "Rape and Mustardseed", "v": 0.12263381458033334}, {"l": "Oilcrops, Other", "v": 0.084900333171000014}]}, {"source": 5, "prod": 35.0, "target": 14, "value": 0.042858341264206741, "supply": [{"l": "Cassava", "v": 0.042858341264206741}]}, {"source": 12, "prod": 393.0, "target": 14, "value": 2.9950950868658337, "supply": [{"l": "Cottonseed Oil", "v": 0.77353636889133337}, {"l": "Palmkernel Oil", "v": 0.063675249878250004}, {"l": "Oilcrops Oil, Other", "v": 2.1578834680962502}]}, {"source": 5, "prod": 1800.0, "target": 5, "value": 1.4848965153794333, "supply": [{"l": "Potatoes", "v": 1.4848965153794333}]}, {"source": 6, "prod": 742.0, "target": 6, "value": 2.8956632544431939, "supply": [{"l": "Peas", "v": 0.82206943291092416}, {"l": "Beans", "v": 0.78197675289078961}, {"l": "Pulses, Other", "v": 1.2916170686414801}]}, {"source": 0, "prod": 43.0, "target": 0, "value": 0.073014286527060004, "supply": [{"l": "Eggs", "v": 0.073014286527060004}]}, {"source": 2, "prod": 10412.0, "target": 2, "value": 40.111773615771561, "supply": [{"l": "Maize", "v": 3.3960133268400012}, {"l": "Wheat", "v": 12.843327905170483}, {"l": "Oats", "v": 0.21225083292749999}, {"l": "Rye", "v": 0.42902504426165167}, {"l": "Millet", "v": 0.82680136173850427}, {"l": "Barley", "v": 0.52498370723150123}, {"l": "Rice", "v": 20.420773167098893}, {"l": "Sorghum", "v": 0.72771714146571442}, {"l": "Cereals, Other", "v": 0.73088112903730429}]}, {"source": 3, "prod": 1400.0, "target": 3, "value": 5.6988920679251356, "supply": [{"l": "Sunflower seed", "v": 0.0094333703523333343}, {"l": "Soyabeans", "v": 3.1384058294346597}, {"l": "Sesame seed", "v": 0.047166851761666677}, {"l": "Cottonseed", "v": 1.4433056639070003}, {"l": "Groundnuts", "v": 0.73984576049014283}, {"l": "Rape and Mustardseed", "v": 0.27356774021766672}, {"l": "Oilcrops, Other", "v": 0.047166851761666677}]}, {"source": 7, "prod": 1.0, "target": 15, "value": 0.00066536311262539185, "supply": [{"l": "Beverages, Fermented", "v": 0.00066536311262539185}]}, {"source": 0, "prod": 172.0, "target": 15, "value": 0.22564621882781333, "supply": [{"l": "Eggs", "v": 0.14263255972728001}, {"l": "Milk - Excluding Butter", "v": 0.083013659100533321}]}, {"source": 2, "prod": 9482.0, "target": 15, "value": 35.821060923299548, "supply": [{"l": "Maize", "v": 8.0994917845134022}, {"l": "Rye", "v": 0.19102574963475}, {"l": "Barley", "v": 0.42669908624295533}, {"l": "Rice", "v": 15.882337296056983}, {"l": "Cereals, Other", "v": 0.22042446748744102}, {"l": "Wheat", "v": 8.0683364409855916}, {"l": "Oats", "v": 0.11236808802044118}, {"l": "Sorghum", "v": 1.3692572530210152}, {"l": "Millet", "v": 1.4511207573369667}]}, {"source": 3, "prod": 526.0, "target": 15, "value": 2.2834037483152803, "supply": [{"l": "Sunflower seed", "v": 0.0094333703523333343}, {"l": "Coconuts - Incl Copra", "v": 0.0045892071984324325}, {"l": "Sesame seed", "v": 0.042450166585500007}, {"l": "Cottonseed", "v": 0.66033592466333346}, {"l": "Oilcrops, Other", "v": 0.16508398116583337}, {"l": "Soyabeans", "v": 0.80923020265691903}, {"l": "Groundnuts", "v": 0.39418011829392863}, {"l": "Rape and Mustardseed", "v": 0.19810077739900003}]}, {"source": 5, "prod": 5711.0, "target": 15, "value": 6.3128061736240175, "supply": [{"l": "Roots, Other", "v": 0.034303164917575756}, {"l": "Potatoes", "v": 0.74244825768971667}, {"l": "Sweet potatoes", "v": 5.4956454578247591}, {"l": "Cassava", "v": 0.040409293191966358}]}, {"source": 6, "prod": 3815.0, "target": 15, "value": 2.088322445300193, "supply": [{"l": "Grapefruit", "v": 0.0011622222200000001}, {"l": "Tomatoes", "v": 0.070029806383411414}, {"l": "Treenuts", "v": 0.0092282970838043505}, {"l": "Vegetables, Other", "v": 0.84679671887513375}, {"l": "Peas", "v": 0.30827603734159659}, {"l": "Grapes", "v": 0.0023225015153161099}, {"l": "Dates", "v": 0.0056600222113999997}, {"l": "Beans", "v": 0.23068314210278287}, {"l": "Apples", "v": 0.04331649651581633}, {"l": "Lemons, Limes", "v": 0.0011622222200000001}, {"l": "Pineapples", "v": 0.0010524834690619834}, {"l": "Bananas", "v": 0.0085326968011055285}, {"l": "Fruits, Other", "v": 0.086369197066692036}, {"l": "Oranges, Mandarines", "v": 0.0021817266233370046}, {"l": "Pulses, Other", "v": 0.33280930603032005}, {"l": "Onions", "v": 0.13873956884041463}]}, {"source": 10, "prod": 10.0, "target": 15, "value": 0.021204997060904347, "supply": [{"l": "Nuts", "v": 0.0092282970838043505}, {"l": "Pimento", "v": 0.0084900333171}, {"l": "Tea", "v": 0.0034866666600000002}]}, {"source": 12, "prod": 1.0, "target": 15, "value": 0.010612541646375, "supply": [{"l": "Palm Oil", "v": 0.010612541646375}]}, {"source": 16, "prod": 14.0, "target": 10, "value": 0.028698524470695697, "supply": [{"l": "Cocoa Beans", "v": 0.021769316197692307}, {"l": "Tea", "v": 0.0023244444400000001}, {"l": "Pepper", "v": 0.00424501665855}, {"l": "Coffee", "v": 0.00035974717445338983}]}, {"source": 16, "prod": 1.0, "target": 1, "value": 0.00094333703523333322, "supply": [{"l": "Milk - Excluding Butter", "v": 0.00094333703523333322}]}, {"source": 16, "prod": 603.0, "target": 13, "value": 2.5502583557034995, "supply": [{"l": "Fats, Animals, Raw", "v": 0.0424501665855}, {"l": "Coconut Oil", "v": 0.13244451974676003}, {"l": "Sugar", "v": 2.3753636693712394}]}, {"source": 16, "prod": 6435.0, "target": 2, "value": 23.093384253938492, "supply": [{"l": "Maize", "v": 0.57732226556280009}, {"l": "Wheat", "v": 22.292860224226089}, {"l": "Rice", "v": 0.22320176414960213}]}, {"source": 16, "prod": 60.0, "target": 6, "value": 0.11320044422799999, "supply": [{"l": "Dates", "v": 0.11320044422799999}]}, {"source": 16, "prod": 7.0, "target": 3, "value": 0.034364420569214293, "supply": [{"l": "Sesame seed", "v": 0.0047166851761666672}, {"l": "Groundnuts", "v": 0.0060643095122142852}, {"l": "Oilcrops, Other", "v": 0.023583425880833338}]}, {"source": 7, "prod": 15.0, "target": 17, "value": 0.071627704666537992, "supply": [{"l": "Beer", "v": 0.0037074381297379911}, {"l": "Butter, Ghee", "v": 0.0084900333171}, {"l": "Fats, Animals, Raw", "v": 0.0594302332197}]}, {"source": 0, "prod": 293.0, "target": 17, "value": 0.96833102295507634, "supply": [{"l": "Pigmeat", "v": 0.81657455723619632}, {"l": "Meat, Other", "v": 0.0078611419602777795}, {"l": "Eggs", "v": 0.10018239314178}, {"l": "Milk - Excluding Butter", "v": 0.017923403669433333}, {"l": "Poultry Meat", "v": 0.01050746697660891}, {"l": "Offals, Edible", "v": 0.01528205997078}]}, {"source": 2, "prod": 1651.0, "target": 17, "value": 7.0607802406388531, "supply": [{"l": "Maize", "v": 0.49581794571864007}, {"l": "Barley", "v": 0.0023971858777694119}, {"l": "Rice", "v": 6.4859806758766743}, {"l": "Wheat", "v": 0.039462739373428861}, {"l": "Millet", "v": 0.03712169379234101}]}, {"source": 3, "prod": 708.0, "target": 17, "value": 2.7620653435676537, "supply": [{"l": "Sunflower seed", "v": 0.023583425880833338}, {"l": "Coconuts - Incl Copra", "v": 0.0015297357328108107}, {"l": "Sesame seed", "v": 0.014150055528500001}, {"l": "Oilcrops, Other", "v": 0.2641343698653334}, {"l": "Soyabeans", "v": 1.935115702005676}, {"l": "Groundnuts", "v": 0.38205149926949994}, {"l": "Rape and Mustardseed", "v": 0.14150055528500002}]}, {"source": 9, "prod": 537.0, "target": 17, "value": 2.2085160580960568, "supply": [{"l": "Sugar", "v": 2.1236157249250569}, {"l": "Honey", "v": 0.084900333171000014}]}, {"source": 5, "prod": 73.0, "target": 17, "value": 0.061560666232495342, "supply": [{"l": "Sweet potatoes", "v": 0.0046396331429504082}, {"l": "Potatoes", "v": 0.056921033089544937}]}, {"source": 6, "prod": 567.0, "target": 17, "value": 0.84879017526742029, "supply": [{"l": "Grapefruit", "v": 0.0081355555400000005}, {"l": "Treenuts", "v": 0.062752420169869566}, {"l": "Vegetables, Other", "v": 0.041202164244469104}, {"l": "Peas", "v": 0.23215849725725174}, {"l": "Grapes", "v": 0.0046450030306322198}, {"l": "Dates", "v": 0.0037733481409333329}, {"l": "Beans", "v": 0.10165697787580263}, {"l": "Apples", "v": 0.077969693728469375}, {"l": "Bananas", "v": 0.022753858136281408}, {"l": "Fruits, Other", "v": 0.029964823472117649}, {"l": "Oranges, Mandarines", "v": 0.012155334044306165}, {"l": "Onions", "v": 0.0099395512005073187}, {"l": "Pulses, Other", "v": 0.24168294842678001}]}, {"source": 10, "prod": 75.0, "target": 17, "value": 0.13118061721417296, "supply": [{"l": "Nuts", "v": 0.062752420169869566}, {"l": "Coffee", "v": 0.00035974717445338983}, {"l": "Pimento", "v": 0.02971511660985}, {"l": "Tea", "v": 0.038353333260000004}]}, {"source": 11, "prod": 193.0, "target": 17, "value": 0.2016232262147688, "supply": [{"l": "Crustaceans", "v": 0.025034713627346154}, {"l": "Marine Fish, Other", "v": 0.044875890390385725}, {"l": "Freshwater Fish", "v": 0.036042594270707544}, {"l": "Fish, Seafood", "v": 0.087534472386329346}, {"l": "Cephalopods", "v": 0.0069733333200000004}, {"l": "Molluscs, Other", "v": 0.0011622222200000001}]}, {"source": 12, "prod": 137.0, "target": 17, "value": 1.2827069144312482, "supply": [{"l": "Soyabean Oil", "v": 0.039488527056279067}, {"l": "Coconut Oil", "v": 0.020376079961040003}, {"l": "Rape and Mustard Oil", "v": 0.3134781532467692}, {"l": "Oilcrops Oil, Other", "v": 0.14857558304925}, {"l": "Groundnut Oil", "v": 0.28912005350124326}, {"l": "Cottonseed Oil", "v": 0.47166851761666673}]}, {"source": 18, "prod": 450.0, "target": 6, "value": 1.7282456659332648, "supply": [{"l": "Peas", "v": 1.1417631012651726}, {"l": "Beans", "v": 0.58648256466809212}]}, {"source": 18, "prod": 150.0, "target": 3, "value": 0.70750277642500015, "supply": [{"l": "Rape and Mustardseed", "v": 0.70750277642500015}]}, {"source": 18, "prod": 2000.0, "target": 4, "value": 0.61971046110218986, "supply": [{"l": "Sugar cane", "v": 0.61971046110218986}]}, {"source": 2, "prod": 1968.0, "target": 19, "value": 6.9586019448114715, "supply": [{"l": "Wheat", "v": 1.5569844443698295}, {"l": "Millet", "v": 2.0248196614004184}, {"l": "Rice", "v": 1.4617527299209236}, {"l": "Sorghum", "v": 1.9150451091203009}]}, {"source": 12, "prod": 10.0, "target": 19, "value": 0.098721317640697651, "supply": [{"l": "Soyabean Oil", "v": 0.098721317640697651}]}, {"source": 3, "prod": 20.0, "target": 19, "value": 0.094333703523333354, "supply": [{"l": "Sesame seed", "v": 0.094333703523333354}]}, {"source": 9, "prod": 109.0, "target": 19, "value": 0.4425891281392566, "supply": [{"l": "Sugar", "v": 0.4425891281392566}]}, {"source": 18, "prod": 850.0, "target": 2, "value": 2.0376079961040001, "supply": [{"l": "Barley", "v": 2.0376079961040001}]}, {"source": 1, "prod": 7300.0, "target": 11, "value": 6.8538462204528763, "supply": [{"l": "Pelagic Fish", "v": 0.09905038869950003}, {"l": "Crustaceans", "v": 0.33524746944446154}, {"l": "Freshwater Fish", "v": 0.96113584721886802}, {"l": "Molluscs, Other", "v": 0.32774666604000002}, {"l": "Aquatic Plants", "v": 0.30760990279347827}, {"l": "Demersal Fish", "v": 0.31130122162699997}, {"l": "Aquatic Products, Other", "v": 0.30760990279347827}, {"l": "Fish, Seafood", "v": 2.8722248751764323}, {"l": "Marine Fish, Other", "v": 1.2807821689796572}, {"l": "Cephalopods", "v": 0.051137777679999996}]}, {"source": 1, "prod": 10865.0, "target": 0, "value": 31.366628029811363, "supply": [{"l": "Poultry Meat", "v": 1.5635110861194059}, {"l": "Pigmeat", "v": 23.747321307379181}, {"l": "Bovine Meat", "v": 0.30988621607415001}, {"l": "Eggs", "v": 2.83736913457482}, {"l": "Milk - Excluding Butter", "v": 1.8593172964448998}, {"l": "Offals, Edible", "v": 0.64694053876302005}, {"l": "Meat, Other", "v": 0.16508398116583337}, {"l": "Mutton & Goat Meat", "v": 0.31021275581711538}]}, {"source": 13, "prod": 1596.0, "target": 7, "value": 7.5407653606618892, "supply": [{"l": "Fats, Animals, Raw", "v": 3.9308854258173}, {"l": "Beer", "v": 0.047667061668059896}, {"l": "Beverages, Alcoholic", "v": 3.4084075360620436}, {"l": "Butter, Ghee", "v": 0.1358405330736}, {"l": "Beverages, Fermented", "v": 0.017964804040885581}]}, {"source": 13, "prod": 1833.0, "target": 12, "value": 17.594953027435416, "supply": [{"l": "Ricebran Oil", "v": 0.339601332684}, {"l": "Sesameseed Oil", "v": 0.96091740725359098}, {"l": "Soyabean Oil", "v": 3.2578034821430228}, {"l": "Coconut Oil", "v": 0.13244451974676003}, {"l": "Rape and Mustard Oil", "v": 3.0858005710228849}, {"l": "Cottonseed Oil", "v": 3.0941454755653339}, {"l": "Groundnut Oil", "v": 3.0770634265489463}, {"l": "Palm Oil", "v": 0.63675249878250006}, {"l": "Palmkernel Oil", "v": 0.074287791524625002}, {"l": "Oilcrops Oil, Other", "v": 2.5965351894797499}, {"l": "Sunflowerseed Oil", "v": 0.339601332684}]}, {"source": 13, "prod": 2570.0, "target": 9, "value": 10.471060487182395, "supply": [{"l": "Honey", "v": 0.39418011829392863}, {"l": "Sweeteners, Other", "v": 0.062455417505103444}, {"l": "Sugar non-centrifugal", "v": 0.62260244325400005}, {"l": "Sugar", "v": 9.391822508129362}]}, {"source": 5, "prod": 57325.25, "target": 20, "value": 219.11075010435971, "supply": [{"l": "Roots, Other", "v": 1.3946666640000001}, {"l": "Potatoes", "v": 31.379999940000001}, {"l": "Sweet potatoes", "v": 165.18170468416503}, {"l": "Cassava", "v": 1.9176666630000001}]}, {"source": 4, "prod": 6014.0, "target": 20, "value": 2.7591365890471944, "supply": [{"l": "Sugar beet", "v": 1.2212631087760002}, {"l": "Sugar cane", "v": 1.5378734802711944}]}, {"source": 6, "prod": 55864.0, "target": 20, "value": 179.87457343830962, "supply": [{"l": "Vegetables, Other", "v": 131.79599974799999}, {"l": "Pulses, Other", "v": 9.7644099813300027}, {"l": "Beans", "v": 6.5392433208300007}, {"l": "Onions", "v": 11.680333311000004}, {"l": "Tomatoes", "v": 13.425409974330002}, {"l": "Peas", "v": 8.8909999830000022}]}, {"source": 2, "prod": 292758.0, "target": 20, "value": 1218.3856368317572, "supply": [{"l": "Sorghum", "v": 62.763486546660005}, {"l": "Rice", "v": 443.85963915132004}, {"l": "Wheat", "v": 197.95549962150002}, {"l": "Oats", "v": 6.9733333200000001}, {"l": "Maize", "v": 203.72593294380005}, {"l": "Barley", "v": 22.488999957000004}, {"l": "Cereals, Other", "v": 11.157333312000002}, {"l": "Rye", "v": 9.0653333159999985}, {"l": "Millet", "v": 62.759999880000002}]}, {"source": 3, "prod": 17432.5, "target": 20, "value": 54.950411773954173, "supply": [{"l": "Coconuts - Incl Copra", "v": 0.057671351241081081}, {"l": "Sesame seed", "v": 1.01287666473}, {"l": "Groundnuts", "v": 5.6518866558600003}, {"l": "Oilcrops, Other", "v": 5.1044799902400007}, {"l": "Soyabeans", "v": 28.834733278200002}, {"l": "Palm kernels", "v": 0.052299999900000005}, {"l": "Sunflower seed", "v": 0.23011999956000001}, {"l": "Cottonseed", "v": 16.296679968839999}, {"l": "Rape and Mustardseed", "v": 3.4204199934600004}]}, {"source": 21, "prod": 0, "target": 2, "value": 0.16942041577018194, "supply": "[{\"l\":'Energy for power irrigation',\"v\":0.16942041577018194}]"}, {"source": 21, "prod": 0, "target": 3, "value": 0.020523760393531525, "supply": "[{\"l\":'Energy for power irrigation',\"v\":0.020523760393531525}]"}, {"source": 21, "prod": 0, "target": 4, "value": 0.017401648809629015, "supply": "[{\"l\":'Energy for power irrigation',\"v\":0.017401648809629015}]"}, {"source": 21, "prod": 0, "target": 5, "value": 0.13269755482862461, "supply": "[{\"l\":'Energy for power irrigation',\"v\":0.13269755482862461}]"}, {"source": 21, "prod": 0, "target": 6, "value": 0.064657513076229814, "supply": "[{\"l\":'Energy for power irrigation',\"v\":0.064657513076229814}]"}, {"source": 21, "prod": 0, "target": 10, "value": 0.00049479247529872982, "supply": "[{\"l\":'Energy for power irrigation',\"v\":0.00049479247529872982}]"}, {"source": 21, "prod": 0, "target": 13, "value": 15.655662466320742, "supply": "[{\"l\":'Electricity',\"v\":15.655662466320742}]"}, {"source": 22, "prod": 0, "target": 21, "value": 32.161003759798277, "supply": [{"l": "Coal", "v": 26.518356566507929}, {"l": "Natural gas", "v": 0.0}, {"l": "Oil", "v": 5.6426471932903475}]}, {"source": 23, "prod": 0, "target": 21, "value": 3.5744931572858114, "supply": [{"l": "Nuclear", "v": 0.0}, {"l": "Hydroelectric", "v": 3.5744931572858114}, {"l": "Renewable", "v": 0.0}]}, {"source": 22, "prod": 0, "target": 2, "value": 113.56789337117247, "supply": [{"l": "Motor Gasoline", "v": 7.5857380469893547}, {"l": "Gas-Diesel oil", "v": 36.094827573276135}, {"l": "Natural gas (including LNG)", "v": 0.20127831740556698}, {"l": "Fuel oil", "v": 0.150151534184603}, {"l": "Liquefied petroleum gas (LPG)", "v": 0.0054936320907578292}, {"l": "Coal", "v": 69.530404267226046}]}, {"source": 22, "prod": 0, "target": 3, "value": 13.757729381976349, "supply": [{"l": "Motor Gasoline", "v": 0.91894397364539127}, {"l": "Gas-Diesel oil", "v": 4.372563891973023}, {"l": "Natural gas (including LNG)", "v": 0.024383058795279494}, {"l": "Fuel oil", "v": 0.018189508603887666}, {"l": "Liquefied petroleum gas (LPG)", "v": 0.00066550414369112522}, {"l": "Coal", "v": 8.4229834448150758}]}, {"source": 22, "prod": 0, "target": 4, "value": 11.664878683660758, "supply": [{"l": "Motor Gasoline", "v": 0.7791525528695028}, {"l": "Gas-Diesel oil", "v": 3.7074015573559507}, {"l": "Natural gas (including LNG)", "v": 0.020673863752264328}, {"l": "Fuel oil", "v": 0.015422487627771103}, {"l": "Liquefied petroleum gas (LPG)", "v": 0.00056426644863364261}, {"l": "Coal", "v": 7.141663955606635}]}, {"source": 22, "prod": 0, "target": 5, "value": 88.951391654210028, "supply": [{"l": "Motor Gasoline", "v": 5.9414851854183519}, {"l": "Gas-Diesel oil", "v": 28.271063668216723}, {"l": "Natural gas (including LNG)", "v": 0.15765007090980918}, {"l": "Fuel oil", "v": 0.11760531544847161}, {"l": "Liquefied petroleum gas (LPG)", "v": 0.0043028553687443584}, {"l": "Coal", "v": 54.459284558847919}]}, {"source": 22, "prod": 0, "target": 6, "value": 43.34198754798966, "supply": [{"l": "Motor Gasoline", "v": 2.8950168416030531}, {"l": "Gas-Diesel oil", "v": 13.775209883613757}, {"l": "Natural gas (including LNG)", "v": 0.076815744905653099}, {"l": "Fuel oil", "v": 0.05730374784421715}, {"l": "Liquefied petroleum gas (LPG)", "v": 0.0020965866901542936}, {"l": "Coal", "v": 26.535544743332828}]}, {"source": 22, "prod": 0, "target": 10, "value": 0.33167513383870795, "supply": [{"l": "Motor Gasoline", "v": 0.022154154729079643}, {"l": "Gas-Diesel oil", "v": 0.10541497610706145}, {"l": "Natural gas (including LNG)", "v": 0.00058783350542687056}, {"l": "Fuel oil", "v": 0.00043851768944942775}, {"l": "Liquefied petroleum gas (LPG)", "v": 1.60441574187484e-05}, {"l": "Coal", "v": 0.20306360765027179}]}, {"source": 24, "prod": 718.84125601581877, "target": 2, "value": 9.3687993721032914, "supply": [{"l": "Potash", "v": 0.43523141485238082}, {"l": "Phosphate", "v": 1.9217884563024747}, {"l": "Nitrogen", "v": 20.049943689059269}]}, {"source": 24, "prod": 87.081156260805912, "target": 3, "value": 1.1349458246457595, "supply": [{"l": "Potash", "v": 0.43523141485238082}, {"l": "Phosphate", "v": 1.9217884563024747}, {"l": "Nitrogen", "v": 20.049943689059269}]}, {"source": 24, "prod": 73.83421313301659, "target": 4, "value": 0.96229581128148833, "supply": [{"l": "Potash", "v": 0.43523141485238082}, {"l": "Phosphate", "v": 1.9217884563024747}, {"l": "Nitrogen", "v": 20.049943689059269}]}, {"source": 24, "prod": 563.02823098150441, "target": 5, "value": 7.3380575930381298, "supply": [{"l": "Potash", "v": 0.43523141485238082}, {"l": "Phosphate", "v": 1.9217884563024747}, {"l": "Nitrogen", "v": 20.049943689059269}]}, {"source": 24, "prod": 274.33817641921109, "target": 6, "value": 3.5755033722267417, "supply": [{"l": "Potash", "v": 0.43523141485238082}, {"l": "Phosphate", "v": 1.9217884563024747}, {"l": "Nitrogen", "v": 20.049943689059269}]}, {"source": 24, "prod": 2.0993765290565078, "target": 10, "value": 0.027361586918712089, "supply": [{"l": "Potash", "v": 0.43523141485238082}, {"l": "Phosphate", "v": 1.9217884563024747}, {"l": "Nitrogen", "v": 20.049943689059269}]}, {"source": 22, "prod": 0, "target": 24, "value": 26.765290975460957, "supply": [{"l": "Natural gas (including LNG)", "v": 18.178188578596405}, {"l": "Fuel oil", "v": 5.0428500628807615}, {"l": "Liquefied petroleum gas (LPG)", "v": 1.7721261669918953}, {"l": "Coal", "v": 1.7721261669918953}]}, {"source": 25, "prod": 0, "target": 2, "value": 59.657083449057602, "supply": "[{\"l\":'Labor',\"v\":59.657083449057602}]"}, {"source": 25, "prod": 0, "target": 3, "value": 7.2269193822912712, "supply": "[{\"l\":'Labor',\"v\":7.2269193822912712}]"}, {"source": 25, "prod": 0, "target": 4, "value": 6.1275473234315108, "supply": "[{\"l\":'Labor',\"v\":6.1275473234315108}]"}, {"source": 25, "prod": 0, "target": 5, "value": 46.726063478888214, "supply": "[{\"l\":'Labor',\"v\":46.726063478888214}]"}, {"source": 25, "prod": 0, "target": 6, "value": 22.76749608754093, "supply": "[{\"l\":'Labor',\"v\":22.76749608754093}]"}, {"source": 25, "prod": 0, "target": 10, "value": 0.17422856539853479, "supply": "[{\"l\":'Labor',\"v\":0.17422856539853479}]"}, {"source": 22, "prod": 0, "target": 16, "value": 19.440442004097282, "supply": "[{\"l\":'Fossil Fuels',\"v\":19.440442004097282}]"}, {"source": 23, "prod": 0, "target": 16, "value": 12.566052062747636, "supply": "[{\"l\":'Renewables & Nuclear',\"v\":0.22769822168987608},{\"l\":'Biomass & Waste',\"v\":12.33835384105776}]"}]}