{"nodes": [{"layer": 13, "name": "Milk - Excluding Butter"}, {"layer": 10, "name": "Feed", "fill": "#dbdb8d"}, {"layer": 5, "name": "Oilcrops", "fill": "#ff9896"}, {"layer": 5, "name": "Vegetables"}, {"layer": 5, "name": "Sugar Crops", "fill": "#ffbb78"}, {"layer": 5, "name": "Starchy Roots"}, {"layer": 5, "name": "Pulses"}, {"layer": 13, "name": "Fish, Seafood"}, {"layer": 5, "name": "Cereals - Excluding Beer"}, {"layer": 13, "name": "Meat"}, {"layer": 16, "name": "Food", "fill": "#b5cf6b"}, {"layer": 13, "name": "Sugar & Sweeteners"}, {"layer": 5, "name": "Treenuts"}, {"layer": 13, "name": "Alcoholic Beverages"}, {"layer": 13, "name": "Animal Fats"}, {"layer": 13, "name": "Aquatic Products, Other"}, {"layer": 5, "name": "Others"}, {"layer": 13, "name": "Vegetable Oils", "fill": "#f7b6d2"}, {"layer": 5, "name": "Spices"}, {"layer": 5, "name": "Stimulants"}, {"layer": 13, "name": "Eggs"}, {"layer": 5, "name": "Fruits - Excluding Wine"}, {"layer": 10, "name": "Processing", "fill": "#9edae5"}, {"layer": 16, "name": "Biofuels & Other", "fill": "#e7ba52"}, {"name": "Waste", "fill": "#c7c7c7"}, {"layer": 2, "name": "Import", "fill": "#aec7e8"}, {"layer": 16, "name": "Export", "fill": "#aec7e8"}, {"layer": 16, "name": "Stock Deposit", "fill": "#c7c7c7"}, {"layer": 0, "name": "Stock Draw", "fill": "#c7c7c7"}, {"name": "Crop Residue", "fill": "#bd9e39"}, {"layer": 2, "name": "Electricity", "fill": "#bcbd22"}, {"layer": 0, "name": "Fossil Fuels", "fill": "#c49c94"}, {"layer": 0, "name": "Renewables & Nuclear", "fill": "#2ca02c"}, {"layer": 2, "name": "Fertilizers", "fill": "#c5b0d5"}, {"layer": 0, "name": "Labor", "fill": "#7f7f7f"}], "links": [{"source": 0, "prod": 324.0, "target": 1, "value": 0.3387648761995567, "supply": [{"l": "Milk - Excluding Butter", "v": 0.3387648761995567}]}, {"source": 2, "prod": 1437.0, "target": 1, "value": 8.0801157303859554, "supply": [{"l": "Soyabeans", "v": 0.7021571998920112}, {"l": "Cottonseed", "v": 7.0431403151716907}, {"l": "Oilcrops, Other", "v": 0.33481821532225353}]}, {"source": 3, "prod": 693.0, "target": 1, "value": 0.21500025147903062, "supply": [{"l": "Vegetables, Other", "v": 0.21500025147903062}]}, {"source": 4, "prod": 367.0, "target": 1, "value": 0.14162919215344091, "supply": [{"l": "Sugar cane", "v": 0.14162919215344091}]}, {"source": 5, "prod": 33448.0, "target": 1, "value": 36.342574001898782, "supply": [{"l": "Potatoes", "v": 6.1420719499785639}, {"l": "Roots, Other", "v": 0.042887797168855678}, {"l": "Sweet potatoes", "v": 29.008721036517997}, {"l": "Cassava", "v": 1.1488932182333711}]}, {"source": 6, "prod": 800.0, "target": 1, "value": 3.1683102860347523, "supply": [{"l": "Peas", "v": 1.4844536781432518}, {"l": "Pulses, Other", "v": 1.6838566078915003}]}, {"source": 7, "prod": 70.0, "target": 1, "value": 0.068842983887237058, "supply": [{"l": "Fish, Seafood", "v": 0.027800005144350312}, {"l": "Marine Fish, Other", "v": 0.041042978742886739}]}, {"source": 8, "prod": 47906.0, "target": 1, "value": 167.67206900149944, "supply": [{"l": "Maize", "v": 126.19672599802232}, {"l": "Oats", "v": 0.69312075277308194}, {"l": "Rye", "v": 0.66707404634357159}, {"l": "Barley", "v": 0.14502548014975089}, {"l": "Rice", "v": 28.697070328328635}, {"l": "Sorghum", "v": 5.7168751130770099}, {"l": "Cereals, Other", "v": 0.90159645845309744}, {"l": "Wheat", "v": 1.8383930411043312}, {"l": "Millet", "v": 2.8161877832476465}]}, {"source": 9, "prod": 1.0, "target": 1, "value": 0.0015722283920555555, "supply": [{"l": "Meat, Other", "v": 0.0015722283920555555}]}, {"source": 0, "prod": 1855.0, "target": 10, "value": 1.9395334733030174, "supply": [{"l": "Milk - Excluding Butter", "v": 1.9395334733030174}]}, {"source": 9, "prod": 9533.0, "target": 10, "value": 35.069308222478568, "supply": [{"l": "Pigmeat", "v": 30.623107766095679}, {"l": "Meat, Other", "v": 0.19810077739900003}, {"l": "Poultry Meat", "v": 2.3213538464386581}, {"l": "Mutton & Goat Meat", "v": 0.76909713578435313}, {"l": "Offals, Edible", "v": 0.77389919082796155}, {"l": "Bovine Meat", "v": 0.38374950593292001}]}, {"source": 11, "prod": 2626.0, "target": 10, "value": 12.967254319662445, "supply": [{"l": "Sugar", "v": 11.290111613028175}, {"l": "Sugar non-centrifugal", "v": 1.1755430746753848}, {"l": "Sweeteners, Other", "v": 0.091248021632383172}, {"l": "Honey", "v": 0.41035161032650003}]}, {"source": 12, "prod": 204.0, "target": 10, "value": 0.39362881742918193, "supply": [{"l": "Treenuts", "v": 0.39362881742918193}]}, {"source": 3, "prod": 42878.0, "target": 10, "value": 13.187145162548202, "supply": [{"l": "Tomatoes", "v": 0.77565268586775193}, {"l": "Vegetables, Other", "v": 11.247026142305655}, {"l": "Onions", "v": 1.1644663343747941}]}, {"source": 13, "prod": 2422.0, "target": 10, "value": 7.5336810524664433, "supply": [{"l": "Beer", "v": 0.13193145298515108}, {"l": "Beverages, Alcoholic", "v": 7.3702271985514649}, {"l": "Beverages, Fermented", "v": 0.031522400929826735}]}, {"source": 14, "prod": 600.0, "target": 10, "value": 4.9969910380645715, "supply": [{"l": "Fats, Animals, Raw", "v": 4.6573897053805711}, {"l": "Butter, Ghee", "v": 0.339601332684}]}, {"source": 5, "prod": 101046.0, "target": 10, "value": 113.24885475767798, "supply": [{"l": "Roots, Other", "v": 0.77198034903940216}, {"l": "Potatoes", "v": 9.3081638003841825}, {"l": "Sweet potatoes", "v": 101.61174804671523}, {"l": "Cassava", "v": 1.5569625615391454}]}, {"source": 6, "prod": 4595.0, "target": 10, "value": 18.190083410145498, "supply": [{"l": "Peas", "v": 5.8010887159019182}, {"l": "Beans", "v": 5.8059171938677636}, {"l": "Pulses, Other", "v": 6.5830775003758166}]}, {"source": 15, "prod": 1700.0, "target": 10, "value": 0.78439286377993067, "supply": [{"l": "Aquatic Plants", "v": 0.38943413693654355}, {"l": "Aquatic Products, Other", "v": 0.38798539352338707}, {"l": "Aquatic Animals, Others", "v": 0.0069733333200000004}]}, {"source": 7, "prod": 8794.0, "target": 10, "value": 7.8612656265200815, "supply": [{"l": "Freshwater Fish", "v": 0.77611719662923595}, {"l": "Crustaceans", "v": 0.38784015834934094}, {"l": "Marine Fish, Other", "v": 1.9348832835932326}, {"l": "Demersal Fish", "v": 0.38954270513752948}, {"l": "Fish, Seafood", "v": 3.4924749319916661}, {"l": "Pelagic Fish", "v": 0.19469001482861237}, {"l": "Cephalopods", "v": 0.069739559390464292}, {"l": "Molluscs, Other", "v": 0.61597777660000008}]}, {"source": 16, "prod": 204.0, "target": 10, "value": 0.39362881742918193, "supply": [{"l": "Nuts", "v": 0.39362881742918193}]}, {"source": 8, "prod": 123841.0, "target": 10, "value": 489.82511697365243, "supply": [{"l": "Maize", "v": 12.035928385961112}, {"l": "Rye", "v": 3.1140229345220365}, {"l": "Barley", "v": 6.2119247330809966}, {"l": "Cereals, Other", "v": 6.1939676695727792}, {"l": "Rice", "v": 283.0943818667476}, {"l": "Wheat", "v": 140.78413908776966}, {"l": "Oats", "v": 1.5532585544071476}, {"l": "Sorghum", "v": 19.380522482784826}, {"l": "Millet", "v": 17.456971258806195}]}, {"source": 17, "prod": 1720.0, "target": 10, "value": 17.970073717556282, "supply": [{"l": "Ricebran Oil", "v": 0.80655316512450004}, {"l": "Maize Germ Oil", "v": 0.053062708231874998}, {"l": "Groundnut Oil", "v": 2.7358400464930868}, {"l": "Soyabean Oil", "v": 3.8600035197512792}, {"l": "Palm Oil", "v": 1.5187726267256669}, {"l": "Sunflowerseed Oil", "v": 0.339601332684}, {"l": "Coconut Oil", "v": 0.42450166585499999}, {"l": "Rape and Mustard Oil", "v": 4.2752034436774666}, {"l": "Oilcrops Oil, Other", "v": 0.39903156590370004}, {"l": "Sesameseed Oil", "v": 0.82474609366114293}, {"l": "Cottonseed Oil", "v": 2.6963716923752781}, {"l": "Palmkernel Oil", "v": 0.036385857073285718}]}, {"source": 18, "prod": 127.0, "target": 10, "value": 0.54649003930596329, "supply": [{"l": "Pimento", "v": 0.38629651592805003}, {"l": "Pepper", "v": 0.012735049975650002}, {"l": "Spices, Other", "v": 0.1474584734022632}]}, {"source": 19, "prod": 163.0, "target": 10, "value": 0.19692156821838763, "supply": [{"l": "Cocoa Beans", "v": 0.01835682879372973}, {"l": "Coffee", "v": 0.00074473976465789485}, {"l": "Tea", "v": 0.17781999966000001}]}, {"source": 20, "prod": 1972.0, "target": 10, "value": 3.4879886877752502, "supply": [{"l": "Eggs", "v": 3.4879886877752502}]}, {"source": 21, "prod": 4651.0, "target": 10, "value": 2.7513205898272974, "supply": [{"l": "Apples", "v": 0.77463807637773729}, {"l": "Grapes", "v": 0.073795819395322856}, {"l": "Dates", "v": 0.12919615917326088}, {"l": "Pineapples", "v": 0.01742986972384768}, {"l": "Lemons, Limes", "v": 0.0026531354115937504}, {"l": "Bananas", "v": 0.1007655469453788}, {"l": "Citrus, Other", "v": 0.019757777740000003}, {"l": "Fruits, Other", "v": 1.5506961515603843}, {"l": "Grapefruit", "v": 0.0011622222200000001}, {"l": "Oranges, Mandarines", "v": 0.081225831279772204}]}, {"source": 2, "prod": 4461.0, "target": 10, "value": 17.191176170949166, "supply": [{"l": "Coconuts - Incl Copra", "v": 0.08574093052912872}, {"l": "Sesame seed", "v": 0.40327658256225002}, {"l": "Groundnuts", "v": 3.9042195465255634}, {"l": "Soyabeans", "v": 12.797939111332225}]}, {"source": 0, "prod": 12.0, "target": 22, "value": 0.012546847266650247, "supply": [{"l": "Milk - Excluding Butter", "v": 0.012546847266650247}]}, {"source": 2, "prod": 9193.3333333333339, "target": 22, "value": 47.880267002608278, "supply": [{"l": "Sunflower seed", "v": 0.43048056255718314}, {"l": "Soyabeans", "v": 8.3013659100533346}, {"l": "Sesame seed", "v": 1.0612541646375}, {"l": "Cottonseed", "v": 14.229774151195777}, {"l": "Rape and Mustardseed", "v": 7.2464228030459177}, {"l": "Groundnuts", "v": 4.3645945925936624}, {"l": "Palm kernels", "v": 0.23317697138514085}, {"l": "Oilcrops, Other", "v": 9.0699862972117611}, {"l": "Oil Palm", "v": 2.9432115499280007}]}, {"source": 4, "prod": 18776.0, "target": 22, "value": 9.1680050834804554, "supply": [{"l": "Sugar beet", "v": 2.8776622167200001}, {"l": "Sugar cane", "v": 6.2903428667604553}]}, {"source": 5, "prod": 2740.0, "target": 22, "value": 2.2260948601774162, "supply": [{"l": "Potatoes", "v": 2.2260948601774162}]}, {"source": 21, "prod": 79.0, "target": 22, "value": 0.048957126427072992, "supply": [{"l": "Apples", "v": 0.048957126427072992}]}, {"source": 8, "prod": 100.0, "target": 22, "value": 0.28095239325025634, "supply": [{"l": "Maize", "v": 0.13834400443633466}, {"l": "Barley", "v": 0.14260838881392171}]}, {"source": 9, "prod": 1.0, "target": 22, "value": 0.0041607483377847391, "supply": [{"l": "Pigmeat", "v": 0.0041607483377847391}]}, {"source": 9, "prod": 6.0, "target": 23, "value": 0.0097961922889615374, "supply": [{"l": "Offals, Edible", "v": 0.0097961922889615374}]}, {"source": 20, "prod": 36.0, "target": 23, "value": 0.063675249878250004, "supply": [{"l": "Eggs", "v": 0.063675249878250004}]}, {"source": 14, "prod": 70.0, "target": 23, "value": 0.56600222114000009, "supply": [{"l": "Fats, Animals, Raw", "v": 0.56600222114000009}]}, {"source": 5, "prod": 50.0, "target": 23, "value": 0.068468010621774197, "supply": [{"l": "Cassava", "v": 0.068468010621774197}]}, {"source": 8, "prod": 1891.0, "target": 23, "value": 6.7435997436055963, "supply": [{"l": "Maize", "v": 4.2313019893454547}, {"l": "Wheat", "v": 1.3935019251570828}, {"l": "Barley", "v": 0.016919639350804271}, {"l": "Rice", "v": 1.1018761897522544}]}, {"source": 17, "prod": 452.0, "target": 23, "value": 4.1045043611114354, "supply": [{"l": "Cottonseed Oil", "v": 0.91346469578427791}, {"l": "Palmkernel Oil", "v": 0.19405790439085716}, {"l": "Oilcrops Oil, Other", "v": 2.9969817609363001}]}, {"source": 2, "prod": 963.0, "target": 23, "value": 5.7576775242023253, "supply": [{"l": "Cottonseed", "v": 4.5798348738722545}, {"l": "Rape and Mustardseed", "v": 1.0522858195842255}, {"l": "Oilcrops, Other", "v": 0.12555683074584509}]}, {"source": 5, "prod": 1800.0, "target": 5, "value": 1.4623980833282297, "supply": [{"l": "Potatoes", "v": 1.4623980833282297}]}, {"source": 8, "prod": 11768.0, "target": 8, "value": 46.262395152490797, "supply": [{"l": "Maize", "v": 4.2515474534093087}, {"l": "Wheat", "v": 15.129974728288644}, {"l": "Oats", "v": 0.14196449153183607}, {"l": "Rye", "v": 0.35172995170842858}, {"l": "Millet", "v": 0.53609357801581714}, {"l": "Barley", "v": 0.37706624838935232}, {"l": "Rice", "v": 24.359804688985101}, {"l": "Sorghum", "v": 0.48009116971696436}, {"l": "Cereals, Other", "v": 0.63412284244534523}]}, {"source": 20, "prod": 65.0, "target": 20, "value": 0.11496920116906251, "supply": [{"l": "Eggs", "v": 0.11496920116906251}]}, {"source": 6, "prod": 540.0, "target": 6, "value": 2.1409460696425486, "supply": [{"l": "Peas", "v": 0.63284604173475467}, {"l": "Beans", "v": 0.5378778871703106}, {"l": "Pulses, Other", "v": 0.97022214073748325}]}, {"source": 2, "prod": 1217.0, "target": 2, "value": 5.5160503788114319, "supply": [{"l": "Sunflower seed", "v": 0.017936690106549299}, {"l": "Soyabeans", "v": 2.4281495286906005}, {"l": "Sesame seed", "v": 0.056600222114000003}, {"l": "Cottonseed", "v": 1.7637745271440142}, {"l": "Groundnuts", "v": 0.69355201745323958}, {"l": "Rape and Mustardseed", "v": 0.49026952957901415}, {"l": "Oilcrops, Other", "v": 0.065767863724014095}]}, {"source": 0, "prod": 121.0, "target": 24, "value": 0.12651404327205668, "supply": [{"l": "Milk - Excluding Butter", "v": 0.12651404327205668}]}, {"source": 2, "prod": 524.0, "target": 24, "value": 2.6060828758108339, "supply": [{"l": "Sunflower seed", "v": 0.0119577934043662}, {"l": "Coconuts - Incl Copra", "v": 0.0050435841487722777}, {"l": "Sesame seed", "v": 0.049525194349750008}, {"l": "Cottonseed", "v": 0.85498222841218319}, {"l": "Oilcrops, Other", "v": 0.2212191779807747}, {"l": "Soyabeans", "v": 0.71599280974210022}, {"l": "Groundnuts", "v": 0.38264938893971839}, {"l": "Rape and Mustardseed", "v": 0.36471269883316909}]}, {"source": 12, "prod": 5.0, "target": 24, "value": 0.0096477651330681823, "supply": [{"l": "Treenuts", "v": 0.0096477651330681823}]}, {"source": 3, "prod": 3525.0, "target": 24, "value": 1.0957784096390448, "supply": [{"l": "Tomatoes", "v": 0.058356314924219575}, {"l": "Vegetables, Other", "v": 0.90715834823186947}, {"l": "Onions", "v": 0.13026374648295586}]}, {"source": 16, "prod": 5.0, "target": 24, "value": 0.0096477651330681823, "supply": [{"l": "Nuts", "v": 0.0096477651330681823}]}, {"source": 13, "prod": 1.0, "target": 24, "value": 0.00063044801859653472, "supply": [{"l": "Beverages, Fermented", "v": 0.00063044801859653472}]}, {"source": 5, "prod": 7282.0, "target": 24, "value": 8.0157163838424133, "supply": [{"l": "Roots, Other", "v": 0.042887797168855678}, {"l": "Potatoes", "v": 1.0114920076353588}, {"l": "Sweet potatoes", "v": 6.8750668856547641}, {"l": "Cassava", "v": 0.0862696933834355}]}, {"source": 6, "prod": 186.0, "target": 24, "value": 0.73647213447822668, "supply": [{"l": "Peas", "v": 0.24610679400796015}, {"l": "Beans", "v": 0.20170420768886646}, {"l": "Pulses, Other", "v": 0.28866113278140004}]}, {"source": 21, "prod": 406.0, "target": 24, "value": 0.24357505391296388, "supply": [{"l": "Grapefruit", "v": 0.0011622222200000001}, {"l": "Grapes", "v": 0.0028112693102980133}, {"l": "Dates", "v": 0.0073826376670434787}, {"l": "Apples", "v": 0.097914252854145983}, {"l": "Lemons, Limes", "v": 0.00037901934451339288}, {"l": "Pineapples", "v": 0.00084338079308940396}, {"l": "Bananas", "v": 0.012863686844090909}, {"l": "Fruits, Other", "v": 0.11751105717045694}, {"l": "Oranges, Mandarines", "v": 0.0027075277093257404}]}, {"source": 8, "prod": 12962.0, "target": 24, "value": 49.27553385814096, "supply": [{"l": "Maize", "v": 12.768139336270494}, {"l": "Rye", "v": 0.21225083292749999}, {"l": "Barley", "v": 0.35531242636688964}, {"l": "Rice", "v": 21.010276669937411}, {"l": "Cereals, Other", "v": 0.3876864771348319}, {"l": "Wheat", "v": 12.096626210466498}, {"l": "Oats", "v": 0.11691193420268851}, {"l": "Sorghum", "v": 1.2697148041198663}, {"l": "Millet", "v": 1.0586151667147781}]}, {"source": 17, "prod": 3.0, "target": 24, "value": 0.028300111057000001, "supply": [{"l": "Palm Oil", "v": 0.028300111057000001}]}, {"source": 18, "prod": 3.0, "target": 24, "value": 0.012735049975650002, "supply": [{"l": "Pimento", "v": 0.012735049975650002}]}, {"source": 19, "prod": 6.0, "target": 24, "value": 0.0069733333200000004, "supply": [{"l": "Tea", "v": 0.0069733333200000004}]}, {"source": 20, "prod": 112.0, "target": 24, "value": 0.19810077739900003, "supply": [{"l": "Eggs", "v": 0.19810077739900003}]}, {"source": 25, "prod": 70.0, "target": 1, "value": 0.068842983887237058, "supply": [{"l": "Marine Fish, Other", "v": 0.041042978742886739}, {"l": "Fish, Seafood", "v": 0.027800005144350312}]}, {"source": 25, "prod": 3718.0, "target": 8, "value": 13.629037529554404, "supply": [{"l": "Maize", "v": 0.67484880212846166}, {"l": "Wheat", "v": 12.83566021299044}, {"l": "Rice", "v": 0.11852851443550148}]}, {"source": 25, "prod": 505.0, "target": 22, "value": 3.068510357929235, "supply": [{"l": "Soyabean Oil", "v": 0.10859344940476744}, {"l": "Coconut Oil", "v": 0.42450166585499999}, {"l": "Sugar", "v": 1.768212708157558}, {"l": "Palm Oil", "v": 0.075466962818666675}, {"l": "Oilcrops Oil, Other", "v": 0.093390366488100007}, {"l": "Fats, Animals, Raw", "v": 0.59834520520514278}]}, {"source": 25, "prod": 8.0, "target": 19, "value": 0.01835682879372973, "supply": [{"l": "Cocoa Beans", "v": 0.01835682879372973}]}, {"source": 25, "prod": 80.0, "target": 21, "value": 0.13634265186442249, "supply": [{"l": "Dates", "v": 0.12919615917326088}, {"l": "Bananas", "v": 0.0071464926911616157}]}, {"source": 25, "prod": 32.0, "target": 2, "value": 0.12876550530935002, "supply": [{"l": "Soyabeans", "v": 0.093390366488100007}, {"l": "Sesame seed", "v": 0.035375138821250006}]}, {"source": 25, "prod": 1.0, "target": 18, "value": 0.00424501665855, "supply": [{"l": "Pepper", "v": 0.00424501665855}]}, {"source": 14, "prod": 1.0, "target": 26, "value": 0.0080857460162857137, "supply": [{"l": "Fats, Animals, Raw", "v": 0.0080857460162857137}]}, {"source": 0, "prod": 11.0, "target": 26, "value": 0.011501276661096063, "supply": [{"l": "Milk - Excluding Butter", "v": 0.011501276661096063}]}, {"source": 9, "prod": 195.0, "target": 26, "value": 0.58850101222602436, "supply": [{"l": "Pigmeat", "v": 0.41191408544068914}, {"l": "Meat, Other", "v": 0.053455765329888889}, {"l": "Mutton & Goat Meat", "v": 0.002497068622676471}, {"l": "Bovine Meat", "v": 0.01528205997078}, {"l": "Poultry Meat", "v": 0.075963455995105275}, {"l": "Offals, Edible", "v": 0.029388576866884616}]}, {"source": 12, "prod": 46.0, "target": 26, "value": 0.088759439224227285, "supply": [{"l": "Treenuts", "v": 0.088759439224227285}]}, {"source": 6, "prod": 80.0, "target": 26, "value": 0.31726843137293659, "supply": [{"l": "Peas", "v": 0.039064570477453993}, {"l": "Pulses, Other", "v": 0.10022955999354165}, {"l": "Beans", "v": 0.17797430090194097}]}, {"source": 3, "prod": 331.0, "target": 26, "value": 0.10427355566976992, "supply": [{"l": "Tomatoes", "v": 0.00081050437394749415}, {"l": "Vegetables, Other", "v": 0.095555667324013618}, {"l": "Onions", "v": 0.0079073839718088231}]}, {"source": 13, "prod": 18.0, "target": 26, "value": 0.0094236752132250794, "supply": [{"l": "Beer", "v": 0.0094236752132250794}]}, {"source": 16, "prod": 46.0, "target": 26, "value": 0.088759439224227285, "supply": [{"l": "Nuts", "v": 0.088759439224227285}]}, {"source": 5, "prod": 115.0, "target": 26, "value": 0.10164450658898047, "supply": [{"l": "Sweet potatoes", "v": 0.006962093048764318}, {"l": "Potatoes", "v": 0.079619451203425839}, {"l": "Cassava", "v": 0.015062962336790322}]}, {"source": 7, "prod": 231.0, "target": 26, "value": 0.20752088886222678, "supply": [{"l": "Crustaceans", "v": 0.03955583704557955}, {"l": "Marine Fish, Other", "v": 0.036352352600842547}, {"l": "Freshwater Fish", "v": 0.027232182337867922}, {"l": "Fish, Seafood", "v": 0.091342874045722458}, {"l": "Cephalopods", "v": 0.0060643095122142861}, {"l": "Molluscs, Other", "v": 0.0069733333200000004}]}, {"source": 15, "prod": 22.0, "target": 26, "value": 0.017805431865596775, "supply": [{"l": "Aquatic Products, Other", "v": 0.0050209874455967741}, {"l": "Aquatic Animals, Others", "v": 0.012784444420000001}]}, {"source": 11, "prod": 241.0, "target": 26, "value": 1.2283336664547888, "supply": [{"l": "Sugar", "v": 1.0726830556412887}, {"l": "Honey", "v": 0.15565061081350001}]}, {"source": 8, "prod": 2164.0, "target": 26, "value": 9.3059781111323669, "supply": [{"l": "Maize", "v": 0.38803806122386547}, {"l": "Barley", "v": 0.0024170913358291814}, {"l": "Rice", "v": 8.6262418839170536}, {"l": "Wheat", "v": 0.099273224219633874}, {"l": "Millet", "v": 0.19000785043598578}]}, {"source": 21, "prod": 326.0, "target": 26, "value": 0.18549530287652263, "supply": [{"l": "Grapefruit", "v": 0.0046488888800000003}, {"l": "Grapes", "v": 0.010542259913617551}, {"l": "Dates", "v": 0.0036913188335217393}, {"l": "Apples", "v": 0.059492204265810228}, {"l": "Bananas", "v": 0.012149037574974748}, {"l": "Fruits, Other", "v": 0.075342017515986751}, {"l": "Oranges, Mandarines", "v": 0.019629575892611616}]}, {"source": 17, "prod": 66.0, "target": 26, "value": 0.63257796132773181, "supply": [{"l": "Rape and Mustard Oil", "v": 0.13489719603836667}, {"l": "Oilcrops Oil, Other", "v": 0.2377209328788}, {"l": "Groundnut Oil", "v": 0.20493183868862072}, {"l": "Cottonseed Oil", "v": 0.055027993721944453}]}, {"source": 18, "prod": 11.0, "target": 26, "value": 0.046695183244050004, "supply": [{"l": "Pimento", "v": 0.046695183244050004}]}, {"source": 19, "prod": 54.0, "target": 26, "value": 0.061180295204657897, "supply": [{"l": "Coffee", "v": 0.00074473976465789485}, {"l": "Tea", "v": 0.060435555440000004}]}, {"source": 20, "prod": 47.0, "target": 26, "value": 0.083131576229937512, "supply": [{"l": "Eggs", "v": 0.083131576229937512}]}, {"source": 2, "prod": 395.0, "target": 26, "value": 1.4681623733447799, "supply": [{"l": "Sunflower seed", "v": 0.017936690106549299}, {"l": "Sesame seed", "v": 0.0070750277642500003}, {"l": "Oilcrops, Other", "v": 0.029894483510915493}, {"l": "Soyabeans", "v": 1.2279103741953892}, {"l": "Groundnuts", "v": 0.16143021095894369}, {"l": "Rape and Mustardseed", "v": 0.0239155868087324}]}, {"source": 8, "prod": 2467.0, "target": 27, "value": 9.1700727453367659, "supply": [{"l": "Rice", "v": 0.87798899581852952}, {"l": "Wheat", "v": 8.0889293808590566}, {"l": "Rye", "v": 0.2031543686591786}]}, {"source": 28, "prod": 292.0, "target": 22, "value": 1.5297247865801646, "supply": [{"l": "Soyabean Oil", "v": 0.1974426352813953}, {"l": "Sugar", "v": 1.3322821512987693}]}, {"source": 28, "prod": 310.0, "target": 2, "value": 1.1084210163991668, "supply": [{"l": "Soyabeans", "v": 1.0376707387566668}, {"l": "Sesame seed", "v": 0.070750277642500012}]}, {"source": 28, "prod": 600.0, "target": 5, "value": 0.48746602777607656, "supply": [{"l": "Potatoes", "v": 0.48746602777607656}]}, {"source": 17, "prod": 20.0, "target": 27, "value": 0.20493183868862072, "supply": [{"l": "Groundnut Oil", "v": 0.20493183868862072}]}, {"source": 1, "prod": 2323.0, "target": 0, "value": 2.4288605167023771, "supply": [{"l": "Milk - Excluding Butter", "v": 2.4288605167023771}]}, {"source": 1, "prod": 2167.0, "target": 20, "value": 3.8328962912824376, "supply": [{"l": "Eggs", "v": 3.9478654924515002}]}, {"source": 1, "prod": 9736.0, "target": 9, "value": 35.673338403723392, "supply": [{"l": "Pigmeat", "v": 31.039182599874152}, {"l": "Bovine Meat", "v": 0.39903156590370004}, {"l": "Poultry Meat", "v": 2.3973173024337635}, {"l": "Offals, Edible", "v": 0.81308395998380767}, {"l": "Meat, Other", "v": 0.25312877112094451}, {"l": "Mutton & Goat Meat", "v": 0.77159420440702964}]}, {"source": 1, "prod": 9095.0, "target": 7, "value": 8.1376294992695453, "supply": [{"l": "Pelagic Fish", "v": 0.19469001482861237}, {"l": "Crustaceans", "v": 0.42739599539492046}, {"l": "Freshwater Fish", "v": 0.8033493789671039}, {"l": "Molluscs, Other", "v": 0.62295110992000013}, {"l": "Demersal Fish", "v": 0.38954270513752948}, {"l": "Fish, Seafood", "v": 3.611617811181739}, {"l": "Marine Fish, Other", "v": 2.012278614936962}, {"l": "Cephalopods", "v": 0.075803868902678581}]}, {"source": 1, "prod": 1722.0, "target": 15, "value": 0.80219829564552747, "supply": [{"l": "Aquatic Plants", "v": 0.38943413693654355}, {"l": "Aquatic Products, Other", "v": 0.39300638096898383}, {"l": "Aquatic Animals, Others", "v": 0.019757777740000003}]}, {"source": 22, "prod": 2867.0, "target": 11, "value": 14.195587986117234, "supply": [{"l": "Honey", "v": 0.56600222113999998}, {"l": "Sweeteners, Other", "v": 0.091248021632383172}, {"l": "Sugar non-centrifugal", "v": 1.1755430746753848}, {"l": "Sugar", "v": 12.362794668669464}]}, {"source": 22, "prod": 2261.0, "target": 17, "value": 22.940387989741069, "supply": [{"l": "Ricebran Oil", "v": 0.80655316512450004}, {"l": "Sesameseed Oil", "v": 0.82474609366114293}, {"l": "Soyabean Oil", "v": 3.8600035197512792}, {"l": "Coconut Oil", "v": 0.42450166585499999}, {"l": "Cottonseed Oil", "v": 3.6648643818815008}, {"l": "Rape and Mustard Oil", "v": 4.4101006397158331}, {"l": "Maize Germ Oil", "v": 0.053062708231874998}, {"l": "Groundnut Oil", "v": 3.1457037238703278}, {"l": "Palm Oil", "v": 1.547072737782667}, {"l": "Palmkernel Oil", "v": 0.23044376146414286}, {"l": "Oilcrops Oil, Other", "v": 3.6337342597188003}, {"l": "Sunflowerseed Oil", "v": 0.339601332684}]}, {"source": 22, "prod": 671.0, "target": 14, "value": 5.5710790052208568, "supply": [{"l": "Fats, Animals, Raw", "v": 5.2314776725368564}, {"l": "Butter, Ghee", "v": 0.339601332684}]}, {"source": 22, "prod": 2441.0, "target": 13, "value": 7.5437351756982647, "supply": [{"l": "Beer", "v": 0.14135512819837615}, {"l": "Beverages, Alcoholic", "v": 7.3702271985514649}, {"l": "Beverages, Fermented", "v": 0.032152848948423268}]}, {"source": 2, "prod": 17325.5, "target": 29, "value": 49.530730049983887, "supply": [{"l": "Coconuts - Incl Copra", "v": 0.052942098908673269}, {"l": "Sesame seed", "v": 0.75137666523000002}, {"l": "Groundnuts", "v": 5.5420566560700006}, {"l": "Oilcrops, Other", "v": 5.74253998902}, {"l": "Soyabeans", "v": 25.813536617310003}, {"l": "Palm kernels", "v": 0.13597999974}, {"l": "Sunflower seed", "v": 0.27893333280000004}, {"l": "Cottonseed", "v": 16.603506634920002}, {"l": "Rape and Mustardseed", "v": 5.3520333231000006}]}, {"source": 3, "prod": 47427.0, "target": 29, "value": 164.10541443377593, "supply": [{"l": "Onions", "v": 10.9132666458}, {"l": "Vegetables, Other", "v": 140.08380639882003}, {"l": "Tomatoes", "v": 14.3650666392}]}, {"source": 4, "prod": 7657.2000000000007, "target": 29, "value": 3.7238537102535592, "supply": [{"l": "Sugar beet", "v": 1.151064886688}, {"l": "Sugar cane", "v": 2.5727888235655585}]}, {"source": 5, "prod": 73090.25, "target": 29, "value": 276.14592601645631, "supply": [{"l": "Roots, Other", "v": 1.7084666634000001}, {"l": "Potatoes", "v": 42.885999917999996}, {"l": "Sweet potatoes", "v": 206.58587127166498}, {"l": "Cassava", "v": 3.6609999930000008}]}, {"source": 6, "prod": 6200.5, "target": 29, "value": 21.643932617200978, "supply": [{"l": "Pulses, Other", "v": 8.3697433173300002}, {"l": "Beans", "v": 5.9273333219999991}, {"l": "Peas", "v": 7.3219999859999998}]}, {"source": 8, "prod": 402479.0, "target": 29, "value": 1703.8056578248982, "supply": [{"l": "Sorghum", "v": 59.273333219999998}, {"l": "Rice", "v": 584.10034554984009}, {"l": "Wheat", "v": 328.13368603926006}, {"l": "Oats", "v": 6.2759999879999997}, {"l": "Maize", "v": 329.98161936906001}, {"l": "Barley", "v": 20.919999959999998}, {"l": "Cereals, Other", "v": 18.834973297320001}, {"l": "Rye", "v": 10.459999980000001}, {"l": "Millet", "v": 45.330153246660004}]}, {"source": 30, "prod": 0, "target": 2, "value": 0.034886611466314894, "supply": "[{\"l\":'Energy for power irrigation',\"v\":0.034886611466314894}]"}, {"source": 30, "prod": 0, "target": 12, "value": 0.00049371042838013742, "supply": "[{\"l\":'Energy for power irrigation',\"v\":0.00049371042838013742}]"}, {"source": 30, "prod": 0, "target": 3, "value": 0.091824331320724609, "supply": "[{\"l\":'Energy for power irrigation',\"v\":0.091824331320724609}]"}, {"source": 30, "prod": 0, "target": 4, "value": 0.03706313227639596, "supply": "[{\"l\":'Energy for power irrigation',\"v\":0.03706313227639596}]"}, {"source": 30, "prod": 0, "target": 5, "value": 0.28302289127773594, "supply": "[{\"l\":'Energy for power irrigation',\"v\":0.28302289127773594}]"}, {"source": 30, "prod": 0, "target": 6, "value": 0.012004907886945262, "supply": "[{\"l\":'Energy for power irrigation',\"v\":0.012004907886945262}]"}, {"source": 30, "prod": 0, "target": 16, "value": 0.00049371042838013742, "supply": "[{\"l\":'Energy for power irrigation',\"v\":0.00049371042838013742}]"}, {"source": 30, "prod": 0, "target": 8, "value": 0.38962368530197905, "supply": "[{\"l\":'Energy for power irrigation',\"v\":0.38962368530197905}]"}, {"source": 30, "prod": 0, "target": 18, "value": 0.0002720247654408208, "supply": "[{\"l\":'Energy for power irrigation',\"v\":0.0002720247654408208}]"}, {"source": 30, "prod": 0, "target": 19, "value": 0.00042401013260882383, "supply": "[{\"l\":'Energy for power irrigation',\"v\":0.00042401013260882383}]"}, {"source": 30, "prod": 0, "target": 21, "value": 0.010497638990890606, "supply": "[{\"l\":'Energy for power irrigation',\"v\":0.010497638990890606}]"}, {"source": 30, "prod": 0, "target": 22, "value": 33.251507315180795, "supply": "[{\"l\":'Electricity',\"v\":33.251507315180795}]"}, {"source": 31, "prod": 0, "target": 30, "value": 67.841040498829955, "supply": [{"l": "Coal", "v": 49.425709794886373}, {"l": "Natural gas", "v": 0.0}, {"l": "Oil", "v": 18.415330703943582}]}, {"source": 32, "prod": 0, "target": 30, "value": 7.8382614819523484, "supply": [{"l": "Nuclear", "v": 0.0}, {"l": "Hydroelectric", "v": 7.8382614819523484}, {"l": "Renewable", "v": 0.0}]}, {"source": 31, "prod": 0, "target": 2, "value": 11.010542755364131, "supply": [{"l": "Motor Gasoline", "v": 0.73544635387742241}, {"l": "Gas-Diesel oil", "v": 3.4994365964345091}, {"l": "Natural gas (including LNG)", "v": 0.019514173009079459}, {"l": "Fuel oil", "v": 0.014557370378613918}, {"l": "Liquefied petroleum gas (LPG)", "v": 0.00053261418541803709}, {"l": "Coal", "v": 6.7410556474790866}]}, {"source": 31, "prod": 0, "target": 12, "value": 0.15581965550587923, "supply": [{"l": "Motor Gasoline", "v": 0.010407933564256438}, {"l": "Gas-Diesel oil", "v": 0.049523535491058417}, {"l": "Natural gas (including LNG)", "v": 0.00027616183718786425}, {"l": "Fuel oil", "v": 0.00020601386215607094}, {"l": "Liquefied petroleum gas (LPG)", "v": 7.5374811881050086e-06}, {"l": "Coal", "v": 0.095398473270032313}]}, {"source": 31, "prod": 0, "target": 3, "value": 28.980622751675817, "supply": [{"l": "Motor Gasoline", "v": 1.935753196674471}, {"l": "Gas-Diesel oil", "v": 9.2107949715075588}, {"l": "Natural gas (including LNG)", "v": 0.051362852754152311}, {"l": "Fuel oil", "v": 0.038316154668533234}, {"l": "Liquefied petroleum gas (LPG)", "v": 0.0014018828247382596}, {"l": "Coal", "v": 17.742993693246362}]}, {"source": 31, "prod": 0, "target": 4, "value": 11.697473197447238, "supply": [{"l": "Motor Gasoline", "v": 0.78132969498259208}, {"l": "Gas-Diesel oil", "v": 3.7177609408052206}, {"l": "Natural gas (including LNG)", "v": 0.020731631565832492}, {"l": "Fuel oil", "v": 0.015465581816681041}, {"l": "Liquefied petroleum gas (LPG)", "v": 0.00056584314660350647}, {"l": "Coal", "v": 7.1616195051303073}]}, {"source": 31, "prod": 0, "target": 5, "value": 89.324686869322264, "supply": [{"l": "Motor Gasoline", "v": 5.966419342705052}, {"l": "Gas-Diesel oil", "v": 28.389706587649666}, {"l": "Natural gas (including LNG)", "v": 0.15831166839623761}, {"l": "Fuel oil", "v": 0.11809886030159029}, {"l": "Liquefied petroleum gas (LPG)", "v": 0.0043209128188932714}, {"l": "Coal", "v": 54.687829497450814}]}, {"source": 31, "prod": 0, "target": 6, "value": 3.7888618586831533, "supply": [{"l": "Motor Gasoline", "v": 0.25307604731440014}, {"l": "Gas-Diesel oil", "v": 1.2041987522051283}, {"l": "Natural gas (including LNG)", "v": 0.0067150645940523617}, {"l": "Fuel oil", "v": 0.005009368440387128}, {"l": "Liquefied petroleum gas (LPG)", "v": 0.0001832790278699808}, {"l": "Coal", "v": 2.3196793471013151}]}, {"source": 31, "prod": 0, "target": 16, "value": 0.15581965550587923, "supply": [{"l": "Motor Gasoline", "v": 0.010407933564256438}, {"l": "Gas-Diesel oil", "v": 0.049523535491058417}, {"l": "Natural gas (including LNG)", "v": 0.00027616183718786425}, {"l": "Fuel oil", "v": 0.00020601386215607094}, {"l": "Liquefied petroleum gas (LPG)", "v": 7.5374811881050086e-06}, {"l": "Coal", "v": 0.095398473270032313}]}, {"source": 31, "prod": 0, "target": 8, "value": 122.96890025166816, "supply": [{"l": "Motor Gasoline", "v": 8.2136758686438558}, {"l": "Gas-Diesel oil", "v": 39.082711844913135}, {"l": "Natural gas (including LNG)", "v": 0.21793988248928317}, {"l": "Fuel oil", "v": 0.16258088867982992}, {"l": "Liquefied petroleum gas (LPG)", "v": 0.0059483880217790497}, {"l": "Coal", "v": 75.286043378920255}]}, {"source": 31, "prod": 0, "target": 18, "value": 0.085853574896376586, "supply": [{"l": "Motor Gasoline", "v": 0.0057345673167765862}, {"l": "Gas-Diesel oil", "v": 0.027286497005857675}, {"l": "Natural gas (including LNG)", "v": 0.00015215975735252912}, {"l": "Fuel oil", "v": 0.00011350959856050182}, {"l": "Liquefied petroleum gas (LPG)", "v": 4.1530043408970731e-06}, {"l": "Coal", "v": 0.05256268821348839}]}, {"source": 31, "prod": 0, "target": 19, "value": 0.13382158649328449, "supply": [{"l": "Motor Gasoline", "v": 0.0089385782375378808}, {"l": "Gas-Diesel oil", "v": 0.042531977539379581}, {"l": "Natural gas (including LNG)", "v": 0.00023717428370251872}, {"l": "Fuel oil", "v": 0.0001769295522046256}, {"l": "Liquefied petroleum gas (LPG)", "v": 6.4733661968431242e-06}, {"l": "Coal", "v": 0.081930453514263035}]}, {"source": 31, "prod": 0, "target": 21, "value": 3.3131536162857924, "supply": [{"l": "Motor Gasoline", "v": 0.22130123837411139}, {"l": "Gas-Diesel oil", "v": 1.0530063115000734}, {"l": "Natural gas (including LNG)", "v": 0.0058719587499317643}, {"l": "Fuel oil", "v": 0.0043804202376871229}, {"l": "Liquefied petroleum gas (LPG)", "v": 0.00016026754118394254}, {"l": "Coal", "v": 2.0284334198828042}]}, {"source": 33, "prod": 148.02192221390712, "target": 2, "value": 1.9291988047283943, "supply": [{"l": "Potash", "v": 0.92440039544117325}, {"l": "Phosphate", "v": 4.0817412262458879}, {"l": "Nitrogen", "v": 42.584646333550985}]}, {"source": 33, "prod": 2.0947854650900251, "target": 12, "value": 0.027301750679700344, "supply": [{"l": "Potash", "v": 0.92440039544117325}, {"l": "Phosphate", "v": 4.0817412262458879}, {"l": "Nitrogen", "v": 42.584646333550985}]}, {"source": 33, "prod": 389.60545197186127, "target": 3, "value": 5.0778044293574434, "supply": [{"l": "Potash", "v": 0.92440039544117325}, {"l": "Phosphate", "v": 4.0817412262458879}, {"l": "Nitrogen", "v": 42.584646333550985}]}, {"source": 33, "prod": 157.25677709105236, "target": 4, "value": 2.0495584833784455, "supply": [{"l": "Potash", "v": 0.92440039544117325}, {"l": "Phosphate", "v": 4.0817412262458879}, {"l": "Nitrogen", "v": 42.584646333550985}]}, {"source": 33, "prod": 1200.850143841539, "target": 5, "value": 15.650915942093867, "supply": [{"l": "Potash", "v": 0.92440039544117325}, {"l": "Phosphate", "v": 4.0817412262458879}, {"l": "Nitrogen", "v": 42.584646333550985}]}, {"source": 33, "prod": 50.936146181532159, "target": 6, "value": 0.66386080427247829, "supply": [{"l": "Potash", "v": 0.92440039544117325}, {"l": "Phosphate", "v": 4.0817412262458879}, {"l": "Nitrogen", "v": 42.584646333550985}]}, {"source": 33, "prod": 2.0947854650900251, "target": 16, "value": 0.027301750679700344, "supply": [{"l": "Potash", "v": 0.92440039544117325}, {"l": "Phosphate", "v": 4.0817412262458879}, {"l": "Nitrogen", "v": 42.584646333550985}]}, {"source": 33, "prod": 1653.1512925568004, "target": 8, "value": 21.545845709441398, "supply": [{"l": "Potash", "v": 0.92440039544117325}, {"l": "Phosphate", "v": 4.0817412262458879}, {"l": "Nitrogen", "v": 42.584646333550985}]}, {"source": 33, "prod": 1.154185717039798, "target": 18, "value": 0.015042729296070189, "supply": [{"l": "Potash", "v": 0.92440039544117325}, {"l": "Phosphate", "v": 4.0817412262458879}, {"l": "Nitrogen", "v": 42.584646333550985}]}, {"source": 33, "prod": 1.7990510464890803, "target": 19, "value": 0.023447385877860293, "supply": [{"l": "Potash", "v": 0.92440039544117325}, {"l": "Phosphate", "v": 4.0817412262458879}, {"l": "Nitrogen", "v": 42.584646333550985}]}, {"source": 33, "prod": 44.540889379286725, "target": 21, "value": 0.58051016543268719, "supply": [{"l": "Potash", "v": 0.92440039544117325}, {"l": "Phosphate", "v": 4.0817412262458879}, {"l": "Nitrogen", "v": 42.584646333550985}]}, {"source": 31, "prod": 0, "target": 33, "value": 56.847563658073632, "supply": [{"l": "Natural gas (including LNG)", "v": 38.609172355258842}, {"l": "Fuel oil", "v": 10.71065284627632}, {"l": "Liquefied petroleum gas (LPG)", "v": 3.7638692282692374}, {"l": "Coal", "v": 3.7638692282692374}]}, {"source": 34, "prod": 0, "target": 5, "value": 60.158196468419561, "supply": "[{\"l\":'Labor',\"v\":60.158196468419561}]"}, {"source": 34, "prod": 0, "target": 18, "value": 0.057820479501800498, "supply": "[{\"l\":'Labor',\"v\":0.057820479501800498}]"}, {"source": 34, "prod": 0, "target": 2, "value": 7.4153564654545168, "supply": "[{\"l\":'Labor',\"v\":7.4153564654545168}]"}, {"source": 34, "prod": 0, "target": 12, "value": 0.1049410837933034, "supply": "[{\"l\":'Labor',\"v\":0.1049410837933034}]"}, {"source": 34, "prod": 0, "target": 3, "value": 19.51780698456863, "supply": "[{\"l\":'Labor',\"v\":19.51780698456863}]"}, {"source": 34, "prod": 0, "target": 4, "value": 7.8779888904125768, "supply": "[{\"l\":'Labor',\"v\":7.8779888904125768}]"}, {"source": 34, "prod": 0, "target": 6, "value": 2.5517144708250106, "supply": "[{\"l\":'Labor',\"v\":2.5517144708250106}]"}, {"source": 34, "prod": 0, "target": 8, "value": 82.816828360872464, "supply": "[{\"l\":'Labor',\"v\":82.816828360872464}]"}, {"source": 34, "prod": 0, "target": 16, "value": 0.1049410837933034, "supply": "[{\"l\":'Labor',\"v\":0.1049410837933034}]"}, {"source": 34, "prod": 0, "target": 19, "value": 0.090125871963660564, "supply": "[{\"l\":'Labor',\"v\":0.090125871963660564}]"}, {"source": 34, "prod": 0, "target": 21, "value": 2.2313355150089844, "supply": "[{\"l\":'Labor',\"v\":2.2313355150089844}]"}, {"source": 31, "prod": 0, "target": 25, "value": 31.035090457293439, "supply": "[{\"l\":'Fossil Fuels',\"v\":31.035090457293439}]"}, {"source": 32, "prod": 0, "target": 25, "value": 17.104845621850593, "supply": "[{\"l\":'Renewables & Nuclear',\"v\":0.38505403621280332},{\"l\":'Biomass & Waste',\"v\":16.71979158563779}]"}]}