{"nodes": [{"layer": 5, "name": "Fruits, Roots & Vegetables", "fill": "#98df8a"}, {"layer": 10, "name": "Feed", "fill": "#dbdb8d"}, {"layer": 5, "name": "Sugar Crops", "fill": "#ffbb78"}, {"layer": 13, "name": "Animal Products", "fill": "#17becf"}, {"layer": 5, "name": "Cereals", "fill": "#e7ba52"}, {"layer": 5, "name": "Oilcrops", "fill": "#ff9896"}, {"layer": 13, "name": "Other Processed", "fill": "#9c9ede"}, {"layer": 16, "name": "Food", "fill": "#b5cf6b"}, {"layer": 13, "name": "Sugar", "fill": "#d6616b"}, {"layer": 13, "name": "Aquatic Products", "fill": "#1f77b4"}, {"layer": 13, "name": "Vegetable Oils", "fill": "#f7b6d2"}, {"layer": 10, "name": "Processing", "fill": "#9edae5"}, {"layer": 16, "name": "Biofuels & Other", "fill": "#e7ba52"}, {"name": "Waste", "fill": "#c7c7c7"}, {"layer": 2, "name": "Import", "fill": "#aec7e8"}, {"layer": 16, "name": "Export", "fill": "#aec7e8"}, {"layer": 0, "name": "Stock Draw", "fill": "#c7c7c7"}, {"layer": 16, "name": "Stock Deposit", "fill": "#c7c7c7"}, {"layer": 2, "name": "Electricity", "fill": "#bcbd22"}, {"layer": 0, "name": "Fossil Fuels", "fill": "#c49c94"}, {"layer": 0, "name": "Renewables & Nuclear", "fill": "#2ca02c"}, {"layer": 2, "name": "Fertilizers", "fill": "#c5b0d5"}, {"layer": 0, "name": "Labor", "fill": "#7f7f7f"}], "links": [{"source": 0, "prod": 24002.0, "target": 1, "value": 27.03707731780338, "supply": [{"l": "Vegetables, Other", "v": 0.2331637826424155}, {"l": "Potatoes", "v": 4.4467600245008914}, {"l": "Roots, Other", "v": 0.037456029340147058}, {"l": "Peas", "v": 0.93812522840883983}, {"l": "Sweet potatoes", "v": 19.710977801231166}, {"l": "Cassava", "v": 0.4925515512210687}, {"l": "Pulses, Other", "v": 1.1780429004588517}]}, {"source": 2, "prod": 197.0, "target": 1, "value": 0.058685493455042106, "supply": [{"l": "Sugar cane", "v": 0.058685493455042106}]}, {"source": 3, "prod": 218.0, "target": 1, "value": 0.23533348420948155, "supply": [{"l": "Milk - Excluding Butter", "v": 0.23379914083892131}, {"l": "Meat, Other", "v": 0.001534343370560241}]}, {"source": 4, "prod": 29967.0, "target": 1, "value": 106.28160319628228, "supply": [{"l": "Maize", "v": 73.693489192428018}, {"l": "Oats", "v": 0.71825681862666002}, {"l": "Rye", "v": 0.50084062089110915}, {"l": "Barley", "v": 0.21947264550013693}, {"l": "Rice", "v": 22.285182588881877}, {"l": "Sorghum", "v": 3.8480007120669062}, {"l": "Cereals, Other", "v": 0.46080772938207248}, {"l": "Wheat", "v": 1.4566907277640015}, {"l": "Millet", "v": 3.0988621607415001}]}, {"source": 5, "prod": 1297.0, "target": 1, "value": 7.0717945835673621, "supply": [{"l": "Soyabeans", "v": 0.81202771092093873}, {"l": "Cottonseed", "v": 5.977636534724331}, {"l": "Oilcrops, Other", "v": 0.2821303379220923}]}, {"source": 6, "prod": 1670.0, "target": 7, "value": 7.2666579253864976, "supply": [{"l": "Beer", "v": 0.069571793111005822}, {"l": "Beverages, Alcoholic", "v": 3.6953022711118706}, {"l": "Fats, Animals, Raw", "v": 3.352696830324184}, {"l": "Butter, Ghee", "v": 0.12735049975650001}, {"l": "Beverages, Fermented", "v": 0.021736531082936751}]}, {"source": 3, "prod": 10411.0, "target": 7, "value": 30.446677147424154, "supply": [{"l": "Pigmeat", "v": 23.216753714815304}, {"l": "Meat, Other", "v": 0.17031211413218678}, {"l": "Poultry Meat", "v": 1.6816796762717308}, {"l": "Milk - Excluding Butter", "v": 1.6786131862997209}, {"l": "Mutton & Goat Meat", "v": 0.33633593525434619}, {"l": "Offals, Edible", "v": 0.33771465861353334}, {"l": "Bovine Meat", "v": 0.33535631602545002}, {"l": "Eggs", "v": 2.6899115460118814}]}, {"source": 4, "prod": 93300.0, "target": 7, "value": 366.78206001442339, "supply": [{"l": "Maize", "v": 8.0757196912255207}, {"l": "Rye", "v": 3.0371488933524957}, {"l": "Barley", "v": 4.7100309315197926}, {"l": "Cereals, Other", "v": 3.6987500411734349}, {"l": "Rice", "v": 211.31363963717874}, {"l": "Wheat", "v": 89.174964626892759}, {"l": "Oats", "v": 1.0111629680666101}, {"l": "Sorghum", "v": 21.208897258008768}, {"l": "Millet", "v": 24.551745967005207}]}, {"source": 5, "prod": 4390.0, "target": 7, "value": 16.881670859117239, "supply": [{"l": "Coconuts - Incl Copra", "v": 0.075466962818666661}, {"l": "Sesame seed", "v": 0.6537325654167}, {"l": "Groundnuts", "v": 3.0270234172891155}, {"l": "Soyabeans", "v": 13.125447913592758}]}, {"source": 0, "prod": 144044.0, "target": 7, "value": 136.87999832432803, "supply": [{"l": "Roots, Other", "v": 0.67420852812264709}, {"l": "Nuts", "v": 0.3414469921007609}, {"l": "Citrus, Other", "v": 0.016271111080000001}, {"l": "Tomatoes", "v": 1.0089879351904443}, {"l": "Coffee", "v": 0.0021049669381239667}, {"l": "Treenuts", "v": 0.3414469921007609}, {"l": "Apples", "v": 0.33719849306595284}, {"l": "Vegetables, Other", "v": 11.776175624542239}, {"l": "Peas", "v": 5.392343812894012}, {"l": "Grapes", "v": 0.068511344805712027}, {"l": "Dates", "v": 0.10565374794613333}, {"l": "Potatoes", "v": 8.0756188195425445}, {"l": "Pimento", "v": 0.34431801786016669}, {"l": "Pepper", "v": 0.0094333703523333343}, {"l": "Pineapples", "v": 0.018093513626606557}, {"l": "Beans", "v": 5.3974507668001426}, {"l": "Pulses, Other", "v": 6.7351556171061251}, {"l": "Lemons, Limes", "v": 0.0058111111000000003}, {"l": "Bananas", "v": 0.039472422436761835}, {"l": "Spices, Other", "v": 0.12263381458033334}, {"l": "Tea", "v": 0.096464444260000004}, {"l": "Fruits, Other", "v": 1.0106535660675842}, {"l": "Sweet potatoes", "v": 91.864751246561497}, {"l": "Grapefruit", "v": 0.0011622222200000001}, {"l": "Oranges, Mandarines", "v": 0.063259071774470599}, {"l": "Onions", "v": 1.6833349468581913}, {"l": "Cassava", "v": 1.3480358243945036}]}, {"source": 8, "prod": 2130.0, "target": 7, "value": 8.8406199246003911, "supply": [{"l": "Sugar", "v": 8.067602391078438}, {"l": "Sugar non-centrifugal", "v": 0.33960133268400006}, {"l": "Sweeteners, Other", "v": 0.072589784861205014}, {"l": "Honey", "v": 0.36082641597675003}]}, {"source": 9, "prod": 7510.0, "target": 7, "value": 6.4562845858542097, "supply": [{"l": "Freshwater Fish", "v": 0.67307583720102071}, {"l": "Crustaceans", "v": 0.23510861493507693}, {"l": "Aquatic Products, Other", "v": 0.33513289409605274}, {"l": "Marine Fish, Other", "v": 1.3509141248679708}, {"l": "Demersal Fish", "v": 0.33788037998458781}, {"l": "Fish, Seafood", "v": 2.6920658407487941}, {"l": "Pelagic Fish", "v": 0.10762955622465353}, {"l": "Cephalopods", "v": 0.048813333239999999}, {"l": "Molluscs, Other", "v": 0.34053111046000006}, {"l": "Aquatic Plants", "v": 0.33513289409605274}]}, {"source": 10, "prod": 1336.0, "target": 7, "value": 13.986889666255323, "supply": [{"l": "Ricebran Oil", "v": 0.339601332684}, {"l": "Groundnut Oil", "v": 2.3362229610502765}, {"l": "Soyabean Oil", "v": 3.3856596276728044}, {"l": "Palm Oil", "v": 1.0400290813447501}, {"l": "Sunflowerseed Oil", "v": 0.40327658256225002}, {"l": "Coconut Oil", "v": 0.38205149926949999}, {"l": "Rape and Mustard Oil", "v": 2.7068223869812944}, {"l": "Oilcrops Oil, Other", "v": 0.339601332684}, {"l": "Sesameseed Oil", "v": 1.0419586343713638}, {"l": "Cottonseed Oil", "v": 1.9904411443423335}, {"l": "Palmkernel Oil", "v": 0.02122508329275}]}, {"source": 0, "prod": 1613.0, "target": 11, "value": 1.3383301846291702, "supply": [{"l": "Potatoes", "v": 1.3113318786807922}, {"l": "Fruits, Other", "v": 0.026998305948377998}]}, {"source": 2, "prod": 12686.0, "target": 11, "value": 5.8413900473105258, "supply": [{"l": "Sugar beet", "v": 2.7730622169200001}, {"l": "Sugar cane", "v": 3.0683278303905261}]}, {"source": 3, "prod": 8.0, "target": 11, "value": 0.01169072008401092, "supply": [{"l": "Pigmeat", "v": 0.0041488123150134571}, {"l": "Milk - Excluding Butter", "v": 0.0075419077689974625}]}, {"source": 4, "prod": 66.0, "target": 11, "value": 0.19344593755543371, "supply": [{"l": "Maize", "v": 0.11206843978572004}, {"l": "Barley", "v": 0.081377497769713689}]}, {"source": 5, "prod": 7927.0, "target": 11, "value": 41.068052950635206, "supply": [{"l": "Sunflower seed", "v": 0.3761737838961231}, {"l": "Soyabeans", "v": 7.7002627759744193}, {"l": "Sesame seed", "v": 1.69800666342}, {"l": "Cottonseed", "v": 12.219770261250623}, {"l": "Rape and Mustardseed", "v": 4.8432374676625845}, {"l": "Groundnuts", "v": 3.3796863396917307}, {"l": "Palm kernels", "v": 0.14694288433442307}, {"l": "Oilcrops, Other", "v": 8.5814644451303099}, {"l": "Oil Palm", "v": 2.1225083292750004}]}, {"source": 6, "prod": 52.0, "target": 12, "value": 0.45049156376448984, "supply": [{"l": "Fats, Animals, Raw", "v": 0.45049156376448984}]}, {"source": 3, "prod": 34.0, "target": 12, "value": 0.053471331947632011, "supply": [{"l": "Eggs", "v": 0.048754646771465342}, {"l": "Offals, Edible", "v": 0.0047166851761666663}]}, {"source": 4, "prod": 1672.0, "target": 12, "value": 5.9773447524178405, "supply": [{"l": "Maize", "v": 3.4571415667231209}, {"l": "Wheat", "v": 1.6751943369286015}, {"l": "Barley", "v": 0.0098639391236016588}, {"l": "Rice", "v": 0.83514490964251609}]}, {"source": 5, "prod": 682.0, "target": 12, "value": 4.0086018846430616, "supply": [{"l": "Cottonseed", "v": 3.7499824082144766}, {"l": "Rape and Mustardseed", "v": 0.14694288433442307}, {"l": "Oilcrops, Other", "v": 0.11167659209416154}]}, {"source": 0, "prod": 35.0, "target": 12, "value": 0.045366590244045796, "supply": [{"l": "Cassava", "v": 0.045366590244045796}]}, {"source": 10, "prod": 412.0, "target": 12, "value": 3.5879824135099834, "supply": [{"l": "Cottonseed Oil", "v": 0.68863603572033338}, {"l": "Palmkernel Oil", "v": 0.10612541646375}, {"l": "Oilcrops Oil, Other", "v": 2.7932209613259}]}, {"source": 0, "prod": 2508.0, "target": 0, "value": 4.3198400599309226, "supply": [{"l": "Potatoes", "v": 1.5130752446316833}, {"l": "Peas", "v": 0.74299518089980121}, {"l": "Beans", "v": 0.73948692560776319}, {"l": "Pulses, Other", "v": 1.3242827087916746}]}, {"source": 3, "prod": 48.0, "target": 3, "value": 0.080697346380356444, "supply": [{"l": "Eggs", "v": 0.080697346380356444}]}, {"source": 4, "prod": 10679.0, "target": 4, "value": 41.64239913453126, "supply": [{"l": "Maize", "v": 3.3960133268400012}, {"l": "Wheat", "v": 12.964547477099611}, {"l": "Oats", "v": 0.21649584958605}, {"l": "Rye", "v": 0.43984080168001261}, {"l": "Millet", "v": 0.81513548141243808}, {"l": "Barley", "v": 0.60909824088240239}, {"l": "Rice", "v": 21.797282141669669}, {"l": "Sorghum", "v": 0.58682010859020328}, {"l": "Cereals, Other", "v": 0.81716570677087519}]}, {"source": 5, "prod": 1317.0, "target": 5, "value": 5.7694243011548592, "supply": [{"l": "Sunflower seed", "v": 0.011755430746753847}, {"l": "Soyabeans", "v": 2.9331000937575284}, {"l": "Sesame seed", "v": 0.0679202665368}, {"l": "Cottonseed", "v": 1.7633146120130772}, {"l": "Groundnuts", "v": 0.63479326032470773}, {"l": "Rape and Mustardseed", "v": 0.29976348404222308}, {"l": "Oilcrops, Other", "v": 0.058777153733769232}]}, {"source": 6, "prod": 1.0, "target": 13, "value": 0.00063930973773343382, "supply": [{"l": "Beverages, Fermented", "v": 0.00063930973773343382}]}, {"source": 3, "prod": 178.0, "target": 13, "value": 0.24672385859410853, "supply": [{"l": "Eggs", "v": 0.15298871917942578}, {"l": "Milk - Excluding Butter", "v": 0.093735139414682755}]}, {"source": 4, "prod": 9173.0, "target": 13, "value": 35.0179402576332, "supply": [{"l": "Maize", "v": 7.9093150382103623}, {"l": "Rye", "v": 0.19905204163621007}, {"l": "Barley", "v": 0.28605423458444812}, {"l": "Rice", "v": 15.89412628035441}, {"l": "Cereals, Other", "v": 0.24576412233710532}, {"l": "Wheat", "v": 7.6512680475804178}, {"l": "Oats", "v": 0.091692359824680006}, {"l": "Sorghum", "v": 1.2922869058024695}, {"l": "Millet", "v": 1.4483812273030923}]}, {"source": 5, "prod": 486.0, "target": 13, "value": 2.3369601796759909, "supply": [{"l": "Sunflower seed", "v": 0.011755430746753847}, {"l": "Coconuts - Incl Copra", "v": 0.0047166851761666663}, {"l": "Sesame seed", "v": 0.076410299853900007}, {"l": "Cottonseed", "v": 0.73471442167211554}, {"l": "Oilcrops, Other", "v": 0.20572003806819233}, {"l": "Soyabeans", "v": 0.78052663592831595}, {"l": "Groundnuts", "v": 0.29976348404222308}, {"l": "Rape and Mustardseed", "v": 0.22335318418832309}]}, {"source": 0, "prod": 10294.0, "target": 13, "value": 8.869755983178969, "supply": [{"l": "Roots, Other", "v": 0.037456029340147058}, {"l": "Nuts", "v": 0.0092282970838043505}, {"l": "Grapefruit", "v": 0.0011622222200000001}, {"l": "Tomatoes", "v": 0.075945328455194736}, {"l": "Treenuts", "v": 0.0092282970838043505}, {"l": "Vegetables, Other", "v": 0.94482834010520955}, {"l": "Peas", "v": 0.22515005481812156}, {"l": "Grapes", "v": 0.0024180474637310128}, {"l": "Pimento", "v": 0.014150055528500001}, {"l": "Dates", "v": 0.0056600222113999997}, {"l": "Potatoes", "v": 0.81117645059420795}, {"l": "Beans", "v": 0.19290963276724263}, {"l": "Apples", "v": 0.040047326967452834}, {"l": "Lemons, Limes", "v": 0.0011622222200000001}, {"l": "Pineapples", "v": 0.0010438565553811474}, {"l": "Bananas", "v": 0.0055399891139314853}, {"l": "Tea", "v": 0.0046488888800000003}, {"l": "Fruits, Other", "v": 0.073863289858769998}, {"l": "Sweet potatoes", "v": 5.8727119154844623}, {"l": "Oranges, Mandarines", "v": 0.0023305973811647059}, {"l": "Pulses, Other", "v": 0.29247961666564598}, {"l": "Onions", "v": 0.18828702920987905}, {"l": "Cassava", "v": 0.058328473170916037}]}, {"source": 10, "prod": 2.0, "target": 13, "value": 0.02122508329275, "supply": [{"l": "Palm Oil", "v": 0.02122508329275}]}, {"source": 14, "prod": 383.0, "target": 11, "value": 1.8982133973162734, "supply": [{"l": "Fats, Animals, Raw", "v": 0.0086632993031632664}, {"l": "Coconut Oil", "v": 0.38205149926949999}, {"l": "Sugar", "v": 1.50749859874361}]}, {"source": 14, "prod": 3785.0, "target": 4, "value": 13.777876335289182, "supply": [{"l": "Maize", "v": 0.13584053307360003}, {"l": "Wheat", "v": 13.620058304593412}, {"l": "Rice", "v": 0.02197749762217148}]}, {"source": 14, "prod": 23.0, "target": 5, "value": 0.18743381246213076, "supply": [{"l": "Sesame seed", "v": 0.169800666342}, {"l": "Groundnuts", "v": 0.017633146120130769}]}, {"source": 14, "prod": 58.0, "target": 0, "value": 0.11107208876834132, "supply": [{"l": "Dates", "v": 0.10565374794613333}, {"l": "Coffee", "v": 0.00070165564604132225}, {"l": "Pepper", "v": 0.0047166851761666672}]}, {"source": 6, "prod": 20.0, "target": 15, "value": 0.034816170169841287, "supply": [{"l": "Beer", "v": 0.0088262722603514848}, {"l": "Fats, Animals, Raw", "v": 0.025989897909489801}]}, {"source": 3, "prod": 204.0, "target": 15, "value": 0.58237310530718078, "supply": [{"l": "Pigmeat", "v": 0.42732766844638603}, {"l": "Meat, Other", "v": 0.026083837299524095}, {"l": "Eggs", "v": 0.087422125245386159}, {"l": "Milk - Excluding Butter", "v": 0.011851569351281727}, {"l": "Poultry Meat", "v": 0.018367860541802884}, {"l": "Offals, Edible", "v": 0.011320044422799999}]}, {"source": 4, "prod": 1537.0, "target": 15, "value": 6.7236384722609994, "supply": [{"l": "Maize", "v": 0.0033960133268400006}, {"l": "Barley", "v": 0.0024659847809004147}, {"l": "Rice", "v": 6.6064357852247459}, {"l": "Wheat", "v": 0.047342448652330046}, {"l": "Millet", "v": 0.063998240276183158}]}, {"source": 5, "prod": 565.0, "target": 15, "value": 2.161561521145019, "supply": [{"l": "Sunflower seed", "v": 0.023510861493507694}, {"l": "Coconuts - Incl Copra", "v": 0.0015722283920555555}, {"l": "Sesame seed", "v": 0.0169800666342}, {"l": "Oilcrops, Other", "v": 0.18220917657468461}, {"l": "Soyabeans", "v": 1.7080582884888711}, {"l": "Groundnuts", "v": 0.21747546881494617}, {"l": "Rape and Mustardseed", "v": 0.011755430746753847}]}, {"source": 0, "prod": 793.0, "target": 15, "value": 1.0162629432867314, "supply": [{"l": "Nuts", "v": 0.060906760753108705}, {"l": "Grapefruit", "v": 0.010459999980000001}, {"l": "Coffee", "v": 0.00070165564604132225}, {"l": "Treenuts", "v": 0.060906760753108705}, {"l": "Vegetables, Other", "v": 0.059305379788566183}, {"l": "Peas", "v": 0.20638755024994476}, {"l": "Sweet potatoes", "v": 0.0057973464121268137}, {"l": "Grapes", "v": 0.0056421107487056969}, {"l": "Pimento", "v": 0.056600222114000003}, {"l": "Dates", "v": 0.0037733481409333329}, {"l": "Potatoes", "v": 0.066407191292168322}, {"l": "Beans", "v": 0.10047376706627219}, {"l": "Apples", "v": 0.023227449641122645}, {"l": "Bananas", "v": 0.010387479588621535}, {"l": "Tea", "v": 0.040677777700000001}, {"l": "Fruits, Other", "v": 0.051959003900652008}, {"l": "Oranges, Mandarines", "v": 0.017978894083270591}, {"l": "Onions", "v": 0.011248316030720044}, {"l": "Pulses, Other", "v": 0.22342192939736844}]}, {"source": 8, "prod": 191.0, "target": 15, "value": 0.86436131880800615, "supply": [{"l": "Sugar", "v": 0.68748562470175612}, {"l": "Honey", "v": 0.17687569410625004}]}, {"source": 9, "prod": 202.0, "target": 15, "value": 0.18558488676276039, "supply": [{"l": "Crustaceans", "v": 0.027755878152057691}, {"l": "Marine Fish, Other", "v": 0.038704563651485308}, {"l": "Freshwater Fish", "v": 0.027133096168051551}, {"l": "Fish, Seafood", "v": 0.086180237691165826}, {"l": "Cephalopods", "v": 0.0046488888800000003}, {"l": "Molluscs, Other", "v": 0.0011622222200000001}]}, {"source": 10, "prod": 63.0, "target": 15, "value": 0.59712837636815319, "supply": [{"l": "Soyabean Oil", "v": 0.031061097501585363}, {"l": "Rape and Mustard Oil", "v": 0.16980066634200003}, {"l": "Oilcrops Oil, Other", "v": 0.18678073297620001}, {"l": "Groundnut Oil", "v": 0.1434522870820345}, {"l": "Cottonseed Oil", "v": 0.066033592466333349}]}, {"source": 16, "prod": 435.0, "target": 11, "value": 1.8015436550919512, "supply": [{"l": "Sugar", "v": 1.8015436550919512}]}, {"source": 4, "prod": 5.0, "target": 17, "value": 0.018208634097050015, "supply": [{"l": "Wheat", "v": 0.018208634097050015}]}, {"source": 16, "prod": 800.0, "target": 4, "value": 2.6299982782577369, "supply": [{"l": "Millet", "v": 1.3473313742354347}, {"l": "Sorghum", "v": 1.2826669040223022}]}, {"source": 16, "prod": 182.0, "target": 5, "value": 0.8842309638538427, "supply": [{"l": "Soyabeans", "v": 0.35001194436247351}, {"l": "Rape and Mustardseed", "v": 0.36441835314936921}, {"l": "Sesame seed", "v": 0.169800666342}]}, {"source": 1, "prod": 7712.0, "target": 9, "value": 6.6418694726169702, "supply": [{"l": "Pelagic Fish", "v": 0.10762955622465353}, {"l": "Crustaceans", "v": 0.26286449308713461}, {"l": "Freshwater Fish", "v": 0.70020893336907231}, {"l": "Molluscs, Other", "v": 0.34169333268000007}, {"l": "Aquatic Plants", "v": 0.33513289409605274}, {"l": "Demersal Fish", "v": 0.33788037998458781}, {"l": "Aquatic Products, Other", "v": 0.33513289409605274}, {"l": "Fish, Seafood", "v": 2.7782460784399601}, {"l": "Marine Fish, Other", "v": 1.3896186885194561}, {"l": "Cephalopods", "v": 0.05346222212}]}, {"source": 1, "prod": 11053.0, "target": 3, "value": 31.576269647566566, "supply": [{"l": "Poultry Meat", "v": 1.7000475368135337}, {"l": "Pigmeat", "v": 23.648230195576701}, {"l": "Bovine Meat", "v": 0.33535631602545002}, {"l": "Eggs", "v": 3.0597743835885156}, {"l": "Milk - Excluding Butter", "v": 2.025540943673604}, {"l": "Offals, Edible", "v": 0.35375138821250002}, {"l": "Meat, Other", "v": 0.19793029480227112}, {"l": "Mutton & Goat Meat", "v": 0.33633593525434619}]}, {"source": 11, "prod": 1743.0, "target": 6, "value": 7.7526049690585621, "supply": [{"l": "Fats, Animals, Raw", "v": 3.8291782919981636}, {"l": "Beer", "v": 0.078398065371357309}, {"l": "Beverages, Alcoholic", "v": 3.6953022711118706}, {"l": "Butter, Ghee", "v": 0.12735049975650001}, {"l": "Beverages, Fermented", "v": 0.022375840820670186}]}, {"source": 11, "prod": 1813.0, "target": 10, "value": 18.193225539426212, "supply": [{"l": "Ricebran Oil", "v": 0.339601332684}, {"l": "Sesameseed Oil", "v": 1.0419586343713638}, {"l": "Soyabean Oil", "v": 3.4167207251743896}, {"l": "Coconut Oil", "v": 0.38205149926949999}, {"l": "Rape and Mustard Oil", "v": 2.8766230533232946}, {"l": "Cottonseed Oil", "v": 2.7451107725290003}, {"l": "Groundnut Oil", "v": 2.479675248132311}, {"l": "Palm Oil", "v": 1.0612541646375002}, {"l": "Palmkernel Oil", "v": 0.12735049975650001}, {"l": "Oilcrops Oil, Other", "v": 3.3196030269860999}, {"l": "Sunflowerseed Oil", "v": 0.40327658256225002}]}, {"source": 11, "prod": 2321.0, "target": 8, "value": 9.7049812434083975, "supply": [{"l": "Honey", "v": 0.53770211008300006}, {"l": "Sweeteners, Other", "v": 0.072589784861205014}, {"l": "Sugar non-centrifugal", "v": 0.33960133268400006}, {"l": "Sugar", "v": 8.7550880157801938}]}, {"source": 18, "prod": 0, "target": 0, "value": 0.21589839993922286, "supply": "[{\"l\":'Energy for power irrigation',\"v\":0.21589839993922286}]"}, {"source": 18, "prod": 0, "target": 2, "value": 0.015177530633786105, "supply": "[{\"l\":'Energy for power irrigation',\"v\":0.015177530633786105}]"}, {"source": 18, "prod": 0, "target": 4, "value": 0.16977204296455645, "supply": "[{\"l\":'Energy for power irrigation',\"v\":0.16977204296455645}]"}, {"source": 18, "prod": 0, "target": 5, "value": 0.019510012889918094, "supply": "[{\"l\":'Energy for power irrigation',\"v\":0.019510012889918094}]"}, {"source": 18, "prod": 0, "target": 11, "value": 16.241492662464111, "supply": "[{\"l\":'Electricity',\"v\":16.241492662464111}]"}, {"source": 19, "prod": 0, "target": 18, "value": 33.364458879075521, "supply": [{"l": "Coal", "v": 27.510665519398131}, {"l": "Natural gas", "v": 0.0}, {"l": "Oil", "v": 5.8537933596773897}]}, {"source": 20, "prod": 0, "target": 18, "value": 3.7082496196489156, "supply": [{"l": "Nuclear", "v": 0.0}, {"l": "Hydroelectric", "v": 3.7082496196489156}, {"l": "Renewable", "v": 0.0}]}, {"source": 19, "prod": 0, "target": 0, "value": 139.50338945225897, "supply": [{"l": "Motor Gasoline", "v": 9.3180927957636293}, {"l": "Gas-Diesel oil", "v": 44.337802161301916}, {"l": "Natural gas (including LNG)", "v": 0.247244240144122}, {"l": "Fuel oil", "v": 0.18444163511732309}, {"l": "Liquefied petroleum gas (LPG)", "v": 0.0067482126709849802}, {"l": "Coal", "v": 85.409060407260981}]}, {"source": 19, "prod": 0, "target": 2, "value": 9.8070062933523179, "supply": [{"l": "Motor Gasoline", "v": 0.65505644736587476}, {"l": "Gas-Diesel oil", "v": 3.1169214349311769}, {"l": "Natural gas (including LNG)", "v": 0.017381124778465033}, {"l": "Fuel oil", "v": 0.012966138553721637}, {"l": "Liquefied petroleum gas (LPG)", "v": 0.00047439538489405431}, {"l": "Coal", "v": 6.0042067523381837}]}, {"source": 19, "prod": 0, "target": 4, "value": 109.6987075145408, "supply": [{"l": "Motor Gasoline", "v": 7.3272967790193864}, {"l": "Gas-Diesel oil", "v": 34.865099767305146}, {"l": "Natural gas (including LNG)", "v": 0.19442089321784387}, {"l": "Fuel oil", "v": 0.14503596696597146}, {"l": "Liquefied petroleum gas (LPG)", "v": 0.0053064675413756575}, {"l": "Coal", "v": 67.161547640491065}]}, {"source": 19, "prod": 0, "target": 5, "value": 12.606452512695883, "supply": [{"l": "Motor Gasoline", "v": 0.8420447331058426}, {"l": "Gas-Diesel oil", "v": 4.0066581870044065}, {"l": "Natural gas (including LNG)", "v": 0.022342631133569064}, {"l": "Fuel oil", "v": 0.016667370761383776}, {"l": "Liquefied petroleum gas (LPG)", "v": 0.00060981330214530678}, {"l": "Coal", "v": 7.718129777388536}]}, {"source": 21, "prod": 916.04471797920826, "target": 0, "value": 11.938990850621522, "supply": [{"l": "Potash", "v": 0.45151764391992982}, {"l": "Phosphate", "v": 1.9937012042122941}, {"l": "Nitrogen", "v": 20.800206571214108}]}, {"source": 21, "prod": 64.397405321027293, "target": 2, "value": 0.83930404033939432, "supply": [{"l": "Potash", "v": 0.45151764391992982}, {"l": "Phosphate", "v": 1.9937012042122941}, {"l": "Nitrogen", "v": 20.800206571214108}]}, {"source": 21, "prod": 720.33319034323983, "target": 4, "value": 9.3882440454202261, "supply": [{"l": "Potash", "v": 0.45151764391992982}, {"l": "Phosphate", "v": 1.9937012042122941}, {"l": "Nitrogen", "v": 20.800206571214108}]}, {"source": 21, "prod": 82.779882854837581, "target": 5, "value": 1.0788864829651899, "supply": [{"l": "Potash", "v": 0.45151764391992982}, {"l": "Phosphate", "v": 1.9937012042122941}, {"l": "Nitrogen", "v": 20.800206571214108}]}, {"source": 19, "prod": 0, "target": 21, "value": 27.766840139906744, "supply": [{"l": "Natural gas (including LNG)", "v": 18.858410945643456}, {"l": "Fuel oil", "v": 5.2315520004585814}, {"l": "Liquefied petroleum gas (LPG)", "v": 1.8384385969023522}, {"l": "Coal", "v": 1.8384385969023522}]}, {"source": 22, "prod": 0, "target": 4, "value": 58.125992671647523, "supply": "[{\"l\":'Labor',\"v\":58.125992671647523}]"}, {"source": 22, "prod": 0, "target": 5, "value": 6.6797739277949484, "supply": "[{\"l\":'Labor',\"v\":6.6797739277949484}]"}, {"source": 22, "prod": 0, "target": 0, "value": 73.91858278637568, "supply": "[{\"l\":'Labor',\"v\":73.91858278637568}]"}, {"source": 22, "prod": 0, "target": 2, "value": 5.1964329284612374, "supply": "[{\"l\":'Labor',\"v\":5.1964329284612374}]"}, {"source": 19, "prod": 0, "target": 14, "value": 14.94623078132272, "supply": "[{\"l\":'Fossil Fuels',\"v\":14.94623078132272}]"}, {"source": 20, "prod": 0, "target": 14, "value": 9.6610516417455177, "supply": "[{\"l\":'Renewables & Nuclear',\"v\":0.17505930004865131},{\"l\":'Biomass & Waste',\"v\":9.4859923416968659}]"}]}