{"nodes": [{"layer": 13, "name": "Animal Products", "fill": "#17becf"}, {"layer": 10, "name": "Feed", "fill": "#dbdb8d"}, {"layer": 5, "name": "Cereals", "fill": "#e7ba52"}, {"layer": 5, "name": "Oilcrops", "fill": "#ff9896"}, {"layer": 5, "name": "Fruits, Roots & Vegetables", "fill": "#98df8a"}, {"layer": 5, "name": "Sugar Crops", "fill": "#ffbb78"}, {"layer": 13, "name": "Aquatic Products", "fill": "#1f77b4"}, {"layer": 13, "name": "Other Processed", "fill": "#9c9ede"}, {"layer": 16, "name": "Food", "fill": "#b5cf6b"}, {"layer": 13, "name": "Sugar", "fill": "#d6616b"}, {"layer": 13, "name": "Vegetable Oils", "fill": "#f7b6d2"}, {"layer": 10, "name": "Processing", "fill": "#9edae5"}, {"layer": 16, "name": "Biofuels & Other", "fill": "#e7ba52"}, {"name": "Seed", "fill": "#dbdb8d"}, {"name": "Waste", "fill": "#c7c7c7"}, {"layer": 0, "name": "Import", "fill": "#aec7e8"}, {"layer": 16, "name": "Export", "fill": "#aec7e8"}, {"layer": 0, "name": "Stock Draw", "fill": "#c7c7c7"}, {"layer": 16, "name": "Stock Deposit", "fill": "#c7c7c7"}, {"layer": 0, "name": "Production", "fill": "#b5cf6b"}], "links": [{"source": 0, "prod": 0.37755187679118274, "target": 1, "value": 396.0, "supply": [{"l": "Milk - Excluding Butter", "v": 395.0}, {"l": "Meat, Other", "v": 1.0}]}, {"source": 2, "prod": 217.62476024202741, "target": 1, "value": 61712.0, "supply": [{"l": "Maize", "v": 49000.0}, {"l": "Oats", "v": 300.0}, {"l": "Rye", "v": 270.0}, {"l": "Barley", "v": 150.0}, {"l": "Rice", "v": 7671.0}, {"l": "Sorghum", "v": 2360.0}, {"l": "Cereals, Other", "v": 381.0}, {"l": "Wheat", "v": 650.0}, {"l": "Millet", "v": 930.0}]}, {"source": 3, "prod": 6.9807067741637994, "target": 1, "value": 1247.0, "supply": [{"l": "Soyabeans", "v": 242.0}, {"l": "Cottonseed", "v": 942.0}, {"l": "Oilcrops, Other", "v": 63.0}]}, {"source": 4, "prod": 49.880421084684627, "target": 1, "value": 43307.0, "supply": [{"l": "Vegetables, Other", "v": 785.0}, {"l": "Potatoes", "v": 8000.0}, {"l": "Roots, Other", "v": 60.0}, {"l": "Peas", "v": 458.0}, {"l": "Sweet potatoes", "v": 32000.0}, {"l": "Cassava", "v": 1454.0}, {"l": "Pulses, Other", "v": 550.0}]}, {"source": 5, "prod": 0.029108685658628577, "target": 1, "value": 108.0, "supply": [{"l": "Sugar cane", "v": 108.0}]}, {"source": 6, "prod": 0.22593476897976708, "target": 1, "value": 232.0, "supply": [{"l": "Fish, Seafood", "v": 116.0}, {"l": "Pelagic Fish", "v": 116.0}]}, {"source": 7, "prod": 14.170509711070988, "target": 8, "value": 3339.0, "supply": [{"l": "Beer", "v": 380.0}, {"l": "Beverages, Alcoholic", "v": 2110.0}, {"l": "Fats, Animals, Raw", "v": 701.0}, {"l": "Butter, Ghee", "v": 33.0}, {"l": "Wine", "v": 30.0}, {"l": "Beverages, Fermented", "v": 85.0}]}, {"source": 0, "prod": 52.105432057051587, "target": 8, "value": 17021.0, "supply": [{"l": "Pigmeat", "v": 9918.0}, {"l": "Meat, Other", "v": 127.0}, {"l": "Mutton & Goat Meat", "v": 376.0}, {"l": "Poultry Meat", "v": 1263.0}, {"l": "Milk - Excluding Butter", "v": 2165.0}, {"l": "Offals, Edible", "v": 569.0}, {"l": "Bovine Meat", "v": 264.0}, {"l": "Eggs", "v": 2339.0}]}, {"source": 2, "prod": 584.49329403258821, "target": 8, "value": 147400.0, "supply": [{"l": "Maize", "v": 4568.0}, {"l": "Rye", "v": 1350.0}, {"l": "Barley", "v": 2674.0}, {"l": "Cereals, Other", "v": 2094.0}, {"l": "Rice", "v": 74274.0}, {"l": "Wheat", "v": 52284.0}, {"l": "Oats", "v": 527.0}, {"l": "Sorghum", "v": 4859.0}, {"l": "Millet", "v": 4770.0}]}, {"source": 3, "prod": 18.632811486525359, "target": 8, "value": 4509.0, "supply": [{"l": "Coconuts - Incl Copra", "v": 55.0}, {"l": "Sesame seed", "v": 40.0}, {"l": "Groundnuts", "v": 814.0}, {"l": "Soyabeans", "v": 3600.0}]}, {"source": 4, "prod": 143.21919330492139, "target": 8, "value": 154135.0, "supply": [{"l": "Roots, Other", "v": 1080.0}, {"l": "Nuts", "v": 215.0}, {"l": "Cocoa Beans", "v": 17.0}, {"l": "Tomatoes", "v": 4643.0}, {"l": "Coffee", "v": 7.0}, {"l": "Treenuts", "v": 215.0}, {"l": "Apples", "v": 2418.0}, {"l": "Vegetables, Other", "v": 42003.0}, {"l": "Peas", "v": 1644.0}, {"l": "Grapes", "v": 68.0}, {"l": "Dates", "v": 94.0}, {"l": "Potatoes", "v": 11736.0}, {"l": "Pimento", "v": 97.0}, {"l": "Pepper", "v": 5.0}, {"l": "Pineapples", "v": 68.0}, {"l": "Beans", "v": 1473.0}, {"l": "Pulses, Other", "v": 1810.0}, {"l": "Lemons, Limes", "v": 12.0}, {"l": "Bananas", "v": 60.0}, {"l": "Citrus, Other", "v": 28.0}, {"l": "Spices, Other", "v": 34.0}, {"l": "Tea", "v": 169.0}, {"l": "Fruits, Other", "v": 2841.0}, {"l": "Sweet potatoes", "v": 78843.0}, {"l": "Grapefruit", "v": 6.0}, {"l": "Oranges, Mandarines", "v": 435.0}, {"l": "Onions", "v": 3074.0}, {"l": "Cassava", "v": 1040.0}]}, {"source": 9, "prod": 16.827510664200592, "target": 8, "value": 4065.0, "supply": [{"l": "Sugar", "v": 3695.0}, {"l": "Sugar non-centrifugal", "v": 280.0}, {"l": "Sweeteners, Other", "v": 30.0}, {"l": "Honey", "v": 60.0}]}, {"source": 6, "prod": 7.221059654695658, "target": 8, "value": 10881.0, "supply": [{"l": "Aquatic Plants", "v": 1303.0}, {"l": "Freshwater Fish", "v": 1067.0}, {"l": "Crustaceans", "v": 391.0}, {"l": "Aquatic Products, Other", "v": 1317.0}, {"l": "Marine Fish, Other", "v": 1156.0}, {"l": "Demersal Fish", "v": 661.0}, {"l": "Fish, Seafood", "v": 4124.0}, {"l": "Pelagic Fish", "v": 328.0}, {"l": "Cephalopods", "v": 90.0}, {"l": "Molluscs, Other", "v": 430.0}, {"l": "Aquatic Animals, Others", "v": 14.0}]}, {"source": 10, "prod": 24.997896138606546, "target": 8, "value": 2403.0, "supply": [{"l": "Ricebran Oil", "v": 79.0}, {"l": "Maize Germ Oil", "v": 12.0}, {"l": "Groundnut Oil", "v": 361.0}, {"l": "Soyabean Oil", "v": 547.0}, {"l": "Palm Oil", "v": 210.0}, {"l": "Sunflowerseed Oil", "v": 106.0}, {"l": "Coconut Oil", "v": 22.0}, {"l": "Rape and Mustard Oil", "v": 654.0}, {"l": "Oilcrops Oil, Other", "v": 59.0}, {"l": "Sesameseed Oil", "v": 119.0}, {"l": "Cottonseed Oil", "v": 230.0}, {"l": "Palmkernel Oil", "v": 4.0}]}, {"source": 4, "prod": 2.9320085482164036, "target": 11, "value": 3527.0, "supply": [{"l": "Potatoes", "v": 3350.0}, {"l": "Fruits, Other", "v": 134.0}, {"l": "Grapes", "v": 43.0}]}, {"source": 5, "prod": 9.5394092939295252, "target": 11, "value": 25106.0, "supply": [{"l": "Sugar beet", "v": 3106.0}, {"l": "Sugar cane", "v": 22000.0}]}, {"source": 0, "prod": 0.018430598508311431, "target": 11, "value": 16.0, "supply": [{"l": "Pigmeat", "v": 1.0}, {"l": "Milk - Excluding Butter", "v": 15.0}]}, {"source": 2, "prod": 0.39561376517482771, "target": 11, "value": 140.0, "supply": [{"l": "Maize", "v": 53.0}, {"l": "Barley", "v": 87.0}]}, {"source": 3, "prod": 59.499767341504082, "target": 11, "value": 10994.818181818182, "supply": [{"l": "Sunflower seed", "v": 303.0}, {"l": "Soyabeans", "v": 2900.0}, {"l": "Sesame seed", "v": 267.0}, {"l": "Cottonseed", "v": 2207.0}, {"l": "Rape and Mustardseed", "v": 1896.0}, {"l": "Groundnuts", "v": 900.0}, {"l": "Palm kernels", "v": 43.0}, {"l": "Oilcrops, Other", "v": 1697.0}, {"l": "Oil Palm", "v": 781.81818181818198}]}, {"source": 7, "prod": 0.69630064913160428, "target": 12, "value": 84.0, "supply": [{"l": "Fats, Animals, Raw", "v": 83.0}, {"l": "Fish, Body Oil", "v": 1.0}]}, {"source": 0, "prod": 0.084052464311707362, "target": 12, "value": 49.0, "supply": [{"l": "Eggs", "v": 42.0}, {"l": "Offals, Edible", "v": 7.0}]}, {"source": 2, "prod": 9.3875075048690118, "target": 12, "value": 2613.0, "supply": [{"l": "Maize", "v": 1680.0}, {"l": "Wheat", "v": 636.0}, {"l": "Barley", "v": 10.0}, {"l": "Rice", "v": 287.0}]}, {"source": 3, "prod": 5.9369590124577876, "target": 12, "value": 979.0, "supply": [{"l": "Cottonseed", "v": 838.0}, {"l": "Rape and Mustardseed", "v": 110.0}, {"l": "Oilcrops, Other", "v": 31.0}]}, {"source": 4, "prod": 0.046417471873864483, "target": 12, "value": 39.0, "supply": [{"l": "Cassava", "v": 39.0}]}, {"source": 10, "prod": 3.9620155479800006, "target": 12, "value": 511.0, "supply": [{"l": "Cottonseed Oil", "v": 78.0}, {"l": "Palmkernel Oil", "v": 20.0}, {"l": "Oilcrops Oil, Other", "v": 413.0}]}, {"source": 4, "prod": 3.7449924954229274, "target": 13, "value": 2574.0, "supply": [{"l": "Potatoes", "v": 2070.0}, {"l": "Peas", "v": 126.0}, {"l": "Beans", "v": 136.0}, {"l": "Pulses, Other", "v": 242.0}]}, {"source": 0, "prod": 0.13915199835080913, "target": 0, "value": 79.0, "supply": [{"l": "Eggs", "v": 79.0}]}, {"source": 2, "prod": 44.554593223915433, "target": 13, "value": 11327.0, "supply": [{"l": "Maize", "v": 1340.0}, {"l": "Wheat", "v": 4000.0}, {"l": "Oats", "v": 48.0}, {"l": "Rye", "v": 95.0}, {"l": "Millet", "v": 136.0}, {"l": "Barley", "v": 130.0}, {"l": "Rice", "v": 5236.0}, {"l": "Sorghum", "v": 94.0}, {"l": "Cereals, Other", "v": 248.0}]}, {"source": 3, "prod": 6.3775940300339613, "target": 13, "value": 1343.0, "supply": [{"l": "Sunflower seed", "v": 21.0}, {"l": "Soyabeans", "v": 758.0}, {"l": "Sesame seed", "v": 12.0}, {"l": "Cottonseed", "v": 295.0}, {"l": "Groundnuts", "v": 147.0}, {"l": "Rape and Mustardseed", "v": 99.0}, {"l": "Oilcrops, Other", "v": 11.0}]}, {"source": 7, "prod": 0.0011985929388847059, "target": 14, "value": 2.0, "supply": [{"l": "Beverages, Fermented", "v": 2.0}]}, {"source": 0, "prod": 0.3703755905471201, "target": 14, "value": 276.0, "supply": [{"l": "Eggs", "v": 133.0}, {"l": "Milk - Excluding Butter", "v": 143.0}]}, {"source": 2, "prod": 62.723169316442878, "target": 14, "value": 16510.0, "supply": [{"l": "Maize", "v": 5107.0}, {"l": "Rye", "v": 86.0}, {"l": "Barley", "v": 176.0}, {"l": "Rice", "v": 5483.0}, {"l": "Cereals, Other", "v": 136.0}, {"l": "Wheat", "v": 4830.0}, {"l": "Oats", "v": 42.0}, {"l": "Sorghum", "v": 356.0}, {"l": "Millet", "v": 294.0}]}, {"source": 3, "prod": 3.2458900062512939, "target": 14, "value": 620.0, "supply": [{"l": "Sunflower seed", "v": 10.0}, {"l": "Coconuts - Incl Copra", "v": 3.0}, {"l": "Sesame seed", "v": 13.0}, {"l": "Cottonseed", "v": 132.0}, {"l": "Oilcrops, Other", "v": 54.0}, {"l": "Soyabeans", "v": 233.0}, {"l": "Groundnuts", "v": 79.0}, {"l": "Rape and Mustardseed", "v": 96.0}]}, {"source": 4, "prod": 10.453511399139101, "target": 14, "value": 12213.0, "supply": [{"l": "Roots, Other", "v": 60.0}, {"l": "Nuts", "v": 5.0}, {"l": "Grapefruit", "v": 1.0}, {"l": "Tomatoes", "v": 350.0}, {"l": "Treenuts", "v": 5.0}, {"l": "Vegetables, Other", "v": 3429.0}, {"l": "Peas", "v": 69.0}, {"l": "Grapes", "v": 4.0}, {"l": "Pimento", "v": 3.0}, {"l": "Dates", "v": 5.0}, {"l": "Potatoes", "v": 1331.0}, {"l": "Beans", "v": 51.0}, {"l": "Apples", "v": 287.0}, {"l": "Lemons, Limes", "v": 1.0}, {"l": "Pineapples", "v": 4.0}, {"l": "Bananas", "v": 7.0}, {"l": "Tea", "v": 8.0}, {"l": "Fruits, Other", "v": 237.0}, {"l": "Sweet potatoes", "v": 5834.0}, {"l": "Oranges, Mandarines", "v": 13.0}, {"l": "Pulses, Other", "v": 81.0}, {"l": "Onions", "v": 344.0}, {"l": "Cassava", "v": 84.0}]}, {"source": 10, "prod": 0.038591060532272729, "target": 14, "value": 4.0, "supply": [{"l": "Palm Oil", "v": 4.0}]}, {"source": 15, "prod": 7.7069673786234212, "target": 11, "value": 1406.0, "supply": [{"l": "Coconut Oil", "v": 22.0}, {"l": "Sugar", "v": 1096.0}, {"l": "Oilcrops Oil, Other", "v": 17.0}, {"l": "Rape and Mustard Oil", "v": 1.0}, {"l": "Butter, Ghee", "v": 4.0}, {"l": "Fats, Animals, Raw", "v": 105.0}, {"l": "Soyabean Oil", "v": 116.0}, {"l": "Palm Oil", "v": 42.0}, {"l": "Palmkernel Oil", "v": 3.0}]}, {"source": 15, "prod": 42.628892641447884, "target": 2, "value": 11759.0, "supply": [{"l": "Maize", "v": 2790.0}, {"l": "Barley", "v": 110.0}, {"l": "Sorghum", "v": 30.0}, {"l": "Wheat", "v": 8710.0}, {"l": "Rice", "v": 119.0}]}, {"source": 15, "prod": 2.1199910687227601, "target": 3, "value": 579.0, "supply": [{"l": "Soyabeans", "v": 579.0}]}, {"source": 15, "prod": 0.54204588571034162, "target": 4, "value": 140.0, "supply": [{"l": "Dates", "v": 95.0}, {"l": "Cocoa Beans", "v": 17.0}, {"l": "Coffee", "v": 4.0}, {"l": "Beans", "v": 21.0}, {"l": "Pepper", "v": 3.0}]}, {"source": 15, "prod": 0.34110226128571997, "target": 1, "value": 353.0, "supply": [{"l": "Milk - Excluding Butter", "v": 121.0}, {"l": "Fish, Seafood", "v": 116.0}, {"l": "Pelagic Fish", "v": 116.0}]}, {"source": 7, "prod": 0.074089130532059011, "target": 16, "value": 33.0, "supply": [{"l": "Beer", "v": 20.0}, {"l": "Beverages, Alcoholic", "v": 10.0}, {"l": "Fats, Animals, Raw", "v": 2.0}, {"l": "Beverages, Fermented", "v": 1.0}]}, {"source": 0, "prod": 0.73530665886942881, "target": 16, "value": 297.0, "supply": [{"l": "Pigmeat", "v": 95.0}, {"l": "Meat, Other", "v": 64.0}, {"l": "Eggs", "v": 57.0}, {"l": "Poultry Meat", "v": 43.0}, {"l": "Milk - Excluding Butter", "v": 5.0}, {"l": "Mutton & Goat Meat", "v": 1.0}, {"l": "Offals, Edible", "v": 23.0}, {"l": "Bovine Meat", "v": 9.0}]}, {"source": 2, "prod": 5.0572700002926867, "target": 16, "value": 1184.0, "supply": [{"l": "Maize", "v": 41.0}, {"l": "Barley", "v": 2.0}, {"l": "Rice", "v": 1048.0}, {"l": "Cereals, Other", "v": 24.0}, {"l": "Wheat", "v": 39.0}, {"l": "Sorghum", "v": 10.0}, {"l": "Millet", "v": 20.0}]}, {"source": 3, "prod": 1.5236863701773873, "target": 16, "value": 368.0, "supply": [{"l": "Sunflower seed", "v": 6.0}, {"l": "Sesame seed", "v": 6.0}, {"l": "Groundnuts", "v": 35.0}, {"l": "Oilcrops, Other", "v": 15.0}, {"l": "Soyabeans", "v": 306.0}]}, {"source": 4, "prod": 1.2888091345486776, "target": 16, "value": 1383.0, "supply": [{"l": "Nuts", "v": 48.0}, {"l": "Tomatoes", "v": 7.0}, {"l": "Coffee", "v": 2.0}, {"l": "Treenuts", "v": 48.0}, {"l": "Vegetables, Other", "v": 402.0}, {"l": "Peas", "v": 3.0}, {"l": "Grapes", "v": 11.0}, {"l": "Pulses, Other", "v": 18.0}, {"l": "Dates", "v": 2.0}, {"l": "Potatoes", "v": 127.0}, {"l": "Pimento", "v": 16.0}, {"l": "Beans", "v": 46.0}, {"l": "Apples", "v": 164.0}, {"l": "Pineapples", "v": 6.0}, {"l": "Bananas", "v": 7.0}, {"l": "Spices, Other", "v": 7.0}, {"l": "Tea", "v": 99.0}, {"l": "Fruits, Other", "v": 95.0}, {"l": "Sweet potatoes", "v": 9.0}, {"l": "Grapefruit", "v": 3.0}, {"l": "Oranges, Mandarines", "v": 57.0}, {"l": "Onions", "v": 22.0}, {"l": "Cassava", "v": 184.0}]}, {"source": 9, "prod": 0.70282323050218909, "target": 16, "value": 169.0, "supply": [{"l": "Sugar", "v": 119.0}, {"l": "Honey", "v": 50.0}]}, {"source": 6, "prod": 0.17625737235206346, "target": 16, "value": 220.0, "supply": [{"l": "Crustaceans", "v": 60.0}, {"l": "Marine Fish, Other", "v": 50.0}, {"l": "Fish, Seafood", "v": 110.0}]}, {"source": 10, "prod": 0.6643828747922994, "target": 16, "value": 74.0, "supply": [{"l": "Ricebran Oil", "v": 8.0}, {"l": "Maize Germ Oil", "v": 1.0}, {"l": "Groundnut Oil", "v": 17.0}, {"l": "Soyabean Oil", "v": 4.0}, {"l": "Rape and Mustard Oil", "v": 11.0}, {"l": "Sesameseed Oil", "v": 1.0}, {"l": "Oilcrops Oil, Other", "v": 31.0}, {"l": "Cottonseed Oil", "v": 1.0}]}, {"source": 17, "prod": 0.84268320765260551, "target": 4, "value": 1000.0, "supply": [{"l": "Potatoes", "v": 1000.0}]}, {"source": 2, "prod": 46.784355049075266, "target": 18, "value": 12523.0, "supply": [{"l": "Maize", "v": 1041.0}, {"l": "Wheat", "v": 9001.0}, {"l": "Barley", "v": 480.0}, {"l": "Rice", "v": 2001.0}]}, {"source": 3, "prod": 2.3650807097635718, "target": 18, "value": 330.0, "supply": [{"l": "Oilcrops, Other", "v": 50.0}, {"l": "Rape and Mustardseed", "v": 200.0}, {"l": "Sesame seed", "v": 80.0}]}, {"source": 17, "prod": 0.16171492032571433, "target": 5, "value": 600.0, "supply": [{"l": "Sugar cane", "v": 600.0}]}, {"source": 19, "prod": 928.39724510469034, "target": 2, "value": 241652.0, "supply": [{"l": "Maize", "v": 60040.0}, {"l": "Barley", "v": 3600.0}, {"l": "Cereals, Other", "v": 2884.0}, {"l": "Sorghum", "v": 7650.0}, {"l": "Rye", "v": 1800.0}, {"l": "Rice", "v": 95881.0}, {"l": "Wheat", "v": 62730.0}, {"l": "Oats", "v": 917.0}, {"l": "Millet", "v": 6150.0}]}, {"source": 19, "prod": 102.43795643002032, "target": 3, "value": 19811.818181818184, "supply": [{"l": "Sunflower seed", "v": 340.0}, {"l": "Coconuts - Incl Copra", "v": 58.0}, {"l": "Sesame seed", "v": 417.0}, {"l": "Cottonseed", "v": 4414.0}, {"l": "Groundnuts", "v": 1975.0}, {"l": "Rape and Mustardseed", "v": 2402.0}, {"l": "Oilcrops, Other", "v": 1921.0}, {"l": "Soyabeans", "v": 7460.0}, {"l": "Palm kernels", "v": 43.0}, {"l": "Oil Palm", "v": 781.81818181818198}]}, {"source": 19, "prod": 210.17122757465538, "target": 4, "value": 216034.0, "supply": [{"l": "Roots, Other", "v": 1200.0}, {"l": "Nuts", "v": 267.0}, {"l": "Tomatoes", "v": 5000.0}, {"l": "Pepper", "v": 2.0}, {"l": "Treenuts", "v": 267.0}, {"l": "Vegetables, Other", "v": 46619.0}, {"l": "Peas", "v": 2300.0}, {"l": "Grapes", "v": 126.0}, {"l": "Pimento", "v": 116.0}, {"l": "Pulses, Other", "v": 2700.0}, {"l": "Pineapples", "v": 78.0}, {"l": "Citrus, Other", "v": 28.0}, {"l": "Tea", "v": 277.0}, {"l": "Grapefruit", "v": 9.0}, {"l": "Fruits, Other", "v": 3307.0}, {"l": "Coffee", "v": 5.0}, {"l": "Dates", "v": 6.0}, {"l": "Potatoes", "v": 25614.0}, {"l": "Beans", "v": 1685.0}, {"l": "Apples", "v": 2869.0}, {"l": "Lemons, Limes", "v": 13.0}, {"l": "Bananas", "v": 74.0}, {"l": "Spices, Other", "v": 41.0}, {"l": "Sweet potatoes", "v": 116686.0}, {"l": "Oranges, Mandarines", "v": 505.0}, {"l": "Onions", "v": 3440.0}, {"l": "Cassava", "v": 2800.0}]}, {"source": 19, "prod": 9.4068030592624385, "target": 5, "value": 24614.0, "supply": [{"l": "Sugar cane", "v": 21508.0}, {"l": "Sugar beet", "v": 3106.0}]}, {"source": 1, "prod": 7.623251796027489, "target": 6, "value": 11333.0, "supply": [{"l": "Demersal Fish", "v": 661.0}, {"l": "Pelagic Fish", "v": 444.0}, {"l": "Crustaceans", "v": 451.0}, {"l": "Freshwater Fish", "v": 1067.0}, {"l": "Molluscs, Other", "v": 430.0}, {"l": "Aquatic Animals, Others", "v": 14.0}, {"l": "Aquatic Plants", "v": 1303.0}, {"l": "Aquatic Products, Other", "v": 1317.0}, {"l": "Fish, Seafood", "v": 4350.0}, {"l": "Marine Fish, Other", "v": 1206.0}, {"l": "Cephalopods", "v": 90.0}]}, {"source": 1, "prod": 53.691149246079334, "target": 0, "value": 18055.0, "supply": [{"l": "Poultry Meat", "v": 1306.0}, {"l": "Pigmeat", "v": 10014.0}, {"l": "Bovine Meat", "v": 273.0}, {"l": "Eggs", "v": 2650.0}, {"l": "Milk - Excluding Butter", "v": 2723.0}, {"l": "Offals, Edible", "v": 599.0}, {"l": "Meat, Other", "v": 192.0}, {"l": "Mutton & Goat Meat", "v": 377.0}]}, {"source": 11, "prod": 14.942098083673535, "target": 7, "value": 3458.0, "supply": [{"l": "Fats, Animals, Raw", "v": 786.0}, {"l": "Beverages, Fermented", "v": 88.0}, {"l": "Fish, Body Oil", "v": 1.0}, {"l": "Beer", "v": 400.0}, {"l": "Beverages, Alcoholic", "v": 2120.0}, {"l": "Butter, Ghee", "v": 33.0}, {"l": "Wine", "v": 30.0}]}, {"source": 11, "prod": 29.662885621911119, "target": 10, "value": 2992.0, "supply": [{"l": "Ricebran Oil", "v": 87.0}, {"l": "Sesameseed Oil", "v": 120.0}, {"l": "Soyabean Oil", "v": 551.0}, {"l": "Coconut Oil", "v": 22.0}, {"l": "Cottonseed Oil", "v": 309.0}, {"l": "Rape and Mustard Oil", "v": 665.0}, {"l": "Maize Germ Oil", "v": 13.0}, {"l": "Groundnut Oil", "v": 378.0}, {"l": "Palm Oil", "v": 214.0}, {"l": "Palmkernel Oil", "v": 24.0}, {"l": "Oilcrops Oil, Other", "v": 503.0}, {"l": "Sunflowerseed Oil", "v": 106.0}]}, {"source": 11, "prod": 17.530333894702782, "target": 9, "value": 4234.0, "supply": [{"l": "Honey", "v": 110.0}, {"l": "Sweeteners, Other", "v": 30.0}, {"l": "Sugar non-centrifugal", "v": 280.0}, {"l": "Sugar", "v": 3814.0}]}]}