{"nodes": [{"layer": 13, "name": "Animal Products", "fill": "#17becf"}, {"layer": 10, "name": "Feed", "fill": "#dbdb8d"}, {"layer": 5, "name": "Cereals", "fill": "#e7ba52"}, {"layer": 5, "name": "Oilcrops", "fill": "#ff9896"}, {"layer": 5, "name": "Fruits, Roots & Vegetables", "fill": "#98df8a"}, {"layer": 5, "name": "Sugar Crops", "fill": "#ffbb78"}, {"layer": 13, "name": "Aquatic Products", "fill": "#1f77b4"}, {"layer": 13, "name": "Other Processed", "fill": "#9c9ede"}, {"layer": 16, "name": "Food", "fill": "#b5cf6b"}, {"layer": 13, "name": "Sugar", "fill": "#d6616b"}, {"layer": 13, "name": "Vegetable Oils", "fill": "#f7b6d2"}, {"layer": 10, "name": "Processing", "fill": "#9edae5"}, {"layer": 16, "name": "Biofuels & Other", "fill": "#e7ba52"}, {"name": "Seed", "fill": "#dbdb8d"}, {"name": "Waste", "fill": "#c7c7c7"}, {"layer": 0, "name": "Import", "fill": "#aec7e8"}, {"layer": 16, "name": "Export", "fill": "#aec7e8"}, {"layer": 16, "name": "Stock Deposit", "fill": "#c7c7c7"}, {"layer": 0, "name": "Stock Draw", "fill": "#c7c7c7"}, {"layer": 0, "name": "Production", "fill": "#b5cf6b"}], "links": [{"source": 0, "prod": 0.55459629681641076, "target": 1, "value": 620.0, "supply": [{"l": "Milk - Excluding Butter", "v": 619.0}, {"l": "Meat, Other", "v": 1.0}]}, {"source": 2, "prod": 254.24969348164515, "target": 1, "value": 72327.0, "supply": [{"l": "Maize", "v": 57000.0}, {"l": "Oats", "v": 170.0}, {"l": "Rye", "v": 247.0}, {"l": "Barley", "v": 272.0}, {"l": "Rice", "v": 10706.0}, {"l": "Sorghum", "v": 2260.0}, {"l": "Cereals, Other", "v": 352.0}, {"l": "Wheat", "v": 250.0}, {"l": "Millet", "v": 1070.0}]}, {"source": 3, "prod": 28.32184149941877, "target": 1, "value": 4922.0, "supply": [{"l": "Soyabeans", "v": 400.0}, {"l": "Cottonseed", "v": 4252.0}, {"l": "Rape and Mustardseed", "v": 200.0}, {"l": "Oilcrops, Other", "v": 70.0}]}, {"source": 4, "prod": 59.627784971513151, "target": 1, "value": 51205.0, "supply": [{"l": "Vegetables, Other", "v": 1043.0}, {"l": "Potatoes", "v": 7500.0}, {"l": "Roots, Other", "v": 70.0}, {"l": "Peas", "v": 604.0}, {"l": "Sweet potatoes", "v": 40000.0}, {"l": "Cassava", "v": 1316.0}, {"l": "Pulses, Other", "v": 672.0}]}, {"source": 5, "prod": 1.443379005752738, "target": 1, "value": 2899.0, "supply": [{"l": "Sugar beet", "v": 550.0}, {"l": "Sugar cane", "v": 2349.0}]}, {"source": 6, "prod": 1.4147092166085655, "target": 1, "value": 1612.0, "supply": [{"l": "Fish, Seafood", "v": 806.0}, {"l": "Pelagic Fish", "v": 806.0}]}, {"source": 7, "prod": 24.601667295886323, "target": 8, "value": 7942.0, "supply": [{"l": "Beer", "v": 2219.0}, {"l": "Beverages, Alcoholic", "v": 4500.0}, {"l": "Fats, Animals, Raw", "v": 858.0}, {"l": "Butter, Ghee", "v": 52.0}, {"l": "Wine", "v": 160.0}, {"l": "Beverages, Fermented", "v": 153.0}]}, {"source": 0, "prod": 75.831379193226354, "target": 8, "value": 25065.0, "supply": [{"l": "Pigmeat", "v": 14238.0}, {"l": "Meat, Other", "v": 194.0}, {"l": "Mutton & Goat Meat", "v": 583.0}, {"l": "Poultry Meat", "v": 1497.0}, {"l": "Milk - Excluding Butter", "v": 3481.0}, {"l": "Offals, Edible", "v": 828.0}, {"l": "Bovine Meat", "v": 378.0}, {"l": "Eggs", "v": 3866.0}]}, {"source": 2, "prod": 743.0027295471989, "target": 8, "value": 187019.0, "supply": [{"l": "Maize", "v": 5380.0}, {"l": "Rye", "v": 1199.0}, {"l": "Barley", "v": 2015.0}, {"l": "Cereals, Other", "v": 1952.0}, {"l": "Rice", "v": 89665.0}, {"l": "Wheat", "v": 76790.0}, {"l": "Oats", "v": 683.0}, {"l": "Sorghum", "v": 4429.0}, {"l": "Millet", "v": 4906.0}]}, {"source": 3, "prod": 22.773505816832895, "target": 8, "value": 5204.0, "supply": [{"l": "Coconuts - Incl Copra", "v": 65.0}, {"l": "Sesame seed", "v": 55.0}, {"l": "Groundnuts", "v": 1424.0}, {"l": "Soyabeans", "v": 3660.0}]}, {"source": 4, "prod": 138.75849211982788, "target": 8, "value": 173073.0, "supply": [{"l": "Roots, Other", "v": 1260.0}, {"l": "Nuts", "v": 212.0}, {"l": "Cocoa Beans", "v": 12.0}, {"l": "Tomatoes", "v": 5393.0}, {"l": "Coffee", "v": 5.0}, {"l": "Treenuts", "v": 212.0}, {"l": "Apples", "v": 2363.0}, {"l": "Vegetables, Other", "v": 68033.0}, {"l": "Peas", "v": 1189.0}, {"l": "Grapes", "v": 76.0}, {"l": "Dates", "v": 14.0}, {"l": "Potatoes", "v": 11321.0}, {"l": "Pimento", "v": 94.0}, {"l": "Pepper", "v": 4.0}, {"l": "Pineapples", "v": 116.0}, {"l": "Beans", "v": 1550.0}, {"l": "Pulses, Other", "v": 1479.0}, {"l": "Lemons, Limes", "v": 31.0}, {"l": "Bananas", "v": 284.0}, {"l": "Citrus, Other", "v": 75.0}, {"l": "Spices, Other", "v": 44.0}, {"l": "Tea", "v": 256.0}, {"l": "Fruits, Other", "v": 4157.0}, {"l": "Sweet potatoes", "v": 68385.0}, {"l": "Grapefruit", "v": 20.0}, {"l": "Oranges, Mandarines", "v": 1292.0}, {"l": "Onions", "v": 3580.0}, {"l": "Cassava", "v": 1616.0}]}, {"source": 9, "prod": 27.092599822052517, "target": 8, "value": 6479.0, "supply": [{"l": "Sugar", "v": 5864.0}, {"l": "Sugar non-centrifugal", "v": 480.0}, {"l": "Sweeteners, Other", "v": 25.0}, {"l": "Honey", "v": 110.0}]}, {"source": 6, "prod": 9.0605838088166664, "target": 8, "value": 14858.0, "supply": [{"l": "Aquatic Plants", "v": 1413.0}, {"l": "Freshwater Fish", "v": 2185.0}, {"l": "Crustaceans", "v": 616.0}, {"l": "Aquatic Products, Other", "v": 1445.0}, {"l": "Marine Fish, Other", "v": 1225.0}, {"l": "Demersal Fish", "v": 835.0}, {"l": "Fish, Seafood", "v": 5983.0}, {"l": "Pelagic Fish", "v": 175.0}, {"l": "Cephalopods", "v": 55.0}, {"l": "Molluscs, Other", "v": 894.0}, {"l": "Aquatic Animals, Others", "v": 32.0}]}, {"source": 10, "prod": 44.893592279402498, "target": 8, "value": 4346.0, "supply": [{"l": "Ricebran Oil", "v": 84.0}, {"l": "Maize Germ Oil", "v": 27.0}, {"l": "Groundnut Oil", "v": 577.0}, {"l": "Soyabean Oil", "v": 616.0}, {"l": "Palm Oil", "v": 198.0}, {"l": "Sunflowerseed Oil", "v": 531.0}, {"l": "Coconut Oil", "v": 23.0}, {"l": "Rape and Mustard Oil", "v": 1445.0}, {"l": "Oilcrops Oil, Other", "v": 57.0}, {"l": "Sesameseed Oil", "v": 124.0}, {"l": "Cottonseed Oil", "v": 661.0}, {"l": "Palmkernel Oil", "v": 3.0}]}, {"source": 4, "prod": 4.9248804547209355, "target": 11, "value": 6075.0, "supply": [{"l": "Potatoes", "v": 5630.0}, {"l": "Apples", "v": 240.0}, {"l": "Grapes", "v": 205.0}]}, {"source": 5, "prod": 21.713406423536739, "target": 11, "value": 44904.0, "supply": [{"l": "Sugar beet", "v": 7734.0}, {"l": "Sugar cane", "v": 37170.0}]}, {"source": 0, "prod": 0.031547759845586616, "target": 11, "value": 28.0, "supply": [{"l": "Pigmeat", "v": 2.0}, {"l": "Milk - Excluding Butter", "v": 26.0}]}, {"source": 2, "prod": 1.3192087017434206, "target": 11, "value": 527.0, "supply": [{"l": "Maize", "v": 46.0}, {"l": "Barley", "v": 481.0}]}, {"source": 3, "prod": 112.89524614874439, "target": 11, "value": 20653.42105263158, "supply": [{"l": "Sunflower seed", "v": 1602.0}, {"l": "Soyabeans", "v": 4046.0}, {"l": "Sesame seed", "v": 322.0}, {"l": "Cottonseed", "v": 6258.0}, {"l": "Rape and Mustardseed", "v": 4200.0}, {"l": "Groundnuts", "v": 1460.0}, {"l": "Palm kernels", "v": 46.0}, {"l": "Oilcrops, Other", "v": 1751.0}, {"l": "Oil Palm", "v": 968.42105263157896}]}, {"source": 7, "prod": 1.0360946756612159, "target": 12, "value": 125.0, "supply": [{"l": "Fats, Animals, Raw", "v": 118.0}, {"l": "Fish, Body Oil", "v": 7.0}]}, {"source": 0, "prod": 0.12626855059104677, "target": 12, "value": 76.0, "supply": [{"l": "Eggs", "v": 69.0}, {"l": "Offals, Edible", "v": 7.0}]}, {"source": 2, "prod": 15.102052517547591, "target": 12, "value": 4305.0, "supply": [{"l": "Maize", "v": 3147.0}, {"l": "Wheat", "v": 747.0}, {"l": "Barley", "v": 54.0}, {"l": "Rice", "v": 357.0}]}, {"source": 3, "prod": 10.058192412140826, "target": 12, "value": 1696.0, "supply": [{"l": "Cottonseed", "v": 1256.0}, {"l": "Rape and Mustardseed", "v": 413.0}, {"l": "Oilcrops, Other", "v": 27.0}]}, {"source": 4, "prod": 0.054774408497419359, "target": 12, "value": 40.0, "supply": [{"l": "Cassava", "v": 40.0}]}, {"source": 10, "prod": 5.8129775735414055, "target": 12, "value": 646.0, "supply": [{"l": "Cottonseed Oil", "v": 192.0}, {"l": "Palmkernel Oil", "v": 19.0}, {"l": "Oilcrops Oil, Other", "v": 435.0}]}, {"source": 4, "prod": 3.4115553576111584, "target": 13, "value": 2637.0, "supply": [{"l": "Potatoes", "v": 2230.0}, {"l": "Peas", "v": 114.0}, {"l": "Beans", "v": 112.0}, {"l": "Pulses, Other", "v": 181.0}]}, {"source": 0, "prod": 0.18070003343827704, "target": 0, "value": 105.0, "supply": [{"l": "Eggs", "v": 105.0}]}, {"source": 2, "prod": 43.218154417270675, "target": 13, "value": 11001.0, "supply": [{"l": "Maize", "v": 1214.0}, {"l": "Wheat", "v": 4390.0}, {"l": "Oats", "v": 42.0}, {"l": "Rye", "v": 74.0}, {"l": "Millet", "v": 116.0}, {"l": "Barley", "v": 107.0}, {"l": "Rice", "v": 4812.0}, {"l": "Sorghum", "v": 68.0}, {"l": "Cereals, Other", "v": 178.0}]}, {"source": 3, "prod": 7.4750462667998061, "target": 13, "value": 1550.0, "supply": [{"l": "Sunflower seed", "v": 37.0}, {"l": "Soyabeans", "v": 810.0}, {"l": "Sesame seed", "v": 16.0}, {"l": "Cottonseed", "v": 308.0}, {"l": "Groundnuts", "v": 209.0}, {"l": "Rape and Mustardseed", "v": 157.0}, {"l": "Oilcrops, Other", "v": 13.0}]}, {"source": 7, "prod": 0.0017936690106549298, "target": 14, "value": 3.0, "supply": [{"l": "Beverages, Fermented", "v": 3.0}]}, {"source": 0, "prod": 0.58321174813412169, "target": 14, "value": 453.0, "supply": [{"l": "Eggs", "v": 216.0}, {"l": "Milk - Excluding Butter", "v": 237.0}]}, {"source": 2, "prod": 77.445279083272538, "target": 14, "value": 20119.0, "supply": [{"l": "Maize", "v": 5722.0}, {"l": "Rye", "v": 80.0}, {"l": "Barley", "v": 160.0}, {"l": "Rice", "v": 7976.0}, {"l": "Cereals, Other", "v": 126.0}, {"l": "Wheat", "v": 5326.0}, {"l": "Oats", "v": 45.0}, {"l": "Sorghum", "v": 353.0}, {"l": "Millet", "v": 331.0}]}, {"source": 3, "prod": 5.5241942177186178, "target": 14, "value": 980.0, "supply": [{"l": "Sunflower seed", "v": 51.0}, {"l": "Coconuts - Incl Copra", "v": 3.0}, {"l": "Sesame seed", "v": 14.0}, {"l": "Cottonseed", "v": 375.0}, {"l": "Oilcrops, Other", "v": 51.0}, {"l": "Soyabeans", "v": 143.0}, {"l": "Groundnuts", "v": 135.0}, {"l": "Rape and Mustardseed", "v": 208.0}]}, {"source": 4, "prod": 11.262959514201594, "target": 14, "value": 15016.0, "supply": [{"l": "Roots, Other", "v": 70.0}, {"l": "Nuts", "v": 4.0}, {"l": "Grapefruit", "v": 3.0}, {"l": "Tomatoes", "v": 406.0}, {"l": "Treenuts", "v": 4.0}, {"l": "Vegetables, Other", "v": 5968.0}, {"l": "Peas", "v": 62.0}, {"l": "Grapes", "v": 9.0}, {"l": "Pimento", "v": 4.0}, {"l": "Dates", "v": 1.0}, {"l": "Potatoes", "v": 1410.0}, {"l": "Beans", "v": 55.0}, {"l": "Apples", "v": 294.0}, {"l": "Lemons, Limes", "v": 3.0}, {"l": "Pineapples", "v": 7.0}, {"l": "Bananas", "v": 32.0}, {"l": "Tea", "v": 12.0}, {"l": "Fruits, Other", "v": 339.0}, {"l": "Sweet potatoes", "v": 5709.0}, {"l": "Oranges, Mandarines", "v": 36.0}, {"l": "Pulses, Other", "v": 74.0}, {"l": "Onions", "v": 400.0}, {"l": "Cassava", "v": 114.0}]}, {"source": 10, "prod": 0.044684385879473688, "target": 14, "value": 4.0, "supply": [{"l": "Palm Oil", "v": 4.0}]}, {"source": 15, "prod": 6.8215774706705057, "target": 11, "value": 1398.0, "supply": [{"l": "Coconut Oil", "v": 23.0}, {"l": "Rape and Mustard Oil", "v": 3.0}, {"l": "Maize Germ Oil", "v": 4.0}, {"l": "Beer", "v": 7.0}, {"l": "Groundnut Oil", "v": 1.0}, {"l": "Oilcrops Oil, Other", "v": 20.0}, {"l": "Sugar", "v": 1234.0}, {"l": "Fats, Animals, Raw", "v": 71.0}, {"l": "Sweeteners, Other", "v": 3.0}, {"l": "Soyabean Oil", "v": 10.0}, {"l": "Butter, Ghee", "v": 4.0}, {"l": "Palm Oil", "v": 18.0}]}, {"source": 15, "prod": 38.337269108281575, "target": 2, "value": 10347.0, "supply": [{"l": "Maize", "v": 55.0}, {"l": "Barley", "v": 49.0}, {"l": "Rice", "v": 100.0}, {"l": "Wheat", "v": 10143.0}]}, {"source": 15, "prod": 0.0169800666342, "target": 3, "value": 2.0, "supply": [{"l": "Sesame seed", "v": 2.0}]}, {"source": 15, "prod": 0.22654023531022327, "target": 4, "value": 87.0, "supply": [{"l": "Dates", "v": 8.0}, {"l": "Cocoa Beans", "v": 12.0}, {"l": "Coffee", "v": 5.0}, {"l": "Beans", "v": 42.0}, {"l": "Bananas", "v": 20.0}]}, {"source": 15, "prod": 1.1252986709028452, "target": 1, "value": 1300.0, "supply": [{"l": "Cephalopods", "v": 2.0}, {"l": "Milk - Excluding Butter", "v": 65.0}, {"l": "Fish, Seafood", "v": 616.0}, {"l": "Meat, Other", "v": 1.0}, {"l": "Pelagic Fish", "v": 561.0}, {"l": "Crustaceans", "v": 8.0}, {"l": "Poultry Meat", "v": 1.0}, {"l": "Marine Fish, Other", "v": 46.0}]}, {"source": 7, "prod": 0.016143021095894366, "target": 16, "value": 27.0, "supply": [{"l": "Beer", "v": 27.0}]}, {"source": 0, "prod": 1.2072288210209001, "target": 16, "value": 384.0, "supply": [{"l": "Pigmeat", "v": 207.0}, {"l": "Meat, Other", "v": 39.0}, {"l": "Eggs", "v": 61.0}, {"l": "Poultry Meat", "v": 27.0}, {"l": "Milk - Excluding Butter", "v": 11.0}, {"l": "Mutton & Goat Meat", "v": 3.0}, {"l": "Offals, Edible", "v": 5.0}, {"l": "Bovine Meat", "v": 31.0}]}, {"source": 2, "prod": 8.6788428533076214, "target": 16, "value": 2224.0, "supply": [{"l": "Maize", "v": 955.0}, {"l": "Rice", "v": 1155.0}, {"l": "Cereals, Other", "v": 52.0}, {"l": "Wheat", "v": 56.0}, {"l": "Sorghum", "v": 4.0}, {"l": "Millet", "v": 2.0}]}, {"source": 3, "prod": 5.5582303980768915, "target": 16, "value": 1213.0, "supply": [{"l": "Sunflower seed", "v": 15.0}, {"l": "Sesame seed", "v": 70.0}, {"l": "Cottonseed", "v": 66.0}, {"l": "Groundnuts", "v": 143.0}, {"l": "Oilcrops, Other", "v": 56.0}, {"l": "Soyabeans", "v": 836.0}, {"l": "Rape and Mustardseed", "v": 27.0}]}, {"source": 4, "prod": 2.8253844079265398, "target": 16, "value": 2245.0, "supply": [{"l": "Nuts", "v": 56.0}, {"l": "Grapefruit", "v": 3.0}, {"l": "Tomatoes", "v": 1.0}, {"l": "Coffee", "v": 9.0}, {"l": "Treenuts", "v": 56.0}, {"l": "Vegetables, Other", "v": 595.0}, {"l": "Peas", "v": 5.0}, {"l": "Sweet potatoes", "v": 87.0}, {"l": "Grapes", "v": 4.0}, {"l": "Dates", "v": 3.0}, {"l": "Cocoa Beans", "v": 1.0}, {"l": "Potatoes", "v": 103.0}, {"l": "Pimento", "v": 37.0}, {"l": "Beans", "v": 75.0}, {"l": "Pulses, Other", "v": 45.0}, {"l": "Pineapples", "v": 9.0}, {"l": "Bananas", "v": 4.0}, {"l": "Spices, Other", "v": 18.0}, {"l": "Tea", "v": 145.0}, {"l": "Fruits, Other", "v": 175.0}, {"l": "Oranges, Mandarines", "v": 36.0}, {"l": "Cassava", "v": 714.0}, {"l": "Onions", "v": 20.0}, {"l": "Apples", "v": 44.0}]}, {"source": 9, "prod": 0.41479055857885472, "target": 16, "value": 103.0, "supply": [{"l": "Sugar", "v": 61.0}, {"l": "Sweeteners, Other", "v": 4.0}, {"l": "Honey", "v": 38.0}]}, {"source": 6, "prod": 0.21620945366904315, "target": 16, "value": 304.0, "supply": [{"l": "Aquatic Products, Other", "v": 7.0}, {"l": "Crustaceans", "v": 35.0}, {"l": "Marine Fish, Other", "v": 30.0}, {"l": "Fish, Seafood", "v": 145.0}, {"l": "Pelagic Fish", "v": 44.0}, {"l": "Cephalopods", "v": 1.0}, {"l": "Molluscs, Other", "v": 35.0}, {"l": "Aquatic Animals, Others", "v": 7.0}]}, {"source": 10, "prod": 1.4570546531745321, "target": 16, "value": 147.0, "supply": [{"l": "Maize Germ Oil", "v": 2.0}, {"l": "Soyabean Oil", "v": 2.0}, {"l": "Sunflowerseed Oil", "v": 30.0}, {"l": "Rape and Mustard Oil", "v": 27.0}, {"l": "Sesameseed Oil", "v": 1.0}, {"l": "Oilcrops Oil, Other", "v": 25.0}, {"l": "Groundnut Oil", "v": 37.0}, {"l": "Cottonseed Oil", "v": 23.0}]}, {"source": 4, "prod": 0.5731476972603663, "target": 17, "value": 150.0, "supply": [{"l": "Peas", "v": 100.0}, {"l": "Beans", "v": 50.0}]}, {"source": 10, "prod": 0.21225083292749999, "target": 17, "value": 20.0, "supply": [{"l": "Sesameseed Oil", "v": 20.0}]}, {"source": 2, "prod": 62.390825407917269, "target": 17, "value": 16286.0, "supply": [{"l": "Wheat", "v": 10400.0}, {"l": "Rye", "v": 100.0}, {"l": "Millet", "v": 600.0}, {"l": "Barley", "v": 260.0}, {"l": "Rice", "v": 4326.0}, {"l": "Sorghum", "v": 600.0}]}, {"source": 18, "prod": 6.6825123583711905, "target": 3, "value": 1200.0, "supply": [{"l": "Soyabeans", "v": 200.0}, {"l": "Rape and Mustardseed", "v": 1000.0}]}, {"source": 19, "prod": 1167.0680034626873, "target": 2, "value": 303461.0, "supply": [{"l": "Maize", "v": 73410.0}, {"l": "Barley", "v": 3300.0}, {"l": "Cereals, Other", "v": 2660.0}, {"l": "Sorghum", "v": 7715.0}, {"l": "Rye", "v": 1700.0}, {"l": "Rice", "v": 118896.0}, {"l": "Wheat", "v": 87815.0}, {"l": "Oats", "v": 940.0}, {"l": "Millet", "v": 7025.0}]}, {"source": 19, "prod": 185.89746275410732, "target": 3, "value": 35014.42105263158, "supply": [{"l": "Sunflower seed", "v": 1704.0}, {"l": "Coconuts - Incl Copra", "v": 68.0}, {"l": "Sesame seed", "v": 476.0}, {"l": "Cottonseed", "v": 12516.0}, {"l": "Groundnuts", "v": 3370.0}, {"l": "Rape and Mustardseed", "v": 4205.0}, {"l": "Oilcrops, Other", "v": 1966.0}, {"l": "Soyabeans", "v": 9695.0}, {"l": "Palm kernels", "v": 46.0}, {"l": "Oil Palm", "v": 968.42105263157896}]}, {"source": 19, "prod": 221.20945593564127, "target": 4, "value": 250353.0, "supply": [{"l": "Roots, Other", "v": 1400.0}, {"l": "Nuts", "v": 272.0}, {"l": "Tomatoes", "v": 5800.0}, {"l": "Pepper", "v": 4.0}, {"l": "Treenuts", "v": 272.0}, {"l": "Vegetables, Other", "v": 75640.0}, {"l": "Peas", "v": 2075.0}, {"l": "Grapes", "v": 294.0}, {"l": "Pimento", "v": 135.0}, {"l": "Pulses, Other", "v": 2450.0}, {"l": "Pineapples", "v": 132.0}, {"l": "Citrus, Other", "v": 75.0}, {"l": "Tea", "v": 414.0}, {"l": "Grapefruit", "v": 25.0}, {"l": "Fruits, Other", "v": 4670.0}, {"l": "Coffee", "v": 9.0}, {"l": "Dates", "v": 10.0}, {"l": "Potatoes", "v": 28194.0}, {"l": "Beans", "v": 1800.0}, {"l": "Apples", "v": 2941.0}, {"l": "Lemons, Limes", "v": 34.0}, {"l": "Bananas", "v": 300.0}, {"l": "Spices, Other", "v": 62.0}, {"l": "Sweet potatoes", "v": 114181.0}, {"l": "Oranges, Mandarines", "v": 1364.0}, {"l": "Onions", "v": 4000.0}, {"l": "Cassava", "v": 3800.0}]}, {"source": 19, "prod": 23.156785429289474, "target": 5, "value": 47803.0, "supply": [{"l": "Sugar cane", "v": 39519.0}, {"l": "Sugar beet", "v": 8284.0}]}, {"source": 1, "prod": 10.691502479094275, "target": 6, "value": 16774.0, "supply": [{"l": "Demersal Fish", "v": 835.0}, {"l": "Pelagic Fish", "v": 1025.0}, {"l": "Crustaceans", "v": 651.0}, {"l": "Freshwater Fish", "v": 2185.0}, {"l": "Molluscs, Other", "v": 929.0}, {"l": "Aquatic Animals, Others", "v": 39.0}, {"l": "Aquatic Plants", "v": 1413.0}, {"l": "Aquatic Products, Other", "v": 1452.0}, {"l": "Fish, Seafood", "v": 6934.0}, {"l": "Marine Fish, Other", "v": 1255.0}, {"l": "Cephalopods", "v": 56.0}]}, {"source": 1, "prod": 78.334232369634421, "target": 0, "value": 26626.0, "supply": [{"l": "Poultry Meat", "v": 1524.0}, {"l": "Pigmeat", "v": 14447.0}, {"l": "Bovine Meat", "v": 409.0}, {"l": "Eggs", "v": 4317.0}, {"l": "Milk - Excluding Butter", "v": 4374.0}, {"l": "Offals, Edible", "v": 840.0}, {"l": "Meat, Other", "v": 234.0}, {"l": "Mutton & Goat Meat", "v": 586.0}]}, {"source": 11, "prod": 25.655698661654085, "target": 7, "value": 8097.0, "supply": [{"l": "Fats, Animals, Raw", "v": 976.0}, {"l": "Beverages, Fermented", "v": 156.0}, {"l": "Fish, Body Oil", "v": 7.0}, {"l": "Beer", "v": 2246.0}, {"l": "Beverages, Alcoholic", "v": 4500.0}, {"l": "Butter, Ghee", "v": 52.0}, {"l": "Wine", "v": 160.0}]}, {"source": 11, "prod": 52.420559724925404, "target": 10, "value": 5163.0, "supply": [{"l": "Ricebran Oil", "v": 84.0}, {"l": "Sesameseed Oil", "v": 145.0}, {"l": "Soyabean Oil", "v": 618.0}, {"l": "Coconut Oil", "v": 23.0}, {"l": "Cottonseed Oil", "v": 876.0}, {"l": "Rape and Mustard Oil", "v": 1472.0}, {"l": "Maize Germ Oil", "v": 29.0}, {"l": "Groundnut Oil", "v": 614.0}, {"l": "Palm Oil", "v": 202.0}, {"l": "Palmkernel Oil", "v": 22.0}, {"l": "Oilcrops Oil, Other", "v": 517.0}, {"l": "Sunflowerseed Oil", "v": 561.0}]}, {"source": 11, "prod": 27.507390380631371, "target": 9, "value": 6582.0, "supply": [{"l": "Honey", "v": 148.0}, {"l": "Sweeteners, Other", "v": 29.0}, {"l": "Sugar non-centrifugal", "v": 480.0}, {"l": "Sugar", "v": 5925.0}]}]}