{"nodes": [{"layer": 13, "name": "Milk - Excluding Butter"}, {"layer": 10, "name": "Feed", "fill": "#dbdb8d"}, {"layer": 5, "name": "Oilcrops", "fill": "#ff9896"}, {"layer": 5, "name": "Vegetables"}, {"layer": 5, "name": "Starchy Roots"}, {"layer": 5, "name": "Pulses"}, {"layer": 13, "name": "Fish, Seafood"}, {"layer": 5, "name": "Fruits - Excluding Wine"}, {"layer": 5, "name": "Cereals - Excluding Beer"}, {"layer": 16, "name": "Food", "fill": "#b5cf6b"}, {"layer": 5, "name": "Spices"}, {"layer": 13, "name": "Meat"}, {"layer": 5, "name": "Treenuts"}, {"layer": 13, "name": "Alcoholic Beverages"}, {"layer": 5, "name": "Others"}, {"layer": 13, "name": "Sugar & Sweeteners"}, {"layer": 13, "name": "Vegetable Oils", "fill": "#f7b6d2"}, {"layer": 13, "name": "Animal Fats"}, {"layer": 5, "name": "Stimulants"}, {"layer": 13, "name": "Eggs"}, {"layer": 10, "name": "Processing", "fill": "#9edae5"}, {"layer": 16, "name": "Biofuels & Other", "fill": "#e7ba52"}, {"name": "Waste", "fill": "#c7c7c7"}, {"layer": 2, "name": "Import", "fill": "#aec7e8"}, {"layer": 16, "name": "Export", "fill": "#aec7e8"}, {"layer": 16, "name": "Stock Deposit", "fill": "#c7c7c7"}, {"layer": 0, "name": "Stock Draw", "fill": "#c7c7c7"}, {"name": "Crop Residue", "fill": "#bd9e39"}, {"layer": 2, "name": "Electricity", "fill": "#bcbd22"}, {"layer": 0, "name": "Fossil Fuels", "fill": "#c49c94"}, {"layer": 0, "name": "Renewables & Nuclear", "fill": "#2ca02c"}, {"layer": 2, "name": "Fertilizers", "fill": "#c5b0d5"}, {"layer": 0, "name": "Labor", "fill": "#7f7f7f"}], "links": [{"source": 0, "prod": 617.0, "target": 1, "value": 0.43529366335474651, "supply": [{"l": "Milk - Excluding Butter", "v": 0.43529366335474651}]}, {"source": 2, "prod": 196.0, "target": 1, "value": 1.3264139008454783, "supply": [{"l": "Sunflower seed", "v": 0.081209014337478264}, {"l": "Soyabeans", "v": 0.047371925030195647}, {"l": "Cottonseed", "v": 1.1978329614778043}]}, {"source": 3, "prod": 124.0, "target": 1, "value": 0.03650361065604716, "supply": [{"l": "Vegetables, Other", "v": 0.03650361065604716}]}, {"source": 4, "prod": 4.0, "target": 1, "value": 0.0030995806999037506, "supply": [{"l": "Potatoes", "v": 0.0030995806999037506}]}, {"source": 5, "prod": 7.0, "target": 1, "value": 0.0024970686226764706, "supply": [{"l": "Pulses, Other", "v": 0.0024970686226764706}]}, {"source": 6, "prod": 4.0, "target": 1, "value": 0.0084900333171, "supply": [{"l": "Pelagic Fish", "v": 0.00424501665855}, {"l": "Fish, Seafood", "v": 0.00424501665855}]}, {"source": 7, "prod": 27.0, "target": 1, "value": 0.0096315504017521012, "supply": [{"l": "Apples", "v": 0.0096315504017521012}]}, {"source": 8, "prod": 1189.0, "target": 1, "value": 3.8689306314572911, "supply": [{"l": "Maize", "v": 0.063903476580322582}, {"l": "Wheat", "v": 3.550065324847314}, {"l": "Rye", "v": 0.0063903476580322574}, {"l": "Millet", "v": 0.0063903476580322574}, {"l": "Barley", "v": 0.21022939642342858}, {"l": "Sorghum", "v": 0.031951738290161291}]}, {"source": 0, "prod": 3521.0, "target": 9, "value": 2.4840664322075563, "supply": [{"l": "Milk - Excluding Butter", "v": 2.4840664322075563}]}, {"source": 10, "prod": 3.0, "target": 9, "value": 0.014150055528500002, "supply": [{"l": "Pimento", "v": 0.0094333703523333343}, {"l": "Spices, Other", "v": 0.0047166851761666672}]}, {"source": 11, "prod": 657.0, "target": 9, "value": 1.6155691765558862, "supply": [{"l": "Meat, Other", "v": 0.010246591934431035}, {"l": "Mutton & Goat Meat", "v": 0.22747434094436897}, {"l": "Pigmeat", "v": 0.055855482349342109}, {"l": "Bovine Meat", "v": 1.1927715519115951}, {"l": "Poultry Meat", "v": 0.032172757833221051}, {"l": "Offals, Edible", "v": 0.097048451582927645}]}, {"source": 12, "prod": 32.0, "target": 9, "value": 0.11953966910476801, "supply": [{"l": "Treenuts", "v": 0.11953966910476801}]}, {"source": 3, "prod": 3365.0, "target": 9, "value": 0.8894053120689539, "supply": [{"l": "Tomatoes", "v": 0.24944341007351148}, {"l": "Vegetables, Other", "v": 0.48808860054617903}, {"l": "Onions", "v": 0.15187330144926336}]}, {"source": 13, "prod": 166.0, "target": 9, "value": 0.2180418209189445, "supply": [{"l": "Beer", "v": 0.043251113124849062}, {"l": "Beverages, Alcoholic", "v": 0.14241346209329037}, {"l": "Wine", "v": 0.032377245700805087}]}, {"source": 14, "prod": 32.0, "target": 9, "value": 0.12050369869432258, "supply": [{"l": "Nuts", "v": 0.12050369869432258}]}, {"source": 4, "prod": 770.0, "target": 9, "value": 0.59666928473147196, "supply": [{"l": "Potatoes", "v": 0.59666928473147196}]}, {"source": 6, "prod": 10.0, "target": 9, "value": 0.015952325758972104, "supply": [{"l": "Freshwater Fish", "v": 0.0032172757833221054}, {"l": "Fish, Seafood", "v": 0.010612541646375}, {"l": "Pelagic Fish", "v": 0.002122508329275}]}, {"source": 15, "prod": 115.0, "target": 9, "value": 0.47833444513604506, "supply": [{"l": "Sugar", "v": 0.46772190348967008}, {"l": "Honey", "v": 0.010612541646375}]}, {"source": 8, "prod": 4650.0, "target": 9, "value": 15.459340635208987, "supply": [{"l": "Maize", "v": 0.38022568565291937}, {"l": "Barley", "v": 0.14190484258581429}, {"l": "Rice", "v": 0.79215946625577416}, {"l": "Wheat", "v": 14.081375390836229}, {"l": "Cereals, Other", "v": 0.063675249878250004}]}, {"source": 7, "prod": 531.0, "target": 9, "value": 0.32991157644511149, "supply": [{"l": "Grapefruit", "v": 0.0005895856470208334}, {"l": "Grapes", "v": 0.14115498837620633}, {"l": "Apples", "v": 0.010701722668613444}, {"l": "Lemons, Limes", "v": 0.0005895856470208334}, {"l": "Bananas", "v": 0.0011791712940416668}, {"l": "Citrus, Other", "v": 0.0005895856470208334}, {"l": "Fruits, Other", "v": 0.17333818022412506}, {"l": "Oranges, Mandarines", "v": 0.0017687569410625001}]}, {"source": 16, "prod": 268.0, "target": 9, "value": 2.7465392680207659, "supply": [{"l": "Maize Germ Oil", "v": 0.039953097962823536}, {"l": "Soyabean Oil", "v": 0.14307278367705556}, {"l": "Sunflowerseed Oil", "v": 0.11922174445289363}, {"l": "Rape and Mustard Oil", "v": 0.014150055528500001}, {"l": "Oilcrops Oil, Other", "v": 0.0070750277642500003}, {"l": "Cottonseed Oil", "v": 2.4230665586352429}]}, {"source": 17, "prod": 25.0, "target": 9, "value": 0.19278371206963338, "supply": [{"l": "Fats, Animals, Raw", "v": 0.12050369869432258}, {"l": "Butter, Ghee", "v": 0.0722800133753108}]}, {"source": 18, "prod": 4.0, "target": 9, "value": 0.0090964642683214296, "supply": [{"l": "Cocoa Beans", "v": 0.0070750277642500003}, {"l": "Tea", "v": 0.0020214365040714284}]}, {"source": 19, "prod": 84.0, "target": 9, "value": 0.14089842526251062, "supply": [{"l": "Eggs", "v": 0.14089842526251062}]}, {"source": 2, "prod": 18.0, "target": 9, "value": 0.1218135215062174, "supply": [{"l": "Sesame seed", "v": 0.1218135215062174}]}, {"source": 8, "prod": 131.0, "target": 20, "value": 0.42182030938463094, "supply": [{"l": "Barley", "v": 0.042045879284685714}, {"l": "Wheat", "v": 0.37977443009994521}]}, {"source": 2, "prod": 1510.0, "target": 20, "value": 10.21880097079935, "supply": [{"l": "Cottonseed", "v": 10.015778434955653}, {"l": "Rape and Mustardseed", "v": 0.013534835722913044}, {"l": "Soyabeans", "v": 0.15565061081349998}, {"l": "Oilcrops, Other", "v": 0.033837089307282603}]}, {"source": 7, "prod": 81.0, "target": 20, "value": 0.056976101909529994, "supply": [{"l": "Grapes", "v": 0.054617759321446663}, {"l": "Fruits, Other", "v": 0.0023583425880833336}]}, {"source": 11, "prod": 2.0, "target": 21, "value": 0.0024569228248842441, "supply": [{"l": "Offals, Edible", "v": 0.0024569228248842441}]}, {"source": 19, "prod": 4.0, "target": 21, "value": 0.0067094488220243156, "supply": [{"l": "Eggs", "v": 0.0067094488220243156}]}, {"source": 17, "prod": 1.0, "target": 21, "value": 0.0075314811683951611, "supply": [{"l": "Fats, Animals, Raw", "v": 0.0075314811683951611}]}, {"source": 4, "prod": 3.0, "target": 21, "value": 0.0023246855249278125, "supply": [{"l": "Potatoes", "v": 0.0023246855249278125}]}, {"source": 15, "prod": 293.0, "target": 21, "value": 1.2127656435617111, "supply": [{"l": "Sugar", "v": 1.2127656435617111}]}, {"source": 8, "prod": 1.0, "target": 21, "value": 0.0041044531930350993, "supply": [{"l": "Rice", "v": 0.0041044531930350993}]}, {"source": 16, "prod": 33.0, "target": 21, "value": 0.33881862896170772, "supply": [{"l": "Cottonseed Oil", "v": 0.33881862896170772}]}, {"source": 4, "prod": 52.0, "target": 4, "value": 0.040294549098748751, "supply": [{"l": "Potatoes", "v": 0.040294549098748751}]}, {"source": 8, "prod": 235.0, "target": 8, "value": 0.77705530475622231, "supply": [{"l": "Maize", "v": 0.015975869145080646}, {"l": "Wheat", "v": 0.68029158783120625}, {"l": "Barley", "v": 0.031534409463514289}, {"l": "Rice", "v": 0.049253438316421191}]}, {"source": 19, "prod": 1.0, "target": 19, "value": 0.0016773622055060789, "supply": [{"l": "Eggs", "v": 0.0016773622055060789}]}, {"source": 2, "prod": 75.0, "target": 2, "value": 0.50755633960923918, "supply": [{"l": "Sunflower seed", "v": 0.006767417861456522}, {"l": "Cottonseed", "v": 0.49402150388632615}, {"l": "Oilcrops, Other", "v": 0.006767417861456522}]}, {"source": 4, "prod": 8.0, "target": 22, "value": 0.0061991613998075012, "supply": [{"l": "Potatoes", "v": 0.0061991613998075012}]}, {"source": 8, "prod": 43.0, "target": 22, "value": 0.1445973677716256, "supply": [{"l": "Maize", "v": 0.0095855214870483856}, {"l": "Wheat", "v": 0.095769204112160083}, {"l": "Barley", "v": 0.010511469821171428}, {"l": "Rice", "v": 0.028731172351245692}]}, {"source": 19, "prod": 2.0, "target": 22, "value": 0.0033547244110121578, "supply": [{"l": "Eggs", "v": 0.0033547244110121578}]}, {"source": 3, "prod": 127.0, "target": 22, "value": 0.0360627602185421, "supply": [{"l": "Vegetables, Other", "v": 0.022961948638481281}, {"l": "Onions", "v": 0.0078432221405722868}, {"l": "Tomatoes", "v": 0.0052575894394885324}]}, {"source": 7, "prod": 80.0, "target": 22, "value": 0.051384049341557256, "supply": [{"l": "Fruits, Other", "v": 0.019456326351687502}, {"l": "Grapes", "v": 0.030500826634054626}, {"l": "Apples", "v": 0.001426896355815126}]}, {"source": 23, "prod": 69.0, "target": 1, "value": 0.077012826125150285, "supply": [{"l": "Pigmeat", "v": 0.011171096469868422}, {"l": "Milk - Excluding Butter", "v": 0.034569512973067387}, {"l": "Fish, Seafood", "v": 0.0063675249878250009}, {"l": "Pelagic Fish", "v": 0.0063675249878250009}, {"l": "Bovine Meat", "v": 0.0078129140954907965}, {"l": "Poultry Meat", "v": 0.010724252611073683}]}, {"source": 23, "prod": 285.0, "target": 8, "value": 0.9511597003204576, "supply": [{"l": "Barley", "v": 0.026278674552928573}, {"l": "Rice", "v": 0.086193517053737082}, {"l": "Cereals, Other", "v": 0.0031837624939125004}, {"l": "Wheat", "v": 0.83550374621987944}]}, {"source": 23, "prod": 451.0, "target": 20, "value": 2.1040946179840034, "supply": [{"l": "Sugar", "v": 1.6804875470513811}, {"l": "Beer", "v": 0.0010679287191320756}, {"l": "Fats, Animals, Raw", "v": 0.0075314811683951611}, {"l": "Butter, Ghee", "v": 0.040155562986283783}, {"l": "Soyabean Oil", "v": 0.22482866006394445}, {"l": "Cottonseed Oil", "v": 0.030801693541973433}, {"l": "Sunflowerseed Oil", "v": 0.11922174445289363}]}, {"source": 23, "prod": 5.0, "target": 18, "value": 0.016171492032571427, "supply": [{"l": "Cocoa Beans", "v": 0.014150055528500001}, {"l": "Tea", "v": 0.0020214365040714284}]}, {"source": 23, "prod": 5.0, "target": 7, "value": 0.0027150666770371151, "supply": [{"l": "Bananas", "v": 0.0011791712940416668}, {"l": "Oranges, Mandarines", "v": 0.0011791712940416668}, {"l": "Apples", "v": 0.00035672408895378151}]}, {"source": 23, "prod": 50.0, "target": 2, "value": 0.33837089307282608, "supply": [{"l": "Soyabeans", "v": 0.33837089307282608}]}, {"source": 23, "prod": 5.0, "target": 4, "value": 0.0038744758748796883, "supply": [{"l": "Potatoes", "v": 0.0038744758748796883}]}, {"source": 2, "prod": 8.0, "target": 24, "value": 0.054139342891652176, "supply": [{"l": "Groundnuts", "v": 0.054139342891652176}]}, {"source": 12, "prod": 2.0, "target": 24, "value": 0.0074712293190480009, "supply": [{"l": "Treenuts", "v": 0.0074712293190480009}]}, {"source": 3, "prod": 268.0, "target": 24, "value": 0.073575580345997982, "supply": [{"l": "Vegetables, Other", "v": 0.025905788207517339}, {"l": "Onions", "v": 0.027807787589301743}, {"l": "Tomatoes", "v": 0.019862004549178899}]}, {"source": 4, "prod": 2.0, "target": 24, "value": 0.0015497903499518753, "supply": [{"l": "Potatoes", "v": 0.0015497903499518753}]}, {"source": 5, "prod": 4.0, "target": 24, "value": 0.001426896355815126, "supply": [{"l": "Peas", "v": 0.00035672408895378151}, {"l": "Pulses, Other", "v": 0.0010701722668613445}]}, {"source": 14, "prod": 2.0, "target": 24, "value": 0.0075314811683951611, "supply": [{"l": "Nuts", "v": 0.0075314811683951611}]}, {"source": 8, "prod": 1.0, "target": 24, "value": 0.0033023863486951756, "supply": [{"l": "Wheat", "v": 0.0033023863486951756}]}, {"source": 16, "prod": 1.0, "target": 24, "value": 0.01026723118065781, "supply": [{"l": "Cottonseed Oil", "v": 0.01026723118065781}]}, {"source": 10, "prod": 2.0, "target": 24, "value": 0.0094333703523333343, "supply": [{"l": "Pimento", "v": 0.0094333703523333343}]}, {"source": 7, "prod": 184.0, "target": 24, "value": 0.11015194853337075, "supply": [{"l": "Fruits, Other", "v": 0.039502238350395839}, {"l": "Grapes", "v": 0.058164367069592549}, {"l": "Apples", "v": 0.012485343113382355}]}, {"source": 8, "prod": 31.0, "target": 25, "value": 0.12723804898408805, "supply": [{"l": "Rice", "v": 0.12723804898408805}]}, {"source": 16, "prod": 12.0, "target": 25, "value": 0.12263381458033333, "supply": [{"l": "Soyabean Oil", "v": 0.12263381458033333}]}, {"source": 2, "prod": 20.0, "target": 25, "value": 0.13534835722913041, "supply": [{"l": "Soyabeans", "v": 0.13534835722913041}]}, {"source": 26, "prod": 4.0, "target": 2, "value": 0.027069671445826088, "supply": [{"l": "Groundnuts", "v": 0.027069671445826088}]}, {"source": 1, "prod": 4138.0, "target": 0, "value": 2.9193600955623027, "supply": [{"l": "Milk - Excluding Butter", "v": 2.9193600955623027}]}, {"source": 1, "prod": 90.0, "target": 19, "value": 0.15096259849554708, "supply": [{"l": "Eggs", "v": 0.15263996070105315}]}, {"source": 1, "prod": 659.0, "target": 11, "value": 1.6180260993807705, "supply": [{"l": "Pigmeat", "v": 0.055855482349342109}, {"l": "Bovine Meat", "v": 1.1927715519115951}, {"l": "Poultry Meat", "v": 0.032172757833221051}, {"l": "Offals, Edible", "v": 0.099505374407811889}, {"l": "Meat, Other", "v": 0.010246591934431035}, {"l": "Mutton & Goat Meat", "v": 0.22747434094436897}]}, {"source": 1, "prod": 14.0, "target": 6, "value": 0.024442359076072104, "supply": [{"l": "Freshwater Fish", "v": 0.0032172757833221054}, {"l": "Pelagic Fish", "v": 0.006367524987825}, {"l": "Fish, Seafood", "v": 0.014857558304925}]}, {"source": 20, "prod": 408.0, "target": 15, "value": 1.6911000886977563, "supply": [{"l": "Honey", "v": 0.010612541646375}, {"l": "Sugar", "v": 1.6804875470513811}]}, {"source": 20, "prod": 314.0, "target": 16, "value": 3.2182589427434651, "supply": [{"l": "Soyabean Oil", "v": 0.2657065982573889}, {"l": "Rape and Mustard Oil", "v": 0.014150055528500001}, {"l": "Maize Germ Oil", "v": 0.039953097962823536}, {"l": "Cottonseed Oil", "v": 2.7721524187776088}, {"l": "Oilcrops Oil, Other", "v": 0.0070750277642500003}, {"l": "Sunflowerseed Oil", "v": 0.11922174445289363}]}, {"source": 20, "prod": 26.0, "target": 17, "value": 0.20031519323802854, "supply": [{"l": "Fats, Animals, Raw", "v": 0.12803517986271773}, {"l": "Butter, Ghee", "v": 0.0722800133753108}]}, {"source": 20, "prod": 166.0, "target": 13, "value": 0.2180418209189445, "supply": [{"l": "Beer", "v": 0.043251113124849062}, {"l": "Beverages, Alcoholic", "v": 0.14241346209329037}, {"l": "Wine", "v": 0.032377245700805087}]}, {"source": 4, "prod": 418.25, "target": 27, "value": 1.4582983305449999, "supply": [{"l": "Potatoes", "v": 1.4582983305449999}]}, {"source": 8, "prod": 12276.0, "target": 27, "value": 44.368261360447548, "supply": [{"l": "Maize", "v": 1.0215933313800001}, {"l": "Rye", "v": 0.013946666639999999}, {"l": "Barley", "v": 1.1192199978600001}, {"l": "Rice", "v": 1.6282733302199996}, {"l": "Wheat", "v": 38.796139925820007}, {"l": "Sorghum", "v": 0.069733333200000011}, {"l": "Cereals, Other", "v": 0.13946666639999999}, {"l": "Millet", "v": 0.013946666639999999}]}, {"source": 3, "prod": 3883.0, "target": 27, "value": 12.261107671872182, "supply": [{"l": "Tomatoes", "v": 4.9161999906}, {"l": "Vegetables, Other", "v": 6.7902833203500013}, {"l": "Onions", "v": 1.8322433298300003}]}, {"source": 5, "prod": 11.5, "target": 27, "value": 0.040096666590000003, "supply": [{"l": "Peas", "v": 0.0034866666599999998}, {"l": "Pulses, Other", "v": 0.036609999929999998}]}, {"source": 2, "prod": 1800.5, "target": 27, "value": 6.2777433213300009, "supply": [{"l": "Sunflower seed", "v": 0.043583333250000002}, {"l": "Sesame seed", "v": 0.06275999988}, {"l": "Cottonseed", "v": 6.0319333218000004}, {"l": "Oilcrops, Other", "v": 0.02266333329}, {"l": "Soyabeans", "v": 0.08716666649999999}, {"l": "Groundnuts", "v": 0.02266333329}, {"l": "Rape and Mustardseed", "v": 0.0069733333200000004}]}, {"source": 28, "prod": 0, "target": 2, "value": 0.0014213311848434572, "supply": "[{\"l\":'Energy for power irrigation',\"v\":0.0014213311848434572}]"}, {"source": 28, "prod": 0, "target": 12, "value": 2.6445206716054323e-05, "supply": "[{\"l\":'Energy for power irrigation',\"v\":2.6445206716054323e-05}]"}, {"source": 28, "prod": 0, "target": 3, "value": 0.003065275751595192, "supply": "[{\"l\":'Energy for power irrigation',\"v\":0.003065275751595192}]"}, {"source": 28, "prod": 0, "target": 4, "value": 0.00066034075874565499, "supply": "[{\"l\":'Energy for power irrigation',\"v\":0.00066034075874565499}]"}, {"source": 28, "prod": 0, "target": 5, "value": 9.0782052905858123e-06, "supply": "[{\"l\":'Energy for power irrigation',\"v\":9.0782052905858123e-06}]"}, {"source": 28, "prod": 0, "target": 14, "value": 2.6445206716054323e-05, "supply": "[{\"l\":'Energy for power irrigation',\"v\":2.6445206716054323e-05}]"}, {"source": 28, "prod": 0, "target": 8, "value": 0.0048453933977057155, "supply": "[{\"l\":'Energy for power irrigation',\"v\":0.0048453933977057155}]"}, {"source": 28, "prod": 0, "target": 10, "value": 3.5523412006640143e-06, "supply": "[{\"l\":'Energy for power irrigation',\"v\":3.5523412006640143e-06}]"}, {"source": 28, "prod": 0, "target": 7, "value": 0.00081467024868561385, "supply": "[{\"l\":'Energy for power irrigation',\"v\":0.00081467024868561385}]"}, {"source": 28, "prod": 0, "target": 20, "value": 13.236000010588798, "supply": "[{\"l\":'Electricity',\"v\":13.236000010588798}]"}, {"source": 29, "prod": 0, "target": 28, "value": 22.581202876873228, "supply": [{"l": "Coal", "v": 1.3875320241673403}, {"l": "Natural gas", "v": 18.200916050331806}, {"l": "Oil", "v": 2.9927548023740802}]}, {"source": 30, "prod": 0, "target": 28, "value": 2.0433437410408835, "supply": [{"l": "Nuclear", "v": 0.0}, {"l": "Hydroelectric", "v": 2.0433437410408835}, {"l": "Renewable", "v": 0.0}]}, {"source": 29, "prod": 0, "target": 2, "value": 4.7595504992475721, "supply": [{"l": "Motor Gasoline", "v": 0.064337285794563201}, {"l": "Gas-Diesel oil", "v": 1.4191599829865078}, {"l": "Natural gas (including LNG)", "v": 0.26224295591759833}, {"l": "Fuel oil", "v": 0.0014668320237586643}, {"l": "Other fossil fuels", "v": 3.0123434425251436}]}, {"source": 29, "prod": 0, "target": 12, "value": 0.088555924312576306, "supply": [{"l": "Motor Gasoline", "v": 0.0011970558589935389}, {"l": "Gas-Diesel oil", "v": 0.026404809458510415}, {"l": "Natural gas (including LNG)", "v": 0.0048792774358453446}, {"l": "Fuel oil", "v": 2.7291792721974587e-05}, {"l": "Other fossil fuels", "v": 0.056047489766505025}]}, {"source": 29, "prod": 0, "target": 3, "value": 10.264556838977127, "supply": [{"l": "Motor Gasoline", "v": 0.13875128061110184}, {"l": "Gas-Diesel oil", "v": 3.0605932873849535}, {"l": "Natural gas (including LNG)", "v": 0.56555923233992456}, {"l": "Fuel oil", "v": 0.0031634039146097707}, {"l": "Other fossil fuels", "v": 6.4964896347265375}]}, {"source": 29, "prod": 0, "target": 4, "value": 2.2112546473871664, "supply": [{"l": "Motor Gasoline", "v": 0.029890663464122245}, {"l": "Gas-Diesel oil", "v": 0.65933203319534217}, {"l": "Natural gas (including LNG)", "v": 0.12183628582342182}, {"l": "Fuel oil", "v": 0.00068148013766960427}, {"l": "Other fossil fuels", "v": 1.3995141847666106}]}, {"source": 29, "prod": 0, "target": 5, "value": 0.030399794913272462, "supply": [{"l": "Motor Gasoline", "v": 0.00041092962323658797}, {"l": "Gas-Diesel oil", "v": 0.0090643375753095452}, {"l": "Natural gas (including LNG)", "v": 0.0016749758361857155}, {"l": "Fuel oil", "v": 9.3688243672450085e-06}, {"l": "Other fossil fuels", "v": 0.019240183054173368}]}, {"source": 29, "prod": 0, "target": 14, "value": 0.088555924312576306, "supply": [{"l": "Motor Gasoline", "v": 0.0011970558589935389}, {"l": "Gas-Diesel oil", "v": 0.026404809458510415}, {"l": "Natural gas (including LNG)", "v": 0.0048792774358453446}, {"l": "Fuel oil", "v": 2.7291792721974587e-05}, {"l": "Other fossil fuels", "v": 0.056047489766505025}]}, {"source": 29, "prod": 0, "target": 8, "value": 16.225560102405773, "supply": [{"l": "Motor Gasoline", "v": 0.21932921977618933}, {"l": "Gas-Diesel oil", "v": 4.8379916554130427}, {"l": "Natural gas (including LNG)", "v": 0.89400014630503666}, {"l": "Fuel oil", "v": 0.0050005081709695535}, {"l": "Other fossil fuels", "v": 10.269238572740534}]}, {"source": 29, "prod": 0, "target": 10, "value": 0.011895571922584879, "supply": [{"l": "Motor Gasoline", "v": 0.0001607985482230127}, {"l": "Gas-Diesel oil", "v": 0.0035469147033819963}, {"l": "Natural gas (including LNG)", "v": 0.00065542532720310614}, {"l": "Fuel oil", "v": 3.6660617089219602e-06}, {"l": "Other fossil fuels", "v": 0.00752876728206784}]}, {"source": 29, "prod": 0, "target": 7, "value": 2.7280511609127984, "supply": [{"l": "Motor Gasoline", "v": 0.036876467059144241}, {"l": "Gas-Diesel oil", "v": 0.81342577197560439}, {"l": "Natural gas (including LNG)", "v": 0.15031087503857898}, {"l": "Fuel oil", "v": 0.00084075015191276939}, {"l": "Other fossil fuels", "v": 1.7265972966875578}]}, {"source": 31, "prod": 70.336479604922218, "target": 2, "value": 1.0719559364751765, "supply": [{"l": "Potash", "v": 0.052533129352295919}, {"l": "Phosphate", "v": 0.4013558208528733}, {"l": "Nitrogen", "v": 7.7472735185232704}]}, {"source": 31, "prod": 1.3086765158372085, "target": 12, "value": 0.019944750831390395, "supply": [{"l": "Potash", "v": 0.052533129352295919}, {"l": "Phosphate", "v": 0.4013558208528733}, {"l": "Nitrogen", "v": 7.7472735185232704}]}, {"source": 31, "prod": 151.68928092525016, "target": 3, "value": 2.3118049993519074, "supply": [{"l": "Potash", "v": 0.052533129352295919}, {"l": "Phosphate", "v": 0.4013558208528733}, {"l": "Nitrogen", "v": 7.7472735185232704}]}, {"source": 31, "prod": 32.677847925308207, "target": 4, "value": 0.49802340508830051, "supply": [{"l": "Potash", "v": 0.052533129352295919}, {"l": "Phosphate", "v": 0.4013558208528733}, {"l": "Nitrogen", "v": 7.7472735185232704}]}, {"source": 31, "prod": 0.44924716215307159, "target": 5, "value": 0.0068467055092832699, "supply": [{"l": "Potash", "v": 0.052533129352295919}, {"l": "Phosphate", "v": 0.4013558208528733}, {"l": "Nitrogen", "v": 7.7472735185232704}]}, {"source": 31, "prod": 1.3086765158372085, "target": 14, "value": 0.019944750831390395, "supply": [{"l": "Potash", "v": 0.052533129352295919}, {"l": "Phosphate", "v": 0.4013558208528733}, {"l": "Nitrogen", "v": 7.7472735185232704}]}, {"source": 31, "prod": 239.78078967787422, "target": 8, "value": 3.6543546448678885, "supply": [{"l": "Potash", "v": 0.052533129352295919}, {"l": "Phosphate", "v": 0.4013558208528733}, {"l": "Nitrogen", "v": 7.7472735185232704}]}, {"source": 31, "prod": 0.17579236779902802, "target": 10, "value": 0.0026791456340673672, "supply": [{"l": "Potash", "v": 0.052533129352295919}, {"l": "Phosphate", "v": 0.4013558208528733}, {"l": "Nitrogen", "v": 7.7472735185232704}]}, {"source": 31, "prod": 40.315049681910423, "target": 7, "value": 0.61441739874611612, "supply": [{"l": "Potash", "v": 0.052533129352295919}, {"l": "Phosphate", "v": 0.4013558208528733}, {"l": "Nitrogen", "v": 7.7472735185232704}]}, {"source": 29, "prod": 0, "target": 31, "value": 9.6998488331530979, "supply": [{"l": "Natural gas (including LNG)", "v": 6.6066040116125286}, {"l": "Fuel oil", "v": 1.7237500899907656}, {"l": "Liquefied petroleum gas (LPG)", "v": 0.68474736577490214}, {"l": "Coal", "v": 0.68474736577490214}]}, {"source": 32, "prod": 0, "target": 4, "value": 0.10270397876911638, "supply": "[{\"l\":'Labor',\"v\":0.10270397876911638}]"}, {"source": 32, "prod": 0, "target": 2, "value": 0.22106218024362712, "supply": "[{\"l\":'Labor',\"v\":0.22106218024362712}]"}, {"source": 32, "prod": 0, "target": 12, "value": 0.0041130702794565438, "supply": "[{\"l\":'Labor',\"v\":0.0041130702794565438}]"}, {"source": 32, "prod": 0, "target": 18, "value": 0.00024555643459442053, "supply": "[{\"l\":'Labor',\"v\":0.00024555643459442053}]"}, {"source": 32, "prod": 0, "target": 3, "value": 0.47674781776506742, "supply": "[{\"l\":'Labor',\"v\":0.47674781776506742}]"}, {"source": 32, "prod": 0, "target": 14, "value": 0.0041130702794565438, "supply": "[{\"l\":'Labor',\"v\":0.0041130702794565438}]"}, {"source": 32, "prod": 0, "target": 5, "value": 0.0014119494989179181, "supply": "[{\"l\":'Labor',\"v\":0.0014119494989179181}]"}, {"source": 32, "prod": 0, "target": 8, "value": 0.75361269777027662, "supply": "[{\"l\":'Labor',\"v\":0.75361269777027662}]"}, {"source": 32, "prod": 0, "target": 7, "value": 0.12670712025072098, "supply": "[{\"l\":'Labor',\"v\":0.12670712025072098}]"}, {"source": 32, "prod": 0, "target": 10, "value": 0.00055250197783744627, "supply": "[{\"l\":'Labor',\"v\":0.00055250197783744627}]"}, {"source": 29, "prod": 0, "target": 23, "value": 12.320893102394118, "supply": "[{\"l\":'Fossil Fuels',\"v\":12.320893102394118}]"}, {"source": 30, "prod": 0, "target": 23, "value": 0.15989722800925391, "supply": "[{\"l\":'Renewables & Nuclear',\"v\":0.15906249699666231},{\"l\":'Biomass & Waste',\"v\":0.00083473101259159315}]"}]}