{"nodes": [{"layer": 5, "name": "Sunflower seed"}, {"layer": 10, "name": "Feed", "fill": "#dbdb8d"}, {"layer": 5, "name": "Maize"}, {"layer": 5, "name": "Rye"}, {"layer": 5, "name": "Wheat"}, {"layer": 5, "name": "Soyabeans"}, {"layer": 5, "name": "Potatoes"}, {"layer": 5, "name": "Vegetables, Other"}, {"layer": 5, "name": "Millet"}, {"layer": 13, "name": "Milk - Excluding Butter"}, {"layer": 5, "name": "Cottonseed"}, {"layer": 13, "name": "Pelagic Fish"}, {"layer": 5, "name": "Apples"}, {"layer": 13, "name": "Fish, Seafood"}, {"layer": 5, "name": "Sorghum"}, {"layer": 5, "name": "Pulses, Other"}, {"layer": 5, "name": "Barley"}, {"layer": 16, "name": "Food", "fill": "#b5cf6b"}, {"layer": 5, "name": "Nuts"}, {"layer": 13, "name": "Sugar", "fill": "#d6616b"}, {"layer": 13, "name": "Oilcrops Oil, Other"}, {"layer": 13, "name": "Maize Germ Oil"}, {"layer": 13, "name": "Beer"}, {"layer": 5, "name": "Grapefruit"}, {"layer": 13, "name": "Beverages, Alcoholic"}, {"layer": 5, "name": "Rice"}, {"layer": 13, "name": "Butter, Ghee"}, {"layer": 5, "name": "Tomatoes"}, {"layer": 13, "name": "Fats, Animals, Raw"}, {"layer": 13, "name": "Soyabean Oil"}, {"layer": 5, "name": "Treenuts"}, {"layer": 13, "name": "Eggs"}, {"layer": 5, "name": "Sesame seed"}, {"layer": 5, "name": "Grapes"}, {"layer": 5, "name": "Pimento"}, {"layer": 13, "name": "Wine"}, {"layer": 13, "name": "Sunflowerseed Oil"}, {"layer": 13, "name": "Pigmeat"}, {"layer": 13, "name": "Poultry Meat"}, {"layer": 5, "name": "Cocoa Beans"}, {"layer": 13, "name": "Freshwater Fish"}, {"layer": 13, "name": "Rape and Mustard Oil"}, {"layer": 13, "name": "Meat, Other"}, {"layer": 5, "name": "Lemons, Limes"}, {"layer": 5, "name": "Cereals, Other"}, {"layer": 13, "name": "Mutton & Goat Meat"}, {"layer": 5, "name": "Bananas"}, {"layer": 5, "name": "Citrus, Other"}, {"layer": 5, "name": "Spices, Other"}, {"layer": 13, "name": "Bovine Meat"}, {"layer": 5, "name": "Fruits, Other"}, {"layer": 13, "name": "Honey"}, {"layer": 13, "name": "Offals, Edible"}, {"layer": 5, "name": "Oranges, Mandarines"}, {"layer": 5, "name": "Tea"}, {"layer": 13, "name": "Cottonseed Oil"}, {"layer": 5, "name": "Onions"}, {"layer": 10, "name": "Processing", "fill": "#9edae5"}, {"layer": 5, "name": "Rape and Mustardseed"}, {"layer": 5, "name": "Oilcrops, Other"}, {"layer": 16, "name": "Biofuels & Other", "fill": "#e7ba52"}, {"name": "Seed", "fill": "#dbdb8d"}, {"name": "Waste", "fill": "#c7c7c7"}, {"layer": 0, "name": "Import", "fill": "#aec7e8"}, {"layer": 16, "name": "Export", "fill": "#aec7e8"}, {"layer": 5, "name": "Peas"}, {"layer": 5, "name": "Groundnuts"}, {"layer": 16, "name": "Stock Deposit", "fill": "#c7c7c7"}, {"layer": 0, "name": "Stock Draw", "fill": "#c7c7c7"}, {"layer": 0, "name": "Production", "fill": "#b5cf6b"}], "links": [{"source": 0, "prod": 0.081209014337478264, "target": 1, "value": 12.0, "supply": [{"l": "Sunflower seed", "v": 12.0}]}, {"source": 2, "prod": 0.063903476580322582, "target": 1, "value": 20.0, "supply": [{"l": "Maize", "v": 20.0}]}, {"source": 3, "prod": 0.0063903476580322574, "target": 1, "value": 2.0, "supply": [{"l": "Rye", "v": 2.0}]}, {"source": 4, "prod": 3.550065324847314, "target": 1, "value": 1075.0, "supply": [{"l": "Wheat", "v": 1075.0}]}, {"source": 5, "prod": 0.047371925030195647, "target": 1, "value": 7.0, "supply": [{"l": "Soyabeans", "v": 7.0}]}, {"source": 6, "prod": 0.0030995806999037506, "target": 1, "value": 4.0, "supply": [{"l": "Potatoes", "v": 4.0}]}, {"source": 7, "prod": 0.03650361065604716, "target": 1, "value": 124.0, "supply": [{"l": "Vegetables, Other", "v": 124.0}]}, {"source": 8, "prod": 0.0063903476580322574, "target": 1, "value": 2.0, "supply": [{"l": "Millet", "v": 2.0}]}, {"source": 9, "prod": 0.43529366335474651, "target": 1, "value": 617.0, "supply": [{"l": "Milk - Excluding Butter", "v": 617.0}]}, {"source": 10, "prod": 1.1978329614778043, "target": 1, "value": 177.0, "supply": [{"l": "Cottonseed", "v": 177.0}]}, {"source": 11, "prod": 0.00424501665855, "target": 1, "value": 2.0, "supply": [{"l": "Pelagic Fish", "v": 2.0}]}, {"source": 12, "prod": 0.0096315504017521012, "target": 1, "value": 27.0, "supply": [{"l": "Apples", "v": 27.0}]}, {"source": 13, "prod": 0.00424501665855, "target": 1, "value": 2.0, "supply": [{"l": "Fish, Seafood", "v": 2.0}]}, {"source": 14, "prod": 0.031951738290161291, "target": 1, "value": 10.0, "supply": [{"l": "Sorghum", "v": 10.0}]}, {"source": 15, "prod": 0.0024970686226764706, "target": 1, "value": 7.0, "supply": [{"l": "Pulses, Other", "v": 7.0}]}, {"source": 16, "prod": 0.21022939642342858, "target": 1, "value": 80.0, "supply": [{"l": "Barley", "v": 80.0}]}, {"source": 2, "prod": 0.38022568565291937, "target": 17, "value": 119.0, "supply": [{"l": "Maize", "v": 119.0}]}, {"source": 18, "prod": 0.12050369869432258, "target": 17, "value": 32.0, "supply": [{"l": "Nuts", "v": 32.0}]}, {"source": 19, "prod": 0.46772190348967008, "target": 17, "value": 113.0, "supply": [{"l": "Sugar", "v": 113.0}]}, {"source": 20, "prod": 0.0070750277642500003, "target": 17, "value": 1.0, "supply": [{"l": "Oilcrops Oil, Other", "v": 1.0}]}, {"source": 21, "prod": 0.039953097962823536, "target": 17, "value": 4.0, "supply": [{"l": "Maize Germ Oil", "v": 4.0}]}, {"source": 22, "prod": 0.043251113124849062, "target": 17, "value": 81.0, "supply": [{"l": "Beer", "v": 81.0}]}, {"source": 23, "prod": 0.0005895856470208334, "target": 17, "value": 1.0, "supply": [{"l": "Grapefruit", "v": 1.0}]}, {"source": 24, "prod": 0.14241346209329037, "target": 17, "value": 40.0, "supply": [{"l": "Beverages, Alcoholic", "v": 40.0}]}, {"source": 16, "prod": 0.14190484258581429, "target": 17, "value": 54.0, "supply": [{"l": "Barley", "v": 54.0}]}, {"source": 25, "prod": 0.79215946625577416, "target": 17, "value": 193.0, "supply": [{"l": "Rice", "v": 193.0}]}, {"source": 26, "prod": 0.0722800133753108, "target": 17, "value": 9.0, "supply": [{"l": "Butter, Ghee", "v": 9.0}]}, {"source": 27, "prod": 0.24944341007351148, "target": 17, "value": 1281.0, "supply": [{"l": "Tomatoes", "v": 1281.0}]}, {"source": 28, "prod": 0.12050369869432258, "target": 17, "value": 16.0, "supply": [{"l": "Fats, Animals, Raw", "v": 16.0}]}, {"source": 4, "prod": 14.081375390836229, "target": 17, "value": 4264.0, "supply": [{"l": "Wheat", "v": 4264.0}]}, {"source": 29, "prod": 0.14307278367705556, "target": 17, "value": 14.0, "supply": [{"l": "Soyabean Oil", "v": 14.0}]}, {"source": 30, "prod": 0.11953966910476801, "target": 17, "value": 32.0, "supply": [{"l": "Treenuts", "v": 32.0}]}, {"source": 31, "prod": 0.14089842526251062, "target": 17, "value": 84.0, "supply": [{"l": "Eggs", "v": 84.0}]}, {"source": 7, "prod": 0.48808860054617903, "target": 17, "value": 1658.0, "supply": [{"l": "Vegetables, Other", "v": 1658.0}]}, {"source": 32, "prod": 0.1218135215062174, "target": 17, "value": 18.0, "supply": [{"l": "Sesame seed", "v": 18.0}]}, {"source": 33, "prod": 0.14115498837620633, "target": 17, "value": 199.0, "supply": [{"l": "Grapes", "v": 199.0}]}, {"source": 34, "prod": 0.0094333703523333343, "target": 17, "value": 2.0, "supply": [{"l": "Pimento", "v": 2.0}]}, {"source": 35, "prod": 0.032377245700805087, "target": 17, "value": 45.0, "supply": [{"l": "Wine", "v": 45.0}]}, {"source": 36, "prod": 0.11922174445289363, "target": 17, "value": 12.0, "supply": [{"l": "Sunflowerseed Oil", "v": 12.0}]}, {"source": 37, "prod": 0.055855482349342109, "target": 17, "value": 15.0, "supply": [{"l": "Pigmeat", "v": 15.0}]}, {"source": 38, "prod": 0.032172757833221051, "target": 17, "value": 24.0, "supply": [{"l": "Poultry Meat", "v": 24.0}]}, {"source": 39, "prod": 0.0070750277642500003, "target": 17, "value": 1.0, "supply": [{"l": "Cocoa Beans", "v": 1.0}]}, {"source": 6, "prod": 0.59666928473147196, "target": 17, "value": 770.0, "supply": [{"l": "Potatoes", "v": 770.0}]}, {"source": 40, "prod": 0.0032172757833221054, "target": 17, "value": 4.0, "supply": [{"l": "Freshwater Fish", "v": 4.0}]}, {"source": 41, "prod": 0.014150055528500001, "target": 17, "value": 1.0, "supply": [{"l": "Rape and Mustard Oil", "v": 1.0}]}, {"source": 9, "prod": 2.4840664322075563, "target": 17, "value": 3521.0, "supply": [{"l": "Milk - Excluding Butter", "v": 3521.0}]}, {"source": 12, "prod": 0.010701722668613444, "target": 17, "value": 30.0, "supply": [{"l": "Apples", "v": 30.0}]}, {"source": 13, "prod": 0.010612541646375, "target": 17, "value": 5.0, "supply": [{"l": "Fish, Seafood", "v": 5.0}]}, {"source": 42, "prod": 0.010246591934431035, "target": 17, "value": 7.0, "supply": [{"l": "Meat, Other", "v": 7.0}]}, {"source": 43, "prod": 0.0005895856470208334, "target": 17, "value": 1.0, "supply": [{"l": "Lemons, Limes", "v": 1.0}]}, {"source": 44, "prod": 0.063675249878250004, "target": 17, "value": 20.0, "supply": [{"l": "Cereals, Other", "v": 20.0}]}, {"source": 45, "prod": 0.22747434094436897, "target": 17, "value": 74.0, "supply": [{"l": "Mutton & Goat Meat", "v": 74.0}]}, {"source": 11, "prod": 0.002122508329275, "target": 17, "value": 1.0, "supply": [{"l": "Pelagic Fish", "v": 1.0}]}, {"source": 46, "prod": 0.0011791712940416668, "target": 17, "value": 2.0, "supply": [{"l": "Bananas", "v": 2.0}]}, {"source": 47, "prod": 0.0005895856470208334, "target": 17, "value": 1.0, "supply": [{"l": "Citrus, Other", "v": 1.0}]}, {"source": 48, "prod": 0.0047166851761666672, "target": 17, "value": 1.0, "supply": [{"l": "Spices, Other", "v": 1.0}]}, {"source": 49, "prod": 1.1927715519115951, "target": 17, "value": 458.0, "supply": [{"l": "Bovine Meat", "v": 458.0}]}, {"source": 50, "prod": 0.17333818022412506, "target": 17, "value": 294.0, "supply": [{"l": "Fruits, Other", "v": 294.0}]}, {"source": 51, "prod": 0.010612541646375, "target": 17, "value": 2.0, "supply": [{"l": "Honey", "v": 2.0}]}, {"source": 52, "prod": 0.097048451582927645, "target": 17, "value": 79.0, "supply": [{"l": "Offals, Edible", "v": 79.0}]}, {"source": 53, "prod": 0.0017687569410625001, "target": 17, "value": 3.0, "supply": [{"l": "Oranges, Mandarines", "v": 3.0}]}, {"source": 54, "prod": 0.0020214365040714284, "target": 17, "value": 3.0, "supply": [{"l": "Tea", "v": 3.0}]}, {"source": 55, "prod": 2.4230665586352429, "target": 17, "value": 236.0, "supply": [{"l": "Cottonseed Oil", "v": 236.0}]}, {"source": 56, "prod": 0.15187330144926336, "target": 17, "value": 426.0, "supply": [{"l": "Onions", "v": 426.0}]}, {"source": 4, "prod": 0.37977443009994521, "target": 57, "value": 115.0, "supply": [{"l": "Wheat", "v": 115.0}]}, {"source": 10, "prod": 10.015778434955653, "target": 57, "value": 1480.0, "supply": [{"l": "Cottonseed", "v": 1480.0}]}, {"source": 50, "prod": 0.0023583425880833336, "target": 57, "value": 4.0, "supply": [{"l": "Fruits, Other", "v": 4.0}]}, {"source": 5, "prod": 0.15565061081349998, "target": 57, "value": 23.0, "supply": [{"l": "Soyabeans", "v": 23.0}]}, {"source": 58, "prod": 0.013534835722913044, "target": 57, "value": 2.0, "supply": [{"l": "Rape and Mustardseed", "v": 2.0}]}, {"source": 16, "prod": 0.042045879284685714, "target": 57, "value": 16.0, "supply": [{"l": "Barley", "v": 16.0}]}, {"source": 33, "prod": 0.054617759321446663, "target": 57, "value": 77.0, "supply": [{"l": "Grapes", "v": 77.0}]}, {"source": 59, "prod": 0.033837089307282603, "target": 57, "value": 5.0, "supply": [{"l": "Oilcrops, Other", "v": 5.0}]}, {"source": 28, "prod": 0.0075314811683951611, "target": 60, "value": 1.0, "supply": [{"l": "Fats, Animals, Raw", "v": 1.0}]}, {"source": 6, "prod": 0.0023246855249278125, "target": 60, "value": 3.0, "supply": [{"l": "Potatoes", "v": 3.0}]}, {"source": 31, "prod": 0.0067094488220243156, "target": 60, "value": 4.0, "supply": [{"l": "Eggs", "v": 4.0}]}, {"source": 19, "prod": 1.2127656435617111, "target": 60, "value": 293.0, "supply": [{"l": "Sugar", "v": 293.0}]}, {"source": 52, "prod": 0.0024569228248842441, "target": 60, "value": 2.0, "supply": [{"l": "Offals, Edible", "v": 2.0}]}, {"source": 55, "prod": 0.33881862896170772, "target": 60, "value": 33.0, "supply": [{"l": "Cottonseed Oil", "v": 33.0}]}, {"source": 25, "prod": 0.0041044531930350993, "target": 60, "value": 1.0, "supply": [{"l": "Rice", "v": 1.0}]}, {"source": 0, "prod": 0.006767417861456522, "target": 61, "value": 1.0, "supply": [{"l": "Sunflower seed", "v": 1.0}]}, {"source": 2, "prod": 0.015975869145080646, "target": 61, "value": 5.0, "supply": [{"l": "Maize", "v": 5.0}]}, {"source": 4, "prod": 0.68029158783120625, "target": 61, "value": 206.0, "supply": [{"l": "Wheat", "v": 206.0}]}, {"source": 10, "prod": 0.49402150388632615, "target": 61, "value": 73.0, "supply": [{"l": "Cottonseed", "v": 73.0}]}, {"source": 6, "prod": 0.040294549098748751, "target": 61, "value": 52.0, "supply": [{"l": "Potatoes", "v": 52.0}]}, {"source": 31, "prod": 0.0016773622055060789, "target": 31, "value": 1.0, "supply": [{"l": "Eggs", "v": 1.0}]}, {"source": 16, "prod": 0.031534409463514289, "target": 61, "value": 12.0, "supply": [{"l": "Barley", "v": 12.0}]}, {"source": 59, "prod": 0.006767417861456522, "target": 61, "value": 1.0, "supply": [{"l": "Oilcrops, Other", "v": 1.0}]}, {"source": 25, "prod": 0.049253438316421191, "target": 61, "value": 12.0, "supply": [{"l": "Rice", "v": 12.0}]}, {"source": 2, "prod": 0.0095855214870483856, "target": 62, "value": 3.0, "supply": [{"l": "Maize", "v": 3.0}]}, {"source": 4, "prod": 0.095769204112160083, "target": 62, "value": 29.0, "supply": [{"l": "Wheat", "v": 29.0}]}, {"source": 6, "prod": 0.0061991613998075012, "target": 62, "value": 8.0, "supply": [{"l": "Potatoes", "v": 8.0}]}, {"source": 31, "prod": 0.0033547244110121578, "target": 62, "value": 2.0, "supply": [{"l": "Eggs", "v": 2.0}]}, {"source": 7, "prod": 0.022961948638481281, "target": 62, "value": 78.0, "supply": [{"l": "Vegetables, Other", "v": 78.0}]}, {"source": 50, "prod": 0.019456326351687502, "target": 62, "value": 33.0, "supply": [{"l": "Fruits, Other", "v": 33.0}]}, {"source": 16, "prod": 0.010511469821171428, "target": 62, "value": 4.0, "supply": [{"l": "Barley", "v": 4.0}]}, {"source": 33, "prod": 0.030500826634054626, "target": 62, "value": 43.0, "supply": [{"l": "Grapes", "v": 43.0}]}, {"source": 25, "prod": 0.028731172351245692, "target": 62, "value": 7.0, "supply": [{"l": "Rice", "v": 7.0}]}, {"source": 56, "prod": 0.0078432221405722868, "target": 62, "value": 22.0, "supply": [{"l": "Onions", "v": 22.0}]}, {"source": 27, "prod": 0.0052575894394885324, "target": 62, "value": 27.0, "supply": [{"l": "Tomatoes", "v": 27.0}]}, {"source": 12, "prod": 0.001426896355815126, "target": 62, "value": 4.0, "supply": [{"l": "Apples", "v": 4.0}]}, {"source": 63, "prod": 0.0038744758748796883, "target": 6, "value": 5.0, "supply": [{"l": "Potatoes", "v": 5.0}]}, {"source": 63, "prod": 0.0031837624939125004, "target": 44, "value": 1.0, "supply": [{"l": "Cereals, Other", "v": 1.0}]}, {"source": 63, "prod": 0.086193517053737082, "target": 25, "value": 21.0, "supply": [{"l": "Rice", "v": 21.0}]}, {"source": 63, "prod": 0.83550374621987944, "target": 4, "value": 253.0, "supply": [{"l": "Wheat", "v": 253.0}]}, {"source": 63, "prod": 0.077012826125150285, "target": 1, "value": 69.0, "supply": [{"l": "Pigmeat", "v": 3.0}, {"l": "Milk - Excluding Butter", "v": 49.0}, {"l": "Fish, Seafood", "v": 3.0}, {"l": "Pelagic Fish", "v": 3.0}, {"l": "Bovine Meat", "v": 3.0}, {"l": "Poultry Meat", "v": 8.0}]}, {"source": 63, "prod": 0.0011791712940416668, "target": 46, "value": 2.0, "supply": [{"l": "Bananas", "v": 2.0}]}, {"source": 63, "prod": 0.33837089307282608, "target": 5, "value": 50.0, "supply": [{"l": "Soyabeans", "v": 50.0}]}, {"source": 63, "prod": 0.026278674552928573, "target": 16, "value": 10.0, "supply": [{"l": "Barley", "v": 10.0}]}, {"source": 63, "prod": 2.1040946179840034, "target": 57, "value": 451.0, "supply": [{"l": "Sugar", "v": 406.0}, {"l": "Beer", "v": 2.0}, {"l": "Fats, Animals, Raw", "v": 1.0}, {"l": "Butter, Ghee", "v": 5.0}, {"l": "Soyabean Oil", "v": 22.0}, {"l": "Cottonseed Oil", "v": 3.0}, {"l": "Sunflowerseed Oil", "v": 12.0}]}, {"source": 63, "prod": 0.014150055528500001, "target": 39, "value": 2.0, "supply": [{"l": "Cocoa Beans", "v": 2.0}]}, {"source": 63, "prod": 0.0011791712940416668, "target": 53, "value": 2.0, "supply": [{"l": "Oranges, Mandarines", "v": 2.0}]}, {"source": 63, "prod": 0.0020214365040714284, "target": 54, "value": 3.0, "supply": [{"l": "Tea", "v": 3.0}]}, {"source": 63, "prod": 0.00035672408895378151, "target": 12, "value": 1.0, "supply": [{"l": "Apples", "v": 1.0}]}, {"source": 27, "prod": 0.019862004549178899, "target": 64, "value": 102.0, "supply": [{"l": "Tomatoes", "v": 102.0}]}, {"source": 4, "prod": 0.0033023863486951756, "target": 64, "value": 1.0, "supply": [{"l": "Wheat", "v": 1.0}]}, {"source": 30, "prod": 0.0074712293190480009, "target": 64, "value": 2.0, "supply": [{"l": "Treenuts", "v": 2.0}]}, {"source": 6, "prod": 0.0015497903499518753, "target": 64, "value": 2.0, "supply": [{"l": "Potatoes", "v": 2.0}]}, {"source": 7, "prod": 0.025905788207517339, "target": 64, "value": 88.0, "supply": [{"l": "Vegetables, Other", "v": 88.0}]}, {"source": 50, "prod": 0.039502238350395839, "target": 64, "value": 67.0, "supply": [{"l": "Fruits, Other", "v": 67.0}]}, {"source": 65, "prod": 0.00035672408895378151, "target": 64, "value": 1.0, "supply": [{"l": "Peas", "v": 1.0}]}, {"source": 15, "prod": 0.0010701722668613445, "target": 64, "value": 3.0, "supply": [{"l": "Pulses, Other", "v": 3.0}]}, {"source": 33, "prod": 0.058164367069592549, "target": 64, "value": 82.0, "supply": [{"l": "Grapes", "v": 82.0}]}, {"source": 66, "prod": 0.054139342891652176, "target": 64, "value": 8.0, "supply": [{"l": "Groundnuts", "v": 8.0}]}, {"source": 55, "prod": 0.01026723118065781, "target": 64, "value": 1.0, "supply": [{"l": "Cottonseed Oil", "v": 1.0}]}, {"source": 56, "prod": 0.027807787589301743, "target": 64, "value": 78.0, "supply": [{"l": "Onions", "v": 78.0}]}, {"source": 34, "prod": 0.0094333703523333343, "target": 64, "value": 2.0, "supply": [{"l": "Pimento", "v": 2.0}]}, {"source": 18, "prod": 0.0075314811683951611, "target": 64, "value": 2.0, "supply": [{"l": "Nuts", "v": 2.0}]}, {"source": 12, "prod": 0.012485343113382355, "target": 64, "value": 35.0, "supply": [{"l": "Apples", "v": 35.0}]}, {"source": 25, "prod": 0.12723804898408805, "target": 67, "value": 31.0, "supply": [{"l": "Rice", "v": 31.0}]}, {"source": 5, "prod": 0.13534835722913041, "target": 67, "value": 20.0, "supply": [{"l": "Soyabeans", "v": 20.0}]}, {"source": 68, "prod": 0.027069671445826088, "target": 66, "value": 4.0, "supply": [{"l": "Groundnuts", "v": 4.0}]}, {"source": 29, "prod": 0.12263381458033333, "target": 67, "value": 12.0, "supply": [{"l": "Soyabean Oil", "v": 12.0}]}, {"source": 69, "prod": 0.46649537903635474, "target": 2, "value": 146.0, "supply": [{"l": "Maize", "v": 146.0}]}, {"source": 69, "prod": 0.0063903476580322574, "target": 3, "value": 2.0, "supply": [{"l": "Rye", "v": 2.0}]}, {"source": 69, "prod": 0.12426943927852015, "target": 18, "value": 33.0, "supply": [{"l": "Nuts", "v": 33.0}]}, {"source": 69, "prod": 0.0005895856470208334, "target": 23, "value": 1.0, "supply": [{"l": "Grapefruit", "v": 1.0}]}, {"source": 69, "prod": 0.4073194555703929, "target": 16, "value": 155.0, "supply": [{"l": "Barley", "v": 155.0}]}, {"source": 69, "prod": 0.91529306204682692, "target": 25, "value": 223.0, "supply": [{"l": "Rice", "v": 223.0}]}, {"source": 69, "prod": 0.27456300406217893, "target": 27, "value": 1410.0, "supply": [{"l": "Tomatoes", "v": 1410.0}]}, {"source": 69, "prod": 0.081209014337478264, "target": 0, "value": 12.0, "supply": [{"l": "Sunflower seed", "v": 12.0}]}, {"source": 69, "prod": 0.063675249878250004, "target": 44, "value": 20.0, "supply": [{"l": "Cereals, Other", "v": 20.0}]}, {"source": 69, "prod": 17.955074577855672, "target": 4, "value": 5437.0, "supply": [{"l": "Wheat", "v": 5437.0}]}, {"source": 69, "prod": 0.12327528376429202, "target": 30, "value": 33.0, "supply": [{"l": "Treenuts", "v": 33.0}]}, {"source": 69, "prod": 0.57316556409132113, "target": 7, "value": 1947.0, "supply": [{"l": "Vegetables, Other", "v": 1947.0}]}, {"source": 69, "prod": 0.00035672408895378151, "target": 65, "value": 1.0, "supply": [{"l": "Peas", "v": 1.0}]}, {"source": 69, "prod": 0.1218135215062174, "target": 32, "value": 18.0, "supply": [{"l": "Sesame seed", "v": 18.0}]}, {"source": 69, "prod": 0.28514726295092935, "target": 33, "value": 402.0, "supply": [{"l": "Grapes", "v": 402.0}]}, {"source": 69, "prod": 0.018866740704666669, "target": 34, "value": 4.0, "supply": [{"l": "Pimento", "v": 4.0}]}, {"source": 69, "prod": 0.047371925030195647, "target": 59, "value": 7.0, "supply": [{"l": "Oilcrops, Other", "v": 7.0}]}, {"source": 69, "prod": 11.707632900319782, "target": 10, "value": 1730.0, "supply": [{"l": "Cottonseed", "v": 1730.0}]}, {"source": 69, "prod": 0.64626257592993197, "target": 6, "value": 834.0, "supply": [{"l": "Potatoes", "v": 834.0}]}, {"source": 69, "prod": 0.033837089307282603, "target": 66, "value": 5.0, "supply": [{"l": "Groundnuts", "v": 5.0}]}, {"source": 69, "prod": 0.13020429246813026, "target": 12, "value": 365.0, "supply": [{"l": "Apples", "v": 365.0}]}, {"source": 69, "prod": 0.0005895856470208334, "target": 43, "value": 1.0, "supply": [{"l": "Lemons, Limes", "v": 1.0}]}, {"source": 69, "prod": 0.031951738290161291, "target": 14, "value": 10.0, "supply": [{"l": "Sorghum", "v": 10.0}]}, {"source": 69, "prod": 0.0005895856470208334, "target": 47, "value": 1.0, "supply": [{"l": "Citrus, Other", "v": 1.0}]}, {"source": 69, "prod": 0.22993840233812507, "target": 50, "value": 390.0, "supply": [{"l": "Fruits, Other", "v": 390.0}]}, {"source": 69, "prod": 0.0063903476580322574, "target": 8, "value": 2.0, "supply": [{"l": "Millet", "v": 2.0}]}, {"source": 69, "prod": 0.013534835722913044, "target": 58, "value": 2.0, "supply": [{"l": "Rape and Mustardseed", "v": 2.0}]}, {"source": 69, "prod": 0.0005895856470208334, "target": 53, "value": 1.0, "supply": [{"l": "Oranges, Mandarines", "v": 1.0}]}, {"source": 69, "prod": 0.18716780108183864, "target": 56, "value": 525.0, "supply": [{"l": "Onions", "v": 525.0}]}, {"source": 69, "prod": 0.0039239649784915962, "target": 15, "value": 11.0, "supply": [{"l": "Pulses, Other", "v": 11.0}]}, {"source": 1, "prod": 0.032172757833221051, "target": 38, "value": 24.0, "supply": [{"l": "Poultry Meat", "v": 24.0}]}, {"source": 1, "prod": 0.055855482349342109, "target": 37, "value": 15.0, "supply": [{"l": "Pigmeat", "v": 15.0}]}, {"source": 1, "prod": 0.006367524987825, "target": 11, "value": 3.0, "supply": [{"l": "Pelagic Fish", "v": 3.0}]}, {"source": 1, "prod": 1.1927715519115951, "target": 49, "value": 458.0, "supply": [{"l": "Bovine Meat", "v": 458.0}]}, {"source": 1, "prod": 0.15096259849554708, "target": 31, "value": 90.0, "supply": [{"l": "Eggs", "v": 91.0}]}, {"source": 1, "prod": 2.9193600955623027, "target": 9, "value": 4138.0, "supply": [{"l": "Milk - Excluding Butter", "v": 4138.0}]}, {"source": 1, "prod": 0.099505374407811889, "target": 52, "value": 81.0, "supply": [{"l": "Offals, Edible", "v": 81.0}]}, {"source": 1, "prod": 0.014857558304925, "target": 13, "value": 7.0, "supply": [{"l": "Fish, Seafood", "v": 7.0}]}, {"source": 1, "prod": 0.010246591934431035, "target": 42, "value": 7.0, "supply": [{"l": "Meat, Other", "v": 7.0}]}, {"source": 1, "prod": 0.0032172757833221054, "target": 40, "value": 4.0, "supply": [{"l": "Freshwater Fish", "v": 4.0}]}, {"source": 1, "prod": 0.22747434094436897, "target": 45, "value": 74.0, "supply": [{"l": "Mutton & Goat Meat", "v": 74.0}]}, {"source": 57, "prod": 0.12803517986271773, "target": 28, "value": 17.0, "supply": [{"l": "Fats, Animals, Raw", "v": 17.0}]}, {"source": 57, "prod": 0.2657065982573889, "target": 29, "value": 26.0, "supply": [{"l": "Soyabean Oil", "v": 26.0}]}, {"source": 57, "prod": 1.6804875470513811, "target": 19, "value": 406.0, "supply": [{"l": "Sugar", "v": 406.0}]}, {"source": 57, "prod": 0.010612541646375, "target": 51, "value": 2.0, "supply": [{"l": "Honey", "v": 2.0}]}, {"source": 57, "prod": 0.039953097962823536, "target": 21, "value": 4.0, "supply": [{"l": "Maize Germ Oil", "v": 4.0}]}, {"source": 57, "prod": 0.043251113124849062, "target": 22, "value": 81.0, "supply": [{"l": "Beer", "v": 81.0}]}, {"source": 57, "prod": 0.14241346209329037, "target": 24, "value": 40.0, "supply": [{"l": "Beverages, Alcoholic", "v": 40.0}]}, {"source": 57, "prod": 0.11922174445289363, "target": 36, "value": 12.0, "supply": [{"l": "Sunflowerseed Oil", "v": 12.0}]}, {"source": 57, "prod": 2.7721524187776088, "target": 55, "value": 270.0, "supply": [{"l": "Cottonseed Oil", "v": 270.0}]}, {"source": 57, "prod": 0.0070750277642500003, "target": 20, "value": 1.0, "supply": [{"l": "Oilcrops Oil, Other", "v": 1.0}]}, {"source": 57, "prod": 0.014150055528500001, "target": 41, "value": 1.0, "supply": [{"l": "Rape and Mustard Oil", "v": 1.0}]}, {"source": 57, "prod": 0.0722800133753108, "target": 26, "value": 9.0, "supply": [{"l": "Butter, Ghee", "v": 9.0}]}, {"source": 57, "prod": 0.032377245700805087, "target": 35, "value": 45.0, "supply": [{"l": "Wine", "v": 45.0}]}]}