{"nodes": [{"layer": 5, "name": "Fruits, Roots & Vegetables", "fill": "#98df8a"}, {"layer": 10, "name": "Feed", "fill": "#dbdb8d"}, {"layer": 13, "name": "Aquatic Products", "fill": "#1f77b4"}, {"layer": 13, "name": "Animal Products", "fill": "#17becf"}, {"layer": 5, "name": "Cereals", "fill": "#e7ba52"}, {"layer": 5, "name": "Oilcrops", "fill": "#ff9896"}, {"layer": 13, "name": "Other Processed", "fill": "#9c9ede"}, {"layer": 16, "name": "Food", "fill": "#b5cf6b"}, {"layer": 13, "name": "Sugar", "fill": "#d6616b"}, {"layer": 13, "name": "Vegetable Oils", "fill": "#f7b6d2"}, {"layer": 10, "name": "Processing", "fill": "#9edae5"}, {"layer": 16, "name": "Biofuels & Other", "fill": "#e7ba52"}, {"name": "Waste", "fill": "#c7c7c7"}, {"layer": 2, "name": "Import", "fill": "#aec7e8"}, {"layer": 16, "name": "Export", "fill": "#aec7e8"}, {"layer": 16, "name": "Stock Deposit", "fill": "#c7c7c7"}, {"layer": 0, "name": "Stock Draw", "fill": "#c7c7c7"}, {"name": "Crop Residue", "fill": "#bd9e39"}, {"layer": 2, "name": "Electricity", "fill": "#bcbd22"}, {"layer": 0, "name": "Fossil Fuels", "fill": "#c49c94"}, {"layer": 0, "name": "Renewables & Nuclear", "fill": "#2ca02c"}, {"layer": 2, "name": "Fertilizers", "fill": "#c5b0d5"}, {"layer": 0, "name": "Labor", "fill": "#7f7f7f"}], "links": [{"source": 0, "prod": 423.0, "target": 1, "value": 0.15884276921837587, "supply": [{"l": "Vegetables, Other", "v": 0.10621081916575634}, {"l": "Potatoes", "v": 0.034301196299789963}, {"l": "Apples", "v": 0.011577318159681819}, {"l": "Peas", "v": 0.00048238825665340913}, {"l": "Pulses, Other", "v": 0.0062710473364943186}]}, {"source": 2, "prod": 4.0, "target": 1, "value": 0.006288913568222222, "supply": [{"l": "Pelagic Fish", "v": 0.003144456784111111}, {"l": "Fish, Seafood", "v": 0.003144456784111111}]}, {"source": 3, "prod": 1143.0, "target": 1, "value": 0.80610300429114379, "supply": [{"l": "Milk - Excluding Butter", "v": 0.80610300429114379}]}, {"source": 4, "prod": 1997.0, "target": 1, "value": 6.5713422762453213, "supply": [{"l": "Maize", "v": 0.22081616587490691}, {"l": "Wheat", "v": 6.2228311608234206}, {"l": "Rye", "v": 0.016506183450460003}, {"l": "Millet", "v": 0.016506183450460003}, {"l": "Barley", "v": 0.058368979055062498}, {"l": "Sorghum", "v": 0.03631360359101201}]}, {"source": 5, "prod": 394.0, "target": 1, "value": 2.654819942013809, "supply": [{"l": "Sunflower seed", "v": 0.053904973441904758}, {"l": "Soyabeans", "v": 0.040428730081428575}, {"l": "Cottonseed", "v": 2.5604862384904759}]}, {"source": 6, "prod": 232.0, "target": 7, "value": 0.53665977703628198, "supply": [{"l": "Beer", "v": 0.06696633020903596}, {"l": "Beverages, Alcoholic", "v": 0.2217804621609796}, {"l": "Fats, Animals, Raw", "v": 0.14562765481414586}, {"l": "Butter, Ghee", "v": 0.080311125972567565}, {"l": "Wine", "v": 0.021974203879552939}]}, {"source": 3, "prod": 4615.0, "target": 7, "value": 4.7457021339116379, "supply": [{"l": "Meat, Other", "v": 0.011791712940416669}, {"l": "Eggs", "v": 0.17969196729396117}, {"l": "Mutton & Goat Meat", "v": 0.25871836543591797}, {"l": "Pigmeat", "v": 0.077664509321198866}, {"l": "Poultry Meat", "v": 0.045280177691199998}, {"l": "Milk - Excluding Butter", "v": 2.6277688486341217}, {"l": "Bovine Meat", "v": 1.4435489313372891}, {"l": "Offals, Edible", "v": 0.10123762125753313}]}, {"source": 4, "prod": 4840.0, "target": 7, "value": 16.042423603145309, "supply": [{"l": "Maize", "v": 0.38082788027701331}, {"l": "Barley", "v": 0.15653498928403126}, {"l": "Rice", "v": 0.58347400874265809}, {"l": "Cereals, Other", "v": 0.10233522301861607}, {"l": "Wheat", "v": 14.8159502651329}, {"l": "Oats", "v": 0.0033012366900920004}]}, {"source": 5, "prod": 17.0, "target": 7, "value": 0.11454806856404762, "supply": [{"l": "Sesame seed", "v": 0.11454806856404762}]}, {"source": 0, "prod": 6248.0, "target": 7, "value": 2.8632364585776759, "supply": [{"l": "Vegetables, Other", "v": 0.6933292770175179}, {"l": "Nuts", "v": 0.15698552171241509}, {"l": "Grapefruit", "v": 0.00057480165386584764}, {"l": "Tomatoes", "v": 0.29071050398440923}, {"l": "Treenuts", "v": 0.15698552171241509}, {"l": "Cocoa Beans", "v": 0.0084900333171}, {"l": "Grapes", "v": 0.31313766810158072}, {"l": "Pimento", "v": 0.011577318159681819}, {"l": "Potatoes", "v": 0.71564768643652688}, {"l": "Apples", "v": 0.011094929903028411}, {"l": "Bananas", "v": 0.00057480165386584764}, {"l": "Citrus, Other", "v": 0.00057480165386584764}, {"l": "Spices, Other", "v": 0.003859106053227273}, {"l": "Fruits, Other", "v": 0.30177086827957}, {"l": "Infant food", "v": 0.0060643095122142861}, {"l": "Oranges, Mandarines", "v": 0.0011496033077316953}, {"l": "Tea", "v": 0.011284221497411396}, {"l": "Onions", "v": 0.17894309636459593}, {"l": "Pulses, Other", "v": 0.00048238825665340913}]}, {"source": 8, "prod": 329.0, "target": 7, "value": 1.3655740189345644, "supply": [{"l": "Sugar", "v": 1.3534453999101359}, {"l": "Honey", "v": 0.012128619024428572}]}, {"source": 2, "prod": 14.0, "target": 7, "value": 0.017981298000115525, "supply": [{"l": "Freshwater Fish", "v": 0.0038312424716155243}, {"l": "Fish, Seafood", "v": 0.011005598744388889}, {"l": "Pelagic Fish", "v": 0.003144456784111111}]}, {"source": 9, "prod": 290.0, "target": 7, "value": 2.9830598757807816, "supply": [{"l": "Maize Germ Oil", "v": 0.049941372453529427}, {"l": "Soyabean Oil", "v": 0.066443739003391303}, {"l": "Sunflowerseed Oil", "v": 0.097961922889615388}, {"l": "Rape and Mustard Oil", "v": 0.014150055528500001}, {"l": "Oilcrops Oil, Other", "v": 0.010612541646375}, {"l": "Cottonseed Oil", "v": 2.7439502442593704}]}, {"source": 0, "prod": 42.0, "target": 10, "value": 0.027350220063589843, "supply": [{"l": "Grapes", "v": 0.025051013448126453}, {"l": "Fruits, Other", "v": 0.0022992066154633906}]}, {"source": 4, "prod": 209.0, "target": 10, "value": 0.67505213882376836, "supply": [{"l": "Barley", "v": 0.061022114466656251}, {"l": "Wheat", "v": 0.61403002435711207}]}, {"source": 5, "prod": 1787.0, "target": 10, "value": 12.041023442585477, "supply": [{"l": "Cottonseed", "v": 11.926475374021429}, {"l": "Rape and Mustardseed", "v": 0.013476243360476189}, {"l": "Soyabeans", "v": 0.08085746016285715}, {"l": "Oilcrops, Other", "v": 0.020214365040714288}]}, {"source": 6, "prod": 6.0, "target": 11, "value": 0.045987680467625011, "supply": [{"l": "Fats, Animals, Raw", "v": 0.045987680467625011}]}, {"source": 3, "prod": 16.0, "target": 11, "value": 0.022386739102499907, "supply": [{"l": "Offals, Edible", "v": 0.010846887991878549}, {"l": "Eggs", "v": 0.011539851110621358}]}, {"source": 4, "prod": 3.0, "target": 11, "value": 0.010480706399459489, "supply": [{"l": "Maize", "v": 0.0064004685760842587}, {"l": "Rice", "v": 0.0040802378233752313}]}, {"source": 0, "prod": 11.0, "target": 11, "value": 0.0085752990749474907, "supply": [{"l": "Potatoes", "v": 0.0085752990749474907}]}, {"source": 8, "prod": 15.0, "target": 11, "value": 0.062084651372024575, "supply": [{"l": "Sugar", "v": 0.062084651372024575}]}, {"source": 9, "prod": 49.0, "target": 11, "value": 0.5059204142171102, "supply": [{"l": "Palmkernel Oil", "v": 0.031334263280008399}, {"l": "Cottonseed Oil", "v": 0.35969385224373768}, {"l": "Palm Oil", "v": 0.11489229869336415}]}, {"source": 0, "prod": 56.0, "target": 0, "value": 0.043656068017914496, "supply": [{"l": "Potatoes", "v": 0.043656068017914496}]}, {"source": 3, "prod": 1.0, "target": 3, "value": 0.0016485501586601941, "supply": [{"l": "Eggs", "v": 0.0016485501586601941}]}, {"source": 4, "prod": 217.0, "target": 4, "value": 0.71846855084456096, "supply": [{"l": "Maize", "v": 0.016001171440210647}, {"l": "Wheat", "v": 0.64043991787784804}, {"l": "Barley", "v": 0.02122508329275}, {"l": "Rice", "v": 0.040802378233752316}]}, {"source": 5, "prod": 73.0, "target": 5, "value": 0.49188288265738089, "supply": [{"l": "Sunflower seed", "v": 0.0067381216802380947}, {"l": "Cottonseed", "v": 0.48514476097714282}]}, {"source": 0, "prod": 308.0, "target": 12, "value": 0.12969458784291141, "supply": [{"l": "Potatoes", "v": 0.0077957264317704451}, {"l": "Vegetables, Other", "v": 0.039867990771896802}, {"l": "Fruits, Other", "v": 0.028740082693292382}, {"l": "Grapes", "v": 0.034280334192173044}, {"l": "Onions", "v": 0.0092311914791259799}, {"l": "Tomatoes", "v": 0.0073673209913857132}, {"l": "Apples", "v": 0.0024119412832670456}]}, {"source": 3, "prod": 2.0, "target": 12, "value": 0.0032971003173203881, "supply": [{"l": "Eggs", "v": 0.0032971003173203881}]}, {"source": 4, "prod": 46.0, "target": 12, "value": 0.15337368251421882, "supply": [{"l": "Maize", "v": 0.0096007028641263877}, {"l": "Wheat", "v": 0.12214575753340401}, {"l": "Barley", "v": 0.0053062708231875}, {"l": "Rice", "v": 0.016320951293500925}]}, {"source": 13, "prod": 551.0, "target": 10, "value": 2.5235193455626246, "supply": [{"l": "Sugar", "v": 2.0943222396162957}, {"l": "Cottonseed Oil", "v": 0.061661803241783594}, {"l": "Beer", "v": 0.00057236179665842702}, {"l": "Fats, Animals, Raw", "v": 0.038323067056354174}, {"l": "Butter, Ghee", "v": 0.040155562986283783}, {"l": "Soyabean Oil", "v": 0.044295826002260875}, {"l": "Palm Oil", "v": 0.11489229869336415}, {"l": "Palmkernel Oil", "v": 0.031334263280008399}, {"l": "Sunflowerseed Oil", "v": 0.097961922889615388}]}, {"source": 13, "prod": 764.0, "target": 4, "value": 2.5021822675794043, "supply": [{"l": "Maize", "v": 0.0096007028641263877}, {"l": "Oats", "v": 0.0033012366900920004}, {"l": "Rice", "v": 0.03672214041037708}, {"l": "Cereals, Other", "v": 0.017055870503102678}, {"l": "Wheat", "v": 2.3240706298247686}, {"l": "Barley", "v": 0.1114316872869375}]}, {"source": 13, "prod": 4.0, "target": 5, "value": 0.026952486720952379, "supply": [{"l": "Soyabeans", "v": 0.026952486720952379}]}, {"source": 13, "prod": 37.0, "target": 1, "value": 0.054975280610832421, "supply": [{"l": "Pigmeat", "v": 0.016883588982869319}, {"l": "Milk - Excluding Butter", "v": 0.0091682756393568418}, {"l": "Fish, Seafood", "v": 0.006288913568222222}, {"l": "Pelagic Fish", "v": 0.006288913568222222}, {"l": "Poultry Meat", "v": 0.011320044422799999}, {"l": "Offals, Edible", "v": 0.0024104195537507887}, {"l": "Bovine Meat", "v": 0.002615124875611032}]}, {"source": 13, "prod": 50.0, "target": 0, "value": 0.05429056468601156, "supply": [{"l": "Oranges, Mandarines", "v": 0.00057480165386584764}, {"l": "Potatoes", "v": 0.014032307577186803}, {"l": "Nuts", "v": 0.0037377505169622644}, {"l": "Infant food", "v": 0.0060643095122142861}, {"l": "Apples", "v": 0.00048238825665340913}, {"l": "Cocoa Beans", "v": 0.0084900333171}, {"l": "Pulses, Other", "v": 0.00048238825665340913}, {"l": "Bananas", "v": 0.00057480165386584764}, {"l": "Spices, Other", "v": 0.003859106053227273}, {"l": "Tea", "v": 0.011284221497411396}, {"l": "Vegetables, Other", "v": 0.00031146867790544377}, {"l": "Treenuts", "v": 0.0037377505169622644}, {"l": "Grapes", "v": 0.00065923719600332773}]}, {"source": 6, "prod": 2.0, "target": 14, "value": 0.0044641471703358946, "supply": [{"l": "Beverages, Alcoholic", "v": 0.0034653197212653063}, {"l": "Wine", "v": 0.00099882744907058832}]}, {"source": 4, "prod": 13.0, "target": 14, "value": 0.04291607697119601, "supply": [{"l": "Wheat", "v": 0.04291607697119601}]}, {"source": 5, "prod": 20.0, "target": 14, "value": 0.13476243360476189, "supply": [{"l": "Sesame seed", "v": 0.026952486720952379}, {"l": "Groundnuts", "v": 0.10107182520357143}, {"l": "Oilcrops, Other", "v": 0.0067381216802380947}]}, {"source": 0, "prod": 808.0, "target": 14, "value": 0.42283157426263379, "supply": [{"l": "Treenuts", "v": 0.014951002067849058}, {"l": "Fruits, Other", "v": 0.1040390993497184}, {"l": "Vegetables, Other", "v": 0.048277645075343781}, {"l": "Nuts", "v": 0.014951002067849058}, {"l": "Pulses, Other", "v": 0.0014471647699602274}, {"l": "Grapes", "v": 0.15821692704079865}, {"l": "Onions", "v": 0.021657795393334029}, {"l": "Pimento", "v": 0.007718212106454546}, {"l": "Tomatoes", "v": 0.017323160168933972}, {"l": "Apples", "v": 0.034249566222392044}]}, {"source": 2, "prod": 2.0, "target": 14, "value": 0.003144456784111111, "supply": [{"l": "Pelagic Fish", "v": 0.0015722283920555555}, {"l": "Fish, Seafood", "v": 0.0015722283920555555}]}, {"source": 9, "prod": 23.0, "target": 14, "value": 0.23637024576017049, "supply": [{"l": "Cottonseed Oil", "v": 0.23637024576017049}]}, {"source": 0, "prod": 1.0, "target": 15, "value": 0.003859106053227273, "supply": [{"l": "Spices, Other", "v": 0.003859106053227273}]}, {"source": 16, "prod": 15.0, "target": 5, "value": 0.10107182520357143, "supply": [{"l": "Soyabeans", "v": 0.10107182520357143}]}, {"source": 8, "prod": 163.0, "target": 15, "value": 0.67465321157600044, "supply": [{"l": "Sugar", "v": 0.67465321157600044}]}, {"source": 16, "prod": 3.0, "target": 4, "value": 0.012240713470125692, "supply": [{"l": "Rice", "v": 0.012240713470125692}]}, {"source": 16, "prod": 2.0, "target": 1, "value": 0.003144456784111111, "supply": [{"l": "Pelagic Fish", "v": 0.0015722283920555555}, {"l": "Fish, Seafood", "v": 0.0015722283920555555}]}, {"source": 1, "prod": 20.0, "target": 2, "value": 0.027414668352448858, "supply": [{"l": "Freshwater Fish", "v": 0.0038312424716155243}, {"l": "Pelagic Fish", "v": 0.0078611419602777777}, {"l": "Fish, Seafood", "v": 0.015722283920555555}]}, {"source": 1, "prod": 5776.0, "target": 3, "value": 5.5774889776226022, "supply": [{"l": "Poultry Meat", "v": 0.045280177691199998}, {"l": "Pigmeat", "v": 0.077664509321198866}, {"l": "Bovine Meat", "v": 1.4435489313372891}, {"l": "Eggs", "v": 0.19617746888056312}, {"l": "Milk - Excluding Butter", "v": 3.4338718529252654}, {"l": "Offals, Edible", "v": 0.11208450924941168}, {"l": "Meat, Other", "v": 0.011791712940416669}, {"l": "Mutton & Goat Meat", "v": 0.25871836543591797}]}, {"source": 10, "prod": 240.0, "target": 6, "value": 0.58711160467424295, "supply": [{"l": "Fats, Animals, Raw", "v": 0.19161533528177088}, {"l": "Beer", "v": 0.06696633020903596}, {"l": "Beverages, Alcoholic", "v": 0.22524578188224492}, {"l": "Butter, Ghee", "v": 0.080311125972567565}, {"l": "Wine", "v": 0.022973031328623526}]}, {"source": 10, "prod": 362.0, "target": 9, "value": 3.7253505357580621, "supply": [{"l": "Soyabean Oil", "v": 0.066443739003391303}, {"l": "Rape and Mustard Oil", "v": 0.014150055528500001}, {"l": "Maize Germ Oil", "v": 0.049941372453529427}, {"l": "Cottonseed Oil", "v": 3.3400143422632786}, {"l": "Palmkernel Oil", "v": 0.031334263280008399}, {"l": "Oilcrops Oil, Other", "v": 0.010612541646375}, {"l": "Palm Oil", "v": 0.11489229869336415}, {"l": "Sunflowerseed Oil", "v": 0.097961922889615388}]}, {"source": 10, "prod": 507.0, "target": 8, "value": 2.1023118818825894, "supply": [{"l": "Honey", "v": 0.012128619024428572}, {"l": "Sugar", "v": 2.0901832628581607}]}, {"source": 0, "prod": 8064.5, "target": 17, "value": 21.030937932715613, "supply": [{"l": "Tomatoes", "v": 5.5228799894400007}, {"l": "Vegetables, Other", "v": 9.9352566476700019}, {"l": "Peas", "v": 0.0034866666600000002}, {"l": "Potatoes", "v": 1.7956333298999998}, {"l": "Onions", "v": 2.0606199960600002}, {"l": "Pulses, Other", "v": 0.059273333220000009}]}, {"source": 4, "prod": 13883.0, "target": 17, "value": 48.492785048773037, "supply": [{"l": "Maize", "v": 1.3667733307199998}, {"l": "Rye", "v": 0.034866666600000006}, {"l": "Barley", "v": 0.65200666541999996}, {"l": "Rice", "v": 1.0634333313}, {"l": "Wheat", "v": 44.984973247320006}, {"l": "Oats", "v": 0.0034866666600000002}, {"l": "Sorghum", "v": 0.076706666520000022}, {"l": "Cereals, Other", "v": 0.18827999964000003}, {"l": "Millet", "v": 0.034866666600000006}]}, {"source": 5, "prod": 2278.0, "target": 17, "value": 7.9426266514799986, "supply": [{"l": "Sunflower seed", "v": 0.03137999994}, {"l": "Sesame seed", "v": 0.071476666529999996}, {"l": "Cottonseed", "v": 7.7473733185200002}, {"l": "Oilcrops, Other", "v": 0.01568999997}, {"l": "Soyabeans", "v": 0.03137999994}, {"l": "Groundnuts", "v": 0.038353333260000004}, {"l": "Rape and Mustardseed", "v": 0.0069733333199999996}]}, {"source": 18, "prod": 0, "target": 0, "value": 0.0050737253602008191, "supply": "[{\"l\":'Energy for power irrigation',\"v\":0.0050737253602008191}]"}, {"source": 18, "prod": 0, "target": 4, "value": 0.0043671975432865006, "supply": "[{\"l\":'Energy for power irrigation',\"v\":0.0043671975432865006}]"}, {"source": 18, "prod": 0, "target": 5, "value": 0.0014331882163230785, "supply": "[{\"l\":'Energy for power irrigation',\"v\":0.0014331882163230785}]"}, {"source": 18, "prod": 0, "target": 10, "value": 13.6540000109232, "supply": "[{\"l\":'Electricity',\"v\":13.6540000109232}]"}, {"source": 19, "prod": 0, "target": 18, "value": 22.003455807679405, "supply": [{"l": "Coal", "v": 1.4319396463014646}, {"l": "Natural gas", "v": 18.463480374886313}, {"l": "Oil", "v": 2.108035786491627}]}, {"source": 20, "prod": 0, "target": 18, "value": 2.4581745278459191, "supply": [{"l": "Nuclear", "v": 0.0}, {"l": "Hydroelectric", "v": 2.4581745278459191}, {"l": "Renewable", "v": 0.0}]}, {"source": 19, "prod": 0, "target": 0, "value": 15.355095801338193, "supply": [{"l": "Motor Gasoline", "v": 0.17224858746326363}, {"l": "Gas-Diesel oil", "v": 3.5222179179094453}, {"l": "Natural gas (including LNG)", "v": 0.92073285578557185}, {"l": "Fuel oil", "v": 0.0052361496866183983}, {"l": "Other fossil fuels", "v": 10.734660290493295}]}, {"source": 19, "prod": 0, "target": 4, "value": 13.216863724346094, "supply": [{"l": "Motor Gasoline", "v": 0.1482625791898127}, {"l": "Gas-Diesel oil", "v": 3.0317410474509781}, {"l": "Natural gas (including LNG)", "v": 0.79251870772342325}, {"l": "Fuel oil", "v": 0.0045070039121658644}, {"l": "Other fossil fuels", "v": 9.2398343860697132}]}, {"source": 19, "prod": 0, "target": 5, "value": 4.3373932959821948, "supply": [{"l": "Motor Gasoline", "v": 0.048655500308923627}, {"l": "Gas-Diesel oil", "v": 0.99492992956757598}, {"l": "Natural gas (including LNG)", "v": 0.26008177140300487}, {"l": "Fuel oil", "v": 0.001479068632415737}, {"l": "Other fossil fuels", "v": 3.0322470260702743}]}, {"source": 21, "prod": 333.61013075676925, "target": 0, "value": 4.943320607547574, "supply": [{"l": "Potash", "v": 0.076916666728200009}, {"l": "Phosphate", "v": 0.61020833382149997}, {"l": "Nitrogen", "v": 9.9075000079259983}]}, {"source": 21, "prod": 287.15415991668596, "target": 4, "value": 4.2549519495680439, "supply": [{"l": "Potash", "v": 0.076916666728200009}, {"l": "Phosphate", "v": 0.61020833382149997}, {"l": "Nitrogen", "v": 9.9075000079259983}]}, {"source": 21, "prod": 94.235709326544793, "target": 5, "value": 1.3963524513600813, "supply": [{"l": "Potash", "v": 0.076916666728200009}, {"l": "Phosphate", "v": 0.61020833382149997}, {"l": "Nitrogen", "v": 9.9075000079259983}]}, {"source": 19, "prod": 0, "target": 21, "value": 12.53560769283431, "supply": [{"l": "Natural gas (including LNG)", "v": 8.5416727069477503}, {"l": "Fuel oil", "v": 2.2425744548244548}, {"l": "Liquefied petroleum gas (LPG)", "v": 0.8756802655310526}, {"l": "Coal", "v": 0.8756802655310526}]}, {"source": 22, "prod": 0, "target": 4, "value": 0.74836144058845211, "supply": "[{\"l\":'Labor',\"v\":0.74836144058845211}]"}, {"source": 22, "prod": 0, "target": 5, "value": 0.24559063050644586, "supply": "[{\"l\":'Labor',\"v\":0.24559063050644586}]"}, {"source": 22, "prod": 0, "target": 0, "value": 0.86943179970115558, "supply": "[{\"l\":'Labor',\"v\":0.86943179970115558}]"}, {"source": 19, "prod": 0, "target": 13, "value": 12.629840578118589, "supply": "[{\"l\":'Fossil Fuels',\"v\":12.629840578118589}]"}, {"source": 20, "prod": 0, "target": 13, "value": 0.20788849274194671, "supply": "[{\"l\":'Renewables & Nuclear',\"v\":0.20689755075580668},{\"l\":'Biomass & Waste',\"v\":0.00099094198614001487}]"}]}