{"nodes": [{"layer": 13, "name": "Milk - Excluding Butter"}, {"layer": 10, "name": "Feed", "fill": "#dbdb8d"}, {"layer": 5, "name": "Oilcrops", "fill": "#ff9896"}, {"layer": 5, "name": "Vegetables"}, {"layer": 5, "name": "Sugar Crops", "fill": "#ffbb78"}, {"layer": 5, "name": "Starchy Roots"}, {"layer": 5, "name": "Pulses"}, {"layer": 13, "name": "Fish, Seafood"}, {"layer": 5, "name": "Fruits - Excluding Wine"}, {"layer": 5, "name": "Cereals - Excluding Beer"}, {"layer": 16, "name": "Food", "fill": "#b5cf6b"}, {"layer": 5, "name": "Spices"}, {"layer": 13, "name": "Meat"}, {"layer": 5, "name": "Treenuts"}, {"layer": 13, "name": "Alcoholic Beverages"}, {"layer": 5, "name": "Others"}, {"layer": 13, "name": "Sugar & Sweeteners"}, {"layer": 13, "name": "Vegetable Oils", "fill": "#f7b6d2"}, {"layer": 13, "name": "Animal Fats"}, {"layer": 5, "name": "Stimulants"}, {"layer": 13, "name": "Eggs"}, {"layer": 10, "name": "Processing", "fill": "#9edae5"}, {"layer": 16, "name": "Biofuels & Other", "fill": "#e7ba52"}, {"name": "Waste", "fill": "#c7c7c7"}, {"layer": 2, "name": "Import", "fill": "#aec7e8"}, {"layer": 16, "name": "Export", "fill": "#aec7e8"}, {"layer": 0, "name": "Stock Draw", "fill": "#c7c7c7"}, {"layer": 16, "name": "Stock Deposit", "fill": "#c7c7c7"}, {"name": "Crop Residue", "fill": "#bd9e39"}, {"layer": 2, "name": "Electricity", "fill": "#bcbd22"}, {"layer": 0, "name": "Fossil Fuels", "fill": "#c49c94"}, {"layer": 0, "name": "Renewables & Nuclear", "fill": "#2ca02c"}, {"layer": 2, "name": "Fertilizers", "fill": "#c5b0d5"}, {"layer": 0, "name": "Labor", "fill": "#7f7f7f"}], "links": [{"source": 0, "prod": 193.0, "target": 1, "value": 0.13636110504224702, "supply": [{"l": "Milk - Excluding Butter", "v": 0.13636110504224702}]}, {"source": 2, "prod": 516.0, "target": 1, "value": 3.5843377022374905, "supply": [{"l": "Sunflower seed", "v": 0.027785563583236361}, {"l": "Cottonseed", "v": 3.5565521386542542}]}, {"source": 3, "prod": 22.0, "target": 1, "value": 0.0056733938467289913, "supply": [{"l": "Vegetables, Other", "v": 0.0056733938467289913}]}, {"source": 4, "prod": 2.0, "target": 1, "value": 0.0023244444400000001, "supply": [{"l": "Sugar beet", "v": 0.0023244444400000001}]}, {"source": 5, "prod": 2.0, "target": 1, "value": 0.0015430698536272258, "supply": [{"l": "Potatoes", "v": 0.0015430698536272258}]}, {"source": 6, "prod": 6.0, "target": 1, "value": 0.0032445987199108284, "supply": [{"l": "Pulses, Other", "v": 0.0032445987199108284}]}, {"source": 7, "prod": 2.0, "target": 1, "value": 0.0028300111056999999, "supply": [{"l": "Pelagic Fish", "v": 0.0014150055528499999}, {"l": "Fish, Seafood", "v": 0.0014150055528499999}]}, {"source": 8, "prod": 225.0, "target": 1, "value": 0.22741160670803573, "supply": [{"l": "Apples", "v": 0.22741160670803573}]}, {"source": 9, "prod": 285.0, "target": 1, "value": 0.93021698657356666, "supply": [{"l": "Maize", "v": 0.012745328466348666}, {"l": "Wheat", "v": 0.81258707709529954}, {"l": "Rye", "v": 0.025958126467898253}, {"l": "Millet", "v": 0.0032447658084872816}, {"l": "Barley", "v": 0.036744499033685485}, {"l": "Sorghum", "v": 0.038937189701847383}]}, {"source": 0, "prod": 3245.0, "target": 10, "value": 2.2927035536895937, "supply": [{"l": "Milk - Excluding Butter", "v": 2.2927035536895937}]}, {"source": 11, "prod": 4.0, "target": 10, "value": 0.010612541646375, "supply": [{"l": "Pimento", "v": 0.010612541646375}]}, {"source": 12, "prod": 703.0, "target": 10, "value": 1.7399691645460187, "supply": [{"l": "Meat, Other", "v": 0.0021769316197692307}, {"l": "Mutton & Goat Meat", "v": 0.22831658828139692}, {"l": "Pigmeat", "v": 0.041414796668780479}, {"l": "Bovine Meat", "v": 1.3299752237623395}, {"l": "Poultry Meat", "v": 0.048980961444807687}, {"l": "Offals, Edible", "v": 0.089104662768924925}]}, {"source": 13, "prod": 14.0, "target": 10, "value": 0.049525194349750008, "supply": [{"l": "Treenuts", "v": 0.049525194349750008}]}, {"source": 3, "prod": 2578.0, "target": 10, "value": 0.65527045951965091, "supply": [{"l": "Tomatoes", "v": 0.1787798468315486}, {"l": "Vegetables, Other", "v": 0.35742381234392645}, {"l": "Onions", "v": 0.11906680034417583}]}, {"source": 14, "prod": 179.0, "target": 10, "value": 0.20659705389612898, "supply": [{"l": "Beer", "v": 0.059273734909707373}, {"l": "Beverages, Alcoholic", "v": 0.10775811517857693}, {"l": "Wine", "v": 0.039565203807844659}]}, {"source": 15, "prod": 19.0, "target": 10, "value": 0.070750277642500012, "supply": [{"l": "Nuts", "v": 0.049525194349750008}, {"l": "Infant food", "v": 0.02122508329275}]}, {"source": 5, "prod": 630.0, "target": 10, "value": 0.48606700389257618, "supply": [{"l": "Potatoes", "v": 0.48606700389257618}]}, {"source": 7, "prod": 14.0, "target": 10, "value": 0.016388721030023881, "supply": [{"l": "Freshwater Fish", "v": 0.0050686766072238808}, {"l": "Fish, Seafood", "v": 0.0099050388699500006}, {"l": "Pelagic Fish", "v": 0.0014150055528499999}]}, {"source": 16, "prod": 360.0, "target": 10, "value": 1.4815943234363411, "supply": [{"l": "Sugar", "v": 1.4682895012522517}, {"l": "Honey", "v": 0.009988274490705884}, {"l": "Sweeteners, Other", "v": 0.0033165476933836608}]}, {"source": 8, "prod": 622.0, "target": 10, "value": 0.37861374112486357, "supply": [{"l": "Citrus, Other", "v": 0.0006588717651851442}, {"l": "Grapefruit", "v": 0.0006588717651851442}, {"l": "Grapes", "v": 0.20820347779850554}, {"l": "Apples", "v": 0.010107182520357146}, {"l": "Fruits, Other", "v": 0.15898533727563061}]}, {"source": 9, "prod": 4498.0, "target": 10, "value": 14.87802336856517, "supply": [{"l": "Maize", "v": 0.61496209850132322}, {"l": "Barley", "v": 0.4566816308472339}, {"l": "Rice", "v": 0.86444399669879179}, {"l": "Wheat", "v": 12.941935642517821}]}, {"source": 17, "prod": 306.0, "target": 10, "value": 3.1537033212592998, "supply": [{"l": "Soyabean Oil", "v": 0.063675249878250004}, {"l": "Sunflowerseed Oil", "v": 0.12735049975650001}, {"l": "Rape and Mustard Oil", "v": 0.031837624939125002}, {"l": "Oilcrops Oil, Other", "v": 0.027289392804964289}, {"l": "Maize Germ Oil", "v": 0.069335272089650013}, {"l": "Cottonseed Oil", "v": 2.8342152817908106}]}, {"source": 18, "prod": 24.0, "target": 10, "value": 0.19399915921674482, "supply": [{"l": "Fats, Animals, Raw", "v": 0.10716927301913115}, {"l": "Butter, Ghee", "v": 0.086829886197613657}]}, {"source": 19, "prod": 7.0, "target": 10, "value": 0.011705955028122727, "supply": [{"l": "Cocoa Beans", "v": 0.0070750277642500003}, {"l": "Tea", "v": 0.0046309272638727274}]}, {"source": 20, "prod": 57.0, "target": 10, "value": 0.088885450850455114, "supply": [{"l": "Eggs", "v": 0.088885450850455114}]}, {"source": 2, "prod": 13.0, "target": 10, "value": 0.090303081645518188, "supply": [{"l": "Sesame seed", "v": 0.090303081645518188}]}, {"source": 9, "prod": 26.0, "target": 21, "value": 0.075025708185228801, "supply": [{"l": "Barley", "v": 0.041993713181354836}, {"l": "Wheat", "v": 0.033031995003873972}]}, {"source": 3, "prod": 70.0, "target": 21, "value": 0.018051707694137699, "supply": [{"l": "Vegetables, Other", "v": 0.018051707694137699}]}, {"source": 2, "prod": 1477.0, "target": 21, "value": 10.259819353110027, "supply": [{"l": "Cottonseed", "v": 10.072266798923181}, {"l": "Rape and Mustardseed", "v": 0.0069463908958090903}, {"l": "Groundnuts", "v": 0.0069463908958090903}, {"l": "Soyabeans", "v": 0.10419586343713635}, {"l": "Oilcrops, Other", "v": 0.069463908958090903}]}, {"source": 8, "prod": 91.0, "target": 21, "value": 0.059957330631848119, "supply": [{"l": "Grapes", "v": 0.059957330631848119}]}, {"source": 9, "prod": 2.0, "target": 22, "value": 0.0081168450394252748, "supply": [{"l": "Rice", "v": 0.0081168450394252748}]}, {"source": 17, "prod": 10.0, "target": 22, "value": 0.10306237388330222, "supply": [{"l": "Cottonseed Oil", "v": 0.10306237388330222}]}, {"source": 12, "prod": 1.0, "target": 22, "value": 0.0012206118187523963, "supply": [{"l": "Offals, Edible", "v": 0.0012206118187523963}]}, {"source": 18, "prod": 1.0, "target": 22, "value": 0.0076549480727950824, "supply": [{"l": "Fats, Animals, Raw", "v": 0.0076549480727950824}]}, {"source": 5, "prod": 58.0, "target": 5, "value": 0.044749025755189555, "supply": [{"l": "Potatoes", "v": 0.044749025755189555}]}, {"source": 9, "prod": 278.0, "target": 9, "value": 0.91818323057284756, "supply": [{"l": "Maize", "v": 0.022304324816110169}, {"l": "Wheat", "v": 0.7101878925832904}, {"l": "Barley", "v": 0.076113605141205645}, {"l": "Rice", "v": 0.10957740803224121}]}, {"source": 20, "prod": 1.0, "target": 20, "value": 0.0015593938745693881, "supply": [{"l": "Eggs", "v": 0.0015593938745693881}]}, {"source": 6, "prod": 1.0, "target": 6, "value": 0.00054076645331847144, "supply": [{"l": "Pulses, Other", "v": 0.00054076645331847144}]}, {"source": 2, "prod": 77.0, "target": 2, "value": 0.53487209897729993, "supply": [{"l": "Cottonseed", "v": 0.52792570808149086}, {"l": "Oilcrops, Other", "v": 0.0069463908958090903}]}, {"source": 5, "prod": 7.0, "target": 23, "value": 0.0054007444876952903, "supply": [{"l": "Potatoes", "v": 0.0054007444876952903}]}, {"source": 9, "prod": 50.0, "target": 23, "value": 0.16666273507945453, "supply": [{"l": "Maize", "v": 0.012745328466348666}, {"l": "Wheat", "v": 0.10570238401239671}, {"l": "Barley", "v": 0.015747642443008063}, {"l": "Rice", "v": 0.032467380157701099}]}, {"source": 20, "prod": 1.0, "target": 23, "value": 0.0015593938745693881, "supply": [{"l": "Eggs", "v": 0.0015593938745693881}]}, {"source": 3, "prod": 146.0, "target": 23, "value": 0.038480104702371939, "supply": [{"l": "Vegetables, Other", "v": 0.029140613849108002}, {"l": "Onions", "v": 0.0058258984877884203}, {"l": "Tomatoes", "v": 0.0035135923654755212}]}, {"source": 8, "prod": 70.0, "target": 23, "value": 0.045993040456095625, "supply": [{"l": "Fruits, Other", "v": 0.007029963893140128}, {"l": "Grapes", "v": 0.034920203554812644}, {"l": "Apples", "v": 0.0040428730081428577}]}, {"source": 24, "prod": 5.0, "target": 15, "value": 0.02122508329275, "supply": [{"l": "Infant food", "v": 0.02122508329275}]}, {"source": 24, "prod": 237.0, "target": 1, "value": 0.47028832984586322, "supply": [{"l": "Pigmeat", "v": 0.0041414796668780484}, {"l": "Milk - Excluding Butter", "v": 0.045218190273076733}, {"l": "Pelagic Fish", "v": 0.0028300111056999999}, {"l": "Fish, Seafood", "v": 0.0028300111056999999}, {"l": "Bovine Meat", "v": 0.38409893495690356}, {"l": "Poultry Meat", "v": 0.031169702737604891}]}, {"source": 24, "prod": 1915.0, "target": 9, "value": 6.3497539430692456, "supply": [{"l": "Maize", "v": 0.0031863321165871666}, {"l": "Barley", "v": 0.0026246070738346772}, {"l": "Rice", "v": 0.13392794315051706}, {"l": "Wheat", "v": 6.2100150607283071}]}, {"source": 24, "prod": 348.0, "target": 21, "value": 1.5599768582489122, "supply": [{"l": "Rape and Mustard Oil", "v": 0.02122508329275}, {"l": "Beer", "v": 0.015258585224281107}, {"l": "Beverages, Alcoholic", "v": 0.0035919371726192313}, {"l": "Sugar", "v": 1.1746316010018014}, {"l": "Butter, Ghee", "v": 0.052097931718568177}, {"l": "Sweeteners, Other", "v": 0.0066330953867673216}, {"l": "Soyabean Oil", "v": 0.15918812469562502}, {"l": "Sunflowerseed Oil", "v": 0.12735049975650001}]}, {"source": 24, "prod": 1.0, "target": 3, "value": 0.00025788153848768143, "supply": [{"l": "Vegetables, Other", "v": 0.00025788153848768143}]}, {"source": 24, "prod": 7.0, "target": 19, "value": 0.011705955028122727, "supply": [{"l": "Cocoa Beans", "v": 0.0070750277642500003}, {"l": "Tea", "v": 0.0046309272638727274}]}, {"source": 24, "prod": 1.0, "target": 8, "value": 0.0010107182520357144, "supply": [{"l": "Apples", "v": 0.0010107182520357144}]}, {"source": 24, "prod": 15.0, "target": 2, "value": 0.10419586343713635, "supply": [{"l": "Soyabeans", "v": 0.10419586343713635}]}, {"source": 24, "prod": 165.0, "target": 5, "value": 0.12730326292424615, "supply": [{"l": "Potatoes", "v": 0.12730326292424615}]}, {"source": 2, "prod": 2.0, "target": 25, "value": 0.013892781791618181, "supply": [{"l": "Cottonseed", "v": 0.013892781791618181}]}, {"source": 3, "prod": 155.0, "target": 25, "value": 0.044931464954356945, "supply": [{"l": "Vegetables, Other", "v": 0.013409840001359434}, {"l": "Onions", "v": 0.023667712606640457}, {"l": "Tomatoes", "v": 0.0078539123463570483}]}, {"source": 7, "prod": 2.0, "target": 25, "value": 0.0022597849873873133, "supply": [{"l": "Fish, Seafood", "v": 0.0014150055528499999}, {"l": "Freshwater Fish", "v": 0.00084477943453731361}]}, {"source": 14, "prod": 8.0, "target": 25, "value": 0.0093618627279299094, "supply": [{"l": "Beverages, Alcoholic", "v": 0.0035919371726192313}, {"l": "Wine", "v": 0.0057699255553106789}]}, {"source": 8, "prod": 82.0, "target": 25, "value": 0.062917057740818266, "supply": [{"l": "Fruits, Other", "v": 0.015682227146235669}, {"l": "Apples", "v": 0.035375138821250006}, {"l": "Grapes", "v": 0.011859691773332594}]}, {"source": 17, "prod": 18.0, "target": 25, "value": 0.18918792408648133, "supply": [{"l": "Soyabean Oil", "v": 0.12735049975650001}, {"l": "Cottonseed Oil", "v": 0.061837424329981329}]}, {"source": 26, "prod": 18.0, "target": 5, "value": 0.013887628682645035, "supply": [{"l": "Potatoes", "v": 0.013887628682645035}]}, {"source": 9, "prod": 283.0, "target": 27, "value": 0.99748896921362828, "supply": [{"l": "Wheat", "v": 0.6606399000774793}, {"l": "Rice", "v": 0.33684906913614898}]}, {"source": 2, "prod": 7.0, "target": 27, "value": 0.048624736270663639, "supply": [{"l": "Groundnuts", "v": 0.048624736270663639}]}, {"source": 16, "prod": 2.0, "target": 27, "value": 0.0066330953867673216, "supply": [{"l": "Sweeteners, Other", "v": 0.0066330953867673216}]}, {"source": 26, "prod": 105.0, "target": 21, "value": 0.61775686018230558, "supply": [{"l": "Cottonseed Oil", "v": 0.30918712164990664}, {"l": "Beverages, Alcoholic", "v": 0.010775811517857692}, {"l": "Sugar", "v": 0.29779392701454122}]}, {"source": 26, "prod": 101.0, "target": 9, "value": 0.30440606744997667, "supply": [{"l": "Maize", "v": 0.22304324816110166}, {"l": "Barley", "v": 0.08136281928887501}]}, {"source": 1, "prod": 3438.0, "target": 0, "value": 2.4290646587318405, "supply": [{"l": "Milk - Excluding Butter", "v": 2.4290646587318405}]}, {"source": 1, "prod": 58.0, "target": 20, "value": 0.090444844725024495, "supply": [{"l": "Eggs", "v": 0.092004238599593877}]}, {"source": 1, "prod": 704.0, "target": 12, "value": 1.741189776364771, "supply": [{"l": "Pigmeat", "v": 0.041414796668780479}, {"l": "Bovine Meat", "v": 1.3299752237623395}, {"l": "Poultry Meat", "v": 0.048980961444807687}, {"l": "Offals, Edible", "v": 0.090325274587677321}, {"l": "Meat, Other", "v": 0.0021769316197692307}, {"l": "Mutton & Goat Meat", "v": 0.22831658828139692}]}, {"source": 1, "prod": 18.0, "target": 7, "value": 0.021478517123111197, "supply": [{"l": "Freshwater Fish", "v": 0.0059134560417611944}, {"l": "Pelagic Fish", "v": 0.0028300111056999999}, {"l": "Fish, Seafood", "v": 0.012735049975650002}]}, {"source": 21, "prod": 362.0, "target": 16, "value": 1.4882274188231084, "supply": [{"l": "Honey", "v": 0.009988274490705884}, {"l": "Sweeteners, Other", "v": 0.0099496430801509824}, {"l": "Sugar", "v": 1.4682895012522517}]}, {"source": 21, "prod": 334.0, "target": 17, "value": 3.4459536192290834, "supply": [{"l": "Soyabean Oil", "v": 0.19102574963475}, {"l": "Rape and Mustard Oil", "v": 0.031837624939125002}, {"l": "Maize Germ Oil", "v": 0.069335272089650013}, {"l": "Cottonseed Oil", "v": 2.9991150800040942}, {"l": "Oilcrops Oil, Other", "v": 0.027289392804964289}, {"l": "Sunflowerseed Oil", "v": 0.12735049975650001}]}, {"source": 21, "prod": 25.0, "target": 18, "value": 0.20165410728953989, "supply": [{"l": "Fats, Animals, Raw", "v": 0.11482422109192623}, {"l": "Butter, Ghee", "v": 0.086829886197613657}]}, {"source": 21, "prod": 187.0, "target": 14, "value": 0.21595891662405889, "supply": [{"l": "Beer", "v": 0.059273734909707373}, {"l": "Beverages, Alcoholic", "v": 0.11135005235119616}, {"l": "Wine", "v": 0.045335129363155341}]}, {"source": 2, "prod": 2085.0, "target": 28, "value": 7.2696999861000009, "supply": [{"l": "Sunflower seed", "v": 0.01568999997}, {"l": "Sesame seed", "v": 0.045326666580000008}, {"l": "Soyabeans", "v": 0.026149999949999999}, {"l": "Oilcrops, Other", "v": 0.038353333259999997}, {"l": "Cottonseed", "v": 7.1127999863999998}, {"l": "Groundnuts", "v": 0.027893333280000002}, {"l": "Rape and Mustardseed", "v": 0.0034866666600000002}]}, {"source": 3, "prod": 2970.5, "target": 28, "value": 10.306321135368156, "supply": [{"l": "Tomatoes", "v": 3.2077333272000006}, {"l": "Vegetables, Other", "v": 5.7268499890500006}, {"l": "Onions", "v": 1.42255999728}]}, {"source": 4, "prod": 0.80000000000000004, "target": 28, "value": 0.00092977777600000006, "supply": [{"l": "Sugar beet", "v": 0.00092977777600000006}]}, {"source": 5, "prod": 302.75, "target": 28, "value": 1.0555883313150001, "supply": [{"l": "Potatoes", "v": 1.0555883313150001}]}, {"source": 6, "prod": 7.0, "target": 28, "value": 0.024406666620000003, "supply": [{"l": "Pulses, Other", "v": 0.024406666620000003}]}, {"source": 9, "prod": 8831.0, "target": 28, "value": 31.487644311136325, "supply": [{"l": "Maize", "v": 1.2028999977000001}, {"l": "Rye", "v": 0.055786666560000003}, {"l": "Barley", "v": 1.55505333036}, {"l": "Rice", "v": 2.2070599957800003}, {"l": "Wheat", "v": 25.672326617580001}, {"l": "Sorghum", "v": 0.087166666500000003}, {"l": "Millet", "v": 0.010459999980000002}]}, {"source": 29, "prod": 0, "target": 2, "value": 0.00201086666827536, "supply": "[{\"l\":'Energy for power irrigation',\"v\":0.00201086666827536}]"}, {"source": 29, "prod": 0, "target": 13, "value": 1.3502222233023998e-05, "supply": "[{\"l\":'Energy for power irrigation',\"v\":1.3502222233023998e-05}]"}, {"source": 29, "prod": 0, "target": 3, "value": 0.0028648822245141278, "supply": "[{\"l\":'Energy for power irrigation',\"v\":0.0028648822245141278}]"}, {"source": 29, "prod": 0, "target": 4, "value": 1.9288888904319995e-06, "supply": "[{\"l\":'Energy for power irrigation',\"v\":1.9288888904319995e-06}]"}, {"source": 29, "prod": 0, "target": 5, "value": 0.00058397111157828792, "supply": "[{\"l\":'Energy for power irrigation',\"v\":0.00058397111157828792}]"}, {"source": 29, "prod": 0, "target": 6, "value": 6.7511111165119989e-06, "supply": "[{\"l\":'Energy for power irrigation',\"v\":6.7511111165119989e-06}]"}, {"source": 29, "prod": 0, "target": 15, "value": 1.5913333346063997e-05, "supply": "[{\"l\":'Energy for power irrigation',\"v\":1.5913333346063997e-05}]"}, {"source": 29, "prod": 0, "target": 9, "value": 0.0042585044478512472, "supply": "[{\"l\":'Energy for power irrigation',\"v\":0.0042585044478512472}]"}, {"source": 29, "prod": 0, "target": 11, "value": 3.857777780863999e-06, "supply": "[{\"l\":'Energy for power irrigation',\"v\":3.857777780863999e-06}]"}, {"source": 29, "prod": 0, "target": 8, "value": 0.0011105577786662238, "supply": "[{\"l\":'Energy for power irrigation',\"v\":0.0011105577786662238}]"}, {"source": 29, "prod": 0, "target": 21, "value": 12.740000010191999, "supply": "[{\"l\":'Electricity',\"v\":12.740000010191999}]"}, {"source": 30, "prod": 0, "target": 29, "value": 23.026218788070672, "supply": [{"l": "Coal", "v": 1.3151531534377994}, {"l": "Natural gas", "v": 17.966158221613668}, {"l": "Oil", "v": 3.7449074130192064}]}, {"source": 31, "prod": 0, "target": 29, "value": 1.8318204637169344, "supply": [{"l": "Nuclear", "v": 0.0}, {"l": "Hydroelectric", "v": 1.8318204637169344}, {"l": "Renewable", "v": 0.0}]}, {"source": 30, "prod": 0, "target": 2, "value": 6.9152808869732336, "supply": [{"l": "Motor Gasoline", "v": 0.075093902499099502}, {"l": "Gas-Diesel oil", "v": 2.2176304526240673}, {"l": "Natural gas (including LNG)", "v": 0.39234368102340933}, {"l": "Fuel oil", "v": 0.0020752402086077161}, {"l": "Other fossil fuels", "v": 4.2281376106180497}]}, {"source": 30, "prod": 0, "target": 13, "value": 0.046433540727877823, "supply": [{"l": "Motor Gasoline", "v": 0.00050422764267980477}, {"l": "Gas-Diesel oil", "v": 0.014890564190281506}, {"l": "Natural gas (including LNG)", "v": 0.0026344419828909977}, {"l": "Fuel oil", "v": 1.3934466628541019e-05}, {"l": "Other fossil fuels", "v": 0.028390372445396973}]}, {"source": 30, "prod": 0, "target": 3, "value": 9.8522023380115069, "supply": [{"l": "Motor Gasoline", "v": 0.10698630089859716}, {"l": "Gas-Diesel oil", "v": 3.1594586376593727}, {"l": "Natural gas (including LNG)", "v": 0.55897213644126498}, {"l": "Fuel oil", "v": 0.0029565952228629358}, {"l": "Other fossil fuels", "v": 6.0238286677894086}]}, {"source": 30, "prod": 0, "target": 4, "value": 0.0066333629611254035, "supply": [{"l": "Motor Gasoline", "v": 7.2032520382829253e-05}, {"l": "Gas-Diesel oil", "v": 0.0021272234557545011}, {"l": "Natural gas (including LNG)", "v": 0.00037634885469871397}, {"l": "Fuel oil", "v": 1.9906380897915739e-06}, {"l": "Other fossil fuels", "v": 0.0040557674921995676}]}, {"source": 30, "prod": 0, "target": 5, "value": 2.008250636480716, "supply": [{"l": "Motor Gasoline", "v": 0.021807845545901556}, {"l": "Gas-Diesel oil", "v": 0.64401690122967514}, {"l": "Natural gas (including LNG)", "v": 0.11393961576003565}, {"l": "Fuel oil", "v": 0.00060266568168439909}, {"l": "Other fossil fuels", "v": 1.227883608263419}]}, {"source": 30, "prod": 0, "target": 6, "value": 0.023216770363938911, "supply": [{"l": "Motor Gasoline", "v": 0.00025211382133990238}, {"l": "Gas-Diesel oil", "v": 0.007445282095140753}, {"l": "Natural gas (including LNG)", "v": 0.0013172209914454989}, {"l": "Fuel oil", "v": 6.9672333142705096e-06}, {"l": "Other fossil fuels", "v": 0.014195186222698487}]}, {"source": 30, "prod": 0, "target": 15, "value": 0.054725244429284579, "supply": [{"l": "Motor Gasoline", "v": 0.00059426829315834136}, {"l": "Gas-Diesel oil", "v": 0.017549593509974634}, {"l": "Natural gas (including LNG)", "v": 0.00310487805126439}, {"l": "Fuel oil", "v": 1.6422764240780485e-05}, {"l": "Other fossil fuels", "v": 0.033460081810646435}]}, {"source": 30, "prod": 0, "target": 9, "value": 14.644807077424609, "supply": [{"l": "Motor Gasoline", "v": 0.15902979687519128}, {"l": "Gas-Diesel oil", "v": 4.6963775844419997}, {"l": "Natural gas (including LNG)", "v": 0.83088418396108576}, {"l": "Fuel oil", "v": 0.0043948312427373477}, {"l": "Other fossil fuels", "v": 8.9541206809035945}]}, {"source": 30, "prod": 0, "target": 11, "value": 0.013266725922250807, "supply": [{"l": "Motor Gasoline", "v": 0.00014406504076565851}, {"l": "Gas-Diesel oil", "v": 0.0042544469115090022}, {"l": "Natural gas (including LNG)", "v": 0.00075269770939742793}, {"l": "Fuel oil", "v": 3.9812761795831479e-06}, {"l": "Other fossil fuels", "v": 0.0081115349843991352}]}, {"source": 30, "prod": 0, "target": 8, "value": 3.8191587248679513, "supply": [{"l": "Motor Gasoline", "v": 0.041472723610413945}, {"l": "Gas-Diesel oil", "v": 1.2247489046506539}, {"l": "Natural gas (including LNG)", "v": 0.21668285309278457}, {"l": "Fuel oil", "v": 0.0011461098801974988}, {"l": "Other fossil fuels", "v": 2.3351081336339012}]}, {"source": 32, "prod": 82.290465631929052, "target": 2, "value": 0.89870999702347654, "supply": [{"l": "Potash", "v": 0.19229166682049997}, {"l": "Phosphate", "v": 0.63125000050499991}, {"l": "Nitrogen", "v": 4.0363888921179996}]}, {"source": 32, "prod": 0.55254988913525493, "target": 13, "value": 0.0060345035771360526, "supply": [{"l": "Potash", "v": 0.19229166682049997}, {"l": "Phosphate", "v": 0.63125000050499991}, {"l": "Nitrogen", "v": 4.0363888921179996}]}, {"source": 32, "prod": 117.23924611973393, "target": 3, "value": 1.2803923482773321, "supply": [{"l": "Potash", "v": 0.19229166682049997}, {"l": "Phosphate", "v": 0.63125000050499991}, {"l": "Nitrogen", "v": 4.0363888921179996}]}, {"source": 32, "prod": 0.078935698447893568, "target": 4, "value": 0.0008620719395908647, "supply": [{"l": "Potash", "v": 0.19229166682049997}, {"l": "Phosphate", "v": 0.63125000050499991}, {"l": "Nitrogen", "v": 4.0363888921179996}]}, {"source": 32, "prod": 23.897782705099779, "target": 5, "value": 0.26099227971113431, "supply": [{"l": "Potash", "v": 0.19229166682049997}, {"l": "Phosphate", "v": 0.63125000050499991}, {"l": "Nitrogen", "v": 4.0363888921179996}]}, {"source": 32, "prod": 0.27627494456762747, "target": 6, "value": 0.0030172517885680263, "supply": [{"l": "Potash", "v": 0.19229166682049997}, {"l": "Phosphate", "v": 0.63125000050499991}, {"l": "Nitrogen", "v": 4.0363888921179996}]}, {"source": 32, "prod": 0.65121951219512197, "target": 15, "value": 0.0071120935016246341, "supply": [{"l": "Potash", "v": 0.19229166682049997}, {"l": "Phosphate", "v": 0.63125000050499991}, {"l": "Nitrogen", "v": 4.0363888921179996}]}, {"source": 32, "prod": 174.27028824833701, "target": 9, "value": 1.9032393246317314, "supply": [{"l": "Potash", "v": 0.19229166682049997}, {"l": "Phosphate", "v": 0.63125000050499991}, {"l": "Nitrogen", "v": 4.0363888921179996}]}, {"source": 32, "prod": 0.15787139689578714, "target": 11, "value": 0.0017241438791817294, "supply": [{"l": "Potash", "v": 0.19229166682049997}, {"l": "Phosphate", "v": 0.63125000050499991}, {"l": "Nitrogen", "v": 4.0363888921179996}]}, {"source": 32, "prod": 45.447228381374721, "target": 8, "value": 0.49633791921944037, "supply": [{"l": "Potash", "v": 0.19229166682049997}, {"l": "Phosphate", "v": 0.63125000050499991}, {"l": "Nitrogen", "v": 4.0363888921179996}]}, {"source": 30, "prod": 0, "target": 32, "value": 5.8967981179345372, "supply": [{"l": "Natural gas (including LNG)", "v": 3.9827951664104226}, {"l": "Fuel oil", "v": 1.2004856981284424}, {"l": "Liquefied petroleum gas (LPG)", "v": 0.35675862669783626}, {"l": "Coal", "v": 0.35675862669783626}]}, {"source": 33, "prod": 0, "target": 5, "value": 0.096408306366902272, "supply": "[{\"l\":'Labor',\"v\":0.096408306366902272}]"}, {"source": 33, "prod": 0, "target": 2, "value": 0.33197575355077003, "supply": "[{\"l\":'Labor',\"v\":0.33197575355077003}]"}, {"source": 33, "prod": 0, "target": 13, "value": 0.0022290937888301103, "supply": "[{\"l\":'Labor',\"v\":0.0022290937888301103}]"}, {"source": 33, "prod": 0, "target": 19, "value": 0.00055727344720752758, "supply": "[{\"l\":'Labor',\"v\":0.00055727344720752758}]"}, {"source": 33, "prod": 0, "target": 3, "value": 0.47296593569427453, "supply": "[{\"l\":'Labor',\"v\":0.47296593569427453}]"}, {"source": 33, "prod": 0, "target": 4, "value": 0.0003184419698328729, "supply": "[{\"l\":'Labor',\"v\":0.0003184419698328729}]"}, {"source": 33, "prod": 0, "target": 15, "value": 0.0026271462511212014, "supply": "[{\"l\":'Labor',\"v\":0.0026271462511212014}]"}, {"source": 33, "prod": 0, "target": 6, "value": 0.0011145468944150552, "supply": "[{\"l\":'Labor',\"v\":0.0011145468944150552}]"}, {"source": 33, "prod": 0, "target": 9, "value": 0.70304025889852517, "supply": "[{\"l\":'Labor',\"v\":0.70304025889852517}]"}, {"source": 33, "prod": 0, "target": 8, "value": 0.18334296413127657, "supply": "[{\"l\":'Labor',\"v\":0.18334296413127657}]"}, {"source": 33, "prod": 0, "target": 11, "value": 0.0006368839396657458, "supply": "[{\"l\":'Labor',\"v\":0.0006368839396657458}]"}, {"source": 30, "prod": 0, "target": 24, "value": 34.929754574417046, "supply": "[{\"l\":'Fossil Fuels',\"v\":34.929754574417046}]"}, {"source": 31, "prod": 0, "target": 24, "value": 0.4543729742557423, "supply": "[{\"l\":'Renewables & Nuclear',\"v\":0.45112829140072436},{\"l\":'Biomass & Waste',\"v\":0.0032446828550179441}]"}]}