{"nodes": [{"layer": 5, "name": "Fruits, Roots & Vegetables", "fill": "#98df8a"}, {"layer": 10, "name": "Feed", "fill": "#dbdb8d"}, {"layer": 5, "name": "Sugar Crops", "fill": "#ffbb78"}, {"layer": 13, "name": "Animal Products", "fill": "#17becf"}, {"layer": 5, "name": "Cereals", "fill": "#e7ba52"}, {"layer": 5, "name": "Oilcrops", "fill": "#ff9896"}, {"layer": 13, "name": "Other Processed", "fill": "#9c9ede"}, {"layer": 16, "name": "Food", "fill": "#b5cf6b"}, {"layer": 13, "name": "Sugar", "fill": "#d6616b"}, {"layer": 13, "name": "Aquatic Products", "fill": "#1f77b4"}, {"layer": 13, "name": "Vegetable Oils", "fill": "#f7b6d2"}, {"layer": 10, "name": "Processing", "fill": "#9edae5"}, {"layer": 16, "name": "Biofuels & Other", "fill": "#e7ba52"}, {"name": "Seed", "fill": "#dbdb8d"}, {"name": "Waste", "fill": "#c7c7c7"}, {"layer": 0, "name": "Import", "fill": "#aec7e8"}, {"layer": 16, "name": "Export", "fill": "#aec7e8"}, {"layer": 16, "name": "Stock Deposit", "fill": "#c7c7c7"}, {"layer": 0, "name": "Production", "fill": "#b5cf6b"}], "links": [{"source": 0, "prod": 0.41277055247020317, "target": 1, "value": 938.0, "supply": [{"l": "Vegetables, Other", "v": 694.0}, {"l": "Potatoes", "v": 1.0}, {"l": "Apples", "v": 238.0}, {"l": "Pulses, Other", "v": 5.0}]}, {"source": 2, "prod": 0.012784444420000001, "target": 1, "value": 11.0, "supply": [{"l": "Sugar beet", "v": 11.0}]}, {"source": 3, "prod": 0.31387102582331, "target": 1, "value": 450.0, "supply": [{"l": "Milk - Excluding Butter", "v": 450.0}]}, {"source": 4, "prod": 2.240251365406063, "target": 1, "value": 706.0, "supply": [{"l": "Maize", "v": 209.0}, {"l": "Wheat", "v": 393.0}, {"l": "Rye", "v": 7.0}, {"l": "Barley", "v": 85.0}, {"l": "Sorghum", "v": 12.0}]}, {"source": 5, "prod": 2.054218930854848, "target": 1, "value": 318.0, "supply": [{"l": "Sunflower seed", "v": 4.0}, {"l": "Cottonseed", "v": 314.0}]}, {"source": 6, "prod": 0.4444715620960325, "target": 7, "value": 195.0, "supply": [{"l": "Fats, Animals, Raw", "v": 14.0}, {"l": "Beer", "v": 81.0}, {"l": "Beverages, Alcoholic", "v": 13.0}, {"l": "Butter, Ghee", "v": 23.0}, {"l": "Wine", "v": 64.0}]}, {"source": 3, "prod": 3.8344721071949341, "target": 7, "value": 3889.0, "supply": [{"l": "Pigmeat", "v": 36.0}, {"l": "Bovine Meat", "v": 353.0}, {"l": "Milk - Excluding Butter", "v": 3211.0}, {"l": "Meat, Other", "v": 3.0}, {"l": "Poultry Meat", "v": 68.0}, {"l": "Offals, Edible", "v": 54.0}, {"l": "Mutton & Goat Meat", "v": 68.0}, {"l": "Eggs", "v": 96.0}]}, {"source": 4, "prod": 14.889834602011197, "target": 7, "value": 4478.0, "supply": [{"l": "Maize", "v": 174.0}, {"l": "Barley", "v": 132.0}, {"l": "Rice", "v": 283.0}, {"l": "Wheat", "v": 3889.0}]}, {"source": 5, "prod": 0.064598079586630441, "target": 7, "value": 10.0, "supply": [{"l": "Sesame seed", "v": 10.0}]}, {"source": 0, "prod": 1.773762505574376, "target": 7, "value": 4454.0, "supply": [{"l": "Grapes", "v": 266.0}, {"l": "Potatoes", "v": 581.0}, {"l": "Nuts", "v": 13.0}, {"l": "Citrus, Other", "v": 1.0}, {"l": "Lemons, Limes", "v": 1.0}, {"l": "Tomatoes", "v": 1246.0}, {"l": "Treenuts", "v": 13.0}, {"l": "Tea", "v": 6.0}, {"l": "Fruits, Other", "v": 254.0}, {"l": "Vegetables, Other", "v": 1504.0}, {"l": "Grapefruit", "v": 1.0}, {"l": "Infant food", "v": 5.0}, {"l": "Oranges, Mandarines", "v": 1.0}, {"l": "Pimento", "v": 3.0}, {"l": "Onions", "v": 549.0}, {"l": "Apples", "v": 10.0}]}, {"source": 8, "prod": 1.1414603207824952, "target": 7, "value": 276.0, "supply": [{"l": "Sugar", "v": 268.0}, {"l": "Honey", "v": 8.0}]}, {"source": 9, "prod": 0.054858676818184612, "target": 7, "value": 56.0, "supply": [{"l": "Freshwater Fish", "v": 28.0}, {"l": "Fish, Seafood", "v": 28.0}]}, {"source": 10, "prod": 2.6577981209691055, "target": 7, "value": 258.0, "supply": [{"l": "Groundnut Oil", "v": 4.0}, {"l": "Soyabean Oil", "v": 2.0}, {"l": "Maize Germ Oil", "v": 3.0}, {"l": "Cottonseed Oil", "v": 249.0}]}, {"source": 0, "prod": 0.094825711913591432, "target": 11, "value": 150.0, "supply": [{"l": "Grapes", "v": 120.0}, {"l": "Vegetables, Other", "v": 30.0}]}, {"source": 4, "prod": 0.041966993957697561, "target": 11, "value": 16.0, "supply": [{"l": "Barley", "v": 16.0}]}, {"source": 5, "prod": 13.513918249523091, "target": 11, "value": 2092.0, "supply": [{"l": "Cottonseed", "v": 2050.0}, {"l": "Rape and Mustardseed", "v": 1.0}, {"l": "Groundnuts", "v": 9.0}, {"l": "Soyabeans", "v": 30.0}, {"l": "Oilcrops, Other", "v": 2.0}]}, {"source": 6, "prod": 0.0076030149108358216, "target": 12, "value": 1.0, "supply": [{"l": "Fats, Animals, Raw", "v": 1.0}]}, {"source": 10, "prod": 0.37083409773654408, "target": 12, "value": 36.0, "supply": [{"l": "Cottonseed Oil", "v": 36.0}]}, {"source": 3, "prod": 0.013252429187188716, "target": 12, "value": 9.0, "supply": [{"l": "Offals, Edible", "v": 3.0}, {"l": "Eggs", "v": 6.0}]}, {"source": 4, "prod": 0.0081349368665749044, "target": 12, "value": 2.0, "supply": [{"l": "Rice", "v": 2.0}]}, {"source": 8, "prod": 0.0083128737133723925, "target": 12, "value": 2.0, "supply": [{"l": "Sugar", "v": 2.0}]}, {"source": 0, "prod": 0.035222291293570247, "target": 13, "value": 46.0, "supply": [{"l": "Potatoes", "v": 45.0}, {"l": "Pulses, Other", "v": 1.0}]}, {"source": 3, "prod": 0.003228871731335571, "target": 3, "value": 2.0, "supply": [{"l": "Eggs", "v": 2.0}]}, {"source": 4, "prod": 0.62224939455809092, "target": 13, "value": 191.0, "supply": [{"l": "Maize", "v": 16.0}, {"l": "Rice", "v": 33.0}, {"l": "Wheat", "v": 95.0}, {"l": "Barley", "v": 46.0}, {"l": "Rye", "v": 1.0}]}, {"source": 5, "prod": 0.5490836764863587, "target": 13, "value": 85.0, "supply": [{"l": "Cottonseed", "v": 85.0}]}, {"source": 0, "prod": 0.11537469350435407, "target": 14, "value": 299.0, "supply": [{"l": "Potatoes", "v": 7.0}, {"l": "Vegetables, Other", "v": 172.0}, {"l": "Fruits, Other", "v": 14.0}, {"l": "Grapes", "v": 53.0}, {"l": "Onions", "v": 24.0}, {"l": "Tomatoes", "v": 25.0}, {"l": "Apples", "v": 4.0}]}, {"source": 2, "prod": 0.0011622222200000001, "target": 14, "value": 1.0, "supply": [{"l": "Sugar beet", "v": 1.0}]}, {"source": 3, "prod": 0.003228871731335571, "target": 14, "value": 2.0, "supply": [{"l": "Eggs", "v": 2.0}]}, {"source": 4, "prod": 0.20312383316842969, "target": 14, "value": 61.0, "supply": [{"l": "Maize", "v": 8.0}, {"l": "Wheat", "v": 36.0}, {"l": "Barley", "v": 7.0}, {"l": "Rice", "v": 10.0}]}, {"source": 15, "prod": 1.9355772748126716, "target": 11, "value": 452.0, "supply": [{"l": "Sugar", "v": 437.0}, {"l": "Beer", "v": 1.0}, {"l": "Beverages, Alcoholic", "v": 2.0}, {"l": "Cottonseed Oil", "v": 6.0}, {"l": "Butter, Ghee", "v": 6.0}]}, {"source": 15, "prod": 15.599348802535168, "target": 4, "value": 4721.0, "supply": [{"l": "Maize", "v": 219.0}, {"l": "Wheat", "v": 4449.0}, {"l": "Rice", "v": 53.0}]}, {"source": 15, "prod": 0.19379423875989132, "target": 5, "value": 30.0, "supply": [{"l": "Soyabeans", "v": 30.0}]}, {"source": 15, "prod": 0.24933984039391924, "target": 0, "value": 305.0, "supply": [{"l": "Potatoes", "v": 290.0}, {"l": "Vegetables, Other", "v": 1.0}, {"l": "Fruits, Other", "v": 1.0}, {"l": "Infant food", "v": 5.0}, {"l": "Apples", "v": 1.0}, {"l": "Oranges, Mandarines", "v": 1.0}, {"l": "Tea", "v": 6.0}]}, {"source": 15, "prod": 0.14652816957728693, "target": 1, "value": 95.0, "supply": [{"l": "Bovine Meat", "v": 30.0}, {"l": "Milk - Excluding Butter", "v": 36.0}, {"l": "Poultry Meat", "v": 29.0}]}, {"source": 0, "prod": 0.091105780850938442, "target": 16, "value": 224.0, "supply": [{"l": "Apples", "v": 27.0}, {"l": "Vegetables, Other", "v": 124.0}, {"l": "Fruits, Other", "v": 58.0}, {"l": "Tomatoes", "v": 15.0}]}, {"source": 6, "prod": 0.0068606329835151515, "target": 16, "value": 8.0, "supply": [{"l": "Wine", "v": 8.0}]}, {"source": 5, "prod": 0.019379423875989132, "target": 16, "value": 3.0, "supply": [{"l": "Cottonseed", "v": 3.0}]}, {"source": 8, "prod": 0.69412495506659466, "target": 17, "value": 167.0, "supply": [{"l": "Sugar", "v": 167.0}]}, {"source": 0, "prod": 0.017745303316713097, "target": 17, "value": 23.0, "supply": [{"l": "Potatoes", "v": 23.0}]}, {"source": 4, "prod": 4.2111980890726999, "target": 17, "value": 1264.0, "supply": [{"l": "Maize", "v": 180.0}, {"l": "Wheat", "v": 1000.0}, {"l": "Rice", "v": 84.0}]}, {"source": 3, "prod": 0.083698940219549323, "target": 17, "value": 120.0, "supply": [{"l": "Milk - Excluding Butter", "v": 120.0}]}, {"source": 10, "prod": 0.99577733208880548, "target": 17, "value": 96.0, "supply": [{"l": "Soyabean Oil", "v": 3.0}, {"l": "Maize Germ Oil", "v": 3.0}, {"l": "Cottonseed Oil", "v": 90.0}]}, {"source": 18, "prod": 6.6168850059998432, "target": 4, "value": 1997.0, "supply": [{"l": "Maize", "v": 367.0}, {"l": "Rye", "v": 8.0}, {"l": "Barley", "v": 287.0}, {"l": "Rice", "v": 359.0}, {"l": "Wheat", "v": 964.0}, {"l": "Sorghum", "v": 12.0}]}, {"source": 18, "prod": 16.02032373748435, "target": 5, "value": 2480.0, "supply": [{"l": "Sunflower seed", "v": 5.0}, {"l": "Sesame seed", "v": 10.0}, {"l": "Oilcrops, Other", "v": 2.0}, {"l": "Cottonseed", "v": 2452.0}, {"l": "Groundnuts", "v": 10.0}, {"l": "Rape and Mustardseed", "v": 1.0}]}, {"source": 18, "prod": 2.3985442759812101, "target": 0, "value": 5944.0, "supply": [{"l": "Nuts", "v": 13.0}, {"l": "Tomatoes", "v": 1286.0}, {"l": "Treenuts", "v": 13.0}, {"l": "Vegetables, Other", "v": 2522.0}, {"l": "Grapes", "v": 439.0}, {"l": "Pimento", "v": 3.0}, {"l": "Potatoes", "v": 365.0}, {"l": "Apples", "v": 396.0}, {"l": "Lemons, Limes", "v": 1.0}, {"l": "Citrus, Other", "v": 1.0}, {"l": "Fruits, Other", "v": 325.0}, {"l": "Grapefruit", "v": 1.0}, {"l": "Onions", "v": 573.0}, {"l": "Pulses, Other", "v": 6.0}]}, {"source": 18, "prod": 0.012784444420000001, "target": 2, "value": 11.0, "supply": [{"l": "Sugar beet", "v": 11.0}]}, {"source": 1, "prod": 0.054858676818184612, "target": 9, "value": 56.0, "supply": [{"l": "Freshwater Fish", "v": 28.0}, {"l": "Fish, Seafood", "v": 28.0}]}, {"source": 1, "prod": 4.248523374156318, "target": 3, "value": 4470.0, "supply": [{"l": "Poultry Meat", "v": 68.0}, {"l": "Pigmeat", "v": 36.0}, {"l": "Bovine Meat", "v": 353.0}, {"l": "Eggs", "v": 106.0}, {"l": "Milk - Excluding Butter", "v": 3781.0}, {"l": "Offals, Edible", "v": 57.0}, {"l": "Meat, Other", "v": 3.0}, {"l": "Mutton & Goat Meat", "v": 68.0}]}, {"source": 11, "prod": 0.45893520999038345, "target": 6, "value": 204.0, "supply": [{"l": "Fats, Animals, Raw", "v": 15.0}, {"l": "Beer", "v": 81.0}, {"l": "Beverages, Alcoholic", "v": 13.0}, {"l": "Butter, Ghee", "v": 23.0}, {"l": "Wine", "v": 72.0}]}, {"source": 11, "prod": 4.0244095507944548, "target": 10, "value": 390.0, "supply": [{"l": "Cottonseed Oil", "v": 375.0}, {"l": "Maize Germ Oil", "v": 6.0}, {"l": "Groundnut Oil", "v": 4.0}, {"l": "Soyabean Oil", "v": 5.0}]}, {"source": 11, "prod": 1.8438981495624622, "target": 8, "value": 445.0, "supply": [{"l": "Honey", "v": 8.0}, {"l": "Sugar", "v": 437.0}]}]}