{"nodes": [{"layer": 5, "name": "Fruits, Roots & Vegetables", "fill": "#98df8a"}, {"layer": 10, "name": "Feed", "fill": "#dbdb8d"}, {"layer": 5, "name": "Sugar Crops", "fill": "#ffbb78"}, {"layer": 13, "name": "Animal Products", "fill": "#17becf"}, {"layer": 5, "name": "Cereals", "fill": "#e7ba52"}, {"layer": 5, "name": "Oilcrops", "fill": "#ff9896"}, {"layer": 13, "name": "Other Processed", "fill": "#9c9ede"}, {"layer": 16, "name": "Food", "fill": "#b5cf6b"}, {"layer": 13, "name": "Sugar", "fill": "#d6616b"}, {"layer": 13, "name": "Aquatic Products", "fill": "#1f77b4"}, {"layer": 13, "name": "Vegetable Oils", "fill": "#f7b6d2"}, {"layer": 10, "name": "Processing", "fill": "#9edae5"}, {"layer": 16, "name": "Biofuels & Other", "fill": "#e7ba52"}, {"name": "Waste", "fill": "#c7c7c7"}, {"layer": 2, "name": "Import", "fill": "#aec7e8"}, {"layer": 16, "name": "Export", "fill": "#aec7e8"}, {"layer": 16, "name": "Stock Deposit", "fill": "#c7c7c7"}, {"layer": 2, "name": "Electricity", "fill": "#bcbd22"}, {"layer": 0, "name": "Fossil Fuels", "fill": "#c49c94"}, {"layer": 0, "name": "Renewables & Nuclear", "fill": "#2ca02c"}, {"layer": 2, "name": "Fertilizers", "fill": "#c5b0d5"}, {"layer": 0, "name": "Labor", "fill": "#7f7f7f"}], "links": [{"source": 0, "prod": 938.0, "target": 1, "value": 0.41277055247020317, "supply": [{"l": "Vegetables, Other", "v": 0.18984944901405773}, {"l": "Potatoes", "v": 0.00077153492681361288}, {"l": "Apples", "v": 0.2196334705945435}, {"l": "Pulses, Other", "v": 0.002516097934788315}]}, {"source": 2, "prod": 11.0, "target": 1, "value": 0.012784444420000001, "supply": [{"l": "Sugar beet", "v": 0.012784444420000001}]}, {"source": 3, "prod": 450.0, "target": 1, "value": 0.31387102582331, "supply": [{"l": "Milk - Excluding Butter", "v": 0.31387102582331}]}, {"source": 4, "prod": 706.0, "target": 1, "value": 2.240251365406063, "supply": [{"l": "Maize", "v": 0.65800381827215093}, {"l": "Wheat", "v": 1.2980117528343453}, {"l": "Rye", "v": 0.022579103805004653}, {"l": "Barley", "v": 0.22294965540026834}, {"l": "Sorghum", "v": 0.038707035094293692}]}, {"source": 5, "prod": 318.0, "target": 1, "value": 2.054218930854848, "supply": [{"l": "Sunflower seed", "v": 0.025839231834652178}, {"l": "Cottonseed", "v": 2.0283796990201957}]}, {"source": 6, "prod": 195.0, "target": 7, "value": 0.4444715620960325, "supply": [{"l": "Fats, Animals, Raw", "v": 0.1064422087517015}, {"l": "Beer", "v": 0.045724248582785905}, {"l": "Beverages, Alcoholic", "v": 0.047573462552715523}, {"l": "Butter, Ghee", "v": 0.18984657834070837}, {"l": "Wine", "v": 0.054885063868121212}]}, {"source": 3, "prod": 3889.0, "target": 7, "value": 3.8344721071949341, "supply": [{"l": "Pigmeat", "v": 0.13644696402482145}, {"l": "Bovine Meat", "v": 0.92285109102001928}, {"l": "Milk - Excluding Butter", "v": 2.2396441420414406}, {"l": "Meat, Other", "v": 0.0034419053988243241}, {"l": "Poultry Meat", "v": 0.10080230033636191}, {"l": "Offals, Edible", "v": 0.064184651877275997}, {"l": "Mutton & Goat Meat", "v": 0.21211520939208309}, {"l": "Eggs", "v": 0.15498584310410743}]}, {"source": 4, "prod": 4478.0, "target": 7, "value": 14.889834602011197, "supply": [{"l": "Maize", "v": 0.54781179128877633}, {"l": "Barley", "v": 0.3462277001510049}, {"l": "Rice", "v": 1.151093566620349}, {"l": "Wheat", "v": 12.844701543951066}]}, {"source": 5, "prod": 10.0, "target": 7, "value": 0.064598079586630441, "supply": [{"l": "Sesame seed", "v": 0.064598079586630441}]}, {"source": 0, "prod": 4454.0, "target": 7, "value": 1.773762505574376, "supply": [{"l": "Grapes", "v": 0.19200536886364616}, {"l": "Potatoes", "v": 0.44826179247870912}, {"l": "Nuts", "v": 0.046767132678940684}, {"l": "Citrus, Other", "v": 0.00072182469497611337}, {"l": "Lemons, Limes", "v": 0.00072182469497611337}, {"l": "Tomatoes", "v": 0.25596291251899828}, {"l": "Treenuts", "v": 0.045987680467625004}, {"l": "Tea", "v": 0.0047166851761666663}, {"l": "Fruits, Other", "v": 0.1278177750872464}, {"l": "Vegetables, Other", "v": 0.41143165895841904}, {"l": "Grapefruit", "v": 0.00072182469497611337}, {"l": "Infant food", "v": 0.018456594167608701}, {"l": "Oranges, Mandarines", "v": 0.00072182469497611337}, {"l": "Pimento", "v": 0.0090964642683214296}, {"l": "Onions", "v": 0.20114284504498589}, {"l": "Apples", "v": 0.0092282970838043505}]}, {"source": 8, "prod": 276.0, "target": 7, "value": 1.1414603207824952, "supply": [{"l": "Sugar", "v": 1.1139250775919005}, {"l": "Honey", "v": 0.027535243190594593}]}, {"source": 9, "prod": 56.0, "target": 7, "value": 0.054858676818184612, "supply": [{"l": "Freshwater Fish", "v": 0.027429338409092306}, {"l": "Fish, Seafood", "v": 0.027429338409092306}]}, {"source": 10, "prod": 258.0, "target": 7, "value": 2.6577981209691055, "supply": [{"l": "Groundnut Oil", "v": 0.035747508703578956}, {"l": "Soyabean Oil", "v": 0.023154636319363639}, {"l": "Maize Germ Oil", "v": 0.0339601332684}, {"l": "Cottonseed Oil", "v": 2.5649358426777629}]}, {"source": 0, "prod": 150.0, "target": 11, "value": 0.094825711913591432, "supply": [{"l": "Grapes", "v": 0.086618963397133597}, {"l": "Vegetables, Other", "v": 0.0082067485164578277}]}, {"source": 4, "prod": 16.0, "target": 11, "value": 0.041966993957697561, "supply": [{"l": "Barley", "v": 0.041966993957697561}]}, {"source": 5, "prod": 2092.0, "target": 11, "value": 13.513918249523091, "supply": [{"l": "Cottonseed", "v": 13.242606315259243}, {"l": "Rape and Mustardseed", "v": 0.0064598079586630445}, {"l": "Groundnuts", "v": 0.058138271627967392}, {"l": "Soyabeans", "v": 0.19379423875989132}, {"l": "Oilcrops, Other", "v": 0.012919615917326089}]}, {"source": 6, "prod": 1.0, "target": 12, "value": 0.0076030149108358216, "supply": [{"l": "Fats, Animals, Raw", "v": 0.0076030149108358216}]}, {"source": 10, "prod": 36.0, "target": 12, "value": 0.37083409773654408, "supply": [{"l": "Cottonseed Oil", "v": 0.37083409773654408}]}, {"source": 3, "prod": 9.0, "target": 12, "value": 0.013252429187188716, "supply": [{"l": "Offals, Edible", "v": 0.0035658139931820003}, {"l": "Eggs", "v": 0.0096866151940067143}]}, {"source": 4, "prod": 2.0, "target": 12, "value": 0.0081349368665749044, "supply": [{"l": "Rice", "v": 0.0081349368665749044}]}, {"source": 8, "prod": 2.0, "target": 12, "value": 0.0083128737133723925, "supply": [{"l": "Sugar", "v": 0.0083128737133723925}]}, {"source": 0, "prod": 46.0, "target": 0, "value": 0.035222291293570247, "supply": [{"l": "Potatoes", "v": 0.034719071706612585}, {"l": "Pulses, Other", "v": 0.00050321958695766298}]}, {"source": 3, "prod": 2.0, "target": 3, "value": 0.003228871731335571, "supply": [{"l": "Eggs", "v": 0.003228871731335571}]}, {"source": 4, "prod": 191.0, "target": 4, "value": 0.62224939455809092, "supply": [{"l": "Maize", "v": 0.05037349804954265}, {"l": "Rice", "v": 0.13422645829848592}, {"l": "Wheat", "v": 0.31376874432382396}, {"l": "Barley", "v": 0.1206551076283805}, {"l": "Rye", "v": 0.0032255862578578075}]}, {"source": 5, "prod": 85.0, "target": 5, "value": 0.5490836764863587, "supply": [{"l": "Cottonseed", "v": 0.5490836764863587}]}, {"source": 0, "prod": 299.0, "target": 13, "value": 0.11537469350435407, "supply": [{"l": "Potatoes", "v": 0.0054007444876952903}, {"l": "Vegetables, Other", "v": 0.047052024827691545}, {"l": "Fruits, Other", "v": 0.0070450742174072824}, {"l": "Grapes", "v": 0.038256708833734006}, {"l": "Onions", "v": 0.0087931298380321699}, {"l": "Tomatoes", "v": 0.0051356924662720347}, {"l": "Apples", "v": 0.0036913188335217393}]}, {"source": 2, "prod": 1.0, "target": 13, "value": 0.0011622222200000001, "supply": [{"l": "Sugar beet", "v": 0.0011622222200000001}]}, {"source": 3, "prod": 2.0, "target": 13, "value": 0.003228871731335571, "supply": [{"l": "Eggs", "v": 0.003228871731335571}]}, {"source": 4, "prod": 61.0, "target": 13, "value": 0.20312383316842969, "supply": [{"l": "Maize", "v": 0.025186749024771325}, {"l": "Wheat", "v": 0.11890183995429117}, {"l": "Barley", "v": 0.018360559856492684}, {"l": "Rice", "v": 0.040674684332874522}]}, {"source": 14, "prod": 452.0, "target": 11, "value": 1.9355772748126716, "supply": [{"l": "Sugar", "v": 1.8163629063718676}, {"l": "Beer", "v": 0.00056449689608377657}, {"l": "Beverages, Alcoholic", "v": 0.0073189942388793118}, {"l": "Cottonseed Oil", "v": 0.06180568295609068}, {"l": "Butter, Ghee", "v": 0.049525194349750008}]}, {"source": 14, "prod": 4721.0, "target": 4, "value": 15.599348802535168, "supply": [{"l": "Maize", "v": 0.68948725455311488}, {"l": "Wheat", "v": 14.694285721017819}, {"l": "Rice", "v": 0.215575826964235}]}, {"source": 14, "prod": 30.0, "target": 5, "value": 0.19379423875989132, "supply": [{"l": "Soyabeans", "v": 0.19379423875989132}]}, {"source": 14, "prod": 305.0, "target": 0, "value": 0.24933984039391924, "supply": [{"l": "Potatoes", "v": 0.22374512877594774}, {"l": "Vegetables, Other", "v": 0.00027355828388192759}, {"l": "Fruits, Other", "v": 0.00050321958695766298}, {"l": "Infant food", "v": 0.018456594167608701}, {"l": "Apples", "v": 0.00092282970838043483}, {"l": "Oranges, Mandarines", "v": 0.00072182469497611337}, {"l": "Tea", "v": 0.0047166851761666663}]}, {"source": 14, "prod": 95.0, "target": 1, "value": 0.14652816957728693, "supply": [{"l": "Bovine Meat", "v": 0.078429271191503058}, {"l": "Milk - Excluding Butter", "v": 0.025109682065864801}, {"l": "Poultry Meat", "v": 0.042989216319919053}]}, {"source": 0, "prod": 224.0, "target": 15, "value": 0.091105780850938442, "supply": [{"l": "Apples", "v": 0.02491640212627174}, {"l": "Vegetables, Other", "v": 0.033921227201359018}, {"l": "Fruits, Other", "v": 0.029186736043544458}, {"l": "Tomatoes", "v": 0.0030814154797632214}]}, {"source": 6, "prod": 8.0, "target": 15, "value": 0.0068606329835151515, "supply": [{"l": "Wine", "v": 0.0068606329835151515}]}, {"source": 5, "prod": 3.0, "target": 15, "value": 0.019379423875989132, "supply": [{"l": "Cottonseed", "v": 0.019379423875989132}]}, {"source": 8, "prod": 167.0, "target": 16, "value": 0.69412495506659466, "supply": [{"l": "Sugar", "v": 0.69412495506659466}]}, {"source": 0, "prod": 23.0, "target": 16, "value": 0.017745303316713097, "supply": [{"l": "Potatoes", "v": 0.017745303316713097}]}, {"source": 4, "prod": 1264.0, "target": 16, "value": 4.2111980890726999, "supply": [{"l": "Maize", "v": 0.56670185305735477}, {"l": "Wheat", "v": 3.3028288876191993}, {"l": "Rice", "v": 0.34166734839614604}]}, {"source": 3, "prod": 120.0, "target": 16, "value": 0.083698940219549323, "supply": [{"l": "Milk - Excluding Butter", "v": 0.083698940219549323}]}, {"source": 10, "prod": 96.0, "target": 16, "value": 0.99577733208880548, "supply": [{"l": "Soyabean Oil", "v": 0.034731954479045458}, {"l": "Maize Germ Oil", "v": 0.0339601332684}, {"l": "Cottonseed Oil", "v": 0.92708524434136008}]}, {"source": 1, "prod": 56.0, "target": 9, "value": 0.054858676818184612, "supply": [{"l": "Freshwater Fish", "v": 0.027429338409092306}, {"l": "Fish, Seafood", "v": 0.027429338409092306}]}, {"source": 1, "prod": 4470.0, "target": 3, "value": 4.248523374156318, "supply": [{"l": "Poultry Meat", "v": 0.10080230033636191}, {"l": "Pigmeat", "v": 0.13644696402482145}, {"l": "Bovine Meat", "v": 0.92285109102001928}, {"l": "Eggs", "v": 0.17113020176078528}, {"l": "Milk - Excluding Butter", "v": 2.6372141080842999}, {"l": "Offals, Edible", "v": 0.067750465870457993}, {"l": "Meat, Other", "v": 0.0034419053988243241}, {"l": "Mutton & Goat Meat", "v": 0.21211520939208309}]}, {"source": 11, "prod": 204.0, "target": 6, "value": 0.45893520999038345, "supply": [{"l": "Fats, Animals, Raw", "v": 0.11404522366253733}, {"l": "Beer", "v": 0.045724248582785905}, {"l": "Beverages, Alcoholic", "v": 0.047573462552715523}, {"l": "Butter, Ghee", "v": 0.18984657834070837}, {"l": "Wine", "v": 0.061745696851636361}]}, {"source": 11, "prod": 390.0, "target": 10, "value": 4.0244095507944548, "supply": [{"l": "Cottonseed Oil", "v": 3.8628551847556669}, {"l": "Maize Germ Oil", "v": 0.0679202665368}, {"l": "Groundnut Oil", "v": 0.035747508703578956}, {"l": "Soyabean Oil", "v": 0.057886590798409097}]}, {"source": 11, "prod": 445.0, "target": 8, "value": 1.8438981495624622, "supply": [{"l": "Honey", "v": 0.027535243190594593}, {"l": "Sugar", "v": 1.8163629063718676}]}, {"source": 17, "prod": 0, "target": 0, "value": 0.0049255687882373295, "supply": "[{\"l\":'Energy for power irrigation',\"v\":0.0049255687882373295}]"}, {"source": 17, "prod": 0, "target": 2, "value": 9.3797054255223202e-06, "supply": "[{\"l\":'Energy for power irrigation',\"v\":9.3797054255223202e-06}]"}, {"source": 17, "prod": 0, "target": 4, "value": 0.0035540927297142183, "supply": "[{\"l\":'Energy for power irrigation',\"v\":0.0035540927297142183}]"}, {"source": 17, "prod": 0, "target": 5, "value": 0.0020341726375002317, "supply": "[{\"l\":'Energy for power irrigation',\"v\":0.0020341726375002317}]"}, {"source": 17, "prod": 0, "target": 11, "value": 11.0080000088064, "supply": "[{\"l\":'Electricity',\"v\":11.0080000088064}]"}, {"source": 18, "prod": 0, "target": 17, "value": 20.558935929988063, "supply": [{"l": "Coal", "v": 1.3818041854055771}, {"l": "Natural gas", "v": 17.183723677494541}, {"l": "Oil", "v": 1.993408067087945}]}, {"source": 19, "prod": 0, "target": 17, "value": 1.3593790018183376, "supply": [{"l": "Nuclear", "v": 0.0}, {"l": "Hydroelectric", "v": 1.3593790018183376}, {"l": "Renewable", "v": 0.0}]}, {"source": 18, "prod": 0, "target": 0, "value": 7.2201599212230683, "supply": [{"l": "Motor Gasoline", "v": 0.19007419407548207}, {"l": "Gas-Diesel oil", "v": 5.7417514772333016}, {"l": "Natural gas (including LNG)", "v": 0.92304539421748344}, {"l": "Fuel oil", "v": 0.005252751515595783}, {"l": "Other fossil fuels", "v": 0.36003610418120435}]}, {"source": 18, "prod": 0, "target": 2, "value": 0.013749269596632767, "supply": [{"l": "Motor Gasoline", "v": 0.00036195615695778165}, {"l": "Gas-Diesel oil", "v": 0.010933952970389628}, {"l": "Natural gas (including LNG)", "v": 0.0017577449964399831}, {"l": "Fuel oil", "v": 1.0002755825360409e-05}, {"l": "Other fossil fuels", "v": 0.00068561271702001156}]}, {"source": 18, "prod": 0, "target": 4, "value": 5.2097775884632425, "supply": [{"l": "Motor Gasoline", "v": 0.13714990903856814}, {"l": "Gas-Diesel oil", "v": 4.1430173972585047}, {"l": "Natural gas (including LNG)", "v": 0.66603250625975885}, {"l": "Fuel oil", "v": 0.0037901746529572155}, {"l": "Other fossil fuels", "v": 0.25978760125345224}]}, {"source": 18, "prod": 0, "target": 5, "value": 2.9817981194784453, "supply": [{"l": "Motor Gasoline", "v": 0.078497274387191965}, {"l": "Gas-Diesel oil", "v": 2.3712416267958032}, {"l": "Natural gas (including LNG)", "v": 0.38120139314098422}, {"l": "Fuel oil", "v": 0.0021692933068216398}, {"l": "Other fossil fuels", "v": 0.14868853184764427}]}, {"source": 20, "prod": 341.6888854441172, "target": 0, "value": 4.1051163224594145, "supply": [{"l": "Potash", "v": 0.15383333345640002}, {"l": "Phosphate", "v": 1.0941666675419999}, {"l": "Nitrogen", "v": 7.522361117128999}]}, {"source": 20, "prod": 0.65067431405983567, "target": 2, "value": 0.0078173269925953404, "supply": [{"l": "Potash", "v": 0.15383333345640002}, {"l": "Phosphate", "v": 1.0941666675419999}, {"l": "Nitrogen", "v": 7.522361117128999}]}, {"source": 20, "prod": 246.54898465354211, "target": 4, "value": 2.9620871626290608, "supply": [{"l": "Potash", "v": 0.15383333345640002}, {"l": "Phosphate", "v": 1.0941666675419999}, {"l": "Nitrogen", "v": 7.522361117128999}]}, {"source": 20, "prod": 141.1114555882809, "target": 5, "value": 1.6953403060463288, "supply": [{"l": "Potash", "v": 0.15383333345640002}, {"l": "Phosphate", "v": 1.0941666675419999}, {"l": "Nitrogen", "v": 7.522361117128999}]}, {"source": 18, "prod": 0, "target": 20, "value": 10.442112645546651, "supply": [{"l": "Natural gas (including LNG)", "v": 7.1255777280239334}, {"l": "Fuel oil", "v": 1.9867982180126003}, {"l": "Liquefied petroleum gas (LPG)", "v": 0.66486834975505849}, {"l": "Coal", "v": 0.66486834975505849}]}, {"source": 21, "prod": 0, "target": 4, "value": 0.6418741610219405, "supply": "[{\"l\":'Labor',\"v\":0.6418741610219405}]"}, {"source": 21, "prod": 0, "target": 5, "value": 0.3673744480983866, "supply": "[{\"l\":'Labor',\"v\":0.3673744480983866}]"}, {"source": 21, "prod": 0, "target": 0, "value": 0.88956467203935718, "supply": "[{\"l\":'Labor',\"v\":0.88956467203935718}]"}, {"source": 21, "prod": 0, "target": 2, "value": 0.001693988032530652, "supply": "[{\"l\":'Labor',\"v\":0.001693988032530652}]"}, {"source": 18, "prod": 0, "target": 14, "value": 39.102410597318475, "supply": "[{\"l\":'Fossil Fuels',\"v\":39.102410597318475}]"}, {"source": 19, "prod": 0, "target": 14, "value": 0.47507755621232678, "supply": "[{\"l\":'Renewables & Nuclear',\"v\":0.47182384564000451},{\"l\":'Biomass & Waste',\"v\":0.003253710572322252}]"}]}