{"nodes": [{"layer": 5, "name": "Sunflower seed"}, {"layer": 10, "name": "Feed", "fill": "#dbdb8d"}, {"layer": 5, "name": "Maize"}, {"layer": 5, "name": "Rye"}, {"layer": 5, "name": "Wheat"}, {"layer": 5, "name": "Soyabeans"}, {"layer": 5, "name": "Potatoes"}, {"layer": 5, "name": "Vegetables, Other"}, {"layer": 5, "name": "Millet"}, {"layer": 13, "name": "Milk - Excluding Butter"}, {"layer": 5, "name": "Cottonseed"}, {"layer": 5, "name": "Apples"}, {"layer": 5, "name": "Sugar beet"}, {"layer": 5, "name": "Sorghum"}, {"layer": 5, "name": "Pulses, Other"}, {"layer": 5, "name": "Barley"}, {"layer": 16, "name": "Food", "fill": "#b5cf6b"}, {"layer": 5, "name": "Nuts"}, {"layer": 5, "name": "Dates"}, {"layer": 13, "name": "Sugar", "fill": "#d6616b"}, {"layer": 13, "name": "Oilcrops Oil, Other"}, {"layer": 13, "name": "Maize Germ Oil"}, {"layer": 13, "name": "Beer"}, {"layer": 5, "name": "Grapefruit"}, {"layer": 13, "name": "Beverages, Alcoholic"}, {"layer": 5, "name": "Rice"}, {"layer": 13, "name": "Butter, Ghee"}, {"layer": 5, "name": "Tomatoes"}, {"layer": 13, "name": "Fats, Animals, Raw"}, {"layer": 13, "name": "Soyabean Oil"}, {"layer": 5, "name": "Treenuts"}, {"layer": 13, "name": "Eggs"}, {"layer": 5, "name": "Sesame seed"}, {"layer": 13, "name": "Marine Fish, Other"}, {"layer": 5, "name": "Grapes"}, {"layer": 5, "name": "Pimento"}, {"layer": 13, "name": "Wine"}, {"layer": 13, "name": "Sunflowerseed Oil"}, {"layer": 13, "name": "Pigmeat"}, {"layer": 13, "name": "Poultry Meat"}, {"layer": 13, "name": "Freshwater Fish"}, {"layer": 13, "name": "Rape and Mustard Oil"}, {"layer": 13, "name": "Fish, Seafood"}, {"layer": 13, "name": "Meat, Other"}, {"layer": 5, "name": "Lemons, Limes"}, {"layer": 13, "name": "Mutton & Goat Meat"}, {"layer": 13, "name": "Pelagic Fish"}, {"layer": 5, "name": "Citrus, Other"}, {"layer": 13, "name": "Bovine Meat"}, {"layer": 5, "name": "Fruits, Other"}, {"layer": 13, "name": "Honey"}, {"layer": 13, "name": "Offals, Edible"}, {"layer": 5, "name": "Infant food"}, {"layer": 5, "name": "Oranges, Mandarines"}, {"layer": 5, "name": "Tea"}, {"layer": 13, "name": "Cottonseed Oil"}, {"layer": 5, "name": "Onions"}, {"layer": 10, "name": "Processing", "fill": "#9edae5"}, {"layer": 5, "name": "Rape and Mustardseed"}, {"layer": 5, "name": "Groundnuts"}, {"layer": 5, "name": "Oilcrops, Other"}, {"layer": 16, "name": "Biofuels & Other", "fill": "#e7ba52"}, {"name": "Waste", "fill": "#c7c7c7"}, {"layer": 2, "name": "Import", "fill": "#aec7e8"}, {"layer": 5, "name": "Cocoa Beans"}, {"layer": 5, "name": "Oats"}, {"layer": 16, "name": "Export", "fill": "#aec7e8"}, {"layer": 0, "name": "Stock Draw", "fill": "#c7c7c7"}, {"layer": 16, "name": "Stock Deposit", "fill": "#c7c7c7"}, {"layer": 2, "name": "Electricity", "fill": "#bcbd22"}, {"layer": 0, "name": "Fossil Fuels", "fill": "#c49c94"}, {"layer": 0, "name": "Renewables & Nuclear", "fill": "#2ca02c"}, {"layer": 2, "name": "Fertilizers", "fill": "#c5b0d5"}, {"layer": 0, "name": "Labor", "fill": "#7f7f7f"}], "links": [{"source": 0, "prod": 5.0, "target": 1, "value": 0.033353702317178574, "supply": [{"l": "Sunflower seed", "v": 0.033353702317178574}]}, {"source": 2, "prod": 10.0, "target": 1, "value": 0.031887449078309864, "supply": [{"l": "Maize", "v": 0.031887449078309864}]}, {"source": 3, "prod": 23.0, "target": 1, "value": 0.074640596569203368, "supply": [{"l": "Rye", "v": 0.074640596569203368}]}, {"source": 4, "prod": 114.0, "target": 1, "value": 0.37639855954110957, "supply": [{"l": "Wheat", "v": 0.37639855954110957}]}, {"source": 5, "prod": 7.0, "target": 1, "value": 0.046695183244050004, "supply": [{"l": "Soyabeans", "v": 0.046695183244050004}]}, {"source": 6, "prod": 2.0, "target": 1, "value": 0.0015475993514508688, "supply": [{"l": "Potatoes", "v": 0.0015475993514508688}]}, {"source": 7, "prod": 15.0, "target": 1, "value": 0.0037498722382708015, "supply": [{"l": "Vegetables, Other", "v": 0.0037498722382708015}]}, {"source": 8, "prod": 2.0, "target": 1, "value": 0.0064904866581915978, "supply": [{"l": "Millet", "v": 0.0064904866581915978}]}, {"source": 9, "prod": 106.0, "target": 1, "value": 0.074726153493974254, "supply": [{"l": "Milk - Excluding Butter", "v": 0.074726153493974254}]}, {"source": 10, "prod": 606.0, "target": 1, "value": 4.0424687208420433, "supply": [{"l": "Cottonseed", "v": 4.0424687208420433}]}, {"source": 11, "prod": 5.0, "target": 1, "value": 0.0031213357783455892, "supply": [{"l": "Apples", "v": 0.0031213357783455892}]}, {"source": 12, "prod": 33.0, "target": 1, "value": 0.038353333260000004, "supply": [{"l": "Sugar beet", "v": 0.038353333260000004}]}, {"source": 13, "prod": 19.0, "target": 1, "value": 0.061659623252820178, "supply": [{"l": "Sorghum", "v": 0.061659623252820178}]}, {"source": 14, "prod": 15.0, "target": 1, "value": 0.0077275788687196601, "supply": [{"l": "Pulses, Other", "v": 0.0077275788687196601}]}, {"source": 15, "prod": 15.0, "target": 1, "value": 0.041080806373064521, "supply": [{"l": "Barley", "v": 0.041080806373064521}]}, {"source": 2, "prod": 103.0, "target": 16, "value": 0.32844072550659165, "supply": [{"l": "Maize", "v": 0.32844072550659165}]}, {"source": 17, "prod": 16.0, "target": 16, "value": 0.061745696851636368, "supply": [{"l": "Nuts", "v": 0.061745696851636368}]}, {"source": 18, "prod": 1.0, "target": 16, "value": 0.00060470322771367523, "supply": [{"l": "Dates", "v": 0.00060470322771367523}]}, {"source": 19, "prod": 474.0, "target": 16, "value": 1.9690646078558531, "supply": [{"l": "Sugar", "v": 1.9690646078558531}]}, {"source": 20, "prod": 3.0, "target": 16, "value": 0.031837624939125002, "supply": [{"l": "Oilcrops Oil, Other", "v": 0.031837624939125002}]}, {"source": 21, "prod": 4.0, "target": 16, "value": 0.045280177691199998, "supply": [{"l": "Maize Germ Oil", "v": 0.045280177691199998}]}, {"source": 22, "prod": 66.0, "target": 16, "value": 0.04090089043274453, "supply": [{"l": "Beer", "v": 0.04090089043274453}]}, {"source": 23, "prod": 1.0, "target": 16, "value": 0.00060470322771367523, "supply": [{"l": "Grapefruit", "v": 0.00060470322771367523}]}, {"source": 24, "prod": 37.0, "target": 16, "value": 0.12238879197377925, "supply": [{"l": "Beverages, Alcoholic", "v": 0.12238879197377925}]}, {"source": 15, "prod": 45.0, "target": 16, "value": 0.12324241911919356, "supply": [{"l": "Barley", "v": 0.12324241911919356}]}, {"source": 25, "prod": 285.0, "target": 16, "value": 1.1585657753271419, "supply": [{"l": "Rice", "v": 1.1585657753271419}]}, {"source": 26, "prod": 11.0, "target": 16, "value": 0.089416308339670222, "supply": [{"l": "Butter, Ghee", "v": 0.089416308339670222}]}, {"source": 27, "prod": 828.0, "target": 16, "value": 0.16424643893828972, "supply": [{"l": "Tomatoes", "v": 0.16424643893828972}]}, {"source": 28, "prod": 16.0, "target": 16, "value": 0.12735049975650001, "supply": [{"l": "Fats, Animals, Raw", "v": 0.12735049975650001}]}, {"source": 4, "prod": 3670.0, "target": 16, "value": 12.11739222382344, "supply": [{"l": "Wheat", "v": 12.11739222382344}]}, {"source": 29, "prod": 46.0, "target": 16, "value": 0.46783621091103128, "supply": [{"l": "Soyabean Oil", "v": 0.46783621091103128}]}, {"source": 30, "prod": 16.0, "target": 16, "value": 0.061745696851636368, "supply": [{"l": "Treenuts", "v": 0.061745696851636368}]}, {"source": 31, "prod": 63.0, "target": 16, "value": 0.10286001903409617, "supply": [{"l": "Eggs", "v": 0.10286001903409617}]}, {"source": 7, "prod": 1272.0, "target": 16, "value": 0.31798916580536396, "supply": [{"l": "Vegetables, Other", "v": 0.31798916580536396}]}, {"source": 32, "prod": 17.0, "target": 16, "value": 0.11340258787840718, "supply": [{"l": "Sesame seed", "v": 0.11340258787840718}]}, {"source": 33, "prod": 1.0, "target": 16, "value": 0.00084900333171000005, "supply": [{"l": "Marine Fish, Other", "v": 0.00084900333171000005}]}, {"source": 34, "prod": 170.0, "target": 16, "value": 0.1027995487113248, "supply": [{"l": "Grapes", "v": 0.1027995487113248}]}, {"source": 35, "prod": 4.0, "target": 16, "value": 0.011320044422799999, "supply": [{"l": "Pimento", "v": 0.011320044422799999}]}, {"source": 36, "prod": 58.0, "target": 16, "value": 0.050870034337995869, "supply": [{"l": "Wine", "v": 0.050870034337995869}]}, {"source": 37, "prod": 20.0, "target": 16, "value": 0.20707398334390245, "supply": [{"l": "Sunflowerseed Oil", "v": 0.20707398334390245}]}, {"source": 38, "prod": 16.0, "target": 16, "value": 0.059929646944235297, "supply": [{"l": "Pigmeat", "v": 0.059929646944235297}]}, {"source": 39, "prod": 32.0, "target": 16, "value": 0.041163797901090912, "supply": [{"l": "Poultry Meat", "v": 0.041163797901090912}]}, {"source": 6, "prod": 849.0, "target": 16, "value": 0.65695592469089381, "supply": [{"l": "Potatoes", "v": 0.65695592469089381}]}, {"source": 40, "prod": 10.0, "target": 16, "value": 0.010612541646375, "supply": [{"l": "Freshwater Fish", "v": 0.010612541646375}]}, {"source": 41, "prod": 2.0, "target": 16, "value": 0.024257238048857144, "supply": [{"l": "Rape and Mustard Oil", "v": 0.024257238048857144}]}, {"source": 9, "prod": 3435.0, "target": 16, "value": 2.42155035143209, "supply": [{"l": "Milk - Excluding Butter", "v": 2.42155035143209}]}, {"source": 11, "prod": 17.0, "target": 16, "value": 0.010612541646375002, "supply": [{"l": "Apples", "v": 0.010612541646375002}]}, {"source": 42, "prod": 12.0, "target": 16, "value": 0.010188039980520001, "supply": [{"l": "Fish, Seafood", "v": 0.010188039980520001}]}, {"source": 43, "prod": 3.0, "target": 16, "value": 0.0032240632849746841, "supply": [{"l": "Meat, Other", "v": 0.0032240632849746841}]}, {"source": 44, "prod": 1.0, "target": 16, "value": 0.00060470322771367523, "supply": [{"l": "Lemons, Limes", "v": 0.00060470322771367523}]}, {"source": 45, "prod": 82.0, "target": 16, "value": 0.24643636531051324, "supply": [{"l": "Mutton & Goat Meat", "v": 0.24643636531051324}]}, {"source": 46, "prod": 1.0, "target": 16, "value": 0.00084900333171000005, "supply": [{"l": "Pelagic Fish", "v": 0.00084900333171000005}]}, {"source": 47, "prod": 1.0, "target": 16, "value": 0.00060470322771367523, "supply": [{"l": "Citrus, Other", "v": 0.00060470322771367523}]}, {"source": 48, "prod": 542.0, "target": 16, "value": 1.4071851203748738, "supply": [{"l": "Bovine Meat", "v": 1.4071851203748738}]}, {"source": 49, "prod": 199.0, "target": 16, "value": 0.10251921299168083, "supply": [{"l": "Fruits, Other", "v": 0.10251921299168083}]}, {"source": 50, "prod": 2.0, "target": 16, "value": 0.0084900333171, "supply": [{"l": "Honey", "v": 0.0084900333171}]}, {"source": 51, "prod": 81.0, "target": 16, "value": 0.10233522301861608, "supply": [{"l": "Offals, Edible", "v": 0.10233522301861608}]}, {"source": 52, "prod": 1.0, "target": 16, "value": 0.0011622222200000001, "supply": [{"l": "Infant food", "v": 0.0011622222200000001}]}, {"source": 53, "prod": 3.0, "target": 16, "value": 0.0018141096831410259, "supply": [{"l": "Oranges, Mandarines", "v": 0.0018141096831410259}]}, {"source": 54, "prod": 9.0, "target": 16, "value": 0.0063675249878250009, "supply": [{"l": "Tea", "v": 0.0063675249878250009}]}, {"source": 55, "prod": 250.0, "target": 16, "value": 2.5786524232721444, "supply": [{"l": "Cottonseed Oil", "v": 2.5786524232721444}]}, {"source": 56, "prod": 351.0, "target": 16, "value": 0.12314056588025207, "supply": [{"l": "Onions", "v": 0.12314056588025207}]}, {"source": 4, "prod": 35.0, "target": 57, "value": 0.11556096126262135, "supply": [{"l": "Wheat", "v": 0.11556096126262135}]}, {"source": 10, "prod": 1250.0, "target": 57, "value": 8.3384255792946451, "supply": [{"l": "Cottonseed", "v": 8.3384255792946451}]}, {"source": 7, "prod": 70.0, "target": 57, "value": 0.017499403778597072, "supply": [{"l": "Vegetables, Other", "v": 0.017499403778597072}]}, {"source": 5, "prod": 123.0, "target": 57, "value": 0.82050107700259289, "supply": [{"l": "Soyabeans", "v": 0.82050107700259289}]}, {"source": 58, "prod": 1.0, "target": 57, "value": 0.0066707404634357157, "supply": [{"l": "Rape and Mustardseed", "v": 0.0066707404634357157}]}, {"source": 15, "prod": 13.0, "target": 57, "value": 0.035603365523322585, "supply": [{"l": "Barley", "v": 0.035603365523322585}]}, {"source": 34, "prod": 103.0, "target": 57, "value": 0.06228443245450855, "supply": [{"l": "Grapes", "v": 0.06228443245450855}]}, {"source": 59, "prod": 1.0, "target": 57, "value": 0.0066707404634357157, "supply": [{"l": "Groundnuts", "v": 0.0066707404634357157}]}, {"source": 12, "prod": 81.0, "target": 57, "value": 0.09413999982, "supply": [{"l": "Sugar beet", "v": 0.09413999982}]}, {"source": 60, "prod": 3.0, "target": 57, "value": 0.020012221390307148, "supply": [{"l": "Oilcrops, Other", "v": 0.020012221390307148}]}, {"source": 55, "prod": 7.0, "target": 61, "value": 0.072202267851620053, "supply": [{"l": "Cottonseed Oil", "v": 0.072202267851620053}]}, {"source": 28, "prod": 1.0, "target": 61, "value": 0.0079594062347812505, "supply": [{"l": "Fats, Animals, Raw", "v": 0.0079594062347812505}]}, {"source": 51, "prod": 2.0, "target": 61, "value": 0.0025267956300892864, "supply": [{"l": "Offals, Edible", "v": 0.0025267956300892864}]}, {"source": 25, "prod": 1.0, "target": 61, "value": 0.0040651430713233051, "supply": [{"l": "Rice", "v": 0.0040651430713233051}]}, {"source": 2, "prod": 9.0, "target": 2, "value": 0.02869870417047888, "supply": [{"l": "Maize", "v": 0.02869870417047888}]}, {"source": 4, "prod": 190.0, "target": 4, "value": 0.62733093256851591, "supply": [{"l": "Wheat", "v": 0.62733093256851591}]}, {"source": 10, "prod": 76.0, "target": 10, "value": 0.50697627522111433, "supply": [{"l": "Cottonseed", "v": 0.50697627522111433}]}, {"source": 6, "prod": 49.0, "target": 6, "value": 0.037916184110546286, "supply": [{"l": "Potatoes", "v": 0.037916184110546286}]}, {"source": 31, "prod": 1.0, "target": 31, "value": 0.001632698714826923, "supply": [{"l": "Eggs", "v": 0.001632698714826923}]}, {"source": 15, "prod": 9.0, "target": 15, "value": 0.024648483823838711, "supply": [{"l": "Barley", "v": 0.024648483823838711}]}, {"source": 25, "prod": 30.0, "target": 25, "value": 0.12195429213969916, "supply": [{"l": "Rice", "v": 0.12195429213969916}]}, {"source": 2, "prod": 2.0, "target": 62, "value": 0.0063774898156619729, "supply": [{"l": "Maize", "v": 0.0063774898156619729}]}, {"source": 4, "prod": 26.0, "target": 62, "value": 0.085845285509375854, "supply": [{"l": "Wheat", "v": 0.085845285509375854}]}, {"source": 6, "prod": 9.0, "target": 62, "value": 0.0069641970815289105, "supply": [{"l": "Potatoes", "v": 0.0069641970815289105}]}, {"source": 31, "prod": 1.0, "target": 62, "value": 0.001632698714826923, "supply": [{"l": "Eggs", "v": 0.001632698714826923}]}, {"source": 7, "prod": 194.0, "target": 62, "value": 0.048498347614969045, "supply": [{"l": "Vegetables, Other", "v": 0.048498347614969045}]}, {"source": 49, "prod": 10.0, "target": 62, "value": 0.0051517192458131068, "supply": [{"l": "Fruits, Other", "v": 0.0051517192458131068}]}, {"source": 15, "prod": 2.0, "target": 62, "value": 0.0054774408497419358, "supply": [{"l": "Barley", "v": 0.0054774408497419358}]}, {"source": 34, "prod": 41.0, "target": 62, "value": 0.024792832336260683, "supply": [{"l": "Grapes", "v": 0.024792832336260683}]}, {"source": 12, "prod": 6.0, "target": 62, "value": 0.0069733333200000004, "supply": [{"l": "Sugar beet", "v": 0.0069733333200000004}]}, {"source": 25, "prod": 9.0, "target": 62, "value": 0.036586287641909743, "supply": [{"l": "Rice", "v": 0.036586287641909743}]}, {"source": 56, "prod": 17.0, "target": 62, "value": 0.0059640729913512406, "supply": [{"l": "Onions", "v": 0.0059640729913512406}]}, {"source": 27, "prod": 19.0, "target": 62, "value": 0.0037689400239462618, "supply": [{"l": "Tomatoes", "v": 0.0037689400239462618}]}, {"source": 11, "prod": 3.0, "target": 62, "value": 0.001872801467007353, "supply": [{"l": "Apples", "v": 0.001872801467007353}]}, {"source": 63, "prod": 215.0, "target": 6, "value": 0.16636693028096838, "supply": [{"l": "Potatoes", "v": 0.16636693028096838}]}, {"source": 63, "prod": 22.0, "target": 3, "value": 0.071395353240107567, "supply": [{"l": "Rye", "v": 0.071395353240107567}]}, {"source": 63, "prod": 41.0, "target": 25, "value": 0.16667086592425551, "supply": [{"l": "Rice", "v": 0.16667086592425551}]}, {"source": 63, "prod": 480.0, "target": 4, "value": 1.584836040173093, "supply": [{"l": "Wheat", "v": 1.584836040173093}]}, {"source": 63, "prod": 180.0, "target": 1, "value": 0.40779860975489979, "supply": [{"l": "Pigmeat", "v": 0.0037456029340147061}, {"l": "Milk - Excluding Butter", "v": 0.012689346819731474}, {"l": "Pelagic Fish", "v": 0.00084900333171000005}, {"l": "Fish, Seafood", "v": 0.0016980066634200001}, {"l": "Bovine Meat", "v": 0.36867211640817726}, {"l": "Poultry Meat", "v": 0.019295530266136365}, {"l": "Marine Fish, Other", "v": 0.00084900333171000005}]}, {"source": 63, "prod": 129.0, "target": 5, "value": 0.86052551978320735, "supply": [{"l": "Soyabeans", "v": 0.86052551978320735}]}, {"source": 63, "prod": 1.0, "target": 15, "value": 0.0027387204248709679, "supply": [{"l": "Barley", "v": 0.0027387204248709679}]}, {"source": 63, "prod": 1.0, "target": 18, "value": 0.00060470322771367523, "supply": [{"l": "Dates", "v": 0.00060470322771367523}]}, {"source": 63, "prod": 424.0, "target": 57, "value": 2.1519511973058929, "supply": [{"l": "Rape and Mustard Oil", "v": 0.012128619024428572}, {"l": "Beer", "v": 0.00061971046110218984}, {"l": "Oilcrops Oil, Other", "v": 0.02122508329275}, {"l": "Sugar", "v": 1.4788755282630459}, {"l": "Butter, Ghee", "v": 0.065030042428851062}, {"l": "Soyabean Oil", "v": 0.30511057233328126}, {"l": "Cottonseed Oil", "v": 0.061887658158531471}, {"l": "Sunflowerseed Oil", "v": 0.20707398334390245}]}, {"source": 63, "prod": 1.0, "target": 64, "value": 0.0025989897909489794, "supply": [{"l": "Cocoa Beans", "v": 0.0025989897909489794}]}, {"source": 63, "prod": 3.0, "target": 53, "value": 0.0018141096831410259, "supply": [{"l": "Oranges, Mandarines", "v": 0.0018141096831410259}]}, {"source": 63, "prod": 9.0, "target": 54, "value": 0.0063675249878250009, "supply": [{"l": "Tea", "v": 0.0063675249878250009}]}, {"source": 63, "prod": 4.0, "target": 11, "value": 0.002497068622676471, "supply": [{"l": "Apples", "v": 0.002497068622676471}]}, {"source": 63, "prod": 1.0, "target": 52, "value": 0.0011622222200000001, "supply": [{"l": "Infant food", "v": 0.0011622222200000001}]}, {"source": 63, "prod": 1.0, "target": 65, "value": 0.0032452433290957989, "supply": [{"l": "Oats", "v": 0.0032452433290957989}]}, {"source": 4, "prod": 1.0, "target": 66, "value": 0.00330174175036061, "supply": [{"l": "Wheat", "v": 0.00330174175036061}]}, {"source": 7, "prod": 47.0, "target": 66, "value": 0.011749599679915179, "supply": [{"l": "Vegetables, Other", "v": 0.011749599679915179}]}, {"source": 49, "prod": 20.0, "target": 66, "value": 0.010303438491626214, "supply": [{"l": "Fruits, Other", "v": 0.010303438491626214}]}, {"source": 19, "prod": 1.0, "target": 66, "value": 0.0041541447423119266, "supply": [{"l": "Sugar", "v": 0.0041541447423119266}]}, {"source": 11, "prod": 15.0, "target": 66, "value": 0.0093640073350367663, "supply": [{"l": "Apples", "v": 0.0093640073350367663}]}, {"source": 34, "prod": 22.0, "target": 66, "value": 0.013303471009700855, "supply": [{"l": "Grapes", "v": 0.013303471009700855}]}, {"source": 55, "prod": 19.0, "target": 66, "value": 0.19597758416868299, "supply": [{"l": "Cottonseed Oil", "v": 0.19597758416868299}]}, {"source": 56, "prod": 26.0, "target": 66, "value": 0.0091215233985371905, "supply": [{"l": "Onions", "v": 0.0091215233985371905}]}, {"source": 27, "prod": 39.0, "target": 66, "value": 0.0077362453123107485, "supply": [{"l": "Tomatoes", "v": 0.0077362453123107485}]}, {"source": 36, "prod": 4.0, "target": 66, "value": 0.0035082782302066117, "supply": [{"l": "Wine", "v": 0.0035082782302066117}]}, {"source": 67, "prod": 152.0, "target": 57, "value": 0.90249045866558553, "supply": [{"l": "Cottonseed Oil", "v": 0.45384282649589741}, {"l": "Sugar", "v": 0.44864763216968812}]}, {"source": 67, "prod": 2.0, "target": 6, "value": 0.0015475993514508688, "supply": [{"l": "Potatoes", "v": 0.0015475993514508688}]}, {"source": 67, "prod": 53.0, "target": 25, "value": 0.21545258278013515, "supply": [{"l": "Rice", "v": 0.21545258278013515}]}, {"source": 59, "prod": 5.0, "target": 68, "value": 0.033353702317178574, "supply": [{"l": "Groundnuts", "v": 0.033353702317178574}]}, {"source": 29, "prod": 6.0, "target": 68, "value": 0.061022114466656251, "supply": [{"l": "Soyabean Oil", "v": 0.061022114466656251}]}, {"source": 1, "prod": 32.0, "target": 39, "value": 0.041163797901090912, "supply": [{"l": "Poultry Meat", "v": 0.041163797901090912}]}, {"source": 1, "prod": 16.0, "target": 38, "value": 0.059929646944235297, "supply": [{"l": "Pigmeat", "v": 0.059929646944235297}]}, {"source": 1, "prod": 1.0, "target": 46, "value": 0.00084900333171000005, "supply": [{"l": "Pelagic Fish", "v": 0.00084900333171000005}]}, {"source": 1, "prod": 542.0, "target": 48, "value": 1.4071851203748738, "supply": [{"l": "Bovine Meat", "v": 1.4071851203748738}]}, {"source": 1, "prod": 64.0, "target": 31, "value": 0.10449271774892309, "supply": [{"l": "Eggs", "v": 0.10612541646375001}]}, {"source": 1, "prod": 3541.0, "target": 9, "value": 2.496276504926064, "supply": [{"l": "Milk - Excluding Butter", "v": 2.496276504926064}]}, {"source": 1, "prod": 83.0, "target": 51, "value": 0.10486201864870537, "supply": [{"l": "Offals, Edible", "v": 0.10486201864870537}]}, {"source": 1, "prod": 1.0, "target": 33, "value": 0.00084900333171000005, "supply": [{"l": "Marine Fish, Other", "v": 0.00084900333171000005}]}, {"source": 1, "prod": 12.0, "target": 42, "value": 0.010188039980520001, "supply": [{"l": "Fish, Seafood", "v": 0.010188039980520001}]}, {"source": 1, "prod": 3.0, "target": 43, "value": 0.0032240632849746841, "supply": [{"l": "Meat, Other", "v": 0.0032240632849746841}]}, {"source": 1, "prod": 10.0, "target": 40, "value": 0.010612541646375, "supply": [{"l": "Freshwater Fish", "v": 0.010612541646375}]}, {"source": 1, "prod": 82.0, "target": 45, "value": 0.24643636531051324, "supply": [{"l": "Mutton & Goat Meat", "v": 0.24643636531051324}]}, {"source": 57, "prod": 17.0, "target": 28, "value": 0.13530990599128126, "supply": [{"l": "Fats, Animals, Raw", "v": 0.13530990599128126}]}, {"source": 57, "prod": 52.0, "target": 29, "value": 0.52885832537768751, "supply": [{"l": "Soyabean Oil", "v": 0.52885832537768751}]}, {"source": 57, "prod": 475.0, "target": 19, "value": 1.973218752598165, "supply": [{"l": "Sugar", "v": 1.973218752598165}]}, {"source": 57, "prod": 2.0, "target": 50, "value": 0.0084900333171, "supply": [{"l": "Honey", "v": 0.0084900333171}]}, {"source": 57, "prod": 4.0, "target": 21, "value": 0.045280177691199998, "supply": [{"l": "Maize Germ Oil", "v": 0.045280177691199998}]}, {"source": 57, "prod": 66.0, "target": 22, "value": 0.04090089043274453, "supply": [{"l": "Beer", "v": 0.04090089043274453}]}, {"source": 57, "prod": 37.0, "target": 24, "value": 0.12238879197377925, "supply": [{"l": "Beverages, Alcoholic", "v": 0.12238879197377925}]}, {"source": 57, "prod": 20.0, "target": 37, "value": 0.20707398334390245, "supply": [{"l": "Sunflowerseed Oil", "v": 0.20707398334390245}]}, {"source": 57, "prod": 276.0, "target": 55, "value": 2.8468322752924471, "supply": [{"l": "Cottonseed Oil", "v": 2.8468322752924471}]}, {"source": 57, "prod": 3.0, "target": 20, "value": 0.031837624939125002, "supply": [{"l": "Oilcrops Oil, Other", "v": 0.031837624939125002}]}, {"source": 57, "prod": 2.0, "target": 41, "value": 0.024257238048857144, "supply": [{"l": "Rape and Mustard Oil", "v": 0.024257238048857144}]}, {"source": 57, "prod": 11.0, "target": 26, "value": 0.089416308339670222, "supply": [{"l": "Butter, Ghee", "v": 0.089416308339670222}]}, {"source": 57, "prod": 62.0, "target": 36, "value": 0.054378312568202483, "supply": [{"l": "Wine", "v": 0.054378312568202483}]}, {"source": 69, "prod": 0, "target": 2, "value": 0.00012315186581938892, "supply": "[{\"l\":'Energy for power irrigation',\"v\":0.00012315186581938892}]"}, {"source": 69, "prod": 0, "target": 3, "value": 1.241450260276098e-05, "supply": "[{\"l\":'Energy for power irrigation',\"v\":1.241450260276098e-05}]"}, {"source": 69, "prod": 0, "target": 17, "value": 1.5890563331534054e-05, "supply": "[{\"l\":'Energy for power irrigation',\"v\":1.5890563331534054e-05}]"}, {"source": 69, "prod": 0, "target": 47, "value": 9.9316020822087839e-07, "supply": "[{\"l\":'Energy for power irrigation',\"v\":9.9316020822087839e-07}]"}, {"source": 69, "prod": 0, "target": 23, "value": 9.9316020822087839e-07, "supply": "[{\"l\":'Energy for power irrigation',\"v\":9.9316020822087839e-07}]"}, {"source": 69, "prod": 0, "target": 15, "value": 8.2928877386443355e-05, "supply": "[{\"l\":'Energy for power irrigation',\"v\":8.2928877386443355e-05}]"}, {"source": 69, "prod": 0, "target": 25, "value": 0.0002760985378854042, "supply": "[{\"l\":'Energy for power irrigation',\"v\":0.0002760985378854042}]"}, {"source": 69, "prod": 0, "target": 27, "value": 0.00087944336437958785, "supply": "[{\"l\":'Energy for power irrigation',\"v\":0.00087944336437958785}]"}, {"source": 69, "prod": 0, "target": 0, "value": 5.4623811452148314e-06, "supply": "[{\"l\":'Energy for power irrigation',\"v\":5.4623811452148314e-06}]"}, {"source": 69, "prod": 0, "target": 4, "value": 0.0037700361504064547, "supply": "[{\"l\":'Energy for power irrigation',\"v\":0.0037700361504064547}]"}, {"source": 69, "prod": 0, "target": 30, "value": 1.5890563331534054e-05, "supply": "[{\"l\":'Energy for power irrigation',\"v\":1.5890563331534054e-05}]"}, {"source": 69, "prod": 0, "target": 7, "value": 0.0015870700127369637, "supply": "[{\"l\":'Energy for power irrigation',\"v\":0.0015870700127369637}]"}, {"source": 69, "prod": 0, "target": 32, "value": 1.6883723539754936e-05, "supply": "[{\"l\":'Energy for power irrigation',\"v\":1.6883723539754936e-05}]"}, {"source": 69, "prod": 0, "target": 34, "value": 0.00033370182996221516, "supply": "[{\"l\":'Energy for power irrigation',\"v\":0.00033370182996221516}]"}, {"source": 69, "prod": 0, "target": 59, "value": 5.9589612493252712e-06, "supply": "[{\"l\":'Energy for power irrigation',\"v\":5.9589612493252712e-06}]"}, {"source": 69, "prod": 0, "target": 60, "value": 3.4760607287730746e-06, "supply": "[{\"l\":'Energy for power irrigation',\"v\":3.4760607287730746e-06}]"}, {"source": 69, "prod": 0, "target": 10, "value": 0.0019187855222827373, "supply": "[{\"l\":'Energy for power irrigation',\"v\":0.0019187855222827373}]"}, {"source": 69, "prod": 0, "target": 6, "value": 0.0007945281665767027, "supply": "[{\"l\":'Energy for power irrigation',\"v\":0.0007945281665767027}]"}, {"source": 69, "prod": 0, "target": 35, "value": 3.9726408328835136e-06, "supply": "[{\"l\":'Energy for power irrigation',\"v\":3.9726408328835136e-06}]"}, {"source": 69, "prod": 0, "target": 11, "value": 0.00017876883747975812, "supply": "[{\"l\":'Energy for power irrigation',\"v\":0.00017876883747975812}]"}, {"source": 69, "prod": 0, "target": 12, "value": 0.00011917922498650542, "supply": "[{\"l\":'Energy for power irrigation',\"v\":0.00011917922498650542}]"}, {"source": 69, "prod": 0, "target": 44, "value": 9.9316020822087839e-07, "supply": "[{\"l\":'Energy for power irrigation',\"v\":9.9316020822087839e-07}]"}, {"source": 69, "prod": 0, "target": 13, "value": 1.8870043956196692e-05, "supply": "[{\"l\":'Energy for power irrigation',\"v\":1.8870043956196692e-05}]"}, {"source": 69, "prod": 0, "target": 49, "value": 0.00022793026778669163, "supply": "[{\"l\":'Energy for power irrigation',\"v\":0.00022793026778669163}]"}, {"source": 69, "prod": 0, "target": 8, "value": 1.9863204164417568e-06, "supply": "[{\"l\":'Energy for power irrigation',\"v\":1.9863204164417568e-06}]"}, {"source": 69, "prod": 0, "target": 58, "value": 9.9316020822087839e-07, "supply": "[{\"l\":'Energy for power irrigation',\"v\":9.9316020822087839e-07}]"}, {"source": 69, "prod": 0, "target": 56, "value": 0.0003908085419349157, "supply": "[{\"l\":'Energy for power irrigation',\"v\":0.0003908085419349157}]"}, {"source": 69, "prod": 0, "target": 14, "value": 1.5393983227423615e-05, "supply": "[{\"l\":'Energy for power irrigation',\"v\":1.5393983227423615e-05}]"}, {"source": 69, "prod": 0, "target": 57, "value": 12.598000010078399, "supply": "[{\"l\":'Electricity',\"v\":12.598000010078399}]"}, {"source": 70, "prod": 0, "target": 69, "value": 23.055851213796647, "supply": [{"l": "Coal", "v": 1.3206881725739701}, {"l": "Natural gas", "v": 17.784498147727184}, {"l": "Oil", "v": 3.9506648934954907}]}, {"source": 71, "prod": 0, "target": 69, "value": 1.5817406795176316, "supply": [{"l": "Nuclear", "v": 0.0}, {"l": "Hydroelectric", "v": 1.5817406795176316}, {"l": "Renewable", "v": 0.0}]}, {"source": 70, "prod": 0, "target": 2, "value": 0.40976721335625904, "supply": [{"l": "Motor Gasoline", "v": 0.0047383525676980903}, {"l": "Gas-Diesel oil", "v": 0.13743802083228931}, {"l": "Natural gas (including LNG)", "v": 0.022103084013176726}, {"l": "Fuel oil", "v": 0.00012709430602509815}, {"l": "Other fossil fuels", "v": 0.24536066163706979}]}, {"source": 70, "prod": 0, "target": 3, "value": 0.04130717876575192, "supply": [{"l": "Motor Gasoline", "v": 0.00047765650884053332}, {"l": "Gas-Diesel oil", "v": 0.013854639196803359}, {"l": "Natural gas (including LNG)", "v": 0.0022281334690702342}, {"l": "Fuel oil", "v": 1.2811926010594572e-05}, {"l": "Other fossil fuels", "v": 0.024733937665027197}]}, {"source": 70, "prod": 0, "target": 17, "value": 0.05287318882016246, "supply": [{"l": "Motor Gasoline", "v": 0.00061140033131588261}, {"l": "Gas-Diesel oil", "v": 0.017733938171908301}, {"l": "Natural gas (including LNG)", "v": 0.0028520108404099}, {"l": "Fuel oil", "v": 1.6399265293561055e-05}, {"l": "Other fossil fuels", "v": 0.031659440211234811}]}, {"source": 70, "prod": 0, "target": 47, "value": 0.0033045743012601538, "supply": [{"l": "Motor Gasoline", "v": 3.8212520707242663e-05}, {"l": "Gas-Diesel oil", "v": 0.0011083711357442688}, {"l": "Natural gas (including LNG)", "v": 0.00017825067752561875}, {"l": "Fuel oil", "v": 1.0249540808475659e-06}, {"l": "Other fossil fuels", "v": 0.0019787150132021757}]}, {"source": 70, "prod": 0, "target": 23, "value": 0.0033045743012601538, "supply": [{"l": "Motor Gasoline", "v": 3.8212520707242663e-05}, {"l": "Gas-Diesel oil", "v": 0.0011083711357442688}, {"l": "Natural gas (including LNG)", "v": 0.00017825067752561875}, {"l": "Fuel oil", "v": 1.0249540808475659e-06}, {"l": "Other fossil fuels", "v": 0.0019787150132021757}]}, {"source": 70, "prod": 0, "target": 15, "value": 0.27593195415522287, "supply": [{"l": "Motor Gasoline", "v": 0.0031907454790547625}, {"l": "Gas-Diesel oil", "v": 0.092548989834646447}, {"l": "Natural gas (including LNG)", "v": 0.014883931573389166}, {"l": "Fuel oil", "v": 8.5583665750771755e-05}, {"l": "Other fossil fuels", "v": 0.1652227036023817}]}, {"source": 70, "prod": 0, "target": 25, "value": 0.91867165575032272, "supply": [{"l": "Motor Gasoline", "v": 0.010623080756613461}, {"l": "Gas-Diesel oil", "v": 0.30812717573690673}, {"l": "Natural gas (including LNG)", "v": 0.049553688352122011}, {"l": "Fuel oil", "v": 0.0002849372344756233}, {"l": "Other fossil fuels", "v": 0.55008277367020486}]}, {"source": 70, "prod": 0, "target": 27, "value": 2.9262005437658662, "supply": [{"l": "Motor Gasoline", "v": 0.033837187086263383}, {"l": "Gas-Diesel oil", "v": 0.98146264070155009}, {"l": "Natural gas (including LNG)", "v": 0.1578409749489354}, {"l": "Fuel oil", "v": 0.0009075968385905196}, {"l": "Other fossil fuels", "v": 1.7521521441905268}]}, {"source": 70, "prod": 0, "target": 0, "value": 0.018175158656930847, "supply": [{"l": "Motor Gasoline", "v": 0.00021016886388983467}, {"l": "Gas-Diesel oil", "v": 0.0060960412465934782}, {"l": "Natural gas (including LNG)", "v": 0.00098037872639090322}, {"l": "Fuel oil", "v": 5.6372474446616121e-06}, {"l": "Other fossil fuels", "v": 0.010882932572611968}]}, {"source": 70, "prod": 0, "target": 4, "value": 12.544164047583545, "supply": [{"l": "Motor Gasoline", "v": 0.14505472860469318}, {"l": "Gas-Diesel oil", "v": 4.2073768312852442}, {"l": "Natural gas (including LNG)", "v": 0.67663957188724877}, {"l": "Fuel oil", "v": 0.0038907256908973604}, {"l": "Other fossil fuels", "v": 7.5112021901154602}]}, {"source": 70, "prod": 0, "target": 30, "value": 0.05287318882016246, "supply": [{"l": "Motor Gasoline", "v": 0.00061140033131588261}, {"l": "Gas-Diesel oil", "v": 0.017733938171908301}, {"l": "Natural gas (including LNG)", "v": 0.0028520108404099}, {"l": "Fuel oil", "v": 1.6399265293561055e-05}, {"l": "Other fossil fuels", "v": 0.031659440211234811}]}, {"source": 70, "prod": 0, "target": 7, "value": 5.2807097334137261, "supply": [{"l": "Motor Gasoline", "v": 0.061063608090173783}, {"l": "Gas-Diesel oil", "v": 1.7711770749193416}, {"l": "Natural gas (including LNG)", "v": 0.28484458268593876}, {"l": "Fuel oil", "v": 0.0016378766211944103}, {"l": "Other fossil fuels", "v": 3.1619865910970772}]}, {"source": 70, "prod": 0, "target": 32, "value": 0.056177763121422614, "supply": [{"l": "Motor Gasoline", "v": 0.00064961285202312538}, {"l": "Gas-Diesel oil", "v": 0.018842309307652572}, {"l": "Natural gas (including LNG)", "v": 0.0030302615179355189}, {"l": "Fuel oil", "v": 1.7424219374408621e-05}, {"l": "Other fossil fuels", "v": 0.033638155224436993}]}, {"source": 70, "prod": 0, "target": 34, "value": 1.1103369652234116, "supply": [{"l": "Motor Gasoline", "v": 0.012839406957633536}, {"l": "Gas-Diesel oil", "v": 0.37241270161007428}, {"l": "Natural gas (including LNG)", "v": 0.059892227648607896}, {"l": "Fuel oil", "v": 0.00034438457116478213}, {"l": "Other fossil fuels", "v": 0.66484824443593105}]}, {"source": 70, "prod": 0, "target": 59, "value": 0.019827445807560923, "supply": [{"l": "Motor Gasoline", "v": 0.00022927512424345602}, {"l": "Gas-Diesel oil", "v": 0.0066502268144656134}, {"l": "Natural gas (including LNG)", "v": 0.0010695040651537125}, {"l": "Fuel oil", "v": 6.1497244850853957e-06}, {"l": "Other fossil fuels", "v": 0.011872290079213057}]}, {"source": 70, "prod": 0, "target": 60, "value": 0.011566010054410538, "supply": [{"l": "Motor Gasoline", "v": 0.00013374382247534933}, {"l": "Gas-Diesel oil", "v": 0.003879298975104941}, {"l": "Natural gas (including LNG)", "v": 0.00062387737133966562}, {"l": "Fuel oil", "v": 3.5873392829664806e-06}, {"l": "Other fossil fuels", "v": 0.0069255025462076156}]}, {"source": 70, "prod": 0, "target": 10, "value": 6.384437550034618, "supply": [{"l": "Motor Gasoline", "v": 0.073826590006392828}, {"l": "Gas-Diesel oil", "v": 2.1413730342579274}, {"l": "Natural gas (including LNG)", "v": 0.34438030897949545}, {"l": "Fuel oil", "v": 0.0019802112841974975}, {"l": "Other fossil fuels", "v": 3.8228774055066039}]}, {"source": 70, "prod": 0, "target": 6, "value": 2.6436594410081229, "supply": [{"l": "Motor Gasoline", "v": 0.030570016565794132}, {"l": "Gas-Diesel oil", "v": 0.88669690859541495}, {"l": "Natural gas (including LNG)", "v": 0.14260054202049499}, {"l": "Fuel oil", "v": 0.00081996326467805264}, {"l": "Other fossil fuels", "v": 1.5829720105617406}]}, {"source": 70, "prod": 0, "target": 35, "value": 0.013218297205040615, "supply": [{"l": "Motor Gasoline", "v": 0.00015285008282897065}, {"l": "Gas-Diesel oil", "v": 0.0044334845429770753}, {"l": "Natural gas (including LNG)", "v": 0.00071300271010247499}, {"l": "Fuel oil", "v": 4.0998163233902638e-06}, {"l": "Other fossil fuels", "v": 0.0079148600528087028}]}, {"source": 70, "prod": 0, "target": 11, "value": 0.59482337422682763, "supply": [{"l": "Motor Gasoline", "v": 0.0068782537273036791}, {"l": "Gas-Diesel oil", "v": 0.19950680443396837}, {"l": "Natural gas (including LNG)", "v": 0.03208512195461137}, {"l": "Fuel oil", "v": 0.00018449173455256185}, {"l": "Other fossil fuels", "v": 0.35616870237639164}]}, {"source": 70, "prod": 0, "target": 12, "value": 0.39654891615121851, "supply": [{"l": "Motor Gasoline", "v": 0.0045855024848691205}, {"l": "Gas-Diesel oil", "v": 0.13300453628931228}, {"l": "Natural gas (including LNG)", "v": 0.021390081303074251}, {"l": "Fuel oil", "v": 0.00012299448970170792}, {"l": "Other fossil fuels", "v": 0.23744580158426112}]}, {"source": 70, "prod": 0, "target": 44, "value": 0.0033045743012601538, "supply": [{"l": "Motor Gasoline", "v": 3.8212520707242663e-05}, {"l": "Gas-Diesel oil", "v": 0.0011083711357442688}, {"l": "Natural gas (including LNG)", "v": 0.00017825067752561875}, {"l": "Fuel oil", "v": 1.0249540808475659e-06}, {"l": "Other fossil fuels", "v": 0.0019787150132021757}]}, {"source": 70, "prod": 0, "target": 13, "value": 0.06278691172394292, "supply": [{"l": "Motor Gasoline", "v": 0.00072603789343761069}, {"l": "Gas-Diesel oil", "v": 0.021059051579141105}, {"l": "Natural gas (including LNG)", "v": 0.0033867628729867564}, {"l": "Fuel oil", "v": 1.9474127536103752e-05}, {"l": "Other fossil fuels", "v": 0.037595585250841342}]}, {"source": 70, "prod": 0, "target": 49, "value": 0.75839980213920533, "supply": [{"l": "Motor Gasoline", "v": 0.0087697735023121934}, {"l": "Gas-Diesel oil", "v": 0.25437117565330969}, {"l": "Natural gas (including LNG)", "v": 0.040908530492129509}, {"l": "Fuel oil", "v": 0.00023522696155451638}, {"l": "Other fossil fuels", "v": 0.45411509552989943}]}, {"source": 70, "prod": 0, "target": 8, "value": 0.0066091486025203075, "supply": [{"l": "Motor Gasoline", "v": 7.6425041414485327e-05}, {"l": "Gas-Diesel oil", "v": 0.0022167422714885377}, {"l": "Natural gas (including LNG)", "v": 0.0003565013550512375}, {"l": "Fuel oil", "v": 2.0499081616951319e-06}, {"l": "Other fossil fuels", "v": 0.0039574300264043514}]}, {"source": 70, "prod": 0, "target": 58, "value": 0.0033045743012601538, "supply": [{"l": "Motor Gasoline", "v": 3.8212520707242663e-05}, {"l": "Gas-Diesel oil", "v": 0.0011083711357442688}, {"l": "Natural gas (including LNG)", "v": 0.00017825067752561875}, {"l": "Fuel oil", "v": 1.0249540808475659e-06}, {"l": "Other fossil fuels", "v": 0.0019787150132021757}]}, {"source": 70, "prod": 0, "target": 56, "value": 1.3003499875458706, "supply": [{"l": "Motor Gasoline", "v": 0.015036626898299991}, {"l": "Gas-Diesel oil", "v": 0.43614404191536982}, {"l": "Natural gas (including LNG)", "v": 0.07014164160633099}, {"l": "Fuel oil", "v": 0.0004033194308135172}, {"l": "Other fossil fuels", "v": 0.77862435769505633}]}, {"source": 70, "prod": 0, "target": 14, "value": 0.05122090166953238, "supply": [{"l": "Motor Gasoline", "v": 0.00059229407096226129}, {"l": "Gas-Diesel oil", "v": 0.017179752604036164}, {"l": "Natural gas (including LNG)", "v": 0.0027628855016470907}, {"l": "Fuel oil", "v": 1.5886788253137269e-05}, {"l": "Other fossil fuels", "v": 0.030670082704633724}]}, {"source": 72, "prod": 9.3365238834596767, "target": 2, "value": 0.1415074295080771, "supply": [{"l": "Potash", "v": 0.10255555563760001}, {"l": "Phosphate", "v": 0.59505833380938}, {"l": "Nitrogen", "v": 11.797263898326699}]}, {"source": 72, "prod": 0.94118184309069308, "target": 3, "value": 0.014264861845572288, "supply": [{"l": "Potash", "v": 0.10255555563760001}, {"l": "Phosphate", "v": 0.59505833380938}, {"l": "Nitrogen", "v": 11.797263898326699}]}, {"source": 72, "prod": 1.2047127591560873, "target": 17, "value": 0.018259023162332529, "supply": [{"l": "Potash", "v": 0.10255555563760001}, {"l": "Phosphate", "v": 0.59505833380938}, {"l": "Nitrogen", "v": 11.797263898326699}]}, {"source": 72, "prod": 0.075294547447255458, "target": 47, "value": 0.001141188947645783, "supply": [{"l": "Potash", "v": 0.10255555563760001}, {"l": "Phosphate", "v": 0.59505833380938}, {"l": "Nitrogen", "v": 11.797263898326699}]}, {"source": 72, "prod": 0.075294547447255458, "target": 23, "value": 0.001141188947645783, "supply": [{"l": "Potash", "v": 0.10255555563760001}, {"l": "Phosphate", "v": 0.59505833380938}, {"l": "Nitrogen", "v": 11.797263898326699}]}, {"source": 72, "prod": 6.28709471184583, "target": 15, "value": 0.095289277128422889, "supply": [{"l": "Potash", "v": 0.10255555563760001}, {"l": "Phosphate", "v": 0.59505833380938}, {"l": "Nitrogen", "v": 11.797263898326699}]}, {"source": 72, "prod": 20.931884190337016, "target": 25, "value": 0.31725052744552767, "supply": [{"l": "Potash", "v": 0.10255555563760001}, {"l": "Phosphate", "v": 0.59505833380938}, {"l": "Nitrogen", "v": 11.797263898326699}]}, {"source": 72, "prod": 66.67332176454471, "target": 27, "value": 1.010522813140341, "supply": [{"l": "Potash", "v": 0.10255555563760001}, {"l": "Phosphate", "v": 0.59505833380938}, {"l": "Nitrogen", "v": 11.797263898326699}]}, {"source": 72, "prod": 0.41412001095990503, "target": 0, "value": 0.0062765392120518069, "supply": [{"l": "Potash", "v": 0.10255555563760001}, {"l": "Phosphate", "v": 0.59505833380938}, {"l": "Nitrogen", "v": 11.797263898326699}]}, {"source": 72, "prod": 285.81810210978171, "target": 4, "value": 4.3319532452633931, "supply": [{"l": "Potash", "v": 0.10255555563760001}, {"l": "Phosphate", "v": 0.59505833380938}, {"l": "Nitrogen", "v": 11.797263898326699}]}, {"source": 72, "prod": 1.2047127591560873, "target": 30, "value": 0.018259023162332529, "supply": [{"l": "Potash", "v": 0.10255555563760001}, {"l": "Phosphate", "v": 0.59505833380938}, {"l": "Nitrogen", "v": 11.797263898326699}]}, {"source": 72, "prod": 120.32068682071422, "target": 7, "value": 1.8236199383379614, "supply": [{"l": "Potash", "v": 0.10255555563760001}, {"l": "Phosphate", "v": 0.59505833380938}, {"l": "Nitrogen", "v": 11.797263898326699}]}, {"source": 72, "prod": 1.2800073066033428, "target": 32, "value": 0.019400212109978315, "supply": [{"l": "Potash", "v": 0.10255555563760001}, {"l": "Phosphate", "v": 0.59505833380938}, {"l": "Nitrogen", "v": 11.797263898326699}]}, {"source": 72, "prod": 25.29896794227783, "target": 34, "value": 0.38343948640898312, "supply": [{"l": "Potash", "v": 0.10255555563760001}, {"l": "Phosphate", "v": 0.59505833380938}, {"l": "Nitrogen", "v": 11.797263898326699}]}, {"source": 72, "prod": 0.45176728468353278, "target": 59, "value": 0.0068471336858746991, "supply": [{"l": "Potash", "v": 0.10255555563760001}, {"l": "Phosphate", "v": 0.59505833380938}, {"l": "Nitrogen", "v": 11.797263898326699}]}, {"source": 72, "prod": 0.26353091606539408, "target": 60, "value": 0.0039941613167602408, "supply": [{"l": "Potash", "v": 0.10255555563760001}, {"l": "Phosphate", "v": 0.59505833380938}, {"l": "Nitrogen", "v": 11.797263898326699}]}, {"source": 72, "prod": 145.46906566809756, "target": 10, "value": 2.2047770468516532, "supply": [{"l": "Potash", "v": 0.10255555563760001}, {"l": "Phosphate", "v": 0.59505833380938}, {"l": "Nitrogen", "v": 11.797263898326699}]}, {"source": 72, "prod": 60.235637957804357, "target": 6, "value": 0.91295115811662642, "supply": [{"l": "Potash", "v": 0.10255555563760001}, {"l": "Phosphate", "v": 0.59505833380938}, {"l": "Nitrogen", "v": 11.797263898326699}]}, {"source": 72, "prod": 0.30117818978902183, "target": 35, "value": 0.0045647557905831321, "supply": [{"l": "Potash", "v": 0.10255555563760001}, {"l": "Phosphate", "v": 0.59505833380938}, {"l": "Nitrogen", "v": 11.797263898326699}]}, {"source": 72, "prod": 13.553018540505981, "target": 11, "value": 0.20541401057624095, "supply": [{"l": "Potash", "v": 0.10255555563760001}, {"l": "Phosphate", "v": 0.59505833380938}, {"l": "Nitrogen", "v": 11.797263898326699}]}, {"source": 72, "prod": 9.0353456936706547, "target": 12, "value": 0.136942673717494, "supply": [{"l": "Potash", "v": 0.10255555563760001}, {"l": "Phosphate", "v": 0.59505833380938}, {"l": "Nitrogen", "v": 11.797263898326699}]}, {"source": 72, "prod": 0.075294547447255458, "target": 44, "value": 0.001141188947645783, "supply": [{"l": "Potash", "v": 0.10255555563760001}, {"l": "Phosphate", "v": 0.59505833380938}, {"l": "Nitrogen", "v": 11.797263898326699}]}, {"source": 72, "prod": 1.4305964014978536, "target": 13, "value": 0.02168259000526988, "supply": [{"l": "Potash", "v": 0.10255555563760001}, {"l": "Phosphate", "v": 0.59505833380938}, {"l": "Nitrogen", "v": 11.797263898326699}]}, {"source": 72, "prod": 17.280098639145127, "target": 49, "value": 0.26190286348470726, "supply": [{"l": "Potash", "v": 0.10255555563760001}, {"l": "Phosphate", "v": 0.59505833380938}, {"l": "Nitrogen", "v": 11.797263898326699}]}, {"source": 72, "prod": 0.15058909489451092, "target": 8, "value": 0.0022823778952915661, "supply": [{"l": "Potash", "v": 0.10255555563760001}, {"l": "Phosphate", "v": 0.59505833380938}, {"l": "Nitrogen", "v": 11.797263898326699}]}, {"source": 72, "prod": 0.075294547447255458, "target": 58, "value": 0.001141188947645783, "supply": [{"l": "Potash", "v": 0.10255555563760001}, {"l": "Phosphate", "v": 0.59505833380938}, {"l": "Nitrogen", "v": 11.797263898326699}]}, {"source": 72, "prod": 29.628404420495023, "target": 56, "value": 0.44905785089861572, "supply": [{"l": "Potash", "v": 0.10255555563760001}, {"l": "Phosphate", "v": 0.59505833380938}, {"l": "Nitrogen", "v": 11.797263898326699}]}, {"source": 72, "prod": 1.1670654854324596, "target": 14, "value": 0.017688428688509637, "supply": [{"l": "Potash", "v": 0.10255555563760001}, {"l": "Phosphate", "v": 0.59505833380938}, {"l": "Nitrogen", "v": 11.797263898326699}]}, {"source": 70, "prod": 0, "target": 72, "value": 14.802516862791059, "supply": [{"l": "Natural gas (including LNG)", "v": 10.071718048243945}, {"l": "Fuel oil", "v": 2.6453824784861264}, {"l": "Liquefied petroleum gas (LPG)", "v": 1.0427081680304942}, {"l": "Coal", "v": 1.0427081680304942}]}, {"source": 73, "prod": 0, "target": 2, "value": 0.019947519766152062, "supply": "[{\"l\":'Labor',\"v\":0.019947519766152062}]"}, {"source": 73, "prod": 0, "target": 3, "value": 0.0020108386861040382, "supply": "[{\"l\":'Labor',\"v\":0.0020108386861040382}]"}, {"source": 73, "prod": 0, "target": 17, "value": 0.0025738735182131694, "supply": "[{\"l\":'Labor',\"v\":0.0025738735182131694}]"}, {"source": 73, "prod": 0, "target": 23, "value": 0.00016086709488832309, "supply": "[{\"l\":'Labor',\"v\":0.00016086709488832309}]"}, {"source": 73, "prod": 0, "target": 15, "value": 0.013432402423174977, "supply": "[{\"l\":'Labor',\"v\":0.013432402423174977}]"}, {"source": 73, "prod": 0, "target": 25, "value": 0.04472105237895381, "supply": "[{\"l\":'Labor',\"v\":0.04472105237895381}]"}, {"source": 73, "prod": 0, "target": 27, "value": 0.14244781252361008, "supply": "[{\"l\":'Labor',\"v\":0.14244781252361008}]"}, {"source": 73, "prod": 0, "target": 0, "value": 0.00088476902188577692, "supply": "[{\"l\":'Labor',\"v\":0.00088476902188577692}]"}, {"source": 73, "prod": 0, "target": 4, "value": 0.6106514921960744, "supply": "[{\"l\":'Labor',\"v\":0.6106514921960744}]"}, {"source": 73, "prod": 0, "target": 30, "value": 0.0025738735182131694, "supply": "[{\"l\":'Labor',\"v\":0.0025738735182131694}]"}, {"source": 73, "prod": 0, "target": 7, "value": 0.25706561763154029, "supply": "[{\"l\":'Labor',\"v\":0.25706561763154029}]"}, {"source": 73, "prod": 0, "target": 32, "value": 0.0027347406131014926, "supply": "[{\"l\":'Labor',\"v\":0.0027347406131014926}]"}, {"source": 73, "prod": 0, "target": 10, "value": 0.3107952273242402, "supply": "[{\"l\":'Labor',\"v\":0.3107952273242402}]"}, {"source": 73, "prod": 0, "target": 34, "value": 0.054051343882476552, "supply": "[{\"l\":'Labor',\"v\":0.054051343882476552}]"}, {"source": 73, "prod": 0, "target": 35, "value": 0.00064346837955329235, "supply": "[{\"l\":'Labor',\"v\":0.00064346837955329235}]"}, {"source": 73, "prod": 0, "target": 60, "value": 0.00056303483210913075, "supply": "[{\"l\":'Labor',\"v\":0.00056303483210913075}]"}, {"source": 73, "prod": 0, "target": 18, "value": 8.0433547444161543e-05, "supply": "[{\"l\":'Labor',\"v\":8.0433547444161543e-05}]"}, {"source": 73, "prod": 0, "target": 5, "value": 0.010456361167741001, "supply": "[{\"l\":'Labor',\"v\":0.010456361167741001}]"}, {"source": 73, "prod": 0, "target": 6, "value": 0.12869367591065844, "supply": "[{\"l\":'Labor',\"v\":0.12869367591065844}]"}, {"source": 73, "prod": 0, "target": 59, "value": 0.00096520256932993852, "supply": "[{\"l\":'Labor',\"v\":0.00096520256932993852}]"}, {"source": 73, "prod": 0, "target": 11, "value": 0.028956077079898151, "supply": "[{\"l\":'Labor',\"v\":0.028956077079898151}]"}, {"source": 73, "prod": 0, "target": 12, "value": 0.01930405138659877, "supply": "[{\"l\":'Labor',\"v\":0.01930405138659877}]"}, {"source": 73, "prod": 0, "target": 44, "value": 0.00016086709488832309, "supply": "[{\"l\":'Labor',\"v\":0.00016086709488832309}]"}, {"source": 73, "prod": 0, "target": 13, "value": 0.0030564748028781385, "supply": "[{\"l\":'Labor',\"v\":0.0030564748028781385}]"}, {"source": 73, "prod": 0, "target": 47, "value": 0.00016086709488832309, "supply": "[{\"l\":'Labor',\"v\":0.00016086709488832309}]"}, {"source": 73, "prod": 0, "target": 49, "value": 0.036918998276870153, "supply": "[{\"l\":'Labor',\"v\":0.036918998276870153}]"}, {"source": 73, "prod": 0, "target": 8, "value": 0.00032173418977664617, "supply": "[{\"l\":'Labor',\"v\":0.00032173418977664617}]"}, {"source": 73, "prod": 0, "target": 52, "value": 8.0433547444161543e-05, "supply": "[{\"l\":'Labor',\"v\":8.0433547444161543e-05}]"}, {"source": 73, "prod": 0, "target": 58, "value": 0.00016086709488832309, "supply": "[{\"l\":'Labor',\"v\":0.00016086709488832309}]"}, {"source": 73, "prod": 0, "target": 53, "value": 0.00024130064233248463, "supply": "[{\"l\":'Labor',\"v\":0.00024130064233248463}]"}, {"source": 73, "prod": 0, "target": 54, "value": 0.00072390192699745394, "supply": "[{\"l\":'Labor',\"v\":0.00072390192699745394}]"}, {"source": 73, "prod": 0, "target": 56, "value": 0.063301201838555129, "supply": "[{\"l\":'Labor',\"v\":0.063301201838555129}]"}, {"source": 73, "prod": 0, "target": 14, "value": 0.0024934399707690078, "supply": "[{\"l\":'Labor',\"v\":0.0024934399707690078}]"}, {"source": 70, "prod": 0, "target": 63, "value": 24.132009925101485, "supply": "[{\"l\":'Fossil Fuels',\"v\":24.132009925101485}]"}, {"source": 71, "prod": 0, "target": 63, "value": 0.24460331489220169, "supply": "[{\"l\":'Renewables & Nuclear',\"v\":0.24255632890206916},{\"l\":'Biomass & Waste',\"v\":0.0020469859901325292}]"}]}