{"nodes": [{"layer": 13, "name": "Animal Products", "fill": "#17becf"}, {"layer": 10, "name": "Feed", "fill": "#dbdb8d"}, {"layer": 5, "name": "Cereals", "fill": "#e7ba52"}, {"layer": 5, "name": "Oilcrops", "fill": "#ff9896"}, {"layer": 5, "name": "Sugar Crops", "fill": "#ffbb78"}, {"layer": 5, "name": "Starchy Roots"}, {"layer": 5, "name": "Fruits & Vegetables"}, {"layer": 13, "name": "Other Processed", "fill": "#9c9ede"}, {"layer": 16, "name": "Food", "fill": "#b5cf6b"}, {"layer": 13, "name": "Sugar", "fill": "#d6616b"}, {"layer": 5, "name": "Others"}, {"layer": 13, "name": "Aquatic Products", "fill": "#1f77b4"}, {"layer": 13, "name": "Vegetable Oils", "fill": "#f7b6d2"}, {"layer": 10, "name": "Processing", "fill": "#9edae5"}, {"layer": 16, "name": "Biofuels & Other", "fill": "#e7ba52"}, {"name": "Seed", "fill": "#dbdb8d"}, {"name": "Waste", "fill": "#c7c7c7"}, {"layer": 0, "name": "Import", "fill": "#aec7e8"}, {"layer": 16, "name": "Export", "fill": "#aec7e8"}, {"layer": 0, "name": "Stock Draw", "fill": "#c7c7c7"}, {"layer": 16, "name": "Stock Deposit", "fill": "#c7c7c7"}, {"layer": 0, "name": "Production", "fill": "#b5cf6b"}], "links": [{"source": 0, "prod": 0.11215012447719058, "target": 1, "value": 159.0, "supply": [{"l": "Milk - Excluding Butter", "v": 159.0}]}, {"source": 2, "prod": 0.40941490607247183, "target": 1, "value": 129.0, "supply": [{"l": "Maize", "v": 14.0}, {"l": "Wheat", "v": 68.0}, {"l": "Rye", "v": 10.0}, {"l": "Millet", "v": 3.0}, {"l": "Barley", "v": 17.0}, {"l": "Sorghum", "v": 17.0}]}, {"source": 3, "prod": 3.482076678273617, "target": 1, "value": 499.0, "supply": [{"l": "Sunflower seed", "v": 5.0}, {"l": "Soyabeans", "v": 2.0}, {"l": "Cottonseed", "v": 492.0}]}, {"source": 4, "prod": 0.061597777660000005, "target": 1, "value": 53.0, "supply": [{"l": "Sugar beet", "v": 53.0}]}, {"source": 5, "prod": 0.0015643721602401626, "target": 1, "value": 2.0, "supply": [{"l": "Potatoes", "v": 2.0}]}, {"source": 6, "prod": 0.04194799311437715, "target": 1, "value": 116.0, "supply": [{"l": "Vegetables, Other", "v": 88.0}, {"l": "Apples", "v": 8.0}, {"l": "Peas", "v": 1.0}, {"l": "Pulses, Other", "v": 19.0}]}, {"source": 7, "prod": 0.41471802566964255, "target": 8, "value": 193.0, "supply": [{"l": "Beer", "v": 71.0}, {"l": "Beverages, Alcoholic", "v": 38.0}, {"l": "Fats, Animals, Raw", "v": 16.0}, {"l": "Butter, Ghee", "v": 9.0}, {"l": "Wine", "v": 59.0}]}, {"source": 0, "prod": 3.9132478908103505, "target": 8, "value": 4027.0, "supply": [{"l": "Pigmeat", "v": 20.0}, {"l": "Meat, Other", "v": 2.0}, {"l": "Eggs", "v": 67.0}, {"l": "Mutton & Goat Meat", "v": 73.0}, {"l": "Milk - Excluding Butter", "v": 3379.0}, {"l": "Bovine Meat", "v": 380.0}, {"l": "Poultry Meat", "v": 31.0}, {"l": "Offals, Edible", "v": 75.0}]}, {"source": 2, "prod": 14.465995610296492, "target": 8, "value": 4331.0, "supply": [{"l": "Maize", "v": 119.0}, {"l": "Barley", "v": 42.0}, {"l": "Rice", "v": 269.0}, {"l": "Cereals, Other", "v": 10.0}, {"l": "Wheat", "v": 3891.0}]}, {"source": 3, "prod": 0.12560597236257537, "target": 8, "value": 18.0, "supply": [{"l": "Sesame seed", "v": 18.0}]}, {"source": 9, "prod": 1.6744588351631382, "target": 8, "value": 405.0, "supply": [{"l": "Sugar", "v": 403.0}, {"l": "Honey", "v": 2.0}]}, {"source": 5, "prod": 0.61401607289426374, "target": 8, "value": 785.0, "supply": [{"l": "Potatoes", "v": 785.0}]}, {"source": 6, "prod": 1.0545238662105374, "target": 8, "value": 3268.0, "supply": [{"l": "Grapefruit", "v": 1.0}, {"l": "Tomatoes", "v": 952.0}, {"l": "Treenuts", "v": 19.0}, {"l": "Vegetables, Other", "v": 1592.0}, {"l": "Grapes", "v": 194.0}, {"l": "Dates", "v": 1.0}, {"l": "Apples", "v": 13.0}, {"l": "Citrus, Other", "v": 1.0}, {"l": "Fruits, Other", "v": 166.0}, {"l": "Oranges, Mandarines", "v": 1.0}, {"l": "Onions", "v": 328.0}]}, {"source": 10, "prod": 0.09394648029690407, "target": 8, "value": 35.0, "supply": [{"l": "Nuts", "v": 19.0}, {"l": "Pimento", "v": 4.0}, {"l": "Cocoa Beans", "v": 1.0}, {"l": "Tea", "v": 11.0}]}, {"source": 11, "prod": 0.022875923104408332, "target": 8, "value": 22.0, "supply": [{"l": "Freshwater Fish", "v": 9.0}, {"l": "Fish, Seafood", "v": 11.0}, {"l": "Pelagic Fish", "v": 2.0}]}, {"source": 12, "prod": 2.9426499790346119, "target": 8, "value": 287.0, "supply": [{"l": "Maize Germ Oil", "v": 4.0}, {"l": "Soyabean Oil", "v": 48.0}, {"l": "Sunflowerseed Oil", "v": 10.0}, {"l": "Rape and Mustard Oil", "v": 1.0}, {"l": "Oilcrops Oil, Other", "v": 1.0}, {"l": "Cottonseed Oil", "v": 223.0}]}, {"source": 4, "prod": 0.18944222186000001, "target": 13, "value": 163.0, "supply": [{"l": "Sugar beet", "v": 163.0}]}, {"source": 6, "prod": 0.068371064766026557, "target": 13, "value": 98.0, "supply": [{"l": "Grapes", "v": 98.0}]}, {"source": 2, "prod": 0.39358238056260036, "target": 13, "value": 122.0, "supply": [{"l": "Wheat", "v": 106.0}, {"l": "Barley", "v": 16.0}]}, {"source": 3, "prod": 11.660421100992412, "target": 13, "value": 1671.0, "supply": [{"l": "Cottonseed", "v": 1636.0}, {"l": "Soyabeans", "v": 31.0}, {"l": "Rape and Mustardseed", "v": 1.0}, {"l": "Oilcrops, Other", "v": 3.0}]}, {"source": 12, "prod": 0.36986283757663363, "target": 14, "value": 36.0, "supply": [{"l": "Cottonseed Oil", "v": 36.0}]}, {"source": 0, "prod": 0.002488934848661238, "target": 14, "value": 2.0, "supply": [{"l": "Offals, Edible", "v": 2.0}]}, {"source": 5, "prod": 0.040673676166244226, "target": 15, "value": 52.0, "supply": [{"l": "Potatoes", "v": 52.0}]}, {"source": 0, "prod": 0.0015549511569780219, "target": 0, "value": 1.0, "supply": [{"l": "Eggs", "v": 1.0}]}, {"source": 2, "prod": 0.77162392887568276, "target": 15, "value": 230.0, "supply": [{"l": "Maize", "v": 7.0}, {"l": "Wheat", "v": 190.0}, {"l": "Barley", "v": 9.0}, {"l": "Rice", "v": 24.0}]}, {"source": 3, "prod": 0.50242388945030148, "target": 15, "value": 72.0, "supply": [{"l": "Cottonseed", "v": 72.0}]}, {"source": 5, "prod": 0.0062574886409606503, "target": 16, "value": 8.0, "supply": [{"l": "Potatoes", "v": 8.0}]}, {"source": 4, "prod": 0.012784444420000001, "target": 16, "value": 11.0, "supply": [{"l": "Sugar beet", "v": 11.0}]}, {"source": 6, "prod": 0.061297653504824828, "target": 16, "value": 155.0, "supply": [{"l": "Vegetables, Other", "v": 71.0}, {"l": "Fruits, Other", "v": 9.0}, {"l": "Grapes", "v": 35.0}, {"l": "Onions", "v": 17.0}, {"l": "Tomatoes", "v": 20.0}, {"l": "Apples", "v": 3.0}]}, {"source": 0, "prod": 0.0015549511569780219, "target": 16, "value": 1.0, "supply": [{"l": "Eggs", "v": 1.0}]}, {"source": 2, "prod": 0.14978853076358906, "target": 16, "value": 44.0, "supply": [{"l": "Maize", "v": 3.0}, {"l": "Wheat", "v": 31.0}, {"l": "Barley", "v": 2.0}, {"l": "Rice", "v": 8.0}]}, {"source": 17, "prod": 0.010010923639210884, "target": 10, "value": 12.0, "supply": [{"l": "Cocoa Beans", "v": 1.0}, {"l": "Tea", "v": 11.0}]}, {"source": 17, "prod": 0.057775794506905565, "target": 1, "value": 36.0, "supply": [{"l": "Pigmeat", "v": 1.0}, {"l": "Milk - Excluding Butter", "v": 6.0}, {"l": "Pelagic Fish", "v": 2.0}, {"l": "Fish, Seafood", "v": 2.0}, {"l": "Bovine Meat", "v": 10.0}, {"l": "Poultry Meat", "v": 15.0}]}, {"source": 17, "prod": 2.1870628550634028, "target": 13, "value": 440.0, "supply": [{"l": "Sugar", "v": 376.0}, {"l": "Beer", "v": 1.0}, {"l": "Rape and Mustard Oil", "v": 1.0}, {"l": "Butter, Ghee", "v": 6.0}, {"l": "Soyabean Oil", "v": 42.0}, {"l": "Cottonseed Oil", "v": 4.0}, {"l": "Sunflowerseed Oil", "v": 10.0}]}, {"source": 17, "prod": 2.4092828635631105, "target": 2, "value": 723.0, "supply": [{"l": "Rye", "v": 5.0}, {"l": "Barley", "v": 3.0}, {"l": "Rice", "v": 31.0}, {"l": "Wheat", "v": 684.0}]}, {"source": 17, "prod": 0.0040412589440720712, "target": 6, "value": 6.0, "supply": [{"l": "Dates", "v": 1.0}, {"l": "Tomatoes", "v": 1.0}, {"l": "Oranges, Mandarines", "v": 1.0}, {"l": "Apples", "v": 3.0}]}, {"source": 17, "prod": 0.22329950642235619, "target": 3, "value": 32.0, "supply": [{"l": "Soyabeans", "v": 32.0}]}, {"source": 17, "prod": 0.14079349442161462, "target": 5, "value": 180.0, "supply": [{"l": "Potatoes", "v": 180.0}]}, {"source": 6, "prod": 0.084598525326435067, "target": 18, "value": 193.0, "supply": [{"l": "Apples", "v": 21.0}, {"l": "Grapes", "v": 17.0}, {"l": "Fruits, Other", "v": 25.0}, {"l": "Vegetables, Other", "v": 23.0}, {"l": "Onions", "v": 93.0}, {"l": "Tomatoes", "v": 14.0}]}, {"source": 12, "prod": 0.20547935420924093, "target": 18, "value": 20.0, "supply": [{"l": "Cottonseed Oil", "v": 20.0}]}, {"source": 9, "prod": 0.0041339176224467443, "target": 18, "value": 1.0, "supply": [{"l": "Sugar", "v": 1.0}]}, {"source": 19, "prod": 0.020669588112233721, "target": 13, "value": 5.0, "supply": [{"l": "Sugar", "v": 5.0}]}, {"source": 2, "prod": 0.11940493154438071, "target": 20, "value": 35.0, "supply": [{"l": "Maize", "v": 25.0}, {"l": "Rice", "v": 10.0}]}, {"source": 3, "prod": 0.048846767029890409, "target": 20, "value": 7.0, "supply": [{"l": "Groundnuts", "v": 7.0}]}, {"source": 19, "prod": 0.0078218608012008122, "target": 5, "value": 10.0, "supply": [{"l": "Potatoes", "v": 10.0}]}, {"source": 12, "prod": 0.20547935420924093, "target": 20, "value": 20.0, "supply": [{"l": "Cottonseed Oil", "v": 20.0}]}, {"source": 21, "prod": 13.916322120076703, "target": 2, "value": 4173.0, "supply": [{"l": "Maize", "v": 168.0}, {"l": "Rye", "v": 5.0}, {"l": "Barley", "v": 85.0}, {"l": "Rice", "v": 281.0}, {"l": "Cereals, Other", "v": 10.0}, {"l": "Wheat", "v": 3602.0}, {"l": "Sorghum", "v": 18.0}, {"l": "Millet", "v": 4.0}]}, {"source": 21, "prod": 15.617009230413537, "target": 3, "value": 2238.0, "supply": [{"l": "Sunflower seed", "v": 6.0}, {"l": "Sesame seed", "v": 18.0}, {"l": "Oilcrops, Other", "v": 4.0}, {"l": "Cottonseed", "v": 2200.0}, {"l": "Groundnuts", "v": 8.0}, {"l": "Rape and Mustardseed", "v": 2.0}]}, {"source": 21, "prod": 0.26382444393999999, "target": 4, "value": 227.0, "supply": [{"l": "Sugar beet", "v": 227.0}]}, {"source": 21, "prod": 0.51467844071901347, "target": 5, "value": 658.0, "supply": [{"l": "Potatoes", "v": 658.0}]}, {"source": 21, "prod": 1.5214759225661034, "target": 6, "value": 4088.0, "supply": [{"l": "Grapefruit", "v": 1.0}, {"l": "Tomatoes", "v": 986.0}, {"l": "Treenuts", "v": 19.0}, {"l": "Vegetables, Other", "v": 1774.0}, {"l": "Peas", "v": 1.0}, {"l": "Grapes", "v": 344.0}, {"l": "Apples", "v": 304.0}, {"l": "Lemons, Limes", "v": 1.0}, {"l": "Citrus, Other", "v": 1.0}, {"l": "Fruits, Other", "v": 200.0}, {"l": "Onions", "v": 438.0}, {"l": "Pulses, Other", "v": 19.0}]}, {"source": 21, "prod": 0.083935556657693186, "target": 10, "value": 23.0, "supply": [{"l": "Nuts", "v": 19.0}, {"l": "Pimento", "v": 4.0}]}, {"source": 1, "prod": 0.022875923104408332, "target": 11, "value": 22.0, "supply": [{"l": "Freshwater Fish", "v": 9.0}, {"l": "Pelagic Fish", "v": 2.0}, {"l": "Fish, Seafood", "v": 11.0}]}, {"source": 1, "prod": 4.0294419012931799, "target": 0, "value": 4189.0, "supply": [{"l": "Poultry Meat", "v": 31.0}, {"l": "Pigmeat", "v": 20.0}, {"l": "Bovine Meat", "v": 380.0}, {"l": "Eggs", "v": 69.0}, {"l": "Milk - Excluding Butter", "v": 3538.0}, {"l": "Offals, Edible", "v": 77.0}, {"l": "Meat, Other", "v": 2.0}, {"l": "Mutton & Goat Meat", "v": 73.0}]}, {"source": 13, "prod": 0.41471802566964255, "target": 7, "value": 193.0, "supply": [{"l": "Fats, Animals, Raw", "v": 16.0}, {"l": "Beer", "v": 71.0}, {"l": "Beverages, Alcoholic", "v": 38.0}, {"l": "Butter, Ghee", "v": 9.0}, {"l": "Wine", "v": 59.0}]}, {"source": 13, "prod": 3.7234715250297277, "target": 12, "value": 363.0, "supply": [{"l": "Soyabean Oil", "v": 48.0}, {"l": "Rape and Mustard Oil", "v": 1.0}, {"l": "Maize Germ Oil", "v": 4.0}, {"l": "Cottonseed Oil", "v": 299.0}, {"l": "Oilcrops Oil, Other", "v": 1.0}, {"l": "Sunflowerseed Oil", "v": 10.0}]}, {"source": 13, "prod": 1.6785927527855848, "target": 9, "value": 406.0, "supply": [{"l": "Honey", "v": 2.0}, {"l": "Sugar", "v": 404.0}]}]}