{"nodes": [{"layer": 13, "name": "Other Processed", "fill": "#9c9ede"}, {"layer": 10, "name": "Feed", "fill": "#dbdb8d"}, {"layer": 13, "name": "Animal Products", "fill": "#17becf"}, {"layer": 5, "name": "Cereals", "fill": "#e7ba52"}, {"layer": 5, "name": "Oilcrops", "fill": "#ff9896"}, {"layer": 5, "name": "Fruits, Roots & Vegetables", "fill": "#98df8a"}, {"layer": 5, "name": "Sugar Crops", "fill": "#ffbb78"}, {"layer": 13, "name": "Aquatic Products", "fill": "#1f77b4"}, {"layer": 16, "name": "Food", "fill": "#b5cf6b"}, {"layer": 13, "name": "Sugar", "fill": "#d6616b"}, {"layer": 13, "name": "Vegetable Oils", "fill": "#f7b6d2"}, {"layer": 10, "name": "Processing", "fill": "#9edae5"}, {"layer": 16, "name": "Biofuels & Other", "fill": "#e7ba52"}, {"name": "Waste", "fill": "#c7c7c7"}, {"layer": 2, "name": "Import", "fill": "#aec7e8"}, {"layer": 16, "name": "Export", "fill": "#aec7e8"}, {"layer": 0, "name": "Stock Draw", "fill": "#c7c7c7"}, {"layer": 16, "name": "Stock Deposit", "fill": "#c7c7c7"}, {"layer": 2, "name": "Electricity", "fill": "#bcbd22"}, {"layer": 0, "name": "Fossil Fuels", "fill": "#c49c94"}, {"layer": 0, "name": "Renewables & Nuclear", "fill": "#2ca02c"}, {"layer": 2, "name": "Fertilizers", "fill": "#c5b0d5"}, {"layer": 0, "name": "Labor", "fill": "#7f7f7f"}], "links": [{"source": 0, "prod": 13.0, "target": 1, "value": 0.10895542756945002, "supply": [{"l": "Fats, Animals, Raw", "v": 0.091975360935250022}, {"l": "Fish, Body Oil", "v": 0.0169800666342}]}, {"source": 2, "prod": 470.0, "target": 1, "value": 0.36440061654678918, "supply": [{"l": "Milk - Excluding Butter", "v": 0.34718171957426786}, {"l": "Meat, Other", "v": 0.0011171096469868424}, {"l": "Offals, Edible", "v": 0.016101787325534484}]}, {"source": 3, "prod": 40652.0, "target": 1, "value": 135.54701452484616, "supply": [{"l": "Maize", "v": 86.860347829820682}, {"l": "Oats", "v": 1.2901159323158478}, {"l": "Rye", "v": 0.51232959672155165}, {"l": "Barley", "v": 4.089157520602396}, {"l": "Rice", "v": 24.023018809823096}, {"l": "Sorghum", "v": 11.227348628228183}, {"l": "Cereals, Other", "v": 0.54453317137262081}, {"l": "Wheat", "v": 3.4533637347132808}, {"l": "Millet", "v": 3.5467993012484702}]}, {"source": 4, "prod": 1643.0, "target": 1, "value": 7.4923669727542519, "supply": [{"l": "Soyabeans", "v": 1.1686944092698275}, {"l": "Cottonseed", "v": 5.5373883968196678}, {"l": "Rape and Mustardseed", "v": 0.24055094398450005}, {"l": "Groundnuts", "v": 0.050481279182756758}, {"l": "Oilcrops, Other", "v": 0.49525194349750007}]}, {"source": 5, "prod": 27808.0, "target": 1, "value": 31.006516259245565, "supply": [{"l": "Vegetables, Other", "v": 0.21854656448528015}, {"l": "Potatoes", "v": 4.6363078919872187}, {"l": "Yams", "v": 0.0040471725915734759}, {"l": "Beans", "v": 0.043921211962225246}, {"l": "Roots, Other", "v": 0.066881917138305769}, {"l": "Peas", "v": 0.92310273492137573}, {"l": "Sweet potatoes", "v": 23.403603196288799}, {"l": "Cassava", "v": 0.55037563807809131}, {"l": "Pulses, Other", "v": 1.1597299317926957}]}, {"source": 6, "prod": 52.0, "target": 1, "value": 0.028825521194244239, "supply": [{"l": "Sugar beet", "v": 0.012784444420000001}, {"l": "Sugar cane", "v": 0.01604107677424424}]}, {"source": 7, "prod": 5785.0, "target": 1, "value": 5.9664685336935968, "supply": [{"l": "Fish, Seafood", "v": 2.5467165422738698}, {"l": "Cephalopods", "v": 0.087447343166129995}, {"l": "Pelagic Fish", "v": 2.2567780191797975}, {"l": "Molluscs, Other", "v": 0.4125888881}, {"l": "Marine Fish, Other", "v": 0.0080220787248188978}, {"l": "Aquatic Products, Other", "v": 0.050940199902600007}, {"l": "Aquatic Plants", "v": 0.057397408340957752}, {"l": "Demersal Fish", "v": 0.54657805400542281}]}, {"source": 0, "prod": 7235.0, "target": 8, "value": 16.300523285149435, "supply": [{"l": "Beverages, Alcoholic", "v": 5.5433463149369295}, {"l": "Butter, Ghee", "v": 0.37497647150525004}, {"l": "Fats, Animals, Raw", "v": 5.192427194617296}, {"l": "Wine", "v": 0.018420656432094576}, {"l": "Fish, Body Oil", "v": 0.38205149926949999}, {"l": "Cream", "v": 0.0083613964486590926}, {"l": "Beer", "v": 1.5882022325188401}, {"l": "Beverages, Fermented", "v": 3.1787908527808644}, {"l": "Fish, Liver Oil", "v": 0.013946666640000001}]}, {"source": 2, "prod": 19974.0, "target": 8, "value": 43.2477496970929, "supply": [{"l": "Eggs", "v": 5.5479974394414304}, {"l": "Pigmeat", "v": 26.989621661270334}, {"l": "Offals, Edible", "v": 0.79191517664674149}, {"l": "Milk - Excluding Butter", "v": 5.1561791627601963}, {"l": "Meat, Other", "v": 0.39433970538635532}, {"l": "Mutton & Goat Meat", "v": 1.205170583061512}, {"l": "Bovine Meat", "v": 0.78652950164077351}, {"l": "Poultry Meat", "v": 2.3759964668855575}]}, {"source": 3, "prod": 117595.0, "target": 8, "value": 470.21080930441326, "supply": [{"l": "Maize", "v": 10.72249453687515}, {"l": "Barley", "v": 14.28470447795015}, {"l": "Cereals, Other", "v": 3.1735159019780692}, {"l": "Sorghum", "v": 23.013975430321725}, {"l": "Rye", "v": 2.3947749149613102}, {"l": "Rice", "v": 282.09446572540804}, {"l": "Wheat", "v": 108.3254526109755}, {"l": "Oats", "v": 1.1959873020610436}, {"l": "Millet", "v": 25.005438403882309}]}, {"source": 4, "prod": 6146.0, "target": 8, "value": 25.165605082561861, "supply": [{"l": "Coconuts - Incl Copra", "v": 0.12519864799410135}, {"l": "Sesame seed", "v": 0.40091823997416676}, {"l": "Olives", "v": 0.014150055528500001}, {"l": "Groundnuts", "v": 4.3540103295127706}, {"l": "Oilcrops, Other", "v": 0.0094333703523333343}, {"l": "Soyabeans", "v": 20.224160957790655}, {"l": "Rape and Mustardseed", "v": 0.037733481409333337}]}, {"source": 5, "prod": 169914.0, "target": 8, "value": 147.77797840093356, "supply": [{"l": "Roots, Other", "v": 1.1910478394492807}, {"l": "Nuts", "v": 0.79442454610007163}, {"l": "Infant food", "v": 0.0011622222200000001}, {"l": "Tomatoes", "v": 1.1905184014121988}, {"l": "Pepper", "v": 0.026531354115937499}, {"l": "Treenuts", "v": 0.7974567008561787}, {"l": "Vegetables, Other", "v": 15.869367045690581}, {"l": "Peas", "v": 5.9342318673517012}, {"l": "Grapes", "v": 0.39822299130207151}, {"l": "Pimento", "v": 0.38205149926949999}, {"l": "Pulses, Other", "v": 7.1406782756867972}, {"l": "Pineapples", "v": 0.11532295255727501}, {"l": "Citrus, Other", "v": 0.12087111088000001}, {"l": "Tea", "v": 0.21152444404000001}, {"l": "Grapefruit", "v": 0.017433333299999999}, {"l": "Fruits, Other", "v": 1.9834656000123199}, {"l": "Yams", "v": 0.071837313500429198}, {"l": "Coffee", "v": 0.040362453474737707}, {"l": "Dates", "v": 0.13031213928572094}, {"l": "Cocoa Beans", "v": 0.10053986822881582}, {"l": "Potatoes", "v": 9.917095462576917}, {"l": "Beans", "v": 7.530491432796075}, {"l": "Apples", "v": 0.79254251901007389}, {"l": "Lemons, Limes", "v": 0.045326666580000001}, {"l": "Bananas", "v": 0.78966438917112913}, {"l": "Spices, Other", "v": 0.1326567705796875}, {"l": "Sweet potatoes", "v": 88.08665628306089}, {"l": "Oranges, Mandarines", "v": 0.7927247017671023}, {"l": "Cassava", "v": 1.188235532510648}, {"l": "Onions", "v": 1.9852226841474256}]}, {"source": 6, "prod": 279.0, "target": 8, "value": 0.10915757121985713, "supply": [{"l": "Sugar cane", "v": 0.10915757121985713}]}, {"source": 9, "prod": 5613.0, "target": 8, "value": 23.038945974228028, "supply": [{"l": "Sugar", "v": 20.231307716615461}, {"l": "Sweeteners, Other", "v": 1.9929993464717797}, {"l": "Honey", "v": 0.41843735634278578}, {"l": "Sugar non-centrifugal", "v": 0.39620155479800007}]}, {"source": 7, "prod": 23033.0, "target": 8, "value": 21.764438412132318, "supply": [{"l": "Crustaceans", "v": 0.3999252536212895}, {"l": "Aquatic Products, Other", "v": 0.39903156590370004}, {"l": "Marine Fish, Other", "v": 2.3775435820682009}, {"l": "Fish, Seafood", "v": 9.8043121820586308}, {"l": "Aquatic Animals, Others", "v": 0.10111333314000001}, {"l": "Demersal Fish", "v": 2.7752117997441728}, {"l": "Aquatic Plants", "v": 0.39759663069517609}, {"l": "Freshwater Fish", "v": 1.1904503238107609}, {"l": "Cephalopods", "v": 0.79127110515372001}, {"l": "Pelagic Fish", "v": 2.7725381929366661}, {"l": "Molluscs, Other", "v": 0.75544444300000013}]}, {"source": 10, "prod": 2091.0, "target": 8, "value": 20.806650049140352, "supply": [{"l": "Ricebran Oil", "v": 0.78296973924366686}, {"l": "Sunflowerseed Oil", "v": 0.78836023658785737}, {"l": "Rape and Mustard Oil", "v": 4.4157401546003801}, {"l": "Sesameseed Oil", "v": 0.76410299853899999}, {"l": "Palmkernel Oil", "v": 0.074287791524625002}, {"l": "Oilcrops Oil, Other", "v": 0.80655316512450004}, {"l": "Maize Germ Oil", "v": 0.42450166585499999}, {"l": "Groundnut Oil", "v": 2.4098633030845389}, {"l": "Soyabean Oil", "v": 6.7053575635679374}, {"l": "Palm Oil", "v": 0.81126985030066678}, {"l": "Coconut Oil", "v": 0.40752159922080006}, {"l": "Olive Oil", "v": 0.010612541646375}, {"l": "Cottonseed Oil", "v": 2.4055094398450003}]}, {"source": 2, "prod": 10.0, "target": 11, "value": 0.010707424012565431, "supply": [{"l": "Pigmeat", "v": 0.003885075811324361}, {"l": "Milk - Excluding Butter", "v": 0.0068223482012410705}]}, {"source": 3, "prod": 1675.0, "target": 11, "value": 6.1976444928581849, "supply": [{"l": "Maize", "v": 1.3841537924354017}, {"l": "Oats", "v": 0.027684891251413046}, {"l": "Barley", "v": 1.4799468603281685}, {"l": "Rice", "v": 2.7479535602085408}, {"l": "Wheat", "v": 0.55790538863466099}]}, {"source": 4, "prod": 11553.666666666666, "target": 11, "value": 50.266106518292474, "supply": [{"l": "Soyabeans", "v": 15.886580396172803}, {"l": "Oilcrops, Other", "v": 7.9617645773693342}, {"l": "Sunflower seed", "v": 0.71693614677733342}, {"l": "Coconuts - Incl Copra", "v": 0.70424239496682017}, {"l": "Sesame seed", "v": 1.0518207942851669}, {"l": "Cottonseed", "v": 12.249231402504837}, {"l": "Rape and Mustardseed", "v": 5.7260558038663341}, {"l": "Groundnuts", "v": 4.1205344132925203}, {"l": "Palm kernels", "v": 0.20753414775133336}, {"l": "Oil Palm", "v": 1.6414064413060003}]}, {"source": 5, "prod": 2970.0, "target": 11, "value": 2.7315253417012699, "supply": [{"l": "Potatoes", "v": 1.5947583883785825}, {"l": "Fruits, Other", "v": 0.028967235263058305}, {"l": "Apples", "v": 0.00041822824222167488}, {"l": "Sweet potatoes", "v": 0.80483396713847288}, {"l": "Grapes", "v": 0.032342984065142862}, {"l": "Cassava", "v": 0.27020453861379129}]}, {"source": 6, "prod": 27050.0, "target": 11, "value": 13.871412751254999, "supply": [{"l": "Sugar beet", "v": 4.9568777683}, {"l": "Sugar cane", "v": 8.9145349829549989}]}, {"source": 9, "prod": 19.0, "target": 11, "value": 0.069499826962897096, "supply": [{"l": "Sugar", "v": 0.0083428073058208086}, {"l": "Sweeteners, Other", "v": 0.061157019657076282}]}, {"source": 0, "prod": 538.0, "target": 12, "value": 4.4735692532816591, "supply": [{"l": "Beer", "v": 0.0011320044422800002}, {"l": "Beverages, Alcoholic", "v": 0.0069509044701403511}, {"l": "Fats, Animals, Raw", "v": 3.9800247095617278}, {"l": "Beverages, Fermented", "v": 0.0015297357328108107}, {"l": "Fish, Body Oil", "v": 0.48393189907470002}]}, {"source": 2, "prod": 115.0, "target": 12, "value": 0.15857497069853457, "supply": [{"l": "Pigmeat", "v": 0.019425379056621804}, {"l": "Milk - Excluding Butter", "v": 0.033353702317178574}, {"l": "Bovine Meat", "v": 0.0016018930786981134}, {"l": "Poultry Meat", "v": 0.0018192928536642861}, {"l": "Offals, Edible", "v": 0.05123295967215518}, {"l": "Eggs", "v": 0.051141743720216619}]}, {"source": 3, "prod": 1938.0, "target": 12, "value": 6.6276786539740549, "supply": [{"l": "Maize", "v": 3.2912797191167584}, {"l": "Barley", "v": 0.012869103133288422}, {"l": "Rice", "v": 0.92658268807031807}, {"l": "Sorghum", "v": 0.0064284847570731073}, {"l": "Wheat", "v": 2.390518658896617}]}, {"source": 4, "prod": 809.0, "target": 12, "value": 3.8031914992138725, "supply": [{"l": "Cottonseed", "v": 3.546947252477334}, {"l": "Coconuts - Incl Copra", "v": 0.0062599323997050678}, {"l": "Rape and Mustardseed", "v": 0.1320671849326667}, {"l": "Oilcrops, Other", "v": 0.11791712940416668}]}, {"source": 5, "prod": 319.0, "target": 12, "value": 0.34807838911153033, "supply": [{"l": "Potatoes", "v": 0.0049322424382842759}, {"l": "Fruits, Other", "v": 0.0010533540095657567}, {"l": "Apples", "v": 0.00041822824222167488}, {"l": "Vegetables, Other", "v": 0.0029453714890199482}, {"l": "Sweet potatoes", "v": 0.20409113493339501}, {"l": "Oranges, Mandarines", "v": 0.0006431843422045455}, {"l": "Cassava", "v": 0.13399487365683913}]}, {"source": 9, "prod": 6.0, "target": 12, "value": 0.025028421917462431, "supply": [{"l": "Sugar", "v": 0.025028421917462431}]}, {"source": 7, "prod": 848.0, "target": 12, "value": 0.50281728467470865, "supply": [{"l": "Aquatic Plants", "v": 0.23497064039579579}, {"l": "Fish, Seafood", "v": 0.027325284788346237}, {"l": "Aquatic Products, Other", "v": 0.20906707043358749}, {"l": "Freshwater Fish", "v": 0.0022147913001130436}, {"l": "Marine Fish, Other", "v": 0.028077275536866137}, {"l": "Aquatic Animals, Others", "v": 0.0011622222200000001}]}, {"source": 10, "prod": 688.0, "target": 12, "value": 6.9867078343262801, "supply": [{"l": "Ricebran Oil", "v": 0.33960133268400006}, {"l": "Coconut Oil", "v": 0.33111129936689998}, {"l": "Cottonseed Oil", "v": 0.91503692417633342}, {"l": "Oilcrops Oil, Other", "v": 4.5633929079412505}, {"l": "Sesameseed Oil", "v": 0.076410299853900007}, {"l": "Soyabean Oil", "v": 0.29066572398127088}, {"l": "Palm Oil", "v": 0.31130122162700002}, {"l": "Palmkernel Oil", "v": 0.15918812469562502}]}, {"source": 5, "prod": 3167.0, "target": 5, "value": 4.9728753873667619, "supply": [{"l": "Potatoes", "v": 1.7180644493356894}, {"l": "Yams", "v": 0.0060707588873602121}, {"l": "Beans", "v": 0.90637410140228469}, {"l": "Roots, Other", "v": 0.048558104223701451}, {"l": "Peas", "v": 0.74601772046707093}, {"l": "Sweet potatoes", "v": 0.31824380362495491}, {"l": "Pulses, Other", "v": 1.2295464494257005}]}, {"source": 7, "prod": 64.0, "target": 7, "value": 0.056622590073407385, "supply": [{"l": "Fish, Seafood", "v": 0.029146970440902656}, {"l": "Cephalopods", "v": 0.025470099951300004}, {"l": "Marine Fish, Other", "v": 0.0020055196812047245}]}, {"source": 2, "prod": 104.0, "target": 2, "value": 0.18340487403112168, "supply": [{"l": "Eggs", "v": 0.18340487403112168}]}, {"source": 3, "prod": 10761.0, "target": 3, "value": 41.952153666068945, "supply": [{"l": "Maize", "v": 3.3288585551104797}, {"l": "Oats", "v": 0.28238589076441306}, {"l": "Rye", "v": 0.40108088429058619}, {"l": "Barley", "v": 1.0198764233131075}, {"l": "Rice", "v": 22.029049201671775}, {"l": "Sorghum", "v": 0.65570544522145691}, {"l": "Cereals, Other", "v": 0.76117540084344837}, {"l": "Wheat", "v": 12.655271600421678}, {"l": "Millet", "v": 0.81875026443200261}]}, {"source": 4, "prod": 1405.0, "target": 4, "value": 6.0063534788094106, "supply": [{"l": "Soyabeans", "v": 3.5290739375000366}, {"l": "Sunflower seed", "v": 0.0094333703523333343}, {"l": "Sesame seed", "v": 0.042450166585500007}, {"l": "Cottonseed", "v": 1.3725553862645004}, {"l": "Rape and Mustardseed", "v": 0.23583425880833336}, {"l": "Groundnuts", "v": 0.76983950753704056}, {"l": "Oilcrops, Other", "v": 0.047166851761666677}]}, {"source": 0, "prod": 1.0, "target": 13, "value": 0.0015297357328108107, "supply": [{"l": "Beverages, Fermented", "v": 0.0015297357328108107}]}, {"source": 2, "prod": 249.0, "target": 13, "value": 0.37385202150715052, "supply": [{"l": "Pigmeat", "v": 0.046620909735892335}, {"l": "Meat, Other", "v": 0.0011171096469868424}, {"l": "Eggs", "v": 0.23101960094304752}, {"l": "Milk - Excluding Butter", "v": 0.069739559390464279}, {"l": "Mutton & Goat Meat", "v": 0.0062122195003170731}, {"l": "Poultry Meat", "v": 0.012735049975650004}, {"l": "Bovine Meat", "v": 0.0064075723147924537}]}, {"source": 3, "prod": 10121.0, "target": 13, "value": 38.310219237291463, "supply": [{"l": "Maize", "v": 7.7349770753743039}, {"l": "Rye", "v": 0.15223508016868964}, {"l": "Barley", "v": 0.92657542559676631}, {"l": "Rice", "v": 17.827632601352931}, {"l": "Cereals, Other", "v": 0.20785943638417245}, {"l": "Wheat", "v": 8.4815743259522502}, {"l": "Oats", "v": 0.11073956500565219}, {"l": "Sorghum", "v": 1.3821242227707182}, {"l": "Millet", "v": 1.486501504685972}]}, {"source": 4, "prod": 534.0, "target": 13, "value": 2.3862896333342061, "supply": [{"l": "Sunflower seed", "v": 0.014150055528500001}, {"l": "Coconuts - Incl Copra", "v": 0.004694949299778802}, {"l": "Sesame seed", "v": 0.042450166585500007}, {"l": "Cottonseed", "v": 0.6650526098395001}, {"l": "Groundnuts", "v": 0.34705879438145265}, {"l": "Oilcrops, Other", "v": 0.19810077739900003}, {"l": "Soyabeans", "v": 0.91196481772530802}, {"l": "Rape and Mustardseed", "v": 0.2028174625751667}]}, {"source": 5, "prod": 14015.0, "target": 13, "value": 10.446215920774483, "supply": [{"l": "Roots, Other", "v": 0.068714298429766188}, {"l": "Nuts", "v": 0.036385857073285718}, {"l": "Yams", "v": 0.0040471725915734759}, {"l": "Citrus, Other", "v": 0.016271111080000001}, {"l": "Grapefruit", "v": 0.0023244444400000001}, {"l": "Tomatoes", "v": 0.10830011762079404}, {"l": "Treenuts", "v": 0.036385857073285718}, {"l": "Vegetables, Other", "v": 1.5153936311007632}, {"l": "Peas", "v": 0.24113704095905328}, {"l": "Grapes", "v": 0.053568067357892858}, {"l": "Dates", "v": 0.0078977054112558138}, {"l": "Potatoes", "v": 0.9289056592102054}, {"l": "Pimento", "v": 0.015918812469562501}, {"l": "Beans", "v": 0.27949862157779704}, {"l": "Apples", "v": 0.093683126257655167}, {"l": "Lemons, Limes", "v": 0.0069733333200000004}, {"l": "Pineapples", "v": 0.015918812469562501}, {"l": "Bananas", "v": 0.13876183486012905}, {"l": "Spices, Other", "v": 0.00265313541159375}, {"l": "Tea", "v": 0.0046488888800000003}, {"l": "Fruits, Other", "v": 0.22910449708055208}, {"l": "Sweet potatoes", "v": 5.9440101727776904}, {"l": "Oranges, Mandarines", "v": 0.13506871186295455}, {"l": "Pulses, Other", "v": 0.29865954765229952}, {"l": "Onions", "v": 0.19554172480342025}, {"l": "Cassava", "v": 0.066443739003391303}]}, {"source": 9, "prod": 19.0, "target": 13, "value": 0.079256669405297686, "supply": [{"l": "Sugar", "v": 0.079256669405297686}]}, {"source": 10, "prod": 5.0, "target": 13, "value": 0.049525194349750001, "supply": [{"l": "Soyabean Oil", "v": 0.020045911998708338}, {"l": "Palm Oil", "v": 0.018866740704666669}, {"l": "Oilcrops Oil, Other", "v": 0.010612541646375}]}, {"source": 14, "prod": 4432.0, "target": 1, "value": 4.6901865302308146, "supply": [{"l": "Crustaceans", "v": 0.040960687056184213}, {"l": "Eggs", "v": 0.11639155467359645}, {"l": "Aquatic Products, Other", "v": 0.056246470725787506}, {"l": "Marine Fish, Other", "v": 0.021057956652649604}, {"l": "Pigmeat", "v": 0.15928810826429879}, {"l": "Fish, Seafood", "v": 1.1449294326317074}, {"l": "Aquatic Animals, Others", "v": 0.052299999900000005}, {"l": "Offals, Edible", "v": 0.021956982716637929}, {"l": "Demersal Fish", "v": 0.0090045807908636383}, {"l": "Aquatic Plants", "v": 0.036471269883316906}, {"l": "Freshwater Fish", "v": 0.048725408602486961}, {"l": "Milk - Excluding Butter", "v": 1.0241102688751875}, {"l": "Meat, Other", "v": 0.060323920937289485}, {"l": "Cephalopods", "v": 0.054336213229440003}, {"l": "Mutton & Goat Meat", "v": 0.3447781822675976}, {"l": "Pelagic Fish", "v": 1.315581153872214}, {"l": "Bovine Meat", "v": 0.049658685439641512}, {"l": "Molluscs, Other", "v": 0.068571110980000002}, {"l": "Poultry Meat", "v": 0.065494542731914296}]}, {"source": 14, "prod": 3850.0, "target": 11, "value": 18.611406873300432, "supply": [{"l": "Sugar", "v": 11.700787246413686}, {"l": "Beverages, Alcoholic", "v": 0.052131783526052633}, {"l": "Butter, Ghee", "v": 0.02122508329275}, {"l": "Fats, Animals, Raw", "v": 3.9716633131130687}, {"l": "Sunflowerseed Oil", "v": 0.12128619024428573}, {"l": "Rape and Mustard Oil", "v": 0.18272028225932607}, {"l": "Sesameseed Oil", "v": 0.0084900333171}, {"l": "Wine", "v": 0.0015350547026745482}, {"l": "Sweeteners, Other", "v": 1.2627125823313983}, {"l": "Fish, Body Oil", "v": 0.084900333171}, {"l": "Honey", "v": 0.072771714146571437}, {"l": "Palmkernel Oil", "v": 0.010612541646375}, {"l": "Cream", "v": 0.0083613964486590926}, {"l": "Oilcrops Oil, Other", "v": 0.32898879103762502}, {"l": "Beer", "v": 0.0169800666342}, {"l": "Groundnut Oil", "v": 0.1469428843344231}, {"l": "Sugar non-centrifugal", "v": 0.011320044422799999}, {"l": "Soyabean Oil", "v": 0.090206603994187506}, {"l": "Palm Oil", "v": 0.34903470303633333}, {"l": "Coconut Oil", "v": 0.1188604664394}, {"l": "Olive Oil", "v": 0.010612541646375}, {"l": "Beverages, Fermented", "v": 0.0015297357328108107}, {"l": "Cottonseed Oil", "v": 0.037733481409333337}]}, {"source": 14, "prod": 20360.0, "target": 3, "value": 69.203207944096746, "supply": [{"l": "Maize", "v": 18.253919583950129}, {"l": "Barley", "v": 3.130409337172408}, {"l": "Cereals, Other", "v": 0.19322144790641382}, {"l": "Sorghum", "v": 7.4988274691257804}, {"l": "Rye", "v": 0.19322144790641377}, {"l": "Rice", "v": 3.5337320162681731}, {"l": "Wheat", "v": 36.281505495070512}, {"l": "Oats", "v": 0.074749206378815228}, {"l": "Millet", "v": 0.043621940318098497}]}, {"source": 14, "prod": 2319.0, "target": 5, "value": 2.7187638218957506, "supply": [{"l": "Roots, Other", "v": 0.01374285968595324}, {"l": "Nuts", "v": 0.1121897259759643}, {"l": "Infant food", "v": 0.0023244444400000001}, {"l": "Tomatoes", "v": 0.001826748971917008}, {"l": "Pepper", "v": 0.02122508329275}, {"l": "Treenuts", "v": 0.1121897259759643}, {"l": "Vegetables, Other", "v": 0.095430036244246341}, {"l": "Peas", "v": 0.056516493974778106}, {"l": "Grapes", "v": 0.08591105142303572}, {"l": "Pimento", "v": 0.0053062708231875}, {"l": "Pulses, Other", "v": 0.19005607577873604}, {"l": "Pineapples", "v": 0.013088801363862501}, {"l": "Tea", "v": 0.019757777740000003}, {"l": "Grapefruit", "v": 0.0011622222200000001}, {"l": "Fruits, Other", "v": 0.080581581731780372}, {"l": "Citrus, Other", "v": 0.0092977777600000006}, {"l": "Coffee", "v": 0.0424501665855}, {"l": "Cloves", "v": 0.015918812469562501}, {"l": "Dates", "v": 0.13228656563853489}, {"l": "Cocoa Beans", "v": 0.10277408752278949}, {"l": "Potatoes", "v": 0.065763232510457015}, {"l": "Beans", "v": 0.51906886864448021}, {"l": "Apples", "v": 0.019656727384418718}, {"l": "Lemons, Limes", "v": 0.041839999920000003}, {"l": "Bananas", "v": 0.60343140027990327}, {"l": "Spices, Other", "v": 0.02387821870434375}, {"l": "Sweet potatoes", "v": 0.0034591717785321186}, {"l": "Oranges, Mandarines", "v": 0.028943295399204545}, {"l": "Onions", "v": 0.018515498191547877}, {"l": "Cassava", "v": 0.28017109946430002}]}, {"source": 14, "prod": 4445.0, "target": 4, "value": 16.857103857709944, "supply": [{"l": "Sunflower seed", "v": 0.33488464750783337}, {"l": "Coconuts - Incl Copra", "v": 0.85604575565966812}, {"l": "Sesame seed", "v": 0.26885105504150003}, {"l": "Cottonseed", "v": 1.1697379236893335}, {"l": "Groundnuts", "v": 0.46695183244049998}, {"l": "Oilcrops, Other", "v": 1.3725553862645004}, {"l": "Soyabeans", "v": 10.836287834147777}, {"l": "Rape and Mustardseed", "v": 1.4433056639070003}, {"l": "Palm kernels", "v": 0.10848375905183336}]}, {"source": 14, "prod": 11.0, "target": 6, "value": 0.012784444420000001, "supply": [{"l": "Sugar beet", "v": 0.012784444420000001}]}, {"source": 0, "prod": 84.0, "target": 15, "value": 0.42562238772458288, "supply": [{"l": "Beer", "v": 0.0169800666342}, {"l": "Beverages, Alcoholic", "v": 0.0069509044701403511}, {"l": "Fats, Animals, Raw", "v": 0.15886653252452276}, {"l": "Butter, Ghee", "v": 0.0070750277642500003}, {"l": "Wine", "v": 0.00076752735133727411}, {"l": "Beverages, Fermented", "v": 0.0045892071984324325}, {"l": "Fish, Body Oil", "v": 0.22923089956170004}, {"l": "Fish, Liver Oil", "v": 0.0011622222200000001}]}, {"source": 2, "prod": 324.0, "target": 15, "value": 0.75262814648983689, "supply": [{"l": "Mutton & Goat Meat", "v": 0.021742768251109757}, {"l": "Pigmeat", "v": 0.48951955222686949}, {"l": "Meat, Other", "v": 0.044684385879473688}, {"l": "Eggs", "v": 0.10581050424872405}, {"l": "Poultry Meat", "v": 0.018192928536642859}, {"l": "Milk - Excluding Butter", "v": 0.050030553475767847}, {"l": "Offals, Edible", "v": 0.014637988477758624}, {"l": "Bovine Meat", "v": 0.0080094653934905669}]}, {"source": 3, "prod": 2014.0, "target": 15, "value": 8.7437496885814934, "supply": [{"l": "Maize", "v": 0.25678871262376235}, {"l": "Barley", "v": 0.0096518273499663163}, {"l": "Rice", "v": 7.5216712325708155}, {"l": "Cereals, Other", "v": 0.023420781564413792}, {"l": "Wheat", "v": 0.8651064570600755}, {"l": "Millet", "v": 0.067110677412459227}]}, {"source": 4, "prod": 706.0, "target": 15, "value": 2.8954525829488627, "supply": [{"l": "Sunflower seed", "v": 0.018866740704666669}, {"l": "Coconuts - Incl Copra", "v": 0.004694949299778802}, {"l": "Sesame seed", "v": 0.018866740704666669}, {"l": "Cottonseed", "v": 0.014150055528500001}, {"l": "Groundnuts", "v": 0.32812831468791892}, {"l": "Oilcrops, Other", "v": 0.26885105504150003}, {"l": "Soyabeans", "v": 2.1994445603963313}, {"l": "Rape and Mustardseed", "v": 0.042450166585500007}]}, {"source": 5, "prod": 1910.0, "target": 15, "value": 1.7001483699916975, "supply": [{"l": "Roots, Other", "v": 0.00091619064573021593}, {"l": "Nuts", "v": 0.13038265451260717}, {"l": "Grapefruit", "v": 0.0069733333200000004}, {"l": "Pulses, Other", "v": 0.15902651238628937}, {"l": "Coffee", "v": 0.011134469924065573}, {"l": "Treenuts", "v": 0.13038265451260717}, {"l": "Vegetables, Other", "v": 0.13754884853723159}, {"l": "Peas", "v": 0.15447841686439348}, {"l": "Sweet potatoes", "v": 0.0046122290380428248}, {"l": "Grapes", "v": 0.0090964642683214296}, {"l": "Cloves", "v": 0.010612541646375}, {"l": "Dates", "v": 0.0019744263528139534}, {"l": "Cocoa Beans", "v": 0.0022342192939736848}, {"l": "Potatoes", "v": 0.097000767952924088}, {"l": "Pimento", "v": 0.068981520701437496}, {"l": "Pineapples", "v": 0.037143895762312501}, {"l": "Beans", "v": 0.099820936277784669}, {"l": "Apples", "v": 0.052278530277709366}, {"l": "Bananas", "v": 0.3487304007669032}, {"l": "Spices, Other", "v": 0.0053062708231875}, {"l": "Tea", "v": 0.065084444320000004}, {"l": "Fruits, Other", "v": 0.070574718640905698}, {"l": "Oranges, Mandarines", "v": 0.071715054155806826}, {"l": "Onions", "v": 0.023031473360218092}, {"l": "Cassava", "v": 0.0011073956500565218}]}, {"source": 6, "prod": 1.0, "target": 15, "value": 0.00039124577498156674, "supply": [{"l": "Sugar cane", "v": 0.00039124577498156674}]}, {"source": 9, "prod": 1052.0, "target": 15, "value": 4.4224994569575369, "supply": [{"l": "Sugar", "v": 4.2423175150098817}, {"l": "Sweeteners, Other", "v": 0.046767132678940684}, {"l": "Honey", "v": 0.1334148092687143}]}, {"source": 7, "prod": 1814.0, "target": 15, "value": 1.8174575918561067, "supply": [{"l": "Crustaceans", "v": 0.070750277642500012}, {"l": "Aquatic Products, Other", "v": 0.018571947881156251}, {"l": "Marine Fish, Other", "v": 0.036099354261685042}, {"l": "Demersal Fish", "v": 0.1071545114112773}, {"l": "Freshwater Fish", "v": 0.10963216935559567}, {"l": "Fish, Seafood", "v": 0.79425494451459744}, {"l": "Pelagic Fish", "v": 0.55503125297693401}, {"l": "Cephalopods", "v": 0.027168106614720001}, {"l": "Molluscs, Other", "v": 0.077868888740000003}, {"l": "Aquatic Plants", "v": 0.020926138457640846}]}, {"source": 10, "prod": 127.0, "target": 15, "value": 1.2615590853015164, "supply": [{"l": "Ricebran Oil", "v": 0.0094333703523333343}, {"l": "Soyabean Oil", "v": 0.090206603994187506}, {"l": "Palm Oil", "v": 0.0094333703523333343}, {"l": "Coconut Oil", "v": 0.0169800666342}, {"l": "Rape and Mustard Oil", "v": 0.23347591622024999}, {"l": "Oilcrops Oil, Other", "v": 0.27592608280574998}, {"l": "Sesameseed Oil", "v": 0.0084900333171}, {"l": "Groundnut Oil", "v": 0.34286673011365393}, {"l": "Cottonseed Oil", "v": 0.2641343698653334}, {"l": "Palmkernel Oil", "v": 0.010612541646375}]}, {"source": 16, "prod": 29.0, "target": 5, "value": 0.076663093988015199, "supply": [{"l": "Beans", "v": 0.067878236668893574}, {"l": "Coffee", "v": 0.0069590437025409835}, {"l": "Bananas", "v": 0.0018258136165806452}]}, {"source": 10, "prod": 10.0, "target": 17, "value": 0.10656598595822711, "supply": [{"l": "Groundnut Oil", "v": 0.039184769155846164}, {"l": "Palm Oil", "v": 0.018866740704666669}, {"l": "Sunflowerseed Oil", "v": 0.048514476097714289}]}, {"source": 16, "prod": 1500.0, "target": 6, "value": 0.58686866247235014, "supply": [{"l": "Sugar cane", "v": 0.58686866247235014}]}, {"source": 0, "prod": 57.0, "target": 17, "value": 0.47659959757356823, "supply": [{"l": "Fats, Animals, Raw", "v": 0.47659959757356823}]}, {"source": 3, "prod": 1841.0, "target": 17, "value": 7.5806579108727998, "supply": [{"l": "Maize", "v": 0.34760423294192216}, {"l": "Barley", "v": 0.22520930483254736}, {"l": "Rice", "v": 5.1552517203912291}, {"l": "Cereals, Other", "v": 0.0058551953911034479}, {"l": "Wheat", "v": 1.846737457315998}]}, {"source": 16, "prod": 72.0, "target": 1, "value": 0.072656585148050276, "supply": [{"l": "Freshwater Fish", "v": 0.039866243402034783}, {"l": "Fish, Seafood", "v": 0.032790341746015493}]}, {"source": 5, "prod": 18.0, "target": 17, "value": 0.01252345692611306, "supply": [{"l": "Potatoes", "v": 0.0049322424382842759}, {"l": "Fruits, Other", "v": 0.0052667700478287831}, {"l": "Tea", "v": 0.0023244444400000001}]}, {"source": 16, "prod": 141.0, "target": 4, "value": 0.66505260983950021, "supply": [{"l": "Oilcrops, Other", "v": 0.014150055528500001}, {"l": "Sunflower seed", "v": 0.094333703523333354}, {"l": "Sesame seed", "v": 0.094333703523333354}, {"l": "Rape and Mustardseed", "v": 0.46223514726433346}]}, {"source": 4, "prod": 207.0, "target": 17, "value": 0.67044487683026355, "supply": [{"l": "Cottonseed", "v": 0.066033592466333349}, {"l": "Coconuts - Incl Copra", "v": 0.093898985995576043}, {"l": "Soyabeans", "v": 0.50579561319218758}, {"l": "Palm kernels", "v": 0.0047166851761666672}]}, {"source": 16, "prod": 20.0, "target": 11, "value": 0.20045911998708338, "supply": [{"l": "Soyabean Oil", "v": 0.20045911998708338}]}, {"source": 9, "prod": 99.0, "target": 17, "value": 0.41296896163813002, "supply": [{"l": "Sugar", "v": 0.41296896163813002}]}, {"source": 16, "prod": 912.0, "target": 3, "value": 3.0008882165366013, "supply": [{"l": "Rye", "v": 0.011710390782206896}, {"l": "Sorghum", "v": 1.3114108904429138}, {"l": "Millet", "v": 1.6777669353114806}]}, {"source": 1, "prod": 31480.0, "target": 7, "value": 30.051181822356732, "supply": [{"l": "Demersal Fish", "v": 3.4289443651608726}, {"l": "Pelagic Fish", "v": 5.5843474650933977}, {"l": "Crustaceans", "v": 0.47067553126378953}, {"l": "Freshwater Fish", "v": 1.3022972844664698}, {"l": "Molluscs, Other", "v": 1.2459022198400003}, {"l": "Aquatic Animals, Others", "v": 0.10227555536000001}, {"l": "Marine Fish, Other", "v": 2.4517478102727761}, {"l": "Aquatic Products, Other", "v": 0.67761078412104381}, {"l": "Fish, Seafood", "v": 13.201755924076348}, {"l": "Aquatic Plants", "v": 0.71089081788957043}, {"l": "Cephalopods", "v": 0.93135665488587005}]}, {"source": 1, "prod": 21142.0, "target": 2, "value": 44.907912876347773, "supply": [{"l": "Poultry Meat", "v": 2.4087437382515144}, {"l": "Pigmeat", "v": 27.549072578101043}, {"l": "Bovine Meat", "v": 0.80254843242775464}, {"l": "Eggs", "v": 6.1193741623845392}, {"l": "Milk - Excluding Butter", "v": 5.6633070457191153}, {"l": "Offals, Edible", "v": 0.87388791212218975}, {"l": "Meat, Other", "v": 0.44125831055980275}, {"l": "Mutton & Goat Meat", "v": 1.2331255708129389}]}, {"source": 11, "prod": 7928.0, "target": 0, "value": 21.786799687031507, "supply": [{"l": "Fats, Animals, Raw", "v": 9.8998933952123647}, {"l": "Beverages, Fermented", "v": 3.1864395314449183}, {"l": "Fish, Body Oil", "v": 1.1121943645401}, {"l": "Beer", "v": 1.60631430359532}, {"l": "Beverages, Alcoholic", "v": 5.5572481238772102}, {"l": "Fish, Liver Oil", "v": 0.015108888860000001}, {"l": "Wine", "v": 0.019188183783431852}, {"l": "Butter, Ghee", "v": 0.38205149926950005}, {"l": "Cream", "v": 0.0083613964486590926}]}, {"source": 11, "prod": 2921.0, "target": 10, "value": 29.211008149076129, "supply": [{"l": "Olive Oil", "v": 0.010612541646375}, {"l": "Ricebran Oil", "v": 1.1320044422800002}, {"l": "Sesameseed Oil", "v": 0.84900333170999998}, {"l": "Soyabean Oil", "v": 7.1062758035421041}, {"l": "Coconut Oil", "v": 0.75561296522190002}, {"l": "Cottonseed Oil", "v": 3.5846807338866671}, {"l": "Rape and Mustard Oil", "v": 4.6492160708206303}, {"l": "Maize Germ Oil", "v": 0.42450166585499999}, {"l": "Groundnut Oil", "v": 2.791914802354039}, {"l": "Palm Oil", "v": 1.1697379236893335}, {"l": "Palmkernel Oil", "v": 0.24408845786662503}, {"l": "Oilcrops Oil, Other", "v": 5.6564846975178753}, {"l": "Sunflowerseed Oil", "v": 0.83687471268557168}]}, {"source": 11, "prod": 6808.0, "target": 9, "value": 28.04819931110935, "supply": [{"l": "Honey", "v": 0.55185216561150008}, {"l": "Sweeteners, Other", "v": 2.1009234988077967}, {"l": "Sugar non-centrifugal", "v": 0.39620155479800007}, {"l": "Sugar", "v": 24.999222091892051}]}, {"source": 18, "prod": 0, "target": 5, "value": 0.087595441684451672, "supply": "[{\"l\":'Energy for power irrigation',\"v\":0.087595441684451672}]"}, {"source": 18, "prod": 0, "target": 6, "value": 0.010652502188911381, "supply": "[{\"l\":'Energy for power irrigation',\"v\":0.010652502188911381}]"}, {"source": 18, "prod": 0, "target": 3, "value": 0.070392969884932169, "supply": "[{\"l\":'Energy for power irrigation',\"v\":0.070392969884932169}]"}, {"source": 18, "prod": 0, "target": 4, "value": 0.0082859462659972231, "supply": "[{\"l\":'Energy for power irrigation',\"v\":0.0082859462659972231}]"}, {"source": 18, "prod": 0, "target": 11, "value": 0.70795995018169233, "supply": "[{\"l\":'Electricity',\"v\":0.70795995018169233}]"}, {"source": 19, "prod": 0, "target": 18, "value": 1.7732909051685444, "supply": [{"l": "Coal", "v": 0.59910114840745421}, {"l": "Natural gas", "v": 0.028526253457358808}, {"l": "Oil", "v": 1.1456635033037315}]}, {"source": 20, "prod": 0, "target": 18, "value": 0.20428455466566717, "supply": [{"l": "Nuclear", "v": 0.010931247109556093}, {"l": "Hydroelectric", "v": 0.19138269620473025}, {"l": "Renewable", "v": 0.0019706113513808313}]}, {"source": 19, "prod": 0, "target": 5, "value": 90.649118425800182, "supply": [{"l": "Motor Gasoline", "v": 0.046708459491571541}, {"l": "Gas-Diesel oil", "v": 6.5286406585058909}, {"l": "Natural gas (including LNG)", "v": 0.080819525060006489}, {"l": "Fuel oil", "v": 1.4797628707470141}, {"l": "Liquefied petroleum gas (LPG)", "v": 0.0086733148844885012}, {"l": "Coal", "v": 82.504513597111213}]}, {"source": 19, "prod": 0, "target": 6, "value": 11.023860532974812, "supply": [{"l": "Motor Gasoline", "v": 0.0056802267036569149}, {"l": "Gas-Diesel oil", "v": 0.79394952029443833}, {"l": "Natural gas (including LNG)", "v": 0.0098284813804565118}, {"l": "Fuel oil", "v": 0.17995430945467047}, {"l": "Liquefied petroleum gas (LPG)", "v": 0.0010547638554636255}, {"l": "Coal", "v": 10.033393231286126}]}, {"source": 19, "prod": 0, "target": 3, "value": 72.846948890670987, "supply": [{"l": "Motor Gasoline", "v": 0.037535596820278211}, {"l": "Gas-Diesel oil", "v": 5.2465105081526566}, {"l": "Natural gas (including LNG)", "v": 0.064947744817107148}, {"l": "Fuel oil", "v": 1.1891589470211528}, {"l": "Liquefied petroleum gas (LPG)", "v": 0.0069700018828114992}, {"l": "Coal", "v": 66.301826091976992}]}, {"source": 19, "prod": 0, "target": 4, "value": 8.5748037785112619, "supply": [{"l": "Motor Gasoline", "v": 0.0044183096525600039}, {"l": "Gas-Diesel oil", "v": 0.61756599026301462}, {"l": "Natural gas (including LNG)", "v": 0.0076449896137631632}, {"l": "Fuel oil", "v": 0.13997572702009611}, {"l": "Liquefied petroleum gas (LPG)", "v": 0.00082043790976970524}, {"l": "Coal", "v": 7.8043783240520588}]}, {"source": 19, "prod": 0, "target": 1, "value": 8.398650562274474, "supply": [{"l": "Gas-diesel oils used in fisheries", "v": 5.4929553747647333}, {"l": "Fuel oil used in fisheries", "v": 2.9056951875097412}]}, {"source": 21, "prod": 741.93331674129388, "target": 5, "value": 9.4780021724343637, "supply": [{"l": "Potash", "v": 0.42006452549242351}, {"l": "Phosphate", "v": 1.7158610670511931}, {"l": "Nitrogen", "v": 17.007914902182591}]}, {"source": 21, "prod": 90.226684501275699, "target": 6, "value": 1.1526220651078152, "supply": [{"l": "Potash", "v": 0.42006452549242351}, {"l": "Phosphate", "v": 1.7158610670511931}, {"l": "Nitrogen", "v": 17.007914902182591}]}, {"source": 21, "prod": 596.2283951959123, "target": 3, "value": 7.6166602812155251, "supply": [{"l": "Potash", "v": 0.42006452549242351}, {"l": "Phosphate", "v": 1.7158610670511931}, {"l": "Nitrogen", "v": 17.007914902182591}]}, {"source": 21, "prod": 70.181957842250043, "target": 4, "value": 0.89655597596850789, "supply": [{"l": "Potash", "v": 0.42006452549242351}, {"l": "Phosphate", "v": 1.7158610670511931}, {"l": "Nitrogen", "v": 17.007914902182591}]}, {"source": 19, "prod": 0, "target": 21, "value": 22.914134525980327, "supply": [{"l": "Natural gas (including LNG)", "v": 15.549194042123698}, {"l": "Fuel oil", "v": 4.3584311877157234}, {"l": "Liquefied petroleum gas (LPG)", "v": 1.5032546480704523}, {"l": "Coal", "v": 1.5032546480704523}]}, {"source": 22, "prod": 0, "target": 3, "value": 65.557934521083311, "supply": "[{\"l\":'Labor',\"v\":65.557934521083311}]"}, {"source": 22, "prod": 0, "target": 4, "value": 7.7168149552351313, "supply": "[{\"l\":'Labor',\"v\":7.7168149552351313}]"}, {"source": 22, "prod": 0, "target": 5, "value": 81.578831518001778, "supply": "[{\"l\":'Labor',\"v\":81.578831518001778}]"}, {"source": 22, "prod": 0, "target": 6, "value": 9.9208208167366205, "supply": "[{\"l\":'Labor',\"v\":9.9208208167366205}]"}, {"source": 19, "prod": 0, "target": 14, "value": 138.74422929572231, "supply": "[{\"l\":'Fossil Fuels',\"v\":138.74422929572231}]"}, {"source": 20, "prod": 0, "target": 14, "value": 7.7298908397549511, "supply": "[{\"l\":'Renewables & Nuclear',\"v\":5.4705054031767508},{\"l\":'Biomass & Waste',\"v\":2.2593854365782007}]"}]}