{"nodes": [{"layer": 3, "name": "Cereals", "fill": "#e7ba52"}, {"layer": 5, "name": "Production", "fill": "#b5cf6b"}, {"layer": 3, "name": "Oilcrops", "fill": "#ff9896"}, {"layer": 3, "name": "Fruits, Roots & Vegetables", "fill": "#98df8a"}, {"layer": 3, "name": "Sugar Crops", "fill": "#ffbb78"}, {"layer": 1, "name": "Electricity", "fill": "#bcbd22"}, {"layer": 0, "name": "Fossil Fuels", "fill": "#c49c94"}, {"layer": 0, "name": "Renewables & Nuclear", "fill": "#2ca02c"}, {"layer": 1, "name": "Fertilizers", "fill": "#c5b0d5"}, {"layer": 0, "name": "Labor", "fill": "#7f7f7f"}], "links": [{"source": 0, "prod": 211733.0, "target": 1, "value": 815.47339467028155, "supply": [{"l": "Maize", "v": 137.68757874983547}, {"l": "Barley", "v": 16.384185192961528}, {"l": "Cereals, Other", "v": 7.22640045129907}, {"l": "Sorghum", "v": 27.027898957909688}, {"l": "Rye", "v": 4.2632095870866422}, {"l": "Rice", "v": 445.30931666252889}, {"l": "Wheat", "v": 149.69286538951562}, {"l": "Oats", "v": 2.3548671358482633}, {"l": "Millet", "v": 25.527072543296327}]}, {"source": 2, "prod": 19520.0, "target": 1, "value": 92.244982704329786, "supply": [{"l": "Sunflower seed", "v": 0.37143895762312501}, {"l": "Coconuts - Incl Copra", "v": 0.082979511153556562}, {"l": "Sesame seed", "v": 1.3000363516809375}, {"l": "Cottonseed", "v": 26.186446512430315}, {"l": "Olives", "v": 0.0053062708231875}, {"l": "Groundnuts", "v": 10.813621382832634}, {"l": "Oilcrops, Other", "v": 9.6892505231403749}, {"l": "Soyabeans", "v": 32.218681512615156}, {"l": "Rape and Mustardseed", "v": 7.5667421938653749}, {"l": "Palm kernels", "v": 0.20694456210431253}, {"l": "Oil Palm", "v": 3.8035349260608}]}, {"source": 3, "prod": 245984.0, "target": 1, "value": 225.50810374261607, "supply": [{"l": "Roots, Other", "v": 1.5492639537306496}, {"l": "Nuts", "v": 0.91332176593045455}, {"l": "Tomatoes", "v": 1.0004255729891012}, {"l": "Pepper", "v": 0.010612541646375}, {"l": "Treenuts", "v": 0.91332176593045455}, {"l": "Vegetables, Other", "v": 17.795397601520584}, {"l": "Peas", "v": 8.2386440327106918}, {"l": "Grapes", "v": 0.3363576322472342}, {"l": "Pimento", "v": 0.53062708231875}, {"l": "Pulses, Other", "v": 9.7407011997297648}, {"l": "Pineapples", "v": 0.1454971358541183}, {"l": "Citrus, Other", "v": 0.23593111066000003}, {"l": "Tea", "v": 0.36958666596}, {"l": "Grapefruit", "v": 0.0087526116671134031}, {"l": "Fruits, Other", "v": 3.0832815501485804}, {"l": "Yams", "v": 0.12636404495395617}, {"l": "Coffee", "v": 0.0022342192939736848}, {"l": "Dates", "v": 0.010612541646375}, {"l": "Potatoes", "v": 24.358842209652536}, {"l": "Beans", "v": 8.5016106352596825}, {"l": "Apples", "v": 1.0604378152800864}, {"l": "Lemons, Limes", "v": 0.0063044801859653476}, {"l": "Bananas", "v": 0.44218923526562504}, {"l": "Spices, Other", "v": 0.28653862445212502}, {"l": "Sweet potatoes", "v": 139.79597359577789}, {"l": "Oranges, Mandarines", "v": 1.5940643983806473}, {"l": "Cassava", "v": 2.4600389221255612}, {"l": "Onions", "v": 1.9911707972977626}]}, {"source": 4, "prod": 31568.0, "target": 1, "value": 14.813068687391018, "supply": [{"l": "Sugar cane", "v": 9.9700886966510183}, {"l": "Sugar beet", "v": 4.84297999074}]}, {"source": 5, "prod": 0, "target": 3, "value": 0.23477389279563404, "supply": "[{\"l\":'Energy for power irrigation',\"v\":0.23477389279563404}]"}, {"source": 5, "prod": 0, "target": 4, "value": 0.029977648207213846, "supply": "[{\"l\":'Energy for power irrigation',\"v\":0.029977648207213846}]"}, {"source": 5, "prod": 0, "target": 0, "value": 0.21348693514982561, "supply": "[{\"l\":'Energy for power irrigation',\"v\":0.21348693514982561}]"}, {"source": 5, "prod": 0, "target": 2, "value": 0.021075251750760238, "supply": "[{\"l\":'Energy for power irrigation',\"v\":0.021075251750760238}]"}, {"source": 6, "prod": 0, "target": 5, "value": 0.98033099625837461, "supply": [{"l": "Coal", "v": 0.31005038781749644}, {"l": "Natural gas", "v": 0.027952320589544111}, {"l": "Oil", "v": 0.64232828785133411}]}, {"source": 7, "prod": 0, "target": 5, "value": 0.12238300381956438, "supply": [{"l": "Nuclear", "v": 0.012112009365977356}, {"l": "Hydroelectric", "v": 0.10897303761458108}, {"l": "Renewable", "v": 0.001297956839005954}]}, {"source": 6, "prod": 0, "target": 3, "value": 87.360824394698284, "supply": [{"l": "Motor Gasoline", "v": 0.028929939451421097}, {"l": "Gas-Diesel oil", "v": 7.0876392517869853}, {"l": "Natural gas (including LNG)", "v": 0.076754677581422709}, {"l": "Fuel oil", "v": 1.7940480736104749}, {"l": "Liquefied petroleum gas (LPG)", "v": 0.018533446537953292}, {"l": "Coal", "v": 78.354919005730025}]}, {"source": 6, "prod": 0, "target": 4, "value": 11.15486917907063, "supply": [{"l": "Motor Gasoline", "v": 0.0036939863168074815}, {"l": "Gas-Diesel oil", "v": 0.90500163190914129}, {"l": "Natural gas (including LNG)", "v": 0.0098005987607698852}, {"l": "Fuel oil", "v": 0.22907718305944724}, {"l": "Liquefied petroleum gas (LPG)", "v": 0.0023664860422346803}, {"l": "Coal", "v": 10.004929292982229}]}, {"source": 6, "prod": 0, "target": 0, "value": 79.439815177495262, "supply": [{"l": "Motor Gasoline", "v": 0.026306860758705159}, {"l": "Gas-Diesel oil", "v": 6.4450027355841719}, {"l": "Natural gas (including LNG)", "v": 0.069795328092697048}, {"l": "Fuel oil", "v": 1.6313816676369031}, {"l": "Liquefied petroleum gas (LPG)", "v": 0.016853018246773193}, {"l": "Coal", "v": 71.250475567176011}]}, {"source": 6, "prod": 0, "target": 2, "value": 7.842232138114726, "supply": [{"l": "Motor Gasoline", "v": 0.0025969913000662586}, {"l": "Gas-Diesel oil", "v": 0.63624528166770022}, {"l": "Natural gas (including LNG)", "v": 0.0068901364364436623}, {"l": "Fuel oil", "v": 0.16104863430117441}, {"l": "Liquefied petroleum gas (LPG)", "v": 0.0016637158712388359}, {"l": "Coal", "v": 7.0337873785381024}]}, {"source": 8, "prod": 1988.5346727699434, "target": 3, "value": 25.403005260978848, "supply": [{"l": "Potash", "v": 1.1854841269144247}, {"l": "Phosphate", "v": 4.8424133330352506}, {"l": "Nitrogen", "v": 47.998847617072641}]}, {"source": 8, "prod": 253.91065487862892, "target": 4, "value": 3.2436415567829608, "supply": [{"l": "Potash", "v": 1.1854841269144247}, {"l": "Phosphate", "v": 4.8424133330352506}, {"l": "Nitrogen", "v": 47.998847617072641}]}, {"source": 8, "prod": 1808.2341595722403, "target": 0, "value": 23.099713823300039, "supply": [{"l": "Potash", "v": 1.1854841269144247}, {"l": "Phosphate", "v": 4.8424133330352506}, {"l": "Nitrogen", "v": 47.998847617072641}]}, {"source": 8, "prod": 178.50736444628029, "target": 2, "value": 2.2803844359604706, "supply": [{"l": "Potash", "v": 1.1854841269144247}, {"l": "Phosphate", "v": 4.8424133330352506}, {"l": "Nitrogen", "v": 47.998847617072641}]}, {"source": 6, "prod": 0, "target": 8, "value": 64.667071637834383, "supply": [{"l": "Natural gas (including LNG)", "v": 43.882121923153107}, {"l": "Fuel oil", "v": 12.300136473626038}, {"l": "Liquefied petroleum gas (LPG)", "v": 4.2424066205276203}, {"l": "Coal", "v": 4.2424066205276203}]}, {"source": 9, "prod": 0, "target": 3, "value": 95.33895206418876, "supply": "[{\"l\":'Labor',\"v\":95.33895206418876}]"}, {"source": 9, "prod": 0, "target": 4, "value": 12.173574886848851, "supply": "[{\"l\":'Labor',\"v\":12.173574886848851}]"}, {"source": 9, "prod": 0, "target": 0, "value": 86.69456571262468, "supply": "[{\"l\":'Labor',\"v\":86.69456571262468}]"}, {"source": 9, "prod": 0, "target": 2, "value": 8.5584150455582773, "supply": "[{\"l\":'Labor',\"v\":8.5584150455582773}]"}]}