{"nodes": [{"name": "Balance", "fill": "#9edae5"}, {"name": "Food", "fill": "#b5cf6b"}, {"name": "Stock Deposit", "fill": "#c7c7c7"}, {"name": "Export", "fill": "#aec7e8"}, {"name": "Biofuels & Other", "fill": "#e7ba52"}, {"name": "Crop Residue", "fill": "#bd9e39"}, {"name": "Renewables & Nuclear", "fill": "#2ca02c"}, {"name": "Fossil Fuels", "fill": "#c49c94"}, {"name": "Stock Draw", "fill": "#c7c7c7"}, {"name": "Labor", "fill": "#7f7f7f"}], "links": [{"source": 0, "target": 1, "value": 884.83264280686171}, {"source": 0, "target": 2, "value": 10.227360463724484}, {"source": 0, "target": 3, "value": 22.271911703366623}, {"source": 0, "target": 4, "value": 28.632560151966707}, {"source": 0, "target": 5, "value": 2561.6829900754669}, {"source": 6, "target": 0, "value": 41.057595605760227}, {"source": 7, "target": 0, "value": 351.90132853931453}, {"source": 8, "target": 0, "value": 16.502836404142961}, {"source": 9, "target": 0, "value": 189.41327425093735}]}