{"nodes": [{"layer": 13, "name": "Milk - Excluding Butter"}, {"layer": 10, "name": "Feed", "fill": "#dbdb8d"}, {"layer": 5, "name": "Oilcrops", "fill": "#ff9896"}, {"layer": 5, "name": "Vegetables"}, {"layer": 5, "name": "Sugar Crops", "fill": "#ffbb78"}, {"layer": 13, "name": "Animal Fats"}, {"layer": 5, "name": "Starchy Roots"}, {"layer": 5, "name": "Pulses"}, {"layer": 13, "name": "Aquatic Products, Other"}, {"layer": 13, "name": "Fish, Seafood"}, {"layer": 5, "name": "Cereals - Excluding Beer"}, {"layer": 13, "name": "Meat"}, {"layer": 16, "name": "Food", "fill": "#b5cf6b"}, {"layer": 5, "name": "Treenuts"}, {"layer": 5, "name": "Others"}, {"layer": 13, "name": "Sugar & Sweeteners"}, {"layer": 13, "name": "Alcoholic Beverages"}, {"layer": 13, "name": "Vegetable Oils", "fill": "#f7b6d2"}, {"layer": 5, "name": "Spices"}, {"layer": 5, "name": "Stimulants"}, {"layer": 13, "name": "Eggs"}, {"layer": 5, "name": "Fruits - Excluding Wine"}, {"layer": 10, "name": "Processing", "fill": "#9edae5"}, {"layer": 16, "name": "Biofuels & Other", "fill": "#e7ba52"}, {"name": "Seed", "fill": "#dbdb8d"}, {"name": "Waste", "fill": "#c7c7c7"}, {"layer": 0, "name": "Import", "fill": "#aec7e8"}, {"layer": 16, "name": "Export", "fill": "#aec7e8"}, {"layer": 0, "name": "Stock Draw", "fill": "#c7c7c7"}, {"layer": 16, "name": "Stock Deposit", "fill": "#c7c7c7"}, {"layer": 0, "name": "Production", "fill": "#b5cf6b"}], "links": [{"source": 0, "prod": 0.38003805263303364, "target": 1, "value": 453.0, "supply": [{"l": "Milk - Excluding Butter", "v": 453.0}]}, {"source": 2, "prod": 2.0171847492911987, "target": 1, "value": 440.0, "supply": [{"l": "Soyabeans", "v": 191.0}, {"l": "Cottonseed", "v": 163.0}, {"l": "Rape and Mustardseed", "v": 8.0}, {"l": "Groundnuts", "v": 10.0}, {"l": "Oilcrops, Other", "v": 68.0}]}, {"source": 3, "prod": 0.26672592558481162, "target": 1, "value": 848.0, "supply": [{"l": "Vegetables, Other", "v": 848.0}]}, {"source": 4, "prod": 0.026653070145588452, "target": 1, "value": 73.0, "supply": [{"l": "Sugar beet", "v": 5.0}, {"l": "Sugar cane", "v": 68.0}]}, {"source": 5, "prod": 0.066846814048431041, "target": 1, "value": 7.0, "supply": [{"l": "Fats, Animals, Raw", "v": 6.0}, {"l": "Fish, Body Oil", "v": 1.0}]}, {"source": 6, "prod": 13.3848864576445, "target": 1, "value": 12400.0, "supply": [{"l": "Potatoes", "v": 2672.0}, {"l": "Yams", "v": 3.0}, {"l": "Roots, Other", "v": 63.0}, {"l": "Sweet potatoes", "v": 9376.0}, {"l": "Cassava", "v": 286.0}]}, {"source": 7, "prod": 0.74898632882764393, "target": 1, "value": 191.0, "supply": [{"l": "Beans", "v": 8.0}, {"l": "Peas", "v": 100.0}, {"l": "Pulses, Other", "v": 83.0}]}, {"source": 8, "prod": 0.10099448328515478, "target": 1, "value": 114.0, "supply": [{"l": "Aquatic Products, Other", "v": 57.0}, {"l": "Aquatic Plants", "v": 57.0}]}, {"source": 9, "prod": 1.9567523432673917, "target": 1, "value": 2088.0, "supply": [{"l": "Fish, Seafood", "v": 1044.0}, {"l": "Cephalopods", "v": 4.0}, {"l": "Pelagic Fish", "v": 518.0}, {"l": "Molluscs, Other", "v": 30.0}, {"l": "Marine Fish, Other", "v": 12.0}, {"l": "Demersal Fish", "v": 480.0}]}, {"source": 10, "prod": 79.614804244562919, "target": 1, "value": 23021.0, "supply": [{"l": "Maize", "v": 16272.0}, {"l": "Oats", "v": 418.0}, {"l": "Rye", "v": 327.0}, {"l": "Barley", "v": 1104.0}, {"l": "Rice", "v": 3095.0}, {"l": "Sorghum", "v": 344.0}, {"l": "Cereals, Other", "v": 140.0}, {"l": "Wheat", "v": 939.0}, {"l": "Millet", "v": 382.0}]}, {"source": 11, "prod": 0.013584053307360001, "target": 1, "value": 8.0, "supply": [{"l": "Offals, Edible", "v": 8.0}]}, {"source": 0, "prod": 3.4228592819928862, "target": 12, "value": 4080.0, "supply": [{"l": "Milk - Excluding Butter", "v": 4080.0}]}, {"source": 2, "prod": 18.942458812987962, "target": 12, "value": 4521.0, "supply": [{"l": "Sunflower seed", "v": 17.0}, {"l": "Coconuts - Incl Copra", "v": 133.0}, {"l": "Sesame seed", "v": 40.0}, {"l": "Olives", "v": 1.0}, {"l": "Groundnuts", "v": 404.0}, {"l": "Oilcrops, Other", "v": 1.0}, {"l": "Soyabeans", "v": 3920.0}, {"l": "Rape and Mustardseed", "v": 5.0}]}, {"source": 13, "prod": 0.67605820858388899, "target": 12, "value": 215.0, "supply": [{"l": "Treenuts", "v": 215.0}]}, {"source": 7, "prod": 30.798676407475156, "target": 12, "value": 7876.0, "supply": [{"l": "Peas", "v": 2483.0}, {"l": "Pulses, Other", "v": 2821.0}, {"l": "Beans", "v": 2572.0}]}, {"source": 3, "prod": 20.894395758112683, "target": 12, "value": 65827.0, "supply": [{"l": "Tomatoes", "v": 4774.0}, {"l": "Vegetables, Other", "v": 56633.0}, {"l": "Onions", "v": 4420.0}]}, {"source": 14, "prod": 0.67605820858388899, "target": 12, "value": 215.0, "supply": [{"l": "Nuts", "v": 215.0}]}, {"source": 4, "prod": 0.069268863886808682, "target": 12, "value": 226.0, "supply": [{"l": "Sugar cane", "v": 226.0}]}, {"source": 5, "prod": 2.8042353212665265, "target": 12, "value": 302.0, "supply": [{"l": "Butter, Ghee", "v": 30.0}, {"l": "Fats, Animals, Raw", "v": 237.0}, {"l": "Fish, Body Oil", "v": 28.0}, {"l": "Fish, Liver Oil", "v": 7.0}]}, {"source": 6, "prod": 91.855755612749888, "target": 12, "value": 83592.0, "supply": [{"l": "Roots, Other", "v": 1114.0}, {"l": "Yams", "v": 45.0}, {"l": "Potatoes", "v": 11642.0}, {"l": "Sweet potatoes", "v": 70037.0}, {"l": "Cassava", "v": 754.0}]}, {"source": 9, "prod": 14.904018129360946, "target": 12, "value": 17313.0, "supply": [{"l": "Crustaceans", "v": 422.0}, {"l": "Marine Fish, Other", "v": 1769.0}, {"l": "Fish, Seafood", "v": 8656.0}, {"l": "Demersal Fish", "v": 1842.0}, {"l": "Freshwater Fish", "v": 932.0}, {"l": "Cephalopods", "v": 579.0}, {"l": "Pelagic Fish", "v": 2372.0}, {"l": "Molluscs, Other", "v": 741.0}]}, {"source": 8, "prod": 0.71403459162990224, "target": 12, "value": 799.0, "supply": [{"l": "Aquatic Animals, Others", "v": 26.0}, {"l": "Aquatic Products, Other", "v": 400.0}, {"l": "Aquatic Plants", "v": 373.0}]}, {"source": 15, "prod": 13.706223206306266, "target": 12, "value": 3293.0, "supply": [{"l": "Sugar", "v": 2945.0}, {"l": "Sweeteners, Other", "v": 137.0}, {"l": "Honey", "v": 57.0}, {"l": "Sugar non-centrifugal", "v": 154.0}]}, {"source": 16, "prod": 6.8543037300096774, "target": 12, "value": 4331.0, "supply": [{"l": "Beverages, Alcoholic", "v": 1150.0}, {"l": "Wine", "v": 12.0}, {"l": "Beer", "v": 1810.0}, {"l": "Beverages, Fermented", "v": 1359.0}]}, {"source": 10, "prod": 319.24684305734297, "target": 12, "value": 80448.0, "supply": [{"l": "Maize", "v": 1971.0}, {"l": "Barley", "v": 6616.0}, {"l": "Cereals, Other", "v": 1007.0}, {"l": "Sorghum", "v": 5390.0}, {"l": "Rye", "v": 967.0}, {"l": "Rice", "v": 40204.0}, {"l": "Wheat", "v": 17753.0}, {"l": "Oats", "v": 829.0}, {"l": "Millet", "v": 5711.0}]}, {"source": 17, "prod": 11.867547205991762, "target": 12, "value": 1197.0, "supply": [{"l": "Ricebran Oil", "v": 48.0}, {"l": "Sunflowerseed Oil", "v": 17.0}, {"l": "Rape and Mustard Oil", "v": 222.0}, {"l": "Sesameseed Oil", "v": 69.0}, {"l": "Palmkernel Oil", "v": 6.0}, {"l": "Oilcrops Oil, Other", "v": 59.0}, {"l": "Maize Germ Oil", "v": 8.0}, {"l": "Groundnut Oil", "v": 159.0}, {"l": "Soyabean Oil", "v": 423.0}, {"l": "Palm Oil", "v": 39.0}, {"l": "Coconut Oil", "v": 37.0}, {"l": "Cottonseed Oil", "v": 110.0}]}, {"source": 18, "prod": 0.48287064491006249, "target": 12, "value": 98.0, "supply": [{"l": "Pepper", "v": 2.0}, {"l": "Pimento", "v": 61.0}, {"l": "Spices, Other", "v": 35.0}]}, {"source": 19, "prod": 0.20650182807738124, "target": 12, "value": 168.0, "supply": [{"l": "Tea", "v": 127.0}, {"l": "Coffee", "v": 22.0}, {"l": "Cocoa Beans", "v": 19.0}]}, {"source": 20, "prod": 4.1161818872345659, "target": 12, "value": 2311.0, "supply": [{"l": "Eggs", "v": 2311.0}]}, {"source": 21, "prod": 2.9360234187416969, "target": 12, "value": 5906.0, "supply": [{"l": "Grapes", "v": 254.0}, {"l": "Pineapples", "v": 163.0}, {"l": "Citrus, Other", "v": 59.0}, {"l": "Grapefruit", "v": 8.0}, {"l": "Fruits, Other", "v": 3244.0}, {"l": "Dates", "v": 35.0}, {"l": "Apples", "v": 1048.0}, {"l": "Lemons, Limes", "v": 7.0}, {"l": "Bananas", "v": 154.0}, {"l": "Oranges, Mandarines", "v": 934.0}]}, {"source": 11, "prod": 10.297559562556168, "target": 12, "value": 3810.0, "supply": [{"l": "Pigmeat", "v": 1907.0}, {"l": "Offals, Edible", "v": 200.0}, {"l": "Meat, Other", "v": 341.0}, {"l": "Mutton & Goat Meat", "v": 188.0}, {"l": "Bovine Meat", "v": 316.0}, {"l": "Poultry Meat", "v": 858.0}]}, {"source": 0, "prod": 0.0058725526896936768, "target": 22, "value": 7.0, "supply": [{"l": "Milk - Excluding Butter", "v": 7.0}]}, {"source": 2, "prod": 30.445068033192857, "target": 22, "value": 6609.0, "supply": [{"l": "Soyabeans", "v": 2620.0}, {"l": "Oilcrops, Other", "v": 1328.0}, {"l": "Sunflower seed", "v": 55.0}, {"l": "Coconuts - Incl Copra", "v": 324.0}, {"l": "Sesame seed", "v": 169.0}, {"l": "Cottonseed", "v": 929.0}, {"l": "Rape and Mustardseed", "v": 593.0}, {"l": "Groundnuts", "v": 395.0}, {"l": "Palm kernels", "v": 36.0}, {"l": "Oil Palm", "v": 160.00000000000003}]}, {"source": 4, "prod": 6.3132095603315808, "target": 22, "value": 15201.0, "supply": [{"l": "Sugar beet", "v": 1933.0}, {"l": "Sugar cane", "v": 13268.0}]}, {"source": 6, "prod": 1.5316816562661633, "target": 22, "value": 1654.0, "supply": [{"l": "Potatoes", "v": 1153.0}, {"l": "Sweet potatoes", "v": 463.0}, {"l": "Cassava", "v": 38.0}]}, {"source": 15, "prod": 0.24486323326804449, "target": 22, "value": 94.0, "supply": [{"l": "Sugar", "v": 6.0}, {"l": "Sweeteners, Other", "v": 88.0}]}, {"source": 10, "prod": 4.2747937941189722, "target": 22, "value": 1107.0, "supply": [{"l": "Maize", "v": 168.0}, {"l": "Barley", "v": 310.0}, {"l": "Rice", "v": 516.0}, {"l": "Wheat", "v": 113.0}]}, {"source": 21, "prod": 0.022791275934305053, "target": 22, "value": 47.0, "supply": [{"l": "Fruits, Other", "v": 2.0}, {"l": "Apples", "v": 30.0}, {"l": "Grapes", "v": 15.0}]}, {"source": 0, "prod": 0.0016778721970553362, "target": 23, "value": 2.0, "supply": [{"l": "Milk - Excluding Butter", "v": 2.0}]}, {"source": 11, "prod": 0.065231529730300442, "target": 23, "value": 36.0, "supply": [{"l": "Pigmeat", "v": 2.0}, {"l": "Poultry Meat", "v": 1.0}, {"l": "Offals, Edible", "v": 33.0}]}, {"source": 20, "prod": 0.044528146768006989, "target": 23, "value": 25.0, "supply": [{"l": "Eggs", "v": 25.0}]}, {"source": 16, "prod": 0.0038339264464239357, "target": 23, "value": 2.0, "supply": [{"l": "Beer", "v": 1.0}, {"l": "Beverages, Alcoholic", "v": 1.0}]}, {"source": 5, "prod": 3.1034399136063104, "target": 23, "value": 331.0, "supply": [{"l": "Fats, Animals, Raw", "v": 292.0}, {"l": "Fish, Body Oil", "v": 38.0}, {"l": "Fish, Liver Oil", "v": 1.0}]}, {"source": 6, "prod": 0.48098705928403984, "target": 23, "value": 407.0, "supply": [{"l": "Potatoes", "v": 13.0}, {"l": "Sweet potatoes", "v": 308.0}, {"l": "Cassava", "v": 86.0}]}, {"source": 9, "prod": 0.0014123138827485736, "target": 23, "value": 2.0, "supply": [{"l": "Fish, Seafood", "v": 1.0}, {"l": "Marine Fish, Other", "v": 1.0}]}, {"source": 8, "prod": 0.57608513054101085, "target": 23, "value": 650.0, "supply": [{"l": "Aquatic Plants", "v": 324.0}, {"l": "Aquatic Products, Other", "v": 325.0}, {"l": "Aquatic Animals, Others", "v": 1.0}]}, {"source": 15, "prod": 0.020934328727095889, "target": 23, "value": 5.0, "supply": [{"l": "Sugar", "v": 5.0}]}, {"source": 21, "prod": 0.00089393685852978645, "target": 23, "value": 2.0, "supply": [{"l": "Fruits, Other", "v": 1.0}, {"l": "Oranges, Mandarines", "v": 1.0}]}, {"source": 10, "prod": 4.1870033571043113, "target": 23, "value": 1215.0, "supply": [{"l": "Maize", "v": 1051.0}, {"l": "Barley", "v": 4.0}, {"l": "Rice", "v": 124.0}, {"l": "Wheat", "v": 36.0}]}, {"source": 17, "prod": 5.0832389955716204, "target": 23, "value": 448.0, "supply": [{"l": "Ricebran Oil", "v": 5.0}, {"l": "Coconut Oil", "v": 35.0}, {"l": "Cottonseed Oil", "v": 34.0}, {"l": "Oilcrops Oil, Other", "v": 338.0}, {"l": "Sesameseed Oil", "v": 7.0}, {"l": "Soyabean Oil", "v": 3.0}, {"l": "Palm Oil", "v": 15.0}, {"l": "Palmkernel Oil", "v": 11.0}]}, {"source": 3, "prod": 0.0018872117376283843, "target": 23, "value": 6.0, "supply": [{"l": "Vegetables, Other", "v": 6.0}]}, {"source": 2, "prod": 2.0709130342090432, "target": 23, "value": 416.0, "supply": [{"l": "Soyabeans", "v": 1.0}, {"l": "Cottonseed", "v": 382.0}, {"l": "Rape and Mustardseed", "v": 16.0}, {"l": "Oilcrops, Other", "v": 17.0}]}, {"source": 2, "prod": 6.1839341315642375, "target": 24, "value": 1420.0, "supply": [{"l": "Soyabeans", "v": 1051.0}, {"l": "Sunflower seed", "v": 1.0}, {"l": "Sesame seed", "v": 11.0}, {"l": "Cottonseed", "v": 212.0}, {"l": "Rape and Mustardseed", "v": 49.0}, {"l": "Groundnuts", "v": 88.0}, {"l": "Oilcrops, Other", "v": 8.0}]}, {"source": 20, "prod": 0.11221092985537762, "target": 20, "value": 63.0, "supply": [{"l": "Eggs", "v": 63.0}]}, {"source": 6, "prod": 1.6768437314386491, "target": 24, "value": 1866.0, "supply": [{"l": "Potatoes", "v": 1396.0}, {"l": "Yams", "v": 3.0}, {"l": "Roots, Other", "v": 48.0}, {"l": "Sweet potatoes", "v": 419.0}]}, {"source": 7, "prod": 4.1891698809511535, "target": 24, "value": 1069.0, "supply": [{"l": "Beans", "v": 326.0}, {"l": "Peas", "v": 298.0}, {"l": "Pulses, Other", "v": 445.0}]}, {"source": 9, "prod": 0.042611711953835632, "target": 9, "value": 60.0, "supply": [{"l": "Fish, Seafood", "v": 30.0}, {"l": "Cephalopods", "v": 30.0}]}, {"source": 10, "prod": 40.364518184047206, "target": 24, "value": 10430.0, "supply": [{"l": "Maize", "v": 871.0}, {"l": "Oats", "v": 159.0}, {"l": "Rye", "v": 190.0}, {"l": "Barley", "v": 639.0}, {"l": "Rice", "v": 4307.0}, {"l": "Sorghum", "v": 236.0}, {"l": "Cereals, Other", "v": 349.0}, {"l": "Wheat", "v": 3449.0}, {"l": "Millet", "v": 230.0}]}, {"source": 0, "prod": 0.071309568374851792, "target": 25, "value": 85.0, "supply": [{"l": "Milk - Excluding Butter", "v": 85.0}]}, {"source": 11, "prod": 0.033381630295891696, "target": 25, "value": 13.0, "supply": [{"l": "Pigmeat", "v": 5.0}, {"l": "Meat, Other", "v": 1.0}, {"l": "Mutton & Goat Meat", "v": 1.0}, {"l": "Poultry Meat", "v": 3.0}, {"l": "Bovine Meat", "v": 3.0}]}, {"source": 13, "prod": 0.025155654272888888, "target": 25, "value": 8.0, "supply": [{"l": "Treenuts", "v": 8.0}]}, {"source": 3, "prod": 1.8757664394657578, "target": 25, "value": 5867.0, "supply": [{"l": "Tomatoes", "v": 385.0}, {"l": "Vegetables, Other", "v": 5025.0}, {"l": "Onions", "v": 457.0}]}, {"source": 14, "prod": 0.025155654272888888, "target": 25, "value": 8.0, "supply": [{"l": "Nuts", "v": 8.0}]}, {"source": 6, "prod": 5.6578606596503462, "target": 25, "value": 5171.0, "supply": [{"l": "Roots, Other", "v": 65.0}, {"l": "Yams", "v": 3.0}, {"l": "Potatoes", "v": 794.0}, {"l": "Sweet potatoes", "v": 4269.0}, {"l": "Cassava", "v": 40.0}]}, {"source": 7, "prod": 1.1147524005525251, "target": 25, "value": 285.0, "supply": [{"l": "Peas", "v": 90.0}, {"l": "Beans", "v": 91.0}, {"l": "Pulses, Other", "v": 104.0}]}, {"source": 15, "prod": 0.050242388945030136, "target": 25, "value": 12.0, "supply": [{"l": "Sugar", "v": 12.0}]}, {"source": 21, "prod": 0.35322681935084399, "target": 25, "value": 730.0, "supply": [{"l": "Citrus, Other", "v": 8.0}, {"l": "Grapefruit", "v": 2.0}, {"l": "Grapes", "v": 33.0}, {"l": "Dates", "v": 2.0}, {"l": "Apples", "v": 131.0}, {"l": "Lemons, Limes", "v": 1.0}, {"l": "Pineapples", "v": 24.0}, {"l": "Bananas", "v": 26.0}, {"l": "Fruits, Other", "v": 332.0}, {"l": "Oranges, Mandarines", "v": 171.0}]}, {"source": 10, "prod": 25.027168671053232, "target": 25, "value": 6598.0, "supply": [{"l": "Maize", "v": 1628.0}, {"l": "Rye", "v": 67.0}, {"l": "Barley", "v": 380.0}, {"l": "Rice", "v": 2394.0}, {"l": "Cereals, Other", "v": 70.0}, {"l": "Wheat", "v": 1338.0}, {"l": "Oats", "v": 59.0}, {"l": "Sorghum", "v": 308.0}, {"l": "Millet", "v": 354.0}]}, {"source": 17, "prod": 0.019102574963474998, "target": 25, "value": 2.0, "supply": [{"l": "Soyabean Oil", "v": 1.0}, {"l": "Palm Oil", "v": 1.0}]}, {"source": 18, "prod": 0.014857558304925, "target": 25, "value": 3.0, "supply": [{"l": "Pimento", "v": 2.0}, {"l": "Spices, Other", "v": 1.0}]}, {"source": 19, "prod": 0.0034866666600000002, "target": 25, "value": 3.0, "supply": [{"l": "Tea", "v": 3.0}]}, {"source": 20, "prod": 0.17811258707202796, "target": 25, "value": 100.0, "supply": [{"l": "Eggs", "v": 100.0}]}, {"source": 2, "prod": 1.5159335727377119, "target": 25, "value": 334.0, "supply": [{"l": "Sunflower seed", "v": 2.0}, {"l": "Coconuts - Incl Copra", "v": 2.0}, {"l": "Sesame seed", "v": 6.0}, {"l": "Cottonseed", "v": 48.0}, {"l": "Groundnuts", "v": 31.0}, {"l": "Oilcrops, Other", "v": 27.0}, {"l": "Soyabeans", "v": 201.0}, {"l": "Rape and Mustardseed", "v": 17.0}]}, {"source": 26, "prod": 0.03773348140933333, "target": 14, "value": 12.0, "supply": [{"l": "Nuts", "v": 12.0}]}, {"source": 26, "prod": 1.1953757367432647, "target": 1, "value": 1231.0, "supply": [{"l": "Freshwater Fish", "v": 12.0}, {"l": "Pigmeat", "v": 11.0}, {"l": "Meat, Other", "v": 32.0}, {"l": "Crustaceans", "v": 14.0}, {"l": "Aquatic Products, Other", "v": 68.0}, {"l": "Marine Fish, Other", "v": 37.0}, {"l": "Demersal Fish", "v": 2.0}, {"l": "Mutton & Goat Meat", "v": 23.0}, {"l": "Milk - Excluding Butter", "v": 491.0}, {"l": "Pelagic Fish", "v": 167.0}, {"l": "Fish, Seafood", "v": 245.0}, {"l": "Cephalopods", "v": 2.0}, {"l": "Aquatic Plants", "v": 65.0}, {"l": "Molluscs, Other", "v": 9.0}, {"l": "Aquatic Animals, Others", "v": 2.0}, {"l": "Poultry Meat", "v": 6.0}, {"l": "Offals, Edible", "v": 4.0}, {"l": "Bovine Meat", "v": 14.0}, {"l": "Eggs", "v": 27.0}]}, {"source": 26, "prod": 46.017713248660044, "target": 10, "value": 13391.0, "supply": [{"l": "Maize", "v": 2518.0}, {"l": "Rye", "v": 270.0}, {"l": "Barley", "v": 1339.0}, {"l": "Cereals, Other", "v": 14.0}, {"l": "Rice", "v": 650.0}, {"l": "Wheat", "v": 8379.0}, {"l": "Oats", "v": 73.0}, {"l": "Sorghum", "v": 146.0}, {"l": "Millet", "v": 2.0}]}, {"source": 26, "prod": 0.64577178092975696, "target": 7, "value": 166.0, "supply": [{"l": "Peas", "v": 4.0}, {"l": "Beans", "v": 126.0}, {"l": "Pulses, Other", "v": 36.0}]}, {"source": 26, "prod": 15.173274048817207, "target": 22, "value": 3156.0, "supply": [{"l": "Sugar", "v": 2707.0}, {"l": "Beer", "v": 6.0}, {"l": "Groundnut Oil", "v": 11.0}, {"l": "Beverages, Alcoholic", "v": 6.0}, {"l": "Sugar non-centrifugal", "v": 12.0}, {"l": "Fats, Animals, Raw", "v": 310.0}, {"l": "Soyabean Oil", "v": 25.0}, {"l": "Butter, Ghee", "v": 2.0}, {"l": "Palm Oil", "v": 15.0}, {"l": "Sunflowerseed Oil", "v": 1.0}, {"l": "Coconut Oil", "v": 18.0}, {"l": "Rape and Mustard Oil", "v": 1.0}, {"l": "Oilcrops Oil, Other", "v": 18.0}, {"l": "Wine", "v": 2.0}, {"l": "Sweeteners, Other", "v": 12.0}, {"l": "Fish, Body Oil", "v": 1.0}, {"l": "Fish, Liver Oil", "v": 1.0}, {"l": "Cottonseed Oil", "v": 8.0}]}, {"source": 26, "prod": 0.03773348140933333, "target": 13, "value": 12.0, "supply": [{"l": "Treenuts", "v": 12.0}]}, {"source": 26, "prod": 0.06122541810540176, "target": 3, "value": 194.0, "supply": [{"l": "Tomatoes", "v": 7.0}, {"l": "Vegetables, Other", "v": 181.0}, {"l": "Onions", "v": 6.0}]}, {"source": 26, "prod": 0.074389915198672163, "target": 19, "value": 57.0, "supply": [{"l": "Cocoa Beans", "v": 19.0}, {"l": "Coffee", "v": 26.0}, {"l": "Tea", "v": 12.0}]}, {"source": 26, "prod": 0.24602445307939066, "target": 21, "value": 328.0, "supply": [{"l": "Citrus, Other", "v": 4.0}, {"l": "Apples", "v": 18.0}, {"l": "Grapes", "v": 52.0}, {"l": "Dates", "v": 34.0}, {"l": "Grapefruit", "v": 1.0}, {"l": "Lemons, Limes", "v": 3.0}, {"l": "Pineapples", "v": 3.0}, {"l": "Bananas", "v": 89.0}, {"l": "Fruits, Other", "v": 70.0}, {"l": "Oranges, Mandarines", "v": 54.0}]}, {"source": 26, "prod": 0.0058111111000000003, "target": 4, "value": 5.0, "supply": [{"l": "Sugar beet", "v": 5.0}]}, {"source": 26, "prod": 9.0349522637826123, "target": 2, "value": 2258.0, "supply": [{"l": "Sunflower seed", "v": 17.0}, {"l": "Coconuts - Incl Copra", "v": 423.0}, {"l": "Sesame seed", "v": 30.0}, {"l": "Cottonseed", "v": 101.0}, {"l": "Groundnuts", "v": 22.0}, {"l": "Oilcrops, Other", "v": 271.0}, {"l": "Soyabeans", "v": 1337.0}, {"l": "Rape and Mustardseed", "v": 29.0}, {"l": "Palm kernels", "v": 28.0}]}, {"source": 26, "prod": 0.036082641597675005, "target": 18, "value": 8.0, "supply": [{"l": "Cloves", "v": 1.0}, {"l": "Pepper", "v": 1.0}, {"l": "Spices, Other", "v": 6.0}]}, {"source": 26, "prod": 0.11302215669682497, "target": 6, "value": 110.0, "supply": [{"l": "Roots, Other", "v": 4.0}, {"l": "Potatoes", "v": 64.0}, {"l": "Sweet potatoes", "v": 4.0}, {"l": "Cassava", "v": 38.0}]}, {"source": 0, "prod": 0.015100849773498026, "target": 27, "value": 18.0, "supply": [{"l": "Milk - Excluding Butter", "v": 18.0}]}, {"source": 11, "prod": 0.13337619175480372, "target": 27, "value": 53.0, "supply": [{"l": "Pigmeat", "v": 22.0}, {"l": "Meat, Other", "v": 7.0}, {"l": "Mutton & Goat Meat", "v": 8.0}, {"l": "Poultry Meat", "v": 3.0}, {"l": "Offals, Edible", "v": 4.0}, {"l": "Bovine Meat", "v": 9.0}]}, {"source": 13, "prod": 0.040877938193444444, "target": 27, "value": 13.0, "supply": [{"l": "Treenuts", "v": 13.0}]}, {"source": 7, "prod": 0.43980577786036995, "target": 27, "value": 113.0, "supply": [{"l": "Peas", "v": 25.0}, {"l": "Beans", "v": 62.0}, {"l": "Pulses, Other", "v": 26.0}]}, {"source": 3, "prod": 0.070459286339420737, "target": 27, "value": 217.0, "supply": [{"l": "Tomatoes", "v": 2.0}, {"l": "Vegetables, Other", "v": 199.0}, {"l": "Onions", "v": 16.0}]}, {"source": 14, "prod": 0.040877938193444444, "target": 27, "value": 13.0, "supply": [{"l": "Nuts", "v": 13.0}]}, {"source": 4, "prod": 0.00061299879545848382, "target": 27, "value": 2.0, "supply": [{"l": "Sugar cane", "v": 2.0}]}, {"source": 5, "prod": 1.716741234744332, "target": 27, "value": 129.0, "supply": [{"l": "Butter, Ghee", "v": 3.0}, {"l": "Fats, Animals, Raw", "v": 11.0}, {"l": "Fish, Body Oil", "v": 112.0}, {"l": "Fish, Liver Oil", "v": 3.0}]}, {"source": 6, "prod": 0.038813207090309755, "target": 27, "value": 47.0, "supply": [{"l": "Roots, Other", "v": 1.0}, {"l": "Potatoes", "v": 46.0}]}, {"source": 9, "prod": 0.97220356412465736, "target": 27, "value": 1056.0, "supply": [{"l": "Crustaceans", "v": 50.0}, {"l": "Marine Fish, Other", "v": 12.0}, {"l": "Demersal Fish", "v": 54.0}, {"l": "Freshwater Fish", "v": 48.0}, {"l": "Pelagic Fish", "v": 294.0}, {"l": "Fish, Seafood", "v": 528.0}, {"l": "Cephalopods", "v": 36.0}, {"l": "Molluscs, Other", "v": 34.0}]}, {"source": 8, "prod": 0.050460328454242177, "target": 27, "value": 57.0, "supply": [{"l": "Aquatic Products, Other", "v": 29.0}, {"l": "Aquatic Plants", "v": 28.0}]}, {"source": 15, "prod": 3.7183120752203345, "target": 27, "value": 888.0, "supply": [{"l": "Sugar", "v": 884.0}, {"l": "Sweeteners, Other", "v": 2.0}, {"l": "Honey", "v": 2.0}]}, {"source": 16, "prod": 0.010845784319921703, "target": 27, "value": 11.0, "supply": [{"l": "Beer", "v": 8.0}, {"l": "Beverages, Alcoholic", "v": 1.0}, {"l": "Beverages, Fermented", "v": 2.0}]}, {"source": 10, "prod": 1.630740427672082, "target": 27, "value": 423.0, "supply": [{"l": "Maize", "v": 35.0}, {"l": "Barley", "v": 1.0}, {"l": "Rice", "v": 144.0}, {"l": "Cereals, Other", "v": 1.0}, {"l": "Wheat", "v": 240.0}, {"l": "Millet", "v": 2.0}]}, {"source": 17, "prod": 0.69072485344120726, "target": 27, "value": 63.0, "supply": [{"l": "Groundnut Oil", "v": 11.0}, {"l": "Soyabean Oil", "v": 28.0}, {"l": "Coconut Oil", "v": 1.0}, {"l": "Rape and Mustard Oil", "v": 2.0}, {"l": "Oilcrops Oil, Other", "v": 19.0}, {"l": "Cottonseed Oil", "v": 1.0}, {"l": "Palmkernel Oil", "v": 1.0}]}, {"source": 18, "prod": 0.040327658256225002, "target": 27, "value": 8.0, "supply": [{"l": "Cloves", "v": 1.0}, {"l": "Pimento", "v": 5.0}, {"l": "Spices, Other", "v": 2.0}]}, {"source": 19, "prod": 0.067790308961290902, "target": 27, "value": 61.0, "supply": [{"l": "Coffee", "v": 4.0}, {"l": "Tea", "v": 57.0}]}, {"source": 20, "prod": 0.044528146768006989, "target": 27, "value": 25.0, "supply": [{"l": "Eggs", "v": 25.0}]}, {"source": 21, "prod": 0.24382293752640763, "target": 27, "value": 520.0, "supply": [{"l": "Grapes", "v": 2.0}, {"l": "Dates", "v": 1.0}, {"l": "Apples", "v": 101.0}, {"l": "Pineapples", "v": 63.0}, {"l": "Bananas", "v": 88.0}, {"l": "Fruits, Other", "v": 48.0}, {"l": "Grapefruit", "v": 12.0}, {"l": "Oranges, Mandarines", "v": 205.0}]}, {"source": 2, "prod": 1.5676399513913684, "target": 27, "value": 377.0, "supply": [{"l": "Sunflower seed", "v": 3.0}, {"l": "Coconuts - Incl Copra", "v": 1.0}, {"l": "Sesame seed", "v": 7.0}, {"l": "Cottonseed", "v": 2.0}, {"l": "Groundnuts", "v": 2.0}, {"l": "Oilcrops, Other", "v": 12.0}, {"l": "Soyabeans", "v": 347.0}, {"l": "Rape and Mustardseed", "v": 1.0}, {"l": "Palm kernels", "v": 2.0}]}, {"source": 28, "prod": 0.057854202706696334, "target": 2, "value": 13.0, "supply": [{"l": "Cottonseed", "v": 9.0}, {"l": "Coconuts - Incl Copra", "v": 2.0}, {"l": "Soyabeans", "v": 2.0}]}, {"source": 11, "prod": 0.017415452958153846, "target": 29, "value": 8.0, "supply": [{"l": "Bovine Meat", "v": 8.0}]}, {"source": 28, "prod": 0.060928521288871197, "target": 6, "value": 58.0, "supply": [{"l": "Potatoes", "v": 17.0}, {"l": "Sweet potatoes", "v": 41.0}]}, {"source": 10, "prod": 6.7556458677764128, "target": 29, "value": 1993.0, "supply": [{"l": "Rye", "v": 40.0}, {"l": "Sorghum", "v": 211.0}, {"l": "Wheat", "v": 942.0}, {"l": "Millet", "v": 800.0}]}, {"source": 3, "prod": 0.0023239142291332122, "target": 29, "value": 5.0, "supply": [{"l": "Onions", "v": 5.0}]}, {"source": 9, "prod": 0.27079029353400152, "target": 29, "value": 316.0, "supply": [{"l": "Freshwater Fish", "v": 38.0}, {"l": "Fish, Seafood", "v": 158.0}, {"l": "Demersal Fish", "v": 120.0}]}, {"source": 21, "prod": 0.0031679228795149263, "target": 29, "value": 6.0, "supply": [{"l": "Fruits, Other", "v": 6.0}]}, {"source": 5, "prod": 0.070262344693241385, "target": 29, "value": 8.0, "supply": [{"l": "Fats, Animals, Raw", "v": 8.0}]}, {"source": 17, "prod": 0.0424501665855, "target": 29, "value": 4.0, "supply": [{"l": "Groundnut Oil", "v": 4.0}]}, {"source": 2, "prod": 0.15937504518223605, "target": 29, "value": 32.0, "supply": [{"l": "Rape and Mustardseed", "v": 4.0}, {"l": "Oilcrops, Other", "v": 28.0}]}, {"source": 19, "prod": 0.0038725772653227276, "target": 29, "value": 4.0, "supply": [{"l": "Coffee", "v": 1.0}, {"l": "Tea", "v": 3.0}]}, {"source": 28, "prod": 1.157731815968182, "target": 7, "value": 300.0, "supply": [{"l": "Beans", "v": 300.0}]}, {"source": 15, "prod": 2.2525337710355178, "target": 29, "value": 538.0, "supply": [{"l": "Sugar", "v": 538.0}]}, {"source": 4, "prod": 0.091949819318772566, "target": 29, "value": 300.0, "supply": [{"l": "Sugar cane", "v": 300.0}]}, {"source": 28, "prod": 1.1472397161071921, "target": 10, "value": 339.0, "supply": [{"l": "Maize", "v": 73.0}, {"l": "Oats", "v": 33.0}, {"l": "Barley", "v": 157.0}, {"l": "Rice", "v": 76.0}]}, {"source": 30, "prod": 53.800702476903446, "target": 2, "value": 11876.0, "supply": [{"l": "Sunflower seed", "v": 61.0}, {"l": "Coconuts - Incl Copra", "v": 35.0}, {"l": "Sesame seed", "v": 203.0}, {"l": "Cottonseed", "v": 1625.0}, {"l": "Olives", "v": 1.0}, {"l": "Groundnuts", "v": 908.0}, {"l": "Oilcrops, Other", "v": 1219.0}, {"l": "Soyabeans", "v": 6991.0}, {"l": "Rape and Mustardseed", "v": 663.0}, {"l": "Palm kernels", "v": 10.0}, {"l": "Oil Palm", "v": 160.00000000000003}]}, {"source": 30, "prod": 0.70750277642500015, "target": 13, "value": 225.0, "supply": [{"l": "Treenuts", "v": 225.0}]}, {"source": 30, "prod": 35.491889643046974, "target": 7, "value": 9069.0, "supply": [{"l": "Peas", "v": 2991.0}, {"l": "Pulses, Other", "v": 3444.0}, {"l": "Beans", "v": 2634.0}]}, {"source": 30, "prod": 23.050862771741066, "target": 3, "value": 72578.0, "supply": [{"l": "Tomatoes", "v": 5155.0}, {"l": "Vegetables, Other", "v": 62531.0}, {"l": "Onions", "v": 4892.0}]}, {"source": 30, "prod": 0.70435831964088891, "target": 14, "value": 224.0, "supply": [{"l": "Nuts", "v": 224.0}]}, {"source": 30, "prod": 6.4955767019804806, "target": 4, "value": 15796.0, "supply": [{"l": "Sugar cane", "v": 13863.0}, {"l": "Sugar beet", "v": 1933.0}]}, {"source": 30, "prod": 114.45494506159621, "target": 6, "value": 104971.0, "supply": [{"l": "Roots, Other", "v": 1288.0}, {"l": "Yams", "v": 54.0}, {"l": "Potatoes", "v": 17635.0}, {"l": "Sweet potatoes", "v": 84828.0}, {"l": "Cassava", "v": 1166.0}]}, {"source": 30, "prod": 433.94027704061438, "target": 10, "value": 111507.0, "supply": [{"l": "Maize", "v": 19404.0}, {"l": "Barley", "v": 7560.0}, {"l": "Cereals, Other", "v": 1553.0}, {"l": "Sorghum", "v": 6343.0}, {"l": "Rye", "v": 1322.0}, {"l": "Rice", "v": 50057.0}, {"l": "Wheat", "v": 16431.0}, {"l": "Oats", "v": 1360.0}, {"l": "Millet", "v": 7477.0}]}, {"source": 30, "prod": 0.5019732198735376, "target": 18, "value": 101.0, "supply": [{"l": "Pepper", "v": 1.0}, {"l": "Pimento", "v": 68.0}, {"l": "Spices, Other", "v": 32.0}]}, {"source": 30, "prod": 0.20880959859064546, "target": 19, "value": 181.0, "supply": [{"l": "Tea", "v": 179.0}, {"l": "Coffee", "v": 2.0}]}, {"source": 30, "prod": 3.3144298453584935, "target": 21, "value": 6884.0, "supply": [{"l": "Grapes", "v": 252.0}, {"l": "Pineapples", "v": 247.0}, {"l": "Citrus, Other", "v": 63.0}, {"l": "Grapefruit", "v": 21.0}, {"l": "Fruits, Other", "v": 3564.0}, {"l": "Dates", "v": 4.0}, {"l": "Apples", "v": 1292.0}, {"l": "Lemons, Limes", "v": 5.0}, {"l": "Bananas", "v": 179.0}, {"l": "Oranges, Mandarines", "v": 1257.0}]}, {"source": 1, "prod": 3.8968581776610192, "target": 0, "value": 4645.0, "supply": [{"l": "Milk - Excluding Butter", "v": 4645.0}]}, {"source": 1, "prod": 4.3833507678426082, "target": 20, "value": 2461.0, "supply": [{"l": "Eggs", "v": 2524.0}]}, {"source": 1, "prod": 1.4415745339103101, "target": 8, "value": 1620.0, "supply": [{"l": "Aquatic Plants", "v": 782.0}, {"l": "Aquatic Products, Other", "v": 811.0}, {"l": "Aquatic Animals, Others", "v": 27.0}]}, {"source": 1, "prod": 18.105176644169749, "target": 9, "value": 20775.0, "supply": [{"l": "Pelagic Fish", "v": 3184.0}, {"l": "Crustaceans", "v": 472.0}, {"l": "Freshwater Fish", "v": 1018.0}, {"l": "Molluscs, Other", "v": 805.0}, {"l": "Demersal Fish", "v": 2496.0}, {"l": "Fish, Seafood", "v": 10417.0}, {"l": "Marine Fish, Other", "v": 1794.0}, {"l": "Cephalopods", "v": 649.0}]}, {"source": 1, "prod": 10.560548420602681, "target": 11, "value": 3928.0, "supply": [{"l": "Pigmeat", "v": 1936.0}, {"l": "Bovine Meat", "v": 336.0}, {"l": "Poultry Meat", "v": 865.0}, {"l": "Offals, Edible", "v": 245.0}, {"l": "Meat, Other", "v": 349.0}, {"l": "Mutton & Goat Meat", "v": 197.0}]}, {"source": 22, "prod": 19.99310900350229, "target": 15, "value": 4830.0, "supply": [{"l": "Honey", "v": 59.0}, {"l": "Sweeteners, Other", "v": 227.0}, {"l": "Sugar non-centrifugal", "v": 154.0}, {"l": "Sugar", "v": 4390.0}]}, {"source": 22, "prod": 17.703063796553565, "target": 17, "value": 1714.0, "supply": [{"l": "Ricebran Oil", "v": 53.0}, {"l": "Sesameseed Oil", "v": 76.0}, {"l": "Soyabean Oil", "v": 455.0}, {"l": "Coconut Oil", "v": 73.0}, {"l": "Cottonseed Oil", "v": 145.0}, {"l": "Rape and Mustard Oil", "v": 224.0}, {"l": "Maize Germ Oil", "v": 8.0}, {"l": "Groundnut Oil", "v": 174.0}, {"l": "Palm Oil", "v": 55.0}, {"l": "Palmkernel Oil", "v": 18.0}, {"l": "Oilcrops Oil, Other", "v": 416.0}, {"l": "Sunflowerseed Oil", "v": 17.0}]}, {"source": 22, "prod": 6.8689834407760229, "target": 16, "value": 4344.0, "supply": [{"l": "Beer", "v": 1819.0}, {"l": "Beverages, Alcoholic", "v": 1152.0}, {"l": "Beverages, Fermented", "v": 1361.0}, {"l": "Wine", "v": 12.0}]}, {"source": 22, "prod": 7.7615256283588412, "target": 5, "value": 777.0, "supply": [{"l": "Fats, Animals, Raw", "v": 554.0}, {"l": "Fish, Body Oil", "v": 179.0}, {"l": "Butter, Ghee", "v": 33.0}, {"l": "Fish, Liver Oil", "v": 11.0}]}]}