{"nodes": [{"layer": 5, "name": "Cereals - Excluding Beer"}, {"layer": 10, "name": "Feed", "fill": "#dbdb8d"}, {"layer": 13, "name": "Milk - Excluding Butter"}, {"layer": 16, "name": "Food", "fill": "#b5cf6b"}, {"layer": 13, "name": "Meat"}, {"layer": 13, "name": "Eggs"}, {"layer": 13, "name": "Alcoholic Beverages"}, {"layer": 13, "name": "Animal Fats"}, {"layer": 5, "name": "Starchy Roots"}, {"layer": 5, "name": "Pulses"}, {"layer": 13, "name": "Fish, Seafood"}, {"layer": 13, "name": "Sugar & Sweeteners"}, {"layer": 5, "name": "Fruits - Excluding Wine"}, {"layer": 13, "name": "Vegetable Oils", "fill": "#f7b6d2"}, {"layer": 5, "name": "Vegetables"}, {"layer": 5, "name": "Oilcrops", "fill": "#ff9896"}, {"layer": 10, "name": "Processing", "fill": "#9edae5"}, {"name": "Waste", "fill": "#c7c7c7"}, {"layer": 2, "name": "Import", "fill": "#aec7e8"}, {"layer": 16, "name": "Export", "fill": "#aec7e8"}, {"layer": 16, "name": "Stock Deposit", "fill": "#c7c7c7"}, {"name": "Crop Residue", "fill": "#bd9e39"}, {"layer": 2, "name": "Electricity", "fill": "#bcbd22"}, {"layer": 0, "name": "Fossil Fuels", "fill": "#c49c94"}, {"layer": 0, "name": "Renewables & Nuclear", "fill": "#2ca02c"}, {"layer": 2, "name": "Fertilizers", "fill": "#c5b0d5"}, {"layer": 0, "name": "Labor", "fill": "#7f7f7f"}], "links": [{"source": 0, "prod": 1.0, "target": 1, "value": 0.0035532641665512025, "supply": [{"l": "Maize", "v": 0.0035532641665512025}]}, {"source": 2, "prod": 2.0, "target": 3, "value": 0.0033451667916075656, "supply": [{"l": "Milk - Excluding Butter", "v": 0.0033451667916075656}]}, {"source": 4, "prod": 6.0, "target": 3, "value": 0.01722244694949026, "supply": [{"l": "Pigmeat", "v": 0.012512229451176988}, {"l": "Bovine Meat", "v": 0.0019035949141479823}, {"l": "Poultry Meat", "v": 0.002806622584165289}]}, {"source": 5, "prod": 2.0, "target": 3, "value": 0.0031917418485338349, "supply": [{"l": "Eggs", "v": 0.0031917418485338349}]}, {"source": 6, "prod": 2.0, "target": 3, "value": 0.0010092721499316941, "supply": [{"l": "Beer", "v": 0.00050838522856886227}, {"l": "Beverages, Fermented", "v": 0.00050088692136283192}]}, {"source": 7, "prod": 1.0, "target": 3, "value": 0.0084338079308940404, "supply": [{"l": "Fats, Animals, Raw", "v": 0.0084338079308940404}]}, {"source": 8, "prod": 1.0, "target": 3, "value": 0.00075954572419383709, "supply": [{"l": "Potatoes", "v": 0.00075954572419383709}]}, {"source": 9, "prod": 1.0, "target": 3, "value": 0.0039542620928958907, "supply": [{"l": "Beans", "v": 0.0039542620928958907}]}, {"source": 10, "prod": 3.0, "target": 3, "value": 0.0021948849936040526, "supply": [{"l": "Fish, Seafood", "v": 0.0013030747712195986}, {"l": "Marine Fish, Other", "v": 0.00089181022238445378}]}, {"source": 11, "prod": 4.0, "target": 3, "value": 0.015918812469562501, "supply": [{"l": "Sugar", "v": 0.012735049975650002}, {"l": "Sweeteners, Other", "v": 0.0031837624939125004}]}, {"source": 12, "prod": 5.0, "target": 3, "value": 0.0025239786895875139, "supply": [{"l": "Fruits, Other", "v": 0.0025239786895875139}]}, {"source": 13, "prod": 2.0, "target": 3, "value": 0.020375052733778404, "supply": [{"l": "Groundnut Oil", "v": 0.010246591934431035}, {"l": "Oilcrops Oil, Other", "v": 0.01012846079934737}]}, {"source": 0, "prod": 30.0, "target": 3, "value": 0.11998709843950445, "supply": [{"l": "Rice", "v": 0.085015281972304652}, {"l": "Cereals, Other", "v": 0.0036161253017277777}, {"l": "Wheat", "v": 0.031355691165472016}]}, {"source": 14, "prod": 10.0, "target": 3, "value": 0.0029407529744682648, "supply": [{"l": "Vegetables, Other", "v": 0.0029407529744682648}]}, {"source": 15, "prod": 1.0, "target": 3, "value": 0.0066433947706750675, "supply": [{"l": "Groundnuts", "v": 0.0066433947706750675}]}, {"source": 12, "prod": 3.0, "target": 16, "value": 0.0015143872137525086, "supply": [{"l": "Fruits, Other", "v": 0.0015143872137525086}]}, {"source": 14, "prod": 1.0, "target": 17, "value": 0.00029407529744682643, "supply": [{"l": "Vegetables, Other", "v": 0.00029407529744682643}]}, {"source": 18, "prod": 9.0, "target": 1, "value": 0.010275141241739706, "supply": [{"l": "Eggs", "v": 0.0031917418485338349}, {"l": "Milk - Excluding Butter", "v": 0.0033451667916075656}, {"l": "Fish, Seafood", "v": 0.0019546121568293977}, {"l": "Marine Fish, Other", "v": 0.0017836204447689076}]}, {"source": 18, "prod": 33.0, "target": 0, "value": 0.13248933965577192, "supply": [{"l": "Maize", "v": 0.0035532641665512025}, {"l": "Wheat", "v": 0.031355691165472016}, {"l": "Cereals, Other", "v": 0.0036161253017277777}, {"l": "Rice", "v": 0.093964259022020935}]}, {"source": 18, "prod": 1.0, "target": 9, "value": 0.0039542620928958907, "supply": [{"l": "Beans", "v": 0.0039542620928958907}]}, {"source": 18, "prod": 9.0, "target": 16, "value": 0.049481075021353807, "supply": [{"l": "Sweeteners, Other", "v": 0.0031837624939125004}, {"l": "Fats, Animals, Raw", "v": 0.0084338079308940404}, {"l": "Sugar", "v": 0.0169800666342}, {"l": "Beer", "v": 0.00050838522856886227}, {"l": "Groundnut Oil", "v": 0.010246591934431035}, {"l": "Oilcrops Oil, Other", "v": 0.01012846079934737}]}, {"source": 18, "prod": 11.0, "target": 14, "value": 0.0032348282719150906, "supply": [{"l": "Vegetables, Other", "v": 0.0032348282719150906}]}, {"source": 18, "prod": 8.0, "target": 12, "value": 0.0040383659033400229, "supply": [{"l": "Fruits, Other", "v": 0.0040383659033400229}]}, {"source": 18, "prod": 1.0, "target": 15, "value": 0.0066433947706750675, "supply": [{"l": "Groundnuts", "v": 0.0066433947706750675}]}, {"source": 18, "prod": 1.0, "target": 8, "value": 0.00075954572419383709, "supply": [{"l": "Potatoes", "v": 0.00075954572419383709}]}, {"source": 10, "prod": 13.0, "target": 19, "value": 0.00883808544512007, "supply": [{"l": "Crustaceans", "v": 0.0016018930786981134}, {"l": "Marine Fish, Other", "v": 0.0026754306671533611}, {"l": "Fish, Seafood", "v": 0.0045607616992685953}]}, {"source": 6, "prod": 1.0, "target": 19, "value": 0.00050088692136283192, "supply": [{"l": "Beverages, Fermented", "v": 0.00050088692136283192}]}, {"source": 0, "prod": 2.0, "target": 20, "value": 0.0089489770497162783, "supply": [{"l": "Rice", "v": 0.0089489770497162783}]}, {"source": 1, "prod": 2.0, "target": 2, "value": 0.0033451667916075656, "supply": [{"l": "Milk - Excluding Butter", "v": 0.0033451667916075656}]}, {"source": 1, "prod": 2.0, "target": 5, "value": 0.0031917418485338349, "supply": [{"l": "Eggs", "v": 0.0031917418485338349}]}, {"source": 1, "prod": 6.0, "target": 4, "value": 0.01722244694949026, "supply": [{"l": "Poultry Meat", "v": 0.002806622584165289}, {"l": "Bovine Meat", "v": 0.0019035949141479823}, {"l": "Pigmeat", "v": 0.012512229451176988}]}, {"source": 1, "prod": 16.0, "target": 10, "value": 0.011032970438724123, "supply": [{"l": "Crustaceans", "v": 0.0016018930786981134}, {"l": "Marine Fish, Other", "v": 0.0035672408895378151}, {"l": "Fish, Seafood", "v": 0.0058638364704881943}]}, {"source": 16, "prod": 4.0, "target": 11, "value": 0.015918812469562501, "supply": [{"l": "Sweeteners, Other", "v": 0.0031837624939125004}, {"l": "Sugar", "v": 0.012735049975650002}]}, {"source": 16, "prod": 2.0, "target": 13, "value": 0.020375052733778404, "supply": [{"l": "Oilcrops Oil, Other", "v": 0.01012846079934737}, {"l": "Groundnut Oil", "v": 0.010246591934431035}]}, {"source": 16, "prod": 1.0, "target": 7, "value": 0.0084338079308940404, "supply": [{"l": "Fats, Animals, Raw", "v": 0.0084338079308940404}]}, {"source": 16, "prod": 3.0, "target": 6, "value": 0.0015101590712945259, "supply": [{"l": "Beer", "v": 0.00050838522856886227}, {"l": "Beverages, Fermented", "v": 0.0010017738427256638}]}, {"source": 8, "prod": 0.25, "target": 21, "value": 0.00077116407834811529, "supply": [{"l": "Potatoes", "v": 0.00087166666500000005}]}, {"source": 0, "prod": 33.0, "target": 21, "value": 0.12774617161702856, "supply": [{"l": "Maize", "v": 0.0034260559770335677}, {"l": "Rice", "v": 0.07321999986000001}, {"l": "Wheat", "v": 0.034866666600000006}, {"l": "Cereals, Other", "v": 0.0034866666600000002}]}, {"source": 14, "prod": 5.5, "target": 21, "value": 0.019176666630000002, "supply": [{"l": "Vegetables, Other", "v": 0.019176666630000002}]}, {"source": 9, "prod": 0.5, "target": 21, "value": 0.0017433333300000003, "supply": [{"l": "Beans", "v": 0.0017433333300000003}]}, {"source": 15, "prod": 0.5, "target": 21, "value": 0.0017961265807095491, "supply": [{"l": "Groundnuts", "v": 0.0017433333300000001}]}, {"source": 22, "prod": 0, "target": 16, "value": 0.022258186693939204, "supply": "[{\"l\":'Electricity',\"v\":0.022258186693939204}]"}, {"source": 23, "prod": 0, "target": 22, "value": 0.042270963125698655, "supply": [{"l": "Coal", "v": 0.021819742004657642}, {"l": "Natural gas", "v": 0.0067569579112626201}, {"l": "Oil", "v": 0.013694263209778391}]}, {"source": 24, "prod": 0, "target": 22, "value": 0.0059094537070145149, "supply": [{"l": "Nuclear", "v": 0.00067471424453942916}, {"l": "Hydroelectric", "v": 0.0051675147426219455}, {"l": "Renewable", "v": 6.7224719853140277e-05}]}, {"source": 23, "prod": 0, "target": 25, "value": 1.4292224764481339e-05, "supply": [{"l": "Natural gas (including LNG)", "v": 9.567942066191129e-06}, {"l": "Fuel oil", "v": 2.9199308902852657e-06}, {"l": "Liquefied petroleum gas (LPG)", "v": 9.021759040024715e-07}, {"l": "Coal", "v": 9.021759040024715e-07}]}, {"source": 26, "prod": 0, "target": 8, "value": 5.5121773376942751e-05, "supply": "[{\"l\":'Labor',\"v\":5.5121773376942751e-05}]"}, {"source": 26, "prod": 0, "target": 9, "value": 5.5121773376942751e-05, "supply": "[{\"l\":'Labor',\"v\":5.5121773376942751e-05}]"}, {"source": 26, "prod": 0, "target": 0, "value": 0.0018190185214391108, "supply": "[{\"l\":'Labor',\"v\":0.0018190185214391108}]"}, {"source": 26, "prod": 0, "target": 14, "value": 0.00060633950714637037, "supply": "[{\"l\":'Labor',\"v\":0.00060633950714637037}]"}, {"source": 26, "prod": 0, "target": 12, "value": 0.00044097418701554201, "supply": "[{\"l\":'Labor',\"v\":0.00044097418701554201}]"}, {"source": 26, "prod": 0, "target": 15, "value": 5.5121773376942751e-05, "supply": "[{\"l\":'Labor',\"v\":5.5121773376942751e-05}]"}, {"source": 23, "prod": 0, "target": 18, "value": 0.29510372688006448, "supply": "[{\"l\":'Fossil Fuels',\"v\":0.29510372688006448}]"}, {"source": 24, "prod": 0, "target": 18, "value": 0.017024194319439068, "supply": "[{\"l\":'Renewables & Nuclear',\"v\":0.0086665850269942116},{\"l\":'Biomass & Waste',\"v\":0.0083576092924448567}]"}]}