{"nodes": [{"layer": 13, "name": "Milk - Excluding Butter"}, {"layer": 16, "name": "Food", "fill": "#b5cf6b"}, {"layer": 13, "name": "Meat"}, {"layer": 5, "name": "Treenuts"}, {"layer": 13, "name": "Eggs"}, {"layer": 13, "name": "Alcoholic Beverages"}, {"layer": 5, "name": "Oilcrops", "fill": "#ff9896"}, {"layer": 13, "name": "Animal Fats"}, {"layer": 5, "name": "Starchy Roots"}, {"layer": 5, "name": "Pulses"}, {"layer": 13, "name": "Fish, Seafood"}, {"layer": 13, "name": "Sugar & Sweeteners"}, {"layer": 5, "name": "Fruits - Excluding Wine"}, {"layer": 13, "name": "Vegetable Oils", "fill": "#f7b6d2"}, {"layer": 5, "name": "Cereals - Excluding Beer"}, {"layer": 5, "name": "Vegetables"}, {"layer": 5, "name": "Others"}, {"layer": 10, "name": "Processing", "fill": "#9edae5"}, {"layer": 2, "name": "Import", "fill": "#aec7e8"}, {"layer": 10, "name": "Feed", "fill": "#dbdb8d"}, {"layer": 5, "name": "Stimulants"}, {"layer": 16, "name": "Export", "fill": "#aec7e8"}, {"name": "Crop Residue", "fill": "#bd9e39"}, {"layer": 2, "name": "Electricity", "fill": "#bcbd22"}, {"layer": 0, "name": "Fossil Fuels", "fill": "#c49c94"}, {"layer": 0, "name": "Renewables & Nuclear", "fill": "#2ca02c"}, {"layer": 2, "name": "Fertilizers", "fill": "#c5b0d5"}, {"layer": 0, "name": "Labor", "fill": "#7f7f7f"}], "links": [{"source": 0, "prod": 12.0, "target": 1, "value": 0.012156516940528463, "supply": [{"l": "Milk - Excluding Butter", "v": 0.012156516940528463}]}, {"source": 2, "prod": 27.0, "target": 1, "value": 0.075234959050478431, "supply": [{"l": "Pigmeat", "v": 0.05019554078112181}, {"l": "Bovine Meat", "v": 0.0085143600601289404}, {"l": "Poultry Meat", "v": 0.01525788905742171}, {"l": "Offals, Edible", "v": 0.0012671691518059702}]}, {"source": 3, "prod": 2.0, "target": 1, "value": 0.0058150913130821926, "supply": [{"l": "Treenuts", "v": 0.0058150913130821926}]}, {"source": 4, "prod": 4.0, "target": 1, "value": 0.0064742021828838826, "supply": [{"l": "Eggs", "v": 0.0064742021828838826}]}, {"source": 5, "prod": 12.0, "target": 1, "value": 0.0070781337493231473, "supply": [{"l": "Beer", "v": 0.0051291915897324512}, {"l": "Wine", "v": 0.00086047634970608103}, {"l": "Beverages, Fermented", "v": 0.0010884658098846154}]}, {"source": 6, "prod": 1.0, "target": 1, "value": 0.0019592384577923078, "supply": [{"l": "Coconuts - Incl Copra", "v": 0.0019592384577923078}]}, {"source": 7, "prod": 1.0, "target": 1, "value": 0.0085757912293939406, "supply": [{"l": "Fats, Animals, Raw", "v": 0.0085757912293939406}]}, {"source": 8, "prod": 2.0, "target": 1, "value": 0.0014449938611418643, "supply": [{"l": "Roots, Other", "v": 0.00065644587503350515}, {"l": "Potatoes", "v": 0.00078854798610835915}]}, {"source": 9, "prod": 2.0, "target": 1, "value": 0.0070416581877905757, "supply": [{"l": "Beans", "v": 0.0039271079220066082}, {"l": "Pulses, Other", "v": 0.0031145502657839675}]}, {"source": 10, "prod": 21.0, "target": 1, "value": 0.016448364955081916, "supply": [{"l": "Fish, Seafood", "v": 0.0076551848555001696}, {"l": "Molluscs, Other", "v": 0.00011857588431703913}, {"l": "Cephalopods", "v": 0.00085470134064765117}, {"l": "Pelagic Fish", "v": 0.0011171096469868424}, {"l": "Marine Fish, Other", "v": 0.0031951738290161296}, {"l": "Crustaceans", "v": 0.0035076193986140845}]}, {"source": 11, "prod": 7.0, "target": 1, "value": 0.030218762654084751, "supply": [{"l": "Sugar", "v": 0.030218762654084751}]}, {"source": 12, "prod": 17.0, "target": 1, "value": 0.007872501818118079, "supply": [{"l": "Oranges, Mandarines", "v": 0.0028694662668694547}, {"l": "Fruits, Other", "v": 0.0017456143268803736}, {"l": "Bananas", "v": 0.0013177435303702884}, {"l": "Grapes", "v": 0.0014282299038112147}, {"l": "Apples", "v": 0.00051144779018674703}]}, {"source": 13, "prod": 5.0, "target": 1, "value": 0.051343292004116699, "supply": [{"l": "Groundnut Oil", "v": 0.020608587097524899}, {"l": "Oilcrops Oil, Other", "v": 0.0307347049065918}]}, {"source": 14, "prod": 40.0, "target": 1, "value": 0.15624972066944348, "supply": [{"l": "Rice", "v": 0.10679443756152766}, {"l": "Cereals, Other", "v": 0.0035010446668453615}, {"l": "Wheat", "v": 0.045954238441070439}]}, {"source": 15, "prod": 30.0, "target": 1, "value": 0.016635760844771995, "supply": [{"l": "Vegetables, Other", "v": 0.0162975125054453}, {"l": "Tomatoes", "v": 0.00033824833932669329}]}, {"source": 16, "prod": 2.0, "target": 1, "value": 0.0058150913130821926, "supply": [{"l": "Nuts", "v": 0.0058150913130821926}]}, {"source": 12, "prod": 3.0, "target": 17, "value": 0.0013842549536269338, "supply": [{"l": "Fruits, Other", "v": 0.00087280716344018681}, {"l": "Apples", "v": 0.00051144779018674703}]}, {"source": 18, "prod": 2.0, "target": 16, "value": 0.0058150913130821926, "supply": [{"l": "Nuts", "v": 0.0058150913130821926}]}, {"source": 18, "prod": 59.0, "target": 19, "value": 0.07736204870976407, "supply": [{"l": "Pigmeat", "v": 0.023167172668210067}, {"l": "Crustaceans", "v": 0.0035076193986140845}, {"l": "Milk - Excluding Butter", "v": 0.013169560018905837}, {"l": "Fish, Seafood", "v": 0.010717258797700238}, {"l": "Molluscs, Other", "v": 0.0003557276529511174}, {"l": "Cephalopods", "v": 0.00085470134064765117}, {"l": "Pelagic Fish", "v": 0.0011171096469868424}, {"l": "Eggs", "v": 0.0064742021828838826}, {"l": "Poultry Meat", "v": 0.007628944528710855}, {"l": "Offals, Edible", "v": 0.0012671691518059702}, {"l": "Marine Fish, Other", "v": 0.0039939672862701623}, {"l": "Bovine Meat", "v": 0.0051086160360773649}]}, {"source": 18, "prod": 44.0, "target": 14, "value": 0.17031577548116583, "supply": [{"l": "Maize", "v": 0.0034890547878493154}, {"l": "Rice", "v": 0.11124420579325797}, {"l": "Cereals, Other", "v": 0.0035010446668453615}, {"l": "Wheat", "v": 0.052081470233213169}]}, {"source": 18, "prod": 3.0, "target": 9, "value": 0.010156208453574542, "supply": [{"l": "Beans", "v": 0.0039271079220066082}, {"l": "Pulses, Other", "v": 0.0062291005315679351}]}, {"source": 18, "prod": 27.0, "target": 17, "value": 0.10536381987634501, "supply": [{"l": "Sugar", "v": 0.047486627027847464}, {"l": "Beer", "v": 0.0051291915897324512}, {"l": "Groundnut Oil", "v": 0.020608587097524899}, {"l": "Oilcrops Oil, Other", "v": 0.0307347049065918}, {"l": "Wine", "v": 0.00086047634970608103}, {"l": "Beverages, Fermented", "v": 0.00054423290494230768}]}, {"source": 18, "prod": 2.0, "target": 3, "value": 0.0058150913130821926, "supply": [{"l": "Treenuts", "v": 0.0058150913130821926}]}, {"source": 18, "prod": 31.0, "target": 15, "value": 0.017197744034614937, "supply": [{"l": "Vegetables, Other", "v": 0.016859495695288242}, {"l": "Tomatoes", "v": 0.00033824833932669329}]}, {"source": 18, "prod": 1.0, "target": 20, "value": 0.00060213002248936181, "supply": [{"l": "Tea", "v": 0.00060213002248936181}]}, {"source": 18, "prod": 22.0, "target": 12, "value": 0.010204608143651853, "supply": [{"l": "Oranges, Mandarines", "v": 0.0028694662668694547}, {"l": "Fruits, Other", "v": 0.0030548250720406544}, {"l": "Bananas", "v": 0.0013177435303702884}, {"l": "Grapes", "v": 0.0014282299038112147}, {"l": "Apples", "v": 0.001534343370560241}]}, {"source": 18, "prod": 1.0, "target": 6, "value": 0.0019592384577923078, "supply": [{"l": "Coconuts - Incl Copra", "v": 0.0019592384577923078}]}, {"source": 18, "prod": 2.0, "target": 8, "value": 0.0014449938611418643, "supply": [{"l": "Roots, Other", "v": 0.00065644587503350515}, {"l": "Potatoes", "v": 0.00078854798610835915}]}, {"source": 6, "prod": 1.0, "target": 21, "value": 0.0019592384577923078, "supply": [{"l": "Coconuts - Incl Copra", "v": 0.0019592384577923078}]}, {"source": 15, "prod": 1.0, "target": 21, "value": 0.00056198318984294134, "supply": [{"l": "Vegetables, Other", "v": 0.00056198318984294134}]}, {"source": 0, "prod": 1.0, "target": 21, "value": 0.001013043078377372, "supply": [{"l": "Milk - Excluding Butter", "v": 0.001013043078377372}]}, {"source": 9, "prod": 1.0, "target": 21, "value": 0.0031145502657839675, "supply": [{"l": "Pulses, Other", "v": 0.0031145502657839675}]}, {"source": 10, "prod": 15.0, "target": 21, "value": 0.010622876088206858, "supply": [{"l": "Molluscs, Other", "v": 0.00023715176863407827}, {"l": "Crustaceans", "v": 0.0026307145489605633}, {"l": "Marine Fish, Other", "v": 0.0023963803717620968}, {"l": "Fish, Seafood", "v": 0.0053586293988501189}]}, {"source": 11, "prod": 3.0, "target": 21, "value": 0.012950898280322034, "supply": [{"l": "Sugar", "v": 0.012950898280322034}]}, {"source": 14, "prod": 3.0, "target": 21, "value": 0.010577000023873045, "supply": [{"l": "Wheat", "v": 0.0061272317921427259}, {"l": "Rice", "v": 0.0044497682317303187}]}, {"source": 12, "prod": 1.0, "target": 21, "value": 0.0004364035817200934, "supply": [{"l": "Fruits, Other", "v": 0.0004364035817200934}]}, {"source": 19, "prod": 13.0, "target": 0, "value": 0.013169560018905836, "supply": [{"l": "Milk - Excluding Butter", "v": 0.013169560018905836}]}, {"source": 19, "prod": 4.0, "target": 4, "value": 0.0064742021828838826, "supply": [{"l": "Eggs", "v": 0.0064742021828838826}]}, {"source": 19, "prod": 27.0, "target": 2, "value": 0.075234959050478431, "supply": [{"l": "Poultry Meat", "v": 0.01525788905742171}, {"l": "Bovine Meat", "v": 0.0085143600601289404}, {"l": "Pigmeat", "v": 0.05019554078112181}, {"l": "Offals, Edible", "v": 0.0012671691518059702}]}, {"source": 19, "prod": 36.0, "target": 10, "value": 0.027071241043288775, "supply": [{"l": "Pelagic Fish", "v": 0.0011171096469868424}, {"l": "Crustaceans", "v": 0.0061383339475746482}, {"l": "Molluscs, Other", "v": 0.0003557276529511174}, {"l": "Marine Fish, Other", "v": 0.005591554200778226}, {"l": "Fish, Seafood", "v": 0.013013814254350289}, {"l": "Cephalopods", "v": 0.00085470134064765117}]}, {"source": 17, "prod": 10.0, "target": 11, "value": 0.043169660934406787, "supply": [{"l": "Sugar", "v": 0.043169660934406787}]}, {"source": 17, "prod": 5.0, "target": 13, "value": 0.051343292004116699, "supply": [{"l": "Oilcrops Oil, Other", "v": 0.0307347049065918}, {"l": "Groundnut Oil", "v": 0.020608587097524899}]}, {"source": 17, "prod": 1.0, "target": 7, "value": 0.0085757912293939406, "supply": [{"l": "Fats, Animals, Raw", "v": 0.0085757912293939406}]}, {"source": 17, "prod": 12.0, "target": 5, "value": 0.0070781337493231473, "supply": [{"l": "Beer", "v": 0.0051291915897324512}, {"l": "Beverages, Fermented", "v": 0.0010884658098846154}, {"l": "Wine", "v": 0.00086047634970608103}]}, {"source": 8, "prod": 0.5, "target": 22, "value": 0.0015973066979768041, "supply": [{"l": "Roots, Other", "v": 0.00087166666499999994}, {"l": "Potatoes", "v": 0.00087166666500000005}]}, {"source": 14, "prod": 43.0, "target": 22, "value": 0.16642657770709096, "supply": [{"l": "Rice", "v": 0.087166666500000017}, {"l": "Wheat", "v": 0.059273333219999995}, {"l": "Cereals, Other", "v": 0.0034866666600000006}]}, {"source": 15, "prod": 15.5, "target": 22, "value": 0.088637243381690947, "supply": [{"l": "Vegetables, Other", "v": 0.052299999900000012}, {"l": "Tomatoes", "v": 0.0017433333300000003}]}, {"source": 9, "prod": 1.5, "target": 22, "value": 0.0050288316278242042, "supply": [{"l": "Beans", "v": 0.0017433333300000001}, {"l": "Pulses, Other", "v": 0.0034866666599999998}]}, {"source": 6, "prod": 1.0, "target": 22, "value": 0.0017786234783805667, "supply": [{"l": "Coconuts - Incl Copra", "v": 0.0034866666599999998}]}, {"source": 23, "prod": 0, "target": 17, "value": 0.026377195159752061, "supply": "[{\"l\":'Electricity',\"v\":0.026377195159752061}]"}, {"source": 24, "prod": 0, "target": 23, "value": 0.041007090890977163, "supply": [{"l": "Coal", "v": 0.027532690517155699}, {"l": "Natural gas", "v": 0.0057524913825711373}, {"l": "Oil", "v": 0.007721908991250327}]}, {"source": 25, "prod": 0, "target": 23, "value": 0.0099630995490273024, "supply": [{"l": "Nuclear", "v": 0.0046807956440976769}, {"l": "Hydroelectric", "v": 0.0049339575446663078}, {"l": "Renewable", "v": 0.00034834636026331883}]}, {"source": 24, "prod": 0, "target": 26, "value": 0.00026343655958805886, "supply": [{"l": "Natural gas (including LNG)", "v": 0.0001763578296444965}, {"l": "Fuel oil", "v": 5.3820630492971589e-05}, {"l": "Liquefied petroleum gas (LPG)", "v": 1.662904972529536e-05}, {"l": "Coal", "v": 1.662904972529536e-05}]}, {"source": 27, "prod": 0, "target": 8, "value": 1.424712262100683e-05, "supply": "[{\"l\":'Labor',\"v\":1.424712262100683e-05}]"}, {"source": 27, "prod": 0, "target": 6, "value": 1.424712262100683e-05, "supply": "[{\"l\":'Labor',\"v\":1.424712262100683e-05}]"}, {"source": 27, "prod": 0, "target": 3, "value": 1.424712262100683e-05, "supply": "[{\"l\":'Labor',\"v\":1.424712262100683e-05}]"}, {"source": 27, "prod": 0, "target": 16, "value": 1.424712262100683e-05, "supply": "[{\"l\":'Labor',\"v\":1.424712262100683e-05}]"}, {"source": 27, "prod": 0, "target": 9, "value": 2.1370683931510249e-05, "supply": "[{\"l\":'Labor',\"v\":2.1370683931510249e-05}]"}, {"source": 27, "prod": 0, "target": 14, "value": 0.00030631313635164688, "supply": "[{\"l\":'Labor',\"v\":0.00030631313635164688}]"}, {"source": 27, "prod": 0, "target": 15, "value": 0.00022083040062560586, "supply": "[{\"l\":'Labor',\"v\":0.00022083040062560586}]"}, {"source": 27, "prod": 0, "target": 12, "value": 0.00014959478752057175, "supply": "[{\"l\":'Labor',\"v\":0.00014959478752057175}]"}, {"source": 24, "prod": 0, "target": 18, "value": 0.84016588749026022, "supply": "[{\"l\":'Fossil Fuels',\"v\":0.84016588749026022}]"}, {"source": 25, "prod": 0, "target": 18, "value": 0.22531476529556582, "supply": "[{\"l\":'Renewables & Nuclear',\"v\":0.097500951815805634},{\"l\":'Biomass & Waste',\"v\":0.1278138134797602}]"}]}