{"nodes": [{"layer": 5, "name": "Cereals", "fill": "#e7ba52"}, {"layer": 10, "name": "Feed", "fill": "#dbdb8d"}, {"layer": 13, "name": "Other Processed", "fill": "#9c9ede"}, {"layer": 16, "name": "Food", "fill": "#b5cf6b"}, {"layer": 13, "name": "Animal Products", "fill": "#17becf"}, {"layer": 5, "name": "Oilcrops", "fill": "#ff9896"}, {"layer": 5, "name": "Fruits, Roots & Vegetables", "fill": "#98df8a"}, {"layer": 13, "name": "Sugar", "fill": "#d6616b"}, {"layer": 13, "name": "Aquatic Products", "fill": "#1f77b4"}, {"layer": 13, "name": "Vegetable Oils", "fill": "#f7b6d2"}, {"layer": 10, "name": "Processing", "fill": "#9edae5"}, {"name": "Waste", "fill": "#c7c7c7"}, {"layer": 2, "name": "Import", "fill": "#aec7e8"}, {"layer": 16, "name": "Export", "fill": "#aec7e8"}, {"layer": 0, "name": "Stock Draw", "fill": "#c7c7c7"}], "links": [{"source": 0, "prod": 0.0035627818384258935, "target": 1, "value": 1.0, "supply": [{"l": "Maize", "v": 1.0}]}, {"source": 2, "prod": 0.0095039945153989318, "target": 3, "value": 3.0, "supply": [{"l": "Fats, Animals, Raw", "v": 1.0}, {"l": "Beer", "v": 1.0}, {"l": "Beverages, Fermented", "v": 1.0}]}, {"source": 4, "prod": 0.024383347527986623, "target": 3, "value": 10.0, "supply": [{"l": "Pigmeat", "v": 3.0}, {"l": "Milk - Excluding Butter", "v": 2.0}, {"l": "Bovine Meat", "v": 1.0}, {"l": "Eggs", "v": 2.0}, {"l": "Poultry Meat", "v": 2.0}]}, {"source": 0, "prod": 0.11997791046927574, "target": 3, "value": 30.0, "supply": [{"l": "Rice", "v": 19.0}, {"l": "Cereals, Other", "v": 1.0}, {"l": "Wheat", "v": 10.0}]}, {"source": 5, "prod": 0.0065909469172223678, "target": 3, "value": 1.0, "supply": [{"l": "Groundnuts", "v": 1.0}]}, {"source": 6, "prod": 0.010184585740335615, "target": 3, "value": 17.0, "supply": [{"l": "Potatoes", "v": 1.0}, {"l": "Fruits, Other", "v": 5.0}, {"l": "Beans", "v": 1.0}, {"l": "Vegetables, Other", "v": 10.0}]}, {"source": 7, "prod": 0.016403298066462228, "target": 3, "value": 4.0, "supply": [{"l": "Sugar", "v": 3.0}, {"l": "Sweeteners, Other", "v": 1.0}]}, {"source": 8, "prod": 0.0019256089716850238, "target": 3, "value": 2.0, "supply": [{"l": "Fish, Seafood", "v": 1.0}, {"l": "Marine Fish, Other", "v": 1.0}]}, {"source": 9, "prod": 0.020319570517149117, "target": 3, "value": 2.0, "supply": [{"l": "Groundnut Oil", "v": 1.0}, {"l": "Oilcrops Oil, Other", "v": 1.0}]}, {"source": 6, "prod": 0.0015149501829769514, "target": 10, "value": 3.0, "supply": [{"l": "Fruits, Other", "v": 3.0}]}, {"source": 6, "prod": 0.00029413036772724718, "target": 11, "value": 1.0, "supply": [{"l": "Vegetables, Other", "v": 1.0}]}, {"source": 12, "prod": 0.05013396123199157, "target": 10, "value": 9.0, "supply": [{"l": "Sweeteners, Other", "v": 1.0}, {"l": "Fats, Animals, Raw", "v": 1.0}, {"l": "Sugar", "v": 4.0}, {"l": "Beer", "v": 1.0}, {"l": "Groundnut Oil", "v": 1.0}, {"l": "Oilcrops Oil, Other", "v": 1.0}]}, {"source": 12, "prod": 0.13249056694789435, "target": 0, "value": 33.0, "supply": [{"l": "Cereals, Other", "v": 1.0}, {"l": "Wheat", "v": 10.0}, {"l": "Rice", "v": 21.0}, {"l": "Maize", "v": 1.0}]}, {"source": 12, "prod": 0.0065909469172223678, "target": 5, "value": 1.0, "supply": [{"l": "Groundnuts", "v": 1.0}]}, {"source": 12, "prod": 0.011993666291039814, "target": 6, "value": 21.0, "supply": [{"l": "Potatoes", "v": 1.0}, {"l": "Vegetables, Other", "v": 11.0}, {"l": "Fruits, Other", "v": 8.0}, {"l": "Beans", "v": 1.0}]}, {"source": 12, "prod": 0.011051124469131458, "target": 1, "value": 8.0, "supply": [{"l": "Eggs", "v": 2.0}, {"l": "Milk - Excluding Butter", "v": 2.0}, {"l": "Fish, Seafood", "v": 2.0}, {"l": "Marine Fish, Other", "v": 2.0}]}, {"source": 8, "prod": 0.010492399665472642, "target": 13, "value": 12.0, "supply": [{"l": "Crustaceans", "v": 3.0}, {"l": "Marine Fish, Other", "v": 3.0}, {"l": "Fish, Seafood", "v": 6.0}]}, {"source": 2, "prod": 0.00049941372453529416, "target": 13, "value": 1.0, "supply": [{"l": "Beverages, Fermented", "v": 1.0}]}, {"source": 14, "prod": 0.0089498746401926784, "target": 0, "value": 2.0, "supply": [{"l": "Rice", "v": 2.0}]}, {"source": 1, "prod": 0.012418008637157665, "target": 8, "value": 14.0, "supply": [{"l": "Crustaceans", "v": 3.0}, {"l": "Marine Fish, Other", "v": 4.0}, {"l": "Fish, Seafood", "v": 7.0}]}, {"source": 1, "prod": 0.024383347527986623, "target": 4, "value": 10.0, "supply": [{"l": "Milk - Excluding Butter", "v": 2.0}, {"l": "Bovine Meat", "v": 1.0}, {"l": "Pigmeat", "v": 3.0}, {"l": "Eggs", "v": 2.0}, {"l": "Poultry Meat", "v": 2.0}]}, {"source": 10, "prod": 0.010003408239934225, "target": 2, "value": 4.0, "supply": [{"l": "Fats, Animals, Raw", "v": 1.0}, {"l": "Beer", "v": 1.0}, {"l": "Beverages, Fermented", "v": 2.0}]}, {"source": 10, "prod": 0.020319570517149117, "target": 9, "value": 2.0, "supply": [{"l": "Oilcrops Oil, Other", "v": 1.0}, {"l": "Groundnut Oil", "v": 1.0}]}, {"source": 10, "prod": 0.016403298066462228, "target": 7, "value": 4.0, "supply": [{"l": "Sweeteners, Other", "v": 1.0}, {"l": "Sugar", "v": 3.0}]}]}