{"nodes": [{"layer": 5, "name": "Cereals", "fill": "#e7ba52"}, {"layer": 10, "name": "Feed", "fill": "#dbdb8d"}, {"layer": 13, "name": "Other Processed", "fill": "#9c9ede"}, {"layer": 16, "name": "Food", "fill": "#b5cf6b"}, {"layer": 13, "name": "Animal Products", "fill": "#17becf"}, {"layer": 5, "name": "Fruits, Roots & Vegetables", "fill": "#98df8a"}, {"layer": 13, "name": "Sugar", "fill": "#d6616b"}, {"layer": 13, "name": "Aquatic Products", "fill": "#1f77b4"}, {"layer": 13, "name": "Vegetable Oils", "fill": "#f7b6d2"}, {"layer": 10, "name": "Processing", "fill": "#9edae5"}, {"layer": 2, "name": "Import", "fill": "#aec7e8"}, {"layer": 16, "name": "Export", "fill": "#aec7e8"}, {"layer": 2, "name": "Electricity", "fill": "#bcbd22"}, {"layer": 0, "name": "Fossil Fuels", "fill": "#c49c94"}, {"layer": 0, "name": "Renewables & Nuclear", "fill": "#2ca02c"}, {"layer": 2, "name": "Fertilizers", "fill": "#c5b0d5"}, {"layer": 0, "name": "Labor", "fill": "#7f7f7f"}], "links": [{"source": 0, "prod": 1.0, "target": 1, "value": 0.0035287792799469139, "supply": [{"l": "Maize", "v": 0.0035287792799469139}]}, {"source": 2, "prod": 4.0, "target": 3, "value": 0.01016873022400889, "supply": [{"l": "Fats, Animals, Raw", "v": 0.0084900333171}, {"l": "Beer", "v": 0.00059370862357342659}, {"l": "Beverages, Fermented", "v": 0.0010849882833354634}]}, {"source": 4, "prod": 15.0, "target": 3, "value": 0.034433945647442364, "supply": [{"l": "Pigmeat", "v": 0.016576558306990365}, {"l": "Milk - Excluding Butter", "v": 0.0034686906548463039}, {"l": "Meat, Other", "v": 0.0044889831331793107}, {"l": "Bovine Meat", "v": 0.0038268931479415692}, {"l": "Eggs", "v": 0.0032226566256007855}, {"l": "Poultry Meat", "v": 0.0028501637788840291}]}, {"source": 0, "prod": 29.0, "target": 3, "value": 0.11582361517062541, "supply": [{"l": "Rice", "v": 0.071369807219054296}, {"l": "Cereals, Other", "v": 0.01930591537392223}, {"l": "Wheat", "v": 0.025147892577648875}]}, {"source": 5, "prod": 17.0, "target": 3, "value": 0.011060262249233255, "supply": [{"l": "Potatoes", "v": 0.00076486786640540534}, {"l": "Fruits, Other", "v": 0.0034433595202433458}, {"l": "Beans", "v": 0.0038767275420547947}, {"l": "Vegetables, Other", "v": 0.0029753073205297091}]}, {"source": 6, "prod": 2.0, "target": 3, "value": 0.0068838107976486483, "supply": [{"l": "Sugar", "v": 0.0068838107976486483}]}, {"source": 7, "prod": 8.0, "target": 3, "value": 0.0062035922282257083, "supply": [{"l": "Molluscs, Other", "v": 0.00021331742002763819}, {"l": "Fish, Seafood", "v": 0.0033022714282321202}, {"l": "Pelagic Fish", "v": 0.0010650579430053764}, {"l": "Marine Fish, Other", "v": 0.0016229454369605736}]}, {"source": 8, "prod": 1.0, "target": 3, "value": 0.010249926328161732, "supply": [{"l": "Groundnut Oil", "v": 0.010249926328161732}]}, {"source": 5, "prod": 5.0, "target": 9, "value": 0.0028694662668694547, "supply": [{"l": "Fruits, Other", "v": 0.0028694662668694547}]}, {"source": 10, "prod": 8.0, "target": 9, "value": 0.028595656087524512, "supply": [{"l": "Beverages, Fermented", "v": 0.00054249414166773172}, {"l": "Sugar", "v": 0.017209526994121625}, {"l": "Beer", "v": 0.00059370862357342659}, {"l": "Groundnut Oil", "v": 0.010249926328161732}]}, {"source": 10, "prod": 30.0, "target": 0, "value": 0.11935239445057232, "supply": [{"l": "Maize", "v": 0.0035287792799469139}, {"l": "Wheat", "v": 0.025147892577648875}, {"l": "Cereals, Other", "v": 0.01930591537392223}, {"l": "Rice", "v": 0.071369807219054296}]}, {"source": 10, "prod": 16.0, "target": 1, "value": 0.018809004531294124, "supply": [{"l": "Pelagic Fish", "v": 0.0010650579430053764}, {"l": "Eggs", "v": 0.0032226566256007855}, {"l": "Milk - Excluding Butter", "v": 0.0034686906548463039}, {"l": "Poultry Meat", "v": 0.0014250818894420145}, {"l": "Fish, Seafood", "v": 0.0033022714282321202}, {"l": "Molluscs, Other", "v": 0.00021331742002763819}, {"l": "Marine Fish, Other", "v": 0.0016229454369605736}, {"l": "Meat, Other", "v": 0.0044889831331793107}]}, {"source": 10, "prod": 22.0, "target": 5, "value": 0.01392972851610271, "supply": [{"l": "Potatoes", "v": 0.00076486786640540534}, {"l": "Vegetables, Other", "v": 0.0029753073205297091}, {"l": "Fruits, Other", "v": 0.0063128257871128005}, {"l": "Beans", "v": 0.0038767275420547947}]}, {"source": 7, "prod": 12.0, "target": 11, "value": 0.0097801387367049825, "supply": [{"l": "Crustaceans", "v": 0.0032037861573962268}, {"l": "Marine Fish, Other", "v": 0.0016229454369605736}, {"l": "Fish, Seafood", "v": 0.0049534071423481809}]}, {"source": 2, "prod": 2.0, "target": 11, "value": 0.0010849882833354634, "supply": [{"l": "Beverages, Fermented", "v": 0.0010849882833354634}]}, {"source": 6, "prod": 2.0, "target": 11, "value": 0.0068838107976486483, "supply": [{"l": "Sugar", "v": 0.0068838107976486483}]}, {"source": 1, "prod": 20.0, "target": 7, "value": 0.015983730964930692, "supply": [{"l": "Crustaceans", "v": 0.0032037861573962268}, {"l": "Molluscs, Other", "v": 0.00021331742002763819}, {"l": "Marine Fish, Other", "v": 0.0032458908739211472}, {"l": "Fish, Seafood", "v": 0.0082556785705803007}, {"l": "Pelagic Fish", "v": 0.0010650579430053764}]}, {"source": 1, "prod": 15.0, "target": 4, "value": 0.034433945647442364, "supply": [{"l": "Poultry Meat", "v": 0.0028501637788840291}, {"l": "Pigmeat", "v": 0.016576558306990365}, {"l": "Bovine Meat", "v": 0.0038268931479415692}, {"l": "Eggs", "v": 0.0032226566256007855}, {"l": "Milk - Excluding Butter", "v": 0.0034686906548463039}, {"l": "Meat, Other", "v": 0.0044889831331793107}]}, {"source": 9, "prod": 6.0, "target": 2, "value": 0.011253718507344353, "supply": [{"l": "Fats, Animals, Raw", "v": 0.0084900333171}, {"l": "Beer", "v": 0.00059370862357342659}, {"l": "Beverages, Fermented", "v": 0.0021699765666709269}]}, {"source": 9, "prod": 1.0, "target": 8, "value": 0.010249926328161732, "supply": [{"l": "Groundnut Oil", "v": 0.010249926328161732}]}, {"source": 9, "prod": 4.0, "target": 6, "value": 0.013767621595297297, "supply": [{"l": "Sugar", "v": 0.013767621595297297}]}, {"source": 12, "prod": 0, "target": 9, "value": 0.021735074707916139, "supply": "[{\"l\":'Electricity',\"v\":0.021735074707916139}]"}, {"source": 13, "prod": 0, "target": 12, "value": 0.040905034253376056, "supply": [{"l": "Coal", "v": 0.021306934347344056}, {"l": "Natural gas", "v": 0.0062256793208704843}, {"l": "Oil", "v": 0.013372420585161516}]}, {"source": 14, "prod": 0, "target": 12, "value": 0.0057705697041307812, "supply": [{"l": "Nuclear", "v": 0.00065885710786822043}, {"l": "Hydroelectric", "v": 0.0050460677920241013}, {"l": "Renewable", "v": 6.564480423846014e-05}]}, {"source": 13, "prod": 0, "target": 15, "value": 3.0969601954936839e-05, "supply": [{"l": "Natural gas (including LNG)", "v": 2.0732626459543959e-05}, {"l": "Fuel oil", "v": 6.3271533227486772e-06}, {"l": "Liquefied petroleum gas (LPG)", "v": 1.9549110863221015e-06}, {"l": "Coal", "v": 1.9549110863221015e-06}]}, {"source": 16, "prod": 0, "target": 0, "value": 0.0016564959364888763, "supply": "[{\"l\":'Labor',\"v\":0.0016564959364888763}]"}, {"source": 16, "prod": 0, "target": 5, "value": 0.0012147636867585092, "supply": "[{\"l\":'Labor',\"v\":0.0012147636867585092}]"}, {"source": 13, "prod": 0, "target": 10, "value": 0.38658109205565405, "supply": "[{\"l\":'Fossil Fuels',\"v\":0.38658109205565405}]"}, {"source": 14, "prod": 0, "target": 10, "value": 0.0219442012488416, "supply": "[{\"l\":'Renewables & Nuclear',\"v\":0.01220914183732809},{\"l\":'Biomass & Waste',\"v\":0.0097350594115135098}]"}]}