{"nodes": [{"layer": 13, "name": "Milk - Excluding Butter"}, {"layer": 16, "name": "Food", "fill": "#b5cf6b"}, {"layer": 5, "name": "Oilcrops", "fill": "#ff9896"}, {"layer": 13, "name": "Sugar & Sweeteners"}, {"layer": 5, "name": "Treenuts"}, {"layer": 5, "name": "Vegetables"}, {"layer": 5, "name": "Others"}, {"layer": 5, "name": "Sugar Crops", "fill": "#ffbb78"}, {"layer": 13, "name": "Alcoholic Beverages"}, {"layer": 13, "name": "Animal Fats"}, {"layer": 5, "name": "Starchy Roots"}, {"layer": 5, "name": "Pulses"}, {"layer": 13, "name": "Fish, Seafood"}, {"layer": 5, "name": "Cereals - Excluding Beer"}, {"layer": 5, "name": "Fruits - Excluding Wine"}, {"layer": 13, "name": "Vegetable Oils", "fill": "#f7b6d2"}, {"layer": 5, "name": "Stimulants"}, {"layer": 13, "name": "Eggs"}, {"layer": 13, "name": "Meat"}, {"layer": 10, "name": "Processing", "fill": "#9edae5"}, {"layer": 16, "name": "Biofuels & Other", "fill": "#e7ba52"}, {"layer": 2, "name": "Import", "fill": "#aec7e8"}, {"layer": 10, "name": "Feed", "fill": "#dbdb8d"}, {"layer": 16, "name": "Export", "fill": "#aec7e8"}, {"layer": 16, "name": "Stock Deposit", "fill": "#c7c7c7"}, {"layer": 0, "name": "Stock Draw", "fill": "#c7c7c7"}, {"layer": 2, "name": "Electricity", "fill": "#bcbd22"}, {"layer": 0, "name": "Fossil Fuels", "fill": "#c49c94"}, {"layer": 0, "name": "Renewables & Nuclear", "fill": "#2ca02c"}, {"layer": 2, "name": "Fertilizers", "fill": "#c5b0d5"}, {"layer": 0, "name": "Labor", "fill": "#7f7f7f"}], "links": [{"source": 0, "prod": 15.0, "target": 1, "value": 0.015435348953490526, "supply": [{"l": "Milk - Excluding Butter", "v": 0.015435348953490526}]}, {"source": 2, "prod": 2.0, "target": 1, "value": 0.0091414215745458278, "supply": [{"l": "Soyabeans", "v": 0.0024680329410174417}, {"l": "Groundnuts", "v": 0.0066733886335283857}]}, {"source": 3, "prod": 9.0, "target": 1, "value": 0.035832016175925331, "supply": [{"l": "Sugar", "v": 0.031796007128747063}, {"l": "Sweeteners, Other", "v": 0.0040360090471782684}]}, {"source": 4, "prod": 2.0, "target": 1, "value": 0.0059610872226446817, "supply": [{"l": "Treenuts", "v": 0.0059610872226446817}]}, {"source": 5, "prod": 35.0, "target": 1, "value": 0.0085877174465075774, "supply": [{"l": "Tomatoes", "v": 0.00032159217110227275}, {"l": "Vegetables, Other", "v": 0.0079573967911471238}, {"l": "Onions", "v": 0.00030872848425818182}]}, {"source": 6, "prod": 2.0, "target": 1, "value": 0.0059610872226446817, "supply": [{"l": "Nuts", "v": 0.0059610872226446817}]}, {"source": 7, "prod": 1.0, "target": 1, "value": 0.00046393624683606556, "supply": [{"l": "Sugar cane", "v": 0.00046393624683606556}]}, {"source": 8, "prod": 20.0, "target": 1, "value": 0.012799454534652144, "supply": [{"l": "Beer", "v": 0.0085493085228584859}, {"l": "Beverages, Fermented", "v": 0.0026237028475982567}, {"l": "Wine", "v": 0.0016264431641954025}]}, {"source": 9, "prod": 2.0, "target": 1, "value": 0.010722981681577363, "supply": [{"l": "Fats, Animals, Raw", "v": 0.0085511126934820145}, {"l": "Cream", "v": 0.002171868988095349}]}, {"source": 10, "prod": 5.0, "target": 1, "value": 0.0036452133679976584, "supply": [{"l": "Potatoes", "v": 0.0036452133679976584}]}, {"source": 11, "prod": 2.0, "target": 1, "value": 0.0071473860027480123, "supply": [{"l": "Beans", "v": 0.0040520613558886363}, {"l": "Pulses, Other", "v": 0.0030953246468593755}]}, {"source": 12, "prod": 29.0, "target": 1, "value": 0.020572338048927344, "supply": [{"l": "Molluscs, Other", "v": 0.00039488527056279069}, {"l": "Pelagic Fish", "v": 0.00092685953243449779}, {"l": "Fish, Seafood", "v": 0.010663751753666621}, {"l": "Crustaceans", "v": 0.00060816857572349575}, {"l": "Marine Fish, Other", "v": 0.0079786729165399403}]}, {"source": 13, "prod": 38.0, "target": 1, "value": 0.14768729669368064, "supply": [{"l": "Oats", "v": 0.0044379719612113629}, {"l": "Rice", "v": 0.089240841001828219}, {"l": "Wheat", "v": 0.054008483730641065}]}, {"source": 14, "prod": 21.0, "target": 1, "value": 0.010022261439977181, "supply": [{"l": "Grapes", "v": 0.0015106820848932384}, {"l": "Apples", "v": 0.00047036195662603883}, {"l": "Bananas", "v": 0.0014120637533638252}, {"l": "Fruits, Other", "v": 0.00351111452479571}, {"l": "Oranges, Mandarines", "v": 0.003118039120298368}]}, {"source": 15, "prod": 6.0, "target": 1, "value": 0.061884384173179756, "supply": [{"l": "Rape and Mustard Oil", "v": 0.041141925532386825}, {"l": "Maize Germ Oil", "v": 0.010426356705210527}, {"l": "Groundnut Oil", "v": 0.010316101935582404}]}, {"source": 16, "prod": 1.0, "target": 1, "value": 0.0003191741848533835, "supply": [{"l": "Tea", "v": 0.0003191741848533835}]}, {"source": 17, "prod": 4.0, "target": 1, "value": 0.0064640922191476326, "supply": [{"l": "Eggs", "v": 0.0064640922191476326}]}, {"source": 18, "prod": 36.0, "target": 1, "value": 0.089502863039156083, "supply": [{"l": "Pigmeat", "v": 0.063755614097700891}, {"l": "Bovine Meat", "v": 0.0075148872353677553}, {"l": "Meat, Other", "v": 0.0016222993599554142}, {"l": "Poultry Meat", "v": 0.013977493875713416}, {"l": "Offals, Edible", "v": 0.0026325684704186047}]}, {"source": 14, "prod": 3.0, "target": 19, "value": 0.0014735375351390986, "supply": [{"l": "Fruits, Other", "v": 0.0010031755785130598}, {"l": "Apples", "v": 0.00047036195662603883}]}, {"source": 15, "prod": 1.0, "target": 20, "value": 0.010285481383096706, "supply": [{"l": "Rape and Mustard Oil", "v": 0.010285481383096706}]}, {"source": 21, "prod": 2.0, "target": 6, "value": 0.0059610872226446817, "supply": [{"l": "Nuts", "v": 0.0059610872226446817}]}, {"source": 21, "prod": 68.0, "target": 22, "value": 0.090224741335171207, "supply": [{"l": "Pigmeat", "v": 0.031877807048850446}, {"l": "Molluscs, Other", "v": 0.00039488527056279069}, {"l": "Bovine Meat", "v": 0.0056361654265258167}, {"l": "Milk - Excluding Butter", "v": 0.017493395480622599}, {"l": "Fish, Seafood", "v": 0.0099528349700888467}, {"l": "Crustaceans", "v": 0.0012163371514469915}, {"l": "Pelagic Fish", "v": 0.00092685953243449779}, {"l": "Poultry Meat", "v": 0.0077652743753963416}, {"l": "Offals, Edible", "v": 0.0013162842352093024}, {"l": "Marine Fish, Other", "v": 0.0071808056248859461}, {"l": "Eggs", "v": 0.0064640922191476326}]}, {"source": 21, "prod": 43.0, "target": 13, "value": 0.1687124345252605, "supply": [{"l": "Oats", "v": 0.0044379719612113629}, {"l": "Rice", "v": 0.10708900920219389}, {"l": "Wheat", "v": 0.057185453361855244}]}, {"source": 21, "prod": 2.0, "target": 11, "value": 0.0071473860027480123, "supply": [{"l": "Beans", "v": 0.0040520613558886363}, {"l": "Pulses, Other", "v": 0.0030953246468593755}]}, {"source": 21, "prod": 41.0, "target": 19, "value": 0.1388129854908508, "supply": [{"l": "Rape and Mustard Oil", "v": 0.051427406915483538}, {"l": "Maize Germ Oil", "v": 0.010426356705210527}, {"l": "Beer", "v": 0.0096892163259062834}, {"l": "Groundnut Oil", "v": 0.020632203871164809}, {"l": "Sugar", "v": 0.031796007128747063}, {"l": "Sweeteners, Other", "v": 0.0060540135707674025}, {"l": "Beverages, Fermented", "v": 0.00087456761586608559}, {"l": "Beverages, Alcoholic", "v": 0.0033016796233166666}, {"l": "Wine", "v": 0.0024396647462931035}, {"l": "Cream", "v": 0.002171868988095349}]}, {"source": 21, "prod": 2.0, "target": 4, "value": 0.0059610872226446817, "supply": [{"l": "Treenuts", "v": 0.0059610872226446817}]}, {"source": 21, "prod": 35.0, "target": 5, "value": 0.0085877174465075774, "supply": [{"l": "Tomatoes", "v": 0.00032159217110227275}, {"l": "Vegetables, Other", "v": 0.0079573967911471238}, {"l": "Onions", "v": 0.00030872848425818182}]}, {"source": 21, "prod": 2.0, "target": 16, "value": 0.0010208298308947057, "supply": [{"l": "Coffee", "v": 0.00070165564604132225}, {"l": "Tea", "v": 0.0003191741848533835}]}, {"source": 21, "prod": 26.0, "target": 14, "value": 0.012721501974188937, "supply": [{"l": "Grapes", "v": 0.0022660231273398577}, {"l": "Apples", "v": 0.0014110858698781164}, {"l": "Bananas", "v": 0.0014120637533638252}, {"l": "Fruits, Other", "v": 0.0045142901033087693}, {"l": "Oranges, Mandarines", "v": 0.003118039120298368}]}, {"source": 21, "prod": 1.0, "target": 7, "value": 0.00046393624683606556, "supply": [{"l": "Sugar cane", "v": 0.00046393624683606556}]}, {"source": 21, "prod": 2.0, "target": 2, "value": 0.0091414215745458278, "supply": [{"l": "Soyabeans", "v": 0.0024680329410174417}, {"l": "Groundnuts", "v": 0.0066733886335283857}]}, {"source": 21, "prod": 5.0, "target": 10, "value": 0.0036452133679976584, "supply": [{"l": "Potatoes", "v": 0.0036452133679976584}]}, {"source": 0, "prod": 2.0, "target": 23, "value": 0.0020580465271320702, "supply": [{"l": "Milk - Excluding Butter", "v": 0.0020580465271320702}]}, {"source": 3, "prod": 1.0, "target": 23, "value": 0.0020180045235891342, "supply": [{"l": "Sweeteners, Other", "v": 0.0020180045235891342}]}, {"source": 8, "prod": 1.0, "target": 23, "value": 0.00056995390152389904, "supply": [{"l": "Beer", "v": 0.00056995390152389904}]}, {"source": 12, "prod": 2.0, "target": 23, "value": 0.0013190853593012704, "supply": [{"l": "Fish, Seafood", "v": 0.00071091678357777463}, {"l": "Crustaceans", "v": 0.00060816857572349575}]}, {"source": 14, "prod": 2.0, "target": 23, "value": 0.0012569288317031491, "supply": [{"l": "Grapes", "v": 0.00075534104244661922}, {"l": "Fruits, Other", "v": 0.00050158778925652988}]}, {"source": 13, "prod": 3.0, "target": 24, "value": 0.013386126150274236, "supply": [{"l": "Rice", "v": 0.013386126150274236}]}, {"source": 25, "prod": 1.0, "target": 19, "value": 0.0045422867326781512, "supply": [{"l": "Sugar", "v": 0.0045422867326781512}]}, {"source": 22, "prod": 17.0, "target": 0, "value": 0.017493395480622596, "supply": [{"l": "Milk - Excluding Butter", "v": 0.017493395480622596}]}, {"source": 22, "prod": 4.0, "target": 17, "value": 0.0064640922191476326, "supply": [{"l": "Eggs", "v": 0.0064640922191476326}]}, {"source": 22, "prod": 36.0, "target": 18, "value": 0.089502863039156083, "supply": [{"l": "Poultry Meat", "v": 0.013977493875713416}, {"l": "Bovine Meat", "v": 0.0075148872353677553}, {"l": "Pigmeat", "v": 0.063755614097700891}, {"l": "Offals, Edible", "v": 0.0026325684704186047}, {"l": "Meat, Other", "v": 0.0016222993599554142}]}, {"source": 22, "prod": 31.0, "target": 12, "value": 0.021891423408228614, "supply": [{"l": "Crustaceans", "v": 0.0012163371514469915}, {"l": "Molluscs, Other", "v": 0.00039488527056279069}, {"l": "Marine Fish, Other", "v": 0.0079786729165399403}, {"l": "Fish, Seafood", "v": 0.011374668537244396}, {"l": "Pelagic Fish", "v": 0.00092685953243449779}]}, {"source": 19, "prod": 10.0, "target": 3, "value": 0.037850020699514465, "supply": [{"l": "Sweeteners, Other", "v": 0.0060540135707674025}, {"l": "Sugar", "v": 0.031796007128747063}]}, {"source": 19, "prod": 7.0, "target": 15, "value": 0.072169865556276469, "supply": [{"l": "Maize Germ Oil", "v": 0.010426356705210527}, {"l": "Groundnut Oil", "v": 0.010316101935582404}, {"l": "Rape and Mustard Oil", "v": 0.051427406915483531}]}, {"source": 19, "prod": 2.0, "target": 9, "value": 0.010722981681577363, "supply": [{"l": "Fats, Animals, Raw", "v": 0.0085511126934820145}, {"l": "Cream", "v": 0.002171868988095349}]}, {"source": 19, "prod": 21.0, "target": 8, "value": 0.013369408436176042, "supply": [{"l": "Beer", "v": 0.0091192624243823846}, {"l": "Beverages, Fermented", "v": 0.0026237028475982567}, {"l": "Wine", "v": 0.0016264431641954025}]}, {"source": 26, "prod": 0, "target": 19, "value": 0.0697300340950648, "supply": "[{\"l\":'Electricity',\"v\":0.0697300340950648}]"}, {"source": 27, "prod": 0, "target": 26, "value": 0.10638768930301026, "supply": [{"l": "Coal", "v": 0.069392653722951989}, {"l": "Natural gas", "v": 0.022469474248996549}, {"l": "Oil", "v": 0.014525561331061719}]}, {"source": 28, "prod": 0, "target": 26, "value": 0.025837550465315134, "supply": [{"l": "Nuclear", "v": 0.012125880973864557}, {"l": "Hydroelectric", "v": 0.012835410152486491}, {"l": "Renewable", "v": 0.00087625933896408564}]}, {"source": 27, "prod": 0, "target": 29, "value": 0.00070934149056615654, "supply": [{"l": "Natural gas (including LNG)", "v": 0.0004748692662425355}, {"l": "Fuel oil", "v": 0.00014491992423828072}, {"l": "Liquefied petroleum gas (LPG)", "v": 4.4776150042670182e-05}, {"l": "Coal", "v": 4.4776150042670182e-05}]}, {"source": 30, "prod": 0, "target": 10, "value": 7.5109914974237356e-05, "supply": "[{\"l\":'Labor',\"v\":7.5109914974237356e-05}]"}, {"source": 30, "prod": 0, "target": 2, "value": 3.0043965989694946e-05, "supply": "[{\"l\":'Labor',\"v\":3.0043965989694946e-05}]"}, {"source": 30, "prod": 0, "target": 4, "value": 3.0043965989694946e-05, "supply": "[{\"l\":'Labor',\"v\":3.0043965989694946e-05}]"}, {"source": 30, "prod": 0, "target": 5, "value": 0.00052576940481966145, "supply": "[{\"l\":'Labor',\"v\":0.00052576940481966145}]"}, {"source": 30, "prod": 0, "target": 7, "value": 1.5021982994847473e-05, "supply": "[{\"l\":'Labor',\"v\":1.5021982994847473e-05}]"}, {"source": 30, "prod": 0, "target": 11, "value": 3.0043965989694946e-05, "supply": "[{\"l\":'Labor',\"v\":3.0043965989694946e-05}]"}, {"source": 30, "prod": 0, "target": 6, "value": 3.0043965989694946e-05, "supply": "[{\"l\":'Labor',\"v\":3.0043965989694946e-05}]"}, {"source": 30, "prod": 0, "target": 13, "value": 0.0006159013027887463, "supply": "[{\"l\":'Labor',\"v\":0.0006159013027887463}]"}, {"source": 30, "prod": 0, "target": 16, "value": 1.5021982994847473e-05, "supply": "[{\"l\":'Labor',\"v\":1.5021982994847473e-05}]"}, {"source": 30, "prod": 0, "target": 14, "value": 0.00039057155786603422, "supply": "[{\"l\":'Labor',\"v\":0.00039057155786603422}]"}, {"source": 27, "prod": 0, "target": 21, "value": 0.73072178342769856, "supply": "[{\"l\":'Fossil Fuels',\"v\":0.73072178342769856}]"}, {"source": 28, "prod": 0, "target": 21, "value": 0.18044074956847178, "supply": "[{\"l\":'Renewables & Nuclear',\"v\":0.087175653033776029},{\"l\":'Biomass & Waste',\"v\":0.093265096534695766}]"}]}