{"nodes": [{"layer": 13, "name": "Animal Products", "fill": "#17becf"}, {"layer": 10, "name": "Feed", "fill": "#dbdb8d"}, {"layer": 5, "name": "Cereals", "fill": "#e7ba52"}, {"layer": 13, "name": "Other Processed", "fill": "#9c9ede"}, {"layer": 16, "name": "Food", "fill": "#b5cf6b"}, {"layer": 5, "name": "Oilcrops", "fill": "#ff9896"}, {"layer": 5, "name": "Fruits, Roots & Vegetables", "fill": "#98df8a"}, {"layer": 13, "name": "Sugar", "fill": "#d6616b"}, {"layer": 5, "name": "Sugar Crops", "fill": "#ffbb78"}, {"layer": 10, "name": "Processing", "fill": "#9edae5"}, {"layer": 16, "name": "Biofuels & Other", "fill": "#e7ba52"}, {"name": "Seed", "fill": "#dbdb8d"}, {"name": "Waste", "fill": "#c7c7c7"}, {"layer": 0, "name": "Import", "fill": "#aec7e8"}, {"layer": 16, "name": "Export", "fill": "#aec7e8"}, {"layer": 0, "name": "Stock Draw", "fill": "#c7c7c7"}, {"layer": 16, "name": "Stock Deposit", "fill": "#c7c7c7"}, {"layer": 0, "name": "Production", "fill": "#b5cf6b"}], "links": [{"source": 0, "prod": 0.0014307084504771889, "target": 1, "value": 2.0, "supply": [{"l": "Milk - Excluding Butter", "v": 2.0}]}, {"source": 2, "prod": 0.079411087692724702, "target": 1, "value": 21.0, "supply": [{"l": "Maize", "v": 13.0}, {"l": "Cereals, Other", "v": 8.0}]}, {"source": 3, "prod": 0.015258478536921116, "target": 4, "value": 34.0, "supply": [{"l": "Beer", "v": 3.0}, {"l": "Beverages, Fermented", "v": 31.0}]}, {"source": 0, "prod": 0.046246093165559506, "target": 4, "value": 36.0, "supply": [{"l": "Milk - Excluding Butter", "v": 20.0}, {"l": "Mutton & Goat Meat", "v": 2.0}, {"l": "Bovine Meat", "v": 12.0}, {"l": "Offals, Edible", "v": 2.0}]}, {"source": 2, "prod": 0.17505729668965953, "target": 4, "value": 47.0, "supply": [{"l": "Maize", "v": 20.0}, {"l": "Sorghum", "v": 3.0}, {"l": "Cereals, Other", "v": 24.0}]}, {"source": 5, "prod": 0.013145858039380644, "target": 4, "value": 2.0, "supply": [{"l": "Groundnuts", "v": 2.0}]}, {"source": 6, "prod": 0.046381568496760575, "target": 4, "value": 58.0, "supply": [{"l": "Roots, Other", "v": 16.0}, {"l": "Potatoes", "v": 1.0}, {"l": "Fruits, Other", "v": 2.0}, {"l": "Grapefruit", "v": 4.0}, {"l": "Pulses, Other", "v": 2.0}, {"l": "Tomatoes", "v": 3.0}, {"l": "Pineapples", "v": 13.0}, {"l": "Bananas", "v": 1.0}, {"l": "Vegetables, Other", "v": 5.0}, {"l": "Sweet potatoes", "v": 7.0}, {"l": "Oranges, Mandarines", "v": 4.0}]}, {"source": 7, "prod": 0.058104132889489436, "target": 4, "value": 14.0, "supply": [{"l": "Sugar", "v": 14.0}]}, {"source": 8, "prod": 0.50940199902600003, "target": 9, "value": 1356.0, "supply": [{"l": "Sugar cane", "v": 1356.0}]}, {"source": 2, "prod": 0.023090229291073818, "target": 9, "value": 6.0, "supply": [{"l": "Maize", "v": 5.0}, {"l": "Sorghum", "v": 1.0}]}, {"source": 5, "prod": 0.013145858039380644, "target": 9, "value": 2.0, "supply": [{"l": "Cottonseed", "v": 2.0}]}, {"source": 3, "prod": 0.0009336474745970946, "target": 10, "value": 2.0, "supply": [{"l": "Alcohol, Non-Food", "v": 2.0}]}, {"source": 2, "prod": 0.062327837299640476, "target": 10, "value": 16.0, "supply": [{"l": "Maize", "v": 16.0}]}, {"source": 7, "prod": 0.012450885619176306, "target": 10, "value": 3.0, "supply": [{"l": "Sugar", "v": 3.0}]}, {"source": 6, "prod": 0.00077747557848901095, "target": 11, "value": 1.0, "supply": [{"l": "Potatoes", "v": 1.0}]}, {"source": 2, "prod": 0.015581959324910119, "target": 11, "value": 4.0, "supply": [{"l": "Maize", "v": 4.0}]}, {"source": 6, "prod": 0.0055420737550475876, "target": 12, "value": 10.0, "supply": [{"l": "Sweet potatoes", "v": 1.0}, {"l": "Grapefruit", "v": 2.0}, {"l": "Oranges, Mandarines", "v": 3.0}, {"l": "Roots, Other", "v": 2.0}, {"l": "Vegetables, Other", "v": 1.0}, {"l": "Pineapples", "v": 1.0}]}, {"source": 0, "prod": 0.00071535422523859445, "target": 12, "value": 1.0, "supply": [{"l": "Milk - Excluding Butter", "v": 1.0}]}, {"source": 2, "prod": 0.019477449156137649, "target": 12, "value": 5.0, "supply": [{"l": "Maize", "v": 5.0}]}, {"source": 13, "prod": 0.0014662064116702303, "target": 9, "value": 3.0, "supply": [{"l": "Beer", "v": 3.0}]}, {"source": 13, "prod": 0.12591721995187577, "target": 2, "value": 35.0, "supply": [{"l": "Cereals, Other", "v": 32.0}, {"l": "Sorghum", "v": 3.0}]}, {"source": 13, "prod": 0.0022097346989712325, "target": 1, "value": 1.0, "supply": [{"l": "Bovine Meat", "v": 1.0}]}, {"source": 6, "prod": 0.01005663702077703, "target": 14, "value": 32.0, "supply": [{"l": "Grapefruit", "v": 11.0}, {"l": "Oranges, Mandarines", "v": 21.0}]}, {"source": 2, "prod": 0.0169800666342, "target": 14, "value": 4.0, "supply": [{"l": "Rice", "v": 4.0}]}, {"source": 5, "prod": 0.019718787059070968, "target": 14, "value": 3.0, "supply": [{"l": "Cottonseed", "v": 3.0}]}, {"source": 7, "prod": 0.56444014806932596, "target": 14, "value": 136.0, "supply": [{"l": "Sugar", "v": 136.0}]}, {"source": 15, "prod": 0.012450885619176306, "target": 9, "value": 3.0, "supply": [{"l": "Sugar", "v": 3.0}]}, {"source": 5, "prod": 0.013145858039380644, "target": 16, "value": 2.0, "supply": [{"l": "Cottonseed", "v": 2.0}]}, {"source": 17, "prod": 0.26962148627140675, "target": 2, "value": 69.0, "supply": [{"l": "Maize", "v": 63.0}, {"l": "Rice", "v": 4.0}, {"l": "Sorghum", "v": 2.0}]}, {"source": 17, "prod": 0.065729290196903226, "target": 5, "value": 10.0, "supply": [{"l": "Cottonseed", "v": 8.0}, {"l": "Groundnuts", "v": 2.0}]}, {"source": 17, "prod": 0.065787045119418991, "target": 6, "value": 100.0, "supply": [{"l": "Roots, Other", "v": 18.0}, {"l": "Potatoes", "v": 2.0}, {"l": "Fruits, Other", "v": 2.0}, {"l": "Grapefruit", "v": 17.0}, {"l": "Beans", "v": 1.0}, {"l": "Pulses, Other", "v": 2.0}, {"l": "Tomatoes", "v": 3.0}, {"l": "Pineapples", "v": 13.0}, {"l": "Bananas", "v": 1.0}, {"l": "Vegetables, Other", "v": 5.0}, {"l": "Sweet potatoes", "v": 8.0}, {"l": "Oranges, Mandarines", "v": 28.0}]}, {"source": 17, "prod": 0.50940199902600003, "target": 8, "value": 1356.0, "supply": [{"l": "Sugar cane", "v": 1356.0}]}, {"source": 1, "prod": 0.048392155841275285, "target": 0, "value": 39.0, "supply": [{"l": "Milk - Excluding Butter", "v": 23.0}, {"l": "Bovine Meat", "v": 12.0}, {"l": "Offals, Edible", "v": 2.0}, {"l": "Mutton & Goat Meat", "v": 2.0}]}, {"source": 9, "prod": 0.016192126011518211, "target": 3, "value": 36.0, "supply": [{"l": "Beer", "v": 3.0}, {"l": "Alcohol, Non-Food", "v": 2.0}, {"l": "Beverages, Fermented", "v": 31.0}]}, {"source": 9, "prod": 0.63499516657799171, "target": 7, "value": 153.0, "supply": [{"l": "Sugar", "v": 153.0}]}]}