{"nodes": [{"layer": 3, "name": "Maize"}, {"layer": 5, "name": "Production", "fill": "#b5cf6b"}, {"layer": 3, "name": "Vegetables, Other"}, {"layer": 3, "name": "Fruits, Other"}, {"layer": 3, "name": "Grapefruit"}, {"layer": 3, "name": "Rice"}, {"layer": 3, "name": "Tomatoes"}, {"layer": 3, "name": "Wheat"}, {"layer": 3, "name": "Roots, Other"}, {"layer": 3, "name": "Groundnuts"}, {"layer": 3, "name": "Cottonseed"}, {"layer": 3, "name": "Potatoes"}, {"layer": 3, "name": "Pulses, Other"}, {"layer": 3, "name": "Sorghum"}, {"layer": 3, "name": "Sugar cane"}, {"layer": 3, "name": "Pineapples"}, {"layer": 3, "name": "Bananas"}, {"layer": 3, "name": "Sweet potatoes"}, {"layer": 3, "name": "Oranges, Mandarines"}, {"layer": 1, "name": "Electricity", "fill": "#bcbd22"}, {"layer": 0, "name": "Fossil Fuels", "fill": "#c49c94"}, {"layer": 0, "name": "Renewables & Nuclear", "fill": "#2ca02c"}, {"layer": 1, "name": "Fertilizers", "fill": "#c5b0d5"}, {"layer": 0, "name": "Labor", "fill": "#7f7f7f"}], "links": [{"source": 0, "prod": 97.0, "target": 1, "value": 0.37869106699032185, "supply": [{"l": "Maize", "v": 0.37869106699032185}]}, {"source": 2, "prod": 8.0, "target": 1, "value": 0.0019909625869246233, "supply": [{"l": "Vegetables, Other", "v": 0.0019909625869246233}]}, {"source": 3, "prod": 4.0, "target": 1, "value": 0.0019517317970344831, "supply": [{"l": "Fruits, Other", "v": 0.0019517317970344831}]}, {"source": 4, "prod": 36.0, "target": 1, "value": 0.0070890934258091452, "supply": [{"l": "Grapefruit", "v": 0.0070890934258091452}]}, {"source": 5, "prod": 3.0, "target": 1, "value": 0.012659095403230616, "supply": [{"l": "Rice", "v": 0.012659095403230616}]}, {"source": 6, "prod": 4.0, "target": 1, "value": 0.00085326968011055276, "supply": [{"l": "Tomatoes", "v": 0.00085326968011055276}]}, {"source": 7, "prod": 1.0, "target": 1, "value": 0.0033294248302352942, "supply": [{"l": "Wheat", "v": 0.0033294248302352942}]}, {"source": 8, "prod": 26.0, "target": 1, "value": 0.027513792728488192, "supply": [{"l": "Roots, Other", "v": 0.027513792728488192}]}, {"source": 9, "prod": 1.0, "target": 1, "value": 0.0066110915174139341, "supply": [{"l": "Groundnuts", "v": 0.0066110915174139341}]}, {"source": 10, "prod": 15.0, "target": 1, "value": 0.099166372761209015, "supply": [{"l": "Cottonseed", "v": 0.099166372761209015}]}, {"source": 11, "prod": 6.0, "target": 1, "value": 0.005117639866567234, "supply": [{"l": "Potatoes", "v": 0.005117639866567234}]}, {"source": 12, "prod": 2.0, "target": 1, "value": 0.0080094653934905651, "supply": [{"l": "Pulses, Other", "v": 0.0080094653934905651}]}, {"source": 13, "prod": 2.0, "target": 1, "value": 0.0072475894170365854, "supply": [{"l": "Sorghum", "v": 0.0072475894170365854}]}, {"source": 14, "prod": 2782.0, "target": 1, "value": 0.8651748237425716, "supply": [{"l": "Sugar cane", "v": 0.8651748237425716}]}, {"source": 15, "prod": 28.0, "target": 1, "value": 0.011908729939062024, "supply": [{"l": "Pineapples", "v": 0.011908729939062024}]}, {"source": 16, "prod": 1.0, "target": 1, "value": 0.00080601582124367093, "supply": [{"l": "Bananas", "v": 0.00080601582124367093}]}, {"source": 17, "prod": 8.0, "target": 1, "value": 0.0089368771758947373, "supply": [{"l": "Sweet potatoes", "v": 0.0089368771758947373}]}, {"source": 18, "prod": 45.0, "target": 1, "value": 0.017536790130403278, "supply": [{"l": "Oranges, Mandarines", "v": 0.017536790130403278}]}, {"source": 19, "prod": 0, "target": 0, "value": 6.488484296077335e-07, "supply": "[{\"l\":'Energy for power irrigation',\"v\":6.488484296077335e-07}]"}, {"source": 19, "prod": 0, "target": 8, "value": 1.7481926600830125e-07, "supply": "[{\"l\":'Energy for power irrigation',\"v\":1.7481926600830125e-07}]"}, {"source": 19, "prod": 0, "target": 7, "value": 6.7238179233962016e-09, "supply": "[{\"l\":'Energy for power irrigation',\"v\":6.7238179233962016e-09}]"}, {"source": 19, "prod": 0, "target": 16, "value": 6.7238179233962016e-09, "supply": "[{\"l\":'Energy for power irrigation',\"v\":6.7238179233962016e-09}]"}, {"source": 19, "prod": 0, "target": 10, "value": 9.7495359889244919e-08, "supply": "[{\"l\":'Energy for power irrigation',\"v\":9.7495359889244919e-08}]"}, {"source": 19, "prod": 0, "target": 11, "value": 4.0342907540377208e-08, "supply": "[{\"l\":'Energy for power irrigation',\"v\":4.0342907540377208e-08}]"}, {"source": 19, "prod": 0, "target": 2, "value": 5.3790543387169613e-08, "supply": "[{\"l\":'Energy for power irrigation',\"v\":5.3790543387169613e-08}]"}, {"source": 19, "prod": 0, "target": 3, "value": 2.3533362731886709e-08, "supply": "[{\"l\":'Energy for power irrigation',\"v\":2.3533362731886709e-08}]"}, {"source": 19, "prod": 0, "target": 17, "value": 5.7152452348867711e-08, "supply": "[{\"l\":'Energy for power irrigation',\"v\":5.7152452348867711e-08}]"}, {"source": 19, "prod": 0, "target": 4, "value": 2.6222889901245188e-07, "supply": "[{\"l\":'Energy for power irrigation',\"v\":2.6222889901245188e-07}]"}, {"source": 19, "prod": 0, "target": 12, "value": 1.3447635846792403e-08, "supply": "[{\"l\":'Energy for power irrigation',\"v\":1.3447635846792403e-08}]"}, {"source": 19, "prod": 0, "target": 18, "value": 3.2274326032301767e-07, "supply": "[{\"l\":'Energy for power irrigation',\"v\":3.2274326032301767e-07}]"}, {"source": 19, "prod": 0, "target": 9, "value": 6.7238179233962016e-09, "supply": "[{\"l\":'Energy for power irrigation',\"v\":6.7238179233962016e-09}]"}, {"source": 19, "prod": 0, "target": 5, "value": 2.0171453770188604e-08, "supply": "[{\"l\":'Energy for power irrigation',\"v\":2.0171453770188604e-08}]"}, {"source": 19, "prod": 0, "target": 13, "value": 2.6895271693584807e-08, "supply": "[{\"l\":'Energy for power irrigation',\"v\":2.6895271693584807e-08}]"}, {"source": 19, "prod": 0, "target": 15, "value": 1.8826690185509367e-07, "supply": "[{\"l\":'Energy for power irrigation',\"v\":1.8826690185509367e-07}]"}, {"source": 19, "prod": 0, "target": 6, "value": 2.6895271693584807e-08, "supply": "[{\"l\":'Energy for power irrigation',\"v\":2.6895271693584807e-08}]"}, {"source": 19, "prod": 0, "target": 14, "value": 1.8705661462888235e-05, "supply": "[{\"l\":'Energy for power irrigation',\"v\":1.8705661462888235e-05}]"}, {"source": 20, "prod": 0, "target": 19, "value": 3.623164476495036e-05, "supply": [{"l": "Coal", "v": 2.0996832654167651e-05}, {"l": "Natural gas", "v": 4.964238350571988e-06}, {"l": "Oil", "v": 1.0270573760210724e-05}]}, {"source": 21, "prod": 0, "target": 19, "value": 6.5685120915509261e-06, "supply": [{"l": "Nuclear", "v": 1.9409672697680127e-06}, {"l": "Hydroelectric", "v": 4.5407889269360346e-06}, {"l": "Renewable", "v": 8.6755894846878482e-08}]}, {"source": 20, "prod": 0, "target": 0, "value": 0.0047269000157097122, "supply": [{"l": "Motor Gasoline", "v": 0.0004958725625724003}, {"l": "Gas-Diesel oil", "v": 0.0042221181670324915}, {"l": "Coal", "v": 8.9092861048193222e-06}]}, {"source": 20, "prod": 0, "target": 8, "value": 0.001273568916149767, "supply": [{"l": "Motor Gasoline", "v": 0.00013360297022676069}, {"l": "Gas-Diesel oil", "v": 0.0011375655165061637}, {"l": "Coal", "v": 2.4004294168425118e-06}]}, {"source": 20, "prod": 0, "target": 7, "value": 4.8983419851914115e-05, "supply": [{"l": "Motor Gasoline", "v": 5.1385757779523352e-06}, {"l": "Gas-Diesel oil", "v": 4.3752519865621678e-05}, {"l": "Coal", "v": 9.2324208340096619e-08}]}, {"source": 20, "prod": 0, "target": 16, "value": 4.8983419851914115e-05, "supply": [{"l": "Motor Gasoline", "v": 5.1385757779523352e-06}, {"l": "Gas-Diesel oil", "v": 4.3752519865621678e-05}, {"l": "Coal", "v": 9.2324208340096619e-08}]}, {"source": 20, "prod": 0, "target": 10, "value": 0.00071025958785275462, "supply": [{"l": "Motor Gasoline", "v": 7.4509348780308848e-05}, {"l": "Gas-Diesel oil", "v": 0.00063441153805151424}, {"l": "Coal", "v": 1.3387010209314009e-06}]}, {"source": 20, "prod": 0, "target": 11, "value": 0.00029390051911148469, "supply": [{"l": "Motor Gasoline", "v": 3.0831454667714011e-05}, {"l": "Gas-Diesel oil", "v": 0.00026251511919373008}, {"l": "Coal", "v": 5.5394525004057969e-07}]}, {"source": 20, "prod": 0, "target": 2, "value": 0.00039186735881531292, "supply": [{"l": "Motor Gasoline", "v": 4.1108606223618681e-05}, {"l": "Gas-Diesel oil", "v": 0.00035002015892497343}, {"l": "Coal", "v": 7.3859366672077295e-07}]}, {"source": 20, "prod": 0, "target": 3, "value": 0.00017144196948169942, "supply": [{"l": "Motor Gasoline", "v": 1.7985015222833175e-05}, {"l": "Gas-Diesel oil", "v": 0.00015313381952967588}, {"l": "Coal", "v": 3.2313472919033816e-07}]}, {"source": 20, "prod": 0, "target": 17, "value": 0.00041635906874126994, "supply": [{"l": "Motor Gasoline", "v": 4.3677894112594844e-05}, {"l": "Gas-Diesel oil", "v": 0.00037189641885778426}, {"l": "Coal", "v": 7.8475577089082122e-07}]}, {"source": 20, "prod": 0, "target": 4, "value": 0.0019103533742246505, "supply": [{"l": "Motor Gasoline", "v": 0.00020040445534014105}, {"l": "Gas-Diesel oil", "v": 0.0017063482747592454}, {"l": "Coal", "v": 3.6006441252637679e-06}]}, {"source": 20, "prod": 0, "target": 12, "value": 9.796683970382823e-05, "supply": [{"l": "Motor Gasoline", "v": 1.027715155590467e-05}, {"l": "Gas-Diesel oil", "v": 8.7505039731243357e-05}, {"l": "Coal", "v": 1.8464841668019324e-07}]}, {"source": 20, "prod": 0, "target": 18, "value": 0.0023512041528918775, "supply": [{"l": "Motor Gasoline", "v": 0.00024665163734171209}, {"l": "Gas-Diesel oil", "v": 0.0021001209535498407}, {"l": "Coal", "v": 4.4315620003246375e-06}]}, {"source": 20, "prod": 0, "target": 9, "value": 4.8983419851914115e-05, "supply": [{"l": "Motor Gasoline", "v": 5.1385757779523352e-06}, {"l": "Gas-Diesel oil", "v": 4.3752519865621678e-05}, {"l": "Coal", "v": 9.2324208340096619e-08}]}, {"source": 20, "prod": 0, "target": 5, "value": 0.00014695025955574234, "supply": [{"l": "Motor Gasoline", "v": 1.5415727333857005e-05}, {"l": "Gas-Diesel oil", "v": 0.00013125755959686504}, {"l": "Coal", "v": 2.7697262502028984e-07}]}, {"source": 20, "prod": 0, "target": 13, "value": 0.00019593367940765646, "supply": [{"l": "Motor Gasoline", "v": 2.0554303111809341e-05}, {"l": "Gas-Diesel oil", "v": 0.00017501007946248671}, {"l": "Coal", "v": 3.6929683336038648e-07}]}, {"source": 20, "prod": 0, "target": 15, "value": 0.0013715357558535953, "supply": [{"l": "Motor Gasoline", "v": 0.0001438801217826654}, {"l": "Gas-Diesel oil", "v": 0.001225070556237407}, {"l": "Coal", "v": 2.5850778335227053e-06}]}, {"source": 20, "prod": 0, "target": 6, "value": 0.00019593367940765646, "supply": [{"l": "Motor Gasoline", "v": 2.0554303111809341e-05}, {"l": "Gas-Diesel oil", "v": 0.00017501007946248671}, {"l": "Coal", "v": 3.6929683336038648e-07}]}, {"source": 20, "prod": 0, "target": 14, "value": 0.13627187402802507, "supply": [{"l": "Motor Gasoline", "v": 0.014295517814263397}, {"l": "Gas-Diesel oil", "v": 0.12171951026615951}, {"l": "Coal", "v": 0.00025684594760214878}]}, {"source": 22, "prod": 0.63161658615136873, "target": 0, "value": 0.006145931941309659, "supply": [{"l": "Potash", "v": 0.013327094455106121}, {"l": "Phosphate", "v": 0.027703458355496098}, {"l": "Nitrogen", "v": 0.15672197234759977}]}, {"source": 22, "prod": 0.17017648953301126, "target": 8, "value": 0.001655898761389131, "supply": [{"l": "Potash", "v": 0.013327094455106121}, {"l": "Phosphate", "v": 0.027703458355496098}, {"l": "Nitrogen", "v": 0.15672197234759977}]}, {"source": 22, "prod": 0.0065452495974235112, "target": 7, "value": 6.3688413899581971e-05, "supply": [{"l": "Potash", "v": 0.013327094455106121}, {"l": "Phosphate", "v": 0.027703458355496098}, {"l": "Nitrogen", "v": 0.15672197234759977}]}, {"source": 22, "prod": 0.0065452495974235112, "target": 16, "value": 6.3688413899581971e-05, "supply": [{"l": "Potash", "v": 0.013327094455106121}, {"l": "Phosphate", "v": 0.027703458355496098}, {"l": "Nitrogen", "v": 0.15672197234759977}]}, {"source": 22, "prod": 0.094906119162640898, "target": 10, "value": 0.00092348200154393836, "supply": [{"l": "Potash", "v": 0.013327094455106121}, {"l": "Phosphate", "v": 0.027703458355496098}, {"l": "Nitrogen", "v": 0.15672197234759977}]}, {"source": 22, "prod": 0.039271497584541064, "target": 11, "value": 0.00038213048339749174, "supply": [{"l": "Potash", "v": 0.013327094455106121}, {"l": "Phosphate", "v": 0.027703458355496098}, {"l": "Nitrogen", "v": 0.15672197234759977}]}, {"source": 22, "prod": 0.05236199677938809, "target": 2, "value": 0.00050950731119665576, "supply": [{"l": "Potash", "v": 0.013327094455106121}, {"l": "Phosphate", "v": 0.027703458355496098}, {"l": "Nitrogen", "v": 0.15672197234759977}]}, {"source": 22, "prod": 0.022908373590982287, "target": 3, "value": 0.00022290944864853689, "supply": [{"l": "Potash", "v": 0.013327094455106121}, {"l": "Phosphate", "v": 0.027703458355496098}, {"l": "Nitrogen", "v": 0.15672197234759977}]}, {"source": 22, "prod": 0.055634621578099834, "target": 17, "value": 0.00054135151814644668, "supply": [{"l": "Potash", "v": 0.013327094455106121}, {"l": "Phosphate", "v": 0.027703458355496098}, {"l": "Nitrogen", "v": 0.15672197234759977}]}, {"source": 22, "prod": 0.2552647342995169, "target": 4, "value": 0.0024838481420836962, "supply": [{"l": "Potash", "v": 0.013327094455106121}, {"l": "Phosphate", "v": 0.027703458355496098}, {"l": "Nitrogen", "v": 0.15672197234759977}]}, {"source": 22, "prod": 0.013090499194847022, "target": 12, "value": 0.00012737682779916394, "supply": [{"l": "Potash", "v": 0.013327094455106121}, {"l": "Phosphate", "v": 0.027703458355496098}, {"l": "Nitrogen", "v": 0.15672197234759977}]}, {"source": 22, "prod": 0.31417198067632851, "target": 18, "value": 0.0030570438671799339, "supply": [{"l": "Potash", "v": 0.013327094455106121}, {"l": "Phosphate", "v": 0.027703458355496098}, {"l": "Nitrogen", "v": 0.15672197234759977}]}, {"source": 22, "prod": 0.0065452495974235112, "target": 9, "value": 6.3688413899581971e-05, "supply": [{"l": "Potash", "v": 0.013327094455106121}, {"l": "Phosphate", "v": 0.027703458355496098}, {"l": "Nitrogen", "v": 0.15672197234759977}]}, {"source": 22, "prod": 0.019635748792270532, "target": 5, "value": 0.00019106524169874587, "supply": [{"l": "Potash", "v": 0.013327094455106121}, {"l": "Phosphate", "v": 0.027703458355496098}, {"l": "Nitrogen", "v": 0.15672197234759977}]}, {"source": 22, "prod": 0.026180998389694045, "target": 13, "value": 0.00025475365559832788, "supply": [{"l": "Potash", "v": 0.013327094455106121}, {"l": "Phosphate", "v": 0.027703458355496098}, {"l": "Nitrogen", "v": 0.15672197234759977}]}, {"source": 22, "prod": 0.18326698872785829, "target": 15, "value": 0.0017832755891882951, "supply": [{"l": "Potash", "v": 0.013327094455106121}, {"l": "Phosphate", "v": 0.027703458355496098}, {"l": "Nitrogen", "v": 0.15672197234759977}]}, {"source": 22, "prod": 0.026180998389694045, "target": 6, "value": 0.00025475365559832788, "supply": [{"l": "Potash", "v": 0.013327094455106121}, {"l": "Phosphate", "v": 0.027703458355496098}, {"l": "Nitrogen", "v": 0.15672197234759977}]}, {"source": 22, "prod": 18.208884380032206, "target": 14, "value": 0.17718116746863702, "supply": [{"l": "Potash", "v": 0.013327094455106121}, {"l": "Phosphate", "v": 0.027703458355496098}, {"l": "Nitrogen", "v": 0.15672197234759977}]}, {"source": 20, "prod": 0, "target": 22, "value": 0.24558672355381569, "supply": [{"l": "Natural gas (including LNG)", "v": 0.16385760110458336}, {"l": "Fuel oil", "v": 0.054025193456023989}, {"l": "Liquefied petroleum gas (LPG)", "v": 0.013851964496604169}, {"l": "Coal", "v": 0.013851964496604169}]}, {"source": 23, "prod": 0, "target": 0, "value": 0.0023748671869881308, "supply": "[{\"l\":'Labor',\"v\":0.0023748671869881308}]"}, {"source": 23, "prod": 0, "target": 8, "value": 0.00063986058924032539, "supply": "[{\"l\":'Labor',\"v\":0.00063986058924032539}]"}, {"source": 23, "prod": 0, "target": 7, "value": 2.4610022663089439e-05, "supply": "[{\"l\":'Labor',\"v\":2.4610022663089439e-05}]"}, {"source": 23, "prod": 0, "target": 16, "value": 2.4610022663089439e-05, "supply": "[{\"l\":'Labor',\"v\":2.4610022663089439e-05}]"}, {"source": 23, "prod": 0, "target": 10, "value": 0.00035684532861479684, "supply": "[{\"l\":'Labor',\"v\":0.00035684532861479684}]"}, {"source": 23, "prod": 0, "target": 11, "value": 0.00014766013597853662, "supply": "[{\"l\":'Labor',\"v\":0.00014766013597853662}]"}, {"source": 23, "prod": 0, "target": 2, "value": 0.00019688018130471552, "supply": "[{\"l\":'Labor',\"v\":0.00019688018130471552}]"}, {"source": 23, "prod": 0, "target": 3, "value": 8.6135079320813048e-05, "supply": "[{\"l\":'Labor',\"v\":8.6135079320813048e-05}]"}, {"source": 23, "prod": 0, "target": 17, "value": 0.00020918519263626021, "supply": "[{\"l\":'Labor',\"v\":0.00020918519263626021}]"}, {"source": 23, "prod": 0, "target": 4, "value": 0.00095979088386048813, "supply": "[{\"l\":'Labor',\"v\":0.00095979088386048813}]"}, {"source": 23, "prod": 0, "target": 12, "value": 4.9220045326178879e-05, "supply": "[{\"l\":'Labor',\"v\":4.9220045326178879e-05}]"}, {"source": 23, "prod": 0, "target": 18, "value": 0.001181281087828293, "supply": "[{\"l\":'Labor',\"v\":0.001181281087828293}]"}, {"source": 23, "prod": 0, "target": 9, "value": 2.4610022663089439e-05, "supply": "[{\"l\":'Labor',\"v\":2.4610022663089439e-05}]"}, {"source": 23, "prod": 0, "target": 5, "value": 7.3830067989268312e-05, "supply": "[{\"l\":'Labor',\"v\":7.3830067989268312e-05}]"}, {"source": 23, "prod": 0, "target": 13, "value": 9.8440090652357758e-05, "supply": "[{\"l\":'Labor',\"v\":9.8440090652357758e-05}]"}, {"source": 23, "prod": 0, "target": 15, "value": 0.00068908063456650439, "supply": "[{\"l\":'Labor',\"v\":0.00068908063456650439}]"}, {"source": 23, "prod": 0, "target": 6, "value": 9.8440090652357758e-05, "supply": "[{\"l\":'Labor',\"v\":9.8440090652357758e-05}]"}, {"source": 23, "prod": 0, "target": 14, "value": 0.06846508304871482, "supply": "[{\"l\":'Labor',\"v\":0.06846508304871482}]"}]}