{"nodes": [{"layer": 13, "name": "Milk - Excluding Butter"}, {"layer": 10, "name": "Feed", "fill": "#dbdb8d"}, {"layer": 5, "name": "Maize"}, {"layer": 5, "name": "Cereals, Other"}, {"layer": 16, "name": "Food", "fill": "#b5cf6b"}, {"layer": 5, "name": "Vegetables, Other"}, {"layer": 5, "name": "Fruits, Other"}, {"layer": 13, "name": "Sugar", "fill": "#d6616b"}, {"layer": 13, "name": "Beer"}, {"layer": 5, "name": "Grapefruit"}, {"layer": 5, "name": "Tomatoes"}, {"layer": 5, "name": "Roots, Other"}, {"layer": 5, "name": "Groundnuts"}, {"layer": 5, "name": "Potatoes"}, {"layer": 5, "name": "Beans"}, {"layer": 5, "name": "Pulses, Other"}, {"layer": 5, "name": "Sorghum"}, {"layer": 13, "name": "Mutton & Goat Meat"}, {"layer": 5, "name": "Pineapples"}, {"layer": 5, "name": "Bananas"}, {"layer": 13, "name": "Beverages, Fermented"}, {"layer": 13, "name": "Bovine Meat"}, {"layer": 13, "name": "Offals, Edible"}, {"layer": 5, "name": "Sweet potatoes"}, {"layer": 5, "name": "Oranges, Mandarines"}, {"layer": 5, "name": "Cottonseed"}, {"layer": 10, "name": "Processing", "fill": "#9edae5"}, {"layer": 5, "name": "Sugar cane"}, {"layer": 16, "name": "Biofuels & Other", "fill": "#e7ba52"}, {"layer": 13, "name": "Alcohol, Non-Food"}, {"name": "Waste", "fill": "#c7c7c7"}, {"layer": 2, "name": "Import", "fill": "#aec7e8"}, {"layer": 16, "name": "Export", "fill": "#aec7e8"}, {"layer": 5, "name": "Rice"}, {"layer": 16, "name": "Stock Deposit", "fill": "#c7c7c7"}, {"layer": 2, "name": "Electricity", "fill": "#bcbd22"}, {"layer": 0, "name": "Fossil Fuels", "fill": "#c49c94"}, {"layer": 0, "name": "Renewables & Nuclear", "fill": "#2ca02c"}, {"layer": 2, "name": "Fertilizers", "fill": "#c5b0d5"}, {"layer": 0, "name": "Labor", "fill": "#7f7f7f"}], "links": [{"source": 0, "prod": 3.0, "target": 1, "value": 0.0022194231397089583, "supply": [{"l": "Milk - Excluding Butter", "v": 0.0022194231397089583}]}, {"source": 2, "prod": 7.0, "target": 1, "value": 0.027264741140280484, "supply": [{"l": "Maize", "v": 0.027264741140280484}]}, {"source": 3, "prod": 6.0, "target": 1, "value": 0.021590985571160338, "supply": [{"l": "Cereals, Other", "v": 0.021590985571160338}]}, {"source": 2, "prod": 13.0, "target": 4, "value": 0.050634519260520906, "supply": [{"l": "Maize", "v": 0.050634519260520906}]}, {"source": 5, "prod": 4.0, "target": 4, "value": 0.0010353699167195121, "supply": [{"l": "Vegetables, Other", "v": 0.0010353699167195121}]}, {"source": 6, "prod": 2.0, "target": 4, "value": 0.0010353699167195121, "supply": [{"l": "Fruits, Other", "v": 0.0010353699167195121}]}, {"source": 7, "prod": 11.0, "target": 4, "value": 0.045246639741533291, "supply": [{"l": "Sugar", "v": 0.045246639741533291}]}, {"source": 8, "prod": 2.0, "target": 4, "value": 0.00093297069418681326, "supply": [{"l": "Beer", "v": 0.00093297069418681326}]}, {"source": 9, "prod": 3.0, "target": 4, "value": 0.0005401930000275717, "supply": [{"l": "Grapefruit", "v": 0.0005401930000275717}]}, {"source": 10, "prod": 2.0, "target": 4, "value": 0.00041414796668780502, "supply": [{"l": "Tomatoes", "v": 0.00041414796668780502}]}, {"source": 3, "prod": 28.0, "target": 4, "value": 0.10075793266541493, "supply": [{"l": "Cereals, Other", "v": 0.10075793266541493}]}, {"source": 11, "prod": 14.0, "target": 4, "value": 0.014804684431953739, "supply": [{"l": "Roots, Other", "v": 0.014804684431953739}]}, {"source": 12, "prod": 2.0, "target": 4, "value": 0.013184522327731768, "supply": [{"l": "Groundnuts", "v": 0.013184522327731768}]}, {"source": 13, "prod": 1.0, "target": 4, "value": 0.00076486786640540534, "supply": [{"l": "Potatoes", "v": 0.00076486786640540534}]}, {"source": 0, "prod": 21.0, "target": 4, "value": 0.015535961977962707, "supply": [{"l": "Milk - Excluding Butter", "v": 0.015535961977962707}]}, {"source": 14, "prod": 1.0, "target": 4, "value": 0.0039740581484297884, "supply": [{"l": "Beans", "v": 0.0039740581484297884}]}, {"source": 15, "prod": 2.0, "target": 4, "value": 0.0079416792721202674, "supply": [{"l": "Pulses, Other", "v": 0.0079416792721202674}]}, {"source": 16, "prod": 7.0, "target": 4, "value": 0.025318492213494644, "supply": [{"l": "Sorghum", "v": 0.025318492213494644}]}, {"source": 17, "prod": 2.0, "target": 4, "value": 0.0029335480973719514, "supply": [{"l": "Mutton & Goat Meat", "v": 0.0029335480973719514}]}, {"source": 18, "prod": 3.0, "target": 4, "value": 0.0014713151448119384, "supply": [{"l": "Pineapples", "v": 0.0014713151448119384}]}, {"source": 19, "prod": 2.0, "target": 4, "value": 0.0013638607738313256, "supply": [{"l": "Bananas", "v": 0.0013638607738313256}]}, {"source": 20, "prod": 29.0, "target": 4, "value": 0.012218906510962781, "supply": [{"l": "Beverages, Fermented", "v": 0.012218906510962781}]}, {"source": 21, "prod": 11.0, "target": 4, "value": 0.024313913838690922, "supply": [{"l": "Bovine Meat", "v": 0.024313913838690922}]}, {"source": 22, "prod": 1.0, "target": 4, "value": 0.0012003903147570695, "supply": [{"l": "Offals, Edible", "v": 0.0012003903147570695}]}, {"source": 23, "prod": 7.0, "target": 4, "value": 0.0077904800100730334, "supply": [{"l": "Sweet potatoes", "v": 0.0077904800100730334}]}, {"source": 24, "prod": 3.0, "target": 4, "value": 0.001118745239442167, "supply": [{"l": "Oranges, Mandarines", "v": 0.001118745239442167}]}, {"source": 25, "prod": 2.0, "target": 26, "value": 0.013184522327731768, "supply": [{"l": "Cottonseed", "v": 0.013184522327731768}]}, {"source": 2, "prod": 3.0, "target": 26, "value": 0.01168488906012021, "supply": [{"l": "Maize", "v": 0.01168488906012021}]}, {"source": 16, "prod": 3.0, "target": 26, "value": 0.010850782377211989, "supply": [{"l": "Sorghum", "v": 0.010850782377211989}]}, {"source": 27, "prod": 584.0, "target": 26, "value": 0.18852393373332318, "supply": [{"l": "Sugar cane", "v": 0.18852393373332318}]}, {"source": 2, "prod": 6.0, "target": 28, "value": 0.023369778120240419, "supply": [{"l": "Maize", "v": 0.023369778120240419}]}, {"source": 29, "prod": 3.0, "target": 28, "value": 0.0013317404263795641, "supply": [{"l": "Alcohol, Non-Food", "v": 0.0013317404263795641}]}, {"source": 2, "prod": 3.0, "target": 2, "value": 0.01168488906012021, "supply": [{"l": "Maize", "v": 0.01168488906012021}]}, {"source": 2, "prod": 3.0, "target": 30, "value": 0.01168488906012021, "supply": [{"l": "Maize", "v": 0.01168488906012021}]}, {"source": 11, "prod": 2.0, "target": 30, "value": 0.0021149549188505339, "supply": [{"l": "Roots, Other", "v": 0.0021149549188505339}]}, {"source": 0, "prod": 1.0, "target": 30, "value": 0.00073980771323631938, "supply": [{"l": "Milk - Excluding Butter", "v": 0.00073980771323631938}]}, {"source": 23, "prod": 1.0, "target": 30, "value": 0.0011129257157247191, "supply": [{"l": "Sweet potatoes", "v": 0.0011129257157247191}]}, {"source": 9, "prod": 1.0, "target": 30, "value": 0.00018006433334252387, "supply": [{"l": "Grapefruit", "v": 0.00018006433334252387}]}, {"source": 24, "prod": 2.0, "target": 30, "value": 0.00074583015962811135, "supply": [{"l": "Oranges, Mandarines", "v": 0.00074583015962811135}]}, {"source": 16, "prod": 1.0, "target": 30, "value": 0.0036169274590706637, "supply": [{"l": "Sorghum", "v": 0.0036169274590706637}]}, {"source": 31, "prod": 34.0, "target": 3, "value": 0.12234891823657527, "supply": [{"l": "Cereals, Other", "v": 0.12234891823657527}]}, {"source": 31, "prod": 2.0, "target": 26, "value": 0.00093297069418681326, "supply": [{"l": "Beer", "v": 0.00093297069418681326}]}, {"source": 31, "prod": 1.0, "target": 16, "value": 0.0036169274590706637, "supply": [{"l": "Sorghum", "v": 0.0036169274590706637}]}, {"source": 25, "prod": 1.0, "target": 32, "value": 0.0065922611638658838, "supply": [{"l": "Cottonseed", "v": 0.0065922611638658838}]}, {"source": 33, "prod": 3.0, "target": 32, "value": 0.011370580335401788, "supply": [{"l": "Rice", "v": 0.011370580335401788}]}, {"source": 9, "prod": 6.0, "target": 32, "value": 0.0010803860000551434, "supply": [{"l": "Grapefruit", "v": 0.0010803860000551434}]}, {"source": 24, "prod": 11.0, "target": 32, "value": 0.004102065877954612, "supply": [{"l": "Oranges, Mandarines", "v": 0.004102065877954612}]}, {"source": 7, "prod": 66.0, "target": 32, "value": 0.27147983844919971, "supply": [{"l": "Sugar", "v": 0.27147983844919971}]}, {"source": 33, "prod": 1.0, "target": 34, "value": 0.0037901934451339291, "supply": [{"l": "Rice", "v": 0.0037901934451339291}]}, {"source": 1, "prod": 25.0, "target": 0, "value": 0.018495192830907985, "supply": [{"l": "Milk - Excluding Butter", "v": 0.018495192830907985}]}, {"source": 1, "prod": 11.0, "target": 21, "value": 0.024313913838690922, "supply": [{"l": "Bovine Meat", "v": 0.024313913838690922}]}, {"source": 1, "prod": 1.0, "target": 22, "value": 0.0012003903147570695, "supply": [{"l": "Offals, Edible", "v": 0.0012003903147570695}]}, {"source": 1, "prod": 2.0, "target": 17, "value": 0.0029335480973719514, "supply": [{"l": "Mutton & Goat Meat", "v": 0.0029335480973719514}]}, {"source": 26, "prod": 2.0, "target": 8, "value": 0.00093297069418681326, "supply": [{"l": "Beer", "v": 0.00093297069418681326}]}, {"source": 26, "prod": 3.0, "target": 29, "value": 0.0013317404263795641, "supply": [{"l": "Alcohol, Non-Food", "v": 0.0013317404263795641}]}, {"source": 26, "prod": 29.0, "target": 20, "value": 0.012218906510962781, "supply": [{"l": "Beverages, Fermented", "v": 0.012218906510962781}]}, {"source": 26, "prod": 77.0, "target": 7, "value": 0.31672647819073302, "supply": [{"l": "Sugar", "v": 0.31672647819073302}]}, {"source": 35, "prod": 0, "target": 2, "value": 8.5639920790114522e-08, "supply": "[{\"l\":'Energy for power irrigation',\"v\":8.5639920790114522e-08}]"}, {"source": 35, "prod": 0, "target": 11, "value": 3.9149678075480925e-08, "supply": "[{\"l\":'Energy for power irrigation',\"v\":3.9149678075480925e-08}]"}, {"source": 35, "prod": 0, "target": 19, "value": 4.8937097594351157e-09, "supply": "[{\"l\":'Energy for power irrigation',\"v\":4.8937097594351157e-09}]"}, {"source": 35, "prod": 0, "target": 25, "value": 7.3405646391526723e-09, "supply": "[{\"l\":'Energy for power irrigation',\"v\":7.3405646391526723e-09}]"}, {"source": 35, "prod": 0, "target": 13, "value": 2.4468548797175578e-09, "supply": "[{\"l\":'Energy for power irrigation',\"v\":2.4468548797175578e-09}]"}, {"source": 35, "prod": 0, "target": 5, "value": 9.7874195188702314e-09, "supply": "[{\"l\":'Energy for power irrigation',\"v\":9.7874195188702314e-09}]"}, {"source": 35, "prod": 0, "target": 6, "value": 4.8937097594351157e-09, "supply": "[{\"l\":'Energy for power irrigation',\"v\":4.8937097594351157e-09}]"}, {"source": 35, "prod": 0, "target": 23, "value": 1.9574839037740463e-08, "supply": "[{\"l\":'Energy for power irrigation',\"v\":1.9574839037740463e-08}]"}, {"source": 35, "prod": 0, "target": 9, "value": 2.5691976237034353e-08, "supply": "[{\"l\":'Energy for power irrigation',\"v\":2.5691976237034353e-08}]"}, {"source": 35, "prod": 0, "target": 14, "value": 2.4468548797175578e-09, "supply": "[{\"l\":'Energy for power irrigation',\"v\":2.4468548797175578e-09}]"}, {"source": 35, "prod": 0, "target": 15, "value": 4.8937097594351157e-09, "supply": "[{\"l\":'Energy for power irrigation',\"v\":4.8937097594351157e-09}]"}, {"source": 35, "prod": 0, "target": 24, "value": 3.7926250635622145e-08, "supply": "[{\"l\":'Energy for power irrigation',\"v\":3.7926250635622145e-08}]"}, {"source": 35, "prod": 0, "target": 12, "value": 4.8937097594351157e-09, "supply": "[{\"l\":'Energy for power irrigation',\"v\":4.8937097594351157e-09}]"}, {"source": 35, "prod": 0, "target": 33, "value": 9.7874195188702314e-09, "supply": "[{\"l\":'Energy for power irrigation',\"v\":9.7874195188702314e-09}]"}, {"source": 35, "prod": 0, "target": 16, "value": 2.5691976237034353e-08, "supply": "[{\"l\":'Energy for power irrigation',\"v\":2.5691976237034353e-08}]"}, {"source": 35, "prod": 0, "target": 18, "value": 7.3405646391526723e-09, "supply": "[{\"l\":'Energy for power irrigation',\"v\":7.3405646391526723e-09}]"}, {"source": 35, "prod": 0, "target": 10, "value": 6.117137199293894e-09, "supply": "[{\"l\":'Energy for power irrigation',\"v\":6.117137199293894e-09}]"}, {"source": 35, "prod": 0, "target": 27, "value": 1.4289632497550536e-06, "supply": "[{\"l\":'Energy for power irrigation',\"v\":1.4289632497550536e-06}]"}, {"source": 35, "prod": 0, "target": 26, "value": 0.0098965292532812461, "supply": "[{\"l\":'Electricity',\"v\":0.0098965292532812461}]"}, {"source": 36, "prod": 0, "target": 35, "value": 0.018823958201763379, "supply": [{"l": "Coal", "v": 0.0097033203468709847}, {"l": "Natural gas", "v": 0.0030307481206102516}, {"l": "Oil", "v": 0.0060898897342821423}]}, {"source": 37, "prod": 0, "target": 35, "value": 0.0026279560217497546, "supply": [{"l": "Nuclear", "v": 0.00030004793163757899}, {"l": "Hydroelectric", "v": 0.0022980130074010952}, {"l": "Renewable", "v": 2.9895082711080516e-05}]}, {"source": 36, "prod": 0, "target": 2, "value": 0.0073627567806455966, "supply": [{"l": "Motor Gasoline", "v": 0.00077238550853246202}, {"l": "Gas-Diesel oil", "v": 0.0065764939092620139}, {"l": "Coal", "v": 1.3877362851120332e-05}]}, {"source": 36, "prod": 0, "target": 11, "value": 0.0033658316711522728, "supply": [{"l": "Motor Gasoline", "v": 0.00035309051818626833}, {"l": "Gas-Diesel oil", "v": 0.0030063972156626349}, {"l": "Coal", "v": 6.3439373033692952e-06}]}, {"source": 36, "prod": 0, "target": 19, "value": 0.0004207289588940341, "supply": [{"l": "Motor Gasoline", "v": 4.4136314773283541e-05}, {"l": "Gas-Diesel oil", "v": 0.00037579965195782937}, {"l": "Coal", "v": 7.929921629211619e-07}]}, {"source": 36, "prod": 0, "target": 25, "value": 0.00063109343834105117, "supply": [{"l": "Motor Gasoline", "v": 6.6204472159925312e-05}, {"l": "Gas-Diesel oil", "v": 0.00056369947793674408}, {"l": "Coal", "v": 1.1894882443817426e-06}]}, {"source": 36, "prod": 0, "target": 13, "value": 0.00021036447944701705, "supply": [{"l": "Motor Gasoline", "v": 2.2068157386641771e-05}, {"l": "Gas-Diesel oil", "v": 0.00018789982597891468}, {"l": "Coal", "v": 3.9649608146058095e-07}]}, {"source": 36, "prod": 0, "target": 5, "value": 0.00084145791778806819, "supply": [{"l": "Motor Gasoline", "v": 8.8272629546567083e-05}, {"l": "Gas-Diesel oil", "v": 0.00075159930391565874}, {"l": "Coal", "v": 1.5859843258423238e-06}]}, {"source": 36, "prod": 0, "target": 6, "value": 0.0004207289588940341, "supply": [{"l": "Motor Gasoline", "v": 4.4136314773283541e-05}, {"l": "Gas-Diesel oil", "v": 0.00037579965195782937}, {"l": "Coal", "v": 7.929921629211619e-07}]}, {"source": 36, "prod": 0, "target": 23, "value": 0.0016829158355761364, "supply": [{"l": "Motor Gasoline", "v": 0.00017654525909313417}, {"l": "Gas-Diesel oil", "v": 0.0015031986078313175}, {"l": "Coal", "v": 3.1719686516846476e-06}]}, {"source": 36, "prod": 0, "target": 9, "value": 0.0022088270341936792, "supply": [{"l": "Motor Gasoline", "v": 0.0002317156525597386}, {"l": "Gas-Diesel oil", "v": 0.0019729481727786043}, {"l": "Coal", "v": 4.1632088553361e-06}]}, {"source": 36, "prod": 0, "target": 14, "value": 0.00021036447944701705, "supply": [{"l": "Motor Gasoline", "v": 2.2068157386641771e-05}, {"l": "Gas-Diesel oil", "v": 0.00018789982597891468}, {"l": "Coal", "v": 3.9649608146058095e-07}]}, {"source": 36, "prod": 0, "target": 15, "value": 0.0004207289588940341, "supply": [{"l": "Motor Gasoline", "v": 4.4136314773283541e-05}, {"l": "Gas-Diesel oil", "v": 0.00037579965195782937}, {"l": "Coal", "v": 7.929921629211619e-07}]}, {"source": 36, "prod": 0, "target": 24, "value": 0.0032606494314287643, "supply": [{"l": "Motor Gasoline", "v": 0.00034205643949294744}, {"l": "Gas-Diesel oil", "v": 0.0029124473026731776}, {"l": "Coal", "v": 6.1456892626390039e-06}]}, {"source": 36, "prod": 0, "target": 12, "value": 0.0004207289588940341, "supply": [{"l": "Motor Gasoline", "v": 4.4136314773283541e-05}, {"l": "Gas-Diesel oil", "v": 0.00037579965195782937}, {"l": "Coal", "v": 7.929921629211619e-07}]}, {"source": 36, "prod": 0, "target": 33, "value": 0.00084145791778806819, "supply": [{"l": "Motor Gasoline", "v": 8.8272629546567083e-05}, {"l": "Gas-Diesel oil", "v": 0.00075159930391565874}, {"l": "Coal", "v": 1.5859843258423238e-06}]}, {"source": 36, "prod": 0, "target": 16, "value": 0.0022088270341936792, "supply": [{"l": "Motor Gasoline", "v": 0.0002317156525597386}, {"l": "Gas-Diesel oil", "v": 0.0019729481727786043}, {"l": "Coal", "v": 4.1632088553361e-06}]}, {"source": 36, "prod": 0, "target": 18, "value": 0.00063109343834105117, "supply": [{"l": "Motor Gasoline", "v": 6.6204472159925312e-05}, {"l": "Gas-Diesel oil", "v": 0.00056369947793674408}, {"l": "Coal", "v": 1.1894882443817426e-06}]}, {"source": 36, "prod": 0, "target": 10, "value": 0.00052591119861754255, "supply": [{"l": "Motor Gasoline", "v": 5.5170393466604427e-05}, {"l": "Gas-Diesel oil", "v": 0.0004697495649472867}, {"l": "Coal", "v": 9.9124020365145216e-07}]}, {"source": 36, "prod": 0, "target": 27, "value": 0.12285285599705796, "supply": [{"l": "Motor Gasoline", "v": 0.012887803913798795}, {"l": "Gas-Diesel oil", "v": 0.10973349837168618}, {"l": "Coal", "v": 0.00023155371157297926}]}, {"source": 38, "prod": 0.19363762102351315, "target": 2, "value": 0.0019673044429446749, "supply": [{"l": "Potash", "v": 0.00256388889094}, {"l": "Phosphate", "v": 0.005050000004039999}, {"l": "Nitrogen", "v": 0.033025000026419997}]}, {"source": 38, "prod": 0.088520055325034583, "target": 11, "value": 0.00089933917391756565, "supply": [{"l": "Potash", "v": 0.00256388889094}, {"l": "Phosphate", "v": 0.005050000004039999}, {"l": "Nitrogen", "v": 0.033025000026419997}]}, {"source": 38, "prod": 0.011065006915629323, "target": 19, "value": 0.00011241739673969571, "supply": [{"l": "Potash", "v": 0.00256388889094}, {"l": "Phosphate", "v": 0.005050000004039999}, {"l": "Nitrogen", "v": 0.033025000026419997}]}, {"source": 38, "prod": 0.016597510373443983, "target": 25, "value": 0.00016862609510954354, "supply": [{"l": "Potash", "v": 0.00256388889094}, {"l": "Phosphate", "v": 0.005050000004039999}, {"l": "Nitrogen", "v": 0.033025000026419997}]}, {"source": 38, "prod": 0.0055325034578146614, "target": 13, "value": 5.6208698369847853e-05, "supply": [{"l": "Potash", "v": 0.00256388889094}, {"l": "Phosphate", "v": 0.005050000004039999}, {"l": "Nitrogen", "v": 0.033025000026419997}]}, {"source": 38, "prod": 0.022130013831258646, "target": 5, "value": 0.00022483479347939141, "supply": [{"l": "Potash", "v": 0.00256388889094}, {"l": "Phosphate", "v": 0.005050000004039999}, {"l": "Nitrogen", "v": 0.033025000026419997}]}, {"source": 38, "prod": 0.011065006915629323, "target": 6, "value": 0.00011241739673969571, "supply": [{"l": "Potash", "v": 0.00256388889094}, {"l": "Phosphate", "v": 0.005050000004039999}, {"l": "Nitrogen", "v": 0.033025000026419997}]}, {"source": 38, "prod": 0.044260027662517291, "target": 23, "value": 0.00044966958695878283, "supply": [{"l": "Potash", "v": 0.00256388889094}, {"l": "Phosphate", "v": 0.005050000004039999}, {"l": "Nitrogen", "v": 0.033025000026419997}]}, {"source": 38, "prod": 0.058091286307053944, "target": 9, "value": 0.00059019133288340248, "supply": [{"l": "Potash", "v": 0.00256388889094}, {"l": "Phosphate", "v": 0.005050000004039999}, {"l": "Nitrogen", "v": 0.033025000026419997}]}, {"source": 38, "prod": 0.0055325034578146614, "target": 14, "value": 5.6208698369847853e-05, "supply": [{"l": "Potash", "v": 0.00256388889094}, {"l": "Phosphate", "v": 0.005050000004039999}, {"l": "Nitrogen", "v": 0.033025000026419997}]}, {"source": 38, "prod": 0.011065006915629323, "target": 15, "value": 0.00011241739673969571, "supply": [{"l": "Potash", "v": 0.00256388889094}, {"l": "Phosphate", "v": 0.005050000004039999}, {"l": "Nitrogen", "v": 0.033025000026419997}]}, {"source": 38, "prod": 0.085753803596127248, "target": 24, "value": 0.00087123482473264169, "supply": [{"l": "Potash", "v": 0.00256388889094}, {"l": "Phosphate", "v": 0.005050000004039999}, {"l": "Nitrogen", "v": 0.033025000026419997}]}, {"source": 38, "prod": 0.011065006915629323, "target": 12, "value": 0.00011241739673969571, "supply": [{"l": "Potash", "v": 0.00256388889094}, {"l": "Phosphate", "v": 0.005050000004039999}, {"l": "Nitrogen", "v": 0.033025000026419997}]}, {"source": 38, "prod": 0.022130013831258646, "target": 33, "value": 0.00022483479347939141, "supply": [{"l": "Potash", "v": 0.00256388889094}, {"l": "Phosphate", "v": 0.005050000004039999}, {"l": "Nitrogen", "v": 0.033025000026419997}]}, {"source": 38, "prod": 0.058091286307053944, "target": 16, "value": 0.00059019133288340248, "supply": [{"l": "Potash", "v": 0.00256388889094}, {"l": "Phosphate", "v": 0.005050000004039999}, {"l": "Nitrogen", "v": 0.033025000026419997}]}, {"source": 38, "prod": 0.016597510373443983, "target": 18, "value": 0.00016862609510954354, "supply": [{"l": "Potash", "v": 0.00256388889094}, {"l": "Phosphate", "v": 0.005050000004039999}, {"l": "Nitrogen", "v": 0.033025000026419997}]}, {"source": 38, "prod": 0.013831258644536652, "target": 10, "value": 0.00014052174592461963, "supply": [{"l": "Potash", "v": 0.00256388889094}, {"l": "Phosphate", "v": 0.005050000004039999}, {"l": "Nitrogen", "v": 0.033025000026419997}]}, {"source": 38, "prod": 3.2309820193637622, "target": 27, "value": 0.032825879847991145, "supply": [{"l": "Potash", "v": 0.00256388889094}, {"l": "Phosphate", "v": 0.005050000004039999}, {"l": "Nitrogen", "v": 0.033025000026419997}]}, {"source": 36, "prod": 0, "target": 38, "value": 0.050318266689033886, "supply": [{"l": "Natural gas (including LNG)", "v": 0.03358997869571214}, {"l": "Fuel oil", "v": 0.010890419556448061}, {"l": "Liquefied petroleum gas (LPG)", "v": 0.0029189342184368422}, {"l": "Coal", "v": 0.0029189342184368422}]}, {"source": 39, "prod": 0, "target": 2, "value": 0.0020289842108281064, "supply": "[{\"l\":'Labor',\"v\":0.0020289842108281064}]"}, {"source": 39, "prod": 0, "target": 5, "value": 0.00023188390980892647, "supply": "[{\"l\":'Labor',\"v\":0.00023188390980892647}]"}, {"source": 39, "prod": 0, "target": 6, "value": 0.00011594195490446323, "supply": "[{\"l\":'Labor',\"v\":0.00011594195490446323}]"}, {"source": 39, "prod": 0, "target": 9, "value": 0.00060869526324843198, "supply": "[{\"l\":'Labor',\"v\":0.00060869526324843198}]"}, {"source": 39, "prod": 0, "target": 33, "value": 0.00023188390980892647, "supply": "[{\"l\":'Labor',\"v\":0.00023188390980892647}]"}, {"source": 39, "prod": 0, "target": 10, "value": 0.00014492744363057901, "supply": "[{\"l\":'Labor',\"v\":0.00014492744363057901}]"}, {"source": 39, "prod": 0, "target": 3, "value": 0.0009855066166879374, "supply": "[{\"l\":'Labor',\"v\":0.0009855066166879374}]"}, {"source": 39, "prod": 0, "target": 11, "value": 0.00092753563923570587, "supply": "[{\"l\":'Labor',\"v\":0.00092753563923570587}]"}, {"source": 39, "prod": 0, "target": 12, "value": 0.00011594195490446323, "supply": "[{\"l\":'Labor',\"v\":0.00011594195490446323}]"}, {"source": 39, "prod": 0, "target": 27, "value": 0.033855050832103259, "supply": "[{\"l\":'Labor',\"v\":0.033855050832103259}]"}, {"source": 39, "prod": 0, "target": 25, "value": 0.00017391293235669483, "supply": "[{\"l\":'Labor',\"v\":0.00017391293235669483}]"}, {"source": 39, "prod": 0, "target": 13, "value": 5.7970977452231617e-05, "supply": "[{\"l\":'Labor',\"v\":5.7970977452231617e-05}]"}, {"source": 39, "prod": 0, "target": 14, "value": 5.7970977452231617e-05, "supply": "[{\"l\":'Labor',\"v\":5.7970977452231617e-05}]"}, {"source": 39, "prod": 0, "target": 15, "value": 0.00011594195490446323, "supply": "[{\"l\":'Labor',\"v\":0.00011594195490446323}]"}, {"source": 39, "prod": 0, "target": 16, "value": 0.00060869526324843198, "supply": "[{\"l\":'Labor',\"v\":0.00060869526324843198}]"}, {"source": 39, "prod": 0, "target": 18, "value": 0.00017391293235669483, "supply": "[{\"l\":'Labor',\"v\":0.00017391293235669483}]"}, {"source": 39, "prod": 0, "target": 19, "value": 0.00011594195490446323, "supply": "[{\"l\":'Labor',\"v\":0.00011594195490446323}]"}, {"source": 39, "prod": 0, "target": 23, "value": 0.00046376781961785294, "supply": "[{\"l\":'Labor',\"v\":0.00046376781961785294}]"}, {"source": 39, "prod": 0, "target": 24, "value": 0.00089855015050958995, "supply": "[{\"l\":'Labor',\"v\":0.00089855015050958995}]"}, {"source": 36, "prod": 0, "target": 31, "value": 0.2463986737236312, "supply": "[{\"l\":'Fossil Fuels',\"v\":0.2463986737236312}]"}, {"source": 37, "prod": 0, "target": 31, "value": 0.014591718765021539, "supply": "[{\"l\":'Renewables & Nuclear',\"v\":0.007229892265376194},{\"l\":'Biomass & Waste',\"v\":0.0073618264996453452}]"}]}