{"nodes": [{"layer": 13, "name": "Animal Products", "fill": "#17becf"}, {"layer": 10, "name": "Feed", "fill": "#dbdb8d"}, {"layer": 5, "name": "Cereals", "fill": "#e7ba52"}, {"layer": 13, "name": "Other Processed", "fill": "#9c9ede"}, {"layer": 16, "name": "Food", "fill": "#b5cf6b"}, {"layer": 5, "name": "Oilcrops", "fill": "#ff9896"}, {"layer": 13, "name": "Sugar", "fill": "#d6616b"}, {"layer": 5, "name": "Starchy Roots"}, {"layer": 5, "name": "Fruits & Vegetables"}, {"layer": 13, "name": "Vegetable Oils", "fill": "#f7b6d2"}, {"layer": 5, "name": "Sugar Crops", "fill": "#ffbb78"}, {"layer": 10, "name": "Processing", "fill": "#9edae5"}, {"layer": 16, "name": "Biofuels & Other", "fill": "#e7ba52"}, {"name": "Seed", "fill": "#dbdb8d"}, {"name": "Waste", "fill": "#c7c7c7"}, {"layer": 0, "name": "Import", "fill": "#aec7e8"}, {"layer": 16, "name": "Export", "fill": "#aec7e8"}, {"layer": 16, "name": "Stock Deposit", "fill": "#c7c7c7"}, {"layer": 0, "name": "Stock Draw", "fill": "#c7c7c7"}, {"layer": 0, "name": "Production", "fill": "#b5cf6b"}], "links": [{"source": 0, "prod": 0.0029168560095440294, "target": 1, "value": 4.0, "supply": [{"l": "Milk - Excluding Butter", "v": 4.0}]}, {"source": 2, "prod": 0.1021075396867174, "target": 1, "value": 27.0, "supply": [{"l": "Maize", "v": 19.0}, {"l": "Cereals, Other", "v": 8.0}]}, {"source": 3, "prod": 0.035294972343674499, "target": 4, "value": 69.0, "supply": [{"l": "Beer", "v": 6.0}, {"l": "Wine", "v": 1.0}, {"l": "Beverages, Fermented", "v": 61.0}, {"l": "Beverages, Alcoholic", "v": 1.0}]}, {"source": 0, "prod": 0.060981884364281279, "target": 4, "value": 50.0, "supply": [{"l": "Pigmeat", "v": 1.0}, {"l": "Milk - Excluding Butter", "v": 31.0}, {"l": "Bovine Meat", "v": 12.0}, {"l": "Poultry Meat", "v": 1.0}, {"l": "Offals, Edible", "v": 2.0}, {"l": "Mutton & Goat Meat", "v": 3.0}]}, {"source": 2, "prod": 0.26649606489087219, "target": 4, "value": 71.0, "supply": [{"l": "Maize", "v": 42.0}, {"l": "Rice", "v": 1.0}, {"l": "Sorghum", "v": 5.0}, {"l": "Cereals, Other", "v": 23.0}]}, {"source": 5, "prod": 0.0065789926073468643, "target": 4, "value": 1.0, "supply": [{"l": "Groundnuts", "v": 1.0}]}, {"source": 6, "prod": 0.078862015877429026, "target": 4, "value": 19.0, "supply": [{"l": "Sugar", "v": 19.0}]}, {"source": 7, "prod": 0.032490835815323145, "target": 4, "value": 31.0, "supply": [{"l": "Roots, Other", "v": 20.0}, {"l": "Potatoes", "v": 3.0}, {"l": "Sweet potatoes", "v": 8.0}]}, {"source": 8, "prod": 0.024297129828545996, "target": 4, "value": 39.0, "supply": [{"l": "Fruits, Other", "v": 3.0}, {"l": "Grapefruit", "v": 6.0}, {"l": "Beans", "v": 1.0}, {"l": "Pulses, Other", "v": 2.0}, {"l": "Tomatoes", "v": 4.0}, {"l": "Pineapples", "v": 8.0}, {"l": "Bananas", "v": 1.0}, {"l": "Vegetables, Other", "v": 6.0}, {"l": "Oranges, Mandarines", "v": 8.0}]}, {"source": 9, "prod": 0.020595562361642922, "target": 4, "value": 2.0, "supply": [{"l": "Oilcrops Oil, Other", "v": 1.0}, {"l": "Cottonseed Oil", "v": 1.0}]}, {"source": 10, "prod": 0.73014286527060013, "target": 11, "value": 1892.0, "supply": [{"l": "Sugar cane", "v": 1892.0}]}, {"source": 2, "prod": 0.050107708610944136, "target": 11, "value": 13.0, "supply": [{"l": "Maize", "v": 11.0}, {"l": "Sorghum", "v": 2.0}]}, {"source": 5, "prod": 0.039473955644081189, "target": 11, "value": 6.0, "supply": [{"l": "Cottonseed", "v": 6.0}]}, {"source": 3, "prod": 0.0013916845123557189, "target": 12, "value": 2.0, "supply": [{"l": "Alcohol, Non-Food", "v": 2.0}]}, {"source": 2, "prod": 0.038976407215619818, "target": 12, "value": 10.0, "supply": [{"l": "Maize", "v": 10.0}]}, {"source": 6, "prod": 0.012451897243804582, "target": 12, "value": 3.0, "supply": [{"l": "Sugar", "v": 3.0}]}, {"source": 7, "prod": 0.0016674369853551558, "target": 13, "value": 2.0, "supply": [{"l": "Potatoes", "v": 2.0}]}, {"source": 2, "prod": 0.011692922164685949, "target": 13, "value": 3.0, "supply": [{"l": "Maize", "v": 3.0}]}, {"source": 7, "prod": 0.0032222393077458314, "target": 14, "value": 3.0, "supply": [{"l": "Sweet potatoes", "v": 1.0}, {"l": "Roots, Other", "v": 2.0}]}, {"source": 8, "prod": 0.0031234682760800814, "target": 14, "value": 10.0, "supply": [{"l": "Grapefruit", "v": 3.0}, {"l": "Oranges, Mandarines", "v": 5.0}, {"l": "Vegetables, Other", "v": 1.0}, {"l": "Pineapples", "v": 1.0}]}, {"source": 0, "prod": 0.0014584280047720147, "target": 14, "value": 2.0, "supply": [{"l": "Milk - Excluding Butter", "v": 2.0}]}, {"source": 2, "prod": 0.035078766494057841, "target": 14, "value": 9.0, "supply": [{"l": "Maize", "v": 9.0}]}, {"source": 15, "prod": 0.01785380486041355, "target": 11, "value": 9.0, "supply": [{"l": "Beer", "v": 6.0}, {"l": "Beverages, Alcoholic", "v": 1.0}, {"l": "Oilcrops Oil, Other", "v": 1.0}, {"l": "Wine", "v": 1.0}]}, {"source": 15, "prod": 0.12678706984543481, "target": 2, "value": 36.0, "supply": [{"l": "Cereals, Other", "v": 31.0}, {"l": "Sorghum", "v": 5.0}]}, {"source": 15, "prod": 0.0073206998219853573, "target": 1, "value": 6.0, "supply": [{"l": "Milk - Excluding Butter", "v": 4.0}, {"l": "Bovine Meat", "v": 2.0}]}, {"source": 3, "prod": 0.0018245679651280916, "target": 16, "value": 4.0, "supply": [{"l": "Beverages, Fermented", "v": 4.0}]}, {"source": 0, "prod": 0.002201921906220664, "target": 16, "value": 1.0, "supply": [{"l": "Bovine Meat", "v": 1.0}]}, {"source": 2, "prod": 0.0081209014337478274, "target": 16, "value": 2.0, "supply": [{"l": "Rice", "v": 2.0}]}, {"source": 5, "prod": 0.046052948251428048, "target": 16, "value": 7.0, "supply": [{"l": "Cottonseed", "v": 7.0}]}, {"source": 6, "prod": 0.66825181875084594, "target": 16, "value": 161.0, "supply": [{"l": "Sugar", "v": 161.0}]}, {"source": 8, "prod": 0.018841940952155641, "target": 16, "value": 58.0, "supply": [{"l": "Grapefruit", "v": 18.0}, {"l": "Oranges, Mandarines", "v": 32.0}, {"l": "Pineapples", "v": 8.0}]}, {"source": 6, "prod": 0.12451897243804583, "target": 17, "value": 30.0, "supply": [{"l": "Sugar", "v": 30.0}]}, {"source": 8, "prod": 0.0027656907870768081, "target": 17, "value": 10.0, "supply": [{"l": "Grapefruit", "v": 5.0}, {"l": "Oranges, Mandarines", "v": 5.0}]}, {"source": 18, "prod": 0.0025011554780327333, "target": 7, "value": 3.0, "supply": [{"l": "Potatoes", "v": 3.0}]}, {"source": 19, "prod": 0.3857932406512104, "target": 2, "value": 99.0, "supply": [{"l": "Maize", "v": 94.0}, {"l": "Rice", "v": 3.0}, {"l": "Sorghum", "v": 2.0}]}, {"source": 19, "prod": 0.10526388171754983, "target": 5, "value": 16.0, "supply": [{"l": "Cottonseed", "v": 14.0}, {"l": "Groundnuts", "v": 2.0}]}, {"source": 19, "prod": 0.73014286527060013, "target": 10, "value": 1892.0, "supply": [{"l": "Sugar cane", "v": 1892.0}]}, {"source": 19, "prod": 0.034879356630391399, "target": 7, "value": 33.0, "supply": [{"l": "Roots, Other", "v": 22.0}, {"l": "Potatoes", "v": 2.0}, {"l": "Sweet potatoes", "v": 9.0}]}, {"source": 19, "prod": 0.049028229843858531, "target": 8, "value": 117.0, "supply": [{"l": "Fruits, Other", "v": 3.0}, {"l": "Grapefruit", "v": 32.0}, {"l": "Beans", "v": 1.0}, {"l": "Pulses, Other", "v": 2.0}, {"l": "Tomatoes", "v": 4.0}, {"l": "Pineapples", "v": 17.0}, {"l": "Bananas", "v": 1.0}, {"l": "Vegetables, Other", "v": 7.0}, {"l": "Oranges, Mandarines", "v": 50.0}]}, {"source": 1, "prod": 0.067559090284817991, "target": 0, "value": 57.0, "supply": [{"l": "Poultry Meat", "v": 1.0}, {"l": "Pigmeat", "v": 1.0}, {"l": "Bovine Meat", "v": 13.0}, {"l": "Milk - Excluding Butter", "v": 37.0}, {"l": "Offals, Edible", "v": 2.0}, {"l": "Mutton & Goat Meat", "v": 3.0}]}, {"source": 11, "prod": 0.038511224821158312, "target": 3, "value": 75.0, "supply": [{"l": "Beer", "v": 6.0}, {"l": "Beverages, Alcoholic", "v": 1.0}, {"l": "Alcohol, Non-Food", "v": 2.0}, {"l": "Beverages, Fermented", "v": 65.0}, {"l": "Wine", "v": 1.0}]}, {"source": 11, "prod": 0.020595562361642922, "target": 9, "value": 2.0, "supply": [{"l": "Cottonseed Oil", "v": 1.0}, {"l": "Oilcrops Oil, Other", "v": 1.0}]}, {"source": 11, "prod": 0.88408470431012542, "target": 6, "value": 213.0, "supply": [{"l": "Sugar", "v": 213.0}]}]}