{"nodes": [{"layer": 5, "name": "Cereals - Excluding Beer"}, {"layer": 10, "name": "Feed", "fill": "#dbdb8d"}, {"layer": 13, "name": "Animal Fats"}, {"layer": 5, "name": "Sugar Crops", "fill": "#ffbb78"}, {"layer": 5, "name": "Fruits - Excluding Wine"}, {"layer": 13, "name": "Milk - Excluding Butter"}, {"layer": 16, "name": "Food", "fill": "#b5cf6b"}, {"layer": 5, "name": "Oilcrops", "fill": "#ff9896"}, {"layer": 5, "name": "Treenuts"}, {"layer": 5, "name": "Pulses"}, {"layer": 5, "name": "Vegetables"}, {"layer": 13, "name": "Alcoholic Beverages"}, {"layer": 5, "name": "Starchy Roots"}, {"layer": 13, "name": "Fish, Seafood"}, {"layer": 13, "name": "Sugar & Sweeteners"}, {"layer": 5, "name": "Others"}, {"layer": 13, "name": "Vegetable Oils", "fill": "#f7b6d2"}, {"layer": 5, "name": "Stimulants"}, {"layer": 13, "name": "Eggs"}, {"layer": 13, "name": "Meat"}, {"layer": 10, "name": "Processing", "fill": "#9edae5"}, {"layer": 16, "name": "Biofuels & Other", "fill": "#e7ba52"}, {"name": "Seed", "fill": "#dbdb8d"}, {"name": "Waste", "fill": "#c7c7c7"}, {"layer": 0, "name": "Import", "fill": "#aec7e8"}, {"layer": 16, "name": "Export", "fill": "#aec7e8"}, {"layer": 16, "name": "Stock Deposit", "fill": "#c7c7c7"}, {"layer": 0, "name": "Stock Draw", "fill": "#c7c7c7"}, {"layer": 0, "name": "Production", "fill": "#b5cf6b"}], "links": [{"source": 0, "prod": 0.50298923750469748, "target": 1, "value": 128.0, "supply": [{"l": "Maize", "v": 93.0}, {"l": "Sorghum", "v": 35.0}]}, {"source": 2, "prod": 0.0082658740215990102, "target": 1, "value": 1.0, "supply": [{"l": "Fats, Animals, Raw", "v": 1.0}]}, {"source": 3, "prod": 0.039831783409380137, "target": 1, "value": 131.0, "supply": [{"l": "Sugar beet", "v": 2.0}, {"l": "Sugar cane", "v": 129.0}]}, {"source": 4, "prod": 0.002875271124753164, "target": 1, "value": 3.0, "supply": [{"l": "Bananas", "v": 1.0}, {"l": "Plantains", "v": 2.0}]}, {"source": 5, "prod": 0.20805716727691637, "target": 6, "value": 286.0, "supply": [{"l": "Milk - Excluding Butter", "v": 286.0}]}, {"source": 7, "prod": 0.076525731525578899, "target": 6, "value": 36.0, "supply": [{"l": "Coconuts - Incl Copra", "v": 32.0}, {"l": "Sesame seed", "v": 3.0}, {"l": "Soyabeans", "v": 1.0}]}, {"source": 8, "prod": 0.0020214365040714288, "target": 6, "value": 2.0, "supply": [{"l": "Treenuts", "v": 2.0}]}, {"source": 9, "prod": 0.14447559981136007, "target": 6, "value": 37.0, "supply": [{"l": "Beans", "v": 37.0}]}, {"source": 10, "prod": 0.038576399275493958, "target": 6, "value": 144.0, "supply": [{"l": "Tomatoes", "v": 29.0}, {"l": "Vegetables, Other", "v": 103.0}, {"l": "Onions", "v": 12.0}]}, {"source": 11, "prod": 0.066201747041204462, "target": 6, "value": 56.0, "supply": [{"l": "Beer", "v": 42.0}, {"l": "Beverages, Alcoholic", "v": 14.0}]}, {"source": 2, "prod": 0.12398811032398514, "target": 6, "value": 15.0, "supply": [{"l": "Fats, Animals, Raw", "v": 15.0}]}, {"source": 12, "prod": 0.04537258167301475, "target": 6, "value": 47.0, "supply": [{"l": "Potatoes", "v": 26.0}, {"l": "Cassava", "v": 21.0}]}, {"source": 13, "prod": 0.012533912484019671, "target": 6, "value": 20.0, "supply": [{"l": "Crustaceans", "v": 6.0}, {"l": "Marine Fish, Other", "v": 2.0}, {"l": "Freshwater Fish", "v": 1.0}, {"l": "Pelagic Fish", "v": 1.0}, {"l": "Fish, Seafood", "v": 10.0}]}, {"source": 14, "prod": 0.74659522811466772, "target": 6, "value": 181.0, "supply": [{"l": "Sugar", "v": 155.0}, {"l": "Sugar non-centrifugal", "v": 23.0}, {"l": "Sweeteners, Other", "v": 3.0}]}, {"source": 15, "prod": 0.0056906169260562169, "target": 6, "value": 3.0, "supply": [{"l": "Nuts", "v": 2.0}, {"l": "Infant food", "v": 1.0}]}, {"source": 0, "prod": 2.564763423045032, "target": 6, "value": 666.0, "supply": [{"l": "Maize", "v": 412.0}, {"l": "Rice", "v": 38.0}, {"l": "Wheat", "v": 130.0}, {"l": "Sorghum", "v": 82.0}, {"l": "Cereals, Other", "v": 4.0}]}, {"source": 16, "prod": 0.23909034429145987, "target": 6, "value": 23.0, "supply": [{"l": "Soyabean Oil", "v": 3.0}, {"l": "Olive Oil", "v": 1.0}, {"l": "Coconut Oil", "v": 2.0}, {"l": "Cottonseed Oil", "v": 17.0}]}, {"source": 17, "prod": 0.014286113754735577, "target": 6, "value": 11.0, "supply": [{"l": "Coffee", "v": 10.0}, {"l": "Cocoa Beans", "v": 1.0}]}, {"source": 18, "prod": 0.055310404719981235, "target": 6, "value": 36.0, "supply": [{"l": "Eggs", "v": 36.0}]}, {"source": 4, "prod": 0.14095078094432306, "target": 6, "value": 253.0, "supply": [{"l": "Plantains", "v": 35.0}, {"l": "Apples", "v": 2.0}, {"l": "Lemons, Limes", "v": 18.0}, {"l": "Pineapples", "v": 15.0}, {"l": "Bananas", "v": 23.0}, {"l": "Fruits, Other", "v": 60.0}, {"l": "Oranges, Mandarines", "v": 100.0}]}, {"source": 19, "prod": 0.088728788978731488, "target": 6, "value": 60.0, "supply": [{"l": "Pigmeat", "v": 13.0}, {"l": "Bovine Meat", "v": 26.0}, {"l": "Poultry Meat", "v": 16.0}, {"l": "Offals, Edible", "v": 5.0}]}, {"source": 0, "prod": 0.030901782806178196, "target": 20, "value": 8.0, "supply": [{"l": "Barley", "v": 6.0}, {"l": "Rice", "v": 2.0}]}, {"source": 3, "prod": 0.6257038252876439, "target": 20, "value": 2152.0, "supply": [{"l": "Sugar cane", "v": 2152.0}]}, {"source": 7, "prod": 0.40281214666614051, "target": 20, "value": 79.0, "supply": [{"l": "Olives", "v": 3.0}, {"l": "Coconuts - Incl Copra", "v": 15.0}, {"l": "Cottonseed", "v": 61.0}]}, {"source": 12, "prod": 0.0010759258811993088, "target": 21, "value": 1.0, "supply": [{"l": "Cassava", "v": 1.0}]}, {"source": 16, "prod": 0.010319377512497238, "target": 21, "value": 1.0, "supply": [{"l": "Cottonseed Oil", "v": 1.0}]}, {"source": 2, "prod": 0.1735833544535792, "target": 21, "value": 21.0, "supply": [{"l": "Fats, Animals, Raw", "v": 21.0}]}, {"source": 0, "prod": 0.023873283899995643, "target": 22, "value": 6.0, "supply": [{"l": "Maize", "v": 4.0}, {"l": "Rice", "v": 1.0}, {"l": "Sorghum", "v": 1.0}]}, {"source": 18, "prod": 0.0015364001311105899, "target": 18, "value": 1.0, "supply": [{"l": "Eggs", "v": 1.0}]}, {"source": 9, "prod": 0.011714237822542706, "target": 22, "value": 3.0, "supply": [{"l": "Beans", "v": 3.0}]}, {"source": 7, "prod": 0.011840938307530363, "target": 22, "value": 2.0, "supply": [{"l": "Cottonseed", "v": 2.0}]}, {"source": 3, "prod": 0.020643574161441785, "target": 22, "value": 71.0, "supply": [{"l": "Sugar cane", "v": 71.0}]}, {"source": 5, "prod": 0.0072747261285635093, "target": 23, "value": 10.0, "supply": [{"l": "Milk - Excluding Butter", "v": 10.0}]}, {"source": 7, "prod": 0.01481417467056706, "target": 23, "value": 6.0, "supply": [{"l": "Coconuts - Incl Copra", "v": 5.0}, {"l": "Sesame seed", "v": 1.0}]}, {"source": 18, "prod": 0.0015364001311105899, "target": 23, "value": 1.0, "supply": [{"l": "Eggs", "v": 1.0}]}, {"source": 3, "prod": 0.0058150913130821926, "target": 23, "value": 20.0, "supply": [{"l": "Sugar cane", "v": 20.0}]}, {"source": 12, "prod": 0.0030279339996228203, "target": 23, "value": 3.0, "supply": [{"l": "Potatoes", "v": 1.0}, {"l": "Cassava", "v": 2.0}]}, {"source": 9, "prod": 0.0078094918816951388, "target": 23, "value": 2.0, "supply": [{"l": "Beans", "v": 2.0}]}, {"source": 4, "prod": 0.021830874864381927, "target": 23, "value": 40.0, "supply": [{"l": "Lemons, Limes", "v": 2.0}, {"l": "Bananas", "v": 4.0}, {"l": "Fruits, Other", "v": 7.0}, {"l": "Pineapples", "v": 4.0}, {"l": "Oranges, Mandarines", "v": 17.0}, {"l": "Plantains", "v": 6.0}]}, {"source": 0, "prod": 0.14050342219455872, "target": 23, "value": 36.0, "supply": [{"l": "Maize", "v": 27.0}, {"l": "Wheat", "v": 3.0}, {"l": "Sorghum", "v": 6.0}]}, {"source": 17, "prod": 0.0024490480722403852, "target": 23, "value": 4.0, "supply": [{"l": "Coffee", "v": 4.0}]}, {"source": 10, "prod": 0.0042726014733284398, "target": 23, "value": 16.0, "supply": [{"l": "Vegetables, Other", "v": 10.0}, {"l": "Onions", "v": 1.0}, {"l": "Tomatoes", "v": 5.0}]}, {"source": 24, "prod": 0.0033960133268400002, "target": 15, "value": 1.0, "supply": [{"l": "Infant food", "v": 1.0}]}, {"source": 24, "prod": 0.061787381806545021, "target": 1, "value": 79.0, "supply": [{"l": "Crustaceans", "v": 1.0}, {"l": "Milk - Excluding Butter", "v": 69.0}, {"l": "Fish, Seafood", "v": 2.0}, {"l": "Bovine Meat", "v": 6.0}, {"l": "Marine Fish, Other", "v": 1.0}]}, {"source": 24, "prod": 0.62080711773258224, "target": 0, "value": 177.0, "supply": [{"l": "Maize", "v": 27.0}, {"l": "Cereals, Other", "v": 4.0}, {"l": "Rice", "v": 3.0}, {"l": "Wheat", "v": 137.0}, {"l": "Barley", "v": 6.0}]}, {"source": 24, "prod": 0.0039047459408475694, "target": 9, "value": 1.0, "supply": [{"l": "Beans", "v": 1.0}]}, {"source": 24, "prod": 0.4275807104163466, "target": 20, "value": 57.0, "supply": [{"l": "Sugar", "v": 12.0}, {"l": "Fats, Animals, Raw", "v": 32.0}, {"l": "Sweeteners, Other", "v": 3.0}, {"l": "Soyabean Oil", "v": 1.0}, {"l": "Cottonseed Oil", "v": 9.0}]}, {"source": 24, "prod": 0.020793506578626934, "target": 10, "value": 71.0, "supply": [{"l": "Tomatoes", "v": 12.0}, {"l": "Vegetables, Other", "v": 46.0}, {"l": "Onions", "v": 13.0}]}, {"source": 24, "prod": 0.0081634935741346157, "target": 17, "value": 1.0, "supply": [{"l": "Cocoa Beans", "v": 1.0}]}, {"source": 24, "prod": 0.072517318482749851, "target": 4, "value": 89.0, "supply": [{"l": "Fruits, Other", "v": 14.0}, {"l": "Pineapples", "v": 2.0}, {"l": "Apples", "v": 2.0}, {"l": "Lemons, Limes", "v": 1.0}, {"l": "Bananas", "v": 29.0}, {"l": "Oranges, Mandarines", "v": 10.0}, {"l": "Plantains", "v": 31.0}]}, {"source": 24, "prod": 0.0023244444400000001, "target": 3, "value": 2.0, "supply": [{"l": "Sugar beet", "v": 2.0}]}, {"source": 24, "prod": 0.021225817337355971, "target": 12, "value": 24.0, "supply": [{"l": "Potatoes", "v": 23.0}, {"l": "Cassava", "v": 1.0}]}, {"source": 7, "prod": 0.010033750505533276, "target": 25, "value": 3.0, "supply": [{"l": "Coconuts - Incl Copra", "v": 2.0}, {"l": "Sesame seed", "v": 1.0}]}, {"source": 10, "prod": 0.001899867595434965, "target": 25, "value": 8.0, "supply": [{"l": "Vegetables, Other", "v": 8.0}]}, {"source": 5, "prod": 0.0007274726128563508, "target": 25, "value": 1.0, "supply": [{"l": "Milk - Excluding Butter", "v": 1.0}]}, {"source": 13, "prod": 0.0048449305350693889, "target": 25, "value": 10.0, "supply": [{"l": "Fish, Seafood", "v": 5.0}, {"l": "Crustaceans", "v": 5.0}]}, {"source": 14, "prod": 0.24319530101406478, "target": 25, "value": 59.0, "supply": [{"l": "Sugar", "v": 56.0}, {"l": "Honey", "v": 3.0}]}, {"source": 4, "prod": 0.0035772612291151691, "target": 25, "value": 5.0, "supply": [{"l": "Fruits, Other", "v": 5.0}]}, {"source": 0, "prod": 0.0067719615823249634, "target": 25, "value": 2.0, "supply": [{"l": "Wheat", "v": 2.0}]}, {"source": 17, "prod": 0.08755346858259376, "target": 25, "value": 143.0, "supply": [{"l": "Coffee", "v": 143.0}]}, {"source": 19, "prod": 0.0029544071982582419, "target": 25, "value": 2.0, "supply": [{"l": "Bovine Meat", "v": 2.0}]}, {"source": 0, "prod": 0.0033859807911624817, "target": 26, "value": 1.0, "supply": [{"l": "Wheat", "v": 1.0}]}, {"source": 27, "prod": 0.016731870095696072, "target": 1, "value": 23.0, "supply": [{"l": "Milk - Excluding Butter", "v": 23.0}]}, {"source": 7, "prod": 0.01369360212435484, "target": 26, "value": 2.0, "supply": [{"l": "Sesame seed", "v": 2.0}]}, {"source": 17, "prod": 0.011020716325081732, "target": 26, "value": 18.0, "supply": [{"l": "Coffee", "v": 18.0}]}, {"source": 27, "prod": 0.0078094918816951388, "target": 9, "value": 2.0, "supply": [{"l": "Beans", "v": 2.0}]}, {"source": 27, "prod": 0.061595573167753125, "target": 20, "value": 11.0, "supply": [{"l": "Soyabean Oil", "v": 3.0}, {"l": "Beverages, Alcoholic", "v": 4.0}, {"l": "Sugar", "v": 4.0}]}, {"source": 27, "prod": 0.44121754290773257, "target": 0, "value": 110.0, "supply": [{"l": "Maize", "v": 95.0}, {"l": "Rice", "v": 15.0}]}, {"source": 28, "prod": 0.52972034379970478, "target": 7, "value": 128.0, "supply": [{"l": "Olives", "v": 3.0}, {"l": "Coconuts - Incl Copra", "v": 54.0}, {"l": "Sesame seed", "v": 7.0}, {"l": "Cottonseed", "v": 63.0}, {"l": "Soyabeans", "v": 1.0}]}, {"source": 28, "prod": 0.0020214365040714288, "target": 8, "value": 2.0, "supply": [{"l": "Treenuts", "v": 2.0}]}, {"source": 28, "prod": 0.14838034575220763, "target": 9, "value": 38.0, "supply": [{"l": "Beans", "v": 38.0}]}, {"source": 28, "prod": 0.024456741685931611, "target": 10, "value": 98.0, "supply": [{"l": "Tomatoes", "v": 22.0}, {"l": "Vegetables, Other", "v": 75.0}, {"l": "Onions", "v": 1.0}]}, {"source": 28, "prod": 0.689669829731548, "target": 3, "value": 2372.0, "supply": [{"l": "Sugar cane", "v": 2372.0}]}, {"source": 28, "prod": 0.028250624216480908, "target": 12, "value": 27.0, "supply": [{"l": "Potatoes", "v": 4.0}, {"l": "Cassava", "v": 23.0}]}, {"source": 28, "prod": 0.0022946035992162162, "target": 15, "value": 2.0, "supply": [{"l": "Nuts", "v": 2.0}]}, {"source": 28, "prod": 2.2186944833060473, "target": 0, "value": 562.0, "supply": [{"l": "Maize", "v": 414.0}, {"l": "Rice", "v": 24.0}, {"l": "Sorghum", "v": 124.0}]}, {"source": 28, "prod": 0.10714585316051686, "target": 17, "value": 175.0, "supply": [{"l": "Coffee", "v": 175.0}]}, {"source": 28, "prod": 0.098392839579382982, "target": 4, "value": 214.0, "supply": [{"l": "Plantains", "v": 13.0}, {"l": "Lemons, Limes", "v": 20.0}, {"l": "Pineapples", "v": 16.0}, {"l": "Fruits, Other", "v": 58.0}, {"l": "Oranges, Mandarines", "v": 107.0}]}, {"source": 1, "prod": 0.21605936601833622, "target": 5, "value": 297.0, "supply": [{"l": "Milk - Excluding Butter", "v": 297.0}]}, {"source": 1, "prod": 0.056846804851091823, "target": 18, "value": 37.0, "supply": [{"l": "Eggs", "v": 38.0}]}, {"source": 1, "prod": 0.091683196176989723, "target": 19, "value": 62.0, "supply": [{"l": "Poultry Meat", "v": 16.0}, {"l": "Bovine Meat", "v": 28.0}, {"l": "Pigmeat", "v": 13.0}, {"l": "Offals, Edible", "v": 5.0}]}, {"source": 1, "prod": 0.017378843019089062, "target": 13, "value": 30.0, "supply": [{"l": "Crustaceans", "v": 11.0}, {"l": "Freshwater Fish", "v": 1.0}, {"l": "Pelagic Fish", "v": 1.0}, {"l": "Marine Fish, Other", "v": 2.0}, {"l": "Fish, Seafood", "v": 15.0}]}, {"source": 20, "prod": 0.98979052912873255, "target": 14, "value": 240.0, "supply": [{"l": "Honey", "v": 3.0}, {"l": "Sweeteners, Other", "v": 3.0}, {"l": "Sugar non-centrifugal", "v": 23.0}, {"l": "Sugar", "v": 211.0}]}, {"source": 20, "prod": 0.2494097218039571, "target": 16, "value": 24.0, "supply": [{"l": "Olive Oil", "v": 1.0}, {"l": "Cottonseed Oil", "v": 18.0}, {"l": "Coconut Oil", "v": 2.0}, {"l": "Soyabean Oil", "v": 3.0}]}, {"source": 20, "prod": 0.066201747041204462, "target": 11, "value": 56.0, "supply": [{"l": "Beer", "v": 42.0}, {"l": "Beverages, Alcoholic", "v": 14.0}]}, {"source": 20, "prod": 0.30583733879916336, "target": 2, "value": 37.0, "supply": [{"l": "Fats, Animals, Raw", "v": 37.0}]}]}