{"nodes": [{"layer": 5, "name": "Cereals - Excluding Beer"}, {"layer": 10, "name": "Feed", "fill": "#dbdb8d"}, {"layer": 13, "name": "Animal Fats"}, {"layer": 5, "name": "Sugar Crops", "fill": "#ffbb78"}, {"layer": 13, "name": "Fish, Seafood"}, {"layer": 5, "name": "Fruits - Excluding Wine"}, {"layer": 13, "name": "Milk - Excluding Butter"}, {"layer": 16, "name": "Food", "fill": "#b5cf6b"}, {"layer": 13, "name": "Meat"}, {"layer": 5, "name": "Treenuts"}, {"layer": 5, "name": "Vegetables"}, {"layer": 5, "name": "Others"}, {"layer": 13, "name": "Alcoholic Beverages"}, {"layer": 5, "name": "Starchy Roots"}, {"layer": 5, "name": "Pulses"}, {"layer": 13, "name": "Sugar & Sweeteners"}, {"layer": 13, "name": "Vegetable Oils", "fill": "#f7b6d2"}, {"layer": 5, "name": "Stimulants"}, {"layer": 13, "name": "Eggs"}, {"layer": 5, "name": "Oilcrops", "fill": "#ff9896"}, {"layer": 10, "name": "Processing", "fill": "#9edae5"}, {"layer": 16, "name": "Biofuels & Other", "fill": "#e7ba52"}, {"name": "Seed", "fill": "#dbdb8d"}, {"name": "Waste", "fill": "#c7c7c7"}, {"layer": 0, "name": "Import", "fill": "#aec7e8"}, {"layer": 16, "name": "Export", "fill": "#aec7e8"}, {"layer": 16, "name": "Stock Deposit", "fill": "#c7c7c7"}, {"layer": 0, "name": "Stock Draw", "fill": "#c7c7c7"}, {"layer": 0, "name": "Production", "fill": "#b5cf6b"}], "links": [{"source": 0, "prod": 0.26585055321229151, "target": 1, "value": 69.0, "supply": [{"l": "Maize", "v": 22.0}, {"l": "Sorghum", "v": 47.0}]}, {"source": 2, "prod": 0.0083852180909629644, "target": 1, "value": 1.0, "supply": [{"l": "Fats, Animals, Raw", "v": 1.0}]}, {"source": 3, "prod": 0.041705426820842106, "target": 1, "value": 140.0, "supply": [{"l": "Sugar cane", "v": 140.0}]}, {"source": 4, "prod": 0.0015510100365340685, "target": 1, "value": 2.0, "supply": [{"l": "Marine Fish, Other", "v": 1.0}, {"l": "Fish, Seafood", "v": 1.0}]}, {"source": 5, "prod": 0.001788591667783179, "target": 1, "value": 2.0, "supply": [{"l": "Bananas", "v": 1.0}, {"l": "Plantains", "v": 1.0}]}, {"source": 6, "prod": 0.14661963584876619, "target": 7, "value": 202.0, "supply": [{"l": "Milk - Excluding Butter", "v": 202.0}]}, {"source": 8, "prod": 0.059378046592428513, "target": 7, "value": 40.0, "supply": [{"l": "Pigmeat", "v": 11.0}, {"l": "Bovine Meat", "v": 21.0}, {"l": "Poultry Meat", "v": 4.0}, {"l": "Offals, Edible", "v": 4.0}]}, {"source": 9, "prod": 0.0030872848425818182, "target": 7, "value": 2.0, "supply": [{"l": "Treenuts", "v": 2.0}]}, {"source": 10, "prod": 0.03407460932927852, "target": 7, "value": 131.0, "supply": [{"l": "Tomatoes", "v": 17.0}, {"l": "Vegetables, Other", "v": 106.0}, {"l": "Onions", "v": 8.0}]}, {"source": 11, "prod": 0.0037733481409333329, "target": 7, "value": 2.0, "supply": [{"l": "Nuts", "v": 2.0}]}, {"source": 12, "prod": 0.027006316328891271, "target": 7, "value": 21.0, "supply": [{"l": "Beer", "v": 15.0}, {"l": "Beverages, Alcoholic", "v": 6.0}]}, {"source": 2, "prod": 0.050311308545777776, "target": 7, "value": 6.0, "supply": [{"l": "Fats, Animals, Raw", "v": 6.0}]}, {"source": 13, "prod": 0.017258360289897506, "target": 7, "value": 19.0, "supply": [{"l": "Potatoes", "v": 8.0}, {"l": "Cassava", "v": 11.0}]}, {"source": 14, "prod": 0.12589340021695195, "target": 7, "value": 32.0, "supply": [{"l": "Beans", "v": 32.0}]}, {"source": 4, "prod": 0.014193938803892369, "target": 7, "value": 18.0, "supply": [{"l": "Fish, Seafood", "v": 9.0}, {"l": "Freshwater Fish", "v": 1.0}, {"l": "Crustaceans", "v": 3.0}, {"l": "Pelagic Fish", "v": 1.0}, {"l": "Marine Fish, Other", "v": 4.0}]}, {"source": 15, "prod": 0.39125161649358065, "target": 7, "value": 95.0, "supply": [{"l": "Sugar non-centrifugal", "v": 23.0}, {"l": "Sugar", "v": 71.0}, {"l": "Sweeteners, Other", "v": 1.0}]}, {"source": 0, "prod": 1.5313567788603315, "target": 7, "value": 397.0, "supply": [{"l": "Maize", "v": 237.0}, {"l": "Oats", "v": 5.0}, {"l": "Sorghum", "v": 68.0}, {"l": "Cereals, Other", "v": 1.0}, {"l": "Rice", "v": 29.0}, {"l": "Wheat", "v": 57.0}]}, {"source": 16, "prod": 0.16312387669201844, "target": 7, "value": 16.0, "supply": [{"l": "Coconut Oil", "v": 1.0}, {"l": "Cottonseed Oil", "v": 15.0}]}, {"source": 17, "prod": 0.011510119795570897, "target": 7, "value": 8.0, "supply": [{"l": "Coffee", "v": 7.0}, {"l": "Cocoa Beans", "v": 1.0}]}, {"source": 18, "prod": 0.02913404969080894, "target": 7, "value": 19.0, "supply": [{"l": "Eggs", "v": 19.0}]}, {"source": 5, "prod": 0.077055746158079558, "target": 7, "value": 149.0, "supply": [{"l": "Pineapples", "v": 25.0}, {"l": "Lemons, Limes", "v": 13.0}, {"l": "Bananas", "v": 8.0}, {"l": "Fruits, Other", "v": 56.0}, {"l": "Oranges, Mandarines", "v": 35.0}, {"l": "Plantains", "v": 12.0}]}, {"source": 19, "prod": 0.014508284782386078, "target": 7, "value": 9.0, "supply": [{"l": "Coconuts - Incl Copra", "v": 9.0}]}, {"source": 0, "prod": 0.011297672825124609, "target": 20, "value": 3.0, "supply": [{"l": "Barley", "v": 2.0}, {"l": "Rice", "v": 1.0}]}, {"source": 3, "prod": 0.37475304957585265, "target": 20, "value": 1258.0, "supply": [{"l": "Sugar cane", "v": 1258.0}]}, {"source": 19, "prod": 0.15153097439381011, "target": 20, "value": 94.0, "supply": [{"l": "Olives", "v": 2.0}, {"l": "Coconuts - Incl Copra", "v": 10.0}, {"l": "Cottonseed", "v": 80.0}, {"l": "Oilcrops, Other", "v": 2.0}]}, {"source": 13, "prod": 0.0040705639191575341, "target": 21, "value": 4.0, "supply": [{"l": "Cassava", "v": 4.0}]}, {"source": 2, "prod": 0.092237399000592593, "target": 21, "value": 11.0, "supply": [{"l": "Fats, Animals, Raw", "v": 11.0}]}, {"source": 0, "prod": 0.019880850149085773, "target": 22, "value": 5.0, "supply": [{"l": "Maize", "v": 3.0}, {"l": "Rice", "v": 1.0}, {"l": "Sorghum", "v": 1.0}]}, {"source": 14, "prod": 0.0078683375135594966, "target": 22, "value": 2.0, "supply": [{"l": "Beans", "v": 2.0}]}, {"source": 19, "prod": 0.0032240632849746837, "target": 22, "value": 2.0, "supply": [{"l": "Cottonseed", "v": 2.0}]}, {"source": 3, "prod": 0.01310741985797895, "target": 22, "value": 44.0, "supply": [{"l": "Sugar cane", "v": 44.0}]}, {"source": 13, "prod": 0.0010176409797893835, "target": 23, "value": 1.0, "supply": [{"l": "Cassava", "v": 1.0}]}, {"source": 19, "prod": 0.0048360949274620256, "target": 23, "value": 3.0, "supply": [{"l": "Coconuts - Incl Copra", "v": 3.0}]}, {"source": 18, "prod": 0.0015333710363583653, "target": 23, "value": 1.0, "supply": [{"l": "Eggs", "v": 1.0}]}, {"source": 3, "prod": 0.0080431894583052645, "target": 23, "value": 27.0, "supply": [{"l": "Sugar cane", "v": 27.0}]}, {"source": 6, "prod": 0.0058067182514362848, "target": 23, "value": 8.0, "supply": [{"l": "Milk - Excluding Butter", "v": 8.0}]}, {"source": 14, "prod": 0.0078683375135594966, "target": 23, "value": 2.0, "supply": [{"l": "Beans", "v": 2.0}]}, {"source": 5, "prod": 0.012964648281687009, "target": 23, "value": 25.0, "supply": [{"l": "Lemons, Limes", "v": 1.0}, {"l": "Bananas", "v": 2.0}, {"l": "Fruits, Other", "v": 8.0}, {"l": "Pineapples", "v": 6.0}, {"l": "Oranges, Mandarines", "v": 6.0}, {"l": "Plantains", "v": 2.0}]}, {"source": 0, "prod": 0.081971871998984674, "target": 23, "value": 21.0, "supply": [{"l": "Maize", "v": 14.0}, {"l": "Wheat", "v": 1.0}, {"l": "Sorghum", "v": 6.0}]}, {"source": 17, "prod": 0.0019007537277089554, "target": 23, "value": 3.0, "supply": [{"l": "Coffee", "v": 3.0}]}, {"source": 10, "prod": 0.0039335974206019045, "target": 23, "value": 15.0, "supply": [{"l": "Vegetables, Other", "v": 11.0}, {"l": "Onions", "v": 1.0}, {"l": "Tomatoes", "v": 3.0}]}, {"source": 24, "prod": 0.040821416203243727, "target": 1, "value": 54.0, "supply": [{"l": "Crustaceans", "v": 3.0}, {"l": "Milk - Excluding Butter", "v": 44.0}, {"l": "Fish, Seafood", "v": 4.0}, {"l": "Pelagic Fish", "v": 1.0}, {"l": "Bovine Meat", "v": 2.0}]}, {"source": 24, "prod": 0.29282642818986548, "target": 0, "value": 86.0, "supply": [{"l": "Maize", "v": 11.0}, {"l": "Barley", "v": 3.0}, {"l": "Cereals, Other", "v": 1.0}, {"l": "Wheat", "v": 65.0}, {"l": "Oats", "v": 6.0}]}, {"source": 24, "prod": 0.043275856324577235, "target": 14, "value": 11.0, "supply": [{"l": "Beans", "v": 11.0}]}, {"source": 24, "prod": 0.16964282885424409, "target": 20, "value": 21.0, "supply": [{"l": "Sugar", "v": 2.0}, {"l": "Fats, Animals, Raw", "v": 14.0}, {"l": "Sweeteners, Other", "v": 1.0}, {"l": "Cottonseed Oil", "v": 4.0}]}, {"source": 24, "prod": 0.0046603748747281685, "target": 10, "value": 18.0, "supply": [{"l": "Tomatoes", "v": 2.0}, {"l": "Vegetables, Other", "v": 15.0}, {"l": "Onions", "v": 1.0}]}, {"source": 24, "prod": 0.0070750277642500003, "target": 17, "value": 1.0, "supply": [{"l": "Cocoa Beans", "v": 1.0}]}, {"source": 24, "prod": 0.030060011361166872, "target": 5, "value": 39.0, "supply": [{"l": "Fruits, Other", "v": 15.0}, {"l": "Bananas", "v": 10.0}, {"l": "Oranges, Mandarines", "v": 2.0}, {"l": "Plantains", "v": 12.0}]}, {"source": 24, "prod": 0.012896253139898735, "target": 19, "value": 8.0, "supply": [{"l": "Cottonseed", "v": 8.0}]}, {"source": 24, "prod": 0.0086187960533182489, "target": 13, "value": 10.0, "supply": [{"l": "Potatoes", "v": 6.0}, {"l": "Cassava", "v": 4.0}]}, {"source": 6, "prod": 0.0007258397814295356, "target": 25, "value": 1.0, "supply": [{"l": "Milk - Excluding Butter", "v": 1.0}]}, {"source": 19, "prod": 0.013061589718615384, "target": 25, "value": 2.0, "supply": [{"l": "Sesame seed", "v": 2.0}]}, {"source": 10, "prod": 0.00024816122144205642, "target": 25, "value": 1.0, "supply": [{"l": "Vegetables, Other", "v": 1.0}]}, {"source": 13, "prod": 0.00075803868902678576, "target": 25, "value": 1.0, "supply": [{"l": "Potatoes", "v": 1.0}]}, {"source": 4, "prod": 0.0059806394820224457, "target": 25, "value": 10.0, "supply": [{"l": "Fish, Seafood", "v": 5.0}, {"l": "Crustaceans", "v": 5.0}]}, {"source": 15, "prod": 0.27210941327212179, "target": 25, "value": 66.0, "supply": [{"l": "Sugar", "v": 65.0}, {"l": "Honey", "v": 1.0}]}, {"source": 5, "prod": 0.0063523346224235522, "target": 25, "value": 10.0, "supply": [{"l": "Fruits, Other", "v": 10.0}]}, {"source": 0, "prod": 0.067316397700601424, "target": 25, "value": 17.0, "supply": [{"l": "Maize", "v": 1.0}, {"l": "Oats", "v": 1.0}, {"l": "Rice", "v": 12.0}, {"l": "Sorghum", "v": 3.0}]}, {"source": 16, "prod": 0.060782982561015636, "target": 25, "value": 6.0, "supply": [{"l": "Coconut Oil", "v": 1.0}, {"l": "Cottonseed Oil", "v": 4.0}, {"l": "Oilcrops Oil, Other", "v": 1.0}]}, {"source": 17, "prod": 0.072862226228843294, "target": 25, "value": 115.0, "supply": [{"l": "Coffee", "v": 115.0}]}, {"source": 18, "prod": 0.0030667420727167305, "target": 25, "value": 2.0, "supply": [{"l": "Eggs", "v": 2.0}]}, {"source": 0, "prod": 0.083541789016590304, "target": 26, "value": 22.0, "supply": [{"l": "Maize", "v": 13.0}, {"l": "Wheat", "v": 6.0}, {"l": "Sorghum", "v": 3.0}]}, {"source": 27, "prod": 0.11749511026717135, "target": 20, "value": 27.0, "supply": [{"l": "Cottonseed Oil", "v": 1.0}, {"l": "Sugar", "v": 26.0}]}, {"source": 27, "prod": 0.078345139327161917, "target": 0, "value": 19.0, "supply": [{"l": "Rice", "v": 19.0}]}, {"source": 17, "prod": 0.012038106942156717, "target": 26, "value": 19.0, "supply": [{"l": "Coffee", "v": 19.0}]}, {"source": 14, "prod": 0.011802506270339247, "target": 26, "value": 3.0, "supply": [{"l": "Beans", "v": 3.0}]}, {"source": 28, "prod": 0.17426475396734956, "target": 19, "value": 102.0, "supply": [{"l": "Olives", "v": 2.0}, {"l": "Cottonseed", "v": 74.0}, {"l": "Coconuts - Incl Copra", "v": 22.0}, {"l": "Sesame seed", "v": 2.0}, {"l": "Oilcrops, Other", "v": 2.0}]}, {"source": 28, "prod": 0.0030872848425818182, "target": 9, "value": 2.0, "supply": [{"l": "Treenuts", "v": 2.0}]}, {"source": 28, "prod": 0.033455638838422876, "target": 10, "value": 129.0, "supply": [{"l": "Tomatoes", "v": 19.0}, {"l": "Vegetables, Other", "v": 103.0}, {"l": "Onions", "v": 7.0}]}, {"source": 28, "prod": 0.43760908571297902, "target": 3, "value": 1469.0, "supply": [{"l": "Sugar cane", "v": 1469.0}]}, {"source": 28, "prod": 0.015243846513579745, "target": 13, "value": 16.0, "supply": [{"l": "Potatoes", "v": 4.0}, {"l": "Cassava", "v": 12.0}]}, {"source": 28, "prod": 0.10228838767627346, "target": 14, "value": 26.0, "supply": [{"l": "Beans", "v": 26.0}]}, {"source": 28, "prod": 0.0037733481409333329, "target": 11, "value": 2.0, "supply": [{"l": "Nuts", "v": 2.0}]}, {"source": 28, "prod": 1.6970167349149481, "target": 0, "value": 431.0, "supply": [{"l": "Maize", "v": 279.0}, {"l": "Rice", "v": 24.0}, {"l": "Sorghum", "v": 128.0}]}, {"source": 28, "prod": 0.09123617893002986, "target": 17, "value": 144.0, "supply": [{"l": "Coffee", "v": 144.0}]}, {"source": 28, "prod": 0.067635514075873135, "target": 5, "value": 147.0, "supply": [{"l": "Pineapples", "v": 31.0}, {"l": "Fruits, Other", "v": 59.0}, {"l": "Oranges, Mandarines", "v": 40.0}, {"l": "Plantains", "v": 3.0}, {"l": "Lemons, Limes", "v": 14.0}]}, {"source": 1, "prod": 0.15315219388163201, "target": 6, "value": 211.0, "supply": [{"l": "Milk - Excluding Butter", "v": 211.0}]}, {"source": 1, "prod": 0.033734162799884039, "target": 18, "value": 22.0, "supply": [{"l": "Eggs", "v": 22.0}]}, {"source": 1, "prod": 0.059378046592428513, "target": 8, "value": 40.0, "supply": [{"l": "Poultry Meat", "v": 4.0}, {"l": "Bovine Meat", "v": 21.0}, {"l": "Pigmeat", "v": 11.0}, {"l": "Offals, Edible", "v": 4.0}]}, {"source": 1, "prod": 0.021725588322448884, "target": 4, "value": 30.0, "supply": [{"l": "Crustaceans", "v": 8.0}, {"l": "Freshwater Fish", "v": 1.0}, {"l": "Pelagic Fish", "v": 1.0}, {"l": "Marine Fish, Other", "v": 5.0}, {"l": "Fish, Seafood", "v": 15.0}]}, {"source": 20, "prod": 0.66336102976570244, "target": 15, "value": 161.0, "supply": [{"l": "Honey", "v": 1.0}, {"l": "Sweeteners, Other", "v": 1.0}, {"l": "Sugar non-centrifugal", "v": 23.0}, {"l": "Sugar", "v": 136.0}]}, {"source": 20, "prod": 0.22390685925303408, "target": 16, "value": 22.0, "supply": [{"l": "Cottonseed Oil", "v": 19.0}, {"l": "Coconut Oil", "v": 2.0}, {"l": "Oilcrops Oil, Other", "v": 1.0}]}, {"source": 20, "prod": 0.027006316328891271, "target": 12, "value": 21.0, "supply": [{"l": "Beer", "v": 15.0}, {"l": "Beverages, Alcoholic", "v": 6.0}]}, {"source": 20, "prod": 0.15093392563733332, "target": 2, "value": 18.0, "supply": [{"l": "Fats, Animals, Raw", "v": 18.0}]}]}