{"nodes": [{"layer": 13, "name": "Other Processed", "fill": "#9c9ede"}, {"layer": 10, "name": "Feed", "fill": "#dbdb8d"}, {"layer": 13, "name": "Animal Products", "fill": "#17becf"}, {"layer": 5, "name": "Cereals", "fill": "#e7ba52"}, {"layer": 5, "name": "Oilcrops", "fill": "#ff9896"}, {"layer": 5, "name": "Fruits, Roots & Vegetables", "fill": "#98df8a"}, {"layer": 5, "name": "Sugar Crops", "fill": "#ffbb78"}, {"layer": 13, "name": "Sugar", "fill": "#d6616b"}, {"layer": 13, "name": "Aquatic Products", "fill": "#1f77b4"}, {"layer": 16, "name": "Food", "fill": "#b5cf6b"}, {"layer": 13, "name": "Vegetable Oils", "fill": "#f7b6d2"}, {"layer": 10, "name": "Processing", "fill": "#9edae5"}, {"layer": 16, "name": "Biofuels & Other", "fill": "#e7ba52"}, {"name": "Seed", "fill": "#dbdb8d"}, {"name": "Waste", "fill": "#c7c7c7"}, {"layer": 0, "name": "Import", "fill": "#aec7e8"}, {"layer": 16, "name": "Export", "fill": "#aec7e8"}, {"layer": 0, "name": "Stock Draw", "fill": "#c7c7c7"}, {"layer": 16, "name": "Stock Deposit", "fill": "#c7c7c7"}, {"layer": 0, "name": "Production", "fill": "#b5cf6b"}], "links": [{"source": 0, "prod": 0.67435145902775362, "target": 1, "value": 78.0, "supply": [{"l": "Fish, Body Oil", "v": 78.0}]}, {"source": 2, "prod": 8.2728406823910419, "target": 1, "value": 14610.0, "supply": [{"l": "Milk - Excluding Butter", "v": 14607.0}, {"l": "Offals, Edible", "v": 3.0}]}, {"source": 3, "prod": 54.603673732832256, "target": 1, "value": 18605.0, "supply": [{"l": "Maize", "v": 1745.0}, {"l": "Oats", "v": 2930.0}, {"l": "Rye", "v": 2227.0}, {"l": "Barley", "v": 5000.0}, {"l": "Sorghum", "v": 242.0}, {"l": "Cereals, Other", "v": 1651.0}, {"l": "Wheat", "v": 4800.0}, {"l": "Millet", "v": 10.0}]}, {"source": 4, "prod": 0.029152704443236199, "target": 1, "value": 18.0, "supply": [{"l": "Soyabeans", "v": 3.0}, {"l": "Rape and Mustardseed", "v": 15.0}]}, {"source": 5, "prod": 16.319478283080706, "target": 1, "value": 19939.0, "supply": [{"l": "Potatoes", "v": 17362.0}, {"l": "Beans", "v": 29.0}, {"l": "Vegetables, Other", "v": 15.0}, {"l": "Peas", "v": 43.0}, {"l": "Cassava", "v": 2300.0}, {"l": "Pulses, Other", "v": 190.0}]}, {"source": 6, "prod": 0.56170666856884832, "target": 1, "value": 741.0, "supply": [{"l": "Sugar beet", "v": 741.0}]}, {"source": 7, "prod": 0.98481607830145546, "target": 1, "value": 237.0, "supply": [{"l": "Sugar", "v": 237.0}]}, {"source": 8, "prod": 4.3309591403540555, "target": 1, "value": 3746.0, "supply": [{"l": "Fish, Seafood", "v": 1873.0}, {"l": "Pelagic Fish", "v": 1785.0}, {"l": "Crustaceans", "v": 29.0}, {"l": "Demersal Fish", "v": 59.0}]}, {"source": 0, "prod": 18.506027946909445, "target": 9, "value": 11624.0, "supply": [{"l": "Beer", "v": 8862.0}, {"l": "Beverages, Alcoholic", "v": 309.0}, {"l": "Fats, Animals, Raw", "v": 595.0}, {"l": "Butter, Ghee", "v": 707.0}, {"l": "Wine", "v": 986.0}, {"l": "Fish, Liver Oil", "v": 2.0}, {"l": "Cream", "v": 163.0}]}, {"source": 2, "prod": 18.637128481549922, "target": 9, "value": 19675.0, "supply": [{"l": "Pigmeat", "v": 3061.0}, {"l": "Meat, Other", "v": 80.0}, {"l": "Eggs", "v": 1028.0}, {"l": "Mutton & Goat Meat", "v": 38.0}, {"l": "Poultry Meat", "v": 458.0}, {"l": "Milk - Excluding Butter", "v": 13100.0}, {"l": "Offals, Edible", "v": 312.0}, {"l": "Bovine Meat", "v": 1598.0}]}, {"source": 3, "prod": 24.937624897675157, "target": 9, "value": 7910.0, "supply": [{"l": "Maize", "v": 281.0}, {"l": "Rye", "v": 2087.0}, {"l": "Barley", "v": 24.0}, {"l": "Rice", "v": 175.0}, {"l": "Cereals, Other", "v": 133.0}, {"l": "Wheat", "v": 4954.0}, {"l": "Oats", "v": 256.0}]}, {"source": 4, "prod": 0.64001859673761374, "target": 9, "value": 145.0, "supply": [{"l": "Coconuts - Incl Copra", "v": 49.0}, {"l": "Groundnuts", "v": 78.0}, {"l": "Oilcrops, Other", "v": 5.0}, {"l": "Rape and Mustardseed", "v": 13.0}]}, {"source": 5, "prod": 15.492599794623029, "target": 9, "value": 21899.0, "supply": [{"l": "Nuts", "v": 161.0}, {"l": "Citrus, Other", "v": 22.0}, {"l": "Cocoa Beans", "v": 166.0}, {"l": "Tomatoes", "v": 407.0}, {"l": "Coffee", "v": 313.0}, {"l": "Treenuts", "v": 161.0}, {"l": "Vegetables, Other", "v": 3790.0}, {"l": "Peas", "v": 50.0}, {"l": "Infant food", "v": 2.0}, {"l": "Grapes", "v": 463.0}, {"l": "Dates", "v": 20.0}, {"l": "Potatoes", "v": 9201.0}, {"l": "Pimento", "v": 5.0}, {"l": "Pepper", "v": 5.0}, {"l": "Beans", "v": 40.0}, {"l": "Apples", "v": 2322.0}, {"l": "Lemons, Limes", "v": 152.0}, {"l": "Pineapples", "v": 55.0}, {"l": "Bananas", "v": 587.0}, {"l": "Spices, Other", "v": 7.0}, {"l": "Tea", "v": 9.0}, {"l": "Fruits, Other", "v": 2682.0}, {"l": "Grapefruit", "v": 56.0}, {"l": "Oranges, Mandarines", "v": 956.0}, {"l": "Onions", "v": 258.0}, {"l": "Pulses, Other", "v": 9.0}]}, {"source": 6, "prod": 0.032595663628151791, "target": 9, "value": 43.0, "supply": [{"l": "Sugar beet", "v": 43.0}]}, {"source": 7, "prod": 11.615928251657957, "target": 9, "value": 2799.0, "supply": [{"l": "Sugar", "v": 2598.0}, {"l": "Sweeteners, Other", "v": 139.0}, {"l": "Honey", "v": 62.0}]}, {"source": 8, "prod": 1.5277669668283944, "target": 9, "value": 1586.0, "supply": [{"l": "Freshwater Fish", "v": 37.0}, {"l": "Crustaceans", "v": 14.0}, {"l": "Aquatic Products, Other", "v": 1.0}, {"l": "Marine Fish, Other", "v": 2.0}, {"l": "Demersal Fish", "v": 360.0}, {"l": "Pelagic Fish", "v": 376.0}, {"l": "Fish, Seafood", "v": 792.0}, {"l": "Molluscs, Other", "v": 3.0}, {"l": "Aquatic Animals, Others", "v": 1.0}]}, {"source": 10, "prod": 8.8236192461626128, "target": 9, "value": 863.0, "supply": [{"l": "Groundnut Oil", "v": 59.0}, {"l": "Soyabean Oil", "v": 293.0}, {"l": "Palm Oil", "v": 31.0}, {"l": "Sunflowerseed Oil", "v": 164.0}, {"l": "Olive Oil", "v": 4.0}, {"l": "Coconut Oil", "v": 192.0}, {"l": "Rape and Mustard Oil", "v": 5.0}, {"l": "Oilcrops Oil, Other", "v": 79.0}, {"l": "Maize Germ Oil", "v": 8.0}, {"l": "Palmkernel Oil", "v": 28.0}]}, {"source": 0, "prod": 0.10707430254036705, "target": 11, "value": 134.0, "supply": [{"l": "Wine", "v": 134.0}]}, {"source": 3, "prod": 7.3846633947037086, "target": 11, "value": 2638.0, "supply": [{"l": "Maize", "v": 261.0}, {"l": "Wheat", "v": 10.0}, {"l": "Rye", "v": 99.0}, {"l": "Barley", "v": 2263.0}, {"l": "Rice", "v": 5.0}]}, {"source": 4, "prod": 11.182121033194095, "target": 11, "value": 3528.0, "supply": [{"l": "Sunflower seed", "v": 119.0}, {"l": "Coconuts - Incl Copra", "v": 1100.0}, {"l": "Soyabeans", "v": 1588.0}, {"l": "Cottonseed", "v": 4.0}, {"l": "Rape and Mustardseed", "v": 345.0}, {"l": "Palm kernels", "v": 124.0}, {"l": "Oilcrops, Other", "v": 143.0}, {"l": "Oil Palm", "v": 105.00000000000003}]}, {"source": 5, "prod": 1.1276298943800831, "target": 11, "value": 1445.0, "supply": [{"l": "Potatoes", "v": 797.0}, {"l": "Grapes", "v": 648.0}]}, {"source": 6, "prod": 14.054795333245636, "target": 11, "value": 18541.0, "supply": [{"l": "Sugar beet", "v": 18541.0}]}, {"source": 10, "prod": 0.28300111057000005, "target": 11, "value": 34.0, "supply": [{"l": "Oilcrops Oil, Other", "v": 34.0}]}, {"source": 0, "prod": 3.6000137169664574, "target": 12, "value": 549.0, "supply": [{"l": "Alcohol, Non-Food", "v": 123.0}, {"l": "Beer", "v": 35.0}, {"l": "Fats, Animals, Raw", "v": 355.0}, {"l": "Fish, Body Oil", "v": 36.0}]}, {"source": 2, "prod": 0.38965918560928575, "target": 12, "value": 665.0, "supply": [{"l": "Milk - Excluding Butter", "v": 646.0}, {"l": "Offals, Edible", "v": 19.0}]}, {"source": 3, "prod": 0.28361929940976655, "target": 12, "value": 88.0, "supply": [{"l": "Maize", "v": 60.0}, {"l": "Rice", "v": 5.0}, {"l": "Wheat", "v": 23.0}]}, {"source": 4, "prod": 0.014150055528500001, "target": 12, "value": 2.0, "supply": [{"l": "Oilcrops, Other", "v": 2.0}]}, {"source": 5, "prod": 0.2936668501484006, "target": 12, "value": 376.0, "supply": [{"l": "Potatoes", "v": 374.0}, {"l": "Cassava", "v": 2.0}]}, {"source": 7, "prod": 0.07198593408332557, "target": 12, "value": 17.0, "supply": [{"l": "Sugar", "v": 2.0}, {"l": "Sweeteners, Other", "v": 15.0}]}, {"source": 8, "prod": 0.13849470269129796, "target": 12, "value": 160.0, "supply": [{"l": "Fish, Seafood", "v": 80.0}, {"l": "Marine Fish, Other", "v": 40.0}, {"l": "Demersal Fish", "v": 40.0}]}, {"source": 10, "prod": 3.3768600742185932, "target": 12, "value": 368.0, "supply": [{"l": "Coconut Oil", "v": 23.0}, {"l": "Rape and Mustard Oil", "v": 105.0}, {"l": "Cottonseed Oil", "v": 50.0}, {"l": "Oilcrops Oil, Other", "v": 62.0}, {"l": "Soyabean Oil", "v": 2.0}, {"l": "Palm Oil", "v": 84.0}, {"l": "Palmkernel Oil", "v": 42.0}]}, {"source": 5, "prod": 2.4421780496912815, "target": 13, "value": 3031.0, "supply": [{"l": "Potatoes", "v": 3005.0}, {"l": "Peas", "v": 7.0}, {"l": "Beans", "v": 1.0}, {"l": "Pulses, Other", "v": 18.0}]}, {"source": 2, "prod": 0.037439131883301884, "target": 2, "value": 23.0, "supply": [{"l": "Eggs", "v": 23.0}]}, {"source": 3, "prod": 3.5206039404158984, "target": 13, "value": 1189.0, "supply": [{"l": "Maize", "v": 48.0}, {"l": "Wheat", "v": 331.0}, {"l": "Oats", "v": 160.0}, {"l": "Rye", "v": 282.0}, {"l": "Barley", "v": 279.0}, {"l": "Cereals, Other", "v": 89.0}]}, {"source": 4, "prod": 0.0069733333200000004, "target": 13, "value": 6.0, "supply": [{"l": "Rape and Mustardseed", "v": 6.0}]}, {"source": 5, "prod": 1.8756112412960504, "target": 14, "value": 2884.0, "supply": [{"l": "Grapes", "v": 38.0}, {"l": "Potatoes", "v": 1793.0}, {"l": "Nuts", "v": 4.0}, {"l": "Grapefruit", "v": 9.0}, {"l": "Beans", "v": 1.0}, {"l": "Fruits, Other", "v": 202.0}, {"l": "Tomatoes", "v": 52.0}, {"l": "Lemons, Limes", "v": 12.0}, {"l": "Bananas", "v": 35.0}, {"l": "Treenuts", "v": 4.0}, {"l": "Apples", "v": 100.0}, {"l": "Vegetables, Other", "v": 551.0}, {"l": "Peas", "v": 2.0}, {"l": "Oranges, Mandarines", "v": 49.0}, {"l": "Onions", "v": 29.0}, {"l": "Pulses, Other", "v": 3.0}]}, {"source": 0, "prod": 0.01111790077239286, "target": 14, "value": 5.0, "supply": [{"l": "Cream", "v": 5.0}]}, {"source": 2, "prod": 0.14129244231010601, "target": 14, "value": 182.0, "supply": [{"l": "Milk - Excluding Butter", "v": 140.0}, {"l": "Bovine Meat", "v": 16.0}, {"l": "Eggs", "v": 26.0}]}, {"source": 3, "prod": 2.3970780606169075, "target": 14, "value": 814.0, "supply": [{"l": "Maize", "v": 26.0}, {"l": "Oats", "v": 111.0}, {"l": "Rye", "v": 172.0}, {"l": "Barley", "v": 210.0}, {"l": "Rice", "v": 4.0}, {"l": "Cereals, Other", "v": 30.0}, {"l": "Wheat", "v": 261.0}]}, {"source": 4, "prod": 0.48937362984324739, "target": 14, "value": 164.0, "supply": [{"l": "Soyabeans", "v": 95.0}, {"l": "Sunflower seed", "v": 2.0}, {"l": "Coconuts - Incl Copra", "v": 56.0}, {"l": "Rape and Mustardseed", "v": 8.0}, {"l": "Oilcrops, Other", "v": 3.0}]}, {"source": 15, "prod": 7.1704929758818921, "target": 1, "value": 7091.0, "supply": [{"l": "Freshwater Fish", "v": 11.0}, {"l": "Pigmeat", "v": 99.0}, {"l": "Meat, Other", "v": 27.0}, {"l": "Crustaceans", "v": 4.0}, {"l": "Demersal Fish", "v": 79.0}, {"l": "Mutton & Goat Meat", "v": 11.0}, {"l": "Poultry Meat", "v": 216.0}, {"l": "Milk - Excluding Butter", "v": 2196.0}, {"l": "Pelagic Fish", "v": 2007.0}, {"l": "Fish, Seafood", "v": 2103.0}, {"l": "Molluscs, Other", "v": 2.0}, {"l": "Offals, Edible", "v": 39.0}, {"l": "Bovine Meat", "v": 179.0}, {"l": "Eggs", "v": 118.0}]}, {"source": 15, "prod": 11.879057014298679, "target": 11, "value": 2208.0, "supply": [{"l": "Sugar", "v": 537.0}, {"l": "Beer", "v": 55.0}, {"l": "Groundnut Oil", "v": 64.0}, {"l": "Beverages, Alcoholic", "v": 24.0}, {"l": "Fats, Animals, Raw", "v": 126.0}, {"l": "Soyabean Oil", "v": 42.0}, {"l": "Butter, Ghee", "v": 12.0}, {"l": "Palm Oil", "v": 169.0}, {"l": "Sunflowerseed Oil", "v": 151.0}, {"l": "Olive Oil", "v": 4.0}, {"l": "Coconut Oil", "v": 45.0}, {"l": "Rape and Mustard Oil", "v": 24.0}, {"l": "Oilcrops Oil, Other", "v": 85.0}, {"l": "Wine", "v": 615.0}, {"l": "Sweeteners, Other", "v": 25.0}, {"l": "Fish, Body Oil", "v": 113.0}, {"l": "Fish, Liver Oil", "v": 1.0}, {"l": "Honey", "v": 48.0}, {"l": "Cottonseed Oil", "v": 50.0}, {"l": "Palmkernel Oil", "v": 16.0}, {"l": "Cream", "v": 2.0}]}, {"source": 15, "prod": 27.662105075432155, "target": 3, "value": 9069.0, "supply": [{"l": "Maize", "v": 2794.0}, {"l": "Rye", "v": 153.0}, {"l": "Barley", "v": 1893.0}, {"l": "Rice", "v": 223.0}, {"l": "Cereals, Other", "v": 125.0}, {"l": "Wheat", "v": 3036.0}, {"l": "Oats", "v": 563.0}, {"l": "Sorghum", "v": 270.0}, {"l": "Millet", "v": 12.0}]}, {"source": 15, "prod": 8.6990524657168269, "target": 5, "value": 10059.0, "supply": [{"l": "Nuts", "v": 153.0}, {"l": "Citrus, Other", "v": 22.0}, {"l": "Cocoa Beans", "v": 207.0}, {"l": "Tomatoes", "v": 401.0}, {"l": "Coffee", "v": 321.0}, {"l": "Treenuts", "v": 153.0}, {"l": "Apples", "v": 779.0}, {"l": "Vegetables, Other", "v": 1033.0}, {"l": "Peas", "v": 52.0}, {"l": "Grapes", "v": 501.0}, {"l": "Dates", "v": 20.0}, {"l": "Potatoes", "v": 827.0}, {"l": "Pimento", "v": 5.0}, {"l": "Pepper", "v": 5.0}, {"l": "Beans", "v": 65.0}, {"l": "Pulses, Other", "v": 28.0}, {"l": "Lemons, Limes", "v": 163.0}, {"l": "Pineapples", "v": 55.0}, {"l": "Bananas", "v": 626.0}, {"l": "Infant food", "v": 5.0}, {"l": "Spices, Other", "v": 8.0}, {"l": "Tea", "v": 9.0}, {"l": "Fruits, Other", "v": 1030.0}, {"l": "Grapefruit", "v": 65.0}, {"l": "Oranges, Mandarines", "v": 1015.0}, {"l": "Onions", "v": 206.0}, {"l": "Cassava", "v": 2305.0}]}, {"source": 15, "prod": 11.755131027810449, "target": 4, "value": 3519.0, "supply": [{"l": "Sunflower seed", "v": 123.0}, {"l": "Coconuts - Incl Copra", "v": 1206.0}, {"l": "Cottonseed", "v": 4.0}, {"l": "Groundnuts", "v": 81.0}, {"l": "Oilcrops, Other", "v": 149.0}, {"l": "Soyabeans", "v": 1727.0}, {"l": "Rape and Mustardseed", "v": 105.0}, {"l": "Palm kernels", "v": 124.0}]}, {"source": 15, "prod": 0.0075803868902678583, "target": 6, "value": 10.0, "supply": [{"l": "Sugar beet", "v": 10.0}]}, {"source": 0, "prod": 1.2198726199802696, "target": 16, "value": 278.0, "supply": [{"l": "Alcohol, Non-Food", "v": 3.0}, {"l": "Beer", "v": 127.0}, {"l": "Beverages, Alcoholic", "v": 3.0}, {"l": "Fats, Animals, Raw", "v": 98.0}, {"l": "Butter, Ghee", "v": 11.0}, {"l": "Wine", "v": 19.0}, {"l": "Fish, Body Oil", "v": 16.0}, {"l": "Fish, Liver Oil", "v": 1.0}]}, {"source": 2, "prod": 0.8406629956663062, "target": 16, "value": 1275.0, "supply": [{"l": "Meat, Other", "v": 4.0}, {"l": "Eggs", "v": 6.0}, {"l": "Pigmeat", "v": 68.0}, {"l": "Milk - Excluding Butter", "v": 1184.0}, {"l": "Bovine Meat", "v": 7.0}, {"l": "Poultry Meat", "v": 1.0}, {"l": "Offals, Edible", "v": 5.0}]}, {"source": 3, "prod": 4.6613904314034293, "target": 16, "value": 1540.0, "supply": [{"l": "Maize", "v": 322.0}, {"l": "Rye", "v": 18.0}, {"l": "Barley", "v": 423.0}, {"l": "Rice", "v": 16.0}, {"l": "Cereals, Other", "v": 10.0}, {"l": "Wheat", "v": 666.0}, {"l": "Oats", "v": 55.0}, {"l": "Sorghum", "v": 28.0}, {"l": "Millet", "v": 2.0}]}, {"source": 4, "prod": 0.059531596116376789, "target": 16, "value": 32.0, "supply": [{"l": "Coconuts - Incl Copra", "v": 1.0}, {"l": "Groundnuts", "v": 3.0}, {"l": "Soyabeans", "v": 2.0}, {"l": "Rape and Mustardseed", "v": 26.0}]}, {"source": 5, "prod": 0.3849399277853392, "target": 16, "value": 189.0, "supply": [{"l": "Vegetables, Other", "v": 31.0}, {"l": "Nuts", "v": 2.0}, {"l": "Tomatoes", "v": 1.0}, {"l": "Coffee", "v": 7.0}, {"l": "Treenuts", "v": 2.0}, {"l": "Peas", "v": 4.0}, {"l": "Grapes", "v": 1.0}, {"l": "Cocoa Beans", "v": 40.0}, {"l": "Potatoes", "v": 39.0}, {"l": "Beans", "v": 2.0}, {"l": "Apples", "v": 16.0}, {"l": "Bananas", "v": 4.0}, {"l": "Spices, Other", "v": 1.0}, {"l": "Fruits, Other", "v": 27.0}, {"l": "Infant food", "v": 3.0}, {"l": "Oranges, Mandarines", "v": 5.0}, {"l": "Pulses, Other", "v": 1.0}, {"l": "Cassava", "v": 3.0}]}, {"source": 7, "prod": 1.0161453369195255, "target": 16, "value": 244.0, "supply": [{"l": "Sugar", "v": 219.0}, {"l": "Sweeteners, Other", "v": 25.0}]}, {"source": 8, "prod": 0.43121744184024552, "target": 16, "value": 476.0, "supply": [{"l": "Freshwater Fish", "v": 1.0}, {"l": "Crustaceans", "v": 1.0}, {"l": "Demersal Fish", "v": 146.0}, {"l": "Fish, Seafood", "v": 238.0}, {"l": "Pelagic Fish", "v": 79.0}, {"l": "Molluscs, Other", "v": 11.0}]}, {"source": 10, "prod": 1.6934728978949385, "target": 16, "value": 178.0, "supply": [{"l": "Groundnut Oil", "v": 5.0}, {"l": "Soyabean Oil", "v": 21.0}, {"l": "Palm Oil", "v": 75.0}, {"l": "Sunflowerseed Oil", "v": 10.0}, {"l": "Coconut Oil", "v": 3.0}, {"l": "Rape and Mustard Oil", "v": 37.0}, {"l": "Oilcrops Oil, Other", "v": 25.0}, {"l": "Palmkernel Oil", "v": 2.0}]}, {"source": 17, "prod": 0.064044366255768204, "target": 5, "value": 82.0, "supply": [{"l": "Potatoes", "v": 82.0}]}, {"source": 10, "prod": 0.36603256848251892, "target": 18, "value": 39.0, "supply": [{"l": "Rape and Mustard Oil", "v": 12.0}, {"l": "Sunflowerseed Oil", "v": 27.0}]}, {"source": 3, "prod": 0.85529865000324734, "target": 18, "value": 290.0, "supply": [{"l": "Maize", "v": 179.0}, {"l": "Oats", "v": 94.0}, {"l": "Rice", "v": 17.0}]}, {"source": 5, "prod": 0.04934053583640062, "target": 18, "value": 89.0, "supply": [{"l": "Fruits, Other", "v": 41.0}, {"l": "Oranges, Mandarines", "v": 5.0}, {"l": "Apples", "v": 43.0}]}, {"source": 4, "prod": 0.24626922838237536, "target": 18, "value": 57.0, "supply": [{"l": "Sunflower seed", "v": 2.0}, {"l": "Soyabeans", "v": 40.0}, {"l": "Rape and Mustardseed", "v": 5.0}, {"l": "Oilcrops, Other", "v": 10.0}]}, {"source": 17, "prod": 0.46392956929308221, "target": 11, "value": 76.0, "supply": [{"l": "Soyabean Oil", "v": 2.0}, {"l": "Sugar", "v": 53.0}, {"l": "Palm Oil", "v": 21.0}]}, {"source": 7, "prod": 0.00424501665855, "target": 18, "value": 1.0, "supply": [{"l": "Sweeteners, Other", "v": 1.0}]}, {"source": 17, "prod": 9.9039431375722184, "target": 3, "value": 3260.0, "supply": [{"l": "Wheat", "v": 1954.0}, {"l": "Rye", "v": 394.0}, {"l": "Barley", "v": 912.0}]}, {"source": 19, "prod": 61.067963627168979, "target": 3, "value": 20742.0, "supply": [{"l": "Maize", "v": 128.0}, {"l": "Rye", "v": 4338.0}, {"l": "Barley", "v": 5395.0}, {"l": "Cereals, Other", "v": 1784.0}, {"l": "Wheat", "v": 6054.0}, {"l": "Oats", "v": 3043.0}]}, {"source": 19, "prod": 0.90855269270725025, "target": 4, "value": 432.0, "supply": [{"l": "Oilcrops, Other", "v": 14.0}, {"l": "Rape and Mustardseed", "v": 313.0}, {"l": "Oil Palm", "v": 105.00000000000003}]}, {"source": 19, "prod": 29.222883955922374, "target": 5, "value": 39710.0, "supply": [{"l": "Nuts", "v": 13.0}, {"l": "Tomatoes", "v": 59.0}, {"l": "Treenuts", "v": 13.0}, {"l": "Vegetables, Other", "v": 3354.0}, {"l": "Peas", "v": 55.0}, {"l": "Grapes", "v": 649.0}, {"l": "Potatoes", "v": 31663.0}, {"l": "Beans", "v": 8.0}, {"l": "Apples", "v": 1702.0}, {"l": "Fruits, Other", "v": 1922.0}, {"l": "Onions", "v": 80.0}, {"l": "Pulses, Other", "v": 192.0}]}, {"source": 19, "prod": 14.642275317241394, "target": 6, "value": 19316.0, "supply": [{"l": "Sugar beet", "v": 19316.0}]}, {"source": 1, "prod": 6.4284382517139935, "target": 8, "value": 5968.0, "supply": [{"l": "Pelagic Fish", "v": 2240.0}, {"l": "Crustaceans", "v": 44.0}, {"l": "Freshwater Fish", "v": 38.0}, {"l": "Molluscs, Other", "v": 14.0}, {"l": "Aquatic Animals, Others", "v": 1.0}, {"l": "Demersal Fish", "v": 605.0}, {"l": "Aquatic Products, Other", "v": 1.0}, {"l": "Fish, Seafood", "v": 2983.0}, {"l": "Marine Fish, Other", "v": 42.0}]}, {"source": 1, "prod": 28.281583787526664, "target": 2, "value": 36407.0, "supply": [{"l": "Poultry Meat", "v": 459.0}, {"l": "Pigmeat", "v": 3129.0}, {"l": "Bovine Meat", "v": 1621.0}, {"l": "Eggs", "v": 1083.0}, {"l": "Milk - Excluding Butter", "v": 29677.0}, {"l": "Offals, Edible", "v": 339.0}, {"l": "Meat, Other", "v": 84.0}, {"l": "Mutton & Goat Meat", "v": 38.0}]}, {"source": 11, "prod": 24.118457946196688, "target": 0, "value": 12668.0, "supply": [{"l": "Fats, Animals, Raw", "v": 1048.0}, {"l": "Alcohol, Non-Food", "v": 126.0}, {"l": "Fish, Body Oil", "v": 130.0}, {"l": "Beer", "v": 9024.0}, {"l": "Beverages, Alcoholic", "v": 312.0}, {"l": "Fish, Liver Oil", "v": 3.0}, {"l": "Cream", "v": 168.0}, {"l": "Butter, Ghee", "v": 718.0}, {"l": "Wine", "v": 1139.0}]}, {"source": 11, "prod": 14.542985897328663, "target": 10, "value": 1482.0, "supply": [{"l": "Olive Oil", "v": 4.0}, {"l": "Soyabean Oil", "v": 316.0}, {"l": "Coconut Oil", "v": 218.0}, {"l": "Cottonseed Oil", "v": 50.0}, {"l": "Rape and Mustard Oil", "v": 159.0}, {"l": "Maize Germ Oil", "v": 8.0}, {"l": "Groundnut Oil", "v": 64.0}, {"l": "Palm Oil", "v": 190.0}, {"l": "Palmkernel Oil", "v": 72.0}, {"l": "Oilcrops Oil, Other", "v": 200.0}, {"l": "Sunflowerseed Oil", "v": 201.0}]}, {"source": 11, "prod": 13.693120617620812, "target": 7, "value": 3298.0, "supply": [{"l": "Honey", "v": 62.0}, {"l": "Sweeteners, Other", "v": 180.0}, {"l": "Sugar", "v": 3056.0}]}]}