{"nodes": [{"layer": 13, "name": "Other Processed", "fill": "#9c9ede"}, {"layer": 10, "name": "Feed", "fill": "#dbdb8d"}, {"layer": 13, "name": "Animal Products", "fill": "#17becf"}, {"layer": 5, "name": "Cereals", "fill": "#e7ba52"}, {"layer": 5, "name": "Oilcrops", "fill": "#ff9896"}, {"layer": 5, "name": "Fruits, Roots & Vegetables", "fill": "#98df8a"}, {"layer": 5, "name": "Sugar Crops", "fill": "#ffbb78"}, {"layer": 13, "name": "Sugar", "fill": "#d6616b"}, {"layer": 13, "name": "Aquatic Products", "fill": "#1f77b4"}, {"layer": 16, "name": "Food", "fill": "#b5cf6b"}, {"layer": 13, "name": "Vegetable Oils", "fill": "#f7b6d2"}, {"layer": 10, "name": "Processing", "fill": "#9edae5"}, {"layer": 16, "name": "Biofuels & Other", "fill": "#e7ba52"}, {"name": "Waste", "fill": "#c7c7c7"}, {"layer": 2, "name": "Import", "fill": "#aec7e8"}, {"layer": 16, "name": "Export", "fill": "#aec7e8"}, {"layer": 0, "name": "Stock Draw", "fill": "#c7c7c7"}, {"layer": 16, "name": "Stock Deposit", "fill": "#c7c7c7"}, {"name": "Crop Residue", "fill": "#bd9e39"}, {"layer": 2, "name": "Electricity", "fill": "#bcbd22"}, {"layer": 0, "name": "Fossil Fuels", "fill": "#c49c94"}, {"layer": 0, "name": "Renewables & Nuclear", "fill": "#2ca02c"}, {"layer": 2, "name": "Fertilizers", "fill": "#c5b0d5"}, {"layer": 0, "name": "Labor", "fill": "#7f7f7f"}], "links": [{"source": 0, "prod": 97.0, "target": 1, "value": 0.81017863881126162, "supply": [{"l": "Fish, Body Oil", "v": 0.81017863881126162}]}, {"source": 2, "prod": 13823.0, "target": 1, "value": 7.9123090643926899, "supply": [{"l": "Milk - Excluding Butter", "v": 7.9085908016260769}, {"l": "Offals, Edible", "v": 0.0037182627666131392}]}, {"source": 3, "prod": 19736.0, "target": 1, "value": 60.242893637090496, "supply": [{"l": "Maize", "v": 5.6777586865324974}, {"l": "Oats", "v": 8.0696003573075092}, {"l": "Rye", "v": 7.701331495176964}, {"l": "Barley", "v": 16.405356686580923}, {"l": "Rice", "v": 0.0043473062165873501}, {"l": "Sorghum", "v": 0.5362793236669372}, {"l": "Cereals, Other", "v": 6.0405439749366892}, {"l": "Wheat", "v": 15.772921284321683}, {"l": "Millet", "v": 0.034754522350701755}]}, {"source": 4, "prod": 22.0, "target": 1, "value": 0.033452802515401787, "supply": [{"l": "Soyabeans", "v": 0.011370580335401788}, {"l": "Rape and Mustardseed", "v": 0.02208222218}]}, {"source": 5, "prod": 19000.0, "target": 1, "value": 15.499461739828241, "supply": [{"l": "Potatoes", "v": 13.255708694144612}, {"l": "Beans", "v": 0.06414691839586667}, {"l": "Vegetables, Other", "v": 0.0034247191959626577}, {"l": "Peas", "v": 0.169800666342}, {"l": "Cassava", "v": 1.3435050635300687}, {"l": "Pulses, Other", "v": 0.66287567821973081}]}, {"source": 6, "prod": 1071.0, "target": 1, "value": 0.73329239375920163, "supply": [{"l": "Sugar beet", "v": 0.73329239375920163}]}, {"source": 7, "prod": 303.0, "target": 1, "value": 1.2569893519297073, "supply": [{"l": "Sugar", "v": 1.2569893519297073}]}, {"source": 8, "prod": 4544.0, "target": 1, "value": 5.164451236268806, "supply": [{"l": "Fish, Seafood", "v": 2.0615947073344687}, {"l": "Pelagic Fish", "v": 3.0605874203775247}, {"l": "Crustaceans", "v": 0.01551063779085577}, {"l": "Demersal Fish", "v": 0.026758470765957196}]}, {"source": 0, "prod": 11749.0, "target": 9, "value": 18.879509374819637, "supply": [{"l": "Beer", "v": 5.0932579883153668}, {"l": "Beverages, Alcoholic", "v": 1.1229538101042531}, {"l": "Fats, Animals, Raw", "v": 5.4889335035924667}, {"l": "Butter, Ghee", "v": 6.0136971128258594}, {"l": "Wine", "v": 0.79346852554167535}, {"l": "Fish, Liver Oil", "v": 0.0023244444400000001}, {"l": "Cream", "v": 0.36487399000001863}]}, {"source": 2, "prod": 20264.0, "target": 9, "value": 19.348793785048471, "supply": [{"l": "Pigmeat", "v": 6.4828479403822756}, {"l": "Meat, Other", "v": 0.13223414723978763}, {"l": "Eggs", "v": 1.7531794676517389}, {"l": "Mutton & Goat Meat", "v": 0.10006110695153574}, {"l": "Poultry Meat", "v": 0.7933043870181975}, {"l": "Milk - Excluding Butter", "v": 7.7060118476625732}, {"l": "Offals, Edible", "v": 0.39661469510540148}, {"l": "Bovine Meat", "v": 1.9845401930369613}]}, {"source": 3, "prod": 7694.0, "target": 9, "value": 24.205105163484763, "supply": [{"l": "Maize", "v": 0.52896428777507831}, {"l": "Rye", "v": 6.315592318749915}, {"l": "Barley", "v": 0.097961922889615388}, {"l": "Rice", "v": 0.56080250193976811}, {"l": "Cereals, Other", "v": 0.49563437743070277}, {"l": "Wheat", "v": 15.643583329790244}, {"l": "Oats", "v": 0.56256642490943776}]}, {"source": 4, "prod": 161.0, "target": 9, "value": 0.75764278274683139, "supply": [{"l": "Olives", "v": 0.0060643095122142861}, {"l": "Coconuts - Incl Copra", "v": 0.066940647307903847}, {"l": "Groundnuts", "v": 0.62950490936546333}, {"l": "Oilcrops, Other", "v": 0.035375138821250006}, {"l": "Rape and Mustardseed", "v": 0.019757777740000003}]}, {"source": 5, "prod": 22438.0, "target": 9, "value": 15.532566780733664, "supply": [{"l": "Nuts", "v": 0.52942976992787694}, {"l": "Citrus, Other", "v": 0.012784444420000001}, {"l": "Cocoa Beans", "v": 1.0895542756945}, {"l": "Tomatoes", "v": 0.099204193650896749}, {"l": "Coffee", "v": 0.16520278935666877}, {"l": "Treenuts", "v": 0.52942976992787694}, {"l": "Vegetables, Other", "v": 0.95918481480769513}, {"l": "Peas", "v": 0.19681440871459097}, {"l": "Infant food", "v": 0.0023244444400000001}, {"l": "Grapes", "v": 0.3637972117833238}, {"l": "Dates", "v": 0.032461892094794123}, {"l": "Potatoes", "v": 7.276604325515148}, {"l": "Pimento", "v": 0.030321547561071433}, {"l": "Pepper", "v": 0.033016796233166675}, {"l": "Beans", "v": 0.13206718493266664}, {"l": "Apples", "v": 1.6866594633046161}, {"l": "Lemons, Limes", "v": 0.032971003173203881}, {"l": "Pineapples", "v": 0.066292040969136989}, {"l": "Bananas", "v": 0.42962016562677724}, {"l": "Spices, Other", "v": 0.033016796233166675}, {"l": "Tea", "v": 0.010459999980000001}, {"l": "Fruits, Other", "v": 1.2564812803739001}, {"l": "Grapefruit", "v": 0.032935474074956901}, {"l": "Oranges, Mandarines", "v": 0.3637791689716498}, {"l": "Onions", "v": 0.13223414723978763}, {"l": "Pulses, Other", "v": 0.035919371726192306}]}, {"source": 6, "prod": 48.0, "target": 9, "value": 0.03286464509845162, "supply": [{"l": "Sugar beet", "v": 0.03286464509845162}]}, {"source": 7, "prod": 2746.0, "target": 9, "value": 11.345738096699401, "supply": [{"l": "Sugar", "v": 10.516396063174282}, {"l": "Sweeteners, Other", "v": 0.59708594967801643}, {"l": "Honey", "v": 0.23225608384710345}]}, {"source": 8, "prod": 1678.0, "target": 9, "value": 1.5397954784153058, "supply": [{"l": "Freshwater Fish", "v": 0.032920537352020406}, {"l": "Crustaceans", "v": 0.0097961922889615374}, {"l": "Aquatic Products, Other", "v": 0.000886860983497615}, {"l": "Marine Fish, Other", "v": 0.0038300902182406022}, {"l": "Demersal Fish", "v": 0.19870642179905254}, {"l": "Pelagic Fish", "v": 0.52888732139311467}, {"l": "Fish, Seafood", "v": 0.76039452673692109}, {"l": "Molluscs, Other", "v": 0.0034866666600000002}, {"l": "Aquatic Animals, Others", "v": 0.000886860983497615}]}, {"source": 10, "prod": 881.0, "target": 9, "value": 9.0434580421044224, "supply": [{"l": "Groundnut Oil", "v": 0.49878945737962505}, {"l": "Soyabean Oil", "v": 2.7096932682720358}, {"l": "Palm Oil", "v": 0.33131837335024383}, {"l": "Sunflowerseed Oil", "v": 1.5560321828302177}, {"l": "Olive Oil", "v": 0.010325716196472974}, {"l": "Coconut Oil", "v": 2.1234841951735173}, {"l": "Rape and Mustard Oil", "v": 1.1909467425504414}, {"l": "Oilcrops Oil, Other", "v": 0.32802401452431823}, {"l": "Maize Germ Oil", "v": 0.095512874817374999}, {"l": "Palmkernel Oil", "v": 0.19933121701017392}]}, {"source": 0, "prod": 156.0, "target": 11, "value": 0.1246536656440094, "supply": [{"l": "Wine", "v": 0.1246536656440094}]}, {"source": 3, "prod": 2936.0, "target": 11, "value": 9.548558402515674, "supply": [{"l": "Maize", "v": 0.81379121196165893}, {"l": "Wheat", "v": 0.044164179596100715}, {"l": "Rye", "v": 0.19081284370665916}, {"l": "Barley", "v": 8.4737063299517317}, {"l": "Rice", "v": 0.026083837299524095}]}, {"source": 4, "prod": 3811.439024390244, "target": 11, "value": 11.431742363446046, "supply": [{"l": "Sunflower seed", "v": 0.64261959497724375}, {"l": "Coconuts - Incl Copra", "v": 2.2335318418832308}, {"l": "Soyabeans", "v": 6.2386584106904479}, {"l": "Rape and Mustardseed", "v": 0.45326666580000002}, {"l": "Palm kernels", "v": 0.45245665360642673}, {"l": "Oilcrops, Other", "v": 0.97635383146650001}, {"l": "Oil Palm", "v": 0.43485536502219579}]}, {"source": 5, "prod": 1548.0, "target": 11, "value": 1.2133107563676631, "supply": [{"l": "Potatoes", "v": 0.57233471655894963}, {"l": "Grapes", "v": 0.64097603980871343}]}, {"source": 6, "prod": 19653.0, "target": 11, "value": 13.456018127497284, "supply": [{"l": "Sugar beet", "v": 13.456018127497284}]}, {"source": 10, "prod": 32.0, "target": 11, "value": 0.30872848425818183, "supply": [{"l": "Oilcrops Oil, Other", "v": 0.30872848425818183}]}, {"source": 0, "prod": 551.0, "target": 12, "value": 3.8096875770533889, "supply": [{"l": "Alcohol, Non-Food", "v": 0.089494939436724708}, {"l": "Beer", "v": 0.018228862054142907}, {"l": "Fats, Animals, Raw", "v": 3.4179836341235226}, {"l": "Fish, Body Oil", "v": 0.28398014143899891}]}, {"source": 2, "prod": 622.0, "target": 12, "value": 0.3686199275783611, "supply": [{"l": "Milk - Excluding Butter", "v": 0.34507093005647788}, {"l": "Offals, Edible", "v": 0.023548997521883216}]}, {"source": 3, "prod": 113.0, "target": 12, "value": 0.35856910348413096, "supply": [{"l": "Maize", "v": 0.18779797199115209}, {"l": "Rice", "v": 0.013041918649762048}, {"l": "Wheat", "v": 0.15772921284321684}]}, {"source": 4, "prod": 1.0, "target": 12, "value": 0.0070750277642500003, "supply": [{"l": "Oilcrops, Other", "v": 0.0070750277642500003}]}, {"source": 5, "prod": 378.0, "target": 12, "value": 0.29474458155215666, "supply": [{"l": "Potatoes", "v": 0.29240533884142528}, {"l": "Cassava", "v": 0.0023392427107314022}]}, {"source": 7, "prod": 18.0, "target": 12, "value": 0.075103778963071369, "supply": [{"l": "Sugar", "v": 0.0082969594186779357}, {"l": "Sweeteners, Other", "v": 0.066806819544393437}]}, {"source": 8, "prod": 200.0, "target": 12, "value": 0.16108171662546092, "supply": [{"l": "Fish, Seafood", "v": 0.090739203667890345}, {"l": "Marine Fish, Other", "v": 0.043088514955206776}, {"l": "Demersal Fish", "v": 0.027253998002363816}]}, {"source": 10, "prod": 348.0, "target": 12, "value": 3.5149331975116085, "supply": [{"l": "Coconut Oil", "v": 0.54128028504422998}, {"l": "Rape and Mustard Oil", "v": 0.10539351703986208}, {"l": "Cottonseed Oil", "v": 0.46898537335477541}, {"l": "Oilcrops Oil, Other", "v": 1.0998452251697728}, {"l": "Soyabean Oil", "v": 0.010421897185661676}, {"l": "Palm Oil", "v": 0.69369784420207314}, {"l": "Palmkernel Oil", "v": 0.23255308651186957}, {"l": "Sunflowerseed Oil", "v": 0.3627559690033636}]}, {"source": 5, "prod": 2879.0, "target": 5, "value": 2.3006541535209535, "supply": [{"l": "Potatoes", "v": 2.2285185557567821}, {"l": "Peas", "v": 0.023154636319363639}, {"l": "Pulses, Other", "v": 0.048980961444807694}]}, {"source": 2, "prod": 24.0, "target": 2, "value": 0.039471207526868425, "supply": [{"l": "Eggs", "v": 0.039471207526868425}]}, {"source": 3, "prod": 1209.0, "target": 3, "value": 3.7277885228812013, "supply": [{"l": "Maize", "v": 0.15336834379277417}, {"l": "Wheat", "v": 1.0883315686181962}, {"l": "Oats", "v": 0.3665904162319697}, {"l": "Rye", "v": 0.87273415400258858}, {"l": "Barley", "v": 0.9404344597403077}, {"l": "Cereals, Other", "v": 0.30632958049536485}]}, {"source": 4, "prod": 7.0, "target": 4, "value": 0.0081355555400000005, "supply": [{"l": "Rape and Mustardseed", "v": 0.0081355555400000005}]}, {"source": 5, "prod": 3216.0, "target": 13, "value": 2.0832130769764503, "supply": [{"l": "Grapes", "v": 0.031497594093794275}, {"l": "Potatoes", "v": 1.557935645347114}, {"l": "Nuts", "v": 0.013932362366523079}, {"l": "Grapefruit", "v": 0.00073189942388793099}, {"l": "Beans", "v": 0.0037733481409333329}, {"l": "Fruits, Other", "v": 0.11374087969438415}, {"l": "Tomatoes", "v": 0.012688908490230981}, {"l": "Lemons, Limes", "v": 0.00020606876983252426}, {"l": "Bananas", "v": 0.039779644965442333}, {"l": "Treenuts", "v": 0.013932362366523079}, {"l": "Apples", "v": 0.092494228632833797}, {"l": "Vegetables, Other", "v": 0.16702092078771735}, {"l": "Peas", "v": 0.007718212106454546}, {"l": "Oranges, Mandarines", "v": 0.0034390887822950082}, {"l": "Onions", "v": 0.014525720719522123}, {"l": "Pulses, Other", "v": 0.0097961922889615374}]}, {"source": 0, "prod": 5.0, "target": 13, "value": 0.010859344940476745, "supply": [{"l": "Cream", "v": 0.010859344940476745}]}, {"source": 2, "prod": 192.0, "target": 13, "value": 0.150958438602079, "supply": [{"l": "Milk - Excluding Butter", "v": 0.084121769018743381}, {"l": "Bovine Meat", "v": 0.020786927468655785}, {"l": "Eggs", "v": 0.046049742114679833}]}, {"source": 3, "prod": 932.0, "target": 13, "value": 2.8684477672893505, "supply": [{"l": "Maize", "v": 0.093898985995576043}, {"l": "Oats", "v": 0.28820001276098245}, {"l": "Rye", "v": 0.59746316636019492}, {"l": "Barley", "v": 0.81961475484311552}, {"l": "Rice", "v": 0.013041918649762048}, {"l": "Cereals, Other", "v": 0.10669906736355406}, {"l": "Wheat", "v": 0.94952986131616546}]}, {"source": 4, "prod": 31.0, "target": 13, "value": 0.089345128384217307, "supply": [{"l": "Soyabeans", "v": 0.030321547561071433}, {"l": "Sunflower seed", "v": 0.013114685611780488}, {"l": "Coconuts - Incl Copra", "v": 0.013061589718615384}, {"l": "Rape and Mustardseed", "v": 0.011622222200000001}, {"l": "Oilcrops, Other", "v": 0.02122508329275}]}, {"source": 14, "prod": 2259.0, "target": 11, "value": 12.433739628874095, "supply": [{"l": "Alcohol, Non-Food", "v": 0.0055934337147952942}, {"l": "Sugar", "v": 2.6218391763022275}, {"l": "Beer", "v": 0.031330856655558126}, {"l": "Groundnut Oil", "v": 0.54123962396512504}, {"l": "Beverages, Alcoholic", "v": 0.072337515374813852}, {"l": "Fats, Animals, Raw", "v": 1.1362733797086242}, {"l": "Soyabean Oil", "v": 0.37518829868382036}, {"l": "Butter, Ghee", "v": 0.091875928112617286}, {"l": "Palm Oil", "v": 1.6669455659184143}, {"l": "Sunflowerseed Oil", "v": 1.832872264438048}, {"l": "Olive Oil", "v": 0.020651432392945947}, {"l": "Coconut Oil", "v": 0.52046181254252877}, {"l": "Rape and Mustard Oil", "v": 0.2951018477116138}, {"l": "Oilcrops Oil, Other", "v": 1.0226631041052274}, {"l": "Wine", "v": 0.43309158191700708}, {"l": "Sweeteners, Other", "v": 0.08350852443049181}, {"l": "Fish, Body Oil", "v": 1.1025111373514076}, {"l": "Fish, Liver Oil", "v": 0.0011622222200000001}, {"l": "Honey", "v": 0.16394547095089657}, {"l": "Cottonseed Oil", "v": 0.30223501838418865}, {"l": "Palmkernel Oil", "v": 0.11073956500565219}, {"l": "Cream", "v": 0.002171868988095349}]}, {"source": 14, "prod": 8866.0, "target": 3, "value": 27.92733265939923, "supply": [{"l": "Maize", "v": 8.9078838047803135}, {"l": "Rye", "v": 0.41916264027364464}, {"l": "Barley", "v": 6.3871173724029235}, {"l": "Rice", "v": 0.68252707600421392}, {"l": "Cereals, Other", "v": 0.092931445768256765}, {"l": "Wheat", "v": 9.7981387018206298}, {"l": "Oats", "v": 1.0398256460416246}, {"l": "Sorghum", "v": 0.5615159977218519}, {"l": "Millet", "v": 0.038229974585771931}]}, {"source": 14, "prod": 3115.0, "target": 4, "value": 10.600656610990553, "supply": [{"l": "Olives", "v": 0.0060643095122142861}, {"l": "Sunflower seed", "v": 0.67540630900669507}, {"l": "Coconuts - Incl Copra", "v": 1.6229025225379619}, {"l": "Groundnuts", "v": 0.64261959497724375}, {"l": "Oilcrops, Other", "v": 0.89145349829550002}, {"l": "Soyabeans", "v": 6.2121270565745101}, {"l": "Rape and Mustardseed", "v": 0.097626666479999999}, {"l": "Palm kernels", "v": 0.45245665360642673}]}, {"source": 14, "prod": 7658.0, "target": 1, "value": 7.9292418039259935, "supply": [{"l": "Freshwater Fish", "v": 0.0095296292334795911}, {"l": "Pigmeat", "v": 0.20188799814339264}, {"l": "Meat, Other", "v": 0.052593126743097358}, {"l": "Crustaceans", "v": 0.0040817467870673078}, {"l": "Demersal Fish", "v": 0.036173488257682879}, {"l": "Mutton & Goat Meat", "v": 0.033353702317178574}, {"l": "Poultry Meat", "v": 0.34879436239041406}, {"l": "Milk - Excluding Butter", "v": 1.0809933447374573}, {"l": "Pelagic Fish", "v": 3.4099314142450816}, {"l": "Fish, Seafood", "v": 2.3056831652010938}, {"l": "Molluscs, Other", "v": 0.0023244444400000001}, {"l": "Offals, Edible", "v": 0.044619153199357671}, {"l": "Bovine Meat", "v": 0.22987896259454629}, {"l": "Eggs", "v": 0.16939726563614366}]}, {"source": 14, "prod": 9615.0, "target": 5, "value": 8.0953473949037633, "supply": [{"l": "Nuts", "v": 0.52942976992787694}, {"l": "Citrus, Other", "v": 0.012784444420000001}, {"l": "Cocoa Beans", "v": 1.3737858258756739}, {"l": "Tomatoes", "v": 0.099434901077991869}, {"l": "Coffee", "v": 0.17054915794426326}, {"l": "Treenuts", "v": 0.52942976992787694}, {"l": "Apples", "v": 0.60244903997214749}, {"l": "Vegetables, Other", "v": 0.27687537499667336}, {"l": "Peas", "v": 0.18523709055490911}, {"l": "Grapes", "v": 0.39214504646773868}, {"l": "Dates", "v": 0.032461892094794123}, {"l": "Potatoes", "v": 0.61833982320333403}, {"l": "Pimento", "v": 0.036385857073285718}, {"l": "Pepper", "v": 0.033016796233166675}, {"l": "Beans", "v": 0.169800666342}, {"l": "Pulses, Other", "v": 0.10775811517857693}, {"l": "Lemons, Limes", "v": 0.033383140712868936}, {"l": "Pineapples", "v": 0.06745505923175342}, {"l": "Bananas", "v": 0.47301614195271435}, {"l": "Infant food", "v": 0.0081355555400000005}, {"l": "Spices, Other", "v": 0.037733481409333337}, {"l": "Tea", "v": 0.010459999980000001}, {"l": "Fruits, Other", "v": 0.44193070964588843}, {"l": "Grapefruit", "v": 0.034765222634676726}, {"l": "Oranges, Mandarines", "v": 0.36721825775394484}, {"l": "Onions", "v": 0.10318270580074337}, {"l": "Cassava", "v": 1.3481835489515313}]}, {"source": 0, "prod": 333.0, "target": 15, "value": 1.4826986073824822, "supply": [{"l": "Alcohol, Non-Food", "v": 0.015981239185129413}, {"l": "Beer", "v": 0.075763707912531467}, {"l": "Beverages, Alcoholic", "v": 0.013778574357107401}, {"l": "Fats, Animals, Raw", "v": 1.0721289147250728}, {"l": "Butter, Ghee", "v": 0.14199007071949946}, {"l": "Wine", "v": 0.017579363103642352}, {"l": "Fish, Body Oil", "v": 0.14199007071949946}, {"l": "Fish, Liver Oil", "v": 0.0034866666600000002}]}, {"source": 2, "prod": 1905.0, "target": 15, "value": 1.2030259508876533, "supply": [{"l": "Meat, Other", "v": 0.0030053215281769918}, {"l": "Eggs", "v": 0.011512435528669958}, {"l": "Mutton & Goat Meat", "v": 0.0030321547561071431}, {"l": "Pigmeat", "v": 0.11623854438558973}, {"l": "Milk - Excluding Butter", "v": 1.0369295609657347}, {"l": "Bovine Meat", "v": 0.022009687907988476}, {"l": "Poultry Meat", "v": 0.0016222993599554142}, {"l": "Offals, Edible", "v": 0.0086759464554306571}]}, {"source": 3, "prod": 1219.0, "target": 15, "value": 3.8497839530632869, "supply": [{"l": "Maize", "v": 0.9577696571548755}, {"l": "Rye", "v": 0.02815271464524479}, {"l": "Barley", "v": 0.50940199902600003}, {"l": "Rice", "v": 0.091293430548334345}, {"l": "Cereals, Other", "v": 0.020651432392945947}, {"l": "Wheat", "v": 2.1261897891265629}, {"l": "Oats", "v": 0.087612803879338674}, {"l": "Sorghum", "v": 0.025236674054914695}, {"l": "Millet", "v": 0.0034754522350701755}]}, {"source": 4, "prod": 32.0, "target": 15, "value": 0.054225456115235021, "supply": [{"l": "Coconuts - Incl Copra", "v": 0.001632698714826923}, {"l": "Groundnuts", "v": 0.0065573428058902442}, {"l": "Oilcrops, Other", "v": 0.0070750277642500003}, {"l": "Soyabeans", "v": 0.0075803868902678583}, {"l": "Rape and Mustardseed", "v": 0.03137999994}]}, {"source": 5, "prod": 273.0, "target": 15, "value": 0.50013092728833364, "supply": [{"l": "Pulses, Other", "v": 0.029388576866884616}, {"l": "Nuts", "v": 0.027864724733046159}, {"l": "Cocoa Beans", "v": 0.27746413231971734}, {"l": "Tomatoes", "v": 0.00023070742709510871}, {"l": "Coffee", "v": 0.005346368587594459}, {"l": "Treenuts", "v": 0.027864724733046159}, {"l": "Vegetables, Other", "v": 0.011327917340491869}, {"l": "Peas", "v": 0.011577318159681819}, {"l": "Grapes", "v": 0.00078743985234485682}, {"l": "Potatoes", "v": 0.054582329917066054}, {"l": "Beans", "v": 0.0037733481409333329}, {"l": "Apples", "v": 0.017311754022188142}, {"l": "Bananas", "v": 0.0036163313604947577}, {"l": "Spices, Other", "v": 0.0047166851761666672}, {"l": "Fruits, Other", "v": 0.014217609961798019}, {"l": "Infant food", "v": 0.0058111111000000003}, {"l": "Oranges, Mandarines", "v": 0.0019106048790527824}, {"l": "Cassava", "v": 0.0023392427107314022}]}, {"source": 7, "prod": 216.0, "target": 15, "value": 0.8967722265340432, "supply": [{"l": "Sugar", "v": 0.7882111447744039}, {"l": "Sweeteners, Other", "v": 0.10856108175963934}]}, {"source": 8, "prod": 566.0, "target": 15, "value": 0.51283479093034345, "supply": [{"l": "Freshwater Fish", "v": 0.00086632993031632646}, {"l": "Crustaceans", "v": 0.00081634935741346152}, {"l": "Demersal Fish", "v": 0.074329085460992206}, {"l": "Fish, Seafood", "v": 0.2567919463801297}, {"l": "Pelagic Fish", "v": 0.16840885760149182}, {"l": "Molluscs, Other", "v": 0.011622222200000001}]}, {"source": 10, "prod": 229.0, "target": 15, "value": 2.3372571393408168, "supply": [{"l": "Groundnut Oil", "v": 0.0424501665855}, {"l": "Soyabean Oil", "v": 0.35434450431249703}, {"l": "Palm Oil", "v": 0.85935703087719517}, {"l": "Sunflowerseed Oil", "v": 0.2577476621866005}, {"l": "Olive Oil", "v": 0.010325716196472974}, {"l": "Coconut Oil", "v": 0.093683126257655194}, {"l": "Rape and Mustard Oil", "v": 0.33725925452755862}, {"l": "Oilcrops Oil, Other", "v": 0.32802401452431823}, {"l": "Cottonseed Oil", "v": 0.020843794371323353}, {"l": "Palmkernel Oil", "v": 0.033221869501695651}]}, {"source": 16, "prod": 64.0, "target": 5, "value": 0.036862229368472915, "supply": [{"l": "Fruits, Other", "v": 0.03495162448942013}, {"l": "Oranges, Mandarines", "v": 0.0019106048790527824}]}, {"source": 10, "prod": 65.0, "target": 17, "value": 0.67522300969416571, "supply": [{"l": "Rape and Mustard Oil", "v": 0.27402314430364139}, {"l": "Soyabean Oil", "v": 0.34392260712683531}, {"l": "Sunflowerseed Oil", "v": 0.057277258263688999}]}, {"source": 3, "prod": 891.0, "target": 17, "value": 2.8254155875847546, "supply": [{"l": "Maize", "v": 1.1142679671475022}, {"l": "Rye", "v": 0.81642872471209882}, {"l": "Barley", "v": 0.89471889572515384}]}, {"source": 5, "prod": 4105.0, "target": 17, "value": 3.1093661036268401, "supply": [{"l": "Potatoes", "v": 2.9513445533727856}, {"l": "Grapefruit", "v": 0.00073189942388793099}, {"l": "Apples", "v": 0.15728965083016655}]}, {"source": 16, "prod": 454.0, "target": 4, "value": 0.83881840163179389, "supply": [{"l": "Soyabeans", "v": 0.075803868902678581}, {"l": "Coconuts - Incl Copra", "v": 0.69226425508661538}, {"l": "Oilcrops, Other", "v": 0.070750277642500012}]}, {"source": 4, "prod": 18.0, "target": 17, "value": 0.037105361717670732, "supply": [{"l": "Sunflower seed", "v": 0.019672028417670729}, {"l": "Rape and Mustardseed", "v": 0.017433333299999999}]}, {"source": 16, "prod": 40.0, "target": 11, "value": 0.40919725807453233, "supply": [{"l": "Cottonseed Oil", "v": 0.18759414934191018}, {"l": "Sweeteners, Other", "v": 0.0041754262215245898}, {"l": "Palm Oil", "v": 0.21742768251109756}]}, {"source": 7, "prod": 215.0, "target": 17, "value": 0.89192313750787799, "supply": [{"l": "Sugar", "v": 0.89192313750787799}]}, {"source": 16, "prod": 483.0, "target": 3, "value": 1.4920760368096893, "supply": [{"l": "Oats", "v": 0.11758560520648084}, {"l": "Cereals, Other", "v": 0.068838107976486498}, {"l": "Rice", "v": 0.021736531082936751}, {"l": "Wheat", "v": 1.2839157925437852}]}, {"source": 1, "prod": 6988.0, "target": 8, "value": 7.3781632222399161, "supply": [{"l": "Pelagic Fish", "v": 3.7578835993721316}, {"l": "Crustaceans", "v": 0.026123179437230769}, {"l": "Freshwater Fish", "v": 0.033786867282336736}, {"l": "Molluscs, Other", "v": 0.015108888860000001}, {"l": "Aquatic Animals, Others", "v": 0.000886860983497615}, {"l": "Demersal Fish", "v": 0.32704797602836577}, {"l": "Aquatic Products, Other", "v": 0.000886860983497615}, {"l": "Fish, Seafood", "v": 3.1695203841194095}, {"l": "Marine Fish, Other", "v": 0.046918605173447377}]}, {"source": 1, "prod": 36806.0, "target": 2, "value": 28.983707166509255, "supply": [{"l": "Poultry Meat", "v": 0.79492668637815289}, {"l": "Pigmeat", "v": 6.5990864847678656}, {"l": "Bovine Meat", "v": 2.0273368084136054}, {"l": "Eggs", "v": 1.8502128528219572}, {"l": "Milk - Excluding Butter", "v": 17.080724909329604}, {"l": "Offals, Edible", "v": 0.43255790184932852}, {"l": "Meat, Other", "v": 0.13523946876796461}, {"l": "Mutton & Goat Meat", "v": 0.10309326170764288}]}, {"source": 11, "prod": 12891.0, "target": 0, "value": 25.117587208651255, "supply": [{"l": "Fats, Animals, Raw", "v": 9.9790460524410634}, {"l": "Alcohol, Non-Food", "v": 0.10547617862185413}, {"l": "Fish, Body Oil", "v": 1.23614885096976}, {"l": "Beer", "v": 5.1872505582820416}, {"l": "Beverages, Alcoholic", "v": 1.1367323844613606}, {"l": "Fish, Liver Oil", "v": 0.0058111111000000003}, {"l": "Cream", "v": 0.37573333494049538}, {"l": "Butter, Ghee", "v": 6.1556871835453588}, {"l": "Wine", "v": 0.93570155428932711}]}, {"source": 11, "prod": 1555.0, "target": 10, "value": 15.879599872909196, "supply": [{"l": "Olive Oil", "v": 0.020651432392945947}, {"l": "Soyabean Oil", "v": 3.41838227689703}, {"l": "Coconut Oil", "v": 2.7584476064754027}, {"l": "Cottonseed Oil", "v": 0.48982916772609875}, {"l": "Rape and Mustard Oil", "v": 1.9076226584215035}, {"l": "Maize Germ Oil", "v": 0.095512874817374999}, {"l": "Groundnut Oil", "v": 0.54123962396512504}, {"l": "Palm Oil", "v": 1.8843732484295121}, {"l": "Palmkernel Oil", "v": 0.46510617302373913}, {"l": "Oilcrops Oil, Other", "v": 2.0646217384765913}, {"l": "Sunflowerseed Oil", "v": 2.2338130722838709}]}, {"source": 11, "prod": 3498.0, "target": 7, "value": 14.466526591634102, "supply": [{"l": "Honey", "v": 0.23225608384710345}, {"l": "Sweeteners, Other", "v": 0.77245385098204922}, {"l": "Sugar", "v": 13.461816656804949}]}, {"source": 5, "prod": 49002.0, "target": 18, "value": 161.52275660144906, "supply": [{"l": "Tomatoes", "v": 0.94314333152999996}, {"l": "Vegetables, Other", "v": 13.2667666413}, {"l": "Peas", "v": 0.28590666612000004}, {"l": "Potatoes", "v": 62.333754880815}, {"l": "Beans", "v": 0.11157333312000001}, {"l": "Pulses, Other", "v": 0.78449999850000007}, {"l": "Onions", "v": 0.66595333206000007}, {"l": "Cassava", "v": 1.5071116637850002}]}, {"source": 6, "prod": 8308.6000000000004, "target": 18, "value": 28.969318611276002, "supply": [{"l": "Sugar beet", "v": 28.969318611276002}]}, {"source": 3, "prod": 60110.0, "target": 18, "value": 205.39180801832669, "supply": [{"l": "Maize", "v": 11.30028664506}, {"l": "Rye", "v": 36.365933263800002}, {"l": "Barley", "v": 53.272779898140008}, {"l": "Rice", "v": 0.56832666557999989}, {"l": "Cereals, Other", "v": 13.960613306639999}, {"l": "Wheat", "v": 66.853346538840015}, {"l": "Oats", "v": 26.603266615800003}, {"l": "Sorghum", "v": 0.62062666548000001}, {"l": "Millet", "v": 0.042254435750387592}]}, {"source": 4, "prod": 2196.5, "target": 18, "value": 3.3306229332035175, "supply": [{"l": "Olives", "v": 0.0016122556360150379}, {"l": "Sunflower seed", "v": 0.17956333298999996}, {"l": "Coconuts - Incl Copra", "v": 2.4720466619399999}, {"l": "Groundnuts", "v": 0.16910333301}, {"l": "Rape and Mustardseed", "v": 0.27376343475880255}, {"l": "Oilcrops, Other", "v": 0.27718999947}, {"l": "Soyabeans", "v": 1.6717075625930928}, {"l": "Palm kernels", "v": 0.12028999976999999}]}, {"source": 19, "prod": 0, "target": 5, "value": 0.00014552890598167371, "supply": "[{\"l\":'Energy for power irrigation',\"v\":0.00014552890598167371}]"}, {"source": 19, "prod": 0, "target": 6, "value": 6.1688373343911175e-05, "supply": "[{\"l\":'Energy for power irrigation',\"v\":6.1688373343911175e-05}]"}, {"source": 19, "prod": 0, "target": 3, "value": 8.9259035738933182e-05, "supply": "[{\"l\":'Energy for power irrigation',\"v\":8.9259035738933182e-05}]"}, {"source": 19, "prod": 0, "target": 4, "value": 6.8275189000058884e-06, "supply": "[{\"l\":'Energy for power irrigation',\"v\":6.8275189000058884e-06}]"}, {"source": 19, "prod": 0, "target": 11, "value": 3.1093079962676331, "supply": "[{\"l\":'Electricity',\"v\":3.1093079962676331}]"}, {"source": 20, "prod": 0, "target": 19, "value": 7.2740488289555181, "supply": [{"l": "Coal", "v": 6.1466622562834505}, {"l": "Natural gas", "v": 0.15882025932834326}, {"l": "Oil", "v": 0.96856631334372423}]}, {"source": 21, "prod": 0, "target": 19, "value": 0.28030031648467119, "supply": [{"l": "Nuclear", "v": 0.020764869841178157}, {"l": "Hydroelectric", "v": 0.25953544664349304}, {"l": "Renewable", "v": 0.0}]}, {"source": 20, "prod": 0, "target": 5, "value": 9.1961763460114341, "supply": [{"l": "Gas-Diesel oil", "v": 7.2020712754503453}, {"l": "Natural gas (including LNG)", "v": 0.68217756112849337}, {"l": "Coal", "v": 0.584571302463609}, {"l": "Other fossil fuels", "v": 0.72735620696898562}]}, {"source": 20, "prod": 0, "target": 6, "value": 3.8981751147132053, "supply": [{"l": "Gas-Diesel oil", "v": 3.0528921982371506}, {"l": "Natural gas (including LNG)", "v": 0.28916883414922856}, {"l": "Coal", "v": 0.24779443306646368}, {"l": "Other fossil fuels", "v": 0.30831964926036254}]}, {"source": 20, "prod": 0, "target": 3, "value": 5.6404040667600031, "supply": [{"l": "Gas-Diesel oil", "v": 4.4173350512970933}, {"l": "Natural gas (including LNG)", "v": 0.41840836291818434}, {"l": "Coal", "v": 0.3585423145084643}, {"l": "Other fossil fuels", "v": 0.44611833803626105}]}, {"source": 20, "prod": 0, "target": 4, "value": 0.43144052644831166, "supply": [{"l": "Gas-Diesel oil", "v": 0.33788667220874291}, {"l": "Natural gas (including LNG)", "v": 0.032004502200760267}, {"l": "Coal", "v": 0.02742528426946295}, {"l": "Other fossil fuels", "v": 0.034124067769345505}]}, {"source": 22, "prod": 2020.6953765747005, "target": 5, "value": 16.25245017864075, "supply": [{"l": "Potash", "v": 4.4487779591145777}, {"l": "Phosphate", "v": 4.7648896288119111}, {"l": "Nitrogen", "v": 24.658850158615966}]}, {"source": 22, "prod": 856.55430420230584, "target": 6, "value": 6.8892651092942394, "supply": [{"l": "Potash", "v": 4.4487779591145777}, {"l": "Phosphate", "v": 4.7648896288119111}, {"l": "Nitrogen", "v": 24.658850158615966}]}, {"source": 22, "prod": 1239.3779752449416, "target": 3, "value": 9.9683153773121038, "supply": [{"l": "Potash", "v": 4.4487779591145777}, {"l": "Phosphate", "v": 4.7648896288119111}, {"l": "Nitrogen", "v": 24.658850158615966}]}, {"source": 22, "prod": 94.801343978052302, "target": 4, "value": 0.7624870812953638, "supply": [{"l": "Potash", "v": 4.4487779591145777}, {"l": "Phosphate", "v": 4.7648896288119111}, {"l": "Nitrogen", "v": 24.658850158615966}]}, {"source": 20, "prod": 0, "target": 22, "value": 44.32571533153218, "supply": [{"l": "Natural gas (including LNG)", "v": 28.738555228589249}, {"l": "Fuel oil", "v": 11.228185904141483}, {"l": "Liquefied petroleum gas (LPG)", "v": 2.1794870994007223}, {"l": "Coal", "v": 2.1794870994007223}]}, {"source": 23, "prod": 0, "target": 3, "value": 0.56798388827167912, "supply": "[{\"l\":'Labor',\"v\":0.56798388827167912}]"}, {"source": 23, "prod": 0, "target": 4, "value": 0.043445693760528085, "supply": "[{\"l\":'Labor',\"v\":0.043445693760528085}]"}, {"source": 23, "prod": 0, "target": 5, "value": 0.92604713003123673, "supply": "[{\"l\":'Labor',\"v\":0.92604713003123673}]"}, {"source": 23, "prod": 0, "target": 6, "value": 0.39254291582881989, "supply": "[{\"l\":'Labor',\"v\":0.39254291582881989}]"}, {"source": 20, "prod": 0, "target": 14, "value": 78.487412008791694, "supply": "[{\"l\":'Fossil Fuels',\"v\":78.487412008791694}]"}, {"source": 21, "prod": 0, "target": 14, "value": 0.70733422467626084, "supply": "[{\"l\":'Renewables & Nuclear',\"v\":0.70733422467626084},{\"l\":'Biomass & Waste',\"v\":0.0}]"}]}