{"nodes": [{"layer": 13, "name": "Milk - Excluding Butter"}, {"layer": 10, "name": "Feed", "fill": "#dbdb8d"}, {"layer": 13, "name": "Meat"}, {"layer": 13, "name": "Sugar & Sweeteners"}, {"layer": 13, "name": "Animal Fats"}, {"layer": 5, "name": "Starchy Roots"}, {"layer": 5, "name": "Pulses"}, {"layer": 13, "name": "Fish, Seafood"}, {"layer": 5, "name": "Fruits - Excluding Wine"}, {"layer": 5, "name": "Cereals - Excluding Beer"}, {"layer": 16, "name": "Food", "fill": "#b5cf6b"}, {"layer": 5, "name": "Treenuts"}, {"layer": 5, "name": "Vegetables"}, {"layer": 13, "name": "Alcoholic Beverages"}, {"layer": 5, "name": "Sugar Crops", "fill": "#ffbb78"}, {"layer": 5, "name": "Others"}, {"layer": 13, "name": "Vegetable Oils", "fill": "#f7b6d2"}, {"layer": 5, "name": "Spices"}, {"layer": 5, "name": "Stimulants"}, {"layer": 13, "name": "Eggs"}, {"layer": 5, "name": "Oilcrops", "fill": "#ff9896"}, {"layer": 10, "name": "Processing", "fill": "#9edae5"}, {"layer": 16, "name": "Biofuels & Other", "fill": "#e7ba52"}, {"layer": 13, "name": "Aquatic Products, Other"}, {"name": "Waste", "fill": "#c7c7c7"}, {"layer": 2, "name": "Import", "fill": "#aec7e8"}, {"layer": 16, "name": "Export", "fill": "#aec7e8"}, {"layer": 16, "name": "Stock Deposit", "fill": "#c7c7c7"}, {"layer": 0, "name": "Stock Draw", "fill": "#c7c7c7"}, {"layer": 2, "name": "Electricity", "fill": "#bcbd22"}, {"layer": 0, "name": "Fossil Fuels", "fill": "#c49c94"}, {"layer": 0, "name": "Renewables & Nuclear", "fill": "#2ca02c"}, {"layer": 2, "name": "Fertilizers", "fill": "#c5b0d5"}, {"layer": 0, "name": "Labor", "fill": "#7f7f7f"}], "links": [{"source": 0, "prod": 4516.0, "target": 1, "value": 2.7644250297238604, "supply": [{"l": "Milk - Excluding Butter", "v": 2.7644250297238604}]}, {"source": 2, "prod": 47.0, "target": 1, "value": 0.059014907357771332, "supply": [{"l": "Offals, Edible", "v": 0.059014907357771332}]}, {"source": 3, "prod": 4.0, "target": 1, "value": 0.014150055528500001, "supply": [{"l": "Sugar", "v": 0.014150055528500001}]}, {"source": 4, "prod": 3.0, "target": 1, "value": 0.023622532522840273, "supply": [{"l": "Fish, Body Oil", "v": 0.023622532522840273}]}, {"source": 5, "prod": 72.0, "target": 1, "value": 0.05610217035907919, "supply": [{"l": "Potatoes", "v": 0.034372604522672059}, {"l": "Yams", "v": 0.0030082795218070867}, {"l": "Roots, Other", "v": 0.0075172169995156258}, {"l": "Sweet potatoes", "v": 0.0011404522366253733}, {"l": "Cassava", "v": 0.010063617078459052}]}, {"source": 6, "prod": 3.0, "target": 1, "value": 0.012669133567908542, "supply": [{"l": "Peas", "v": 0.0081209014337478274}, {"l": "Pulses, Other", "v": 0.0045482321341607148}]}, {"source": 7, "prod": 48.0, "target": 1, "value": 0.040114522850841779, "supply": [{"l": "Fish, Seafood", "v": 0.015607210182924255}, {"l": "Pelagic Fish", "v": 0.024507312667917523}]}, {"source": 8, "prod": 7.0, "target": 1, "value": 0.0046444462112602506, "supply": [{"l": "Bananas", "v": 0.0041276615745672075}, {"l": "Plantains", "v": 0.00051678463669304351}]}, {"source": 9, "prod": 1880.0, "target": 1, "value": 5.3651508444423044, "supply": [{"l": "Maize", "v": 0.54328424208048165}, {"l": "Oats", "v": 1.6314631590427298}, {"l": "Barley", "v": 1.3875967838735355}, {"l": "Sorghum", "v": 0.68563885672862157}, {"l": "Cereals, Other", "v": 0.036864618350565787}, {"l": "Wheat", "v": 0.98774193870800642}, {"l": "Millet", "v": 0.092561245658363892}]}, {"source": 0, "prod": 3133.0, "target": 10, "value": 1.9178351678753001, "supply": [{"l": "Milk - Excluding Butter", "v": 1.9178351678753001}]}, {"source": 2, "prod": 1643.0, "target": 10, "value": 3.1995619267538231, "supply": [{"l": "Mutton & Goat Meat", "v": 1.6496591645554131}, {"l": "Pigmeat", "v": 0.34782605245994064}, {"l": "Meat, Other", "v": 0.018728014670073529}, {"l": "Poultry Meat", "v": 0.10309326170764285}, {"l": "Offals, Edible", "v": 0.15821017717189764}, {"l": "Bovine Meat", "v": 0.92204525618885513}]}, {"source": 3, "prod": 747.0, "target": 10, "value": 2.5972755993620553, "supply": [{"l": "Sugar", "v": 2.5116348563087501}, {"l": "Sweeteners, Other", "v": 0.043190576467805233}, {"l": "Honey", "v": 0.0424501665855}]}, {"source": 11, "prod": 4.0, "target": 10, "value": 0.018192928536642859, "supply": [{"l": "Treenuts", "v": 0.018192928536642859}]}, {"source": 12, "prod": 922.0, "target": 10, "value": 0.26270948462588656, "supply": [{"l": "Tomatoes", "v": 0.036711789017753252}, {"l": "Vegetables, Other", "v": 0.20151107469356591}, {"l": "Onions", "v": 0.024486620914567377}]}, {"source": 13, "prod": 1530.0, "target": 10, "value": 0.75501966948640342, "supply": [{"l": "Beer", "v": 0.59867132215172125}, {"l": "Beverages, Alcoholic", "v": 0.098484386478359998}, {"l": "Wine", "v": 0.055275536064523421}, {"l": "Beverages, Fermented", "v": 0.0025884247917987799}]}, {"source": 14, "prod": 1.0, "target": 10, "value": 0.00035228354012863068, "supply": [{"l": "Sugar cane", "v": 0.00035228354012863068}]}, {"source": 4, "prod": 221.0, "target": 10, "value": 1.752602361713407, "supply": [{"l": "Cream", "v": 0.018192928536642859}, {"l": "Fats, Animals, Raw", "v": 0.39312049432002022}, {"l": "Butter, Ghee", "v": 1.3412889388567439}]}, {"source": 5, "prod": 990.0, "target": 10, "value": 0.75735826426108244, "supply": [{"l": "Roots, Other", "v": 0.10430138586827929}, {"l": "Yams", "v": 0.018049677130842521}, {"l": "Potatoes", "v": 0.51283925947826714}, {"l": "Sweet potatoes", "v": 0.054741707358017921}, {"l": "Cassava", "v": 0.067426234425675649}]}, {"source": 6, "prod": 25.0, "target": 10, "value": 0.10541351926014225, "supply": [{"l": "Peas", "v": 0.06902766218685652}, {"l": "Beans", "v": 0.018192928536642859}, {"l": "Pulses, Other", "v": 0.018192928536642859}]}, {"source": 7, "prod": 338.0, "target": 10, "value": 0.22558306457909705, "supply": [{"l": "Freshwater Fish", "v": 0.011791712940416669}, {"l": "Crustaceans", "v": 0.005992964694423529}, {"l": "Marine Fish, Other", "v": 0.01212861902442857}, {"l": "Demersal Fish", "v": 0.036676943929872002}, {"l": "Pelagic Fish", "v": 0.042887797168855671}, {"l": "Fish, Seafood", "v": 0.10990077170475829}, {"l": "Molluscs, Other", "v": 0.0062042551163423087}]}, {"source": 15, "prod": 5.0, "target": 10, "value": 0.019898515586953127, "supply": [{"l": "Nuts", "v": 0.019898515586953127}]}, {"source": 9, "prod": 1521.0, "target": 10, "value": 5.1220541422902892, "supply": [{"l": "Maize", "v": 0.10865684841609634}, {"l": "Rye", "v": 0.037934191416829785}, {"l": "Rice", "v": 0.28257324711989418}, {"l": "Cereals, Other", "v": 0.020107973645763159}, {"l": "Wheat", "v": 4.6360682241042461}, {"l": "Oats", "v": 0.03671365758745946}]}, {"source": 16, "prod": 46.0, "target": 10, "value": 0.45957113323069843, "supply": [{"l": "Groundnut Oil", "v": 0.12295910321317241}, {"l": "Soyabean Oil", "v": 0.050269934114407909}, {"l": "Palm Oil", "v": 0.015918812469562501}, {"l": "Sunflowerseed Oil", "v": 0.010612541646375}, {"l": "Olive Oil", "v": 0.053062708231874998}, {"l": "Coconut Oil", "v": 0.19118297247395558}, {"l": "Rape and Mustard Oil", "v": 0.0084900333171}, {"l": "Oilcrops Oil, Other", "v": 0.0070750277642500003}]}, {"source": 17, "prod": 3.0, "target": 10, "value": 0.013024482929642046, "supply": [{"l": "Pepper", "v": 0.0053062708231875}, {"l": "Spices, Other", "v": 0.007718212106454546}]}, {"source": 18, "prod": 69.0, "target": 10, "value": 0.054864164881091596, "supply": [{"l": "Cocoa Beans", "v": 0.030321547561071426}, {"l": "Coffee", "v": 0.0060643095122142852}, {"l": "Tea", "v": 0.018478307807805884}]}, {"source": 19, "prod": 169.0, "target": 10, "value": 0.27428506107283562, "supply": [{"l": "Eggs", "v": 0.27428506107283562}]}, {"source": 8, "prod": 1126.0, "target": 10, "value": 0.61864160523279099, "supply": [{"l": "Plantains", "v": 0.001033569273386087}, {"l": "Citrus, Other", "v": 0.00051678463669304351}, {"l": "Grapes", "v": 0.11011091245321836}, {"l": "Dates", "v": 0.0058958564702083346}, {"l": "Lemons, Limes", "v": 0.0061794546295348115}, {"l": "Pineapples", "v": 0.042877517255823824}, {"l": "Bananas", "v": 0.10387948295994137}, {"l": "Fruits, Other", "v": 0.12816258989987481}, {"l": "Grapefruit", "v": 0.0063223652361382989}, {"l": "Oranges, Mandarines", "v": 0.079269486331823721}, {"l": "Apples", "v": 0.13439358608614843}]}, {"source": 20, "prod": 129.0, "target": 10, "value": 0.25363457795941952, "supply": [{"l": "Coconuts - Incl Copra", "v": 0.15906737516993932}, {"l": "Groundnuts", "v": 0.094567202789480206}]}, {"source": 20, "prod": 453.75, "target": 21, "value": 0.82391198260716147, "supply": [{"l": "Sunflower seed", "v": 0.011549712057499854}, {"l": "Olives", "v": 0.0030321547561071431}, {"l": "Coconuts - Incl Copra", "v": 0.55952646879952339}, {"l": "Cottonseed", "v": 0.011549712057499854}, {"l": "Soyabeans", "v": 0.0037798093535034247}, {"l": "Groundnuts", "v": 0.0063044801859653476}, {"l": "Oilcrops, Other", "v": 0.21225083292749999}, {"l": "Oil Palm", "v": 0.015918812469562491}]}, {"source": 14, "prod": 14687.0, "target": 21, "value": 5.1739883538691993, "supply": [{"l": "Sugar cane", "v": 5.1739883538691993}]}, {"source": 5, "prod": 21.0, "target": 21, "value": 0.014436493899522267, "supply": [{"l": "Potatoes", "v": 0.014436493899522267}]}, {"source": 13, "prod": 26.0, "target": 21, "value": 0.0211347637893766, "supply": [{"l": "Wine", "v": 0.0211347637893766}]}, {"source": 9, "prod": 324.0, "target": 21, "value": 0.99052914160650196, "supply": [{"l": "Wheat", "v": 0.26273270423546302}, {"l": "Barley", "v": 0.61123783172717328}, {"l": "Sorghum", "v": 0.11655860564386566}]}, {"source": 16, "prod": 1.0, "target": 21, "value": 0.0070750277642500003, "supply": [{"l": "Oilcrops Oil, Other", "v": 0.0070750277642500003}]}, {"source": 8, "prod": 195.0, "target": 21, "value": 0.15634681619499338, "supply": [{"l": "Apples", "v": 0.0015811010127782168}, {"l": "Fruits, Other", "v": 0.0087853388237817392}, {"l": "Grapes", "v": 0.14598037635843342}]}, {"source": 2, "prod": 189.0, "target": 22, "value": 0.3293724844051108, "supply": [{"l": "Mutton & Goat Meat", "v": 0.16353143022549316}, {"l": "Bovine Meat", "v": 0.0026083317006756861}, {"l": "Offals, Edible", "v": 0.16323272247894199}]}, {"source": 3, "prod": 149.0, "target": 22, "value": 0.52527967761321226, "supply": [{"l": "Sugar", "v": 0.52355205455450005}, {"l": "Sweeteners, Other", "v": 0.0017276230587122093}]}, {"source": 12, "prod": 1.0, "target": 22, "value": 0.0002946068343473186, "supply": [{"l": "Vegetables, Other", "v": 0.0002946068343473186}]}, {"source": 13, "prod": 51.0, "target": 22, "value": 0.040668789472138353, "supply": [{"l": "Alcohol, Non-Food", "v": 0.021947639319737242}, {"l": "Beer", "v": 0.00083788848446706961}, {"l": "Wine", "v": 0.017883261667934046}]}, {"source": 4, "prod": 118.0, "target": 22, "value": 0.87799026058987406, "supply": [{"l": "Butter, Ghee", "v": 0.024992961593603921}, {"l": "Fats, Animals, Raw", "v": 0.85299729899627019}]}, {"source": 0, "prod": 283.0, "target": 22, "value": 0.1732356694888956, "supply": [{"l": "Milk - Excluding Butter", "v": 0.1732356694888956}]}, {"source": 23, "prod": 2.0, "target": 22, "value": 0.0023244444400000001, "supply": [{"l": "Aquatic Plants", "v": 0.0011622222200000001}, {"l": "Aquatic Products, Other", "v": 0.0011622222200000001}]}, {"source": 7, "prod": 12.0, "target": 22, "value": 0.0065924900277658334, "supply": [{"l": "Molluscs, Other", "v": 0.00065307948593076924}, {"l": "Fish, Seafood", "v": 0.0039018025457310639}, {"l": "Demersal Fish", "v": 0.0020376079961039999}]}, {"source": 8, "prod": 6.0, "target": 22, "value": 0.0039565026154990499, "supply": [{"l": "Fruits, Other", "v": 0.00051678463669304351}, {"l": "Bananas", "v": 0.003439717978806006}]}, {"source": 9, "prod": 86.0, "target": 22, "value": 0.28665505850801315, "supply": [{"l": "Maize", "v": 0.0035050596263256884}, {"l": "Barley", "v": 0.0028968617617401576}, {"l": "Rice", "v": 0.0042175111510431964}, {"l": "Wheat", "v": 0.27603562596890413}]}, {"source": 16, "prod": 36.0, "target": 22, "value": 0.27492378720581462, "supply": [{"l": "Coconut Oil", "v": 0.060373570254933326}, {"l": "Oilcrops Oil, Other", "v": 0.19810077739900003}, {"l": "Palm Oil", "v": 0.0079594062347812505}, {"l": "Palmkernel Oil", "v": 0.0084900333171}]}, {"source": 18, "prod": 2.0, "target": 22, "value": 0.0040428730081428568, "supply": [{"l": "Cocoa Beans", "v": 0.0040428730081428568}]}, {"source": 20, "prod": 76.0, "target": 22, "value": 0.10604491677995956, "supply": [{"l": "Coconuts - Incl Copra", "v": 0.10604491677995956}]}, {"source": 5, "prod": 75.0, "target": 5, "value": 0.051558906784008096, "supply": [{"l": "Potatoes", "v": 0.051558906784008096}]}, {"source": 9, "prod": 672.0, "target": 9, "value": 2.0748801296999906, "supply": [{"l": "Maize", "v": 0.0070101192526513768}, {"l": "Wheat", "v": 1.5364874602124545}, {"l": "Oats", "v": 0.30747688229497294}, {"l": "Rye", "v": 0.010838340404808511}, {"l": "Barley", "v": 0.19698659979833072}, {"l": "Rice", "v": 0.012652533453129588}, {"l": "Sorghum", "v": 0.0034281942836431071}]}, {"source": 19, "prod": 3.0, "target": 19, "value": 0.0048689655811745966, "supply": [{"l": "Eggs", "v": 0.0048689655811745966}]}, {"source": 6, "prod": 7.0, "target": 6, "value": 0.028423155018117388, "supply": [{"l": "Peas", "v": 0.028423155018117388}]}, {"source": 20, "prod": 5.0, "target": 20, "value": 0.026531354115937499, "supply": [{"l": "Oilcrops, Other", "v": 0.026531354115937499}]}, {"source": 0, "prod": 54.0, "target": 24, "value": 0.033055569443110819, "supply": [{"l": "Milk - Excluding Butter", "v": 0.033055569443110819}]}, {"source": 20, "prod": 21.0, "target": 24, "value": 0.034211037233323124, "supply": [{"l": "Coconuts - Incl Copra", "v": 0.027906557047357779}, {"l": "Groundnuts", "v": 0.0063044801859653476}]}, {"source": 12, "prod": 49.0, "target": 24, "value": 0.014427009620806558, "supply": [{"l": "Vegetables, Other", "v": 0.011784273373892745}, {"l": "Tomatoes", "v": 0.0010370561869421824}, {"l": "Onions", "v": 0.0016056800599716311}]}, {"source": 5, "prod": 30.0, "target": 24, "value": 0.024125707496366385, "supply": [{"l": "Potatoes", "v": 0.013061589718615384}, {"l": "Yams", "v": 0.0020055196812047245}, {"l": "Roots, Other", "v": 0.0037586084997578129}, {"l": "Sweet potatoes", "v": 0.0022809044732507466}, {"l": "Cassava", "v": 0.0030190851235377151}]}, {"source": 6, "prod": 2.0, "target": 24, "value": 0.0081209014337478274, "supply": [{"l": "Peas", "v": 0.0081209014337478274}]}, {"source": 3, "prod": 15.0, "target": 24, "value": 0.053062708231874998, "supply": [{"l": "Sugar", "v": 0.053062708231874998}]}, {"source": 9, "prod": 164.0, "target": 24, "value": 0.50419962338598423, "supply": [{"l": "Maize", "v": 0.017525298131628439}, {"l": "Oats", "v": 0.087194936770216211}, {"l": "Rice", "v": 0.0084350223020863927}, {"l": "Wheat", "v": 0.35917888680291143}, {"l": "Barley", "v": 0.031865479379141727}]}, {"source": 19, "prod": 2.0, "target": 24, "value": 0.0032459770541163973, "supply": [{"l": "Eggs", "v": 0.0032459770541163973}]}, {"source": 8, "prod": 47.0, "target": 24, "value": 0.027890882137406925, "supply": [{"l": "Grapes", "v": 0.0058392150543373367}, {"l": "Fruits, Other", "v": 0.006718200277009566}, {"l": "Grapefruit", "v": 0.00045159751686702133}, {"l": "Apples", "v": 0.0057973703801867957}, {"l": "Bananas", "v": 0.0075673795533732135}, {"l": "Oranges, Mandarines", "v": 0.0015171193556329898}]}, {"source": 2, "prod": 6.0, "target": 24, "value": 0.0075338179605665533, "supply": [{"l": "Offals, Edible", "v": 0.0075338179605665533}]}, {"source": 25, "prod": 4.0, "target": 15, "value": 0.015918812469562501, "supply": [{"l": "Nuts", "v": 0.015918812469562501}]}, {"source": 25, "prod": 230.0, "target": 1, "value": 0.18566856638853207, "supply": [{"l": "Pigmeat", "v": 0.0064812307911790183}, {"l": "Meat, Other", "v": 0.0012485343113382353}, {"l": "Crustaceans", "v": 0.00099882744907058832}, {"l": "Demersal Fish", "v": 0.0066222259873379994}, {"l": "Mutton & Goat Meat", "v": 0.0028689724600963707}, {"l": "Freshwater Fish", "v": 0.011791712940416669}, {"l": "Milk - Excluding Butter", "v": 0.030607008743621131}, {"l": "Pelagic Fish", "v": 0.060247143641963916}, {"l": "Fish, Seafood", "v": 0.053974935215946387}, {"l": "Poultry Meat", "v": 0.0017473434187736075}, {"l": "Offals, Edible", "v": 0.0012556363267610922}, {"l": "Bovine Meat", "v": 0.0078249951020270599}]}, {"source": 25, "prod": 283.0, "target": 9, "value": 0.95604916995833555, "supply": [{"l": "Maize", "v": 0.0035050596263256884}, {"l": "Barley", "v": 0.0057937235234803153}, {"l": "Rice", "v": 0.092785245322950322}, {"l": "Cereals, Other", "v": 0.0067026578819210534}, {"l": "Wheat", "v": 0.83808406920679335}, {"l": "Oats", "v": 0.0091784143968648649}]}, {"source": 25, "prod": 11.0, "target": 6, "value": 0.050030553475767861, "supply": [{"l": "Beans", "v": 0.022741160670803576}, {"l": "Pulses, Other", "v": 0.027289392804964289}]}, {"source": 25, "prod": 235.0, "target": 21, "value": 1.0426312072685562, "supply": [{"l": "Sugar", "v": 0.50586448514387505}, {"l": "Beer", "v": 0.0033515539378682784}, {"l": "Groundnut Oil", "v": 0.12295910321317241}, {"l": "Beverages, Alcoholic", "v": 0.064524253209959997}, {"l": "Fats, Animals, Raw", "v": 0.022252103452076618}, {"l": "Soyabean Oil", "v": 0.060323920937289485}, {"l": "Butter, Ghee", "v": 0.0083309871978679752}, {"l": "Palm Oil", "v": 0.039797031173906254}, {"l": "Olive Oil", "v": 0.053062708231874998}, {"l": "Coconut Oil", "v": 0.010062261709155555}, {"l": "Rape and Mustard Oil", "v": 0.0084900333171}, {"l": "Oilcrops Oil, Other", "v": 0.077825305406750006}, {"l": "Wine", "v": 0.0065030042428851076}, {"l": "Sweeteners, Other", "v": 0.013820984469697675}, {"l": "Fish, Body Oil", "v": 0.01574835501522685}, {"l": "Palmkernel Oil", "v": 0.0084900333171}, {"l": "Fish, Liver Oil", "v": 0.02122508329275}]}, {"source": 25, "prod": 4.0, "target": 11, "value": 0.018192928536642859, "supply": [{"l": "Treenuts", "v": 0.018192928536642859}]}, {"source": 25, "prod": 14.0, "target": 12, "value": 0.0043381220421536389, "supply": [{"l": "Vegetables, Other", "v": 0.003535282012167823}, {"l": "Onions", "v": 0.00080284002998581557}]}, {"source": 25, "prod": 72.0, "target": 18, "value": 0.060928474393305877, "supply": [{"l": "Cocoa Beans", "v": 0.036385857073285711}, {"l": "Coffee", "v": 0.0060643095122142852}, {"l": "Tea", "v": 0.018478307807805884}]}, {"source": 25, "prod": 95.0, "target": 8, "value": 0.063755194317805922, "supply": [{"l": "Grapes", "v": 0.020854339479776204}, {"l": "Dates", "v": 0.0058958564702083346}, {"l": "Pineapples", "v": 0.0019943031281778527}, {"l": "Bananas", "v": 0.022014195064358439}, {"l": "Fruits, Other", "v": 0.0072349849137026091}, {"l": "Grapefruit", "v": 0.00045159751686702133}, {"l": "Oranges, Mandarines", "v": 0.0053099177447154654}]}, {"source": 25, "prod": 188.0, "target": 20, "value": 0.29416103174788338, "supply": [{"l": "Coconuts - Incl Copra", "v": 0.25115901342621999}, {"l": "Cottonseed", "v": 0.0038499040191666183}, {"l": "Groundnuts", "v": 0.031522400929826735}, {"l": "Soyabeans", "v": 0.0037798093535034247}, {"l": "Rape and Mustardseed", "v": 0.0038499040191666183}]}, {"source": 25, "prod": 3.0, "target": 17, "value": 0.013024482929642046, "supply": [{"l": "Pepper", "v": 0.0053062708231875}, {"l": "Spices, Other", "v": 0.007718212106454546}]}, {"source": 25, "prod": 27.0, "target": 5, "value": 0.019065606511214937, "supply": [{"l": "Roots, Other", "v": 0.0018793042498789065}, {"l": "Potatoes", "v": 0.01718630226133603}]}, {"source": 0, "prod": 3793.0, "target": 26, "value": 2.3218476832910988, "supply": [{"l": "Milk - Excluding Butter", "v": 2.3218476832910988}]}, {"source": 20, "prod": 651.0, "target": 26, "value": 0.90835843189149557, "supply": [{"l": "Coconuts - Incl Copra", "v": 0.90835843189149557}]}, {"source": 6, "prod": 26.0, "target": 26, "value": 0.10654728147329535, "supply": [{"l": "Peas", "v": 0.097450817204973922}, {"l": "Beans", "v": 0.0090964642683214296}]}, {"source": 19, "prod": 13.0, "target": 26, "value": 0.021098850851756584, "supply": [{"l": "Eggs", "v": 0.021098850851756584}]}, {"source": 15, "prod": 3.0, "target": 26, "value": 0.0034866666600000002, "supply": [{"l": "Infant food", "v": 0.0034866666600000002}]}, {"source": 4, "prod": 493.0, "target": 26, "value": 3.8851671790851992, "supply": [{"l": "Butter, Ghee", "v": 2.0660848250712576}, {"l": "Fats, Animals, Raw", "v": 1.7875856439834878}, {"l": "Fish, Body Oil", "v": 0.031496710030453699}]}, {"source": 5, "prod": 22.0, "target": 26, "value": 0.015376146024461721, "supply": [{"l": "Roots, Other", "v": 0.00093965212493945323}, {"l": "Potatoes", "v": 0.014436493899522267}]}, {"source": 7, "prod": 51.0, "target": 26, "value": 0.033221200608100632, "supply": [{"l": "Crustaceans", "v": 0.0074912058680294113}, {"l": "Fish, Seafood", "v": 0.016907811031501276}, {"l": "Pelagic Fish", "v": 0.0081691042226391744}, {"l": "Molluscs, Other", "v": 0.00065307948593076924}]}, {"source": 3, "prod": 1459.0, "target": 26, "value": 5.152183299903311, "supply": [{"l": "Sugar", "v": 5.0975575041421255}, {"l": "Sweeteners, Other", "v": 0.008638115293561047}, {"l": "Honey", "v": 0.045987680467625004}]}, {"source": 13, "prod": 18.0, "target": 26, "value": 0.013275584461699817, "supply": [{"l": "Beer", "v": 0.0041894424223353479}, {"l": "Beverages, Alcoholic", "v": 0.0033960133268400002}, {"l": "Wine", "v": 0.0056901287125244691}]}, {"source": 9, "prod": 5630.0, "target": 26, "value": 18.255830989740549, "supply": [{"l": "Maize", "v": 0.038555655889582569}, {"l": "Rye", "v": 0.0054191702024042557}, {"l": "Barley", "v": 0.87485225204552763}, {"l": "Rice", "v": 0.24039813560946222}, {"l": "Wheat", "v": 16.020043497496523}, {"l": "Oats", "v": 0.88801159289667564}, {"l": "Sorghum", "v": 0.15084054848029674}, {"l": "Millet", "v": 0.037710137120074184}]}, {"source": 16, "prod": 24.0, "target": 26, "value": 0.23518571459661042, "supply": [{"l": "Palm Oil", "v": 0.02387821870434375}, {"l": "Coconut Oil", "v": 0.21130749589226666}]}, {"source": 18, "prod": 9.0, "target": 26, "value": 0.013341480926871426, "supply": [{"l": "Cocoa Beans", "v": 0.01212861902442857}, {"l": "Coffee", "v": 0.00071344817790756302}, {"l": "Tea", "v": 0.00049941372453529416}]}, {"source": 12, "prod": 19.0, "target": 26, "value": 0.0063452221171181773, "supply": [{"l": "Vegetables, Other", "v": 0.003535282012167823}, {"l": "Onions", "v": 0.0028099401049503548}]}, {"source": 8, "prod": 567.0, "target": 26, "value": 0.37759562146080411, "supply": [{"l": "Fruits, Other", "v": 0.050644894395918266}, {"l": "Grapes", "v": 0.20770922121857102}, {"l": "Apples", "v": 0.086960555702801923}, {"l": "Bananas", "v": 0.025453913043164446}, {"l": "Oranges, Mandarines", "v": 0.0068270371003484546}]}, {"source": 2, "prod": 1048.0, "target": 26, "value": 2.067908478238508, "supply": [{"l": "Mutton & Goat Meat", "v": 1.2824306896630779}, {"l": "Pigmeat", "v": 0.012962461582358037}, {"l": "Meat, Other", "v": 0.028716289160779413}, {"l": "Offals, Edible", "v": 0.056503634704249149}, {"l": "Bovine Meat", "v": 0.68729540312804349}]}, {"source": 13, "prod": 28.0, "target": 27, "value": 0.022760514850097877, "supply": [{"l": "Wine", "v": 0.022760514850097877}]}, {"source": 16, "prod": 1.0, "target": 27, "value": 0.010062261709155555, "supply": [{"l": "Coconut Oil", "v": 0.010062261709155555}]}, {"source": 28, "prod": 10.0, "target": 1, "value": 0.028689724600963706, "supply": [{"l": "Mutton & Goat Meat", "v": 0.028689724600963706}]}, {"source": 0, "prod": 523.0, "target": 27, "value": 0.32014931145827702, "supply": [{"l": "Milk - Excluding Butter", "v": 0.32014931145827702}]}, {"source": 9, "prod": 2201.0, "target": 27, "value": 7.317073765406378, "supply": [{"l": "Maize", "v": 0.010515178878977065}, {"l": "Wheat", "v": 7.2733724577589562}, {"l": "Barley", "v": 0.028968617617401576}, {"l": "Rice", "v": 0.0042175111510431964}]}, {"source": 8, "prod": 8.0, "target": 27, "value": 0.0043054360526125057, "supply": [{"l": "Bananas", "v": 0.00068794359576120122}, {"l": "Fruits, Other", "v": 0.0036174924568513045}]}, {"source": 28, "prod": 2.0, "target": 12, "value": 0.0005892136686946372, "supply": [{"l": "Vegetables, Other", "v": 0.0005892136686946372}]}, {"source": 4, "prod": 13.0, "target": 27, "value": 0.10830283357228368, "supply": [{"l": "Butter, Ghee", "v": 0.10830283357228368}]}, {"source": 20, "prod": 25.0, "target": 27, "value": 0.042705082250836447, "supply": [{"l": "Coconuts - Incl Copra", "v": 0.032092540604461449}, {"l": "Oilcrops, Other", "v": 0.010612541646375}]}, {"source": 18, "prod": 1.0, "target": 27, "value": 0.0020214365040714284, "supply": [{"l": "Cocoa Beans", "v": 0.0020214365040714284}]}, {"source": 28, "prod": 3.0, "target": 6, "value": 0.01218135215062174, "supply": [{"l": "Peas", "v": 0.01218135215062174}]}, {"source": 3, "prod": 2.0, "target": 27, "value": 0.0070750277642500003, "supply": [{"l": "Honey", "v": 0.0070750277642500003}]}, {"source": 28, "prod": 124.0, "target": 21, "value": 0.4580509910596694, "supply": [{"l": "Sugar", "v": 0.42096415197287507}, {"l": "Fats, Animals, Raw", "v": 0.03708683908679436}]}, {"source": 28, "prod": 52.0, "target": 8, "value": 0.043377026117934502, "supply": [{"l": "Grapes", "v": 0.043377026117934502}]}, {"source": 28, "prod": 26.0, "target": 9, "value": 0.059659693579621621, "supply": [{"l": "Oats", "v": 0.059659693579621621}]}, {"source": 1, "prod": 12302.0, "target": 0, "value": 7.5305484312805415, "supply": [{"l": "Milk - Excluding Butter", "v": 7.5305484312805415}]}, {"source": 1, "prod": 184.0, "target": 19, "value": 0.29862988897870857, "supply": [{"l": "Eggs", "v": 0.30349885455988324}]}, {"source": 1, "prod": 2933.0, "target": 2, "value": 5.6633916147157795, "supply": [{"l": "Pigmeat", "v": 0.36078851404229867}, {"l": "Bovine Meat", "v": 1.6119489910175742}, {"l": "Poultry Meat", "v": 0.10309326170764285}, {"l": "Offals, Edible", "v": 0.44449525967342668}, {"l": "Meat, Other", "v": 0.047444303830852942}, {"l": "Mutton & Goat Meat", "v": 3.0956212844439843}]}, {"source": 1, "prod": 449.0, "target": 7, "value": 0.3055112780658053, "supply": [{"l": "Pelagic Fish", "v": 0.075564214059412355}, {"l": "Crustaceans", "v": 0.01348417056245294}, {"l": "Freshwater Fish", "v": 0.011791712940416669}, {"l": "Molluscs, Other", "v": 0.0075104140882038479}, {"l": "Demersal Fish", "v": 0.038714551925976004}, {"l": "Fish, Seafood", "v": 0.14631759546491485}, {"l": "Marine Fish, Other", "v": 0.01212861902442857}]}, {"source": 1, "prod": 2.0, "target": 23, "value": 0.0023244444400000001, "supply": [{"l": "Aquatic Plants", "v": 0.0011622222200000001}, {"l": "Aquatic Products, Other", "v": 0.0011622222200000001}]}, {"source": 21, "prod": 2376.0, "target": 3, "value": 8.3490263684032033, "supply": [{"l": "Honey", "v": 0.095512874817374999}, {"l": "Sweeteners, Other", "v": 0.053556314820078485}, {"l": "Sugar", "v": 8.1999571787657501}]}, {"source": 21, "prod": 108.0, "target": 16, "value": 0.98681792450652905, "supply": [{"l": "Olive Oil", "v": 0.053062708231874998}, {"l": "Soyabean Oil", "v": 0.050269934114407909}, {"l": "Coconut Oil", "v": 0.47292630033031108}, {"l": "Rape and Mustard Oil", "v": 0.0084900333171}, {"l": "Groundnut Oil", "v": 0.12295910321317241}, {"l": "Palm Oil", "v": 0.047756437408687499}, {"l": "Palmkernel Oil", "v": 0.0084900333171}, {"l": "Oilcrops Oil, Other", "v": 0.21225083292750002}, {"l": "Sunflowerseed Oil", "v": 0.010612541646375}]}, {"source": 21, "prod": 1653.0, "target": 13, "value": 0.85285932205971615, "supply": [{"l": "Beer", "v": 0.60369865305852366}, {"l": "Beverages, Alcoholic", "v": 0.1018803998052}, {"l": "Alcohol, Non-Food", "v": 0.021947639319737242}, {"l": "Beverages, Fermented", "v": 0.0025884247917987799}, {"l": "Wine", "v": 0.12274420508445642}]}, {"source": 21, "prod": 848.0, "target": 4, "value": 6.6476851674836039, "supply": [{"l": "Fats, Animals, Raw", "v": 3.0337034372997782}, {"l": "Fish, Body Oil", "v": 0.055119242553293972}, {"l": "Butter, Ghee", "v": 3.5406695590938893}, {"l": "Cream", "v": 0.018192928536642859}]}, {"source": 29, "prod": 0, "target": 20, "value": 0.0015874886485962381, "supply": "[{\"l\":'Energy for power irrigation',\"v\":0.0015874886485962381}]"}, {"source": 29, "prod": 0, "target": 12, "value": 0.0012293261850213231, "supply": "[{\"l\":'Energy for power irrigation',\"v\":0.0012293261850213231}]"}, {"source": 29, "prod": 0, "target": 14, "value": 0.018377957257601218, "supply": "[{\"l\":'Energy for power irrigation',\"v\":0.018377957257601218}]"}, {"source": 29, "prod": 0, "target": 5, "value": 0.0014964622058885524, "supply": "[{\"l\":'Energy for power irrigation',\"v\":0.0014964622058885524}]"}, {"source": 29, "prod": 0, "target": 6, "value": 7.1945298360026548e-05, "supply": "[{\"l\":'Energy for power irrigation',\"v\":7.1945298360026548e-05}]"}, {"source": 29, "prod": 0, "target": 15, "value": 5.6305016107846865e-06, "supply": "[{\"l\":'Energy for power irrigation',\"v\":5.6305016107846865e-06}]"}, {"source": 29, "prod": 0, "target": 8, "value": 0.0023554265071782606, "supply": "[{\"l\":'Energy for power irrigation',\"v\":0.0023554265071782606}]"}, {"source": 29, "prod": 0, "target": 9, "value": 0.015418190244198732, "supply": "[{\"l\":'Energy for power irrigation',\"v\":0.015418190244198732}]"}, {"source": 29, "prod": 0, "target": 18, "value": 5.6305016107846865e-05, "supply": "[{\"l\":'Energy for power irrigation',\"v\":5.6305016107846865e-05}]"}, {"source": 29, "prod": 0, "target": 21, "value": 0.35166666694799997, "supply": "[{\"l\":'Electricity',\"v\":0.35166666694799997}]"}, {"source": 30, "prod": 0, "target": 29, "value": 0.74496730362814501, "supply": [{"l": "Coal", "v": 0.38454279640459271}, {"l": "Natural gas", "v": 0.11908204459202229}, {"l": "Oil", "v": 0.24134246263153009}]}, {"source": 31, "prod": 0, "target": 29, "value": 0.10414595430293234, "supply": [{"l": "Nuclear", "v": 0.01189090605717614}, {"l": "Hydroelectric", "v": 0.091070305467664509}, {"l": "Renewable", "v": 0.0011847427780916839}]}, {"source": 30, "prod": 0, "target": 20, "value": 0.077726608774928596, "supply": [{"l": "Motor Gasoline", "v": 0.070083006540822071}, {"l": "Gas-Diesel oil", "v": 0.0012453344551163429}, {"l": "Natural gas (including LNG)", "v": 0.0011222490729246111}, {"l": "Fuel oil", "v": 0.0021938159296526274}, {"l": "Liquefied petroleum gas (LPG)", "v": 0.002054801850941966}, {"l": "Coal", "v": 0.001027400925470983}]}, {"source": 30, "prod": 0, "target": 12, "value": 0.060190260588269831, "supply": [{"l": "Motor Gasoline", "v": 0.054271175508459259}, {"l": "Gas-Diesel oil", "v": 0.00096436737115413351}, {"l": "Natural gas (including LNG)", "v": 0.00086905199144703875}, {"l": "Fuel oil", "v": 0.0016988564736029211}, {"l": "Liquefied petroleum gas (LPG)", "v": 0.0015912061624043204}, {"l": "Coal", "v": 0.00079560308120216021}]}, {"source": 30, "prod": 0, "target": 14, "value": 0.89982142241273011, "supply": [{"l": "Motor Gasoline", "v": 0.81133335966234055}, {"l": "Gas-Diesel oil", "v": 0.014416924119605001}, {"l": "Natural gas (including LNG)", "v": 0.012991995572899854}, {"l": "Fuel oil", "v": 0.025397255861862297}, {"l": "Liquefied petroleum gas (LPG)", "v": 0.023787924797348252}, {"l": "Coal", "v": 0.011893962398674126}]}, {"source": 30, "prod": 0, "target": 5, "value": 0.073269772685568169, "supply": [{"l": "Motor Gasoline", "v": 0.06606445385050104}, {"l": "Gas-Diesel oil", "v": 0.0011739271001530217}, {"l": "Natural gas (including LNG)", "v": 0.0010578994216495251}, {"l": "Fuel oil", "v": 0.002068022740385846}, {"l": "Liquefied petroleum gas (LPG)", "v": 0.0019369797152524858}, {"l": "Coal", "v": 0.00096848985762624292}]}, {"source": 30, "prod": 0, "target": 6, "value": 0.0035225852252677003, "supply": [{"l": "Motor Gasoline", "v": 0.0031761756658894732}, {"l": "Gas-Diesel oil", "v": 5.643880289197219e-05}, {"l": "Natural gas (including LNG)", "v": 5.0860549117765633e-05}, {"l": "Fuel oil", "v": 9.9424170210857984e-05}, {"l": "Liquefied petroleum gas (LPG)", "v": 9.3124024771754118e-05}, {"l": "Coal", "v": 4.6562012385877059e-05}]}, {"source": 30, "prod": 0, "target": 15, "value": 0.00027568058284703739, "supply": [{"l": "Motor Gasoline", "v": 0.00024857026950439351}, {"l": "Gas-Diesel oil", "v": 4.4169497915456492e-06}, {"l": "Natural gas (including LNG)", "v": 3.9803908005207886e-06}, {"l": "Fuel oil", "v": 7.7810220165019288e-06}, {"l": "Liquefied petroleum gas (LPG)", "v": 7.2879671560503225e-06}, {"l": "Coal", "v": 3.6439835780251612e-06}]}, {"source": 30, "prod": 0, "target": 8, "value": 0.11532637715767732, "supply": [{"l": "Motor Gasoline", "v": 0.10398522940933798}, {"l": "Gas-Diesel oil", "v": 0.0018477573294632635}, {"l": "Natural gas (including LNG)", "v": 0.0016651301515511966}, {"l": "Fuel oil", "v": 0.0032550608769033071}, {"l": "Liquefied petroleum gas (LPG)", "v": 0.0030487995936143851}, {"l": "Coal", "v": 0.0015243997968071926}]}, {"source": 30, "prod": 0, "target": 9, "value": 0.75490532936280408, "supply": [{"l": "Motor Gasoline", "v": 0.68066825465953096}, {"l": "Gas-Diesel oil", "v": 0.01209508084584917}, {"l": "Natural gas (including LNG)", "v": 0.010899636808759425}, {"l": "Fuel oil", "v": 0.02130703195518778}, {"l": "Liquefied petroleum gas (LPG)", "v": 0.019956883395651132}, {"l": "Coal", "v": 0.0099784416978255658}]}, {"source": 30, "prod": 0, "target": 18, "value": 0.0027568058284703741, "supply": [{"l": "Motor Gasoline", "v": 0.0024857026950439354}, {"l": "Gas-Diesel oil", "v": 4.4169497915456495e-05}, {"l": "Natural gas (including LNG)", "v": 3.9803908005207886e-05}, {"l": "Fuel oil", "v": 7.7810220165019288e-05}, {"l": "Liquefied petroleum gas (LPG)", "v": 7.287967156050323e-05}, {"l": "Coal", "v": 3.6439835780251615e-05}]}, {"source": 30, "prod": 0, "target": 1, "value": 1.3551524640470849, "supply": [{"l": "Gas-diesel oils used in fisheries", "v": 1.3247065751338394}, {"l": "Fuel oil used in fisheries", "v": 0.030445888913245601}]}, {"source": 32, "prod": 127.98864612785016, "target": 20, "value": 1.2477060208185136, "supply": [{"l": "Potash", "v": 0.81945734787778812}, {"l": "Phosphate", "v": 6.876614463834624}, {"l": "Nitrogen", "v": 24.216437473076851}]}, {"source": 32, "prod": 99.112390006394307, "target": 12, "value": 0.96620387424960741, "supply": [{"l": "Potash", "v": 0.81945734787778812}, {"l": "Phosphate", "v": 6.876614463834624}, {"l": "Nitrogen", "v": 24.216437473076851}]}, {"source": 32, "prod": 1481.6924014391041, "target": 14, "value": 14.444379139926957, "supply": [{"l": "Potash", "v": 0.81945734787778812}, {"l": "Phosphate", "v": 6.876614463834624}, {"l": "Nitrogen", "v": 24.216437473076851}]}, {"source": 32, "prod": 120.64978976859807, "target": 5, "value": 1.1761626805114815, "supply": [{"l": "Potash", "v": 0.81945734787778812}, {"l": "Phosphate", "v": 6.876614463834624}, {"l": "Nitrogen", "v": 24.216437473076851}]}, {"source": 32, "prod": 5.80047066195183, "target": 6, "value": 0.056546282716898148, "supply": [{"l": "Potash", "v": 0.81945734787778812}, {"l": "Phosphate", "v": 6.876614463834624}, {"l": "Nitrogen", "v": 24.216437473076851}]}, {"source": 32, "prod": 0.45394987789188229, "target": 15, "value": 0.0044253612561050721, "supply": [{"l": "Potash", "v": 0.81945734787778812}, {"l": "Phosphate", "v": 6.876614463834624}, {"l": "Nitrogen", "v": 24.216437473076851}]}, {"source": 32, "prod": 189.90236558477079, "target": 8, "value": 1.851276125470622, "supply": [{"l": "Potash", "v": 0.81945734787778812}, {"l": "Phosphate", "v": 6.876614463834624}, {"l": "Nitrogen", "v": 24.216437473076851}]}, {"source": 32, "prod": 1243.0660822939378, "target": 9, "value": 12.118114239634389, "supply": [{"l": "Potash", "v": 0.81945734787778812}, {"l": "Phosphate", "v": 6.876614463834624}, {"l": "Nitrogen", "v": 24.216437473076851}]}, {"source": 32, "prod": 4.5394987789188237, "target": 18, "value": 0.044253612561050724, "supply": [{"l": "Potash", "v": 0.81945734787778812}, {"l": "Phosphate", "v": 6.876614463834624}, {"l": "Nitrogen", "v": 24.216437473076851}]}, {"source": 30, "prod": 0, "target": 32, "value": 38.123391774441551, "supply": [{"l": "Natural gas (including LNG)", "v": 26.139597836385104}, {"l": "Fuel oil", "v": 7.703025554574161}, {"l": "Liquefied petroleum gas (LPG)", "v": 2.1403841917411444}, {"l": "Coal", "v": 2.1403841917411444}]}, {"source": 33, "prod": 0, "target": 5, "value": 0.045165014022992285, "supply": "[{\"l\":'Labor',\"v\":0.045165014022992285}]"}, {"source": 33, "prod": 0, "target": 11, "value": 7.5526779302662679e-05, "supply": "[{\"l\":'Labor',\"v\":7.5526779302662679e-05}]"}, {"source": 33, "prod": 0, "target": 12, "value": 0.037102530332433041, "supply": "[{\"l\":'Labor',\"v\":0.037102530332433041}]"}, {"source": 33, "prod": 0, "target": 14, "value": 0.55466866719875474, "supply": "[{\"l\":'Labor',\"v\":0.55466866719875474}]"}, {"source": 33, "prod": 0, "target": 20, "value": 0.047912300620126635, "supply": "[{\"l\":'Labor',\"v\":0.047912300620126635}]"}, {"source": 33, "prod": 0, "target": 6, "value": 0.0021713949049515522, "supply": "[{\"l\":'Labor',\"v\":0.0021713949049515522}]"}, {"source": 33, "prod": 0, "target": 8, "value": 0.071089581018631248, "supply": "[{\"l\":'Labor',\"v\":0.071089581018631248}]"}, {"source": 33, "prod": 0, "target": 9, "value": 0.4653393689785304, "supply": "[{\"l\":'Labor',\"v\":0.4653393689785304}]"}, {"source": 33, "prod": 0, "target": 17, "value": 5.6645084476997003e-05, "supply": "[{\"l\":'Labor',\"v\":5.6645084476997003e-05}]"}, {"source": 33, "prod": 0, "target": 18, "value": 0.0016993525343099102, "supply": "[{\"l\":'Labor',\"v\":0.0016993525343099102}]"}, {"source": 33, "prod": 0, "target": 15, "value": 0.00016993525343099103, "supply": "[{\"l\":'Labor',\"v\":0.00016993525343099103}]"}, {"source": 30, "prod": 0, "target": 25, "value": 5.5913363969503402, "supply": "[{\"l\":'Fossil Fuels',\"v\":5.5913363969503402}]"}, {"source": 31, "prod": 0, "target": 25, "value": 0.32255776073516362, "supply": "[{\"l\":'Renewables & Nuclear',\"v\":0.16420596517370217},{\"l\":'Biomass & Waste',\"v\":0.15835179556146142}]"}]}