{"nodes": [{"layer": 13, "name": "Other Processed", "fill": "#9c9ede"}, {"layer": 10, "name": "Feed", "fill": "#dbdb8d"}, {"layer": 13, "name": "Animal Products", "fill": "#17becf"}, {"layer": 5, "name": "Cereals", "fill": "#e7ba52"}, {"layer": 5, "name": "Oilcrops", "fill": "#ff9896"}, {"layer": 13, "name": "Sugar", "fill": "#d6616b"}, {"layer": 5, "name": "Starchy Roots"}, {"layer": 5, "name": "Fruits & Vegetables"}, {"layer": 13, "name": "Aquatic Products", "fill": "#1f77b4"}, {"layer": 16, "name": "Food", "fill": "#b5cf6b"}, {"layer": 5, "name": "Sugar Crops", "fill": "#ffbb78"}, {"layer": 5, "name": "Others"}, {"layer": 13, "name": "Vegetable Oils", "fill": "#f7b6d2"}, {"layer": 10, "name": "Processing", "fill": "#9edae5"}, {"layer": 16, "name": "Biofuels & Other", "fill": "#e7ba52"}, {"name": "Waste", "fill": "#c7c7c7"}, {"layer": 2, "name": "Import", "fill": "#aec7e8"}, {"layer": 16, "name": "Export", "fill": "#aec7e8"}, {"layer": 0, "name": "Stock Draw", "fill": "#c7c7c7"}, {"layer": 16, "name": "Stock Deposit", "fill": "#c7c7c7"}, {"name": "Crop Residue", "fill": "#bd9e39"}, {"layer": 2, "name": "Electricity", "fill": "#bcbd22"}, {"layer": 0, "name": "Fossil Fuels", "fill": "#c49c94"}, {"layer": 0, "name": "Renewables & Nuclear", "fill": "#2ca02c"}, {"layer": 2, "name": "Fertilizers", "fill": "#c5b0d5"}, {"layer": 0, "name": "Labor", "fill": "#7f7f7f"}], "links": [{"source": 0, "prod": 4.0, "target": 1, "value": 0.029437803963814072, "supply": [{"l": "Fish, Body Oil", "v": 0.029437803963814072}]}, {"source": 2, "prod": 4325.0, "target": 1, "value": 2.6392179830181606, "supply": [{"l": "Milk - Excluding Butter", "v": 2.5831056938534194}, {"l": "Offals, Edible", "v": 0.05611228916474139}]}, {"source": 3, "prod": 1842.0, "target": 1, "value": 6.1995962263764604, "supply": [{"l": "Maize", "v": 0.3866230556710154}, {"l": "Oats", "v": 1.6587244197140152}, {"l": "Barley", "v": 1.8837261422315625}, {"l": "Sorghum", "v": 0.87326056975885735}, {"l": "Cereals, Other", "v": 0.018192928536642859}, {"l": "Wheat", "v": 1.3317674962690955}, {"l": "Millet", "v": 0.047301614195271437}]}, {"source": 4, "prod": 2.0, "target": 1, "value": 0.0075803868902678583, "supply": [{"l": "Soyabeans", "v": 0.0075803868902678583}]}, {"source": 5, "prod": 5.0, "target": 1, "value": 0.018659413883736261, "supply": [{"l": "Sugar", "v": 0.018659413883736261}]}, {"source": 6, "prod": 72.0, "target": 1, "value": 0.057109817832023332, "supply": [{"l": "Potatoes", "v": 0.03356395639751919}, {"l": "Yams", "v": 0.0021956982716637933}, {"l": "Roots, Other", "v": 0.0094614041423848431}, {"l": "Sweet potatoes", "v": 0.0011542341367658613}, {"l": "Cassava", "v": 0.010734524883689655}]}, {"source": 7, "prod": 17.0, "target": 1, "value": 0.060967043902734552, "supply": [{"l": "Bananas", "v": 0.0021435232632282179}, {"l": "Peas", "v": 0.015869221153457944}, {"l": "Plantains", "v": 0.00050413290054838013}, {"l": "Pulses, Other", "v": 0.042450166585500007}]}, {"source": 8, "prod": 142.0, "target": 1, "value": 0.11130237661173578, "supply": [{"l": "Fish, Seafood", "v": 0.037340123174422903}, {"l": "Pelagic Fish", "v": 0.073962253437312886}]}, {"source": 0, "prod": 2030.0, "target": 9, "value": 2.8243263988204692, "supply": [{"l": "Beer", "v": 0.68903224809321639}, {"l": "Beverages, Alcoholic", "v": 0.10813176762077614}, {"l": "Fats, Animals, Raw", "v": 0.46364541243007168}, {"l": "Butter, Ghee", "v": 1.4531581051090745}, {"l": "Wine", "v": 0.073687081620113212}, {"l": "Beverages, Fermented", "v": 0.0031584945376116075}, {"l": "Cream", "v": 0.033513289409605261}]}, {"source": 2, "prod": 5299.0, "target": 9, "value": 5.6136053413319029, "supply": [{"l": "Mutton & Goat Meat", "v": 1.5868685918032559}, {"l": "Pigmeat", "v": 0.40157561769906797}, {"l": "Meat, Other", "v": 0.012970884234458335}, {"l": "Eggs", "v": 0.31426153211317243}, {"l": "Poultry Meat", "v": 0.17336568810812289}, {"l": "Milk - Excluding Butter", "v": 2.0876080829530319}, {"l": "Offals, Edible", "v": 0.15337359038362647}, {"l": "Bovine Meat", "v": 0.88358135403716731}]}, {"source": 3, "prod": 1659.0, "target": 9, "value": 5.5355442171512843, "supply": [{"l": "Maize", "v": 0.10797580834055387}, {"l": "Rye", "v": 0.061128239883120009}, {"l": "Barley", "v": 0.0053062708231875}, {"l": "Rice", "v": 0.27571593346621787}, {"l": "Cereals, Other", "v": 0.040024442780614296}, {"l": "Wheat", "v": 4.9710529316183072}, {"l": "Oats", "v": 0.074340590239283591}]}, {"source": 4, "prod": 151.0, "target": 9, "value": 0.36679636863038367, "supply": [{"l": "Olives", "v": 0.0030321547561071431}, {"l": "Coconuts - Incl Copra", "v": 0.16704926665590281}, {"l": "Groundnuts", "v": 0.19671494721837374}]}, {"source": 10, "prod": 1.0, "target": 9, "value": 0.00037566519102212397, "supply": [{"l": "Sugar cane", "v": 0.00037566519102212397}]}, {"source": 5, "prod": 807.0, "target": 9, "value": 2.9172621591494901, "supply": [{"l": "Sugar", "v": 2.8175714964441756}, {"l": "Sweeteners, Other", "v": 0.047444303830852942}, {"l": "Honey", "v": 0.052246358874461538}]}, {"source": 6, "prod": 967.0, "target": 9, "value": 0.74830671421407358, "supply": [{"l": "Roots, Other", "v": 0.10029088390927936}, {"l": "Yams", "v": 0.019761284444974141}, {"l": "Potatoes", "v": 0.49523960153890562}, {"l": "Sweet potatoes", "v": 0.060020175111824788}, {"l": "Cassava", "v": 0.072994769209089649}]}, {"source": 7, "prod": 2297.0, "target": 9, "value": 1.0994994160862734, "supply": [{"l": "Pulses, Other", "v": 0.018866740704666669}, {"l": "Plantains", "v": 0.0010082658010967603}, {"l": "Citrus, Other", "v": 0.00050413290054838013}, {"l": "Tomatoes", "v": 0.040054558990381489}, {"l": "Treenuts", "v": 0.033513289409605261}, {"l": "Vegetables, Other", "v": 0.22065981580720528}, {"l": "Peas", "v": 0.067444189902196264}, {"l": "Grapes", "v": 0.12007332834184287}, {"l": "Dates", "v": 0.0068468010621774199}, {"l": "Beans", "v": 0.014982411736058824}, {"l": "Apples", "v": 0.14036286237818593}, {"l": "Lemons, Limes", "v": 0.006718731402021583}, {"l": "Pineapples", "v": 0.053552517846323082}, {"l": "Bananas", "v": 0.11360673295109555}, {"l": "Fruits, Other", "v": 0.13375759044378835}, {"l": "Grapefruit", "v": 0.013946666640000001}, {"l": "Oranges, Mandarines", "v": 0.086882662497874602}, {"l": "Onions", "v": 0.026718117271204971}]}, {"source": 11, "prod": 98.0, "target": 9, "value": 0.13481120588180082, "supply": [{"l": "Nuts", "v": 0.033869813765026596}, {"l": "Cocoa Beans", "v": 0.053134902392734711}, {"l": "Coffee", "v": 0.013405315763842107}, {"l": "Pepper", "v": 0.0060643095122142861}, {"l": "Spices, Other", "v": 0.0084900333171}, {"l": "Tea", "v": 0.019846831130883119}]}, {"source": 8, "prod": 484.0, "target": 9, "value": 0.2738978025277839, "supply": [{"l": "Freshwater Fish", "v": 0.013476243360476189}, {"l": "Crustaceans", "v": 0.006557342805890245}, {"l": "Marine Fish, Other", "v": 0.013842445625706523}, {"l": "Demersal Fish", "v": 0.053365923707485712}, {"l": "Pelagic Fish", "v": 0.053127815849337429}, {"l": "Fish, Seafood", "v": 0.12674605190191437}, {"l": "Molluscs, Other", "v": 0.0067819792769733735}]}, {"source": 12, "prod": 58.0, "target": 9, "value": 0.60041135015623359, "supply": [{"l": "Groundnut Oil", "v": 0.12408510232684616}, {"l": "Soyabean Oil", "v": 0.063675249878250004}, {"l": "Sunflowerseed Oil", "v": 0.0070750277642500003}, {"l": "Olive Oil", "v": 0.051454747376363644}, {"l": "Coconut Oil", "v": 0.2318200586584043}, {"l": "Rape and Mustard Oil", "v": 0.060323920937289485}, {"l": "Oilcrops Oil, Other", "v": 0.02122508329275}, {"l": "Cottonseed Oil", "v": 0.040752159922080006}]}, {"source": 0, "prod": 26.0, "target": 13, "value": 0.020824610023075472, "supply": [{"l": "Wine", "v": 0.020824610023075472}]}, {"source": 3, "prod": 384.0, "target": 13, "value": 1.7812505933218505, "supply": [{"l": "Wheat", "v": 0.33294187406727388}, {"l": "Barley", "v": 1.3318739766200625}, {"l": "Sorghum", "v": 0.11643474263451431}]}, {"source": 4, "prod": 405.0, "target": 13, "value": 0.79390066292819739, "supply": [{"l": "Sunflower seed", "v": 0.0077494188087068204}, {"l": "Olives", "v": 0.0030321547561071431}, {"l": "Coconuts - Incl Copra", "v": 0.48149494506701396}, {"l": "Cottonseed", "v": 0.096867735108835257}, {"l": "Soyabeans", "v": 0.0037901934451339291}, {"l": "Groundnuts", "v": 0.019036930375971654}, {"l": "Oilcrops, Other", "v": 0.18192928536642861}, {"l": "Oil Palm", "v": 1.3877787807814457e-17}]}, {"source": 10, "prod": 19223.0, "target": 13, "value": 7.2214119670182892, "supply": [{"l": "Sugar cane", "v": 7.2214119670182892}]}, {"source": 6, "prod": 16.0, "target": 13, "value": 0.010959659231843, "supply": [{"l": "Potatoes", "v": 0.010959659231843}]}, {"source": 7, "prod": 271.0, "target": 13, "value": 0.22082795332013427, "supply": [{"l": "Apples", "v": 0.0054751471140427142}, {"l": "Fruits, Other", "v": 0.0045947263892904397}, {"l": "Grapes", "v": 0.21075807981680111}]}, {"source": 12, "prod": 1.0, "target": 13, "value": 0.010612541646375, "supply": [{"l": "Oilcrops Oil, Other", "v": 0.010612541646375}]}, {"source": 0, "prod": 223.0, "target": 14, "value": 1.1930431902233078, "supply": [{"l": "Alcohol, Non-Food", "v": 0.028033128877216984}, {"l": "Beer", "v": 0.002089242717080705}, {"l": "Butter, Ghee", "v": 0.10856928371504582}, {"l": "Wine", "v": 0.024028396180471701}, {"l": "Fats, Animals, Raw", "v": 1.0303231387334926}]}, {"source": 2, "prod": 300.0, "target": 14, "value": 0.40310313717102575, "supply": [{"l": "Pigmeat", "v": 0.0022186498215418121}, {"l": "Milk - Excluding Butter", "v": 0.065181171714058239}, {"l": "Bovine Meat", "v": 0.0039212190267921623}, {"l": "Offals, Edible", "v": 0.15960828917970882}, {"l": "Mutton & Goat Meat", "v": 0.17217380742892469}]}, {"source": 3, "prod": 97.0, "target": 14, "value": 0.3233373903375904, "supply": [{"l": "Maize", "v": 0.01044927177489231}, {"l": "Barley", "v": 0.0053062708231875}, {"l": "Rice", "v": 0.0043080614604096542}, {"l": "Wheat", "v": 0.30327378627910095}]}, {"source": 4, "prod": 81.0, "target": 14, "value": 0.11370580335401786, "supply": [{"l": "Coconuts - Incl Copra", "v": 0.11370580335401786}]}, {"source": 5, "prod": 153.0, "target": 14, "value": 0.56601136791151163, "supply": [{"l": "Sugar", "v": 0.56351429928883512}, {"l": "Sweeteners, Other", "v": 0.0024970686226764706}]}, {"source": 7, "prod": 6.0, "target": 14, "value": 0.0034685127121897373, "supply": [{"l": "Fruits, Other", "v": 0.0010210503087312089}, {"l": "Bananas", "v": 0.0021435232632282179}, {"l": "Vegetables, Other", "v": 0.00030393914023031031}]}, {"source": 11, "prod": 1.0, "target": 14, "value": 0.0023102131475102043, "supply": [{"l": "Cocoa Beans", "v": 0.0023102131475102043}]}, {"source": 8, "prod": 28.0, "target": 14, "value": 0.024207446763505336, "supply": [{"l": "Molluscs, Other", "v": 0.00025118441766568047}, {"l": "Fish, Seafood", "v": 0.0031555033668526399}, {"l": "Aquatic Plants", "v": 0.0092977777600000006}, {"l": "Demersal Fish", "v": 0.0022052034589870131}, {"l": "Aquatic Products, Other", "v": 0.0092977777600000006}]}, {"source": 12, "prod": 42.0, "target": 14, "value": 0.43998657526962009, "supply": [{"l": "Coconut Oil", "v": 0.031611826180691492}, {"l": "Cottonseed Oil", "v": 0.010188039980520001}, {"l": "Groundnut Oil", "v": 0.010340425193903846}, {"l": "Oilcrops Oil, Other", "v": 0.339601332684}, {"l": "Palm Oil", "v": 0.038811580878171437}, {"l": "Palmkernel Oil", "v": 0.0094333703523333343}]}, {"source": 6, "prod": 78.0, "target": 6, "value": 0.053897594190010299, "supply": [{"l": "Potatoes", "v": 0.05274336005324444}, {"l": "Sweet potatoes", "v": 0.0011542341367658613}]}, {"source": 7, "prod": 7.0, "target": 7, "value": 0.028520516906353585, "supply": [{"l": "Peas", "v": 0.023803831730186919}, {"l": "Pulses, Other", "v": 0.0047166851761666672}]}, {"source": 2, "prod": 6.0, "target": 2, "value": 0.0096695856034822291, "supply": [{"l": "Eggs", "v": 0.0096695856034822291}]}, {"source": 3, "prod": 930.0, "target": 3, "value": 3.1378965158783534, "supply": [{"l": "Maize", "v": 0.0034830905916307699}, {"l": "Wheat", "v": 2.2514782177024562}, {"l": "Oats", "v": 0.32291693885188805}, {"l": "Rye", "v": 0.010188039980520003}, {"l": "Barley", "v": 0.52532081149556253}, {"l": "Rice", "v": 0.017232245841638617}, {"l": "Sorghum", "v": 0.0072771714146571444}]}, {"source": 4, "prod": 5.0, "target": 4, "value": 0.028413281399653489, "supply": [{"l": "Cottonseed", "v": 0.0038747094043534102}, {"l": "Groundnuts", "v": 0.0063456434586572179}, {"l": "Oilcrops, Other", "v": 0.018192928536642859}]}, {"source": 2, "prod": 73.0, "target": 15, "value": 0.050942310891296708, "supply": [{"l": "Milk - Excluding Butter", "v": 0.038625879534256738}, {"l": "Eggs", "v": 0.0048347928017411146}, {"l": "Offals, Edible", "v": 0.0074816385552988517}]}, {"source": 3, "prod": 141.0, "target": 15, "value": 0.48051048453782674, "supply": [{"l": "Maize", "v": 0.017415452958153846}, {"l": "Oats", "v": 0.05110915578950747}, {"l": "Rice", "v": 0.0086161229208193083}, {"l": "Wheat", "v": 0.31316314887515861}, {"l": "Barley", "v": 0.090206603994187506}]}, {"source": 4, "prod": 22.0, "target": 15, "value": 0.035824925809698885, "supply": [{"l": "Coconuts - Incl Copra", "v": 0.02947928235104167}, {"l": "Groundnuts", "v": 0.0063456434586572179}]}, {"source": 5, "prod": 16.0, "target": 15, "value": 0.059710124427956049, "supply": [{"l": "Sugar", "v": 0.059710124427956049}]}, {"source": 6, "prod": 28.0, "target": 15, "value": 0.022892561888841242, "supply": [{"l": "Potatoes", "v": 0.012329616635823375}, {"l": "Yams", "v": 0.0021956982716637933}, {"l": "Roots, Other", "v": 0.002838421242715453}, {"l": "Sweet potatoes", "v": 0.0023084682735317226}, {"l": "Cassava", "v": 0.0032203574651068971}]}, {"source": 7, "prod": 100.0, "target": 15, "value": 0.051853712950414695, "supply": [{"l": "Vegetables, Other", "v": 0.012157565609212414}, {"l": "Oranges, Mandarines", "v": 0.0014725874999639763}, {"l": "Fruits, Other", "v": 0.0076578773154840655}, {"l": "Apples", "v": 0.0064706284075050254}, {"l": "Tomatoes", "v": 0.00076659443043792326}, {"l": "Bananas", "v": 0.0064305697896846533}, {"l": "Peas", "v": 0.0079346105767289718}, {"l": "Grapes", "v": 0.0075570626229131879}, {"l": "Onions", "v": 0.0014062166984844721}]}, {"source": 16, "prod": 102.0, "target": 11, "value": 0.1370668386856066, "supply": [{"l": "Nuts", "v": 0.031611826180691492}, {"l": "Coffee", "v": 0.01468201250325564}, {"l": "Cocoa Beans", "v": 0.060065541835265322}, {"l": "Pepper", "v": 0.0060643095122142861}, {"l": "Spices, Other", "v": 0.00424501665855}, {"l": "Tea", "v": 0.02039813199562987}]}, {"source": 16, "prod": 479.0, "target": 1, "value": 0.33339222624445447, "supply": [{"l": "Pigmeat", "v": 0.0022186498215418121}, {"l": "Meat, Other", "v": 0.0023583425880833336}, {"l": "Crustaceans", "v": 0.0031061097501585365}, {"l": "Demersal Fish", "v": 0.026021400816046755}, {"l": "Mutton & Goat Meat", "v": 0.002869563457148745}, {"l": "Freshwater Fish", "v": 0.01212861902442857}, {"l": "Milk - Excluding Butter", "v": 0.042247055740593301}, {"l": "Pelagic Fish", "v": 0.12292318176905523}, {"l": "Fish, Seafood", "v": 0.10413161110613711}, {"l": "Molluscs, Other", "v": 0.00025118441766568047}, {"l": "Poultry Meat", "v": 0.0034329839229331268}, {"l": "Offals, Edible", "v": 0.0012469397592164751}, {"l": "Bovine Meat", "v": 0.010456584071445767}]}, {"source": 16, "prod": 271.0, "target": 13, "value": 1.3221234529131489, "supply": [{"l": "Sugar", "v": 0.54858676818184615}, {"l": "Beer", "v": 0.0054320310644098337}, {"l": "Groundnut Oil", "v": 0.12408510232684616}, {"l": "Beverages, Alcoholic", "v": 0.074340590239283591}, {"l": "Fats, Animals, Raw", "v": 0.036797254954767586}, {"l": "Soyabean Oil", "v": 0.074287791524625002}, {"l": "Butter, Ghee", "v": 0.016702966725391663}, {"l": "Palm Oil", "v": 0.058217371317257148}, {"l": "Olive Oil", "v": 0.051454747376363644}, {"l": "Coconut Oil", "v": 0.01053727539356383}, {"l": "Rape and Mustard Oil", "v": 0.060323920937289485}, {"l": "Oilcrops Oil, Other", "v": 0.20163829128112501}, {"l": "Wine", "v": 0.0096113584721886809}, {"l": "Sweeteners, Other", "v": 0.011236808802044118}, {"l": "Fish, Body Oil", "v": 0.029437803963814072}, {"l": "Palmkernel Oil", "v": 0.0094333703523333343}]}, {"source": 16, "prod": 225.0, "target": 3, "value": 0.77884119526552498, "supply": [{"l": "Maize", "v": 0.013932362366523079}, {"l": "Barley", "v": 0.015918812469562501}, {"l": "Rice", "v": 0.12493378235187996}, {"l": "Cereals, Other", "v": 0.010915757121985717}, {"l": "Wheat", "v": 0.61314048095557372}]}, {"source": 16, "prod": 170.0, "target": 7, "value": 0.2074508066411998, "supply": [{"l": "Treenuts", "v": 0.03127907011563158}, {"l": "Vegetables, Other", "v": 0.0072945393655274469}, {"l": "Peas", "v": 0.027771137018551405}, {"l": "Grapes", "v": 0.025190208743043955}, {"l": "Dates", "v": 0.0068468010621774199}, {"l": "Beans", "v": 0.009988274490705884}, {"l": "Apples", "v": 0.00049774064673115581}, {"l": "Pineapples", "v": 0.0013061589718615387}, {"l": "Bananas", "v": 0.022149740386691583}, {"l": "Fruits, Other", "v": 0.0096999779329464825}, {"l": "Grapefruit", "v": 0.0011622222200000001}, {"l": "Oranges, Mandarines", "v": 0.0062584968748468986}, {"l": "Onions", "v": 0.0014062166984844721}, {"l": "Pulses, Other", "v": 0.056600222114000003}]}, {"source": 16, "prod": 196.0, "target": 4, "value": 0.30681174545078987, "supply": [{"l": "Coconuts - Incl Copra", "v": 0.26390976580932546}, {"l": "Groundnuts", "v": 0.025382573834628872}, {"l": "Oilcrops, Other", "v": 0.0060643095122142861}, {"l": "Soyabeans", "v": 0.0075803868902678583}, {"l": "Rape and Mustardseed", "v": 0.0038747094043534102}]}, {"source": 16, "prod": 31.0, "target": 6, "value": 0.022540148322937298, "supply": [{"l": "Roots, Other", "v": 0.0047307020711924216}, {"l": "Potatoes", "v": 0.017809446251744878}]}, {"source": 0, "prod": 555.0, "target": 17, "value": 4.2572352746872841, "supply": [{"l": "Beer", "v": 0.0045963339775775512}, {"l": "Beverages, Alcoholic", "v": 0.0033791177381492545}, {"l": "Fats, Animals, Raw", "v": 1.6411575709826345}, {"l": "Butter, Ghee", "v": 2.5722568757103157}, {"l": "Wine", "v": 0.0064075723147924537}, {"l": "Fish, Body Oil", "v": 0.029437803963814072}]}, {"source": 2, "prod": 6774.0, "target": 17, "value": 5.5704403130573423, "supply": [{"l": "Pigmeat", "v": 0.0088745992861672483}, {"l": "Meat, Other", "v": 0.036554310115291672}, {"l": "Eggs", "v": 0.020950768807544828}, {"l": "Mutton & Goat Meat", "v": 1.3286078806598689}, {"l": "Milk - Excluding Butter", "v": 3.4383068079165726}, {"l": "Poultry Meat", "v": 0.0017164919614665634}, {"l": "Offals, Edible", "v": 0.063593927720040244}, {"l": "Bovine Meat", "v": 0.67183552659039047}]}, {"source": 3, "prod": 8091.0, "target": 17, "value": 27.471256006679884, "supply": [{"l": "Maize", "v": 0.01044927177489231}, {"l": "Barley", "v": 2.8813050569908127}, {"l": "Rice", "v": 0.38772553143686883}, {"l": "Cereals, Other", "v": 0.010915757121985717}, {"l": "Wheat", "v": 22.982878673237956}, {"l": "Oats", "v": 0.96875081655566431}, {"l": "Sorghum", "v": 0.16373635682978574}, {"l": "Millet", "v": 0.065494542731914296}]}, {"source": 4, "prod": 627.0, "target": 17, "value": 0.89499274880692425, "supply": [{"l": "Coconuts - Incl Copra", "v": 0.87174449238080376}, {"l": "Cottonseed", "v": 0.02324825642612046}]}, {"source": 5, "prod": 2004.0, "target": 17, "value": 7.4588262968782217, "supply": [{"l": "Sugar", "v": 7.4264467257270326}, {"l": "Honey", "v": 0.022391296660483517}, {"l": "Sweeteners, Other", "v": 0.0099882744907058823}]}, {"source": 6, "prod": 21.0, "target": 17, "value": 0.014645714454042233, "supply": [{"l": "Roots, Other", "v": 0.00094614041423848438}, {"l": "Potatoes", "v": 0.01369957403980375}]}, {"source": 7, "prod": 712.0, "target": 17, "value": 0.5268275754368309, "supply": [{"l": "Fruits, Other", "v": 0.085257700779055923}, {"l": "Tomatoes", "v": 0.00019164860760948081}, {"l": "Vegetables, Other", "v": 0.007902417645988067}, {"l": "Peas", "v": 0.095215326920747675}, {"l": "Grapes", "v": 0.22923089956170004}, {"l": "Dates", "v": 0.0013693602124354839}, {"l": "Apples", "v": 0.084615909944296491}, {"l": "Lemons, Limes", "v": 0.00030539688191007198}, {"l": "Bananas", "v": 0.010003108561731684}, {"l": "Oranges, Mandarines", "v": 0.0095718187497658459}, {"l": "Onions", "v": 0.0031639875715900622}]}, {"source": 11, "prod": 20.0, "target": 17, "value": 0.02680185613141808, "supply": [{"l": "Infant food", "v": 0.012784444420000001}, {"l": "Cocoa Beans", "v": 0.011551065737551023}, {"l": "Coffee", "v": 0.0019150451091203009}, {"l": "Tea", "v": 0.00055130086474675327}]}, {"source": 8, "prod": 101.0, "target": 17, "value": 0.052202250470830866, "supply": [{"l": "Crustaceans", "v": 0.006557342805890245}, {"l": "Fish, Seafood", "v": 0.026821778618247437}, {"l": "Pelagic Fish", "v": 0.013542384432184052}, {"l": "Molluscs, Other", "v": 0.0035165818473195266}, {"l": "Demersal Fish", "v": 0.0017641627671896103}]}, {"source": 12, "prod": 17.0, "target": 17, "value": 0.17754018759535437, "supply": [{"l": "Palm Oil", "v": 0.019405790439085718}, {"l": "Coconut Oil", "v": 0.14752185550989363}, {"l": "Oilcrops Oil, Other", "v": 0.010612541646375}]}, {"source": 18, "prod": 9.0, "target": 7, "value": 0.021052283002743671, "supply": [{"l": "Vegetables, Other", "v": 0.0012157565609212412}, {"l": "Peas", "v": 0.019836526441822429}]}, {"source": 12, "prod": 4.0, "target": 19, "value": 0.042299634079877663, "supply": [{"l": "Coconut Oil", "v": 0.021074550787127659}, {"l": "Oilcrops Oil, Other", "v": 0.02122508329275}]}, {"source": 2, "prod": 312.0, "target": 19, "value": 0.26761235585941101, "supply": [{"l": "Milk - Excluding Butter", "v": 0.16717763485920492}, {"l": "Mutton & Goat Meat", "v": 0.1004347210002061}]}, {"source": 0, "prod": 55.0, "target": 19, "value": 0.044052059664198111, "supply": [{"l": "Wine", "v": 0.044052059664198111}]}, {"source": 3, "prod": 88.0, "target": 19, "value": 0.3271362437829799, "supply": [{"l": "Maize", "v": 0.21943470727273851}, {"l": "Rice", "v": 0.10770153651024136}]}, {"source": 7, "prod": 69.0, "target": 19, "value": 0.054849978005019631, "supply": [{"l": "Bananas", "v": 0.00071450775440940601}, {"l": "Fruits, Other", "v": 0.0045947263892904397}, {"l": "Grapes", "v": 0.049540743861319785}]}, {"source": 18, "prod": 2.0, "target": 4, "value": 0.012691286917314436, "supply": [{"l": "Groundnuts", "v": 0.012691286917314436}]}, {"source": 4, "prod": 21.0, "target": 19, "value": 0.02947928235104167, "supply": [{"l": "Coconuts - Incl Copra", "v": 0.02947928235104167}]}, {"source": 18, "prod": 112.0, "target": 13, "value": 0.45787412135196115, "supply": [{"l": "Sugar", "v": 0.37692016045147247}, {"l": "Fats, Animals, Raw", "v": 0.080953960900488703}]}, {"source": 18, "prod": 2656.0, "target": 3, "value": 8.7992563734978742, "supply": [{"l": "Wheat", "v": 5.8479097484687506}, {"l": "Oats", "v": 1.340453767752082}, {"l": "Rye", "v": 0.020376079961040006}, {"l": "Barley", "v": 1.5759624344866876}, {"l": "Cereals, Other", "v": 0.014554342829314289}]}, {"source": 1, "prod": 755.0, "target": 8, "value": 0.46160987637385587, "supply": [{"l": "Pelagic Fish", "v": 0.14063245371883437}, {"l": "Crustaceans", "v": 0.01311468561178049}, {"l": "Freshwater Fish", "v": 0.013476243360476189}, {"l": "Molluscs, Other", "v": 0.010549745541958581}, {"l": "Demersal Fish", "v": 0.057335289933662333}, {"l": "Aquatic Plants", "v": 0.0092977777600000006}, {"l": "Fish, Seafood", "v": 0.19406345706143735}, {"l": "Marine Fish, Other", "v": 0.013842445625706523}, {"l": "Aquatic Products, Other", "v": 0.0092977777600000006}]}, {"source": 1, "prod": 17083.0, "target": 2, "value": 14.544921441329139, "supply": [{"l": "Poultry Meat", "v": 0.17508218006958945}, {"l": "Pigmeat", "v": 0.412668866806777}, {"l": "Bovine Meat", "v": 1.55933809965435}, {"l": "Eggs", "v": 0.34971667932594058}, {"l": "Milk - Excluding Butter", "v": 8.3800052708305444}, {"l": "Offals, Edible", "v": 0.44016973500341577}, {"l": "Meat, Other", "v": 0.049525194349750008}, {"l": "Mutton & Goat Meat", "v": 3.1880850008922557}]}, {"source": 13, "prod": 2893.0, "target": 0, "value": 8.3689193373821471, "supply": [{"l": "Fats, Animals, Raw", "v": 3.1351261221461986}, {"l": "Alcohol, Non-Food", "v": 0.028033128877216984}, {"l": "Beverages, Fermented", "v": 0.0031584945376116075}, {"l": "Fish, Body Oil", "v": 0.058875607927628144}, {"l": "Beer", "v": 0.69571782478787458}, {"l": "Beverages, Alcoholic", "v": 0.11151088535892539}, {"l": "Cream", "v": 0.033513289409605261}, {"l": "Butter, Ghee", "v": 4.133984264534436}, {"l": "Wine", "v": 0.16899971980265094}]}, {"source": 13, "prod": 122.0, "target": 12, "value": 1.2708502887474606, "supply": [{"l": "Olive Oil", "v": 0.051454747376363644}, {"l": "Soyabean Oil", "v": 0.063675249878250004}, {"l": "Coconut Oil", "v": 0.43202829113611713}, {"l": "Rape and Mustard Oil", "v": 0.060323920937289485}, {"l": "Palm Oil", "v": 0.058217371317257155}, {"l": "Groundnut Oil", "v": 0.13442552752075002}, {"l": "Cottonseed Oil", "v": 0.050940199902600007}, {"l": "Palmkernel Oil", "v": 0.0094333703523333343}, {"l": "Oilcrops Oil, Other", "v": 0.40327658256225002}, {"l": "Sunflowerseed Oil", "v": 0.0070750277642500003}]}, {"source": 13, "prod": 2985.0, "target": 5, "value": 11.020469362250916, "supply": [{"l": "Honey", "v": 0.074637655534945058}, {"l": "Sweeteners, Other", "v": 0.059929646944235297}, {"l": "Sugar", "v": 10.885902059771736}]}, {"source": 6, "prod": 583.75, "target": 20, "value": 1.4575595882309784, "supply": [{"l": "Roots, Other", "v": 0.20658499960500004}, {"l": "Yams", "v": 0.038353333260000004}, {"l": "Potatoes", "v": 1.5515666637000003}, {"l": "Sweet potatoes", "v": 0.097626666480000013}, {"l": "Cassava", "v": 0.14120999972999998}]}, {"source": 10, "prod": 7689.6000000000004, "target": 20, "value": 2.8887150528837249, "supply": [{"l": "Sugar cane", "v": 2.8887150528837249}]}, {"source": 7, "prod": 3391.0, "target": 20, "value": 13.209838334777519, "supply": [{"l": "Vegetables, Other", "v": 2.7178566614700004}, {"l": "Pulses, Other", "v": 0.029636666610000001}, {"l": "Beans", "v": 0.0069733333200000004}, {"l": "Onions", "v": 0.3050833327500001}, {"l": "Tomatoes", "v": 0.74614666523999995}, {"l": "Peas", "v": 0.16387333302000001}]}, {"source": 3, "prod": 23585.0, "target": 20, "value": 77.56606170690182, "supply": [{"l": "Sorghum", "v": 2.22449332908}, {"l": "Rice", "v": 1.1959266643799999}, {"l": "Wheat", "v": 61.888333214999996}, {"l": "Oats", "v": 7.2208866528600009}, {"l": "Maize", "v": 1.4957799971399999}, {"l": "Barley", "v": 7.7961866517600003}, {"l": "Cereals, Other", "v": 0.10808666645999999}, {"l": "Rye", "v": 0.083679999840000005}, {"l": "Millet", "v": 0.21965999957999999}]}, {"source": 4, "prod": 1208.0, "target": 20, "value": 1.8942816181006137, "supply": [{"l": "Coconuts - Incl Copra", "v": 3.8492799926399996}, {"l": "Groundnuts", "v": 0.11505999977999999}, {"l": "Oilcrops, Other", "v": 0.18008045980358264}, {"l": "Soyabeans", "v": 0.006821229538014493}, {"l": "Sunflower seed", "v": 0.0069733333200000013}, {"l": "Cottonseed", "v": 0.11157333312000003}, {"l": "Olives", "v": 0.0040927377228086956}, {"l": "Rape and Mustardseed", "v": 0.0017433333300000003}]}, {"source": 21, "prod": 0, "target": 3, "value": 0.012994957068903745, "supply": "[{\"l\":'Energy for power irrigation',\"v\":0.012994957068903745}]"}, {"source": 21, "prod": 0, "target": 4, "value": 0.0013311772854980475, "supply": "[{\"l\":'Energy for power irrigation',\"v\":0.0013311772854980475}]"}, {"source": 21, "prod": 0, "target": 10, "value": 0.021184231901005351, "supply": "[{\"l\":'Energy for power irrigation',\"v\":0.021184231901005351}]"}, {"source": 21, "prod": 0, "target": 6, "value": 0.0012865475834594126, "supply": "[{\"l\":'Energy for power irrigation',\"v\":0.0012865475834594126}]"}, {"source": 21, "prod": 0, "target": 7, "value": 0.0037367733237780461, "supply": "[{\"l\":'Energy for power irrigation',\"v\":0.0037367733237780461}]"}, {"source": 21, "prod": 0, "target": 11, "value": 6.9423980948987582e-05, "supply": "[{\"l\":'Energy for power irrigation',\"v\":6.9423980948987582e-05}]"}, {"source": 21, "prod": 0, "target": 13, "value": 0.35166666694799997, "supply": "[{\"l\":'Electricity',\"v\":0.35166666694799997}]"}, {"source": 22, "prod": 0, "target": 21, "value": 0.74103070711270635, "supply": [{"l": "Coal", "v": 0.38454279640459271}, {"l": "Natural gas", "v": 0.11514544807658356}, {"l": "Oil", "v": 0.24134246263153009}]}, {"source": 23, "prod": 0, "target": 21, "value": 0.10414595430293234, "supply": [{"l": "Nuclear", "v": 0.01189090605717614}, {"l": "Hydroelectric", "v": 0.091070305467664509}, {"l": "Renewable", "v": 0.0011847427780916839}]}, {"source": 22, "prod": 0, "target": 3, "value": 0.63625900256662027, "supply": [{"l": "Motor Gasoline", "v": 0.5736895580721203}, {"l": "Gas-Diesel oil", "v": 0.010194131337552334}, {"l": "Natural gas (including LNG)", "v": 0.0091865718448872757}, {"l": "Fuel oil", "v": 0.017958266251618355}, {"l": "Liquefied petroleum gas (LPG)", "v": 0.016820316706961352}, {"l": "Coal", "v": 0.0084101583534806762}]}, {"source": 22, "prod": 0, "target": 4, "value": 0.065177093500146471, "supply": [{"l": "Motor Gasoline", "v": 0.058767605355193667}, {"l": "Gas-Diesel oil", "v": 0.0010442663265434148}, {"l": "Natural gas (including LNG)", "v": 0.00094105395705947254}, {"l": "Fuel oil", "v": 0.0018396087031549691}, {"l": "Liquefied petroleum gas (LPG)", "v": 0.0017230394387966347}, {"l": "Coal", "v": 0.00086151971939831733}]}, {"source": 22, "prod": 0, "target": 10, "value": 1.0372222230519998, "supply": [{"l": "Motor Gasoline", "v": 0.93522222297039981}, {"l": "Gas-Diesel oil", "v": 0.016618357501217391}, {"l": "Natural gas (including LNG)", "v": 0.014975845422608693}, {"l": "Fuel oil", "v": 0.029275362342260868}, {"l": "Liquefied petroleum gas (LPG)", "v": 0.027420289877008695}, {"l": "Coal", "v": 0.013710144938504348}]}, {"source": 22, "prod": 0, "target": 6, "value": 0.062991934322368381, "supply": [{"l": "Motor Gasoline", "v": 0.056797333818036921}, {"l": "Gas-Diesel oil", "v": 0.0010092557419200635}, {"l": "Natural gas (including LNG)", "v": 0.00090950372091633627}, {"l": "Fuel oil", "v": 0.0017779330802429026}, {"l": "Liquefied petroleum gas (LPG)", "v": 0.001665271974168105}, {"l": "Coal", "v": 0.00083263598708405249}]}, {"source": 22, "prod": 0, "target": 7, "value": 0.18295987090976548, "supply": [{"l": "Motor Gasoline", "v": 0.16496767364193851}, {"l": "Gas-Diesel oil", "v": 0.0029313800606860264}, {"l": "Natural gas (including LNG)", "v": 0.0026416506360833376}, {"l": "Fuel oil", "v": 0.0051640009208596864}, {"l": "Liquefied petroleum gas (LPG)", "v": 0.004836777100131944}, {"l": "Coal", "v": 0.002418388550065972}]}, {"source": 22, "prod": 0, "target": 11, "value": 0.0033991364987659171, "supply": [{"l": "Motor Gasoline", "v": 0.0030648668355771529}, {"l": "Gas-Diesel oil", "v": 5.4460909414101936e-05}, {"l": "Natural gas (including LNG)", "v": 4.9078145111545339e-05}, {"l": "Fuel oil", "v": 9.5939857863214456e-05}, {"l": "Liquefied petroleum gas (LPG)", "v": 8.9860500533268191e-05}, {"l": "Coal", "v": 4.4930250266634095e-05}]}, {"source": 22, "prod": 0, "target": 1, "value": 1.3551524640470849, "supply": [{"l": "Gas-diesel oils used in fisheries", "v": 1.3247065751338394}, {"l": "Fuel oil used in fisheries", "v": 0.030445888913245601}]}, {"source": 24, "prod": 1047.6969162640901, "target": 3, "value": 10.21354463824777, "supply": [{"l": "Potash", "v": 0.81945734787778812}, {"l": "Phosphate", "v": 6.876614463834624}, {"l": "Nitrogen", "v": 24.216437473076851}]}, {"source": 24, "prod": 107.32396649116141, "target": 4, "value": 1.0462549860507362, "supply": [{"l": "Potash", "v": 0.81945734787778812}, {"l": "Phosphate", "v": 6.876614463834624}, {"l": "Nitrogen", "v": 24.216437473076851}]}, {"source": 24, "prod": 1707.9436521739131, "target": 10, "value": 16.650004844237877, "supply": [{"l": "Potash", "v": 0.81945734787778812}, {"l": "Phosphate", "v": 6.876614463834624}, {"l": "Nitrogen", "v": 24.216437473076851}]}, {"source": 24, "prod": 103.72577059472761, "target": 6, "value": 1.0111777286541677, "supply": [{"l": "Potash", "v": 0.81945734787778812}, {"l": "Phosphate", "v": 6.876614463834624}, {"l": "Nitrogen", "v": 24.216437473076851}]}, {"source": 24, "prod": 301.27116752609965, "target": 7, "value": 2.9369624649818271, "supply": [{"l": "Potash", "v": 0.81945734787778812}, {"l": "Phosphate", "v": 6.876614463834624}, {"l": "Nitrogen", "v": 24.216437473076851}]}, {"source": 24, "prod": 5.5971936166748089, "target": 11, "value": 0.054564622616884426, "supply": [{"l": "Potash", "v": 0.81945734787778812}, {"l": "Phosphate", "v": 6.876614463834624}, {"l": "Nitrogen", "v": 24.216437473076851}]}, {"source": 22, "prod": 0, "target": 24, "value": 38.123391774441551, "supply": [{"l": "Natural gas (including LNG)", "v": 26.139597836385104}, {"l": "Fuel oil", "v": 7.703025554574161}, {"l": "Liquefied petroleum gas (LPG)", "v": 2.1403841917411444}, {"l": "Coal", "v": 2.1403841917411444}]}, {"source": 25, "prod": 0, "target": 3, "value": 0.42398126728194718, "supply": "[{\"l\":'Labor',\"v\":0.42398126728194718}]"}, {"source": 25, "prod": 0, "target": 4, "value": 0.043431788923179324, "supply": "[{\"l\":'Labor',\"v\":0.043431788923179324}]"}, {"source": 25, "prod": 0, "target": 10, "value": 0.69116946213509878, "supply": "[{\"l\":'Labor',\"v\":0.69116946213509878}]"}, {"source": 25, "prod": 0, "target": 6, "value": 0.041975673483287963, "supply": "[{\"l\":'Labor',\"v\":0.041975673483287963}]"}, {"source": 25, "prod": 0, "target": 7, "value": 0.12191820880670622, "supply": "[{\"l\":'Labor',\"v\":0.12191820880670622}]"}, {"source": 25, "prod": 0, "target": 11, "value": 0.0022650684620532263, "supply": "[{\"l\":'Labor',\"v\":0.0022650684620532263}]"}, {"source": 22, "prod": 0, "target": 16, "value": 6.7192324276256761, "supply": "[{\"l\":'Fossil Fuels',\"v\":6.7192324276256761}]"}, {"source": 23, "prod": 0, "target": 16, "value": 0.37699277570602419, "supply": "[{\"l\":'Renewables & Nuclear',\"v\":0.21701304671792276},{\"l\":'Biomass & Waste',\"v\":0.15997972898810142}]"}]}