{"nodes": [{"layer": 3, "name": "Oilcrops", "fill": "#ff9896"}, {"layer": 5, "name": "Production", "fill": "#b5cf6b"}, {"layer": 3, "name": "Vegetables"}, {"layer": 3, "name": "Sugar Crops", "fill": "#ffbb78"}, {"layer": 3, "name": "Others"}, {"layer": 3, "name": "Starchy Roots"}, {"layer": 3, "name": "Pulses"}, {"layer": 3, "name": "Fruits - Excluding Wine"}, {"layer": 3, "name": "Cereals - Excluding Beer"}, {"layer": 3, "name": "Stimulants"}, {"layer": 1, "name": "Electricity", "fill": "#bcbd22"}, {"layer": 0, "name": "Fossil Fuels", "fill": "#c49c94"}, {"layer": 0, "name": "Renewables & Nuclear", "fill": "#2ca02c"}, {"layer": 1, "name": "Fertilizers", "fill": "#c5b0d5"}, {"layer": 0, "name": "Labor", "fill": "#7f7f7f"}], "links": [{"source": 0, "prod": 1209.0, "target": 1, "value": 2.3396396561105997, "supply": [{"l": "Olives", "v": 0.0023244444400000001}, {"l": "Sunflower seed", "v": 0.05038451477431307}, {"l": "Coconuts - Incl Copra", "v": 1.4374659584507938}, {"l": "Cottonseed", "v": 0.18603513147438672}, {"l": "Groundnuts", "v": 0.19677834230287852}, {"l": "Oilcrops, Other", "v": 0.3153440946351429}, {"l": "Soyabeans", "v": 0.019532285238726996}, {"l": "Rape and Mustardseed", "v": 0.13177488479435728}]}, {"source": 2, "prod": 1127.0, "target": 1, "value": 0.33376272821082981, "supply": [{"l": "Tomatoes", "v": 0.04403807805378554}, {"l": "Vegetables, Other", "v": 0.25911069354192479}, {"l": "Onions", "v": 0.030613956615119498}]}, {"source": 3, "prod": 20533.0, "target": 1, "value": 5.7156017737709615, "supply": [{"l": "Sugar cane", "v": 5.7156017737709615}]}, {"source": 4, "prod": 1.0, "target": 1, "value": 0.0024970686226764706, "supply": [{"l": "Nuts", "v": 0.0024970686226764706}]}, {"source": 5, "prod": 1352.0, "target": 1, "value": 1.0316164977427429, "supply": [{"l": "Roots, Other", "v": 0.11871656756961864}, {"l": "Yams", "v": 0.027211645247115387}, {"l": "Potatoes", "v": 0.73039476553688909}, {"l": "Sweet potatoes", "v": 0.061461590884527614}, {"l": "Cassava", "v": 0.093831928504592182}]}, {"source": 6, "prod": 93.0, "target": 1, "value": 0.37255370399547239, "supply": [{"l": "Peas", "v": 0.32273371682221197}, {"l": "Beans", "v": 0.00265313541159375}, {"l": "Pulses, Other", "v": 0.047166851761666677}]}, {"source": 7, "prod": 2442.0, "target": 1, "value": 1.4774503220375523, "supply": [{"l": "Plantains", "v": 0.0019879102401014633}, {"l": "Apples", "v": 0.28029534385430632}, {"l": "Grapes", "v": 0.63617231427335885}, {"l": "Grapefruit", "v": 0.0072085188541415098}, {"l": "Lemons, Limes", "v": 0.0073826376670434778}, {"l": "Pineapples", "v": 0.055788484899848764}, {"l": "Bananas", "v": 0.12015031541369409}, {"l": "Citrus, Other", "v": 0.00099395512005073165}, {"l": "Fruits, Other", "v": 0.27046262929219228}, {"l": "Oranges, Mandarines", "v": 0.097008212422814988}]}, {"source": 8, "prod": 13420.0, "target": 1, "value": 41.765550432641994, "supply": [{"l": "Maize", "v": 0.87012685958029667}, {"l": "Rye", "v": 0.11174915648148719}, {"l": "Barley", "v": 7.145778041892501}, {"l": "Rice", "v": 0.77424035175344785}, {"l": "Cereals, Other", "v": 0.029388576866884616}, {"l": "Wheat", "v": 27.007374457093142}, {"l": "Oats", "v": 3.9046364237268163}, {"l": "Sorghum", "v": 1.8099597899580582}, {"l": "Millet", "v": 0.11229677528936856}]}, {"source": 9, "prod": 4.0, "target": 1, "value": 0.007127861268309851, "supply": [{"l": "Cocoa Beans", "v": 0.0065870948149913799}, {"l": "Coffee", "v": 0.00054076645331847144}]}, {"source": 10, "prod": 0, "target": 0, "value": 0.0012819407378372024, "supply": "[{\"l\":'Energy for power irrigation',\"v\":0.0012819407378372024}]"}, {"source": 10, "prod": 0, "target": 2, "value": 0.001120902745187932, "supply": "[{\"l\":'Energy for power irrigation',\"v\":0.001120902745187932}]"}, {"source": 10, "prod": 0, "target": 3, "value": 0.020100380450280536, "supply": "[{\"l\":'Energy for power irrigation',\"v\":0.020100380450280536}]"}, {"source": 10, "prod": 0, "target": 5, "value": 0.0013416569539563849, "supply": "[{\"l\":'Energy for power irrigation',\"v\":0.0013416569539563849}]"}, {"source": 10, "prod": 0, "target": 6, "value": 9.88743906235643e-05, "supply": "[{\"l\":'Energy for power irrigation',\"v\":9.88743906235643e-05}]"}, {"source": 10, "prod": 0, "target": 4, "value": 1.2236929532619344e-05, "supply": "[{\"l\":'Energy for power irrigation',\"v\":1.2236929532619344e-05}]"}, {"source": 10, "prod": 0, "target": 7, "value": 0.0024454279977986497, "supply": "[{\"l\":'Energy for power irrigation',\"v\":0.0024454279977986497}]"}, {"source": 10, "prod": 0, "target": 8, "value": 0.014143932630982743, "supply": "[{\"l\":'Energy for power irrigation',\"v\":0.014143932630982743}]"}, {"source": 10, "prod": 0, "target": 9, "value": 4.943719531178215e-05, "supply": "[{\"l\":'Energy for power irrigation',\"v\":4.943719531178215e-05}]"}, {"source": 11, "prod": 0, "target": 10, "value": 0.076414352121707885, "supply": [{"l": "Coal", "v": 0.039803305719458795}, {"l": "Natural gas", "v": 0.011630139431616986}, {"l": "Oil", "v": 0.024980906970632107}]}, {"source": 12, "prod": 0, "target": 10, "value": 0.010779952965762778, "supply": [{"l": "Nuclear", "v": 0.001230805448705302}, {"l": "Hydroelectric", "v": 0.0094265170076935998}, {"l": "Renewable", "v": 0.00012263050936387536}]}, {"source": 11, "prod": 0, "target": 0, "value": 0.070666216663727494, "supply": [{"l": "Motor Gasoline", "v": 0.064493797669494549}, {"l": "Gas-Diesel oil", "v": 0.0010056418177588967}, {"l": "Natural gas (including LNG)", "v": 0.00090624698693388931}, {"l": "Fuel oil", "v": 0.0017715666905868935}, {"l": "Liquefied petroleum gas (LPG)", "v": 0.0016593089993021796}, {"l": "Coal", "v": 0.0008296544996510898}]}, {"source": 11, "prod": 0, "target": 2, "value": 0.061789093608222968, "supply": [{"l": "Motor Gasoline", "v": 0.056392056763322838}, {"l": "Gas-Diesel oil", "v": 0.00087931262415726367}, {"l": "Natural gas (including LNG)", "v": 0.00079240381828125494}, {"l": "Fuel oil", "v": 0.0015490216576723888}, {"l": "Liquefied petroleum gas (LPG)", "v": 0.0014508658298594851}, {"l": "Coal", "v": 0.00072543291492974257}]}, {"source": 11, "prod": 0, "target": 3, "value": 1.108021453721256, "supply": [{"l": "Motor Gasoline", "v": 1.01124009213356}, {"l": "Gas-Diesel oil", "v": 0.015768110441492591}, {"l": "Natural gas (including LNG)", "v": 0.0142096344094846}, {"l": "Fuel oil", "v": 0.027777543394024738}, {"l": "Liquefied petroleum gas (LPG)", "v": 0.026017382228462775}, {"l": "Coal", "v": 0.013008691114231388}]}, {"source": 11, "prod": 0, "target": 5, "value": 0.073958037371239807, "supply": [{"l": "Motor Gasoline", "v": 0.067498090649898645}, {"l": "Gas-Diesel oil", "v": 0.0010524872938057028}, {"l": "Natural gas (including LNG)", "v": 0.00094846238685979026}, {"l": "Fuel oil", "v": 0.0018540909885065579}, {"l": "Liquefied petroleum gas (LPG)", "v": 0.0017366040347794097}, {"l": "Coal", "v": 0.00086830201738970485}]}, {"source": 11, "prod": 0, "target": 6, "value": 0.0054503916632580958, "supply": [{"l": "Motor Gasoline", "v": 0.0049743211642756394}, {"l": "Gas-Diesel oil", "v": 7.7563820995531557e-05}, {"l": "Natural gas (including LNG)", "v": 6.9897629385508078e-05}, {"l": "Fuel oil", "v": 0.00013663859163747709}, {"l": "Liquefied petroleum gas (LPG)", "v": 0.00012798030464262707}, {"l": "Coal", "v": 6.3990152321313537e-05}]}, {"source": 11, "prod": 0, "target": 4, "value": 0.00067455342367055647, "supply": [{"l": "Motor Gasoline", "v": 0.00061563380745985634}, {"l": "Gas-Diesel oil", "v": 9.5994827964766771e-06}, {"l": "Natural gas (including LNG)", "v": 8.6506967061272368e-06}, {"l": "Fuel oil", "v": 1.6910716786816471e-05}, {"l": "Liquefied petroleum gas (LPG)", "v": 1.5839146614186519e-05}, {"l": "Coal", "v": 7.9195733070932594e-06}]}, {"source": 11, "prod": 0, "target": 7, "value": 0.13480275618632401, "supply": [{"l": "Motor Gasoline", "v": 0.12302826008277769}, {"l": "Gas-Diesel oil", "v": 0.001918360642047899}, {"l": "Natural gas (including LNG)", "v": 0.0017287552297524671}, {"l": "Fuel oil", "v": 0.0033794376426774038}, {"l": "Liquefied petroleum gas (LPG)", "v": 0.0031652950593790336}, {"l": "Coal", "v": 0.0015826475296895168}]}, {"source": 11, "prod": 0, "target": 8, "value": 0.77967582921537593, "supply": [{"l": "Motor Gasoline", "v": 0.71157418001440031}, {"l": "Gas-Diesel oil", "v": 0.011095466195479603}, {"l": "Natural gas (including LNG)", "v": 0.0099988212808101058}, {"l": "Fuel oil", "v": 0.01954608289087395}, {"l": "Liquefied petroleum gas (LPG)", "v": 0.018307519222541348}, {"l": "Coal", "v": 0.0091537596112706739}]}, {"source": 11, "prod": 0, "target": 9, "value": 0.0027251958316290479, "supply": [{"l": "Motor Gasoline", "v": 0.0024871605821378197}, {"l": "Gas-Diesel oil", "v": 3.8781910497765779e-05}, {"l": "Natural gas (including LNG)", "v": 3.4948814692754039e-05}, {"l": "Fuel oil", "v": 6.8319295818738545e-05}, {"l": "Liquefied petroleum gas (LPG)", "v": 6.3990152321313537e-05}, {"l": "Coal", "v": 3.1995076160656769e-05}]}, {"source": 13, "prod": 103.35435128749157, "target": 0, "value": 1.0075569222787044, "supply": [{"l": "Potash", "v": 0.81945734787778812}, {"l": "Phosphate", "v": 6.876614463834624}, {"l": "Nitrogen", "v": 24.216437473076851}]}, {"source": 13, "prod": 90.370929533545507, "target": 2, "value": 0.88098715235518632, "supply": [{"l": "Potash", "v": 0.81945734787778812}, {"l": "Phosphate", "v": 6.876614463834624}, {"l": "Nitrogen", "v": 24.216437473076851}]}, {"source": 13, "prod": 1620.5599219629023, "target": 3, "value": 15.798138607626955, "supply": [{"l": "Potash", "v": 0.81945734787778812}, {"l": "Phosphate", "v": 6.876614463834624}, {"l": "Nitrogen", "v": 24.216437473076851}]}, {"source": 13, "prod": 108.16887242421321, "target": 5, "value": 1.0544916089980636, "supply": [{"l": "Potash", "v": 0.81945734787778812}, {"l": "Phosphate", "v": 6.876614463834624}, {"l": "Nitrogen", "v": 24.216437473076851}]}, {"source": 13, "prod": 7.9715841771948446, "target": 6, "value": 0.077711530469758788, "supply": [{"l": "Potash", "v": 0.81945734787778812}, {"l": "Phosphate", "v": 6.876614463834624}, {"l": "Nitrogen", "v": 24.216437473076851}]}, {"source": 13, "prod": 0.98658220014787679, "target": 4, "value": 0.0096177636719998513, "supply": [{"l": "Potash", "v": 0.81945734787778812}, {"l": "Phosphate", "v": 6.876614463834624}, {"l": "Nitrogen", "v": 24.216437473076851}]}, {"source": 13, "prod": 197.1585868775517, "target": 7, "value": 1.9220138922124501, "supply": [{"l": "Potash", "v": 0.81945734787778812}, {"l": "Phosphate", "v": 6.876614463834624}, {"l": "Nitrogen", "v": 24.216437473076851}]}, {"source": 13, "prod": 1140.3311702189219, "target": 8, "value": 11.116595962644308, "supply": [{"l": "Potash", "v": 0.81945734787778812}, {"l": "Phosphate", "v": 6.876614463834624}, {"l": "Nitrogen", "v": 24.216437473076851}]}, {"source": 13, "prod": 3.9857920885974223, "target": 9, "value": 0.038855765234879394, "supply": [{"l": "Potash", "v": 0.81945734787778812}, {"l": "Phosphate", "v": 6.876614463834624}, {"l": "Nitrogen", "v": 24.216437473076851}]}, {"source": 11, "prod": 0, "target": 13, "value": 38.123391774441551, "supply": [{"l": "Natural gas (including LNG)", "v": 26.139597836385104}, {"l": "Fuel oil", "v": 7.703025554574161}, {"l": "Liquefied petroleum gas (LPG)", "v": 2.1403841917411444}, {"l": "Coal", "v": 2.1403841917411444}]}, {"source": 14, "prod": 0, "target": 0, "value": 0.045296801749645642, "supply": "[{\"l\":'Labor',\"v\":0.045296801749645642}]"}, {"source": 14, "prod": 0, "target": 2, "value": 0.039606596413397678, "supply": "[{\"l\":'Labor',\"v\":0.039606596413397678}]"}, {"source": 14, "prod": 0, "target": 3, "value": 0.71023793961405046, "supply": "[{\"l\":'Labor',\"v\":0.71023793961405046}]"}, {"source": 14, "prod": 0, "target": 5, "value": 0.047406847497433638, "supply": "[{\"l\":'Labor',\"v\":0.047406847497433638}]"}, {"source": 14, "prod": 0, "target": 6, "value": 0.0034936823037145549, "supply": "[{\"l\":'Labor',\"v\":0.0034936823037145549}]"}, {"source": 14, "prod": 0, "target": 4, "value": 0.00043238642372704888, "supply": "[{\"l\":'Labor',\"v\":0.00043238642372704888}]"}, {"source": 14, "prod": 0, "target": 7, "value": 0.086408102917613444, "supply": "[{\"l\":'Labor',\"v\":0.086408102917613444}]"}, {"source": 14, "prod": 0, "target": 8, "value": 0.49976952400067215, "supply": "[{\"l\":'Labor',\"v\":0.49976952400067215}]"}, {"source": 14, "prod": 0, "target": 9, "value": 0.0017468411518572775, "supply": "[{\"l\":'Labor',\"v\":0.0017468411518572775}]"}]}