{"nodes": [{"layer": 13, "name": "Other Processed", "fill": "#9c9ede"}, {"layer": 10, "name": "Feed", "fill": "#dbdb8d"}, {"layer": 13, "name": "Animal Products", "fill": "#17becf"}, {"layer": 5, "name": "Cereals", "fill": "#e7ba52"}, {"layer": 5, "name": "Oilcrops", "fill": "#ff9896"}, {"layer": 5, "name": "Fruits, Roots & Vegetables", "fill": "#98df8a"}, {"layer": 13, "name": "Sugar", "fill": "#d6616b"}, {"layer": 13, "name": "Aquatic Products", "fill": "#1f77b4"}, {"layer": 16, "name": "Food", "fill": "#b5cf6b"}, {"layer": 5, "name": "Sugar Crops", "fill": "#ffbb78"}, {"layer": 13, "name": "Vegetable Oils", "fill": "#f7b6d2"}, {"layer": 10, "name": "Processing", "fill": "#9edae5"}, {"layer": 16, "name": "Biofuels & Other", "fill": "#e7ba52"}, {"name": "Seed", "fill": "#dbdb8d"}, {"name": "Waste", "fill": "#c7c7c7"}, {"layer": 0, "name": "Import", "fill": "#aec7e8"}, {"layer": 16, "name": "Export", "fill": "#aec7e8"}, {"layer": 0, "name": "Stock Draw", "fill": "#c7c7c7"}, {"layer": 16, "name": "Stock Deposit", "fill": "#c7c7c7"}, {"layer": 0, "name": "Production", "fill": "#b5cf6b"}], "links": [{"source": 0, "prod": 0.023199850194064595, "target": 1, "value": 3.0, "supply": [{"l": "Fish, Body Oil", "v": 3.0}]}, {"source": 2, "prod": 2.8468593736606937, "target": 1, "value": 4616.0, "supply": [{"l": "Milk - Excluding Butter", "v": 4571.0}, {"l": "Offals, Edible", "v": 45.0}]}, {"source": 3, "prod": 4.9724415148302032, "target": 1, "value": 1741.0, "supply": [{"l": "Maize", "v": 149.0}, {"l": "Oats", "v": 654.0}, {"l": "Barley", "v": 432.0}, {"l": "Sorghum", "v": 179.0}, {"l": "Cereals, Other", "v": 3.0}, {"l": "Wheat", "v": 310.0}, {"l": "Millet", "v": 14.0}]}, {"source": 4, "prod": 0.0039357770344172188, "target": 1, "value": 1.0, "supply": [{"l": "Soyabeans", "v": 1.0}]}, {"source": 5, "prod": 0.070012013981013893, "target": 1, "value": 82.0, "supply": [{"l": "Potatoes", "v": 51.0}, {"l": "Yams", "v": 3.0}, {"l": "Bananas", "v": 6.0}, {"l": "Roots, Other", "v": 8.0}, {"l": "Peas", "v": 2.0}, {"l": "Sweet potatoes", "v": 1.0}, {"l": "Plantains", "v": 1.0}, {"l": "Cassava", "v": 10.0}]}, {"source": 6, "prod": 0.014982411736058823, "target": 1, "value": 4.0, "supply": [{"l": "Sugar", "v": 4.0}]}, {"source": 7, "prod": 0.06616072536494895, "target": 1, "value": 82.0, "supply": [{"l": "Fish, Seafood", "v": 41.0}, {"l": "Pelagic Fish", "v": 41.0}]}, {"source": 0, "prod": 2.5798249934942148, "target": 8, "value": 1841.0, "supply": [{"l": "Beer", "v": 1502.0}, {"l": "Beverages, Alcoholic", "v": 31.0}, {"l": "Fats, Animals, Raw", "v": 45.0}, {"l": "Butter, Ghee", "v": 172.0}, {"l": "Wine", "v": 73.0}, {"l": "Beverages, Fermented", "v": 5.0}, {"l": "Cream", "v": 13.0}]}, {"source": 2, "prod": 5.493735108880144, "target": 8, "value": 5050.0, "supply": [{"l": "Mutton & Goat Meat", "v": 565.0}, {"l": "Pigmeat", "v": 162.0}, {"l": "Meat, Other", "v": 15.0}, {"l": "Eggs", "v": 177.0}, {"l": "Poultry Meat", "v": 69.0}, {"l": "Milk - Excluding Butter", "v": 3179.0}, {"l": "Offals, Edible", "v": 131.0}, {"l": "Bovine Meat", "v": 752.0}]}, {"source": 3, "prod": 5.1551713711957268, "target": 8, "value": 1528.0, "supply": [{"l": "Maize", "v": 32.0}, {"l": "Rye", "v": 7.0}, {"l": "Barley", "v": 2.0}, {"l": "Rice", "v": 67.0}, {"l": "Cereals, Other", "v": 6.0}, {"l": "Wheat", "v": 1385.0}, {"l": "Oats", "v": 29.0}]}, {"source": 4, "prod": 0.24847815426277603, "target": 8, "value": 132.0, "supply": [{"l": "Olives", "v": 1.0}, {"l": "Coconuts - Incl Copra", "v": 119.0}, {"l": "Groundnuts", "v": 12.0}]}, {"source": 5, "prod": 1.836143436509978, "target": 8, "value": 3117.0, "supply": [{"l": "Roots, Other", "v": 109.0}, {"l": "Pulses, Other", "v": 4.0}, {"l": "Plantains", "v": 2.0}, {"l": "Nuts", "v": 4.0}, {"l": "Yams", "v": 18.0}, {"l": "Citrus, Other", "v": 1.0}, {"l": "Cocoa Beans", "v": 20.0}, {"l": "Tomatoes", "v": 179.0}, {"l": "Coffee", "v": 21.0}, {"l": "Treenuts", "v": 4.0}, {"l": "Vegetables, Other", "v": 719.0}, {"l": "Peas", "v": 19.0}, {"l": "Grapes", "v": 139.0}, {"l": "Dates", "v": 6.0}, {"l": "Potatoes", "v": 662.0}, {"l": "Pepper", "v": 1.0}, {"l": "Beans", "v": 5.0}, {"l": "Apples", "v": 269.0}, {"l": "Lemons, Limes", "v": 19.0}, {"l": "Pineapples", "v": 93.0}, {"l": "Bananas", "v": 162.0}, {"l": "Spices, Other", "v": 2.0}, {"l": "Tea", "v": 36.0}, {"l": "Fruits, Other", "v": 241.0}, {"l": "Sweet potatoes", "v": 49.0}, {"l": "Grapefruit", "v": 13.0}, {"l": "Oranges, Mandarines", "v": 194.0}, {"l": "Onions", "v": 59.0}, {"l": "Cassava", "v": 67.0}]}, {"source": 9, "prod": 0.0003191741848533835, "target": 8, "value": 1.0, "supply": [{"l": "Sugar cane", "v": 1.0}]}, {"source": 6, "prod": 2.7898139032724592, "target": 8, "value": 764.0, "supply": [{"l": "Sugar", "v": 718.0}, {"l": "Sweeteners, Other", "v": 31.0}, {"l": "Honey", "v": 15.0}]}, {"source": 7, "prod": 0.26262285550122638, "target": 8, "value": 425.0, "supply": [{"l": "Freshwater Fish", "v": 11.0}, {"l": "Crustaceans", "v": 12.0}, {"l": "Marine Fish, Other", "v": 12.0}, {"l": "Demersal Fish", "v": 107.0}, {"l": "Pelagic Fish", "v": 50.0}, {"l": "Fish, Seafood", "v": 212.0}, {"l": "Molluscs, Other", "v": 21.0}]}, {"source": 10, "prod": 0.55049958677421706, "target": 8, "value": 53.0, "supply": [{"l": "Groundnut Oil", "v": 15.0}, {"l": "Soyabean Oil", "v": 6.0}, {"l": "Sunflowerseed Oil", "v": 1.0}, {"l": "Olive Oil", "v": 5.0}, {"l": "Coconut Oil", "v": 21.0}, {"l": "Rape and Mustard Oil", "v": 3.0}, {"l": "Oilcrops Oil, Other", "v": 1.0}, {"l": "Cottonseed Oil", "v": 1.0}]}, {"source": 0, "prod": 0.01933459004400304, "target": 11, "value": 25.0, "supply": [{"l": "Wine", "v": 25.0}]}, {"source": 3, "prod": 1.0487086524721427, "target": 11, "value": 348.0, "supply": [{"l": "Wheat", "v": 90.0}, {"l": "Barley", "v": 224.0}, {"l": "Sorghum", "v": 34.0}]}, {"source": 4, "prod": 1.002674072746188, "target": 11, "value": 481.0, "supply": [{"l": "Sunflower seed", "v": 2.0}, {"l": "Olives", "v": 1.0}, {"l": "Coconuts - Incl Copra", "v": 393.0}, {"l": "Cottonseed", "v": 4.0}, {"l": "Soyabeans", "v": 2.0}, {"l": "Groundnuts", "v": 2.0}, {"l": "Oilcrops, Other", "v": 67.0}, {"l": "Oil Palm", "v": 9.9999999999999982}]}, {"source": 5, "prod": 0.20604142760837466, "target": 11, "value": 264.0, "supply": [{"l": "Bananas", "v": 10.0}, {"l": "Potatoes", "v": 23.0}, {"l": "Apples", "v": 3.0}, {"l": "Fruits, Other", "v": 7.0}, {"l": "Grapes", "v": 221.0}]}, {"source": 9, "prod": 5.6394886721744335, "target": 11, "value": 17669.0, "supply": [{"l": "Sugar cane", "v": 17669.0}]}, {"source": 10, "prod": 0.010612541646375, "target": 11, "value": 1.0, "supply": [{"l": "Oilcrops Oil, Other", "v": 1.0}]}, {"source": 0, "prod": 0.86403560611928087, "target": 12, "value": 175.0, "supply": [{"l": "Alcohol, Non-Food", "v": 31.0}, {"l": "Beer", "v": 3.0}, {"l": "Butter, Ghee", "v": 3.0}, {"l": "Fats, Animals, Raw", "v": 111.0}, {"l": "Wine", "v": 27.0}]}, {"source": 2, "prod": 0.34726917380254813, "target": 12, "value": 198.0, "supply": [{"l": "Milk - Excluding Butter", "v": 2.0}, {"l": "Mutton & Goat Meat", "v": 59.0}, {"l": "Bovine Meat", "v": 2.0}, {"l": "Offals, Edible", "v": 135.0}]}, {"source": 3, "prod": 0.28538903050384529, "target": 12, "value": 85.0, "supply": [{"l": "Maize", "v": 2.0}, {"l": "Rice", "v": 1.0}, {"l": "Wheat", "v": 82.0}]}, {"source": 4, "prod": 0.11915467551474505, "target": 12, "value": 84.0, "supply": [{"l": "Coconuts - Incl Copra", "v": 84.0}]}, {"source": 5, "prod": 0.0064802342926904592, "target": 12, "value": 8.0, "supply": [{"l": "Cocoa Beans", "v": 1.0}, {"l": "Fruits, Other", "v": 1.0}, {"l": "Bananas", "v": 5.0}, {"l": "Vegetables, Other", "v": 1.0}]}, {"source": 6, "prod": 0.55720645698512361, "target": 12, "value": 150.0, "supply": [{"l": "Sugar", "v": 148.0}, {"l": "Sweeteners, Other", "v": 2.0}]}, {"source": 7, "prod": 0.0099146563412471859, "target": 12, "value": 14.0, "supply": [{"l": "Molluscs, Other", "v": 1.0}, {"l": "Aquatic Plants", "v": 2.0}, {"l": "Fish, Seafood", "v": 5.0}, {"l": "Demersal Fish", "v": 4.0}, {"l": "Aquatic Products, Other", "v": 2.0}]}, {"source": 10, "prod": 0.48428565046291255, "target": 12, "value": 46.0, "supply": [{"l": "Coconut Oil", "v": 3.0}, {"l": "Oilcrops Oil, Other", "v": 38.0}, {"l": "Palm Oil", "v": 4.0}, {"l": "Palmkernel Oil", "v": 1.0}]}, {"source": 5, "prod": 0.075561505848028371, "target": 13, "value": 76.0, "supply": [{"l": "Potatoes", "v": 69.0}, {"l": "Peas", "v": 7.0}]}, {"source": 2, "prod": 0.0064874008735315613, "target": 2, "value": 4.0, "supply": [{"l": "Eggs", "v": 4.0}]}, {"source": 3, "prod": 2.0890063070088614, "target": 13, "value": 675.0, "supply": [{"l": "Maize", "v": 2.0}, {"l": "Wheat", "v": 453.0}, {"l": "Oats", "v": 139.0}, {"l": "Rye", "v": 2.0}, {"l": "Barley", "v": 75.0}, {"l": "Rice", "v": 3.0}, {"l": "Sorghum", "v": 1.0}]}, {"source": 4, "prod": 0.010612541646375, "target": 13, "value": 2.0, "supply": [{"l": "Oilcrops, Other", "v": 2.0}]}, {"source": 5, "prod": 0.077272986079350459, "target": 14, "value": 135.0, "supply": [{"l": "Vegetables, Other", "v": 44.0}, {"l": "Grapes", "v": 9.0}, {"l": "Potatoes", "v": 17.0}, {"l": "Fruits, Other", "v": 15.0}, {"l": "Yams", "v": 2.0}, {"l": "Grapefruit", "v": 1.0}, {"l": "Apples", "v": 13.0}, {"l": "Tomatoes", "v": 5.0}, {"l": "Bananas", "v": 11.0}, {"l": "Roots, Other", "v": 4.0}, {"l": "Peas", "v": 2.0}, {"l": "Sweet potatoes", "v": 2.0}, {"l": "Oranges, Mandarines", "v": 4.0}, {"l": "Cassava", "v": 3.0}, {"l": "Onions", "v": 3.0}]}, {"source": 2, "prod": 0.046444426090983253, "target": 14, "value": 65.0, "supply": [{"l": "Milk - Excluding Butter", "v": 56.0}, {"l": "Eggs", "v": 2.0}, {"l": "Offals, Edible", "v": 7.0}]}, {"source": 3, "prod": 0.56147888065181395, "target": 14, "value": 181.0, "supply": [{"l": "Maize", "v": 5.0}, {"l": "Oats", "v": 39.0}, {"l": "Rice", "v": 2.0}, {"l": "Wheat", "v": 120.0}, {"l": "Barley", "v": 15.0}]}, {"source": 4, "prod": 0.037574701908353464, "target": 14, "value": 23.0, "supply": [{"l": "Coconuts - Incl Copra", "v": 22.0}, {"l": "Groundnuts", "v": 1.0}]}, {"source": 6, "prod": 0.063675249878250004, "target": 14, "value": 17.0, "supply": [{"l": "Sugar", "v": 17.0}]}, {"source": 15, "prod": 1.1653074189566706, "target": 11, "value": 246.0, "supply": [{"l": "Sugar", "v": 144.0}, {"l": "Beer", "v": 10.0}, {"l": "Groundnut Oil", "v": 14.0}, {"l": "Beverages, Alcoholic", "v": 22.0}, {"l": "Fats, Animals, Raw", "v": 3.0}, {"l": "Soyabean Oil", "v": 6.0}, {"l": "Butter, Ghee", "v": 2.0}, {"l": "Palm Oil", "v": 6.0}, {"l": "Olive Oil", "v": 4.0}, {"l": "Coconut Oil", "v": 1.0}, {"l": "Rape and Mustard Oil", "v": 3.0}, {"l": "Oilcrops Oil, Other", "v": 9.0}, {"l": "Wine", "v": 9.0}, {"l": "Sweeteners, Other", "v": 8.0}, {"l": "Fish, Body Oil", "v": 4.0}, {"l": "Palmkernel Oil", "v": 1.0}]}, {"source": 15, "prod": 0.98484789799811412, "target": 3, "value": 290.0, "supply": [{"l": "Maize", "v": 1.0}, {"l": "Barley", "v": 2.0}, {"l": "Rice", "v": 25.0}, {"l": "Cereals, Other", "v": 3.0}, {"l": "Wheat", "v": 254.0}, {"l": "Oats", "v": 5.0}]}, {"source": 15, "prod": 0.30282665956922322, "target": 4, "value": 189.0, "supply": [{"l": "Coconuts - Incl Copra", "v": 181.0}, {"l": "Groundnuts", "v": 6.0}, {"l": "Soyabeans", "v": 2.0}]}, {"source": 15, "prod": 0.2672380228198295, "target": 5, "value": 255.0, "supply": [{"l": "Roots, Other", "v": 2.0}, {"l": "Nuts", "v": 4.0}, {"l": "Cocoa Beans", "v": 21.0}, {"l": "Coffee", "v": 21.0}, {"l": "Treenuts", "v": 4.0}, {"l": "Vegetables, Other", "v": 17.0}, {"l": "Peas", "v": 1.0}, {"l": "Grapes", "v": 29.0}, {"l": "Dates", "v": 6.0}, {"l": "Potatoes", "v": 26.0}, {"l": "Pepper", "v": 1.0}, {"l": "Beans", "v": 6.0}, {"l": "Apples", "v": 1.0}, {"l": "Pineapples", "v": 5.0}, {"l": "Bananas", "v": 30.0}, {"l": "Spices, Other", "v": 2.0}, {"l": "Tea", "v": 37.0}, {"l": "Fruits, Other", "v": 16.0}, {"l": "Grapefruit", "v": 1.0}, {"l": "Oranges, Mandarines", "v": 15.0}, {"l": "Onions", "v": 6.0}, {"l": "Pulses, Other", "v": 4.0}]}, {"source": 15, "prod": 0.26982958877015717, "target": 1, "value": 370.0, "supply": [{"l": "Pigmeat", "v": 3.0}, {"l": "Meat, Other", "v": 2.0}, {"l": "Crustaceans", "v": 4.0}, {"l": "Mutton & Goat Meat", "v": 1.0}, {"l": "Freshwater Fish", "v": 10.0}, {"l": "Milk - Excluding Butter", "v": 59.0}, {"l": "Pelagic Fish", "v": 81.0}, {"l": "Fish, Seafood", "v": 148.0}, {"l": "Molluscs, Other", "v": 1.0}, {"l": "Poultry Meat", "v": 1.0}, {"l": "Demersal Fish", "v": 53.0}, {"l": "Bovine Meat", "v": 7.0}]}, {"source": 0, "prod": 4.157727548428416, "target": 16, "value": 553.0, "supply": [{"l": "Beer", "v": 11.0}, {"l": "Beverages, Alcoholic", "v": 1.0}, {"l": "Butter, Ghee", "v": 277.0}, {"l": "Fats, Animals, Raw", "v": 252.0}, {"l": "Wine", "v": 7.0}, {"l": "Fish, Body Oil", "v": 5.0}]}, {"source": 2, "prod": 4.8597129604040159, "target": 16, "value": 5529.0, "supply": [{"l": "Eggs", "v": 9.0}, {"l": "Mutton & Goat Meat", "v": 457.0}, {"l": "Pigmeat", "v": 7.0}, {"l": "Milk - Excluding Butter", "v": 4432.0}, {"l": "Meat, Other", "v": 28.0}, {"l": "Offals, Edible", "v": 47.0}, {"l": "Bovine Meat", "v": 549.0}]}, {"source": 3, "prod": 28.647224495033182, "target": 16, "value": 8736.0, "supply": [{"l": "Maize", "v": 1.0}, {"l": "Barley", "v": 495.0}, {"l": "Rice", "v": 56.0}, {"l": "Wheat", "v": 7800.0}, {"l": "Oats", "v": 372.0}, {"l": "Millet", "v": 12.0}]}, {"source": 4, "prod": 0.99080159855933725, "target": 16, "value": 693.0, "supply": [{"l": "Coconuts - Incl Copra", "v": 691.0}, {"l": "Oilcrops, Other", "v": 2.0}]}, {"source": 5, "prod": 0.55125237744795597, "target": 16, "value": 742.0, "supply": [{"l": "Roots, Other", "v": 1.0}, {"l": "Fruits, Other", "v": 162.0}, {"l": "Infant food", "v": 4.0}, {"l": "Cocoa Beans", "v": 5.0}, {"l": "Coffee", "v": 3.0}, {"l": "Vegetables, Other", "v": 23.0}, {"l": "Peas", "v": 22.0}, {"l": "Grapes", "v": 260.0}, {"l": "Potatoes", "v": 17.0}, {"l": "Beans", "v": 2.0}, {"l": "Apples", "v": 192.0}, {"l": "Lemons, Limes", "v": 1.0}, {"l": "Bananas", "v": 25.0}, {"l": "Tea", "v": 1.0}, {"l": "Oranges, Mandarines", "v": 20.0}, {"l": "Onions", "v": 4.0}]}, {"source": 6, "prod": 5.4832145464068685, "target": 16, "value": 1467.0, "supply": [{"l": "Sugar", "v": 1451.0}, {"l": "Sweeteners, Other", "v": 5.0}, {"l": "Honey", "v": 11.0}]}, {"source": 7, "prod": 0.034107254450616582, "target": 16, "value": 54.0, "supply": [{"l": "Crustaceans", "v": 16.0}, {"l": "Fish, Seafood", "v": 27.0}, {"l": "Pelagic Fish", "v": 8.0}, {"l": "Molluscs, Other", "v": 2.0}, {"l": "Demersal Fish", "v": 1.0}]}, {"source": 10, "prod": 0.27297815457064589, "target": 16, "value": 27.0, "supply": [{"l": "Palm Oil", "v": 4.0}, {"l": "Coconut Oil", "v": 23.0}]}, {"source": 17, "prod": 0.0041389559132723958, "target": 5, "value": 8.0, "supply": [{"l": "Fruits, Other", "v": 8.0}]}, {"source": 2, "prod": 0.25654812546744699, "target": 18, "value": 402.0, "supply": [{"l": "Milk - Excluding Butter", "v": 397.0}, {"l": "Mutton & Goat Meat", "v": 5.0}]}, {"source": 0, "prod": 0.13540442370133096, "target": 18, "value": 68.0, "supply": [{"l": "Fats, Animals, Raw", "v": 13.0}, {"l": "Wine", "v": 55.0}]}, {"source": 3, "prod": 1.3352076684397129, "target": 18, "value": 417.0, "supply": [{"l": "Maize", "v": 1.0}, {"l": "Rye", "v": 5.0}, {"l": "Cereals, Other", "v": 2.0}, {"l": "Barley", "v": 8.0}, {"l": "Rice", "v": 5.0}, {"l": "Wheat", "v": 325.0}, {"l": "Oats", "v": 71.0}]}, {"source": 17, "prod": 0.0016218502183828903, "target": 1, "value": 1.0, "supply": [{"l": "Eggs", "v": 1.0}]}, {"source": 5, "prod": 0.061335127746429192, "target": 18, "value": 75.0, "supply": [{"l": "Cocoa Beans", "v": 1.0}, {"l": "Vegetables, Other", "v": 1.0}, {"l": "Grapes", "v": 73.0}]}, {"source": 4, "prod": 0.068687311626092457, "target": 18, "value": 24.0, "supply": [{"l": "Coconuts - Incl Copra", "v": 17.0}, {"l": "Groundnuts", "v": 7.0}]}, {"source": 17, "prod": 0.092419806844023566, "target": 11, "value": 12.0, "supply": [{"l": "Coconut Oil", "v": 1.0}, {"l": "Butter, Ghee", "v": 9.0}, {"l": "Honey", "v": 2.0}]}, {"source": 6, "prod": 0.37830589633548528, "target": 18, "value": 101.0, "supply": [{"l": "Sugar", "v": 101.0}]}, {"source": 19, "prod": 43.124027943436076, "target": 3, "value": 13425.0, "supply": [{"l": "Maize", "v": 192.0}, {"l": "Rye", "v": 14.0}, {"l": "Barley", "v": 1249.0}, {"l": "Rice", "v": 110.0}, {"l": "Cereals, Other", "v": 9.0}, {"l": "Wheat", "v": 10311.0}, {"l": "Oats", "v": 1299.0}, {"l": "Sorghum", "v": 215.0}, {"l": "Millet", "v": 26.0}]}, {"source": 19, "prod": 2.1840411906750443, "target": 4, "value": 1251.0, "supply": [{"l": "Olives", "v": 2.0}, {"l": "Sunflower seed", "v": 2.0}, {"l": "Coconuts - Incl Copra", "v": 1144.0}, {"l": "Cottonseed", "v": 4.0}, {"l": "Groundnuts", "v": 17.0}, {"l": "Oilcrops, Other", "v": 71.0}, {"l": "Soyabeans", "v": 1.0}, {"l": "Oil Palm", "v": 9.9999999999999982}]}, {"source": 19, "prod": 2.6211922143631785, "target": 5, "value": 4236.0, "supply": [{"l": "Roots, Other", "v": 119.0}, {"l": "Plantains", "v": 3.0}, {"l": "Nuts", "v": 1.0}, {"l": "Yams", "v": 23.0}, {"l": "Citrus, Other", "v": 1.0}, {"l": "Cocoa Beans", "v": 6.0}, {"l": "Tomatoes", "v": 184.0}, {"l": "Coffee", "v": 3.0}, {"l": "Apples", "v": 477.0}, {"l": "Vegetables, Other", "v": 772.0}, {"l": "Peas", "v": 51.0}, {"l": "Grapes", "v": 673.0}, {"l": "Potatoes", "v": 814.0}, {"l": "Beans", "v": 1.0}, {"l": "Pulses, Other", "v": 2.0}, {"l": "Lemons, Limes", "v": 20.0}, {"l": "Pineapples", "v": 89.0}, {"l": "Bananas", "v": 188.0}, {"l": "Fruits, Other", "v": 401.0}, {"l": "Sweet potatoes", "v": 52.0}, {"l": "Grapefruit", "v": 13.0}, {"l": "Oranges, Mandarines", "v": 203.0}, {"l": "Onions", "v": 60.0}, {"l": "Cassava", "v": 80.0}]}, {"source": 19, "prod": 5.639807846359286, "target": 9, "value": 17670.0, "supply": [{"l": "Sugar cane", "v": 17670.0}]}, {"source": 1, "prod": 0.37280549165803906, "target": 7, "value": 575.0, "supply": [{"l": "Pelagic Fish", "v": 99.0}, {"l": "Crustaceans", "v": 28.0}, {"l": "Freshwater Fish", "v": 11.0}, {"l": "Molluscs, Other", "v": 24.0}, {"l": "Demersal Fish", "v": 112.0}, {"l": "Aquatic Plants", "v": 2.0}, {"l": "Fish, Seafood", "v": 285.0}, {"l": "Marine Fish, Other", "v": 12.0}, {"l": "Aquatic Products, Other", "v": 2.0}]}, {"source": 1, "prod": 13.850569168305832, "target": 2, "value": 15860.0, "supply": [{"l": "Poultry Meat", "v": 69.0}, {"l": "Pigmeat", "v": 169.0}, {"l": "Bovine Meat", "v": 1303.0}, {"l": "Eggs", "v": 192.0}, {"l": "Milk - Excluding Butter", "v": 12637.0}, {"l": "Offals, Edible", "v": 365.0}, {"l": "Meat, Other", "v": 43.0}, {"l": "Mutton & Goat Meat", "v": 1086.0}]}, {"source": 11, "prod": 7.77952701198131, "target": 0, "value": 2665.0, "supply": [{"l": "Fats, Animals, Raw", "v": 421.0}, {"l": "Alcohol, Non-Food", "v": 31.0}, {"l": "Beverages, Fermented", "v": 5.0}, {"l": "Fish, Body Oil", "v": 8.0}, {"l": "Beer", "v": 1516.0}, {"l": "Beverages, Alcoholic", "v": 32.0}, {"l": "Cream", "v": 13.0}, {"l": "Butter, Ghee", "v": 452.0}, {"l": "Wine", "v": 187.0}]}, {"source": 11, "prod": 1.3183759334541505, "target": 10, "value": 127.0, "supply": [{"l": "Olive Oil", "v": 5.0}, {"l": "Soyabean Oil", "v": 6.0}, {"l": "Coconut Oil", "v": 47.0}, {"l": "Rape and Mustard Oil", "v": 3.0}, {"l": "Palm Oil", "v": 8.0}, {"l": "Groundnut Oil", "v": 15.0}, {"l": "Cottonseed Oil", "v": 1.0}, {"l": "Palmkernel Oil", "v": 1.0}, {"l": "Oilcrops Oil, Other", "v": 40.0}, {"l": "Sunflowerseed Oil", "v": 1.0}]}, {"source": 11, "prod": 9.2871984646142458, "target": 6, "value": 2503.0, "supply": [{"l": "Honey", "v": 26.0}, {"l": "Sweeteners, Other", "v": 38.0}, {"l": "Sugar", "v": 2439.0}]}]}