{"nodes": [{"layer": 13, "name": "Other Processed", "fill": "#9c9ede"}, {"layer": 10, "name": "Feed", "fill": "#dbdb8d"}, {"layer": 13, "name": "Animal Products", "fill": "#17becf"}, {"layer": 5, "name": "Cereals", "fill": "#e7ba52"}, {"layer": 5, "name": "Fruits, Roots & Vegetables", "fill": "#98df8a"}, {"layer": 13, "name": "Sugar", "fill": "#d6616b"}, {"layer": 13, "name": "Aquatic Products", "fill": "#1f77b4"}, {"layer": 16, "name": "Food", "fill": "#b5cf6b"}, {"layer": 5, "name": "Oilcrops", "fill": "#ff9896"}, {"layer": 5, "name": "Sugar Crops", "fill": "#ffbb78"}, {"layer": 13, "name": "Vegetable Oils", "fill": "#f7b6d2"}, {"layer": 10, "name": "Processing", "fill": "#9edae5"}, {"layer": 16, "name": "Biofuels & Other", "fill": "#e7ba52"}, {"name": "Waste", "fill": "#c7c7c7"}, {"layer": 2, "name": "Import", "fill": "#aec7e8"}, {"layer": 16, "name": "Export", "fill": "#aec7e8"}, {"layer": 0, "name": "Stock Draw", "fill": "#c7c7c7"}, {"layer": 16, "name": "Stock Deposit", "fill": "#c7c7c7"}, {"layer": 2, "name": "Electricity", "fill": "#bcbd22"}, {"layer": 0, "name": "Fossil Fuels", "fill": "#c49c94"}, {"layer": 0, "name": "Renewables & Nuclear", "fill": "#2ca02c"}, {"layer": 2, "name": "Fertilizers", "fill": "#c5b0d5"}, {"layer": 0, "name": "Labor", "fill": "#7f7f7f"}], "links": [{"source": 0, "prod": 1.0, "target": 1, "value": 0.0073093002067748354, "supply": [{"l": "Fish, Body Oil", "v": 0.0073093002067748354}]}, {"source": 2, "prod": 3492.0, "target": 1, "value": 2.1999441878387733, "supply": [{"l": "Milk - Excluding Butter", "v": 2.1265417329412024}, {"l": "Offals, Edible", "v": 0.073402454897570968}]}, {"source": 3, "prod": 2961.0, "target": 1, "value": 9.8465979791606824, "supply": [{"l": "Maize", "v": 0.83412763230824372}, {"l": "Oats", "v": 1.7689360556894433}, {"l": "Barley", "v": 4.1091761254764005}, {"l": "Sorghum", "v": 1.551063779085577}, {"l": "Cereals, Other", "v": 0.0058551953911034479}, {"l": "Wheat", "v": 1.5257370652403961}, {"l": "Millet", "v": 0.051702125969519237}]}, {"source": 4, "prod": 105.0, "target": 1, "value": 0.13016205867326819, "supply": [{"l": "Potatoes", "v": 0.039328459587834888}, {"l": "Yams", "v": 0.0022147913001130436}, {"l": "Bananas", "v": 0.0027505507506803456}, {"l": "Roots, Other", "v": 0.012521767128948137}, {"l": "Peas", "v": 0.023583425880833335}, {"l": "Sweet potatoes", "v": 0.0010849882833354634}, {"l": "Plantains", "v": 0.00050385954404154299}, {"l": "Cassava", "v": 0.0089894470416352953}, {"l": "Pulses, Other", "v": 0.03918476915584615}]}, {"source": 5, "prod": 6.0, "target": 1, "value": 0.019846831130883119, "supply": [{"l": "Sugar", "v": 0.019846831130883119}]}, {"source": 6, "prod": 322.0, "target": 1, "value": 0.28864794029300661, "supply": [{"l": "Fish, Seafood", "v": 0.098801361952298231}, {"l": "Pelagic Fish", "v": 0.18984657834070837}]}, {"source": 0, "prod": 2443.0, "target": 7, "value": 3.1452677325284926, "supply": [{"l": "Beer", "v": 0.83352678509833955}, {"l": "Beverages, Alcoholic", "v": 0.16089726061620227}, {"l": "Fats, Animals, Raw", "v": 0.57012541612843715}, {"l": "Butter, Ghee", "v": 1.4299093299292644}, {"l": "Wine", "v": 0.1099202833903206}, {"l": "Beverages, Fermented", "v": 0.0034326280257816711}, {"l": "Cream", "v": 0.037456029340147058}]}, {"source": 2, "prod": 6069.0, "target": 7, "value": 6.6012329712200355, "supply": [{"l": "Mutton & Goat Meat", "v": 1.8795940725389013}, {"l": "Pigmeat", "v": 0.48276284256828217}, {"l": "Meat, Other", "v": 0.0069306394425306117}, {"l": "Poultry Meat", "v": 0.29205714610824002}, {"l": "Milk - Excluding Butter", "v": 2.4125569529175737}, {"l": "Offals, Edible", "v": 0.20475421629322429}, {"l": "Bovine Meat", "v": 0.97914829463088637}, {"l": "Eggs", "v": 0.34342880672039755}]}, {"source": 3, "prod": 1683.0, "target": 7, "value": 5.670172615880035, "supply": [{"l": "Maize", "v": 0.13787233591871795}, {"l": "Rye", "v": 0.088365652892265306}, {"l": "Barley", "v": 0.012735049975650002}, {"l": "Rice", "v": 0.37900790241997362}, {"l": "Cereals, Other", "v": 0.014637988477758624}, {"l": "Wheat", "v": 5.0074624288692391}, {"l": "Oats", "v": 0.030091257326430382}]}, {"source": 8, "prod": 156.0, "target": 7, "value": 0.31232416516309697, "supply": [{"l": "Olives", "v": 0.0028300111056999999}, {"l": "Coconuts - Incl Copra", "v": 0.19000479626117472}, {"l": "Groundnuts", "v": 0.11948935779622223}]}, {"source": 4, "prod": 3927.0, "target": 7, "value": 2.3259802261176272, "supply": [{"l": "Roots, Other", "v": 0.10210056274373097}, {"l": "Plantains", "v": 0.001007719088083086}, {"l": "Nuts", "v": 0.043299169917210001}, {"l": "Yams", "v": 0.022147913001130438}, {"l": "Cocoa Beans", "v": 0.044684385879473681}, {"l": "Tomatoes", "v": 0.043865172138349999}, {"l": "Coffee", "v": 0.014674131659185186}, {"l": "Treenuts", "v": 0.043736535269909095}, {"l": "Apples", "v": 0.17534312132645696}, {"l": "Vegetables, Other", "v": 0.27052109560197513}, {"l": "Peas", "v": 0.11005598744388891}, {"l": "Grapes", "v": 0.10984409682501348}, {"l": "Dates", "v": 0.0078611419602777795}, {"l": "Potatoes", "v": 0.59958651547067576}, {"l": "Pepper", "v": 0.0060643095122142861}, {"l": "Beans", "v": 0.057236179665842705}, {"l": "Pulses, Other", "v": 0.013061589718615384}, {"l": "Lemons, Limes", "v": 0.0073826376670434787}, {"l": "Pineapples", "v": 0.058662578385360327}, {"l": "Bananas", "v": 0.10933439233954374}, {"l": "Citrus, Other", "v": 0.0015115786321246291}, {"l": "Spices, Other", "v": 0.0094333703523333343}, {"l": "Tea", "v": 0.014578845089969697}, {"l": "Fruits, Other", "v": 0.18269691948189876}, {"l": "Sweet potatoes", "v": 0.058589367300115026}, {"l": "Grapefruit", "v": 0.0074912058680294113}, {"l": "Oranges, Mandarines", "v": 0.12409871523952842}, {"l": "Onions", "v": 0.029178996493552795}, {"l": "Cassava", "v": 0.057931992046094116}]}, {"source": 9, "prod": 1.0, "target": 7, "value": 0.00030430226943010757, "supply": [{"l": "Sugar cane", "v": 0.00030430226943010757}]}, {"source": 5, "prod": 899.0, "target": 7, "value": 2.8625449246798631, "supply": [{"l": "Sugar", "v": 2.7686329427581948}, {"l": "Sweeteners, Other", "v": 0.050910514471421336}, {"l": "Honey", "v": 0.043001467450246765}]}, {"source": 6, "prod": 548.0, "target": 7, "value": 0.35557146826645158, "supply": [{"l": "Freshwater Fish", "v": 0.014894795293157896}, {"l": "Crustaceans", "v": 0.0073638044076887758}, {"l": "Marine Fish, Other", "v": 0.02183151424397143}, {"l": "Demersal Fish", "v": 0.065780816863961811}, {"l": "Pelagic Fish", "v": 0.058958564702083341}, {"l": "Fish, Seafood", "v": 0.16814641723558829}, {"l": "Molluscs, Other", "v": 0.018595555520000001}]}, {"source": 10, "prod": 85.0, "target": 7, "value": 0.85737284794414426, "supply": [{"l": "Maize Germ Oil", "v": 0.010612541646375}, {"l": "Groundnut Oil", "v": 0.069104922348488376}, {"l": "Soyabean Oil", "v": 0.12550484033973913}, {"l": "Palm Oil", "v": 0.061954297178837846}, {"l": "Sunflowerseed Oil", "v": 0.21543459542141249}, {"l": "Olive Oil", "v": 0.072475894170365845}, {"l": "Coconut Oil", "v": 0.18557860436492923}, {"l": "Rape and Mustard Oil", "v": 0.086502226249698125}, {"l": "Oilcrops Oil, Other", "v": 0.010612541646375}, {"l": "Cottonseed Oil", "v": 0.019592384577923082}]}, {"source": 0, "prod": 14.0, "target": 11, "value": 0.01099202833903206, "supply": [{"l": "Wine", "v": 0.01099202833903206}]}, {"source": 2, "prod": 1.0, "target": 11, "value": 0.0016980066634200001, "supply": [{"l": "Poultry Meat", "v": 0.0016980066634200001}]}, {"source": 3, "prod": 462.0, "target": 11, "value": 1.7861987921063249, "supply": [{"l": "Wheat", "v": 0.40708385905546357}, {"l": "Barley", "v": 1.1164393811986502}, {"l": "Rice", "v": 0.0041649220046150945}, {"l": "Sorghum", "v": 0.25851062984759615}]}, {"source": 8, "prod": 587.0, "target": 11, "value": 1.2801650130734357, "supply": [{"l": "Sunflower seed", "v": 0.21905121826377066}, {"l": "Olives", "v": 0.0028300111056999999}, {"l": "Coconuts - Incl Copra", "v": 0.61611849375866212}, {"l": "Soyabeans", "v": 0.04986615954320784}, {"l": "Sesame seed", "v": 0.0060643095122142861}, {"l": "Cottonseed", "v": 0.10760410721729086}, {"l": "Rape and Mustardseed", "v": 0.053802053608645428}, {"l": "Groundnuts", "v": 0.012577827136444444}, {"l": "Oilcrops, Other", "v": 0.21225083292749999}]}, {"source": 4, "prod": 349.0, "target": 11, "value": 0.29066297458214346, "supply": [{"l": "Bananas", "v": 0.0068763768767008647}, {"l": "Potatoes", "v": 0.010349594628377604}, {"l": "Apples", "v": 0.0065501740725400596}, {"l": "Grapes", "v": 0.26688682900452493}]}, {"source": 9, "prod": 21936.0, "target": 11, "value": 6.6751745822188404, "supply": [{"l": "Sugar cane", "v": 6.6751745822188404}]}, {"source": 10, "prod": 2.0, "target": 11, "value": 0.02122508329275, "supply": [{"l": "Oilcrops Oil, Other", "v": 0.02122508329275}]}, {"source": 0, "prod": 270.0, "target": 12, "value": 1.4504999562850389, "supply": [{"l": "Alcohol, Non-Food", "v": 0.028265215728939586}, {"l": "Beer", "v": 0.0029349534686561258}, {"l": "Wine", "v": 0.031405795254377318}, {"l": "Fats, Animals, Raw", "v": 1.2133438343246228}, {"l": "Fish, Body Oil", "v": 0.0073093002067748354}, {"l": "Butter, Ghee", "v": 0.16724085730166838}]}, {"source": 2, "prod": 334.0, "target": 12, "value": 0.58355519567506842, "supply": [{"l": "Pigmeat", "v": 0.0021081346837042887}, {"l": "Milk - Excluding Butter", "v": 0.034668511512287427}, {"l": "Meat, Other", "v": 0.00086632993031632646}, {"l": "Bovine Meat", "v": 0.005292693484491278}, {"l": "Offals, Edible", "v": 0.19573987972685594}, {"l": "Mutton & Goat Meat", "v": 0.34487964633741314}]}, {"source": 3, "prod": 168.0, "target": 12, "value": 0.55705896838026425, "supply": [{"l": "Maize", "v": 0.010340425193903846}, {"l": "Oats", "v": 0.002149375523316456}, {"l": "Barley", "v": 0.00424501665855}, {"l": "Rice", "v": 0.0041649220046150945}, {"l": "Wheat", "v": 0.53615922899987889}]}, {"source": 8, "prod": 171.0, "target": 12, "value": 0.23890308941662408, "supply": [{"l": "Coconuts - Incl Copra", "v": 0.23890308941662408}]}, {"source": 4, "prod": 8.0, "target": 12, "value": 0.0044559619429876789, "supply": [{"l": "Potatoes", "v": 0.00068997297522517347}, {"l": "Fruits, Other", "v": 0.001074687761658228}, {"l": "Bananas", "v": 0.0020629130630102589}, {"l": "Vegetables, Other", "v": 0.00062838814309401875}]}, {"source": 5, "prod": 158.0, "target": 12, "value": 0.5180955895854682, "supply": [{"l": "Sugar", "v": 0.51601760940296115}, {"l": "Sweeteners, Other", "v": 0.0020779801825069931}]}, {"source": 6, "prod": 26.0, "target": 12, "value": 0.02132743589160592, "supply": [{"l": "Molluscs, Other", "v": 0.0011622222200000001}, {"l": "Fish, Seafood", "v": 0.0049093844448346953}, {"l": "Marine Fish, Other", "v": 0.0014554342829314287}, {"l": "Aquatic Plants", "v": 0.0058111111000000003}, {"l": "Demersal Fish", "v": 0.0021781727438397948}, {"l": "Aquatic Products, Other", "v": 0.0058111111000000003}]}, {"source": 10, "prod": 38.0, "target": 12, "value": 0.39757262489164658, "supply": [{"l": "Coconut Oil", "v": 0.039069179866300888}, {"l": "Cottonseed Oil", "v": 0.039184769155846164}, {"l": "Oilcrops Oil, Other", "v": 0.28653862445212502}, {"l": "Palm Oil", "v": 0.020651432392945947}, {"l": "Palmkernel Oil", "v": 0.012128619024428572}]}, {"source": 4, "prod": 86.0, "target": 4, "value": 0.096624346584984672, "supply": [{"l": "Potatoes", "v": 0.050368027191437667}, {"l": "Peas", "v": 0.035375138821250006}, {"l": "Sweet potatoes", "v": 0.0010849882833354634}, {"l": "Pulses, Other", "v": 0.0097961922889615374}]}, {"source": 2, "prod": 10.0, "target": 2, "value": 0.016353752700971315, "supply": [{"l": "Eggs", "v": 0.016353752700971315}]}, {"source": 3, "prod": 836.0, "target": 3, "value": 2.8046317678729351, "supply": [{"l": "Maize", "v": 0.0034468083979679485}, {"l": "Wheat", "v": 1.8401514279255102}, {"l": "Oats", "v": 0.22568442994822788}, {"l": "Rye", "v": 0.010395959163795918}, {"l": "Barley", "v": 0.68344768202655004}, {"l": "Rice", "v": 0.020824610023075472}, {"l": "Sorghum", "v": 0.020680850387807693}]}, {"source": 8, "prod": 7.0, "target": 8, "value": 0.035803839010689703, "supply": [{"l": "Sunflower seed", "v": 0.0076860076583779181}, {"l": "Soyabeans", "v": 0.0038358584264006029}, {"l": "Cottonseed", "v": 0.003843003829188959}, {"l": "Groundnuts", "v": 0.006288913568222222}, {"l": "Oilcrops, Other", "v": 0.014150055528500001}]}, {"source": 4, "prod": 145.0, "target": 13, "value": 0.088159231702811092, "supply": [{"l": "Vegetables, Other", "v": 0.014452927291162432}, {"l": "Grapes", "v": 0.0051489420386725071}, {"l": "Potatoes", "v": 0.01448943247972864}, {"l": "Fruits, Other", "v": 0.0096721898549240511}, {"l": "Yams", "v": 0.0022147913001130436}, {"l": "Grapefruit", "v": 0.00041617810377941178}, {"l": "Tomatoes", "v": 0.00080857460162857145}, {"l": "Pineapples", "v": 0.00045830139363562755}, {"l": "Bananas", "v": 0.0061887391890307775}, {"l": "Apples", "v": 0.0075578931606231445}, {"l": "Roots, Other", "v": 0.0028896385682188009}, {"l": "Peas", "v": 0.011791712940416667}, {"l": "Sweet potatoes", "v": 0.0021699765666709269}, {"l": "Oranges, Mandarines", "v": 0.0018802835642352791}, {"l": "Cassava", "v": 0.0029964823472117645}, {"l": "Onions", "v": 0.0017577708731055903}, {"l": "Pulses, Other", "v": 0.0032653974296538461}]}, {"source": 2, "prod": 72.0, "target": 13, "value": 0.052972139069168332, "supply": [{"l": "Milk - Excluding Butter", "v": 0.037763914325884523}, {"l": "Offals, Edible", "v": 0.010302098932992419}, {"l": "Eggs", "v": 0.0049061258102913938}]}, {"source": 3, "prod": 195.0, "target": 13, "value": 0.64004590699068786, "supply": [{"l": "Maize", "v": 0.027574467183743588}, {"l": "Oats", "v": 0.085975020932658242}, {"l": "Barley", "v": 0.169800666342}, {"l": "Rice", "v": 0.012494766013845283}, {"l": "Wheat", "v": 0.34420098651844078}]}, {"source": 8, "prod": 25.0, "target": 13, "value": 0.042257936068203834, "supply": [{"l": "Soyabeans", "v": 0.0038358584264006029}, {"l": "Coconuts - Incl Copra", "v": 0.032133164073581015}, {"l": "Groundnuts", "v": 0.006288913568222222}]}, {"source": 5, "prod": 25.0, "target": 13, "value": 0.082695129712012996, "supply": [{"l": "Sugar", "v": 0.082695129712012996}]}, {"source": 14, "prod": 346.0, "target": 11, "value": 1.5181514245408734, "supply": [{"l": "Sugar", "v": 0.59540493392649363}, {"l": "Beer", "v": 0.0096434185398701269}, {"l": "Groundnut Oil", "v": 0.069104922348488376}, {"l": "Beverages, Alcoholic", "v": 0.13991066140539327}, {"l": "Fats, Animals, Raw", "v": 0.021927900620324507}, {"l": "Soyabean Oil", "v": 0.10458736694978263}, {"l": "Butter, Ghee", "v": 0.025086128595250258}, {"l": "Palm Oil", "v": 0.10325716196472974}, {"l": "Sunflowerseed Oil", "v": 0.0102587902581625}, {"l": "Olive Oil", "v": 0.072475894170365845}, {"l": "Coconut Oil", "v": 0.029301884899725669}, {"l": "Rape and Mustard Oil", "v": 0.038445433888754724}, {"l": "Oilcrops Oil, Other", "v": 0.21225083292749999}, {"l": "Wine", "v": 0.01099202833903206}, {"l": "Sweeteners, Other", "v": 0.014545861277548953}, {"l": "Fish, Body Oil", "v": 0.029237200827099342}, {"l": "Cottonseed Oil", "v": 0.019592384577923082}, {"l": "Palmkernel Oil", "v": 0.012128619024428572}]}, {"source": 14, "prod": 251.0, "target": 3, "value": 0.88198836523347646, "supply": [{"l": "Maize", "v": 0.010340425193903846}, {"l": "Barley", "v": 0.12310548309795001}, {"l": "Rice", "v": 0.12494766013845285}, {"l": "Cereals, Other", "v": 0.0058551953911034479}, {"l": "Wheat", "v": 0.61559022588874979}, {"l": "Oats", "v": 0.002149375523316456}]}, {"source": 14, "prod": 195.0, "target": 8, "value": 0.3389415304380301, "supply": [{"l": "Coconuts - Incl Copra", "v": 0.24449146577724687}, {"l": "Sesame seed", "v": 0.0060643095122142861}, {"l": "Groundnuts", "v": 0.031444567841111118}, {"l": "Oilcrops, Other", "v": 0.0070750277642500003}, {"l": "Soyabeans", "v": 0.04986615954320784}]}, {"source": 14, "prod": 330.0, "target": 4, "value": 0.36818533855238267, "supply": [{"l": "Roots, Other", "v": 0.0067424899925105355}, {"l": "Nuts", "v": 0.043299169917210001}, {"l": "Citrus, Other", "v": 0.00050385954404154299}, {"l": "Cocoa Beans", "v": 0.049152824467421051}, {"l": "Tomatoes", "v": 0.00020214365040714286}, {"l": "Coffee", "v": 0.016246360051240742}, {"l": "Treenuts", "v": 0.043736535269909095}, {"l": "Vegetables, Other", "v": 0.01068259843259832}, {"l": "Peas", "v": 0.019652854900694447}, {"l": "Grapes", "v": 0.024028396180471697}, {"l": "Dates", "v": 0.0078611419602777795}, {"l": "Potatoes", "v": 0.022769108182430723}, {"l": "Pepper", "v": 0.0060643095122142861}, {"l": "Beans", "v": 0.038157453110561797}, {"l": "Apples", "v": 0.00050385954404154299}, {"l": "Pineapples", "v": 0.0022915069681781379}, {"l": "Bananas", "v": 0.015815666816411989}, {"l": "Infant food", "v": 0.0011622222200000001}, {"l": "Spices, Other", "v": 0.0094333703523333343}, {"l": "Tea", "v": 0.015007634651439394}, {"l": "Fruits, Other", "v": 0.013970940901556962}, {"l": "Grapefruit", "v": 0.00041617810377941178}, {"l": "Oranges, Mandarines", "v": 0.0060169074055528926}, {"l": "Onions", "v": 0.0014062166984844721}, {"l": "Pulses, Other", "v": 0.013061589718615384}]}, {"source": 14, "prod": 805.0, "target": 1, "value": 0.63064859736078716, "supply": [{"l": "Freshwater Fish", "v": 0.013405315763842107}, {"l": "Pigmeat", "v": 0.0042162693674085774}, {"l": "Meat, Other", "v": 0.0034653197212653059}, {"l": "Crustaceans", "v": 0.0043316496515816323}, {"l": "Marine Fish, Other", "v": 0.0080048885561228578}, {"l": "Mutton & Goat Meat", "v": 0.0057479941056235518}, {"l": "Milk - Excluding Butter", "v": 0.065622539648258357}, {"l": "Pelagic Fish", "v": 0.2523426569249167}, {"l": "Fish, Seafood", "v": 0.20742149279426589}, {"l": "Molluscs, Other", "v": 0.0046488888800000003}, {"l": "Poultry Meat", "v": 0.0067920266536800004}, {"l": "Demersal Fish", "v": 0.038771474840348347}, {"l": "Bovine Meat", "v": 0.015878080453473831}]}, {"source": 0, "prod": 601.0, "target": 15, "value": 4.5252573589047591, "supply": [{"l": "Beer", "v": 0.0071277441381648763}, {"l": "Beverages, Alcoholic", "v": 0.0034977665351348321}, {"l": "Fats, Animals, Raw", "v": 2.0904598591376029}, {"l": "Butter, Ghee", "v": 2.3748201736836911}, {"l": "Wine", "v": 0.0054960141695160301}, {"l": "Fish, Body Oil", "v": 0.043855801240649014}]}, {"source": 2, "prod": 8594.0, "target": 15, "value": 7.280998191872726, "supply": [{"l": "Meat, Other", "v": 0.02685622783980612}, {"l": "Eggs", "v": 0.047425882832816811}, {"l": "Mutton & Goat Meat", "v": 1.7330202228455007}, {"l": "Pigmeat", "v": 0.010540673418521445}, {"l": "Poultry Meat", "v": 0.0050940199902600007}, {"l": "Milk - Excluding Butter", "v": 4.416520734440331}, {"l": "Offals, Edible", "v": 0.088855603297059604}, {"l": "Bovine Meat", "v": 0.95268482720842984}]}, {"source": 3, "prod": 12072.0, "target": 15, "value": 40.658840311809904, "supply": [{"l": "Maize", "v": 0.089617018347166677}, {"l": "Rye", "v": 0.015593938745693878}, {"l": "Barley", "v": 5.5652168393590502}, {"l": "Rice", "v": 0.42065712246612458}, {"l": "Cereals, Other", "v": 0.0087827930866551732}, {"l": "Wheat", "v": 31.405030394937352}, {"l": "Oats", "v": 1.2788784363732915}, {"l": "Sorghum", "v": 1.7819999417494297}, {"l": "Millet", "v": 0.093063826745134609}]}, {"source": 8, "prod": 541.0, "target": 15, "value": 0.83225676149309202, "supply": [{"l": "Coconuts - Incl Copra", "v": 0.72229764461049495}, {"l": "Soyabeans", "v": 0.04986615954320784}, {"l": "Groundnuts", "v": 0.012577827136444444}, {"l": "Oilcrops, Other", "v": 0.028300111057000001}, {"l": "Cottonseed", "v": 0.0076860076583779181}, {"l": "Rape and Mustardseed", "v": 0.011529011487566878}]}, {"source": 4, "prod": 775.0, "target": 15, "value": 0.65969538028857611, "supply": [{"l": "Roots, Other", "v": 0.00096321285607293364}, {"l": "Fruits, Other", "v": 0.096184554668411387}, {"l": "Infant food", "v": 0.011622222200000001}, {"l": "Cocoa Beans", "v": 0.017873754351789475}, {"l": "Coffee", "v": 0.0020963045227407411}, {"l": "Vegetables, Other", "v": 0.01068259843259832}, {"l": "Peas", "v": 0.18473683606652777}, {"l": "Grapes", "v": 0.19651795447600065}, {"l": "Potatoes", "v": 0.015179405454953816}, {"l": "Apples", "v": 0.097748751544059348}, {"l": "Bananas", "v": 0.0061887391890307775}, {"l": "Tea", "v": 0.00042878956146969697}, {"l": "Oranges, Mandarines", "v": 0.0097774745340234517}, {"l": "Onions", "v": 0.0031639875715900622}, {"l": "Pulses, Other", "v": 0.0065307948593076922}]}, {"source": 5, "prod": 1942.0, "target": 15, "value": 6.387456634473538, "supply": [{"l": "Sugar", "v": 6.3311391307517155}, {"l": "Sweeteners, Other", "v": 0.016623841460055945}, {"l": "Honey", "v": 0.039693662261766238}]}, {"source": 6, "prod": 212.0, "target": 15, "value": 0.15794316702961353, "supply": [{"l": "Crustaceans", "v": 0.013861278885061223}, {"l": "Marine Fish, Other", "v": 0.0014554342829314287}, {"l": "Demersal Fish", "v": 0.0043563454876795896}, {"l": "Freshwater Fish", "v": 0.0029789590586315794}, {"l": "Fish, Seafood", "v": 0.065049343894059711}, {"l": "Pelagic Fish", "v": 0.035375138821250006}, {"l": "Molluscs, Other", "v": 0.034866666599999999}]}, {"source": 10, "prod": 32.0, "target": 15, "value": 0.31435959157561583, "supply": [{"l": "Palm Oil", "v": 0.020651432392945947}, {"l": "Coconut Oil", "v": 0.27348425906410623}, {"l": "Rape and Mustard Oil", "v": 0.0096113584721886809}, {"l": "Oilcrops Oil, Other", "v": 0.010612541646375}]}, {"source": 16, "prod": 80.0, "target": 4, "value": 0.068652560515633412, "supply": [{"l": "Grapes", "v": 0.068652560515633412}]}, {"source": 10, "prod": 12.0, "target": 17, "value": 0.12522799142722502, "supply": [{"l": "Oilcrops Oil, Other", "v": 0.063675249878250004}, {"l": "Sunflowerseed Oil", "v": 0.061552741548975005}]}, {"source": 2, "prod": 16.0, "target": 17, "value": 0.044433129163299459, "supply": [{"l": "Bovine Meat", "v": 0.0013231733711228195}, {"l": "Mutton & Goat Meat", "v": 0.043109955792176642}]}, {"source": 0, "prod": 92.0, "target": 17, "value": 0.091805795061314033, "supply": [{"l": "Wine", "v": 0.069877894440989519}, {"l": "Fish, Body Oil", "v": 0.021927900620324507}]}, {"source": 3, "prod": 914.0, "target": 17, "value": 3.6649759667412556, "supply": [{"l": "Barley", "v": 2.5724800950812998}, {"l": "Rice", "v": 0.17909164619844908}, {"l": "Sorghum", "v": 0.86170209949198717}, {"l": "Millet", "v": 0.051702125969519237}]}, {"source": 16, "prod": 306.0, "target": 1, "value": 0.18943865219214204, "supply": [{"l": "Milk - Excluding Butter", "v": 0.18943865219214204}]}, {"source": 4, "prod": 13.0, "target": 17, "value": 0.041052460137645352, "supply": [{"l": "Fruits, Other", "v": 0.00053734388082911399}, {"l": "Peas", "v": 0.0078611419602777795}, {"l": "Pulses, Other", "v": 0.032653974296538463}]}, {"source": 16, "prod": 8.0, "target": 8, "value": 0.01117675272124557, "supply": [{"l": "Coconuts - Incl Copra", "v": 0.01117675272124557}]}, {"source": 8, "prod": 42.0, "target": 17, "value": 0.17197591397809714, "supply": [{"l": "Rape and Mustardseed", "v": 0.14603414550918045}, {"l": "Groundnuts", "v": 0.018866740704666665}, {"l": "Oilcrops, Other", "v": 0.0070750277642500003}]}, {"source": 16, "prod": 36.0, "target": 11, "value": 0.27581386517792728, "supply": [{"l": "Butter, Ghee", "v": 0.15051677157150153}, {"l": "Fats, Animals, Raw", "v": 0.12425810351517221}, {"l": "Sweeteners, Other", "v": 0.0010389900912534966}]}, {"source": 5, "prod": 359.0, "target": 17, "value": 1.1875020626645065, "supply": [{"l": "Sugar", "v": 1.1875020626645065}]}, {"source": 16, "prod": 3534.0, "target": 3, "value": 11.415708316954579, "supply": [{"l": "Maize", "v": 0.006893616795935897}, {"l": "Oats", "v": 0.52014887664258236}, {"l": "Wheat", "v": 10.88866582351606}]}, {"source": 1, "prod": 1108.0, "target": 6, "value": 0.82349001148067758, "supply": [{"l": "Pelagic Fish", "v": 0.28418028186404171}, {"l": "Crustaceans", "v": 0.02122508329275}, {"l": "Freshwater Fish", "v": 0.017873754351789475}, {"l": "Molluscs, Other", "v": 0.054624444340000002}, {"l": "Demersal Fish", "v": 0.072315335095481201}, {"l": "Aquatic Plants", "v": 0.0058111111000000003}, {"l": "Fish, Seafood", "v": 0.33690650752678092}, {"l": "Marine Fish, Other", "v": 0.02474238280983429}, {"l": "Aquatic Products, Other", "v": 0.0058111111000000003}]}, {"source": 1, "prod": 18578.0, "target": 2, "value": 16.764833821502489, "supply": [{"l": "Poultry Meat", "v": 0.29884917276192002}, {"l": "Pigmeat", "v": 0.49541165067050791}, {"l": "Bovine Meat", "v": 1.9384489886949303}, {"l": "Eggs", "v": 0.41211456806447705}, {"l": "Milk - Excluding Butter", "v": 9.028051846137279}, {"l": "Offals, Edible", "v": 0.5730542531477032}, {"l": "Meat, Other", "v": 0.034653197212653059}, {"l": "Mutton & Goat Meat", "v": 4.0006038975139919}]}, {"source": 11, "prod": 3421.0, "target": 0, "value": 9.2311321713254113, "supply": [{"l": "Fats, Animals, Raw", "v": 3.8739291095906627}, {"l": "Alcohol, Non-Food", "v": 0.028265215728939586}, {"l": "Beverages, Fermented", "v": 0.0034326280257816711}, {"l": "Fish, Body Oil", "v": 0.080402302274523191}, {"l": "Beer", "v": 0.84358948270516054}, {"l": "Beverages, Alcoholic", "v": 0.16439502715133711}, {"l": "Cream", "v": 0.037456029340147058}, {"l": "Butter, Ghee", "v": 3.9719703609146242}, {"l": "Wine", "v": 0.22769201559423552}]}, {"source": 11, "prod": 169.0, "target": 10, "value": 1.7157581391313816, "supply": [{"l": "Olive Oil", "v": 0.072475894170365845}, {"l": "Soyabean Oil", "v": 0.12550484033973913}, {"l": "Coconut Oil", "v": 0.49813204329533634}, {"l": "Cottonseed Oil", "v": 0.058777153733769245}, {"l": "Rape and Mustard Oil", "v": 0.096113584721886802}, {"l": "Maize Germ Oil", "v": 0.010612541646375}, {"l": "Groundnut Oil", "v": 0.069104922348488376}, {"l": "Palm Oil", "v": 0.10325716196472974}, {"l": "Palmkernel Oil", "v": 0.012128619024428572}, {"l": "Oilcrops Oil, Other", "v": 0.39266404091587503}, {"l": "Sunflowerseed Oil", "v": 0.27698733697038752}]}, {"source": 11, "prod": 3389.0, "target": 5, "value": 11.058141172246271, "supply": [{"l": "Honey", "v": 0.08269512971201301}, {"l": "Sweeteners, Other", "v": 0.069612336113984277}, {"l": "Sugar", "v": 10.905833706420275}]}, {"source": 18, "prod": 0, "target": 4, "value": 0.004595720253340564, "supply": "[{\"l\":'Energy for power irrigation',\"v\":0.004595720253340564}]"}, {"source": 18, "prod": 0, "target": 9, "value": 0.019378436366656791, "supply": "[{\"l\":'Energy for power irrigation',\"v\":0.019378436366656791}]"}, {"source": 18, "prod": 0, "target": 3, "value": 0.015369272239835811, "supply": "[{\"l\":'Energy for power irrigation',\"v\":0.015369272239835811}]"}, {"source": 18, "prod": 0, "target": 8, "value": 0.0012596822837604314, "supply": "[{\"l\":'Energy for power irrigation',\"v\":0.0012596822837604314}]"}, {"source": 18, "prod": 0, "target": 11, "value": 0.35000000027999995, "supply": "[{\"l\":'Electricity',\"v\":0.35000000027999995}]"}, {"source": 19, "prod": 0, "target": 18, "value": 0.73155549883443161, "supply": [{"l": "Coal", "v": 0.39545178270011228}, {"l": "Natural gas", "v": 0.11576188473765713}, {"l": "Oil", "v": 0.22034183139666219}]}, {"source": 20, "prod": 0, "target": 18, "value": 0.10441290159912762, "supply": [{"l": "Nuclear", "v": 0.0093131584717203435}, {"l": "Hydroelectric", "v": 0.09393084136640964}, {"l": "Renewable", "v": 0.0011689017609976358}]}, {"source": 19, "prod": 0, "target": 4, "value": 0.23154270762213325, "supply": [{"l": "Motor Gasoline", "v": 0.21031606424980459}, {"l": "Gas-Diesel oil", "v": 0.0027038974968207727}, {"l": "Natural gas (including LNG)", "v": 0.0032488690853272844}, {"l": "Fuel oil", "v": 0.0063510150506720471}, {"l": "Liquefied petroleum gas (LPG)", "v": 0.0059485744930057004}, {"l": "Coal", "v": 0.0029742872465028502}]}, {"source": 19, "prod": 0, "target": 9, "value": 0.97632914504694612, "supply": [{"l": "Motor Gasoline", "v": 0.88682431551138174}, {"l": "Gas-Diesel oil", "v": 0.011401326167757289}, {"l": "Natural gas (including LNG)", "v": 0.013699267875987438}, {"l": "Fuel oil", "v": 0.026779859138220608}, {"l": "Liquefied petroleum gas (LPG)", "v": 0.025082917569066037}, {"l": "Coal", "v": 0.012541458784533019}]}, {"source": 19, "prod": 0, "target": 3, "value": 0.77433845239090537, "supply": [{"l": "Motor Gasoline", "v": 0.70335108963963966}, {"l": "Gas-Diesel oil", "v": 0.0090425296681280569}, {"l": "Natural gas (including LNG)", "v": 0.010865055027595726}, {"l": "Fuel oil", "v": 0.021239430150719388}, {"l": "Liquefied petroleum gas (LPG)", "v": 0.019893565269881727}, {"l": "Coal", "v": 0.0099467826349408633}]}, {"source": 19, "prod": 0, "target": 8, "value": 0.063465622502481889, "supply": [{"l": "Motor Gasoline", "v": 0.057647420974574023}, {"l": "Gas-Diesel oil", "v": 0.00074113557529388216}, {"l": "Natural gas (including LNG)", "v": 0.00089051173775621492}, {"l": "Fuel oil", "v": 0.0017408068163879558}, {"l": "Liquefied petroleum gas (LPG)", "v": 0.001630498265646541}, {"l": "Coal", "v": 0.00081524913282327049}]}, {"source": 19, "prod": 0, "target": 1, "value": 1.3551524640470849, "supply": [{"l": "Gas-diesel oils used in fisheries", "v": 1.3247065751338394}, {"l": "Fuel oil used in fisheries", "v": 0.030445888913245601}]}, {"source": 21, "prod": 370.52234277550548, "target": 4, "value": 3.6120622564205931, "supply": [{"l": "Potash", "v": 0.81945734787778812}, {"l": "Phosphate", "v": 6.876614463834624}, {"l": "Nitrogen", "v": 24.216437473076851}]}, {"source": 21, "prod": 1562.3543745249908, "target": 9, "value": 15.230717870081413, "supply": [{"l": "Potash", "v": 0.81945734787778812}, {"l": "Phosphate", "v": 6.876614463834624}, {"l": "Nitrogen", "v": 24.216437473076851}]}, {"source": 21, "prod": 1239.1221491167003, "target": 3, "value": 12.079666538843574, "supply": [{"l": "Potash", "v": 0.81945734787778812}, {"l": "Phosphate", "v": 6.876614463834624}, {"l": "Nitrogen", "v": 24.216437473076851}]}, {"source": 21, "prod": 101.55980024947061, "target": 8, "value": 0.99006261944368401, "supply": [{"l": "Potash", "v": 0.81945734787778812}, {"l": "Phosphate", "v": 6.876614463834624}, {"l": "Nitrogen", "v": 24.216437473076851}]}, {"source": 19, "prod": 0, "target": 21, "value": 38.123391774441551, "supply": [{"l": "Natural gas (including LNG)", "v": 26.139597836385104}, {"l": "Fuel oil", "v": 7.703025554574161}, {"l": "Liquefied petroleum gas (LPG)", "v": 2.1403841917411444}, {"l": "Coal", "v": 2.1403841917411444}]}, {"source": 22, "prod": 0, "target": 3, "value": 0.56153928000071274, "supply": "[{\"l\":'Labor',\"v\":0.56153928000071274}]"}, {"source": 22, "prod": 0, "target": 8, "value": 0.046024370680289466, "supply": "[{\"l\":'Labor',\"v\":0.046024370680289466}]"}, {"source": 22, "prod": 0, "target": 4, "value": 0.16791149261164512, "supply": "[{\"l\":'Labor',\"v\":0.16791149261164512}]"}, {"source": 22, "prod": 0, "target": 9, "value": 0.70802006985519639, "supply": "[{\"l\":'Labor',\"v\":0.70802006985519639}]"}, {"source": 19, "prod": 0, "target": 14, "value": 8.9965326441751046, "supply": "[{\"l\":'Fossil Fuels',\"v\":8.9965326441751046}]"}, {"source": 20, "prod": 0, "target": 14, "value": 1.6356866988553991, "supply": "[{\"l\":'Renewables & Nuclear',\"v\":0.28814648709519586},{\"l\":'Biomass & Waste',\"v\":1.3475402117602033}]"}]}