{"nodes": [{"layer": 5, "name": "Starchy Roots"}, {"layer": 10, "name": "Feed", "fill": "#dbdb8d"}, {"layer": 13, "name": "Other Processed", "fill": "#9c9ede"}, {"layer": 16, "name": "Food", "fill": "#b5cf6b"}, {"layer": 13, "name": "Animal Products", "fill": "#17becf"}, {"layer": 5, "name": "Cereals", "fill": "#e7ba52"}, {"layer": 5, "name": "Oilcrops", "fill": "#ff9896"}, {"layer": 13, "name": "Sugar", "fill": "#d6616b"}, {"layer": 5, "name": "Fruits & Vegetables"}, {"layer": 13, "name": "Aquatic Products", "fill": "#1f77b4"}, {"layer": 10, "name": "Processing", "fill": "#9edae5"}, {"layer": 16, "name": "Biofuels & Other", "fill": "#e7ba52"}, {"name": "Waste", "fill": "#c7c7c7"}, {"layer": 2, "name": "Import", "fill": "#aec7e8"}, {"layer": 16, "name": "Export", "fill": "#aec7e8"}, {"layer": 13, "name": "Vegetable Oils", "fill": "#f7b6d2"}, {"layer": 0, "name": "Stock Draw", "fill": "#c7c7c7"}, {"layer": 2, "name": "Electricity", "fill": "#bcbd22"}, {"layer": 0, "name": "Fossil Fuels", "fill": "#c49c94"}, {"layer": 0, "name": "Renewables & Nuclear", "fill": "#2ca02c"}, {"layer": 2, "name": "Fertilizers", "fill": "#c5b0d5"}, {"layer": 0, "name": "Labor", "fill": "#7f7f7f"}], "links": [{"source": 0, "prod": 4.0, "target": 1, "value": 0.0041776569292531233, "supply": [{"l": "Roots, Other", "v": 0.00097515510421643877}, {"l": "Sweet potatoes", "v": 0.001041721879398773}, {"l": "Yams", "v": 0.0011813961455398585}, {"l": "Cassava", "v": 0.00097938380009805347}]}, {"source": 2, "prod": 1.0, "target": 3, "value": 0.00057520550928861786, "supply": [{"l": "Beer", "v": 0.00057520550928861786}]}, {"source": 4, "prod": 9.0, "target": 3, "value": 0.0082280824722676602, "supply": [{"l": "Milk - Excluding Butter", "v": 0.0036318909774162834}, {"l": "Pigmeat", "v": 0.0031689082365536549}, {"l": "Poultry Meat", "v": 0.0014272832582977223}]}, {"source": 5, "prod": 8.0, "target": 3, "value": 0.025375609886457668, "supply": [{"l": "Wheat", "v": 0.021175277613787142}, {"l": "Rice", "v": 0.004200332272670527}]}, {"source": 6, "prod": 3.0, "target": 3, "value": 0.0064214274812810076, "supply": [{"l": "Coconuts - Incl Copra", "v": 0.0064214274812810076}]}, {"source": 7, "prod": 4.0, "target": 3, "value": 0.016757973015916767, "supply": [{"l": "Sugar", "v": 0.016757973015916767}]}, {"source": 0, "prod": 12.0, "target": 3, "value": 0.012185138804308054, "supply": [{"l": "Roots, Other", "v": 0.0078012408337315101}, {"l": "Yams", "v": 0.002362792291079717}, {"l": "Sweet potatoes", "v": 0.001041721879398773}, {"l": "Cassava", "v": 0.00097938380009805347}]}, {"source": 8, "prod": 4.0, "target": 3, "value": 0.0026105427691295487, "supply": [{"l": "Bananas", "v": 0.0020871128482232602}, {"l": "Fruits, Other", "v": 0.00052342992090628868}]}, {"source": 9, "prod": 2.0, "target": 3, "value": 0.0018238903984471679, "supply": [{"l": "Demersal Fish", "v": 0.00073041784610678145}, {"l": "Fish, Seafood", "v": 0.0010934725523403864}]}, {"source": 6, "prod": 18.0, "target": 10, "value": 0.038528564887686051, "supply": [{"l": "Coconuts - Incl Copra", "v": 0.038528564887686051}]}, {"source": 6, "prod": 1.0, "target": 11, "value": 0.0021404758270936694, "supply": [{"l": "Coconuts - Incl Copra", "v": 0.0021404758270936694}]}, {"source": 7, "prod": 1.0, "target": 11, "value": 0.0041894932539791917, "supply": [{"l": "Sugar", "v": 0.0041894932539791917}]}, {"source": 0, "prod": 1.0, "target": 12, "value": 0.00097515510421643877, "supply": [{"l": "Roots, Other", "v": 0.00097515510421643877}]}, {"source": 13, "prod": 5.0, "target": 10, "value": 0.017333178525205384, "supply": [{"l": "Beer", "v": 0.00057520550928861786}, {"l": "Sugar", "v": 0.016757973015916767}]}, {"source": 13, "prod": 8.0, "target": 5, "value": 0.025375609886457668, "supply": [{"l": "Wheat", "v": 0.021175277613787142}, {"l": "Rice", "v": 0.004200332272670527}]}, {"source": 13, "prod": 9.0, "target": 1, "value": 0.0063642230659588473, "supply": [{"l": "Poultry Meat", "v": 0.0014272832582977223}, {"l": "Milk - Excluding Butter", "v": 0.0031130494092139575}, {"l": "Fish, Seafood", "v": 0.0010934725523403864}, {"l": "Demersal Fish", "v": 0.00073041784610678145}]}, {"source": 0, "prod": 5.0, "target": 14, "value": 0.0049423422962645283, "supply": [{"l": "Sweet potatoes", "v": 0.001041721879398773}, {"l": "Roots, Other", "v": 0.0039006204168657551}]}, {"source": 8, "prod": 26.0, "target": 14, "value": 0.017859092415620573, "supply": [{"l": "Vegetables, Other", "v": 0.00046648534709340663}, {"l": "Bananas", "v": 0.017392607068527167}]}, {"source": 6, "prod": 4.0, "target": 14, "value": 0.0085619033083746774, "supply": [{"l": "Coconuts - Incl Copra", "v": 0.0085619033083746774}]}, {"source": 15, "prod": 1.0, "target": 14, "value": 0.010255287769170299, "supply": [{"l": "Coconut Oil", "v": 0.010255287769170299}]}, {"source": 16, "prod": 1.0, "target": 10, "value": 0.0041894932539791917, "supply": [{"l": "Sugar", "v": 0.0041894932539791917}]}, {"source": 16, "prod": 1.0, "target": 0, "value": 0.00097515510421643877, "supply": [{"l": "Roots, Other", "v": 0.00097515510421643877}]}, {"source": 1, "prod": 2.0, "target": 9, "value": 0.0018238903984471679, "supply": [{"l": "Demersal Fish", "v": 0.00073041784610678145}, {"l": "Fish, Seafood", "v": 0.0010934725523403864}]}, {"source": 1, "prod": 9.0, "target": 4, "value": 0.0082280824722676602, "supply": [{"l": "Milk - Excluding Butter", "v": 0.0036318909774162834}, {"l": "Poultry Meat", "v": 0.0014272832582977223}, {"l": "Pigmeat", "v": 0.0031689082365536549}]}, {"source": 10, "prod": 1.0, "target": 2, "value": 0.00057520550928861786, "supply": [{"l": "Beer", "v": 0.00057520550928861786}]}, {"source": 10, "prod": 1.0, "target": 15, "value": 0.010255287769170299, "supply": [{"l": "Coconut Oil", "v": 0.010255287769170299}]}, {"source": 10, "prod": 5.0, "target": 7, "value": 0.020947466269895958, "supply": [{"l": "Sugar", "v": 0.020947466269895958}]}, {"source": 17, "prod": 0, "target": 0, "value": 7.157622211656751e-05, "supply": "[{\"l\":'Energy for power irrigation',\"v\":7.157622211656751e-05}]"}, {"source": 17, "prod": 0, "target": 8, "value": 0.00010486748821729658, "supply": "[{\"l\":'Energy for power irrigation',\"v\":0.00010486748821729658}]"}, {"source": 17, "prod": 0, "target": 6, "value": 8.4892728556859142e-05, "supply": "[{\"l\":'Energy for power irrigation',\"v\":8.4892728556859142e-05}]"}, {"source": 17, "prod": 0, "target": 10, "value": 0.0005847898420715008, "supply": "[{\"l\":'Electricity',\"v\":0.0005847898420715008}]"}, {"source": 18, "prod": 0, "target": 17, "value": 0.0016086236315629005, "supply": [{"l": "Coal", "v": 0.00083022271274945487}, {"l": "Natural gas", "v": 0.00024576998112552426}, {"l": "Oil", "v": 0.00053263093768792121}]}, {"source": 19, "prod": 0, "target": 17, "value": 0.00023003278103609804, "supply": [{"l": "Nuclear", "v": 2.5760269736008727e-05}, {"l": "Hydroelectric", "v": 0.00020174925444805549}, {"l": "Renewable", "v": 2.5232568520338333e-06}]}, {"source": 18, "prod": 0, "target": 0, "value": 0.0016146955220575625, "supply": [{"l": "Other fossil fuels", "v": 0.0016146955220575625}]}, {"source": 18, "prod": 0, "target": 8, "value": 0.0023657166951075916, "supply": [{"l": "Other fossil fuels", "v": 0.0023657166951075916}]}, {"source": 18, "prod": 0, "target": 6, "value": 0.0019151039912775739, "supply": [{"l": "Other fossil fuels", "v": 0.0019151039912775739}]}, {"source": 20, "prod": 0.99030303030303035, "target": 0, "value": 0.0088374410845110298, "supply": [{"l": "Potash", "v": 0.00512777778188}, {"l": "Phosphate", "v": 0.0012625000010099998}, {"l": "Nitrogen", "v": 0.027520833355349994}]}, {"source": 20, "prod": 1.4509090909090909, "target": 8, "value": 0.01294787879823709, "supply": [{"l": "Potash", "v": 0.00512777778188}, {"l": "Phosphate", "v": 0.0012625000010099998}, {"l": "Nitrogen", "v": 0.027520833355349994}]}, {"source": 20, "prod": 1.1745454545454546, "target": 6, "value": 0.010481616170001453, "supply": [{"l": "Potash", "v": 0.00512777778188}, {"l": "Phosphate", "v": 0.0012625000010099998}, {"l": "Nitrogen", "v": 0.027520833355349994}]}, {"source": 18, "prod": 0, "target": 20, "value": 0.04525306739153391, "supply": [{"l": "Natural gas (including LNG)", "v": 0.028820752939377334}, {"l": "Fuel oil", "v": 0.011567424088095173}, {"l": "Liquefied petroleum gas (LPG)", "v": 0.0024324451820307018}, {"l": "Coal", "v": 0.0024324451820307018}]}, {"source": 21, "prod": 0, "target": 5, "value": 0.00030630275189106178, "supply": "[{\"l\":'Labor',\"v\":0.00030630275189106178}]"}, {"source": 21, "prod": 0, "target": 6, "value": 0.0019526800433055189, "supply": "[{\"l\":'Labor',\"v\":0.0019526800433055189}]"}, {"source": 21, "prod": 0, "target": 0, "value": 0.0016463772914144571, "supply": "[{\"l\":'Labor',\"v\":0.0016463772914144571}]"}, {"source": 21, "prod": 0, "target": 8, "value": 0.0024121341711421116, "supply": "[{\"l\":'Labor',\"v\":0.0024121341711421116}]"}, {"source": 18, "prod": 0, "target": 13, "value": 0.024470057430199851, "supply": "[{\"l\":'Fossil Fuels',\"v\":0.024470057430199851}]"}, {"source": 19, "prod": 0, "target": 13, "value": 0.0015898560388892767, "supply": "[{\"l\":'Renewables & Nuclear',\"v\":6.0185233960843497e-05},{\"l\":'Biomass & Waste',\"v\":0.0015296708049284333}]"}]}