{"nodes": [{"layer": 5, "name": "Cassava"}, {"layer": 10, "name": "Feed", "fill": "#dbdb8d"}, {"layer": 5, "name": "Roots, Other"}, {"layer": 5, "name": "Sweet potatoes"}, {"layer": 5, "name": "Rice"}, {"layer": 16, "name": "Food", "fill": "#b5cf6b"}, {"layer": 5, "name": "Wheat"}, {"layer": 5, "name": "Bananas"}, {"layer": 5, "name": "Coconuts - Incl Copra"}, {"layer": 5, "name": "Fruits, Other"}, {"layer": 5, "name": "Yams"}, {"layer": 13, "name": "Sugar", "fill": "#d6616b"}, {"layer": 13, "name": "Milk - Excluding Butter"}, {"layer": 13, "name": "Beer"}, {"layer": 13, "name": "Demersal Fish"}, {"layer": 13, "name": "Fish, Seafood"}, {"layer": 13, "name": "Marine Fish, Other"}, {"layer": 5, "name": "Lemons, Limes"}, {"layer": 10, "name": "Processing", "fill": "#9edae5"}, {"layer": 16, "name": "Biofuels & Other", "fill": "#e7ba52"}, {"name": "Waste", "fill": "#c7c7c7"}, {"layer": 2, "name": "Import", "fill": "#aec7e8"}, {"layer": 16, "name": "Export", "fill": "#aec7e8"}, {"layer": 0, "name": "Stock Draw", "fill": "#c7c7c7"}, {"name": "Crop Residue", "fill": "#bd9e39"}, {"layer": 2, "name": "Electricity", "fill": "#bcbd22"}, {"layer": 0, "name": "Fossil Fuels", "fill": "#c49c94"}, {"layer": 0, "name": "Renewables & Nuclear", "fill": "#2ca02c"}, {"layer": 2, "name": "Fertilizers", "fill": "#c5b0d5"}, {"layer": 0, "name": "Labor", "fill": "#7f7f7f"}], "links": [{"source": 0, "prod": 1.0, "target": 1, "value": 0.00098905327552423119, "supply": [{"l": "Cassava", "v": 0.00098905327552423119}]}, {"source": 2, "prod": 1.0, "target": 1, "value": 0.00097257104199264448, "supply": [{"l": "Roots, Other", "v": 0.00097257104199264448}]}, {"source": 3, "prod": 2.0, "target": 1, "value": 0.002122508329275, "supply": [{"l": "Sweet potatoes", "v": 0.002122508329275}]}, {"source": 4, "prod": 1.0, "target": 5, "value": 0.0041945755600431515, "supply": [{"l": "Rice", "v": 0.0041945755600431515}]}, {"source": 6, "prod": 6.0, "target": 5, "value": 0.01813883657865482, "supply": [{"l": "Wheat", "v": 0.01813883657865482}]}, {"source": 7, "prod": 3.0, "target": 5, "value": 0.0020948406229343575, "supply": [{"l": "Bananas", "v": 0.0020948406229343575}]}, {"source": 8, "prod": 2.0, "target": 5, "value": 0.0042730880398335787, "supply": [{"l": "Coconuts - Incl Copra", "v": 0.0042730880398335787}]}, {"source": 2, "prod": 7.0, "target": 5, "value": 0.006807997293948511, "supply": [{"l": "Roots, Other", "v": 0.006807997293948511}]}, {"source": 9, "prod": 2.0, "target": 5, "value": 0.0010599922690790724, "supply": [{"l": "Fruits, Other", "v": 0.0010599922690790724}]}, {"source": 10, "prod": 2.0, "target": 5, "value": 0.0023543386108539903, "supply": [{"l": "Yams", "v": 0.0023543386108539903}]}, {"source": 11, "prod": 4.0, "target": 5, "value": 0.016769906678383937, "supply": [{"l": "Sugar", "v": 0.016769906678383937}]}, {"source": 12, "prod": 7.0, "target": 5, "value": 0.003247344962506107, "supply": [{"l": "Milk - Excluding Butter", "v": 0.003247344962506107}]}, {"source": 13, "prod": 1.0, "target": 5, "value": 0.00055130086474675327, "supply": [{"l": "Beer", "v": 0.00055130086474675327}]}, {"source": 3, "prod": 1.0, "target": 5, "value": 0.0010612541646375, "supply": [{"l": "Sweet potatoes", "v": 0.0010612541646375}]}, {"source": 14, "prod": 1.0, "target": 5, "value": 0.00071450775440940601, "supply": [{"l": "Demersal Fish", "v": 0.00071450775440940601}]}, {"source": 15, "prod": 2.0, "target": 5, "value": 0.0010316422122488749, "supply": [{"l": "Fish, Seafood", "v": 0.0010316422122488749}]}, {"source": 16, "prod": 1.0, "target": 5, "value": 0.00076349220477517983, "supply": [{"l": "Marine Fish, Other", "v": 0.00076349220477517983}]}, {"source": 17, "prod": 1.0, "target": 5, "value": 0.00015160773780535717, "supply": [{"l": "Lemons, Limes", "v": 0.00015160773780535717}]}, {"source": 0, "prod": 2.0, "target": 5, "value": 0.0019781065510484624, "supply": [{"l": "Cassava", "v": 0.0019781065510484624}]}, {"source": 8, "prod": 7.0, "target": 18, "value": 0.014955808139417524, "supply": [{"l": "Coconuts - Incl Copra", "v": 0.014955808139417524}]}, {"source": 11, "prod": 1.0, "target": 19, "value": 0.0041924766695959842, "supply": [{"l": "Sugar", "v": 0.0041924766695959842}]}, {"source": 8, "prod": 1.0, "target": 19, "value": 0.0021365440199167893, "supply": [{"l": "Coconuts - Incl Copra", "v": 0.0021365440199167893}]}, {"source": 2, "prod": 1.0, "target": 20, "value": 0.00097257104199264448, "supply": [{"l": "Roots, Other", "v": 0.00097257104199264448}]}, {"source": 21, "prod": 5.0, "target": 18, "value": 0.017321207543130691, "supply": [{"l": "Beer", "v": 0.00055130086474675327}, {"l": "Sugar", "v": 0.016769906678383937}]}, {"source": 21, "prod": 6.0, "target": 6, "value": 0.01813883657865482, "supply": [{"l": "Wheat", "v": 0.01813883657865482}]}, {"source": 21, "prod": 8.0, "target": 1, "value": 0.0040137673998247927, "supply": [{"l": "Milk - Excluding Butter", "v": 0.0027834385392909488}, {"l": "Demersal Fish", "v": 0.00071450775440940601}, {"l": "Fish, Seafood", "v": 0.00051582110612443744}]}, {"source": 21, "prod": 2.0, "target": 4, "value": 0.008389151120086303, "supply": [{"l": "Rice", "v": 0.008389151120086303}]}, {"source": 7, "prod": 31.0, "target": 22, "value": 0.021646686436988364, "supply": [{"l": "Bananas", "v": 0.021646686436988364}]}, {"source": 8, "prod": 11.0, "target": 22, "value": 0.023501984219084684, "supply": [{"l": "Coconuts - Incl Copra", "v": 0.023501984219084684}]}, {"source": 2, "prod": 6.0, "target": 22, "value": 0.0058354262519558671, "supply": [{"l": "Roots, Other", "v": 0.0058354262519558671}]}, {"source": 10, "prod": 1.0, "target": 22, "value": 0.0011771693054269952, "supply": [{"l": "Yams", "v": 0.0011771693054269952}]}, {"source": 3, "prod": 2.0, "target": 22, "value": 0.002122508329275, "supply": [{"l": "Sweet potatoes", "v": 0.002122508329275}]}, {"source": 0, "prod": 1.0, "target": 22, "value": 0.00098905327552423119, "supply": [{"l": "Cassava", "v": 0.00098905327552423119}]}, {"source": 23, "prod": 1.0, "target": 18, "value": 0.0041924766695959842, "supply": [{"l": "Sugar", "v": 0.0041924766695959842}]}, {"source": 23, "prod": 2.0, "target": 2, "value": 0.001945142083985289, "supply": [{"l": "Roots, Other", "v": 0.001945142083985289}]}, {"source": 23, "prod": 1.0, "target": 7, "value": 0.00069828020764478582, "supply": [{"l": "Bananas", "v": 0.00069828020764478582}]}, {"source": 1, "prod": 7.0, "target": 12, "value": 0.003247344962506107, "supply": [{"l": "Milk - Excluding Butter", "v": 0.003247344962506107}]}, {"source": 1, "prod": 1.0, "target": 16, "value": 0.00076349220477517983, "supply": [{"l": "Marine Fish, Other", "v": 0.00076349220477517983}]}, {"source": 1, "prod": 1.0, "target": 14, "value": 0.00071450775440940601, "supply": [{"l": "Demersal Fish", "v": 0.00071450775440940601}]}, {"source": 1, "prod": 2.0, "target": 15, "value": 0.0010316422122488749, "supply": [{"l": "Fish, Seafood", "v": 0.0010316422122488749}]}, {"source": 18, "prod": 1.0, "target": 13, "value": 0.00055130086474675327, "supply": [{"l": "Beer", "v": 0.00055130086474675327}]}, {"source": 18, "prod": 5.0, "target": 11, "value": 0.02096238334797992, "supply": [{"l": "Sugar", "v": 0.02096238334797992}]}, {"source": 6, "prod": 6.0, "target": 24, "value": 0.020919999959999998, "supply": [{"l": "Wheat", "v": 0.020919999959999998}]}, {"source": 8, "prod": 21.0, "target": 24, "value": 0.073219999859999996, "supply": [{"l": "Coconuts - Incl Copra", "v": 0.073219999859999996}]}, {"source": 2, "prod": 7.0, "target": 24, "value": 0.024406666620000003, "supply": [{"l": "Roots, Other", "v": 0.024406666620000003}]}, {"source": 10, "prod": 1.5, "target": 24, "value": 0.0052299999900000012, "supply": [{"l": "Yams", "v": 0.0052299999900000012}]}, {"source": 3, "prod": 2.5, "target": 24, "value": 0.0087166666499999997, "supply": [{"l": "Sweet potatoes", "v": 0.0087166666499999997}]}, {"source": 4, "prod": 1.0, "target": 24, "value": 0.0034866666599999998, "supply": [{"l": "Rice", "v": 0.0034866666599999998}]}, {"source": 0, "prod": 2.0, "target": 24, "value": 0.0069733333200000004, "supply": [{"l": "Cassava", "v": 0.0069733333200000004}]}, {"source": 25, "prod": 0, "target": 7, "value": 0.00010575716860447123, "supply": "[{\"l\":'Energy for power irrigation',\"v\":0.00010575716860447123}]"}, {"source": 25, "prod": 0, "target": 8, "value": 6.6295538528176007e-05, "supply": "[{\"l\":'Energy for power irrigation',\"v\":6.6295538528176007e-05}]"}, {"source": 25, "prod": 0, "target": 2, "value": 4.4197025685450671e-05, "supply": "[{\"l\":'Energy for power irrigation',\"v\":4.4197025685450671e-05}]"}, {"source": 25, "prod": 0, "target": 9, "value": 6.313860812207238e-06, "supply": "[{\"l\":'Energy for power irrigation',\"v\":6.313860812207238e-06}]"}, {"source": 25, "prod": 0, "target": 10, "value": 9.4707912183108578e-06, "supply": "[{\"l\":'Energy for power irrigation',\"v\":9.4707912183108578e-06}]"}, {"source": 25, "prod": 0, "target": 3, "value": 1.5784652030518096e-05, "supply": "[{\"l\":'Energy for power irrigation',\"v\":1.5784652030518096e-05}]"}, {"source": 25, "prod": 0, "target": 17, "value": 3.156930406103619e-06, "supply": "[{\"l\":'Energy for power irrigation',\"v\":3.156930406103619e-06}]"}, {"source": 25, "prod": 0, "target": 0, "value": 1.2627721624414476e-05, "supply": "[{\"l\":'Energy for power irrigation',\"v\":1.2627721624414476e-05}]"}, {"source": 25, "prod": 0, "target": 18, "value": 0.00033835681776237734, "supply": "[{\"l\":'Electricity',\"v\":0.00033835681776237734}]"}, {"source": 26, "prod": 0, "target": 25, "value": 0.001155101298458072, "supply": [{"l": "Coal", "v": 0.00060093461614625871}, {"l": "Natural gas", "v": 0.00017701479831532199}, {"l": "Oil", "v": 0.00037715188399649135}]}, {"source": 27, "prod": 0, "target": 25, "value": 0.00016275147956840255, "supply": [{"l": "Nuclear", "v": 1.8582215383855841e-05}, {"l": "Hydroelectric", "v": 0.00014231783710480107}, {"l": "Renewable", "v": 1.8514270797456427e-06}]}, {"source": 26, "prod": 0, "target": 7, "value": 0.0024121493767963057, "supply": [{"l": "Other fossil fuels", "v": 0.0024121493767963057}]}, {"source": 26, "prod": 0, "target": 8, "value": 0.001512093639185744, "supply": [{"l": "Other fossil fuels", "v": 0.001512093639185744}]}, {"source": 26, "prod": 0, "target": 2, "value": 0.0010080624261238293, "supply": [{"l": "Other fossil fuels", "v": 0.0010080624261238293}]}, {"source": 26, "prod": 0, "target": 9, "value": 0.00014400891801768988, "supply": [{"l": "Other fossil fuels", "v": 0.00014400891801768988}]}, {"source": 26, "prod": 0, "target": 10, "value": 0.00021601337702653484, "supply": [{"l": "Other fossil fuels", "v": 0.00021601337702653484}]}, {"source": 26, "prod": 0, "target": 3, "value": 0.00036002229504422472, "supply": [{"l": "Other fossil fuels", "v": 0.00036002229504422472}]}, {"source": 26, "prod": 0, "target": 17, "value": 7.2004459008844941e-05, "supply": [{"l": "Other fossil fuels", "v": 7.2004459008844941e-05}]}, {"source": 26, "prod": 0, "target": 0, "value": 0.00028801783603537976, "supply": [{"l": "Other fossil fuels", "v": 0.00028801783603537976}]}, {"source": 28, "prod": 0.92413793103448261, "target": 7, "value": 0.0099789782966166404, "supply": [{"l": "Potash", "v": 0.001794722223658}, {"l": "Phosphate", "v": 0.0021041666683499997}, {"l": "Nitrogen", "v": 0.022016666684279994}]}, {"source": 28, "prod": 0.57931034482758625, "target": 8, "value": 0.0062554789322074467, "supply": [{"l": "Potash", "v": 0.001794722223658}, {"l": "Phosphate", "v": 0.0021041666683499997}, {"l": "Nitrogen", "v": 0.022016666684279994}]}, {"source": 28, "prod": 0.38620689655172413, "target": 2, "value": 0.0041703192881382975, "supply": [{"l": "Potash", "v": 0.001794722223658}, {"l": "Phosphate", "v": 0.0021041666683499997}, {"l": "Nitrogen", "v": 0.022016666684279994}]}, {"source": 28, "prod": 0.055172413793103448, "target": 9, "value": 0.00059575989830547109, "supply": [{"l": "Potash", "v": 0.001794722223658}, {"l": "Phosphate", "v": 0.0021041666683499997}, {"l": "Nitrogen", "v": 0.022016666684279994}]}, {"source": 28, "prod": 0.082758620689655171, "target": 10, "value": 0.00089363984745820669, "supply": [{"l": "Potash", "v": 0.001794722223658}, {"l": "Phosphate", "v": 0.0021041666683499997}, {"l": "Nitrogen", "v": 0.022016666684279994}]}, {"source": 28, "prod": 0.13793103448275862, "target": 3, "value": 0.0014893997457636778, "supply": [{"l": "Potash", "v": 0.001794722223658}, {"l": "Phosphate", "v": 0.0021041666683499997}, {"l": "Nitrogen", "v": 0.022016666684279994}]}, {"source": 28, "prod": 0.027586206896551724, "target": 17, "value": 0.00029787994915273555, "supply": [{"l": "Potash", "v": 0.001794722223658}, {"l": "Phosphate", "v": 0.0021041666683499997}, {"l": "Nitrogen", "v": 0.022016666684279994}]}, {"source": 28, "prod": 0.1103448275862069, "target": 0, "value": 0.0011915197966109422, "supply": [{"l": "Potash", "v": 0.001794722223658}, {"l": "Phosphate", "v": 0.0021041666683499997}, {"l": "Nitrogen", "v": 0.022016666684279994}]}, {"source": 26, "prod": 0, "target": 28, "value": 0.032310025594701003, "supply": [{"l": "Natural gas (including LNG)", "v": 0.021419225558077272}, {"l": "Fuel oil", "v": 0.0069988877453746063}, {"l": "Liquefied petroleum gas (LPG)", "v": 0.0019459561456245612}, {"l": "Coal", "v": 0.0019459561456245612}]}, {"source": 29, "prod": 0, "target": 17, "value": 6.7205603499627419e-05, "supply": "[{\"l\":'Labor',\"v\":6.7205603499627419e-05}]"}, {"source": 29, "prod": 0, "target": 6, "value": 0.00020161681049888223, "supply": "[{\"l\":'Labor',\"v\":0.00020161681049888223}]"}, {"source": 29, "prod": 0, "target": 7, "value": 0.0022513877172375182, "supply": "[{\"l\":'Labor',\"v\":0.0022513877172375182}]"}, {"source": 29, "prod": 0, "target": 8, "value": 0.0014113176734921757, "supply": "[{\"l\":'Labor',\"v\":0.0014113176734921757}]"}, {"source": 29, "prod": 0, "target": 2, "value": 0.00094087844899478376, "supply": "[{\"l\":'Labor',\"v\":0.00094087844899478376}]"}, {"source": 29, "prod": 0, "target": 9, "value": 0.00013441120699925484, "supply": "[{\"l\":'Labor',\"v\":0.00013441120699925484}]"}, {"source": 29, "prod": 0, "target": 10, "value": 0.00020161681049888223, "supply": "[{\"l\":'Labor',\"v\":0.00020161681049888223}]"}, {"source": 29, "prod": 0, "target": 3, "value": 0.0003360280174981371, "supply": "[{\"l\":'Labor',\"v\":0.0003360280174981371}]"}, {"source": 29, "prod": 0, "target": 4, "value": 3.360280174981371e-05, "supply": "[{\"l\":'Labor',\"v\":3.360280174981371e-05}]"}, {"source": 29, "prod": 0, "target": 0, "value": 0.00026882241399850968, "supply": "[{\"l\":'Labor',\"v\":0.00026882241399850968}]"}, {"source": 26, "prod": 0, "target": 21, "value": 0.021330997866897124, "supply": "[{\"l\":'Fossil Fuels',\"v\":0.021330997866897124}]"}, {"source": 27, "prod": 0, "target": 21, "value": 0.0013484250305394003, "supply": "[{\"l\":'Renewables & Nuclear',\"v\":4.6669982485675305e-05},{\"l\":'Biomass & Waste',\"v\":0.001301755048053725}]"}]}