{"nodes": [{"layer": 5, "name": "Roots, Other"}, {"layer": 10, "name": "Feed", "fill": "#dbdb8d"}, {"layer": 5, "name": "Cassava"}, {"layer": 13, "name": "Poultry Meat"}, {"layer": 16, "name": "Food", "fill": "#b5cf6b"}, {"layer": 13, "name": "Pigmeat"}, {"layer": 5, "name": "Vegetables, Other"}, {"layer": 5, "name": "Wheat"}, {"layer": 5, "name": "Bananas"}, {"layer": 5, "name": "Coconuts - Incl Copra"}, {"layer": 13, "name": "Coconut Oil"}, {"layer": 5, "name": "Fruits, Other"}, {"layer": 5, "name": "Yams"}, {"layer": 13, "name": "Sugar", "fill": "#d6616b"}, {"layer": 13, "name": "Milk - Excluding Butter"}, {"layer": 13, "name": "Beer"}, {"layer": 13, "name": "Marine Fish, Other"}, {"layer": 13, "name": "Fish, Seafood"}, {"layer": 5, "name": "Rice"}, {"layer": 5, "name": "Lemons, Limes"}, {"layer": 10, "name": "Processing", "fill": "#9edae5"}, {"layer": 16, "name": "Biofuels & Other", "fill": "#e7ba52"}, {"name": "Waste", "fill": "#c7c7c7"}, {"layer": 2, "name": "Import", "fill": "#aec7e8"}, {"layer": 16, "name": "Export", "fill": "#aec7e8"}, {"layer": 5, "name": "Plantains"}, {"layer": 5, "name": "Sweet potatoes"}, {"layer": 0, "name": "Stock Draw", "fill": "#c7c7c7"}, {"layer": 16, "name": "Stock Deposit", "fill": "#c7c7c7"}, {"layer": 2, "name": "Electricity", "fill": "#bcbd22"}, {"layer": 5, "name": "Spices, Other"}, {"layer": 0, "name": "Fossil Fuels", "fill": "#c49c94"}, {"layer": 0, "name": "Renewables & Nuclear", "fill": "#2ca02c"}, {"layer": 2, "name": "Fertilizers", "fill": "#c5b0d5"}, {"layer": 0, "name": "Labor", "fill": "#7f7f7f"}], "links": [{"source": 0, "prod": 1.0, "target": 1, "value": 0.0010008984775491114, "supply": [{"l": "Roots, Other", "v": 0.0010008984775491114}]}, {"source": 2, "prod": 1.0, "target": 1, "value": 0.0009713396188395176, "supply": [{"l": "Cassava", "v": 0.0009713396188395176}]}, {"source": 3, "prod": 1.0, "target": 4, "value": 0.0014261314006565405, "supply": [{"l": "Poultry Meat", "v": 0.0014261314006565405}]}, {"source": 5, "prod": 1.0, "target": 4, "value": 0.0031644669636463636, "supply": [{"l": "Pigmeat", "v": 0.0031644669636463636}]}, {"source": 6, "prod": 1.0, "target": 4, "value": 0.00027927741174671054, "supply": [{"l": "Vegetables, Other", "v": 0.00027927741174671054}]}, {"source": 7, "prod": 8.0, "target": 4, "value": 0.024170759481838045, "supply": [{"l": "Wheat", "v": 0.024170759481838045}]}, {"source": 8, "prod": 4.0, "target": 4, "value": 0.0027872438716899429, "supply": [{"l": "Bananas", "v": 0.0027872438716899429}]}, {"source": 9, "prod": 3.0, "target": 4, "value": 0.0064179517515874744, "supply": [{"l": "Coconuts - Incl Copra", "v": 0.0064179517515874744}]}, {"source": 10, "prod": 1.0, "target": 4, "value": 0.010303438491626214, "supply": [{"l": "Coconut Oil", "v": 0.010303438491626214}]}, {"source": 0, "prod": 8.0, "target": 4, "value": 0.0080071878203928915, "supply": [{"l": "Roots, Other", "v": 0.0080071878203928915}]}, {"source": 11, "prod": 2.0, "target": 4, "value": 0.0010629872960985303, "supply": [{"l": "Fruits, Other", "v": 0.0010629872960985303}]}, {"source": 12, "prod": 2.0, "target": 4, "value": 0.002344824209516936, "supply": [{"l": "Yams", "v": 0.002344824209516936}]}, {"source": 13, "prod": 4.0, "target": 4, "value": 0.016742175137606664, "supply": [{"l": "Sugar", "v": 0.016742175137606664}]}, {"source": 14, "prod": 7.0, "target": 4, "value": 0.0035720335339234199, "supply": [{"l": "Milk - Excluding Butter", "v": 0.0035720335339234199}]}, {"source": 15, "prod": 1.0, "target": 4, "value": 0.00057791068371349018, "supply": [{"l": "Beer", "v": 0.00057791068371349018}]}, {"source": 16, "prod": 1.0, "target": 4, "value": 0.00081950128543436303, "supply": [{"l": "Marine Fish, Other", "v": 0.00081950128543436303}]}, {"source": 17, "prod": 1.0, "target": 4, "value": 0.00084059735812871299, "supply": [{"l": "Fish, Seafood", "v": 0.00084059735812871299}]}, {"source": 18, "prod": 1.0, "target": 4, "value": 0.0041818378138798731, "supply": [{"l": "Rice", "v": 0.0041818378138798731}]}, {"source": 19, "prod": 1.0, "target": 4, "value": 0.00018673093805938418, "supply": [{"l": "Lemons, Limes", "v": 0.00018673093805938418}]}, {"source": 2, "prod": 2.0, "target": 4, "value": 0.0019426792376790352, "supply": [{"l": "Cassava", "v": 0.0019426792376790352}]}, {"source": 9, "prod": 13.0, "target": 20, "value": 0.027811124256879052, "supply": [{"l": "Coconuts - Incl Copra", "v": 0.027811124256879052}]}, {"source": 10, "prod": 1.0, "target": 21, "value": 0.010303438491626214, "supply": [{"l": "Coconut Oil", "v": 0.010303438491626214}]}, {"source": 13, "prod": 1.0, "target": 21, "value": 0.0041855437844016659, "supply": [{"l": "Sugar", "v": 0.0041855437844016659}]}, {"source": 9, "prod": 10.0, "target": 21, "value": 0.021393172505291574, "supply": [{"l": "Coconuts - Incl Copra", "v": 0.021393172505291574}]}, {"source": 0, "prod": 1.0, "target": 22, "value": 0.0010008984775491114, "supply": [{"l": "Roots, Other", "v": 0.0010008984775491114}]}, {"source": 7, "prod": 1.0, "target": 22, "value": 0.0030213449352297556, "supply": [{"l": "Wheat", "v": 0.0030213449352297556}]}, {"source": 23, "prod": 5.0, "target": 20, "value": 0.017320085821320153, "supply": [{"l": "Beer", "v": 0.00057791068371349018}, {"l": "Sugar", "v": 0.016742175137606664}]}, {"source": 23, "prod": 26.0, "target": 7, "value": 0.078554968315973653, "supply": [{"l": "Wheat", "v": 0.078554968315973653}]}, {"source": 23, "prod": 9.0, "target": 1, "value": 0.0061479730732968332, "supply": [{"l": "Poultry Meat", "v": 0.0014261314006565405}, {"l": "Milk - Excluding Butter", "v": 0.0030617430290772172}, {"l": "Fish, Seafood", "v": 0.00084059735812871299}, {"l": "Marine Fish, Other", "v": 0.00081950128543436303}]}, {"source": 23, "prod": 2.0, "target": 18, "value": 0.0083636756277597462, "supply": [{"l": "Rice", "v": 0.0083636756277597462}]}, {"source": 0, "prod": 6.0, "target": 24, "value": 0.0060053908652946686, "supply": [{"l": "Roots, Other", "v": 0.0060053908652946686}]}, {"source": 7, "prod": 12.0, "target": 24, "value": 0.036256139222757069, "supply": [{"l": "Wheat", "v": 0.036256139222757069}]}, {"source": 8, "prod": 31.0, "target": 24, "value": 0.021601140005597055, "supply": [{"l": "Bananas", "v": 0.021601140005597055}]}, {"source": 9, "prod": 5.0, "target": 24, "value": 0.010696586252645787, "supply": [{"l": "Coconuts - Incl Copra", "v": 0.010696586252645787}]}, {"source": 25, "prod": 1.0, "target": 24, "value": 0.00097586589851724132, "supply": [{"l": "Plantains", "v": 0.00097586589851724132}]}, {"source": 6, "prod": 1.0, "target": 24, "value": 0.00027927741174671054, "supply": [{"l": "Vegetables, Other", "v": 0.00027927741174671054}]}, {"source": 26, "prod": 1.0, "target": 24, "value": 0.0011207964775049506, "supply": [{"l": "Sweet potatoes", "v": 0.0011207964775049506}]}, {"source": 27, "prod": 1.0, "target": 20, "value": 0.0041855437844016659, "supply": [{"l": "Sugar", "v": 0.0041855437844016659}]}, {"source": 27, "prod": 2.0, "target": 8, "value": 0.0013936219358449714, "supply": [{"l": "Bananas", "v": 0.0013936219358449714}]}, {"source": 27, "prod": 1.0, "target": 0, "value": 0.0010008984775491114, "supply": [{"l": "Roots, Other", "v": 0.0010008984775491114}]}, {"source": 7, "prod": 5.0, "target": 28, "value": 0.015106724676148778, "supply": [{"l": "Wheat", "v": 0.015106724676148778}]}, {"source": 1, "prod": 1.0, "target": 3, "value": 0.0014261314006565405, "supply": [{"l": "Poultry Meat", "v": 0.0014261314006565405}]}, {"source": 1, "prod": 7.0, "target": 14, "value": 0.0035720335339234199, "supply": [{"l": "Milk - Excluding Butter", "v": 0.0035720335339234199}]}, {"source": 1, "prod": 1.0, "target": 5, "value": 0.0031644669636463636, "supply": [{"l": "Pigmeat", "v": 0.0031644669636463636}]}, {"source": 1, "prod": 1.0, "target": 16, "value": 0.00081950128543436303, "supply": [{"l": "Marine Fish, Other", "v": 0.00081950128543436303}]}, {"source": 1, "prod": 1.0, "target": 17, "value": 0.00084059735812871299, "supply": [{"l": "Fish, Seafood", "v": 0.00084059735812871299}]}, {"source": 20, "prod": 2.0, "target": 10, "value": 0.020606876983252427, "supply": [{"l": "Coconut Oil", "v": 0.020606876983252427}]}, {"source": 20, "prod": 1.0, "target": 15, "value": 0.00057791068371349018, "supply": [{"l": "Beer", "v": 0.00057791068371349018}]}, {"source": 20, "prod": 5.0, "target": 13, "value": 0.020927718922008329, "supply": [{"l": "Sugar", "v": 0.020927718922008329}]}, {"source": 29, "prod": 0, "target": 0, "value": 3.9786174323651686e-05, "supply": "[{\"l\":'Energy for power irrigation',\"v\":3.9786174323651686e-05}]"}, {"source": 29, "prod": 0, "target": 8, "value": 8.7272898516397245e-05, "supply": "[{\"l\":'Energy for power irrigation',\"v\":8.7272898516397245e-05}]"}, {"source": 29, "prod": 0, "target": 9, "value": 7.8288923669121054e-05, "supply": "[{\"l\":'Energy for power irrigation',\"v\":7.8288923669121054e-05}]"}, {"source": 29, "prod": 0, "target": 30, "value": 1.2834249781823125e-06, "supply": "[{\"l\":'Energy for power irrigation',\"v\":1.2834249781823125e-06}]"}, {"source": 29, "prod": 0, "target": 25, "value": 2.5668499563646249e-06, "supply": "[{\"l\":'Energy for power irrigation',\"v\":2.5668499563646249e-06}]"}, {"source": 29, "prod": 0, "target": 6, "value": 5.1336999127292498e-06, "supply": "[{\"l\":'Energy for power irrigation',\"v\":5.1336999127292498e-06}]"}, {"source": 29, "prod": 0, "target": 11, "value": 5.1336999127292498e-06, "supply": "[{\"l\":'Energy for power irrigation',\"v\":5.1336999127292498e-06}]"}, {"source": 29, "prod": 0, "target": 12, "value": 6.4171248909115618e-06, "supply": "[{\"l\":'Energy for power irrigation',\"v\":6.4171248909115618e-06}]"}, {"source": 29, "prod": 0, "target": 26, "value": 3.8502749345469378e-06, "supply": "[{\"l\":'Energy for power irrigation',\"v\":3.8502749345469378e-06}]"}, {"source": 29, "prod": 0, "target": 19, "value": 2.5668499563646249e-06, "supply": "[{\"l\":'Energy for power irrigation',\"v\":2.5668499563646249e-06}]"}, {"source": 29, "prod": 0, "target": 2, "value": 7.7005498690938756e-06, "supply": "[{\"l\":'Energy for power irrigation',\"v\":7.7005498690938756e-06}]"}, {"source": 29, "prod": 0, "target": 20, "value": 0.00063563191806572902, "supply": "[{\"l\":'Electricity',\"v\":0.00063563191806572902}]"}, {"source": 31, "prod": 0, "target": 29, "value": 0.001592936715527562, "supply": [{"l": "Coal", "v": 0.00084832869450785376}, {"l": "Natural gas", "v": 0.00020604985794132725}, {"l": "Oil", "v": 0.00053855816307838095}]}, {"source": 32, "prod": 0, "target": 29, "value": 0.00028412263307471216, "supply": [{"l": "Nuclear", "v": 8.1899686803891397e-05}, {"l": "Hydroelectric", "v": 0.00019925375701152745}, {"l": "Renewable", "v": 2.969189259293286e-06}]}, {"source": 31, "prod": 0, "target": 0, "value": 0.00097688108655151419, "supply": [{"l": "Other fossil fuels", "v": 0.00097688108655151419}]}, {"source": 31, "prod": 0, "target": 8, "value": 0.0021428359317904179, "supply": [{"l": "Other fossil fuels", "v": 0.0021428359317904179}]}, {"source": 31, "prod": 0, "target": 9, "value": 0.0019222498799884632, "supply": [{"l": "Other fossil fuels", "v": 0.0019222498799884632}]}, {"source": 31, "prod": 0, "target": 30, "value": 3.1512293114564974e-05, "supply": [{"l": "Other fossil fuels", "v": 3.1512293114564974e-05}]}, {"source": 31, "prod": 0, "target": 25, "value": 6.3024586229129949e-05, "supply": [{"l": "Other fossil fuels", "v": 6.3024586229129949e-05}]}, {"source": 31, "prod": 0, "target": 6, "value": 0.0001260491724582599, "supply": [{"l": "Other fossil fuels", "v": 0.0001260491724582599}]}, {"source": 31, "prod": 0, "target": 11, "value": 0.0001260491724582599, "supply": [{"l": "Other fossil fuels", "v": 0.0001260491724582599}]}, {"source": 31, "prod": 0, "target": 12, "value": 0.00015756146557282486, "supply": [{"l": "Other fossil fuels", "v": 0.00015756146557282486}]}, {"source": 31, "prod": 0, "target": 26, "value": 9.4536879343694923e-05, "supply": [{"l": "Other fossil fuels", "v": 9.4536879343694923e-05}]}, {"source": 31, "prod": 0, "target": 19, "value": 6.3024586229129949e-05, "supply": [{"l": "Other fossil fuels", "v": 6.3024586229129949e-05}]}, {"source": 31, "prod": 0, "target": 2, "value": 0.00018907375868738985, "supply": [{"l": "Other fossil fuels", "v": 0.00018907375868738985}]}, {"source": 33, "prod": 0.56495327102803727, "target": 0, "value": 0.0070548740970249983, "supply": [{"l": "Potash", "v": 0.00256388889094}, {"l": "Phosphate", "v": 0.0021041666683499997}, {"l": "Nitrogen", "v": 0.044033333368559989}]}, {"source": 33, "prod": 1.2392523364485981, "target": 8, "value": 0.015475207696699996, "supply": [{"l": "Potash", "v": 0.00256388889094}, {"l": "Phosphate", "v": 0.0021041666683499997}, {"l": "Nitrogen", "v": 0.044033333368559989}]}, {"source": 33, "prod": 1.1116822429906541, "target": 9, "value": 0.013882171610274996, "supply": [{"l": "Potash", "v": 0.00256388889094}, {"l": "Phosphate", "v": 0.0021041666683499997}, {"l": "Nitrogen", "v": 0.044033333368559989}]}, {"source": 33, "prod": 0.018224299065420561, "target": 30, "value": 0.00022757658377499994, "supply": [{"l": "Potash", "v": 0.00256388889094}, {"l": "Phosphate", "v": 0.0021041666683499997}, {"l": "Nitrogen", "v": 0.044033333368559989}]}, {"source": 33, "prod": 0.036448598130841121, "target": 25, "value": 0.00045515316754999989, "supply": [{"l": "Potash", "v": 0.00256388889094}, {"l": "Phosphate", "v": 0.0021041666683499997}, {"l": "Nitrogen", "v": 0.044033333368559989}]}, {"source": 33, "prod": 0.072897196261682243, "target": 6, "value": 0.00091030633509999977, "supply": [{"l": "Potash", "v": 0.00256388889094}, {"l": "Phosphate", "v": 0.0021041666683499997}, {"l": "Nitrogen", "v": 0.044033333368559989}]}, {"source": 33, "prod": 0.072897196261682243, "target": 11, "value": 0.00091030633509999977, "supply": [{"l": "Potash", "v": 0.00256388889094}, {"l": "Phosphate", "v": 0.0021041666683499997}, {"l": "Nitrogen", "v": 0.044033333368559989}]}, {"source": 33, "prod": 0.0911214953271028, "target": 12, "value": 0.0011378829188749997, "supply": [{"l": "Potash", "v": 0.00256388889094}, {"l": "Phosphate", "v": 0.0021041666683499997}, {"l": "Nitrogen", "v": 0.044033333368559989}]}, {"source": 33, "prod": 0.054672897196261679, "target": 26, "value": 0.0006827297513249998, "supply": [{"l": "Potash", "v": 0.00256388889094}, {"l": "Phosphate", "v": 0.0021041666683499997}, {"l": "Nitrogen", "v": 0.044033333368559989}]}, {"source": 33, "prod": 0.036448598130841121, "target": 19, "value": 0.00045515316754999989, "supply": [{"l": "Potash", "v": 0.00256388889094}, {"l": "Phosphate", "v": 0.0021041666683499997}, {"l": "Nitrogen", "v": 0.044033333368559989}]}, {"source": 33, "prod": 0.10934579439252336, "target": 2, "value": 0.0013654595026499996, "supply": [{"l": "Potash", "v": 0.00256388889094}, {"l": "Phosphate", "v": 0.0021041666683499997}, {"l": "Nitrogen", "v": 0.044033333368559989}]}, {"source": 31, "prod": 0, "target": 33, "value": 0.059965366796988481, "supply": [{"l": "Natural gas (including LNG)", "v": 0.039917190908719959}, {"l": "Fuel oil", "v": 0.01226435130577028}, {"l": "Liquefied petroleum gas (LPG)", "v": 0.0038919122912491225}, {"l": "Coal", "v": 0.0038919122912491225}]}, {"source": 34, "prod": 0, "target": 0, "value": 0.00094782090288584079, "supply": "[{\"l\":'Labor',\"v\":0.00094782090288584079}]"}, {"source": 34, "prod": 0, "target": 7, "value": 0.00079494656371070522, "supply": "[{\"l\":'Labor',\"v\":0.00079494656371070522}]"}, {"source": 34, "prod": 0, "target": 8, "value": 0.0020790910127818445, "supply": "[{\"l\":'Labor',\"v\":0.0020790910127818445}]"}, {"source": 34, "prod": 0, "target": 9, "value": 0.0018650669379366544, "supply": "[{\"l\":'Labor',\"v\":0.0018650669379366544}]"}, {"source": 34, "prod": 0, "target": 30, "value": 3.0574867835027123e-05, "supply": "[{\"l\":'Labor',\"v\":3.0574867835027123e-05}]"}, {"source": 34, "prod": 0, "target": 25, "value": 6.1149735670054247e-05, "supply": "[{\"l\":'Labor',\"v\":6.1149735670054247e-05}]"}, {"source": 34, "prod": 0, "target": 6, "value": 0.00012229947134010849, "supply": "[{\"l\":'Labor',\"v\":0.00012229947134010849}]"}, {"source": 34, "prod": 0, "target": 11, "value": 0.00012229947134010849, "supply": "[{\"l\":'Labor',\"v\":0.00012229947134010849}]"}, {"source": 34, "prod": 0, "target": 12, "value": 0.00015287433917513562, "supply": "[{\"l\":'Labor',\"v\":0.00015287433917513562}]"}, {"source": 34, "prod": 0, "target": 26, "value": 9.1724603505081377e-05, "supply": "[{\"l\":'Labor',\"v\":9.1724603505081377e-05}]"}, {"source": 34, "prod": 0, "target": 18, "value": 3.0574867835027123e-05, "supply": "[{\"l\":'Labor',\"v\":3.0574867835027123e-05}]"}, {"source": 34, "prod": 0, "target": 19, "value": 6.1149735670054247e-05, "supply": "[{\"l\":'Labor',\"v\":6.1149735670054247e-05}]"}, {"source": 34, "prod": 0, "target": 2, "value": 0.00018344920701016275, "supply": "[{\"l\":'Labor',\"v\":0.00018344920701016275}]"}, {"source": 31, "prod": 0, "target": 23, "value": 0.050147315999259395, "supply": "[{\"l\":'Fossil Fuels',\"v\":0.050147315999259395}]"}, {"source": 32, "prod": 0, "target": 23, "value": 0.0025301983883403495, "supply": "[{\"l\":'Renewables & Nuclear',\"v\":8.7163430367189509e-05},{\"l\":'Biomass & Waste',\"v\":0.0024430349579731597}]"}]}