{"nodes": [{"layer": 5, "name": "Fruits, Roots & Vegetables", "fill": "#98df8a"}, {"layer": 10, "name": "Feed", "fill": "#dbdb8d"}, {"layer": 13, "name": "Other Processed", "fill": "#9c9ede"}, {"layer": 16, "name": "Food", "fill": "#b5cf6b"}, {"layer": 13, "name": "Animal Products", "fill": "#17becf"}, {"layer": 5, "name": "Cereals", "fill": "#e7ba52"}, {"layer": 5, "name": "Oilcrops", "fill": "#ff9896"}, {"layer": 13, "name": "Sugar", "fill": "#d6616b"}, {"layer": 13, "name": "Aquatic Products", "fill": "#1f77b4"}, {"layer": 5, "name": "Sugar Crops", "fill": "#ffbb78"}, {"layer": 10, "name": "Processing", "fill": "#9edae5"}, {"layer": 16, "name": "Biofuels & Other", "fill": "#e7ba52"}, {"name": "Waste", "fill": "#c7c7c7"}, {"layer": 0, "name": "Import", "fill": "#aec7e8"}, {"layer": 16, "name": "Export", "fill": "#aec7e8"}, {"layer": 0, "name": "Stock Draw", "fill": "#c7c7c7"}, {"layer": 0, "name": "Production", "fill": "#b5cf6b"}], "links": [{"source": 0, "prod": 0.0019503127621556091, "target": 1, "value": 2.0, "supply": [{"l": "Roots, Other", "v": 1.0}, {"l": "Cassava", "v": 1.0}]}, {"source": 2, "prod": 0.0040310138229799012, "target": 3, "value": 2.0, "supply": [{"l": "Beer", "v": 1.0}, {"l": "Beverages, Alcoholic", "v": 1.0}]}, {"source": 4, "prod": 0.010350425163092357, "target": 3, "value": 8.0, "supply": [{"l": "Pigmeat", "v": 1.0}, {"l": "Milk - Excluding Butter", "v": 4.0}, {"l": "Eggs", "v": 1.0}, {"l": "Poultry Meat", "v": 2.0}]}, {"source": 5, "prod": 0.039491283352801533, "target": 3, "value": 12.0, "supply": [{"l": "Maize", "v": 1.0}, {"l": "Rice", "v": 2.0}, {"l": "Wheat", "v": 9.0}]}, {"source": 6, "prod": 0.0064030977531201131, "target": 3, "value": 3.0, "supply": [{"l": "Coconuts - Incl Copra", "v": 3.0}]}, {"source": 0, "prod": 0.014608637668475533, "target": 3, "value": 19.0, "supply": [{"l": "Roots, Other", "v": 6.0}, {"l": "Potatoes", "v": 1.0}, {"l": "Fruits, Other", "v": 2.0}, {"l": "Yams", "v": 2.0}, {"l": "Lemons, Limes", "v": 1.0}, {"l": "Bananas", "v": 4.0}, {"l": "Vegetables, Other", "v": 2.0}, {"l": "Cassava", "v": 1.0}]}, {"source": 7, "prod": 0.016660769334906945, "target": 3, "value": 4.0, "supply": [{"l": "Sugar", "v": 4.0}]}, {"source": 8, "prod": 0.0023549658015667961, "target": 3, "value": 4.0, "supply": [{"l": "Fish, Seafood", "v": 2.0}, {"l": "Marine Fish, Other", "v": 1.0}, {"l": "Demersal Fish", "v": 1.0}]}, {"source": 9, "prod": 0.012848418373059349, "target": 10, "value": 34.0, "supply": [{"l": "Sugar cane", "v": 34.0}]}, {"source": 6, "prod": 0.02774675693018715, "target": 10, "value": 13.0, "supply": [{"l": "Coconuts - Incl Copra", "v": 13.0}]}, {"source": 4, "prod": 0.0014268963558151263, "target": 11, "value": 1.0, "supply": [{"l": "Poultry Meat", "v": 1.0}]}, {"source": 5, "prod": 0.0030244766478389161, "target": 11, "value": 1.0, "supply": [{"l": "Wheat", "v": 1.0}]}, {"source": 7, "prod": 0.0041651923337267362, "target": 11, "value": 1.0, "supply": [{"l": "Sugar", "v": 1.0}]}, {"source": 0, "prod": 0.00097843650345242022, "target": 12, "value": 1.0, "supply": [{"l": "Roots, Other", "v": 1.0}]}, {"source": 5, "prod": 0.0030244766478389161, "target": 12, "value": 1.0, "supply": [{"l": "Wheat", "v": 1.0}]}, {"source": 13, "prod": 0.0088945064825431738, "target": 10, "value": 3.0, "supply": [{"l": "Beer", "v": 1.0}, {"l": "Sugar", "v": 2.0}]}, {"source": 13, "prod": 0.093084433920111592, "target": 5, "value": 30.0, "supply": [{"l": "Wheat", "v": 28.0}, {"l": "Rice", "v": 2.0}]}, {"source": 13, "prod": 0.0071414944470002692, "target": 1, "value": 8.0, "supply": [{"l": "Poultry Meat", "v": 3.0}, {"l": "Demersal Fish", "v": 1.0}, {"l": "Fish, Seafood", "v": 1.0}, {"l": "Milk - Excluding Butter", "v": 3.0}]}, {"source": 13, "prod": 0.00080347318458359632, "target": 0, "value": 1.0, "supply": [{"l": "Potatoes", "v": 1.0}]}, {"source": 0, "prod": 0.038204690443841186, "target": 14, "value": 49.0, "supply": [{"l": "Sweet potatoes", "v": 1.0}, {"l": "Bananas", "v": 34.0}, {"l": "Plantains", "v": 1.0}, {"l": "Roots, Other", "v": 12.0}, {"l": "Yams", "v": 1.0}]}, {"source": 5, "prod": 0.054440579661100497, "target": 14, "value": 18.0, "supply": [{"l": "Wheat", "v": 18.0}]}, {"source": 6, "prod": 0.0021343659177067041, "target": 14, "value": 1.0, "supply": [{"l": "Coconuts - Incl Copra", "v": 1.0}]}, {"source": 15, "prod": 0.0041651923337267362, "target": 10, "value": 1.0, "supply": [{"l": "Sugar", "v": 1.0}]}, {"source": 15, "prod": 0.0020855073916806661, "target": 0, "value": 3.0, "supply": [{"l": "Bananas", "v": 3.0}]}, {"source": 15, "prod": 0.0030244766478389161, "target": 5, "value": 1.0, "supply": [{"l": "Wheat", "v": 1.0}]}, {"source": 16, "prod": 0.003871905741629354, "target": 5, "value": 1.0, "supply": [{"l": "Maize", "v": 1.0}]}, {"source": 16, "prod": 0.036284220601013967, "target": 6, "value": 17.0, "supply": [{"l": "Coconuts - Incl Copra", "v": 17.0}]}, {"source": 16, "prod": 0.055982632886556048, "target": 0, "value": 70.0, "supply": [{"l": "Vegetables, Other", "v": 2.0}, {"l": "Bananas", "v": 35.0}, {"l": "Plantains", "v": 2.0}, {"l": "Roots, Other", "v": 20.0}, {"l": "Fruits, Other", "v": 2.0}, {"l": "Yams", "v": 5.0}, {"l": "Sweet potatoes", "v": 1.0}, {"l": "Cassava", "v": 2.0}, {"l": "Lemons, Limes", "v": 1.0}]}, {"source": 16, "prod": 0.012848418373059349, "target": 9, "value": 34.0, "supply": [{"l": "Sugar cane", "v": 34.0}]}, {"source": 1, "prod": 0.0023549658015667961, "target": 8, "value": 4.0, "supply": [{"l": "Demersal Fish", "v": 1.0}, {"l": "Marine Fish, Other", "v": 1.0}, {"l": "Fish, Seafood", "v": 2.0}]}, {"source": 1, "prod": 0.011777321518907483, "target": 4, "value": 9.0, "supply": [{"l": "Milk - Excluding Butter", "v": 4.0}, {"l": "Poultry Meat", "v": 3.0}, {"l": "Pigmeat", "v": 1.0}, {"l": "Eggs", "v": 1.0}]}, {"source": 10, "prod": 0.0040310138229799012, "target": 2, "value": 2.0, "supply": [{"l": "Beer", "v": 1.0}, {"l": "Beverages, Alcoholic", "v": 1.0}]}, {"source": 10, "prod": 0.02082596166863368, "target": 7, "value": 5.0, "supply": [{"l": "Sugar", "v": 5.0}]}]}