{"nodes": [{"layer": 5, "name": "Cassava"}, {"layer": 10, "name": "Feed", "fill": "#dbdb8d"}, {"layer": 5, "name": "Roots, Other"}, {"layer": 5, "name": "Yams"}, {"layer": 5, "name": "Sweet potatoes"}, {"layer": 13, "name": "Poultry Meat"}, {"layer": 16, "name": "Food", "fill": "#b5cf6b"}, {"layer": 13, "name": "Pigmeat"}, {"layer": 5, "name": "Vegetables, Other"}, {"layer": 5, "name": "Wheat"}, {"layer": 5, "name": "Bananas"}, {"layer": 5, "name": "Coconuts - Incl Copra"}, {"layer": 5, "name": "Plantains"}, {"layer": 13, "name": "Eggs"}, {"layer": 5, "name": "Fruits, Other"}, {"layer": 13, "name": "Sugar", "fill": "#d6616b"}, {"layer": 13, "name": "Milk - Excluding Butter"}, {"layer": 13, "name": "Beer"}, {"layer": 13, "name": "Beverages, Alcoholic"}, {"layer": 13, "name": "Fish, Seafood"}, {"layer": 13, "name": "Marine Fish, Other"}, {"layer": 5, "name": "Rice"}, {"layer": 5, "name": "Lemons, Limes"}, {"layer": 5, "name": "Sugar cane"}, {"layer": 10, "name": "Processing", "fill": "#9edae5"}, {"layer": 16, "name": "Biofuels & Other", "fill": "#e7ba52"}, {"layer": 13, "name": "Coconut Oil"}, {"name": "Waste", "fill": "#c7c7c7"}, {"layer": 2, "name": "Import", "fill": "#aec7e8"}, {"layer": 16, "name": "Export", "fill": "#aec7e8"}, {"layer": 5, "name": "Spices, Other"}, {"layer": 16, "name": "Stock Deposit", "fill": "#c7c7c7"}, {"layer": 2, "name": "Electricity", "fill": "#bcbd22"}, {"layer": 5, "name": "Maize"}, {"layer": 0, "name": "Fossil Fuels", "fill": "#c49c94"}, {"layer": 0, "name": "Renewables & Nuclear", "fill": "#2ca02c"}, {"layer": 2, "name": "Fertilizers", "fill": "#c5b0d5"}, {"layer": 0, "name": "Labor", "fill": "#7f7f7f"}], "links": [{"source": 0, "prod": 1.0, "target": 1, "value": 0.00098024759273765243, "supply": [{"l": "Cassava", "v": 0.00098024759273765243}]}, {"source": 2, "prod": 1.0, "target": 1, "value": 0.0010068874333765741, "supply": [{"l": "Roots, Other", "v": 0.0010068874333765741}]}, {"source": 3, "prod": 1.0, "target": 1, "value": 0.001165126270860435, "supply": [{"l": "Yams", "v": 0.001165126270860435}]}, {"source": 4, "prod": 1.0, "target": 1, "value": 0.0010270201593266131, "supply": [{"l": "Sweet potatoes", "v": 0.0010270201593266131}]}, {"source": 5, "prod": 2.0, "target": 6, "value": 0.0028333249360345436, "supply": [{"l": "Poultry Meat", "v": 0.0028333249360345436}]}, {"source": 7, "prod": 1.0, "target": 6, "value": 0.0030670071096256159, "supply": [{"l": "Pigmeat", "v": 0.0030670071096256159}]}, {"source": 8, "prod": 1.0, "target": 6, "value": 0.00031465756902998652, "supply": [{"l": "Vegetables, Other", "v": 0.00031465756902998652}]}, {"source": 9, "prod": 10.0, "target": 6, "value": 0.030274673067263735, "supply": [{"l": "Wheat", "v": 0.030274673067263735}]}, {"source": 10, "prod": 4.0, "target": 6, "value": 0.0027984160853811802, "supply": [{"l": "Bananas", "v": 0.0027984160853811802}]}, {"source": 11, "prod": 3.0, "target": 6, "value": 0.0064081399593986545, "supply": [{"l": "Coconuts - Incl Copra", "v": 0.0064081399593986545}]}, {"source": 12, "prod": 1.0, "target": 6, "value": 0.00087444163378370802, "supply": [{"l": "Plantains", "v": 0.00087444163378370802}]}, {"source": 13, "prod": 1.0, "target": 6, "value": 0.0016228433905925552, "supply": [{"l": "Eggs", "v": 0.0016228433905925552}]}, {"source": 2, "prod": 8.0, "target": 6, "value": 0.0080550994670125931, "supply": [{"l": "Roots, Other", "v": 0.0080550994670125931}]}, {"source": 14, "prod": 1.0, "target": 6, "value": 0.00052006329660643188, "supply": [{"l": "Fruits, Other", "v": 0.00052006329660643188}]}, {"source": 3, "prod": 2.0, "target": 6, "value": 0.0023302525417208701, "supply": [{"l": "Yams", "v": 0.0023302525417208701}]}, {"source": 15, "prod": 4.0, "target": 6, "value": 0.016663880189577252, "supply": [{"l": "Sugar", "v": 0.016663880189577252}]}, {"source": 16, "prod": 4.0, "target": 6, "value": 0.0025298584126712126, "supply": [{"l": "Milk - Excluding Butter", "v": 0.0025298584126712126}]}, {"source": 17, "prod": 1.0, "target": 6, "value": 0.00058900132031417256, "supply": [{"l": "Beer", "v": 0.00058900132031417256}]}, {"source": 18, "prod": 1.0, "target": 6, "value": 0.0034073712309431441, "supply": [{"l": "Beverages, Alcoholic", "v": 0.0034073712309431441}]}, {"source": 19, "prod": 1.0, "target": 6, "value": 0.00090045807908636379, "supply": [{"l": "Fish, Seafood", "v": 0.00090045807908636379}]}, {"source": 20, "prod": 1.0, "target": 6, "value": 0.00082161612746129028, "supply": [{"l": "Marine Fish, Other", "v": 0.00082161612746129028}]}, {"source": 21, "prod": 1.0, "target": 6, "value": 0.004177355270367983, "supply": [{"l": "Rice", "v": 0.004177355270367983}]}, {"source": 22, "prod": 1.0, "target": 6, "value": 0.00016474838260866753, "supply": [{"l": "Lemons, Limes", "v": 0.00016474838260866753}]}, {"source": 0, "prod": 2.0, "target": 6, "value": 0.0019604951854753049, "supply": [{"l": "Cassava", "v": 0.0019604951854753049}]}, {"source": 23, "prod": 11.0, "target": 24, "value": 0.0034208925453516489, "supply": [{"l": "Sugar cane", "v": 0.0034208925453516489}]}, {"source": 11, "prod": 13.0, "target": 24, "value": 0.027768606490727502, "supply": [{"l": "Coconuts - Incl Copra", "v": 0.027768606490727502}]}, {"source": 16, "prod": 1.0, "target": 25, "value": 0.00063246460316780315, "supply": [{"l": "Milk - Excluding Butter", "v": 0.00063246460316780315}]}, {"source": 26, "prod": 1.0, "target": 25, "value": 0.010277408752278947, "supply": [{"l": "Coconut Oil", "v": 0.010277408752278947}]}, {"source": 15, "prod": 1.0, "target": 25, "value": 0.004165970047394313, "supply": [{"l": "Sugar", "v": 0.004165970047394313}]}, {"source": 2, "prod": 1.0, "target": 27, "value": 0.0010068874333765741, "supply": [{"l": "Roots, Other", "v": 0.0010068874333765741}]}, {"source": 9, "prod": 1.0, "target": 27, "value": 0.0030274673067263737, "supply": [{"l": "Wheat", "v": 0.0030274673067263737}]}, {"source": 28, "prod": 5.0, "target": 24, "value": 0.017252881509891425, "supply": [{"l": "Beer", "v": 0.00058900132031417256}, {"l": "Sugar", "v": 0.016663880189577252}]}, {"source": 28, "prod": 34.0, "target": 9, "value": 0.10293388842869669, "supply": [{"l": "Wheat", "v": 0.10293388842869669}]}, {"source": 28, "prod": 7.0, "target": 1, "value": 0.0064527929520856071, "supply": [{"l": "Poultry Meat", "v": 0.0028333249360345436}, {"l": "Milk - Excluding Butter", "v": 0.001897393809503409}, {"l": "Fish, Seafood", "v": 0.00090045807908636379}, {"l": "Marine Fish, Other", "v": 0.00082161612746129028}]}, {"source": 28, "prod": 1.0, "target": 21, "value": 0.004177355270367983, "supply": [{"l": "Rice", "v": 0.004177355270367983}]}, {"source": 9, "prod": 5.0, "target": 29, "value": 0.015137336533631867, "supply": [{"l": "Wheat", "v": 0.015137336533631867}]}, {"source": 10, "prod": 20.0, "target": 29, "value": 0.013992080426905902, "supply": [{"l": "Bananas", "v": 0.013992080426905902}]}, {"source": 11, "prod": 4.0, "target": 29, "value": 0.0085441866125315381, "supply": [{"l": "Coconuts - Incl Copra", "v": 0.0085441866125315381}]}, {"source": 30, "prod": 1.0, "target": 29, "value": 0.0045366590244045801, "supply": [{"l": "Spices, Other", "v": 0.0045366590244045801}]}, {"source": 12, "prod": 1.0, "target": 29, "value": 0.00087444163378370802, "supply": [{"l": "Plantains", "v": 0.00087444163378370802}]}, {"source": 2, "prod": 6.0, "target": 29, "value": 0.0060413246002594444, "supply": [{"l": "Roots, Other", "v": 0.0060413246002594444}]}, {"source": 4, "prod": 1.0, "target": 29, "value": 0.0010270201593266131, "supply": [{"l": "Sweet potatoes", "v": 0.0010270201593266131}]}, {"source": 10, "prod": 5.0, "target": 31, "value": 0.0034980201067264754, "supply": [{"l": "Bananas", "v": 0.0034980201067264754}]}, {"source": 9, "prod": 18.0, "target": 31, "value": 0.054494411521074718, "supply": [{"l": "Wheat", "v": 0.054494411521074718}]}, {"source": 1, "prod": 5.0, "target": 16, "value": 0.0031623230158390157, "supply": [{"l": "Milk - Excluding Butter", "v": 0.0031623230158390157}]}, {"source": 1, "prod": 1.0, "target": 7, "value": 0.0030670071096256159, "supply": [{"l": "Pigmeat", "v": 0.0030670071096256159}]}, {"source": 1, "prod": 1.0, "target": 13, "value": 0.0016228433905925552, "supply": [{"l": "Eggs", "v": 0.0016228433905925552}]}, {"source": 1, "prod": 2.0, "target": 5, "value": 0.0028333249360345436, "supply": [{"l": "Poultry Meat", "v": 0.0028333249360345436}]}, {"source": 1, "prod": 1.0, "target": 20, "value": 0.00082161612746129028, "supply": [{"l": "Marine Fish, Other", "v": 0.00082161612746129028}]}, {"source": 1, "prod": 1.0, "target": 19, "value": 0.00090045807908636379, "supply": [{"l": "Fish, Seafood", "v": 0.00090045807908636379}]}, {"source": 24, "prod": 1.0, "target": 17, "value": 0.00058900132031417256, "supply": [{"l": "Beer", "v": 0.00058900132031417256}]}, {"source": 24, "prod": 1.0, "target": 18, "value": 0.0034073712309431441, "supply": [{"l": "Beverages, Alcoholic", "v": 0.0034073712309431441}]}, {"source": 24, "prod": 1.0, "target": 26, "value": 0.010277408752278947, "supply": [{"l": "Coconut Oil", "v": 0.010277408752278947}]}, {"source": 24, "prod": 5.0, "target": 15, "value": 0.020829850236971564, "supply": [{"l": "Sugar", "v": 0.020829850236971564}]}, {"source": 32, "prod": 0, "target": 33, "value": 1.2656817757189625e-06, "supply": "[{\"l\":'Energy for power irrigation',\"v\":1.2656817757189625e-06}]"}, {"source": 32, "prod": 0, "target": 0, "value": 7.5940906543137758e-06, "supply": "[{\"l\":'Energy for power irrigation',\"v\":7.5940906543137758e-06}]"}, {"source": 32, "prod": 0, "target": 8, "value": 3.7970453271568879e-06, "supply": "[{\"l\":'Energy for power irrigation',\"v\":3.7970453271568879e-06}]"}, {"source": 32, "prod": 0, "target": 10, "value": 7.3409542991699823e-05, "supply": "[{\"l\":'Energy for power irrigation',\"v\":7.3409542991699823e-05}]"}, {"source": 32, "prod": 0, "target": 11, "value": 5.0627271028758506e-05, "supply": "[{\"l\":'Energy for power irrigation',\"v\":5.0627271028758506e-05}]"}, {"source": 32, "prod": 0, "target": 30, "value": 2.531363551437925e-06, "supply": "[{\"l\":'Energy for power irrigation',\"v\":2.531363551437925e-06}]"}, {"source": 32, "prod": 0, "target": 12, "value": 3.7970453271568879e-06, "supply": "[{\"l\":'Energy for power irrigation',\"v\":3.7970453271568879e-06}]"}, {"source": 32, "prod": 0, "target": 2, "value": 4.05018168230068e-05, "supply": "[{\"l\":'Energy for power irrigation',\"v\":4.05018168230068e-05}]"}, {"source": 32, "prod": 0, "target": 14, "value": 3.7970453271568879e-06, "supply": "[{\"l\":'Energy for power irrigation',\"v\":3.7970453271568879e-06}]"}, {"source": 32, "prod": 0, "target": 3, "value": 7.5940906543137758e-06, "supply": "[{\"l\":'Energy for power irrigation',\"v\":7.5940906543137758e-06}]"}, {"source": 32, "prod": 0, "target": 4, "value": 5.0627271028758499e-06, "supply": "[{\"l\":'Energy for power irrigation',\"v\":5.0627271028758499e-06}]"}, {"source": 32, "prod": 0, "target": 22, "value": 2.531363551437925e-06, "supply": "[{\"l\":'Energy for power irrigation',\"v\":2.531363551437925e-06}]"}, {"source": 32, "prod": 0, "target": 23, "value": 2.7844999065817176e-05, "supply": "[{\"l\":'Energy for power irrigation',\"v\":2.7844999065817176e-05}]"}, {"source": 32, "prod": 0, "target": 24, "value": 0.00069539844612114714, "supply": "[{\"l\":'Electricity',\"v\":0.00069539844612114714}]"}, {"source": 34, "prod": 0, "target": 32, "value": 0.0016834694652410201, "supply": [{"l": "Coal", "v": 0.00097559817859169259}, {"l": "Natural gas", "v": 0.00023065868898811053}, {"l": "Oil", "v": 0.00047721259766121714}]}, {"source": 35, "prod": 0, "target": 32, "value": 0.00030519976694211667, "supply": [{"l": "Nuclear", "v": 9.0185227661749402e-05}, {"l": "Hydroelectric", "v": 0.00021098350782011}, {"l": "Renewable", "v": 4.0310314602572746e-06}]}, {"source": 34, "prod": 0, "target": 33, "value": 3.1865386482874791e-05, "supply": [{"l": "Other fossil fuels", "v": 3.1865386482874791e-05}]}, {"source": 34, "prod": 0, "target": 0, "value": 0.00019119231889724877, "supply": [{"l": "Other fossil fuels", "v": 0.00019119231889724877}]}, {"source": 34, "prod": 0, "target": 8, "value": 9.5596159448624386e-05, "supply": [{"l": "Other fossil fuels", "v": 9.5596159448624386e-05}]}, {"source": 34, "prod": 0, "target": 10, "value": 0.0018481924160067382, "supply": [{"l": "Other fossil fuels", "v": 0.0018481924160067382}]}, {"source": 34, "prod": 0, "target": 11, "value": 0.0012746154593149918, "supply": [{"l": "Other fossil fuels", "v": 0.0012746154593149918}]}, {"source": 34, "prod": 0, "target": 30, "value": 6.3730772965749582e-05, "supply": [{"l": "Other fossil fuels", "v": 6.3730772965749582e-05}]}, {"source": 34, "prod": 0, "target": 12, "value": 9.5596159448624386e-05, "supply": [{"l": "Other fossil fuels", "v": 9.5596159448624386e-05}]}, {"source": 34, "prod": 0, "target": 2, "value": 0.0010196923674519933, "supply": [{"l": "Other fossil fuels", "v": 0.0010196923674519933}]}, {"source": 34, "prod": 0, "target": 14, "value": 9.5596159448624386e-05, "supply": [{"l": "Other fossil fuels", "v": 9.5596159448624386e-05}]}, {"source": 34, "prod": 0, "target": 3, "value": 0.00019119231889724877, "supply": [{"l": "Other fossil fuels", "v": 0.00019119231889724877}]}, {"source": 34, "prod": 0, "target": 4, "value": 0.00012746154593149916, "supply": [{"l": "Other fossil fuels", "v": 0.00012746154593149916}]}, {"source": 34, "prod": 0, "target": 22, "value": 6.3730772965749582e-05, "supply": [{"l": "Other fossil fuels", "v": 6.3730772965749582e-05}]}, {"source": 34, "prod": 0, "target": 23, "value": 0.00070103850262324551, "supply": [{"l": "Other fossil fuels", "v": 0.00070103850262324551}]}, {"source": 36, "prod": 0.017972350230414748, "target": 33, "value": 0.000224430363722811, "supply": [{"l": "Potash", "v": 0.00256388889094}, {"l": "Phosphate", "v": 0.0021041666683499997}, {"l": "Nitrogen", "v": 0.044033333368559989}]}, {"source": 36, "prod": 0.10783410138248849, "target": 0, "value": 0.0013465821823368661, "supply": [{"l": "Potash", "v": 0.00256388889094}, {"l": "Phosphate", "v": 0.0021041666683499997}, {"l": "Nitrogen", "v": 0.044033333368559989}]}, {"source": 36, "prod": 0.053917050691244243, "target": 8, "value": 0.00067329109116843306, "supply": [{"l": "Potash", "v": 0.00256388889094}, {"l": "Phosphate", "v": 0.0021041666683499997}, {"l": "Nitrogen", "v": 0.044033333368559989}]}, {"source": 36, "prod": 1.0423963133640552, "target": 10, "value": 0.013016961095923039, "supply": [{"l": "Potash", "v": 0.00256388889094}, {"l": "Phosphate", "v": 0.0021041666683499997}, {"l": "Nitrogen", "v": 0.044033333368559989}]}, {"source": 36, "prod": 0.71889400921658986, "target": 11, "value": 0.0089772145489124405, "supply": [{"l": "Potash", "v": 0.00256388889094}, {"l": "Phosphate", "v": 0.0021041666683499997}, {"l": "Nitrogen", "v": 0.044033333368559989}]}, {"source": 36, "prod": 0.035944700460829496, "target": 30, "value": 0.000448860727445622, "supply": [{"l": "Potash", "v": 0.00256388889094}, {"l": "Phosphate", "v": 0.0021041666683499997}, {"l": "Nitrogen", "v": 0.044033333368559989}]}, {"source": 36, "prod": 0.053917050691244243, "target": 12, "value": 0.00067329109116843306, "supply": [{"l": "Potash", "v": 0.00256388889094}, {"l": "Phosphate", "v": 0.0021041666683499997}, {"l": "Nitrogen", "v": 0.044033333368559989}]}, {"source": 36, "prod": 0.57511520737327193, "target": 2, "value": 0.0071817716391299521, "supply": [{"l": "Potash", "v": 0.00256388889094}, {"l": "Phosphate", "v": 0.0021041666683499997}, {"l": "Nitrogen", "v": 0.044033333368559989}]}, {"source": 36, "prod": 0.053917050691244243, "target": 14, "value": 0.00067329109116843306, "supply": [{"l": "Potash", "v": 0.00256388889094}, {"l": "Phosphate", "v": 0.0021041666683499997}, {"l": "Nitrogen", "v": 0.044033333368559989}]}, {"source": 36, "prod": 0.10783410138248849, "target": 3, "value": 0.0013465821823368661, "supply": [{"l": "Potash", "v": 0.00256388889094}, {"l": "Phosphate", "v": 0.0021041666683499997}, {"l": "Nitrogen", "v": 0.044033333368559989}]}, {"source": 36, "prod": 0.071889400921658991, "target": 4, "value": 0.00089772145489124401, "supply": [{"l": "Potash", "v": 0.00256388889094}, {"l": "Phosphate", "v": 0.0021041666683499997}, {"l": "Nitrogen", "v": 0.044033333368559989}]}, {"source": 36, "prod": 0.035944700460829496, "target": 22, "value": 0.000448860727445622, "supply": [{"l": "Potash", "v": 0.00256388889094}, {"l": "Phosphate", "v": 0.0021041666683499997}, {"l": "Nitrogen", "v": 0.044033333368559989}]}, {"source": 36, "prod": 0.39539170506912441, "target": 23, "value": 0.0049374680019018428, "supply": [{"l": "Potash", "v": 0.00256388889094}, {"l": "Phosphate", "v": 0.0021041666683499997}, {"l": "Nitrogen", "v": 0.044033333368559989}]}, {"source": 34, "prod": 0, "target": 36, "value": 0.059965366796988481, "supply": [{"l": "Natural gas (including LNG)", "v": 0.039917190908719959}, {"l": "Fuel oil", "v": 0.01226435130577028}, {"l": "Liquefied petroleum gas (LPG)", "v": 0.0038919122912491225}, {"l": "Coal", "v": 0.0038919122912491225}]}, {"source": 37, "prod": 0, "target": 33, "value": 3.2978665295731959e-05, "supply": "[{\"l\":'Labor',\"v\":3.2978665295731959e-05}]"}, {"source": 37, "prod": 0, "target": 2, "value": 0.0010553172894634227, "supply": "[{\"l\":'Labor',\"v\":0.0010553172894634227}]"}, {"source": 37, "prod": 0, "target": 12, "value": 9.8935995887195884e-05, "supply": "[{\"l\":'Labor',\"v\":9.8935995887195884e-05}]"}, {"source": 37, "prod": 0, "target": 14, "value": 9.8935995887195884e-05, "supply": "[{\"l\":'Labor',\"v\":9.8935995887195884e-05}]"}, {"source": 37, "prod": 0, "target": 3, "value": 0.00019787199177439177, "supply": "[{\"l\":'Labor',\"v\":0.00019787199177439177}]"}, {"source": 37, "prod": 0, "target": 21, "value": 3.2978665295731959e-05, "supply": "[{\"l\":'Labor',\"v\":3.2978665295731959e-05}]"}, {"source": 37, "prod": 0, "target": 9, "value": 0.0011212746200548866, "supply": "[{\"l\":'Labor',\"v\":0.0011212746200548866}]"}, {"source": 37, "prod": 0, "target": 11, "value": 0.0013191466118292784, "supply": "[{\"l\":'Labor',\"v\":0.0013191466118292784}]"}, {"source": 37, "prod": 0, "target": 8, "value": 9.8935995887195884e-05, "supply": "[{\"l\":'Labor',\"v\":9.8935995887195884e-05}]"}, {"source": 37, "prod": 0, "target": 22, "value": 6.5957330591463918e-05, "supply": "[{\"l\":'Labor',\"v\":6.5957330591463918e-05}]"}, {"source": 37, "prod": 0, "target": 23, "value": 0.00072553063650610309, "supply": "[{\"l\":'Labor',\"v\":0.00072553063650610309}]"}, {"source": 37, "prod": 0, "target": 10, "value": 0.0019127625871524538, "supply": "[{\"l\":'Labor',\"v\":0.0019127625871524538}]"}, {"source": 37, "prod": 0, "target": 30, "value": 6.5957330591463918e-05, "supply": "[{\"l\":'Labor',\"v\":6.5957330591463918e-05}]"}, {"source": 37, "prod": 0, "target": 4, "value": 0.00013191466118292784, "supply": "[{\"l\":'Labor',\"v\":0.00013191466118292784}]"}, {"source": 37, "prod": 0, "target": 0, "value": 0.00019787199177439177, "supply": "[{\"l\":'Labor',\"v\":0.00019787199177439177}]"}, {"source": 34, "prod": 0, "target": 28, "value": 0.06015686508842201, "supply": "[{\"l\":'Fossil Fuels',\"v\":0.06015686508842201}]"}, {"source": 35, "prod": 0, "target": 28, "value": 0.002610274955110895, "supply": "[{\"l\":'Renewables & Nuclear',\"v\":0.00010607865331232225},{\"l\":'Biomass & Waste',\"v\":0.0025041963017985729}]"}]}