{"nodes": [{"layer": 13, "name": "Animal Products", "fill": "#17becf"}, {"layer": 10, "name": "Feed", "fill": "#dbdb8d"}, {"layer": 5, "name": "Cereals", "fill": "#e7ba52"}, {"layer": 13, "name": "Other Processed", "fill": "#9c9ede"}, {"layer": 16, "name": "Food", "fill": "#b5cf6b"}, {"layer": 5, "name": "Oilcrops", "fill": "#ff9896"}, {"layer": 5, "name": "Sugar Crops", "fill": "#ffbb78"}, {"layer": 13, "name": "Sugar", "fill": "#d6616b"}, {"layer": 5, "name": "Starchy Roots"}, {"layer": 5, "name": "Fruits & Vegetables"}, {"layer": 5, "name": "Others"}, {"layer": 13, "name": "Aquatic Products", "fill": "#1f77b4"}, {"layer": 13, "name": "Vegetable Oils", "fill": "#f7b6d2"}, {"layer": 10, "name": "Processing", "fill": "#9edae5"}, {"layer": 16, "name": "Biofuels & Other", "fill": "#e7ba52"}, {"name": "Seed", "fill": "#dbdb8d"}, {"name": "Waste", "fill": "#c7c7c7"}, {"layer": 0, "name": "Import", "fill": "#aec7e8"}, {"layer": 16, "name": "Export", "fill": "#aec7e8"}, {"layer": 0, "name": "Stock Draw", "fill": "#c7c7c7"}, {"layer": 16, "name": "Stock Deposit", "fill": "#c7c7c7"}, {"layer": 0, "name": "Production", "fill": "#b5cf6b"}], "links": [{"source": 0, "prod": 0.024400605662774369, "target": 1, "value": 31.0, "supply": [{"l": "Milk - Excluding Butter", "v": 31.0}]}, {"source": 2, "prod": 0.32715665243668385, "target": 1, "value": 91.0, "supply": [{"l": "Sorghum", "v": 88.0}, {"l": "Maize", "v": 1.0}, {"l": "Wheat", "v": 2.0}]}, {"source": 3, "prod": 0.20210901101705836, "target": 4, "value": 289.0, "supply": [{"l": "Beer", "v": 6.0}, {"l": "Butter, Ghee", "v": 7.0}, {"l": "Fats, Animals, Raw", "v": 4.0}, {"l": "Beverages, Fermented", "v": 272.0}]}, {"source": 0, "prod": 1.4203309444931107, "target": 4, "value": 1318.0, "supply": [{"l": "Eggs", "v": 9.0}, {"l": "Mutton & Goat Meat", "v": 69.0}, {"l": "Milk - Excluding Butter", "v": 1046.0}, {"l": "Meat, Other", "v": 52.0}, {"l": "Bovine Meat", "v": 106.0}, {"l": "Poultry Meat", "v": 8.0}, {"l": "Offals, Edible", "v": 28.0}]}, {"source": 2, "prod": 4.9590015294973266, "target": 4, "value": 1356.0, "supply": [{"l": "Maize", "v": 8.0}, {"l": "Rice", "v": 5.0}, {"l": "Wheat", "v": 102.0}, {"l": "Sorghum", "v": 1025.0}, {"l": "Millet", "v": 216.0}]}, {"source": 5, "prod": 0.3724775812275738, "target": 4, "value": 61.0, "supply": [{"l": "Sesame seed", "v": 24.0}, {"l": "Groundnuts", "v": 17.0}, {"l": "Oilcrops, Other", "v": 20.0}]}, {"source": 6, "prod": 0.0022597046851596959, "target": 4, "value": 7.0, "supply": [{"l": "Sugar cane", "v": 7.0}]}, {"source": 7, "prod": 0.62119963602488137, "target": 4, "value": 150.0, "supply": [{"l": "Sugar", "v": 148.0}, {"l": "Honey", "v": 1.0}, {"l": "Sweeteners, Other", "v": 1.0}]}, {"source": 8, "prod": 0.34513018661776185, "target": 4, "value": 285.0, "supply": [{"l": "Yams", "v": 77.0}, {"l": "Potatoes", "v": 19.0}, {"l": "Sweet potatoes", "v": 9.0}, {"l": "Cassava", "v": 180.0}]}, {"source": 9, "prod": 0.69279002699104808, "target": 4, "value": 963.0, "supply": [{"l": "Fruits, Other", "v": 258.0}, {"l": "Tomatoes", "v": 81.0}, {"l": "Vegetables, Other", "v": 356.0}, {"l": "Grapes", "v": 1.0}, {"l": "Dates", "v": 51.0}, {"l": "Beans", "v": 6.0}, {"l": "Pulses, Other", "v": 66.0}, {"l": "Lemons, Limes", "v": 24.0}, {"l": "Pineapples", "v": 2.0}, {"l": "Bananas", "v": 55.0}, {"l": "Grapefruit", "v": 32.0}, {"l": "Oranges, Mandarines", "v": 25.0}, {"l": "Onions", "v": 5.0}, {"l": "Apples", "v": 1.0}]}, {"source": 10, "prod": 0.033003838306858518, "target": 4, "value": 23.0, "supply": [{"l": "Coffee", "v": 8.0}, {"l": "Pimento", "v": 5.0}, {"l": "Spices, Other", "v": 1.0}, {"l": "Tea", "v": 9.0}]}, {"source": 11, "prod": 0.027438898124217646, "target": 4, "value": 32.0, "supply": [{"l": "Marine Fish, Other", "v": 2.0}, {"l": "Freshwater Fish", "v": 14.0}, {"l": "Fish, Seafood", "v": 16.0}]}, {"source": 12, "prod": 0.62247585841935282, "target": 4, "value": 61.0, "supply": [{"l": "Groundnut Oil", "v": 29.0}, {"l": "Sesameseed Oil", "v": 25.0}, {"l": "Cottonseed Oil", "v": 7.0}]}, {"source": 6, "prod": 0.042934389018034223, "target": 13, "value": 133.0, "supply": [{"l": "Sugar cane", "v": 133.0}]}, {"source": 2, "prod": 0.19679919979216923, "target": 13, "value": 55.0, "supply": [{"l": "Barley", "v": 1.0}, {"l": "Sorghum", "v": 54.0}]}, {"source": 5, "prod": 1.7463526864757084, "target": 13, "value": 270.0, "supply": [{"l": "Groundnuts", "v": 42.0}, {"l": "Cottonseed", "v": 173.0}, {"l": "Sesame seed", "v": 55.0}]}, {"source": 11, "prod": 0.0016842708622135979, "target": 14, "value": 2.0, "supply": [{"l": "Aquatic Plants", "v": 1.0}, {"l": "Aquatic Products, Other", "v": 1.0}]}, {"source": 12, "prod": 0.069574169131040267, "target": 14, "value": 7.0, "supply": [{"l": "Cottonseed Oil", "v": 5.0}, {"l": "Palm Oil", "v": 2.0}]}, {"source": 8, "prod": 0.046264461928550764, "target": 15, "value": 41.0, "supply": [{"l": "Yams", "v": 40.0}, {"l": "Potatoes", "v": 1.0}]}, {"source": 9, "prod": 0.011895376350881868, "target": 15, "value": 3.0, "supply": [{"l": "Pulses, Other", "v": 3.0}]}, {"source": 0, "prod": 0.0017445273939246577, "target": 0, "value": 1.0, "supply": [{"l": "Eggs", "v": 1.0}]}, {"source": 2, "prod": 0.077640038563388858, "target": 15, "value": 21.0, "supply": [{"l": "Maize", "v": 1.0}, {"l": "Wheat", "v": 2.0}, {"l": "Millet", "v": 5.0}, {"l": "Sorghum", "v": 13.0}]}, {"source": 5, "prod": 0.13291285323445412, "target": 15, "value": 21.0, "supply": [{"l": "Cottonseed", "v": 13.0}, {"l": "Sesame seed", "v": 4.0}, {"l": "Groundnuts", "v": 2.0}, {"l": "Oilcrops, Other", "v": 2.0}]}, {"source": 8, "prod": 0.043309179655980592, "target": 16, "value": 36.0, "supply": [{"l": "Potatoes", "v": 2.0}, {"l": "Yams", "v": 13.0}, {"l": "Sweet potatoes", "v": 1.0}, {"l": "Cassava", "v": 20.0}]}, {"source": 9, "prod": 0.10926115129753079, "target": 16, "value": 163.0, "supply": [{"l": "Dates", "v": 6.0}, {"l": "Fruits, Other", "v": 45.0}, {"l": "Grapefruit", "v": 6.0}, {"l": "Beans", "v": 1.0}, {"l": "Pulses, Other", "v": 10.0}, {"l": "Lemons, Limes", "v": 4.0}, {"l": "Tomatoes", "v": 14.0}, {"l": "Bananas", "v": 10.0}, {"l": "Vegetables, Other", "v": 62.0}, {"l": "Oranges, Mandarines", "v": 4.0}, {"l": "Onions", "v": 1.0}]}, {"source": 0, "prod": 0.02142243518648463, "target": 16, "value": 26.0, "supply": [{"l": "Milk - Excluding Butter", "v": 25.0}, {"l": "Eggs", "v": 1.0}]}, {"source": 2, "prod": 0.62459713340960388, "target": 16, "value": 173.0, "supply": [{"l": "Maize", "v": 1.0}, {"l": "Sorghum", "v": 160.0}, {"l": "Wheat", "v": 4.0}, {"l": "Millet", "v": 8.0}]}, {"source": 5, "prod": 0.10376945603989707, "target": 16, "value": 17.0, "supply": [{"l": "Sesame seed", "v": 5.0}, {"l": "Groundnuts", "v": 7.0}, {"l": "Oilcrops, Other", "v": 5.0}]}, {"source": 17, "prod": 0.016676851158589287, "target": 10, "value": 18.0, "supply": [{"l": "Tea", "v": 9.0}, {"l": "Spices, Other", "v": 1.0}, {"l": "Coffee", "v": 8.0}]}, {"source": 17, "prod": 0.0094453957404287865, "target": 1, "value": 12.0, "supply": [{"l": "Milk - Excluding Butter", "v": 12.0}]}, {"source": 17, "prod": 0.51930445275140968, "target": 13, "value": 122.0, "supply": [{"l": "Fats, Animals, Raw", "v": 1.0}, {"l": "Sweeteners, Other", "v": 1.0}, {"l": "Sugar", "v": 117.0}, {"l": "Beer", "v": 1.0}, {"l": "Palm Oil", "v": 2.0}]}, {"source": 17, "prod": 0.31843251040347609, "target": 2, "value": 87.0, "supply": [{"l": "Wheat", "v": 82.0}, {"l": "Barley", "v": 1.0}, {"l": "Rice", "v": 4.0}]}, {"source": 17, "prod": 0.018704980637543264, "target": 9, "value": 14.0, "supply": [{"l": "Grapes", "v": 1.0}, {"l": "Apples", "v": 1.0}, {"l": "Vegetables, Other", "v": 2.0}, {"l": "Fruits, Other", "v": 3.0}, {"l": "Dates", "v": 4.0}, {"l": "Oranges, Mandarines", "v": 1.0}, {"l": "Pulses, Other", "v": 2.0}]}, {"source": 17, "prod": 0.00080601582124367093, "target": 8, "value": 1.0, "supply": [{"l": "Potatoes", "v": 1.0}]}, {"source": 11, "prod": 0.0050528125866407935, "target": 18, "value": 6.0, "supply": [{"l": "Freshwater Fish", "v": 3.0}, {"l": "Fish, Seafood", "v": 3.0}]}, {"source": 9, "prod": 0.07104571836232583, "target": 18, "value": 19.0, "supply": [{"l": "Dates", "v": 2.0}, {"l": "Pulses, Other", "v": 17.0}]}, {"source": 2, "prod": 0.29267340569413763, "target": 18, "value": 81.0, "supply": [{"l": "Millet", "v": 5.0}, {"l": "Sorghum", "v": 76.0}]}, {"source": 12, "prod": 0.080594781515536631, "target": 18, "value": 8.0, "supply": [{"l": "Sesameseed Oil", "v": 2.0}, {"l": "Cottonseed Oil", "v": 6.0}]}, {"source": 5, "prod": 2.618441571742391, "target": 18, "value": 407.0, "supply": [{"l": "Cottonseed", "v": 204.0}, {"l": "Sesame seed", "v": 77.0}, {"l": "Groundnuts", "v": 118.0}, {"l": "Oilcrops, Other", "v": 8.0}]}, {"source": 19, "prod": 0.0084900333171, "target": 9, "value": 2.0, "supply": [{"l": "Beans", "v": 2.0}]}, {"source": 12, "prod": 0.1003367573839091, "target": 20, "value": 10.0, "supply": [{"l": "Cottonseed Oil", "v": 10.0}]}, {"source": 2, "prod": 0.29655529065513253, "target": 20, "value": 75.0, "supply": [{"l": "Maize", "v": 5.0}, {"l": "Millet", "v": 70.0}]}, {"source": 19, "prod": 0.15779455862084849, "target": 5, "value": 23.0, "supply": [{"l": "Sesame seed", "v": 23.0}]}, {"source": 5, "prod": 0.26106852450082502, "target": 20, "value": 41.0, "supply": [{"l": "Groundnuts", "v": 41.0}]}, {"source": 19, "prod": 0.17303425588708676, "target": 13, "value": 27.0, "supply": [{"l": "Groundnut Oil", "v": 10.0}, {"l": "Sugar", "v": 17.0}]}, {"source": 19, "prod": 0.53859935718619134, "target": 2, "value": 150.0, "supply": [{"l": "Sorghum", "v": 150.0}]}, {"source": 21, "prod": 5.9170647125007489, "target": 2, "value": 1615.0, "supply": [{"l": "Maize", "v": 16.0}, {"l": "Rice", "v": 1.0}, {"l": "Wheat", "v": 29.0}, {"l": "Sorghum", "v": 1266.0}, {"l": "Millet", "v": 303.0}]}, {"source": 21, "prod": 5.0772281146000005, "target": 5, "value": 794.0, "supply": [{"l": "Sesame seed", "v": 142.0}, {"l": "Groundnuts", "v": 227.0}, {"l": "Oilcrops, Other", "v": 35.0}, {"l": "Cottonseed", "v": 390.0}]}, {"source": 21, "prod": 0.045194093703193917, "target": 6, "value": 140.0, "supply": [{"l": "Sugar cane", "v": 140.0}]}, {"source": 21, "prod": 0.43470382820229325, "target": 8, "value": 362.0, "supply": [{"l": "Yams", "v": 130.0}, {"l": "Potatoes", "v": 22.0}, {"l": "Sweet potatoes", "v": 10.0}, {"l": "Cassava", "v": 200.0}]}, {"source": 21, "prod": 0.85820740558420117, "target": 9, "value": 1133.0, "supply": [{"l": "Fruits, Other", "v": 300.0}, {"l": "Tomatoes", "v": 95.0}, {"l": "Vegetables, Other", "v": 416.0}, {"l": "Dates", "v": 55.0}, {"l": "Beans", "v": 5.0}, {"l": "Pulses, Other", "v": 94.0}, {"l": "Lemons, Limes", "v": 28.0}, {"l": "Pineapples", "v": 2.0}, {"l": "Bananas", "v": 65.0}, {"l": "Grapefruit", "v": 38.0}, {"l": "Oranges, Mandarines", "v": 29.0}, {"l": "Onions", "v": 6.0}]}, {"source": 21, "prod": 0.016326987148269231, "target": 10, "value": 5.0, "supply": [{"l": "Pimento", "v": 5.0}]}, {"source": 1, "prod": 0.034175981573072035, "target": 11, "value": 40.0, "supply": [{"l": "Aquatic Plants", "v": 1.0}, {"l": "Freshwater Fish", "v": 17.0}, {"l": "Marine Fish, Other", "v": 2.0}, {"l": "Aquatic Products, Other", "v": 1.0}, {"l": "Fish, Seafood", "v": 19.0}]}, {"source": 1, "prod": 1.4661539853423697, "target": 0, "value": 1375.0, "supply": [{"l": "Poultry Meat", "v": 8.0}, {"l": "Bovine Meat", "v": 106.0}, {"l": "Eggs", "v": 11.0}, {"l": "Milk - Excluding Butter", "v": 1102.0}, {"l": "Offals, Edible", "v": 28.0}, {"l": "Meat, Other", "v": 52.0}, {"l": "Mutton & Goat Meat", "v": 69.0}]}, {"source": 13, "prod": 0.20210901101705836, "target": 3, "value": 289.0, "supply": [{"l": "Fats, Animals, Raw", "v": 4.0}, {"l": "Beer", "v": 6.0}, {"l": "Butter, Ghee", "v": 7.0}, {"l": "Beverages, Fermented", "v": 272.0}]}, {"source": 13, "prod": 0.87298156644983893, "target": 12, "value": 86.0, "supply": [{"l": "Cottonseed Oil", "v": 28.0}, {"l": "Palm Oil", "v": 2.0}, {"l": "Groundnut Oil", "v": 29.0}, {"l": "Sesameseed Oil", "v": 27.0}]}, {"source": 13, "prod": 0.62119963602488137, "target": 7, "value": 150.0, "supply": [{"l": "Honey", "v": 1.0}, {"l": "Sweeteners, Other", "v": 1.0}, {"l": "Sugar", "v": 148.0}]}]}