{"nodes": [{"layer": 13, "name": "Milk - Excluding Butter"}, {"layer": 10, "name": "Feed", "fill": "#dbdb8d"}, {"layer": 5, "name": "Maize"}, {"layer": 5, "name": "Wheat"}, {"layer": 5, "name": "Sorghum"}, {"layer": 16, "name": "Food", "fill": "#b5cf6b"}, {"layer": 5, "name": "Fruits, Other"}, {"layer": 5, "name": "Yams"}, {"layer": 13, "name": "Sugar", "fill": "#d6616b"}, {"layer": 13, "name": "Beer"}, {"layer": 13, "name": "Groundnut Oil"}, {"layer": 13, "name": "Beverages, Alcoholic"}, {"layer": 5, "name": "Apples"}, {"layer": 13, "name": "Honey"}, {"layer": 5, "name": "Rice"}, {"layer": 13, "name": "Butter, Ghee"}, {"layer": 5, "name": "Tomatoes"}, {"layer": 13, "name": "Fats, Animals, Raw"}, {"layer": 5, "name": "Coffee"}, {"layer": 13, "name": "Eggs"}, {"layer": 5, "name": "Vegetables, Other"}, {"layer": 5, "name": "Sesame seed"}, {"layer": 13, "name": "Marine Fish, Other"}, {"layer": 5, "name": "Grapes"}, {"layer": 5, "name": "Groundnuts"}, {"layer": 5, "name": "Oilcrops, Other"}, {"layer": 13, "name": "Wine"}, {"layer": 5, "name": "Dates"}, {"layer": 5, "name": "Potatoes"}, {"layer": 13, "name": "Freshwater Fish"}, {"layer": 5, "name": "Pimento"}, {"layer": 5, "name": "Sugar cane"}, {"layer": 13, "name": "Sesameseed Oil"}, {"layer": 5, "name": "Beans"}, {"layer": 5, "name": "Pulses, Other"}, {"layer": 13, "name": "Fish, Seafood"}, {"layer": 13, "name": "Meat, Other"}, {"layer": 5, "name": "Lemons, Limes"}, {"layer": 13, "name": "Mutton & Goat Meat"}, {"layer": 13, "name": "Sweeteners, Other"}, {"layer": 13, "name": "Pelagic Fish"}, {"layer": 5, "name": "Bananas"}, {"layer": 13, "name": "Beverages, Fermented"}, {"layer": 5, "name": "Spices, Other"}, {"layer": 13, "name": "Bovine Meat"}, {"layer": 5, "name": "Millet"}, {"layer": 13, "name": "Poultry Meat"}, {"layer": 13, "name": "Offals, Edible"}, {"layer": 5, "name": "Sweet potatoes"}, {"layer": 5, "name": "Grapefruit"}, {"layer": 5, "name": "Oranges, Mandarines"}, {"layer": 5, "name": "Tea"}, {"layer": 13, "name": "Cottonseed Oil"}, {"layer": 5, "name": "Onions"}, {"layer": 5, "name": "Pineapples"}, {"layer": 5, "name": "Cassava"}, {"layer": 5, "name": "Cottonseed"}, {"layer": 10, "name": "Processing", "fill": "#9edae5"}, {"layer": 5, "name": "Barley"}, {"layer": 16, "name": "Biofuels & Other", "fill": "#e7ba52"}, {"layer": 13, "name": "Oilcrops Oil, Other"}, {"layer": 13, "name": "Aquatic Plants"}, {"layer": 13, "name": "Aquatic Products, Other"}, {"name": "Waste", "fill": "#c7c7c7"}, {"layer": 2, "name": "Import", "fill": "#aec7e8"}, {"layer": 16, "name": "Export", "fill": "#aec7e8"}, {"layer": 16, "name": "Stock Deposit", "fill": "#c7c7c7"}, {"layer": 0, "name": "Stock Draw", "fill": "#c7c7c7"}, {"name": "Crop Residue", "fill": "#bd9e39"}, {"layer": 2, "name": "Electricity", "fill": "#bcbd22"}, {"layer": 0, "name": "Fossil Fuels", "fill": "#c49c94"}, {"layer": 0, "name": "Renewables & Nuclear", "fill": "#2ca02c"}, {"layer": 2, "name": "Fertilizers", "fill": "#c5b0d5"}, {"layer": 0, "name": "Labor", "fill": "#7f7f7f"}], "links": [{"source": 0, "prod": 35.0, "target": 1, "value": 0.027129805712537598, "supply": [{"l": "Milk - Excluding Butter", "v": 0.027129805712537598}]}, {"source": 2, "prod": 1.0, "target": 1, "value": 0.0038945106959174321, "supply": [{"l": "Maize", "v": 0.0038945106959174321}]}, {"source": 3, "prod": 4.0, "target": 1, "value": 0.014382023651918034, "supply": [{"l": "Wheat", "v": 0.014382023651918034}]}, {"source": 4, "prod": 88.0, "target": 1, "value": 0.31610418305499732, "supply": [{"l": "Sorghum", "v": 0.31610418305499732}]}, {"source": 2, "prod": 15.0, "target": 5, "value": 0.058417660438761468, "supply": [{"l": "Maize", "v": 0.058417660438761468}]}, {"source": 6, "prod": 274.0, "target": 5, "value": 0.15075522769446759, "supply": [{"l": "Fruits, Other", "v": 0.15075522769446759}]}, {"source": 7, "prod": 85.0, "target": 5, "value": 0.099256457469332537, "supply": [{"l": "Yams", "v": 0.099256457469332537}]}, {"source": 8, "prod": 189.0, "target": 5, "value": 0.7848666669775598, "supply": [{"l": "Sugar", "v": 0.7848666669775598}]}, {"source": 9, "prod": 7.0, "target": 5, "value": 0.0055027993721944446, "supply": [{"l": "Beer", "v": 0.0055027993721944446}]}, {"source": 10, "prod": 32.0, "target": 5, "value": 0.32670507954410127, "supply": [{"l": "Groundnut Oil", "v": 0.32670507954410127}]}, {"source": 11, "prod": 1.0, "target": 5, "value": 0.0047166851761666672, "supply": [{"l": "Beverages, Alcoholic", "v": 0.0047166851761666672}]}, {"source": 12, "prod": 2.0, "target": 5, "value": 0.00094693208976516247, "supply": [{"l": "Apples", "v": 0.00094693208976516247}]}, {"source": 13, "prod": 1.0, "target": 5, "value": 0.0037743735072759783, "supply": [{"l": "Honey", "v": 0.0037743735072759783}]}, {"source": 14, "prod": 8.0, "target": 5, "value": 0.035131172346620693, "supply": [{"l": "Rice", "v": 0.035131172346620693}]}, {"source": 15, "prod": 9.0, "target": 5, "value": 0.072771714146571423, "supply": [{"l": "Butter, Ghee", "v": 0.072771714146571423}]}, {"source": 16, "prod": 89.0, "target": 5, "value": 0.017357112524239663, "supply": [{"l": "Tomatoes", "v": 0.017357112524239663}]}, {"source": 17, "prod": 7.0, "target": 5, "value": 0.065373256541670005, "supply": [{"l": "Fats, Animals, Raw", "v": 0.065373256541670005}]}, {"source": 18, "prod": 11.0, "target": 5, "value": 0.0056259256920542181, "supply": [{"l": "Coffee", "v": 0.0056259256920542181}]}, {"source": 3, "prod": 250.0, "target": 5, "value": 0.89887647824487715, "supply": [{"l": "Wheat", "v": 0.89887647824487715}]}, {"source": 19, "prod": 14.0, "target": 5, "value": 0.023772093287880002, "supply": [{"l": "Eggs", "v": 0.023772093287880002}]}, {"source": 20, "prod": 396.0, "target": 5, "value": 0.098644984968445287, "supply": [{"l": "Vegetables, Other", "v": 0.098644984968445287}]}, {"source": 21, "prod": 13.0, "target": 5, "value": 0.092943522629305247, "supply": [{"l": "Sesame seed", "v": 0.092943522629305247}]}, {"source": 22, "prod": 1.0, "target": 5, "value": 0.00082695129712012996, "supply": [{"l": "Marine Fish, Other", "v": 0.00082695129712012996}]}, {"source": 23, "prod": 1.0, "target": 5, "value": 0.00047346604488258124, "supply": [{"l": "Grapes", "v": 0.00047346604488258124}]}, {"source": 24, "prod": 36.0, "target": 5, "value": 0.22835262025303454, "supply": [{"l": "Groundnuts", "v": 0.22835262025303454}]}, {"source": 25, "prod": 25.0, "target": 5, "value": 0.1268890849023098, "supply": [{"l": "Oilcrops, Other", "v": 0.1268890849023098}]}, {"source": 26, "prod": 1.0, "target": 5, "value": 0.00078611419602777775, "supply": [{"l": "Wine", "v": 0.00078611419602777775}]}, {"source": 27, "prod": 67.0, "target": 5, "value": 0.12164436738451835, "supply": [{"l": "Dates", "v": 0.12164436738451835}]}, {"source": 28, "prod": 21.0, "target": 5, "value": 0.017143336505682692, "supply": [{"l": "Potatoes", "v": 0.017143336505682692}]}, {"source": 29, "prod": 19.0, "target": 5, "value": 0.017160705640946808, "supply": [{"l": "Freshwater Fish", "v": 0.017160705640946808}]}, {"source": 30, "prod": 6.0, "target": 5, "value": 0.019102574963475002, "supply": [{"l": "Pimento", "v": 0.019102574963475002}]}, {"source": 31, "prod": 35.0, "target": 5, "value": 0.011698864807027561, "supply": [{"l": "Sugar cane", "v": 0.011698864807027561}]}, {"source": 0, "prod": 1145.0, "target": 5, "value": 0.88753221545301553, "supply": [{"l": "Milk - Excluding Butter", "v": 0.88753221545301553}]}, {"source": 32, "prod": 31.0, "target": 5, "value": 0.32040647474968692, "supply": [{"l": "Sesameseed Oil", "v": 0.32040647474968692}]}, {"source": 33, "prod": 6.0, "target": 5, "value": 0.022147913001130438, "supply": [{"l": "Beans", "v": 0.022147913001130438}]}, {"source": 34, "prod": 70.0, "target": 5, "value": 0.27749525238770423, "supply": [{"l": "Pulses, Other", "v": 0.27749525238770423}]}, {"source": 35, "prod": 21.0, "target": 5, "value": 0.017365977239522729, "supply": [{"l": "Fish, Seafood", "v": 0.017365977239522729}]}, {"source": 36, "prod": 66.0, "target": 5, "value": 0.1099845225169773, "supply": [{"l": "Meat, Other", "v": 0.1099845225169773}]}, {"source": 37, "prod": 27.0, "target": 5, "value": 0.005759570340746231, "supply": [{"l": "Lemons, Limes", "v": 0.005759570340746231}]}, {"source": 4, "prod": 859.0, "target": 5, "value": 3.0856078777754856, "supply": [{"l": "Sorghum", "v": 3.0856078777754856}]}, {"source": 38, "prod": 77.0, "target": 5, "value": 0.20248353796092478, "supply": [{"l": "Mutton & Goat Meat", "v": 0.20248353796092478}]}, {"source": 39, "prod": 3.0, "target": 5, "value": 0.010188039980520001, "supply": [{"l": "Sweeteners, Other", "v": 0.010188039980520001}]}, {"source": 40, "prod": 1.0, "target": 5, "value": 0.00082695129712012996, "supply": [{"l": "Pelagic Fish", "v": 0.00082695129712012996}]}, {"source": 41, "prod": 59.0, "target": 5, "value": 0.040583145369934036, "supply": [{"l": "Bananas", "v": 0.040583145369934036}]}, {"source": 42, "prod": 228.0, "target": 5, "value": 0.081089725757579903, "supply": [{"l": "Beverages, Fermented", "v": 0.081089725757579903}]}, {"source": 43, "prod": 1.0, "target": 5, "value": 0.0060643095122142861, "supply": [{"l": "Spices, Other", "v": 0.0060643095122142861}]}, {"source": 44, "prod": 132.0, "target": 5, "value": 0.33063670123116151, "supply": [{"l": "Bovine Meat", "v": 0.33063670123116151}]}, {"source": 45, "prod": 237.0, "target": 5, "value": 0.93520265958598359, "supply": [{"l": "Millet", "v": 0.93520265958598359}]}, {"source": 46, "prod": 12.0, "target": 5, "value": 0.017170853899752807, "supply": [{"l": "Poultry Meat", "v": 0.017170853899752807}]}, {"source": 47, "prod": 34.0, "target": 5, "value": 0.046558247222806451, "supply": [{"l": "Offals, Edible", "v": 0.046558247222806451}]}, {"source": 48, "prod": 12.0, "target": 5, "value": 0.011577318159681819, "supply": [{"l": "Sweet potatoes", "v": 0.011577318159681819}]}, {"source": 49, "prod": 37.0, "target": 5, "value": 0.011765214709089889, "supply": [{"l": "Grapefruit", "v": 0.011765214709089889}]}, {"source": 50, "prod": 29.0, "target": 5, "value": 0.011505185336257011, "supply": [{"l": "Oranges, Mandarines", "v": 0.011505185336257011}]}, {"source": 51, "prod": 10.0, "target": 5, "value": 0.0058958564702083346, "supply": [{"l": "Tea", "v": 0.0058958564702083346}]}, {"source": 52, "prod": 18.0, "target": 5, "value": 0.18523709055490911, "supply": [{"l": "Cottonseed Oil", "v": 0.18523709055490911}]}, {"source": 53, "prod": 24.0, "target": 5, "value": 0.011511909582508474, "supply": [{"l": "Onions", "v": 0.011511909582508474}]}, {"source": 54, "prod": 2.0, "target": 5, "value": 0.00094693208976516247, "supply": [{"l": "Pineapples", "v": 0.00094693208976516247}]}, {"source": 55, "prod": 144.0, "target": 5, "value": 0.18558858408537382, "supply": [{"l": "Cassava", "v": 0.18558858408537382}]}, {"source": 56, "prod": 278.0, "target": 57, "value": 1.7633896786206555, "supply": [{"l": "Cottonseed", "v": 1.7633896786206555}]}, {"source": 21, "prod": 64.0, "target": 57, "value": 0.45756811140581055, "supply": [{"l": "Sesame seed", "v": 0.45756811140581055}]}, {"source": 58, "prod": 2.0, "target": 57, "value": 0.0062188142131624205, "supply": [{"l": "Barley", "v": 0.0062188142131624205}]}, {"source": 24, "prod": 72.0, "target": 57, "value": 0.45670524050606909, "supply": [{"l": "Groundnuts", "v": 0.45670524050606909}]}, {"source": 25, "prod": 7.0, "target": 57, "value": 0.035528943772646746, "supply": [{"l": "Oilcrops, Other", "v": 0.035528943772646746}]}, {"source": 4, "prod": 46.0, "target": 57, "value": 0.16523627750602135, "supply": [{"l": "Sorghum", "v": 0.16523627750602135}]}, {"source": 31, "prod": 660.0, "target": 57, "value": 0.22060716493251969, "supply": [{"l": "Sugar cane", "v": 0.22060716493251969}]}, {"source": 52, "prod": 10.0, "target": 59, "value": 0.10290949475272729, "supply": [{"l": "Cottonseed Oil", "v": 0.10290949475272729}]}, {"source": 60, "prod": 4.0, "target": 59, "value": 0.038591060532272729, "supply": [{"l": "Oilcrops Oil, Other", "v": 0.038591060532272729}]}, {"source": 61, "prod": 1.0, "target": 59, "value": 0.00086507316542708647, "supply": [{"l": "Aquatic Plants", "v": 0.00086507316542708647}]}, {"source": 62, "prod": 1.0, "target": 59, "value": 0.00086507316542708647, "supply": [{"l": "Aquatic Products, Other", "v": 0.00086507316542708647}]}, {"source": 2, "prod": 1.0, "target": 2, "value": 0.0038945106959174321, "supply": [{"l": "Maize", "v": 0.0038945106959174321}]}, {"source": 3, "prod": 8.0, "target": 3, "value": 0.028764047303836068, "supply": [{"l": "Wheat", "v": 0.028764047303836068}]}, {"source": 56, "prod": 17.0, "target": 56, "value": 0.10783318178615518, "supply": [{"l": "Cottonseed", "v": 0.10783318178615518}]}, {"source": 28, "prod": 1.0, "target": 28, "value": 0.00081634935741346152, "supply": [{"l": "Potatoes", "v": 0.00081634935741346152}]}, {"source": 19, "prod": 1.0, "target": 19, "value": 0.0016980066634200001, "supply": [{"l": "Eggs", "v": 0.0016980066634200001}]}, {"source": 7, "prod": 46.0, "target": 7, "value": 0.053715259336344669, "supply": [{"l": "Yams", "v": 0.053715259336344669}]}, {"source": 45, "prod": 5.0, "target": 45, "value": 0.019730013915316105, "supply": [{"l": "Millet", "v": 0.019730013915316105}]}, {"source": 48, "prod": 1.0, "target": 48, "value": 0.00096477651330681825, "supply": [{"l": "Sweet potatoes", "v": 0.00096477651330681825}]}, {"source": 34, "prod": 3.0, "target": 34, "value": 0.011892653673758755, "supply": [{"l": "Pulses, Other", "v": 0.011892653673758755}]}, {"source": 24, "prod": 2.0, "target": 24, "value": 0.01268625668072414, "supply": [{"l": "Groundnuts", "v": 0.01268625668072414}]}, {"source": 25, "prod": 2.0, "target": 25, "value": 0.010151126792184783, "supply": [{"l": "Oilcrops, Other", "v": 0.010151126792184783}]}, {"source": 21, "prod": 3.0, "target": 21, "value": 0.021448505222147366, "supply": [{"l": "Sesame seed", "v": 0.021448505222147366}]}, {"source": 4, "prod": 18.0, "target": 4, "value": 0.064657673806703994, "supply": [{"l": "Sorghum", "v": 0.064657673806703994}]}, {"source": 2, "prod": 1.0, "target": 63, "value": 0.0038945106959174321, "supply": [{"l": "Maize", "v": 0.0038945106959174321}]}, {"source": 6, "prod": 48.0, "target": 63, "value": 0.026409674924578262, "supply": [{"l": "Fruits, Other", "v": 0.026409674924578262}]}, {"source": 7, "prod": 15.0, "target": 63, "value": 0.017515845435764565, "supply": [{"l": "Yams", "v": 0.017515845435764565}]}, {"source": 49, "prod": 6.0, "target": 63, "value": 0.0019078726555280898, "supply": [{"l": "Grapefruit", "v": 0.0019078726555280898}]}, {"source": 16, "prod": 16.0, "target": 63, "value": 0.003120379779638591, "supply": [{"l": "Tomatoes", "v": 0.003120379779638591}]}, {"source": 3, "prod": 7.0, "target": 63, "value": 0.025168541390856558, "supply": [{"l": "Wheat", "v": 0.025168541390856558}]}, {"source": 19, "prod": 2.0, "target": 63, "value": 0.0033960133268400002, "supply": [{"l": "Eggs", "v": 0.0033960133268400002}]}, {"source": 20, "prod": 69.0, "target": 63, "value": 0.01718814132025941, "supply": [{"l": "Vegetables, Other", "v": 0.01718814132025941}]}, {"source": 21, "prod": 7.0, "target": 63, "value": 0.050046512185010536, "supply": [{"l": "Sesame seed", "v": 0.050046512185010536}]}, {"source": 24, "prod": 11.0, "target": 63, "value": 0.069774411743982773, "supply": [{"l": "Groundnuts", "v": 0.069774411743982773}]}, {"source": 25, "prod": 7.0, "target": 63, "value": 0.035528943772646746, "supply": [{"l": "Oilcrops, Other", "v": 0.035528943772646746}]}, {"source": 27, "prod": 7.0, "target": 63, "value": 0.012709113010322813, "supply": [{"l": "Dates", "v": 0.012709113010322813}]}, {"source": 56, "prod": 17.0, "target": 63, "value": 0.10783318178615518, "supply": [{"l": "Cottonseed", "v": 0.10783318178615518}]}, {"source": 28, "prod": 3.0, "target": 63, "value": 0.0024490480722403844, "supply": [{"l": "Potatoes", "v": 0.0024490480722403844}]}, {"source": 0, "prod": 27.0, "target": 63, "value": 0.020928707263957572, "supply": [{"l": "Milk - Excluding Butter", "v": 0.020928707263957572}]}, {"source": 33, "prod": 1.0, "target": 63, "value": 0.0036913188335217393, "supply": [{"l": "Beans", "v": 0.0036913188335217393}]}, {"source": 34, "prod": 9.0, "target": 63, "value": 0.035677961021276267, "supply": [{"l": "Pulses, Other", "v": 0.035677961021276267}]}, {"source": 37, "prod": 5.0, "target": 63, "value": 0.0010665871001381911, "supply": [{"l": "Lemons, Limes", "v": 0.0010665871001381911}]}, {"source": 4, "prod": 159.0, "target": 63, "value": 0.57114278529255214, "supply": [{"l": "Sorghum", "v": 0.57114278529255214}]}, {"source": 41, "prod": 11.0, "target": 63, "value": 0.0075663491367673622, "supply": [{"l": "Bananas", "v": 0.0075663491367673622}]}, {"source": 45, "prod": 15.0, "target": 63, "value": 0.059190041745948323, "supply": [{"l": "Millet", "v": 0.059190041745948323}]}, {"source": 48, "prod": 1.0, "target": 63, "value": 0.00096477651330681825, "supply": [{"l": "Sweet potatoes", "v": 0.00096477651330681825}]}, {"source": 50, "prod": 5.0, "target": 63, "value": 0.0019836526441822429, "supply": [{"l": "Oranges, Mandarines", "v": 0.0019836526441822429}]}, {"source": 53, "prod": 4.0, "target": 63, "value": 0.001918651597084746, "supply": [{"l": "Onions", "v": 0.001918651597084746}]}, {"source": 55, "prod": 16.0, "target": 63, "value": 0.020620953787263759, "supply": [{"l": "Cassava", "v": 0.020620953787263759}]}, {"source": 64, "prod": 7.0, "target": 14, "value": 0.030739775803293106, "supply": [{"l": "Rice", "v": 0.030739775803293106}]}, {"source": 64, "prod": 193.0, "target": 3, "value": 0.69393264120504516, "supply": [{"l": "Wheat", "v": 0.69393264120504516}]}, {"source": 64, "prod": 30.0, "target": 1, "value": 0.0250874333523733, "supply": [{"l": "Pelagic Fish", "v": 0.00082695129712012996}, {"l": "Bovine Meat", "v": 0.0025048234941754659}, {"l": "Milk - Excluding Butter", "v": 0.020928707263957572}, {"l": "Fish, Seafood", "v": 0.00082695129712012996}]}, {"source": 64, "prod": 1.0, "target": 43, "value": 0.0060643095122142861, "supply": [{"l": "Spices, Other", "v": 0.0060643095122142861}]}, {"source": 64, "prod": 2.0, "target": 58, "value": 0.0062188142131624205, "supply": [{"l": "Barley", "v": 0.0062188142131624205}]}, {"source": 64, "prod": 7.0, "target": 27, "value": 0.012709113010322813, "supply": [{"l": "Dates", "v": 0.012709113010322813}]}, {"source": 64, "prod": 88.0, "target": 57, "value": 0.37017638986654816, "supply": [{"l": "Fats, Animals, Raw", "v": 0.018678073297620005}, {"l": "Sweeteners, Other", "v": 0.010188039980520001}, {"l": "Sugar", "v": 0.34052416239238043}, {"l": "Wine", "v": 0.00078611419602777775}]}, {"source": 64, "prod": 1.0, "target": 23, "value": 0.00047346604488258124, "supply": [{"l": "Grapes", "v": 0.00047346604488258124}]}, {"source": 64, "prod": 2.0, "target": 12, "value": 0.00094693208976516247, "supply": [{"l": "Apples", "v": 0.00094693208976516247}]}, {"source": 64, "prod": 11.0, "target": 18, "value": 0.0056259256920542181, "supply": [{"l": "Coffee", "v": 0.0056259256920542181}]}, {"source": 64, "prod": 1.0, "target": 50, "value": 0.00039673052883644857, "supply": [{"l": "Oranges, Mandarines", "v": 0.00039673052883644857}]}, {"source": 64, "prod": 10.0, "target": 51, "value": 0.0058958564702083346, "supply": [{"l": "Tea", "v": 0.0058958564702083346}]}, {"source": 64, "prod": 4.0, "target": 6, "value": 0.0022008062437148552, "supply": [{"l": "Fruits, Other", "v": 0.0022008062437148552}]}, {"source": 64, "prod": 4.0, "target": 20, "value": 0.00099641398958025544, "supply": [{"l": "Vegetables, Other", "v": 0.00099641398958025544}]}, {"source": 64, "prod": 4.0, "target": 34, "value": 0.015856871565011671, "supply": [{"l": "Pulses, Other", "v": 0.015856871565011671}]}, {"source": 32, "prod": 1.0, "target": 65, "value": 0.010335692733860868, "supply": [{"l": "Sesameseed Oil", "v": 0.010335692733860868}]}, {"source": 56, "prod": 32.0, "target": 65, "value": 0.20298010689158624, "supply": [{"l": "Cottonseed", "v": 0.20298010689158624}]}, {"source": 21, "prod": 76.0, "target": 65, "value": 0.5433621322944, "supply": [{"l": "Sesame seed", "v": 0.5433621322944}]}, {"source": 45, "prod": 1.0, "target": 65, "value": 0.0039460027830632216, "supply": [{"l": "Millet", "v": 0.0039460027830632216}]}, {"source": 34, "prod": 7.0, "target": 65, "value": 0.027749525238770424, "supply": [{"l": "Pulses, Other", "v": 0.027749525238770424}]}, {"source": 24, "prod": 105.0, "target": 65, "value": 0.66602847573801738, "supply": [{"l": "Groundnuts", "v": 0.66602847573801738}]}, {"source": 52, "prod": 8.0, "target": 65, "value": 0.082327595802181824, "supply": [{"l": "Cottonseed Oil", "v": 0.082327595802181824}]}, {"source": 25, "prod": 16.0, "target": 65, "value": 0.081209014337478264, "supply": [{"l": "Oilcrops, Other", "v": 0.081209014337478264}]}, {"source": 4, "prod": 1.0, "target": 65, "value": 0.0035920929892613333, "supply": [{"l": "Sorghum", "v": 0.0035920929892613333}]}, {"source": 52, "prod": 9.0, "target": 66, "value": 0.092618545277454556, "supply": [{"l": "Cottonseed Oil", "v": 0.092618545277454556}]}, {"source": 4, "prod": 810.0, "target": 66, "value": 2.9095953213016803, "supply": [{"l": "Sorghum", "v": 2.9095953213016803}]}, {"source": 25, "prod": 2.0, "target": 66, "value": 0.010151126792184783, "supply": [{"l": "Oilcrops, Other", "v": 0.010151126792184783}]}, {"source": 21, "prod": 23.0, "target": 66, "value": 0.16443854003646316, "supply": [{"l": "Sesame seed", "v": 0.16443854003646316}]}, {"source": 20, "prod": 1.0, "target": 66, "value": 0.00024910349739506386, "supply": [{"l": "Vegetables, Other", "v": 0.00024910349739506386}]}, {"source": 67, "prod": 29.0, "target": 57, "value": 0.12042927694364675, "supply": [{"l": "Sugar", "v": 0.12042927694364675}]}, {"source": 45, "prod": 110.0, "target": 66, "value": 0.43406030613695434, "supply": [{"l": "Millet", "v": 0.43406030613695434}]}, {"source": 3, "prod": 2.0, "target": 66, "value": 0.0071910118259590171, "supply": [{"l": "Wheat", "v": 0.0071910118259590171}]}, {"source": 1, "prod": 12.0, "target": 46, "value": 0.017170853899752807, "supply": [{"l": "Poultry Meat", "v": 0.017170853899752807}]}, {"source": 1, "prod": 1.0, "target": 40, "value": 0.00082695129712012996, "supply": [{"l": "Pelagic Fish", "v": 0.00082695129712012996}]}, {"source": 1, "prod": 132.0, "target": 44, "value": 0.33063670123116151, "supply": [{"l": "Bovine Meat", "v": 0.33063670123116151}]}, {"source": 1, "prod": 16.0, "target": 19, "value": 0.027168106614720001, "supply": [{"l": "Eggs", "v": 0.028866113278140003}]}, {"source": 1, "prod": 1207.0, "target": 0, "value": 0.93559072842951074, "supply": [{"l": "Milk - Excluding Butter", "v": 0.93559072842951074}]}, {"source": 1, "prod": 34.0, "target": 47, "value": 0.046558247222806451, "supply": [{"l": "Offals, Edible", "v": 0.046558247222806451}]}, {"source": 1, "prod": 1.0, "target": 22, "value": 0.00082695129712012996, "supply": [{"l": "Marine Fish, Other", "v": 0.00082695129712012996}]}, {"source": 1, "prod": 1.0, "target": 62, "value": 0.00086507316542708647, "supply": [{"l": "Aquatic Products, Other", "v": 0.00086507316542708647}]}, {"source": 1, "prod": 21.0, "target": 35, "value": 0.017365977239522729, "supply": [{"l": "Fish, Seafood", "v": 0.017365977239522729}]}, {"source": 1, "prod": 1.0, "target": 61, "value": 0.00086507316542708647, "supply": [{"l": "Aquatic Plants", "v": 0.00086507316542708647}]}, {"source": 1, "prod": 66.0, "target": 36, "value": 0.1099845225169773, "supply": [{"l": "Meat, Other", "v": 0.1099845225169773}]}, {"source": 1, "prod": 19.0, "target": 29, "value": 0.017160705640946808, "supply": [{"l": "Freshwater Fish", "v": 0.017160705640946808}]}, {"source": 1, "prod": 77.0, "target": 38, "value": 0.20248353796092478, "supply": [{"l": "Mutton & Goat Meat", "v": 0.20248353796092478}]}, {"source": 57, "prod": 7.0, "target": 17, "value": 0.065373256541670005, "supply": [{"l": "Fats, Animals, Raw", "v": 0.065373256541670005}]}, {"source": 57, "prod": 3.0, "target": 39, "value": 0.010188039980520001, "supply": [{"l": "Sweeteners, Other", "v": 0.010188039980520001}]}, {"source": 57, "prod": 32.0, "target": 32, "value": 0.33074216748354779, "supply": [{"l": "Sesameseed Oil", "v": 0.33074216748354779}]}, {"source": 57, "prod": 228.0, "target": 42, "value": 0.081089725757579903, "supply": [{"l": "Beverages, Fermented", "v": 0.081089725757579903}]}, {"source": 57, "prod": 189.0, "target": 8, "value": 0.7848666669775598, "supply": [{"l": "Sugar", "v": 0.7848666669775598}]}, {"source": 57, "prod": 1.0, "target": 13, "value": 0.0037743735072759783, "supply": [{"l": "Honey", "v": 0.0037743735072759783}]}, {"source": 57, "prod": 7.0, "target": 9, "value": 0.0055027993721944446, "supply": [{"l": "Beer", "v": 0.0055027993721944446}]}, {"source": 57, "prod": 32.0, "target": 10, "value": 0.32670507954410127, "supply": [{"l": "Groundnut Oil", "v": 0.32670507954410127}]}, {"source": 57, "prod": 1.0, "target": 11, "value": 0.0047166851761666672, "supply": [{"l": "Beverages, Alcoholic", "v": 0.0047166851761666672}]}, {"source": 57, "prod": 45.0, "target": 52, "value": 0.46309272638727278, "supply": [{"l": "Cottonseed Oil", "v": 0.46309272638727278}]}, {"source": 57, "prod": 4.0, "target": 60, "value": 0.038591060532272729, "supply": [{"l": "Oilcrops Oil, Other", "v": 0.038591060532272729}]}, {"source": 57, "prod": 9.0, "target": 15, "value": 0.072771714146571423, "supply": [{"l": "Butter, Ghee", "v": 0.072771714146571423}]}, {"source": 57, "prod": 1.0, "target": 26, "value": 0.00078611419602777775, "supply": [{"l": "Wine", "v": 0.00078611419602777775}]}, {"source": 2, "prod": 36.0, "target": 68, "value": 0.12551999976, "supply": [{"l": "Maize", "v": 0.12551999976}]}, {"source": 3, "prod": 349.0, "target": 68, "value": 1.21684666434, "supply": [{"l": "Wheat", "v": 1.21684666434}]}, {"source": 55, "prod": 80.0, "target": 68, "value": 0.27893333280000004, "supply": [{"l": "Cassava", "v": 0.27893333280000004}]}, {"source": 56, "prod": 344.5, "target": 68, "value": 1.2011566643699998, "supply": [{"l": "Cottonseed", "v": 1.2011566643699998}]}, {"source": 28, "prod": 12.5, "target": 68, "value": 0.043583333249999995, "supply": [{"l": "Potatoes", "v": 0.043583333249999995}]}, {"source": 20, "prod": 464.0, "target": 68, "value": 1.6178133302400002, "supply": [{"l": "Vegetables, Other", "v": 1.6178133302400002}]}, {"source": 21, "prod": 186.0, "target": 68, "value": 0.6485199987600001, "supply": [{"l": "Sesame seed", "v": 0.6485199987600001}]}, {"source": 7, "prod": 72.75, "target": 68, "value": 0.25365499951500003, "supply": [{"l": "Yams", "v": 0.25365499951500003}]}, {"source": 45, "prod": 736.0, "target": 68, "value": 2.5661866617600002, "supply": [{"l": "Millet", "v": 2.5661866617600002}]}, {"source": 48, "prod": 7.0, "target": 68, "value": 0.02440666662, "supply": [{"l": "Sweet potatoes", "v": 0.02440666662}]}, {"source": 33, "prod": 7.0, "target": 68, "value": 0.02440666662, "supply": [{"l": "Beans", "v": 0.02440666662}]}, {"source": 58, "prod": 2.0, "target": 68, "value": 0.0055675626220509549, "supply": [{"l": "Barley", "v": 0.0055675626220509549}]}, {"source": 24, "prod": 226.0, "target": 68, "value": 0.78798666516000004, "supply": [{"l": "Groundnuts", "v": 0.78798666516000004}]}, {"source": 34, "prod": 86.5, "target": 68, "value": 0.30159666608999997, "supply": [{"l": "Pulses, Other", "v": 0.30159666608999997}]}, {"source": 25, "prod": 59.5, "target": 68, "value": 0.20745666627000003, "supply": [{"l": "Oilcrops, Other", "v": 0.20745666627000003}]}, {"source": 14, "prod": 9.0, "target": 68, "value": 0.03137999994, "supply": [{"l": "Rice", "v": 0.03137999994}]}, {"source": 4, "prod": 3961.0, "target": 68, "value": 13.81068664026, "supply": [{"l": "Sorghum", "v": 13.81068664026}]}, {"source": 53, "prod": 28.5, "target": 68, "value": 0.099369999810000012, "supply": [{"l": "Onions", "v": 0.099369999810000012}]}, {"source": 16, "prod": 105.0, "target": 68, "value": 0.36609999930000003, "supply": [{"l": "Tomatoes", "v": 0.36609999930000003}]}, {"source": 31, "prod": 278.0, "target": 68, "value": 0.96929333148000008, "supply": [{"l": "Sugar cane", "v": 0.96929333148000008}]}, {"source": 69, "prod": 0, "target": 2, "value": 0.00025648566727758999, "supply": "[{\"l\":'Energy for power irrigation',\"v\":0.00025648566727758999}]"}, {"source": 69, "prod": 0, "target": 6, "value": 0.0045597451960460444, "supply": "[{\"l\":'Energy for power irrigation',\"v\":0.0045597451960460444}]"}, {"source": 69, "prod": 0, "target": 7, "value": 0.0020732591438271859, "supply": "[{\"l\":'Energy for power irrigation',\"v\":0.0020732591438271859}]"}, {"source": 69, "prod": 0, "target": 49, "value": 0.00061271576071868727, "supply": "[{\"l\":'Energy for power irrigation',\"v\":0.00061271576071868727}]"}, {"source": 69, "prod": 0, "target": 14, "value": 6.4121416819397497e-05, "supply": "[{\"l\":'Energy for power irrigation',\"v\":6.4121416819397497e-05}]"}, {"source": 69, "prod": 0, "target": 16, "value": 0.0014961663924526083, "supply": "[{\"l\":'Energy for power irrigation',\"v\":0.0014961663924526083}]"}, {"source": 69, "prod": 0, "target": 3, "value": 0.0024864860522188586, "supply": "[{\"l\":'Energy for power irrigation',\"v\":0.0024864860522188586}]"}, {"source": 69, "prod": 0, "target": 20, "value": 0.0066116305342667639, "supply": "[{\"l\":'Energy for power irrigation',\"v\":0.0066116305342667639}]"}, {"source": 69, "prod": 0, "target": 21, "value": 0.002650351895201763, "supply": "[{\"l\":'Energy for power irrigation',\"v\":0.002650351895201763}]"}, {"source": 69, "prod": 0, "target": 24, "value": 0.003220320044707519, "supply": "[{\"l\":'Energy for power irrigation',\"v\":0.003220320044707519}]"}, {"source": 69, "prod": 0, "target": 25, "value": 0.00084782762238981135, "supply": "[{\"l\":'Energy for power irrigation',\"v\":0.00084782762238981135}]"}, {"source": 69, "prod": 0, "target": 27, "value": 0.0010116934653727162, "supply": "[{\"l\":'Energy for power irrigation',\"v\":0.0010116934653727162}]"}, {"source": 69, "prod": 0, "target": 56, "value": 0.0049088506876183192, "supply": "[{\"l\":'Energy for power irrigation',\"v\":0.0049088506876183192}]"}, {"source": 69, "prod": 0, "target": 28, "value": 0.00035623009344109722, "supply": "[{\"l\":'Energy for power irrigation',\"v\":0.00035623009344109722}]"}, {"source": 69, "prod": 0, "target": 30, "value": 8.5495222425863325e-05, "supply": "[{\"l\":'Energy for power irrigation',\"v\":8.5495222425863325e-05}]"}, {"source": 69, "prod": 0, "target": 33, "value": 9.974442616350722e-05, "supply": "[{\"l\":'Energy for power irrigation',\"v\":9.974442616350722e-05}]"}, {"source": 69, "prod": 0, "target": 34, "value": 0.0012325561233061963, "supply": "[{\"l\":'Energy for power irrigation',\"v\":0.0012325561233061963}]"}, {"source": 69, "prod": 0, "target": 37, "value": 0.00045597451960460446, "supply": "[{\"l\":'Energy for power irrigation',\"v\":0.00045597451960460446}]"}, {"source": 69, "prod": 0, "target": 4, "value": 0.028220548002403721, "supply": "[{\"l\":'Energy for power irrigation',\"v\":0.028220548002403721}]"}, {"source": 69, "prod": 0, "target": 31, "value": 0.0099031965976625023, "supply": "[{\"l\":'Energy for power irrigation',\"v\":0.0099031965976625023}]"}, {"source": 69, "prod": 0, "target": 54, "value": 2.8498407475287778e-05, "supply": "[{\"l\":'Energy for power irrigation',\"v\":2.8498407475287778e-05}]"}, {"source": 69, "prod": 0, "target": 41, "value": 0.00099744426163507222, "supply": "[{\"l\":'Energy for power irrigation',\"v\":0.00099744426163507222}]"}, {"source": 69, "prod": 0, "target": 45, "value": 0.0052437069754529509, "supply": "[{\"l\":'Energy for power irrigation',\"v\":0.0052437069754529509}]"}, {"source": 69, "prod": 0, "target": 48, "value": 0.00019948885232701444, "supply": "[{\"l\":'Energy for power irrigation',\"v\":0.00019948885232701444}]"}, {"source": 69, "prod": 0, "target": 50, "value": 0.00047734832521107026, "supply": "[{\"l\":'Energy for power irrigation',\"v\":0.00047734832521107026}]"}, {"source": 69, "prod": 0, "target": 53, "value": 0.00040610230652285081, "supply": "[{\"l\":'Energy for power irrigation',\"v\":0.00040610230652285081}]"}, {"source": 69, "prod": 0, "target": 55, "value": 0.0022798725980230222, "supply": "[{\"l\":'Energy for power irrigation',\"v\":0.0022798725980230222}]"}, {"source": 69, "prod": 0, "target": 57, "value": 0.0056663790620769565, "supply": "[{\"l\":'Electricity',\"v\":0.0056663790620769565}]"}, {"source": 70, "prod": 0, "target": 69, "value": 0.088004117362232875, "supply": [{"l": "Coal", "v": 0.0}, {"l": "Natural gas", "v": 0.0}, {"l": "Oil", "v": 0.088004117362232875}]}, {"source": 71, "prod": 0, "target": 69, "value": 0.05320303930545868, "supply": [{"l": "Nuclear", "v": 0.0}, {"l": "Hydroelectric", "v": 0.05320303930545868}, {"l": "Renewable", "v": 0.0}]}, {"source": 70, "prod": 0, "target": 2, "value": 0.0046544958685837048, "supply": [{"l": "Motor Gasoline", "v": 3.8975893045433738e-05}, {"l": "Gas-Diesel oil", "v": 0.0046155199755382719}]}, {"source": 70, "prod": 0, "target": 6, "value": 0.082746593219265863, "supply": [{"l": "Motor Gasoline", "v": 0.00069290476525215531}, {"l": "Gas-Diesel oil", "v": 0.082053688454013715}]}, {"source": 70, "prod": 0, "target": 7, "value": 0.03762384160438495, "supply": [{"l": "Motor Gasoline", "v": 0.0003150551354505894}, {"l": "Gas-Diesel oil", "v": 0.037308786468934367}]}, {"source": 70, "prod": 0, "target": 49, "value": 0.011119073463838851, "supply": [{"l": "Motor Gasoline", "v": 9.3109077830758378e-05}, {"l": "Gas-Diesel oil", "v": 0.011025964386008094}]}, {"source": 70, "prod": 0, "target": 14, "value": 0.0011636239671459262, "supply": [{"l": "Motor Gasoline", "v": 9.7439732613584344e-06}, {"l": "Gas-Diesel oil", "v": 0.001153879993884568}]}, {"source": 70, "prod": 0, "target": 16, "value": 0.027151225900071616, "supply": [{"l": "Motor Gasoline", "v": 0.0002273593760983635}, {"l": "Gas-Diesel oil", "v": 0.026923866523973251}]}, {"source": 70, "prod": 0, "target": 3, "value": 0.04512275161488092, "supply": [{"l": "Motor Gasoline", "v": 0.00037784962980156597}, {"l": "Gas-Diesel oil", "v": 0.044744901985079355}]}, {"source": 70, "prod": 0, "target": 20, "value": 0.1199825601679355, "supply": [{"l": "Motor Gasoline", "v": 0.0010047119096156252}, {"l": "Gas-Diesel oil", "v": 0.11897784825831988}]}, {"source": 70, "prod": 0, "target": 21, "value": 0.048096457308698284, "supply": [{"l": "Motor Gasoline", "v": 0.00040275089480281529}, {"l": "Gas-Diesel oil", "v": 0.047693706413895469}]}, {"source": 70, "prod": 0, "target": 24, "value": 0.058439781461106524, "supply": [{"l": "Motor Gasoline", "v": 0.0004893639904593347}, {"l": "Gas-Diesel oil", "v": 0.057950417470647192}]}, {"source": 70, "prod": 0, "target": 25, "value": 0.015385694676707248, "supply": [{"l": "Motor Gasoline", "v": 0.00012883697978907264}, {"l": "Gas-Diesel oil", "v": 0.015256857696918176}]}, {"source": 70, "prod": 0, "target": 27, "value": 0.018359400370524616, "supply": [{"l": "Motor Gasoline", "v": 0.00015373824479032196}, {"l": "Gas-Diesel oil", "v": 0.018205662125734295}]}, {"source": 70, "prod": 0, "target": 56, "value": 0.089081879262615904, "supply": [{"l": "Motor Gasoline", "v": 0.0007459552863417735}, {"l": "Gas-Diesel oil", "v": 0.088335923976274142}]}, {"source": 70, "prod": 0, "target": 28, "value": 0.0064645775952551455, "supply": [{"l": "Motor Gasoline", "v": 5.413318478532464e-05}, {"l": "Gas-Diesel oil", "v": 0.0064104444104698217}]}, {"source": 70, "prod": 0, "target": 30, "value": 0.0015514986228612351, "supply": [{"l": "Motor Gasoline", "v": 1.2991964348477913e-05}, {"l": "Gas-Diesel oil", "v": 0.0015385066585127572}]}, {"source": 70, "prod": 0, "target": 33, "value": 0.0018100817266714407, "supply": [{"l": "Motor Gasoline", "v": 1.5157291739890898e-05}, {"l": "Gas-Diesel oil", "v": 0.00179492443493155}]}, {"source": 70, "prod": 0, "target": 34, "value": 0.022367438479582804, "supply": [{"l": "Motor Gasoline", "v": 0.00018730081935722324}, {"l": "Gas-Diesel oil", "v": 0.022180137660225582}]}, {"source": 70, "prod": 0, "target": 37, "value": 0.008274659321926588, "supply": [{"l": "Motor Gasoline", "v": 6.9290476525215536e-05}, {"l": "Gas-Diesel oil", "v": 0.0082053688454013715}]}, {"source": 70, "prod": 0, "target": 4, "value": 0.51212383709611264, "supply": [{"l": "Motor Gasoline", "v": 0.0042884308986934176}, {"l": "Gas-Diesel oil", "v": 0.50783540619741929}]}, {"source": 70, "prod": 0, "target": 31, "value": 0.17971525714809305, "supply": [{"l": "Motor Gasoline", "v": 0.001504902537032025}, {"l": "Gas-Diesel oil", "v": 0.17821035461106105}]}, {"source": 70, "prod": 0, "target": 54, "value": 0.00051716620762041175, "supply": [{"l": "Motor Gasoline", "v": 4.330654782825971e-06}, {"l": "Gas-Diesel oil", "v": 0.00051283555283758572}]}, {"source": 70, "prod": 0, "target": 41, "value": 0.018100817266714409, "supply": [{"l": "Motor Gasoline", "v": 0.000151572917398909}, {"l": "Gas-Diesel oil", "v": 0.0179492443493155}]}, {"source": 70, "prod": 0, "target": 45, "value": 0.095158582202155756, "supply": [{"l": "Motor Gasoline", "v": 0.00079684048003997874}, {"l": "Gas-Diesel oil", "v": 0.094361741722115783}]}, {"source": 70, "prod": 0, "target": 48, "value": 0.0036201634533428815, "supply": [{"l": "Motor Gasoline", "v": 3.0314583479781795e-05}, {"l": "Gas-Diesel oil", "v": 0.0035898488698631}]}, {"source": 70, "prod": 0, "target": 50, "value": 0.0086625339776418963, "supply": [{"l": "Motor Gasoline", "v": 7.2538467612335018e-05}, {"l": "Gas-Diesel oil", "v": 0.0085899955100295616}]}, {"source": 70, "prod": 0, "target": 53, "value": 0.0073696184585908663, "supply": [{"l": "Motor Gasoline", "v": 6.1711830655270078e-05}, {"l": "Gas-Diesel oil", "v": 0.0073079066279355962}]}, {"source": 70, "prod": 0, "target": 55, "value": 0.041373296609632931, "supply": [{"l": "Motor Gasoline", "v": 0.00034645238262607765}, {"l": "Gas-Diesel oil", "v": 0.041026844227006858}]}, {"source": 72, "prod": 0.12610226762884227, "target": 2, "value": 0.0022771358893325776, "supply": [{"l": "Potash", "v": 3.4069373597923358e-05}, {"l": "Phosphate", "v": 0.0033666666693600001}, {"l": "Nitrogen", "v": 0.71554166723909984}]}, {"source": 72, "prod": 2.2418180911794181, "target": 6, "value": 0.040482415810356935, "supply": [{"l": "Potash", "v": 3.4069373597923358e-05}, {"l": "Phosphate", "v": 0.0033666666693600001}, {"l": "Nitrogen", "v": 0.71554166723909984}]}, {"source": 72, "prod": 1.0193266633331417, "target": 7, "value": 0.018406848438771668, "supply": [{"l": "Potash", "v": 3.4069373597923358e-05}, {"l": "Phosphate", "v": 0.0033666666693600001}, {"l": "Nitrogen", "v": 0.71554166723909984}]}, {"source": 72, "prod": 0.30124430600223434, "target": 49, "value": 0.0054398246245167137, "supply": [{"l": "Potash", "v": 3.4069373597923358e-05}, {"l": "Phosphate", "v": 0.0033666666693600001}, {"l": "Nitrogen", "v": 0.71554166723909984}]}, {"source": 72, "prod": 0.031525566907210568, "target": 14, "value": 0.00056928397233314441, "supply": [{"l": "Potash", "v": 3.4069373597923358e-05}, {"l": "Phosphate", "v": 0.0033666666693600001}, {"l": "Nitrogen", "v": 0.71554166723909984}]}, {"source": 72, "prod": 0.73559656116824668, "target": 16, "value": 0.01328329268777337, "supply": [{"l": "Potash", "v": 3.4069373597923358e-05}, {"l": "Phosphate", "v": 0.0033666666693600001}, {"l": "Nitrogen", "v": 0.71554166723909984}]}, {"source": 72, "prod": 1.2224914278462764, "target": 3, "value": 0.022075567371585267, "supply": [{"l": "Potash", "v": 3.4069373597923358e-05}, {"l": "Phosphate", "v": 0.0033666666693600001}, {"l": "Nitrogen", "v": 0.71554166723909984}]}, {"source": 72, "prod": 3.2506362322101561, "target": 20, "value": 0.058699502925017556, "supply": [{"l": "Potash", "v": 3.4069373597923358e-05}, {"l": "Phosphate", "v": 0.0033666666693600001}, {"l": "Nitrogen", "v": 0.71554166723909984}]}, {"source": 72, "prod": 1.3030567654980367, "target": 21, "value": 0.023530404189769968, "supply": [{"l": "Potash", "v": 3.4069373597923358e-05}, {"l": "Phosphate", "v": 0.0033666666693600001}, {"l": "Nitrogen", "v": 0.71554166723909984}]}, {"source": 72, "prod": 1.5832840268954642, "target": 24, "value": 0.028590706166064586, "supply": [{"l": "Potash", "v": 3.4069373597923358e-05}, {"l": "Phosphate", "v": 0.0033666666693600001}, {"l": "Nitrogen", "v": 0.71554166723909984}]}, {"source": 72, "prod": 0.41683805132867308, "target": 25, "value": 0.0075271991897382425, "supply": [{"l": "Potash", "v": 3.4069373597923358e-05}, {"l": "Phosphate", "v": 0.0033666666693600001}, {"l": "Nitrogen", "v": 0.71554166723909984}]}, {"source": 72, "prod": 0.4974033889804334, "target": 27, "value": 0.0089820360079229458, "supply": [{"l": "Potash", "v": 3.4069373597923358e-05}, {"l": "Phosphate", "v": 0.0033666666693600001}, {"l": "Nitrogen", "v": 0.71554166723909984}]}, {"source": 72, "prod": 2.4134572887853425, "target": 56, "value": 0.043581850770837385, "supply": [{"l": "Potash", "v": 3.4069373597923358e-05}, {"l": "Phosphate", "v": 0.0033666666693600001}, {"l": "Nitrogen", "v": 0.71554166723909984}]}, {"source": 72, "prod": 0.17514203837339204, "target": 28, "value": 0.0031626887351841357, "supply": [{"l": "Potash", "v": 3.4069373597923358e-05}, {"l": "Phosphate", "v": 0.0033666666693600001}, {"l": "Nitrogen", "v": 0.71554166723909984}]}, {"source": 72, "prod": 0.042034089209614094, "target": 30, "value": 0.00075904529644419251, "supply": [{"l": "Potash", "v": 3.4069373597923358e-05}, {"l": "Phosphate", "v": 0.0033666666693600001}, {"l": "Nitrogen", "v": 0.71554166723909984}]}, {"source": 72, "prod": 0.049039770744549772, "target": 33, "value": 0.00088555284585155791, "supply": [{"l": "Potash", "v": 3.4069373597923358e-05}, {"l": "Phosphate", "v": 0.0033666666693600001}, {"l": "Nitrogen", "v": 0.71554166723909984}]}, {"source": 72, "prod": 0.60599145277193645, "target": 34, "value": 0.01094290302373711, "supply": [{"l": "Potash", "v": 3.4069373597923358e-05}, {"l": "Phosphate", "v": 0.0033666666693600001}, {"l": "Nitrogen", "v": 0.71554166723909984}]}, {"source": 72, "prod": 0.22418180911794183, "target": 37, "value": 0.0040482415810356937, "supply": [{"l": "Potash", "v": 3.4069373597923358e-05}, {"l": "Phosphate", "v": 0.0033666666693600001}, {"l": "Nitrogen", "v": 0.71554166723909984}]}, {"source": 72, "prod": 13.874752279940118, "target": 4, "value": 0.25054820160128721, "supply": [{"l": "Potash", "v": 3.4069373597923358e-05}, {"l": "Phosphate", "v": 0.0033666666693600001}, {"l": "Nitrogen", "v": 0.71554166723909984}]}, {"source": 72, "prod": 4.868948666780299, "target": 31, "value": 0.087922746838118973, "supply": [{"l": "Potash", "v": 3.4069373597923358e-05}, {"l": "Phosphate", "v": 0.0033666666693600001}, {"l": "Nitrogen", "v": 0.71554166723909984}]}, {"source": 72, "prod": 0.014011363069871365, "target": 54, "value": 0.00025301509881473086, "supply": [{"l": "Potash", "v": 3.4069373597923358e-05}, {"l": "Phosphate", "v": 0.0033666666693600001}, {"l": "Nitrogen", "v": 0.71554166723909984}]}, {"source": 72, "prod": 0.49039770744549777, "target": 41, "value": 0.0088555284585155793, "supply": [{"l": "Potash", "v": 3.4069373597923358e-05}, {"l": "Phosphate", "v": 0.0033666666693600001}, {"l": "Nitrogen", "v": 0.71554166723909984}]}, {"source": 72, "prod": 2.5780908048563309, "target": 45, "value": 0.046554778181910478, "supply": [{"l": "Potash", "v": 3.4069373597923358e-05}, {"l": "Phosphate", "v": 0.0033666666693600001}, {"l": "Nitrogen", "v": 0.71554166723909984}]}, {"source": 72, "prod": 0.098079541489099545, "target": 48, "value": 0.0017711056917031158, "supply": [{"l": "Potash", "v": 3.4069373597923358e-05}, {"l": "Phosphate", "v": 0.0033666666693600001}, {"l": "Nitrogen", "v": 0.71554166723909984}]}, {"source": 72, "prod": 0.23469033142034534, "target": 50, "value": 0.0042380029051467417, "supply": [{"l": "Potash", "v": 3.4069373597923358e-05}, {"l": "Phosphate", "v": 0.0033666666693600001}, {"l": "Nitrogen", "v": 0.71554166723909984}]}, {"source": 72, "prod": 0.19966192374566691, "target": 53, "value": 0.0036054651581099145, "supply": [{"l": "Potash", "v": 3.4069373597923358e-05}, {"l": "Phosphate", "v": 0.0033666666693600001}, {"l": "Nitrogen", "v": 0.71554166723909984}]}, {"source": 72, "prod": 1.1209090455897091, "target": 55, "value": 0.020241207905178468, "supply": [{"l": "Potash", "v": 3.4069373597923358e-05}, {"l": "Phosphate", "v": 0.0033666666693600001}, {"l": "Nitrogen", "v": 0.71554166723909984}]}, {"source": 70, "prod": 0, "target": 72, "value": 0.84712444809494114, "supply": [{"l": "Natural gas (including LNG)", "v": 0.57629707222415094}, {"l": "Fuel oil", "v": 0.14434022640519381}, {"l": "Liquefied petroleum gas (LPG)", "v": 0.063243574732798236}, {"l": "Coal", "v": 0.063243574732798236}]}, {"source": 73, "prod": 0, "target": 2, "value": 0.0044155885173947432, "supply": "[{\"l\":'Labor',\"v\":0.0044155885173947432}]"}, {"source": 73, "prod": 0, "target": 6, "value": 0.078499351420350985, "supply": "[{\"l\":'Labor',\"v\":0.078499351420350985}]"}, {"source": 73, "prod": 0, "target": 7, "value": 0.035692673848940842, "supply": "[{\"l\":'Labor',\"v\":0.035692673848940842}]"}, {"source": 73, "prod": 0, "target": 58, "value": 0.00024531047318859686, "supply": "[{\"l\":'Labor',\"v\":0.00024531047318859686}]"}, {"source": 73, "prod": 0, "target": 14, "value": 0.0011038971293486858, "supply": "[{\"l\":'Labor',\"v\":0.0011038971293486858}]"}, {"source": 73, "prod": 0, "target": 16, "value": 0.025757599684802669, "supply": "[{\"l\":'Labor',\"v\":0.025757599684802669}]"}, {"source": 73, "prod": 0, "target": 18, "value": 0.0013492076025372827, "supply": "[{\"l\":'Labor',\"v\":0.0013492076025372827}]"}, {"source": 73, "prod": 0, "target": 3, "value": 0.04280667757141015, "supply": "[{\"l\":'Labor',\"v\":0.04280667757141015}]"}, {"source": 73, "prod": 0, "target": 20, "value": 0.11382405955950892, "supply": "[{\"l\":'Labor',\"v\":0.11382405955950892}]"}, {"source": 73, "prod": 0, "target": 21, "value": 0.045627748013079006, "supply": "[{\"l\":'Labor',\"v\":0.045627748013079006}]"}, {"source": 73, "prod": 0, "target": 23, "value": 0.00012265523659429843, "supply": "[{\"l\":'Labor',\"v\":0.00012265523659429843}]"}, {"source": 73, "prod": 0, "target": 24, "value": 0.055440166940622884, "supply": "[{\"l\":'Labor',\"v\":0.055440166940622884}]"}, {"source": 73, "prod": 0, "target": 25, "value": 0.014595973154721512, "supply": "[{\"l\":'Labor',\"v\":0.014595973154721512}]"}, {"source": 73, "prod": 0, "target": 31, "value": 0.1704907788660748, "supply": "[{\"l\":'Labor',\"v\":0.1704907788660748}]"}, {"source": 73, "prod": 0, "target": 27, "value": 0.017417043596390375, "supply": "[{\"l\":'Labor',\"v\":0.017417043596390375}]"}, {"source": 73, "prod": 0, "target": 56, "value": 0.084509458013471608, "supply": "[{\"l\":'Labor',\"v\":0.084509458013471608}]"}, {"source": 73, "prod": 0, "target": 28, "value": 0.0061327618297149205, "supply": "[{\"l\":'Labor',\"v\":0.0061327618297149205}]"}, {"source": 73, "prod": 0, "target": 30, "value": 0.0014718628391315811, "supply": "[{\"l\":'Labor',\"v\":0.0014718628391315811}]"}, {"source": 73, "prod": 0, "target": 33, "value": 0.0017171733123201778, "supply": "[{\"l\":'Labor',\"v\":0.0017171733123201778}]"}, {"source": 73, "prod": 0, "target": 12, "value": 0.00024531047318859686, "supply": "[{\"l\":'Labor',\"v\":0.00024531047318859686}]"}, {"source": 73, "prod": 0, "target": 37, "value": 0.0078499351420350996, "supply": "[{\"l\":'Labor',\"v\":0.0078499351420350996}]"}, {"source": 73, "prod": 0, "target": 4, "value": 0.48583739215001603, "supply": "[{\"l\":'Labor',\"v\":0.48583739215001603}]"}, {"source": 73, "prod": 0, "target": 41, "value": 0.01717173312320178, "supply": "[{\"l\":'Labor',\"v\":0.01717173312320178}]"}, {"source": 73, "prod": 0, "target": 43, "value": 0.00012265523659429843, "supply": "[{\"l\":'Labor',\"v\":0.00012265523659429843}]"}, {"source": 73, "prod": 0, "target": 45, "value": 0.090274254133403634, "supply": "[{\"l\":'Labor',\"v\":0.090274254133403634}]"}, {"source": 73, "prod": 0, "target": 48, "value": 0.0034343466246403555, "supply": "[{\"l\":'Labor',\"v\":0.0034343466246403555}]"}, {"source": 73, "prod": 0, "target": 49, "value": 0.010548350347109664, "supply": "[{\"l\":'Labor',\"v\":0.010548350347109664}]"}, {"source": 73, "prod": 0, "target": 50, "value": 0.0082179008518179948, "supply": "[{\"l\":'Labor',\"v\":0.0082179008518179948}]"}, {"source": 73, "prod": 0, "target": 51, "value": 0.0012265523659429841, "supply": "[{\"l\":'Labor',\"v\":0.0012265523659429841}]"}, {"source": 73, "prod": 0, "target": 55, "value": 0.039249675710175493, "supply": "[{\"l\":'Labor',\"v\":0.039249675710175493}]"}, {"source": 73, "prod": 0, "target": 53, "value": 0.0069913484858750092, "supply": "[{\"l\":'Labor',\"v\":0.0069913484858750092}]"}, {"source": 73, "prod": 0, "target": 54, "value": 0.00049062094637719372, "supply": "[{\"l\":'Labor',\"v\":0.00049062094637719372}]"}, {"source": 73, "prod": 0, "target": 34, "value": 0.021219355930813626, "supply": "[{\"l\":'Labor',\"v\":0.021219355930813626}]"}, {"source": 70, "prod": 0, "target": 64, "value": 0.44287169100873697, "supply": "[{\"l\":'Fossil Fuels',\"v\":0.44287169100873697}]"}, {"source": 71, "prod": 0, "target": 64, "value": 1.841440535181472, "supply": "[{\"l\":'Renewables & Nuclear',\"v\":0.0094217327901978173},{\"l\":'Biomass & Waste',\"v\":1.8320188023912742}]"}]}