{"nodes": [{"layer": 3, "name": "Maize"}, {"layer": 5, "name": "Production", "fill": "#b5cf6b"}, {"layer": 3, "name": "Fruits, Other"}, {"layer": 3, "name": "Yams"}, {"layer": 3, "name": "Rice"}, {"layer": 3, "name": "Tomatoes"}, {"layer": 3, "name": "Wheat"}, {"layer": 3, "name": "Vegetables, Other"}, {"layer": 3, "name": "Sesame seed"}, {"layer": 3, "name": "Groundnuts"}, {"layer": 3, "name": "Oilcrops, Other"}, {"layer": 3, "name": "Sugar cane"}, {"layer": 3, "name": "Dates"}, {"layer": 3, "name": "Cottonseed"}, {"layer": 3, "name": "Potatoes"}, {"layer": 3, "name": "Pimento"}, {"layer": 3, "name": "Grapefruit"}, {"layer": 3, "name": "Pineapples"}, {"layer": 3, "name": "Beans"}, {"layer": 3, "name": "Pulses, Other"}, {"layer": 3, "name": "Lemons, Limes"}, {"layer": 3, "name": "Sorghum"}, {"layer": 3, "name": "Bananas"}, {"layer": 3, "name": "Millet"}, {"layer": 3, "name": "Sweet potatoes"}, {"layer": 3, "name": "Oranges, Mandarines"}, {"layer": 3, "name": "Onions"}, {"layer": 3, "name": "Cassava"}, {"layer": 1, "name": "Electricity", "fill": "#bcbd22"}, {"layer": 0, "name": "Fossil Fuels", "fill": "#c49c94"}, {"layer": 0, "name": "Renewables & Nuclear", "fill": "#2ca02c"}, {"layer": 1, "name": "Fertilizers", "fill": "#c5b0d5"}, {"layer": 0, "name": "Labor", "fill": "#7f7f7f"}], "links": [{"source": 0, "prod": 16.0, "target": 1, "value": 0.058217371317257148, "supply": [{"l": "Maize", "v": 0.058217371317257148}]}, {"source": 2, "prod": 318.0, "target": 1, "value": 0.17157032249858925, "supply": [{"l": "Fruits, Other", "v": 0.17157032249858925}]}, {"source": 3, "prod": 135.0, "target": 1, "value": 0.15544590838270797, "supply": [{"l": "Yams", "v": 0.15544590838270797}]}, {"source": 4, "prod": 1.0, "target": 1, "value": 0.0040817467870673078, "supply": [{"l": "Rice", "v": 0.0040817467870673078}]}, {"source": 5, "prod": 105.0, "target": 1, "value": 0.020991840619203297, "supply": [{"l": "Tomatoes", "v": 0.020991840619203297}]}, {"source": 6, "prod": 88.0, "target": 1, "value": 0.31605391203351907, "supply": [{"l": "Wheat", "v": 0.31605391203351907}]}, {"source": 7, "prod": 467.0, "target": 1, "value": 0.11718076235128114, "supply": [{"l": "Vegetables, Other", "v": 0.11718076235128114}]}, {"source": 8, "prod": 154.0, "target": 1, "value": 1.1037043312229999, "supply": [{"l": "Sesame seed", "v": 1.1037043312229999}]}, {"source": 9, "prod": 183.0, "target": 1, "value": 1.1669241072108476, "supply": [{"l": "Groundnuts", "v": 1.1669241072108476}]}, {"source": 10, "prod": 46.0, "target": 1, "value": 0.23631494010017198, "supply": [{"l": "Oilcrops, Other", "v": 0.23631494010017198}]}, {"source": 11, "prod": 967.0, "target": 1, "value": 0.35695053120155218, "supply": [{"l": "Sugar cane", "v": 0.35695053120155218}]}, {"source": 12, "prod": 70.0, "target": 1, "value": 0.12683281479814024, "supply": [{"l": "Dates", "v": 0.12683281479814024}]}, {"source": 13, "prod": 339.0, "target": 1, "value": 2.1616790838496032, "supply": [{"l": "Cottonseed", "v": 2.1616790838496032}]}, {"source": 14, "prod": 25.0, "target": 1, "value": 0.021084519827235096, "supply": [{"l": "Potatoes", "v": 0.021084519827235096}]}, {"source": 15, "prod": 6.0, "target": 1, "value": 0.018636658500951218, "supply": [{"l": "Pimento", "v": 0.018636658500951218}]}, {"source": 16, "prod": 44.0, "target": 1, "value": 0.013991066140539323, "supply": [{"l": "Grapefruit", "v": 0.013991066140539323}]}, {"source": 17, "prod": 2.0, "target": 1, "value": 0.0009457510058466966, "supply": [{"l": "Pineapples", "v": 0.0009457510058466966}]}, {"source": 18, "prod": 4.0, "target": 1, "value": 0.013584053307360001, "supply": [{"l": "Beans", "v": 0.013584053307360001}]}, {"source": 19, "prod": 75.0, "target": 1, "value": 0.29696700051678421, "supply": [{"l": "Pulses, Other", "v": 0.29696700051678421}]}, {"source": 20, "prod": 33.0, "target": 1, "value": 0.0070042774866075005, "supply": [{"l": "Lemons, Limes", "v": 0.0070042774866075005}]}, {"source": 21, "prod": 869.0, "target": 1, "value": 3.1192121357782954, "supply": [{"l": "Sorghum", "v": 3.1192121357782954}]}, {"source": 22, "prod": 66.0, "target": 1, "value": 0.049276324026384419, "supply": [{"l": "Bananas", "v": 0.049276324026384419}]}, {"source": 23, "prod": 266.0, "target": 1, "value": 1.0472182224600364, "supply": [{"l": "Millet", "v": 1.0472182224600364}]}, {"source": 24, "prod": 16.0, "target": 1, "value": 0.013861278885061223, "supply": [{"l": "Sweet potatoes", "v": 0.013861278885061223}]}, {"source": 25, "prod": 34.0, "target": 1, "value": 0.013811537453655504, "supply": [{"l": "Oranges, Mandarines", "v": 0.013811537453655504}]}, {"source": 26, "prod": 18.0, "target": 1, "value": 0.0069463908958090903, "supply": [{"l": "Onions", "v": 0.0069463908958090903}]}, {"source": 27, "prod": 140.0, "target": 1, "value": 0.1784890207933148, "supply": [{"l": "Cassava", "v": 0.1784890207933148}]}, {"source": 28, "prod": 0, "target": 0, "value": 0.00029366162280420162, "supply": "[{\"l\":'Energy for power irrigation',\"v\":0.00029366162280420162}]"}, {"source": 28, "prod": 0, "target": 2, "value": 0.0053782028633569496, "supply": "[{\"l\":'Energy for power irrigation',\"v\":0.0053782028633569496}]"}, {"source": 28, "prod": 0, "target": 3, "value": 0.0022737799937125325, "supply": "[{\"l\":'Energy for power irrigation',\"v\":0.0022737799937125325}]"}, {"source": 28, "prod": 0, "target": 16, "value": 0.00073834922305056404, "supply": "[{\"l\":'Energy for power irrigation',\"v\":0.00073834922305056404}]"}, {"source": 28, "prod": 0, "target": 4, "value": 6.7122656640960368e-05, "supply": "[{\"l\":'Energy for power irrigation',\"v\":6.7122656640960368e-05}]"}, {"source": 28, "prod": 0, "target": 5, "value": 0.0017619697368252097, "supply": "[{\"l\":'Energy for power irrigation',\"v\":0.0017619697368252097}]"}, {"source": 28, "prod": 0, "target": 6, "value": 0.0028023709147600956, "supply": "[{\"l\":'Energy for power irrigation',\"v\":0.0028023709147600956}]"}, {"source": 28, "prod": 0, "target": 7, "value": 0.0078785218232327228, "supply": "[{\"l\":'Energy for power irrigation',\"v\":0.0078785218232327228}]"}, {"source": 28, "prod": 0, "target": 8, "value": 0.002735248258119135, "supply": "[{\"l\":'Energy for power irrigation',\"v\":0.002735248258119135}]"}, {"source": 28, "prod": 0, "target": 9, "value": 0.0032386681829263378, "supply": "[{\"l\":'Energy for power irrigation',\"v\":0.0032386681829263378}]"}, {"source": 28, "prod": 0, "target": 10, "value": 0.00083064287593188457, "supply": "[{\"l\":'Energy for power irrigation',\"v\":0.00083064287593188457}]"}, {"source": 28, "prod": 0, "target": 12, "value": 0.0012333788157776466, "supply": "[{\"l\":'Energy for power irrigation',\"v\":0.0012333788157776466}]"}, {"source": 28, "prod": 0, "target": 13, "value": 0.0056886451503213907, "supply": "[{\"l\":'Energy for power irrigation',\"v\":0.0056886451503213907}]"}, {"source": 28, "prod": 0, "target": 14, "value": 0.00042790693608612233, "supply": "[{\"l\":'Energy for power irrigation',\"v\":0.00042790693608612233}]"}, {"source": 28, "prod": 0, "target": 15, "value": 0.00010068398496144056, "supply": "[{\"l\":'Energy for power irrigation',\"v\":0.00010068398496144056}]"}, {"source": 28, "prod": 0, "target": 18, "value": 6.7122656640960368e-05, "supply": "[{\"l\":'Energy for power irrigation',\"v\":6.7122656640960368e-05}]"}, {"source": 28, "prod": 0, "target": 19, "value": 0.0012921111403384872, "supply": "[{\"l\":'Energy for power irrigation',\"v\":0.0012921111403384872}]"}, {"source": 28, "prod": 0, "target": 20, "value": 0.00055376191728792308, "supply": "[{\"l\":'Energy for power irrigation',\"v\":0.00055376191728792308}]"}, {"source": 28, "prod": 0, "target": 21, "value": 0.018769172863228545, "supply": "[{\"l\":'Energy for power irrigation',\"v\":0.018769172863228545}]"}, {"source": 28, "prod": 0, "target": 11, "value": 0.01622690224295217, "supply": "[{\"l\":'Energy for power irrigation',\"v\":0.01622690224295217}]"}, {"source": 28, "prod": 0, "target": 17, "value": 3.3561328320480184e-05, "supply": "[{\"l\":'Energy for power irrigation',\"v\":3.3561328320480184e-05}]"}, {"source": 28, "prod": 0, "target": 22, "value": 0.0011075238345758462, "supply": "[{\"l\":'Energy for power irrigation',\"v\":0.0011075238345758462}]"}, {"source": 28, "prod": 0, "target": 23, "value": 0.0044636566666238645, "supply": "[{\"l\":'Energy for power irrigation',\"v\":0.0044636566666238645}]"}, {"source": 28, "prod": 0, "target": 24, "value": 0.00027688095864396154, "supply": "[{\"l\":'Energy for power irrigation',\"v\":0.00027688095864396154}]"}, {"source": 28, "prod": 0, "target": 25, "value": 0.00057054258144816311, "supply": "[{\"l\":'Energy for power irrigation',\"v\":0.00057054258144816311}]"}, {"source": 28, "prod": 0, "target": 26, "value": 0.00030205195488432164, "supply": "[{\"l\":'Energy for power irrigation',\"v\":0.00030205195488432164}]"}, {"source": 28, "prod": 0, "target": 27, "value": 0.002349292982433613, "supply": "[{\"l\":'Energy for power irrigation',\"v\":0.002349292982433613}]"}, {"source": 29, "prod": 0, "target": 28, "value": 0.083029672225861204, "supply": [{"l": "Coal", "v": 0.0}, {"l": "Natural gas", "v": 0.0}, {"l": "Oil", "v": 0.083029672225861204}]}, {"source": 30, "prod": 0, "target": 28, "value": 0.050195730010782348, "supply": [{"l": "Nuclear", "v": 0.0}, {"l": "Hydroelectric", "v": 0.050195730010782348}, {"l": "Renewable", "v": 0.0}]}, {"source": 29, "prod": 0, "target": 0, "value": 0.0052790179886450777, "supply": [{"l": "Motor Gasoline", "v": 4.4205526510212444e-05}, {"l": "Gas-Diesel oil", "v": 0.0052348124621348652}]}, {"source": 29, "prod": 0, "target": 2, "value": 0.096681443734899855, "supply": [{"l": "Motor Gasoline", "v": 0.00080959264265846229}, {"l": "Gas-Diesel oil", "v": 0.095871851092241403}]}, {"source": 29, "prod": 0, "target": 3, "value": 0.040874682140651888, "supply": [{"l": "Motor Gasoline", "v": 0.00034227707669335928}, {"l": "Gas-Diesel oil", "v": 0.040532405063958533}]}, {"source": 29, "prod": 0, "target": 16, "value": 0.013272959514307623, "supply": [{"l": "Motor Gasoline", "v": 0.00011114532379710558}, {"l": "Gas-Diesel oil", "v": 0.013161814190510518}]}, {"source": 29, "prod": 0, "target": 4, "value": 0.0012066326831188749, "supply": [{"l": "Motor Gasoline", "v": 1.0104120345191417e-05}, {"l": "Gas-Diesel oil", "v": 0.0011965285627736836}]}, {"source": 29, "prod": 0, "target": 5, "value": 0.03167410793187047, "supply": [{"l": "Motor Gasoline", "v": 0.0002652331590612747}, {"l": "Gas-Diesel oil", "v": 0.031408874772809195}]}, {"source": 29, "prod": 0, "target": 6, "value": 0.050376914520213034, "supply": [{"l": "Motor Gasoline", "v": 0.00042184702441174171}, {"l": "Gas-Diesel oil", "v": 0.049955067495801295}]}, {"source": 29, "prod": 0, "target": 7, "value": 0.14162851118107794, "supply": [{"l": "Motor Gasoline", "v": 0.0011859711255168424}, {"l": "Gas-Diesel oil", "v": 0.14044254005556112}]}, {"source": 29, "prod": 0, "target": 8, "value": 0.049170281837094154, "supply": [{"l": "Motor Gasoline", "v": 0.00041174290406655024}, {"l": "Gas-Diesel oil", "v": 0.048758538933027604}]}, {"source": 29, "prod": 0, "target": 9, "value": 0.05822002696048572, "supply": [{"l": "Motor Gasoline", "v": 0.00048752380665548591}, {"l": "Gas-Diesel oil", "v": 0.057732503153830238}]}, {"source": 29, "prod": 0, "target": 10, "value": 0.014932079453596078, "supply": [{"l": "Motor Gasoline", "v": 0.00012503848927174378}, {"l": "Gas-Diesel oil", "v": 0.014807040964324334}]}, {"source": 29, "prod": 0, "target": 12, "value": 0.022171875552309327, "supply": [{"l": "Motor Gasoline", "v": 0.00018566321134289227}, {"l": "Gas-Diesel oil", "v": 0.021986212340966434}]}, {"source": 29, "prod": 0, "target": 13, "value": 0.10226211989432464, "supply": [{"l": "Motor Gasoline", "v": 0.00085632419925497254}, {"l": "Gas-Diesel oil", "v": 0.10140579569506968}]}, {"source": 29, "prod": 0, "target": 14, "value": 0.0076922833548828274, "supply": [{"l": "Motor Gasoline", "v": 6.4413767200595284e-05}, {"l": "Gas-Diesel oil", "v": 0.0076278695876822325}]}, {"source": 29, "prod": 0, "target": 15, "value": 0.0018099490246783125, "supply": [{"l": "Motor Gasoline", "v": 1.5156180517787125e-05}, {"l": "Gas-Diesel oil", "v": 0.0017947928441605255}]}, {"source": 29, "prod": 0, "target": 18, "value": 0.0012066326831188749, "supply": [{"l": "Motor Gasoline", "v": 1.0104120345191417e-05}, {"l": "Gas-Diesel oil", "v": 0.0011965285627736836}]}, {"source": 29, "prod": 0, "target": 19, "value": 0.023227679150038344, "supply": [{"l": "Motor Gasoline", "v": 0.00019450431664493479}, {"l": "Gas-Diesel oil", "v": 0.02303317483339341}]}, {"source": 29, "prod": 0, "target": 20, "value": 0.0099547196357307188, "supply": [{"l": "Motor Gasoline", "v": 8.3358992847829189e-05}, {"l": "Gas-Diesel oil", "v": 0.0098713606428828902}]}, {"source": 29, "prod": 0, "target": 21, "value": 0.33740466401711544, "supply": [{"l": "Motor Gasoline", "v": 0.0028253646515241501}, {"l": "Gas-Diesel oil", "v": 0.33457929936559128}]}, {"source": 29, "prod": 0, "target": 11, "value": 0.29170345114398799, "supply": [{"l": "Motor Gasoline", "v": 0.0024426710934500251}, {"l": "Gas-Diesel oil", "v": 0.28926078005053801}]}, {"source": 29, "prod": 0, "target": 17, "value": 0.00060331634155943743, "supply": [{"l": "Motor Gasoline", "v": 5.0520601725957084e-06}, {"l": "Gas-Diesel oil", "v": 0.00059826428138684182}]}, {"source": 29, "prod": 0, "target": 22, "value": 0.019909439271461438, "supply": [{"l": "Motor Gasoline", "v": 0.00016671798569565838}, {"l": "Gas-Diesel oil", "v": 0.01974272128576578}]}, {"source": 29, "prod": 0, "target": 23, "value": 0.080241073427405191, "supply": [{"l": "Motor Gasoline", "v": 0.00067192400295522923}, {"l": "Gas-Diesel oil", "v": 0.079569149424449967}]}, {"source": 29, "prod": 0, "target": 24, "value": 0.0049773598178653594, "supply": [{"l": "Motor Gasoline", "v": 4.1679496423914595e-05}, {"l": "Gas-Diesel oil", "v": 0.0049356803214414451}]}, {"source": 29, "prod": 0, "target": 25, "value": 0.010256377806510437, "supply": [{"l": "Motor Gasoline", "v": 8.5885022934127045e-05}, {"l": "Gas-Diesel oil", "v": 0.010170492783576311}]}, {"source": 29, "prod": 0, "target": 26, "value": 0.0054298470740349368, "supply": [{"l": "Motor Gasoline", "v": 4.5468541553361372e-05}, {"l": "Gas-Diesel oil", "v": 0.0053843785324815758}]}, {"source": 29, "prod": 0, "target": 27, "value": 0.042232143909160622, "supply": [{"l": "Motor Gasoline", "v": 0.00035364421208169955}, {"l": "Gas-Diesel oil", "v": 0.041878499697078922}]}, {"source": 31, "prod": 0.15200507483447859, "target": 0, "value": 0.0027728470505024231, "supply": [{"l": "Potash", "v": 3.5560707621773885e-05}, {"l": "Phosphate", "v": 0.0012625000010099998}, {"l": "Nitrogen", "v": 0.77058333394979994}]}, {"source": 31, "prod": 2.7838643705400226, "target": 2, "value": 0.050782713124915814, "supply": [{"l": "Potash", "v": 3.5560707621773885e-05}, {"l": "Phosphate", "v": 0.0012625000010099998}, {"l": "Nitrogen", "v": 0.77058333394979994}]}, {"source": 31, "prod": 1.1769535794326771, "target": 3, "value": 0.021469758591033051, "supply": [{"l": "Potash", "v": 3.5560707621773885e-05}, {"l": "Phosphate", "v": 0.0012625000010099998}, {"l": "Nitrogen", "v": 0.77058333394979994}]}, {"source": 31, "prod": 0.38218418815526045, "target": 16, "value": 0.006971729726977521, "supply": [{"l": "Potash", "v": 3.5560707621773885e-05}, {"l": "Phosphate", "v": 0.0012625000010099998}, {"l": "Nitrogen", "v": 0.77058333394979994}]}, {"source": 31, "prod": 0.034744017105023679, "target": 4, "value": 0.00063379361154341108, "supply": [{"l": "Potash", "v": 3.5560707621773885e-05}, {"l": "Phosphate", "v": 0.0012625000010099998}, {"l": "Nitrogen", "v": 0.77058333394979994}]}, {"source": 31, "prod": 0.91203044900687158, "target": 5, "value": 0.016637082303014541, "supply": [{"l": "Potash", "v": 3.5560707621773885e-05}, {"l": "Phosphate", "v": 0.0012625000010099998}, {"l": "Nitrogen", "v": 0.77058333394979994}]}, {"source": 31, "prod": 1.4505627141347388, "target": 6, "value": 0.026460883281937415, "supply": [{"l": "Potash", "v": 3.5560707621773885e-05}, {"l": "Phosphate", "v": 0.0012625000010099998}, {"l": "Nitrogen", "v": 0.77058333394979994}]}, {"source": 31, "prod": 4.0780790077021543, "target": 7, "value": 0.074391525154907864, "supply": [{"l": "Potash", "v": 3.5560707621773885e-05}, {"l": "Phosphate", "v": 0.0012625000010099998}, {"l": "Nitrogen", "v": 0.77058333394979994}]}, {"source": 31, "prod": 1.4158186970297149, "target": 8, "value": 0.025827089670393998, "supply": [{"l": "Potash", "v": 3.5560707621773885e-05}, {"l": "Phosphate", "v": 0.0012625000010099998}, {"l": "Nitrogen", "v": 0.77058333394979994}]}, {"source": 31, "prod": 1.6763988253173927, "target": 9, "value": 0.030580541756969587, "supply": [{"l": "Potash", "v": 3.5560707621773885e-05}, {"l": "Phosphate", "v": 0.0012625000010099998}, {"l": "Nitrogen", "v": 0.77058333394979994}]}, {"source": 31, "prod": 0.42995721167466805, "target": 10, "value": 0.0078431959428497122, "supply": [{"l": "Potash", "v": 3.5560707621773885e-05}, {"l": "Phosphate", "v": 0.0012625000010099998}, {"l": "Nitrogen", "v": 0.77058333394979994}]}, {"source": 31, "prod": 0.63842131430481008, "target": 12, "value": 0.011645957612110179, "supply": [{"l": "Potash", "v": 3.5560707621773885e-05}, {"l": "Phosphate", "v": 0.0012625000010099998}, {"l": "Nitrogen", "v": 0.77058333394979994}]}, {"source": 31, "prod": 2.9445554496507569, "target": 13, "value": 0.053714008578304086, "supply": [{"l": "Potash", "v": 3.5560707621773885e-05}, {"l": "Phosphate", "v": 0.0012625000010099998}, {"l": "Nitrogen", "v": 0.77058333394979994}]}, {"source": 31, "prod": 0.22149310904452596, "target": 14, "value": 0.0040404342735892457, "supply": [{"l": "Potash", "v": 3.5560707621773885e-05}, {"l": "Phosphate", "v": 0.0012625000010099998}, {"l": "Nitrogen", "v": 0.77058333394979994}]}, {"source": 31, "prod": 0.052116025657535522, "target": 15, "value": 0.00095069041731511662, "supply": [{"l": "Potash", "v": 3.5560707621773885e-05}, {"l": "Phosphate", "v": 0.0012625000010099998}, {"l": "Nitrogen", "v": 0.77058333394979994}]}, {"source": 31, "prod": 0.034744017105023679, "target": 18, "value": 0.00063379361154341108, "supply": [{"l": "Potash", "v": 3.5560707621773885e-05}, {"l": "Phosphate", "v": 0.0012625000010099998}, {"l": "Nitrogen", "v": 0.77058333394979994}]}, {"source": 31, "prod": 0.66882232927170593, "target": 19, "value": 0.012200527022210665, "supply": [{"l": "Potash", "v": 3.5560707621773885e-05}, {"l": "Phosphate", "v": 0.0012625000010099998}, {"l": "Nitrogen", "v": 0.77058333394979994}]}, {"source": 31, "prod": 0.28663814111644537, "target": 20, "value": 0.0052287972952331412, "supply": [{"l": "Potash", "v": 3.5560707621773885e-05}, {"l": "Phosphate", "v": 0.0012625000010099998}, {"l": "Nitrogen", "v": 0.77058333394979994}]}, {"source": 31, "prod": 9.7152957829922464, "target": 21, "value": 0.17722453862782633, "supply": [{"l": "Potash", "v": 3.5560707621773885e-05}, {"l": "Phosphate", "v": 0.0012625000010099998}, {"l": "Nitrogen", "v": 0.77058333394979994}]}, {"source": 31, "prod": 8.3993661351394735, "target": 11, "value": 0.15321960559061962, "supply": [{"l": "Potash", "v": 3.5560707621773885e-05}, {"l": "Phosphate", "v": 0.0012625000010099998}, {"l": "Nitrogen", "v": 0.77058333394979994}]}, {"source": 31, "prod": 0.01737200855251184, "target": 17, "value": 0.00031689680577170554, "supply": [{"l": "Potash", "v": 3.5560707621773885e-05}, {"l": "Phosphate", "v": 0.0012625000010099998}, {"l": "Nitrogen", "v": 0.77058333394979994}]}, {"source": 31, "prod": 0.57327628223289073, "target": 22, "value": 0.010457594590466282, "supply": [{"l": "Potash", "v": 3.5560707621773885e-05}, {"l": "Phosphate", "v": 0.0012625000010099998}, {"l": "Nitrogen", "v": 0.77058333394979994}]}, {"source": 31, "prod": 2.3104771374840749, "target": 23, "value": 0.04214727516763684, "supply": [{"l": "Potash", "v": 3.5560707621773885e-05}, {"l": "Phosphate", "v": 0.0012625000010099998}, {"l": "Nitrogen", "v": 0.77058333394979994}]}, {"source": 31, "prod": 0.14331907055822268, "target": 24, "value": 0.0026143986476165706, "supply": [{"l": "Potash", "v": 3.5560707621773885e-05}, {"l": "Phosphate", "v": 0.0012625000010099998}, {"l": "Nitrogen", "v": 0.77058333394979994}]}, {"source": 31, "prod": 0.2953241453927013, "target": 25, "value": 0.0053872456981189946, "supply": [{"l": "Potash", "v": 3.5560707621773885e-05}, {"l": "Phosphate", "v": 0.0012625000010099998}, {"l": "Nitrogen", "v": 0.77058333394979994}]}, {"source": 31, "prod": 0.15634807697260655, "target": 26, "value": 0.0028520712519453499, "supply": [{"l": "Potash", "v": 3.5560707621773885e-05}, {"l": "Phosphate", "v": 0.0012625000010099998}, {"l": "Nitrogen", "v": 0.77058333394979994}]}, {"source": 31, "prod": 1.2160405986758287, "target": 27, "value": 0.022182776404019385, "supply": [{"l": "Potash", "v": 3.5560707621773885e-05}, {"l": "Phosphate", "v": 0.0012625000010099998}, {"l": "Nitrogen", "v": 0.77058333394979994}]}, {"source": 29, "prod": 0, "target": 31, "value": 0.9096172949797906, "supply": [{"l": "Natural gas (including LNG)", "v": 0.61862531452909519}, {"l": "Fuel oil", "v": 0.15477505025697613}, {"l": "Liquefied petroleum gas (LPG)", "v": 0.068108465096859652}, {"l": "Coal", "v": 0.068108465096859652}]}, {"source": 32, "prod": 0, "target": 0, "value": 0.0052917367732979717, "supply": "[{\"l\":'Labor',\"v\":0.0052917367732979717}]"}, {"source": 32, "prod": 0, "target": 2, "value": 0.096914379190971442, "supply": "[{\"l\":'Labor',\"v\":0.096914379190971442}]"}, {"source": 32, "prod": 0, "target": 3, "value": 0.040973161873250015, "supply": "[{\"l\":'Labor',\"v\":0.040973161873250015}]"}, {"source": 32, "prod": 0, "target": 16, "value": 0.013304938172863472, "supply": "[{\"l\":'Labor',\"v\":0.013304938172863472}]"}, {"source": 32, "prod": 0, "target": 4, "value": 0.0012095398338966793, "supply": "[{\"l\":'Labor',\"v\":0.0012095398338966793}]"}, {"source": 32, "prod": 0, "target": 5, "value": 0.031750420639787828, "supply": "[{\"l\":'Labor',\"v\":0.031750420639787828}]"}, {"source": 32, "prod": 0, "target": 6, "value": 0.050498288065186366, "supply": "[{\"l\":'Labor',\"v\":0.050498288065186366}]"}, {"source": 32, "prod": 0, "target": 7, "value": 0.14196973800362273, "supply": "[{\"l\":'Labor',\"v\":0.14196973800362273}]"}, {"source": 32, "prod": 0, "target": 8, "value": 0.049288748231289682, "supply": "[{\"l\":'Labor',\"v\":0.049288748231289682}]"}, {"source": 32, "prod": 0, "target": 9, "value": 0.05836029698551478, "supply": "[{\"l\":'Labor',\"v\":0.05836029698551478}]"}, {"source": 32, "prod": 0, "target": 10, "value": 0.014968055444471407, "supply": "[{\"l\":'Labor',\"v\":0.014968055444471407}]"}, {"source": 32, "prod": 0, "target": 12, "value": 0.022225294447851481, "supply": "[{\"l\":'Labor',\"v\":0.022225294447851481}]"}, {"source": 32, "prod": 0, "target": 13, "value": 0.10250850092274356, "supply": "[{\"l\":'Labor',\"v\":0.10250850092274356}]"}, {"source": 32, "prod": 0, "target": 14, "value": 0.0077108164410913307, "supply": "[{\"l\":'Labor',\"v\":0.0077108164410913307}]"}, {"source": 32, "prod": 0, "target": 15, "value": 0.001814309750845019, "supply": "[{\"l\":'Labor',\"v\":0.001814309750845019}]"}, {"source": 32, "prod": 0, "target": 18, "value": 0.0012095398338966793, "supply": "[{\"l\":'Labor',\"v\":0.0012095398338966793}]"}, {"source": 32, "prod": 0, "target": 19, "value": 0.023283641802511079, "supply": "[{\"l\":'Labor',\"v\":0.023283641802511079}]"}, {"source": 32, "prod": 0, "target": 20, "value": 0.0099787036296476051, "supply": "[{\"l\":'Labor',\"v\":0.0099787036296476051}]"}, {"source": 32, "prod": 0, "target": 21, "value": 0.33821757605335895, "supply": "[{\"l\":'Labor',\"v\":0.33821757605335895}]"}, {"source": 32, "prod": 0, "target": 11, "value": 0.29240625484452221, "supply": "[{\"l\":'Labor',\"v\":0.29240625484452221}]"}, {"source": 32, "prod": 0, "target": 17, "value": 0.00060476991694833964, "supply": "[{\"l\":'Labor',\"v\":0.00060476991694833964}]"}, {"source": 32, "prod": 0, "target": 22, "value": 0.01995740725929521, "supply": "[{\"l\":'Labor',\"v\":0.01995740725929521}]"}, {"source": 32, "prod": 0, "target": 23, "value": 0.080434398954129183, "supply": "[{\"l\":'Labor',\"v\":0.080434398954129183}]"}, {"source": 32, "prod": 0, "target": 24, "value": 0.0049893518148238026, "supply": "[{\"l\":'Labor',\"v\":0.0049893518148238026}]"}, {"source": 32, "prod": 0, "target": 25, "value": 0.010281088588121774, "supply": "[{\"l\":'Labor',\"v\":0.010281088588121774}]"}, {"source": 32, "prod": 0, "target": 26, "value": 0.0054429292525350571, "supply": "[{\"l\":'Labor',\"v\":0.0054429292525350571}]"}, {"source": 32, "prod": 0, "target": 27, "value": 0.042333894186383773, "supply": "[{\"l\":'Labor',\"v\":0.042333894186383773}]"}]}