{"nodes": [{"name": "Balance", "fill": "#9edae5"}, {"name": "Food", "fill": "#b5cf6b"}, {"name": "Stock Deposit", "fill": "#c7c7c7"}, {"name": "Export", "fill": "#aec7e8"}, {"name": "Biofuels & Other", "fill": "#e7ba52"}, {"name": "Renewables & Nuclear", "fill": "#2ca02c"}, {"name": "Fossil Fuels", "fill": "#c49c94"}, {"name": "Stock Draw", "fill": "#c7c7c7"}, {"name": "Labor", "fill": "#7f7f7f"}], "links": [{"source": 0, "target": 1, "value": 19.208302465918408}, {"source": 0, "target": 2, "value": 0.62716473873303835}, {"source": 0, "target": 3, "value": 1.3364853843992504}, {"source": 0, "target": 4, "value": 0.31006165866689372}, {"source": 5, "target": 0, "value": 2.8204705882675403}, {"source": 6, "target": 0, "value": 2.9225554665717355}, {"source": 7, "target": 0, "value": 1.3726625580958824}, {"source": 8, "target": 0, "value": 2.7041209422099546}]}