{"nodes": [{"layer": 3, "name": "Maize"}, {"layer": 5, "name": "Production", "fill": "#b5cf6b"}, {"layer": 3, "name": "Fruits, Other"}, {"layer": 3, "name": "Yams"}, {"layer": 3, "name": "Tomatoes"}, {"layer": 3, "name": "Wheat"}, {"layer": 3, "name": "Vegetables, Other"}, {"layer": 3, "name": "Sesame seed"}, {"layer": 3, "name": "Groundnuts"}, {"layer": 3, "name": "Oilcrops, Other"}, {"layer": 3, "name": "Sugar cane"}, {"layer": 3, "name": "Dates"}, {"layer": 3, "name": "Cottonseed"}, {"layer": 3, "name": "Potatoes"}, {"layer": 3, "name": "Pimento"}, {"layer": 3, "name": "Grapefruit"}, {"layer": 3, "name": "Pineapples"}, {"layer": 3, "name": "Beans"}, {"layer": 3, "name": "Pulses, Other"}, {"layer": 3, "name": "Lemons, Limes"}, {"layer": 3, "name": "Sorghum"}, {"layer": 3, "name": "Bananas"}, {"layer": 3, "name": "Millet"}, {"layer": 3, "name": "Sweet potatoes"}, {"layer": 3, "name": "Oranges, Mandarines"}, {"layer": 3, "name": "Onions"}, {"layer": 3, "name": "Cassava"}, {"layer": 1, "name": "Electricity", "fill": "#bcbd22"}, {"layer": 0, "name": "Fossil Fuels", "fill": "#c49c94"}, {"layer": 0, "name": "Renewables & Nuclear", "fill": "#2ca02c"}, {"layer": 1, "name": "Fertilizers", "fill": "#c5b0d5"}, {"layer": 0, "name": "Labor", "fill": "#7f7f7f"}], "links": [{"source": 0, "prod": 11.0, "target": 1, "value": 0.043640358172009348, "supply": [{"l": "Maize", "v": 0.043640358172009348}]}, {"source": 2, "prod": 315.0, "target": 1, "value": 0.16984214183451146, "supply": [{"l": "Fruits, Other", "v": 0.16984214183451146}]}, {"source": 3, "prod": 150.0, "target": 1, "value": 0.17579056714854296, "supply": [{"l": "Yams", "v": 0.17579056714854296}]}, {"source": 4, "prod": 105.0, "target": 1, "value": 0.019987746598553811, "supply": [{"l": "Tomatoes", "v": 0.019987746598553811}]}, {"source": 5, "prod": 69.0, "target": 1, "value": 0.24806383991657008, "supply": [{"l": "Wheat", "v": 0.24806383991657008}]}, {"source": 6, "prod": 450.0, "target": 1, "value": 0.11799806085880232, "supply": [{"l": "Vegetables, Other", "v": 0.11799806085880232}]}, {"source": 7, "prod": 133.0, "target": 1, "value": 0.91409358714110001, "supply": [{"l": "Sesame seed", "v": 0.91409358714110001}]}, {"source": 8, "prod": 241.0, "target": 1, "value": 1.5435476362299525, "supply": [{"l": "Groundnuts", "v": 1.5435476362299525}]}, {"source": 9, "prod": 59.0, "target": 1, "value": 0.29693235080682212, "supply": [{"l": "Oilcrops, Other", "v": 0.29693235080682212}]}, {"source": 10, "prod": 276.0, "target": 1, "value": 0.11374996094755339, "supply": [{"l": "Sugar cane", "v": 0.11374996094755339}]}, {"source": 11, "prod": 65.0, "target": 1, "value": 0.12049173921648471, "supply": [{"l": "Dates", "v": 0.12049173921648471}]}, {"source": 12, "prod": 289.0, "target": 1, "value": 1.8509762110807315, "supply": [{"l": "Cottonseed", "v": 1.8509762110807315}]}, {"source": 13, "prod": 25.0, "target": 1, "value": 0.019774922322437889, "supply": [{"l": "Potatoes", "v": 0.019774922322437889}]}, {"source": 14, "prod": 6.0, "target": 1, "value": 0.018636658500951218, "supply": [{"l": "Pimento", "v": 0.018636658500951218}]}, {"source": 15, "prod": 42.0, "target": 1, "value": 0.013305276093962686, "supply": [{"l": "Grapefruit", "v": 0.013305276093962686}]}, {"source": 16, "prod": 2.0, "target": 1, "value": 0.00094346870346352846, "supply": [{"l": "Pineapples", "v": 0.00094346870346352846}]}, {"source": 17, "prod": 11.0, "target": 1, "value": 0.045398094820604175, "supply": [{"l": "Beans", "v": 0.045398094820604175}]}, {"source": 18, "prod": 90.0, "target": 1, "value": 0.35309750394593342, "supply": [{"l": "Pulses, Other", "v": 0.35309750394593342}]}, {"source": 19, "prod": 31.0, "target": 1, "value": 0.0066462382027803026, "supply": [{"l": "Lemons, Limes", "v": 0.0066462382027803026}]}, {"source": 20, "prod": 851.0, "target": 1, "value": 3.0521335340084255, "supply": [{"l": "Sorghum", "v": 3.0521335340084255}]}, {"source": 21, "prod": 70.0, "target": 1, "value": 0.046953908864322803, "supply": [{"l": "Bananas", "v": 0.046953908864322803}]}, {"source": 22, "prod": 253.0, "target": 1, "value": 0.99744886748980066, "supply": [{"l": "Millet", "v": 0.99744886748980066}]}, {"source": 23, "prod": 12.0, "target": 1, "value": 0.013231220753922079, "supply": [{"l": "Sweet potatoes", "v": 0.013231220753922079}]}, {"source": 24, "prod": 32.0, "target": 1, "value": 0.012937193626057143, "supply": [{"l": "Oranges, Mandarines", "v": 0.012937193626057143}]}, {"source": 25, "prod": 18.0, "target": 1, "value": 0.0067026578819210534, "supply": [{"l": "Onions", "v": 0.0067026578819210534}]}, {"source": 26, "prod": 200.0, "target": 1, "value": 0.25784545629711109, "supply": [{"l": "Cassava", "v": 0.25784545629711109}]}, {"source": 27, "prod": 0, "target": 0, "value": 0.00027937112057626853, "supply": "[{\"l\":'Energy for power irrigation',\"v\":0.00027937112057626853}]"}, {"source": 27, "prod": 0, "target": 2, "value": 0.0063357379130689478, "supply": "[{\"l\":'Energy for power irrigation',\"v\":0.0063357379130689478}]"}, {"source": 27, "prod": 0, "target": 3, "value": 0.0029932620061743059, "supply": "[{\"l\":'Energy for power irrigation',\"v\":0.0029932620061743059}]"}, {"source": 27, "prod": 0, "target": 15, "value": 0.00083811336172880558, "supply": "[{\"l\":'Energy for power irrigation',\"v\":0.00083811336172880558}]"}, {"source": 27, "prod": 0, "target": 4, "value": 0.0020952834043220141, "supply": "[{\"l\":'Energy for power irrigation',\"v\":0.0020952834043220141}]"}, {"source": 27, "prod": 0, "target": 5, "value": 0.0029433743060714008, "supply": "[{\"l\":'Energy for power irrigation',\"v\":0.0029433743060714008}]"}, {"source": 27, "prod": 0, "target": 6, "value": 0.0090596063386875654, "supply": "[{\"l\":'Energy for power irrigation',\"v\":0.0090596063386875654}]"}, {"source": 27, "prod": 0, "target": 7, "value": 0.0029034641459890769, "supply": "[{\"l\":'Energy for power irrigation',\"v\":0.0029034641459890769}]"}, {"source": 27, "prod": 0, "target": 8, "value": 0.0047991967498994701, "supply": "[{\"l\":'Energy for power irrigation',\"v\":0.0047991967498994701}]"}, {"source": 27, "prod": 0, "target": 9, "value": 0.0011873272624491412, "supply": "[{\"l\":'Energy for power irrigation',\"v\":0.0011873272624491412}]"}, {"source": 27, "prod": 0, "target": 11, "value": 0.0013270128227372755, "supply": "[{\"l\":'Energy for power irrigation',\"v\":0.0013270128227372755}]"}, {"source": 27, "prod": 0, "target": 12, "value": 0.005767018131895829, "supply": "[{\"l\":'Energy for power irrigation',\"v\":0.005767018131895829}]"}, {"source": 27, "prod": 0, "target": 13, "value": 0.00050885454104963195, "supply": "[{\"l\":'Energy for power irrigation',\"v\":0.00050885454104963195}]"}, {"source": 27, "prod": 0, "target": 14, "value": 0.00010975294022639121, "supply": "[{\"l\":'Energy for power irrigation',\"v\":0.00010975294022639121}]"}, {"source": 27, "prod": 0, "target": 17, "value": 0.00021950588045278242, "supply": "[{\"l\":'Energy for power irrigation',\"v\":0.00021950588045278242}]"}, {"source": 27, "prod": 0, "target": 18, "value": 0.0018458449038074886, "supply": "[{\"l\":'Energy for power irrigation',\"v\":0.0018458449038074886}]"}, {"source": 27, "prod": 0, "target": 19, "value": 0.00061860748127602323, "supply": "[{\"l\":'Energy for power irrigation',\"v\":0.00061860748127602323}]"}, {"source": 27, "prod": 0, "target": 20, "value": 0.016981773115028895, "supply": "[{\"l\":'Energy for power irrigation',\"v\":0.016981773115028895}]"}, {"source": 27, "prod": 0, "target": 10, "value": 0.0055076020913607231, "supply": "[{\"l\":'Energy for power irrigation',\"v\":0.0055076020913607231}]"}, {"source": 27, "prod": 0, "target": 16, "value": 3.9910160082324074e-05, "supply": "[{\"l\":'Energy for power irrigation',\"v\":3.9910160082324074e-05}]"}, {"source": 27, "prod": 0, "target": 21, "value": 0.0013968556028813427, "supply": "[{\"l\":'Energy for power irrigation',\"v\":0.0013968556028813427}]"}, {"source": 27, "prod": 0, "target": 22, "value": 0.0068545699941391595, "supply": "[{\"l\":'Energy for power irrigation',\"v\":0.0068545699941391595}]"}, {"source": 27, "prod": 0, "target": 23, "value": 0.00023946096049394446, "supply": "[{\"l\":'Energy for power irrigation',\"v\":0.00023946096049394446}]"}, {"source": 27, "prod": 0, "target": 24, "value": 0.00064854010133776616, "supply": "[{\"l\":'Energy for power irrigation',\"v\":0.00064854010133776616}]"}, {"source": 27, "prod": 0, "target": 25, "value": 0.00035919144074091671, "supply": "[{\"l\":'Energy for power irrigation',\"v\":0.00035919144074091671}]"}, {"source": 27, "prod": 0, "target": 26, "value": 0.0039910160082324078, "supply": "[{\"l\":'Energy for power irrigation',\"v\":0.0039910160082324078}]"}, {"source": 28, "prod": 0, "target": 27, "value": 0.081467985600923387, "supply": [{"l": "Coal", "v": 0.0}, {"l": "Natural gas", "v": 0.0}, {"l": "Oil", "v": 0.081467985600923387}]}, {"source": 29, "prod": 0, "target": 27, "value": 0.049251609697099935, "supply": [{"l": "Nuclear", "v": 0.0}, {"l": "Hydroelectric", "v": 0.049251609697099935}, {"l": "Renewable", "v": 0.0}]}, {"source": 28, "prod": 0, "target": 0, "value": 0.0051183950504658784, "supply": [{"l": "Motor Gasoline", "v": 4.2860499543624815e-05}, {"l": "Gas-Diesel oil", "v": 0.0050755345509222536}]}, {"source": 28, "prod": 0, "target": 2, "value": 0.11607788775163688, "supply": [{"l": "Motor Gasoline", "v": 0.00097201490036434861}, {"l": "Gas-Diesel oil", "v": 0.11510587285127254}]}, {"source": 28, "prod": 0, "target": 3, "value": 0.05483994696927727, "supply": [{"l": "Motor Gasoline", "v": 0.0004592196379674088}, {"l": "Gas-Diesel oil", "v": 0.054380727331309865}]}, {"source": 28, "prod": 0, "target": 15, "value": 0.015355185151397633, "supply": [{"l": "Motor Gasoline", "v": 0.00012858149863087445}, {"l": "Gas-Diesel oil", "v": 0.015226603652766759}]}, {"source": 28, "prod": 0, "target": 4, "value": 0.038387962878494088, "supply": [{"l": "Motor Gasoline", "v": 0.00032145374657718611}, {"l": "Gas-Diesel oil", "v": 0.038066509131916899}]}, {"source": 28, "prod": 0, "target": 5, "value": 0.053925947853122644, "supply": [{"l": "Motor Gasoline", "v": 0.00045156597733461863}, {"l": "Gas-Diesel oil", "v": 0.053474381875788027}]}, {"source": 28, "prod": 0, "target": 6, "value": 0.16598223949367918, "supply": [{"l": "Motor Gasoline", "v": 0.0013899047709146906}, {"l": "Gas-Diesel oil", "v": 0.16459233472276449}]}, {"source": 28, "prod": 0, "target": 7, "value": 0.05319474856019895, "supply": [{"l": "Motor Gasoline", "v": 0.00044544304882838655}, {"l": "Gas-Diesel oil", "v": 0.052749305511370567}]}, {"source": 28, "prod": 0, "target": 8, "value": 0.087926714974074546, "supply": [{"l": "Motor Gasoline", "v": 0.00073628215287441202}, {"l": "Gas-Diesel oil", "v": 0.087190432821200148}]}, {"source": 28, "prod": 0, "target": 9, "value": 0.02175317896447998, "supply": [{"l": "Motor Gasoline", "v": 0.00018215712306040546}, {"l": "Gas-Diesel oil", "v": 0.021571021841419576}]}, {"source": 28, "prod": 0, "target": 11, "value": 0.02431237648971292, "supply": [{"l": "Motor Gasoline", "v": 0.00020358737283221787}, {"l": "Gas-Diesel oil", "v": 0.024108789116880702}]}, {"source": 28, "prod": 0, "target": 12, "value": 0.1056582978274742, "supply": [{"l": "Motor Gasoline", "v": 0.0008847631691505409}, {"l": "Gas-Diesel oil", "v": 0.10477353465832366}]}, {"source": 28, "prod": 0, "target": 13, "value": 0.0093227909847771358, "supply": [{"l": "Motor Gasoline", "v": 7.8067338454459483e-05}, {"l": "Gas-Diesel oil", "v": 0.0092447236463226758}]}, {"source": 28, "prod": 0, "target": 14, "value": 0.0020107980555401665, "supply": [{"l": "Motor Gasoline", "v": 1.6838053392138323e-05}, {"l": "Gas-Diesel oil", "v": 0.0019939600021480282}]}, {"source": 28, "prod": 0, "target": 17, "value": 0.004021596111080333, "supply": [{"l": "Motor Gasoline", "v": 3.3676106784276646e-05}, {"l": "Gas-Diesel oil", "v": 0.0039879200042960564}]}, {"source": 28, "prod": 0, "target": 18, "value": 0.033817967297720984, "supply": [{"l": "Motor Gasoline", "v": 0.00028318544341323542}, {"l": "Gas-Diesel oil", "v": 0.033534781854307749}]}, {"source": 28, "prod": 0, "target": 19, "value": 0.011333589040317301, "supply": [{"l": "Motor Gasoline", "v": 9.4905391846597813e-05}, {"l": "Gas-Diesel oil", "v": 0.011238683648470705}]}, {"source": 28, "prod": 0, "target": 20, "value": 0.31112529913903303, "supply": [{"l": "Motor Gasoline", "v": 0.0026053060794017655}, {"l": "Gas-Diesel oil", "v": 0.30851999305963124}]}, {"source": 28, "prod": 0, "target": 10, "value": 0.10090550242347017, "supply": [{"l": "Motor Gasoline", "v": 0.00084496413386003213}, {"l": "Gas-Diesel oil", "v": 0.10006053828961015}]}, {"source": 28, "prod": 0, "target": 16, "value": 0.00073119929292369689, "supply": [{"l": "Motor Gasoline", "v": 6.1229285062321168e-06}, {"l": "Gas-Diesel oil", "v": 0.0007250763644174648}]}, {"source": 28, "prod": 0, "target": 21, "value": 0.025591975252329389, "supply": [{"l": "Motor Gasoline", "v": 0.00021430249771812408}, {"l": "Gas-Diesel oil", "v": 0.025377672754611266}]}, {"source": 28, "prod": 0, "target": 22, "value": 0.12558347855964494, "supply": [{"l": "Motor Gasoline", "v": 0.0010516129709453659}, {"l": "Gas-Diesel oil", "v": 0.12453186558869957}]}, {"source": 28, "prod": 0, "target": 23, "value": 0.0043871957575421809, "supply": [{"l": "Motor Gasoline", "v": 3.6737571037392703e-05}, {"l": "Gas-Diesel oil", "v": 0.0043504581865047888}]}, {"source": 28, "prod": 0, "target": 24, "value": 0.011881988510010074, "supply": [{"l": "Motor Gasoline", "v": 9.949758822627189e-05}, {"l": "Gas-Diesel oil", "v": 0.011782490921783802}]}, {"source": 28, "prod": 0, "target": 25, "value": 0.0065807936363132726, "supply": [{"l": "Motor Gasoline", "v": 5.5106356556089054e-05}, {"l": "Gas-Diesel oil", "v": 0.0065256872797571841}]}, {"source": 28, "prod": 0, "target": 26, "value": 0.073119929292369698, "supply": [{"l": "Motor Gasoline", "v": 0.00061229285062321169}, {"l": "Gas-Diesel oil", "v": 0.072507636441746487}]}, {"source": 30, "prod": 0.10331429489415421, "target": 0, "value": 0.0018628457666392511, "supply": [{"l": "Potash", "v": 3.146410436442137e-05}, {"l": "Phosphate", "v": 0.0027354166688549997}, {"l": "Nitrogen", "v": 0.53206944487009988}]}, {"source": 30, "prod": 2.3430206163495688, "target": 2, "value": 0.042246680779140164, "supply": [{"l": "Potash", "v": 3.146410436442137e-05}, {"l": "Phosphate", "v": 0.0027354166688549997}, {"l": "Nitrogen", "v": 0.53206944487009988}]}, {"source": 30, "prod": 1.106938873865938, "target": 3, "value": 0.019959061785420548, "supply": [{"l": "Potash", "v": 3.146410436442137e-05}, {"l": "Phosphate", "v": 0.0027354166688549997}, {"l": "Nitrogen", "v": 0.53206944487009988}]}, {"source": 30, "prod": 0.30994288468246262, "target": 15, "value": 0.0055885372999177532, "supply": [{"l": "Potash", "v": 3.146410436442137e-05}, {"l": "Phosphate", "v": 0.0027354166688549997}, {"l": "Nitrogen", "v": 0.53206944487009988}]}, {"source": 30, "prod": 0.77485721170615662, "target": 4, "value": 0.013971343249794384, "supply": [{"l": "Potash", "v": 3.146410436442137e-05}, {"l": "Phosphate", "v": 0.0027354166688549997}, {"l": "Nitrogen", "v": 0.53206944487009988}]}, {"source": 30, "prod": 1.0884898926348392, "target": 5, "value": 0.019626410755663539, "supply": [{"l": "Potash", "v": 3.146410436442137e-05}, {"l": "Phosphate", "v": 0.0027354166688549997}, {"l": "Nitrogen", "v": 0.53206944487009988}]}, {"source": 30, "prod": 3.3503349915675722, "target": 6, "value": 0.060409427003872855, "supply": [{"l": "Potash", "v": 3.146410436442137e-05}, {"l": "Phosphate", "v": 0.0027354166688549997}, {"l": "Nitrogen", "v": 0.53206944487009988}]}, {"source": 30, "prod": 1.07373070764996, "target": 7, "value": 0.019360289931857934, "supply": [{"l": "Potash", "v": 3.146410436442137e-05}, {"l": "Phosphate", "v": 0.0027354166688549997}, {"l": "Nitrogen", "v": 0.53206944487009988}]}, {"source": 30, "prod": 1.7747919944317208, "target": 8, "value": 0.032001029062624281, "supply": [{"l": "Potash", "v": 3.146410436442137e-05}, {"l": "Phosphate", "v": 0.0027354166688549997}, {"l": "Nitrogen", "v": 0.53206944487009988}]}, {"source": 30, "prod": 0.43908575330015542, "target": 9, "value": 0.0079170945082168171, "supply": [{"l": "Potash", "v": 3.146410436442137e-05}, {"l": "Phosphate", "v": 0.0027354166688549997}, {"l": "Nitrogen", "v": 0.53206944487009988}]}, {"source": 30, "prod": 0.49074290074723248, "target": 11, "value": 0.0088485173915364423, "supply": [{"l": "Potash", "v": 3.146410436442137e-05}, {"l": "Phosphate", "v": 0.0027354166688549997}, {"l": "Nitrogen", "v": 0.53206944487009988}]}, {"source": 30, "prod": 2.1327022303150405, "target": 12, "value": 0.038454459039910259, "supply": [{"l": "Potash", "v": 3.146410436442137e-05}, {"l": "Phosphate", "v": 0.0027354166688549997}, {"l": "Nitrogen", "v": 0.53206944487009988}]}, {"source": 30, "prod": 0.18817960855720947, "target": 13, "value": 0.0033930405035214931, "supply": [{"l": "Potash", "v": 3.146410436442137e-05}, {"l": "Phosphate", "v": 0.0027354166688549997}, {"l": "Nitrogen", "v": 0.53206944487009988}]}, {"source": 30, "prod": 0.040587758708417729, "target": 14, "value": 0.00073183226546542012, "supply": [{"l": "Potash", "v": 3.146410436442137e-05}, {"l": "Phosphate", "v": 0.0027354166688549997}, {"l": "Nitrogen", "v": 0.53206944487009988}]}, {"source": 30, "prod": 0.081175517416835458, "target": 17, "value": 0.0014636645309308402, "supply": [{"l": "Potash", "v": 3.146410436442137e-05}, {"l": "Phosphate", "v": 0.0027354166688549997}, {"l": "Nitrogen", "v": 0.53206944487009988}]}, {"source": 30, "prod": 0.68261230555066188, "target": 18, "value": 0.012308088101009338, "supply": [{"l": "Potash", "v": 3.146410436442137e-05}, {"l": "Phosphate", "v": 0.0027354166688549997}, {"l": "Nitrogen", "v": 0.53206944487009988}]}, {"source": 30, "prod": 0.22876736726562719, "target": 19, "value": 0.0041248727689869131, "supply": [{"l": "Potash", "v": 3.146410436442137e-05}, {"l": "Phosphate", "v": 0.0027354166688549997}, {"l": "Nitrogen", "v": 0.53206944487009988}]}, {"source": 30, "prod": 6.2800332110660886, "target": 20, "value": 0.1132344105292859, "supply": [{"l": "Potash", "v": 3.146410436442137e-05}, {"l": "Phosphate", "v": 0.0027354166688549997}, {"l": "Nitrogen", "v": 0.53206944487009988}]}, {"source": 30, "prod": 2.0367675279133262, "target": 10, "value": 0.036724673685173813, "supply": [{"l": "Potash", "v": 3.146410436442137e-05}, {"l": "Phosphate", "v": 0.0027354166688549997}, {"l": "Nitrogen", "v": 0.53206944487009988}]}, {"source": 30, "prod": 0.014759184984879173, "target": 16, "value": 0.00026612082380560729, "supply": [{"l": "Potash", "v": 3.146410436442137e-05}, {"l": "Phosphate", "v": 0.0027354166688549997}, {"l": "Nitrogen", "v": 0.53206944487009988}]}, {"source": 30, "prod": 0.51657147447077112, "target": 21, "value": 0.0093142288331962558, "supply": [{"l": "Potash", "v": 3.146410436442137e-05}, {"l": "Phosphate", "v": 0.0027354166688549997}, {"l": "Nitrogen", "v": 0.53206944487009988}]}, {"source": 30, "prod": 2.5348900211529979, "target": 22, "value": 0.045706251488613049, "supply": [{"l": "Potash", "v": 3.146410436442137e-05}, {"l": "Phosphate", "v": 0.0027354166688549997}, {"l": "Nitrogen", "v": 0.53206944487009988}]}, {"source": 30, "prod": 0.088555109909275037, "target": 23, "value": 0.0015967249428336437, "supply": [{"l": "Potash", "v": 3.146410436442137e-05}, {"l": "Phosphate", "v": 0.0027354166688549997}, {"l": "Nitrogen", "v": 0.53206944487009988}]}, {"source": 30, "prod": 0.23983675600428656, "target": 24, "value": 0.0043244633868411179, "supply": [{"l": "Potash", "v": 3.146410436442137e-05}, {"l": "Phosphate", "v": 0.0027354166688549997}, {"l": "Nitrogen", "v": 0.53206944487009988}]}, {"source": 30, "prod": 0.13283266486391257, "target": 25, "value": 0.0023950874142504661, "supply": [{"l": "Potash", "v": 3.146410436442137e-05}, {"l": "Phosphate", "v": 0.0027354166688549997}, {"l": "Nitrogen", "v": 0.53206944487009988}]}, {"source": 30, "prod": 1.4759184984879175, "target": 26, "value": 0.026612082380560731, "supply": [{"l": "Potash", "v": 3.146410436442137e-05}, {"l": "Phosphate", "v": 0.0027354166688549997}, {"l": "Nitrogen", "v": 0.53206944487009988}]}, {"source": 28, "prod": 0, "target": 30, "value": 0.63018860748044214, "supply": [{"l": "Natural gas (including LNG)", "v": 0.42873185360104177}, {"l": "Fuel oil", "v": 0.10740220684087984}, {"l": "Liquefied petroleum gas (LPG)", "v": 0.047027273519260226}, {"l": "Coal", "v": 0.047027273519260226}]}, {"source": 31, "prod": 0, "target": 0, "value": 0.0043869558114973976, "supply": "[{\"l\":'Labor',\"v\":0.0043869558114973976}]"}, {"source": 31, "prod": 0, "target": 2, "value": 0.099489890725030283, "supply": "[{\"l\":'Labor',\"v\":0.099489890725030283}]"}, {"source": 31, "prod": 0, "target": 3, "value": 0.04700309798032927, "supply": "[{\"l\":'Labor',\"v\":0.04700309798032927}]"}, {"source": 31, "prod": 0, "target": 15, "value": 0.013160867434492192, "supply": "[{\"l\":'Labor',\"v\":0.013160867434492192}]"}, {"source": 31, "prod": 0, "target": 4, "value": 0.032902168586230483, "supply": "[{\"l\":'Labor',\"v\":0.032902168586230483}]"}, {"source": 31, "prod": 0, "target": 5, "value": 0.046219713013990443, "supply": "[{\"l\":'Labor',\"v\":0.046219713013990443}]"}, {"source": 31, "prod": 0, "target": 6, "value": 0.14226270988712991, "supply": "[{\"l\":'Labor',\"v\":0.14226270988712991}]"}, {"source": 31, "prod": 0, "target": 7, "value": 0.045593005040919392, "supply": "[{\"l\":'Labor',\"v\":0.045593005040919392}]"}, {"source": 31, "prod": 0, "target": 8, "value": 0.075361633761794583, "supply": "[{\"l\":'Labor',\"v\":0.075361633761794583}]"}, {"source": 31, "prod": 0, "target": 9, "value": 0.018644562198863939, "supply": "[{\"l\":'Labor',\"v\":0.018644562198863939}]"}, {"source": 31, "prod": 0, "target": 11, "value": 0.020838040104612637, "supply": "[{\"l\":'Labor',\"v\":0.020838040104612637}]"}, {"source": 31, "prod": 0, "target": 12, "value": 0.090559302108767711, "supply": "[{\"l\":'Labor',\"v\":0.090559302108767711}]"}, {"source": 31, "prod": 0, "target": 13, "value": 0.0079905266566559739, "supply": "[{\"l\":'Labor',\"v\":0.0079905266566559739}]"}, {"source": 31, "prod": 0, "target": 14, "value": 0.0017234469259454065, "supply": "[{\"l\":'Labor',\"v\":0.0017234469259454065}]"}, {"source": 31, "prod": 0, "target": 17, "value": 0.003446893851890813, "supply": "[{\"l\":'Labor',\"v\":0.003446893851890813}]"}, {"source": 31, "prod": 0, "target": 18, "value": 0.028985243754536382, "supply": "[{\"l\":'Labor',\"v\":0.028985243754536382}]"}, {"source": 31, "prod": 0, "target": 19, "value": 0.0097139735826013811, "supply": "[{\"l\":'Labor',\"v\":0.0097139735826013811}]"}, {"source": 31, "prod": 0, "target": 20, "value": 0.26666424254173465, "supply": "[{\"l\":'Labor',\"v\":0.26666424254173465}]"}, {"source": 31, "prod": 0, "target": 10, "value": 0.086485700283805853, "supply": "[{\"l\":'Labor',\"v\":0.086485700283805853}]"}, {"source": 31, "prod": 0, "target": 16, "value": 0.00062670797307105678, "supply": "[{\"l\":'Labor',\"v\":0.00062670797307105678}]"}, {"source": 31, "prod": 0, "target": 21, "value": 0.021934779057486989, "supply": "[{\"l\":'Labor',\"v\":0.021934779057486989}]"}, {"source": 31, "prod": 0, "target": 22, "value": 0.107637094374954, "supply": "[{\"l\":'Labor',\"v\":0.107637094374954}]"}, {"source": 31, "prod": 0, "target": 23, "value": 0.0037602478384263409, "supply": "[{\"l\":'Labor',\"v\":0.0037602478384263409}]"}, {"source": 31, "prod": 0, "target": 24, "value": 0.010184004562404673, "supply": "[{\"l\":'Labor',\"v\":0.010184004562404673}]"}, {"source": 31, "prod": 0, "target": 25, "value": 0.0056403717576395118, "supply": "[{\"l\":'Labor',\"v\":0.0056403717576395118}]"}, {"source": 31, "prod": 0, "target": 26, "value": 0.062670797307105688, "supply": "[{\"l\":'Labor',\"v\":0.062670797307105688}]"}]}