{"nodes": [{"layer": 13, "name": "Animal Products", "fill": "#17becf"}, {"layer": 10, "name": "Feed", "fill": "#dbdb8d"}, {"layer": 5, "name": "Cereals", "fill": "#e7ba52"}, {"layer": 13, "name": "Other Processed", "fill": "#9c9ede"}, {"layer": 16, "name": "Food", "fill": "#b5cf6b"}, {"layer": 5, "name": "Oilcrops", "fill": "#ff9896"}, {"layer": 5, "name": "Fruits, Roots & Vegetables", "fill": "#98df8a"}, {"layer": 5, "name": "Sugar Crops", "fill": "#ffbb78"}, {"layer": 13, "name": "Sugar", "fill": "#d6616b"}, {"layer": 13, "name": "Aquatic Products", "fill": "#1f77b4"}, {"layer": 13, "name": "Vegetable Oils", "fill": "#f7b6d2"}, {"layer": 10, "name": "Processing", "fill": "#9edae5"}, {"layer": 16, "name": "Biofuels & Other", "fill": "#e7ba52"}, {"name": "Waste", "fill": "#c7c7c7"}, {"layer": 2, "name": "Import", "fill": "#aec7e8"}, {"layer": 16, "name": "Export", "fill": "#aec7e8"}, {"layer": 16, "name": "Stock Deposit", "fill": "#c7c7c7"}, {"layer": 0, "name": "Stock Draw", "fill": "#c7c7c7"}, {"name": "Crop Residue", "fill": "#bd9e39"}, {"layer": 2, "name": "Electricity", "fill": "#bcbd22"}, {"layer": 0, "name": "Fossil Fuels", "fill": "#c49c94"}, {"layer": 0, "name": "Renewables & Nuclear", "fill": "#2ca02c"}, {"layer": 2, "name": "Fertilizers", "fill": "#c5b0d5"}, {"layer": 0, "name": "Labor", "fill": "#7f7f7f"}], "links": [{"source": 0, "prod": 58.0, "target": 1, "value": 0.046935208418604525, "supply": [{"l": "Milk - Excluding Butter", "v": 0.046935208418604525}]}, {"source": 2, "prod": 103.0, "target": 1, "value": 0.37039512145326803, "supply": [{"l": "Sorghum", "v": 0.3159768921494609}, {"l": "Maize", "v": 0.003859106053227273}, {"l": "Wheat", "v": 0.050559123250579853}]}, {"source": 3, "prod": 476.0, "target": 4, "value": 0.37322094156569829, "supply": [{"l": "Beer", "v": 0.0075466962818666657}, {"l": "Beverages, Alcoholic", "v": 0.0074912058680294122}, {"l": "Butter, Ghee", "v": 0.098593935295354845}, {"l": "Fats, Animals, Raw", "v": 0.09988274490705884}, {"l": "Beverages, Fermented", "v": 0.15970635921338855}]}, {"source": 0, "prod": 2224.0, "target": 4, "value": 2.4759798564970814, "supply": [{"l": "Eggs", "v": 0.03959903599393657}, {"l": "Mutton & Goat Meat", "v": 0.30411020980104103}, {"l": "Milk - Excluding Butter", "v": 1.4137208466776228}, {"l": "Meat, Other", "v": 0.11238955279370201}, {"l": "Bovine Meat", "v": 0.51862019213489507}, {"l": "Poultry Meat", "v": 0.023154636319363639}, {"l": "Offals, Edible", "v": 0.06438538277652045}]}, {"source": 2, "prod": 2425.0, "target": 4, "value": 8.8581158797542265, "supply": [{"l": "Maize", "v": 0.13506871186295455}, {"l": "Barley", "v": 0.0065307948593076922}, {"l": "Rice", "v": 0.047166851761666677}, {"l": "Wheat", "v": 1.3037031066756664}, {"l": "Sorghum", "v": 5.9820170718295671}, {"l": "Millet", "v": 1.383629342765065}]}, {"source": 5, "prod": 78.0, "target": 4, "value": 0.49290240069519314, "supply": [{"l": "Sesame seed", "v": 0.079594062347812508}, {"l": "Groundnuts", "v": 0.39915828281888061}, {"l": "Oilcrops, Other", "v": 0.014150055528500001}]}, {"source": 6, "prod": 1576.0, "target": 4, "value": 1.2600698438915003, "supply": [{"l": "Fruits, Other", "v": 0.19989192366843042}, {"l": "Yams", "v": 0.072400429890721568}, {"l": "Tomatoes", "v": 0.015965770618440268}, {"l": "Coffee", "v": 0.00040428730081428573}, {"l": "Vegetables, Other", "v": 0.14373425667927645}, {"l": "Dates", "v": 0.17590030192904271}, {"l": "Potatoes", "v": 0.016036729598966667}, {"l": "Pimento", "v": 0.025470099951300007}, {"l": "Beans", "v": 0.040643776518031915}, {"l": "Pulses, Other", "v": 0.3280861150814966}, {"l": "Lemons, Limes", "v": 0.0079274407478945805}, {"l": "Pineapples", "v": 0.0021631535715428431}, {"l": "Bananas", "v": 0.032179964992233877}, {"l": "Sweet potatoes", "v": 0.039651254502939562}, {"l": "Grapefruit", "v": 0.0079463366022118238}, {"l": "Oranges, Mandarines", "v": 0.0081634935741346157}, {"l": "Tea", "v": 0.007664613411270834}, {"l": "Onions", "v": 0.015722283920555555}, {"l": "Cassava", "v": 0.12011761133219574}]}, {"source": 7, "prod": 78.0, "target": 4, "value": 0.024110046070405341, "supply": [{"l": "Sugar cane", "v": 0.024110046070405341}]}, {"source": 8, "prod": 347.0, "target": 4, "value": 1.4340833713542656, "supply": [{"l": "Sugar", "v": 1.4119112000476139}, {"l": "Honey", "v": 0.0042984169548620083}, {"l": "Sweeteners, Other", "v": 0.017873754351789478}]}, {"source": 9, "prod": 54.0, "target": 4, "value": 0.049109016245970596, "supply": [{"l": "Marine Fish, Other", "v": 0.00088437847053125004}, {"l": "Freshwater Fish", "v": 0.024346419071095592}, {"l": "Fish, Seafood", "v": 0.02387821870434375}]}, {"source": 10, "prod": 234.0, "target": 4, "value": 2.4076013383485488, "supply": [{"l": "Groundnut Oil", "v": 1.4292321986655283}, {"l": "Sesameseed Oil", "v": 0.55523055257159171}, {"l": "Cottonseed Oil", "v": 0.42313858711142893}]}, {"source": 7, "prod": 1473.0, "target": 11, "value": 0.45530894694496232, "supply": [{"l": "Sugar cane", "v": 0.45530894694496232}]}, {"source": 2, "prod": 91.0, "target": 11, "value": 0.32609833351046702, "supply": [{"l": "Barley", "v": 0.0065307948593076922}, {"l": "Sorghum", "v": 0.31956753865115933}]}, {"source": 5, "prod": 859.0, "target": 11, "value": 5.4765400781220954, "supply": [{"l": "Groundnuts", "v": 2.5913609154432091}, {"l": "Cottonseed", "v": 2.0021272598534328}, {"l": "Oilcrops, Other", "v": 0.014150055528500001}, {"l": "Sesame seed", "v": 0.86890184729695319}]}, {"source": 10, "prod": 20.0, "target": 12, "value": 0.20593099885093052, "supply": [{"l": "Cottonseed Oil", "v": 0.10320453344181192}, {"l": "Oilcrops Oil, Other", "v": 0.010188039980520001}, {"l": "Sesameseed Oil", "v": 0.092538425428598622}]}, {"source": 6, "prod": 45.0, "target": 6, "value": 0.05871917225689538, "supply": [{"l": "Potatoes", "v": 0.00094333703523333322}, {"l": "Yams", "v": 0.043440257934432944}, {"l": "Sweet potatoes", "v": 0.0023324267354670326}, {"l": "Pulses, Other", "v": 0.012003150551762069}]}, {"source": 0, "prod": 1.0, "target": 0, "value": 0.0015839614397574627, "supply": [{"l": "Eggs", "v": 0.0015839614397574627}]}, {"source": 2, "prod": 70.0, "target": 2, "value": 0.25628539149465496, "supply": [{"l": "Maize", "v": 0.011577318159681819}, {"l": "Wheat", "v": 0.1083409783940997}, {"l": "Millet", "v": 0.039419639395016109}, {"l": "Sorghum", "v": 0.096947455545857333}]}, {"source": 5, "prod": 29.0, "target": 5, "value": 0.18198616969591191, "supply": [{"l": "Cottonseed", "v": 0.095037686385447767}, {"l": "Groundnuts", "v": 0.044350920313208954}, {"l": "Oilcrops, Other", "v": 0.0094333703523333343}, {"l": "Sesame seed", "v": 0.033164192644921875}]}, {"source": 6, "prod": 253.0, "target": 13, "value": 0.16981559951760652, "supply": [{"l": "Dates", "v": 0.019947456919788352}, {"l": "Potatoes", "v": 0.0018866740704666664}, {"l": "Fruits, Other", "v": 0.035464696134721523}, {"l": "Yams", "v": 0.013366233210594752}, {"l": "Grapefruit", "v": 0.001463798847775862}, {"l": "Beans", "v": 0.0045159751686702125}, {"l": "Pulses, Other", "v": 0.036009451655286212}, {"l": "Lemons, Limes", "v": 0.001534343370560241}, {"l": "Tomatoes", "v": 0.0028174889326659297}, {"l": "Bananas", "v": 0.0054774408497419358}, {"l": "Vegetables, Other", "v": 0.024974159201205146}, {"l": "Sweet potatoes", "v": 0.0046648534709340652}, {"l": "Oranges, Mandarines", "v": 0.001632698714826923}, {"l": "Onions", "v": 0.003144456784111111}, {"l": "Cassava", "v": 0.012915872186257608}]}, {"source": 0, "prod": 44.0, "target": 13, "value": 0.037930221304837655, "supply": [{"l": "Milk - Excluding Butter", "v": 0.033178336985565271}, {"l": "Eggs", "v": 0.0047518843192723877}]}, {"source": 2, "prod": 224.0, "target": 13, "value": 0.81581638685061431, "supply": [{"l": "Maize", "v": 0.011577318159681819}, {"l": "Sorghum", "v": 0.59963796578363604}, {"l": "Wheat", "v": 0.090284148661749733}, {"l": "Millet", "v": 0.11431695424554672}]}, {"source": 5, "prod": 92.0, "target": 13, "value": 0.57688095630611202, "supply": [{"l": "Cottonseed", "v": 0.10770937790350744}, {"l": "Sesame seed", "v": 0.046429869702890626}, {"l": "Groundnuts", "v": 0.39915828281888061}, {"l": "Oilcrops, Other", "v": 0.023583425880833338}]}, {"source": 14, "prod": 256.0, "target": 11, "value": 1.0758090129462927, "supply": [{"l": "Fats, Animals, Raw", "v": 0.029964823472117645}, {"l": "Sweeteners, Other", "v": 0.017873754351789478}, {"l": "Sugar", "v": 1.0279704351223855}]}, {"source": 14, "prod": 174.0, "target": 2, "value": 0.63030975830760372, "supply": [{"l": "Wheat", "v": 0.60309811306048833}, {"l": "Barley", "v": 0.013061589718615384}, {"l": "Rice", "v": 0.014150055528500001}]}, {"source": 14, "prod": 29.0, "target": 6, "value": 0.030182398696478166, "supply": [{"l": "Tea", "v": 0.012970884234458335}, {"l": "Vegetables, Other", "v": 0.00026568254469367178}, {"l": "Fruits, Other", "v": 0.00053734388082911399}, {"l": "Coffee", "v": 0.00040428730081428573}, {"l": "Pulses, Other", "v": 0.016004200735682757}]}, {"source": 14, "prod": 44.0, "target": 1, "value": 0.035606020179631021, "supply": [{"l": "Milk - Excluding Butter", "v": 0.035606020179631021}]}, {"source": 6, "prod": 8.0, "target": 15, "value": 0.016970331207166397, "supply": [{"l": "Dates", "v": 0.0036268103490524274}, {"l": "Vegetables, Other", "v": 0.00026568254469367178}, {"l": "Fruits, Other", "v": 0.001074687761658228}, {"l": "Pulses, Other", "v": 0.012003150551762069}]}, {"source": 10, "prod": 37.0, "target": 15, "value": 0.38044270571446198, "supply": [{"l": "Sesameseed Oil", "v": 0.020564094539688584}, {"l": "Groundnut Oil", "v": 0.35987861117477338}]}, {"source": 2, "prod": 69.0, "target": 15, "value": 0.2488085609306005, "supply": [{"l": "Millet", "v": 0.011825891818504831}, {"l": "Sorghum", "v": 0.23698266911209567}]}, {"source": 5, "prod": 182.0, "target": 15, "value": 1.1546462910827553, "supply": [{"l": "Sesame seed", "v": 0.50409572820281257}, {"l": "Groundnuts", "v": 0.58923365558977614}, {"l": "Oilcrops, Other", "v": 0.061316907290166672}]}, {"source": 10, "prod": 10.0, "target": 16, "value": 0.10282246033564953, "supply": [{"l": "Groundnut Oil", "v": 0.10282246033564953}]}, {"source": 2, "prod": 465.0, "target": 16, "value": 1.7282396833344986, "supply": [{"l": "Maize", "v": 0.019295530266136365}, {"l": "Wheat", "v": 0.18056829732349947}, {"l": "Millet", "v": 0.63071423032025775}, {"l": "Sorghum", "v": 0.89766162542460493}]}, {"source": 6, "prod": 9.0, "target": 16, "value": 0.0053062708231875009, "supply": [{"l": "Tea", "v": 0.0053062708231875009}]}, {"source": 17, "prod": 85.0, "target": 5, "value": 0.54300178106685526, "supply": [{"l": "Sesame seed", "v": 0.099492577934765639}, {"l": "Groundnuts", "v": 0.44350920313208958}]}, {"source": 5, "prod": 10.0, "target": 16, "value": 0.047166851761666677, "supply": [{"l": "Oilcrops, Other", "v": 0.047166851761666677}]}, {"source": 8, "prod": 57.0, "target": 16, "value": 0.23531853334126893, "supply": [{"l": "Sugar", "v": 0.23531853334126893}]}, {"source": 17, "prod": 3.0, "target": 2, "value": 0.014150055528500001, "supply": [{"l": "Rice", "v": 0.014150055528500001}]}, {"source": 1, "prod": 54.0, "target": 9, "value": 0.049109016245970596, "supply": [{"l": "Freshwater Fish", "v": 0.024346419071095592}, {"l": "Marine Fish, Other", "v": 0.00088437847053125004}, {"l": "Fish, Seafood", "v": 0.02387821870434375}]}, {"source": 1, "prod": 2326.0, "target": 0, "value": 2.5608452862205238, "supply": [{"l": "Poultry Meat", "v": 0.023154636319363639}, {"l": "Bovine Meat", "v": 0.51862019213489507}, {"l": "Eggs", "v": 0.045934881752966422}, {"l": "Milk - Excluding Butter", "v": 1.4938343920817925}, {"l": "Offals, Edible", "v": 0.06438538277652045}, {"l": "Meat, Other", "v": 0.11238955279370201}, {"l": "Mutton & Goat Meat", "v": 0.30411020980104103}]}, {"source": 11, "prod": 476.0, "target": 3, "value": 0.37322094156569829, "supply": [{"l": "Fats, Animals, Raw", "v": 0.09988274490705884}, {"l": "Beer", "v": 0.0075466962818666657}, {"l": "Beverages, Alcoholic", "v": 0.0074912058680294122}, {"l": "Butter, Ghee", "v": 0.098593935295354845}, {"l": "Beverages, Fermented", "v": 0.15970635921338855}]}, {"source": 11, "prod": 301.0, "target": 10, "value": 3.0967975032495905, "supply": [{"l": "Cottonseed Oil", "v": 0.52634312055324084}, {"l": "Oilcrops Oil, Other", "v": 0.010188039980520001}, {"l": "Groundnut Oil", "v": 1.8919332701759513}, {"l": "Sesameseed Oil", "v": 0.66833307253987884}]}, {"source": 11, "prod": 404.0, "target": 8, "value": 1.6694019046955344, "supply": [{"l": "Honey", "v": 0.0042984169548620083}, {"l": "Sweeteners, Other", "v": 0.017873754351789478}, {"l": "Sugar", "v": 1.6472297333888828}]}, {"source": 6, "prod": 1876.5, "target": 18, "value": 7.6238069155090802, "supply": [{"l": "Yams", "v": 0.20135499961499997}, {"l": "Tomatoes", "v": 0.34866666600000001}, {"l": "Vegetables, Other", "v": 2.21751999576}, {"l": "Potatoes", "v": 0.034866666600000006}, {"l": "Beans", "v": 0.034866666600000006}, {"l": "Pulses, Other", "v": 0.33297666603000003}, {"l": "Sweet potatoes", "v": 0.069733333200000011}, {"l": "Onions", "v": 0.10459999980000001}, {"l": "Cassava", "v": 0.17956333298999999}]}, {"source": 7, "prod": 620.40000000000009, "target": 18, "value": 2.1631279958640004, "supply": [{"l": "Sugar cane", "v": 2.1631279958640004}]}, {"source": 2, "prod": 6716.0, "target": 18, "value": 22.925809267752179, "supply": [{"l": "Maize", "v": 0.32774666604000002}, {"l": "Barley", "v": 0.013946666640000001}, {"l": "Rice", "v": 0.052299999900000005}, {"l": "Wheat", "v": 2.7614399947199999}, {"l": "Sorghum", "v": 16.408253301960002}, {"l": "Millet", "v": 3.8527666593000003}]}, {"source": 5, "prod": 1207.5, "target": 18, "value": 4.2141554213404904, "supply": [{"l": "Sesame seed", "v": 0.77926999851000012}, {"l": "Groundnuts", "v": 2.0902566626700003}, {"l": "Oilcrops, Other", "v": 0.12726333309000001}, {"l": "Cottonseed", "v": 1.21335999768}]}, {"source": 19, "prod": 0, "target": 6, "value": 0.020454969787973374, "supply": "[{\"l\":'Energy for power irrigation',\"v\":0.020454969787973374}]"}, {"source": 19, "prod": 0, "target": 7, "value": 0.016906825548173035, "supply": "[{\"l\":'Energy for power irrigation',\"v\":0.016906825548173035}]"}, {"source": 19, "prod": 0, "target": 2, "value": 0.036604203862517767, "supply": "[{\"l\":'Energy for power irrigation',\"v\":0.036604203862517767}]"}, {"source": 19, "prod": 0, "target": 5, "value": 0.013162470567001252, "supply": "[{\"l\":'Energy for power irrigation',\"v\":0.013162470567001252}]"}, {"source": 19, "prod": 0, "target": 11, "value": 0.028655052617529483, "supply": "[{\"l\":'Electricity',\"v\":0.028655052617529483}]"}, {"source": 20, "prod": 0, "target": 19, "value": 0.11271897524375536, "supply": [{"l": "Coal", "v": 0.0}, {"l": "Natural gas", "v": 0.0}, {"l": "Oil", "v": 0.11271897524375536}]}, {"source": 21, "prod": 0, "target": 19, "value": 0.072950311790567879, "supply": [{"l": "Nuclear", "v": 0.0}, {"l": "Hydroelectric", "v": 0.072950311790567879}, {"l": "Renewable", "v": 0.0}]}, {"source": 20, "prod": 0, "target": 6, "value": 0.34499798288578187, "supply": [{"l": "Motor Gasoline", "v": 0.0028889497083039025}, {"l": "Gas-Diesel oil", "v": 0.34210903317747798}]}, {"source": 20, "prod": 0, "target": 7, "value": 0.28515420807665748, "supply": [{"l": "Motor Gasoline", "v": 0.0023878289355605399}, {"l": "Gas-Diesel oil", "v": 0.28276637914109692}]}, {"source": 20, "prod": 0, "target": 2, "value": 0.61737448789259564, "supply": [{"l": "Motor Gasoline", "v": 0.0051697805065198535}, {"l": "Gas-Diesel oil", "v": 0.6122047073860758}]}, {"source": 20, "prod": 0, "target": 5, "value": 0.22200110009836485, "supply": [{"l": "Motor Gasoline", "v": 0.0018589964150157008}, {"l": "Gas-Diesel oil", "v": 0.22014210368334916}]}, {"source": 22, "prod": 2.7301161641436256, "target": 6, "value": 0.049319877480654445, "supply": [{"l": "Potash", "v": 6.6661111164439989e-05}, {"l": "Phosphate", "v": 0.00085429166735010006}, {"l": "Nitrogen", "v": 0.20915833350065999}]}, {"source": 22, "prod": 2.2565468534968094, "target": 7, "value": 0.040764790819341881, "supply": [{"l": "Potash", "v": 6.6661111164439989e-05}, {"l": "Phosphate", "v": 0.00085429166735010006}, {"l": "Nitrogen", "v": 0.20915833350065999}]}, {"source": 22, "prod": 4.8855476041536345, "target": 2, "value": 0.088258006171083203, "supply": [{"l": "Potash", "v": 6.6661111164439989e-05}, {"l": "Phosphate", "v": 0.00085429166735010006}, {"l": "Nitrogen", "v": 0.20915833350065999}]}, {"source": 22, "prod": 1.7567893782059301, "target": 5, "value": 0.031736611808094985, "supply": [{"l": "Potash", "v": 6.6661111164439989e-05}, {"l": "Phosphate", "v": 0.00085429166735010006}, {"l": "Nitrogen", "v": 0.20915833350065999}]}, {"source": 20, "prod": 0, "target": 22, "value": 0.24760043709859944, "supply": [{"l": "Natural gas (including LNG)", "v": 0.16840914938209822}, {"l": "Fuel oil", "v": 0.042218120949634549}, {"l": "Liquefied petroleum gas (LPG)", "v": 0.018486583383433335}, {"l": "Coal", "v": 0.018486583383433335}]}, {"source": 23, "prod": 0, "target": 2, "value": 1.027768846847386, "supply": "[{\"l\":'Labor',\"v\":1.027768846847386}]"}, {"source": 23, "prod": 0, "target": 5, "value": 0.36957441410608055, "supply": "[{\"l\":'Labor',\"v\":0.36957441410608055}]"}, {"source": 23, "prod": 0, "target": 6, "value": 0.57433241248038103, "supply": "[{\"l\":'Labor',\"v\":0.57433241248038103}]"}, {"source": 23, "prod": 0, "target": 7, "value": 0.47470800519961154, "supply": "[{\"l\":'Labor',\"v\":0.47470800519961154}]"}, {"source": 20, "prod": 0, "target": 14, "value": 0.26593487281714223, "supply": "[{\"l\":'Fossil Fuels',\"v\":0.26593487281714223}]"}, {"source": 21, "prod": 0, "target": 14, "value": 1.6147978597729049, "supply": "[{\"l\":'Renewables & Nuclear',\"v\":0.011271157654955231},{\"l\":'Biomass & Waste',\"v\":1.6035267021179498}]"}]}