{"nodes": [{"layer": 13, "name": "Milk - Excluding Butter"}, {"layer": 10, "name": "Feed", "fill": "#dbdb8d"}, {"layer": 5, "name": "Maize"}, {"layer": 5, "name": "Wheat"}, {"layer": 5, "name": "Sorghum"}, {"layer": 16, "name": "Food", "fill": "#b5cf6b"}, {"layer": 5, "name": "Fruits, Other"}, {"layer": 5, "name": "Yams"}, {"layer": 13, "name": "Sugar", "fill": "#d6616b"}, {"layer": 13, "name": "Oilcrops Oil, Other"}, {"layer": 13, "name": "Beer"}, {"layer": 13, "name": "Groundnut Oil"}, {"layer": 13, "name": "Beverages, Alcoholic"}, {"layer": 5, "name": "Barley"}, {"layer": 13, "name": "Honey"}, {"layer": 5, "name": "Rice"}, {"layer": 13, "name": "Butter, Ghee"}, {"layer": 5, "name": "Tomatoes"}, {"layer": 13, "name": "Fats, Animals, Raw"}, {"layer": 5, "name": "Coffee"}, {"layer": 13, "name": "Eggs"}, {"layer": 5, "name": "Vegetables, Other"}, {"layer": 5, "name": "Sesame seed"}, {"layer": 13, "name": "Marine Fish, Other"}, {"layer": 5, "name": "Groundnuts"}, {"layer": 5, "name": "Oilcrops, Other"}, {"layer": 5, "name": "Sugar cane"}, {"layer": 5, "name": "Dates"}, {"layer": 5, "name": "Potatoes"}, {"layer": 13, "name": "Freshwater Fish"}, {"layer": 5, "name": "Pimento"}, {"layer": 13, "name": "Sesameseed Oil"}, {"layer": 5, "name": "Beans"}, {"layer": 5, "name": "Pulses, Other"}, {"layer": 13, "name": "Fish, Seafood"}, {"layer": 13, "name": "Meat, Other"}, {"layer": 5, "name": "Lemons, Limes"}, {"layer": 13, "name": "Mutton & Goat Meat"}, {"layer": 13, "name": "Sweeteners, Other"}, {"layer": 13, "name": "Pelagic Fish"}, {"layer": 5, "name": "Bananas"}, {"layer": 13, "name": "Beverages, Fermented"}, {"layer": 13, "name": "Bovine Meat"}, {"layer": 5, "name": "Millet"}, {"layer": 13, "name": "Poultry Meat"}, {"layer": 13, "name": "Offals, Edible"}, {"layer": 5, "name": "Sweet potatoes"}, {"layer": 5, "name": "Grapefruit"}, {"layer": 5, "name": "Oranges, Mandarines"}, {"layer": 5, "name": "Tea"}, {"layer": 13, "name": "Cottonseed Oil"}, {"layer": 5, "name": "Cassava"}, {"layer": 5, "name": "Onions"}, {"layer": 5, "name": "Pineapples"}, {"layer": 5, "name": "Apples"}, {"layer": 5, "name": "Cottonseed"}, {"layer": 10, "name": "Processing", "fill": "#9edae5"}, {"layer": 16, "name": "Biofuels & Other", "fill": "#e7ba52"}, {"layer": 13, "name": "Palm Oil"}, {"name": "Waste", "fill": "#c7c7c7"}, {"layer": 2, "name": "Import", "fill": "#aec7e8"}, {"layer": 16, "name": "Export", "fill": "#aec7e8"}, {"layer": 0, "name": "Stock Draw", "fill": "#c7c7c7"}, {"layer": 16, "name": "Stock Deposit", "fill": "#c7c7c7"}, {"layer": 2, "name": "Electricity", "fill": "#bcbd22"}, {"layer": 0, "name": "Fossil Fuels", "fill": "#c49c94"}, {"layer": 0, "name": "Renewables & Nuclear", "fill": "#2ca02c"}, {"layer": 2, "name": "Fertilizers", "fill": "#c5b0d5"}, {"layer": 0, "name": "Labor", "fill": "#7f7f7f"}], "links": [{"source": 0, "prod": 41.0, "target": 1, "value": 0.03128198001312308, "supply": [{"l": "Milk - Excluding Butter", "v": 0.03128198001312308}]}, {"source": 2, "prod": 1.0, "target": 1, "value": 0.0036767860822086613, "supply": [{"l": "Maize", "v": 0.0036767860822086613}]}, {"source": 3, "prod": 10.0, "target": 1, "value": 0.036068768994215697, "supply": [{"l": "Wheat", "v": 0.036068768994215697}]}, {"source": 4, "prod": 88.0, "target": 1, "value": 0.31607196797260373, "supply": [{"l": "Sorghum", "v": 0.31607196797260373}]}, {"source": 2, "prod": 20.0, "target": 5, "value": 0.073535721644173227, "supply": [{"l": "Maize", "v": 0.073535721644173227}]}, {"source": 6, "prod": 312.0, "target": 5, "value": 0.17120542883500517, "supply": [{"l": "Fruits, Other", "v": 0.17120542883500517}]}, {"source": 7, "prod": 60.0, "target": 5, "value": 0.068284450271581767, "supply": [{"l": "Yams", "v": 0.068284450271581767}]}, {"source": 8, "prod": 285.0, "target": 5, "value": 1.1824889624282924, "supply": [{"l": "Sugar", "v": 1.1824889624282924}]}, {"source": 9, "prod": 1.0, "target": 5, "value": 0.010612541646375, "supply": [{"l": "Oilcrops Oil, Other", "v": 0.010612541646375}]}, {"source": 10, "prod": 8.0, "target": 5, "value": 0.0072255602698723413, "supply": [{"l": "Beer", "v": 0.0072255602698723413}]}, {"source": 11, "prod": 95.0, "target": 5, "value": 0.97555834282520448, "supply": [{"l": "Groundnut Oil", "v": 0.97555834282520448}]}, {"source": 12, "prod": 2.0, "target": 5, "value": 0.0060643095122142861, "supply": [{"l": "Beverages, Alcoholic", "v": 0.0060643095122142861}]}, {"source": 13, "prod": 1.0, "target": 5, "value": 0.0047166851761666672, "supply": [{"l": "Barley", "v": 0.0047166851761666672}]}, {"source": 14, "prod": 1.0, "target": 5, "value": 0.0040489683921618351, "supply": [{"l": "Honey", "v": 0.0040489683921618351}]}, {"source": 15, "prod": 16.0, "target": 5, "value": 0.069306394425306131, "supply": [{"l": "Rice", "v": 0.069306394425306131}]}, {"source": 16, "prod": 10.0, "target": 5, "value": 0.084900333171, "supply": [{"l": "Butter, Ghee", "v": 0.084900333171}]}, {"source": 17, "prod": 111.0, "target": 5, "value": 0.020606276199666911, "supply": [{"l": "Tomatoes", "v": 0.020606276199666911}]}, {"source": 18, "prod": 7.0, "target": 5, "value": 0.071057887545293491, "supply": [{"l": "Fats, Animals, Raw", "v": 0.071057887545293491}]}, {"source": 19, "prod": 7.0, "target": 5, "value": 0.0064598079586630445, "supply": [{"l": "Coffee", "v": 0.0064598079586630445}]}, {"source": 3, "prod": 296.0, "target": 5, "value": 1.0676355622287845, "supply": [{"l": "Wheat", "v": 1.0676355622287845}]}, {"source": 20, "prod": 15.0, "target": 5, "value": 0.027989120825604393, "supply": [{"l": "Eggs", "v": 0.027989120825604393}]}, {"source": 21, "prod": 478.0, "target": 5, "value": 0.12310119086674823, "supply": [{"l": "Vegetables, Other", "v": 0.12310119086674823}]}, {"source": 22, "prod": 17.0, "target": 5, "value": 0.11910774896319903, "supply": [{"l": "Sesame seed", "v": 0.11910774896319903}]}, {"source": 23, "prod": 1.0, "target": 5, "value": 0.00085470134064765117, "supply": [{"l": "Marine Fish, Other", "v": 0.00085470134064765117}]}, {"source": 24, "prod": 42.0, "target": 5, "value": 0.27116456221916357, "supply": [{"l": "Groundnuts", "v": 0.27116456221916357}]}, {"source": 25, "prod": 17.0, "target": 5, "value": 0.083267634456173079, "supply": [{"l": "Oilcrops, Other", "v": 0.083267634456173079}]}, {"source": 26, "prod": 55.0, "target": 5, "value": 0.020600816137080882, "supply": [{"l": "Sugar cane", "v": 0.020600816137080882}]}, {"source": 27, "prod": 108.0, "target": 5, "value": 0.19755411849299556, "supply": [{"l": "Dates", "v": 0.19755411849299556}]}, {"source": 28, "prod": 19.0, "target": 5, "value": 0.014027011567382609, "supply": [{"l": "Potatoes", "v": 0.014027011567382609}]}, {"source": 29, "prod": 22.0, "target": 5, "value": 0.02075341477513333, "supply": [{"l": "Freshwater Fish", "v": 0.02075341477513333}]}, {"source": 30, "prod": 6.0, "target": 5, "value": 0.020107973645763159, "supply": [{"l": "Pimento", "v": 0.020107973645763159}]}, {"source": 0, "prod": 1237.0, "target": 5, "value": 0.94380022624959148, "supply": [{"l": "Milk - Excluding Butter", "v": 0.94380022624959148}]}, {"source": 31, "prod": 54.0, "target": 5, "value": 0.55926815856920786, "supply": [{"l": "Sesameseed Oil", "v": 0.55926815856920786}]}, {"source": 32, "prod": 3.0, "target": 5, "value": 0.011577318159681819, "supply": [{"l": "Beans", "v": 0.011577318159681819}]}, {"source": 33, "prod": 60.0, "target": 5, "value": 0.23963803717620966, "supply": [{"l": "Pulses, Other", "v": 0.23963803717620966}]}, {"source": 34, "prod": 24.0, "target": 5, "value": 0.020512832175543626, "supply": [{"l": "Fish, Seafood", "v": 0.020512832175543626}]}, {"source": 35, "prod": 66.0, "target": 5, "value": 0.10960238609850366, "supply": [{"l": "Meat, Other", "v": 0.10960238609850366}]}, {"source": 36, "prod": 31.0, "target": 5, "value": 0.0069260798113184203, "supply": [{"l": "Lemons, Limes", "v": 0.0069260798113184203}]}, {"source": 4, "prod": 1251.0, "target": 5, "value": 4.4932503628832645, "supply": [{"l": "Sorghum", "v": 4.4932503628832645}]}, {"source": 37, "prod": 87.0, "target": 5, "value": 0.22653239454827234, "supply": [{"l": "Mutton & Goat Meat", "v": 0.22653239454827234}]}, {"source": 38, "prod": 7.0, "target": 5, "value": 0.027641968939395349, "supply": [{"l": "Sweeteners, Other", "v": 0.027641968939395349}]}, {"source": 39, "prod": 1.0, "target": 5, "value": 0.00085470134064765117, "supply": [{"l": "Pelagic Fish", "v": 0.00085470134064765117}]}, {"source": 40, "prod": 68.0, "target": 5, "value": 0.047882178423454984, "supply": [{"l": "Bananas", "v": 0.047882178423454984}]}, {"source": 41, "prod": 333.0, "target": 5, "value": 0.12327824540382122, "supply": [{"l": "Beverages, Fermented", "v": 0.12327824540382122}]}, {"source": 42, "prod": 156.0, "target": 5, "value": 0.38874035147092278, "supply": [{"l": "Bovine Meat", "v": 0.38874035147092278}]}, {"source": 43, "prod": 336.0, "target": 5, "value": 1.3258608810298191, "supply": [{"l": "Millet", "v": 1.3258608810298191}]}, {"source": 44, "prod": 13.0, "target": 5, "value": 0.020438969096722222, "supply": [{"l": "Poultry Meat", "v": 0.020438969096722222}]}, {"source": 45, "prod": 41.0, "target": 5, "value": 0.055034208063415031, "supply": [{"l": "Offals, Edible", "v": 0.055034208063415031}]}, {"source": 46, "prod": 25.0, "target": 5, "value": 0.027211645247115387, "supply": [{"l": "Sweet potatoes", "v": 0.027211645247115387}]}, {"source": 47, "prod": 43.0, "target": 5, "value": 0.013828463357397729, "supply": [{"l": "Grapefruit", "v": 0.013828463357397729}]}, {"source": 48, "prod": 35.0, "target": 5, "value": 0.013568546397191784, "supply": [{"l": "Oranges, Mandarines", "v": 0.013568546397191784}]}, {"source": 49, "prod": 17.0, "target": 5, "value": 0.0070750277642499994, "supply": [{"l": "Tea", "v": 0.0070750277642499994}]}, {"source": 50, "prod": 21.0, "target": 5, "value": 0.21257737267046536, "supply": [{"l": "Cottonseed Oil", "v": 0.21257737267046536}]}, {"source": 51, "prod": 126.0, "target": 5, "value": 0.16415511989073145, "supply": [{"l": "Cassava", "v": 0.16415511989073145}]}, {"source": 52, "prod": 22.0, "target": 5, "value": 0.013633630144248175, "supply": [{"l": "Onions", "v": 0.013633630144248175}]}, {"source": 53, "prod": 4.0, "target": 5, "value": 0.0018728162060712486, "supply": [{"l": "Pineapples", "v": 0.0018728162060712486}]}, {"source": 54, "prod": 1.0, "target": 5, "value": 0.00046820405151781216, "supply": [{"l": "Apples", "v": 0.00046820405151781216}]}, {"source": 55, "prod": 306.0, "target": 56, "value": 1.97562752473962, "supply": [{"l": "Cottonseed", "v": 1.97562752473962}]}, {"source": 22, "prod": 130.0, "target": 56, "value": 0.91082396265975729, "supply": [{"l": "Sesame seed", "v": 0.91082396265975729}]}, {"source": 13, "prod": 2.0, "target": 56, "value": 0.0094333703523333343, "supply": [{"l": "Barley", "v": 0.0094333703523333343}]}, {"source": 24, "prod": 214.0, "target": 56, "value": 1.3816480074976427, "supply": [{"l": "Groundnuts", "v": 1.3816480074976427}]}, {"source": 25, "prod": 2.0, "target": 56, "value": 0.0097961922889615409, "supply": [{"l": "Oilcrops, Other", "v": 0.0097961922889615409}]}, {"source": 4, "prod": 67.0, "target": 56, "value": 0.24064570288823239, "supply": [{"l": "Sorghum", "v": 0.24064570288823239}]}, {"source": 26, "prod": 1042.0, "target": 56, "value": 0.39029182572433235, "supply": [{"l": "Sugar cane", "v": 0.39029182572433235}]}, {"source": 50, "prod": 20.0, "target": 57, "value": 0.20245464063853846, "supply": [{"l": "Cottonseed Oil", "v": 0.20245464063853846}]}, {"source": 58, "prod": 1.0, "target": 57, "value": 0.010612541646375, "supply": [{"l": "Palm Oil", "v": 0.010612541646375}]}, {"source": 9, "prod": 1.0, "target": 57, "value": 0.010612541646375, "supply": [{"l": "Oilcrops Oil, Other", "v": 0.010612541646375}]}, {"source": 31, "prod": 11.0, "target": 57, "value": 0.11392499526409791, "supply": [{"l": "Sesameseed Oil", "v": 0.11392499526409791}]}, {"source": 2, "prod": 3.0, "target": 2, "value": 0.011030358246625984, "supply": [{"l": "Maize", "v": 0.011030358246625984}]}, {"source": 3, "prod": 12.0, "target": 3, "value": 0.043282522793058831, "supply": [{"l": "Wheat", "v": 0.043282522793058831}]}, {"source": 55, "prod": 18.0, "target": 55, "value": 0.11621338380821294, "supply": [{"l": "Cottonseed", "v": 0.11621338380821294}]}, {"source": 28, "prod": 1.0, "target": 28, "value": 0.00073826376670434787, "supply": [{"l": "Potatoes", "v": 0.00073826376670434787}]}, {"source": 20, "prod": 1.0, "target": 20, "value": 0.0018659413883736265, "supply": [{"l": "Eggs", "v": 0.0018659413883736265}]}, {"source": 7, "prod": 38.0, "target": 7, "value": 0.04324681850533512, "supply": [{"l": "Yams", "v": 0.04324681850533512}]}, {"source": 43, "prod": 10.0, "target": 43, "value": 0.039460145268744612, "supply": [{"l": "Millet", "v": 0.039460145268744612}]}, {"source": 46, "prod": 2.0, "target": 46, "value": 0.0021769316197692307, "supply": [{"l": "Sweet potatoes", "v": 0.0021769316197692307}]}, {"source": 33, "prod": 3.0, "target": 33, "value": 0.011981901858810484, "supply": [{"l": "Pulses, Other", "v": 0.011981901858810484}]}, {"source": 24, "prod": 5.0, "target": 24, "value": 0.032281495502281377, "supply": [{"l": "Groundnuts", "v": 0.032281495502281377}]}, {"source": 25, "prod": 2.0, "target": 25, "value": 0.0097961922889615409, "supply": [{"l": "Oilcrops, Other", "v": 0.0097961922889615409}]}, {"source": 22, "prod": 5.0, "target": 22, "value": 0.035031690871529131, "supply": [{"l": "Sesame seed", "v": 0.035031690871529131}]}, {"source": 4, "prod": 20.0, "target": 4, "value": 0.071834538175591767, "supply": [{"l": "Sorghum", "v": 0.071834538175591767}]}, {"source": 2, "prod": 2.0, "target": 59, "value": 0.0073535721644173227, "supply": [{"l": "Maize", "v": 0.0073535721644173227}]}, {"source": 6, "prod": 55.0, "target": 59, "value": 0.030180444185657965, "supply": [{"l": "Fruits, Other", "v": 0.030180444185657965}]}, {"source": 7, "prod": 11.0, "target": 59, "value": 0.012518815883123324, "supply": [{"l": "Yams", "v": 0.012518815883123324}]}, {"source": 47, "prod": 8.0, "target": 59, "value": 0.002572737368818182, "supply": [{"l": "Grapefruit", "v": 0.002572737368818182}]}, {"source": 17, "prod": 20.0, "target": 59, "value": 0.0037128425584985426, "supply": [{"l": "Tomatoes", "v": 0.0037128425584985426}]}, {"source": 3, "prod": 18.0, "target": 59, "value": 0.064923784189588246, "supply": [{"l": "Wheat", "v": 0.064923784189588246}]}, {"source": 20, "prod": 2.0, "target": 59, "value": 0.0037318827767472531, "supply": [{"l": "Eggs", "v": 0.0037318827767472531}]}, {"source": 21, "prod": 84.0, "target": 59, "value": 0.021632845256918099, "supply": [{"l": "Vegetables, Other", "v": 0.021632845256918099}]}, {"source": 22, "prod": 8.0, "target": 59, "value": 0.0560507053944466, "supply": [{"l": "Sesame seed", "v": 0.0560507053944466}]}, {"source": 24, "prod": 39.0, "target": 59, "value": 0.2517956649177947, "supply": [{"l": "Groundnuts", "v": 0.2517956649177947}]}, {"source": 25, "prod": 5.0, "target": 59, "value": 0.024490480722403847, "supply": [{"l": "Oilcrops, Other", "v": 0.024490480722403847}]}, {"source": 27, "prod": 12.0, "target": 59, "value": 0.021950457610332839, "supply": [{"l": "Dates", "v": 0.021950457610332839}]}, {"source": 55, "prod": 18.0, "target": 59, "value": 0.11621338380821294, "supply": [{"l": "Cottonseed", "v": 0.11621338380821294}]}, {"source": 28, "prod": 2.0, "target": 59, "value": 0.0014765275334086957, "supply": [{"l": "Potatoes", "v": 0.0014765275334086957}]}, {"source": 0, "prod": 30.0, "target": 59, "value": 0.022889253668138841, "supply": [{"l": "Milk - Excluding Butter", "v": 0.022889253668138841}]}, {"source": 33, "prod": 7.0, "target": 59, "value": 0.027957771003891126, "supply": [{"l": "Pulses, Other", "v": 0.027957771003891126}]}, {"source": 36, "prod": 5.0, "target": 59, "value": 0.0011171096469868422, "supply": [{"l": "Lemons, Limes", "v": 0.0011171096469868422}]}, {"source": 4, "prod": 163.0, "target": 59, "value": 0.5854514861310729, "supply": [{"l": "Sorghum", "v": 0.5854514861310729}]}, {"source": 40, "prod": 12.0, "target": 59, "value": 0.0084497961923744088, "supply": [{"l": "Bananas", "v": 0.0084497961923744088}]}, {"source": 43, "prod": 18.0, "target": 59, "value": 0.071028261483740307, "supply": [{"l": "Millet", "v": 0.071028261483740307}]}, {"source": 46, "prod": 3.0, "target": 59, "value": 0.0032653974296538461, "supply": [{"l": "Sweet potatoes", "v": 0.0032653974296538461}]}, {"source": 48, "prod": 6.0, "target": 59, "value": 0.0023260365252328772, "supply": [{"l": "Oranges, Mandarines", "v": 0.0023260365252328772}]}, {"source": 52, "prod": 4.0, "target": 59, "value": 0.0024788418444087594, "supply": [{"l": "Onions", "v": 0.0024788418444087594}]}, {"source": 51, "prod": 14.0, "target": 59, "value": 0.018239457765636829, "supply": [{"l": "Cassava", "v": 0.018239457765636829}]}, {"source": 60, "prod": 13.0, "target": 15, "value": 0.056311445470561231, "supply": [{"l": "Rice", "v": 0.056311445470561231}]}, {"source": 60, "prod": 190.0, "target": 3, "value": 0.68530661089009814, "supply": [{"l": "Wheat", "v": 0.68530661089009814}]}, {"source": 60, "prod": 28.0, "target": 1, "value": 0.02154675586034897, "supply": [{"l": "Pelagic Fish", "v": 0.00085470134064765117}, {"l": "Milk - Excluding Butter", "v": 0.019837353179053666}, {"l": "Fish, Seafood", "v": 0.00085470134064765117}]}, {"source": 60, "prod": 5.0, "target": 13, "value": 0.023583425880833338, "supply": [{"l": "Barley", "v": 0.023583425880833338}]}, {"source": 60, "prod": 1.0, "target": 27, "value": 0.0018292048008610698, "supply": [{"l": "Dates", "v": 0.0018292048008610698}]}, {"source": 60, "prod": 235.0, "target": 56, "value": 0.99856413944436606, "supply": [{"l": "Fats, Animals, Raw", "v": 0.020302253584369566}, {"l": "Sweeteners, Other", "v": 0.027641968939395349}, {"l": "Sugar", "v": 0.92939483362785102}, {"l": "Palm Oil", "v": 0.010612541646375}, {"l": "Oilcrops Oil, Other", "v": 0.010612541646375}]}, {"source": 60, "prod": 7.0, "target": 19, "value": 0.0064598079586630445, "supply": [{"l": "Coffee", "v": 0.0064598079586630445}]}, {"source": 60, "prod": 1.0, "target": 54, "value": 0.00046820405151781216, "supply": [{"l": "Apples", "v": 0.00046820405151781216}]}, {"source": 60, "prod": 17.0, "target": 49, "value": 0.0070750277642499994, "supply": [{"l": "Tea", "v": 0.0070750277642499994}]}, {"source": 60, "prod": 2.0, "target": 6, "value": 0.0010974706976602897, "supply": [{"l": "Fruits, Other", "v": 0.0010974706976602897}]}, {"source": 60, "prod": 2.0, "target": 21, "value": 0.00051506774421233566, "supply": [{"l": "Vegetables, Other", "v": 0.00051506774421233566}]}, {"source": 60, "prod": 3.0, "target": 33, "value": 0.011981901858810484, "supply": [{"l": "Pulses, Other", "v": 0.011981901858810484}]}, {"source": 55, "prod": 16.0, "target": 61, "value": 0.10330078560730038, "supply": [{"l": "Cottonseed", "v": 0.10330078560730038}]}, {"source": 42, "prod": 12.0, "target": 61, "value": 0.029903103959301753, "supply": [{"l": "Bovine Meat", "v": 0.029903103959301753}]}, {"source": 21, "prod": 1.0, "target": 61, "value": 0.00025753387210616783, "supply": [{"l": "Vegetables, Other", "v": 0.00025753387210616783}]}, {"source": 6, "prod": 1.0, "target": 61, "value": 0.00054873534883014485, "supply": [{"l": "Fruits, Other", "v": 0.00054873534883014485}]}, {"source": 22, "prod": 105.0, "target": 61, "value": 0.73566550830211175, "supply": [{"l": "Sesame seed", "v": 0.73566550830211175}]}, {"source": 43, "prod": 6.0, "target": 61, "value": 0.023676087161246764, "supply": [{"l": "Millet", "v": 0.023676087161246764}]}, {"source": 11, "prod": 2.0, "target": 61, "value": 0.020538070375267461, "supply": [{"l": "Groundnut Oil", "v": 0.020538070375267461}]}, {"source": 33, "prod": 4.0, "target": 61, "value": 0.015975869145080646, "supply": [{"l": "Pulses, Other", "v": 0.015975869145080646}]}, {"source": 24, "prod": 136.0, "target": 61, "value": 0.87805667766205331, "supply": [{"l": "Groundnuts", "v": 0.87805667766205331}]}, {"source": 50, "prod": 11.0, "target": 61, "value": 0.11135005235119616, "supply": [{"l": "Cottonseed Oil", "v": 0.11135005235119616}]}, {"source": 25, "prod": 16.0, "target": 61, "value": 0.078369538311692327, "supply": [{"l": "Oilcrops, Other", "v": 0.078369538311692327}]}, {"source": 4, "prod": 102.0, "target": 61, "value": 0.36635614469551803, "supply": [{"l": "Sorghum", "v": 0.36635614469551803}]}, {"source": 37, "prod": 2.0, "target": 61, "value": 0.0052076412539832717, "supply": [{"l": "Mutton & Goat Meat", "v": 0.0052076412539832717}]}, {"source": 62, "prod": 5.0, "target": 33, "value": 0.019969836431350807, "supply": [{"l": "Pulses, Other", "v": 0.019969836431350807}]}, {"source": 8, "prod": 61.0, "target": 63, "value": 0.25309412880044152, "supply": [{"l": "Sugar", "v": 0.25309412880044152}]}, {"source": 2, "prod": 10.0, "target": 63, "value": 0.036767860822086613, "supply": [{"l": "Maize", "v": 0.036767860822086613}]}, {"source": 62, "prod": 21.0, "target": 22, "value": 0.14713310166042234, "supply": [{"l": "Sesame seed", "v": 0.14713310166042234}]}, {"source": 62, "prod": 85.0, "target": 43, "value": 0.33541123478432922, "supply": [{"l": "Millet", "v": 0.33541123478432922}]}, {"source": 25, "prod": 3.0, "target": 63, "value": 0.014694288433442311, "supply": [{"l": "Oilcrops, Other", "v": 0.014694288433442311}]}, {"source": 62, "prod": 10.0, "target": 52, "value": 0.0061971046110218982, "supply": [{"l": "Onions", "v": 0.0061971046110218982}]}, {"source": 62, "prod": 4.0, "target": 56, "value": 0.040490928127707687, "supply": [{"l": "Cottonseed Oil", "v": 0.040490928127707687}]}, {"source": 13, "prod": 2.0, "target": 63, "value": 0.0094333703523333343, "supply": [{"l": "Barley", "v": 0.0094333703523333343}]}, {"source": 62, "prod": 49.0, "target": 24, "value": 0.3163586559223574, "supply": [{"l": "Groundnuts", "v": 0.3163586559223574}]}, {"source": 3, "prod": 6.0, "target": 63, "value": 0.021641261396529415, "supply": [{"l": "Wheat", "v": 0.021641261396529415}]}, {"source": 1, "prod": 13.0, "target": 44, "value": 0.020438969096722222, "supply": [{"l": "Poultry Meat", "v": 0.020438969096722222}]}, {"source": 1, "prod": 1.0, "target": 39, "value": 0.00085470134064765117, "supply": [{"l": "Pelagic Fish", "v": 0.00085470134064765117}]}, {"source": 1, "prod": 168.0, "target": 42, "value": 0.41864345543022452, "supply": [{"l": "Bovine Meat", "v": 0.41864345543022452}]}, {"source": 1, "prod": 17.0, "target": 20, "value": 0.031721003602351645, "supply": [{"l": "Eggs", "v": 0.033586944990725273}]}, {"source": 1, "prod": 1308.0, "target": 0, "value": 0.99797145993085346, "supply": [{"l": "Milk - Excluding Butter", "v": 0.99797145993085346}]}, {"source": 1, "prod": 41.0, "target": 45, "value": 0.055034208063415031, "supply": [{"l": "Offals, Edible", "v": 0.055034208063415031}]}, {"source": 1, "prod": 1.0, "target": 23, "value": 0.00085470134064765117, "supply": [{"l": "Marine Fish, Other", "v": 0.00085470134064765117}]}, {"source": 1, "prod": 24.0, "target": 34, "value": 0.020512832175543626, "supply": [{"l": "Fish, Seafood", "v": 0.020512832175543626}]}, {"source": 1, "prod": 66.0, "target": 35, "value": 0.10960238609850366, "supply": [{"l": "Meat, Other", "v": 0.10960238609850366}]}, {"source": 1, "prod": 22.0, "target": 29, "value": 0.02075341477513333, "supply": [{"l": "Freshwater Fish", "v": 0.02075341477513333}]}, {"source": 1, "prod": 89.0, "target": 37, "value": 0.23174003580225561, "supply": [{"l": "Mutton & Goat Meat", "v": 0.23174003580225561}]}, {"source": 56, "prod": 7.0, "target": 18, "value": 0.071057887545293491, "supply": [{"l": "Fats, Animals, Raw", "v": 0.071057887545293491}]}, {"source": 56, "prod": 7.0, "target": 38, "value": 0.027641968939395349, "supply": [{"l": "Sweeteners, Other", "v": 0.027641968939395349}]}, {"source": 56, "prod": 65.0, "target": 31, "value": 0.6731931538333058, "supply": [{"l": "Sesameseed Oil", "v": 0.6731931538333058}]}, {"source": 56, "prod": 333.0, "target": 41, "value": 0.12327824540382122, "supply": [{"l": "Beverages, Fermented", "v": 0.12327824540382122}]}, {"source": 56, "prod": 346.0, "target": 8, "value": 1.435583091228734, "supply": [{"l": "Sugar", "v": 1.435583091228734}]}, {"source": 56, "prod": 1.0, "target": 14, "value": 0.0040489683921618351, "supply": [{"l": "Honey", "v": 0.0040489683921618351}]}, {"source": 56, "prod": 1.0, "target": 58, "value": 0.010612541646375, "supply": [{"l": "Palm Oil", "v": 0.010612541646375}]}, {"source": 56, "prod": 8.0, "target": 10, "value": 0.0072255602698723413, "supply": [{"l": "Beer", "v": 0.0072255602698723413}]}, {"source": 56, "prod": 97.0, "target": 11, "value": 0.99609641320047193, "supply": [{"l": "Groundnut Oil", "v": 0.99609641320047193}]}, {"source": 56, "prod": 2.0, "target": 12, "value": 0.0060643095122142861, "supply": [{"l": "Beverages, Alcoholic", "v": 0.0060643095122142861}]}, {"source": 56, "prod": 52.0, "target": 50, "value": 0.52638206566020007, "supply": [{"l": "Cottonseed Oil", "v": 0.52638206566020007}]}, {"source": 56, "prod": 2.0, "target": 9, "value": 0.02122508329275, "supply": [{"l": "Oilcrops Oil, Other", "v": 0.02122508329275}]}, {"source": 56, "prod": 10.0, "target": 16, "value": 0.084900333171, "supply": [{"l": "Butter, Ghee", "v": 0.084900333171}]}, {"source": 64, "prod": 0, "target": 2, "value": 0.00049702778800564667, "supply": "[{\"l\":'Energy for power irrigation',\"v\":0.00049702778800564667}]"}, {"source": 64, "prod": 0, "target": 6, "value": 0.0049907036795635478, "supply": "[{\"l\":'Energy for power irrigation',\"v\":0.0049907036795635478}]"}, {"source": 64, "prod": 0, "target": 7, "value": 0.0014842747641812461, "supply": "[{\"l\":'Energy for power irrigation',\"v\":0.0014842747641812461}]"}, {"source": 64, "prod": 0, "target": 47, "value": 0.00068766858340507274, "supply": "[{\"l\":'Energy for power irrigation',\"v\":0.00068766858340507274}]"}, {"source": 64, "prod": 0, "target": 15, "value": 0.0001361719967138758, "supply": "[{\"l\":'Energy for power irrigation',\"v\":0.0001361719967138758}]"}, {"source": 64, "prod": 0, "target": 17, "value": 0.0017770445571160789, "supply": "[{\"l\":'Energy for power irrigation',\"v\":0.0017770445571160789}]"}, {"source": 64, "prod": 0, "target": 3, "value": 0.0033634483188327317, "supply": "[{\"l\":'Energy for power irrigation',\"v\":0.0033634483188327317}]"}, {"source": 64, "prod": 0, "target": 21, "value": 0.0076528662153198188, "supply": "[{\"l\":'Energy for power irrigation',\"v\":0.0076528662153198188}]"}, {"source": 64, "prod": 0, "target": 22, "value": 0.0034655773163681388, "supply": "[{\"l\":'Energy for power irrigation',\"v\":0.0034655773163681388}]"}, {"source": 64, "prod": 0, "target": 24, "value": 0.0056034776647759885, "supply": "[{\"l\":'Energy for power irrigation',\"v\":0.0056034776647759885}]"}, {"source": 64, "prod": 0, "target": 25, "value": 0.00061958258504813486, "supply": "[{\"l\":'Energy for power irrigation',\"v\":0.00061958258504813486}]"}, {"source": 64, "prod": 0, "target": 27, "value": 0.0016340639605665094, "supply": "[{\"l\":'Energy for power irrigation',\"v\":0.0016340639605665094}]"}, {"source": 64, "prod": 0, "target": 55, "value": 0.0048749574823567527, "supply": "[{\"l\":'Energy for power irrigation',\"v\":0.0048749574823567527}]"}, {"source": 64, "prod": 0, "target": 28, "value": 0.00029957839277052677, "supply": "[{\"l\":'Energy for power irrigation',\"v\":0.00029957839277052677}]"}, {"source": 64, "prod": 0, "target": 30, "value": 8.1703198028325482e-05, "supply": "[{\"l\":'Energy for power irrigation',\"v\":8.1703198028325482e-05}]"}, {"source": 64, "prod": 0, "target": 32, "value": 4.7660198849856531e-05, "supply": "[{\"l\":'Energy for power irrigation',\"v\":4.7660198849856531e-05}]"}, {"source": 64, "prod": 0, "target": 33, "value": 0.00095320397699713056, "supply": "[{\"l\":'Energy for power irrigation',\"v\":0.00095320397699713056}]"}, {"source": 64, "prod": 0, "target": 36, "value": 0.00049021918816995278, "supply": "[{\"l\":'Energy for power irrigation',\"v\":0.00049021918816995278}]"}, {"source": 64, "prod": 0, "target": 4, "value": 0.023026684644316397, "supply": "[{\"l\":'Energy for power irrigation',\"v\":0.023026684644316397}]"}, {"source": 64, "prod": 0, "target": 26, "value": 0.014938068039512175, "supply": "[{\"l\":'Energy for power irrigation',\"v\":0.014938068039512175}]"}, {"source": 64, "prod": 0, "target": 53, "value": 5.4468798685550314e-05, "supply": "[{\"l\":'Energy for power irrigation',\"v\":5.4468798685550314e-05}]"}, {"source": 64, "prod": 0, "target": 40, "value": 0.0010893759737110064, "supply": "[{\"l\":'Energy for power irrigation',\"v\":0.0010893759737110064}]"}, {"source": 64, "prod": 0, "target": 43, "value": 0.0044596328923794323, "supply": "[{\"l\":'Energy for power irrigation',\"v\":0.0044596328923794323}]"}, {"source": 64, "prod": 0, "target": 46, "value": 0.00040851599014162735, "supply": "[{\"l\":'Energy for power irrigation',\"v\":0.00040851599014162735}]"}, {"source": 64, "prod": 0, "target": 48, "value": 0.00055830518652689066, "supply": "[{\"l\":'Energy for power irrigation',\"v\":0.00055830518652689066}]"}, {"source": 64, "prod": 0, "target": 52, "value": 0.00028596119309913916, "supply": "[{\"l\":'Energy for power irrigation',\"v\":0.00028596119309913916}]"}, {"source": 64, "prod": 0, "target": 51, "value": 0.0019064079539942611, "supply": "[{\"l\":'Energy for power irrigation',\"v\":0.0019064079539942611}]"}, {"source": 64, "prod": 0, "target": 56, "value": 0.010847820555682451, "supply": "[{\"l\":'Electricity',\"v\":0.010847820555682451}]"}, {"source": 65, "prod": 0, "target": 64, "value": 0.076135838755412438, "supply": [{"l": "Coal", "v": 0.0}, {"l": "Natural gas", "v": 0.0}, {"l": "Oil", "v": 0.076135838755412438}]}, {"source": 66, "prod": 0, "target": 64, "value": 0.067507110363132353, "supply": [{"l": "Nuclear", "v": 0.0}, {"l": "Hydroelectric", "v": 0.067507110363132353}, {"l": "Renewable", "v": 0.0}]}, {"source": 65, "prod": 0, "target": 2, "value": 0.0085335715427251758, "supply": [{"l": "Motor Gasoline", "v": 7.1458559881807317e-05}, {"l": "Gas-Diesel oil", "v": 0.00846211298284337}]}, {"source": 65, "prod": 0, "target": 6, "value": 0.085686410148185677, "supply": [{"l": "Motor Gasoline", "v": 0.00071752225196390087}, {"l": "Gas-Diesel oil", "v": 0.08496888789622177}]}, {"source": 65, "prod": 0, "target": 7, "value": 0.025483816387864223, "supply": [{"l": "Motor Gasoline", "v": 0.00021339679526347939}, {"l": "Gas-Diesel oil", "v": 0.025270419592600745}]}, {"source": 65, "prod": 0, "target": 47, "value": 0.011806722271441682, "supply": [{"l": "Motor Gasoline", "v": 9.8867322576199165e-05}, {"l": "Gas-Diesel oil", "v": 0.011707854948865483}]}, {"source": 65, "prod": 0, "target": 15, "value": 0.0023379648062260756, "supply": [{"l": "Motor Gasoline", "v": 1.9577687638851319e-05}, {"l": "Gas-Diesel oil", "v": 0.0023183871185872246}]}, {"source": 65, "prod": 0, "target": 17, "value": 0.030510440721250285, "supply": [{"l": "Motor Gasoline", "v": 0.00025548882368700972}, {"l": "Gas-Diesel oil", "v": 0.030254951897563276}]}, {"source": 65, "prod": 0, "target": 3, "value": 0.057747730713784064, "supply": [{"l": "Motor Gasoline", "v": 0.00048356888467962754}, {"l": "Gas-Diesel oil", "v": 0.057264161829104439}]}, {"source": 65, "prod": 0, "target": 21, "value": 0.13139362210990543, "supply": [{"l": "Motor Gasoline", "v": 0.0011002660453034441}, {"l": "Gas-Diesel oil", "v": 0.13029335606460202}]}, {"source": 65, "prod": 0, "target": 22, "value": 0.059501204318453627, "supply": [{"l": "Motor Gasoline", "v": 0.00049825215040876609}, {"l": "Gas-Diesel oil", "v": 0.059002952168044867}]}, {"source": 65, "prod": 0, "target": 24, "value": 0.096207251776203012, "supply": [{"l": "Motor Gasoline", "v": 0.00080562184633873181}, {"l": "Gas-Diesel oil", "v": 0.095401629929864284}]}, {"source": 65, "prod": 0, "target": 25, "value": 0.010637739868328644, "supply": [{"l": "Motor Gasoline", "v": 8.90784787567735e-05}, {"l": "Gas-Diesel oil", "v": 0.01054866138957187}]}, {"source": 65, "prod": 0, "target": 27, "value": 0.028055577674712905, "supply": [{"l": "Motor Gasoline", "v": 0.00023493225166621581}, {"l": "Gas-Diesel oil", "v": 0.027820645423046689}]}, {"source": 65, "prod": 0, "target": 55, "value": 0.083699140062893501, "supply": [{"l": "Motor Gasoline", "v": 0.00070088121747087723}, {"l": "Gas-Diesel oil", "v": 0.082998258845422626}]}, {"source": 65, "prod": 0, "target": 28, "value": 0.0051435225736973667, "supply": [{"l": "Motor Gasoline", "v": 4.3070912805472904e-05}, {"l": "Gas-Diesel oil", "v": 0.0051004516608918939}]}, {"source": 65, "prod": 0, "target": 30, "value": 0.0014027788837356454, "supply": [{"l": "Motor Gasoline", "v": 1.1746612583310792e-05}, {"l": "Gas-Diesel oil", "v": 0.0013910322711523347}]}, {"source": 65, "prod": 0, "target": 32, "value": 0.00081828768217912656, "supply": [{"l": "Motor Gasoline", "v": 6.8521906735979627e-06}, {"l": "Gas-Diesel oil", "v": 0.00081143549150552866}]}, {"source": 65, "prod": 0, "target": 33, "value": 0.016365753643582531, "supply": [{"l": "Motor Gasoline", "v": 0.00013704381347195925}, {"l": "Gas-Diesel oil", "v": 0.016228709830110571}]}, {"source": 65, "prod": 0, "target": 36, "value": 0.0084166733024138712, "supply": [{"l": "Motor Gasoline", "v": 7.0479675499864744e-05}, {"l": "Gas-Diesel oil", "v": 0.0083461936269140068}]}, {"source": 65, "prod": 0, "target": 4, "value": 0.39534984873282941, "supply": [{"l": "Motor Gasoline", "v": 0.0033105869797297582}, {"l": "Gas-Diesel oil", "v": 0.39203926175309967}]}, {"source": 65, "prod": 0, "target": 26, "value": 0.25647473924300052, "supply": [{"l": "Motor Gasoline", "v": 0.0021476723339819898}, {"l": "Gas-Diesel oil", "v": 0.25432706690901852}]}, {"source": 65, "prod": 0, "target": 53, "value": 0.00093518592249043023, "supply": [{"l": "Motor Gasoline", "v": 7.8310750555405266e-06}, {"l": "Gas-Diesel oil", "v": 0.00092735484743488976}]}, {"source": 65, "prod": 0, "target": 40, "value": 0.018703718449808605, "supply": [{"l": "Motor Gasoline", "v": 0.00015662150111081055}, {"l": "Gas-Diesel oil", "v": 0.018547096948697796}]}, {"source": 65, "prod": 0, "target": 43, "value": 0.076568347403903975, "supply": [{"l": "Motor Gasoline", "v": 0.0006411692701723807}, {"l": "Gas-Diesel oil", "v": 0.075927178133731593}]}, {"source": 65, "prod": 0, "target": 46, "value": 0.0070138944186782263, "supply": [{"l": "Motor Gasoline", "v": 5.8733062916553953e-05}, {"l": "Gas-Diesel oil", "v": 0.0069551613557616724}]}, {"source": 65, "prod": 0, "target": 48, "value": 0.0095856557055269097, "supply": [{"l": "Motor Gasoline", "v": 8.0268519319290409e-05}, {"l": "Gas-Diesel oil", "v": 0.0095053871862076193}]}, {"source": 65, "prod": 0, "target": 52, "value": 0.0049097260930747585, "supply": [{"l": "Motor Gasoline", "v": 4.1113144041587771e-05}, {"l": "Gas-Diesel oil", "v": 0.0048686129490331711}]}, {"source": 65, "prod": 0, "target": 51, "value": 0.032731507287165063, "supply": [{"l": "Motor Gasoline", "v": 0.0002740876269439185}, {"l": "Gas-Diesel oil", "v": 0.032457419660221143}]}, {"source": 67, "prod": 0.31859287682893328, "target": 2, "value": 0.0058310575271396433, "supply": [{"l": "Potash", "v": 6.5223037002277892e-05}, {"l": "Phosphate", "v": 0.00061020833382149984}, {"l": "Nitrogen", "v": 1.0034646258027715}]}, {"source": 67, "prod": 3.199021626241207, "target": 6, "value": 0.058550207772511756, "supply": [{"l": "Potash", "v": 6.5223037002277892e-05}, {"l": "Phosphate", "v": 0.00061020833382149984}, {"l": "Nitrogen", "v": 1.0034646258027715}]}, {"source": 67, "prod": 0.9514143445028419, "target": 7, "value": 0.017413295081047154, "supply": [{"l": "Potash", "v": 6.5223037002277892e-05}, {"l": "Phosphate", "v": 0.00061020833382149984}, {"l": "Nitrogen", "v": 1.0034646258027715}]}, {"source": 67, "prod": 0.440792884379757, "target": 47, "value": 0.0080676275375493687, "supply": [{"l": "Potash", "v": 6.5223037002277892e-05}, {"l": "Phosphate", "v": 0.00061020833382149984}, {"l": "Nitrogen", "v": 1.0034646258027715}]}, {"source": 67, "prod": 0.087285719679159809, "target": 15, "value": 0.0015975500074355187, "supply": [{"l": "Potash", "v": 6.5223037002277892e-05}, {"l": "Phosphate", "v": 0.00061020833382149984}, {"l": "Nitrogen", "v": 1.0034646258027715}]}, {"source": 67, "prod": 1.1390786418130354, "target": 17, "value": 0.020848027597033515, "supply": [{"l": "Potash", "v": 6.5223037002277892e-05}, {"l": "Phosphate", "v": 0.00061020833382149984}, {"l": "Nitrogen", "v": 1.0034646258027715}]}, {"source": 67, "prod": 2.155957276075247, "target": 3, "value": 0.039459485183657307, "supply": [{"l": "Potash", "v": 6.5223037002277892e-05}, {"l": "Phosphate", "v": 0.00061020833382149984}, {"l": "Nitrogen", "v": 1.0034646258027715}]}, {"source": 67, "prod": 4.9054574459687812, "target": 21, "value": 0.089782310417876141, "supply": [{"l": "Potash", "v": 6.5223037002277892e-05}, {"l": "Phosphate", "v": 0.00061020833382149984}, {"l": "Nitrogen", "v": 1.0034646258027715}]}, {"source": 67, "prod": 2.2214215658346173, "target": 22, "value": 0.040657647689233953, "supply": [{"l": "Potash", "v": 6.5223037002277892e-05}, {"l": "Phosphate", "v": 0.00061020833382149984}, {"l": "Nitrogen", "v": 1.0034646258027715}]}, {"source": 67, "prod": 3.5918073647974258, "target": 24, "value": 0.065739182805971588, "supply": [{"l": "Potash", "v": 6.5223037002277892e-05}, {"l": "Phosphate", "v": 0.00061020833382149984}, {"l": "Nitrogen", "v": 1.0034646258027715}]}, {"source": 67, "prod": 0.39715002454017712, "target": 25, "value": 0.0072688525338316101, "supply": [{"l": "Potash", "v": 6.5223037002277892e-05}, {"l": "Phosphate", "v": 0.00061020833382149984}, {"l": "Nitrogen", "v": 1.0034646258027715}]}, {"source": 67, "prod": 1.0474286361499177, "target": 27, "value": 0.019170600089226223, "supply": [{"l": "Potash", "v": 6.5223037002277892e-05}, {"l": "Phosphate", "v": 0.00061020833382149984}, {"l": "Nitrogen", "v": 1.0034646258027715}]}, {"source": 67, "prod": 3.124828764513921, "target": 55, "value": 0.057192290266191562, "supply": [{"l": "Potash", "v": 6.5223037002277892e-05}, {"l": "Phosphate", "v": 0.00061020833382149984}, {"l": "Nitrogen", "v": 1.0034646258027715}]}, {"source": 67, "prod": 0.19202858329415157, "target": 28, "value": 0.003514610016358141, "supply": [{"l": "Potash", "v": 6.5223037002277892e-05}, {"l": "Phosphate", "v": 0.00061020833382149984}, {"l": "Nitrogen", "v": 1.0034646258027715}]}, {"source": 67, "prod": 0.052371431807495886, "target": 30, "value": 0.00095853000446131118, "supply": [{"l": "Potash", "v": 6.5223037002277892e-05}, {"l": "Phosphate", "v": 0.00061020833382149984}, {"l": "Nitrogen", "v": 1.0034646258027715}]}, {"source": 67, "prod": 0.030550001887705933, "target": 32, "value": 0.00055914250260243156, "supply": [{"l": "Potash", "v": 6.5223037002277892e-05}, {"l": "Phosphate", "v": 0.00061020833382149984}, {"l": "Nitrogen", "v": 1.0034646258027715}]}, {"source": 67, "prod": 0.61100003775411871, "target": 33, "value": 0.01118285005204863, "supply": [{"l": "Potash", "v": 6.5223037002277892e-05}, {"l": "Phosphate", "v": 0.00061020833382149984}, {"l": "Nitrogen", "v": 1.0034646258027715}]}, {"source": 67, "prod": 0.31422859084497529, "target": 36, "value": 0.0057511800267678673, "supply": [{"l": "Potash", "v": 6.5223037002277892e-05}, {"l": "Phosphate", "v": 0.00061020833382149984}, {"l": "Nitrogen", "v": 1.0034646258027715}]}, {"source": 67, "prod": 14.760015197745924, "target": 4, "value": 0.27014570625734619, "supply": [{"l": "Potash", "v": 6.5223037002277892e-05}, {"l": "Phosphate", "v": 0.00061020833382149984}, {"l": "Nitrogen", "v": 1.0034646258027715}]}, {"source": 67, "prod": 9.5752434488038318, "target": 26, "value": 0.17525123581567639, "supply": [{"l": "Potash", "v": 6.5223037002277892e-05}, {"l": "Phosphate", "v": 0.00061020833382149984}, {"l": "Nitrogen", "v": 1.0034646258027715}]}, {"source": 67, "prod": 0.034914287871663924, "target": 53, "value": 0.00063902000297420738, "supply": [{"l": "Potash", "v": 6.5223037002277892e-05}, {"l": "Phosphate", "v": 0.00061020833382149984}, {"l": "Nitrogen", "v": 1.0034646258027715}]}, {"source": 67, "prod": 0.69828575743327848, "target": 40, "value": 0.012780400059484149, "supply": [{"l": "Potash", "v": 6.5223037002277892e-05}, {"l": "Phosphate", "v": 0.00061020833382149984}, {"l": "Nitrogen", "v": 1.0034646258027715}]}, {"source": 67, "prod": 2.8586073194924837, "target": 43, "value": 0.052319762743513236, "supply": [{"l": "Potash", "v": 6.5223037002277892e-05}, {"l": "Phosphate", "v": 0.00061020833382149984}, {"l": "Nitrogen", "v": 1.0034646258027715}]}, {"source": 67, "prod": 0.26185715903747941, "target": 46, "value": 0.0047926500223065558, "supply": [{"l": "Potash", "v": 6.5223037002277892e-05}, {"l": "Phosphate", "v": 0.00061020833382149984}, {"l": "Nitrogen", "v": 1.0034646258027715}]}, {"source": 67, "prod": 0.35787145068455517, "target": 48, "value": 0.0065499550304856258, "supply": [{"l": "Potash", "v": 6.5223037002277892e-05}, {"l": "Phosphate", "v": 0.00061020833382149984}, {"l": "Nitrogen", "v": 1.0034646258027715}]}, {"source": 67, "prod": 0.18330001132623561, "target": 52, "value": 0.003354855015614589, "supply": [{"l": "Potash", "v": 6.5223037002277892e-05}, {"l": "Phosphate", "v": 0.00061020833382149984}, {"l": "Nitrogen", "v": 1.0034646258027715}]}, {"source": 67, "prod": 1.2220000755082374, "target": 51, "value": 0.022365700104097261, "supply": [{"l": "Potash", "v": 6.5223037002277892e-05}, {"l": "Phosphate", "v": 0.00061020833382149984}, {"l": "Nitrogen", "v": 1.0034646258027715}]}, {"source": 65, "prod": 0, "target": 67, "value": 1.1833914346712975, "supply": [{"l": "Natural gas (including LNG)", "v": 0.80472831250419308}, {"l": "Fuel oil", "v": 0.20127948971269752}, {"l": "Liquefied petroleum gas (LPG)", "v": 0.088691816227203443}, {"l": "Coal", "v": 0.088691816227203443}]}, {"source": 68, "prod": 0, "target": 2, "value": 0.0111648265987115, "supply": "[{\"l\":'Labor',\"v\":0.0111648265987115}]"}, {"source": 68, "prod": 0, "target": 6, "value": 0.112107094477473, "supply": "[{\"l\":'Labor',\"v\":0.112107094477473}]"}, {"source": 68, "prod": 0, "target": 7, "value": 0.033341536966015162, "supply": "[{\"l\":'Labor',\"v\":0.033341536966015162}]"}, {"source": 68, "prod": 0, "target": 13, "value": 0.00076471415059667803, "supply": "[{\"l\":'Labor',\"v\":0.00076471415059667803}]"}, {"source": 68, "prod": 0, "target": 54, "value": 0.00015294283011933559, "supply": "[{\"l\":'Labor',\"v\":0.00015294283011933559}]"}, {"source": 68, "prod": 0, "target": 15, "value": 0.0030588566023867121, "supply": "[{\"l\":'Labor',\"v\":0.0030588566023867121}]"}, {"source": 68, "prod": 0, "target": 17, "value": 0.039918078661146592, "supply": "[{\"l\":'Labor',\"v\":0.039918078661146592}]"}, {"source": 68, "prod": 0, "target": 19, "value": 0.0010705998108353494, "supply": "[{\"l\":'Labor',\"v\":0.0010705998108353494}]"}, {"source": 68, "prod": 0, "target": 3, "value": 0.075553758078951788, "supply": "[{\"l\":'Labor',\"v\":0.075553758078951788}]"}, {"source": 68, "prod": 0, "target": 21, "value": 0.17190774105413323, "supply": "[{\"l\":'Labor',\"v\":0.17190774105413323}]"}, {"source": 68, "prod": 0, "target": 22, "value": 0.077847900530741823, "supply": "[{\"l\":'Labor',\"v\":0.077847900530741823}]"}, {"source": 68, "prod": 0, "target": 24, "value": 0.12587194918821321, "supply": "[{\"l\":'Labor',\"v\":0.12587194918821321}]"}, {"source": 68, "prod": 0, "target": 25, "value": 0.01391779754085954, "supply": "[{\"l\":'Labor',\"v\":0.01391779754085954}]"}, {"source": 68, "prod": 0, "target": 27, "value": 0.036706279228640545, "supply": "[{\"l\":'Labor',\"v\":0.036706279228640545}]"}, {"source": 68, "prod": 0, "target": 55, "value": 0.10950706636544429, "supply": "[{\"l\":'Labor',\"v\":0.10950706636544429}]"}, {"source": 68, "prod": 0, "target": 28, "value": 0.0067294845252507673, "supply": "[{\"l\":'Labor',\"v\":0.0067294845252507673}]"}, {"source": 68, "prod": 0, "target": 30, "value": 0.0018353139614320274, "supply": "[{\"l\":'Labor',\"v\":0.0018353139614320274}]"}, {"source": 68, "prod": 0, "target": 32, "value": 0.0010705998108353494, "supply": "[{\"l\":'Labor',\"v\":0.0010705998108353494}]"}, {"source": 68, "prod": 0, "target": 33, "value": 0.021411996216706985, "supply": "[{\"l\":'Labor',\"v\":0.021411996216706985}]"}, {"source": 68, "prod": 0, "target": 36, "value": 0.011011883768592164, "supply": "[{\"l\":'Labor',\"v\":0.011011883768592164}]"}, {"source": 68, "prod": 0, "target": 4, "value": 0.51725265146359301, "supply": "[{\"l\":'Labor',\"v\":0.51725265146359301}]"}, {"source": 68, "prod": 0, "target": 26, "value": 0.33555656928182237, "supply": "[{\"l\":'Labor',\"v\":0.33555656928182237}]"}, {"source": 68, "prod": 0, "target": 40, "value": 0.024470852819093697, "supply": "[{\"l\":'Labor',\"v\":0.024470852819093697}]"}, {"source": 68, "prod": 0, "target": 43, "value": 0.10017755372816482, "supply": "[{\"l\":'Labor',\"v\":0.10017755372816482}]"}, {"source": 68, "prod": 0, "target": 46, "value": 0.0091765698071601363, "supply": "[{\"l\":'Labor',\"v\":0.0091765698071601363}]"}, {"source": 68, "prod": 0, "target": 47, "value": 0.015447225842052896, "supply": "[{\"l\":'Labor',\"v\":0.015447225842052896}]"}, {"source": 68, "prod": 0, "target": 48, "value": 0.01254131206978552, "supply": "[{\"l\":'Labor',\"v\":0.01254131206978552}]"}, {"source": 68, "prod": 0, "target": 49, "value": 0.0026000281120287052, "supply": "[{\"l\":'Labor',\"v\":0.0026000281120287052}]"}, {"source": 68, "prod": 0, "target": 52, "value": 0.0064235988650120958, "supply": "[{\"l\":'Labor',\"v\":0.0064235988650120958}]"}, {"source": 68, "prod": 0, "target": 53, "value": 0.0012235426409546847, "supply": "[{\"l\":'Labor',\"v\":0.0012235426409546847}]"}, {"source": 68, "prod": 0, "target": 51, "value": 0.04282399243341397, "supply": "[{\"l\":'Labor',\"v\":0.04282399243341397}]"}, {"source": 65, "prod": 0, "target": 60, "value": 0.64100705186630325, "supply": "[{\"l\":'Fossil Fuels',\"v\":0.64100705186630325}]"}, {"source": 66, "prod": 0, "target": 60, "value": 2.6053681468680536, "supply": "[{\"l\":'Renewables & Nuclear',\"v\":0.016184277769199458},{\"l\":'Biomass & Waste',\"v\":2.589183869098854}]"}]}