{"nodes": [{"name": "Balance", "fill": "#9edae5"}, {"name": "Food", "fill": "#b5cf6b"}, {"name": "Stock Deposit", "fill": "#c7c7c7"}, {"name": "Export", "fill": "#aec7e8"}, {"name": "Biofuels & Other", "fill": "#e7ba52"}, {"name": "Crop Residue", "fill": "#bd9e39"}, {"name": "Renewables & Nuclear", "fill": "#2ca02c"}, {"name": "Fossil Fuels", "fill": "#c49c94"}, {"name": "Stock Draw", "fill": "#c7c7c7"}, {"name": "Labor", "fill": "#7f7f7f"}], "links": [{"source": 0, "target": 1, "value": 17.375192694422889}, {"source": 0, "target": 2, "value": 2.1188537995962711}, {"source": 0, "target": 3, "value": 1.8008678889349843}, {"source": 0, "target": 4, "value": 0.20593099885093052}, {"source": 0, "target": 5, "value": 36.926899600465752}, {"source": 6, "target": 0, "value": 1.6877481715634728}, {"source": 7, "target": 0, "value": 2.095782064112897}, {"source": 8, "target": 0, "value": 0.55715183659535528}, {"source": 9, "target": 0, "value": 2.4463836786334592}]}