{"nodes": [{"layer": 5, "name": "Maize"}, {"layer": 10, "name": "Feed", "fill": "#dbdb8d"}, {"layer": 5, "name": "Barley"}, {"layer": 5, "name": "Olives"}, {"layer": 16, "name": "Food", "fill": "#b5cf6b"}, {"layer": 5, "name": "Nuts"}, {"layer": 13, "name": "Sugar", "fill": "#d6616b"}, {"layer": 13, "name": "Maize Germ Oil"}, {"layer": 5, "name": "Infant food"}, {"layer": 5, "name": "Rice"}, {"layer": 13, "name": "Meat, Other"}, {"layer": 5, "name": "Tomatoes"}, {"layer": 5, "name": "Coffee"}, {"layer": 5, "name": "Wheat"}, {"layer": 5, "name": "Treenuts"}, {"layer": 13, "name": "Crustaceans"}, {"layer": 13, "name": "Eggs"}, {"layer": 5, "name": "Vegetables, Other"}, {"layer": 5, "name": "Sesame seed"}, {"layer": 13, "name": "Butter, Ghee"}, {"layer": 13, "name": "Marine Fish, Other"}, {"layer": 5, "name": "Grapes"}, {"layer": 13, "name": "Olive Oil"}, {"layer": 5, "name": "Dates"}, {"layer": 5, "name": "Cocoa Beans"}, {"layer": 5, "name": "Potatoes"}, {"layer": 13, "name": "Milk - Excluding Butter"}, {"layer": 5, "name": "Pulses, Other"}, {"layer": 13, "name": "Fish, Seafood"}, {"layer": 13, "name": "Oilcrops Oil, Other"}, {"layer": 5, "name": "Lemons, Limes"}, {"layer": 13, "name": "Mutton & Goat Meat"}, {"layer": 13, "name": "Sweeteners, Other"}, {"layer": 13, "name": "Pelagic Fish"}, {"layer": 5, "name": "Bananas"}, {"layer": 5, "name": "Spices, Other"}, {"layer": 13, "name": "Bovine Meat"}, {"layer": 5, "name": "Fruits, Other"}, {"layer": 13, "name": "Poultry Meat"}, {"layer": 13, "name": "Offals, Edible"}, {"layer": 13, "name": "Demersal Fish"}, {"layer": 5, "name": "Oranges, Mandarines"}, {"layer": 5, "name": "Tea"}, {"layer": 5, "name": "Onions"}, {"layer": 5, "name": "Apples"}, {"layer": 5, "name": "Groundnuts"}, {"layer": 10, "name": "Processing", "fill": "#9edae5"}, {"layer": 16, "name": "Biofuels & Other", "fill": "#e7ba52"}, {"layer": 13, "name": "Fats, Animals, Raw"}, {"name": "Waste", "fill": "#c7c7c7"}, {"layer": 2, "name": "Import", "fill": "#aec7e8"}, {"layer": 5, "name": "Millet"}, {"layer": 5, "name": "Coconuts - Incl Copra"}, {"layer": 16, "name": "Export", "fill": "#aec7e8"}, {"layer": 0, "name": "Stock Draw", "fill": "#c7c7c7"}, {"layer": 16, "name": "Stock Deposit", "fill": "#c7c7c7"}, {"layer": 2, "name": "Electricity", "fill": "#bcbd22"}, {"layer": 0, "name": "Fossil Fuels", "fill": "#c49c94"}, {"layer": 2, "name": "Fertilizers", "fill": "#c5b0d5"}, {"layer": 0, "name": "Labor", "fill": "#7f7f7f"}, {"layer": 0, "name": "Renewables & Nuclear", "fill": "#2ca02c"}], "links": [{"source": 0, "prod": 18.0, "target": 1, "value": 0.062979052865283436, "supply": [{"l": "Maize", "v": 0.062979052865283436}]}, {"source": 2, "prod": 24.0, "target": 1, "value": 0.09142725057793688, "supply": [{"l": "Barley", "v": 0.09142725057793688}]}, {"source": 3, "prod": 2.0, "target": 4, "value": 0.0024659847809004147, "supply": [{"l": "Olives", "v": 0.0024659847809004147}]}, {"source": 5, "prod": 2.0, "target": 4, "value": 0.0060070990451179251, "supply": [{"l": "Nuts", "v": 0.0060070990451179251}]}, {"source": 6, "prod": 40.0, "target": 4, "value": 0.10612541646375, "supply": [{"l": "Sugar", "v": 0.10612541646375}]}, {"source": 7, "prod": 1.0, "target": 4, "value": 0.010426356705210527, "supply": [{"l": "Maize Germ Oil", "v": 0.010426356705210527}]}, {"source": 8, "prod": 1.0, "target": 4, "value": 0.0044684385879473695, "supply": [{"l": "Infant food", "v": 0.0044684385879473695}]}, {"source": 9, "prod": 40.0, "target": 4, "value": 0.16747462981676711, "supply": [{"l": "Rice", "v": 0.16747462981676711}]}, {"source": 10, "prod": 2.0, "target": 4, "value": 0.0043096615822842644, "supply": [{"l": "Meat, Other", "v": 0.0043096615822842644}]}, {"source": 11, "prod": 40.0, "target": 4, "value": 0.0095838412904687125, "supply": [{"l": "Tomatoes", "v": 0.0095838412904687125}]}, {"source": 12, "prod": 1.0, "target": 4, "value": 0.00047696816388202246, "supply": [{"l": "Coffee", "v": 0.00047696816388202246}]}, {"source": 13, "prod": 77.0, "target": 4, "value": 0.26426952881115162, "supply": [{"l": "Wheat", "v": 0.26426952881115162}]}, {"source": 14, "prod": 2.0, "target": 4, "value": 0.0063044801859653476, "supply": [{"l": "Treenuts", "v": 0.0063044801859653476}]}, {"source": 15, "prod": 1.0, "target": 4, "value": 0.00069590437025409833, "supply": [{"l": "Crustaceans", "v": 0.00069590437025409833}]}, {"source": 16, "prod": 9.0, "target": 4, "value": 0.014353315994655249, "supply": [{"l": "Eggs", "v": 0.014353315994655249}]}, {"source": 17, "prod": 84.0, "target": 4, "value": 0.021377279140975904, "supply": [{"l": "Vegetables, Other", "v": 0.021377279140975904}]}, {"source": 18, "prod": 1.0, "target": 4, "value": 0.0065307948593076922, "supply": [{"l": "Sesame seed", "v": 0.0065307948593076922}]}, {"source": 19, "prod": 2.0, "target": 4, "value": 0.017756932427921569, "supply": [{"l": "Butter, Ghee", "v": 0.017756932427921569}]}, {"source": 20, "prod": 4.0, "target": 4, "value": 0.0041080806373064525, "supply": [{"l": "Marine Fish, Other", "v": 0.0041080806373064525}]}, {"source": 21, "prod": 6.0, "target": 4, "value": 0.0038397135604974876, "supply": [{"l": "Grapes", "v": 0.0038397135604974876}]}, {"source": 22, "prod": 1.0, "target": 4, "value": 0.010438565553811476, "supply": [{"l": "Olive Oil", "v": 0.010438565553811476}]}, {"source": 23, "prod": 4.0, "target": 4, "value": 0.0074336697246497694, "supply": [{"l": "Dates", "v": 0.0074336697246497694}]}, {"source": 24, "prod": 1.0, "target": 4, "value": 0.0090248385654212605, "supply": [{"l": "Cocoa Beans", "v": 0.0090248385654212605}]}, {"source": 25, "prod": 13.0, "target": 4, "value": 0.010242245093012249, "supply": [{"l": "Potatoes", "v": 0.010242245093012249}]}, {"source": 26, "prod": 132.0, "target": 4, "value": 0.069203939238936391, "supply": [{"l": "Milk - Excluding Butter", "v": 0.069203939238936391}]}, {"source": 27, "prod": 5.0, "target": 4, "value": 0.020061515399574667, "supply": [{"l": "Pulses, Other", "v": 0.020061515399574667}]}, {"source": 28, "prod": 8.0, "target": 4, "value": 0.006288913568222222, "supply": [{"l": "Fish, Seafood", "v": 0.006288913568222222}]}, {"source": 29, "prod": 6.0, "target": 4, "value": 0.060569140128091468, "supply": [{"l": "Oilcrops Oil, Other", "v": 0.060569140128091468}]}, {"source": 30, "prod": 3.0, "target": 4, "value": 0.00038826371876981707, "supply": [{"l": "Lemons, Limes", "v": 0.00038826371876981707}]}, {"source": 31, "prod": 18.0, "target": 4, "value": 0.054371261710271054, "supply": [{"l": "Mutton & Goat Meat", "v": 0.054371261710271054}]}, {"source": 32, "prod": 1.0, "target": 4, "value": 0.002539753556397436, "supply": [{"l": "Sweeteners, Other", "v": 0.002539753556397436}]}, {"source": 33, "prod": 1.0, "target": 4, "value": 0.0011791712940416668, "supply": [{"l": "Pelagic Fish", "v": 0.0011791712940416668}]}, {"source": 34, "prod": 15.0, "target": 4, "value": 0.010350333205177177, "supply": [{"l": "Bananas", "v": 0.010350333205177177}]}, {"source": 35, "prod": 1.0, "target": 4, "value": 0.0044528146768006991, "supply": [{"l": "Spices, Other", "v": 0.0044528146768006991}]}, {"source": 36, "prod": 3.0, "target": 4, "value": 0.0079045137779896538, "supply": [{"l": "Bovine Meat", "v": 0.0079045137779896538}]}, {"source": 37, "prod": 18.0, "target": 4, "value": 0.0072935154268180813, "supply": [{"l": "Fruits, Other", "v": 0.0072935154268180813}]}, {"source": 38, "prod": 18.0, "target": 4, "value": 0.025441352660158581, "supply": [{"l": "Poultry Meat", "v": 0.025441352660158581}]}, {"source": 39, "prod": 3.0, "target": 4, "value": 0.0040643776518031914, "supply": [{"l": "Offals, Edible", "v": 0.0040643776518031914}]}, {"source": 40, "prod": 2.0, "target": 4, "value": 0.0010047376706627219, "supply": [{"l": "Demersal Fish", "v": 0.0010047376706627219}]}, {"source": 41, "prod": 23.0, "target": 4, "value": 0.0092148366762175062, "supply": [{"l": "Oranges, Mandarines", "v": 0.0092148366762175062}]}, {"source": 42, "prod": 3.0, "target": 4, "value": 0.0012090237318655064, "supply": [{"l": "Tea", "v": 0.0012090237318655064}]}, {"source": 43, "prod": 12.0, "target": 4, "value": 0.004151605534034231, "supply": [{"l": "Onions", "v": 0.004151605534034231}]}, {"source": 44, "prod": 12.0, "target": 4, "value": 0.0065465317143903624, "supply": [{"l": "Apples", "v": 0.0065465317143903624}]}, {"source": 45, "prod": 1.0, "target": 46, "value": 0.006416885646645349, "supply": [{"l": "Groundnuts", "v": 0.006416885646645349}]}, {"source": 25, "prod": 5.0, "target": 47, "value": 0.0039393250357739433, "supply": [{"l": "Potatoes", "v": 0.0039393250357739433}]}, {"source": 29, "prod": 1.0, "target": 47, "value": 0.010094856688015243, "supply": [{"l": "Oilcrops Oil, Other", "v": 0.010094856688015243}]}, {"source": 9, "prod": 2.0, "target": 47, "value": 0.0083737314908383566, "supply": [{"l": "Rice", "v": 0.0083737314908383566}]}, {"source": 48, "prod": 1.0, "target": 47, "value": 0.010612541646375, "supply": [{"l": "Fats, Animals, Raw", "v": 0.010612541646375}]}, {"source": 0, "prod": 1.0, "target": 49, "value": 0.0034988362702935236, "supply": [{"l": "Maize", "v": 0.0034988362702935236}]}, {"source": 23, "prod": 1.0, "target": 49, "value": 0.0018584174311624423, "supply": [{"l": "Dates", "v": 0.0018584174311624423}]}, {"source": 13, "prod": 9.0, "target": 49, "value": 0.030888646224680062, "supply": [{"l": "Wheat", "v": 0.030888646224680062}]}, {"source": 41, "prod": 3.0, "target": 49, "value": 0.0012019352186370658, "supply": [{"l": "Oranges, Mandarines", "v": 0.0012019352186370658}]}, {"source": 25, "prod": 1.0, "target": 49, "value": 0.00078786500715478849, "supply": [{"l": "Potatoes", "v": 0.00078786500715478849}]}, {"source": 17, "prod": 8.0, "target": 49, "value": 0.0020359313467596101, "supply": [{"l": "Vegetables, Other", "v": 0.0020359313467596101}]}, {"source": 37, "prod": 1.0, "target": 49, "value": 0.00040519530148989339, "supply": [{"l": "Fruits, Other", "v": 0.00040519530148989339}]}, {"source": 2, "prod": 2.0, "target": 49, "value": 0.0076189375481614061, "supply": [{"l": "Barley", "v": 0.0076189375481614061}]}, {"source": 21, "prod": 1.0, "target": 49, "value": 0.00063995226008291457, "supply": [{"l": "Grapes", "v": 0.00063995226008291457}]}, {"source": 9, "prod": 1.0, "target": 49, "value": 0.0041868657454191783, "supply": [{"l": "Rice", "v": 0.0041868657454191783}]}, {"source": 43, "prod": 1.0, "target": 49, "value": 0.00034596712783618589, "supply": [{"l": "Onions", "v": 0.00034596712783618589}]}, {"source": 11, "prod": 3.0, "target": 49, "value": 0.0007187880967851534, "supply": [{"l": "Tomatoes", "v": 0.0007187880967851534}]}, {"source": 50, "prod": 1.0, "target": 8, "value": 0.0044684385879473695, "supply": [{"l": "Infant food", "v": 0.0044684385879473695}]}, {"source": 50, "prod": 39.0, "target": 11, "value": 0.009344245258206995, "supply": [{"l": "Tomatoes", "v": 0.009344245258206995}]}, {"source": 50, "prod": 4.0, "target": 30, "value": 0.00051768495835975605, "supply": [{"l": "Lemons, Limes", "v": 0.00051768495835975605}]}, {"source": 50, "prod": 2.0, "target": 14, "value": 0.0063044801859653476, "supply": [{"l": "Treenuts", "v": 0.0063044801859653476}]}, {"source": 50, "prod": 67.0, "target": 17, "value": 0.017050925029111732, "supply": [{"l": "Vegetables, Other", "v": 0.017050925029111732}]}, {"source": 50, "prod": 5.0, "target": 42, "value": 0.0020150395531091771, "supply": [{"l": "Tea", "v": 0.0020150395531091771}]}, {"source": 50, "prod": 13.0, "target": 44, "value": 0.0070920760239228916, "supply": [{"l": "Apples", "v": 0.0070920760239228916}]}, {"source": 50, "prod": 42.0, "target": 9, "value": 0.17584836130760551, "supply": [{"l": "Rice", "v": 0.17584836130760551}]}, {"source": 50, "prod": 21.0, "target": 13, "value": 0.072073507857586816, "supply": [{"l": "Wheat", "v": 0.072073507857586816}]}, {"source": 50, "prod": 23.0, "target": 2, "value": 0.087617781803856168, "supply": [{"l": "Barley", "v": 0.087617781803856168}]}, {"source": 50, "prod": 3.0, "target": 12, "value": 0.0014309044916460676, "supply": [{"l": "Coffee", "v": 0.0014309044916460676}]}, {"source": 50, "prod": 1.0, "target": 51, "value": 0.0038094687740807031, "supply": [{"l": "Millet", "v": 0.0038094687740807031}]}, {"source": 50, "prod": 6.0, "target": 23, "value": 0.011150504586974655, "supply": [{"l": "Dates", "v": 0.011150504586974655}]}, {"source": 50, "prod": 2.0, "target": 3, "value": 0.0024659847809004147, "supply": [{"l": "Olives", "v": 0.0024659847809004147}]}, {"source": 50, "prod": 159.0, "target": 1, "value": 0.12852909624662207, "supply": [{"l": "Milk - Excluding Butter", "v": 0.063961216569319995}, {"l": "Eggs", "v": 0.012758503106360222}, {"l": "Fish, Seafood", "v": 0.003144456784111111}, {"l": "Crustaceans", "v": 0.00069590437025409833}, {"l": "Meat, Other", "v": 0.0021548307911421322}, {"l": "Mutton & Goat Meat", "v": 0.027185630855135527}, {"l": "Poultry Meat", "v": 0.015547493292319135}, {"l": "Marine Fish, Other", "v": 0.0030810604779798389}]}, {"source": 50, "prod": 2.0, "target": 5, "value": 0.0060070990451179251, "supply": [{"l": "Nuts", "v": 0.0060070990451179251}]}, {"source": 50, "prod": 1.0, "target": 24, "value": 0.0090248385654212605, "supply": [{"l": "Cocoa Beans", "v": 0.0090248385654212605}]}, {"source": 50, "prod": 26.0, "target": 41, "value": 0.010416771894854571, "supply": [{"l": "Oranges, Mandarines", "v": 0.010416771894854571}]}, {"source": 50, "prod": 20.0, "target": 25, "value": 0.015757300143095773, "supply": [{"l": "Potatoes", "v": 0.015757300143095773}]}, {"source": 50, "prod": 13.0, "target": 43, "value": 0.0044975726618704161, "supply": [{"l": "Onions", "v": 0.0044975726618704161}]}, {"source": 50, "prod": 17.0, "target": 34, "value": 0.011730377632534136, "supply": [{"l": "Bananas", "v": 0.011730377632534136}]}, {"source": 50, "prod": 8.0, "target": 21, "value": 0.0051196180806633166, "supply": [{"l": "Grapes", "v": 0.0051196180806633166}]}, {"source": 50, "prod": 1.0, "target": 18, "value": 0.0065307948593076922, "supply": [{"l": "Sesame seed", "v": 0.0065307948593076922}]}, {"source": 50, "prod": 45.0, "target": 46, "value": 0.20093917298189218, "supply": [{"l": "Olive Oil", "v": 0.020877131107622952}, {"l": "Sugar", "v": 0.08755346858259376}, {"l": "Maize Germ Oil", "v": 0.010426356705210527}, {"l": "Oilcrops Oil, Other", "v": 0.070663996816106703}, {"l": "Sweeteners, Other", "v": 0.002539753556397436}, {"l": "Butter, Ghee", "v": 0.0088784662139607846}]}, {"source": 50, "prod": 2.0, "target": 35, "value": 0.0089056293536013981, "supply": [{"l": "Spices, Other", "v": 0.0089056293536013981}]}, {"source": 50, "prod": 17.0, "target": 0, "value": 0.059480216594989914, "supply": [{"l": "Maize", "v": 0.059480216594989914}]}, {"source": 50, "prod": 23.0, "target": 37, "value": 0.0093194919342675479, "supply": [{"l": "Fruits, Other", "v": 0.0093194919342675479}]}, {"source": 50, "prod": 1.0, "target": 45, "value": 0.006416885646645349, "supply": [{"l": "Groundnuts", "v": 0.006416885646645349}]}, {"source": 50, "prod": 2.0, "target": 52, "value": 0.003859106053227273, "supply": [{"l": "Coconuts - Incl Copra", "v": 0.003859106053227273}]}, {"source": 50, "prod": 6.0, "target": 27, "value": 0.024073818479489605, "supply": [{"l": "Pulses, Other", "v": 0.024073818479489605}]}, {"source": 12, "prod": 3.0, "target": 53, "value": 0.0014309044916460676, "supply": [{"l": "Coffee", "v": 0.0014309044916460676}]}, {"source": 13, "prod": 7.0, "target": 53, "value": 0.024024502619195601, "supply": [{"l": "Wheat", "v": 0.024024502619195601}]}, {"source": 34, "prod": 2.0, "target": 53, "value": 0.0013800444273569573, "supply": [{"l": "Bananas", "v": 0.0013800444273569573}]}, {"source": 52, "prod": 1.0, "target": 53, "value": 0.0019295530266136365, "supply": [{"l": "Coconuts - Incl Copra", "v": 0.0019295530266136365}]}, {"source": 35, "prod": 1.0, "target": 53, "value": 0.0044528146768006991, "supply": [{"l": "Spices, Other", "v": 0.0044528146768006991}]}, {"source": 42, "prod": 2.0, "target": 53, "value": 0.00080601582124367093, "supply": [{"l": "Tea", "v": 0.00080601582124367093}]}, {"source": 17, "prod": 1.0, "target": 53, "value": 0.00025449141834495126, "supply": [{"l": "Vegetables, Other", "v": 0.00025449141834495126}]}, {"source": 37, "prod": 2.0, "target": 53, "value": 0.00081039060297978679, "supply": [{"l": "Fruits, Other", "v": 0.00081039060297978679}]}, {"source": 6, "prod": 1.0, "target": 53, "value": 0.00265313541159375, "supply": [{"l": "Sugar", "v": 0.00265313541159375}]}, {"source": 26, "prod": 4.0, "target": 53, "value": 0.0020970890678465573, "supply": [{"l": "Milk - Excluding Butter", "v": 0.0020970890678465573}]}, {"source": 21, "prod": 1.0, "target": 53, "value": 0.00063995226008291457, "supply": [{"l": "Grapes", "v": 0.00063995226008291457}]}, {"source": 20, "prod": 1.0, "target": 53, "value": 0.0010270201593266131, "supply": [{"l": "Marine Fish, Other", "v": 0.0010270201593266131}]}, {"source": 2, "prod": 6.0, "target": 53, "value": 0.02285681264448422, "supply": [{"l": "Barley", "v": 0.02285681264448422}]}, {"source": 28, "prod": 2.0, "target": 53, "value": 0.0015722283920555555, "supply": [{"l": "Fish, Seafood", "v": 0.0015722283920555555}]}, {"source": 15, "prod": 1.0, "target": 53, "value": 0.00069590437025409833, "supply": [{"l": "Crustaceans", "v": 0.00069590437025409833}]}, {"source": 43, "prod": 1.0, "target": 53, "value": 0.00034596712783618589, "supply": [{"l": "Onions", "v": 0.00034596712783618589}]}, {"source": 54, "prod": 2.0, "target": 0, "value": 0.0069976725405870473, "supply": [{"l": "Maize", "v": 0.0069976725405870473}]}, {"source": 22, "prod": 1.0, "target": 55, "value": 0.010438565553811476, "supply": [{"l": "Olive Oil", "v": 0.010438565553811476}]}, {"source": 54, "prod": 1.0, "target": 9, "value": 0.0041868657454191783, "supply": [{"l": "Rice", "v": 0.0041868657454191783}]}, {"source": 54, "prod": 2.0, "target": 1, "value": 0.0060412513011412284, "supply": [{"l": "Mutton & Goat Meat", "v": 0.0060412513011412284}]}, {"source": 54, "prod": 8.0, "target": 2, "value": 0.030475750192645625, "supply": [{"l": "Barley", "v": 0.030475750192645625}]}, {"source": 23, "prod": 1.0, "target": 55, "value": 0.0018584174311624423, "supply": [{"l": "Dates", "v": 0.0018584174311624423}]}, {"source": 54, "prod": 72.0, "target": 13, "value": 0.24710916979744049, "supply": [{"l": "Wheat", "v": 0.24710916979744049}]}, {"source": 37, "prod": 3.0, "target": 55, "value": 0.0012155859044696803, "supply": [{"l": "Fruits, Other", "v": 0.0012155859044696803}]}, {"source": 54, "prod": 8.0, "target": 46, "value": 0.02122508329275, "supply": [{"l": "Sugar", "v": 0.02122508329275}]}, {"source": 27, "prod": 1.0, "target": 55, "value": 0.0040123030799149332, "supply": [{"l": "Pulses, Other", "v": 0.0040123030799149332}]}, {"source": 1, "prod": 18.0, "target": 38, "value": 0.025441352660158581, "supply": [{"l": "Poultry Meat", "v": 0.025441352660158581}]}, {"source": 1, "prod": 1.0, "target": 33, "value": 0.0011791712940416668, "supply": [{"l": "Pelagic Fish", "v": 0.0011791712940416668}]}, {"source": 1, "prod": 2.0, "target": 15, "value": 0.0013918087405081967, "supply": [{"l": "Crustaceans", "v": 0.0013918087405081967}]}, {"source": 1, "prod": 9.0, "target": 16, "value": 0.014353315994655249, "supply": [{"l": "Eggs", "v": 0.014353315994655249}]}, {"source": 1, "prod": 136.0, "target": 26, "value": 0.071301028306782949, "supply": [{"l": "Milk - Excluding Butter", "v": 0.071301028306782949}]}, {"source": 1, "prod": 3.0, "target": 39, "value": 0.0040643776518031914, "supply": [{"l": "Offals, Edible", "v": 0.0040643776518031914}]}, {"source": 1, "prod": 5.0, "target": 20, "value": 0.0051351007966330652, "supply": [{"l": "Marine Fish, Other", "v": 0.0051351007966330652}]}, {"source": 1, "prod": 10.0, "target": 28, "value": 0.0078611419602777777, "supply": [{"l": "Fish, Seafood", "v": 0.0078611419602777777}]}, {"source": 1, "prod": 3.0, "target": 36, "value": 0.0079045137779896538, "supply": [{"l": "Bovine Meat", "v": 0.0079045137779896538}]}, {"source": 1, "prod": 2.0, "target": 40, "value": 0.0010047376706627219, "supply": [{"l": "Demersal Fish", "v": 0.0010047376706627219}]}, {"source": 1, "prod": 2.0, "target": 10, "value": 0.0043096615822842644, "supply": [{"l": "Meat, Other", "v": 0.0043096615822842644}]}, {"source": 1, "prod": 18.0, "target": 31, "value": 0.054371261710271054, "supply": [{"l": "Mutton & Goat Meat", "v": 0.054371261710271054}]}, {"source": 46, "prod": 2.0, "target": 22, "value": 0.020877131107622952, "supply": [{"l": "Olive Oil", "v": 0.020877131107622952}]}, {"source": 46, "prod": 1.0, "target": 48, "value": 0.010612541646375, "supply": [{"l": "Fats, Animals, Raw", "v": 0.010612541646375}]}, {"source": 46, "prod": 1.0, "target": 32, "value": 0.002539753556397436, "supply": [{"l": "Sweeteners, Other", "v": 0.002539753556397436}]}, {"source": 46, "prod": 41.0, "target": 6, "value": 0.10877855187534374, "supply": [{"l": "Sugar", "v": 0.10877855187534374}]}, {"source": 46, "prod": 1.0, "target": 7, "value": 0.010426356705210527, "supply": [{"l": "Maize Germ Oil", "v": 0.010426356705210527}]}, {"source": 46, "prod": 7.0, "target": 29, "value": 0.070663996816106717, "supply": [{"l": "Oilcrops Oil, Other", "v": 0.070663996816106717}]}, {"source": 46, "prod": 2.0, "target": 19, "value": 0.017756932427921569, "supply": [{"l": "Butter, Ghee", "v": 0.017756932427921569}]}, {"source": 56, "prod": 0, "target": 23, "value": 2.7205620122729969e-05, "supply": "[{\"l\":'Energy for power irrigation',\"v\":2.7205620122729969e-05}]"}, {"source": 56, "prod": 0, "target": 17, "value": 0.00046249554208640945, "supply": "[{\"l\":'Energy for power irrigation',\"v\":0.00046249554208640945}]"}, {"source": 56, "prod": 0, "target": 43, "value": 5.8297757405849933e-05, "supply": "[{\"l\":'Energy for power irrigation',\"v\":5.8297757405849933e-05}]"}, {"source": 56, "prod": 0, "target": 11, "value": 0.0001826663065383298, "supply": "[{\"l\":'Energy for power irrigation',\"v\":0.0001826663065383298}]"}, {"source": 56, "prod": 0, "target": 46, "value": 0.069356500000000015, "supply": "[{\"l\":'Electricity',\"v\":0.069356500000000015}]"}, {"source": 57, "prod": 0, "target": 56, "value": 0.17014600933590066, "supply": [{"l": "Coal", "v": 0.0}, {"l": "Natural gas", "v": 0.14337671225308796}, {"l": "Oil", "v": 0.026769297082812706}]}, {"source": 57, "prod": 0, "target": 23, "value": 0.020032724875108213, "supply": [{"l": "Other fossil fuels", "v": 0.020032724875108213}]}, {"source": 57, "prod": 0, "target": 17, "value": 0.34055632287683962, "supply": [{"l": "Other fossil fuels", "v": 0.34055632287683962}]}, {"source": 57, "prod": 0, "target": 43, "value": 0.0429272675895176, "supply": [{"l": "Other fossil fuels", "v": 0.0429272675895176}]}, {"source": 57, "prod": 0, "target": 11, "value": 0.13450543844715515, "supply": [{"l": "Other fossil fuels", "v": 0.13450543844715515}]}, {"source": 58, "prod": 0.0034764452000539516, "target": 23, "value": 3.3251742932781345e-05, "supply": [{"l": "Potash", "v": 0.00017300701244202048}, {"l": "Phosphate", "v": 0.00034768154613622529}, {"l": "Nitrogen", "v": 0.0019114389245051897}]}, {"source": 58, "prod": 0.05909956840091718, "target": 17, "value": 0.00056527962985728278, "supply": [{"l": "Potash", "v": 0.00017300701244202048}, {"l": "Phosphate", "v": 0.00034768154613622529}, {"l": "Nitrogen", "v": 0.0019114389245051897}]}, {"source": 58, "prod": 0.0074495254286870392, "target": 43, "value": 7.1253734855960022e-05, "supply": [{"l": "Potash", "v": 0.00017300701244202048}, {"l": "Phosphate", "v": 0.00034768154613622529}, {"l": "Nitrogen", "v": 0.0019114389245051897}]}, {"source": 58, "prod": 0.02334184634321939, "target": 11, "value": 0.00022326170254867472, "supply": [{"l": "Potash", "v": 0.00017300701244202048}, {"l": "Phosphate", "v": 0.00034768154613622529}, {"l": "Nitrogen", "v": 0.0019114389245051897}]}, {"source": 57, "prod": 0, "target": 58, "value": 0.0030295858853949856, "supply": [{"l": "Natural gas (including LNG)", "v": 0.0020183936547702903}, {"l": "Fuel oil", "v": 0.0006733049041310194}, {"l": "Liquefied petroleum gas (LPG)", "v": 0.00016894366324683797}, {"l": "Coal", "v": 0.00016894366324683797}]}, {"source": 59, "prod": 0, "target": 0, "value": 0.00016191347902398562, "supply": "[{\"l\":'Labor',\"v\":0.00016191347902398562}]"}, {"source": 59, "prod": 0, "target": 3, "value": 1.7043524107787961e-05, "supply": "[{\"l\":'Labor',\"v\":1.7043524107787961e-05}]"}, {"source": 59, "prod": 0, "target": 5, "value": 1.7043524107787961e-05, "supply": "[{\"l\":'Labor',\"v\":1.7043524107787961e-05}]"}, {"source": 59, "prod": 0, "target": 8, "value": 8.5217620538939804e-06, "supply": "[{\"l\":'Labor',\"v\":8.5217620538939804e-06}]"}, {"source": 59, "prod": 0, "target": 2, "value": 0.00027269638572460737, "supply": "[{\"l\":'Labor',\"v\":0.00027269638572460737}]"}, {"source": 59, "prod": 0, "target": 9, "value": 0.00036643576831744116, "supply": "[{\"l\":'Labor',\"v\":0.00036643576831744116}]"}, {"source": 59, "prod": 0, "target": 11, "value": 0.00040052281653301709, "supply": "[{\"l\":'Labor',\"v\":0.00040052281653301709}]"}, {"source": 59, "prod": 0, "target": 12, "value": 3.4087048215575921e-05, "supply": "[{\"l\":'Labor',\"v\":3.4087048215575921e-05}]"}, {"source": 59, "prod": 0, "target": 13, "value": 0.00079252387101214018, "supply": "[{\"l\":'Labor',\"v\":0.00079252387101214018}]"}, {"source": 59, "prod": 0, "target": 52, "value": 8.5217620538939804e-06, "supply": "[{\"l\":'Labor',\"v\":8.5217620538939804e-06}]"}, {"source": 59, "prod": 0, "target": 14, "value": 1.7043524107787961e-05, "supply": "[{\"l\":'Labor',\"v\":1.7043524107787961e-05}]"}, {"source": 59, "prod": 0, "target": 17, "value": 0.0010140896844133837, "supply": "[{\"l\":'Labor',\"v\":0.0010140896844133837}]"}, {"source": 59, "prod": 0, "target": 18, "value": 8.5217620538939804e-06, "supply": "[{\"l\":'Labor',\"v\":8.5217620538939804e-06}]"}, {"source": 59, "prod": 0, "target": 21, "value": 6.8174096431151843e-05, "supply": "[{\"l\":'Labor',\"v\":6.8174096431151843e-05}]"}, {"source": 59, "prod": 0, "target": 45, "value": 8.5217620538939804e-06, "supply": "[{\"l\":'Labor',\"v\":8.5217620538939804e-06}]"}, {"source": 59, "prod": 0, "target": 23, "value": 5.9652334377257861e-05, "supply": "[{\"l\":'Labor',\"v\":5.9652334377257861e-05}]"}, {"source": 59, "prod": 0, "target": 24, "value": 8.5217620538939804e-06, "supply": "[{\"l\":'Labor',\"v\":8.5217620538939804e-06}]"}, {"source": 59, "prod": 0, "target": 25, "value": 0.00016191347902398562, "supply": "[{\"l\":'Labor',\"v\":0.00016191347902398562}]"}, {"source": 59, "prod": 0, "target": 27, "value": 5.1130572323363879e-05, "supply": "[{\"l\":'Labor',\"v\":5.1130572323363879e-05}]"}, {"source": 59, "prod": 0, "target": 30, "value": 2.5565286161681939e-05, "supply": "[{\"l\":'Labor',\"v\":2.5565286161681939e-05}]"}, {"source": 59, "prod": 0, "target": 34, "value": 0.00014486995491619765, "supply": "[{\"l\":'Labor',\"v\":0.00014486995491619765}]"}, {"source": 59, "prod": 0, "target": 35, "value": 1.7043524107787961e-05, "supply": "[{\"l\":'Labor',\"v\":1.7043524107787961e-05}]"}, {"source": 59, "prod": 0, "target": 37, "value": 0.00020452228929345552, "supply": "[{\"l\":'Labor',\"v\":0.00020452228929345552}]"}, {"source": 59, "prod": 0, "target": 41, "value": 0.00022156581340124348, "supply": "[{\"l\":'Labor',\"v\":0.00022156581340124348}]"}, {"source": 59, "prod": 0, "target": 42, "value": 4.2608810269469903e-05, "supply": "[{\"l\":'Labor',\"v\":4.2608810269469903e-05}]"}, {"source": 59, "prod": 0, "target": 43, "value": 0.00012782643080840972, "supply": "[{\"l\":'Labor',\"v\":0.00012782643080840972}]"}, {"source": 59, "prod": 0, "target": 44, "value": 0.00010226114464672776, "supply": "[{\"l\":'Labor',\"v\":0.00010226114464672776}]"}, {"source": 57, "prod": 0, "target": 50, "value": 1.6793757698547287, "supply": "[{\"l\":'Fossil Fuels',\"v\":1.6793757698547287}]"}, {"source": 60, "prod": 0, "target": 50, "value": 0.0019978348993158436, "supply": "[{\"l\":'Renewables & Nuclear',\"v\":0},{\"l\":'Biomass & Waste',\"v\":0.0019978348993158436}]"}]}