{"nodes": [{"name": "Balance", "fill": "#9edae5"}, {"name": "Food", "fill": "#b5cf6b"}, {"name": "Stock Deposit", "fill": "#c7c7c7"}, {"name": "Export", "fill": "#aec7e8"}, {"name": "Biofuels & Other", "fill": "#e7ba52"}, {"name": "Crop Residue", "fill": "#bd9e39"}, {"name": "Renewables & Nuclear", "fill": "#2ca02c"}, {"name": "Fossil Fuels", "fill": "#c49c94"}, {"name": "Stock Draw", "fill": "#c7c7c7"}, {"name": "Labor", "fill": "#7f7f7f"}], "links": [{"source": 0, "target": 1, "value": 0.67088957548776906}, {"source": 0, "target": 2, "value": 0.14799879240921487}, {"source": 0, "target": 3, "value": 0.071069536291014646}, {"source": 0, "target": 4, "value": 0.040057597348125196}, {"source": 0, "target": 5, "value": 0.83782942426712492}, {"source": 6, "target": 0, "value": 0.0050471790916085659}, {"source": 7, "target": 0, "value": 4.2285200578294004}, {"source": 8, "target": 0, "value": 0.019058939912594868}, {"source": 9, "target": 0, "value": 0.0029677547233780584}]}