{"nodes": [{"layer": 3, "name": "Fruits & Vegetables"}, {"layer": 5, "name": "Production", "fill": "#b5cf6b"}, {"layer": 1, "name": "Electricity", "fill": "#bcbd22"}, {"layer": 0, "name": "Fossil Fuels", "fill": "#c49c94"}, {"layer": 1, "name": "Fertilizers", "fill": "#c5b0d5"}, {"layer": 0, "name": "Labor", "fill": "#7f7f7f"}], "links": [{"source": 0, "prod": 5.0, "target": 1, "value": 0.0014040150247747816, "supply": [{"l": "Vegetables, Other", "v": 0.0011350025622557701}, {"l": "Tomatoes", "v": 0.00026901246251901143}]}, {"source": 2, "prod": 0, "target": 0, "value": 0.00011364384624462689, "supply": "[{\"l\":'Energy for power irrigation',\"v\":0.00011364384624462689}]"}, {"source": 3, "prod": 0, "target": 2, "value": 0.00068016907527518929, "supply": [{"l": "Coal", "v": 0.0}, {"l": "Natural gas", "v": 0.00058480576069425507}, {"l": "Oil", "v": 9.5363314580934234e-05}]}, {"source": 3, "prod": 0, "target": 0, "value": 0.61476627631908032, "supply": [{"l": "Other fossil fuels", "v": 0.61476627631908032}]}, {"source": 4, "prod": 0.014521874598356266, "target": 0, "value": 0.00013889982820357302, "supply": [{"l": "Potash", "v": 2.2810545304431706e-05}, {"l": "Phosphate", "v": 4.5840949148307321e-05}, {"l": "Nitrogen", "v": 0.00025201847930118881}]}, {"source": 3, "prod": 0, "target": 4, "value": 0.00039944338161222628, "supply": [{"l": "Natural gas (including LNG)", "v": 0.00026612019509755259}, {"l": "Fuel oil", "v": 8.8773580923627127e-05}, {"l": "Liquefied petroleum gas (LPG)", "v": 2.2274802795523296e-05}, {"l": "Coal", "v": 2.2274802795523296e-05}]}, {"source": 5, "prod": 0, "target": 0, "value": 0.00065570266874617538, "supply": "[{\"l\":'Labor',\"v\":0.00065570266874617538}]"}]}