{"nodes": [{"layer": 3, "name": "Cereals", "fill": "#e7ba52"}, {"layer": 5, "name": "Production", "fill": "#b5cf6b"}, {"layer": 3, "name": "Oilcrops", "fill": "#ff9896"}, {"layer": 3, "name": "Sugar Crops", "fill": "#ffbb78"}, {"layer": 3, "name": "Starchy Roots"}, {"layer": 3, "name": "Fruits & Vegetables"}, {"layer": 3, "name": "Others"}, {"layer": 1, "name": "Electricity", "fill": "#bcbd22"}, {"layer": 0, "name": "Fossil Fuels", "fill": "#c49c94"}, {"layer": 0, "name": "Renewables & Nuclear", "fill": "#2ca02c"}, {"layer": 1, "name": "Fertilizers", "fill": "#c5b0d5"}, {"layer": 0, "name": "Labor", "fill": "#7f7f7f"}], "links": [{"source": 0, "prod": 30942.0, "target": 1, "value": 91.062007514283252, "supply": [{"l": "Maize", "v": 0.010493299605404495}, {"l": "Rye", "v": 2.1295987041710598}, {"l": "Barley", "v": 53.141211964601617}, {"l": "Cereals, Other", "v": 1.0789019867011347}, {"l": "Wheat", "v": 22.687108227214839}, {"l": "Oats", "v": 12.014693331989188}]}, {"source": 2, "prod": 869.81102362204729, "target": 1, "value": 3.5746102396430177, "supply": [{"l": "Oilcrops, Other", "v": 0.0047166851761666672}, {"l": "Rape and Mustardseed", "v": 2.2462505648717328}, {"l": "Oil Palm", "v": 1.3236429895951183}]}, {"source": 3, "prod": 11978.0, "target": 1, "value": 13.92109775116, "supply": [{"l": "Sugar beet", "v": 13.92109775116}]}, {"source": 4, "prod": 8459.0, "target": 1, "value": 6.5798991396721904, "supply": [{"l": "Potatoes", "v": 6.5798991396721904}]}, {"source": 5, "prod": 5882.0, "target": 1, "value": 2.9371514121549209, "supply": [{"l": "Fruits, Other", "v": 0.19516207454386345}, {"l": "Tomatoes", "v": 0.051720892621413793}, {"l": "Vegetables, Other", "v": 1.2073721064633789}, {"l": "Peas", "v": 0.44171119284912158}, {"l": "Beans", "v": 0.0041852276915281695}, {"l": "Apples", "v": 0.40218958368741914}, {"l": "Onions", "v": 0.09710822421519609}, {"l": "Pulses, Other", "v": 0.53770211008300006}]}, {"source": 6, "prod": 1.0, "target": 1, "value": 0.0035375138821250002, "supply": [{"l": "Spices, Other", "v": 0.0035375138821250002}]}, {"source": 7, "prod": 0, "target": 0, "value": 0.0032150732835682892, "supply": "[{\"l\":'Energy for power irrigation',\"v\":0.0032150732835682892}]"}, {"source": 7, "prod": 0, "target": 2, "value": 0.00018343111263485401, "supply": "[{\"l\":'Energy for power irrigation',\"v\":0.00018343111263485401}]"}, {"source": 7, "prod": 0, "target": 3, "value": 0.001033196174649757, "supply": "[{\"l\":'Energy for power irrigation',\"v\":0.001033196174649757}]"}, {"source": 7, "prod": 0, "target": 4, "value": 0.00083939912097990405, "supply": "[{\"l\":'Energy for power irrigation',\"v\":0.00083939912097990405}]"}, {"source": 7, "prod": 0, "target": 5, "value": 0.00076263927328690489, "supply": "[{\"l\":'Energy for power irrigation',\"v\":0.00076263927328690489}]"}, {"source": 7, "prod": 0, "target": 6, "value": 4.2261039741089442e-05, "supply": "[{\"l\":'Energy for power irrigation',\"v\":4.2261039741089442e-05}]"}, {"source": 8, "prod": 0, "target": 7, "value": 0.010755044707281815, "supply": [{"l": "Coal", "v": 0.0056577173181948225}, {"l": "Natural gas", "v": 0.001538918596790402}, {"l": "Oil", "v": 0.0035584087922965911}]}, {"source": 9, "prod": 0, "target": 7, "value": 0.0018555599130722416, "supply": [{"l": "Nuclear", "v": 0.00038619621820667571}, {"l": "Hydroelectric", "v": 0.0014498961406823486}, {"l": "Renewable", "v": 1.9467554183217279e-05}]}, {"source": 8, "prod": 0, "target": 0, "value": 23.624434997827901, "supply": [{"l": "Motor Gasoline", "v": 0.34510416952353462}, {"l": "Gas-Diesel oil", "v": 18.632303311674832}, {"l": "Natural gas (including LNG)", "v": 0.018862970493712231}, {"l": "Fuel oil", "v": 4.24578518712757}, {"l": "Liquefied petroleum gas (LPG)", "v": 0.020857055945904666}, {"l": "Coal", "v": 0.36152230306234751}]}, {"source": 8, "prod": 0, "target": 2, "value": 1.3478561808120952, "supply": [{"l": "Motor Gasoline", "v": 0.019689393120262497}, {"l": "Gas-Diesel oil", "v": 1.0630377058209273}, {"l": "Natural gas (including LNG)", "v": 0.0010761980708010083}, {"l": "Fuel oil", "v": 0.24223681147915263}, {"l": "Liquefied petroleum gas (LPG)", "v": 0.0011899675811428291}, {"l": "Coal", "v": 0.020626104739809036}]}, {"source": 8, "prod": 0, "target": 3, "value": 7.5919500786393757, "supply": [{"l": "Motor Gasoline", "v": 0.11090269998812106}, {"l": "Gas-Diesel oil", "v": 5.9876782917901856}, {"l": "Natural gas (including LNG)", "v": 0.006061805513498106}, {"l": "Fuel oil", "v": 1.3644258238668023}, {"l": "Liquefied petroleum gas (LPG)", "v": 0.0067026249534964779}, {"l": "Coal", "v": 0.11617883252727228}]}, {"source": 8, "prod": 0, "target": 4, "value": 6.1679247164203614, "supply": [{"l": "Motor Gasoline", "v": 0.090100632550138837}, {"l": "Gas-Diesel oil", "v": 4.8645668829957831}, {"l": "Natural gas (including LNG)", "v": 0.0049247900296440009}, {"l": "Fuel oil", "v": 1.1084998815295841}, {"l": "Liquefied petroleum gas (LPG)", "v": 0.0054454106899206531}, {"l": "Coal", "v": 0.094387118625291311}]}, {"source": 8, "prod": 0, "target": 5, "value": 5.6038915288925812, "supply": [{"l": "Motor Gasoline", "v": 0.081861273395797865}, {"l": "Gas-Diesel oil", "v": 4.4197207976255033}, {"l": "Natural gas (including LNG)", "v": 0.0044744367672362789}, {"l": "Fuel oil", "v": 1.0071317957796402}, {"l": "Liquefied petroleum gas (LPG)", "v": 0.0049474486540584004}, {"l": "Coal", "v": 0.08575577667034559}]}, {"source": 8, "prod": 0, "target": 6, "value": 0.31053512571754199, "supply": [{"l": "Motor Gasoline", "v": 0.004536276388345032}, {"l": "Gas-Diesel oil", "v": 0.2449152604847607}, {"l": "Natural gas (including LNG)", "v": 0.00024794730177503832}, {"l": "Fuel oil", "v": 0.055809395525250056}, {"l": "Liquefied petroleum gas (LPG)", "v": 0.00027415887367697098}, {"l": "Coal", "v": 0.0047520871437341638}]}, {"source": 10, "prod": 1927.9736885522548, "target": 0, "value": 23.583427814216211, "supply": [{"l": "Potash", "v": 2.2448744517958996}, {"l": "Phosphate", "v": 2.5183382103480039}, {"l": "Nitrogen", "v": 39.805882619807669}]}, {"source": 10, "prod": 109.99760429390906, "target": 2, "value": 1.345516578366839, "supply": [{"l": "Potash", "v": 2.2448744517958996}, {"l": "Phosphate", "v": 2.5183382103480039}, {"l": "Nitrogen", "v": 39.805882619807669}]}, {"source": 10, "prod": 619.57375902385445, "target": 3, "value": 7.5787720072537885, "supply": [{"l": "Potash", "v": 2.2448744517958996}, {"l": "Phosphate", "v": 2.5183382103480039}, {"l": "Nitrogen", "v": 39.805882619807669}]}, {"source": 10, "prod": 503.3600408781387, "target": 4, "value": 6.1572184615883376, "supply": [{"l": "Potash", "v": 2.2448744517958996}, {"l": "Phosphate", "v": 2.5183382103480039}, {"l": "Nitrogen", "v": 39.805882619807669}]}, {"source": 10, "prod": 457.32968522629767, "target": 5, "value": 5.59416432022552, "supply": [{"l": "Potash", "v": 2.2448744517958996}, {"l": "Phosphate", "v": 2.5183382103480039}, {"l": "Nitrogen", "v": 39.805882619807669}]}, {"source": 10, "prod": 25.342555358878805, "target": 6, "value": 0.30999610030087699, "supply": [{"l": "Potash", "v": 2.2448744517958996}, {"l": "Phosphate", "v": 2.5183382103480039}, {"l": "Nitrogen", "v": 39.805882619807669}]}, {"source": 8, "prod": 0, "target": 10, "value": 54.74211562255757, "supply": [{"l": "Natural gas (including LNG)", "v": 36.525718797954745}, {"l": "Fuel oil", "v": 11.179863726581063}, {"l": "Liquefied petroleum gas (LPG)", "v": 3.5182665490108822}, {"l": "Coal", "v": 3.5182665490108822}]}, {"source": 11, "prod": 0, "target": 0, "value": 0.82428317111196914, "supply": "[{\"l\":'Labor',\"v\":0.82428317111196914}]"}, {"source": 11, "prod": 0, "target": 2, "value": 0.047028221713019229, "supply": "[{\"l\":'Labor',\"v\":0.047028221713019229}]"}, {"source": 11, "prod": 0, "target": 3, "value": 0.26489169735995799, "supply": "[{\"l\":'Labor',\"v\":0.26489169735995799}]"}, {"source": 11, "prod": 0, "target": 4, "value": 0.2152058470350007, "supply": "[{\"l\":'Labor',\"v\":0.2152058470350007}]"}, {"source": 11, "prod": 0, "target": 5, "value": 0.19552609323472836, "supply": "[{\"l\":'Labor',\"v\":0.19552609323472836}]"}, {"source": 11, "prod": 0, "target": 6, "value": 0.010834920631610619, "supply": "[{\"l\":'Labor',\"v\":0.010834920631610619}]"}]}