{"nodes": [{"layer": 3, "name": "Vegetables"}, {"layer": 5, "name": "Production", "fill": "#b5cf6b"}, {"layer": 3, "name": "Sugar Crops", "fill": "#ffbb78"}, {"layer": 3, "name": "Starchy Roots"}, {"layer": 3, "name": "Pulses"}, {"layer": 3, "name": "Cereals - Excluding Beer"}, {"layer": 3, "name": "Fruits - Excluding Wine"}, {"layer": 3, "name": "Oilcrops", "fill": "#ff9896"}, {"layer": 1, "name": "Electricity", "fill": "#bcbd22"}, {"layer": 0, "name": "Fossil Fuels", "fill": "#c49c94"}, {"layer": 0, "name": "Renewables & Nuclear", "fill": "#2ca02c"}, {"layer": 1, "name": "Fertilizers", "fill": "#c5b0d5"}, {"layer": 0, "name": "Labor", "fill": "#7f7f7f"}], "links": [{"source": 0, "prod": 3787.0, "target": 1, "value": 1.0785659226278508, "supply": [{"l": "Tomatoes", "v": 0.034637252490009207}, {"l": "Vegetables, Other", "v": 0.98362474221436846}, {"l": "Onions", "v": 0.060303927923473145}]}, {"source": 2, "prod": 11203.0, "target": 1, "value": 13.020375530660001, "supply": [{"l": "Sugar beet", "v": 13.020375530660001}]}, {"source": 3, "prod": 14537.0, "target": 1, "value": 11.298067107605169, "supply": [{"l": "Potatoes", "v": 11.298067107605169}]}, {"source": 4, "prod": 181.0, "target": 1, "value": 0.57823673258542885, "supply": [{"l": "Peas", "v": 0.28366699553604707}, {"l": "Pulses, Other", "v": 0.28653862445212502}, {"l": "Beans", "v": 0.0080311125972567562}]}, {"source": 5, "prod": 28384.0, "target": 1, "value": 80.917548602577099, "supply": [{"l": "Rye", "v": 2.2499295793091427}, {"l": "Barley", "v": 43.457650539129197}, {"l": "Wheat", "v": 19.698609759108209}, {"l": "Oats", "v": 12.575964885339294}, {"l": "Cereals, Other", "v": 2.93539383969126}]}, {"source": 6, "prod": 1278.0, "target": 1, "value": 0.69916335994545842, "supply": [{"l": "Fruits, Other", "v": 0.220201816510181}, {"l": "Apples", "v": 0.47896154343527741}]}, {"source": 7, "prod": 407.33333333333331, "target": 1, "value": 1.7213324857258272, "supply": [{"l": "Oilcrops, Other", "v": 0.010612541646375}, {"l": "Rape and Mustardseed", "v": 1.2805582560130524}, {"l": "Oil Palm", "v": 0.43016168806639987}]}, {"source": 8, "prod": 0, "target": 7, "value": 0.00014199856005260803, "supply": "[{\"l\":'Energy for power irrigation',\"v\":0.00014199856005260803}]"}, {"source": 8, "prod": 0, "target": 0, "value": 0.00037684233244730591, "supply": "[{\"l\":'Energy for power irrigation',\"v\":0.00037684233244730591}]"}, {"source": 8, "prod": 0, "target": 2, "value": 0.00096518131198061968, "supply": "[{\"l\":'Energy for power irrigation',\"v\":0.00096518131198061968}]"}, {"source": 8, "prod": 0, "target": 3, "value": 0.0012892674335344375, "supply": "[{\"l\":'Energy for power irrigation',\"v\":0.0012892674335344375}]"}, {"source": 8, "prod": 0, "target": 4, "value": 2.3890414201360049e-05, "supply": "[{\"l\":'Energy for power irrigation',\"v\":2.3890414201360049e-05}]"}, {"source": 8, "prod": 0, "target": 5, "value": 0.0029713327364693336, "supply": "[{\"l\":'Energy for power irrigation',\"v\":0.0029713327364693336}]"}, {"source": 8, "prod": 0, "target": 6, "value": 0.0002673839176504103, "supply": "[{\"l\":'Energy for power irrigation',\"v\":0.0002673839176504103}]"}, {"source": 9, "prod": 0, "target": 8, "value": 0.011508051892800322, "supply": [{"l": "Coal", "v": 0.0059563141575437149}, {"l": "Natural gas", "v": 0.0018135022503401642}, {"l": "Oil", "v": 0.0037382354849164433}]}, {"source": 10, "prod": 0, "target": 8, "value": 0.0016131521065155701, "supply": [{"l": "Nuclear", "v": 0.00018418228804853689}, {"l": "Hydroelectric", "v": 0.0014106189346429854}, {"l": "Renewable", "v": 1.8350883824047859e-05}]}, {"source": 9, "prod": 0, "target": 7, "value": 1.0550135011979256, "supply": [{"l": "Motor Gasoline", "v": 0.031826159111588669}, {"l": "Gas-Diesel oil", "v": 0.75015959603048754}, {"l": "Natural gas (including LNG)", "v": 0.00083311153811373975}, {"l": "Fuel oil", "v": 0.2502909420213853}, {"l": "Liquefied petroleum gas (LPG)", "v": 0.0059365147887304771}, {"l": "Coal", "v": 0.015967177707619903}]}, {"source": 9, "prod": 0, "target": 0, "value": 2.7998435224098794, "supply": [{"l": "Motor Gasoline", "v": 0.084461729949985312}, {"l": "Gas-Diesel oil", "v": 1.9908081586962936}, {"l": "Natural gas (including LNG)", "v": 0.0022109498511480017}, {"l": "Fuel oil", "v": 0.66423365382598398}, {"l": "Liquefied petroleum gas (LPG)", "v": 0.015754596939323188}, {"l": "Coal", "v": 0.042374433147145125}]}, {"source": 9, "prod": 0, "target": 2, "value": 7.1710538111529152, "supply": [{"l": "Motor Gasoline", "v": 0.21632623595088998}, {"l": "Gas-Diesel oil", "v": 5.0989251075737192}, {"l": "Natural gas (including LNG)", "v": 0.0056627594468909035}, {"l": "Fuel oil", "v": 1.7012576726663007}, {"l": "Liquefied petroleum gas (LPG)", "v": 0.04035120588727404}, {"l": "Coal", "v": 0.10853082962784051}]}, {"source": 9, "prod": 0, "target": 3, "value": 9.5789319872659426, "supply": [{"l": "Motor Gasoline", "v": 0.28896370823658191}, {"l": "Gas-Diesel oil", "v": 6.8110291875998055}, {"l": "Natural gas (including LNG)", "v": 0.0075641863846639861}, {"l": "Fuel oil", "v": 2.2725016390115247}, {"l": "Liquefied petroleum gas (LPG)", "v": 0.053900230981005659}, {"l": "Coal", "v": 0.14497303505236006}]}, {"source": 9, "prod": 0, "target": 4, "value": 0.17749975437995708, "supply": [{"l": "Motor Gasoline", "v": 0.0053545622105783995}, {"l": "Gas-Diesel oil", "v": 0.12620989578805322}, {"l": "Natural gas (including LNG)", "v": 0.00014016606727628464}, {"l": "Fuel oil", "v": 0.042109964168116673}, {"l": "Liquefied petroleum gas (LPG)", "v": 0.0009987833479630111}, {"l": "Coal", "v": 0.0026863827979694784}]}, {"source": 9, "prod": 0, "target": 5, "value": 22.076253113870568, "supply": [{"l": "Motor Gasoline", "v": 0.66596526337527684}, {"l": "Gas-Diesel oil", "v": 15.697157523542506}, {"l": "Natural gas (including LNG)", "v": 0.017432934428423513}, {"l": "Fuel oil", "v": 5.2373606422090679}, {"l": "Liquefied petroleum gas (LPG)", "v": 0.12422210989853781}, {"l": "Coal", "v": 0.33411464041675687}]}, {"source": 9, "prod": 0, "target": 6, "value": 1.9865950965972217, "supply": [{"l": "Motor Gasoline", "v": 0.059928798600979792}, {"l": "Gas-Diesel oil", "v": 1.4125538426260751}, {"l": "Natural gas (including LNG)", "v": 0.001568752717056299}, {"l": "Fuel oil", "v": 0.47129895264639021}, {"l": "Liquefied petroleum gas (LPG)", "v": 0.01117848364668117}, {"l": "Coal", "v": 0.03006626636003901}]}, {"source": 11, "prod": 85.151865431163372, "target": 7, "value": 1.0415976543485208, "supply": [{"l": "Potash", "v": 2.2448744517958996}, {"l": "Phosphate", "v": 2.5183382103480039}, {"l": "Nitrogen", "v": 39.805882619807669}]}, {"source": 11, "prod": 225.97995056731818, "target": 0, "value": 2.7642399288479975, "supply": [{"l": "Potash", "v": 2.2448744517958996}, {"l": "Phosphate", "v": 2.5183382103480039}, {"l": "Nitrogen", "v": 39.805882619807669}]}, {"source": 11, "prod": 578.78748322517197, "target": 2, "value": 7.0798646845966866, "supply": [{"l": "Potash", "v": 2.2448744517958996}, {"l": "Phosphate", "v": 2.5183382103480039}, {"l": "Nitrogen", "v": 39.805882619807669}]}, {"source": 11, "prod": 773.13126953141557, "target": 3, "value": 9.4571236081541041, "supply": [{"l": "Potash", "v": 2.2448744517958996}, {"l": "Phosphate", "v": 2.5183382103480039}, {"l": "Nitrogen", "v": 39.805882619807669}]}, {"source": 11, "prod": 14.326295523104511, "target": 4, "value": 0.17524261784297004, "supply": [{"l": "Potash", "v": 2.2448744517958996}, {"l": "Phosphate", "v": 2.5183382103480039}, {"l": "Nitrogen", "v": 39.805882619807669}]}, {"source": 11, "prod": 1781.8105002847183, "target": 5, "value": 21.795525302853846, "supply": [{"l": "Potash", "v": 2.2448744517958996}, {"l": "Phosphate", "v": 2.5183382103480039}, {"l": "Nitrogen", "v": 39.805882619807669}]}, {"source": 11, "prod": 160.34133984027562, "target": 6, "value": 1.9613329975459159, "supply": [{"l": "Potash", "v": 2.2448744517958996}, {"l": "Phosphate", "v": 2.5183382103480039}, {"l": "Nitrogen", "v": 39.805882619807669}]}, {"source": 9, "prod": 0, "target": 11, "value": 54.74211562255757, "supply": [{"l": "Natural gas (including LNG)", "v": 36.525718797954745}, {"l": "Fuel oil", "v": 11.179863726581063}, {"l": "Liquefied petroleum gas (LPG)", "v": 3.5182665490108822}, {"l": "Coal", "v": 3.5182665490108822}]}, {"source": 12, "prod": 0, "target": 7, "value": 0.035655992526445544, "supply": "[{\"l\":'Labor',\"v\":0.035655992526445544}]"}, {"source": 12, "prod": 0, "target": 0, "value": 0.094625518627874716, "supply": "[{\"l\":'Labor',\"v\":0.094625518627874716}]"}, {"source": 12, "prod": 0, "target": 2, "value": 0.24235807485580069, "supply": "[{\"l\":'Labor',\"v\":0.24235807485580069}]"}, {"source": 12, "prod": 0, "target": 3, "value": 0.3237364516771325, "supply": "[{\"l\":'Labor',\"v\":0.3237364516771325}]"}, {"source": 12, "prod": 0, "target": 4, "value": 0.0059989089319060123, "supply": "[{\"l\":'Labor',\"v\":0.0059989089319060123}]"}, {"source": 12, "prod": 0, "target": 5, "value": 0.74610487462606978, "supply": "[{\"l\":'Labor',\"v\":0.74610487462606978}]"}, {"source": 12, "prod": 0, "target": 6, "value": 0.06714039188779547, "supply": "[{\"l\":'Labor',\"v\":0.06714039188779547}]"}]}