{"nodes": [{"layer": 13, "name": "Milk - Excluding Butter"}, {"layer": 10, "name": "Feed", "fill": "#dbdb8d"}, {"layer": 5, "name": "Oilcrops", "fill": "#ff9896"}, {"layer": 5, "name": "Vegetables"}, {"layer": 13, "name": "Animal Fats"}, {"layer": 5, "name": "Starchy Roots"}, {"layer": 5, "name": "Pulses"}, {"layer": 13, "name": "Aquatic Products, Other"}, {"layer": 13, "name": "Fish, Seafood"}, {"layer": 13, "name": "Sugar & Sweeteners"}, {"layer": 5, "name": "Cereals - Excluding Beer"}, {"layer": 13, "name": "Meat"}, {"layer": 16, "name": "Food", "fill": "#b5cf6b"}, {"layer": 5, "name": "Treenuts"}, {"layer": 5, "name": "Others"}, {"layer": 13, "name": "Alcoholic Beverages"}, {"layer": 13, "name": "Vegetable Oils", "fill": "#f7b6d2"}, {"layer": 5, "name": "Spices"}, {"layer": 5, "name": "Stimulants"}, {"layer": 13, "name": "Eggs"}, {"layer": 5, "name": "Fruits - Excluding Wine"}, {"layer": 10, "name": "Processing", "fill": "#9edae5"}, {"layer": 5, "name": "Sugar Crops", "fill": "#ffbb78"}, {"layer": 16, "name": "Biofuels & Other", "fill": "#e7ba52"}, {"name": "Waste", "fill": "#c7c7c7"}, {"layer": 2, "name": "Import", "fill": "#aec7e8"}, {"layer": 16, "name": "Export", "fill": "#aec7e8"}, {"layer": 16, "name": "Stock Deposit", "fill": "#c7c7c7"}, {"layer": 0, "name": "Stock Draw", "fill": "#c7c7c7"}, {"name": "Crop Residue", "fill": "#bd9e39"}, {"layer": 2, "name": "Electricity", "fill": "#bcbd22"}, {"layer": 0, "name": "Fossil Fuels", "fill": "#c49c94"}, {"layer": 0, "name": "Renewables & Nuclear", "fill": "#2ca02c"}, {"layer": 2, "name": "Fertilizers", "fill": "#c5b0d5"}, {"layer": 0, "name": "Labor", "fill": "#7f7f7f"}], "links": [{"source": 0, "prod": 5423.0, "target": 1, "value": 3.3762757156917553, "supply": [{"l": "Milk - Excluding Butter", "v": 3.3762757156917553}]}, {"source": 2, "prod": 118.0, "target": 1, "value": 0.48770364290094759, "supply": [{"l": "Soyabeans", "v": 0.21384712603984213}, {"l": "Sunflower seed", "v": 0.0080697028694280051}, {"l": "Rape and Mustardseed", "v": 0.18560316599684412}, {"l": "Oilcrops, Other", "v": 0.080183647994833351}]}, {"source": 3, "prod": 130.0, "target": 1, "value": 0.038862828564190141, "supply": [{"l": "Vegetables, Other", "v": 0.038862828564190141}]}, {"source": 4, "prod": 227.0, "target": 1, "value": 0.2854360509546387, "supply": [{"l": "Fish, Body Oil", "v": 0.26033777728000002}, {"l": "Fish, Liver Oil", "v": 0.025098273674638686}]}, {"source": 5, "prod": 1321.0, "target": 1, "value": 1.0276844789594093, "supply": [{"l": "Potatoes", "v": 0.99578814009692951}, {"l": "Roots, Other", "v": 0.00077795948445072622}, {"l": "Sweet potatoes", "v": 0.0070016353600565349}, {"l": "Cassava", "v": 0.024116744017972511}]}, {"source": 6, "prod": 198.0, "target": 1, "value": 0.62936491959091379, "supply": [{"l": "Beans", "v": 0.17184645750274702}, {"l": "Peas", "v": 0.061316907290166672}, {"l": "Pulses, Other", "v": 0.39620155479800007}]}, {"source": 7, "prod": 110.0, "target": 1, "value": 0.087946690719698198, "supply": [{"l": "Aquatic Products, Other", "v": 0.043973345359849099}, {"l": "Aquatic Plants", "v": 0.043973345359849099}]}, {"source": 8, "prod": 5079.0, "target": 1, "value": 5.7552431152456078, "supply": [{"l": "Fish, Seafood", "v": 1.9872280312965609}, {"l": "Marine Fish, Other", "v": 0.016326987148269231}, {"l": "Pelagic Fish", "v": 3.7068091893409827}, {"l": "Demersal Fish", "v": 0.044878907459794781}]}, {"source": 9, "prod": 10.0, "target": 1, "value": 0.033513289409605268, "supply": [{"l": "Sugar", "v": 0.033513289409605268}]}, {"source": 10, "prod": 25528.0, "target": 1, "value": 72.221916822535832, "supply": [{"l": "Maize", "v": 11.457257082470303}, {"l": "Oats", "v": 9.3387468865807488}, {"l": "Rye", "v": 0.8323334032791645}, {"l": "Barley", "v": 37.939836385790628}, {"l": "Rice", "v": 0.12134969086745029}, {"l": "Sorghum", "v": 1.9978834121701152}, {"l": "Cereals, Other", "v": 0.74737081608924083}, {"l": "Wheat", "v": 9.7404596263122443}, {"l": "Millet", "v": 0.046679518975937279}]}, {"source": 11, "prod": 5.0, "target": 1, "value": 0.0064598079586630427, "supply": [{"l": "Offals, Edible", "v": 0.0064598079586630427}]}, {"source": 0, "prod": 20679.0, "target": 12, "value": 12.874424769461518, "supply": [{"l": "Milk - Excluding Butter", "v": 12.874424769461518}]}, {"source": 11, "prod": 5739.0, "target": 12, "value": 13.708051140673065, "supply": [{"l": "Pigmeat", "v": 7.9667673949159736}, {"l": "Meat, Other", "v": 0.069739559390464292}, {"l": "Mutton & Goat Meat", "v": 1.3920848017459835}, {"l": "Poultry Meat", "v": 1.2864863169436536}, {"l": "Offals, Edible", "v": 0.48706952008319349}, {"l": "Bovine Meat", "v": 2.5059035475937961}]}, {"source": 13, "prod": 98.0, "target": 12, "value": 0.27734108835860005, "supply": [{"l": "Treenuts", "v": 0.27734108835860005}]}, {"source": 3, "prod": 4841.0, "target": 12, "value": 1.4613606885841877, "supply": [{"l": "Tomatoes", "v": 0.20886473014538812}, {"l": "Vegetables, Other", "v": 1.0785929650738311}, {"l": "Onions", "v": 0.17390299336496848}]}, {"source": 14, "prod": 102.0, "target": 12, "value": 0.31130122162700002, "supply": [{"l": "Nuts", "v": 0.27734108835860005}, {"l": "Infant food", "v": 0.0339601332684}]}, {"source": 15, "prod": 9482.0, "target": 12, "value": 6.5449007915304005, "supply": [{"l": "Beer", "v": 4.9411269980369434}, {"l": "Beverages, Alcoholic", "v": 1.1473999794687102}, {"l": "Wine", "v": 0.45277803520809312}, {"l": "Beverages, Fermented", "v": 0.0035957788166541176}]}, {"source": 4, "prod": 1407.0, "target": 12, "value": 10.577933024599769, "supply": [{"l": "Fats, Animals, Raw", "v": 4.3827312458006187}, {"l": "Butter, Ghee", "v": 5.6387454855688262}, {"l": "Fish, Body Oil", "v": 0.0011622222200000001}, {"l": "Cream", "v": 0.55529407101032435}]}, {"source": 5, "prod": 7112.0, "target": 12, "value": 5.532847853413565, "supply": [{"l": "Potatoes", "v": 5.532847853413565}]}, {"source": 6, "prod": 199.0, "target": 12, "value": 0.76722993350066959, "supply": [{"l": "Peas", "v": 0.45221219126497919}, {"l": "Beans", "v": 0.2782275978615904}, {"l": "Pulses, Other", "v": 0.036790144374100005}]}, {"source": 8, "prod": 3377.0, "target": 12, "value": 2.7639212366823673, "supply": [{"l": "Freshwater Fish", "v": 0.10409519110531304}, {"l": "Crustaceans", "v": 0.069719478895390721}, {"l": "Marine Fish, Other", "v": 0.035103022368778852}, {"l": "Demersal Fish", "v": 0.59120480760369665}, {"l": "Pelagic Fish", "v": 0.55640039774566075}, {"l": "Fish, Seafood", "v": 1.3219488557935768}, {"l": "Cephalopods", "v": 0.0099050388699500006}, {"l": "Molluscs, Other", "v": 0.075544444299999999}]}, {"source": 9, "prod": 3806.0, "target": 12, "value": 12.753353387558324, "supply": [{"l": "Sugar", "v": 12.580888844365816}, {"l": "Sweeteners, Other", "v": 0.10389119716977632}, {"l": "Honey", "v": 0.068573346022730769}]}, {"source": 10, "prod": 7839.0, "target": 12, "value": 24.732651567297275, "supply": [{"l": "Maize", "v": 0.83356690749709084}, {"l": "Rye", "v": 1.322157928217788}, {"l": "Barley", "v": 0.17245380175359376}, {"l": "Rice", "v": 0.72809814520470173}, {"l": "Cereals, Other", "v": 0.31233407239550365}, {"l": "Wheat", "v": 20.738154297043067}, {"l": "Oats", "v": 0.62588641518552912}]}, {"source": 16, "prod": 961.0, "target": 12, "value": 10.32070924751021, "supply": [{"l": "Maize Germ Oil", "v": 0.1358405330736}, {"l": "Groundnut Oil", "v": 0.2377209328788}, {"l": "Soyabean Oil", "v": 3.4498680157917545}, {"l": "Palm Oil", "v": 2.1852751125531715}, {"l": "Sunflowerseed Oil", "v": 0.27387204248709679}, {"l": "Olive Oil", "v": 0.031837624939125002}, {"l": "Coconut Oil", "v": 1.2482293258576029}, {"l": "Rape and Mustard Oil", "v": 1.1499560052639179}, {"l": "Oilcrops Oil, Other", "v": 0.8396736247681319}, {"l": "Cottonseed Oil", "v": 0.20839172687427276}, {"l": "Palmkernel Oil", "v": 0.56004430302273689}]}, {"source": 17, "prod": 21.0, "target": 12, "value": 0.081022673723286059, "supply": [{"l": "Pimento", "v": 0.0079594062347812505}, {"l": "Pepper", "v": 0.037143895762312501}, {"l": "Spices, Other", "v": 0.035919371726192306}]}, {"source": 18, "prod": 754.0, "target": 12, "value": 0.55726320644220551, "supply": [{"l": "Cocoa Beans", "v": 0.24381634141415387}, {"l": "Coffee", "v": 0.20885481960065999}, {"l": "Tea", "v": 0.10459204542739163}]}, {"source": 19, "prod": 1083.0, "target": 12, "value": 1.7749054133360496, "supply": [{"l": "Eggs", "v": 1.7749054133360496}]}, {"source": 20, "prod": 5264.0, "target": 12, "value": 2.7759365822175437, "supply": [{"l": "Grapes", "v": 0.52165679354092975}, {"l": "Dates", "v": 0.034731954479045458}, {"l": "Apples", "v": 0.66140549598871312}, {"l": "Lemons, Limes", "v": 0.069733333199999997}, {"l": "Pineapples", "v": 0.069917921434941188}, {"l": "Bananas", "v": 0.34789457714937916}, {"l": "Citrus, Other", "v": 0.026731111060000003}, {"l": "Fruits, Other", "v": 0.66133311594587296}, {"l": "Grapefruit", "v": 0.034688755530688425}, {"l": "Oranges, Mandarines", "v": 0.34784352388797352}]}, {"source": 2, "prod": 196.0, "target": 12, "value": 0.70908767045931154, "supply": [{"l": "Olives", "v": 0.0067026578819210543}, {"l": "Coconuts - Incl Copra", "v": 0.17451735151816666}, {"l": "Groundnuts", "v": 0.51979795818979579}, {"l": "Rape and Mustardseed", "v": 0.0080697028694280051}]}, {"source": 2, "prod": 3157.4007782101171, "target": 21, "value": 11.402332063959292, "supply": [{"l": "Sunflower seed", "v": 0.08069702869428004}, {"l": "Soyabeans", "v": 7.109408227966072}, {"l": "Sesame seed", "v": 0.0070750277642500003}, {"l": "Rape and Mustardseed", "v": 1.6058708710161731}, {"l": "Groundnuts", "v": 0.025989897909489797}, {"l": "Palm kernels", "v": 0.39138058916725815}, {"l": "Coconuts - Incl Copra", "v": 0.93075920809688883}, {"l": "Oilcrops, Other", "v": 0.48110188796900011}, {"l": "Oil Palm", "v": 0.77004932537588022}]}, {"source": 22, "prod": 13302.0, "target": 21, "value": 15.459879970440001, "supply": [{"l": "Sugar beet", "v": 15.459879970440001}]}, {"source": 5, "prod": 197.0, "target": 21, "value": 0.15325801843679307, "supply": [{"l": "Potatoes", "v": 0.15325801843679307}]}, {"source": 9, "prod": 7.0, "target": 21, "value": 0.023459302586723685, "supply": [{"l": "Sugar", "v": 0.023459302586723685}]}, {"source": 10, "prod": 2782.0, "target": 21, "value": 8.0012215025542677, "supply": [{"l": "Maize", "v": 2.7133803449802425}, {"l": "Cereals, Other", "v": 0.06971742687399636}, {"l": "Rye", "v": 0.0073657823299041114}, {"l": "Barley", "v": 5.2107579483701247}]}, {"source": 16, "prod": 3.0, "target": 21, "value": 0.033586944990725273, "supply": [{"l": "Oilcrops Oil, Other", "v": 0.033586944990725273}]}, {"source": 18, "prod": 3.0, "target": 21, "value": 0.0057144455018942305, "supply": [{"l": "Cocoa Beans", "v": 0.0057144455018942305}]}, {"source": 20, "prod": 25.0, "target": 21, "value": 0.013291911093020765, "supply": [{"l": "Apples", "v": 0.013291911093020765}]}, {"source": 11, "prod": 5.0, "target": 21, "value": 0.0076936827415284986, "supply": [{"l": "Poultry Meat", "v": 0.0061776053634749273}, {"l": "Meat, Other", "v": 0.0015160773780535715}]}, {"source": 0, "prod": 1253.0, "target": 23, "value": 0.7800983720748238, "supply": [{"l": "Milk - Excluding Butter", "v": 0.7800983720748238}]}, {"source": 2, "prod": 11.0, "target": 23, "value": 0.044648077705006235, "supply": [{"l": "Oilcrops, Other", "v": 0.018866740704666669}, {"l": "Coconuts - Incl Copra", "v": 0.0015722283920555555}, {"l": "Palm kernels", "v": 0.02420910860828401}]}, {"source": 9, "prod": 619.0, "target": 23, "value": 2.074472614454566, "supply": [{"l": "Sugar", "v": 0.097188539287855258}, {"l": "Sweeteners, Other", "v": 1.9772840751667107}]}, {"source": 4, "prod": 486.0, "target": 23, "value": 3.2323748747513945, "supply": [{"l": "Fats, Animals, Raw", "v": 3.0410788236167559}, {"l": "Fish, Body Oil", "v": 0.16619777746}, {"l": "Fish, Liver Oil", "v": 0.016732182449759124}, {"l": "Butter, Ghee", "v": 0.008366091224879562}]}, {"source": 5, "prod": 1077.0, "target": 23, "value": 0.83786236475343212, "supply": [{"l": "Potatoes", "v": 0.82541501300222053}, {"l": "Cassava", "v": 0.01244735175121162}]}, {"source": 7, "prod": 288.0, "target": 23, "value": 0.23026042661157342, "supply": [{"l": "Aquatic Products, Other", "v": 0.11513021330578671}, {"l": "Aquatic Animals, Others", "v": 0.0023985461105372231}, {"l": "Aquatic Plants", "v": 0.11273166719524949}]}, {"source": 8, "prod": 263.0, "target": 23, "value": 0.22946404740046419, "supply": [{"l": "Pelagic Fish", "v": 0.028805470183017864}, {"l": "Fish, Seafood", "v": 0.10253126116575402}, {"l": "Molluscs, Other", "v": 0.019757777740000003}, {"l": "Marine Fish, Other", "v": 0.078369538311692299}]}, {"source": 15, "prod": 239.0, "target": 23, "value": 0.60616523155035351, "supply": [{"l": "Alcohol, Non-Food", "v": 0.078703748451304525}, {"l": "Beverages, Alcoholic", "v": 0.52746148309904894}]}, {"source": 10, "prod": 1021.0, "target": 23, "value": 3.4722632566641249, "supply": [{"l": "Maize", "v": 3.097575792057091}, {"l": "Rye", "v": 0.011048673494856165}, {"l": "Barley", "v": 0.00265313541159375}, {"l": "Sorghum", "v": 0.037343615180749822}, {"l": "Rice", "v": 0.018669183210376965}, {"l": "Wheat", "v": 0.30497285730945689}]}, {"source": 16, "prod": 289.0, "target": 23, "value": 3.235438401730963, "supply": [{"l": "Coconut Oil", "v": 0.51329056390406114}, {"l": "Rape and Mustard Oil", "v": 0.24044534655518288}, {"l": "Cottonseed Oil", "v": 0.023154636319363639}, {"l": "Oilcrops Oil, Other", "v": 1.0635865913729667}, {"l": "Soyabean Oil", "v": 0.010454145502399257}, {"l": "Palm Oil", "v": 0.63477038983687351}, {"l": "Palmkernel Oil", "v": 0.73878184654063161}, {"l": "Sunflowerseed Oil", "v": 0.010954881699483872}]}, {"source": 11, "prod": 6.0, "target": 23, "value": 0.0077517695503956522, "supply": [{"l": "Offals, Edible", "v": 0.0077517695503956522}]}, {"source": 2, "prod": 3.0, "target": 2, "value": 0.012104554304142005, "supply": [{"l": "Rape and Mustardseed", "v": 0.012104554304142005}]}, {"source": 19, "prod": 51.0, "target": 19, "value": 0.083582803398096525, "supply": [{"l": "Eggs", "v": 0.083582803398096525}]}, {"source": 5, "prod": 1228.0, "target": 5, "value": 0.95533424690549174, "supply": [{"l": "Potatoes", "v": 0.95533424690549174}]}, {"source": 6, "prod": 10.0, "target": 6, "value": 0.03732077145641876, "supply": [{"l": "Peas", "v": 0.034490760350718762}, {"l": "Pulses, Other", "v": 0.0028300111056999999}]}, {"source": 8, "prod": 12.0, "target": 8, "value": 0.0082864008944517065, "supply": [{"l": "Fish, Seafood", "v": 0.0046960882976681238}, {"l": "Demersal Fish", "v": 0.0035903125967835831}]}, {"source": 10, "prod": 1746.0, "target": 10, "value": 4.8483689787145732, "supply": [{"l": "Cereals, Other", "v": 0.064140032724076632}, {"l": "Wheat", "v": 1.2074435575109108}, {"l": "Oats", "v": 0.83973094037391827}, {"l": "Rye", "v": 0.17677877591769864}, {"l": "Barley", "v": 2.5602756721879687}]}, {"source": 0, "prod": 152.0, "target": 24, "value": 0.09463284322056921, "supply": [{"l": "Milk - Excluding Butter", "v": 0.09463284322056921}]}, {"source": 2, "prod": 2.0, "target": 24, "value": 0.012994948954744899, "supply": [{"l": "Groundnuts", "v": 0.012994948954744899}]}, {"source": 3, "prod": 446.0, "target": 24, "value": 0.13564126062820545, "supply": [{"l": "Tomatoes", "v": 0.0044597451276595333}, {"l": "Vegetables, Other", "v": 0.12137160305431691}, {"l": "Onions", "v": 0.0098099124462289918}]}, {"source": 22, "prod": 3.0, "target": 24, "value": 0.0034866666600000002, "supply": [{"l": "Sugar beet", "v": 0.0034866666600000002}]}, {"source": 4, "prod": 18.0, "target": 24, "value": 0.16099829066206359, "supply": [{"l": "Fats, Animals, Raw", "v": 0.16099829066206359}]}, {"source": 5, "prod": 363.0, "target": 24, "value": 0.2823992928556136, "supply": [{"l": "Potatoes", "v": 0.2823992928556136}]}, {"source": 6, "prod": 4.0, "target": 24, "value": 0.01558850243840023, "supply": [{"l": "Beans", "v": 0.0040915823214939763}, {"l": "Peas", "v": 0.011496920116906253}]}, {"source": 14, "prod": 1.0, "target": 24, "value": 0.0028300111056999999, "supply": [{"l": "Nuts", "v": 0.0028300111056999999}]}, {"source": 10, "prod": 720.0, "target": 24, "value": 2.0507066424165115, "supply": [{"l": "Maize", "v": 0.13035202668678786}, {"l": "Oats", "v": 0.23731526575784645}, {"l": "Rye", "v": 0.095755170288753425}, {"l": "Barley", "v": 0.97370069605490628}, {"l": "Cereals, Other", "v": 0.022309576599678835}, {"l": "Wheat", "v": 0.59127390702853877}]}, {"source": 16, "prod": 4.0, "target": 24, "value": 0.04162428785815564, "supply": [{"l": "Palm Oil", "v": 0.04162428785815564}]}, {"source": 19, "prod": 17.0, "target": 24, "value": 0.027860934466032172, "supply": [{"l": "Eggs", "v": 0.027860934466032172}]}, {"source": 20, "prod": 206.0, "target": 24, "value": 0.107773725498162, "supply": [{"l": "Grapes", "v": 0.0074522399077275678}, {"l": "Grapefruit", "v": 0.00095037686385447749}, {"l": "Lemons, Limes", "v": 0.0034866666600000002}, {"l": "Bananas", "v": 0.018976067844511592}, {"l": "Fruits, Other", "v": 0.027323632946501256}, {"l": "Oranges, Mandarines", "v": 0.0086456551090631356}, {"l": "Apples", "v": 0.040939086166503956}]}, {"source": 25, "prod": 151.0, "target": 14, "value": 0.60279236551410009, "supply": [{"l": "Nuts", "v": 0.339601332684}, {"l": "Infant food", "v": 0.26319103283010004}]}, {"source": 25, "prod": 9648.0, "target": 1, "value": 11.205786966112221, "supply": [{"l": "Crustaceans", "v": 0.066345955723033118}, {"l": "Eggs", "v": 0.03605532695604164}, {"l": "Marine Fish, Other", "v": 0.0097961922889615374}, {"l": "Pigmeat", "v": 2.0695792394614121}, {"l": "Fish, Seafood", "v": 2.2251631717117459}, {"l": "Offals, Edible", "v": 0.16278716055830869}, {"l": "Demersal Fish", "v": 0.20105750541988066}, {"l": "Freshwater Fish", "v": 0.056477178152882612}, {"l": "Milk - Excluding Butter", "v": 1.6162293486881427}, {"l": "Meat, Other", "v": 0.036385857073285718}, {"l": "Mutton & Goat Meat", "v": 0.65113643952634714}, {"l": "Pelagic Fish", "v": 3.5097191301940183}, {"l": "Bovine Meat", "v": 0.52870613184686943}, {"l": "Molluscs, Other", "v": 0.016271111080000001}, {"l": "Poultry Meat", "v": 0.020077217431293516}]}, {"source": 25, "prod": 11642.0, "target": 10, "value": 37.544309602982167, "supply": [{"l": "Maize", "v": 16.571858971680847}, {"l": "Barley", "v": 2.8786519215792192}, {"l": "Cereals, Other", "v": 0.27886970749598544}, {"l": "Sorghum", "v": 2.0601227708046985}, {"l": "Rye", "v": 0.41248381047463029}, {"l": "Rice", "v": 0.93812645632144243}, {"l": "Wheat", "v": 13.997631756917723}, {"l": "Oats", "v": 0.35988468873167923}, {"l": "Millet", "v": 0.046679518975937279}]}, {"source": 25, "prod": 182.0, "target": 6, "value": 0.70847736860296706, "supply": [{"l": "Peas", "v": 0.19927994869304172}, {"l": "Pulses, Other", "v": 0.050940199902600007}, {"l": "Beans", "v": 0.45825722000732533}]}, {"source": 25, "prod": 5706.0, "target": 21, "value": 26.806279125262122, "supply": [{"l": "Sugar", "v": 9.1189660483535935}, {"l": "Beverages, Alcoholic", "v": 0.35278268025455872}, {"l": "Butter, Ghee", "v": 3.3631686724015837}, {"l": "Fats, Animals, Raw", "v": 3.7745154810772679}, {"l": "Sunflowerseed Oil", "v": 0.31769156928503228}, {"l": "Rape and Mustard Oil", "v": 0.083633164019194031}, {"l": "Wine", "v": 0.46666693199361747}, {"l": "Sweeteners, Other", "v": 0.41556478867910529}, {"l": "Fish, Body Oil", "v": 0.26963555504000003}, {"l": "Honey", "v": 0.055511756304115381}, {"l": "Palmkernel Oil", "v": 0.79836102771326323}, {"l": "Cream", "v": 0.0045892071984324325}, {"l": "Alcohol, Non-Food", "v": 0.025925940666312083}, {"l": "Oilcrops Oil, Other", "v": 1.4554342829314286}, {"l": "Maize Germ Oil", "v": 0.011320044422799999}, {"l": "Beer", "v": 0.19303062012673219}, {"l": "Groundnut Oil", "v": 0.25753101061870004}, {"l": "Soyabean Oil", "v": 0.78406091267994427}, {"l": "Palm Oil", "v": 3.6421251875886189}, {"l": "Coconut Oil", "v": 1.0965752956132213}, {"l": "Olive Oil", "v": 0.031837624939125002}, {"l": "Beverages, Fermented", "v": 0.0023971858777694119}, {"l": "Cottonseed Oil", "v": 0.24312368135331824}, {"l": "Fish, Liver Oil", "v": 0.041830456124397813}]}, {"source": 25, "prod": 120.0, "target": 13, "value": 0.339601332684, "supply": [{"l": "Treenuts", "v": 0.339601332684}]}, {"source": 25, "prod": 1648.0, "target": 3, "value": 0.49170480788545884, "supply": [{"l": "Tomatoes", "v": 0.16327622439597955}, {"l": "Vegetables, Other", "v": 0.22899174369361269}, {"l": "Onions", "v": 0.099436839795866594}]}, {"source": 25, "prod": 871.0, "target": 18, "value": 0.69851276896102199, "supply": [{"l": "Tea", "v": 0.1176660511058156}, {"l": "Coffee", "v": 0.22464628157046601}, {"l": "Cocoa Beans", "v": 0.35620043628474041}]}, {"source": 25, "prod": 4541.0, "target": 20, "value": 2.3991790257546217, "supply": [{"l": "Grapes", "v": 0.53490522004355656}, {"l": "Pineapples", "v": 0.070916748884011768}, {"l": "Citrus, Other", "v": 0.03137999994}, {"l": "Grapefruit", "v": 0.036747905402373132}, {"l": "Fruits, Other", "v": 0.49739131826686545}, {"l": "Dates", "v": 0.0424501665855}, {"l": "Apples", "v": 0.36579339327993149}, {"l": "Lemons, Limes", "v": 0.074382222080000004}, {"l": "Bananas", "v": 0.37460163559721033}, {"l": "Oranges, Mandarines", "v": 0.37061041567517317}]}, {"source": 25, "prod": 4.0, "target": 22, "value": 0.0046488888800000003, "supply": [{"l": "Sugar beet", "v": 0.0046488888800000003}]}, {"source": 25, "prod": 3009.0, "target": 2, "value": 10.699989462391775, "supply": [{"l": "Sunflower seed", "v": 0.10087128586785006}, {"l": "Coconuts - Incl Copra", "v": 1.1084210163991666}, {"l": "Sesame seed", "v": 0.014150055528500001}, {"l": "Olives", "v": 0.0067026578819210543}, {"l": "Groundnuts", "v": 0.58477270296352035}, {"l": "Oilcrops, Other", "v": 0.50468531384983339}, {"l": "Soyabeans", "v": 7.359569016918341}, {"l": "Rape and Mustardseed", "v": 0.58101860659881632}, {"l": "Palm kernels", "v": 0.43979880638382624}]}, {"source": 25, "prod": 24.0, "target": 17, "value": 0.09081886601224759, "supply": [{"l": "Pepper", "v": 0.037143895762312501}, {"l": "Pimento", "v": 0.0079594062347812505}, {"l": "Spices, Other", "v": 0.045715564015153844}]}, {"source": 25, "prod": 1968.0, "target": 5, "value": 1.5310242653990291, "supply": [{"l": "Roots, Other", "v": 0.00077795948445072622}, {"l": "Potatoes", "v": 1.485902615300887}, {"l": "Sweet potatoes", "v": 0.0070016353600565349}, {"l": "Cassava", "v": 0.037342055253634855}]}, {"source": 0, "prod": 7332.0, "target": 26, "value": 4.5647895164027199, "supply": [{"l": "Milk - Excluding Butter", "v": 4.5647895164027199}]}, {"source": 11, "prod": 1244.0, "target": 26, "value": 3.1876588975436482, "supply": [{"l": "Pigmeat", "v": 2.2364807910308806}, {"l": "Meat, Other", "v": 0.039418011829392863}, {"l": "Mutton & Goat Meat", "v": 0.12629801628743803}, {"l": "Poultry Meat", "v": 0.10501929117907377}, {"l": "Offals, Edible", "v": 0.065890041178363043}, {"l": "Bovine Meat", "v": 0.6145527460385003}]}, {"source": 13, "prod": 25.0, "target": 26, "value": 0.070750277642500012, "supply": [{"l": "Treenuts", "v": 0.070750277642500012}]}, {"source": 3, "prod": 206.0, "target": 26, "value": 0.061440773350867402, "supply": [{"l": "Tomatoes", "v": 0.004955272364066148}, {"l": "Vegetables, Other", "v": 0.053810070319647893}, {"l": "Onions", "v": 0.0026754306671533611}]}, {"source": 14, "prod": 52.0, "target": 26, "value": 0.29998117720420003, "supply": [{"l": "Nuts", "v": 0.070750277642500012}, {"l": "Infant food", "v": 0.22923089956170004}]}, {"source": 15, "prod": 1158.0, "target": 26, "value": 2.2826613850579345, "supply": [{"l": "Alcohol, Non-Food", "v": 0.044444469713677853}, {"l": "Beer", "v": 0.2969701848103572}, {"l": "Beverages, Alcoholic", "v": 1.9180417567238139}, {"l": "Wine", "v": 0.014814823237892618}, {"l": "Beverages, Fermented", "v": 0.0083901505721929413}]}, {"source": 4, "prod": 605.0, "target": 26, "value": 3.22409152314555, "supply": [{"l": "Fats, Animals, Raw", "v": 1.0554332387846388}, {"l": "Butter, Ghee", "v": 1.6815843362007918}, {"l": "Fish, Body Oil", "v": 0.30450222164000001}, {"l": "Fish, Liver Oil", "v": 0.17568791572247078}, {"l": "Cream", "v": 0.0068838107976486483}]}, {"source": 5, "prod": 203.0, "target": 26, "value": 0.15792577534349739, "supply": [{"l": "Potatoes", "v": 0.15714781585904666}, {"l": "Cassava", "v": 0.00077795948445072622}]}, {"source": 6, "prod": 55.0, "target": 26, "value": 0.18122655204360255, "supply": [{"l": "Peas", "v": 0.088143054229614604}, {"l": "Pulses, Other", "v": 0.084900333171}, {"l": "Beans", "v": 0.0081831646429879525}]}, {"source": 8, "prod": 11970.0, "target": 26, "value": 11.209315147148352, "supply": [{"l": "Freshwater Fish", "v": 0.034329265151752178}, {"l": "Crustaceans", "v": 0.04048227806829139}, {"l": "Marine Fish, Other", "v": 0.0057144455018942305}, {"l": "Demersal Fish", "v": 1.5970907201358973}, {"l": "Pelagic Fish", "v": 4.8029331336737151}, {"l": "Fish, Seafood", "v": 4.6843480769239525}, {"l": "Cephalopods", "v": 0.0014150055528499999}, {"l": "Molluscs, Other", "v": 0.043002222140000004}]}, {"source": 9, "prod": 768.0, "target": 26, "value": 2.5735628321237645, "supply": [{"l": "Sugar", "v": 2.3928488638458161}, {"l": "Sweeteners, Other", "v": 0.17091777598898683}, {"l": "Honey", "v": 0.0097961922889615374}]}, {"source": 10, "prod": 3204.0, "target": 26, "value": 9.482883736346972, "supply": [{"l": "Maize", "v": 0.18523709055490908}, {"l": "Rye", "v": 0.74762690648526731}, {"l": "Barley", "v": 3.175803087677719}, {"l": "Rice", "v": 0.07000943703891363}, {"l": "Cereals, Other", "v": 0.011154788299839418}, {"l": "Wheat", "v": 4.7830947110677062}, {"l": "Oats", "v": 0.48506197176878502}, {"l": "Sorghum", "v": 0.024895743453833212}]}, {"source": 16, "prod": 338.0, "target": 26, "value": 3.5873497213457379, "supply": [{"l": "Groundnut Oil", "v": 0.039620155479800002}, {"l": "Soyabean Oil", "v": 0.89905651320633595}, {"l": "Palm Oil", "v": 1.1654800600283581}, {"l": "Sunflowerseed Oil", "v": 0.13145858039380648}, {"l": "Coconut Oil", "v": 0.2449795873178473}, {"l": "Rape and Mustard Oil", "v": 0.68997360315835077}, {"l": "Oilcrops Oil, Other", "v": 0.36945639489797799}, {"l": "Cottonseed Oil", "v": 0.011577318159681819}, {"l": "Palmkernel Oil", "v": 0.035747508703578956}]}, {"source": 17, "prod": 4.0, "target": 26, "value": 0.013061589718615384, "supply": [{"l": "Spices, Other", "v": 0.013061589718615384}]}, {"source": 18, "prod": 115.0, "target": 26, "value": 0.13604451901594827, "supply": [{"l": "Cocoa Beans", "v": 0.10666964936869233}, {"l": "Coffee", "v": 0.016300863968832}, {"l": "Tea", "v": 0.013074005678423954}]}, {"source": 19, "prod": 57.0, "target": 26, "value": 0.093416074386107883, "supply": [{"l": "Eggs", "v": 0.093416074386107883}]}, {"source": 20, "prod": 206.0, "target": 26, "value": 0.10474788606613858, "supply": [{"l": "Citrus, Other", "v": 0.0046488888800000003}, {"l": "Grapes", "v": 0.0057961865948992211}, {"l": "Dates", "v": 0.003859106053227273}, {"l": "Apples", "v": 0.020735381305112391}, {"l": "Lemons, Limes", "v": 0.0023244444400000001}, {"l": "Pineapples", "v": 0.00099882744907058832}, {"l": "Bananas", "v": 0.0084338079308940404}, {"l": "Fruits, Other", "v": 0.043009422230603826}, {"l": "Grapefruit", "v": 0.0011087730078302238}, {"l": "Oranges, Mandarines", "v": 0.013833048174501018}]}, {"source": 2, "prod": 281.0, "target": 26, "value": 1.1179185593389307, "supply": [{"l": "Coconuts - Incl Copra", "v": 0.017294512312611109}, {"l": "Groundnuts", "v": 0.025989897909489797}, {"l": "Oilcrops, Other", "v": 0.0094333703523333343}, {"l": "Soyabeans", "v": 0.03631366291242602}, {"l": "Rape and Mustardseed", "v": 1.0248522644173566}, {"l": "Palm kernels", "v": 0.0040348514347140025}]}, {"source": 15, "prod": 3.0, "target": 27, "value": 0.010275223696734719, "supply": [{"l": "Beverages, Alcoholic", "v": 0.010275223696734719}]}, {"source": 16, "prod": 23.0, "target": 27, "value": 0.25256083787302241, "supply": [{"l": "Coconut Oil", "v": 0.11665694634183207}, {"l": "Soyabean Oil", "v": 0.13590389153119031}]}, {"source": 11, "prod": 70.0, "target": 27, "value": 0.11560802594574024, "supply": [{"l": "Pigmeat", "v": 0.0074178467364208319}, {"l": "Mutton & Goat Meat", "v": 0.030872848425818184}, {"l": "Bovine Meat", "v": 0.070857522824838176}, {"l": "Offals, Edible", "v": 0.0064598079586630427}]}, {"source": 28, "prod": 425.0, "target": 5, "value": 0.33063278089155868, "supply": [{"l": "Potatoes", "v": 0.33063278089155868}]}, {"source": 10, "prod": 602.0, "target": 27, "value": 1.9240656256971562, "supply": [{"l": "Rye", "v": 0.33514309601063708}, {"l": "Cereals, Other", "v": 0.011154788299839418}, {"l": "Wheat", "v": 1.5777677413866797}]}, {"source": 3, "prod": 31.0, "target": 27, "value": 0.009267289888383802, "supply": [{"l": "Vegetables, Other", "v": 0.009267289888383802}]}, {"source": 8, "prod": 416.0, "target": 27, "value": 0.4501488140596821, "supply": [{"l": "Molluscs, Other", "v": 0.0011622222200000001}, {"l": "Fish, Seafood", "v": 0.16279772765249492}, {"l": "Pelagic Fish", "v": 0.26834569591548219}, {"l": "Crustaceans", "v": 0.0016867615861788079}, {"l": "Demersal Fish", "v": 0.016156406685526124}]}, {"source": 28, "prod": 375.0, "target": 1, "value": 0.2334691855770622, "supply": [{"l": "Milk - Excluding Butter", "v": 0.2334691855770622}]}, {"source": 4, "prod": 27.0, "target": 27, "value": 0.2258844630717482, "supply": [{"l": "Butter, Ghee", "v": 0.2258844630717482}]}, {"source": 28, "prod": 78.0, "target": 2, "value": 0.30414597812846145, "supply": [{"l": "Coconuts - Incl Copra", "v": 0.014150055528500001}, {"l": "Rape and Mustardseed", "v": 0.20981227460512814}, {"l": "Oilcrops, Other", "v": 0.080183647994833351}]}, {"source": 2, "prod": 8.0, "target": 27, "value": 0.032278811477712013, "supply": [{"l": "Palm kernels", "v": 0.02017425717357001}, {"l": "Sunflower seed", "v": 0.012104554304142005}]}, {"source": 28, "prod": 4.0, "target": 14, "value": 0.011320044422799999, "supply": [{"l": "Nuts", "v": 0.011320044422799999}]}, {"source": 28, "prod": 4.0, "target": 6, "value": 0.014326931222606252, "supply": [{"l": "Peas", "v": 0.011496920116906253}, {"l": "Pulses, Other", "v": 0.0028300111056999999}]}, {"source": 9, "prod": 1.0, "target": 27, "value": 0.0033513289409605267, "supply": [{"l": "Sweeteners, Other", "v": 0.0033513289409605267}]}, {"source": 28, "prod": 160.0, "target": 21, "value": 0.75229598620848848, "supply": [{"l": "Rape and Mustard Oil", "v": 0.28226192856477988}, {"l": "Beer", "v": 0.030839211499537101}, {"l": "Oilcrops Oil, Other", "v": 0.044782593320967033}, {"l": "Sugar", "v": 0.15751246022514476}, {"l": "Fats, Animals, Raw", "v": 0.044721747406128769}, {"l": "Fish, Body Oil", "v": 0.0058111111000000003}, {"l": "Fish, Liver Oil", "v": 0.008366091224879562}, {"l": "Palm Oil", "v": 0.15609107946808368}, {"l": "Sunflowerseed Oil", "v": 0.021909763398967743}]}, {"source": 22, "prod": 175.0, "target": 27, "value": 0.2033888885, "supply": [{"l": "Sugar beet", "v": 0.2033888885}]}, {"source": 28, "prod": 4.0, "target": 13, "value": 0.011320044422799999, "supply": [{"l": "Treenuts", "v": 0.011320044422799999}]}, {"source": 28, "prod": 1088.0, "target": 10, "value": 3.3033689883338053, "supply": [{"l": "Maize", "v": 1.8420799560738181}, {"l": "Oats", "v": 0.033902180822549491}, {"l": "Barley", "v": 1.4273868514374377}]}, {"source": 1, "prod": 34839.0, "target": 0, "value": 21.690221216851388, "supply": [{"l": "Milk - Excluding Butter", "v": 21.690221216851388}]}, {"source": 1, "prod": 1157.0, "target": 19, "value": 1.8961824221881896, "supply": [{"l": "Eggs", "v": 1.9797652255862861}]}, {"source": 1, "prod": 398.0, "target": 7, "value": 0.31820711733127161, "supply": [{"l": "Aquatic Plants", "v": 0.15670501255509858}, {"l": "Aquatic Products, Other", "v": 0.1591035586656358}, {"l": "Aquatic Animals, Others", "v": 0.0023985461105372231}]}, {"source": 1, "prod": 21105.0, "target": 8, "value": 20.408092360536472, "supply": [{"l": "Pelagic Fish", "v": 9.3632938868588589}, {"l": "Crustaceans", "v": 0.11188851854986093}, {"l": "Freshwater Fish", "v": 0.13842445625706523}, {"l": "Molluscs, Other", "v": 0.13946666639999999}, {"l": "Demersal Fish", "v": 2.2529211544816987}, {"l": "Fish, Seafood", "v": 8.2635500411300065}, {"l": "Marine Fish, Other", "v": 0.1355139933306346}, {"l": "Cephalopods", "v": 0.011320044422800001}]}, {"source": 1, "prod": 7069.0, "target": 11, "value": 17.03322332441304, "supply": [{"l": "Pigmeat", "v": 10.210666032683276}, {"l": "Bovine Meat", "v": 3.1913138164571344}, {"l": "Poultry Meat", "v": 1.3976832134862023}, {"l": "Offals, Edible", "v": 0.57363094672927828}, {"l": "Meat, Other", "v": 0.11067364859791072}, {"l": "Mutton & Goat Meat", "v": 1.5492556664592398}]}, {"source": 21, "prod": 5211.0, "target": 9, "value": 17.461712755073943, "supply": [{"l": "Honey", "v": 0.078369538311692299}, {"l": "Sweeteners, Other", "v": 2.2554443772664343}, {"l": "Sugar", "v": 15.127898839495817}]}, {"source": 21, "prod": 1618.0, "target": 16, "value": 17.471269441308817, "supply": [{"l": "Olive Oil", "v": 0.031837624939125002}, {"l": "Soyabean Oil", "v": 4.4952825660316797}, {"l": "Coconut Oil", "v": 2.1231564234213436}, {"l": "Cottonseed Oil", "v": 0.24312368135331824}, {"l": "Rape and Mustard Oil", "v": 2.0803749549774517}, {"l": "Maize Germ Oil", "v": 0.1358405330736}, {"l": "Groundnut Oil", "v": 0.2773410883586}, {"l": "Palm Oil", "v": 4.027149850276559}, {"l": "Palmkernel Oil", "v": 1.3345736582669474}, {"l": "Oilcrops Oil, Other", "v": 2.306303556029802}, {"l": "Sunflowerseed Oil", "v": 0.41628550458038716}]}, {"source": 21, "prod": 10882.0, "target": 15, "value": 9.4440026318354224, "supply": [{"l": "Beer", "v": 5.2380971828473006}, {"l": "Beverages, Alcoholic", "v": 3.6031784429883076}, {"l": "Alcohol, Non-Food", "v": 0.12314821816498238}, {"l": "Beverages, Fermented", "v": 0.011985929388847058}, {"l": "Wine", "v": 0.46759285844598575}]}, {"source": 21, "prod": 2770.0, "target": 4, "value": 17.706718227185164, "supply": [{"l": "Fats, Animals, Raw", "v": 8.6402415988640762}, {"l": "Cream", "v": 0.56217788180797301}, {"l": "Fish, Body Oil", "v": 0.73219999860000007}, {"l": "Fish, Liver Oil", "v": 0.21751837184686859}, {"l": "Butter, Ghee", "v": 7.5545803760662453}]}, {"source": 2, "prod": 2052.0, "target": 29, "value": 6.526019562004878, "supply": [{"l": "Coconuts - Incl Copra", "v": 1.2464833309500001}, {"l": "Sesame seed", "v": 0.0030568986025049701}, {"l": "Groundnuts", "v": 0.15689999969999999}, {"l": "Oilcrops, Other", "v": 0.25881741501208755}, {"l": "Soyabeans", "v": 3.1798399939199999}, {"l": "Palm kernels", "v": 0.19002333296999996}, {"l": "Sunflower seed", "v": 0.043583333249999995}, {"l": "Olives", "v": 0.0028960092023731301}, {"l": "Rape and Mustardseed", "v": 2.1094333292999998}]}, {"source": 3, "prod": 4829.0, "target": 29, "value": 17.033551192131068, "supply": [{"l": "Onions", "v": 1.06866333129}, {"l": "Vegetables, Other", "v": 13.847296640190002}, {"l": "Tomatoes", "v": 1.9211533296599999}]}, {"source": 22, "prod": 5391.2000000000007, "target": 29, "value": 6.2657724324640007, "supply": [{"l": "Sugar beet", "v": 6.2657724324640007}]}, {"source": 5, "prod": 5152.25, "target": 29, "value": 17.964178298984997, "supply": [{"l": "Roots, Other", "v": 0.00087166666500000005}, {"l": "Potatoes", "v": 17.913621632414998}, {"l": "Sweet potatoes", "v": 0.007844999985}, {"l": "Cassava", "v": 0.041839999920000003}]}, {"source": 6, "prod": 372.5, "target": 29, "value": 1.1531030302326561, "supply": [{"l": "Pulses, Other", "v": 0.60842333217000011}, {"l": "Beans", "v": 0.19873999962000002}, {"l": "Peas", "v": 0.49161999906000009}]}, {"source": 10, "prod": 74156.0, "target": 29, "value": 238.2287312349097, "supply": [{"l": "Sorghum", "v": 2.3081733289199997}, {"l": "Rice", "v": 0.70081999866000011}, {"l": "Wheat", "v": 71.584753196460014}, {"l": "Oats", "v": 30.292159942080001}, {"l": "Maize", "v": 18.726886630859997}, {"l": "Barley", "v": 125.8512330927}, {"l": "Cereals, Other", "v": 2.7509799947400007}, {"l": "Rye", "v": 6.2899466546400005}, {"l": "Millet", "v": 0.052299999900000005}]}, {"source": 30, "prod": 0, "target": 2, "value": 0.00018765867491447454, "supply": "[{\"l\":'Energy for power irrigation',\"v\":0.00018765867491447454}]"}, {"source": 30, "prod": 0, "target": 3, "value": 0.00040575061583360045, "supply": "[{\"l\":'Energy for power irrigation',\"v\":0.00040575061583360045}]"}, {"source": 30, "prod": 0, "target": 22, "value": 0.0011324718989863878, "supply": "[{\"l\":'Energy for power irrigation',\"v\":0.0011324718989863878}]"}, {"source": 30, "prod": 0, "target": 5, "value": 0.00086582257628025185, "supply": "[{\"l\":'Energy for power irrigation',\"v\":0.00086582257628025185}]"}, {"source": 30, "prod": 0, "target": 6, "value": 3.1298841250365739e-05, "supply": "[{\"l\":'Energy for power irrigation',\"v\":3.1298841250365739e-05}]"}, {"source": 30, "prod": 0, "target": 10, "value": 0.0031154320426337212, "supply": "[{\"l\":'Energy for power irrigation',\"v\":0.0031154320426337212}]"}, {"source": 30, "prod": 0, "target": 20, "value": 0.00028820141070806578, "supply": "[{\"l\":'Energy for power irrigation',\"v\":0.00028820141070806578}]"}, {"source": 30, "prod": 0, "target": 21, "value": 7.758000006206399, "supply": "[{\"l\":'Electricity',\"v\":7.758000006206399}]"}, {"source": 31, "prod": 0, "target": 30, "value": 14.017788368367686, "supply": [{"l": "Coal", "v": 7.4307010668004549}, {"l": "Natural gas", "v": 1.847455429153199}, {"l": "Oil", "v": 4.7396318724140327}]}, {"source": 32, "prod": 0, "target": 30, "value": 2.2644784593420315, "supply": [{"l": "Nuclear", "v": 0.53201911054736473}, {"l": "Hydroelectric", "v": 1.7068455713757404}, {"l": "Renewable", "v": 0.025613777418926457}]}, {"source": 31, "prod": 0, "target": 2, "value": 1.4129001706657394, "supply": [{"l": "Motor Gasoline", "v": 0.017102697701430261}, {"l": "Gas-Diesel oil", "v": 1.1332821447545181}, {"l": "Natural gas (including LNG)", "v": 0.0011010013569184268}, {"l": "Fuel oil", "v": 0.23950125413203302}, {"l": "Liquefied petroleum gas (LPG)", "v": 0.00081159528595701168}, {"l": "Coal", "v": 0.021101477434882304}]}, {"source": 31, "prod": 0, "target": 3, "value": 3.0549353213769499, "supply": [{"l": "Motor Gasoline", "v": 0.036978999920647834}, {"l": "Gas-Diesel oil", "v": 2.4503526328155987}, {"l": "Natural gas (including LNG)", "v": 0.0023805559684724384}, {"l": "Fuel oil", "v": 0.51784326731114794}, {"l": "Liquefied petroleum gas (LPG)", "v": 0.0017548098281882545}, {"l": "Coal", "v": 0.045625055532894615}]}, {"source": 31, "prod": 0, "target": 22, "value": 8.5264895965041489, "supply": [{"l": "Motor Gasoline", "v": 0.10321038743642401}, {"l": "Gas-Diesel oil", "v": 6.8390666359678285}, {"l": "Natural gas (including LNG)", "v": 0.0066442603733840389}, {"l": "Fuel oil", "v": 1.4453285476951028}, {"l": "Liquefied petroleum gas (LPG)", "v": 0.0048977690752373768}, {"l": "Coal", "v": 0.12734199595617182}]}, {"source": 31, "prod": 0, "target": 5, "value": 6.5188612588794346, "supply": [{"l": "Motor Gasoline", "v": 0.078908698422513079}, {"l": "Gas-Diesel oil", "v": 5.2287551677051862}, {"l": "Natural gas (including LNG)", "v": 0.005079817555834385}, {"l": "Fuel oil", "v": 1.105014692070351}, {"l": "Liquefied petroleum gas (LPG)", "v": 0.0037445512268722034}, {"l": "Coal", "v": 0.097358331898677292}]}, {"source": 31, "prod": 0, "target": 6, "value": 0.23565197912878733, "supply": [{"l": "Motor Gasoline", "v": 0.0028524906751793994}, {"l": "Gas-Diesel oil", "v": 0.18901560482994628}, {"l": "Natural gas (including LNG)", "v": 0.0001836316210925623}, {"l": "Fuel oil", "v": 0.039945458081052515}, {"l": "Liquefied petroleum gas (LPG)", "v": 0.00013536273783394591}, {"l": "Coal", "v": 0.0035194311836825938}]}, {"source": 31, "prod": 0, "target": 10, "value": 23.456386797683699, "supply": [{"l": "Motor Gasoline", "v": 0.28393194430685043}, {"l": "Gas-Diesel oil", "v": 18.814283478885233}, {"l": "Natural gas (including LNG)", "v": 0.01827837113253698}, {"l": "Fuel oil", "v": 3.9761011939040682}, {"l": "Liquefied petroleum gas (LPG)", "v": 0.013473770720555832}, {"l": "Coal", "v": 0.35031803873445161}]}, {"source": 31, "prod": 0, "target": 20, "value": 2.1698960762731292, "supply": [{"l": "Motor Gasoline", "v": 0.026265887290913666}, {"l": "Gas-Diesel oil", "v": 1.7404658377629953}, {"l": "Natural gas (including LNG)", "v": 0.0016908898264362112}, {"l": "Fuel oil", "v": 0.36781992273291314}, {"l": "Liquefied petroleum gas (LPG)", "v": 0.0012464273577729786}, {"l": "Coal", "v": 0.032407111302097447}]}, {"source": 31, "prod": 0, "target": 1, "value": 4.9345893372810039, "supply": [{"l": "Gas-diesel oils used in fisheries", "v": 4.2698522256381031}, {"l": "Fuel oil used in fisheries", "v": 0.66473711164290084}]}, {"source": 33, "prod": 112.53273432764138, "target": 2, "value": 1.376526885460331, "supply": [{"l": "Potash", "v": 2.2448744517958996}, {"l": "Phosphate", "v": 2.5183382103480039}, {"l": "Nitrogen", "v": 39.805882619807669}]}, {"source": 33, "prod": 243.31529717818319, "target": 3, "value": 2.9762899676318497, "supply": [{"l": "Potash", "v": 2.2448744517958996}, {"l": "Phosphate", "v": 2.5183382103480039}, {"l": "Nitrogen", "v": 39.805882619807669}]}, {"source": 33, "prod": 679.10614524074401, "target": 22, "value": 8.3069861635415361, "supply": [{"l": "Potash", "v": 2.2448744517958996}, {"l": "Phosphate", "v": 2.5183382103480039}, {"l": "Nitrogen", "v": 39.805882619807669}]}, {"source": 33, "prod": 519.20531782410205, "target": 5, "value": 6.3510416176149107, "supply": [{"l": "Potash", "v": 2.2448744517958996}, {"l": "Phosphate", "v": 2.5183382103480039}, {"l": "Nitrogen", "v": 39.805882619807669}]}, {"source": 33, "prod": 18.768885524720073, "target": 6, "value": 0.22958542409253763, "supply": [{"l": "Potash", "v": 2.2448744517958996}, {"l": "Phosphate", "v": 2.5183382103480039}, {"l": "Nitrogen", "v": 39.805882619807669}]}, {"source": 33, "prod": 1868.222114055224, "target": 10, "value": 22.852532495310363, "supply": [{"l": "Potash", "v": 2.2448744517958996}, {"l": "Phosphate", "v": 2.5183382103480039}, {"l": "Nitrogen", "v": 39.805882619807669}]}, {"source": 33, "prod": 172.82490563701975, "target": 20, "value": 2.114034911778266, "supply": [{"l": "Potash", "v": 2.2448744517958996}, {"l": "Phosphate", "v": 2.5183382103480039}, {"l": "Nitrogen", "v": 39.805882619807669}]}, {"source": 31, "prod": 0, "target": 33, "value": 54.74211562255757, "supply": [{"l": "Natural gas (including LNG)", "v": 36.525718797954745}, {"l": "Fuel oil", "v": 11.179863726581063}, {"l": "Liquefied petroleum gas (LPG)", "v": 3.5182665490108822}, {"l": "Coal", "v": 3.5182665490108822}]}, {"source": 34, "prod": 0, "target": 5, "value": 0.22552723180757994, "supply": "[{\"l\":'Labor',\"v\":0.22552723180757994}]"}, {"source": 34, "prod": 0, "target": 2, "value": 0.048880847690486916, "supply": "[{\"l\":'Labor',\"v\":0.048880847690486916}]"}, {"source": 34, "prod": 0, "target": 13, "value": 0.001346006575395814, "supply": "[{\"l\":'Labor',\"v\":0.001346006575395814}]"}, {"source": 34, "prod": 0, "target": 3, "value": 0.10568887402579488, "supply": "[{\"l\":'Labor',\"v\":0.10568887402579488}]"}, {"source": 34, "prod": 0, "target": 14, "value": 0.0016961871478565135, "supply": "[{\"l\":'Labor',\"v\":0.0016961871478565135}]"}, {"source": 34, "prod": 0, "target": 22, "value": 0.2949833597265818, "supply": "[{\"l\":'Labor',\"v\":0.2949833597265818}]"}, {"source": 34, "prod": 0, "target": 6, "value": 0.0081526414526006622, "supply": "[{\"l\":'Labor',\"v\":0.0081526414526006622}]"}, {"source": 34, "prod": 0, "target": 10, "value": 0.81149970410611372, "supply": "[{\"l\":'Labor',\"v\":0.81149970410611372}]"}, {"source": 34, "prod": 0, "target": 17, "value": 0.00027357857223492152, "supply": "[{\"l\":'Labor',\"v\":0.00027357857223492152}]"}, {"source": 34, "prod": 0, "target": 18, "value": 0.0095424205995540638, "supply": "[{\"l\":'Labor',\"v\":0.0095424205995540638}]"}, {"source": 34, "prod": 0, "target": 20, "value": 0.075069960221262472, "supply": "[{\"l\":'Labor',\"v\":0.075069960221262472}]"}, {"source": 31, "prod": 0, "target": 25, "value": 154.47633614891839, "supply": "[{\"l\":'Fossil Fuels',\"v\":154.47633614891839}]"}, {"source": 32, "prod": 0, "target": 25, "value": 29.695843112528458, "supply": "[{\"l\":'Renewables & Nuclear',\"v\":7.6628629088847768},{\"l\":'Biomass & Waste',\"v\":22.032980203643682}]"}]}