{"nodes": [{"layer": 3, "name": "Cereals", "fill": "#e7ba52"}, {"layer": 5, "name": "Production", "fill": "#b5cf6b"}, {"layer": 3, "name": "Oilcrops", "fill": "#ff9896"}, {"layer": 3, "name": "Fruits, Roots & Vegetables", "fill": "#98df8a"}, {"layer": 3, "name": "Sugar Crops", "fill": "#ffbb78"}, {"layer": 1, "name": "Electricity", "fill": "#bcbd22"}, {"layer": 0, "name": "Fossil Fuels", "fill": "#c49c94"}, {"layer": 0, "name": "Renewables & Nuclear", "fill": "#2ca02c"}, {"layer": 1, "name": "Fertilizers", "fill": "#c5b0d5"}, {"layer": 0, "name": "Labor", "fill": "#7f7f7f"}], "links": [{"source": 0, "prod": 7973.0, "target": 1, "value": 24.259790952633118, "supply": [{"l": "Maize", "v": 2.6629696599641828}, {"l": "Rye", "v": 0.31507545886975735}, {"l": "Barley", "v": 4.2780334547831673}, {"l": "Cereals, Other", "v": 0.71249691367035295}, {"l": "Wheat", "v": 15.959266847849792}, {"l": "Oats", "v": 0.32569952374371935}, {"l": "Millet", "v": 0.0062490937521470658}]}, {"source": 2, "prod": 1189.0, "target": 1, "value": 1.8238250758228123, "supply": [{"l": "Sunflower seed", "v": 0.25542049386190674}, {"l": "Oilcrops, Other", "v": 0.24698278740654547}, {"l": "Soyabeans", "v": 0.064754491401610173}, {"l": "Rape and Mustardseed", "v": 1.2354422198600001}, {"l": "Oil Palm", "v": 0.021225083292749858}]}, {"source": 3, "prod": 1336.0, "target": 1, "value": 1.1322231525937403, "supply": [{"l": "Nuts", "v": 0.017687569410625003}, {"l": "Tomatoes", "v": 0.0035963832508139186}, {"l": "Treenuts", "v": 0.01806390067468085}, {"l": "Vegetables, Other", "v": 0.050081931169797242}, {"l": "Peas", "v": 0.21134763789376595}, {"l": "Grapes", "v": 0.060280340586951892}, {"l": "Pimento", "v": 0.015436424212909092}, {"l": "Potatoes", "v": 0.61446263343275509}, {"l": "Apples", "v": 0.042737477357652286}, {"l": "Fruits, Other", "v": 0.024307081688683563}, {"l": "Onions", "v": 0.015765805813761247}, {"l": "Pulses, Other", "v": 0.058455967101344257}]}, {"source": 4, "prod": 3899.0, "target": 1, "value": 4.5315044357800005, "supply": [{"l": "Sugar beet", "v": 4.5315044357800005}]}, {"source": 5, "prod": 0, "target": 3, "value": 0.0045497347275584819, "supply": "[{\"l\":'Energy for power irrigation',\"v\":0.0045497347275584819}]"}, {"source": 5, "prod": 0, "target": 4, "value": 0.0076534522143208109, "supply": "[{\"l\":'Energy for power irrigation',\"v\":0.0076534522143208109}]"}, {"source": 5, "prod": 0, "target": 0, "value": 0.016141070791480579, "supply": "[{\"l\":'Energy for power irrigation',\"v\":0.016141070791480579}]"}, {"source": 5, "prod": 0, "target": 2, "value": 0.0025179645135521237, "supply": "[{\"l\":'Energy for power irrigation',\"v\":0.0025179645135521237}]"}, {"source": 6, "prod": 0, "target": 5, "value": 0.046391438960198997, "supply": [{"l": "Coal", "v": 0.045540699551292259}, {"l": "Natural gas", "v": 0.00075798815084260102}, {"l": "Oil", "v": 9.2751258064136812e-05}]}, {"source": 7, "prod": 0, "target": 5, "value": 0.012649210460880205, "supply": [{"l": "Nuclear", "v": 0.010069170263582181}, {"l": "Hydroelectric", "v": 0.00069885730747840699}, {"l": "Renewable", "v": 0.001881182889819617}]}, {"source": 6, "prod": 0, "target": 3, "value": 1.4445162302292187, "supply": [{"l": "Gas-Diesel oil", "v": 0.56523607110895857}, {"l": "Natural gas (including LNG)", "v": 0.10208893177386319}, {"l": "Fuel oil", "v": 0.004963168283590942}, {"l": "Liquefied petroleum gas (LPG)", "v": 0.0058108381142042472}, {"l": "Coal", "v": 0.0021130320415288172}, {"l": "Other fossil fuels", "v": 0.76430418890707297}]}, {"source": 6, "prod": 0, "target": 4, "value": 2.4299297877533363, "supply": [{"l": "Gas-Diesel oil", "v": 0.95082626110914237}, {"l": "Natural gas (including LNG)", "v": 0.17173149814859756}, {"l": "Fuel oil", "v": 0.0083489200062615409}, {"l": "Liquefied petroleum gas (LPG)", "v": 0.009774849413271558}, {"l": "Coal", "v": 0.0035544906957351119}, {"l": "Other fossil fuels", "v": 1.2856937683803278}]}, {"source": 6, "prod": 0, "target": 0, "value": 5.124702895389361, "supply": [{"l": "Gas-Diesel oil", "v": 2.0052851394621833}, {"l": "Natural gas (including LNG)", "v": 0.36218038489308291}, {"l": "Fuel oil", "v": 0.017607806918989829}, {"l": "Liquefied petroleum gas (LPG)", "v": 0.02061508087297572}, {"l": "Coal", "v": 0.007496393044718443}, {"l": "Other fossil fuels", "v": 2.7115180901974103}]}, {"source": 6, "prod": 0, "target": 2, "value": 0.79944014866095492, "supply": [{"l": "Gas-Diesel oil", "v": 0.31281919805371511}, {"l": "Natural gas (including LNG)", "v": 0.056499185738456262}, {"l": "Fuel oil", "v": 0.0027467714847576809}, {"l": "Liquefied petroleum gas (LPG)", "v": 0.0032158982977484735}, {"l": "Coal", "v": 0.0011694175628176266}, {"l": "Other fossil fuels", "v": 0.42298967752345973}]}, {"source": 8, "prod": 46.91284938457202, "target": 3, "value": 0.70780419062543709, "supply": [{"l": "Potash", "v": 0.069735213944677063}, {"l": "Phosphate", "v": 0.18096254181143667}, {"l": "Nitrogen", "v": 4.5505514480848852}]}, {"source": 8, "prod": 78.915645087537968, "target": 4, "value": 1.1906508564631848, "supply": [{"l": "Potash", "v": 0.069735213944677063}, {"l": "Phosphate", "v": 0.18096254181143667}, {"l": "Nitrogen", "v": 4.5505514480848852}]}, {"source": 8, "prod": 166.43247755958532, "target": 0, "value": 2.5110733331748829, "supply": [{"l": "Potash", "v": 0.069735213944677063}, {"l": "Phosphate", "v": 0.18096254181143667}, {"l": "Nitrogen", "v": 4.5505514480848852}]}, {"source": 8, "prod": 25.963027968304676, "target": 2, "value": 0.39172082357749388, "supply": [{"l": "Potash", "v": 0.069735213944677063}, {"l": "Phosphate", "v": 0.18096254181143667}, {"l": "Nitrogen", "v": 4.5505514480848852}]}, {"source": 6, "prod": 0, "target": 8, "value": 5.7219888788878137, "supply": [{"l": "Natural gas (including LNG)", "v": 3.8773602303702948}, {"l": "Fuel oil", "v": 1.0402222700802084}, {"l": "Liquefied petroleum gas (LPG)", "v": 0.40220318921865522}, {"l": "Coal", "v": 0.40220318921865522}]}, {"source": 9, "prod": 0, "target": 3, "value": 0.042512594763089363, "supply": "[{\"l\":'Labor',\"v\":0.042512594763089363}]"}, {"source": 9, "prod": 0, "target": 4, "value": 0.071513644642902385, "supply": "[{\"l\":'Labor',\"v\":0.071513644642902385}]"}, {"source": 9, "prod": 0, "target": 0, "value": 0.15082171658143811, "supply": "[{\"l\":'Labor',\"v\":0.15082171658143811}]"}, {"source": 9, "prod": 0, "target": 2, "value": 0.023527790388325427, "supply": "[{\"l\":'Labor',\"v\":0.023527790388325427}]"}]}