{"nodes": [{"layer": 3, "name": "Cereals", "fill": "#e7ba52"}, {"layer": 5, "name": "Production", "fill": "#b5cf6b"}, {"layer": 3, "name": "Oilcrops", "fill": "#ff9896"}, {"layer": 3, "name": "Fruits, Roots & Vegetables", "fill": "#98df8a"}, {"layer": 3, "name": "Sugar Crops", "fill": "#ffbb78"}, {"layer": 1, "name": "Electricity", "fill": "#bcbd22"}, {"layer": 0, "name": "Fossil Fuels", "fill": "#c49c94"}, {"layer": 0, "name": "Renewables & Nuclear", "fill": "#2ca02c"}, {"layer": 1, "name": "Fertilizers", "fill": "#c5b0d5"}, {"layer": 0, "name": "Labor", "fill": "#7f7f7f"}], "links": [{"source": 0, "prod": 6938.0, "target": 1, "value": 21.418587680337666, "supply": [{"l": "Maize", "v": 0.9051357833933058}, {"l": "Rye", "v": 0.5996889430975394}, {"l": "Barley", "v": 6.6377565360887933}, {"l": "Cereals, Other", "v": 0.39953097962823536}, {"l": "Wheat", "v": 12.484149079682433}, {"l": "Oats", "v": 0.37992899094022503}, {"l": "Millet", "v": 0.012397367507132506}]}, {"source": 2, "prod": 1086.909090909091, "target": 1, "value": 1.8014159901893159, "supply": [{"l": "Sunflower seed", "v": 0.30664659809788819}, {"l": "Oilcrops, Other", "v": 0.31413123273270005}, {"l": "Rape and Mustardseed", "v": 1.1343288867200001}, {"l": "Oil Palm", "v": 0.046309272638727417}]}, {"source": 3, "prod": 2575.0, "target": 1, "value": 2.0375233104472152, "supply": [{"l": "Nuts", "v": 0.022074086624460004}, {"l": "Tomatoes", "v": 0.0070268045954576443}, {"l": "Treenuts", "v": 0.022678856121020548}, {"l": "Vegetables, Other", "v": 0.11863510425729773}, {"l": "Peas", "v": 0.41356090127110823}, {"l": "Grapes", "v": 0.043533078998395418}, {"l": "Pimento", "v": 0.0074912058680294122}, {"l": "Potatoes", "v": 1.0807308575438677}, {"l": "Apples", "v": 0.14781865531091548}, {"l": "Fruits, Other", "v": 0.081670180182033203}, {"l": "Onions", "v": 0.035315684806424372}, {"l": "Pulses, Other", "v": 0.056987894868205477}]}, {"source": 4, "prod": 2691.0, "target": 1, "value": 3.1275399940200002, "supply": [{"l": "Sugar beet", "v": 3.1275399940200002}]}, {"source": 5, "prod": 0, "target": 3, "value": 0.0021751947518437523, "supply": "[{\"l\":'Energy for power irrigation',\"v\":0.0021751947518437523}]"}, {"source": 5, "prod": 0, "target": 4, "value": 0.0018212349337932601, "supply": "[{\"l\":'Energy for power irrigation',\"v\":0.0018212349337932601}]"}, {"source": 5, "prod": 0, "target": 0, "value": 0.0048342925054200136, "supply": "[{\"l\":'Energy for power irrigation',\"v\":0.0048342925054200136}]"}, {"source": 5, "prod": 0, "target": 2, "value": 0.00076233949688069285, "supply": "[{\"l\":'Energy for power irrigation',\"v\":0.00076233949688069285}]"}, {"source": 6, "prod": 0, "target": 5, "value": 0.018405595210447091, "supply": [{"l": "Coal", "v": 0.017729359824091767}, {"l": "Natural gas", "v": 0.00050782036355526594}, {"l": "Oil", "v": 0.00016841502280005871}]}, {"source": 7, "prod": 0, "target": 5, "value": 0.0023556252624647223, "supply": [{"l": "Nuclear", "v": 0.0020019142731272687}, {"l": "Hydroelectric", "v": 0.00025194414113400838}, {"l": "Renewable", "v": 0.00010176684820344528}]}, {"source": 6, "prod": 0, "target": 3, "value": 2.6762766880402356, "supply": [{"l": "Gas-Diesel oil", "v": 1.0156361077102363}, {"l": "Natural gas (including LNG)", "v": 0.19676571785964514}, {"l": "Fuel oil", "v": 0.055981232405138477}, {"l": "Liquefied petroleum gas (LPG)", "v": 0.014895996246416797}, {"l": "Coal", "v": 0.011375124406354645}, {"l": "Other fossil fuels", "v": 1.3816225094124444}]}, {"source": 6, "prod": 0, "target": 4, "value": 2.2407780234960408, "supply": [{"l": "Gas-Diesel oil", "v": 0.85036613747611889}, {"l": "Natural gas (including LNG)", "v": 0.16474690316126481}, {"l": "Fuel oil", "v": 0.046871654138838724}, {"l": "Liquefied petroleum gas (LPG)", "v": 0.012472036682983075}, {"l": "Coal", "v": 0.0095241007397325311}, {"l": "Other fossil fuels", "v": 1.1567971912971027}]}, {"source": 6, "prod": 0, "target": 0, "value": 5.9479291794248299, "supply": [{"l": "Gas-Diesel oil", "v": 2.2572149089527747}, {"l": "Natural gas (including LNG)", "v": 0.43730476747711428}, {"l": "Fuel oil", "v": 0.12441628595827758}, {"l": "Liquefied petroleum gas (LPG)", "v": 0.033105818664640692}, {"l": "Coal", "v": 0.025280806980271076}, {"l": "Other fossil fuels", "v": 3.0706065913917517}]}, {"source": 6, "prod": 0, "target": 2, "value": 0.93795345090124294, "supply": [{"l": "Gas-Diesel oil", "v": 0.35594951611086961}, {"l": "Natural gas (including LNG)", "v": 0.068960389973975605}, {"l": "Fuel oil", "v": 0.019619716584145172}, {"l": "Liquefied petroleum gas (LPG)", "v": 0.0052205929029594204}, {"l": "Coal", "v": 0.0039866345804417391}, {"l": "Other fossil fuels", "v": 0.48421660074885142}]}, {"source": 8, "prod": 60.964695773753597, "target": 3, "value": 0.91936840781444218, "supply": [{"l": "Potash", "v": 0.061469236160286496}, {"l": "Phosphate", "v": 0.14880666678571197}, {"l": "Nitrogen", "v": 3.8443301697421308}]}, {"source": 8, "prod": 51.044180562280935, "target": 4, "value": 0.76976365445820283, "supply": [{"l": "Potash", "v": 0.061469236160286496}, {"l": "Phosphate", "v": 0.14880666678571197}, {"l": "Nitrogen", "v": 3.8443301697421308}]}, {"source": 8, "prod": 135.49185498192966, "target": 0, "value": 2.0432633904849284, "supply": [{"l": "Potash", "v": 0.061469236160286496}, {"l": "Phosphate", "v": 0.14880666678571197}, {"l": "Nitrogen", "v": 3.8443301697421308}]}, {"source": 8, "prod": 21.366268682035809, "target": 2, "value": 0.32221061993055516, "supply": [{"l": "Potash", "v": 0.061469236160286496}, {"l": "Phosphate", "v": 0.14880666678571197}, {"l": "Nitrogen", "v": 3.8443301697421308}]}, {"source": 6, "prod": 0, "target": 8, "value": 4.8350511974279371, "supply": [{"l": "Natural gas (including LNG)", "v": 3.2750076466780116}, {"l": "Fuel oil", "v": 0.88047674557491618}, {"l": "Liquefied petroleum gas (LPG)", "v": 0.33978340258750467}, {"l": "Coal", "v": 0.33978340258750467}]}, {"source": 9, "prod": 0, "target": 3, "value": 0.086434854850927334, "supply": "[{\"l\":'Labor',\"v\":0.086434854850927334}]"}, {"source": 9, "prod": 0, "target": 4, "value": 0.072369693342826849, "supply": "[{\"l\":'Labor',\"v\":0.072369693342826849}]"}, {"source": 9, "prod": 0, "target": 0, "value": 0.1920983721842483, "supply": "[{\"l\":'Labor',\"v\":0.1920983721842483}]"}, {"source": 9, "prod": 0, "target": 2, "value": 0.030292783533133884, "supply": "[{\"l\":'Labor',\"v\":0.030292783533133884}]"}]}