{"nodes": [{"layer": 5, "name": "Maize"}, {"layer": 10, "name": "Feed", "fill": "#dbdb8d"}, {"layer": 13, "name": "Pelagic Fish"}, {"layer": 5, "name": "Wheat"}, {"layer": 5, "name": "Oats"}, {"layer": 5, "name": "Potatoes"}, {"layer": 5, "name": "Rye"}, {"layer": 5, "name": "Peas"}, {"layer": 5, "name": "Millet"}, {"layer": 13, "name": "Milk - Excluding Butter"}, {"layer": 5, "name": "Beans"}, {"layer": 5, "name": "Barley"}, {"layer": 13, "name": "Fish, Seafood"}, {"layer": 5, "name": "Rape and Mustardseed"}, {"layer": 5, "name": "Oilcrops, Other"}, {"layer": 5, "name": "Rice"}, {"layer": 5, "name": "Cereals, Other"}, {"layer": 5, "name": "Pulses, Other"}, {"layer": 5, "name": "Olives"}, {"layer": 16, "name": "Food", "fill": "#b5cf6b"}, {"layer": 5, "name": "Vegetables, Other"}, {"layer": 5, "name": "Plantains"}, {"layer": 5, "name": "Nuts"}, {"layer": 5, "name": "Dates"}, {"layer": 13, "name": "Sugar", "fill": "#d6616b"}, {"layer": 13, "name": "Oilcrops Oil, Other"}, {"layer": 5, "name": "Citrus, Other"}, {"layer": 13, "name": "Beer"}, {"layer": 5, "name": "Infant food"}, {"layer": 13, "name": "Beverages, Alcoholic"}, {"layer": 13, "name": "Honey"}, {"layer": 13, "name": "Butter, Ghee"}, {"layer": 5, "name": "Tomatoes"}, {"layer": 5, "name": "Coffee"}, {"layer": 13, "name": "Soyabean Oil"}, {"layer": 5, "name": "Coconuts - Incl Copra"}, {"layer": 5, "name": "Treenuts"}, {"layer": 13, "name": "Crustaceans"}, {"layer": 13, "name": "Eggs"}, {"layer": 5, "name": "Cocoa Beans"}, {"layer": 13, "name": "Marine Fish, Other"}, {"layer": 5, "name": "Grapes"}, {"layer": 5, "name": "Groundnuts"}, {"layer": 13, "name": "Palm Oil"}, {"layer": 13, "name": "Wine"}, {"layer": 13, "name": "Sunflowerseed Oil"}, {"layer": 13, "name": "Olive Oil"}, {"layer": 13, "name": "Pigmeat"}, {"layer": 13, "name": "Fats, Animals, Raw"}, {"layer": 5, "name": "Soyabeans"}, {"layer": 13, "name": "Freshwater Fish"}, {"layer": 5, "name": "Pimento"}, {"layer": 5, "name": "Pepper"}, {"layer": 5, "name": "Grapefruit"}, {"layer": 13, "name": "Rape and Mustard Oil"}, {"layer": 5, "name": "Pineapples"}, {"layer": 5, "name": "Apples"}, {"layer": 13, "name": "Meat, Other"}, {"layer": 5, "name": "Lemons, Limes"}, {"layer": 13, "name": "Mutton & Goat Meat"}, {"layer": 13, "name": "Sweeteners, Other"}, {"layer": 5, "name": "Bananas"}, {"layer": 13, "name": "Beverages, Fermented"}, {"layer": 5, "name": "Spices, Other"}, {"layer": 5, "name": "Tea"}, {"layer": 5, "name": "Fruits, Other"}, {"layer": 13, "name": "Molluscs, Other"}, {"layer": 13, "name": "Aquatic Animals, Others"}, {"layer": 13, "name": "Poultry Meat"}, {"layer": 13, "name": "Offals, Edible"}, {"layer": 13, "name": "Groundnut Oil"}, {"layer": 13, "name": "Demersal Fish"}, {"layer": 5, "name": "Oranges, Mandarines"}, {"layer": 13, "name": "Bovine Meat"}, {"layer": 13, "name": "Cream"}, {"layer": 5, "name": "Onions"}, {"layer": 13, "name": "Aquatic Products, Other"}, {"layer": 5, "name": "Sunflower seed"}, {"layer": 10, "name": "Processing", "fill": "#9edae5"}, {"layer": 5, "name": "Cassava"}, {"layer": 5, "name": "Sesame seed"}, {"layer": 5, "name": "Sugar beet"}, {"layer": 16, "name": "Biofuels & Other", "fill": "#e7ba52"}, {"layer": 13, "name": "Sesameseed Oil"}, {"layer": 13, "name": "Alcohol, Non-Food"}, {"layer": 5, "name": "Cottonseed"}, {"layer": 13, "name": "Coconut Oil"}, {"name": "Waste", "fill": "#c7c7c7"}, {"layer": 2, "name": "Import", "fill": "#aec7e8"}, {"layer": 16, "name": "Export", "fill": "#aec7e8"}, {"layer": 0, "name": "Stock Draw", "fill": "#c7c7c7"}, {"layer": 16, "name": "Stock Deposit", "fill": "#c7c7c7"}, {"layer": 5, "name": "Oil Palm"}, {"layer": 2, "name": "Electricity", "fill": "#bcbd22"}, {"layer": 0, "name": "Fossil Fuels", "fill": "#c49c94"}, {"layer": 0, "name": "Renewables & Nuclear", "fill": "#2ca02c"}, {"layer": 2, "name": "Fertilizers", "fill": "#c5b0d5"}, {"layer": 0, "name": "Labor", "fill": "#7f7f7f"}], "links": [{"source": 0, "prod": 500.0, "target": 1, "value": 1.7470734058831001, "supply": [{"l": "Maize", "v": 1.7470734058831001}]}, {"source": 2, "prod": 34.0, "target": 1, "value": 0.040771346438050846, "supply": [{"l": "Pelagic Fish", "v": 0.040771346438050846}]}, {"source": 3, "prod": 1450.0, "target": 1, "value": 4.6527166671213385, "supply": [{"l": "Wheat", "v": 4.6527166671213385}]}, {"source": 4, "prod": 90.0, "target": 1, "value": 0.17034143279531846, "supply": [{"l": "Oats", "v": 0.17034143279531846}]}, {"source": 5, "prod": 17.0, "target": 1, "value": 0.01282097648148056, "supply": [{"l": "Potatoes", "v": 0.01282097648148056}]}, {"source": 6, "prod": 2.0, "target": 1, "value": 0.0062644906029087387, "supply": [{"l": "Rye", "v": 0.0062644906029087387}]}, {"source": 7, "prod": 3.0, "target": 1, "value": 0.011939109352171875, "supply": [{"l": "Peas", "v": 0.011939109352171875}]}, {"source": 8, "prod": 2.0, "target": 1, "value": 0.0063410154167104649, "supply": [{"l": "Millet", "v": 0.0063410154167104649}]}, {"source": 9, "prod": 333.0, "target": 1, "value": 0.1964980517648787, "supply": [{"l": "Milk - Excluding Butter", "v": 0.1964980517648787}]}, {"source": 10, "prod": 2.0, "target": 1, "value": 0.007718212106454546, "supply": [{"l": "Beans", "v": 0.007718212106454546}]}, {"source": 11, "prod": 1000.0, "target": 1, "value": 2.3583425880833335, "supply": [{"l": "Barley", "v": 2.3583425880833335}]}, {"source": 12, "prod": 34.0, "target": 1, "value": 0.030595419603558528, "supply": [{"l": "Fish, Seafood", "v": 0.030595419603558528}]}, {"source": 13, "prod": 15.0, "target": 1, "value": 0.044572674914775005, "supply": [{"l": "Rape and Mustardseed", "v": 0.044572674914775005}]}, {"source": 14, "prod": 20.0, "target": 1, "value": 0.14150055528500002, "supply": [{"l": "Oilcrops, Other", "v": 0.14150055528500002}]}, {"source": 15, "prod": 2.0, "target": 1, "value": 0.0081768763504856574, "supply": [{"l": "Rice", "v": 0.0081768763504856574}]}, {"source": 16, "prod": 144.0, "target": 1, "value": 0.53154991202713053, "supply": [{"l": "Cereals, Other", "v": 0.53154991202713053}]}, {"source": 17, "prod": 6.0, "target": 1, "value": 0.022809044732507465, "supply": [{"l": "Pulses, Other", "v": 0.022809044732507465}]}, {"source": 18, "prod": 4.0, "target": 19, "value": 0.0048514476097714296, "supply": [{"l": "Olives", "v": 0.0048514476097714296}]}, {"source": 20, "prod": 567.0, "target": 19, "value": 0.18576043128759592, "supply": [{"l": "Vegetables, Other", "v": 0.18576043128759592}]}, {"source": 21, "prod": 1.0, "target": 19, "value": 0.00048731206749903549, "supply": [{"l": "Plantains", "v": 0.00048731206749903549}]}, {"source": 6, "prod": 107.0, "target": 19, "value": 0.33515024725561754, "supply": [{"l": "Rye", "v": 0.33515024725561754}]}, {"source": 22, "prod": 27.0, "target": 19, "value": 0.09329164517045932, "supply": [{"l": "Nuts", "v": 0.09329164517045932}]}, {"source": 23, "prod": 1.0, "target": 19, "value": 0.00048731206749903549, "supply": [{"l": "Dates", "v": 0.00048731206749903549}]}, {"source": 24, "prod": 316.0, "target": 19, "value": 0.99364834377911104, "supply": [{"l": "Sugar", "v": 0.99364834377911104}]}, {"source": 25, "prod": 1.0, "target": 19, "value": 0.014150055528500001, "supply": [{"l": "Oilcrops Oil, Other", "v": 0.014150055528500001}]}, {"source": 26, "prod": 5.0, "target": 19, "value": 0.0024365603374951771, "supply": [{"l": "Citrus, Other", "v": 0.0024365603374951771}]}, {"source": 27, "prod": 1580.0, "target": 19, "value": 0.90141232583426845, "supply": [{"l": "Beer", "v": 0.90141232583426845}]}, {"source": 28, "prod": 4.0, "target": 19, "value": 0.0169800666342, "supply": [{"l": "Infant food", "v": 0.0169800666342}]}, {"source": 29, "prod": 78.0, "target": 19, "value": 0.26702524142491935, "supply": [{"l": "Beverages, Alcoholic", "v": 0.26702524142491935}]}, {"source": 11, "prod": 2.0, "target": 19, "value": 0.0047166851761666672, "supply": [{"l": "Barley", "v": 0.0047166851761666672}]}, {"source": 30, "prod": 6.0, "target": 19, "value": 0.018866740704666665, "supply": [{"l": "Honey", "v": 0.018866740704666665}]}, {"source": 15, "prod": 51.0, "target": 19, "value": 0.20851034693738424, "supply": [{"l": "Rice", "v": 0.20851034693738424}]}, {"source": 31, "prod": 44.0, "target": 19, "value": 0.36830003685447887, "supply": [{"l": "Butter, Ghee", "v": 0.36830003685447887}]}, {"source": 32, "prod": 152.0, "target": 19, "value": 0.035283255343792203, "supply": [{"l": "Tomatoes", "v": 0.035283255343792203}]}, {"source": 16, "prod": 7.0, "target": 19, "value": 0.025839231834652178, "supply": [{"l": "Cereals, Other", "v": 0.025839231834652178}]}, {"source": 33, "prod": 28.0, "target": 19, "value": 0.013405315763842107, "supply": [{"l": "Coffee", "v": 0.013405315763842107}]}, {"source": 3, "prod": 1021.0, "target": 19, "value": 3.2761542876764738, "supply": [{"l": "Wheat", "v": 3.2761542876764738}]}, {"source": 34, "prod": 36.0, "target": 19, "value": 0.3732687061828448, "supply": [{"l": "Soyabean Oil", "v": 0.3732687061828448}]}, {"source": 35, "prod": 7.0, "target": 19, "value": 0.012919615917326089, "supply": [{"l": "Coconuts - Incl Copra", "v": 0.012919615917326089}]}, {"source": 36, "prod": 27.0, "target": 19, "value": 0.092931445768256765, "supply": [{"l": "Treenuts", "v": 0.092931445768256765}]}, {"source": 37, "prod": 2.0, "target": 19, "value": 0.0017997305649152075, "supply": [{"l": "Crustaceans", "v": 0.0017997305649152075}]}, {"source": 38, "prod": 156.0, "target": 19, "value": 0.25130950817461117, "supply": [{"l": "Eggs", "v": 0.25130950817461117}]}, {"source": 39, "prod": 35.0, "target": 19, "value": 0.18735337451958217, "supply": [{"l": "Cocoa Beans", "v": 0.18735337451958217}]}, {"source": 7, "prod": 20.0, "target": 19, "value": 0.079594062347812508, "supply": [{"l": "Peas", "v": 0.079594062347812508}]}, {"source": 40, "prod": 11.0, "target": 19, "value": 0.00872807163440187, "supply": [{"l": "Marine Fish, Other", "v": 0.00872807163440187}]}, {"source": 41, "prod": 97.0, "target": 19, "value": 0.066413970303120962, "supply": [{"l": "Grapes", "v": 0.066413970303120962}]}, {"source": 42, "prod": 7.0, "target": 19, "value": 0.046429869702890626, "supply": [{"l": "Groundnuts", "v": 0.046429869702890626}]}, {"source": 43, "prod": 14.0, "target": 19, "value": 0.14628980484849233, "supply": [{"l": "Palm Oil", "v": 0.14628980484849233}]}, {"source": 13, "prod": 7.0, "target": 19, "value": 0.020800581626895003, "supply": [{"l": "Rape and Mustardseed", "v": 0.020800581626895003}]}, {"source": 14, "prod": 1.0, "target": 19, "value": 0.0070750277642500003, "supply": [{"l": "Oilcrops, Other", "v": 0.0070750277642500003}]}, {"source": 44, "prod": 125.0, "target": 19, "value": 0.10128151778698133, "supply": [{"l": "Wine", "v": 0.10128151778698133}]}, {"source": 45, "prod": 20.0, "target": 19, "value": 0.20884573935112305, "supply": [{"l": "Sunflowerseed Oil", "v": 0.20884573935112305}]}, {"source": 4, "prod": 16.0, "target": 19, "value": 0.030282921385834393, "supply": [{"l": "Oats", "v": 0.030282921385834393}]}, {"source": 46, "prod": 5.0, "target": 19, "value": 0.053062708231874998, "supply": [{"l": "Olive Oil", "v": 0.053062708231874998}]}, {"source": 47, "prod": 479.0, "target": 19, "value": 0.87043134930628796, "supply": [{"l": "Pigmeat", "v": 0.87043134930628796}]}, {"source": 48, "prod": 47.0, "target": 19, "value": 0.39278274943540942, "supply": [{"l": "Fats, Animals, Raw", "v": 0.39278274943540942}]}, {"source": 49, "prod": 2.0, "target": 19, "value": 0.0080857460162857154, "supply": [{"l": "Soyabeans", "v": 0.0080857460162857154}]}, {"source": 5, "prod": 715.0, "target": 19, "value": 0.53923518730932951, "supply": [{"l": "Potatoes", "v": 0.53923518730932951}]}, {"source": 50, "prod": 38.0, "target": 19, "value": 0.030684087803649462, "supply": [{"l": "Freshwater Fish", "v": 0.030684087803649462}]}, {"source": 51, "prod": 3.0, "target": 19, "value": 0.011939109352171875, "supply": [{"l": "Pimento", "v": 0.011939109352171875}]}, {"source": 52, "prod": 1.0, "target": 19, "value": 0.0060643095122142861, "supply": [{"l": "Pepper", "v": 0.0060643095122142861}]}, {"source": 53, "prod": 18.0, "target": 19, "value": 0.0045482321341607148, "supply": [{"l": "Grapefruit", "v": 0.0045482321341607148}]}, {"source": 54, "prod": 145.0, "target": 19, "value": 1.4957978053836936, "supply": [{"l": "Rape and Mustard Oil", "v": 1.4957978053836936}]}, {"source": 9, "prod": 1970.0, "target": 19, "value": 1.1624659518823153, "supply": [{"l": "Milk - Excluding Butter", "v": 1.1624659518823153}]}, {"source": 55, "prod": 26.0, "target": 19, "value": 0.01758891364498805, "supply": [{"l": "Pineapples", "v": 0.01758891364498805}]}, {"source": 10, "prod": 2.0, "target": 19, "value": 0.007718212106454546, "supply": [{"l": "Beans", "v": 0.007718212106454546}]}, {"source": 56, "prod": 162.0, "target": 19, "value": 0.088165730600653858, "supply": [{"l": "Apples", "v": 0.088165730600653858}]}, {"source": 12, "prod": 113.0, "target": 19, "value": 0.10168477691770922, "supply": [{"l": "Fish, Seafood", "v": 0.10168477691770922}]}, {"source": 57, "prod": 56.0, "target": 19, "value": 0.075820935439767367, "supply": [{"l": "Meat, Other", "v": 0.075820935439767367}]}, {"source": 58, "prod": 21.0, "target": 19, "value": 0.0043698700896838234, "supply": [{"l": "Lemons, Limes", "v": 0.0043698700896838234}]}, {"source": 59, "prod": 2.0, "target": 19, "value": 0.007718212106454546, "supply": [{"l": "Mutton & Goat Meat", "v": 0.007718212106454546}]}, {"source": 60, "prod": 49.0, "target": 19, "value": 0.12834401429360745, "supply": [{"l": "Sweeteners, Other", "v": 0.12834401429360745}]}, {"source": 2, "prod": 37.0, "target": 19, "value": 0.044368818182584736, "supply": [{"l": "Pelagic Fish", "v": 0.044368818182584736}]}, {"source": 61, "prod": 101.0, "target": 19, "value": 0.070358429950941548, "supply": [{"l": "Bananas", "v": 0.070358429950941548}]}, {"source": 62, "prod": 1.0, "target": 19, "value": 0.00050059158709316032, "supply": [{"l": "Beverages, Fermented", "v": 0.00050059158709316032}]}, {"source": 63, "prod": 1.0, "target": 19, "value": 0.0035375138821250002, "supply": [{"l": "Spices, Other", "v": 0.0035375138821250002}]}, {"source": 64, "prod": 16.0, "target": 19, "value": 0.0043538632395384615, "supply": [{"l": "Tea", "v": 0.0043538632395384615}]}, {"source": 65, "prod": 195.0, "target": 19, "value": 0.083926289860873804, "supply": [{"l": "Fruits, Other", "v": 0.083926289860873804}]}, {"source": 66, "prod": 2.0, "target": 19, "value": 0.0017997305649152075, "supply": [{"l": "Molluscs, Other", "v": 0.0017997305649152075}]}, {"source": 67, "prod": 1.0, "target": 19, "value": 0.00080747599483288056, "supply": [{"l": "Aquatic Animals, Others", "v": 0.00080747599483288056}]}, {"source": 68, "prod": 257.0, "target": 19, "value": 0.39816397125815706, "supply": [{"l": "Poultry Meat", "v": 0.39816397125815706}]}, {"source": 69, "prod": 43.0, "target": 19, "value": 0.057877178344620736, "supply": [{"l": "Offals, Edible", "v": 0.057877178344620736}]}, {"source": 70, "prod": 1.0, "target": 19, "value": 0.0097961922889615409, "supply": [{"l": "Groundnut Oil", "v": 0.0097961922889615409}]}, {"source": 71, "prod": 23.0, "target": 19, "value": 0.013076167385712056, "supply": [{"l": "Demersal Fish", "v": 0.013076167385712056}]}, {"source": 72, "prod": 172.0, "target": 19, "value": 0.044117393671939578, "supply": [{"l": "Oranges, Mandarines", "v": 0.044117393671939578}]}, {"source": 73, "prod": 78.0, "target": 19, "value": 0.09699665227792012, "supply": [{"l": "Bovine Meat", "v": 0.09699665227792012}]}, {"source": 17, "prod": 7.0, "target": 19, "value": 0.026610552187925376, "supply": [{"l": "Pulses, Other", "v": 0.026610552187925376}]}, {"source": 74, "prod": 42.0, "target": 19, "value": 0.096137141973044113, "supply": [{"l": "Cream", "v": 0.096137141973044113}]}, {"source": 75, "prod": 89.0, "target": 19, "value": 0.030931524892124564, "supply": [{"l": "Onions", "v": 0.030931524892124564}]}, {"source": 76, "prod": 1.0, "target": 19, "value": 0.00080747599483288056, "supply": [{"l": "Aquatic Products, Other", "v": 0.00080747599483288056}]}, {"source": 77, "prod": 34.0, "target": 78, "value": 0.11924453937517358, "supply": [{"l": "Sunflower seed", "v": 0.11924453937517358}]}, {"source": 0, "prod": 28.0, "target": 78, "value": 0.097836110729453599, "supply": [{"l": "Maize", "v": 0.097836110729453599}]}, {"source": 3, "prod": 35.0, "target": 78, "value": 0.11230695403396336, "supply": [{"l": "Wheat", "v": 0.11230695403396336}]}, {"source": 79, "prod": 2.0, "target": 78, "value": 0.0015083501742918306, "supply": [{"l": "Cassava", "v": 0.0015083501742918306}]}, {"source": 49, "prod": 43.0, "target": 78, "value": 0.17384353935014288, "supply": [{"l": "Soyabeans", "v": 0.17384353935014288}]}, {"source": 5, "prod": 89.0, "target": 78, "value": 0.067121582755986453, "supply": [{"l": "Potatoes", "v": 0.067121582755986453}]}, {"source": 20, "prod": 8.0, "target": 78, "value": 0.0026209584661389196, "supply": [{"l": "Vegetables, Other", "v": 0.0026209584661389196}]}, {"source": 65, "prod": 7.0, "target": 78, "value": 0.0030127386103903416, "supply": [{"l": "Fruits, Other", "v": 0.0030127386103903416}]}, {"source": 42, "prod": 3.0, "target": 78, "value": 0.019898515586953127, "supply": [{"l": "Groundnuts", "v": 0.019898515586953127}]}, {"source": 80, "prod": 1.0, "target": 78, "value": 0.0035071923345639288, "supply": [{"l": "Sesame seed", "v": 0.0035071923345639288}]}, {"source": 24, "prod": 9.0, "target": 78, "value": 0.028300111057000001, "supply": [{"l": "Sugar", "v": 0.028300111057000001}]}, {"source": 13, "prod": 700.0, "target": 78, "value": 2.0800581626895003, "supply": [{"l": "Rape and Mustardseed", "v": 2.0800581626895003}]}, {"source": 56, "prod": 7.0, "target": 78, "value": 0.0038096303345961542, "supply": [{"l": "Apples", "v": 0.0038096303345961542}]}, {"source": 41, "prod": 73.0, "target": 78, "value": 0.049981647753895152, "supply": [{"l": "Grapes", "v": 0.049981647753895152}]}, {"source": 73, "prod": 16.0, "target": 78, "value": 0.01989674918521438, "supply": [{"l": "Bovine Meat", "v": 0.01989674918521438}]}, {"source": 81, "prod": 2883.0, "target": 78, "value": 3.3506866602600001, "supply": [{"l": "Sugar beet", "v": 3.3506866602600001}]}, {"source": 14, "prod": 1.0, "target": 78, "value": 0.0070750277642500003, "supply": [{"l": "Oilcrops, Other", "v": 0.0070750277642500003}]}, {"source": 44, "prod": 68.0, "target": 78, "value": 0.055097145676117842, "supply": [{"l": "Wine", "v": 0.055097145676117842}]}, {"source": 11, "prod": 402.0, "target": 78, "value": 0.9480537204095002, "supply": [{"l": "Barley", "v": 0.9480537204095002}]}, {"source": 45, "prod": 10.0, "target": 82, "value": 0.10442286967556152, "supply": [{"l": "Sunflowerseed Oil", "v": 0.10442286967556152}]}, {"source": 48, "prod": 90.0, "target": 82, "value": 0.752137179769933, "supply": [{"l": "Fats, Animals, Raw", "v": 0.752137179769933}]}, {"source": 60, "prod": 17.0, "target": 82, "value": 0.044527515163088296, "supply": [{"l": "Sweeteners, Other", "v": 0.044527515163088296}]}, {"source": 83, "prod": 1.0, "target": 82, "value": 0.010442286967556152, "supply": [{"l": "Sesameseed Oil", "v": 0.010442286967556152}]}, {"source": 3, "prod": 1107.0, "target": 82, "value": 3.5521085175884974, "supply": [{"l": "Wheat", "v": 3.5521085175884974}]}, {"source": 84, "prod": 16.0, "target": 82, "value": 0.012964034276733611, "supply": [{"l": "Alcohol, Non-Food", "v": 0.012964034276733611}]}, {"source": 4, "prod": 40.0, "target": 82, "value": 0.075707303464585984, "supply": [{"l": "Oats", "v": 0.075707303464585984}]}, {"source": 85, "prod": 3.0, "target": 82, "value": 0.010521577003691787, "supply": [{"l": "Cottonseed", "v": 0.010521577003691787}]}, {"source": 86, "prod": 2.0, "target": 82, "value": 0.020884573935112304, "supply": [{"l": "Coconut Oil", "v": 0.020884573935112304}]}, {"source": 6, "prod": 5.0, "target": 82, "value": 0.015661226507271846, "supply": [{"l": "Rye", "v": 0.015661226507271846}]}, {"source": 54, "prod": 114.0, "target": 82, "value": 1.1760065504395936, "supply": [{"l": "Rape and Mustard Oil", "v": 1.1760065504395936}]}, {"source": 9, "prod": 37.0, "target": 82, "value": 0.021833116862764301, "supply": [{"l": "Milk - Excluding Butter", "v": 0.021833116862764301}]}, {"source": 63, "prod": 1.0, "target": 82, "value": 0.0035375138821250002, "supply": [{"l": "Spices, Other", "v": 0.0035375138821250002}]}, {"source": 11, "prod": 8.0, "target": 82, "value": 0.018866740704666669, "supply": [{"l": "Barley", "v": 0.018866740704666669}]}, {"source": 25, "prod": 17.0, "target": 82, "value": 0.24055094398450003, "supply": [{"l": "Oilcrops Oil, Other", "v": 0.24055094398450003}]}, {"source": 15, "prod": 1.0, "target": 82, "value": 0.0040884381752428287, "supply": [{"l": "Rice", "v": 0.0040884381752428287}]}, {"source": 14, "prod": 14.0, "target": 82, "value": 0.099050388699500017, "supply": [{"l": "Oilcrops, Other", "v": 0.099050388699500017}]}, {"source": 0, "prod": 14.0, "target": 0, "value": 0.048918055364726799, "supply": [{"l": "Maize", "v": 0.048918055364726799}]}, {"source": 3, "prod": 192.0, "target": 3, "value": 0.61608386212917032, "supply": [{"l": "Wheat", "v": 0.61608386212917032}]}, {"source": 4, "prod": 12.0, "target": 4, "value": 0.022712191039375797, "supply": [{"l": "Oats", "v": 0.022712191039375797}]}, {"source": 5, "prod": 125.0, "target": 5, "value": 0.094271885893239399, "supply": [{"l": "Potatoes", "v": 0.094271885893239399}]}, {"source": 38, "prod": 16.0, "target": 38, "value": 0.025775334171754993, "supply": [{"l": "Eggs", "v": 0.025775334171754993}]}, {"source": 6, "prod": 10.0, "target": 6, "value": 0.031322453014543693, "supply": [{"l": "Rye", "v": 0.031322453014543693}]}, {"source": 7, "prod": 6.0, "target": 7, "value": 0.02387821870434375, "supply": [{"l": "Peas", "v": 0.02387821870434375}]}, {"source": 13, "prod": 2.0, "target": 13, "value": 0.0059430233219700005, "supply": [{"l": "Rape and Mustardseed", "v": 0.0059430233219700005}]}, {"source": 11, "prod": 104.0, "target": 11, "value": 0.24526762916066669, "supply": [{"l": "Barley", "v": 0.24526762916066669}]}, {"source": 16, "prod": 15.0, "target": 16, "value": 0.055369782502826093, "supply": [{"l": "Cereals, Other", "v": 0.055369782502826093}]}, {"source": 0, "prod": 19.0, "target": 87, "value": 0.066388789423557804, "supply": [{"l": "Maize", "v": 0.066388789423557804}]}, {"source": 22, "prod": 1.0, "target": 87, "value": 0.0034552461174244186, "supply": [{"l": "Nuts", "v": 0.0034552461174244186}]}, {"source": 6, "prod": 6.0, "target": 87, "value": 0.018793471808726217, "supply": [{"l": "Rye", "v": 0.018793471808726217}]}, {"source": 65, "prod": 11.0, "target": 87, "value": 0.0047343035306133931, "supply": [{"l": "Fruits, Other", "v": 0.0047343035306133931}]}, {"source": 11, "prod": 18.0, "target": 87, "value": 0.042450166585500007, "supply": [{"l": "Barley", "v": 0.042450166585500007}]}, {"source": 32, "prod": 4.0, "target": 87, "value": 0.00092850671957347909, "supply": [{"l": "Tomatoes", "v": 0.00092850671957347909}]}, {"source": 16, "prod": 6.0, "target": 87, "value": 0.022147913001130438, "supply": [{"l": "Cereals, Other", "v": 0.022147913001130438}]}, {"source": 3, "prod": 41.0, "target": 87, "value": 0.13155957472549992, "supply": [{"l": "Wheat", "v": 0.13155957472549992}]}, {"source": 36, "prod": 1.0, "target": 87, "value": 0.0034419053988243241, "supply": [{"l": "Treenuts", "v": 0.0034419053988243241}]}, {"source": 38, "prod": 3.0, "target": 87, "value": 0.0048328751572040618, "supply": [{"l": "Eggs", "v": 0.0048328751572040618}]}, {"source": 20, "prod": 22.0, "target": 87, "value": 0.0072076357818820292, "supply": [{"l": "Vegetables, Other", "v": 0.0072076357818820292}]}, {"source": 7, "prod": 2.0, "target": 87, "value": 0.0079594062347812505, "supply": [{"l": "Peas", "v": 0.0079594062347812505}]}, {"source": 41, "prod": 2.0, "target": 87, "value": 0.0013693602124354839, "supply": [{"l": "Grapes", "v": 0.0013693602124354839}]}, {"source": 4, "prod": 1.0, "target": 87, "value": 0.0018926825866146496, "supply": [{"l": "Oats", "v": 0.0018926825866146496}]}, {"source": 5, "prod": 3.0, "target": 87, "value": 0.0022625252614377461, "supply": [{"l": "Potatoes", "v": 0.0022625252614377461}]}, {"source": 9, "prod": 15.0, "target": 87, "value": 0.0088512635930125538, "supply": [{"l": "Milk - Excluding Butter", "v": 0.0088512635930125538}]}, {"source": 56, "prod": 13.0, "target": 87, "value": 0.0070750277642500003, "supply": [{"l": "Apples", "v": 0.0070750277642500003}]}, {"source": 55, "prod": 1.0, "target": 87, "value": 0.00067649667865338659, "supply": [{"l": "Pineapples", "v": 0.00067649667865338659}]}, {"source": 61, "prod": 15.0, "target": 87, "value": 0.010449271774892308, "supply": [{"l": "Bananas", "v": 0.010449271774892308}]}, {"source": 13, "prod": 21.0, "target": 87, "value": 0.062401744880685006, "supply": [{"l": "Rape and Mustardseed", "v": 0.062401744880685006}]}, {"source": 75, "prod": 3.0, "target": 87, "value": 0.0010426356705210528, "supply": [{"l": "Onions", "v": 0.0010426356705210528}]}, {"source": 74, "prod": 1.0, "target": 87, "value": 0.0022889795707867647, "supply": [{"l": "Cream", "v": 0.0022889795707867647}]}, {"source": 88, "prod": 5.0, "target": 28, "value": 0.02122508329275, "supply": [{"l": "Infant food", "v": 0.02122508329275}]}, {"source": 88, "prod": 3.0, "target": 63, "value": 0.010612541646375, "supply": [{"l": "Spices, Other", "v": 0.010612541646375}]}, {"source": 88, "prod": 157.0, "target": 32, "value": 0.036443888743259052, "supply": [{"l": "Tomatoes", "v": 0.036443888743259052}]}, {"source": 88, "prod": 2.0, "target": 79, "value": 0.0015083501742918306, "supply": [{"l": "Cassava", "v": 0.0015083501742918306}]}, {"source": 88, "prod": 25.0, "target": 58, "value": 0.0052022262972426471, "supply": [{"l": "Lemons, Limes", "v": 0.0052022262972426471}]}, {"source": 88, "prod": 21.0, "target": 36, "value": 0.072280013375310814, "supply": [{"l": "Treenuts", "v": 0.072280013375310814}]}, {"source": 88, "prod": 32.0, "target": 6, "value": 0.10023184964653982, "supply": [{"l": "Rye", "v": 0.10023184964653982}]}, {"source": 88, "prod": 509.0, "target": 20, "value": 0.1667584824080888, "supply": [{"l": "Vegetables, Other", "v": 0.1667584824080888}]}, {"source": 88, "prod": 20.0, "target": 64, "value": 0.0054423290494230768, "supply": [{"l": "Tea", "v": 0.0054423290494230768}]}, {"source": 88, "prod": 106.0, "target": 56, "value": 0.057688687923884624, "supply": [{"l": "Apples", "v": 0.057688687923884624}]}, {"source": 88, "prod": 69.0, "target": 15, "value": 0.28210223409175517, "supply": [{"l": "Rice", "v": 0.28210223409175517}]}, {"source": 88, "prod": 296.0, "target": 3, "value": 0.94979595411580431, "supply": [{"l": "Wheat", "v": 0.94979595411580431}]}, {"source": 88, "prod": 69.0, "target": 11, "value": 0.16272563857775005, "supply": [{"l": "Barley", "v": 0.16272563857775005}]}, {"source": 88, "prod": 1.0, "target": 52, "value": 0.0060643095122142861, "supply": [{"l": "Pepper", "v": 0.0060643095122142861}]}, {"source": 88, "prod": 23.0, "target": 53, "value": 0.005811629949205358, "supply": [{"l": "Grapefruit", "v": 0.005811629949205358}]}, {"source": 88, "prod": 79.0, "target": 33, "value": 0.037822140905125944, "supply": [{"l": "Coffee", "v": 0.037822140905125944}]}, {"source": 88, "prod": 16.0, "target": 77, "value": 0.05611507735302286, "supply": [{"l": "Sunflower seed", "v": 0.05611507735302286}]}, {"source": 88, "prod": 1.0, "target": 8, "value": 0.0031705077083552325, "supply": [{"l": "Millet", "v": 0.0031705077083552325}]}, {"source": 88, "prod": 1.0, "target": 23, "value": 0.00048731206749903549, "supply": [{"l": "Dates", "v": 0.00048731206749903549}]}, {"source": 88, "prod": 8.0, "target": 18, "value": 0.0097028952195428592, "supply": [{"l": "Olives", "v": 0.0097028952195428592}]}, {"source": 88, "prod": 3.0, "target": 16, "value": 0.011073956500565219, "supply": [{"l": "Cereals, Other", "v": 0.011073956500565219}]}, {"source": 88, "prod": 1304.0, "target": 1, "value": 1.2846401853642229, "supply": [{"l": "Freshwater Fish", "v": 0.021801851860487775}, {"l": "Pigmeat", "v": 0.39069465574290585}, {"l": "Meat, Other", "v": 0.031140741341333024}, {"l": "Crustaceans", "v": 0.0017997305649152075}, {"l": "Aquatic Products, Other", "v": 0.00080747599483288056}, {"l": "Marine Fish, Other", "v": 0.011901915865093459}, {"l": "Demersal Fish", "v": 0.015918812469562501}, {"l": "Poultry Meat", "v": 0.11154788299839417}, {"l": "Milk - Excluding Butter", "v": 0.36231172307398052}, {"l": "Pelagic Fish", "v": 0.092335108109703384}, {"l": "Fish, Seafood", "v": 0.13677952293355577}, {"l": "Molluscs, Other", "v": 0.0026995958473728116}, {"l": "Aquatic Animals, Others", "v": 0.00080747599483288056}, {"l": "Offals, Edible", "v": 0.02826559872644269}, {"l": "Bovine Meat", "v": 0.032332217425973371}, {"l": "Eggs", "v": 0.04349587641483655}]}, {"source": 88, "prod": 2.0, "target": 51, "value": 0.0079594062347812505, "supply": [{"l": "Pimento", "v": 0.0079594062347812505}]}, {"source": 88, "prod": 21.0, "target": 22, "value": 0.072560168465912789, "supply": [{"l": "Nuts", "v": 0.072560168465912789}]}, {"source": 88, "prod": 1.0, "target": 7, "value": 0.0039797031173906252, "supply": [{"l": "Peas", "v": 0.0039797031173906252}]}, {"source": 88, "prod": 27.0, "target": 14, "value": 0.19102574963475, "supply": [{"l": "Oilcrops, Other", "v": 0.19102574963475}]}, {"source": 88, "prod": 50.0, "target": 39, "value": 0.26764767788511734, "supply": [{"l": "Cocoa Beans", "v": 0.26764767788511734}]}, {"source": 88, "prod": 220.0, "target": 72, "value": 0.056429224464108765, "supply": [{"l": "Oranges, Mandarines", "v": 0.056429224464108765}]}, {"source": 88, "prod": 30.0, "target": 55, "value": 0.020294900359601596, "supply": [{"l": "Pineapples", "v": 0.020294900359601596}]}, {"source": 88, "prod": 41.0, "target": 13, "value": 0.12183197810038501, "supply": [{"l": "Rape and Mustardseed", "v": 0.12183197810038501}]}, {"source": 88, "prod": 217.0, "target": 5, "value": 0.1636559939106636, "supply": [{"l": "Potatoes", "v": 0.1636559939106636}]}, {"source": 88, "prod": 59.0, "target": 75, "value": 0.020505168186914037, "supply": [{"l": "Onions", "v": 0.020505168186914037}]}, {"source": 88, "prod": 147.0, "target": 61, "value": 0.10240286339394462, "supply": [{"l": "Bananas", "v": 0.10240286339394462}]}, {"source": 88, "prod": 5.0, "target": 26, "value": 0.0024365603374951771, "supply": [{"l": "Citrus, Other", "v": 0.0024365603374951771}]}, {"source": 88, "prod": 80.0, "target": 41, "value": 0.054774408497419352, "supply": [{"l": "Grapes", "v": 0.054774408497419352}]}, {"source": 88, "prod": 2.0, "target": 80, "value": 0.0070143846691278575, "supply": [{"l": "Sesame seed", "v": 0.0070143846691278575}]}, {"source": 88, "prod": 737.0, "target": 78, "value": 3.4577780826434159, "supply": [{"l": "Alcohol, Non-Food", "v": 0.025928068553467222}, {"l": "Sugar", "v": 0.33645687589988887}, {"l": "Beer", "v": 0.017685938038520456}, {"l": "Beverages, Alcoholic", "v": 0.16432322549225808}, {"l": "Fats, Animals, Raw", "v": 0.35099735055930203}, {"l": "Soyabean Oil", "v": 0.42511158204157334}, {"l": "Butter, Ghee", "v": 0.13392728612890142}, {"l": "Palm Oil", "v": 0.21943470727273851}, {"l": "Sunflowerseed Oil", "v": 0.25061488722134762}, {"l": "Olive Oil", "v": 0.074287791524625002}, {"l": "Coconut Oil", "v": 0.020884573935112304}, {"l": "Rape and Mustard Oil", "v": 0.67053005068924199}, {"l": "Oilcrops Oil, Other", "v": 0.339601332684}, {"l": "Wine", "v": 0.1280198384827444}, {"l": "Sweeteners, Other", "v": 0.26192655978287233}, {"l": "Beverages, Fermented", "v": 0.0020023663483726413}, {"l": "Honey", "v": 0.006288913568222222}, {"l": "Cream", "v": 0.029756734420227939}]}, {"source": 88, "prod": 36.0, "target": 49, "value": 0.14554342829314287, "supply": [{"l": "Soyabeans", "v": 0.14554342829314287}]}, {"source": 88, "prod": 1.0, "target": 21, "value": 0.00048731206749903549, "supply": [{"l": "Plantains", "v": 0.00048731206749903549}]}, {"source": 88, "prod": 6.0, "target": 10, "value": 0.023154636319363639, "supply": [{"l": "Beans", "v": 0.023154636319363639}]}, {"source": 88, "prod": 59.0, "target": 0, "value": 0.20615466189420581, "supply": [{"l": "Maize", "v": 0.20615466189420581}]}, {"source": 88, "prod": 205.0, "target": 65, "value": 0.088230202161431417, "supply": [{"l": "Fruits, Other", "v": 0.088230202161431417}]}, {"source": 88, "prod": 3.0, "target": 85, "value": 0.010521577003691787, "supply": [{"l": "Cottonseed", "v": 0.010521577003691787}]}, {"source": 88, "prod": 12.0, "target": 42, "value": 0.079594062347812508, "supply": [{"l": "Groundnuts", "v": 0.079594062347812508}]}, {"source": 88, "prod": 9.0, "target": 35, "value": 0.016610934750847829, "supply": [{"l": "Coconuts - Incl Copra", "v": 0.016610934750847829}]}, {"source": 88, "prod": 17.0, "target": 4, "value": 0.032175603972449049, "supply": [{"l": "Oats", "v": 0.032175603972449049}]}, {"source": 88, "prod": 8.0, "target": 17, "value": 0.030412059643343287, "supply": [{"l": "Pulses, Other", "v": 0.030412059643343287}]}, {"source": 0, "prod": 246.0, "target": 89, "value": 0.85956011569448521, "supply": [{"l": "Maize", "v": 0.85956011569448521}]}, {"source": 18, "prod": 4.0, "target": 89, "value": 0.0048514476097714296, "supply": [{"l": "Olives", "v": 0.0048514476097714296}]}, {"source": 84, "prod": 53.0, "target": 89, "value": 0.042943363541680081, "supply": [{"l": "Alcohol, Non-Food", "v": 0.042943363541680081}]}, {"source": 6, "prod": 50.0, "target": 89, "value": 0.15661226507271847, "supply": [{"l": "Rye", "v": 0.15661226507271847}]}, {"source": 22, "prod": 4.0, "target": 89, "value": 0.013820984469697675, "supply": [{"l": "Nuts", "v": 0.013820984469697675}]}, {"source": 24, "prod": 233.0, "target": 89, "value": 0.73265843069788883, "supply": [{"l": "Sugar", "v": 0.73265843069788883}]}, {"source": 25, "prod": 9.0, "target": 89, "value": 0.12735049975650001, "supply": [{"l": "Oilcrops Oil, Other", "v": 0.12735049975650001}]}, {"source": 27, "prod": 372.0, "target": 89, "value": 0.21223125646224544, "supply": [{"l": "Beer", "v": 0.21223125646224544}]}, {"source": 53, "prod": 6.0, "target": 89, "value": 0.0015160773780535715, "supply": [{"l": "Grapefruit", "v": 0.0015160773780535715}]}, {"source": 29, "prod": 27.0, "target": 89, "value": 0.092431814339395166, "supply": [{"l": "Beverages, Alcoholic", "v": 0.092431814339395166}]}, {"source": 11, "prod": 529.0, "target": 89, "value": 1.2475632290960834, "supply": [{"l": "Barley", "v": 1.2475632290960834}]}, {"source": 30, "prod": 2.0, "target": 89, "value": 0.006288913568222222, "supply": [{"l": "Honey", "v": 0.006288913568222222}]}, {"source": 15, "prod": 15.0, "target": 89, "value": 0.061326572628642426, "supply": [{"l": "Rice", "v": 0.061326572628642426}]}, {"source": 31, "prod": 15.0, "target": 89, "value": 0.12555683074584509, "supply": [{"l": "Butter, Ghee", "v": 0.12555683074584509}]}, {"source": 32, "prod": 29.0, "target": 89, "value": 0.0067316737169077221, "supply": [{"l": "Tomatoes", "v": 0.0067316737169077221}]}, {"source": 77, "prod": 51.0, "target": 89, "value": 0.17886680906276037, "supply": [{"l": "Sunflower seed", "v": 0.17886680906276037}]}, {"source": 48, "prod": 7.0, "target": 89, "value": 0.05849955842655033, "supply": [{"l": "Fats, Animals, Raw", "v": 0.05849955842655033}]}, {"source": 33, "prod": 49.0, "target": 89, "value": 0.023459302586723688, "supply": [{"l": "Coffee", "v": 0.023459302586723688}]}, {"source": 3, "prod": 1083.0, "target": 89, "value": 3.4750980348223517, "supply": [{"l": "Wheat", "v": 3.4750980348223517}]}, {"source": 34, "prod": 12.0, "target": 89, "value": 0.12442290206094828, "supply": [{"l": "Soyabean Oil", "v": 0.12442290206094828}]}, {"source": 35, "prod": 2.0, "target": 89, "value": 0.0036913188335217393, "supply": [{"l": "Coconuts - Incl Copra", "v": 0.0036913188335217393}]}, {"source": 36, "prod": 4.0, "target": 89, "value": 0.013767621595297297, "supply": [{"l": "Treenuts", "v": 0.013767621595297297}]}, {"source": 38, "prod": 10.0, "target": 89, "value": 0.016109583857346871, "supply": [{"l": "Eggs", "v": 0.016109583857346871}]}, {"source": 20, "prod": 87.0, "target": 89, "value": 0.028502923319260753, "supply": [{"l": "Vegetables, Other", "v": 0.028502923319260753}]}, {"source": 7, "prod": 11.0, "target": 89, "value": 0.04377673429129688, "supply": [{"l": "Peas", "v": 0.04377673429129688}]}, {"source": 80, "prod": 1.0, "target": 89, "value": 0.0035071923345639288, "supply": [{"l": "Sesame seed", "v": 0.0035071923345639288}]}, {"source": 40, "prod": 3.0, "target": 89, "value": 0.0023803831730186912, "supply": [{"l": "Marine Fish, Other", "v": 0.0023803831730186912}]}, {"source": 41, "prod": 7.0, "target": 89, "value": 0.0047927607435241937, "supply": [{"l": "Grapes", "v": 0.0047927607435241937}]}, {"source": 42, "prod": 2.0, "target": 89, "value": 0.01326567705796875, "supply": [{"l": "Groundnuts", "v": 0.01326567705796875}]}, {"source": 43, "prod": 10.0, "target": 89, "value": 0.10449271774892308, "supply": [{"l": "Palm Oil", "v": 0.10449271774892308}]}, {"source": 13, "prod": 393.0, "target": 89, "value": 1.1678040827671052, "supply": [{"l": "Rape and Mustardseed", "v": 1.1678040827671052}]}, {"source": 14, "prod": 31.0, "target": 89, "value": 0.21932586069175003, "supply": [{"l": "Oilcrops, Other", "v": 0.21932586069175003}]}, {"source": 45, "prod": 8.0, "target": 89, "value": 0.083538295740449214, "supply": [{"l": "Sunflowerseed Oil", "v": 0.083538295740449214}]}, {"source": 4, "prod": 14.0, "target": 89, "value": 0.026497556212605095, "supply": [{"l": "Oats", "v": 0.026497556212605095}]}, {"source": 46, "prod": 2.0, "target": 89, "value": 0.02122508329275, "supply": [{"l": "Olive Oil", "v": 0.02122508329275}]}, {"source": 47, "prod": 72.0, "target": 89, "value": 0.13083728006274056, "supply": [{"l": "Pigmeat", "v": 0.13083728006274056}]}, {"source": 39, "prod": 24.0, "target": 89, "value": 0.12847088538485635, "supply": [{"l": "Cocoa Beans", "v": 0.12847088538485635}]}, {"source": 49, "prod": 1.0, "target": 89, "value": 0.0040428730081428577, "supply": [{"l": "Soyabeans", "v": 0.0040428730081428577}]}, {"source": 5, "prod": 75.0, "target": 89, "value": 0.056563131535943646, "supply": [{"l": "Potatoes", "v": 0.056563131535943646}]}, {"source": 50, "prod": 14.0, "target": 89, "value": 0.011304663927660328, "supply": [{"l": "Freshwater Fish", "v": 0.011304663927660328}]}, {"source": 54, "prod": 111.0, "target": 89, "value": 1.1450590096385518, "supply": [{"l": "Rape and Mustard Oil", "v": 1.1450590096385518}]}, {"source": 9, "prod": 1070.0, "target": 89, "value": 0.63139013630156215, "supply": [{"l": "Milk - Excluding Butter", "v": 0.63139013630156215}]}, {"source": 55, "prod": 3.0, "target": 89, "value": 0.0020294900359601599, "supply": [{"l": "Pineapples", "v": 0.0020294900359601599}]}, {"source": 10, "prod": 2.0, "target": 89, "value": 0.007718212106454546, "supply": [{"l": "Beans", "v": 0.007718212106454546}]}, {"source": 56, "prod": 77.0, "target": 89, "value": 0.0419059336805577, "supply": [{"l": "Apples", "v": 0.0419059336805577}]}, {"source": 12, "prod": 29.0, "target": 89, "value": 0.026096093191270507, "supply": [{"l": "Fish, Seafood", "v": 0.026096093191270507}]}, {"source": 81, "prod": 2.0, "target": 89, "value": 0.0023244444400000001, "supply": [{"l": "Sugar beet", "v": 0.0023244444400000001}]}, {"source": 57, "prod": 6.0, "target": 89, "value": 0.0081236716542607886, "supply": [{"l": "Meat, Other", "v": 0.0081236716542607886}]}, {"source": 58, "prod": 3.0, "target": 89, "value": 0.00062426715566911753, "supply": [{"l": "Lemons, Limes", "v": 0.00062426715566911753}]}, {"source": 16, "prod": 14.0, "target": 89, "value": 0.051678463669304356, "supply": [{"l": "Cereals, Other", "v": 0.051678463669304356}]}, {"source": 44, "prod": 15.0, "target": 89, "value": 0.012153782134437761, "supply": [{"l": "Wine", "v": 0.012153782134437761}]}, {"source": 60, "prod": 93.0, "target": 89, "value": 0.24359170059807131, "supply": [{"l": "Sweeteners, Other", "v": 0.24359170059807131}]}, {"source": 2, "prod": 6.0, "target": 89, "value": 0.0071949434890677963, "supply": [{"l": "Pelagic Fish", "v": 0.0071949434890677963}]}, {"source": 61, "prod": 31.0, "target": 89, "value": 0.02159516166811077, "supply": [{"l": "Bananas", "v": 0.02159516166811077}]}, {"source": 62, "prod": 6.0, "target": 89, "value": 0.0030035495225589621, "supply": [{"l": "Beverages, Fermented", "v": 0.0030035495225589621}]}, {"source": 63, "prod": 2.0, "target": 89, "value": 0.0070750277642500003, "supply": [{"l": "Spices, Other", "v": 0.0070750277642500003}]}, {"source": 64, "prod": 4.0, "target": 89, "value": 0.0010884658098846154, "supply": [{"l": "Tea", "v": 0.0010884658098846154}]}, {"source": 65, "prod": 54.0, "target": 89, "value": 0.023241126423011207, "supply": [{"l": "Fruits, Other", "v": 0.023241126423011207}]}, {"source": 66, "prod": 1.0, "target": 89, "value": 0.00089986528245760377, "supply": [{"l": "Molluscs, Other", "v": 0.00089986528245760377}]}, {"source": 8, "prod": 1.0, "target": 89, "value": 0.0031705077083552325, "supply": [{"l": "Millet", "v": 0.0031705077083552325}]}, {"source": 68, "prod": 26.0, "target": 89, "value": 0.040281179971642336, "supply": [{"l": "Poultry Meat", "v": 0.040281179971642336}]}, {"source": 69, "prod": 6.0, "target": 89, "value": 0.0080758853504121954, "supply": [{"l": "Offals, Edible", "v": 0.0080758853504121954}]}, {"source": 28, "prod": 1.0, "target": 89, "value": 0.00424501665855, "supply": [{"l": "Infant food", "v": 0.00424501665855}]}, {"source": 71, "prod": 5.0, "target": 89, "value": 0.002842645083850447, "supply": [{"l": "Demersal Fish", "v": 0.002842645083850447}]}, {"source": 72, "prod": 48.0, "target": 89, "value": 0.012311830792169182, "supply": [{"l": "Oranges, Mandarines", "v": 0.012311830792169182}]}, {"source": 73, "prod": 12.0, "target": 89, "value": 0.014922561888910786, "supply": [{"l": "Bovine Meat", "v": 0.014922561888910786}]}, {"source": 17, "prod": 1.0, "target": 89, "value": 0.0038015074554179108, "supply": [{"l": "Pulses, Other", "v": 0.0038015074554179108}]}, {"source": 75, "prod": 9.0, "target": 89, "value": 0.0031279070115631585, "supply": [{"l": "Onions", "v": 0.0031279070115631585}]}, {"source": 74, "prod": 15.0, "target": 89, "value": 0.034334693561801466, "supply": [{"l": "Cream", "v": 0.034334693561801466}]}, {"source": 90, "prod": 9.0, "target": 77, "value": 0.031564731011075355, "supply": [{"l": "Sunflower seed", "v": 0.031564731011075355}]}, {"source": 90, "prod": 10.0, "target": 39, "value": 0.053529535577023467, "supply": [{"l": "Cocoa Beans", "v": 0.053529535577023467}]}, {"source": 0, "prod": 110.0, "target": 91, "value": 0.38435614929428197, "supply": [{"l": "Maize", "v": 0.38435614929428197}]}, {"source": 14, "prod": 9.0, "target": 91, "value": 0.063675249878250004, "supply": [{"l": "Oilcrops, Other", "v": 0.063675249878250004}]}, {"source": 90, "prod": 2.0, "target": 49, "value": 0.0080857460162857154, "supply": [{"l": "Soyabeans", "v": 0.0080857460162857154}]}, {"source": 90, "prod": 25.0, "target": 13, "value": 0.074287791524625002, "supply": [{"l": "Rape and Mustardseed", "v": 0.074287791524625002}]}, {"source": 6, "prod": 62.0, "target": 91, "value": 0.1941992086901709, "supply": [{"l": "Rye", "v": 0.1941992086901709}]}, {"source": 90, "prod": 38.0, "target": 5, "value": 0.028658653311544779, "supply": [{"l": "Potatoes", "v": 0.028658653311544779}]}, {"source": 16, "prod": 90.0, "target": 91, "value": 0.33221869501695656, "supply": [{"l": "Cereals, Other", "v": 0.33221869501695656}]}, {"source": 90, "prod": 30.0, "target": 78, "value": 0.30947540801041934, "supply": [{"l": "Rape and Mustard Oil", "v": 0.30947540801041934}]}, {"source": 33, "prod": 2.0, "target": 91, "value": 0.00095752255456015055, "supply": [{"l": "Coffee", "v": 0.00095752255456015055}]}, {"source": 11, "prod": 250.0, "target": 91, "value": 0.58958564702083338, "supply": [{"l": "Barley", "v": 0.58958564702083338}]}, {"source": 1, "prod": 283.0, "target": 68, "value": 0.43844515122979938, "supply": [{"l": "Poultry Meat", "v": 0.43844515122979938}]}, {"source": 1, "prod": 551.0, "target": 47, "value": 1.0012686293690285, "supply": [{"l": "Pigmeat", "v": 1.0012686293690285}]}, {"source": 1, "prod": 77.0, "target": 2, "value": 0.092335108109703384, "supply": [{"l": "Pelagic Fish", "v": 0.092335108109703384}]}, {"source": 1, "prod": 2.0, "target": 37, "value": 0.0017997305649152075, "supply": [{"l": "Crustaceans", "v": 0.0017997305649152075}]}, {"source": 1, "prod": 169.0, "target": 38, "value": 0.27225196718916211, "supply": [{"l": "Eggs", "v": 0.29802730136091704}]}, {"source": 1, "prod": 3.0, "target": 66, "value": 0.0026995958473728112, "supply": [{"l": "Molluscs, Other", "v": 0.0026995958473728112}]}, {"source": 1, "prod": 1.0, "target": 67, "value": 0.00080747599483288056, "supply": [{"l": "Aquatic Animals, Others", "v": 0.00080747599483288056}]}, {"source": 1, "prod": 3425.0, "target": 9, "value": 2.0210385204045327, "supply": [{"l": "Milk - Excluding Butter", "v": 2.0210385204045327}]}, {"source": 1, "prod": 49.0, "target": 69, "value": 0.065953063695032926, "supply": [{"l": "Offals, Edible", "v": 0.065953063695032926}]}, {"source": 1, "prod": 14.0, "target": 40, "value": 0.011108454807420561, "supply": [{"l": "Marine Fish, Other", "v": 0.011108454807420561}]}, {"source": 1, "prod": 1.0, "target": 76, "value": 0.00080747599483288056, "supply": [{"l": "Aquatic Products, Other", "v": 0.00080747599483288056}]}, {"source": 1, "prod": 176.0, "target": 12, "value": 0.15837628971253825, "supply": [{"l": "Fish, Seafood", "v": 0.15837628971253825}]}, {"source": 1, "prod": 106.0, "target": 73, "value": 0.13181596335204529, "supply": [{"l": "Bovine Meat", "v": 0.13181596335204529}]}, {"source": 1, "prod": 28.0, "target": 71, "value": 0.015918812469562504, "supply": [{"l": "Demersal Fish", "v": 0.015918812469562504}]}, {"source": 1, "prod": 62.0, "target": 57, "value": 0.083944607094028151, "supply": [{"l": "Meat, Other", "v": 0.083944607094028151}]}, {"source": 1, "prod": 52.0, "target": 50, "value": 0.041988751731309788, "supply": [{"l": "Freshwater Fish", "v": 0.041988751731309788}]}, {"source": 1, "prod": 2.0, "target": 59, "value": 0.007718212106454546, "supply": [{"l": "Mutton & Goat Meat", "v": 0.007718212106454546}]}, {"source": 78, "prod": 7.0, "target": 46, "value": 0.074287791524625002, "supply": [{"l": "Olive Oil", "v": 0.074287791524625002}]}, {"source": 78, "prod": 144.0, "target": 48, "value": 1.2034194876318929, "supply": [{"l": "Fats, Animals, Raw", "v": 1.2034194876318929}]}, {"source": 78, "prod": 159.0, "target": 60, "value": 0.41646323005476704, "supply": [{"l": "Sweeteners, Other", "v": 0.41646323005476704}]}, {"source": 78, "prod": 58.0, "target": 74, "value": 0.13276081510563234, "supply": [{"l": "Cream", "v": 0.13276081510563234}]}, {"source": 78, "prod": 7.0, "target": 62, "value": 0.0035041411096521226, "supply": [{"l": "Beverages, Fermented", "v": 0.0035041411096521226}]}, {"source": 78, "prod": 48.0, "target": 34, "value": 0.4976916082437931, "supply": [{"l": "Soyabean Oil", "v": 0.4976916082437931}]}, {"source": 78, "prod": 69.0, "target": 84, "value": 0.055907397818413695, "supply": [{"l": "Alcohol, Non-Food", "v": 0.055907397818413695}]}, {"source": 78, "prod": 2.0, "target": 86, "value": 0.020884573935112304, "supply": [{"l": "Coconut Oil", "v": 0.020884573935112304}]}, {"source": 78, "prod": 558.0, "target": 24, "value": 1.7546068855339998, "supply": [{"l": "Sugar", "v": 1.7546068855339998}]}, {"source": 78, "prod": 8.0, "target": 30, "value": 0.025155654272888888, "supply": [{"l": "Honey", "v": 0.025155654272888888}]}, {"source": 78, "prod": 1952.0, "target": 27, "value": 1.1136435822965138, "supply": [{"l": "Beer", "v": 1.1136435822965138}]}, {"source": 78, "prod": 1.0, "target": 70, "value": 0.0097961922889615409, "supply": [{"l": "Groundnut Oil", "v": 0.0097961922889615409}]}, {"source": 78, "prod": 105.0, "target": 29, "value": 0.35945705576431453, "supply": [{"l": "Beverages, Alcoholic", "v": 0.35945705576431453}]}, {"source": 78, "prod": 38.0, "target": 45, "value": 0.39680690476713376, "supply": [{"l": "Sunflowerseed Oil", "v": 0.39680690476713376}]}, {"source": 78, "prod": 1.0, "target": 83, "value": 0.010442286967556152, "supply": [{"l": "Sesameseed Oil", "v": 0.010442286967556152}]}, {"source": 78, "prod": 24.0, "target": 43, "value": 0.2507825225974154, "supply": [{"l": "Palm Oil", "v": 0.2507825225974154}]}, {"source": 78, "prod": 27.0, "target": 25, "value": 0.38205149926949999, "supply": [{"l": "Oilcrops Oil, Other", "v": 0.38205149926949999}]}, {"source": 78, "prod": 370.0, "target": 54, "value": 3.8168633654618391, "supply": [{"l": "Rape and Mustard Oil", "v": 3.8168633654618391}]}, {"source": 78, "prod": 59.0, "target": 31, "value": 0.49385686760032399, "supply": [{"l": "Butter, Ghee", "v": 0.49385686760032399}]}, {"source": 78, "prod": 208.0, "target": 44, "value": 0.16853244559753694, "supply": [{"l": "Wine", "v": 0.16853244559753694}]}, {"source": 92, "prod": 14.769230769230758, "target": 78, "value": 0.062695630649353795, "supply": [{"l": "Oil Palm", "v": 0.062695630649353795}]}, {"source": 93, "prod": 0, "target": 0, "value": 0.001795975966961549, "supply": "[{\"l\":'Energy for power irrigation',\"v\":0.001795975966961549}]"}, {"source": 93, "prod": 0, "target": 6, "value": 0.00045734148567133529, "supply": "[{\"l\":'Energy for power irrigation',\"v\":0.00045734148567133529}]"}, {"source": 93, "prod": 0, "target": 22, "value": 4.2496332739371864e-05, "supply": "[{\"l\":'Energy for power irrigation',\"v\":4.2496332739371864e-05}]"}, {"source": 93, "prod": 0, "target": 11, "value": 0.0046108521022218477, "supply": "[{\"l\":'Energy for power irrigation',\"v\":0.0046108521022218477}]"}, {"source": 93, "prod": 0, "target": 32, "value": 0.00021551711603538589, "supply": "[{\"l\":'Energy for power irrigation',\"v\":0.00021551711603538589}]"}, {"source": 93, "prod": 0, "target": 77, "value": 0.00014772534714162599, "supply": "[{\"l\":'Energy for power irrigation',\"v\":0.00014772534714162599}]"}, {"source": 93, "prod": 0, "target": 16, "value": 0.00055548777795036083, "supply": "[{\"l\":'Energy for power irrigation',\"v\":0.00055548777795036083}]"}, {"source": 93, "prod": 0, "target": 3, "value": 0.0096739866028841513, "supply": "[{\"l\":'Energy for power irrigation',\"v\":0.0096739866028841513}]"}, {"source": 93, "prod": 0, "target": 36, "value": 4.2496332739371864e-05, "supply": "[{\"l\":'Energy for power irrigation',\"v\":4.2496332739371864e-05}]"}, {"source": 93, "prod": 0, "target": 20, "value": 0.00086915118626477213, "supply": "[{\"l\":'Energy for power irrigation',\"v\":0.00086915118626477213}]"}, {"source": 93, "prod": 0, "target": 7, "value": 8.3980848032568205e-05, "supply": "[{\"l\":'Energy for power irrigation',\"v\":8.3980848032568205e-05}]"}, {"source": 93, "prod": 0, "target": 41, "value": 0.00028027343259061924, "supply": "[{\"l\":'Energy for power irrigation',\"v\":0.00028027343259061924}]"}, {"source": 93, "prod": 0, "target": 51, "value": 4.0472697847020826e-06, "supply": "[{\"l\":'Energy for power irrigation',\"v\":4.0472697847020826e-06}]"}, {"source": 93, "prod": 0, "target": 92, "value": 1.4943765358899984e-05, "supply": "[{\"l\":'Energy for power irrigation',\"v\":1.4943765358899984e-05}]"}, {"source": 93, "prod": 0, "target": 14, "value": 0.00012850081566429111, "supply": "[{\"l\":'Energy for power irrigation',\"v\":0.00012850081566429111}]"}, {"source": 93, "prod": 0, "target": 4, "value": 0.0003328879397917463, "supply": "[{\"l\":'Energy for power irrigation',\"v\":0.0003328879397917463}]"}, {"source": 93, "prod": 0, "target": 49, "value": 5.5649959539653634e-05, "supply": "[{\"l\":'Energy for power irrigation',\"v\":5.5649959539653634e-05}]"}, {"source": 93, "prod": 0, "target": 5, "value": 0.001815200498438884, "supply": "[{\"l\":'Energy for power irrigation',\"v\":0.001815200498438884}]"}, {"source": 93, "prod": 0, "target": 56, "value": 0.00041788060527049001, "supply": "[{\"l\":'Energy for power irrigation',\"v\":0.00041788060527049001}]"}, {"source": 93, "prod": 0, "target": 81, "value": 0.005838186664432754, "supply": "[{\"l\":'Energy for power irrigation',\"v\":0.005838186664432754}]"}, {"source": 93, "prod": 0, "target": 65, "value": 0.0003328879397917463, "supply": "[{\"l\":'Energy for power irrigation',\"v\":0.0003328879397917463}]"}, {"source": 93, "prod": 0, "target": 8, "value": 5.0590872308776032e-06, "supply": "[{\"l\":'Energy for power irrigation',\"v\":5.0590872308776032e-06}]"}, {"source": 93, "prod": 0, "target": 13, "value": 0.0022361165560479007, "supply": "[{\"l\":'Energy for power irrigation',\"v\":0.0022361165560479007}]"}, {"source": 93, "prod": 0, "target": 75, "value": 0.00014468989480309944, "supply": "[{\"l\":'Energy for power irrigation',\"v\":0.00014468989480309944}]"}, {"source": 93, "prod": 0, "target": 17, "value": 2.1248166369685932e-05, "supply": "[{\"l\":'Energy for power irrigation',\"v\":2.1248166369685932e-05}]"}, {"source": 93, "prod": 0, "target": 78, "value": 1.0230000008183999, "supply": "[{\"l\":'Electricity',\"v\":1.0230000008183999}]"}, {"source": 94, "prod": 0, "target": 93, "value": 1.7090876492295912, "supply": [{"l": "Coal", "v": 1.6808268040014915}, {"l": "Natural gas", "v": 0.023891833926391156}, {"l": "Oil", "v": 0.0043690113017084628}]}, {"source": 95, "prod": 0, "target": 93, "value": 0.38377795488982969, "supply": [{"l": "Nuclear", "v": 0.33649324616207216}, {"l": "Hydroelectric", "v": 0.025651099025725356}, {"l": "Renewable", "v": 0.02163360970203218}]}, {"source": 94, "prod": 0, "target": 0, "value": 0.58305011773229354, "supply": [{"l": "Gas-Diesel oil", "v": 0.2265984222428265}, {"l": "Natural gas (including LNG)", "v": 0.040169573353789685}, {"l": "Fuel oil", "v": 0.0019591759720238673}, {"l": "Liquefied petroleum gas (LPG)", "v": 0.0015291918065466819}, {"l": "Coal", "v": 0.00083410462175273568}, {"l": "Other fossil fuels", "v": 0.31195964973535401}]}, {"source": 94, "prod": 0, "target": 6, "value": 0.14847248068450516, "supply": [{"l": "Gas-Diesel oil", "v": 0.05770280949507469}, {"l": "Natural gas (including LNG)", "v": 0.010229096989246726}, {"l": "Fuel oil", "v": 0.00049890002217171155}, {"l": "Liquefied petroleum gas (LPG)", "v": 0.0003894054628501973}, {"l": "Coal", "v": 0.00021240297973647128}, {"l": "Other fossil fuels", "v": 0.079439865735425358}]}, {"source": 94, "prod": 0, "target": 22, "value": 0.013796115461834549, "supply": [{"l": "Gas-Diesel oil", "v": 0.0053617654840556125}, {"l": "Natural gas (including LNG)", "v": 0.00095049131316009402}, {"l": "Fuel oil", "v": 4.6357966661973195e-05}, {"l": "Liquefied petroleum gas (LPG)", "v": 3.6183693450682052e-05}, {"l": "Coal", "v": 1.973656006400839e-05}, {"l": "Other fossil fuels", "v": 0.0073815804444421788}]}, {"source": 94, "prod": 0, "target": 11, "value": 1.4968785276090488, "supply": [{"l": "Gas-Diesel oil", "v": 0.58175155502003406}, {"l": "Natural gas (including LNG)", "v": 0.1031283074778702}, {"l": "Fuel oil", "v": 0.0050298393828240922}, {"l": "Liquefied petroleum gas (LPG)", "v": 0.0039259307393990023}, {"l": "Coal", "v": 0.0021414167669449105}, {"l": "Other fossil fuels", "v": 0.80090147822197655}]}, {"source": 94, "prod": 0, "target": 32, "value": 0.069966014127875217, "supply": [{"l": "Gas-Diesel oil", "v": 0.027191810669139178}, {"l": "Natural gas (including LNG)", "v": 0.0048203488024547627}, {"l": "Fuel oil", "v": 0.00023510111664286405}, {"l": "Liquefied petroleum gas (LPG)", "v": 0.00018350301678560183}, {"l": "Coal", "v": 0.00010009255461032827}, {"l": "Other fossil fuels", "v": 0.037435157968242483}]}, {"source": 94, "prod": 0, "target": 77, "value": 0.047957925176853433, "supply": [{"l": "Gas-Diesel oil", "v": 0.01863851811124094}, {"l": "Natural gas (including LNG)", "v": 0.0033040888505088983}, {"l": "Fuel oil", "v": 0.00016114912220590682}, {"l": "Liquefied petroleum gas (LPG)", "v": 0.00012578141056665665}, {"l": "Coal", "v": 6.8608042127267269e-05}, {"l": "Other fossil fuels", "v": 0.025659779640203766}]}, {"source": 94, "prod": 0, "target": 16, "value": 0.18033493782255164, "supply": [{"l": "Gas-Diesel oil", "v": 0.070085934541584086}, {"l": "Natural gas (including LNG)", "v": 0.012424279307735516}, {"l": "Fuel oil", "v": 0.00060596484993864969}, {"l": "Liquefied petroleum gas (LPG)", "v": 0.00047297256439105825}, {"l": "Coal", "v": 0.00025798503512239541}, {"l": "Other fossil fuels", "v": 0.09648780152377992}]}, {"source": 94, "prod": 0, "target": 3, "value": 3.1405871412047652, "supply": [{"l": "Gas-Diesel oil", "v": 1.2205676141203741}, {"l": "Natural gas (including LNG)", "v": 0.21637255821722998}, {"l": "Fuel oil", "v": 0.010553059982264898}, {"l": "Liquefied petroleum gas (LPG)", "v": 0.0082369593590945495}, {"l": "Coal", "v": 0.0044928869231424815}, {"l": "Other fossil fuels", "v": 1.680364062602659}]}, {"source": 94, "prod": 0, "target": 36, "value": 0.013796115461834549, "supply": [{"l": "Gas-Diesel oil", "v": 0.0053617654840556125}, {"l": "Natural gas (including LNG)", "v": 0.00095049131316009402}, {"l": "Fuel oil", "v": 4.6357966661973195e-05}, {"l": "Liquefied petroleum gas (LPG)", "v": 3.6183693450682052e-05}, {"l": "Coal", "v": 1.973656006400839e-05}, {"l": "Other fossil fuels", "v": 0.0073815804444421788}]}, {"source": 94, "prod": 0, "target": 20, "value": 0.28216340908847332, "supply": [{"l": "Gas-Diesel oil", "v": 0.10966087025723265}, {"l": "Natural gas (including LNG)", "v": 0.019439810428679066}, {"l": "Fuel oil", "v": 0.00094813079434845175}, {"l": "Liquefied petroleum gas (LPG)", "v": 0.00074004268271752097}, {"l": "Coal", "v": 0.0004036596451186478}, {"l": "Other fossil fuels", "v": 0.15097089528037694}]}, {"source": 94, "prod": 0, "target": 7, "value": 0.027263751984101612, "supply": [{"l": "Gas-Diesel oil", "v": 0.010595869885157519}, {"l": "Natural gas (including LNG)", "v": 0.0018783518807687571}, {"l": "Fuel oil", "v": 9.1612172212947017e-05}, {"l": "Liquefied petroleum gas (LPG)", "v": 7.1505870390633564e-05}, {"l": "Coal", "v": 3.9003202031254681e-05}, {"l": "Other fossil fuels", "v": 0.014587408973540496}]}, {"source": 94, "prod": 0, "target": 41, "value": 0.090988666260194542, "supply": [{"l": "Gas-Diesel oil", "v": 0.035362119978176308}, {"l": "Natural gas (including LNG)", "v": 0.0062687165177463351}, {"l": "Fuel oil", "v": 0.00030574182774682323}, {"l": "Liquefied petroleum gas (LPG)", "v": 0.00023864007347235543}, {"l": "Coal", "v": 0.00013016731280310299}, {"l": "Other fossil fuels", "v": 0.048683280550249612}]}, {"source": 94, "prod": 0, "target": 51, "value": 0.0013139157582699572, "supply": [{"l": "Gas-Diesel oil", "v": 0.00051064433181482029}, {"l": "Natural gas (including LNG)", "v": 9.0522982205723247e-05}, {"l": "Fuel oil", "v": 4.415044443997447e-06}, {"l": "Liquefied petroleum gas (LPG)", "v": 3.4460660429221002e-06}, {"l": "Coal", "v": 1.8796723870484184e-06}, {"l": "Other fossil fuels", "v": 0.00070300766137544569}]}, {"source": 94, "prod": 0, "target": 92, "value": 0.0048513812613044539, "supply": [{"l": "Gas-Diesel oil", "v": 0.0018854559943931809}, {"l": "Natural gas (including LNG)", "v": 0.000334238703528824}, {"l": "Fuel oil", "v": 1.6301702562452099e-05}, {"l": "Liquefied petroleum gas (LPG)", "v": 1.2723936158481589e-05}, {"l": "Coal", "v": 6.9403288137172316e-06}, {"l": "Other fossil fuels", "v": 0.0025957205958477975}]}, {"source": 94, "prod": 0, "target": 14, "value": 0.041716825325071136, "supply": [{"l": "Gas-Diesel oil", "v": 0.016212957535120542}, {"l": "Natural gas (including LNG)", "v": 0.0028741046850317125}, {"l": "Fuel oil", "v": 0.00014017766109691894}, {"l": "Liquefied petroleum gas (LPG)", "v": 0.00010941259686277667}, {"l": "Coal", "v": 5.9679598288787276e-05}, {"l": "Other fossil fuels", "v": 0.022320493248670397}]}, {"source": 94, "prod": 0, "target": 4, "value": 0.10806957111770399, "supply": [{"l": "Gas-Diesel oil", "v": 0.042000496291768968}, {"l": "Natural gas (including LNG)", "v": 0.0074455152864207367}, {"l": "Fuel oil", "v": 0.00036313740551879007}, {"l": "Liquefied petroleum gas (LPG)", "v": 0.00028343893203034272}, {"l": "Coal", "v": 0.00015460305383473242}, {"l": "Other fossil fuels", "v": 0.05782238014813041}]}, {"source": 94, "prod": 0, "target": 49, "value": 0.018066341676211913, "supply": [{"l": "Gas-Diesel oil", "v": 0.0070213595624537785}, {"l": "Natural gas (including LNG)", "v": 0.0012446910053286945}, {"l": "Fuel oil", "v": 6.0706861104964899e-05}, {"l": "Liquefied petroleum gas (LPG)", "v": 4.7383408090178874e-05}, {"l": "Coal", "v": 2.5845495321915751e-05}, {"l": "Other fossil fuels", "v": 0.0096663553439123775}]}, {"source": 94, "prod": 0, "target": 5, "value": 0.58929121758407588, "supply": [{"l": "Gas-Diesel oil", "v": 0.2290239828189469}, {"l": "Natural gas (including LNG)", "v": 0.040599557519266874}, {"l": "Fuel oil", "v": 0.0019801474331328549}, {"l": "Liquefied petroleum gas (LPG)", "v": 0.0015455606202505619}, {"l": "Coal", "v": 0.0008430330655912156}, {"l": "Other fossil fuels", "v": 0.31529893612688742}]}, {"source": 94, "prod": 0, "target": 56, "value": 0.13566180204137307, "supply": [{"l": "Gas-Diesel oil", "v": 0.052724027259880193}, {"l": "Natural gas (including LNG)", "v": 0.009346497912740925}, {"l": "Fuel oil", "v": 0.00045585333884273641}, {"l": "Liquefied petroleum gas (LPG)", "v": 0.0003558063189317068}, {"l": "Coal", "v": 0.00019407617396274918}, {"l": "Other fossil fuels", "v": 0.07258554103701477}]}, {"source": 94, "prod": 0, "target": 81, "value": 1.8953234813044133, "supply": [{"l": "Gas-Diesel oil", "v": 0.73660444864287833}, {"l": "Natural gas (including LNG)", "v": 0.13057940183175579}, {"l": "Fuel oil", "v": 0.0063687016104663182}, {"l": "Liquefied petroleum gas (LPG)", "v": 0.0049709502669151298}, {"l": "Coal", "v": 0.0027114274183173436}, {"l": "Other fossil fuels", "v": 1.0140885515340805}]}, {"source": 94, "prod": 0, "target": 65, "value": 0.10806957111770399, "supply": [{"l": "Gas-Diesel oil", "v": 0.042000496291768968}, {"l": "Natural gas (including LNG)", "v": 0.0074455152864207367}, {"l": "Fuel oil", "v": 0.00036313740551879007}, {"l": "Liquefied petroleum gas (LPG)", "v": 0.00028343893203034272}, {"l": "Coal", "v": 0.00015460305383473242}, {"l": "Other fossil fuels", "v": 0.05782238014813041}]}, {"source": 94, "prod": 0, "target": 8, "value": 0.0016423946978374466, "supply": [{"l": "Gas-Diesel oil", "v": 0.00063830541476852533}, {"l": "Natural gas (including LNG)", "v": 0.00011315372775715405}, {"l": "Fuel oil", "v": 5.5188055549968096e-06}, {"l": "Liquefied petroleum gas (LPG)", "v": 4.3075825536526251e-06}, {"l": "Coal", "v": 2.3495904838105231e-06}, {"l": "Other fossil fuels", "v": 0.00087875957671930708}]}, {"source": 94, "prod": 0, "target": 13, "value": 0.72593845644415134, "supply": [{"l": "Gas-Diesel oil", "v": 0.28213099332768821}, {"l": "Natural gas (including LNG)", "v": 0.050013947668662094}, {"l": "Fuel oil", "v": 0.0024393120553085896}, {"l": "Liquefied petroleum gas (LPG)", "v": 0.0019039514887144603}, {"l": "Coal", "v": 0.0010385189938442512}, {"l": "Other fossil fuels", "v": 0.38841173290993375}]}, {"source": 94, "prod": 0, "target": 75, "value": 0.046972488358150974, "supply": [{"l": "Gas-Diesel oil", "v": 0.018255534862379824}, {"l": "Natural gas (including LNG)", "v": 0.0032361966138546058}, {"l": "Fuel oil", "v": 0.00015783783887290875}, {"l": "Liquefied petroleum gas (LPG)", "v": 0.00012319686103446509}, {"l": "Coal", "v": 6.7198287836980951e-05}, {"l": "Other fossil fuels", "v": 0.025132523894172185}]}, {"source": 94, "prod": 0, "target": 17, "value": 0.0068980577309172746, "supply": [{"l": "Gas-Diesel oil", "v": 0.0026808827420278063}, {"l": "Natural gas (including LNG)", "v": 0.00047524565658004701}, {"l": "Fuel oil", "v": 2.3178983330986598e-05}, {"l": "Liquefied petroleum gas (LPG)", "v": 1.8091846725341026e-05}, {"l": "Coal", "v": 9.8682800320041949e-06}, {"l": "Other fossil fuels", "v": 0.0036907902222210894}]}, {"source": 96, "prod": 16.189272375120737, "target": 0, "value": 0.24847551611953267, "supply": [{"l": "Potash", "v": 0.054644163932604212}, {"l": "Phosphate", "v": 0.14820908345190062}, {"l": "Nitrogen", "v": 4.066973711586912}]}, {"source": 96, "prod": 4.1225640076363792, "target": 6, "value": 0.063273765231565499, "supply": [{"l": "Potash", "v": 0.054644163932604212}, {"l": "Phosphate", "v": 0.14820908345190062}, {"l": "Nitrogen", "v": 4.066973711586912}]}, {"source": 96, "prod": 0.3830701069042653, "target": 22, "value": 0.0058794206631100684, "supply": [{"l": "Potash", "v": 0.054644163932604212}, {"l": "Phosphate", "v": 0.14820908345190062}, {"l": "Nitrogen", "v": 4.066973711586912}]}, {"source": 96, "prod": 41.563106599112785, "target": 11, "value": 0.63791714194744242, "supply": [{"l": "Potash", "v": 0.054644163932604212}, {"l": "Phosphate", "v": 0.14820908345190062}, {"l": "Nitrogen", "v": 4.066973711586912}]}, {"source": 96, "prod": 1.9427126850144882, "target": 32, "value": 0.029817061934343921, "supply": [{"l": "Potash", "v": 0.054644163932604212}, {"l": "Phosphate", "v": 0.14820908345190062}, {"l": "Nitrogen", "v": 4.066973711586912}]}, {"source": 96, "prod": 1.3316246573338746, "target": 77, "value": 0.020437986114620714, "supply": [{"l": "Potash", "v": 0.054644163932604212}, {"l": "Phosphate", "v": 0.14820908345190062}, {"l": "Nitrogen", "v": 4.066973711586912}]}, {"source": 96, "prod": 5.0072735402486108, "target": 16, "value": 0.076852427239224474, "supply": [{"l": "Potash", "v": 0.054644163932604212}, {"l": "Phosphate", "v": 0.14820908345190062}, {"l": "Nitrogen", "v": 4.066973711586912}]}, {"source": 96, "prod": 87.203173621706682, "target": 3, "value": 1.3384081180951277, "supply": [{"l": "Potash", "v": 0.054644163932604212}, {"l": "Phosphate", "v": 0.14820908345190062}, {"l": "Nitrogen", "v": 4.066973711586912}]}, {"source": 96, "prod": 0.3830701069042653, "target": 36, "value": 0.0058794206631100684, "supply": [{"l": "Potash", "v": 0.054644163932604212}, {"l": "Phosphate", "v": 0.14820908345190062}, {"l": "Nitrogen", "v": 4.066973711586912}]}, {"source": 96, "prod": 7.8346957578753305, "target": 20, "value": 0.12024815118122735, "supply": [{"l": "Potash", "v": 0.054644163932604212}, {"l": "Phosphate", "v": 0.14820908345190062}, {"l": "Nitrogen", "v": 4.066973711586912}]}, {"source": 96, "prod": 0.75701949697747661, "target": 7, "value": 0.011618855119955611, "supply": [{"l": "Potash", "v": 0.054644163932604212}, {"l": "Phosphate", "v": 0.14820908345190062}, {"l": "Nitrogen", "v": 4.066973711586912}]}, {"source": 96, "prod": 2.5264385622019403, "target": 41, "value": 0.03877617913527355, "supply": [{"l": "Potash", "v": 0.054644163932604212}, {"l": "Phosphate", "v": 0.14820908345190062}, {"l": "Nitrogen", "v": 4.066973711586912}]}, {"source": 96, "prod": 0.036482867324215747, "target": 51, "value": 0.00055994482505810174, "supply": [{"l": "Potash", "v": 0.054644163932604212}, {"l": "Phosphate", "v": 0.14820908345190062}, {"l": "Nitrogen", "v": 4.066973711586912}]}, {"source": 96, "prod": 0.13470597165864265, "target": 92, "value": 0.0020674885848299125, "supply": [{"l": "Potash", "v": 0.054644163932604212}, {"l": "Phosphate", "v": 0.14820908345190062}, {"l": "Nitrogen", "v": 4.066973711586912}]}, {"source": 96, "prod": 1.1583310375438498, "target": 14, "value": 0.017778248195594731, "supply": [{"l": "Potash", "v": 0.054644163932604212}, {"l": "Phosphate", "v": 0.14820908345190062}, {"l": "Nitrogen", "v": 4.066973711586912}]}, {"source": 96, "prod": 3.0007158374167449, "target": 4, "value": 0.046055461861028872, "supply": [{"l": "Potash", "v": 0.054644163932604212}, {"l": "Phosphate", "v": 0.14820908345190062}, {"l": "Nitrogen", "v": 4.066973711586912}]}, {"source": 96, "prod": 0.50163942570796649, "target": 49, "value": 0.0076992413445488989, "supply": [{"l": "Potash", "v": 0.054644163932604212}, {"l": "Phosphate", "v": 0.14820908345190062}, {"l": "Nitrogen", "v": 4.066973711586912}]}, {"source": 96, "prod": 16.36256599491076, "target": 5, "value": 0.25113525403855863, "supply": [{"l": "Potash", "v": 0.054644163932604212}, {"l": "Phosphate", "v": 0.14820908345190062}, {"l": "Nitrogen", "v": 4.066973711586912}]}, {"source": 96, "prod": 3.7668560512252753, "target": 56, "value": 0.057814303187249005, "supply": [{"l": "Potash", "v": 0.054644163932604212}, {"l": "Phosphate", "v": 0.14820908345190062}, {"l": "Nitrogen", "v": 4.066973711586912}]}, {"source": 96, "prod": 52.62653611518121, "target": 81, "value": 0.80772041014631191, "supply": [{"l": "Potash", "v": 0.054644163932604212}, {"l": "Phosphate", "v": 0.14820908345190062}, {"l": "Nitrogen", "v": 4.066973711586912}]}, {"source": 96, "prod": 3.0007158374167449, "target": 65, "value": 0.046055461861028872, "supply": [{"l": "Potash", "v": 0.054644163932604212}, {"l": "Phosphate", "v": 0.14820908345190062}, {"l": "Nitrogen", "v": 4.066973711586912}]}, {"source": 96, "prod": 0.045603584155269682, "target": 8, "value": 0.00069993103132262721, "supply": [{"l": "Potash", "v": 0.054644163932604212}, {"l": "Phosphate", "v": 0.14820908345190062}, {"l": "Nitrogen", "v": 4.066973711586912}]}, {"source": 96, "prod": 20.1567841966292, "target": 13, "value": 0.30936951584460126, "supply": [{"l": "Potash", "v": 0.054644163932604212}, {"l": "Phosphate", "v": 0.14820908345190062}, {"l": "Nitrogen", "v": 4.066973711586912}]}, {"source": 96, "prod": 1.3042625068407128, "target": 75, "value": 0.02001802749582714, "supply": [{"l": "Potash", "v": 0.054644163932604212}, {"l": "Phosphate", "v": 0.14820908345190062}, {"l": "Nitrogen", "v": 4.066973711586912}]}, {"source": 96, "prod": 0.19153505345213265, "target": 17, "value": 0.0029397103315550342, "supply": [{"l": "Potash", "v": 0.054644163932604212}, {"l": "Phosphate", "v": 0.14820908345190062}, {"l": "Nitrogen", "v": 4.066973711586912}]}, {"source": 94, "prod": 0, "target": 96, "value": 5.0815894330296008, "supply": [{"l": "Natural gas (including LNG)", "v": 3.4453364474179629}, {"l": "Fuel oil", "v": 0.91732921739137163}, {"l": "Liquefied petroleum gas (LPG)", "v": 0.35946188411013308}, {"l": "Coal", "v": 0.35946188411013308}]}, {"source": 97, "prod": 0, "target": 0, "value": 0.017973135229943073, "supply": "[{\"l\":'Labor',\"v\":0.017973135229943073}]"}, {"source": 97, "prod": 0, "target": 18, "value": 8.1005679909602592e-05, "supply": "[{\"l\":'Labor',\"v\":8.1005679909602592e-05}]"}, {"source": 97, "prod": 0, "target": 21, "value": 1.0125709988700324e-05, "supply": "[{\"l\":'Labor',\"v\":1.0125709988700324e-05}]"}, {"source": 97, "prod": 0, "target": 6, "value": 0.0045768209148925459, "supply": "[{\"l\":'Labor',\"v\":0.0045768209148925459}]"}, {"source": 97, "prod": 0, "target": 22, "value": 0.00042527981952541355, "supply": "[{\"l\":'Labor',\"v\":0.00042527981952541355}]"}, {"source": 97, "prod": 0, "target": 26, "value": 5.0628549943501617e-05, "supply": "[{\"l\":'Labor',\"v\":5.0628549943501617e-05}]"}, {"source": 97, "prod": 0, "target": 28, "value": 5.0628549943501617e-05, "supply": "[{\"l\":'Labor',\"v\":5.0628549943501617e-05}]"}, {"source": 97, "prod": 0, "target": 11, "value": 0.046142860418507375, "supply": "[{\"l\":'Labor',\"v\":0.046142860418507375}]"}, {"source": 97, "prod": 0, "target": 39, "value": 0.00059741688933331904, "supply": "[{\"l\":'Labor',\"v\":0.00059741688933331904}]"}, {"source": 97, "prod": 0, "target": 79, "value": 2.0251419977400648e-05, "supply": "[{\"l\":'Labor',\"v\":2.0251419977400648e-05}]"}, {"source": 97, "prod": 0, "target": 15, "value": 0.00069867398922032233, "supply": "[{\"l\":'Labor',\"v\":0.00069867398922032233}]"}, {"source": 97, "prod": 0, "target": 32, "value": 0.0021567762275931687, "supply": "[{\"l\":'Labor',\"v\":0.0021567762275931687}]"}, {"source": 97, "prod": 0, "target": 77, "value": 0.0014783536583502471, "supply": "[{\"l\":'Labor',\"v\":0.0014783536583502471}]"}, {"source": 97, "prod": 0, "target": 16, "value": 0.0055590147837964775, "supply": "[{\"l\":'Labor',\"v\":0.0055590147837964775}]"}, {"source": 97, "prod": 0, "target": 33, "value": 0.00079993108910732561, "supply": "[{\"l\":'Labor',\"v\":0.00079993108910732561}]"}, {"source": 97, "prod": 0, "target": 3, "value": 0.096811913201963778, "supply": "[{\"l\":'Labor',\"v\":0.096811913201963778}]"}, {"source": 97, "prod": 0, "target": 35, "value": 9.1131389898302899e-05, "supply": "[{\"l\":'Labor',\"v\":9.1131389898302899e-05}]"}, {"source": 97, "prod": 0, "target": 36, "value": 0.00042527981952541355, "supply": "[{\"l\":'Labor',\"v\":0.00042527981952541355}]"}, {"source": 97, "prod": 0, "target": 20, "value": 0.0086979848802935765, "supply": "[{\"l\":'Labor',\"v\":0.0086979848802935765}]"}, {"source": 97, "prod": 0, "target": 7, "value": 0.00084043392906212673, "supply": "[{\"l\":'Labor',\"v\":0.00084043392906212673}]"}, {"source": 97, "prod": 0, "target": 80, "value": 2.0251419977400648e-05, "supply": "[{\"l\":'Labor',\"v\":2.0251419977400648e-05}]"}, {"source": 97, "prod": 0, "target": 85, "value": 3.0377129966100969e-05, "supply": "[{\"l\":'Labor',\"v\":3.0377129966100969e-05}]"}, {"source": 97, "prod": 0, "target": 41, "value": 0.0028048216668699897, "supply": "[{\"l\":'Labor',\"v\":0.0028048216668699897}]"}, {"source": 97, "prod": 0, "target": 42, "value": 0.00012150851986440387, "supply": "[{\"l\":'Labor',\"v\":0.00012150851986440387}]"}, {"source": 97, "prod": 0, "target": 14, "value": 0.0012859651685649409, "supply": "[{\"l\":'Labor',\"v\":0.0012859651685649409}]"}, {"source": 97, "prod": 0, "target": 23, "value": 1.0125709988700324e-05, "supply": "[{\"l\":'Labor',\"v\":1.0125709988700324e-05}]"}, {"source": 97, "prod": 0, "target": 4, "value": 0.0033313585862824063, "supply": "[{\"l\":'Labor',\"v\":0.0033313585862824063}]"}, {"source": 97, "prod": 0, "target": 49, "value": 0.0005569140493785177, "supply": "[{\"l\":'Labor',\"v\":0.0005569140493785177}]"}, {"source": 97, "prod": 0, "target": 5, "value": 0.01816552371972838, "supply": "[{\"l\":'Labor',\"v\":0.01816552371972838}]"}, {"source": 97, "prod": 0, "target": 51, "value": 4.0502839954801296e-05, "supply": "[{\"l\":'Labor',\"v\":4.0502839954801296e-05}]"}, {"source": 97, "prod": 0, "target": 52, "value": 1.0125709988700324e-05, "supply": "[{\"l\":'Labor',\"v\":1.0125709988700324e-05}]"}, {"source": 97, "prod": 0, "target": 92, "value": 0.00014954894752542005, "supply": "[{\"l\":'Labor',\"v\":0.00014954894752542005}]"}, {"source": 97, "prod": 0, "target": 55, "value": 0.0003037712996610097, "supply": "[{\"l\":'Labor',\"v\":0.0003037712996610097}]"}, {"source": 97, "prod": 0, "target": 10, "value": 6.0754259932201937e-05, "supply": "[{\"l\":'Labor',\"v\":6.0754259932201937e-05}]"}, {"source": 97, "prod": 0, "target": 17, "value": 0.00021263990976270677, "supply": "[{\"l\":'Labor',\"v\":0.00021263990976270677}]"}, {"source": 97, "prod": 0, "target": 81, "value": 0.058425346634800868, "supply": "[{\"l\":'Labor',\"v\":0.058425346634800868}]"}, {"source": 97, "prod": 0, "target": 58, "value": 0.00024301703972880775, "supply": "[{\"l\":'Labor',\"v\":0.00024301703972880775}]"}, {"source": 97, "prod": 0, "target": 61, "value": 0.0014884793683389477, "supply": "[{\"l\":'Labor',\"v\":0.0014884793683389477}]"}, {"source": 97, "prod": 0, "target": 63, "value": 4.0502839954801296e-05, "supply": "[{\"l\":'Labor',\"v\":4.0502839954801296e-05}]"}, {"source": 97, "prod": 0, "target": 64, "value": 0.00020251419977400647, "supply": "[{\"l\":'Labor',\"v\":0.00020251419977400647}]"}, {"source": 97, "prod": 0, "target": 65, "value": 0.0033313585862824063, "supply": "[{\"l\":'Labor',\"v\":0.0033313585862824063}]"}, {"source": 97, "prod": 0, "target": 8, "value": 5.0628549943501617e-05, "supply": "[{\"l\":'Labor',\"v\":5.0628549943501617e-05}]"}, {"source": 97, "prod": 0, "target": 53, "value": 0.00024301703972880775, "supply": "[{\"l\":'Labor',\"v\":0.00024301703972880775}]"}, {"source": 97, "prod": 0, "target": 13, "value": 0.022377819075027713, "supply": "[{\"l\":'Labor',\"v\":0.022377819075027713}]"}, {"source": 97, "prod": 0, "target": 72, "value": 0.0022276561975140708, "supply": "[{\"l\":'Labor',\"v\":0.0022276561975140708}]"}, {"source": 97, "prod": 0, "target": 75, "value": 0.0014479765283841462, "supply": "[{\"l\":'Labor',\"v\":0.0014479765283841462}]"}, {"source": 97, "prod": 0, "target": 56, "value": 0.0041819182253332336, "supply": "[{\"l\":'Labor',\"v\":0.0041819182253332336}]"}, {"source": 94, "prod": 0, "target": 88, "value": 13.84826400918805, "supply": "[{\"l\":'Fossil Fuels',\"v\":13.84826400918805}]"}, {"source": 95, "prod": 0, "target": 88, "value": 3.5447727365676553, "supply": "[{\"l\":'Renewables & Nuclear',\"v\":2.7108251510586814},{\"l\":'Biomass & Waste',\"v\":0.83394758550897397}]"}]}