{"nodes": [{"layer": 13, "name": "Milk - Excluding Butter"}, {"layer": 10, "name": "Feed", "fill": "#dbdb8d"}, {"layer": 5, "name": "Oilcrops", "fill": "#ff9896"}, {"layer": 5, "name": "Starchy Roots"}, {"layer": 5, "name": "Pulses"}, {"layer": 13, "name": "Fish, Seafood"}, {"layer": 5, "name": "Cereals - Excluding Beer"}, {"layer": 16, "name": "Food", "fill": "#b5cf6b"}, {"layer": 13, "name": "Meat"}, {"layer": 5, "name": "Treenuts"}, {"layer": 5, "name": "Vegetables"}, {"layer": 5, "name": "Others"}, {"layer": 13, "name": "Alcoholic Beverages"}, {"layer": 13, "name": "Animal Fats"}, {"layer": 13, "name": "Aquatic Products, Other"}, {"layer": 13, "name": "Sugar & Sweeteners"}, {"layer": 5, "name": "Fruits - Excluding Wine"}, {"layer": 13, "name": "Vegetable Oils", "fill": "#f7b6d2"}, {"layer": 5, "name": "Spices"}, {"layer": 5, "name": "Stimulants"}, {"layer": 13, "name": "Eggs"}, {"layer": 10, "name": "Processing", "fill": "#9edae5"}, {"layer": 5, "name": "Sugar Crops", "fill": "#ffbb78"}, {"layer": 16, "name": "Biofuels & Other", "fill": "#e7ba52"}, {"name": "Waste", "fill": "#c7c7c7"}, {"layer": 2, "name": "Import", "fill": "#aec7e8"}, {"layer": 16, "name": "Export", "fill": "#aec7e8"}, {"layer": 0, "name": "Stock Draw", "fill": "#c7c7c7"}, {"layer": 16, "name": "Stock Deposit", "fill": "#c7c7c7"}, {"layer": 2, "name": "Electricity", "fill": "#bcbd22"}, {"layer": 0, "name": "Fossil Fuels", "fill": "#c49c94"}, {"layer": 0, "name": "Renewables & Nuclear", "fill": "#2ca02c"}, {"layer": 2, "name": "Fertilizers", "fill": "#c5b0d5"}, {"layer": 0, "name": "Labor", "fill": "#7f7f7f"}], "links": [{"source": 0, "prod": 196.0, "target": 1, "value": 0.1145516918818434, "supply": [{"l": "Milk - Excluding Butter", "v": 0.1145516918818434}]}, {"source": 2, "prod": 50.0, "target": 1, "value": 0.29660693319355769, "supply": [{"l": "Sunflower seed", "v": 0.048980961444807694}, {"l": "Oilcrops, Other", "v": 0.24762597174875001}]}, {"source": 3, "prod": 30.0, "target": 1, "value": 0.022951943828411432, "supply": [{"l": "Potatoes", "v": 0.022951943828411432}]}, {"source": 4, "prod": 34.0, "target": 1, "value": 0.14141992818797153, "supply": [{"l": "Peas", "v": 0.082723401551230785}, {"l": "Pulses, Other", "v": 0.058696526636740742}]}, {"source": 5, "prod": 122.0, "target": 1, "value": 0.13174244629226828, "supply": [{"l": "Pelagic Fish", "v": 0.073826376670434776}, {"l": "Marine Fish, Other", "v": 0.00077652743753963414}, {"l": "Fish, Seafood", "v": 0.057139542184293887}]}, {"source": 6, "prod": 3931.0, "target": 1, "value": 12.71148510556757, "supply": [{"l": "Maize", "v": 1.3944982259971013}, {"l": "Wheat", "v": 5.5646539023178647}, {"l": "Oats", "v": 0.27319414139183168}, {"l": "Rye", "v": 0.16289017410715115}, {"l": "Millet", "v": 0.0032225998297748847}, {"l": "Barley", "v": 4.4082865300326928}, {"l": "Rice", "v": 0.0040577365118492645}, {"l": "Cereals, Other", "v": 0.90068179537930437}]}, {"source": 0, "prod": 2207.0, "target": 7, "value": 1.2898754284858591, "supply": [{"l": "Milk - Excluding Butter", "v": 1.2898754284858591}]}, {"source": 8, "prod": 942.0, "target": 7, "value": 1.5553488704778866, "supply": [{"l": "Pigmeat", "v": 0.92071004561550462}, {"l": "Mutton & Goat Meat", "v": 0.0047166851761666672}, {"l": "Poultry Meat", "v": 0.41709943817140255}, {"l": "Meat, Other", "v": 0.052380668280308483}, {"l": "Offals, Edible", "v": 0.060987357234189965}, {"l": "Bovine Meat", "v": 0.099454676000314282}]}, {"source": 9, "prod": 17.0, "target": 7, "value": 0.056514980815635552, "supply": [{"l": "Treenuts", "v": 0.056514980815635552}]}, {"source": 4, "prod": 31.0, "target": 7, "value": 0.12858851582700201, "supply": [{"l": "Peas", "v": 0.082723401551230785}, {"l": "Beans", "v": 0.012324241911919356}, {"l": "Pulses, Other", "v": 0.033540872363851858}]}, {"source": 10, "prod": 808.0, "target": 7, "value": 0.23870965639492558, "supply": [{"l": "Tomatoes", "v": 0.025973461610416602}, {"l": "Vegetables, Other", "v": 0.18234974973757556}, {"l": "Onions", "v": 0.030386445046933414}]}, {"source": 11, "prod": 20.0, "target": 7, "value": 0.069181737762801176, "supply": [{"l": "Infant food", "v": 0.012324241911919356}, {"l": "Nuts", "v": 0.056857495850881817}]}, {"source": 12, "prod": 1837.0, "target": 7, "value": 1.2334633951743146, "supply": [{"l": "Beer", "v": 0.94664028534006062}, {"l": "Beverages, Alcoholic", "v": 0.18668425532486932}, {"l": "Wine", "v": 0.10013885450938463}]}, {"source": 13, "prod": 130.0, "target": 7, "value": 0.83380644966815565, "supply": [{"l": "Butter, Ghee", "v": 0.38449332301114381}, {"l": "Fats, Animals, Raw", "v": 0.35816700837742199}, {"l": "Cream", "v": 0.091146118279589794}]}, {"source": 3, "prod": 795.0, "target": 7, "value": 0.60822651145290296, "supply": [{"l": "Potatoes", "v": 0.60822651145290296}]}, {"source": 5, "prod": 204.0, "target": 7, "value": 0.1918425360401215, "supply": [{"l": "Crustaceans", "v": 0.00093671380629989972}, {"l": "Marine Fish, Other", "v": 0.013200966438173782}, {"l": "Demersal Fish", "v": 0.017351892910861314}, {"l": "Freshwater Fish", "v": 0.021742768251109757}, {"l": "Pelagic Fish", "v": 0.043065386391086952}, {"l": "Fish, Seafood", "v": 0.09554480824258979}]}, {"source": 14, "prod": 2.0, "target": 7, "value": 0.0018734276125997994, "supply": [{"l": "Aquatic Products, Other", "v": 0.00093671380629989972}, {"l": "Aquatic Animals, Others", "v": 0.00093671380629989972}]}, {"source": 15, "prod": 385.0, "target": 7, "value": 1.3135884554381829, "supply": [{"l": "Sugar", "v": 1.1534316692231572}, {"l": "Sweeteners, Other", "v": 0.13468668626372568}, {"l": "Honey", "v": 0.025470099951300007}]}, {"source": 6, "prod": 1334.0, "target": 7, "value": 4.2454552462400574, "supply": [{"l": "Rye", "v": 0.41759117362015119}, {"l": "Barley", "v": 0.0032653974296538461}, {"l": "Rice", "v": 0.1704249334976691}, {"l": "Cereals, Other", "v": 0.059061101336347822}, {"l": "Wheat", "v": 3.5740977064030175}, {"l": "Oats", "v": 0.02101493395321782}]}, {"source": 16, "prod": 713.0, "target": 7, "value": 0.30999116637681329, "supply": [{"l": "Plantains", "v": 0.00049293031690230804}, {"l": "Citrus, Other", "v": 0.00098586063380461607}, {"l": "Grapes", "v": 0.025941768468916666}, {"l": "Dates", "v": 0.00049293031690230804}, {"l": "Apples", "v": 0.078045026765888204}, {"l": "Lemons, Limes", "v": 0.0042965755653340092}, {"l": "Pineapples", "v": 0.0084298203148510647}, {"l": "Bananas", "v": 0.0522101771854903}, {"l": "Fruits, Other", "v": 0.082535286937129054}, {"l": "Grapefruit", "v": 0.004400322146057927}, {"l": "Oranges, Mandarines", "v": 0.052160467725536883}]}, {"source": 17, "prod": 174.0, "target": 7, "value": 1.798163792512721, "supply": [{"l": "Groundnut Oil", "v": 0.010612541646375}, {"l": "Soyabean Oil", "v": 0.21429170632103364}, {"l": "Palm Oil", "v": 0.24932756070470888}, {"l": "Sunflowerseed Oil", "v": 0.35119010219695551}, {"l": "Olive Oil", "v": 0.030872848425818184}, {"l": "Rape and Mustard Oil", "v": 0.94186903321782967}]}, {"source": 18, "prod": 8.0, "target": 7, "value": 0.032102938480284379, "supply": [{"l": "Pimento", "v": 0.027857921821734376}, {"l": "Pepper", "v": 0.00424501665855}]}, {"source": 19, "prod": 62.0, "target": 7, "value": 0.16185022656737394, "supply": [{"l": "Cocoa Beans", "v": 0.14263255972727998}, {"l": "Coffee", "v": 0.017258428382301641}, {"l": "Tea", "v": 0.0019592384577923078}]}, {"source": 20, "prod": 143.0, "target": 7, "value": 0.23013577435729943, "supply": [{"l": "Eggs", "v": 0.23013577435729943}]}, {"source": 2, "prod": 29.0, "target": 7, "value": 0.099488492639413548, "supply": [{"l": "Olives", "v": 0.0043538632395384615}, {"l": "Coconuts - Incl Copra", "v": 0.01681194716257426}, {"l": "Groundnuts", "v": 0.059127017744089294}, {"l": "Oilcrops, Other", "v": 0.0070750277642500003}, {"l": "Soyabeans", "v": 0.0097961922889615374}, {"l": "Rape and Mustardseed", "v": 0.0023244444400000001}]}, {"source": 2, "prod": 819.57805907172997, "target": 21, "value": 1.274387361516343, "supply": [{"l": "Sunflower seed", "v": 0.21878162778680771}, {"l": "Soyabeans", "v": 0.14041208947511541}, {"l": "Sesame seed", "v": 0.0032653974296538461}, {"l": "Rape and Mustardseed", "v": 0.7949599984800001}, {"l": "Groundnuts", "v": 0.019709005914696431}, {"l": "Oilcrops, Other", "v": 0.014150055528500001}, {"l": "Oil Palm", "v": 0.083109186901569543}]}, {"source": 10, "prod": 9.0, "target": 21, "value": 0.0027675341444151429, "supply": [{"l": "Vegetables, Other", "v": 0.0027675341444151429}]}, {"source": 12, "prod": 49.0, "target": 21, "value": 0.039570998959353607, "supply": [{"l": "Wine", "v": 0.039570998959353607}]}, {"source": 22, "prod": 3496.0, "target": 21, "value": 4.0631288811199999, "supply": [{"l": "Sugar beet", "v": 4.0631288811199999}]}, {"source": 3, "prod": 36.0, "target": 21, "value": 0.027542332594093721, "supply": [{"l": "Potatoes", "v": 0.026777267799813341}, {"l": "Cassava", "v": 0.00076506479428038103}]}, {"source": 15, "prod": 7.0, "target": 21, "value": 0.025470099951300007, "supply": [{"l": "Sugar", "v": 0.025470099951300007}]}, {"source": 6, "prod": 468.0, "target": 21, "value": 1.5305581234755077, "supply": [{"l": "Maize", "v": 0.087156139124818829}, {"l": "Wheat", "v": 0.13355169365562877}, {"l": "Cereals, Other", "v": 0.0036913188335217389}, {"l": "Barley", "v": 1.3061589718615383}]}, {"source": 16, "prod": 107.0, "target": 21, "value": 0.079164493974868619, "supply": [{"l": "Apples", "v": 0.0047459813573850936}, {"l": "Fruits, Other", "v": 0.003668234974983513}, {"l": "Grapes", "v": 0.070750277642500012}]}, {"source": 8, "prod": 16.0, "target": 21, "value": 0.019405790439085711, "supply": [{"l": "Bovine Meat", "v": 0.019405790439085711}]}, {"source": 2, "prod": 9.0, "target": 23, "value": 0.059865619543653846, "supply": [{"l": "Cottonseed", "v": 0.0032653974296538461}, {"l": "Oilcrops, Other", "v": 0.056600222114000003}]}, {"source": 12, "prod": 18.0, "target": 23, "value": 0.014536285332007449, "supply": [{"l": "Alcohol, Non-Food", "v": 0.014536285332007449}]}, {"source": 13, "prod": 94.0, "target": 23, "value": 0.78296973924366664, "supply": [{"l": "Fats, Animals, Raw", "v": 0.78296973924366664}]}, {"source": 0, "prod": 15.0, "target": 23, "value": 0.0087667111134063832, "supply": [{"l": "Milk - Excluding Butter", "v": 0.0087667111134063832}]}, {"source": 6, "prod": 137.0, "target": 23, "value": 0.41775574953656858, "supply": [{"l": "Wheat", "v": 0.34023883859886372}, {"l": "Oats", "v": 0.033623894325148521}, {"l": "Rye", "v": 0.017769837175325584}, {"l": "Barley", "v": 0.026123179437230769}]}, {"source": 15, "prod": 28.0, "target": 23, "value": 0.061823396973513418, "supply": [{"l": "Sweeteners, Other", "v": 0.061823396973513418}]}, {"source": 17, "prod": 101.0, "target": 23, "value": 1.0382427534300855, "supply": [{"l": "Soyabean Oil", "v": 0.37756157780372601}, {"l": "Coconut Oil", "v": 0.020679329809091519}, {"l": "Rape and Mustard Oil", "v": 0.24840501974975726}, {"l": "Oilcrops Oil, Other", "v": 0.10188039980520001}, {"l": "Palm Oil", "v": 0.072720538538873419}, {"l": "Palmkernel Oil", "v": 0.082717319236366077}, {"l": "Sunflowerseed Oil", "v": 0.13427856848707123}]}, {"source": 18, "prod": 1.0, "target": 23, "value": 0.003859106053227273, "supply": [{"l": "Spices, Other", "v": 0.003859106053227273}]}, {"source": 3, "prod": 128.0, "target": 3, "value": 0.097928293667888772, "supply": [{"l": "Potatoes", "v": 0.097928293667888772}]}, {"source": 6, "prod": 351.0, "target": 6, "value": 1.1178743102809083, "supply": [{"l": "Maize", "v": 0.045321192344905795}, {"l": "Wheat", "v": 0.60416242368022532}, {"l": "Oats", "v": 0.02942090753450495}, {"l": "Rye", "v": 0.044424592938313953}, {"l": "Barley", "v": 0.34286673011365387}, {"l": "Cereals, Other", "v": 0.051678463669304342}]}, {"source": 20, "prod": 17.0, "target": 20, "value": 0.027358798350168457, "supply": [{"l": "Eggs", "v": 0.027358798350168457}]}, {"source": 4, "prod": 8.0, "target": 4, "value": 0.033145799588412253, "supply": [{"l": "Peas", "v": 0.028953190542930773}, {"l": "Pulses, Other", "v": 0.0041926090454814822}]}, {"source": 2, "prod": 5.0, "target": 2, "value": 0.012120636728961538, "supply": [{"l": "Sunflower seed", "v": 0.0065307948593076922}, {"l": "Soyabeans", "v": 0.0032653974296538461}, {"l": "Rape and Mustardseed", "v": 0.0023244444400000001}]}, {"source": 0, "prod": 15.0, "target": 24, "value": 0.0087667111134063832, "supply": [{"l": "Milk - Excluding Butter", "v": 0.0087667111134063832}]}, {"source": 2, "prod": 7.0, "target": 24, "value": 0.010238730749653847, "supply": [{"l": "Soyabeans", "v": 0.0032653974296538461}, {"l": "Rape and Mustardseed", "v": 0.0069733333200000004}]}, {"source": 10, "prod": 29.0, "target": 24, "value": 0.008690786555433018, "supply": [{"l": "Vegetables, Other", "v": 0.0073800910517737147}, {"l": "Onions", "v": 0.00070666151271938174}, {"l": "Tomatoes", "v": 0.00060403399093992096}]}, {"source": 13, "prod": 1.0, "target": 24, "value": 0.002223076055599751, "supply": [{"l": "Cream", "v": 0.002223076055599751}]}, {"source": 3, "prod": 7.0, "target": 24, "value": 0.005355453559962667, "supply": [{"l": "Potatoes", "v": 0.005355453559962667}]}, {"source": 4, "prod": 5.0, "target": 24, "value": 0.020737289355727637, "supply": [{"l": "Peas", "v": 0.016544680310246154}, {"l": "Pulses, Other", "v": 0.0041926090454814822}]}, {"source": 16, "prod": 42.0, "target": 24, "value": 0.024610671695647162, "supply": [{"l": "Bananas", "v": 0.01199422989396399}, {"l": "Apples", "v": 0.0063279751431801253}, {"l": "Fruits, Other", "v": 0.0055023524624752693}, {"l": "Grapes", "v": 0.00078611419602777775}]}, {"source": 6, "prod": 77.0, "target": 24, "value": 0.24526824590779006, "supply": [{"l": "Maize", "v": 0.0034862455649927538}, {"l": "Wheat", "v": 0.15581030926490022}, {"l": "Oats", "v": 0.0021014933953217825}, {"l": "Rye", "v": 0.026654755762988369}, {"l": "Barley", "v": 0.0424501665855}, {"l": "Cereals, Other", "v": 0.014765275334086956}]}, {"source": 20, "prod": 3.0, "target": 24, "value": 0.0048280232382650222, "supply": [{"l": "Eggs", "v": 0.0048280232382650222}]}, {"source": 25, "prod": 19.0, "target": 11, "value": 0.066600701241180366, "supply": [{"l": "Nuts", "v": 0.050168378691954549}, {"l": "Infant food", "v": 0.01643232254922581}]}, {"source": 25, "prod": 1081.0, "target": 1, "value": 1.0811877703217676, "supply": [{"l": "Freshwater Fish", "v": 0.0062122195003170731}, {"l": "Pigmeat", "v": 0.29955237013039371}, {"l": "Meat, Other", "v": 0.0026190334140154242}, {"l": "Crustaceans", "v": 0.00093671380629989972}, {"l": "Aquatic Products, Other", "v": 0.00093671380629989972}, {"l": "Marine Fish, Other", "v": 0.015530548750792683}, {"l": "Demersal Fish", "v": 0.021070155677474455}, {"l": "Poultry Meat", "v": 0.088054325836185013}, {"l": "Milk - Excluding Butter", "v": 0.26884580747779574}, {"l": "Pelagic Fish", "v": 0.12427440072856522}, {"l": "Fish, Seafood", "v": 0.15268435042688366}, {"l": "Molluscs, Other", "v": 0.00093671380629989972}, {"l": "Aquatic Animals, Others", "v": 0.00093671380629989972}, {"l": "Offals, Edible", "v": 0.027249670253574235}, {"l": "Bovine Meat", "v": 0.027895823756185711}, {"l": "Eggs", "v": 0.043452209144385197}]}, {"source": 25, "prod": 361.0, "target": 6, "value": 1.193027075719568, "supply": [{"l": "Maize", "v": 0.094128630254804349}, {"l": "Rye", "v": 0.029616395292209302}, {"l": "Barley", "v": 0.12081970489719231}, {"l": "Rice", "v": 0.19882908908061395}, {"l": "Cereals, Other", "v": 0.025839231834652171}, {"l": "Wheat", "v": 0.69955649057710323}, {"l": "Oats", "v": 0.02101493395321782}, {"l": "Millet", "v": 0.0032225998297748847}]}, {"source": 25, "prod": 13.0, "target": 4, "value": 0.054109364990639203, "supply": [{"l": "Peas", "v": 0.0041361700775615386}, {"l": "Beans", "v": 0.01643232254922581}, {"l": "Pulses, Other", "v": 0.033540872363851858}]}, {"source": 25, "prod": 589.0, "target": 21, "value": 3.0525990219720547, "supply": [{"l": "Alcohol, Non-Food", "v": 0.002422714222001241}, {"l": "Sugar", "v": 0.22923089956170006}, {"l": "Beer", "v": 0.0097003525321163533}, {"l": "Beverages, Alcoholic", "v": 0.076056548465687504}, {"l": "Fats, Animals, Raw", "v": 0.29153128588859928}, {"l": "Soyabean Oil", "v": 0.57144455018942319}, {"l": "Butter, Ghee", "v": 0.058509853501695804}, {"l": "Palm Oil", "v": 0.45710052795863299}, {"l": "Sunflowerseed Oil", "v": 0.23756977501558754}, {"l": "Olive Oil", "v": 0.041163797901090912}, {"l": "Coconut Oil", "v": 0.020679329809091519}, {"l": "Rape and Mustard Oil", "v": 0.51751045781199434}, {"l": "Oilcrops Oil, Other", "v": 0.081504319844160011}, {"l": "Wine", "v": 0.097716140287383388}, {"l": "Sweeteners, Other", "v": 0.25391752328407302}, {"l": "Beverages, Fermented", "v": 0.0009849226585962878}, {"l": "Honey", "v": 0.0072771714146571444}, {"l": "Palmkernel Oil", "v": 0.082717319236366077}, {"l": "Cream", "v": 0.015561532389198256}]}, {"source": 25, "prod": 15.0, "target": 9, "value": 0.04986615954320784, "supply": [{"l": "Treenuts", "v": 0.04986615954320784}]}, {"source": 25, "prod": 648.0, "target": 10, "value": 0.18714055253634559, "supply": [{"l": "Tomatoes", "v": 0.025772116946769962}, {"l": "Vegetables, Other", "v": 0.15006185138606554}, {"l": "Onions", "v": 0.011306584203510108}]}, {"source": 25, "prod": 126.0, "target": 19, "value": 0.2928601126893024, "supply": [{"l": "Cocoa Beans", "v": 0.24960697952274}, {"l": "Coffee", "v": 0.040640815222839348}, {"l": "Tea", "v": 0.002612317943723077}]}, {"source": 25, "prod": 869.0, "target": 16, "value": 0.40713811171565462, "supply": [{"l": "Plantains", "v": 0.00049293031690230804}, {"l": "Citrus, Other", "v": 0.00098586063380461607}, {"l": "Grapefruit", "v": 0.0054356920627774393}, {"l": "Apples", "v": 0.056424445026689439}, {"l": "Grapes", "v": 0.053455765329888889}, {"l": "Dates", "v": 0.00049293031690230804}, {"l": "Lemons, Limes", "v": 0.0049840276557874498}, {"l": "Pineapples", "v": 0.010838340404808513}, {"l": "Bananas", "v": 0.12276447067939612}, {"l": "Fruits, Other", "v": 0.09216440374646076}, {"l": "Oranges, Mandarines", "v": 0.05909924554223675}]}, {"source": 25, "prod": 152.0, "target": 2, "value": 0.59766914745670452, "supply": [{"l": "Olives", "v": 0.0054423290494230768}, {"l": "Sunflower seed", "v": 0.091431128030307687}, {"l": "Coconuts - Incl Copra", "v": 0.020174336595089111}, {"l": "Sesame seed", "v": 0.0032653974296538461}, {"l": "Cottonseed", "v": 0.0032653974296538461}, {"l": "Groundnuts", "v": 0.091975360935250022}, {"l": "Oilcrops, Other", "v": 0.24762597174875001}, {"l": "Soyabeans", "v": 0.10775811517857693}, {"l": "Rape and Mustardseed", "v": 0.026731111060000003}]}, {"source": 25, "prod": 5.0, "target": 18, "value": 0.019922634999785797, "supply": [{"l": "Pimento", "v": 0.0079594062347812505}, {"l": "Pepper", "v": 0.00424501665855}, {"l": "Spices, Other", "v": 0.007718212106454546}]}, {"source": 25, "prod": 171.0, "target": 3, "value": 0.13082607982194516, "supply": [{"l": "Potatoes", "v": 0.13006101502766479}, {"l": "Cassava", "v": 0.00076506479428038103}]}, {"source": 0, "prod": 855.0, "target": 26, "value": 0.49970253346416382, "supply": [{"l": "Milk - Excluding Butter", "v": 0.49970253346416382}]}, {"source": 5, "prod": 50.0, "target": 26, "value": 0.047362213439728407, "supply": [{"l": "Marine Fish, Other", "v": 0.0015530548750792683}, {"l": "Demersal Fish", "v": 0.0037182627666131392}, {"l": "Freshwater Fish", "v": 0.010353699167195125}, {"l": "Pelagic Fish", "v": 0.0073826376670434778}, {"l": "Fish, Seafood", "v": 0.023417845157497497}, {"l": "Molluscs, Other", "v": 0.00093671380629989972}]}, {"source": 2, "prod": 353.0, "target": 26, "value": 0.73114522518992286, "supply": [{"l": "Olives", "v": 0.0010884658098846154}, {"l": "Sunflower seed", "v": 0.14694288433442307}, {"l": "Coconuts - Incl Copra", "v": 0.003362389432514852}, {"l": "Groundnuts", "v": 0.019709005914696431}, {"l": "Oilcrops, Other", "v": 0.24762597174875001}, {"l": "Soyabeans", "v": 0.0032653974296538461}, {"l": "Rape and Mustardseed", "v": 0.30915111051999999}]}, {"source": 9, "prod": 3.0, "target": 26, "value": 0.0099732319086415673, "supply": [{"l": "Treenuts", "v": 0.0099732319086415673}]}, {"source": 10, "prod": 97.0, "target": 26, "value": 0.027933820210052404, "supply": [{"l": "Vegetables, Other", "v": 0.022140273155321143}, {"l": "Tomatoes", "v": 0.0040268932729328058}, {"l": "Onions", "v": 0.0017666537817984545}]}, {"source": 12, "prod": 281.0, "target": 26, "value": 0.21147129128414699, "supply": [{"l": "Alcohol, Non-Food", "v": 0.0064605712586699761}, {"l": "Beer", "v": 0.14036980722944842}, {"l": "Beverages, Alcoholic", "v": 0.058770969268940342}, {"l": "Wine", "v": 0.002422714222001241}, {"l": "Beverages, Fermented", "v": 0.0034472293050870069}]}, {"source": 13, "prod": 39.0, "target": 26, "value": 0.21531224799276755, "supply": [{"l": "Butter, Ghee", "v": 0.10866115650314934}, {"l": "Fats, Animals, Raw", "v": 0.066635722488822685}, {"l": "Cream", "v": 0.040015369000795518}]}, {"source": 3, "prod": 133.0, "target": 26, "value": 0.10175361763929068, "supply": [{"l": "Potatoes", "v": 0.10175361763929068}]}, {"source": 4, "prod": 19.0, "target": 26, "value": 0.078643670441589181, "supply": [{"l": "Peas", "v": 0.074451061396107701}, {"l": "Pulses, Other", "v": 0.0041926090454814822}]}, {"source": 15, "prod": 450.0, "target": 26, "value": 1.5257762032667306, "supply": [{"l": "Sugar", "v": 1.342638126004243}, {"l": "Sweeteners, Other", "v": 0.17222232014050168}, {"l": "Honey", "v": 0.010915757121985717}]}, {"source": 11, "prod": 3.0, "target": 26, "value": 0.010033675738390908, "supply": [{"l": "Nuts", "v": 0.010033675738390908}]}, {"source": 6, "prod": 2612.0, "target": 26, "value": 8.358715553684517, "supply": [{"l": "Maize", "v": 0.31376210084934786}, {"l": "Rye", "v": 0.21323804610390695}, {"l": "Barley", "v": 2.5306830079817306}, {"l": "Rice", "v": 0.028404155582944849}, {"l": "Cereals, Other", "v": 0.084900333171}, {"l": "Wheat", "v": 5.0972229745231639}, {"l": "Oats", "v": 0.084059735812871281}, {"l": "Millet", "v": 0.0064451996595497694}]}, {"source": 17, "prod": 130.0, "target": 26, "value": 1.3453881803679197, "supply": [{"l": "Soyabean Oil", "v": 0.051021834838341357}, {"l": "Palm Oil", "v": 0.17660702216583546}, {"l": "Sunflowerseed Oil", "v": 0.030987361958554904}, {"l": "Rape and Mustard Oil", "v": 1.0867719614051881}]}, {"source": 18, "prod": 1.0, "target": 26, "value": 0.003859106053227273, "supply": [{"l": "Spices, Other", "v": 0.003859106053227273}]}, {"source": 19, "prod": 64.0, "target": 26, "value": 0.13100988612192846, "supply": [{"l": "Coffee", "v": 0.02338238684053771}, {"l": "Cocoa Beans", "v": 0.10697441979545999}, {"l": "Tea", "v": 0.00065307948593076924}]}, {"source": 20, "prod": 10.0, "target": 26, "value": 0.016093410794216743, "supply": [{"l": "Eggs", "v": 0.016093410794216743}]}, {"source": 16, "prod": 264.0, "target": 26, "value": 0.1405999399545253, "supply": [{"l": "Grapefruit", "v": 0.0010353699167195121}, {"l": "Grapes", "v": 0.0047166851761666663}, {"l": "Apples", "v": 0.037967850859080748}, {"l": "Lemons, Limes", "v": 0.00068745209045344136}, {"l": "Pineapples", "v": 0.0018063900674680853}, {"l": "Bananas", "v": 0.058560063599941828}, {"l": "Fruits, Other", "v": 0.028887350427995163}, {"l": "Oranges, Mandarines", "v": 0.0069387778166998607}]}, {"source": 8, "prod": 81.0, "target": 26, "value": 0.13432569950570286, "supply": [{"l": "Pigmeat", "v": 0.077185273285132125}, {"l": "Poultry Meat", "v": 0.043254756551108421}, {"l": "Meat, Other", "v": 0.0039285501210231362}, {"l": "Offals, Edible", "v": 0.0038928100362248912}, {"l": "Bovine Meat", "v": 0.0060643095122142852}]}, {"source": 27, "prod": 147.0, "target": 2, "value": 0.18346571759792307, "supply": [{"l": "Sunflower seed", "v": 0.019592384577923075}, {"l": "Rape and Mustardseed", "v": 0.16387333302000001}]}, {"source": 4, "prod": 10.0, "target": 28, "value": 0.041361700775615393, "supply": [{"l": "Peas", "v": 0.041361700775615393}]}, {"source": 6, "prod": 200.0, "target": 28, "value": 0.69724911299855064, "supply": [{"l": "Maize", "v": 0.69724911299855064}]}, {"source": 17, "prod": 10.0, "target": 28, "value": 0.10350209156239888, "supply": [{"l": "Rape and Mustard Oil", "v": 0.10350209156239888}]}, {"source": 2, "prod": 7.0, "target": 28, "value": 0.038096303345961535, "supply": [{"l": "Soyabeans", "v": 0.0097961922889615374}, {"l": "Oilcrops, Other", "v": 0.028300111057000001}]}, {"source": 27, "prod": 23.0, "target": 21, "value": 0.083687471268557162, "supply": [{"l": "Sugar", "v": 0.083687471268557162}]}, {"source": 3, "prod": 55.0, "target": 28, "value": 0.042078563685420962, "supply": [{"l": "Potatoes", "v": 0.042078563685420962}]}, {"source": 27, "prod": 1072.0, "target": 6, "value": 3.3776525064791381, "supply": [{"l": "Wheat", "v": 1.5899011149479614}, {"l": "Oats", "v": 0.10507466976608912}, {"l": "Rye", "v": 0.26654755762988375}, {"l": "Barley", "v": 1.3714669204546155}, {"l": "Rice", "v": 0.0040577365118492645}, {"l": "Cereals, Other", "v": 0.040604507168739125}]}, {"source": 1, "prod": 3288.0, "target": 0, "value": 1.9216630760586793, "supply": [{"l": "Milk - Excluding Butter", "v": 1.9216630760586793}]}, {"source": 1, "prod": 156.0, "target": 20, "value": 0.25105720838978118, "supply": [{"l": "Eggs", "v": 0.27841600673994965}]}, {"source": 1, "prod": 1039.0, "target": 8, "value": 1.7090803604226752, "supply": [{"l": "Pigmeat", "v": 0.99789531890063676}, {"l": "Bovine Meat", "v": 0.12492477595161428}, {"l": "Poultry Meat", "v": 0.46035419472251099}, {"l": "Offals, Edible", "v": 0.06488016727041486}, {"l": "Meat, Other", "v": 0.056309218401331622}, {"l": "Mutton & Goat Meat", "v": 0.0047166851761666672}]}, {"source": 1, "prod": 376.0, "target": 5, "value": 0.37094719577211815, "supply": [{"l": "Pelagic Fish", "v": 0.1242744007285652}, {"l": "Crustaceans", "v": 0.00093671380629989972}, {"l": "Freshwater Fish", "v": 0.03209646741830488}, {"l": "Molluscs, Other", "v": 0.00093671380629989972}, {"l": "Demersal Fish", "v": 0.021070155677474452}, {"l": "Fish, Seafood", "v": 0.17610219558438117}, {"l": "Marine Fish, Other", "v": 0.015530548750792683}]}, {"source": 1, "prod": 2.0, "target": 14, "value": 0.0018734276125997994, "supply": [{"l": "Aquatic Products, Other", "v": 0.00093671380629989972}, {"l": "Aquatic Animals, Others", "v": 0.00093671380629989972}]}, {"source": 21, "prod": 870.0, "target": 15, "value": 2.9266581556297266, "supply": [{"l": "Honey", "v": 0.036385857073285725}, {"l": "Sweeteners, Other", "v": 0.36873240337774077}, {"l": "Sugar", "v": 2.5215398951787003}]}, {"source": 21, "prod": 415.0, "target": 17, "value": 4.2852968178731254, "supply": [{"l": "Olive Oil", "v": 0.030872848425818184}, {"l": "Soyabean Oil", "v": 0.64287511896310101}, {"l": "Coconut Oil", "v": 0.020679329809091519}, {"l": "Rape and Mustard Oil", "v": 2.3805481059351736}, {"l": "Groundnut Oil", "v": 0.010612541646375}, {"l": "Palm Oil", "v": 0.49865512140941776}, {"l": "Palmkernel Oil", "v": 0.082717319236366077}, {"l": "Oilcrops Oil, Other", "v": 0.10188039980520001}, {"l": "Sunflowerseed Oil", "v": 0.51645603264258166}]}, {"source": 21, "prod": 264.0, "target": 13, "value": 1.8343115129601897, "supply": [{"l": "Fats, Animals, Raw", "v": 1.2077724701099113}, {"l": "Butter, Ghee", "v": 0.49315447951429314}, {"l": "Cream", "v": 0.13338456333598506}]}, {"source": 21, "prod": 2185.0, "target": 12, "value": 1.4990419707498226, "supply": [{"l": "Beer", "v": 1.087010092569509}, {"l": "Beverages, Alcoholic", "v": 0.24545522459380967}, {"l": "Alcohol, Non-Food", "v": 0.020996856590677425}, {"l": "Beverages, Fermented", "v": 0.0034472293050870069}, {"l": "Wine", "v": 0.14213256769073948}]}, {"source": 29, "prod": 0, "target": 2, "value": 0.0014552824432864549, "supply": "[{\"l\":'Energy for power irrigation',\"v\":0.0014552824432864549}]"}, {"source": 29, "prod": 0, "target": 9, "value": 1.6125684206684845e-05, "supply": "[{\"l\":'Energy for power irrigation',\"v\":1.6125684206684845e-05}]"}, {"source": 29, "prod": 0, "target": 10, "value": 0.00079854388191503349, "supply": "[{\"l\":'Energy for power irrigation',\"v\":0.00079854388191503349}]"}, {"source": 29, "prod": 0, "target": 22, "value": 0.0045100313589256169, "supply": "[{\"l\":'Energy for power irrigation',\"v\":0.0045100313589256169}]"}, {"source": 29, "prod": 0, "target": 3, "value": 0.0014171251280834642, "supply": "[{\"l\":'Energy for power irrigation',\"v\":0.0014171251280834642}]"}, {"source": 29, "prod": 0, "target": 4, "value": 0.00013094055575828094, "supply": "[{\"l\":'Energy for power irrigation',\"v\":0.00013094055575828094}]"}, {"source": 29, "prod": 0, "target": 11, "value": 1.8060766311487024e-05, "supply": "[{\"l\":'Energy for power irrigation',\"v\":1.8060766311487024e-05}]"}, {"source": 29, "prod": 0, "target": 6, "value": 0.01082807443110474, "supply": "[{\"l\":'Energy for power irrigation',\"v\":0.01082807443110474}]"}, {"source": 29, "prod": 0, "target": 18, "value": 9.0303831557435119e-06, "supply": "[{\"l\":'Energy for power irrigation',\"v\":9.0303831557435119e-06}]"}, {"source": 29, "prod": 0, "target": 16, "value": 0.00089271787768207297, "supply": "[{\"l\":'Energy for power irrigation',\"v\":0.00089271787768207297}]"}, {"source": 29, "prod": 0, "target": 21, "value": 1.0260000008207999, "supply": "[{\"l\":'Electricity',\"v\":1.0260000008207999}]"}, {"source": 30, "prod": 0, "target": 29, "value": 1.7577840348666751, "supply": [{"l": "Coal", "v": 1.7114100178106897}, {"l": "Natural gas", "v": 0.035418696064253193}, {"l": "Oil", "v": 0.010955320991732281}]}, {"source": 31, "prod": 0, "target": 29, "value": 0.35577236894254965, "supply": [{"l": "Nuclear", "v": 0.31577670995015672}, {"l": "Hydroelectric", "v": 0.03039261443227817}, {"l": "Renewable", "v": 0.009603044560114779}]}, {"source": 30, "prod": 0, "target": 2, "value": 0.75468897873169438, "supply": [{"l": "Gas-Diesel oil", "v": 0.28112567546390876}, {"l": "Natural gas (including LNG)", "v": 0.063292383490091031}, {"l": "Fuel oil", "v": 0.0072918601511397663}, {"l": "Liquefied petroleum gas (LPG)", "v": 0.0056915014050975404}, {"l": "Coal", "v": 0.0015522276559356927}, {"l": "Other fossil fuels", "v": 0.39573533056552163}]}, {"source": 30, "prod": 0, "target": 9, "value": 0.0083625527136915404, "supply": [{"l": "Gas-Diesel oil", "v": 0.0031150955512693063}, {"l": "Natural gas (including LNG)", "v": 0.00070132983020444652}, {"l": "Fuel oil", "v": 8.079959640758453e-05}, {"l": "Liquefied petroleum gas (LPG)", "v": 6.3066351651464494e-05}, {"l": "Coal", "v": 1.7199914086763044e-05}, {"l": "Other fossil fuels", "v": 0.0043850614700719753}]}, {"source": 30, "prod": 0, "target": 10, "value": 0.41411361038200506, "supply": [{"l": "Gas-Diesel oil", "v": 0.15425953169885606}, {"l": "Natural gas (including LNG)", "v": 0.03472985319172419}, {"l": "Fuel oil", "v": 0.0040011960141035858}, {"l": "Liquefied petroleum gas (LPG)", "v": 0.0031230457337805217}, {"l": "Coal", "v": 0.00085173974557650593}, {"l": "Other fossil fuels", "v": 0.2171482439979642}]}, {"source": 30, "prod": 0, "target": 22, "value": 2.3388387429652502, "supply": [{"l": "Gas-Diesel oil", "v": 0.87122992377899966}, {"l": "Natural gas (including LNG)", "v": 0.19614792691157962}, {"l": "Fuel oil", "v": 0.022598031123273243}, {"l": "Liquefied petroleum gas (LPG)", "v": 0.01763839722988159}, {"l": "Coal", "v": 0.0048104719717858881}, {"l": "Other fossil fuels", "v": 1.2264139919497301}]}, {"source": 30, "prod": 0, "target": 3, "value": 0.73490113247921263, "supply": [{"l": "Gas-Diesel oil", "v": 0.27375459704554667}, {"l": "Natural gas (including LNG)", "v": 0.061632865478366765}, {"l": "Fuel oil", "v": 0.0071006685322985291}, {"l": "Liquefied petroleum gas (LPG)", "v": 0.0055422709831307003}, {"l": "Coal", "v": 0.0015115284499447365}, {"l": "Other fossil fuels", "v": 0.38535920198992518}]}, {"source": 30, "prod": 0, "target": 4, "value": 0.067903928035175309, "supply": [{"l": "Gas-Diesel oil", "v": 0.02529457587630677}, {"l": "Natural gas (including LNG)", "v": 0.0056947982212601058}, {"l": "Fuel oil", "v": 0.00065609272282958638}, {"l": "Liquefied petroleum gas (LPG)", "v": 0.00051209877540989168}, {"l": "Coal", "v": 0.00013966330238451591}, {"l": "Other fossil fuels", "v": 0.035606699136984436}]}, {"source": 30, "prod": 0, "target": 11, "value": 0.0093660590393345247, "supply": [{"l": "Gas-Diesel oil", "v": 0.0034889070174216235}, {"l": "Natural gas (including LNG)", "v": 0.00078548940982898011}, {"l": "Fuel oil", "v": 9.0495547976494672e-05}, {"l": "Liquefied petroleum gas (LPG)", "v": 7.0634313849640234e-05}, {"l": "Coal", "v": 1.9263903777174608e-05}, {"l": "Other fossil fuels", "v": 0.0049112688464806121}]}, {"source": 30, "prod": 0, "target": 6, "value": 5.6152868961895956, "supply": [{"l": "Gas-Diesel oil", "v": 2.0917243607663143}, {"l": "Natural gas (including LNG)", "v": 0.47092895438568178}, {"l": "Fuel oil", "v": 0.054255312995764866}, {"l": "Liquefied petroleum gas (LPG)", "v": 0.042347793806925382}, {"l": "Coal", "v": 0.011549398310979651}, {"l": "Other fossil fuels", "v": 2.9444810759239299}]}, {"source": 30, "prod": 0, "target": 18, "value": 0.0046830295196672624, "supply": [{"l": "Gas-Diesel oil", "v": 0.0017444535087108117}, {"l": "Natural gas (including LNG)", "v": 0.00039274470491449005}, {"l": "Fuel oil", "v": 4.5247773988247336e-05}, {"l": "Liquefied petroleum gas (LPG)", "v": 3.5317156924820117e-05}, {"l": "Coal", "v": 9.6319518885873041e-06}, {"l": "Other fossil fuels", "v": 0.002455634423240306}]}, {"source": 30, "prod": 0, "target": 16, "value": 0.4629509182299637, "supply": [{"l": "Gas-Diesel oil", "v": 0.17245168971826882}, {"l": "Natural gas (including LNG)", "v": 0.03882561940011816}, {"l": "Fuel oil", "v": 0.0044730656571238796}, {"l": "Liquefied petroleum gas (LPG)", "v": 0.0034913532274250749}, {"l": "Coal", "v": 0.0009521872438432022}, {"l": "Other fossil fuels", "v": 0.24275700298318456}]}, {"source": 32, "prod": 20.748013388895135, "target": 2, "value": 0.30348579601344716, "supply": [{"l": "Potash", "v": 0.074055366725910968}, {"l": "Phosphate", "v": 0.1825070001460056}, {"l": "Nitrogen", "v": 3.9470379198242966}]}, {"source": 32, "prod": 0.22990445144780375, "target": 9, "value": 0.0033628634292291217, "supply": [{"l": "Potash", "v": 0.074055366725910968}, {"l": "Phosphate", "v": 0.1825070001460056}, {"l": "Nitrogen", "v": 3.9470379198242966}]}, {"source": 32, "prod": 11.384868435695243, "target": 10, "value": 0.16652899701542612, "supply": [{"l": "Potash", "v": 0.074055366725910968}, {"l": "Phosphate", "v": 0.1825070001460056}, {"l": "Nitrogen", "v": 3.9470379198242966}]}, {"source": 32, "prod": 64.29967698092176, "target": 22, "value": 0.94052564388680082, "supply": [{"l": "Potash", "v": 0.074055366725910968}, {"l": "Phosphate", "v": 0.1825070001460056}, {"l": "Nitrogen", "v": 3.9470379198242966}]}, {"source": 32, "prod": 20.204003193232996, "target": 3, "value": 0.29552843816065522, "supply": [{"l": "Potash", "v": 0.074055366725910968}, {"l": "Phosphate", "v": 0.1825070001460056}, {"l": "Nitrogen", "v": 3.9470379198242966}]}, {"source": 32, "prod": 1.8668241457561665, "target": 4, "value": 0.02730645104534047, "supply": [{"l": "Potash", "v": 0.074055366725910968}, {"l": "Phosphate", "v": 0.1825070001460056}, {"l": "Nitrogen", "v": 3.9470379198242966}]}, {"source": 32, "prod": 0.25749298562154022, "target": 11, "value": 0.0037664070407366162, "supply": [{"l": "Potash", "v": 0.074055366725910968}, {"l": "Phosphate", "v": 0.1825070001460056}, {"l": "Nitrogen", "v": 3.9470379198242966}]}, {"source": 32, "prod": 154.37624105817127, "target": 6, "value": 2.2580955354587711, "supply": [{"l": "Potash", "v": 0.074055366725910968}, {"l": "Phosphate", "v": 0.1825070001460056}, {"l": "Nitrogen", "v": 3.9470379198242966}]}, {"source": 32, "prod": 0.12874649281077011, "target": 18, "value": 0.0018832035203683081, "supply": [{"l": "Potash", "v": 0.074055366725910968}, {"l": "Phosphate", "v": 0.1825070001460056}, {"l": "Nitrogen", "v": 3.9470379198242966}]}, {"source": 32, "prod": 12.727510432150416, "target": 16, "value": 0.18616811944212419, "supply": [{"l": "Potash", "v": 0.074055366725910968}, {"l": "Phosphate", "v": 0.1825070001460056}, {"l": "Nitrogen", "v": 3.9470379198242966}]}, {"source": 30, "prod": 0, "target": 32, "value": 5.0221076121918049, "supply": [{"l": "Natural gas (including LNG)", "v": 3.3998349699341825}, {"l": "Fuel oil", "v": 0.92455006624393565}, {"l": "Liquefied petroleum gas (LPG)", "v": 0.34886128800684324}, {"l": "Coal", "v": 0.34886128800684324}]}, {"source": 33, "prod": 0, "target": 3, "value": 0.023744167743338051, "supply": "[{\"l\":'Labor',\"v\":0.023744167743338051}]"}, {"source": 33, "prod": 0, "target": 2, "value": 0.02438349992005313, "supply": "[{\"l\":'Labor',\"v\":0.02438349992005313}]"}, {"source": 33, "prod": 0, "target": 9, "value": 0.00027018852689278616, "supply": "[{\"l\":'Labor',\"v\":0.00027018852689278616}]"}, {"source": 33, "prod": 0, "target": 10, "value": 0.013379735851730771, "supply": "[{\"l\":'Labor',\"v\":0.013379735851730771}]"}, {"source": 33, "prod": 0, "target": 22, "value": 0.075566327201374447, "supply": "[{\"l\":'Labor',\"v\":0.075566327201374447}]"}, {"source": 33, "prod": 0, "target": 4, "value": 0.002193930838369424, "supply": "[{\"l\":'Labor',\"v\":0.002193930838369424}]"}, {"source": 33, "prod": 0, "target": 11, "value": 0.0003026111501199205, "supply": "[{\"l\":'Labor',\"v\":0.0003026111501199205}]"}, {"source": 33, "prod": 0, "target": 6, "value": 0.18142619203796809, "supply": "[{\"l\":'Labor',\"v\":0.18142619203796809}]"}, {"source": 33, "prod": 0, "target": 18, "value": 0.00015130557505996025, "supply": "[{\"l\":'Labor',\"v\":0.00015130557505996025}]"}, {"source": 33, "prod": 0, "target": 19, "value": 0.0013617501755396424, "supply": "[{\"l\":'Labor',\"v\":0.0013617501755396424}]"}, {"source": 33, "prod": 0, "target": 16, "value": 0.014957636848784643, "supply": "[{\"l\":'Labor',\"v\":0.014957636848784643}]"}, {"source": 30, "prod": 0, "target": 25, "value": 14.043839969259336, "supply": "[{\"l\":'Fossil Fuels',\"v\":14.043839969259336}]"}, {"source": 31, "prod": 0, "target": 25, "value": 3.146460315217364, "supply": "[{\"l\":'Renewables & Nuclear',\"v\":2.4944748808641566},{\"l\":'Biomass & Waste',\"v\":0.65198543435320733}]"}]}