{"nodes": [{"layer": 13, "name": "Milk - Excluding Butter"}, {"layer": 10, "name": "Feed", "fill": "#dbdb8d"}, {"layer": 5, "name": "Oilcrops", "fill": "#ff9896"}, {"layer": 5, "name": "Sugar Crops", "fill": "#ffbb78"}, {"layer": 5, "name": "Starchy Roots"}, {"layer": 5, "name": "Pulses"}, {"layer": 13, "name": "Fish, Seafood"}, {"layer": 5, "name": "Cereals - Excluding Beer"}, {"layer": 16, "name": "Food", "fill": "#b5cf6b"}, {"layer": 5, "name": "Treenuts"}, {"layer": 5, "name": "Vegetables"}, {"layer": 5, "name": "Others"}, {"layer": 13, "name": "Animal Fats"}, {"layer": 13, "name": "Sugar & Sweeteners"}, {"layer": 13, "name": "Alcoholic Beverages"}, {"layer": 13, "name": "Vegetable Oils", "fill": "#f7b6d2"}, {"layer": 5, "name": "Spices"}, {"layer": 5, "name": "Stimulants"}, {"layer": 13, "name": "Eggs"}, {"layer": 5, "name": "Fruits - Excluding Wine"}, {"layer": 13, "name": "Meat"}, {"layer": 10, "name": "Processing", "fill": "#9edae5"}, {"layer": 16, "name": "Biofuels & Other", "fill": "#e7ba52"}, {"name": "Seed", "fill": "#dbdb8d"}, {"name": "Waste", "fill": "#c7c7c7"}, {"layer": 0, "name": "Import", "fill": "#aec7e8"}, {"layer": 16, "name": "Export", "fill": "#aec7e8"}, {"layer": 0, "name": "Stock Draw", "fill": "#c7c7c7"}, {"layer": 16, "name": "Stock Deposit", "fill": "#c7c7c7"}, {"layer": 0, "name": "Production", "fill": "#b5cf6b"}], "links": [{"source": 0, "prod": 0.29568684438539089, "target": 1, "value": 523.0, "supply": [{"l": "Milk - Excluding Butter", "v": 523.0}]}, {"source": 2, "prod": 0.033605655491300006, "target": 1, "value": 10.0, "supply": [{"l": "Rape and Mustardseed", "v": 7.0}, {"l": "Oilcrops, Other", "v": 3.0}]}, {"source": 3, "prod": 0.0034866666600000002, "target": 1, "value": 3.0, "supply": [{"l": "Sugar beet", "v": 3.0}]}, {"source": 4, "prod": 0.43573553838375345, "target": 1, "value": 568.0, "supply": [{"l": "Potatoes", "v": 567.0}, {"l": "Cassava", "v": 1.0}]}, {"source": 5, "prod": 0.10741818849614088, "target": 1, "value": 28.0, "supply": [{"l": "Peas", "v": 19.0}, {"l": "Beans", "v": 1.0}, {"l": "Pulses, Other", "v": 8.0}]}, {"source": 6, "prod": 0.1609487687871177, "target": 1, "value": 168.0, "supply": [{"l": "Pelagic Fish", "v": 80.0}, {"l": "Marine Fish, Other", "v": 4.0}, {"l": "Fish, Seafood", "v": 84.0}]}, {"source": 7, "prod": 13.246306178431588, "target": 1, "value": 4394.0, "supply": [{"l": "Maize", "v": 285.0}, {"l": "Wheat", "v": 2242.0}, {"l": "Oats", "v": 154.0}, {"l": "Rye", "v": 60.0}, {"l": "Millet", "v": 5.0}, {"l": "Barley", "v": 1579.0}, {"l": "Rice", "v": 4.0}, {"l": "Cereals, Other", "v": 65.0}]}, {"source": 0, "prod": 1.1443024341033101, "target": 8, "value": 2024.0, "supply": [{"l": "Milk - Excluding Butter", "v": 2024.0}]}, {"source": 6, "prod": 0.16765521897892718, "target": 8, "value": 198.0, "supply": [{"l": "Marine Fish, Other", "v": 18.0}, {"l": "Demersal Fish", "v": 33.0}, {"l": "Freshwater Fish", "v": 15.0}, {"l": "Pelagic Fish", "v": 32.0}, {"l": "Fish, Seafood", "v": 99.0}, {"l": "Molluscs, Other", "v": 1.0}]}, {"source": 2, "prod": 0.075890630142822768, "target": 8, "value": 21.0, "supply": [{"l": "Olives", "v": 1.0}, {"l": "Coconuts - Incl Copra", "v": 9.0}, {"l": "Oilcrops, Other", "v": 1.0}, {"l": "Soyabeans", "v": 1.0}, {"l": "Groundnuts", "v": 7.0}, {"l": "Rape and Mustardseed", "v": 2.0}]}, {"source": 9, "prod": 0.057088155063258615, "target": 8, "value": 15.0, "supply": [{"l": "Treenuts", "v": 15.0}]}, {"source": 10, "prod": 0.23681404865492489, "target": 8, "value": 803.0, "supply": [{"l": "Vegetables, Other", "v": 613.0}, {"l": "Tomatoes", "v": 73.0}, {"l": "Onions", "v": 117.0}]}, {"source": 11, "prod": 0.060272272318263979, "target": 8, "value": 16.0, "supply": [{"l": "Infant food", "v": 1.0}, {"l": "Nuts", "v": 15.0}]}, {"source": 12, "prod": 0.73701780178693266, "target": 8, "value": 103.0, "supply": [{"l": "Fats, Animals, Raw", "v": 39.0}, {"l": "Butter, Ghee", "v": 43.0}, {"l": "Cream", "v": 21.0}]}, {"source": 4, "prod": 0.63979478699304648, "target": 8, "value": 834.0, "supply": [{"l": "Potatoes", "v": 834.0}]}, {"source": 5, "prod": 0.07685551781316978, "target": 8, "value": 20.0, "supply": [{"l": "Peas", "v": 9.0}, {"l": "Beans", "v": 2.0}, {"l": "Pulses, Other", "v": 9.0}]}, {"source": 13, "prod": 1.7368175233914782, "target": 8, "value": 531.0, "supply": [{"l": "Sugar", "v": 447.0}, {"l": "Sweeteners, Other", "v": 80.0}, {"l": "Honey", "v": 4.0}]}, {"source": 14, "prod": 1.2500439852062051, "target": 8, "value": 1759.0, "supply": [{"l": "Beer", "v": 1611.0}, {"l": "Beverages, Alcoholic", "v": 82.0}, {"l": "Wine", "v": 66.0}]}, {"source": 7, "prod": 4.2726028645360374, "target": 8, "value": 1384.0, "supply": [{"l": "Rye", "v": 242.0}, {"l": "Rice", "v": 49.0}, {"l": "Cereals, Other", "v": 9.0}, {"l": "Wheat", "v": 1081.0}, {"l": "Oats", "v": 3.0}]}, {"source": 15, "prod": 1.6671736635780889, "target": 8, "value": 161.0, "supply": [{"l": "Groundnut Oil", "v": 4.0}, {"l": "Soyabean Oil", "v": 19.0}, {"l": "Palm Oil", "v": 13.0}, {"l": "Sunflowerseed Oil", "v": 11.0}, {"l": "Rape and Mustard Oil", "v": 112.0}, {"l": "Oilcrops Oil, Other", "v": 2.0}]}, {"source": 16, "prod": 0.040796263991259747, "target": 8, "value": 10.0, "supply": [{"l": "Pepper", "v": 1.0}, {"l": "Pimento", "v": 9.0}]}, {"source": 17, "prod": 0.060012422123711565, "target": 8, "value": 59.0, "supply": [{"l": "Cocoa Beans", "v": 20.0}, {"l": "Coffee", "v": 35.0}, {"l": "Tea", "v": 4.0}]}, {"source": 18, "prod": 0.20672719679348314, "target": 8, "value": 129.0, "supply": [{"l": "Eggs", "v": 129.0}]}, {"source": 19, "prod": 0.43006159951272716, "target": 8, "value": 866.0, "supply": [{"l": "Grapes", "v": 60.0}, {"l": "Lemons, Limes", "v": 17.0}, {"l": "Pineapples", "v": 9.0}, {"l": "Bananas", "v": 132.0}, {"l": "Fruits, Other", "v": 213.0}, {"l": "Grapefruit", "v": 8.0}, {"l": "Oranges, Mandarines", "v": 243.0}, {"l": "Apples", "v": 184.0}]}, {"source": 20, "prod": 1.5115864467435145, "target": 8, "value": 921.0, "supply": [{"l": "Meat, Other", "v": 35.0}, {"l": "Mutton & Goat Meat", "v": 4.0}, {"l": "Pigmeat", "v": 513.0}, {"l": "Poultry Meat", "v": 155.0}, {"l": "Offals, Edible", "v": 55.0}, {"l": "Bovine Meat", "v": 159.0}]}, {"source": 2, "prod": 0.91539213100308603, "target": 21, "value": 527.76923076923072, "supply": [{"l": "Sunflower seed", "v": 42.0}, {"l": "Soyabeans", "v": 12.0}, {"l": "Rape and Mustardseed", "v": 448.0}, {"l": "Groundnuts", "v": 10.0}, {"l": "Oilcrops, Other", "v": 1.0}, {"l": "Oil Palm", "v": 14.769230769230758}]}, {"source": 10, "prod": 0.00088005570369399969, "target": 21, "value": 3.0, "supply": [{"l": "Vegetables, Other", "v": 3.0}]}, {"source": 14, "prod": 0.030151520191570101, "target": 21, "value": 38.0, "supply": [{"l": "Wine", "v": 38.0}]}, {"source": 3, "prod": 4.9522288794200007, "target": 21, "value": 4261.0, "supply": [{"l": "Sugar beet", "v": 4261.0}]}, {"source": 4, "prod": 0.10586532446647531, "target": 21, "value": 138.0, "supply": [{"l": "Potatoes", "v": 136.0}, {"l": "Cassava", "v": 2.0}]}, {"source": 19, "prod": 0.054366304915555268, "target": 21, "value": 86.0, "supply": [{"l": "Fruits, Other", "v": 16.0}, {"l": "Grapes", "v": 70.0}]}, {"source": 7, "prod": 1.169381109441991, "target": 21, "value": 397.0, "supply": [{"l": "Maize", "v": 26.0}, {"l": "Wheat", "v": 29.0}, {"l": "Barley", "v": 342.0}]}, {"source": 20, "prod": 0.0072724490451473063, "target": 21, "value": 6.0, "supply": [{"l": "Bovine Meat", "v": 6.0}]}, {"source": 0, "prod": 0.027137607132884833, "target": 22, "value": 48.0, "supply": [{"l": "Milk - Excluding Butter", "v": 48.0}]}, {"source": 2, "prod": 0.0084900333171, "target": 22, "value": 1.0, "supply": [{"l": "Oilcrops, Other", "v": 1.0}]}, {"source": 12, "prod": 1.1738580184755929, "target": 22, "value": 139.0, "supply": [{"l": "Fats, Animals, Raw", "v": 138.0}, {"l": "Fish, Body Oil", "v": 1.0}]}, {"source": 4, "prod": 0.010739960453120685, "target": 22, "value": 14.0, "supply": [{"l": "Potatoes", "v": 14.0}]}, {"source": 13, "prod": 0.48530866123422972, "target": 22, "value": 141.0, "supply": [{"l": "Sugar", "v": 141.0}]}, {"source": 14, "prod": 0.011108454807420563, "target": 22, "value": 14.0, "supply": [{"l": "Alcohol, Non-Food", "v": 14.0}]}, {"source": 7, "prod": 0.29637821117943935, "target": 22, "value": 103.0, "supply": [{"l": "Wheat", "v": 44.0}, {"l": "Oats", "v": 35.0}, {"l": "Rye", "v": 23.0}, {"l": "Barley", "v": 1.0}]}, {"source": 15, "prod": 0.64786687291705425, "target": 22, "value": 63.0, "supply": [{"l": "Coconut Oil", "v": 6.0}, {"l": "Rape and Mustard Oil", "v": 36.0}, {"l": "Oilcrops Oil, Other", "v": 7.0}, {"l": "Palmkernel Oil", "v": 1.0}, {"l": "Sunflowerseed Oil", "v": 13.0}]}, {"source": 16, "prod": 0.0041414796668780484, "target": 22, "value": 1.0, "supply": [{"l": "Spices, Other", "v": 1.0}]}, {"source": 4, "prod": 0.22784058961263168, "target": 23, "value": 297.0, "supply": [{"l": "Potatoes", "v": 297.0}]}, {"source": 7, "prod": 1.1366626054379465, "target": 23, "value": 380.0, "supply": [{"l": "Maize", "v": 13.0}, {"l": "Wheat", "v": 183.0}, {"l": "Barley", "v": 141.0}, {"l": "Oats", "v": 16.0}, {"l": "Rye", "v": 25.0}, {"l": "Cereals, Other", "v": 2.0}]}, {"source": 18, "prod": 0.014422827683266266, "target": 18, "value": 9.0, "supply": [{"l": "Eggs", "v": 9.0}]}, {"source": 5, "prod": 0.019078726555280898, "target": 23, "value": 5.0, "supply": [{"l": "Peas", "v": 5.0}]}, {"source": 2, "prod": 0.0023244444400000001, "target": 23, "value": 2.0, "supply": [{"l": "Rape and Mustardseed", "v": 2.0}]}, {"source": 0, "prod": 0.053144480635232784, "target": 24, "value": 94.0, "supply": [{"l": "Milk - Excluding Butter", "v": 94.0}]}, {"source": 2, "prod": 0.031027493789880359, "target": 24, "value": 17.0, "supply": [{"l": "Sunflower seed", "v": 1.0}, {"l": "Rape and Mustardseed", "v": 15.0}, {"l": "Oilcrops, Other", "v": 1.0}]}, {"source": 10, "prod": 0.024072324762372477, "target": 24, "value": 82.0, "supply": [{"l": "Vegetables, Other", "v": 77.0}, {"l": "Onions", "v": 3.0}, {"l": "Tomatoes", "v": 2.0}]}, {"source": 4, "prod": 0.013808520582583736, "target": 24, "value": 18.0, "supply": [{"l": "Potatoes", "v": 18.0}]}, {"source": 5, "prod": 0.026797935460406049, "target": 24, "value": 7.0, "supply": [{"l": "Peas", "v": 6.0}, {"l": "Pulses, Other", "v": 1.0}]}, {"source": 19, "prod": 0.03132244974377428, "target": 24, "value": 53.0, "supply": [{"l": "Bananas", "v": 15.0}, {"l": "Apples", "v": 15.0}, {"l": "Fruits, Other", "v": 20.0}, {"l": "Grapes", "v": 3.0}]}, {"source": 7, "prod": 0.33596457567612592, "target": 24, "value": 111.0, "supply": [{"l": "Cereals, Other", "v": 2.0}, {"l": "Wheat", "v": 78.0}, {"l": "Oats", "v": 1.0}, {"l": "Rye", "v": 14.0}, {"l": "Barley", "v": 16.0}]}, {"source": 18, "prod": 0.0048076092277554222, "target": 24, "value": 3.0, "supply": [{"l": "Eggs", "v": 3.0}]}, {"source": 25, "prod": 0.050174134256538029, "target": 11, "value": 13.0, "supply": [{"l": "Nuts", "v": 11.0}, {"l": "Infant food", "v": 2.0}]}, {"source": 25, "prod": 0.45588749913133525, "target": 1, "value": 514.0, "supply": [{"l": "Freshwater Fish", "v": 2.0}, {"l": "Meat, Other", "v": 2.0}, {"l": "Eggs", "v": 5.0}, {"l": "Marine Fish, Other", "v": 23.0}, {"l": "Demersal Fish", "v": 37.0}, {"l": "Pigmeat", "v": 16.0}, {"l": "Poultry Meat", "v": 14.0}, {"l": "Milk - Excluding Butter", "v": 107.0}, {"l": "Pelagic Fish", "v": 114.0}, {"l": "Fish, Seafood", "v": 177.0}, {"l": "Molluscs, Other", "v": 1.0}, {"l": "Offals, Edible", "v": 11.0}, {"l": "Bovine Meat", "v": 5.0}]}, {"source": 25, "prod": 1.895383923124885, "target": 7, "value": 588.0, "supply": [{"l": "Maize", "v": 153.0}, {"l": "Rye", "v": 162.0}, {"l": "Barley", "v": 140.0}, {"l": "Rice", "v": 69.0}, {"l": "Cereals, Other", "v": 19.0}, {"l": "Wheat", "v": 45.0}]}, {"source": 25, "prod": 0.076482238380566475, "target": 5, "value": 20.0, "supply": [{"l": "Peas", "v": 6.0}, {"l": "Beans", "v": 5.0}, {"l": "Pulses, Other", "v": 9.0}]}, {"source": 25, "prod": 1.5304720346917273, "target": 21, "value": 296.0, "supply": [{"l": "Sugar", "v": 24.0}, {"l": "Beer", "v": 17.0}, {"l": "Beverages, Alcoholic", "v": 22.0}, {"l": "Fats, Animals, Raw", "v": 25.0}, {"l": "Soyabean Oil", "v": 27.0}, {"l": "Butter, Ghee", "v": 1.0}, {"l": "Palm Oil", "v": 25.0}, {"l": "Sunflowerseed Oil", "v": 15.0}, {"l": "Coconut Oil", "v": 6.0}, {"l": "Rape and Mustard Oil", "v": 11.0}, {"l": "Oilcrops Oil, Other", "v": 7.0}, {"l": "Wine", "v": 54.0}, {"l": "Sweeteners, Other", "v": 57.0}, {"l": "Beverages, Fermented", "v": 1.0}, {"l": "Fish, Body Oil", "v": 1.0}, {"l": "Honey", "v": 1.0}, {"l": "Palmkernel Oil", "v": 1.0}, {"l": "Cream", "v": 1.0}]}, {"source": 25, "prod": 0.041864647046389661, "target": 9, "value": 11.0, "supply": [{"l": "Treenuts", "v": 11.0}]}, {"source": 25, "prod": 0.085497222384623262, "target": 10, "value": 306.0, "supply": [{"l": "Tomatoes", "v": 51.0}, {"l": "Vegetables, Other", "v": 236.0}, {"l": "Onions", "v": 19.0}]}, {"source": 25, "prod": 0.083084648141594122, "target": 17, "value": 73.0, "supply": [{"l": "Coffee", "v": 38.0}, {"l": "Cocoa Beans", "v": 31.0}, {"l": "Tea", "v": 4.0}]}, {"source": 25, "prod": 0.3403971693181338, "target": 19, "value": 711.0, "supply": [{"l": "Grapefruit", "v": 15.0}, {"l": "Grapes", "v": 64.0}, {"l": "Apples", "v": 59.0}, {"l": "Lemons, Limes", "v": 18.0}, {"l": "Pineapples", "v": 10.0}, {"l": "Bananas", "v": 148.0}, {"l": "Fruits, Other", "v": 109.0}, {"l": "Oranges, Mandarines", "v": 288.0}]}, {"source": 25, "prod": 0.37806012988805826, "target": 2, "value": 78.0, "supply": [{"l": "Olives", "v": 1.0}, {"l": "Sunflower seed", "v": 26.0}, {"l": "Coconuts - Incl Copra", "v": 10.0}, {"l": "Groundnuts", "v": 22.0}, {"l": "Oilcrops, Other", "v": 4.0}, {"l": "Soyabeans", "v": 13.0}, {"l": "Rape and Mustardseed", "v": 2.0}]}, {"source": 25, "prod": 0.022065480952424929, "target": 16, "value": 5.0, "supply": [{"l": "Pimento", "v": 2.0}, {"l": "Pepper", "v": 1.0}, {"l": "Spices, Other", "v": 2.0}]}, {"source": 25, "prod": 0.10970102462830413, "target": 4, "value": 143.0, "supply": [{"l": "Potatoes", "v": 139.0}, {"l": "Cassava", "v": 4.0}]}, {"source": 0, "prod": 0.32225908470300729, "target": 26, "value": 570.0, "supply": [{"l": "Milk - Excluding Butter", "v": 570.0}]}, {"source": 6, "prod": 0.02794616463988028, "target": 26, "value": 30.0, "supply": [{"l": "Marine Fish, Other", "v": 1.0}, {"l": "Demersal Fish", "v": 3.0}, {"l": "Freshwater Fish", "v": 9.0}, {"l": "Pelagic Fish", "v": 2.0}, {"l": "Fish, Seafood", "v": 15.0}]}, {"source": 20, "prod": 0.031875603752772694, "target": 26, "value": 21.0, "supply": [{"l": "Meat, Other", "v": 3.0}, {"l": "Pigmeat", "v": 6.0}, {"l": "Poultry Meat", "v": 6.0}, {"l": "Bovine Meat", "v": 4.0}, {"l": "Offals, Edible", "v": 2.0}]}, {"source": 9, "prod": 0.0038058770042172412, "target": 26, "value": 1.0, "supply": [{"l": "Treenuts", "v": 1.0}]}, {"source": 10, "prod": 0.0037319586567453981, "target": 26, "value": 14.0, "supply": [{"l": "Vegetables, Other", "v": 9.0}, {"l": "Tomatoes", "v": 4.0}, {"l": "Onions", "v": 1.0}]}, {"source": 11, "prod": 0.0084203909856398213, "target": 26, "value": 2.0, "supply": [{"l": "Nuts", "v": 1.0}, {"l": "Infant food", "v": 1.0}]}, {"source": 3, "prod": 0.060435555440000004, "target": 26, "value": 52.0, "supply": [{"l": "Sugar beet", "v": 52.0}]}, {"source": 14, "prod": 0.19666033654735504, "target": 26, "value": 255.0, "supply": [{"l": "Alcohol, Non-Food", "v": 25.0}, {"l": "Beer", "v": 212.0}, {"l": "Beverages, Alcoholic", "v": 16.0}, {"l": "Wine", "v": 1.0}, {"l": "Beverages, Fermented", "v": 1.0}]}, {"source": 12, "prod": 0.26198483000449774, "target": 26, "value": 32.0, "supply": [{"l": "Fats, Animals, Raw", "v": 4.0}, {"l": "Butter, Ghee", "v": 27.0}, {"l": "Cream", "v": 1.0}]}, {"source": 4, "prod": 0.02147992090624137, "target": 26, "value": 28.0, "supply": [{"l": "Potatoes", "v": 28.0}]}, {"source": 5, "prod": 0.29382669084529528, "target": 26, "value": 77.0, "supply": [{"l": "Peas", "v": 72.0}, {"l": "Beans", "v": 2.0}, {"l": "Pulses, Other", "v": 3.0}]}, {"source": 13, "prod": 0.20573510860631039, "target": 26, "value": 70.0, "supply": [{"l": "Sugar", "v": 37.0}, {"l": "Sweeteners, Other", "v": 31.0}, {"l": "Honey", "v": 2.0}]}, {"source": 7, "prod": 1.5085059844770232, "target": 26, "value": 498.0, "supply": [{"l": "Maize", "v": 1.0}, {"l": "Rye", "v": 2.0}, {"l": "Barley", "v": 186.0}, {"l": "Rice", "v": 16.0}, {"l": "Cereals, Other", "v": 22.0}, {"l": "Wheat", "v": 266.0}, {"l": "Oats", "v": 5.0}]}, {"source": 19, "prod": 0.1037902759887209, "target": 26, "value": 206.0, "supply": [{"l": "Grapefruit", "v": 7.0}, {"l": "Grapes", "v": 1.0}, {"l": "Apples", "v": 111.0}, {"l": "Lemons, Limes", "v": 1.0}, {"l": "Pineapples", "v": 1.0}, {"l": "Bananas", "v": 1.0}, {"l": "Fruits, Other", "v": 39.0}, {"l": "Oranges, Mandarines", "v": 45.0}]}, {"source": 15, "prod": 0.85959644862473839, "target": 26, "value": 83.0, "supply": [{"l": "Soyabean Oil", "v": 9.0}, {"l": "Palm Oil", "v": 15.0}, {"l": "Sunflowerseed Oil", "v": 10.0}, {"l": "Rape and Mustard Oil", "v": 46.0}, {"l": "Oilcrops Oil, Other", "v": 3.0}]}, {"source": 16, "prod": 0.0082829593337560969, "target": 26, "value": 2.0, "supply": [{"l": "Spices, Other", "v": 2.0}]}, {"source": 17, "prod": 0.023579093678604938, "target": 26, "value": 15.0, "supply": [{"l": "Coffee", "v": 4.0}, {"l": "Cocoa Beans", "v": 11.0}]}, {"source": 18, "prod": 0.019230436911021689, "target": 26, "value": 12.0, "supply": [{"l": "Eggs", "v": 12.0}]}, {"source": 2, "prod": 0.39973826265391765, "target": 26, "value": 185.0, "supply": [{"l": "Sunflower seed", "v": 4.0}, {"l": "Coconuts - Incl Copra", "v": 1.0}, {"l": "Groundnuts", "v": 8.0}, {"l": "Oilcrops, Other", "v": 17.0}, {"l": "Rape and Mustardseed", "v": 155.0}]}, {"source": 27, "prod": 0.18717464329290717, "target": 2, "value": 109.0, "supply": [{"l": "Groundnuts", "v": 3.0}, {"l": "Oilcrops, Other", "v": 6.0}, {"l": "Rape and Mustardseed", "v": 100.0}]}, {"source": 5, "prod": 0.057236179665842705, "target": 28, "value": 15.0, "supply": [{"l": "Peas", "v": 15.0}]}, {"source": 7, "prod": 0.39652314696910229, "target": 28, "value": 137.0, "supply": [{"l": "Barley", "v": 137.0}]}, {"source": 2, "prod": 0.086770161937266083, "target": 28, "value": 17.0, "supply": [{"l": "Sunflower seed", "v": 17.0}]}, {"source": 4, "prod": 0.034521301456459347, "target": 28, "value": 45.0, "supply": [{"l": "Potatoes", "v": 45.0}]}, {"source": 27, "prod": 0.47099943781910786, "target": 7, "value": 153.0, "supply": [{"l": "Maize", "v": 3.0}, {"l": "Wheat", "v": 150.0}]}, {"source": 29, "prod": 0.022835262025303452, "target": 9, "value": 6.0, "supply": [{"l": "Treenuts", "v": 6.0}]}, {"source": 29, "prod": 0.17954385121856237, "target": 10, "value": 595.0, "supply": [{"l": "Tomatoes", "v": 28.0}, {"l": "Vegetables, Other", "v": 467.0}, {"l": "Onions", "v": 100.0}]}, {"source": 29, "prod": 5.0161511015200002, "target": 3, "value": 4316.0, "supply": [{"l": "Sugar beet", "v": 4316.0}]}, {"source": 29, "prod": 1.3808520582583736, "target": 4, "value": 1800.0, "supply": [{"l": "Potatoes", "v": 1800.0}]}, {"source": 29, "prod": 0.50473100045556918, "target": 5, "value": 132.0, "supply": [{"l": "Peas", "v": 120.0}, {"l": "Pulses, Other", "v": 12.0}]}, {"source": 29, "prod": 0.022222234856838927, "target": 11, "value": 6.0, "supply": [{"l": "Nuts", "v": 6.0}]}, {"source": 29, "prod": 19.98987443575264, "target": 7, "value": 6661.0, "supply": [{"l": "Maize", "v": 169.0}, {"l": "Rye", "v": 204.0}, {"l": "Barley", "v": 2262.0}, {"l": "Cereals, Other", "v": 80.0}, {"l": "Wheat", "v": 3727.0}, {"l": "Oats", "v": 214.0}, {"l": "Millet", "v": 5.0}]}, {"source": 29, "prod": 0.027013742372590913, "target": 16, "value": 7.0, "supply": [{"l": "Pimento", "v": 7.0}]}, {"source": 29, "prod": 0.27860768204107922, "target": 19, "value": 499.0, "supply": [{"l": "Grapes", "v": 70.0}, {"l": "Apples", "v": 251.0}, {"l": "Fruits, Other", "v": 178.0}]}, {"source": 29, "prod": 0.98305152015943253, "target": 2, "value": 593.76923076923072, "supply": [{"l": "Sunflower seed", "v": 38.0}, {"l": "Oilcrops, Other", "v": 13.0}, {"l": "Soyabeans", "v": 1.0}, {"l": "Rape and Mustardseed", "v": 527.0}, {"l": "Oil Palm", "v": 14.769230769230758}]}, {"source": 1, "prod": 1.8425304509598259, "target": 0, "value": 3259.0, "supply": [{"l": "Milk - Excluding Butter", "v": 3259.0}]}, {"source": 1, "prod": 0.23076524293226025, "target": 18, "value": 144.0, "supply": [{"l": "Eggs", "v": 153.0}]}, {"source": 1, "prod": 1.5507344995414345, "target": 20, "value": 948.0, "supply": [{"l": "Pigmeat", "v": 519.0}, {"l": "Bovine Meat", "v": 169.0}, {"l": "Poultry Meat", "v": 161.0}, {"l": "Offals, Edible", "v": 57.0}, {"l": "Meat, Other", "v": 38.0}, {"l": "Mutton & Goat Meat", "v": 4.0}]}, {"source": 1, "prod": 0.35655015240592514, "target": 6, "value": 396.0, "supply": [{"l": "Pelagic Fish", "v": 114.0}, {"l": "Freshwater Fish", "v": 24.0}, {"l": "Molluscs, Other", "v": 1.0}, {"l": "Demersal Fish", "v": 36.0}, {"l": "Fish, Seafood", "v": 198.0}, {"l": "Marine Fish, Other", "v": 23.0}]}, {"source": 21, "prod": 2.4278612932320183, "target": 13, "value": 742.0, "supply": [{"l": "Honey", "v": 6.0}, {"l": "Sweeteners, Other", "v": 111.0}, {"l": "Sugar", "v": 625.0}]}, {"source": 21, "prod": 3.1746369851198817, "target": 15, "value": 307.0, "supply": [{"l": "Soyabean Oil", "v": 28.0}, {"l": "Coconut Oil", "v": 6.0}, {"l": "Rape and Mustard Oil", "v": 194.0}, {"l": "Groundnut Oil", "v": 4.0}, {"l": "Palm Oil", "v": 28.0}, {"l": "Palmkernel Oil", "v": 1.0}, {"l": "Oilcrops Oil, Other", "v": 12.0}, {"l": "Sunflowerseed Oil", "v": 34.0}]}, {"source": 21, "prod": 1.4879642967525508, "target": 14, "value": 2066.0, "supply": [{"l": "Beer", "v": 1823.0}, {"l": "Beverages, Alcoholic", "v": 98.0}, {"l": "Alcohol, Non-Food", "v": 39.0}, {"l": "Beverages, Fermented", "v": 1.0}, {"l": "Wine", "v": 105.0}]}, {"source": 21, "prod": 2.1728606502670234, "target": 12, "value": 274.0, "supply": [{"l": "Fats, Animals, Raw", "v": 181.0}, {"l": "Fish, Body Oil", "v": 1.0}, {"l": "Butter, Ghee", "v": 70.0}, {"l": "Cream", "v": 22.0}]}]}