{"nodes": [{"layer": 5, "name": "Maize"}, {"layer": 10, "name": "Feed", "fill": "#dbdb8d"}, {"layer": 5, "name": "Cassava"}, {"layer": 13, "name": "Pelagic Fish"}, {"layer": 5, "name": "Wheat"}, {"layer": 5, "name": "Oats"}, {"layer": 5, "name": "Potatoes"}, {"layer": 5, "name": "Rye"}, {"layer": 5, "name": "Peas"}, {"layer": 5, "name": "Millet"}, {"layer": 13, "name": "Milk - Excluding Butter"}, {"layer": 13, "name": "Marine Fish, Other"}, {"layer": 5, "name": "Barley"}, {"layer": 13, "name": "Fish, Seafood"}, {"layer": 5, "name": "Sugar beet"}, {"layer": 5, "name": "Beans"}, {"layer": 5, "name": "Oilcrops, Other"}, {"layer": 5, "name": "Rice"}, {"layer": 5, "name": "Cereals, Other"}, {"layer": 5, "name": "Pulses, Other"}, {"layer": 5, "name": "Rape and Mustardseed"}, {"layer": 5, "name": "Olives"}, {"layer": 16, "name": "Food", "fill": "#b5cf6b"}, {"layer": 5, "name": "Nuts"}, {"layer": 13, "name": "Sugar", "fill": "#d6616b"}, {"layer": 13, "name": "Oilcrops Oil, Other"}, {"layer": 13, "name": "Beer"}, {"layer": 5, "name": "Infant food"}, {"layer": 13, "name": "Beverages, Alcoholic"}, {"layer": 5, "name": "Cocoa Beans"}, {"layer": 13, "name": "Honey"}, {"layer": 13, "name": "Butter, Ghee"}, {"layer": 5, "name": "Tomatoes"}, {"layer": 5, "name": "Pepper"}, {"layer": 13, "name": "Soyabean Oil"}, {"layer": 5, "name": "Coconuts - Incl Copra"}, {"layer": 5, "name": "Treenuts"}, {"layer": 13, "name": "Eggs"}, {"layer": 5, "name": "Vegetables, Other"}, {"layer": 5, "name": "Grapes"}, {"layer": 5, "name": "Pimento"}, {"layer": 13, "name": "Palm Oil"}, {"layer": 13, "name": "Wine"}, {"layer": 13, "name": "Sunflowerseed Oil"}, {"layer": 13, "name": "Pigmeat"}, {"layer": 13, "name": "Fats, Animals, Raw"}, {"layer": 5, "name": "Soyabeans"}, {"layer": 13, "name": "Freshwater Fish"}, {"layer": 5, "name": "Groundnuts"}, {"layer": 5, "name": "Coffee"}, {"layer": 5, "name": "Grapefruit"}, {"layer": 13, "name": "Rape and Mustard Oil"}, {"layer": 5, "name": "Pineapples"}, {"layer": 13, "name": "Meat, Other"}, {"layer": 5, "name": "Lemons, Limes"}, {"layer": 13, "name": "Mutton & Goat Meat"}, {"layer": 13, "name": "Sweeteners, Other"}, {"layer": 5, "name": "Bananas"}, {"layer": 5, "name": "Tea"}, {"layer": 5, "name": "Fruits, Other"}, {"layer": 13, "name": "Molluscs, Other"}, {"layer": 5, "name": "Apples"}, {"layer": 13, "name": "Poultry Meat"}, {"layer": 13, "name": "Offals, Edible"}, {"layer": 13, "name": "Groundnut Oil"}, {"layer": 13, "name": "Demersal Fish"}, {"layer": 5, "name": "Oranges, Mandarines"}, {"layer": 13, "name": "Bovine Meat"}, {"layer": 5, "name": "Onions"}, {"layer": 13, "name": "Cream"}, {"layer": 5, "name": "Sunflower seed"}, {"layer": 10, "name": "Processing", "fill": "#9edae5"}, {"layer": 16, "name": "Biofuels & Other", "fill": "#e7ba52"}, {"layer": 13, "name": "Alcohol, Non-Food"}, {"layer": 5, "name": "Spices, Other"}, {"layer": 13, "name": "Coconut Oil"}, {"layer": 13, "name": "Fish, Body Oil"}, {"layer": 13, "name": "Palmkernel Oil"}, {"name": "Waste", "fill": "#c7c7c7"}, {"layer": 2, "name": "Import", "fill": "#aec7e8"}, {"layer": 16, "name": "Export", "fill": "#aec7e8"}, {"layer": 13, "name": "Beverages, Fermented"}, {"layer": 16, "name": "Stock Deposit", "fill": "#c7c7c7"}, {"layer": 0, "name": "Stock Draw", "fill": "#c7c7c7"}, {"layer": 5, "name": "Oil Palm"}, {"layer": 2, "name": "Electricity", "fill": "#bcbd22"}, {"layer": 0, "name": "Fossil Fuels", "fill": "#c49c94"}, {"layer": 0, "name": "Renewables & Nuclear", "fill": "#2ca02c"}, {"layer": 2, "name": "Fertilizers", "fill": "#c5b0d5"}, {"layer": 0, "name": "Labor", "fill": "#7f7f7f"}], "links": [{"source": 0, "prod": 285.0, "target": 1, "value": 0.99178784071942583, "supply": [{"l": "Maize", "v": 0.99178784071942583}]}, {"source": 2, "prod": 1.0, "target": 1, "value": 0.0007671400323657632, "supply": [{"l": "Cassava", "v": 0.0007671400323657632}]}, {"source": 3, "prod": 80.0, "target": 1, "value": 0.087357255995884231, "supply": [{"l": "Pelagic Fish", "v": 0.087357255995884231}]}, {"source": 4, "prod": 2242.0, "target": 1, "value": 6.8838303103297429, "supply": [{"l": "Wheat", "v": 6.8838303103297429}]}, {"source": 5, "prod": 154.0, "target": 1, "value": 0.39620155479800007, "supply": [{"l": "Oats", "v": 0.39620155479800007}]}, {"source": 6, "prod": 567.0, "target": 1, "value": 0.43496839835138768, "supply": [{"l": "Potatoes", "v": 0.43496839835138768}]}, {"source": 7, "prod": 60.0, "target": 1, "value": 0.17827982893782329, "supply": [{"l": "Rye", "v": 0.17827982893782329}]}, {"source": 8, "prod": 19.0, "target": 1, "value": 0.072499160910067417, "supply": [{"l": "Peas", "v": 0.072499160910067417}]}, {"source": 9, "prod": 5.0, "target": 1, "value": 0.014982411736058823, "supply": [{"l": "Millet", "v": 0.014982411736058823}]}, {"source": 10, "prod": 523.0, "target": 1, "value": 0.29568684438539089, "supply": [{"l": "Milk - Excluding Butter", "v": 0.29568684438539089}]}, {"source": 11, "prod": 4.0, "target": 1, "value": 0.0029445202255838155, "supply": [{"l": "Marine Fish, Other", "v": 0.0029445202255838155}]}, {"source": 12, "prod": 1579.0, "target": 1, "value": 4.5701463435343985, "supply": [{"l": "Barley", "v": 4.5701463435343985}]}, {"source": 13, "prod": 84.0, "target": 1, "value": 0.070646992565649644, "supply": [{"l": "Fish, Seafood", "v": 0.070646992565649644}]}, {"source": 14, "prod": 3.0, "target": 1, "value": 0.0034866666600000002, "supply": [{"l": "Sugar beet", "v": 0.0034866666600000002}]}, {"source": 15, "prod": 1.0, "target": 1, "value": 0.0036913188335217393, "supply": [{"l": "Beans", "v": 0.0036913188335217393}]}, {"source": 16, "prod": 3.0, "target": 1, "value": 0.025470099951300004, "supply": [{"l": "Oilcrops, Other", "v": 0.025470099951300004}]}, {"source": 17, "prod": 4.0, "target": 1, "value": 0.016306535807373696, "supply": [{"l": "Rice", "v": 0.016306535807373696}]}, {"source": 18, "prod": 65.0, "target": 1, "value": 0.19477135256876474, "supply": [{"l": "Cereals, Other", "v": 0.19477135256876474}]}, {"source": 19, "prod": 8.0, "target": 1, "value": 0.031227708752551722, "supply": [{"l": "Pulses, Other", "v": 0.031227708752551722}]}, {"source": 20, "prod": 7.0, "target": 1, "value": 0.0081355555400000005, "supply": [{"l": "Rape and Mustardseed", "v": 0.0081355555400000005}]}, {"source": 21, "prod": 1.0, "target": 22, "value": 0.0015160773780535715, "supply": [{"l": "Olives", "v": 0.0015160773780535715}]}, {"source": 7, "prod": 242.0, "target": 22, "value": 0.71906197671588745, "supply": [{"l": "Rye", "v": 0.71906197671588745}]}, {"source": 23, "prod": 15.0, "target": 22, "value": 0.05555558714209731, "supply": [{"l": "Nuts", "v": 0.05555558714209731}]}, {"source": 24, "prod": 447.0, "target": 22, "value": 1.5385317132744731, "supply": [{"l": "Sugar", "v": 1.5385317132744731}]}, {"source": 25, "prod": 2.0, "target": 22, "value": 0.020214365040714291, "supply": [{"l": "Oilcrops Oil, Other", "v": 0.020214365040714291}]}, {"source": 26, "prod": 1611.0, "target": 22, "value": 0.91638960307567263, "supply": [{"l": "Beer", "v": 0.91638960307567263}]}, {"source": 27, "prod": 1.0, "target": 22, "value": 0.0047166851761666672, "supply": [{"l": "Infant food", "v": 0.0047166851761666672}]}, {"source": 28, "prod": 82.0, "target": 22, "value": 0.28128595232412118, "supply": [{"l": "Beverages, Alcoholic", "v": 0.28128595232412118}]}, {"source": 29, "prod": 20.0, "target": 22, "value": 0.039184769155846164, "supply": [{"l": "Cocoa Beans", "v": 0.039184769155846164}]}, {"source": 30, "prod": 4.0, "target": 22, "value": 0.013767621595297297, "supply": [{"l": "Honey", "v": 0.013767621595297297}]}, {"source": 17, "prod": 49.0, "target": 22, "value": 0.19975506364032777, "supply": [{"l": "Rice", "v": 0.19975506364032777}]}, {"source": 31, "prod": 43.0, "target": 22, "value": 0.35980597927998326, "supply": [{"l": "Butter, Ghee", "v": 0.35980597927998326}]}, {"source": 32, "prod": 73.0, "target": 22, "value": 0.013075367766841775, "supply": [{"l": "Tomatoes", "v": 0.013075367766841775}]}, {"source": 18, "prod": 9.0, "target": 22, "value": 0.026968341124905884, "supply": [{"l": "Cereals, Other", "v": 0.026968341124905884}]}, {"source": 33, "prod": 1.0, "target": 22, "value": 0.0060643095122142861, "supply": [{"l": "Pepper", "v": 0.0060643095122142861}]}, {"source": 4, "prod": 1081.0, "target": 22, "value": 3.3190992709484619, "supply": [{"l": "Wheat", "v": 3.3190992709484619}]}, {"source": 34, "prod": 19.0, "target": 22, "value": 0.19947013761143548, "supply": [{"l": "Soyabean Oil", "v": 0.19947013761143548}]}, {"source": 35, "prod": 9.0, "target": 22, "value": 0.013327377881494185, "supply": [{"l": "Coconuts - Incl Copra", "v": 0.013327377881494185}]}, {"source": 36, "prod": 15.0, "target": 22, "value": 0.057088155063258615, "supply": [{"l": "Treenuts", "v": 0.057088155063258615}]}, {"source": 37, "prod": 129.0, "target": 22, "value": 0.20672719679348314, "supply": [{"l": "Eggs", "v": 0.20672719679348314}]}, {"source": 38, "prod": 613.0, "target": 22, "value": 0.17982471545480727, "supply": [{"l": "Vegetables, Other", "v": 0.17982471545480727}]}, {"source": 8, "prod": 9.0, "target": 22, "value": 0.034341707799505614, "supply": [{"l": "Peas", "v": 0.034341707799505614}]}, {"source": 11, "prod": 18.0, "target": 22, "value": 0.013250341015127169, "supply": [{"l": "Marine Fish, Other", "v": 0.013250341015127169}]}, {"source": 39, "prod": 60.0, "target": 22, "value": 0.039251866363304792, "supply": [{"l": "Grapes", "v": 0.039251866363304792}]}, {"source": 40, "prod": 9.0, "target": 22, "value": 0.034731954479045458, "supply": [{"l": "Pimento", "v": 0.034731954479045458}]}, {"source": 41, "prod": 13.0, "target": 22, "value": 0.1358405330736, "supply": [{"l": "Palm Oil", "v": 0.1358405330736}]}, {"source": 20, "prod": 2.0, "target": 22, "value": 0.0023244444400000001, "supply": [{"l": "Rape and Mustardseed", "v": 0.0023244444400000001}]}, {"source": 16, "prod": 1.0, "target": 22, "value": 0.0084900333171, "supply": [{"l": "Oilcrops, Other", "v": 0.0084900333171}]}, {"source": 42, "prod": 66.0, "target": 22, "value": 0.052368429806411224, "supply": [{"l": "Wine", "v": 0.052368429806411224}]}, {"source": 43, "prod": 11.0, "target": 22, "value": 0.11224803664435097, "supply": [{"l": "Sunflowerseed Oil", "v": 0.11224803664435097}]}, {"source": 5, "prod": 3.0, "target": 22, "value": 0.007718212106454546, "supply": [{"l": "Oats", "v": 0.007718212106454546}]}, {"source": 44, "prod": 513.0, "target": 22, "value": 0.94739537945741892, "supply": [{"l": "Pigmeat", "v": 0.94739537945741892}]}, {"source": 45, "prod": 39.0, "target": 22, "value": 0.3293777323545079, "supply": [{"l": "Fats, Animals, Raw", "v": 0.3293777323545079}]}, {"source": 46, "prod": 1.0, "target": 22, "value": 0.0035375138821250002, "supply": [{"l": "Soyabeans", "v": 0.0035375138821250002}]}, {"source": 6, "prod": 834.0, "target": 22, "value": 0.63979478699304648, "supply": [{"l": "Potatoes", "v": 0.63979478699304648}]}, {"source": 47, "prod": 15.0, "target": 22, "value": 0.018063900674680854, "supply": [{"l": "Freshwater Fish", "v": 0.018063900674680854}]}, {"source": 48, "prod": 7.0, "target": 22, "value": 0.046695183244050004, "supply": [{"l": "Groundnuts", "v": 0.046695183244050004}]}, {"source": 49, "prod": 35.0, "target": 22, "value": 0.017740368125283582, "supply": [{"l": "Coffee", "v": 0.017740368125283582}]}, {"source": 50, "prod": 8.0, "target": 22, "value": 0.0092977777600000006, "supply": [{"l": "Grapefruit", "v": 0.0092977777600000006}]}, {"source": 51, "prod": 112.0, "target": 22, "value": 1.1589718611265596, "supply": [{"l": "Rape and Mustard Oil", "v": 1.1589718611265596}]}, {"source": 10, "prod": 2024.0, "target": 22, "value": 1.1443024341033101, "supply": [{"l": "Milk - Excluding Butter", "v": 1.1443024341033101}]}, {"source": 52, "prod": 9.0, "target": 22, "value": 0.0090964642683214296, "supply": [{"l": "Pineapples", "v": 0.0090964642683214296}]}, {"source": 15, "prod": 2.0, "target": 22, "value": 0.0073826376670434787, "supply": [{"l": "Beans", "v": 0.0073826376670434787}]}, {"source": 19, "prod": 9.0, "target": 22, "value": 0.035131172346620686, "supply": [{"l": "Pulses, Other", "v": 0.035131172346620686}]}, {"source": 13, "prod": 99.0, "target": 22, "value": 0.083262526952372795, "supply": [{"l": "Fish, Seafood", "v": 0.083262526952372795}]}, {"source": 53, "prod": 35.0, "target": 22, "value": 0.048068570986522056, "supply": [{"l": "Meat, Other", "v": 0.048068570986522056}]}, {"source": 54, "prod": 17.0, "target": 22, "value": 0.0044273179874447857, "supply": [{"l": "Lemons, Limes", "v": 0.0044273179874447857}]}, {"source": 55, "prod": 4.0, "target": 22, "value": 0.013405315763842107, "supply": [{"l": "Mutton & Goat Meat", "v": 0.013405315763842107}]}, {"source": 56, "prod": 80.0, "target": 22, "value": 0.18451818852170765, "supply": [{"l": "Sweeteners, Other", "v": 0.18451818852170765}]}, {"source": 3, "prod": 32.0, "target": 22, "value": 0.034942902398353695, "supply": [{"l": "Pelagic Fish", "v": 0.034942902398353695}]}, {"source": 57, "prod": 132.0, "target": 22, "value": 0.091787723693452422, "supply": [{"l": "Bananas", "v": 0.091787723693452422}]}, {"source": 58, "prod": 4.0, "target": 22, "value": 0.0030872848425818182, "supply": [{"l": "Tea", "v": 0.0030872848425818182}]}, {"source": 59, "prod": 213.0, "target": 22, "value": 0.11412088473325195, "supply": [{"l": "Fruits, Other", "v": 0.11412088473325195}]}, {"source": 60, "prod": 1.0, "target": 22, "value": 0.00084103562578154341, "supply": [{"l": "Molluscs, Other", "v": 0.00084103562578154341}]}, {"source": 61, "prod": 184.0, "target": 22, "value": 0.10075664890063711, "supply": [{"l": "Apples", "v": 0.10075664890063711}]}, {"source": 62, "prod": 155.0, "target": 22, "value": 0.23608497961503985, "supply": [{"l": "Poultry Meat", "v": 0.23608497961503985}]}, {"source": 63, "prod": 55.0, "target": 22, "value": 0.073912301224287713, "supply": [{"l": "Offals, Edible", "v": 0.073912301224287713}]}, {"source": 64, "prod": 4.0, "target": 22, "value": 0.040428730081428582, "supply": [{"l": "Groundnut Oil", "v": 0.040428730081428582}]}, {"source": 65, "prod": 33.0, "target": 22, "value": 0.017294512312611112, "supply": [{"l": "Demersal Fish", "v": 0.017294512312611112}]}, {"source": 66, "prod": 243.0, "target": 22, "value": 0.061322915806314653, "supply": [{"l": "Oranges, Mandarines", "v": 0.061322915806314653}]}, {"source": 67, "prod": 159.0, "target": 22, "value": 0.19271989969640363, "supply": [{"l": "Bovine Meat", "v": 0.19271989969640363}]}, {"source": 68, "prod": 117.0, "target": 22, "value": 0.043913965433275866, "supply": [{"l": "Onions", "v": 0.043913965433275866}]}, {"source": 69, "prod": 21.0, "target": 22, "value": 0.047834090152441465, "supply": [{"l": "Cream", "v": 0.047834090152441465}]}, {"source": 70, "prod": 42.0, "target": 71, "value": 0.21437334125677501, "supply": [{"l": "Sunflower seed", "v": 0.21437334125677501}]}, {"source": 0, "prod": 26.0, "target": 71, "value": 0.090478890732298506, "supply": [{"l": "Maize", "v": 0.090478890732298506}]}, {"source": 4, "prod": 29.0, "target": 71, "value": 0.089041516056896766, "supply": [{"l": "Wheat", "v": 0.089041516056896766}]}, {"source": 46, "prod": 12.0, "target": 71, "value": 0.0424501665855, "supply": [{"l": "Soyabeans", "v": 0.0424501665855}]}, {"source": 67, "prod": 6.0, "target": 71, "value": 0.0072724490451473063, "supply": [{"l": "Bovine Meat", "v": 0.0072724490451473063}]}, {"source": 38, "prod": 3.0, "target": 71, "value": 0.00088005570369399969, "supply": [{"l": "Vegetables, Other", "v": 0.00088005570369399969}]}, {"source": 59, "prod": 16.0, "target": 71, "value": 0.0085724608250330112, "supply": [{"l": "Fruits, Other", "v": 0.0085724608250330112}]}, {"source": 48, "prod": 10.0, "target": 71, "value": 0.066707404634357148, "supply": [{"l": "Groundnuts", "v": 0.066707404634357148}]}, {"source": 20, "prod": 448.0, "target": 71, "value": 0.52067555456000003, "supply": [{"l": "Rape and Mustardseed", "v": 0.52067555456000003}]}, {"source": 12, "prod": 342.0, "target": 71, "value": 0.98986070265279569, "supply": [{"l": "Barley", "v": 0.98986070265279569}]}, {"source": 39, "prod": 70.0, "target": 71, "value": 0.045793844090522257, "supply": [{"l": "Grapes", "v": 0.045793844090522257}]}, {"source": 6, "prod": 136.0, "target": 71, "value": 0.10433104440174379, "supply": [{"l": "Potatoes", "v": 0.10433104440174379}]}, {"source": 14, "prod": 4261.0, "target": 71, "value": 4.9522288794200007, "supply": [{"l": "Sugar beet", "v": 4.9522288794200007}]}, {"source": 16, "prod": 1.0, "target": 71, "value": 0.0084900333171, "supply": [{"l": "Oilcrops, Other", "v": 0.0084900333171}]}, {"source": 2, "prod": 2.0, "target": 71, "value": 0.0015342800647315264, "supply": [{"l": "Cassava", "v": 0.0015342800647315264}]}, {"source": 42, "prod": 38.0, "target": 71, "value": 0.030151520191570101, "supply": [{"l": "Wine", "v": 0.030151520191570101}]}, {"source": 43, "prod": 13.0, "target": 72, "value": 0.1326567705796875, "supply": [{"l": "Sunflowerseed Oil", "v": 0.1326567705796875}]}, {"source": 45, "prod": 138.0, "target": 72, "value": 1.1654904375621049, "supply": [{"l": "Fats, Animals, Raw", "v": 1.1654904375621049}]}, {"source": 4, "prod": 44.0, "target": 72, "value": 0.13509747263805028, "supply": [{"l": "Wheat", "v": 0.13509747263805028}]}, {"source": 73, "prod": 14.0, "target": 72, "value": 0.011108454807420563, "supply": [{"l": "Alcohol, Non-Food", "v": 0.011108454807420563}]}, {"source": 5, "prod": 35.0, "target": 72, "value": 0.090045807908636366, "supply": [{"l": "Oats", "v": 0.090045807908636366}]}, {"source": 74, "prod": 1.0, "target": 72, "value": 0.0041414796668780484, "supply": [{"l": "Spices, Other", "v": 0.0041414796668780484}]}, {"source": 6, "prod": 14.0, "target": 72, "value": 0.010739960453120685, "supply": [{"l": "Potatoes", "v": 0.010739960453120685}]}, {"source": 75, "prod": 6.0, "target": 72, "value": 0.061656990040323371, "supply": [{"l": "Coconut Oil", "v": 0.061656990040323371}]}, {"source": 7, "prod": 23.0, "target": 72, "value": 0.06834060109283227, "supply": [{"l": "Rye", "v": 0.06834060109283227}]}, {"source": 76, "prod": 1.0, "target": 72, "value": 0.0083675809134879826, "supply": [{"l": "Fish, Body Oil", "v": 0.0083675809134879826}]}, {"source": 51, "prod": 36.0, "target": 72, "value": 0.37252666964782277, "supply": [{"l": "Rape and Mustard Oil", "v": 0.37252666964782277}]}, {"source": 10, "prod": 48.0, "target": 72, "value": 0.027137607132884833, "supply": [{"l": "Milk - Excluding Butter", "v": 0.027137607132884833}]}, {"source": 12, "prod": 1.0, "target": 72, "value": 0.0028943295399204549, "supply": [{"l": "Barley", "v": 0.0028943295399204549}]}, {"source": 77, "prod": 1.0, "target": 72, "value": 0.010276165006720562, "supply": [{"l": "Palmkernel Oil", "v": 0.010276165006720562}]}, {"source": 25, "prod": 7.0, "target": 72, "value": 0.070750277642500012, "supply": [{"l": "Oilcrops Oil, Other", "v": 0.070750277642500012}]}, {"source": 24, "prod": 141.0, "target": 72, "value": 0.48530866123422972, "supply": [{"l": "Sugar", "v": 0.48530866123422972}]}, {"source": 16, "prod": 1.0, "target": 72, "value": 0.0084900333171, "supply": [{"l": "Oilcrops, Other", "v": 0.0084900333171}]}, {"source": 0, "prod": 13.0, "target": 0, "value": 0.045239445366149253, "supply": [{"l": "Maize", "v": 0.045239445366149253}]}, {"source": 4, "prod": 183.0, "target": 4, "value": 0.56188267029007266, "supply": [{"l": "Wheat", "v": 0.56188267029007266}]}, {"source": 5, "prod": 16.0, "target": 5, "value": 0.041163797901090912, "supply": [{"l": "Oats", "v": 0.041163797901090912}]}, {"source": 6, "prod": 297.0, "target": 6, "value": 0.22784058961263168, "supply": [{"l": "Potatoes", "v": 0.22784058961263168}]}, {"source": 37, "prod": 9.0, "target": 37, "value": 0.014422827683266266, "supply": [{"l": "Eggs", "v": 0.014422827683266266}]}, {"source": 7, "prod": 25.0, "target": 7, "value": 0.074283262057426386, "supply": [{"l": "Rye", "v": 0.074283262057426386}]}, {"source": 8, "prod": 5.0, "target": 8, "value": 0.019078726555280898, "supply": [{"l": "Peas", "v": 0.019078726555280898}]}, {"source": 20, "prod": 2.0, "target": 20, "value": 0.0023244444400000001, "supply": [{"l": "Rape and Mustardseed", "v": 0.0023244444400000001}]}, {"source": 12, "prod": 141.0, "target": 12, "value": 0.40810046512878417, "supply": [{"l": "Barley", "v": 0.40810046512878417}]}, {"source": 18, "prod": 2.0, "target": 18, "value": 0.005992964694423529, "supply": [{"l": "Cereals, Other", "v": 0.005992964694423529}]}, {"source": 70, "prod": 1.0, "target": 78, "value": 0.0051041271727803586, "supply": [{"l": "Sunflower seed", "v": 0.0051041271727803586}]}, {"source": 18, "prod": 2.0, "target": 78, "value": 0.005992964694423529, "supply": [{"l": "Cereals, Other", "v": 0.005992964694423529}]}, {"source": 7, "prod": 14.0, "target": 78, "value": 0.041598626752158772, "supply": [{"l": "Rye", "v": 0.041598626752158772}]}, {"source": 4, "prod": 78.0, "target": 78, "value": 0.23949097422199819, "supply": [{"l": "Wheat", "v": 0.23949097422199819}]}, {"source": 57, "prod": 15.0, "target": 78, "value": 0.010430423146983231, "supply": [{"l": "Bananas", "v": 0.010430423146983231}]}, {"source": 5, "prod": 1.0, "target": 78, "value": 0.002572737368818182, "supply": [{"l": "Oats", "v": 0.002572737368818182}]}, {"source": 6, "prod": 18.0, "target": 78, "value": 0.013808520582583736, "supply": [{"l": "Potatoes", "v": 0.013808520582583736}]}, {"source": 37, "prod": 3.0, "target": 78, "value": 0.0048076092277554222, "supply": [{"l": "Eggs", "v": 0.0048076092277554222}]}, {"source": 38, "prod": 77.0, "target": 78, "value": 0.02258809639481266, "supply": [{"l": "Vegetables, Other", "v": 0.02258809639481266}]}, {"source": 59, "prod": 20.0, "target": 78, "value": 0.010715576031291262, "supply": [{"l": "Fruits, Other", "v": 0.010715576031291262}]}, {"source": 8, "prod": 6.0, "target": 78, "value": 0.022894471866337082, "supply": [{"l": "Peas", "v": 0.022894471866337082}]}, {"source": 10, "prod": 94.0, "target": 78, "value": 0.053144480635232784, "supply": [{"l": "Milk - Excluding Butter", "v": 0.053144480635232784}]}, {"source": 20, "prod": 15.0, "target": 78, "value": 0.017433333299999999, "supply": [{"l": "Rape and Mustardseed", "v": 0.017433333299999999}]}, {"source": 61, "prod": 15.0, "target": 78, "value": 0.0082138572473345484, "supply": [{"l": "Apples", "v": 0.0082138572473345484}]}, {"source": 39, "prod": 3.0, "target": 78, "value": 0.0019625933181652397, "supply": [{"l": "Grapes", "v": 0.0019625933181652397}]}, {"source": 19, "prod": 1.0, "target": 78, "value": 0.0039034635940689653, "supply": [{"l": "Pulses, Other", "v": 0.0039034635940689653}]}, {"source": 16, "prod": 1.0, "target": 78, "value": 0.0084900333171, "supply": [{"l": "Oilcrops, Other", "v": 0.0084900333171}]}, {"source": 68, "prod": 3.0, "target": 78, "value": 0.0011259991136737403, "supply": [{"l": "Onions", "v": 0.0011259991136737403}]}, {"source": 32, "prod": 2.0, "target": 78, "value": 0.00035822925388607601, "supply": [{"l": "Tomatoes", "v": 0.00035822925388607601}]}, {"source": 12, "prod": 16.0, "target": 78, "value": 0.046309272638727278, "supply": [{"l": "Barley", "v": 0.046309272638727278}]}, {"source": 79, "prod": 2.0, "target": 27, "value": 0.0094333703523333343, "supply": [{"l": "Infant food", "v": 0.0094333703523333343}]}, {"source": 79, "prod": 2.0, "target": 74, "value": 0.0082829593337560969, "supply": [{"l": "Spices, Other", "v": 0.0082829593337560969}]}, {"source": 79, "prod": 51.0, "target": 32, "value": 0.0091348459740949375, "supply": [{"l": "Tomatoes", "v": 0.0091348459740949375}]}, {"source": 79, "prod": 4.0, "target": 2, "value": 0.0030685601294630528, "supply": [{"l": "Cassava", "v": 0.0030685601294630528}]}, {"source": 79, "prod": 18.0, "target": 54, "value": 0.0046877484572944795, "supply": [{"l": "Lemons, Limes", "v": 0.0046877484572944795}]}, {"source": 79, "prod": 11.0, "target": 36, "value": 0.041864647046389661, "supply": [{"l": "Treenuts", "v": 0.041864647046389661}]}, {"source": 79, "prod": 162.0, "target": 7, "value": 0.48135553813212295, "supply": [{"l": "Rye", "v": 0.48135553813212295}]}, {"source": 79, "prod": 59.0, "target": 61, "value": 0.032307838506182553, "supply": [{"l": "Apples", "v": 0.032307838506182553}]}, {"source": 79, "prod": 4.0, "target": 58, "value": 0.0030872848425818182, "supply": [{"l": "Tea", "v": 0.0030872848425818182}]}, {"source": 79, "prod": 236.0, "target": 38, "value": 0.06923104869059464, "supply": [{"l": "Vegetables, Other", "v": 0.06923104869059464}]}, {"source": 79, "prod": 69.0, "target": 17, "value": 0.28128774267719625, "supply": [{"l": "Rice", "v": 0.28128774267719625}]}, {"source": 79, "prod": 45.0, "target": 4, "value": 0.13816786974346049, "supply": [{"l": "Wheat", "v": 0.13816786974346049}]}, {"source": 79, "prod": 140.0, "target": 12, "value": 0.40520613558886365, "supply": [{"l": "Barley", "v": 0.40520613558886365}]}, {"source": 79, "prod": 1.0, "target": 33, "value": 0.0060643095122142861, "supply": [{"l": "Pepper", "v": 0.0060643095122142861}]}, {"source": 79, "prod": 15.0, "target": 50, "value": 0.017433333299999999, "supply": [{"l": "Grapefruit", "v": 0.017433333299999999}]}, {"source": 79, "prod": 38.0, "target": 49, "value": 0.019260971107450744, "supply": [{"l": "Coffee", "v": 0.019260971107450744}]}, {"source": 79, "prod": 26.0, "target": 70, "value": 0.13270730649228932, "supply": [{"l": "Sunflower seed", "v": 0.13270730649228932}]}, {"source": 79, "prod": 1.0, "target": 21, "value": 0.0015160773780535715, "supply": [{"l": "Olives", "v": 0.0015160773780535715}]}, {"source": 79, "prod": 19.0, "target": 18, "value": 0.056933164597023529, "supply": [{"l": "Cereals, Other", "v": 0.056933164597023529}]}, {"source": 79, "prod": 514.0, "target": 1, "value": 0.45588749913133525, "supply": [{"l": "Freshwater Fish", "v": 0.0024085200899574472}, {"l": "Meat, Other", "v": 0.0027467754849441178}, {"l": "Eggs", "v": 0.0080126820462590367}, {"l": "Marine Fish, Other", "v": 0.016930991297106936}, {"l": "Demersal Fish", "v": 0.019390816835351855}, {"l": "Pigmeat", "v": 0.029548393901206046}, {"l": "Poultry Meat", "v": 0.021323804610390695}, {"l": "Milk - Excluding Butter", "v": 0.06049424923372243}, {"l": "Pelagic Fish", "v": 0.12448408979413504}, {"l": "Fish, Seafood", "v": 0.14886330576333318}, {"l": "Molluscs, Other", "v": 0.00084103562578154341}, {"l": "Offals, Edible", "v": 0.014782460244857545}, {"l": "Bovine Meat", "v": 0.0060603742042894216}]}, {"source": 79, "prod": 2.0, "target": 40, "value": 0.007718212106454546, "supply": [{"l": "Pimento", "v": 0.007718212106454546}]}, {"source": 79, "prod": 11.0, "target": 23, "value": 0.040740763904204697, "supply": [{"l": "Nuts", "v": 0.040740763904204697}]}, {"source": 79, "prod": 6.0, "target": 8, "value": 0.022894471866337082, "supply": [{"l": "Peas", "v": 0.022894471866337082}]}, {"source": 79, "prod": 4.0, "target": 16, "value": 0.0339601332684, "supply": [{"l": "Oilcrops, Other", "v": 0.0339601332684}]}, {"source": 79, "prod": 31.0, "target": 29, "value": 0.060736392191561552, "supply": [{"l": "Cocoa Beans", "v": 0.060736392191561552}]}, {"source": 79, "prod": 288.0, "target": 66, "value": 0.07267901132600256, "supply": [{"l": "Oranges, Mandarines", "v": 0.07267901132600256}]}, {"source": 79, "prod": 10.0, "target": 52, "value": 0.010107182520357146, "supply": [{"l": "Pineapples", "v": 0.010107182520357146}]}, {"source": 79, "prod": 139.0, "target": 6, "value": 0.10663246449884108, "supply": [{"l": "Potatoes", "v": 0.10663246449884108}]}, {"source": 79, "prod": 19.0, "target": 68, "value": 0.007131327719933688, "supply": [{"l": "Onions", "v": 0.007131327719933688}]}, {"source": 79, "prod": 2.0, "target": 20, "value": 0.0023244444400000001, "supply": [{"l": "Rape and Mustardseed", "v": 0.0023244444400000001}]}, {"source": 79, "prod": 148.0, "target": 57, "value": 0.10291350838356786, "supply": [{"l": "Bananas", "v": 0.10291350838356786}]}, {"source": 79, "prod": 64.0, "target": 39, "value": 0.041868657454191778, "supply": [{"l": "Grapes", "v": 0.041868657454191778}]}, {"source": 79, "prod": 296.0, "target": 71, "value": 1.5304720346917273, "supply": [{"l": "Sugar", "v": 0.08260572957178379}, {"l": "Beer", "v": 0.0096701572019158508}, {"l": "Beverages, Alcoholic", "v": 0.075466962818666661}, {"l": "Fats, Animals, Raw", "v": 0.21113957202212041}, {"l": "Soyabean Oil", "v": 0.28345756397414518}, {"l": "Butter, Ghee", "v": 0.0083675809134879826}, {"l": "Palm Oil", "v": 0.2612317943723077}, {"l": "Sunflowerseed Oil", "v": 0.15306550451502404}, {"l": "Coconut Oil", "v": 0.061656990040323371}, {"l": "Rape and Mustard Oil", "v": 0.11382759350350138}, {"l": "Oilcrops Oil, Other", "v": 0.070750277642500012}, {"l": "Wine", "v": 0.042846897114336466}, {"l": "Sweeteners, Other", "v": 0.13146920932171668}, {"l": "Beverages, Fermented", "v": 0.00055273654408203134}, {"l": "Fish, Body Oil", "v": 0.0083675809134879826}, {"l": "Honey", "v": 0.0034419053988243241}, {"l": "Palmkernel Oil", "v": 0.010276165006720562}, {"l": "Cream", "v": 0.0022778138167829269}]}, {"source": 79, "prod": 13.0, "target": 46, "value": 0.045987680467625004, "supply": [{"l": "Soyabeans", "v": 0.045987680467625004}]}, {"source": 79, "prod": 5.0, "target": 15, "value": 0.018456594167608701, "supply": [{"l": "Beans", "v": 0.018456594167608701}]}, {"source": 79, "prod": 153.0, "target": 0, "value": 0.53243347238621819, "supply": [{"l": "Maize", "v": 0.53243347238621819}]}, {"source": 79, "prod": 109.0, "target": 59, "value": 0.058399889370537389, "supply": [{"l": "Fruits, Other", "v": 0.058399889370537389}]}, {"source": 79, "prod": 22.0, "target": 48, "value": 0.14675629019558573, "supply": [{"l": "Groundnuts", "v": 0.14675629019558573}]}, {"source": 79, "prod": 10.0, "target": 35, "value": 0.014808197646104651, "supply": [{"l": "Coconuts - Incl Copra", "v": 0.014808197646104651}]}, {"source": 79, "prod": 9.0, "target": 19, "value": 0.035131172346620686, "supply": [{"l": "Pulses, Other", "v": 0.035131172346620686}]}, {"source": 0, "prod": 1.0, "target": 80, "value": 0.0034799573358576348, "supply": [{"l": "Maize", "v": 0.0034799573358576348}]}, {"source": 73, "prod": 25.0, "target": 80, "value": 0.019836526441822433, "supply": [{"l": "Alcohol, Non-Food", "v": 0.019836526441822433}]}, {"source": 7, "prod": 2.0, "target": 80, "value": 0.005942660964594111, "supply": [{"l": "Rye", "v": 0.005942660964594111}]}, {"source": 23, "prod": 1.0, "target": 80, "value": 0.0037037058094731546, "supply": [{"l": "Nuts", "v": 0.0037037058094731546}]}, {"source": 24, "prod": 37.0, "target": 80, "value": 0.12735049975650001, "supply": [{"l": "Sugar", "v": 0.12735049975650001}]}, {"source": 25, "prod": 3.0, "target": 80, "value": 0.030321547561071433, "supply": [{"l": "Oilcrops Oil, Other", "v": 0.030321547561071433}]}, {"source": 26, "prod": 212.0, "target": 80, "value": 0.12059254863565648, "supply": [{"l": "Beer", "v": 0.12059254863565648}]}, {"source": 50, "prod": 7.0, "target": 80, "value": 0.0081355555400000005, "supply": [{"l": "Grapefruit", "v": 0.0081355555400000005}]}, {"source": 28, "prod": 16.0, "target": 80, "value": 0.054885063868121212, "supply": [{"l": "Beverages, Alcoholic", "v": 0.054885063868121212}]}, {"source": 12, "prod": 186.0, "target": 80, "value": 0.53834529442520462, "supply": [{"l": "Barley", "v": 0.53834529442520462}]}, {"source": 29, "prod": 11.0, "target": 80, "value": 0.021551623035715388, "supply": [{"l": "Cocoa Beans", "v": 0.021551623035715388}]}, {"source": 30, "prod": 2.0, "target": 80, "value": 0.0068838107976486483, "supply": [{"l": "Honey", "v": 0.0068838107976486483}]}, {"source": 17, "prod": 16.0, "target": 80, "value": 0.065226143229494785, "supply": [{"l": "Rice", "v": 0.065226143229494785}]}, {"source": 31, "prod": 27.0, "target": 80, "value": 0.22592468466417553, "supply": [{"l": "Butter, Ghee", "v": 0.22592468466417553}]}, {"source": 32, "prod": 4.0, "target": 80, "value": 0.00071645850777215202, "supply": [{"l": "Tomatoes", "v": 0.00071645850777215202}]}, {"source": 70, "prod": 4.0, "target": 80, "value": 0.020416508691121434, "supply": [{"l": "Sunflower seed", "v": 0.020416508691121434}]}, {"source": 18, "prod": 22.0, "target": 80, "value": 0.065922611638658826, "supply": [{"l": "Cereals, Other", "v": 0.065922611638658826}]}, {"source": 49, "prod": 4.0, "target": 80, "value": 0.0020274706428895523, "supply": [{"l": "Coffee", "v": 0.0020274706428895523}]}, {"source": 4, "prod": 266.0, "target": 80, "value": 0.81672563003912202, "supply": [{"l": "Wheat", "v": 0.81672563003912202}]}, {"source": 34, "prod": 9.0, "target": 80, "value": 0.094485854658048402, "supply": [{"l": "Soyabean Oil", "v": 0.094485854658048402}]}, {"source": 35, "prod": 1.0, "target": 80, "value": 0.0014808197646104652, "supply": [{"l": "Coconuts - Incl Copra", "v": 0.0014808197646104652}]}, {"source": 36, "prod": 1.0, "target": 80, "value": 0.0038058770042172412, "supply": [{"l": "Treenuts", "v": 0.0038058770042172412}]}, {"source": 37, "prod": 12.0, "target": 80, "value": 0.019230436911021689, "supply": [{"l": "Eggs", "v": 0.019230436911021689}]}, {"source": 38, "prod": 9.0, "target": 80, "value": 0.0026401671110819992, "supply": [{"l": "Vegetables, Other", "v": 0.0026401671110819992}]}, {"source": 8, "prod": 72.0, "target": 80, "value": 0.27473366239604491, "supply": [{"l": "Peas", "v": 0.27473366239604491}]}, {"source": 11, "prod": 1.0, "target": 80, "value": 0.00073613005639595387, "supply": [{"l": "Marine Fish, Other", "v": 0.00073613005639595387}]}, {"source": 39, "prod": 1.0, "target": 80, "value": 0.00065419777272174653, "supply": [{"l": "Grapes", "v": 0.00065419777272174653}]}, {"source": 48, "prod": 8.0, "target": 80, "value": 0.053365923707485725, "supply": [{"l": "Groundnuts", "v": 0.053365923707485725}]}, {"source": 41, "prod": 15.0, "target": 80, "value": 0.1567390766233846, "supply": [{"l": "Palm Oil", "v": 0.1567390766233846}]}, {"source": 20, "prod": 155.0, "target": 80, "value": 0.1801444441, "supply": [{"l": "Rape and Mustardseed", "v": 0.1801444441}]}, {"source": 16, "prod": 17.0, "target": 80, "value": 0.14433056639070002, "supply": [{"l": "Oilcrops, Other", "v": 0.14433056639070002}]}, {"source": 43, "prod": 10.0, "target": 80, "value": 0.10204366967668271, "supply": [{"l": "Sunflowerseed Oil", "v": 0.10204366967668271}]}, {"source": 5, "prod": 5.0, "target": 80, "value": 0.012863686844090911, "supply": [{"l": "Oats", "v": 0.012863686844090911}]}, {"source": 44, "prod": 6.0, "target": 80, "value": 0.011080647712952267, "supply": [{"l": "Pigmeat", "v": 0.011080647712952267}]}, {"source": 45, "prod": 4.0, "target": 80, "value": 0.033782331523539273, "supply": [{"l": "Fats, Animals, Raw", "v": 0.033782331523539273}]}, {"source": 6, "prod": 28.0, "target": 80, "value": 0.02147992090624137, "supply": [{"l": "Potatoes", "v": 0.02147992090624137}]}, {"source": 47, "prod": 9.0, "target": 80, "value": 0.010838340404808513, "supply": [{"l": "Freshwater Fish", "v": 0.010838340404808513}]}, {"source": 51, "prod": 46.0, "target": 80, "value": 0.47600630010555128, "supply": [{"l": "Rape and Mustard Oil", "v": 0.47600630010555128}]}, {"source": 10, "prod": 570.0, "target": 80, "value": 0.32225908470300729, "supply": [{"l": "Milk - Excluding Butter", "v": 0.32225908470300729}]}, {"source": 52, "prod": 1.0, "target": 80, "value": 0.0010107182520357144, "supply": [{"l": "Pineapples", "v": 0.0010107182520357144}]}, {"source": 15, "prod": 2.0, "target": 80, "value": 0.0073826376670434787, "supply": [{"l": "Beans", "v": 0.0073826376670434787}]}, {"source": 61, "prod": 111.0, "target": 80, "value": 0.060782543630275659, "supply": [{"l": "Apples", "v": 0.060782543630275659}]}, {"source": 13, "prod": 15.0, "target": 80, "value": 0.012615534386723151, "supply": [{"l": "Fish, Seafood", "v": 0.012615534386723151}]}, {"source": 14, "prod": 52.0, "target": 80, "value": 0.060435555440000004, "supply": [{"l": "Sugar beet", "v": 0.060435555440000004}]}, {"source": 53, "prod": 3.0, "target": 80, "value": 0.0041201632274161766, "supply": [{"l": "Meat, Other", "v": 0.0041201632274161766}]}, {"source": 54, "prod": 1.0, "target": 80, "value": 0.00026043046984969325, "supply": [{"l": "Lemons, Limes", "v": 0.00026043046984969325}]}, {"source": 42, "prod": 1.0, "target": 80, "value": 0.00079346105767289735, "supply": [{"l": "Wine", "v": 0.00079346105767289735}]}, {"source": 56, "prod": 31.0, "target": 80, "value": 0.071500798052161724, "supply": [{"l": "Sweeteners, Other", "v": 0.071500798052161724}]}, {"source": 3, "prod": 2.0, "target": 80, "value": 0.0021839313998971059, "supply": [{"l": "Pelagic Fish", "v": 0.0021839313998971059}]}, {"source": 57, "prod": 1.0, "target": 80, "value": 0.00069536154313221534, "supply": [{"l": "Bananas", "v": 0.00069536154313221534}]}, {"source": 81, "prod": 1.0, "target": 80, "value": 0.00055273654408203134, "supply": [{"l": "Beverages, Fermented", "v": 0.00055273654408203134}]}, {"source": 74, "prod": 2.0, "target": 80, "value": 0.0082829593337560969, "supply": [{"l": "Spices, Other", "v": 0.0082829593337560969}]}, {"source": 67, "prod": 4.0, "target": 80, "value": 0.0048482993634315378, "supply": [{"l": "Bovine Meat", "v": 0.0048482993634315378}]}, {"source": 59, "prod": 39.0, "target": 80, "value": 0.020895373261017963, "supply": [{"l": "Fruits, Other", "v": 0.020895373261017963}]}, {"source": 62, "prod": 6.0, "target": 80, "value": 0.0091387734044531561, "supply": [{"l": "Poultry Meat", "v": 0.0091387734044531561}]}, {"source": 63, "prod": 2.0, "target": 80, "value": 0.0026877200445195532, "supply": [{"l": "Offals, Edible", "v": 0.0026877200445195532}]}, {"source": 27, "prod": 1.0, "target": 80, "value": 0.0047166851761666672, "supply": [{"l": "Infant food", "v": 0.0047166851761666672}]}, {"source": 65, "prod": 3.0, "target": 80, "value": 0.0015722283920555555, "supply": [{"l": "Demersal Fish", "v": 0.0015722283920555555}]}, {"source": 66, "prod": 45.0, "target": 80, "value": 0.011356095519687899, "supply": [{"l": "Oranges, Mandarines", "v": 0.011356095519687899}]}, {"source": 19, "prod": 3.0, "target": 80, "value": 0.011710390782206896, "supply": [{"l": "Pulses, Other", "v": 0.011710390782206896}]}, {"source": 68, "prod": 1.0, "target": 80, "value": 0.00037533303789124672, "supply": [{"l": "Onions", "v": 0.00037533303789124672}]}, {"source": 69, "prod": 1.0, "target": 80, "value": 0.0022778138167829269, "supply": [{"l": "Cream", "v": 0.0022778138167829269}]}, {"source": 6, "prod": 45.0, "target": 82, "value": 0.034521301456459347, "supply": [{"l": "Potatoes", "v": 0.034521301456459347}]}, {"source": 83, "prod": 3.0, "target": 0, "value": 0.010439872007572903, "supply": [{"l": "Maize", "v": 0.010439872007572903}]}, {"source": 8, "prod": 15.0, "target": 82, "value": 0.057236179665842705, "supply": [{"l": "Peas", "v": 0.057236179665842705}]}, {"source": 83, "prod": 100.0, "target": 20, "value": 0.11622222200000001, "supply": [{"l": "Rape and Mustardseed", "v": 0.11622222200000001}]}, {"source": 70, "prod": 17.0, "target": 82, "value": 0.086770161937266083, "supply": [{"l": "Sunflower seed", "v": 0.086770161937266083}]}, {"source": 83, "prod": 150.0, "target": 4, "value": 0.46055956581153495, "supply": [{"l": "Wheat", "v": 0.46055956581153495}]}, {"source": 83, "prod": 6.0, "target": 16, "value": 0.050940199902600007, "supply": [{"l": "Oilcrops, Other", "v": 0.050940199902600007}]}, {"source": 12, "prod": 137.0, "target": 82, "value": 0.39652314696910229, "supply": [{"l": "Barley", "v": 0.39652314696910229}]}, {"source": 83, "prod": 3.0, "target": 48, "value": 0.020012221390307148, "supply": [{"l": "Groundnuts", "v": 0.020012221390307148}]}, {"source": 1, "prod": 161.0, "target": 62, "value": 0.24522375301949301, "supply": [{"l": "Poultry Meat", "v": 0.24522375301949301}]}, {"source": 1, "prod": 519.0, "target": 44, "value": 0.95847602717037117, "supply": [{"l": "Pigmeat", "v": 0.95847602717037117}]}, {"source": 1, "prod": 114.0, "target": 3, "value": 0.12448408979413503, "supply": [{"l": "Pelagic Fish", "v": 0.12448408979413503}]}, {"source": 1, "prod": 169.0, "target": 67, "value": 0.20484064810498248, "supply": [{"l": "Bovine Meat", "v": 0.20484064810498248}]}, {"source": 1, "prod": 144.0, "target": 37, "value": 0.23076524293226025, "supply": [{"l": "Eggs", "v": 0.24518807061552653}]}, {"source": 1, "prod": 1.0, "target": 60, "value": 0.00084103562578154341, "supply": [{"l": "Molluscs, Other", "v": 0.00084103562578154341}]}, {"source": 1, "prod": 3259.0, "target": 10, "value": 1.8425304509598259, "supply": [{"l": "Milk - Excluding Butter", "v": 1.8425304509598259}]}, {"source": 1, "prod": 57.0, "target": 63, "value": 0.076600021268807272, "supply": [{"l": "Offals, Edible", "v": 0.076600021268807272}]}, {"source": 1, "prod": 23.0, "target": 11, "value": 0.016930991297106939, "supply": [{"l": "Marine Fish, Other", "v": 0.016930991297106939}]}, {"source": 1, "prod": 198.0, "target": 13, "value": 0.16652505390474559, "supply": [{"l": "Fish, Seafood", "v": 0.16652505390474559}]}, {"source": 1, "prod": 36.0, "target": 65, "value": 0.018866740704666669, "supply": [{"l": "Demersal Fish", "v": 0.018866740704666669}]}, {"source": 1, "prod": 38.0, "target": 53, "value": 0.052188734213938236, "supply": [{"l": "Meat, Other", "v": 0.052188734213938236}]}, {"source": 1, "prod": 24.0, "target": 47, "value": 0.028902241079489369, "supply": [{"l": "Freshwater Fish", "v": 0.028902241079489369}]}, {"source": 1, "prod": 4.0, "target": 55, "value": 0.013405315763842107, "supply": [{"l": "Mutton & Goat Meat", "v": 0.013405315763842107}]}, {"source": 71, "prod": 181.0, "target": 45, "value": 1.5286505014401521, "supply": [{"l": "Fats, Animals, Raw", "v": 1.5286505014401521}]}, {"source": 71, "prod": 111.0, "target": 56, "value": 0.25601898657386934, "supply": [{"l": "Sweeteners, Other", "v": 0.25601898657386934}]}, {"source": 71, "prod": 22.0, "target": 69, "value": 0.050111903969224394, "supply": [{"l": "Cream", "v": 0.050111903969224394}]}, {"source": 71, "prod": 39.0, "target": 73, "value": 0.030944981249242998, "supply": [{"l": "Alcohol, Non-Food", "v": 0.030944981249242998}]}, {"source": 71, "prod": 28.0, "target": 34, "value": 0.29395599226948388, "supply": [{"l": "Soyabean Oil", "v": 0.29395599226948388}]}, {"source": 71, "prod": 6.0, "target": 75, "value": 0.061656990040323371, "supply": [{"l": "Coconut Oil", "v": 0.061656990040323371}]}, {"source": 71, "prod": 1.0, "target": 76, "value": 0.0083675809134879826, "supply": [{"l": "Fish, Body Oil", "v": 0.0083675809134879826}]}, {"source": 71, "prod": 625.0, "target": 24, "value": 2.1511908742652031, "supply": [{"l": "Sugar", "v": 2.1511908742652031}]}, {"source": 71, "prod": 6.0, "target": 30, "value": 0.020651432392945944, "supply": [{"l": "Honey", "v": 0.020651432392945944}]}, {"source": 71, "prod": 1.0, "target": 81, "value": 0.00055273654408203134, "supply": [{"l": "Beverages, Fermented", "v": 0.00055273654408203134}]}, {"source": 71, "prod": 1823.0, "target": 26, "value": 1.0369821517113291, "supply": [{"l": "Beer", "v": 1.0369821517113291}]}, {"source": 71, "prod": 4.0, "target": 64, "value": 0.040428730081428582, "supply": [{"l": "Groundnut Oil", "v": 0.040428730081428582}]}, {"source": 71, "prod": 98.0, "target": 28, "value": 0.33617101619224238, "supply": [{"l": "Beverages, Alcoholic", "v": 0.33617101619224238}]}, {"source": 71, "prod": 34.0, "target": 43, "value": 0.34694847690072117, "supply": [{"l": "Sunflowerseed Oil", "v": 0.34694847690072117}]}, {"source": 71, "prod": 28.0, "target": 41, "value": 0.2925796096969846, "supply": [{"l": "Palm Oil", "v": 0.2925796096969846}]}, {"source": 71, "prod": 1.0, "target": 77, "value": 0.010276165006720562, "supply": [{"l": "Palmkernel Oil", "v": 0.010276165006720562}]}, {"source": 71, "prod": 12.0, "target": 25, "value": 0.12128619024428573, "supply": [{"l": "Oilcrops Oil, Other", "v": 0.12128619024428573}]}, {"source": 71, "prod": 194.0, "target": 51, "value": 2.0075048308799337, "supply": [{"l": "Rape and Mustard Oil", "v": 2.0075048308799337}]}, {"source": 71, "prod": 70.0, "target": 31, "value": 0.58573066394415885, "supply": [{"l": "Butter, Ghee", "v": 0.58573066394415885}]}, {"source": 71, "prod": 105.0, "target": 42, "value": 0.083313411055654221, "supply": [{"l": "Wine", "v": 0.083313411055654221}]}, {"source": 84, "prod": 14.769230769230758, "target": 71, "value": 0.062695630649353795, "supply": [{"l": "Oil Palm", "v": 0.062695630649353795}]}, {"source": 85, "prod": 0, "target": 0, "value": 0.00015556914428526875, "supply": "[{\"l\":'Energy for power irrigation',\"v\":0.00015556914428526875}]"}, {"source": 85, "prod": 0, "target": 7, "value": 0.0001795028587906947, "supply": "[{\"l\":'Energy for power irrigation',\"v\":0.0001795028587906947}]"}, {"source": 85, "prod": 0, "target": 23, "value": 6.928180514728568e-06, "supply": "[{\"l\":'Energy for power irrigation',\"v\":6.928180514728568e-06}]"}, {"source": 85, "prod": 0, "target": 12, "value": 0.0014687742691224563, "supply": "[{\"l\":'Energy for power irrigation',\"v\":0.0014687742691224563}]"}, {"source": 85, "prod": 0, "target": 32, "value": 3.3696150685270757e-05, "supply": "[{\"l\":'Energy for power irrigation',\"v\":3.3696150685270757e-05}]"}, {"source": 85, "prod": 0, "target": 70, "value": 3.212156420465063e-05, "supply": "[{\"l\":'Energy for power irrigation',\"v\":3.212156420465063e-05}]"}, {"source": 85, "prod": 0, "target": 18, "value": 5.6685113302324639e-05, "supply": "[{\"l\":'Energy for power irrigation',\"v\":5.6685113302324639e-05}]"}, {"source": 85, "prod": 0, "target": 4, "value": 0.0024091173153487975, "supply": "[{\"l\":'Energy for power irrigation',\"v\":0.0024091173153487975}]"}, {"source": 85, "prod": 0, "target": 36, "value": 6.928180514728568e-06, "supply": "[{\"l\":'Energy for power irrigation',\"v\":6.928180514728568e-06}]"}, {"source": 85, "prod": 0, "target": 38, "value": 0.00036813831916898617, "supply": "[{\"l\":'Energy for power irrigation',\"v\":0.00036813831916898617}]"}, {"source": 85, "prod": 0, "target": 8, "value": 7.7469654846510337e-05, "supply": "[{\"l\":'Energy for power irrigation',\"v\":7.7469654846510337e-05}]"}, {"source": 85, "prod": 0, "target": 39, "value": 6.424312840930126e-05, "supply": "[{\"l\":'Energy for power irrigation',\"v\":6.424312840930126e-05}]"}, {"source": 85, "prod": 0, "target": 40, "value": 5.0386767379844127e-06, "supply": "[{\"l\":'Energy for power irrigation',\"v\":5.0386767379844127e-06}]"}, {"source": 85, "prod": 0, "target": 84, "value": 4.6510862196779155e-06, "supply": "[{\"l\":'Energy for power irrigation',\"v\":4.6510862196779155e-06}]"}, {"source": 85, "prod": 0, "target": 16, "value": 1.1651939956588954e-05, "supply": "[{\"l\":'Energy for power irrigation',\"v\":1.1651939956588954e-05}]"}, {"source": 85, "prod": 0, "target": 5, "value": 0.00013478460274108303, "supply": "[{\"l\":'Energy for power irrigation',\"v\":0.00013478460274108303}]"}, {"source": 85, "prod": 0, "target": 46, "value": 4.4088421457363612e-06, "supply": "[{\"l\":'Energy for power irrigation',\"v\":4.4088421457363612e-06}]"}, {"source": 85, "prod": 0, "target": 6, "value": 0.0011774757702077323, "supply": "[{\"l\":'Energy for power irrigation',\"v\":0.0011774757702077323}]"}, {"source": 85, "prod": 0, "target": 61, "value": 0.00017666860312557847, "supply": "[{\"l\":'Energy for power irrigation',\"v\":0.00017666860312557847}]"}, {"source": 85, "prod": 0, "target": 14, "value": 0.0027183661001425902, "supply": "[{\"l\":'Energy for power irrigation',\"v\":0.0027183661001425902}]"}, {"source": 85, "prod": 0, "target": 59, "value": 0.00014675145999379602, "supply": "[{\"l\":'Energy for power irrigation',\"v\":0.00014675145999379602}]"}, {"source": 85, "prod": 0, "target": 9, "value": 3.1491729612402578e-06, "supply": "[{\"l\":'Energy for power irrigation',\"v\":3.1491729612402578e-06}]"}, {"source": 85, "prod": 0, "target": 20, "value": 0.00036404439431937386, "supply": "[{\"l\":'Energy for power irrigation',\"v\":0.00036404439431937386}]"}, {"source": 85, "prod": 0, "target": 68, "value": 6.9596722443409704e-05, "supply": "[{\"l\":'Energy for power irrigation',\"v\":6.9596722443409704e-05}]"}, {"source": 85, "prod": 0, "target": 19, "value": 1.0392270772092851e-05, "supply": "[{\"l\":'Energy for power irrigation',\"v\":1.0392270772092851e-05}]"}, {"source": 85, "prod": 0, "target": 71, "value": 1.5920000012735998, "supply": "[{\"l\":'Electricity',\"v\":1.5920000012735998}]"}, {"source": 86, "prod": 0, "target": 85, "value": 3.1200208256953545, "supply": [{"l": "Coal", "v": 3.01964795167296}, {"l": "Natural gas", "v": 0.052083609750008177}, {"l": "Oil", "v": 0.04828926427238639}]}, {"source": 87, "prod": 0, "target": 85, "value": 0.3798433527665902, "supply": [{"l": "Nuclear", "v": 0.32300887320830418}, {"l": "Hydroelectric", "v": 0.049494511388883299}, {"l": "Renewable", "v": 0.0073399681694027007}]}, {"source": 86, "prod": 0, "target": 0, "value": 0.21364747487181951, "supply": [{"l": "Gas-Diesel oil", "v": 0.074344166662915961}, {"l": "Natural gas (including LNG)", "v": 0.018162540129065683}, {"l": "Fuel oil", "v": 0.0052915862106797124}, {"l": "Liquefied petroleum gas (LPG)", "v": 0.00061953472219096646}, {"l": "Coal", "v": 0.0010137840908579449}, {"l": "Other fossil fuels", "v": 0.11421586305610924}]}, {"source": 86, "prod": 0, "target": 7, "value": 0.24651631715979172, "supply": [{"l": "Gas-Diesel oil", "v": 0.08578173076490303}, {"l": "Natural gas (including LNG)", "v": 0.020956777071998865}, {"l": "Fuel oil", "v": 0.0061056763969381291}, {"l": "Liquefied petroleum gas (LPG)", "v": 0.00071484775637419202}, {"l": "Coal", "v": 0.0011697508740668595}, {"l": "Other fossil fuels", "v": 0.13178753429551066}]}, {"source": 86, "prod": 0, "target": 23, "value": 0.009514664872834068, "supply": [{"l": "Gas-Diesel oil", "v": 0.0033108738189962577}, {"l": "Natural gas (including LNG)", "v": 0.00080885806242802637}, {"l": "Fuel oil", "v": 0.00023565768549585765}, {"l": "Liquefied petroleum gas (LPG)", "v": 2.7590615158302151e-05}, {"l": "Coal", "v": 4.5148279349948964e-05}, {"l": "Other fossil fuels", "v": 0.0050865364114056752}]}, {"source": 86, "prod": 0, "target": 12, "value": 2.0171089530408222, "supply": [{"l": "Gas-Diesel oil", "v": 0.70190524962720657}, {"l": "Natural gas (including LNG)", "v": 0.17147790923474157}, {"l": "Fuel oil", "v": 0.049959429325121818}, {"l": "Liquefied petroleum gas (LPG)", "v": 0.0058492104135600556}, {"l": "Coal", "v": 0.0095714352221891799}, {"l": "Other fossil fuels", "v": 1.078345719218003}]}, {"source": 86, "prod": 0, "target": 32, "value": 0.046275870063329325, "supply": [{"l": "Gas-Diesel oil", "v": 0.016102886301481798}, {"l": "Natural gas (including LNG)", "v": 0.0039339914854454004}, {"l": "Fuel oil", "v": 0.0011461532885480349}, {"l": "Liquefied petroleum gas (LPG)", "v": 0.00013419071917901499}, {"l": "Coal", "v": 0.00021958481320202451}, {"l": "Other fossil fuels", "v": 0.024739063455473054}]}, {"source": 86, "prod": 0, "target": 70, "value": 0.044113446228594311, "supply": [{"l": "Gas-Diesel oil", "v": 0.015350414978982648}, {"l": "Natural gas (including LNG)", "v": 0.0037501601076208495}, {"l": "Fuel oil", "v": 0.0010925947236626128}, {"l": "Liquefied petroleum gas (LPG)", "v": 0.00012792012482485543}, {"l": "Coal", "v": 0.00020932384062249064}, {"l": "Other fossil fuels", "v": 0.023583032452880855}]}, {"source": 86, "prod": 0, "target": 18, "value": 0.077847258050460541, "supply": [{"l": "Gas-Diesel oil", "v": 0.027088967609969379}, {"l": "Natural gas (including LNG)", "v": 0.0066179296016838519}, {"l": "Fuel oil", "v": 0.0019281083358751987}, {"l": "Liquefied petroleum gas (LPG)", "v": 0.00022574139674974485}, {"l": "Coal", "v": 0.0003693950128632188}, {"l": "Other fossil fuels", "v": 0.041617116093319154}]}, {"source": 86, "prod": 0, "target": 4, "value": 3.3085084671445735, "supply": [{"l": "Gas-Diesel oil", "v": 1.1512811234236986}, {"l": "Natural gas (including LNG)", "v": 0.28126200807156371}, {"l": "Fuel oil", "v": 0.081944604274695951}, {"l": "Liquefied petroleum gas (LPG)", "v": 0.0095940093618641573}, {"l": "Coal", "v": 0.015699288046686799}, {"l": "Other fossil fuels", "v": 1.7687274339660641}]}, {"source": 86, "prod": 0, "target": 36, "value": 0.009514664872834068, "supply": [{"l": "Gas-Diesel oil", "v": 0.0033108738189962577}, {"l": "Natural gas (including LNG)", "v": 0.00080885806242802637}, {"l": "Fuel oil", "v": 0.00023565768549585765}, {"l": "Liquefied petroleum gas (LPG)", "v": 2.7590615158302151e-05}, {"l": "Coal", "v": 4.5148279349948964e-05}, {"l": "Other fossil fuels", "v": 0.0050865364114056752}]}, {"source": 86, "prod": 0, "target": 38, "value": 0.50557469256104659, "supply": [{"l": "Gas-Diesel oil", "v": 0.17592779520030113}, {"l": "Natural gas (including LNG)", "v": 0.042979776135380128}, {"l": "Fuel oil", "v": 0.012521992470211709}, {"l": "Liquefied petroleum gas (LPG)", "v": 0.0014660649600025098}, {"l": "Coal", "v": 0.0023990153890950158}, {"l": "Other fossil fuels", "v": 0.27028004840605607}]}, {"source": 86, "prod": 0, "target": 8, "value": 0.10639125266896274, "supply": [{"l": "Gas-Diesel oil", "v": 0.037021589066958148}, {"l": "Natural gas (including LNG)", "v": 0.0090445037889679298}, {"l": "Fuel oil", "v": 0.0026350813923627717}, {"l": "Liquefied petroleum gas (LPG)", "v": 0.00030851324222465131}, {"l": "Coal", "v": 0.00050483985091306569}, {"l": "Other fossil fuels", "v": 0.056876725327536175}]}, {"source": 86, "prod": 0, "target": 39, "value": 0.088226892457188621, "supply": [{"l": "Gas-Diesel oil", "v": 0.030700829957965296}, {"l": "Natural gas (including LNG)", "v": 0.007500320215241699}, {"l": "Fuel oil", "v": 0.0021851894473252256}, {"l": "Liquefied petroleum gas (LPG)", "v": 0.00025584024964971086}, {"l": "Coal", "v": 0.00041864768124498129}, {"l": "Other fossil fuels", "v": 0.047166064905761709}]}, {"source": 86, "prod": 0, "target": 40, "value": 0.0069197562711520479, "supply": [{"l": "Gas-Diesel oil", "v": 0.002407908231997278}, {"l": "Natural gas (including LNG)", "v": 0.00058826040903856458}, {"l": "Fuel oil", "v": 0.00017138740763335099}, {"l": "Liquefied petroleum gas (LPG)", "v": 2.0065901933310652e-05}, {"l": "Coal", "v": 3.2835112254508335e-05}, {"l": "Other fossil fuels", "v": 0.0036992992082950358}]}, {"source": 86, "prod": 0, "target": 84, "value": 0.0063874673272172706, "supply": [{"l": "Gas-Diesel oil", "v": 0.0022226845218436394}, {"l": "Natural gas (including LNG)", "v": 0.00054300960834329003}, {"l": "Fuel oil", "v": 0.00015820376089232388}, {"l": "Liquefied petroleum gas (LPG)", "v": 1.8522371015363668e-05}, {"l": "Coal", "v": 3.0309334388776902e-05}, {"l": "Other fossil fuels", "v": 0.0034147377307338768}]}, {"source": 86, "prod": 0, "target": 16, "value": 0.01600193637703911, "supply": [{"l": "Gas-Diesel oil", "v": 0.0055682877864937051}, {"l": "Natural gas (including LNG)", "v": 0.0013603521959016805}, {"l": "Fuel oil", "v": 0.0003963333801521242}, {"l": "Liquefied petroleum gas (LPG)", "v": 4.6402398220780882e-05}, {"l": "Coal", "v": 7.5931197088550519e-05}, {"l": "Other fossil fuels", "v": 0.0085546294191822699}]}, {"source": 86, "prod": 0, "target": 5, "value": 0.1851034802533173, "supply": [{"l": "Gas-Diesel oil", "v": 0.064411545205927193}, {"l": "Natural gas (including LNG)", "v": 0.015735965941781602}, {"l": "Fuel oil", "v": 0.0045846131541921395}, {"l": "Liquefied petroleum gas (LPG)", "v": 0.00053676287671605997}, {"l": "Coal", "v": 0.00087833925280809803}, {"l": "Other fossil fuels", "v": 0.098956253821892215}]}, {"source": 86, "prod": 0, "target": 46, "value": 0.0060547867372580423, "supply": [{"l": "Gas-Diesel oil", "v": 0.0021069197029976185}, {"l": "Natural gas (including LNG)", "v": 0.00051472785790874402}, {"l": "Fuel oil", "v": 0.00014996398167918214}, {"l": "Liquefied petroleum gas (LPG)", "v": 1.7557664191646823e-05}, {"l": "Coal", "v": 2.8730723222694796e-05}, {"l": "Other fossil fuels", "v": 0.0032368868072581566}]}, {"source": 86, "prod": 0, "target": 6, "value": 1.6170605436148444, "supply": [{"l": "Gas-Diesel oil", "v": 0.56269805496486391}, {"l": "Natural gas (including LNG)", "v": 0.13746910433719955}, {"l": "Fuel oil", "v": 0.040051094821318717}, {"l": "Liquefied petroleum gas (LPG)", "v": 0.004689150458040533}, {"l": "Coal", "v": 0.0076731552949754166}, {"l": "Other fossil fuels", "v": 0.86447998373844626}]}, {"source": 86, "prod": 0, "target": 61, "value": 0.24262395425726871, "supply": [{"l": "Gas-Diesel oil", "v": 0.084427282384404556}, {"l": "Natural gas (including LNG)", "v": 0.020625880591914673}, {"l": "Fuel oil", "v": 0.0060092709801443699}, {"l": "Liquefied petroleum gas (LPG)", "v": 0.00070356068653670476}, {"l": "Coal", "v": 0.0011512811234236987}, {"l": "Other fossil fuels", "v": 0.12970667849084469}]}, {"source": 86, "prod": 0, "target": 14, "value": 3.7332085082865301, "supply": [{"l": "Gas-Diesel oil", "v": 1.2990664911625314}, {"l": "Natural gas (including LNG)", "v": 0.31736649067630557}, {"l": "Fuel oil", "v": 0.092463506418192856}, {"l": "Liquefied petroleum gas (LPG)", "v": 0.010825554093021097}, {"l": "Coal", "v": 0.017714543061307247}, {"l": "Other fossil fuels", "v": 1.9957719228751718}]}, {"source": 86, "prod": 0, "target": 59, "value": 0.20153790139730343, "supply": [{"l": "Gas-Diesel oil", "v": 0.070130327256920727}, {"l": "Natural gas (including LNG)", "v": 0.017133084413248196}, {"l": "Fuel oil", "v": 0.0049916582473213487}, {"l": "Liquefied petroleum gas (LPG)", "v": 0.00058441939380767286}, {"l": "Coal", "v": 0.00095632264441255534}, {"l": "Other fossil fuels", "v": 0.10774208944159293}]}, {"source": 86, "prod": 0, "target": 9, "value": 0.0043248476694700303, "supply": [{"l": "Gas-Diesel oil", "v": 0.0015049426449982987}, {"l": "Natural gas (including LNG)", "v": 0.00036766275564910285}, {"l": "Fuel oil", "v": 0.00010711712977084438}, {"l": "Liquefied petroleum gas (LPG)", "v": 1.2541188708319159e-05}, {"l": "Coal", "v": 2.0521945159067709e-05}, {"l": "Other fossil fuels", "v": 0.0023120620051843973}]}, {"source": 86, "prod": 0, "target": 20, "value": 0.49995239059073554, "supply": [{"l": "Gas-Diesel oil", "v": 0.17397136976180336}, {"l": "Natural gas (including LNG)", "v": 0.042501814553036296}, {"l": "Fuel oil", "v": 0.012382740201509611}, {"l": "Liquefied petroleum gas (LPG)", "v": 0.0014497614146816949}, {"l": "Coal", "v": 0.0023723368603882277}, {"l": "Other fossil fuels", "v": 0.26727436779931635}]}, {"source": 86, "prod": 0, "target": 68, "value": 0.095579133495287669, "supply": [{"l": "Gas-Diesel oil", "v": 0.033259232454462405}, {"l": "Natural gas (including LNG)", "v": 0.0081253468998451744}, {"l": "Fuel oil", "v": 0.0023672885679356607}, {"l": "Liquefied petroleum gas (LPG)", "v": 0.00027716027045385341}, {"l": "Coal", "v": 0.0004535349880153964}, {"l": "Other fossil fuels", "v": 0.051096570314575186}]}, {"source": 86, "prod": 0, "target": 19, "value": 0.0142719973092511, "supply": [{"l": "Gas-Diesel oil", "v": 0.0049663107284943862}, {"l": "Natural gas (including LNG)", "v": 0.0012132870936420396}, {"l": "Fuel oil", "v": 0.00035348652824378646}, {"l": "Liquefied petroleum gas (LPG)", "v": 4.1385922737453223e-05}, {"l": "Coal", "v": 6.7722419024923442e-05}, {"l": "Other fossil fuels", "v": 0.0076298046171085123}]}, {"source": 88, "prod": 5.4492859537870766, "target": 0, "value": 0.080344332068366525, "supply": [{"l": "Potash", "v": 0.087172222291959992}, {"l": "Phosphate", "v": 0.21210000016967998}, {"l": "Nitrogen", "v": 4.8124763927388701}]}, {"source": 88, "prod": 6.2876376389850881, "target": 7, "value": 0.092704998540422912, "supply": [{"l": "Potash", "v": 0.087172222291959992}, {"l": "Phosphate", "v": 0.21210000016967998}, {"l": "Nitrogen", "v": 4.8124763927388701}]}, {"source": 88, "prod": 0.24268075097837186, "target": 23, "value": 0.0035780876629636915, "supply": [{"l": "Potash", "v": 0.087172222291959992}, {"l": "Phosphate", "v": 0.21210000016967998}, {"l": "Nitrogen", "v": 4.8124763927388701}]}, {"source": 88, "prod": 51.448319207414826, "target": 12, "value": 0.75855458454830249, "supply": [{"l": "Potash", "v": 0.087172222291959992}, {"l": "Phosphate", "v": 0.21210000016967998}, {"l": "Nitrogen", "v": 4.8124763927388701}]}, {"source": 88, "prod": 1.1803109252129902, "target": 32, "value": 0.017402517269868863, "supply": [{"l": "Potash", "v": 0.087172222291959992}, {"l": "Phosphate", "v": 0.21210000016967998}, {"l": "Nitrogen", "v": 4.8124763927388701}]}, {"source": 88, "prod": 1.1251562090815421, "target": 70, "value": 0.016589315528286207, "supply": [{"l": "Potash", "v": 0.087172222291959992}, {"l": "Phosphate", "v": 0.21210000016967998}, {"l": "Nitrogen", "v": 4.8124763927388701}]}, {"source": 88, "prod": 1.9855697807321331, "target": 18, "value": 0.029275262696975654, "supply": [{"l": "Potash", "v": 0.087172222291959992}, {"l": "Phosphate", "v": 0.21210000016967998}, {"l": "Nitrogen", "v": 4.8124763927388701}]}, {"source": 88, "prod": 84.38671568111566, "target": 4, "value": 1.2441986646214653, "supply": [{"l": "Potash", "v": 0.087172222291959992}, {"l": "Phosphate", "v": 0.21210000016967998}, {"l": "Nitrogen", "v": 4.8124763927388701}]}, {"source": 88, "prod": 0.24268075097837186, "target": 36, "value": 0.0035780876629636915, "supply": [{"l": "Potash", "v": 0.087172222291959992}, {"l": "Phosphate", "v": 0.21210000016967998}, {"l": "Nitrogen", "v": 4.8124763927388701}]}, {"source": 88, "prod": 12.895172631532578, "target": 38, "value": 0.19012656718202525, "supply": [{"l": "Potash", "v": 0.087172222291959992}, {"l": "Phosphate", "v": 0.21210000016967998}, {"l": "Nitrogen", "v": 4.8124763927388701}]}, {"source": 88, "prod": 2.7136120336672485, "target": 8, "value": 0.040009525685866729, "supply": [{"l": "Potash", "v": 0.087172222291959992}, {"l": "Phosphate", "v": 0.21210000016967998}, {"l": "Nitrogen", "v": 4.8124763927388701}]}, {"source": 88, "prod": 2.2503124181630842, "target": 39, "value": 0.033178631056572414, "supply": [{"l": "Potash", "v": 0.087172222291959992}, {"l": "Phosphate", "v": 0.21210000016967998}, {"l": "Nitrogen", "v": 4.8124763927388701}]}, {"source": 88, "prod": 0.17649509162063404, "target": 40, "value": 0.0026022455730645025, "supply": [{"l": "Potash", "v": 0.087172222291959992}, {"l": "Phosphate", "v": 0.21210000016967998}, {"l": "Nitrogen", "v": 4.8124763927388701}]}, {"source": 88, "prod": 0.1629185461113544, "target": 84, "value": 0.0024020728366749237, "supply": [{"l": "Potash", "v": 0.087172222291959992}, {"l": "Phosphate", "v": 0.21210000016967998}, {"l": "Nitrogen", "v": 4.8124763927388701}]}, {"source": 88, "prod": 0.40814489937271625, "target": 16, "value": 0.0060176928877116627, "supply": [{"l": "Potash", "v": 0.087172222291959992}, {"l": "Phosphate", "v": 0.21210000016967998}, {"l": "Nitrogen", "v": 4.8124763927388701}]}, {"source": 88, "prod": 4.7212437008519608, "target": 5, "value": 0.069610069079475451, "supply": [{"l": "Potash", "v": 0.087172222291959992}, {"l": "Phosphate", "v": 0.21210000016967998}, {"l": "Nitrogen", "v": 4.8124763927388701}]}, {"source": 88, "prod": 0.15443320516805481, "target": 46, "value": 0.0022769648764314398, "supply": [{"l": "Potash", "v": 0.087172222291959992}, {"l": "Phosphate", "v": 0.21210000016967998}, {"l": "Nitrogen", "v": 4.8124763927388701}]}, {"source": 88, "prod": 41.244696723096922, "target": 6, "value": 0.60811226235551097, "supply": [{"l": "Potash", "v": 0.087172222291959992}, {"l": "Phosphate", "v": 0.21210000016967998}, {"l": "Nitrogen", "v": 4.8124763927388701}]}, {"source": 88, "prod": 6.1883591499484814, "target": 61, "value": 0.091241235405574134, "supply": [{"l": "Potash", "v": 0.087172222291959992}, {"l": "Phosphate", "v": 0.21210000016967998}, {"l": "Nitrogen", "v": 4.8124763927388701}]}, {"source": 88, "prod": 95.219101929332069, "target": 14, "value": 1.4039114866682991, "supply": [{"l": "Potash", "v": 0.087172222291959992}, {"l": "Phosphate", "v": 0.21210000016967998}, {"l": "Nitrogen", "v": 4.8124763927388701}]}, {"source": 88, "prod": 5.1404195434509674, "target": 59, "value": 0.075790402315503644, "supply": [{"l": "Potash", "v": 0.087172222291959992}, {"l": "Phosphate", "v": 0.21210000016967998}, {"l": "Nitrogen", "v": 4.8124763927388701}]}, {"source": 88, "prod": 0.11030943226289629, "target": 9, "value": 0.0016264034831653142, "supply": [{"l": "Potash", "v": 0.087172222291959992}, {"l": "Phosphate", "v": 0.21210000016967998}, {"l": "Nitrogen", "v": 4.8124763927388701}]}, {"source": 88, "prod": 12.751770369590812, "target": 20, "value": 0.18801224265391034, "supply": [{"l": "Potash", "v": 0.087172222291959992}, {"l": "Phosphate", "v": 0.21210000016967998}, {"l": "Nitrogen", "v": 4.8124763927388701}]}, {"source": 88, "prod": 2.4378384530100079, "target": 68, "value": 0.035943516977953442, "supply": [{"l": "Potash", "v": 0.087172222291959992}, {"l": "Phosphate", "v": 0.21210000016967998}, {"l": "Nitrogen", "v": 4.8124763927388701}]}, {"source": 88, "prod": 0.36402112646755774, "target": 19, "value": 0.0053671314944455373, "supply": [{"l": "Potash", "v": 0.087172222291959992}, {"l": "Phosphate", "v": 0.21210000016967998}, {"l": "Nitrogen", "v": 4.8124763927388701}]}, {"source": 86, "prod": 0, "target": 88, "value": 6.1045648694127763, "supply": [{"l": "Natural gas (including LNG)", "v": 4.1329979642327981}, {"l": "Fuel oil", "v": 1.1208597435177738}, {"l": "Liquefied petroleum gas (LPG)", "v": 0.42535358083110214}, {"l": "Coal", "v": 0.42535358083110214}]}, {"source": 89, "prod": 0, "target": 0, "value": 0.0069471504415902618, "supply": "[{\"l\":'Labor',\"v\":0.0069471504415902618}]"}, {"source": 89, "prod": 0, "target": 21, "value": 1.4063057574069355e-05, "supply": "[{\"l\":'Labor',\"v\":1.4063057574069355e-05}]"}, {"source": 89, "prod": 0, "target": 38, "value": 0.01643971430408708, "supply": "[{\"l\":'Labor',\"v\":0.01643971430408708}]"}, {"source": 89, "prod": 0, "target": 7, "value": 0.0080159428172195332, "supply": "[{\"l\":'Labor',\"v\":0.0080159428172195332}]"}, {"source": 89, "prod": 0, "target": 23, "value": 0.00030938726662952586, "supply": "[{\"l\":'Labor',\"v\":0.00030938726662952586}]"}, {"source": 89, "prod": 0, "target": 27, "value": 2.812611514813871e-05, "supply": "[{\"l\":'Labor',\"v\":2.812611514813871e-05}]"}, {"source": 89, "prod": 0, "target": 12, "value": 0.06559010052545948, "supply": "[{\"l\":'Labor',\"v\":0.06559010052545948}]"}, {"source": 89, "prod": 0, "target": 61, "value": 0.007889375299052908, "supply": "[{\"l\":'Labor',\"v\":0.007889375299052908}]"}, {"source": 89, "prod": 0, "target": 17, "value": 0.00097035097261078556, "supply": "[{\"l\":'Labor',\"v\":0.00097035097261078556}]"}, {"source": 89, "prod": 0, "target": 32, "value": 0.0015047471604254211, "supply": "[{\"l\":'Labor',\"v\":0.0015047471604254211}]"}, {"source": 89, "prod": 0, "target": 70, "value": 0.0014344318725550743, "supply": "[{\"l\":'Labor',\"v\":0.0014344318725550743}]"}, {"source": 89, "prod": 0, "target": 18, "value": 0.0025313503633324838, "supply": "[{\"l\":'Labor',\"v\":0.0025313503633324838}]"}, {"source": 89, "prod": 0, "target": 33, "value": 1.4063057574069355e-05, "supply": "[{\"l\":'Labor',\"v\":1.4063057574069355e-05}]"}, {"source": 89, "prod": 0, "target": 4, "value": 0.10758239044163058, "supply": "[{\"l\":'Labor',\"v\":0.10758239044163058}]"}, {"source": 89, "prod": 0, "target": 35, "value": 0.00014063057574069355, "supply": "[{\"l\":'Labor',\"v\":0.00014063057574069355}]"}, {"source": 89, "prod": 0, "target": 36, "value": 0.00030938726662952586, "supply": "[{\"l\":'Labor',\"v\":0.00030938726662952586}]"}, {"source": 89, "prod": 0, "target": 29, "value": 0.00043595478479615006, "supply": "[{\"l\":'Labor',\"v\":0.00043595478479615006}]"}, {"source": 89, "prod": 0, "target": 8, "value": 0.0034595121632210613, "supply": "[{\"l\":'Labor',\"v\":0.0034595121632210613}]"}, {"source": 89, "prod": 0, "target": 39, "value": 0.0028688637451101486, "supply": "[{\"l\":'Labor',\"v\":0.0028688637451101486}]"}, {"source": 89, "prod": 0, "target": 40, "value": 0.00022500892118510968, "supply": "[{\"l\":'Labor',\"v\":0.00022500892118510968}]"}, {"source": 89, "prod": 0, "target": 16, "value": 0.00052033313024056616, "supply": "[{\"l\":'Labor',\"v\":0.00052033313024056616}]"}, {"source": 89, "prod": 0, "target": 5, "value": 0.0060189886417016843, "supply": "[{\"l\":'Labor',\"v\":0.0060189886417016843}]"}, {"source": 89, "prod": 0, "target": 46, "value": 0.00019688280603697098, "supply": "[{\"l\":'Labor',\"v\":0.00019688280603697098}]"}, {"source": 89, "prod": 0, "target": 6, "value": 0.052581772269445319, "supply": "[{\"l\":'Labor',\"v\":0.052581772269445319}]"}, {"source": 89, "prod": 0, "target": 48, "value": 0.0003515764393517339, "supply": "[{\"l\":'Labor',\"v\":0.0003515764393517339}]"}, {"source": 89, "prod": 0, "target": 49, "value": 0.00054845924538870496, "supply": "[{\"l\":'Labor',\"v\":0.00054845924538870496}]"}, {"source": 89, "prod": 0, "target": 84, "value": 0.00020770054263240879, "supply": "[{\"l\":'Labor',\"v\":0.00020770054263240879}]"}, {"source": 89, "prod": 0, "target": 52, "value": 0.00014063057574069355, "supply": "[{\"l\":'Labor',\"v\":0.00014063057574069355}]"}, {"source": 89, "prod": 0, "target": 15, "value": 7.0315287870346776e-05, "supply": "[{\"l\":'Labor',\"v\":7.0315287870346776e-05}]"}, {"source": 89, "prod": 0, "target": 19, "value": 0.00046408089994428876, "supply": "[{\"l\":'Labor',\"v\":0.00046408089994428876}]"}, {"source": 89, "prod": 0, "target": 14, "value": 0.12139231297936667, "supply": "[{\"l\":'Labor',\"v\":0.12139231297936667}]"}, {"source": 89, "prod": 0, "target": 54, "value": 0.0002531350363332484, "supply": "[{\"l\":'Labor',\"v\":0.0002531350363332484}]"}, {"source": 89, "prod": 0, "target": 57, "value": 0.0020813325209622646, "supply": "[{\"l\":'Labor',\"v\":0.0020813325209622646}]"}, {"source": 89, "prod": 0, "target": 58, "value": 5.6252230296277419e-05, "supply": "[{\"l\":'Labor',\"v\":5.6252230296277419e-05}]"}, {"source": 89, "prod": 0, "target": 59, "value": 0.00655338482951632, "supply": "[{\"l\":'Labor',\"v\":0.00655338482951632}]"}, {"source": 89, "prod": 0, "target": 9, "value": 0.00014063057574069355, "supply": "[{\"l\":'Labor',\"v\":0.00014063057574069355}]"}, {"source": 89, "prod": 0, "target": 74, "value": 4.2189172722208069e-05, "supply": "[{\"l\":'Labor',\"v\":4.2189172722208069e-05}]"}, {"source": 89, "prod": 0, "target": 50, "value": 0.00021094586361104033, "supply": "[{\"l\":'Labor',\"v\":0.00021094586361104033}]"}, {"source": 89, "prod": 0, "target": 20, "value": 0.016256894555624176, "supply": "[{\"l\":'Labor',\"v\":0.016256894555624176}]"}, {"source": 89, "prod": 0, "target": 66, "value": 0.0040501605813319744, "supply": "[{\"l\":'Labor',\"v\":0.0040501605813319744}]"}, {"source": 89, "prod": 0, "target": 68, "value": 0.0031079357238693278, "supply": "[{\"l\":'Labor',\"v\":0.0031079357238693278}]"}, {"source": 89, "prod": 0, "target": 2, "value": 4.2189172722208069e-05, "supply": "[{\"l\":'Labor',\"v\":4.2189172722208069e-05}]"}, {"source": 86, "prod": 0, "target": 79, "value": 14.658969877296672, "supply": "[{\"l\":'Fossil Fuels',\"v\":14.658969877296672}]"}, {"source": 87, "prod": 0, "target": 79, "value": 1.7584385812117771, "supply": "[{\"l\":'Renewables & Nuclear',\"v\":1.3490972491214728},{\"l\":'Biomass & Waste',\"v\":0.40934133209030432}]"}]}