{"nodes": [{"layer": 3, "name": "Cereals", "fill": "#e7ba52"}, {"layer": 5, "name": "Production", "fill": "#b5cf6b"}, {"layer": 3, "name": "Oilcrops", "fill": "#ff9896"}, {"layer": 3, "name": "Sugar Crops", "fill": "#ffbb78"}, {"layer": 3, "name": "Starchy Roots"}, {"layer": 3, "name": "Fruits & Vegetables"}, {"layer": 3, "name": "Others"}, {"layer": 1, "name": "Electricity", "fill": "#bcbd22"}, {"layer": 0, "name": "Fossil Fuels", "fill": "#c49c94"}, {"layer": 0, "name": "Renewables & Nuclear", "fill": "#2ca02c"}, {"layer": 1, "name": "Fertilizers", "fill": "#c5b0d5"}, {"layer": 0, "name": "Labor", "fill": "#7f7f7f"}], "links": [{"source": 0, "prod": 53305.0, "target": 1, "value": 204.29899169502613, "supply": [{"l": "Maize", "v": 37.512541945818164}, {"l": "Barley", "v": 3.7032340673378514}, {"l": "Cereals, Other", "v": 4.6964627415191504}, {"l": "Sorghum", "v": 26.273076627988914}, {"l": "Rice", "v": 100.08853273884527}, {"l": "Wheat", "v": 15.829911483911463}, {"l": "Oats", "v": 0.028735497380953851}, {"l": "Millet", "v": 16.166496592224384}]}, {"source": 2, "prod": 8308.0, "target": 1, "value": 40.016975072709364, "supply": [{"l": "Sunflower seed", "v": 0.35117865084368183}, {"l": "Coconuts - Incl Copra", "v": 3.0284228733303955}, {"l": "Sesame seed", "v": 4.0357274651517212}, {"l": "Cottonseed", "v": 4.4423525680825948}, {"l": "Olives", "v": 0.0045892071984324325}, {"l": "Groundnuts", "v": 18.795245687259509}, {"l": "Oilcrops, Other", "v": 2.5286531663362704}, {"l": "Soyabeans", "v": 0.22923089956170004}, {"l": "Rape and Mustardseed", "v": 0.93619826848021614}, {"l": "Palm kernels", "v": 0.82605729571783781}, {"l": "Oil Palm", "v": 4.8393189907470013}]}, {"source": 3, "prod": 22164.0, "target": 1, "value": 6.8426581250983416, "supply": [{"l": "Sugar cane", "v": 6.8145638330308467}, {"l": "Sugar beet", "v": 0.028094292067494545}]}, {"source": 4, "prod": 30465.0, "target": 1, "value": 33.195526103496533, "supply": [{"l": "Roots, Other", "v": 2.0597509208364362}, {"l": "Yams", "v": 2.3920268397659576}, {"l": "Potatoes", "v": 2.5776385963372594}, {"l": "Sweet potatoes", "v": 6.3143456582563537}, {"l": "Cassava", "v": 19.851764088300524}]}, {"source": 5, "prod": 33813.0, "target": 1, "value": 35.27633581283559, "supply": [{"l": "Plantains", "v": 11.450510531113235}, {"l": "Tomatoes", "v": 0.14709476328463955}, {"l": "Treenuts", "v": 0.89416308339670225}, {"l": "Vegetables, Other", "v": 2.3157712666084542}, {"l": "Peas", "v": 0.90788582084472591}, {"l": "Grapes", "v": 0.35220372588907034}, {"l": "Pulses, Other", "v": 8.8392641771757958}, {"l": "Pineapples", "v": 0.15428125060106454}, {"l": "Citrus, Other", "v": 0.1445112053974468}, {"l": "Grapefruit", "v": 0.054189808198562561}, {"l": "Fruits, Other", "v": 2.3179438173141453}, {"l": "Dates", "v": 0.3909883764453948}, {"l": "Beans", "v": 4.978246808663183}, {"l": "Apples", "v": 0.015484966427415094}, {"l": "Lemons, Limes", "v": 0.046532552692243948}, {"l": "Bananas", "v": 1.8058225732433497}, {"l": "Oranges, Mandarines", "v": 0.14787585502860989}, {"l": "Onions", "v": 0.31356523051156004}]}, {"source": 6, "prod": 1451.0, "target": 1, "value": 2.8372515742635529, "supply": [{"l": "Nuts", "v": 0.89416308339670225}, {"l": "Pepper", "v": 0.024310874838351575}, {"l": "Pimento", "v": 0.87434671474611958}, {"l": "Tea", "v": 0.10122732031926923}, {"l": "Coffee", "v": 0.49797310802221162}, {"l": "Cloves", "v": 0.079878588754583757}, {"l": "Cocoa Beans", "v": 0.091784143968648646}, {"l": "Spices, Other", "v": 0.27356774021766667}]}, {"source": 7, "prod": 0, "target": 0, "value": 0.10074625287462176, "supply": "[{\"l\":'Energy for power irrigation',\"v\":0.10074625287462176}]"}, {"source": 7, "prod": 0, "target": 2, "value": 0.014646573425232923, "supply": "[{\"l\":'Energy for power irrigation',\"v\":0.014646573425232923}]"}, {"source": 7, "prod": 0, "target": 3, "value": 0.039956316038225859, "supply": "[{\"l\":'Energy for power irrigation',\"v\":0.039956316038225859}]"}, {"source": 7, "prod": 0, "target": 4, "value": 0.055243241167845625, "supply": "[{\"l\":'Energy for power irrigation',\"v\":0.055243241167845625}]"}, {"source": 7, "prod": 0, "target": 5, "value": 0.061374133228658298, "supply": "[{\"l\":'Energy for power irrigation',\"v\":0.061374133228658298}]"}, {"source": 7, "prod": 0, "target": 6, "value": 0.0029001501519755005, "supply": "[{\"l\":'Energy for power irrigation',\"v\":0.0029001501519755005}]"}, {"source": 8, "prod": 0, "target": 7, "value": 0.13684558421588161, "supply": [{"l": "Coal", "v": 0.0054541291122256553}, {"l": "Natural gas", "v": 0.026811746422030658}, {"l": "Oil", "v": 0.10457970868162532}]}, {"source": 9, "prod": 0, "target": 7, "value": 0.2213808437842277, "supply": [{"l": "Nuclear", "v": 0.0}, {"l": "Hydroelectric", "v": 0.22063268772876449}, {"l": "Renewable", "v": 0.00074815605546322953}]}, {"source": 8, "prod": 0, "target": 0, "value": 0.60232722128533256, "supply": [{"l": "Motor Gasoline", "v": 0.027061963390405921}, {"l": "Gas-Diesel oil", "v": 0.45530887991683694}, {"l": "Natural gas (including LNG)", "v": 0.073237668668793554}, {"l": "Fuel oil", "v": 0.017824107314573852}, {"l": "Liquefied petroleum gas (LPG)", "v": 0.0096315339982407811}, {"l": "Coal", "v": 0.019263067996481566}]}, {"source": 8, "prod": 0, "target": 2, "value": 0.087566828748967138, "supply": [{"l": "Motor Gasoline", "v": 0.0039342905817233726}, {"l": "Gas-Diesel oil", "v": 0.066193180893404507}, {"l": "Natural gas (including LNG)", "v": 0.010647352740605765}, {"l": "Fuel oil", "v": 0.002591283438075138}, {"l": "Liquefied petroleum gas (LPG)", "v": 0.0014002403650527876}, {"l": "Coal", "v": 0.0028004807301055755}]}, {"source": 8, "prod": 0, "target": 3, "value": 0.23888508133453004, "supply": [{"l": "Motor Gasoline", "v": 0.010732869272940855}, {"l": "Gas-Diesel oil", "v": 0.18057709326031413}, {"l": "Natural gas (including LNG)", "v": 0.029046315388771463}, {"l": "Fuel oil", "v": 0.0070691032632913681}, {"l": "Liquefied petroleum gas (LPG)", "v": 0.0038199000497374136}, {"l": "Coal", "v": 0.0076398000994748298}]}, {"source": 8, "prod": 0, "target": 4, "value": 0.33028035284680923, "supply": [{"l": "Motor Gasoline", "v": 0.014839167982873889}, {"l": "Gas-Diesel oil", "v": 0.24966425590448463}, {"l": "Natural gas (including LNG)", "v": 0.040159172945876405}, {"l": "Fuel oil", "v": 0.0097736782350205231}, {"l": "Liquefied petroleum gas (LPG)", "v": 0.0052813592595179438}, {"l": "Coal", "v": 0.010562718519035889}]}, {"source": 8, "prod": 0, "target": 5, "value": 0.36693484940248045, "supply": [{"l": "Motor Gasoline", "v": 0.016486018081673316}, {"l": "Gas-Diesel oil", "v": 0.27737198217171954}, {"l": "Natural gas (including LNG)", "v": 0.044616035891962641}, {"l": "Fuel oil", "v": 0.010858360542381269}, {"l": "Liquefied petroleum gas (LPG)", "v": 0.0058674842382479128}, {"l": "Coal", "v": 0.011734968476495827}]}, {"source": 8, "prod": 0, "target": 6, "value": 0.017339001029880202, "supply": [{"l": "Motor Gasoline", "v": 0.00077902408278265032}, {"l": "Gas-Diesel oil", "v": 0.013106831069240073}, {"l": "Natural gas (including LNG)", "v": 0.0021082693386568338}, {"l": "Fuel oil", "v": 0.00051309687519118124}, {"l": "Liquefied petroleum gas (LPG)", "v": 0.00027725988800315535}, {"l": "Coal", "v": 0.00055451977600631092}]}, {"source": 10, "prod": 325.9289285670319, "target": 0, "value": 4.3365758676494934, "supply": [{"l": "Potash", "v": 0.28662320280672043}, {"l": "Phosphate", "v": 0.80929274835054033}, {"l": "Nitrogen", "v": 10.735592620431222}]}, {"source": 10, "prod": 47.38381674210185, "target": 2, "value": 0.63045498018340007, "supply": [{"l": "Potash", "v": 0.28662320280672043}, {"l": "Phosphate", "v": 0.80929274835054033}, {"l": "Nitrogen", "v": 10.735592620431222}]}, {"source": 10, "prod": 129.26455232068659, "target": 3, "value": 1.7199011471641021, "supply": [{"l": "Potash", "v": 0.28662320280672043}, {"l": "Phosphate", "v": 0.80929274835054033}, {"l": "Nitrogen", "v": 10.735592620431222}]}, {"source": 10, "prod": 178.72000089982177, "target": 4, "value": 2.3779197703497696, "supply": [{"l": "Potash", "v": 0.28662320280672043}, {"l": "Phosphate", "v": 0.80929274835054033}, {"l": "Nitrogen", "v": 10.735592620431222}]}, {"source": 10, "prod": 198.55433739894289, "target": 5, "value": 2.6418211840447445, "supply": [{"l": "Potash", "v": 0.28662320280672043}, {"l": "Phosphate", "v": 0.80929274835054033}, {"l": "Nitrogen", "v": 10.735592620431222}]}, {"source": 10, "prod": 9.3824117994069702, "target": 6, "value": 0.12483562219697279, "supply": [{"l": "Potash", "v": 0.28662320280672043}, {"l": "Phosphate", "v": 0.80929274835054033}, {"l": "Nitrogen", "v": 10.735592620431222}]}, {"source": 8, "prod": 0, "target": 10, "value": 14.202281034169815, "supply": [{"l": "Natural gas (including LNG)", "v": 9.6068620554501667}, {"l": "Fuel oil", "v": 2.6976755340622325}, {"l": "Liquefied petroleum gas (LPG)", "v": 0.94887172232870709}, {"l": "Coal", "v": 0.94887172232870709}]}, {"source": 11, "prod": 0, "target": 0, "value": 22.561423427601017, "supply": "[{\"l\":'Labor',\"v\":22.561423427601017}]"}, {"source": 11, "prod": 0, "target": 2, "value": 3.2799983660074079, "supply": "[{\"l\":'Labor',\"v\":3.2799983660074079}]"}, {"source": 11, "prod": 0, "target": 3, "value": 8.9479393925185082, "supply": "[{\"l\":'Labor',\"v\":8.9479393925185082}]"}, {"source": 11, "prod": 0, "target": 4, "value": 12.371340074076423, "supply": "[{\"l\":'Labor',\"v\":12.371340074076423}]"}, {"source": 11, "prod": 0, "target": 5, "value": 13.744310758604538, "supply": "[{\"l\":'Labor',\"v\":13.744310758604538}]"}, {"source": 11, "prod": 0, "target": 6, "value": 0.64946847863185453, "supply": "[{\"l\":'Labor',\"v\":0.64946847863185453}]"}]}