{"nodes": [{"layer": 13, "name": "Animal Products", "fill": "#17becf"}, {"layer": 10, "name": "Feed", "fill": "#dbdb8d"}, {"layer": 5, "name": "Cereals", "fill": "#e7ba52"}, {"layer": 5, "name": "Oilcrops", "fill": "#ff9896"}, {"layer": 5, "name": "Sugar Crops", "fill": "#ffbb78"}, {"layer": 5, "name": "Starchy Roots"}, {"layer": 5, "name": "Fruits & Vegetables"}, {"layer": 13, "name": "Aquatic Products", "fill": "#1f77b4"}, {"layer": 13, "name": "Other Processed", "fill": "#9c9ede"}, {"layer": 16, "name": "Food", "fill": "#b5cf6b"}, {"layer": 13, "name": "Sugar", "fill": "#d6616b"}, {"layer": 5, "name": "Others"}, {"layer": 13, "name": "Vegetable Oils", "fill": "#f7b6d2"}, {"layer": 10, "name": "Processing", "fill": "#9edae5"}, {"layer": 16, "name": "Biofuels & Other", "fill": "#e7ba52"}, {"name": "Waste", "fill": "#c7c7c7"}, {"layer": 2, "name": "Import", "fill": "#aec7e8"}, {"layer": 16, "name": "Export", "fill": "#aec7e8"}, {"layer": 0, "name": "Stock Draw", "fill": "#c7c7c7"}, {"layer": 16, "name": "Stock Deposit", "fill": "#c7c7c7"}, {"name": "Crop Residue", "fill": "#bd9e39"}, {"layer": 2, "name": "Electricity", "fill": "#bcbd22"}, {"layer": 0, "name": "Fossil Fuels", "fill": "#c49c94"}, {"layer": 0, "name": "Renewables & Nuclear", "fill": "#2ca02c"}, {"layer": 2, "name": "Fertilizers", "fill": "#c5b0d5"}, {"layer": 0, "name": "Labor", "fill": "#7f7f7f"}], "links": [{"source": 0, "prod": 414.0, "target": 1, "value": 0.31786492435841607, "supply": [{"l": "Milk - Excluding Butter", "v": 0.3164844311361234}, {"l": "Meat, Other", "v": 0.001380493222292683}]}, {"source": 2, "prod": 2314.0, "target": 1, "value": 8.8584758809054378, "supply": [{"l": "Maize", "v": 2.6507007399737819}, {"l": "Wheat", "v": 0.013685426839504477}, {"l": "Cereals, Other", "v": 0.077783930975380111}, {"l": "Millet", "v": 0.74994004414493165}, {"l": "Barley", "v": 0.44334377634986949}, {"l": "Rice", "v": 3.9749682422124692}, {"l": "Sorghum", "v": 0.94805372040950009}]}, {"source": 3, "prod": 1.0, "target": 1, "value": 0.0053062708231875, "supply": [{"l": "Oilcrops, Other", "v": 0.0053062708231875}]}, {"source": 4, "prod": 420.0, "target": 1, "value": 0.16062225194513513, "supply": [{"l": "Sugar cane", "v": 0.16062225194513513}]}, {"source": 5, "prod": 1100.0, "target": 1, "value": 1.233182803159723, "supply": [{"l": "Potatoes", "v": 0.0054690398668435589}, {"l": "Roots, Other", "v": 0.042592140386789303}, {"l": "Yams", "v": 0.068223482012410727}, {"l": "Sweet potatoes", "v": 0.11841362258060528}, {"l": "Cassava", "v": 0.99848451831307405}]}, {"source": 6, "prod": 875.0, "target": 1, "value": 0.97400175366097064, "supply": [{"l": "Plantains", "v": 0.85128371255963431}, {"l": "Pulses, Other", "v": 0.12271804110133631}]}, {"source": 7, "prod": 21.0, "target": 1, "value": 0.018141683265594011, "supply": [{"l": "Pelagic Fish", "v": 0.0083054673754239146}, {"l": "Marine Fish, Other", "v": 0.0017326598606326529}, {"l": "Fish, Seafood", "v": 0.008103556029537445}]}, {"source": 8, "prod": 5146.0, "target": 9, "value": 4.2578261237570683, "supply": [{"l": "Beverages, Alcoholic", "v": 0.42450166585499999}, {"l": "Butter, Ghee", "v": 0.64114389532582761}, {"l": "Fats, Animals, Raw", "v": 0.96468003565548754}, {"l": "Wine", "v": 0.10642436129885915}, {"l": "Beer", "v": 0.31868091565861006}, {"l": "Beverages, Fermented", "v": 1.8023952499632845}]}, {"source": 0, "prod": 9707.0, "target": 9, "value": 11.449948730686666, "supply": [{"l": "Eggs", "v": 0.31682319451617075}, {"l": "Pigmeat", "v": 0.74287791524625002}, {"l": "Offals, Edible", "v": 0.53204208787160012}, {"l": "Milk - Excluding Butter", "v": 5.0882726942950596}, {"l": "Meat, Other", "v": 0.42381141924385368}, {"l": "Mutton & Goat Meat", "v": 1.1663134810271851}, {"l": "Bovine Meat", "v": 2.7569709850466637}, {"l": "Poultry Meat", "v": 0.42283695343988237}]}, {"source": 2, "prod": 34929.0, "target": 9, "value": 134.13921153144673, "supply": [{"l": "Maize", "v": 19.506629428671019}, {"l": "Barley", "v": 3.3906932015238023}, {"l": "Cereals, Other", "v": 4.9859499755218657}, {"l": "Sorghum", "v": 13.569903251831501}, {"l": "Rice", "v": 69.337416743865191}, {"l": "Wheat", "v": 14.314956474121681}, {"l": "Oats", "v": 0.02122508329275}, {"l": "Millet", "v": 9.0124373726189155}]}, {"source": 3, "prod": 891.0, "target": 9, "value": 4.4245139034620724, "supply": [{"l": "Sunflower seed", "v": 0.012735049975650002}, {"l": "Coconuts - Incl Copra", "v": 0.31909170163707301}, {"l": "Sesame seed", "v": 0.73612447965310235}, {"l": "Groundnuts", "v": 2.7592608280575002}, {"l": "Oilcrops, Other", "v": 0.53593335314193746}, {"l": "Soyabeans", "v": 0.049791172837127834}, {"l": "Rape and Mustardseed", "v": 0.011577318159681819}]}, {"source": 4, "prod": 553.0, "target": 9, "value": 0.21148596506109457, "supply": [{"l": "Sugar cane", "v": 0.21148596506109457}]}, {"source": 10, "prod": 2099.0, "target": 9, "value": 8.1192167867647136, "supply": [{"l": "Sugar", "v": 4.940909133002898}, {"l": "Sweeteners, Other", "v": 0.63528869993472414}, {"l": "Honey", "v": 0.21225083292749999}, {"l": "Sugar non-centrifugal", "v": 2.3307681208995898}]}, {"source": 5, "prod": 16701.0, "target": 9, "value": 18.449936615658658, "supply": [{"l": "Roots, Other", "v": 1.0591245576181607}, {"l": "Yams", "v": 1.2735049975650001}, {"l": "Potatoes", "v": 0.95473810246897561}, {"l": "Sweet potatoes", "v": 2.6509011922997767}, {"l": "Cassava", "v": 12.511667765706747}]}, {"source": 6, "prod": 17096.0, "target": 9, "value": 16.569864827461988, "supply": [{"l": "Plantains", "v": 2.4388673186838816}, {"l": "Tomatoes", "v": 0.10630998240542608}, {"l": "Treenuts", "v": 0.42301218632568427}, {"l": "Vegetables, Other", "v": 1.5901649329433594}, {"l": "Peas", "v": 0.74094836221963645}, {"l": "Grapes", "v": 0.10612541646375}, {"l": "Pulses, Other", "v": 4.9878945737962503}, {"l": "Pineapples", "v": 0.055974113462296471}, {"l": "Citrus, Other", "v": 0.10633981124448484}, {"l": "Grapefruit", "v": 0.034286673011365384}, {"l": "Fruits, Other", "v": 1.6960493070356546}, {"l": "Dates", "v": 0.31524467972510656}, {"l": "Beans", "v": 2.4350029290791024}, {"l": "Apples", "v": 0.022011197488777778}, {"l": "Lemons, Limes", "v": 0.027755878152057691}, {"l": "Bananas", "v": 1.1656293868267356}, {"l": "Oranges, Mandarines", "v": 0.10658683131794022}, {"l": "Onions", "v": 0.21166124728047922}]}, {"source": 11, "prod": 603.0, "target": 9, "value": 1.5523469606738498, "supply": [{"l": "Nuts", "v": 0.42157406815944831}, {"l": "Infant food", "v": 0.0023244444400000001}, {"l": "Pepper", "v": 0.010267978605908279}, {"l": "Pimento", "v": 0.63509859618825981}, {"l": "Tea", "v": 0.036385857073285711}, {"l": "Coffee", "v": 0.10569225149859184}, {"l": "Cloves", "v": 0.013690638141211041}, {"l": "Cocoa Beans", "v": 0.0089368771758947391}, {"l": "Spices, Other", "v": 0.31837624939125003}]}, {"source": 7, "prod": 3404.0, "target": 9, "value": 2.7088919112260386, "supply": [{"l": "Crustaceans", "v": 0.033224579721103521}, {"l": "Marine Fish, Other", "v": 0.10569225149859184}, {"l": "Fish, Seafood", "v": 1.3792252362272732}, {"l": "Aquatic Animals, Others", "v": 0.00081035560295374435}, {"l": "Demersal Fish", "v": 0.10644220875170149}, {"l": "Aquatic Products, Other", "v": 0.00081035560295374435}, {"l": "Freshwater Fish", "v": 0.84785860811668301}, {"l": "Cephalopods", "v": 0.0024310668088612332}, {"l": "Pelagic Fish", "v": 0.21132800321911957}, {"l": "Molluscs, Other", "v": 0.021069245676797355}]}, {"source": 12, "prod": 789.0, "target": 9, "value": 8.2591764811887423, "supply": [{"l": "Ricebran Oil", "v": 0.070750277642500012}, {"l": "Sunflowerseed Oil", "v": 0.084900333171}, {"l": "Rape and Mustard Oil", "v": 0.73297287637630004}, {"l": "Sesameseed Oil", "v": 0.85448077255974209}, {"l": "Palmkernel Oil", "v": 0.047166851761666677}, {"l": "Oilcrops Oil, Other", "v": 0.53568067357892868}, {"l": "Maize Germ Oil", "v": 0.099050388699500017}, {"l": "Groundnut Oil", "v": 2.6429310446260819}, {"l": "Soyabean Oil", "v": 0.74287791524625002}, {"l": "Palm Oil", "v": 1.2787029771468981}, {"l": "Coconut Oil", "v": 0.41109635009115797}, {"l": "Olive Oil", "v": 0.12735049975650001}, {"l": "Cottonseed Oil", "v": 0.63121552053221741}]}, {"source": 4, "prod": 15209.0, "target": 13, "value": 5.8164376900799049, "supply": [{"l": "Sugar beet", "v": 0.021416300259351352}, {"l": "Sugar cane", "v": 5.7950213898205538}]}, {"source": 6, "prod": 1178.0, "target": 13, "value": 1.1841518126289545, "supply": [{"l": "Plantains", "v": 1.1760625697210114}, {"l": "Bananas", "v": 0.0070007770980584725}, {"l": "Grapes", "v": 0.0010884658098846154}]}, {"source": 2, "prod": 949.0, "target": 13, "value": 3.4115735508796843, "supply": [{"l": "Maize", "v": 0.16357760527187434}, {"l": "Barley", "v": 0.39723602360948312}, {"l": "Rice", "v": 0.61121373598873729}, {"l": "Sorghum", "v": 1.6343314135417502}, {"l": "Millet", "v": 0.60521477246783961}]}, {"source": 3, "prod": 3621.9591836734694, "target": 13, "value": 18.438177275108067, "supply": [{"l": "Olives", "v": 0.0057886590798409097}, {"l": "Soyabeans", "v": 0.038300902182406019}, {"l": "Oilcrops, Other", "v": 1.4804495596693128}, {"l": "Sunflower seed", "v": 0.093390366488100007}, {"l": "Coconuts - Incl Copra", "v": 0.56663817869184274}, {"l": "Sesame seed", "v": 1.1750977932077047}, {"l": "Cottonseed", "v": 3.7799943791361135}, {"l": "Rape and Mustardseed", "v": 1.279293656644841}, {"l": "Groundnuts", "v": 6.2459631471483412}, {"l": "Palm kernels", "v": 0.30101027215172732}, {"l": "Oil Palm", "v": 3.4722503607078368}]}, {"source": 10, "prod": 336.0, "target": 13, "value": 0.99111693095688902, "supply": [{"l": "Sweeteners, Other", "v": 0.96317964183651728}, {"l": "Sugar non-centrifugal", "v": 0.027937289120371796}]}, {"source": 8, "prod": 102.0, "target": 14, "value": 0.54474285693234681, "supply": [{"l": "Alcohol, Non-Food", "v": 0.028973332918521728}, {"l": "Fats, Animals, Raw", "v": 0.51576952401382503}]}, {"source": 3, "prod": 111.0, "target": 14, "value": 0.44160205854872481, "supply": [{"l": "Cottonseed", "v": 0.31258759031140909}, {"l": "Oilcrops, Other", "v": 0.0053062708231875}, {"l": "Coconuts - Incl Copra", "v": 0.065821606615719105}, {"l": "Palm kernels", "v": 0.05788659079840909}]}, {"source": 4, "prod": 30.0, "target": 14, "value": 0.011473017996081081, "supply": [{"l": "Sugar cane", "v": 0.011473017996081081}]}, {"source": 5, "prod": 139.0, "target": 14, "value": 0.13912936479373741, "supply": [{"l": "Potatoes", "v": 0.03672069624880675}, {"l": "Cassava", "v": 0.10240866854493066}]}, {"source": 6, "prod": 68.0, "target": 14, "value": 0.19673305105019973, "supply": [{"l": "Fruits, Other", "v": 0.0044040518647780989}, {"l": "Pulses, Other", "v": 0.18605638489557441}, {"l": "Lemons, Limes", "v": 0.0059865619543653849}, {"l": "Vegetables, Other", "v": 0.00028605233548180593}]}, {"source": 11, "prod": 45.0, "target": 14, "value": 0.038984846864234687, "supply": [{"l": "Coffee", "v": 0.038984846864234687}]}, {"source": 7, "prod": 157.0, "target": 14, "value": 0.1260394422037148, "supply": [{"l": "Fish, Seafood", "v": 0.06077667022153084}, {"l": "Pelagic Fish", "v": 0.028607720959793484}, {"l": "Marine Fish, Other", "v": 0.0086632993031632646}, {"l": "Aquatic Products, Other", "v": 0.0032414224118149774}, {"l": "Aquatic Plants", "v": 0.0024310668088612332}, {"l": "Demersal Fish", "v": 0.017740368125283582}, {"l": "Freshwater Fish", "v": 0.0045788943732674153}]}, {"source": 12, "prod": 149.0, "target": 14, "value": 1.7556889062687369, "supply": [{"l": "Ricebran Oil", "v": 0.83485327618150007}, {"l": "Coconut Oil", "v": 0.080431894583052638}, {"l": "Cottonseed Oil", "v": 0.16610934750847828}, {"l": "Groundnut Oil", "v": 0.01020436696766827}, {"l": "Oilcrops Oil, Other", "v": 0.37396575325321435}, {"l": "Palm Oil", "v": 0.28069089742248982}, {"l": "Palmkernel Oil", "v": 0.0094333703523333343}]}, {"source": 0, "prod": 25.0, "target": 0, "value": 0.038826371876981708, "supply": [{"l": "Eggs", "v": 0.038826371876981708}]}, {"source": 2, "prod": 2224.0, "target": 2, "value": 8.6297476097239336, "supply": [{"l": "Maize", "v": 0.77327595219431511}, {"l": "Oats", "v": 0.00265313541159375}, {"l": "Barley", "v": 0.40787627424188}, {"l": "Rice", "v": 5.1890798810472392}, {"l": "Sorghum", "v": 0.51293951290812501}, {"l": "Cereals, Other", "v": 0.22557339982860236}, {"l": "Wheat", "v": 1.0743060069011015}, {"l": "Millet", "v": 0.44404344719107797}]}, {"source": 3, "prod": 334.0, "target": 3, "value": 2.0287704981629346, "supply": [{"l": "Soyabeans", "v": 0.0076601804364812044}, {"l": "Sunflower seed", "v": 0.00424501665855}, {"l": "Sesame seed", "v": 0.10805496949036365}, {"l": "Cottonseed", "v": 0.54413395350504545}, {"l": "Rape and Mustardseed", "v": 0.023154636319363639}, {"l": "Groundnuts", "v": 1.2353963252893807}, {"l": "Oilcrops, Other", "v": 0.10612541646375}]}, {"source": 4, "prod": 272.0, "target": 4, "value": 0.10402202983113513, "supply": [{"l": "Sugar cane", "v": 0.10402202983113513}]}, {"source": 5, "prod": 549.0, "target": 5, "value": 0.54812441314988736, "supply": [{"l": "Potatoes", "v": 0.1671963616435031}, {"l": "Yams", "v": 0.31269095922354917}, {"l": "Roots, Other", "v": 0.0056789520515719075}, {"l": "Sweet potatoes", "v": 0.062558140231263173}]}, {"source": 6, "prod": 227.0, "target": 6, "value": 0.89473934739197758, "supply": [{"l": "Beans", "v": 0.29016137963261451}, {"l": "Peas", "v": 0.0424501665855}, {"l": "Pulses, Other", "v": 0.56212780117386307}]}, {"source": 8, "prod": 122.0, "target": 15, "value": 0.052973312574203978, "supply": [{"l": "Beverages, Fermented", "v": 0.052973312574203978}]}, {"source": 0, "prod": 315.0, "target": 15, "value": 0.26302205915448629, "supply": [{"l": "Pigmeat", "v": 0.00424501665855}, {"l": "Eggs", "v": 0.031061097501585366}, {"l": "Milk - Excluding Butter", "v": 0.22376138956839717}, {"l": "Poultry Meat", "v": 0.0016647124151176471}, {"l": "Bovine Meat", "v": 0.0022898430108360996}]}, {"source": 2, "prod": 3103.0, "target": 15, "value": 11.683680021306527, "supply": [{"l": "Maize", "v": 2.4796877890077318}, {"l": "Barley", "v": 0.30502051812871023}, {"l": "Rice", "v": 4.606971561057966}, {"l": "Cereals, Other", "v": 0.31113572390152044}, {"l": "Wheat", "v": 0.96140123547518952}, {"l": "Sorghum", "v": 1.7333818022412502}, {"l": "Millet", "v": 1.2860813914941591}]}, {"source": 3, "prod": 184.0, "target": 15, "value": 0.84986429510807515, "supply": [{"l": "Sunflower seed", "v": 0.00424501665855}, {"l": "Coconuts - Incl Copra", "v": 0.082992460515471891}, {"l": "Sesame seed", "v": 0.081041227117772743}, {"l": "Cottonseed", "v": 0.017365977239522729}, {"l": "Groundnuts", "v": 0.51422588159253413}, {"l": "Oilcrops, Other", "v": 0.1114316872869375}, {"l": "Soyabeans", "v": 0.0038300902182406022}, {"l": "Rape and Mustardseed", "v": 0.034731954479045458}]}, {"source": 4, "prod": 648.0, "target": 15, "value": 0.24781718871535133, "supply": [{"l": "Sugar cane", "v": 0.24781718871535133}]}, {"source": 5, "prod": 1617.0, "target": 15, "value": 1.7789202836506048, "supply": [{"l": "Roots, Other", "v": 0.12635668314747492}, {"l": "Yams", "v": 0.21604102637263395}, {"l": "Potatoes", "v": 0.12735049975650001}, {"l": "Sweet potatoes", "v": 0.3474211002129079}, {"l": "Cassava", "v": 0.96175097416108812}]}, {"source": 6, "prod": 2725.0, "target": 15, "value": 2.5070859008946833, "supply": [{"l": "Plantains", "v": 1.0762082005937559}, {"l": "Citrus, Other", "v": 0.011577318159681818}, {"l": "Grapefruit", "v": 0.0048980961444807687}, {"l": "Tomatoes", "v": 0.012550484033973915}, {"l": "Treenuts", "v": 0.023831672469052635}, {"l": "Vegetables, Other", "v": 0.18478980872124665}, {"l": "Peas", "v": 0.038591060532272729}, {"l": "Grapes", "v": 0.0081634935741346157}, {"l": "Dates", "v": 0.025052557329147539}, {"l": "Beans", "v": 0.258792581834494}, {"l": "Apples", "v": 0.0011584840783567252}, {"l": "Lemons, Limes", "v": 0.0038096303345961533}, {"l": "Pineapples", "v": 0.0060106430563539835}, {"l": "Bananas", "v": 0.17501942745146176}, {"l": "Fruits, Other", "v": 0.19182092566589051}, {"l": "Oranges, Mandarines", "v": 0.0096897119379945676}, {"l": "Pulses, Other", "v": 0.45920299250822622}, {"l": "Onions", "v": 0.015918812469562504}]}, {"source": 11, "prod": 33.0, "target": 15, "value": 0.066672099652870909, "supply": [{"l": "Nuts", "v": 0.026348379259965519}, {"l": "Coffee", "v": 0.012994948954744899}, {"l": "Pimento", "v": 0.026462441507844159}, {"l": "Tea", "v": 0.00086632993031632646}]}, {"source": 16, "prod": 103.0, "target": 11, "value": 0.21244247651646303, "supply": [{"l": "Nuts", "v": 0.11417631012651723}, {"l": "Cocoa Beans", "v": 0.0044684385879473695}, {"l": "Cloves", "v": 0.0034226595353027602}, {"l": "Coffee", "v": 0.016460268676010203}, {"l": "Pimento", "v": 0.0033078051884805199}, {"l": "Pepper", "v": 0.0068453190706055204}, {"l": "Spices, Other", "v": 0.038912652703375003}, {"l": "Tea", "v": 0.022524578188224488}, {"l": "Infant food", "v": 0.0023244444400000001}]}, {"source": 16, "prod": 848.0, "target": 1, "value": 0.70259222200907356, "supply": [{"l": "Pigmeat", "v": 0.02122508329275}, {"l": "Meat, Other", "v": 0.0069024661114634143}, {"l": "Crustaceans", "v": 0.0024310668088612332}, {"l": "Eggs", "v": 0.0031061097501585365}, {"l": "Marine Fish, Other", "v": 0.021658248257908165}, {"l": "Demersal Fish", "v": 0.011404522366253731}, {"l": "Mutton & Goat Meat", "v": 0.0021322001481301374}, {"l": "Freshwater Fish", "v": 0.01678927936864719}, {"l": "Milk - Excluding Butter", "v": 0.45212061590874769}, {"l": "Fish, Seafood", "v": 0.094001249942634355}, {"l": "Pelagic Fish", "v": 0.045218655710641313}, {"l": "Poultry Meat", "v": 0.0049941372453529403}, {"l": "Bovine Meat", "v": 0.020608587097524892}]}, {"source": 16, "prod": 1271.0, "target": 13, "value": 5.8101498136206109, "supply": [{"l": "Sugar", "v": 3.1369584640874622}, {"l": "Beer", "v": 0.028029296597124404}, {"l": "Groundnut Oil", "v": 0.071430568773677899}, {"l": "Beverages, Alcoholic", "v": 0.028300111057000001}, {"l": "Sugar non-centrifugal", "v": 0.015964165211641027}, {"l": "Fats, Animals, Raw", "v": 0.76410299853899999}, {"l": "Soyabean Oil", "v": 0.72165283195350005}, {"l": "Butter, Ghee", "v": 0.14930748247313794}, {"l": "Palm Oil", "v": 0.12475150996555102}, {"l": "Olive Oil", "v": 0.12735049975650001}, {"l": "Coconut Oil", "v": 0.20554817504557898}, {"l": "Rape and Mustard Oil", "v": 0.039620155479800002}, {"l": "Oilcrops Oil, Other", "v": 0.16171492032571433}, {"l": "Wine", "v": 0.10582647162864084}, {"l": "Sweeteners, Other", "v": 0.020493183868862071}, {"l": "Cottonseed Oil", "v": 0.099665608505086961}, {"l": "Palmkernel Oil", "v": 0.0094333703523333343}]}, {"source": 16, "prod": 2096.0, "target": 2, "value": 7.7306687629386515, "supply": [{"l": "Maize", "v": 0.44983841449765449}, {"l": "Barley", "v": 0.12413625737796347}, {"l": "Cereals, Other", "v": 0.12056509301183919}, {"l": "Rice", "v": 2.8481728513760891}, {"l": "Wheat", "v": 3.9277175029377851}, {"l": "Oats", "v": 0.0079594062347812505}, {"l": "Sorghum", "v": 0.173338180224125}, {"l": "Millet", "v": 0.078941057278413856}]}, {"source": 16, "prod": 251.0, "target": 6, "value": 0.34920261318106438, "supply": [{"l": "Pulses, Other", "v": 0.095007515691357139}, {"l": "Tomatoes", "v": 0.011443088383917393}, {"l": "Treenuts", "v": 0.11320044422800001}, {"l": "Vegetables, Other", "v": 0.010869988748308626}, {"l": "Peas", "v": 0.003859106053227273}, {"l": "Grapes", "v": 0.0038096303345961533}, {"l": "Dates", "v": 0.045929688436770491}, {"l": "Beans", "v": 0.019605498623825303}, {"l": "Apples", "v": 0.0063716624309619885}, {"l": "Bananas", "v": 0.0042004662588350835}, {"l": "Fruits, Other", "v": 0.014680172882593663}, {"l": "Oranges, Mandarines", "v": 0.0078440525212336958}, {"l": "Onions", "v": 0.012381298587437502}]}, {"source": 16, "prod": 106.0, "target": 3, "value": 0.50077863142672396, "supply": [{"l": "Coconuts - Incl Copra", "v": 0.037203516782797756}, {"l": "Groundnuts", "v": 0.012542094672988637}, {"l": "Oilcrops, Other", "v": 0.0053062708231875}, {"l": "Cottonseed", "v": 0.011577318159681819}, {"l": "Rape and Mustardseed", "v": 0.42257211282838641}, {"l": "Palm kernels", "v": 0.011577318159681819}]}, {"source": 16, "prod": 124.0, "target": 5, "value": 0.11069509768845981, "supply": [{"l": "Roots, Other", "v": 0.025555284232073584}, {"l": "Potatoes", "v": 0.077347849545358893}, {"l": "Cassava", "v": 0.0077919639110273341}]}, {"source": 8, "prod": 16.0, "target": 17, "value": 0.12315920825103524, "supply": [{"l": "Beer", "v": 0.0012186650694401913}, {"l": "Beverages, Alcoholic", "v": 0.0035375138821250002}, {"l": "Fats, Animals, Raw", "v": 0.028653862445212504}, {"l": "Butter, Ghee", "v": 0.043913965433275866}, {"l": "Fish, Body Oil", "v": 0.045835201420981686}]}, {"source": 0, "prod": 56.0, "target": 17, "value": 0.11659287363528655, "supply": [{"l": "Meat, Other", "v": 0.0082829593337560986}, {"l": "Eggs", "v": 0.0015530548750792683}, {"l": "Milk - Excluding Butter", "v": 0.0022989183859766834}, {"l": "Offals, Edible", "v": 0.0014150055528500001}, {"l": "Bovine Meat", "v": 0.1030429354876245}]}, {"source": 2, "prod": 2836.0, "target": 17, "value": 11.442328289363967, "supply": [{"l": "Maize", "v": 1.0595367614200952}, {"l": "Barley", "v": 0.0035467502107989564}, {"l": "Cereals, Other", "v": 0.023335179292614035}, {"l": "Rice", "v": 9.3386806192564897}, {"l": "Wheat", "v": 0.2326522562715761}, {"l": "Sorghum", "v": 0.39973906868012504}, {"l": "Millet", "v": 0.38483765423226757}]}, {"source": 3, "prod": 1729.0, "target": 17, "value": 7.3995045060083653, "supply": [{"l": "Sunflower seed", "v": 0.02971511660985}, {"l": "Coconuts - Incl Copra", "v": 0.96299872287780341}, {"l": "Sesame seed", "v": 0.82391914236402275}, {"l": "Cottonseed", "v": 0.72358238498011374}, {"l": "Groundnuts", "v": 3.574496981801762}, {"l": "Oilcrops, Other", "v": 0.42450166585499999}, {"l": "Soyabeans", "v": 0.038300902182406019}, {"l": "Rape and Mustardseed", "v": 0.023154636319363639}, {"l": "Palm kernels", "v": 0.79883495301804541}]}, {"source": 4, "prod": 24.0, "target": 17, "value": 0.0091784143968648649, "supply": [{"l": "Sugar cane", "v": 0.0091784143968648649}]}, {"source": 10, "prod": 236.0, "target": 17, "value": 0.94036877645867678, "supply": [{"l": "Sugar", "v": 0.92991262357808979}, {"l": "Sugar non-centrifugal", "v": 0.0039910413029102566}, {"l": "Sweeteners, Other", "v": 0.002927597695551724}, {"l": "Honey", "v": 0.0035375138821250002}]}, {"source": 5, "prod": 273.0, "target": 17, "value": 0.30087472992112108, "supply": [{"l": "Roots, Other", "v": 0.0014197380128929769}, {"l": "Potatoes", "v": 0.0078129140954907965}, {"l": "Cassava", "v": 0.29164207781273732}]}, {"source": 6, "prod": 757.0, "target": 17, "value": 1.9746622044924977, "supply": [{"l": "Treenuts", "v": 0.61068660701947375}, {"l": "Vegetables, Other", "v": 0.0014302616774090296}, {"l": "Peas", "v": 0.038591060532272729}, {"l": "Grapes", "v": 0.056600222114000003}, {"l": "Dates", "v": 0.018789417996860656}, {"l": "Beans", "v": 0.58032275926522903}, {"l": "Pulses, Other", "v": 0.58983832658384228}, {"l": "Pineapples", "v": 0.0026296563371548676}, {"l": "Bananas", "v": 0.053205905945244387}, {"l": "Fruits, Other", "v": 0.012233477402161385}, {"l": "Grapefruit", "v": 0.0027211645247115384}, {"l": "Oranges, Mandarines", "v": 0.0023070742709510876}, {"l": "Onions", "v": 0.0053062708231875009}]}, {"source": 11, "prod": 881.0, "target": 17, "value": 1.2953045669945829, "supply": [{"l": "Nuts", "v": 0.60015752758810348}, {"l": "Coffee", "v": 0.48514476097714282}, {"l": "Cloves", "v": 0.044494573958935878}, {"l": "Cocoa Beans", "v": 0.073729236701131601}, {"l": "Pimento", "v": 0.0066156103769610397}, {"l": "Pepper", "v": 0.013690638141211041}, {"l": "Spices, Other", "v": 0.02122508329275}, {"l": "Tea", "v": 0.050247135958346935}]}, {"source": 7, "prod": 765.0, "target": 17, "value": 0.64224128676940972, "supply": [{"l": "Pelagic Fish", "v": 0.22055630030292395}, {"l": "Crustaceans", "v": 0.0016207112059074887}, {"l": "Marine Fish, Other", "v": 0.025989897909489797}, {"l": "Demersal Fish", "v": 0.0044350920313208954}, {"l": "Freshwater Fish", "v": 0.080893800594390997}, {"l": "Fish, Seafood", "v": 0.30874548472537661}]}, {"source": 12, "prod": 265.0, "target": 17, "value": 2.7048733606017792, "supply": [{"l": "Groundnut Oil", "v": 1.7755598523742788}, {"l": "Palm Oil", "v": 0.30148281575008162}, {"l": "Coconut Oil", "v": 0.089368771758947377}, {"l": "Sesameseed Oil", "v": 0.010954881699483872}, {"l": "Oilcrops Oil, Other", "v": 0.080857460162857164}, {"l": "Cottonseed Oil", "v": 0.27684891251413046}, {"l": "Palmkernel Oil", "v": 0.16980066634200003}]}, {"source": 18, "prod": 11.0, "target": 6, "value": 0.032768549644947374, "supply": [{"l": "Treenuts", "v": 0.032768549644947374}]}, {"source": 18, "prod": 130.0, "target": 3, "value": 0.78719259374510708, "supply": [{"l": "Oilcrops, Other", "v": 0.047756437408687499}, {"l": "Coconuts - Incl Copra", "v": 0.0057236179665842704}, {"l": "Groundnuts", "v": 0.7337125383698353}]}, {"source": 18, "prod": 68.0, "target": 5, "value": 0.075693363707122666, "supply": [{"l": "Cassava", "v": 0.075693363707122666}]}, {"source": 11, "prod": 2.0, "target": 19, "value": 0.005656878829276445, "supply": [{"l": "Pepper", "v": 0.0034226595353027602}, {"l": "Cocoa Beans", "v": 0.0022342192939736848}]}, {"source": 7, "prod": 22.0, "target": 19, "value": 0.019065038424675974, "supply": [{"l": "Fish, Seafood", "v": 0.0089139116324911897}, {"l": "Pelagic Fish", "v": 0.010151126792184783}]}, {"source": 2, "prod": 277.0, "target": 19, "value": 0.94694758733740259, "supply": [{"l": "Oats", "v": 0.00265313541159375}, {"l": "Wheat", "v": 0.94429445192580885}]}, {"source": 6, "prod": 21.0, "target": 19, "value": 0.082508133920038154, "supply": [{"l": "Beans", "v": 0.023526598348590368}, {"l": "Pulses, Other", "v": 0.043545111358538689}, {"l": "Peas", "v": 0.015436424212909092}]}, {"source": 18, "prod": 21.0, "target": 1, "value": 0.016092428701836782, "supply": [{"l": "Milk - Excluding Butter", "v": 0.016092428701836782}]}, {"source": 3, "prod": 34.0, "target": 19, "value": 0.19956365907957802, "supply": [{"l": "Cottonseed", "v": 0.063675249878250004}, {"l": "Sesame seed", "v": 0.087794662710920471}, {"l": "Soyabeans", "v": 0.019150451091203009}, {"l": "Palm kernels", "v": 0.028943295399204545}]}, {"source": 18, "prod": 16.0, "target": 11, "value": 0.041647883512623468, "supply": [{"l": "Nuts", "v": 0.032203574651068968}, {"l": "Cloves", "v": 0.0068453190706055204}, {"l": "Coffee", "v": 0.0017326598606326529}, {"l": "Tea", "v": 0.00086632993031632646}]}, {"source": 18, "prod": 220.0, "target": 13, "value": 0.98805234350201876, "supply": [{"l": "Sugar", "v": 0.80219930188496169}, {"l": "Groundnut Oil", "v": 0.081634935741346157}, {"l": "Sugar non-centrifugal", "v": 0.0079820826058205133}, {"l": "Fats, Animals, Raw", "v": 0.0095512874817375009}, {"l": "Fish, Body Oil", "v": 0.0091670402841963379}, {"l": "Cottonseed Oil", "v": 0.077517695503956527}]}, {"source": 5, "prod": 150.0, "target": 19, "value": 0.16756644704802637, "supply": [{"l": "Sweet potatoes", "v": 0.16756644704802637}]}, {"source": 18, "prod": 824.0, "target": 2, "value": 2.9961672339226624, "supply": [{"l": "Maize", "v": 0.72866387802925847}, {"l": "Rice", "v": 0.6236874857027932}, {"l": "Sorghum", "v": 0.994041400877125}, {"l": "Cereals, Other", "v": 0.011667589646307017}, {"l": "Millet", "v": 0.63810687966717872}]}, {"source": 1, "prod": 4369.0, "target": 7, "value": 3.514379361889433, "supply": [{"l": "Pelagic Fish", "v": 0.47894861864944571}, {"l": "Crustaceans", "v": 0.034845290927011011}, {"l": "Freshwater Fish", "v": 0.93333130308434142}, {"l": "Molluscs, Other", "v": 0.021069245676797355}, {"l": "Aquatic Animals, Others", "v": 0.00081035560295374435}, {"l": "Aquatic Plants", "v": 0.0024310668088612332}, {"l": "Demersal Fish", "v": 0.12861766890830598}, {"l": "Aquatic Products, Other", "v": 0.0040517780147687216}, {"l": "Fish, Seafood", "v": 1.7657648588362094}, {"l": "Marine Fish, Other", "v": 0.14207810857187755}, {"l": "Cephalopods", "v": 0.0024310668088612332}]}, {"source": 1, "prod": 10492.0, "target": 0, "value": 12.147428587834854, "supply": [{"l": "Poultry Meat", "v": 0.42450166585499999}, {"l": "Pigmeat", "v": 0.74712293190480006}, {"l": "Bovine Meat", "v": 2.8623037635451243}, {"l": "Eggs", "v": 0.38826371876981713}, {"l": "Milk - Excluding Butter", "v": 5.6308174333855563}, {"l": "Offals, Edible", "v": 0.53345709342445014}, {"l": "Meat, Other", "v": 0.43347487179990246}, {"l": "Mutton & Goat Meat", "v": 1.1663134810271851}]}, {"source": 13, "prod": 5386.0, "target": 8, "value": 4.9787015015146538, "supply": [{"l": "Fats, Animals, Raw", "v": 1.509103422114525}, {"l": "Alcohol, Non-Food", "v": 0.028973332918521728}, {"l": "Beverages, Fermented", "v": 1.8553685625374885}, {"l": "Fish, Body Oil", "v": 0.045835201420981686}, {"l": "Beer", "v": 0.31989958072805025}, {"l": "Beverages, Alcoholic", "v": 0.42803917973712496}, {"l": "Butter, Ghee", "v": 0.68505786075910347}, {"l": "Wine", "v": 0.10642436129885915}]}, {"source": 13, "prod": 1203.0, "target": 12, "value": 12.719738748059259, "supply": [{"l": "Olive Oil", "v": 0.12735049975650001}, {"l": "Ricebran Oil", "v": 0.90560355382400004}, {"l": "Sesameseed Oil", "v": 0.86543565425922597}, {"l": "Soyabean Oil", "v": 0.74287791524625002}, {"l": "Coconut Oil", "v": 0.58089701643315805}, {"l": "Cottonseed Oil", "v": 1.0741737805548262}, {"l": "Rape and Mustard Oil", "v": 0.73297287637630004}, {"l": "Maize Germ Oil", "v": 0.099050388699500017}, {"l": "Groundnut Oil", "v": 4.428695263968029}, {"l": "Palm Oil", "v": 1.8608766903194693}, {"l": "Palmkernel Oil", "v": 0.22640088845600004}, {"l": "Oilcrops Oil, Other", "v": 0.99050388699500025}, {"l": "Sunflowerseed Oil", "v": 0.084900333171}]}, {"source": 13, "prod": 2671.0, "target": 10, "value": 10.050702494180278, "supply": [{"l": "Honey", "v": 0.215788346809625}, {"l": "Sweeteners, Other", "v": 1.6013959394667932}, {"l": "Sugar non-centrifugal", "v": 2.3626964513228716}, {"l": "Sugar", "v": 5.8708217565809875}]}, {"source": 5, "prod": 10175.25, "target": 20, "value": 35.006750883975009, "supply": [{"l": "Roots, Other", "v": 1.5001383304650002}, {"l": "Yams", "v": 2.8677833278500002}, {"l": "Potatoes", "v": 2.812868327955}, {"l": "Sweet potatoes", "v": 4.9615266571800003}, {"l": "Cassava", "v": 23.335388288714999}]}, {"source": 4, "prod": 6862.2000000000007, "target": 20, "value": 23.926203954252006, "supply": [{"l": "Sugar beet", "v": 0.078101333184000019}, {"l": "Sugar cane", "v": 23.848102621068001}]}, {"source": 6, "prod": 22807.5, "target": 20, "value": 130.56617692099775, "supply": [{"l": "Vegetables, Other", "v": 21.587696625390002}, {"l": "Pulses, Other", "v": 6.0458799884400003}, {"l": "Beans", "v": 3.1606633272900004}, {"l": "Onions", "v": 1.3406233307700002}, {"l": "Tomatoes", "v": 1.0686633312899998}, {"l": "Peas", "v": 0.77403999852000016}]}, {"source": 2, "prod": 91439.0, "target": 20, "value": 345.64140630534871, "supply": [{"l": "Sorghum", "v": 37.861713260940007}, {"l": "Rice", "v": 154.20131970516002}, {"l": "Wheat", "v": 29.828433276299997}, {"l": "Oats", "v": 0.041731041586874996}, {"l": "Maize", "v": 50.221946570640007}, {"l": "Barley", "v": 9.605766648300003}, {"l": "Cereals, Other", "v": 9.9858133142400014}, {"l": "Millet", "v": 27.056533281600004}]}, {"source": 3, "prod": 6065.0, "target": 20, "value": 18.222911997029708, "supply": [{"l": "Coconuts - Incl Copra", "v": 4.8290333241000001}, {"l": "Sesame seed", "v": 1.5079833304500003}, {"l": "Groundnuts", "v": 8.1675166510500006}, {"l": "Oilcrops, Other", "v": 1.76773999662}, {"l": "Soyabeans", "v": 0.081897343201804515}, {"l": "Palm kernels", "v": 0.69384666533999995}, {"l": "Sunflower seed", "v": 0.085655777613999992}, {"l": "Cottonseed", "v": 3.2373699938099998}, {"l": "Olives", "v": 0.0034866666600000002}, {"l": "Rape and Mustardseed", "v": 0.6990766653299999}]}, {"source": 21, "prod": 0, "target": 2, "value": 0.096599489473255473, "supply": "[{\"l\":'Energy for power irrigation',\"v\":0.096599489473255473}]"}, {"source": 21, "prod": 0, "target": 3, "value": 0.013678695598851768, "supply": "[{\"l\":'Energy for power irrigation',\"v\":0.013678695598851768}]"}, {"source": 21, "prod": 0, "target": 4, "value": 0.036247389880869965, "supply": "[{\"l\":'Energy for power irrigation',\"v\":0.036247389880869965}]"}, {"source": 21, "prod": 0, "target": 5, "value": 0.042998018581250574, "supply": "[{\"l\":'Energy for power irrigation',\"v\":0.042998018581250574}]"}, {"source": 21, "prod": 0, "target": 6, "value": 0.048189347131120726, "supply": "[{\"l\":'Energy for power irrigation',\"v\":0.048189347131120726}]"}, {"source": 21, "prod": 0, "target": 11, "value": 0.0032052280871603706, "supply": "[{\"l\":'Energy for power irrigation',\"v\":0.0032052280871603706}]"}, {"source": 21, "prod": 0, "target": 13, "value": 0.015687148928860768, "supply": "[{\"l\":'Electricity',\"v\":0.015687148928860768}]"}, {"source": 22, "prod": 0, "target": 21, "value": 0.19577836008542251, "supply": [{"l": "Coal", "v": 0.013659348975567445}, {"l": "Natural gas", "v": 0.025025908779178718}, {"l": "Oil", "v": 0.15709310233067636}]}, {"source": 23, "prod": 0, "target": 21, "value": 0.1816558488795004, "supply": [{"l": "Nuclear", "v": 0.0}, {"l": "Hydroelectric", "v": 0.18060369194881826}, {"l": "Renewable", "v": 0.0010521569306821521}]}, {"source": 22, "prod": 0, "target": 2, "value": 0.22130237412239856, "supply": [{"l": "Motor Gasoline", "v": 0.023025723465090523}, {"l": "Gas-Diesel oil", "v": 0.067050075101505138}, {"l": "Natural gas (including LNG)", "v": 0.080118528277435264}, {"l": "Fuel oil", "v": 0.019498726159086655}, {"l": "Liquefied petroleum gas (LPG)", "v": 0.010536440373093661}, {"l": "Coal", "v": 0.021072880746187329}]}, {"source": 22, "prod": 0, "target": 3, "value": 0.031336892435250299, "supply": [{"l": "Motor Gasoline", "v": 0.0032604919957626892}, {"l": "Gas-Diesel oil", "v": 0.0094944349312276952}, {"l": "Natural gas (including LNG)", "v": 0.011344956025243281}, {"l": "Fuel oil", "v": 0.0027610615868664374}, {"l": "Liquefied petroleum gas (LPG)", "v": 0.0014919826320500661}, {"l": "Coal", "v": 0.0029839652641001327}]}, {"source": 22, "prod": 0, "target": 4, "value": 0.083040122469773478, "supply": [{"l": "Motor Gasoline", "v": 0.0086400288477643129}, {"l": "Gas-Diesel oil", "v": 0.025159451949471699}, {"l": "Natural gas (including LNG)", "v": 0.030063176803410811}, {"l": "Fuel oil", "v": 0.0073165803786614265}, {"l": "Liquefied petroleum gas (LPG)", "v": 0.0039536281634884093}, {"l": "Coal", "v": 0.0079072563269768203}]}, {"source": 22, "prod": 0, "target": 5, "value": 0.098505319712111281, "supply": [{"l": "Motor Gasoline", "v": 0.010249127514000037}, {"l": "Gas-Diesel oil", "v": 0.029845089149119746}, {"l": "Natural gas (including LNG)", "v": 0.035662072194795356}, {"l": "Fuel oil", "v": 0.0086792031124682673}, {"l": "Liquefied petroleum gas (LPG)", "v": 0.0046899425805759587}, {"l": "Coal", "v": 0.0093798851611519209}]}, {"source": 22, "prod": 0, "target": 6, "value": 0.11039827421114852, "supply": [{"l": "Motor Gasoline", "v": 0.011486547051696806}, {"l": "Gas-Diesel oil", "v": 0.033448410150539225}, {"l": "Natural gas (including LNG)", "v": 0.039967701608451638}, {"l": "Fuel oil", "v": 0.009727079186635219}, {"l": "Liquefied petroleum gas (LPG)", "v": 0.005256178737941878}, {"l": "Coal", "v": 0.010512357475883758}]}, {"source": 22, "prod": 0, "target": 11, "value": 0.0073429434167844925, "supply": [{"l": "Motor Gasoline", "v": 0.00076400709755229874}, {"l": "Gas-Diesel oil", "v": 0.0022247610741364908}, {"l": "Natural gas (including LNG)", "v": 0.0026583800653303138}, {"l": "Fuel oil", "v": 0.00064697924481532947}, {"l": "Liquefied petroleum gas (LPG)", "v": 0.00034960531165001988}, {"l": "Coal", "v": 0.00069921062330003997}]}, {"source": 22, "prod": 0, "target": 1, "value": 1.7326628284897891, "supply": [{"l": "Gas-diesel oils used in fisheries", "v": 0.012350555565435999}, {"l": "Fossil fuels in fisheries", "v": 1.7203122729243532}]}, {"source": 24, "prod": 279.91744942121784, "target": 2, "value": 3.7243802243359281, "supply": [{"l": "Potash", "v": 0.22501939677125679}, {"l": "Phosphate", "v": 0.6353517937903711}, {"l": "Nitrogen", "v": 8.4281961536114309}]}, {"source": 24, "prod": 39.636913241657403, "target": 3, "value": 0.52738025491510443, "supply": [{"l": "Potash", "v": 0.22501939677125679}, {"l": "Phosphate", "v": 0.6353517937903711}, {"l": "Nitrogen", "v": 8.4281961536114309}]}, {"source": 24, "prod": 105.03447770744873, "target": 4, "value": 1.3975132041819138, "supply": [{"l": "Potash", "v": 0.22501939677125679}, {"l": "Phosphate", "v": 0.6353517937903711}, {"l": "Nitrogen", "v": 8.4281961536114309}]}, {"source": 24, "prod": 124.59585197665096, "target": 5, "value": 1.6577827788000372, "supply": [{"l": "Potash", "v": 0.22501939677125679}, {"l": "Phosphate", "v": 0.6353517937903711}, {"l": "Nitrogen", "v": 8.4281961536114309}]}, {"source": 24, "prod": 139.63882430198112, "target": 6, "value": 1.8579337474500306, "supply": [{"l": "Potash", "v": 0.22501939677125679}, {"l": "Phosphate", "v": 0.6353517937903711}, {"l": "Nitrogen", "v": 8.4281961536114309}]}, {"source": 24, "prod": 9.287826217959239, "target": 11, "value": 0.12357713449004479, "supply": [{"l": "Potash", "v": 0.22501939677125679}, {"l": "Phosphate", "v": 0.6353517937903711}, {"l": "Nitrogen", "v": 8.4281961536114309}]}, {"source": 22, "prod": 0, "target": 24, "value": 11.149790665202286, "supply": [{"l": "Natural gas (including LNG)", "v": 7.542063180557645}, {"l": "Fuel oil", "v": 2.117865251015989}, {"l": "Liquefied petroleum gas (LPG)", "v": 0.74493111681432567}, {"l": "Coal", "v": 0.74493111681432567}]}, {"source": 25, "prod": 0, "target": 2, "value": 18.870955683218124, "supply": "[{\"l\":'Labor',\"v\":18.870955683218124}]"}, {"source": 25, "prod": 0, "target": 3, "value": 2.6721679364737052, "supply": "[{\"l\":'Labor',\"v\":2.6721679364737052}]"}, {"source": 25, "prod": 0, "target": 4, "value": 7.081019701078282, "supply": "[{\"l\":'Labor',\"v\":7.081019701078282}]"}, {"source": 25, "prod": 0, "target": 5, "value": 8.3997721679224497, "supply": "[{\"l\":'Labor',\"v\":8.3997721679224497}]"}, {"source": 25, "prod": 0, "target": 6, "value": 9.4139113889040207, "supply": "[{\"l\":'Labor',\"v\":9.4139113889040207}]"}, {"source": 25, "prod": 0, "target": 11, "value": 0.62614944982867038, "supply": "[{\"l\":'Labor',\"v\":0.62614944982867038}]"}, {"source": 22, "prod": 0, "target": 16, "value": 1.4779232332364984, "supply": "[{\"l\":'Fossil Fuels',\"v\":1.4779232332364984}]"}, {"source": 23, "prod": 0, "target": 16, "value": 8.5803761751398042, "supply": "[{\"l\":'Renewables & Nuclear',\"v\":0.10541036661354548},{\"l\":'Biomass & Waste',\"v\":8.4749658085262585}]"}]}