{"nodes": [{"layer": 13, "name": "Aquatic Products", "fill": "#1f77b4"}, {"layer": 10, "name": "Feed", "fill": "#dbdb8d"}, {"layer": 5, "name": "Sugar Crops", "fill": "#ffbb78"}, {"layer": 13, "name": "Animal Products", "fill": "#17becf"}, {"layer": 5, "name": "Cereals", "fill": "#e7ba52"}, {"layer": 5, "name": "Fruits, Roots & Vegetables", "fill": "#98df8a"}, {"layer": 13, "name": "Other Processed", "fill": "#9c9ede"}, {"layer": 16, "name": "Food", "fill": "#b5cf6b"}, {"layer": 5, "name": "Oilcrops", "fill": "#ff9896"}, {"layer": 13, "name": "Sugar", "fill": "#d6616b"}, {"layer": 13, "name": "Vegetable Oils", "fill": "#f7b6d2"}, {"layer": 10, "name": "Processing", "fill": "#9edae5"}, {"layer": 16, "name": "Biofuels & Other", "fill": "#e7ba52"}, {"name": "Waste", "fill": "#c7c7c7"}, {"layer": 2, "name": "Import", "fill": "#aec7e8"}, {"layer": 16, "name": "Export", "fill": "#aec7e8"}, {"layer": 0, "name": "Stock Draw", "fill": "#c7c7c7"}, {"layer": 16, "name": "Stock Deposit", "fill": "#c7c7c7"}, {"name": "Crop Residue", "fill": "#bd9e39"}, {"layer": 2, "name": "Electricity", "fill": "#bcbd22"}, {"layer": 0, "name": "Fossil Fuels", "fill": "#c49c94"}, {"layer": 0, "name": "Renewables & Nuclear", "fill": "#2ca02c"}, {"layer": 2, "name": "Fertilizers", "fill": "#c5b0d5"}, {"layer": 0, "name": "Labor", "fill": "#7f7f7f"}], "links": [{"source": 0, "prod": 7.0, "target": 1, "value": 0.0063793727860777753, "supply": [{"l": "Pelagic Fish", "v": 0.0032240632849746841}, {"l": "Marine Fish, Other", "v": 0.00086632993031632646}, {"l": "Fish, Seafood", "v": 0.0022889795707867647}]}, {"source": 2, "prod": 526.0, "target": 1, "value": 0.20770965231602795, "supply": [{"l": "Sugar cane", "v": 0.20770965231602795}]}, {"source": 3, "prod": 393.0, "target": 1, "value": 0.30160783904982924, "supply": [{"l": "Milk - Excluding Butter", "v": 0.30018094269401413}, {"l": "Meat, Other", "v": 0.001426896355815126}]}, {"source": 4, "prod": 2133.0, "target": 1, "value": 8.0736321393216581, "supply": [{"l": "Maize", "v": 2.787157843230093}, {"l": "Wheat", "v": 0.010246591934431035}, {"l": "Oats", "v": 0.0023260365252328768}, {"l": "Millet", "v": 0.8161464231099238}, {"l": "Barley", "v": 0.4481326150121675}, {"l": "Rice", "v": 2.9537367389364739}, {"l": "Sorghum", "v": 1.0126995939314407}, {"l": "Cereals, Other", "v": 0.043186296641895952}]}, {"source": 5, "prod": 2043.0, "target": 1, "value": 2.3071064909857237, "supply": [{"l": "Potatoes", "v": 0.0059430233219700005}, {"l": "Roots, Other", "v": 0.038466170368737868}, {"l": "Yams", "v": 0.06295979763242697}, {"l": "Sweet potatoes", "v": 0.10241158958856046}, {"l": "Plantains", "v": 1.0672735533385129}, {"l": "Pulses, Other", "v": 0.14115959009154216}, {"l": "Cassava", "v": 0.88889276664397332}]}, {"source": 6, "prod": 5229.0, "target": 7, "value": 4.0360674645983963, "supply": [{"l": "Beverages, Alcoholic", "v": 0.49651534131254471}, {"l": "Butter, Ghee", "v": 0.58486896184466675}, {"l": "Fats, Animals, Raw", "v": 0.78644519147873693}, {"l": "Wine", "v": 0.098074522800982764}, {"l": "Beer", "v": 0.19665689418180612}, {"l": "Beverages, Fermented", "v": 1.8735065529796588}]}, {"source": 3, "prod": 8726.0, "target": 7, "value": 10.147366570662564, "supply": [{"l": "Eggs", "v": 0.29491694680452629}, {"l": "Pigmeat", "v": 0.48817691573325001}, {"l": "Offals, Edible", "v": 0.49109016245970577}, {"l": "Milk - Excluding Butter", "v": 4.5341106165593308}, {"l": "Meat, Other", "v": 0.39525029056078992}, {"l": "Mutton & Goat Meat", "v": 1.0839198644433328}, {"l": "Bovine Meat", "v": 2.5654893284280003}, {"l": "Poultry Meat", "v": 0.29441244567362906}]}, {"source": 4, "prod": 32507.0, "target": 7, "value": 124.90903046983588, "supply": [{"l": "Maize", "v": 17.543135985284486}, {"l": "Barley", "v": 3.2533722129229803}, {"l": "Cereals, Other", "v": 4.7308624957713299}, {"l": "Sorghum", "v": 15.083140595127286}, {"l": "Rice", "v": 63.68189939684558}, {"l": "Wheat", "v": 12.422284955175225}, {"l": "Oats", "v": 0.016282255676630136}, {"l": "Millet", "v": 8.1780525730323657}]}, {"source": 8, "prod": 793.0, "target": 7, "value": 3.9075642052061728, "supply": [{"l": "Sunflower seed", "v": 0.00424501665855}, {"l": "Coconuts - Incl Copra", "v": 0.2955184673836731}, {"l": "Sesame seed", "v": 0.68716207160278131}, {"l": "Groundnuts", "v": 2.457641223371053}, {"l": "Oilcrops, Other", "v": 0.3976910343273159}, {"l": "Soyabeans", "v": 0.043988216099467389}, {"l": "Rape and Mustardseed", "v": 0.021318175763332239}]}, {"source": 5, "prod": 31463.0, "target": 7, "value": 34.118505499180955, "supply": [{"l": "Roots, Other", "v": 0.98500871979946614}, {"l": "Plantains", "v": 2.2667939748544987}, {"l": "Nuts", "v": 0.49525194349750001}, {"l": "Infant food", "v": 0.0023244444400000001}, {"l": "Tomatoes", "v": 0.09878590168027572}, {"l": "Pepper", "v": 0.014841808570486909}, {"l": "Treenuts", "v": 0.48817691573325001}, {"l": "Vegetables, Other", "v": 1.5774634876745082}, {"l": "Peas", "v": 0.59061101336347843}, {"l": "Grapes", "v": 0.099303068262508953}, {"l": "Pimento", "v": 0.68833751134209509}, {"l": "Pulses, Other", "v": 4.5288701821036446}, {"l": "Pineapples", "v": 0.055479425636495057}, {"l": "Citrus, Other", "v": 0.098448258677010625}, {"l": "Tea", "v": 0.031376210084934783}, {"l": "Grapefruit", "v": 0.045429125644131575}, {"l": "Fruits, Other", "v": 1.6755157291125646}, {"l": "Yams", "v": 1.1836441954896271}, {"l": "Coffee", "v": 0.099665608505086961}, {"l": "Cloves", "v": 0.0074209042852434546}, {"l": "Dates", "v": 0.29502865776922499}, {"l": "Cocoa Beans", "v": 0.009988274490705884}, {"l": "Potatoes", "v": 0.88635947830523998}, {"l": "Beans", "v": 2.1713260208483249}, {"l": "Apples", "v": 0.015791461969806003}, {"l": "Lemons, Limes", "v": 0.034258029174263155}, {"l": "Bananas", "v": 1.0835963575772367}, {"l": "Spices, Other", "v": 0.49037261400491389}, {"l": "Sweet potatoes", "v": 2.4657559647091865}, {"l": "Oranges, Mandarines", "v": 0.099220871296228932}, {"l": "Onions", "v": 0.09839224658189534}, {"l": "Cassava", "v": 11.43566709369712}]}, {"source": 2, "prod": 498.0, "target": 7, "value": 0.19665286474026974, "supply": [{"l": "Sugar cane", "v": 0.19665286474026974}]}, {"source": 9, "prod": 1762.0, "target": 7, "value": 6.8474420030123841, "supply": [{"l": "Sugar", "v": 4.3824743408268576}, {"l": "Sweeteners, Other", "v": 0.49253077897278852}, {"l": "Honey", "v": 0.19357275962987999}, {"l": "Sugar non-centrifugal", "v": 1.7788641235828575}]}, {"source": 0, "prod": 2844.0, "target": 7, "value": 2.2232147986233892, "supply": [{"l": "Crustaceans", "v": 0.032045713991014704}, {"l": "Marine Fish, Other", "v": 0.099627941986377533}, {"l": "Fish, Seafood", "v": 1.0849763165529263}, {"l": "Demersal Fish", "v": 0.098009943440051484}, {"l": "Freshwater Fish", "v": 0.68976021975195845}, {"l": "Cephalopods", "v": 0.0022889795707867647}, {"l": "Pelagic Fish", "v": 0.19666786038345574}, {"l": "Molluscs, Other", "v": 0.019837822946818625}]}, {"source": 10, "prod": 692.0, "target": 7, "value": 7.2063268951900854, "supply": [{"l": "Ricebran Oil", "v": 0.084900333171}, {"l": "Sunflowerseed Oil", "v": 0.10612541646375}, {"l": "Rape and Mustard Oil", "v": 0.97324772171634155}, {"l": "Sesameseed Oil", "v": 0.68344768202655004}, {"l": "Palmkernel Oil", "v": 0.047166851761666677}, {"l": "Oilcrops Oil, Other", "v": 0.48238825665340912}, {"l": "Maize Germ Oil", "v": 0.084900333171}, {"l": "Groundnut Oil", "v": 2.3772093287879996}, {"l": "Soyabean Oil", "v": 0.20163829128112501}, {"l": "Palm Oil", "v": 1.0928659908181915}, {"l": "Coconut Oil", "v": 0.38954270513752948}, {"l": "Olive Oil", "v": 0.084900333171}, {"l": "Cottonseed Oil", "v": 0.59799365103052182}]}, {"source": 5, "prod": 1436.0, "target": 11, "value": 1.4807867612849772, "supply": [{"l": "Plantains", "v": 1.4733127657896605}, {"l": "Bananas", "v": 0.0059579181172631571}, {"l": "Grapes", "v": 0.0015160773780535715}]}, {"source": 2, "prod": 12938.0, "target": 11, "value": 5.1090256305413853, "supply": [{"l": "Sugar beet", "v": 0.023693116233767443}, {"l": "Sugar cane", "v": 5.085332514307618}]}, {"source": 4, "prod": 812.0, "target": 11, "value": 2.8659911185900011, "supply": [{"l": "Maize", "v": 0.14845048432650296}, {"l": "Barley", "v": 0.33168870717436022}, {"l": "Rice", "v": 0.066469462479583102}, {"l": "Sorghum", "v": 1.6890254711506711}, {"l": "Millet", "v": 0.63035699345888418}]}, {"source": 8, "prod": 3090.5319148936169, "target": 11, "value": 15.040089031535691, "supply": [{"l": "Olives", "v": 0.0053295439408330599}, {"l": "Soyabeans", "v": 0.047987144835782612}, {"l": "Oilcrops, Other", "v": 1.1081727698109476}, {"l": "Sunflower seed", "v": 0.084900333171}, {"l": "Coconuts - Incl Copra", "v": 0.54532137075219234}, {"l": "Sesame seed", "v": 0.95955064052640637}, {"l": "Cottonseed", "v": 2.6061469870673664}, {"l": "Rape and Mustardseed", "v": 1.4922723034332568}, {"l": "Groundnuts", "v": 5.0145810820298244}, {"l": "Palm kernels", "v": 0.095931790934995084}, {"l": "Oil Palm", "v": 3.0798950650330852}]}, {"source": 9, "prod": 303.0, "target": 11, "value": 0.83112139340475266, "supply": [{"l": "Sweeteners, Other", "v": 0.81090702836403838}, {"l": "Sugar non-centrifugal", "v": 0.020214365040714291}]}, {"source": 6, "prod": 31.0, "target": 12, "value": 0.2770431924527369, "supply": [{"l": "Fats, Animals, Raw", "v": 0.2770431924527369}]}, {"source": 8, "prod": 75.0, "target": 12, "value": 0.23335776039220335, "supply": [{"l": "Cottonseed", "v": 0.13856814246165958}, {"l": "Coconuts - Incl Copra", "v": 0.073471442167211534}, {"l": "Palm kernels", "v": 0.021318175763332239}]}, {"source": 5, "prod": 179.0, "target": 12, "value": 0.30845076530393722, "supply": [{"l": "Potatoes", "v": 0.01528205997078}, {"l": "Fruits, Other", "v": 0.0045040745406251734}, {"l": "Pulses, Other", "v": 0.17644948761442772}, {"l": "Lemons, Limes", "v": 0.0074473976465789463}, {"l": "Coffee", "v": 0.018456594167608701}, {"l": "Cassava", "v": 0.086311151363916705}]}, {"source": 2, "prod": 24.0, "target": 12, "value": 0.0094772464935069765, "supply": [{"l": "Sugar cane", "v": 0.0094772464935069765}]}, {"source": 0, "prod": 142.0, "target": 12, "value": 0.11431365843711258, "supply": [{"l": "Fish, Seafood", "v": 0.051120543747571079}, {"l": "Pelagic Fish", "v": 0.032240632849746841}, {"l": "Marine Fish, Other", "v": 0.0034653197212653059}, {"l": "Aquatic Products, Other", "v": 0.0030792866953212434}, {"l": "Aquatic Plants", "v": 0.0030792866953212434}, {"l": "Demersal Fish", "v": 0.017479480358735297}, {"l": "Freshwater Fish", "v": 0.0038491083691515543}]}, {"source": 10, "prod": 130.0, "target": 12, "value": 1.7926523517736326, "supply": [{"l": "Ricebran Oil", "v": 0.93390366488099996}, {"l": "Coconut Oil", "v": 0.079906195925647072}, {"l": "Cottonseed Oil", "v": 0.088591652004521751}, {"l": "Groundnut Oil", "v": 0.11320044422800001}, {"l": "Oilcrops Oil, Other", "v": 0.28943295399204549}, {"l": "Palm Oil", "v": 0.27818407039008514}, {"l": "Palmkernel Oil", "v": 0.0094333703523333343}]}, {"source": 5, "prod": 766.0, "target": 5, "value": 1.4039004278606775, "supply": [{"l": "Potatoes", "v": 0.18762973630790999}, {"l": "Yams", "v": 0.3113648173821843}, {"l": "Beans", "v": 0.27627983419396251}, {"l": "Roots, Other", "v": 0.006868958994417476}, {"l": "Peas", "v": 0.040604507168739132}, {"l": "Sweet potatoes", "v": 0.059646310419711038}, {"l": "Pulses, Other", "v": 0.52150626339375306}]}, {"source": 2, "prod": 211.0, "target": 2, "value": 0.083320792088748832, "supply": [{"l": "Sugar cane", "v": 0.083320792088748832}]}, {"source": 3, "prod": 21.0, "target": 3, "value": 0.035188953880085527, "supply": [{"l": "Eggs", "v": 0.035188953880085527}]}, {"source": 4, "prod": 2181.0, "target": 4, "value": 8.4625200003095298, "supply": [{"l": "Maize", "v": 0.7051398005508891}, {"l": "Oats", "v": 0.0023260365252328768}, {"l": "Barley", "v": 0.4022607725306071}, {"l": "Rice", "v": 5.0932225624980552}, {"l": "Sorghum", "v": 0.53318812542680083}, {"l": "Cereals, Other", "v": 0.22378353714436991}, {"l": "Wheat", "v": 1.0314902547327243}, {"l": "Millet", "v": 0.47110891090085033}]}, {"source": 8, "prod": 316.0, "target": 8, "value": 1.8378054478677701, "supply": [{"l": "Soyabeans", "v": 0.011996786208945653}, {"l": "Sunflower seed", "v": 0.00424501665855}, {"l": "Sesame seed", "v": 0.086669090112062502}, {"l": "Cottonseed", "v": 0.46899986679330929}, {"l": "Rape and Mustardseed", "v": 0.026647719704165299}, {"l": "Groundnuts", "v": 1.1543466352197371}, {"l": "Oilcrops, Other", "v": 0.084900333171000014}]}, {"source": 6, "prod": 149.0, "target": 13, "value": 0.06402579733806632, "supply": [{"l": "Beverages, Fermented", "v": 0.06402579733806632}]}, {"source": 3, "prod": 285.0, "target": 13, "value": 0.23798435432308479, "supply": [{"l": "Pigmeat", "v": 0.0035375138821250002}, {"l": "Eggs", "v": 0.02848629599816448}, {"l": "Milk - Excluding Butter", "v": 0.20369421111379529}, {"l": "Bovine Meat", "v": 0.0022663333290000001}]}, {"source": 4, "prod": 2916.0, "target": 13, "value": 10.965621440201753, "supply": [{"l": "Maize", "v": 2.4939681366852495}, {"l": "Barley", "v": 0.29640267449623681}, {"l": "Rice", "v": 4.0089394557998554}, {"l": "Cereals, Other", "v": 0.30230407649327168}, {"l": "Wheat", "v": 0.88120690636106902}, {"l": "Sorghum", "v": 1.7784865660209397}, {"l": "Millet", "v": 1.2043136243451313}]}, {"source": 8, "prod": 172.0, "target": 13, "value": 0.78893709633551123, "supply": [{"l": "Sunflower seed", "v": 0.00424501665855}, {"l": "Coconuts - Incl Copra", "v": 0.083267634456173079}, {"l": "Sesame seed", "v": 0.074287791524625002}, {"l": "Cottonseed", "v": 0.01598863182249918}, {"l": "Groundnuts", "v": 0.4840808470276316}, {"l": "Oilcrops, Other", "v": 0.080431894583052638}, {"l": "Soyabeans", "v": 0.0039989287363152177}, {"l": "Rape and Mustardseed", "v": 0.042636351526664479}]}, {"source": 5, "prod": 4646.0, "target": 13, "value": 4.7267479286054304, "supply": [{"l": "Roots, Other", "v": 0.11951988650286408}, {"l": "Plantains", "v": 1.718176107649513}, {"l": "Nuts", "v": 0.028300111057000001}, {"l": "Yams", "v": 0.20261607601708317}, {"l": "Citrus, Other", "v": 0.010838340404808511}, {"l": "Grapefruit", "v": 0.0067026578819210517}, {"l": "Tomatoes", "v": 0.011901915865093459}, {"l": "Coffee", "v": 0.012919615917326089}, {"l": "Treenuts", "v": 0.028300111057000001}, {"l": "Vegetables, Other", "v": 0.18295639364417299}, {"l": "Peas", "v": 0.033221869501695658}, {"l": "Grapes", "v": 0.0090964642683214296}, {"l": "Dates", "v": 0.023347591622025002}, {"l": "Potatoes", "v": 0.11716245977598}, {"l": "Pimento", "v": 0.026329850160626583}, {"l": "Beans", "v": 0.24514971203126251}, {"l": "Apples", "v": 0.001018803998052}, {"l": "Lemons, Limes", "v": 0.0052131783526052624}, {"l": "Pineapples", "v": 0.0058841815069009904}, {"l": "Bananas", "v": 0.16458748798939471}, {"l": "Tea", "v": 0.00092282970838043483}, {"l": "Fruits, Other", "v": 0.18516750889236827}, {"l": "Sweet potatoes", "v": 0.33762062501723228}, {"l": "Oranges, Mandarines", "v": 0.0092060602233614459}, {"l": "Pulses, Other", "v": 0.41955767054986148}, {"l": "Onions", "v": 0.0072395632936511634}, {"l": "Cassava", "v": 0.813790855716929}]}, {"source": 2, "prod": 547.0, "target": 13, "value": 0.21600224299784648, "supply": [{"l": "Sugar cane", "v": 0.21600224299784648}]}, {"source": 14, "prod": 954.0, "target": 11, "value": 4.0684799502848588, "supply": [{"l": "Sugar", "v": 2.4014665668368576}, {"l": "Beer", "v": 0.024257238048857141}, {"l": "Groundnut Oil", "v": 0.10290949475272727}, {"l": "Beverages, Alcoholic", "v": 0.053062708231874998}, {"l": "Sugar non-centrifugal", "v": 0.012128619024428572}, {"l": "Fats, Animals, Raw", "v": 0.43790698161884217}, {"l": "Soyabean Oil", "v": 0.169800666342}, {"l": "Butter, Ghee", "v": 0.10376707387566668}, {"l": "Palm Oil", "v": 0.089416308339670222}, {"l": "Olive Oil", "v": 0.084900333171}, {"l": "Coconut Oil", "v": 0.19976548981411771}, {"l": "Rape and Mustard Oil", "v": 0.051768495835975613}, {"l": "Oilcrops Oil, Other", "v": 0.13506871186295455}, {"l": "Wine", "v": 0.097342623377094845}, {"l": "Sweeteners, Other", "v": 0.016326987148269231}, {"l": "Cottonseed Oil", "v": 0.088591652004521751}]}, {"source": 14, "prod": 1789.0, "target": 4, "value": 6.6745723198823006, "supply": [{"l": "Maize", "v": 0.63091455838763755}, {"l": "Barley", "v": 0.077629271891871535}, {"l": "Cereals, Other", "v": 0.14133697082802313}, {"l": "Rice", "v": 2.7834087413325426}, {"l": "Wheat", "v": 2.834890435192587}, {"l": "Oats", "v": 0.0046520730504657536}, {"l": "Sorghum", "v": 0.082304207280647107}, {"l": "Millet", "v": 0.11943606191852543}]}, {"source": 14, "prod": 169.0, "target": 8, "value": 0.72781782114314808, "supply": [{"l": "Coconuts - Incl Copra", "v": 0.076736839596865392}, {"l": "Groundnuts", "v": 0.0062061647054824564}, {"l": "Cottonseed", "v": 0.042636351526664479}, {"l": "Rape and Mustardseed", "v": 0.60223846531413583}]}, {"source": 14, "prod": 390.0, "target": 5, "value": 0.65103438670944713, "supply": [{"l": "Roots, Other", "v": 0.0013737917988834952}, {"l": "Pulses, Other", "v": 0.094106393394361471}, {"l": "Infant food", "v": 0.0023244444400000001}, {"l": "Nuts", "v": 0.145038069167125}, {"l": "Cocoa Beans", "v": 0.004994137245352942}, {"l": "Tomatoes", "v": 0.011505185336257011}, {"l": "Cloves", "v": 0.0037104521426217273}, {"l": "Coffee", "v": 0.011996786208945653}, {"l": "Treenuts", "v": 0.14150055528500002}, {"l": "Vegetables, Other", "v": 0.0091784143968648649}, {"l": "Grapes", "v": 0.0045482321341607148}, {"l": "Dates", "v": 0.0424501665855}, {"l": "Potatoes", "v": 0.050091196570889999}, {"l": "Pimento", "v": 0.0037614071658037978}, {"l": "Pepper", "v": 0.0074209042852434546}, {"l": "Beans", "v": 0.015565061081349999}, {"l": "Apples", "v": 0.0045846179912340003}, {"l": "Bananas", "v": 0.0022342192939736839}, {"l": "Spices, Other", "v": 0.036594971194396558}, {"l": "Tea", "v": 0.022147913001130438}, {"l": "Fruits, Other", "v": 0.01351222362187552}, {"l": "Grapefruit", "v": 0.00074473976465789463}, {"l": "Oranges, Mandarines", "v": 0.0051144779018674705}, {"l": "Onions", "v": 0.0075686343524534886}, {"l": "Cassava", "v": 0.0089673923494978398}]}, {"source": 14, "prod": 619.0, "target": 1, "value": 0.52358911577476197, "supply": [{"l": "Pigmeat", "v": 0.014150055528500001}, {"l": "Meat, Other", "v": 0.0042806890674453781}, {"l": "Crustaceans", "v": 0.0030519727610490194}, {"l": "Eggs", "v": 0.0033513289409605267}, {"l": "Marine Fish, Other", "v": 0.015593938745693876}, {"l": "Demersal Fish", "v": 0.0074912058680294122}, {"l": "Mutton & Goat Meat", "v": 0.002112904219187783}, {"l": "Freshwater Fish", "v": 0.017705898498097151}, {"l": "Milk - Excluding Butter", "v": 0.30477554895973885}, {"l": "Fish, Seafood", "v": 0.073247346265176469}, {"l": "Pelagic Fish", "v": 0.045136885989645582}, {"l": "Poultry Meat", "v": 0.0041080806373064525}, {"l": "Offals, Edible", "v": 0.0013872603459313723}, {"l": "Bovine Meat", "v": 0.027195999948000003}]}, {"source": 6, "prod": 11.0, "target": 15, "value": 0.078882253253020437, "supply": [{"l": "Beer", "v": 0.00086632993031632646}, {"l": "Beverages, Alcoholic", "v": 0.0037901934451339291}, {"l": "Fats, Animals, Raw", "v": 0.0089368771758947391}, {"l": "Butter, Ghee", "v": 0.037733481409333337}, {"l": "Fish, Body Oil", "v": 0.027555371292342107}]}, {"source": 3, "prod": 44.0, "target": 15, "value": 0.092361425095404265, "supply": [{"l": "Pigmeat", "v": 0.0035375138821250002}, {"l": "Meat, Other", "v": 0.0085613781348907562}, {"l": "Eggs", "v": 0.0016756644704802634}, {"l": "Milk - Excluding Butter", "v": 0.0015315354219082354}, {"l": "Bovine Meat", "v": 0.077055333186000011}]}, {"source": 4, "prod": 2983.0, "target": 15, "value": 12.02525276218153, "supply": [{"l": "Maize", "v": 1.2284277578018119}, {"l": "Rice", "v": 9.7419305946638985}, {"l": "Cereals, Other", "v": 0.062816431479121387}, {"l": "Wheat", "v": 0.22884055320229313}, {"l": "Sorghum", "v": 0.27554017220042731}, {"l": "Millet", "v": 0.4876972528339788}]}, {"source": 8, "prod": 2109.0, "target": 15, "value": 8.8818268759576195, "supply": [{"l": "Sunflower seed", "v": 0.050940199902600007}, {"l": "Coconuts - Incl Copra", "v": 1.29473008085775}, {"l": "Sesame seed", "v": 0.70573401948393755}, {"l": "Soyabeans", "v": 0.01999464368157609}, {"l": "Groundnuts", "v": 4.0464193879745611}, {"l": "Oilcrops, Other", "v": 0.3976910343273159}, {"l": "Cottonseed", "v": 1.3217268973265988}, {"l": "Rape and Mustardseed", "v": 0.063954527289996718}, {"l": "Palm kernels", "v": 0.98063608511328293}]}, {"source": 5, "prod": 1959.0, "target": 15, "value": 3.7815163883205676, "supply": [{"l": "Roots, Other", "v": 0.0013737917988834952}, {"l": "Nuts", "v": 0.66151509595737512}, {"l": "Coffee", "v": 0.48817691573325001}, {"l": "Treenuts", "v": 0.6650526098395001}, {"l": "Vegetables, Other", "v": 0.0030594714656216222}, {"l": "Peas", "v": 0.044295826002260875}, {"l": "Grapes", "v": 0.081110139725866087}, {"l": "Cloves", "v": 0.044525425711460731}, {"l": "Dates", "v": 0.0084900333171}, {"l": "Cocoa Beans", "v": 0.07491205868029413}, {"l": "Potatoes", "v": 0.013584053307360001}, {"l": "Pimento", "v": 0.018807035829018989}, {"l": "Pepper", "v": 0.0074209042852434546}, {"l": "Beans", "v": 0.52921207676589999}, {"l": "Pulses, Other", "v": 0.52934846284328319}, {"l": "Pineapples", "v": 0.00084059735812871299}, {"l": "Bananas", "v": 0.052876523290710527}, {"l": "Spices, Other", "v": 0.014637988477758624}, {"l": "Tea", "v": 0.045218655710641313}, {"l": "Fruits, Other", "v": 0.0045040745406251734}, {"l": "Grapefruit", "v": 0.0029789590586315785}, {"l": "Oranges, Mandarines", "v": 0.0020457911607469881}, {"l": "Onions", "v": 0.0032907105880232556}, {"l": "Cassava", "v": 0.48423918687288325}]}, {"source": 2, "prod": 31.0, "target": 15, "value": 0.012241443387446512, "supply": [{"l": "Sugar cane", "v": 0.012241443387446512}]}, {"source": 9, "prod": 311.0, "target": 15, "value": 1.2546900885655661, "supply": [{"l": "Sugar", "v": 1.2492477595161431}, {"l": "Sweeteners, Other", "v": 0.0054423290494230768}]}, {"source": 0, "prod": 837.0, "target": 15, "value": 0.7090581781401839, "supply": [{"l": "Crustaceans", "v": 0.00076299319026225485}, {"l": "Marine Fish, Other", "v": 0.04331649651581633}, {"l": "Demersal Fish", "v": 0.0093640073350367663}, {"l": "Freshwater Fish", "v": 0.10777503433624352}, {"l": "Fish, Seafood", "v": 0.31893115352962254}, {"l": "Pelagic Fish", "v": 0.22890849323320256}]}, {"source": 10, "prod": 180.0, "target": 15, "value": 1.8449603943439223, "supply": [{"l": "Groundnut Oil", "v": 1.2760777349338184}, {"l": "Palm Oil", "v": 0.25831377964793623}, {"l": "Coconut Oil", "v": 0.079906195925647072}, {"l": "Sesameseed Oil", "v": 0.019810077739900001}, {"l": "Oilcrops Oil, Other", "v": 0.038591060532272729}, {"l": "Cottonseed Oil", "v": 0.14396143450734783}, {"l": "Palmkernel Oil", "v": 0.028300111057000001}]}, {"source": 16, "prod": 473.0, "target": 5, "value": 0.60847884734435376, "supply": [{"l": "Cocoa Beans", "v": 0.002497068622676471}, {"l": "Potatoes", "v": 0.01528205997078}, {"l": "Beans", "v": 0.070042774866075005}, {"l": "Pulses, Other", "v": 0.031368797798120483}, {"l": "Plantains", "v": 0.14464501206911112}, {"l": "Peas", "v": 0.029530550668173915}, {"l": "Sweet potatoes", "v": 0.31511258334941677}]}, {"source": 16, "prod": 154.0, "target": 8, "value": 0.83635580629964035, "supply": [{"l": "Soyabeans", "v": 0.015995714945260871}, {"l": "Coconuts - Incl Copra", "v": 0.031021275581711541}, {"l": "Cottonseed", "v": 0.14389768640249259}, {"l": "Groundnuts", "v": 0.64544112937017539}]}, {"source": 4, "prod": 786.0, "target": 17, "value": 3.1618788378866158, "supply": [{"l": "Rice", "v": 2.6837045476131673}, {"l": "Wheat", "v": 0.47817429027344838}]}, {"source": 16, "prod": 4.0, "target": 1, "value": 0.0036753619038409659, "supply": [{"l": "Fish, Seafood", "v": 0.0015259863805245097}, {"l": "Pelagic Fish", "v": 0.002149375523316456}]}, {"source": 5, "prod": 26.0, "target": 17, "value": 0.040027553981352153, "supply": [{"l": "Nuts", "v": 0.0070750277642500003}, {"l": "Coffee", "v": 0.018456594167608701}, {"l": "Treenuts", "v": 0.0070750277642500003}, {"l": "Cloves", "v": 0.0074209042852434546}]}, {"source": 10, "prod": 3.0, "target": 17, "value": 0.030872848425818181, "supply": [{"l": "Groundnut Oil", "v": 0.030872848425818181}]}, {"source": 8, "prod": 26.0, "target": 17, "value": 0.15448230030769294, "supply": [{"l": "Oilcrops, Other", "v": 0.0044684385879473695}, {"l": "Sunflower seed", "v": 0.0084900333171}, {"l": "Sesame seed", "v": 0.1361942844618125}, {"l": "Palm kernels", "v": 0.0053295439408330599}]}, {"source": 16, "prod": 12.0, "target": 11, "value": 0.11266231963614576, "supply": [{"l": "Sugar non-centrifugal", "v": 0.0080857460162857154}, {"l": "Fats, Animals, Raw", "v": 0.017873754351789478}, {"l": "Fish, Body Oil", "v": 0.0091851237641140376}, {"l": "Cottonseed Oil", "v": 0.077517695503956527}]}, {"source": 9, "prod": 2.0, "target": 17, "value": 0.0080857460162857154, "supply": [{"l": "Sugar", "v": 0.0080857460162857154}]}, {"source": 16, "prod": 779.0, "target": 4, "value": 2.7089314772996693, "supply": [{"l": "Maize", "v": 0.84987902276922955}, {"l": "Sorghum", "v": 0.4294132553772893}, {"l": "Cereals, Other", "v": 0.019630134837225432}, {"l": "Millet", "v": 1.4100090643159251}]}, {"source": 1, "prod": 3830.0, "target": 0, "value": 3.0529660079867638, "supply": [{"l": "Pelagic Fish", "v": 0.46104104975137983}, {"l": "Crustaceans", "v": 0.032808707181276958}, {"l": "Freshwater Fish", "v": 0.80138436245735356}, {"l": "Molluscs, Other", "v": 0.019837822946818625}, {"l": "Aquatic Plants", "v": 0.0030792866953212434}, {"l": "Demersal Fish", "v": 0.12485343113382355}, {"l": "Aquatic Products, Other", "v": 0.0030792866953212434}, {"l": "Fish, Seafood", "v": 1.4573169934009065}, {"l": "Marine Fish, Other", "v": 0.14727608815377549}, {"l": "Cephalopods", "v": 0.0022889795707867647}]}, {"source": 1, "prod": 9448.0, "target": 3, "value": 10.779320189130884, "supply": [{"l": "Poultry Meat", "v": 0.29441244567362906}, {"l": "Pigmeat", "v": 0.49525194349749996}, {"l": "Bovine Meat", "v": 2.6448109949430005}, {"l": "Eggs", "v": 0.3602678611532566}, {"l": "Milk - Excluding Butter", "v": 5.0395173057890492}, {"l": "Offals, Edible", "v": 0.49109016245970577}, {"l": "Meat, Other", "v": 0.4052385650514958}, {"l": "Mutton & Goat Meat", "v": 1.0839198644433328}]}, {"source": 11, "prod": 5420.0, "target": 6, "value": 4.4560187076422206, "supply": [{"l": "Fats, Animals, Raw", "v": 1.0724252611073684}, {"l": "Beverages, Fermented", "v": 1.9375323503177251}, {"l": "Fish, Body Oil", "v": 0.027555371292342107}, {"l": "Beer", "v": 0.19752322411212245}, {"l": "Beverages, Alcoholic", "v": 0.50030553475767869}, {"l": "Butter, Ghee", "v": 0.62260244325400005}, {"l": "Wine", "v": 0.098074522800982764}]}, {"source": 11, "prod": 1005.0, "target": 10, "value": 10.874812489733458, "supply": [{"l": "Olive Oil", "v": 0.084900333171}, {"l": "Ricebran Oil", "v": 1.0188039980520001}, {"l": "Sesameseed Oil", "v": 0.70325775976645}, {"l": "Soyabean Oil", "v": 0.20163829128112501}, {"l": "Coconut Oil", "v": 0.54935509698882368}, {"l": "Cottonseed Oil", "v": 0.83054673754239139}, {"l": "Rape and Mustard Oil", "v": 0.97324772171634155}, {"l": "Maize Germ Oil", "v": 0.084900333171}, {"l": "Groundnut Oil", "v": 3.797360356375636}, {"l": "Palm Oil", "v": 1.6293638408562128}, {"l": "Palmkernel Oil", "v": 0.084900333171000014}, {"l": "Oilcrops Oil, Other", "v": 0.81041227117772729}, {"l": "Sunflowerseed Oil", "v": 0.10612541646375}]}, {"source": 11, "prod": 2378.0, "target": 9, "value": 8.9413392309989899, "supply": [{"l": "Honey", "v": 0.19357275962987999}, {"l": "Sweeteners, Other", "v": 1.3088801363862499}, {"l": "Sugar non-centrifugal", "v": 1.7990784886235718}, {"l": "Sugar", "v": 5.639807846359286}]}, {"source": 5, "prod": 42537.5, "target": 18, "value": 149.66023158476281, "supply": [{"l": "Vegetables, Other", "v": 20.04484662834}, {"l": "Pulses, Other", "v": 5.58738332265}, {"l": "Beans", "v": 2.9113666610999998}, {"l": "Onions", "v": 1.1157333312000002}, {"l": "Roots, Other", "v": 1.4600416638750005}, {"l": "Tomatoes", "v": 0.92222333157000014}, {"l": "Peas", "v": 0.68164333203000005}, {"l": "Yams", "v": 2.6812466615400004}, {"l": "Potatoes", "v": 2.4816349952550003}, {"l": "Sweet potatoes", "v": 4.8377499907500008}, {"l": "Cassava", "v": 21.313121625915002}]}, {"source": 2, "prod": 5910.0, "target": 18, "value": 20.606199960599998, "supply": [{"l": "Sugar beet", "v": 0.083679999840000005}, {"l": "Sugar cane", "v": 20.522519960759997}]}, {"source": 4, "prod": 86053.0, "target": 18, "value": 322.15571484084984, "supply": [{"l": "Sorghum", "v": 40.040879923440002}, {"l": "Rice", "v": 141.25881306324001}, {"l": "Wheat", "v": 26.861279948640007}, {"l": "Oats", "v": 0.033995702325543921}, {"l": "Maize", "v": 47.000266576800001}, {"l": "Barley", "v": 9.27801998226}, {"l": "Cereals, Other", "v": 9.4139999820000018}, {"l": "Millet", "v": 26.132566616700004}]}, {"source": 8, "prod": 5823.5, "target": 18, "value": 18.101225556028975, "supply": [{"l": "Coconuts - Incl Copra", "v": 4.8464666574000015}, {"l": "Sesame seed", "v": 1.4155866639599999}, {"l": "Groundnuts", "v": 7.5730399855199986}, {"l": "Oilcrops, Other", "v": 1.6160699969100003}, {"l": "Soyabeans", "v": 0.090257467076331865}, {"l": "Palm kernels", "v": 0.71650999862999998}, {"l": "Sunflower seed", "v": 0.097200349159126634}, {"l": "Cottonseed", "v": 3.0107366609100006}, {"l": "Olives", "v": 0.0034866666600000002}, {"l": "Rape and Mustardseed", "v": 0.88038333165000016}]}, {"source": 19, "prod": 0, "target": 5, "value": 0.090059099585176342, "supply": "[{\"l\":'Energy for power irrigation',\"v\":0.090059099585176342}]"}, {"source": 19, "prod": 0, "target": 2, "value": 0.031281180049861426, "supply": "[{\"l\":'Energy for power irrigation',\"v\":0.031281180049861426}]"}, {"source": 19, "prod": 0, "target": 4, "value": 0.091094395493425559, "supply": "[{\"l\":'Energy for power irrigation',\"v\":0.091094395493425559}]"}, {"source": 19, "prod": 0, "target": 8, "value": 0.013097373891791676, "supply": "[{\"l\":'Energy for power irrigation',\"v\":0.013097373891791676}]"}, {"source": 19, "prod": 0, "target": 11, "value": 0.014685296918582957, "supply": "[{\"l\":'Electricity',\"v\":0.014685296918582957}]"}, {"source": 20, "prod": 0, "target": 19, "value": 0.18388095919547065, "supply": [{"l": "Coal", "v": 0.012787001406718797}, {"l": "Natural gas", "v": 0.024033528768215084}, {"l": "Oil", "v": 0.14706042902053679}]}, {"source": 21, "prod": 0, "target": 19, "value": 0.17005448790537045, "supply": [{"l": "Nuclear", "v": 0.0}, {"l": "Hydroelectric", "v": 0.1690695264568573}, {"l": "Renewable", "v": 0.00098496144851315643}]}, {"source": 20, "prod": 0, "target": 5, "value": 0.22039418425141119, "supply": [{"l": "Motor Gasoline", "v": 0.02293122954514918}, {"l": "Gas-Diesel oil", "v": 0.066774912219508889}, {"l": "Natural gas (including LNG)", "v": 0.079789734534717716}, {"l": "Fuel oil", "v": 0.01941870647712407}, {"l": "Liquefied petroleum gas (LPG)", "v": 0.010493200491637111}, {"l": "Coal", "v": 0.020986400983274225}]}, {"source": 20, "prod": 0, "target": 2, "value": 0.076551844191938889, "supply": [{"l": "Motor Gasoline", "v": 0.0079649466125084716}, {"l": "Gas-Diesel oil", "v": 0.023193636862609317}, {"l": "Natural gas (including LNG)", "v": 0.027714212818112354}, {"l": "Fuel oil", "v": 0.006744904806335778}, {"l": "Liquefied petroleum gas (LPG)", "v": 0.0036447143641243208}, {"l": "Coal", "v": 0.0072894287282486434}]}, {"source": 20, "prod": 0, "target": 4, "value": 0.22292777828253524, "supply": [{"l": "Motor Gasoline", "v": 0.023194840976182452}, {"l": "Gas-Diesel oil", "v": 0.067542539185723172}, {"l": "Natural gas (including LNG)", "v": 0.08070697650209889}, {"l": "Fuel oil", "v": 0.019641938859546959}, {"l": "Liquefied petroleum gas (LPG)", "v": 0.010613827586327925}, {"l": "Coal", "v": 0.021227655172655853}]}, {"source": 20, "prod": 0, "target": 8, "value": 0.032052119641581299, "supply": [{"l": "Motor Gasoline", "v": 0.003334908838026561}, {"l": "Gas-Diesel oil", "v": 0.0097111340881586069}, {"l": "Natural gas (including LNG)", "v": 0.011603891119737695}, {"l": "Fuel oil", "v": 0.0028240795255265235}, {"l": "Liquefied petroleum gas (LPG)", "v": 0.001526035356710638}, {"l": "Coal", "v": 0.003052070713421277}]}, {"source": 20, "prod": 0, "target": 1, "value": 1.6067288835872338, "supply": [{"l": "Gas-diesel oils used in fisheries", "v": 0.012350555565435999}, {"l": "Fossil fuels in fisheries", "v": 1.5943783280217978}]}, {"source": 22, "prod": 260.96528657155488, "target": 5, "value": 3.4722163786320381, "supply": [{"l": "Potash", "v": 0.21064864425089067}, {"l": "Phosphate", "v": 0.59477536561154321}, {"l": "Nitrogen", "v": 7.8899335733425175}]}, {"source": 22, "prod": 90.643834477689651, "target": 2, "value": 1.2060416572268788, "supply": [{"l": "Potash", "v": 0.21064864425089067}, {"l": "Phosphate", "v": 0.59477536561154321}, {"l": "Nitrogen", "v": 7.8899335733425175}]}, {"source": 22, "prod": 263.96527540807534, "target": 4, "value": 3.512132072059039, "supply": [{"l": "Potash", "v": 0.21064864425089067}, {"l": "Phosphate", "v": 0.59477536561154321}, {"l": "Nitrogen", "v": 7.8899335733425175}]}, {"source": 22, "prod": 37.952410658664959, "target": 8, "value": 0.50496747528699648, "supply": [{"l": "Potash", "v": 0.21064864425089067}, {"l": "Phosphate", "v": 0.59477536561154321}, {"l": "Nitrogen", "v": 7.8899335733425175}]}, {"source": 20, "prod": 0, "target": 22, "value": 10.437714797065494, "supply": [{"l": "Natural gas (including LNG)", "v": 7.0603930444896079}, {"l": "Fuel oil", "v": 1.982608833877991}, {"l": "Liquefied petroleum gas (LPG)", "v": 0.69735645934894741}, {"l": "Coal", "v": 0.69735645934894741}]}, {"source": 23, "prod": 0, "target": 4, "value": 17.516256150912106, "supply": "[{\"l\":'Labor',\"v\":17.516256150912106}]"}, {"source": 23, "prod": 0, "target": 8, "value": 2.5184530261189231, "supply": "[{\"l\":'Labor',\"v\":2.5184530261189231}]"}, {"source": 23, "prod": 0, "target": 5, "value": 17.317182341566799, "supply": "[{\"l\":'Labor',\"v\":17.317182341566799}]"}, {"source": 23, "prod": 0, "target": 2, "value": 6.0149601903414496, "supply": "[{\"l\":'Labor',\"v\":6.0149601903414496}]"}, {"source": 20, "prod": 0, "target": 14, "value": 1.1859876805401623, "supply": "[{\"l\":'Fossil Fuels',\"v\":1.1859876805401623}]"}, {"source": 21, "prod": 0, "target": 14, "value": 6.8854864780975529, "supply": "[{\"l\":'Renewables & Nuclear',\"v\":0.084588558724471935},{\"l\":'Biomass & Waste',\"v\":6.8008979193730807}]"}]}