{"nodes": [{"layer": 13, "name": "Other Processed", "fill": "#9c9ede"}, {"layer": 10, "name": "Feed", "fill": "#dbdb8d"}, {"layer": 13, "name": "Animal Products", "fill": "#17becf"}, {"layer": 5, "name": "Cereals", "fill": "#e7ba52"}, {"layer": 5, "name": "Oilcrops", "fill": "#ff9896"}, {"layer": 5, "name": "Sugar Crops", "fill": "#ffbb78"}, {"layer": 5, "name": "Starchy Roots"}, {"layer": 5, "name": "Fruits & Vegetables"}, {"layer": 13, "name": "Aquatic Products", "fill": "#1f77b4"}, {"layer": 16, "name": "Food", "fill": "#b5cf6b"}, {"layer": 13, "name": "Sugar", "fill": "#d6616b"}, {"layer": 5, "name": "Others"}, {"layer": 13, "name": "Vegetable Oils", "fill": "#f7b6d2"}, {"layer": 10, "name": "Processing", "fill": "#9edae5"}, {"layer": 16, "name": "Biofuels & Other", "fill": "#e7ba52"}, {"name": "Waste", "fill": "#c7c7c7"}, {"layer": 2, "name": "Import", "fill": "#aec7e8"}, {"layer": 16, "name": "Export", "fill": "#aec7e8"}, {"layer": 0, "name": "Stock Draw", "fill": "#c7c7c7"}, {"layer": 16, "name": "Stock Deposit", "fill": "#c7c7c7"}, {"name": "Crop Residue", "fill": "#bd9e39"}, {"layer": 2, "name": "Electricity", "fill": "#bcbd22"}, {"layer": 0, "name": "Fossil Fuels", "fill": "#c49c94"}, {"layer": 0, "name": "Renewables & Nuclear", "fill": "#2ca02c"}, {"layer": 2, "name": "Fertilizers", "fill": "#c5b0d5"}, {"layer": 0, "name": "Labor", "fill": "#7f7f7f"}], "links": [{"source": 0, "prod": 4.0, "target": 1, "value": 0.035561323762414478, "supply": [{"l": "Fish, Body Oil", "v": 0.035561323762414478}]}, {"source": 2, "prod": 496.0, "target": 1, "value": 0.36837507345827419, "supply": [{"l": "Milk - Excluding Butter", "v": 0.36696006790542418}, {"l": "Meat, Other", "v": 0.0014150055528499999}]}, {"source": 3, "prod": 3127.0, "target": 1, "value": 12.054504914087044, "supply": [{"l": "Maize", "v": 3.2987514721402134}, {"l": "Wheat", "v": 0.048156582421583619}, {"l": "Cereals, Other", "v": 0.083027531703992657}, {"l": "Millet", "v": 0.95762807863394694}, {"l": "Barley", "v": 0.45864308097358725}, {"l": "Rice", "v": 6.2470949012524821}, {"l": "Sorghum", "v": 0.96120326696123759}]}, {"source": 4, "prod": 1.0, "target": 1, "value": 0.0043538632395384615, "supply": [{"l": "Oilcrops, Other", "v": 0.0043538632395384615}]}, {"source": 5, "prod": 310.0, "target": 1, "value": 0.10698822472768293, "supply": [{"l": "Sugar cane", "v": 0.10698822472768293}]}, {"source": 6, "prod": 1693.0, "target": 1, "value": 1.8724940875555032, "supply": [{"l": "Potatoes", "v": 0.012978394879643314}, {"l": "Roots, Other", "v": 0.038178451708971696}, {"l": "Yams", "v": 0.05866830715278077}, {"l": "Sweet potatoes", "v": 0.096388497065425766}, {"l": "Cassava", "v": 1.6662804367486816}]}, {"source": 7, "prod": 2344.0, "target": 1, "value": 2.5475333212522671, "supply": [{"l": "Plantains", "v": 2.3607207903984748}, {"l": "Pulses, Other", "v": 0.18681253085379212}]}, {"source": 8, "prod": 121.0, "target": 1, "value": 0.080424691379127763, "supply": [{"l": "Pelagic Fish", "v": 0.034419053988243242}, {"l": "Fish, Seafood", "v": 0.046005637390884521}]}, {"source": 0, "prod": 7284.0, "target": 9, "value": 5.2921533033438983, "supply": [{"l": "Beverages, Alcoholic", "v": 0.39418011829392868}, {"l": "Butter, Ghee", "v": 0.6632838528984375}, {"l": "Fats, Animals, Raw", "v": 1.0634883839314737}, {"l": "Wine", "v": 0.13206718493266664}, {"l": "Beer", "v": 0.39657817224552661}, {"l": "Beverages, Fermented", "v": 2.6425555910418659}]}, {"source": 2, "prod": 11167.0, "target": 9, "value": 12.948443103394995, "supply": [{"l": "Eggs", "v": 0.39464660364102194}, {"l": "Pigmeat", "v": 0.92664245217558561}, {"l": "Offals, Edible", "v": 0.52867015974565967}, {"l": "Milk - Excluding Butter", "v": 5.5496223602828385}, {"l": "Meat, Other", "v": 0.52638206566020007}, {"l": "Mutton & Goat Meat", "v": 1.3251639304468257}, {"l": "Bovine Meat", "v": 3.1675955039656833}, {"l": "Poultry Meat", "v": 0.52972002747717961}]}, {"source": 3, "prod": 42777.0, "target": 9, "value": 163.34381645204124, "supply": [{"l": "Maize", "v": 23.649055906653579}, {"l": "Barley", "v": 3.0367731270523883}, {"l": "Cereals, Other", "v": 5.0251425140845081}, {"l": "Sorghum", "v": 16.519117855620081}, {"l": "Rice", "v": 80.988085460689163}, {"l": "Wheat", "v": 22.853738114928678}, {"l": "Oats", "v": 0.045103301997093753}, {"l": "Millet", "v": 11.226800171015727}]}, {"source": 4, "prod": 1103.0, "target": 9, "value": 5.3601009055905955, "supply": [{"l": "Sunflower seed", "v": 0.0424501665855}, {"l": "Coconuts - Incl Copra", "v": 0.53019391735359189}, {"l": "Sesame seed", "v": 0.79091363006668436}, {"l": "Groundnuts", "v": 3.3052313440818528}, {"l": "Oilcrops, Other", "v": 0.52681745198415375}, {"l": "Soyabeans", "v": 0.13796304140287499}, {"l": "Rape and Mustardseed", "v": 0.010612541646375}, {"l": "Palm kernels", "v": 0.015918812469562501}]}, {"source": 5, "prod": 766.0, "target": 9, "value": 0.26436445206904879, "supply": [{"l": "Sugar cane", "v": 0.26436445206904879}]}, {"source": 10, "prod": 2556.0, "target": 9, "value": 10.308546642046405, "supply": [{"l": "Sugar", "v": 6.738175585211537}, {"l": "Sweeteners, Other", "v": 0.66100973683135722}, {"l": "Honey", "v": 0.2716810661472}, {"l": "Sugar non-centrifugal", "v": 2.6376802538563107}]}, {"source": 6, "prod": 21276.0, "target": 9, "value": 23.38935843857567, "supply": [{"l": "Roots, Other", "v": 1.4551863709073445}, {"l": "Yams", "v": 1.4547345549107886}, {"l": "Potatoes", "v": 1.5849864746764397}, {"l": "Sweet potatoes", "v": 4.2287651096261785}, {"l": "Cassava", "v": 14.66568592845492}]}, {"source": 7, "prod": 21159.0, "target": 9, "value": 20.970930678743496, "supply": [{"l": "Plantains", "v": 3.0390297680488851}, {"l": "Tomatoes", "v": 0.13279282880592308}, {"l": "Treenuts", "v": 0.52696758519931042}, {"l": "Vegetables, Other", "v": 1.9819716742303612}, {"l": "Peas", "v": 0.79451505818234347}, {"l": "Grapes", "v": 0.13126897667208462}, {"l": "Pulses, Other", "v": 6.606009069766011}, {"l": "Pineapples", "v": 0.13231807244203725}, {"l": "Citrus, Other", "v": 0.13181893834444738}, {"l": "Grapefruit", "v": 0.041812239755855331}, {"l": "Fruits, Other", "v": 1.981171927766433}, {"l": "Dates", "v": 0.39822299130207151}, {"l": "Beans", "v": 3.1726253779642128}, {"l": "Apples", "v": 0.017299896656419522}, {"l": "Lemons, Limes", "v": 0.034366224456867392}, {"l": "Bananas", "v": 1.5851264467570012}, {"l": "Oranges, Mandarines", "v": 0.13168214940808162}, {"l": "Onions", "v": 0.13193145298515108}]}, {"source": 11, "prod": 702.0, "target": 9, "value": 1.8278729478460414, "supply": [{"l": "Nuts", "v": 0.52989518289486204}, {"l": "Infant food", "v": 0.010459999980000001}, {"l": "Pepper", "v": 0.011191407554359092}, {"l": "Pimento", "v": 0.65926395075965916}, {"l": "Tea", "v": 0.068117709172081403}, {"l": "Coffee", "v": 0.13327377881494187}, {"l": "Cloves", "v": 0.0074609383695727286}, {"l": "Cocoa Beans", "v": 0.0091784143968648649}, {"l": "Spices, Other", "v": 0.39903156590370004}]}, {"source": 8, "prod": 4904.0, "target": 9, "value": 3.7171452569782129, "supply": [{"l": "Crustaceans", "v": 0.012821243207295687}, {"l": "Marine Fish, Other", "v": 0.395841043829121}, {"l": "Fish, Seafood", "v": 1.849275784958178}, {"l": "Demersal Fish", "v": 0.1326567705796875}, {"l": "Freshwater Fish", "v": 1.1889382609879922}, {"l": "Cephalopods", "v": 0.0015083815537994926}, {"l": "Pelagic Fish", "v": 0.13308700875454055}, {"l": "Molluscs, Other", "v": 0.0030167631075989853}]}, {"source": 12, "prod": 1104.0, "target": 9, "value": 11.176040501238106, "supply": [{"l": "Ricebran Oil", "v": 0.050940199902600007}, {"l": "Sunflowerseed Oil", "v": 0.25470099951300001}, {"l": "Rape and Mustard Oil", "v": 0.80839882454126089}, {"l": "Sesameseed Oil", "v": 1.3327377881494187}, {"l": "Palmkernel Oil", "v": 0.12735049975650001}, {"l": "Oilcrops Oil, Other", "v": 0.79240310959600013}, {"l": "Maize Germ Oil", "v": 0.12735049975650001}, {"l": "Groundnut Oil", "v": 3.8142518533627134}, {"l": "Soyabean Oil", "v": 0.53936682249811774}, {"l": "Palm Oil", "v": 1.5791461969806002}, {"l": "Coconut Oil", "v": 0.54123962396512504}, {"l": "Olive Oil", "v": 0.031837624939125002}, {"l": "Cottonseed Oil", "v": 1.1763164582771448}]}, {"source": 5, "prod": 19075.0, "target": 13, "value": 6.5832270538082316, "supply": [{"l": "Sugar beet", "v": 0.023123261473402441}, {"l": "Sugar cane", "v": 6.5601037923348295}]}, {"source": 7, "prod": 2510.0, "target": 13, "value": 2.5757405529683521, "supply": [{"l": "Plantains", "v": 2.5672967063192811}, {"l": "Bananas", "v": 0.0064846081912786433}, {"l": "Grapes", "v": 0.0019592384577923078}]}, {"source": 3, "prod": 1339.0, "target": 13, "value": 4.8784603695175441, "supply": [{"l": "Maize", "v": 0.26966277431829294}, {"l": "Barley", "v": 0.58372755760274742}, {"l": "Rice", "v": 1.166401107808603}, {"l": "Sorghum", "v": 2.20826624156894}, {"l": "Millet", "v": 0.65040268821896063}]}, {"source": 4, "prod": 4550.4000000000005, "target": 13, "value": 22.78268247041521, "supply": [{"l": "Olives", "v": 0.0053062708231875}, {"l": "Soyabeans", "v": 0.084900333171}, {"l": "Oilcrops, Other", "v": 1.4193594160895384}, {"l": "Sunflower seed", "v": 0.19102574963475}, {"l": "Coconuts - Incl Copra", "v": 0.84900333170999986}, {"l": "Sesame seed", "v": 1.9370681278751842}, {"l": "Cottonseed", "v": 4.9560569488571256}, {"l": "Rape and Mustardseed", "v": 1.0824792479302501}, {"l": "Groundnuts", "v": 7.7995788003478923}, {"l": "Palm kernels", "v": 0.52532081149556253}, {"l": "Oil Palm", "v": 3.9325834324807207}]}, {"source": 10, "prod": 516.0, "target": 13, "value": 1.5733056192756325, "supply": [{"l": "Sweeteners, Other", "v": 1.5403346161024287}, {"l": "Sugar non-centrifugal", "v": 0.032971003173203887}]}, {"source": 0, "prod": 154.0, "target": 14, "value": 0.60269113861905599, "supply": [{"l": "Alcohol, Non-Food", "v": 0.098709639580309275}, {"l": "Beer", "v": 0.0004842224325342206}, {"l": "Beverages, Alcoholic", "v": 0.0030321547561071431}, {"l": "Fats, Animals, Raw", "v": 0.50046512185010539}]}, {"source": 3, "prod": 233.0, "target": 14, "value": 0.96648188912121857, "supply": [{"l": "Barley", "v": 0.0034745687952544486}, {"l": "Rice", "v": 0.96300732032596414}]}, {"source": 4, "prod": 128.0, "target": 14, "value": 0.53219277227352035, "supply": [{"l": "Cottonseed", "v": 0.3236825202144375}, {"l": "Oilcrops, Other", "v": 0.0043538632395384615}, {"l": "Coconuts - Incl Copra", "v": 0.074504374007204083}, {"l": "Groundnuts", "v": 0.044751681641340364}, {"l": "Palm kernels", "v": 0.084900333171}]}, {"source": 5, "prod": 365.0, "target": 14, "value": 0.12597000653420734, "supply": [{"l": "Sugar cane", "v": 0.12597000653420734}]}, {"source": 10, "prod": 2.0, "target": 14, "value": 0.0082474609366114289, "supply": [{"l": "Sugar", "v": 0.0082474609366114289}]}, {"source": 6, "prod": 423.0, "target": 14, "value": 0.46509632335586071, "supply": [{"l": "Potatoes", "v": 0.017845292959509554}, {"l": "Sweet potatoes", "v": 0.33623894325148518}, {"l": "Cassava", "v": 0.11101208714486599}]}, {"source": 7, "prod": 77.0, "target": 14, "value": 0.22346847932560965, "supply": [{"l": "Fruits, Other", "v": 0.004924613292981439}, {"l": "Pulses, Other", "v": 0.21066093904789326}, {"l": "Bananas", "v": 0.00072051202125318246}, {"l": "Vegetables, Other", "v": 0.00028917007210831064}, {"l": "Lemons, Limes", "v": 0.0068732448913734791}]}, {"source": 8, "prod": 342.0, "target": 14, "value": 0.26040356148193566, "supply": [{"l": "Pelagic Fish", "v": 0.0017209526994121621}, {"l": "Fish, Seafood", "v": 0.12745824129605712}, {"l": "Marine Fish, Other", "v": 0.026767939439264334}, {"l": "Aquatic Products, Other", "v": 0.0015083815537994926}, {"l": "Aquatic Plants", "v": 0.0015083815537994926}, {"l": "Cephalopods", "v": 0.012067052430395941}, {"l": "Demersal Fish", "v": 0.0053062708231875}, {"l": "Freshwater Fish", "v": 0.084066341686019647}]}, {"source": 12, "prod": 196.0, "target": 14, "value": 1.9326019028457189, "supply": [{"l": "Ricebran Oil", "v": 0.10188039980520001}, {"l": "Coconut Oil", "v": 0.084900333171}, {"l": "Rape and Mustard Oil", "v": 0.011073956500565219}, {"l": "Cottonseed Oil", "v": 0.38205149926949999}, {"l": "Groundnut Oil", "v": 0.21190288074237296}, {"l": "Oilcrops Oil, Other", "v": 0.40563492515033339}, {"l": "Sesameseed Oil", "v": 0.10859344940476744}, {"l": "Palm Oil", "v": 0.60109435885068008}, {"l": "Palmkernel Oil", "v": 0.025470099951300004}]}, {"source": 2, "prod": 31.0, "target": 2, "value": 0.043383137279686811, "supply": [{"l": "Eggs", "v": 0.043383137279686811}]}, {"source": 3, "prod": 2306.0, "target": 3, "value": 8.9543261783160002, "supply": [{"l": "Maize", "v": 0.81637634416907856}, {"l": "Oats", "v": 0.00265313541159375}, {"l": "Barley", "v": 0.31618576036815482}, {"l": "Rice", "v": 5.5331411982521983}, {"l": "Sorghum", "v": 0.5681461689473486}, {"l": "Cereals, Other", "v": 0.13837921950665444}, {"l": "Wheat", "v": 1.131679686907215}, {"l": "Millet", "v": 0.44776466475375687}]}, {"source": 4, "prod": 416.0, "target": 4, "value": 2.4966354764995224, "supply": [{"l": "Soyabeans", "v": 0.015918812469562501}, {"l": "Sunflower seed", "v": 0.0084900333171}, {"l": "Sesame seed", "v": 0.14075581552034211}, {"l": "Cottonseed", "v": 0.51470826984918749}, {"l": "Rape and Mustardseed", "v": 0.026531354115937499}, {"l": "Groundnuts", "v": 1.6813846102389312}, {"l": "Oilcrops, Other", "v": 0.10884658098846155}]}, {"source": 5, "prod": 356.0, "target": 5, "value": 0.12286389678404878, "supply": [{"l": "Sugar cane", "v": 0.12286389678404878}]}, {"source": 6, "prod": 629.0, "target": 6, "value": 0.6301255879554063, "supply": [{"l": "Potatoes", "v": 0.25064525111311148}, {"l": "Yams", "v": 0.30411734728176154}, {"l": "Roots, Other", "v": 0.0058736079552264156}, {"l": "Sweet potatoes", "v": 0.069489381605306946}]}, {"source": 7, "prod": 275.0, "target": 7, "value": 1.0819309325905382, "supply": [{"l": "Beans", "v": 0.36026148980546013}, {"l": "Peas", "v": 0.038015074554179108}, {"l": "Pulses, Other", "v": 0.68365436823089898}]}, {"source": 0, "prod": 302.0, "target": 15, "value": 0.13175694048120248, "supply": [{"l": "Beverages, Fermented", "v": 0.13175694048120248}]}, {"source": 2, "prod": 359.0, "target": 15, "value": 0.29248279793984316, "supply": [{"l": "Pigmeat", "v": 0.0078197675289078949}, {"l": "Eggs", "v": 0.037785313114565927}, {"l": "Milk - Excluding Butter", "v": 0.24315737832925075}, {"l": "Poultry Meat", "v": 0.0014512877465128206}, {"l": "Bovine Meat", "v": 0.0022690512206057904}]}, {"source": 3, "prod": 3657.0, "target": 15, "value": 13.607455345826315, "supply": [{"l": "Maize", "v": 2.9699845281083217}, {"l": "Barley", "v": 0.28491464121086479}, {"l": "Rice", "v": 4.7403205164321163}, {"l": "Cereals, Other", "v": 0.30838797490054415}, {"l": "Wheat", "v": 1.4412577167602523}, {"l": "Sorghum", "v": 1.9081135485401515}, {"l": "Millet", "v": 1.9544764198740623}]}, {"source": 4, "prod": 280.0, "target": 15, "value": 1.4367393498445269, "supply": [{"l": "Sunflower seed", "v": 0.0084900333171}, {"l": "Coconuts - Incl Copra", "v": 0.10049427191669387}, {"l": "Sesame seed", "v": 0.11394518399265792}, {"l": "Cottonseed", "v": 0.13796304140287499}, {"l": "Groundnuts", "v": 0.92699911971347904}, {"l": "Oilcrops, Other", "v": 0.095784991269846159}, {"l": "Soyabeans", "v": 0.010612541646375}, {"l": "Rape and Mustardseed", "v": 0.026531354115937499}, {"l": "Palm kernels", "v": 0.015918812469562501}]}, {"source": 5, "prod": 1042.0, "target": 15, "value": 0.35961848440724398, "supply": [{"l": "Sugar cane", "v": 0.35961848440724398}]}, {"source": 6, "prod": 2987.0, "target": 15, "value": 3.2886624014445944, "supply": [{"l": "Roots, Other", "v": 0.17473983666798584}, {"l": "Yams", "v": 0.24185710295636156}, {"l": "Potatoes", "v": 0.1971093722345828}, {"l": "Sweet potatoes", "v": 0.60859248728518822}, {"l": "Cassava", "v": 2.0663636023004761}]}, {"source": 7, "prod": 6065.0, "target": 15, "value": 5.8656853749799538, "supply": [{"l": "Plantains", "v": 4.1109635009115797}, {"l": "Citrus, Other", "v": 0.01429900348143158}, {"l": "Grapefruit", "v": 0.0063004744837590219}, {"l": "Tomatoes", "v": 0.016326987148269231}, {"l": "Treenuts", "v": 0.029275976955517247}, {"l": "Vegetables, Other", "v": 0.22902269710978204}, {"l": "Peas", "v": 0.034213567098761201}, {"l": "Grapes", "v": 0.014367748690476925}, {"l": "Dates", "v": 0.034364420569214287}, {"l": "Beans", "v": 0.30602857736162742}, {"l": "Apples", "v": 0.0010176409797893835}, {"l": "Lemons, Limes", "v": 0.004582163260915653}, {"l": "Pineapples", "v": 0.014451120539744683}, {"l": "Bananas", "v": 0.24065101509856293}, {"l": "Fruits, Other", "v": 0.22850205679433877}, {"l": "Oranges, Mandarines", "v": 0.013861278885061223}, {"l": "Pulses, Other", "v": 0.55646285786235961}, {"l": "Onions", "v": 0.01099428774876259}]}, {"source": 11, "prod": 40.0, "target": 15, "value": 0.082723100015174966, "supply": [{"l": "Nuts", "v": 0.029275976955517247}, {"l": "Coffee", "v": 0.018757050351732557}, {"l": "Cloves", "v": 0.0037304691847863643}, {"l": "Pimento", "v": 0.025727373688181822}, {"l": "Spices, Other", "v": 0.00424501665855}, {"l": "Tea", "v": 0.00098721317640697672}]}, {"source": 16, "prod": 135.0, "target": 11, "value": 0.2558467105044997, "supply": [{"l": "Nuts", "v": 0.12881429860427587}, {"l": "Cocoa Beans", "v": 0.013767621595297297}, {"l": "Coffee", "v": 0.026654755762988369}, {"l": "Pimento", "v": 0.0032159217110227277}, {"l": "Pepper", "v": 0.0037304691847863643}, {"l": "Spices, Other", "v": 0.02971511660985}, {"l": "Tea", "v": 0.039488527056279074}, {"l": "Infant food", "v": 0.010459999980000001}]}, {"source": 16, "prod": 1165.0, "target": 1, "value": 0.8981900420341371, "supply": [{"l": "Freshwater Fish", "v": 0.0030023693459292735}, {"l": "Pigmeat", "v": 0.011729651293361842}, {"l": "Meat, Other", "v": 0.00424501665855}, {"l": "Crustaceans", "v": 0.0015083815537994926}, {"l": "Eggs", "v": 0.0013994560412802198}, {"l": "Marine Fish, Other", "v": 0.048668980798662421}, {"l": "Demersal Fish", "v": 0.025470099951300004}, {"l": "Mutton & Goat Meat", "v": 0.0022460405600793652}, {"l": "Milk - Excluding Butter", "v": 0.60344544500003083}, {"l": "Fish, Seafood", "v": 0.12293309663465864}, {"l": "Pelagic Fish", "v": 0.043023817485304053}, {"l": "Poultry Meat", "v": 0.0043538632395384615}, {"l": "Offals, Edible", "v": 0.0012042600449787236}, {"l": "Bovine Meat", "v": 0.024959563426663695}]}, {"source": 16, "prod": 1003.0, "target": 13, "value": 5.3019365858289875, "supply": [{"l": "Sugar", "v": 2.4742382809834287}, {"l": "Beer", "v": 0.011621338380821293}, {"l": "Groundnut Oil", "v": 0.030271840106053279}, {"l": "Beverages, Alcoholic", "v": 0.033353702317178574}, {"l": "Fats, Animals, Raw", "v": 0.73282392842336852}, {"l": "Soyabean Oil", "v": 0.48942545004458826}, {"l": "Butter, Ghee", "v": 0.079594062347812508}, {"l": "Palm Oil", "v": 0.29545315943508005}, {"l": "Sunflowerseed Oil", "v": 0.116737958110125}, {"l": "Olive Oil", "v": 0.031837624939125002}, {"l": "Coconut Oil", "v": 0.22286337457387501}, {"l": "Rape and Mustard Oil", "v": 0.088591652004521751}, {"l": "Oilcrops Oil, Other", "v": 0.42450166585499999}, {"l": "Wine", "v": 0.12735049975650001}, {"l": "Sweeteners, Other", "v": 0.048514476097714289}, {"l": "Beverages, Fermented", "v": 0.00043628125987153142}, {"l": "Fish, Body Oil", "v": 0.035561323762414478}, {"l": "Cottonseed Oil", "v": 0.050269934114407909}, {"l": "Palmkernel Oil", "v": 0.0084900333171}]}, {"source": 16, "prod": 5471.0, "target": 3, "value": 19.744327728928049, "supply": [{"l": "Maize", "v": 2.1536081839392436}, {"l": "Barley", "v": 0.38567713627324379}, {"l": "Rice", "v": 4.478814218240152}, {"l": "Cereals, Other", "v": 0.20954567525293386}, {"l": "Wheat", "v": 10.852429824292592}, {"l": "Oats", "v": 0.02387821870434375}, {"l": "Sorghum", "v": 0.80040718141010103}, {"l": "Millet", "v": 0.83996729081544141}]}, {"source": 16, "prod": 316.0, "target": 7, "value": 0.3611947265105917, "supply": [{"l": "Pulses, Other", "v": 0.063595755184269659}, {"l": "Tomatoes", "v": 0.0076192606691923084}, {"l": "Treenuts", "v": 0.12881429860427587}, {"l": "Vegetables, Other", "v": 0.011277632812224114}, {"l": "Peas", "v": 0.0038015074554179108}, {"l": "Grapes", "v": 0.0032653974296538461}, {"l": "Dates", "v": 0.068728841138428573}, {"l": "Apples", "v": 0.0045793844090522258}, {"l": "Bananas", "v": 0.0036025601062659122}, {"l": "Fruits, Other", "v": 0.055648130210690254}, {"l": "Oranges, Mandarines", "v": 0.0047648146167397955}, {"l": "Onions", "v": 0.0054971438743812951}]}, {"source": 16, "prod": 98.0, "target": 4, "value": 0.48027783182064754, "supply": [{"l": "Coconuts - Incl Copra", "v": 0.010395959163795918}, {"l": "Sesame seed", "v": 0.067026578819210536}, {"l": "Groundnuts", "v": 0.051144779018674702}, {"l": "Oilcrops, Other", "v": 0.18721611930015386}, {"l": "Cottonseed", "v": 0.0053062708231875}, {"l": "Rape and Mustardseed", "v": 0.15918812469562502}]}, {"source": 16, "prod": 73.0, "target": 6, "value": 0.065417177313546723, "supply": [{"l": "Roots, Other", "v": 0.013215617899259433}, {"l": "Potatoes", "v": 0.051102429838595545}, {"l": "Cassava", "v": 0.0010991295756917424}]}, {"source": 0, "prod": 19.0, "target": 17, "value": 0.1319350637429765, "supply": [{"l": "Beer", "v": 0.0014526672976026616}, {"l": "Beverages, Alcoholic", "v": 0.0060643095122142861}, {"l": "Fats, Animals, Raw", "v": 0.0089368771758947391}, {"l": "Butter, Ghee", "v": 0.017687569410625003}, {"l": "Fish, Body Oil", "v": 0.097793640346639815}]}, {"source": 2, "prod": 73.0, "target": 17, "value": 0.14499734317874574, "supply": [{"l": "Meat, Other", "v": 0.0099050388699500006}, {"l": "Eggs", "v": 0.0013994560412802198}, {"l": "Mutton & Goat Meat", "v": 0.0044920811201587304}, {"l": "Milk - Excluding Butter", "v": 0.0066720012346440762}, {"l": "Bovine Meat", "v": 0.12252876591271271}]}, {"source": 3, "prod": 722.0, "target": 17, "value": 2.764493259545346, "supply": [{"l": "Maize", "v": 0.81268233356197872}, {"l": "Rice", "v": 1.2826261292272541}, {"l": "Cereals, Other", "v": 0.01581476794361765}, {"l": "Wheat", "v": 0.079114385406887366}, {"l": "Sorghum", "v": 0.3716176199404041}, {"l": "Millet", "v": 0.20263802346520379}]}, {"source": 4, "prod": 1434.0, "target": 17, "value": 5.556146867998927, "supply": [{"l": "Sunflower seed", "v": 0.063675249878250004}, {"l": "Coconuts - Incl Copra", "v": 1.2388518003523468}, {"l": "Sesame seed", "v": 1.4343687867311052}, {"l": "Groundnuts", "v": 1.6366329285975905}, {"l": "Oilcrops, Other", "v": 0.26993952085138462}, {"l": "Cottonseed", "v": 0.55715843643468754}, {"l": "Palm kernels", "v": 0.35552014515356256}]}, {"source": 5, "prod": 83.0, "target": 17, "value": 0.028645234362573171, "supply": [{"l": "Sugar cane", "v": 0.028645234362573171}]}, {"source": 10, "prod": 225.0, "target": 17, "value": 0.92674777965658706, "supply": [{"l": "Sugar", "v": 0.92371562490047987}, {"l": "Sweeteners, Other", "v": 0.0030321547561071431}]}, {"source": 6, "prod": 161.0, "target": 17, "value": 0.17563981192479491, "supply": [{"l": "Yams", "v": 0.001197312390873077}, {"l": "Potatoes", "v": 0.004055748399888536}, {"l": "Sweet potatoes", "v": 0.0011207964775049506}, {"l": "Cassava", "v": 0.16926595465652836}]}, {"source": 7, "prod": 1034.0, "target": 17, "value": 2.1314315491488229, "supply": [{"l": "Tomatoes", "v": 0.00036282193662820516}, {"l": "Treenuts", "v": 0.93975886027210354}, {"l": "Vegetables, Other", "v": 0.015615183893848774}, {"l": "Peas", "v": 0.038015074554179108}, {"l": "Grapes", "v": 0.14694288433442307}, {"l": "Dates", "v": 0.0020214365040714284}, {"l": "Beans", "v": 0.39512550494792398}, {"l": "Pulses, Other", "v": 0.47299342918300558}, {"l": "Pineapples", "v": 0.0072255602698723413}, {"l": "Bananas", "v": 0.075653762231584154}, {"l": "Fruits, Other", "v": 0.016251223866838745}, {"l": "Grapefruit", "v": 0.0068732448913734791}, {"l": "Oranges, Mandarines", "v": 0.0090964642683214279}, {"l": "Onions", "v": 0.0024431750552805758}, {"l": "Apples", "v": 0.0030529229393681506}]}, {"source": 11, "prod": 1150.0, "target": 17, "value": 1.8795714932588654, "supply": [{"l": "Nuts", "v": 0.93975886027210354}, {"l": "Coffee", "v": 0.65550954913423254}, {"l": "Cloves", "v": 0.033574222663077281}, {"l": "Cocoa Beans", "v": 0.10325716196472973}, {"l": "Pimento", "v": 0.019295530266136368}, {"l": "Pepper", "v": 0.011191407554359092}, {"l": "Spices, Other", "v": 0.02122508329275}, {"l": "Tea", "v": 0.095759678111476731}]}, {"source": 8, "prod": 1101.0, "target": 17, "value": 0.77181433112980369, "supply": [{"l": "Pelagic Fish", "v": 0.23290226532044592}, {"l": "Crustaceans", "v": 0.012067052430395941}, {"l": "Marine Fish, Other", "v": 0.049480130478640125}, {"l": "Demersal Fish", "v": 0.039266404091587506}, {"l": "Freshwater Fish", "v": 0.018014216075575639}, {"l": "Fish, Seafood", "v": 0.41480492729486046}, {"l": "Cephalopods", "v": 0.0052793354382982237}]}, {"source": 12, "prod": 198.0, "target": 17, "value": 1.9644026978816775, "supply": [{"l": "Groundnut Oil", "v": 1.3824140315097666}, {"l": "Palm Oil", "v": 0.071316279863640003}, {"l": "Coconut Oil", "v": 0.13796304140287499}, {"l": "Sesameseed Oil", "v": 0.0098721317640697668}, {"l": "Oilcrops Oil, Other", "v": 0.16980066634200003}, {"l": "Cottonseed Oil", "v": 0.040215947291526319}, {"l": "Palmkernel Oil", "v": 0.15282059970780001}]}, {"source": 18, "prod": 432.0, "target": 4, "value": 2.5917212306450756, "supply": [{"l": "Soyabeans", "v": 0.0053062708231875}, {"l": "Coconuts - Incl Copra", "v": 0.057177775400877547}, {"l": "Cottonseed", "v": 0.068981520701437496}, {"l": "Rape and Mustardseed", "v": 0.0053062708231875}, {"l": "Groundnuts", "v": 2.4549493928963857}]}, {"source": 2, "prod": 1.0, "target": 19, "value": 0.0039098837644539475, "supply": [{"l": "Pigmeat", "v": 0.0039098837644539475}]}, {"source": 0, "prod": 2.0, "target": 19, "value": 0.017734115645916121, "supply": [{"l": "Fish, Body Oil", "v": 0.0088903309406036194}, {"l": "Butter, Ghee", "v": 0.0088437847053125015}]}, {"source": 11, "prod": 16.0, "target": 19, "value": 0.044901178609682839, "supply": [{"l": "Nuts", "v": 0.043913965433275859}, {"l": "Tea", "v": 0.00098721317640697672}]}, {"source": 8, "prod": 62.0, "target": 19, "value": 0.045858584749056575, "supply": [{"l": "Pelagic Fish", "v": 0.01262031979568919}, {"l": "Fish, Seafood", "v": 0.022625723306992387}, {"l": "Demersal Fish", "v": 0.010612541646375}]}, {"source": 3, "prod": 420.0, "target": 19, "value": 1.7433753212797627, "supply": [{"l": "Rice", "v": 1.7433753212797627}]}, {"source": 7, "prod": 65.0, "target": 19, "value": 0.24035028113170487, "supply": [{"l": "Beans", "v": 0.061980471364380237}, {"l": "Peas", "v": 0.038015074554179108}, {"l": "Treenuts", "v": 0.040986367737724141}, {"l": "Pulses, Other", "v": 0.099368367475421368}]}, {"source": 18, "prod": 39.0, "target": 1, "value": 0.031980298156687632, "supply": [{"l": "Crustaceans", "v": 0.00075419077689974632}, {"l": "Milk - Excluding Butter", "v": 0.026688004938576305}, {"l": "Bovine Meat", "v": 0.0045381024412115807}]}, {"source": 12, "prod": 17.0, "target": 19, "value": 0.16873814377653215, "supply": [{"l": "Palm Oil", "v": 0.010188039980520001}, {"l": "Sesameseed Oil", "v": 0.11846558116883721}, {"l": "Soyabean Oil", "v": 0.019976548981411768}, {"l": "Cottonseed Oil", "v": 0.020107973645763159}]}, {"source": 4, "prod": 20.0, "target": 19, "value": 0.12516640717745522, "supply": [{"l": "Oilcrops, Other", "v": 0.0087077264790769229}, {"l": "Sesame seed", "v": 0.1005398682288158}, {"l": "Palm kernels", "v": 0.015918812469562501}]}, {"source": 18, "prod": 44.0, "target": 11, "value": 0.090587279378120195, "supply": [{"l": "Cloves", "v": 0.059687506956581829}, {"l": "Coffee", "v": 0.026654755762988369}, {"l": "Spices, Other", "v": 0.00424501665855}]}, {"source": 18, "prod": 31.0, "target": 6, "value": 0.034073016846444017, "supply": [{"l": "Cassava", "v": 0.034073016846444017}]}, {"source": 18, "prod": 11.0, "target": 13, "value": 0.093837210346894739, "supply": [{"l": "Fats, Animals, Raw", "v": 0.0089368771758947391}, {"l": "Palmkernel Oil", "v": 0.084900333171}]}, {"source": 5, "prod": 1.0, "target": 19, "value": 0.00034512330557317074, "supply": [{"l": "Sugar cane", "v": 0.00034512330557317074}]}, {"source": 10, "prod": 52.0, "target": 19, "value": 0.21443398435189714, "supply": [{"l": "Sugar", "v": 0.21443398435189714}]}, {"source": 18, "prod": 635.0, "target": 3, "value": 2.2996220216048755, "supply": [{"l": "Maize", "v": 1.5108503383038603}, {"l": "Barley", "v": 0.020847412771526696}, {"l": "Sorghum", "v": 0.36804437359482328}, {"l": "Cereals, Other", "v": 0.0079073839718088249}, {"l": "Wheat", "v": 0.32333705340206143}, {"l": "Millet", "v": 0.068635459560794837}]}, {"source": 1, "prod": 6530.0, "target": 8, "value": 4.875646425718136, "supply": [{"l": "Pelagic Fish", "v": 0.41474960055833104}, {"l": "Crustaceans", "v": 0.024888295637691626}, {"l": "Freshwater Fish", "v": 1.2910188187495875}, {"l": "Molluscs, Other", "v": 0.0030167631075989853}, {"l": "Aquatic Plants", "v": 0.0015083815537994926}, {"l": "Demersal Fish", "v": 0.18784198714083752}, {"l": "Aquatic Products, Other", "v": 0.0015083815537994926}, {"l": "Fish, Seafood", "v": 2.4601703142469726}, {"l": "Marine Fish, Other", "v": 0.47208911374702545}, {"l": "Cephalopods", "v": 0.018854769422493659}]}, {"source": 1, "prod": 12096.0, "target": 2, "value": 13.758208201736313, "supply": [{"l": "Poultry Meat", "v": 0.53117131522369243}, {"l": "Pigmeat", "v": 0.93837210346894739}, {"l": "Bovine Meat", "v": 3.2923933210990017}, {"l": "Eggs", "v": 0.47721451007655491}, {"l": "Milk - Excluding Butter", "v": 6.1664118077521577}, {"l": "Offals, Edible", "v": 0.52867015974565967}, {"l": "Meat, Other", "v": 0.53770211008300006}, {"l": "Mutton & Goat Meat", "v": 1.3296560115669844}]}, {"source": 13, "prod": 7765.0, "target": 0, "value": 6.2118318855954637, "supply": [{"l": "Fats, Animals, Raw", "v": 1.5728903829574736}, {"l": "Alcohol, Non-Food", "v": 0.098709639580309275}, {"l": "Beverages, Fermented", "v": 2.7743125315230683}, {"l": "Fish, Body Oil", "v": 0.14224529504965791}, {"l": "Beer", "v": 0.3985150619756635}, {"l": "Beverages, Alcoholic", "v": 0.40327658256225007}, {"l": "Butter, Ghee", "v": 0.68981520701437504}, {"l": "Wine", "v": 0.13206718493266664}]}, {"source": 13, "prod": 1515.0, "target": 12, "value": 15.241783245742033, "supply": [{"l": "Olive Oil", "v": 0.031837624939125002}, {"l": "Ricebran Oil", "v": 0.15282059970780001}, {"l": "Sesameseed Oil", "v": 1.5696689504870931}, {"l": "Soyabean Oil", "v": 0.55934337147952951}, {"l": "Coconut Oil", "v": 0.76410299853899999}, {"l": "Cottonseed Oil", "v": 1.6186918784839341}, {"l": "Rape and Mustard Oil", "v": 0.81947278104182608}, {"l": "Maize Germ Oil", "v": 0.12735049975650001}, {"l": "Groundnut Oil", "v": 5.4085687656148522}, {"l": "Palm Oil", "v": 2.2617448756754404}, {"l": "Palmkernel Oil", "v": 0.30564119941560003}, {"l": "Oilcrops Oil, Other", "v": 1.3678387010883335}, {"l": "Sunflowerseed Oil", "v": 0.25470099951300001}]}, {"source": 13, "prod": 3351.0, "target": 10, "value": 13.031281486267133, "supply": [{"l": "Honey", "v": 0.2716810661472}, {"l": "Sweeteners, Other", "v": 2.2043765076898931}, {"l": "Sugar non-centrifugal", "v": 2.6706512570295144}, {"l": "Sugar", "v": 7.8845726554005253}]}, {"source": 6, "prod": 13574.75, "target": 20, "value": 46.363162545711468, "supply": [{"l": "Roots, Other", "v": 1.9795549962150001}, {"l": "Yams", "v": 3.00027666093}, {"l": "Potatoes", "v": 4.3905849916050004}, {"l": "Sweet potatoes", "v": 8.3078549841150018}, {"l": "Cassava", "v": 29.652356609969999}]}, {"source": 5, "prod": 8809.3999999999996, "target": 20, "value": 30.715441274604, "supply": [{"l": "Sugar beet", "v": 0.093442666487999995}, {"l": "Sugar cane", "v": 30.621998608116002}]}, {"source": 7, "prod": 33306.0, "target": 20, "value": 188.02965675437832, "supply": [{"l": "Vegetables, Other", "v": 26.782829948790006}, {"l": "Pulses, Other", "v": 7.620109985430001}, {"l": "Beans", "v": 3.8109266593800002}, {"l": "Onions", "v": 1.6282733302200003}, {"l": "Tomatoes", "v": 1.3998966639900001}, {"l": "Peas", "v": 0.82982666507999991}]}, {"source": 3, "prod": 103488.0, "target": 20, "value": 386.11359987235164, "supply": [{"l": "Sorghum", "v": 43.562413250040002}, {"l": "Rice", "v": 165.78053968301998}, {"l": "Wheat", "v": 41.135693254679992}, {"l": "Oats", "v": 0.069898949866350008}, {"l": "Maize", "v": 59.451153219660007}, {"l": "Barley", "v": 9.030466649400001}, {"l": "Cereals, Other", "v": 9.6510933148800007}, {"l": "Millet", "v": 32.12265993858}]}, {"source": 4, "prod": 7153.0, "target": 20, "value": 23.190660207237958, "supply": [{"l": "Coconuts - Incl Copra", "v": 5.6675766558300005}, {"l": "Sesame seed", "v": 2.2820233289699998}, {"l": "Groundnuts", "v": 9.0531299826899989}, {"l": "Oilcrops, Other", "v": 1.8723399964200003}, {"l": "Soyabeans", "v": 0.16561666635000002}, {"l": "Palm kernels", "v": 0.65374999874999995}, {"l": "Sunflower seed", "v": 0.20501599960799996}, {"l": "Cottonseed", "v": 4.2833699918099999}, {"l": "Olives", "v": 0.0034866666599999998}, {"l": "Rape and Mustardseed", "v": 0.7025633319900001}]}, {"source": 21, "prod": 0, "target": 3, "value": 0.098985148166812989, "supply": "[{\"l\":'Energy for power irrigation',\"v\":0.098985148166812989}]"}, {"source": 21, "prod": 0, "target": 4, "value": 0.014569625182979305, "supply": "[{\"l\":'Energy for power irrigation',\"v\":0.014569625182979305}]"}, {"source": 21, "prod": 0, "target": 5, "value": 0.042130477169368546, "supply": "[{\"l\":'Energy for power irrigation',\"v\":0.042130477169368546}]"}, {"source": 21, "prod": 0, "target": 6, "value": 0.051936403837254355, "supply": "[{\"l\":'Energy for power irrigation',\"v\":0.051936403837254355}]"}, {"source": 21, "prod": 0, "target": 7, "value": 0.063713654623606092, "supply": "[{\"l\":'Energy for power irrigation',\"v\":0.063713654623606092}]"}, {"source": 21, "prod": 0, "target": 11, "value": 0.0035313579065386672, "supply": "[{\"l\":'Energy for power irrigation',\"v\":0.0035313579065386672}]"}, {"source": 21, "prod": 0, "target": 13, "value": 0.038000000030400001, "supply": "[{\"l\":'Electricity',\"v\":0.038000000030400001}]"}, {"source": 22, "prod": 0, "target": 21, "value": 0.18349836722284604, "supply": [{"l": "Coal", "v": 0.011006893116355132}, {"l": "Natural gas", "v": 0.034693062893683832}, {"l": "Oil", "v": 0.13779841121280709}]}, {"source": 23, "prod": 0, "target": 21, "value": 0.24140820883940972, "supply": [{"l": "Nuclear", "v": 0.0}, {"l": "Hydroelectric", "v": 0.24046455752870152}, {"l": "Renewable", "v": 0.00094365131070820048}]}, {"source": 22, "prod": 0, "target": 3, "value": 0.46679632084810424, "supply": [{"l": "Motor Gasoline", "v": 0.017725936065121736}, {"l": "Gas-Diesel oil", "v": 0.33121091597978597}, {"l": "Natural gas (including LNG)", "v": 0.071957430452469356}, {"l": "Fuel oil", "v": 0.017512531266745554}, {"l": "Liquefied petroleum gas (LPG)", "v": 0.0094631690279938837}, {"l": "Coal", "v": 0.018926338055987771}]}, {"source": 22, "prod": 0, "target": 4, "value": 0.068707756239241871, "supply": [{"l": "Motor Gasoline", "v": 0.0026090807486699942}, {"l": "Gas-Diesel oil", "v": 0.048750938819674669}, {"l": "Natural gas (including LNG)", "v": 0.010591415078310474}, {"l": "Fuel oil", "v": 0.0025776696937574888}, {"l": "Liquefied petroleum gas (LPG)", "v": 0.0013928839662764188}, {"l": "Coal", "v": 0.0027857679325528385}]}, {"source": 22, "prod": 0, "target": 5, "value": 0.19867982321038621, "supply": [{"l": "Motor Gasoline", "v": 0.0075445878349220891}, {"l": "Gas-Diesel oil", "v": 0.14097139007577336}, {"l": "Natural gas (including LNG)", "v": 0.030626825710612999}, {"l": "Fuel oil", "v": 0.007453757582582923}, {"l": "Liquefied petroleum gas (LPG)", "v": 0.0040277540021649528}, {"l": "Coal", "v": 0.0080555080043299074}]}, {"source": 22, "prod": 0, "target": 6, "value": 0.24492282608351898, "supply": [{"l": "Motor Gasoline", "v": 0.0093006010590604253}, {"l": "Gas-Diesel oil", "v": 0.17378267554485929}, {"l": "Natural gas (including LNG)", "v": 0.037755261635538745}, {"l": "Fuel oil", "v": 0.0091886299402154543}, {"l": "Liquefied petroleum gas (LPG)", "v": 0.0049652193012816931}, {"l": "Coal", "v": 0.0099304386025633896}]}, {"source": 22, "prod": 0, "target": 7, "value": 0.30046224223420998, "supply": [{"l": "Motor Gasoline", "v": 0.011409632548410339}, {"l": "Gas-Diesel oil", "v": 0.21319014315906679}, {"l": "Natural gas (including LNG)", "v": 0.046316755153253418}, {"l": "Fuel oil", "v": 0.011272270531273724}, {"l": "Liquefied petroleum gas (LPG)", "v": 0.0060911469474019073}, {"l": "Coal", "v": 0.012182293894803818}]}, {"source": 22, "prod": 0, "target": 11, "value": 0.016653254643738413, "supply": [{"l": "Motor Gasoline", "v": 0.00063238400541540526}, {"l": "Gas-Diesel oil", "v": 0.011816159378839767}, {"l": "Natural gas (including LNG)", "v": 0.002567126944481649}, {"l": "Fuel oil", "v": 0.00062477065395818445}, {"l": "Liquefied petroleum gas (LPG)", "v": 0.00033760455368113618}, {"l": "Coal", "v": 0.00067520910736227247}]}, {"source": 22, "prod": 0, "target": 1, "value": 2.2421044129397245, "supply": [{"l": "Gas-diesel oils used in fisheries", "v": 0.012350555565435999}, {"l": "Fossil fuels in fisheries", "v": 2.2297538573742886}]}, {"source": 24, "prod": 306.44780797734484, "target": 3, "value": 4.0773740907607881, "supply": [{"l": "Potash", "v": 0.27428611264370767}, {"l": "Phosphate", "v": 0.7744584519401212}, {"l": "Nitrogen", "v": 10.273501719155002}]}, {"source": 24, "prod": 45.10605664651078, "target": 4, "value": 0.60014874285042363, "supply": [{"l": "Potash", "v": 0.27428611264370767}, {"l": "Phosphate", "v": 0.7744584519401212}, {"l": "Nitrogen", "v": 10.273501719155002}]}, {"source": 24, "prod": 130.43161137502037, "target": 5, "value": 1.7354291954211161, "supply": [{"l": "Potash", "v": 0.27428611264370767}, {"l": "Phosphate", "v": 0.7744584519401212}, {"l": "Nitrogen", "v": 10.273501719155002}]}, {"source": 24, "prod": 160.78974881495293, "target": 6, "value": 2.1393527341742042, "supply": [{"l": "Potash", "v": 0.27428611264370767}, {"l": "Phosphate", "v": 0.7744584519401212}, {"l": "Nitrogen", "v": 10.273501719155002}]}, {"source": 24, "prod": 197.25090237502798, "target": 7, "value": 2.6244786152380724, "supply": [{"l": "Potash", "v": 0.27428611264370767}, {"l": "Phosphate", "v": 0.7744584519401212}, {"l": "Nitrogen", "v": 10.273501719155002}]}, {"source": 24, "prod": 10.932719803768141, "target": 11, "value": 0.14546290529422573, "supply": [{"l": "Potash", "v": 0.27428611264370767}, {"l": "Phosphate", "v": 0.7744584519401212}, {"l": "Nitrogen", "v": 10.273501719155002}]}, {"source": 22, "prod": 0, "target": 24, "value": 13.590973854837397, "supply": [{"l": "Natural gas (including LNG)", "v": 9.1933549764659244}, {"l": "Fuel oil", "v": 2.5815597905760983}, {"l": "Liquefied petroleum gas (LPG)", "v": 0.9080295438976872}, {"l": "Coal", "v": 0.9080295438976872}]}, {"source": 25, "prod": 0, "target": 3, "value": 20.877402371386566, "supply": "[{\"l\":'Labor',\"v\":20.877402371386566}]"}, {"source": 25, "prod": 0, "target": 4, "value": 3.0729451132682897, "supply": "[{\"l\":'Labor',\"v\":3.0729451132682897}]"}, {"source": 25, "prod": 0, "target": 5, "value": 8.8859282453276141, "supply": "[{\"l\":'Labor',\"v\":8.8859282453276141}]"}, {"source": 25, "prod": 0, "target": 6, "value": 10.954140299976027, "supply": "[{\"l\":'Labor',\"v\":10.954140299976027}]"}, {"source": 25, "prod": 0, "target": 7, "value": 13.438133182231777, "supply": "[{\"l\":'Labor',\"v\":13.438133182231777}]"}, {"source": 25, "prod": 0, "target": 11, "value": 0.74481456357412656, "supply": "[{\"l\":'Labor',\"v\":0.74481456357412656}]"}, {"source": 22, "prod": 0, "target": 16, "value": 4.6322465102439283, "supply": "[{\"l\":'Fossil Fuels',\"v\":4.6322465102439283}]"}, {"source": 23, "prod": 0, "target": 16, "value": 26.412428639956154, "supply": "[{\"l\":'Renewables & Nuclear',\"v\":0.46252498047773583},{\"l\":'Biomass & Waste',\"v\":25.949903659478419}]"}]}