{"nodes": [{"layer": 13, "name": "Other Processed", "fill": "#9c9ede"}, {"layer": 10, "name": "Feed", "fill": "#dbdb8d"}, {"layer": 13, "name": "Animal Products", "fill": "#17becf"}, {"layer": 5, "name": "Cereals", "fill": "#e7ba52"}, {"layer": 5, "name": "Oilcrops", "fill": "#ff9896"}, {"layer": 5, "name": "Fruits, Roots & Vegetables", "fill": "#98df8a"}, {"layer": 5, "name": "Sugar Crops", "fill": "#ffbb78"}, {"layer": 13, "name": "Aquatic Products", "fill": "#1f77b4"}, {"layer": 16, "name": "Food", "fill": "#b5cf6b"}, {"layer": 13, "name": "Sugar", "fill": "#d6616b"}, {"layer": 13, "name": "Vegetable Oils", "fill": "#f7b6d2"}, {"layer": 10, "name": "Processing", "fill": "#9edae5"}, {"layer": 16, "name": "Biofuels & Other", "fill": "#e7ba52"}, {"name": "Waste", "fill": "#c7c7c7"}, {"layer": 2, "name": "Import", "fill": "#aec7e8"}, {"layer": 16, "name": "Export", "fill": "#aec7e8"}, {"layer": 0, "name": "Stock Draw", "fill": "#c7c7c7"}, {"layer": 16, "name": "Stock Deposit", "fill": "#c7c7c7"}, {"name": "Crop Residue", "fill": "#bd9e39"}, {"layer": 2, "name": "Electricity", "fill": "#bcbd22"}, {"layer": 0, "name": "Fossil Fuels", "fill": "#c49c94"}, {"layer": 0, "name": "Renewables & Nuclear", "fill": "#2ca02c"}, {"layer": 2, "name": "Fertilizers", "fill": "#c5b0d5"}, {"layer": 0, "name": "Labor", "fill": "#7f7f7f"}], "links": [{"source": 0, "prod": 4.0, "target": 1, "value": 0.037785313114565934, "supply": [{"l": "Fish, Body Oil", "v": 0.037785313114565934}]}, {"source": 2, "prod": 615.0, "target": 1, "value": 0.45774623627378447, "supply": [{"l": "Milk - Excluding Butter", "v": 0.45505911981751018}, {"l": "Meat, Other", "v": 0.0015160773780535715}, {"l": "Offals, Edible", "v": 0.0011710390782206897}]}, {"source": 3, "prod": 4138.0, "target": 1, "value": 16.269122645662371, "supply": [{"l": "Maize", "v": 3.3003643937963894}, {"l": "Barley", "v": 0.35661150581932444}, {"l": "Rice", "v": 10.28445912436411}, {"l": "Sorghum", "v": 1.0374048397845317}, {"l": "Cereals, Other", "v": 0.039260269674450871}, {"l": "Wheat", "v": 0.092635155490022256}, {"l": "Millet", "v": 1.158387356733543}]}, {"source": 4, "prod": 1.0, "target": 1, "value": 0.0047166851761666672, "supply": [{"l": "Oilcrops, Other", "v": 0.0047166851761666672}]}, {"source": 5, "prod": 2987.0, "target": 1, "value": 3.3341163536184117, "supply": [{"l": "Potatoes", "v": 0.016554382512451254}, {"l": "Yams", "v": 0.091644752161219631}, {"l": "Roots, Other", "v": 0.040719188918906794}, {"l": "Sweet potatoes", "v": 0.13152988963188283}, {"l": "Plantains", "v": 1.6563689402141271}, {"l": "Cassava", "v": 1.1680683006181241}, {"l": "Pulses, Other", "v": 0.22923089956170004}]}, {"source": 6, "prod": 242.0, "target": 1, "value": 0.079945060806933865, "supply": [{"l": "Sugar beet", "v": 0.0019821089456264589}, {"l": "Sugar cane", "v": 0.077962951861307403}]}, {"source": 7, "prod": 163.0, "target": 1, "value": 0.15089238935024596, "supply": [{"l": "Fish, Seafood", "v": 0.06701495175961944}, {"l": "Pelagic Fish", "v": 0.083877437590626519}]}, {"source": 0, "prod": 8742.0, "target": 8, "value": 6.5547453524344563, "supply": [{"l": "Beverages, Alcoholic", "v": 0.59430233219700002}, {"l": "Butter, Ghee", "v": 0.88235703402717869}, {"l": "Fats, Animals, Raw", "v": 1.3420783435877308}, {"l": "Wine", "v": 0.026123179437230769}, {"l": "Beer", "v": 0.5934210138595849}, {"l": "Beverages, Fermented", "v": 3.1164634493257313}]}, {"source": 2, "prod": 14273.0, "target": 8, "value": 16.312181521304822, "supply": [{"l": "Eggs", "v": 0.59347805711766988}, {"l": "Pigmeat", "v": 1.0298526715468561}, {"l": "Offals, Edible", "v": 0.59137473450144828}, {"l": "Milk - Excluding Butter", "v": 7.2712953974102978}, {"l": "Meat, Other", "v": 0.59430233219700013}, {"l": "Mutton & Goat Meat", "v": 1.6332454790477025}, {"l": "Bovine Meat", "v": 3.8550329926290003}, {"l": "Poultry Meat", "v": 0.74359985685484697}]}, {"source": 3, "prod": 48668.0, "target": 8, "value": 186.72323927117901, "supply": [{"l": "Maize", "v": 28.340811903533901}, {"l": "Barley", "v": 3.4103139148741222}, {"l": "Cereals, Other", "v": 4.754418657576001}, {"l": "Sorghum", "v": 19.588644327696159}, {"l": "Rice", "v": 93.931947604741879}, {"l": "Wheat", "v": 25.076679684317504}, {"l": "Oats", "v": 0.049941372453529427}, {"l": "Millet", "v": 11.57048180598591}]}, {"source": 4, "prod": 1152.0, "target": 8, "value": 5.7085398308798379, "supply": [{"l": "Sunflower seed", "v": 0.034731954479045458}, {"l": "Coconuts - Incl Copra", "v": 0.59430233219700002}, {"l": "Sesame seed", "v": 0.89509208400282869}, {"l": "Groundnuts", "v": 3.4043916491924011}, {"l": "Oilcrops, Other", "v": 0.59430233219700013}, {"l": "Soyabeans", "v": 0.15918812469562502}, {"l": "Rape and Mustardseed", "v": 0.0053062708231875}, {"l": "Palm kernels", "v": 0.02122508329275}]}, {"source": 5, "prod": 49603.0, "target": 8, "value": 54.522172451853535, "supply": [{"l": "Roots, Other", "v": 2.8190207713089324}, {"l": "Plantains", "v": 4.4501586119057661}, {"l": "Nuts", "v": 0.59603499205763266}, {"l": "Infant food", "v": 0.015108888860000001}, {"l": "Tomatoes", "v": 0.14816477498551939}, {"l": "Pepper", "v": 0.0162837940605754}, {"l": "Treenuts", "v": 0.59603499205763266}, {"l": "Vegetables, Other", "v": 2.2259464295510853}, {"l": "Peas", "v": 0.8894942598377078}, {"l": "Grapes", "v": 0.14975475434329166}, {"l": "Pimento", "v": 0.73782432398607145}, {"l": "Pulses, Other", "v": 8.0151769708815106}, {"l": "Pineapples", "v": 0.14789090294303225}, {"l": "Citrus, Other", "v": 0.14831985915415666}, {"l": "Tea", "v": 0.05826493452911765}, {"l": "Grapefruit", "v": 0.045244717311080394}, {"l": "Fruits, Other", "v": 1.9288409896394987}, {"l": "Yams", "v": 1.7817168050044905}, {"l": "Coffee", "v": 0.14899176115302942}, {"l": "Cloves", "v": 0.0097702764363452391}, {"l": "Dates", "v": 0.29878386481332692}, {"l": "Cocoa Beans", "v": 0.004994137245352942}, {"l": "Potatoes", "v": 2.0775750053126325}, {"l": "Beans", "v": 4.4513897761041239}, {"l": "Apples", "v": 0.025768869452195017}, {"l": "Lemons, Limes", "v": 0.036910164122197157}, {"l": "Bananas", "v": 1.4847370264944482}, {"l": "Spices, Other", "v": 0.29243448092233332}, {"l": "Sweet potatoes", "v": 4.7494448382201728}, {"l": "Oranges, Mandarines", "v": 0.14883130694434338}, {"l": "Onions", "v": 0.29636987468895093}, {"l": "Cassava", "v": 15.726889297526977}]}, {"source": 6, "prod": 897.0, "target": 8, "value": 0.29632528737115565, "supply": [{"l": "Sugar cane", "v": 0.29632528737115565}]}, {"source": 9, "prod": 2925.0, "target": 8, "value": 11.867548218577999, "supply": [{"l": "Sugar", "v": 8.4542319717869283}, {"l": "Sweeteners, Other", "v": 0.44447821483641176}, {"l": "Honey", "v": 0.29243448092233337}, {"l": "Sugar non-centrifugal", "v": 2.6764035510323265}]}, {"source": 7, "prod": 4899.0, "target": 8, "value": 3.9750467904897162, "supply": [{"l": "Crustaceans", "v": 0.011582831168329286}, {"l": "Marine Fish, Other", "v": 0.4442285079741442}, {"l": "Fish, Seafood", "v": 2.0245134192072687}, {"l": "Aquatic Animals, Others", "v": 0.0015767204731757143}, {"l": "Demersal Fish", "v": 0.14814241808409181}, {"l": "Aquatic Products, Other", "v": 0.0015767204731757143}, {"l": "Freshwater Fish", "v": 1.0385130039666963}, {"l": "Cephalopods", "v": 0.0016546901669041835}, {"l": "Pelagic Fish", "v": 0.29663971830831332}, {"l": "Molluscs, Other", "v": 0.006618760667616734}]}, {"source": 10, "prod": 1383.0, "target": 8, "value": 14.455946458277481, "supply": [{"l": "Ricebran Oil", "v": 0.14857558304925}, {"l": "Sunflowerseed Oil", "v": 0.42836077190822736}, {"l": "Rape and Mustard Oil", "v": 1.1786163899032942}, {"l": "Sesameseed Oil", "v": 1.782906996591}, {"l": "Palmkernel Oil", "v": 0.3153440946351429}, {"l": "Oilcrops Oil, Other", "v": 0.87730344276700012}, {"l": "Maize Germ Oil", "v": 0.1358405330736}, {"l": "Groundnut Oil", "v": 4.165284171745931}, {"l": "Soyabean Oil", "v": 1.188604664394}, {"l": "Palm Oil", "v": 2.0906707043358752}, {"l": "Coconut Oil", "v": 0.88591652004521748}, {"l": "Olive Oil", "v": 0.069917921434941188}, {"l": "Cottonseed Oil", "v": 1.188604664394}]}, {"source": 5, "prod": 2140.0, "target": 11, "value": 2.1697133207397661, "supply": [{"l": "Plantains", "v": 2.1489127391128711}, {"l": "Bananas", "v": 0.010188039980520001}, {"l": "Grapes", "v": 0.010612541646375002}]}, {"source": 6, "prod": 21530.0, "target": 11, "value": 7.1124675998896105, "supply": [{"l": "Sugar beet", "v": 0.021142495420015565}, {"l": "Sugar cane", "v": 7.0913251044695951}]}, {"source": 3, "prod": 2241.0, "target": 11, "value": 8.4127382389066536, "supply": [{"l": "Maize", "v": 0.37495703461578778}, {"l": "Barley", "v": 0.72014750689727658}, {"l": "Rice", "v": 3.3422413645872036}, {"l": "Sorghum", "v": 2.9542705299054313}, {"l": "Millet", "v": 1.0211218029009554}]}, {"source": 4, "prod": 5283.0, "target": 11, "value": 26.554535624487023, "supply": [{"l": "Olives", "v": 0.0053062708231875}, {"l": "Soyabeans", "v": 0.1008191456405625}, {"l": "Oilcrops, Other", "v": 1.4338722935546668}, {"l": "Sunflower seed", "v": 0.41678345374854553}, {"l": "Coconuts - Incl Copra", "v": 1.2861497280372765}, {"l": "Sesame seed", "v": 3.2019554224491436}, {"l": "Cottonseed", "v": 3.7250021178776249}, {"l": "Rape and Mustardseed", "v": 1.751069371651875}, {"l": "Groundnuts", "v": 9.5130264763282}, {"l": "Palm kernels", "v": 0.42980793667818751}, {"l": "Oil Palm", "v": 4.6907434076977506}]}, {"source": 9, "prod": 472.0, "target": 11, "value": 1.1897396955861259, "supply": [{"l": "Sweeteners, Other", "v": 1.1611369095445589}, {"l": "Sugar non-centrifugal", "v": 0.028602786041566852}]}, {"source": 0, "prod": 361.0, "target": 12, "value": 0.83562639848370801, "supply": [{"l": "Alcohol, Non-Food", "v": 0.17097575745855365}, {"l": "Beer", "v": 0.00058754555827681668}, {"l": "Beverages, Alcoholic", "v": 0.007718212106454546}, {"l": "Fats, Animals, Raw", "v": 0.65634488336042307}]}, {"source": 3, "prod": 361.0, "target": 12, "value": 1.4830493051857203, "supply": [{"l": "Rice", "v": 1.4092286350684853}, {"l": "Wheat", "v": 0.0068618633696312771}, {"l": "Millet", "v": 0.066958806747603641}]}, {"source": 4, "prod": 241.0, "target": 12, "value": 1.03018636821397, "supply": [{"l": "Cottonseed", "v": 0.64205876960568764}, {"l": "Oilcrops, Other", "v": 0.0094333703523333343}, {"l": "Coconuts - Incl Copra", "v": 0.14270481532997872}, {"l": "Groundnuts", "v": 0.16700789222453288}, {"l": "Palm kernels", "v": 0.068981520701437496}]}, {"source": 5, "prod": 202.0, "target": 12, "value": 0.36804590596101255, "supply": [{"l": "Fruits, Other", "v": 0.0052831800015026107}, {"l": "Pulses, Other", "v": 0.22132638578371039}, {"l": "Bananas", "v": 0.00067920266536800012}, {"l": "Vegetables, Other", "v": 0.00028287538817525548}, {"l": "Lemons, Limes", "v": 0.0077392279611058568}, {"l": "Cassava", "v": 0.13273503416115046}]}, {"source": 6, "prod": 465.0, "target": 12, "value": 0.15361344328605062, "supply": [{"l": "Sugar cane", "v": 0.15361344328605062}]}, {"source": 7, "prod": 314.0, "target": 12, "value": 0.25002763765538183, "supply": [{"l": "Pelagic Fish", "v": 0.0020457911607469881}, {"l": "Fish, Seafood", "v": 0.12823848793507422}, {"l": "Cephalopods", "v": 0.0016546901669041835}, {"l": "Marine Fish, Other", "v": 0.014982411736058823}, {"l": "Aquatic Products, Other", "v": 0.0015767204731757143}, {"l": "Aquatic Plants", "v": 0.0015767204731757143}, {"l": "Demersal Fish", "v": 0.0051979795818979588}, {"l": "Freshwater Fish", "v": 0.094754836128348202}]}, {"source": 10, "prod": 210.0, "target": 12, "value": 2.3122989863756764, "supply": [{"l": "Ricebran Oil", "v": 0.31837624939125003}, {"l": "Coconut Oil", "v": 0.099665608505086961}, {"l": "Rape and Mustard Oil", "v": 0.009988274490705884}, {"l": "Cottonseed Oil", "v": 0.084900333171}, {"l": "Groundnut Oil", "v": 0.11369262007246955}, {"l": "Oilcrops Oil, Other", "v": 0.62260244325400005}, {"l": "Sesameseed Oil", "v": 0.10188039980520001}, {"l": "Soyabean Oil", "v": 0.116737958110125}, {"l": "Palm Oil", "v": 0.79594062347812511}, {"l": "Palmkernel Oil", "v": 0.048514476097714289}]}, {"source": 5, "prod": 1117.0, "target": 5, "value": 1.995124937819829, "supply": [{"l": "Potatoes", "v": 0.32032730161593181}, {"l": "Yams", "v": 0.41894743845128973}, {"l": "Beans", "v": 0.36833683006495394}, {"l": "Roots, Other", "v": 0.0062644906029087387}, {"l": "Peas", "v": 0.054858676818184612}, {"l": "Sweet potatoes", "v": 0.087318162024527274}, {"l": "Pulses, Other", "v": 0.73907203824203282}]}, {"source": 6, "prod": 382.0, "target": 6, "value": 0.12619426953821791, "supply": [{"l": "Sugar cane", "v": 0.12619426953821791}]}, {"source": 2, "prod": 39.0, "target": 2, "value": 0.064293456187747566, "supply": [{"l": "Eggs", "v": 0.064293456187747566}]}, {"source": 3, "prod": 2362.0, "target": 3, "value": 9.1786857563143638, "supply": [{"l": "Maize", "v": 0.79446341987899582}, {"l": "Oats", "v": 0.002497068622676471}, {"l": "Barley", "v": 0.34276251530206919}, {"l": "Rice", "v": 5.6036584072929738}, {"l": "Sorghum", "v": 0.57434177981150536}, {"l": "Cereals, Other", "v": 0.16881915960013874}, {"l": "Wheat", "v": 1.1665167728373171}, {"l": "Millet", "v": 0.52562663296868861}]}, {"source": 4, "prod": 394.0, "target": 4, "value": 2.4076312227784005, "supply": [{"l": "Soyabeans", "v": 0.015918812469562501}, {"l": "Sunflower seed", "v": 0.011577318159681819}, {"l": "Sesame seed", "v": 0.14554342829314287}, {"l": "Cottonseed", "v": 0.38205149926949999}, {"l": "Rape and Mustardseed", "v": 0.037143895762312501}, {"l": "Groundnuts", "v": 1.7021958245962006}, {"l": "Oilcrops, Other", "v": 0.11320044422800001}]}, {"source": 0, "prod": 228.0, "target": 13, "value": 0.097202963946137727, "supply": [{"l": "Beverages, Fermented", "v": 0.097202963946137727}]}, {"source": 2, "prod": 442.0, "target": 13, "value": 0.36933449287379017, "supply": [{"l": "Pigmeat", "v": 0.0081411278383150681}, {"l": "Eggs", "v": 0.056050705394446593}, {"l": "Milk - Excluding Butter", "v": 0.29916610976583463}, {"l": "Poultry Meat", "v": 0.0014438832171938777}, {"l": "Bovine Meat", "v": 0.0045326666580000003}]}, {"source": 3, "prod": 3657.0, "target": 13, "value": 13.757659186186709, "supply": [{"l": "Maize", "v": 3.1036047617702831}, {"l": "Barley", "v": 0.29429104849167553}, {"l": "Rice", "v": 5.029990113371289}, {"l": "Cereals, Other", "v": 0.29445202255838154}, {"l": "Wheat", "v": 1.3312014937084677}, {"l": "Sorghum", "v": 2.1573713104169672}, {"l": "Millet", "v": 1.5467484358696442}]}, {"source": 4, "prod": 327.0, "target": 13, "value": 1.7329575639815566, "supply": [{"l": "Sunflower seed", "v": 0.007718212106454546}, {"l": "Coconuts - Incl Copra", "v": 0.11741535438542554}, {"l": "Sesame seed", "v": 0.13826625687848573}, {"l": "Cottonseed", "v": 0.095512874817374999}, {"l": "Groundnuts", "v": 1.1883253869822534}, {"l": "Oilcrops, Other", "v": 0.12735049975650004}, {"l": "Soyabeans", "v": 0.010612541646375}, {"l": "Rape and Mustardseed", "v": 0.047756437408687499}]}, {"source": 5, "prod": 7857.0, "target": 13, "value": 8.1035623982196334, "supply": [{"l": "Roots, Other", "v": 0.32731963400198161}, {"l": "Plantains", "v": 1.6644933740103947}, {"l": "Nuts", "v": 0.031187877491387753}, {"l": "Yams", "v": 0.30349885455988312}, {"l": "Citrus, Other", "v": 0.016366329285975905}, {"l": "Grapefruit", "v": 0.0065485775055511087}, {"l": "Tomatoes", "v": 0.01369360212435484}, {"l": "Coffee", "v": 0.014982411736058823}, {"l": "Treenuts", "v": 0.027722557770122447}, {"l": "Vegetables, Other", "v": 0.256850852463132}, {"l": "Peas", "v": 0.03918476915584615}, {"l": "Grapes", "v": 0.02947928235104167}, {"l": "Dates", "v": 0.029388576866884616}, {"l": "Potatoes", "v": 0.2358999508024304}, {"l": "Pimento", "v": 0.030321547561071426}, {"l": "Beans", "v": 0.41144007613638472}, {"l": "Apples", "v": 0.0011203856283563051}, {"l": "Lemons, Limes", "v": 0.0047626018222189882}, {"l": "Pineapples", "v": 0.015519415740935485}, {"l": "Bananas", "v": 0.22821209556364802}, {"l": "Spices, Other", "v": 0.003144456784111111}, {"l": "Tea", "v": 0.00083235620755882356}, {"l": "Fruits, Other", "v": 0.22669645097356658}, {"l": "Sweet potatoes", "v": 0.57806833846617411}, {"l": "Oranges, Mandarines", "v": 0.013809090335042171}, {"l": "Pulses, Other", "v": 0.63236110223917252}, {"l": "Onions", "v": 0.025001325105570557}, {"l": "Cassava", "v": 2.9356565055307779}]}, {"source": 6, "prod": 840.0, "target": 13, "value": 0.27749525238770434, "supply": [{"l": "Sugar cane", "v": 0.27749525238770434}]}, {"source": 14, "prod": 1390.0, "target": 11, "value": 8.1911568858406678, "supply": [{"l": "Sugar", "v": 3.5482786403755977}, {"l": "Maize Germ Oil", "v": 0.0084900333171}, {"l": "Beer", "v": 0.018801457864858134}, {"l": "Groundnut Oil", "v": 0.041342770935443474}, {"l": "Beverages, Alcoholic", "v": 0.069463908958090917}, {"l": "Fats, Animals, Raw", "v": 0.97961922889615383}, {"l": "Soyabean Oil", "v": 1.2098297476867501}, {"l": "Butter, Ghee", "v": 0.16373635682978574}, {"l": "Palm Oil", "v": 0.74287791524625002}, {"l": "Olive Oil", "v": 0.059929646944235297}, {"l": "Coconut Oil", "v": 0.19933121701017392}, {"l": "Rape and Mustard Oil", "v": 0.13983584286988238}, {"l": "Oilcrops Oil, Other", "v": 0.68863603572033338}, {"l": "Wine", "v": 0.020744877788389141}, {"l": "Sweeteners, Other", "v": 0.047444303830852942}, {"l": "Beverages, Fermented", "v": 0.00042632878923744619}, {"l": "Fish, Body Oil", "v": 0.018892656557282967}, {"l": "Cottonseed Oil", "v": 0.14857558304925}, {"l": "Palmkernel Oil", "v": 0.084900333171000014}]}, {"source": 14, "prod": 6017.0, "target": 3, "value": 22.069256248420302, "supply": [{"l": "Maize", "v": 2.1569310605126009}, {"l": "Barley", "v": 0.48125242047462236}, {"l": "Rice", "v": 7.0336721254745633}, {"l": "Cereals, Other", "v": 0.12563286295824277}, {"l": "Wheat", "v": 11.435295305490522}, {"l": "Oats", "v": 0.012485343113382357}, {"l": "Sorghum", "v": 0.55280396306857393}, {"l": "Millet", "v": 0.27118316732779474}]}, {"source": 14, "prod": 74.0, "target": 4, "value": 0.36774061164288779, "supply": [{"l": "Coconuts - Incl Copra", "v": 0.03070863114695745}, {"l": "Sesame seed", "v": 0.10188039980520003}, {"l": "Soyabeans", "v": 0.010612541646375}, {"l": "Groundnuts", "v": 0.070657185171917769}, {"l": "Oilcrops, Other", "v": 0.042450166585500007}, {"l": "Cottonseed", "v": 0.0053062708231875}, {"l": "Rape and Mustardseed", "v": 0.10612541646375}]}, {"source": 14, "prod": 679.0, "target": 5, "value": 0.95441659608364449, "supply": [{"l": "Roots, Other", "v": 0.021925717110180588}, {"l": "Nuts", "v": 0.17326598606326532}, {"l": "Cocoa Beans", "v": 0.012485343113382357}, {"l": "Tomatoes", "v": 0.014789090294303227}, {"l": "Coffee", "v": 0.013317699320941177}, {"l": "Treenuts", "v": 0.17326598606326532}, {"l": "Vegetables, Other", "v": 0.020084152560443141}, {"l": "Peas", "v": 0.0039184769155846157}, {"l": "Grapes", "v": 0.0023583425880833336}, {"l": "Dates", "v": 0.031021275581711541}, {"l": "Potatoes", "v": 0.053801743165466577}, {"l": "Pepper", "v": 0.0097702764363452391}, {"l": "Beans", "v": 0.19984232269481542}, {"l": "Apples", "v": 0.013444627540275662}, {"l": "Pineapples", "v": 0.0022822670207258066}, {"l": "Bananas", "v": 0.022413687957144001}, {"l": "Citrus, Other", "v": 0.00051144779018674703}, {"l": "Spices, Other", "v": 0.028300111057000001}, {"l": "Tea", "v": 0.030797179679676469}, {"l": "Fruits, Other", "v": 0.041304861829929512}, {"l": "Infant food", "v": 0.015108888860000001}, {"l": "Oranges, Mandarines", "v": 0.019946463817283135}, {"l": "Onions", "v": 0.010938079733687118}, {"l": "Pulses, Other", "v": 0.039522568889948283}]}, {"source": 14, "prod": 1892.0, "target": 1, "value": 1.5697017447267583, "supply": [{"l": "Pigmeat", "v": 0.016282255676630136}, {"l": "Meat, Other", "v": 0.0060643095122142861}, {"l": "Eggs", "v": 0.013188401269281553}, {"l": "Marine Fish, Other", "v": 0.052438441076205884}, {"l": "Demersal Fish", "v": 0.0086632993031632646}, {"l": "Mutton & Goat Meat", "v": 0.002171868988095349}, {"l": "Milk - Excluding Butter", "v": 1.034832647676361}, {"l": "Pelagic Fish", "v": 0.1176329917429518}, {"l": "Fish, Seafood", "v": 0.16215963635661002}, {"l": "Poultry Meat", "v": 0.083745226597244912}, {"l": "Bovine Meat", "v": 0.072522666528000004}]}, {"source": 0, "prod": 5.0, "target": 15, "value": 0.041644419167793212, "supply": [{"l": "Beverages, Alcoholic", "v": 0.003859106053227273}, {"l": "Fats, Animals, Raw", "v": 0.019592384577923075}, {"l": "Butter, Ghee", "v": 0.018192928536642859}]}, {"source": 2, "prod": 20.0, "target": 15, "value": 0.03690896549810143, "supply": [{"l": "Meat, Other", "v": 0.0075803868902678583}, {"l": "Milk - Excluding Butter", "v": 0.002227043000738223}, {"l": "Mutton & Goat Meat", "v": 0.002171868988095349}, {"l": "Bovine Meat", "v": 0.024929666619}]}, {"source": 3, "prod": 1052.0, "target": 15, "value": 4.1482265849877518, "supply": [{"l": "Maize", "v": 0.11879826839312088}, {"l": "Rice", "v": 2.8350853366274542}, {"l": "Cereals, Other", "v": 0.011778080902335262}, {"l": "Wheat", "v": 0.024016521793709472}, {"l": "Sorghum", "v": 0.89740903095547719}, {"l": "Millet", "v": 0.26113934631565422}]}, {"source": 4, "prod": 981.0, "target": 15, "value": 3.0664685944618912, "supply": [{"l": "Sunflower seed", "v": 0.011577318159681819}, {"l": "Coconuts - Incl Copra", "v": 1.1795727140566596}, {"l": "Sesame seed", "v": 0.28380968517162863}, {"l": "Groundnuts", "v": 0.77080565642092114}, {"l": "Oilcrops, Other", "v": 0.48110188796900011}, {"l": "Cottonseed", "v": 0.084900333171}, {"l": "Rape and Mustardseed", "v": 0.0053062708231875}, {"l": "Palm kernels", "v": 0.24939472868981252}]}, {"source": 5, "prod": 1715.0, "target": 15, "value": 2.7709907248597094, "supply": [{"l": "Nuts", "v": 0.43663028487942851}, {"l": "Tomatoes", "v": 0.00027387204248709678}, {"l": "Coffee", "v": 0.41201632274161759}, {"l": "Treenuts", "v": 0.43316496515816327}, {"l": "Vegetables, Other", "v": 0.012163641691535988}, {"l": "Grapes", "v": 0.41035161032650003}, {"l": "Cloves", "v": 0.061878417430186509}, {"l": "Dates", "v": 0.0032653974296538461}, {"l": "Cocoa Beans", "v": 0.11486515664311767}, {"l": "Potatoes", "v": 0.0049663147537353765}, {"l": "Pimento", "v": 0.0067381216802380947}, {"l": "Pepper", "v": 0.0097702764363452391}, {"l": "Beans", "v": 0.40360312230521544}, {"l": "Pulses, Other", "v": 0.15413801867079829}, {"l": "Lemons, Limes", "v": 0.00059532522777737352}, {"l": "Pineapples", "v": 0.0022822670207258066}, {"l": "Bananas", "v": 0.038714551925976004}, {"l": "Spices, Other", "v": 0.012577827136444444}, {"l": "Tea", "v": 0.084900333171}, {"l": "Fruits, Other", "v": 0.019211563641827675}, {"l": "Grapefruit", "v": 0.0035719513666642409}, {"l": "Oranges, Mandarines", "v": 0.0071602690626144582}, {"l": "Cassava", "v": 0.13494728473050296}, {"l": "Onions", "v": 0.002083443758797546}, {"l": "Apples", "v": 0.0011203856283563051}]}, {"source": 9, "prod": 239.0, "target": 15, "value": 0.99535046367343627, "supply": [{"l": "Sugar", "v": 0.99535046367343627}]}, {"source": 7, "prod": 359.0, "target": 15, "value": 0.31924640750520594, "supply": [{"l": "Pelagic Fish", "v": 0.12070167848407229}, {"l": "Aquatic Products, Other", "v": 0.00078836023658785716}, {"l": "Crustaceans", "v": 0.016546901669041835}, {"l": "Marine Fish, Other", "v": 0.0022473617604088238}, {"l": "Demersal Fish", "v": 0.011262289094112244}, {"l": "Freshwater Fish", "v": 0.011370580335401786}, {"l": "Fish, Seafood", "v": 0.14809476993792445}, {"l": "Cephalopods", "v": 0.0074461057510688258}, {"l": "Aquatic Animals, Others", "v": 0.00078836023658785716}]}, {"source": 10, "prod": 227.0, "target": 15, "value": 2.3837587830611913, "supply": [{"l": "Groundnut Oil", "v": 1.7674034574902087}, {"l": "Palm Oil", "v": 0.20163829128112501}, {"l": "Coconut Oil", "v": 0.066443739003391303}, {"l": "Sesameseed Oil", "v": 0.010188039980520001}, {"l": "Oilcrops Oil, Other", "v": 0.084900333171000014}, {"l": "Cottonseed Oil", "v": 0.010612541646375}, {"l": "Palmkernel Oil", "v": 0.24257238048857147}]}, {"source": 16, "prod": 291.0, "target": 5, "value": 0.50843485439222702, "supply": [{"l": "Dates", "v": 0.001632698714826923}, {"l": "Cocoa Beans", "v": 0.012485343113382357}, {"l": "Nuts", "v": 0.020791918327591835}, {"l": "Pulses, Other", "v": 0.20156510133873623}, {"l": "Peas", "v": 0.0078369538311692313}, {"l": "Treenuts", "v": 0.020791918327591835}, {"l": "Sweet potatoes", "v": 0.022105863803677787}, {"l": "Cassava", "v": 0.22122505693525077}]}, {"source": 10, "prod": 14.0, "target": 17, "value": 0.15905029947943833, "supply": [{"l": "Soyabean Oil", "v": 0.063675249878250004}, {"l": "Palmkernel Oil", "v": 0.060643095122142866}, {"l": "Sunflowerseed Oil", "v": 0.034731954479045458}]}, {"source": 2, "prod": 32.0, "target": 17, "value": 0.023755125341207713, "supply": [{"l": "Milk - Excluding Butter", "v": 0.023755125341207713}]}, {"source": 0, "prod": 1.0, "target": 17, "value": 0.0090964642683214296, "supply": [{"l": "Butter, Ghee", "v": 0.0090964642683214296}]}, {"source": 7, "prod": 4.0, "target": 17, "value": 0.0032703954869441323, "supply": [{"l": "Crustaceans", "v": 0.00082734508345209175}, {"l": "Aquatic Animals, Others", "v": 0.00078836023658785716}, {"l": "Aquatic Products, Other", "v": 0.00078836023658785716}, {"l": "Demersal Fish", "v": 0.00086632993031632646}]}, {"source": 3, "prod": 3573.0, "target": 17, "value": 14.218836315288433, "supply": [{"l": "Barley", "v": 0.034622476293138305}, {"l": "Rice", "v": 10.47983890562729}, {"l": "Sorghum", "v": 2.9255534409148556}, {"l": "Wheat", "v": 0.77882149245314991}]}, {"source": 16, "prod": 14.0, "target": 1, "value": 0.011269933181732682, "supply": [{"l": "Cephalopods", "v": 0.003309380333808367}, {"l": "Fish, Seafood", "v": 0.0049640705007125505}, {"l": "Marine Fish, Other", "v": 0.0029964823472117645}]}, {"source": 5, "prod": 202.0, "target": 17, "value": 0.46043323327654118, "supply": [{"l": "Beans", "v": 0.35266292240261543}, {"l": "Coffee", "v": 0.079906195925647044}, {"l": "Tea", "v": 0.008323562075588235}, {"l": "Cloves", "v": 0.019540552872690478}]}, {"source": 16, "prod": 39.0, "target": 4, "value": 0.11215245126028638, "supply": [{"l": "Coconuts - Incl Copra", "v": 0.052385311956574469}, {"l": "Sesame seed", "v": 0.029108685658628577}, {"l": "Rape and Mustardseed", "v": 0.02122508329275}, {"l": "Oilcrops, Other", "v": 0.0094333703523333343}]}, {"source": 4, "prod": 261.0, "target": 17, "value": 1.6308785291783363, "supply": [{"l": "Cottonseed", "v": 0.058368979055062498}, {"l": "Sunflower seed", "v": 0.050168378691954549}, {"l": "Groundnuts", "v": 1.5223411714313193}]}, {"source": 16, "prod": 99.0, "target": 11, "value": 0.88214425659607232, "supply": [{"l": "Sugar", "v": 0.09578686470497505}, {"l": "Groundnut Oil", "v": 0.72349849137026079}, {"l": "Fats, Animals, Raw", "v": 0.0097961922889615374}, {"l": "Cottonseed Oil", "v": 0.053062708231874998}]}, {"source": 6, "prod": 30.0, "target": 17, "value": 0.0099105447281322961, "supply": [{"l": "Sugar cane", "v": 0.0099105447281322961}]}, {"source": 16, "prod": 480.0, "target": 3, "value": 1.7812450147970034, "supply": [{"l": "Maize", "v": 1.774549134122243}, {"l": "Millet", "v": 0.0066958806747603634}]}, {"source": 1, "prod": 5739.0, "target": 7, "value": 4.6984836204874947, "supply": [{"l": "Pelagic Fish", "v": 0.50326462554375917}, {"l": "Crustaceans", "v": 0.028957077920823214}, {"l": "Freshwater Fish", "v": 1.1446384204304463}, {"l": "Molluscs, Other", "v": 0.006618760667616734}, {"l": "Aquatic Animals, Others", "v": 0.0031534409463514286}, {"l": "Aquatic Plants", "v": 0.0015767204731757143}, {"l": "Demersal Fish", "v": 0.16546901669041836}, {"l": "Aquatic Products, Other", "v": 0.0047301614195271431}, {"l": "Fish, Seafood", "v": 2.3678616288398868}, {"l": "Marine Fish, Other", "v": 0.46145828147061185}, {"l": "Cephalopods", "v": 0.010755486084877194}]}, {"source": 1, "prod": 15382.0, "target": 2, "value": 17.199926341291707, "supply": [{"l": "Poultry Meat", "v": 0.74504374007204088}, {"l": "Pigmeat", "v": 1.0379937993851711}, {"l": "Bovine Meat", "v": 3.8844953259060007}, {"l": "Eggs", "v": 0.71382221869986395}, {"l": "Milk - Excluding Butter", "v": 8.0515027953355887}, {"l": "Offals, Edible", "v": 0.59254577357966898}, {"l": "Meat, Other", "v": 0.60339879646532157}, {"l": "Mutton & Goat Meat", "v": 1.6354173480357979}]}, {"source": 11, "prod": 9341.0, "target": 0, "value": 7.576100911414982, "supply": [{"l": "Fats, Animals, Raw", "v": 2.018015611526077}, {"l": "Alcohol, Non-Food", "v": 0.17097575745855365}, {"l": "Beverages, Fermented", "v": 3.2136664132718691}, {"l": "Fish, Body Oil", "v": 0.037785313114565934}, {"l": "Beer", "v": 0.59400855941786168}, {"l": "Beverages, Alcoholic", "v": 0.60587965035668179}, {"l": "Butter, Ghee", "v": 0.90964642683214303}, {"l": "Wine", "v": 0.026123179437230769}]}, {"source": 11, "prod": 1834.0, "target": 10, "value": 19.311054527193789, "supply": [{"l": "Olive Oil", "v": 0.069917921434941188}, {"l": "Ricebran Oil", "v": 0.46695183244050004}, {"l": "Sesameseed Oil", "v": 1.8949754363767202}, {"l": "Soyabean Oil", "v": 1.3690178723823752}, {"l": "Coconut Oil", "v": 1.0520258675536958}, {"l": "Cottonseed Oil", "v": 1.2841175392113751}, {"l": "Rape and Mustard Oil", "v": 1.188604664394}, {"l": "Maize Germ Oil", "v": 0.1358405330736}, {"l": "Groundnut Oil", "v": 6.0463802493086085}, {"l": "Palm Oil", "v": 3.0882496190951252}, {"l": "Palmkernel Oil", "v": 0.66707404634357148}, {"l": "Oilcrops Oil, Other", "v": 1.5848062191920003}, {"l": "Sunflowerseed Oil", "v": 0.46309272638727283}]}, {"source": 11, "prod": 3636.0, "target": 9, "value": 14.05263837783756, "supply": [{"l": "Honey", "v": 0.29243448092233337}, {"l": "Sweeteners, Other", "v": 1.6056151243809706}, {"l": "Sugar non-centrifugal", "v": 2.7050063370738933}, {"l": "Sugar", "v": 9.4495824354603641}]}, {"source": 5, "prod": 65429.5, "target": 18, "value": 230.36096818215876, "supply": [{"l": "Vegetables, Other", "v": 30.632109941430006}, {"l": "Pulses, Other", "v": 8.887513316339998}, {"l": "Beans", "v": 4.9266599905800001}, {"l": "Onions", "v": 2.1286099959300002}, {"l": "Roots, Other", "v": 3.5424533265600004}, {"l": "Tomatoes", "v": 1.9699666629000001}, {"l": "Peas", "v": 0.87863999832000006}, {"l": "Yams", "v": 3.8030816593950001}, {"l": "Potatoes", "v": 5.5359549894150009}, {"l": "Sweet potatoes", "v": 8.7654799832400005}, {"l": "Cassava", "v": 31.850699939099997}]}, {"source": 6, "prod": 9815.8000000000011, "target": 18, "value": 34.224422601228, "supply": [{"l": "Sugar beet", "v": 0.097626666479999999}, {"l": "Sugar cane", "v": 34.126795934748003}]}, {"source": 3, "prod": 119418.0, "target": 18, "value": 446.46257646956184, "supply": [{"l": "Sorghum", "v": 52.320919899960003}, {"l": "Rice", "v": 199.48614628524004}, {"l": "Wheat", "v": 44.67814658124}, {"l": "Oats", "v": 0.084890389023663138}, {"l": "Maize", "v": 67.324046537940006}, {"l": "Barley", "v": 9.8428599811800037}, {"l": "Cereals, Other", "v": 9.2361799823400013}, {"l": "Millet", "v": 33.360426602879997}]}, {"source": 4, "prod": 7255.5, "target": 18, "value": 23.445537920602579, "supply": [{"l": "Coconuts - Incl Copra", "v": 6.4311566543700005}, {"l": "Sesame seed", "v": 2.2192633290899999}, {"l": "Groundnuts", "v": 9.0705633159900003}, {"l": "Oilcrops, Other", "v": 2.0222666628000003}, {"l": "Soyabeans", "v": 0.18479333298}, {"l": "Palm kernels", "v": 0.50556666569999997}, {"l": "Sunflower seed", "v": 0.31823757514909096}, {"l": "Cottonseed", "v": 3.2373699938100002}, {"l": "Olives", "v": 0.0034866666599999998}, {"l": "Rape and Mustardseed", "v": 1.1854666643999998}]}, {"source": 19, "prod": 0, "target": 5, "value": 0.11419674498719998, "supply": "[{\"l\":'Energy for power irrigation',\"v\":0.11419674498719998}]"}, {"source": 19, "prod": 0, "target": 6, "value": 0.042829778977577296, "supply": "[{\"l\":'Energy for power irrigation',\"v\":0.042829778977577296}]"}, {"source": 19, "prod": 0, "target": 3, "value": 0.10421252564119737, "supply": "[{\"l\":'Energy for power irrigation',\"v\":0.10421252564119737}]"}, {"source": 19, "prod": 0, "target": 4, "value": 0.013627617280585322, "supply": "[{\"l\":'Energy for power irrigation',\"v\":0.013627617280585322}]"}, {"source": 19, "prod": 0, "target": 11, "value": 0.1520000001216, "supply": "[{\"l\":'Electricity',\"v\":0.1520000001216}]"}, {"source": 20, "prod": 0, "target": 19, "value": 0.2348062613747165, "supply": [{"l": "Coal", "v": 0.0034309723861067746}, {"l": "Natural gas", "v": 0.054852937402725656}, {"l": "Oil", "v": 0.17652235158588409}]}, {"source": 21, "prod": 0, "target": 19, "value": 0.33413195859306732, "supply": [{"l": "Nuclear", "v": 0.0}, {"l": "Hydroelectric", "v": 0.33312355105697683}, {"l": "Renewable", "v": 0.0010084075360905103}]}, {"source": 20, "prod": 0, "target": 5, "value": 0.88665430922281374, "supply": [{"l": "Motor Gasoline", "v": 0.0460124527310177}, {"l": "Gas-Diesel oil", "v": 0.70467026931425658}, {"l": "Natural gas (including LNG)", "v": 0.083015527960485072}, {"l": "Fuel oil", "v": 0.020203779093997572}, {"l": "Liquefied petroleum gas (LPG)", "v": 0.010917426707685664}, {"l": "Coal", "v": 0.021834853415371329}]}, {"source": 20, "prod": 0, "target": 6, "value": 0.33254194852739571, "supply": [{"l": "Motor Gasoline", "v": 0.017257087151709989}, {"l": "Gas-Diesel oil", "v": 0.26428837258174365}, {"l": "Natural gas (including LNG)", "v": 0.031135184410492567}, {"l": "Fuel oil", "v": 0.0075774786155656613}, {"l": "Liquefied petroleum gas (LPG)", "v": 0.0040946085892946196}, {"l": "Coal", "v": 0.008189217178589241}]}, {"source": 20, "prod": 0, "target": 3, "value": 0.80913413902574494, "supply": [{"l": "Motor Gasoline", "v": 0.041989584822080796}, {"l": "Gas-Diesel oil", "v": 0.64306096043046246}, {"l": "Natural gas (including LNG)", "v": 0.07575748185440212}, {"l": "Fuel oil", "v": 0.018437363053721959}, {"l": "Liquefied petroleum gas (LPG)", "v": 0.0099629162883592762}, {"l": "Coal", "v": 0.019925832576718556}]}, {"source": 20, "prod": 0, "target": 4, "value": 0.10580849382024513, "supply": [{"l": "Motor Gasoline", "v": 0.005490875383791503}, {"l": "Gas-Diesel oil", "v": 0.08409151014153729}, {"l": "Natural gas (including LNG)", "v": 0.009906620749286903}, {"l": "Fuel oil", "v": 0.0024110089052481378}, {"l": "Liquefied petroleum gas (LPG)", "v": 0.0013028262134604368}, {"l": "Coal", "v": 0.0026056524269208741}]}, {"source": 20, "prod": 0, "target": 1, "value": 2.065237542015371, "supply": [{"l": "Gas-diesel oils used in fisheries", "v": 0.012350555565435999}, {"l": "Fossil fuels in fisheries", "v": 2.0528869864499351}]}, {"source": 22, "prod": 394.647194502594, "target": 5, "value": 5.2508916819377935, "supply": [{"l": "Potash", "v": 0.30617704863743084}, {"l": "Phosphate", "v": 0.8645038599360515}, {"l": "Nitrogen", "v": 11.467990140749153}]}, {"source": 22, "prod": 148.01343170124187, "target": 6, "value": 1.969360249259317, "supply": [{"l": "Potash", "v": 0.30617704863743084}, {"l": "Phosphate", "v": 0.8645038599360515}, {"l": "Nitrogen", "v": 11.467990140749153}]}, {"source": 22, "prod": 360.14319743472572, "target": 3, "value": 4.7918063172853786, "supply": [{"l": "Potash", "v": 0.30617704863743084}, {"l": "Phosphate", "v": 0.8645038599360515}, {"l": "Nitrogen", "v": 11.467990140749153}]}, {"source": 22, "prod": 47.095045731302456, "target": 4, "value": 0.62661280084014537, "supply": [{"l": "Potash", "v": 0.30617704863743084}, {"l": "Phosphate", "v": 0.8645038599360515}, {"l": "Nitrogen", "v": 11.467990140749153}]}, {"source": 20, "prod": 0, "target": 22, "value": 15.171181008307109, "supply": [{"l": "Natural gas (including LNG)", "v": 10.262255958350099}, {"l": "Fuel oil", "v": 2.8817148266867854}, {"l": "Liquefied petroleum gas (LPG)", "v": 1.0136051116351128}, {"l": "Coal", "v": 1.0136051116351128}]}, {"source": 23, "prod": 0, "target": 3, "value": 25.602529738163643, "supply": "[{\"l\":'Labor',\"v\":25.602529738163643}]"}, {"source": 23, "prod": 0, "target": 4, "value": 3.3479802407607182, "supply": "[{\"l\":'Labor',\"v\":3.3479802407607182}]"}, {"source": 23, "prod": 0, "target": 5, "value": 28.055414083357253, "supply": "[{\"l\":'Labor',\"v\":28.055414083357253}]"}, {"source": 23, "prod": 0, "target": 6, "value": 10.52225424156604, "supply": "[{\"l\":'Labor',\"v\":10.52225424156604}]"}, {"source": 20, "prod": 0, "target": 14, "value": 6.2699980474108248, "supply": "[{\"l\":'Fossil Fuels',\"v\":6.2699980474108248}]"}, {"source": 21, "prod": 0, "target": 14, "value": 37.205425836040057, "supply": "[{\"l\":'Renewables & Nuclear',\"v\":0.78241438100121785},{\"l\":'Biomass & Waste',\"v\":36.423011455038839}]"}]}