{"nodes": [{"layer": 3, "name": "Cereals", "fill": "#e7ba52"}, {"layer": 5, "name": "Production", "fill": "#b5cf6b"}, {"layer": 3, "name": "Oilcrops", "fill": "#ff9896"}, {"layer": 3, "name": "Sugar Crops", "fill": "#ffbb78"}, {"layer": 3, "name": "Starchy Roots"}, {"layer": 3, "name": "Fruits & Vegetables"}, {"layer": 3, "name": "Others"}, {"layer": 1, "name": "Electricity", "fill": "#bcbd22"}, {"layer": 0, "name": "Fossil Fuels", "fill": "#c49c94"}, {"layer": 0, "name": "Renewables & Nuclear", "fill": "#2ca02c"}, {"layer": 1, "name": "Fertilizers", "fill": "#c5b0d5"}, {"layer": 0, "name": "Labor", "fill": "#7f7f7f"}], "links": [{"source": 0, "prod": 44299.0, "target": 1, "value": 170.71522247235214, "supply": [{"l": "Maize", "v": 25.196073228026076}, {"l": "Barley", "v": 4.7572199376044857}, {"l": "Cereals, Other", "v": 5.2778884443658001}, {"l": "Sorghum", "v": 21.422602561017698}, {"l": "Rice", "v": 89.739341287712847}, {"l": "Wheat", "v": 10.313395996259151}, {"l": "Oats", "v": 0.015918812469562501}, {"l": "Millet", "v": 13.992782204896537}]}, {"source": 2, "prod": 6886.0, "target": 1, "value": 33.246598739819554, "supply": [{"l": "Sunflower seed", "v": 0.12349139370327274}, {"l": "Coconuts - Incl Copra", "v": 2.3241466205561254}, {"l": "Sesame seed", "v": 2.8798193011603201}, {"l": "Cottonseed", "v": 4.7634232383668635}, {"l": "Olives", "v": 0.0054501410049964116}, {"l": "Groundnuts", "v": 15.282059970780001}, {"l": "Oilcrops, Other", "v": 2.1850664695062636}, {"l": "Soyabeans", "v": 0.15497218349364042}, {"l": "Rape and Mustardseed", "v": 1.0791279189892895}, {"l": "Palm kernels", "v": 1.0954783420042786}, {"l": "Oil Palm", "v": 3.3535631602545002}]}, {"source": 3, "prod": 15750.0, "target": 1, "value": 6.0780920338329558, "supply": [{"l": "Sugar cane", "v": 6.0564810399348827}, {"l": "Sugar beet", "v": 0.021610993898072729}]}, {"source": 4, "prod": 19064.0, "target": 1, "value": 21.060725090251026, "supply": [{"l": "Roots, Other", "v": 1.1740343101864359}, {"l": "Yams", "v": 1.8241000967400274}, {"l": "Potatoes", "v": 1.1602465613061455}, {"l": "Sweet potatoes", "v": 3.1533443809133366}, {"l": "Cassava", "v": 13.748999741105083}]}, {"source": 5, "prod": 22594.0, "target": 1, "value": 24.660712117419724, "supply": [{"l": "Plantains", "v": 6.4907856044220997}, {"l": "Tomatoes", "v": 0.10226631041052274}, {"l": "Treenuts", "v": 1.0383963826299232}, {"l": "Vegetables, Other", "v": 1.6835827769339278}, {"l": "Peas", "v": 0.83994729617176001}, {"l": "Grapes", "v": 0.16843130612956453}, {"l": "Pulses, Other", "v": 6.5801087632355246}, {"l": "Pineapples", "v": 0.11434157773836291}, {"l": "Citrus, Other", "v": 0.11260465241627368}, {"l": "Grapefruit", "v": 0.051351007966330652}, {"l": "Fruits, Other", "v": 1.9065635446189475}, {"l": "Dates", "v": 0.29167372524875806}, {"l": "Beans", "v": 3.5599135839268725}, {"l": "Apples", "v": 0.01328049904350838}, {"l": "Lemons, Limes", "v": 0.043819526797935486}, {"l": "Bananas", "v": 1.3517026728540786}, {"l": "Oranges, Mandarines", "v": 0.10783318178615517}, {"l": "Onions", "v": 0.20410970508918497}]}, {"source": 6, "prod": 1421.0, "target": 1, "value": 2.8832883641074707, "supply": [{"l": "Nuts", "v": 1.0351309852002692}, {"l": "Pepper", "v": 0.016326987148269231}, {"l": "Pimento", "v": 0.6432832936418077}, {"l": "Tea", "v": 0.055998092091510639}, {"l": "Coffee", "v": 0.60514067260180848}, {"l": "Cloves", "v": 0.058777153733769232}, {"l": "Cocoa Beans", "v": 0.080048885561228578}, {"l": "Spices, Other", "v": 0.38858229412880774}]}, {"source": 7, "prod": 0, "target": 0, "value": 0.09330664162641196, "supply": "[{\"l\":'Energy for power irrigation',\"v\":0.09330664162641196}]"}, {"source": 7, "prod": 0, "target": 2, "value": 0.013678186339279801, "supply": "[{\"l\":'Energy for power irrigation',\"v\":0.013678186339279801}]"}, {"source": 7, "prod": 0, "target": 3, "value": 0.032996084368763494, "supply": "[{\"l\":'Energy for power irrigation',\"v\":0.032996084368763494}]"}, {"source": 7, "prod": 0, "target": 4, "value": 0.039883362296529203, "supply": "[{\"l\":'Energy for power irrigation',\"v\":0.039883362296529203}]"}, {"source": 7, "prod": 0, "target": 5, "value": 0.047658915765396874, "supply": "[{\"l\":'Energy for power irrigation',\"v\":0.047658915765396874}]"}, {"source": 7, "prod": 0, "target": 6, "value": 0.0030251648145075863, "supply": "[{\"l\":'Energy for power irrigation',\"v\":0.0030251648145075863}]"}, {"source": 8, "prod": 0, "target": 7, "value": 0.17628241829464802, "supply": [{"l": "Coal", "v": 0.01227231168871935}, {"l": "Natural gas", "v": 0.022869008344336375}, {"l": "Oil", "v": 0.1411410982615923}]}, {"source": 9, "prod": 0, "target": 7, "value": 0.16320962305859213, "supply": [{"l": "Nuclear", "v": 0.0}, {"l": "Hydroelectric", "v": 0.16226430730292368}, {"l": "Renewable", "v": 0.00094531575566845322}]}, {"source": 8, "prod": 0, "target": 0, "value": 0.22337333341106547, "supply": [{"l": "Motor Gasoline", "v": 0.023241199399668303}, {"l": "Gas-Diesel oil", "v": 0.06767753324056909}, {"l": "Natural gas (including LNG)", "v": 0.080868281690558194}, {"l": "Fuel oil", "v": 0.019681196266858741}, {"l": "Liquefied petroleum gas (LPG)", "v": 0.010635040937803713}, {"l": "Coal", "v": 0.02127008187560743}]}, {"source": 8, "prod": 0, "target": 2, "value": 0.032745172523257586, "supply": [{"l": "Motor Gasoline", "v": 0.0034070185208234394}, {"l": "Gas-Diesel oil", "v": 0.0099211148800501959}, {"l": "Natural gas (including LNG)", "v": 0.011854798400414354}, {"l": "Fuel oil", "v": 0.0028851437070887948}, {"l": "Liquefied petroleum gas (LPG)", "v": 0.0015590323382936018}, {"l": "Coal", "v": 0.0031180646765872045}]}, {"source": 8, "prod": 0, "target": 3, "value": 0.078991647609328683, "supply": [{"l": "Motor Gasoline", "v": 0.0082187994643849235}, {"l": "Gas-Diesel oil", "v": 0.023932847198773251}, {"l": "Natural gas (including LNG)", "v": 0.028597499587459958}, {"l": "Fuel oil", "v": 0.0069598733935745923}, {"l": "Liquefied petroleum gas (LPG)", "v": 0.0037608759883786536}, {"l": "Coal", "v": 0.0075217519767573088}]}, {"source": 8, "prod": 0, "target": 4, "value": 0.095479586753180634, "supply": [{"l": "Motor Gasoline", "v": 0.0099343107811573333}, {"l": "Gas-Diesel oil", "v": 0.028928354193437828}, {"l": "Natural gas (including LNG)", "v": 0.034566660215636126}, {"l": "Fuel oil", "v": 0.0084126088717572257}, {"l": "Liquefied petroleum gas (LPG)", "v": 0.0045458842303973722}, {"l": "Coal", "v": 0.0090917684607947479}]}, {"source": 8, "prod": 0, "target": 5, "value": 0.11409403120410276, "supply": [{"l": "Motor Gasoline", "v": 0.011871077397796359}, {"l": "Gas-Diesel oil", "v": 0.034568148630151924}, {"l": "Natural gas (including LNG)", "v": 0.041305683689849312}, {"l": "Fuel oil", "v": 0.010052708560662121}, {"l": "Liquefied petroleum gas (LPG)", "v": 0.0054321376418810154}, {"l": "Coal", "v": 0.010864275283762034}]}, {"source": 8, "prod": 0, "target": 6, "value": 0.0072421548665314688, "supply": [{"l": "Motor Gasoline", "v": 0.00075352040803630671}, {"l": "Gas-Diesel oil", "v": 0.0021942242130176875}, {"l": "Natural gas (including LNG)", "v": 0.0026218913907487098}, {"l": "Fuel oil", "v": 0.00063809886859185472}, {"l": "Liquefied petroleum gas (LPG)", "v": 0.00034480666204563654}, {"l": "Coal", "v": 0.00068961332409127329}]}, {"source": 10, "prod": 270.37572641992006, "target": 0, "value": 3.5974249218865664, "supply": [{"l": "Potash", "v": 0.21533391227729654}, {"l": "Phosphate", "v": 0.60800441825179918}, {"l": "Nitrogen", "v": 8.0654222579865973}]}, {"source": 10, "prod": 39.635437554350403, "target": 2, "value": 0.52736062048132815, "supply": [{"l": "Potash", "v": 0.21533391227729654}, {"l": "Phosphate", "v": 0.60800441825179918}, {"l": "Nitrogen", "v": 8.0654222579865973}]}, {"source": 10, "prod": 95.613132406343809, "target": 3, "value": 1.2721595608180298, "supply": [{"l": "Potash", "v": 0.21533391227729654}, {"l": "Phosphate", "v": 0.60800441825179918}, {"l": "Nitrogen", "v": 8.0654222579865973}]}, {"source": 10, "prod": 115.57047671020764, "target": 4, "value": 1.5376976278776664, "supply": [{"l": "Potash", "v": 0.21533391227729654}, {"l": "Phosphate", "v": 0.60800441825179918}, {"l": "Nitrogen", "v": 8.0654222579865973}]}, {"source": 10, "prod": 138.101787245201, "target": 5, "value": 1.8374830380348803, "supply": [{"l": "Potash", "v": 0.21533391227729654}, {"l": "Phosphate", "v": 0.60800441825179918}, {"l": "Nitrogen", "v": 8.0654222579865973}]}, {"source": 10, "prod": 8.7660548060165375, "target": 6, "value": 0.11663481941722129, "supply": [{"l": "Potash", "v": 0.21533391227729654}, {"l": "Phosphate", "v": 0.60800441825179918}, {"l": "Nitrogen", "v": 8.0654222579865973}]}, {"source": 8, "prod": 0, "target": 10, "value": 10.669871484241641, "supply": [{"l": "Natural gas (including LNG)", "v": 7.2174310064610401}, {"l": "Fuel oil", "v": 2.026706216091259}, {"l": "Liquefied petroleum gas (LPG)", "v": 0.71286713084467135}, {"l": "Coal", "v": 0.71286713084467135}]}, {"source": 11, "prod": 0, "target": 0, "value": 18.104357410743198, "supply": "[{\"l\":'Labor',\"v\":18.104357410743198}]"}, {"source": 11, "prod": 0, "target": 2, "value": 2.6539887182797237, "supply": "[{\"l\":'Labor',\"v\":2.6539887182797237}]"}, {"source": 11, "prod": 0, "target": 3, "value": 6.4022549108447917, "supply": "[{\"l\":'Labor',\"v\":6.4022549108447917}]"}, {"source": 11, "prod": 0, "target": 4, "value": 7.7385985946163638, "supply": "[{\"l\":'Labor',\"v\":7.7385985946163638}]"}, {"source": 11, "prod": 0, "target": 5, "value": 9.2472950455116312, "supply": "[{\"l\":'Labor',\"v\":9.2472950455116312}]"}, {"source": 11, "prod": 0, "target": 6, "value": 0.58697498992126218, "supply": "[{\"l\":'Labor',\"v\":0.58697498992126218}]"}]}