{"nodes": [{"layer": 5, "name": "Sunflower seed"}, {"layer": 10, "name": "Feed", "fill": "#dbdb8d"}, {"layer": 5, "name": "Maize"}, {"layer": 13, "name": "Pelagic Fish"}, {"layer": 5, "name": "Wheat"}, {"layer": 5, "name": "Oats"}, {"layer": 5, "name": "Cottonseed"}, {"layer": 5, "name": "Potatoes"}, {"layer": 5, "name": "Vegetables, Other"}, {"layer": 5, "name": "Peas"}, {"layer": 13, "name": "Milk - Excluding Butter"}, {"layer": 5, "name": "Apples"}, {"layer": 13, "name": "Fish, Seafood"}, {"layer": 5, "name": "Oilcrops, Other"}, {"layer": 5, "name": "Pulses, Other"}, {"layer": 5, "name": "Barley"}, {"layer": 16, "name": "Food", "fill": "#b5cf6b"}, {"layer": 5, "name": "Nuts"}, {"layer": 13, "name": "Sugar", "fill": "#d6616b"}, {"layer": 13, "name": "Beer"}, {"layer": 13, "name": "Beverages, Alcoholic"}, {"layer": 13, "name": "Honey"}, {"layer": 5, "name": "Rice"}, {"layer": 13, "name": "Butter, Ghee"}, {"layer": 5, "name": "Tomatoes"}, {"layer": 5, "name": "Cereals, Other"}, {"layer": 13, "name": "Soyabean Oil"}, {"layer": 5, "name": "Treenuts"}, {"layer": 13, "name": "Eggs"}, {"layer": 5, "name": "Sesame seed"}, {"layer": 5, "name": "Grapes"}, {"layer": 5, "name": "Groundnuts"}, {"layer": 13, "name": "Sunflowerseed Oil"}, {"layer": 13, "name": "Pigmeat"}, {"layer": 5, "name": "Cocoa Beans"}, {"layer": 5, "name": "Beans"}, {"layer": 13, "name": "Oilcrops Oil, Other"}, {"layer": 5, "name": "Lemons, Limes"}, {"layer": 13, "name": "Mutton & Goat Meat"}, {"layer": 13, "name": "Sweeteners, Other"}, {"layer": 13, "name": "Bovine Meat"}, {"layer": 5, "name": "Fruits, Other"}, {"layer": 13, "name": "Poultry Meat"}, {"layer": 13, "name": "Offals, Edible"}, {"layer": 5, "name": "Oranges, Mandarines"}, {"layer": 5, "name": "Tea"}, {"layer": 13, "name": "Cottonseed Oil"}, {"layer": 5, "name": "Onions"}, {"layer": 10, "name": "Processing", "fill": "#9edae5"}, {"layer": 13, "name": "Fats, Animals, Raw"}, {"layer": 16, "name": "Biofuels & Other", "fill": "#e7ba52"}, {"name": "Waste", "fill": "#c7c7c7"}, {"layer": 2, "name": "Import", "fill": "#aec7e8"}, {"layer": 16, "name": "Export", "fill": "#aec7e8"}, {"layer": 0, "name": "Stock Draw", "fill": "#c7c7c7"}, {"layer": 16, "name": "Stock Deposit", "fill": "#c7c7c7"}, {"layer": 2, "name": "Electricity", "fill": "#bcbd22"}, {"layer": 5, "name": "Rye"}, {"layer": 0, "name": "Fossil Fuels", "fill": "#c49c94"}, {"layer": 0, "name": "Renewables & Nuclear", "fill": "#2ca02c"}, {"layer": 2, "name": "Fertilizers", "fill": "#c5b0d5"}, {"layer": 0, "name": "Labor", "fill": "#7f7f7f"}], "links": [{"source": 0, "prod": 1.0, "target": 1, "value": 0.005542105081995834, "supply": [{"l": "Sunflower seed", "v": 0.005542105081995834}]}, {"source": 2, "prod": 79.0, "target": 1, "value": 0.29957388032050125, "supply": [{"l": "Maize", "v": 0.29957388032050125}]}, {"source": 3, "prod": 1.0, "target": 1, "value": 0.0011577318159681819, "supply": [{"l": "Pelagic Fish", "v": 0.0011577318159681819}]}, {"source": 4, "prod": 902.0, "target": 1, "value": 3.0641203932637406, "supply": [{"l": "Wheat", "v": 3.0641203932637406}]}, {"source": 5, "prod": 3.0, "target": 1, "value": 0.011171096469868422, "supply": [{"l": "Oats", "v": 0.011171096469868422}]}, {"source": 6, "prod": 85.0, "target": 1, "value": 0.4710789319696459, "supply": [{"l": "Cottonseed", "v": 0.4710789319696459}]}, {"source": 7, "prod": 350.0, "target": 1, "value": 0.27462403510308736, "supply": [{"l": "Potatoes", "v": 0.27462403510308736}]}, {"source": 8, "prod": 314.0, "target": 1, "value": 0.090277815705974915, "supply": [{"l": "Vegetables, Other", "v": 0.090277815705974915}]}, {"source": 9, "prod": 9.0, "target": 1, "value": 0.03697272573575807, "supply": [{"l": "Peas", "v": 0.03697272573575807}]}, {"source": 10, "prod": 242.0, "target": 1, "value": 0.18104670251530475, "supply": [{"l": "Milk - Excluding Butter", "v": 0.18104670251530475}]}, {"source": 11, "prod": 24.0, "target": 1, "value": 0.015160773780535717, "supply": [{"l": "Apples", "v": 0.015160773780535717}]}, {"source": 12, "prod": 1.0, "target": 1, "value": 0.0032653974296538461, "supply": [{"l": "Fish, Seafood", "v": 0.0032653974296538461}]}, {"source": 13, "prod": 1.0, "target": 1, "value": 0.005542105081995834, "supply": [{"l": "Oilcrops, Other", "v": 0.005542105081995834}]}, {"source": 14, "prod": 35.0, "target": 1, "value": 0.14927452732434729, "supply": [{"l": "Pulses, Other", "v": 0.14927452732434729}]}, {"source": 15, "prod": 23.0, "target": 1, "value": 0.062486645213856003, "supply": [{"l": "Barley", "v": 0.062486645213856003}]}, {"source": 2, "prod": 60.0, "target": 16, "value": 0.22752446606620347, "supply": [{"l": "Maize", "v": 0.22752446606620347}]}, {"source": 17, "prod": 5.0, "target": 16, "value": 0.01453772828270548, "supply": [{"l": "Nuts", "v": 0.01453772828270548}]}, {"source": 18, "prod": 132.0, "target": 16, "value": 0.46695183244049998, "supply": [{"l": "Sugar", "v": 0.46695183244049998}]}, {"source": 19, "prod": 3.0, "target": 16, "value": 0.0033513289409605272, "supply": [{"l": "Beer", "v": 0.0033513289409605272}]}, {"source": 20, "prod": 3.0, "target": 16, "value": 0.0090964642683214296, "supply": [{"l": "Beverages, Alcoholic", "v": 0.0090964642683214296}]}, {"source": 15, "prod": 37.0, "target": 16, "value": 0.100521994474464, "supply": [{"l": "Barley", "v": 0.100521994474464}]}, {"source": 21, "prod": 3.0, "target": 16, "value": 0.010612541646375, "supply": [{"l": "Honey", "v": 0.010612541646375}]}, {"source": 22, "prod": 49.0, "target": 16, "value": 0.20641798561040844, "supply": [{"l": "Rice", "v": 0.20641798561040844}]}, {"source": 23, "prod": 1.0, "target": 16, "value": 0.0070750277642500003, "supply": [{"l": "Butter, Ghee", "v": 0.0070750277642500003}]}, {"source": 24, "prod": 257.0, "target": 16, "value": 0.050522455860948189, "supply": [{"l": "Tomatoes", "v": 0.050522455860948189}]}, {"source": 25, "prod": 4.0, "target": 16, "value": 0.014894795293157896, "supply": [{"l": "Cereals, Other", "v": 0.014894795293157896}]}, {"source": 4, "prod": 996.0, "target": 16, "value": 3.3834411437812473, "supply": [{"l": "Wheat", "v": 3.3834411437812473}]}, {"source": 26, "prod": 5.0, "target": 16, "value": 0.050686766072238806, "supply": [{"l": "Soyabean Oil", "v": 0.050686766072238806}]}, {"source": 27, "prod": 5.0, "target": 16, "value": 0.015839614397574628, "supply": [{"l": "Treenuts", "v": 0.015839614397574628}]}, {"source": 28, "prod": 13.0, "target": 16, "value": 0.021824661916838982, "supply": [{"l": "Eggs", "v": 0.021824661916838982}]}, {"source": 8, "prod": 594.0, "target": 16, "value": 0.1707803265265895, "supply": [{"l": "Vegetables, Other", "v": 0.1707803265265895}]}, {"source": 9, "prod": 5.0, "target": 16, "value": 0.020540403186532261, "supply": [{"l": "Peas", "v": 0.020540403186532261}]}, {"source": 29, "prod": 1.0, "target": 16, "value": 0.0047166851761666672, "supply": [{"l": "Sesame seed", "v": 0.0047166851761666672}]}, {"source": 30, "prod": 99.0, "target": 16, "value": 0.063291664035609943, "supply": [{"l": "Grapes", "v": 0.063291664035609943}]}, {"source": 31, "prod": 3.0, "target": 16, "value": 0.019102574963475002, "supply": [{"l": "Groundnuts", "v": 0.019102574963475002}]}, {"source": 32, "prod": 23.0, "target": 16, "value": 0.23470044025637019, "supply": [{"l": "Sunflowerseed Oil", "v": 0.23470044025637019}]}, {"source": 33, "prod": 11.0, "target": 16, "value": 0.036428866360606382, "supply": [{"l": "Pigmeat", "v": 0.036428866360606382}]}, {"source": 34, "prod": 7.0, "target": 16, "value": 0.063223652361382984, "supply": [{"l": "Cocoa Beans", "v": 0.063223652361382984}]}, {"source": 7, "prod": 278.0, "target": 16, "value": 0.21812994788188081, "supply": [{"l": "Potatoes", "v": 0.21812994788188081}]}, {"source": 10, "prod": 393.0, "target": 16, "value": 0.2940138598698957, "supply": [{"l": "Milk - Excluding Butter", "v": 0.2940138598698957}]}, {"source": 35, "prod": 4.0, "target": 16, "value": 0.017687569410625003, "supply": [{"l": "Beans", "v": 0.017687569410625003}]}, {"source": 11, "prod": 25.0, "target": 16, "value": 0.015792472688058039, "supply": [{"l": "Apples", "v": 0.015792472688058039}]}, {"source": 12, "prod": 1.0, "target": 16, "value": 0.0032653974296538461, "supply": [{"l": "Fish, Seafood", "v": 0.0032653974296538461}]}, {"source": 36, "prod": 7.0, "target": 16, "value": 0.070911073728051152, "supply": [{"l": "Oilcrops Oil, Other", "v": 0.070911073728051152}]}, {"source": 37, "prod": 1.0, "target": 16, "value": 0.0006316989075223216, "supply": [{"l": "Lemons, Limes", "v": 0.0006316989075223216}]}, {"source": 38, "prod": 37.0, "target": 16, "value": 0.11422953917552726, "supply": [{"l": "Mutton & Goat Meat", "v": 0.11422953917552726}]}, {"source": 39, "prod": 2.0, "target": 16, "value": 0.00424501665855, "supply": [{"l": "Sweeteners, Other", "v": 0.00424501665855}]}, {"source": 3, "prod": 1.0, "target": 16, "value": 0.0011577318159681819, "supply": [{"l": "Pelagic Fish", "v": 0.0011577318159681819}]}, {"source": 40, "prod": 27.0, "target": 16, "value": 0.070042774866074992, "supply": [{"l": "Bovine Meat", "v": 0.070042774866074992}]}, {"source": 41, "prod": 41.0, "target": 16, "value": 0.018815749513572975, "supply": [{"l": "Fruits, Other", "v": 0.018815749513572975}]}, {"source": 42, "prod": 29.0, "target": 16, "value": 0.041785150920975199, "supply": [{"l": "Poultry Meat", "v": 0.041785150920975199}]}, {"source": 43, "prod": 11.0, "target": 16, "value": 0.015160773780535717, "supply": [{"l": "Offals, Edible", "v": 0.015160773780535717}]}, {"source": 44, "prod": 1.0, "target": 16, "value": 0.0006316989075223216, "supply": [{"l": "Oranges, Mandarines", "v": 0.0006316989075223216}]}, {"source": 45, "prod": 7.0, "target": 16, "value": 0.0033767177965738642, "supply": [{"l": "Tea", "v": 0.0033767177965738642}]}, {"source": 46, "prod": 38.0, "target": 16, "value": 0.39220624500171758, "supply": [{"l": "Cottonseed Oil", "v": 0.39220624500171758}]}, {"source": 47, "prod": 201.0, "target": 16, "value": 0.072684118564728339, "supply": [{"l": "Onions", "v": 0.072684118564728339}]}, {"source": 0, "prod": 3.0, "target": 48, "value": 0.0166263152459875, "supply": [{"l": "Sunflower seed", "v": 0.0166263152459875}]}, {"source": 7, "prod": 7.0, "target": 48, "value": 0.0054924807020617474, "supply": [{"l": "Potatoes", "v": 0.0054924807020617474}]}, {"source": 6, "prod": 72.0, "target": 48, "value": 0.39903156590370004, "supply": [{"l": "Cottonseed", "v": 0.39903156590370004}]}, {"source": 49, "prod": 3.0, "target": 50, "value": 0.02122508329275, "supply": [{"l": "Fats, Animals, Raw", "v": 0.02122508329275}]}, {"source": 4, "prod": 5.0, "target": 50, "value": 0.01698514630412273, "supply": [{"l": "Wheat", "v": 0.01698514630412273}]}, {"source": 7, "prod": 22.0, "target": 50, "value": 0.017262082206479776, "supply": [{"l": "Potatoes", "v": 0.017262082206479776}]}, {"source": 28, "prod": 1.0, "target": 50, "value": 0.0016788201474491526, "supply": [{"l": "Eggs", "v": 0.0016788201474491526}]}, {"source": 18, "prod": 110.0, "target": 50, "value": 0.38912652703375, "supply": [{"l": "Sugar", "v": 0.38912652703375}]}, {"source": 46, "prod": 14.0, "target": 50, "value": 0.14449703763221178, "supply": [{"l": "Cottonseed Oil", "v": 0.14449703763221178}]}, {"source": 2, "prod": 1.0, "target": 2, "value": 0.0037920744344367239, "supply": [{"l": "Maize", "v": 0.0037920744344367239}]}, {"source": 4, "prod": 34.0, "target": 4, "value": 0.11549899486803455, "supply": [{"l": "Wheat", "v": 0.11549899486803455}]}, {"source": 6, "prod": 7.0, "target": 6, "value": 0.03879473557397084, "supply": [{"l": "Cottonseed", "v": 0.03879473557397084}]}, {"source": 7, "prod": 25.0, "target": 7, "value": 0.019616002507363381, "supply": [{"l": "Potatoes", "v": 0.019616002507363381}]}, {"source": 15, "prod": 9.0, "target": 15, "value": 0.024451295953248003, "supply": [{"l": "Barley", "v": 0.024451295953248003}]}, {"source": 22, "prod": 1.0, "target": 22, "value": 0.0042126119512328249, "supply": [{"l": "Rice", "v": 0.0042126119512328249}]}, {"source": 2, "prod": 3.0, "target": 51, "value": 0.011376223303310173, "supply": [{"l": "Maize", "v": 0.011376223303310173}]}, {"source": 4, "prod": 85.0, "target": 51, "value": 0.28874748717008636, "supply": [{"l": "Wheat", "v": 0.28874748717008636}]}, {"source": 7, "prod": 36.0, "target": 51, "value": 0.028247043610603265, "supply": [{"l": "Potatoes", "v": 0.028247043610603265}]}, {"source": 11, "prod": 1.0, "target": 51, "value": 0.0006316989075223216, "supply": [{"l": "Apples", "v": 0.0006316989075223216}]}, {"source": 8, "prod": 17.0, "target": 51, "value": 0.0048876524426801704, "supply": [{"l": "Vegetables, Other", "v": 0.0048876524426801704}]}, {"source": 41, "prod": 4.0, "target": 51, "value": 0.0018356828793729732, "supply": [{"l": "Fruits, Other", "v": 0.0018356828793729732}]}, {"source": 15, "prod": 2.0, "target": 51, "value": 0.0054336213229440001, "supply": [{"l": "Barley", "v": 0.0054336213229440001}]}, {"source": 30, "prod": 14.0, "target": 51, "value": 0.0089503363282680739, "supply": [{"l": "Grapes", "v": 0.0089503363282680739}]}, {"source": 22, "prod": 2.0, "target": 51, "value": 0.0084252239024656499, "supply": [{"l": "Rice", "v": 0.0084252239024656499}]}, {"source": 47, "prod": 13.0, "target": 51, "value": 0.0047009628922461116, "supply": [{"l": "Onions", "v": 0.0047009628922461116}]}, {"source": 14, "prod": 1.0, "target": 51, "value": 0.0042649864949813512, "supply": [{"l": "Pulses, Other", "v": 0.0042649864949813512}]}, {"source": 52, "prod": 28.0, "target": 7, "value": 0.02196992280824699, "supply": [{"l": "Potatoes", "v": 0.02196992280824699}]}, {"source": 52, "prod": 4.0, "target": 25, "value": 0.014894795293157896, "supply": [{"l": "Cereals, Other", "v": 0.014894795293157896}]}, {"source": 52, "prod": 11.0, "target": 22, "value": 0.046338731463561073, "supply": [{"l": "Rice", "v": 0.046338731463561073}]}, {"source": 52, "prod": 938.0, "target": 4, "value": 3.186413446653424, "supply": [{"l": "Wheat", "v": 3.186413446653424}]}, {"source": 52, "prod": 45.0, "target": 1, "value": 0.082222758952345876, "supply": [{"l": "Pigmeat", "v": 0.026493720989531913}, {"l": "Milk - Excluding Butter", "v": 0.0029925074795918139}, {"l": "Fish, Seafood", "v": 0.0065307948593076922}, {"l": "Pelagic Fish", "v": 0.0023154636319363637}, {"l": "Bovine Meat", "v": 0.0025941768468916663}, {"l": "Eggs", "v": 0.0067152805897966105}, {"l": "Poultry Meat", "v": 0.034580814555289816}]}, {"source": 52, "prod": 25.0, "target": 24, "value": 0.0049146357841389297, "supply": [{"l": "Tomatoes", "v": 0.0049146357841389297}]}, {"source": 52, "prod": 9.0, "target": 15, "value": 0.024451295953248003, "supply": [{"l": "Barley", "v": 0.024451295953248003}]}, {"source": 52, "prod": 323.0, "target": 48, "value": 1.6259407765406815, "supply": [{"l": "Sugar", "v": 0.85961587335637502}, {"l": "Beer", "v": 0.0033513289409605272}, {"l": "Beverages, Alcoholic", "v": 0.0030321547561071431}, {"l": "Oilcrops Oil, Other", "v": 0.070911073728051152}, {"l": "Butter, Ghee", "v": 0.0070750277642500003}, {"l": "Sweeteners, Other", "v": 0.00424501665855}, {"l": "Soyabean Oil", "v": 0.050686766072238806}, {"l": "Cottonseed Oil", "v": 0.40252746197544703}, {"l": "Sunflowerseed Oil", "v": 0.22449607328870191}]}, {"source": 52, "prod": 9.0, "target": 9, "value": 0.03697272573575807, "supply": [{"l": "Peas", "v": 0.03697272573575807}]}, {"source": 52, "prod": 7.0, "target": 34, "value": 0.063223652361382984, "supply": [{"l": "Cocoa Beans", "v": 0.063223652361382984}]}, {"source": 52, "prod": 7.0, "target": 45, "value": 0.0033767177965738642, "supply": [{"l": "Tea", "v": 0.0033767177965738642}]}, {"source": 52, "prod": 1.0, "target": 41, "value": 0.00045892071984324331, "supply": [{"l": "Fruits, Other", "v": 0.00045892071984324331}]}, {"source": 52, "prod": 1.0, "target": 47, "value": 0.00036161253017277778, "supply": [{"l": "Onions", "v": 0.00036161253017277778}]}, {"source": 52, "prod": 2.0, "target": 8, "value": 0.00057501793443296128, "supply": [{"l": "Vegetables, Other", "v": 0.00057501793443296128}]}, {"source": 4, "prod": 3.0, "target": 53, "value": 0.010191087782473638, "supply": [{"l": "Wheat", "v": 0.010191087782473638}]}, {"source": 8, "prod": 5.0, "target": 53, "value": 0.001437544836082403, "supply": [{"l": "Vegetables, Other", "v": 0.001437544836082403}]}, {"source": 41, "prod": 20.0, "target": 53, "value": 0.0091784143968648649, "supply": [{"l": "Fruits, Other", "v": 0.0091784143968648649}]}, {"source": 11, "prod": 98.0, "target": 53, "value": 0.061906492937187509, "supply": [{"l": "Apples", "v": 0.061906492937187509}]}, {"source": 30, "prod": 26.0, "target": 53, "value": 0.016622053181069282, "supply": [{"l": "Grapes", "v": 0.016622053181069282}]}, {"source": 22, "prod": 1.0, "target": 53, "value": 0.0042126119512328249, "supply": [{"l": "Rice", "v": 0.0042126119512328249}]}, {"source": 47, "prod": 55.0, "target": 53, "value": 0.01988868915950278, "supply": [{"l": "Onions", "v": 0.01988868915950278}]}, {"source": 24, "prod": 40.0, "target": 53, "value": 0.0078634172546222861, "supply": [{"l": "Tomatoes", "v": 0.0078634172546222861}]}, {"source": 54, "prod": 1.0, "target": 0, "value": 0.005542105081995834, "supply": [{"l": "Sunflower seed", "v": 0.005542105081995834}]}, {"source": 15, "prod": 40.0, "target": 55, "value": 0.10867242645888001, "supply": [{"l": "Barley", "v": 0.10867242645888001}]}, {"source": 54, "prod": 1.0, "target": 1, "value": 0.00074812686989795347, "supply": [{"l": "Milk - Excluding Butter", "v": 0.00074812686989795347}]}, {"source": 4, "prod": 1.0, "target": 55, "value": 0.0033970292608245457, "supply": [{"l": "Wheat", "v": 0.0033970292608245457}]}, {"source": 1, "prod": 29.0, "target": 42, "value": 0.041785150920975199, "supply": [{"l": "Poultry Meat", "v": 0.041785150920975199}]}, {"source": 1, "prod": 11.0, "target": 33, "value": 0.036428866360606382, "supply": [{"l": "Pigmeat", "v": 0.036428866360606382}]}, {"source": 1, "prod": 2.0, "target": 3, "value": 0.0023154636319363637, "supply": [{"l": "Pelagic Fish", "v": 0.0023154636319363637}]}, {"source": 1, "prod": 27.0, "target": 40, "value": 0.070042774866074992, "supply": [{"l": "Bovine Meat", "v": 0.070042774866074992}]}, {"source": 1, "prod": 14.0, "target": 28, "value": 0.023503482064288133, "supply": [{"l": "Eggs", "v": 0.023503482064288133}]}, {"source": 1, "prod": 635.0, "target": 10, "value": 0.47506056238520045, "supply": [{"l": "Milk - Excluding Butter", "v": 0.47506056238520045}]}, {"source": 1, "prod": 11.0, "target": 43, "value": 0.015160773780535717, "supply": [{"l": "Offals, Edible", "v": 0.015160773780535717}]}, {"source": 1, "prod": 2.0, "target": 12, "value": 0.0065307948593076922, "supply": [{"l": "Fish, Seafood", "v": 0.0065307948593076922}]}, {"source": 1, "prod": 37.0, "target": 38, "value": 0.11422953917552726, "supply": [{"l": "Mutton & Goat Meat", "v": 0.11422953917552726}]}, {"source": 48, "prod": 3.0, "target": 49, "value": 0.02122508329275, "supply": [{"l": "Fats, Animals, Raw", "v": 0.02122508329275}]}, {"source": 48, "prod": 2.0, "target": 39, "value": 0.00424501665855, "supply": [{"l": "Sweeteners, Other", "v": 0.00424501665855}]}, {"source": 48, "prod": 5.0, "target": 26, "value": 0.050686766072238806, "supply": [{"l": "Soyabean Oil", "v": 0.050686766072238806}]}, {"source": 48, "prod": 242.0, "target": 18, "value": 0.85607835947425004, "supply": [{"l": "Sugar", "v": 0.85607835947425004}]}, {"source": 48, "prod": 3.0, "target": 21, "value": 0.010612541646375, "supply": [{"l": "Honey", "v": 0.010612541646375}]}, {"source": 48, "prod": 3.0, "target": 19, "value": 0.0033513289409605272, "supply": [{"l": "Beer", "v": 0.0033513289409605272}]}, {"source": 48, "prod": 3.0, "target": 20, "value": 0.0090964642683214296, "supply": [{"l": "Beverages, Alcoholic", "v": 0.0090964642683214296}]}, {"source": 48, "prod": 23.0, "target": 32, "value": 0.23470044025637019, "supply": [{"l": "Sunflowerseed Oil", "v": 0.23470044025637019}]}, {"source": 48, "prod": 52.0, "target": 46, "value": 0.5367032826339293, "supply": [{"l": "Cottonseed Oil", "v": 0.5367032826339293}]}, {"source": 48, "prod": 7.0, "target": 36, "value": 0.070911073728051152, "supply": [{"l": "Oilcrops Oil, Other", "v": 0.070911073728051152}]}, {"source": 48, "prod": 1.0, "target": 23, "value": 0.0070750277642500003, "supply": [{"l": "Butter, Ghee", "v": 0.0070750277642500003}]}, {"source": 56, "prod": 0, "target": 2, "value": 0.0069508952957356698, "supply": "[{\"l\":'Energy for power irrigation',\"v\":0.0069508952957356698}]"}, {"source": 56, "prod": 0, "target": 57, "value": 2.4303829705369474e-05, "supply": "[{\"l\":'Energy for power irrigation',\"v\":2.4303829705369474e-05}]"}, {"source": 56, "prod": 0, "target": 41, "value": 0.0031108902022872927, "supply": "[{\"l\":'Energy for power irrigation',\"v\":0.0031108902022872927}]"}, {"source": 56, "prod": 0, "target": 15, "value": 0.0051767157272436977, "supply": "[{\"l\":'Energy for power irrigation',\"v\":0.0051767157272436977}]"}, {"source": 56, "prod": 0, "target": 22, "value": 0.0023088638220101002, "supply": "[{\"l\":'Energy for power irrigation',\"v\":0.0023088638220101002}]"}, {"source": 56, "prod": 0, "target": 17, "value": 0.00024303829705369477, "supply": "[{\"l\":'Energy for power irrigation',\"v\":0.00024303829705369477}]"}, {"source": 56, "prod": 0, "target": 0, "value": 0.00017012680793758632, "supply": "[{\"l\":'Energy for power irrigation',\"v\":0.00017012680793758632}]"}, {"source": 56, "prod": 0, "target": 4, "value": 0.075706429532225908, "supply": "[{\"l\":'Energy for power irrigation',\"v\":0.075706429532225908}]"}, {"source": 56, "prod": 0, "target": 27, "value": 0.00024303829705369477, "supply": "[{\"l\":'Energy for power irrigation',\"v\":0.00024303829705369477}]"}, {"source": 56, "prod": 0, "target": 8, "value": 0.045156515592576482, "supply": "[{\"l\":'Energy for power irrigation',\"v\":0.045156515592576482}]"}, {"source": 56, "prod": 0, "target": 9, "value": 0.00046177276440202003, "supply": "[{\"l\":'Energy for power irrigation',\"v\":0.00046177276440202003}]"}, {"source": 56, "prod": 0, "target": 29, "value": 4.8607659410738948e-05, "supply": "[{\"l\":'Energy for power irrigation',\"v\":4.8607659410738948e-05}]"}, {"source": 56, "prod": 0, "target": 24, "value": 0.013828879102355231, "supply": "[{\"l\":'Energy for power irrigation',\"v\":0.013828879102355231}]"}, {"source": 56, "prod": 0, "target": 30, "value": 0.0067564646580927142, "supply": "[{\"l\":'Energy for power irrigation',\"v\":0.0067564646580927142}]"}, {"source": 56, "prod": 0, "target": 31, "value": 0.00014582297823221684, "supply": "[{\"l\":'Energy for power irrigation',\"v\":0.00014582297823221684}]"}, {"source": 56, "prod": 0, "target": 13, "value": 4.8607659410738948e-05, "supply": "[{\"l\":'Energy for power irrigation',\"v\":4.8607659410738948e-05}]"}, {"source": 56, "prod": 0, "target": 5, "value": 0.00014582297823221684, "supply": "[{\"l\":'Energy for power irrigation',\"v\":0.00014582297823221684}]"}, {"source": 56, "prod": 0, "target": 6, "value": 0.0079473523136558179, "supply": "[{\"l\":'Energy for power irrigation',\"v\":0.0079473523136558179}]"}, {"source": 56, "prod": 0, "target": 7, "value": 0.034244096054865593, "supply": "[{\"l\":'Energy for power irrigation',\"v\":0.034244096054865593}]"}, {"source": 56, "prod": 0, "target": 35, "value": 0.00019443063764295579, "supply": "[{\"l\":'Energy for power irrigation',\"v\":0.00019443063764295579}]"}, {"source": 56, "prod": 0, "target": 11, "value": 0.0071939335927893649, "supply": "[{\"l\":'Energy for power irrigation',\"v\":0.0071939335927893649}]"}, {"source": 56, "prod": 0, "target": 37, "value": 7.2911489116108422e-05, "supply": "[{\"l\":'Energy for power irrigation',\"v\":7.2911489116108422e-05}]"}, {"source": 56, "prod": 0, "target": 44, "value": 4.8607659410738948e-05, "supply": "[{\"l\":'Energy for power irrigation',\"v\":4.8607659410738948e-05}]"}, {"source": 56, "prod": 0, "target": 47, "value": 0.013075460381488777, "supply": "[{\"l\":'Energy for power irrigation',\"v\":0.013075460381488777}]"}, {"source": 56, "prod": 0, "target": 14, "value": 0.0017498757387866021, "supply": "[{\"l\":'Energy for power irrigation',\"v\":0.0017498757387866021}]"}, {"source": 56, "prod": 0, "target": 48, "value": 4.1300000033039996, "supply": "[{\"l\":'Electricity',\"v\":4.1300000033039996}]"}, {"source": 58, "prod": 0, "target": 56, "value": 0.15766882126445003, "supply": [{"l": "Coal", "v": 0.0}, {"l": "Natural gas", "v": 0.15766882126445003}, {"l": "Oil", "v": 0.0}]}, {"source": 59, "prod": 0, "target": 56, "value": 4.269824209090066, "supply": [{"l": "Nuclear", "v": 0.0}, {"l": "Hydroelectric", "v": 4.269824209090066}, {"l": "Renewable", "v": 0.0}]}, {"source": 58, "prod": 0, "target": 2, "value": 0.14948656004743402, "supply": [{"l": "Other fossil fuels", "v": 0.14948656004743402}]}, {"source": 58, "prod": 0, "target": 57, "value": 0.00052268027988613291, "supply": [{"l": "Other fossil fuels", "v": 0.00052268027988613291}]}, {"source": 58, "prod": 0, "target": 41, "value": 0.066903075825425012, "supply": [{"l": "Other fossil fuels", "v": 0.066903075825425012}]}, {"source": 58, "prod": 0, "target": 15, "value": 0.1113308996157463, "supply": [{"l": "Other fossil fuels", "v": 0.1113308996157463}]}, {"source": 58, "prod": 0, "target": 22, "value": 0.04965462658918262, "supply": [{"l": "Other fossil fuels", "v": 0.04965462658918262}]}, {"source": 58, "prod": 0, "target": 17, "value": 0.0052268027988613295, "supply": [{"l": "Other fossil fuels", "v": 0.0052268027988613295}]}, {"source": 58, "prod": 0, "target": 0, "value": 0.0036587619592029301, "supply": [{"l": "Other fossil fuels", "v": 0.0036587619592029301}]}, {"source": 58, "prod": 0, "target": 4, "value": 1.628149071845304, "supply": [{"l": "Other fossil fuels", "v": 1.628149071845304}]}, {"source": 58, "prod": 0, "target": 27, "value": 0.0052268027988613295, "supply": [{"l": "Other fossil fuels", "v": 0.0052268027988613295}]}, {"source": 58, "prod": 0, "target": 8, "value": 0.97113996002843495, "supply": [{"l": "Other fossil fuels", "v": 0.97113996002843495}]}, {"source": 58, "prod": 0, "target": 9, "value": 0.0099309253178365246, "supply": [{"l": "Other fossil fuels", "v": 0.0099309253178365246}]}, {"source": 58, "prod": 0, "target": 29, "value": 0.0010453605597722658, "supply": [{"l": "Other fossil fuels", "v": 0.0010453605597722658}]}, {"source": 58, "prod": 0, "target": 24, "value": 0.29740507925520965, "supply": [{"l": "Other fossil fuels", "v": 0.29740507925520965}]}, {"source": 58, "prod": 0, "target": 30, "value": 0.14530511780834496, "supply": [{"l": "Other fossil fuels", "v": 0.14530511780834496}]}, {"source": 58, "prod": 0, "target": 31, "value": 0.003136081679316797, "supply": [{"l": "Other fossil fuels", "v": 0.003136081679316797}]}, {"source": 58, "prod": 0, "target": 13, "value": 0.0010453605597722658, "supply": [{"l": "Other fossil fuels", "v": 0.0010453605597722658}]}, {"source": 58, "prod": 0, "target": 5, "value": 0.003136081679316797, "supply": [{"l": "Other fossil fuels", "v": 0.003136081679316797}]}, {"source": 58, "prod": 0, "target": 6, "value": 0.17091645152276547, "supply": [{"l": "Other fossil fuels", "v": 0.17091645152276547}]}, {"source": 58, "prod": 0, "target": 7, "value": 0.73645651435956128, "supply": [{"l": "Other fossil fuels", "v": 0.73645651435956128}]}, {"source": 58, "prod": 0, "target": 35, "value": 0.0041814422390890633, "supply": [{"l": "Other fossil fuels", "v": 0.0041814422390890633}]}, {"source": 58, "prod": 0, "target": 11, "value": 0.15471336284629533, "supply": [{"l": "Other fossil fuels", "v": 0.15471336284629533}]}, {"source": 58, "prod": 0, "target": 37, "value": 0.0015680408396583985, "supply": [{"l": "Other fossil fuels", "v": 0.0015680408396583985}]}, {"source": 58, "prod": 0, "target": 44, "value": 0.0010453605597722658, "supply": [{"l": "Other fossil fuels", "v": 0.0010453605597722658}]}, {"source": 58, "prod": 0, "target": 47, "value": 0.28120199057873946, "supply": [{"l": "Other fossil fuels", "v": 0.28120199057873946}]}, {"source": 58, "prod": 0, "target": 14, "value": 0.037632980151801568, "supply": [{"l": "Other fossil fuels", "v": 0.037632980151801568}]}, {"source": 60, "prod": 3.8382672405977942, "target": 2, "value": 0.036430028840543777, "supply": [{"l": "Potash", "v": 0.036401559485473328}, {"l": "Phosphate", "v": 0.2615131780525875}, {"l": "Nitrogen", "v": 0.88389577848489431}]}, {"source": 60, "prod": 0.013420514827265015, "target": 57, "value": 0.00012737772321868454, "supply": [{"l": "Potash", "v": 0.036401559485473328}, {"l": "Phosphate", "v": 0.2615131780525875}, {"l": "Nitrogen", "v": 0.88389577848489431}]}, {"source": 60, "prod": 1.7178258978899219, "target": 41, "value": 0.01630434857199162, "supply": [{"l": "Potash", "v": 0.036401559485473328}, {"l": "Phosphate", "v": 0.2615131780525875}, {"l": "Nitrogen", "v": 0.88389577848489431}]}, {"source": 60, "prod": 2.8585696582074482, "target": 15, "value": 0.027131455045579803, "supply": [{"l": "Potash", "v": 0.036401559485473328}, {"l": "Phosphate", "v": 0.2615131780525875}, {"l": "Nitrogen", "v": 0.88389577848489431}]}, {"source": 60, "prod": 1.2749489085901764, "target": 22, "value": 0.01210088370577503, "supply": [{"l": "Potash", "v": 0.036401559485473328}, {"l": "Phosphate", "v": 0.2615131780525875}, {"l": "Nitrogen", "v": 0.88389577848489431}]}, {"source": 60, "prod": 0.13420514827265015, "target": 17, "value": 0.0012737772321868455, "supply": [{"l": "Potash", "v": 0.036401559485473328}, {"l": "Phosphate", "v": 0.2615131780525875}, {"l": "Nitrogen", "v": 0.88389577848489431}]}, {"source": 60, "prod": 0.093943603790855104, "target": 0, "value": 0.00089164406253079166, "supply": [{"l": "Potash", "v": 0.036401559485473328}, {"l": "Phosphate", "v": 0.2615131780525875}, {"l": "Nitrogen", "v": 0.88389577848489431}]}, {"source": 60, "prod": 41.804903686930523, "target": 4, "value": 0.39678160782620231, "supply": [{"l": "Potash", "v": 0.036401559485473328}, {"l": "Phosphate", "v": 0.2615131780525875}, {"l": "Nitrogen", "v": 0.88389577848489431}]}, {"source": 60, "prod": 0.13420514827265015, "target": 27, "value": 0.0012737772321868455, "supply": [{"l": "Potash", "v": 0.036401559485473328}, {"l": "Phosphate", "v": 0.2615131780525875}, {"l": "Nitrogen", "v": 0.88389577848489431}]}, {"source": 60, "prod": 24.935316549058399, "target": 8, "value": 0.23666780974031587, "supply": [{"l": "Potash", "v": 0.036401559485473328}, {"l": "Phosphate", "v": 0.2615131780525875}, {"l": "Nitrogen", "v": 0.88389577848489431}]}, {"source": 60, "prod": 0.25498978171803527, "target": 9, "value": 0.0024201767411550059, "supply": [{"l": "Potash", "v": 0.036401559485473328}, {"l": "Phosphate", "v": 0.2615131780525875}, {"l": "Nitrogen", "v": 0.88389577848489431}]}, {"source": 60, "prod": 0.02684102965453003, "target": 29, "value": 0.00025475544643736907, "supply": [{"l": "Potash", "v": 0.036401559485473328}, {"l": "Phosphate", "v": 0.2615131780525875}, {"l": "Nitrogen", "v": 0.88389577848489431}]}, {"source": 60, "prod": 7.6362729367137936, "target": 24, "value": 0.072477924511431494, "supply": [{"l": "Potash", "v": 0.036401559485473328}, {"l": "Phosphate", "v": 0.2615131780525875}, {"l": "Nitrogen", "v": 0.88389577848489431}]}, {"source": 60, "prod": 3.7309031219796744, "target": 30, "value": 0.035411007054794302, "supply": [{"l": "Potash", "v": 0.036401559485473328}, {"l": "Phosphate", "v": 0.2615131780525875}, {"l": "Nitrogen", "v": 0.88389577848489431}]}, {"source": 60, "prod": 0.080523088963590075, "target": 31, "value": 0.00076426633931210716, "supply": [{"l": "Potash", "v": 0.036401559485473328}, {"l": "Phosphate", "v": 0.2615131780525875}, {"l": "Nitrogen", "v": 0.88389577848489431}]}, {"source": 60, "prod": 0.02684102965453003, "target": 13, "value": 0.00025475544643736907, "supply": [{"l": "Potash", "v": 0.036401559485473328}, {"l": "Phosphate", "v": 0.2615131780525875}, {"l": "Nitrogen", "v": 0.88389577848489431}]}, {"source": 60, "prod": 0.080523088963590075, "target": 5, "value": 0.00076426633931210716, "supply": [{"l": "Potash", "v": 0.036401559485473328}, {"l": "Phosphate", "v": 0.2615131780525875}, {"l": "Nitrogen", "v": 0.88389577848489431}]}, {"source": 60, "prod": 4.3885083485156597, "target": 6, "value": 0.04165251549250984, "supply": [{"l": "Potash", "v": 0.036401559485473328}, {"l": "Phosphate", "v": 0.2615131780525875}, {"l": "Nitrogen", "v": 0.88389577848489431}]}, {"source": 60, "prod": 18.909505391616406, "target": 7, "value": 0.17947521201512651, "supply": [{"l": "Potash", "v": 0.036401559485473328}, {"l": "Phosphate", "v": 0.2615131780525875}, {"l": "Nitrogen", "v": 0.88389577848489431}]}, {"source": 60, "prod": 0.10736411861812012, "target": 35, "value": 0.0010190217857494763, "supply": [{"l": "Potash", "v": 0.036401559485473328}, {"l": "Phosphate", "v": 0.2615131780525875}, {"l": "Nitrogen", "v": 0.88389577848489431}]}, {"source": 60, "prod": 3.9724723888704445, "target": 11, "value": 0.03770380607273062, "supply": [{"l": "Potash", "v": 0.036401559485473328}, {"l": "Phosphate", "v": 0.2615131780525875}, {"l": "Nitrogen", "v": 0.88389577848489431}]}, {"source": 60, "prod": 0.040261544481795038, "target": 37, "value": 0.00038213316965605358, "supply": [{"l": "Potash", "v": 0.036401559485473328}, {"l": "Phosphate", "v": 0.2615131780525875}, {"l": "Nitrogen", "v": 0.88389577848489431}]}, {"source": 60, "prod": 0.02684102965453003, "target": 44, "value": 0.00025475544643736907, "supply": [{"l": "Potash", "v": 0.036401559485473328}, {"l": "Phosphate", "v": 0.2615131780525875}, {"l": "Nitrogen", "v": 0.88389577848489431}]}, {"source": 60, "prod": 7.220236977068577, "target": 47, "value": 0.068529215091652274, "supply": [{"l": "Potash", "v": 0.036401559485473328}, {"l": "Phosphate", "v": 0.2615131780525875}, {"l": "Nitrogen", "v": 0.88389577848489431}]}, {"source": 60, "prod": 0.96627706756308107, "target": 14, "value": 0.0091711960717452863, "supply": [{"l": "Potash", "v": 0.036401559485473328}, {"l": "Phosphate", "v": 0.2615131780525875}, {"l": "Nitrogen", "v": 0.88389577848489431}]}, {"source": 58, "prod": 0, "target": 60, "value": 1.41779787136038, "supply": [{"l": "Natural gas (including LNG)", "v": 0.97020990570599297}, {"l": "Fuel oil", "v": 0.29134066020170568}, {"l": "Liquefied petroleum gas (LPG)", "v": 0.078123652726340739}, {"l": "Coal", "v": 0.078123652726340739}]}, {"source": 61, "prod": 0, "target": 2, "value": 0.014726108507109077, "supply": "[{\"l\":'Labor',\"v\":0.014726108507109077}]"}, {"source": 61, "prod": 0, "target": 57, "value": 5.1489889884996767e-05, "supply": "[{\"l\":'Labor',\"v\":5.1489889884996767e-05}]"}, {"source": 61, "prod": 0, "target": 17, "value": 0.00051489889884996773, "supply": "[{\"l\":'Labor',\"v\":0.00051489889884996773}]"}, {"source": 61, "prod": 0, "target": 15, "value": 0.010967346545504311, "supply": "[{\"l\":'Labor',\"v\":0.010967346545504311}]"}, {"source": 61, "prod": 0, "target": 34, "value": 0.0003604292291949774, "supply": "[{\"l\":'Labor',\"v\":0.0003604292291949774}]"}, {"source": 61, "prod": 0, "target": 22, "value": 0.0048915395390746932, "supply": "[{\"l\":'Labor',\"v\":0.0048915395390746932}]"}, {"source": 61, "prod": 0, "target": 24, "value": 0.029297747344563162, "supply": "[{\"l\":'Labor',\"v\":0.029297747344563162}]"}, {"source": 61, "prod": 0, "target": 0, "value": 0.0003604292291949774, "supply": "[{\"l\":'Labor',\"v\":0.0003604292291949774}]"}, {"source": 61, "prod": 0, "target": 25, "value": 0.00020595955953998707, "supply": "[{\"l\":'Labor',\"v\":0.00020595955953998707}]"}, {"source": 61, "prod": 0, "target": 4, "value": 0.16039100699176495, "supply": "[{\"l\":'Labor',\"v\":0.16039100699176495}]"}, {"source": 61, "prod": 0, "target": 27, "value": 0.00051489889884996773, "supply": "[{\"l\":'Labor',\"v\":0.00051489889884996773}]"}, {"source": 61, "prod": 0, "target": 8, "value": 0.095668215406324003, "supply": "[{\"l\":'Labor',\"v\":0.095668215406324003}]"}, {"source": 61, "prod": 0, "target": 9, "value": 0.00097830790781493855, "supply": "[{\"l\":'Labor',\"v\":0.00097830790781493855}]"}, {"source": 61, "prod": 0, "target": 29, "value": 0.00010297977976999353, "supply": "[{\"l\":'Labor',\"v\":0.00010297977976999353}]"}, {"source": 61, "prod": 0, "target": 30, "value": 0.014314189388029103, "supply": "[{\"l\":'Labor',\"v\":0.014314189388029103}]"}, {"source": 61, "prod": 0, "target": 31, "value": 0.0003089393393099806, "supply": "[{\"l\":'Labor',\"v\":0.0003089393393099806}]"}, {"source": 61, "prod": 0, "target": 13, "value": 0.00010297977976999353, "supply": "[{\"l\":'Labor',\"v\":0.00010297977976999353}]"}, {"source": 61, "prod": 0, "target": 5, "value": 0.0003089393393099806, "supply": "[{\"l\":'Labor',\"v\":0.0003089393393099806}]"}, {"source": 61, "prod": 0, "target": 6, "value": 0.016837193992393945, "supply": "[{\"l\":'Labor',\"v\":0.016837193992393945}]"}, {"source": 61, "prod": 0, "target": 7, "value": 0.072549254847960445, "supply": "[{\"l\":'Labor',\"v\":0.072549254847960445}]"}, {"source": 61, "prod": 0, "target": 35, "value": 0.00041191911907997414, "supply": "[{\"l\":'Labor',\"v\":0.00041191911907997414}]"}, {"source": 61, "prod": 0, "target": 11, "value": 0.015241007405959045, "supply": "[{\"l\":'Labor',\"v\":0.015241007405959045}]"}, {"source": 61, "prod": 0, "target": 37, "value": 0.0001544696696549903, "supply": "[{\"l\":'Labor',\"v\":0.0001544696696549903}]"}, {"source": 61, "prod": 0, "target": 41, "value": 0.0065907059052795862, "supply": "[{\"l\":'Labor',\"v\":0.0065907059052795862}]"}, {"source": 61, "prod": 0, "target": 44, "value": 0.00010297977976999353, "supply": "[{\"l\":'Labor',\"v\":0.00010297977976999353}]"}, {"source": 61, "prod": 0, "target": 45, "value": 0.0003604292291949774, "supply": "[{\"l\":'Labor',\"v\":0.0003604292291949774}]"}, {"source": 61, "prod": 0, "target": 47, "value": 0.027701560758128262, "supply": "[{\"l\":'Labor',\"v\":0.027701560758128262}]"}, {"source": 61, "prod": 0, "target": 14, "value": 0.0037072720717197674, "supply": "[{\"l\":'Labor',\"v\":0.0037072720717197674}]"}, {"source": 58, "prod": 0, "target": 52, "value": 1.0224746535793436, "supply": "[{\"l\":'Fossil Fuels',\"v\":1.0224746535793436}]"}, {"source": 59, "prod": 0, "target": 52, "value": 1.43277603019091, "supply": "[{\"l\":'Renewables & Nuclear',\"v\":1.43277603019091},{\"l\":'Biomass & Waste',\"v\":0}]"}]}