{"nodes": [{"layer": 5, "name": "Sunflower seed"}, {"layer": 10, "name": "Feed", "fill": "#dbdb8d"}, {"layer": 5, "name": "Maize"}, {"layer": 5, "name": "Rye"}, {"layer": 5, "name": "Wheat"}, {"layer": 5, "name": "Oats"}, {"layer": 5, "name": "Cottonseed"}, {"layer": 5, "name": "Vegetables, Other"}, {"layer": 13, "name": "Milk - Excluding Butter"}, {"layer": 5, "name": "Apples"}, {"layer": 5, "name": "Sorghum"}, {"layer": 5, "name": "Cereals, Other"}, {"layer": 5, "name": "Pulses, Other"}, {"layer": 5, "name": "Barley"}, {"layer": 16, "name": "Food", "fill": "#b5cf6b"}, {"layer": 5, "name": "Fruits, Other"}, {"layer": 13, "name": "Sugar", "fill": "#d6616b"}, {"layer": 13, "name": "Beer"}, {"layer": 13, "name": "Beverages, Alcoholic"}, {"layer": 5, "name": "Rice"}, {"layer": 13, "name": "Butter, Ghee"}, {"layer": 5, "name": "Nuts"}, {"layer": 13, "name": "Soyabean Oil"}, {"layer": 5, "name": "Treenuts"}, {"layer": 13, "name": "Eggs"}, {"layer": 5, "name": "Peas"}, {"layer": 5, "name": "Tomatoes"}, {"layer": 5, "name": "Grapes"}, {"layer": 13, "name": "Mutton & Goat Meat"}, {"layer": 13, "name": "Sunflowerseed Oil"}, {"layer": 13, "name": "Pigmeat"}, {"layer": 5, "name": "Potatoes"}, {"layer": 5, "name": "Lemons, Limes"}, {"layer": 13, "name": "Wine"}, {"layer": 5, "name": "Tea"}, {"layer": 13, "name": "Poultry Meat"}, {"layer": 13, "name": "Offals, Edible"}, {"layer": 13, "name": "Bovine Meat"}, {"layer": 13, "name": "Cottonseed Oil"}, {"layer": 5, "name": "Onions"}, {"layer": 10, "name": "Processing", "fill": "#9edae5"}, {"layer": 16, "name": "Biofuels & Other", "fill": "#e7ba52"}, {"layer": 13, "name": "Oilcrops Oil, Other"}, {"layer": 13, "name": "Fats, Animals, Raw"}, {"name": "Waste", "fill": "#c7c7c7"}, {"layer": 2, "name": "Import", "fill": "#aec7e8"}, {"layer": 16, "name": "Export", "fill": "#aec7e8"}, {"layer": 16, "name": "Stock Deposit", "fill": "#c7c7c7"}, {"layer": 0, "name": "Stock Draw", "fill": "#c7c7c7"}, {"name": "Crop Residue", "fill": "#bd9e39"}, {"layer": 2, "name": "Electricity", "fill": "#bcbd22"}, {"layer": 0, "name": "Fossil Fuels", "fill": "#c49c94"}, {"layer": 0, "name": "Renewables & Nuclear", "fill": "#2ca02c"}, {"layer": 2, "name": "Fertilizers", "fill": "#c5b0d5"}, {"layer": 0, "name": "Labor", "fill": "#7f7f7f"}], "links": [{"source": 0, "prod": 1.0, "target": 1, "value": 0.0070750277642500003, "supply": [{"l": "Sunflower seed", "v": 0.0070750277642500003}]}, {"source": 2, "prod": 8.0, "target": 1, "value": 0.029445202255838153, "supply": [{"l": "Maize", "v": 0.029445202255838153}]}, {"source": 3, "prod": 1.0, "target": 1, "value": 0.0034419053988243241, "supply": [{"l": "Rye", "v": 0.0034419053988243241}]}, {"source": 4, "prod": 30.0, "target": 1, "value": 0.10184552120204861, "supply": [{"l": "Wheat", "v": 0.10184552120204861}]}, {"source": 5, "prod": 2.0, "target": 1, "value": 0.0068838107976486483, "supply": [{"l": "Oats", "v": 0.0068838107976486483}]}, {"source": 6, "prod": 12.0, "target": 1, "value": 0.013946666640000001, "supply": [{"l": "Cottonseed", "v": 0.013946666640000001}]}, {"source": 7, "prod": 9.0, "target": 1, "value": 0.0025668826348839401, "supply": [{"l": "Vegetables, Other", "v": 0.0025668826348839401}]}, {"source": 8, "prod": 15.0, "target": 1, "value": 0.010563372794030414, "supply": [{"l": "Milk - Excluding Butter", "v": 0.010563372794030414}]}, {"source": 9, "prod": 3.0, "target": 1, "value": 0.0017042037680310223, "supply": [{"l": "Apples", "v": 0.0017042037680310223}]}, {"source": 10, "prod": 1.0, "target": 1, "value": 0.0034419053988243241, "supply": [{"l": "Sorghum", "v": 0.0034419053988243241}]}, {"source": 11, "prod": 5.0, "target": 1, "value": 0.017209526994121625, "supply": [{"l": "Cereals, Other", "v": 0.017209526994121625}]}, {"source": 12, "prod": 5.0, "target": 1, "value": 0.02122508329275, "supply": [{"l": "Pulses, Other", "v": 0.02122508329275}]}, {"source": 13, "prod": 7.0, "target": 1, "value": 0.018785418546456895, "supply": [{"l": "Barley", "v": 0.018785418546456895}]}, {"source": 2, "prod": 10.0, "target": 14, "value": 0.036806502819797693, "supply": [{"l": "Maize", "v": 0.036806502819797693}]}, {"source": 15, "prod": 54.0, "target": 14, "value": 0.027055149089900213, "supply": [{"l": "Fruits, Other", "v": 0.027055149089900213}]}, {"source": 16, "prod": 76.0, "target": 14, "value": 0.31576740000321846, "supply": [{"l": "Sugar", "v": 0.31576740000321846}]}, {"source": 17, "prod": 7.0, "target": 14, "value": 0.0047166851761666663, "supply": [{"l": "Beer", "v": 0.0047166851761666663}]}, {"source": 18, "prod": 10.0, "target": 14, "value": 0.033387771471741573, "supply": [{"l": "Beverages, Alcoholic", "v": 0.033387771471741573}]}, {"source": 13, "prod": 10.0, "target": 14, "value": 0.026836312209224132, "supply": [{"l": "Barley", "v": 0.026836312209224132}]}, {"source": 19, "prod": 32.0, "target": 14, "value": 0.13559399853081669, "supply": [{"l": "Rice", "v": 0.13559399853081669}]}, {"source": 20, "prod": 10.0, "target": 14, "value": 0.08289085782967455, "supply": [{"l": "Butter, Ghee", "v": 0.08289085782967455}]}, {"source": 21, "prod": 7.0, "target": 14, "value": 0.019810077739900001, "supply": [{"l": "Nuts", "v": 0.019810077739900001}]}, {"source": 11, "prod": 2.0, "target": 14, "value": 0.0068838107976486483, "supply": [{"l": "Cereals, Other", "v": 0.0068838107976486483}]}, {"source": 4, "prod": 845.0, "target": 14, "value": 2.8686488471910359, "supply": [{"l": "Wheat", "v": 2.8686488471910359}]}, {"source": 22, "prod": 4.0, "target": 14, "value": 0.041302864785891895, "supply": [{"l": "Soyabean Oil", "v": 0.041302864785891895}]}, {"source": 23, "prod": 7.0, "target": 14, "value": 0.019646358089157025, "supply": [{"l": "Treenuts", "v": 0.019646358089157025}]}, {"source": 24, "prod": 3.0, "target": 14, "value": 0.0056600222113999997, "supply": [{"l": "Eggs", "v": 0.0056600222113999997}]}, {"source": 7, "prod": 267.0, "target": 14, "value": 0.076150851501556899, "supply": [{"l": "Vegetables, Other", "v": 0.076150851501556899}]}, {"source": 25, "prod": 1.0, "target": 14, "value": 0.00424501665855, "supply": [{"l": "Peas", "v": 0.00424501665855}]}, {"source": 26, "prod": 159.0, "target": 14, "value": 0.031837624939125002, "supply": [{"l": "Tomatoes", "v": 0.031837624939125002}]}, {"source": 27, "prod": 60.0, "target": 14, "value": 0.038959999925506694, "supply": [{"l": "Grapes", "v": 0.038959999925506694}]}, {"source": 28, "prod": 11.0, "target": 14, "value": 0.033524746944446154, "supply": [{"l": "Mutton & Goat Meat", "v": 0.033524746944446154}]}, {"source": 29, "prod": 1.0, "target": 14, "value": 0.0096477651330681823, "supply": [{"l": "Sunflowerseed Oil", "v": 0.0096477651330681823}]}, {"source": 30, "prod": 1.0, "target": 14, "value": 0.0047166851761666672, "supply": [{"l": "Pigmeat", "v": 0.0047166851761666672}]}, {"source": 31, "prod": 161.0, "target": 14, "value": 0.12547095674353512, "supply": [{"l": "Potatoes", "v": 0.12547095674353512}]}, {"source": 8, "prod": 387.0, "target": 14, "value": 0.27253501808598474, "supply": [{"l": "Milk - Excluding Butter", "v": 0.27253501808598474}]}, {"source": 9, "prod": 48.0, "target": 14, "value": 0.027267260288496357, "supply": [{"l": "Apples", "v": 0.027267260288496357}]}, {"source": 32, "prod": 2.0, "target": 14, "value": 0.0011361358453540148, "supply": [{"l": "Lemons, Limes", "v": 0.0011361358453540148}]}, {"source": 33, "prod": 10.0, "target": 14, "value": 0.0074473976465789481, "supply": [{"l": "Wine", "v": 0.0074473976465789481}]}, {"source": 34, "prod": 1.0, "target": 14, "value": 0.00075803868902678576, "supply": [{"l": "Tea", "v": 0.00075803868902678576}]}, {"source": 35, "prod": 1.0, "target": 14, "value": 0.0016709108124079791, "supply": [{"l": "Poultry Meat", "v": 0.0016709108124079791}]}, {"source": 36, "prod": 8.0, "target": 14, "value": 0.0093683126257655177, "supply": [{"l": "Offals, Edible", "v": 0.0093683126257655177}]}, {"source": 37, "prod": 51.0, "target": 14, "value": 0.13254847933839797, "supply": [{"l": "Bovine Meat", "v": 0.13254847933839797}]}, {"source": 38, "prod": 40.0, "target": 14, "value": 0.41230334212353448, "supply": [{"l": "Cottonseed Oil", "v": 0.41230334212353448}]}, {"source": 39, "prod": 133.0, "target": 14, "value": 0.046782194052140645, "supply": [{"l": "Onions", "v": 0.046782194052140645}]}, {"source": 6, "prod": 222.0, "target": 40, "value": 0.25801333284, "supply": [{"l": "Cottonseed", "v": 0.25801333284}]}, {"source": 31, "prod": 4.0, "target": 40, "value": 0.0031172908507710582, "supply": [{"l": "Potatoes", "v": 0.0031172908507710582}]}, {"source": 13, "prod": 1.0, "target": 40, "value": 0.0026836312209224137, "supply": [{"l": "Barley", "v": 0.0026836312209224137}]}, {"source": 27, "prod": 19.0, "target": 40, "value": 0.012337333309743785, "supply": [{"l": "Grapes", "v": 0.012337333309743785}]}, {"source": 38, "prod": 1.0, "target": 41, "value": 0.010307583553088362, "supply": [{"l": "Cottonseed Oil", "v": 0.010307583553088362}]}, {"source": 31, "prod": 5.0, "target": 41, "value": 0.0038966135634638226, "supply": [{"l": "Potatoes", "v": 0.0038966135634638226}]}, {"source": 42, "prod": 3.0, "target": 41, "value": 0.026531354115937499, "supply": [{"l": "Oilcrops Oil, Other", "v": 0.026531354115937499}]}, {"source": 16, "prod": 1.0, "target": 41, "value": 0.0041548342105686645, "supply": [{"l": "Sugar", "v": 0.0041548342105686645}]}, {"source": 43, "prod": 2.0, "target": 41, "value": 0.016578171565934909, "supply": [{"l": "Fats, Animals, Raw", "v": 0.016578171565934909}]}, {"source": 2, "prod": 1.0, "target": 2, "value": 0.0036806502819797691, "supply": [{"l": "Maize", "v": 0.0036806502819797691}]}, {"source": 4, "prod": 28.0, "target": 4, "value": 0.095055819788578702, "supply": [{"l": "Wheat", "v": 0.095055819788578702}]}, {"source": 6, "prod": 8.0, "target": 6, "value": 0.0092977777600000006, "supply": [{"l": "Cottonseed", "v": 0.0092977777600000006}]}, {"source": 31, "prod": 8.0, "target": 31, "value": 0.0062345817015421164, "supply": [{"l": "Potatoes", "v": 0.0062345817015421164}]}, {"source": 13, "prod": 4.0, "target": 13, "value": 0.010734524883689655, "supply": [{"l": "Barley", "v": 0.010734524883689655}]}, {"source": 19, "prod": 1.0, "target": 19, "value": 0.0042373124540880215, "supply": [{"l": "Rice", "v": 0.0042373124540880215}]}, {"source": 12, "prod": 1.0, "target": 12, "value": 0.00424501665855, "supply": [{"l": "Pulses, Other", "v": 0.00424501665855}]}, {"source": 4, "prod": 50.0, "target": 44, "value": 0.16974253533674769, "supply": [{"l": "Wheat", "v": 0.16974253533674769}]}, {"source": 31, "prod": 9.0, "target": 44, "value": 0.0070139044142348813, "supply": [{"l": "Potatoes", "v": 0.0070139044142348813}]}, {"source": 7, "prod": 13.0, "target": 44, "value": 0.0037077193614990247, "supply": [{"l": "Vegetables, Other", "v": 0.0037077193614990247}]}, {"source": 15, "prod": 3.0, "target": 44, "value": 0.00150306383832779, "supply": [{"l": "Fruits, Other", "v": 0.00150306383832779}]}, {"source": 9, "prod": 1.0, "target": 44, "value": 0.0005680679226770074, "supply": [{"l": "Apples", "v": 0.0005680679226770074}]}, {"source": 27, "prod": 10.0, "target": 44, "value": 0.0064933333209177824, "supply": [{"l": "Grapes", "v": 0.0064933333209177824}]}, {"source": 19, "prod": 2.0, "target": 44, "value": 0.0084746249081760431, "supply": [{"l": "Rice", "v": 0.0084746249081760431}]}, {"source": 39, "prod": 8.0, "target": 44, "value": 0.0028139665595272568, "supply": [{"l": "Onions", "v": 0.0028139665595272568}]}, {"source": 45, "prod": 2.0, "target": 11, "value": 0.0068838107976486483, "supply": [{"l": "Cereals, Other", "v": 0.0068838107976486483}]}, {"source": 45, "prod": 75.0, "target": 31, "value": 0.058449203451957352, "supply": [{"l": "Potatoes", "v": 0.058449203451957352}]}, {"source": 45, "prod": 20.0, "target": 19, "value": 0.084746249081760427, "supply": [{"l": "Rice", "v": 0.084746249081760427}]}, {"source": 45, "prod": 602.0, "target": 4, "value": 2.0437001254544422, "supply": [{"l": "Wheat", "v": 2.0437001254544422}]}, {"source": 45, "prod": 30.0, "target": 1, "value": 0.05712727941031958, "supply": [{"l": "Milk - Excluding Butter", "v": 0.0077464733822889707}, {"l": "Bovine Meat", "v": 0.049380806028030612}]}, {"source": 45, "prod": 161.0, "target": 40, "value": 0.87218429584529644, "supply": [{"l": "Soyabean Oil", "v": 0.041302864785891895}, {"l": "Sugar", "v": 0.44872209474141578}, {"l": "Beer", "v": 0.0020214365040714284}, {"l": "Butter, Ghee", "v": 0.10775811517857692}, {"l": "Beverages, Alcoholic", "v": 0.030048994324567414}, {"l": "Cottonseed Oil", "v": 0.20615167106176724}, {"l": "Oilcrops Oil, Other", "v": 0.026531354115937499}, {"l": "Sunflowerseed Oil", "v": 0.0096477651330681823}]}, {"source": 45, "prod": 1.0, "target": 34, "value": 0.00075803868902678576, "supply": [{"l": "Tea", "v": 0.00075803868902678576}]}, {"source": 45, "prod": 1.0, "target": 12, "value": 0.00424501665855, "supply": [{"l": "Pulses, Other", "v": 0.00424501665855}]}, {"source": 39, "prod": 19.0, "target": 46, "value": 0.0066831705788772356, "supply": [{"l": "Onions", "v": 0.0066831705788772356}]}, {"source": 15, "prod": 19.0, "target": 46, "value": 0.0095194043094093354, "supply": [{"l": "Fruits, Other", "v": 0.0095194043094093354}]}, {"source": 9, "prod": 20.0, "target": 46, "value": 0.011361358453540147, "supply": [{"l": "Apples", "v": 0.011361358453540147}]}, {"source": 27, "prod": 7.0, "target": 46, "value": 0.0045453333246424478, "supply": [{"l": "Grapes", "v": 0.0045453333246424478}]}, {"source": 33, "prod": 3.0, "target": 46, "value": 0.0022342192939736848, "supply": [{"l": "Wine", "v": 0.0022342192939736848}]}, {"source": 38, "prod": 18.0, "target": 47, "value": 0.18553650395559049, "supply": [{"l": "Cottonseed Oil", "v": 0.18553650395559049}]}, {"source": 48, "prod": 181.0, "target": 4, "value": 0.61446797791902663, "supply": [{"l": "Wheat", "v": 0.61446797791902663}]}, {"source": 20, "prod": 4.0, "target": 47, "value": 0.033156343131869818, "supply": [{"l": "Butter, Ghee", "v": 0.033156343131869818}]}, {"source": 48, "prod": 9.0, "target": 1, "value": 0.0063380236764182486, "supply": [{"l": "Milk - Excluding Butter", "v": 0.0063380236764182486}]}, {"source": 16, "prod": 30.0, "target": 47, "value": 0.12464502631705994, "supply": [{"l": "Sugar", "v": 0.12464502631705994}]}, {"source": 1, "prod": 1.0, "target": 35, "value": 0.0016709108124079791, "supply": [{"l": "Poultry Meat", "v": 0.0016709108124079791}]}, {"source": 1, "prod": 1.0, "target": 30, "value": 0.0047166851761666672, "supply": [{"l": "Pigmeat", "v": 0.0047166851761666672}]}, {"source": 1, "prod": 51.0, "target": 37, "value": 0.13254847933839797, "supply": [{"l": "Bovine Meat", "v": 0.13254847933839797}]}, {"source": 1, "prod": 3.0, "target": 24, "value": 0.0056600222113999997, "supply": [{"l": "Eggs", "v": 0.0056600222113999997}]}, {"source": 1, "prod": 402.0, "target": 8, "value": 0.28309839088001515, "supply": [{"l": "Milk - Excluding Butter", "v": 0.28309839088001515}]}, {"source": 1, "prod": 8.0, "target": 36, "value": 0.0093683126257655177, "supply": [{"l": "Offals, Edible", "v": 0.0093683126257655177}]}, {"source": 1, "prod": 11.0, "target": 28, "value": 0.033524746944446154, "supply": [{"l": "Mutton & Goat Meat", "v": 0.033524746944446154}]}, {"source": 40, "prod": 2.0, "target": 43, "value": 0.016578171565934909, "supply": [{"l": "Fats, Animals, Raw", "v": 0.016578171565934909}]}, {"source": 40, "prod": 4.0, "target": 22, "value": 0.041302864785891895, "supply": [{"l": "Soyabean Oil", "v": 0.041302864785891895}]}, {"source": 40, "prod": 14.0, "target": 20, "value": 0.11604720096154436, "supply": [{"l": "Butter, Ghee", "v": 0.11604720096154436}]}, {"source": 40, "prod": 7.0, "target": 17, "value": 0.0047166851761666663, "supply": [{"l": "Beer", "v": 0.0047166851761666663}]}, {"source": 40, "prod": 10.0, "target": 18, "value": 0.033387771471741573, "supply": [{"l": "Beverages, Alcoholic", "v": 0.033387771471741573}]}, {"source": 40, "prod": 59.0, "target": 38, "value": 0.60814742963221335, "supply": [{"l": "Cottonseed Oil", "v": 0.60814742963221335}]}, {"source": 40, "prod": 3.0, "target": 42, "value": 0.026531354115937499, "supply": [{"l": "Oilcrops Oil, Other", "v": 0.026531354115937499}]}, {"source": 40, "prod": 107.0, "target": 16, "value": 0.44456726053084705, "supply": [{"l": "Sugar", "v": 0.44456726053084705}]}, {"source": 40, "prod": 1.0, "target": 29, "value": 0.0096477651330681823, "supply": [{"l": "Sunflowerseed Oil", "v": 0.0096477651330681823}]}, {"source": 40, "prod": 13.0, "target": 33, "value": 0.0096816169405526328, "supply": [{"l": "Wine", "v": 0.0096816169405526328}]}, {"source": 0, "prod": 1.0, "target": 49, "value": 0.0070750277642500003, "supply": [{"l": "Sunflower seed", "v": 0.0070750277642500003}]}, {"source": 2, "prod": 38.0, "target": 49, "value": 0.13249333308, "supply": [{"l": "Maize", "v": 0.13249333308}]}, {"source": 7, "prod": 289.0, "target": 49, "value": 1.00764666474, "supply": [{"l": "Vegetables, Other", "v": 1.00764666474}]}, {"source": 4, "prod": 1123.0, "target": 49, "value": 3.9155266591799998, "supply": [{"l": "Wheat", "v": 3.9155266591799998}]}, {"source": 11, "prod": 12.0, "target": 49, "value": 0.041839999920000009, "supply": [{"l": "Cereals, Other", "v": 0.041839999920000009}]}, {"source": 6, "prod": 242.0, "target": 49, "value": 0.28125777724000001, "supply": [{"l": "Cottonseed", "v": 0.28125777724000001}]}, {"source": 31, "prod": 74.75, "target": 49, "value": 0.26062833283500003, "supply": [{"l": "Potatoes", "v": 0.26062833283500003}]}, {"source": 5, "prod": 4.0, "target": 49, "value": 0.013946666640000001, "supply": [{"l": "Oats", "v": 0.013946666640000001}]}, {"source": 3, "prod": 2.0, "target": 49, "value": 0.0069733333200000004, "supply": [{"l": "Rye", "v": 0.0069733333200000004}]}, {"source": 25, "prod": 1.0, "target": 49, "value": 0.0034866666599999998, "supply": [{"l": "Peas", "v": 0.0034866666599999998}]}, {"source": 13, "prod": 44.0, "target": 49, "value": 0.15341333304000002, "supply": [{"l": "Barley", "v": 0.15341333304000002}]}, {"source": 39, "prod": 159.5, "target": 49, "value": 0.55612333226999999, "supply": [{"l": "Onions", "v": 0.55612333226999999}]}, {"source": 19, "prod": 49.0, "target": 49, "value": 0.17084666634000001, "supply": [{"l": "Rice", "v": 0.17084666634000001}]}, {"source": 10, "prod": 2.0, "target": 49, "value": 0.0069733333200000004, "supply": [{"l": "Sorghum", "v": 0.0069733333200000004}]}, {"source": 26, "prod": 159.0, "target": 49, "value": 0.55437999894000001, "supply": [{"l": "Tomatoes", "v": 0.55437999894000001}]}, {"source": 12, "prod": 5.0, "target": 49, "value": 0.13844455659234164, "supply": [{"l": "Pulses, Other", "v": 0.13844455659234164}]}, {"source": 50, "prod": 0, "target": 2, "value": 0.0021815686270222189, "supply": "[{\"l\":'Energy for power irrigation',\"v\":0.0021815686270222189}]"}, {"source": 50, "prod": 0, "target": 3, "value": 0.00011481940142222205, "supply": "[{\"l\":'Energy for power irrigation',\"v\":0.00011481940142222205}]"}, {"source": 50, "prod": 0, "target": 15, "value": 0.0087262745080888757, "supply": "[{\"l\":'Energy for power irrigation',\"v\":0.0087262745080888757}]"}, {"source": 50, "prod": 0, "target": 13, "value": 0.0025260268312888852, "supply": "[{\"l\":'Energy for power irrigation',\"v\":0.0025260268312888852}]"}, {"source": 50, "prod": 0, "target": 19, "value": 0.0028130753348444403, "supply": "[{\"l\":'Energy for power irrigation',\"v\":0.0028130753348444403}]"}, {"source": 50, "prod": 0, "target": 21, "value": 0.00080373580995555442, "supply": "[{\"l\":'Energy for power irrigation',\"v\":0.00080373580995555442}]"}, {"source": 50, "prod": 0, "target": 0, "value": 0.00011481940142222205, "supply": "[{\"l\":'Energy for power irrigation',\"v\":0.00011481940142222205}]"}, {"source": 50, "prod": 0, "target": 11, "value": 0.00068891640853333241, "supply": "[{\"l\":'Energy for power irrigation',\"v\":0.00068891640853333241}]"}, {"source": 50, "prod": 0, "target": 4, "value": 0.064471093898577692, "supply": "[{\"l\":'Energy for power irrigation',\"v\":0.064471093898577692}]"}, {"source": 50, "prod": 0, "target": 23, "value": 0.00080373580995555442, "supply": "[{\"l\":'Energy for power irrigation',\"v\":0.00080373580995555442}]"}, {"source": 50, "prod": 0, "target": 7, "value": 0.033182807011022171, "supply": "[{\"l\":'Energy for power irrigation',\"v\":0.033182807011022171}]"}, {"source": 50, "prod": 0, "target": 25, "value": 0.00011481940142222205, "supply": "[{\"l\":'Energy for power irrigation',\"v\":0.00011481940142222205}]"}, {"source": 50, "prod": 0, "target": 26, "value": 0.018256284826133309, "supply": "[{\"l\":'Energy for power irrigation',\"v\":0.018256284826133309}]"}, {"source": 50, "prod": 0, "target": 27, "value": 0.011022662536533319, "supply": "[{\"l\":'Energy for power irrigation',\"v\":0.011022662536533319}]"}, {"source": 50, "prod": 0, "target": 5, "value": 0.00022963880284444411, "supply": "[{\"l\":'Energy for power irrigation',\"v\":0.00022963880284444411}]"}, {"source": 50, "prod": 0, "target": 6, "value": 0.027786295144177735, "supply": "[{\"l\":'Energy for power irrigation',\"v\":0.027786295144177735}]"}, {"source": 50, "prod": 0, "target": 31, "value": 0.017165500512622198, "supply": "[{\"l\":'Energy for power irrigation',\"v\":0.017165500512622198}]"}, {"source": 50, "prod": 0, "target": 9, "value": 0.0082095872016888782, "supply": "[{\"l\":'Energy for power irrigation',\"v\":0.0082095872016888782}]"}, {"source": 50, "prod": 0, "target": 32, "value": 0.00022963880284444411, "supply": "[{\"l\":'Energy for power irrigation',\"v\":0.00022963880284444411}]"}, {"source": 50, "prod": 0, "target": 10, "value": 0.00011481940142222205, "supply": "[{\"l\":'Energy for power irrigation',\"v\":0.00011481940142222205}]"}, {"source": 50, "prod": 0, "target": 39, "value": 0.018313694526844417, "supply": "[{\"l\":'Energy for power irrigation',\"v\":0.018313694526844417}]"}, {"source": 50, "prod": 0, "target": 12, "value": 0.00057409700711111029, "supply": "[{\"l\":'Energy for power irrigation',\"v\":0.00057409700711111029}]"}, {"source": 50, "prod": 0, "target": 40, "value": 4.565000003652, "supply": "[{\"l\":'Electricity',\"v\":4.565000003652}]"}, {"source": 51, "prod": 0, "target": 50, "value": 0.14877215885426998, "supply": [{"l": "Coal", "v": 0.0}, {"l": "Natural gas", "v": 0.14877215885426998}, {"l": "Oil", "v": 0.0}]}, {"source": 52, "prod": 0, "target": 50, "value": 4.7096111523275344, "supply": [{"l": "Nuclear", "v": 0.0}, {"l": "Hydroelectric", "v": 4.7096111523275344}, {"l": "Renewable", "v": 0.0}]}, {"source": 51, "prod": 0, "target": 2, "value": 0.052758896150376322, "supply": [{"l": "Other fossil fuels", "v": 0.052758896150376322}]}, {"source": 51, "prod": 0, "target": 3, "value": 0.0027767840079145432, "supply": [{"l": "Other fossil fuels", "v": 0.0027767840079145432}]}, {"source": 51, "prod": 0, "target": 15, "value": 0.21103558460150529, "supply": [{"l": "Other fossil fuels", "v": 0.21103558460150529}]}, {"source": 51, "prod": 0, "target": 13, "value": 0.061089248174119953, "supply": [{"l": "Other fossil fuels", "v": 0.061089248174119953}]}, {"source": 51, "prod": 0, "target": 19, "value": 0.068031208193906317, "supply": [{"l": "Other fossil fuels", "v": 0.068031208193906317}]}, {"source": 51, "prod": 0, "target": 21, "value": 0.019437488055401804, "supply": [{"l": "Other fossil fuels", "v": 0.019437488055401804}]}, {"source": 51, "prod": 0, "target": 0, "value": 0.0027767840079145432, "supply": [{"l": "Other fossil fuels", "v": 0.0027767840079145432}]}, {"source": 51, "prod": 0, "target": 11, "value": 0.016660704047487263, "supply": [{"l": "Other fossil fuels", "v": 0.016660704047487263}]}, {"source": 51, "prod": 0, "target": 4, "value": 1.5591642204440161, "supply": [{"l": "Other fossil fuels", "v": 1.5591642204440161}]}, {"source": 51, "prod": 0, "target": 23, "value": 0.019437488055401804, "supply": [{"l": "Other fossil fuels", "v": 0.019437488055401804}]}, {"source": 51, "prod": 0, "target": 7, "value": 0.80249057828730297, "supply": [{"l": "Other fossil fuels", "v": 0.80249057828730297}]}, {"source": 51, "prod": 0, "target": 25, "value": 0.0027767840079145432, "supply": [{"l": "Other fossil fuels", "v": 0.0027767840079145432}]}, {"source": 51, "prod": 0, "target": 26, "value": 0.44150865725841237, "supply": [{"l": "Other fossil fuels", "v": 0.44150865725841237}]}, {"source": 51, "prod": 0, "target": 27, "value": 0.2665712647597962, "supply": [{"l": "Other fossil fuels", "v": 0.2665712647597962}]}, {"source": 51, "prod": 0, "target": 5, "value": 0.0055535680158290864, "supply": [{"l": "Other fossil fuels", "v": 0.0055535680158290864}]}, {"source": 51, "prod": 0, "target": 6, "value": 0.67198172991531946, "supply": [{"l": "Other fossil fuels", "v": 0.67198172991531946}]}, {"source": 51, "prod": 0, "target": 31, "value": 0.41512920918322427, "supply": [{"l": "Other fossil fuels", "v": 0.41512920918322427}]}, {"source": 51, "prod": 0, "target": 9, "value": 0.19854005656588986, "supply": [{"l": "Other fossil fuels", "v": 0.19854005656588986}]}, {"source": 51, "prod": 0, "target": 32, "value": 0.0055535680158290864, "supply": [{"l": "Other fossil fuels", "v": 0.0055535680158290864}]}, {"source": 51, "prod": 0, "target": 10, "value": 0.0027767840079145432, "supply": [{"l": "Other fossil fuels", "v": 0.0027767840079145432}]}, {"source": 51, "prod": 0, "target": 39, "value": 0.44289704926236967, "supply": [{"l": "Other fossil fuels", "v": 0.44289704926236967}]}, {"source": 51, "prod": 0, "target": 12, "value": 0.013883920039572718, "supply": [{"l": "Other fossil fuels", "v": 0.013883920039572718}]}, {"source": 53, "prod": 0.69889647924330001, "target": 2, "value": 0.0085057365631191796, "supply": [{"l": "Potash", "v": 0.012819444454700001}, {"l": "Phosphate", "v": 0.10520833341749999}, {"l": "Nitrogen", "v": 0.73388888947599995}]}, {"source": 53, "prod": 0.03678402522333158, "target": 3, "value": 0.0004476703454273252, "supply": [{"l": "Potash", "v": 0.012819444454700001}, {"l": "Phosphate", "v": 0.10520833341749999}, {"l": "Nitrogen", "v": 0.73388888947599995}]}, {"source": 53, "prod": 2.7955859169732, "target": 15, "value": 0.034022946252476718, "supply": [{"l": "Potash", "v": 0.012819444454700001}, {"l": "Phosphate", "v": 0.10520833341749999}, {"l": "Nitrogen", "v": 0.73388888947599995}]}, {"source": 53, "prod": 0.80924855491329473, "target": 13, "value": 0.0098487475994011552, "supply": [{"l": "Potash", "v": 0.012819444454700001}, {"l": "Phosphate", "v": 0.10520833341749999}, {"l": "Nitrogen", "v": 0.73388888947599995}]}, {"source": 53, "prod": 0.90120861797162377, "target": 19, "value": 0.010967923462969468, "supply": [{"l": "Potash", "v": 0.012819444454700001}, {"l": "Phosphate", "v": 0.10520833341749999}, {"l": "Nitrogen", "v": 0.73388888947599995}]}, {"source": 53, "prod": 0.25748817656332107, "target": 21, "value": 0.003133692417991277, "supply": [{"l": "Potash", "v": 0.012819444454700001}, {"l": "Phosphate", "v": 0.10520833341749999}, {"l": "Nitrogen", "v": 0.73388888947599995}]}, {"source": 53, "prod": 0.03678402522333158, "target": 0, "value": 0.0004476703454273252, "supply": [{"l": "Potash", "v": 0.012819444454700001}, {"l": "Phosphate", "v": 0.10520833341749999}, {"l": "Nitrogen", "v": 0.73388888947599995}]}, {"source": 53, "prod": 0.2207041513399895, "target": 11, "value": 0.0026860220725639515, "supply": [{"l": "Potash", "v": 0.012819444454700001}, {"l": "Phosphate", "v": 0.10520833341749999}, {"l": "Nitrogen", "v": 0.73388888947599995}]}, {"source": 53, "prod": 20.654230162900685, "target": 4, "value": 0.25136689895744313, "supply": [{"l": "Potash", "v": 0.012819444454700001}, {"l": "Phosphate", "v": 0.10520833341749999}, {"l": "Nitrogen", "v": 0.73388888947599995}]}, {"source": 53, "prod": 0.25748817656332107, "target": 23, "value": 0.003133692417991277, "supply": [{"l": "Potash", "v": 0.012819444454700001}, {"l": "Phosphate", "v": 0.10520833341749999}, {"l": "Nitrogen", "v": 0.73388888947599995}]}, {"source": 53, "prod": 10.630583289542827, "target": 7, "value": 0.12937672982849699, "supply": [{"l": "Potash", "v": 0.012819444454700001}, {"l": "Phosphate", "v": 0.10520833341749999}, {"l": "Nitrogen", "v": 0.73388888947599995}]}, {"source": 53, "prod": 0.03678402522333158, "target": 25, "value": 0.0004476703454273252, "supply": [{"l": "Potash", "v": 0.012819444454700001}, {"l": "Phosphate", "v": 0.10520833341749999}, {"l": "Nitrogen", "v": 0.73388888947599995}]}, {"source": 53, "prod": 5.8486600105097217, "target": 26, "value": 0.071179584922944711, "supply": [{"l": "Potash", "v": 0.012819444454700001}, {"l": "Phosphate", "v": 0.10520833341749999}, {"l": "Nitrogen", "v": 0.73388888947599995}]}, {"source": 53, "prod": 3.5312664214398319, "target": 27, "value": 0.042976353161023224, "supply": [{"l": "Potash", "v": 0.012819444454700001}, {"l": "Phosphate", "v": 0.10520833341749999}, {"l": "Nitrogen", "v": 0.73388888947599995}]}, {"source": 53, "prod": 0.073568050446663161, "target": 5, "value": 0.0008953406908546504, "supply": [{"l": "Potash", "v": 0.012819444454700001}, {"l": "Phosphate", "v": 0.10520833341749999}, {"l": "Nitrogen", "v": 0.73388888947599995}]}, {"source": 53, "prod": 8.901734104046243, "target": 6, "value": 0.1083362235934127, "supply": [{"l": "Potash", "v": 0.012819444454700001}, {"l": "Phosphate", "v": 0.10520833341749999}, {"l": "Nitrogen", "v": 0.73388888947599995}]}, {"source": 53, "prod": 5.4992117708880714, "target": 31, "value": 0.066926716641385123, "supply": [{"l": "Potash", "v": 0.012819444454700001}, {"l": "Phosphate", "v": 0.10520833341749999}, {"l": "Nitrogen", "v": 0.73388888947599995}]}, {"source": 53, "prod": 2.6300578034682083, "target": 9, "value": 0.032008429698053759, "supply": [{"l": "Potash", "v": 0.012819444454700001}, {"l": "Phosphate", "v": 0.10520833341749999}, {"l": "Nitrogen", "v": 0.73388888947599995}]}, {"source": 53, "prod": 0.073568050446663161, "target": 32, "value": 0.0008953406908546504, "supply": [{"l": "Potash", "v": 0.012819444454700001}, {"l": "Phosphate", "v": 0.10520833341749999}, {"l": "Nitrogen", "v": 0.73388888947599995}]}, {"source": 53, "prod": 0.03678402522333158, "target": 10, "value": 0.0004476703454273252, "supply": [{"l": "Potash", "v": 0.012819444454700001}, {"l": "Phosphate", "v": 0.10520833341749999}, {"l": "Nitrogen", "v": 0.73388888947599995}]}, {"source": 53, "prod": 5.8670520231213876, "target": 39, "value": 0.071403420095658379, "supply": [{"l": "Potash", "v": 0.012819444454700001}, {"l": "Phosphate", "v": 0.10520833341749999}, {"l": "Nitrogen", "v": 0.73388888947599995}]}, {"source": 53, "prod": 0.18392012611665792, "target": 12, "value": 0.0022383517271366261, "supply": [{"l": "Potash", "v": 0.012819444454700001}, {"l": "Phosphate", "v": 0.10520833341749999}, {"l": "Nitrogen", "v": 0.73388888947599995}]}, {"source": 51, "prod": 0, "target": 53, "value": 1.0121406546447029, "supply": [{"l": "Natural gas (including LNG)", "v": 0.69144271953370751}, {"l": "Fuel oil", "v": 0.19096752540269135}, {"l": "Liquefied petroleum gas (LPG)", "v": 0.06486520485415205}, {"l": "Coal", "v": 0.06486520485415205}]}, {"source": 54, "prod": 0, "target": 2, "value": 0.0033776564739306267, "supply": "[{\"l\":'Labor',\"v\":0.0033776564739306267}]"}, {"source": 54, "prod": 0, "target": 3, "value": 0.00017777139336476981, "supply": "[{\"l\":'Labor',\"v\":0.00017777139336476981}]"}, {"source": 54, "prod": 0, "target": 21, "value": 0.0012443997535533889, "supply": "[{\"l\":'Labor',\"v\":0.0012443997535533889}]"}, {"source": 54, "prod": 0, "target": 13, "value": 0.0039109706540249364, "supply": "[{\"l\":'Labor',\"v\":0.0039109706540249364}]"}, {"source": 54, "prod": 0, "target": 19, "value": 0.0043553991374368608, "supply": "[{\"l\":'Labor',\"v\":0.0043553991374368608}]"}, {"source": 54, "prod": 0, "target": 26, "value": 0.0282656515449984, "supply": "[{\"l\":'Labor',\"v\":0.0282656515449984}]"}, {"source": 54, "prod": 0, "target": 0, "value": 0.00017777139336476981, "supply": "[{\"l\":'Labor',\"v\":0.00017777139336476981}]"}, {"source": 54, "prod": 0, "target": 11, "value": 0.001066628360188619, "supply": "[{\"l\":'Labor',\"v\":0.001066628360188619}]"}, {"source": 54, "prod": 0, "target": 4, "value": 0.099818637374318259, "supply": "[{\"l\":'Labor',\"v\":0.099818637374318259}]"}, {"source": 54, "prod": 0, "target": 23, "value": 0.0012443997535533889, "supply": "[{\"l\":'Labor',\"v\":0.0012443997535533889}]"}, {"source": 54, "prod": 0, "target": 7, "value": 0.051375932682418475, "supply": "[{\"l\":'Labor',\"v\":0.051375932682418475}]"}, {"source": 54, "prod": 0, "target": 25, "value": 0.00017777139336476981, "supply": "[{\"l\":'Labor',\"v\":0.00017777139336476981}]"}, {"source": 54, "prod": 0, "target": 27, "value": 0.017066053763017903, "supply": "[{\"l\":'Labor',\"v\":0.017066053763017903}]"}, {"source": 54, "prod": 0, "target": 31, "value": 0.026576823308033092, "supply": "[{\"l\":'Labor',\"v\":0.026576823308033092}]"}, {"source": 54, "prod": 0, "target": 5, "value": 0.00035554278672953962, "supply": "[{\"l\":'Labor',\"v\":0.00035554278672953962}]"}, {"source": 54, "prod": 0, "target": 6, "value": 0.043020677194274291, "supply": "[{\"l\":'Labor',\"v\":0.043020677194274291}]"}, {"source": 54, "prod": 0, "target": 15, "value": 0.013510625895722507, "supply": "[{\"l\":'Labor',\"v\":0.013510625895722507}]"}, {"source": 54, "prod": 0, "target": 9, "value": 0.012710654625581044, "supply": "[{\"l\":'Labor',\"v\":0.012710654625581044}]"}, {"source": 54, "prod": 0, "target": 32, "value": 0.00035554278672953962, "supply": "[{\"l\":'Labor',\"v\":0.00035554278672953962}]"}, {"source": 54, "prod": 0, "target": 10, "value": 0.00017777139336476981, "supply": "[{\"l\":'Labor',\"v\":0.00017777139336476981}]"}, {"source": 54, "prod": 0, "target": 34, "value": 8.8885696682384905e-05, "supply": "[{\"l\":'Labor',\"v\":8.8885696682384905e-05}]"}, {"source": 54, "prod": 0, "target": 39, "value": 0.028354537241680786, "supply": "[{\"l\":'Labor',\"v\":0.028354537241680786}]"}, {"source": 54, "prod": 0, "target": 12, "value": 0.0008888569668238491, "supply": "[{\"l\":'Labor',\"v\":0.0008888569668238491}]"}, {"source": 51, "prod": 0, "target": 45, "value": 1.6070841788380483, "supply": "[{\"l\":'Fossil Fuels',\"v\":1.6070841788380483}]"}, {"source": 52, "prod": 0, "target": 45, "value": 2.2097950992961177, "supply": "[{\"l\":'Renewables & Nuclear',\"v\":2.2097950992961177},{\"l\":'Biomass & Waste',\"v\":0}]"}]}