{"nodes": [{"layer": 3, "name": "Cereals", "fill": "#e7ba52"}, {"layer": 5, "name": "Production", "fill": "#b5cf6b"}, {"layer": 3, "name": "Oilcrops", "fill": "#ff9896"}, {"layer": 3, "name": "Starchy Roots"}, {"layer": 3, "name": "Fruits & Vegetables"}, {"layer": 3, "name": "Others"}, {"layer": 1, "name": "Electricity", "fill": "#bcbd22"}, {"layer": 0, "name": "Fossil Fuels", "fill": "#c49c94"}, {"layer": 0, "name": "Renewables & Nuclear", "fill": "#2ca02c"}, {"layer": 1, "name": "Fertilizers", "fill": "#c5b0d5"}, {"layer": 0, "name": "Labor", "fill": "#7f7f7f"}], "links": [{"source": 0, "prod": 260.0, "target": 1, "value": 0.88573922406625605, "supply": [{"l": "Maize", "v": 0.1297353405759101}, {"l": "Oats", "v": 0.010810130189725242}, {"l": "Rye", "v": 0.0036033767299084142}, {"l": "Cereals, Other", "v": 0.018728014670073529}, {"l": "Rice", "v": 0.063874858812037624}, {"l": "Wheat", "v": 0.57986239343807089}, {"l": "Barley", "v": 0.079125109650530268}]}, {"source": 2, "prod": 315.0, "target": 1, "value": 0.36609999930000003, "supply": [{"l": "Cottonseed", "v": 0.36493777708000003}, {"l": "Sunflower seed", "v": 0.0011622222200000001}]}, {"source": 3, "prod": 147.0, "target": 1, "value": 0.11403364546724162, "supply": [{"l": "Potatoes", "v": 0.11403364546724162}]}, {"source": 4, "prod": 842.0, "target": 1, "value": 0.34822459934216576, "supply": [{"l": "Pulses, Other", "v": 0.024808538913603902}, {"l": "Apples", "v": 0.041797087099569231}, {"l": "Lemons, Limes", "v": 0.0011610301972102563}, {"l": "Tomatoes", "v": 0.030943139286073396}, {"l": "Treenuts", "v": 0.01904306538414953}, {"l": "Fruits, Other", "v": 0.039376069900301063}, {"l": "Vegetables, Other", "v": 0.072138668670844994}, {"l": "Peas", "v": 0.003859106053227273}, {"l": "Grapes", "v": 0.057470994761907701}, {"l": "Onions", "v": 0.057626899075278383}]}, {"source": 5, "prod": 6.0, "target": 1, "value": 0.018192928536642859, "supply": [{"l": "Nuts", "v": 0.018192928536642859}]}, {"source": 6, "prod": 0, "target": 3, "value": 0.015540091476868908, "supply": "[{\"l\":'Energy for power irrigation',\"v\":0.015540091476868908}]"}, {"source": 6, "prod": 0, "target": 4, "value": 0.081517321957610578, "supply": "[{\"l\":'Energy for power irrigation',\"v\":0.081517321957610578}]"}, {"source": 6, "prod": 0, "target": 0, "value": 0.091922821806157309, "supply": "[{\"l\":'Energy for power irrigation',\"v\":0.091922821806157309}]"}, {"source": 6, "prod": 0, "target": 2, "value": 0.028626484299495353, "supply": "[{\"l\":'Energy for power irrigation',\"v\":0.028626484299495353}]"}, {"source": 6, "prod": 0, "target": 5, "value": 0.00059070523157688827, "supply": "[{\"l\":'Energy for power irrigation',\"v\":0.00059070523157688827}]"}, {"source": 7, "prod": 0, "target": 6, "value": 0.015637362046496094, "supply": [{"l": "Coal", "v": 0.0}, {"l": "Natural gas", "v": 0.015637362046496094}, {"l": "Oil", "v": 0.0}]}, {"source": 8, "prod": 0, "target": 6, "value": 0.21053511736892594, "supply": [{"l": "Nuclear", "v": 0.0}, {"l": "Hydroelectric", "v": 0.21053511736892594}, {"l": "Renewable", "v": 0.0}]}, {"source": 7, "prod": 0, "target": 3, "value": 0.3831772354090266, "supply": [{"l": "Other fossil fuels", "v": 0.3831772354090266}]}, {"source": 7, "prod": 0, "target": 4, "value": 2.0099998839877009, "supply": [{"l": "Other fossil fuels", "v": 2.0099998839877009}]}, {"source": 7, "prod": 0, "target": 0, "value": 2.2665717755335111, "supply": [{"l": "Other fossil fuels", "v": 2.2665717755335111}]}, {"source": 7, "prod": 0, "target": 2, "value": 0.70585280206925938, "supply": [{"l": "Other fossil fuels", "v": 0.70585280206925938}]}, {"source": 7, "prod": 0, "target": 5, "value": 0.014565216550635512, "supply": [{"l": "Other fossil fuels", "v": 0.014565216550635512}]}, {"source": 9, "prod": 5.4127446897126203, "target": 3, "value": 0.068513952574594569, "supply": [{"l": "Potash", "v": 0.012819444454700001}, {"l": "Phosphate", "v": 0.10520833341749999}, {"l": "Nitrogen", "v": 0.84397222289739982}]}, {"source": 9, "prod": 28.393169512703039, "target": 4, "value": 0.35939775122462769, "supply": [{"l": "Potash", "v": 0.012819444454700001}, {"l": "Phosphate", "v": 0.10520833341749999}, {"l": "Nitrogen", "v": 0.84397222289739982}]}, {"source": 9, "prod": 32.017492711370267, "target": 0, "value": 0.40527405280235329, "supply": [{"l": "Potash", "v": 0.012819444454700001}, {"l": "Phosphate", "v": 0.10520833341749999}, {"l": "Nitrogen", "v": 0.84397222289739982}]}, {"source": 9, "prod": 9.9708454810495617, "target": 2, "value": 0.12620991263741105, "supply": [{"l": "Potash", "v": 0.012819444454700001}, {"l": "Phosphate", "v": 0.10520833341749999}, {"l": "Nitrogen", "v": 0.84397222289739982}]}, {"source": 9, "prod": 0.20574760516451476, "target": 5, "value": 0.002604331530613244, "supply": [{"l": "Potash", "v": 0.012819444454700001}, {"l": "Phosphate", "v": 0.10520833341749999}, {"l": "Nitrogen", "v": 0.84397222289739982}]}, {"source": 7, "prod": 0, "target": 9, "value": 1.141871064353007, "supply": [{"l": "Natural gas (including LNG)", "v": 0.77965939813535423}, {"l": "Fuel oil", "v": 0.21302169505310303}, {"l": "Liquefied petroleum gas (LPG)", "v": 0.074594985582274842}, {"l": "Coal", "v": 0.074594985582274842}]}, {"source": 10, "prod": 0, "target": 3, "value": 0.028255544603832741, "supply": "[{\"l\":'Labor',\"v\":0.028255544603832741}]"}, {"source": 10, "prod": 0, "target": 4, "value": 0.14821768134291208, "supply": "[{\"l\":'Labor',\"v\":0.14821768134291208}]"}, {"source": 10, "prod": 0, "target": 0, "value": 0.16713732963027378, "supply": "[{\"l\":'Labor',\"v\":0.16713732963027378}]"}, {"source": 10, "prod": 0, "target": 2, "value": 0.052049687428112938, "supply": "[{\"l\":'Labor',\"v\":0.052049687428112938}]"}, {"source": 10, "prod": 0, "target": 5, "value": 0.0010740411691515367, "supply": "[{\"l\":'Labor',\"v\":0.0010740411691515367}]"}]}