{"nodes": [{"layer": 3, "name": "Oilcrops", "fill": "#ff9896"}, {"layer": 5, "name": "Production", "fill": "#b5cf6b"}, {"layer": 3, "name": "Sugar Crops", "fill": "#ffbb78"}, {"layer": 3, "name": "Starchy Roots"}, {"layer": 3, "name": "Fruits & Vegetables"}, {"layer": 1, "name": "Electricity", "fill": "#bcbd22"}, {"layer": 0, "name": "Fossil Fuels", "fill": "#c49c94"}, {"layer": 0, "name": "Renewables & Nuclear", "fill": "#2ca02c"}, {"layer": 1, "name": "Fertilizers", "fill": "#c5b0d5"}, {"layer": 0, "name": "Labor", "fill": "#7f7f7f"}], "links": [{"source": 0, "prod": 161.0, "target": 1, "value": 0.20146405552275171, "supply": [{"l": "Coconuts - Incl Copra", "v": 0.20146405552275171}]}, {"source": 2, "prod": 1.0, "target": 1, "value": 0.00035639132394542914, "supply": [{"l": "Sugar cane", "v": 0.00035639132394542914}]}, {"source": 3, "prod": 13.0, "target": 1, "value": 0.014016987166702943, "supply": [{"l": "Roots, Other", "v": 0.0073902880687709846}, {"l": "Potatoes", "v": 0.00075487931688580175}, {"l": "Cassava", "v": 0.0058718197810461569}]}, {"source": 4, "prod": 4.0, "target": 1, "value": 0.0014167264822936088, "supply": [{"l": "Vegetables, Other", "v": 0.001000548378514197}, {"l": "Fruits, Other", "v": 0.00041617810377941178}]}, {"source": 5, "prod": 0, "target": 3, "value": 2.400654819771138e-05, "supply": "[{\"l\":'Energy for power irrigation',\"v\":2.400654819771138e-05}]"}, {"source": 5, "prod": 0, "target": 4, "value": 1.8004911148283534e-05, "supply": "[{\"l\":'Energy for power irrigation',\"v\":1.8004911148283534e-05}]"}, {"source": 5, "prod": 0, "target": 2, "value": 1.7147534426936702e-06, "supply": "[{\"l\":'Energy for power irrigation',\"v\":1.7147534426936702e-06}]"}, {"source": 5, "prod": 0, "target": 0, "value": 0.00027607530427368088, "supply": "[{\"l\":'Energy for power irrigation',\"v\":0.00027607530427368088}]"}, {"source": 6, "prod": 0, "target": 5, "value": 0.00063734941043636821, "supply": [{"l": "Coal", "v": 0.00033031178475166249}, {"l": "Natural gas", "v": 9.973102596801944e-05}, {"l": "Oil", "v": 0.00020730659971668637}]}, {"source": 7, "prod": 0, "target": 5, "value": 8.9458537156609215e-05, "supply": [{"l": "Nuclear", "v": 1.0213964320183781e-05}, {"l": "Hydroelectric", "v": 7.8226911069875608e-05}, {"l": "Renewable", "v": 1.0176617665498237e-06}]}, {"source": 6, "prod": 0, "target": 3, "value": 0.0088815337628682014, "supply": [{"l": "Other fossil fuels", "v": 0.0088815337628682014}]}, {"source": 6, "prod": 0, "target": 4, "value": 0.0066611503221511506, "supply": [{"l": "Other fossil fuels", "v": 0.0066611503221511506}]}, {"source": 6, "prod": 0, "target": 2, "value": 0.0006343952687763001, "supply": [{"l": "Other fossil fuels", "v": 0.0006343952687763001}]}, {"source": 6, "prod": 0, "target": 0, "value": 0.1021376382729843, "supply": [{"l": "Other fossil fuels", "v": 0.1021376382729843}]}, {"source": 8, "prod": 0.006663932454962644, "target": 3, "value": 5.9915233238902921e-05, "supply": [{"l": "Potash", "v": 9.4606168124622915e-05}, {"l": "Phosphate", "v": 8.7126428086241008e-05}, {"l": "Nitrogen", "v": 0.00065922049889230927}]}, {"source": 8, "prod": 0.0049979493412219828, "target": 4, "value": 4.4936424929177191e-05, "supply": [{"l": "Potash", "v": 9.4606168124622915e-05}, {"l": "Phosphate", "v": 8.7126428086241008e-05}, {"l": "Nitrogen", "v": 0.00065922049889230927}]}, {"source": 8, "prod": 0.00047599517535447459, "target": 2, "value": 4.2796595170644942e-06, "supply": [{"l": "Potash", "v": 9.4606168124622915e-05}, {"l": "Phosphate", "v": 8.7126428086241008e-05}, {"l": "Nitrogen", "v": 0.00065922049889230927}]}, {"source": 8, "prod": 0.076635223232070407, "target": 0, "value": 0.00068902518224738354, "supply": [{"l": "Potash", "v": 9.4606168124622915e-05}, {"l": "Phosphate", "v": 8.7126428086241008e-05}, {"l": "Nitrogen", "v": 0.00065922049889230927}]}, {"source": 6, "prod": 0, "target": 8, "value": 0.0010854790751065276, "supply": [{"l": "Natural gas (including LNG)", "v": 0.00070716910217134084}, {"l": "Fuel oil", "v": 0.00026177878321997753}, {"l": "Liquefied petroleum gas (LPG)", "v": 5.8265594857604573e-05}, {"l": "Coal", "v": 5.8265594857604573e-05}]}, {"source": 9, "prod": 0, "target": 3, "value": 0.00095140938511420676, "supply": "[{\"l\":'Labor',\"v\":0.00095140938511420676}]"}, {"source": 9, "prod": 0, "target": 4, "value": 0.00071355703883565504, "supply": "[{\"l\":'Labor',\"v\":0.00071355703883565504}]"}, {"source": 9, "prod": 0, "target": 2, "value": 6.7957813222443338e-05, "supply": "[{\"l\":'Labor',\"v\":6.7957813222443338e-05}]"}, {"source": 9, "prod": 0, "target": 0, "value": 0.010941207928813377, "supply": "[{\"l\":'Labor',\"v\":0.010941207928813377}]"}]}