{"nodes": [{"layer": 5, "name": "Starchy Roots"}, {"layer": 10, "name": "Feed", "fill": "#dbdb8d"}, {"layer": 13, "name": "Milk - Excluding Butter"}, {"layer": 16, "name": "Food", "fill": "#b5cf6b"}, {"layer": 13, "name": "Meat"}, {"layer": 5, "name": "Vegetables"}, {"layer": 13, "name": "Alcoholic Beverages"}, {"layer": 5, "name": "Sugar Crops", "fill": "#ffbb78"}, {"layer": 13, "name": "Animal Fats"}, {"layer": 13, "name": "Fish, Seafood"}, {"layer": 13, "name": "Sugar & Sweeteners"}, {"layer": 5, "name": "Cereals - Excluding Beer"}, {"layer": 13, "name": "Vegetable Oils", "fill": "#f7b6d2"}, {"layer": 13, "name": "Eggs"}, {"layer": 5, "name": "Fruits - Excluding Wine"}, {"layer": 5, "name": "Oilcrops", "fill": "#ff9896"}, {"layer": 10, "name": "Processing", "fill": "#9edae5"}, {"layer": 16, "name": "Biofuels & Other", "fill": "#e7ba52"}, {"name": "Waste", "fill": "#c7c7c7"}, {"layer": 2, "name": "Import", "fill": "#aec7e8"}, {"layer": 16, "name": "Export", "fill": "#aec7e8"}, {"layer": 0, "name": "Stock Draw", "fill": "#c7c7c7"}, {"name": "Crop Residue", "fill": "#bd9e39"}, {"layer": 2, "name": "Electricity", "fill": "#bcbd22"}, {"layer": 0, "name": "Fossil Fuels", "fill": "#c49c94"}, {"layer": 0, "name": "Renewables & Nuclear", "fill": "#2ca02c"}, {"layer": 2, "name": "Fertilizers", "fill": "#c5b0d5"}, {"layer": 0, "name": "Labor", "fill": "#7f7f7f"}], "links": [{"source": 0, "prod": 3.0, "target": 1, "value": 0.0034008758690201651, "supply": [{"l": "Roots, Other", "v": 0.0010617850571660833}, {"l": "Cassava", "v": 0.0023390908118540816}]}, {"source": 2, "prod": 9.0, "target": 3, "value": 0.0080226803506419676, "supply": [{"l": "Milk - Excluding Butter", "v": 0.0080226803506419676}]}, {"source": 4, "prod": 6.0, "target": 3, "value": 0.014286201187260003, "supply": [{"l": "Pigmeat", "v": 0.0039277734207224203}, {"l": "Meat, Other", "v": 0.0022622345829263323}, {"l": "Bovine Meat", "v": 0.0046831144631690391}, {"l": "Poultry Meat", "v": 0.003413078720442211}]}, {"source": 5, "prod": 9.0, "target": 3, "value": 0.0026329474706334932, "supply": [{"l": "Tomatoes", "v": 0.00020118562362796209}, {"l": "Vegetables, Other", "v": 0.0019645430323852477}, {"l": "Onions", "v": 0.00046721881462028305}]}, {"source": 6, "prod": 10.0, "target": 3, "value": 0.0091259580515901176, "supply": [{"l": "Beer", "v": 0.0024933239559091478}, {"l": "Beverages, Alcoholic", "v": 0.0034532873611220244}, {"l": "Wine", "v": 0.0031793467345589462}]}, {"source": 7, "prod": 2.0, "target": 3, "value": 0.00071618379208665648, "supply": [{"l": "Sugar cane", "v": 0.00071618379208665648}]}, {"source": 8, "prod": 1.0, "target": 3, "value": 0.0083325674750517782, "supply": [{"l": "Butter, Ghee", "v": 0.0083325674750517782}]}, {"source": 0, "prod": 13.0, "target": 3, "value": 0.013140471503236406, "supply": [{"l": "Roots, Other", "v": 0.0053089252858304157}, {"l": "Potatoes", "v": 0.0031533645936978284}, {"l": "Cassava", "v": 0.0046781816237081632}]}, {"source": 9, "prod": 10.0, "target": 3, "value": 0.0080349696498460774, "supply": [{"l": "Pelagic Fish", "v": 0.0020827712462866367}, {"l": "Fish, Seafood", "v": 0.0042404324072988662}, {"l": "Molluscs, Other", "v": 0.0002294603599216216}, {"l": "Marine Fish, Other", "v": 0.0014823056363389526}]}, {"source": 10, "prod": 5.0, "target": 3, "value": 0.018879842607933798, "supply": [{"l": "Sugar", "v": 0.0169800666342}, {"l": "Sweeteners, Other", "v": 0.0018997759737337965}]}, {"source": 11, "prod": 18.0, "target": 3, "value": 0.057924408725856989, "supply": [{"l": "Oats", "v": 0.0024107502011518518}, {"l": "Rice", "v": 0.012786424000652623}, {"l": "Wheat", "v": 0.042727234524052513}]}, {"source": 12, "prod": 1.0, "target": 3, "value": 0.010325716196472974, "supply": [{"l": "Groundnut Oil", "v": 0.010325716196472974}]}, {"source": 13, "prod": 1.0, "target": 3, "value": 0.001690053470617096, "supply": [{"l": "Eggs", "v": 0.001690053470617096}]}, {"source": 14, "prod": 8.0, "target": 3, "value": 0.003618478361820093, "supply": [{"l": "Fruits, Other", "v": 0.0011480775276673429}, {"l": "Apples", "v": 0.0011896064382367257}, {"l": "Pineapples", "v": 0.00026586743164196244}, {"l": "Bananas", "v": 0.00070897981771189981}, {"l": "Oranges, Mandarines", "v": 0.00030594714656216219}]}, {"source": 15, "prod": 4.0, "target": 3, "value": 0.0050917315715761462, "supply": [{"l": "Coconuts - Incl Copra", "v": 0.0050917315715761462}]}, {"source": 11, "prod": 2.0, "target": 16, "value": 0.0058658412009054547, "supply": [{"l": "Barley", "v": 0.0058658412009054547}]}, {"source": 15, "prod": 144.0, "target": 16, "value": 0.18330233657674125, "supply": [{"l": "Coconuts - Incl Copra", "v": 0.18330233657674125}]}, {"source": 0, "prod": 1.0, "target": 17, "value": 0.0007883411484244571, "supply": [{"l": "Potatoes", "v": 0.0007883411484244571}]}, {"source": 15, "prod": 9.0, "target": 17, "value": 0.011456396036046328, "supply": [{"l": "Coconuts - Incl Copra", "v": 0.011456396036046328}]}, {"source": 5, "prod": 1.0, "target": 17, "value": 0.00028064900462646398, "supply": [{"l": "Vegetables, Other", "v": 0.00028064900462646398}]}, {"source": 2, "prod": 1.0, "target": 17, "value": 0.00089140892784910744, "supply": [{"l": "Milk - Excluding Butter", "v": 0.00089140892784910744}]}, {"source": 10, "prod": 1.0, "target": 17, "value": 0.00424501665855, "supply": [{"l": "Sugar", "v": 0.00424501665855}]}, {"source": 6, "prod": 2.0, "target": 17, "value": 0.00099732958236365917, "supply": [{"l": "Beer", "v": 0.00099732958236365917}]}, {"source": 11, "prod": 2.0, "target": 17, "value": 0.0061038906462932167, "supply": [{"l": "Wheat", "v": 0.0061038906462932167}]}, {"source": 4, "prod": 2.0, "target": 17, "value": 0.0046831144631690391, "supply": [{"l": "Bovine Meat", "v": 0.0046831144631690391}]}, {"source": 0, "prod": 1.0, "target": 18, "value": 0.0010617850571660833, "supply": [{"l": "Roots, Other", "v": 0.0010617850571660833}]}, {"source": 19, "prod": 20.0, "target": 1, "value": 0.029067606019206389, "supply": [{"l": "Pigmeat", "v": 0.0039277734207224203}, {"l": "Molluscs, Other", "v": 0.0002294603599216216}, {"l": "Milk - Excluding Butter", "v": 0.0071312714227928595}, {"l": "Fish, Seafood", "v": 0.0016961729629195465}, {"l": "Meat, Other", "v": 0.0022622345829263323}, {"l": "Pelagic Fish", "v": 0.0010413856231433183}, {"l": "Bovine Meat", "v": 0.0093662289263380782}, {"l": "Poultry Meat", "v": 0.003413078720442211}]}, {"source": 19, "prod": 22.0, "target": 11, "value": 0.069894140573055666, "supply": [{"l": "Oats", "v": 0.0024107502011518518}, {"l": "Barley", "v": 0.0058658412009054547}, {"l": "Rice", "v": 0.012786424000652623}, {"l": "Wheat", "v": 0.048831125170345734}]}, {"source": 19, "prod": 14.0, "target": 16, "value": 0.048914441824871348, "supply": [{"l": "Sugar", "v": 0.02122508329275}, {"l": "Beer", "v": 0.00049866479118182959}, {"l": "Groundnut Oil", "v": 0.010325716196472974}, {"l": "Beverages, Alcoholic", "v": 0.0034532873611220244}, {"l": "Butter, Ghee", "v": 0.0083325674750517782}, {"l": "Wine", "v": 0.0031793467345589462}, {"l": "Sweeteners, Other", "v": 0.0018997759737337965}]}, {"source": 19, "prod": 5.0, "target": 5, "value": 0.001589814833126139, "supply": [{"l": "Vegetables, Other", "v": 0.0011225960185058559}, {"l": "Onions", "v": 0.00046721881462028305}]}, {"source": 19, "prod": 4.0, "target": 14, "value": 0.0017636452020703972, "supply": [{"l": "Fruits, Other", "v": 0.00057403876383367147}, {"l": "Apples", "v": 0.0011896064382367257}]}, {"source": 19, "prod": 5.0, "target": 0, "value": 0.0039417057421222848, "supply": [{"l": "Potatoes", "v": 0.0039417057421222848}]}, {"source": 12, "prod": 13.0, "target": 20, "value": 0.13423431055414864, "supply": [{"l": "Coconut Oil", "v": 0.13423431055414864}]}, {"source": 21, "prod": 1.0, "target": 16, "value": 0.010325716196472974, "supply": [{"l": "Coconut Oil", "v": 0.010325716196472974}]}, {"source": 21, "prod": 14.0, "target": 15, "value": 0.01782106050051651, "supply": [{"l": "Coconuts - Incl Copra", "v": 0.01782106050051651}]}, {"source": 1, "prod": 10.0, "target": 2, "value": 0.0089140892784910757, "supply": [{"l": "Milk - Excluding Butter", "v": 0.0089140892784910757}]}, {"source": 1, "prod": 1.0, "target": 13, "value": 0.001690053470617096, "supply": [{"l": "Eggs", "v": 0.001690053470617096}]}, {"source": 1, "prod": 8.0, "target": 4, "value": 0.018969315650429041, "supply": [{"l": "Poultry Meat", "v": 0.003413078720442211}, {"l": "Bovine Meat", "v": 0.0093662289263380782}, {"l": "Pigmeat", "v": 0.0039277734207224203}, {"l": "Meat, Other", "v": 0.0022622345829263323}]}, {"source": 1, "prod": 10.0, "target": 9, "value": 0.0080349696498460774, "supply": [{"l": "Pelagic Fish", "v": 0.0020827712462866367}, {"l": "Marine Fish, Other", "v": 0.0014823056363389526}, {"l": "Fish, Seafood", "v": 0.0042404324072988662}, {"l": "Molluscs, Other", "v": 0.0002294603599216216}]}, {"source": 16, "prod": 6.0, "target": 10, "value": 0.023124859266483798, "supply": [{"l": "Sweeteners, Other", "v": 0.0018997759737337965}, {"l": "Sugar", "v": 0.02122508329275}]}, {"source": 16, "prod": 14.0, "target": 12, "value": 0.1445600267506216, "supply": [{"l": "Coconut Oil", "v": 0.13423431055414864}, {"l": "Groundnut Oil", "v": 0.010325716196472974}]}, {"source": 16, "prod": 1.0, "target": 8, "value": 0.0083325674750517782, "supply": [{"l": "Butter, Ghee", "v": 0.0083325674750517782}]}, {"source": 16, "prod": 12.0, "target": 6, "value": 0.010123287633953777, "supply": [{"l": "Beer", "v": 0.0034906535382728072}, {"l": "Beverages, Alcoholic", "v": 0.0034532873611220244}, {"l": "Wine", "v": 0.0031793467345589462}]}, {"source": 0, "prod": 8.25, "target": 22, "value": 0.028479689474622503, "supply": [{"l": "Roots, Other", "v": 0.013074999975000003}, {"l": "Potatoes", "v": 0.005229999990000002}, {"l": "Cassava", "v": 0.010459999980000001}]}, {"source": 11, "prod": 22.0, "target": 22, "value": 0.079849913370718603, "supply": [{"l": "Barley", "v": 0.0067013759365009877}, {"l": "Rice", "v": 0.010459999980000001}, {"l": "Wheat", "v": 0.055786666559999996}, {"l": "Oats", "v": 0.0034866666599999998}]}, {"source": 5, "prod": 8.0, "target": 22, "value": 0.028065046153094922, "supply": [{"l": "Vegetables, Other", "v": 0.022663333290000004}, {"l": "Tomatoes", "v": 0.0034866666600000002}, {"l": "Onions", "v": 0.0017433333300000003}]}, {"source": 7, "prod": 0.80000000000000004, "target": 22, "value": 0.0027893333280000002, "supply": [{"l": "Sugar cane", "v": 0.0027893333280000002}]}, {"source": 15, "prod": 150.0, "target": 22, "value": 0.1254636116199461, "supply": [{"l": "Coconuts - Incl Copra", "v": 0.52299999900000005}]}, {"source": 23, "prod": 0, "target": 0, "value": 2.8732089661878818e-05, "supply": "[{\"l\":'Energy for power irrigation',\"v\":2.8732089661878818e-05}]"}, {"source": 23, "prod": 0, "target": 14, "value": 1.0448032604319571e-05, "supply": "[{\"l\":'Energy for power irrigation',\"v\":1.0448032604319571e-05}]"}, {"source": 23, "prod": 0, "target": 5, "value": 1.3930710139092762e-05, "supply": "[{\"l\":'Energy for power irrigation',\"v\":1.3930710139092762e-05}]"}, {"source": 23, "prod": 0, "target": 7, "value": 3.4826775347731905e-06, "supply": "[{\"l\":'Energy for power irrigation',\"v\":3.4826775347731905e-06}]"}, {"source": 23, "prod": 0, "target": 15, "value": 0.0002612008151079893, "supply": "[{\"l\":'Energy for power irrigation',\"v\":0.0002612008151079893}]"}, {"source": 23, "prod": 0, "target": 16, "value": 0.011515188866672967, "supply": "[{\"l\":'Electricity',\"v\":0.011515188866672967}]"}, {"source": 24, "prod": 0, "target": 23, "value": 0.021398652063245142, "supply": [{"l": "Coal", "v": 0.011343229226748779}, {"l": "Natural gas", "v": 0.0028202063615122199}, {"l": "Oil", "v": 0.0072352164749841441}]}, {"source": 25, "prod": 0, "target": 23, "value": 0.0034568068359143119, "supply": [{"l": "Nuclear", "v": 0.00081214607742903814}, {"l": "Hydroelectric", "v": 0.0026055604170755085}, {"l": "Renewable", "v": 3.9100341409765247e-05}]}, {"source": 24, "prod": 0, "target": 0, "value": 0.013823839536544711, "supply": [{"l": "Other fossil fuels", "v": 0.013823839536544711}]}, {"source": 24, "prod": 0, "target": 14, "value": 0.0050268507405617129, "supply": [{"l": "Other fossil fuels", "v": 0.0050268507405617129}]}, {"source": 24, "prod": 0, "target": 5, "value": 0.0067024676540822841, "supply": [{"l": "Other fossil fuels", "v": 0.0067024676540822841}]}, {"source": 24, "prod": 0, "target": 7, "value": 0.001675616913520571, "supply": [{"l": "Other fossil fuels", "v": 0.001675616913520571}]}, {"source": 24, "prod": 0, "target": 15, "value": 0.12567126851404284, "supply": [{"l": "Other fossil fuels", "v": 0.12567126851404284}]}, {"source": 26, "prod": 0.039054263565891471, "target": 0, "value": 0.00037132484956493237, "supply": [{"l": "Potash", "v": 0.00049226666706047998}, {"l": "Phosphate", "v": 0.00030300000024239995}, {"l": "Nitrogen", "v": 0.0035593611139585995}]}, {"source": 26, "prod": 0.014201550387596899, "target": 14, "value": 0.00013502721802361177, "supply": [{"l": "Potash", "v": 0.00049226666706047998}, {"l": "Phosphate", "v": 0.00030300000024239995}, {"l": "Nitrogen", "v": 0.0035593611139585995}]}, {"source": 26, "prod": 0.018935400516795868, "target": 5, "value": 0.00018003629069814905, "supply": [{"l": "Potash", "v": 0.00049226666706047998}, {"l": "Phosphate", "v": 0.00030300000024239995}, {"l": "Nitrogen", "v": 0.0035593611139585995}]}, {"source": 26, "prod": 0.004733850129198967, "target": 7, "value": 4.5009072674537262e-05, "supply": [{"l": "Potash", "v": 0.00049226666706047998}, {"l": "Phosphate", "v": 0.00030300000024239995}, {"l": "Nitrogen", "v": 0.0035593611139585995}]}, {"source": 26, "prod": 0.35503875968992249, "target": 15, "value": 0.0033756804505902945, "supply": [{"l": "Potash", "v": 0.00049226666706047998}, {"l": "Phosphate", "v": 0.00030300000024239995}, {"l": "Nitrogen", "v": 0.0035593611139585995}]}, {"source": 24, "prod": 0, "target": 26, "value": 0.0056306392818367924, "supply": [{"l": "Natural gas (including LNG)", "v": 0.0036558748190375326}, {"l": "Fuel oil", "v": 0.0013455719757139847}, {"l": "Liquefied petroleum gas (LPG)", "v": 0.00031459624354263744}, {"l": "Coal", "v": 0.00031459624354263744}]}, {"source": 27, "prod": 0, "target": 5, "value": 0.000780103431403985, "supply": "[{\"l\":'Labor',\"v\":0.000780103431403985}]"}, {"source": 27, "prod": 0, "target": 7, "value": 0.00019502585785099625, "supply": "[{\"l\":'Labor',\"v\":0.00019502585785099625}]"}, {"source": 27, "prod": 0, "target": 0, "value": 0.0016089633272707191, "supply": "[{\"l\":'Labor',\"v\":0.0016089633272707191}]"}, {"source": 27, "prod": 0, "target": 11, "value": 0.0010726422181804795, "supply": "[{\"l\":'Labor',\"v\":0.0010726422181804795}]"}, {"source": 27, "prod": 0, "target": 14, "value": 0.00058507757355298878, "supply": "[{\"l\":'Labor',\"v\":0.00058507757355298878}]"}, {"source": 27, "prod": 0, "target": 15, "value": 0.01462693933882472, "supply": "[{\"l\":'Labor',\"v\":0.01462693933882472}]"}, {"source": 24, "prod": 0, "target": 19, "value": 0.57784202392634032, "supply": "[{\"l\":'Fossil Fuels',\"v\":0.57784202392634032}]"}, {"source": 25, "prod": 0, "target": 19, "value": 0.11108177805175544, "supply": "[{\"l\":'Renewables & Nuclear',\"v\":0.028664093949454187},{\"l\":'Biomass & Waste',\"v\":0.082417684102301256}]"}]}