{"nodes": [{"layer": 5, "name": "Starchy Roots"}, {"layer": 10, "name": "Feed", "fill": "#dbdb8d"}, {"layer": 13, "name": "Milk - Excluding Butter"}, {"layer": 16, "name": "Food", "fill": "#b5cf6b"}, {"layer": 13, "name": "Meat"}, {"layer": 5, "name": "Vegetables"}, {"layer": 13, "name": "Alcoholic Beverages"}, {"layer": 5, "name": "Sugar Crops", "fill": "#ffbb78"}, {"layer": 13, "name": "Animal Fats"}, {"layer": 13, "name": "Fish, Seafood"}, {"layer": 13, "name": "Sugar & Sweeteners"}, {"layer": 5, "name": "Cereals - Excluding Beer"}, {"layer": 13, "name": "Vegetable Oils", "fill": "#f7b6d2"}, {"layer": 13, "name": "Eggs"}, {"layer": 5, "name": "Fruits - Excluding Wine"}, {"layer": 5, "name": "Oilcrops", "fill": "#ff9896"}, {"layer": 10, "name": "Processing", "fill": "#9edae5"}, {"layer": 16, "name": "Biofuels & Other", "fill": "#e7ba52"}, {"name": "Waste", "fill": "#c7c7c7"}, {"layer": 2, "name": "Import", "fill": "#aec7e8"}, {"layer": 16, "name": "Export", "fill": "#aec7e8"}, {"layer": 0, "name": "Stock Draw", "fill": "#c7c7c7"}, {"name": "Crop Residue", "fill": "#bd9e39"}, {"layer": 2, "name": "Electricity", "fill": "#bcbd22"}, {"layer": 0, "name": "Fossil Fuels", "fill": "#c49c94"}, {"layer": 0, "name": "Renewables & Nuclear", "fill": "#2ca02c"}, {"layer": 2, "name": "Fertilizers", "fill": "#c5b0d5"}, {"layer": 0, "name": "Labor", "fill": "#7f7f7f"}], "links": [{"source": 0, "prod": 3.0, "target": 1, "value": 0.0033947187008432867, "supply": [{"l": "Roots, Other", "v": 0.0010566716599895859}, {"l": "Cassava", "v": 0.0023380470408537008}]}, {"source": 2, "prod": 8.0, "target": 3, "value": 0.0072582039826467413, "supply": [{"l": "Milk - Excluding Butter", "v": 0.0072582039826467413}]}, {"source": 4, "prod": 7.0, "target": 3, "value": 0.017089826074000974, "supply": [{"l": "Pigmeat", "v": 0.0038916919909505426}, {"l": "Mutton & Goat Meat", "v": 0.0027708986021866846}, {"l": "Meat, Other", "v": 0.0022246611365663105}, {"l": "Bovine Meat", "v": 0.0048528481431460739}, {"l": "Poultry Meat", "v": 0.0033497262011513633}]}, {"source": 5, "prod": 10.0, "target": 3, "value": 0.0030575841382542478, "supply": [{"l": "Tomatoes", "v": 0.00052202552536668534}, {"l": "Vegetables, Other", "v": 0.0020603701809603237}, {"l": "Onions", "v": 0.00047518843192723885}]}, {"source": 6, "prod": 10.0, "target": 3, "value": 0.0088946358504357146, "supply": [{"l": "Beer", "v": 0.0030299003659539038}, {"l": "Beverages, Alcoholic", "v": 0.003436442056921429}, {"l": "Wine", "v": 0.0024282934275603814}]}, {"source": 7, "prod": 2.0, "target": 3, "value": 0.00070536530580135972, "supply": [{"l": "Sugar cane", "v": 0.00070536530580135972}]}, {"source": 8, "prod": 1.0, "target": 3, "value": 0.0083533422619051882, "supply": [{"l": "Butter, Ghee", "v": 0.0083533422619051882}]}, {"source": 0, "prod": 12.0, "target": 3, "value": 0.0124469780669203, "supply": [{"l": "Roots, Other", "v": 0.0052833582999479304}, {"l": "Potatoes", "v": 0.002487525685264968}, {"l": "Cassava", "v": 0.0046760940817074017}]}, {"source": 9, "prod": 10.0, "target": 3, "value": 0.0070026622589539692, "supply": [{"l": "Pelagic Fish", "v": 0.0010924675224209561}, {"l": "Fish, Seafood", "v": 0.003481456531198916}, {"l": "Molluscs, Other", "v": 0.00021994904966580312}, {"l": "Marine Fish, Other", "v": 0.002208789155668293}]}, {"source": 10, "prod": 5.0, "target": 3, "value": 0.02122508329275, "supply": [{"l": "Sugar", "v": 0.02122508329275}]}, {"source": 11, "prod": 18.0, "target": 3, "value": 0.057841513364722597, "supply": [{"l": "Oats", "v": 0.0024257238048857148}, {"l": "Rice", "v": 0.012762795182568627}, {"l": "Wheat", "v": 0.042652994377268258}]}, {"source": 12, "prod": 1.0, "target": 3, "value": 0.010249719709746797, "supply": [{"l": "Groundnut Oil", "v": 0.010249719709746797}]}, {"source": 13, "prod": 1.0, "target": 3, "value": 0.0017170853899752807, "supply": [{"l": "Eggs", "v": 0.0017170853899752807}]}, {"source": 14, "prod": 7.0, "target": 3, "value": 0.0033931310923257822, "supply": [{"l": "Fruits, Other", "v": 0.0014625057392530919}, {"l": "Apples", "v": 0.00044968396806673727}, {"l": "Pineapples", "v": 0.00048170401799148944}, {"l": "Bananas", "v": 0.00070897981771189981}, {"l": "Oranges, Mandarines", "v": 0.00029025754930256408}]}, {"source": 15, "prod": 4.0, "target": 3, "value": 0.0051158630008253216, "supply": [{"l": "Coconuts - Incl Copra", "v": 0.0051158630008253216}]}, {"source": 11, "prod": 2.0, "target": 16, "value": 0.0060137735996125012, "supply": [{"l": "Barley", "v": 0.0060137735996125012}]}, {"source": 15, "prod": 104.0, "target": 16, "value": 0.13301243802145835, "supply": [{"l": "Coconuts - Incl Copra", "v": 0.13301243802145835}]}, {"source": 0, "prod": 2.0, "target": 17, "value": 0.0019981987488485063, "supply": [{"l": "Potatoes", "v": 0.00082917522842165608}, {"l": "Cassava", "v": 0.0011690235204268504}]}, {"source": 15, "prod": 9.0, "target": 17, "value": 0.011510691751856974, "supply": [{"l": "Coconuts - Incl Copra", "v": 0.011510691751856974}]}, {"source": 5, "prod": 1.0, "target": 17, "value": 0.00029433859728004628, "supply": [{"l": "Vegetables, Other", "v": 0.00029433859728004628}]}, {"source": 2, "prod": 1.0, "target": 17, "value": 0.00090727549783084266, "supply": [{"l": "Milk - Excluding Butter", "v": 0.00090727549783084266}]}, {"source": 10, "prod": 1.0, "target": 17, "value": 0.00424501665855, "supply": [{"l": "Sugar", "v": 0.00424501665855}]}, {"source": 6, "prod": 2.0, "target": 17, "value": 0.0010099667886513011, "supply": [{"l": "Beer", "v": 0.0010099667886513011}]}, {"source": 11, "prod": 4.0, "target": 17, "value": 0.012186569822076648, "supply": [{"l": "Wheat", "v": 0.012186569822076648}]}, {"source": 4, "prod": 1.0, "target": 17, "value": 0.0024264240715730369, "supply": [{"l": "Bovine Meat", "v": 0.0024264240715730369}]}, {"source": 0, "prod": 1.0, "target": 18, "value": 0.0010566716599895859, "supply": [{"l": "Roots, Other", "v": 0.0010566716599895859}]}, {"source": 19, "prod": 19.0, "target": 1, "value": 0.026708554710600393, "supply": [{"l": "Pigmeat", "v": 0.0038916919909505426}, {"l": "Molluscs, Other", "v": 0.00021994904966580312}, {"l": "Milk - Excluding Butter", "v": 0.0072582039826467413}, {"l": "Fish, Seafood", "v": 0.0013925826124795665}, {"l": "Meat, Other", "v": 0.0022246611365663105}, {"l": "Pelagic Fish", "v": 0.0010924675224209561}, {"l": "Bovine Meat", "v": 0.0072792722147191104}, {"l": "Poultry Meat", "v": 0.0033497262011513633}]}, {"source": 19, "prod": 25.0, "target": 11, "value": 0.080296121847267962, "supply": [{"l": "Oats", "v": 0.0024257238048857148}, {"l": "Rice", "v": 0.017017060243424836}, {"l": "Wheat", "v": 0.054839564199344916}, {"l": "Barley", "v": 0.0060137735996125012}]}, {"source": 19, "prod": 14.0, "target": 16, "value": 0.05125231194427958, "supply": [{"l": "Sugar", "v": 0.025470099951300004}, {"l": "Beer", "v": 0.00050498339432565056}, {"l": "Groundnut Oil", "v": 0.010249719709746797}, {"l": "Beverages, Alcoholic", "v": 0.003436442056921429}, {"l": "Butter, Ghee", "v": 0.0083533422619051882}, {"l": "Wine", "v": 0.003237724570080508}]}, {"source": 19, "prod": 6.0, "target": 5, "value": 0.0018802297491340627, "supply": [{"l": "Tomatoes", "v": 0.00052202552536668534}, {"l": "Vegetables, Other", "v": 0.00088301579184013861}, {"l": "Onions", "v": 0.00047518843192723885}]}, {"source": 19, "prod": 4.0, "target": 14, "value": 0.0017149453435380292, "supply": [{"l": "Fruits, Other", "v": 0.00097500382616872794}, {"l": "Apples", "v": 0.00044968396806673727}, {"l": "Oranges, Mandarines", "v": 0.00029025754930256408}]}, {"source": 19, "prod": 5.0, "target": 0, "value": 0.0044857244341134743, "supply": [{"l": "Potatoes", "v": 0.0033167009136866243}, {"l": "Cassava", "v": 0.0011690235204268504}]}, {"source": 12, "prod": 10.0, "target": 20, "value": 0.10022955999354169, "supply": [{"l": "Coconut Oil", "v": 0.10022955999354169}]}, {"source": 21, "prod": 1.0, "target": 16, "value": 0.010022955999354169, "supply": [{"l": "Coconut Oil", "v": 0.010022955999354169}]}, {"source": 21, "prod": 4.0, "target": 15, "value": 0.0051158630008253216, "supply": [{"l": "Coconuts - Incl Copra", "v": 0.0051158630008253216}]}, {"source": 1, "prod": 9.0, "target": 2, "value": 0.0081654794804775846, "supply": [{"l": "Milk - Excluding Butter", "v": 0.0081654794804775846}]}, {"source": 1, "prod": 1.0, "target": 13, "value": 0.0017170853899752807, "supply": [{"l": "Eggs", "v": 0.0017170853899752807}]}, {"source": 1, "prod": 8.0, "target": 4, "value": 0.01951625014557401, "supply": [{"l": "Poultry Meat", "v": 0.0033497262011513633}, {"l": "Bovine Meat", "v": 0.0072792722147191104}, {"l": "Pigmeat", "v": 0.0038916919909505426}, {"l": "Meat, Other", "v": 0.0022246611365663105}, {"l": "Mutton & Goat Meat", "v": 0.0027708986021866846}]}, {"source": 1, "prod": 10.0, "target": 9, "value": 0.0070026622589539692, "supply": [{"l": "Pelagic Fish", "v": 0.0010924675224209561}, {"l": "Marine Fish, Other", "v": 0.002208789155668293}, {"l": "Fish, Seafood", "v": 0.003481456531198916}, {"l": "Molluscs, Other", "v": 0.00021994904966580312}]}, {"source": 16, "prod": 6.0, "target": 10, "value": 0.0254700999513, "supply": [{"l": "Sugar", "v": 0.0254700999513}]}, {"source": 16, "prod": 11.0, "target": 12, "value": 0.11047927970328848, "supply": [{"l": "Coconut Oil", "v": 0.10022955999354169}, {"l": "Groundnut Oil", "v": 0.010249719709746797}]}, {"source": 16, "prod": 1.0, "target": 8, "value": 0.0083533422619051882, "supply": [{"l": "Butter, Ghee", "v": 0.0083533422619051882}]}, {"source": 16, "prod": 12.0, "target": 6, "value": 0.0099046026390870161, "supply": [{"l": "Beer", "v": 0.0040398671546052044}, {"l": "Beverages, Alcoholic", "v": 0.003436442056921429}, {"l": "Wine", "v": 0.0024282934275603814}]}, {"source": 0, "prod": 8.25, "target": 22, "value": 0.02903152412754724, "supply": [{"l": "Roots, Other", "v": 0.013074999975000001}, {"l": "Potatoes", "v": 0.0043583333250000007}, {"l": "Cassava", "v": 0.011331666645000002}]}, {"source": 11, "prod": 24.0, "target": 22, "value": 0.087024523124259026, "supply": [{"l": "Barley", "v": 0.0068823382515963956}, {"l": "Rice", "v": 0.010459999980000001}, {"l": "Wheat", "v": 0.06275999988}, {"l": "Oats", "v": 0.0034866666600000006}]}, {"source": 5, "prod": 8.5, "target": 22, "value": 0.030115664033921938, "supply": [{"l": "Vegetables, Other", "v": 0.022663333290000004}, {"l": "Tomatoes", "v": 0.0052299999900000003}, {"l": "Onions", "v": 0.0017433333299999999}]}, {"source": 7, "prod": 0.80000000000000004, "target": 22, "value": 0.0027893333280000006, "supply": [{"l": "Sugar cane", "v": 0.0027893333280000006}]}, {"source": 15, "prod": 115.0, "target": 22, "value": 0.17449726639821711, "supply": [{"l": "Coconuts - Incl Copra", "v": 0.40096666590000002}]}, {"source": 23, "prod": 0, "target": 0, "value": 3.4856798429928224e-05, "supply": "[{\"l\":'Energy for power irrigation',\"v\":3.4856798429928224e-05}]"}, {"source": 23, "prod": 0, "target": 14, "value": 1.1618932809976075e-05, "supply": "[{\"l\":'Energy for power irrigation',\"v\":1.1618932809976075e-05}]"}, {"source": 23, "prod": 0, "target": 5, "value": 1.795653252450848e-05, "supply": "[{\"l\":'Energy for power irrigation',\"v\":1.795653252450848e-05}]"}, {"source": 23, "prod": 0, "target": 7, "value": 4.225066476354936e-06, "supply": "[{\"l\":'Energy for power irrigation',\"v\":4.225066476354936e-06}]"}, {"source": 23, "prod": 0, "target": 15, "value": 0.00024294132239040882, "supply": "[{\"l\":'Energy for power irrigation',\"v\":0.00024294132239040882}]"}, {"source": 23, "prod": 0, "target": 16, "value": 0.011774031468908656, "supply": "[{\"l\":'Electricity',\"v\":0.011774031468908656}]"}, {"source": 24, "prod": 0, "target": 23, "value": 0.021610209770655052, "supply": [{"l": "Coal", "v": 0.011540798552518721}, {"l": "Natural gas", "v": 0.0028302341589175922}, {"l": "Oil", "v": 0.0072391770592187378}]}, {"source": 25, "prod": 0, "target": 23, "value": 0.0036233128863518574, "supply": [{"l": "Nuclear", "v": 0.00097779442793776848}, {"l": "Hydroelectric", "v": 0.0026048992626892535}, {"l": "Renewable", "v": 4.0619195724835609e-05}]}, {"source": 24, "prod": 0, "target": 0, "value": 0.016894422809886154, "supply": [{"l": "Other fossil fuels", "v": 0.016894422809886154}]}, {"source": 24, "prod": 0, "target": 14, "value": 0.005631474269962051, "supply": [{"l": "Other fossil fuels", "v": 0.005631474269962051}]}, {"source": 24, "prod": 0, "target": 5, "value": 0.0087031875081231697, "supply": [{"l": "Other fossil fuels", "v": 0.0087031875081231697}]}, {"source": 24, "prod": 0, "target": 7, "value": 0.0020478088254407456, "supply": [{"l": "Other fossil fuels", "v": 0.0020478088254407456}]}, {"source": 24, "prod": 0, "target": 15, "value": 0.11774900746284288, "supply": [{"l": "Other fossil fuels", "v": 0.11774900746284288}]}, {"source": 26, "prod": 0.055965517241379305, "target": 0, "value": 0.00049565833372985999, "supply": [{"l": "Potash", "v": 0.00062046111160747998}, {"l": "Phosphate", "v": 0.00039137500031309993}, {"l": "Nitrogen", "v": 0.0037795277808013996}]}, {"source": 26, "prod": 0.018655172413793102, "target": 14, "value": 0.00016521944457661999, "supply": [{"l": "Potash", "v": 0.00062046111160747998}, {"l": "Phosphate", "v": 0.00039137500031309993}, {"l": "Nitrogen", "v": 0.0037795277808013996}]}, {"source": 26, "prod": 0.028830721003134791, "target": 5, "value": 0.00025533914161841273, "supply": [{"l": "Potash", "v": 0.00062046111160747998}, {"l": "Phosphate", "v": 0.00039137500031309993}, {"l": "Nitrogen", "v": 0.0037795277808013996}]}, {"source": 26, "prod": 0.0067836990595611275, "target": 7, "value": 6.0079798027861809e-05, "supply": [{"l": "Potash", "v": 0.00062046111160747998}, {"l": "Phosphate", "v": 0.00039137500031309993}, {"l": "Nitrogen", "v": 0.0037795277808013996}]}, {"source": 26, "prod": 0.39006269592476484, "target": 15, "value": 0.0034545883866020539, "supply": [{"l": "Potash", "v": 0.00062046111160747998}, {"l": "Phosphate", "v": 0.00039137500031309993}, {"l": "Nitrogen", "v": 0.0037795277808013996}]}, {"source": 24, "prod": 0, "target": 26, "value": 0.0062747548705774517, "supply": [{"l": "Natural gas (including LNG)", "v": 0.0040495801173744198}, {"l": "Fuel oil", "v": 0.0015570631432052654}, {"l": "Liquefied petroleum gas (LPG)", "v": 0.00033405580499888302}, {"l": "Coal", "v": 0.00033405580499888302}]}, {"source": 27, "prod": 0, "target": 5, "value": 0.0010161523366618063, "supply": "[{\"l\":'Labor',\"v\":0.0010161523366618063}]"}, {"source": 27, "prod": 0, "target": 7, "value": 0.00023909466744983677, "supply": "[{\"l\":'Labor',\"v\":0.00023909466744983677}]"}, {"source": 27, "prod": 0, "target": 0, "value": 0.0019725310064611533, "supply": "[{\"l\":'Labor',\"v\":0.0019725310064611533}]"}, {"source": 27, "prod": 0, "target": 11, "value": 0.0014345680046990207, "supply": "[{\"l\":'Labor',\"v\":0.0014345680046990207}]"}, {"source": 27, "prod": 0, "target": 14, "value": 0.00065751033548705116, "supply": "[{\"l\":'Labor',\"v\":0.00065751033548705116}]"}, {"source": 27, "prod": 0, "target": 15, "value": 0.013747943378365615, "supply": "[{\"l\":'Labor',\"v\":0.013747943378365615}]"}, {"source": 24, "prod": 0, "target": 19, "value": 0.54690054389133469, "supply": "[{\"l\":'Fossil Fuels',\"v\":0.54690054389133469}]"}, {"source": 25, "prod": 0, "target": 19, "value": 0.10688411075215944, "supply": "[{\"l\":'Renewables & Nuclear',\"v\":0.029539753296673566},{\"l\":'Biomass & Waste',\"v\":0.077344357455485874}]"}]}