{"nodes": [{"layer": 5, "name": "Starchy Roots"}, {"layer": 10, "name": "Feed", "fill": "#dbdb8d"}, {"layer": 13, "name": "Other Processed", "fill": "#9c9ede"}, {"layer": 16, "name": "Food", "fill": "#b5cf6b"}, {"layer": 13, "name": "Animal Products", "fill": "#17becf"}, {"layer": 5, "name": "Cereals", "fill": "#e7ba52"}, {"layer": 5, "name": "Oilcrops", "fill": "#ff9896"}, {"layer": 5, "name": "Sugar Crops", "fill": "#ffbb78"}, {"layer": 13, "name": "Sugar", "fill": "#d6616b"}, {"layer": 5, "name": "Fruits & Vegetables"}, {"layer": 5, "name": "Others"}, {"layer": 13, "name": "Aquatic Products", "fill": "#1f77b4"}, {"layer": 10, "name": "Processing", "fill": "#9edae5"}, {"layer": 16, "name": "Biofuels & Other", "fill": "#e7ba52"}, {"layer": 13, "name": "Vegetable Oils", "fill": "#f7b6d2"}, {"name": "Waste", "fill": "#c7c7c7"}, {"layer": 2, "name": "Import", "fill": "#aec7e8"}, {"layer": 16, "name": "Export", "fill": "#aec7e8"}, {"layer": 0, "name": "Stock Draw", "fill": "#c7c7c7"}, {"layer": 16, "name": "Stock Deposit", "fill": "#c7c7c7"}, {"layer": 2, "name": "Electricity", "fill": "#bcbd22"}, {"layer": 0, "name": "Fossil Fuels", "fill": "#c49c94"}, {"layer": 0, "name": "Renewables & Nuclear", "fill": "#2ca02c"}, {"layer": 2, "name": "Fertilizers", "fill": "#c5b0d5"}, {"layer": 0, "name": "Labor", "fill": "#7f7f7f"}], "links": [{"source": 0, "prod": 3.0, "target": 1, "value": 0.0034072472948124427, "supply": [{"l": "Roots, Other", "v": 0.0010601215561373534}, {"l": "Cassava", "v": 0.0023471257386750892}]}, {"source": 2, "prod": 13.0, "target": 3, "value": 0.019112883962921108, "supply": [{"l": "Beer", "v": 0.002499648239022211}, {"l": "Beverages, Alcoholic", "v": 0.0034223390115441866}, {"l": "Butter, Ghee", "v": 0.0083637874685185895}, {"l": "Wine", "v": 0.0048271092438361201}]}, {"source": 4, "prod": 13.0, "target": 3, "value": 0.018753948738498637, "supply": [{"l": "Pigmeat", "v": 0.0037597469890350154}, {"l": "Milk - Excluding Butter", "v": 0.0072581204101382782}, {"l": "Bovine Meat", "v": 0.0045981754983735346}, {"l": "Eggs", "v": 0.001687208528835453}, {"l": "Poultry Meat", "v": 0.001450697312116355}]}, {"source": 5, "prod": 13.0, "target": 3, "value": 0.042051305557586995, "supply": [{"l": "Rice", "v": 0.0084992216648457786}, {"l": "Wheat", "v": 0.033552083892741218}]}, {"source": 6, "prod": 3.0, "target": 3, "value": 0.0037841867994205629, "supply": [{"l": "Coconuts - Incl Copra", "v": 0.0037841867994205629}]}, {"source": 7, "prod": 1.0, "target": 3, "value": 0.00036437911232188846, "supply": [{"l": "Sugar cane", "v": 0.00036437911232188846}]}, {"source": 8, "prod": 3.0, "target": 3, "value": 0.0068316028356243076, "supply": [{"l": "Sugar", "v": 0.004994137245352942}, {"l": "Sweeteners, Other", "v": 0.0018374655902713656}]}, {"source": 0, "prod": 12.0, "target": 3, "value": 0.011852709605369981, "supply": [{"l": "Roots, Other", "v": 0.0053006077806867667}, {"l": "Potatoes", "v": 0.0030314132166705796}, {"l": "Cassava", "v": 0.0035206886080126338}]}, {"source": 9, "prod": 15.0, "target": 3, "value": 0.0057102894048961048, "supply": [{"l": "Fruits, Other", "v": 0.0017591126829323883}, {"l": "Apples", "v": 0.0004589207198432432}, {"l": "Vegetables, Other", "v": 0.0027405622005433759}, {"l": "Oranges, Mandarines", "v": 0.00028300111057}, {"l": "Onions", "v": 0.00046869269100709772}]}, {"source": 10, "prod": 1.0, "target": 3, "value": 0.00057034772763627645, "supply": [{"l": "Coffee", "v": 0.00057034772763627645}]}, {"source": 11, "prod": 12.0, "target": 3, "value": 0.0095315649687578493, "supply": [{"l": "Fish, Seafood", "v": 0.0045037258282985418}, {"l": "Pelagic Fish", "v": 0.0031476951536107108}, {"l": "Marine Fish, Other", "v": 0.0015160773780535713}, {"l": "Crustaceans", "v": 0.00036406660879502575}]}, {"source": 5, "prod": 1.0, "target": 12, "value": 0.0030029056748585208, "supply": [{"l": "Barley", "v": 0.0030029056748585208}]}, {"source": 6, "prod": 73.0, "target": 12, "value": 0.092081878785900365, "supply": [{"l": "Coconuts - Incl Copra", "v": 0.092081878785900365}]}, {"source": 2, "prod": 3.0, "target": 13, "value": 0.0018043775029149044, "supply": [{"l": "Beer", "v": 0.00099985929560888424}, {"l": "Wine", "v": 0.00080451820730602006}]}, {"source": 4, "prod": 4.0, "target": 13, "value": 0.0078045282988275875, "supply": [{"l": "Milk - Excluding Butter", "v": 0.00090726505126728478}, {"l": "Bovine Meat", "v": 0.0068972632475603028}]}, {"source": 5, "prod": 6.0, "target": 13, "value": 0.018301136668767939, "supply": [{"l": "Wheat", "v": 0.018301136668767939}]}, {"source": 6, "prod": 15.0, "target": 13, "value": 0.018920933997102814, "supply": [{"l": "Coconuts - Incl Copra", "v": 0.018920933997102814}]}, {"source": 8, "prod": 3.0, "target": 13, "value": 0.0074912058680294122, "supply": [{"l": "Sugar", "v": 0.0074912058680294122}]}, {"source": 9, "prod": 1.0, "target": 13, "value": 0.00034257027506792199, "supply": [{"l": "Vegetables, Other", "v": 0.00034257027506792199}]}, {"source": 14, "prod": 1.0, "target": 13, "value": 0.010284318708858249, "supply": [{"l": "Groundnut Oil", "v": 0.010284318708858249}]}, {"source": 0, "prod": 1.0, "target": 15, "value": 0.0010601215561373534, "supply": [{"l": "Roots, Other", "v": 0.0010601215561373534}]}, {"source": 16, "prod": 19.0, "target": 12, "value": 0.055001609763554463, "supply": [{"l": "Sugar", "v": 0.014982411736058824}, {"l": "Beer", "v": 0.00099985929560888424}, {"l": "Groundnut Oil", "v": 0.020568637417716498}, {"l": "Beverages, Alcoholic", "v": 0.0034223390115441866}, {"l": "Butter, Ghee", "v": 0.0083637874685185895}, {"l": "Wine", "v": 0.0048271092438361201}, {"l": "Sweeteners, Other", "v": 0.0018374655902713656}]}, {"source": 16, "prod": 20.0, "target": 5, "value": 0.063355347901213471, "supply": [{"l": "Barley", "v": 0.0030029056748585208}, {"l": "Rice", "v": 0.0084992216648457786}, {"l": "Wheat", "v": 0.051853220561509164}]}, {"source": 16, "prod": 21.0, "target": 1, "value": 0.028678396415908254, "supply": [{"l": "Pigmeat", "v": 0.0037597469890350154}, {"l": "Milk - Excluding Butter", "v": 0.0072581204101382782}, {"l": "Fish, Seafood", "v": 0.0022518629141492709}, {"l": "Pelagic Fish", "v": 0.0020984634357404737}, {"l": "Crustaceans", "v": 0.00036406660879502575}, {"l": "Poultry Meat", "v": 0.001450697312116355}, {"l": "Bovine Meat", "v": 0.011495438745933837}]}, {"source": 16, "prod": 12.0, "target": 9, "value": 0.004585370684027164, "supply": [{"l": "Fruits, Other", "v": 0.0013193345121992911}, {"l": "Vegetables, Other", "v": 0.0020554216504075321}, {"l": "Oranges, Mandarines", "v": 0.00028300111057}, {"l": "Onions", "v": 0.00046869269100709772}, {"l": "Apples", "v": 0.0004589207198432432}]}, {"source": 16, "prod": 5.0, "target": 0, "value": 0.0037892665208382253, "supply": [{"l": "Potatoes", "v": 0.0037892665208382253}]}, {"source": 14, "prod": 7.0, "target": 17, "value": 0.073521938003752577, "supply": [{"l": "Coconut Oil", "v": 0.073521938003752577}]}, {"source": 6, "prod": 50.0, "target": 17, "value": 0.063069779990342717, "supply": [{"l": "Coconuts - Incl Copra", "v": 0.063069779990342717}]}, {"source": 18, "prod": 2.0, "target": 6, "value": 0.0025227911996137087, "supply": [{"l": "Coconuts - Incl Copra", "v": 0.0025227911996137087}]}, {"source": 4, "prod": 1.0, "target": 19, "value": 0.0022990877491867673, "supply": [{"l": "Bovine Meat", "v": 0.0022990877491867673}]}, {"source": 18, "prod": 1.0, "target": 5, "value": 0.0042496108324228893, "supply": [{"l": "Rice", "v": 0.0042496108324228893}]}, {"source": 1, "prod": 12.0, "target": 11, "value": 0.0095315649687578493, "supply": [{"l": "Crustaceans", "v": 0.00036406660879502575}, {"l": "Pelagic Fish", "v": 0.0031476951536107108}, {"l": "Marine Fish, Other", "v": 0.0015160773780535713}, {"l": "Fish, Seafood", "v": 0.0045037258282985418}]}, {"source": 1, "prod": 18.0, "target": 4, "value": 0.028857564786512989, "supply": [{"l": "Milk - Excluding Butter", "v": 0.0081653854614055638}, {"l": "Bovine Meat", "v": 0.013794526495120606}, {"l": "Pigmeat", "v": 0.0037597469890350154}, {"l": "Eggs", "v": 0.001687208528835453}, {"l": "Poultry Meat", "v": 0.001450697312116355}]}, {"source": 12, "prod": 16.0, "target": 2, "value": 0.020917261465836012, "supply": [{"l": "Beer", "v": 0.0034995075346310953}, {"l": "Beverages, Alcoholic", "v": 0.0034223390115441866}, {"l": "Butter, Ghee", "v": 0.0083637874685185895}, {"l": "Wine", "v": 0.0056316274511421403}]}, {"source": 12, "prod": 8.0, "target": 14, "value": 0.083806256712610827, "supply": [{"l": "Coconut Oil", "v": 0.073521938003752577}, {"l": "Groundnut Oil", "v": 0.010284318708858249}]}, {"source": 12, "prod": 6.0, "target": 8, "value": 0.01432280870365372, "supply": [{"l": "Sweeteners, Other", "v": 0.0018374655902713656}, {"l": "Sugar", "v": 0.012485343113382355}]}, {"source": 20, "prod": 0, "target": 0, "value": 2.7525415473774306e-05, "supply": "[{\"l\":'Energy for power irrigation',\"v\":2.7525415473774306e-05}]"}, {"source": 20, "prod": 0, "target": 9, "value": 2.0881349669759817e-05, "supply": "[{\"l\":'Energy for power irrigation',\"v\":2.0881349669759817e-05}]"}, {"source": 20, "prod": 0, "target": 7, "value": 2.847456773149066e-06, "supply": "[{\"l\":'Energy for power irrigation',\"v\":2.847456773149066e-06}]"}, {"source": 20, "prod": 0, "target": 6, "value": 0.00026576263216057948, "supply": "[{\"l\":'Energy for power irrigation',\"v\":0.00026576263216057948}]"}, {"source": 20, "prod": 0, "target": 12, "value": 0.0053085554011060038, "supply": "[{\"l\":'Electricity',\"v\":0.0053085554011060038}]"}, {"source": 21, "prod": 0, "target": 20, "value": 0.01065125094321601, "supply": [{"l": "Coal", "v": 0.0055342985632930242}, {"l": "Natural gas", "v": 0.0016435776172399391}, {"l": "Oil", "v": 0.0034733747626830474}]}, {"source": 22, "prod": 0, "target": 20, "value": 0.0014988573720805646, "supply": [{"l": "Nuclear", "v": 0.00017113264095381265}, {"l": "Hydroelectric", "v": 0.0013106740404988978}, {"l": "Renewable", "v": 1.705069062785409e-05}]}, {"source": 21, "prod": 0, "target": 0, "value": 0.010681621349394821, "supply": [{"l": "Other fossil fuels", "v": 0.010681621349394821}]}, {"source": 21, "prod": 0, "target": 9, "value": 0.008103298954713312, "supply": [{"l": "Other fossil fuels", "v": 0.008103298954713312}]}, {"source": 21, "prod": 0, "target": 7, "value": 0.0011049953120063605, "supply": [{"l": "Other fossil fuels", "v": 0.0011049953120063605}]}, {"source": 21, "prod": 0, "target": 6, "value": 0.10313289578726033, "supply": [{"l": "Other fossil fuels", "v": 0.10313289578726033}]}, {"source": 23, "prod": 0.0091971725195663257, "target": 0, "value": 8.2691524917524688e-05, "supply": [{"l": "Potash", "v": 0.00011387779125793035}, {"l": "Phosphate", "v": 0.00010487440076406309}, {"l": "Nitrogen", "v": 0.00079350613024425692}]}, {"source": 23, "prod": 0.0069771653596710061, "target": 9, "value": 6.2731501661570445e-05, "supply": [{"l": "Potash", "v": 0.00011387779125793035}, {"l": "Phosphate", "v": 0.00010487440076406309}, {"l": "Nitrogen", "v": 0.00079350613024425692}]}, {"source": 23, "prod": 0.00095143163995513704, "target": 7, "value": 8.5542956811232419e-06, "supply": [{"l": "Potash", "v": 0.00011387779125793035}, {"l": "Phosphate", "v": 0.00010487440076406309}, {"l": "Nitrogen", "v": 0.00079350613024425692}]}, {"source": 23, "prod": 0.088800286395812791, "target": 6, "value": 0.00079840093023816926, "supply": [{"l": "Potash", "v": 0.00011387779125793035}, {"l": "Phosphate", "v": 0.00010487440076406309}, {"l": "Nitrogen", "v": 0.00079350613024425692}]}, {"source": 21, "prod": 0, "target": 23, "value": 0.001306595140466959, "supply": [{"l": "Natural gas (including LNG)", "v": 0.00085122203971990705}, {"l": "Fuel oil", "v": 0.00031510408065582368}, {"l": "Liquefied petroleum gas (LPG)", "v": 7.0134510045614227e-05}, {"l": "Coal", "v": 7.0134510045614227e-05}]}, {"source": 24, "prod": 0, "target": 5, "value": 0.00079743914858493054, "supply": "[{\"l\":'Labor',\"v\":0.00079743914858493054}]"}, {"source": 24, "prod": 0, "target": 6, "value": 0.011164148080189026, "supply": "[{\"l\":'Labor',\"v\":0.011164148080189026}]"}, {"source": 24, "prod": 0, "target": 7, "value": 0.00011961587228773956, "supply": "[{\"l\":'Labor',\"v\":0.00011961587228773956}]"}, {"source": 24, "prod": 0, "target": 0, "value": 0.0011562867654481492, "supply": "[{\"l\":'Labor',\"v\":0.0011562867654481492}]"}, {"source": 24, "prod": 0, "target": 9, "value": 0.0008771830634434236, "supply": "[{\"l\":'Labor',\"v\":0.0008771830634434236}]"}, {"source": 24, "prod": 0, "target": 10, "value": 3.9871957429246526e-05, "supply": "[{\"l\":'Labor',\"v\":3.9871957429246526e-05}]"}, {"source": 21, "prod": 0, "target": 16, "value": 0.43612687682168522, "supply": "[{\"l\":'Fossil Fuels',\"v\":0.43612687682168522}]"}, {"source": 22, "prod": 0, "target": 16, "value": 0.024264010618305444, "supply": "[{\"l\":'Renewables & Nuclear',\"v\":0.014074586252805266},{\"l\":'Biomass & Waste',\"v\":0.010189424365500179}]"}]}