{"nodes": [{"layer": 3, "name": "Oilcrops", "fill": "#ff9896"}, {"layer": 5, "name": "Production", "fill": "#b5cf6b"}, {"layer": 3, "name": "Fruits, Roots & Vegetables", "fill": "#98df8a"}, {"layer": 3, "name": "Sugar Crops", "fill": "#ffbb78"}, {"layer": 1, "name": "Electricity", "fill": "#bcbd22"}, {"layer": 0, "name": "Fossil Fuels", "fill": "#c49c94"}, {"layer": 0, "name": "Renewables & Nuclear", "fill": "#2ca02c"}, {"layer": 1, "name": "Fertilizers", "fill": "#c5b0d5"}, {"layer": 0, "name": "Labor", "fill": "#7f7f7f"}], "links": [{"source": 0, "prod": 143.0, "target": 1, "value": 0.18202940368384721, "supply": [{"l": "Coconuts - Incl Copra", "v": 0.18202940368384721}]}, {"source": 2, "prod": 25.0, "target": 1, "value": 0.020027249465096854, "supply": [{"l": "Roots, Other", "v": 0.0084942804573286661}, {"l": "Bananas", "v": 0.00070897981771189981}, {"l": "Potatoes", "v": 0.0007883411484244571}, {"l": "Vegetables, Other", "v": 0.0014032450231323199}, {"l": "Fruits, Other", "v": 0.0011480775276673429}, {"l": "Pineapples", "v": 0.00026586743164196244}, {"l": "Tomatoes", "v": 0.00020118562362796209}, {"l": "Cassava", "v": 0.0070172724355622449}]}, {"source": 3, "prod": 2.0, "target": 1, "value": 0.00071618379208665648, "supply": [{"l": "Sugar cane", "v": 0.00071618379208665648}]}, {"source": 4, "prod": 0, "target": 2, "value": 5.3110832405291151e-05, "supply": "[{\"l\":'Energy for power irrigation',\"v\":5.3110832405291151e-05}]"}, {"source": 4, "prod": 0, "target": 3, "value": 3.4826775347731905e-06, "supply": "[{\"l\":'Energy for power irrigation',\"v\":3.4826775347731905e-06}]"}, {"source": 4, "prod": 0, "target": 0, "value": 0.0002612008151079893, "supply": "[{\"l\":'Energy for power irrigation',\"v\":0.0002612008151079893}]"}, {"source": 5, "prod": 0, "target": 4, "value": 0.00060835062548598138, "supply": [{"l": "Coal", "v": 0.00032248108781469611}, {"l": "Natural gas", "v": 8.0176746598557364e-05}, {"l": "Oil", "v": 0.00020569279107272791}]}, {"source": 6, "prod": 0, "target": 4, "value": 9.8274909774563249e-05, "supply": [{"l": "Nuclear", "v": 2.308881759139249e-05}, {"l": "Hydroelectric", "v": 7.4074493327175398e-05}, {"l": "Renewable", "v": 1.1115988559953622e-06}]}, {"source": 5, "prod": 0, "target": 2, "value": 0.025553157931188706, "supply": [{"l": "Other fossil fuels", "v": 0.025553157931188706}]}, {"source": 5, "prod": 0, "target": 3, "value": 0.001675616913520571, "supply": [{"l": "Other fossil fuels", "v": 0.001675616913520571}]}, {"source": 5, "prod": 0, "target": 0, "value": 0.12567126851404284, "supply": [{"l": "Other fossil fuels", "v": 0.12567126851404284}]}, {"source": 7, "prod": 0.072191214470284232, "target": 2, "value": 0.00068638835828669319, "supply": [{"l": "Potash", "v": 0.00049226666706047998}, {"l": "Phosphate", "v": 0.00030300000024239995}, {"l": "Nitrogen", "v": 0.0035593611139585995}]}, {"source": 7, "prod": 0.004733850129198967, "target": 3, "value": 4.5009072674537262e-05, "supply": [{"l": "Potash", "v": 0.00049226666706047998}, {"l": "Phosphate", "v": 0.00030300000024239995}, {"l": "Nitrogen", "v": 0.0035593611139585995}]}, {"source": 7, "prod": 0.35503875968992249, "target": 0, "value": 0.0033756804505902945, "supply": [{"l": "Potash", "v": 0.00049226666706047998}, {"l": "Phosphate", "v": 0.00030300000024239995}, {"l": "Nitrogen", "v": 0.0035593611139585995}]}, {"source": 5, "prod": 0, "target": 7, "value": 0.0056306392818367924, "supply": [{"l": "Natural gas (including LNG)", "v": 0.0036558748190375326}, {"l": "Fuel oil", "v": 0.0013455719757139847}, {"l": "Liquefied petroleum gas (LPG)", "v": 0.00031459624354263744}, {"l": "Coal", "v": 0.00031459624354263744}]}, {"source": 8, "prod": 0, "target": 2, "value": 0.0029741443322276926, "supply": "[{\"l\":'Labor',\"v\":0.0029741443322276926}]"}, {"source": 8, "prod": 0, "target": 3, "value": 0.00019502585785099625, "supply": "[{\"l\":'Labor',\"v\":0.00019502585785099625}]"}, {"source": 8, "prod": 0, "target": 0, "value": 0.01462693933882472, "supply": "[{\"l\":'Labor',\"v\":0.01462693933882472}]"}]}