{"nodes": [{"name": "Balance", "fill": "#9edae5"}, {"name": "Food", "fill": "#b5cf6b"}, {"name": "Stock Deposit", "fill": "#c7c7c7"}, {"name": "Export", "fill": "#aec7e8"}, {"name": "Biofuels & Other", "fill": "#e7ba52"}, {"name": "Crop Residue", "fill": "#bd9e39"}, {"name": "Renewables & Nuclear", "fill": "#2ca02c"}, {"name": "Fossil Fuels", "fill": "#c49c94"}, {"name": "Stock Draw", "fill": "#c7c7c7"}, {"name": "Labor", "fill": "#7f7f7f"}], "links": [{"source": 0, "target": 1, "value": 2.0269210884223541}, {"source": 0, "target": 2, "value": 0.13667862039207457}, {"source": 0, "target": 3, "value": 0.93908196867918237}, {"source": 0, "target": 4, "value": 0.087636045212871189}, {"source": 0, "target": 5, "value": 5.9726818529268648}, {"source": 6, "target": 0, "value": 0.20677467742244579}, {"source": 7, "target": 0, "value": 1.1501370151684134}, {"source": 8, "target": 0, "value": 0.034740546717978604}, {"source": 9, "target": 0, "value": 0.1265832129954671}]}