{"nodes": [{"layer": 3, "name": "Maize"}, {"layer": 5, "name": "Production", "fill": "#b5cf6b"}, {"layer": 3, "name": "Roots, Other"}, {"layer": 3, "name": "Plantains"}, {"layer": 3, "name": "Fruits, Other"}, {"layer": 3, "name": "Yams"}, {"layer": 3, "name": "Rice"}, {"layer": 3, "name": "Tomatoes"}, {"layer": 3, "name": "Coffee"}, {"layer": 3, "name": "Coconuts - Incl Copra"}, {"layer": 3, "name": "Vegetables, Other"}, {"layer": 3, "name": "Cocoa Beans"}, {"layer": 3, "name": "Potatoes"}, {"layer": 3, "name": "Pineapples"}, {"layer": 3, "name": "Beans"}, {"layer": 3, "name": "Pulses, Other"}, {"layer": 3, "name": "Sorghum"}, {"layer": 3, "name": "Sugar cane"}, {"layer": 3, "name": "Bananas"}, {"layer": 3, "name": "Oranges, Mandarines"}, {"layer": 3, "name": "Onions"}, {"layer": 3, "name": "Cassava"}, {"layer": 1, "name": "Electricity", "fill": "#bcbd22"}, {"layer": 0, "name": "Fossil Fuels", "fill": "#c49c94"}, {"layer": 0, "name": "Renewables & Nuclear", "fill": "#2ca02c"}, {"layer": 1, "name": "Fertilizers", "fill": "#c5b0d5"}, {"layer": 0, "name": "Labor", "fill": "#7f7f7f"}], "links": [{"source": 0, "prod": 62.0, "target": 1, "value": 0.17880678034941244, "supply": [{"l": "Maize", "v": 0.17880678034941244}]}, {"source": 2, "prod": 9.0, "target": 1, "value": 0.011432962571655863, "supply": [{"l": "Roots, Other", "v": 0.011432962571655863}]}, {"source": 3, "prod": 71.0, "target": 1, "value": 0.061300918526857623, "supply": [{"l": "Plantains", "v": 0.061300918526857623}]}, {"source": 4, "prod": 6.0, "target": 1, "value": 0.0037128425584985426, "supply": [{"l": "Fruits, Other", "v": 0.0037128425584985426}]}, {"source": 5, "prod": 21.0, "target": 1, "value": 0.022035929171349441, "supply": [{"l": "Yams", "v": 0.022035929171349441}]}, {"source": 6, "prod": 118.0, "target": 1, "value": 0.47175714460668638, "supply": [{"l": "Rice", "v": 0.47175714460668638}]}, {"source": 7, "prod": 20.0, "target": 1, "value": 0.0045547389040236051, "supply": [{"l": "Tomatoes", "v": 0.0045547389040236051}]}, {"source": 8, "prod": 8.0, "target": 1, "value": 0.0036913188335217393, "supply": [{"l": "Coffee", "v": 0.0036913188335217393}]}, {"source": 9, "prod": 22.0, "target": 1, "value": 0.028231670643319228, "supply": [{"l": "Coconuts - Incl Copra", "v": 0.028231670643319228}]}, {"source": 10, "prod": 11.0, "target": 1, "value": 0.0039740581484297875, "supply": [{"l": "Vegetables, Other", "v": 0.0039740581484297875}]}, {"source": 11, "prod": 2.0, "target": 1, "value": 0.006137373482240964, "supply": [{"l": "Cocoa Beans", "v": 0.006137373482240964}]}, {"source": 12, "prod": 17.0, "target": 1, "value": 0.014578845089969697, "supply": [{"l": "Potatoes", "v": 0.014578845089969697}]}, {"source": 13, "prod": 6.0, "target": 1, "value": 0.0020134466364664034, "supply": [{"l": "Pineapples", "v": 0.0020134466364664034}]}, {"source": 14, "prod": 2.0, "target": 1, "value": 0.0079820826058205133, "supply": [{"l": "Beans", "v": 0.0079820826058205133}]}, {"source": 15, "prod": 2.0, "target": 1, "value": 0.0077517695503956522, "supply": [{"l": "Pulses, Other", "v": 0.0077517695503956522}]}, {"source": 16, "prod": 18.0, "target": 1, "value": 0.05499841926572193, "supply": [{"l": "Sorghum", "v": 0.05499841926572193}]}, {"source": 17, "prod": 2591.0, "target": 1, "value": 0.75334507960979791, "supply": [{"l": "Sugar cane", "v": 0.75334507960979791}]}, {"source": 18, "prod": 1034.0, "target": 1, "value": 0.65911464010879028, "supply": [{"l": "Bananas", "v": 0.65911464010879028}]}, {"source": 19, "prod": 33.0, "target": 1, "value": 0.010744816853856184, "supply": [{"l": "Oranges, Mandarines", "v": 0.010744816853856184}]}, {"source": 20, "prod": 5.0, "target": 1, "value": 0.0023196812341803276, "supply": [{"l": "Onions", "v": 0.0023196812341803276}]}, {"source": 21, "prod": 35.0, "target": 1, "value": 0.036959100261007467, "supply": [{"l": "Cassava", "v": 0.036959100261007467}]}, {"source": 22, "prod": 0, "target": 0, "value": 0.00017334128470552332, "supply": "[{\"l\":'Energy for power irrigation',\"v\":0.00017334128470552332}]"}, {"source": 22, "prod": 0, "target": 8, "value": 1.6314473854637488e-05, "supply": "[{\"l\":'Energy for power irrigation',\"v\":1.6314473854637488e-05}]"}, {"source": 22, "prod": 0, "target": 10, "value": 2.8550329245615607e-05, "supply": "[{\"l\":'Energy for power irrigation',\"v\":2.8550329245615607e-05}]"}, {"source": 22, "prod": 0, "target": 18, "value": 0.0021229209103347034, "supply": "[{\"l\":'Energy for power irrigation',\"v\":0.0021229209103347034}]"}, {"source": 22, "prod": 0, "target": 21, "value": 7.1375823114039005e-05, "supply": "[{\"l\":'Energy for power irrigation',\"v\":7.1375823114039005e-05}]"}, {"source": 22, "prod": 0, "target": 9, "value": 4.4864803100253098e-05, "supply": "[{\"l\":'Energy for power irrigation',\"v\":4.4864803100253098e-05}]"}, {"source": 22, "prod": 0, "target": 3, "value": 0.0001437713008439929, "supply": "[{\"l\":'Energy for power irrigation',\"v\":0.0001437713008439929}]"}, {"source": 22, "prod": 0, "target": 2, "value": 1.8353783086467174e-05, "supply": "[{\"l\":'Energy for power irrigation',\"v\":1.8353783086467174e-05}]"}, {"source": 22, "prod": 0, "target": 4, "value": 1.4275164622807803e-05, "supply": "[{\"l\":'Energy for power irrigation',\"v\":1.4275164622807803e-05}]"}, {"source": 22, "prod": 0, "target": 5, "value": 4.3845148484338253e-05, "supply": "[{\"l\":'Energy for power irrigation',\"v\":4.3845148484338253e-05}]"}, {"source": 22, "prod": 0, "target": 13, "value": 1.2235855390978117e-05, "supply": "[{\"l\":'Energy for power irrigation',\"v\":1.2235855390978117e-05}]"}, {"source": 22, "prod": 0, "target": 14, "value": 7.1375823114039017e-06, "supply": "[{\"l\":'Energy for power irrigation',\"v\":7.1375823114039017e-06}]"}, {"source": 22, "prod": 0, "target": 15, "value": 7.1375823114039017e-06, "supply": "[{\"l\":'Energy for power irrigation',\"v\":7.1375823114039017e-06}]"}, {"source": 22, "prod": 0, "target": 11, "value": 6.1179276954890587e-06, "supply": "[{\"l\":'Energy for power irrigation',\"v\":6.1179276954890587e-06}]"}, {"source": 22, "prod": 0, "target": 12, "value": 3.6707566172934347e-05, "supply": "[{\"l\":'Energy for power irrigation',\"v\":3.6707566172934347e-05}]"}, {"source": 22, "prod": 0, "target": 19, "value": 6.7297204650379653e-05, "supply": "[{\"l\":'Energy for power irrigation',\"v\":6.7297204650379653e-05}]"}, {"source": 22, "prod": 0, "target": 6, "value": 0.00023961883473998813, "supply": "[{\"l\":'Energy for power irrigation',\"v\":0.00023961883473998813}]"}, {"source": 22, "prod": 0, "target": 16, "value": 3.6707566172934347e-05, "supply": "[{\"l\":'Energy for power irrigation',\"v\":3.6707566172934347e-05}]"}, {"source": 22, "prod": 0, "target": 20, "value": 1.4275164622807803e-05, "supply": "[{\"l\":'Energy for power irrigation',\"v\":1.4275164622807803e-05}]"}, {"source": 22, "prod": 0, "target": 7, "value": 4.0786184636593726e-05, "supply": "[{\"l\":'Energy for power irrigation',\"v\":4.0786184636593726e-05}]"}, {"source": 22, "prod": 0, "target": 17, "value": 0.0052828305650548021, "supply": "[{\"l\":'Energy for power irrigation',\"v\":0.0052828305650548021}]"}, {"source": 23, "prod": 0, "target": 22, "value": 0.0099747304138116995, "supply": [{"l": "Coal", "v": 0.0}, {"l": "Natural gas", "v": 0.0}, {"l": "Oil", "v": 0.0099747304138116995}]}, {"source": 24, "prod": 0, "target": 22, "value": 0.0047288167587200688, "supply": [{"l": "Nuclear", "v": 0.0}, {"l": "Hydroelectric", "v": 0.0043820096625240322}, {"l": "Renewable", "v": 0.00034680709619603625}]}, {"source": 23, "prod": 0, "target": 0, "value": 0.0077797504328922379, "supply": [{"l": "Motor Gasoline", "v": 0.00050076467890317164}, {"l": "Gas-Diesel oil", "v": 0.0058328346346283649}, {"l": "Fuel oil", "v": 0.0014461511193607018}]}, {"source": 23, "prod": 0, "target": 8, "value": 0.00073221180544868125, "supply": [{"l": "Motor Gasoline", "v": 4.7130793308533798e-05}, {"l": "Gas-Diesel oil", "v": 0.00054897267149443439}, {"l": "Fuel oil", "v": 0.00013610834064571313}]}, {"source": 23, "prod": 0, "target": 10, "value": 0.0012813706595351923, "supply": [{"l": "Motor Gasoline", "v": 8.2478888289934155e-05}, {"l": "Gas-Diesel oil", "v": 0.0009607021751152602}, {"l": "Fuel oil", "v": 0.00023818959612999796}]}, {"source": 23, "prod": 0, "target": 18, "value": 0.095279061184009653, "supply": [{"l": "Motor Gasoline", "v": 0.0061328944792729606}, {"l": "Gas-Diesel oil", "v": 0.07143506887821327}, {"l": "Fuel oil", "v": 0.017711097826523421}]}, {"source": 23, "prod": 0, "target": 21, "value": 0.0032034266488379804, "supply": [{"l": "Motor Gasoline", "v": 0.00020619722072483536}, {"l": "Gas-Diesel oil", "v": 0.0024017554377881501}, {"l": "Fuel oil", "v": 0.00059547399032499487}]}, {"source": 23, "prod": 0, "target": 9, "value": 0.0020135824649838738, "supply": [{"l": "Motor Gasoline", "v": 0.00012960968159846795}, {"l": "Gas-Diesel oil", "v": 0.0015096748466096946}, {"l": "Fuel oil", "v": 0.00037429793677571109}]}, {"source": 23, "prod": 0, "target": 3, "value": 0.006452616535516504, "supply": [{"l": "Motor Gasoline", "v": 0.00041534011603145413}, {"l": "Gas-Diesel oil", "v": 0.0048378216675447035}, {"l": "Fuel oil", "v": 0.001199454751940347}]}, {"source": 23, "prod": 0, "target": 2, "value": 0.00082373828112976635, "supply": [{"l": "Motor Gasoline", "v": 5.3022142472100518e-05}, {"l": "Gas-Diesel oil", "v": 0.00061759425543123862}, {"l": "Fuel oil", "v": 0.00015312188322642726}]}, {"source": 23, "prod": 0, "target": 4, "value": 0.00064068532976759615, "supply": [{"l": "Motor Gasoline", "v": 4.1239444144967077e-05}, {"l": "Gas-Diesel oil", "v": 0.0004803510875576301}, {"l": "Fuel oil", "v": 0.00011909479806499898}]}, {"source": 23, "prod": 0, "target": 5, "value": 0.001967819227143331, "supply": [{"l": "Motor Gasoline", "v": 0.00012666400701668459}, {"l": "Gas-Diesel oil", "v": 0.0014753640546412924}, {"l": "Fuel oil", "v": 0.00036579116548535401}]}, {"source": 23, "prod": 0, "target": 13, "value": 0.00054915885408651104, "supply": [{"l": "Motor Gasoline", "v": 3.534809498140035e-05}, {"l": "Gas-Diesel oil", "v": 0.00041172950362082582}, {"l": "Fuel oil", "v": 0.00010208125548428485}]}, {"source": 23, "prod": 0, "target": 14, "value": 0.00032034266488379807, "supply": [{"l": "Motor Gasoline", "v": 2.0619722072483539e-05}, {"l": "Gas-Diesel oil", "v": 0.00024017554377881505}, {"l": "Fuel oil", "v": 5.9547399032499491e-05}]}, {"source": 23, "prod": 0, "target": 15, "value": 0.00032034266488379807, "supply": [{"l": "Motor Gasoline", "v": 2.0619722072483539e-05}, {"l": "Gas-Diesel oil", "v": 0.00024017554377881505}, {"l": "Fuel oil", "v": 5.9547399032499491e-05}]}, {"source": 23, "prod": 0, "target": 11, "value": 0.00027457942704325552, "supply": [{"l": "Motor Gasoline", "v": 1.7674047490700175e-05}, {"l": "Gas-Diesel oil", "v": 0.00020586475181041291}, {"l": "Fuel oil", "v": 5.1040627742142426e-05}]}, {"source": 23, "prod": 0, "target": 12, "value": 0.0016474765622595327, "supply": [{"l": "Motor Gasoline", "v": 0.00010604428494420104}, {"l": "Gas-Diesel oil", "v": 0.0012351885108624772}, {"l": "Fuel oil", "v": 0.00030624376645285451}]}, {"source": 23, "prod": 0, "target": 19, "value": 0.0030203736974758104, "supply": [{"l": "Motor Gasoline", "v": 0.00019441452239770193}, {"l": "Gas-Diesel oil", "v": 0.0022645122699145419}, {"l": "Fuel oil", "v": 0.00056144690516356666}]}, {"source": 23, "prod": 0, "target": 6, "value": 0.010754360892527508, "supply": [{"l": "Motor Gasoline", "v": 0.00069223352671909022}, {"l": "Gas-Diesel oil", "v": 0.0080630361125745061}, {"l": "Fuel oil", "v": 0.0019990912532339114}]}, {"source": 23, "prod": 0, "target": 16, "value": 0.0016474765622595327, "supply": [{"l": "Motor Gasoline", "v": 0.00010604428494420104}, {"l": "Gas-Diesel oil", "v": 0.0012351885108624772}, {"l": "Fuel oil", "v": 0.00030624376645285451}]}, {"source": 23, "prod": 0, "target": 20, "value": 0.00064068532976759615, "supply": [{"l": "Motor Gasoline", "v": 4.1239444144967077e-05}, {"l": "Gas-Diesel oil", "v": 0.0004803510875576301}, {"l": "Fuel oil", "v": 0.00011909479806499898}]}, {"source": 23, "prod": 0, "target": 7, "value": 0.0018305295136217031, "supply": [{"l": "Motor Gasoline", "v": 0.0001178269832713345}, {"l": "Gas-Diesel oil", "v": 0.0013724316787360859}, {"l": "Fuel oil", "v": 0.00034027085161428278}]}, {"source": 23, "prod": 0, "target": 17, "value": 0.23709933525185112, "supply": [{"l": "Motor Gasoline", "v": 0.015261540008219601}, {"l": "Gas-Diesel oil", "v": 0.17776421318829153}, {"l": "Fuel oil", "v": 0.044073582055339976}]}, {"source": 25, "prod": 0.55547576301615798, "target": 0, "value": 0.0061022358583294901, "supply": [{"l": "Potash", "v": 0.017947222236579997}, {"l": "Phosphate", "v": 0.026933333354880001}, {"l": "Nitrogen", "v": 0.25502638909290998}]}, {"source": 25, "prod": 0.052280071813285457, "target": 8, "value": 0.00057432808078395205, "supply": [{"l": "Potash", "v": 0.017947222236579997}, {"l": "Phosphate", "v": 0.026933333354880001}, {"l": "Nitrogen", "v": 0.25502638909290998}]}, {"source": 25, "prod": 0.091490125673249559, "target": 10, "value": 0.001005074141371916, "supply": [{"l": "Potash", "v": 0.017947222236579997}, {"l": "Phosphate", "v": 0.026933333354880001}, {"l": "Nitrogen", "v": 0.25502638909290998}]}, {"source": 25, "prod": 6.8029443447037705, "target": 18, "value": 0.074734441512011765, "supply": [{"l": "Potash", "v": 0.017947222236579997}, {"l": "Phosphate", "v": 0.026933333354880001}, {"l": "Nitrogen", "v": 0.25502638909290998}]}, {"source": 25, "prod": 0.22872531418312386, "target": 21, "value": 0.00251268535342979, "supply": [{"l": "Potash", "v": 0.017947222236579997}, {"l": "Phosphate", "v": 0.026933333354880001}, {"l": "Nitrogen", "v": 0.25502638909290998}]}, {"source": 25, "prod": 0.14377019748653502, "target": 9, "value": 0.0015794022221558681, "supply": [{"l": "Potash", "v": 0.017947222236579997}, {"l": "Phosphate", "v": 0.026933333354880001}, {"l": "Nitrogen", "v": 0.25502638909290998}]}, {"source": 25, "prod": 0.46071813285457813, "target": 3, "value": 0.0050612662119085775, "supply": [{"l": "Potash", "v": 0.017947222236579997}, {"l": "Phosphate", "v": 0.026933333354880001}, {"l": "Nitrogen", "v": 0.25502638909290998}]}, {"source": 25, "prod": 0.058815080789946135, "target": 2, "value": 0.00064611909088194597, "supply": [{"l": "Potash", "v": 0.017947222236579997}, {"l": "Phosphate", "v": 0.026933333354880001}, {"l": "Nitrogen", "v": 0.25502638909290998}]}, {"source": 25, "prod": 0.045745062836624779, "target": 4, "value": 0.00050253707068595801, "supply": [{"l": "Potash", "v": 0.017947222236579997}, {"l": "Phosphate", "v": 0.026933333354880001}, {"l": "Nitrogen", "v": 0.25502638909290998}]}, {"source": 25, "prod": 0.14050269299820467, "target": 5, "value": 0.0015435067171068711, "supply": [{"l": "Potash", "v": 0.017947222236579997}, {"l": "Phosphate", "v": 0.026933333354880001}, {"l": "Nitrogen", "v": 0.25502638909290998}]}, {"source": 25, "prod": 0.039210053859964095, "target": 13, "value": 0.00043074606058796409, "supply": [{"l": "Potash", "v": 0.017947222236579997}, {"l": "Phosphate", "v": 0.026933333354880001}, {"l": "Nitrogen", "v": 0.25502638909290998}]}, {"source": 25, "prod": 0.02287253141831239, "target": 14, "value": 0.00025126853534297901, "supply": [{"l": "Potash", "v": 0.017947222236579997}, {"l": "Phosphate", "v": 0.026933333354880001}, {"l": "Nitrogen", "v": 0.25502638909290998}]}, {"source": 25, "prod": 0.02287253141831239, "target": 15, "value": 0.00025126853534297901, "supply": [{"l": "Potash", "v": 0.017947222236579997}, {"l": "Phosphate", "v": 0.026933333354880001}, {"l": "Nitrogen", "v": 0.25502638909290998}]}, {"source": 25, "prod": 0.019605026929982047, "target": 11, "value": 0.00021537303029398204, "supply": [{"l": "Potash", "v": 0.017947222236579997}, {"l": "Phosphate", "v": 0.026933333354880001}, {"l": "Nitrogen", "v": 0.25502638909290998}]}, {"source": 25, "prod": 0.11763016157989227, "target": 12, "value": 0.0012922381817638919, "supply": [{"l": "Potash", "v": 0.017947222236579997}, {"l": "Phosphate", "v": 0.026933333354880001}, {"l": "Nitrogen", "v": 0.25502638909290998}]}, {"source": 25, "prod": 0.21565529622980253, "target": 19, "value": 0.0023691033332338025, "supply": [{"l": "Potash", "v": 0.017947222236579997}, {"l": "Phosphate", "v": 0.026933333354880001}, {"l": "Nitrogen", "v": 0.25502638909290998}]}, {"source": 25, "prod": 0.76786355475763024, "target": 6, "value": 0.0084354436865142959, "supply": [{"l": "Potash", "v": 0.017947222236579997}, {"l": "Phosphate", "v": 0.026933333354880001}, {"l": "Nitrogen", "v": 0.25502638909290998}]}, {"source": 25, "prod": 0.11763016157989227, "target": 16, "value": 0.0012922381817638919, "supply": [{"l": "Potash", "v": 0.017947222236579997}, {"l": "Phosphate", "v": 0.026933333354880001}, {"l": "Nitrogen", "v": 0.25502638909290998}]}, {"source": 25, "prod": 0.045745062836624779, "target": 20, "value": 0.00050253707068595801, "supply": [{"l": "Potash", "v": 0.017947222236579997}, {"l": "Phosphate", "v": 0.026933333354880001}, {"l": "Nitrogen", "v": 0.25502638909290998}]}, {"source": 25, "prod": 0.13070017953321364, "target": 7, "value": 0.00143582020195988, "supply": [{"l": "Potash", "v": 0.017947222236579997}, {"l": "Phosphate", "v": 0.026933333354880001}, {"l": "Nitrogen", "v": 0.25502638909290998}]}, {"source": 25, "prod": 16.928940754039498, "target": 17, "value": 0.18597461165885346, "supply": [{"l": "Potash", "v": 0.017947222236579997}, {"l": "Phosphate", "v": 0.026933333354880001}, {"l": "Nitrogen", "v": 0.25502638909290998}]}, {"source": 23, "prod": 0, "target": 25, "value": 0.37083343408039127, "supply": [{"l": "Natural gas (including LNG)", "v": 0.24711644843227459}, {"l": "Fuel oil", "v": 0.078635668274481013}, {"l": "Liquefied petroleum gas (LPG)", "v": 0.022540658686817837}, {"l": "Coal", "v": 0.022540658686817837}]}, {"source": 26, "prod": 0, "target": 0, "value": 0.002575600982552891, "supply": "[{\"l\":'Labor',\"v\":0.002575600982552891}]"}, {"source": 26, "prod": 0, "target": 8, "value": 0.00024240950424027211, "supply": "[{\"l\":'Labor',\"v\":0.00024240950424027211}]"}, {"source": 26, "prod": 0, "target": 10, "value": 0.00042421663242047622, "supply": "[{\"l\":'Labor',\"v\":0.00042421663242047622}]"}, {"source": 26, "prod": 0, "target": 18, "value": 0.03154353673926541, "supply": "[{\"l\":'Labor',\"v\":0.03154353673926541}]"}, {"source": 26, "prod": 0, "target": 21, "value": 0.0010605415810511904, "supply": "[{\"l\":'Labor',\"v\":0.0010605415810511904}]"}, {"source": 26, "prod": 0, "target": 9, "value": 0.00066662613666074839, "supply": "[{\"l\":'Labor',\"v\":0.00066662613666074839}]"}, {"source": 26, "prod": 0, "target": 3, "value": 0.0021362337561173983, "supply": "[{\"l\":'Labor',\"v\":0.0021362337561173983}]"}, {"source": 26, "prod": 0, "target": 2, "value": 0.00027271069227030614, "supply": "[{\"l\":'Labor',\"v\":0.00027271069227030614}]"}, {"source": 26, "prod": 0, "target": 4, "value": 0.00021210831621023811, "supply": "[{\"l\":'Labor',\"v\":0.00021210831621023811}]"}, {"source": 26, "prod": 0, "target": 5, "value": 0.00065147554264573129, "supply": "[{\"l\":'Labor',\"v\":0.00065147554264573129}]"}, {"source": 26, "prod": 0, "target": 13, "value": 0.00018180712818020411, "supply": "[{\"l\":'Labor',\"v\":0.00018180712818020411}]"}, {"source": 26, "prod": 0, "target": 14, "value": 0.00010605415810511906, "supply": "[{\"l\":'Labor',\"v\":0.00010605415810511906}]"}, {"source": 26, "prod": 0, "target": 15, "value": 0.00010605415810511906, "supply": "[{\"l\":'Labor',\"v\":0.00010605415810511906}]"}, {"source": 26, "prod": 0, "target": 11, "value": 9.0903564090102055e-05, "supply": "[{\"l\":'Labor',\"v\":9.0903564090102055e-05}]"}, {"source": 26, "prod": 0, "target": 12, "value": 0.00054542138454061228, "supply": "[{\"l\":'Labor',\"v\":0.00054542138454061228}]"}, {"source": 26, "prod": 0, "target": 19, "value": 0.00099993920499112264, "supply": "[{\"l\":'Labor',\"v\":0.00099993920499112264}]"}, {"source": 26, "prod": 0, "target": 6, "value": 0.003560389593528997, "supply": "[{\"l\":'Labor',\"v\":0.003560389593528997}]"}, {"source": 26, "prod": 0, "target": 16, "value": 0.00054542138454061228, "supply": "[{\"l\":'Labor',\"v\":0.00054542138454061228}]"}, {"source": 26, "prod": 0, "target": 20, "value": 0.00021210831621023811, "supply": "[{\"l\":'Labor',\"v\":0.00021210831621023811}]"}, {"source": 26, "prod": 0, "target": 7, "value": 0.00060602376060068033, "supply": "[{\"l\":'Labor',\"v\":0.00060602376060068033}]"}, {"source": 26, "prod": 0, "target": 17, "value": 0.078495227591803107, "supply": "[{\"l\":'Labor',\"v\":0.078495227591803107}]"}]}