{"nodes": [{"layer": 5, "name": "Starchy Roots"}, {"layer": 10, "name": "Feed", "fill": "#dbdb8d"}, {"layer": 5, "name": "Cereals - Excluding Beer"}, {"layer": 5, "name": "Sugar Crops", "fill": "#ffbb78"}, {"layer": 13, "name": "Fish, Seafood"}, {"layer": 5, "name": "Fruits - Excluding Wine"}, {"layer": 13, "name": "Milk - Excluding Butter"}, {"layer": 16, "name": "Food", "fill": "#b5cf6b"}, {"layer": 13, "name": "Meat"}, {"layer": 5, "name": "Vegetables"}, {"layer": 13, "name": "Alcoholic Beverages"}, {"layer": 13, "name": "Animal Fats"}, {"layer": 5, "name": "Pulses"}, {"layer": 13, "name": "Sugar & Sweeteners"}, {"layer": 13, "name": "Vegetable Oils", "fill": "#f7b6d2"}, {"layer": 5, "name": "Stimulants"}, {"layer": 13, "name": "Eggs"}, {"layer": 5, "name": "Oilcrops", "fill": "#ff9896"}, {"layer": 10, "name": "Processing", "fill": "#9edae5"}, {"layer": 16, "name": "Biofuels & Other", "fill": "#e7ba52"}, {"name": "Waste", "fill": "#c7c7c7"}, {"layer": 2, "name": "Import", "fill": "#aec7e8"}, {"layer": 16, "name": "Export", "fill": "#aec7e8"}, {"layer": 16, "name": "Stock Deposit", "fill": "#c7c7c7"}, {"layer": 0, "name": "Stock Draw", "fill": "#c7c7c7"}, {"layer": 2, "name": "Electricity", "fill": "#bcbd22"}, {"layer": 0, "name": "Fossil Fuels", "fill": "#c49c94"}, {"layer": 0, "name": "Renewables & Nuclear", "fill": "#2ca02c"}, {"layer": 2, "name": "Fertilizers", "fill": "#c5b0d5"}, {"layer": 0, "name": "Labor", "fill": "#7f7f7f"}], "links": [{"source": 0, "prod": 4.0, "target": 1, "value": 0.0041766067208804077, "supply": [{"l": "Cassava", "v": 0.0041766067208804077}]}, {"source": 2, "prod": 42.0, "target": 1, "value": 0.12050080872279151, "supply": [{"l": "Maize", "v": 0.11543213211556763}, {"l": "Oats", "v": 0.0050686766072238808}]}, {"source": 3, "prod": 66.0, "target": 1, "value": 0.019661129786968424, "supply": [{"l": "Sugar cane", "v": 0.019661129786968424}]}, {"source": 4, "prod": 20.0, "target": 1, "value": 0.018812707369529735, "supply": [{"l": "Pelagic Fish", "v": 0.0099882744907058823}, {"l": "Fish, Seafood", "v": 0.0088244328788238523}]}, {"source": 5, "prod": 112.0, "target": 1, "value": 0.083029425874481158, "supply": [{"l": "Bananas", "v": 0.072583186389715046}, {"l": "Plantains", "v": 0.010446239484766107}]}, {"source": 6, "prod": 99.0, "target": 7, "value": 0.085702360609862346, "supply": [{"l": "Milk - Excluding Butter", "v": 0.085702360609862346}]}, {"source": 4, "prod": 27.0, "target": 7, "value": 0.02391759152277417, "supply": [{"l": "Fish, Seafood", "v": 0.012354206030353395}, {"l": "Pelagic Fish", "v": 0.005992964694423529}, {"l": "Marine Fish, Other", "v": 0.0040173659229179818}, {"l": "Demersal Fish", "v": 0.0015530548750792683}]}, {"source": 8, "prod": 50.0, "target": 7, "value": 0.10017973573057742, "supply": [{"l": "Pigmeat", "v": 0.015262981244224719}, {"l": "Bovine Meat", "v": 0.070933365237138626}, {"l": "Poultry Meat", "v": 0.0088030299370852536}, {"l": "Offals, Edible", "v": 0.0051803593121288131}]}, {"source": 9, "prod": 45.0, "target": 7, "value": 0.013394610136974204, "supply": [{"l": "Vegetables, Other", "v": 0.0036627356124657087}, {"l": "Tomatoes", "v": 0.0063930973773343377}, {"l": "Onions", "v": 0.0033387771471741576}]}, {"source": 10, "prod": 40.0, "target": 7, "value": 0.032148002038872359, "supply": [{"l": "Beer", "v": 0.014938475044750731}, {"l": "Beverages, Alcoholic", "v": 0.017209526994121625}]}, {"source": 11, "prod": 6.0, "target": 7, "value": 0.052877522941401342, "supply": [{"l": "Butter, Ghee", "v": 0.0169800666342}, {"l": "Fats, Animals, Raw", "v": 0.035897456307201342}]}, {"source": 0, "prod": 47.0, "target": 7, "value": 0.047257138670969159, "supply": [{"l": "Potatoes", "v": 0.0076665852696220739}, {"l": "Yams", "v": 0.01363399467981353}, {"l": "Roots, Other", "v": 0.0082059801577918211}, {"l": "Cassava", "v": 0.017750578563741733}]}, {"source": 12, "prod": 9.0, "target": 7, "value": 0.03506902337952273, "supply": [{"l": "Beans", "v": 0.023313592632768883}, {"l": "Pulses, Other", "v": 0.011755430746753847}]}, {"source": 13, "prod": 43.0, "target": 7, "value": 0.16837444921023487, "supply": [{"l": "Sugar", "v": 0.14445728330588062}, {"l": "Sweeteners, Other", "v": 0.011879058962197533}, {"l": "Sugar non-centrifugal", "v": 0.012038106942156721}]}, {"source": 5, "prod": 175.0, "target": 7, "value": 0.11737210399403783, "supply": [{"l": "Grapes", "v": 0.00086632993031632646}, {"l": "Fruits, Other", "v": 0.015795410822511628}, {"l": "Pineapples", "v": 0.0024028396180471702}, {"l": "Bananas", "v": 0.021049124053017357}, {"l": "Apples", "v": 0.0015160773780535715}, {"l": "Oranges, Mandarines", "v": 0.0087122854981759174}, {"l": "Plantains", "v": 0.067030036693915857}]}, {"source": 2, "prod": 192.0, "target": 7, "value": 0.69502732062912065, "supply": [{"l": "Maize", "v": 0.1269753453271244}, {"l": "Rice", "v": 0.42226158417803927}, {"l": "Wheat", "v": 0.145790391123957}]}, {"source": 14, "prod": 7.0, "target": 7, "value": 0.071932990510276629, "supply": [{"l": "Coconut Oil", "v": 0.04128714832288357}, {"l": "Soyabean Oil", "v": 0.030645842187393052}]}, {"source": 15, "prod": 4.0, "target": 7, "value": 0.0019592384577923078, "supply": [{"l": "Coffee", "v": 0.0019592384577923078}]}, {"source": 16, "prod": 7.0, "target": 7, "value": 0.010725201324149679, "supply": [{"l": "Eggs", "v": 0.010725201324149679}]}, {"source": 17, "prod": 13.0, "target": 7, "value": 0.017009142090765414, "supply": [{"l": "Coconuts - Incl Copra", "v": 0.017009142090765414}]}, {"source": 2, "prod": 7.0, "target": 18, "value": 0.021000082409787985, "supply": [{"l": "Barley", "v": 0.021000082409787985}]}, {"source": 3, "prod": 924.0, "target": 18, "value": 0.27525581701755791, "supply": [{"l": "Sugar cane", "v": 0.27525581701755791}]}, {"source": 17, "prod": 2.0, "target": 18, "value": 0.0026167910908869861, "supply": [{"l": "Coconuts - Incl Copra", "v": 0.0026167910908869861}]}, {"source": 0, "prod": 2.0, "target": 19, "value": 0.0020883033604402038, "supply": [{"l": "Cassava", "v": 0.0020883033604402038}]}, {"source": 3, "prod": 199.0, "target": 19, "value": 0.05928128526676843, "supply": [{"l": "Sugar cane", "v": 0.05928128526676843}]}, {"source": 17, "prod": 14.0, "target": 19, "value": 0.018317537636208903, "supply": [{"l": "Coconuts - Incl Copra", "v": 0.018317537636208903}]}, {"source": 4, "prod": 10.0, "target": 19, "value": 0.0084295823623299071, "supply": [{"l": "Marine Fish, Other", "v": 0.0040173659229179818}, {"l": "Fish, Seafood", "v": 0.0044122164394119262}]}, {"source": 10, "prod": 2.0, "target": 19, "value": 0.002572737368818182, "supply": [{"l": "Alcohol, Non-Food", "v": 0.002572737368818182}]}, {"source": 0, "prod": 3.0, "target": 0, "value": 0.0029263591489838811, "supply": [{"l": "Roots, Other", "v": 0.0010257475197239776}, {"l": "Yams", "v": 0.0010487688215241177}, {"l": "Potatoes", "v": 0.00085184280773578603}]}, {"source": 2, "prod": 6.0, "target": 2, "value": 0.023584900566518571, "supply": [{"l": "Maize", "v": 0.0028858033028891909}, {"l": "Rice", "v": 0.020699097263629378}]}, {"source": 8, "prod": 1.0, "target": 20, "value": 0.0022166676636605821, "supply": [{"l": "Bovine Meat", "v": 0.0022166676636605821}]}, {"source": 9, "prod": 8.0, "target": 20, "value": 0.0023451104240552953, "supply": [{"l": "Vegetables, Other", "v": 0.00084524667979977888}, {"l": "Onions", "v": 0.00047696816388202246}, {"l": "Tomatoes", "v": 0.0010228955803734941}]}, {"source": 0, "prod": 3.0, "target": 20, "value": 0.0029447633094800054, "supply": [{"l": "Potatoes", "v": 0.00085184280773578603}, {"l": "Yams", "v": 0.0010487688215241177}, {"l": "Cassava", "v": 0.0010441516802201019}]}, {"source": 12, "prod": 1.0, "target": 20, "value": 0.0038855987721281467, "supply": [{"l": "Beans", "v": 0.0038855987721281467}]}, {"source": 5, "prod": 335.0, "target": 20, "value": 0.23920051303299425, "supply": [{"l": "Pineapples", "v": 0.00040047326967452835}, {"l": "Bananas", "v": 0.21847539103304228}, {"l": "Fruits, Other", "v": 0.0014808197646104652}, {"l": "Oranges, Mandarines", "v": 0.0040449896955816762}, {"l": "Plantains", "v": 0.01479883927008532}]}, {"source": 2, "prod": 10.0, "target": 20, "value": 0.037636146077748706, "supply": [{"l": "Maize", "v": 0.0086574099086675731}, {"l": "Rice", "v": 0.028978736169081129}]}, {"source": 21, "prod": 38.0, "target": 1, "value": 0.039196029184456353, "supply": [{"l": "Pigmeat", "v": 0.0057236179665842704}, {"l": "Milk - Excluding Butter", "v": 0.017313608204012593}, {"l": "Fish, Seafood", "v": 0.0061771030151766973}, {"l": "Pelagic Fish", "v": 0.0039953097962823533}, {"l": "Bovine Meat", "v": 0.0044333353273211642}, {"l": "Demersal Fish", "v": 0.0015530548750792683}]}, {"source": 21, "prod": 58.0, "target": 2, "value": 0.1806307685195741, "supply": [{"l": "Maize", "v": 0.0057716066057783818}, {"l": "Oats", "v": 0.0050686766072238808}, {"l": "Wheat", "v": 0.145790391123957}, {"l": "Barley", "v": 0.02400009418261484}]}, {"source": 21, "prod": 4.0, "target": 12, "value": 0.015608151375425525, "supply": [{"l": "Beans", "v": 0.0077711975442562933}, {"l": "Pulses, Other", "v": 0.0078369538311692313}]}, {"source": 21, "prod": 6.0, "target": 18, "value": 0.042581381579505057, "supply": [{"l": "Butter, Ghee", "v": 0.0169800666342}, {"l": "Fats, Animals, Raw", "v": 0.0089743640768003355}, {"l": "Sweeteners, Other", "v": 0.0029697647405493833}, {"l": "Soyabean Oil", "v": 0.010215280729131018}, {"l": "Beverages, Alcoholic", "v": 0.0034419053988243241}]}, {"source": 21, "prod": 4.0, "target": 9, "value": 0.0015174341142972308, "supply": [{"l": "Vegetables, Other", "v": 0.00056349778653318585}, {"l": "Onions", "v": 0.00095393632776404492}]}, {"source": 21, "prod": 9.0, "target": 5, "value": 0.0057167701797036664, "supply": [{"l": "Fruits, Other", "v": 0.0024680329410174421}, {"l": "Apples", "v": 0.0015160773780535715}, {"l": "Grapes", "v": 0.0017326598606326529}]}, {"source": 21, "prod": 5.0, "target": 0, "value": 0.0047809281746435048, "supply": [{"l": "Roots, Other", "v": 0.0030772425591719331}, {"l": "Potatoes", "v": 0.0017036856154715721}]}, {"source": 5, "prod": 589.0, "target": 22, "value": 0.42751496783542159, "supply": [{"l": "Bananas", "v": 0.42751496783542159}]}, {"source": 15, "prod": 1.0, "target": 22, "value": 0.00048980961444807696, "supply": [{"l": "Coffee", "v": 0.00048980961444807696}]}, {"source": 8, "prod": 1.0, "target": 22, "value": 0.0022166676636605821, "supply": [{"l": "Bovine Meat", "v": 0.0022166676636605821}]}, {"source": 4, "prod": 31.0, "target": 22, "value": 0.028123019953422427, "supply": [{"l": "Pelagic Fish", "v": 0.0099882744907058823}, {"l": "Fish, Seafood", "v": 0.013236649318235778}, {"l": "Crustaceans", "v": 0.0048980961444807687}]}, {"source": 13, "prod": 37.0, "target": 22, "value": 0.14846998561993288, "supply": [{"l": "Sugar", "v": 0.14846998561993288}]}, {"source": 2, "prod": 4.0, "target": 23, "value": 0.011657421681494428, "supply": [{"l": "Maize", "v": 0.0086574099086675731}, {"l": "Barley", "v": 0.0030000117728268549}]}, {"source": 24, "prod": 6.0, "target": 18, "value": 0.061717709781145602, "supply": [{"l": "Soyabean Oil", "v": 0.020430561458262036}, {"l": "Coconut Oil", "v": 0.04128714832288357}]}, {"source": 13, "prod": 3.0, "target": 23, "value": 0.012038106942156721, "supply": [{"l": "Sugar", "v": 0.012038106942156721}]}, {"source": 24, "prod": 3.0, "target": 2, "value": 0.012419458358177626, "supply": [{"l": "Rice", "v": 0.012419458358177626}]}, {"source": 1, "prod": 99.0, "target": 6, "value": 0.085702360609862346, "supply": [{"l": "Milk - Excluding Butter", "v": 0.085702360609862346}]}, {"source": 1, "prod": 7.0, "target": 16, "value": 0.010725201324149679, "supply": [{"l": "Eggs", "v": 0.010725201324149679}]}, {"source": 1, "prod": 52.0, "target": 8, "value": 0.10461307105789858, "supply": [{"l": "Poultry Meat", "v": 0.0088030299370852536}, {"l": "Bovine Meat", "v": 0.075366700564459779}, {"l": "Pigmeat", "v": 0.015262981244224719}, {"l": "Offals, Edible", "v": 0.0051803593121288131}]}, {"source": 1, "prod": 88.0, "target": 4, "value": 0.079282901208056242, "supply": [{"l": "Demersal Fish", "v": 0.0015530548750792683}, {"l": "Pelagic Fish", "v": 0.025969513675835297}, {"l": "Marine Fish, Other", "v": 0.0080347318458359636}, {"l": "Fish, Seafood", "v": 0.038827504666824955}, {"l": "Crustaceans", "v": 0.0048980961444807687}]}, {"source": 18, "prod": 83.0, "target": 13, "value": 0.32888254177232451, "supply": [{"l": "Sweeteners, Other", "v": 0.011879058962197533}, {"l": "Sugar non-centrifugal", "v": 0.012038106942156721}, {"l": "Sugar", "v": 0.30496537586797023}]}, {"source": 18, "prod": 7.0, "target": 14, "value": 0.071932990510276629, "supply": [{"l": "Coconut Oil", "v": 0.04128714832288357}, {"l": "Soyabean Oil", "v": 0.030645842187393052}]}, {"source": 18, "prod": 6.0, "target": 11, "value": 0.052877522941401342, "supply": [{"l": "Fats, Animals, Raw", "v": 0.035897456307201342}, {"l": "Butter, Ghee", "v": 0.0169800666342}]}, {"source": 18, "prod": 42.0, "target": 10, "value": 0.034720739407690542, "supply": [{"l": "Beer", "v": 0.014938475044750731}, {"l": "Beverages, Alcoholic", "v": 0.017209526994121625}, {"l": "Alcohol, Non-Food", "v": 0.002572737368818182}]}, {"source": 25, "prod": 0, "target": 17, "value": 1.7661856289741207e-05, "supply": "[{\"l\":'Energy for power irrigation',\"v\":1.7661856289741207e-05}]"}, {"source": 25, "prod": 0, "target": 9, "value": 3.1060505888855225e-05, "supply": "[{\"l\":'Energy for power irrigation',\"v\":3.1060505888855225e-05}]"}, {"source": 25, "prod": 0, "target": 3, "value": 0.00072413610787938946, "supply": "[{\"l\":'Energy for power irrigation',\"v\":0.00072413610787938946}]"}, {"source": 25, "prod": 0, "target": 0, "value": 3.4105653525017502e-05, "supply": "[{\"l\":'Energy for power irrigation',\"v\":3.4105653525017502e-05}]"}, {"source": 25, "prod": 0, "target": 12, "value": 4.8722362178596428e-06, "supply": "[{\"l\":'Energy for power irrigation',\"v\":4.8722362178596428e-06}]"}, {"source": 25, "prod": 0, "target": 5, "value": 0.00073540315413318986, "supply": "[{\"l\":'Energy for power irrigation',\"v\":0.00073540315413318986}]"}, {"source": 25, "prod": 0, "target": 2, "value": 0.00013977227649984852, "supply": "[{\"l\":'Energy for power irrigation',\"v\":0.00013977227649984852}]"}, {"source": 25, "prod": 0, "target": 15, "value": 3.3496623997785046e-06, "supply": "[{\"l\":'Energy for power irrigation',\"v\":3.3496623997785046e-06}]"}, {"source": 25, "prod": 0, "target": 18, "value": 0.0029518422025543254, "supply": "[{\"l\":'Electricity',\"v\":0.0029518422025543254}]"}, {"source": 26, "prod": 0, "target": 25, "value": 0.011128384329423891, "supply": [{"l": "Coal", "v": 0.0}, {"l": "Natural gas", "v": 0.0}, {"l": "Oil", "v": 0.011128384329423891}]}, {"source": 27, "prod": 0, "target": 25, "value": 0.00041341761020692738, "supply": [{"l": "Nuclear", "v": 0.0}, {"l": "Hydroelectric", "v": 0.00040427688797406452}, {"l": "Renewable", "v": 9.1407222328628748e-06}]}, {"source": 26, "prod": 0, "target": 17, "value": 0.003995029260520362, "supply": [{"l": "Motor Gasoline", "v": 0.00025715086391396141}, {"l": "Gas-Diesel oil", "v": 0.0029952561124064127}, {"l": "Fuel oil", "v": 0.00074262228419998784}]}, {"source": 26, "prod": 0, "target": 9, "value": 0.0070257411133289134, "supply": [{"l": "Motor Gasoline", "v": 0.0004522308296417942}, {"l": "Gas-Diesel oil", "v": 0.005267519370094037}, {"l": "Fuel oil", "v": 0.0013059909135930822}]}, {"source": 26, "prod": 0, "target": 3, "value": 0.16379619968133485, "supply": [{"l": "Motor Gasoline", "v": 0.010543185420472417}, {"l": "Gas-Diesel oil", "v": 0.12280550060866292}, {"l": "Fuel oil", "v": 0.030447513652199505}]}, {"source": 26, "prod": 0, "target": 0, "value": 0.0077145392616944919, "supply": [{"l": "Motor Gasoline", "v": 0.00049656718548902893}, {"l": "Gas-Diesel oil", "v": 0.0057839428377503147}, {"l": "Fuel oil", "v": 0.0014340292384551489}]}, {"source": 26, "prod": 0, "target": 12, "value": 0.0011020770373849275, "supply": [{"l": "Motor Gasoline", "v": 7.0938169355575561e-05}, {"l": "Gas-Diesel oil", "v": 0.00082627754825004491}, {"l": "Fuel oil", "v": 0.00020486131977930699}]}, {"source": 26, "prod": 0, "target": 5, "value": 0.16634475283028749, "supply": [{"l": "Motor Gasoline", "v": 0.010707229937107186}, {"l": "Gas-Diesel oil", "v": 0.12471626743899115}, {"l": "Fuel oil", "v": 0.03092125545418915}]}, {"source": 26, "prod": 0, "target": 2, "value": 0.031615835009980109, "supply": [{"l": "Motor Gasoline", "v": 0.0020350387333880737}, {"l": "Gas-Diesel oil", "v": 0.023703837165423163}, {"l": "Fuel oil", "v": 0.0058769591111688694}]}, {"source": 26, "prod": 0, "target": 15, "value": 0.00075767796320213763, "supply": [{"l": "Motor Gasoline", "v": 4.8769991431958191e-05}, {"l": "Gas-Diesel oil", "v": 0.00056806581442190587}, {"l": "Fuel oil", "v": 0.00014084215734827356}]}, {"source": 28, "prod": 0.20165735903440823, "target": 17, "value": 0.0029182414603301492, "supply": [{"l": "Potash", "v": 0.0064097222273500004}, {"l": "Phosphate", "v": 0.010520833341749998}, {"l": "Nitrogen", "v": 0.26236527798766995}]}, {"source": 28, "prod": 0.35463880381913171, "target": 9, "value": 0.0051320798095461249, "supply": [{"l": "Potash", "v": 0.0064097222273500004}, {"l": "Phosphate", "v": 0.010520833341749998}, {"l": "Nitrogen", "v": 0.26236527798766995}]}, {"source": 28, "prod": 8.2679517204107373, "target": 3, "value": 0.11964789987353612, "supply": [{"l": "Potash", "v": 0.0064097222273500004}, {"l": "Phosphate", "v": 0.010520833341749998}, {"l": "Nitrogen", "v": 0.26236527798766995}]}, {"source": 28, "prod": 0.38940731399747797, "target": 0, "value": 0.0056352248889133911, "supply": [{"l": "Potash", "v": 0.0064097222273500004}, {"l": "Phosphate", "v": 0.010520833341749998}, {"l": "Nitrogen", "v": 0.26236527798766995}]}, {"source": 28, "prod": 0.05562961628535399, "target": 12, "value": 0.00080503212698762735, "supply": [{"l": "Potash", "v": 0.0064097222273500004}, {"l": "Phosphate", "v": 0.010520833341749998}, {"l": "Nitrogen", "v": 0.26236527798766995}]}, {"source": 28, "prod": 8.3965952080706181, "target": 5, "value": 0.121509536667195, "supply": [{"l": "Potash", "v": 0.0064097222273500004}, {"l": "Phosphate", "v": 0.010520833341749998}, {"l": "Nitrogen", "v": 0.26236527798766995}]}, {"source": 28, "prod": 1.5958746171860927, "target": 2, "value": 0.023094359142957561, "supply": [{"l": "Potash", "v": 0.0064097222273500004}, {"l": "Phosphate", "v": 0.010520833341749998}, {"l": "Nitrogen", "v": 0.26236527798766995}]}, {"source": 28, "prod": 0.038245361196180869, "target": 15, "value": 0.00055345958730399381, "supply": [{"l": "Potash", "v": 0.0064097222273500004}, {"l": "Phosphate", "v": 0.010520833341749998}, {"l": "Nitrogen", "v": 0.26236527798766995}]}, {"source": 26, "prod": 0, "target": 28, "value": 0.33531299720123675, "supply": [{"l": "Natural gas (including LNG)", "v": 0.22628043442161996}, {"l": "Fuel oil", "v": 0.062653941308898106}, {"l": "Liquefied petroleum gas (LPG)", "v": 0.023189310735359354}, {"l": "Coal", "v": 0.023189310735359354}]}, {"source": 29, "prod": 0, "target": 9, "value": 0.0016988365452047891, "supply": "[{\"l\":'Labor',\"v\":0.0016988365452047891}]"}, {"source": 29, "prod": 0, "target": 3, "value": 0.03960620886761753, "supply": "[{\"l\":'Labor',\"v\":0.03960620886761753}]"}, {"source": 29, "prod": 0, "target": 0, "value": 0.0018653891476758467, "supply": "[{\"l\":'Labor',\"v\":0.0018653891476758467}]"}, {"source": 29, "prod": 0, "target": 12, "value": 0.00026648416395369241, "supply": "[{\"l\":'Labor',\"v\":0.00026648416395369241}]"}, {"source": 29, "prod": 0, "target": 5, "value": 0.040222453496760444, "supply": "[{\"l\":'Labor',\"v\":0.040222453496760444}]"}, {"source": 29, "prod": 0, "target": 2, "value": 0.0076447644534215512, "supply": "[{\"l\":'Labor',\"v\":0.0076447644534215512}]"}, {"source": 29, "prod": 0, "target": 15, "value": 0.00018320786271816352, "supply": "[{\"l\":'Labor',\"v\":0.00018320786271816352}]"}, {"source": 29, "prod": 0, "target": 17, "value": 0.00096600509433213491, "supply": "[{\"l\":'Labor',\"v\":0.00096600509433213491}]"}, {"source": 26, "prod": 0, "target": 21, "value": 0.45725385844387245, "supply": "[{\"l\":'Fossil Fuels',\"v\":0.45725385844387245}]"}, {"source": 27, "prod": 0, "target": 21, "value": 0.10432013394131823, "supply": "[{\"l\":'Renewables & Nuclear',\"v\":0.0023322190838886976},{\"l\":'Biomass & Waste',\"v\":0.10198791485742953}]"}]}