{"nodes": [{"layer": 13, "name": "Milk - Excluding Butter"}, {"layer": 10, "name": "Feed", "fill": "#dbdb8d"}, {"layer": 5, "name": "Oilcrops", "fill": "#ff9896"}, {"layer": 5, "name": "Vegetables"}, {"layer": 5, "name": "Sugar Crops", "fill": "#ffbb78"}, {"layer": 13, "name": "Animal Fats"}, {"layer": 5, "name": "Starchy Roots"}, {"layer": 5, "name": "Pulses"}, {"layer": 13, "name": "Fish, Seafood"}, {"layer": 5, "name": "Cereals - Excluding Beer"}, {"layer": 13, "name": "Meat"}, {"layer": 16, "name": "Food", "fill": "#b5cf6b"}, {"layer": 13, "name": "Sugar & Sweeteners"}, {"layer": 5, "name": "Treenuts"}, {"layer": 13, "name": "Alcoholic Beverages"}, {"layer": 5, "name": "Others"}, {"layer": 13, "name": "Vegetable Oils", "fill": "#f7b6d2"}, {"layer": 5, "name": "Spices"}, {"layer": 5, "name": "Stimulants"}, {"layer": 13, "name": "Eggs"}, {"layer": 5, "name": "Fruits - Excluding Wine"}, {"layer": 10, "name": "Processing", "fill": "#9edae5"}, {"layer": 16, "name": "Biofuels & Other", "fill": "#e7ba52"}, {"layer": 13, "name": "Aquatic Products, Other"}, {"name": "Waste", "fill": "#c7c7c7"}, {"layer": 2, "name": "Import", "fill": "#aec7e8"}, {"layer": 16, "name": "Export", "fill": "#aec7e8"}, {"layer": 16, "name": "Stock Deposit", "fill": "#c7c7c7"}, {"layer": 0, "name": "Stock Draw", "fill": "#c7c7c7"}, {"name": "Crop Residue", "fill": "#bd9e39"}, {"layer": 2, "name": "Electricity", "fill": "#bcbd22"}, {"layer": 0, "name": "Fossil Fuels", "fill": "#c49c94"}, {"layer": 0, "name": "Renewables & Nuclear", "fill": "#2ca02c"}, {"layer": 2, "name": "Fertilizers", "fill": "#c5b0d5"}, {"layer": 0, "name": "Labor", "fill": "#7f7f7f"}], "links": [{"source": 0, "prod": 1337.0, "target": 1, "value": 0.8429090008635669, "supply": [{"l": "Milk - Excluding Butter", "v": 0.8429090008635669}]}, {"source": 2, "prod": 1396.0, "target": 1, "value": 5.23989873919676, "supply": [{"l": "Soyabeans", "v": 0.20206279294698004}, {"l": "Sunflower seed", "v": 0.26968341124905887}, {"l": "Cottonseed", "v": 3.9928127276596768}, {"l": "Rape and Mustardseed", "v": 0.77533980734104435}]}, {"source": 3, "prod": 104.0, "target": 1, "value": 0.028424343326784896, "supply": [{"l": "Vegetables, Other", "v": 0.028424343326784896}]}, {"source": 4, "prod": 24.0, "target": 1, "value": 0.027893333280000002, "supply": [{"l": "Sugar beet", "v": 0.027893333280000002}]}, {"source": 5, "prod": 756.0, "target": 1, "value": 5.9186666690111061, "supply": [{"l": "Fats, Animals, Raw", "v": 5.8716931240189547}, {"l": "Fish, Body Oil", "v": 0.046973544992151645}]}, {"source": 6, "prod": 246.0, "target": 1, "value": 0.17133392738043612, "supply": [{"l": "Potatoes", "v": 0.15725289651305074}, {"l": "Sweet potatoes", "v": 0.014081030867385366}]}, {"source": 7, "prod": 13.0, "target": 1, "value": 0.047987144835782612, "supply": [{"l": "Pulses, Other", "v": 0.047987144835782612}]}, {"source": 8, "prod": 2210.0, "target": 1, "value": 2.0617614191982234, "supply": [{"l": "Fish, Seafood", "v": 0.77466719147627983}, {"l": "Pelagic Fish", "v": 1.2870942277219435}]}, {"source": 9, "prod": 152089.0, "target": 1, "value": 481.70227570112326, "supply": [{"l": "Maize", "v": 349.44360477067181}, {"l": "Oats", "v": 18.78383589214712}, {"l": "Rye", "v": 1.9272375629817}, {"l": "Barley", "v": 41.47506128834484}, {"l": "Sorghum", "v": 46.116119433191379}, {"l": "Cereals, Other", "v": 6.2893433860560215}, {"l": "Wheat", "v": 17.343453274231518}, {"l": "Millet", "v": 0.32362009349887061}]}, {"source": 10, "prod": 617.0, "target": 1, "value": 0.82492153909357169, "supply": [{"l": "Meat, Other", "v": 0.022640088845599999}, {"l": "Offals, Edible", "v": 0.80228145024797171}]}, {"source": 0, "prod": 60801.0, "target": 11, "value": 38.331869978687905, "supply": [{"l": "Milk - Excluding Butter", "v": 38.331869978687905}]}, {"source": 10, "prod": 28047.0, "target": 11, "value": 42.92057061348585, "supply": [{"l": "Pigmeat", "v": 14.963529186119446}, {"l": "Meat, Other", "v": 0.32686628270835}, {"l": "Mutton & Goat Meat", "v": 0.54706904824975355}, {"l": "Poultry Meat", "v": 11.577363863380453}, {"l": "Offals, Edible", "v": 0.54464364675735855}, {"l": "Bovine Meat", "v": 14.961098586270484}]}, {"source": 12, "prod": 14308.0, "target": 11, "value": 54.688058144361939, "supply": [{"l": "Sugar", "v": 37.548681237051966}, {"l": "Sweeteners, Other", "v": 16.593589051210685}, {"l": "Honey", "v": 0.54578785609928582}]}, {"source": 13, "prod": 549.0, "target": 11, "value": 1.7506209543992117, "supply": [{"l": "Treenuts", "v": 1.7506209543992117}]}, {"source": 3, "prod": 26211.0, "target": 11, "value": 6.7710804858951184, "supply": [{"l": "Tomatoes", "v": 1.4199387416080236}, {"l": "Vegetables, Other", "v": 4.8053538881878088}, {"l": "Onions", "v": 0.54578785609928571}]}, {"source": 14, "prod": 29545.0, "target": 11, "value": 19.438183440941554, "supply": [{"l": "Beer", "v": 12.449946864077578}, {"l": "Beverages, Alcoholic", "v": 5.2419931919804084}, {"l": "Wine", "v": 1.6373635682978573}, {"l": "Beverages, Fermented", "v": 0.10887981658570993}]}, {"source": 5, "prod": 1908.0, "target": 11, "value": 14.640582775355954, "supply": [{"l": "Fats, Animals, Raw", "v": 9.8252998275250505}, {"l": "Butter, Ghee", "v": 4.5940952377275073}, {"l": "Cream", "v": 0.22118771010339475}]}, {"source": 6, "prod": 14672.0, "target": 11, "value": 10.182504263454534, "supply": [{"l": "Roots, Other", "v": 0.02602783936629197}, {"l": "Potatoes", "v": 9.6095940340769967}, {"l": "Sweet potatoes", "v": 0.4365119568889464}, {"l": "Cassava", "v": 0.11037043312230001}]}, {"source": 7, "prod": 677.0, "target": 11, "value": 2.7209406347857388, "supply": [{"l": "Peas", "v": 0.21225083292749999}, {"l": "Beans", "v": 2.2945933095139779}, {"l": "Pulses, Other", "v": 0.2140964923442609}]}, {"source": 8, "prod": 9036.0, "target": 11, "value": 6.3001864096282647, "supply": [{"l": "Freshwater Fish", "v": 0.32649591212740275}, {"l": "Crustaceans", "v": 0.32710592074552625}, {"l": "Marine Fish, Other", "v": 0.060601272297920693}, {"l": "Demersal Fish", "v": 1.2016470834819128}, {"l": "Pelagic Fish", "v": 0.98308373592517684}, {"l": "Fish, Seafood", "v": 3.1673722815292602}, {"l": "Cephalopods", "v": 0.015565061081349999}, {"l": "Molluscs, Other", "v": 0.21831514243971434}]}, {"source": 15, "prod": 558.0, "target": 11, "value": 1.7610809543792116, "supply": [{"l": "Nuts", "v": 1.7506209543992117}, {"l": "Infant food", "v": 0.010459999980000001}]}, {"source": 9, "prod": 22269.0, "target": 11, "value": 70.001235025005641, "supply": [{"l": "Maize", "v": 6.1141453942757504}, {"l": "Rye", "v": 0.21649584958605}, {"l": "Barley", "v": 0.65922611638658835}, {"l": "Rice", "v": 5.2447847074605205}, {"l": "Cereals, Other", "v": 1.5263736157865397}, {"l": "Wheat", "v": 54.605877927968443}, {"l": "Oats", "v": 1.2032989528274423}, {"l": "Sorghum", "v": 0.43103246071430767}]}, {"source": 16, "prod": 5176.0, "target": 11, "value": 51.216728551438962, "supply": [{"l": "Maize Germ Oil", "v": 3.0464237196652943}, {"l": "Groundnut Oil", "v": 0.55957037771795459}, {"l": "Soyabean Oil", "v": 38.661475308777355}, {"l": "Palm Oil", "v": 1.4091939229007948}, {"l": "Sunflowerseed Oil", "v": 0.55185216561149997}, {"l": "Olive Oil", "v": 0.32898879103762502}, {"l": "Coconut Oil", "v": 1.6329620533293145}, {"l": "Rape and Mustard Oil", "v": 1.7546068855340002}, {"l": "Oilcrops Oil, Other", "v": 0.11037043312230001}, {"l": "Cottonseed Oil", "v": 2.6139011667192729}, {"l": "Palmkernel Oil", "v": 0.54738372702355265}]}, {"source": 17, "prod": 115.0, "target": 11, "value": 0.4344697211665749, "supply": [{"l": "Cloves", "v": 0.0032653974296538461}, {"l": "Pimento", "v": 0.21895349080942109}, {"l": "Pepper", "v": 0.10449271774892308}, {"l": "Spices, Other", "v": 0.10775811517857693}]}, {"source": 18, "prod": 1717.0, "target": 11, "value": 1.4105000678303523, "supply": [{"l": "Cocoa Beans", "v": 0.6555656407919831}, {"l": "Coffee", "v": 0.6544634954373777}, {"l": "Tea", "v": 0.10047093160099151}]}, {"source": 19, "prod": 3862.0, "target": 11, "value": 6.2256662032861154, "supply": [{"l": "Eggs", "v": 6.2256662032861154}]}, {"source": 20, "prod": 27759.0, "target": 11, "value": 11.687053383694055, "supply": [{"l": "Apples", "v": 2.0755226351143734}, {"l": "Grapes", "v": 1.0913755699704455}, {"l": "Dates", "v": 0.1114316872869375}, {"l": "Grapefruit", "v": 0.32747271365957148}, {"l": "Lemons, Limes", "v": 0.10935319410734792}, {"l": "Pineapples", "v": 0.43686579204495141}, {"l": "Bananas", "v": 1.7472345876956219}, {"l": "Fruits, Other", "v": 2.1835932684417489}, {"l": "Oranges, Mandarines", "v": 3.6042039353730559}]}, {"source": 2, "prod": 1549.0, "target": 11, "value": 8.3965449719293979, "supply": [{"l": "Olives", "v": 0.10884658098846155}, {"l": "Sunflower seed", "v": 0.33335866112730883}, {"l": "Coconuts - Incl Copra", "v": 0.3266817167666739}, {"l": "Sesame seed", "v": 0.21831514243971434}, {"l": "Groundnuts", "v": 7.0882031986068945}, {"l": "Oilcrops, Other", "v": 0.042450166585500007}, {"l": "Soyabeans", "v": 0.027734108835860007}, {"l": "Rape and Mustardseed", "v": 0.25095539657898536}]}, {"source": 2, "prod": 34835.0, "target": 21, "value": 138.08905068539116, "supply": [{"l": "Sunflower seed", "v": 3.2212185232526478}, {"l": "Olives", "v": 0.0021769316197692307}, {"l": "Soyabeans", "v": 113.8524787867533}, {"l": "Cottonseed", "v": 13.851239649986384}, {"l": "Rape and Mustardseed", "v": 3.5395947726438974}, {"l": "Groundnuts", "v": 0.99952815710246168}, {"l": "Oilcrops, Other", "v": 2.3468877812269291}, {"l": "Oil Palm", "v": 0.27592608280574948}]}, {"source": 3, "prod": 8.0, "target": 21, "value": 0.0021864879482142228, "supply": [{"l": "Vegetables, Other", "v": 0.0021864879482142228}]}, {"source": 4, "prod": 49904.0, "target": 21, "value": 39.048779724225831, "supply": [{"l": "Sugar beet", "v": 30.411868830740001}, {"l": "Sugar cane", "v": 8.6369108934858314}]}, {"source": 5, "prod": 31.0, "target": 21, "value": 0.2426966491261168, "supply": [{"l": "Fats, Animals, Raw", "v": 0.2426966491261168}]}, {"source": 7, "prod": 38.0, "target": 21, "value": 0.17923403669433335, "supply": [{"l": "Peas", "v": 0.17923403669433335}]}, {"source": 12, "prod": 20.0, "target": 21, "value": 0.076450536978625611, "supply": [{"l": "Sugar", "v": 0.076450536978625611}]}, {"source": 9, "prod": 16173.0, "target": 21, "value": 53.154955626981518, "supply": [{"l": "Maize", "v": 36.512208653057712}, {"l": "Rye", "v": 0.24196594953735001}, {"l": "Barley", "v": 14.10219504656537}, {"l": "Rice", "v": 1.7543530728787804}, {"l": "Sorghum", "v": 0.54423290494230758}]}, {"source": 20, "prod": 2352.0, "target": 21, "value": 1.6475708219322776, "supply": [{"l": "Grapes", "v": 1.6475708219322776}]}, {"source": 10, "prod": 3.0, "target": 21, "value": 0.0049959855566946718, "supply": [{"l": "Poultry Meat", "v": 0.0049959855566946718}]}, {"source": 0, "prod": 2867.0, "target": 22, "value": 1.8074944693162649, "supply": [{"l": "Milk - Excluding Butter", "v": 1.8074944693162649}]}, {"source": 10, "prod": 157.0, "target": 22, "value": 0.26568118802193441, "supply": [{"l": "Pigmeat", "v": 0.1215050352219345}, {"l": "Bovine Meat", "v": 0.020941842401531349}, {"l": "Poultry Meat", "v": 0.12323431039846856}]}, {"source": 12, "prod": 576.0, "target": 22, "value": 2.2017754649844172, "supply": [{"l": "Sugar", "v": 0.0038225268489312804}, {"l": "Sweeteners, Other", "v": 2.1979529381354861}]}, {"source": 3, "prod": 1.0, "target": 22, "value": 0.00027331099352677785, "supply": [{"l": "Vegetables, Other", "v": 0.00027331099352677785}]}, {"source": 5, "prod": 1508.0, "target": 22, "value": 11.806017641360778, "supply": [{"l": "Fats, Animals, Raw", "v": 11.665097006384324}, {"l": "Fish, Body Oil", "v": 0.12526278664573773}, {"l": "Fish, Liver Oil", "v": 0.015657848330717216}]}, {"source": 6, "prod": 720.0, "target": 22, "value": 0.49555575351325898, "supply": [{"l": "Potatoes", "v": 0.48961273019128898}, {"l": "Cassava", "v": 0.0059430233219700005}]}, {"source": 23, "prod": 159.0, "target": 22, "value": 0.12368273099086766, "supply": [{"l": "Aquatic Animals, Others", "v": 0.00077787881126331864}, {"l": "Aquatic Plants", "v": 0.060674547278538854}, {"l": "Aquatic Products, Other", "v": 0.062230304901065493}]}, {"source": 8, "prod": 24.0, "target": 22, "value": 0.024892313223666737, "supply": [{"l": "Pelagic Fish", "v": 0.0023295823126189023}, {"l": "Fish, Seafood", "v": 0.0084126753825478351}, {"l": "Cephalopods", "v": 0.014150055528500001}]}, {"source": 14, "prod": 248.0, "target": 22, "value": 0.18729583871635402, "supply": [{"l": "Alcohol, Non-Food", "v": 0.022761442642416328}, {"l": "Beer", "v": 0.00048704901275634067}, {"l": "Wine", "v": 0.16404734706118135}]}, {"source": 9, "prod": 5343.0, "target": 22, "value": 16.7143085515937, "supply": [{"l": "Maize", "v": 15.869645155994599}, {"l": "Rye", "v": 0.2377209328788}, {"l": "Barley", "v": 0.01123680880204412}, {"l": "Wheat", "v": 0.061176202025507997}, {"l": "Rice", "v": 0.53452945189275336}]}, {"source": 16, "prod": 1076.0, "target": 22, "value": 10.398643032131886, "supply": [{"l": "Coconut Oil", "v": 3.1118710827596372}, {"l": "Rape and Mustard Oil", "v": 0.44336840655966675}, {"l": "Maize Germ Oil", "v": 0.27967168573976475}, {"l": "Groundnut Oil", "v": 0.048238825665340906}, {"l": "Oilcrops Oil, Other", "v": 2.3432491955196002}, {"l": "Sesameseed Oil", "v": 0.019976548981411765}, {"l": "Soyabean Oil", "v": 3.0527400269284208}, {"l": "Cottonseed Oil", "v": 0.28814658530763637}, {"l": "Palm Oil", "v": 0.28578058576309823}, {"l": "Palmkernel Oil", "v": 0.32396179762618421}, {"l": "Sunflowerseed Oil", "v": 0.20163829128112501}]}, {"source": 20, "prod": 1.0, "target": 22, "value": 0.0005154847187067396, "supply": [{"l": "Fruits, Other", "v": 0.0005154847187067396}]}, {"source": 2, "prod": 24.0, "target": 22, "value": 0.14554342829314287, "supply": [{"l": "Oilcrops, Other", "v": 0.14554342829314287}]}, {"source": 2, "prod": 2127.0, "target": 2, "value": 8.6317111302834899, "supply": [{"l": "Soyabeans", "v": 7.1078558930761213}, {"l": "Sunflower seed", "v": 0.089894470416352956}, {"l": "Cottonseed", "v": 0.74162938093491193}, {"l": "Rape and Mustardseed", "v": 0.052438441076205891}, {"l": "Groundnuts", "v": 0.37306332624246813}, {"l": "Oilcrops, Other", "v": 0.26682961853742859}]}, {"source": 19, "prod": 381.0, "target": 19, "value": 0.61418405578767721, "supply": [{"l": "Eggs", "v": 0.61418405578767721}]}, {"source": 4, "prod": 1128.0, "target": 4, "value": 0.41043246778666287, "supply": [{"l": "Sugar cane", "v": 0.41043246778666287}]}, {"source": 6, "prod": 1396.0, "target": 6, "value": 0.96457193085535953, "supply": [{"l": "Potatoes", "v": 0.92978350165358392}, {"l": "Sweet potatoes", "v": 0.034788429201775613}]}, {"source": 7, "prod": 85.0, "target": 7, "value": 0.35366862321623271, "supply": [{"l": "Beans", "v": 0.23985295918264576}, {"l": "Peas", "v": 0.099050388699500017}, {"l": "Pulses, Other", "v": 0.014765275334086957}]}, {"source": 8, "prod": 100.0, "target": 8, "value": 0.073768147120802097, "supply": [{"l": "Molluscs, Other", "v": 0.0025989897909489803}, {"l": "Freshwater Fish", "v": 0.012820520109714769}, {"l": "Fish, Seafood", "v": 0.035052814093949315}, {"l": "Pelagic Fish", "v": 0.023295823126189025}]}, {"source": 9, "prod": 6551.0, "target": 9, "value": 20.458784738316329, "supply": [{"l": "Maize", "v": 1.5971393415203423}, {"l": "Oats", "v": 1.321034671263295}, {"l": "Rye", "v": 0.6155274154897501}, {"l": "Barley", "v": 3.0751400088260739}, {"l": "Rice", "v": 0.60762749659603588}, {"l": "Sorghum", "v": 0.33089360620492309}, {"l": "Cereals, Other", "v": 0.26936004984468348}, {"l": "Wheat", "v": 12.642062148571226}]}, {"source": 3, "prod": 10.0, "target": 3, "value": 0.0027331099352677786, "supply": [{"l": "Vegetables, Other", "v": 0.0027331099352677786}]}, {"source": 2, "prod": 1525.0, "target": 24, "value": 6.0431420416514889, "supply": [{"l": "Olives", "v": 0.0043538632395384615}, {"l": "Soyabeans", "v": 5.5824799071038207}, {"l": "Coconuts - Incl Copra", "v": 0.0096897119379945659}, {"l": "Sesame seed", "v": 0.012128619024428572}, {"l": "Rape and Mustardseed", "v": 0.30713944058920595}, {"l": "Oilcrops, Other", "v": 0.12735049975650004}]}, {"source": 13, "prod": 111.0, "target": 24, "value": 0.35395068476923947, "supply": [{"l": "Treenuts", "v": 0.35395068476923947}]}, {"source": 19, "prod": 99.0, "target": 24, "value": 0.15959113260624685, "supply": [{"l": "Eggs", "v": 0.15959113260624685}]}, {"source": 5, "prod": 39.0, "target": 24, "value": 0.30811004154774568, "supply": [{"l": "Fats, Animals, Raw", "v": 0.25835449745683403}, {"l": "Butter, Ghee", "v": 0.049755544090911631}]}, {"source": 6, "prod": 1427.0, "target": 24, "value": 0.9807617666266516, "supply": [{"l": "Potatoes", "v": 0.97579199102639791}, {"l": "Sweet potatoes", "v": 0.0049697756002536593}]}, {"source": 7, "prod": 5.0, "target": 24, "value": 0.021119787825276602, "supply": [{"l": "Beans", "v": 0.007995098639421527}, {"l": "Peas", "v": 0.0094333703523333343}, {"l": "Pulses, Other", "v": 0.0036913188335217393}]}, {"source": 12, "prod": 48.0, "target": 24, "value": 0.18348128874870145, "supply": [{"l": "Sugar", "v": 0.18348128874870145}]}, {"source": 15, "prod": 111.0, "target": 24, "value": 0.35395068476923947, "supply": [{"l": "Nuts", "v": 0.35395068476923947}]}, {"source": 9, "prod": 594.0, "target": 24, "value": 2.3039207298779592, "supply": [{"l": "Maize", "v": 0.73998733970054476}, {"l": "Oats", "v": 0.0019955206514551283}, {"l": "Rye", "v": 0.0339601332684}, {"l": "Barley", "v": 0.037456029340147065}, {"l": "Rice", "v": 1.3888628493623676}, {"l": "Cereals, Other", "v": 0.0042755563467410072}, {"l": "Wheat", "v": 0.073411442430609597}, {"l": "Millet", "v": 0.023971858777694116}]}, {"source": 16, "prod": 9.0, "target": 24, "value": 0.088768662282407068, "supply": [{"l": "Maize Germ Oil", "v": 0.0099882744907058823}, {"l": "Soyabean Oil", "v": 0.078780387791701184}]}, {"source": 3, "prod": 1534.0, "target": 24, "value": 0.40031113982271083, "supply": [{"l": "Tomatoes", "v": 0.072374054506426241}, {"l": "Vegetables, Other", "v": 0.29517587300892006}, {"l": "Onions", "v": 0.032761212307364534}]}, {"source": 20, "prod": 1148.0, "target": 24, "value": 0.5431829521805096, "supply": [{"l": "Grapes", "v": 0.096668696184802005}, {"l": "Dates", "v": 0.0053062708231875}, {"l": "Grapefruit", "v": 0.026165110704385236}, {"l": "Fruits, Other", "v": 0.12165439361479054}, {"l": "Lemons, Limes", "v": 0.011346127474465437}, {"l": "Bananas", "v": 0.094175159483798329}, {"l": "Apples", "v": 0.10870444194764561}, {"l": "Oranges, Mandarines", "v": 0.065562213138488354}, {"l": "Pineapples", "v": 0.013600538808946601}]}, {"source": 10, "prod": 81.0, "target": 24, "value": 0.14911981595419233, "supply": [{"l": "Pigmeat", "v": 0.14911981595419233}]}, {"source": 25, "prod": 241.0, "target": 15, "value": 0.74619577322112696, "supply": [{"l": "Infant food", "v": 0.012784444420000001}, {"l": "Nuts", "v": 0.73341132880112692}]}, {"source": 25, "prod": 8953.0, "target": 1, "value": 7.251548990433017, "supply": [{"l": "Pigmeat", "v": 0.4712922578305338}, {"l": "Meat, Other", "v": 0.028300111057000001}, {"l": "Crustaceans", "v": 0.1566205742973085}, {"l": "Marine Fish, Other", "v": 0.00087827930866551734}, {"l": "Demersal Fish", "v": 0.73286765091444428}, {"l": "Mutton & Goat Meat", "v": 0.074736208777288746}, {"l": "Freshwater Fish", "v": 0.047863275076268454}, {"l": "Poultry Meat", "v": 0.028310584821269802}, {"l": "Milk - Excluding Butter", "v": 2.1271316147447079}, {"l": "Fish, Seafood", "v": 1.5051678371941835}, {"l": "Pelagic Fish", "v": 0.83399046791756704}, {"l": "Molluscs, Other", "v": 0.046262018278891842}, {"l": "Offals, Edible", "v": 0.010679287191320753}, {"l": "Bovine Meat", "v": 1.1616563167437683}, {"l": "Eggs", "v": 0.02579250627979747}]}, {"source": 25, "prod": 2012.0, "target": 9, "value": 6.5612944503417641, "supply": [{"l": "Maize", "v": 4.285760009098988}, {"l": "Rye", "v": 0.00424501665855}, {"l": "Barley", "v": 0.74912058680294125}, {"l": "Rice", "v": 0.49341180174715693}, {"l": "Cereals, Other", "v": 0.29928894427187047}, {"l": "Wheat", "v": 0.70352632329334197}, {"l": "Oats", "v": 0.02594176846891667}]}, {"source": 25, "prod": 61.0, "target": 7, "value": 0.24675464026026928, "supply": [{"l": "Peas", "v": 0.047166851761666677}, {"l": "Beans", "v": 0.14790932482929822}, {"l": "Pulses, Other", "v": 0.051678463669304356}]}, {"source": 25, "prod": 8125.0, "target": 21, "value": 32.761813298388439, "supply": [{"l": "Sugar", "v": 21.008607561726318}, {"l": "Maize Germ Oil", "v": 0.15981239185129412}, {"l": "Beer", "v": 0.3199912013809158}, {"l": "Groundnut Oil", "v": 0.038591060532272729}, {"l": "Beverages, Alcoholic", "v": 1.1973923449559398}, {"l": "Fats, Animals, Raw", "v": 0.23486772496075822}, {"l": "Soyabean Oil", "v": 0.15756077558340237}, {"l": "Butter, Ghee", "v": 0.008292590681818604}, {"l": "Palm Oil", "v": 1.5570114672610182}, {"l": "Olive Oil", "v": 0.32898879103762502}, {"l": "Coconut Oil", "v": 4.888615958394678}, {"l": "Rape and Mustard Oil", "v": 0.075466962818666675}, {"l": "Oilcrops Oil, Other", "v": 0.92541363156390011}, {"l": "Wine", "v": 0.42838904374744513}, {"l": "Sweeteners, Other", "v": 0.28286698682091471}, {"l": "Sesameseed Oil", "v": 0.019976548981411765}, {"l": "Beverages, Fermented", "v": 0.0051847531707480913}, {"l": "Fish, Body Oil", "v": 0.070460317488227467}, {"l": "Fish, Liver Oil", "v": 0.015657848330717216}, {"l": "Honey", "v": 0.13644696402482145}, {"l": "Cottonseed Oil", "v": 0.030872848425818181}, {"l": "Palmkernel Oil", "v": 0.87134552464973691}]}, {"source": 25, "prod": 230.0, "target": 13, "value": 0.73341132880112692, "supply": [{"l": "Treenuts", "v": 0.73341132880112692}]}, {"source": 25, "prod": 2718.0, "target": 3, "value": 0.70264236271592129, "supply": [{"l": "Tomatoes", "v": 0.14032525012634867}, {"l": "Vegetables, Other", "v": 0.51491791180444946}, {"l": "Onions", "v": 0.047399200785123156}]}, {"source": 25, "prod": 1840.0, "target": 18, "value": 1.5513350764036338, "supply": [{"l": "Cocoa Beans", "v": 0.76699732807892063}, {"l": "Coffee", "v": 0.6758291421956425}, {"l": "Tea", "v": 0.10850860612907082}]}, {"source": 25, "prod": 9433.0, "target": 20, "value": 4.4695361294951494, "supply": [{"l": "Apples", "v": 0.16108533884469764}, {"l": "Grapes", "v": 0.20174336595089112}, {"l": "Dates", "v": 0.0424501665855}, {"l": "Grapefruit", "v": 0.026369525631763247}, {"l": "Pineapples", "v": 0.22832419697443687}, {"l": "Lemons, Limes", "v": 0.033451513760923958}, {"l": "Bananas", "v": 1.9933742090737312}, {"l": "Fruits, Other", "v": 0.65930495522591992}, {"l": "Oranges, Mandarines", "v": 1.1234328574472852}]}, {"source": 25, "prod": 1139.0, "target": 2, "value": 4.6546505648932897, "supply": [{"l": "Olives", "v": 0.074015675072153841}, {"l": "Sunflower seed", "v": 0.13484170562452943}, {"l": "Coconuts - Incl Copra", "v": 0.33637142870466852}, {"l": "Sesame seed", "v": 0.23044376146414292}, {"l": "Groundnuts", "v": 1.4077861367640307}, {"l": "Oilcrops, Other", "v": 0.81868178414892867}, {"l": "Soyabeans", "v": 1.5214139704243201}, {"l": "Rape and Mustardseed", "v": 0.13109610269051472}]}, {"source": 25, "prod": 89.0, "target": 17, "value": 0.30625990629700806, "supply": [{"l": "Cloves", "v": 0.0032653974296538461}, {"l": "Pimento", "v": 0.058089701643315797}, {"l": "Pepper", "v": 0.11102351260823076}, {"l": "Spices, Other", "v": 0.13388129461580769}]}, {"source": 25, "prod": 741.0, "target": 6, "value": 0.5480898273831466, "supply": [{"l": "Roots, Other", "v": 0.034703785821722628}, {"l": "Potatoes", "v": 0.38798203724835667}, {"l": "Sweet potatoes", "v": 0.0099395512005073187}, {"l": "Cassava", "v": 0.11546445311255998}]}, {"source": 0, "prod": 2932.0, "target": 26, "value": 1.8484735905250398, "supply": [{"l": "Milk - Excluding Butter", "v": 1.8484735905250398}]}, {"source": 10, "prod": 1180.0, "target": 26, "value": 1.8143043243323707, "supply": [{"l": "Pigmeat", "v": 0.43815452095182428}, {"l": "Meat, Other", "v": 0.093390366488100007}, {"l": "Mutton & Goat Meat", "v": 0.0029894483510915499}, {"l": "Poultry Meat", "v": 0.66280075052149312}, {"l": "Offals, Edible", "v": 0.38044960619080187}, {"l": "Bovine Meat", "v": 0.23651963182906}]}, {"source": 12, "prod": 1371.0, "target": 26, "value": 5.2402963090392181, "supply": [{"l": "Sugar", "v": 4.5029366280410486}, {"l": "Sweeteners, Other", "v": 0.69187735965656172}, {"l": "Honey", "v": 0.045482321341607151}]}, {"source": 13, "prod": 266.0, "target": 26, "value": 0.8482061454830423, "supply": [{"l": "Treenuts", "v": 0.8482061454830423}]}, {"source": 3, "prod": 1527.0, "target": 26, "value": 0.42025552906942731, "supply": [{"l": "Tomatoes", "v": 0.034377675890552462}, {"l": "Vegetables, Other", "v": 0.31512757553637483}, {"l": "Onions", "v": 0.070750277642500012}]}, {"source": 14, "prod": 520.0, "target": 26, "value": 0.82613843164425482, "supply": [{"l": "Beer", "v": 0.13734782159728806}, {"l": "Beverages, Alcoholic", "v": 0.65652478004686476}, {"l": "Wine", "v": 0.030321547561071437}, {"l": "Beverages, Fermented", "v": 0.001944282439030534}]}, {"source": 4, "prod": 7.0, "target": 26, "value": 0.0081355555400000005, "supply": [{"l": "Sugar beet", "v": 0.0081355555400000005}]}, {"source": 5, "prod": 2357.0, "target": 26, "value": 18.477812249639076, "supply": [{"l": "Fats, Animals, Raw", "v": 17.114028225473916}, {"l": "Butter, Ghee", "v": 0.44779989681820459}, {"l": "Fish, Body Oil", "v": 0.90815520318159837}, {"l": "Fish, Liver Oil", "v": 0.007828924165358608}]}, {"source": 6, "prod": 780.0, "target": 26, "value": 0.54059576302281809, "supply": [{"l": "Roots, Other", "v": 0.011154788299839418}, {"l": "Potatoes", "v": 0.52944097472297869}]}, {"source": 7, "prod": 1141.0, "target": 26, "value": 4.664831986394133, "supply": [{"l": "Peas", "v": 0.85843670206233336}, {"l": "Beans", "v": 3.4778679081483643}, {"l": "Pulses, Other", "v": 0.3285273761834348}]}, {"source": 8, "prod": 3557.0, "target": 26, "value": 2.8831744202643224, "supply": [{"l": "Freshwater Fish", "v": 0.22564115393097989}, {"l": "Crustaceans", "v": 0.074458961551179439}, {"l": "Demersal Fish", "v": 0.78952325485047359}, {"l": "Pelagic Fish", "v": 0.51134331761984908}, {"l": "Fish, Seafood", "v": 1.2471791254627167}, {"l": "Cephalopods", "v": 0.026885105504150002}, {"l": "Molluscs, Other", "v": 0.0081435013449734708}]}, {"source": 15, "prod": 467.0, "target": 26, "value": 1.0838393343908734, "supply": [{"l": "Nuts", "v": 0.85139489039087335}, {"l": "Infant food", "v": 0.23244444400000003}]}, {"source": 9, "prod": 137223.0, "target": 26, "value": 441.31687539889691, "supply": [{"l": "Maize", "v": 173.77677688692668}, {"l": "Rye", "v": 2.3899443787636501}, {"l": "Barley", "v": 26.934630698499749}, {"l": "Rice", "v": 12.878961751159588}, {"l": "Cereals, Other", "v": 0.6156801139307051}, {"l": "Wheat", "v": 189.15987547297198}, {"l": "Oats", "v": 0.49488912156087189}, {"l": "Sorghum", "v": 34.970229539972927}, {"l": "Millet", "v": 0.095887435110776464}]}, {"source": 16, "prod": 1869.0, "target": 26, "value": 18.545071517509566, "supply": [{"l": "Maize Germ Oil", "v": 0.82902678272858832}, {"l": "Groundnut Oil", "v": 0.19295530266136363}, {"l": "Soyabean Oil", "v": 8.8037083357226091}, {"l": "Sunflowerseed Oil", "v": 2.7274232031183749}, {"l": "Coconut Oil", "v": 0.14378282230572581}, {"l": "Rape and Mustard Oil", "v": 1.8017737372956668}, {"l": "Oilcrops Oil, Other", "v": 0.81504319844160011}, {"l": "Cottonseed Oil", "v": 3.2313581352356362}]}, {"source": 17, "prod": 10.0, "target": 26, "value": 0.032653974296538463, "supply": [{"l": "Pepper", "v": 0.0032653974296538461}, {"l": "Spices, Other", "v": 0.029388576866884616}]}, {"source": 18, "prod": 134.0, "target": 26, "value": 0.10985354292411113, "supply": [{"l": "Cocoa Beans", "v": 0.053545096488528419}, {"l": "Coffee", "v": 0.052289609171543051}, {"l": "Tea", "v": 0.0040188372640396599}]}, {"source": 19, "prod": 151.0, "target": 26, "value": 0.24341677801558861, "supply": [{"l": "Eggs", "v": 0.24341677801558861}]}, {"source": 20, "prod": 4743.0, "target": 26, "value": 1.8349841551132045, "supply": [{"l": "Grapes", "v": 0.24937721624485154}, {"l": "Dates", "v": 0.031837624939125002}, {"l": "Lemons, Limes", "v": 0.13243669483126036}, {"l": "Pineapples", "v": 0.016073364046936892}, {"l": "Bananas", "v": 0.15481825460594117}, {"l": "Citrus, Other", "v": 0.010459999980000001}, {"l": "Fruits, Other", "v": 0.48661757445916215}, {"l": "Grapefruit", "v": 0.18458667942234272}, {"l": "Oranges, Mandarines", "v": 0.33897668277716247}, {"l": "Apples", "v": 0.22980006380642182}]}, {"source": 2, "prod": 26120.0, "target": 26, "value": 104.661201737506, "supply": [{"l": "Olives", "v": 0.0021769316197692307}, {"l": "Sunflower seed", "v": 6.7645588988305603}, {"l": "Cottonseed", "v": 0.093640073350367656}, {"l": "Groundnuts", "v": 1.0839953253083037}, {"l": "Oilcrops, Other", "v": 4.0994732302568577}, {"l": "Soyabeans", "v": 87.085101744600422}, {"l": "Rape and Mustardseed", "v": 5.5322555335397219}]}, {"source": 14, "prod": 16.0, "target": 27, "value": 0.051512290985310599, "supply": [{"l": "Beer", "v": 0.00048704901275634067}, {"l": "Beverages, Alcoholic", "v": 0.051025241972554258}]}, {"source": 28, "prod": 1696.0, "target": 2, "value": 6.8974386219658435, "supply": [{"l": "Sunflower seed", "v": 2.4795891423177356}, {"l": "Oilcrops, Other", "v": 1.4251127353703574}, {"l": "Rape and Mustardseed", "v": 2.9927367442777508}]}, {"source": 10, "prod": 25.0, "target": 27, "value": 0.041633212972455598, "supply": [{"l": "Poultry Meat", "v": 0.041633212972455598}]}, {"source": 7, "prod": 91.0, "target": 27, "value": 0.36071468323178918, "supply": [{"l": "Beans", "v": 0.32380149489657178}, {"l": "Pulses, Other", "v": 0.036913188335217402}]}, {"source": 28, "prod": 55.0, "target": 18, "value": 0.030923962413278151, "supply": [{"l": "Coffee", "v": 0.030923962413278151}]}, {"source": 0, "prod": 3163.0, "target": 27, "value": 1.9941070828208394, "supply": [{"l": "Milk - Excluding Butter", "v": 1.9941070828208394}]}, {"source": 9, "prod": 41475.0, "target": 27, "value": 133.77224639649509, "supply": [{"l": "Maize", "v": 76.675021515304778}, {"l": "Rye", "v": 0.22074086624460001}, {"l": "Barley", "v": 4.4759955061475738}, {"l": "Rice", "v": 3.3442355451751751}, {"l": "Cereals, Other", "v": 0.029928894427187051}, {"l": "Wheat", "v": 34.558436524209469}, {"l": "Sorghum", "v": 14.467887544986308}]}, {"source": 28, "prod": 67.0, "target": 20, "value": 0.037736775183897703, "supply": [{"l": "Apples", "v": 0.037736775183897703}]}, {"source": 8, "prod": 3.0, "target": 27, "value": 0.00424501665855, "supply": [{"l": "Cephalopods", "v": 0.00424501665855}]}, {"source": 28, "prod": 117.0, "target": 1, "value": 0.15859306698345549, "supply": [{"l": "Eggs", "v": 0.0016120316424873419}, {"l": "Demersal Fish", "v": 0.007310400507874756}, {"l": "Pigmeat", "v": 0.075480400668171424}, {"l": "Freshwater Fish", "v": 0.00085470134064765117}, {"l": "Fish, Seafood", "v": 0.0098147879463058082}, {"l": "Pelagic Fish", "v": 0.0093183292504756092}, {"l": "Bovine Meat", "v": 0.054202415627492909}]}, {"source": 5, "prod": 61.0, "target": 27, "value": 0.50584803159093494, "supply": [{"l": "Butter, Ghee", "v": 0.50584803159093494}]}, {"source": 16, "prod": 156.0, "target": 27, "value": 1.5377475482829979, "supply": [{"l": "Soyabean Oil", "v": 1.5165224649902478}, {"l": "Sunflowerseed Oil", "v": 0.02122508329275}]}, {"source": 2, "prod": 2375.0, "target": 27, "value": 9.5685779832633973, "supply": [{"l": "Cottonseed", "v": 3.056411994156}, {"l": "Groundnuts", "v": 0.7672434445363967}, {"l": "Soyabeans", "v": 5.7449225445710006}]}, {"source": 18, "prod": 44.0, "target": 27, "value": 0.06190542806244876, "supply": [{"l": "Cocoa Beans", "v": 0.057886590798409097}, {"l": "Tea", "v": 0.0040188372640396599}]}, {"source": 28, "prod": 20.0, "target": 7, "value": 0.094333703523333354, "supply": [{"l": "Peas", "v": 0.094333703523333354}]}, {"source": 12, "prod": 210.0, "target": 27, "value": 0.80273063827556901, "supply": [{"l": "Sugar", "v": 0.80273063827556901}]}, {"source": 28, "prod": 361.0, "target": 21, "value": 1.8470640683812105, "supply": [{"l": "Groundnut Oil", "v": 0.15436424212909092}, {"l": "Honey", "v": 0.0075803868902678583}, {"l": "Fats, Animals, Raw", "v": 0.062631393322868864}, {"l": "Palm Oil", "v": 0.14781754436022324}, {"l": "Rape and Mustard Oil", "v": 0.32073459197933341}, {"l": "Wine", "v": 0.10107182520357144}, {"l": "Sweeteners, Other", "v": 0.28286698682091471}, {"l": "Fish, Body Oil", "v": 0.23486772496075822}, {"l": "Cottonseed Oil", "v": 0.53512937271418182}]}, {"source": 6, "prod": 180.0, "target": 27, "value": 0.12360489682248529, "supply": [{"l": "Potatoes", "v": 0.12360489682248529}]}, {"source": 28, "prod": 329.0, "target": 9, "value": 0.65652629432873721, "supply": [{"l": "Oats", "v": 0.65652629432873721}]}, {"source": 1, "prod": 71100.0, "target": 0, "value": 44.824854122213615, "supply": [{"l": "Milk - Excluding Butter", "v": 44.824854122213615}]}, {"source": 1, "prod": 4112.0, "target": 19, "value": 6.6286741139079508, "supply": [{"l": "Eggs", "v": 7.2428581696956282}]}, {"source": 1, "prod": 30110.0, "target": 10, "value": 46.021226679417076, "supply": [{"l": "Pigmeat", "v": 15.672308558247398}, {"l": "Bovine Meat", "v": 15.218560060501076}, {"l": "Poultry Meat", "v": 12.410028122829564}, {"l": "Offals, Edible", "v": 1.727374703196132}, {"l": "Meat, Other", "v": 0.44289673804204999}, {"l": "Mutton & Goat Meat", "v": 0.55005849660084505}]}, {"source": 1, "prod": 14830.0, "target": 8, "value": 11.274259578973025, "supply": [{"l": "Pelagic Fish", "v": 2.8071466867057775}, {"l": "Crustaceans", "v": 0.40156488229670567}, {"l": "Freshwater Fish", "v": 0.56495758616809744}, {"l": "Molluscs, Other", "v": 0.22905763357563677}, {"l": "Demersal Fish", "v": 1.9911703383323864}, {"l": "Fish, Seafood", "v": 5.2326840879447545}, {"l": "Marine Fish, Other", "v": 0.060601272297920693}, {"l": "Cephalopods", "v": 0.060845238772550006}]}, {"source": 1, "prod": 159.0, "target": 23, "value": 0.12368273099086766, "supply": [{"l": "Aquatic Plants", "v": 0.060674547278538854}, {"l": "Aquatic Animals, Others", "v": 0.00077787881126331864}, {"l": "Aquatic Products, Other", "v": 0.062230304901065493}]}, {"source": 21, "prod": 16533.0, "target": 12, "value": 63.192792382388468, "supply": [{"l": "Honey", "v": 0.59127017744089294}, {"l": "Sweeteners, Other", "v": 19.483419349002734}, {"l": "Sugar", "v": 43.118102855944841}]}, {"source": 21, "prod": 8286.0, "target": 16, "value": 81.786959311645816, "supply": [{"l": "Olive Oil", "v": 0.32898879103762502}, {"l": "Sesameseed Oil", "v": 0.019976548981411765}, {"l": "Soyabean Oil", "v": 52.113226524210333}, {"l": "Coconut Oil", "v": 4.8886159583946771}, {"l": "Cottonseed Oil", "v": 6.1334058872625459}, {"l": "Rape and Mustard Oil", "v": 3.9997490293893341}, {"l": "Maize Germ Oil", "v": 4.1651104626243534}, {"l": "Groundnut Oil", "v": 0.8007645060446591}, {"l": "Palm Oil", "v": 1.694974508663893}, {"l": "Palmkernel Oil", "v": 0.8713455246497368}, {"l": "Oilcrops Oil, Other", "v": 3.2686628270835003}, {"l": "Sunflowerseed Oil", "v": 3.5021387433037496}]}, {"source": 21, "prod": 30329.0, "target": 14, "value": 20.503130002287474, "supply": [{"l": "Beer", "v": 12.588268783700379}, {"l": "Beverages, Alcoholic", "v": 5.949543213999827}, {"l": "Alcohol, Non-Food", "v": 0.022761442642416328}, {"l": "Beverages, Fermented", "v": 0.11082409902474047}, {"l": "Wine", "v": 1.8317324629201102}]}, {"source": 21, "prod": 6660.0, "target": 5, "value": 51.899734057631711, "supply": [{"l": "Fats, Animals, Raw", "v": 44.977169329985195}, {"l": "Fish, Body Oil", "v": 1.0803915348194877}, {"l": "Butter, Ghee", "v": 5.5974987102275575}, {"l": "Fish, Liver Oil", "v": 0.023486772496075822}, {"l": "Cream", "v": 0.22118771010339475}]}, {"source": 2, "prod": 68445.5, "target": 29, "value": 255.60032228539148, "supply": [{"l": "Coconuts - Incl Copra", "v": 0.42362999918999994}, {"l": "Sesame seed", "v": 0.066246666540000013}, {"l": "Groundnuts", "v": 4.7575566575700003}, {"l": "Oilcrops, Other", "v": 5.3712930056028583}, {"l": "Soyabeans", "v": 203.71322598086135}, {"l": "Sunflower seed", "v": 8.7218966499900006}, {"l": "Cottonseed", "v": 20.233126627980006}, {"l": "Olives", "v": 0.25975666617000004}, {"l": "Rape and Mustardseed", "v": 8.2808333175000008}]}, {"source": 3, "prod": 28033.5, "target": 29, "value": 92.786457791518259, "supply": [{"l": "Onions", "v": 6.258566654700001}, {"l": "Vegetables, Other", "v": 66.225746540040006}, {"l": "Tomatoes", "v": 25.25915661837}]}, {"source": 4, "prod": 20424.800000000003, "target": 29, "value": 15.797791216174852, "supply": [{"l": "Sugar beet", "v": 12.178926643380002}, {"l": "Sugar cane", "v": 3.6188645727948514}]}, {"source": 6, "prod": 9525.5, "target": 29, "value": 27.751807111631532, "supply": [{"l": "Roots, Other", "v": 0.043042518165875926}, {"l": "Potatoes", "v": 32.041594938735003}, {"l": "Sweet potatoes", "v": 1.0224649980450002}, {"l": "Cassava", "v": 0.11941833310500002}]}, {"source": 7, "prod": 2007.5, "target": 29, "value": 7.1263796988193997, "supply": [{"l": "Pulses, Other", "v": 0.57878666555999991}, {"l": "Beans", "v": 5.4688366562100015}, {"l": "Peas", "v": 0.95185999818000011}]}, {"source": 9, "prod": 761061.0, "target": 29, "value": 2121.9424991646842, "supply": [{"l": "Sorghum", "v": 155.13574637004004}, {"l": "Rice", "v": 38.932119925560002}, {"l": "Wheat", "v": 702.37505199036002}, {"l": "Oats", "v": 75.001686523259991}, {"l": "Maize", "v": 1489.5005104853401}, {"l": "Barley", "v": 168.29093967822001}, {"l": "Cereals, Other", "v": 13.89785330676}, {"l": "Rye", "v": 9.661553314859999}, {"l": "Millet", "v": 0.77055333185999997}]}, {"source": 30, "prod": 0, "target": 2, "value": 0.0011295782845265083, "supply": "[{\"l\":'Energy for power irrigation',\"v\":0.0011295782845265083}]"}, {"source": 30, "prod": 0, "target": 13, "value": 1.3371497635413521e-05, "supply": "[{\"l\":'Energy for power irrigation',\"v\":1.3371497635413521e-05}]"}, {"source": 30, "prod": 0, "target": 3, "value": 0.00046220700241968556, "supply": "[{\"l\":'Energy for power irrigation',\"v\":0.00046220700241968556}]"}, {"source": 30, "prod": 0, "target": 4, "value": 0.00084189323336557992, "supply": "[{\"l\":'Energy for power irrigation',\"v\":0.00084189323336557992}]"}, {"source": 30, "prod": 0, "target": 6, "value": 0.00031410653693250679, "supply": "[{\"l\":'Energy for power irrigation',\"v\":0.00031410653693250679}]"}, {"source": 30, "prod": 0, "target": 7, "value": 3.3098990755971202e-05, "supply": "[{\"l\":'Energy for power irrigation',\"v\":3.3098990755971202e-05}]"}, {"source": 30, "prod": 0, "target": 15, "value": 1.5102702631367184e-05, "supply": "[{\"l\":'Energy for power irrigation',\"v\":1.5102702631367184e-05}]"}, {"source": 30, "prod": 0, "target": 9, "value": 0.0062740600258356658, "supply": "[{\"l\":'Energy for power irrigation',\"v\":0.0062740600258356658}]"}, {"source": 30, "prod": 0, "target": 17, "value": 1.3272571635644743e-06, "supply": "[{\"l\":'Energy for power irrigation',\"v\":1.3272571635644743e-06}]"}, {"source": 30, "prod": 0, "target": 18, "value": 1.5630307963467347e-05, "supply": "[{\"l\":'Energy for power irrigation',\"v\":1.5630307963467347e-05}]"}, {"source": 30, "prod": 0, "target": 20, "value": 0.0005151241684626691, "supply": "[{\"l\":'Energy for power irrigation',\"v\":0.0005151241684626691}]"}, {"source": 30, "prod": 0, "target": 21, "value": 7.8400000062719997, "supply": "[{\"l\":'Electricity',\"v\":7.8400000062719997}]"}, {"source": 31, "prod": 0, "target": 30, "value": 13.641424393643351, "supply": [{"l": "Coal", "v": 9.616273860647139}, {"l": "Natural gas", "v": 2.336010673225394}, {"l": "Oil", "v": 1.6891398597708196}]}, {"source": 32, "prod": 0, "target": 30, "value": 2.4061907509629696, "supply": [{"l": "Nuclear", "v": 0.9136448916181884}, {"l": "Hydroelectric", "v": 1.4694507856337571}, {"l": "Renewable", "v": 0.023095073711023963}]}, {"source": 31, "prod": 0, "target": 2, "value": 25.521114659445125, "supply": [{"l": "Motor Gasoline", "v": 8.9814621000268531}, {"l": "Gas-Diesel oil", "v": 15.38856987258117}, {"l": "Natural gas (including LNG)", "v": 0.45136402543262499}, {"l": "Fuel oil", "v": 0.029003206029823387}, {"l": "Liquefied petroleum gas (LPG)", "v": 0.20682731824732967}, {"l": "Coal", "v": 0.46388813712732152}]}, {"source": 31, "prod": 0, "target": 13, "value": 0.30210878608111158, "supply": [{"l": "Motor Gasoline", "v": 0.1063189695465918}, {"l": "Gas-Diesel oil", "v": 0.18216375835329371}, {"l": "Natural gas (including LNG)", "v": 0.0053430674805447177}, {"l": "Fuel oil", "v": 0.00034332839623396074}, {"l": "Liquefied petroleum gas (LPG)", "v": 0.0024483393800743586}, {"l": "Coal", "v": 0.005491322924373019}]}, {"source": 31, "prod": 0, "target": 3, "value": 10.442868871276008, "supply": [{"l": "Motor Gasoline", "v": 3.6750836409178564}, {"l": "Gas-Diesel oil", "v": 6.2967789393305296}, {"l": "Natural gas (including LNG)", "v": 0.18469159336109783}, {"l": "Fuel oil", "v": 0.011867690007182168}, {"l": "Liquefied petroleum gas (LPG)", "v": 0.084630729976959973}, {"l": "Coal", "v": 0.18981627768238105}]}, {"source": 31, "prod": 0, "target": 4, "value": 19.021305591706192, "supply": [{"l": "Motor Gasoline", "v": 6.6940311010950317}, {"l": "Gas-Diesel oil", "v": 11.469353673287156}, {"l": "Natural gas (including LNG)", "v": 0.33640901564929021}, {"l": "Fuel oil", "v": 0.021616565435879781}, {"l": "Liquefied petroleum gas (LPG)", "v": 0.15415179460586548}, {"l": "Coal", "v": 0.34574344163296561}]}, {"source": 31, "prod": 0, "target": 6, "value": 7.0967626185342247, "supply": [{"l": "Motor Gasoline", "v": 2.4975125632948463}, {"l": "Gas-Diesel oil", "v": 4.2791636996160278}, {"l": "Natural gas (including LNG)", "v": 0.12551267394803625}, {"l": "Fuel oil", "v": 0.0080650422646771705}, {"l": "Liquefied petroleum gas (LPG)", "v": 0.057513333575581506}, {"l": "Coal", "v": 0.12899530583505595}]}, {"source": 31, "prod": 0, "target": 7, "value": 0.74782168687772077, "supply": [{"l": "Motor Gasoline", "v": 0.26317550106631693}, {"l": "Gas-Diesel oil", "v": 0.45091707138623566}, {"l": "Natural gas (including LNG)", "v": 0.013225903781989545}, {"l": "Fuel oil", "v": 0.00084985419906248604}, {"l": "Liquefied petroleum gas (LPG)", "v": 0.0060604701670767883}, {"l": "Coal", "v": 0.013592886277039255}]}, {"source": 31, "prod": 0, "target": 15, "value": 0.34122274728766733, "supply": [{"l": "Motor Gasoline", "v": 0.12008406424744524}, {"l": "Gas-Diesel oil", "v": 0.20574846196253641}, {"l": "Natural gas (including LNG)", "v": 0.0060348333072490273}, {"l": "Fuel oil", "v": 0.00038777905172664368}, {"l": "Liquefied petroleum gas (LPG)", "v": 0.0027653253663971794}, {"l": "Coal", "v": 0.0062022833523128051}]}, {"source": 31, "prod": 0, "target": 9, "value": 141.75290680867869, "supply": [{"l": "Motor Gasoline", "v": 49.886079705362945}, {"l": "Gas-Diesel oil", "v": 85.473324350256505}, {"l": "Natural gas (including LNG)", "v": 2.5070285325590893}, {"l": "Fuel oil", "v": 0.1610936205710323}, {"l": "Liquefied petroleum gas (LPG)", "v": 1.1487889130325346}, {"l": "Coal", "v": 2.5765916868965806}]}, {"source": 31, "prod": 0, "target": 17, "value": 0.029987370258359413, "supply": [{"l": "Motor Gasoline", "v": 0.010553239270654304}, {"l": "Gas-Diesel oil", "v": 0.018081606100419412}, {"l": "Natural gas (including LNG)", "v": 0.0005303538004733043}, {"l": "Fuel oil", "v": 3.4078835877723599e-05}, {"l": "Liquefied petroleum gas (LPG)", "v": 0.0002430225895141626}, {"l": "Coal", "v": 0.00054506966142050313}]}, {"source": 31, "prod": 0, "target": 18, "value": 0.3531431926077605, "supply": [{"l": "Motor Gasoline", "v": 0.12427914072770534}, {"l": "Gas-Diesel oil", "v": 0.21293618115773419}, {"l": "Natural gas (including LNG)", "v": 0.0062456571782446265}, {"l": "Fuel oil", "v": 0.00040132591816250898}, {"l": "Liquefied petroleum gas (LPG)", "v": 0.002861930619371753}, {"l": "Coal", "v": 0.0064189570065420736}]}, {"source": 31, "prod": 0, "target": 20, "value": 11.638452285489727, "supply": [{"l": "Motor Gasoline", "v": 4.0958367022739433}, {"l": "Gas-Diesel oil", "v": 7.0176847129863811}, {"l": "Natural gas (including LNG)", "v": 0.20583656879735956}, {"l": "Fuel oil", "v": 0.013226398376741843}, {"l": "Liquefied petroleum gas (LPG)", "v": 0.09431993495889418}, {"l": "Coal", "v": 0.21154796809640719}]}, {"source": 33, "prod": 711.8252045896935, "target": 2, "value": 8.4497164248526939, "supply": [{"l": "Potash", "v": 3.4196345618633406}, {"l": "Phosphate", "v": 5.4152202484717087}, {"l": "Nitrogen", "v": 63.093093399316459}]}, {"source": 33, "prod": 8.4263031348806585, "target": 13, "value": 0.10002437612563818, "supply": [{"l": "Potash", "v": 3.4196345618633406}, {"l": "Phosphate", "v": 5.4152202484717087}, {"l": "Nitrogen", "v": 63.093093399316459}]}, {"source": 33, "prod": 291.2685190279617, "target": 3, "value": 3.4575010457682835, "supply": [{"l": "Potash", "v": 3.4196345618633406}, {"l": "Phosphate", "v": 5.4152202484717087}, {"l": "Nitrogen", "v": 63.093093399316459}]}, {"source": 33, "prod": 530.53500699540837, "target": 4, "value": 6.2977123227217469, "supply": [{"l": "Potash", "v": 3.4196345618633406}, {"l": "Phosphate", "v": 5.4152202484717087}, {"l": "Nitrogen", "v": 63.093093399316459}]}, {"source": 33, "prod": 197.94019854822616, "target": 6, "value": 2.3496478293089185, "supply": [{"l": "Potash", "v": 3.4196345618633406}, {"l": "Phosphate", "v": 5.4152202484717087}, {"l": "Nitrogen", "v": 63.093093399316459}]}, {"source": 33, "prod": 20.857957513283505, "target": 7, "value": 0.24759424793121906, "supply": [{"l": "Potash", "v": 3.4196345618633406}, {"l": "Phosphate", "v": 5.4152202484717087}, {"l": "Nitrogen", "v": 63.093093399316459}]}, {"source": 33, "prod": 9.5172548354509043, "target": 15, "value": 0.11297451113573929, "supply": [{"l": "Potash", "v": 3.4196345618633406}, {"l": "Phosphate", "v": 5.4152202484717087}, {"l": "Nitrogen", "v": 63.093093399316459}]}, {"source": 33, "prod": 3953.7180580366266, "target": 9, "value": 46.932584290107471, "supply": [{"l": "Potash", "v": 3.4196345618633406}, {"l": "Phosphate", "v": 5.4152202484717087}, {"l": "Nitrogen", "v": 63.093093399316459}]}, {"source": 33, "prod": 0.83639630377052165, "target": 17, "value": 0.0099284368410775259, "supply": [{"l": "Potash", "v": 3.4196345618633406}, {"l": "Phosphate", "v": 5.4152202484717087}, {"l": "Nitrogen", "v": 63.093093399316459}]}, {"source": 33, "prod": 9.8497353537199324, "target": 18, "value": 0.11692121894834154, "supply": [{"l": "Potash", "v": 3.4196345618633406}, {"l": "Phosphate", "v": 5.4152202484717087}, {"l": "Nitrogen", "v": 63.093093399316459}]}, {"source": 33, "prod": 324.61527600872557, "target": 20, "value": 3.8533435059103742, "supply": [{"l": "Potash", "v": 3.4196345618633406}, {"l": "Phosphate", "v": 5.4152202484717087}, {"l": "Nitrogen", "v": 63.093093399316459}]}, {"source": 31, "prod": 0, "target": 33, "value": 88.066752769698439, "supply": [{"l": "Natural gas (including LNG)", "v": 58.945515142803011}, {"l": "Fuel oil", "v": 17.968196650485748}, {"l": "Liquefied petroleum gas (LPG)", "v": 5.5765204882048396}, {"l": "Coal", "v": 5.5765204882048396}]}, {"source": 34, "prod": 0, "target": 6, "value": 0.13345823461937303, "supply": "[{\"l\":'Labor',\"v\":0.13345823461937303}]"}, {"source": 34, "prod": 0, "target": 17, "value": 0.00056392776688150381, "supply": "[{\"l\":'Labor',\"v\":0.00056392776688150381}]"}, {"source": 34, "prod": 0, "target": 2, "value": 0.4799375561855313, "supply": "[{\"l\":'Labor',\"v\":0.4799375561855313}]"}, {"source": 34, "prod": 0, "target": 13, "value": 0.0056813095520608639, "supply": "[{\"l\":'Labor',\"v\":0.0056813095520608639}]"}, {"source": 34, "prod": 0, "target": 3, "value": 0.19638346649531227, "supply": "[{\"l\":'Labor',\"v\":0.19638346649531227}]"}, {"source": 34, "prod": 0, "target": 4, "value": 0.35770533704973101, "supply": "[{\"l\":'Labor',\"v\":0.35770533704973101}]"}, {"source": 34, "prod": 0, "target": 7, "value": 0.014063167602666073, "supply": "[{\"l\":'Labor',\"v\":0.014063167602666073}]"}, {"source": 34, "prod": 0, "target": 9, "value": 2.6657355912459884, "supply": "[{\"l\":'Labor',\"v\":2.6657355912459884}]"}, {"source": 34, "prod": 0, "target": 15, "value": 0.0064168675088628257, "supply": "[{\"l\":'Labor',\"v\":0.0064168675088628257}]"}, {"source": 34, "prod": 0, "target": 18, "value": 0.0066410375528405665, "supply": "[{\"l\":'Labor',\"v\":0.0066410375528405665}]"}, {"source": 34, "prod": 0, "target": 20, "value": 0.2188670213748922, "supply": "[{\"l\":'Labor',\"v\":0.2188670213748922}]"}, {"source": 31, "prod": 0, "target": 25, "value": 134.49096223554673, "supply": "[{\"l\":'Fossil Fuels',\"v\":134.49096223554673}]"}, {"source": 32, "prod": 0, "target": 25, "value": 15.384783866716001, "supply": "[{\"l\":'Renewables & Nuclear',\"v\":10.585413759671738},{\"l\":'Biomass & Waste',\"v\":4.7993701070442629}]"}]}