{"nodes": [{"layer": 13, "name": "Milk - Excluding Butter"}, {"layer": 10, "name": "Feed", "fill": "#dbdb8d"}, {"layer": 5, "name": "Oilcrops", "fill": "#ff9896"}, {"layer": 5, "name": "Vegetables"}, {"layer": 5, "name": "Sugar Crops", "fill": "#ffbb78"}, {"layer": 13, "name": "Animal Fats"}, {"layer": 5, "name": "Starchy Roots"}, {"layer": 5, "name": "Pulses"}, {"layer": 13, "name": "Fish, Seafood"}, {"layer": 5, "name": "Cereals - Excluding Beer"}, {"layer": 13, "name": "Meat"}, {"layer": 16, "name": "Food", "fill": "#b5cf6b"}, {"layer": 13, "name": "Sugar & Sweeteners"}, {"layer": 5, "name": "Treenuts"}, {"layer": 13, "name": "Alcoholic Beverages"}, {"layer": 5, "name": "Others"}, {"layer": 13, "name": "Vegetable Oils", "fill": "#f7b6d2"}, {"layer": 5, "name": "Spices"}, {"layer": 5, "name": "Stimulants"}, {"layer": 13, "name": "Eggs"}, {"layer": 5, "name": "Fruits - Excluding Wine"}, {"layer": 10, "name": "Processing", "fill": "#9edae5"}, {"layer": 16, "name": "Biofuels & Other", "fill": "#e7ba52"}, {"layer": 13, "name": "Aquatic Products, Other"}, {"name": "Waste", "fill": "#c7c7c7"}, {"layer": 2, "name": "Import", "fill": "#aec7e8"}, {"layer": 16, "name": "Export", "fill": "#aec7e8"}, {"layer": 16, "name": "Stock Deposit", "fill": "#c7c7c7"}, {"layer": 0, "name": "Stock Draw", "fill": "#c7c7c7"}, {"name": "Crop Residue", "fill": "#bd9e39"}, {"layer": 2, "name": "Electricity", "fill": "#bcbd22"}, {"layer": 0, "name": "Fossil Fuels", "fill": "#c49c94"}, {"layer": 0, "name": "Renewables & Nuclear", "fill": "#2ca02c"}, {"layer": 2, "name": "Fertilizers", "fill": "#c5b0d5"}, {"layer": 0, "name": "Labor", "fill": "#7f7f7f"}], "links": [{"source": 0, "prod": 3322.0, "target": 1, "value": 2.0268312829861865, "supply": [{"l": "Milk - Excluding Butter", "v": 2.0268312829861865}]}, {"source": 2, "prod": 170.0, "target": 1, "value": 1.0706184576783289, "supply": [{"l": "Soyabeans", "v": 0.14796036324366305}, {"l": "Sunflower seed", "v": 0.070750277642500012}, {"l": "Cottonseed", "v": 0.54023422528283682}, {"l": "Rape and Mustardseed", "v": 0.31167359150932894}]}, {"source": 3, "prod": 101.0, "target": 1, "value": 0.032288245598681063, "supply": [{"l": "Vegetables, Other", "v": 0.032288245598681063}]}, {"source": 4, "prod": 20.0, "target": 1, "value": 0.023244444400000001, "supply": [{"l": "Sugar beet", "v": 0.023244444400000001}]}, {"source": 5, "prod": 285.0, "target": 1, "value": 2.2410495326230881, "supply": [{"l": "Fats, Animals, Raw", "v": 1.9736962550470005}, {"l": "Fish, Body Oil", "v": 0.26735327757608773}]}, {"source": 6, "prod": 1026.0, "target": 1, "value": 0.71260281684569193, "supply": [{"l": "Potatoes", "v": 0.64818427611283203}, {"l": "Sweet potatoes", "v": 0.064418540732859922}]}, {"source": 7, "prod": 27.0, "target": 1, "value": 0.11006911669977246, "supply": [{"l": "Pulses, Other", "v": 0.11006911669977246}]}, {"source": 8, "prod": 3604.0, "target": 1, "value": 3.3277770616660192, "supply": [{"l": "Fish, Seafood", "v": 1.1598968944210917}, {"l": "Pelagic Fish", "v": 2.1678801672449275}]}, {"source": 9, "prod": 121417.0, "target": 1, "value": 383.12447148246883, "supply": [{"l": "Maize", "v": 267.20670067195891}, {"l": "Oats", "v": 37.808905362864678}, {"l": "Rye", "v": 1.2914923562876695}, {"l": "Barley", "v": 27.583738096512363}, {"l": "Sorghum", "v": 36.489349780530091}, {"l": "Cereals, Other", "v": 5.1388025835809676}, {"l": "Wheat", "v": 7.2205531540690409}, {"l": "Millet", "v": 0.38492947666512711}]}, {"source": 10, "prod": 480.0, "target": 1, "value": 0.6075983308025299, "supply": [{"l": "Meat, Other", "v": 0.030700566905584821}, {"l": "Offals, Edible", "v": 0.57689776389694503}]}, {"source": 0, "prod": 54892.0, "target": 11, "value": 33.490915949933104, "supply": [{"l": "Milk - Excluding Butter", "v": 33.490915949933104}]}, {"source": 10, "prod": 18637.0, "target": 11, "value": 29.696135583993961, "supply": [{"l": "Pigmeat", "v": 11.105000545530157}, {"l": "Meat, Other", "v": 0.26379746378132146}, {"l": "Mutton & Goat Meat", "v": 1.2316700507850868}, {"l": "Poultry Meat", "v": 5.6397704354431086}, {"l": "Offals, Edible", "v": 0.52850457398947503}, {"l": "Bovine Meat", "v": 10.92739251446481}]}, {"source": 12, "prod": 10691.0, "target": 11, "value": 45.127920549375453, "supply": [{"l": "Sugar", "v": 40.014893021838368}, {"l": "Sweeteners, Other", "v": 4.5846179912340004}, {"l": "Honey", "v": 0.52840953630308962}]}, {"source": 13, "prod": 361.0, "target": 11, "value": 1.2330065627765345, "supply": [{"l": "Treenuts", "v": 1.2330065627765345}]}, {"source": 3, "prod": 19192.0, "target": 11, "value": 5.5524366981319373, "supply": [{"l": "Tomatoes", "v": 1.0575316641082808}, {"l": "Vegetables, Other", "v": 4.1421663190307969}, {"l": "Onions", "v": 0.3527387149928588}]}, {"source": 14, "prod": 13858.0, "target": 11, "value": 9.4316496416870734, "supply": [{"l": "Beer", "v": 5.9929563023259913}, {"l": "Beverages, Alcoholic", "v": 2.9105153051145725}, {"l": "Wine", "v": 0.52817803424650966}]}, {"source": 5, "prod": 2487.0, "target": 11, "value": 18.608435431047376, "supply": [{"l": "Fats, Animals, Raw", "v": 11.724227554880791}, {"l": "Butter, Ghee", "v": 6.354338832536861}, {"l": "Cream", "v": 0.52986904362972331}]}, {"source": 6, "prod": 11618.0, "target": 11, "value": 8.2170694618808113, "supply": [{"l": "Roots, Other", "v": 0.020107973645763159}, {"l": "Potatoes", "v": 7.2271179309205005}, {"l": "Sweet potatoes", "v": 0.44019336167454282}, {"l": "Cassava", "v": 0.52965019564000426}]}, {"source": 7, "prod": 771.0, "target": 11, "value": 3.041221295902639, "supply": [{"l": "Peas", "v": 0.26885105504150003}, {"l": "Beans", "v": 2.7316039013427047}, {"l": "Pulses, Other", "v": 0.040766339518434239}]}, {"source": 8, "prod": 5478.0, "target": 11, "value": 3.5255861040729131, "supply": [{"l": "Freshwater Fish", "v": 0.44102418578348812}, {"l": "Crustaceans", "v": 0.17575858445926318}, {"l": "Marine Fish, Other", "v": 0.088538918878328571}, {"l": "Demersal Fish", "v": 0.35194273449833086}, {"l": "Pelagic Fish", "v": 0.61716011420457695}, {"l": "Fish, Seafood", "v": 1.7630175326411597}, {"l": "Molluscs, Other", "v": 0.088144033607765793}]}, {"source": 15, "prod": 363.0, "target": 11, "value": 1.2353310072165344, "supply": [{"l": "Nuts", "v": 1.2330065627765345}, {"l": "Infant food", "v": 0.0023244444400000001}]}, {"source": 9, "prod": 18032.0, "target": 11, "value": 55.348827265757372, "supply": [{"l": "Maize", "v": 4.8478679826288023}, {"l": "Rye", "v": 0.44248902457766948}, {"l": "Barley", "v": 0.53221104375850758}, {"l": "Rice", "v": 2.2923089956170002}, {"l": "Cereals, Other", "v": 0.78929320728204388}, {"l": "Wheat", "v": 44.944321032999142}, {"l": "Oats", "v": 1.5003359788942066}]}, {"source": 16, "prod": 2395.0, "target": 11, "value": 23.433525033164731, "supply": [{"l": "Maize Germ Oil", "v": 1.5034433999031251}, {"l": "Groundnut Oil", "v": 0.35846807338866671}, {"l": "Soyabean Oil", "v": 13.212858129407159}, {"l": "Palm Oil", "v": 0.35021387433037504}, {"l": "Sunflowerseed Oil", "v": 0.0096113584721886809}, {"l": "Olive Oil", "v": 0.339601332684}, {"l": "Coconut Oil", "v": 1.4183349776802354}, {"l": "Rape and Mustard Oil", "v": 0.084900333171}, {"l": "Oilcrops Oil, Other", "v": 0.084900333171}, {"l": "Cottonseed Oil", "v": 5.8049149032842982}, {"l": "Palmkernel Oil", "v": 0.2662783176726819}]}, {"source": 17, "prod": 53.0, "target": 11, "value": 0.27238856892362501, "supply": [{"l": "Cloves", "v": 0.0053062708231875}, {"l": "Pimento", "v": 0.091975360935250008}, {"l": "Pepper", "v": 0.090206603994187506}, {"l": "Spices, Other", "v": 0.084900333171}]}, {"source": 18, "prod": 1815.0, "target": 11, "value": 1.3038657524874413, "supply": [{"l": "Cocoa Beans", "v": 0.52910262882258574}, {"l": "Coffee", "v": 0.70552434920824936}, {"l": "Tea", "v": 0.069238774456606228}]}, {"source": 19, "prod": 3620.0, "target": 11, "value": 5.8154780966787039, "supply": [{"l": "Eggs", "v": 5.8154780966787039}]}, {"source": 20, "prod": 16281.0, "target": 11, "value": 7.1411544706491439, "supply": [{"l": "Apples", "v": 1.4104017070321149}, {"l": "Grapes", "v": 0.79354549940013586}, {"l": "Dates", "v": 0.089617018347166677}, {"l": "Grapefruit", "v": 0.26451143045354431}, {"l": "Lemons, Limes", "v": 0.087979619866321246}, {"l": "Pineapples", "v": 0.2642865210000484}, {"l": "Bananas", "v": 1.1464283698509872}, {"l": "Fruits, Other", "v": 1.7622555641980537}, {"l": "Oranges, Mandarines", "v": 1.3221287405007722}]}, {"source": 2, "prod": 837.0, "target": 11, "value": 3.7084114456622581, "supply": [{"l": "Olives", "v": 0.088673681311933331}, {"l": "Sunflower seed", "v": 0.091975360935250008}, {"l": "Coconuts - Incl Copra", "v": 0.44154370353531031}, {"l": "Sesame seed", "v": 0.093390366488100007}, {"l": "Groundnuts", "v": 2.7288754456594582}, {"l": "Oilcrops, Other", "v": 0.030321547561071433}, {"l": "Soyabeans", "v": 0.011996786208945653}, {"l": "Rape and Mustardseed", "v": 0.22163455396218945}]}, {"source": 2, "prod": 18755.0, "target": 21, "value": 87.762990470050639, "supply": [{"l": "Sunflower seed", "v": 0.028300111057000001}, {"l": "Olives", "v": 0.0066033592466333332}, {"l": "Coconuts - Incl Copra", "v": 2.1922257561489964}, {"l": "Soyabeans", "v": 45.867712605535552}, {"l": "Cottonseed", "v": 33.626117483950935}, {"l": "Rape and Mustardseed", "v": 0.18700415490559735}, {"l": "Groundnuts", "v": 0.75494269943370784}, {"l": "Oilcrops, Other", "v": 4.7180328005027148}, {"l": "Oil Palm", "v": 0.38205149926949977}]}, {"source": 4, "prod": 34255.0, "target": 21, "value": 25.256932662096677, "supply": [{"l": "Sugar beet", "v": 20.043684406120001}, {"l": "Sugar cane", "v": 5.2132482559766755}]}, {"source": 5, "prod": 31.0, "target": 21, "value": 0.24376328249584472, "supply": [{"l": "Fats, Animals, Raw", "v": 0.24376328249584472}]}, {"source": 7, "prod": 3.0, "target": 21, "value": 0.010612541646375, "supply": [{"l": "Peas", "v": 0.010612541646375}]}, {"source": 12, "prod": 68.0, "target": 21, "value": 0.28726907997096801, "supply": [{"l": "Sugar", "v": 0.28726907997096801}]}, {"source": 20, "prod": 1018.0, "target": 21, "value": 0.71363013991991009, "supply": [{"l": "Grapes", "v": 0.71363013991991009}]}, {"source": 9, "prod": 6447.0, "target": 21, "value": 22.400247081939046, "supply": [{"l": "Maize", "v": 12.717951991886396}, {"l": "Wheat", "v": 0.0030186259005305356}, {"l": "Rye", "v": 0.11152162408055086}, {"l": "Barley", "v": 8.7776807145599562}, {"l": "Rice", "v": 0.67473422678005268}, {"l": "Sorghum", "v": 0.11533989873156063}]}, {"source": 0, "prod": 3413.0, "target": 22, "value": 2.082352549317235, "supply": [{"l": "Milk - Excluding Butter", "v": 2.082352549317235}]}, {"source": 10, "prod": 21.0, "target": 22, "value": 0.035196189938872302, "supply": [{"l": "Poultry Meat", "v": 0.035196189938872302}]}, {"source": 12, "prod": 29.0, "target": 22, "value": 0.12251181351703046, "supply": [{"l": "Sugar", "v": 0.12251181351703046}]}, {"source": 3, "prod": 1.0, "target": 22, "value": 0.00031968559998694121, "supply": [{"l": "Vegetables, Other", "v": 0.00031968559998694121}]}, {"source": 5, "prod": 891.0, "target": 22, "value": 7.0062285388321826, "supply": [{"l": "Fats, Animals, Raw", "v": 6.4715219836800069}, {"l": "Fish, Body Oil", "v": 0.48752656499168945}, {"l": "Fish, Liver Oil", "v": 0.047179990160486074}]}, {"source": 6, "prod": 459.0, "target": 22, "value": 0.31765561644566559, "supply": [{"l": "Potatoes", "v": 0.30699867085934762}, {"l": "Cassava", "v": 0.010656945586317992}]}, {"source": 23, "prod": 270.0, "target": 22, "value": 0.17379143257141774, "supply": [{"l": "Aquatic Animals, Others", "v": 0.0019310159174601967}, {"l": "Aquatic Plants", "v": 0.084964700368248672}, {"l": "Aquatic Products, Other", "v": 0.086895716285708871}]}, {"source": 8, "prod": 32.0, "target": 22, "value": 0.016823265710627811, "supply": [{"l": "Molluscs, Other", "v": 0.00014103045377242526}, {"l": "Fish, Seafood", "v": 0.010298751559787718}, {"l": "Demersal Fish", "v": 0.0063834836970676698}]}, {"source": 14, "prod": 237.0, "target": 22, "value": 0.20122615374145994, "supply": [{"l": "Alcohol, Non-Food", "v": 0.12245240361201923}, {"l": "Beverages, Alcoholic", "v": 0.01020040410670995}, {"l": "Wine", "v": 0.068573346022730769}]}, {"source": 9, "prod": 3753.0, "target": 22, "value": 12.431403523927903, "supply": [{"l": "Maize", "v": 10.704222214486737}, {"l": "Rye", "v": 0.41011177887686445}, {"l": "Barley", "v": 0.58923365558977614}, {"l": "Rice", "v": 0.5406810691416315}, {"l": "Wheat", "v": 0.18715480583289321}]}, {"source": 16, "prod": 690.0, "target": 22, "value": 6.221430374827313, "supply": [{"l": "Coconut Oil", "v": 0.079906195925647072}, {"l": "Rape and Mustard Oil", "v": 0.031837624939125002}, {"l": "Maize Germ Oil", "v": 0.090206603994187506}, {"l": "Groundnut Oil", "v": 0.047166851761666677}, {"l": "Oilcrops Oil, Other", "v": 3.6252442264017004}, {"l": "Soyabean Oil", "v": 1.5406875161965545}, {"l": "Cottonseed Oil", "v": 0.55650423866196574}, {"l": "Palm Oil", "v": 0.053062708231874998}, {"l": "Palmkernel Oil", "v": 0.19681440871459097}]}, {"source": 20, "prod": 1.0, "target": 22, "value": 0.00050991191093693693, "supply": [{"l": "Fruits, Other", "v": 0.00050991191093693693}]}, {"source": 2, "prod": 19.0, "target": 22, "value": 0.11522188073207146, "supply": [{"l": "Oilcrops, Other", "v": 0.11522188073207146}]}, {"source": 2, "prod": 1273.0, "target": 2, "value": 6.0680549518878486, "supply": [{"l": "Soyabeans", "v": 3.6470230075194787}, {"l": "Cottonseed", "v": 1.5929983566032369}, {"l": "Rape and Mustardseed", "v": 0.020778239433955261}, {"l": "Groundnuts", "v": 0.24933887320746315}, {"l": "Oilcrops, Other", "v": 0.55791647512371434}]}, {"source": 19, "prod": 226.0, "target": 19, "value": 0.36306575962690252, "supply": [{"l": "Eggs", "v": 0.36306575962690252}]}, {"source": 4, "prod": 778.0, "target": 4, "value": 0.23845653143335022, "supply": [{"l": "Sugar cane", "v": 0.23845653143335022}]}, {"source": 6, "prod": 1242.0, "target": 6, "value": 0.85460477184989769, "supply": [{"l": "Potatoes", "v": 0.82322138021081204}, {"l": "Sweet potatoes", "v": 0.0313833916390856}]}, {"source": 7, "prod": 79.0, "target": 7, "value": 0.30160216287833225, "supply": [{"l": "Beans", "v": 0.14355874518005457}, {"l": "Peas", "v": 0.11320044422800001}, {"l": "Pulses, Other", "v": 0.044842973470277665}]}, {"source": 8, "prod": 164.0, "target": 8, "value": 0.15055188717235943, "supply": [{"l": "Freshwater Fish", "v": 0.0063548153571107791}, {"l": "Fish, Seafood", "v": 0.052781101743912054}, {"l": "Cephalopods", "v": 0.013946666640000001}, {"l": "Pelagic Fish", "v": 0.070979428339317807}, {"l": "Marine Fish, Other", "v": 0.0060643095122142861}, {"l": "Demersal Fish", "v": 0.0004255655798045113}]}, {"source": 9, "prod": 5422.0, "target": 9, "value": 16.049810351781801, "supply": [{"l": "Maize", "v": 0.92741822276377084}, {"l": "Oats", "v": 3.3055647956046332}, {"l": "Rye", "v": 0.65833732924970345}, {"l": "Barley", "v": 2.6192386367829408}, {"l": "Rice", "v": 0.31725913974426317}, {"l": "Sorghum", "v": 0.17825257076695736}, {"l": "Cereals, Other", "v": 0.31907597741189009}, {"l": "Wheat", "v": 7.7246636794576409}]}, {"source": 3, "prod": 6.0, "target": 3, "value": 0.0019181135999216475, "supply": [{"l": "Vegetables, Other", "v": 0.0019181135999216475}]}, {"source": 2, "prod": 884.0, "target": 24, "value": 3.5650495913241467, "supply": [{"l": "Olives", "v": 0.0037733481409333329}, {"l": "Soyabeans", "v": 3.3870926396589898}, {"l": "Coconuts - Incl Copra", "v": 0.012394209222043796}, {"l": "Sesame seed", "v": 0.0084900333171}, {"l": "Rape and Mustardseed", "v": 0.062334718301865787}, {"l": "Oilcrops, Other", "v": 0.090964642683214303}]}, {"source": 13, "prod": 68.0, "target": 24, "value": 0.23225608384710345, "supply": [{"l": "Treenuts", "v": 0.23225608384710345}]}, {"source": 19, "prod": 109.0, "target": 24, "value": 0.17510693716518749, "supply": [{"l": "Eggs", "v": 0.17510693716518749}]}, {"source": 5, "prod": 59.0, "target": 24, "value": 0.46440133629475144, "supply": [{"l": "Butter, Ghee", "v": 0.0083280980767193469}, {"l": "Fats, Animals, Raw", "v": 0.45607323821803208}]}, {"source": 6, "prod": 976.0, "target": 24, "value": 0.66832393964977999, "supply": [{"l": "Potatoes", "v": 0.66254278855836946}, {"l": "Sweet potatoes", "v": 0.0057811510914105059}]}, {"source": 7, "prod": 2.0, "target": 24, "value": 0.0075252568037931823, "supply": [{"l": "Beans", "v": 0.0039877429216681817}, {"l": "Peas", "v": 0.0035375138821250002}]}, {"source": 15, "prod": 68.0, "target": 24, "value": 0.23225608384710345, "supply": [{"l": "Nuts", "v": 0.23225608384710345}]}, {"source": 9, "prod": 82.0, "target": 24, "value": 0.29258089350338057, "supply": [{"l": "Maize", "v": 0.12970884234458332}, {"l": "Oats", "v": 0.0043869473067082061}, {"l": "Rye", "v": 0.02158483046720339}, {"l": "Barley", "v": 0.022809044732507465}, {"l": "Rice", "v": 0.080431894583052638}, {"l": "Wheat", "v": 0.012074503602122142}, {"l": "Millet", "v": 0.02158483046720339}]}, {"source": 16, "prod": 53.0, "target": 24, "value": 0.51829859574816362, "supply": [{"l": "Coconut Oil", "v": 0.009988274490705884}, {"l": "Maize Germ Oil", "v": 0.020045911998708338}, {"l": "Cottonseed Oil", "v": 0.0095949006665856165}, {"l": "Soyabean Oil", "v": 0.46805696694578869}, {"l": "Palm Oil", "v": 0.010612541646375}]}, {"source": 3, "prod": 1143.0, "target": 24, "value": 0.33505922974763913, "supply": [{"l": "Tomatoes", "v": 0.055120328937246194}, {"l": "Vegetables, Other", "v": 0.25990439278938321}, {"l": "Onions", "v": 0.020034508021009673}]}, {"source": 20, "prod": 1379.0, "target": 24, "value": 0.79200256019225668, "supply": [{"l": "Dates", "v": 0.0047166851761666672}, {"l": "Grapes", "v": 0.48089418073188439}, {"l": "Grapefruit", "v": 0.015363505057833576}, {"l": "Lemons, Limes", "v": 0.0057186752913108811}, {"l": "Bananas", "v": 0.058389519458249037}, {"l": "Fruits, Other", "v": 0.10708150129675677}, {"l": "Oranges, Mandarines", "v": 0.029775213370781858}, {"l": "Pineapples", "v": 0.01369360212435484}, {"l": "Apples", "v": 0.07636967768491866}]}, {"source": 10, "prod": 41.0, "target": 24, "value": 0.079570958120715907, "supply": [{"l": "Pigmeat", "v": 0.079570958120715907}]}, {"source": 25, "prod": 193.0, "target": 15, "value": 0.65469079759877591, "supply": [{"l": "Infant food", "v": 0.0023244444400000001}, {"l": "Nuts", "v": 0.65236635315877589}]}, {"source": 25, "prod": 6125.0, "target": 1, "value": 4.8361045391298028, "supply": [{"l": "Pigmeat", "v": 0.23483136420991765}, {"l": "Meat, Other", "v": 0.028426450838504466}, {"l": "Crustaceans", "v": 0.076459949171543876}, {"l": "Aquatic Products, Other", "v": 0.00064367197248673238}, {"l": "Marine Fish, Other", "v": 0.0012128619024428574}, {"l": "Demersal Fish", "v": 0.13235089531920302}, {"l": "Mutton & Goat Meat", "v": 0.11771205613563769}, {"l": "Freshwater Fish", "v": 0.063548153571107782}, {"l": "Poultry Meat", "v": 0.015084081402373843}, {"l": "Milk - Excluding Butter", "v": 1.4734489910932091}, {"l": "Pelagic Fish", "v": 1.1116100302632146}, {"l": "Fish, Seafood", "v": 0.98546178987718713}, {"l": "Molluscs, Other", "v": 0.012833771293290698}, {"l": "Aquatic Animals, Others", "v": 0.00064367197248673238}, {"l": "Offals, Edible", "v": 0.0025470099951300004}, {"l": "Bovine Meat", "v": 0.57125736180173592}, {"l": "Eggs", "v": 0.0080324283103297024}]}, {"source": 25, "prod": 1603.0, "target": 9, "value": 5.4225020132491615, "supply": [{"l": "Maize", "v": 2.0688560353961041}, {"l": "Rye", "v": 0.093534265357881369}, {"l": "Barley", "v": 2.1022336228461045}, {"l": "Rice", "v": 0.17873754351789473}, {"l": "Cereals, Other", "v": 0.05038041748608791}, {"l": "Wheat", "v": 0.7123957125252065}, {"l": "Oats", "v": 0.21276694437534802}, {"l": "Millet", "v": 0.0035974717445338982}]}, {"source": 25, "prod": 22.0, "target": 7, "value": 0.085023196150773944, "supply": [{"l": "Peas", "v": 0.024762597174875004}, {"l": "Beans", "v": 0.039877429216681824}, {"l": "Pulses, Other", "v": 0.020383169759217119}]}, {"source": 25, "prod": 5323.0, "target": 21, "value": 24.320668689978458, "supply": [{"l": "Sugar", "v": 19.272375629817002}, {"l": "Maize Germ Oil", "v": 0.10022955999354169}, {"l": "Beer", "v": 0.026678478075914978}, {"l": "Groundnut Oil", "v": 0.047166851761666677}, {"l": "Beverages, Alcoholic", "v": 0.52702087884668092}, {"l": "Fats, Animals, Raw", "v": 0.30666993604315951}, {"l": "Soyabean Oil", "v": 0.097511868113705977}, {"l": "Butter, Ghee", "v": 0.0083280980767193469}, {"l": "Palm Oil", "v": 0.49878945737962505}, {"l": "Olive Oil", "v": 0.32828128826120001}, {"l": "Coconut Oil", "v": 0.9988274490705884}, {"l": "Rape and Mustard Oil", "v": 0.02122508329275}, {"l": "Oilcrops Oil, Other", "v": 0.90843356492970007}, {"l": "Wine", "v": 0.056328105661528849}, {"l": "Sweeteners, Other", "v": 0.055185216561150004}, {"l": "Beverages, Fermented", "v": 0.0021839313998971059}, {"l": "Fish, Body Oil", "v": 0.35384992620364558}, {"l": "Fish, Liver Oil", "v": 0.047179990160486074}, {"l": "Honey", "v": 0.019007537277089554}, {"l": "Cottonseed Oil", "v": 0.18230311266512672}, {"l": "Palmkernel Oil", "v": 0.46309272638727278}]}, {"source": 25, "prod": 191.0, "target": 13, "value": 0.65236635315877589, "supply": [{"l": "Treenuts", "v": 0.65236635315877589}]}, {"source": 25, "prod": 986.0, "target": 3, "value": 0.27619030033969755, "supply": [{"l": "Tomatoes", "v": 0.070488450388151255}, {"l": "Vegetables, Other", "v": 0.18829481839230838}, {"l": "Onions", "v": 0.017407031559237913}]}, {"source": 25, "prod": 1977.0, "target": 18, "value": 1.4846031340682317, "supply": [{"l": "Cocoa Beans", "v": 0.6838932915100443}, {"l": "Coffee", "v": 0.73339436739204256}, {"l": "Tea", "v": 0.067315475166144945}]}, {"source": 25, "prod": 3204.0, "target": 20, "value": 1.8336485134873277, "supply": [{"l": "Apples", "v": 0.035747508703578949}, {"l": "Grapes", "v": 0.12478012269719452}, {"l": "Dates", "v": 0.05188353693783334}, {"l": "Grapefruit", "v": 0.023137808822038516}, {"l": "Lemons, Limes", "v": 0.012097197731619172}, {"l": "Pineapples", "v": 0.049981647753895173}, {"l": "Bananas", "v": 1.2318764471069614}, {"l": "Fruits, Other", "v": 0.13614648022016215}, {"l": "Oranges, Mandarines", "v": 0.16799776351404444}]}, {"source": 25, "prod": 2152.0, "target": 2, "value": 4.5020138450266511, "supply": [{"l": "Olives", "v": 0.062260244325399991}, {"l": "Sunflower seed", "v": 0.035375138821250006}, {"l": "Coconuts - Incl Copra", "v": 2.6213752504622634}, {"l": "Sesame seed", "v": 0.084900333171}, {"l": "Groundnuts", "v": 0.24933887320746315}, {"l": "Oilcrops, Other", "v": 0.054578785609928585}, {"l": "Soyabeans", "v": 1.2556636232029783}, {"l": "Rape and Mustardseed", "v": 0.13852159622636842}]}, {"source": 25, "prod": 48.0, "target": 17, "value": 0.23701343010237502, "supply": [{"l": "Cloves", "v": 0.0053062708231875}, {"l": "Pimento", "v": 0.056600222114000003}, {"l": "Pepper", "v": 0.090206603994187506}, {"l": "Spices, Other", "v": 0.084900333171}]}, {"source": 25, "prod": 777.0, "target": 6, "value": 0.73155234053996454, "supply": [{"l": "Roots, Other", "v": 0.015639535057815793}, {"l": "Potatoes", "v": 0.17230214934644902}, {"l": "Sweet potatoes", "v": 0.0033035149093774319}, {"l": "Cassava", "v": 0.54030714122632229}]}, {"source": 0, "prod": 4739.0, "target": 26, "value": 2.8913767158553698, "supply": [{"l": "Milk - Excluding Butter", "v": 2.8913767158553698}]}, {"source": 10, "prod": 289.0, "target": 26, "value": 0.45663015711426314, "supply": [{"l": "Pigmeat", "v": 0.12420832487136142}, {"l": "Meat, Other", "v": 0.014781754436022324}, {"l": "Mutton & Goat Meat", "v": 0.0028710257594057975}, {"l": "Poultry Meat", "v": 0.18938902205202715}, {"l": "Offals, Edible", "v": 0.078957309849030016}, {"l": "Bovine Meat", "v": 0.04642272014641647}]}, {"source": 13, "prod": 8.0, "target": 26, "value": 0.027324245158482755, "supply": [{"l": "Treenuts", "v": 0.027324245158482755}]}, {"source": 7, "prod": 166.0, "target": 26, "value": 0.62279539855666144, "supply": [{"l": "Peas", "v": 0.30776370774487505}, {"l": "Beans", "v": 0.31503169081178639}]}, {"source": 3, "prod": 630.0, "target": 26, "value": 0.19079346600028194, "supply": [{"l": "Tomatoes", "v": 0.019876103743170555}, {"l": "Vegetables, Other", "v": 0.15121128879382317}, {"l": "Onions", "v": 0.019706073463288204}]}, {"source": 15, "prod": 18.0, "target": 26, "value": 0.038946467358482756, "supply": [{"l": "Infant food", "v": 0.011622222200000001}, {"l": "Nuts", "v": 0.027324245158482755}]}, {"source": 5, "prod": 1529.0, "target": 26, "value": 12.024428458380449, "supply": [{"l": "Fats, Animals, Raw", "v": 11.527644262545429}, {"l": "Butter, Ghee", "v": 0.024984294230158039}, {"l": "Fish, Body Oil", "v": 0.47179990160486079}]}, {"source": 6, "prod": 233.0, "target": 26, "value": 0.15973753439506194, "supply": [{"l": "Sweet potatoes", "v": 0.002477636182033074}, {"l": "Potatoes", "v": 0.15725989821302888}]}, {"source": 8, "prod": 1442.0, "target": 26, "value": 0.98655361964401922, "supply": [{"l": "Crustaceans", "v": 0.011419343058087721}, {"l": "Demersal Fish", "v": 0.1540547398892331}, {"l": "Freshwater Fish", "v": 0.091509341142395229}, {"l": "Pelagic Fish", "v": 0.25624776671652028}, {"l": "Fish, Seafood", "v": 0.46408749216293399}, {"l": "Cephalopods", "v": 0.0023244444400000001}, {"l": "Molluscs, Other", "v": 0.0069104922348488373}]}, {"source": 23, "prod": 36.0, "target": 26, "value": 0.023172191009522364, "supply": [{"l": "Aquatic Plants", "v": 0.011586095504761182}, {"l": "Aquatic Products, Other", "v": 0.011586095504761182}]}, {"source": 12, "prod": 54.0, "target": 26, "value": 0.2266039262488537, "supply": [{"l": "Sugar", "v": 0.084490905873814109}, {"l": "Sweeteners, Other", "v": 0.12310548309795001}, {"l": "Honey", "v": 0.019007537277089554}]}, {"source": 14, "prod": 64.0, "target": 26, "value": 0.16838369216643856, "supply": [{"l": "Beer", "v": 0.0077610118039025391}, {"l": "Beverages, Alcoholic", "v": 0.15980633100512256}, {"l": "Wine", "v": 0.00081634935741346152}]}, {"source": 9, "prod": 44338.0, "target": 26, "value": 139.50300995746233, "supply": [{"l": "Maize", "v": 25.166758135907777}, {"l": "Rye", "v": 1.2339328083751271}, {"l": "Barley", "v": 9.8116907424336279}, {"l": "Rice", "v": 3.5211296073025262}, {"l": "Cereals, Other", "v": 0.0083967362476813183}, {"l": "Wheat", "v": 92.883118959324577}, {"l": "Oats", "v": 0.73700714752697882}, {"l": "Sorghum", "v": 6.1409758203439999}]}, {"source": 16, "prod": 521.0, "target": 26, "value": 5.0139591879535059, "supply": [{"l": "Soyabean Oil", "v": 2.8083418016747324}, {"l": "Palm Oil", "v": 0.19102574963475}, {"l": "Coconut Oil", "v": 0.019976548981411768}, {"l": "Oilcrops Oil, Other", "v": 0.37356146595240003}, {"l": "Groundnut Oil", "v": 0.028300111057000001}, {"l": "Cottonseed Oil", "v": 1.5927535106532125}]}, {"source": 18, "prod": 55.0, "target": 26, "value": 0.038633508171441552, "supply": [{"l": "Cocoa Beans", "v": 0.015479066268745859}, {"l": "Coffee", "v": 0.022192792257465049}, {"l": "Tea", "v": 0.0009616496452306421}]}, {"source": 19, "prod": 26.0, "target": 26, "value": 0.041768627213714452, "supply": [{"l": "Eggs", "v": 0.041768627213714452}]}, {"source": 20, "prod": 1952.0, "target": 26, "value": 0.83933989702716016, "supply": [{"l": "Grapefruit", "v": 0.041648055879669334}, {"l": "Grapes", "v": 0.23343697111329081}, {"l": "Dates", "v": 0.0047166851761666672}, {"l": "Apples", "v": 0.11753347558600956}, {"l": "Lemons, Limes", "v": 0.029473172655217615}, {"l": "Pineapples", "v": 0.026360184089383069}, {"l": "Bananas", "v": 0.029906827039590973}, {"l": "Fruits, Other", "v": 0.22487115272318917}, {"l": "Oranges, Mandarines", "v": 0.13139337276464289}]}, {"source": 2, "prod": 4420.0, "target": 26, "value": 19.259922594133187, "supply": [{"l": "Olives", "v": 0.0018866740704666664}, {"l": "Sunflower seed", "v": 0.035375138821250006}, {"l": "Cottonseed", "v": 0.041556478867910522}, {"l": "Groundnuts", "v": 0.12466943660373157}, {"l": "Oilcrops, Other", "v": 3.2504698985468576}, {"l": "Soyabeans", "v": 14.864018112883663}, {"l": "Rape and Mustardseed", "v": 0.94194685433930514}]}, {"source": 16, "prod": 261.0, "target": 27, "value": 2.5487934085352579, "supply": [{"l": "Palm Oil", "v": 0.084900333171}, {"l": "Groundnut Oil", "v": 0.056600222114000003}, {"l": "Soyabean Oil", "v": 2.3305336479175729}, {"l": "Cottonseed Oil", "v": 0.076759205332684932}]}, {"source": 10, "prod": 92.0, "target": 27, "value": 0.15409154446578371, "supply": [{"l": "Pigmeat", "v": 0.0038815101522300445}, {"l": "Mutton & Goat Meat", "v": 0.01148410303762319}, {"l": "Poultry Meat", "v": 0.12067265121899075}, {"l": "Bovine Meat", "v": 0.018053280056939739}]}, {"source": 7, "prod": 136.0, "target": 27, "value": 0.54233303734687277, "supply": [{"l": "Beans", "v": 0.54233303734687277}]}, {"source": 28, "prod": 2.0, "target": 18, "value": 0.0019232992904612842, "supply": [{"l": "Tea", "v": 0.0019232992904612842}]}, {"source": 0, "prod": 1381.0, "target": 27, "value": 0.84258097585909808, "supply": [{"l": "Milk - Excluding Butter", "v": 0.84258097585909808}]}, {"source": 9, "prod": 17.0, "target": 27, "value": 0.075963455995105275, "supply": [{"l": "Rice", "v": 0.075963455995105275}]}, {"source": 8, "prod": 2.0, "target": 27, "value": 0.0018058941924867324, "supply": [{"l": "Fish, Seafood", "v": 0.00064367197248673238}, {"l": "Cephalopods", "v": 0.0011622222200000001}]}, {"source": 20, "prod": 61.0, "target": 27, "value": 0.026032536763527327, "supply": [{"l": "Fruits, Other", "v": 0.00050991191093693693}, {"l": "Pineapples", "v": 0.011981901858810484}, {"l": "Apples", "v": 0.013540722993779904}]}, {"source": 12, "prod": 14.0, "target": 27, "value": 0.058986724016567918, "supply": [{"l": "Sweeteners, Other", "v": 0.055185216561150004}, {"l": "Honey", "v": 0.0038015074554179108}]}, {"source": 28, "prod": 245.0, "target": 2, "value": 1.4090002633817003, "supply": [{"l": "Coconuts - Incl Copra", "v": 0.026337694596843066}, {"l": "Oilcrops, Other", "v": 1.3826625687848573}]}, {"source": 2, "prod": 2286.0, "target": 27, "value": 10.04618972134551, "supply": [{"l": "Soyabeans", "v": 7.9058821116951856}, {"l": "Sunflower seed", "v": 0.0070750277642500003}, {"l": "Cottonseed", "v": 1.7592242720748787}, {"l": "Rape and Mustardseed", "v": 0.34630399056592104}, {"l": "Groundnuts", "v": 0.027704319245273681}]}, {"source": 18, "prod": 113.0, "target": 27, "value": 0.14653715668858505, "supply": [{"l": "Coffee", "v": 0.0072255602698723413}, {"l": "Cocoa Beans", "v": 0.13931159641871271}]}, {"source": 19, "prod": 13.0, "target": 27, "value": 0.020884313606857226, "supply": [{"l": "Eggs", "v": 0.020884313606857226}]}, {"source": 5, "prod": 140.0, "target": 27, "value": 1.1454840098752883, "supply": [{"l": "Butter, Ghee", "v": 0.79949741536505725}, {"l": "Fats, Animals, Raw", "v": 0.070769985240729097}, {"l": "Fish, Body Oil", "v": 0.27521660926950209}]}, {"source": 28, "prod": 925.0, "target": 21, "value": 3.9077043966639029, "supply": [{"l": "Sugar", "v": 3.9077043966639029}]}, {"source": 6, "prod": 1200.0, "target": 27, "value": 0.82048642545928108, "supply": [{"l": "Potatoes", "v": 0.82048642545928108}]}, {"source": 28, "prod": 18192.0, "target": 9, "value": 57.279977926935175, "supply": [{"l": "Maize", "v": 20.879880896419298}, {"l": "Oats", "v": 1.3687275596929604}, {"l": "Rye", "v": 0.97851231451322052}, {"l": "Barley", "v": 6.0215878093819706}, {"l": "Sorghum", "v": 0.290097321052107}, {"l": "Wheat", "v": 27.74117202587562}]}, {"source": 1, "prod": 67747.0, "target": 0, "value": 41.334057473950999, "supply": [{"l": "Milk - Excluding Butter", "v": 41.334057473950999}]}, {"source": 1, "prod": 3768.0, "target": 19, "value": 6.0532379746644631, "supply": [{"l": "Eggs", "v": 6.4163037342913656}]}, {"source": 1, "prod": 19560.0, "target": 10, "value": 31.029222764436124, "supply": [{"l": "Pigmeat", "v": 11.312661338674463}, {"l": "Bovine Meat", "v": 10.991868514668166}, {"l": "Poultry Meat", "v": 5.985028298652999}, {"l": "Offals, Edible", "v": 1.1843596477354499}, {"l": "Meat, Other", "v": 0.30927978512292859}, {"l": "Mutton & Goat Meat", "v": 1.2460251795821158}]}, {"source": 1, "prod": 10558.0, "target": 8, "value": 7.8585459452860658, "supply": [{"l": "Pelagic Fish", "v": 3.1122674765053424}, {"l": "Crustaceans", "v": 0.18717792751735091}, {"l": "Freshwater Fish", "v": 0.5388883422829942}, {"l": "Molluscs, Other", "v": 0.095195556296387054}, {"l": "Demersal Fish", "v": 0.51280652366443613}, {"l": "Fish, Seafood", "v": 3.450725444501372}, {"l": "Marine Fish, Other", "v": 0.094603228390542859}, {"l": "Cephalopods", "v": 0.017433333299999999}]}, {"source": 1, "prod": 306.0, "target": 23, "value": 0.19696362358094011, "supply": [{"l": "Aquatic Plants", "v": 0.096550795873009854}, {"l": "Aquatic Animals, Others", "v": 0.0019310159174601967}, {"l": "Aquatic Products, Other", "v": 0.098481811790470053}]}, {"source": 21, "prod": 10856.0, "target": 12, "value": 45.823292093128877, "supply": [{"l": "Honey", "v": 0.55121858103559718}, {"l": "Sweeteners, Other", "v": 4.7629086908931004}, {"l": "Sugar", "v": 40.50916482120018}]}, {"source": 21, "prod": 3920.0, "target": 16, "value": 37.736006600228976, "supply": [{"l": "Olive Oil", "v": 0.339601332684}, {"l": "Soyabean Oil", "v": 20.360478062141805}, {"l": "Coconut Oil", "v": 1.528205997078}, {"l": "Cottonseed Oil", "v": 8.0405267585987463}, {"l": "Rape and Mustard Oil", "v": 0.116737958110125}, {"l": "Maize Germ Oil", "v": 1.6136959158960211}, {"l": "Groundnut Oil", "v": 0.49053525832133338}, {"l": "Palm Oil", "v": 0.68981520701437493}, {"l": "Palmkernel Oil", "v": 0.46309272638727283}, {"l": "Oilcrops Oil, Other", "v": 4.0837060255251005}, {"l": "Sunflowerseed Oil", "v": 0.0096113584721886809}]}, {"source": 21, "prod": 14159.0, "target": 14, "value": 9.8012594875949723, "supply": [{"l": "Beer", "v": 6.0007173141298935}, {"l": "Beverages, Alcoholic", "v": 3.0805220402264051}, {"l": "Alcohol, Non-Food", "v": 0.12245240361201923}, {"l": "Wine", "v": 0.59756772962665394}]}, {"source": 21, "prod": 5422.0, "target": 5, "value": 41.733790589548981, "supply": [{"l": "Fats, Animals, Raw", "v": 32.467696562107832}, {"l": "Fish, Body Oil", "v": 1.5018963534421401}, {"l": "Butter, Ghee", "v": 7.1871486402087967}, {"l": "Fish, Liver Oil", "v": 0.047179990160486074}, {"l": "Cream", "v": 0.52986904362972331}]}, {"source": 2, "prod": 27354.5, "target": 29, "value": 64.564202390605189, "supply": [{"l": "Coconuts - Incl Copra", "v": 2.9776133276399994}, {"l": "Sesame seed", "v": 0.022663333289999997}, {"l": "Groundnuts", "v": 1.8950033297100002}, {"l": "Oilcrops, Other", "v": 4.0480681950248858}, {"l": "Soyabeans", "v": 37.857461288063611}, {"l": "Sunflower seed", "v": 0.10634333313000002}, {"l": "Cottonseed", "v": 18.908193297180006}, {"l": "Olives", "v": 0.25626999951000001}, {"l": "Rape and Mustardseed", "v": 1.0181066647199999}]}, {"source": 3, "prod": 20579.5, "target": 29, "value": 65.161836238660342, "supply": [{"l": "Onions", "v": 4.0741699922100008}, {"l": "Vegetables, Other", "v": 49.008586572959999}, {"l": "Tomatoes", "v": 18.671099964299998}]}, {"source": 4, "prod": 14021.200000000001, "target": 29, "value": 10.207453455172011, "supply": [{"l": "Sugar beet", "v": 8.0267715402080011}, {"l": "Sugar cane", "v": 2.1806819149640106}]}, {"source": 6, "prod": 8183.0, "target": 29, "value": 24.032957523018343, "supply": [{"l": "Roots, Other", "v": 0.027118008720078947}, {"l": "Potatoes", "v": 26.924039948520004}, {"l": "Sweet potatoes", "v": 1.14536999781}, {"l": "Cassava", "v": 0.44193499915500006}]}, {"source": 7, "prod": 1173.0, "target": 29, "value": 4.2569860045055004, "supply": [{"l": "Pulses, Other", "v": 1.2822562397194572}, {"l": "Beans", "v": 3.2495733271200002}, {"l": "Peas", "v": 0.67989999870000006}]}, {"source": 9, "prod": 379220.0, "target": 29, "value": 1158.917759096063, "supply": [{"l": "Sorghum", "v": 82.922490190749784}, {"l": "Rice", "v": 11.568759977880001}, {"l": "Wheat", "v": 320.52577938713995}, {"l": "Oats", "v": 135.31753307460002}, {"l": "Maize", "v": 667.12833872442025}, {"l": "Barley", "v": 84.14721317243999}, {"l": "Cereals, Other", "v": 10.351913313539999}, {"l": "Rye", "v": 7.0395799865399997}, {"l": "Millet", "v": 0.78449999850000007}]}, {"source": 30, "prod": 0, "target": 2, "value": 0.00013821031353122525, "supply": "[{\"l\":'Energy for power irrigation',\"v\":0.00013821031353122525}]"}, {"source": 30, "prod": 0, "target": 13, "value": 1.7197916548275038e-06, "supply": "[{\"l\":'Energy for power irrigation',\"v\":1.7197916548275038e-06}]"}, {"source": 30, "prod": 0, "target": 3, "value": 0.00010363822067502961, "supply": "[{\"l\":'Energy for power irrigation',\"v\":0.00010363822067502961}]"}, {"source": 30, "prod": 0, "target": 4, "value": 0.00017652666728160612, "supply": "[{\"l\":'Energy for power irrigation',\"v\":0.00017652666728160612}]"}, {"source": 30, "prod": 0, "target": 6, "value": 8.2419063610269177e-05, "supply": "[{\"l\":'Energy for power irrigation',\"v\":8.2419063610269177e-05}]"}, {"source": 30, "prod": 0, "target": 7, "value": 5.9072199446930071e-06, "supply": "[{\"l\":'Energy for power irrigation',\"v\":5.9072199446930071e-06}]"}, {"source": 30, "prod": 0, "target": 15, "value": 1.7500076136238872e-06, "supply": "[{\"l\":'Energy for power irrigation',\"v\":1.7500076136238872e-06}]"}, {"source": 30, "prod": 0, "target": 9, "value": 0.00095487465789705116, "supply": "[{\"l\":'Energy for power irrigation',\"v\":0.00095487465789705116}]"}, {"source": 30, "prod": 0, "target": 17, "value": 1.4604380084918772e-07, "supply": "[{\"l\":'Energy for power irrigation',\"v\":1.4604380084918772e-07}]"}, {"source": 30, "prod": 0, "target": 18, "value": 5.0007411808014966e-06, "supply": "[{\"l\":'Energy for power irrigation',\"v\":5.0007411808014966e-06}]"}, {"source": 30, "prod": 0, "target": 20, "value": 9.6132072910694633e-05, "supply": "[{\"l\":'Energy for power irrigation',\"v\":9.6132072910694633e-05}]"}, {"source": 30, "prod": 0, "target": 21, "value": 0.8668470200101358, "supply": "[{\"l\":'Electricity',\"v\":0.8668470200101358}]"}, {"source": 31, "prod": 0, "target": 30, "value": 1.6308660271100157, "supply": [{"l": "Coal", "v": 1.0629485155044172}, {"l": "Natural gas", "v": 0.43891307769949539}, {"l": "Oil", "v": 0.12900443390610331}]}, {"source": 32, "prod": 0, "target": 30, "value": 0.23659172576105464, "supply": [{"l": "Nuclear", "v": 0.0016431748136014556}, {"l": "Hydroelectric", "v": 0.23478405169896763}, {"l": "Renewable", "v": 0.00016449924848554399}]}, {"source": 31, "prod": 0, "target": 2, "value": 14.96561854472705, "supply": [{"l": "Motor Gasoline", "v": 5.5699205271030845}, {"l": "Gas-Diesel oil", "v": 7.7859619833863292}, {"l": "Natural gas (including LNG)", "v": 1.0802120870098795}, {"l": "Fuel oil", "v": 0.014523420585485253}, {"l": "Liquefied petroleum gas (LPG)", "v": 0.1665609862071771}, {"l": "Coal", "v": 0.3484395404350944}]}, {"source": 31, "prod": 0, "target": 13, "value": 0.18622160115958711, "supply": [{"l": "Motor Gasoline", "v": 0.069308162291377276}, {"l": "Gas-Diesel oil", "v": 0.09688301908675441}, {"l": "Natural gas (including LNG)", "v": 0.013441397282292402}, {"l": "Fuel oil", "v": 0.00018071920165946598}, {"l": "Liquefied petroleum gas (LPG)", "v": 0.0020725674284374274}, {"l": "Coal", "v": 0.0043357358690661058}]}, {"source": 31, "prod": 0, "target": 3, "value": 11.222100852309582, "supply": [{"l": "Motor Gasoline", "v": 4.1766539557112692}, {"l": "Gas-Diesel oil", "v": 5.8383721560640183}, {"l": "Natural gas (including LNG)", "v": 0.81000654574212727}, {"l": "Fuel oil", "v": 0.010890514818597307}, {"l": "Liquefied petroleum gas (LPG)", "v": 0.12489722223580685}, {"l": "Coal", "v": 0.26128045773776259}]}, {"source": 31, "prod": 0, "target": 4, "value": 19.11457038198245, "supply": [{"l": "Motor Gasoline", "v": 7.1140820286958926}, {"l": "Gas-Diesel oil", "v": 9.9444816048257749}, {"l": "Natural gas (including LNG)", "v": 1.3796816952743647}, {"l": "Fuel oil", "v": 0.018549780895371189}, {"l": "Liquefied petroleum gas (LPG)", "v": 0.21273706023138256}, {"l": "Coal", "v": 0.44503821205966088}]}, {"source": 31, "prod": 0, "target": 6, "value": 8.9244589299496404, "supply": [{"l": "Motor Gasoline", "v": 3.3215150338526511}, {"l": "Gas-Diesel oil", "v": 4.6430087565851323}, {"l": "Natural gas (including LNG)", "v": 0.64416371280233509}, {"l": "Fuel oil", "v": 0.0086607626774782426}, {"l": "Liquefied petroleum gas (LPG)", "v": 0.099325442265906116}, {"l": "Coal", "v": 0.20778522176613728}]}, {"source": 31, "prod": 0, "target": 7, "value": 0.63964257147934311, "supply": [{"l": "Motor Gasoline", "v": 0.23806288248253452}, {"l": "Gas-Diesel oil", "v": 0.33277827639462054}, {"l": "Natural gas (including LNG)", "v": 0.046169133271241544}, {"l": "Fuel oil", "v": 0.00062074267509971775}, {"l": "Liquefied petroleum gas (LPG)", "v": 0.0071189504935786308}, {"l": "Coal", "v": 0.014892586162268058}]}, {"source": 31, "prod": 0, "target": 15, "value": 0.1894934301697116, "supply": [{"l": "Motor Gasoline", "v": 0.070525875245252112}, {"l": "Gas-Diesel oil", "v": 0.098585209758849643}, {"l": "Natural gas (including LNG)", "v": 0.013677556531761666}, {"l": "Fuel oil", "v": 0.00018389435600780211}, {"l": "Liquefied petroleum gas (LPG)", "v": 0.0021089814974582896}, {"l": "Coal", "v": 0.0044119127803820546}]}, {"source": 31, "prod": 0, "target": 9, "value": 103.39524976828494, "supply": [{"l": "Motor Gasoline", "v": 38.481758864035264}, {"l": "Gas-Diesel oil", "v": 53.792062222663255}, {"l": "Natural gas (including LNG)", "v": 7.4630258819779272}, {"l": "Fuel oil", "v": 0.10034016933133628}, {"l": "Liquefied petroleum gas (LPG)", "v": 1.1507452711742916}, {"l": "Coal", "v": 2.4073173591028527}]}, {"source": 31, "prod": 0, "target": 17, "value": 0.015813840215601831, "supply": [{"l": "Motor Gasoline", "v": 0.0058856126103951408}, {"l": "Gas-Diesel oil", "v": 0.0082272549151270209}, {"l": "Natural gas (including LNG)", "v": 0.0011414363724347866}, {"l": "Fuel oil", "v": 1.5346579350291399e-05}, {"l": "Liquefied petroleum gas (LPG)", "v": 0.00017600133360083571}, {"l": "Coal", "v": 0.00036818840469375418}]}, {"source": 31, "prod": 0, "target": 18, "value": 0.54148770117560752, "supply": [{"l": "Motor Gasoline", "v": 0.2015314938662888}, {"l": "Gas-Diesel oil", "v": 0.28171255623176317}, {"l": "Natural gas (including LNG)", "v": 0.039084355787163558}, {"l": "Fuel oil", "v": 0.00052548804464963312}, {"l": "Liquefied petroleum gas (LPG)", "v": 0.0060265284229527542}, {"l": "Coal", "v": 0.012607278822789584}]}, {"source": 31, "prod": 0, "target": 20, "value": 10.40932399571115, "supply": [{"l": "Motor Gasoline", "v": 3.8741537627528571}, {"l": "Gas-Diesel oil", "v": 5.4155196232710248}, {"l": "Natural gas (including LNG)", "v": 0.75134065218647039}, {"l": "Fuel oil", "v": 0.010101753559231466}, {"l": "Liquefied petroleum gas (LPG)", "v": 0.11585136058987423}, {"l": "Coal", "v": 0.24235684335169219}]}, {"source": 33, "prod": 91.834297676593209, "target": 2, "value": 1.0901184285684347, "supply": [{"l": "Potash", "v": 0.58735014387790474}, {"l": "Phosphate", "v": 0.9301082716678627}, {"l": "Nitrogen", "v": 10.836753698499887}]}, {"source": 33, "prod": 1.1427212248922947, "target": 13, "value": 0.013564664809201132, "supply": [{"l": "Potash", "v": 0.58735014387790474}, {"l": "Phosphate", "v": 0.9301082716678627}, {"l": "Nitrogen", "v": 10.836753698499887}]}, {"source": 33, "prod": 68.862756801379149, "target": 3, "value": 0.81743490319459644, "supply": [{"l": "Potash", "v": 0.58735014387790474}, {"l": "Phosphate", "v": 0.9301082716678627}, {"l": "Nitrogen", "v": 10.836753698499887}]}, {"source": 33, "prod": 117.29372502532827, "target": 4, "value": 1.3923343940173565, "supply": [{"l": "Potash", "v": 0.58735014387790474}, {"l": "Phosphate", "v": 0.9301082716678627}, {"l": "Nitrogen", "v": 10.836753698499887}]}, {"source": 33, "prod": 54.763618057356645, "target": 6, "value": 0.65007116915779128, "supply": [{"l": "Potash", "v": 0.58735014387790474}, {"l": "Phosphate", "v": 0.9301082716678627}, {"l": "Nitrogen", "v": 10.836753698499887}]}, {"source": 33, "prod": 3.9250717329389797, "target": 7, "value": 0.046592538275821167, "supply": [{"l": "Potash", "v": 0.58735014387790474}, {"l": "Phosphate", "v": 0.9301082716678627}, {"l": "Nitrogen", "v": 10.836753698499887}]}, {"source": 33, "prod": 1.1627983181554096, "target": 15, "value": 0.013802989813169525, "supply": [{"l": "Potash", "v": 0.58735014387790474}, {"l": "Phosphate", "v": 0.9301082716678627}, {"l": "Nitrogen", "v": 10.836753698499887}]}, {"source": 33, "prod": 634.46960893653875, "target": 9, "value": 7.5314673337412197, "supply": [{"l": "Potash", "v": 0.58735014387790474}, {"l": "Phosphate", "v": 0.9301082716678627}, {"l": "Nitrogen", "v": 10.836753698499887}]}, {"source": 33, "prod": 0.097039284105055759, "target": 17, "value": 0.0011519041858472411, "supply": [{"l": "Potash", "v": 0.58735014387790474}, {"l": "Phosphate", "v": 0.9301082716678627}, {"l": "Nitrogen", "v": 10.836753698499887}]}, {"source": 33, "prod": 3.3227589350455302, "target": 18, "value": 0.039442788156769326, "supply": [{"l": "Potash", "v": 0.58735014387790474}, {"l": "Phosphate", "v": 0.9301082716678627}, {"l": "Nitrogen", "v": 10.836753698499887}]}, {"source": 33, "prod": 63.87527221660033, "target": 20, "value": 0.75823100012544775, "supply": [{"l": "Potash", "v": 0.58735014387790474}, {"l": "Phosphate", "v": 0.9301082716678627}, {"l": "Nitrogen", "v": 10.836753698499887}]}, {"source": 31, "prod": 0, "target": 33, "value": 15.126183507151422, "supply": [{"l": "Natural gas (including LNG)", "v": 10.1243732842662}, {"l": "Fuel oil", "v": 3.0861844144359907}, {"l": "Liquefied petroleum gas (LPG)", "v": 0.95781290422461507}, {"l": "Coal", "v": 0.95781290422461507}]}, {"source": 34, "prod": 0, "target": 6, "value": 0.15610003942130082, "supply": "[{\"l\":'Labor',\"v\":0.15610003942130082}]"}, {"source": 34, "prod": 0, "target": 17, "value": 0.00027660400484038396, "supply": "[{\"l\":'Labor',\"v\":0.00027660400484038396}]"}, {"source": 34, "prod": 0, "target": 2, "value": 0.26176753830489369, "supply": "[{\"l\":'Labor',\"v\":0.26176753830489369}]"}, {"source": 34, "prod": 0, "target": 13, "value": 0.0032572506087238319, "supply": "[{\"l\":'Labor',\"v\":0.0032572506087238319}]"}, {"source": 34, "prod": 0, "target": 3, "value": 0.19628869371078214, "supply": "[{\"l\":'Labor',\"v\":0.19628869371078214}]"}, {"source": 34, "prod": 0, "target": 4, "value": 0.33433793729896477, "supply": "[{\"l\":'Labor',\"v\":0.33433793729896477}]"}, {"source": 34, "prod": 0, "target": 7, "value": 0.011188155092336911, "supply": "[{\"l\":'Labor',\"v\":0.011188155092336911}]"}, {"source": 34, "prod": 0, "target": 9, "value": 1.8085132881994896, "supply": "[{\"l\":'Labor',\"v\":1.8085132881994896}]"}, {"source": 34, "prod": 0, "target": 15, "value": 0.0033144790235183938, "supply": "[{\"l\":'Labor',\"v\":0.0033144790235183938}]"}, {"source": 34, "prod": 0, "target": 18, "value": 0.0094713026485000445, "supply": "[{\"l\":'Labor',\"v\":0.0094713026485000445}]"}, {"source": 34, "prod": 0, "target": 20, "value": 0.18207220166889965, "supply": "[{\"l\":'Labor',\"v\":0.18207220166889965}]"}, {"source": 31, "prod": 0, "target": 25, "value": 94.298621669396468, "supply": "[{\"l\":'Fossil Fuels',\"v\":94.298621669396468}]"}, {"source": 32, "prod": 0, "target": 25, "value": 5.2585214403007843, "supply": "[{\"l\":'Renewables & Nuclear',\"v\":2.0432924822581651},{\"l\":'Biomass & Waste',\"v\":3.2152289580426197}]"}]}