{"nodes": [{"layer": 5, "name": "Cereals", "fill": "#e7ba52"}, {"layer": 10, "name": "Feed", "fill": "#dbdb8d"}, {"layer": 13, "name": "Other Processed", "fill": "#9c9ede"}, {"layer": 16, "name": "Food", "fill": "#b5cf6b"}, {"layer": 13, "name": "Animal Products", "fill": "#17becf"}, {"layer": 5, "name": "Oilcrops", "fill": "#ff9896"}, {"layer": 13, "name": "Sugar", "fill": "#d6616b"}, {"layer": 5, "name": "Starchy Roots"}, {"layer": 5, "name": "Fruits & Vegetables"}, {"layer": 5, "name": "Others"}, {"layer": 13, "name": "Aquatic Products", "fill": "#1f77b4"}, {"layer": 13, "name": "Vegetable Oils", "fill": "#f7b6d2"}, {"layer": 10, "name": "Processing", "fill": "#9edae5"}, {"layer": 16, "name": "Biofuels & Other", "fill": "#e7ba52"}, {"name": "Waste", "fill": "#c7c7c7"}, {"layer": 5, "name": "Sugar Crops", "fill": "#ffbb78"}, {"layer": 2, "name": "Import", "fill": "#aec7e8"}, {"layer": 16, "name": "Export", "fill": "#aec7e8"}, {"layer": 16, "name": "Stock Deposit", "fill": "#c7c7c7"}, {"layer": 0, "name": "Stock Draw", "fill": "#c7c7c7"}, {"name": "Crop Residue", "fill": "#bd9e39"}, {"layer": 2, "name": "Electricity", "fill": "#bcbd22"}, {"layer": 0, "name": "Fossil Fuels", "fill": "#c49c94"}, {"layer": 0, "name": "Renewables & Nuclear", "fill": "#2ca02c"}, {"layer": 2, "name": "Fertilizers", "fill": "#c5b0d5"}, {"layer": 0, "name": "Labor", "fill": "#7f7f7f"}], "links": [{"source": 0, "prod": 7.0, "target": 1, "value": 0.023727239243268194, "supply": [{"l": "Sorghum", "v": 0.020343530312539933}, {"l": "Millet", "v": 0.003383708930728261}]}, {"source": 2, "prod": 177.0, "target": 3, "value": 0.086913028072611101, "supply": [{"l": "Beer", "v": 0.0032299039793315222}, {"l": "Beverages, Fermented", "v": 0.083683124093279576}]}, {"source": 4, "prod": 48.0, "target": 3, "value": 0.056895840893828695, "supply": [{"l": "Meat, Other", "v": 0.0030321547561071431}, {"l": "Eggs", "v": 0.0062312171134678903}, {"l": "Pigmeat", "v": 0.0071949434890677963}, {"l": "Milk - Excluding Butter", "v": 0.01826820962024276}, {"l": "Mutton & Goat Meat", "v": 0.0021769316197692307}, {"l": "Bovine Meat", "v": 0.011245077241192052}, {"l": "Poultry Meat", "v": 0.0056600222113999997}, {"l": "Offals, Edible", "v": 0.0030872848425818182}]}, {"source": 0, "prod": 406.0, "target": 3, "value": 1.6218070820821386, "supply": [{"l": "Maize", "v": 0.048054542511113761}, {"l": "Rice", "v": 1.3863465253253691}, {"l": "Cereals, Other", "v": 0.00265313541159375}, {"l": "Wheat", "v": 0.079782227979840442}, {"l": "Sorghum", "v": 0.037296472239656549}, {"l": "Millet", "v": 0.067674178614565206}]}, {"source": 5, "prod": 12.0, "target": 3, "value": 0.067250417969764567, "supply": [{"l": "Coconuts - Incl Copra", "v": 0.002497068622676471}, {"l": "Sesame seed", "v": 0.013206718493266666}, {"l": "Groundnuts", "v": 0.051546630853821433}]}, {"source": 6, "prod": 21.0, "target": 3, "value": 0.08588132441562292, "supply": [{"l": "Sugar", "v": 0.083384255792946449}, {"l": "Honey", "v": 0.002497068622676471}]}, {"source": 7, "prod": 130.0, "target": 3, "value": 0.16328053764417183, "supply": [{"l": "Roots, Other", "v": 0.0073918200522014943}, {"l": "Potatoes", "v": 0.0015722283920555555}, {"l": "Sweet potatoes", "v": 0.014063245371883439}, {"l": "Cassava", "v": 0.14025324382803134}]}, {"source": 8, "prod": 338.0, "target": 3, "value": 0.24084691211084897, "supply": [{"l": "Plantains", "v": 0.026184790709488391}, {"l": "Citrus, Other", "v": 0.018192928536642859}, {"l": "Tomatoes", "v": 0.0060446839150873795}, {"l": "Treenuts", "v": 0.018192928536642859}, {"l": "Vegetables, Other", "v": 0.036431034447352378}, {"l": "Peas", "v": 0.0036385857073285722}, {"l": "Pulses, Other", "v": 0.10351985451470896}, {"l": "Fruits, Other", "v": 0.025867585051734823}, {"l": "Onions", "v": 0.002774520691862745}]}, {"source": 9, "prod": 13.0, "target": 3, "value": 0.036123548916234094, "supply": [{"l": "Nuts", "v": 0.019898515586953127}, {"l": "Coffee", "v": 0.0033690608401190474}, {"l": "Pimento", "v": 0.0073189942388793118}, {"l": "Cocoa Beans", "v": 0.0055369782502826094}]}, {"source": 10, "prod": 120.0, "target": 3, "value": 0.087804984455994176, "supply": [{"l": "Freshwater Fish", "v": 0.013616091168933961}, {"l": "Fish, Seafood", "v": 0.043810576731187538}, {"l": "Pelagic Fish", "v": 0.027548305450172676}, {"l": "Demersal Fish", "v": 0.0028300111056999999}]}, {"source": 11, "prod": 59.0, "target": 3, "value": 0.60716732564539078, "supply": [{"l": "Palm Oil", "v": 0.4837202894829597}, {"l": "Oilcrops Oil, Other", "v": 0.010246591934431035}, {"l": "Palmkernel Oil", "v": 0.11320044422800001}]}, {"source": 0, "prod": 1.0, "target": 12, "value": 0.0033871486580757922, "supply": [{"l": "Barley", "v": 0.0033871486580757922}]}, {"source": 5, "prod": 272.29607250755294, "target": 12, "value": 1.2108591688067429, "supply": [{"l": "Palm kernels", "v": 0.16108322141819198}, {"l": "Oil Palm", "v": 1.0497759473885508}]}, {"source": 11, "prod": 4.0, "target": 13, "value": 0.041167684211315718, "supply": [{"l": "Palm Oil", "v": 0.041167684211315718}]}, {"source": 9, "prod": 20.0, "target": 13, "value": 0.057014030673710275, "supply": [{"l": "Spices, Other", "v": 0.0053062708231875}, {"l": "Coffee", "v": 0.0074119338482619042}, {"l": "Cocoa Beans", "v": 0.044295826002260875}]}, {"source": 8, "prod": 2.0, "target": 8, "value": 0.0079630657319006894, "supply": [{"l": "Pulses, Other", "v": 0.0079630657319006894}]}, {"source": 4, "prod": 1.0, "target": 4, "value": 0.0015578042783669726, "supply": [{"l": "Eggs", "v": 0.0015578042783669726}]}, {"source": 0, "prod": 25.0, "target": 0, "value": 0.10167301779973337, "supply": [{"l": "Rice", "v": 0.094898720483581792}, {"l": "Sorghum", "v": 0.0033905883854233225}, {"l": "Millet", "v": 0.003383708930728261}]}, {"source": 5, "prod": 1.0, "target": 5, "value": 0.0064433288567276792, "supply": [{"l": "Groundnuts", "v": 0.0064433288567276792}]}, {"source": 4, "prod": 2.0, "target": 14, "value": 0.0022604277252993863, "supply": [{"l": "Eggs", "v": 0.0015578042783669726}, {"l": "Milk - Excluding Butter", "v": 0.00070262344693241381}]}, {"source": 0, "prod": 46.0, "target": 14, "value": 0.18621308297645714, "supply": [{"l": "Maize", "v": 0.0036965032700856742}, {"l": "Wheat", "v": 0.0031912891191936171}, {"l": "Millet", "v": 0.006767417861456522}, {"l": "Rice", "v": 0.16916728434029799}, {"l": "Sorghum", "v": 0.0033905883854233225}]}, {"source": 5, "prod": 4.0, "target": 14, "value": 0.025773315426910717, "supply": [{"l": "Palm kernels", "v": 0.025773315426910717}]}, {"source": 15, "prod": 7.0, "target": 14, "value": 0.0025690302544538906, "supply": [{"l": "Sugar cane", "v": 0.0025690302544538906}]}, {"source": 7, "prod": 2.0, "target": 14, "value": 0.0022279114074952614, "supply": [{"l": "Roots, Other", "v": 0.0010559742931716418}, {"l": "Sweet potatoes", "v": 0.0011719371143236199}]}, {"source": 8, "prod": 34.0, "target": 14, "value": 0.022316662267993732, "supply": [{"l": "Vegetables, Other", "v": 0.0040478927163724856}, {"l": "Plantains", "v": 0.0010473916283795356}, {"l": "Fruits, Other", "v": 0.002639549495074982}, {"l": "Citrus, Other", "v": 0.0020877131107622953}, {"l": "Pulses, Other", "v": 0.011944598597851035}, {"l": "Tomatoes", "v": 0.0005495167195533981}]}, {"source": 16, "prod": 16.0, "target": 12, "value": 0.069076985843683769, "supply": [{"l": "Sugar", "v": 0.058368979055062518}, {"l": "Beer", "v": 0.00046141485419021742}, {"l": "Oilcrops Oil, Other", "v": 0.010246591934431035}]}, {"source": 16, "prod": 122.0, "target": 0, "value": 0.47833364166755643, "supply": [{"l": "Wheat", "v": 0.082973517099034041}, {"l": "Barley", "v": 0.0033871486580757922}, {"l": "Rice", "v": 0.39197297591044661}]}, {"source": 16, "prod": 30.0, "target": 1, "value": 0.021577551323690311, "supply": [{"l": "Pelagic Fish", "v": 0.0072495540658349148}, {"l": "Milk - Excluding Butter", "v": 0.0070262344693241387}, {"l": "Fish, Seafood", "v": 0.0073017627885312566}]}, {"source": 16, "prod": 10.0, "target": 8, "value": 0.00414831249074624, "supply": [{"l": "Onions", "v": 0.002774520691862745}, {"l": "Tomatoes", "v": 0.0013737917988834955}]}, {"source": 16, "prod": 1.0, "target": 7, "value": 0.0015722283920555555, "supply": [{"l": "Potatoes", "v": 0.0015722283920555555}]}, {"source": 10, "prod": 2.0, "target": 17, "value": 0.0012355354048709829, "supply": [{"l": "Fish, Seafood", "v": 0.00073017627885312562}, {"l": "Crustaceans", "v": 0.00050535912601785721}]}, {"source": 8, "prod": 1.0, "target": 17, "value": 0.0036385857073285722, "supply": [{"l": "Treenuts", "v": 0.0036385857073285722}]}, {"source": 5, "prod": 8.0, "target": 17, "value": 0.051546630853821433, "supply": [{"l": "Palm kernels", "v": 0.051546630853821433}]}, {"source": 11, "prod": 1.0, "target": 17, "value": 0.010290949475272726, "supply": [{"l": "Palmkernel Oil", "v": 0.010290949475272726}]}, {"source": 9, "prod": 21.0, "target": 17, "value": 0.066087607300454806, "supply": [{"l": "Coffee", "v": 0.0067381216802380947}, {"l": "Cocoa Beans", "v": 0.055369782502826093}, {"l": "Nuts", "v": 0.0039797031173906252}]}, {"source": 0, "prod": 1.0, "target": 18, "value": 0.0033905883854233225, "supply": [{"l": "Sorghum", "v": 0.0033905883854233225}]}, {"source": 19, "prod": 19.0, "target": 0, "value": 0.078394595182089299, "supply": [{"l": "Rice", "v": 0.078394595182089299}]}, {"source": 1, "prod": 122.0, "target": 10, "value": 0.089040519860865155, "supply": [{"l": "Crustaceans", "v": 0.00050535912601785721}, {"l": "Freshwater Fish", "v": 0.013616091168933961}, {"l": "Pelagic Fish", "v": 0.027548305450172676}, {"l": "Demersal Fish", "v": 0.0028300111056999999}, {"l": "Fish, Seafood", "v": 0.044540753010040665}]}, {"source": 1, "prod": 50.0, "target": 4, "value": 0.05915626861912808, "supply": [{"l": "Poultry Meat", "v": 0.0056600222113999997}, {"l": "Pigmeat", "v": 0.0071949434890677963}, {"l": "Bovine Meat", "v": 0.011245077241192052}, {"l": "Eggs", "v": 0.0093468256702018363}, {"l": "Milk - Excluding Butter", "v": 0.018970833067175175}, {"l": "Offals, Edible", "v": 0.0030872848425818182}, {"l": "Meat, Other", "v": 0.0030321547561071431}, {"l": "Mutton & Goat Meat", "v": 0.0021769316197692307}]}, {"source": 12, "prod": 177.0, "target": 2, "value": 0.086913028072611101, "supply": [{"l": "Beer", "v": 0.0032299039793315222}, {"l": "Beverages, Fermented", "v": 0.083683124093279576}]}, {"source": 12, "prod": 64.0, "target": 11, "value": 0.6586259593319792, "supply": [{"l": "Palm Oil", "v": 0.52488797369427542}, {"l": "Palmkernel Oil", "v": 0.12349139370327274}, {"l": "Oilcrops Oil, Other", "v": 0.010246591934431035}]}, {"source": 12, "prod": 21.0, "target": 6, "value": 0.08588132441562292, "supply": [{"l": "Honey", "v": 0.002497068622676471}, {"l": "Sugar", "v": 0.083384255792946449}]}, {"source": 7, "prod": 65.75, "target": 20, "value": 0.23471177425849279, "supply": [{"l": "Roots, Other", "v": 0.013946666639999999}, {"l": "Potatoes", "v": 0.00087166666499999994}, {"l": "Sweet potatoes", "v": 0.02266333329}, {"l": "Cassava", "v": 0.1917666663}]}, {"source": 15, "prod": 15.4, "target": 20, "value": 0.0056518665597985601, "supply": [{"l": "Sugar cane", "v": 0.0056518665597985601}]}, {"source": 8, "prod": 370.0, "target": 20, "value": 1.7134182194917014, "supply": [{"l": "Vegetables, Other", "v": 0.55786666560000009}, {"l": "Tomatoes", "v": 0.074963333190000009}, {"l": "Peas", "v": 0.0034866666600000002}, {"l": "Pulses, Other", "v": 0.10808666645999999}, {"l": "Onions", "v": 0.0087166666499999997}]}, {"source": 0, "prod": 831.0, "target": 20, "value": 3.422085089644133, "supply": [{"l": "Maize", "v": 0.097626666479999985}, {"l": "Barley", "v": 0.0034866666600000006}, {"l": "Rice", "v": 2.3953399954200001}, {"l": "Cereals, Other", "v": 0.0069733333199999996}, {"l": "Wheat", "v": 0.090653333160000016}, {"l": "Sorghum", "v": 0.13946666639999999}, {"l": "Millet", "v": 0.16387333301999996}]}, {"source": 5, "prod": 51.5, "target": 20, "value": 0.17270890291211533, "supply": [{"l": "Coconuts - Incl Copra", "v": 0.0087166666499999997}, {"l": "Sesame seed", "v": 0.0069733333200000004}, {"l": "Groundnuts", "v": 0.033123333269999999}, {"l": "Palm kernels", "v": 0.13074999975000001}]}, {"source": 21, "prod": 0, "target": 0, "value": 0.0028867125682403246, "supply": "[{\"l\":'Energy for power irrigation',\"v\":0.0028867125682403246}]"}, {"source": 21, "prod": 0, "target": 5, "value": 0.0020759046398276782, "supply": "[{\"l\":'Energy for power irrigation',\"v\":0.0020759046398276782}]"}, {"source": 21, "prod": 0, "target": 15, "value": 0.00026748118863358002, "supply": "[{\"l\":'Energy for power irrigation',\"v\":0.00026748118863358002}]"}, {"source": 21, "prod": 0, "target": 7, "value": 0.00091360457935885119, "supply": "[{\"l\":'Energy for power irrigation',\"v\":0.00091360457935885119}]"}, {"source": 21, "prod": 0, "target": 8, "value": 0.0025705984362188205, "supply": "[{\"l\":'Energy for power irrigation',\"v\":0.0025705984362188205}]"}, {"source": 21, "prod": 0, "target": 9, "value": 0.00037864220209169114, "supply": "[{\"l\":'Energy for power irrigation',\"v\":0.00037864220209169114}]"}, {"source": 21, "prod": 0, "target": 12, "value": 0.0015262695421925712, "supply": "[{\"l\":'Electricity',\"v\":0.0015262695421925712}]"}, {"source": 22, "prod": 0, "target": 21, "value": 0.0072372790218569417, "supply": [{"l": "Coal", "v": 0.00017415914075413644}, {"l": "Natural gas", "v": 0.0028136664153165991}, {"l": "Oil", "v": 0.0042494534657862059}]}, {"source": 23, "prod": 0, "target": 21, "value": 0.0076328333355739535, "supply": [{"l": "Nuclear", "v": 0.0}, {"l": "Hydroelectric", "v": 0.007612018509235435}, {"l": "Renewable", "v": 2.0814826338518524e-05}]}, {"source": 22, "prod": 0, "target": 0, "value": 0.032157686245245891, "supply": [{"l": "Other fossil fuels", "v": 0.032157686245245891}]}, {"source": 22, "prod": 0, "target": 5, "value": 0.023125367872466013, "supply": [{"l": "Other fossil fuels", "v": 0.023125367872466013}]}, {"source": 22, "prod": 0, "target": 15, "value": 0.002979713406599198, "supply": [{"l": "Other fossil fuels", "v": 0.002979713406599198}]}, {"source": 22, "prod": 0, "target": 7, "value": 0.01017746267448817, "supply": [{"l": "Other fossil fuels", "v": 0.01017746267448817}]}, {"source": 22, "prod": 0, "target": 8, "value": 0.028636206764719563, "supply": [{"l": "Other fossil fuels", "v": 0.028636206764719563}]}, {"source": 22, "prod": 0, "target": 9, "value": 0.0042180358612897732, "supply": [{"l": "Other fossil fuels", "v": 0.0042180358612897732}]}, {"source": 24, "prod": 1.1428824027062994, "target": 0, "value": 0.011678212264403512, "supply": [{"l": "Potash", "v": 0.001538333334564}, {"l": "Phosphate", "v": 0.0058916666713799996}, {"l": "Nitrogen", "v": 0.029355555579039998}]}, {"source": 24, "prod": 0.82187430389082494, "target": 5, "value": 0.0083980841360127689, "supply": [{"l": "Potash", "v": 0.001538333334564}, {"l": "Phosphate", "v": 0.0058916666713799996}, {"l": "Nitrogen", "v": 0.029355555579039998}]}, {"source": 24, "prod": 0.10589885079228044, "target": 15, "value": 0.0010820966839459329, "supply": [{"l": "Potash", "v": 0.001538333334564}, {"l": "Phosphate", "v": 0.0058916666713799996}, {"l": "Nitrogen", "v": 0.029355555579039998}]}, {"source": 24, "prod": 0.36170646439441245, "target": 7, "value": 0.0036959925698413039, "supply": [{"l": "Potash", "v": 0.001538333334564}, {"l": "Phosphate", "v": 0.0058916666713799996}, {"l": "Nitrogen", "v": 0.029355555579039998}]}, {"source": 24, "prod": 1.0177292154063315, "target": 8, "value": 0.010399370728831044, "supply": [{"l": "Potash", "v": 0.001538333334564}, {"l": "Phosphate", "v": 0.0058916666713799996}, {"l": "Nitrogen", "v": 0.029355555579039998}]}, {"source": 24, "prod": 0.14990876280985152, "target": 9, "value": 0.0015317992019494376, "supply": [{"l": "Potash", "v": 0.001538333334564}, {"l": "Phosphate", "v": 0.0058916666713799996}, {"l": "Nitrogen", "v": 0.029355555579039998}]}, {"source": 22, "prod": 0, "target": 24, "value": 0.044665176169219382, "supply": [{"l": "Natural gas (including LNG)", "v": 0.03022261818204619}, {"l": "Fuel oil", "v": 0.0092533415988410236}, {"l": "Liquefied petroleum gas (LPG)", "v": 0.0025946081941660821}, {"l": "Coal", "v": 0.0025946081941660821}]}, {"source": 25, "prod": 0, "target": 0, "value": 0.17007601977485046, "supply": "[{\"l\":'Labor',\"v\":0.17007601977485046}]"}, {"source": 25, "prod": 0, "target": 5, "value": 0.12230576831875385, "supply": "[{\"l\":'Labor',\"v\":0.12230576831875385}]"}, {"source": 25, "prod": 0, "target": 15, "value": 0.015759149846767129, "supply": "[{\"l\":'Labor',\"v\":0.015759149846767129}]"}, {"source": 25, "prod": 0, "target": 7, "value": 0.053826706619477339, "supply": "[{\"l\":'Labor',\"v\":0.053826706619477339}]"}, {"source": 25, "prod": 0, "target": 8, "value": 0.15145156995594383, "supply": "[{\"l\":'Labor',\"v\":0.15145156995594383}]"}, {"source": 25, "prod": 0, "target": 9, "value": 0.022308406925943079, "supply": "[{\"l\":'Labor',\"v\":0.022308406925943079}]"}, {"source": 22, "prod": 0, "target": 16, "value": 0.11928601005899558, "supply": "[{\"l\":'Fossil Fuels',\"v\":0.11928601005899558}]"}, {"source": 23, "prod": 0, "target": 16, "value": 0.64115637831835004, "supply": "[{\"l\":'Renewables & Nuclear',\"v\":0.014335913643898007},{\"l\":'Biomass & Waste',\"v\":0.62682046467445207}]"}]}