{"nodes": [{"layer": 5, "name": "Cereals", "fill": "#e7ba52"}, {"layer": 10, "name": "Feed", "fill": "#dbdb8d"}, {"layer": 13, "name": "Other Processed", "fill": "#9c9ede"}, {"layer": 16, "name": "Food", "fill": "#b5cf6b"}, {"layer": 13, "name": "Animal Products", "fill": "#17becf"}, {"layer": 5, "name": "Oilcrops", "fill": "#ff9896"}, {"layer": 13, "name": "Sugar", "fill": "#d6616b"}, {"layer": 5, "name": "Starchy Roots"}, {"layer": 5, "name": "Fruits & Vegetables"}, {"layer": 5, "name": "Others"}, {"layer": 13, "name": "Aquatic Products", "fill": "#1f77b4"}, {"layer": 13, "name": "Vegetable Oils", "fill": "#f7b6d2"}, {"layer": 10, "name": "Processing", "fill": "#9edae5"}, {"layer": 16, "name": "Biofuels & Other", "fill": "#e7ba52"}, {"name": "Waste", "fill": "#c7c7c7"}, {"layer": 2, "name": "Import", "fill": "#aec7e8"}, {"layer": 16, "name": "Export", "fill": "#aec7e8"}, {"layer": 16, "name": "Stock Deposit", "fill": "#c7c7c7"}, {"layer": 0, "name": "Stock Draw", "fill": "#c7c7c7"}, {"name": "Crop Residue", "fill": "#bd9e39"}, {"layer": 2, "name": "Electricity", "fill": "#bcbd22"}, {"layer": 0, "name": "Fossil Fuels", "fill": "#c49c94"}, {"layer": 0, "name": "Renewables & Nuclear", "fill": "#2ca02c"}, {"layer": 2, "name": "Fertilizers", "fill": "#c5b0d5"}, {"layer": 0, "name": "Labor", "fill": "#7f7f7f"}], "links": [{"source": 0, "prod": 3.0, "target": 1, "value": 0.010467164363547948, "supply": [{"l": "Sorghum", "v": 0.010467164363547948}]}, {"source": 2, "prod": 144.0, "target": 3, "value": 0.069876431848450868, "supply": [{"l": "Beer", "v": 0.0040357552739735915}, {"l": "Beverages, Fermented", "v": 0.065840676574477272}]}, {"source": 4, "prod": 63.0, "target": 3, "value": 0.062582271937333442, "supply": [{"l": "Eggs", "v": 0.0047166851761666663}, {"l": "Pigmeat", "v": 0.0067920266536800004}, {"l": "Milk - Excluding Butter", "v": 0.023715535912262678}, {"l": "Meat, Other", "v": 0.002572737368818182}, {"l": "Mutton & Goat Meat", "v": 0.0019295530266136365}, {"l": "Bovine Meat", "v": 0.014919723820845188}, {"l": "Poultry Meat", "v": 0.005240761306851853}, {"l": "Offals, Edible", "v": 0.0026952486720952383}]}, {"source": 0, "prod": 395.0, "target": 3, "value": 1.5765728629576414, "supply": [{"l": "Maize", "v": 0.044350920313208961}, {"l": "Rice", "v": 1.3530658894378806}, {"l": "Cereals, Other", "v": 0.01978260190392233}, {"l": "Wheat", "v": 0.10745198416954688}, {"l": "Sorghum", "v": 0.024423383514945204}, {"l": "Millet", "v": 0.027498083618137655}]}, {"source": 5, "prod": 12.0, "target": 3, "value": 0.066507898152132372, "supply": [{"l": "Coconuts - Incl Copra", "v": 0.0022640088845600004}, {"l": "Sesame seed", "v": 0.0062426715566911775}, {"l": "Groundnuts", "v": 0.058001217710881188}]}, {"source": 6, "prod": 26.0, "target": 3, "value": 0.11059385505169737, "supply": [{"l": "Sugar", "v": 0.10188039980520001}, {"l": "Honey", "v": 0.0044684385879473695}, {"l": "Sweeteners, Other", "v": 0.00424501665855}]}, {"source": 7, "prod": 119.0, "target": 3, "value": 0.14531688965895079, "supply": [{"l": "Roots, Other", "v": 0.018443865481975862}, {"l": "Potatoes", "v": 0.0015722283920555555}, {"l": "Sweet potatoes", "v": 0.01064580980200627}, {"l": "Cassava", "v": 0.11465498598291309}]}, {"source": 8, "prod": 279.0, "target": 3, "value": 0.21351082817408379, "supply": [{"l": "Plantains", "v": 0.019768459929522059}, {"l": "Citrus, Other", "v": 0.015748456569174792}, {"l": "Tomatoes", "v": 0.0025052557329147546}, {"l": "Treenuts", "v": 0.021093250477267081}, {"l": "Vegetables, Other", "v": 0.031590821645023255}, {"l": "Peas", "v": 0.00424501665855}, {"l": "Pulses, Other", "v": 0.094927931577023617}, {"l": "Fruits, Other", "v": 0.021191970838315134}, {"l": "Onions", "v": 0.0024396647462931035}]}, {"source": 9, "prod": 7.0, "target": 3, "value": 0.028310413245226061, "supply": [{"l": "Nuts", "v": 0.02070739833439024}, {"l": "Pimento", "v": 0.0076030149108358216}]}, {"source": 10, "prod": 138.0, "target": 3, "value": 0.10447308645504229, "supply": [{"l": "Freshwater Fish", "v": 0.0091197288828184144}, {"l": "Fish, Seafood", "v": 0.052704660268097177}, {"l": "Pelagic Fish", "v": 0.035564737590672781}, {"l": "Molluscs, Other", "v": 0.00076383565605937938}, {"l": "Demersal Fish", "v": 0.0063201240573945404}]}, {"source": 11, "prod": 46.0, "target": 3, "value": 0.47288826725136746, "supply": [{"l": "Soyabean Oil", "v": 0.0095855214870483874}, {"l": "Palm Oil", "v": 0.44251082743672726}, {"l": "Palmkernel Oil", "v": 0.020791918327591835}]}, {"source": 0, "prod": 2.0, "target": 12, "value": 0.0069263152401165219, "supply": [{"l": "Barley", "v": 0.0069263152401165219}]}, {"source": 5, "prod": 237.18181818181819, "target": 12, "value": 1.0447962123516779, "supply": [{"l": "Palm kernels", "v": 0.11861075957713237}, {"l": "Oil Palm", "v": 0.92618545277454545}]}, {"source": 11, "prod": 2.0, "target": 13, "value": 0.020581898950545453, "supply": [{"l": "Palm Oil", "v": 0.020581898950545453}]}, {"source": 8, "prod": 2.0, "target": 8, "value": 0.0079106609647519692, "supply": [{"l": "Pulses, Other", "v": 0.0079106609647519692}]}, {"source": 0, "prod": 27.0, "target": 0, "value": 0.11138042382567921, "supply": [{"l": "Rice", "v": 0.11138042382567921}]}, {"source": 5, "prod": 1.0, "target": 5, "value": 0.0064445797456534649, "supply": [{"l": "Groundnuts", "v": 0.0064445797456534649}]}, {"source": 7, "prod": 3.0, "target": 14, "value": 0.0031138993670868339, "supply": [{"l": "Roots, Other", "v": 0.0020493183868862067}, {"l": "Sweet potatoes", "v": 0.0010645809802006271}]}, {"source": 8, "prod": 29.0, "target": 14, "value": 0.020687830812244588, "supply": [{"l": "Vegetables, Other", "v": 0.0035667056695994005}, {"l": "Plantains", "v": 0.0010404452594485294}, {"l": "Fruits, Other", "v": 0.0021191970838315131}, {"l": "Citrus, Other", "v": 0.001817129604135553}, {"l": "Pulses, Other", "v": 0.011865991447127952}, {"l": "Tomatoes", "v": 0.00027836174810163937}]}, {"source": 4, "prod": 2.0, "target": 14, "value": 0.002150656097232694, "supply": [{"l": "Eggs", "v": 0.0015722283920555555}, {"l": "Milk - Excluding Butter", "v": 0.00057842770517713864}]}, {"source": 0, "prod": 54.0, "target": 14, "value": 0.2200426218634203, "supply": [{"l": "Maize", "v": 0.0036959100261007472}, {"l": "Wheat", "v": 0.0031603524755749084}, {"l": "Millet", "v": 0.0034372604522672069}, {"l": "Rice", "v": 0.20626004412162813}, {"l": "Sorghum", "v": 0.0034890547878493154}]}, {"source": 5, "prod": 1.0, "target": 14, "value": 0.0064445797456534649, "supply": [{"l": "Groundnuts", "v": 0.0064445797456534649}]}, {"source": 15, "prod": 36.0, "target": 12, "value": 0.15816110453629842, "supply": [{"l": "Sweeteners, Other", "v": 0.00424501665855}, {"l": "Soyabean Oil", "v": 0.0095855214870483874}, {"l": "Sugar", "v": 0.14433056639070002}]}, {"source": 15, "prod": 137.0, "target": 0, "value": 0.52509013673782157, "supply": [{"l": "Cereals, Other", "v": 0.01978260190392233}, {"l": "Wheat", "v": 0.11061233664512179}, {"l": "Barley", "v": 0.0069263152401165219}, {"l": "Rice", "v": 0.38776888294866091}]}, {"source": 15, "prod": 50.0, "target": 1, "value": 0.037010544919856378, "supply": [{"l": "Pelagic Fish", "v": 0.0096994738883653051}, {"l": "Milk - Excluding Butter", "v": 0.013882264924251327}, {"l": "Fish, Seafood", "v": 0.0091660278727125517}, {"l": "Bovine Meat", "v": 0.0042627782345271972}]}, {"source": 15, "prod": 6.0, "target": 8, "value": 0.0026944294369787751, "supply": [{"l": "Vegetables, Other", "v": 0.00025476469068567141}, {"l": "Onions", "v": 0.0024396647462931035}]}, {"source": 15, "prod": 1.0, "target": 7, "value": 0.0015722283920555555, "supply": [{"l": "Potatoes", "v": 0.0015722283920555555}]}, {"source": 8, "prod": 1.0, "target": 16, "value": 0.004218650095453416, "supply": [{"l": "Treenuts", "v": 0.004218650095453416}]}, {"source": 5, "prod": 14.0, "target": 16, "value": 0.087397401793676471, "supply": [{"l": "Palm kernels", "v": 0.087397401793676471}]}, {"source": 11, "prod": 7.0, "target": 16, "value": 0.072771714146571437, "supply": [{"l": "Palmkernel Oil", "v": 0.072771714146571437}]}, {"source": 9, "prod": 24.0, "target": 16, "value": 0.035658828413094548, "supply": [{"l": "Coffee", "v": 0.0047987144835782607}, {"l": "Cocoa Beans", "v": 0.022473617604088239}, {"l": "Spices, Other", "v": 0.00424501665855}, {"l": "Nuts", "v": 0.0041414796668780484}]}, {"source": 0, "prod": 23.0, "target": 17, "value": 0.094879620295948944, "supply": [{"l": "Rice", "v": 0.094879620295948944}]}, {"source": 6, "prod": 10.0, "target": 17, "value": 0.0424501665855, "supply": [{"l": "Sugar", "v": 0.0424501665855}]}, {"source": 18, "prod": 2.0, "target": 0, "value": 0.0073918200522014943, "supply": [{"l": "Maize", "v": 0.0073918200522014943}]}, {"source": 1, "prod": 138.0, "target": 10, "value": 0.10447308645504229, "supply": [{"l": "Freshwater Fish", "v": 0.0091197288828184144}, {"l": "Pelagic Fish", "v": 0.035564737590672781}, {"l": "Demersal Fish", "v": 0.0063201240573945404}, {"l": "Fish, Seafood", "v": 0.052704660268097177}, {"l": "Molluscs, Other", "v": 0.00076383565605937938}]}, {"source": 1, "prod": 65.0, "target": 4, "value": 0.064732928034566137, "supply": [{"l": "Poultry Meat", "v": 0.005240761306851853}, {"l": "Pigmeat", "v": 0.0067920266536800004}, {"l": "Bovine Meat", "v": 0.014919723820845188}, {"l": "Eggs", "v": 0.006288913568222222}, {"l": "Milk - Excluding Butter", "v": 0.024293963617439816}, {"l": "Offals, Edible", "v": 0.0026952486720952383}, {"l": "Meat, Other", "v": 0.002572737368818182}, {"l": "Mutton & Goat Meat", "v": 0.0019295530266136365}]}, {"source": 12, "prod": 144.0, "target": 2, "value": 0.069876431848450868, "supply": [{"l": "Beer", "v": 0.0040357552739735915}, {"l": "Beverages, Fermented", "v": 0.065840676574477272}]}, {"source": 12, "prod": 55.0, "target": 11, "value": 0.56624188034848433, "supply": [{"l": "Palm Oil", "v": 0.46309272638727272}, {"l": "Palmkernel Oil", "v": 0.093563632474163272}, {"l": "Soyabean Oil", "v": 0.0095855214870483874}]}, {"source": 12, "prod": 36.0, "target": 6, "value": 0.15304402163719738, "supply": [{"l": "Honey", "v": 0.0044684385879473695}, {"l": "Sweeteners, Other", "v": 0.00424501665855}, {"l": "Sugar", "v": 0.14433056639070002}]}, {"source": 7, "prod": 60.75, "target": 19, "value": 0.22013350554837405, "supply": [{"l": "Roots, Other", "v": 0.034866666600000006}, {"l": "Potatoes", "v": 0.00087166666499999994}, {"l": "Sweet potatoes", "v": 0.019176666630000002}, {"l": "Cassava", "v": 0.15689999970000001}]}, {"source": 8, "prod": 308.5, "target": 19, "value": 1.6131609764429469, "supply": [{"l": "Tomatoes", "v": 0.036609999929999998}, {"l": "Vegetables, Other", "v": 0.47941666575000003}, {"l": "Peas", "v": 0.0034866666599999998}, {"l": "Pulses, Other", "v": 0.10111333314}, {"l": "Onions", "v": 0.0087166666500000014}]}, {"source": 0, "prod": 871.0, "target": 19, "value": 3.5389103666265083, "supply": [{"l": "Maize", "v": 0.087166666500000017}, {"l": "Barley", "v": 0.0069733333200000004}, {"l": "Rice", "v": 2.6568399949200003}, {"l": "Cereals, Other", "v": 0.024406666620000007}, {"l": "Wheat", "v": 0.12203333309999999}, {"l": "Sorghum", "v": 0.076706666519999994}, {"l": "Millet", "v": 0.062759999880000014}]}, {"source": 5, "prod": 47.5, "target": 19, "value": 0.15972109276391289, "supply": [{"l": "Coconuts - Incl Copra", "v": 0.0087166666499999997}, {"l": "Sesame seed", "v": 0.0034866666600000011}, {"l": "Groundnuts", "v": 0.038353333259999997}, {"l": "Palm kernels", "v": 0.11505999978000002}]}, {"source": 20, "prod": 0, "target": 7, "value": 0.0006447857999350154, "supply": "[{\"l\":'Energy for power irrigation',\"v\":0.0006447857999350154}]"}, {"source": 20, "prod": 0, "target": 8, "value": 0.0016371721751436397, "supply": "[{\"l\":'Energy for power irrigation',\"v\":0.0016371721751436397}]"}, {"source": 20, "prod": 0, "target": 0, "value": 0.0023111458096436149, "supply": "[{\"l\":'Energy for power irrigation',\"v\":0.0023111458096436149}]"}, {"source": 20, "prod": 0, "target": 5, "value": 0.0014099412647288309, "supply": "[{\"l\":'Energy for power irrigation',\"v\":0.0014099412647288309}]"}, {"source": 20, "prod": 0, "target": 9, "value": 0.00016716668887204101, "supply": "[{\"l\":'Energy for power irrigation',\"v\":0.00016716668887204101}]"}, {"source": 20, "prod": 0, "target": 12, "value": 0.0013173289601162517, "supply": "[{\"l\":'Electricity',\"v\":0.0013173289601162517}]"}, {"source": 21, "prod": 0, "target": 20, "value": 0.0041186664927809402, "supply": [{"l": "Coal", "v": 6.0181661773335674e-05}, {"l": "Natural gas", "v": 0.00096215899009047148}, {"l": "Oil", "v": 0.0030963258409171328}]}, {"source": 22, "prod": 0, "target": 20, "value": 0.0058609088785258395, "supply": [{"l": "Nuclear", "v": 0.0}, {"l": "Hydroelectric", "v": 0.0058432207031524595}, {"l": "Renewable", "v": 1.7688175373380352e-05}]}, {"source": 21, "prod": 0, "target": 7, "value": 0.010219683556398686, "supply": [{"l": "Other fossil fuels", "v": 0.010219683556398686}]}, {"source": 21, "prod": 0, "target": 8, "value": 0.025948743844847688, "supply": [{"l": "Other fossil fuels", "v": 0.025948743844847688}]}, {"source": 21, "prod": 0, "target": 0, "value": 0.036631046821494873, "supply": [{"l": "Other fossil fuels", "v": 0.036631046821494873}]}, {"source": 21, "prod": 0, "target": 5, "value": 0.02234719430869821, "supply": [{"l": "Other fossil fuels", "v": 0.02234719430869821}]}, {"source": 21, "prod": 0, "target": 9, "value": 0.0026495475886959552, "supply": [{"l": "Other fossil fuels", "v": 0.0026495475886959552}]}, {"source": 23, "prod": 0.28047742288596117, "target": 7, "value": 0.0028981564001448672, "supply": [{"l": "Potash", "v": 0.0009999166674666}, {"l": "Phosphate", "v": 0.0045702500036562009}, {"l": "Nitrogen", "v": 0.022163444462175198}]}, {"source": 23, "prod": 0.71215872395324287, "target": 8, "value": 0.0073586934110674183, "supply": [{"l": "Potash", "v": 0.0009999166674666}, {"l": "Phosphate", "v": 0.0045702500036562009}, {"l": "Nitrogen", "v": 0.022163444462175198}]}, {"source": 23, "prod": 1.005332655694124, "target": 0, "value": 0.010388042076239419, "supply": [{"l": "Potash", "v": 0.0009999166674666}, {"l": "Phosphate", "v": 0.0045702500036562009}, {"l": "Nitrogen", "v": 0.022163444462175198}]}, {"source": 23, "prod": 0.61331482857031161, "target": 5, "value": 0.0063373453643272536, "supply": [{"l": "Potash", "v": 0.0009999166674666}, {"l": "Phosphate", "v": 0.0045702500036562009}, {"l": "Nitrogen", "v": 0.022163444462175198}]}, {"source": 23, "prod": 0.072716368896360295, "target": 9, "value": 0.00075137388151903957, "supply": [{"l": "Potash", "v": 0.0009999166674666}, {"l": "Phosphate", "v": 0.0045702500036562009}, {"l": "Nitrogen", "v": 0.022163444462175198}]}, {"source": 21, "prod": 0, "target": 23, "value": 0.03350105254163388, "supply": [{"l": "Natural gas (including LNG)", "v": 0.022741946239032713}, {"l": "Fuel oil", "v": 0.0068412479294103863}, {"l": "Liquefied petroleum gas (LPG)", "v": 0.0019589291865953918}, {"l": "Coal", "v": 0.0019589291865953918}]}, {"source": 24, "prod": 0, "target": 0, "value": 0.18841629718089128, "supply": "[{\"l\":'Labor',\"v\":0.18841629718089128}]"}, {"source": 24, "prod": 0, "target": 5, "value": 0.11494554399564864, "supply": "[{\"l\":'Labor',\"v\":0.11494554399564864}]"}, {"source": 24, "prod": 0, "target": 7, "value": 0.052566200017171744, "supply": "[{\"l\":'Labor',\"v\":0.052566200017171744}]"}, {"source": 24, "prod": 0, "target": 8, "value": 0.13347055724524676, "supply": "[{\"l\":'Labor',\"v\":0.13347055724524676}]"}, {"source": 24, "prod": 0, "target": 9, "value": 0.013628274078526006, "supply": "[{\"l\":'Labor',\"v\":0.013628274078526006}]"}, {"source": 21, "prod": 0, "target": 15, "value": 0.14261978989987031, "supply": "[{\"l\":'Fossil Fuels',\"v\":0.14261978989987031}]"}, {"source": 22, "prod": 0, "target": 15, "value": 0.84628894231672547, "supply": "[{\"l\":'Renewables & Nuclear',\"v\":0.017797098785239749},{\"l\":'Biomass & Waste',\"v\":0.82849184353148575}]"}]}