{"nodes": [{"layer": 3, "name": "Cereals", "fill": "#e7ba52"}, {"layer": 5, "name": "Production", "fill": "#b5cf6b"}, {"layer": 3, "name": "Oilcrops", "fill": "#ff9896"}, {"layer": 3, "name": "Sugar Crops", "fill": "#ffbb78"}, {"layer": 3, "name": "Starchy Roots"}, {"layer": 3, "name": "Fruits & Vegetables"}, {"layer": 3, "name": "Others"}, {"layer": 1, "name": "Electricity", "fill": "#bcbd22"}, {"layer": 0, "name": "Fossil Fuels", "fill": "#c49c94"}, {"layer": 0, "name": "Renewables & Nuclear", "fill": "#2ca02c"}, {"layer": 1, "name": "Fertilizers", "fill": "#c5b0d5"}, {"layer": 0, "name": "Labor", "fill": "#7f7f7f"}], "links": [{"source": 0, "prod": 393.0, "target": 1, "value": 1.5847092496263644, "supply": [{"l": "Maize", "v": 0.051284972829182741}, {"l": "Rice", "v": 1.3869175865535472}, {"l": "Cereals, Other", "v": 0.0033078051884805199}, {"l": "Sorghum", "v": 0.065307948593076925}, {"l": "Millet", "v": 0.077890936462077009}]}, {"source": 2, "prod": 288.52847380410026, "target": 1, "value": 1.3269153341546727, "supply": [{"l": "Coconuts - Incl Copra", "v": 0.00380150745541791}, {"l": "Sesame seed", "v": 0.013405315763842107}, {"l": "Groundnuts", "v": 0.069584978951917648}, {"l": "Palm kernels", "v": 0.25303628709788234}, {"l": "Oil Palm", "v": 0.98708724488561272}]}, {"source": 3, "prod": 70.0, "target": 1, "value": 0.023963803717620968, "supply": [{"l": "Sugar cane", "v": 0.023963803717620968}]}, {"source": 4, "prod": 123.0, "target": 1, "value": 0.15247940133207924, "supply": [{"l": "Roots, Other", "v": 0.0098721317640697685}, {"l": "Sweet potatoes", "v": 0.014825879076129853}, {"l": "Cassava", "v": 0.12778139049187962}]}, {"source": 5, "prod": 349.0, "target": 1, "value": 0.26297340249392492, "supply": [{"l": "Plantains", "v": 0.026531354115937499}, {"l": "Citrus, Other", "v": 0.019765156928698416}, {"l": "Tomatoes", "v": 0.0046483274199903384}, {"l": "Treenuts", "v": 0.019295530266136365}, {"l": "Vegetables, Other", "v": 0.037862739069279991}, {"l": "Peas", "v": 0.00424501665855}, {"l": "Fruits, Other", "v": 0.027875002092624467}, {"l": "Pulses, Other", "v": 0.12275027594270783}]}, {"source": 6, "prod": 43.0, "target": 1, "value": 0.11660868274809907, "supply": [{"l": "Nuts", "v": 0.019850797324154675}, {"l": "Coffee", "v": 0.0066443739003391299}, {"l": "Pimento", "v": 0.0070750277642500003}, {"l": "Cocoa Beans", "v": 0.075963455995105275}, {"l": "Spices, Other", "v": 0.0070750277642500003}]}, {"source": 7, "prod": 0, "target": 0, "value": 0.0028605580215634412, "supply": "[{\"l\":'Energy for power irrigation',\"v\":0.0028605580215634412}]"}, {"source": 7, "prod": 0, "target": 2, "value": 0.0018984381593986049, "supply": "[{\"l\":'Energy for power irrigation',\"v\":0.0018984381593986049}]"}, {"source": 7, "prod": 0, "target": 3, "value": 0.00025375917933224073, "supply": "[{\"l\":'Energy for power irrigation',\"v\":0.00025375917933224073}]"}, {"source": 7, "prod": 0, "target": 4, "value": 0.00081400671811770737, "supply": "[{\"l\":'Energy for power irrigation',\"v\":0.00081400671811770737}]"}, {"source": 7, "prod": 0, "target": 5, "value": 0.00233326622035359, "supply": "[{\"l\":'Energy for power irrigation',\"v\":0.00233326622035359}]"}, {"source": 7, "prod": 0, "target": 6, "value": 0.00028341934315029483, "supply": "[{\"l\":'Energy for power irrigation',\"v\":0.00028341934315029483}]"}, {"source": 8, "prod": 0, "target": 7, "value": 0.0054156124502910685, "supply": [{"l": "Coal", "v": 0.00012664021281194162}, {"l": "Natural gas", "v": 0.0019088555247332179}, {"l": "Oil", "v": 0.003380116712745909}]}, {"source": 9, "prod": 0, "target": 7, "value": 0.0062315400666984972, "supply": [{"l": "Nuclear", "v": 0.0}, {"l": "Hydroelectric", "v": 0.0062146600484591337}, {"l": "Renewable", "v": 1.6880018239363847e-05}]}, {"source": 8, "prod": 0, "target": 0, "value": 0.043414800585428938, "supply": [{"l": "Other fossil fuels", "v": 0.043414800585428938}]}, {"source": 8, "prod": 0, "target": 2, "value": 0.028812669938088609, "supply": [{"l": "Other fossil fuels", "v": 0.028812669938088609}]}, {"source": 8, "prod": 0, "target": 3, "value": 0.0038513129551590187, "supply": [{"l": "Other fossil fuels", "v": 0.0038513129551590187}]}, {"source": 8, "prod": 0, "target": 4, "value": 0.01235421168732828, "supply": [{"l": "Other fossil fuels", "v": 0.01235421168732828}]}, {"source": 8, "prod": 0, "target": 5, "value": 0.035412072366916687, "supply": [{"l": "Other fossil fuels", "v": 0.035412072366916687}]}, {"source": 8, "prod": 0, "target": 6, "value": 0.0043014664174503324, "supply": [{"l": "Other fossil fuels", "v": 0.0043014664174503324}]}, {"source": 10, "prod": 0.44042736874112576, "target": 0, "value": 0.0040256755486562526, "supply": [{"l": "Potash", "v": 0.001025555556376}, {"l": "Phosphate", "v": 0.00168333333468}, {"l": "Nitrogen", "v": 0.009173611118449998}]}, {"source": 10, "prod": 0.29229406184346118, "target": 2, "value": 0.0026716801481795954, "supply": [{"l": "Potash", "v": 0.001025555556376}, {"l": "Phosphate", "v": 0.00168333333468}, {"l": "Nitrogen", "v": 0.009173611118449998}]}, {"source": 10, "prod": 0.039070169807680508, "target": 3, "value": 0.00035711637931628041, "supply": [{"l": "Potash", "v": 0.001025555556376}, {"l": "Phosphate", "v": 0.00168333333468}, {"l": "Nitrogen", "v": 0.009173611118449998}]}, {"source": 10, "prod": 0.1253289862661959, "target": 4, "value": 0.0011455551388457306, "supply": [{"l": "Potash", "v": 0.001025555556376}, {"l": "Phosphate", "v": 0.00168333333468}, {"l": "Nitrogen", "v": 0.009173611118449998}]}, {"source": 10, "prod": 0.35924260030958183, "target": 5, "value": 0.0032836155396873574, "supply": [{"l": "Potash", "v": 0.001025555556376}, {"l": "Phosphate", "v": 0.00168333333468}, {"l": "Nitrogen", "v": 0.009173611118449998}]}, {"source": 10, "prod": 0.043636813031954852, "target": 6, "value": 0.00039885725482078071, "supply": [{"l": "Potash", "v": 0.001025555556376}, {"l": "Phosphate", "v": 0.00168333333468}, {"l": "Nitrogen", "v": 0.009173611118449998}]}, {"source": 8, "prod": 0, "target": 10, "value": 0.014990417459123261, "supply": [{"l": "Natural gas (including LNG)", "v": 0.0099162992841684491}, {"l": "Fuel oil", "v": 0.0034524880536010104}, {"l": "Liquefied petroleum gas (LPG)", "v": 0.00081081506067690046}, {"l": "Coal", "v": 0.00081081506067690046}]}, {"source": 11, "prod": 0, "target": 0, "value": 0.1759558747546825, "supply": "[{\"l\":'Labor',\"v\":0.1759558747546825}]"}, {"source": 11, "prod": 0, "target": 2, "value": 0.11677488954483091, "supply": "[{\"l\":'Labor',\"v\":0.11677488954483091}]"}, {"source": 11, "prod": 0, "target": 3, "value": 0.015608988889528285, "supply": "[{\"l\":'Labor',\"v\":0.015608988889528285}]"}, {"source": 11, "prod": 0, "target": 4, "value": 0.050070392931343979, "supply": "[{\"l\":'Labor',\"v\":0.050070392931343979}]"}, {"source": 11, "prod": 0, "target": 5, "value": 0.14352161212709125, "supply": "[{\"l\":'Labor',\"v\":0.14352161212709125}]"}, {"source": 11, "prod": 0, "target": 6, "value": 0.017433416162330292, "supply": "[{\"l\":'Labor',\"v\":0.017433416162330292}]"}]}