{"nodes": [{"layer": 3, "name": "Oilcrops", "fill": "#ff9896"}, {"layer": 5, "name": "Production", "fill": "#b5cf6b"}, {"layer": 3, "name": "Treenuts"}, {"layer": 3, "name": "Pulses"}, {"layer": 3, "name": "Vegetables"}, {"layer": 3, "name": "Starchy Roots"}, {"layer": 3, "name": "Others"}, {"layer": 3, "name": "Cereals - Excluding Beer"}, {"layer": 3, "name": "Spices"}, {"layer": 3, "name": "Stimulants"}, {"layer": 3, "name": "Fruits - Excluding Wine"}, {"layer": 1, "name": "Electricity", "fill": "#bcbd22"}, {"layer": 0, "name": "Fossil Fuels", "fill": "#c49c94"}, {"layer": 0, "name": "Renewables & Nuclear", "fill": "#2ca02c"}, {"layer": 1, "name": "Fertilizers", "fill": "#c5b0d5"}, {"layer": 0, "name": "Labor", "fill": "#7f7f7f"}], "links": [{"source": 0, "prod": 251.61607142857147, "target": 1, "value": 1.1952417264230606, "supply": [{"l": "Coconuts - Incl Copra", "v": 0.0022640088845600004}, {"l": "Sesame seed", "v": 0.0068468010621774199}, {"l": "Groundnuts", "v": 0.070666301051826419}, {"l": "Palm kernels", "v": 0.31478625013995404}, {"l": "Oil Palm", "v": 0.80067836528454261}]}, {"source": 2, "prod": 5.0, "target": 1, "value": 0.020493183868862071, "supply": [{"l": "Treenuts", "v": 0.020493183868862071}]}, {"source": 3, "prod": 27.0, "target": 1, "value": 0.10784363749221072, "supply": [{"l": "Peas", "v": 0.0045482321341607148}, {"l": "Pulses, Other", "v": 0.10329540535805001}]}, {"source": 4, "prod": 147.0, "target": 1, "value": 0.037916512303603267, "supply": [{"l": "Vegetables, Other", "v": 0.035419443680926796}, {"l": "Tomatoes", "v": 0.0024970686226764706}]}, {"source": 5, "prod": 123.0, "target": 1, "value": 0.14893729539323858, "supply": [{"l": "Roots, Other", "v": 0.023401290234882827}, {"l": "Sweet potatoes", "v": 0.021764133027169046}, {"l": "Cassava", "v": 0.1037718721311867}]}, {"source": 6, "prod": 5.0, "target": 1, "value": 0.020077781493141891, "supply": [{"l": "Nuts", "v": 0.020077781493141891}]}, {"source": 7, "prod": 371.0, "target": 1, "value": 1.5154748908980091, "supply": [{"l": "Maize", "v": 0.040379426752060972}, {"l": "Rice", "v": 1.4278627899346708}, {"l": "Cereals, Other", "v": 0.0032159217110227277}, {"l": "Sorghum", "v": 0.019730359117204225}, {"l": "Millet", "v": 0.024286393383050484}]}, {"source": 8, "prod": 2.0, "target": 1, "value": 0.0078197675289078949, "supply": [{"l": "Pimento", "v": 0.0078197675289078949}]}, {"source": 9, "prod": 9.0, "target": 1, "value": 0.014884731242284139, "supply": [{"l": "Coffee", "v": 0.0011171096469868424}, {"l": "Cocoa Beans", "v": 0.013767621595297297}]}, {"source": 10, "prod": 110.0, "target": 1, "value": 0.053259186475115287, "supply": [{"l": "Plantains", "v": 0.016024745280914701}, {"l": "Citrus, Other", "v": 0.015605957195594222}, {"l": "Fruits, Other", "v": 0.021628483998606361}]}, {"source": 11, "prod": 0, "target": 0, "value": 0.00096585930925334983, "supply": "[{\"l\":'Energy for power irrigation',\"v\":0.00096585930925334983}]"}, {"source": 11, "prod": 0, "target": 2, "value": 1.9231332024244472e-05, "supply": "[{\"l\":'Energy for power irrigation',\"v\":1.9231332024244472e-05}]"}, {"source": 11, "prod": 0, "target": 4, "value": 0.00058078622713218309, "supply": "[{\"l\":'Energy for power irrigation',\"v\":0.00058078622713218309}]"}, {"source": 11, "prod": 0, "target": 5, "value": 0.00047501390099883851, "supply": "[{\"l\":'Energy for power irrigation',\"v\":0.00047501390099883851}]"}, {"source": 11, "prod": 0, "target": 3, "value": 0.00010384919293092017, "supply": "[{\"l\":'Energy for power irrigation',\"v\":0.00010384919293092017}]"}, {"source": 11, "prod": 0, "target": 6, "value": 1.9231332024244472e-05, "supply": "[{\"l\":'Energy for power irrigation',\"v\":1.9231332024244472e-05}]"}, {"source": 11, "prod": 0, "target": 7, "value": 0.0015904311584050181, "supply": "[{\"l\":'Energy for power irrigation',\"v\":0.0015904311584050181}]"}, {"source": 11, "prod": 0, "target": 8, "value": 7.6925328096977903e-06, "supply": "[{\"l\":'Energy for power irrigation',\"v\":7.6925328096977903e-06}]"}, {"source": 11, "prod": 0, "target": 9, "value": 3.4616397643640057e-05, "supply": "[{\"l\":'Energy for power irrigation',\"v\":3.4616397643640057e-05}]"}, {"source": 11, "prod": 0, "target": 10, "value": 0.00042501243773580285, "supply": "[{\"l\":'Energy for power irrigation',\"v\":0.00042501243773580285}]"}, {"source": 12, "prod": 0, "target": 11, "value": 0.0024760689134620708, "supply": [{"l": "Coal", "v": 0.00014852353343345405}, {"l": "Natural gas", "v": 0.00046813721475522714}, {"l": "Oil", "v": 0.0018594081652733899}]}, {"source": 13, "prod": 0, "target": 11, "value": 0.0032574859951527745, "supply": [{"l": "Nuclear", "v": 0.0}, {"l": "Hydroelectric", "v": 0.0032447526629114324}, {"l": "Renewable", "v": 1.2733332241342184e-05}]}, {"source": 12, "prod": 0, "target": 0, "value": 0.01126040825026995, "supply": [{"l": "Other fossil fuels", "v": 0.01126040825026995}]}, {"source": 12, "prod": 0, "target": 2, "value": 0.00022420723982759721, "supply": [{"l": "Other fossil fuels", "v": 0.00022420723982759721}]}, {"source": 12, "prod": 0, "target": 4, "value": 0.0067710586427934356, "supply": [{"l": "Other fossil fuels", "v": 0.0067710586427934356}]}, {"source": 12, "prod": 0, "target": 5, "value": 0.0055379188237416515, "supply": [{"l": "Other fossil fuels", "v": 0.0055379188237416515}]}, {"source": 12, "prod": 0, "target": 3, "value": 0.001210719095069025, "supply": [{"l": "Other fossil fuels", "v": 0.001210719095069025}]}, {"source": 12, "prod": 0, "target": 6, "value": 0.00022420723982759721, "supply": [{"l": "Other fossil fuels", "v": 0.00022420723982759721}]}, {"source": 12, "prod": 0, "target": 7, "value": 0.01854193873374229, "supply": [{"l": "Other fossil fuels", "v": 0.01854193873374229}]}, {"source": 12, "prod": 0, "target": 8, "value": 8.9682895931038884e-05, "supply": [{"l": "Other fossil fuels", "v": 8.9682895931038884e-05}]}, {"source": 12, "prod": 0, "target": 9, "value": 0.00040357303168967498, "supply": [{"l": "Other fossil fuels", "v": 0.00040357303168967498}]}, {"source": 12, "prod": 0, "target": 10, "value": 0.0049549800001898979, "supply": [{"l": "Other fossil fuels", "v": 0.0049549800001898979}]}, {"source": 14, "prod": 0.23107098988880123, "target": 0, "value": 0.0025552625739329623, "supply": [{"l": "Potash", "v": 5.8969444491619995e-05}, {"l": "Phosphate", "v": 0.0020831250016664997}, {"l": "Nitrogen", "v": 0.0090268333405547994}]}, {"source": 14, "prod": 0.0046008801542303523, "target": 2, "value": 5.0878117027642971e-05, "supply": [{"l": "Potash", "v": 5.8969444491619995e-05}, {"l": "Phosphate", "v": 0.0020831250016664997}, {"l": "Nitrogen", "v": 0.0090268333405547994}]}, {"source": 14, "prod": 0.13894658065775664, "target": 4, "value": 0.0015365191342348178, "supply": [{"l": "Potash", "v": 5.8969444491619995e-05}, {"l": "Phosphate", "v": 0.0020831250016664997}, {"l": "Nitrogen", "v": 0.0090268333405547994}]}, {"source": 14, "prod": 0.11364173980948972, "target": 5, "value": 0.0012566894905827815, "supply": [{"l": "Potash", "v": 5.8969444491619995e-05}, {"l": "Phosphate", "v": 0.0020831250016664997}, {"l": "Nitrogen", "v": 0.0090268333405547994}]}, {"source": 14, "prod": 0.024844752832843903, "target": 3, "value": 0.00027474183194927206, "supply": [{"l": "Potash", "v": 5.8969444491619995e-05}, {"l": "Phosphate", "v": 0.0020831250016664997}, {"l": "Nitrogen", "v": 0.0090268333405547994}]}, {"source": 14, "prod": 0.0046008801542303523, "target": 6, "value": 5.0878117027642971e-05, "supply": [{"l": "Potash", "v": 5.8969444491619995e-05}, {"l": "Phosphate", "v": 0.0020831250016664997}, {"l": "Nitrogen", "v": 0.0090268333405547994}]}, {"source": 14, "prod": 0.38049278875485021, "target": 7, "value": 0.0042076202781860745, "supply": [{"l": "Potash", "v": 5.8969444491619995e-05}, {"l": "Phosphate", "v": 0.0020831250016664997}, {"l": "Nitrogen", "v": 0.0090268333405547994}]}, {"source": 14, "prod": 0.0018403520616921409, "target": 8, "value": 2.035124681105719e-05, "supply": [{"l": "Potash", "v": 5.8969444491619995e-05}, {"l": "Phosphate", "v": 0.0020831250016664997}, {"l": "Nitrogen", "v": 0.0090268333405547994}]}, {"source": 14, "prod": 0.008281584277614636, "target": 9, "value": 9.1580610649757364e-05, "supply": [{"l": "Potash", "v": 5.8969444491619995e-05}, {"l": "Phosphate", "v": 0.0020831250016664997}, {"l": "Nitrogen", "v": 0.0090268333405547994}]}, {"source": 14, "prod": 0.10167945140849079, "target": 10, "value": 0.0011244063863109098, "supply": [{"l": "Potash", "v": 5.8969444491619995e-05}, {"l": "Phosphate", "v": 0.0020831250016664997}, {"l": "Nitrogen", "v": 0.0090268333405547994}]}, {"source": 12, "prod": 0, "target": 14, "value": 0.013120852130524493, "supply": [{"l": "Natural gas (including LNG)", "v": 0.0090632257436723592}, {"l": "Fuel oil", "v": 0.0024619423474399925}, {"l": "Liquefied petroleum gas (LPG)", "v": 0.00079784201970607021}, {"l": "Coal", "v": 0.00079784201970607021}]}, {"source": 15, "prod": 0, "target": 0, "value": 0.10406046342495318, "supply": "[{\"l\":'Labor',\"v\":0.10406046342495318}]"}, {"source": 15, "prod": 0, "target": 2, "value": 0.002071959449527956, "supply": "[{\"l\":'Labor',\"v\":0.002071959449527956}]"}, {"source": 15, "prod": 0, "target": 4, "value": 0.062573175375744278, "supply": "[{\"l\":'Labor',\"v\":0.062573175375744278}]"}, {"source": 15, "prod": 0, "target": 5, "value": 0.05117739840334052, "supply": "[{\"l\":'Labor',\"v\":0.05117739840334052}]"}, {"source": 15, "prod": 0, "target": 3, "value": 0.011188581027450965, "supply": "[{\"l\":'Labor',\"v\":0.011188581027450965}]"}, {"source": 15, "prod": 0, "target": 6, "value": 0.002071959449527956, "supply": "[{\"l\":'Labor',\"v\":0.002071959449527956}]"}, {"source": 15, "prod": 0, "target": 7, "value": 0.171351046475962, "supply": "[{\"l\":'Labor',\"v\":0.171351046475962}]"}, {"source": 15, "prod": 0, "target": 8, "value": 0.00082878377981118246, "supply": "[{\"l\":'Labor',\"v\":0.00082878377981118246}]"}, {"source": 15, "prod": 0, "target": 9, "value": 0.0037295270091503214, "supply": "[{\"l\":'Labor',\"v\":0.0037295270091503214}]"}, {"source": 15, "prod": 0, "target": 10, "value": 0.045790303834567829, "supply": "[{\"l\":'Labor',\"v\":0.045790303834567829}]"}]}