{"nodes": [{"name": "Balance", "fill": "#9edae5"}, {"name": "Food", "fill": "#b5cf6b"}, {"name": "Stock Deposit", "fill": "#c7c7c7"}, {"name": "Export", "fill": "#aec7e8"}, {"name": "Biofuels & Other", "fill": "#e7ba52"}, {"name": "Renewables & Nuclear", "fill": "#2ca02c"}, {"name": "Fossil Fuels", "fill": "#c49c94"}, {"name": "Stock Draw", "fill": "#c7c7c7"}, {"name": "Labor", "fill": "#7f7f7f"}], "links": [{"source": 0, "target": 1, "value": 2.8506328047319269}, {"source": 0, "target": 2, "value": 0.13732978688144895}, {"source": 0, "target": 3, "value": 0.20004659444879588}, {"source": 0, "target": 4, "value": 0.020581898950545453}, {"source": 5, "target": 0, "value": 0.85214985119525133}, {"source": 6, "target": 0, "value": 0.27803572505442053}, {"source": 7, "target": 0, "value": 0.0073918200522014943}, {"source": 8, "target": 0, "value": 0.50302687251748446}]}