{"nodes": [{"layer": 5, "name": "Sorghum"}, {"layer": 10, "name": "Feed", "fill": "#dbdb8d"}, {"layer": 5, "name": "Millet"}, {"layer": 5, "name": "Maize"}, {"layer": 16, "name": "Food", "fill": "#b5cf6b"}, {"layer": 5, "name": "Roots, Other"}, {"layer": 5, "name": "Plantains"}, {"layer": 5, "name": "Nuts"}, {"layer": 13, "name": "Sugar", "fill": "#d6616b"}, {"layer": 5, "name": "Citrus, Other"}, {"layer": 13, "name": "Beer"}, {"layer": 13, "name": "Groundnut Oil"}, {"layer": 5, "name": "Rice"}, {"layer": 5, "name": "Tomatoes"}, {"layer": 5, "name": "Cereals, Other"}, {"layer": 5, "name": "Wheat"}, {"layer": 13, "name": "Soyabean Oil"}, {"layer": 5, "name": "Coconuts - Incl Copra"}, {"layer": 5, "name": "Treenuts"}, {"layer": 13, "name": "Eggs"}, {"layer": 5, "name": "Vegetables, Other"}, {"layer": 5, "name": "Peas"}, {"layer": 5, "name": "Sesame seed"}, {"layer": 13, "name": "Marine Fish, Other"}, {"layer": 5, "name": "Pimento"}, {"layer": 13, "name": "Palm Oil"}, {"layer": 13, "name": "Mutton & Goat Meat"}, {"layer": 13, "name": "Pigmeat"}, {"layer": 13, "name": "Poultry Meat"}, {"layer": 5, "name": "Oats"}, {"layer": 5, "name": "Potatoes"}, {"layer": 5, "name": "Groundnuts"}, {"layer": 13, "name": "Milk - Excluding Butter"}, {"layer": 5, "name": "Pulses, Other"}, {"layer": 13, "name": "Fish, Seafood"}, {"layer": 13, "name": "Meat, Other"}, {"layer": 13, "name": "Wine"}, {"layer": 13, "name": "Pelagic Fish"}, {"layer": 13, "name": "Beverages, Fermented"}, {"layer": 13, "name": "Bovine Meat"}, {"layer": 5, "name": "Fruits, Other"}, {"layer": 13, "name": "Honey"}, {"layer": 13, "name": "Offals, Edible"}, {"layer": 5, "name": "Sweet potatoes"}, {"layer": 13, "name": "Demersal Fish"}, {"layer": 5, "name": "Onions"}, {"layer": 5, "name": "Cassava"}, {"layer": 16, "name": "Biofuels & Other", "fill": "#e7ba52"}, {"name": "Waste", "fill": "#c7c7c7"}, {"layer": 2, "name": "Import", "fill": "#aec7e8"}, {"layer": 10, "name": "Processing", "fill": "#9edae5"}, {"layer": 5, "name": "Coffee"}, {"layer": 16, "name": "Export", "fill": "#aec7e8"}, {"layer": 5, "name": "Cocoa Beans"}, {"layer": 5, "name": "Spices, Other"}, {"layer": 5, "name": "Palm kernels"}, {"layer": 16, "name": "Stock Deposit", "fill": "#c7c7c7"}, {"name": "Crop Residue", "fill": "#bd9e39"}, {"layer": 5, "name": "Oil Palm"}, {"layer": 2, "name": "Electricity", "fill": "#bcbd22"}, {"layer": 0, "name": "Fossil Fuels", "fill": "#c49c94"}, {"layer": 0, "name": "Renewables & Nuclear", "fill": "#2ca02c"}, {"layer": 2, "name": "Fertilizers", "fill": "#c5b0d5"}, {"layer": 0, "name": "Labor", "fill": "#7f7f7f"}], "links": [{"source": 0, "prod": 4.0, "target": 1, "value": 0.013850809641190336, "supply": [{"l": "Sorghum", "v": 0.013850809641190336}]}, {"source": 2, "prod": 1.0, "target": 1, "value": 0.0034419053988243241, "supply": [{"l": "Millet", "v": 0.0034419053988243241}]}, {"source": 3, "prod": 8.0, "target": 4, "value": 0.029773267522980821, "supply": [{"l": "Maize", "v": 0.029773267522980821}]}, {"source": 5, "prod": 23.0, "target": 4, "value": 0.022794252874704279, "supply": [{"l": "Roots, Other", "v": 0.022794252874704279}]}, {"source": 6, "prod": 14.0, "target": 4, "value": 0.014696811924500775, "supply": [{"l": "Plantains", "v": 0.014696811924500775}]}, {"source": 7, "prod": 4.0, "target": 4, "value": 0.016308538575220341, "supply": [{"l": "Nuts", "v": 0.016308538575220341}]}, {"source": 8, "prod": 18.0, "target": 4, "value": 0.076219750477705753, "supply": [{"l": "Sugar", "v": 0.076219750477705753}]}, {"source": 9, "prod": 32.0, "target": 4, "value": 0.0094399258564002789, "supply": [{"l": "Citrus, Other", "v": 0.0094399258564002789}]}, {"source": 10, "prod": 5.0, "target": 4, "value": 0.002631208672654959, "supply": [{"l": "Beer", "v": 0.002631208672654959}]}, {"source": 11, "prod": 1.0, "target": 4, "value": 0.011073956500565219, "supply": [{"l": "Groundnut Oil", "v": 0.011073956500565219}]}, {"source": 12, "prod": 143.0, "target": 4, "value": 0.5898263606091344, "supply": [{"l": "Rice", "v": 0.5898263606091344}]}, {"source": 13, "prod": 7.0, "target": 4, "value": 0.0018063900674680853, "supply": [{"l": "Tomatoes", "v": 0.0018063900674680853}]}, {"source": 14, "prod": 1.0, "target": 4, "value": 0.0032159217110227277, "supply": [{"l": "Cereals, Other", "v": 0.0032159217110227277}]}, {"source": 15, "prod": 15.0, "target": 4, "value": 0.045941738728896106, "supply": [{"l": "Wheat", "v": 0.045941738728896106}]}, {"source": 16, "prod": 2.0, "target": 4, "value": 0.020917473389956521, "supply": [{"l": "Soyabean Oil", "v": 0.020917473389956521}]}, {"source": 17, "prod": 1.0, "target": 4, "value": 0.001286368684409091, "supply": [{"l": "Coconuts - Incl Copra", "v": 0.001286368684409091}]}, {"source": 18, "prod": 4.0, "target": 4, "value": 0.015773832392426232, "supply": [{"l": "Treenuts", "v": 0.015773832392426232}]}, {"source": 19, "prod": 2.0, "target": 4, "value": 0.0033960133268400006, "supply": [{"l": "Eggs", "v": 0.0033960133268400006}]}, {"source": 20, "prod": 137.0, "target": 4, "value": 0.035404608658140505, "supply": [{"l": "Vegetables, Other", "v": 0.035404608658140505}]}, {"source": 21, "prod": 1.0, "target": 4, "value": 0.0043913965433275866, "supply": [{"l": "Peas", "v": 0.0043913965433275866}]}, {"source": 22, "prod": 1.0, "target": 4, "value": 0.0067920266536800004, "supply": [{"l": "Sesame seed", "v": 0.0067920266536800004}]}, {"source": 23, "prod": 5.0, "target": 4, "value": 0.003723698823289474, "supply": [{"l": "Marine Fish, Other", "v": 0.003723698823289474}]}, {"source": 24, "prod": 2.0, "target": 4, "value": 0.0078069271881379305, "supply": [{"l": "Pimento", "v": 0.0078069271881379305}]}, {"source": 25, "prod": 33.0, "target": 4, "value": 0.33906648310500498, "supply": [{"l": "Palm Oil", "v": 0.33906648310500498}]}, {"source": 26, "prod": 1.0, "target": 4, "value": 0.0022342192939736848, "supply": [{"l": "Mutton & Goat Meat", "v": 0.0022342192939736848}]}, {"source": 27, "prod": 1.0, "target": 4, "value": 0.0044218923526562507, "supply": [{"l": "Pigmeat", "v": 0.0044218923526562507}]}, {"source": 28, "prod": 2.0, "target": 4, "value": 0.002122508329275, "supply": [{"l": "Poultry Meat", "v": 0.002122508329275}]}, {"source": 29, "prod": 1.0, "target": 4, "value": 0.002927597695551724, "supply": [{"l": "Oats", "v": 0.002927597695551724}]}, {"source": 30, "prod": 1.0, "target": 4, "value": 0.00092282970838043483, "supply": [{"l": "Potatoes", "v": 0.00092282970838043483}]}, {"source": 31, "prod": 14.0, "target": 4, "value": 0.089240286304341845, "supply": [{"l": "Groundnuts", "v": 0.089240286304341845}]}, {"source": 32, "prod": 18.0, "target": 4, "value": 0.013943485374799272, "supply": [{"l": "Milk - Excluding Butter", "v": 0.013943485374799272}]}, {"source": 33, "prod": 21.0, "target": 4, "value": 0.082645168071145317, "supply": [{"l": "Pulses, Other", "v": 0.082645168071145317}]}, {"source": 34, "prod": 25.0, "target": 4, "value": 0.020492439606411929, "supply": [{"l": "Fish, Seafood", "v": 0.020492439606411929}]}, {"source": 35, "prod": 2.0, "target": 4, "value": 0.0027387204248709679, "supply": [{"l": "Meat, Other", "v": 0.0027387204248709679}]}, {"source": 0, "prod": 7.0, "target": 4, "value": 0.024238916872083086, "supply": [{"l": "Sorghum", "v": 0.024238916872083086}]}, {"source": 36, "prod": 1.0, "target": 4, "value": 0.0010612541646375, "supply": [{"l": "Wine", "v": 0.0010612541646375}]}, {"source": 37, "prod": 17.0, "target": 4, "value": 0.014150055528500001, "supply": [{"l": "Pelagic Fish", "v": 0.014150055528500001}]}, {"source": 38, "prod": 130.0, "target": 4, "value": 0.063174995389868691, "supply": [{"l": "Beverages, Fermented", "v": 0.063174995389868691}]}, {"source": 39, "prod": 4.0, "target": 4, "value": 0.0088900872430366495, "supply": [{"l": "Bovine Meat", "v": 0.0088900872430366495}]}, {"source": 40, "prod": 32.0, "target": 4, "value": 0.015838745282930042, "supply": [{"l": "Fruits, Other", "v": 0.015838745282930042}]}, {"source": 2, "prod": 11.0, "target": 4, "value": 0.037860959387067565, "supply": [{"l": "Millet", "v": 0.037860959387067565}]}, {"source": 41, "prod": 1.0, "target": 4, "value": 0.003144456784111111, "supply": [{"l": "Honey", "v": 0.003144456784111111}]}, {"source": 42, "prod": 1.0, "target": 4, "value": 0.0013918087405081967, "supply": [{"l": "Offals, Edible", "v": 0.0013918087405081967}]}, {"source": 43, "prod": 8.0, "target": 4, "value": 0.0091784143968648649, "supply": [{"l": "Sweet potatoes", "v": 0.0091784143968648649}]}, {"source": 44, "prod": 3.0, "target": 4, "value": 0.0024648483823838715, "supply": [{"l": "Demersal Fish", "v": 0.0024648483823838715}]}, {"source": 45, "prod": 4.0, "target": 4, "value": 0.0017238646329137059, "supply": [{"l": "Onions", "v": 0.0017238646329137059}]}, {"source": 46, "prod": 56.0, "target": 4, "value": 0.071698048694350189, "supply": [{"l": "Cassava", "v": 0.071698048694350189}]}, {"source": 25, "prod": 2.0, "target": 47, "value": 0.020549483824545755, "supply": [{"l": "Palm Oil", "v": 0.020549483824545755}]}, {"source": 12, "prod": 17.0, "target": 12, "value": 0.070119217694792194, "supply": [{"l": "Rice", "v": 0.070119217694792194}]}, {"source": 33, "prod": 2.0, "target": 33, "value": 0.0078709683877281264, "supply": [{"l": "Pulses, Other", "v": 0.0078709683877281264}]}, {"source": 31, "prod": 1.0, "target": 31, "value": 0.0063743061645958462, "supply": [{"l": "Groundnuts", "v": 0.0063743061645958462}]}, {"source": 3, "prod": 1.0, "target": 48, "value": 0.0037216584403726026, "supply": [{"l": "Maize", "v": 0.0037216584403726026}]}, {"source": 20, "prod": 15.0, "target": 48, "value": 0.0038764170063657483, "supply": [{"l": "Vegetables, Other", "v": 0.0038764170063657483}]}, {"source": 6, "prod": 1.0, "target": 48, "value": 0.0010497722803214839, "supply": [{"l": "Plantains", "v": 0.0010497722803214839}]}, {"source": 5, "prod": 3.0, "target": 48, "value": 0.0029731634184396887, "supply": [{"l": "Roots, Other", "v": 0.0029731634184396887}]}, {"source": 40, "prod": 3.0, "target": 48, "value": 0.0014848823702746916, "supply": [{"l": "Fruits, Other", "v": 0.0014848823702746916}]}, {"source": 2, "prod": 1.0, "target": 48, "value": 0.0034419053988243241, "supply": [{"l": "Millet", "v": 0.0034419053988243241}]}, {"source": 32, "prod": 1.0, "target": 48, "value": 0.00077463807637773727, "supply": [{"l": "Milk - Excluding Butter", "v": 0.00077463807637773727}]}, {"source": 9, "prod": 4.0, "target": 48, "value": 0.0011799907320500349, "supply": [{"l": "Citrus, Other", "v": 0.0011799907320500349}]}, {"source": 43, "prod": 1.0, "target": 48, "value": 0.0011473017996081081, "supply": [{"l": "Sweet potatoes", "v": 0.0011473017996081081}]}, {"source": 33, "prod": 3.0, "target": 48, "value": 0.011806452581592188, "supply": [{"l": "Pulses, Other", "v": 0.011806452581592188}]}, {"source": 31, "prod": 1.0, "target": 48, "value": 0.0063743061645958462, "supply": [{"l": "Groundnuts", "v": 0.0063743061645958462}]}, {"source": 12, "prod": 21.0, "target": 48, "value": 0.086617857152390343, "supply": [{"l": "Rice", "v": 0.086617857152390343}]}, {"source": 0, "prod": 1.0, "target": 48, "value": 0.0034627024102975839, "supply": [{"l": "Sorghum", "v": 0.0034627024102975839}]}, {"source": 13, "prod": 1.0, "target": 48, "value": 0.00025805572392401219, "supply": [{"l": "Tomatoes", "v": 0.00025805572392401219}]}, {"source": 49, "prod": 1.0, "target": 14, "value": 0.0032159217110227277, "supply": [{"l": "Cereals, Other", "v": 0.0032159217110227277}]}, {"source": 49, "prod": 1.0, "target": 30, "value": 0.00092282970838043483, "supply": [{"l": "Potatoes", "v": 0.00092282970838043483}]}, {"source": 49, "prod": 4.0, "target": 12, "value": 0.016498639457598163, "supply": [{"l": "Rice", "v": 0.016498639457598163}]}, {"source": 49, "prod": 15.0, "target": 15, "value": 0.045941738728896106, "supply": [{"l": "Wheat", "v": 0.045941738728896106}]}, {"source": 49, "prod": 14.0, "target": 1, "value": 0.014800520262746314, "supply": [{"l": "Pigmeat", "v": 0.0044218923526562507}, {"l": "Pelagic Fish", "v": 0.002497068622676471}, {"l": "Milk - Excluding Butter", "v": 0.0054224665346441613}, {"l": "Fish, Seafood", "v": 0.0024590927527694318}]}, {"source": 49, "prod": 4.0, "target": 45, "value": 0.0017238646329137059, "supply": [{"l": "Onions", "v": 0.0017238646329137059}]}, {"source": 49, "prod": 1.0, "target": 29, "value": 0.002927597695551724, "supply": [{"l": "Oats", "v": 0.002927597695551724}]}, {"source": 49, "prod": 1.0, "target": 40, "value": 0.00049496079009156381, "supply": [{"l": "Fruits, Other", "v": 0.00049496079009156381}]}, {"source": 49, "prod": 2.0, "target": 20, "value": 0.00051685560084876645, "supply": [{"l": "Vegetables, Other", "v": 0.00051685560084876645}]}, {"source": 49, "prod": 29.0, "target": 50, "value": 0.12037250436970948, "supply": [{"l": "Soyabean Oil", "v": 0.020917473389956521}, {"l": "Sugar", "v": 0.084688611641895284}, {"l": "Beer", "v": 0.002631208672654959}, {"l": "Groundnut Oil", "v": 0.011073956500565219}, {"l": "Wine", "v": 0.0010612541646375}]}, {"source": 51, "prod": 5.0, "target": 52, "value": 0.0019295530266136363, "supply": [{"l": "Coffee", "v": 0.0019295530266136363}]}, {"source": 53, "prod": 3.0, "target": 52, "value": 0.0079594062347812505, "supply": [{"l": "Cocoa Beans", "v": 0.0079594062347812505}]}, {"source": 18, "prod": 1.0, "target": 52, "value": 0.003943458098106558, "supply": [{"l": "Treenuts", "v": 0.003943458098106558}]}, {"source": 7, "prod": 1.0, "target": 52, "value": 0.0040771346438050853, "supply": [{"l": "Nuts", "v": 0.0040771346438050853}]}, {"source": 54, "prod": 1.0, "target": 52, "value": 0.00424501665855, "supply": [{"l": "Spices, Other", "v": 0.00424501665855}]}, {"source": 55, "prod": 59.0, "target": 52, "value": 0.37608406371115494, "supply": [{"l": "Palm kernels", "v": 0.37608406371115494}]}, {"source": 8, "prod": 2.0, "target": 56, "value": 0.0084688611641895277, "supply": [{"l": "Sugar", "v": 0.0084688611641895277}]}, {"source": 1, "prod": 19.0, "target": 32, "value": 0.014718123451177009, "supply": [{"l": "Milk - Excluding Butter", "v": 0.014718123451177009}]}, {"source": 1, "prod": 1.0, "target": 27, "value": 0.0044218923526562507, "supply": [{"l": "Pigmeat", "v": 0.0044218923526562507}]}, {"source": 1, "prod": 17.0, "target": 37, "value": 0.014150055528500001, "supply": [{"l": "Pelagic Fish", "v": 0.014150055528500001}]}, {"source": 1, "prod": 4.0, "target": 39, "value": 0.0088900872430366495, "supply": [{"l": "Bovine Meat", "v": 0.0088900872430366495}]}, {"source": 1, "prod": 2.0, "target": 19, "value": 0.0033960133268400006, "supply": [{"l": "Eggs", "v": 0.0033960133268400006}]}, {"source": 1, "prod": 2.0, "target": 28, "value": 0.002122508329275, "supply": [{"l": "Poultry Meat", "v": 0.002122508329275}]}, {"source": 1, "prod": 1.0, "target": 42, "value": 0.0013918087405081967, "supply": [{"l": "Offals, Edible", "v": 0.0013918087405081967}]}, {"source": 1, "prod": 5.0, "target": 23, "value": 0.003723698823289474, "supply": [{"l": "Marine Fish, Other", "v": 0.003723698823289474}]}, {"source": 1, "prod": 25.0, "target": 34, "value": 0.020492439606411929, "supply": [{"l": "Fish, Seafood", "v": 0.020492439606411929}]}, {"source": 1, "prod": 3.0, "target": 44, "value": 0.0024648483823838715, "supply": [{"l": "Demersal Fish", "v": 0.0024648483823838715}]}, {"source": 1, "prod": 2.0, "target": 35, "value": 0.0027387204248709679, "supply": [{"l": "Meat, Other", "v": 0.0027387204248709679}]}, {"source": 1, "prod": 1.0, "target": 26, "value": 0.0022342192939736848, "supply": [{"l": "Mutton & Goat Meat", "v": 0.0022342192939736848}]}, {"source": 50, "prod": 130.0, "target": 38, "value": 0.063174995389868691, "supply": [{"l": "Beverages, Fermented", "v": 0.063174995389868691}]}, {"source": 50, "prod": 2.0, "target": 16, "value": 0.020917473389956521, "supply": [{"l": "Soyabean Oil", "v": 0.020917473389956521}]}, {"source": 50, "prod": 20.0, "target": 8, "value": 0.084688611641895284, "supply": [{"l": "Sugar", "v": 0.084688611641895284}]}, {"source": 50, "prod": 1.0, "target": 41, "value": 0.003144456784111111, "supply": [{"l": "Honey", "v": 0.003144456784111111}]}, {"source": 50, "prod": 5.0, "target": 10, "value": 0.002631208672654959, "supply": [{"l": "Beer", "v": 0.002631208672654959}]}, {"source": 50, "prod": 1.0, "target": 11, "value": 0.011073956500565219, "supply": [{"l": "Groundnut Oil", "v": 0.011073956500565219}]}, {"source": 50, "prod": 35.0, "target": 25, "value": 0.35961596692955072, "supply": [{"l": "Palm Oil", "v": 0.35961596692955072}]}, {"source": 50, "prod": 1.0, "target": 36, "value": 0.0010612541646375, "supply": [{"l": "Wine", "v": 0.0010612541646375}]}, {"source": 3, "prod": 18.0, "target": 57, "value": 0.06275999988, "supply": [{"l": "Maize", "v": 0.06275999988}]}, {"source": 31, "prod": 15.5, "target": 57, "value": 0.054043333230000004, "supply": [{"l": "Groundnuts", "v": 0.054043333230000004}]}, {"source": 5, "prod": 12.75, "target": 57, "value": 0.044454999915000001, "supply": [{"l": "Roots, Other", "v": 0.044454999915000001}]}, {"source": 15, "prod": 15.0, "target": 57, "value": 0.052299999900000005, "supply": [{"l": "Wheat", "v": 0.052299999900000005}]}, {"source": 14, "prod": 2.0, "target": 57, "value": 0.0069733333200000004, "supply": [{"l": "Cereals, Other", "v": 0.0069733333200000004}]}, {"source": 17, "prod": 1.5, "target": 57, "value": 0.0052299999900000003, "supply": [{"l": "Coconuts - Incl Copra", "v": 0.0052299999900000003}]}, {"source": 29, "prod": 1.0, "target": 57, "value": 0.0034866666599999993, "supply": [{"l": "Oats", "v": 0.0034866666599999993}]}, {"source": 20, "prod": 151.0, "target": 57, "value": 0.52648666566000002, "supply": [{"l": "Vegetables, Other", "v": 0.52648666566000002}]}, {"source": 21, "prod": 1.0, "target": 57, "value": 0.0034866666600000002, "supply": [{"l": "Peas", "v": 0.0034866666600000002}]}, {"source": 22, "prod": 1.0, "target": 57, "value": 0.0034866666600000006, "supply": [{"l": "Sesame seed", "v": 0.0034866666600000006}]}, {"source": 2, "prod": 25.0, "target": 57, "value": 0.087166666500000003, "supply": [{"l": "Millet", "v": 0.087166666500000003}]}, {"source": 43, "prod": 4.5, "target": 57, "value": 0.015689999970000004, "supply": [{"l": "Sweet potatoes", "v": 0.015689999970000004}]}, {"source": 33, "prod": 25.5, "target": 57, "value": 0.088909999830000003, "supply": [{"l": "Pulses, Other", "v": 0.088909999830000003}]}, {"source": 30, "prod": 0.25, "target": 57, "value": 0.00087166666499999994, "supply": [{"l": "Potatoes", "v": 0.00087166666499999994}]}, {"source": 55, "prod": 59.0, "target": 57, "value": 0.20571333294000002, "supply": [{"l": "Palm kernels", "v": 0.20571333294000002}]}, {"source": 12, "prod": 357.0, "target": 57, "value": 1.2447399976200002, "supply": [{"l": "Rice", "v": 1.2447399976200002}]}, {"source": 0, "prod": 24.0, "target": 57, "value": 0.083679999840000005, "supply": [{"l": "Sorghum", "v": 0.083679999840000005}]}, {"source": 45, "prod": 2.0, "target": 57, "value": 0.0069733333200000013, "supply": [{"l": "Onions", "v": 0.0069733333200000013}]}, {"source": 13, "prod": 8.0, "target": 57, "value": 0.027893333280000002, "supply": [{"l": "Tomatoes", "v": 0.027893333280000002}]}, {"source": 46, "prod": 28.0, "target": 57, "value": 0.097626666480000013, "supply": [{"l": "Cassava", "v": 0.097626666480000013}]}, {"source": 58, "prod": 169.42970822281166, "target": 50, "value": 0.71923193385910145, "supply": [{"l": "Oil Palm", "v": 0.71923193385910145}]}, {"source": 59, "prod": 0, "target": 3, "value": 3.8070539607192184e-06, "supply": "[{\"l\":'Energy for power irrigation',\"v\":3.8070539607192184e-06}]"}, {"source": 59, "prod": 0, "target": 20, "value": 6.3873905340955771e-05, "supply": "[{\"l\":'Energy for power irrigation',\"v\":6.3873905340955771e-05}]"}, {"source": 59, "prod": 0, "target": 6, "value": 6.3450899345320304e-06, "supply": "[{\"l\":'Energy for power irrigation',\"v\":6.3450899345320304e-06}]"}, {"source": 59, "prod": 0, "target": 40, "value": 1.4805209847241404e-05, "supply": "[{\"l\":'Energy for power irrigation',\"v\":1.4805209847241404e-05}]"}, {"source": 59, "prod": 0, "target": 9, "value": 1.5016712845059138e-05, "supply": "[{\"l\":'Energy for power irrigation',\"v\":1.5016712845059138e-05}]"}, {"source": 59, "prod": 0, "target": 12, "value": 7.5506570220931161e-05, "supply": "[{\"l\":'Energy for power irrigation',\"v\":7.5506570220931161e-05}]"}, {"source": 59, "prod": 0, "target": 13, "value": 3.3840479650837495e-06, "supply": "[{\"l\":'Energy for power irrigation',\"v\":3.3840479650837495e-06}]"}, {"source": 59, "prod": 0, "target": 14, "value": 4.2300599563546869e-07, "supply": "[{\"l\":'Energy for power irrigation',\"v\":4.2300599563546869e-07}]"}, {"source": 59, "prod": 0, "target": 51, "value": 2.1150299781773435e-06, "supply": "[{\"l\":'Energy for power irrigation',\"v\":2.1150299781773435e-06}]"}, {"source": 59, "prod": 0, "target": 17, "value": 6.34508993453203e-07, "supply": "[{\"l\":'Energy for power irrigation',\"v\":6.34508993453203e-07}]"}, {"source": 59, "prod": 0, "target": 18, "value": 2.1150299781773435e-06, "supply": "[{\"l\":'Energy for power irrigation',\"v\":2.1150299781773435e-06}]"}, {"source": 59, "prod": 0, "target": 5, "value": 1.0786652888704453e-05, "supply": "[{\"l\":'Energy for power irrigation',\"v\":1.0786652888704453e-05}]"}, {"source": 59, "prod": 0, "target": 21, "value": 4.2300599563546869e-07, "supply": "[{\"l\":'Energy for power irrigation',\"v\":4.2300599563546869e-07}]"}, {"source": 59, "prod": 0, "target": 22, "value": 4.2300599563546869e-07, "supply": "[{\"l\":'Energy for power irrigation',\"v\":4.2300599563546869e-07}]"}, {"source": 59, "prod": 0, "target": 24, "value": 8.4601199127093737e-07, "supply": "[{\"l\":'Energy for power irrigation',\"v\":8.4601199127093737e-07}]"}, {"source": 59, "prod": 0, "target": 58, "value": 3.58348912085087e-05, "supply": "[{\"l\":'Energy for power irrigation',\"v\":3.58348912085087e-05}]"}, {"source": 59, "prod": 0, "target": 53, "value": 1.269017986906406e-06, "supply": "[{\"l\":'Energy for power irrigation',\"v\":1.269017986906406e-06}]"}, {"source": 59, "prod": 0, "target": 7, "value": 2.1150299781773435e-06, "supply": "[{\"l\":'Energy for power irrigation',\"v\":2.1150299781773435e-06}]"}, {"source": 59, "prod": 0, "target": 31, "value": 6.5565929323497647e-06, "supply": "[{\"l\":'Energy for power irrigation',\"v\":6.5565929323497647e-06}]"}, {"source": 59, "prod": 0, "target": 33, "value": 1.0786652888704453e-05, "supply": "[{\"l\":'Energy for power irrigation',\"v\":1.0786652888704453e-05}]"}, {"source": 59, "prod": 0, "target": 0, "value": 5.076071947625624e-06, "supply": "[{\"l\":'Energy for power irrigation',\"v\":5.076071947625624e-06}]"}, {"source": 59, "prod": 0, "target": 54, "value": 4.2300599563546869e-07, "supply": "[{\"l\":'Energy for power irrigation',\"v\":4.2300599563546869e-07}]"}, {"source": 59, "prod": 0, "target": 2, "value": 5.2875749454433583e-06, "supply": "[{\"l\":'Energy for power irrigation',\"v\":5.2875749454433583e-06}]"}, {"source": 59, "prod": 0, "target": 43, "value": 3.8070539607192184e-06, "supply": "[{\"l\":'Energy for power irrigation',\"v\":3.8070539607192184e-06}]"}, {"source": 59, "prod": 0, "target": 55, "value": 2.4957353742492653e-05, "supply": "[{\"l\":'Energy for power irrigation',\"v\":2.4957353742492653e-05}]"}, {"source": 59, "prod": 0, "target": 46, "value": 2.3688335755586248e-05, "supply": "[{\"l\":'Energy for power irrigation',\"v\":2.3688335755586248e-05}]"}, {"source": 59, "prod": 0, "target": 50, "value": 0.00026776841930618877, "supply": "[{\"l\":'Electricity',\"v\":0.00026776841930618877}]"}, {"source": 60, "prod": 0, "target": 59, "value": 0.00045407342634145209, "supply": [{"l": "Coal", "v": 3.1540220717419554e-05}, {"l": "Natural gas", "v": 5.979621650717938e-05}, {"l": "Oil", "v": 0.00036273698911685315}]}, {"source": 61, "prod": 0, "target": 59, "value": 0.00041945378059510605, "supply": [{"l": "Nuclear", "v": 0.0}, {"l": "Hydroelectric", "v": 0.00041702428985711872}, {"l": "Renewable", "v": 2.4294907379873261e-06}]}, {"source": 60, "prod": 0, "target": 3, "value": 0.00026106415961377194, "supply": [{"l": "Other fossil fuels", "v": 0.00026106415961377194}]}, {"source": 60, "prod": 0, "target": 20, "value": 0.0043800764557421733, "supply": [{"l": "Other fossil fuels", "v": 0.0043800764557421733}]}, {"source": 60, "prod": 0, "target": 6, "value": 0.00043510693268961981, "supply": [{"l": "Other fossil fuels", "v": 0.00043510693268961981}]}, {"source": 60, "prod": 0, "target": 40, "value": 0.0010152495096091129, "supply": [{"l": "Other fossil fuels", "v": 0.0010152495096091129}]}, {"source": 60, "prod": 0, "target": 9, "value": 0.0010297530740321003, "supply": [{"l": "Other fossil fuels", "v": 0.0010297530740321003}]}, {"source": 60, "prod": 0, "target": 12, "value": 0.0051777724990064765, "supply": [{"l": "Other fossil fuels", "v": 0.0051777724990064765}]}, {"source": 60, "prod": 0, "target": 13, "value": 0.00023205703076779725, "supply": [{"l": "Other fossil fuels", "v": 0.00023205703076779725}]}, {"source": 60, "prod": 0, "target": 14, "value": 2.9007128845974656e-05, "supply": [{"l": "Other fossil fuels", "v": 2.9007128845974656e-05}]}, {"source": 60, "prod": 0, "target": 51, "value": 0.00014503564422987329, "supply": [{"l": "Other fossil fuels", "v": 0.00014503564422987329}]}, {"source": 60, "prod": 0, "target": 17, "value": 4.3510693268961988e-05, "supply": [{"l": "Other fossil fuels", "v": 4.3510693268961988e-05}]}, {"source": 60, "prod": 0, "target": 18, "value": 0.00014503564422987329, "supply": [{"l": "Other fossil fuels", "v": 0.00014503564422987329}]}, {"source": 60, "prod": 0, "target": 5, "value": 0.00073968178557235376, "supply": [{"l": "Other fossil fuels", "v": 0.00073968178557235376}]}, {"source": 60, "prod": 0, "target": 21, "value": 2.9007128845974656e-05, "supply": [{"l": "Other fossil fuels", "v": 2.9007128845974656e-05}]}, {"source": 60, "prod": 0, "target": 22, "value": 2.9007128845974656e-05, "supply": [{"l": "Other fossil fuels", "v": 2.9007128845974656e-05}]}, {"source": 60, "prod": 0, "target": 24, "value": 5.8014257691949312e-05, "supply": [{"l": "Other fossil fuels", "v": 5.8014257691949312e-05}]}, {"source": 60, "prod": 0, "target": 58, "value": 0.002457334688377495, "supply": [{"l": "Other fossil fuels", "v": 0.002457334688377495}]}, {"source": 60, "prod": 0, "target": 53, "value": 8.7021386537923975e-05, "supply": [{"l": "Other fossil fuels", "v": 8.7021386537923975e-05}]}, {"source": 60, "prod": 0, "target": 7, "value": 0.00014503564422987329, "supply": [{"l": "Other fossil fuels", "v": 0.00014503564422987329}]}, {"source": 60, "prod": 0, "target": 31, "value": 0.00044961049711260713, "supply": [{"l": "Other fossil fuels", "v": 0.00044961049711260713}]}, {"source": 60, "prod": 0, "target": 33, "value": 0.00073968178557235376, "supply": [{"l": "Other fossil fuels", "v": 0.00073968178557235376}]}, {"source": 60, "prod": 0, "target": 0, "value": 0.0003480855461516959, "supply": [{"l": "Other fossil fuels", "v": 0.0003480855461516959}]}, {"source": 60, "prod": 0, "target": 54, "value": 2.9007128845974656e-05, "supply": [{"l": "Other fossil fuels", "v": 2.9007128845974656e-05}]}, {"source": 60, "prod": 0, "target": 2, "value": 0.00036258911057468322, "supply": [{"l": "Other fossil fuels", "v": 0.00036258911057468322}]}, {"source": 60, "prod": 0, "target": 43, "value": 0.00026106415961377194, "supply": [{"l": "Other fossil fuels", "v": 0.00026106415961377194}]}, {"source": 60, "prod": 0, "target": 55, "value": 0.0017114206019125048, "supply": [{"l": "Other fossil fuels", "v": 0.0017114206019125048}]}, {"source": 60, "prod": 0, "target": 46, "value": 0.0016243992153745807, "supply": [{"l": "Other fossil fuels", "v": 0.0016243992153745807}]}, {"source": 62, "prod": 0.0037462978905679427, "target": 3, "value": 3.2982563128407712e-05, "supply": [{"l": "Potash", "v": 0.00012791525819748944}, {"l": "Phosphate", "v": 0.00067333333387199995}, {"l": "Nitrogen", "v": 0.0020122184790800396}]}, {"source": 62, "prod": 0.062854553497306592, "target": 20, "value": 0.00055337411470995153, "supply": [{"l": "Potash", "v": 0.00012791525819748944}, {"l": "Phosphate", "v": 0.00067333333387199995}, {"l": "Nitrogen", "v": 0.0020122184790800396}]}, {"source": 62, "prod": 0.0062438298176132377, "target": 6, "value": 5.4970938547346182e-05, "supply": [{"l": "Potash", "v": 0.00012791525819748944}, {"l": "Phosphate", "v": 0.00067333333387199995}, {"l": "Nitrogen", "v": 0.0020122184790800396}]}, {"source": 62, "prod": 0.014568936241097554, "target": 40, "value": 0.00012826552327714109, "supply": [{"l": "Potash", "v": 0.00012791525819748944}, {"l": "Phosphate", "v": 0.00067333333387199995}, {"l": "Nitrogen", "v": 0.0020122184790800396}]}, {"source": 62, "prod": 0.014777063901684663, "target": 9, "value": 0.00013009788789538598, "supply": [{"l": "Potash", "v": 0.00012791525819748944}, {"l": "Phosphate", "v": 0.00067333333387199995}, {"l": "Nitrogen", "v": 0.0020122184790800396}]}, {"source": 62, "prod": 0.074301574829597525, "target": 12, "value": 0.00065415416871341964, "supply": [{"l": "Potash", "v": 0.00012791525819748944}, {"l": "Phosphate", "v": 0.00067333333387199995}, {"l": "Nitrogen", "v": 0.0020122184790800396}]}, {"source": 62, "prod": 0.0033300425693937267, "target": 13, "value": 2.9317833891917964e-05, "supply": [{"l": "Potash", "v": 0.00012791525819748944}, {"l": "Phosphate", "v": 0.00067333333387199995}, {"l": "Nitrogen", "v": 0.0020122184790800396}]}, {"source": 62, "prod": 0.00041625532117421584, "target": 14, "value": 3.6647292364897456e-06, "supply": [{"l": "Potash", "v": 0.00012791525819748944}, {"l": "Phosphate", "v": 0.00067333333387199995}, {"l": "Nitrogen", "v": 0.0020122184790800396}]}, {"source": 62, "prod": 0.0020812766058710794, "target": 51, "value": 1.8323646182448729e-05, "supply": [{"l": "Potash", "v": 0.00012791525819748944}, {"l": "Phosphate", "v": 0.00067333333387199995}, {"l": "Nitrogen", "v": 0.0020122184790800396}]}, {"source": 62, "prod": 0.00062438298176132375, "target": 17, "value": 5.4970938547346183e-06, "supply": [{"l": "Potash", "v": 0.00012791525819748944}, {"l": "Phosphate", "v": 0.00067333333387199995}, {"l": "Nitrogen", "v": 0.0020122184790800396}]}, {"source": 62, "prod": 0.0020812766058710794, "target": 18, "value": 1.8323646182448729e-05, "supply": [{"l": "Potash", "v": 0.00012791525819748944}, {"l": "Phosphate", "v": 0.00067333333387199995}, {"l": "Nitrogen", "v": 0.0020122184790800396}]}, {"source": 62, "prod": 0.010614510689942505, "target": 5, "value": 9.3450595530488524e-05, "supply": [{"l": "Potash", "v": 0.00012791525819748944}, {"l": "Phosphate", "v": 0.00067333333387199995}, {"l": "Nitrogen", "v": 0.0020122184790800396}]}, {"source": 62, "prod": 0.00041625532117421584, "target": 21, "value": 3.6647292364897456e-06, "supply": [{"l": "Potash", "v": 0.00012791525819748944}, {"l": "Phosphate", "v": 0.00067333333387199995}, {"l": "Nitrogen", "v": 0.0020122184790800396}]}, {"source": 62, "prod": 0.00041625532117421584, "target": 22, "value": 3.6647292364897456e-06, "supply": [{"l": "Potash", "v": 0.00012791525819748944}, {"l": "Phosphate", "v": 0.00067333333387199995}, {"l": "Nitrogen", "v": 0.0020122184790800396}]}, {"source": 62, "prod": 0.00083251064234843167, "target": 24, "value": 7.3294584729794911e-06, "supply": [{"l": "Potash", "v": 0.00012791525819748944}, {"l": "Phosphate", "v": 0.00067333333387199995}, {"l": "Nitrogen", "v": 0.0020122184790800396}]}, {"source": 62, "prod": 0.035263008806370073, "target": 58, "value": 0.00031045700262703247, "supply": [{"l": "Potash", "v": 0.00012791525819748944}, {"l": "Phosphate", "v": 0.00067333333387199995}, {"l": "Nitrogen", "v": 0.0020122184790800396}]}, {"source": 62, "prod": 0.0012487659635226475, "target": 53, "value": 1.0994187709469237e-05, "supply": [{"l": "Potash", "v": 0.00012791525819748944}, {"l": "Phosphate", "v": 0.00067333333387199995}, {"l": "Nitrogen", "v": 0.0020122184790800396}]}, {"source": 62, "prod": 0.0020812766058710794, "target": 7, "value": 1.8323646182448729e-05, "supply": [{"l": "Potash", "v": 0.00012791525819748944}, {"l": "Phosphate", "v": 0.00067333333387199995}, {"l": "Nitrogen", "v": 0.0020122184790800396}]}, {"source": 62, "prod": 0.0064519574782003451, "target": 31, "value": 5.6803303165591059e-05, "supply": [{"l": "Potash", "v": 0.00012791525819748944}, {"l": "Phosphate", "v": 0.00067333333387199995}, {"l": "Nitrogen", "v": 0.0020122184790800396}]}, {"source": 62, "prod": 0.010614510689942505, "target": 33, "value": 9.3450595530488524e-05, "supply": [{"l": "Potash", "v": 0.00012791525819748944}, {"l": "Phosphate", "v": 0.00067333333387199995}, {"l": "Nitrogen", "v": 0.0020122184790800396}]}, {"source": 62, "prod": 0.00499506385409059, "target": 0, "value": 4.3976750837876947e-05, "supply": [{"l": "Potash", "v": 0.00012791525819748944}, {"l": "Phosphate", "v": 0.00067333333387199995}, {"l": "Nitrogen", "v": 0.0020122184790800396}]}, {"source": 62, "prod": 0.00041625532117421584, "target": 54, "value": 3.6647292364897456e-06, "supply": [{"l": "Potash", "v": 0.00012791525819748944}, {"l": "Phosphate", "v": 0.00067333333387199995}, {"l": "Nitrogen", "v": 0.0020122184790800396}]}, {"source": 62, "prod": 0.0052031915146776983, "target": 2, "value": 4.5809115456121824e-05, "supply": [{"l": "Potash", "v": 0.00012791525819748944}, {"l": "Phosphate", "v": 0.00067333333387199995}, {"l": "Nitrogen", "v": 0.0020122184790800396}]}, {"source": 62, "prod": 0.0037462978905679427, "target": 43, "value": 3.2982563128407712e-05, "supply": [{"l": "Potash", "v": 0.00012791525819748944}, {"l": "Phosphate", "v": 0.00067333333387199995}, {"l": "Nitrogen", "v": 0.0020122184790800396}]}, {"source": 62, "prod": 0.024559063949278738, "target": 55, "value": 0.000216219024952895, "supply": [{"l": "Potash", "v": 0.00012791525819748944}, {"l": "Phosphate", "v": 0.00067333333387199995}, {"l": "Nitrogen", "v": 0.0020122184790800396}]}, {"source": 62, "prod": 0.023310297985756089, "target": 46, "value": 0.00020522483724342576, "supply": [{"l": "Potash", "v": 0.00012791525819748944}, {"l": "Phosphate", "v": 0.00067333333387199995}, {"l": "Nitrogen", "v": 0.0020122184790800396}]}, {"source": 60, "prod": 0, "target": 62, "value": 0.0034158195031982678, "supply": [{"l": "Natural gas (including LNG)", "v": 0.0023248062127018392}, {"l": "Fuel oil", "v": 0.0007353110425715936}, {"l": "Liquefied petroleum gas (LPG)", "v": 0.00017785112396241756}, {"l": "Coal", "v": 0.00017785112396241756}]}, {"source": 63, "prod": 0, "target": 3, "value": 0.003580940175909709, "supply": "[{\"l\":'Labor',\"v\":0.003580940175909709}]"}, {"source": 63, "prod": 0, "target": 20, "value": 0.060080218506929559, "supply": "[{\"l\":'Labor',\"v\":0.060080218506929559}]"}, {"source": 63, "prod": 0, "target": 6, "value": 0.0059682336265161808, "supply": "[{\"l\":'Labor',\"v\":0.0059682336265161808}]"}, {"source": 63, "prod": 0, "target": 7, "value": 0.0019894112088387271, "supply": "[{\"l\":'Labor',\"v\":0.0019894112088387271}]"}, {"source": 63, "prod": 0, "target": 9, "value": 0.014124819582754963, "supply": "[{\"l\":'Labor',\"v\":0.014124819582754963}]"}, {"source": 63, "prod": 0, "target": 53, "value": 0.0011936467253032363, "supply": "[{\"l\":'Labor',\"v\":0.0011936467253032363}]"}, {"source": 63, "prod": 0, "target": 12, "value": 0.071021980155542563, "supply": "[{\"l\":'Labor',\"v\":0.071021980155542563}]"}, {"source": 63, "prod": 0, "target": 13, "value": 0.0031830579341419634, "supply": "[{\"l\":'Labor',\"v\":0.0031830579341419634}]"}, {"source": 63, "prod": 0, "target": 14, "value": 0.00039788224176774543, "supply": "[{\"l\":'Labor',\"v\":0.00039788224176774543}]"}, {"source": 63, "prod": 0, "target": 51, "value": 0.0019894112088387271, "supply": "[{\"l\":'Labor',\"v\":0.0019894112088387271}]"}, {"source": 63, "prod": 0, "target": 15, "value": 0.0029841168132580904, "supply": "[{\"l\":'Labor',\"v\":0.0029841168132580904}]"}, {"source": 63, "prod": 0, "target": 17, "value": 0.00059682336265161817, "supply": "[{\"l\":'Labor',\"v\":0.00059682336265161817}]"}, {"source": 63, "prod": 0, "target": 18, "value": 0.0019894112088387271, "supply": "[{\"l\":'Labor',\"v\":0.0019894112088387271}]"}, {"source": 63, "prod": 0, "target": 5, "value": 0.010145997165077509, "supply": "[{\"l\":'Labor',\"v\":0.010145997165077509}]"}, {"source": 63, "prod": 0, "target": 21, "value": 0.00039788224176774543, "supply": "[{\"l\":'Labor',\"v\":0.00039788224176774543}]"}, {"source": 63, "prod": 0, "target": 22, "value": 0.00039788224176774543, "supply": "[{\"l\":'Labor',\"v\":0.00039788224176774543}]"}, {"source": 63, "prod": 0, "target": 24, "value": 0.00079576448353549086, "supply": "[{\"l\":'Labor',\"v\":0.00079576448353549086}]"}, {"source": 63, "prod": 0, "target": 29, "value": 0.00019894112088387271, "supply": "[{\"l\":'Labor',\"v\":0.00019894112088387271}]"}, {"source": 63, "prod": 0, "target": 30, "value": 0.00019894112088387271, "supply": "[{\"l\":'Labor',\"v\":0.00019894112088387271}]"}, {"source": 63, "prod": 0, "target": 31, "value": 0.0061671747474000543, "supply": "[{\"l\":'Labor',\"v\":0.0061671747474000543}]"}, {"source": 63, "prod": 0, "target": 58, "value": 0.033706536064873657, "supply": "[{\"l\":'Labor',\"v\":0.033706536064873657}]"}, {"source": 63, "prod": 0, "target": 33, "value": 0.010145997165077509, "supply": "[{\"l\":'Labor',\"v\":0.010145997165077509}]"}, {"source": 63, "prod": 0, "target": 0, "value": 0.0047745869012129454, "supply": "[{\"l\":'Labor',\"v\":0.0047745869012129454}]"}, {"source": 63, "prod": 0, "target": 54, "value": 0.00039788224176774543, "supply": "[{\"l\":'Labor',\"v\":0.00039788224176774543}]"}, {"source": 63, "prod": 0, "target": 40, "value": 0.013925878461871089, "supply": "[{\"l\":'Labor',\"v\":0.013925878461871089}]"}, {"source": 63, "prod": 0, "target": 2, "value": 0.0049735280220968179, "supply": "[{\"l\":'Labor',\"v\":0.0049735280220968179}]"}, {"source": 63, "prod": 0, "target": 43, "value": 0.003580940175909709, "supply": "[{\"l\":'Labor',\"v\":0.003580940175909709}]"}, {"source": 63, "prod": 0, "target": 55, "value": 0.023475052264296983, "supply": "[{\"l\":'Labor',\"v\":0.023475052264296983}]"}, {"source": 63, "prod": 0, "target": 45, "value": 0.00079576448353549086, "supply": "[{\"l\":'Labor',\"v\":0.00079576448353549086}]"}, {"source": 63, "prod": 0, "target": 46, "value": 0.022281405538993743, "supply": "[{\"l\":'Labor',\"v\":0.022281405538993743}]"}, {"source": 60, "prod": 0, "target": 49, "value": 0.026225976014490299, "supply": "[{\"l\":'Fossil Fuels',\"v\":0.026225976014490299}]"}, {"source": 61, "prod": 0, "target": 49, "value": 0.15226010032451479, "supply": "[{\"l\":'Renewables & Nuclear',\"v\":0.0018705232344385892},{\"l\":'Biomass & Waste',\"v\":0.15038957709007619}]"}]}