{"nodes": [{"layer": 3, "name": "Oilcrops", "fill": "#ff9896"}, {"layer": 5, "name": "Production", "fill": "#b5cf6b"}, {"layer": 3, "name": "Treenuts"}, {"layer": 3, "name": "Vegetables"}, {"layer": 3, "name": "Others"}, {"layer": 3, "name": "Starchy Roots"}, {"layer": 3, "name": "Pulses"}, {"layer": 3, "name": "Fruits - Excluding Wine"}, {"layer": 3, "name": "Cereals - Excluding Beer"}, {"layer": 3, "name": "Spices"}, {"layer": 1, "name": "Electricity", "fill": "#bcbd22"}, {"layer": 0, "name": "Fossil Fuels", "fill": "#c49c94"}, {"layer": 0, "name": "Renewables & Nuclear", "fill": "#2ca02c"}, {"layer": 1, "name": "Fertilizers", "fill": "#c5b0d5"}, {"layer": 0, "name": "Labor", "fill": "#7f7f7f"}], "links": [{"source": 0, "prod": 13.0, "target": 1, "value": 0.055185216561150011, "supply": [{"l": "Soyabeans", "v": 0.050940199902600007}, {"l": "Rape and Mustardseed", "v": 0.00424501665855}]}, {"source": 2, "prod": 6.0, "target": 1, "value": 0.01978260190392233, "supply": [{"l": "Treenuts", "v": 0.01978260190392233}]}, {"source": 3, "prod": 761.0, "target": 1, "value": 0.2079023294695857, "supply": [{"l": "Tomatoes", "v": 0.0060689707800945436}, {"l": "Vegetables, Other", "v": 0.18965356405736455}, {"l": "Onions", "v": 0.012179794632126584}]}, {"source": 4, "prod": 6.0, "target": 1, "value": 0.020478472322653266, "supply": [{"l": "Nuts", "v": 0.020478472322653266}]}, {"source": 5, "prod": 459.0, "target": 1, "value": 0.35594378517868847, "supply": [{"l": "Potatoes", "v": 0.35594378517868847}]}, {"source": 6, "prod": 25.0, "target": 1, "value": 0.10160966674911173, "supply": [{"l": "Beans", "v": 0.052061525057688678}, {"l": "Peas", "v": 0.020127234156918104}, {"l": "Pulses, Other", "v": 0.02942090753450495}]}, {"source": 7, "prod": 224.0, "target": 1, "value": 0.1177740916531278, "supply": [{"l": "Grapes", "v": 0.014883442552842987}, {"l": "Fruits, Other", "v": 0.081705411944863859}, {"l": "Apples", "v": 0.020877131107622952}, {"l": "Oranges, Mandarines", "v": 0.00030810604779798394}]}, {"source": 8, "prod": 1350.0, "target": 1, "value": 4.6443740690576876, "supply": [{"l": "Maize", "v": 3.4759479140564258}, {"l": "Oats", "v": 0.13005408029785218}, {"l": "Rye", "v": 0.025155654272888888}, {"l": "Barley", "v": 0.1742691049299474}, {"l": "Wheat", "v": 0.838947315500573}]}, {"source": 9, "prod": 27.0, "target": 1, "value": 0.10051142696481895, "supply": [{"l": "Pimento", "v": 0.10051142696481895}]}, {"source": 10, "prod": 0, "target": 0, "value": 1.4270551940038587e-05, "supply": "[{\"l\":'Energy for power irrigation',\"v\":1.4270551940038587e-05}]"}, {"source": 10, "prod": 0, "target": 2, "value": 2.4890497569834746e-06, "supply": "[{\"l\":'Energy for power irrigation',\"v\":2.4890497569834746e-06}]"}, {"source": 10, "prod": 0, "target": 3, "value": 0.00026666019729816289, "supply": "[{\"l\":'Energy for power irrigation',\"v\":0.00026666019729816289}]"}, {"source": 10, "prod": 0, "target": 5, "value": 0.00015548264148623436, "supply": "[{\"l\":'Energy for power irrigation',\"v\":0.00015548264148623436}]"}, {"source": 10, "prod": 0, "target": 6, "value": 9.4583890765372032e-06, "supply": "[{\"l\":'Energy for power irrigation',\"v\":9.4583890765372032e-06}]"}, {"source": 10, "prod": 0, "target": 4, "value": 2.8209230579146046e-06, "supply": "[{\"l\":'Energy for power irrigation',\"v\":2.8209230579146046e-06}]"}, {"source": 10, "prod": 0, "target": 7, "value": 0.00011681940192775773, "supply": "[{\"l\":'Energy for power irrigation',\"v\":0.00011681940192775773}]"}, {"source": 10, "prod": 0, "target": 8, "value": 0.00058542450284251315, "supply": "[{\"l\":'Energy for power irrigation',\"v\":0.00058542450284251315}]"}, {"source": 10, "prod": 0, "target": 9, "value": 8.9605791251405082e-06, "supply": "[{\"l\":'Energy for power irrigation',\"v\":8.9605791251405082e-06}]"}, {"source": 11, "prod": 0, "target": 10, "value": 0.0015699173785812684, "supply": [{"l": "Coal", "v": 0.0015355357922175767}, {"l": "Natural gas", "v": 0.0}, {"l": "Oil", "v": 3.4381586363691653e-05}]}, {"source": 12, "prod": 0, "target": 10, "value": 0.00055577224754312299, "supply": [{"l": "Nuclear", "v": 0.0}, {"l": "Hydroelectric", "v": 0.00055577224754312299}, {"l": "Renewable", "v": 0.0}]}, {"source": 11, "prod": 0, "target": 0, "value": 0.0015049409853568588, "supply": [{"l": "Other fossil fuels", "v": 0.0015049409853568588}]}, {"source": 11, "prod": 0, "target": 2, "value": 0.00026248970674828931, "supply": [{"l": "Other fossil fuels", "v": 0.00026248970674828931}]}, {"source": 11, "prod": 0, "target": 3, "value": 0.028121397249633397, "supply": [{"l": "Other fossil fuels", "v": 0.028121397249633397}]}, {"source": 11, "prod": 0, "target": 5, "value": 0.016396857014876472, "supply": [{"l": "Other fossil fuels", "v": 0.016396857014876472}]}, {"source": 11, "prod": 0, "target": 6, "value": 0.00099746088564349944, "supply": [{"l": "Other fossil fuels", "v": 0.00099746088564349944}]}, {"source": 11, "prod": 0, "target": 4, "value": 0.00029748833431472791, "supply": [{"l": "Other fossil fuels", "v": 0.00029748833431472791}]}, {"source": 11, "prod": 0, "target": 7, "value": 0.012319516903386379, "supply": [{"l": "Other fossil fuels", "v": 0.012319516903386379}]}, {"source": 11, "prod": 0, "target": 8, "value": 0.061737579027197648, "supply": [{"l": "Other fossil fuels", "v": 0.061737579027197648}]}, {"source": 11, "prod": 0, "target": 9, "value": 0.00094496294429384162, "supply": [{"l": "Other fossil fuels", "v": 0.00094496294429384162}]}, {"source": 13, "prod": 0.30861986642034961, "target": 0, "value": 0.0055497668992655746, "supply": [{"l": "Potash", "v": 0.0009999166674666}, {"l": "Phosphate", "v": 0.00090900000072719996}, {"l": "Nitrogen", "v": 0.45220398647287419}]}, {"source": 13, "prod": 0.053829046468665626, "target": 2, "value": 0.00096798259870911185, "supply": [{"l": "Potash", "v": 0.0009999166674666}, {"l": "Phosphate", "v": 0.00090900000072719996}, {"l": "Nitrogen", "v": 0.45220398647287419}]}, {"source": 13, "prod": 5.7668851783430437, "target": 3, "value": 0.10370320240836951, "supply": [{"l": "Potash", "v": 0.0009999166674666}, {"l": "Phosphate", "v": 0.00090900000072719996}, {"l": "Nitrogen", "v": 0.45220398647287419}]}, {"source": 13, "prod": 3.3625211027426456, "target": 5, "value": 0.060466646332695849, "supply": [{"l": "Potash", "v": 0.0009999166674666}, {"l": "Phosphate", "v": 0.00090900000072719996}, {"l": "Nitrogen", "v": 0.45220398647287419}]}, {"source": 13, "prod": 0.20455037658092937, "target": 6, "value": 0.003678333875094625, "supply": [{"l": "Potash", "v": 0.0009999166674666}, {"l": "Phosphate", "v": 0.00090900000072719996}, {"l": "Nitrogen", "v": 0.45220398647287419}]}, {"source": 13, "prod": 0.061006252664487705, "target": 4, "value": 0.0010970469452036601, "supply": [{"l": "Potash", "v": 0.0009999166674666}, {"l": "Phosphate", "v": 0.00090900000072719996}, {"l": "Nitrogen", "v": 0.45220398647287419}]}, {"source": 13, "prod": 2.526376580929373, "target": 7, "value": 0.045430649966080983, "supply": [{"l": "Potash", "v": 0.0009999166674666}, {"l": "Phosphate", "v": 0.00090900000072719996}, {"l": "Nitrogen", "v": 0.45220398647287419}]}, {"source": 13, "prod": 12.660591729430154, "target": 8, "value": 0.2276695072163831, "supply": [{"l": "Potash", "v": 0.0009999166674666}, {"l": "Phosphate", "v": 0.00090900000072719996}, {"l": "Nitrogen", "v": 0.45220398647287419}]}, {"source": 13, "prod": 0.19378456728719626, "target": 9, "value": 0.0034847373553528026, "supply": [{"l": "Potash", "v": 0.0009999166674666}, {"l": "Phosphate", "v": 0.00090900000072719996}, {"l": "Nitrogen", "v": 0.45220398647287419}]}, {"source": 11, "prod": 0, "target": 13, "value": 0.53615922870897825, "supply": [{"l": "Natural gas (including LNG)", "v": 0.36426014917775668}, {"l": "Fuel oil", "v": 0.091962444329207263}, {"l": "Liquefied petroleum gas (LPG)", "v": 0.039968317601007129}, {"l": "Coal", "v": 0.039968317601007129}]}, {"source": 14, "prod": 0, "target": 0, "value": 0.00069979411147799524, "supply": "[{\"l\":'Labor',\"v\":0.00069979411147799524}]"}, {"source": 14, "prod": 0, "target": 2, "value": 0.00012205711246709219, "supply": "[{\"l\":'Labor',\"v\":0.00012205711246709219}]"}, {"source": 14, "prod": 0, "target": 3, "value": 0.013076385315641143, "supply": "[{\"l\":'Labor',\"v\":0.013076385315641143}]"}, {"source": 14, "prod": 0, "target": 5, "value": 0.0076245009587776911, "supply": "[{\"l\":'Labor',\"v\":0.0076245009587776911}]"}, {"source": 14, "prod": 0, "target": 6, "value": 0.00046381702737495028, "supply": "[{\"l\":'Labor',\"v\":0.00046381702737495028}]"}, {"source": 14, "prod": 0, "target": 4, "value": 0.00013833139412937115, "supply": "[{\"l\":'Labor',\"v\":0.00013833139412937115}]"}, {"source": 14, "prod": 0, "target": 7, "value": 0.0057285471451221934, "supply": "[{\"l\":'Labor',\"v\":0.0057285471451221934}]"}, {"source": 14, "prod": 0, "target": 8, "value": 0.028707832852260081, "supply": "[{\"l\":'Labor',\"v\":0.028707832852260081}]"}, {"source": 14, "prod": 0, "target": 9, "value": 0.00043940560488153188, "supply": "[{\"l\":'Labor',\"v\":0.00043940560488153188}]"}]}