{"nodes": [{"layer": 13, "name": "Milk - Excluding Butter"}, {"layer": 10, "name": "Feed", "fill": "#dbdb8d"}, {"layer": 5, "name": "Oilcrops", "fill": "#ff9896"}, {"layer": 5, "name": "Starchy Roots"}, {"layer": 5, "name": "Pulses"}, {"layer": 13, "name": "Fish, Seafood"}, {"layer": 5, "name": "Cereals - Excluding Beer"}, {"layer": 16, "name": "Food", "fill": "#b5cf6b"}, {"layer": 5, "name": "Treenuts"}, {"layer": 5, "name": "Vegetables"}, {"layer": 13, "name": "Alcoholic Beverages"}, {"layer": 13, "name": "Animal Fats"}, {"layer": 5, "name": "Others"}, {"layer": 13, "name": "Sugar & Sweeteners"}, {"layer": 5, "name": "Fruits - Excluding Wine"}, {"layer": 13, "name": "Vegetable Oils", "fill": "#f7b6d2"}, {"layer": 5, "name": "Spices"}, {"layer": 5, "name": "Stimulants"}, {"layer": 13, "name": "Eggs"}, {"layer": 13, "name": "Meat"}, {"layer": 10, "name": "Processing", "fill": "#9edae5"}, {"layer": 16, "name": "Biofuels & Other", "fill": "#e7ba52"}, {"name": "Seed", "fill": "#dbdb8d"}, {"name": "Waste", "fill": "#c7c7c7"}, {"layer": 0, "name": "Import", "fill": "#aec7e8"}, {"layer": 16, "name": "Export", "fill": "#aec7e8"}, {"layer": 0, "name": "Stock Draw", "fill": "#c7c7c7"}, {"layer": 16, "name": "Stock Deposit", "fill": "#c7c7c7"}, {"layer": 0, "name": "Production", "fill": "#b5cf6b"}], "links": [{"source": 0, "prod": 0.092382149004969549, "target": 1, "value": 134.0, "supply": [{"l": "Milk - Excluding Butter", "v": 134.0}]}, {"source": 2, "prod": 0.0051661511573628015, "target": 1, "value": 1.0, "supply": [{"l": "Oilcrops, Other", "v": 1.0}]}, {"source": 3, "prod": 0.066106329011161535, "target": 1, "value": 85.0, "supply": [{"l": "Potatoes", "v": 85.0}]}, {"source": 4, "prod": 0.012970884234458335, "target": 1, "value": 3.0, "supply": [{"l": "Pulses, Other", "v": 3.0}]}, {"source": 5, "prod": 0.0097735966797452677, "target": 1, "value": 10.0, "supply": [{"l": "Pelagic Fish", "v": 5.0}, {"l": "Fish, Seafood", "v": 5.0}]}, {"source": 6, "prod": 2.1750716320129087, "target": 1, "value": 660.0, "supply": [{"l": "Maize", "v": 315.0}, {"l": "Wheat", "v": 170.0}, {"l": "Oats", "v": 34.0}, {"l": "Rye", "v": 7.0}, {"l": "Barley", "v": 84.0}, {"l": "Cereals, Other", "v": 50.0}]}, {"source": 0, "prod": 0.4874192488545781, "target": 7, "value": 707.0, "supply": [{"l": "Milk - Excluding Butter", "v": 707.0}]}, {"source": 5, "prod": 0.04336339460749826, "target": 7, "value": 46.0, "supply": [{"l": "Marine Fish, Other", "v": 4.0}, {"l": "Freshwater Fish", "v": 7.0}, {"l": "Pelagic Fish", "v": 8.0}, {"l": "Fish, Seafood", "v": 23.0}, {"l": "Molluscs, Other", "v": 1.0}, {"l": "Demersal Fish", "v": 3.0}]}, {"source": 8, "prod": 0.027755878152057697, "target": 7, "value": 8.0, "supply": [{"l": "Treenuts", "v": 8.0}]}, {"source": 4, "prod": 0.10836272005390876, "target": 7, "value": 27.0, "supply": [{"l": "Peas", "v": 3.0}, {"l": "Beans", "v": 20.0}, {"l": "Pulses, Other", "v": 4.0}]}, {"source": 9, "prod": 0.20435309424263159, "target": 7, "value": 755.0, "supply": [{"l": "Tomatoes", "v": 65.0}, {"l": "Vegetables, Other", "v": 649.0}, {"l": "Onions", "v": 41.0}]}, {"source": 10, "prod": 0.36313729987462945, "target": 7, "value": 301.0, "supply": [{"l": "Beer", "v": 225.0}, {"l": "Beverages, Alcoholic", "v": 66.0}, {"l": "Wine", "v": 10.0}]}, {"source": 2, "prod": 0.032069126995704939, "target": 7, "value": 7.0, "supply": [{"l": "Soyabeans", "v": 5.0}, {"l": "Groundnuts", "v": 2.0}]}, {"source": 11, "prod": 0.062392328732973582, "target": 7, "value": 9.0, "supply": [{"l": "Butter, Ghee", "v": 3.0}, {"l": "Fats, Animals, Raw", "v": 4.0}, {"l": "Cream", "v": 2.0}]}, {"source": 3, "prod": 0.22709468319128429, "target": 7, "value": 292.0, "supply": [{"l": "Potatoes", "v": 292.0}]}, {"source": 12, "prod": 0.031534409463514289, "target": 7, "value": 9.0, "supply": [{"l": "Nuts", "v": 8.0}, {"l": "Infant food", "v": 1.0}]}, {"source": 13, "prod": 0.23112282022301894, "target": 7, "value": 74.0, "supply": [{"l": "Sugar", "v": 47.0}, {"l": "Sweeteners, Other", "v": 23.0}, {"l": "Honey", "v": 4.0}]}, {"source": 6, "prod": 2.3206371462179334, "target": 7, "value": 682.0, "supply": [{"l": "Maize", "v": 315.0}, {"l": "Rye", "v": 5.0}, {"l": "Barley", "v": 4.0}, {"l": "Rice", "v": 6.0}, {"l": "Cereals, Other", "v": 3.0}, {"l": "Wheat", "v": 349.0}]}, {"source": 14, "prod": 0.20556420548361717, "target": 7, "value": 373.0, "supply": [{"l": "Grapefruit", "v": 2.0}, {"l": "Grapes", "v": 27.0}, {"l": "Apples", "v": 87.0}, {"l": "Lemons, Limes", "v": 9.0}, {"l": "Pineapples", "v": 2.0}, {"l": "Bananas", "v": 33.0}, {"l": "Fruits, Other", "v": 174.0}, {"l": "Oranges, Mandarines", "v": 39.0}]}, {"source": 15, "prod": 0.2698758758942113, "target": 7, "value": 26.0, "supply": [{"l": "Soyabean Oil", "v": 5.0}, {"l": "Palm Oil", "v": 4.0}, {"l": "Sunflowerseed Oil", "v": 16.0}, {"l": "Olive Oil", "v": 1.0}]}, {"source": 16, "prod": 0.088229758001235295, "target": 7, "value": 24.0, "supply": [{"l": "Pimento", "v": 24.0}]}, {"source": 17, "prod": 0.078970898137648113, "target": 7, "value": 31.0, "supply": [{"l": "Coffee", "v": 22.0}, {"l": "Cocoa Beans", "v": 9.0}]}, {"source": 18, "prod": 0.034223991707871118, "target": 7, "value": 21.0, "supply": [{"l": "Eggs", "v": 21.0}]}, {"source": 19, "prod": 0.24199567481386219, "target": 7, "value": 119.0, "supply": [{"l": "Mutton & Goat Meat", "v": 2.0}, {"l": "Pigmeat", "v": 26.0}, {"l": "Poultry Meat", "v": 44.0}, {"l": "Bovine Meat", "v": 33.0}, {"l": "Offals, Edible", "v": 14.0}]}, {"source": 6, "prod": 0.50388259418198644, "target": 20, "value": 148.0, "supply": [{"l": "Maize", "v": 126.0}, {"l": "Barley", "v": 22.0}]}, {"source": 2, "prod": 0.46166930860593058, "target": 20, "value": 97.897959183673464, "supply": [{"l": "Sunflower seed", "v": 52.0}, {"l": "Rape and Mustardseed", "v": 12.0}, {"l": "Soyabeans", "v": 29.0}, {"l": "Oil Palm", "v": 4.8979591836734686}]}, {"source": 13, "prod": 0.051122781264258073, "target": 20, "value": 14.0, "supply": [{"l": "Sugar", "v": 14.0}]}, {"source": 14, "prod": 0.034965025877261705, "target": 20, "value": 59.0, "supply": [{"l": "Grapes", "v": 6.0}, {"l": "Apples", "v": 2.0}, {"l": "Fruits, Other", "v": 51.0}]}, {"source": 3, "prod": 0.0015554430355567419, "target": 21, "value": 2.0, "supply": [{"l": "Potatoes", "v": 2.0}]}, {"source": 11, "prod": 0.0084059735812871302, "target": 21, "value": 1.0, "supply": [{"l": "Fats, Animals, Raw", "v": 1.0}]}, {"source": 0, "prod": 0.0020682570672754374, "target": 21, "value": 3.0, "supply": [{"l": "Milk - Excluding Butter", "v": 3.0}]}, {"source": 13, "prod": 0.35357825071437599, "target": 21, "value": 108.0, "supply": [{"l": "Sweeteners, Other", "v": 24.0}, {"l": "Sugar", "v": 84.0}]}, {"source": 6, "prod": 1.4445126067245688, "target": 21, "value": 421.0, "supply": [{"l": "Maize", "v": 301.0}, {"l": "Wheat", "v": 120.0}]}, {"source": 15, "prod": 0.32910295172288695, "target": 21, "value": 32.0, "supply": [{"l": "Oilcrops Oil, Other", "v": 4.0}, {"l": "Rape and Mustard Oil", "v": 2.0}, {"l": "Sunflowerseed Oil", "v": 26.0}]}, {"source": 3, "prod": 0.034997468300026695, "target": 22, "value": 45.0, "supply": [{"l": "Potatoes", "v": 45.0}]}, {"source": 6, "prod": 0.099873894911681083, "target": 22, "value": 30.0, "supply": [{"l": "Maize", "v": 9.0}, {"l": "Wheat", "v": 14.0}, {"l": "Barley", "v": 4.0}, {"l": "Oats", "v": 2.0}, {"l": "Rye", "v": 1.0}]}, {"source": 18, "prod": 0.0016297138908510057, "target": 18, "value": 1.0, "supply": [{"l": "Eggs", "v": 1.0}]}, {"source": 4, "prod": 0.003946979435843454, "target": 22, "value": 1.0, "supply": [{"l": "Beans", "v": 1.0}]}, {"source": 0, "prod": 0.028266179919430982, "target": 23, "value": 41.0, "supply": [{"l": "Milk - Excluding Butter", "v": 41.0}]}, {"source": 2, "prod": 0.0038015074554179108, "target": 23, "value": 1.0, "supply": [{"l": "Soyabeans", "v": 1.0}]}, {"source": 9, "prod": 0.019810713469909563, "target": 23, "value": 72.0, "supply": [{"l": "Vegetables, Other", "v": 64.0}, {"l": "Onions", "v": 5.0}, {"l": "Tomatoes", "v": 3.0}]}, {"source": 10, "prod": 0.00078903655363382911, "target": 23, "value": 1.0, "supply": [{"l": "Wine", "v": 1.0}]}, {"source": 3, "prod": 0.0069994936600053393, "target": 23, "value": 9.0, "supply": [{"l": "Potatoes", "v": 9.0}]}, {"source": 4, "prod": 0.003946979435843454, "target": 23, "value": 1.0, "supply": [{"l": "Beans", "v": 1.0}]}, {"source": 14, "prod": 0.021181447692075167, "target": 23, "value": 37.0, "supply": [{"l": "Bananas", "v": 4.0}, {"l": "Fruits, Other", "v": 22.0}, {"l": "Grapes", "v": 2.0}, {"l": "Oranges, Mandarines", "v": 3.0}, {"l": "Apples", "v": 6.0}]}, {"source": 6, "prod": 0.22945039039252901, "target": 23, "value": 67.0, "supply": [{"l": "Maize", "v": 56.0}, {"l": "Wheat", "v": 6.0}, {"l": "Oats", "v": 2.0}, {"l": "Rye", "v": 1.0}, {"l": "Barley", "v": 2.0}]}, {"source": 24, "prod": 0.03497085152043572, "target": 12, "value": 10.0, "supply": [{"l": "Nuts", "v": 9.0}, {"l": "Infant food", "v": 1.0}]}, {"source": 24, "prod": 0.25528480360348288, "target": 1, "value": 231.0, "supply": [{"l": "Eggs", "v": 1.0}, {"l": "Marine Fish, Other", "v": 6.0}, {"l": "Demersal Fish", "v": 3.0}, {"l": "Pigmeat", "v": 22.0}, {"l": "Milk - Excluding Butter", "v": 128.0}, {"l": "Pelagic Fish", "v": 13.0}, {"l": "Fish, Seafood", "v": 23.0}, {"l": "Bovine Meat", "v": 10.0}, {"l": "Molluscs, Other", "v": 1.0}, {"l": "Poultry Meat", "v": 14.0}, {"l": "Offals, Edible", "v": 10.0}]}, {"source": 24, "prod": 2.2069242586785425, "target": 6, "value": 655.0, "supply": [{"l": "Maize", "v": 170.0}, {"l": "Rye", "v": 1.0}, {"l": "Barley", "v": 39.0}, {"l": "Rice", "v": 7.0}, {"l": "Cereals, Other", "v": 4.0}, {"l": "Wheat", "v": 431.0}, {"l": "Oats", "v": 3.0}]}, {"source": 24, "prod": 0.02762885605090418, "target": 4, "value": 7.0, "supply": [{"l": "Beans", "v": 7.0}]}, {"source": 24, "prod": 1.3965313349833171, "target": 20, "value": 429.0, "supply": [{"l": "Sugar", "v": 166.0}, {"l": "Beer", "v": 137.0}, {"l": "Beverages, Alcoholic", "v": 4.0}, {"l": "Butter, Ghee", "v": 3.0}, {"l": "Fats, Animals, Raw", "v": 4.0}, {"l": "Soyabean Oil", "v": 2.0}, {"l": "Palm Oil", "v": 4.0}, {"l": "Sunflowerseed Oil", "v": 40.0}, {"l": "Olive Oil", "v": 1.0}, {"l": "Oilcrops Oil, Other", "v": 4.0}, {"l": "Wine", "v": 10.0}, {"l": "Sweeteners, Other", "v": 52.0}, {"l": "Cream", "v": 2.0}]}, {"source": 24, "prod": 0.031225362921064911, "target": 8, "value": 9.0, "supply": [{"l": "Treenuts", "v": 9.0}]}, {"source": 24, "prod": 0.02099360755636261, "target": 9, "value": 81.0, "supply": [{"l": "Vegetables, Other", "v": 51.0}, {"l": "Tomatoes", "v": 23.0}, {"l": "Onions", "v": 7.0}]}, {"source": 24, "prod": 0.094478311933951634, "target": 17, "value": 34.0, "supply": [{"l": "Coffee", "v": 23.0}, {"l": "Cocoa Beans", "v": 11.0}]}, {"source": 24, "prod": 0.088383356842470145, "target": 14, "value": 172.0, "supply": [{"l": "Grapefruit", "v": 2.0}, {"l": "Grapes", "v": 10.0}, {"l": "Apples", "v": 40.0}, {"l": "Lemons, Limes", "v": 9.0}, {"l": "Pineapples", "v": 2.0}, {"l": "Bananas", "v": 37.0}, {"l": "Fruits, Other", "v": 29.0}, {"l": "Oranges, Mandarines", "v": 43.0}]}, {"source": 24, "prod": 0.47733287203029512, "target": 2, "value": 99.0, "supply": [{"l": "Sunflower seed", "v": 58.0}, {"l": "Groundnuts", "v": 2.0}, {"l": "Oilcrops, Other", "v": 1.0}, {"l": "Soyabeans", "v": 27.0}, {"l": "Rape and Mustardseed", "v": 11.0}]}, {"source": 24, "prod": 0.017109873391124159, "target": 3, "value": 22.0, "supply": [{"l": "Potatoes", "v": 22.0}]}, {"source": 0, "prod": 0.040675722323083606, "target": 25, "value": 59.0, "supply": [{"l": "Milk - Excluding Butter", "v": 59.0}]}, {"source": 19, "prod": 0.023053123795791761, "target": 25, "value": 10.0, "supply": [{"l": "Pigmeat", "v": 6.0}, {"l": "Poultry Meat", "v": 4.0}]}, {"source": 13, "prod": 0.15865690737183538, "target": 25, "value": 63.0, "supply": [{"l": "Sugar", "v": 21.0}, {"l": "Sweeteners, Other", "v": 42.0}]}, {"source": 8, "prod": 0.024286393383050484, "target": 25, "value": 7.0, "supply": [{"l": "Treenuts", "v": 7.0}]}, {"source": 18, "prod": 0.0032594277817020114, "target": 25, "value": 2.0, "supply": [{"l": "Eggs", "v": 2.0}]}, {"source": 10, "prod": 0.0080883248275999183, "target": 25, "value": 8.0, "supply": [{"l": "Beer", "v": 4.0}, {"l": "Beverages, Alcoholic", "v": 1.0}, {"l": "Wine", "v": 3.0}]}, {"source": 12, "prod": 0.024055094398450005, "target": 25, "value": 7.0, "supply": [{"l": "Nuts", "v": 7.0}]}, {"source": 3, "prod": 0.0015554430355567419, "target": 25, "value": 2.0, "supply": [{"l": "Potatoes", "v": 2.0}]}, {"source": 5, "prod": 0.0099063657247157218, "target": 25, "value": 10.0, "supply": [{"l": "Molluscs, Other", "v": 1.0}, {"l": "Freshwater Fish", "v": 2.0}, {"l": "Fish, Seafood", "v": 5.0}, {"l": "Marine Fish, Other", "v": 2.0}]}, {"source": 14, "prod": 0.01554166133961137, "target": 25, "value": 28.0, "supply": [{"l": "Fruits, Other", "v": 10.0}, {"l": "Apples", "v": 17.0}, {"l": "Grapes", "v": 1.0}]}, {"source": 6, "prod": 0.13556453246955796, "target": 25, "value": 40.0, "supply": [{"l": "Maize", "v": 12.0}, {"l": "Wheat", "v": 28.0}]}, {"source": 15, "prod": 0.27028742085545243, "target": 25, "value": 26.0, "supply": [{"l": "Rape and Mustard Oil", "v": 3.0}, {"l": "Soyabean Oil", "v": 4.0}, {"l": "Palm Oil", "v": 1.0}, {"l": "Sunflowerseed Oil", "v": 18.0}]}, {"source": 11, "prod": 0.0084059735812871302, "target": 25, "value": 1.0, "supply": [{"l": "Fats, Animals, Raw", "v": 1.0}]}, {"source": 17, "prod": 0.015507413796303524, "target": 25, "value": 3.0, "supply": [{"l": "Cocoa Beans", "v": 2.0}, {"l": "Coffee", "v": 1.0}]}, {"source": 9, "prod": 0.0048282572595479247, "target": 25, "value": 18.0, "supply": [{"l": "Vegetables, Other", "v": 17.0}, {"l": "Tomatoes", "v": 1.0}]}, {"source": 26, "prod": 0.031103357498186157, "target": 20, "value": 3.0, "supply": [{"l": "Palm Oil", "v": 1.0}, {"l": "Soyabean Oil", "v": 2.0}]}, {"source": 2, "prod": 0.036163058101539608, "target": 27, "value": 7.0, "supply": [{"l": "Sunflower seed", "v": 7.0}]}, {"source": 26, "prod": 0.0014174923815896312, "target": 1, "value": 1.0, "supply": [{"l": "Poultry Meat", "v": 1.0}]}, {"source": 28, "prod": 0.024286393383050484, "target": 8, "value": 7.0, "supply": [{"l": "Treenuts", "v": 7.0}]}, {"source": 28, "prod": 0.20827068697402076, "target": 9, "value": 765.0, "supply": [{"l": "Tomatoes", "v": 46.0}, {"l": "Vegetables, Other", "v": 680.0}, {"l": "Onions", "v": 39.0}]}, {"source": 28, "prod": 0.32197670836024556, "target": 3, "value": 414.0, "supply": [{"l": "Potatoes", "v": 414.0}]}, {"source": 28, "prod": 0.10159870710914984, "target": 4, "value": 25.0, "supply": [{"l": "Beans", "v": 15.0}, {"l": "Peas", "v": 3.0}, {"l": "Pulses, Other", "v": 7.0}]}, {"source": 28, "prod": 0.024055094398450005, "target": 12, "value": 7.0, "supply": [{"l": "Nuts", "v": 7.0}]}, {"source": 28, "prod": 4.6972139781606765, "target": 6, "value": 1391.0, "supply": [{"l": "Maize", "v": 963.0}, {"l": "Oats", "v": 35.0}, {"l": "Rye", "v": 12.0}, {"l": "Barley", "v": 77.0}, {"l": "Cereals, Other", "v": 48.0}, {"l": "Wheat", "v": 256.0}]}, {"source": 28, "prod": 0.084553518084517165, "target": 16, "value": 23.0, "supply": [{"l": "Pimento", "v": 23.0}]}, {"source": 28, "prod": 0.18860692262571166, "target": 14, "value": 325.0, "supply": [{"l": "Fruits, Other", "v": 227.0}, {"l": "Apples", "v": 72.0}, {"l": "Grapes", "v": 26.0}]}, {"source": 28, "prod": 0.061536280285660723, "target": 2, "value": 14.897959183673468, "supply": [{"l": "Soyabeans", "v": 8.0}, {"l": "Rape and Mustardseed", "v": 2.0}, {"l": "Oil Palm", "v": 4.8979591836734686}]}, {"source": 1, "prod": 0.6508115571693377, "target": 0, "value": 944.0, "supply": [{"l": "Milk - Excluding Butter", "v": 944.0}]}, {"source": 1, "prod": 0.037483419489573129, "target": 18, "value": 23.0, "supply": [{"l": "Eggs", "v": 24.0}]}, {"source": 1, "prod": 0.26504879860965397, "target": 19, "value": 129.0, "supply": [{"l": "Poultry Meat", "v": 48.0}, {"l": "Bovine Meat", "v": 33.0}, {"l": "Pigmeat", "v": 32.0}, {"l": "Offals, Edible", "v": 14.0}, {"l": "Mutton & Goat Meat", "v": 2.0}]}, {"source": 1, "prod": 0.063043357011959247, "target": 5, "value": 66.0, "supply": [{"l": "Pelagic Fish", "v": 13.0}, {"l": "Freshwater Fish", "v": 9.0}, {"l": "Molluscs, Other", "v": 2.0}, {"l": "Demersal Fish", "v": 3.0}, {"l": "Fish, Seafood", "v": 33.0}, {"l": "Marine Fish, Other", "v": 6.0}]}, {"source": 20, "prod": 0.7944807595734884, "target": 13, "value": 259.0, "supply": [{"l": "Honey", "v": 4.0}, {"l": "Sweeteners, Other", "v": 89.0}, {"l": "Sugar", "v": 166.0}]}, {"source": 20, "prod": 0.86926624847255063, "target": 15, "value": 84.0, "supply": [{"l": "Olive Oil", "v": 1.0}, {"l": "Soyabean Oil", "v": 9.0}, {"l": "Rape and Mustard Oil", "v": 5.0}, {"l": "Palm Oil", "v": 5.0}, {"l": "Oilcrops Oil, Other", "v": 4.0}, {"l": "Sunflowerseed Oil", "v": 60.0}]}, {"source": 20, "prod": 0.079204275895547835, "target": 11, "value": 11.0, "supply": [{"l": "Fats, Animals, Raw", "v": 6.0}, {"l": "Butter, Ghee", "v": 3.0}, {"l": "Cream", "v": 2.0}]}, {"source": 20, "prod": 0.37201466125586319, "target": 10, "value": 310.0, "supply": [{"l": "Beer", "v": 229.0}, {"l": "Beverages, Alcoholic", "v": 67.0}, {"l": "Wine", "v": 14.0}]}]}