{"nodes": [{"layer": 3, "name": "Cereals", "fill": "#e7ba52"}, {"layer": 5, "name": "Production", "fill": "#b5cf6b"}, {"layer": 3, "name": "Oilcrops", "fill": "#ff9896"}, {"layer": 3, "name": "Fruits, Roots & Vegetables", "fill": "#98df8a"}, {"layer": 1, "name": "Electricity", "fill": "#bcbd22"}, {"layer": 0, "name": "Fossil Fuels", "fill": "#c49c94"}, {"layer": 0, "name": "Renewables & Nuclear", "fill": "#2ca02c"}, {"layer": 1, "name": "Fertilizers", "fill": "#c5b0d5"}, {"layer": 0, "name": "Labor", "fill": "#7f7f7f"}], "links": [{"source": 0, "prod": 1104.0, "target": 1, "value": 3.756345872251063, "supply": [{"l": "Maize", "v": 2.9513129152193671}, {"l": "Oats", "v": 0.06376046135794082}, {"l": "Rye", "v": 0.020260306779443186}, {"l": "Barley", "v": 0.15103991856264046}, {"l": "Cereals, Other", "v": 0.083461344473186441}, {"l": "Wheat", "v": 0.48651092585848477}]}, {"source": 2, "prod": 13.827586206896553, "target": 1, "value": 0.056464532894964607, "supply": [{"l": "Soyabeans", "v": 0.030525962488449437}, {"l": "Rape and Mustardseed", "v": 0.0054453865376530896}, {"l": "Oil Palm", "v": 0.020493183868862078}]}, {"source": 3, "prod": 1492.0, "target": 1, "value": 0.89914431021712449, "supply": [{"l": "Potatoes", "v": 0.29282666307329136}, {"l": "Nuts", "v": 0.019953534524059909}, {"l": "Beans", "v": 0.043052296607989364}, {"l": "Fruits, Other", "v": 0.13229595425647506}, {"l": "Tomatoes", "v": 0.0073888394795998003}, {"l": "Spices, Other", "v": 0.0032653974296538461}, {"l": "Apples", "v": 0.037753746436943077}, {"l": "Vegetables, Other", "v": 0.17952015599125304}, {"l": "Peas", "v": 0.0079594062347812505}, {"l": "Treenuts", "v": 0.02081690861404327}, {"l": "Grapes", "v": 0.015416113128418422}, {"l": "Pimento", "v": 0.096186935808208265}, {"l": "Onions", "v": 0.013858730855854411}, {"l": "Pulses, Other", "v": 0.028849627776553401}]}, {"source": 4, "prod": 0, "target": 3, "value": 0.0005988553235508747, "supply": "[{\"l\":'Energy for power irrigation',\"v\":0.0005988553235508747}]"}, {"source": 4, "prod": 0, "target": 0, "value": 0.00053459500692856201, "supply": "[{\"l\":'Energy for power irrigation',\"v\":0.00053459500692856201}]"}, {"source": 4, "prod": 0, "target": 2, "value": 2.825551034805373e-05, "supply": "[{\"l\":'Energy for power irrigation',\"v\":2.825551034805373e-05}]"}, {"source": 5, "prod": 0, "target": 4, "value": 0.0015882798001733722, "supply": [{"l": "Coal", "v": 0.0015729303450395477}, {"l": "Natural gas", "v": 6.7359028944841876e-06}, {"l": "Oil", "v": 8.6135522393403828e-06}]}, {"source": 6, "prod": 0, "target": 4, "value": 0.00054729793132748982, "supply": [{"l": "Nuclear", "v": 0.0}, {"l": "Hydroelectric", "v": 0.00054729793132748982}, {"l": "Renewable", "v": 0.0}]}, {"source": 5, "prod": 0, "target": 3, "value": 0.0807975580886066, "supply": [{"l": "Other fossil fuels", "v": 0.0807975580886066}]}, {"source": 5, "prod": 0, "target": 0, "value": 0.072127556402226872, "supply": [{"l": "Other fossil fuels", "v": 0.072127556402226872}]}, {"source": 5, "prod": 0, "target": 2, "value": 0.0038122333540150117, "supply": [{"l": "Other fossil fuels", "v": 0.0038122333540150117}]}, {"source": 7, "prod": 34.37493026958353, "target": 3, "value": 0.47470197987981888, "supply": [{"l": "Potash", "v": 0.026020908354150055}, {"l": "Phosphate", "v": 0.042849250034279397}, {"l": "Nitrogen", "v": 0.85674188957428221}]}, {"source": 7, "prod": 30.686319989064415, "target": 0, "value": 0.42376396809520056, "supply": [{"l": "Potash", "v": 0.026020908354150055}, {"l": "Phosphate", "v": 0.042849250034279397}, {"l": "Nitrogen", "v": 0.85674188957428221}]}, {"source": 7, "prod": 1.6218962406256867, "target": 2, "value": 0.022397641262007321, "supply": [{"l": "Potash", "v": 0.026020908354150055}, {"l": "Phosphate", "v": 0.042849250034279397}, {"l": "Nitrogen", "v": 0.85674188957428221}]}, {"source": 5, "prod": 0, "target": 7, "value": 1.1158509615994017, "supply": [{"l": "Natural gas (including LNG)", "v": 0.75175676353251319}, {"l": "Fuel oil", "v": 0.21264691777341418}, {"l": "Liquefied petroleum gas (LPG)", "v": 0.07572364014673709}, {"l": "Coal", "v": 0.07572364014673709}]}, {"source": 8, "prod": 0, "target": 3, "value": 0.019529907973543311, "supply": "[{\"l\":'Labor',\"v\":0.019529907973543311}]"}, {"source": 8, "prod": 0, "target": 0, "value": 0.017434246432884225, "supply": "[{\"l\":'Labor',\"v\":0.017434246432884225}]"}, {"source": 8, "prod": 0, "target": 2, "value": 0.0009214705040458918, "supply": "[{\"l\":'Labor',\"v\":0.0009214705040458918}]"}]}