{"nodes": [{"layer": 3, "name": "Maize"}, {"layer": 5, "name": "Production", "fill": "#b5cf6b"}, {"layer": 3, "name": "Rye"}, {"layer": 3, "name": "Fruits, Other"}, {"layer": 3, "name": "Barley"}, {"layer": 3, "name": "Tomatoes"}, {"layer": 3, "name": "Sunflower seed"}, {"layer": 3, "name": "Wheat"}, {"layer": 3, "name": "Vegetables, Other"}, {"layer": 3, "name": "Peas"}, {"layer": 3, "name": "Grapes"}, {"layer": 3, "name": "Oilcrops, Other"}, {"layer": 3, "name": "Oats"}, {"layer": 3, "name": "Soyabeans"}, {"layer": 3, "name": "Potatoes"}, {"layer": 3, "name": "Rape and Mustardseed"}, {"layer": 3, "name": "Beans"}, {"layer": 3, "name": "Apples"}, {"layer": 3, "name": "Sugar beet"}, {"layer": 3, "name": "Cereals, Other"}, {"layer": 3, "name": "Pulses, Other"}, {"layer": 3, "name": "Onions"}, {"layer": 3, "name": "Oil Palm"}, {"layer": 1, "name": "Electricity", "fill": "#bcbd22"}, {"layer": 0, "name": "Fossil Fuels", "fill": "#c49c94"}, {"layer": 0, "name": "Renewables & Nuclear", "fill": "#2ca02c"}, {"layer": 1, "name": "Fertilizers", "fill": "#c5b0d5"}, {"layer": 0, "name": "Labor", "fill": "#7f7f7f"}], "links": [{"source": 0, "prod": 6778.0, "target": 1, "value": 17.342463124831283, "supply": [{"l": "Maize", "v": 17.342463124831283}]}, {"source": 2, "prod": 652.0, "target": 1, "value": 2.2593884582649792, "supply": [{"l": "Rye", "v": 2.2593884582649792}]}, {"source": 3, "prod": 148.0, "target": 1, "value": 0.06911578277947196, "supply": [{"l": "Fruits, Other", "v": 0.06911578277947196}]}, {"source": 4, "prod": 10296.0, "target": 1, "value": 31.980505987632291, "supply": [{"l": "Barley", "v": 31.980505987632291}]}, {"source": 5, "prod": 617.0, "target": 1, "value": 0.13307226458915408, "supply": [{"l": "Tomatoes", "v": 0.13307226458915408}]}, {"source": 6, "prod": 85.0, "target": 1, "value": 0.2491420491268036, "supply": [{"l": "Sunflower seed", "v": 0.2491420491268036}]}, {"source": 7, "prod": 21188.0, "target": 1, "value": 66.971379110416123, "supply": [{"l": "Wheat", "v": 66.971379110416123}]}, {"source": 8, "prod": 1281.0, "target": 1, "value": 0.43279929048502686, "supply": [{"l": "Vegetables, Other", "v": 0.43279929048502686}]}, {"source": 9, "prod": 131.0, "target": 1, "value": 0.58536545502110537, "supply": [{"l": "Peas", "v": 0.58536545502110537}]}, {"source": 10, "prod": 94.0, "target": 1, "value": 0.067760077228930196, "supply": [{"l": "Grapes", "v": 0.067760077228930196}]}, {"source": 11, "prod": 694.0, "target": 1, "value": 1.9640277073558001, "supply": [{"l": "Oilcrops, Other", "v": 1.9640277073558001}]}, {"source": 12, "prod": 2576.0, "target": 1, "value": 6.43244877201459, "supply": [{"l": "Oats", "v": 6.43244877201459}]}, {"source": 13, "prod": 917.0, "target": 1, "value": 2.7804859113502505, "supply": [{"l": "Soyabeans", "v": 2.7804859113502505}]}, {"source": 14, "prod": 2793.0, "target": 1, "value": 1.9104298032967402, "supply": [{"l": "Potatoes", "v": 1.9104298032967402}]}, {"source": 15, "prod": 3524.0, "target": 1, "value": 19.447270316149261, "supply": [{"l": "Rape and Mustardseed", "v": 19.447270316149261}]}, {"source": 16, "prod": 45.0, "target": 1, "value": 0.18089559624502843, "supply": [{"l": "Beans", "v": 0.18089559624502843}]}, {"source": 17, "prod": 434.0, "target": 1, "value": 0.21132913738098974, "supply": [{"l": "Apples", "v": 0.21132913738098974}]}, {"source": 18, "prod": 925.0, "target": 1, "value": 1.0750555535000001, "supply": [{"l": "Sugar beet", "v": 1.0750555535000001}]}, {"source": 19, "prod": 1304.0, "target": 1, "value": 7.9078596039274291, "supply": [{"l": "Cereals, Other", "v": 7.9078596039274291}]}, {"source": 20, "prod": 53.0, "target": 1, "value": 0.20453262082104548, "supply": [{"l": "Pulses, Other", "v": 0.20453262082104548}]}, {"source": 21, "prod": 149.0, "target": 1, "value": 0.050940199902600007, "supply": [{"l": "Onions", "v": 0.050940199902600007}]}, {"source": 22, "prod": 17.021276595744663, "target": 1, "value": 0.072255602698723331, "supply": [{"l": "Oil Palm", "v": 0.072255602698723331}]}, {"source": 23, "prod": 0, "target": 0, "value": 0.0011268367165536456, "supply": "[{\"l\":'Energy for power irrigation',\"v\":0.0011268367165536456}]"}, {"source": 23, "prod": 0, "target": 2, "value": 0.00010754505441059785, "supply": "[{\"l\":'Energy for power irrigation',\"v\":0.00010754505441059785}]"}, {"source": 23, "prod": 0, "target": 3, "value": 5.7033878707395449e-05, "supply": "[{\"l\":'Energy for power irrigation',\"v\":5.7033878707395449e-05}]"}, {"source": 23, "prod": 0, "target": 4, "value": 0.001638152995955512, "supply": "[{\"l\":'Energy for power irrigation',\"v\":0.001638152995955512}]"}, {"source": 23, "prod": 0, "target": 5, "value": 0.00011995409915028221, "supply": "[{\"l\":'Energy for power irrigation',\"v\":0.00011995409915028221}]"}, {"source": 23, "prod": 0, "target": 6, "value": 1.4397673704377373e-05, "supply": "[{\"l\":'Energy for power irrigation',\"v\":1.4397673704377373e-05}]"}, {"source": 23, "prod": 0, "target": 19, "value": 0.00021135148636757282, "supply": "[{\"l\":'Energy for power irrigation',\"v\":0.00021135148636757282}]"}, {"source": 23, "prod": 0, "target": 7, "value": 0.0038214289637126704, "supply": "[{\"l\":'Energy for power irrigation',\"v\":0.0038214289637126704}]"}, {"source": 23, "prod": 0, "target": 8, "value": 0.00027753305831255612, "supply": "[{\"l\":'Energy for power irrigation',\"v\":0.00027753305831255612}]"}, {"source": 23, "prod": 0, "target": 9, "value": 2.1954463770210803e-05, "supply": "[{\"l\":'Energy for power irrigation',\"v\":2.1954463770210803e-05}]"}, {"source": 23, "prod": 0, "target": 10, "value": 3.7545314853403983e-05, "supply": "[{\"l\":'Energy for power irrigation',\"v\":3.7545314853403983e-05}]"}, {"source": 23, "prod": 0, "target": 22, "value": 1.353960146173961e-06, "supply": "[{\"l\":'Energy for power irrigation',\"v\":1.353960146173961e-06}]"}, {"source": 23, "prod": 0, "target": 11, "value": 0.00011184049297433473, "supply": "[{\"l\":'Energy for power irrigation',\"v\":0.00011184049297433473}]"}, {"source": 23, "prod": 0, "target": 12, "value": 0.00041554390846225084, "supply": "[{\"l\":'Energy for power irrigation',\"v\":0.00041554390846225084}]"}, {"source": 23, "prod": 0, "target": 13, "value": 0.0001677607394615021, "supply": "[{\"l\":'Energy for power irrigation',\"v\":0.0001677607394615021}]"}, {"source": 23, "prod": 0, "target": 14, "value": 0.00045786193283091803, "supply": "[{\"l\":'Energy for power irrigation',\"v\":0.00045786193283091803}]"}, {"source": 23, "prod": 0, "target": 16, "value": 8.2726964931229107e-06, "supply": "[{\"l\":'Energy for power irrigation',\"v\":8.2726964931229107e-06}]"}, {"source": 23, "prod": 0, "target": 20, "value": 8.9090577618246733e-06, "supply": "[{\"l\":'Energy for power irrigation',\"v\":8.9090577618246733e-06}]"}, {"source": 23, "prod": 0, "target": 18, "value": 0.00014723808854587026, "supply": "[{\"l\":'Energy for power irrigation',\"v\":0.00014723808854587026}]"}, {"source": 23, "prod": 0, "target": 15, "value": 0.00056063427772625265, "supply": "[{\"l\":'Energy for power irrigation',\"v\":0.00056063427772625265}]"}, {"source": 23, "prod": 0, "target": 21, "value": 2.9511253836044231e-05, "supply": "[{\"l\":'Energy for power irrigation',\"v\":2.9511253836044231e-05}]"}, {"source": 23, "prod": 0, "target": 17, "value": 9.0681480790001136e-05, "supply": "[{\"l\":'Energy for power irrigation',\"v\":9.0681480790001136e-05}]"}, {"source": 24, "prod": 0, "target": 23, "value": 0.005392024770243432, "supply": [{"l": "Coal", "v": 0.0047373998696616775}, {"l": "Natural gas", "v": 0.00029273462077316628}, {"l": "Oil", "v": 0.00036189027980858865}]}, {"source": 25, "prod": 0, "target": 23, "value": 0.0074957378266414243, "supply": [{"l": "Nuclear", "v": 0.0011487729237354299}, {"l": "Hydroelectric", "v": 0.0062955440578041037}, {"l": "Renewable", "v": 5.1420845101890356e-05}]}, {"source": 24, "prod": 0, "target": 0, "value": 4.7319980020075105, "supply": [{"l": "Motor Gasoline", "v": 1.4781353661307743}, {"l": "Gas-Diesel oil", "v": 1.954071678865785}, {"l": "Natural gas (including LNG)", "v": 0.57182020242147635}, {"l": "Fuel oil", "v": 0.018411790190685815}, {"l": "Liquefied petroleum gas (LPG)", "v": 0.1940074030736374}, {"l": "Other fossil fuels", "v": 0.51555156132515212}]}, {"source": 24, "prod": 0, "target": 2, "value": 0.45162087383270894, "supply": [{"l": "Motor Gasoline", "v": 0.14107292213813408}, {"l": "Gas-Diesel oil", "v": 0.18649618169042367}, {"l": "Natural gas (including LNG)", "v": 0.054574397407442896}, {"l": "Fuel oil", "v": 0.0017572173046595527}, {"l": "Liquefied petroleum gas (LPG)", "v": 0.018516024915682463}, {"l": "Other fossil fuels", "v": 0.049204130376366347}]}, {"source": 24, "prod": 0, "target": 3, "value": 0.23950604033879605, "supply": [{"l": "Motor Gasoline", "v": 0.074814560039232328}, {"l": "Gas-Diesel oil", "v": 0.098903670319551593}, {"l": "Natural gas (including LNG)", "v": 0.028942191524509286}, {"l": "Fuel oil", "v": 0.00093189704692374191}, {"l": "Liquefied petroleum gas (LPG)", "v": 0.0098195191305801219}, {"l": "Other fossil fuels", "v": 0.026094202277999013}]}, {"source": 24, "prod": 0, "target": 4, "value": 6.879201387360065, "supply": [{"l": "Motor Gasoline", "v": 2.1488578095508379}, {"l": "Gas-Diesel oil", "v": 2.8407561876720302}, {"l": "Natural gas (including LNG)", "v": 0.83129078417816493}, {"l": "Fuel oil", "v": 0.026766370689466589}, {"l": "Liquefied petroleum gas (LPG)", "v": 0.28204069313133484}, {"l": "Other fossil fuels", "v": 0.74948954213823116}]}, {"source": 24, "prod": 0, "target": 5, "value": 0.50373097465955996, "supply": [{"l": "Motor Gasoline", "v": 0.15735056700022645}, {"l": "Gas-Diesel oil", "v": 0.20801497188547252}, {"l": "Natural gas (including LNG)", "v": 0.060871443262147842}, {"l": "Fuel oil", "v": 0.0019599731475048857}, {"l": "Liquefied petroleum gas (LPG)", "v": 0.020652489329030441}, {"l": "Other fossil fuels", "v": 0.054881530035177845}]}, {"source": 24, "prod": 0, "target": 6, "value": 0.060461078523461768, "supply": [{"l": "Motor Gasoline", "v": 0.018886241795120016}, {"l": "Gas-Diesel oil", "v": 0.024967314264768253}, {"l": "Natural gas (including LNG)", "v": 0.007306187818599973}, {"l": "Fuel oil", "v": 0.00023524876637823891}, {"l": "Liquefied petroleum gas (LPG)", "v": 0.0024788465308716906}, {"l": "Other fossil fuels", "v": 0.0065872393477236007}]}, {"source": 24, "prod": 0, "target": 19, "value": 0.88754190959578971, "supply": [{"l": "Motor Gasoline", "v": 0.2772416820421762}, {"l": "Gas-Diesel oil", "v": 0.36650913812977487}, {"l": "Natural gas (including LNG)", "v": 0.10725160792276314}, {"l": "Fuel oil", "v": 0.0034533479130772421}, {"l": "Liquefied petroleum gas (LPG)", "v": 0.036388371450420343}, {"l": "Other fossil fuels", "v": 0.096697762137577942}]}, {"source": 24, "prod": 0, "target": 7, "value": 16.047572780915065, "supply": [{"l": "Motor Gasoline", "v": 5.0127842103832085}, {"l": "Gas-Diesel oil", "v": 6.6268217933355338}, {"l": "Natural gas (including LNG)", "v": 1.9392075634992336}, {"l": "Fuel oil", "v": 0.062439701577773343}, {"l": "Liquefied petroleum gas (LPG)", "v": 0.65793517231827003}, {"l": "Other fossil fuels", "v": 1.7483843398010468}]}, {"source": 24, "prod": 0, "target": 8, "value": 1.1654624473389952, "supply": [{"l": "Motor Gasoline", "v": 0.3640557879733356}, {"l": "Gas-Diesel oil", "v": 0.4812760191700356}, {"l": "Natural gas (including LNG)", "v": 0.14083585248118954}, {"l": "Fuel oil", "v": 0.004534712408252351}, {"l": "Liquefied petroleum gas (LPG)", "v": 0.047782848321609554}, {"l": "Other fossil fuels", "v": 0.12697722698457262}]}, {"source": 24, "prod": 0, "target": 9, "value": 0.092194793770582595, "supply": [{"l": "Motor Gasoline", "v": 0.028798910140625002}, {"l": "Gas-Diesel oil", "v": 0.038071705729701873}, {"l": "Natural gas (including LNG)", "v": 0.011140927281401066}, {"l": "Fuel oil", "v": 0.00035872187580328146}, {"l": "Liquefied petroleum gas (LPG)", "v": 0.0037798985774618048}, {"l": "Other fossil fuels", "v": 0.010044630165589579}]}, {"source": 24, "prod": 0, "target": 10, "value": 0.15766645891201081, "supply": [{"l": "Motor Gasoline", "v": 0.049250310095561592}, {"l": "Gas-Diesel oil", "v": 0.065108134436301743}, {"l": "Natural gas (including LNG)", "v": 0.019052600278338053}, {"l": "Fuel oil", "v": 0.00061346639630126395}, {"l": "Liquefied petroleum gas (LPG)", "v": 0.0064641743788477236}, {"l": "Other fossil fuels", "v": 0.017177773326660439}]}, {"source": 24, "prod": 0, "target": 22, "value": 0.0056857720487562442, "supply": [{"l": "Motor Gasoline", "v": 0.0017760659969549781}, {"l": "Gas-Diesel oil", "v": 0.0023479312815110594}, {"l": "Natural gas (including LNG)", "v": 0.00068707537967320704}, {"l": "Fuel oil", "v": 2.2122841554318906e-05}, {"l": "Liquefied petroleum gas (LPG)", "v": 0.0002331112289523158}, {"l": "Other fossil fuels", "v": 0.00061946532011036501}]}, {"source": 24, "prod": 0, "target": 11, "value": 0.46965898565738812, "supply": [{"l": "Motor Gasoline", "v": 0.14670749151347373}, {"l": "Gas-Diesel oil", "v": 0.1939449936810175}, {"l": "Natural gas (including LNG)", "v": 0.056754144049456147}, {"l": "Fuel oil", "v": 0.0018274020194906293}, {"l": "Liquefied petroleum gas (LPG)", "v": 0.019255570289533685}, {"l": "Other fossil fuels", "v": 0.051169384104416481}]}, {"source": 24, "prod": 0, "target": 12, "value": 1.7450202994837805, "supply": [{"l": "Motor Gasoline", "v": 0.54509241512545292}, {"l": "Gas-Diesel oil", "v": 0.72060358960855997}, {"l": "Natural gas (including LNG)", "v": 0.2108703047755042}, {"l": "Fuel oil", "v": 0.0067897213014360223}, {"l": "Liquefied petroleum gas (LPG)", "v": 0.071544167277755311}, {"l": "Other fossil fuels", "v": 0.19012010139507232}]}, {"source": 24, "prod": 0, "target": 13, "value": 0.7044884784860822, "supply": [{"l": "Motor Gasoline", "v": 0.2200612372702106}, {"l": "Gas-Diesel oil", "v": 0.29091749052152627}, {"l": "Natural gas (including LNG)", "v": 0.085131216074184224}, {"l": "Fuel oil", "v": 0.0027411030292359443}, {"l": "Liquefied petroleum gas (LPG)", "v": 0.028883355434300529}, {"l": "Other fossil fuels", "v": 0.076754076156624718}]}, {"source": 24, "prod": 0, "target": 14, "value": 1.9227291048676574, "supply": [{"l": "Motor Gasoline", "v": 0.60060335786028085}, {"l": "Gas-Diesel oil", "v": 0.79398818181218833}, {"l": "Natural gas (including LNG)", "v": 0.23234484576719033}, {"l": "Fuel oil", "v": 0.0074811707142162613}, {"l": "Liquefied petroleum gas (LPG)", "v": 0.078830058738659961}, {"l": "Other fossil fuels", "v": 0.20948148997512181}]}, {"source": 24, "prod": 0, "target": 16, "value": 0.034740067217900683, "supply": [{"l": "Motor Gasoline", "v": 0.010851763241394927}, {"l": "Gas-Diesel oil", "v": 0.014345860130032587}, {"l": "Natural gas (including LNG)", "v": 0.0041980305698032993}, {"l": "Fuel oil", "v": 0.00013517056189688866}, {"l": "Liquefied petroleum gas (LPG)", "v": 0.001424309608898651}, {"l": "Other fossil fuels", "v": 0.0037849331058743339}]}, {"source": 24, "prod": 0, "target": 20, "value": 0.03741238008081612, "supply": [{"l": "Motor Gasoline", "v": 0.011686514259963768}, {"l": "Gas-Diesel oil", "v": 0.015449387832342787}, {"l": "Natural gas (including LNG)", "v": 0.004520955998249707}, {"l": "Fuel oil", "v": 0.00014556829742741855}, {"l": "Liquefied petroleum gas (LPG)", "v": 0.0015338718865062395}, {"l": "Other fossil fuels", "v": 0.004076081806326206}]}, {"source": 24, "prod": 0, "target": 18, "value": 0.61830638865705934, "supply": [{"l": "Motor Gasoline", "v": 0.1931405169213655}, {"l": "Gas-Diesel oil", "v": 0.25532872212202229}, {"l": "Natural gas (including LNG)", "v": 0.074716871006787575}, {"l": "Fuel oil", "v": 0.0024057760583763546}, {"l": "Liquefied petroleum gas (LPG)", "v": 0.025349971981455797}, {"l": "Other fossil fuels", "v": 0.067364530567051842}]}, {"source": 24, "prod": 0, "target": 15, "value": 2.3543076322285001, "supply": [{"l": "Motor Gasoline", "v": 0.73541564735914855}, {"l": "Gas-Diesel oil", "v": 0.97220790573528537}, {"l": "Natural gas (including LNG)", "v": 0.28449730246128513}, {"l": "Fuel oil", "v": 0.0091604050023968396}, {"l": "Liquefied petroleum gas (LPG)", "v": 0.096524366572285497}, {"l": "Other fossil fuels", "v": 0.25650200509809912}]}, {"source": 24, "prod": 0, "target": 21, "value": 0.12392850901770341, "supply": [{"l": "Motor Gasoline", "v": 0.03871157848612998}, {"l": "Gas-Diesel oil", "v": 0.051176097194635485}, {"l": "Natural gas (including LNG)", "v": 0.014975666744202155}, {"l": "Fuel oil", "v": 0.00048219498522832397}, {"l": "Liquefied petroleum gas (LPG)", "v": 0.0050809506240519185}, {"l": "Other fossil fuels", "v": 0.013502020983455558}]}, {"source": 24, "prod": 0, "target": 17, "value": 0.38080458296544978, "supply": [{"l": "Motor Gasoline", "v": 0.11895202014605978}, {"l": "Gas-Diesel oil", "v": 0.15725269757920335}, {"l": "Natural gas (including LNG)", "v": 0.046016873553613086}, {"l": "Fuel oil", "v": 0.0014816773131005102}, {"l": "Liquefied petroleum gas (LPG)", "v": 0.015612624559081365}, {"l": "Other fossil fuels", "v": 0.041488689814391737}]}, {"source": 26, "prod": 289.31771448204393, "target": 0, "value": 3.3589371696799093, "supply": [{"l": "Potash", "v": 1.0165819452577101}, {"l": "Phosphate", "v": 3.0880750024704597}, {"l": "Nitrogen", "v": 24.55775696409065}]}, {"source": 26, "prod": 27.612420583066736, "target": 2, "value": 0.3205762426519298, "supply": [{"l": "Potash", "v": 1.0165819452577101}, {"l": "Phosphate", "v": 3.0880750024704597}, {"l": "Nitrogen", "v": 24.55775696409065}]}, {"source": 26, "prod": 14.643569199747668, "target": 3, "value": 0.17000973815194798, "supply": [{"l": "Potash", "v": 1.0165819452577101}, {"l": "Phosphate", "v": 3.0880750024704597}, {"l": "Nitrogen", "v": 24.55775696409065}]}, {"source": 26, "prod": 420.59925257964233, "target": 4, "value": 4.8830969979096475, "supply": [{"l": "Potash", "v": 1.0165819452577101}, {"l": "Phosphate", "v": 3.0880750024704597}, {"l": "Nitrogen", "v": 24.55775696409065}]}, {"source": 26, "prod": 30.798469111882127, "target": 5, "value": 0.35756580911176788, "supply": [{"l": "Potash", "v": 1.0165819452577101}, {"l": "Phosphate", "v": 3.0880750024704597}, {"l": "Nitrogen", "v": 24.55775696409065}]}, {"source": 26, "prod": 3.6966332289460646, "target": 6, "value": 0.042917381597632615, "supply": [{"l": "Potash", "v": 1.0165819452577101}, {"l": "Phosphate", "v": 3.0880750024704597}, {"l": "Nitrogen", "v": 24.55775696409065}]}, {"source": 26, "prod": 54.264941929887812, "target": 19, "value": 0.6300081928448058, "supply": [{"l": "Potash", "v": 1.0165819452577101}, {"l": "Phosphate", "v": 3.0880750024704597}, {"l": "Nitrogen", "v": 24.55775696409065}]}, {"source": 26, "prod": 981.15998315910429, "target": 7, "value": 11.391126681391537, "supply": [{"l": "Potash", "v": 1.0165819452577101}, {"l": "Phosphate", "v": 3.0880750024704597}, {"l": "Nitrogen", "v": 24.55775696409065}]}, {"source": 26, "prod": 71.257200750236578, "target": 8, "value": 0.82728588063060882, "supply": [{"l": "Potash", "v": 1.0165819452577101}, {"l": "Phosphate", "v": 3.0880750024704597}, {"l": "Nitrogen", "v": 24.55775696409065}]}, {"source": 26, "prod": 5.6368550894426184, "target": 9, "value": 0.06544307912125194, "supply": [{"l": "Potash", "v": 1.0165819452577101}, {"l": "Phosphate", "v": 3.0880750024704597}, {"l": "Nitrogen", "v": 24.55775696409065}]}, {"source": 26, "prod": 9.6398391384670852, "target": 10, "value": 0.1119171498015613, "supply": [{"l": "Potash", "v": 1.0165819452577101}, {"l": "Phosphate", "v": 3.0880750024704597}, {"l": "Nitrogen", "v": 24.55775696409065}]}, {"source": 26, "prod": 0.34763213625918049, "target": 22, "value": 0.0040359592427537385, "supply": [{"l": "Potash", "v": 1.0165819452577101}, {"l": "Phosphate", "v": 3.0880750024704597}, {"l": "Nitrogen", "v": 24.55775696409065}]}, {"source": 26, "prod": 28.715283535348988, "target": 11, "value": 0.33338032334956602, "supply": [{"l": "Potash", "v": 1.0165819452577101}, {"l": "Phosphate", "v": 3.0880750024704597}, {"l": "Nitrogen", "v": 24.55775696409065}]}, {"source": 26, "prod": 106.69177893930519, "target": 12, "value": 1.2386762511935512, "supply": [{"l": "Potash", "v": 1.0165819452577101}, {"l": "Phosphate", "v": 3.0880750024704597}, {"l": "Nitrogen", "v": 24.55775696409065}]}, {"source": 26, "prod": 43.072925303023482, "target": 13, "value": 0.50007048502434914, "supply": [{"l": "Potash", "v": 1.0165819452577101}, {"l": "Phosphate", "v": 3.0880750024704597}, {"l": "Nitrogen", "v": 24.55775696409065}]}, {"source": 26, "prod": 117.5570213580859, "target": 14, "value": 1.3648201573258196, "supply": [{"l": "Potash", "v": 1.0165819452577101}, {"l": "Phosphate", "v": 3.0880750024704597}, {"l": "Nitrogen", "v": 24.55775696409065}]}, {"source": 26, "prod": 2.1240323525435949, "target": 16, "value": 0.02465971097322537, "supply": [{"l": "Potash", "v": 1.0165819452577101}, {"l": "Phosphate", "v": 3.0880750024704597}, {"l": "Nitrogen", "v": 24.55775696409065}]}, {"source": 26, "prod": 2.2874194565854098, "target": 20, "value": 0.026556611817319626, "supply": [{"l": "Potash", "v": 1.0165819452577101}, {"l": "Phosphate", "v": 3.0880750024704597}, {"l": "Nitrogen", "v": 24.55775696409065}]}, {"source": 26, "prod": 37.803691197674944, "target": 18, "value": 0.43889543280230919, "supply": [{"l": "Potash", "v": 1.0165819452577101}, {"l": "Phosphate", "v": 3.0880750024704597}, {"l": "Nitrogen", "v": 24.55775696409065}]}, {"source": 26, "prod": 143.94403866083903, "target": 15, "value": 1.6711696436470422, "supply": [{"l": "Potash", "v": 1.0165819452577101}, {"l": "Phosphate", "v": 3.0880750024704597}, {"l": "Nitrogen", "v": 24.55775696409065}]}, {"source": 26, "prod": 7.5770769499391708, "target": 21, "value": 0.087968776644871266, "supply": [{"l": "Potash", "v": 1.0165819452577101}, {"l": "Phosphate", "v": 3.0880750024704597}, {"l": "Nitrogen", "v": 24.55775696409065}]}, {"source": 26, "prod": 23.282662325958636, "target": 17, "value": 0.27030837028343191, "supply": [{"l": "Potash", "v": 1.0165819452577101}, {"l": "Phosphate", "v": 3.0880750024704597}, {"l": "Nitrogen", "v": 24.55775696409065}]}, {"source": 24, "prod": 0, "target": 26, "value": 34.686299515000897, "supply": [{"l": "Natural gas (including LNG)", "v": 23.424108432615355}, {"l": "Fuel oil", "v": 6.9210872475214185}, {"l": "Liquefied petroleum gas (LPG)", "v": 2.1705519174320629}, {"l": "Coal", "v": 2.1705519174320629}]}, {"source": 27, "prod": 0, "target": 0, "value": 0.066331976928944547, "supply": "[{\"l\":'Labor',\"v\":0.066331976928944547}]"}, {"source": 27, "prod": 0, "target": 2, "value": 0.0063307096433667248, "supply": "[{\"l\":'Labor',\"v\":0.0063307096433667248}]"}, {"source": 27, "prod": 0, "target": 3, "value": 0.0033573364011049863, "supply": "[{\"l\":'Labor',\"v\":0.0033573364011049863}]"}, {"source": 27, "prod": 0, "target": 4, "value": 0.096430942600217701, "supply": "[{\"l\":'Labor',\"v\":0.096430942600217701}]"}, {"source": 27, "prod": 0, "target": 5, "value": 0.00706117614067827, "supply": "[{\"l\":'Labor',\"v\":0.00706117614067827}]"}, {"source": 27, "prod": 0, "target": 6, "value": 0.00084752843598326713, "supply": "[{\"l\":'Labor',\"v\":0.00084752843598326713}]"}, {"source": 27, "prod": 0, "target": 19, "value": 0.012441342842030613, "supply": "[{\"l\":'Labor',\"v\":0.012441342842030613}]"}, {"source": 27, "prod": 0, "target": 7, "value": 0.2249509038291278, "supply": "[{\"l\":'Labor',\"v\":0.2249509038291278}]"}, {"source": 27, "prod": 0, "target": 8, "value": 0.016337164161025521, "supply": "[{\"l\":'Labor',\"v\":0.016337164161025521}]"}, {"source": 27, "prod": 0, "target": 9, "value": 0.0012923638029358107, "supply": "[{\"l\":'Labor',\"v\":0.0012923638029358107}]"}, {"source": 27, "prod": 0, "target": 10, "value": 0.0022101294021221111, "supply": "[{\"l\":'Labor',\"v\":0.0022101294021221111}]"}, {"source": 27, "prod": 0, "target": 22, "value": 7.9701745478619131e-05, "supply": "[{\"l\":'Labor',\"v\":7.9701745478619131e-05}]"}, {"source": 27, "prod": 0, "target": 11, "value": 0.0065835634308976437, "supply": "[{\"l\":'Labor',\"v\":0.0065835634308976437}]"}, {"source": 27, "prod": 0, "target": 12, "value": 0.024461262704843025, "supply": "[{\"l\":'Labor',\"v\":0.024461262704843025}]"}, {"source": 27, "prod": 0, "target": 13, "value": 0.0098753451463464668, "supply": "[{\"l\":'Labor',\"v\":0.0098753451463464668}]"}, {"source": 27, "prod": 0, "target": 14, "value": 0.026952340759777271, "supply": "[{\"l\":'Labor',\"v\":0.026952340759777271}]"}, {"source": 27, "prod": 0, "target": 16, "value": 0.00048697766487436339, "supply": "[{\"l\":'Labor',\"v\":0.00048697766487436339}]"}, {"source": 27, "prod": 0, "target": 20, "value": 0.00052443748524931447, "supply": "[{\"l\":'Labor',\"v\":0.00052443748524931447}]"}, {"source": 27, "prod": 0, "target": 18, "value": 0.0086672659392542945, "supply": "[{\"l\":'Labor',\"v\":0.0086672659392542945}]"}, {"source": 27, "prod": 0, "target": 15, "value": 0.033002101750331858, "supply": "[{\"l\":'Labor',\"v\":0.033002101750331858}]"}, {"source": 27, "prod": 0, "target": 21, "value": 0.0017371991698883543, "supply": "[{\"l\":'Labor',\"v\":0.0017371991698883543}]"}, {"source": 27, "prod": 0, "target": 17, "value": 0.0053380244034305219, "supply": "[{\"l\":'Labor',\"v\":0.0053380244034305219}]"}]}