{"nodes": [{"layer": 5, "name": "Sunflower seed"}, {"layer": 10, "name": "Feed", "fill": "#dbdb8d"}, {"layer": 5, "name": "Maize"}, {"layer": 13, "name": "Pelagic Fish"}, {"layer": 5, "name": "Wheat"}, {"layer": 5, "name": "Oats"}, {"layer": 5, "name": "Soyabeans"}, {"layer": 5, "name": "Rye"}, {"layer": 13, "name": "Fish, Body Oil"}, {"layer": 13, "name": "Milk - Excluding Butter"}, {"layer": 13, "name": "Offals, Edible"}, {"layer": 5, "name": "Rape and Mustardseed"}, {"layer": 5, "name": "Barley"}, {"layer": 13, "name": "Fish, Seafood"}, {"layer": 5, "name": "Sugar beet"}, {"layer": 13, "name": "Meat, Other"}, {"layer": 5, "name": "Cereals, Other"}, {"layer": 16, "name": "Food", "fill": "#b5cf6b"}, {"layer": 5, "name": "Olives"}, {"layer": 13, "name": "Groundnut Oil"}, {"layer": 5, "name": "Infant food"}, {"layer": 5, "name": "Nuts"}, {"layer": 5, "name": "Dates"}, {"layer": 13, "name": "Sugar", "fill": "#d6616b"}, {"layer": 13, "name": "Maize Germ Oil"}, {"layer": 13, "name": "Beer"}, {"layer": 5, "name": "Grapefruit"}, {"layer": 13, "name": "Beverages, Alcoholic"}, {"layer": 13, "name": "Honey"}, {"layer": 5, "name": "Rice"}, {"layer": 13, "name": "Butter, Ghee"}, {"layer": 5, "name": "Tomatoes"}, {"layer": 13, "name": "Fats, Animals, Raw"}, {"layer": 5, "name": "Coffee"}, {"layer": 13, "name": "Soyabean Oil"}, {"layer": 5, "name": "Coconuts - Incl Copra"}, {"layer": 5, "name": "Treenuts"}, {"layer": 13, "name": "Crustaceans"}, {"layer": 13, "name": "Eggs"}, {"layer": 5, "name": "Vegetables, Other"}, {"layer": 5, "name": "Peas"}, {"layer": 13, "name": "Coconut Oil"}, {"layer": 13, "name": "Marine Fish, Other"}, {"layer": 5, "name": "Grapes"}, {"layer": 5, "name": "Groundnuts"}, {"layer": 13, "name": "Palm Oil"}, {"layer": 5, "name": "Oilcrops, Other"}, {"layer": 13, "name": "Wine"}, {"layer": 13, "name": "Sunflowerseed Oil"}, {"layer": 13, "name": "Olive Oil"}, {"layer": 13, "name": "Pigmeat"}, {"layer": 5, "name": "Cocoa Beans"}, {"layer": 5, "name": "Potatoes"}, {"layer": 13, "name": "Freshwater Fish"}, {"layer": 5, "name": "Pimento"}, {"layer": 5, "name": "Pepper"}, {"layer": 13, "name": "Rape and Mustard Oil"}, {"layer": 5, "name": "Pineapples"}, {"layer": 5, "name": "Beans"}, {"layer": 5, "name": "Apples"}, {"layer": 5, "name": "Lemons, Limes"}, {"layer": 13, "name": "Mutton & Goat Meat"}, {"layer": 13, "name": "Sweeteners, Other"}, {"layer": 5, "name": "Bananas"}, {"layer": 13, "name": "Beverages, Fermented"}, {"layer": 5, "name": "Spices, Other"}, {"layer": 5, "name": "Tea"}, {"layer": 5, "name": "Fruits, Other"}, {"layer": 13, "name": "Molluscs, Other"}, {"layer": 13, "name": "Poultry Meat"}, {"layer": 5, "name": "Sweet potatoes"}, {"layer": 13, "name": "Demersal Fish"}, {"layer": 5, "name": "Oranges, Mandarines"}, {"layer": 13, "name": "Bovine Meat"}, {"layer": 13, "name": "Cottonseed Oil"}, {"layer": 13, "name": "Palmkernel Oil"}, {"layer": 5, "name": "Onions"}, {"layer": 13, "name": "Cream"}, {"layer": 10, "name": "Processing", "fill": "#9edae5"}, {"layer": 16, "name": "Biofuels & Other", "fill": "#e7ba52"}, {"layer": 13, "name": "Oilcrops Oil, Other"}, {"layer": 5, "name": "Cassava"}, {"layer": 13, "name": "Cephalopods"}, {"name": "Waste", "fill": "#c7c7c7"}, {"layer": 2, "name": "Import", "fill": "#aec7e8"}, {"layer": 16, "name": "Export", "fill": "#aec7e8"}, {"layer": 13, "name": "Aquatic Plants"}, {"layer": 13, "name": "Meat, Aquatic Mammals"}, {"layer": 13, "name": "Aquatic Products, Other"}, {"layer": 0, "name": "Stock Draw", "fill": "#c7c7c7"}, {"layer": 16, "name": "Stock Deposit", "fill": "#c7c7c7"}, {"name": "Crop Residue", "fill": "#bd9e39"}, {"layer": 5, "name": "Oil Palm"}, {"layer": 2, "name": "Electricity", "fill": "#bcbd22"}, {"layer": 0, "name": "Fossil Fuels", "fill": "#c49c94"}, {"layer": 0, "name": "Renewables & Nuclear", "fill": "#2ca02c"}, {"layer": 2, "name": "Fertilizers", "fill": "#c5b0d5"}, {"layer": 0, "name": "Labor", "fill": "#7f7f7f"}], "links": [{"source": 0, "prod": 1.0, "target": 1, "value": 0.003859106053227273, "supply": [{"l": "Sunflower seed", "v": 0.003859106053227273}]}, {"source": 2, "prod": 1594.0, "target": 1, "value": 4.1597683731938728, "supply": [{"l": "Maize", "v": 4.1597683731938728}]}, {"source": 3, "prod": 80.0, "target": 1, "value": 0.079284357825058369, "supply": [{"l": "Pelagic Fish", "v": 0.079284357825058369}]}, {"source": 4, "prod": 1437.0, "target": 1, "value": 4.3521194916136894, "supply": [{"l": "Wheat", "v": 4.3521194916136894}]}, {"source": 5, "prod": 5410.0, "target": 1, "value": 11.302950395987047, "supply": [{"l": "Oats", "v": 11.302950395987047}]}, {"source": 6, "prod": 4.0, "target": 1, "value": 0.018866740704666669, "supply": [{"l": "Soyabeans", "v": 0.018866740704666669}]}, {"source": 7, "prod": 164.0, "target": 1, "value": 0.50631471418341822, "supply": [{"l": "Rye", "v": 0.50631471418341822}]}, {"source": 8, "prod": 22.0, "target": 1, "value": 0.18321167438429811, "supply": [{"l": "Fish, Body Oil", "v": 0.18321167438429811}]}, {"source": 9, "prod": 1931.0, "target": 1, "value": 1.1556572566886181, "supply": [{"l": "Milk - Excluding Butter", "v": 1.1556572566886181}]}, {"source": 10, "prod": 1.0, "target": 1, "value": 0.0011473017996081081, "supply": [{"l": "Offals, Edible", "v": 0.0011473017996081081}]}, {"source": 11, "prod": 89.0, "target": 1, "value": 0.10343777758, "supply": [{"l": "Rape and Mustardseed", "v": 0.10343777758}]}, {"source": 12, "prod": 4289.0, "target": 1, "value": 14.762332255557526, "supply": [{"l": "Barley", "v": 14.762332255557526}]}, {"source": 13, "prod": 80.0, "target": 1, "value": 0.048767815398485646, "supply": [{"l": "Fish, Seafood", "v": 0.048767815398485646}]}, {"source": 14, "prod": 21.0, "target": 1, "value": 0.02440666662, "supply": [{"l": "Sugar beet", "v": 0.02440666662}]}, {"source": 15, "prod": 3.0, "target": 1, "value": 0.0079594062347812505, "supply": [{"l": "Meat, Other", "v": 0.0079594062347812505}]}, {"source": 16, "prod": 1620.0, "target": 1, "value": 5.5261020430052676, "supply": [{"l": "Cereals, Other", "v": 5.5261020430052676}]}, {"source": 2, "prod": 49.0, "target": 17, "value": 0.12787242803419058, "supply": [{"l": "Maize", "v": 0.12787242803419058}]}, {"source": 18, "prod": 7.0, "target": 17, "value": 0.0084900333171, "supply": [{"l": "Olives", "v": 0.0084900333171}]}, {"source": 19, "prod": 14.0, "target": 17, "value": 0.13109610269051472, "supply": [{"l": "Groundnut Oil", "v": 0.13109610269051472}]}, {"source": 20, "prod": 3.0, "target": 17, "value": 0.0090964642683214296, "supply": [{"l": "Infant food", "v": 0.0090964642683214296}]}, {"source": 7, "prod": 11.0, "target": 17, "value": 0.0339601332684, "supply": [{"l": "Rye", "v": 0.0339601332684}]}, {"source": 21, "prod": 25.0, "target": 17, "value": 0.077026511949495974, "supply": [{"l": "Nuts", "v": 0.077026511949495974}]}, {"source": 22, "prod": 3.0, "target": 17, "value": 0.0079594062347812505, "supply": [{"l": "Dates", "v": 0.0079594062347812505}]}, {"source": 23, "prod": 956.0, "target": 17, "value": 3.580796404918059, "supply": [{"l": "Sugar", "v": 3.580796404918059}]}, {"source": 24, "prod": 9.0, "target": 17, "value": 0.089416308339670222, "supply": [{"l": "Maize Germ Oil", "v": 0.089416308339670222}]}, {"source": 25, "prod": 1407.0, "target": 17, "value": 0.6889658409640671, "supply": [{"l": "Beer", "v": 0.6889658409640671}]}, {"source": 26, "prod": 95.0, "target": 17, "value": 0.017087990786536018, "supply": [{"l": "Grapefruit", "v": 0.017087990786536018}]}, {"source": 27, "prod": 61.0, "target": 17, "value": 0.20510575538340597, "supply": [{"l": "Beverages, Alcoholic", "v": 0.20510575538340597}]}, {"source": 12, "prod": 7.0, "target": 17, "value": 0.02409333779177027, "supply": [{"l": "Barley", "v": 0.02409333779177027}]}, {"source": 28, "prod": 16.0, "target": 17, "value": 0.052924883015688318, "supply": [{"l": "Honey", "v": 0.052924883015688318}]}, {"source": 29, "prod": 37.0, "target": 17, "value": 0.17072349605038045, "supply": [{"l": "Rice", "v": 0.17072349605038045}]}, {"source": 30, "prod": 172.0, "target": 17, "value": 1.4348156305899002, "supply": [{"l": "Butter, Ghee", "v": 1.4348156305899002}]}, {"source": 31, "prod": 479.0, "target": 17, "value": 0.10205083962085069, "supply": [{"l": "Tomatoes", "v": 0.10205083962085069}]}, {"source": 32, "prod": 157.0, "target": 17, "value": 1.3074651308334004, "supply": [{"l": "Fats, Animals, Raw", "v": 1.3074651308334004}]}, {"source": 33, "prod": 79.0, "target": 17, "value": 0.042666197967614512, "supply": [{"l": "Coffee", "v": 0.042666197967614512}]}, {"source": 4, "prod": 1545.0, "target": 17, "value": 4.6792098918184761, "supply": [{"l": "Wheat", "v": 4.6792098918184761}]}, {"source": 34, "prod": 79.0, "target": 17, "value": 0.72165283195350005, "supply": [{"l": "Soyabean Oil", "v": 0.72165283195350005}]}, {"source": 35, "prod": 26.0, "target": 17, "value": 0.042779237644302331, "supply": [{"l": "Coconuts - Incl Copra", "v": 0.042779237644302331}]}, {"source": 36, "prod": 25.0, "target": 17, "value": 0.076410299853900007, "supply": [{"l": "Treenuts", "v": 0.076410299853900007}]}, {"source": 37, "prod": 23.0, "target": 17, "value": 0.0086402993935088511, "supply": [{"l": "Crustaceans", "v": 0.0086402993935088511}]}, {"source": 38, "prod": 278.0, "target": 17, "value": 0.45062014010861468, "supply": [{"l": "Eggs", "v": 0.45062014010861468}]}, {"source": 39, "prod": 1020.0, "target": 17, "value": 0.38287731308202994, "supply": [{"l": "Vegetables, Other", "v": 0.38287731308202994}]}, {"source": 40, "prod": 9.0, "target": 17, "value": 0.035539674350651168, "supply": [{"l": "Peas", "v": 0.035539674350651168}]}, {"source": 41, "prod": 14.0, "target": 17, "value": 0.12919615917326088, "supply": [{"l": "Coconut Oil", "v": 0.12919615917326088}]}, {"source": 42, "prod": 1.0, "target": 17, "value": 0.0010107182520357142, "supply": [{"l": "Marine Fish, Other", "v": 0.0010107182520357142}]}, {"source": 43, "prod": 217.0, "target": 17, "value": 0.16145944357197095, "supply": [{"l": "Grapes", "v": 0.16145944357197095}]}, {"source": 44, "prod": 45.0, "target": 17, "value": 0.29583633792992253, "supply": [{"l": "Groundnuts", "v": 0.29583633792992253}]}, {"source": 45, "prod": 8.0, "target": 17, "value": 0.072771714146571437, "supply": [{"l": "Palm Oil", "v": 0.072771714146571437}]}, {"source": 11, "prod": 8.0, "target": 17, "value": 0.0092977777600000006, "supply": [{"l": "Rape and Mustardseed", "v": 0.0092977777600000006}]}, {"source": 46, "prod": 2.0, "target": 17, "value": 0.007718212106454546, "supply": [{"l": "Oilcrops, Other", "v": 0.007718212106454546}]}, {"source": 47, "prod": 48.0, "target": 17, "value": 0.042627782345271967, "supply": [{"l": "Wine", "v": 0.042627782345271967}]}, {"source": 48, "prod": 2.0, "target": 17, "value": 0.0169800666342, "supply": [{"l": "Sunflowerseed Oil", "v": 0.0169800666342}]}, {"source": 5, "prod": 90.0, "target": 17, "value": 0.18803429494248325, "supply": [{"l": "Oats", "v": 0.18803429494248325}]}, {"source": 49, "prod": 2.0, "target": 17, "value": 0.02122508329275, "supply": [{"l": "Olive Oil", "v": 0.02122508329275}]}, {"source": 50, "prod": 503.0, "target": 17, "value": 0.94427097648136327, "supply": [{"l": "Pigmeat", "v": 0.94427097648136327}]}, {"source": 51, "prod": 25.0, "target": 17, "value": 0.0594302332197, "supply": [{"l": "Cocoa Beans", "v": 0.0594302332197}]}, {"source": 6, "prod": 4.0, "target": 17, "value": 0.018866740704666669, "supply": [{"l": "Soyabeans", "v": 0.018866740704666669}]}, {"source": 52, "prod": 1668.0, "target": 17, "value": 1.148081733332079, "supply": [{"l": "Potatoes", "v": 1.148081733332079}]}, {"source": 53, "prod": 57.0, "target": 17, "value": 0.060062469743313827, "supply": [{"l": "Freshwater Fish", "v": 0.060062469743313827}]}, {"source": 54, "prod": 1.0, "target": 17, "value": 0.0039797031173906252, "supply": [{"l": "Pimento", "v": 0.0039797031173906252}]}, {"source": 55, "prod": 2.0, "target": 17, "value": 0.010612541646375, "supply": [{"l": "Pepper", "v": 0.010612541646375}]}, {"source": 56, "prod": 34.0, "target": 17, "value": 0.33111129936689998, "supply": [{"l": "Rape and Mustard Oil", "v": 0.33111129936689998}]}, {"source": 9, "prod": 4903.0, "target": 17, "value": 2.934328083658361, "supply": [{"l": "Milk - Excluding Butter", "v": 2.934328083658361}]}, {"source": 57, "prod": 30.0, "target": 17, "value": 0.025134967057203951, "supply": [{"l": "Pineapples", "v": 0.025134967057203951}]}, {"source": 58, "prod": 53.0, "target": 17, "value": 0.2130548133552557, "supply": [{"l": "Beans", "v": 0.2130548133552557}]}, {"source": 59, "prod": 370.0, "target": 17, "value": 0.20409175921994588, "supply": [{"l": "Apples", "v": 0.20409175921994588}]}, {"source": 13, "prod": 307.0, "target": 17, "value": 0.18714649159168864, "supply": [{"l": "Fish, Seafood", "v": 0.18714649159168864}]}, {"source": 15, "prod": 3.0, "target": 17, "value": 0.0079594062347812505, "supply": [{"l": "Meat, Other", "v": 0.0079594062347812505}]}, {"source": 60, "prod": 23.0, "target": 17, "value": 0.026731111060000003, "supply": [{"l": "Lemons, Limes", "v": 0.026731111060000003}]}, {"source": 16, "prod": 1.0, "target": 17, "value": 0.0034111741006205361, "supply": [{"l": "Cereals, Other", "v": 0.0034111741006205361}]}, {"source": 61, "prod": 31.0, "target": 17, "value": 0.092791710292663462, "supply": [{"l": "Mutton & Goat Meat", "v": 0.092791710292663462}]}, {"source": 62, "prod": 20.0, "target": 17, "value": 0.074912058680294116, "supply": [{"l": "Sweeteners, Other", "v": 0.074912058680294116}]}, {"source": 3, "prod": 51.0, "target": 17, "value": 0.050543778113474706, "supply": [{"l": "Pelagic Fish", "v": 0.050543778113474706}]}, {"source": 63, "prod": 171.0, "target": 17, "value": 0.11872161075430725, "supply": [{"l": "Bananas", "v": 0.11872161075430725}]}, {"source": 64, "prod": 180.0, "target": 17, "value": 0.085279352515513412, "supply": [{"l": "Beverages, Fermented", "v": 0.085279352515513412}]}, {"source": 65, "prod": 1.0, "target": 17, "value": 0.0070750277642500003, "supply": [{"l": "Spices, Other", "v": 0.0070750277642500003}]}, {"source": 66, "prod": 19.0, "target": 17, "value": 0.0084900333171, "supply": [{"l": "Tea", "v": 0.0084900333171}]}, {"source": 67, "prod": 328.0, "target": 17, "value": 0.1532879409913101, "supply": [{"l": "Fruits, Other", "v": 0.1532879409913101}]}, {"source": 68, "prod": 26.0, "target": 17, "value": 0.0085558475288604659, "supply": [{"l": "Molluscs, Other", "v": 0.0085558475288604659}]}, {"source": 69, "prod": 355.0, "target": 17, "value": 0.58647311365585031, "supply": [{"l": "Poultry Meat", "v": 0.58647311365585031}]}, {"source": 10, "prod": 37.0, "target": 17, "value": 0.0424501665855, "supply": [{"l": "Offals, Edible", "v": 0.0424501665855}]}, {"source": 70, "prod": 4.0, "target": 17, "value": 0.0045824209400983362, "supply": [{"l": "Sweet potatoes", "v": 0.0045824209400983362}]}, {"source": 71, "prod": 149.0, "target": 17, "value": 0.059670517181504713, "supply": [{"l": "Demersal Fish", "v": 0.059670517181504713}]}, {"source": 72, "prod": 440.0, "target": 17, "value": 0.11047086117791627, "supply": [{"l": "Oranges, Mandarines", "v": 0.11047086117791627}]}, {"source": 73, "prod": 851.0, "target": 17, "value": 1.0972773340215694, "supply": [{"l": "Bovine Meat", "v": 1.0972773340215694}]}, {"source": 74, "prod": 5.0, "target": 17, "value": 0.040817467870673078, "supply": [{"l": "Cottonseed Oil", "v": 0.040817467870673078}]}, {"source": 75, "prod": 4.0, "target": 17, "value": 0.037733481409333337, "supply": [{"l": "Palmkernel Oil", "v": 0.037733481409333337}]}, {"source": 76, "prod": 92.0, "target": 17, "value": 0.033886467035713665, "supply": [{"l": "Onions", "v": 0.033886467035713665}]}, {"source": 77, "prod": 90.0, "target": 17, "value": 0.20467044603723217, "supply": [{"l": "Cream", "v": 0.20467044603723217}]}, {"source": 0, "prod": 5.0, "target": 78, "value": 0.019295530266136365, "supply": [{"l": "Sunflower seed", "v": 0.019295530266136365}]}, {"source": 2, "prod": 527.0, "target": 78, "value": 1.3752810117146621, "supply": [{"l": "Maize", "v": 1.3752810117146621}]}, {"source": 32, "prod": 3.0, "target": 78, "value": 0.02498341014331338, "supply": [{"l": "Fats, Animals, Raw", "v": 0.02498341014331338}]}, {"source": 6, "prod": 546.0, "target": 78, "value": 2.5753101061870005, "supply": [{"l": "Soyabeans", "v": 2.5753101061870005}]}, {"source": 7, "prod": 55.0, "target": 78, "value": 0.169800666342, "supply": [{"l": "Rye", "v": 0.169800666342}]}, {"source": 40, "prod": 3.0, "target": 78, "value": 0.011846558116883722, "supply": [{"l": "Peas", "v": 0.011846558116883722}]}, {"source": 11, "prod": 97.0, "target": 78, "value": 0.11273555534000002, "supply": [{"l": "Rape and Mustardseed", "v": 0.11273555534000002}]}, {"source": 12, "prod": 419.0, "target": 78, "value": 1.4421583621073921, "supply": [{"l": "Barley", "v": 1.4421583621073921}]}, {"source": 43, "prod": 41.0, "target": 78, "value": 0.030506162149542895, "supply": [{"l": "Grapes", "v": 0.030506162149542895}]}, {"source": 14, "prod": 1036.0, "target": 78, "value": 1.2040622199200002, "supply": [{"l": "Sugar beet", "v": 1.2040622199200002}]}, {"source": 46, "prod": 63.0, "target": 78, "value": 0.24312368135331819, "supply": [{"l": "Oilcrops, Other", "v": 0.24312368135331819}]}, {"source": 2, "prod": 22.0, "target": 79, "value": 0.057412110545963124, "supply": [{"l": "Maize", "v": 0.057412110545963124}]}, {"source": 4, "prod": 62.0, "target": 79, "value": 0.18777411863608123, "supply": [{"l": "Wheat", "v": 0.18777411863608123}]}, {"source": 34, "prod": 8.0, "target": 79, "value": 0.0730787677927595, "supply": [{"l": "Soyabean Oil", "v": 0.0730787677927595}]}, {"source": 32, "prod": 147.0, "target": 79, "value": 1.2241870970223556, "supply": [{"l": "Fats, Animals, Raw", "v": 1.2241870970223556}]}, {"source": 52, "prod": 29.0, "target": 79, "value": 0.019960653637068521, "supply": [{"l": "Potatoes", "v": 0.019960653637068521}]}, {"source": 41, "prod": 5.0, "target": 79, "value": 0.046141485419021737, "supply": [{"l": "Coconut Oil", "v": 0.046141485419021737}]}, {"source": 8, "prod": 7.0, "target": 79, "value": 0.058294623667731214, "supply": [{"l": "Fish, Body Oil", "v": 0.058294623667731214}]}, {"source": 56, "prod": 4.0, "target": 79, "value": 0.038954270513752942, "supply": [{"l": "Rape and Mustard Oil", "v": 0.038954270513752942}]}, {"source": 9, "prod": 452.0, "target": 79, "value": 0.27051117556874954, "supply": [{"l": "Milk - Excluding Butter", "v": 0.27051117556874954}]}, {"source": 74, "prod": 9.0, "target": 79, "value": 0.073471442167211534, "supply": [{"l": "Cottonseed Oil", "v": 0.073471442167211534}]}, {"source": 19, "prod": 1.0, "target": 79, "value": 0.0093640073350367663, "supply": [{"l": "Groundnut Oil", "v": 0.0093640073350367663}]}, {"source": 71, "prod": 30.0, "target": 79, "value": 0.01201419809023585, "supply": [{"l": "Demersal Fish", "v": 0.01201419809023585}]}, {"source": 12, "prod": 1.0, "target": 79, "value": 0.0034419053988243241, "supply": [{"l": "Barley", "v": 0.0034419053988243241}]}, {"source": 13, "prod": 30.0, "target": 79, "value": 0.018287930774432117, "supply": [{"l": "Fish, Seafood", "v": 0.018287930774432117}]}, {"source": 45, "prod": 9.0, "target": 79, "value": 0.08186817841489287, "supply": [{"l": "Palm Oil", "v": 0.08186817841489287}]}, {"source": 75, "prod": 1.0, "target": 79, "value": 0.0094333703523333343, "supply": [{"l": "Palmkernel Oil", "v": 0.0094333703523333343}]}, {"source": 46, "prod": 11.0, "target": 79, "value": 0.0424501665855, "supply": [{"l": "Oilcrops, Other", "v": 0.0424501665855}]}, {"source": 29, "prod": 5.0, "target": 79, "value": 0.023070742709510875, "supply": [{"l": "Rice", "v": 0.023070742709510875}]}, {"source": 80, "prod": 56.0, "target": 79, "value": 0.52058452372755115, "supply": [{"l": "Oilcrops Oil, Other", "v": 0.52058452372755115}]}, {"source": 81, "prod": 25.0, "target": 79, "value": 0.027085373111397915, "supply": [{"l": "Cassava", "v": 0.027085373111397915}]}, {"source": 2, "prod": 9.0, "target": 2, "value": 0.023486772496075822, "supply": [{"l": "Maize", "v": 0.023486772496075822}]}, {"source": 7, "prod": 22.0, "target": 7, "value": 0.0679202665368, "supply": [{"l": "Rye", "v": 0.0679202665368}]}, {"source": 4, "prod": 1098.0, "target": 4, "value": 3.3254190687486642, "supply": [{"l": "Wheat", "v": 3.3254190687486642}]}, {"source": 5, "prod": 304.0, "target": 5, "value": 0.63513806291683228, "supply": [{"l": "Oats", "v": 0.63513806291683228}]}, {"source": 6, "prod": 8.0, "target": 6, "value": 0.037733481409333337, "supply": [{"l": "Soyabeans", "v": 0.037733481409333337}]}, {"source": 52, "prod": 276.0, "target": 52, "value": 0.18997035875279006, "supply": [{"l": "Potatoes", "v": 0.18997035875279006}]}, {"source": 38, "prod": 14.0, "target": 38, "value": 0.02269310058100937, "supply": [{"l": "Eggs", "v": 0.02269310058100937}]}, {"source": 39, "prod": 7.0, "target": 39, "value": 0.0026275894035041269, "supply": [{"l": "Vegetables, Other", "v": 0.0026275894035041269}]}, {"source": 40, "prod": 9.0, "target": 40, "value": 0.035539674350651168, "supply": [{"l": "Peas", "v": 0.035539674350651168}]}, {"source": 16, "prod": 84.0, "target": 16, "value": 0.28653862445212502, "supply": [{"l": "Cereals, Other", "v": 0.28653862445212502}]}, {"source": 3, "prod": 21.0, "target": 3, "value": 0.02081214392907782, "supply": [{"l": "Pelagic Fish", "v": 0.02081214392907782}]}, {"source": 58, "prod": 2.0, "target": 58, "value": 0.0080398042775568189, "supply": [{"l": "Beans", "v": 0.0080398042775568189}]}, {"source": 12, "prod": 289.0, "target": 12, "value": 0.9947106602602297, "supply": [{"l": "Barley", "v": 0.9947106602602297}]}, {"source": 13, "prod": 31.0, "target": 13, "value": 0.018897528466913185, "supply": [{"l": "Fish, Seafood", "v": 0.018897528466913185}]}, {"source": 11, "prod": 6.0, "target": 11, "value": 0.0069733333200000004, "supply": [{"l": "Rape and Mustardseed", "v": 0.0069733333200000004}]}, {"source": 46, "prod": 31.0, "target": 46, "value": 0.11963228765004548, "supply": [{"l": "Oilcrops, Other", "v": 0.11963228765004548}]}, {"source": 82, "prod": 5.0, "target": 82, "value": 0.0058111111000000003, "supply": [{"l": "Cephalopods", "v": 0.0058111111000000003}]}, {"source": 42, "prod": 5.0, "target": 42, "value": 0.0050535912601785719, "supply": [{"l": "Marine Fish, Other", "v": 0.0050535912601785719}]}, {"source": 2, "prod": 66.0, "target": 83, "value": 0.17223633163788934, "supply": [{"l": "Maize", "v": 0.17223633163788934}]}, {"source": 7, "prod": 1.0, "target": 83, "value": 0.0030872848425818182, "supply": [{"l": "Rye", "v": 0.0030872848425818182}]}, {"source": 67, "prod": 8.0, "target": 83, "value": 0.0037387302680807338, "supply": [{"l": "Fruits, Other", "v": 0.0037387302680807338}]}, {"source": 26, "prod": 2.0, "target": 83, "value": 0.00035974717445338983, "supply": [{"l": "Grapefruit", "v": 0.00035974717445338983}]}, {"source": 12, "prod": 5.0, "target": 83, "value": 0.017209526994121625, "supply": [{"l": "Barley", "v": 0.017209526994121625}]}, {"source": 29, "prod": 1.0, "target": 83, "value": 0.0046141485419021753, "supply": [{"l": "Rice", "v": 0.0046141485419021753}]}, {"source": 31, "prod": 22.0, "target": 83, "value": 0.0046870949303939782, "supply": [{"l": "Tomatoes", "v": 0.0046870949303939782}]}, {"source": 4, "prod": 37.0, "target": 83, "value": 0.11205874821830655, "supply": [{"l": "Wheat", "v": 0.11205874821830655}]}, {"source": 38, "prod": 3.0, "target": 83, "value": 0.0048628072673591507, "supply": [{"l": "Eggs", "v": 0.0048628072673591507}]}, {"source": 39, "prod": 48.0, "target": 83, "value": 0.018017755909742583, "supply": [{"l": "Vegetables, Other", "v": 0.018017755909742583}]}, {"source": 40, "prod": 1.0, "target": 83, "value": 0.0039488527056279069, "supply": [{"l": "Peas", "v": 0.0039488527056279069}]}, {"source": 43, "prod": 13.0, "target": 83, "value": 0.0096726855596111633, "supply": [{"l": "Grapes", "v": 0.0096726855596111633}]}, {"source": 46, "prod": 19.0, "target": 83, "value": 0.073323015011318188, "supply": [{"l": "Oilcrops, Other", "v": 0.073323015011318188}]}, {"source": 50, "prod": 43.0, "target": 83, "value": 0.080722966180315353, "supply": [{"l": "Pigmeat", "v": 0.080722966180315353}]}, {"source": 5, "prod": 1.0, "target": 83, "value": 0.0020892699438053693, "supply": [{"l": "Oats", "v": 0.0020892699438053693}]}, {"source": 6, "prod": 7.0, "target": 83, "value": 0.033016796233166675, "supply": [{"l": "Soyabeans", "v": 0.033016796233166675}]}, {"source": 52, "prod": 209.0, "target": 83, "value": 0.143854365867149, "supply": [{"l": "Potatoes", "v": 0.143854365867149}]}, {"source": 58, "prod": 1.0, "target": 83, "value": 0.0040199021387784094, "supply": [{"l": "Beans", "v": 0.0040199021387784094}]}, {"source": 59, "prod": 9.0, "target": 83, "value": 0.0049643941431878726, "supply": [{"l": "Apples", "v": 0.0049643941431878726}]}, {"source": 60, "prod": 1.0, "target": 83, "value": 0.0011622222200000001, "supply": [{"l": "Lemons, Limes", "v": 0.0011622222200000001}]}, {"source": 63, "prod": 3.0, "target": 83, "value": 0.002082835276391355, "supply": [{"l": "Bananas", "v": 0.002082835276391355}]}, {"source": 11, "prod": 18.0, "target": 83, "value": 0.020919999960000001, "supply": [{"l": "Rape and Mustardseed", "v": 0.020919999960000001}]}, {"source": 72, "prod": 6.0, "target": 83, "value": 0.0015064208342443128, "supply": [{"l": "Oranges, Mandarines", "v": 0.0015064208342443128}]}, {"source": 76, "prod": 7.0, "target": 83, "value": 0.0025783181440216917, "supply": [{"l": "Onions", "v": 0.0025783181440216917}]}, {"source": 84, "prod": 3.0, "target": 20, "value": 0.0090964642683214296, "supply": [{"l": "Infant food", "v": 0.0090964642683214296}]}, {"source": 84, "prod": 4.0, "target": 70, "value": 0.0045824209400983362, "supply": [{"l": "Sweet potatoes", "v": 0.0045824209400983362}]}, {"source": 84, "prod": 1.0, "target": 65, "value": 0.0070750277642500003, "supply": [{"l": "Spices, Other", "v": 0.0070750277642500003}]}, {"source": 84, "prod": 172.0, "target": 31, "value": 0.036644560364898375, "supply": [{"l": "Tomatoes", "v": 0.036644560364898375}]}, {"source": 84, "prod": 25.0, "target": 81, "value": 0.027085373111397915, "supply": [{"l": "Cassava", "v": 0.027085373111397915}]}, {"source": 84, "prod": 23.0, "target": 60, "value": 0.026731111060000003, "supply": [{"l": "Lemons, Limes", "v": 0.026731111060000003}]}, {"source": 84, "prod": 26.0, "target": 36, "value": 0.07946671184805601, "supply": [{"l": "Treenuts", "v": 0.07946671184805601}]}, {"source": 84, "prod": 25.0, "target": 59, "value": 0.013789983731077425, "supply": [{"l": "Apples", "v": 0.013789983731077425}]}, {"source": 84, "prod": 21.0, "target": 66, "value": 0.0093837210346894746, "supply": [{"l": "Tea", "v": 0.0093837210346894746}]}, {"source": 84, "prod": 392.0, "target": 39, "value": 0.14714500659623111, "supply": [{"l": "Vegetables, Other", "v": 0.14714500659623111}]}, {"source": 84, "prod": 45.0, "target": 29, "value": 0.20763668438559787, "supply": [{"l": "Rice", "v": 0.20763668438559787}]}, {"source": 84, "prod": 18.0, "target": 4, "value": 0.054515066700797775, "supply": [{"l": "Wheat", "v": 0.054515066700797775}]}, {"source": 84, "prod": 2.0, "target": 55, "value": 0.010612541646375, "supply": [{"l": "Pepper", "v": 0.010612541646375}]}, {"source": 84, "prod": 97.0, "target": 26, "value": 0.017447737960989407, "supply": [{"l": "Grapefruit", "v": 0.017447737960989407}]}, {"source": 84, "prod": 75.0, "target": 33, "value": 0.040505884146469474, "supply": [{"l": "Coffee", "v": 0.040505884146469474}]}, {"source": 84, "prod": 3.0, "target": 22, "value": 0.0079594062347812505, "supply": [{"l": "Dates", "v": 0.0079594062347812505}]}, {"source": 84, "prod": 7.0, "target": 18, "value": 0.0084900333171, "supply": [{"l": "Olives", "v": 0.0084900333171}]}, {"source": 84, "prod": 33.0, "target": 16, "value": 0.11256874532047767, "supply": [{"l": "Cereals, Other", "v": 0.11256874532047767}]}, {"source": 84, "prod": 352.0, "target": 1, "value": 0.34494839633470759, "supply": [{"l": "Pigmeat", "v": 0.033791009098736655}, {"l": "Meat, Other", "v": 0.018571947881156251}, {"l": "Crustaceans", "v": 0.0060106430563539835}, {"l": "Eggs", "v": 0.019451229069436603}, {"l": "Demersal Fish", "v": 0.0020023663483726417}, {"l": "Mutton & Goat Meat", "v": 0.074832024429567309}, {"l": "Freshwater Fish", "v": 0.0042149101574255323}, {"l": "Poultry Meat", "v": 0.0049561108196269042}, {"l": "Milk - Excluding Butter", "v": 0.077801886778622653}, {"l": "Pelagic Fish", "v": 0.018830034983451361}, {"l": "Fish, Seafood", "v": 0.038404654626307447}, {"l": "Molluscs, Other", "v": 0.0062523501172441869}, {"l": "Offals, Edible", "v": 0.0011473017996081081}, {"l": "Bovine Meat", "v": 0.03868192716879798}]}, {"source": 84, "prod": 1.0, "target": 54, "value": 0.0039797031173906252, "supply": [{"l": "Pimento", "v": 0.0039797031173906252}]}, {"source": 84, "prod": 26.0, "target": 21, "value": 0.080107572427475821, "supply": [{"l": "Nuts", "v": 0.080107572427475821}]}, {"source": 84, "prod": 6.0, "target": 40, "value": 0.023693116233767443, "supply": [{"l": "Peas", "v": 0.023693116233767443}]}, {"source": 84, "prod": 3.0, "target": 46, "value": 0.011577318159681819, "supply": [{"l": "Oilcrops, Other", "v": 0.011577318159681819}]}, {"source": 84, "prod": 27.0, "target": 51, "value": 0.064184651877275997, "supply": [{"l": "Cocoa Beans", "v": 0.064184651877275997}]}, {"source": 84, "prod": 446.0, "target": 72, "value": 0.1119772820121606, "supply": [{"l": "Oranges, Mandarines", "v": 0.1119772820121606}]}, {"source": 84, "prod": 31.0, "target": 57, "value": 0.025972799292444081, "supply": [{"l": "Pineapples", "v": 0.025972799292444081}]}, {"source": 84, "prod": 152.0, "target": 52, "value": 0.10462135699429018, "supply": [{"l": "Potatoes", "v": 0.10462135699429018}]}, {"source": 84, "prod": 35.0, "target": 76, "value": 0.012891590720108459, "supply": [{"l": "Onions", "v": 0.012891590720108459}]}, {"source": 84, "prod": 175.0, "target": 63, "value": 0.12149872445616237, "supply": [{"l": "Bananas", "v": 0.12149872445616237}]}, {"source": 84, "prod": 223.0, "target": 43, "value": 0.16592375998409917, "supply": [{"l": "Grapes", "v": 0.16592375998409917}]}, {"source": 84, "prod": 1023.0, "target": 78, "value": 4.6463439925101513, "supply": [{"l": "Sugar", "v": 2.9740087296076765}, {"l": "Maize Germ Oil", "v": 0.089416308339670222}, {"l": "Beer", "v": 0.0014690103218850045}, {"l": "Groundnut Oil", "v": 0.13109610269051472}, {"l": "Beverages, Alcoholic", "v": 0.070610178082811878}, {"l": "Fats, Animals, Raw", "v": 0.23317849467092486}, {"l": "Soyabean Oil", "v": 0.10048330571504432}, {"l": "Butter, Ghee", "v": 0.091761464747028482}, {"l": "Palm Oil", "v": 0.15463989256146429}, {"l": "Olive Oil", "v": 0.02122508329275}, {"l": "Coconut Oil", "v": 0.17533764459228263}, {"l": "Oilcrops Oil, Other", "v": 0.32536532732971951}, {"l": "Wine", "v": 0.016873497178336819}, {"l": "Sweeteners, Other", "v": 0.052438441076205884}, {"l": "Fish, Body Oil", "v": 0.041639016905522304}, {"l": "Honey", "v": 0.0066156103769610397}, {"l": "Cottonseed Oil", "v": 0.12245240361201924}, {"l": "Palmkernel Oil", "v": 0.037733481409333337}]}, {"source": 84, "prod": 431.0, "target": 6, "value": 2.0328913109278339, "supply": [{"l": "Soyabeans", "v": 2.0328913109278339}]}, {"source": 84, "prod": 4.0, "target": 58, "value": 0.016079608555113638, "supply": [{"l": "Beans", "v": 0.016079608555113638}]}, {"source": 84, "prod": 594.0, "target": 2, "value": 1.5501269847410044, "supply": [{"l": "Maize", "v": 1.5501269847410044}]}, {"source": 84, "prod": 205.0, "target": 67, "value": 0.09580496311956882, "supply": [{"l": "Fruits, Other", "v": 0.09580496311956882}]}, {"source": 84, "prod": 45.0, "target": 44, "value": 0.29583633792992253, "supply": [{"l": "Groundnuts", "v": 0.29583633792992253}]}, {"source": 84, "prod": 26.0, "target": 35, "value": 0.042779237644302331, "supply": [{"l": "Coconuts - Incl Copra", "v": 0.042779237644302331}]}, {"source": 2, "prod": 9.0, "target": 85, "value": 0.023486772496075822, "supply": [{"l": "Maize", "v": 0.023486772496075822}]}, {"source": 7, "prod": 243.0, "target": 85, "value": 0.75021021674738175, "supply": [{"l": "Rye", "v": 0.75021021674738175}]}, {"source": 21, "prod": 1.0, "target": 85, "value": 0.0030810604779798389, "supply": [{"l": "Nuts", "v": 0.0030810604779798389}]}, {"source": 23, "prod": 18.0, "target": 85, "value": 0.067420852812264703, "supply": [{"l": "Sugar", "v": 0.067420852812264703}]}, {"source": 25, "prod": 16.0, "target": 85, "value": 0.007834721716720023, "supply": [{"l": "Beer", "v": 0.007834721716720023}]}, {"source": 27, "prod": 67.0, "target": 85, "value": 0.22528009197849508, "supply": [{"l": "Beverages, Alcoholic", "v": 0.22528009197849508}]}, {"source": 12, "prod": 808.0, "target": 85, "value": 2.781059562250054, "supply": [{"l": "Barley", "v": 2.781059562250054}]}, {"source": 51, "prod": 2.0, "target": 85, "value": 0.0047544186575760004, "supply": [{"l": "Cocoa Beans", "v": 0.0047544186575760004}]}, {"source": 28, "prod": 4.0, "target": 85, "value": 0.013231220753922079, "supply": [{"l": "Honey", "v": 0.013231220753922079}]}, {"source": 29, "prod": 2.0, "target": 85, "value": 0.0092282970838043505, "supply": [{"l": "Rice", "v": 0.0092282970838043505}]}, {"source": 80, "prod": 8.0, "target": 85, "value": 0.074369217675364446, "supply": [{"l": "Oilcrops Oil, Other", "v": 0.074369217675364446}]}, {"source": 31, "prod": 8.0, "target": 85, "value": 0.0017043981565069012, "supply": [{"l": "Tomatoes", "v": 0.0017043981565069012}]}, {"source": 0, "prod": 9.0, "target": 85, "value": 0.034731954479045458, "supply": [{"l": "Sunflower seed", "v": 0.034731954479045458}]}, {"source": 32, "prod": 80.0, "target": 85, "value": 0.66622427048835686, "supply": [{"l": "Fats, Animals, Raw", "v": 0.66622427048835686}]}, {"source": 33, "prod": 1.0, "target": 85, "value": 0.00054007845528625958, "supply": [{"l": "Coffee", "v": 0.00054007845528625958}]}, {"source": 4, "prod": 15649.0, "target": 85, "value": 47.394793266710238, "supply": [{"l": "Wheat", "v": 47.394793266710238}]}, {"source": 34, "prod": 13.0, "target": 85, "value": 0.11875299766323417, "supply": [{"l": "Soyabean Oil", "v": 0.11875299766323417}]}, {"source": 36, "prod": 1.0, "target": 85, "value": 0.0030564119941560003, "supply": [{"l": "Treenuts", "v": 0.0030564119941560003}]}, {"source": 37, "prod": 13.0, "target": 85, "value": 0.0048836474832876118, "supply": [{"l": "Crustaceans", "v": 0.0048836474832876118}]}, {"source": 38, "prod": 1.0, "target": 85, "value": 0.0016209357557863836, "supply": [{"l": "Eggs", "v": 0.0016209357557863836}]}, {"source": 39, "prod": 107.0, "target": 85, "value": 0.04016458088213451, "supply": [{"l": "Vegetables, Other", "v": 0.04016458088213451}]}, {"source": 40, "prod": 18.0, "target": 85, "value": 0.071079348701302336, "supply": [{"l": "Peas", "v": 0.071079348701302336}]}, {"source": 43, "prod": 8.0, "target": 85, "value": 0.0059524218828376383, "supply": [{"l": "Grapes", "v": 0.0059524218828376383}]}, {"source": 86, "prod": 30.0, "target": 85, "value": 0.015151064432333983, "supply": [{"l": "Aquatic Plants", "v": 0.015151064432333983}]}, {"source": 46, "prod": 514.0, "target": 85, "value": 1.9835805113588185, "supply": [{"l": "Oilcrops, Other", "v": 1.9835805113588185}]}, {"source": 5, "prod": 240.0, "target": 85, "value": 0.5014247865132887, "supply": [{"l": "Oats", "v": 0.5014247865132887}]}, {"source": 50, "prod": 25.0, "target": 85, "value": 0.046931957081578685, "supply": [{"l": "Pigmeat", "v": 0.046931957081578685}]}, {"source": 69, "prod": 1.0, "target": 85, "value": 0.0016520369398756345, "supply": [{"l": "Poultry Meat", "v": 0.0016520369398756345}]}, {"source": 16, "prod": 12.0, "target": 85, "value": 0.040934089207446435, "supply": [{"l": "Cereals, Other", "v": 0.040934089207446435}]}, {"source": 6, "prod": 89.0, "target": 85, "value": 0.41978498067883341, "supply": [{"l": "Soyabeans", "v": 0.41978498067883341}]}, {"source": 52, "prod": 161.0, "target": 85, "value": 0.1108160426057942, "supply": [{"l": "Potatoes", "v": 0.1108160426057942}]}, {"source": 53, "prod": 76.0, "target": 85, "value": 0.080083292991085103, "supply": [{"l": "Freshwater Fish", "v": 0.080083292991085103}]}, {"source": 9, "prod": 939.0, "target": 85, "value": 0.56196901296251278, "supply": [{"l": "Milk - Excluding Butter", "v": 0.56196901296251278}]}, {"source": 58, "prod": 18.0, "target": 85, "value": 0.072358238498011374, "supply": [{"l": "Beans", "v": 0.072358238498011374}]}, {"source": 59, "prod": 56.0, "target": 85, "value": 0.030889563557613429, "supply": [{"l": "Apples", "v": 0.030889563557613429}]}, {"source": 13, "prod": 927.0, "target": 85, "value": 0.56509706092995249, "supply": [{"l": "Fish, Seafood", "v": 0.56509706092995249}]}, {"source": 15, "prod": 19.0, "target": 85, "value": 0.050409572820281252, "supply": [{"l": "Meat, Other", "v": 0.050409572820281252}]}, {"source": 62, "prod": 15.0, "target": 85, "value": 0.056184044010220584, "supply": [{"l": "Sweeteners, Other", "v": 0.056184044010220584}]}, {"source": 3, "prod": 282.0, "target": 85, "value": 0.27947736133333073, "supply": [{"l": "Pelagic Fish", "v": 0.27947736133333073}]}, {"source": 66, "prod": 2.0, "target": 85, "value": 0.00089368771758947373, "supply": [{"l": "Tea", "v": 0.00089368771758947373}]}, {"source": 67, "prod": 37.0, "target": 85, "value": 0.017291627489873396, "supply": [{"l": "Fruits, Other", "v": 0.017291627489873396}]}, {"source": 68, "prod": 73.0, "target": 85, "value": 0.024022187292569771, "supply": [{"l": "Molluscs, Other", "v": 0.024022187292569771}]}, {"source": 8, "prod": 4.0, "target": 85, "value": 0.033311213524417835, "supply": [{"l": "Fish, Body Oil", "v": 0.033311213524417835}]}, {"source": 87, "prod": 6.0, "target": 85, "value": 0.0036575861548864236, "supply": [{"l": "Meat, Aquatic Mammals", "v": 0.0036575861548864236}]}, {"source": 10, "prod": 16.0, "target": 85, "value": 0.01835682879372973, "supply": [{"l": "Offals, Edible", "v": 0.01835682879372973}]}, {"source": 11, "prod": 362.0, "target": 85, "value": 0.42072444364, "supply": [{"l": "Rape and Mustardseed", "v": 0.42072444364}]}, {"source": 73, "prod": 39.0, "target": 85, "value": 0.050286505319437368, "supply": [{"l": "Bovine Meat", "v": 0.050286505319437368}]}, {"source": 71, "prod": 483.0, "target": 85, "value": 0.19342858925279718, "supply": [{"l": "Demersal Fish", "v": 0.19342858925279718}]}, {"source": 76, "prod": 21.0, "target": 85, "value": 0.0077349544320650752, "supply": [{"l": "Onions", "v": 0.0077349544320650752}]}, {"source": 88, "prod": 36.0, "target": 85, "value": 0.01818127731880078, "supply": [{"l": "Aquatic Products, Other", "v": 0.01818127731880078}]}, {"source": 89, "prod": 266.0, "target": 5, "value": 0.55574580505222815, "supply": [{"l": "Oats", "v": 0.55574580505222815}]}, {"source": 89, "prod": 58.0, "target": 7, "value": 0.17906252086974547, "supply": [{"l": "Rye", "v": 0.17906252086974547}]}, {"source": 89, "prod": 6.0, "target": 33, "value": 0.0032404707317175573, "supply": [{"l": "Coffee", "v": 0.0032404707317175573}]}, {"source": 13, "prod": 17.0, "target": 90, "value": 0.0103631607721782, "supply": [{"l": "Fish, Seafood", "v": 0.0103631607721782}]}, {"source": 16, "prod": 4.0, "target": 90, "value": 0.013644696402482144, "supply": [{"l": "Cereals, Other", "v": 0.013644696402482144}]}, {"source": 12, "prod": 740.0, "target": 90, "value": 2.5470099951300003, "supply": [{"l": "Barley", "v": 2.5470099951300003}]}, {"source": 11, "prod": 80.0, "target": 90, "value": 0.092977777600000006, "supply": [{"l": "Rape and Mustardseed", "v": 0.092977777600000006}]}, {"source": 9, "prod": 250.0, "target": 90, "value": 0.14961901303581279, "supply": [{"l": "Milk - Excluding Butter", "v": 0.14961901303581279}]}, {"source": 89, "prod": 3.0, "target": 1, "value": 0.0041997309003729156, "supply": [{"l": "Bovine Meat", "v": 0.002578795144586532}, {"l": "Eggs", "v": 0.0016209357557863836}]}, {"source": 6, "prod": 20.0, "target": 90, "value": 0.094333703523333354, "supply": [{"l": "Soyabeans", "v": 0.094333703523333354}]}, {"source": 52, "prod": 300.0, "target": 90, "value": 0.20648952038346746, "supply": [{"l": "Potatoes", "v": 0.20648952038346746}]}, {"source": 3, "prod": 2.0, "target": 90, "value": 0.0019821089456264589, "supply": [{"l": "Pelagic Fish", "v": 0.0019821089456264589}]}, {"source": 28, "prod": 3.0, "target": 90, "value": 0.0099234155654415596, "supply": [{"l": "Honey", "v": 0.0099234155654415596}]}, {"source": 69, "prod": 5.0, "target": 90, "value": 0.008260184699378172, "supply": [{"l": "Poultry Meat", "v": 0.008260184699378172}]}, {"source": 2, "prod": 3.0, "target": 90, "value": 0.007828924165358608, "supply": [{"l": "Maize", "v": 0.007828924165358608}]}, {"source": 50, "prod": 3.0, "target": 90, "value": 0.0056318348497894424, "supply": [{"l": "Pigmeat", "v": 0.0056318348497894424}]}, {"source": 67, "prod": 3.0, "target": 90, "value": 0.0014020238505302754, "supply": [{"l": "Fruits, Other", "v": 0.0014020238505302754}]}, {"source": 59, "prod": 12.0, "target": 90, "value": 0.0066191921909171635, "supply": [{"l": "Apples", "v": 0.0066191921909171635}]}, {"source": 53, "prod": 15.0, "target": 90, "value": 0.015805913090345746, "supply": [{"l": "Freshwater Fish", "v": 0.015805913090345746}]}, {"source": 89, "prod": 78.0, "target": 46, "value": 0.30101027215172732, "supply": [{"l": "Oilcrops, Other", "v": 0.30101027215172732}]}, {"source": 89, "prod": 33.0, "target": 78, "value": 0.15577933566885505, "supply": [{"l": "Sugar", "v": 0.097385676284382369}, {"l": "Butter, Ghee", "v": 0.058393659384472676}]}, {"source": 61, "prod": 3.0, "target": 90, "value": 0.0089798429315480766, "supply": [{"l": "Mutton & Goat Meat", "v": 0.0089798429315480766}]}, {"source": 4, "prod": 2708.0, "target": 90, "value": 8.2014889236533541, "supply": [{"l": "Wheat", "v": 8.2014889236533541}]}, {"source": 1, "prod": 361.0, "target": 69, "value": 0.59638533529510407, "supply": [{"l": "Poultry Meat", "v": 0.59638533529510407}]}, {"source": 1, "prod": 574.0, "target": 50, "value": 1.0775577345930467, "supply": [{"l": "Pigmeat", "v": 1.0775577345930467}]}, {"source": 1, "prod": 415.0, "target": 3, "value": 0.41128760621749028, "supply": [{"l": "Pelagic Fish", "v": 0.4320997501465681}]}, {"source": 1, "prod": 6.0, "target": 87, "value": 0.0036575861548864236, "supply": [{"l": "Meat, Aquatic Mammals", "v": 0.0036575861548864236}]}, {"source": 1, "prod": 36.0, "target": 37, "value": 0.013523946876796464, "supply": [{"l": "Crustaceans", "v": 0.013523946876796464}]}, {"source": 1, "prod": 282.0, "target": 38, "value": 0.4571038831317602, "supply": [{"l": "Eggs", "v": 0.47979698371276958}]}, {"source": 1, "prod": 99.0, "target": 68, "value": 0.032578034821430235, "supply": [{"l": "Molluscs, Other", "v": 0.032578034821430235}]}, {"source": 1, "prod": 36.0, "target": 88, "value": 0.01818127731880078, "supply": [{"l": "Aquatic Products, Other", "v": 0.01818127731880078}]}, {"source": 1, "prod": 8475.0, "target": 9, "value": 5.0720845419140543, "supply": [{"l": "Milk - Excluding Butter", "v": 5.0720845419140543}]}, {"source": 1, "prod": 54.0, "target": 10, "value": 0.061954297178837839, "supply": [{"l": "Offals, Edible", "v": 0.061954297178837839}]}, {"source": 1, "prod": 1.0, "target": 42, "value": 0.0010107182520357142, "supply": [{"l": "Marine Fish, Other", "v": 0.0060643095122142861}]}, {"source": 1, "prod": 30.0, "target": 86, "value": 0.015151064432333983, "supply": [{"l": "Aquatic Plants", "v": 0.015151064432333983}]}, {"source": 1, "prod": 1361.0, "target": 13, "value": 0.82966245946673711, "supply": [{"l": "Fish, Seafood", "v": 0.84855998793365039}]}, {"source": 1, "prod": 890.0, "target": 73, "value": 1.1475638393410068, "supply": [{"l": "Bovine Meat", "v": 1.1475638393410068}]}, {"source": 1, "prod": 662.0, "target": 71, "value": 0.26511330452453774, "supply": [{"l": "Demersal Fish", "v": 0.26511330452453774}]}, {"source": 1, "prod": 25.0, "target": 15, "value": 0.06632838528984375, "supply": [{"l": "Meat, Other", "v": 0.06632838528984375}]}, {"source": 1, "prod": 148.0, "target": 53, "value": 0.15595167582474467, "supply": [{"l": "Freshwater Fish", "v": 0.15595167582474467}]}, {"source": 1, "prod": 34.0, "target": 61, "value": 0.10177155322421154, "supply": [{"l": "Mutton & Goat Meat", "v": 0.10177155322421154}]}, {"source": 78, "prod": 974.0, "target": 23, "value": 3.6482172577303236, "supply": [{"l": "Sugar", "v": 3.6482172577303236}]}, {"source": 78, "prod": 9.0, "target": 24, "value": 0.089416308339670222, "supply": [{"l": "Maize Germ Oil", "v": 0.089416308339670222}]}, {"source": 78, "prod": 1423.0, "target": 25, "value": 0.69680056268078716, "supply": [{"l": "Beer", "v": 0.69680056268078716}]}, {"source": 78, "prod": 15.0, "target": 19, "value": 0.14046011002555148, "supply": [{"l": "Groundnut Oil", "v": 0.14046011002555148}]}, {"source": 78, "prod": 128.0, "target": 27, "value": 0.43038584736190105, "supply": [{"l": "Beverages, Alcoholic", "v": 0.43038584736190105}]}, {"source": 78, "prod": 172.0, "target": 30, "value": 1.4348156305899002, "supply": [{"l": "Butter, Ghee", "v": 1.4348156305899002}]}, {"source": 78, "prod": 387.0, "target": 32, "value": 3.2228599084874263, "supply": [{"l": "Fats, Animals, Raw", "v": 3.2228599084874263}]}, {"source": 78, "prod": 100.0, "target": 34, "value": 0.91348459740949373, "supply": [{"l": "Soyabean Oil", "v": 0.91348459740949373}]}, {"source": 78, "prod": 17.0, "target": 45, "value": 0.15463989256146432, "supply": [{"l": "Palm Oil", "v": 0.15463989256146432}]}, {"source": 78, "prod": 2.0, "target": 48, "value": 0.0169800666342, "supply": [{"l": "Sunflowerseed Oil", "v": 0.0169800666342}]}, {"source": 78, "prod": 2.0, "target": 49, "value": 0.02122508329275, "supply": [{"l": "Olive Oil", "v": 0.02122508329275}]}, {"source": 78, "prod": 19.0, "target": 41, "value": 0.17533764459228263, "supply": [{"l": "Coconut Oil", "v": 0.17533764459228263}]}, {"source": 78, "prod": 38.0, "target": 56, "value": 0.37006556988065292, "supply": [{"l": "Rape and Mustard Oil", "v": 0.37006556988065292}]}, {"source": 78, "prod": 64.0, "target": 80, "value": 0.59495374140291557, "supply": [{"l": "Oilcrops Oil, Other", "v": 0.59495374140291557}]}, {"source": 78, "prod": 48.0, "target": 47, "value": 0.042627782345271967, "supply": [{"l": "Wine", "v": 0.042627782345271967}]}, {"source": 78, "prod": 35.0, "target": 62, "value": 0.13109610269051469, "supply": [{"l": "Sweeteners, Other", "v": 0.13109610269051469}]}, {"source": 78, "prod": 180.0, "target": 64, "value": 0.085279352515513412, "supply": [{"l": "Beverages, Fermented", "v": 0.085279352515513412}]}, {"source": 78, "prod": 33.0, "target": 8, "value": 0.27481751157644718, "supply": [{"l": "Fish, Body Oil", "v": 0.27481751157644718}]}, {"source": 78, "prod": 23.0, "target": 28, "value": 0.076079519335051957, "supply": [{"l": "Honey", "v": 0.076079519335051957}]}, {"source": 78, "prod": 14.0, "target": 74, "value": 0.11428891003788461, "supply": [{"l": "Cottonseed Oil", "v": 0.11428891003788461}]}, {"source": 78, "prod": 5.0, "target": 75, "value": 0.04716685176166667, "supply": [{"l": "Palmkernel Oil", "v": 0.04716685176166667}]}, {"source": 78, "prod": 90.0, "target": 77, "value": 0.20467044603723217, "supply": [{"l": "Cream", "v": 0.20467044603723217}]}, {"source": 2, "prod": 3964.0, "target": 91, "value": 13.821146640240002, "supply": [{"l": "Maize", "v": 13.821146640240002}]}, {"source": 18, "prod": 3.5, "target": 91, "value": 0.01220333331, "supply": [{"l": "Olives", "v": 0.01220333331}]}, {"source": 7, "prod": 933.0, "target": 91, "value": 3.25305999378, "supply": [{"l": "Rye", "v": 3.25305999378}]}, {"source": 12, "prod": 13116.0, "target": 91, "value": 45.731119912559997, "supply": [{"l": "Barley", "v": 45.731119912559997}]}, {"source": 29, "prod": 45.0, "target": 91, "value": 0.15689999969999999, "supply": [{"l": "Rice", "v": 0.15689999969999999}]}, {"source": 31, "prod": 423.5, "target": 91, "value": 1.4766033305100001, "supply": [{"l": "Tomatoes", "v": 1.4766033305100001}]}, {"source": 0, "prod": 15.0, "target": 91, "value": 0.052299999899999998, "supply": [{"l": "Sunflower seed", "v": 0.052299999899999998}]}, {"source": 16, "prod": 3409.0, "target": 91, "value": 13.259005781420594, "supply": [{"l": "Cereals, Other", "v": 13.259005781420594}]}, {"source": 4, "prod": 45053.0, "target": 91, "value": 157.08479303298, "supply": [{"l": "Wheat", "v": 157.08479303298}]}, {"source": 35, "prod": 13.0, "target": 91, "value": 0.045326666580000001, "supply": [{"l": "Coconuts - Incl Copra", "v": 0.045326666580000001}]}, {"source": 39, "prod": 986.0, "target": 91, "value": 3.43785332676, "supply": [{"l": "Vegetables, Other", "v": 3.43785332676}]}, {"source": 40, "prod": 36.5, "target": 91, "value": 0.12726333309000001, "supply": [{"l": "Peas", "v": 0.12726333309000001}]}, {"source": 44, "prod": 22.5, "target": 91, "value": 0.078449999849999993, "supply": [{"l": "Groundnuts", "v": 0.078449999849999993}]}, {"source": 46, "prod": 599.5, "target": 91, "value": 2.0902566626700003, "supply": [{"l": "Oilcrops, Other", "v": 2.0902566626700003}]}, {"source": 5, "prod": 11823.0, "target": 91, "value": 41.222859921180003, "supply": [{"l": "Oats", "v": 41.222859921180003}]}, {"source": 6, "prod": 461.5, "target": 91, "value": 1.6090966635900004, "supply": [{"l": "Soyabeans", "v": 1.6090966635900004}]}, {"source": 52, "prod": 1283.25, "target": 91, "value": 4.4742649914450006, "supply": [{"l": "Potatoes", "v": 4.4742649914450006}]}, {"source": 58, "prod": 72.0, "target": 91, "value": 0.25103999952000006, "supply": [{"l": "Beans", "v": 0.25103999952000006}]}, {"source": 14, "prod": 422.80000000000001, "target": 91, "value": 0.49138755461600009, "supply": [{"l": "Sugar beet", "v": 0.49138755461600009}]}, {"source": 70, "prod": 1.0, "target": 91, "value": 0.0058032149588955429, "supply": [{"l": "Sweet potatoes", "v": 0.0058032149588955429}]}, {"source": 11, "prod": 660.0, "target": 91, "value": 0.69303764412320323, "supply": [{"l": "Rape and Mustardseed", "v": 0.69303764412320323}]}, {"source": 76, "prod": 102.5, "target": 91, "value": 0.35738333265, "supply": [{"l": "Onions", "v": 0.35738333265}]}, {"source": 81, "prod": 6.25, "target": 91, "value": 0.034301135679595258, "supply": [{"l": "Cassava", "v": 0.034301135679595258}]}, {"source": 92, "prod": 1.3076780539706799e-14, "target": 78, "value": 5.5511151231257827e-17, "supply": [{"l": "Oil Palm", "v": 5.5511151231257827e-17}]}, {"source": 93, "prod": 0, "target": 0, "value": 5.7351119767924912e-07, "supply": "[{\"l\":'Energy for power irrigation',\"v\":5.7351119767924912e-07}]"}, {"source": 93, "prod": 0, "target": 2, "value": 7.5779946253351439e-05, "supply": "[{\"l\":'Energy for power irrigation',\"v\":7.5779946253351439e-05}]"}, {"source": 93, "prod": 0, "target": 39, "value": 3.7698802727449308e-05, "supply": "[{\"l\":'Energy for power irrigation',\"v\":3.7698802727449308e-05}]"}, {"source": 93, "prod": 0, "target": 4, "value": 0.00086127999963477367, "supply": "[{\"l\":'Energy for power irrigation',\"v\":0.00086127999963477367}]"}, {"source": 93, "prod": 0, "target": 5, "value": 0.00022602076300539206, "supply": "[{\"l\":'Energy for power irrigation',\"v\":0.00022602076300539206}]"}, {"source": 93, "prod": 0, "target": 6, "value": 1.7645027848598229e-05, "supply": "[{\"l\":'Energy for power irrigation',\"v\":1.7645027848598229e-05}]"}, {"source": 93, "prod": 0, "target": 52, "value": 9.8127765922919507e-05, "supply": "[{\"l\":'Energy for power irrigation',\"v\":9.8127765922919507e-05}]"}, {"source": 93, "prod": 0, "target": 7, "value": 1.7836198247824647e-05, "supply": "[{\"l\":'Energy for power irrigation',\"v\":1.7836198247824647e-05}]"}, {"source": 93, "prod": 0, "target": 67, "value": 1.039966971791705e-05, "supply": "[{\"l\":'Energy for power irrigation',\"v\":1.039966971791705e-05}]"}, {"source": 93, "prod": 0, "target": 40, "value": 1.3955439143528393e-06, "supply": "[{\"l\":'Energy for power irrigation',\"v\":1.3955439143528393e-06}]"}, {"source": 93, "prod": 0, "target": 92, "value": 2.4998933563719812e-22, "supply": "[{\"l\":'Energy for power irrigation',\"v\":2.4998933563719812e-22}]"}, {"source": 93, "prod": 0, "target": 58, "value": 2.7528537488603956e-06, "supply": "[{\"l\":'Energy for power irrigation',\"v\":2.7528537488603956e-06}]"}, {"source": 93, "prod": 0, "target": 12, "value": 0.00025073909562536769, "supply": "[{\"l\":'Energy for power irrigation',\"v\":0.00025073909562536769}]"}, {"source": 93, "prod": 0, "target": 43, "value": 6.4042083740849478e-06, "supply": "[{\"l\":'Energy for power irrigation',\"v\":6.4042083740849478e-06}]"}, {"source": 93, "prod": 0, "target": 14, "value": 4.0413422396464418e-05, "supply": "[{\"l\":'Energy for power irrigation',\"v\":4.0413422396464418e-05}]"}, {"source": 93, "prod": 0, "target": 11, "value": 2.5234492697886957e-05, "supply": "[{\"l\":'Energy for power irrigation',\"v\":2.5234492697886957e-05}]"}, {"source": 93, "prod": 0, "target": 46, "value": 2.292133086724732e-05, "supply": "[{\"l\":'Energy for power irrigation',\"v\":2.292133086724732e-05}]"}, {"source": 93, "prod": 0, "target": 76, "value": 3.9189931841415349e-06, "supply": "[{\"l\":'Energy for power irrigation',\"v\":3.9189931841415349e-06}]"}, {"source": 93, "prod": 0, "target": 16, "value": 6.516998909628533e-05, "supply": "[{\"l\":'Energy for power irrigation',\"v\":6.516998909628533e-05}]"}, {"source": 93, "prod": 0, "target": 31, "value": 1.6192132814477464e-05, "supply": "[{\"l\":'Energy for power irrigation',\"v\":1.6192132814477464e-05}]"}, {"source": 93, "prod": 0, "target": 59, "value": 1.661270769277558e-05, "supply": "[{\"l\":'Energy for power irrigation',\"v\":1.661270769277558e-05}]"}, {"source": 93, "prod": 0, "target": 78, "value": 1.1088280553771772, "supply": "[{\"l\":'Electricity',\"v\":1.1088280553771772}]"}, {"source": 94, "prod": 0, "target": 93, "value": 0.53044304479103155, "supply": [{"l": "Coal", "v": 0.35178722163935527}, {"l": "Natural gas", "v": 0.11310851754335716}, {"l": "Oil", "v": 0.065547305608319117}]}, {"source": 95, "prod": 0, "target": 93, "value": 0.90329804950972625, "supply": [{"l": "Nuclear", "v": 0.001184454491169402}, {"l": "Hydroelectric", "v": 0.90211359501855681}, {"l": "Renewable", "v": 0.0}]}, {"source": 94, "prod": 0, "target": 0, "value": 0.012044503327701512, "supply": [{"l": "Motor Gasoline", "v": 0.0073443411878568732}, {"l": "Gas-Diesel oil", "v": 0.0029497261348885081}, {"l": "Natural gas (including LNG)", "v": 0.0011031795268798032}, {"l": "Fuel oil", "v": 5.1911582141612088e-05}, {"l": "Liquefied petroleum gas (LPG)", "v": 0.00059534489593471339}]}, {"source": 94, "prod": 0, "target": 2, "value": 1.5914803730336262, "supply": [{"l": "Motor Gasoline", "v": 0.9704322822888215}, {"l": "Gas-Diesel oil", "v": 0.38975714662326821}, {"l": "Natural gas (including LNG)", "v": 0.14576678815171798}, {"l": "Fuel oil", "v": 0.0068592503869783434}, {"l": "Liquefied petroleum gas (LPG)", "v": 0.078664905582840117}]}, {"source": 94, "prod": 0, "target": 39, "value": 0.79172535207424599, "supply": [{"l": "Motor Gasoline", "v": 0.48276802741512514}, {"l": "Gas-Diesel oil", "v": 0.19389533126667127}, {"l": "Natural gas (including LNG)", "v": 0.072515667566899061}, {"l": "Fuel oil", "v": 0.0034123213327753011}, {"l": "Liquefied petroleum gas (LPG)", "v": 0.039134004492775154}]}, {"source": 94, "prod": 0, "target": 4, "value": 18.088033614097871, "supply": [{"l": "Motor Gasoline", "v": 11.029486784550524}, {"l": "Gas-Diesel oil", "v": 4.429800385171065}, {"l": "Natural gas (including LNG)", "v": 1.6567182408171923}, {"l": "Fuel oil", "v": 0.077959083674201637}, {"l": "Liquefied petroleum gas (LPG)", "v": 0.89406911988488802}]}, {"source": 94, "prod": 0, "target": 5, "value": 4.7467387614471654, "supply": [{"l": "Motor Gasoline", "v": 2.8944048621343939}, {"l": "Gas-Diesel oil", "v": 1.1624870697595611}, {"l": "Natural gas (including LNG)", "v": 0.43476305154333039}, {"l": "Fuel oil", "v": 0.020458354522009323}, {"l": "Liquefied petroleum gas (LPG)", "v": 0.23462542348787052}]}, {"source": 94, "prod": 0, "target": 6, "value": 0.37056921904894979, "supply": [{"l": "Motor Gasoline", "v": 0.22596089721306314}, {"l": "Gas-Diesel oil", "v": 0.090753240750069769}, {"l": "Natural gas (including LNG)", "v": 0.033941156777001942}, {"l": "Fuel oil", "v": 0.001597146343890265}, {"l": "Liquefied petroleum gas (LPG)", "v": 0.018316777964924681}]}, {"source": 94, "prod": 0, "target": 52, "value": 2.0608145193697283, "supply": [{"l": "Motor Gasoline", "v": 1.2566167772423109}, {"l": "Gas-Diesel oil", "v": 0.50469814167942373}, {"l": "Natural gas (including LNG)", "v": 0.1887540170491343}, {"l": "Fuel oil", "v": 0.008882071704429827}, {"l": "Liquefied petroleum gas (LPG)", "v": 0.10186351169442945}]}, {"source": 94, "prod": 0, "target": 7, "value": 0.37458405349151697, "supply": [{"l": "Motor Gasoline", "v": 0.22840901094234875}, {"l": "Gas-Diesel oil", "v": 0.091736482795032603}, {"l": "Natural gas (including LNG)", "v": 0.034308883285961878}, {"l": "Fuel oil", "v": 0.0016144502046041358}, {"l": "Liquefied petroleum gas (LPG)", "v": 0.018515226263569582}]}, {"source": 94, "prod": 0, "target": 67, "value": 0.21840699367565408, "supply": [{"l": "Motor Gasoline", "v": 0.13317738687313796}, {"l": "Gas-Diesel oil", "v": 0.053488367245978281}, {"l": "Natural gas (including LNG)", "v": 0.02000432208742043}, {"l": "Fuel oil", "v": 0.00094133002283456582}, {"l": "Liquefied petroleum gas (LPG)", "v": 0.010795587446282801}]}, {"source": 94, "prod": 0, "target": 40, "value": 0.029308291430740343, "supply": [{"l": "Motor Gasoline", "v": 0.017871230223785058}, {"l": "Gas-Diesel oil", "v": 0.0071776669282287032}, {"l": "Natural gas (including LNG)", "v": 0.0026844035154075206}, {"l": "Fuel oil", "v": 0.00012631818321125605}, {"l": "Liquefied petroleum gas (LPG)", "v": 0.0014486725801078023}]}, {"source": 94, "prod": 0, "target": 92, "value": 5.2501108908706968e-18, "supply": [{"l": "Motor Gasoline", "v": 3.2013445974111291e-18}, {"l": "Gas-Diesel oil", "v": 1.2857640439391532e-18}, {"l": "Natural gas (including LNG)", "v": 4.8086788563015874e-19}, {"l": "Fuel oil", "v": 2.2627878904494131e-20}, {"l": "Liquefied petroleum gas (LPG)", "v": 2.5950648498576095e-19}]}, {"source": 94, "prod": 0, "target": 58, "value": 0.057813615972967247, "supply": [{"l": "Motor Gasoline", "v": 0.035252837701712988}, {"l": "Gas-Diesel oil", "v": 0.014158685447464838}, {"l": "Natural gas (including LNG)", "v": 0.0052952617290230545}, {"l": "Fuel oil", "v": 0.00024917559427973797}, {"l": "Liquefied petroleum gas (LPG)", "v": 0.0028576555004866237}]}, {"source": 94, "prod": 0, "target": 12, "value": 5.2658568548711004, "supply": [{"l": "Motor Gasoline", "v": 3.2109459673310248}, {"l": "Gas-Diesel oil", "v": 1.2896202661732556}, {"l": "Natural gas (including LNG)", "v": 0.48231008915184986}, {"l": "Fuel oil", "v": 0.022695743712312803}, {"l": "Liquefied petroleum gas (LPG)", "v": 0.26028478850265663}]}, {"source": 94, "prod": 0, "target": 43, "value": 0.13449695382600019, "supply": [{"l": "Motor Gasoline", "v": 0.082011809931068408}, {"l": "Gas-Diesel oil", "v": 0.032938608506255004}, {"l": "Natural gas (including LNG)", "v": 0.0123188380501578}, {"l": "Fuel oil", "v": 0.0005796793339146682}, {"l": "Liquefied petroleum gas (LPG)", "v": 0.0066480180046042982}]}, {"source": 94, "prod": 0, "target": 14, "value": 0.84873600115869985, "supply": [{"l": "Motor Gasoline", "v": 0.51753124237098103}, {"l": "Gas-Diesel oil", "v": 0.20785736830514354}, {"l": "Natural gas (including LNG)", "v": 0.077737383994130133}, {"l": "Fuel oil", "v": 0.0036580361549122648}, {"l": "Liquefied petroleum gas (LPG)", "v": 0.041951970333532804}]}, {"source": 94, "prod": 0, "target": 11, "value": 0.52995814641886652, "supply": [{"l": "Motor Gasoline", "v": 0.32315101226570242}, {"l": "Gas-Diesel oil", "v": 0.12978794993509435}, {"l": "Natural gas (including LNG)", "v": 0.048539899182711337}, {"l": "Fuel oil", "v": 0.0022841096142309316}, {"l": "Liquefied petroleum gas (LPG)", "v": 0.026195175421127384}]}, {"source": 94, "prod": 0, "target": 46, "value": 0.48137864966380367, "supply": [{"l": "Motor Gasoline", "v": 0.29352883614134634}, {"l": "Gas-Diesel oil", "v": 0.11789072119104403}, {"l": "Natural gas (including LNG)", "v": 0.044090408424296124}, {"l": "Fuel oil", "v": 0.0020747328995930963}, {"l": "Liquefied petroleum gas (LPG)", "v": 0.023793951007524041}]}, {"source": 94, "prod": 0, "target": 76, "value": 0.08230410607262699, "supply": [{"l": "Motor Gasoline", "v": 0.050186331450355295}, {"l": "Gas-Diesel oil", "v": 0.020156461921738138}, {"l": "Natural gas (including LNG)", "v": 0.0075383934336786538}, {"l": "Fuel oil", "v": 0.00035472914463434923}, {"l": "Liquefied petroleum gas (LPG)", "v": 0.0040681901222205403}]}, {"source": 94, "prod": 0, "target": 16, "value": 1.3686570614711482, "supply": [{"l": "Motor Gasoline", "v": 0.83456197031346935}, {"l": "Gas-Diesel oil", "v": 0.33518721312783079}, {"l": "Natural gas (including LNG)", "v": 0.12535796690444162}, {"l": "Fuel oil", "v": 0.0058988861173585195}, {"l": "Liquefied petroleum gas (LPG)", "v": 0.067651025008047913}]}, {"source": 94, "prod": 0, "target": 31, "value": 0.34005647728543931, "supply": [{"l": "Motor Gasoline", "v": 0.20735523287049237}, {"l": "Gas-Diesel oil", "v": 0.083280601208352206}, {"l": "Natural gas (including LNG)", "v": 0.031146435308906439}, {"l": "Fuel oil", "v": 0.0014656370024648479}, {"l": "Liquefied petroleum gas (LPG)", "v": 0.016808570895223408}]}, {"source": 94, "prod": 0, "target": 59, "value": 0.34888911305908704, "supply": [{"l": "Motor Gasoline", "v": 0.21274108307492073}, {"l": "Gas-Diesel oil", "v": 0.085443733707270444}, {"l": "Natural gas (including LNG)", "v": 0.031955433628618295}, {"l": "Fuel oil", "v": 0.0015037054960353631}, {"l": "Liquefied petroleum gas (LPG)", "v": 0.017245157152242195}]}, {"source": 96, "prod": 0.25618162512221537, "target": 0, "value": 0.0022281715868496636, "supply": [{"l": "Potash", "v": 0.41434239199814055}, {"l": "Phosphate", "v": 1.5737146679256382}, {"l": "Nitrogen", "v": 5.0766580457279922}]}, {"source": 96, "prod": 33.850132066148724, "target": 2, "value": 0.29441573900906887, "supply": [{"l": "Potash", "v": 0.41434239199814055}, {"l": "Phosphate", "v": 1.5737146679256382}, {"l": "Nitrogen", "v": 5.0766580457279922}]}, {"source": 96, "prod": 16.839672158033622, "target": 39, "value": 0.14646514564225122, "supply": [{"l": "Potash", "v": 0.41434239199814055}, {"l": "Phosphate", "v": 1.5737146679256382}, {"l": "Nitrogen", "v": 5.0766580457279922}]}, {"source": 96, "prod": 384.72502522103895, "target": 4, "value": 3.3461938167445964, "supply": [{"l": "Potash", "v": 0.41434239199814055}, {"l": "Phosphate", "v": 1.5737146679256382}, {"l": "Nitrogen", "v": 5.0766580457279922}]}, {"source": 96, "prod": 100.96117846066507, "target": 5, "value": 0.87812242237745242, "supply": [{"l": "Potash", "v": 0.41434239199814055}, {"l": "Phosphate", "v": 1.5737146679256382}, {"l": "Nitrogen", "v": 5.0766580457279922}]}, {"source": 96, "prod": 7.8818546662601587, "target": 6, "value": 0.068553412488741319, "supply": [{"l": "Potash", "v": 0.41434239199814055}, {"l": "Phosphate", "v": 1.5737146679256382}, {"l": "Nitrogen", "v": 5.0766580457279922}]}, {"source": 96, "prod": 43.832676058411046, "target": 52, "value": 0.38124015850997739, "supply": [{"l": "Potash", "v": 0.41434239199814055}, {"l": "Phosphate", "v": 1.5737146679256382}, {"l": "Nitrogen", "v": 5.0766580457279922}]}, {"source": 96, "prod": 7.9672485413008971, "target": 7, "value": 0.069296136351024537, "supply": [{"l": "Potash", "v": 0.41434239199814055}, {"l": "Phosphate", "v": 1.5737146679256382}, {"l": "Nitrogen", "v": 5.0766580457279922}]}, {"source": 96, "prod": 4.6454268022161713, "target": 67, "value": 0.040404178108207234, "supply": [{"l": "Potash", "v": 0.41434239199814055}, {"l": "Phosphate", "v": 1.5737146679256382}, {"l": "Nitrogen", "v": 5.0766580457279922}]}, {"source": 96, "prod": 0.62337528779739071, "target": 40, "value": 0.0054218841946675148, "supply": [{"l": "Potash", "v": 0.41434239199814055}, {"l": "Phosphate", "v": 1.5737146679256382}, {"l": "Nitrogen", "v": 5.0766580457279922}]}, {"source": 96, "prod": 1.1166769633428828e-16, "target": 92, "value": 9.7124369486810995e-19, "supply": [{"l": "Potash", "v": 0.41434239199814055}, {"l": "Phosphate", "v": 1.5737146679256382}, {"l": "Nitrogen", "v": 5.0766580457279922}]}, {"source": 96, "prod": 1.2296718005866336, "target": 58, "value": 0.010695223616878384, "supply": [{"l": "Potash", "v": 0.41434239199814055}, {"l": "Phosphate", "v": 1.5737146679256382}, {"l": "Nitrogen", "v": 5.0766580457279922}]}, {"source": 96, "prod": 112.00260650343255, "target": 12, "value": 0.97415661777067286, "supply": [{"l": "Potash", "v": 0.41434239199814055}, {"l": "Phosphate", "v": 1.5737146679256382}, {"l": "Nitrogen", "v": 5.0766580457279922}]}, {"source": 96, "prod": 2.8606948138647379, "target": 43, "value": 0.024881249386487909, "supply": [{"l": "Potash", "v": 0.41434239199814055}, {"l": "Phosphate", "v": 1.5737146679256382}, {"l": "Nitrogen", "v": 5.0766580457279922}]}, {"source": 96, "prod": 18.052265183612111, "target": 14, "value": 0.15701182448667297, "supply": [{"l": "Potash", "v": 0.41434239199814055}, {"l": "Phosphate", "v": 1.5737146679256382}, {"l": "Nitrogen", "v": 5.0766580457279922}]}, {"source": 96, "prod": 11.271991505377475, "target": 11, "value": 0.0980395498213852, "supply": [{"l": "Potash", "v": 0.41434239199814055}, {"l": "Phosphate", "v": 1.5737146679256382}, {"l": "Nitrogen", "v": 5.0766580457279922}]}, {"source": 96, "prod": 10.238725617384539, "target": 46, "value": 0.089052591087758218, "supply": [{"l": "Potash", "v": 0.41434239199814055}, {"l": "Phosphate", "v": 1.5737146679256382}, {"l": "Nitrogen", "v": 5.0766580457279922}]}, {"source": 96, "prod": 1.750574438335138, "target": 76, "value": 0.015225839176806033, "supply": [{"l": "Potash", "v": 0.41434239199814055}, {"l": "Phosphate", "v": 1.5737146679256382}, {"l": "Nitrogen", "v": 5.0766580457279922}]}, {"source": 96, "prod": 29.110772001387737, "target": 16, "value": 0.25319456465235007, "supply": [{"l": "Potash", "v": 0.41434239199814055}, {"l": "Phosphate", "v": 1.5737146679256382}, {"l": "Nitrogen", "v": 5.0766580457279922}]}, {"source": 96, "prod": 7.232861215950547, "target": 31, "value": 0.062908711135388831, "supply": [{"l": "Potash", "v": 0.41434239199814055}, {"l": "Phosphate", "v": 1.5737146679256382}, {"l": "Nitrogen", "v": 5.0766580457279922}]}, {"source": 96, "prod": 7.42072774104017, "target": 59, "value": 0.064542703632411907, "supply": [{"l": "Potash", "v": 0.41434239199814055}, {"l": "Phosphate", "v": 1.5737146679256382}, {"l": "Nitrogen", "v": 5.0766580457279922}]}, {"source": 94, "prod": 0, "target": 96, "value": 8.6802479354973183, "supply": [{"l": "Natural gas (including LNG)", "v": 5.8612058630943338}, {"l": "Fuel oil", "v": 1.921635206506034}, {"l": "Liquefied petroleum gas (LPG)", "v": 0.44870343294847542}, {"l": "Coal", "v": 0.44870343294847542}]}, {"source": 97, "prod": 0, "target": 2, "value": 0.020964449250492737, "supply": "[{\"l\":'Labor',\"v\":0.020964449250492737}]"}, {"source": 97, "prod": 0, "target": 18, "value": 3.7020974963029555e-05, "supply": "[{\"l\":'Labor',\"v\":3.7020974963029555e-05}]"}, {"source": 97, "prod": 0, "target": 7, "value": 0.004934367091500939, "supply": "[{\"l\":'Labor',\"v\":0.004934367091500939}]"}, {"source": 97, "prod": 0, "target": 21, "value": 0.00013750647843410979, "supply": "[{\"l\":'Labor',\"v\":0.00013750647843410979}]"}, {"source": 97, "prod": 0, "target": 20, "value": 1.5866132127012666e-05, "supply": "[{\"l\":'Labor',\"v\":1.5866132127012666e-05}]"}, {"source": 97, "prod": 0, "target": 12, "value": 0.069366729659299381, "supply": "[{\"l\":'Labor',\"v\":0.069366729659299381}]"}, {"source": 97, "prod": 0, "target": 51, "value": 0.00014279518914311399, "supply": "[{\"l\":'Labor',\"v\":0.00014279518914311399}]"}, {"source": 97, "prod": 0, "target": 29, "value": 0.00023799198190519, "supply": "[{\"l\":'Labor',\"v\":0.00023799198190519}]"}, {"source": 97, "prod": 0, "target": 31, "value": 0.0044795379705265762, "supply": "[{\"l\":'Labor',\"v\":0.0044795379705265762}]"}, {"source": 97, "prod": 0, "target": 0, "value": 0.00015866132127012668, "supply": "[{\"l\":'Labor',\"v\":0.00015866132127012668}]"}, {"source": 97, "prod": 0, "target": 16, "value": 0.018029214806995392, "supply": "[{\"l\":'Labor',\"v\":0.018029214806995392}]"}, {"source": 97, "prod": 0, "target": 33, "value": 0.00042309685672033777, "supply": "[{\"l\":'Labor',\"v\":0.00042309685672033777}]"}, {"source": 97, "prod": 0, "target": 4, "value": 0.23827228357276722, "supply": "[{\"l\":'Labor',\"v\":0.23827228357276722}]"}, {"source": 97, "prod": 0, "target": 35, "value": 0.00013750647843410979, "supply": "[{\"l\":'Labor',\"v\":0.00013750647843410979}]"}, {"source": 97, "prod": 0, "target": 36, "value": 0.00013750647843410979, "supply": "[{\"l\":'Labor',\"v\":0.00013750647843410979}]"}, {"source": 97, "prod": 0, "target": 39, "value": 0.010429337518156327, "supply": "[{\"l\":'Labor',\"v\":0.010429337518156327}]"}, {"source": 97, "prod": 0, "target": 40, "value": 0.00038607588175730822, "supply": "[{\"l\":'Labor',\"v\":0.00038607588175730822}]"}, {"source": 97, "prod": 0, "target": 70, "value": 2.1154842836016888e-05, "supply": "[{\"l\":'Labor',\"v\":2.1154842836016888e-05}]"}, {"source": 97, "prod": 0, "target": 43, "value": 0.0017717180875164143, "supply": "[{\"l\":'Labor',\"v\":0.0017717180875164143}]"}, {"source": 97, "prod": 0, "target": 44, "value": 0.00023799198190519, "supply": "[{\"l\":'Labor',\"v\":0.00023799198190519}]"}, {"source": 97, "prod": 0, "target": 46, "value": 0.0063411641400960622, "supply": "[{\"l\":'Labor',\"v\":0.0063411641400960622}]"}, {"source": 97, "prod": 0, "target": 22, "value": 1.5866132127012666e-05, "supply": "[{\"l\":'Labor',\"v\":1.5866132127012666e-05}]"}, {"source": 97, "prod": 0, "target": 5, "value": 0.062528426712556914, "supply": "[{\"l\":'Labor',\"v\":0.062528426712556914}]"}, {"source": 97, "prod": 0, "target": 6, "value": 0.0048814799844108976, "supply": "[{\"l\":'Labor',\"v\":0.0048814799844108976}]"}, {"source": 97, "prod": 0, "target": 52, "value": 0.027146952069318671, "supply": "[{\"l\":'Labor',\"v\":0.027146952069318671}]"}, {"source": 97, "prod": 0, "target": 54, "value": 5.2887107090042221e-06, "supply": "[{\"l\":'Labor',\"v\":5.2887107090042221e-06}]"}, {"source": 97, "prod": 0, "target": 55, "value": 1.0577421418008444e-05, "supply": "[{\"l\":'Labor',\"v\":1.0577421418008444e-05}]"}, {"source": 97, "prod": 0, "target": 26, "value": 0.00051300493877340955, "supply": "[{\"l\":'Labor',\"v\":0.00051300493877340955}]"}, {"source": 97, "prod": 0, "target": 92, "value": 6.9159309279645366e-20, "supply": "[{\"l\":'Labor',\"v\":6.9159309279645366e-20}]"}, {"source": 97, "prod": 0, "target": 57, "value": 0.00015866132127012668, "supply": "[{\"l\":'Labor',\"v\":0.00015866132127012668}]"}, {"source": 97, "prod": 0, "target": 58, "value": 0.00076157434209660798, "supply": "[{\"l\":'Labor',\"v\":0.00076157434209660798}]"}, {"source": 97, "prod": 0, "target": 59, "value": 0.0045958896061246684, "supply": "[{\"l\":'Labor',\"v\":0.0045958896061246684}]"}, {"source": 97, "prod": 0, "target": 14, "value": 0.011180334438834927, "supply": "[{\"l\":'Labor',\"v\":0.011180334438834927}]"}, {"source": 97, "prod": 0, "target": 60, "value": 0.00012692905701610133, "supply": "[{\"l\":'Labor',\"v\":0.00012692905701610133}]"}, {"source": 97, "prod": 0, "target": 63, "value": 0.00092023566336673463, "supply": "[{\"l\":'Labor',\"v\":0.00092023566336673463}]"}, {"source": 97, "prod": 0, "target": 65, "value": 5.2887107090042221e-06, "supply": "[{\"l\":'Labor',\"v\":5.2887107090042221e-06}]"}, {"source": 97, "prod": 0, "target": 66, "value": 0.00011106292488908867, "supply": "[{\"l\":'Labor',\"v\":0.00011106292488908867}]"}, {"source": 97, "prod": 0, "target": 67, "value": 0.002877058625698297, "supply": "[{\"l\":'Labor',\"v\":0.002877058625698297}]"}, {"source": 97, "prod": 0, "target": 11, "value": 0.0069810981358855734, "supply": "[{\"l\":'Labor',\"v\":0.0069810981358855734}]"}, {"source": 97, "prod": 0, "target": 72, "value": 0.002358764976215883, "supply": "[{\"l\":'Labor',\"v\":0.002358764976215883}]"}, {"source": 97, "prod": 0, "target": 81, "value": 0.00013221776772510556, "supply": "[{\"l\":'Labor',\"v\":0.00013221776772510556}]"}, {"source": 97, "prod": 0, "target": 76, "value": 0.0010841856953458654, "supply": "[{\"l\":'Labor',\"v\":0.0010841856953458654}]"}, {"source": 94, "prod": 0, "target": 84, "value": 16.722126113905158, "supply": "[{\"l\":'Fossil Fuels',\"v\":16.722126113905158}]"}, {"source": 95, "prod": 0, "target": 84, "value": 2.816832452842235, "supply": "[{\"l\":'Renewables & Nuclear',\"v\":2.0887096181197693},{\"l\":'Biomass & Waste',\"v\":0.72812283472246564}]"}]}