{"nodes": [{"layer": 13, "name": "Meat"}, {"layer": 10, "name": "Feed", "fill": "#dbdb8d"}, {"layer": 5, "name": "Sugar Crops", "fill": "#ffbb78"}, {"layer": 13, "name": "Animal Fats"}, {"layer": 13, "name": "Milk - Excluding Butter"}, {"layer": 13, "name": "Fish, Seafood"}, {"layer": 5, "name": "Cereals - Excluding Beer"}, {"layer": 5, "name": "Oilcrops", "fill": "#ff9896"}, {"layer": 16, "name": "Food", "fill": "#b5cf6b"}, {"layer": 5, "name": "Treenuts"}, {"layer": 5, "name": "Vegetables"}, {"layer": 5, "name": "Others"}, {"layer": 13, "name": "Alcoholic Beverages"}, {"layer": 5, "name": "Starchy Roots"}, {"layer": 5, "name": "Pulses"}, {"layer": 13, "name": "Sugar & Sweeteners"}, {"layer": 13, "name": "Vegetable Oils", "fill": "#f7b6d2"}, {"layer": 5, "name": "Spices"}, {"layer": 5, "name": "Stimulants"}, {"layer": 13, "name": "Eggs"}, {"layer": 5, "name": "Fruits - Excluding Wine"}, {"layer": 10, "name": "Processing", "fill": "#9edae5"}, {"layer": 16, "name": "Biofuels & Other", "fill": "#e7ba52"}, {"layer": 13, "name": "Aquatic Products, Other"}, {"name": "Waste", "fill": "#c7c7c7"}, {"layer": 2, "name": "Import", "fill": "#aec7e8"}, {"layer": 16, "name": "Export", "fill": "#aec7e8"}, {"layer": 16, "name": "Stock Deposit", "fill": "#c7c7c7"}, {"layer": 0, "name": "Stock Draw", "fill": "#c7c7c7"}, {"layer": 2, "name": "Electricity", "fill": "#bcbd22"}, {"layer": 0, "name": "Fossil Fuels", "fill": "#c49c94"}, {"layer": 0, "name": "Renewables & Nuclear", "fill": "#2ca02c"}, {"layer": 2, "name": "Fertilizers", "fill": "#c5b0d5"}, {"layer": 0, "name": "Labor", "fill": "#7f7f7f"}], "links": [{"source": 0, "prod": 6.0, "target": 1, "value": 0.0066446262119477109, "supply": [{"l": "Offals, Edible", "v": 0.0022342192939736848}, {"l": "Meat, Other", "v": 0.0044104069179740262}]}, {"source": 2, "prod": 18.0, "target": 1, "value": 0.020919999960000001, "supply": [{"l": "Sugar beet", "v": 0.020919999960000001}]}, {"source": 3, "prod": 5.0, "target": 1, "value": 0.041617810377941183, "supply": [{"l": "Fish, Body Oil", "v": 0.041617810377941183}]}, {"source": 4, "prod": 439.0, "target": 1, "value": 0.24895604957238732, "supply": [{"l": "Milk - Excluding Butter", "v": 0.24895604957238732}]}, {"source": 5, "prod": 38.0, "target": 1, "value": 0.030953537841403082, "supply": [{"l": "Pelagic Fish", "v": 0.020382209948994586}, {"l": "Fish, Seafood", "v": 0.010571327892408494}]}, {"source": 6, "prod": 17604.0, "target": 1, "value": 49.4873639958913, "supply": [{"l": "Maize", "v": 12.817636948244132}, {"l": "Wheat", "v": 6.594072364865295}, {"l": "Oats", "v": 6.3626079801123936}, {"l": "Rye", "v": 0.26727882664944447}, {"l": "Barley", "v": 14.221953107942108}, {"l": "Cereals, Other", "v": 9.2238147680779292}]}, {"source": 7, "prod": 258.0, "target": 1, "value": 1.2827429623886066, "supply": [{"l": "Sunflower seed", "v": 0.024762597174875004}, {"l": "Soyabeans", "v": 0.030321547561071433}, {"l": "Rape and Mustardseed", "v": 1.2276588176526602}]}, {"source": 4, "prod": 5064.0, "target": 8, "value": 2.8717845900559671, "supply": [{"l": "Milk - Excluding Butter", "v": 2.8717845900559671}]}, {"source": 0, "prod": 2416.0, "target": 8, "value": 3.8523452706579846, "supply": [{"l": "Pigmeat", "v": 1.5922678269641839}, {"l": "Mutton & Goat Meat", "v": 0.05170212596951923}, {"l": "Poultry Meat", "v": 0.90489220592379027}, {"l": "Meat, Other", "v": 0.0022052034589870131}, {"l": "Offals, Edible", "v": 0.021225083292750004}, {"l": "Bovine Meat", "v": 1.2800528250487546}]}, {"source": 9, "prod": 65.0, "target": 8, "value": 0.17700918519614153, "supply": [{"l": "Treenuts", "v": 0.17700918519614153}]}, {"source": 10, "prod": 2361.0, "target": 8, "value": 0.72823626803317221, "supply": [{"l": "Tomatoes", "v": 0.13522752281164704}, {"l": "Vegetables, Other", "v": 0.54089512607997636}, {"l": "Onions", "v": 0.052113619141548793}]}, {"source": 11, "prod": 75.0, "target": 8, "value": 0.21945935178164153, "supply": [{"l": "Nuts", "v": 0.17700918519614153}, {"l": "Infant food", "v": 0.0424501665855}]}, {"source": 12, "prod": 2569.0, "target": 8, "value": 1.4245600655124002, "supply": [{"l": "Beer", "v": 0.98873768976007514}, {"l": "Beverages, Alcoholic", "v": 0.1549767986454762}, {"l": "Wine", "v": 0.12460756591559077}, {"l": "Beverages, Fermented", "v": 0.15623801119125832}]}, {"source": 3, "prod": 411.0, "target": 8, "value": 2.9332922342490848, "supply": [{"l": "Butter, Ghee", "v": 0.93223895246588251}, {"l": "Fats, Animals, Raw", "v": 1.7927226489361576}, {"l": "Cream", "v": 0.20833063284704487}]}, {"source": 13, "prod": 1924.0, "target": 8, "value": 1.3219295615548574, "supply": [{"l": "Sweet potatoes", "v": 0.010612541646375}, {"l": "Potatoes", "v": 1.3113170199084825}]}, {"source": 14, "prod": 55.0, "target": 8, "value": 0.21590829862464891, "supply": [{"l": "Peas", "v": 0.040428730081428582}, {"l": "Beans", "v": 0.091533171699984373}, {"l": "Pulses, Other", "v": 0.08394639684323596}]}, {"source": 5, "prod": 1010.0, "target": 8, "value": 0.56181513729016819, "supply": [{"l": "Freshwater Fish", "v": 0.062171110117346454}, {"l": "Crustaceans", "v": 0.010481522613703706}, {"l": "Marine Fish, Other", "v": 0.010188039980520001}, {"l": "Demersal Fish", "v": 0.10413097243525224}, {"l": "Pelagic Fish", "v": 0.072946856659559564}, {"l": "Fish, Seafood", "v": 0.28097476766664686}, {"l": "Molluscs, Other", "v": 0.020921867817139291}]}, {"source": 15, "prod": 1054.0, "target": 8, "value": 4.4046496203206225, "supply": [{"l": "Sugar", "v": 3.9970517633155374}, {"l": "Sweeteners, Other", "v": 0.34392260712683531}, {"l": "Honey", "v": 0.063675249878250004}]}, {"source": 6, "prod": 2130.0, "target": 8, "value": 6.5034796222167071, "supply": [{"l": "Maize", "v": 0.22902269710978204}, {"l": "Rye", "v": 0.040877938193444444}, {"l": "Barley", "v": 0.020651432392945947}, {"l": "Rice", "v": 0.37406833361312247}, {"l": "Cereals, Other", "v": 0.012128619024428572}, {"l": "Wheat", "v": 5.6693863550795864}, {"l": "Oats", "v": 0.15734424680339767}]}, {"source": 16, "prod": 355.0, "target": 8, "value": 3.3201173338322492, "supply": [{"l": "Maize Germ Oil", "v": 0.23106894801179384}, {"l": "Soyabean Oil", "v": 0.99616390920639986}, {"l": "Palm Oil", "v": 0.12511628046252632}, {"l": "Sunflowerseed Oil", "v": 0.14857558304925}, {"l": "Olive Oil", "v": 0.037733481409333337}, {"l": "Coconut Oil", "v": 0.095512874817374999}, {"l": "Rape and Mustard Oil", "v": 1.6034949717768114}, {"l": "Groundnut Oil", "v": 0.053062708231874998}, {"l": "Cottonseed Oil", "v": 0.029388576866884623}]}, {"source": 17, "prod": 5.0, "target": 8, "value": 0.023583425880833335, "supply": [{"l": "Pimento", "v": 0.010612541646375}, {"l": "Pepper", "v": 0.0094333703523333343}, {"l": "Spices, Other", "v": 0.0035375138821250002}]}, {"source": 18, "prod": 157.0, "target": 8, "value": 0.14620136374475265, "supply": [{"l": "Cocoa Beans", "v": 0.073211156864847832}, {"l": "Coffee", "v": 0.062761251076169866}, {"l": "Tea", "v": 0.010228955803734941}]}, {"source": 19, "prod": 312.0, "target": 8, "value": 0.51020294556534906, "supply": [{"l": "Eggs", "v": 0.51020294556534906}]}, {"source": 20, "prod": 2857.0, "target": 8, "value": 1.1763040251462229, "supply": [{"l": "Grapefruit", "v": 0.020840444221546951}, {"l": "Grapes", "v": 0.1662031945974661}, {"l": "Dates", "v": 0.0094333703523333343}, {"l": "Apples", "v": 0.28108321999746083}, {"l": "Lemons, Limes", "v": 0.012364126189951457}, {"l": "Pineapples", "v": 0.041302864785891895}, {"l": "Bananas", "v": 0.16651865956631537}, {"l": "Fruits, Other", "v": 0.20815518688917142}, {"l": "Oranges, Mandarines", "v": 0.27040295854608531}]}, {"source": 7, "prod": 124.0, "target": 8, "value": 0.55910134790533161, "supply": [{"l": "Olives", "v": 0.010884658098846154}, {"l": "Coconuts - Incl Copra", "v": 0.042045879284685714}, {"l": "Groundnuts", "v": 0.35266292240261543}, {"l": "Oilcrops, Other", "v": 0.020214365040714291}, {"l": "Soyabeans", "v": 0.021225083292750004}, {"l": "Rape and Mustardseed", "v": 0.11206843978572001}]}, {"source": 7, "prod": 2022.421052631579, "target": 21, "value": 8.2732225489848954, "supply": [{"l": "Sunflower seed", "v": 0.13442552752075002}, {"l": "Soyabeans", "v": 2.8199039231796434}, {"l": "Rape and Mustardseed", "v": 5.10930205023078}, {"l": "Oilcrops, Other", "v": 0.17384353935014288}, {"l": "Oil Palm", "v": 0.035747508703579012}]}, {"source": 2, "prod": 863.0, "target": 21, "value": 1.0029977758599999, "supply": [{"l": "Sugar beet", "v": 1.0029977758599999}]}, {"source": 3, "prod": 33.0, "target": 21, "value": 0.28718372531501551, "supply": [{"l": "Fats, Animals, Raw", "v": 0.28718372531501551}]}, {"source": 14, "prod": 7.0, "target": 21, "value": 0.028300111057000001, "supply": [{"l": "Peas", "v": 0.028300111057000001}]}, {"source": 20, "prod": 65.0, "target": 21, "value": 0.046767132678940684, "supply": [{"l": "Grapes", "v": 0.046767132678940684}]}, {"source": 6, "prod": 1431.0, "target": 21, "value": 3.5634573294592009, "supply": [{"l": "Maize", "v": 2.3894701398453928}, {"l": "Rye", "v": 0.16665620955788887}, {"l": "Barley", "v": 1.0073309800559189}]}, {"source": 4, "prod": 841.0, "target": 22, "value": 0.47692947082090603, "supply": [{"l": "Milk - Excluding Butter", "v": 0.47692947082090603}]}, {"source": 7, "prod": 34.0, "target": 22, "value": 0.13745768227685717, "supply": [{"l": "Oilcrops, Other", "v": 0.13745768227685717}]}, {"source": 3, "prod": 53.0, "target": 22, "value": 0.46047651781983678, "supply": [{"l": "Fats, Animals, Raw", "v": 0.44382939366866031}, {"l": "Fish, Body Oil", "v": 0.016647124151176473}]}, {"source": 13, "prod": 38.0, "target": 22, "value": 0.028779388506096577, "supply": [{"l": "Potatoes", "v": 0.021238676915968105}, {"l": "Cassava", "v": 0.0075407115901284707}]}, {"source": 23, "prod": 56.0, "target": 22, "value": 0.031157597998677667, "supply": [{"l": "Aquatic Products, Other", "v": 0.015578798999338834}, {"l": "Aquatic Plants", "v": 0.015578798999338834}]}, {"source": 5, "prod": 6.0, "target": 22, "value": 0.0052066709177684472, "supply": [{"l": "Fish, Seafood", "v": 0.0016691570356434469}, {"l": "Cephalopods", "v": 0.0035375138821250002}]}, {"source": 6, "prod": 131.0, "target": 22, "value": 0.34137207396289582, "supply": [{"l": "Maize", "v": 0.2799166298008447}, {"l": "Barley", "v": 0.0068838107976486483}, {"l": "Wheat", "v": 0.05457163336440244}]}, {"source": 16, "prod": 149.0, "target": 22, "value": 1.3966624236819709, "supply": [{"l": "Coconut Oil", "v": 0.078146897577852273}, {"l": "Rape and Mustard Oil", "v": 0.28464407783020318}, {"l": "Maize Germ Oil", "v": 0.0096278728338247428}, {"l": "Oilcrops Oil, Other", "v": 0.22771526226416261}, {"l": "Soyabean Oil", "v": 0.41657763475903997}, {"l": "Cottonseed Oil", "v": 0.019592384577923082}, {"l": "Palm Oil", "v": 0.24129568374915789}, {"l": "Palmkernel Oil", "v": 0.10915757121985717}, {"l": "Sunflowerseed Oil", "v": 0.0099050388699500006}]}, {"source": 7, "prod": 51.0, "target": 7, "value": 0.19909128128599501, "supply": [{"l": "Sunflower seed", "v": 0.0035375138821250002}, {"l": "Soyabeans", "v": 0.057610940366035729}, {"l": "Rape and Mustardseed", "v": 0.061128239883120009}, {"l": "Oilcrops, Other", "v": 0.076814587154714301}]}, {"source": 10, "prod": 9.0, "target": 10, "value": 0.0031305827232924683, "supply": [{"l": "Vegetables, Other", "v": 0.0031305827232924683}]}, {"source": 13, "prod": 228.0, "target": 13, "value": 0.15620704312389447, "supply": [{"l": "Potatoes", "v": 0.15620704312389447}]}, {"source": 14, "prod": 15.0, "target": 14, "value": 0.059772202358626139, "supply": [{"l": "Peas", "v": 0.036385857073285718}, {"l": "Beans", "v": 0.011939109352171875}, {"l": "Pulses, Other", "v": 0.011447235933168541}]}, {"source": 6, "prod": 1904.0, "target": 6, "value": 5.4977198713155131, "supply": [{"l": "Maize", "v": 0.068706809132934615}, {"l": "Wheat", "v": 3.4107270852751528}, {"l": "Oats", "v": 0.40811164014631274}, {"l": "Rye", "v": 0.10376707387566667}, {"l": "Barley", "v": 1.124355763615946}, {"l": "Cereals, Other", "v": 0.38205149926949999}]}, {"source": 19, "prod": 23.0, "target": 19, "value": 0.037611114576932787, "supply": [{"l": "Eggs", "v": 0.037611114576932787}]}, {"source": 7, "prod": 108.0, "target": 24, "value": 0.50964457140648867, "supply": [{"l": "Soyabeans", "v": 0.036385857073285718}, {"l": "Rape and Mustardseed", "v": 0.4126156192110601}, {"l": "Oilcrops, Other", "v": 0.060643095122142866}]}, {"source": 19, "prod": 3.0, "target": 24, "value": 0.0049057975535129724, "supply": [{"l": "Eggs", "v": 0.0049057975535129724}]}, {"source": 13, "prod": 211.0, "target": 24, "value": 0.14456002675062163, "supply": [{"l": "Potatoes", "v": 0.14456002675062163}]}, {"source": 14, "prod": 5.0, "target": 24, "value": 0.019860897562123146, "supply": [{"l": "Beans", "v": 0.0079594062347812505}, {"l": "Peas", "v": 0.0080857460162857154}, {"l": "Pulses, Other", "v": 0.0038157453110561797}]}, {"source": 20, "prod": 58.0, "target": 24, "value": 0.029894057325208376, "supply": [{"l": "Grapes", "v": 0.010792415233601695}, {"l": "Fruits, Other", "v": 0.0062639292350908085}, {"l": "Grapefruit", "v": 0.00041960625949423387}, {"l": "Lemons, Limes", "v": 0.00041213753966504852}, {"l": "Bananas", "v": 0.0034547439744048837}, {"l": "Apples", "v": 0.0057151856191720307}, {"l": "Oranges, Mandarines", "v": 0.0020711715973742704}, {"l": "Pineapples", "v": 0.00076486786640540534}]}, {"source": 6, "prod": 270.0, "target": 24, "value": 0.71374662244830833, "supply": [{"l": "Maize", "v": 0.53947568652526434}, {"l": "Oats", "v": 0.0024585038563030887}, {"l": "Rye", "v": 0.006288913568222222}, {"l": "Barley", "v": 0.027535243190594593}, {"l": "Cereals, Other", "v": 0.0060643095122142861}, {"l": "Rice", "v": 0.01368542683950448}, {"l": "Wheat", "v": 0.11823853895620527}]}, {"source": 10, "prod": 125.0, "target": 24, "value": 0.039635639538141899, "supply": [{"l": "Tomatoes", "v": 0.0055742642991060617}, {"l": "Vegetables, Other", "v": 0.030610142183304129}, {"l": "Onions", "v": 0.0034512330557317076}]}, {"source": 0, "prod": 82.0, "target": 24, "value": 0.15396929458851777, "supply": [{"l": "Pigmeat", "v": 0.15396929458851777}]}, {"source": 25, "prod": 81.0, "target": 11, "value": 0.2388422580338887, "supply": [{"l": "Infant food", "v": 0.050940199902600007}, {"l": "Nuts", "v": 0.18790205813128869}]}, {"source": 25, "prod": 863.0, "target": 1, "value": 0.62521658735581309, "supply": [{"l": "Pigmeat", "v": 0.0337981378365039}, {"l": "Meat, Other", "v": 0.0033078051884805199}, {"l": "Crustaceans", "v": 0.016246360051240742}, {"l": "Eggs", "v": 0.016352658511709906}, {"l": "Demersal Fish", "v": 0.015535669274614245}, {"l": "Mutton & Goat Meat", "v": 0.035375138821249999}, {"l": "Freshwater Fish", "v": 0.024066236174456693}, {"l": "Milk - Excluding Butter", "v": 0.20472240067342104}, {"l": "Pelagic Fish", "v": 0.04290991568209386}, {"l": "Fish, Seafood", "v": 0.10126219349570242}, {"l": "Molluscs, Other", "v": 0.0057610940366035722}, {"l": "Poultry Meat", "v": 0.020071546157274456}, {"l": "Offals, Edible", "v": 0.0033513289409605272}, {"l": "Bovine Meat", "v": 0.10245610251150113}]}, {"source": 25, "prod": 1547.0, "target": 6, "value": 4.4720039051184184, "supply": [{"l": "Maize", "v": 3.3640889508792431}, {"l": "Rice", "v": 0.40143918729213141}, {"l": "Cereals, Other", "v": 0.58217371317257149}, {"l": "Wheat", "v": 0.12430205377447223}]}, {"source": 25, "prod": 19.0, "target": 14, "value": 0.076182888247191966, "supply": [{"l": "Peas", "v": 0.036385857073285718}, {"l": "Beans", "v": 0.039797031173906254}]}, {"source": 25, "prod": 1314.0, "target": 21, "value": 5.6473844465834029, "supply": [{"l": "Sugar", "v": 3.7160418282240988}, {"l": "Maize Germ Oil", "v": 0.16367383817502063}, {"l": "Beer", "v": 0.023830864140798661}, {"l": "Groundnut Oil", "v": 0.053062708231874998}, {"l": "Beverages, Alcoholic", "v": 0.13139337276464289}, {"l": "Fats, Animals, Raw", "v": 0.1740507426151609}, {"l": "Soyabean Oil", "v": 0.10867242645888001}, {"l": "Palm Oil", "v": 0.3485382098598947}, {"l": "Olive Oil", "v": 0.037733481409333337}, {"l": "Coconut Oil", "v": 0.17365977239522731}, {"l": "Oilcrops Oil, Other", "v": 0.13283390298742817}, {"l": "Wine", "v": 0.089341273675329236}, {"l": "Sweeteners, Other", "v": 0.32714589458406285}, {"l": "Beverages, Fermented", "v": 0.00094403632139733126}, {"l": "Fish, Body Oil", "v": 0.0083235620755882367}, {"l": "Cottonseed Oil", "v": 0.048980961444807694}, {"l": "Palmkernel Oil", "v": 0.10915757121985717}]}, {"source": 25, "prod": 69.0, "target": 9, "value": 0.18790205813128869, "supply": [{"l": "Treenuts", "v": 0.18790205813128869}]}, {"source": 25, "prod": 1104.0, "target": 10, "value": 0.34777378770888279, "supply": [{"l": "Tomatoes", "v": 0.052645829491557244}, {"l": "Vegetables, Other", "v": 0.27096932682720359}, {"l": "Onions", "v": 0.024158631390121959}]}, {"source": 25, "prod": 166.0, "target": 18, "value": 0.15911138624780469, "supply": [{"l": "Cocoa Beans", "v": 0.083977503462619563}, {"l": "Coffee", "v": 0.063370583610889944}, {"l": "Tea", "v": 0.011763299174295184}]}, {"source": 25, "prod": 2375.0, "target": 20, "value": 0.93092518312163453, "supply": [{"l": "Grapes", "v": 0.17123965503981356}, {"l": "Dates", "v": 0.011791712940416669}, {"l": "Apples", "v": 0.073777850720220764}, {"l": "Lemons, Limes", "v": 0.012364126189951457}, {"l": "Pineapples", "v": 0.042067732652297296}, {"l": "Bananas", "v": 0.16997340354072027}, {"l": "Fruits, Other", "v": 0.15611639016687856}, {"l": "Grapefruit", "v": 0.021120181727876441}, {"l": "Oranges, Mandarines", "v": 0.27247413014345961}]}, {"source": 25, "prod": 586.0, "target": 7, "value": 1.9277351473519331, "supply": [{"l": "Olives", "v": 0.010884658098846154}, {"l": "Coconuts - Incl Copra", "v": 0.042045879284685714}, {"l": "Groundnuts", "v": 0.35266292240261543}, {"l": "Oilcrops, Other", "v": 0.072771714146571437}, {"l": "Soyabeans", "v": 1.4493699734192145}]}, {"source": 25, "prod": 8.0, "target": 17, "value": 0.034195967527208333, "supply": [{"l": "Pepper", "v": 0.0094333703523333343}, {"l": "Pimento", "v": 0.010612541646375}, {"l": "Spices, Other", "v": 0.014150055528500001}]}, {"source": 25, "prod": 165.0, "target": 13, "value": 0.11955080754499636, "supply": [{"l": "Potatoes", "v": 0.1013975543084929}, {"l": "Sweet potatoes", "v": 0.010612541646375}, {"l": "Cassava", "v": 0.0075407115901284707}]}, {"source": 4, "prod": 1227.0, "target": 26, "value": 0.69582932306450862, "supply": [{"l": "Milk - Excluding Butter", "v": 0.69582932306450862}]}, {"source": 0, "prod": 266.0, "target": 26, "value": 0.40187812404267165, "supply": [{"l": "Meat, Other", "v": 0.019846831130883119}, {"l": "Pigmeat", "v": 0.22344324458577577}, {"l": "Poultry Meat", "v": 0.010035773078637228}, {"l": "Offals, Edible", "v": 0.06814368846619738}, {"l": "Bovine Meat", "v": 0.080408586781178112}]}, {"source": 9, "prod": 4.0, "target": 26, "value": 0.010892872935147171, "supply": [{"l": "Treenuts", "v": 0.010892872935147171}]}, {"source": 14, "prod": 163.0, "target": 26, "value": 0.65444006819312506, "supply": [{"l": "Peas", "v": 0.36790144374100009}, {"l": "Beans", "v": 0.28653862445212502}]}, {"source": 10, "prod": 262.0, "target": 26, "value": 0.090667069117968069, "supply": [{"l": "Vegetables, Other", "v": 0.084525733528896654}, {"l": "Tomatoes", "v": 0.00061936269990067359}, {"l": "Onions", "v": 0.0055219728891707336}]}, {"source": 11, "prod": 7.0, "target": 26, "value": 0.023627922910797173, "supply": [{"l": "Nuts", "v": 0.010892872935147171}, {"l": "Infant food", "v": 0.012735049975650002}]}, {"source": 3, "prod": 226.0, "target": 26, "value": 1.9633626160547903, "supply": [{"l": "Fats, Animals, Raw", "v": 1.8884505573744963}, {"l": "Fish, Liver Oil", "v": 0.0083235620755882367}, {"l": "Fish, Body Oil", "v": 0.066588496604705893}]}, {"source": 13, "prod": 291.0, "target": 26, "value": 0.1993695155660232, "supply": [{"l": "Potatoes", "v": 0.1993695155660232}]}, {"source": 5, "prod": 1962.0, "target": 26, "value": 1.1385761033866753, "supply": [{"l": "Crustaceans", "v": 0.021487121358092595}, {"l": "Cephalopods", "v": 0.035375138821250006}, {"l": "Demersal Fish", "v": 0.23387480502594954}, {"l": "Freshwater Fish", "v": 0.0822263069293937}, {"l": "Fish, Seafood", "v": 0.54581435065540707}, {"l": "Pelagic Fish", "v": 0.20918583895020756}, {"l": "Molluscs, Other", "v": 0.010612541646375}]}, {"source": 15, "prod": 47.0, "target": 26, "value": 0.18785503123551789, "supply": [{"l": "Sugar", "v": 0.08388356271386227}, {"l": "Honey", "v": 0.036864618350565787}, {"l": "Sweeteners, Other", "v": 0.067106850171089819}]}, {"source": 12, "prod": 348.0, "target": 26, "value": 0.62758539497371202, "supply": [{"l": "Beer", "v": 0.091432703234084658}, {"l": "Beverages, Alcoholic", "v": 0.53568067357892868}, {"l": "Beverages, Fermented", "v": 0.00047201816069866563}]}, {"source": 6, "prod": 22278.0, "target": 26, "value": 65.100985542723237, "supply": [{"l": "Maize", "v": 1.9645058018750194}, {"l": "Rye", "v": 1.4244389232023331}, {"l": "Barley", "v": 6.9916571668118106}, {"l": "Rice", "v": 0.018247235786005973}, {"l": "Wheat", "v": 53.653010869435001}, {"l": "Oats", "v": 0.54578785609928571}, {"l": "Cereals, Other", "v": 0.50333768951378577}]}, {"source": 16, "prod": 196.0, "target": 26, "value": 1.8536252363719261, "supply": [{"l": "Soyabean Oil", "v": 0.12678449753536}, {"l": "Rape and Mustard Oil", "v": 1.6414475154875052}, {"l": "Oilcrops Oil, Other", "v": 0.085393223349060965}]}, {"source": 17, "prod": 3.0, "target": 26, "value": 0.010612541646375, "supply": [{"l": "Spices, Other", "v": 0.010612541646375}]}, {"source": 18, "prod": 10.0, "target": 26, "value": 0.013519355037772169, "supply": [{"l": "Coffee", "v": 0.0012186650694401913}, {"l": "Cocoa Beans", "v": 0.010766346597771738}, {"l": "Tea", "v": 0.001534343370560241}]}, {"source": 19, "prod": 7.0, "target": 26, "value": 0.011446860958196936, "supply": [{"l": "Eggs", "v": 0.011446860958196936}]}, {"source": 20, "prod": 120.0, "target": 26, "value": 0.060661330570565913, "supply": [{"l": "Grapes", "v": 0.00071949434890677965}, {"l": "Fruits, Other", "v": 0.02409203551958003}, {"l": "Apples", "v": 0.035849800702079104}]}, {"source": 7, "prod": 2021.0, "target": 26, "value": 9.5224820115544837, "supply": [{"l": "Sunflower seed", "v": 0.34313884656612503}, {"l": "Oilcrops, Other", "v": 1.6292778222815716}, {"l": "Soyabeans", "v": 0.29108685658628575}, {"l": "Rape and Mustardseed", "v": 7.2589784861205011}]}, {"source": 12, "prod": 16.0, "target": 27, "value": 0.053904973441904772, "supply": [{"l": "Beverages, Alcoholic", "v": 0.053904973441904772}]}, {"source": 16, "prod": 46.0, "target": 27, "value": 0.43645425267297822, "supply": [{"l": "Rape and Mustard Oil", "v": 0.43645425267297822}]}, {"source": 0, "prod": 3.0, "target": 27, "value": 0.0056330229727506497, "supply": [{"l": "Pigmeat", "v": 0.0056330229727506497}]}, {"source": 28, "prod": 50.0, "target": 13, "value": 0.034255930509625977, "supply": [{"l": "Potatoes", "v": 0.034255930509625977}]}, {"source": 4, "prod": 202.0, "target": 27, "value": 0.11455380868706662, "supply": [{"l": "Milk - Excluding Butter", "v": 0.11455380868706662}]}, {"source": 6, "prod": 1198.0, "target": 27, "value": 2.7489351118610275, "supply": [{"l": "Barley", "v": 2.7489351118610275}]}, {"source": 28, "prod": 269.0, "target": 7, "value": 1.3072225584529116, "supply": [{"l": "Rape and Mustardseed", "v": 1.06465017796434}, {"l": "Oilcrops, Other", "v": 0.24257238048857147}]}, {"source": 5, "prod": 50.0, "target": 27, "value": 0.03191264019143996, "supply": [{"l": "Freshwater Fish", "v": 0.0050137992030118107}, {"l": "Fish, Seafood", "v": 0.013909641963695388}, {"l": "Pelagic Fish", "v": 0.0085819831364187735}, {"l": "Crustaceans", "v": 0.0010481522613703706}, {"l": "Demersal Fish", "v": 0.0033590636269436201}]}, {"source": 20, "prod": 76.0, "target": 27, "value": 0.039411293767940503, "supply": [{"l": "Fruits, Other", "v": 0.00096368142078320101}, {"l": "Apples", "v": 0.038447612347157302}]}, {"source": 19, "prod": 2.0, "target": 27, "value": 0.0032705317023419816, "supply": [{"l": "Eggs", "v": 0.0032705317023419816}]}, {"source": 7, "prod": 119.0, "target": 27, "value": 0.3729550350011786, "supply": [{"l": "Soyabeans", "v": 0.28805470183017862}, {"l": "Sunflower seed", "v": 0.084900333171}]}, {"source": 28, "prod": 10.0, "target": 1, "value": 0.017774824142667383, "supply": [{"l": "Mutton & Goat Meat", "v": 0.0027211645247115384}, {"l": "Poultry Meat", "v": 0.015053659617955843}]}, {"source": 28, "prod": 38.0, "target": 14, "value": 0.1534396646371719, "supply": [{"l": "Beans", "v": 0.011939109352171875}, {"l": "Peas", "v": 0.14150055528500002}]}, {"source": 15, "prod": 2.0, "target": 27, "value": 0.0083883562713862273, "supply": [{"l": "Sugar", "v": 0.0083883562713862273}]}, {"source": 28, "prod": 8.0, "target": 21, "value": 0.067815126805318898, "supply": [{"l": "Butter, Ghee", "v": 0.049941372453529427}, {"l": "Palm Oil", "v": 0.017873754351789475}]}, {"source": 28, "prod": 4032.0, "target": 6, "value": 12.167722729931311, "supply": [{"l": "Maize", "v": 0.28500602306995093}, {"l": "Oats", "v": 0.31714699746309843}, {"l": "Rye", "v": 0.57543559149233336}, {"l": "Cereals, Other", "v": 0.10309326170764287}, {"l": "Wheat", "v": 10.887040856198286}]}, {"source": 1, "prod": 7773.0, "target": 4, "value": 4.4080532422008352, "supply": [{"l": "Milk - Excluding Butter", "v": 4.4080532422008352}]}, {"source": 1, "prod": 324.0, "target": 19, "value": 0.52982613577940085, "supply": [{"l": "Eggs", "v": 0.56743725035633363}]}, {"source": 1, "prod": 2773.0, "target": 0, "value": 4.4204703384738728, "supply": [{"l": "Pigmeat", "v": 1.975313389111228}, {"l": "Bovine Meat", "v": 1.3604614118299327}, {"l": "Poultry Meat", "v": 0.9149279790024275}, {"l": "Offals, Edible", "v": 0.091602991052921065}, {"l": "Meat, Other", "v": 0.026462441507844159}, {"l": "Mutton & Goat Meat", "v": 0.05170212596951923}]}, {"source": 1, "prod": 3066.0, "target": 5, "value": 1.768464089627455, "supply": [{"l": "Pelagic Fish", "v": 0.31109688869518048}, {"l": "Crustaceans", "v": 0.033016796233166675}, {"l": "Freshwater Fish", "v": 0.14941121624975195}, {"l": "Molluscs, Other", "v": 0.031534409463514289}, {"l": "Demersal Fish", "v": 0.34136484108814535}, {"l": "Fish, Seafood", "v": 0.85293924521380127}, {"l": "Marine Fish, Other", "v": 0.010188039980520001}, {"l": "Cephalopods", "v": 0.038912652703375003}]}, {"source": 1, "prod": 56.0, "target": 23, "value": 0.031157597998677667, "supply": [{"l": "Aquatic Plants", "v": 0.015578798999338834}, {"l": "Aquatic Products, Other", "v": 0.015578798999338834}]}, {"source": 21, "prod": 1103.0, "target": 15, "value": 4.6008930078275263, "supply": [{"l": "Honey", "v": 0.10053986822881579}, {"l": "Sweeteners, Other", "v": 0.41102945729792512}, {"l": "Sugar", "v": 4.089323682300785}]}, {"source": 21, "prod": 746.0, "target": 16, "value": 7.0068592465591246, "supply": [{"l": "Olive Oil", "v": 0.037733481409333337}, {"l": "Soyabean Oil", "v": 1.5395260415007999}, {"l": "Coconut Oil", "v": 0.17365977239522729}, {"l": "Cottonseed Oil", "v": 0.048980961444807708}, {"l": "Rape and Mustard Oil", "v": 3.9660408177674977}, {"l": "Maize Germ Oil", "v": 0.24069682084561858}, {"l": "Groundnut Oil", "v": 0.053062708231874998}, {"l": "Palm Oil", "v": 0.3664119642116842}, {"l": "Palmkernel Oil", "v": 0.10915757121985717}, {"l": "Oilcrops Oil, Other", "v": 0.31310848561322357}, {"l": "Sunflowerseed Oil", "v": 0.15848062191920001}]}, {"source": 21, "prod": 2933.0, "target": 12, "value": 2.1060504339280168, "supply": [{"l": "Beer", "v": 1.0801703929941597}, {"l": "Beverages, Alcoholic", "v": 0.74456244566630969}, {"l": "Beverages, Fermented", "v": 0.15671002935195699}, {"l": "Wine", "v": 0.12460756591559077}]}, {"source": 21, "prod": 728.0, "target": 3, "value": 5.6859329038166688, "supply": [{"l": "Fats, Animals, Raw", "v": 4.4121863252943294}, {"l": "Fish, Body Oil", "v": 0.12485343113382355}, {"l": "Butter, Ghee", "v": 0.93223895246588251}, {"l": "Fish, Liver Oil", "v": 0.0083235620755882367}, {"l": "Cream", "v": 0.20833063284704487}]}, {"source": 29, "prod": 0, "target": 7, "value": 0.00062823541435438174, "supply": "[{\"l\":'Energy for power irrigation',\"v\":0.00062823541435438174}]"}, {"source": 29, "prod": 0, "target": 10, "value": 0.0003214134011804208, "supply": "[{\"l\":'Energy for power irrigation',\"v\":0.0003214134011804208}]"}, {"source": 29, "prod": 0, "target": 2, "value": 0.00012844872145155396, "supply": "[{\"l\":'Energy for power irrigation',\"v\":0.00012844872145155396}]"}, {"source": 29, "prod": 0, "target": 13, "value": 0.00037688983536012151, "supply": "[{\"l\":'Energy for power irrigation',\"v\":0.00037688983536012151}]"}, {"source": 29, "prod": 0, "target": 14, "value": 3.1638334341642694e-05, "supply": "[{\"l\":'Energy for power irrigation',\"v\":3.1638334341642694e-05}]"}, {"source": 29, "prod": 0, "target": 6, "value": 0.006437744944033332, "supply": "[{\"l\":'Energy for power irrigation',\"v\":0.006437744944033332}]"}, {"source": 29, "prod": 0, "target": 20, "value": 0.00028955636867512618, "supply": "[{\"l\":'Energy for power irrigation',\"v\":0.00028955636867512618}]"}, {"source": 29, "prod": 0, "target": 21, "value": 7.8440000062751993, "supply": "[{\"l\":'Electricity',\"v\":7.8440000062751993}]"}, {"source": 30, "prod": 0, "target": 29, "value": 4.4226602037833826, "supply": [{"l": "Coal", "v": 3.2259357689937338}, {"l": "Natural gas", "v": 0.43289992975844371}, {"l": "Oil", "v": 0.76382450503120514}]}, {"source": 31, "prod": 0, "target": 29, "value": 6.1105074680501952, "supply": [{"l": "Nuclear", "v": 0.80003724877749061}, {"l": "Hydroelectric", "v": 5.2831235526916478}, {"l": "Renewable", "v": 0.027346666581056379}]}, {"source": 30, "prod": 0, "target": 7, "value": 3.2811024179978654, "supply": [{"l": "Motor Gasoline", "v": 1.6657753686201584}, {"l": "Gas-Diesel oil", "v": 1.1960450390986619}, {"l": "Natural gas (including LNG)", "v": 0.27490880944372614}, {"l": "Fuel oil", "v": 0.017116923636474587}, {"l": "Liquefied petroleum gas (LPG)", "v": 0.12725627719884469}]}, {"source": 30, "prod": 0, "target": 10, "value": 1.6786546312002593, "supply": [{"l": "Motor Gasoline", "v": 0.8522323234212944}, {"l": "Gas-Diesel oil", "v": 0.61191218323266916}, {"l": "Natural gas (including LNG)", "v": 0.14064691903523527}, {"l": "Fuel oil", "v": 0.0087572405471580562}, {"l": "Liquefied petroleum gas (LPG)", "v": 0.065105964963902432}]}, {"source": 30, "prod": 0, "target": 2, "value": 0.67085267865158915, "supply": [{"l": "Motor Gasoline", "v": 0.34058365930331608}, {"l": "Gas-Diesel oil", "v": 0.24454281398411501}, {"l": "Natural gas (including LNG)", "v": 0.056207727679765153}, {"l": "Fuel oil", "v": 0.0034997182681089805}, {"l": "Liquefied petroleum gas (LPG)", "v": 0.026018759416283982}]}, {"source": 30, "prod": 0, "target": 13, "value": 1.9683929333874666, "supply": [{"l": "Motor Gasoline", "v": 0.99932889818282877}, {"l": "Gas-Diesel oil", "v": 0.71752914205327734}, {"l": "Natural gas (including LNG)", "v": 0.164922787800446}, {"l": "Fuel oil", "v": 0.010268753374644399}, {"l": "Liquefied petroleum gas (LPG)", "v": 0.076343351976270263}]}, {"source": 30, "prod": 0, "target": 14, "value": 0.16523840098455717, "supply": [{"l": "Motor Gasoline", "v": 0.08388950518594733}, {"l": "Gas-Diesel oil", "v": 0.060233587553408581}, {"l": "Natural gas (including LNG)", "v": 0.013844582186729897}, {"l": "Fuel oil", "v": 0.00086201914208813716}, {"l": "Liquefied petroleum gas (LPG)", "v": 0.0064087069163832281}]}, {"source": 30, "prod": 0, "target": 6, "value": 33.622587997571991, "supply": [{"l": "Motor Gasoline", "v": 17.069774661223523}, {"l": "Gas-Diesel oil", "v": 12.256285983505787}, {"l": "Natural gas (including LNG)", "v": 2.8170853753689333}, {"l": "Fuel oil", "v": 0.17540301944194331}, {"l": "Liquefied petroleum gas (LPG)", "v": 1.3040389580318039}]}, {"source": 30, "prod": 0, "target": 20, "value": 1.5122740292872372, "supply": [{"l": "Motor Gasoline", "v": 0.76776293686309394}, {"l": "Gas-Diesel oil", "v": 0.55126223447497436}, {"l": "Natural gas (including LNG)", "v": 0.12670663697163859}, {"l": "Fuel oil", "v": 0.0078892627474057148}, {"l": "Liquefied petroleum gas (LPG)", "v": 0.058652958230124841}]}, {"source": 32, "prod": 147.83683563606417, "target": 7, "value": 1.5875087225315412, "supply": [{"l": "Potash", "v": 0.937357778527664}, {"l": "Phosphate", "v": 2.6727125021381699}, {"l": "Nitrogen", "v": 17.206025013764815}]}, {"source": 32, "prod": 75.635246081072523, "target": 10, "value": 0.81219009029730094, "supply": [{"l": "Potash", "v": 0.937357778527664}, {"l": "Phosphate", "v": 2.6727125021381699}, {"l": "Nitrogen", "v": 17.206025013764815}]}, {"source": 32, "prod": 30.226650849364884, "target": 2, "value": 0.32458129714308104, "supply": [{"l": "Potash", "v": 0.937357778527664}, {"l": "Phosphate", "v": 2.6727125021381699}, {"l": "Nitrogen", "v": 17.206025013764815}]}, {"source": 32, "prod": 88.690002775945786, "target": 13, "value": 0.95237531568089051, "supply": [{"l": "Potash", "v": 0.937357778527664}, {"l": "Phosphate", "v": 2.6727125021381699}, {"l": "Nitrogen", "v": 17.206025013764815}]}, {"source": 32, "prod": 7.4451569061432243, "target": 14, "value": 0.079947947196422911, "supply": [{"l": "Potash", "v": 0.937357778527664}, {"l": "Phosphate", "v": 2.6727125021381699}, {"l": "Nitrogen", "v": 17.206025013764815}]}, {"source": 32, "prod": 1514.9350377454105, "target": 6, "value": 16.267749347732966, "supply": [{"l": "Potash", "v": 0.937357778527664}, {"l": "Phosphate", "v": 2.6727125021381699}, {"l": "Nitrogen", "v": 17.206025013764815}]}, {"source": 32, "prod": 68.138624956684055, "target": 20, "value": 0.73168950752117923, "supply": [{"l": "Potash", "v": 0.937357778527664}, {"l": "Phosphate", "v": 2.6727125021381699}, {"l": "Nitrogen", "v": 17.206025013764815}]}, {"source": 30, "prod": 0, "target": 32, "value": 25.37745895447128, "supply": [{"l": "Natural gas (including LNG)", "v": 17.092959481830647}, {"l": "Fuel oil", "v": 5.2429700170294433}, {"l": "Liquefied petroleum gas (LPG)", "v": 1.5207647278055945}, {"l": "Coal", "v": 1.5207647278055945}]}, {"source": 33, "prod": 0, "target": 13, "value": 0.029686554390951327, "supply": "[{\"l\":'Labor',\"v\":0.029686554390951327}]"}, {"source": 33, "prod": 0, "target": 9, "value": 0.00039620353055621694, "supply": "[{\"l\":'Labor',\"v\":0.00039620353055621694}]"}, {"source": 33, "prod": 0, "target": 10, "value": 0.025316831394526961, "supply": "[{\"l\":'Labor',\"v\":0.025316831394526961}]"}, {"source": 33, "prod": 0, "target": 2, "value": 0.010117545229566002, "supply": "[{\"l\":'Labor',\"v\":0.010117545229566002}]"}, {"source": 33, "prod": 0, "target": 14, "value": 0.0024920627863970744, "supply": "[{\"l\":'Labor',\"v\":0.0024920627863970744}]"}, {"source": 33, "prod": 0, "target": 11, "value": 0.00047085057254506933, "supply": "[{\"l\":'Labor',\"v\":0.00047085057254506933}]"}, {"source": 33, "prod": 0, "target": 6, "value": 0.50708309831042775, "supply": "[{\"l\":'Labor',\"v\":0.50708309831042775}]"}, {"source": 33, "prod": 0, "target": 17, "value": 4.5936641223909204e-05, "supply": "[{\"l\":'Labor',\"v\":4.5936641223909204e-05}]"}, {"source": 33, "prod": 0, "target": 18, "value": 0.00095892738554910473, "supply": "[{\"l\":'Labor',\"v\":0.00095892738554910473}]"}, {"source": 33, "prod": 0, "target": 20, "value": 0.022807542367670918, "supply": "[{\"l\":'Labor',\"v\":0.022807542367670918}]"}, {"source": 33, "prod": 0, "target": 7, "value": 0.049484340114221502, "supply": "[{\"l\":'Labor',\"v\":0.049484340114221502}]"}, {"source": 30, "prod": 0, "target": 25, "value": 29.910244981095229, "supply": "[{\"l\":'Fossil Fuels',\"v\":29.910244981095229}]"}, {"source": 31, "prod": 0, "target": 25, "value": 7.6676861567173233, "supply": "[{\"l\":'Renewables & Nuclear',\"v\":6.18872800360404},{\"l\":'Biomass & Waste',\"v\":1.4789581531132834}]"}]}