{"nodes": [{"name": "Balance", "fill": "#9edae5"}, {"name": "Food", "fill": "#b5cf6b"}, {"name": "Stock Deposit", "fill": "#c7c7c7"}, {"name": "Export", "fill": "#aec7e8"}, {"name": "Biofuels & Other", "fill": "#e7ba52"}, {"name": "Renewables & Nuclear", "fill": "#2ca02c"}, {"name": "Fossil Fuels", "fill": "#c49c94"}, {"name": "Stock Draw", "fill": "#c7c7c7"}, {"name": "Labor", "fill": "#7f7f7f"}], "links": [{"source": 0, "target": 1, "value": 25.144111103760483}, {"source": 0, "target": 2, "value": 4.7492192244828013}, {"source": 0, "target": 3, "value": 43.51539013594217}, {"source": 0, "target": 4, "value": 2.4560436356735957}, {"source": 5, "target": 0, "value": 3.8915730691512573}, {"source": 6, "target": 0, "value": 66.419559778395737}, {"source": 7, "target": 0, "value": 2.1771826588463323}, {"source": 8, "target": 0, "value": 0.51758823424881284}]}