{"nodes": [{"name": "Balance", "fill": "#9edae5"}, {"name": "Food", "fill": "#b5cf6b"}, {"name": "Stock Deposit", "fill": "#c7c7c7"}, {"name": "Export", "fill": "#aec7e8"}, {"name": "Biofuels & Other", "fill": "#e7ba52"}, {"name": "Crop Residue", "fill": "#bd9e39"}, {"name": "Renewables & Nuclear", "fill": "#2ca02c"}, {"name": "Fossil Fuels", "fill": "#c49c94"}, {"name": "Stock Draw", "fill": "#c7c7c7"}, {"name": "Labor", "fill": "#7f7f7f"}], "links": [{"source": 0, "target": 1, "value": 30.7543379100347}, {"source": 0, "target": 2, "value": 14.553922978965423}, {"source": 0, "target": 3, "value": 86.918991373618994}, {"source": 0, "target": 4, "value": 3.0149658689016259}, {"source": 0, "target": 5, "value": 383.30943222457762}, {"source": 6, "target": 0, "value": 13.77550158179605}, {"source": 7, "target": 0, "value": 99.950713460897703}, {"source": 8, "target": 0, "value": 6.9338476988846169}, {"source": 9, "target": 0, "value": 0.62426232562495354}]}