{"nodes": [{"layer": 3, "name": "Maize"}, {"layer": 5, "name": "Production", "fill": "#b5cf6b"}, {"layer": 3, "name": "Rye"}, {"layer": 3, "name": "Fruits, Other"}, {"layer": 3, "name": "Barley"}, {"layer": 3, "name": "Tomatoes"}, {"layer": 3, "name": "Sunflower seed"}, {"layer": 3, "name": "Wheat"}, {"layer": 3, "name": "Vegetables, Other"}, {"layer": 3, "name": "Peas"}, {"layer": 3, "name": "Grapes"}, {"layer": 3, "name": "Oilcrops, Other"}, {"layer": 3, "name": "Oats"}, {"layer": 3, "name": "Soyabeans"}, {"layer": 3, "name": "Potatoes"}, {"layer": 3, "name": "Rape and Mustardseed"}, {"layer": 3, "name": "Beans"}, {"layer": 3, "name": "Apples"}, {"layer": 3, "name": "Sugar beet"}, {"layer": 3, "name": "Cereals, Other"}, {"layer": 3, "name": "Onions"}, {"layer": 1, "name": "Electricity", "fill": "#bcbd22"}, {"layer": 0, "name": "Fossil Fuels", "fill": "#c49c94"}, {"layer": 0, "name": "Renewables & Nuclear", "fill": "#2ca02c"}, {"layer": 1, "name": "Fertilizers", "fill": "#c5b0d5"}, {"layer": 0, "name": "Labor", "fill": "#7f7f7f"}], "links": [{"source": 0, "prod": 2076.0, "target": 1, "value": 5.1335851940678454, "supply": [{"l": "Maize", "v": 5.1335851940678454}]}, {"source": 2, "prod": 331.0, "target": 1, "value": 0.86026562080411229, "supply": [{"l": "Rye", "v": 0.86026562080411229}]}, {"source": 3, "prod": 144.0, "target": 1, "value": 0.067787350163929561, "supply": [{"l": "Fruits, Other", "v": 0.067787350163929561}]}, {"source": 4, "prod": 7099.0, "target": 1, "value": 25.830319936325537, "supply": [{"l": "Barley", "v": 25.830319936325537}]}, {"source": 5, "prod": 349.0, "target": 1, "value": 0.07343300192485501, "supply": [{"l": "Tomatoes", "v": 0.07343300192485501}]}, {"source": 6, "prod": 11.0, "target": 1, "value": 0.029184489527531249, "supply": [{"l": "Sunflower seed", "v": 0.029184489527531249}]}, {"source": 7, "prod": 17689.0, "target": 1, "value": 53.773702131539814, "supply": [{"l": "Wheat", "v": 53.773702131539814}]}, {"source": 8, "prod": 871.0, "target": 1, "value": 0.32421314729675627, "supply": [{"l": "Vegetables, Other", "v": 0.32421314729675627}]}, {"source": 9, "prod": 29.0, "target": 1, "value": 0.10258790258162501, "supply": [{"l": "Peas", "v": 0.10258790258162501}]}, {"source": 10, "prod": 55.0, "target": 1, "value": 0.040920803232370989, "supply": [{"l": "Grapes", "v": 0.040920803232370989}]}, {"source": 11, "prod": 500.0, "target": 1, "value": 1.326567705796875, "supply": [{"l": "Oilcrops, Other", "v": 1.326567705796875}]}, {"source": 12, "prod": 5501.0, "target": 1, "value": 11.422094008051738, "supply": [{"l": "Oats", "v": 11.422094008051738}]}, {"source": 13, "prod": 246.0, "target": 1, "value": 0.65267131125206246, "supply": [{"l": "Soyabeans", "v": 0.65267131125206246}]}, {"source": 14, "prod": 2408.0, "target": 1, "value": 1.6529836006743373, "supply": [{"l": "Potatoes", "v": 1.6529836006743373}]}, {"source": 15, "prod": 653.0, "target": 1, "value": 3.6035946414430957, "supply": [{"l": "Rape and Mustardseed", "v": 3.6035946414430957}]}, {"source": 16, "prod": 42.0, "target": 1, "value": 0.16438149613959574, "supply": [{"l": "Beans", "v": 0.16438149613959574}]}, {"source": 17, "prod": 401.0, "target": 1, "value": 0.22591914969305624, "supply": [{"l": "Apples", "v": 0.22591914969305624}]}, {"source": 18, "prod": 996.0, "target": 1, "value": 1.15757333112, "supply": [{"l": "Sugar beet", "v": 1.15757333112}]}, {"source": 19, "prod": 1718.0, "target": 1, "value": 6.3724706383009808, "supply": [{"l": "Cereals, Other", "v": 6.3724706383009808}]}, {"source": 20, "prod": 113.0, "target": 1, "value": 0.043940783122090085, "supply": [{"l": "Onions", "v": 0.043940783122090085}]}, {"source": 21, "prod": 0, "target": 6, "value": 6.419657242914323e-07, "supply": "[{\"l\":'Energy for power irrigation',\"v\":6.419657242914323e-07}]"}, {"source": 21, "prod": 0, "target": 0, "value": 0.00012429444061857963, "supply": "[{\"l\":'Energy for power irrigation',\"v\":0.00012429444061857963}]"}, {"source": 21, "prod": 0, "target": 8, "value": 5.4196721723834383e-05, "supply": "[{\"l\":'Energy for power irrigation',\"v\":5.4196721723834383e-05}]"}, {"source": 21, "prod": 0, "target": 7, "value": 0.00087401164263338927, "supply": "[{\"l\":'Energy for power irrigation',\"v\":0.00087401164263338927}]"}, {"source": 21, "prod": 0, "target": 12, "value": 0.00027162557434346331, "supply": "[{\"l\":'Energy for power irrigation',\"v\":0.00027162557434346331}]"}, {"source": 21, "prod": 0, "target": 13, "value": 2.0567594166721657e-05, "supply": "[{\"l\":'Energy for power irrigation',\"v\":2.0567594166721657e-05}]"}, {"source": 21, "prod": 0, "target": 14, "value": 0.00012251668938208026, "supply": "[{\"l\":'Energy for power irrigation',\"v\":0.00012251668938208026}]"}, {"source": 21, "prod": 0, "target": 2, "value": 1.6345434980035698e-05, "supply": "[{\"l\":'Energy for power irrigation',\"v\":1.6345434980035698e-05}]"}, {"source": 21, "prod": 0, "target": 3, "value": 1.2444258655495456e-05, "supply": "[{\"l\":'Energy for power irrigation',\"v\":1.2444258655495456e-05}]"}, {"source": 21, "prod": 0, "target": 9, "value": 1.5802233213327564e-06, "supply": "[{\"l\":'Energy for power irrigation',\"v\":1.5802233213327564e-06}]"}, {"source": 21, "prod": 0, "target": 15, "value": 3.274025193886305e-05, "supply": "[{\"l\":'Energy for power irrigation',\"v\":3.274025193886305e-05}]"}, {"source": 21, "prod": 0, "target": 4, "value": 0.00035053797645251785, "supply": "[{\"l\":'Energy for power irrigation',\"v\":0.00035053797645251785}]"}, {"source": 21, "prod": 0, "target": 10, "value": 8.2467904582053219e-06, "supply": "[{\"l\":'Energy for power irrigation',\"v\":8.2467904582053219e-06}]"}, {"source": 21, "prod": 0, "target": 18, "value": 4.918445087648204e-05, "supply": "[{\"l\":'Energy for power irrigation',\"v\":4.918445087648204e-05}]"}, {"source": 21, "prod": 0, "target": 16, "value": 2.1974980562283642e-06, "supply": "[{\"l\":'Energy for power irrigation',\"v\":2.1974980562283642e-06}]"}, {"source": 21, "prod": 0, "target": 11, "value": 2.4789753353407617e-05, "supply": "[{\"l\":'Energy for power irrigation',\"v\":2.4789753353407617e-05}]"}, {"source": 21, "prod": 0, "target": 20, "value": 6.7159491156642152e-06, "supply": "[{\"l\":'Energy for power irrigation',\"v\":6.7159491156642152e-06}]"}, {"source": 21, "prod": 0, "target": 19, "value": 8.5529587267135434e-05, "supply": "[{\"l\":'Energy for power irrigation',\"v\":8.5529587267135434e-05}]"}, {"source": 21, "prod": 0, "target": 5, "value": 2.1703379678929578e-05, "supply": "[{\"l\":'Energy for power irrigation',\"v\":2.1703379678929578e-05}]"}, {"source": 21, "prod": 0, "target": 17, "value": 2.0987340986450668e-05, "supply": "[{\"l\":'Energy for power irrigation',\"v\":2.0987340986450668e-05}]"}, {"source": 22, "prod": 0, "target": 21, "value": 0.0013109788934735928, "supply": [{"l": "Coal", "v": 0.00082581439436964481}, {"l": "Natural gas", "v": 0.0002228294634172125}, {"l": "Oil", "v": 0.00026233503568673556}]}, {"source": 23, "prod": 0, "target": 21, "value": 0.0016193490179897676, "supply": [{"l": "Nuclear", "v": 1.0841482507873562e-05}, {"l": "Hydroelectric", "v": 0.001608507535481894}, {"l": "Renewable", "v": 0.0}]}, {"source": 22, "prod": 0, "target": 6, "value": 0.01150048991255816, "supply": [{"l": "Motor Gasoline", "v": 0.0070126197359315955}, {"l": "Gas-Diesel oil", "v": 0.0028164960178202838}, {"l": "Natural gas (including LNG)", "v": 0.0010533522782498145}, {"l": "Fuel oil", "v": 4.9566894584309366e-05}, {"l": "Liquefied petroleum gas (LPG)", "v": 0.00056845498597215681}]}, {"source": 22, "prod": 0, "target": 0, "value": 2.2266717776852993, "supply": [{"l": "Motor Gasoline", "v": 1.3577510673338327}, {"l": "Gas-Diesel oil", "v": 0.54531695975797334}, {"l": "Natural gas (including LNG)", "v": 0.20394520648882947}, {"l": "Fuel oil", "v": 0.0095969133591312823}, {"l": "Liquefied petroleum gas (LPG)", "v": 0.1100616307455322}]}, {"source": 22, "prod": 0, "target": 8, "value": 0.97090674454096781, "supply": [{"l": "Motor Gasoline", "v": 0.59202693539884044}, {"l": "Gas-Diesel oil", "v": 0.23777725996598165}, {"l": "Natural gas (including LNG)", "v": 0.088927240413782416}, {"l": "Fuel oil", "v": 0.0041845897543291944}, {"l": "Liquefied petroleum gas (LPG)", "v": 0.047990719008034005}]}, {"source": 22, "prod": 0, "target": 7, "value": 15.657474689412837, "supply": [{"l": "Motor Gasoline", "v": 9.547412054327177}, {"l": "Gas-Diesel oil", "v": 3.8345510014923998}, {"l": "Natural gas (including LNG)", "v": 1.434098613287959}, {"l": "Fuel oil", "v": 0.067483420557514717}, {"l": "Liquefied petroleum gas (LPG)", "v": 0.77392959974778486}]}, {"source": 22, "prod": 0, "target": 12, "value": 4.8660342126173965, "supply": [{"l": "Motor Gasoline", "v": 2.9671472967301336}, {"l": "Gas-Diesel oil", "v": 1.1917027958477284}, {"l": "Natural gas (including LNG)", "v": 0.4456895543471619}, {"l": "Fuel oil", "v": 0.02097251566623028}, {"l": "Liquefied petroleum gas (LPG)", "v": 0.24052205002614216}]}, {"source": 22, "prod": 0, "target": 13, "value": 0.36845800373695953, "supply": [{"l": "Motor Gasoline", "v": 0.2246735476935007}, {"l": "Gas-Diesel oil", "v": 0.090236199340165232}, {"l": "Natural gas (including LNG)", "v": 0.03374778645315752}, {"l": "Fuel oil", "v": 0.001588047045720373}, {"l": "Liquefied petroleum gas (LPG)", "v": 0.018212423204415639}]}, {"source": 22, "prod": 0, "target": 14, "value": 2.1948242671582148, "supply": [{"l": "Motor Gasoline", "v": 1.3383315049881759}, {"l": "Gas-Diesel oil", "v": 0.5375174323240095}, {"l": "Natural gas (including LNG)", "v": 0.20102823094906075}, {"l": "Fuel oil", "v": 0.0094596511895131945}, {"l": "Liquefied petroleum gas (LPG)", "v": 0.10848744770745546}]}, {"source": 22, "prod": 0, "target": 2, "value": 0.29282016623513468, "supply": [{"l": "Motor Gasoline", "v": 0.17855208712256598}, {"l": "Gas-Diesel oil", "v": 0.071712321684501062}, {"l": "Natural gas (including LNG)", "v": 0.026819969546206815}, {"l": "Fuel oil", "v": 0.0012620493928774152}, {"l": "Liquefied petroleum gas (LPG)", "v": 0.014473738488983376}]}, {"source": 22, "prod": 0, "target": 3, "value": 0.22293257368958894, "supply": [{"l": "Motor Gasoline", "v": 0.13593693641959706}, {"l": "Gas-Diesel oil", "v": 0.05459669203774703}, {"l": "Natural gas (including LNG)", "v": 0.020418828778381019}, {"l": "Fuel oil", "v": 0.00096083518732661217}, {"l": "Liquefied petroleum gas (LPG)", "v": 0.011019281266537192}]}, {"source": 22, "prod": 0, "target": 9, "value": 0.02830889824629701, "supply": [{"l": "Motor Gasoline", "v": 0.01726183319613931}, {"l": "Gas-Diesel oil", "v": 0.006932913274634544}, {"l": "Natural gas (including LNG)", "v": 0.002592867146461082}, {"l": "Fuel oil", "v": 0.00012201081743829996}, {"l": "Liquefied petroleum gas (LPG)", "v": 0.0013992738116237705}]}, {"source": 22, "prod": 0, "target": 15, "value": 0.58652498554046617, "supply": [{"l": "Motor Gasoline", "v": 0.35764360653251132}, {"l": "Gas-Diesel oil", "v": 0.14364129690883445}, {"l": "Natural gas (including LNG)", "v": 0.053720966190740543}, {"l": "Fuel oil", "v": 0.0025279116237997773}, {"l": "Liquefied petroleum gas (LPG)", "v": 0.028991204284579995}]}, {"source": 22, "prod": 0, "target": 4, "value": 6.2797098187918534, "supply": [{"l": "Motor Gasoline", "v": 3.8291600919623403}, {"l": "Gas-Diesel oil", "v": 1.5379151524997909}, {"l": "Natural gas (including LNG)", "v": 0.57517085747356211}, {"l": "Fuel oil", "v": 0.027065430862055383}, {"l": "Liquefied petroleum gas (LPG)", "v": 0.31039828599410424}]}, {"source": 22, "prod": 0, "target": 10, "value": 0.14773706272286252, "supply": [{"l": "Motor Gasoline", "v": 0.090085191992352029}, {"l": "Gas-Diesel oil", "v": 0.036181141151999024}, {"l": "Natural gas (including LNG)", "v": 0.013531525420593771}, {"l": "Fuel oil", "v": 0.00063674395350612795}, {"l": "Liquefied petroleum gas (LPG)", "v": 0.0073024602044115521}]}, {"source": 22, "prod": 0, "target": 18, "value": 0.88111445791599441, "supply": [{"l": "Motor Gasoline", "v": 0.53727455822983605}, {"l": "Gas-Diesel oil", "v": 0.21578692567300017}, {"l": "Natural gas (including LNG)", "v": 0.080702989933601171}, {"l": "Fuel oil", "v": 0.0037975866927670862}, {"l": "Liquefied petroleum gas (LPG)", "v": 0.043552397386789857}]}, {"source": 22, "prod": 0, "target": 16, "value": 0.039367061623756777, "supply": [{"l": "Motor Gasoline", "v": 0.024004736788381227}, {"l": "Gas-Diesel oil", "v": 0.0096410825225386621}, {"l": "Natural gas (including LNG)", "v": 0.0036057058755474421}, {"l": "Fuel oil", "v": 0.00016967129300013588}, {"l": "Liquefied petroleum gas (LPG)", "v": 0.0019458651442893059}]}, {"source": 22, "prod": 0, "target": 11, "value": 0.44409584123878437, "supply": [{"l": "Motor Gasoline", "v": 0.27079500826443548}, {"l": "Gas-Diesel oil", "v": 0.10876007699582942}, {"l": "Natural gas (including LNG)", "v": 0.040675603360108226}, {"l": "Fuel oil", "v": 0.0019140446985633308}, {"l": "Liquefied petroleum gas (LPG)", "v": 0.0219511079198479}]}, {"source": 22, "prod": 0, "target": 20, "value": 0.12031281754676229, "supply": [{"l": "Motor Gasoline", "v": 0.073362791083592074}, {"l": "Gas-Diesel oil", "v": 0.029464881417196814}, {"l": "Natural gas (including LNG)", "v": 0.011019685372459599}, {"l": "Fuel oil", "v": 0.00051854597411277485}, {"l": "Liquefied petroleum gas (LPG)", "v": 0.0059469136994010248}]}, {"source": 22, "prod": 0, "target": 19, "value": 1.5322191175808255, "supply": [{"l": "Motor Gasoline", "v": 0.93429672174104017}, {"l": "Gas-Diesel oil", "v": 0.37524393098959469}, {"l": "Natural gas (including LNG)", "v": 0.14033893430220606}, {"l": "Fuel oil", "v": 0.0066038354938479857}, {"l": "Liquefied petroleum gas (LPG)", "v": 0.075735695054136576}]}, {"source": 22, "prod": 0, "target": 5, "value": 0.38880502435148551, "supply": [{"l": "Motor Gasoline", "v": 0.23708049030322584}, {"l": "Gas-Diesel oil", "v": 0.095219230756308823}, {"l": "Natural gas (including LNG)", "v": 0.035611409714676426}, {"l": "Fuel oil", "v": 0.0016757423207541511}, {"l": "Liquefied petroleum gas (LPG)", "v": 0.019218151256520224}]}, {"source": 22, "prod": 0, "target": 17, "value": 0.37597755483363215, "supply": [{"l": "Motor Gasoline", "v": 0.2292587221362252}, {"l": "Gas-Diesel oil", "v": 0.092077754428740027}, {"l": "Natural gas (including LNG)", "v": 0.034436516788936243}, {"l": "Fuel oil", "v": 0.0016204561691024212}, {"l": "Liquefied petroleum gas (LPG)", "v": 0.0185841053106282}]}, {"source": 24, "prod": 0.21731815233506302, "target": 6, "value": 0.0018631658708845283, "supply": [{"l": "Potash", "v": 0.43150250034520199}, {"l": "Phosphate", "v": 1.308648584380252}, {"l": "Nitrogen", "v": 4.4467061702240311}]}, {"source": 24, "prod": 42.076137648257969, "target": 0, "value": 0.36073757669356593, "supply": [{"l": "Potash", "v": 0.43150250034520199}, {"l": "Phosphate", "v": 1.308648584380252}, {"l": "Nitrogen", "v": 4.4467061702240311}]}, {"source": 24, "prod": 18.346667091363972, "target": 8, "value": 0.15729419563813613, "supply": [{"l": "Potash", "v": 0.43150250034520199}, {"l": "Phosphate", "v": 1.308648584380252}, {"l": "Nitrogen", "v": 4.4467061702240311}]}, {"source": 24, "prod": 295.87030601371384, "target": 7, "value": 2.5366286729834817, "supply": [{"l": "Potash", "v": 0.43150250034520199}, {"l": "Phosphate", "v": 1.308648584380252}, {"l": "Nitrogen", "v": 4.4467061702240311}]}, {"source": 24, "prod": 91.950653609154926, "target": 12, "value": 0.7883341440615651, "supply": [{"l": "Potash", "v": 0.43150250034520199}, {"l": "Phosphate", "v": 1.308648584380252}, {"l": "Nitrogen", "v": 4.4467061702240311}]}, {"source": 24, "prod": 6.9625392651964413, "target": 13, "value": 0.059692968094108151, "supply": [{"l": "Potash", "v": 0.43150250034520199}, {"l": "Phosphate", "v": 1.308648584380252}, {"l": "Nitrogen", "v": 4.4467061702240311}]}, {"source": 24, "prod": 41.47433353409933, "target": 14, "value": 0.35557804043573182, "supply": [{"l": "Potash", "v": 0.43150250034520199}, {"l": "Phosphate", "v": 1.308648584380252}, {"l": "Nitrogen", "v": 4.4467061702240311}]}, {"source": 24, "prod": 5.5332544940696806, "target": 2, "value": 0.047439069481752215, "supply": [{"l": "Potash", "v": 0.43150250034520199}, {"l": "Phosphate", "v": 1.308648584380252}, {"l": "Nitrogen", "v": 4.4467061702240311}]}, {"source": 24, "prod": 4.2126287991104521, "target": 3, "value": 0.036116753804838544, "supply": [{"l": "Potash", "v": 0.43150250034520199}, {"l": "Phosphate", "v": 1.308648584380252}, {"l": "Nitrogen", "v": 4.4467061702240311}]}, {"source": 24, "prod": 0.53493699036323195, "target": 9, "value": 0.0045862544514080686, "supply": [{"l": "Potash", "v": 0.43150250034520199}, {"l": "Phosphate", "v": 1.308648584380252}, {"l": "Nitrogen", "v": 4.4467061702240311}]}, {"source": 24, "prod": 11.083225769088214, "target": 15, "value": 0.095021459415110934, "supply": [{"l": "Potash", "v": 0.43150250034520199}, {"l": "Phosphate", "v": 1.308648584380252}, {"l": "Nitrogen", "v": 4.4467061702240311}]}, {"source": 24, "prod": 118.66406956541883, "target": 4, "value": 1.0173602257287555, "supply": [{"l": "Potash", "v": 0.43150250034520199}, {"l": "Phosphate", "v": 1.308648584380252}, {"l": "Nitrogen", "v": 4.4467061702240311}]}, {"source": 24, "prod": 2.791702418458117, "target": 10, "value": 0.023934515418285861, "supply": [{"l": "Potash", "v": 0.43150250034520199}, {"l": "Phosphate", "v": 1.308648584380252}, {"l": "Nitrogen", "v": 4.4467061702240311}]}, {"source": 24, "prod": 16.649913825055595, "target": 18, "value": 0.14274716980007615, "supply": [{"l": "Potash", "v": 0.43150250034520199}, {"l": "Phosphate", "v": 1.308648584380252}, {"l": "Nitrogen", "v": 4.4467061702240311}]}, {"source": 24, "prod": 0.74389675222386953, "target": 16, "value": 0.0063777600964893457, "supply": [{"l": "Potash", "v": 0.43150250034520199}, {"l": "Phosphate", "v": 1.308648584380252}, {"l": "Nitrogen", "v": 4.4467061702240311}]}, {"source": 24, "prod": 8.391824036323202, "target": 11, "value": 0.071946866706464094, "supply": [{"l": "Potash", "v": 0.43150250034520199}, {"l": "Phosphate", "v": 1.308648584380252}, {"l": "Nitrogen", "v": 4.4467061702240311}]}, {"source": 24, "prod": 2.2734822090437361, "target": 20, "value": 0.019491581418484293, "supply": [{"l": "Potash", "v": 0.43150250034520199}, {"l": "Phosphate", "v": 1.308648584380252}, {"l": "Nitrogen", "v": 4.4467061702240311}]}, {"source": 24, "prod": 28.95346460340993, "target": 19, "value": 0.24823102218246174, "supply": [{"l": "Potash", "v": 0.43150250034520199}, {"l": "Phosphate", "v": 1.308648584380252}, {"l": "Nitrogen", "v": 4.4467061702240311}]}, {"source": 24, "prod": 7.3470252270200147, "target": 5, "value": 0.0629893384810577, "supply": [{"l": "Potash", "v": 0.43150250034520199}, {"l": "Phosphate", "v": 1.308648584380252}, {"l": "Nitrogen", "v": 4.4467061702240311}]}, {"source": 24, "prod": 7.1046319032616747, "target": 17, "value": 0.060911191932763412, "supply": [{"l": "Potash", "v": 0.43150250034520199}, {"l": "Phosphate", "v": 1.308648584380252}, {"l": "Nitrogen", "v": 4.4467061702240311}]}, {"source": 22, "prod": 0, "target": 24, "value": 7.676731081204565, "supply": [{"l": "Natural gas (including LNG)", "v": 5.151001587717527}, {"l": "Fuel oil", "v": 1.7396799680234523}, {"l": "Liquefied petroleum gas (LPG)", "v": 0.39302476273179271}, {"l": "Coal", "v": 0.39302476273179271}]}, {"source": 25, "prod": 0, "target": 6, "value": 0.00015768703605459735, "supply": "[{\"l\":'Labor',\"v\":0.00015768703605459735}]"}, {"source": 25, "prod": 0, "target": 0, "value": 0.030530636134570886, "supply": "[{\"l\":'Labor',\"v\":0.030530636134570886}]"}, {"source": 25, "prod": 0, "target": 8, "value": 0.013312424774609276, "supply": "[{\"l\":'Labor',\"v\":0.013312424774609276}]"}, {"source": 25, "prod": 0, "target": 7, "value": 0.21468483470233218, "supply": "[{\"l\":'Labor',\"v\":0.21468483470233218}]"}, {"source": 25, "prod": 0, "target": 12, "value": 0.066719810909100966, "supply": "[{\"l\":'Labor',\"v\":0.066719810909100966}]"}, {"source": 25, "prod": 0, "target": 13, "value": 0.005052050039749215, "supply": "[{\"l\":'Labor',\"v\":0.005052050039749215}]"}, {"source": 25, "prod": 0, "target": 14, "value": 0.030093964342419694, "supply": "[{\"l\":'Labor',\"v\":0.030093964342419694}]"}, {"source": 25, "prod": 0, "target": 2, "value": 0.0040149545333901327, "supply": "[{\"l\":'Labor',\"v\":0.0040149545333901327}]"}, {"source": 25, "prod": 0, "target": 3, "value": 0.0030567025450583484, "supply": "[{\"l\":'Labor',\"v\":0.0030567025450583484}]"}, {"source": 25, "prod": 0, "target": 9, "value": 0.00038815270413439343, "supply": "[{\"l\":'Labor',\"v\":0.00038815270413439343}]"}, {"source": 25, "prod": 0, "target": 15, "value": 0.0080420388387844651, "supply": "[{\"l\":'Labor',\"v\":0.0080420388387844651}]"}, {"source": 25, "prod": 0, "target": 4, "value": 0.086103186571812249, "supply": "[{\"l\":'Labor',\"v\":0.086103186571812249}]"}, {"source": 25, "prod": 0, "target": 10, "value": 0.002025671924701366, "supply": "[{\"l\":'Labor',\"v\":0.002025671924701366}]"}, {"source": 25, "prod": 0, "target": 18, "value": 0.012081252916182996, "supply": "[{\"l\":'Labor',\"v\":0.012081252916182996}]"}, {"source": 25, "prod": 0, "target": 16, "value": 0.00053977485418689095, "supply": "[{\"l\":'Labor',\"v\":0.00053977485418689095}]"}, {"source": 25, "prod": 0, "target": 11, "value": 0.0060891455461082981, "supply": "[{\"l\":'Labor',\"v\":0.0060891455461082981}]"}, {"source": 25, "prod": 0, "target": 20, "value": 0.0016496489925711723, "supply": "[{\"l\":'Labor',\"v\":0.0016496489925711723}]"}, {"source": 25, "prod": 0, "target": 19, "value": 0.021008765111274044, "supply": "[{\"l\":'Labor',\"v\":0.021008765111274044}]"}, {"source": 25, "prod": 0, "target": 5, "value": 0.0053310347958458104, "supply": "[{\"l\":'Labor',\"v\":0.0053310347958458104}]"}, {"source": 25, "prod": 0, "target": 17, "value": 0.005155153101784913, "supply": "[{\"l\":'Labor',\"v\":0.005155153101784913}]"}]}