{"nodes": [{"layer": 5, "name": "Fruits, Roots & Vegetables", "fill": "#98df8a"}, {"layer": 10, "name": "Feed", "fill": "#dbdb8d"}, {"layer": 13, "name": "Aquatic Products", "fill": "#1f77b4"}, {"layer": 13, "name": "Animal Products", "fill": "#17becf"}, {"layer": 5, "name": "Cereals", "fill": "#e7ba52"}, {"layer": 5, "name": "Sugar Crops", "fill": "#ffbb78"}, {"layer": 13, "name": "Other Processed", "fill": "#9c9ede"}, {"layer": 16, "name": "Food", "fill": "#b5cf6b"}, {"layer": 5, "name": "Oilcrops", "fill": "#ff9896"}, {"layer": 13, "name": "Sugar", "fill": "#d6616b"}, {"layer": 13, "name": "Vegetable Oils", "fill": "#f7b6d2"}, {"layer": 10, "name": "Processing", "fill": "#9edae5"}, {"layer": 16, "name": "Biofuels & Other", "fill": "#e7ba52"}, {"name": "Waste", "fill": "#c7c7c7"}, {"layer": 2, "name": "Import", "fill": "#aec7e8"}, {"layer": 16, "name": "Export", "fill": "#aec7e8"}, {"layer": 16, "name": "Stock Deposit", "fill": "#c7c7c7"}, {"layer": 0, "name": "Stock Draw", "fill": "#c7c7c7"}, {"layer": 2, "name": "Electricity", "fill": "#bcbd22"}, {"layer": 0, "name": "Fossil Fuels", "fill": "#c49c94"}, {"layer": 0, "name": "Renewables & Nuclear", "fill": "#2ca02c"}, {"layer": 2, "name": "Fertilizers", "fill": "#c5b0d5"}, {"layer": 0, "name": "Labor", "fill": "#7f7f7f"}], "links": [{"source": 0, "prod": 245.0, "target": 1, "value": 0.21951499483623038, "supply": [{"l": "Roots, Other", "v": 0.015671258252659227}, {"l": "Potatoes", "v": 0.0046351410284440394}, {"l": "Fruits, Other", "v": 0.014322862227655213}, {"l": "Yams", "v": 0.0031028193796604877}, {"l": "Bananas", "v": 0.0092618545277454549}, {"l": "Vegetables, Other", "v": 0.00054941212938979835}, {"l": "Sweet potatoes", "v": 0.026334190579696284}, {"l": "Plantains", "v": 0.078233263363210431}, {"l": "Cassava", "v": 0.067404193347769453}]}, {"source": 2, "prod": 960.0, "target": 1, "value": 0.87928344731436558, "supply": [{"l": "Fish, Seafood", "v": 0.40752159922080011}, {"l": "Pelagic Fish", "v": 0.43838723436427579}, {"l": "Marine Fish, Other", "v": 0.033374613729289654}]}, {"source": 3, "prod": 2.0, "target": 1, "value": 0.0034597882249966195, "supply": [{"l": "Meat, Other", "v": 0.00226400888456}, {"l": "Offals, Edible", "v": 0.0011957793404366198}]}, {"source": 4, "prod": 1815.0, "target": 1, "value": 6.5964859359347887, "supply": [{"l": "Maize", "v": 4.7702353108111417}, {"l": "Oats", "v": 0.025470099951300004}, {"l": "Barley", "v": 0.14732704873791178}, {"l": "Rice", "v": 0.06620709113282397}, {"l": "Sorghum", "v": 0.13046830860176273}, {"l": "Cereals, Other", "v": 0.024762597174875004}, {"l": "Wheat", "v": 1.4320154795249733}]}, {"source": 5, "prod": 2290.0, "target": 1, "value": 0.74287791524625002, "supply": [{"l": "Sugar cane", "v": 0.74287791524625002}]}, {"source": 6, "prod": 793.0, "target": 7, "value": 2.0003401506269798, "supply": [{"l": "Beer", "v": 0.22915105598818497}, {"l": "Beverages, Alcoholic", "v": 0.41361700775615395}, {"l": "Fats, Animals, Raw", "v": 1.0163653714609182}, {"l": "Butter, Ghee", "v": 0.32891850930486755}, {"l": "Wine", "v": 0.011171096469868422}, {"l": "Beverages, Fermented", "v": 0.0011171096469868424}]}, {"source": 3, "prod": 3466.0, "target": 7, "value": 3.3833914886711787, "supply": [{"l": "Mutton & Goat Meat", "v": 0.033639754652660378}, {"l": "Meat, Other", "v": 0.13131251530448002}, {"l": "Pigmeat", "v": 0.31611637622229333}, {"l": "Poultry Meat", "v": 0.41411534150043833}, {"l": "Milk - Excluding Butter", "v": 1.5597916091548103}, {"l": "Offals, Edible", "v": 0.065767863724014081}, {"l": "Bovine Meat", "v": 0.65494542731914296}, {"l": "Eggs", "v": 0.20770260079333933}]}, {"source": 4, "prod": 2732.0, "target": 7, "value": 9.7527427106445579, "supply": [{"l": "Maize", "v": 0.88395380861561568}, {"l": "Barley", "v": 0.009988274490705884}, {"l": "Cereals, Other", "v": 0.0424501665855}, {"l": "Rice", "v": 4.0469084454938651}, {"l": "Wheat", "v": 4.4083613781455062}, {"l": "Oats", "v": 0.011886046643940001}, {"l": "Sorghum", "v": 0.34919459066942371}]}, {"source": 8, "prod": 197.0, "target": 7, "value": 0.48671729222706872, "supply": [{"l": "Olives", "v": 0.0065044610090685484}, {"l": "Coconuts - Incl Copra", "v": 0.24023245398868165}, {"l": "Sesame seed", "v": 0.031837624939125002}, {"l": "Groundnuts", "v": 0.20814275229019355}]}, {"source": 0, "prod": 6040.0, "target": 7, "value": 5.0362401762052027, "supply": [{"l": "Roots, Other", "v": 0.30498679522482963}, {"l": "Plantains", "v": 0.70937352285517774}, {"l": "Nuts", "v": 0.010612541646375}, {"l": "Yams", "v": 0.2513283697524995}, {"l": "Citrus, Other", "v": 0.0015436424212909091}, {"l": "Cocoa Beans", "v": 0.021769316197692307}, {"l": "Tomatoes", "v": 0.098144083490029968}, {"l": "Coffee", "v": 0.032642185858164266}, {"l": "Treenuts", "v": 0.010612541646375}, {"l": "Apples", "v": 0.0045892071984324325}, {"l": "Vegetables, Other", "v": 0.18542659366905695}, {"l": "Peas", "v": 0.056066257754433961}, {"l": "Grapes", "v": 0.0050194453732854728}, {"l": "Infant food", "v": 0.076538936722340925}, {"l": "Potatoes", "v": 0.21785162833686986}, {"l": "Pepper", "v": 0.0047166851761666672}, {"l": "Beans", "v": 0.39075647013893167}, {"l": "Pulses, Other", "v": 0.63423944892063844}, {"l": "Lemons, Limes", "v": 0.021919722382330909}, {"l": "Pineapples", "v": 0.010996127489015062}, {"l": "Bananas", "v": 0.51248928386858184}, {"l": "Spices, Other", "v": 0.033016796233166675}, {"l": "Tea", "v": 0.0013183403581815468}, {"l": "Fruits, Other", "v": 0.39279364594024146}, {"l": "Sweet potatoes", "v": 0.5233920377714637}, {"l": "Grapefruit", "v": 0.010867242645888}, {"l": "Oranges, Mandarines", "v": 0.11989720318109211}, {"l": "Onions", "v": 0.022074086624460004}, {"l": "Cassava", "v": 0.37125801732819047}]}, {"source": 5, "prod": 235.0, "target": 7, "value": 0.076234196542737442, "supply": [{"l": "Sugar cane", "v": 0.076234196542737442}]}, {"source": 9, "prod": 1121.0, "target": 7, "value": 4.2715718994156235, "supply": [{"l": "Sugar", "v": 3.9212488285152536}, {"l": "Sugar non-centrifugal", "v": 0.30575039598559484}, {"l": "Sweeteners, Other", "v": 0.0339601332684}, {"l": "Honey", "v": 0.010612541646375}]}, {"source": 2, "prod": 647.0, "target": 7, "value": 0.55317591570722624, "supply": [{"l": "Freshwater Fish", "v": 0.010612541646375002}, {"l": "Crustaceans", "v": 0.0016756644704802636}, {"l": "Aquatic Products, Other", "v": 0.00087827930866551734}, {"l": "Marine Fish, Other", "v": 0.032496334420624141}, {"l": "Demersal Fish", "v": 0.06554805134525736}, {"l": "Pelagic Fish", "v": 0.16365134314503507}, {"l": "Fish, Seafood", "v": 0.27253006947891006}, {"l": "Cephalopods", "v": 0.0023583425880833336}, {"l": "Molluscs, Other", "v": 0.0025470099951300008}, {"l": "Aquatic Animals, Others", "v": 0.00087827930866551734}]}, {"source": 10, "prod": 181.0, "target": 7, "value": 1.8622373346009269, "supply": [{"l": "Groundnut Oil", "v": 0.16701704886098362}, {"l": "Soyabean Oil", "v": 0.51421593544291244}, {"l": "Sunflowerseed Oil", "v": 0.67589915045862259}, {"l": "Olive Oil", "v": 0.0084900333171}, {"l": "Coconut Oil", "v": 0.17527810719174194}, {"l": "Oilcrops Oil, Other", "v": 0.039953097962823536}, {"l": "Maize Germ Oil", "v": 0.0084900333171}, {"l": "Cottonseed Oil", "v": 0.27289392804964285}]}, {"source": 5, "prod": 79353.0, "target": 11, "value": 25.742179567046151, "supply": [{"l": "Sugar cane", "v": 25.742179567046151}]}, {"source": 4, "prod": 102.0, "target": 11, "value": 0.26660862832638521, "supply": [{"l": "Maize", "v": 0.019470348207392414}, {"l": "Barley", "v": 0.2347244505315883}, {"l": "Rice", "v": 0.012413829587404494}]}, {"source": 8, "prod": 287.0, "target": 11, "value": 0.88745064549932029, "supply": [{"l": "Cottonseed", "v": 0.039026766054411292}, {"l": "Groundnuts", "v": 0.2211516743083306}, {"l": "Soyabeans", "v": 0.40155562986283783}, {"l": "Coconuts - Incl Copra", "v": 0.21921211426467202}, {"l": "Oilcrops, Other", "v": 0.0065044610090685484}]}, {"source": 9, "prod": 3.0, "target": 11, "value": 0.011465639849459806, "supply": [{"l": "Sugar", "v": 0.011465639849459806}]}, {"source": 6, "prod": 120.0, "target": 12, "value": 0.91809652607129988, "supply": [{"l": "Alcohol, Non-Food", "v": 0.0033513289409605272}, {"l": "Beer", "v": 0.0032602792518644204}, {"l": "Beverages, Alcoholic", "v": 0.003181669290431953}, {"l": "Wine", "v": 0.0011171096469868424}, {"l": "Fats, Animals, Raw", "v": 0.89876937806874579}, {"l": "Fish, Body Oil", "v": 0.00841676087231032}]}, {"source": 3, "prod": 23.0, "target": 12, "value": 0.028045018027443122, "supply": [{"l": "Pigmeat", "v": 0.0077101555176169109}, {"l": "Milk - Excluding Butter", "v": 0.0080084087357869399}, {"l": "Bovine Meat", "v": 0.0048514476097714296}, {"l": "Poultry Meat", "v": 0.00747500616426784}]}, {"source": 4, "prod": 19.0, "target": 12, "value": 0.063652503069194996, "supply": [{"l": "Maize", "v": 0.0077881392829569655}, {"l": "Barley", "v": 0.004994137245352942}, {"l": "Rice", "v": 0.016551772783205992}, {"l": "Wheat", "v": 0.034318453757679099}]}, {"source": 8, "prod": 106.0, "target": 12, "value": 0.15915400076750161, "supply": [{"l": "Coconuts - Incl Copra", "v": 0.15915400076750161}]}, {"source": 0, "prod": 50.0, "target": 12, "value": 0.027239144724508373, "supply": [{"l": "Roots, Other", "v": 0.00120548140405071}, {"l": "Potatoes", "v": 0.0023175705142220197}, {"l": "Fruits, Other", "v": 0.0026041567686645841}, {"l": "Yams", "v": 0.0010342731265534958}, {"l": "Lemons, Limes", "v": 0.0040134702953563643}, {"l": "Tomatoes", "v": 0.0013156043363274797}, {"l": "Bananas", "v": 0.0015436424212909091}, {"l": "Vegetables, Other", "v": 0.0021976485175591934}, {"l": "Oranges, Mandarines", "v": 0.00030821903131386143}, {"l": "Cassava", "v": 0.010699078309169757}]}, {"source": 9, "prod": 133.0, "target": 12, "value": 0.50731816448193146, "supply": [{"l": "Sugar", "v": 0.50448815337623143}, {"l": "Sweeteners, Other", "v": 0.0028300111056999999}]}, {"source": 10, "prod": 37.0, "target": 12, "value": 0.37922365909980277, "supply": [{"l": "Coconut Oil", "v": 0.03286464509845162}, {"l": "Oilcrops Oil, Other", "v": 0.099882744907058854}, {"l": "Soyabean Oil", "v": 0.16454909934173198}, {"l": "Sunflowerseed Oil", "v": 0.081927169752560314}]}, {"source": 0, "prod": 34.0, "target": 0, "value": 0.064569942275209458, "supply": [{"l": "Roots, Other", "v": 0.00241096280810142}, {"l": "Beans", "v": 0.030951007535756969}, {"l": "Pulses, Other", "v": 0.015757501836537603}, {"l": "Potatoes", "v": 0.015450470094813469}]}, {"source": 3, "prod": 13.0, "target": 3, "value": 0.019709005914696431, "supply": [{"l": "Eggs", "v": 0.019709005914696431}]}, {"source": 4, "prod": 29.0, "target": 4, "value": 0.11690357068444028, "supply": [{"l": "Maize", "v": 0.035046626773306347}, {"l": "Rice", "v": 0.070345034328625461}, {"l": "Sorghum", "v": 0.011511909582508474}]}, {"source": 8, "prod": 4.0, "target": 8, "value": 0.026017844036274194, "supply": [{"l": "Groundnuts", "v": 0.019513383027205646}, {"l": "Cottonseed", "v": 0.0065044610090685484}]}, {"source": 3, "prod": 83.0, "target": 13, "value": 0.058330977115507075, "supply": [{"l": "Milk - Excluding Butter", "v": 0.046202358091078505}, {"l": "Eggs", "v": 0.012128619024428572}]}, {"source": 4, "prod": 218.0, "target": 13, "value": 0.79006545710133547, "supply": [{"l": "Maize", "v": 0.28816115346940768}, {"l": "Barley", "v": 0.004994137245352942}, {"l": "Rice", "v": 0.19862127339847191}, {"l": "Sorghum", "v": 0.026861122359186442}, {"l": "Wheat", "v": 0.27142777062891649}]}, {"source": 8, "prod": 10.0, "target": 13, "value": 0.030023552889210468, "supply": [{"l": "Coconuts - Incl Copra", "v": 0.010510169862004821}, {"l": "Groundnuts", "v": 0.019513383027205646}]}, {"source": 0, "prod": 824.0, "target": 13, "value": 0.61767458063413427, "supply": [{"l": "Roots, Other", "v": 0.042191849141774845}, {"l": "Potatoes", "v": 0.027038322665923563}, {"l": "Pineapples", "v": 0.0010228955803734941}, {"l": "Fruits, Other", "v": 0.065103919216614597}, {"l": "Yams", "v": 0.038268105682479341}, {"l": "Grapefruit", "v": 0.0028866113278140006}, {"l": "Beans", "v": 0.023213255651817727}, {"l": "Plantains", "v": 0.10548305172567699}, {"l": "Tomatoes", "v": 0.010524834690619838}, {"l": "Coffee", "v": 0.00091949819318772562}, {"l": "Lemons, Limes", "v": 0.0018523709055490909}, {"l": "Bananas", "v": 0.090303081645518188}, {"l": "Vegetables, Other", "v": 0.019504130593337842}, {"l": "Sweet potatoes", "v": 0.097655956733040394}, {"l": "Oranges, Mandarines", "v": 0.010171228033357427}, {"l": "Cassava", "v": 0.055635207207682731}, {"l": "Onions", "v": 0.0022640088845600004}, {"l": "Pulses, Other", "v": 0.023636252754806398}]}, {"source": 5, "prod": 300.0, "target": 13, "value": 0.097320250905622283, "supply": [{"l": "Sugar cane", "v": 0.097320250905622283}]}, {"source": 9, "prod": 31.0, "target": 13, "value": 0.11847827844441799, "supply": [{"l": "Sugar", "v": 0.11847827844441799}]}, {"source": 14, "prod": 569.0, "target": 11, "value": 4.3191436999816739, "supply": [{"l": "Sugar", "v": 0.31721603583505464}, {"l": "Maize Germ Oil", "v": 0.0084900333171}, {"l": "Beer", "v": 0.011178100292106584}, {"l": "Beverages, Alcoholic", "v": 0.038180031485183438}, {"l": "Fats, Animals, Raw", "v": 1.7471404732551321}, {"l": "Soyabean Oil", "v": 0.63762775994921139}, {"l": "Butter, Ghee", "v": 0.24458042999592713}, {"l": "Sunflowerseed Oil", "v": 0.7578263202111829}, {"l": "Olive Oil", "v": 0.0084900333171}, {"l": "Coconut Oil", "v": 0.065729290196903239}, {"l": "Oilcrops Oil, Other", "v": 0.12984756837917649}, {"l": "Wine", "v": 0.013405315763842109}, {"l": "Sweeteners, Other", "v": 0.036790144374100005}, {"l": "Beverages, Fermented", "v": 0.0011171096469868424}, {"l": "Fish, Body Oil", "v": 0.00841676087231032}, {"l": "Cottonseed Oil", "v": 0.29310829309035713}]}, {"source": 14, "prod": 3905.0, "target": 4, "value": 13.433184565961049, "supply": [{"l": "Maize", "v": 4.8013878679429691}, {"l": "Barley", "v": 0.39453684238288239}, {"l": "Rice", "v": 1.6593152215164004}, {"l": "Cereals, Other", "v": 0.070750277642500012}, {"l": "Wheat", "v": 6.4237905715510237}, {"l": "Oats", "v": 0.037356146595239996}, {"l": "Sorghum", "v": 0.046047638330033898}]}, {"source": 14, "prod": 104.0, "target": 8, "value": 0.42757347389911204, "supply": [{"l": "Olives", "v": 0.0065044610090685484}, {"l": "Groundnuts", "v": 0.019513383027205646}, {"l": "Soyabeans", "v": 0.40155562986283783}]}, {"source": 14, "prod": 552.0, "target": 0, "value": 0.81922610623173053, "supply": [{"l": "Roots, Other", "v": 0.0072328884243042599}, {"l": "Pulses, Other", "v": 0.43333130050478402}, {"l": "Infant food", "v": 0.076538936722340925}, {"l": "Plantains", "v": 0.0052741525862838486}, {"l": "Nuts", "v": 0.0053062708231875}, {"l": "Yams", "v": 0.0010342731265534958}, {"l": "Grapefruit", "v": 0.0011886046643940001}, {"l": "Cocoa Beans", "v": 0.0065307948593076922}, {"l": "Tomatoes", "v": 0.0026312086726549594}, {"l": "Coffee", "v": 0.0055169891591263544}, {"l": "Treenuts", "v": 0.0053062708231875}, {"l": "Vegetables, Other", "v": 0.021976485175591934}, {"l": "Peas", "v": 0.040047326967452834}, {"l": "Grapes", "v": 0.0050194453732854728}, {"l": "Potatoes", "v": 0.06952711542666061}, {"l": "Pepper", "v": 0.0047166851761666672}, {"l": "Beans", "v": 0.030951007535756969}, {"l": "Apples", "v": 0.0040792952874954954}, {"l": "Lemons, Limes", "v": 0.00030872848425818182}, {"l": "Pineapples", "v": 0.00025572389509337352}, {"l": "Bananas", "v": 0.00077182121064545454}, {"l": "Citrus, Other", "v": 0.00030872848425818182}, {"l": "Spices, Other", "v": 0.023583425880833338}, {"l": "Tea", "v": 0.0013183403581815468}, {"l": "Fruits, Other", "v": 0.029947802839642722}, {"l": "Sweet potatoes", "v": 0.0032917738224620356}, {"l": "Oranges, Mandarines", "v": 0.023732865411167328}, {"l": "Onions", "v": 0.0073580288748200003}, {"l": "Cassava", "v": 0.0021398156618339511}]}, {"source": 14, "prod": 2614.0, "target": 1, "value": 2.2393845483249493, "supply": [{"l": "Meat, Other", "v": 0.11093643534343998}, {"l": "Crustaceans", "v": 0.0011171096469868424}, {"l": "Eggs", "v": 0.010612541646375002}, {"l": "Marine Fish, Other", "v": 0.021078703407972414}, {"l": "Mutton & Goat Meat", "v": 0.01201419809023585}, {"l": "Pigmeat", "v": 0.077101555176169109}, {"l": "Milk - Excluding Butter", "v": 0.71028425172018017}, {"l": "Pelagic Fish", "v": 0.49194585575719629}, {"l": "Fish, Seafood", "v": 0.53232508898217012}, {"l": "Poultry Meat", "v": 0.1076400887654569}, {"l": "Offals, Edible", "v": 0.0059788967021830999}, {"l": "Demersal Fish", "v": 0.066172318500926475}, {"l": "Bovine Meat", "v": 0.092177504585657155}]}, {"source": 6, "prod": 51.0, "target": 15, "value": 0.14847177255416502, "supply": [{"l": "Beer", "v": 0.0032602792518644204}, {"l": "Fats, Animals, Raw", "v": 0.0083997138137265961}, {"l": "Beverages, Alcoholic", "v": 0.13681177948857401}]}, {"source": 3, "prod": 18.0, "target": 15, "value": 0.02011964087420972, "supply": [{"l": "Pigmeat", "v": 0.0025700518392056371}, {"l": "Milk - Excluding Butter", "v": 0.0080084087357869399}, {"l": "Meat, Other", "v": 0.00226400888456}, {"l": "Bovine Meat", "v": 0.0072771714146571435}]}, {"source": 4, "prod": 30.0, "target": 15, "value": 0.094369993184450635, "supply": [{"l": "Maize", "v": 0.0038940696414784827}, {"l": "Wheat", "v": 0.090475923542972153}]}, {"source": 8, "prod": 20.0, "target": 15, "value": 0.030029056748585206, "supply": [{"l": "Coconuts - Incl Copra", "v": 0.030029056748585206}]}, {"source": 0, "prod": 589.0, "target": 15, "value": 0.4063576993576396, "supply": [{"l": "Roots, Other", "v": 0.026520590889115615}, {"l": "Cocoa Beans", "v": 0.069661811832615383}, {"l": "Infant food", "v": 0.0045022903954318192}, {"l": "Potatoes", "v": 0.0092702820568880788}, {"l": "Pimento", "v": 0.007718212106454546}, {"l": "Fruits, Other", "v": 0.019531175764984379}, {"l": "Coffee", "v": 0.029883691278601084}, {"l": "Yams", "v": 0.0031028193796604877}, {"l": "Grapefruit", "v": 0.010697441979546}, {"l": "Beans", "v": 0.011606627825908863}, {"l": "Pulses, Other", "v": 0.031515003673075206}, {"l": "Lemons, Limes", "v": 0.0018523709055490909}, {"l": "Tomatoes", "v": 0.0002631208672654959}, {"l": "Bananas", "v": 0.090303081645518188}, {"l": "Spices, Other", "v": 0.018866740704666669}, {"l": "Vegetables, Other", "v": 0.0087905940702367735}, {"l": "Sweet potatoes", "v": 0.0076808055857447502}, {"l": "Oranges, Mandarines", "v": 0.049623264041531688}, {"l": "Plantains", "v": 0.0017580508620946163}, {"l": "Cassava", "v": 0.0032097234927509267}]}, {"source": 9, "prod": 7367.0, "target": 15, "value": 28.150539055249546, "supply": [{"l": "Sugar", "v": 28.113748910875447}, {"l": "Sweeteners, Other", "v": 0.0084900333171}, {"l": "Honey", "v": 0.028300111057000001}]}, {"source": 2, "prod": 135.0, "target": 15, "value": 0.099167297496261686, "supply": [{"l": "Fish, Seafood", "v": 0.057732226556280013}, {"l": "Crustaceans", "v": 0.011729651293361844}, {"l": "Marine Fish, Other", "v": 0.00087827930866551734}, {"l": "Pelagic Fish", "v": 0.0019836526441822429}, {"l": "Demersal Fish", "v": 0.02684348769377206}]}, {"source": 10, "prod": 6.0, "target": 15, "value": 0.063796075779347261, "supply": [{"l": "Coconut Oil", "v": 0.043819526797935486}, {"l": "Oilcrops Oil, Other", "v": 0.019976548981411768}]}, {"source": 10, "prod": 15.0, "target": 16, "value": 0.15373337206737042, "supply": [{"l": "Soyabean Oil", "v": 0.12341182450629898}, {"l": "Cottonseed Oil", "v": 0.030321547561071433}]}, {"source": 3, "prod": 61.0, "target": 16, "value": 0.037577917914077184, "supply": [{"l": "Milk - Excluding Butter", "v": 0.037577917914077184}]}, {"source": 17, "prod": 3.0, "target": 5, "value": 0.00097320250905622279, "supply": [{"l": "Sugar cane", "v": 0.00097320250905622279}]}, {"source": 6, "prod": 10.0, "target": 16, "value": 0.037258521495975819, "supply": [{"l": "Beer", "v": 0.0013972625365133229}, {"l": "Beverages, Alcoholic", "v": 0.0095450078712958596}, {"l": "Wine", "v": 0.0011171096469868424}, {"l": "Fats, Animals, Raw", "v": 0.025199141441179792}]}, {"source": 2, "prod": 1.0, "target": 16, "value": 0.00087827930866551734, "supply": [{"l": "Marine Fish, Other", "v": 0.00087827930866551734}]}, {"source": 4, "prod": 99.0, "target": 16, "value": 0.33840743840356152, "supply": [{"l": "Maize", "v": 0.081775462471048138}, {"l": "Rice", "v": 0.024827659174808989}, {"l": "Sorghum", "v": 0.038373031941694918}, {"l": "Wheat", "v": 0.19343128481600946}]}, {"source": 17, "prod": 25.0, "target": 1, "value": 0.018303513004218532, "supply": [{"l": "Fish, Seafood", "v": 0.010188039980520003}, {"l": "Demersal Fish", "v": 0.008115473023698529}]}, {"source": 0, "prod": 11.0, "target": 16, "value": 0.011422916623207578, "supply": [{"l": "Potatoes", "v": 0.0015450470094813468}, {"l": "Fruits, Other", "v": 0.001302078384332292}, {"l": "Bananas", "v": 0.0038591060532272726}, {"l": "Spices, Other", "v": 0.0047166851761666672}]}, {"source": 17, "prod": 2.0, "target": 8, "value": 0.0030029056748585208, "supply": [{"l": "Coconuts - Incl Copra", "v": 0.0030029056748585208}]}, {"source": 17, "prod": 43.0, "target": 11, "value": 0.17067315737855382, "supply": [{"l": "Sugar", "v": 0.15669707794261734}, {"l": "Groundnut Oil", "v": 0.010438565553811476}, {"l": "Honey", "v": 0.0035375138821250002}]}, {"source": 17, "prod": 3.0, "target": 4, "value": 0.0074912058680294122, "supply": [{"l": "Barley", "v": 0.0074912058680294122}]}, {"source": 1, "prod": 1743.0, "target": 2, "value": 1.5325049398265189, "supply": [{"l": "Pelagic Fish", "v": 0.6040222301534931}, {"l": "Crustaceans", "v": 0.013405315763842109}, {"l": "Freshwater Fish", "v": 0.010612541646375002}, {"l": "Molluscs, Other", "v": 0.0025470099951300008}, {"l": "Aquatic Animals, Others", "v": 0.00087827930866551734}, {"l": "Marine Fish, Other", "v": 0.067627506767244827}, {"l": "Aquatic Products, Other", "v": 0.00087827930866551734}, {"l": "Fish, Seafood", "v": 0.7377838952559902}, {"l": "Demersal Fish", "v": 0.092391539039029413}, {"l": "Cephalopods", "v": 0.0023583425880833336}]}, {"source": 1, "prod": 3653.0, "target": 3, "value": 3.5309248308274128, "supply": [{"l": "Milk - Excluding Butter", "v": 1.6595887026315399}, {"l": "Pigmeat", "v": 0.32639658357911583}, {"l": "Bovine Meat", "v": 0.66707404634357148}, {"l": "Eggs", "v": 0.23954022573246433}, {"l": "Poultry Meat", "v": 0.42159034766470616}, {"l": "Offals, Edible", "v": 0.066963643064450698}, {"l": "Meat, Other", "v": 0.1358405330736}, {"l": "Mutton & Goat Meat", "v": 0.033639754652660378}]}, {"source": 11, "prod": 974.0, "target": 6, "value": 3.1041669707484201, "supply": [{"l": "Fats, Animals, Raw", "v": 1.9487336047845705}, {"l": "Alcohol, Non-Food", "v": 0.0033513289409605272}, {"l": "Beverages, Fermented", "v": 0.0011171096469868424}, {"l": "Fish, Body Oil", "v": 0.00841676087231032}, {"l": "Beer", "v": 0.23706887702842713}, {"l": "Beverages, Alcoholic", "v": 0.56315546440645581}, {"l": "Butter, Ghee", "v": 0.32891850930486755}, {"l": "Wine", "v": 0.013405315763842107}]}, {"source": 11, "prod": 239.0, "target": 10, "value": 2.4589904415474475, "supply": [{"l": "Olive Oil", "v": 0.0084900333171}, {"l": "Soyabean Oil", "v": 0.8021768592909434}, {"l": "Coconut Oil", "v": 0.25196227908812907}, {"l": "Maize Germ Oil", "v": 0.0084900333171}, {"l": "Groundnut Oil", "v": 0.16701704886098362}, {"l": "Cottonseed Oil", "v": 0.30321547561071427}, {"l": "Oilcrops Oil, Other", "v": 0.15981239185129414}, {"l": "Sunflowerseed Oil", "v": 0.7578263202111829}]}, {"source": 11, "prod": 8655.0, "target": 9, "value": 33.059373037440977, "supply": [{"l": "Honey", "v": 0.038912652703375003}, {"l": "Sweeteners, Other", "v": 0.045280177691199998}, {"l": "Sugar non-centrifugal", "v": 0.30575039598559484}, {"l": "Sugar", "v": 32.669429811060809}]}, {"source": 18, "prod": 0, "target": 0, "value": 0.00011894834738950948, "supply": "[{\"l\":'Energy for power irrigation',\"v\":0.00011894834738950948}]"}, {"source": 18, "prod": 0, "target": 5, "value": 0.0013005346385614319, "supply": "[{\"l\":'Energy for power irrigation',\"v\":0.0013005346385614319}]"}, {"source": 18, "prod": 0, "target": 4, "value": 4.8894481008500476e-05, "supply": "[{\"l\":'Energy for power irrigation',\"v\":4.8894481008500476e-05}]"}, {"source": 18, "prod": 0, "target": 8, "value": 9.0366559818267598e-06, "supply": "[{\"l\":'Energy for power irrigation',\"v\":9.0366559818267598e-06}]"}, {"source": 18, "prod": 0, "target": 11, "value": 0.87200000069759986, "supply": "[{\"l\":'Electricity',\"v\":0.87200000069759986}]"}, {"source": 19, "prod": 0, "target": 18, "value": 1.5158707769355964, "supply": [{"l": "Coal", "v": 0.87847198864816478}, {"l": "Natural gas", "v": 0.20769534185361327}, {"l": "Oil", "v": 0.42970344643381814}]}, {"source": 20, "prod": 0, "target": 18, "value": 0.27481544357495857, "supply": [{"l": "Nuclear", "v": 0.081206789874360585}, {"l": "Hydroelectric", "v": 0.18997893369814037}, {"l": "Renewable", "v": 0.0036297200024576568}]}, {"source": 19, "prod": 0, "target": 0, "value": 0.12725570853130916, "supply": [{"l": "Motor Gasoline", "v": 0.014861021112686678}, {"l": "Gas-Diesel oil", "v": 0.050968046825903592}, {"l": "Natural gas (including LNG)", "v": 0.0001789137229518336}, {"l": "Fuel oil", "v": 0.037947600638083903}, {"l": "Liquefied petroleum gas (LPG)", "v": 0.0010578273869527159}, {"l": "Other fossil fuels", "v": 0.022242298844730432}]}, {"source": 19, "prod": 0, "target": 5, "value": 1.3913640713115212, "supply": [{"l": "Motor Gasoline", "v": 0.16248458381815503}, {"l": "Gas-Diesel oil", "v": 0.55726465992712615}, {"l": "Natural gas (including LNG)", "v": 0.001956172566659504}, {"l": "Fuel oil", "v": 0.41490420138848072}, {"l": "Liquefied petroleum gas (LPG)", "v": 0.011565870300374315}, {"l": "Other fossil fuels", "v": 0.24318858331072551}]}, {"source": 19, "prod": 0, "target": 4, "value": 0.052309275080824863, "supply": [{"l": "Motor Gasoline", "v": 0.0061087180318847118}, {"l": "Gas-Diesel oil", "v": 0.020950742505139591}, {"l": "Natural gas (including LNG)", "v": 7.3543633190485623e-05}, {"l": "Fuel oil", "v": 0.015598604599701998}, {"l": "Liquefied petroleum gas (LPG)", "v": 0.00043482673123874618}, {"l": "Other fossil fuels", "v": 0.0091428395796693297}]}, {"source": 19, "prod": 0, "target": 8, "value": 0.0096677766859203738, "supply": [{"l": "Motor Gasoline", "v": 0.0011290105182735623}, {"l": "Gas-Diesel oil", "v": 0.003872106803830622}, {"l": "Natural gas (including LNG)", "v": 1.3592301198176822e-05}, {"l": "Fuel oil", "v": 0.0028829270841333036}, {"l": "Liquefied petroleum gas (LPG)", "v": 8.036448083422044e-05}, {"l": "Other fossil fuels", "v": 0.0016897754976504895}]}, {"source": 21, "prod": 3.5664981431980682, "target": 0, "value": 0.044604074632562475, "supply": [{"l": "Potash", "v": 0.02874221713505944}, {"l": "Phosphate", "v": 0.024347159515588659}, {"l": "Nitrogen", "v": 0.50092159743276354}]}, {"source": 21, "prod": 38.99469370856675, "target": 5, "value": 0.48768348071847883, "supply": [{"l": "Potash", "v": 0.02874221713505944}, {"l": "Phosphate", "v": 0.024347159515588659}, {"l": "Nitrogen", "v": 0.50092159743276354}]}, {"source": 21, "prod": 1.4660319336629102, "target": 4, "value": 0.018334790923004496, "supply": [{"l": "Potash", "v": 0.02874221713505944}, {"l": "Phosphate", "v": 0.024347159515588659}, {"l": "Nitrogen", "v": 0.50092159743276354}]}, {"source": 21, "prod": 0.27095136239570211, "target": 8, "value": 0.0033886278093657766, "supply": [{"l": "Potash", "v": 0.02874221713505944}, {"l": "Phosphate", "v": 0.024347159515588659}, {"l": "Nitrogen", "v": 0.50092159743276354}]}, {"source": 19, "prod": 0, "target": 21, "value": 0.68168368939846935, "supply": [{"l": "Natural gas (including LNG)", "v": 0.45397223293090938}, {"l": "Fuel oil", "v": 0.13916295137561077}, {"l": "Liquefied petroleum gas (LPG)", "v": 0.044274252545974647}, {"l": "Coal", "v": 0.044274252545974647}]}, {"source": 22, "prod": 0, "target": 4, "value": 0.081698250275827569, "supply": "[{\"l\":'Labor',\"v\":0.081698250275827569}]"}, {"source": 22, "prod": 0, "target": 8, "value": 0.015099433859037883, "supply": "[{\"l\":'Labor',\"v\":0.015099433859037883}]"}, {"source": 22, "prod": 0, "target": 0, "value": 0.19875191748603979, "supply": "[{\"l\":'Labor',\"v\":0.19875191748603979}]"}, {"source": 22, "prod": 0, "target": 5, "value": 2.1730756151211139, "supply": "[{\"l\":'Labor',\"v\":2.1730756151211139}]"}, {"source": 19, "prod": 0, "target": 14, "value": 15.429899333613449, "supply": "[{\"l\":'Fossil Fuels',\"v\":15.429899333613449}]"}, {"source": 20, "prod": 0, "target": 14, "value": 0.66952092219588044, "supply": "[{\"l\":'Renewables & Nuclear',\"v\":0.027208581092923904},{\"l\":'Biomass & Waste',\"v\":0.64231234110295654}]"}]}