{"nodes": [{"name": "Balance", "fill": "#9edae5"}, {"name": "Food", "fill": "#b5cf6b"}, {"name": "Stock Deposit", "fill": "#c7c7c7"}, {"name": "Export", "fill": "#aec7e8"}, {"name": "Biofuels & Other", "fill": "#e7ba52"}, {"name": "Crop Residue", "fill": "#bd9e39"}, {"name": "Renewables & Nuclear", "fill": "#2ca02c"}, {"name": "Fossil Fuels", "fill": "#c49c94"}, {"name": "Stock Draw", "fill": "#c7c7c7"}, {"name": "Labor", "fill": "#7f7f7f"}], "links": [{"source": 0, "target": 1, "value": 25.093568976668106}, {"source": 0, "target": 2, "value": 0.28023857651648254}, {"source": 0, "target": 3, "value": 30.678414191202638}, {"source": 0, "target": 4, "value": 1.7842544778618346}, {"source": 0, "target": 5, "value": 154.08193280842883}, {"source": 6, "target": 0, "value": 0.83880637533615832}, {"source": 7, "target": 0, "value": 14.971921285273039}, {"source": 8, "target": 0, "value": 1.6512665631405257}, {"source": 9, "target": 0, "value": 2.2474502211860758}]}