{"nodes": [{"layer": 5, "name": "Fruits, Roots & Vegetables", "fill": "#98df8a"}, {"layer": 10, "name": "Feed", "fill": "#dbdb8d"}, {"layer": 5, "name": "Sugar Crops", "fill": "#ffbb78"}, {"layer": 13, "name": "Animal Products", "fill": "#17becf"}, {"layer": 5, "name": "Cereals", "fill": "#e7ba52"}, {"layer": 13, "name": "Aquatic Products", "fill": "#1f77b4"}, {"layer": 13, "name": "Other Processed", "fill": "#9c9ede"}, {"layer": 16, "name": "Food", "fill": "#b5cf6b"}, {"layer": 5, "name": "Oilcrops", "fill": "#ff9896"}, {"layer": 13, "name": "Sugar", "fill": "#d6616b"}, {"layer": 13, "name": "Vegetable Oils", "fill": "#f7b6d2"}, {"layer": 10, "name": "Processing", "fill": "#9edae5"}, {"layer": 16, "name": "Biofuels & Other", "fill": "#e7ba52"}, {"name": "Seed", "fill": "#dbdb8d"}, {"name": "Waste", "fill": "#c7c7c7"}, {"layer": 0, "name": "Import", "fill": "#aec7e8"}, {"layer": 16, "name": "Export", "fill": "#aec7e8"}, {"layer": 16, "name": "Stock Deposit", "fill": "#c7c7c7"}, {"layer": 0, "name": "Stock Draw", "fill": "#c7c7c7"}, {"layer": 0, "name": "Production", "fill": "#b5cf6b"}], "links": [{"source": 0, "prod": 0.15912544287040417, "target": 1, "value": 175.0, "supply": [{"l": "Vegetables, Other", "v": 1.0}, {"l": "Bananas", "v": 7.0}, {"l": "Potatoes", "v": 3.0}, {"l": "Roots, Other", "v": 10.0}, {"l": "Fruits, Other", "v": 30.0}, {"l": "Yams", "v": 1.0}, {"l": "Sweet potatoes", "v": 17.0}, {"l": "Plantains", "v": 51.0}, {"l": "Cassava", "v": 55.0}]}, {"source": 2, "prod": 0.66019023554592282, "target": 1, "value": 2014.0, "supply": [{"l": "Sugar cane", "v": 2014.0}]}, {"source": 3, "prod": 0.002221229646915698, "target": 1, "value": 1.0, "supply": [{"l": "Meat, Other", "v": 1.0}]}, {"source": 4, "prod": 1.2084785046180659, "target": 1, "value": 329.0, "supply": [{"l": "Maize", "v": 179.0}, {"l": "Wheat", "v": 52.0}, {"l": "Oats", "v": 11.0}, {"l": "Barley", "v": 12.0}, {"l": "Rice", "v": 7.0}, {"l": "Sorghum", "v": 63.0}, {"l": "Cereals, Other", "v": 5.0}]}, {"source": 5, "prod": 0.016591132659757764, "target": 1, "value": 20.0, "supply": [{"l": "Pelagic Fish", "v": 10.0}, {"l": "Fish, Seafood", "v": 10.0}]}, {"source": 6, "prod": 0.80252494703561261, "target": 7, "value": 327.0, "supply": [{"l": "Beer", "v": 189.0}, {"l": "Beverages, Alcoholic", "v": 80.0}, {"l": "Fats, Animals, Raw", "v": 46.0}, {"l": "Butter, Ghee", "v": 9.0}, {"l": "Wine", "v": 3.0}]}, {"source": 3, "prod": 1.6522368554691176, "target": 7, "value": 1353.0, "supply": [{"l": "Mutton & Goat Meat", "v": 10.0}, {"l": "Meat, Other", "v": 31.0}, {"l": "Eggs", "v": 43.0}, {"l": "Pigmeat", "v": 80.0}, {"l": "Poultry Meat", "v": 61.0}, {"l": "Milk - Excluding Butter", "v": 873.0}, {"l": "Offals, Edible", "v": 41.0}, {"l": "Bovine Meat", "v": 214.0}]}, {"source": 4, "prod": 5.501889582654317, "target": 7, "value": 1514.0, "supply": [{"l": "Maize", "v": 232.0}, {"l": "Cereals, Other", "v": 10.0}, {"l": "Rice", "v": 483.0}, {"l": "Wheat", "v": 651.0}, {"l": "Oats", "v": 4.0}, {"l": "Sorghum", "v": 134.0}]}, {"source": 8, "prod": 0.20608293736557459, "target": 7, "value": 97.0, "supply": [{"l": "Olives", "v": 1.0}, {"l": "Coconuts - Incl Copra", "v": 85.0}, {"l": "Sesame seed", "v": 1.0}, {"l": "Groundnuts", "v": 10.0}]}, {"source": 0, "prod": 3.375652923517285, "target": 7, "value": 3770.0, "supply": [{"l": "Roots, Other", "v": 79.0}, {"l": "Infant food", "v": 2.0}, {"l": "Plantains", "v": 572.0}, {"l": "Nuts", "v": 1.0}, {"l": "Yams", "v": 140.0}, {"l": "Citrus, Other", "v": 3.0}, {"l": "Cocoa Beans", "v": 16.0}, {"l": "Tomatoes", "v": 112.0}, {"l": "Coffee", "v": 61.0}, {"l": "Treenuts", "v": 1.0}, {"l": "Vegetables, Other", "v": 353.0}, {"l": "Peas", "v": 1.0}, {"l": "Grapes", "v": 4.0}, {"l": "Potatoes", "v": 157.0}, {"l": "Pepper", "v": 1.0}, {"l": "Beans", "v": 81.0}, {"l": "Pulses, Other", "v": 132.0}, {"l": "Lemons, Limes", "v": 34.0}, {"l": "Pineapples", "v": 53.0}, {"l": "Bananas", "v": 351.0}, {"l": "Spices, Other", "v": 3.0}, {"l": "Tea", "v": 1.0}, {"l": "Fruits, Other", "v": 656.0}, {"l": "Sweet potatoes", "v": 342.0}, {"l": "Grapefruit", "v": 28.0}, {"l": "Oranges, Mandarines", "v": 176.0}, {"l": "Cassava", "v": 362.0}, {"l": "Onions", "v": 44.0}, {"l": "Apples", "v": 4.0}]}, {"source": 2, "prod": 0.046219872498498071, "target": 7, "value": 141.0, "supply": [{"l": "Sugar cane", "v": 141.0}]}, {"source": 9, "prod": 2.5574336498084089, "target": 7, "value": 664.0, "supply": [{"l": "Sugar", "v": 597.0}, {"l": "Sugar non-centrifugal", "v": 60.0}, {"l": "Sweeteners, Other", "v": 3.0}, {"l": "Honey", "v": 4.0}]}, {"source": 5, "prod": 0.23423754024106883, "target": 7, "value": 313.0, "supply": [{"l": "Aquatic Products, Other", "v": 1.0}, {"l": "Crustaceans", "v": 10.0}, {"l": "Marine Fish, Other", "v": 28.0}, {"l": "Demersal Fish", "v": 81.0}, {"l": "Pelagic Fish", "v": 33.0}, {"l": "Fish, Seafood", "v": 155.0}, {"l": "Molluscs, Other", "v": 4.0}, {"l": "Aquatic Animals, Others", "v": 1.0}]}, {"source": 10, "prod": 0.84955420366459533, "target": 7, "value": 82.0, "supply": [{"l": "Groundnut Oil", "v": 13.0}, {"l": "Soyabean Oil", "v": 7.0}, {"l": "Sunflowerseed Oil", "v": 24.0}, {"l": "Olive Oil", "v": 6.0}, {"l": "Coconut Oil", "v": 28.0}, {"l": "Oilcrops Oil, Other", "v": 3.0}, {"l": "Cottonseed Oil", "v": 1.0}]}, {"source": 2, "prod": 23.9681179953559, "target": 11, "value": 73118.0, "supply": [{"l": "Sugar cane", "v": 73118.0}]}, {"source": 10, "prod": 0.022640088845599999, "target": 11, "value": 2.0, "supply": [{"l": "Oilcrops Oil, Other", "v": 2.0}]}, {"source": 4, "prod": 0.11738664647481788, "target": 11, "value": 39.0, "supply": [{"l": "Barley", "v": 39.0}]}, {"source": 8, "prod": 0.60684204514743145, "target": 11, "value": 272.0, "supply": [{"l": "Cottonseed", "v": 7.0}, {"l": "Groundnuts", "v": 32.0}, {"l": "Soyabeans", "v": 8.0}, {"l": "Coconuts - Incl Copra", "v": 225.0}]}, {"source": 6, "prod": 0.5809380385573949, "target": 12, "value": 70.0, "supply": [{"l": "Beer", "v": 1.0}, {"l": "Beverages, Alcoholic", "v": 1.0}, {"l": "Fats, Animals, Raw", "v": 68.0}]}, {"source": 3, "prod": 0.015789389701964578, "target": 12, "value": 13.0, "supply": [{"l": "Pigmeat", "v": 2.0}, {"l": "Milk - Excluding Butter", "v": 9.0}, {"l": "Bovine Meat", "v": 1.0}, {"l": "Poultry Meat", "v": 1.0}]}, {"source": 4, "prod": 0.020827392364078316, "target": 12, "value": 6.0, "supply": [{"l": "Rice", "v": 2.0}, {"l": "Wheat", "v": 4.0}]}, {"source": 8, "prod": 0.038467634965538379, "target": 12, "value": 25.0, "supply": [{"l": "Coconuts - Incl Copra", "v": 25.0}]}, {"source": 0, "prod": 0.019492104618999744, "target": 12, "value": 34.0, "supply": [{"l": "Roots, Other", "v": 1.0}, {"l": "Potatoes", "v": 1.0}, {"l": "Fruits, Other", "v": 3.0}, {"l": "Lemons, Limes", "v": 10.0}, {"l": "Tomatoes", "v": 3.0}, {"l": "Bananas", "v": 2.0}, {"l": "Vegetables, Other", "v": 5.0}, {"l": "Cassava", "v": 9.0}]}, {"source": 9, "prod": 0.015436424212909092, "target": 12, "value": 4.0, "supply": [{"l": "Sugar", "v": 4.0}]}, {"source": 10, "prod": 0.16872570899819075, "target": 12, "value": 16.0, "supply": [{"l": "Coconut Oil", "v": 5.0}, {"l": "Oilcrops Oil, Other", "v": 4.0}, {"l": "Soyabean Oil", "v": 1.0}, {"l": "Palm Oil", "v": 1.0}, {"l": "Sunflowerseed Oil", "v": 5.0}]}, {"source": 0, "prod": 0.05381010472018876, "target": 13, "value": 24.0, "supply": [{"l": "Roots, Other", "v": 2.0}, {"l": "Beans", "v": 8.0}, {"l": "Pulses, Other", "v": 3.0}, {"l": "Potatoes", "v": 11.0}]}, {"source": 3, "prod": 0.005780448215897873, "target": 3, "value": 4.0, "supply": [{"l": "Eggs", "v": 4.0}]}, {"source": 4, "prod": 0.1162281207674741, "target": 13, "value": 29.0, "supply": [{"l": "Maize", "v": 10.0}, {"l": "Rice", "v": 14.0}, {"l": "Sorghum", "v": 5.0}]}, {"source": 8, "prod": 0.026694359671510424, "target": 13, "value": 5.0, "supply": [{"l": "Groundnuts", "v": 3.0}, {"l": "Cottonseed", "v": 2.0}]}, {"source": 3, "prod": 0.024495645375725336, "target": 14, "value": 32.0, "supply": [{"l": "Milk - Excluding Butter", "v": 29.0}, {"l": "Eggs", "v": 3.0}]}, {"source": 4, "prod": 0.31448387514152565, "target": 14, "value": 85.0, "supply": [{"l": "Maize", "v": 22.0}, {"l": "Rice", "v": 23.0}, {"l": "Sorghum", "v": 11.0}, {"l": "Wheat", "v": 29.0}]}, {"source": 8, "prod": 0.018732648730930584, "target": 14, "value": 6.0, "supply": [{"l": "Coconuts - Incl Copra", "v": 4.0}, {"l": "Groundnuts", "v": 2.0}]}, {"source": 0, "prod": 0.42133226369989607, "target": 14, "value": 536.0, "supply": [{"l": "Vegetables, Other", "v": 38.0}, {"l": "Potatoes", "v": 18.0}, {"l": "Pineapples", "v": 6.0}, {"l": "Fruits, Other", "v": 106.0}, {"l": "Yams", "v": 23.0}, {"l": "Grapefruit", "v": 8.0}, {"l": "Beans", "v": 4.0}, {"l": "Pulses, Other", "v": 5.0}, {"l": "Tomatoes", "v": 12.0}, {"l": "Coffee", "v": 2.0}, {"l": "Lemons, Limes", "v": 4.0}, {"l": "Bananas", "v": 82.0}, {"l": "Roots, Other", "v": 13.0}, {"l": "Sweet potatoes", "v": 60.0}, {"l": "Oranges, Mandarines", "v": 17.0}, {"l": "Plantains", "v": 84.0}, {"l": "Onions", "v": 5.0}, {"l": "Cassava", "v": 49.0}]}, {"source": 2, "prod": 0.093423146539517374, "target": 14, "value": 285.0, "supply": [{"l": "Sugar cane", "v": 285.0}]}, {"source": 9, "prod": 0.10419586343713638, "target": 14, "value": 27.0, "supply": [{"l": "Sugar", "v": 27.0}]}, {"source": 15, "prod": 1.7208834439853569, "target": 11, "value": 221.0, "supply": [{"l": "Sugar", "v": 18.0}, {"l": "Beer", "v": 13.0}, {"l": "Beverages, Alcoholic", "v": 7.0}, {"l": "Fats, Animals, Raw", "v": 110.0}, {"l": "Soyabean Oil", "v": 7.0}, {"l": "Butter, Ghee", "v": 6.0}, {"l": "Palm Oil", "v": 1.0}, {"l": "Sunflowerseed Oil", "v": 29.0}, {"l": "Olive Oil", "v": 6.0}, {"l": "Coconut Oil", "v": 14.0}, {"l": "Oilcrops Oil, Other", "v": 4.0}, {"l": "Wine", "v": 3.0}, {"l": "Sweeteners, Other", "v": 3.0}]}, {"source": 15, "prod": 3.9310380893288777, "target": 4, "value": 1155.0, "supply": [{"l": "Maize", "v": 77.0}, {"l": "Barley", "v": 51.0}, {"l": "Rice", "v": 269.0}, {"l": "Cereals, Other", "v": 15.0}, {"l": "Wheat", "v": 727.0}, {"l": "Oats", "v": 15.0}, {"l": "Sorghum", "v": 1.0}]}, {"source": 15, "prod": 0.089894020299433441, "target": 8, "value": 41.0, "supply": [{"l": "Olives", "v": 1.0}, {"l": "Coconuts - Incl Copra", "v": 31.0}, {"l": "Groundnuts", "v": 1.0}, {"l": "Soyabeans", "v": 8.0}]}, {"source": 15, "prod": 0.4562847263749375, "target": 0, "value": 267.0, "supply": [{"l": "Roots, Other", "v": 1.0}, {"l": "Infant food", "v": 2.0}, {"l": "Plantains", "v": 5.0}, {"l": "Fruits, Other", "v": 29.0}, {"l": "Grapefruit", "v": 4.0}, {"l": "Cocoa Beans", "v": 2.0}, {"l": "Tomatoes", "v": 1.0}, {"l": "Pepper", "v": 1.0}, {"l": "Vegetables, Other", "v": 27.0}, {"l": "Grapes", "v": 4.0}, {"l": "Potatoes", "v": 60.0}, {"l": "Coffee", "v": 1.0}, {"l": "Beans", "v": 3.0}, {"l": "Apples", "v": 4.0}, {"l": "Lemons, Limes", "v": 1.0}, {"l": "Bananas", "v": 1.0}, {"l": "Spices, Other", "v": 1.0}, {"l": "Tea", "v": 1.0}, {"l": "Sweet potatoes", "v": 2.0}, {"l": "Oranges, Mandarines", "v": 7.0}, {"l": "Onions", "v": 27.0}, {"l": "Pulses, Other", "v": 83.0}]}, {"source": 15, "prod": 0.56722799781517419, "target": 1, "value": 608.0, "supply": [{"l": "Meat, Other", "v": 27.0}, {"l": "Eggs", "v": 2.0}, {"l": "Marine Fish, Other", "v": 7.0}, {"l": "Mutton & Goat Meat", "v": 2.0}, {"l": "Pigmeat", "v": 20.0}, {"l": "Milk - Excluding Butter", "v": 310.0}, {"l": "Fish, Seafood", "v": 107.0}, {"l": "Pelagic Fish", "v": 33.0}, {"l": "Molluscs, Other", "v": 2.0}, {"l": "Poultry Meat", "v": 8.0}, {"l": "Offals, Edible", "v": 1.0}, {"l": "Demersal Fish", "v": 67.0}, {"l": "Bovine Meat", "v": 22.0}]}, {"source": 6, "prod": 0.041201632274161772, "target": 16, "value": 13.0, "supply": [{"l": "Beverages, Alcoholic", "v": 13.0}]}, {"source": 3, "prod": 0.0048925615725661014, "target": 16, "value": 2.0, "supply": [{"l": "Bovine Meat", "v": 2.0}]}, {"source": 4, "prod": 0.085821765232901054, "target": 16, "value": 23.0, "supply": [{"l": "Maize", "v": 17.0}, {"l": "Wheat", "v": 6.0}]}, {"source": 8, "prod": 0.10014994288413585, "target": 16, "value": 62.0, "supply": [{"l": "Coconuts - Incl Copra", "v": 60.0}, {"l": "Oilcrops, Other", "v": 2.0}]}, {"source": 0, "prod": 0.45328937819136489, "target": 16, "value": 626.0, "supply": [{"l": "Roots, Other", "v": 15.0}, {"l": "Cocoa Beans", "v": 28.0}, {"l": "Plantains", "v": 8.0}, {"l": "Fruits, Other", "v": 19.0}, {"l": "Grapefruit", "v": 48.0}, {"l": "Pulses, Other", "v": 2.0}, {"l": "Lemons, Limes", "v": 10.0}, {"l": "Tomatoes", "v": 1.0}, {"l": "Coffee", "v": 44.0}, {"l": "Pineapples", "v": 1.0}, {"l": "Bananas", "v": 391.0}, {"l": "Spices, Other", "v": 1.0}, {"l": "Vegetables, Other", "v": 3.0}, {"l": "Sweet potatoes", "v": 2.0}, {"l": "Oranges, Mandarines", "v": 46.0}, {"l": "Pimento", "v": 3.0}, {"l": "Cassava", "v": 4.0}]}, {"source": 9, "prod": 31.073521940586001, "target": 16, "value": 8052.0, "supply": [{"l": "Sugar", "v": 8049.0}, {"l": "Honey", "v": 3.0}]}, {"source": 5, "prod": 0.0022543648632240344, "target": 16, "value": 3.0, "supply": [{"l": "Crustaceans", "v": 1.0}, {"l": "Fish, Seafood", "v": 2.0}]}, {"source": 10, "prod": 0.076501590534729033, "target": 16, "value": 7.0, "supply": [{"l": "Coconut Oil", "v": 3.0}, {"l": "Oilcrops Oil, Other", "v": 4.0}]}, {"source": 10, "prod": 0.010407137614509678, "target": 17, "value": 1.0, "supply": [{"l": "Coconut Oil", "v": 1.0}]}, {"source": 3, "prod": 0.0045318300152970437, "target": 17, "value": 4.0, "supply": [{"l": "Bovine Meat", "v": 1.0}, {"l": "Milk - Excluding Butter", "v": 3.0}]}, {"source": 6, "prod": 0.11353978945108169, "target": 17, "value": 14.0, "supply": [{"l": "Fats, Animals, Raw", "v": 13.0}, {"l": "Beverages, Alcoholic", "v": 1.0}]}, {"source": 4, "prod": 0.0041352728783177221, "target": 17, "value": 1.0, "supply": [{"l": "Rice", "v": 1.0}]}, {"source": 0, "prod": 0.04326115216061905, "target": 17, "value": 63.0, "supply": [{"l": "Coffee", "v": 18.0}, {"l": "Bananas", "v": 4.0}, {"l": "Roots, Other", "v": 8.0}, {"l": "Fruits, Other", "v": 1.0}, {"l": "Grapefruit", "v": 21.0}, {"l": "Cocoa Beans", "v": 11.0}]}, {"source": 8, "prod": 0.049238572755889123, "target": 17, "value": 32.0, "supply": [{"l": "Coconuts - Incl Copra", "v": 32.0}]}, {"source": 9, "prod": 0.38591060532272725, "target": 17, "value": 100.0, "supply": [{"l": "Sugar", "v": 100.0}]}, {"source": 18, "prod": 0.047088174777910767, "target": 4, "value": 15.0, "supply": [{"l": "Wheat", "v": 15.0}]}, {"source": 19, "prod": 3.3832035272076846, "target": 4, "value": 854.0, "supply": [{"l": "Maize", "v": 383.0}, {"l": "Rice", "v": 260.0}, {"l": "Sorghum", "v": 211.0}]}, {"source": 19, "prod": 1.0228488824397488, "target": 8, "value": 475.0, "supply": [{"l": "Coconuts - Incl Copra", "v": 399.0}, {"l": "Sesame seed", "v": 1.0}, {"l": "Oilcrops, Other", "v": 3.0}, {"l": "Cottonseed", "v": 27.0}, {"l": "Groundnuts", "v": 45.0}]}, {"source": 19, "prod": 4.073099910144629, "target": 0, "value": 4960.0, "supply": [{"l": "Roots, Other", "v": 124.0}, {"l": "Plantains", "v": 710.0}, {"l": "Nuts", "v": 1.0}, {"l": "Yams", "v": 165.0}, {"l": "Citrus, Other", "v": 4.0}, {"l": "Tomatoes", "v": 127.0}, {"l": "Coffee", "v": 124.0}, {"l": "Treenuts", "v": 1.0}, {"l": "Vegetables, Other", "v": 374.0}, {"l": "Peas", "v": 2.0}, {"l": "Pimento", "v": 2.0}, {"l": "Cocoa Beans", "v": 53.0}, {"l": "Potatoes", "v": 130.0}, {"l": "Beans", "v": 91.0}, {"l": "Pulses, Other", "v": 59.0}, {"l": "Lemons, Limes", "v": 57.0}, {"l": "Pineapples", "v": 59.0}, {"l": "Bananas", "v": 835.0}, {"l": "Spices, Other", "v": 3.0}, {"l": "Fruits, Other", "v": 785.0}, {"l": "Sweet potatoes", "v": 419.0}, {"l": "Grapefruit", "v": 101.0}, {"l": "Oranges, Mandarines", "v": 233.0}, {"l": "Cassava", "v": 479.0}, {"l": "Onions", "v": 21.0}, {"l": "Apples", "v": 1.0}]}, {"source": 19, "prod": 24.789913884389485, "target": 2, "value": 75625.0, "supply": [{"l": "Sugar cane", "v": 75625.0}]}, {"source": 1, "prod": 0.25308303776405067, "target": 5, "value": 336.0, "supply": [{"l": "Pelagic Fish", "v": 43.0}, {"l": "Crustaceans", "v": 11.0}, {"l": "Molluscs, Other", "v": 4.0}, {"l": "Aquatic Animals, Others", "v": 1.0}, {"l": "Demersal Fish", "v": 81.0}, {"l": "Aquatic Products, Other", "v": 1.0}, {"l": "Fish, Seafood", "v": 167.0}, {"l": "Marine Fish, Other", "v": 28.0}]}, {"source": 1, "prod": 1.7041675117815862, "target": 3, "value": 1405.0, "supply": [{"l": "Milk - Excluding Butter", "v": 914.0}, {"l": "Pigmeat", "v": 82.0}, {"l": "Bovine Meat", "v": 218.0}, {"l": "Eggs", "v": 50.0}, {"l": "Poultry Meat", "v": 62.0}, {"l": "Offals, Edible", "v": 41.0}, {"l": "Meat, Other", "v": 32.0}, {"l": "Mutton & Goat Meat", "v": 10.0}]}, {"source": 11, "prod": 1.5382044073182508, "target": 6, "value": 424.0, "supply": [{"l": "Fats, Animals, Raw", "v": 127.0}, {"l": "Beer", "v": 190.0}, {"l": "Beverages, Alcoholic", "v": 95.0}, {"l": "Butter, Ghee", "v": 9.0}, {"l": "Wine", "v": 3.0}]}, {"source": 11, "prod": 1.1278287296576248, "target": 10, "value": 108.0, "supply": [{"l": "Olive Oil", "v": 6.0}, {"l": "Soyabean Oil", "v": 8.0}, {"l": "Coconut Oil", "v": 37.0}, {"l": "Palm Oil", "v": 1.0}, {"l": "Groundnut Oil", "v": 13.0}, {"l": "Cottonseed Oil", "v": 1.0}, {"l": "Oilcrops Oil, Other", "v": 13.0}, {"l": "Sunflowerseed Oil", "v": 29.0}]}, {"source": 11, "prod": 34.136498483367184, "target": 9, "value": 8847.0, "supply": [{"l": "Honey", "v": 7.0}, {"l": "Sweeteners, Other", "v": 3.0}, {"l": "Sugar non-centrifugal", "v": 60.0}, {"l": "Sugar", "v": 8777.0}]}]}