{"nodes": [{"layer": 13, "name": "Animal Products", "fill": "#17becf"}, {"layer": 10, "name": "Feed", "fill": "#dbdb8d"}, {"layer": 5, "name": "Cereals", "fill": "#e7ba52"}, {"layer": 5, "name": "Sugar Crops", "fill": "#ffbb78"}, {"layer": 5, "name": "Starchy Roots"}, {"layer": 5, "name": "Fruits & Vegetables"}, {"layer": 13, "name": "Aquatic Products", "fill": "#1f77b4"}, {"layer": 13, "name": "Other Processed", "fill": "#9c9ede"}, {"layer": 16, "name": "Food", "fill": "#b5cf6b"}, {"layer": 5, "name": "Oilcrops", "fill": "#ff9896"}, {"layer": 13, "name": "Sugar", "fill": "#d6616b"}, {"layer": 5, "name": "Others"}, {"layer": 13, "name": "Vegetable Oils", "fill": "#f7b6d2"}, {"layer": 10, "name": "Processing", "fill": "#9edae5"}, {"layer": 16, "name": "Biofuels & Other", "fill": "#e7ba52"}, {"name": "Waste", "fill": "#c7c7c7"}, {"layer": 2, "name": "Import", "fill": "#aec7e8"}, {"layer": 16, "name": "Export", "fill": "#aec7e8"}, {"layer": 0, "name": "Stock Draw", "fill": "#c7c7c7"}, {"layer": 16, "name": "Stock Deposit", "fill": "#c7c7c7"}, {"name": "Crop Residue", "fill": "#bd9e39"}, {"layer": 2, "name": "Electricity", "fill": "#bcbd22"}, {"layer": 0, "name": "Fossil Fuels", "fill": "#c49c94"}, {"layer": 0, "name": "Renewables & Nuclear", "fill": "#2ca02c"}, {"layer": 2, "name": "Fertilizers", "fill": "#c5b0d5"}, {"layer": 0, "name": "Labor", "fill": "#7f7f7f"}], "links": [{"source": 0, "prod": 1.0, "target": 1, "value": 0.0023748344942937064, "supply": [{"l": "Meat, Other", "v": 0.0023748344942937064}]}, {"source": 2, "prod": 495.0, "target": 1, "value": 1.7430952686511454, "supply": [{"l": "Maize", "v": 0.9483555263518636}, {"l": "Wheat", "v": 0.25051342306240065}, {"l": "Oats", "v": 0.037356146595239996}, {"l": "Barley", "v": 0.21726463213051184}, {"l": "Rice", "v": 0.033123212247207226}, {"l": "Sorghum", "v": 0.24552744656443856}, {"l": "Cereals, Other", "v": 0.010954881699483872}]}, {"source": 3, "prod": 424.0, "target": 1, "value": 0.13566987913757791, "supply": [{"l": "Sugar cane", "v": 0.13566987913757791}]}, {"source": 4, "prod": 98.0, "target": 1, "value": 0.10826189504687547, "supply": [{"l": "Potatoes", "v": 0.0022597046851596959}, {"l": "Roots, Other", "v": 0.011991572481779662}, {"l": "Yams", "v": 0.001058607645523691}, {"l": "Sweet potatoes", "v": 0.029565464259892524}, {"l": "Cassava", "v": 0.063386545974519898}]}, {"source": 5, "prod": 98.0, "target": 1, "value": 0.071209137043691279, "supply": [{"l": "Vegetables, Other", "v": 0.0002798438973689148}, {"l": "Bananas", "v": 0.0068520105847247282}, {"l": "Fruits, Other", "v": 0.013689922037785541}, {"l": "Plantains", "v": 0.050387360523812097}]}, {"source": 6, "prod": 58.0, "target": 1, "value": 0.044577284053383633, "supply": [{"l": "Pelagic Fish", "v": 0.024059703537058632}, {"l": "Fish, Seafood", "v": 0.020517580516325001}]}, {"source": 7, "prod": 324.0, "target": 8, "value": 0.95881375556450088, "supply": [{"l": "Beer", "v": 0.072110540893774333}, {"l": "Beverages, Alcoholic", "v": 0.28039209816235899}, {"l": "Fats, Animals, Raw", "v": 0.49972980917107607}, {"l": "Butter, Ghee", "v": 0.10347228105215626}, {"l": "Wine", "v": 0.0031090262851352114}]}, {"source": 0, "prod": 1625.0, "target": 8, "value": 1.9283385626931349, "supply": [{"l": "Mutton & Goat Meat", "v": 0.023154636319363639}, {"l": "Meat, Other", "v": 0.12824106269186014}, {"l": "Eggs", "v": 0.080094653934905669}, {"l": "Pigmeat", "v": 0.24230404820926993}, {"l": "Poultry Meat", "v": 0.10511469821171429}, {"l": "Milk - Excluding Butter", "v": 0.73116059797107269}, {"l": "Offals, Edible", "v": 0.056356255639370696}, {"l": "Bovine Meat", "v": 0.56191260971557799}]}, {"source": 2, "prod": 1789.0, "target": 8, "value": 6.4144462234997626, "supply": [{"l": "Maize", "v": 0.90900467463601853}, {"l": "Barley", "v": 0.0028968617617401576}, {"l": "Cereals, Other", "v": 0.01643232254922581}, {"l": "Rice", "v": 2.2565188343409917}, {"l": "Wheat", "v": 2.7149392224387672}, {"l": "Oats", "v": 0.0084900333171}, {"l": "Sorghum", "v": 0.50616427445591949}]}, {"source": 9, "prod": 95.0, "target": 8, "value": 0.19760858892945748, "supply": [{"l": "Coconuts - Incl Copra", "v": 0.12878786431357112}, {"l": "Sesame seed", "v": 0.0070750277642500003}, {"l": "Groundnuts", "v": 0.061745696851636361}]}, {"source": 3, "prod": 151.0, "target": 8, "value": 0.048316395636260057, "supply": [{"l": "Sugar cane", "v": 0.048316395636260057}]}, {"source": 10, "prod": 744.0, "target": 8, "value": 3.0619034269362913, "supply": [{"l": "Sugar", "v": 2.8047618035950341}, {"l": "Sugar non-centrifugal", "v": 0.2409333779177027}, {"l": "Sweeteners, Other", "v": 0.007718212106454546}, {"l": "Honey", "v": 0.0084900333171}]}, {"source": 4, "prod": 1218.0, "target": 8, "value": 1.2941916037638617, "supply": [{"l": "Roots, Other", "v": 0.12111488206597459}, {"l": "Yams", "v": 0.16090836211960102}, {"l": "Potatoes", "v": 0.11223199936293156}, {"l": "Sweet potatoes", "v": 0.48180756571676703}, {"l": "Cassava", "v": 0.41812879449858736}]}, {"source": 5, "prod": 2743.0, "target": 8, "value": 2.2381181862645403, "supply": [{"l": "Pulses, Other", "v": 0.50789042039387544}, {"l": "Plantains", "v": 0.52993603309526516}, {"l": "Citrus, Other", "v": 0.0018376695491558442}, {"l": "Tomatoes", "v": 0.024152680988301728}, {"l": "Treenuts", "v": 0.0084900333171}, {"l": "Vegetables, Other", "v": 0.10438177371860523}, {"l": "Peas", "v": 0.010612541646375}, {"l": "Grapes", "v": 0.0032758970998456589}, {"l": "Beans", "v": 0.32927561648752701}, {"l": "Apples", "v": 0.0033201247608770951}, {"l": "Lemons, Limes", "v": 0.016171492032571427}, {"l": "Pineapples", "v": 0.016138079858950414}, {"l": "Bananas", "v": 0.26494440927602281}, {"l": "Fruits, Other", "v": 0.32125683715336734}, {"l": "Grapefruit", "v": 0.0081470016679242412}, {"l": "Oranges, Mandarines", "v": 0.064355937680641406}, {"l": "Onions", "v": 0.023931637538134227}]}, {"source": 11, "prod": 88.0, "target": 8, "value": 0.095854307513879328, "supply": [{"l": "Nuts", "v": 0.0094333703523333343}, {"l": "Cocoa Beans", "v": 0.02387821870434375}, {"l": "Coffee", "v": 0.03241649084710909}, {"l": "Pepper", "v": 0.004994137245352942}, {"l": "Infant food", "v": 0.0090964642683214296}, {"l": "Spices, Other", "v": 0.014982411736058824}, {"l": "Tea", "v": 0.0010532143603599433}]}, {"source": 6, "prod": 432.0, "target": 8, "value": 0.30808518791346329, "supply": [{"l": "Freshwater Fish", "v": 0.00084900333171000015}, {"l": "Crustaceans", "v": 0.008323562075588235}, {"l": "Marine Fish, Other", "v": 0.024224279844986416}, {"l": "Demersal Fish", "v": 0.072333330326411358}, {"l": "Pelagic Fish", "v": 0.048119407074117264}, {"l": "Fish, Seafood", "v": 0.15282059970780001}, {"l": "Molluscs, Other", "v": 0.0014150055528499999}]}, {"source": 12, "prod": 85.0, "target": 8, "value": 0.87921347468452327, "supply": [{"l": "Groundnut Oil", "v": 0.15314300603629749}, {"l": "Soyabean Oil", "v": 0.1359635770347174}, {"l": "Sunflowerseed Oil", "v": 0.33813753383622414}, {"l": "Olive Oil", "v": 0.014150055528500001}, {"l": "Coconut Oil", "v": 0.19768459929522059}, {"l": "Oilcrops Oil, Other", "v": 0.023154636319363639}, {"l": "Cottonseed Oil", "v": 0.0169800666342}]}, {"source": 3, "prod": 50194.0, "target": 13, "value": 16.060881871300907, "supply": [{"l": "Sugar cane", "v": 16.060881871300907}]}, {"source": 12, "prod": 1.0, "target": 13, "value": 0.011577318159681819, "supply": [{"l": "Oilcrops Oil, Other", "v": 0.011577318159681819}]}, {"source": 2, "prod": 32.0, "target": 13, "value": 0.092699576375685044, "supply": [{"l": "Barley", "v": 0.092699576375685044}]}, {"source": 9, "prod": 326.0, "target": 13, "value": 0.75946513803471505, "supply": [{"l": "Cottonseed", "v": 0.030831034184157936}, {"l": "Groundnuts", "v": 0.21610993898072725}, {"l": "Soyabeans", "v": 0.13229332737261987}, {"l": "Coconuts - Incl Copra", "v": 0.38023083749720998}]}, {"source": 10, "prod": 1.0, "target": 13, "value": 0.0041429273317504199, "supply": [{"l": "Sugar", "v": 0.0041429273317504199}]}, {"source": 7, "prod": 76.0, "target": 14, "value": 0.61212328195486243, "supply": [{"l": "Beer", "v": 0.00089578311669284889}, {"l": "Beverages, Alcoholic", "v": 0.0032228976800271147}, {"l": "Fats, Animals, Raw", "v": 0.60800460115814248}]}, {"source": 0, "prod": 13.0, "target": 14, "value": 0.015641676067128896, "supply": [{"l": "Pigmeat", "v": 0.0056349778653318593}, {"l": "Milk - Excluding Butter", "v": 0.0060930049830922716}, {"l": "Bovine Meat", "v": 0.002453766854653179}, {"l": "Poultry Meat", "v": 0.0014599263640515875}]}, {"source": 2, "prod": 6.0, "target": 14, "value": 0.020806474214921843, "supply": [{"l": "Rice", "v": 0.0082808030618018065}, {"l": "Wheat", "v": 0.012525671153120034}]}, {"source": 9, "prod": 11.0, "target": 14, "value": 0.016865077469634313, "supply": [{"l": "Coconuts - Incl Copra", "v": 0.016865077469634313}]}, {"source": 10, "prod": 3.0, "target": 14, "value": 0.012428781995251256, "supply": [{"l": "Sugar", "v": 0.012428781995251256}]}, {"source": 4, "prod": 13.0, "target": 14, "value": 0.013826073700480902, "supply": [{"l": "Roots, Other", "v": 0.0011991572481779662}, {"l": "Potatoes", "v": 0.0015064697901064641}, {"l": "Cassava", "v": 0.011120446662196472}]}, {"source": 5, "prod": 22.0, "target": 14, "value": 0.0084541527570211536, "supply": [{"l": "Fruits, Other", "v": 0.001368992203778554}, {"l": "Lemons, Limes", "v": 0.0036753390983116883}, {"l": "Tomatoes", "v": 0.00048793294925862077}, {"l": "Bananas", "v": 0.0015226690188277173}, {"l": "Vegetables, Other", "v": 0.0013992194868445739}]}, {"source": 12, "prod": 18.0, "target": 14, "value": 0.19303862417724793, "supply": [{"l": "Coconut Oil", "v": 0.062426715566911775}, {"l": "Oilcrops Oil, Other", "v": 0.069463908958090917}, {"l": "Soyabean Oil", "v": 0.01045873669497826}, {"l": "Palm Oil", "v": 0.0097028952195428592}, {"l": "Sunflowerseed Oil", "v": 0.040986367737724141}]}, {"source": 4, "prod": 13.0, "target": 4, "value": 0.010683898341941485, "supply": [{"l": "Roots, Other", "v": 0.0023983144963559324}, {"l": "Potatoes", "v": 0.0082855838455855521}]}, {"source": 5, "prod": 11.0, "target": 5, "value": 0.043263264250603069, "supply": [{"l": "Beans", "v": 0.031359582522621617}, {"l": "Pulses, Other", "v": 0.011903681727981454}]}, {"source": 0, "prod": 5.0, "target": 0, "value": 0.0080094653934905669, "supply": [{"l": "Eggs", "v": 0.0080094653934905669}]}, {"source": 2, "prod": 24.0, "target": 2, "value": 0.095864248351896358, "supply": [{"l": "Maize", "v": 0.039350851715844959}, {"l": "Rice", "v": 0.041404015309009029}, {"l": "Sorghum", "v": 0.01510938132704237}]}, {"source": 9, "prod": 3.0, "target": 9, "value": 0.016203018643347014, "supply": [{"l": "Groundnuts", "v": 0.012349139370327273}, {"l": "Cottonseed", "v": 0.003853879273019742}]}, {"source": 0, "prod": 35.0, "target": 15, "value": 0.026469696953755756, "supply": [{"l": "Milk - Excluding Butter", "v": 0.021664017717661414}, {"l": "Eggs", "v": 0.0048056792360943405}]}, {"source": 2, "prod": 100.0, "target": 15, "value": 0.36429048051803764, "supply": [{"l": "Maize", "v": 0.094442044118027896}, {"l": "Barley", "v": 0.0057937235234803153}, {"l": "Rice", "v": 0.10351003827252256}, {"l": "Sorghum", "v": 0.041550798649366526}, {"l": "Wheat", "v": 0.11899387595464032}]}, {"source": 9, "prod": 6.0, "target": 15, "value": 0.018481894813830658, "supply": [{"l": "Coconuts - Incl Copra", "v": 0.0061327554435033861}, {"l": "Groundnuts", "v": 0.012349139370327273}]}, {"source": 3, "prod": 288.0, "target": 15, "value": 0.092153125451939696, "supply": [{"l": "Sugar cane", "v": 0.092153125451939696}]}, {"source": 10, "prod": 25.0, "target": 15, "value": 0.10357318329376047, "supply": [{"l": "Sugar", "v": 0.10357318329376047}]}, {"source": 4, "prod": 188.0, "target": 15, "value": 0.20136998871671788, "supply": [{"l": "Roots, Other", "v": 0.017987358722669492}, {"l": "Potatoes", "v": 0.013558228110958177}, {"l": "Yams", "v": 0.025406583492568576}, {"l": "Sweet potatoes", "v": 0.081031272416001721}, {"l": "Cassava", "v": 0.063386545974519898}]}, {"source": 5, "prod": 388.0, "target": 15, "value": 0.25816825358340906, "supply": [{"l": "Pineapples", "v": 0.0017541391151033058}, {"l": "Fruits, Other", "v": 0.051109042274399358}, {"l": "Grapefruit", "v": 0.0019295530266136363}, {"l": "Beans", "v": 0.019599739076638513}, {"l": "Plantains", "v": 0.07818728357143255}, {"l": "Tomatoes", "v": 0.0026836312209224137}, {"l": "Lemons, Limes", "v": 0.0014701356393246752}, {"l": "Bananas", "v": 0.060906760753108698}, {"l": "Vegetables, Other", "v": 0.011193755894756591}, {"l": "Oranges, Mandarines", "v": 0.0069306394425306126}, {"l": "Onions", "v": 0.0025641040219429533}, {"l": "Pulses, Other", "v": 0.019839469546635759}]}, {"source": 11, "prod": 2.0, "target": 15, "value": 0.0010290949475272727, "supply": [{"l": "Coffee", "v": 0.0010290949475272727}]}, {"source": 16, "prod": 12.0, "target": 11, "value": 0.034061632982346636, "supply": [{"l": "Infant food", "v": 0.0090964642683214296}, {"l": "Nuts", "v": 0.0047166851761666672}, {"l": "Cocoa Beans", "v": 0.0031837624939125004}, {"l": "Pepper", "v": 0.004994137245352942}, {"l": "Coffee", "v": 0.0010290949475272727}, {"l": "Spices, Other", "v": 0.009988274490705884}, {"l": "Tea", "v": 0.0010532143603599433}]}, {"source": 16, "prod": 953.0, "target": 1, "value": 0.84834040184860204, "supply": [{"l": "Meat, Other", "v": 0.11636689022039161}, {"l": "Crustaceans", "v": 0.00083235620755882356}, {"l": "Eggs", "v": 0.0016018930786981134}, {"l": "Marine Fish, Other", "v": 0.0069212228128532616}, {"l": "Mutton & Goat Meat", "v": 0.0046309272638727274}, {"l": "Pigmeat", "v": 0.061984756518650458}, {"l": "Milk - Excluding Butter", "v": 0.32225226355021347}, {"l": "Fish, Seafood", "v": 0.13018051086220001}, {"l": "Pelagic Fish", "v": 0.064712306065192182}, {"l": "Poultry Meat", "v": 0.013139337276464286}, {"l": "Offals, Edible", "v": 0.0025616479836077588}, {"l": "Demersal Fish", "v": 0.061812118642569712}, {"l": "Bovine Meat", "v": 0.061344171366329477}]}, {"source": 16, "prod": 226.0, "target": 13, "value": 1.7397474415841996, "supply": [{"l": "Sugar", "v": 0.087001473966758808}, {"l": "Beer", "v": 0.0058225902585035171}, {"l": "Beverages, Alcoholic", "v": 0.022560283760189804}, {"l": "Fats, Animals, Raw", "v": 0.94115780727219334}, {"l": "Soyabean Oil", "v": 0.083669893559826083}, {"l": "Butter, Ghee", "v": 0.08622690087679688}, {"l": "Palm Oil", "v": 0.0097028952195428592}, {"l": "Sunflowerseed Oil", "v": 0.37912390157394826}, {"l": "Olive Oil", "v": 0.014150055528500001}, {"l": "Coconut Oil", "v": 0.041617810377941183}, {"l": "Oilcrops Oil, Other", "v": 0.057886590798409097}, {"l": "Wine", "v": 0.0031090262851352114}, {"l": "Sweeteners, Other", "v": 0.007718212106454546}]}, {"source": 16, "prod": 1621.0, "target": 2, "value": 5.4144715273801189, "supply": [{"l": "Maize", "v": 0.51549615747756894}, {"l": "Barley", "v": 0.34472654964707877}, {"l": "Rice", "v": 1.2462608608011718}, {"l": "Cereals, Other", "v": 0.02738720424870968}, {"l": "Wheat", "v": 3.2347545752932492}, {"l": "Oats", "v": 0.045846179912340003}]}, {"source": 16, "prod": 218.0, "target": 5, "value": 0.38197103129143434, "supply": [{"l": "Plantains", "v": 0.004343737976190698}, {"l": "Grapefruit", "v": 0.0012863686844090908}, {"l": "Tomatoes", "v": 0.00024396647462931038}, {"l": "Vegetables, Other", "v": 0.0097945364079120179}, {"l": "Grapes", "v": 0.0032758970998456589}, {"l": "Beans", "v": 0.031359582522621617}, {"l": "Apples", "v": 0.002766770634064246}, {"l": "Bananas", "v": 0.0015226690188277173}, {"l": "Fruits, Other", "v": 0.017340567914528354}, {"l": "Oranges, Mandarines", "v": 0.0023102131475102043}, {"l": "Onions", "v": 0.014102572120686243}, {"l": "Pulses, Other", "v": 0.29362414929020919}]}, {"source": 16, "prod": 68.0, "target": 9, "value": 0.19217132143009838, "supply": [{"l": "Coconuts - Incl Copra", "v": 0.047528854687151248}, {"l": "Groundnuts", "v": 0.012349139370327273}, {"l": "Soyabeans", "v": 0.13229332737261987}]}, {"source": 16, "prod": 81.0, "target": 4, "value": 0.062587435805076461, "supply": [{"l": "Roots, Other", "v": 0.0023983144963559324}, {"l": "Potatoes", "v": 0.057999086919098858}, {"l": "Sweet potatoes", "v": 0.0021900343896216683}]}, {"source": 7, "prod": 15.0, "target": 17, "value": 0.048343465200406721, "supply": [{"l": "Beverages, Alcoholic", "v": 0.048343465200406721}]}, {"source": 0, "prod": 4.0, "target": 17, "value": 0.0062615348166601961, "supply": [{"l": "Milk - Excluding Butter", "v": 0.0013540011073538384}, {"l": "Bovine Meat", "v": 0.004907533709306358}]}, {"source": 2, "prod": 15.0, "target": 17, "value": 0.049382268974113588, "supply": [{"l": "Maize", "v": 0.011805255514753487}, {"l": "Wheat", "v": 0.037577013459360105}]}, {"source": 9, "prod": 65.0, "target": 17, "value": 0.10197796636907391, "supply": [{"l": "Coconuts - Incl Copra", "v": 0.098124087096054177}, {"l": "Oilcrops, Other", "v": 0.003853879273019742}]}, {"source": 10, "prod": 5081.0, "target": 17, "value": 21.050236219325758, "supply": [{"l": "Sugar", "v": 21.033642063296881}, {"l": "Sweeteners, Other", "v": 0.003859106053227273}, {"l": "Honey", "v": 0.012735049975650002}]}, {"source": 4, "prod": 24.0, "target": 17, "value": 0.027777121168578913, "supply": [{"l": "Roots, Other", "v": 0.020385673219025423}, {"l": "Potatoes", "v": 0.00075323489505323203}, {"l": "Sweet potatoes", "v": 0.0021900343896216683}, {"l": "Cassava", "v": 0.0044481786648785894}]}, {"source": 5, "prod": 552.0, "target": 17, "value": 0.34969613594964777, "supply": [{"l": "Fruits, Other", "v": 0.0082139532226713236}, {"l": "Grapefruit", "v": 0.013935660747765153}, {"l": "Pulses, Other", "v": 0.0039678939093271519}, {"l": "Lemons, Limes", "v": 0.0025727373688181816}, {"l": "Pineapples", "v": 0.00070165564604132225}, {"l": "Bananas", "v": 0.29844312769023257}, {"l": "Vegetables, Other", "v": 0.0013992194868445739}, {"l": "Oranges, Mandarines", "v": 0.020461887877947525}]}, {"source": 11, "prod": 102.0, "target": 17, "value": 0.11207487162914204, "supply": [{"l": "Cocoa Beans", "v": 0.060491487384337503}, {"l": "Coffee", "v": 0.030358300952054544}, {"l": "Spices, Other", "v": 0.009988274490705884}, {"l": "Pimento", "v": 0.01123680880204412}]}, {"source": 6, "prod": 3.0, "target": 17, "value": 0.0023722151915426472, "supply": [{"l": "Fish, Seafood", "v": 0.00070750277642499997}, {"l": "Crustaceans", "v": 0.0016647124151176471}]}, {"source": 12, "prod": 7.0, "target": 17, "value": 0.076349764856986635, "supply": [{"l": "Coconut Oil", "v": 0.041617810377941183}, {"l": "Oilcrops Oil, Other", "v": 0.034731954479045458}]}, {"source": 18, "prod": 11.0, "target": 5, "value": 0.0026002785419413361, "supply": [{"l": "Fruits, Other", "v": 0.00045633073459285141}, {"l": "Grapefruit", "v": 0.0021439478073484847}]}, {"source": 11, "prod": 5.0, "target": 19, "value": 0.0079594062347812505, "supply": [{"l": "Cocoa Beans", "v": 0.0079594062347812505}]}, {"source": 2, "prod": 40.0, "target": 19, "value": 0.12338026331888154, "supply": [{"l": "Wheat", "v": 0.10020536922496028}, {"l": "Barley", "v": 0.023174894093921261}]}, {"source": 9, "prod": 7.0, "target": 19, "value": 0.010732322026130925, "supply": [{"l": "Coconuts - Incl Copra", "v": 0.010732322026130925}]}, {"source": 18, "prod": 2.0, "target": 11, "value": 0.0010290949475272727, "supply": [{"l": "Coffee", "v": 0.0010290949475272727}]}, {"source": 18, "prod": 6.0, "target": 13, "value": 0.046942670885917477, "supply": [{"l": "Fats, Animals, Raw", "v": 0.033315320611405068}, {"l": "Coconut Oil", "v": 0.010404452594485296}, {"l": "Beverages, Alcoholic", "v": 0.0032228976800271147}]}, {"source": 4, "prod": 2.0, "target": 19, "value": 0.0023983144963559324, "supply": [{"l": "Roots, Other", "v": 0.0023983144963559324}]}, {"source": 10, "prod": 6.0, "target": 19, "value": 0.024857563990502513, "supply": [{"l": "Sugar", "v": 0.024857563990502513}]}, {"source": 1, "prod": 493.0, "target": 6, "value": 0.35503468715838954, "supply": [{"l": "Pelagic Fish", "v": 0.072179110611175892}, {"l": "Crustaceans", "v": 0.0099882744907058823}, {"l": "Freshwater Fish", "v": 0.00084900333171000015}, {"l": "Molluscs, Other", "v": 0.0014150055528499999}, {"l": "Demersal Fish", "v": 0.072333330326411358}, {"l": "Fish, Seafood", "v": 0.17404568300055001}, {"l": "Marine Fish, Other", "v": 0.024224279844986416}]}, {"source": 1, "prod": 1678.0, "target": 0, "value": 1.9790863050249734, "supply": [{"l": "Milk - Excluding Butter", "v": 0.76027162177918028}, {"l": "Pigmeat", "v": 0.24793902607460178}, {"l": "Bovine Meat", "v": 0.56927391027953755}, {"l": "Eggs", "v": 0.092909798564490581}, {"l": "Poultry Meat", "v": 0.10657462457576587}, {"l": "Offals, Edible", "v": 0.056356255639370696}, {"l": "Meat, Other", "v": 0.13061589718615385}, {"l": "Mutton & Goat Meat", "v": 0.023154636319363639}]}, {"source": 13, "prod": 415.0, "target": 7, "value": 1.6192805027197701, "supply": [{"l": "Fats, Animals, Raw", "v": 1.1077344103292186}, {"l": "Beer", "v": 0.07300632401046718}, {"l": "Beverages, Alcoholic", "v": 0.33195846104279281}, {"l": "Butter, Ghee", "v": 0.10347228105215626}, {"l": "Wine", "v": 0.0031090262851352114}]}, {"source": 13, "prod": 111.0, "target": 12, "value": 1.1601791818784397, "supply": [{"l": "Olive Oil", "v": 0.014150055528500001}, {"l": "Soyabean Oil", "v": 0.14642231372969566}, {"l": "Coconut Oil", "v": 0.30172912524007356}, {"l": "Palm Oil", "v": 0.0097028952195428592}, {"l": "Groundnut Oil", "v": 0.15314300603629749}, {"l": "Cottonseed Oil", "v": 0.0169800666342}, {"l": "Oilcrops Oil, Other", "v": 0.13892781791618183}, {"l": "Sunflowerseed Oil", "v": 0.37912390157394826}]}, {"source": 13, "prod": 5860.0, "target": 10, "value": 24.257142102873313, "supply": [{"l": "Honey", "v": 0.021225083292750004}, {"l": "Sweeteners, Other", "v": 0.011577318159681819}, {"l": "Sugar non-centrifugal", "v": 0.2409333779177027}, {"l": "Sugar", "v": 23.983406323503178}]}, {"source": 4, "prod": 758.25, "target": 20, "value": 2.5922695798982622, "supply": [{"l": "Roots, Other", "v": 0.25539833284500002}, {"l": "Yams", "v": 0.30944166607500001}, {"l": "Potatoes", "v": 0.25365499951500003}, {"l": "Sweet potatoes", "v": 0.945758331525}, {"l": "Cassava", "v": 0.879511664985}]}, {"source": 3, "prod": 20429.200000000001, "target": 20, "value": 71.229810530472008, "supply": [{"l": "Sugar cane", "v": 71.229810530472008}]}, {"source": 5, "prod": 3700.0, "target": 20, "value": 21.914679449629208, "supply": [{"l": "Vegetables, Other", "v": 1.41732999729}, {"l": "Peas", "v": 0.0069733333199999996}, {"l": "Tomatoes", "v": 0.38876333259000001}, {"l": "Beans", "v": 0.32425999938}, {"l": "Pulses, Other", "v": 0.34866666600000001}, {"l": "Onions", "v": 0.15864333302999997}]}, {"source": 2, "prod": 3384.0, "target": 20, "value": 12.520363851310202, "supply": [{"l": "Maize", "v": 3.0961599940800002}, {"l": "Barley", "v": 0.34502447267030106}, {"l": "Rice", "v": 3.0682666608}, {"l": "Cereals, Other", "v": 0.034866666600000006}, {"l": "Wheat", "v": 3.6017266597799997}, {"l": "Oats", "v": 0.09413999982}, {"l": "Sorghum", "v": 1.4922933304799999}]}, {"source": 9, "prod": 487.0, "target": 20, "value": 0.95650181012597979, "supply": [{"l": "Coconuts - Incl Copra", "v": 1.4033833306500003}, {"l": "Sesame seed", "v": 0.0064008915891274861}, {"l": "Soyabeans", "v": 0.059843952186020677}, {"l": "Groundnuts", "v": 0.16910333301}, {"l": "Oilcrops, Other", "v": 0.0052299999900000003}, {"l": "Cottonseed", "v": 0.055786666559999996}]}, {"source": 21, "prod": 0, "target": 2, "value": 7.2915535162552069e-06, "supply": "[{\"l\":'Energy for power irrigation',\"v\":7.2915535162552069e-06}]"}, {"source": 21, "prod": 0, "target": 9, "value": 2.0986918217590336e-06, "supply": "[{\"l\":'Energy for power irrigation',\"v\":2.0986918217590336e-06}]"}, {"source": 21, "prod": 0, "target": 3, "value": 0.00022009545669958756, "supply": "[{\"l\":'Energy for power irrigation',\"v\":0.00022009545669958756}]"}, {"source": 21, "prod": 0, "target": 4, "value": 6.5352487632393737e-06, "supply": "[{\"l\":'Energy for power irrigation',\"v\":6.5352487632393737e-06}]"}, {"source": 21, "prod": 0, "target": 5, "value": 1.5944886530818122e-05, "supply": "[{\"l\":'Energy for power irrigation',\"v\":1.5944886530818122e-05}]"}, {"source": 21, "prod": 0, "target": 11, "value": 8.1879147050147111e-07, "supply": "[{\"l\":'Energy for power irrigation',\"v\":8.1879147050147111e-07}]"}, {"source": 21, "prod": 0, "target": 13, "value": 0.16338863370690132, "supply": "[{\"l\":'Electricity',\"v\":0.16338863370690132}]"}, {"source": 22, "prod": 0, "target": 21, "value": 0.31077465812563654, "supply": [{"l": "Coal", "v": 0.16041798815235758}, {"l": "Natural gas", "v": 0.049676920741021063}, {"l": "Oil", "v": 0.10067974923225792}]}, {"source": 23, "prod": 0, "target": 21, "value": 0.0434460991590278, "supply": [{"l": "Nuclear", "v": 0.004960475777561848}, {"l": "Hydroelectric", "v": 0.037991389567397726}, {"l": "Renewable", "v": 0.00049423381406822555}]}, {"source": 22, "prod": 0, "target": 2, "value": 0.030848859513561446, "supply": [{"l": "Motor Gasoline", "v": 0.0053242923063128444}, {"l": "Gas-Diesel oil", "v": 0.0040195936398298628}, {"l": "Natural gas (including LNG)", "v": 6.4099832130177207e-05}, {"l": "Fuel oil", "v": 0.013271870242553191}, {"l": "Liquefied petroleum gas (LPG)", "v": 0.0003789902574696727}, {"l": "Other fossil fuels", "v": 0.007790013235265702}]}, {"source": 22, "prod": 0, "target": 9, "value": 0.0088790748127094699, "supply": [{"l": "Motor Gasoline", "v": 0.0015324647477389804}, {"l": "Gas-Diesel oil", "v": 0.0011569397769486661}, {"l": "Natural gas (including LNG)", "v": 1.8449537971274406e-05}, {"l": "Fuel oil", "v": 0.0038199768369523656}, {"l": "Liquefied petroleum gas (LPG)", "v": 0.00010908289325515991}, {"l": "Other fossil fuels", "v": 0.0022421610198430238}]}, {"source": 22, "prod": 0, "target": 3, "value": 0.9311724597731228, "supply": [{"l": "Motor Gasoline", "v": 0.16071370033115595}, {"l": "Gas-Diesel oil", "v": 0.12133138650533722}, {"l": "Natural gas (including LNG)", "v": 0.0019348526751681683}, {"l": "Fuel oil", "v": 0.40061124639356921}, {"l": "Liquefied petroleum gas (LPG)", "v": 0.011439816441931792}, {"l": "Other fossil fuels", "v": 0.23514145742596052}]}, {"source": 22, "prod": 0, "target": 4, "value": 0.027649110787420765, "supply": [{"l": "Motor Gasoline", "v": 0.0047720385830516713}, {"l": "Gas-Diesel oil", "v": 0.0036026677037836801}, {"l": "Natural gas (including LNG)", "v": 5.7451179329440745e-05}, {"l": "Fuel oil", "v": 0.011895266680160705}, {"l": "Liquefied petroleum gas (LPG)", "v": 0.00033968009778531834}, {"l": "Other fossil fuels", "v": 0.0069820065433099507}]}, {"source": 22, "prod": 0, "target": 5, "value": 0.067459089952823487, "supply": [{"l": "Motor Gasoline", "v": 0.011642955988981987}, {"l": "Gas-Diesel oil", "v": 0.0087898915291787765}, {"l": "Natural gas (including LNG)", "v": 0.00014017102770783431}, {"l": "Fuel oil", "v": 0.02902241128690709}, {"l": "Liquefied petroleum gas (LPG)", "v": 0.00082876120132257028}, {"l": "Other fossil fuels", "v": 0.017034898918725234}]}, {"source": 22, "prod": 0, "target": 11, "value": 0.0034641154300098548, "supply": [{"l": "Motor Gasoline", "v": 0.00059788152375853446}, {"l": "Gas-Diesel oil", "v": 0.00045137280825512642}, {"l": "Natural gas (including LNG)", "v": 7.1979716931050051e-06}, {"l": "Fuel oil", "v": 0.0014903400390573912}, {"l": "Liquefied petroleum gas (LPG)", "v": 4.2558007635483339e-05}, {"l": "Other fossil fuels", "v": 0.00087476507961021469}]}, {"source": 24, "prod": 0.21862693049106671, "target": 2, "value": 0.0027342372076962062, "supply": [{"l": "Potash", "v": 0.0049177753052560566}, {"l": "Phosphate", "v": 0.0041657837061164597}, {"l": "Nitrogen", "v": 0.085707370804022229}]}, {"source": 24, "prod": 0.062926309189804658, "target": 9, "value": 0.00078698198590310424, "supply": [{"l": "Potash", "v": 0.0049177753052560566}, {"l": "Phosphate", "v": 0.0041657837061164597}, {"l": "Nitrogen", "v": 0.085707370804022229}]}, {"source": 24, "prod": 6.5992513126301713, "target": 3, "value": 0.082532917794721244, "supply": [{"l": "Potash", "v": 0.0049177753052560566}, {"l": "Phosphate", "v": 0.0041657837061164597}, {"l": "Nitrogen", "v": 0.085707370804022229}]}, {"source": 24, "prod": 0.19595020099864224, "target": 4, "value": 0.0024506328164723978, "supply": [{"l": "Potash", "v": 0.0049177753052560566}, {"l": "Phosphate", "v": 0.0041657837061164597}, {"l": "Nitrogen", "v": 0.085707370804022229}]}, {"source": 24, "prod": 0.47808489528188342, "target": 5, "value": 0.0059791239175389851, "supply": [{"l": "Potash", "v": 0.0049177753052560566}, {"l": "Phosphate", "v": 0.0041657837061164597}, {"l": "Nitrogen", "v": 0.085707370804022229}]}, {"source": 24, "prod": 0.024550305433394013, "target": 11, "value": 0.00030703609306281272, "supply": [{"l": "Potash", "v": 0.0049177753052560566}, {"l": "Phosphate", "v": 0.0041657837061164597}, {"l": "Nitrogen", "v": 0.085707370804022229}]}, {"source": 22, "prod": 0, "target": 24, "value": 0.11663565124314829, "supply": [{"l": "Natural gas (including LNG)", "v": 0.077674364016141167}, {"l": "Fuel oil", "v": 0.023810693603268984}, {"l": "Liquefied petroleum gas (LPG)", "v": 0.0075752968118690672}, {"l": "Coal", "v": 0.0075752968118690672}]}, {"source": 25, "prod": 0, "target": 2, "value": 0.044905940965985255, "supply": "[{\"l\":'Labor',\"v\":0.044905940965985255}]"}, {"source": 25, "prod": 0, "target": 9, "value": 0.012925055112550127, "supply": "[{\"l\":'Labor',\"v\":0.012925055112550127}]"}, {"source": 25, "prod": 0, "target": 3, "value": 1.3554852972551801, "supply": "[{\"l\":'Labor',\"v\":1.3554852972551801}]"}, {"source": 25, "prod": 0, "target": 4, "value": 0.040248143897704869, "supply": "[{\"l\":'Labor',\"v\":0.040248143897704869}]"}, {"source": 25, "prod": 0, "target": 5, "value": 0.098198570670298718, "supply": "[{\"l\":'Labor',\"v\":0.098198570670298718}]"}, {"source": 25, "prod": 0, "target": 11, "value": 0.0050426293046910153, "supply": "[{\"l\":'Labor',\"v\":0.0050426293046910153}]"}, {"source": 22, "prod": 0, "target": 16, "value": 9.6629902265881871, "supply": "[{\"l\":'Fossil Fuels',\"v\":9.6629902265881871}]"}, {"source": 23, "prod": 0, "target": 16, "value": 0.61083958531586768, "supply": "[{\"l\":'Renewables & Nuclear',\"v\":0.021141607506977921},{\"l\":'Biomass & Waste',\"v\":0.58969797780888977}]"}]}