{"nodes": [{"layer": 13, "name": "Meat"}, {"layer": 10, "name": "Feed", "fill": "#dbdb8d"}, {"layer": 5, "name": "Vegetables"}, {"layer": 5, "name": "Sugar Crops", "fill": "#ffbb78"}, {"layer": 5, "name": "Starchy Roots"}, {"layer": 13, "name": "Fish, Seafood"}, {"layer": 5, "name": "Fruits - Excluding Wine"}, {"layer": 5, "name": "Cereals - Excluding Beer"}, {"layer": 13, "name": "Milk - Excluding Butter"}, {"layer": 16, "name": "Food", "fill": "#b5cf6b"}, {"layer": 13, "name": "Sugar & Sweeteners"}, {"layer": 5, "name": "Treenuts"}, {"layer": 5, "name": "Others"}, {"layer": 13, "name": "Alcoholic Beverages"}, {"layer": 13, "name": "Animal Fats"}, {"layer": 5, "name": "Pulses"}, {"layer": 13, "name": "Vegetable Oils", "fill": "#f7b6d2"}, {"layer": 5, "name": "Spices"}, {"layer": 5, "name": "Stimulants"}, {"layer": 13, "name": "Eggs"}, {"layer": 5, "name": "Oilcrops", "fill": "#ff9896"}, {"layer": 10, "name": "Processing", "fill": "#9edae5"}, {"layer": 16, "name": "Biofuels & Other", "fill": "#e7ba52"}, {"name": "Waste", "fill": "#c7c7c7"}, {"layer": 2, "name": "Import", "fill": "#aec7e8"}, {"layer": 16, "name": "Export", "fill": "#aec7e8"}, {"layer": 0, "name": "Stock Draw", "fill": "#c7c7c7"}, {"layer": 16, "name": "Stock Deposit", "fill": "#c7c7c7"}, {"name": "Crop Residue", "fill": "#bd9e39"}, {"layer": 2, "name": "Electricity", "fill": "#bcbd22"}, {"layer": 0, "name": "Fossil Fuels", "fill": "#c49c94"}, {"layer": 0, "name": "Renewables & Nuclear", "fill": "#2ca02c"}, {"layer": 2, "name": "Fertilizers", "fill": "#c5b0d5"}, {"layer": 0, "name": "Labor", "fill": "#7f7f7f"}], "links": [{"source": 0, "prod": 1.0, "target": 1, "value": 0.00231870657819958, "supply": [{"l": "Meat, Other", "v": 0.00231870657819958}]}, {"source": 2, "prod": 1.0, "target": 1, "value": 0.0002700965000137858, "supply": [{"l": "Vegetables, Other", "v": 0.0002700965000137858}]}, {"source": 3, "prod": 476.0, "target": 1, "value": 0.15405041393670649, "supply": [{"l": "Sugar cane", "v": 0.15405041393670649}]}, {"source": 4, "prod": 92.0, "target": 1, "value": 0.10200049889389336, "supply": [{"l": "Potatoes", "v": 0.0023420781564413794}, {"l": "Roots, Other", "v": 0.011370580335401788}, {"l": "Yams", "v": 0.0010481522613703706}, {"l": "Sweet potatoes", "v": 0.025057660202623282}, {"l": "Cassava", "v": 0.062182027938056536}]}, {"source": 5, "prod": 80.0, "target": 1, "value": 0.0718528793719935, "supply": [{"l": "Pelagic Fish", "v": 0.0424501665855}, {"l": "Fish, Seafood", "v": 0.029402712786493507}]}, {"source": 6, "prod": 94.0, "target": 1, "value": 0.068798224712602565, "supply": [{"l": "Bananas", "v": 0.0069311157096720736}, {"l": "Fruits, Other", "v": 0.013622242157168127}, {"l": "Plantains", "v": 0.048244866845762367}]}, {"source": 7, "prod": 443.0, "target": 1, "value": 1.6068305383160184, "supply": [{"l": "Maize", "v": 0.96765801939034601}, {"l": "Wheat", "v": 0.25482518332553683}, {"l": "Oats", "v": 0.022011197488777778}, {"l": "Barley", "v": 0.081296073743929262}, {"l": "Rice", "v": 0.033161793788311036}, {"l": "Sorghum", "v": 0.240160058472663}, {"l": "Cereals, Other", "v": 0.007718212106454546}]}, {"source": 8, "prod": 973.0, "target": 9, "value": 0.6598586944401077, "supply": [{"l": "Milk - Excluding Butter", "v": 0.6598586944401077}]}, {"source": 0, "prod": 469.0, "target": 9, "value": 1.0527028787236572, "supply": [{"l": "Mutton & Goat Meat", "v": 0.024576412233710525}, {"l": "Meat, Other", "v": 0.10202308944078153}, {"l": "Pigmeat", "v": 0.22756692866658906}, {"l": "Poultry Meat", "v": 0.10145471568345124}, {"l": "Offals, Edible", "v": 0.054935509698882355}, {"l": "Bovine Meat", "v": 0.54214622300024251}]}, {"source": 10, "prod": 725.0, "target": 9, "value": 2.9921845846560475, "supply": [{"l": "Sugar", "v": 2.7412311105422122}, {"l": "Sugar non-centrifugal", "v": 0.23639913128452095}, {"l": "Sweeteners, Other", "v": 0.0084900333171}, {"l": "Honey", "v": 0.0060643095122142861}]}, {"source": 11, "prod": 1.0, "target": 9, "value": 0.0030321547561071431, "supply": [{"l": "Treenuts", "v": 0.0030321547561071431}]}, {"source": 2, "prod": 534.0, "target": 9, "value": 0.14901618726699323, "supply": [{"l": "Tomatoes", "v": 0.031361600643641158}, {"l": "Vegetables, Other", "v": 0.094263678504811252}, {"l": "Onions", "v": 0.023390908118540818}]}, {"source": 12, "prod": 3.0, "target": 9, "value": 0.01075036686256169, "supply": [{"l": "Nuts", "v": 0.0030321547561071431}, {"l": "Infant food", "v": 0.007718212106454546}]}, {"source": 3, "prod": 146.0, "target": 9, "value": 0.047250757215880561, "supply": [{"l": "Sugar cane", "v": 0.047250757215880561}]}, {"source": 13, "prod": 246.0, "target": 9, "value": 0.33879705996453485, "supply": [{"l": "Beer", "v": 0.070750277642500012}, {"l": "Beverages, Alcoholic", "v": 0.26645643025975385}, {"l": "Wine", "v": 0.0015903520622809802}]}, {"source": 14, "prod": 58.0, "target": 9, "value": 0.48785062287013065, "supply": [{"l": "Fats, Animals, Raw", "v": 0.39747284884938872}, {"l": "Butter, Ghee", "v": 0.090377774020741944}]}, {"source": 4, "prod": 1166.0, "target": 9, "value": 1.23348772851683, "supply": [{"l": "Roots, Other", "v": 0.094375816783834832}, {"l": "Yams", "v": 0.15722283920555558}, {"l": "Potatoes", "v": 0.12569152772902067}, {"l": "Sweet potatoes", "v": 0.44014324877651334}, {"l": "Cassava", "v": 0.41605429602190563}]}, {"source": 15, "prod": 186.0, "target": 9, "value": 0.7335483724773475, "supply": [{"l": "Pulses, Other", "v": 0.39233055993992605}, {"l": "Peas", "v": 0.010612541646375}, {"l": "Beans", "v": 0.33060527089104641}]}, {"source": 5, "prod": 343.0, "target": 9, "value": 0.26279519288124553, "supply": [{"l": "Freshwater Fish", "v": 0.00082161612746129039}, {"l": "Crustaceans", "v": 0.0079594062347812505}, {"l": "Marine Fish, Other", "v": 0.02387821870434375}, {"l": "Demersal Fish", "v": 0.062967747101825011}, {"l": "Pelagic Fish", "v": 0.039266404091587506}, {"l": "Fish, Seafood", "v": 0.12569659716225973}, {"l": "Molluscs, Other", "v": 0.0022052034589870127}]}, {"source": 6, "prod": 1920.0, "target": 9, "value": 1.1850781844013611, "supply": [{"l": "Plantains", "v": 0.51841302374264653}, {"l": "Citrus, Other", "v": 0.0010568506203858922}, {"l": "Grapes", "v": 0.0029108685658628575}, {"l": "Apples", "v": 0.0020376079961039999}, {"l": "Lemons, Limes", "v": 0.0079073839718088231}, {"l": "Pineapples", "v": 0.015852759305788385}, {"l": "Bananas", "v": 0.25953177712883208}, {"l": "Fruits, Other", "v": 0.30650044853628289}, {"l": "Grapefruit", "v": 0.0079422892321258064}, {"l": "Oranges, Mandarines", "v": 0.062925175301524361}]}, {"source": 7, "prod": 1654.0, "target": 9, "value": 5.9752582925540034, "supply": [{"l": "Maize", "v": 0.93606102283882453}, {"l": "Barley", "v": 0.0029034312051403307}, {"l": "Cereals, Other", "v": 0.015436424212909092}, {"l": "Rice", "v": 2.1223548024519063}, {"l": "Wheat", "v": 2.3878063474578082}, {"l": "Oats", "v": 0.0078611419602777795}, {"l": "Sorghum", "v": 0.50283512242713824}]}, {"source": 16, "prod": 84.0, "target": 9, "value": 0.86967594385739533, "supply": [{"l": "Groundnut Oil", "v": 0.19357275962988002}, {"l": "Soyabean Oil", "v": 0.12128619024428573}, {"l": "Sunflowerseed Oil", "v": 0.22758996875251258}, {"l": "Olive Oil", "v": 0.076410299853900007}, {"l": "Coconut Oil", "v": 0.21704954741107826}, {"l": "Oilcrops Oil, Other", "v": 0.023154636319363639}, {"l": "Cottonseed Oil", "v": 0.010612541646375}]}, {"source": 17, "prod": 5.0, "target": 9, "value": 0.015299747540190626, "supply": [{"l": "Pimento", "v": 0.0039797031173906252}, {"l": "Pepper", "v": 0.0028300111056999999}, {"l": "Spices, Other", "v": 0.0084900333171}]}, {"source": 18, "prod": 89.0, "target": 9, "value": 0.063467391523757063, "supply": [{"l": "Cocoa Beans", "v": 0.023295823126189025}, {"l": "Coffee", "v": 0.039127047484109848}, {"l": "Tea", "v": 0.0010445209134581949}]}, {"source": 19, "prod": 46.0, "target": 9, "value": 0.070017406240625524, "supply": [{"l": "Eggs", "v": 0.070017406240625524}]}, {"source": 20, "prod": 109.0, "target": 9, "value": 0.23315927162101088, "supply": [{"l": "Coconuts - Incl Copra", "v": 0.1489021227922154}, {"l": "Sesame seed", "v": 0.0070750277642500003}, {"l": "Groundnuts", "v": 0.077182121064545472}]}, {"source": 7, "prod": 33.0, "target": 21, "value": 0.097055022788029466, "supply": [{"l": "Barley", "v": 0.092909798564490581}, {"l": "Rice", "v": 0.0041452242235388796}]}, {"source": 16, "prod": 1.0, "target": 21, "value": 0.011577318159681819, "supply": [{"l": "Oilcrops Oil, Other", "v": 0.011577318159681819}]}, {"source": 3, "prod": 55151.0, "target": 21, "value": 17.848811720637183, "supply": [{"l": "Sugar cane", "v": 17.848811720637183}]}, {"source": 20, "prod": 315.0, "target": 21, "value": 0.77190203891187037, "supply": [{"l": "Cottonseed", "v": 0.027940175203958612}, {"l": "Groundnuts", "v": 0.25084189345977276}, {"l": "Soyabeans", "v": 0.12396679082577174}, {"l": "Coconuts - Incl Copra", "v": 0.36915317942236731}]}, {"source": 8, "prod": 8.0, "target": 22, "value": 0.0054253541166709787, "supply": [{"l": "Milk - Excluding Butter", "v": 0.0054253541166709787}]}, {"source": 0, "prod": 3.0, "target": 22, "value": 0.0070207331116678012, "supply": [{"l": "Pigmeat", "v": 0.0054835404497973273}, {"l": "Poultry Meat", "v": 0.0015371926618704735}]}, {"source": 2, "prod": 8.0, "target": 22, "value": 0.0020225167995755254, "supply": [{"l": "Tomatoes", "v": 0.00067203429950659645}, {"l": "Vegetables, Other", "v": 0.001350482500068929}]}, {"source": 13, "prod": 3.0, "target": 22, "value": 0.0040564788307664145, "supply": [{"l": "Beer", "v": 0.00088437847053125004}, {"l": "Beverages, Alcoholic", "v": 0.0031721003602351648}]}, {"source": 14, "prod": 67.0, "target": 22, "value": 0.56661023133849031, "supply": [{"l": "Fats, Animals, Raw", "v": 0.56661023133849031}]}, {"source": 4, "prod": 12.0, "target": 22, "value": 0.012873684406486108, "supply": [{"l": "Roots, Other", "v": 0.0011370580335401787}, {"l": "Potatoes", "v": 0.0015613854376275863}, {"l": "Cassava", "v": 0.010175240935318344}]}, {"source": 10, "prod": 5.0, "target": 22, "value": 0.020766902352592518, "supply": [{"l": "Sugar", "v": 0.020766902352592518}]}, {"source": 6, "prod": 15.0, "target": 22, "value": 0.0049833626700965545, "supply": [{"l": "Fruits, Other", "v": 0.0013622242157168129}, {"l": "Lemons, Limes", "v": 0.0020808905188970587}, {"l": "Bananas", "v": 0.0015402479354826829}]}, {"source": 16, "prod": 17.0, "target": 22, "value": 0.18420686762607286, "supply": [{"l": "Coconut Oil", "v": 0.051678463669304342}, {"l": "Oilcrops Oil, Other", "v": 0.081041227117772743}, {"l": "Soyabean Oil", "v": 0.010107182520357144}, {"l": "Sunflowerseed Oil", "v": 0.041379994318638653}]}, {"source": 7, "prod": 7.0, "target": 22, "value": 0.023777839322614971, "supply": [{"l": "Barley", "v": 0.0029034312051403307}, {"l": "Rice", "v": 0.0082904484470777591}, {"l": "Wheat", "v": 0.012583959670396881}]}, {"source": 20, "prod": 14.0, "target": 22, "value": 0.02171489290719808, "supply": [{"l": "Coconuts - Incl Copra", "v": 0.02171489290719808}]}, {"source": 4, "prod": 12.0, "target": 4, "value": 0.010081043255218289, "supply": [{"l": "Roots, Other", "v": 0.0022741160670803574}, {"l": "Potatoes", "v": 0.0078069271881379305}]}, {"source": 7, "prod": 28.0, "target": 7, "value": 0.1121466651635841, "supply": [{"l": "Maize", "v": 0.039496245689401882}, {"l": "Rice", "v": 0.053887914906005425}, {"l": "Sorghum", "v": 0.018762504568176797}]}, {"source": 19, "prod": 4.0, "target": 19, "value": 0.0060884701078804792, "supply": [{"l": "Eggs", "v": 0.0060884701078804792}]}, {"source": 15, "prod": 11.0, "target": 15, "value": 0.043256133073535534, "supply": [{"l": "Beans", "v": 0.03148621627533775}, {"l": "Pulses, Other", "v": 0.011769916798197782}]}, {"source": 20, "prod": 4.0, "target": 20, "value": 0.020846594045221944, "supply": [{"l": "Groundnuts", "v": 0.012863686844090911}, {"l": "Cottonseed", "v": 0.0079829072011310329}]}, {"source": 8, "prod": 31.0, "target": 23, "value": 0.02102324720210004, "supply": [{"l": "Milk - Excluding Butter", "v": 0.02102324720210004}]}, {"source": 20, "prod": 6.0, "target": 23, "value": 0.019067941960433221, "supply": [{"l": "Coconuts - Incl Copra", "v": 0.0062042551163423087}, {"l": "Groundnuts", "v": 0.012863686844090911}]}, {"source": 2, "prod": 59.0, "target": 23, "value": 0.016446839722174686, "supply": [{"l": "Tomatoes", "v": 0.0035841829307018467}, {"l": "Vegetables, Other", "v": 0.010263667000523861}, {"l": "Onions", "v": 0.0025989897909489794}]}, {"source": 3, "prod": 284.0, "target": 23, "value": 0.091912431844589582, "supply": [{"l": "Sugar cane", "v": 0.091912431844589582}]}, {"source": 4, "prod": 175.0, "target": 23, "value": 0.18651378612064312, "supply": [{"l": "Roots, Other", "v": 0.014781754436022324}, {"l": "Potatoes", "v": 0.014833161657462068}, {"l": "Yams", "v": 0.025155654272888888}, {"l": "Sweet potatoes", "v": 0.074083517120799261}, {"l": "Cassava", "v": 0.057659698633470605}]}, {"source": 15, "prod": 9.0, "target": 23, "value": 0.035372107569683134, "supply": [{"l": "Beans", "v": 0.019678885172086092}, {"l": "Pulses, Other", "v": 0.015693222397597042}]}, {"source": 10, "prod": 27.0, "target": 23, "value": 0.11214127270399958, "supply": [{"l": "Sugar", "v": 0.11214127270399958}]}, {"source": 7, "prod": 97.0, "target": 23, "value": 0.35666180818307869, "supply": [{"l": "Maize", "v": 0.098740614223504691}, {"l": "Barley", "v": 0.0029034312051403307}, {"l": "Rice", "v": 0.10363060558847197}, {"l": "Sorghum", "v": 0.041277510049988954}, {"l": "Wheat", "v": 0.11010964711597271}]}, {"source": 18, "prod": 3.0, "target": 23, "value": 0.0016079608555113636, "supply": [{"l": "Coffee", "v": 0.0016079608555113636}]}, {"source": 19, "prod": 3.0, "target": 23, "value": 0.0045663525809103598, "supply": [{"l": "Eggs", "v": 0.0045663525809103598}]}, {"source": 6, "prod": 314.0, "target": 23, "value": 0.20002271208578465, "supply": [{"l": "Pineapples", "v": 0.0017614177006431537}, {"l": "Fruits, Other", "v": 0.049494146504377536}, {"l": "Grapefruit", "v": 0.0021909763398967742}, {"l": "Plantains", "v": 0.076314607556024108}, {"l": "Lemons, Limes", "v": 0.00062426715566911753}, {"l": "Bananas", "v": 0.063150165354789997}, {"l": "Oranges, Mandarines", "v": 0.006487131474383955}]}, {"source": 24, "prod": 3.0, "target": 12, "value": 0.01075036686256169, "supply": [{"l": "Nuts", "v": 0.0030321547561071431}, {"l": "Infant food", "v": 0.007718212106454546}]}, {"source": 24, "prod": 785.0, "target": 1, "value": 0.73194464041912466, "supply": [{"l": "Freshwater Fish", "v": 0.00082161612746129039}, {"l": "Meat, Other", "v": 0.092748263127983191}, {"l": "Eggs", "v": 0.0030442350539402396}, {"l": "Marine Fish, Other", "v": 0.0050650766948607965}, {"l": "Demersal Fish", "v": 0.050940199902600007}, {"l": "Mutton & Goat Meat", "v": 0.0044684385879473687}, {"l": "Pigmeat", "v": 0.057577174722871938}, {"l": "Milk - Excluding Butter", "v": 0.2644860131877102}, {"l": "Fish, Seafood", "v": 0.10879003731002598}, {"l": "Pelagic Fish", "v": 0.072165283195350011}, {"l": "Poultry Meat", "v": 0.015371926618704734}, {"l": "Offals, Edible", "v": 0.0024970686226764706}, {"l": "Bovine Meat", "v": 0.053969307266992471}]}, {"source": 24, "prod": 1417.0, "target": 7, "value": 4.8046588600339168, "supply": [{"l": "Maize", "v": 0.58059481163420767}, {"l": "Barley", "v": 0.19743332194954244}, {"l": "Rice", "v": 1.1648080068144249}, {"l": "Cereals, Other", "v": 0.025727373688181822}, {"l": "Wheat", "v": 2.8062230064985045}, {"l": "Oats", "v": 0.029872339449055558}]}, {"source": 24, "prod": 55.0, "target": 15, "value": 0.21585663657706708, "supply": [{"l": "Beans", "v": 0.023614662206503313}, {"l": "Pulses, Other", "v": 0.19224197437056376}]}, {"source": 24, "prod": 197.0, "target": 21, "value": 1.5167646717513705, "supply": [{"l": "Sugar", "v": 0.083067609410370072}, {"l": "Beer", "v": 0.0057484600584531255}, {"l": "Groundnut Oil", "v": 0.020376079961040003}, {"l": "Beverages, Alcoholic", "v": 0.022204702521646157}, {"l": "Fats, Animals, Raw", "v": 0.75266135207650198}, {"l": "Soyabean Oil", "v": 0.070750277642500012}, {"l": "Butter, Ghee", "v": 0.073945451471516141}, {"l": "Sunflowerseed Oil", "v": 0.26896996307115129}, {"l": "Olive Oil", "v": 0.076410299853900007}, {"l": "Coconut Oil", "v": 0.051678463669304342}, {"l": "Oilcrops Oil, Other", "v": 0.069463908958090917}, {"l": "Wine", "v": 0.0023855280934214703}, {"l": "Sweeteners, Other", "v": 0.0084900333171}, {"l": "Cottonseed Oil", "v": 0.010612541646375}]}, {"source": 24, "prod": 47.0, "target": 2, "value": 0.017642479597323214, "supply": [{"l": "Tomatoes", "v": 0.00022401143316886542}, {"l": "Vegetables, Other", "v": 0.0070225090003584309}, {"l": "Onions", "v": 0.010395959163795918}]}, {"source": 24, "prod": 5.0, "target": 18, "value": 0.0052226045672909734, "supply": [{"l": "Cocoa Beans", "v": 0.0031061097501585365}, {"l": "Coffee", "v": 0.0010719739036742426}, {"l": "Tea", "v": 0.0010445209134581949}]}, {"source": 24, "prod": 62.0, "target": 6, "value": 0.0307448362186989, "supply": [{"l": "Plantains", "v": 0.0052630763831740769}, {"l": "Grapes", "v": 0.0029108685658628575}, {"l": "Apples", "v": 0.0020376079961039999}, {"l": "Bananas", "v": 0.00077012396774134143}, {"l": "Fruits, Other", "v": 0.016346690588601755}, {"l": "Grapefruit", "v": 0.00082161612746129039}, {"l": "Oranges, Mandarines", "v": 0.0025948525897535818}]}, {"source": 24, "prod": 61.0, "target": 20, "value": 0.1802602634842588, "supply": [{"l": "Coconuts - Incl Copra", "v": 0.04342978581439616}, {"l": "Groundnuts", "v": 0.012863686844090911}, {"l": "Soyabeans", "v": 0.12396679082577174}]}, {"source": 24, "prod": 2.0, "target": 17, "value": 0.0056600222113999997, "supply": [{"l": "Pepper", "v": 0.0028300111056999999}, {"l": "Spices, Other", "v": 0.0028300111056999999}]}, {"source": 24, "prod": 90.0, "target": 4, "value": 0.071236251544481335, "supply": [{"l": "Roots, Other", "v": 0.0011370580335401787}, {"l": "Potatoes", "v": 0.0679202665368}, {"l": "Sweet potatoes", "v": 0.0021789269741411548}]}, {"source": 20, "prod": 90.0, "target": 25, "value": 0.14203612993918188, "supply": [{"l": "Coconuts - Incl Copra", "v": 0.13804467633861636}, {"l": "Oilcrops, Other", "v": 0.0039914536005655164}]}, {"source": 10, "prod": 6737.0, "target": 25, "value": 27.987057017008244, "supply": [{"l": "Sugar", "v": 27.968864088471602}, {"l": "Honey", "v": 0.018192928536642859}]}, {"source": 2, "prod": 5.0, "target": 25, "value": 0.0013043974332240086, "supply": [{"l": "Tomatoes", "v": 0.00022401143316886542}, {"l": "Vegetables, Other", "v": 0.0010803860000551432}]}, {"source": 13, "prod": 14.0, "target": 25, "value": 0.044409405043292313, "supply": [{"l": "Beverages, Alcoholic", "v": 0.044409405043292313}]}, {"source": 4, "prod": 24.0, "target": 25, "value": 0.0271683008824503, "supply": [{"l": "Roots, Other", "v": 0.020467044603723217}, {"l": "Sweet potatoes", "v": 0.0021789269741411548}, {"l": "Cassava", "v": 0.0045223293045859297}]}, {"source": 15, "prod": 2.0, "target": 25, "value": 0.0078466111987985209, "supply": [{"l": "Pulses, Other", "v": 0.0078466111987985209}]}, {"source": 5, "prod": 4.0, "target": 25, "value": 0.0032388925803871751, "supply": [{"l": "Crustaceans", "v": 0.0017687569410625001}, {"l": "Fish, Seafood", "v": 0.0014701356393246752}]}, {"source": 6, "prod": 569.0, "target": 25, "value": 0.3704799756240611, "supply": [{"l": "Plantains", "v": 0.0035087175887827181}, {"l": "Fruits, Other", "v": 0.010897793725734503}, {"l": "Grapefruit", "v": 0.015884578464251613}, {"l": "Lemons, Limes", "v": 0.0020808905188970587}, {"l": "Pineapples", "v": 0.0017614177006431537}, {"l": "Bananas", "v": 0.31883132264491537}, {"l": "Oranges, Mandarines", "v": 0.01751525498083668}]}, {"source": 7, "prod": 23.0, "target": 25, "value": 0.082805018572214645, "supply": [{"l": "Maize", "v": 0.051345119396222438}, {"l": "Wheat", "v": 0.031459899175992199}]}, {"source": 16, "prod": 4.0, "target": 25, "value": 0.043826021787085376, "supply": [{"l": "Coconut Oil", "v": 0.020671385467721737}, {"l": "Oilcrops Oil, Other", "v": 0.023154636319363639}]}, {"source": 17, "prod": 3.0, "target": 25, "value": 0.01078941734048125, "supply": [{"l": "Spices, Other", "v": 0.0028300111056999999}, {"l": "Pimento", "v": 0.0079594062347812505}]}, {"source": 18, "prod": 106.0, "target": 25, "value": 0.09037785836172571, "supply": [{"l": "Cocoa Beans", "v": 0.051250810877615856}, {"l": "Coffee", "v": 0.039127047484109848}]}, {"source": 0, "prod": 2.0, "target": 25, "value": 0.0049063006606356787, "supply": [{"l": "Bovine Meat", "v": 0.0049063006606356787}]}, {"source": 26, "prod": 25.0, "target": 20, "value": 0.03877659447713943, "supply": [{"l": "Coconuts - Incl Copra", "v": 0.03877659447713943}]}, {"source": 26, "prod": 12.0, "target": 18, "value": 0.0064318434220454546, "supply": [{"l": "Coffee", "v": 0.0064318434220454546}]}, {"source": 7, "prod": 10.0, "target": 27, "value": 0.030004546901238861, "supply": [{"l": "Wheat", "v": 0.012583959670396881}, {"l": "Barley", "v": 0.017420587230841982}]}, {"source": 6, "prod": 14.0, "target": 27, "value": 0.0059994189919215079, "supply": [{"l": "Bananas", "v": 0.0030804958709653657}, {"l": "Fruits, Other", "v": 0.000454074738572271}, {"l": "Grapefruit", "v": 0.0024648483823838715}]}, {"source": 16, "prod": 1.0, "target": 27, "value": 0.010335692733860868, "supply": [{"l": "Coconut Oil", "v": 0.010335692733860868}]}, {"source": 26, "prod": 1.0, "target": 1, "value": 0.00067816926458387234, "supply": [{"l": "Milk - Excluding Butter", "v": 0.00067816926458387234}]}, {"source": 26, "prod": 685.0, "target": 21, "value": 2.8818344599700367, "supply": [{"l": "Fats, Animals, Raw", "v": 0.076111822120095707}, {"l": "Sugar", "v": 2.7993784371294708}, {"l": "Beverages, Alcoholic", "v": 0.0063442007204703296}]}, {"source": 4, "prod": 5.0, "target": 27, "value": 0.0056852901677008939, "supply": [{"l": "Roots, Other", "v": 0.0056852901677008939}]}, {"source": 18, "prod": 4.0, "target": 27, "value": 0.0062122195003170731, "supply": [{"l": "Cocoa Beans", "v": 0.0062122195003170731}]}, {"source": 1, "prod": 1012.0, "target": 8, "value": 0.68630729575887872, "supply": [{"l": "Milk - Excluding Butter", "v": 0.68630729575887872}]}, {"source": 1, "prod": 49.0, "target": 19, "value": 0.074583758821535881, "supply": [{"l": "Eggs", "v": 0.080672228929416362}]}, {"source": 1, "prod": 475.0, "target": 0, "value": 1.0669486190741602, "supply": [{"l": "Pigmeat", "v": 0.23305046911638638}, {"l": "Bovine Meat", "v": 0.5470525236608782}, {"l": "Poultry Meat", "v": 0.10299190834532171}, {"l": "Offals, Edible", "v": 0.054935509698882355}, {"l": "Meat, Other", "v": 0.10434179601898111}, {"l": "Mutton & Goat Meat", "v": 0.024576412233710525}]}, {"source": 1, "prod": 427.0, "target": 5, "value": 0.33788696483362618, "supply": [{"l": "Pelagic Fish", "v": 0.081716570677087513}, {"l": "Crustaceans", "v": 0.0097281631758437508}, {"l": "Freshwater Fish", "v": 0.00082161612746129039}, {"l": "Molluscs, Other", "v": 0.0022052034589870127}, {"l": "Demersal Fish", "v": 0.062967747101825011}, {"l": "Fish, Seafood", "v": 0.15656944558807792}, {"l": "Marine Fish, Other", "v": 0.02387821870434375}]}, {"source": 21, "prod": 7494.0, "target": 10, "value": 31.112149776720884, "supply": [{"l": "Honey", "v": 0.024257238048857144}, {"l": "Sweeteners, Other", "v": 0.0084900333171}, {"l": "Sugar non-centrifugal", "v": 0.23639913128452095}, {"l": "Sugar", "v": 30.843003374070406}]}, {"source": 21, "prod": 107.0, "target": 16, "value": 1.1196218441640962, "supply": [{"l": "Olive Oil", "v": 0.076410299853900007}, {"l": "Soyabean Oil", "v": 0.13139337276464289}, {"l": "Coconut Oil", "v": 0.29973508928196518}, {"l": "Groundnut Oil", "v": 0.19357275962988002}, {"l": "Cottonseed Oil", "v": 0.010612541646375}, {"l": "Oilcrops Oil, Other", "v": 0.13892781791618186}, {"l": "Sunflowerseed Oil", "v": 0.26896996307115123}]}, {"source": 21, "prod": 125.0, "target": 14, "value": 1.0544608542086209, "supply": [{"l": "Fats, Animals, Raw", "v": 0.96408308018787903}, {"l": "Butter, Ghee", "v": 0.090377774020741944}]}, {"source": 21, "prod": 263.0, "target": 13, "value": 0.38726294383859361, "supply": [{"l": "Beer", "v": 0.071634656113031256}, {"l": "Beverages, Alcoholic", "v": 0.31403793566328136}, {"l": "Wine", "v": 0.0015903520622809802}]}, {"source": 20, "prod": 502.5, "target": 28, "value": 0.98741078822982653, "supply": [{"l": "Coconuts - Incl Copra", "v": 1.44522333057}, {"l": "Sesame seed", "v": 0.006180270621382088}, {"l": "Soyabeans", "v": 0.054144544791673507}, {"l": "Groundnuts", "v": 0.19002333297000001}, {"l": "Oilcrops, Other", "v": 0.0052299999900000003}, {"l": "Cottonseed", "v": 0.054043333230000004}]}, {"source": 2, "prod": 583.0, "target": 28, "value": 2.0667739348656249, "supply": [{"l": "Vegetables, Other", "v": 1.3371366641100002}, {"l": "Tomatoes", "v": 0.55612333226999999}, {"l": "Onions", "v": 0.13946666639999999}]}, {"source": 3, "prod": 22431.800000000003, "target": 28, "value": 78.212209183788019, "supply": [{"l": "Sugar cane", "v": 78.212209183788019}]}, {"source": 4, "prod": 720.0, "target": 28, "value": 2.4662445940516746, "supply": [{"l": "Roots, Other", "v": 0.22837666623}, {"l": "Yams", "v": 0.30508333274999999}, {"l": "Potatoes", "v": 0.26324333283000001}, {"l": "Sweet potatoes", "v": 0.86469333168000018}, {"l": "Cassava", "v": 0.84900333171000009}]}, {"source": 15, "prod": 180.5, "target": 28, "value": 0.63083796310152818, "supply": [{"l": "Peas", "v": 0.0069733333199999996}, {"l": "Beans", "v": 0.32774666604000002}, {"l": "Pulses, Other", "v": 0.29462333276999997}]}, {"source": 7, "prod": 3172.0, "target": 28, "value": 11.888341977316591, "supply": [{"l": "Maize", "v": 3.1868133272399999}, {"l": "Barley", "v": 0.20251022871101645}, {"l": "Rice", "v": 2.9287999944000007}, {"l": "Cereals, Other", "v": 0.03137999994}, {"l": "Wheat", "v": 3.1135933273799998}, {"l": "Oats", "v": 0.066246666539999999}, {"l": "Sorghum", "v": 1.4922933304799999}]}, {"source": 29, "prod": 0, "target": 20, "value": 1.8791454368052903e-06, "supply": "[{\"l\":'Energy for power irrigation',\"v\":1.8791454368052903e-06}]"}, {"source": 29, "prod": 0, "target": 11, "value": 3.7395929090652535e-09, "supply": "[{\"l\":'Energy for power irrigation',\"v\":3.7395929090652535e-09}]"}, {"source": 29, "prod": 0, "target": 2, "value": 2.1801826659850434e-06, "supply": "[{\"l\":'Energy for power irrigation',\"v\":2.1801826659850434e-06}]"}, {"source": 29, "prod": 0, "target": 3, "value": 0.00020971450054392492, "supply": "[{\"l\":'Energy for power irrigation',\"v\":0.00020971450054392492}]"}, {"source": 29, "prod": 0, "target": 4, "value": 5.3850137890539654e-06, "supply": "[{\"l\":'Energy for power irrigation',\"v\":5.3850137890539654e-06}]"}, {"source": 29, "prod": 0, "target": 15, "value": 6.7499652008627843e-07, "supply": "[{\"l\":'Energy for power irrigation',\"v\":6.7499652008627843e-07}]"}, {"source": 29, "prod": 0, "target": 12, "value": 7.479185818130507e-09, "supply": "[{\"l\":'Energy for power irrigation',\"v\":7.479185818130507e-09}]"}, {"source": 29, "prod": 0, "target": 7, "value": 5.930994353777493e-06, "supply": "[{\"l\":'Energy for power irrigation',\"v\":5.930994353777493e-06}]"}, {"source": 29, "prod": 0, "target": 17, "value": 2.6177150363456777e-08, "supply": "[{\"l\":'Energy for power irrigation',\"v\":2.6177150363456777e-08}]"}, {"source": 29, "prod": 0, "target": 18, "value": 7.2735082081319188e-07, "supply": "[{\"l\":'Energy for power irrigation',\"v\":7.2735082081319188e-07}]"}, {"source": 29, "prod": 0, "target": 6, "value": 1.0820512082380312e-05, "supply": "[{\"l\":'Energy for power irrigation',\"v\":1.0820512082380312e-05}]"}, {"source": 29, "prod": 0, "target": 21, "value": 0.15341244224001443, "supply": "[{\"l\":'Electricity',\"v\":0.15341244224001443}]"}, {"source": 30, "prod": 0, "target": 29, "value": 0.29220146456803686, "supply": [{"l": "Coal", "v": 0.150623178512101}, {"l": "Natural gas", "v": 0.047045846048265297}, {"l": "Oil", "v": 0.09453244000767054}]}, {"source": 31, "prod": 0, "target": 29, "value": 0.040793365037526265, "supply": [{"l": "Nuclear", "v": 0.004657598796458105}, {"l": "Hydroelectric", "v": 0.035671709380235242}, {"l": "Renewable", "v": 0.00046405686083291533}]}, {"source": 30, "prod": 0, "target": 20, "value": 0.0084672171186238755, "supply": [{"l": "Motor Gasoline", "v": 0.0014613810582122515}, {"l": "Gas-Diesel oil", "v": 0.0011032748896962321}, {"l": "Natural gas (including LNG)", "v": 1.7593752393826955e-05}, {"l": "Fuel oil", "v": 0.0036427864331418712}, {"l": "Liquefied petroleum gas (LPG)", "v": 0.00010402306102850186}, {"l": "Other fossil fuels", "v": 0.0021381579241511925}]}, {"source": 30, "prod": 0, "target": 11, "value": 1.6850183320644526e-05, "supply": [{"l": "Motor Gasoline", "v": 2.908221011367664e-06}, {"l": "Gas-Diesel oil", "v": 2.1955719197934963e-06}, {"l": "Natural gas (including LNG)", "v": 3.5012442574780006e-08}, {"l": "Fuel oil", "v": 7.2493262351081997e-06}, {"l": "Liquefied petroleum gas (LPG)", "v": 2.0701106672338676e-07}, {"l": "Other fossil fuels", "v": 4.2550406450769994e-06}]}, {"source": 30, "prod": 0, "target": 2, "value": 0.0098236568759357597, "supply": [{"l": "Motor Gasoline", "v": 0.0016954928496273486}, {"l": "Gas-Diesel oil", "v": 0.0012800184292396087}, {"l": "Natural gas (including LNG)", "v": 2.0412254021096747e-05}, {"l": "Fuel oil", "v": 0.0042263571950680806}, {"l": "Liquefied petroleum gas (LPG)", "v": 0.0001206874518997345}, {"l": "Other fossil fuels", "v": 0.0024806886960798908}]}, {"source": 30, "prod": 0, "target": 3, "value": 0.9449498555300847, "supply": [{"l": "Motor Gasoline", "v": 0.16309158020699294}, {"l": "Gas-Diesel oil", "v": 0.12312657547605939}, {"l": "Natural gas (including LNG)", "v": 0.0019634802733723756}, {"l": "Fuel oil", "v": 0.40653859060175035}, {"l": "Liquefied petroleum gas (LPG)", "v": 0.011609077116314169}, {"l": "Other fossil fuels", "v": 0.23862055185559561}]}, {"source": 30, "prod": 0, "target": 4, "value": 0.024264263981728117, "supply": [{"l": "Motor Gasoline", "v": 0.0041878382563694362}, {"l": "Gas-Diesel oil", "v": 0.0031616235645026349}, {"l": "Natural gas (including LNG)", "v": 5.0417917307683211e-05}, {"l": "Fuel oil", "v": 0.010439029778555807}, {"l": "Liquefied petroleum gas (LPG)", "v": 0.00029809593608167692}, {"l": "Other fossil fuels", "v": 0.0061272585289108795}]}, {"source": 30, "prod": 0, "target": 15, "value": 0.003041458089376337, "supply": [{"l": "Motor Gasoline", "v": 0.00052493389255186347}, {"l": "Gas-Diesel oil", "v": 0.00039630073152272617}, {"l": "Natural gas (including LNG)", "v": 6.3197458847477918e-06}, {"l": "Fuel oil", "v": 0.0013085033854370303}, {"l": "Liquefied petroleum gas (LPG)", "v": 3.7365497543571317e-05}, {"l": "Other fossil fuels", "v": 0.00076803483643639845}]}, {"source": 30, "prod": 0, "target": 12, "value": 3.3700366641289051e-05, "supply": [{"l": "Motor Gasoline", "v": 5.816442022735328e-06}, {"l": "Gas-Diesel oil", "v": 4.3911438395869926e-06}, {"l": "Natural gas (including LNG)", "v": 7.0024885149560012e-08}, {"l": "Fuel oil", "v": 1.4498652470216399e-05}, {"l": "Liquefied petroleum gas (LPG)", "v": 4.1402213344677352e-07}, {"l": "Other fossil fuels", "v": 8.5100812901539988e-06}]}, {"source": 30, "prod": 0, "target": 7, "value": 0.026724390746542221, "supply": [{"l": "Motor Gasoline", "v": 0.0046124385240291161}, {"l": "Gas-Diesel oil", "v": 0.0034821770647924855}, {"l": "Natural gas (including LNG)", "v": 5.5529733923601095e-05}, {"l": "Fuel oil", "v": 0.011497431408881606}, {"l": "Liquefied petroleum gas (LPG)", "v": 0.00032831955182329142}, {"l": "Other fossil fuels", "v": 0.0067484944630921218}]}, {"source": 30, "prod": 0, "target": 17, "value": 0.00011795128324451169, "supply": [{"l": "Motor Gasoline", "v": 2.0357547079573651e-05}, {"l": "Gas-Diesel oil", "v": 1.5369003438554476e-05}, {"l": "Natural gas (including LNG)", "v": 2.4508709802346005e-07}, {"l": "Fuel oil", "v": 5.0745283645757404e-05}, {"l": "Liquefied petroleum gas (LPG)", "v": 1.4490774670637074e-06}, {"l": "Other fossil fuels", "v": 2.9785284515538997e-05}]}, {"source": 30, "prod": 0, "target": 18, "value": 0.0032773606558653603, "supply": [{"l": "Motor Gasoline", "v": 0.00056564898671101072}, {"l": "Gas-Diesel oil", "v": 0.00042703873839983506}, {"l": "Natural gas (including LNG)", "v": 6.8099200807947115e-06}, {"l": "Fuel oil", "v": 0.0014099939527285449}, {"l": "Liquefied petroleum gas (LPG)", "v": 4.0263652477698726e-05}, {"l": "Other fossil fuels", "v": 0.00082760540546747636}]}, {"source": 30, "prod": 0, "target": 6, "value": 0.048756005438284934, "supply": [{"l": "Motor Gasoline", "v": 0.0084149374963923378}, {"l": "Gas-Diesel oil", "v": 0.0063528873499224823}, {"l": "Natural gas (including LNG)", "v": 0.00010130850259012596}, {"l": "Fuel oil", "v": 0.020975925461285579}, {"l": "Liquefied petroleum gas (LPG)", "v": 0.00059898652156411961}, {"l": "Other fossil fuels", "v": 0.012311960106530299}]}, {"source": 32, "prod": 0.056343521017730977, "target": 20, "value": 0.00070465496283216641, "supply": [{"l": "Potash", "v": 0.0046175055317516705}, {"l": "Phosphate", "v": 0.0039114290737348317}, {"l": "Nitrogen", "v": 0.080474245819341719}]}, {"source": 32, "prod": 0.00011212640998553425, "target": 11, "value": 1.4022984334968482e-06, "supply": [{"l": "Potash", "v": 0.0046175055317516705}, {"l": "Phosphate", "v": 0.0039114290737348317}, {"l": "Nitrogen", "v": 0.080474245819341719}]}, {"source": 32, "prod": 0.065369697021566489, "target": 2, "value": 0.00081753998672866258, "supply": [{"l": "Potash", "v": 0.0046175055317516705}, {"l": "Phosphate", "v": 0.0039114290737348317}, {"l": "Nitrogen", "v": 0.080474245819341719}]}, {"source": 32, "prod": 6.2879930087837694, "target": 3, "value": 0.078640195001286509, "supply": [{"l": "Potash", "v": 0.0046175055317516705}, {"l": "Phosphate", "v": 0.0039114290737348317}, {"l": "Nitrogen", "v": 0.080474245819341719}]}, {"source": 32, "prod": 0.16146203037916934, "target": 4, "value": 0.0020193097442354614, "supply": [{"l": "Potash", "v": 0.0046175055317516705}, {"l": "Phosphate", "v": 0.0039114290737348317}, {"l": "Nitrogen", "v": 0.080474245819341719}]}, {"source": 32, "prod": 0.020238817002388935, "target": 15, "value": 0.00025311486724618115, "supply": [{"l": "Potash", "v": 0.0046175055317516705}, {"l": "Phosphate", "v": 0.0039114290737348317}, {"l": "Nitrogen", "v": 0.080474245819341719}]}, {"source": 32, "prod": 0.00022425281997106851, "target": 12, "value": 2.8045968669936964e-06, "supply": [{"l": "Potash", "v": 0.0046175055317516705}, {"l": "Phosphate", "v": 0.0039114290737348317}, {"l": "Nitrogen", "v": 0.080474245819341719}]}, {"source": 32, "prod": 0.17783248623705736, "target": 7, "value": 0.0022240453155260016, "supply": [{"l": "Potash", "v": 0.0046175055317516705}, {"l": "Phosphate", "v": 0.0039114290737348317}, {"l": "Nitrogen", "v": 0.080474245819341719}]}, {"source": 32, "prod": 0.00078488486989873986, "target": 17, "value": 9.8160890344779381e-06, "supply": [{"l": "Potash", "v": 0.0046175055317516705}, {"l": "Phosphate", "v": 0.0039114290737348317}, {"l": "Nitrogen", "v": 0.080474245819341719}]}, {"source": 32, "prod": 0.021808586742186414, "target": 18, "value": 0.000272747045315137, "supply": [{"l": "Potash", "v": 0.0046175055317516705}, {"l": "Phosphate", "v": 0.0039114290737348317}, {"l": "Nitrogen", "v": 0.080474245819341719}]}, {"source": 32, "prod": 0.32443776729314339, "target": 6, "value": 0.0040575505173231306, "supply": [{"l": "Potash", "v": 0.0046175055317516705}, {"l": "Phosphate", "v": 0.0039114290737348317}, {"l": "Nitrogen", "v": 0.080474245819341719}]}, {"source": 30, "prod": 0, "target": 32, "value": 0.10951410574596268, "supply": [{"l": "Natural gas (including LNG)", "v": 0.072931718766510417}, {"l": "Fuel oil", "v": 0.022356859068048456}, {"l": "Liquefied petroleum gas (LPG)", "v": 0.0071127639557019033}, {"l": "Coal", "v": 0.0071127639557019033}]}, {"source": 33, "prod": 0, "target": 11, "value": 2.3087468293868972e-05, "supply": "[{\"l\":'Labor',\"v\":2.3087468293868972e-05}]"}, {"source": 33, "prod": 0, "target": 2, "value": 0.013459994015325612, "supply": "[{\"l\":'Labor',\"v\":0.013459994015325612}]"}, {"source": 33, "prod": 0, "target": 12, "value": 4.6174936587737943e-05, "supply": "[{\"l\":'Labor',\"v\":4.6174936587737943e-05}]"}, {"source": 33, "prod": 0, "target": 3, "value": 1.294733678186025, "supply": "[{\"l\":'Labor',\"v\":1.294733678186025}]"}, {"source": 33, "prod": 0, "target": 4, "value": 0.033245954343171319, "supply": "[{\"l\":'Labor',\"v\":0.033245954343171319}]"}, {"source": 33, "prod": 0, "target": 15, "value": 0.0041672880270433501, "supply": "[{\"l\":'Labor',\"v\":0.0041672880270433501}]"}, {"source": 33, "prod": 0, "target": 7, "value": 0.03661672471407619, "supply": "[{\"l\":'Labor',\"v\":0.03661672471407619}]"}, {"source": 33, "prod": 0, "target": 6, "value": 0.066803589508309877, "supply": "[{\"l\":'Labor',\"v\":0.066803589508309877}]"}, {"source": 33, "prod": 0, "target": 17, "value": 0.00016161227805708281, "supply": "[{\"l\":'Labor',\"v\":0.00016161227805708281}]"}, {"source": 33, "prod": 0, "target": 18, "value": 0.0044905125831575148, "supply": "[{\"l\":'Labor',\"v\":0.0044905125831575148}]"}, {"source": 33, "prod": 0, "target": 20, "value": 0.01160145281766916, "supply": "[{\"l\":'Labor',\"v\":0.01160145281766916}]"}, {"source": 30, "prod": 0, "target": 24, "value": 9.0216306960553503, "supply": "[{\"l\":'Fossil Fuels',\"v\":9.0216306960553503}]"}, {"source": 31, "prod": 0, "target": 24, "value": 0.57029646351997787, "supply": "[{\"l\":'Renewables & Nuclear',\"v\":0.019738380229765574},{\"l\":'Biomass & Waste',\"v\":0.55055808329021227}]"}]}