{"nodes": [{"layer": 5, "name": "Fruits, Roots & Vegetables", "fill": "#98df8a"}, {"layer": 10, "name": "Feed", "fill": "#dbdb8d"}, {"layer": 13, "name": "Animal Products", "fill": "#17becf"}, {"layer": 5, "name": "Cereals", "fill": "#e7ba52"}, {"layer": 13, "name": "Other Processed", "fill": "#9c9ede"}, {"layer": 16, "name": "Food", "fill": "#b5cf6b"}, {"layer": 5, "name": "Oilcrops", "fill": "#ff9896"}, {"layer": 13, "name": "Sugar", "fill": "#d6616b"}, {"layer": 13, "name": "Aquatic Products", "fill": "#1f77b4"}, {"layer": 13, "name": "Vegetable Oils", "fill": "#f7b6d2"}, {"layer": 10, "name": "Processing", "fill": "#9edae5"}, {"layer": 5, "name": "Sugar Crops", "fill": "#ffbb78"}, {"layer": 16, "name": "Biofuels & Other", "fill": "#e7ba52"}, {"name": "Seed", "fill": "#dbdb8d"}, {"name": "Waste", "fill": "#c7c7c7"}, {"layer": 0, "name": "Import", "fill": "#aec7e8"}, {"layer": 16, "name": "Export", "fill": "#aec7e8"}, {"layer": 0, "name": "Stock Draw", "fill": "#c7c7c7"}, {"layer": 16, "name": "Stock Deposit", "fill": "#c7c7c7"}, {"layer": 0, "name": "Production", "fill": "#b5cf6b"}], "links": [{"source": 0, "prod": 0.017080891767005394, "target": 1, "value": 14.0, "supply": [{"l": "Sweet potatoes", "v": 1.0}, {"l": "Yams", "v": 6.0}, {"l": "Cassava", "v": 7.0}]}, {"source": 2, "prod": 0.0038406785551093237, "target": 1, "value": 5.0, "supply": [{"l": "Milk - Excluding Butter", "v": 5.0}]}, {"source": 3, "prod": 0.044394902041282852, "target": 1, "value": 13.0, "supply": [{"l": "Maize", "v": 1.0}, {"l": "Millet", "v": 5.0}, {"l": "Sorghum", "v": 7.0}]}, {"source": 4, "prod": 0.017414062472550534, "target": 5, "value": 18.0, "supply": [{"l": "Fats, Animals, Raw", "v": 1.0}, {"l": "Beer", "v": 6.0}, {"l": "Wine", "v": 2.0}, {"l": "Beverages, Fermented", "v": 9.0}]}, {"source": 2, "prod": 0.19444950603639966, "target": 5, "value": 192.0, "supply": [{"l": "Poultry Meat", "v": 2.0}, {"l": "Milk - Excluding Butter", "v": 145.0}, {"l": "Meat, Other", "v": 3.0}, {"l": "Eggs", "v": 2.0}, {"l": "Offals, Edible", "v": 8.0}, {"l": "Bovine Meat", "v": 19.0}, {"l": "Mutton & Goat Meat", "v": 13.0}]}, {"source": 3, "prod": 1.9072267200857063, "target": 5, "value": 556.0, "supply": [{"l": "Maize", "v": 10.0}, {"l": "Rice", "v": 23.0}, {"l": "Sorghum", "v": 285.0}, {"l": "Cereals, Other", "v": 7.0}, {"l": "Wheat", "v": 16.0}, {"l": "Millet", "v": 215.0}]}, {"source": 6, "prod": 0.36539050251486421, "target": 5, "value": 60.0, "supply": [{"l": "Sesame seed", "v": 12.0}, {"l": "Groundnuts", "v": 37.0}, {"l": "Oilcrops, Other", "v": 11.0}]}, {"source": 0, "prod": 0.54735241794649825, "target": 5, "value": 411.0, "supply": [{"l": "Dates", "v": 20.0}, {"l": "Vegetables, Other", "v": 28.0}, {"l": "Potatoes", "v": 9.0}, {"l": "Fruits, Other", "v": 54.0}, {"l": "Yams", "v": 96.0}, {"l": "Beans", "v": 27.0}, {"l": "Pulses, Other", "v": 16.0}, {"l": "Tea", "v": 1.0}, {"l": "Roots, Other", "v": 5.0}, {"l": "Sweet potatoes", "v": 20.0}, {"l": "Onions", "v": 9.0}, {"l": "Cassava", "v": 126.0}]}, {"source": 7, "prod": 0.11157157988136698, "target": 5, "value": 27.0, "supply": [{"l": "Sugar", "v": 26.0}, {"l": "Honey", "v": 1.0}]}, {"source": 8, "prod": 0.024728252379902914, "target": 5, "value": 30.0, "supply": [{"l": "Freshwater Fish", "v": 15.0}, {"l": "Fish, Seafood", "v": 15.0}]}, {"source": 9, "prod": 0.10208420037077442, "target": 5, "value": 10.0, "supply": [{"l": "Groundnut Oil", "v": 9.0}, {"l": "Cottonseed Oil", "v": 1.0}]}, {"source": 3, "prod": 0.010218300202869054, "target": 10, "value": 3.0, "supply": [{"l": "Barley", "v": 1.0}, {"l": "Millet", "v": 2.0}]}, {"source": 11, "prod": 0.006402320206337706, "target": 10, "value": 23.0, "supply": [{"l": "Sugar cane", "v": 23.0}]}, {"source": 6, "prod": 0.18465822464692502, "target": 10, "value": 29.0, "supply": [{"l": "Cottonseed", "v": 9.0}, {"l": "Groundnuts", "v": 20.0}]}, {"source": 8, "prod": 0.089021708567650487, "target": 12, "value": 108.0, "supply": [{"l": "Freshwater Fish", "v": 54.0}, {"l": "Fish, Seafood", "v": 54.0}]}, {"source": 6, "prod": 0.23559842454952501, "target": 12, "value": 37.0, "supply": [{"l": "Cottonseed", "v": 37.0}]}, {"source": 0, "prod": 0.026894606100365252, "target": 13, "value": 8.0, "supply": [{"l": "Beans", "v": 5.0}, {"l": "Pulses, Other", "v": 2.0}, {"l": "Potatoes", "v": 1.0}]}, {"source": 3, "prod": 0.059491165520562703, "target": 13, "value": 17.0, "supply": [{"l": "Rice", "v": 2.0}, {"l": "Sorghum", "v": 8.0}, {"l": "Millet", "v": 7.0}]}, {"source": 6, "prod": 0.16862149504795834, "target": 13, "value": 27.0, "supply": [{"l": "Groundnuts", "v": 7.0}, {"l": "Cottonseed", "v": 18.0}, {"l": "Oilcrops, Other", "v": 2.0}]}, {"source": 0, "prod": 0.068176215677757598, "target": 14, "value": 51.0, "supply": [{"l": "Dates", "v": 2.0}, {"l": "Vegetables, Other", "v": 3.0}, {"l": "Potatoes", "v": 2.0}, {"l": "Roots, Other", "v": 1.0}, {"l": "Fruits, Other", "v": 7.0}, {"l": "Yams", "v": 18.0}, {"l": "Sweet potatoes", "v": 4.0}, {"l": "Beans", "v": 4.0}, {"l": "Pulses, Other", "v": 2.0}, {"l": "Onions", "v": 1.0}, {"l": "Cassava", "v": 7.0}]}, {"source": 2, "prod": 0.0061450856881749179, "target": 14, "value": 8.0, "supply": [{"l": "Milk - Excluding Butter", "v": 8.0}]}, {"source": 3, "prod": 0.25665308500318351, "target": 14, "value": 75.0, "supply": [{"l": "Maize", "v": 1.0}, {"l": "Cereals, Other", "v": 1.0}, {"l": "Millet", "v": 31.0}, {"l": "Rice", "v": 2.0}, {"l": "Sorghum", "v": 40.0}]}, {"source": 6, "prod": 0.04776337371041716, "target": 14, "value": 8.0, "supply": [{"l": "Sesame seed", "v": 1.0}, {"l": "Groundnuts", "v": 5.0}, {"l": "Oilcrops, Other", "v": 2.0}]}, {"source": 15, "prod": 0.10840975439156396, "target": 10, "value": 27.0, "supply": [{"l": "Sugar", "v": 23.0}, {"l": "Beer", "v": 1.0}, {"l": "Groundnut Oil", "v": 1.0}, {"l": "Wine", "v": 2.0}]}, {"source": 15, "prod": 0.038761764557526952, "target": 3, "value": 12.0, "supply": [{"l": "Cereals, Other", "v": 1.0}, {"l": "Wheat", "v": 10.0}, {"l": "Barley", "v": 1.0}]}, {"source": 15, "prod": 0.019102574963475002, "target": 6, "value": 3.0, "supply": [{"l": "Groundnuts", "v": 3.0}]}, {"source": 15, "prod": 0.0022585858688745435, "target": 0, "value": 3.0, "supply": [{"l": "Potatoes", "v": 1.0}, {"l": "Tea", "v": 1.0}, {"l": "Vegetables, Other", "v": 1.0}]}, {"source": 15, "prod": 0.0023044071330655942, "target": 1, "value": 3.0, "supply": [{"l": "Milk - Excluding Butter", "v": 3.0}]}, {"source": 8, "prod": 0.0032971003173203881, "target": 16, "value": 4.0, "supply": [{"l": "Freshwater Fish", "v": 2.0}, {"l": "Fish, Seafood", "v": 2.0}]}, {"source": 2, "prod": 0.022274231896574147, "target": 16, "value": 12.0, "supply": [{"l": "Bovine Meat", "v": 12.0}]}, {"source": 17, "prod": 0.057682285183826482, "target": 6, "value": 9.0, "supply": [{"l": "Cottonseed", "v": 6.0}, {"l": "Sesame seed", "v": 3.0}]}, {"source": 6, "prod": 0.0063675249878250009, "target": 18, "value": 1.0, "supply": [{"l": "Groundnuts", "v": 1.0}]}, {"source": 3, "prod": 0.034092475366870552, "target": 18, "value": 10.0, "supply": [{"l": "Millet", "v": 10.0}]}, {"source": 19, "prod": 2.2755272204955115, "target": 3, "value": 663.0, "supply": [{"l": "Maize", "v": 12.0}, {"l": "Rice", "v": 26.0}, {"l": "Sorghum", "v": 339.0}, {"l": "Cereals, Other", "v": 8.0}, {"l": "Wheat", "v": 7.0}, {"l": "Millet", "v": 271.0}]}, {"source": 19, "prod": 0.9428237489053386, "target": 6, "value": 152.0, "supply": [{"l": "Cottonseed", "v": 58.0}, {"l": "Sesame seed", "v": 11.0}, {"l": "Groundnuts", "v": 67.0}, {"l": "Oilcrops, Other", "v": 16.0}]}, {"source": 19, "prod": 0.65412918199949233, "target": 0, "value": 481.0, "supply": [{"l": "Dates", "v": 22.0}, {"l": "Vegetables, Other", "v": 30.0}, {"l": "Potatoes", "v": 12.0}, {"l": "Fruits, Other", "v": 61.0}, {"l": "Yams", "v": 120.0}, {"l": "Beans", "v": 35.0}, {"l": "Pulses, Other", "v": 20.0}, {"l": "Roots, Other", "v": 6.0}, {"l": "Sweet potatoes", "v": 25.0}, {"l": "Onions", "v": 10.0}, {"l": "Cassava", "v": 140.0}]}, {"source": 19, "prod": 0.006402320206337706, "target": 11, "value": 23.0, "supply": [{"l": "Sugar cane", "v": 23.0}]}, {"source": 1, "prod": 0.1170470612648738, "target": 8, "value": 142.0, "supply": [{"l": "Freshwater Fish", "v": 71.0}, {"l": "Fish, Seafood", "v": 71.0}]}, {"source": 1, "prod": 0.22670950217625807, "target": 2, "value": 217.0, "supply": [{"l": "Poultry Meat", "v": 2.0}, {"l": "Bovine Meat", "v": 31.0}, {"l": "Eggs", "v": 2.0}, {"l": "Milk - Excluding Butter", "v": 158.0}, {"l": "Offals, Edible", "v": 8.0}, {"l": "Meat, Other", "v": 3.0}, {"l": "Mutton & Goat Meat", "v": 13.0}]}, {"source": 10, "prod": 0.017414062472550534, "target": 4, "value": 18.0, "supply": [{"l": "Fats, Animals, Raw", "v": 1.0}, {"l": "Beer", "v": 6.0}, {"l": "Beverages, Fermented", "v": 9.0}, {"l": "Wine", "v": 2.0}]}, {"source": 10, "prod": 0.10208420037077442, "target": 9, "value": 10.0, "supply": [{"l": "Cottonseed Oil", "v": 1.0}, {"l": "Groundnut Oil", "v": 9.0}]}, {"source": 10, "prod": 0.11157157988136698, "target": 7, "value": 27.0, "supply": [{"l": "Honey", "v": 1.0}, {"l": "Sugar", "v": 26.0}]}]}