{"nodes": [{"layer": 5, "name": "Maize"}, {"layer": 10, "name": "Feed", "fill": "#dbdb8d"}, {"layer": 5, "name": "Yams"}, {"layer": 5, "name": "Millet"}, {"layer": 13, "name": "Milk - Excluding Butter"}, {"layer": 5, "name": "Sweet potatoes"}, {"layer": 5, "name": "Oilcrops, Other"}, {"layer": 5, "name": "Sorghum"}, {"layer": 5, "name": "Cassava"}, {"layer": 16, "name": "Food", "fill": "#b5cf6b"}, {"layer": 5, "name": "Roots, Other"}, {"layer": 5, "name": "Fruits, Other"}, {"layer": 13, "name": "Sugar", "fill": "#d6616b"}, {"layer": 13, "name": "Beer"}, {"layer": 13, "name": "Groundnut Oil"}, {"layer": 13, "name": "Honey"}, {"layer": 5, "name": "Rice"}, {"layer": 13, "name": "Fats, Animals, Raw"}, {"layer": 5, "name": "Wheat"}, {"layer": 13, "name": "Eggs"}, {"layer": 5, "name": "Vegetables, Other"}, {"layer": 5, "name": "Sesame seed"}, {"layer": 5, "name": "Groundnuts"}, {"layer": 5, "name": "Dates"}, {"layer": 5, "name": "Cereals, Other"}, {"layer": 5, "name": "Potatoes"}, {"layer": 13, "name": "Freshwater Fish"}, {"layer": 5, "name": "Beans"}, {"layer": 5, "name": "Pulses, Other"}, {"layer": 13, "name": "Fish, Seafood"}, {"layer": 13, "name": "Meat, Other"}, {"layer": 13, "name": "Mutton & Goat Meat"}, {"layer": 13, "name": "Beverages, Fermented"}, {"layer": 5, "name": "Tea"}, {"layer": 13, "name": "Poultry Meat"}, {"layer": 13, "name": "Offals, Edible"}, {"layer": 13, "name": "Bovine Meat"}, {"layer": 13, "name": "Cottonseed Oil"}, {"layer": 5, "name": "Onions"}, {"layer": 5, "name": "Cottonseed"}, {"layer": 10, "name": "Processing", "fill": "#9edae5"}, {"layer": 5, "name": "Sugar cane"}, {"layer": 5, "name": "Barley"}, {"layer": 16, "name": "Biofuels & Other", "fill": "#e7ba52"}, {"layer": 13, "name": "Oilcrops Oil, Other"}, {"name": "Seed", "fill": "#dbdb8d"}, {"name": "Waste", "fill": "#c7c7c7"}, {"layer": 0, "name": "Import", "fill": "#aec7e8"}, {"layer": 16, "name": "Export", "fill": "#aec7e8"}, {"layer": 16, "name": "Stock Deposit", "fill": "#c7c7c7"}, {"layer": 0, "name": "Production", "fill": "#b5cf6b"}], "links": [{"source": 0, "prod": 0.007424743965524715, "target": 1, "value": 2.0, "supply": [{"l": "Maize", "v": 2.0}]}, {"source": 2, "prod": 0.011696795127273996, "target": 1, "value": 10.0, "supply": [{"l": "Yams", "v": 10.0}]}, {"source": 3, "prod": 0.010235446257925128, "target": 1, "value": 3.0, "supply": [{"l": "Millet", "v": 3.0}]}, {"source": 4, "prod": 0.0033867125044397474, "target": 1, "value": 5.0, "supply": [{"l": "Milk - Excluding Butter", "v": 5.0}]}, {"source": 5, "prod": 0.0021956982716637933, "target": 1, "value": 2.0, "supply": [{"l": "Sweet potatoes", "v": 2.0}]}, {"source": 6, "prod": 0.0046429869702890626, "target": 1, "value": 1.0, "supply": [{"l": "Oilcrops, Other", "v": 1.0}]}, {"source": 7, "prod": 0.020366217386034658, "target": 1, "value": 6.0, "supply": [{"l": "Sorghum", "v": 6.0}]}, {"source": 8, "prod": 0.019206265229746021, "target": 1, "value": 15.0, "supply": [{"l": "Cassava", "v": 15.0}]}, {"source": 0, "prod": 0.092809299569058937, "target": 9, "value": 25.0, "supply": [{"l": "Maize", "v": 25.0}]}, {"source": 10, "prod": 0.0057886590798409097, "target": 9, "value": 5.0, "supply": [{"l": "Roots, Other", "v": 5.0}]}, {"source": 11, "prod": 0.034662444229921284, "target": 9, "value": 72.0, "supply": [{"l": "Fruits, Other", "v": 72.0}]}, {"source": 2, "prod": 0.18247000398547436, "target": 9, "value": 156.0, "supply": [{"l": "Yams", "v": 156.0}]}, {"source": 12, "prod": 0.1188604664394, "target": 9, "value": 28.0, "supply": [{"l": "Sugar", "v": 28.0}]}, {"source": 13, "prod": 0.0060403399093992092, "target": 9, "value": 12.0, "supply": [{"l": "Beer", "v": 12.0}]}, {"source": 14, "prod": 0.072636951712966663, "target": 9, "value": 7.0, "supply": [{"l": "Groundnut Oil", "v": 7.0}]}, {"source": 15, "prod": 0.00424501665855, "target": 9, "value": 1.0, "supply": [{"l": "Honey", "v": 1.0}]}, {"source": 16, "prod": 0.054379592961717148, "target": 9, "value": 13.0, "supply": [{"l": "Rice", "v": 13.0}]}, {"source": 17, "prod": 0.019405790439085718, "target": 9, "value": 2.0, "supply": [{"l": "Fats, Animals, Raw", "v": 2.0}]}, {"source": 18, "prod": 0.078836023658785712, "target": 9, "value": 25.0, "supply": [{"l": "Wheat", "v": 25.0}]}, {"source": 19, "prod": 0.0045482321341607148, "target": 9, "value": 3.0, "supply": [{"l": "Eggs", "v": 3.0}]}, {"source": 20, "prod": 0.014430002670250899, "target": 9, "value": 54.0, "supply": [{"l": "Vegetables, Other", "v": 54.0}]}, {"source": 21, "prod": 0.071533046671736183, "target": 9, "value": 11.0, "supply": [{"l": "Sesame seed", "v": 11.0}]}, {"source": 22, "prod": 0.18620997443387399, "target": 9, "value": 29.0, "supply": [{"l": "Groundnuts", "v": 29.0}]}, {"source": 6, "prod": 0.069644804554335943, "target": 9, "value": 15.0, "supply": [{"l": "Oilcrops, Other", "v": 15.0}]}, {"source": 23, "prod": 0.04609395770871888, "target": 9, "value": 22.0, "supply": [{"l": "Dates", "v": 22.0}]}, {"source": 24, "prod": 0.12745328466348668, "target": 9, "value": 40.0, "supply": [{"l": "Cereals, Other", "v": 40.0}]}, {"source": 25, "prod": 0.0083645648444334968, "target": 9, "value": 10.0, "supply": [{"l": "Potatoes", "v": 10.0}]}, {"source": 26, "prod": 0.011846558116883722, "target": 9, "value": 12.0, "supply": [{"l": "Freshwater Fish", "v": 12.0}]}, {"source": 4, "prod": 0.13750052768025375, "target": 9, "value": 203.0, "supply": [{"l": "Milk - Excluding Butter", "v": 203.0}]}, {"source": 27, "prod": 0.078496658406277384, "target": 9, "value": 20.0, "supply": [{"l": "Beans", "v": 20.0}]}, {"source": 28, "prod": 0.044100173060554769, "target": 9, "value": 14.0, "supply": [{"l": "Pulses, Other", "v": 14.0}]}, {"source": 29, "prod": 0.011846558116883722, "target": 9, "value": 12.0, "supply": [{"l": "Fish, Seafood", "v": 12.0}]}, {"source": 30, "prod": 0.006137373482240964, "target": 9, "value": 4.0, "supply": [{"l": "Meat, Other", "v": 4.0}]}, {"source": 7, "prod": 0.84519802152043833, "target": 9, "value": 249.0, "supply": [{"l": "Sorghum", "v": 249.0}]}, {"source": 31, "prod": 0.037072382678442047, "target": 9, "value": 18.0, "supply": [{"l": "Mutton & Goat Meat", "v": 18.0}]}, {"source": 32, "prod": 0.0021881529167783508, "target": 9, "value": 5.0, "supply": [{"l": "Beverages, Fermented", "v": 5.0}]}, {"source": 33, "prod": 0.00088437847053125004, "target": 9, "value": 1.0, "supply": [{"l": "Tea", "v": 1.0}]}, {"source": 3, "prod": 0.3889469578011549, "target": 9, "value": 114.0, "supply": [{"l": "Millet", "v": 114.0}]}, {"source": 34, "prod": 0.0039797031173906252, "target": 9, "value": 3.0, "supply": [{"l": "Poultry Meat", "v": 3.0}]}, {"source": 35, "prod": 0.011846558116883723, "target": 9, "value": 10.0, "supply": [{"l": "Offals, Edible", "v": 10.0}]}, {"source": 5, "prod": 0.030739775803293106, "target": 9, "value": 28.0, "supply": [{"l": "Sweet potatoes", "v": 28.0}]}, {"source": 36, "prod": 0.066707404634357148, "target": 9, "value": 36.0, "supply": [{"l": "Bovine Meat", "v": 36.0}]}, {"source": 37, "prod": 0.041050710544219778, "target": 9, "value": 4.0, "supply": [{"l": "Cottonseed Oil", "v": 4.0}]}, {"source": 38, "prod": 0.0063675249878250009, "target": 9, "value": 13.0, "supply": [{"l": "Onions", "v": 13.0}]}, {"source": 8, "prod": 0.3341890149975808, "target": 9, "value": 261.0, "supply": [{"l": "Cassava", "v": 261.0}]}, {"source": 39, "prod": 0.17336790723153783, "target": 40, "value": 27.0, "supply": [{"l": "Cottonseed", "v": 27.0}]}, {"source": 3, "prod": 0.0034118154193083761, "target": 40, "value": 1.0, "supply": [{"l": "Millet", "v": 1.0}]}, {"source": 41, "prod": 0.085782087373072718, "target": 40, "value": 227.0, "supply": [{"l": "Sugar cane", "v": 227.0}]}, {"source": 42, "prod": 0.010209277475471229, "target": 40, "value": 3.0, "supply": [{"l": "Barley", "v": 3.0}]}, {"source": 22, "prod": 0.096315504017521009, "target": 40, "value": 15.0, "supply": [{"l": "Groundnuts", "v": 15.0}]}, {"source": 39, "prod": 0.17978894083270591, "target": 43, "value": 28.0, "supply": [{"l": "Cottonseed", "v": 28.0}]}, {"source": 44, "prod": 0.0096477651330681823, "target": 43, "value": 1.0, "supply": [{"l": "Oilcrops Oil, Other", "v": 1.0}]}, {"source": 26, "prod": 0.027641968939395349, "target": 43, "value": 28.0, "supply": [{"l": "Freshwater Fish", "v": 28.0}]}, {"source": 29, "prod": 0.027641968939395349, "target": 43, "value": 28.0, "supply": [{"l": "Fish, Seafood", "v": 28.0}]}, {"source": 0, "prod": 0.0037123719827623575, "target": 45, "value": 1.0, "supply": [{"l": "Maize", "v": 1.0}]}, {"source": 24, "prod": 0.0031863321165871666, "target": 45, "value": 1.0, "supply": [{"l": "Cereals, Other", "v": 1.0}]}, {"source": 39, "prod": 0.057789302410512618, "target": 45, "value": 9.0, "supply": [{"l": "Cottonseed", "v": 9.0}]}, {"source": 25, "prod": 0.00083645648444334976, "target": 45, "value": 1.0, "supply": [{"l": "Potatoes", "v": 1.0}]}, {"source": 10, "prod": 0.0011577318159681819, "target": 45, "value": 1.0, "supply": [{"l": "Roots, Other", "v": 1.0}]}, {"source": 3, "prod": 0.013647261677233504, "target": 45, "value": 4.0, "supply": [{"l": "Millet", "v": 4.0}]}, {"source": 27, "prod": 0.011774498760941608, "target": 45, "value": 3.0, "supply": [{"l": "Beans", "v": 3.0}]}, {"source": 28, "prod": 0.003150012361468198, "target": 45, "value": 1.0, "supply": [{"l": "Pulses, Other", "v": 1.0}]}, {"source": 22, "prod": 0.038526201607008412, "target": 45, "value": 6.0, "supply": [{"l": "Groundnuts", "v": 6.0}]}, {"source": 6, "prod": 0.013928960910867188, "target": 45, "value": 3.0, "supply": [{"l": "Oilcrops, Other", "v": 3.0}]}, {"source": 16, "prod": 0.004183045612439781, "target": 45, "value": 1.0, "supply": [{"l": "Rice", "v": 1.0}]}, {"source": 7, "prod": 0.016971847821695547, "target": 45, "value": 5.0, "supply": [{"l": "Sorghum", "v": 5.0}]}, {"source": 0, "prod": 0.011137115948287073, "target": 46, "value": 3.0, "supply": [{"l": "Maize", "v": 3.0}]}, {"source": 23, "prod": 0.0062855396875525745, "target": 46, "value": 3.0, "supply": [{"l": "Dates", "v": 3.0}]}, {"source": 10, "prod": 0.0011577318159681819, "target": 46, "value": 1.0, "supply": [{"l": "Roots, Other", "v": 1.0}]}, {"source": 18, "prod": 0.0031534409463514286, "target": 46, "value": 1.0, "supply": [{"l": "Wheat", "v": 1.0}]}, {"source": 8, "prod": 0.019206265229746021, "target": 46, "value": 15.0, "supply": [{"l": "Cassava", "v": 15.0}]}, {"source": 24, "prod": 0.019117992699523002, "target": 46, "value": 6.0, "supply": [{"l": "Cereals, Other", "v": 6.0}]}, {"source": 25, "prod": 0.0016729129688866995, "target": 46, "value": 2.0, "supply": [{"l": "Potatoes", "v": 2.0}]}, {"source": 20, "prod": 0.0016033336300278777, "target": 46, "value": 6.0, "supply": [{"l": "Vegetables, Other", "v": 6.0}]}, {"source": 11, "prod": 0.0048142283652668448, "target": 46, "value": 10.0, "supply": [{"l": "Fruits, Other", "v": 10.0}]}, {"source": 21, "prod": 0.0065030042428851076, "target": 46, "value": 1.0, "supply": [{"l": "Sesame seed", "v": 1.0}]}, {"source": 3, "prod": 0.058000862128242396, "target": 46, "value": 17.0, "supply": [{"l": "Millet", "v": 17.0}]}, {"source": 4, "prod": 0.0060960825079915447, "target": 46, "value": 9.0, "supply": [{"l": "Milk - Excluding Butter", "v": 9.0}]}, {"source": 5, "prod": 0.0054892456791594832, "target": 46, "value": 5.0, "supply": [{"l": "Sweet potatoes", "v": 5.0}]}, {"source": 27, "prod": 0.011774498760941608, "target": 46, "value": 3.0, "supply": [{"l": "Beans", "v": 3.0}]}, {"source": 2, "prod": 0.03392070586909459, "target": 46, "value": 29.0, "supply": [{"l": "Yams", "v": 29.0}]}, {"source": 22, "prod": 0.025684134404672272, "target": 46, "value": 4.0, "supply": [{"l": "Groundnuts", "v": 4.0}]}, {"source": 6, "prod": 0.0092859739405781253, "target": 46, "value": 2.0, "supply": [{"l": "Oilcrops, Other", "v": 2.0}]}, {"source": 16, "prod": 0.004183045612439781, "target": 46, "value": 1.0, "supply": [{"l": "Rice", "v": 1.0}]}, {"source": 7, "prod": 0.12559167388054704, "target": 46, "value": 37.0, "supply": [{"l": "Sorghum", "v": 37.0}]}, {"source": 38, "prod": 0.00048980961444807696, "target": 46, "value": 1.0, "supply": [{"l": "Onions", "v": 1.0}]}, {"source": 28, "prod": 0.0063000247229363961, "target": 46, "value": 2.0, "supply": [{"l": "Pulses, Other", "v": 2.0}]}, {"source": 47, "prod": 0.031863321165871671, "target": 24, "value": 10.0, "supply": [{"l": "Cereals, Other", "v": 10.0}]}, {"source": 47, "prod": 0.012549136837319343, "target": 16, "value": 3.0, "supply": [{"l": "Rice", "v": 3.0}]}, {"source": 47, "prod": 0.050455055141622858, "target": 18, "value": 16.0, "supply": [{"l": "Wheat", "v": 16.0}]}, {"source": 47, "prod": 0.03522181004617337, "target": 1, "value": 52.0, "supply": [{"l": "Milk - Excluding Butter", "v": 52.0}]}, {"source": 47, "prod": 0.010209277475471229, "target": 42, "value": 3.0, "supply": [{"l": "Barley", "v": 3.0}]}, {"source": 47, "prod": 0.055142337605003033, "target": 40, "value": 9.0, "supply": [{"l": "Sugar", "v": 6.0}, {"l": "Groundnut Oil", "v": 1.0}, {"l": "Oilcrops Oil, Other", "v": 2.0}]}, {"source": 47, "prod": 0.00088437847053125004, "target": 33, "value": 1.0, "supply": [{"l": "Tea", "v": 1.0}]}, {"source": 47, "prod": 0.011137115948287073, "target": 0, "value": 3.0, "supply": [{"l": "Maize", "v": 3.0}]}, {"source": 47, "prod": 0.40732434772069309, "target": 7, "value": 120.0, "supply": [{"l": "Sorghum", "v": 120.0}]}, {"source": 47, "prod": 0.0068236308386167522, "target": 3, "value": 2.0, "supply": [{"l": "Millet", "v": 2.0}]}, {"source": 27, "prod": 0.003924832920313869, "target": 48, "value": 1.0, "supply": [{"l": "Beans", "v": 1.0}]}, {"source": 24, "prod": 0.031863321165871671, "target": 49, "value": 10.0, "supply": [{"l": "Cereals, Other", "v": 10.0}]}, {"source": 39, "prod": 0.22473617604088236, "target": 49, "value": 35.0, "supply": [{"l": "Cottonseed", "v": 35.0}]}, {"source": 7, "prod": 0.067887391286782187, "target": 49, "value": 20.0, "supply": [{"l": "Sorghum", "v": 20.0}]}, {"source": 3, "prod": 0.034118154193083762, "target": 49, "value": 10.0, "supply": [{"l": "Millet", "v": 10.0}]}, {"source": 50, "prod": 0.10765878750010836, "target": 0, "value": 29.0, "supply": [{"l": "Maize", "v": 29.0}]}, {"source": 50, "prod": 0.0092618545277454549, "target": 10, "value": 8.0, "supply": [{"l": "Roots, Other", "v": 8.0}]}, {"source": 50, "prod": 0.039476672595188125, "target": 11, "value": 82.0, "supply": [{"l": "Fruits, Other", "v": 82.0}]}, {"source": 50, "prod": 0.22808750498184291, "target": 2, "value": 195.0, "supply": [{"l": "Yams", "v": 195.0}]}, {"source": 50, "prod": 0.050196547349277372, "target": 16, "value": 12.0, "supply": [{"l": "Rice", "v": 12.0}]}, {"source": 50, "prod": 0.031534409463514289, "target": 18, "value": 10.0, "supply": [{"l": "Wheat", "v": 10.0}]}, {"source": 50, "prod": 0.016033336300278776, "target": 20, "value": 60.0, "supply": [{"l": "Vegetables, Other", "v": 60.0}]}, {"source": 50, "prod": 0.084539055157506399, "target": 21, "value": 13.0, "supply": [{"l": "Sesame seed", "v": 13.0}]}, {"source": 50, "prod": 0.34673581446307566, "target": 22, "value": 54.0, "supply": [{"l": "Groundnuts", "v": 54.0}]}, {"source": 50, "prod": 0.10214571334635938, "target": 6, "value": 22.0, "supply": [{"l": "Oilcrops, Other", "v": 22.0}]}, {"source": 50, "prod": 0.052379497396271464, "target": 23, "value": 25.0, "supply": [{"l": "Dates", "v": 25.0}]}, {"source": 50, "prod": 0.14975760947959685, "target": 24, "value": 47.0, "supply": [{"l": "Cereals, Other", "v": 47.0}]}, {"source": 50, "prod": 0.62926129291447064, "target": 39, "value": 98.0, "supply": [{"l": "Cottonseed", "v": 98.0}]}, {"source": 50, "prod": 0.010873934297763548, "target": 25, "value": 13.0, "supply": [{"l": "Potatoes", "v": 13.0}]}, {"source": 50, "prod": 0.1020456559281606, "target": 27, "value": 26.0, "supply": [{"l": "Beans", "v": 26.0}]}, {"source": 50, "prod": 0.053550210144959358, "target": 28, "value": 17.0, "supply": [{"l": "Pulses, Other", "v": 17.0}]}, {"source": 50, "prod": 0.67208517373914378, "target": 7, "value": 198.0, "supply": [{"l": "Sorghum", "v": 198.0}]}, {"source": 50, "prod": 0.085782087373072718, "target": 41, "value": 227.0, "supply": [{"l": "Sugar cane", "v": 227.0}]}, {"source": 50, "prod": 0.50494868205763965, "target": 3, "value": 148.0, "supply": [{"l": "Millet", "v": 148.0}]}, {"source": 50, "prod": 0.03842471975411639, "target": 5, "value": 35.0, "supply": [{"l": "Sweet potatoes", "v": 35.0}]}, {"source": 50, "prod": 0.0068573346022730765, "target": 38, "value": 14.0, "supply": [{"l": "Onions", "v": 14.0}]}, {"source": 50, "prod": 0.3713211277750898, "target": 8, "value": 290.0, "supply": [{"l": "Cassava", "v": 290.0}]}, {"source": 1, "prod": 0.0039797031173906252, "target": 34, "value": 3.0, "supply": [{"l": "Poultry Meat", "v": 3.0}]}, {"source": 1, "prod": 0.066707404634357148, "target": 36, "value": 36.0, "supply": [{"l": "Bovine Meat", "v": 36.0}]}, {"source": 1, "prod": 0.0045482321341607148, "target": 19, "value": 3.0, "supply": [{"l": "Eggs", "v": 3.0}]}, {"source": 1, "prod": 0.14698332269268505, "target": 4, "value": 217.0, "supply": [{"l": "Milk - Excluding Butter", "v": 217.0}]}, {"source": 1, "prod": 0.011846558116883723, "target": 35, "value": 10.0, "supply": [{"l": "Offals, Edible", "v": 10.0}]}, {"source": 1, "prod": 0.039488527056279074, "target": 29, "value": 40.0, "supply": [{"l": "Fish, Seafood", "v": 40.0}]}, {"source": 1, "prod": 0.006137373482240964, "target": 30, "value": 4.0, "supply": [{"l": "Meat, Other", "v": 4.0}]}, {"source": 1, "prod": 0.039488527056279074, "target": 26, "value": 40.0, "supply": [{"l": "Freshwater Fish", "v": 40.0}]}, {"source": 1, "prod": 0.037072382678442047, "target": 31, "value": 18.0, "supply": [{"l": "Mutton & Goat Meat", "v": 18.0}]}, {"source": 40, "prod": 0.019405790439085718, "target": 17, "value": 2.0, "supply": [{"l": "Fats, Animals, Raw", "v": 2.0}]}, {"source": 40, "prod": 0.0021881529167783508, "target": 32, "value": 5.0, "supply": [{"l": "Beverages, Fermented", "v": 5.0}]}, {"source": 40, "prod": 0.1188604664394, "target": 12, "value": 28.0, "supply": [{"l": "Sugar", "v": 28.0}]}, {"source": 40, "prod": 0.00424501665855, "target": 15, "value": 1.0, "supply": [{"l": "Honey", "v": 1.0}]}, {"source": 40, "prod": 0.0060403399093992092, "target": 13, "value": 12.0, "supply": [{"l": "Beer", "v": 12.0}]}, {"source": 40, "prod": 0.072636951712966663, "target": 14, "value": 7.0, "supply": [{"l": "Groundnut Oil", "v": 7.0}]}, {"source": 40, "prod": 0.041050710544219778, "target": 37, "value": 4.0, "supply": [{"l": "Cottonseed Oil", "v": 4.0}]}, {"source": 40, "prod": 0.0096477651330681823, "target": 44, "value": 1.0, "supply": [{"l": "Oilcrops Oil, Other", "v": 1.0}]}]}