{"nodes": [{"layer": 5, "name": "Fruits, Roots & Vegetables", "fill": "#98df8a"}, {"layer": 10, "name": "Feed", "fill": "#dbdb8d"}, {"layer": 13, "name": "Animal Products", "fill": "#17becf"}, {"layer": 5, "name": "Cereals", "fill": "#e7ba52"}, {"layer": 13, "name": "Other Processed", "fill": "#9c9ede"}, {"layer": 16, "name": "Food", "fill": "#b5cf6b"}, {"layer": 5, "name": "Oilcrops", "fill": "#ff9896"}, {"layer": 13, "name": "Sugar", "fill": "#d6616b"}, {"layer": 13, "name": "Aquatic Products", "fill": "#1f77b4"}, {"layer": 13, "name": "Vegetable Oils", "fill": "#f7b6d2"}, {"layer": 10, "name": "Processing", "fill": "#9edae5"}, {"layer": 5, "name": "Sugar Crops", "fill": "#ffbb78"}, {"layer": 16, "name": "Biofuels & Other", "fill": "#e7ba52"}, {"name": "Waste", "fill": "#c7c7c7"}, {"layer": 2, "name": "Import", "fill": "#aec7e8"}, {"layer": 16, "name": "Export", "fill": "#aec7e8"}, {"layer": 16, "name": "Stock Deposit", "fill": "#c7c7c7"}, {"layer": 0, "name": "Stock Draw", "fill": "#c7c7c7"}, {"name": "Crop Residue", "fill": "#bd9e39"}, {"layer": 2, "name": "Electricity", "fill": "#bcbd22"}, {"layer": 0, "name": "Fossil Fuels", "fill": "#c49c94"}, {"layer": 0, "name": "Renewables & Nuclear", "fill": "#2ca02c"}, {"layer": 2, "name": "Fertilizers", "fill": "#c5b0d5"}, {"layer": 0, "name": "Labor", "fill": "#7f7f7f"}], "links": [{"source": 0, "prod": 14.0, "target": 1, "value": 0.017176043456525642, "supply": [{"l": "Sweet potatoes", "v": 0.0011411335103629033}, {"l": "Yams", "v": 0.0070614062244651523}, {"l": "Cassava", "v": 0.0089735037216975861}]}, {"source": 2, "prod": 5.0, "target": 1, "value": 0.0038365094546467669, "supply": [{"l": "Milk - Excluding Butter", "v": 0.0038365094546467669}]}, {"source": 3, "prod": 13.0, "target": 1, "value": 0.044497093551792752, "supply": [{"l": "Maize", "v": 0.0037106788973339162}, {"l": "Millet", "v": 0.017054888078674182}, {"l": "Sorghum", "v": 0.023731526575784648}]}, {"source": 4, "prod": 19.0, "target": 5, "value": 0.017376250506800313, "supply": [{"l": "Fats, Animals, Raw", "v": 0.0097028952195428592}, {"l": "Beer", "v": 0.0032971003173203881}, {"l": "Wine", "v": 0.0011791712940416668}, {"l": "Beverages, Fermented", "v": 0.0031970836758953981}]}, {"source": 2, "prod": 191.0, "target": 5, "value": 0.19134543062540676, "supply": [{"l": "Poultry Meat", "v": 0.0029789590586315794}, {"l": "Milk - Excluding Butter", "v": 0.1120260760756856}, {"l": "Meat, Other", "v": 0.0041983681238406591}, {"l": "Eggs", "v": 0.0035375138821250002}, {"l": "Offals, Edible", "v": 0.0096113584721886809}, {"l": "Bovine Meat", "v": 0.034068286559063694}, {"l": "Mutton & Goat Meat", "v": 0.024924868453871558}]}, {"source": 3, "prod": 549.0, "target": 5, "value": 1.8873475430919493, "supply": [{"l": "Maize", "v": 0.040817467870673071}, {"l": "Rice", "v": 0.11445865709989127}, {"l": "Sorghum", "v": 0.92552953645560121}, {"l": "Cereals, Other", "v": 0.022487115272318916}, {"l": "Wheat", "v": 0.047283601394740103}, {"l": "Millet", "v": 0.73677116499872464}]}, {"source": 6, "prod": 54.0, "target": 5, "value": 0.32733637989487269, "supply": [{"l": "Sesame seed", "v": 0.077782939971035928}, {"l": "Groundnuts", "v": 0.19801695005582171}, {"l": "Oilcrops, Other", "v": 0.051536489868015047}]}, {"source": 0, "prod": 421.0, "target": 5, "value": 0.55965018340532713, "supply": [{"l": "Dates", "v": 0.041649220046150945}, {"l": "Vegetables, Other", "v": 0.0077890213918348642}, {"l": "Potatoes", "v": 0.007774755784890109}, {"l": "Fruits, Other", "v": 0.026995697120505008}, {"l": "Yams", "v": 0.1141594006288533}, {"l": "Beans", "v": 0.10892872935147169}, {"l": "Pulses, Other", "v": 0.050940199902600007}, {"l": "Tea", "v": 0.0011622222200000001}, {"l": "Roots, Other", "v": 0.0048607060975763353}, {"l": "Sweet potatoes", "v": 0.023963803717620968}, {"l": "Onions", "v": 0.0047756437408687505}, {"l": "Cassava", "v": 0.16665078340295517}]}, {"source": 7, "prod": 23.0, "target": 5, "value": 0.088296346497840003, "supply": [{"l": "Sugar", "v": 0.084900333171}, {"l": "Honey", "v": 0.0033960133268400002}]}, {"source": 8, "prod": 36.0, "target": 5, "value": 0.02833000756980077, "supply": [{"l": "Freshwater Fish", "v": 0.014237944072155277}, {"l": "Fish, Seafood", "v": 0.014092063497645493}]}, {"source": 9, "prod": 9.0, "target": 5, "value": 0.093556645942467168, "supply": [{"l": "Groundnut Oil", "v": 0.082944104296092169}, {"l": "Cottonseed Oil", "v": 0.010612541646375}]}, {"source": 3, "prod": 4.0, "target": 10, "value": 0.013623150929459461, "supply": [{"l": "Barley", "v": 0.006801195697989787}, {"l": "Millet", "v": 0.0068219552314696744}]}, {"source": 11, "prod": 21.0, "target": 10, "value": 0.0063903476580322591, "supply": [{"l": "Sugar cane", "v": 0.0063903476580322591}]}, {"source": 6, "prod": 27.0, "target": 10, "value": 0.17246637585507052, "supply": [{"l": "Cottonseed", "v": 0.063876435501877965}, {"l": "Groundnuts", "v": 0.10858994035319254}]}, {"source": 8, "prod": 102.0, "target": 12, "value": 0.080268354781102197, "supply": [{"l": "Freshwater Fish", "v": 0.040340841537773293}, {"l": "Fish, Seafood", "v": 0.039927513243328897}]}, {"source": 6, "prod": 37.0, "target": 12, "value": 0.23634281135694848, "supply": [{"l": "Cottonseed", "v": 0.23634281135694848}]}, {"source": 0, "prod": 8.0, "target": 0, "value": 0.026596559379076814, "supply": [{"l": "Beans", "v": 0.019451558812762802}, {"l": "Pulses, Other", "v": 0.0063675249878250009}, {"l": "Potatoes", "v": 0.00077747557848901095}]}, {"source": 3, "prod": 15.0, "target": 3, "value": 0.052675811314630061, "supply": [{"l": "Rice", "v": 0.0084784190444363895}, {"l": "Sorghum", "v": 0.023731526575784648}, {"l": "Millet", "v": 0.02046586569440902}]}, {"source": 6, "prod": 26.0, "target": 6, "value": 0.16267371608960077, "supply": [{"l": "Groundnuts", "v": 0.044713504851314576}, {"l": "Cottonseed", "v": 0.10858994035319254}, {"l": "Oilcrops, Other", "v": 0.0093702708850936459}]}, {"source": 0, "prod": 52.0, "target": 13, "value": 0.068564736104347199, "supply": [{"l": "Dates", "v": 0.0041649220046150945}, {"l": "Vegetables, Other", "v": 0.00083453800626802105}, {"l": "Potatoes", "v": 0.0015549511569780219}, {"l": "Roots, Other", "v": 0.00097214121951526701}, {"l": "Fruits, Other", "v": 0.003856528160072144}, {"l": "Yams", "v": 0.021184218673395455}, {"l": "Sweet potatoes", "v": 0.0045645340414516133}, {"l": "Beans", "v": 0.015561247050210242}, {"l": "Pulses, Other", "v": 0.0063675249878250009}, {"l": "Onions", "v": 0.00053062708231875}, {"l": "Cassava", "v": 0.0089735037216975861}]}, {"source": 2, "prod": 8.0, "target": 13, "value": 0.0061384151274348278, "supply": [{"l": "Milk - Excluding Butter", "v": 0.0061384151274348278}]}, {"source": 3, "prod": 72.0, "target": 13, "value": 0.24655915857840621, "supply": [{"l": "Maize", "v": 0.0037106788973339162}, {"l": "Cereals, Other", "v": 0.0032124450389027026}, {"l": "Millet", "v": 0.10232932847204511}, {"l": "Rice", "v": 0.0084784190444363895}, {"l": "Sorghum", "v": 0.12882828712568808}]}, {"source": 6, "prod": 7.0, "target": 13, "value": 0.04140275675009783, "supply": [{"l": "Sesame seed", "v": 0.0064819116642529954}, {"l": "Groundnuts", "v": 0.025550574200751189}, {"l": "Oilcrops, Other", "v": 0.0093702708850936459}]}, {"source": 14, "prod": 24.0, "target": 10, "value": 0.099509455972275215, "supply": [{"l": "Sugar", "v": 0.077182121064545459}, {"l": "Beer", "v": 0.00041213753966504852}, {"l": "Groundnut Oil", "v": 0.020736026074023042}, {"l": "Wine", "v": 0.0011791712940416668}]}, {"source": 14, "prod": 11.0, "target": 3, "value": 0.035171356534833845, "supply": [{"l": "Wheat", "v": 0.028370160836844061}, {"l": "Barley", "v": 0.006801195697989787}]}, {"source": 14, "prod": 1.0, "target": 6, "value": 0.0063876435501877974, "supply": [{"l": "Groundnuts", "v": 0.0063876435501877974}]}, {"source": 14, "prod": 3.0, "target": 0, "value": 0.0022178771339116847, "supply": [{"l": "Potatoes", "v": 0.00077747557848901095}, {"l": "Tea", "v": 0.0011622222200000001}, {"l": "Vegetables, Other", "v": 0.00027817933542267372}]}, {"source": 14, "prod": 3.0, "target": 1, "value": 0.0023019056727880604, "supply": [{"l": "Milk - Excluding Butter", "v": 0.0023019056727880604}]}, {"source": 8, "prod": 4.0, "target": 15, "value": 0.0031477786188667525, "supply": [{"l": "Freshwater Fish", "v": 0.0015819937857950311}, {"l": "Fish, Seafood", "v": 0.0015657848330717214}]}, {"source": 2, "prod": 14.0, "target": 15, "value": 0.026497556212605095, "supply": [{"l": "Bovine Meat", "v": 0.026497556212605095}]}, {"source": 6, "prod": 2.0, "target": 15, "value": 0.012775287100375595, "supply": [{"l": "Cottonseed", "v": 0.012775287100375595}]}, {"source": 3, "prod": 3.0, "target": 16, "value": 0.012717628566654584, "supply": [{"l": "Rice", "v": 0.012717628566654584}]}, {"source": 17, "prod": 9.0, "target": 6, "value": 0.057771596293885757, "supply": [{"l": "Sesame seed", "v": 0.019445734992758982}, {"l": "Groundnuts", "v": 0.038325861301126779}]}, {"source": 1, "prod": 142.0, "target": 8, "value": 0.11174614096976972, "supply": [{"l": "Freshwater Fish", "v": 0.056160779395723601}, {"l": "Fish, Seafood", "v": 0.055585361574046116}]}, {"source": 1, "prod": 218.0, "target": 2, "value": 0.22781791142009347, "supply": [{"l": "Poultry Meat", "v": 0.0029789590586315794}, {"l": "Bovine Meat", "v": 0.060565842771668793}, {"l": "Eggs", "v": 0.0035375138821250002}, {"l": "Milk - Excluding Butter", "v": 0.1220010006577672}, {"l": "Offals, Edible", "v": 0.0096113584721886809}, {"l": "Meat, Other", "v": 0.0041983681238406591}, {"l": "Mutton & Goat Meat", "v": 0.024924868453871558}]}, {"source": 10, "prod": 19.0, "target": 4, "value": 0.017376250506800313, "supply": [{"l": "Fats, Animals, Raw", "v": 0.0097028952195428592}, {"l": "Beer", "v": 0.0032971003173203881}, {"l": "Beverages, Fermented", "v": 0.0031970836758953981}, {"l": "Wine", "v": 0.0011791712940416668}]}, {"source": 10, "prod": 9.0, "target": 9, "value": 0.093556645942467168, "supply": [{"l": "Cottonseed Oil", "v": 0.010612541646375}, {"l": "Groundnut Oil", "v": 0.082944104296092169}]}, {"source": 10, "prod": 23.0, "target": 7, "value": 0.088296346497840003, "supply": [{"l": "Honey", "v": 0.0033960133268400002}, {"l": "Sugar", "v": 0.084900333171}]}, {"source": 0, "prod": 493.0, "target": 18, "value": 2.0435754599948059, "supply": [{"l": "Vegetables, Other", "v": 0.10808666646000001}, {"l": "Yams", "v": 0.21094333293}, {"l": "Roots, Other", "v": 0.010459999980000001}, {"l": "Potatoes", "v": 0.021791666625000004}, {"l": "Beans", "v": 0.12726333309000004}, {"l": "Pulses, Other", "v": 0.069733333199999997}, {"l": "Sweet potatoes", "v": 0.045326666580000001}, {"l": "Onions", "v": 0.034866666600000006}, {"l": "Cassava", "v": 0.25103999952}]}, {"source": 11, "prod": 8.4000000000000004, "target": 18, "value": 0.0025561390632129039, "supply": [{"l": "Sugar cane", "v": 0.0025561390632129039}]}, {"source": 3, "prod": 1303.0, "target": 18, "value": 4.5997787582980534, "supply": [{"l": "Maize", "v": 0.090653333160000002}, {"l": "Barley", "v": 0.0069733333200000013}, {"l": "Rice", "v": 0.23709333288000006}, {"l": "Wheat", "v": 0.076706666520000022}, {"l": "Cereals, Other", "v": 0.05578666656000001}, {"l": "Sorghum", "v": 2.266333329000001}, {"l": "Millet", "v": 1.8095799965399999}]}, {"source": 6, "prod": 149.0, "target": 18, "value": 0.50572655253440468, "supply": [{"l": "Sesame seed", "v": 0.041839999920000003}, {"l": "Groundnuts", "v": 0.19525333296000003}, {"l": "Oilcrops, Other", "v": 0.054043333230000011}, {"l": "Cottonseed", "v": 0.22837666623000002}]}, {"source": 19, "prod": 0, "target": 0, "value": 0.00094259273167730925, "supply": "[{\"l\":'Energy for power irrigation',\"v\":0.00094259273167730925}]"}, {"source": 19, "prod": 0, "target": 11, "value": 4.0151008854408711e-05, "supply": "[{\"l\":'Energy for power irrigation',\"v\":4.0151008854408711e-05}]"}, {"source": 19, "prod": 0, "target": 3, "value": 0.0012456372508879653, "supply": "[{\"l\":'Energy for power irrigation',\"v\":0.0012456372508879653}]"}, {"source": 19, "prod": 0, "target": 6, "value": 0.00028488096758604275, "supply": "[{\"l\":'Energy for power irrigation',\"v\":0.00028488096758604275}]"}, {"source": 19, "prod": 0, "target": 10, "value": 0.00038681485348598656, "supply": "[{\"l\":'Electricity',\"v\":0.00038681485348598656}]"}, {"source": 20, "prod": 0, "target": 19, "value": 0.0025266127210059187, "supply": [{"l": "Coal", "v": 0.00019611992137214392}, {"l": "Natural gas", "v": 0.00029344121140545637}, {"l": "Oil", "v": 0.0020370515882283187}]}, {"source": 21, "prod": 0, "target": 19, "value": 0.0019272432682108749, "supply": [{"l": "Nuclear", "v": 0.0}, {"l": "Hydroelectric", "v": 0.0019132858285511784}, {"l": "Renewable", "v": 1.3957439659696364e-05}]}, {"source": 20, "prod": 0, "target": 0, "value": 0.012661836933458811, "supply": [{"l": "Other fossil fuels", "v": 0.012661836933458811}]}, {"source": 20, "prod": 0, "target": 11, "value": 0.00053934802353475665, "supply": [{"l": "Other fossil fuels", "v": 0.00053934802353475665}]}, {"source": 20, "prod": 0, "target": 3, "value": 0.016732630349185425, "supply": [{"l": "Other fossil fuels", "v": 0.016732630349185425}]}, {"source": 20, "prod": 0, "target": 6, "value": 0.0038268026431751779, "supply": [{"l": "Other fossil fuels", "v": 0.0038268026431751779}]}, {"source": 22, "prod": 0.83710612400152151, "target": 0, "value": 0.010026804487967346, "supply": [{"l": "Potash", "v": 0.00056149166711585996}, {"l": "Phosphate", "v": 0.0032025416692286995}, {"l": "Nitrogen", "v": 0.022970722240598797}]}, {"source": 22, "prod": 0.035657664511221002, "target": 11, "value": 0.0004271052621649376, "supply": [{"l": "Potash", "v": 0.00056149166711585996}, {"l": "Phosphate", "v": 0.0032025416692286995}, {"l": "Nitrogen", "v": 0.022970722240598797}]}, {"source": 22, "prod": 1.106236591860023, "target": 3, "value": 0.013250432300021755, "supply": [{"l": "Potash", "v": 0.00056149166711585996}, {"l": "Phosphate", "v": 0.0032025416692286995}, {"l": "Nitrogen", "v": 0.022970722240598797}]}, {"source": 22, "prod": 0.25299961962723472, "target": 6, "value": 0.0030304135267893192, "supply": [{"l": "Potash", "v": 0.00056149166711585996}, {"l": "Phosphate", "v": 0.0032025416692286995}, {"l": "Nitrogen", "v": 0.022970722240598797}]}, {"source": 20, "prod": 0, "target": 22, "value": 0.031933944271745243, "supply": [{"l": "Natural gas (including LNG)", "v": 0.02174358953760527}, {"l": "Fuel oil", "v": 0.006129792910270054}, {"l": "Liquefied petroleum gas (LPG)", "v": 0.0020302809119349592}, {"l": "Coal", "v": 0.0020302809119349592}]}, {"source": 23, "prod": 0, "target": 3, "value": 0.29558161032721569, "supply": "[{\"l\":'Labor',\"v\":0.29558161032721569}]"}, {"source": 23, "prod": 0, "target": 6, "value": 0.067600398985042415, "supply": "[{\"l\":'Labor',\"v\":0.067600398985042415}]"}, {"source": 23, "prod": 0, "target": 0, "value": 0.22367111878943566, "supply": "[{\"l\":'Labor',\"v\":0.22367111878943566}]"}, {"source": 23, "prod": 0, "target": 11, "value": 0.0095275730113147036, "supply": "[{\"l\":'Labor',\"v\":0.0095275730113147036}]"}, {"source": 20, "prod": 0, "target": 14, "value": 0.01938361704065952, "supply": "[{\"l\":'Fossil Fuels',\"v\":0.01938361704065952}]"}, {"source": 21, "prod": 0, "target": 14, "value": 0.11449503863984539, "supply": "[{\"l\":'Renewables & Nuclear',\"v\":0.0011288600080161979},{\"l\":'Biomass & Waste',\"v\":0.1133661786318292}]"}]}