{"nodes": [{"layer": 5, "name": "Fruits, Roots & Vegetables", "fill": "#98df8a"}, {"layer": 10, "name": "Feed", "fill": "#dbdb8d"}, {"layer": 13, "name": "Animal Products", "fill": "#17becf"}, {"layer": 5, "name": "Cereals", "fill": "#e7ba52"}, {"layer": 5, "name": "Oilcrops", "fill": "#ff9896"}, {"layer": 13, "name": "Other Processed", "fill": "#9c9ede"}, {"layer": 16, "name": "Food", "fill": "#b5cf6b"}, {"layer": 13, "name": "Sugar", "fill": "#d6616b"}, {"layer": 13, "name": "Aquatic Products", "fill": "#1f77b4"}, {"layer": 13, "name": "Vegetable Oils", "fill": "#f7b6d2"}, {"layer": 10, "name": "Processing", "fill": "#9edae5"}, {"layer": 5, "name": "Sugar Crops", "fill": "#ffbb78"}, {"layer": 16, "name": "Biofuels & Other", "fill": "#e7ba52"}, {"name": "Waste", "fill": "#c7c7c7"}, {"layer": 2, "name": "Import", "fill": "#aec7e8"}, {"layer": 16, "name": "Stock Deposit", "fill": "#c7c7c7"}, {"layer": 0, "name": "Stock Draw", "fill": "#c7c7c7"}, {"name": "Crop Residue", "fill": "#bd9e39"}, {"layer": 2, "name": "Electricity", "fill": "#bcbd22"}, {"layer": 0, "name": "Fossil Fuels", "fill": "#c49c94"}, {"layer": 0, "name": "Renewables & Nuclear", "fill": "#2ca02c"}, {"layer": 2, "name": "Fertilizers", "fill": "#c5b0d5"}, {"layer": 0, "name": "Labor", "fill": "#7f7f7f"}], "links": [{"source": 0, "prod": 25.0, "target": 1, "value": 0.030691427770168454, "supply": [{"l": "Sweet potatoes", "v": 0.0022868776611717173}, {"l": "Yams", "v": 0.0117221992743081}, {"l": "Cassava", "v": 0.016682350834688636}]}, {"source": 2, "prod": 5.0, "target": 1, "value": 0.0037502284529794816, "supply": [{"l": "Milk - Excluding Butter", "v": 0.0037502284529794816}]}, {"source": 3, "prod": 11.0, "target": 1, "value": 0.038015696308199398, "supply": [{"l": "Maize", "v": 0.0074414634651872513}, {"l": "Millet", "v": 0.010240959772646597}, {"l": "Sorghum", "v": 0.020333273070365546}]}, {"source": 4, "prod": 1.0, "target": 1, "value": 0.0046285228364252341, "supply": [{"l": "Oilcrops, Other", "v": 0.0046285228364252341}]}, {"source": 5, "prod": 20.0, "target": 6, "value": 0.028505852756399469, "supply": [{"l": "Fats, Animals, Raw", "v": 0.020651432392945947}, {"l": "Beer", "v": 0.0058707677192712769}, {"l": "Beverages, Fermented", "v": 0.0019836526441822429}]}, {"source": 2, "prod": 246.0, "target": 6, "value": 0.26809145613259161, "supply": [{"l": "Poultry Meat", "v": 0.0039797031173906252}, {"l": "Milk - Excluding Butter", "v": 0.12375753894832289}, {"l": "Meat, Other", "v": 0.0042987510466329119}, {"l": "Mutton & Goat Meat", "v": 0.044674207203874709}, {"l": "Bovine Meat", "v": 0.072682968153709754}, {"l": "Eggs", "v": 0.0045482321341607148}, {"l": "Offals, Edible", "v": 0.014150055528500001}]}, {"source": 3, "prod": 490.0, "target": 6, "value": 1.6668635998607884, "supply": [{"l": "Maize", "v": 0.089297561582247026}, {"l": "Rice", "v": 0.075614359230421882}, {"l": "Sorghum", "v": 0.79977540743437825}, {"l": "Cereals, Other", "v": 0.21538871135013807}, {"l": "Wheat", "v": 0.066908209585092721}, {"l": "Millet", "v": 0.41987935067851045}]}, {"source": 4, "prod": 52.0, "target": 6, "value": 0.30621090298567172, "supply": [{"l": "Sesame seed", "v": 0.063966004443904115}, {"l": "Groundnuts", "v": 0.1728170559953891}, {"l": "Oilcrops, Other", "v": 0.069427842546378515}]}, {"source": 0, "prod": 617.0, "target": 6, "value": 0.75186197390560561, "supply": [{"l": "Dates", "v": 0.047077857701738994}, {"l": "Vegetables, Other", "v": 0.013928960910867188}, {"l": "Potatoes", "v": 0.0081634935741346157}, {"l": "Fruits, Other", "v": 0.032042441682836313}, {"l": "Yams", "v": 0.17817742896948313}, {"l": "Beans", "v": 0.086360984064264526}, {"l": "Pulses, Other", "v": 0.041537259777209679}, {"l": "Roots, Other", "v": 0.0061128239883120007}, {"l": "Sweet potatoes", "v": 0.032016287256404041}, {"l": "Onions", "v": 0.0061621209559596778}, {"l": "Cassava", "v": 0.30028231502439545}]}, {"source": 7, "prod": 24.0, "target": 6, "value": 0.10027981975361556, "supply": [{"l": "Sugar", "v": 0.096034803095065568}, {"l": "Honey", "v": 0.00424501665855}]}, {"source": 8, "prod": 24.0, "target": 6, "value": 0.020134466364664032, "supply": [{"l": "Freshwater Fish", "v": 0.010067233182332016}, {"l": "Fish, Seafood", "v": 0.010067233182332016}]}, {"source": 9, "prod": 9.0, "target": 6, "value": 0.091536414386728854, "supply": [{"l": "Groundnut Oil", "v": 0.061044041205595055}, {"l": "Cottonseed Oil", "v": 0.030492373181133802}]}, {"source": 3, "prod": 4.0, "target": 10, "value": 0.013617451411463552, "supply": [{"l": "Barley", "v": 0.010203798153914687}, {"l": "Millet", "v": 0.0034136532575488655}]}, {"source": 11, "prod": 199.0, "target": 10, "value": 0.05786015856516781, "supply": [{"l": "Sugar cane", "v": 0.05786015856516781}]}, {"source": 4, "prod": 36.0, "target": 10, "value": 0.23033808488519258, "supply": [{"l": "Cottonseed", "v": 0.13432860933219865}, {"l": "Groundnuts", "v": 0.096009475552993939}]}, {"source": 8, "prod": 36.0, "target": 12, "value": 0.030201699546996051, "supply": [{"l": "Freshwater Fish", "v": 0.015100849773498026}, {"l": "Fish, Seafood", "v": 0.015100849773498026}]}, {"source": 4, "prod": 32.0, "target": 12, "value": 0.20469121422049319, "supply": [{"l": "Cottonseed", "v": 0.20469121422049319}]}, {"source": 0, "prod": 6.0, "target": 0, "value": 0.016806825011426753, "supply": [{"l": "Potatoes", "v": 0.00081634935741346152}, {"l": "Roots, Other", "v": 0.001018803998052}, {"l": "Beans", "v": 0.011776497826945162}, {"l": "Pulses, Other", "v": 0.0031951738290161296}]}, {"source": 3, "prod": 16.0, "target": 3, "value": 0.054844136142598157, "supply": [{"l": "Maize", "v": 0.0037207317325936256}, {"l": "Wheat", "v": 0.0031861052183377488}, {"l": "Cereals, Other", "v": 0.0063349620985334735}, {"l": "Millet", "v": 0.017068266287744327}, {"l": "Rice", "v": 0.004200797735023438}, {"l": "Sorghum", "v": 0.020333273070365546}]}, {"source": 4, "prod": 20.0, "target": 4, "value": 0.1226519636187678, "supply": [{"l": "Cottonseed", "v": 0.07036260488829453}, {"l": "Groundnuts", "v": 0.038403790221197574}, {"l": "Oilcrops, Other", "v": 0.013885568509275702}]}, {"source": 0, "prod": 74.0, "target": 13, "value": 0.089874496445113264, "supply": [{"l": "Dates", "v": 0.0061405901350094338}, {"l": "Vegetables, Other", "v": 0.0016387012836314341}, {"l": "Potatoes", "v": 0.001632698714826923}, {"l": "Roots, Other", "v": 0.001018803998052}, {"l": "Fruits, Other", "v": 0.0043694238658413152}, {"l": "Yams", "v": 0.033994377895493491}, {"l": "Sweet potatoes", "v": 0.0057171941529292935}, {"l": "Beans", "v": 0.011776497826945162}, {"l": "Pulses, Other", "v": 0.0063903476580322591}, {"l": "Onions", "v": 0.00051351007966330656}, {"l": "Cassava", "v": 0.016682350834688636}]}, {"source": 2, "prod": 9.0, "target": 13, "value": 0.0067504112153630672, "supply": [{"l": "Milk - Excluding Butter", "v": 0.0067504112153630672}]}, {"source": 3, "prod": 65.0, "target": 13, "value": 0.22031041370494486, "supply": [{"l": "Maize", "v": 0.011162195197780878}, {"l": "Wheat", "v": 0.0031861052183377488}, {"l": "Cereals, Other", "v": 0.02850732944340063}, {"l": "Millet", "v": 0.058032105378330714}, {"l": "Rice", "v": 0.004200797735023438}, {"l": "Sorghum", "v": 0.11522188073207146}]}, {"source": 4, "prod": 7.0, "target": 13, "value": 0.041256172931372591, "supply": [{"l": "Sesame seed", "v": 0.0063966004443904122}, {"l": "Groundnuts", "v": 0.025602526814131714}, {"l": "Oilcrops, Other", "v": 0.0092570456728504683}]}, {"source": 14, "prod": 1.0, "target": 10, "value": 0.0041754262215245898, "supply": [{"l": "Sugar", "v": 0.0041754262215245898}]}, {"source": 14, "prod": 195.0, "target": 3, "value": 0.65621240260022651, "supply": [{"l": "Cereals, Other", "v": 0.076019545182401671}, {"l": "Wheat", "v": 0.057349893930079478}, {"l": "Barley", "v": 0.010203798153914687}, {"l": "Rice", "v": 0.021003988675117186}, {"l": "Sorghum", "v": 0.45749864408322483}, {"l": "Millet", "v": 0.034136532575488654}]}, {"source": 14, "prod": 16.0, "target": 1, "value": 0.013114351209033568, "supply": [{"l": "Milk - Excluding Butter", "v": 0.011250685358938447}, {"l": "Bovine Meat", "v": 0.0018636658500951219}]}, {"source": 3, "prod": 10.0, "target": 15, "value": 0.033888788450609247, "supply": [{"l": "Sorghum", "v": 0.033888788450609247}]}, {"source": 16, "prod": 15.0, "target": 3, "value": 0.051204798863232981, "supply": [{"l": "Millet", "v": 0.051204798863232981}]}, {"source": 1, "prod": 60.0, "target": 8, "value": 0.050336165911660083, "supply": [{"l": "Freshwater Fish", "v": 0.025168082955830041}, {"l": "Fish, Seafood", "v": 0.025168082955830041}]}, {"source": 1, "prod": 260.0, "target": 2, "value": 0.27859209580093419, "supply": [{"l": "Poultry Meat", "v": 0.0039797031173906252}, {"l": "Bovine Meat", "v": 0.072682968153709754}, {"l": "Eggs", "v": 0.0045482321341607148}, {"l": "Milk - Excluding Butter", "v": 0.13425817861666545}, {"l": "Offals, Edible", "v": 0.014150055528500001}, {"l": "Meat, Other", "v": 0.0042987510466329119}, {"l": "Mutton & Goat Meat", "v": 0.044674207203874709}]}, {"source": 10, "prod": 20.0, "target": 5, "value": 0.028505852756399469, "supply": [{"l": "Fats, Animals, Raw", "v": 0.020651432392945947}, {"l": "Beer", "v": 0.0058707677192712769}, {"l": "Beverages, Fermented", "v": 0.0019836526441822429}]}, {"source": 10, "prod": 9.0, "target": 9, "value": 0.091536414386728854, "supply": [{"l": "Cottonseed Oil", "v": 0.030492373181133802}, {"l": "Groundnut Oil", "v": 0.061044041205595055}]}, {"source": 10, "prod": 24.0, "target": 7, "value": 0.10027981975361556, "supply": [{"l": "Honey", "v": 0.00424501665855}, {"l": "Sugar", "v": 0.096034803095065568}]}, {"source": 0, "prod": 721.0, "target": 17, "value": 2.7066188798705424, "supply": [{"l": "Vegetables, Other", "v": 0.19873999962}, {"l": "Yams", "v": 0.33210499936500004}, {"l": "Roots, Other", "v": 0.013946666639999999}, {"l": "Potatoes", "v": 0.02266333329}, {"l": "Beans", "v": 0.097626666480000027}, {"l": "Pulses, Other", "v": 0.055786666559999996}, {"l": "Sweet potatoes", "v": 0.061016666550000008}, {"l": "Onions", "v": 0.045326666580000008}, {"l": "Cassava", "v": 0.45326666580000002}]}, {"source": 11, "prod": 79.600000000000009, "target": 17, "value": 0.023144063426067125, "supply": [{"l": "Sugar cane", "v": 0.023144063426067125}]}, {"source": 3, "prod": 982.0, "target": 17, "value": 3.4325499922256655, "supply": [{"l": "Maize", "v": 0.20919999960000002}, {"l": "Barley", "v": 0.010459999980000001}, {"l": "Rice", "v": 0.12551999976}, {"l": "Wheat", "v": 0.097626666479999985}, {"l": "Cereals, Other", "v": 0.46721333244000002}, {"l": "Sorghum", "v": 1.56202666368}, {"l": "Millet", "v": 0.95185999818000011}]}, {"source": 4, "prod": 148.0, "target": 17, "value": 0.49590116667485296, "supply": [{"l": "Sesame seed", "v": 0.040096666590000003}, {"l": "Groundnuts", "v": 0.17956333298999999}, {"l": "Oilcrops, Other", "v": 0.07321999986000001}, {"l": "Cottonseed", "v": 0.22314666624000001}]}, {"source": 18, "prod": 0, "target": 0, "value": 0.001932400379808674, "supply": "[{\"l\":'Energy for power irrigation',\"v\":0.001932400379808674}]"}, {"source": 18, "prod": 0, "target": 11, "value": 0.00053335322549504318, "supply": "[{\"l\":'Energy for power irrigation',\"v\":0.00053335322549504318}]"}, {"source": 18, "prod": 0, "target": 3, "value": 0.0013159619784827447, "supply": "[{\"l\":'Energy for power irrigation',\"v\":0.0013159619784827447}]"}, {"source": 18, "prod": 0, "target": 4, "value": 0.00039666471041842409, "supply": "[{\"l\":'Energy for power irrigation',\"v\":0.00039666471041842409}]"}, {"source": 18, "prod": 0, "target": 10, "value": 0.0011652509684492653, "supply": "[{\"l\":'Electricity',\"v\":0.0011652509684492653}]"}, {"source": 19, "prod": 0, "target": 18, "value": 0.0030162556554761411, "supply": [{"l": "Coal", "v": 8.1100431998821338e-05}, {"l": "Natural gas", "v": 0.00093417179900339862}, {"l": "Oil", "v": 0.0020009834244739209}]}, {"source": 20, "prod": 0, "target": 18, "value": 0.004128137177326313, "supply": [{"l": "Nuclear", "v": 0.0}, {"l": "Hydroelectric", "v": 0.0041168865335047319}, {"l": "Renewable", "v": 1.1250643821581462e-05}]}, {"source": 19, "prod": 0, "target": 0, "value": 0.03812901200524603, "supply": [{"l": "Other fossil fuels", "v": 0.03812901200524603}]}, {"source": 19, "prod": 0, "target": 11, "value": 0.010523818847495089, "supply": [{"l": "Other fossil fuels", "v": 0.010523818847495089}]}, {"source": 19, "prod": 0, "target": 3, "value": 0.025965804292060746, "supply": [{"l": "Other fossil fuels", "v": 0.025965804292060746}]}, {"source": 19, "prod": 0, "target": 4, "value": 0.007826759745875744, "supply": [{"l": "Other fossil fuels", "v": 0.007826759745875744}]}, {"source": 21, "prod": 2.497370109044259, "target": 0, "value": 0.019876702317946832, "supply": [{"l": "Potash", "v": 0.0058969444491619996}, {"l": "Phosphate", "v": 0.0058916666713799996}, {"l": "Nitrogen", "v": 0.031190277802729996}]}, {"source": 21, "prod": 0.68928800513149446, "target": 11, "value": 0.0054860801127204145, "supply": [{"l": "Potash", "v": 0.0058969444491619996}, {"l": "Phosphate", "v": 0.0058916666713799996}, {"l": "Nitrogen", "v": 0.031190277802729996}]}, {"source": 21, "prod": 1.7007055805003206, "target": 3, "value": 0.013536006710280019, "supply": [{"l": "Potash", "v": 0.0058969444491619996}, {"l": "Phosphate", "v": 0.0058916666713799996}, {"l": "Nitrogen", "v": 0.031190277802729996}]}, {"source": 21, "prod": 0.51263630532392557, "target": 4, "value": 0.0040800997823247304, "supply": [{"l": "Potash", "v": 0.0058969444491619996}, {"l": "Phosphate", "v": 0.0058916666713799996}, {"l": "Nitrogen", "v": 0.031190277802729996}]}, {"source": 19, "prod": 0, "target": 21, "value": 0.056513152141242223, "supply": [{"l": "Natural gas (including LNG)", "v": 0.036535797397182525}, {"l": "Fuel oil", "v": 0.014463812331456775}, {"l": "Liquefied petroleum gas (LPG)", "v": 0.0027567712063014623}, {"l": "Coal", "v": 0.0027567712063014623}]}, {"source": 22, "prod": 0, "target": 3, "value": 0.19056121415152433, "supply": "[{\"l\":'Labor',\"v\":0.19056121415152433}]"}, {"source": 22, "prod": 0, "target": 4, "value": 0.057440040110846441, "supply": "[{\"l\":'Labor',\"v\":0.057440040110846441}]"}, {"source": 22, "prod": 0, "target": 0, "value": 0.27982614135081268, "supply": "[{\"l\":'Labor',\"v\":0.27982614135081268}]"}, {"source": 22, "prod": 0, "target": 11, "value": 0.077233567446340814, "supply": "[{\"l\":'Labor',\"v\":0.077233567446340814}]"}, {"source": 19, "prod": 0, "target": 14, "value": 0.068081596364297225, "supply": "[{\"l\":'Fossil Fuels',\"v\":0.068081596364297225}]"}, {"source": 20, "prod": 0, "target": 14, "value": 0.37973019971731936, "supply": "[{\"l\":'Renewables & Nuclear',\"v\":0.0084981908126327329},{\"l\":'Biomass & Waste',\"v\":0.37123200890468661}]"}]}