{"nodes": [{"layer": 5, "name": "Maize"}, {"layer": 16, "name": "Food", "fill": "#b5cf6b"}, {"layer": 5, "name": "Vegetables, Other"}, {"layer": 5, "name": "Nuts"}, {"layer": 5, "name": "Yams"}, {"layer": 13, "name": "Sugar", "fill": "#d6616b"}, {"layer": 13, "name": "Beer"}, {"layer": 13, "name": "Beverages, Alcoholic"}, {"layer": 5, "name": "Rice"}, {"layer": 5, "name": "Tomatoes"}, {"layer": 5, "name": "Cereals, Other"}, {"layer": 5, "name": "Wheat"}, {"layer": 5, "name": "Coconuts - Incl Copra"}, {"layer": 5, "name": "Treenuts"}, {"layer": 5, "name": "Roots, Other"}, {"layer": 5, "name": "Sesame seed"}, {"layer": 5, "name": "Pimento"}, {"layer": 13, "name": "Palm Oil"}, {"layer": 5, "name": "Oilcrops, Other"}, {"layer": 13, "name": "Mutton & Goat Meat"}, {"layer": 13, "name": "Freshwater Fish"}, {"layer": 13, "name": "Pigmeat"}, {"layer": 5, "name": "Fruits, Other"}, {"layer": 13, "name": "Coconut Oil"}, {"layer": 5, "name": "Groundnuts"}, {"layer": 13, "name": "Milk - Excluding Butter"}, {"layer": 5, "name": "Beans"}, {"layer": 5, "name": "Pulses, Other"}, {"layer": 13, "name": "Fish, Seafood"}, {"layer": 13, "name": "Meat, Other"}, {"layer": 13, "name": "Wine"}, {"layer": 13, "name": "Pelagic Fish"}, {"layer": 5, "name": "Bananas"}, {"layer": 13, "name": "Beverages, Fermented"}, {"layer": 13, "name": "Bovine Meat"}, {"layer": 5, "name": "Millet"}, {"layer": 13, "name": "Poultry Meat"}, {"layer": 13, "name": "Offals, Edible"}, {"layer": 5, "name": "Sweet potatoes"}, {"layer": 5, "name": "Oranges, Mandarines"}, {"layer": 5, "name": "Cassava"}, {"layer": 5, "name": "Palm kernels"}, {"layer": 10, "name": "Processing", "fill": "#9edae5"}, {"layer": 5, "name": "Cottonseed"}, {"name": "Waste", "fill": "#c7c7c7"}, {"layer": 2, "name": "Import", "fill": "#aec7e8"}, {"layer": 10, "name": "Feed", "fill": "#dbdb8d"}, {"layer": 5, "name": "Coffee"}, {"layer": 16, "name": "Export", "fill": "#aec7e8"}, {"layer": 5, "name": "Cocoa Beans"}, {"layer": 16, "name": "Stock Deposit", "fill": "#c7c7c7"}, {"name": "Crop Residue", "fill": "#bd9e39"}, {"layer": 5, "name": "Oil Palm"}, {"layer": 2, "name": "Electricity", "fill": "#bcbd22"}, {"layer": 0, "name": "Fossil Fuels", "fill": "#c49c94"}, {"layer": 0, "name": "Renewables & Nuclear", "fill": "#2ca02c"}, {"layer": 2, "name": "Fertilizers", "fill": "#c5b0d5"}, {"layer": 0, "name": "Labor", "fill": "#7f7f7f"}], "links": [{"source": 0, "prod": 53.0, "target": 1, "value": 0.1847808244060167, "supply": [{"l": "Maize", "v": 0.1847808244060167}]}, {"source": 2, "prod": 36.0, "target": 1, "value": 0.0096156781838615743, "supply": [{"l": "Vegetables, Other", "v": 0.0096156781838615743}]}, {"source": 3, "prod": 1.0, "target": 1, "value": 0.0029616395292209304, "supply": [{"l": "Nuts", "v": 0.0029616395292209304}]}, {"source": 4, "prod": 225.0, "target": 1, "value": 0.26184637556467866, "supply": [{"l": "Yams", "v": 0.26184637556467866}]}, {"source": 5, "prod": 3.0, "target": 1, "value": 0.012555683074584507, "supply": [{"l": "Sugar", "v": 0.012555683074584507}]}, {"source": 6, "prod": 4.0, "target": 1, "value": 0.0022147913001130436, "supply": [{"l": "Beer", "v": 0.0022147913001130436}]}, {"source": 7, "prod": 1.0, "target": 1, "value": 0.0031837624939125004, "supply": [{"l": "Beverages, Alcoholic", "v": 0.0031837624939125004}]}, {"source": 8, "prod": 12.0, "target": 1, "value": 0.052127924770795336, "supply": [{"l": "Rice", "v": 0.052127924770795336}]}, {"source": 9, "prod": 2.0, "target": 1, "value": 0.00075133038204424794, "supply": [{"l": "Tomatoes", "v": 0.00075133038204424794}]}, {"source": 10, "prod": 2.0, "target": 1, "value": 0.0051979795818979588, "supply": [{"l": "Cereals, Other", "v": 0.0051979795818979588}]}, {"source": 11, "prod": 2.0, "target": 1, "value": 0.0058777153733769235, "supply": [{"l": "Wheat", "v": 0.0058777153733769235}]}, {"source": 12, "prod": 2.0, "target": 1, "value": 0.0020376079961039999, "supply": [{"l": "Coconuts - Incl Copra", "v": 0.0020376079961039999}]}, {"source": 13, "prod": 1.0, "target": 1, "value": 0.0020214365040714284, "supply": [{"l": "Treenuts", "v": 0.0020214365040714284}]}, {"source": 14, "prod": 15.0, "target": 1, "value": 0.015303351590384011, "supply": [{"l": "Roots, Other", "v": 0.015303351590384011}]}, {"source": 15, "prod": 1.0, "target": 1, "value": 0.0067920266536800004, "supply": [{"l": "Sesame seed", "v": 0.0067920266536800004}]}, {"source": 16, "prod": 2.0, "target": 1, "value": 0.0073189942388793118, "supply": [{"l": "Pimento", "v": 0.0073189942388793118}]}, {"source": 17, "prod": 7.0, "target": 1, "value": 0.072077857222977132, "supply": [{"l": "Palm Oil", "v": 0.072077857222977132}]}, {"source": 18, "prod": 1.0, "target": 1, "value": 0.0066328385289843748, "supply": [{"l": "Oilcrops, Other", "v": 0.0066328385289843748}]}, {"source": 19, "prod": 2.0, "target": 1, "value": 0.003723698823289474, "supply": [{"l": "Mutton & Goat Meat", "v": 0.003723698823289474}]}, {"source": 20, "prod": 2.0, "target": 1, "value": 0.0016018930786981134, "supply": [{"l": "Freshwater Fish", "v": 0.0016018930786981134}]}, {"source": 21, "prod": 3.0, "target": 1, "value": 0.010544945839710192, "supply": [{"l": "Pigmeat", "v": 0.010544945839710192}]}, {"source": 22, "prod": 9.0, "target": 1, "value": 0.0047001063179024612, "supply": [{"l": "Fruits, Other", "v": 0.0047001063179024612}]}, {"source": 23, "prod": 1.0, "target": 1, "value": 0.010612541646375, "supply": [{"l": "Coconut Oil", "v": 0.010612541646375}]}, {"source": 24, "prod": 2.0, "target": 1, "value": 0.012904850641992004, "supply": [{"l": "Groundnuts", "v": 0.012904850641992004}]}, {"source": 25, "prod": 5.0, "target": 1, "value": 0.0040687060625079876, "supply": [{"l": "Milk - Excluding Butter", "v": 0.0040687060625079876}]}, {"source": 26, "prod": 10.0, "target": 1, "value": 0.038773380503291349, "supply": [{"l": "Beans", "v": 0.038773380503291349}]}, {"source": 27, "prod": 4.0, "target": 1, "value": 0.012863686844090911, "supply": [{"l": "Pulses, Other", "v": 0.012863686844090911}]}, {"source": 28, "prod": 6.0, "target": 1, "value": 0.0047544186575759996, "supply": [{"l": "Fish, Seafood", "v": 0.0047544186575759996}]}, {"source": 29, "prod": 5.0, "target": 1, "value": 0.0061030590937619809, "supply": [{"l": "Meat, Other", "v": 0.0061030590937619809}]}, {"source": 30, "prod": 2.0, "target": 1, "value": 0.0017687569410625001, "supply": [{"l": "Wine", "v": 0.0017687569410625001}]}, {"source": 31, "prod": 4.0, "target": 1, "value": 0.0031013820336438362, "supply": [{"l": "Pelagic Fish", "v": 0.0031013820336438362}]}, {"source": 32, "prod": 7.0, "target": 1, "value": 0.0048261210271218101, "supply": [{"l": "Bananas", "v": 0.0048261210271218101}]}, {"source": 33, "prod": 42.0, "target": 1, "value": 0.015427712912563205, "supply": [{"l": "Beverages, Fermented", "v": 0.015427712912563205}]}, {"source": 34, "prod": 3.0, "target": 1, "value": 0.0068468010621774199, "supply": [{"l": "Bovine Meat", "v": 0.0068468010621774199}]}, {"source": 35, "prod": 59.0, "target": 1, "value": 0.20153190709231009, "supply": [{"l": "Millet", "v": 0.20153190709231009}]}, {"source": 36, "prod": 1.0, "target": 1, "value": 0.0014150055528499999, "supply": [{"l": "Poultry Meat", "v": 0.0014150055528499999}]}, {"source": 37, "prod": 1.0, "target": 1, "value": 0.001286368684409091, "supply": [{"l": "Offals, Edible", "v": 0.001286368684409091}]}, {"source": 38, "prod": 4.0, "target": 1, "value": 0.0047544186575760004, "supply": [{"l": "Sweet potatoes", "v": 0.0047544186575760004}]}, {"source": 39, "prod": 5.0, "target": 1, "value": 0.0018838831324926037, "supply": [{"l": "Oranges, Mandarines", "v": 0.0018838831324926037}]}, {"source": 40, "prod": 298.0, "target": 1, "value": 0.38119643065105646, "supply": [{"l": "Cassava", "v": 0.38119643065105646}]}, {"source": 41, "prod": 1.0, "target": 42, "value": 0.0065426319249901888, "supply": [{"l": "Palm kernels", "v": 0.0065426319249901888}]}, {"source": 35, "prod": 11.0, "target": 42, "value": 0.037573745390091708, "supply": [{"l": "Millet", "v": 0.037573745390091708}]}, {"source": 12, "prod": 8.0, "target": 42, "value": 0.0081504319844159998, "supply": [{"l": "Coconuts - Incl Copra", "v": 0.0081504319844159998}]}, {"source": 0, "prod": 5.0, "target": 0, "value": 0.01743215324585063, "supply": [{"l": "Maize", "v": 0.01743215324585063}]}, {"source": 43, "prod": 1.0, "target": 43, "value": 0.0065426319249901888, "supply": [{"l": "Cottonseed", "v": 0.0065426319249901888}]}, {"source": 4, "prod": 30.0, "target": 4, "value": 0.034912850075290484, "supply": [{"l": "Yams", "v": 0.034912850075290484}]}, {"source": 35, "prod": 2.0, "target": 35, "value": 0.0068315900709257664, "supply": [{"l": "Millet", "v": 0.0068315900709257664}]}, {"source": 26, "prod": 1.0, "target": 26, "value": 0.0038773380503291342, "supply": [{"l": "Beans", "v": 0.0038773380503291342}]}, {"source": 27, "prod": 1.0, "target": 27, "value": 0.0032159217110227277, "supply": [{"l": "Pulses, Other", "v": 0.0032159217110227277}]}, {"source": 24, "prod": 2.0, "target": 24, "value": 0.012904850641992004, "supply": [{"l": "Groundnuts", "v": 0.012904850641992004}]}, {"source": 8, "prod": 1.0, "target": 8, "value": 0.0043439937308996117, "supply": [{"l": "Rice", "v": 0.0043439937308996117}]}, {"source": 0, "prod": 12.0, "target": 44, "value": 0.041837167790041513, "supply": [{"l": "Maize", "v": 0.041837167790041513}]}, {"source": 14, "prod": 3.0, "target": 44, "value": 0.003060670318076802, "supply": [{"l": "Roots, Other", "v": 0.003060670318076802}]}, {"source": 32, "prod": 2.0, "target": 44, "value": 0.001378891722034803, "supply": [{"l": "Bananas", "v": 0.001378891722034803}]}, {"source": 12, "prod": 1.0, "target": 44, "value": 0.001018803998052, "supply": [{"l": "Coconuts - Incl Copra", "v": 0.001018803998052}]}, {"source": 2, "prod": 4.0, "target": 44, "value": 0.0010684086870957304, "supply": [{"l": "Vegetables, Other", "v": 0.0010684086870957304}]}, {"source": 22, "prod": 1.0, "target": 44, "value": 0.00052223403532249569, "supply": [{"l": "Fruits, Other", "v": 0.00052223403532249569}]}, {"source": 4, "prod": 45.0, "target": 44, "value": 0.052369275112935737, "supply": [{"l": "Yams", "v": 0.052369275112935737}]}, {"source": 35, "prod": 5.0, "target": 44, "value": 0.017078975177314416, "supply": [{"l": "Millet", "v": 0.017078975177314416}]}, {"source": 38, "prod": 1.0, "target": 44, "value": 0.0011886046643940001, "supply": [{"l": "Sweet potatoes", "v": 0.0011886046643940001}]}, {"source": 26, "prod": 1.0, "target": 44, "value": 0.0038773380503291342, "supply": [{"l": "Beans", "v": 0.0038773380503291342}]}, {"source": 27, "prod": 1.0, "target": 44, "value": 0.0032159217110227277, "supply": [{"l": "Pulses, Other", "v": 0.0032159217110227277}]}, {"source": 39, "prod": 1.0, "target": 44, "value": 0.00037677662649852076, "supply": [{"l": "Oranges, Mandarines", "v": 0.00037677662649852076}]}, {"source": 8, "prod": 1.0, "target": 44, "value": 0.0043439937308996117, "supply": [{"l": "Rice", "v": 0.0043439937308996117}]}, {"source": 40, "prod": 53.0, "target": 44, "value": 0.067796680619147634, "supply": [{"l": "Cassava", "v": 0.067796680619147634}]}, {"source": 45, "prod": 3.0, "target": 8, "value": 0.013031981192698834, "supply": [{"l": "Rice", "v": 0.013031981192698834}]}, {"source": 45, "prod": 2.0, "target": 11, "value": 0.0058777153733769235, "supply": [{"l": "Wheat", "v": 0.0058777153733769235}]}, {"source": 45, "prod": 3.0, "target": 46, "value": 0.0023814898305085565, "supply": [{"l": "Pelagic Fish", "v": 0.00077534550841095904}, {"l": "Milk - Excluding Butter", "v": 0.00081374121250159747}, {"l": "Fish, Seafood", "v": 0.00079240310959599993}]}, {"source": 45, "prod": 1.0, "target": 3, "value": 0.0029616395292209304, "supply": [{"l": "Nuts", "v": 0.0029616395292209304}]}, {"source": 45, "prod": 8.0, "target": 42, "value": 0.018615598159616026, "supply": [{"l": "Sugar", "v": 0.012555683074584507}, {"l": "Beer", "v": 0.0011073956500565218}, {"l": "Beverages, Alcoholic", "v": 0.0031837624939125004}, {"l": "Wine", "v": 0.0017687569410625001}]}, {"source": 45, "prod": 1.0, "target": 13, "value": 0.0020214365040714284, "supply": [{"l": "Treenuts", "v": 0.0020214365040714284}]}, {"source": 47, "prod": 10.0, "target": 48, "value": 0.0038591060532272726, "supply": [{"l": "Coffee", "v": 0.0038591060532272726}]}, {"source": 12, "prod": 24.0, "target": 48, "value": 0.024451295953248003, "supply": [{"l": "Coconuts - Incl Copra", "v": 0.024451295953248003}]}, {"source": 43, "prod": 3.0, "target": 48, "value": 0.019627895774970563, "supply": [{"l": "Cottonseed", "v": 0.019627895774970563}]}, {"source": 49, "prod": 12.0, "target": 48, "value": 0.031837624939125002, "supply": [{"l": "Cocoa Beans", "v": 0.031837624939125002}]}, {"source": 24, "prod": 3.0, "target": 48, "value": 0.019357275962988002, "supply": [{"l": "Groundnuts", "v": 0.019357275962988002}]}, {"source": 17, "prod": 1.0, "target": 48, "value": 0.010296836746139588, "supply": [{"l": "Palm Oil", "v": 0.010296836746139588}]}, {"source": 41, "prod": 11.0, "target": 48, "value": 0.071968951174892076, "supply": [{"l": "Palm kernels", "v": 0.071968951174892076}]}, {"source": 18, "prod": 1.0, "target": 48, "value": 0.0066328385289843748, "supply": [{"l": "Oilcrops, Other", "v": 0.0066328385289843748}]}, {"source": 43, "prod": 1.0, "target": 50, "value": 0.0065426319249901888, "supply": [{"l": "Cottonseed", "v": 0.0065426319249901888}]}, {"source": 0, "prod": 3.0, "target": 50, "value": 0.010459291947510378, "supply": [{"l": "Maize", "v": 0.010459291947510378}]}, {"source": 8, "prod": 1.0, "target": 50, "value": 0.0043439937308996117, "supply": [{"l": "Rice", "v": 0.0043439937308996117}]}, {"source": 35, "prod": 3.0, "target": 50, "value": 0.010247385106388649, "supply": [{"l": "Millet", "v": 0.010247385106388649}]}, {"source": 46, "prod": 1.0, "target": 36, "value": 0.0014150055528499999, "supply": [{"l": "Poultry Meat", "v": 0.0014150055528499999}]}, {"source": 46, "prod": 3.0, "target": 21, "value": 0.010544945839710192, "supply": [{"l": "Pigmeat", "v": 0.010544945839710192}]}, {"source": 46, "prod": 4.0, "target": 31, "value": 0.0031013820336438362, "supply": [{"l": "Pelagic Fish", "v": 0.0031013820336438362}]}, {"source": 46, "prod": 3.0, "target": 34, "value": 0.0068468010621774199, "supply": [{"l": "Bovine Meat", "v": 0.0068468010621774199}]}, {"source": 46, "prod": 2.0, "target": 20, "value": 0.0016018930786981134, "supply": [{"l": "Freshwater Fish", "v": 0.0016018930786981134}]}, {"source": 46, "prod": 5.0, "target": 25, "value": 0.0040687060625079876, "supply": [{"l": "Milk - Excluding Butter", "v": 0.0040687060625079876}]}, {"source": 46, "prod": 1.0, "target": 37, "value": 0.001286368684409091, "supply": [{"l": "Offals, Edible", "v": 0.001286368684409091}]}, {"source": 46, "prod": 6.0, "target": 28, "value": 0.0047544186575759996, "supply": [{"l": "Fish, Seafood", "v": 0.0047544186575759996}]}, {"source": 46, "prod": 5.0, "target": 29, "value": 0.0061030590937619809, "supply": [{"l": "Meat, Other", "v": 0.0061030590937619809}]}, {"source": 46, "prod": 2.0, "target": 19, "value": 0.003723698823289474, "supply": [{"l": "Mutton & Goat Meat", "v": 0.003723698823289474}]}, {"source": 42, "prod": 42.0, "target": 33, "value": 0.015427712912563205, "supply": [{"l": "Beverages, Fermented", "v": 0.015427712912563205}]}, {"source": 42, "prod": 1.0, "target": 23, "value": 0.010612541646375, "supply": [{"l": "Coconut Oil", "v": 0.010612541646375}]}, {"source": 42, "prod": 3.0, "target": 5, "value": 0.012555683074584507, "supply": [{"l": "Sugar", "v": 0.012555683074584507}]}, {"source": 42, "prod": 4.0, "target": 6, "value": 0.0022147913001130436, "supply": [{"l": "Beer", "v": 0.0022147913001130436}]}, {"source": 42, "prod": 1.0, "target": 7, "value": 0.0031837624939125004, "supply": [{"l": "Beverages, Alcoholic", "v": 0.0031837624939125004}]}, {"source": 42, "prod": 8.0, "target": 17, "value": 0.082374693969116716, "supply": [{"l": "Palm Oil", "v": 0.082374693969116716}]}, {"source": 42, "prod": 2.0, "target": 30, "value": 0.0017687569410625001, "supply": [{"l": "Wine", "v": 0.0017687569410625001}]}, {"source": 0, "prod": 146.0, "target": 51, "value": 0.50905333236000005, "supply": [{"l": "Maize", "v": 0.50905333236000005}]}, {"source": 40, "prod": 175.25, "target": 51, "value": 0.61103833216499992, "supply": [{"l": "Cassava", "v": 0.61103833216499992}]}, {"source": 14, "prod": 9.0, "target": 51, "value": 0.031379999940000007, "supply": [{"l": "Roots, Other", "v": 0.031379999940000007}]}, {"source": 11, "prod": 2.0, "target": 51, "value": 0.0069733333200000004, "supply": [{"l": "Wheat", "v": 0.0069733333200000004}]}, {"source": 10, "prod": 4.0, "target": 51, "value": 0.013946666639999999, "supply": [{"l": "Cereals, Other", "v": 0.013946666639999999}]}, {"source": 43, "prod": 5.0, "target": 51, "value": 0.017433333300000003, "supply": [{"l": "Cottonseed", "v": 0.017433333300000003}]}, {"source": 12, "prod": 35.0, "target": 51, "value": 0.1220333331, "supply": [{"l": "Coconuts - Incl Copra", "v": 0.1220333331}]}, {"source": 2, "prod": 39.5, "target": 51, "value": 0.13772333307000001, "supply": [{"l": "Vegetables, Other", "v": 0.13772333307000001}]}, {"source": 4, "prod": 150.0, "target": 51, "value": 0.52299999900000005, "supply": [{"l": "Yams", "v": 0.52299999900000005}]}, {"source": 35, "prod": 160.0, "target": 51, "value": 0.55786666560000009, "supply": [{"l": "Millet", "v": 0.55786666560000009}]}, {"source": 38, "prod": 2.5, "target": 51, "value": 0.0087166666500000014, "supply": [{"l": "Sweet potatoes", "v": 0.0087166666500000014}]}, {"source": 26, "prod": 12.0, "target": 51, "value": 0.041839999920000009, "supply": [{"l": "Beans", "v": 0.041839999920000009}]}, {"source": 15, "prod": 1.0, "target": 51, "value": 0.0034866666600000006, "supply": [{"l": "Sesame seed", "v": 0.0034866666600000006}]}, {"source": 24, "prod": 7.5, "target": 51, "value": 0.026149999950000006, "supply": [{"l": "Groundnuts", "v": 0.026149999950000006}]}, {"source": 18, "prod": 1.5, "target": 51, "value": 0.0052299999899999994, "supply": [{"l": "Oilcrops, Other", "v": 0.0052299999899999994}]}, {"source": 8, "prod": 28.0, "target": 51, "value": 0.097626666479999999, "supply": [{"l": "Rice", "v": 0.097626666479999999}]}, {"source": 41, "prod": 12.0, "target": 51, "value": 0.041839999920000009, "supply": [{"l": "Palm kernels", "v": 0.041839999920000009}]}, {"source": 9, "prod": 2.0, "target": 51, "value": 0.0069733333200000004, "supply": [{"l": "Tomatoes", "v": 0.0069733333200000004}]}, {"source": 27, "prod": 6.0, "target": 51, "value": 0.020919999960000001, "supply": [{"l": "Pulses, Other", "v": 0.020919999960000001}]}, {"source": 52, "prod": 38.810068649885586, "target": 42, "value": 0.16474938793823343, "supply": [{"l": "Oil Palm", "v": 0.16474938793823343}]}, {"source": 53, "prod": 0, "target": 0, "value": 7.3423477828924236e-06, "supply": "[{\"l\":'Energy for power irrigation',\"v\":7.3423477828924236e-06}]"}, {"source": 53, "prod": 0, "target": 2, "value": 3.9729142112911063e-06, "supply": "[{\"l\":'Energy for power irrigation',\"v\":3.9729142112911063e-06}]"}, {"source": 53, "prod": 0, "target": 22, "value": 1.0058010661496472e-06, "supply": "[{\"l\":'Energy for power irrigation',\"v\":1.0058010661496472e-06}]"}, {"source": 53, "prod": 0, "target": 4, "value": 3.0174031984489411e-05, "supply": "[{\"l\":'Energy for power irrigation',\"v\":3.0174031984489411e-05}]"}, {"source": 53, "prod": 0, "target": 8, "value": 1.408121492609506e-06, "supply": "[{\"l\":'Energy for power irrigation',\"v\":1.408121492609506e-06}]"}, {"source": 53, "prod": 0, "target": 9, "value": 2.0116021322992941e-07, "supply": "[{\"l\":'Energy for power irrigation',\"v\":2.0116021322992941e-07}]"}, {"source": 53, "prod": 0, "target": 10, "value": 2.0116021322992941e-07, "supply": "[{\"l\":'Energy for power irrigation',\"v\":2.0116021322992941e-07}]"}, {"source": 53, "prod": 0, "target": 47, "value": 1.0058010661496472e-06, "supply": "[{\"l\":'Energy for power irrigation',\"v\":1.0058010661496472e-06}]"}, {"source": 53, "prod": 0, "target": 12, "value": 3.520303731523765e-06, "supply": "[{\"l\":'Energy for power irrigation',\"v\":3.520303731523765e-06}]"}, {"source": 53, "prod": 0, "target": 14, "value": 1.8104419190693648e-06, "supply": "[{\"l\":'Energy for power irrigation',\"v\":1.8104419190693648e-06}]"}, {"source": 53, "prod": 0, "target": 15, "value": 1.0058010661496471e-07, "supply": "[{\"l\":'Energy for power irrigation',\"v\":1.0058010661496471e-07}]"}, {"source": 53, "prod": 0, "target": 24, "value": 7.5435079961223538e-07, "supply": "[{\"l\":'Energy for power irrigation',\"v\":7.5435079961223538e-07}]"}, {"source": 53, "prod": 0, "target": 52, "value": 1.9517604212697961e-06, "supply": "[{\"l\":'Energy for power irrigation',\"v\":1.9517604212697961e-06}]"}, {"source": 53, "prod": 0, "target": 18, "value": 1.5087015992244706e-07, "supply": "[{\"l\":'Energy for power irrigation',\"v\":1.5087015992244706e-07}]"}, {"source": 53, "prod": 0, "target": 49, "value": 1.2069612793795765e-06, "supply": "[{\"l\":'Energy for power irrigation',\"v\":1.2069612793795765e-06}]"}, {"source": 53, "prod": 0, "target": 43, "value": 5.0290053307482362e-07, "supply": "[{\"l\":'Energy for power irrigation',\"v\":5.0290053307482362e-07}]"}, {"source": 53, "prod": 0, "target": 16, "value": 2.0116021322992941e-07, "supply": "[{\"l\":'Energy for power irrigation',\"v\":2.0116021322992941e-07}]"}, {"source": 53, "prod": 0, "target": 26, "value": 1.2069612793795765e-06, "supply": "[{\"l\":'Energy for power irrigation',\"v\":1.2069612793795765e-06}]"}, {"source": 53, "prod": 0, "target": 27, "value": 6.0348063968978826e-07, "supply": "[{\"l\":'Energy for power irrigation',\"v\":6.0348063968978826e-07}]"}, {"source": 53, "prod": 0, "target": 32, "value": 9.0522095953468239e-07, "supply": "[{\"l\":'Energy for power irrigation',\"v\":9.0522095953468239e-07}]"}, {"source": 53, "prod": 0, "target": 35, "value": 8.0464085291971779e-06, "supply": "[{\"l\":'Energy for power irrigation',\"v\":8.0464085291971779e-06}]"}, {"source": 53, "prod": 0, "target": 38, "value": 5.0290053307482362e-07, "supply": "[{\"l\":'Energy for power irrigation',\"v\":5.0290053307482362e-07}]"}, {"source": 53, "prod": 0, "target": 39, "value": 6.0348063968978826e-07, "supply": "[{\"l\":'Energy for power irrigation',\"v\":6.0348063968978826e-07}]"}, {"source": 53, "prod": 0, "target": 41, "value": 1.2069612793795765e-06, "supply": "[{\"l\":'Energy for power irrigation',\"v\":1.2069612793795765e-06}]"}, {"source": 53, "prod": 0, "target": 40, "value": 3.525332736854513e-05, "supply": "[{\"l\":'Energy for power irrigation',\"v\":3.525332736854513e-05}]"}, {"source": 53, "prod": 0, "target": 42, "value": 0.00097440000000000016, "supply": "[{\"l\":'Electricity',\"v\":0.00097440000000000016}]"}, {"source": 54, "prod": 0, "target": 53, "value": 0.0016550722461197275, "supply": [{"l": "Coal", "v": 0.0}, {"l": "Natural gas", "v": 0.0}, {"l": "Oil", "v": 0.0016550722461197275}]}, {"source": 55, "prod": 0, "target": 53, "value": 0.00044951311510996265, "supply": [{"l": "Nuclear", "v": 0.0}, {"l": "Hydroelectric", "v": 0.00044951311510996265}, {"l": "Renewable", "v": 0.0}]}, {"source": 54, "prod": 0, "target": 0, "value": 0.0043716390072915138, "supply": [{"l": "Other fossil fuels", "v": 0.0043716390072915138}]}, {"source": 54, "prod": 0, "target": 2, "value": 0.0023654759012056818, "supply": [{"l": "Other fossil fuels", "v": 0.0023654759012056818}]}, {"source": 54, "prod": 0, "target": 22, "value": 0.00059885465853308408, "supply": [{"l": "Other fossil fuels", "v": 0.00059885465853308408}]}, {"source": 54, "prod": 0, "target": 4, "value": 0.017965639755992521, "supply": [{"l": "Other fossil fuels", "v": 0.017965639755992521}]}, {"source": 54, "prod": 0, "target": 8, "value": 0.0008383965219463177, "supply": [{"l": "Other fossil fuels", "v": 0.0008383965219463177}]}, {"source": 54, "prod": 0, "target": 9, "value": 0.00011977093170661681, "supply": [{"l": "Other fossil fuels", "v": 0.00011977093170661681}]}, {"source": 54, "prod": 0, "target": 10, "value": 0.00011977093170661681, "supply": [{"l": "Other fossil fuels", "v": 0.00011977093170661681}]}, {"source": 54, "prod": 0, "target": 47, "value": 0.00059885465853308408, "supply": [{"l": "Other fossil fuels", "v": 0.00059885465853308408}]}, {"source": 54, "prod": 0, "target": 12, "value": 0.0020959913048657942, "supply": [{"l": "Other fossil fuels", "v": 0.0020959913048657942}]}, {"source": 54, "prod": 0, "target": 14, "value": 0.0010779383853595512, "supply": [{"l": "Other fossil fuels", "v": 0.0010779383853595512}]}, {"source": 54, "prod": 0, "target": 15, "value": 5.9885465853308403e-05, "supply": [{"l": "Other fossil fuels", "v": 5.9885465853308403e-05}]}, {"source": 54, "prod": 0, "target": 24, "value": 0.00044914099389981304, "supply": [{"l": "Other fossil fuels", "v": 0.00044914099389981304}]}, {"source": 54, "prod": 0, "target": 52, "value": 0.0011620795204486392, "supply": [{"l": "Other fossil fuels", "v": 0.0011620795204486392}]}, {"source": 54, "prod": 0, "target": 18, "value": 8.9828198779962605e-05, "supply": [{"l": "Other fossil fuels", "v": 8.9828198779962605e-05}]}, {"source": 54, "prod": 0, "target": 49, "value": 0.00071862559023970084, "supply": [{"l": "Other fossil fuels", "v": 0.00071862559023970084}]}, {"source": 54, "prod": 0, "target": 43, "value": 0.00029942732926654204, "supply": [{"l": "Other fossil fuels", "v": 0.00029942732926654204}]}, {"source": 54, "prod": 0, "target": 16, "value": 0.00011977093170661681, "supply": [{"l": "Other fossil fuels", "v": 0.00011977093170661681}]}, {"source": 54, "prod": 0, "target": 26, "value": 0.00071862559023970084, "supply": [{"l": "Other fossil fuels", "v": 0.00071862559023970084}]}, {"source": 54, "prod": 0, "target": 27, "value": 0.00035931279511985042, "supply": [{"l": "Other fossil fuels", "v": 0.00035931279511985042}]}, {"source": 54, "prod": 0, "target": 32, "value": 0.0005389691926797756, "supply": [{"l": "Other fossil fuels", "v": 0.0005389691926797756}]}, {"source": 54, "prod": 0, "target": 35, "value": 0.0047908372682646727, "supply": [{"l": "Other fossil fuels", "v": 0.0047908372682646727}]}, {"source": 54, "prod": 0, "target": 38, "value": 0.00029942732926654204, "supply": [{"l": "Other fossil fuels", "v": 0.00029942732926654204}]}, {"source": 54, "prod": 0, "target": 39, "value": 0.00035931279511985042, "supply": [{"l": "Other fossil fuels", "v": 0.00035931279511985042}]}, {"source": 54, "prod": 0, "target": 41, "value": 0.00071862559023970084, "supply": [{"l": "Other fossil fuels", "v": 0.00071862559023970084}]}, {"source": 54, "prod": 0, "target": 40, "value": 0.020989855781584597, "supply": [{"l": "Other fossil fuels", "v": 0.020989855781584597}]}, {"source": 56, "prod": 0.011756816244591999, "target": 0, "value": 0.00012235886118870364, "supply": [{"l": "Potash", "v": 7.0728188556817747e-05}, {"l": "Phosphate", "v": 0.00026409922343945884}, {"l": "Nitrogen", "v": 0.0013989893278374479}]}, {"source": 56, "prod": 0.0063615649542655339, "target": 2, "value": 6.6207876944572526e-05, "supply": [{"l": "Potash", "v": 7.0728188556817747e-05}, {"l": "Phosphate", "v": 0.00026409922343945884}, {"l": "Nitrogen", "v": 0.0013989893278374479}]}, {"source": 56, "prod": 0.0016105227732317808, "target": 22, "value": 1.6761487834068993e-05, "supply": [{"l": "Potash", "v": 7.0728188556817747e-05}, {"l": "Phosphate", "v": 0.00026409922343945884}, {"l": "Nitrogen", "v": 0.0013989893278374479}]}, {"source": 56, "prod": 0.048315683196953417, "target": 4, "value": 0.00050284463502206977, "supply": [{"l": "Potash", "v": 7.0728188556817747e-05}, {"l": "Phosphate", "v": 0.00026409922343945884}, {"l": "Nitrogen", "v": 0.0013989893278374479}]}, {"source": 56, "prod": 0.002254731882524493, "target": 8, "value": 2.3466082967696592e-05, "supply": [{"l": "Potash", "v": 7.0728188556817747e-05}, {"l": "Phosphate", "v": 0.00026409922343945884}, {"l": "Nitrogen", "v": 0.0013989893278374479}]}, {"source": 56, "prod": 0.00032210455464635616, "target": 9, "value": 3.3522975668137983e-06, "supply": [{"l": "Potash", "v": 7.0728188556817747e-05}, {"l": "Phosphate", "v": 0.00026409922343945884}, {"l": "Nitrogen", "v": 0.0013989893278374479}]}, {"source": 56, "prod": 0.00032210455464635616, "target": 10, "value": 3.3522975668137983e-06, "supply": [{"l": "Potash", "v": 7.0728188556817747e-05}, {"l": "Phosphate", "v": 0.00026409922343945884}, {"l": "Nitrogen", "v": 0.0013989893278374479}]}, {"source": 56, "prod": 0.0016105227732317808, "target": 47, "value": 1.6761487834068993e-05, "supply": [{"l": "Potash", "v": 7.0728188556817747e-05}, {"l": "Phosphate", "v": 0.00026409922343945884}, {"l": "Nitrogen", "v": 0.0013989893278374479}]}, {"source": 56, "prod": 0.0056368297063112329, "target": 12, "value": 5.8665207419241472e-05, "supply": [{"l": "Potash", "v": 7.0728188556817747e-05}, {"l": "Phosphate", "v": 0.00026409922343945884}, {"l": "Nitrogen", "v": 0.0013989893278374479}]}, {"source": 56, "prod": 0.0028989409918172052, "target": 14, "value": 3.0170678101324184e-05, "supply": [{"l": "Potash", "v": 7.0728188556817747e-05}, {"l": "Phosphate", "v": 0.00026409922343945884}, {"l": "Nitrogen", "v": 0.0013989893278374479}]}, {"source": 56, "prod": 0.00016105227732317808, "target": 15, "value": 1.6761487834068991e-06, "supply": [{"l": "Potash", "v": 7.0728188556817747e-05}, {"l": "Phosphate", "v": 0.00026409922343945884}, {"l": "Nitrogen", "v": 0.0013989893278374479}]}, {"source": 56, "prod": 0.0012078920799238357, "target": 24, "value": 1.2571115875551744e-05, "supply": [{"l": "Potash", "v": 7.0728188556817747e-05}, {"l": "Phosphate", "v": 0.00026409922343945884}, {"l": "Nitrogen", "v": 0.0013989893278374479}]}, {"source": 56, "prod": 0.0031252249695664764, "target": 52, "value": 3.2525724675721982e-05, "supply": [{"l": "Potash", "v": 7.0728188556817747e-05}, {"l": "Phosphate", "v": 0.00026409922343945884}, {"l": "Nitrogen", "v": 0.0013989893278374479}]}, {"source": 56, "prod": 0.00024157841598476711, "target": 18, "value": 2.5142231751103488e-06, "supply": [{"l": "Potash", "v": 7.0728188556817747e-05}, {"l": "Phosphate", "v": 0.00026409922343945884}, {"l": "Nitrogen", "v": 0.0013989893278374479}]}, {"source": 56, "prod": 0.0019326273278781369, "target": 49, "value": 2.011378540088279e-05, "supply": [{"l": "Potash", "v": 7.0728188556817747e-05}, {"l": "Phosphate", "v": 0.00026409922343945884}, {"l": "Nitrogen", "v": 0.0013989893278374479}]}, {"source": 56, "prod": 0.00080526138661589038, "target": 43, "value": 8.3807439170344963e-06, "supply": [{"l": "Potash", "v": 7.0728188556817747e-05}, {"l": "Phosphate", "v": 0.00026409922343945884}, {"l": "Nitrogen", "v": 0.0013989893278374479}]}, {"source": 56, "prod": 0.00032210455464635616, "target": 16, "value": 3.3522975668137983e-06, "supply": [{"l": "Potash", "v": 7.0728188556817747e-05}, {"l": "Phosphate", "v": 0.00026409922343945884}, {"l": "Nitrogen", "v": 0.0013989893278374479}]}, {"source": 56, "prod": 0.0019326273278781369, "target": 26, "value": 2.011378540088279e-05, "supply": [{"l": "Potash", "v": 7.0728188556817747e-05}, {"l": "Phosphate", "v": 0.00026409922343945884}, {"l": "Nitrogen", "v": 0.0013989893278374479}]}, {"source": 56, "prod": 0.00096631366393906844, "target": 27, "value": 1.0056892700441395e-05, "supply": [{"l": "Potash", "v": 7.0728188556817747e-05}, {"l": "Phosphate", "v": 0.00026409922343945884}, {"l": "Nitrogen", "v": 0.0013989893278374479}]}, {"source": 56, "prod": 0.0014494704959086026, "target": 32, "value": 1.5085339050662092e-05, "supply": [{"l": "Potash", "v": 7.0728188556817747e-05}, {"l": "Phosphate", "v": 0.00026409922343945884}, {"l": "Nitrogen", "v": 0.0013989893278374479}]}, {"source": 56, "prod": 0.012884182185854246, "target": 35, "value": 0.00013409190267255194, "supply": [{"l": "Potash", "v": 7.0728188556817747e-05}, {"l": "Phosphate", "v": 0.00026409922343945884}, {"l": "Nitrogen", "v": 0.0013989893278374479}]}, {"source": 56, "prod": 0.00080526138661589038, "target": 38, "value": 8.3807439170344963e-06, "supply": [{"l": "Potash", "v": 7.0728188556817747e-05}, {"l": "Phosphate", "v": 0.00026409922343945884}, {"l": "Nitrogen", "v": 0.0013989893278374479}]}, {"source": 56, "prod": 0.00096631366393906844, "target": 39, "value": 1.0056892700441395e-05, "supply": [{"l": "Potash", "v": 7.0728188556817747e-05}, {"l": "Phosphate", "v": 0.00026409922343945884}, {"l": "Nitrogen", "v": 0.0013989893278374479}]}, {"source": 56, "prod": 0.0019326273278781369, "target": 41, "value": 2.011378540088279e-05, "supply": [{"l": "Potash", "v": 7.0728188556817747e-05}, {"l": "Phosphate", "v": 0.00026409922343945884}, {"l": "Nitrogen", "v": 0.0013989893278374479}]}, {"source": 56, "prod": 0.056448823201773912, "target": 40, "value": 0.00058749014858411818, "supply": [{"l": "Potash", "v": 7.0728188556817747e-05}, {"l": "Phosphate", "v": 0.00026409922343945884}, {"l": "Nitrogen", "v": 0.0013989893278374479}]}, {"source": 54, "prod": 0, "target": 56, "value": 0.0021040236502725702, "supply": [{"l": "Natural gas (including LNG)", "v": 0.0014233171647441262}, {"l": "Fuel oil", "v": 0.00043340548222877161}, {"l": "Liquefied petroleum gas (LPG)", "v": 0.00012365050164983614}, {"l": "Coal", "v": 0.00012365050164983614}]}, {"source": 57, "prod": 0, "target": 0, "value": 0.016352090739389705, "supply": "[{\"l\":'Labor',\"v\":0.016352090739389705}]"}, {"source": 57, "prod": 0, "target": 2, "value": 0.0088480490987108678, "supply": "[{\"l\":'Labor',\"v\":0.0088480490987108678}]"}, {"source": 57, "prod": 0, "target": 3, "value": 0.00011200062150266921, "supply": "[{\"l\":'Labor',\"v\":0.00011200062150266921}]"}, {"source": 57, "prod": 0, "target": 4, "value": 0.067200372901601524, "supply": "[{\"l\":'Labor',\"v\":0.067200372901601524}]"}, {"source": 57, "prod": 0, "target": 8, "value": 0.0031360174020747381, "supply": "[{\"l\":'Labor',\"v\":0.0031360174020747381}]"}, {"source": 57, "prod": 0, "target": 9, "value": 0.00044800248601067682, "supply": "[{\"l\":'Labor',\"v\":0.00044800248601067682}]"}, {"source": 57, "prod": 0, "target": 10, "value": 0.00044800248601067682, "supply": "[{\"l\":'Labor',\"v\":0.00044800248601067682}]"}, {"source": 57, "prod": 0, "target": 47, "value": 0.0022400124300533844, "supply": "[{\"l\":'Labor',\"v\":0.0022400124300533844}]"}, {"source": 57, "prod": 0, "target": 11, "value": 0.00022400124300533841, "supply": "[{\"l\":'Labor',\"v\":0.00022400124300533841}]"}, {"source": 57, "prod": 0, "target": 12, "value": 0.0078400435051868451, "supply": "[{\"l\":'Labor',\"v\":0.0078400435051868451}]"}, {"source": 57, "prod": 0, "target": 13, "value": 0.00011200062150266921, "supply": "[{\"l\":'Labor',\"v\":0.00011200062150266921}]"}, {"source": 57, "prod": 0, "target": 14, "value": 0.0040320223740960915, "supply": "[{\"l\":'Labor',\"v\":0.0040320223740960915}]"}, {"source": 57, "prod": 0, "target": 15, "value": 0.00022400124300533841, "supply": "[{\"l\":'Labor',\"v\":0.00022400124300533841}]"}, {"source": 57, "prod": 0, "target": 16, "value": 0.00044800248601067682, "supply": "[{\"l\":'Labor',\"v\":0.00044800248601067682}]"}, {"source": 57, "prod": 0, "target": 18, "value": 0.0003360018645080076, "supply": "[{\"l\":'Labor',\"v\":0.0003360018645080076}]"}, {"source": 57, "prod": 0, "target": 49, "value": 0.0026880149160640608, "supply": "[{\"l\":'Labor',\"v\":0.0026880149160640608}]"}, {"source": 57, "prod": 0, "target": 43, "value": 0.0011200062150266922, "supply": "[{\"l\":'Labor',\"v\":0.0011200062150266922}]"}, {"source": 57, "prod": 0, "target": 22, "value": 0.0022400124300533844, "supply": "[{\"l\":'Labor',\"v\":0.0022400124300533844}]"}, {"source": 57, "prod": 0, "target": 24, "value": 0.0016800093225400382, "supply": "[{\"l\":'Labor',\"v\":0.0016800093225400382}]"}, {"source": 57, "prod": 0, "target": 52, "value": 0.0043467518093484436, "supply": "[{\"l\":'Labor',\"v\":0.0043467518093484436}]"}, {"source": 57, "prod": 0, "target": 26, "value": 0.0026880149160640608, "supply": "[{\"l\":'Labor',\"v\":0.0026880149160640608}]"}, {"source": 57, "prod": 0, "target": 27, "value": 0.0013440074580320304, "supply": "[{\"l\":'Labor',\"v\":0.0013440074580320304}]"}, {"source": 57, "prod": 0, "target": 32, "value": 0.0020160111870480457, "supply": "[{\"l\":'Labor',\"v\":0.0020160111870480457}]"}, {"source": 57, "prod": 0, "target": 35, "value": 0.017920099440427075, "supply": "[{\"l\":'Labor',\"v\":0.017920099440427075}]"}, {"source": 57, "prod": 0, "target": 38, "value": 0.0011200062150266922, "supply": "[{\"l\":'Labor',\"v\":0.0011200062150266922}]"}, {"source": 57, "prod": 0, "target": 39, "value": 0.0013440074580320304, "supply": "[{\"l\":'Labor',\"v\":0.0013440074580320304}]"}, {"source": 57, "prod": 0, "target": 41, "value": 0.0026880149160640608, "supply": "[{\"l\":'Labor',\"v\":0.0026880149160640608}]"}, {"source": 57, "prod": 0, "target": 40, "value": 0.078512435673371114, "supply": "[{\"l\":'Labor',\"v\":0.078512435673371114}]"}, {"source": 54, "prod": 0, "target": 45, "value": 0.049520148371231823, "supply": "[{\"l\":'Fossil Fuels',\"v\":0.049520148371231823}]"}, {"source": 55, "prod": 0, "target": 45, "value": 0.28215279305217766, "supply": "[{\"l\":'Renewables & Nuclear',\"v\":0.0022079340485987304},{\"l\":'Biomass & Waste',\"v\":0.27994485900357896}]"}]}