{"nodes": [{"layer": 5, "name": "Maize"}, {"layer": 16, "name": "Food", "fill": "#b5cf6b"}, {"layer": 5, "name": "Vegetables, Other"}, {"layer": 5, "name": "Fruits, Other"}, {"layer": 5, "name": "Yams"}, {"layer": 13, "name": "Sugar", "fill": "#d6616b"}, {"layer": 13, "name": "Beer"}, {"layer": 13, "name": "Beverages, Alcoholic"}, {"layer": 5, "name": "Rice"}, {"layer": 5, "name": "Tomatoes"}, {"layer": 5, "name": "Cereals, Other"}, {"layer": 5, "name": "Wheat"}, {"layer": 5, "name": "Coconuts - Incl Copra"}, {"layer": 13, "name": "Eggs"}, {"layer": 5, "name": "Roots, Other"}, {"layer": 5, "name": "Sesame seed"}, {"layer": 13, "name": "Marine Fish, Other"}, {"layer": 5, "name": "Pimento"}, {"layer": 13, "name": "Palm Oil"}, {"layer": 5, "name": "Oilcrops, Other"}, {"layer": 13, "name": "Mutton & Goat Meat"}, {"layer": 13, "name": "Freshwater Fish"}, {"layer": 13, "name": "Pigmeat"}, {"layer": 13, "name": "Coconut Oil"}, {"layer": 5, "name": "Groundnuts"}, {"layer": 13, "name": "Milk - Excluding Butter"}, {"layer": 5, "name": "Beans"}, {"layer": 5, "name": "Pulses, Other"}, {"layer": 13, "name": "Fish, Seafood"}, {"layer": 13, "name": "Meat, Other"}, {"layer": 13, "name": "Wine"}, {"layer": 13, "name": "Pelagic Fish"}, {"layer": 5, "name": "Bananas"}, {"layer": 13, "name": "Beverages, Fermented"}, {"layer": 13, "name": "Bovine Meat"}, {"layer": 5, "name": "Millet"}, {"layer": 13, "name": "Poultry Meat"}, {"layer": 13, "name": "Offals, Edible"}, {"layer": 5, "name": "Sweet potatoes"}, {"layer": 5, "name": "Oranges, Mandarines"}, {"layer": 5, "name": "Onions"}, {"layer": 5, "name": "Cassava"}, {"layer": 10, "name": "Processing", "fill": "#9edae5"}, {"layer": 5, "name": "Barley"}, {"layer": 16, "name": "Biofuels & Other", "fill": "#e7ba52"}, {"layer": 5, "name": "Cottonseed"}, {"name": "Waste", "fill": "#c7c7c7"}, {"layer": 2, "name": "Import", "fill": "#aec7e8"}, {"layer": 10, "name": "Feed", "fill": "#dbdb8d"}, {"layer": 5, "name": "Coffee"}, {"layer": 16, "name": "Export", "fill": "#aec7e8"}, {"layer": 5, "name": "Cocoa Beans"}, {"layer": 5, "name": "Palm kernels"}, {"layer": 16, "name": "Stock Deposit", "fill": "#c7c7c7"}, {"layer": 0, "name": "Stock Draw", "fill": "#c7c7c7"}, {"layer": 5, "name": "Oil Palm"}, {"layer": 2, "name": "Electricity", "fill": "#bcbd22"}, {"layer": 0, "name": "Fossil Fuels", "fill": "#c49c94"}, {"layer": 0, "name": "Renewables & Nuclear", "fill": "#2ca02c"}, {"layer": 2, "name": "Fertilizers", "fill": "#c5b0d5"}, {"layer": 0, "name": "Labor", "fill": "#7f7f7f"}], "links": [{"source": 0, "prod": 61.0, "target": 1, "value": 0.21296635447994375, "supply": [{"l": "Maize", "v": 0.21296635447994375}]}, {"source": 2, "prod": 41.0, "target": 1, "value": 0.010566520216859063, "supply": [{"l": "Vegetables, Other", "v": 0.010566520216859063}]}, {"source": 3, "prod": 10.0, "target": 1, "value": 0.0052040484430560426, "supply": [{"l": "Fruits, Other", "v": 0.0052040484430560426}]}, {"source": 4, "prod": 208.0, "target": 1, "value": 0.24173242836508863, "supply": [{"l": "Yams", "v": 0.24173242836508863}]}, {"source": 5, "prod": 8.0, "target": 1, "value": 0.033237577241412769, "supply": [{"l": "Sugar", "v": 0.033237577241412769}]}, {"source": 6, "prod": 4.0, "target": 1, "value": 0.002062356271360324, "supply": [{"l": "Beer", "v": 0.002062356271360324}]}, {"source": 7, "prod": 1.0, "target": 1, "value": 0.0037456029340147061, "supply": [{"l": "Beverages, Alcoholic", "v": 0.0037456029340147061}]}, {"source": 8, "prod": 12.0, "target": 1, "value": 0.051555791442208461, "supply": [{"l": "Rice", "v": 0.051555791442208461}]}, {"source": 9, "prod": 2.0, "target": 1, "value": 0.00075803868902678576, "supply": [{"l": "Tomatoes", "v": 0.00075803868902678576}]}, {"source": 10, "prod": 5.0, "target": 1, "value": 0.013719635588469583, "supply": [{"l": "Cereals, Other", "v": 0.013719635588469583}]}, {"source": 11, "prod": 10.0, "target": 1, "value": 0.030321547561071433, "supply": [{"l": "Wheat", "v": 0.030321547561071433}]}, {"source": 12, "prod": 2.0, "target": 1, "value": 0.0022539911461327434, "supply": [{"l": "Coconuts - Incl Copra", "v": 0.0022539911461327434}]}, {"source": 13, "prod": 1.0, "target": 1, "value": 0.0010884658098846154, "supply": [{"l": "Eggs", "v": 0.0010884658098846154}]}, {"source": 14, "prod": 15.0, "target": 1, "value": 0.014773839878944317, "supply": [{"l": "Roots, Other", "v": 0.014773839878944317}]}, {"source": 15, "prod": 1.0, "target": 1, "value": 0.0067920266536800004, "supply": [{"l": "Sesame seed", "v": 0.0067920266536800004}]}, {"source": 16, "prod": 9.0, "target": 1, "value": 0.0058890404511676301, "supply": [{"l": "Marine Fish, Other", "v": 0.0058890404511676301}]}, {"source": 17, "prod": 2.0, "target": 1, "value": 0.0073471442167211539, "supply": [{"l": "Pimento", "v": 0.0073471442167211539}]}, {"source": 18, "prod": 8.0, "target": 1, "value": 0.082351362429145494, "supply": [{"l": "Palm Oil", "v": 0.082351362429145494}]}, {"source": 19, "prod": 1.0, "target": 1, "value": 0.0066328385289843748, "supply": [{"l": "Oilcrops, Other", "v": 0.0066328385289843748}]}, {"source": 20, "prod": 3.0, "target": 1, "value": 0.0058264934529117639, "supply": [{"l": "Mutton & Goat Meat", "v": 0.0058264934529117639}]}, {"source": 21, "prod": 3.0, "target": 1, "value": 0.0027095851012021279, "supply": [{"l": "Freshwater Fish", "v": 0.0027095851012021279}]}, {"source": 22, "prod": 3.0, "target": 1, "value": 0.010671829588533521, "supply": [{"l": "Pigmeat", "v": 0.010671829588533521}]}, {"source": 23, "prod": 2.0, "target": 1, "value": 0.020302253584369566, "supply": [{"l": "Coconut Oil", "v": 0.020302253584369566}]}, {"source": 24, "prod": 3.0, "target": 1, "value": 0.019139381466294802, "supply": [{"l": "Groundnuts", "v": 0.019139381466294802}]}, {"source": 25, "prod": 6.0, "target": 1, "value": 0.0052748727709792899, "supply": [{"l": "Milk - Excluding Butter", "v": 0.0052748727709792899}]}, {"source": 26, "prod": 13.0, "target": 1, "value": 0.051111140170729527, "supply": [{"l": "Beans", "v": 0.051111140170729527}]}, {"source": 27, "prod": 5.0, "target": 1, "value": 0.015898938796067415, "supply": [{"l": "Pulses, Other", "v": 0.015898938796067415}]}, {"source": 28, "prod": 17.0, "target": 1, "value": 0.012052656901102297, "supply": [{"l": "Fish, Seafood", "v": 0.012052656901102297}]}, {"source": 29, "prod": 4.0, "target": 1, "value": 0.00452801776912, "supply": [{"l": "Meat, Other", "v": 0.00452801776912}]}, {"source": 30, "prod": 2.0, "target": 1, "value": 0.0015722283920555555, "supply": [{"l": "Wine", "v": 0.0015722283920555555}]}, {"source": 31, "prod": 5.0, "target": 1, "value": 0.0041891611762006585, "supply": [{"l": "Pelagic Fish", "v": 0.0041891611762006585}]}, {"source": 32, "prod": 8.0, "target": 1, "value": 0.0054900908286096995, "supply": [{"l": "Bananas", "v": 0.0054900908286096995}]}, {"source": 33, "prod": 63.0, "target": 1, "value": 0.022448465262057918, "supply": [{"l": "Beverages, Fermented", "v": 0.022448465262057918}]}, {"source": 34, "prod": 4.0, "target": 1, "value": 0.0088978515113711798, "supply": [{"l": "Bovine Meat", "v": 0.0088978515113711798}]}, {"source": 35, "prod": 88.0, "target": 1, "value": 0.30113782019540514, "supply": [{"l": "Millet", "v": 0.30113782019540514}]}, {"source": 36, "prod": 2.0, "target": 1, "value": 0.0027989120825604396, "supply": [{"l": "Poultry Meat", "v": 0.0027989120825604396}]}, {"source": 37, "prod": 1.0, "target": 1, "value": 0.0015530548750792683, "supply": [{"l": "Offals, Edible", "v": 0.0015530548750792683}]}, {"source": 38, "prod": 6.0, "target": 1, "value": 0.0069972802064010983, "supply": [{"l": "Sweet potatoes", "v": 0.0069972802064010983}]}, {"source": 39, "prod": 6.0, "target": 1, "value": 0.0021524028127859157, "supply": [{"l": "Oranges, Mandarines", "v": 0.0021524028127859157}]}, {"source": 40, "prod": 1.0, "target": 1, "value": 0.00041014653705797097, "supply": [{"l": "Onions", "v": 0.00041014653705797097}]}, {"source": 41, "prod": 352.0, "target": 1, "value": 0.45061333757335276, "supply": [{"l": "Cassava", "v": 0.45061333757335276}]}, {"source": 35, "prod": 16.0, "target": 42, "value": 0.054752330944619114, "supply": [{"l": "Millet", "v": 0.054752330944619114}]}, {"source": 43, "prod": 1.0, "target": 42, "value": 0.0034220206840386946, "supply": [{"l": "Barley", "v": 0.0034220206840386946}]}, {"source": 12, "prod": 13.0, "target": 42, "value": 0.014650942449862835, "supply": [{"l": "Coconuts - Incl Copra", "v": 0.014650942449862835}]}, {"source": 41, "prod": 1.0, "target": 44, "value": 0.001280151527197025, "supply": [{"l": "Cassava", "v": 0.001280151527197025}]}, {"source": 0, "prod": 7.0, "target": 0, "value": 0.024438761989501744, "supply": [{"l": "Maize", "v": 0.024438761989501744}]}, {"source": 45, "prod": 2.0, "target": 45, "value": 0.013012632351082645, "supply": [{"l": "Cottonseed", "v": 0.013012632351082645}]}, {"source": 4, "prod": 30.0, "target": 4, "value": 0.034865254091118555, "supply": [{"l": "Yams", "v": 0.034865254091118555}]}, {"source": 35, "prod": 3.0, "target": 35, "value": 0.010266062052116085, "supply": [{"l": "Millet", "v": 0.010266062052116085}]}, {"source": 26, "prod": 1.0, "target": 26, "value": 0.0039316261669791949, "supply": [{"l": "Beans", "v": 0.0039316261669791949}]}, {"source": 27, "prod": 1.0, "target": 27, "value": 0.0031797877592134828, "supply": [{"l": "Pulses, Other", "v": 0.0031797877592134828}]}, {"source": 24, "prod": 2.0, "target": 24, "value": 0.012759587644196536, "supply": [{"l": "Groundnuts", "v": 0.012759587644196536}]}, {"source": 8, "prod": 1.0, "target": 8, "value": 0.004296315953517372, "supply": [{"l": "Rice", "v": 0.004296315953517372}]}, {"source": 0, "prod": 17.0, "target": 46, "value": 0.059351279117361384, "supply": [{"l": "Maize", "v": 0.059351279117361384}]}, {"source": 14, "prod": 3.0, "target": 46, "value": 0.0029547679757888634, "supply": [{"l": "Roots, Other", "v": 0.0029547679757888634}]}, {"source": 32, "prod": 2.0, "target": 46, "value": 0.0013725227071524249, "supply": [{"l": "Bananas", "v": 0.0013725227071524249}]}, {"source": 12, "prod": 1.0, "target": 46, "value": 0.0011269955730663717, "supply": [{"l": "Coconuts - Incl Copra", "v": 0.0011269955730663717}]}, {"source": 2, "prod": 4.0, "target": 46, "value": 0.0010308800211569818, "supply": [{"l": "Vegetables, Other", "v": 0.0010308800211569818}]}, {"source": 3, "prod": 1.0, "target": 46, "value": 0.0005204048443056043, "supply": [{"l": "Fruits, Other", "v": 0.0005204048443056043}]}, {"source": 4, "prod": 42.0, "target": 46, "value": 0.048811355727565973, "supply": [{"l": "Yams", "v": 0.048811355727565973}]}, {"source": 35, "prod": 28.0, "target": 46, "value": 0.095816579153083448, "supply": [{"l": "Millet", "v": 0.095816579153083448}]}, {"source": 38, "prod": 2.0, "target": 46, "value": 0.0023324267354670326, "supply": [{"l": "Sweet potatoes", "v": 0.0023324267354670326}]}, {"source": 26, "prod": 2.0, "target": 46, "value": 0.0078632523339583899, "supply": [{"l": "Beans", "v": 0.0078632523339583899}]}, {"source": 27, "prod": 1.0, "target": 46, "value": 0.0031797877592134828, "supply": [{"l": "Pulses, Other", "v": 0.0031797877592134828}]}, {"source": 39, "prod": 1.0, "target": 46, "value": 0.0003587338021309859, "supply": [{"l": "Oranges, Mandarines", "v": 0.0003587338021309859}]}, {"source": 8, "prod": 1.0, "target": 46, "value": 0.004296315953517372, "supply": [{"l": "Rice", "v": 0.004296315953517372}]}, {"source": 10, "prod": 1.0, "target": 46, "value": 0.0027439271176939168, "supply": [{"l": "Cereals, Other", "v": 0.0027439271176939168}]}, {"source": 41, "prod": 63.0, "target": 46, "value": 0.080649546213412554, "supply": [{"l": "Cassava", "v": 0.080649546213412554}]}, {"source": 47, "prod": 1.0, "target": 10, "value": 0.0027439271176939168, "supply": [{"l": "Cereals, Other", "v": 0.0027439271176939168}]}, {"source": 47, "prod": 1.0, "target": 40, "value": 0.00041014653705797097, "supply": [{"l": "Onions", "v": 0.00041014653705797097}]}, {"source": 47, "prod": 4.0, "target": 8, "value": 0.017185263814069488, "supply": [{"l": "Rice", "v": 0.017185263814069488}]}, {"source": 47, "prod": 11.0, "target": 11, "value": 0.033353702317178574, "supply": [{"l": "Wheat", "v": 0.033353702317178574}]}, {"source": 47, "prod": 22.0, "target": 48, "value": 0.015574961787186523, "supply": [{"l": "Pelagic Fish", "v": 0.00083783223524013168}, {"l": "Milk - Excluding Butter", "v": 0.0017582909236597633}, {"l": "Fish, Seafood", "v": 0.0070897981771189979}, {"l": "Marine Fish, Other", "v": 0.0058890404511676301}]}, {"source": 47, "prod": 1.0, "target": 43, "value": 0.0034220206840386946, "supply": [{"l": "Barley", "v": 0.0034220206840386946}]}, {"source": 47, "prod": 13.0, "target": 42, "value": 0.039586586703163194, "supply": [{"l": "Sugar", "v": 0.033237577241412769}, {"l": "Beer", "v": 0.001031178135680162}, {"l": "Beverages, Alcoholic", "v": 0.0037456029340147061}, {"l": "Wine", "v": 0.0015722283920555555}]}, {"source": 47, "prod": 1.0, "target": 2, "value": 0.00025772000528924546, "supply": [{"l": "Vegetables, Other", "v": 0.00025772000528924546}]}, {"source": 49, "prod": 13.0, "target": 50, "value": 0.0046767132678940679, "supply": [{"l": "Coffee", "v": 0.0046767132678940679}]}, {"source": 12, "prod": 5.0, "target": 50, "value": 0.0056349778653318593, "supply": [{"l": "Coconuts - Incl Copra", "v": 0.0056349778653318593}]}, {"source": 45, "prod": 3.0, "target": 50, "value": 0.019518948526623964, "supply": [{"l": "Cottonseed", "v": 0.019518948526623964}]}, {"source": 51, "prod": 17.0, "target": 50, "value": 0.037007837536076921, "supply": [{"l": "Cocoa Beans", "v": 0.037007837536076921}]}, {"source": 24, "prod": 3.0, "target": 50, "value": 0.019139381466294802, "supply": [{"l": "Groundnuts", "v": 0.019139381466294802}]}, {"source": 52, "prod": 17.0, "target": 50, "value": 0.11060737498420246, "supply": [{"l": "Palm kernels", "v": 0.11060737498420246}]}, {"source": 19, "prod": 3.0, "target": 50, "value": 0.019898515586953127, "supply": [{"l": "Oilcrops, Other", "v": 0.019898515586953127}]}, {"source": 41, "prod": 4.0, "target": 50, "value": 0.0051206061087880998, "supply": [{"l": "Cassava", "v": 0.0051206061087880998}]}, {"source": 8, "prod": 1.0, "target": 53, "value": 0.004296315953517372, "supply": [{"l": "Rice", "v": 0.004296315953517372}]}, {"source": 54, "prod": 1.0, "target": 51, "value": 0.0021769316197692307, "supply": [{"l": "Cocoa Beans", "v": 0.0021769316197692307}]}, {"source": 54, "prod": 5.0, "target": 49, "value": 0.0017987358722669491, "supply": [{"l": "Coffee", "v": 0.0017987358722669491}]}, {"source": 45, "prod": 1.0, "target": 53, "value": 0.0065063161755413226, "supply": [{"l": "Cottonseed", "v": 0.0065063161755413226}]}, {"source": 0, "prod": 18.0, "target": 53, "value": 0.062842530830147347, "supply": [{"l": "Maize", "v": 0.062842530830147347}]}, {"source": 35, "prod": 42.0, "target": 53, "value": 0.1437248687296252, "supply": [{"l": "Millet", "v": 0.1437248687296252}]}, {"source": 48, "prod": 2.0, "target": 36, "value": 0.0027989120825604396, "supply": [{"l": "Poultry Meat", "v": 0.0027989120825604396}]}, {"source": 48, "prod": 3.0, "target": 22, "value": 0.010671829588533521, "supply": [{"l": "Pigmeat", "v": 0.010671829588533521}]}, {"source": 48, "prod": 5.0, "target": 31, "value": 0.0041891611762006585, "supply": [{"l": "Pelagic Fish", "v": 0.0041891611762006585}]}, {"source": 48, "prod": 4.0, "target": 34, "value": 0.0088978515113711798, "supply": [{"l": "Bovine Meat", "v": 0.0088978515113711798}]}, {"source": 48, "prod": 1.0, "target": 13, "value": 0.0010884658098846154, "supply": [{"l": "Eggs", "v": 0.0010884658098846154}]}, {"source": 48, "prod": 6.0, "target": 25, "value": 0.0052748727709792899, "supply": [{"l": "Milk - Excluding Butter", "v": 0.0052748727709792899}]}, {"source": 48, "prod": 1.0, "target": 37, "value": 0.0015530548750792683, "supply": [{"l": "Offals, Edible", "v": 0.0015530548750792683}]}, {"source": 48, "prod": 9.0, "target": 16, "value": 0.0058890404511676301, "supply": [{"l": "Marine Fish, Other", "v": 0.0058890404511676301}]}, {"source": 48, "prod": 17.0, "target": 28, "value": 0.012052656901102297, "supply": [{"l": "Fish, Seafood", "v": 0.012052656901102297}]}, {"source": 48, "prod": 4.0, "target": 29, "value": 0.00452801776912, "supply": [{"l": "Meat, Other", "v": 0.00452801776912}]}, {"source": 48, "prod": 3.0, "target": 21, "value": 0.0027095851012021279, "supply": [{"l": "Freshwater Fish", "v": 0.0027095851012021279}]}, {"source": 48, "prod": 3.0, "target": 20, "value": 0.0058264934529117639, "supply": [{"l": "Mutton & Goat Meat", "v": 0.0058264934529117639}]}, {"source": 42, "prod": 63.0, "target": 33, "value": 0.022448465262057918, "supply": [{"l": "Beverages, Fermented", "v": 0.022448465262057918}]}, {"source": 42, "prod": 2.0, "target": 23, "value": 0.020302253584369566, "supply": [{"l": "Coconut Oil", "v": 0.020302253584369566}]}, {"source": 42, "prod": 8.0, "target": 5, "value": 0.033237577241412769, "supply": [{"l": "Sugar", "v": 0.033237577241412769}]}, {"source": 42, "prod": 4.0, "target": 6, "value": 0.002062356271360324, "supply": [{"l": "Beer", "v": 0.002062356271360324}]}, {"source": 42, "prod": 1.0, "target": 7, "value": 0.0037456029340147061, "supply": [{"l": "Beverages, Alcoholic", "v": 0.0037456029340147061}]}, {"source": 42, "prod": 8.0, "target": 18, "value": 0.082351362429145494, "supply": [{"l": "Palm Oil", "v": 0.082351362429145494}]}, {"source": 42, "prod": 2.0, "target": 30, "value": 0.0015722283920555555, "supply": [{"l": "Wine", "v": 0.0015722283920555555}]}, {"source": 55, "prod": 38.799076212471128, "target": 42, "value": 0.16470272485829099, "supply": [{"l": "Oil Palm", "v": 0.16470272485829099}]}, {"source": 56, "prod": 0, "target": 0, "value": 1.4796796149198129e-05, "supply": "[{\"l\":'Energy for power irrigation',\"v\":1.4796796149198129e-05}]"}, {"source": 56, "prod": 0, "target": 2, "value": 6.42397491355431e-06, "supply": "[{\"l\":'Energy for power irrigation',\"v\":6.42397491355431e-06}]"}, {"source": 56, "prod": 0, "target": 3, "value": 1.5879488550358968e-06, "supply": "[{\"l\":'Energy for power irrigation',\"v\":1.5879488550358968e-06}]"}, {"source": 56, "prod": 0, "target": 4, "value": 4.0420516310004647e-05, "supply": "[{\"l\":'Energy for power irrigation',\"v\":4.0420516310004647e-05}]"}, {"source": 56, "prod": 0, "target": 8, "value": 1.9488463220895098e-06, "supply": "[{\"l\":'Energy for power irrigation',\"v\":1.9488463220895098e-06}]"}, {"source": 56, "prod": 0, "target": 9, "value": 2.8871797364289034e-07, "supply": "[{\"l\":'Energy for power irrigation',\"v\":2.8871797364289034e-07}]"}, {"source": 56, "prod": 0, "target": 10, "value": 7.9397442751794839e-07, "supply": "[{\"l\":'Energy for power irrigation',\"v\":7.9397442751794839e-07}]"}, {"source": 56, "prod": 0, "target": 49, "value": 1.5157693616251741e-06, "supply": "[{\"l\":'Energy for power irrigation',\"v\":1.5157693616251741e-06}]"}, {"source": 56, "prod": 0, "target": 12, "value": 2.9593592298396259e-06, "supply": "[{\"l\":'Energy for power irrigation',\"v\":2.9593592298396259e-06}]"}, {"source": 56, "prod": 0, "target": 14, "value": 2.5984617627860129e-06, "supply": "[{\"l\":'Energy for power irrigation',\"v\":2.5984617627860129e-06}]"}, {"source": 56, "prod": 0, "target": 15, "value": 1.4435898682144517e-07, "supply": "[{\"l\":'Energy for power irrigation',\"v\":1.4435898682144517e-07}]"}, {"source": 56, "prod": 0, "target": 24, "value": 1.227051387982284e-06, "supply": "[{\"l\":'Energy for power irrigation',\"v\":1.227051387982284e-06}]"}, {"source": 56, "prod": 0, "target": 55, "value": 2.8004976658201833e-06, "supply": "[{\"l\":'Energy for power irrigation',\"v\":2.8004976658201833e-06}]"}, {"source": 56, "prod": 0, "target": 19, "value": 5.0525645387505805e-07, "supply": "[{\"l\":'Energy for power irrigation',\"v\":5.0525645387505805e-07}]"}, {"source": 56, "prod": 0, "target": 51, "value": 2.3819232825538452e-06, "supply": "[{\"l\":'Energy for power irrigation',\"v\":2.3819232825538452e-06}]"}, {"source": 56, "prod": 0, "target": 45, "value": 7.9397442751794839e-07, "supply": "[{\"l\":'Energy for power irrigation',\"v\":7.9397442751794839e-07}]"}, {"source": 56, "prod": 0, "target": 17, "value": 2.8871797364289034e-07, "supply": "[{\"l\":'Energy for power irrigation',\"v\":2.8871797364289034e-07}]"}, {"source": 56, "prod": 0, "target": 26, "value": 2.3097437891431227e-06, "supply": "[{\"l\":'Energy for power irrigation',\"v\":2.3097437891431227e-06}]"}, {"source": 56, "prod": 0, "target": 27, "value": 9.3833341433939367e-07, "supply": "[{\"l\":'Energy for power irrigation',\"v\":9.3833341433939367e-07}]"}, {"source": 56, "prod": 0, "target": 32, "value": 1.4435898682144515e-06, "supply": "[{\"l\":'Energy for power irrigation',\"v\":1.4435898682144515e-06}]"}, {"source": 56, "prod": 0, "target": 35, "value": 2.562372016080652e-05, "supply": "[{\"l\":'Energy for power irrigation',\"v\":2.562372016080652e-05}]"}, {"source": 56, "prod": 0, "target": 38, "value": 1.1548718945715614e-06, "supply": "[{\"l\":'Energy for power irrigation',\"v\":1.1548718945715614e-06}]"}, {"source": 56, "prod": 0, "target": 39, "value": 1.0105129077501161e-06, "supply": "[{\"l\":'Energy for power irrigation',\"v\":1.0105129077501161e-06}]"}, {"source": 56, "prod": 0, "target": 52, "value": 2.454102775964568e-06, "supply": "[{\"l\":'Energy for power irrigation',\"v\":2.454102775964568e-06}]"}, {"source": 56, "prod": 0, "target": 41, "value": 6.0630774465006971e-05, "supply": "[{\"l\":'Energy for power irrigation',\"v\":6.0630774465006971e-05}]"}, {"source": 56, "prod": 0, "target": 42, "value": 0.00097440000000000016, "supply": "[{\"l\":'Electricity',\"v\":0.00097440000000000016}]"}, {"source": 57, "prod": 0, "target": 56, "value": 0.001768435795453163, "supply": [{"l": "Coal", "v": 0.0}, {"l": "Natural gas", "v": 0.0}, {"l": "Oil", "v": 0.001768435795453163}]}, {"source": 58, "prod": 0, "target": 56, "value": 0.00048030234640803138, "supply": [{"l": "Nuclear", "v": 0.0}, {"l": "Hydroelectric", "v": 0.00048030234640803138}, {"l": "Renewable", "v": 0.0}]}, {"source": 57, "prod": 0, "target": 0, "value": 0.0051521013342121381, "supply": [{"l": "Other fossil fuels", "v": 0.0051521013342121381}]}, {"source": 57, "prod": 0, "target": 2, "value": 0.0022367659450969772, "supply": [{"l": "Other fossil fuels", "v": 0.0022367659450969772}]}, {"source": 57, "prod": 0, "target": 3, "value": 0.00055290843586666845, "supply": [{"l": "Other fossil fuels", "v": 0.00055290843586666845}]}, {"source": 57, "prod": 0, "target": 4, "value": 0.014074032912969742, "supply": [{"l": "Other fossil fuels", "v": 0.014074032912969742}]}, {"source": 57, "prod": 0, "target": 8, "value": 0.00067856944401818405, "supply": [{"l": "Other fossil fuels", "v": 0.00067856944401818405}]}, {"source": 57, "prod": 0, "target": 9, "value": 0.00010052880652121246, "supply": [{"l": "Other fossil fuels", "v": 0.00010052880652121246}]}, {"source": 57, "prod": 0, "target": 10, "value": 0.00027645421793333423, "supply": [{"l": "Other fossil fuels", "v": 0.00027645421793333423}]}, {"source": 57, "prod": 0, "target": 49, "value": 0.00052777623423636531, "supply": [{"l": "Other fossil fuels", "v": 0.00052777623423636531}]}, {"source": 57, "prod": 0, "target": 12, "value": 0.0010304202668424275, "supply": [{"l": "Other fossil fuels", "v": 0.0010304202668424275}]}, {"source": 57, "prod": 0, "target": 14, "value": 0.000904759258690912, "supply": [{"l": "Other fossil fuels", "v": 0.000904759258690912}]}, {"source": 57, "prod": 0, "target": 15, "value": 5.0264403260606228e-05, "supply": [{"l": "Other fossil fuels", "v": 5.0264403260606228e-05}]}, {"source": 57, "prod": 0, "target": 24, "value": 0.00042724742771515297, "supply": [{"l": "Other fossil fuels", "v": 0.00042724742771515297}]}, {"source": 57, "prod": 0, "target": 55, "value": 0.00097510620644132161, "supply": [{"l": "Other fossil fuels", "v": 0.00097510620644132161}]}, {"source": 57, "prod": 0, "target": 19, "value": 0.00017592541141212177, "supply": [{"l": "Other fossil fuels", "v": 0.00017592541141212177}]}, {"source": 57, "prod": 0, "target": 51, "value": 0.00082936265380000279, "supply": [{"l": "Other fossil fuels", "v": 0.00082936265380000279}]}, {"source": 57, "prod": 0, "target": 45, "value": 0.00027645421793333423, "supply": [{"l": "Other fossil fuels", "v": 0.00027645421793333423}]}, {"source": 57, "prod": 0, "target": 17, "value": 0.00010052880652121246, "supply": [{"l": "Other fossil fuels", "v": 0.00010052880652121246}]}, {"source": 57, "prod": 0, "target": 26, "value": 0.00080423045216969965, "supply": [{"l": "Other fossil fuels", "v": 0.00080423045216969965}]}, {"source": 57, "prod": 0, "target": 27, "value": 0.00032671862119394051, "supply": [{"l": "Other fossil fuels", "v": 0.00032671862119394051}]}, {"source": 57, "prod": 0, "target": 32, "value": 0.00050264403260606217, "supply": [{"l": "Other fossil fuels", "v": 0.00050264403260606217}]}, {"source": 57, "prod": 0, "target": 35, "value": 0.0089219315787576053, "supply": [{"l": "Other fossil fuels", "v": 0.0089219315787576053}]}, {"source": 57, "prod": 0, "target": 38, "value": 0.00040211522608484982, "supply": [{"l": "Other fossil fuels", "v": 0.00040211522608484982}]}, {"source": 57, "prod": 0, "target": 39, "value": 0.00035185082282424354, "supply": [{"l": "Other fossil fuels", "v": 0.00035185082282424354}]}, {"source": 57, "prod": 0, "target": 52, "value": 0.00085449485543030593, "supply": [{"l": "Other fossil fuels", "v": 0.00085449485543030593}]}, {"source": 57, "prod": 0, "target": 41, "value": 0.021111049369454616, "supply": [{"l": "Other fossil fuels", "v": 0.021111049369454616}]}, {"source": 59, "prod": 0.018926403340897818, "target": 0, "value": 0.00022652587571718498, "supply": [{"l": "Potash", "v": 0.00012094423459084812}, {"l": "Phosphate", "v": 0.00021041666683500001}, {"l": "Nitrogen", "v": 0.0023922526068958032}]}, {"source": 59, "prod": 0.0082168287675117371, "target": 2, "value": 9.8345380189412024e-05, "supply": [{"l": "Potash", "v": 0.00012094423459084812}, {"l": "Phosphate", "v": 0.00021041666683500001}, {"l": "Nitrogen", "v": 0.0023922526068958032}]}, {"source": 59, "prod": 0.002031126212193912, "target": 3, "value": 2.4310093979405217e-05, "supply": [{"l": "Potash", "v": 0.00012094423459084812}, {"l": "Phosphate", "v": 0.00021041666683500001}, {"l": "Nitrogen", "v": 0.0023922526068958032}]}, {"source": 59, "prod": 0.051701394492208674, "target": 4, "value": 0.00061880239220304186, "supply": [{"l": "Potash", "v": 0.00012094423459084812}, {"l": "Phosphate", "v": 0.00021041666683500001}, {"l": "Nitrogen", "v": 0.0023922526068958032}]}, {"source": 59, "prod": 0.0024927458058743471, "target": 8, "value": 2.9835115338360951e-05, "supply": [{"l": "Potash", "v": 0.00012094423459084812}, {"l": "Phosphate", "v": 0.00021041666683500001}, {"l": "Nitrogen", "v": 0.0023922526068958032}]}, {"source": 59, "prod": 0.00036929567494434771, "target": 9, "value": 4.4200170871645851e-06, "supply": [{"l": "Potash", "v": 0.00012094423459084812}, {"l": "Phosphate", "v": 0.00021041666683500001}, {"l": "Nitrogen", "v": 0.0023922526068958032}]}, {"source": 59, "prod": 0.001015563106096956, "target": 10, "value": 1.2155046989702609e-05, "supply": [{"l": "Potash", "v": 0.00012094423459084812}, {"l": "Phosphate", "v": 0.00021041666683500001}, {"l": "Nitrogen", "v": 0.0023922526068958032}]}, {"source": 59, "prod": 0.0019388022934578252, "target": 49, "value": 2.3205089707614071e-05, "supply": [{"l": "Potash", "v": 0.00012094423459084812}, {"l": "Phosphate", "v": 0.00021041666683500001}, {"l": "Nitrogen", "v": 0.0023922526068958032}]}, {"source": 59, "prod": 0.0037852806681795636, "target": 12, "value": 4.5305175143436992e-05, "supply": [{"l": "Potash", "v": 0.00012094423459084812}, {"l": "Phosphate", "v": 0.00021041666683500001}, {"l": "Nitrogen", "v": 0.0023922526068958032}]}, {"source": 59, "prod": 0.003323661074499129, "target": 14, "value": 3.9780153784481265e-05, "supply": [{"l": "Potash", "v": 0.00012094423459084812}, {"l": "Phosphate", "v": 0.00021041666683500001}, {"l": "Nitrogen", "v": 0.0023922526068958032}]}, {"source": 59, "prod": 0.00018464783747217385, "target": 15, "value": 2.2100085435822926e-06, "supply": [{"l": "Potash", "v": 0.00012094423459084812}, {"l": "Phosphate", "v": 0.00021041666683500001}, {"l": "Nitrogen", "v": 0.0023922526068958032}]}, {"source": 59, "prod": 0.0015695066185134777, "target": 24, "value": 1.8785072620449487e-05, "supply": [{"l": "Potash", "v": 0.00012094423459084812}, {"l": "Phosphate", "v": 0.00021041666683500001}, {"l": "Nitrogen", "v": 0.0023922526068958032}]}, {"source": 59, "prod": 0.0035820827592754276, "target": 55, "value": 4.2873144956330848e-05, "supply": [{"l": "Potash", "v": 0.00012094423459084812}, {"l": "Phosphate", "v": 0.00021041666683500001}, {"l": "Nitrogen", "v": 0.0023922526068958032}]}, {"source": 59, "prod": 0.00064626743115260836, "target": 19, "value": 7.7350299025380225e-06, "supply": [{"l": "Potash", "v": 0.00012094423459084812}, {"l": "Phosphate", "v": 0.00021041666683500001}, {"l": "Nitrogen", "v": 0.0023922526068958032}]}, {"source": 59, "prod": 0.0030466893182908685, "target": 51, "value": 3.6465140969107831e-05, "supply": [{"l": "Potash", "v": 0.00012094423459084812}, {"l": "Phosphate", "v": 0.00021041666683500001}, {"l": "Nitrogen", "v": 0.0023922526068958032}]}, {"source": 59, "prod": 0.001015563106096956, "target": 45, "value": 1.2155046989702609e-05, "supply": [{"l": "Potash", "v": 0.00012094423459084812}, {"l": "Phosphate", "v": 0.00021041666683500001}, {"l": "Nitrogen", "v": 0.0023922526068958032}]}, {"source": 59, "prod": 0.00036929567494434771, "target": 17, "value": 4.4200170871645851e-06, "supply": [{"l": "Potash", "v": 0.00012094423459084812}, {"l": "Phosphate", "v": 0.00021041666683500001}, {"l": "Nitrogen", "v": 0.0023922526068958032}]}, {"source": 59, "prod": 0.0029543653995547817, "target": 26, "value": 3.5360136697316681e-05, "supply": [{"l": "Potash", "v": 0.00012094423459084812}, {"l": "Phosphate", "v": 0.00021041666683500001}, {"l": "Nitrogen", "v": 0.0023922526068958032}]}, {"source": 59, "prod": 0.0012002109435691301, "target": 27, "value": 1.4365055533284902e-05, "supply": [{"l": "Potash", "v": 0.00012094423459084812}, {"l": "Phosphate", "v": 0.00021041666683500001}, {"l": "Nitrogen", "v": 0.0023922526068958032}]}, {"source": 59, "prod": 0.0018464783747217382, "target": 32, "value": 2.2100085435822921e-05, "supply": [{"l": "Potash", "v": 0.00012094423459084812}, {"l": "Phosphate", "v": 0.00021041666683500001}, {"l": "Nitrogen", "v": 0.0023922526068958032}]}, {"source": 59, "prod": 0.032774991151310856, "target": 35, "value": 0.00039227651648585695, "supply": [{"l": "Potash", "v": 0.00012094423459084812}, {"l": "Phosphate", "v": 0.00021041666683500001}, {"l": "Nitrogen", "v": 0.0023922526068958032}]}, {"source": 59, "prod": 0.0014771826997773908, "target": 38, "value": 1.7680068348658341e-05, "supply": [{"l": "Potash", "v": 0.00012094423459084812}, {"l": "Phosphate", "v": 0.00021041666683500001}, {"l": "Nitrogen", "v": 0.0023922526068958032}]}, {"source": 59, "prod": 0.0012925348623052167, "target": 39, "value": 1.5470059805076045e-05, "supply": [{"l": "Potash", "v": 0.00012094423459084812}, {"l": "Phosphate", "v": 0.00021041666683500001}, {"l": "Nitrogen", "v": 0.0023922526068958032}]}, {"source": 59, "prod": 0.0031390132370269553, "target": 52, "value": 3.7570145240898973e-05, "supply": [{"l": "Potash", "v": 0.00012094423459084812}, {"l": "Phosphate", "v": 0.00021041666683500001}, {"l": "Nitrogen", "v": 0.0023922526068958032}]}, {"source": 59, "prod": 0.077552091738313012, "target": 41, "value": 0.00092820358830456278, "supply": [{"l": "Potash", "v": 0.00012094423459084812}, {"l": "Phosphate", "v": 0.00021041666683500001}, {"l": "Nitrogen", "v": 0.0023922526068958032}]}, {"source": 57, "prod": 0, "target": 59, "value": 0.0033255410474937429, "supply": [{"l": "Natural gas (including LNG)", "v": 0.0022296199227737849}, {"l": "Fuel oil", "v": 0.00067303979313318191}, {"l": "Liquefied petroleum gas (LPG)", "v": 0.000211440665793388}, {"l": "Coal", "v": 0.000211440665793388}]}, {"source": 60, "prod": 0, "target": 0, "value": 0.02339697094344655, "supply": "[{\"l\":'Labor',\"v\":0.02339697094344655}]"}, {"source": 60, "prod": 0, "target": 2, "value": 0.010157709336423137, "supply": "[{\"l\":'Labor',\"v\":0.010157709336423137}]"}, {"source": 60, "prod": 0, "target": 3, "value": 0.0025108944427113368, "supply": "[{\"l\":'Labor',\"v\":0.0025108944427113368}]"}, {"source": 60, "prod": 0, "target": 4, "value": 0.063913676723561311, "supply": "[{\"l\":'Labor',\"v\":0.063913676723561311}]"}, {"source": 60, "prod": 0, "target": 43, "value": 0.00011413156557778805, "supply": "[{\"l\":'Labor',\"v\":0.00011413156557778805}]"}, {"source": 60, "prod": 0, "target": 8, "value": 0.0030815522706002774, "supply": "[{\"l\":'Labor',\"v\":0.0030815522706002774}]"}, {"source": 60, "prod": 0, "target": 9, "value": 0.0004565262623111522, "supply": "[{\"l\":'Labor',\"v\":0.0004565262623111522}]"}, {"source": 60, "prod": 0, "target": 10, "value": 0.0012554472213556684, "supply": "[{\"l\":'Labor',\"v\":0.0012554472213556684}]"}, {"source": 60, "prod": 0, "target": 49, "value": 0.0023967628771335487, "supply": "[{\"l\":'Labor',\"v\":0.0023967628771335487}]"}, {"source": 60, "prod": 0, "target": 11, "value": 0.0011413156557778803, "supply": "[{\"l\":'Labor',\"v\":0.0011413156557778803}]"}, {"source": 60, "prod": 0, "target": 12, "value": 0.0046793941886893098, "supply": "[{\"l\":'Labor',\"v\":0.0046793941886893098}]"}, {"source": 60, "prod": 0, "target": 14, "value": 0.0041087363608003696, "supply": "[{\"l\":'Labor',\"v\":0.0041087363608003696}]"}, {"source": 60, "prod": 0, "target": 15, "value": 0.0002282631311555761, "supply": "[{\"l\":'Labor',\"v\":0.0002282631311555761}]"}, {"source": 60, "prod": 0, "target": 17, "value": 0.0004565262623111522, "supply": "[{\"l\":'Labor',\"v\":0.0004565262623111522}]"}, {"source": 60, "prod": 0, "target": 19, "value": 0.00079892095904451628, "supply": "[{\"l\":'Labor',\"v\":0.00079892095904451628}]"}, {"source": 60, "prod": 0, "target": 51, "value": 0.0037663416640670057, "supply": "[{\"l\":'Labor',\"v\":0.0037663416640670057}]"}, {"source": 60, "prod": 0, "target": 45, "value": 0.0012554472213556684, "supply": "[{\"l\":'Labor',\"v\":0.0012554472213556684}]"}, {"source": 60, "prod": 0, "target": 24, "value": 0.0019402366148223969, "supply": "[{\"l\":'Labor',\"v\":0.0019402366148223969}]"}, {"source": 60, "prod": 0, "target": 55, "value": 0.0044281993111012453, "supply": "[{\"l\":'Labor',\"v\":0.0044281993111012453}]"}, {"source": 60, "prod": 0, "target": 26, "value": 0.0036522100984892176, "supply": "[{\"l\":'Labor',\"v\":0.0036522100984892176}]"}, {"source": 60, "prod": 0, "target": 27, "value": 0.0014837103525112447, "supply": "[{\"l\":'Labor',\"v\":0.0014837103525112447}]"}, {"source": 60, "prod": 0, "target": 32, "value": 0.0022826313115557606, "supply": "[{\"l\":'Labor',\"v\":0.0022826313115557606}]"}, {"source": 60, "prod": 0, "target": 35, "value": 0.040516705780114765, "supply": "[{\"l\":'Labor',\"v\":0.040516705780114765}]"}, {"source": 60, "prod": 0, "target": 38, "value": 0.0018261050492446088, "supply": "[{\"l\":'Labor',\"v\":0.0018261050492446088}]"}, {"source": 60, "prod": 0, "target": 39, "value": 0.0015978419180890326, "supply": "[{\"l\":'Labor',\"v\":0.0015978419180890326}]"}, {"source": 60, "prod": 0, "target": 52, "value": 0.0038804732296447938, "supply": "[{\"l\":'Labor',\"v\":0.0038804732296447938}]"}, {"source": 60, "prod": 0, "target": 40, "value": 0.00011413156557778805, "supply": "[{\"l\":'Labor',\"v\":0.00011413156557778805}]"}, {"source": 60, "prod": 0, "target": 41, "value": 0.095870515085341959, "supply": "[{\"l\":'Labor',\"v\":0.095870515085341959}]"}, {"source": 57, "prod": 0, "target": 47, "value": 0.049733800474169559, "supply": "[{\"l\":'Fossil Fuels',\"v\":0.049733800474169559}]"}, {"source": 58, "prod": 0, "target": 47, "value": 0.28337012659353628, "supply": "[{\"l\":'Renewables & Nuclear',\"v\":0.0022174600651424328},{\"l\":'Biomass & Waste',\"v\":0.28115266652839382}]"}]}