{"nodes": [{"layer": 3, "name": "Cereals", "fill": "#e7ba52"}, {"layer": 5, "name": "Production", "fill": "#b5cf6b"}, {"layer": 3, "name": "Oilcrops", "fill": "#ff9896"}, {"layer": 3, "name": "Starchy Roots"}, {"layer": 3, "name": "Fruits & Vegetables"}, {"layer": 3, "name": "Others"}, {"layer": 1, "name": "Electricity", "fill": "#bcbd22"}, {"layer": 0, "name": "Fossil Fuels", "fill": "#c49c94"}, {"layer": 0, "name": "Renewables & Nuclear", "fill": "#2ca02c"}, {"layer": 1, "name": "Fertilizers", "fill": "#c5b0d5"}, {"layer": 0, "name": "Labor", "fill": "#7f7f7f"}], "links": [{"source": 0, "prod": 168.0, "target": 1, "value": 0.5894429383100428, "supply": [{"l": "Maize", "v": 0.25450943738941922}, {"l": "Rice", "v": 0.056471918501694945}, {"l": "Cereals, Other", "v": 0.0051979795818979588}, {"l": "Millet", "v": 0.27326360283703066}]}, {"source": 2, "prod": 100.81006864988558, "target": 1, "value": 0.37667653834551906, "supply": [{"l": "Cottonseed", "v": 0.032713159624950944}, {"l": "Oilcrops, Other", "v": 0.0066328385289843748}, {"l": "Coconuts - Incl Copra", "v": 0.035658139931820002}, {"l": "Sesame seed", "v": 0.0067920266536800004}, {"l": "Groundnuts", "v": 0.051619402567968015}, {"l": "Palm kernels", "v": 0.078511583099882251}, {"l": "Oil Palm", "v": 0.16474938793823343}]}, {"source": 3, "prod": 673.0, "target": 1, "value": 0.82114947460034837, "supply": [{"l": "Roots, Other", "v": 0.018364021908460815}, {"l": "Yams", "v": 0.34912850075290486}, {"l": "Sweet potatoes", "v": 0.0059430233219700005}, {"l": "Cassava", "v": 0.4477139286170127}]}, {"source": 4, "prod": 84.0, "target": 1, "value": 0.09067991481268628, "supply": [{"l": "Fruits, Other", "v": 0.0052223403532249569}, {"l": "Beans", "v": 0.046528056603949611}, {"l": "Pulses, Other", "v": 0.019295530266136368}, {"l": "Tomatoes", "v": 0.00075133038204424794}, {"l": "Bananas", "v": 0.0062050127491566119}, {"l": "Vegetables, Other", "v": 0.010416984699183372}, {"l": "Oranges, Mandarines", "v": 0.0022606597589911247}]}, {"source": 5, "prod": 24.0, "target": 1, "value": 0.043015725231231587, "supply": [{"l": "Cocoa Beans", "v": 0.031837624939125002}, {"l": "Pimento", "v": 0.0073189942388793118}, {"l": "Coffee", "v": 0.0038591060532272726}]}, {"source": 6, "prod": 0, "target": 3, "value": 6.6493313226505038e-05, "supply": "[{\"l\":'Energy for power irrigation',\"v\":6.6493313226505038e-05}]"}, {"source": 6, "prod": 0, "target": 4, "value": 8.3918806596183039e-06, "supply": "[{\"l\":'Energy for power irrigation',\"v\":8.3918806596183039e-06}]"}, {"source": 6, "prod": 0, "target": 0, "value": 1.6783761319236608e-05, "supply": "[{\"l\":'Energy for power irrigation',\"v\":1.6783761319236608e-05}]"}, {"source": 6, "prod": 0, "target": 2, "value": 9.9527772399737456e-06, "supply": "[{\"l\":'Energy for power irrigation',\"v\":9.9527772399737456e-06}]"}, {"source": 6, "prod": 0, "target": 5, "value": 2.4188361901252764e-06, "supply": "[{\"l\":'Energy for power irrigation',\"v\":2.4188361901252764e-06}]"}, {"source": 7, "prod": 0, "target": 6, "value": 0.00015967004824098846, "supply": [{"l": "Coal", "v": 0.0}, {"l": "Natural gas", "v": 0.0}, {"l": "Oil", "v": 0.00015967004824098846}]}, {"source": 8, "prod": 0, "target": 6, "value": 4.3365950303883371e-05, "supply": [{"l": "Nuclear", "v": 0.0}, {"l": "Hydroelectric", "v": 4.3365950303883371e-05}, {"l": "Renewable", "v": 0.0}]}, {"source": 7, "prod": 0, "target": 3, "value": 0.039590165219677273, "supply": [{"l": "Other fossil fuels", "v": 0.039590165219677273}]}, {"source": 7, "prod": 0, "target": 4, "value": 0.0049965316164403382, "supply": [{"l": "Other fossil fuels", "v": 0.0049965316164403382}]}, {"source": 7, "prod": 0, "target": 0, "value": 0.0099930632328806765, "supply": [{"l": "Other fossil fuels", "v": 0.0099930632328806765}]}, {"source": 7, "prod": 0, "target": 2, "value": 0.0059258905325255797, "supply": [{"l": "Other fossil fuels", "v": 0.0059258905325255797}]}, {"source": 7, "prod": 0, "target": 5, "value": 0.0014401767600328034, "supply": [{"l": "Other fossil fuels", "v": 0.0014401767600328034}]}, {"source": 9, "prod": 0.10647134788678701, "target": 3, "value": 0.0011080987067945494, "supply": [{"l": "Potash", "v": 7.0728188556817747e-05}, {"l": "Phosphate", "v": 0.00026409922343945884}, {"l": "Nitrogen", "v": 0.0013989893278374479}]}, {"source": 9, "prod": 0.013437363875838002, "target": 4, "value": 0.00013984913151824304, "supply": [{"l": "Potash", "v": 7.0728188556817747e-05}, {"l": "Phosphate", "v": 0.00026409922343945884}, {"l": "Nitrogen", "v": 0.0013989893278374479}]}, {"source": 9, "prod": 0.026874727751676004, "target": 0, "value": 0.00027969826303648608, "supply": [{"l": "Potash", "v": 7.0728188556817747e-05}, {"l": "Phosphate", "v": 0.00026409922343945884}, {"l": "Nitrogen", "v": 0.0013989893278374479}]}, {"source": 9, "prod": 0.015936724409373198, "target": 2, "value": 0.00016586118292918778, "supply": [{"l": "Potash", "v": 7.0728188556817747e-05}, {"l": "Phosphate", "v": 0.00026409922343945884}, {"l": "Nitrogen", "v": 0.0013989893278374479}]}, {"source": 9, "prod": 0.0038731225289180128, "target": 5, "value": 4.0309455555258294e-05, "supply": [{"l": "Potash", "v": 7.0728188556817747e-05}, {"l": "Phosphate", "v": 0.00026409922343945884}, {"l": "Nitrogen", "v": 0.0013989893278374479}]}, {"source": 7, "prod": 0, "target": 9, "value": 0.0021040236502725702, "supply": [{"l": "Natural gas (including LNG)", "v": 0.0014233171647441262}, {"l": "Fuel oil", "v": 0.00043340548222877161}, {"l": "Liquefied petroleum gas (LPG)", "v": 0.00012365050164983614}, {"l": "Coal", "v": 0.00012365050164983614}]}, {"source": 10, "prod": 0, "target": 3, "value": 0.14808678689613125, "supply": "[{\"l\":'Labor',\"v\":0.14808678689613125}]"}, {"source": 10, "prod": 0, "target": 4, "value": 0.018689497975012851, "supply": "[{\"l\":'Labor',\"v\":0.018689497975012851}]"}, {"source": 10, "prod": 0, "target": 0, "value": 0.037378995950025702, "supply": "[{\"l\":'Labor',\"v\":0.037378995950025702}]"}, {"source": 10, "prod": 0, "target": 2, "value": 0.022165759692858153, "supply": "[{\"l\":'Labor',\"v\":0.022165759692858153}]"}, {"source": 10, "prod": 0, "target": 5, "value": 0.0053869729457389987, "supply": "[{\"l\":'Labor',\"v\":0.0053869729457389987}]"}]}