{"nodes": [{"layer": 5, "name": "Cereals", "fill": "#e7ba52"}, {"layer": 10, "name": "Feed", "fill": "#dbdb8d"}, {"layer": 13, "name": "Other Processed", "fill": "#9c9ede"}, {"layer": 16, "name": "Food", "fill": "#b5cf6b"}, {"layer": 13, "name": "Animal Products", "fill": "#17becf"}, {"layer": 5, "name": "Oilcrops", "fill": "#ff9896"}, {"layer": 5, "name": "Fruits, Roots & Vegetables", "fill": "#98df8a"}, {"layer": 13, "name": "Sugar", "fill": "#d6616b"}, {"layer": 13, "name": "Aquatic Products", "fill": "#1f77b4"}, {"layer": 13, "name": "Vegetable Oils", "fill": "#f7b6d2"}, {"layer": 10, "name": "Processing", "fill": "#9edae5"}, {"name": "Waste", "fill": "#c7c7c7"}, {"layer": 2, "name": "Import", "fill": "#aec7e8"}, {"layer": 16, "name": "Export", "fill": "#aec7e8"}, {"layer": 16, "name": "Stock Deposit", "fill": "#c7c7c7"}, {"layer": 0, "name": "Stock Draw", "fill": "#c7c7c7"}, {"name": "Crop Residue", "fill": "#bd9e39"}, {"layer": 2, "name": "Electricity", "fill": "#bcbd22"}, {"layer": 0, "name": "Fossil Fuels", "fill": "#c49c94"}, {"layer": 0, "name": "Renewables & Nuclear", "fill": "#2ca02c"}, {"layer": 2, "name": "Fertilizers", "fill": "#c5b0d5"}, {"layer": 0, "name": "Labor", "fill": "#7f7f7f"}], "links": [{"source": 0, "prod": 1.0, "target": 1, "value": 0.0033868064742885355, "supply": [{"l": "Sorghum", "v": 0.0033868064742885355}]}, {"source": 2, "prod": 70.0, "target": 3, "value": 0.050766955994261773, "supply": [{"l": "Beer", "v": 0.019709005914696431}, {"l": "Beverages, Alcoholic", "v": 0.020467044603723217}, {"l": "Wine", "v": 0.0023367064175504586}, {"l": "Beverages, Fermented", "v": 0.0082541990582916652}]}, {"source": 4, "prod": 30.0, "target": 3, "value": 0.047211459833018485, "supply": [{"l": "Eggs", "v": 0.0018866740704666664}, {"l": "Mutton & Goat Meat", "v": 0.0037318827767472531}, {"l": "Pigmeat", "v": 0.011370580335401788}, {"l": "Milk - Excluding Butter", "v": 0.0080747599483288052}, {"l": "Meat, Other", "v": 0.0046204262950204087}, {"l": "Bovine Meat", "v": 0.0085434297530566049}, {"l": "Poultry Meat", "v": 0.007318994238879311}, {"l": "Offals, Edible", "v": 0.0016647124151176471}]}, {"source": 0, "prod": 279.0, "target": 3, "value": 0.97654842247987361, "supply": [{"l": "Maize", "v": 0.44023821497159504}, {"l": "Rice", "v": 0.11920104084180518}, {"l": "Cereals, Other", "v": 0.013495717700592486}, {"l": "Wheat", "v": 0.063498864144515235}, {"l": "Sorghum", "v": 0.23707645320019752}, {"l": "Millet", "v": 0.10303813162116818}]}, {"source": 5, "prod": 17.0, "target": 3, "value": 0.088328144602553199, "supply": [{"l": "Coconuts - Incl Copra", "v": 0.0039488527056279069}, {"l": "Sesame seed", "v": 0.0067920266536800004}, {"l": "Oilcrops, Other", "v": 0.013405315763842107}, {"l": "Groundnuts", "v": 0.064181949479403186}]}, {"source": 6, "prod": 839.0, "target": 3, "value": 0.98126001676548213, "supply": [{"l": "Roots, Other", "v": 0.017319667966884004}, {"l": "Fruits, Other", "v": 0.008155092037008576}, {"l": "Yams", "v": 0.41002332554816812}, {"l": "Tomatoes", "v": 0.0010978491358318966}, {"l": "Vegetables, Other", "v": 0.016245166255954444}, {"l": "Pimento", "v": 0.0069590437025409835}, {"l": "Potatoes", "v": 0.0012485343113382355}, {"l": "Beans", "v": 0.046412182133480001}, {"l": "Pulses, Other", "v": 0.015501465326165732}, {"l": "Bananas", "v": 0.0079336476385521836}, {"l": "Sweet potatoes", "v": 0.0028779773956271186}, {"l": "Oranges, Mandarines", "v": 0.0034986401032005491}, {"l": "Cassava", "v": 0.44398742521073031}]}, {"source": 7, "prod": 19.0, "target": 3, "value": 0.079503097705129283, "supply": [{"l": "Sugar", "v": 0.079503097705129283}]}, {"source": 8, "prod": 60.0, "target": 3, "value": 0.048105103335398552, "supply": [{"l": "Marine Fish, Other", "v": 0.0093775515928520726}, {"l": "Freshwater Fish", "v": 0.0026325684704186047}, {"l": "Fish, Seafood", "v": 0.023091659067361742}, {"l": "Pelagic Fish", "v": 0.012065938822751938}, {"l": "Demersal Fish", "v": 0.00093738538201419545}]}, {"source": 9, "prod": 10.0, "target": 3, "value": 0.10306079529480332, "supply": [{"l": "Groundnut Oil", "v": 0.020877131107622952}, {"l": "Palm Oil", "v": 0.072248518816105889}, {"l": "Coconut Oil", "v": 0.0099351453710744692}]}, {"source": 0, "prod": 13.0, "target": 10, "value": 0.045305139982738662, "supply": [{"l": "Rice", "v": 0.0042571800300644702}, {"l": "Barley", "v": 0.023874938015812829}, {"l": "Millet", "v": 0.017173021936861363}]}, {"source": 5, "prod": 47.03921568627451, "target": 10, "value": 0.17362375424010251, "supply": [{"l": "Coconuts - Incl Copra", "v": 0.0098721317640697685}, {"l": "Groundnuts", "v": 0.019254584843820956}, {"l": "Oil Palm", "v": 0.14449703763221178}]}, {"source": 6, "prod": 60.0, "target": 6, "value": 0.074337246529502132, "supply": [{"l": "Beans", "v": 0.0038676818444566665}, {"l": "Pulses, Other", "v": 0.0031002930652331466}, {"l": "Yams", "v": 0.067369271619812321}]}, {"source": 0, "prod": 8.0, "target": 0, "value": 0.028548361327106034, "supply": [{"l": "Maize", "v": 0.017469770435380755}, {"l": "Rice", "v": 0.0042571800300644702}, {"l": "Sorghum", "v": 0.0033868064742885355}, {"l": "Millet", "v": 0.0034346043873722727}]}, {"source": 5, "prod": 4.0, "target": 5, "value": 0.02581501125875164, "supply": [{"l": "Groundnuts", "v": 0.019254584843820956}, {"l": "Cottonseed", "v": 0.0065604264149306856}]}, {"source": 6, "prod": 152.0, "target": 11, "value": 0.18189157972489434, "supply": [{"l": "Vegetables, Other", "v": 0.0016245166255954443}, {"l": "Bananas", "v": 0.0021637220832415047}, {"l": "Roots, Other", "v": 0.0030564119941560003}, {"l": "Fruits, Other", "v": 0.001019386504626072}, {"l": "Yams", "v": 0.084792359107694809}, {"l": "Beans", "v": 0.0077353636889133329}, {"l": "Pulses, Other", "v": 0.0031002930652331466}, {"l": "Oranges, Mandarines", "v": 0.00034986401032005495}, {"l": "Cassava", "v": 0.078049662645113968}]}, {"source": 0, "prod": 57.0, "target": 11, "value": 0.19663789045861896, "supply": [{"l": "Maize", "v": 0.090842806263979906}, {"l": "Cereals, Other", "v": 0.002699143540118497}, {"l": "Millet", "v": 0.044649857035839541}, {"l": "Rice", "v": 0.0042571800300644702}, {"l": "Sorghum", "v": 0.054188903588616569}]}, {"source": 5, "prod": 2.0, "target": 11, "value": 0.0074054081243472942, "supply": [{"l": "Coconuts - Incl Copra", "v": 0.00098721317640697672}, {"l": "Groundnuts", "v": 0.0064181949479403177}]}, {"source": 12, "prod": 28.0, "target": 10, "value": 0.10230684872640296, "supply": [{"l": "Sugar", "v": 0.079503097705129283}, {"l": "Beverages, Alcoholic", "v": 0.020467044603723217}, {"l": "Wine", "v": 0.0023367064175504586}]}, {"source": 12, "prod": 51.0, "target": 0, "value": 0.18739135776143256, "supply": [{"l": "Maize", "v": 0.010481862261228452}, {"l": "Wheat", "v": 0.063498864144515235}, {"l": "Cereals, Other", "v": 0.002699143540118497}, {"l": "Barley", "v": 0.017053527154152023}, {"l": "Rice", "v": 0.093657960661418349}]}, {"source": 12, "prod": 46.0, "target": 1, "value": 0.040098101440941732, "supply": [{"l": "Pelagic Fish", "v": 0.0076783247053875967}, {"l": "Milk - Excluding Butter", "v": 0.0032299039793315222}, {"l": "Poultry Meat", "v": 0.0043913965433275857}, {"l": "Fish, Seafood", "v": 0.014624717409329104}, {"l": "Bovine Meat", "v": 0.0021358574382641512}, {"l": "Marine Fish, Other", "v": 0.0080379013653017767}]}, {"source": 12, "prod": 7.0, "target": 6, "value": 0.0031119914183141417, "supply": [{"l": "Potatoes", "v": 0.0012485343113382355}, {"l": "Vegetables, Other", "v": 0.0013537638546628702}, {"l": "Fruits, Other", "v": 0.000509693252313036}]}, {"source": 6, "prod": 24.0, "target": 13, "value": 0.039797031173906254, "supply": [{"l": "Cocoa Beans", "v": 0.036385857073285718}, {"l": "Coffee", "v": 0.0034111741006205365}]}, {"source": 5, "prod": 25.0, "target": 13, "value": 0.16500628064219972, "supply": [{"l": "Cottonseed", "v": 0.052483411319445485}, {"l": "Palm kernels", "v": 0.065604264149306854}, {"l": "Oilcrops, Other", "v": 0.04691860517344737}]}, {"source": 6, "prod": 3.0, "target": 14, "value": 0.0052304669542848226, "supply": [{"l": "Coffee", "v": 0.00037901934451339288}, {"l": "Cocoa Beans", "v": 0.0048514476097714296}]}, {"source": 0, "prod": 7.0, "target": 14, "value": 0.023707645320019753, "supply": [{"l": "Sorghum", "v": 0.023707645320019753}]}, {"source": 5, "prod": 6.0, "target": 14, "value": 0.039362558489584115, "supply": [{"l": "Cottonseed", "v": 0.019681279244792058}, {"l": "Palm kernels", "v": 0.019681279244792058}]}, {"source": 15, "prod": 24.0, "target": 0, "value": 0.083332302579112852, "supply": [{"l": "Maize", "v": 0.05590326539321841}, {"l": "Barley", "v": 0.0068214108616608086}, {"l": "Millet", "v": 0.020607626324233633}]}, {"source": 1, "prod": 60.0, "target": 8, "value": 0.048105103335398552, "supply": [{"l": "Demersal Fish", "v": 0.00093738538201419545}, {"l": "Freshwater Fish", "v": 0.0026325684704186047}, {"l": "Pelagic Fish", "v": 0.012065938822751938}, {"l": "Marine Fish, Other", "v": 0.0093775515928520726}, {"l": "Fish, Seafood", "v": 0.023091659067361742}]}, {"source": 1, "prod": 30.0, "target": 4, "value": 0.047211459833018485, "supply": [{"l": "Poultry Meat", "v": 0.007318994238879311}, {"l": "Pigmeat", "v": 0.011370580335401788}, {"l": "Bovine Meat", "v": 0.0085434297530566049}, {"l": "Eggs", "v": 0.0018866740704666664}, {"l": "Milk - Excluding Butter", "v": 0.0080747599483288052}, {"l": "Offals, Edible", "v": 0.0016647124151176471}, {"l": "Meat, Other", "v": 0.0046204262950204087}, {"l": "Mutton & Goat Meat", "v": 0.0037318827767472531}]}, {"source": 10, "prod": 70.0, "target": 2, "value": 0.050766955994261773, "supply": [{"l": "Beer", "v": 0.019709005914696431}, {"l": "Beverages, Alcoholic", "v": 0.020467044603723217}, {"l": "Beverages, Fermented", "v": 0.0082541990582916652}, {"l": "Wine", "v": 0.0023367064175504586}]}, {"source": 10, "prod": 10.0, "target": 9, "value": 0.10306079529480332, "supply": [{"l": "Palm Oil", "v": 0.072248518816105889}, {"l": "Coconut Oil", "v": 0.0099351453710744692}, {"l": "Groundnut Oil", "v": 0.020877131107622952}]}, {"source": 10, "prod": 19.0, "target": 7, "value": 0.079503097705129283, "supply": [{"l": "Sugar", "v": 0.079503097705129283}]}, {"source": 6, "prod": 1074.0, "target": 16, "value": 3.698879768052473, "supply": [{"l": "Roots, Other", "v": 0.034866666599999999}, {"l": "Yams", "v": 0.84377333171999991}, {"l": "Tomatoes", "v": 0.01220333331}, {"l": "Vegetables, Other", "v": 0.22140333291000003}, {"l": "Potatoes", "v": 0.00087166666500000005}, {"l": "Beans", "v": 0.052299999900000005}, {"l": "Pulses, Other", "v": 0.02266333329}, {"l": "Sweet potatoes", "v": 0.0034866666600000002}, {"l": "Cassava", "v": 0.71127999863999991}]}, {"source": 0, "prod": 656.0, "target": 16, "value": 2.3326210075860483, "supply": [{"l": "Maize", "v": 1.0285666647}, {"l": "Barley", "v": 0.02440666662}, {"l": "Rice", "v": 0.14295333306000002}, {"l": "Cereals, Other", "v": 0.038353333259999997}, {"l": "Wheat", "v": 0.069733333199999997}, {"l": "Sorghum", "v": 0.6624666654000001}, {"l": "Millet", "v": 0.32077333272000003}]}, {"source": 5, "prod": 67.0, "target": 16, "value": 0.19023766763762939, "supply": [{"l": "Coconuts - Incl Copra", "v": 0.050556666569999999}, {"l": "Sesame seed", "v": 0.0052299999900000012}, {"l": "Oilcrops, Other", "v": 0.03137999994}, {"l": "Cottonseed", "v": 0.041839999920000003}, {"l": "Groundnuts", "v": 0.059273333220000016}, {"l": "Palm kernels", "v": 0.045326666580000001}]}, {"source": 17, "prod": 0, "target": 6, "value": 0.00066839998476794955, "supply": "[{\"l\":'Energy for power irrigation',\"v\":0.00066839998476794955}]"}, {"source": 17, "prod": 0, "target": 0, "value": 0.00020412960428667359, "supply": "[{\"l\":'Energy for power irrigation',\"v\":0.00020412960428667359}]"}, {"source": 17, "prod": 0, "target": 5, "value": 6.2881387547180121e-05, "supply": "[{\"l\":'Energy for power irrigation',\"v\":6.2881387547180121e-05}]"}, {"source": 17, "prod": 0, "target": 10, "value": 0.0014535000000000001, "supply": "[{\"l\":'Electricity',\"v\":0.0014535000000000001}]"}, {"source": 18, "prod": 0, "target": 17, "value": 0.0016024686633551847, "supply": [{"l": "Coal", "v": 0.0}, {"l": "Natural gas", "v": 0.0}, {"l": "Oil", "v": 0.0016024686633551847}]}, {"source": 19, "prod": 0, "target": 17, "value": 0.0017799728845268332, "supply": [{"l": "Nuclear", "v": 0.0}, {"l": "Hydroelectric", "v": 0.0017799728845268332}, {"l": "Renewable", "v": 0.0}]}, {"source": 18, "prod": 0, "target": 6, "value": 0.062713488374060822, "supply": [{"l": "Other fossil fuels", "v": 0.062713488374060822}]}, {"source": 18, "prod": 0, "target": 0, "value": 0.019152722706417082, "supply": [{"l": "Other fossil fuels", "v": 0.019152722706417082}]}, {"source": 18, "prod": 0, "target": 5, "value": 0.0058999270747350082, "supply": [{"l": "Other fossil fuels", "v": 0.0058999270747350082}]}, {"source": 20, "prod": 1.8957070249820627, "target": 6, "value": 0.016076140629259061, "supply": [{"l": "Potash", "v": 0.00201521666827884}, {"l": "Phosphate", "v": 0.0040989166699457995}, {"l": "Nitrogen", "v": 0.016384069457551699}]}, {"source": 20, "prod": 0.57894963146565781, "target": 0, "value": 0.0049096593355651506, "supply": [{"l": "Potash", "v": 0.00201521666827884}, {"l": "Phosphate", "v": 0.0040989166699457995}, {"l": "Nitrogen", "v": 0.016384069457551699}]}, {"source": 20, "prod": 0.17834334355227968, "target": 5, "value": 0.0015124028309521293, "supply": [{"l": "Potash", "v": 0.00201521666827884}, {"l": "Phosphate", "v": 0.0040989166699457995}, {"l": "Nitrogen", "v": 0.016384069457551699}]}, {"source": 18, "prod": 0, "target": 20, "value": 0.028414277717914993, "supply": [{"l": "Natural gas (including LNG)", "v": 0.018839568820914761}, {"l": "Fuel oil", "v": 0.0066784775002623397}, {"l": "Liquefied petroleum gas (LPG)", "v": 0.0014481156983689445}, {"l": "Coal", "v": 0.0014481156983689445}]}, {"source": 21, "prod": 0, "target": 0, "value": 0.087123953516346081, "supply": "[{\"l\":'Labor',\"v\":0.087123953516346081}]"}, {"source": 21, "prod": 0, "target": 5, "value": 0.026838219301155628, "supply": "[{\"l\":'Labor',\"v\":0.026838219301155628}]"}, {"source": 21, "prod": 0, "target": 6, "value": 0.28527782340413321, "supply": "[{\"l\":'Labor',\"v\":0.28527782340413321}]"}, {"source": 18, "prod": 0, "target": 12, "value": 0.1115882885681615, "supply": "[{\"l\":'Fossil Fuels',\"v\":0.1115882885681615}]"}, {"source": 19, "prod": 0, "target": 12, "value": 0.66762822933305654, "supply": "[{\"l\":'Renewables & Nuclear',\"v\":0.0029065055117341826},{\"l\":'Biomass & Waste',\"v\":0.66472172382132233}]"}]}