{"nodes": [{"layer": 13, "name": "Other Processed", "fill": "#9c9ede"}, {"layer": 16, "name": "Food", "fill": "#b5cf6b"}, {"layer": 13, "name": "Animal Products", "fill": "#17becf"}, {"layer": 5, "name": "Cereals", "fill": "#e7ba52"}, {"layer": 5, "name": "Oilcrops", "fill": "#ff9896"}, {"layer": 13, "name": "Sugar", "fill": "#d6616b"}, {"layer": 5, "name": "Starchy Roots"}, {"layer": 5, "name": "Fruits & Vegetables"}, {"layer": 5, "name": "Others"}, {"layer": 13, "name": "Aquatic Products", "fill": "#1f77b4"}, {"layer": 13, "name": "Vegetable Oils", "fill": "#f7b6d2"}, {"layer": 10, "name": "Processing", "fill": "#9edae5"}, {"name": "Waste", "fill": "#c7c7c7"}, {"layer": 2, "name": "Import", "fill": "#aec7e8"}, {"layer": 10, "name": "Feed", "fill": "#dbdb8d"}, {"layer": 16, "name": "Export", "fill": "#aec7e8"}, {"layer": 0, "name": "Stock Draw", "fill": "#c7c7c7"}, {"layer": 16, "name": "Stock Deposit", "fill": "#c7c7c7"}, {"layer": 2, "name": "Electricity", "fill": "#bcbd22"}, {"layer": 0, "name": "Fossil Fuels", "fill": "#c49c94"}, {"layer": 0, "name": "Renewables & Nuclear", "fill": "#2ca02c"}, {"layer": 2, "name": "Fertilizers", "fill": "#c5b0d5"}, {"layer": 0, "name": "Labor", "fill": "#7f7f7f"}], "links": [{"source": 0, "prod": 97.0, "target": 1, "value": 0.056452744207031599, "supply": [{"l": "Beer", "v": 0.011871656756961864}, {"l": "Beverages, Alcoholic", "v": 0.010532748100161655}, {"l": "Fats, Animals, Raw", "v": 0.0084900333171}, {"l": "Wine", "v": 0.0020055196812047245}, {"l": "Beverages, Fermented", "v": 0.02355278635160336}]}, {"source": 2, "prod": 36.0, "target": 1, "value": 0.055029205940541989, "supply": [{"l": "Eggs", "v": 0.0016018930786981134}, {"l": "Mutton & Goat Meat", "v": 0.0059695546760859374}, {"l": "Pigmeat", "v": 0.014249006965762236}, {"l": "Milk - Excluding Butter", "v": 0.010688890866852518}, {"l": "Meat, Other", "v": 0.0053396435956603767}, {"l": "Bovine Meat", "v": 0.0090426390359644952}, {"l": "Poultry Meat", "v": 0.0054423290494230768}, {"l": "Offals, Edible", "v": 0.0026952486720952383}]}, {"source": 3, "prod": 232.0, "target": 1, "value": 0.80772481655904382, "supply": [{"l": "Maize", "v": 0.30744914895650771}, {"l": "Rice", "v": 0.085321674774826287}, {"l": "Wheat", "v": 0.088957788227864737}, {"l": "Cereals, Other", "v": 0.011026017294935067}, {"l": "Millet", "v": 0.31497018730491}]}, {"source": 4, "prod": 11.0, "target": 1, "value": 0.054737477281565181, "supply": [{"l": "Coconuts - Incl Copra", "v": 0.0032105168005840336}, {"l": "Sesame seed", "v": 0.0067920266536800004}, {"l": "Oilcrops, Other", "v": 0.0067026578819210534}, {"l": "Groundnuts", "v": 0.038032275945380091}]}, {"source": 5, "prod": 16.0, "target": 1, "value": 0.066717170028096615, "supply": [{"l": "Sugar", "v": 0.066717170028096615}]}, {"source": 6, "prod": 559.0, "target": 1, "value": 0.67859604184753308, "supply": [{"l": "Yams", "v": 0.33405024314368675}, {"l": "Roots, Other", "v": 0.014495178834073171}, {"l": "Sweet potatoes", "v": 0.00265313541159375}, {"l": "Cassava", "v": 0.3273974844581794}]}, {"source": 7, "prod": 101.0, "target": 1, "value": 0.07669997133314016, "supply": [{"l": "Vegetables, Other", "v": 0.013842008886611214}, {"l": "Fruits, Other", "v": 0.0076192606691923067}, {"l": "Tomatoes", "v": 0.0011901915865093456}, {"l": "Beans", "v": 0.027289392804964289}, {"l": "Pulses, Other", "v": 0.015975869145080649}, {"l": "Bananas", "v": 0.0076192606691923067}, {"l": "Oranges, Mandarines", "v": 0.0031639875715900622}]}, {"source": 8, "prod": 2.0, "target": 1, "value": 0.0079594062347812505, "supply": [{"l": "Pimento", "v": 0.0079594062347812505}]}, {"source": 9, "prod": 48.0, "target": 1, "value": 0.034038333009524642, "supply": [{"l": "Marine Fish, Other", "v": 0.0077349544320650769}, {"l": "Freshwater Fish", "v": 0.0034890547878493154}, {"l": "Fish, Seafood", "v": 0.01710478905438825}, {"l": "Pelagic Fish", "v": 0.0046393624683606551}, {"l": "Demersal Fish", "v": 0.0010701722668613445}]}, {"source": 10, "prod": 9.0, "target": 1, "value": 0.092509283377999033, "supply": [{"l": "Groundnut Oil", "v": 0.010612541646375}, {"l": "Palm Oil", "v": 0.07190846724091815}, {"l": "Coconut Oil", "v": 0.0099882744907058823}]}, {"source": 3, "prod": 21.0, "target": 11, "value": 0.072737863587634788, "supply": [{"l": "Rice", "v": 0.004266083738741315}, {"l": "Barley", "v": 0.013694355969778695}, {"l": "Millet", "v": 0.05477742387911478}]}, {"source": 4, "prod": 46.879003558718864, "target": 11, "value": 0.1735347951231398, "supply": [{"l": "Coconuts - Incl Copra", "v": 0.010701722668613444}, {"l": "Groundnuts", "v": 0.019016137972690045}, {"l": "Oil Palm", "v": 0.1438169344818363}]}, {"source": 6, "prod": 49.0, "target": 6, "value": 0.05703296834160506, "supply": [{"l": "Yams", "v": 0.05703296834160506}]}, {"source": 7, "prod": 2.0, "target": 7, "value": 0.0070936585154395991, "supply": [{"l": "Beans", "v": 0.0038984846864234695}, {"l": "Pulses, Other", "v": 0.0031951738290161296}]}, {"source": 3, "prod": 7.0, "target": 3, "value": 0.025231874936928699, "supply": [{"l": "Maize", "v": 0.013974961316204895}, {"l": "Rice", "v": 0.004266083738741315}, {"l": "Sorghum", "v": 0.0035672408895378155}, {"l": "Millet", "v": 0.0034235889924446737}]}, {"source": 4, "prod": 2.0, "target": 4, "value": 0.01285939792730555, "supply": [{"l": "Groundnuts", "v": 0.0063387126575633491}, {"l": "Cottonseed", "v": 0.0065206852697422017}]}, {"source": 6, "prod": 110.0, "target": 12, "value": 0.13316548772187736, "supply": [{"l": "Roots, Other", "v": 0.0031061097501585365}, {"l": "Yams", "v": 0.068672349635810176}, {"l": "Cassava", "v": 0.061387028335908631}]}, {"source": 7, "prod": 14.0, "target": 12, "value": 0.012222622828235951, "supply": [{"l": "Vegetables, Other", "v": 0.0015670198739559866}, {"l": "Bananas", "v": 0.0020779801825069931}, {"l": "Fruits, Other", "v": 0.0010884658098846154}, {"l": "Beans", "v": 0.0038984846864234695}, {"l": "Pulses, Other", "v": 0.0031951738290161296}, {"l": "Oranges, Mandarines", "v": 0.00039549844644875778}]}, {"source": 3, "prod": 35.0, "target": 12, "value": 0.12129782909132963, "supply": [{"l": "Maize", "v": 0.076862287239126928}, {"l": "Wheat", "v": 0.0031770638652808838}, {"l": "Cereals, Other", "v": 0.0027565043237337667}, {"l": "Millet", "v": 0.03423588992444674}, {"l": "Rice", "v": 0.004266083738741315}]}, {"source": 4, "prod": 2.0, "target": 12, "value": 0.007408884924424694, "supply": [{"l": "Coconuts - Incl Copra", "v": 0.0010701722668613445}, {"l": "Groundnuts", "v": 0.0063387126575633491}]}, {"source": 13, "prod": 22.0, "target": 11, "value": 0.079255437809462995, "supply": [{"l": "Sugar", "v": 0.066717170028096615}, {"l": "Beverages, Alcoholic", "v": 0.010532748100161655}, {"l": "Wine", "v": 0.0020055196812047245}]}, {"source": 13, "prod": 59.0, "target": 3, "value": 0.20678042150471387, "supply": [{"l": "Maize", "v": 0.041924883948614683}, {"l": "Wheat", "v": 0.092134852093145619}, {"l": "Barley", "v": 0.013694355969778695}, {"l": "Rice", "v": 0.055459088603637088}, {"l": "Sorghum", "v": 0.0035672408895378155}]}, {"source": 13, "prod": 34.0, "target": 14, "value": 0.025399744079838887, "supply": [{"l": "Pelagic Fish", "v": 0.00092787249367213111}, {"l": "Milk - Excluding Butter", "v": 0.0061079376382014387}, {"l": "Poultry Meat", "v": 0.0027211645247115384}, {"l": "Fish, Seafood", "v": 0.0085523945271941248}, {"l": "Marine Fish, Other", "v": 0.0070903748960596535}]}, {"source": 13, "prod": 2.0, "target": 7, "value": 0.0005223399579853289, "supply": [{"l": "Vegetables, Other", "v": 0.0005223399579853289}]}, {"source": 6, "prod": 17.0, "target": 15, "value": 0.021741239202300977, "supply": [{"l": "Cassava", "v": 0.021741239202300977}]}, {"source": 3, "prod": 3.0, "target": 15, "value": 0.010199651927755966, "supply": [{"l": "Cereals, Other", "v": 0.0027565043237337667}, {"l": "Wheat", "v": 0.0031770638652808838}, {"l": "Rice", "v": 0.004266083738741315}]}, {"source": 4, "prod": 14.0, "target": 15, "value": 0.092381429449463925, "supply": [{"l": "Cottonseed", "v": 0.026082741078968807}, {"l": "Palm kernels", "v": 0.026082741078968807}, {"l": "Oilcrops, Other", "v": 0.040215947291526319}]}, {"source": 8, "prod": 26.0, "target": 15, "value": 0.05251410982234761, "supply": [{"l": "Coffee", "v": 0.0025727373688181816}, {"l": "Cocoa Beans", "v": 0.049941372453529427}]}, {"source": 16, "prod": 3.0, "target": 4, "value": 0.019562055809226604, "supply": [{"l": "Palm kernels", "v": 0.019562055809226604}]}, {"source": 8, "prod": 5.0, "target": 17, "value": 0.0021439478073484847, "supply": [{"l": "Coffee", "v": 0.0021439478073484847}]}, {"source": 16, "prod": 2.0, "target": 6, "value": 0.0025577928473295266, "supply": [{"l": "Cassava", "v": 0.0025577928473295266}]}, {"source": 3, "prod": 22.0, "target": 17, "value": 0.076862287239126928, "supply": [{"l": "Maize", "v": 0.076862287239126928}]}, {"source": 16, "prod": 3.0, "target": 8, "value": 0.0074912058680294122, "supply": [{"l": "Cocoa Beans", "v": 0.0074912058680294122}]}, {"source": 16, "prod": 6.0, "target": 3, "value": 0.020541533954668047, "supply": [{"l": "Millet", "v": 0.020541533954668047}]}, {"source": 14, "prod": 48.0, "target": 9, "value": 0.034038333009524642, "supply": [{"l": "Demersal Fish", "v": 0.0010701722668613445}, {"l": "Freshwater Fish", "v": 0.0034890547878493154}, {"l": "Pelagic Fish", "v": 0.0046393624683606551}, {"l": "Marine Fish, Other", "v": 0.0077349544320650769}, {"l": "Fish, Seafood", "v": 0.01710478905438825}]}, {"source": 14, "prod": 36.0, "target": 2, "value": 0.055029205940541989, "supply": [{"l": "Poultry Meat", "v": 0.0054423290494230768}, {"l": "Pigmeat", "v": 0.014249006965762236}, {"l": "Bovine Meat", "v": 0.0090426390359644952}, {"l": "Eggs", "v": 0.0016018930786981134}, {"l": "Milk - Excluding Butter", "v": 0.010688890866852518}, {"l": "Offals, Edible", "v": 0.0026952486720952383}, {"l": "Meat, Other", "v": 0.0053396435956603767}, {"l": "Mutton & Goat Meat", "v": 0.0059695546760859374}]}, {"source": 11, "prod": 97.0, "target": 0, "value": 0.056452744207031599, "supply": [{"l": "Fats, Animals, Raw", "v": 0.0084900333171}, {"l": "Beer", "v": 0.011871656756961864}, {"l": "Beverages, Alcoholic", "v": 0.010532748100161655}, {"l": "Beverages, Fermented", "v": 0.02355278635160336}, {"l": "Wine", "v": 0.0020055196812047245}]}, {"source": 11, "prod": 9.0, "target": 10, "value": 0.092509283377999033, "supply": [{"l": "Palm Oil", "v": 0.07190846724091815}, {"l": "Coconut Oil", "v": 0.0099882744907058823}, {"l": "Groundnut Oil", "v": 0.010612541646375}]}, {"source": 11, "prod": 16.0, "target": 5, "value": 0.066717170028096615, "supply": [{"l": "Sugar", "v": 0.066717170028096615}]}, {"source": 18, "prod": 0, "target": 6, "value": 0.000378423076684304, "supply": "[{\"l\":'Energy for power irrigation',\"v\":0.000378423076684304}]"}, {"source": 18, "prod": 0, "target": 7, "value": 5.9330134722147178e-05, "supply": "[{\"l\":'Energy for power irrigation',\"v\":5.9330134722147178e-05}]"}, {"source": 18, "prod": 0, "target": 3, "value": 0.00014780942259039277, "supply": "[{\"l\":'Energy for power irrigation',\"v\":0.00014780942259039277}]"}, {"source": 18, "prod": 0, "target": 4, "value": 3.8373185231633519e-05, "supply": "[{\"l\":'Energy for power irrigation',\"v\":3.8373185231633519e-05}]"}, {"source": 18, "prod": 0, "target": 8, "value": 1.5993340664230977e-05, "supply": "[{\"l\":'Energy for power irrigation',\"v\":1.5993340664230977e-05}]"}, {"source": 18, "prod": 0, "target": 11, "value": 0.0021093000000000002, "supply": "[{\"l\":'Electricity',\"v\":0.0021093000000000002}]"}, {"source": 19, "prod": 0, "target": 18, "value": 0.001947834425025197, "supply": [{"l": "Coal", "v": 0.0}, {"l": "Natural gas", "v": 0.0}, {"l": "Oil", "v": 0.001947834425025197}]}, {"source": 20, "prod": 0, "target": 18, "value": 0.0020090520783831341, "supply": [{"l": "Nuclear", "v": 0.0}, {"l": "Hydroelectric", "v": 0.0020090520783831341}, {"l": "Renewable", "v": 0.0}]}, {"source": 19, "prod": 0, "target": 6, "value": 0.04488263090283616, "supply": [{"l": "Other fossil fuels", "v": 0.04488263090283616}]}, {"source": 19, "prod": 0, "target": 7, "value": 0.0070368132976498408, "supply": [{"l": "Other fossil fuels", "v": 0.0070368132976498408}]}, {"source": 19, "prod": 0, "target": 3, "value": 0.017530843563275472, "supply": [{"l": "Other fossil fuels", "v": 0.017530843563275472}]}, {"source": 19, "prod": 0, "target": 4, "value": 0.0045512274896342408, "supply": [{"l": "Other fossil fuels", "v": 0.0045512274896342408}]}, {"source": 19, "prod": 0, "target": 8, "value": 0.0018968801063230004, "supply": [{"l": "Other fossil fuels", "v": 0.0018968801063230004}]}, {"source": 21, "prod": 0.54108663406460822, "target": 6, "value": 0.0050060353123137615, "supply": [{"l": "Potash", "v": 0.00052046944486082002}, {"l": "Phosphate", "v": 0.0015234166678853999}, {"l": "Nitrogen", "v": 0.0064215277829149982}]}, {"source": 21, "prod": 0.084832941946053092, "target": 7, "value": 0.00078485897875403207, "supply": [{"l": "Potash", "v": 0.00052046944486082002}, {"l": "Phosphate", "v": 0.0015234166678853999}, {"l": "Nitrogen", "v": 0.0064215277829149982}]}, {"source": 21, "prod": 0.21134467710908011, "target": 3, "value": 0.0019553225862002626, "supply": [{"l": "Potash", "v": 0.00052046944486082002}, {"l": "Phosphate", "v": 0.0015234166678853999}, {"l": "Nitrogen", "v": 0.0064215277829149982}]}, {"source": 21, "prod": 0.054867736442626727, "target": 4, "value": 0.00050762633716381397, "supply": [{"l": "Potash", "v": 0.00052046944486082002}, {"l": "Phosphate", "v": 0.0015234166678853999}, {"l": "Nitrogen", "v": 0.0064215277829149982}]}, {"source": 21, "prod": 0.022868010437631703, "target": 8, "value": 0.00021157068122934776, "supply": [{"l": "Potash", "v": 0.00052046944486082002}, {"l": "Phosphate", "v": 0.0015234166678853999}, {"l": "Nitrogen", "v": 0.0064215277829149982}]}, {"source": 19, "prod": 0, "target": 21, "value": 0.010444192559857556, "supply": [{"l": "Natural gas (including LNG)", "v": 0.0070142622219949149}, {"l": "Fuel oil", "v": 0.0022947892529149813}, {"l": "Liquefied petroleum gas (LPG)", "v": 0.00056757054247383038}, {"l": "Coal", "v": 0.00056757054247383038}]}, {"source": 22, "prod": 0, "target": 3, "value": 0.073984857157700132, "supply": "[{\"l\":'Labor',\"v\":0.073984857157700132}]"}, {"source": 22, "prod": 0, "target": 4, "value": 0.019207399489786683, "supply": "[{\"l\":'Labor',\"v\":0.019207399489786683}]"}, {"source": 22, "prod": 0, "target": 6, "value": 0.18941672853463543, "supply": "[{\"l\":'Labor',\"v\":0.18941672853463543}]"}, {"source": 22, "prod": 0, "target": 7, "value": 0.02969723760256724, "supply": "[{\"l\":'Labor',\"v\":0.02969723760256724}]"}, {"source": 22, "prod": 0, "target": 8, "value": 0.008005342310257256, "supply": "[{\"l\":'Labor',\"v\":0.008005342310257256}]"}, {"source": 19, "prod": 0, "target": 13, "value": 0.08423700136151803, "supply": "[{\"l\":'Fossil Fuels',\"v\":0.08423700136151803}]"}, {"source": 20, "prod": 0, "target": 13, "value": 0.52499048462539966, "supply": "[{\"l\":'Renewables & Nuclear',\"v\":0.0097254628635326974},{\"l\":'Biomass & Waste',\"v\":0.51526502176186695}]"}]}