{"nodes": [{"layer": 3, "name": "Oilcrops", "fill": "#ff9896"}, {"layer": 5, "name": "Production", "fill": "#b5cf6b"}, {"layer": 3, "name": "Treenuts"}, {"layer": 3, "name": "Pulses"}, {"layer": 3, "name": "Vegetables"}, {"layer": 3, "name": "Sugar Crops", "fill": "#ffbb78"}, {"layer": 3, "name": "Starchy Roots"}, {"layer": 3, "name": "Others"}, {"layer": 3, "name": "Cereals - Excluding Beer"}, {"layer": 3, "name": "Spices"}, {"layer": 3, "name": "Fruits - Excluding Wine"}, {"layer": 1, "name": "Electricity", "fill": "#bcbd22"}, {"layer": 0, "name": "Fossil Fuels", "fill": "#c49c94"}, {"layer": 0, "name": "Renewables & Nuclear", "fill": "#2ca02c"}, {"layer": 1, "name": "Fertilizers", "fill": "#c5b0d5"}, {"layer": 0, "name": "Labor", "fill": "#7f7f7f"}], "links": [{"source": 0, "prod": 1583.0, "target": 1, "value": 2.4886636058146867, "supply": [{"l": "Olives", "v": 1.2836530171864495}, {"l": "Sunflower seed", "v": 0.0039098837644539475}, {"l": "Sesame seed", "v": 0.0069104922348488373}, {"l": "Groundnuts", "v": 0.053621263055368427}, {"l": "Oilcrops, Other", "v": 0.011729651293361842}, {"l": "Cottonseed", "v": 1.0439389651092039}, {"l": "Oil Palm", "v": 0.084900333171000014}]}, {"source": 2, "prod": 87.0, "target": 1, "value": 0.20098854383338774, "supply": [{"l": "Treenuts", "v": 0.20098854383338774}]}, {"source": 3, "prod": 89.0, "target": 1, "value": 0.35165636867461386, "supply": [{"l": "Peas", "v": 0.0070750277642500003}, {"l": "Beans", "v": 0.1582233481823182}, {"l": "Pulses, Other", "v": 0.18635799272804565}]}, {"source": 4, "prod": 3587.0, "target": 1, "value": 0.83732458136377408, "supply": [{"l": "Tomatoes", "v": 0.34503194297549528}, {"l": "Vegetables, Other", "v": 0.42844124673996448}, {"l": "Onions", "v": 0.063851391648314312}]}, {"source": 5, "prod": 2719.0, "target": 1, "value": 3.1600822161799997, "supply": [{"l": "Sugar beet", "v": 3.1600822161799997}]}, {"source": 6, "prod": 912.0, "target": 1, "value": 0.71227251957385074, "supply": [{"l": "Potatoes", "v": 0.70768331237541826}, {"l": "Sweet potatoes", "v": 0.0045892071984324325}]}, {"source": 7, "prod": 87.0, "target": 1, "value": 0.20030722673564746, "supply": [{"l": "Nuts", "v": 0.20030722673564746}]}, {"source": 8, "prod": 4287.0, "target": 1, "value": 12.862919245551332, "supply": [{"l": "Maize", "v": 1.5858169374440358}, {"l": "Rye", "v": 0.018000070636961133}, {"l": "Barley", "v": 2.5822998926528857}, {"l": "Rice", "v": 0.25799713009493297}, {"l": "Cereals, Other", "v": 0.0035010446668453615}, {"l": "Wheat", "v": 8.2038892241378445}, {"l": "Oats", "v": 0.19624503241165572}, {"l": "Sorghum", "v": 0.0091019481037032286}, {"l": "Millet", "v": 0.0060679654024688194}]}, {"source": 9, "prod": 3.0, "target": 1, "value": 0.01269876778198718, "supply": [{"l": "Pimento", "v": 0.0094333703523333343}, {"l": "Spices, Other", "v": 0.0032653974296538461}]}, {"source": 10, "prod": 3219.0, "target": 1, "value": 2.0749789173368653, "supply": [{"l": "Grapes", "v": 1.2023504326216858}, {"l": "Apples", "v": 0.11139343404722349}, {"l": "Lemons, Limes", "v": 0.029931603046982259}, {"l": "Bananas", "v": 0.0021956982716637933}, {"l": "Citrus, Other", "v": 0.00062174280100933893}, {"l": "Fruits, Other", "v": 0.5117650301679364}, {"l": "Grapefruit", "v": 0.0081355555400000005}, {"l": "Oranges, Mandarines", "v": 0.20858542084036411}]}, {"source": 11, "prod": 0, "target": 0, "value": 0.027530804076261361, "supply": "[{\"l\":'Energy for power irrigation',\"v\":0.027530804076261361}]"}, {"source": 11, "prod": 0, "target": 2, "value": 0.0014723249825044059, "supply": "[{\"l\":'Energy for power irrigation',\"v\":0.0014723249825044059}]"}, {"source": 11, "prod": 0, "target": 4, "value": 0.060022339485619948, "supply": "[{\"l\":'Energy for power irrigation',\"v\":0.060022339485619948}]"}, {"source": 11, "prod": 0, "target": 5, "value": 0.045491495766244089, "supply": "[{\"l\":'Energy for power irrigation',\"v\":0.045491495766244089}]"}, {"source": 11, "prod": 0, "target": 6, "value": 0.015451046833441123, "supply": "[{\"l\":'Energy for power irrigation',\"v\":0.015451046833441123}]"}, {"source": 11, "prod": 0, "target": 3, "value": 0.0015810762596212085, "supply": "[{\"l\":'Energy for power irrigation',\"v\":0.0015810762596212085}]"}, {"source": 11, "prod": 0, "target": 7, "value": 0.0015308833624903765, "supply": "[{\"l\":'Energy for power irrigation',\"v\":0.0015308833624903765}]"}, {"source": 11, "prod": 0, "target": 8, "value": 0.081429610111919806, "supply": "[{\"l\":'Energy for power irrigation',\"v\":0.081429610111919806}]"}, {"source": 11, "prod": 0, "target": 9, "value": 5.8558379985970685e-05, "supply": "[{\"l\":'Energy for power irrigation',\"v\":5.8558379985970685e-05}]"}, {"source": 11, "prod": 0, "target": 10, "value": 0.054852471081144251, "supply": "[{\"l\":'Energy for power irrigation',\"v\":0.054852471081144251}]"}, {"source": 12, "prod": 0, "target": 11, "value": 0.64449922789251368, "supply": [{"l": "Coal", "v": 0.35933956824505253}, {"l": "Natural gas", "v": 0.0}, {"l": "Oil", "v": 0.28515965964746109}]}, {"source": 13, "prod": 0, "target": 11, "value": 0.041109914163295028, "supply": [{"l": "Nuclear", "v": 0.0}, {"l": "Hydroelectric", "v": 0.041109914163295028}, {"l": "Renewable", "v": 0.0}]}, {"source": 12, "prod": 0, "target": 0, "value": 1.0782418125912294, "supply": [{"l": "Motor Gasoline", "v": 0.060828259243732884}, {"l": "Gas-Diesel oil", "v": 0.67331992640039284}, {"l": "Fuel oil", "v": 0.0042671673440646098}, {"l": "Other fossil fuels", "v": 0.3398264596030392}]}, {"source": 12, "prod": 0, "target": 2, "value": 0.057663494079628203, "supply": [{"l": "Motor Gasoline", "v": 0.0032530457693397108}, {"l": "Gas-Diesel oil", "v": 0.036008601351099713}, {"l": "Fuel oil", "v": 0.00022820463462636627}, {"l": "Other fossil fuels", "v": 0.018173642324562415}]}, {"source": 12, "prod": 0, "target": 4, "value": 2.3507702842121154, "supply": [{"l": "Motor Gasoline", "v": 0.13261706474438878}, {"l": "Gas-Diesel oil", "v": 1.4679642880348887}, {"l": "Fuel oil", "v": 0.0093032287127510094}, {"l": "Other fossil fuels", "v": 0.74088570272008702}]}, {"source": 12, "prod": 0, "target": 5, "value": 1.7816709136648758, "supply": [{"l": "Motor Gasoline", "v": 0.10051172098675766}, {"l": "Gas-Diesel oil", "v": 1.1125839440186376}, {"l": "Fuel oil", "v": 0.0070510045630578387}, {"l": "Other fossil fuels", "v": 0.56152424409642276}]}, {"source": 12, "prod": 0, "target": 6, "value": 0.60513905434700732, "supply": [{"l": "Motor Gasoline", "v": 0.03413849736346844}, {"l": "Gas-Diesel oil", "v": 0.37788571986068842}, {"l": "Fuel oil", "v": 0.0023948520463346504}, {"l": "Other fossil fuels", "v": 0.1907199850765158}]}, {"source": 12, "prod": 0, "target": 3, "value": 0.061922729437782556, "supply": [{"l": "Motor Gasoline", "v": 0.0034933275591204848}, {"l": "Gas-Diesel oil", "v": 0.038668327587260486}, {"l": "Fuel oil", "v": 0.00024506065877490465}, {"l": "Other fossil fuels", "v": 0.019516013632626682}]}, {"source": 12, "prod": 0, "target": 7, "value": 0.059956928503249782, "supply": [{"l": "Motor Gasoline", "v": 0.0033824282715293583}, {"l": "Gas-Diesel oil", "v": 0.037440761632109361}, {"l": "Fuel oil", "v": 0.0002372809553217331}, {"l": "Other fossil fuels", "v": 0.018896457644289329}]}, {"source": 12, "prod": 0, "target": 8, "value": 3.1891843827903461, "supply": [{"l": "Motor Gasoline", "v": 0.17991561090200422}, {"l": "Gas-Diesel oil", "v": 1.9915211679068441}, {"l": "Fuel oil", "v": 0.012621272235528688}, {"l": "Other fossil fuels", "v": 1.0051263317459689}]}, {"source": 12, "prod": 0, "target": 9, "value": 0.0022934344236215762, "supply": [{"l": "Motor Gasoline", "v": 0.00012938250218964758}, {"l": "Gas-Diesel oil", "v": 0.0014321602810096474}, {"l": "Fuel oil", "v": 9.076320695366839e-06}, {"l": "Other fossil fuels", "v": 0.00072281531972691413}]}, {"source": 12, "prod": 0, "target": 10, "value": 2.1482927879552389, "supply": [{"l": "Motor Gasoline", "v": 0.12119443812250275}, {"l": "Gas-Diesel oil", "v": 1.3415249946543226}, {"l": "Fuel oil", "v": 0.0085019192570743377}, {"l": "Other fossil fuels", "v": 0.67707143592133945}]}, {"source": 14, "prod": 55.084799826689775, "target": 0, "value": 0.68375114636107748, "supply": [{"l": "Potash", "v": 0.10914475008731579}, {"l": "Phosphate", "v": 0.82357083399218989}, {"l": "Nitrogen", "v": 6.2600722272302791}]}, {"source": 14, "prod": 2.9458902368573083, "target": 2, "value": 0.036566454500015083, "supply": [{"l": "Potash", "v": 0.10914475008731579}, {"l": "Phosphate", "v": 0.82357083399218989}, {"l": "Nitrogen", "v": 6.2600722272302791}]}, {"source": 14, "prod": 120.09524119006355, "target": 4, "value": 1.490706312713683, "supply": [{"l": "Potash", "v": 0.10914475008731579}, {"l": "Phosphate", "v": 0.82357083399218989}, {"l": "Nitrogen", "v": 6.2600722272302791}]}, {"source": 14, "prod": 91.021313113807054, "target": 5, "value": 1.1298203384720569, "supply": [{"l": "Potash", "v": 0.10914475008731579}, {"l": "Phosphate", "v": 0.82357083399218989}, {"l": "Nitrogen", "v": 6.2600722272302791}]}, {"source": 14, "prod": 30.915109474292318, "target": 6, "value": 0.38374000830413557, "supply": [{"l": "Potash", "v": 0.10914475008731579}, {"l": "Phosphate", "v": 0.82357083399218989}, {"l": "Nitrogen", "v": 6.2600722272302791}]}, {"source": 14, "prod": 3.1634844020797228, "target": 3, "value": 0.039267385798311655, "supply": [{"l": "Potash", "v": 0.10914475008731579}, {"l": "Phosphate", "v": 0.82357083399218989}, {"l": "Nitrogen", "v": 6.2600722272302791}]}, {"source": 14, "prod": 3.063056325823224, "target": 7, "value": 0.038020802122174777, "supply": [{"l": "Potash", "v": 0.10914475008731579}, {"l": "Phosphate", "v": 0.82357083399218989}, {"l": "Nitrogen", "v": 6.2600722272302791}]}, {"source": 14, "prod": 162.92781571346043, "target": 8, "value": 2.0223742505860614, "supply": [{"l": "Potash", "v": 0.10914475008731579}, {"l": "Phosphate", "v": 0.82357083399218989}, {"l": "Nitrogen", "v": 6.2600722272302791}]}, {"source": 14, "prod": 0.11716608896591565, "target": 9, "value": 0.0014543476221596907, "supply": [{"l": "Potash", "v": 0.10914475008731579}, {"l": "Phosphate", "v": 0.82357083399218989}, {"l": "Nitrogen", "v": 6.2600722272302791}]}, {"source": 14, "prod": 109.75114933564414, "target": 10, "value": 1.3623081940715844, "supply": [{"l": "Potash", "v": 0.10914475008731579}, {"l": "Phosphate", "v": 0.82357083399218989}, {"l": "Nitrogen", "v": 6.2600722272302791}]}, {"source": 12, "prod": 0, "target": 14, "value": 8.5497178928734296, "supply": [{"l": "Natural gas (including LNG)", "v": 5.8352389298054854}, {"l": "Fuel oil", "v": 1.6078785682561103}, {"l": "Liquefied petroleum gas (LPG)", "v": 0.55330019740591696}, {"l": "Coal", "v": 0.55330019740591696}]}, {"source": 15, "prod": 0, "target": 0, "value": 0.10278475695304132, "supply": "[{\"l\":'Labor',\"v\":0.10278475695304132}]"}, {"source": 15, "prod": 0, "target": 2, "value": 0.0054968450998891753, "supply": "[{\"l\":'Labor',\"v\":0.0054968450998891753}]"}, {"source": 15, "prod": 0, "target": 4, "value": 0.22409013404377742, "supply": "[{\"l\":'Labor',\"v\":0.22409013404377742}]"}, {"source": 15, "prod": 0, "target": 5, "value": 0.16984002075680302, "supply": "[{\"l\":'Labor',\"v\":0.16984002075680302}]"}, {"source": 15, "prod": 0, "target": 6, "value": 0.057685641474405143, "supply": "[{\"l\":'Labor',\"v\":0.057685641474405143}]"}, {"source": 15, "prod": 0, "target": 3, "value": 0.0059028620674946254, "supply": "[{\"l\":'Labor',\"v\":0.0059028620674946254}]"}, {"source": 15, "prod": 0, "target": 7, "value": 0.0057154696209074946, "supply": "[{\"l\":'Labor',\"v\":0.0057154696209074946}]"}, {"source": 15, "prod": 0, "target": 8, "value": 0.3040130125131888, "supply": "[{\"l\":'Labor',\"v\":0.3040130125131888}]"}, {"source": 15, "prod": 0, "target": 9, "value": 0.00021862452101831944, "supply": "[{\"l\":'Labor',\"v\":0.00021862452101831944}]"}, {"source": 15, "prod": 0, "target": 10, "value": 0.20478871204530294, "supply": "[{\"l\":'Labor',\"v\":0.20478871204530294}]"}]}