{"nodes": [{"layer": 5, "name": "Fruits, Roots & Vegetables", "fill": "#98df8a"}, {"layer": 10, "name": "Feed", "fill": "#dbdb8d"}, {"layer": 13, "name": "Aquatic Products", "fill": "#1f77b4"}, {"layer": 13, "name": "Animal Products", "fill": "#17becf"}, {"layer": 5, "name": "Cereals", "fill": "#e7ba52"}, {"layer": 13, "name": "Other Processed", "fill": "#9c9ede"}, {"layer": 16, "name": "Food", "fill": "#b5cf6b"}, {"layer": 5, "name": "Oilcrops", "fill": "#ff9896"}, {"layer": 13, "name": "Sugar", "fill": "#d6616b"}, {"layer": 13, "name": "Vegetable Oils", "fill": "#f7b6d2"}, {"layer": 10, "name": "Processing", "fill": "#9edae5"}, {"layer": 5, "name": "Sugar Crops", "fill": "#ffbb78"}, {"layer": 16, "name": "Biofuels & Other", "fill": "#e7ba52"}, {"name": "Seed", "fill": "#dbdb8d"}, {"name": "Waste", "fill": "#c7c7c7"}, {"layer": 0, "name": "Import", "fill": "#aec7e8"}, {"layer": 16, "name": "Export", "fill": "#aec7e8"}, {"layer": 0, "name": "Stock Draw", "fill": "#c7c7c7"}, {"layer": 16, "name": "Stock Deposit", "fill": "#c7c7c7"}, {"layer": 0, "name": "Production", "fill": "#b5cf6b"}], "links": [{"source": 0, "prod": 0.28883837769170184, "target": 1, "value": 407.0, "supply": [{"l": "Vegetables, Other", "v": 273.0}, {"l": "Potatoes", "v": 78.0}, {"l": "Apples", "v": 8.0}, {"l": "Fruits, Other", "v": 11.0}, {"l": "Peas", "v": 1.0}, {"l": "Beans", "v": 1.0}, {"l": "Pulses, Other", "v": 35.0}]}, {"source": 2, "prod": 0.049643918308147468, "target": 1, "value": 52.0, "supply": [{"l": "Pelagic Fish", "v": 26.0}, {"l": "Fish, Seafood", "v": 26.0}]}, {"source": 3, "prod": 0.076685644071677272, "target": 1, "value": 110.0, "supply": [{"l": "Milk - Excluding Butter", "v": 108.0}, {"l": "Offals, Edible", "v": 2.0}]}, {"source": 4, "prod": 7.666486942469863, "target": 1, "value": 2564.0, "supply": [{"l": "Maize", "v": 1315.0}, {"l": "Wheat", "v": 300.0}, {"l": "Oats", "v": 102.0}, {"l": "Rye", "v": 6.0}, {"l": "Millet", "v": 1.0}, {"l": "Barley", "v": 830.0}, {"l": "Rice", "v": 3.0}, {"l": "Sorghum", "v": 7.0}]}, {"source": 5, "prod": 0.42459289069159839, "target": 6, "value": 391.0, "supply": [{"l": "Beer", "v": 131.0}, {"l": "Beverages, Alcoholic", "v": 20.0}, {"l": "Butter, Ghee", "v": 5.0}, {"l": "Fats, Animals, Raw", "v": 6.0}, {"l": "Wine", "v": 226.0}, {"l": "Cream", "v": 3.0}]}, {"source": 3, "prod": 2.2349769094480347, "target": 6, "value": 2375.0, "supply": [{"l": "Eggs", "v": 94.0}, {"l": "Mutton & Goat Meat", "v": 123.0}, {"l": "Pigmeat", "v": 106.0}, {"l": "Poultry Meat", "v": 111.0}, {"l": "Milk - Excluding Butter", "v": 1741.0}, {"l": "Meat, Other", "v": 11.0}, {"l": "Bovine Meat", "v": 156.0}, {"l": "Offals, Edible", "v": 33.0}]}, {"source": 4, "prod": 4.5267735715726509, "target": 6, "value": 1458.0, "supply": [{"l": "Maize", "v": 14.0}, {"l": "Rice", "v": 42.0}, {"l": "Cereals, Other", "v": 1.0}, {"l": "Wheat", "v": 1401.0}]}, {"source": 7, "prod": 0.13258159259101562, "target": 6, "value": 72.0, "supply": [{"l": "Olives", "v": 59.0}, {"l": "Coconuts - Incl Copra", "v": 3.0}, {"l": "Sesame seed", "v": 6.0}, {"l": "Groundnuts", "v": 4.0}]}, {"source": 0, "prod": 2.3407270171302668, "target": 6, "value": 4351.0, "supply": [{"l": "Infant food", "v": 10.0}, {"l": "Nuts", "v": 82.0}, {"l": "Tomatoes", "v": 1219.0}, {"l": "Pepper", "v": 1.0}, {"l": "Treenuts", "v": 82.0}, {"l": "Vegetables, Other", "v": 1148.0}, {"l": "Peas", "v": 1.0}, {"l": "Grapes", "v": 261.0}, {"l": "Pimento", "v": 1.0}, {"l": "Cocoa Beans", "v": 6.0}, {"l": "Potatoes", "v": 563.0}, {"l": "Coffee", "v": 18.0}, {"l": "Beans", "v": 38.0}, {"l": "Pulses, Other", "v": 25.0}, {"l": "Lemons, Limes", "v": 66.0}, {"l": "Bananas", "v": 1.0}, {"l": "Spices, Other", "v": 1.0}, {"l": "Fruits, Other", "v": 332.0}, {"l": "Sweet potatoes", "v": 2.0}, {"l": "Grapefruit", "v": 2.0}, {"l": "Oranges, Mandarines", "v": 229.0}, {"l": "Onions", "v": 125.0}, {"l": "Apples", "v": 138.0}]}, {"source": 8, "prod": 1.071964900905708, "target": 6, "value": 260.0, "supply": [{"l": "Sugar", "v": 251.0}, {"l": "Honey", "v": 9.0}]}, {"source": 2, "prod": 0.20513511259664285, "target": 6, "value": 264.0, "supply": [{"l": "Crustaceans", "v": 3.0}, {"l": "Marine Fish, Other", "v": 15.0}, {"l": "Demersal Fish", "v": 50.0}, {"l": "Freshwater Fish", "v": 10.0}, {"l": "Pelagic Fish", "v": 43.0}, {"l": "Fish, Seafood", "v": 132.0}, {"l": "Cephalopods", "v": 11.0}]}, {"source": 9, "prod": 2.1734611581726861, "target": 6, "value": 211.0, "supply": [{"l": "Maize Germ Oil", "v": 1.0}, {"l": "Groundnut Oil", "v": 1.0}, {"l": "Soyabean Oil", "v": 4.0}, {"l": "Sunflowerseed Oil", "v": 1.0}, {"l": "Olive Oil", "v": 188.0}, {"l": "Sesameseed Oil", "v": 2.0}, {"l": "Cottonseed Oil", "v": 14.0}]}, {"source": 5, "prod": 0.057621886773097472, "target": 10, "value": 72.0, "supply": [{"l": "Wine", "v": 72.0}]}, {"source": 4, "prod": 0.19205365764013818, "target": 10, "value": 64.0, "supply": [{"l": "Maize", "v": 31.0}, {"l": "Wheat", "v": 1.0}, {"l": "Barley", "v": 32.0}]}, {"source": 7, "prod": 2.5102200718686767, "target": 10, "value": 1542.9006622516556, "supply": [{"l": "Sunflower seed", "v": 3.0}, {"l": "Olives", "v": 1228.0}, {"l": "Soyabeans", "v": 21.0}, {"l": "Sesame seed", "v": 4.0}, {"l": "Cottonseed", "v": 274.0}, {"l": "Groundnuts", "v": 3.0}, {"l": "Palm kernels", "v": 1.0}, {"l": "Oilcrops, Other", "v": 4.0}, {"l": "Oil Palm", "v": 4.9006622516556284}]}, {"source": 0, "prod": 0.55413803885463597, "target": 10, "value": 685.0, "supply": [{"l": "Potatoes", "v": 6.0}, {"l": "Fruits, Other", "v": 1.0}, {"l": "Grapes", "v": 675.0}, {"l": "Apples", "v": 3.0}]}, {"source": 11, "prod": 3.0984844385199999, "target": 10, "value": 2666.0, "supply": [{"l": "Sugar beet", "v": 2666.0}]}, {"source": 8, "prod": 0.0041425981795716613, "target": 10, "value": 1.0, "supply": [{"l": "Sugar", "v": 1.0}]}, {"source": 5, "prod": 0.49785658069266864, "target": 12, "value": 84.0, "supply": [{"l": "Beer", "v": 7.0}, {"l": "Beverages, Alcoholic", "v": 1.0}, {"l": "Wine", "v": 13.0}, {"l": "Alcohol, Non-Food", "v": 8.0}, {"l": "Fats, Animals, Raw", "v": 55.0}]}, {"source": 3, "prod": 0.066290783512468393, "target": 12, "value": 63.0, "supply": [{"l": "Pigmeat", "v": 6.0}, {"l": "Milk - Excluding Butter", "v": 38.0}, {"l": "Bovine Meat", "v": 8.0}, {"l": "Eggs", "v": 1.0}, {"l": "Poultry Meat", "v": 6.0}, {"l": "Mutton & Goat Meat", "v": 4.0}]}, {"source": 4, "prod": 0.095368924827338913, "target": 12, "value": 31.0, "supply": [{"l": "Wheat", "v": 31.0}]}, {"source": 7, "prod": 0.065379666312877158, "target": 12, "value": 17.0, "supply": [{"l": "Cottonseed", "v": 16.0}, {"l": "Oilcrops, Other", "v": 1.0}]}, {"source": 0, "prod": 0.10768966932620948, "target": 12, "value": 213.0, "supply": [{"l": "Oranges, Mandarines", "v": 28.0}, {"l": "Potatoes", "v": 18.0}, {"l": "Fruits, Other", "v": 15.0}, {"l": "Coffee", "v": 1.0}, {"l": "Pulses, Other", "v": 1.0}, {"l": "Lemons, Limes", "v": 11.0}, {"l": "Nuts", "v": 4.0}, {"l": "Treenuts", "v": 4.0}, {"l": "Vegetables, Other", "v": 59.0}, {"l": "Tomatoes", "v": 33.0}, {"l": "Grapes", "v": 27.0}, {"l": "Onions", "v": 1.0}, {"l": "Apples", "v": 11.0}]}, {"source": 8, "prod": 0.12888199103094247, "target": 12, "value": 32.0, "supply": [{"l": "Sugar", "v": 11.0}, {"l": "Sweeteners, Other", "v": 21.0}]}, {"source": 9, "prod": 0.60018012052268532, "target": 12, "value": 58.0, "supply": [{"l": "Olive Oil", "v": 28.0}, {"l": "Cottonseed Oil", "v": 22.0}, {"l": "Oilcrops Oil, Other", "v": 7.0}, {"l": "Palm Oil", "v": 1.0}]}, {"source": 0, "prod": 0.12144451625516486, "target": 13, "value": 109.0, "supply": [{"l": "Potatoes", "v": 98.0}, {"l": "Peas", "v": 1.0}, {"l": "Beans", "v": 5.0}, {"l": "Pulses, Other", "v": 5.0}]}, {"source": 3, "prod": 0.013024020428916587, "target": 3, "value": 8.0, "supply": [{"l": "Eggs", "v": 8.0}]}, {"source": 4, "prod": 0.77448663716383226, "target": 13, "value": 253.0, "supply": [{"l": "Maize", "v": 8.0}, {"l": "Wheat", "v": 180.0}, {"l": "Oats", "v": 8.0}, {"l": "Rye", "v": 1.0}, {"l": "Barley", "v": 54.0}, {"l": "Rice", "v": 2.0}]}, {"source": 7, "prod": 0.069225529037164044, "target": 13, "value": 18.0, "supply": [{"l": "Cottonseed", "v": 18.0}]}, {"source": 0, "prod": 0.35285510924321417, "target": 14, "value": 849.0, "supply": [{"l": "Oranges, Mandarines", "v": 104.0}, {"l": "Potatoes", "v": 100.0}, {"l": "Nuts", "v": 2.0}, {"l": "Beans", "v": 2.0}, {"l": "Apples", "v": 27.0}, {"l": "Lemons, Limes", "v": 17.0}, {"l": "Tomatoes", "v": 167.0}, {"l": "Treenuts", "v": 2.0}, {"l": "Fruits, Other", "v": 79.0}, {"l": "Vegetables, Other", "v": 307.0}, {"l": "Grapes", "v": 32.0}, {"l": "Pulses, Other", "v": 3.0}, {"l": "Onions", "v": 7.0}]}, {"source": 5, "prod": 0.0032012159318387488, "target": 14, "value": 4.0, "supply": [{"l": "Wine", "v": 4.0}]}, {"source": 3, "prod": 0.023075960336871378, "target": 14, "value": 30.0, "supply": [{"l": "Milk - Excluding Butter", "v": 27.0}, {"l": "Offals, Edible", "v": 1.0}, {"l": "Eggs", "v": 2.0}]}, {"source": 4, "prod": 0.42622312161704468, "target": 14, "value": 142.0, "supply": [{"l": "Maize", "v": 87.0}, {"l": "Oats", "v": 3.0}, {"l": "Rice", "v": 2.0}, {"l": "Wheat", "v": 21.0}, {"l": "Barley", "v": 29.0}]}, {"source": 7, "prod": 0.030356062498211392, "target": 14, "value": 13.0, "supply": [{"l": "Olives", "v": 7.0}, {"l": "Cottonseed", "v": 6.0}]}, {"source": 15, "prod": 0.61444155019588809, "target": 10, "value": 116.0, "supply": [{"l": "Sugar", "v": 87.0}, {"l": "Beer", "v": 1.0}, {"l": "Groundnut Oil", "v": 3.0}, {"l": "Oilcrops Oil, Other", "v": 4.0}, {"l": "Wine", "v": 1.0}, {"l": "Sesameseed Oil", "v": 1.0}, {"l": "Fats, Animals, Raw", "v": 1.0}, {"l": "Soyabean Oil", "v": 10.0}, {"l": "Palm Oil", "v": 4.0}, {"l": "Beverages, Alcoholic", "v": 4.0}]}, {"source": 15, "prod": 3.0359394490620106, "target": 4, "value": 1025.0, "supply": [{"l": "Maize", "v": 967.0}, {"l": "Barley", "v": 54.0}, {"l": "Rice", "v": 1.0}, {"l": "Cereals, Other", "v": 1.0}, {"l": "Wheat", "v": 2.0}]}, {"source": 15, "prod": 0.29084967393006478, "target": 7, "value": 67.0, "supply": [{"l": "Soyabeans", "v": 21.0}, {"l": "Oilcrops, Other", "v": 4.0}, {"l": "Coconuts - Incl Copra", "v": 3.0}, {"l": "Sesame seed", "v": 13.0}, {"l": "Cottonseed", "v": 25.0}, {"l": "Palm kernels", "v": 1.0}]}, {"source": 15, "prod": 0.39149140243538816, "target": 1, "value": 464.0, "supply": [{"l": "Pigmeat", "v": 8.0}, {"l": "Milk - Excluding Butter", "v": 267.0}, {"l": "Fish, Seafood", "v": 70.0}, {"l": "Pelagic Fish", "v": 46.0}, {"l": "Bovine Meat", "v": 36.0}, {"l": "Cephalopods", "v": 10.0}, {"l": "Offals, Edible", "v": 1.0}, {"l": "Demersal Fish", "v": 14.0}, {"l": "Mutton & Goat Meat", "v": 12.0}]}, {"source": 15, "prod": 0.11148182873658583, "target": 0, "value": 63.0, "supply": [{"l": "Cocoa Beans", "v": 7.0}, {"l": "Potatoes", "v": 16.0}, {"l": "Pepper", "v": 1.0}, {"l": "Beans", "v": 3.0}, {"l": "Coffee", "v": 20.0}, {"l": "Vegetables, Other", "v": 1.0}, {"l": "Infant food", "v": 10.0}, {"l": "Pulses, Other", "v": 5.0}]}, {"source": 5, "prod": 0.10594882953839538, "target": 16, "value": 113.0, "supply": [{"l": "Beer", "v": 1.0}, {"l": "Wine", "v": 105.0}, {"l": "Beverages, Fermented", "v": 1.0}, {"l": "Beverages, Alcoholic", "v": 6.0}]}, {"source": 3, "prod": 0.0294993804691276, "target": 16, "value": 43.0, "supply": [{"l": "Milk - Excluding Butter", "v": 43.0}]}, {"source": 4, "prod": 0.48866093187845261, "target": 16, "value": 156.0, "supply": [{"l": "Cereals, Other", "v": 1.0}, {"l": "Rice", "v": 9.0}, {"l": "Wheat", "v": 121.0}, {"l": "Barley", "v": 25.0}]}, {"source": 7, "prod": 0.047845823287791731, "target": 16, "value": 46.0, "supply": [{"l": "Olives", "v": 46.0}]}, {"source": 0, "prod": 0.92704153684625967, "target": 16, "value": 1630.0, "supply": [{"l": "Pulses, Other", "v": 11.0}, {"l": "Oranges, Mandarines", "v": 219.0}, {"l": "Potatoes", "v": 31.0}, {"l": "Fruits, Other", "v": 337.0}, {"l": "Grapefruit", "v": 7.0}, {"l": "Beans", "v": 1.0}, {"l": "Apples", "v": 84.0}, {"l": "Lemons, Limes", "v": 118.0}, {"l": "Tomatoes", "v": 252.0}, {"l": "Coffee", "v": 1.0}, {"l": "Vegetables, Other", "v": 92.0}, {"l": "Grapes", "v": 472.0}, {"l": "Onions", "v": 5.0}]}, {"source": 8, "prod": 0.01129209992028745, "target": 16, "value": 3.0, "supply": [{"l": "Sugar", "v": 1.0}, {"l": "Honey", "v": 2.0}]}, {"source": 2, "prod": 0.012641727420166218, "target": 16, "value": 16.0, "supply": [{"l": "Pelagic Fish", "v": 3.0}, {"l": "Fish, Seafood", "v": 8.0}, {"l": "Cephalopods", "v": 3.0}, {"l": "Demersal Fish", "v": 2.0}]}, {"source": 9, "prod": 0.35009393813004047, "target": 16, "value": 34.0, "supply": [{"l": "Olive Oil", "v": 32.0}, {"l": "Oilcrops Oil, Other", "v": 1.0}, {"l": "Palm Oil", "v": 1.0}]}, {"source": 17, "prod": 0.040727097093099636, "target": 0, "value": 10.0, "supply": [{"l": "Pulses, Other", "v": 10.0}]}, {"source": 9, "prod": 0.35392814597869143, "target": 18, "value": 34.0, "supply": [{"l": "Olive Oil", "v": 18.0}, {"l": "Soyabean Oil", "v": 10.0}, {"l": "Groundnut Oil", "v": 3.0}, {"l": "Palm Oil", "v": 3.0}]}, {"source": 4, "prod": 0.24702480574637925, "target": 18, "value": 77.0, "supply": [{"l": "Wheat", "v": 67.0}, {"l": "Rice", "v": 10.0}]}, {"source": 0, "prod": 0.036964654860305715, "target": 18, "value": 57.0, "supply": [{"l": "Grapes", "v": 38.0}, {"l": "Coffee", "v": 1.0}, {"l": "Oranges, Mandarines", "v": 18.0}]}, {"source": 17, "prod": 0.19229313621434457, "target": 7, "value": 50.0, "supply": [{"l": "Cottonseed", "v": 50.0}]}, {"source": 7, "prod": 0.068542041953559563, "target": 18, "value": 32.0, "supply": [{"l": "Olives", "v": 25.0}, {"l": "Sesame seed", "v": 5.0}, {"l": "Oilcrops, Other", "v": 2.0}]}, {"source": 17, "prod": 0.007202735846637184, "target": 10, "value": 9.0, "supply": [{"l": "Wine", "v": 9.0}]}, {"source": 8, "prod": 0.53853776334431591, "target": 18, "value": 130.0, "supply": [{"l": "Sugar", "v": 130.0}]}, {"source": 17, "prod": 0.0035375138821250002, "target": 4, "value": 1.0, "supply": [{"l": "Cereals, Other", "v": 1.0}]}, {"source": 19, "prod": 11.387924879669997, "target": 4, "value": 3722.0, "supply": [{"l": "Maize", "v": 488.0}, {"l": "Rye", "v": 7.0}, {"l": "Barley", "v": 916.0}, {"l": "Rice", "v": 68.0}, {"l": "Cereals, Other", "v": 1.0}, {"l": "Wheat", "v": 2120.0}, {"l": "Oats", "v": 114.0}, {"l": "Sorghum", "v": 7.0}, {"l": "Millet", "v": 1.0}]}, {"source": 19, "prod": 2.4479774077398191, "target": 7, "value": 1624.9006622516556, "supply": [{"l": "Olives", "v": 1365.0}, {"l": "Sunflower seed", "v": 3.0}, {"l": "Sesame seed", "v": 3.0}, {"l": "Groundnuts", "v": 7.0}, {"l": "Oilcrops, Other", "v": 3.0}, {"l": "Cottonseed", "v": 239.0}, {"l": "Oil Palm", "v": 4.9006622516556284}]}, {"source": 19, "prod": 4.571540397786432, "target": 0, "value": 8224.0, "supply": [{"l": "Nuts", "v": 87.0}, {"l": "Tomatoes", "v": 1671.0}, {"l": "Treenuts", "v": 87.0}, {"l": "Vegetables, Other", "v": 1878.0}, {"l": "Peas", "v": 2.0}, {"l": "Grapes", "v": 1504.0}, {"l": "Potatoes", "v": 878.0}, {"l": "Pimento", "v": 1.0}, {"l": "Beans", "v": 45.0}, {"l": "Apples", "v": 270.0}, {"l": "Lemons, Limes", "v": 211.0}, {"l": "Bananas", "v": 2.0}, {"l": "Citrus, Other", "v": 1.0}, {"l": "Spices, Other", "v": 1.0}, {"l": "Fruits, Other", "v": 775.0}, {"l": "Sweet potatoes", "v": 2.0}, {"l": "Grapefruit", "v": 8.0}, {"l": "Oranges, Mandarines", "v": 598.0}, {"l": "Onions", "v": 138.0}, {"l": "Pulses, Other", "v": 65.0}]}, {"source": 19, "prod": 3.0984844385199999, "target": 11, "value": 2666.0, "supply": [{"l": "Sugar beet", "v": 2666.0}]}, {"source": 1, "prod": 0.26742075832495654, "target": 2, "value": 332.0, "supply": [{"l": "Pelagic Fish", "v": 72.0}, {"l": "Crustaceans", "v": 3.0}, {"l": "Freshwater Fish", "v": 10.0}, {"l": "Demersal Fish", "v": 52.0}, {"l": "Fish, Seafood", "v": 166.0}, {"l": "Marine Fish, Other", "v": 15.0}, {"l": "Cephalopods", "v": 14.0}]}, {"source": 1, "prod": 2.4305286778381792, "target": 3, "value": 2621.0, "supply": [{"l": "Poultry Meat", "v": 117.0}, {"l": "Pigmeat", "v": 112.0}, {"l": "Bovine Meat", "v": 164.0}, {"l": "Eggs", "v": 105.0}, {"l": "Milk - Excluding Butter", "v": 1957.0}, {"l": "Offals, Edible", "v": 36.0}, {"l": "Meat, Other", "v": 11.0}, {"l": "Mutton & Goat Meat", "v": 127.0}]}, {"source": 10, "prod": 1.0892214036275987, "target": 5, "value": 664.0, "supply": [{"l": "Fats, Animals, Raw", "v": 61.0}, {"l": "Alcohol, Non-Food", "v": 8.0}, {"l": "Beverages, Fermented", "v": 1.0}, {"l": "Beer", "v": 139.0}, {"l": "Beverages, Alcoholic", "v": 27.0}, {"l": "Wine", "v": 420.0}, {"l": "Butter, Ghee", "v": 5.0}, {"l": "Cream", "v": 3.0}]}, {"source": 10, "prod": 3.4776633628041034, "target": 9, "value": 337.0, "supply": [{"l": "Olive Oil", "v": 266.0}, {"l": "Sesameseed Oil", "v": 2.0}, {"l": "Soyabean Oil", "v": 14.0}, {"l": "Maize Germ Oil", "v": 1.0}, {"l": "Groundnut Oil", "v": 4.0}, {"l": "Cottonseed Oil", "v": 36.0}, {"l": "Oilcrops Oil, Other", "v": 8.0}, {"l": "Palm Oil", "v": 5.0}, {"l": "Sunflowerseed Oil", "v": 1.0}]}, {"source": 10, "prod": 1.7548193533808254, "target": 8, "value": 426.0, "supply": [{"l": "Honey", "v": 11.0}, {"l": "Sweeteners, Other", "v": 21.0}, {"l": "Sugar", "v": 394.0}]}]}