{"nodes": [{"layer": 5, "name": "Starchy Roots"}, {"layer": 10, "name": "Feed", "fill": "#dbdb8d"}, {"layer": 5, "name": "Cereals", "fill": "#e7ba52"}, {"layer": 13, "name": "Other Processed", "fill": "#9c9ede"}, {"layer": 16, "name": "Food", "fill": "#b5cf6b"}, {"layer": 13, "name": "Animal Products", "fill": "#17becf"}, {"layer": 5, "name": "Oilcrops", "fill": "#ff9896"}, {"layer": 13, "name": "Sugar", "fill": "#d6616b"}, {"layer": 5, "name": "Fruits & Vegetables"}, {"layer": 5, "name": "Others"}, {"layer": 13, "name": "Aquatic Products", "fill": "#1f77b4"}, {"layer": 13, "name": "Vegetable Oils", "fill": "#f7b6d2"}, {"layer": 10, "name": "Processing", "fill": "#9edae5"}, {"layer": 5, "name": "Sugar Crops", "fill": "#ffbb78"}, {"layer": 16, "name": "Biofuels & Other", "fill": "#e7ba52"}, {"name": "Waste", "fill": "#c7c7c7"}, {"layer": 2, "name": "Import", "fill": "#aec7e8"}, {"layer": 16, "name": "Export", "fill": "#aec7e8"}, {"layer": 16, "name": "Stock Deposit", "fill": "#c7c7c7"}, {"layer": 0, "name": "Stock Draw", "fill": "#c7c7c7"}, {"name": "Crop Residue", "fill": "#bd9e39"}, {"layer": 2, "name": "Electricity", "fill": "#bcbd22"}, {"layer": 0, "name": "Fossil Fuels", "fill": "#c49c94"}, {"layer": 0, "name": "Renewables & Nuclear", "fill": "#2ca02c"}, {"layer": 2, "name": "Fertilizers", "fill": "#c5b0d5"}, {"layer": 0, "name": "Labor", "fill": "#7f7f7f"}], "links": [{"source": 0, "prod": 326.0, "target": 1, "value": 0.4288501061116371, "supply": [{"l": "Roots, Other", "v": 0.1533414606474994}, {"l": "Cassava", "v": 0.27550864546413772}]}, {"source": 2, "prod": 222.0, "target": 1, "value": 0.90194654723167778, "supply": [{"l": "Maize", "v": 0.13505200577614404}, {"l": "Rice", "v": 0.76689454145553371}]}, {"source": 3, "prod": 30.0, "target": 4, "value": 0.18081534628712223, "supply": [{"l": "Beer", "v": 0.001566855089280246}, {"l": "Beverages, Alcoholic", "v": 0.016830462522885462}, {"l": "Fats, Animals, Raw", "v": 0.16241802867495653}]}, {"source": 5, "prod": 786.0, "target": 4, "value": 1.336633139593342, "supply": [{"l": "Pigmeat", "v": 0.48835232964476033}, {"l": "Eggs", "v": 0.079363354920717402}, {"l": "Milk - Excluding Butter", "v": 0.20217364204666918}, {"l": "Meat, Other", "v": 0.0020581898950545454}, {"l": "Mutton & Goat Meat", "v": 0.080311125972567565}, {"l": "Poultry Meat", "v": 0.080583367077559323}, {"l": "Offals, Edible", "v": 0.080655316512450004}, {"l": "Bovine Meat", "v": 0.32313581352356363}]}, {"source": 2, "prod": 10317.0, "target": 4, "value": 41.438065889437141, "supply": [{"l": "Maize", "v": 6.9681088086627518}, {"l": "Rice", "v": 34.146527240122957}, {"l": "Wheat", "v": 0.3234298406514286}]}, {"source": 6, "prod": 1825.0, "target": 4, "value": 3.8049553358360031, "supply": [{"l": "Coconuts - Incl Copra", "v": 1.9442230338382531}, {"l": "Groundnuts", "v": 1.373672495911487}, {"l": "Soyabeans", "v": 0.4870598060862632}]}, {"source": 7, "prod": 1029.0, "target": 4, "value": 4.3471815975152843, "supply": [{"l": "Sugar", "v": 2.400280071497511}, {"l": "Sugar non-centrifugal", "v": 0.73088112903730451}, {"l": "Sweeteners, Other", "v": 1.2160203969804688}]}, {"source": 0, "prod": 12773.0, "target": 4, "value": 15.352233214173506, "supply": [{"l": "Roots, Other", "v": 1.2967353954755927}, {"l": "Potatoes", "v": 0.039903156590369998}, {"l": "Sweet potatoes", "v": 2.8763327187904202}, {"l": "Cassava", "v": 11.139261943317123}]}, {"source": 8, "prod": 4060.0, "target": 4, "value": 2.9827397259751129, "supply": [{"l": "Tomatoes", "v": 0.0010926683805791504}, {"l": "Treenuts", "v": 0.014982411736058823}, {"l": "Vegetables, Other", "v": 0.64812205887740515}, {"l": "Dates", "v": 0.0016563108979814178}, {"l": "Beans", "v": 0.97553433018106561}, {"l": "Pulses, Other", "v": 0.0040428730081428568}, {"l": "Pineapples", "v": 0.040549412857791046}, {"l": "Bananas", "v": 0.56725443844340717}, {"l": "Fruits, Other", "v": 0.60757389203858647}, {"l": "Oranges, Mandarines", "v": 0.040643776518031915}, {"l": "Onions", "v": 0.081287553036063831}]}, {"source": 9, "prod": 145.0, "target": 4, "value": 0.20317707662502549, "supply": [{"l": "Nuts", "v": 0.014982411736058823}, {"l": "Cloves", "v": 0.0028812330261651586}, {"l": "Coffee", "v": 0.040520613558886372}, {"l": "Cocoa Beans", "v": 0.0024257238048857148}, {"l": "Pimento", "v": 0.0074912058680294122}, {"l": "Pepper", "v": 0.042450166585500007}, {"l": "Spices, Other", "v": 0.0424501665855}, {"l": "Tea", "v": 0.049975555460000001}]}, {"source": 10, "prod": 1857.0, "target": 4, "value": 1.3975573673207904, "supply": [{"l": "Aquatic Products, Other", "v": 0.0030436483077043368}, {"l": "Crustaceans", "v": 0.040848273506801897}, {"l": "Marine Fish, Other", "v": 0.12211691757472604}, {"l": "Freshwater Fish", "v": 0.28403020551752733}, {"l": "Pelagic Fish", "v": 0.20250079466581272}, {"l": "Fish, Seafood", "v": 0.69300271952300352}, {"l": "Cephalopods", "v": 0.0068468010621774199}, {"l": "Molluscs, Other", "v": 0.0015000058864134275}, {"l": "Aquatic Animals, Others", "v": 0.0030436483077043368}, {"l": "Demersal Fish", "v": 0.040624352968919357}]}, {"source": 11, "prod": 321.0, "target": 4, "value": 3.2979578806170835, "supply": [{"l": "Maize Germ Oil", "v": 0.023154636319363639}, {"l": "Groundnut Oil", "v": 0.075466962818666675}, {"l": "Soyabean Oil", "v": 0.36194352562373688}, {"l": "Palm Oil", "v": 0.20214365040714288}, {"l": "Coconut Oil", "v": 2.6352491054481737}]}, {"source": 8, "prod": 10.0, "target": 12, "value": 0.0075133038204424794, "supply": [{"l": "Bananas", "v": 0.0075133038204424794}]}, {"source": 13, "prod": 8960.0, "target": 12, "value": 3.1564605195525313, "supply": [{"l": "Sugar cane", "v": 3.1564605195525313}]}, {"source": 6, "prod": 3940.5238095238096, "target": 12, "value": 8.3054681527556671, "supply": [{"l": "Cottonseed", "v": 0.0044684385879473687}, {"l": "Groundnuts", "v": 0.10128460799347369}, {"l": "Soyabeans", "v": 0.89368771758947374}, {"l": "Oilcrops, Other", "v": 0.50940199902600003}, {"l": "Coconuts - Incl Copra", "v": 3.7846849984923439}, {"l": "Oil Palm", "v": 3.0119403910664286}]}, {"source": 7, "prod": 275.0, "target": 12, "value": 1.2160203969804688, "supply": [{"l": "Sweeteners, Other", "v": 1.2160203969804688}]}, {"source": 3, "prod": 18.0, "target": 14, "value": 0.020919999960000001, "supply": [{"l": "Alcohol, Non-Food", "v": 0.020919999960000001}]}, {"source": 5, "prod": 1.0, "target": 14, "value": 0.00062982443005192882, "supply": [{"l": "Milk - Excluding Butter", "v": 0.00062982443005192882}]}, {"source": 7, "prod": 17.0, "target": 14, "value": 0.070596472691103279, "supply": [{"l": "Sugar", "v": 0.070596472691103279}]}, {"source": 0, "prod": 255.0, "target": 14, "value": 0.30023378031348341, "supply": [{"l": "Cassava", "v": 0.30023378031348341}]}, {"source": 9, "prod": 10.0, "target": 14, "value": 0.02881233026165159, "supply": [{"l": "Cloves", "v": 0.02881233026165159}]}, {"source": 10, "prod": 24.0, "target": 14, "value": 0.01916587222307789, "supply": [{"l": "Marine Fish, Other", "v": 0.0078503732726609605}, {"l": "Aquatic Products, Other", "v": 0.0022827362307782529}, {"l": "Fish, Seafood", "v": 0.0067500264888604245}, {"l": "Aquatic Plants", "v": 0.0022827362307782529}]}, {"source": 11, "prod": 19.0, "target": 14, "value": 0.19303911712853022, "supply": [{"l": "Coconut Oil", "v": 0.051671551087219096}, {"l": "Palm Oil", "v": 0.090964642683214303}, {"l": "Oilcrops Oil, Other", "v": 0.050402923358096811}]}, {"source": 0, "prod": 289.0, "target": 0, "value": 0.33024405191140804, "supply": [{"l": "Sweet potatoes", "v": 0.31920700859917805}, {"l": "Potatoes", "v": 0.011037043312229999}]}, {"source": 8, "prod": 14.0, "target": 8, "value": 0.055070486381189186, "supply": [{"l": "Beans", "v": 0.055070486381189186}]}, {"source": 5, "prod": 9.0, "target": 5, "value": 0.016610934750847829, "supply": [{"l": "Eggs", "v": 0.016610934750847829}]}, {"source": 2, "prod": 208.0, "target": 2, "value": 0.77420744990262302, "supply": [{"l": "Maize", "v": 0.26148367075806617}, {"l": "Rice", "v": 0.5127237791445568}]}, {"source": 6, "prod": 48.0, "target": 6, "value": 0.26103128751259214, "supply": [{"l": "Groundnuts", "v": 0.15825719998980264}, {"l": "Soyabeans", "v": 0.10277408752278948}]}, {"source": 5, "prod": 9.0, "target": 15, "value": 0.012963429790721005, "supply": [{"l": "Milk - Excluding Butter", "v": 0.0018894732901557866}, {"l": "Eggs", "v": 0.011073956500565219}]}, {"source": 2, "prod": 647.0, "target": 15, "value": 2.6881772351372053, "supply": [{"l": "Maize", "v": 0.27585090541510277}, {"l": "Rice", "v": 2.405857732909074}, {"l": "Wheat", "v": 0.0064685968130285716}]}, {"source": 6, "prod": 587.0, "target": 15, "value": 0.9049353738760143, "supply": [{"l": "Soyabeans", "v": 0.080431894583052638}, {"l": "Coconuts - Incl Copra", "v": 0.71465436400592219}, {"l": "Groundnuts", "v": 0.088624031994289462}, {"l": "Oilcrops, Other", "v": 0.02122508329275}]}, {"source": 0, "prod": 1788.0, "target": 15, "value": 2.106594135548185, "supply": [{"l": "Roots, Other", "v": 0.030001590126684668}, {"l": "Potatoes", "v": 0.0025470099951300004}, {"l": "Sweet potatoes", "v": 0.35505996970995535}, {"l": "Cassava", "v": 1.7189855657164148}]}, {"source": 8, "prod": 401.0, "target": 15, "value": 0.31172447602588238, "supply": [{"l": "Fruits, Other", "v": 0.06776966727618626}, {"l": "Beans", "v": 0.11407457893246331}, {"l": "Tomatoes", "v": 0.00021853367611583013}, {"l": "Pineapples", "v": 0.00380150745541791}, {"l": "Bananas", "v": 0.063863082473761074}, {"l": "Vegetables, Other", "v": 0.048449180705927332}, {"l": "Oranges, Mandarines", "v": 0.0045159751686702125}, {"l": "Onions", "v": 0.0090319503373404251}]}, {"source": 9, "prod": 11.0, "target": 15, "value": 0.014058920764745374, "supply": [{"l": "Pepper", "v": 0.004994137245352942}, {"l": "Cloves", "v": 0.0028812330261651586}, {"l": "Coffee", "v": 0.003859106053227273}, {"l": "Tea", "v": 0.0023244444400000001}]}, {"source": 16, "prod": 2.0, "target": 12, "value": 0.013446677176196454, "supply": [{"l": "Beverages, Alcoholic", "v": 0.003366092504577093}, {"l": "Oilcrops Oil, Other", "v": 0.010080584671619361}]}, {"source": 16, "prod": 4.0, "target": 9, "value": 0.011524932104660634, "supply": [{"l": "Cloves", "v": 0.011524932104660634}]}, {"source": 16, "prod": 1208.0, "target": 2, "value": 5.1728672196400574, "supply": [{"l": "Maize", "v": 0.0028734469314073202}, {"l": "Wheat", "v": 0.32989843746445713}, {"l": "Barley", "v": 0.0064685968130285716}, {"l": "Rice", "v": 4.833626738431164}]}, {"source": 16, "prod": 5.0, "target": 8, "value": 0.0025975562768173381, "supply": [{"l": "Dates", "v": 0.0016563108979814178}, {"l": "Fruits, Other", "v": 0.00094124537883592027}]}, {"source": 16, "prod": 139.0, "target": 1, "value": 0.089336579022285922, "supply": [{"l": "Bovine Meat", "v": 0.0020581898950545454}, {"l": "Milk - Excluding Butter", "v": 0.085656122487062322}, {"l": "Fish, Seafood", "v": 0.00075000294320671373}, {"l": "Marine Fish, Other", "v": 0.00087226369696232885}]}, {"source": 3, "prod": 1.0, "target": 17, "value": 0.0073826376670434787, "supply": [{"l": "Fats, Animals, Raw", "v": 0.0073826376670434787}]}, {"source": 6, "prod": 607.0, "target": 17, "value": 1.0302943702898488, "supply": [{"l": "Coconuts - Incl Copra", "v": 0.70298124372270399}, {"l": "Sesame seed", "v": 0.02122508329275}, {"l": "Groundnuts", "v": 0.018990863998776319}, {"l": "Oilcrops, Other", "v": 0.14857558304925}, {"l": "Palm kernels", "v": 0.13852159622636842}]}, {"source": 7, "prod": 106.0, "target": 17, "value": 0.44018977089746747, "supply": [{"l": "Sugar", "v": 0.44018977089746747}]}, {"source": 0, "prod": 371.0, "target": 17, "value": 0.45181371185194663, "supply": [{"l": "Potatoes", "v": 0.0016980066634200001}, {"l": "Roots, Other", "v": 0.053336160225217186}, {"l": "Cassava", "v": 0.39677954496330947}]}, {"source": 8, "prod": 24.0, "target": 17, "value": 0.031407088441804239, "supply": [{"l": "Vegetables, Other", "v": 0.0059418806526137288}, {"l": "Fruits, Other", "v": 0.00094124537883592027}, {"l": "Treenuts", "v": 0.023971858777694116}, {"l": "Citrus, Other", "v": 0.00055210363266047259}]}, {"source": 9, "prod": 148.0, "target": 17, "value": 0.21991682989396572, "supply": [{"l": "Coffee", "v": 0.045666088296522724}, {"l": "Tea", "v": 0.03137999994}, {"l": "Pimento", "v": 0.0074912058680294122}, {"l": "Spices, Other", "v": 0.048980961444807694}, {"l": "Nuts", "v": 0.023971858777694116}, {"l": "Pepper", "v": 0.062426715566911775}]}, {"source": 11, "prod": 110.0, "target": 17, "value": 1.1117900772392857, "supply": [{"l": "Palm Oil", "v": 1.1117900772392857}]}, {"source": 11, "prod": 70.0, "target": 18, "value": 0.72113043825020062, "supply": [{"l": "Coconut Oil", "v": 0.62005861304662913}, {"l": "Palm Oil", "v": 0.10107182520357144}]}, {"source": 19, "prod": 68.0, "target": 0, "value": 0.080062341416928917, "supply": [{"l": "Cassava", "v": 0.080062341416928917}]}, {"source": 9, "prod": 18.0, "target": 18, "value": 0.039607849597470594, "supply": [{"l": "Pepper", "v": 0.034958960717470594}, {"l": "Tea", "v": 0.0046488888800000003}]}, {"source": 2, "prod": 207.0, "target": 18, "value": 0.90483077394665379, "supply": [{"l": "Barley", "v": 0.0064685968130285716}, {"l": "Rice", "v": 0.89836217713362521}]}, {"source": 6, "prod": 3.0, "target": 18, "value": 0.015080980234322368, "supply": [{"l": "Palm kernels", "v": 0.0044684385879473687}, {"l": "Oilcrops, Other", "v": 0.010612541646375}]}, {"source": 19, "prod": 37.0, "target": 12, "value": 0.15365114644534242, "supply": [{"l": "Sugar", "v": 0.15365114644534242}]}, {"source": 19, "prod": 300.0, "target": 2, "value": 0.86203407942219601, "supply": [{"l": "Maize", "v": 0.86203407942219601}]}, {"source": 1, "prod": 1881.0, "target": 10, "value": 1.4167232395438683, "supply": [{"l": "Pelagic Fish", "v": 0.20250079466581272}, {"l": "Crustaceans", "v": 0.040848273506801897}, {"l": "Freshwater Fish", "v": 0.28403020551752733}, {"l": "Molluscs, Other", "v": 0.0015000058864134275}, {"l": "Aquatic Animals, Others", "v": 0.0030436483077043368}, {"l": "Aquatic Plants", "v": 0.0022827362307782529}, {"l": "Marine Fish, Other", "v": 0.12996729084738701}, {"l": "Aquatic Products, Other", "v": 0.0053263845384825901}, {"l": "Fish, Seafood", "v": 0.69975274601186399}, {"l": "Demersal Fish", "v": 0.040624352968919357}, {"l": "Cephalopods", "v": 0.0068468010621774199}]}, {"source": 1, "prod": 796.0, "target": 5, "value": 1.350226393814115, "supply": [{"l": "Poultry Meat", "v": 0.080583367077559323}, {"l": "Pigmeat", "v": 0.48835232964476033}, {"l": "Bovine Meat", "v": 0.32313581352356363}, {"l": "Eggs", "v": 0.10704824617213046}, {"l": "Milk - Excluding Butter", "v": 0.20469293976687691}, {"l": "Offals, Edible", "v": 0.080655316512450004}, {"l": "Meat, Other", "v": 0.0020581898950545454}, {"l": "Mutton & Goat Meat", "v": 0.080311125972567565}]}, {"source": 12, "prod": 49.0, "target": 3, "value": 0.20911798391416569, "supply": [{"l": "Fats, Animals, Raw", "v": 0.169800666342}, {"l": "Beer", "v": 0.001566855089280246}, {"l": "Beverages, Alcoholic", "v": 0.016830462522885462}, {"l": "Alcohol, Non-Food", "v": 0.020919999960000001}]}, {"source": 12, "prod": 520.0, "target": 11, "value": 5.3239175132351004, "supply": [{"l": "Soyabean Oil", "v": 0.36194352562373688}, {"l": "Coconut Oil", "v": 3.3069792695820222}, {"l": "Maize Germ Oil", "v": 0.023154636319363639}, {"l": "Groundnut Oil", "v": 0.075466962818666675}, {"l": "Palm Oil", "v": 1.5059701955332143}, {"l": "Oilcrops Oil, Other", "v": 0.050402923358096811}]}, {"source": 12, "prod": 1427.0, "target": 7, "value": 6.0739882380843238, "supply": [{"l": "Sweeteners, Other", "v": 2.4320407939609376}, {"l": "Sugar non-centrifugal", "v": 0.73088112903730451}, {"l": "Sugar", "v": 2.9110663150860816}]}, {"source": 0, "prod": 7884.0, "target": 20, "value": 28.27944954085557, "supply": [{"l": "Roots, Other", "v": 1.6038666636000001}, {"l": "Potatoes", "v": 0.11331666645000002}, {"l": "Sweet potatoes", "v": 5.3520333230999997}, {"l": "Cassava", "v": 20.41966329429}]}, {"source": 13, "prod": 3584.0, "target": 20, "value": 1.2625842078210125, "supply": [{"l": "Sugar cane", "v": 1.2625842078210125}]}, {"source": 8, "prod": 4505.5, "target": 20, "value": 25.090834726194629, "supply": [{"l": "Vegetables, Other", "v": 5.3572633230899998}, {"l": "Tomatoes", "v": 0.0097142033276293449}, {"l": "Beans", "v": 1.0128766647299998}, {"l": "Pulses, Other", "v": 0.044928190390285713}, {"l": "Onions", "v": 0.69733333200000003}]}, {"source": 2, "prod": 21693.0, "target": 20, "value": 94.19294748420127, "supply": [{"l": "Maize", "v": 17.492606633219999}, {"l": "Rice", "v": 57.781039889520002}, {"l": "Wheat", "v": 0.35563999932000001}, {"l": "Barley", "v": 0.0069733333199999996}]}, {"source": 6, "prod": 6291.0, "target": 20, "value": 8.7807141059829927, "supply": [{"l": "Coconuts - Incl Copra", "v": 19.211533296599999}, {"l": "Sesame seed", "v": 0.0082808333174999998}, {"l": "Cottonseed", "v": 0.0034866666600000002}, {"l": "Groundnuts", "v": 0.95708999817000007}, {"l": "Oilcrops, Other", "v": 0.50306062403812501}, {"l": "Soyabeans", "v": 1.220333331}, {"l": "Palm kernels", "v": 0.11331666645000001}]}, {"source": 21, "prod": 0, "target": 2, "value": 0.56828897670041667, "supply": "[{\"l\":'Energy for power irrigation',\"v\":0.56828897670041667}]"}, {"source": 21, "prod": 0, "target": 6, "value": 0.36678380234003488, "supply": "[{\"l\":'Energy for power irrigation',\"v\":0.36678380234003488}]"}, {"source": 21, "prod": 0, "target": 13, "value": 0.46944813822299669, "supply": "[{\"l\":'Energy for power irrigation',\"v\":0.46944813822299669}]"}, {"source": 21, "prod": 0, "target": 0, "value": 0.82614489324779139, "supply": "[{\"l\":'Energy for power irrigation',\"v\":0.82614489324779139}]"}, {"source": 21, "prod": 0, "target": 8, "value": 0.23606011012987851, "supply": "[{\"l\":'Energy for power irrigation',\"v\":0.23606011012987851}]"}, {"source": 21, "prod": 0, "target": 9, "value": 0.01728994259080233, "supply": "[{\"l\":'Energy for power irrigation',\"v\":0.01728994259080233}]"}, {"source": 21, "prod": 0, "target": 12, "value": 0.014143423089228752, "supply": "[{\"l\":'Electricity',\"v\":0.014143423089228752}]"}, {"source": 22, "prod": 0, "target": 21, "value": 3.9328479764817983, "supply": [{"l": "Coal", "v": 0.0}, {"l": "Natural gas", "v": 0.0}, {"l": "Oil", "v": 3.9328479764817983}]}, {"source": 23, "prod": 0, "target": 21, "value": 1.0036770552580661, "supply": [{"l": "Nuclear", "v": 0.0}, {"l": "Hydroelectric", "v": 1.0036770552580661}, {"l": "Renewable", "v": 0.0}]}, {"source": 22, "prod": 0, "target": 2, "value": 3.9303431236230177, "supply": [{"l": "Motor Gasoline", "v": 0.0056304886643458356}, {"l": "Gas-Diesel oil", "v": 3.3538478114041346}, {"l": "Fuel oil", "v": 0.56996305567477357}, {"l": "Liquefied petroleum gas (LPG)", "v": 0.00090176787976374063}]}, {"source": 22, "prod": 0, "target": 6, "value": 2.5367132823049938, "supply": [{"l": "Motor Gasoline", "v": 0.0036340174207354385}, {"l": "Gas-Diesel oil", "v": 2.1646329652195604}, {"l": "Fuel oil", "v": 0.36786428265340865}, {"l": "Liquefied petroleum gas (LPG)", "v": 0.00058201701128934402}]}, {"source": 22, "prod": 0, "target": 13, "value": 3.2467500472652229, "supply": [{"l": "Motor Gasoline", "v": 0.0046511942499920427}, {"l": "Gas-Diesel oil", "v": 2.7705228774425894}, {"l": "Fuel oil", "v": 0.47083104954095528}, {"l": "Liquefied petroleum gas (LPG)", "v": 0.00074492603168608456}]}, {"source": 22, "prod": 0, "target": 0, "value": 5.7137003063926368, "supply": [{"l": "Motor Gasoline", "v": 0.0081852713095842099}, {"l": "Gas-Diesel oil", "v": 4.8756255280708416}, {"l": "Fuel oil", "v": 0.82857857021894887}, {"l": "Liquefied petroleum gas (LPG)", "v": 0.0013109367932618505}]}, {"source": 22, "prod": 0, "target": 8, "value": 1.6326152162894487, "supply": [{"l": "Motor Gasoline", "v": 0.0023388343407744583}, {"l": "Gas-Diesel oil", "v": 1.3931462973568736}, {"l": "Fuel oil", "v": 0.2367555015297739}, {"l": "Liquefied petroleum gas (LPG)", "v": 0.00037458306202697031}]}, {"source": 22, "prod": 0, "target": 9, "value": 0.11957896379436646, "supply": [{"l": "Motor Gasoline", "v": 0.00017130514536801048}, {"l": "Gas-Diesel oil", "v": 0.10203934704866678}, {"l": "Fuel oil", "v": 0.017340875708539646}, {"l": "Liquefied petroleum gas (LPG)", "v": 2.7435891792009807e-05}]}, {"source": 24, "prod": 29.741181634376936, "target": 2, "value": 0.43418439347987481, "supply": [{"l": "Potash", "v": 0.01025555556376}, {"l": "Phosphate", "v": 0.12625000010099999}, {"l": "Nitrogen", "v": 1.7613333347423996}]}, {"source": 24, "prod": 19.195487037738257, "target": 6, "value": 0.28023032169635531, "supply": [{"l": "Potash", "v": 0.01025555556376}, {"l": "Phosphate", "v": 0.12625000010099999}, {"l": "Nitrogen", "v": 1.7613333347423996}]}, {"source": 24, "prod": 24.568384957729901, "target": 13, "value": 0.35866797267133899, "supply": [{"l": "Potash", "v": 0.01025555556376}, {"l": "Phosphate", "v": 0.12625000010099999}, {"l": "Nitrogen", "v": 1.7613333347423996}]}, {"source": 24, "prod": 43.235970314005023, "target": 0, "value": 0.63119158404929376, "supply": [{"l": "Potash", "v": 0.01025555556376}, {"l": "Phosphate", "v": 0.12625000010099999}, {"l": "Nitrogen", "v": 1.7613333347423996}]}, {"source": 24, "prod": 12.354113663733489, "target": 8, "value": 0.1803547489811069, "supply": [{"l": "Potash", "v": 0.01025555556376}, {"l": "Phosphate", "v": 0.12625000010099999}, {"l": "Nitrogen", "v": 1.7613333347423996}]}, {"source": 24, "prod": 0.90486239241639133, "target": 9, "value": 0.013209869529189939, "supply": [{"l": "Potash", "v": 0.01025555556376}, {"l": "Phosphate", "v": 0.12625000010099999}, {"l": "Nitrogen", "v": 1.7613333347423996}]}, {"source": 22, "prod": 0, "target": 24, "value": 2.2410170015025654, "supply": [{"l": "Natural gas (including LNG)", "v": 1.5297671613848678}, {"l": "Fuel oil", "v": 0.39989685681776765}, {"l": "Liquefied petroleum gas (LPG)", "v": 0.15567649164996492}, {"l": "Coal", "v": 0.15567649164996492}]}, {"source": 25, "prod": 0, "target": 2, "value": 2.3504355353780584, "supply": "[{\"l\":'Labor',\"v\":2.3504355353780584}]"}, {"source": 25, "prod": 0, "target": 6, "value": 1.5170128546687816, "supply": "[{\"l\":'Labor',\"v\":1.5170128546687816}]"}, {"source": 25, "prod": 0, "target": 13, "value": 1.9416311618482831, "supply": "[{\"l\":'Labor',\"v\":1.9416311618482831}]"}, {"source": 25, "prod": 0, "target": 0, "value": 3.4169241250026481, "supply": "[{\"l\":'Labor',\"v\":3.4169241250026481}]"}, {"source": 25, "prod": 0, "target": 8, "value": 0.97634142853877681, "supply": "[{\"l\":'Labor',\"v\":0.97634142853877681}]"}, {"source": 25, "prod": 0, "target": 9, "value": 0.071510969130572921, "supply": "[{\"l\":'Labor',\"v\":0.071510969130572921}]"}, {"source": 22, "prod": 0, "target": 16, "value": 2.4587073072485675, "supply": "[{\"l\":'Fossil Fuels',\"v\":2.4587073072485675}]"}, {"source": 23, "prod": 0, "target": 16, "value": 6.6732480825995912, "supply": "[{\"l\":'Renewables & Nuclear',\"v\":0.017574046332777735},{\"l\":'Biomass & Waste',\"v\":6.6556740362668139}]"}]}