{"nodes": [{"layer": 5, "name": "Starchy Roots"}, {"layer": 10, "name": "Feed", "fill": "#dbdb8d"}, {"layer": 13, "name": "Aquatic Products", "fill": "#1f77b4"}, {"layer": 13, "name": "Animal Products", "fill": "#17becf"}, {"layer": 5, "name": "Cereals", "fill": "#e7ba52"}, {"layer": 13, "name": "Other Processed", "fill": "#9c9ede"}, {"layer": 16, "name": "Food", "fill": "#b5cf6b"}, {"layer": 5, "name": "Oilcrops", "fill": "#ff9896"}, {"layer": 13, "name": "Sugar", "fill": "#d6616b"}, {"layer": 5, "name": "Fruits & Vegetables"}, {"layer": 5, "name": "Others"}, {"layer": 13, "name": "Vegetable Oils", "fill": "#f7b6d2"}, {"layer": 5, "name": "Sugar Crops", "fill": "#ffbb78"}, {"layer": 10, "name": "Processing", "fill": "#9edae5"}, {"layer": 16, "name": "Biofuels & Other", "fill": "#e7ba52"}, {"name": "Waste", "fill": "#c7c7c7"}, {"layer": 2, "name": "Import", "fill": "#aec7e8"}, {"layer": 16, "name": "Export", "fill": "#aec7e8"}, {"layer": 0, "name": "Stock Draw", "fill": "#c7c7c7"}, {"layer": 16, "name": "Stock Deposit", "fill": "#c7c7c7"}, {"name": "Crop Residue", "fill": "#bd9e39"}, {"layer": 2, "name": "Electricity", "fill": "#bcbd22"}, {"layer": 0, "name": "Fossil Fuels", "fill": "#c49c94"}, {"layer": 0, "name": "Renewables & Nuclear", "fill": "#2ca02c"}, {"layer": 2, "name": "Fertilizers", "fill": "#c5b0d5"}, {"layer": 0, "name": "Labor", "fill": "#7f7f7f"}], "links": [{"source": 0, "prod": 311.0, "target": 1, "value": 0.37845506694726966, "supply": [{"l": "Sweet potatoes", "v": 0.048143303238280824}, {"l": "Roots, Other", "v": 0.041414796668780479}, {"l": "Cassava", "v": 0.28889696704020834}]}, {"source": 2, "prod": 402.0, "target": 1, "value": 0.39525024877942294, "supply": [{"l": "Fish, Seafood", "v": 0.17384848173768341}, {"l": "Pelagic Fish", "v": 0.22140176704173953}]}, {"source": 3, "prod": 8.0, "target": 1, "value": 0.0034303164917575757, "supply": [{"l": "Milk - Excluding Butter", "v": 0.0034303164917575757}]}, {"source": 4, "prod": 853.0, "target": 1, "value": 3.1841070442531509, "supply": [{"l": "Maize", "v": 0.77592929128276111}, {"l": "Wheat", "v": 0.12905228817195435}, {"l": "Rice", "v": 2.2791254647984354}]}, {"source": 5, "prod": 143.0, "target": 6, "value": 0.58138587125303598, "supply": [{"l": "Beer", "v": 0.063675249878250004}, {"l": "Beverages, Alcoholic", "v": 0.066033592466333349}, {"l": "Butter, Ghee", "v": 0.116737958110125}, {"l": "Fats, Animals, Raw", "v": 0.32262126604980002}, {"l": "Cream", "v": 0.0095512874817375009}, {"l": "Wine", "v": 0.0027665172667900645}]}, {"source": 3, "prod": 2092.0, "target": 6, "value": 2.8500412165726381, "supply": [{"l": "Pigmeat", "v": 0.82173607142150362}, {"l": "Eggs", "v": 0.37794341863219361}, {"l": "Mutton & Goat Meat", "v": 0.12735049975650004}, {"l": "Milk - Excluding Butter", "v": 0.44208203787525752}, {"l": "Meat, Other", "v": 0.0044684385879473695}, {"l": "Poultry Meat", "v": 0.31586934978974407}, {"l": "Offals, Edible", "v": 0.12617132846245835}, {"l": "Bovine Meat", "v": 0.63442007204703299}]}, {"source": 4, "prod": 23786.0, "target": 6, "value": 94.033650382085312, "supply": [{"l": "Maize", "v": 10.172977018183211}, {"l": "Rice", "v": 79.752508857094881}, {"l": "Wheat", "v": 4.1081645068072135}]}, {"source": 7, "prod": 4188.0, "target": 6, "value": 8.4714023837999513, "supply": [{"l": "Coconuts - Incl Copra", "v": 4.3601319609075162}, {"l": "Groundnuts", "v": 2.8484312963288163}, {"l": "Soyabeans", "v": 1.2628391265636183}]}, {"source": 8, "prod": 2505.0, "target": 6, "value": 10.524896901602999, "supply": [{"l": "Sugar", "v": 7.6786088213837225}, {"l": "Sugar non-centrifugal", "v": 1.8956435045721642}, {"l": "Sweeteners, Other", "v": 0.9506445756471128}]}, {"source": 0, "prod": 11726.0, "target": 6, "value": 13.778586172334464, "supply": [{"l": "Roots, Other", "v": 0.31751344112731705}, {"l": "Potatoes", "v": 0.12600287542045238}, {"l": "Sweet potatoes", "v": 1.8959291322884877}, {"l": "Cassava", "v": 11.439140723498207}]}, {"source": 9, "prod": 6820.0, "target": 6, "value": 4.4626143824468665, "supply": [{"l": "Tomatoes", "v": 0.020494583294146756}, {"l": "Treenuts", "v": 0.063675249878250018}, {"l": "Vegetables, Other", "v": 0.82142599327352062}, {"l": "Grapes", "v": 0.0016617897189986717}, {"l": "Dates", "v": 0.0012463422892490038}, {"l": "Beans", "v": 1.1364577592483605}, {"l": "Pulses, Other", "v": 0.012295910321317242}, {"l": "Pineapples", "v": 0.063111752091716822}, {"l": "Bananas", "v": 1.390311423685747}, {"l": "Fruits, Other", "v": 0.75841262768303497}, {"l": "Grapefruit", "v": 0.00041544742974966792}, {"l": "Oranges, Mandarines", "v": 0.12632229502951559}, {"l": "Onions", "v": 0.063068818927028578}, {"l": "Apples", "v": 0.00371438957623125}]}, {"source": 10, "prod": 199.0, "target": 6, "value": 0.44360624254867975, "supply": [{"l": "Nuts", "v": 0.063675249878250018}, {"l": "Cloves", "v": 0.0082829593337560969}, {"l": "Coffee", "v": 0.06279087140771876}, {"l": "Cocoa Beans", "v": 0.0047166851761666672}, {"l": "Pimento", "v": 0.003859106053227273}, {"l": "Pepper", "v": 0.0058111111000000003}, {"l": "Spices, Other", "v": 0.25263025967956099}, {"l": "Tea", "v": 0.041839999920000003}]}, {"source": 2, "prod": 3653.0, "target": 6, "value": 3.1432630061357449, "supply": [{"l": "Crustaceans", "v": 0.063460855097515145}, {"l": "Marine Fish, Other", "v": 0.12636328658009302}, {"l": "Freshwater Fish", "v": 0.37870017032853953}, {"l": "Pelagic Fish", "v": 0.82171999111013794}, {"l": "Fish, Seafood", "v": 1.580204856391779}, {"l": "Demersal Fish", "v": 0.12603217160167079}, {"l": "Cephalopods", "v": 0.011320044422799999}, {"l": "Molluscs, Other", "v": 0.035461630603209053}]}, {"source": 11, "prod": 941.0, "target": 6, "value": 9.7201965143435238, "supply": [{"l": "Ricebran Oil", "v": 0.12735049975650001}, {"l": "Maize Germ Oil", "v": 0.033513289409605268}, {"l": "Groundnut Oil", "v": 0.19681440871459097}, {"l": "Soyabean Oil", "v": 1.3214487151203884}, {"l": "Palm Oil", "v": 2.9772303362763108}, {"l": "Coconut Oil", "v": 4.6811713113108233}, {"l": "Cottonseed Oil", "v": 0.01041264677476696}, {"l": "Palmkernel Oil", "v": 0.37225530698053855}]}, {"source": 12, "prod": 22302.0, "target": 13, "value": 8.1147738444841817, "supply": [{"l": "Sugar cane", "v": 8.1147738444841817}]}, {"source": 9, "prod": 25.0, "target": 13, "value": 0.012870333953741818, "supply": [{"l": "Bananas", "v": 0.0037657405841975814}, {"l": "Fruits, Other", "v": 0.0091045933695442366}]}, {"source": 4, "prod": 14.0, "target": 13, "value": 0.043017429390651445, "supply": [{"l": "Barley", "v": 0.043017429390651445}]}, {"source": 7, "prod": 10117.373056994818, "target": 13, "value": 28.174854168831803, "supply": [{"l": "Coconuts - Incl Copra", "v": 6.634144114072682}, {"l": "Cottonseed", "v": 0.017065393602211057}, {"l": "Soyabeans", "v": 2.9864438803869349}, {"l": "Groundnuts", "v": 0.20345937830920119}, {"l": "Palm kernels", "v": 0.43516753685638193}, {"l": "Oilcrops, Other", "v": 1.3584053307360002}, {"l": "Oil Palm", "v": 16.540168534868393}]}, {"source": 8, "prod": 210.0, "target": 13, "value": 0.94167623059383809, "supply": [{"l": "Sweeteners, Other", "v": 0.94167623059383809}]}, {"source": 5, "prod": 35.0, "target": 14, "value": 0.096828104337652252, "supply": [{"l": "Alcohol, Non-Food", "v": 0.096828104337652252}]}, {"source": 3, "prod": 58.0, "target": 14, "value": 0.024869794565242423, "supply": [{"l": "Milk - Excluding Butter", "v": 0.024869794565242423}]}, {"source": 4, "prod": 350.0, "target": 14, "value": 1.0090350726814679, "supply": [{"l": "Maize", "v": 0.90763684626064656}, {"l": "Wheat", "v": 0.10139822642082126}]}, {"source": 8, "prod": 62.0, "target": 14, "value": 0.25918517203963731, "supply": [{"l": "Sweeteners, Other", "v": 0.0044841725266373247}, {"l": "Sugar", "v": 0.25470099951300001}]}, {"source": 0, "prod": 262.0, "target": 14, "value": 0.30894287903891665, "supply": [{"l": "Cassava", "v": 0.30894287903891665}]}, {"source": 10, "prod": 39.0, "target": 14, "value": 0.16151770700824389, "supply": [{"l": "Cloves", "v": 0.16151770700824389}]}, {"source": 2, "prod": 110.0, "target": 14, "value": 0.082278589406463057, "supply": [{"l": "Aquatic Plants", "v": 0.041139294703231528}, {"l": "Aquatic Products, Other", "v": 0.041139294703231528}]}, {"source": 11, "prod": 226.0, "target": 14, "value": 2.3274047029381992, "supply": [{"l": "Coconut Oil", "v": 1.108698468468353}, {"l": "Palm Oil", "v": 0.95105969075493269}, {"l": "Palmkernel Oil", "v": 0.048980961444807694}, {"l": "Oilcrops Oil, Other", "v": 0.21866558227010618}]}, {"source": 0, "prod": 208.0, "target": 0, "value": 0.22897483880801894, "supply": [{"l": "Sweet potatoes", "v": 0.21549859544754274}, {"l": "Potatoes", "v": 0.013476243360476189}]}, {"source": 9, "prod": 17.0, "target": 9, "value": 0.06593782220894924, "supply": [{"l": "Beans", "v": 0.06593782220894924}]}, {"source": 3, "prod": 24.0, "target": 3, "value": 0.039437574118141944, "supply": [{"l": "Eggs", "v": 0.039437574118141944}]}, {"source": 4, "prod": 332.0, "target": 4, "value": 1.3075798458779182, "supply": [{"l": "Maize", "v": 0.19756133246682847}, {"l": "Rice", "v": 1.1100185134110898}]}, {"source": 7, "prod": 60.0, "target": 7, "value": 0.28922812795936692, "supply": [{"l": "Cottonseed", "v": 0.0042663484005527642}, {"l": "Groundnuts", "v": 0.13563958553946745}, {"l": "Soyabeans", "v": 0.14932219401934674}]}, {"source": 3, "prod": 23.0, "target": 15, "value": 0.035365456476313589, "supply": [{"l": "Milk - Excluding Butter", "v": 0.00085757912293939393}, {"l": "Eggs", "v": 0.034507877353374197}]}, {"source": 4, "prod": 2123.0, "target": 15, "value": 8.5236938329443319, "supply": [{"l": "Maize", "v": 0.8532358996393461}, {"l": "Rice", "v": 7.5844230745236825}, {"l": "Wheat", "v": 0.086034858781302889}]}, {"source": 7, "prod": 1003.0, "target": 15, "value": 1.5568905236547597, "supply": [{"l": "Soyabeans", "v": 0.14505584561879398}, {"l": "Coconuts - Incl Copra", "v": 1.1994223694113948}, {"l": "Groundnuts", "v": 0.1638978325268565}, {"l": "Oilcrops, Other", "v": 0.048514476097714289}]}, {"source": 0, "prod": 1819.0, "target": 15, "value": 2.1352093062566908, "supply": [{"l": "Roots, Other", "v": 0.0086280826393292688}, {"l": "Potatoes", "v": 0.0074119338482619042}, {"l": "Sweet potatoes", "v": 0.23957024706668317}, {"l": "Cassava", "v": 1.8795990427024165}]}, {"source": 9, "prod": 696.0, "target": 15, "value": 0.46948420098660154, "supply": [{"l": "Fruits, Other", "v": 0.085127948005238596}, {"l": "Beans", "v": 0.13187564441789848}, {"l": "Tomatoes", "v": 0.0022320833290654881}, {"l": "Pineapples", "v": 0.0056349778653318593}, {"l": "Bananas", "v": 0.15514851206894037}, {"l": "Vegetables, Other", "v": 0.068683758741575188}, {"l": "Oranges, Mandarines", "v": 0.013807320619505192}, {"l": "Onions", "v": 0.0069739559390464287}]}, {"source": 10, "prod": 18.0, "target": 15, "value": 0.02326654611066235, "supply": [{"l": "Pepper", "v": 0.0011622222200000001}, {"l": "Cloves", "v": 0.0082829593337560969}, {"l": "Coffee", "v": 0.011496920116906251}, {"l": "Tea", "v": 0.0023244444400000001}]}, {"source": 16, "prod": 30.0, "target": 10, "value": 0.10502132069397264, "supply": [{"l": "Cocoa Beans", "v": 0.023583425880833338}, {"l": "Pimento", "v": 0.003859106053227273}, {"l": "Cloves", "v": 0.057980715336292683}, {"l": "Spices, Other", "v": 0.016565918667512194}, {"l": "Infant food", "v": 0.0030321547561071431}]}, {"source": 16, "prod": 1266.0, "target": 1, "value": 0.78026280061915565, "supply": [{"l": "Pigmeat", "v": 0.0040281179971642335}, {"l": "Milk - Excluding Butter", "v": 0.3627559690033636}, {"l": "Fish, Seafood", "v": 0.17990290647481666}, {"l": "Pelagic Fish", "v": 0.22030026571317365}, {"l": "Bovine Meat", "v": 0.0069972802064010983}, {"l": "Poultry Meat", "v": 0.0016712664010039369}, {"l": "Marine Fish, Other", "v": 0.0046069948232325582}]}, {"source": 16, "prod": 855.0, "target": 13, "value": 3.9016636113422631, "supply": [{"l": "Coconut Oil", "v": 0.010265726559892156}, {"l": "Sugar", "v": 3.2818850101183283}, {"l": "Beer", "v": 0.0040817467870673078}, {"l": "Oilcrops Oil, Other", "v": 0.08330117419813568}, {"l": "Butter, Ghee", "v": 0.116737958110125}, {"l": "Wine", "v": 0.0027665172667900645}, {"l": "Fats, Animals, Raw", "v": 0.0084900333171}, {"l": "Sweeteners, Other", "v": 0.013452517579911973}, {"l": "Palm Oil", "v": 0.36181618670024612}, {"l": "Beverages, Alcoholic", "v": 0.018866740704666669}]}, {"source": 16, "prod": 2017.0, "target": 4, "value": 6.8305021526141436, "supply": [{"l": "Maize", "v": 0.025768869452195014}, {"l": "Barley", "v": 0.043017429390651445}, {"l": "Rice", "v": 2.3339933000621014}, {"l": "Wheat", "v": 4.427722553709196}]}, {"source": 16, "prod": 211.0, "target": 9, "value": 0.090878462158508255, "supply": [{"l": "Dates", "v": 0.0012463422892490038}, {"l": "Grapes", "v": 0.0016617897189986717}, {"l": "Fruits, Other", "v": 0.0063732153586809658}, {"l": "Grapefruit", "v": 0.00041544742974966792}, {"l": "Beans", "v": 0.0077573908481116758}, {"l": "Tomatoes", "v": 0.0008116666651147229}, {"l": "Bananas", "v": 0.00075314811683951629}, {"l": "Vegetables, Other", "v": 0.064316583330261162}, {"l": "Oranges, Mandarines", "v": 0.0035252733496609003}, {"l": "Onions", "v": 0.00030321547561071435}, {"l": "Apples", "v": 0.00371438957623125}]}, {"source": 16, "prod": 372.0, "target": 7, "value": 1.5979552004470849, "supply": [{"l": "Soyabeans", "v": 1.5401517725995477}, {"l": "Coconuts - Incl Copra", "v": 0.0012869338727590071}, {"l": "Groundnuts", "v": 0.056516493974778106}]}, {"source": 16, "prod": 1.0, "target": 0, "value": 0.00067381216802380958, "supply": [{"l": "Potatoes", "v": 0.00067381216802380958}]}, {"source": 5, "prod": 7.0, "target": 17, "value": 0.019365620867530454, "supply": [{"l": "Alcohol, Non-Food", "v": 0.019365620867530454}]}, {"source": 3, "prod": 3.0, "target": 17, "value": 0.0067026578819210543, "supply": [{"l": "Meat, Other", "v": 0.0067026578819210543}]}, {"source": 4, "prod": 25.0, "target": 17, "value": 0.074722180087660697, "supply": [{"l": "Maize", "v": 0.028632077169105572}, {"l": "Sorghum", "v": 0.043017429390651445}, {"l": "Cereals, Other", "v": 0.0030726735279036749}]}, {"source": 7, "prod": 51.0, "target": 17, "value": 0.26307326154965383, "supply": [{"l": "Cottonseed", "v": 0.021331742002763821}, {"l": "Oilcrops, Other", "v": 0.10915757121985717}, {"l": "Sesame seed", "v": 0.023154636319363639}, {"l": "Groundnuts", "v": 0.01130329879495562}, {"l": "Palm kernels", "v": 0.098126013212713567}]}, {"source": 0, "prod": 1522.0, "target": 17, "value": 1.807266949909373, "supply": [{"l": "Roots, Other", "v": 0.039689180140914632}, {"l": "Cassava", "v": 1.7675777697684583}]}, {"source": 9, "prod": 58.0, "target": 17, "value": 0.049104057760955167, "supply": [{"l": "Fruits, Other", "v": 0.0045522966847721183}, {"l": "Pulses, Other", "v": 0.0040986367737724134}, {"l": "Bananas", "v": 0.0015062962336790326}, {"l": "Vegetables, Other", "v": 0.01468959001987446}, {"l": "Treenuts", "v": 0.024257238048857144}]}, {"source": 10, "prod": 369.0, "target": 17, "value": 0.48027029713225611, "supply": [{"l": "Cocoa Beans", "v": 0.047166851761666677}, {"l": "Nuts", "v": 0.024257238048857144}, {"l": "Pepper", "v": 0.039515555480000006}, {"l": "Infant food", "v": 0.0090964642683214296}, {"l": "Coffee", "v": 0.18660385728209378}, {"l": "Spices, Other", "v": 0.091112552671317071}, {"l": "Tea", "v": 0.082517777619999996}]}, {"source": 2, "prod": 145.0, "target": 17, "value": 0.11134900233135583, "supply": [{"l": "Fish, Seafood", "v": 0.059679329551742058}, {"l": "Crustaceans", "v": 0.014150055528500001}, {"l": "Pelagic Fish", "v": 0.018725522585619759}, {"l": "Molluscs, Other", "v": 0.0008649178195904646}, {"l": "Aquatic Products, Other", "v": 0.0029919487056895653}, {"l": "Aquatic Animals, Others", "v": 0.0029919487056895653}, {"l": "Cephalopods", "v": 0.0014150055528499999}, {"l": "Marine Fish, Other", "v": 0.010530273881674419}]}, {"source": 11, "prod": 255.0, "target": 17, "value": 2.6346706501703503, "supply": [{"l": "Coconut Oil", "v": 0.041062906239568625}, {"l": "Oilcrops Oil, Other", "v": 0.21866558227010618}, {"l": "Palm Oil", "v": 2.3259612002158678}, {"l": "Palmkernel Oil", "v": 0.048980961444807694}]}, {"source": 18, "prod": 155.0, "target": 7, "value": 0.19947475027764611, "supply": [{"l": "Coconuts - Incl Copra", "v": 0.19947475027764611}]}, {"source": 10, "prod": 21.0, "target": 19, "value": 0.020045911998708338, "supply": [{"l": "Coffee", "v": 0.017687569410625003}, {"l": "Cocoa Beans", "v": 0.0023583425880833336}]}, {"source": 4, "prod": 918.0, "target": 19, "value": 3.8745132901573403, "supply": [{"l": "Rice", "v": 3.8745132901573403}]}, {"source": 11, "prod": 230.0, "target": 19, "value": 2.377649226887331, "supply": [{"l": "Palm Oil", "v": 2.377649226887331}]}, {"source": 7, "prod": 16.0, "target": 19, "value": 0.068261574408844228, "supply": [{"l": "Palm kernels", "v": 0.068261574408844228}]}, {"source": 8, "prod": 133.0, "target": 19, "value": 0.55533168746277051, "supply": [{"l": "Sugar", "v": 0.55533168746277051}]}, {"source": 1, "prod": 4310.0, "target": 2, "value": 3.7321408466529871, "supply": [{"l": "Pelagic Fish", "v": 1.0618472807374972}, {"l": "Crustaceans", "v": 0.077610910626015148}, {"l": "Freshwater Fish", "v": 0.37870017032853953}, {"l": "Molluscs, Other", "v": 0.036326548422799518}, {"l": "Aquatic Animals, Others", "v": 0.0029919487056895653}, {"l": "Demersal Fish", "v": 0.12603217160167079}, {"l": "Aquatic Plants", "v": 0.041139294703231528}, {"l": "Fish, Seafood", "v": 1.8137326676812047}, {"l": "Marine Fish, Other", "v": 0.13689356046176743}, {"l": "Cephalopods", "v": 0.01273504997565}, {"l": "Aquatic Products, Other", "v": 0.044131243408921092}]}, {"source": 1, "prod": 2184.0, "target": 3, "value": 2.9204094419878728, "supply": [{"l": "Poultry Meat", "v": 0.31586934978974407}, {"l": "Pigmeat", "v": 0.82173607142150362}, {"l": "Bovine Meat", "v": 0.63442007204703299}, {"l": "Eggs", "v": 0.45188887010370976}, {"l": "Milk - Excluding Butter", "v": 0.47123972805519687}, {"l": "Offals, Edible", "v": 0.12617132846245835}, {"l": "Meat, Other", "v": 0.011171096469868424}, {"l": "Mutton & Goat Meat", "v": 0.12735049975650004}]}, {"source": 13, "prod": 185.0, "target": 5, "value": 0.69757959645821865, "supply": [{"l": "Fats, Animals, Raw", "v": 0.32262126604980002}, {"l": "Alcohol, Non-Food", "v": 0.1161937252051827}, {"l": "Beer", "v": 0.063675249878250004}, {"l": "Beverages, Alcoholic", "v": 0.066033592466333349}, {"l": "Cream", "v": 0.0095512874817375009}, {"l": "Butter, Ghee", "v": 0.116737958110125}, {"l": "Wine", "v": 0.0027665172667900645}]}, {"source": 13, "prod": 1652.0, "target": 11, "value": 17.059921094339405, "supply": [{"l": "Ricebran Oil", "v": 0.12735049975650001}, {"l": "Soyabean Oil", "v": 1.3214487151203884}, {"l": "Coconut Oil", "v": 5.8309326860187447}, {"l": "Cottonseed Oil", "v": 0.01041264677476696}, {"l": "Maize Germ Oil", "v": 0.033513289409605268}, {"l": "Groundnut Oil", "v": 0.19681440871459097}, {"l": "Palm Oil", "v": 8.631900454134442}, {"l": "Palmkernel Oil", "v": 0.47021722987015391}, {"l": "Oilcrops Oil, Other", "v": 0.43733116454021237}]}, {"source": 13, "prod": 2910.0, "target": 8, "value": 12.281089991699245, "supply": [{"l": "Sweeteners, Other", "v": 1.8968049787675882}, {"l": "Sugar non-centrifugal", "v": 1.8956435045721642}, {"l": "Sugar", "v": 8.4886415083594926}]}, {"source": 0, "prod": 7923.75, "target": 20, "value": 27.94323982113994, "supply": [{"l": "Roots, Other", "v": 0.41055499921500005}, {"l": "Potatoes", "v": 0.37917499927499998}, {"l": "Sweet potatoes", "v": 3.6496683263550005}, {"l": "Cassava", "v": 23.188076622330005}]}, {"source": 12, "prod": 8920.8000000000011, "target": 20, "value": 3.2459095377936729, "supply": [{"l": "Sugar cane", "v": 3.2459095377936729}]}, {"source": 9, "prod": 7511.0, "target": 20, "value": 41.06222389207899, "supply": [{"l": "Vegetables, Other", "v": 7.66369331868}, {"l": "Tomatoes", "v": 0.18180569664536606}, {"l": "Beans", "v": 1.19766999771}, {"l": "Pulses, Other", "v": 0.15091332763390117}, {"l": "Onions", "v": 0.80367666513000002}]}, {"source": 4, "prod": 54770.0, "target": 20, "value": 246.49017517267279, "supply": [{"l": "Maize", "v": 31.474139939820002}, {"l": "Cereals, Other", "v": 0.0034866666599999998}, {"l": "Barley", "v": 0.048813333239999993}, {"l": "Rice", "v": 154.36867970484002}, {"l": "Wheat", "v": 5.0207999903999996}, {"l": "Sorghum", "v": 0.048813333239999993}]}, {"source": 7, "prod": 11266.0, "target": 20, "value": 17.425654470354836, "supply": [{"l": "Coconuts - Incl Copra", "v": 32.765949937350008}, {"l": "Sesame seed", "v": 0.0094615454364545461}, {"l": "Cottonseed", "v": 0.034866666600000006}, {"l": "Groundnuts", "v": 2.0571333294000005}, {"l": "Oilcrops, Other", "v": 1.1968854977115002}, {"l": "Soyabeans", "v": 3.0839566607700006}, {"l": "Palm kernels", "v": 0.49161999906000009}]}, {"source": 21, "prod": 0, "target": 4, "value": 0.80635560589990951, "supply": "[{\"l\":'Energy for power irrigation',\"v\":0.80635560589990951}]"}, {"source": 21, "prod": 0, "target": 7, "value": 0.44645844488784076, "supply": "[{\"l\":'Energy for power irrigation',\"v\":0.44645844488784076}]"}, {"source": 21, "prod": 0, "target": 12, "value": 0.65668587631111131, "supply": "[{\"l\":'Energy for power irrigation',\"v\":0.65668587631111131}]"}, {"source": 21, "prod": 0, "target": 0, "value": 0.46663211482559125, "supply": "[{\"l\":'Energy for power irrigation',\"v\":0.46663211482559125}]"}, {"source": 21, "prod": 0, "target": 9, "value": 0.22116256914055946, "supply": "[{\"l\":'Energy for power irrigation',\"v\":0.22116256914055946}]"}, {"source": 21, "prod": 0, "target": 10, "value": 0.018565171061526126, "supply": "[{\"l\":'Energy for power irrigation',\"v\":0.018565171061526126}]"}, {"source": 21, "prod": 0, "target": 13, "value": 0.33025163117340178, "supply": "[{\"l\":'Electricity',\"v\":0.33025163117340178}]"}, {"source": 22, "prod": 0, "target": 21, "value": 6.2855709373664554, "supply": [{"l": "Coal", "v": 0.0}, {"l": "Natural gas", "v": 0.0}, {"l": "Oil", "v": 6.2855709373664554}]}, {"source": 23, "prod": 0, "target": 21, "value": 0.55759445710068656, "supply": [{"l": "Nuclear", "v": 0.0}, {"l": "Hydroelectric", "v": 0.55759445710068656}, {"l": "Renewable", "v": 0.0}]}, {"source": 22, "prod": 0, "target": 4, "value": 5.2957533332023523, "supply": [{"l": "Motor Gasoline", "v": 0.00758653333154317}, {"l": "Gas-Diesel oil", "v": 4.5189822281787215}, {"l": "Fuel oil", "v": 0.76796952758402259}, {"l": "Liquefied petroleum gas (LPG)", "v": 0.0012150441080654357}]}, {"source": 22, "prod": 0, "target": 7, "value": 2.9321229744691566, "supply": [{"l": "Motor Gasoline", "v": 0.0042004691832091762}, {"l": "Gas-Diesel oil", "v": 2.5020447099352001}, {"l": "Fuel oil", "v": 0.42520505655041158}, {"l": "Liquefied petroleum gas (LPG)", "v": 0.00067273880033564583}]}, {"source": 22, "prod": 0, "target": 12, "value": 4.312794991311991, "supply": [{"l": "Motor Gasoline", "v": 0.0061783774460498738}, {"l": "Gas-Diesel oil", "v": 3.6802023608852239}, {"l": "Fuel oil", "v": 0.62542473632203299}, {"l": "Liquefied petroleum gas (LPG)", "v": 0.00098951665868451141}]}, {"source": 22, "prod": 0, "target": 0, "value": 3.0646138743079891, "supply": [{"l": "Motor Gasoline", "v": 0.0043902715709925278}, {"l": "Gas-Diesel oil", "v": 2.6151020946161143}, {"l": "Fuel oil", "v": 0.44441837094715347}, {"l": "Liquefied petroleum gas (LPG)", "v": 0.00070313717372893895}]}, {"source": 22, "prod": 0, "target": 9, "value": 1.4524887086245344, "supply": [{"l": "Motor Gasoline", "v": 0.0020807906464568467}, {"l": "Gas-Diesel oil", "v": 1.2394404059101836}, {"l": "Fuel oil", "v": 0.21063425677135636}, {"l": "Liquefied petroleum gas (LPG)", "v": 0.00033325529653750182}]}, {"source": 22, "prod": 0, "target": 10, "value": 0.1219270577536638, "supply": [{"l": "Motor Gasoline", "v": 0.00017466895254840127}, {"l": "Gas-Diesel oil", "v": 0.10404302701722418}, {"l": "Fuel oil", "v": 0.01768138715142327}, {"l": "Liquefied petroleum gas (LPG)", "v": 2.7974632467966302e-05}]}, {"source": 24, "prod": 448.10775293532424, "target": 4, "value": 6.1622914359723211, "supply": [{"l": "Potash", "v": 0.3492914030572109}, {"l": "Phosphate", "v": 1.3483331677453332}, {"l": "Nitrogen", "v": 18.293171320190091}]}, {"source": 24, "prod": 248.10578490914918, "target": 7, "value": 3.4119029263515293, "supply": [{"l": "Potash", "v": 0.3492914030572109}, {"l": "Phosphate", "v": 1.3483331677453332}, {"l": "Nitrogen", "v": 18.293171320190091}]}, {"source": 24, "prod": 364.93332503062265, "target": 12, "value": 5.0184927370843422, "supply": [{"l": "Potash", "v": 0.3492914030572109}, {"l": "Phosphate", "v": 1.3483331677453332}, {"l": "Nitrogen", "v": 18.293171320190091}]}, {"source": 24, "prod": 259.31669215419214, "target": 0, "value": 3.5660731616421897, "supply": [{"l": "Potash", "v": 0.3492914030572109}, {"l": "Phosphate", "v": 1.3483331677453332}, {"l": "Nitrogen", "v": 18.293171320190091}]}, {"source": 24, "prod": 122.90441235337669, "target": 9, "value": 1.6901577862182986, "supply": [{"l": "Potash", "v": 0.3492914030572109}, {"l": "Phosphate", "v": 1.3483331677453332}, {"l": "Nitrogen", "v": 18.293171320190091}]}, {"source": 24, "prod": 10.317032617335109, "target": 10, "value": 0.14187784372395648, "supply": [{"l": "Potash", "v": 0.3492914030572109}, {"l": "Phosphate", "v": 1.3483331677453332}, {"l": "Nitrogen", "v": 18.293171320190091}]}, {"source": 22, "prod": 0, "target": 24, "value": 23.856552079124949, "supply": [{"l": "Natural gas (including LNG)", "v": 16.189300667452276}, {"l": "Fuel oil", "v": 4.4335458136400865}, {"l": "Liquefied petroleum gas (LPG)", "v": 1.6168527990162929}, {"l": "Coal", "v": 1.6168527990162929}]}, {"source": 25, "prod": 0, "target": 4, "value": 6.2967499984926274, "supply": "[{\"l\":'Labor',\"v\":6.2967499984926274}]"}, {"source": 25, "prod": 0, "target": 7, "value": 3.486349188379652, "supply": "[{\"l\":'Labor',\"v\":3.486349188379652}]"}, {"source": 25, "prod": 0, "target": 12, "value": 5.127994101383333, "supply": "[{\"l\":'Labor',\"v\":5.127994101383333}]"}, {"source": 25, "prod": 0, "target": 0, "value": 3.6438833522407124, "supply": "[{\"l\":'Labor',\"v\":3.6438833522407124}]"}, {"source": 25, "prod": 0, "target": 9, "value": 1.7270363059586682, "supply": "[{\"l\":'Labor',\"v\":1.7270363059586682}]"}, {"source": 25, "prod": 0, "target": 10, "value": 0.14497355756982294, "supply": "[{\"l\":'Labor',\"v\":0.14497355756982294}]"}, {"source": 22, "prod": 0, "target": 16, "value": 5.9495277043238035, "supply": "[{\"l\":'Fossil Fuels',\"v\":5.9495277043238035}]"}, {"source": 23, "prod": 0, "target": 16, "value": 6.6881168723340485, "supply": "[{\"l\":'Renewables & Nuclear',\"v\":0.030196599933003183},{\"l\":'Biomass & Waste',\"v\":6.6579202724010456}]"}]}