{"nodes": [{"layer": 5, "name": "Starchy Roots"}, {"layer": 10, "name": "Feed", "fill": "#dbdb8d"}, {"layer": 13, "name": "Aquatic Products", "fill": "#1f77b4"}, {"layer": 13, "name": "Animal Products", "fill": "#17becf"}, {"layer": 5, "name": "Cereals", "fill": "#e7ba52"}, {"layer": 13, "name": "Other Processed", "fill": "#9c9ede"}, {"layer": 16, "name": "Food", "fill": "#b5cf6b"}, {"layer": 5, "name": "Oilcrops", "fill": "#ff9896"}, {"layer": 13, "name": "Sugar", "fill": "#d6616b"}, {"layer": 5, "name": "Fruits & Vegetables"}, {"layer": 5, "name": "Others"}, {"layer": 13, "name": "Vegetable Oils", "fill": "#f7b6d2"}, {"layer": 5, "name": "Sugar Crops", "fill": "#ffbb78"}, {"layer": 10, "name": "Processing", "fill": "#9edae5"}, {"layer": 16, "name": "Biofuels & Other", "fill": "#e7ba52"}, {"name": "Waste", "fill": "#c7c7c7"}, {"layer": 2, "name": "Import", "fill": "#aec7e8"}, {"layer": 16, "name": "Export", "fill": "#aec7e8"}, {"layer": 0, "name": "Stock Draw", "fill": "#c7c7c7"}, {"layer": 16, "name": "Stock Deposit", "fill": "#c7c7c7"}, {"layer": 2, "name": "Electricity", "fill": "#bcbd22"}, {"layer": 0, "name": "Fossil Fuels", "fill": "#c49c94"}, {"layer": 0, "name": "Renewables & Nuclear", "fill": "#2ca02c"}, {"layer": 2, "name": "Fertilizers", "fill": "#c5b0d5"}, {"layer": 0, "name": "Labor", "fill": "#7f7f7f"}], "links": [{"source": 0, "prod": 264.0, "target": 1, "value": 0.32089111914225921, "supply": [{"l": "Roots, Other", "v": 0.03773348140933333}, {"l": "Cassava", "v": 0.2831576377329259}]}, {"source": 2, "prod": 20.0, "target": 1, "value": 0.019285089756358526, "supply": [{"l": "Fish, Seafood", "v": 0.0087444163378370791}, {"l": "Pelagic Fish", "v": 0.010540673418521447}]}, {"source": 3, "prod": 7.0, "target": 1, "value": 0.0040155562986283781, "supply": [{"l": "Milk - Excluding Butter", "v": 0.0040155562986283781}]}, {"source": 4, "prod": 476.0, "target": 1, "value": 1.9265971278218139, "supply": [{"l": "Maize", "v": 0.15155127928306381}, {"l": "Wheat", "v": 0.089181528948799021}, {"l": "Cereals, Other", "v": 0.0061504502723309677}, {"l": "Rice", "v": 1.6766386441814547}, {"l": "Oats", "v": 0.0030752251361654838}]}, {"source": 5, "prod": 99.0, "target": 6, "value": 0.35418032833078567, "supply": [{"l": "Beer", "v": 0.026348379259965519}, {"l": "Beverages, Alcoholic", "v": 0.024143532245503127}, {"l": "Butter, Ghee", "v": 0.063675249878250004}, {"l": "Fats, Animals, Raw", "v": 0.22886176767834787}, {"l": "Cream", "v": 0.0089975896567092411}, {"l": "Wine", "v": 0.0015545131425676057}, {"l": "Beverages, Fermented", "v": 0.00059929646944235297}]}, {"source": 3, "prod": 1334.0, "target": 6, "value": 2.0839402117378474, "supply": [{"l": "Pigmeat", "v": 0.61571524808526112}, {"l": "Eggs", "v": 0.1691942353907786}, {"l": "Mutton & Goat Meat", "v": 0.11320044422800001}, {"l": "Milk - Excluding Butter", "v": 0.33673307818497977}, {"l": "Meat, Other", "v": 0.0063358457590298525}, {"l": "Poultry Meat", "v": 0.16865336454239191}, {"l": "Offals, Edible", "v": 0.11232967158009233}, {"l": "Bovine Meat", "v": 0.56177832396731342}]}, {"source": 4, "prod": 18881.0, "target": 6, "value": 76.377211883202691, "supply": [{"l": "Maize", "v": 6.9141696850273267}, {"l": "Rice", "v": 66.593857146132962}, {"l": "Wheat", "v": 2.8691850520423956}]}, {"source": 7, "prod": 1688.0, "target": 6, "value": 4.5545192764204145, "supply": [{"l": "Coconuts - Incl Copra", "v": 1.4043760039253459}, {"l": "Groundnuts", "v": 2.0818893463461294}, {"l": "Soyabeans", "v": 1.0682539261489388}]}, {"source": 8, "prod": 1779.0, "target": 6, "value": 7.5233669949192556, "supply": [{"l": "Sugar", "v": 5.1066289506319311}, {"l": "Sugar non-centrifugal", "v": 1.1221974731018318}, {"l": "Sweeteners, Other", "v": 1.2945405711854934}]}, {"source": 0, "prod": 11847.0, "target": 6, "value": 13.99279143969135, "supply": [{"l": "Roots, Other", "v": 0.33645687589988887}, {"l": "Potatoes", "v": 0.11262289094112246}, {"l": "Sweet potatoes", "v": 2.2480815742877009}, {"l": "Cassava", "v": 11.295630098562638}]}, {"source": 9, "prod": 4889.0, "target": 6, "value": 3.1818738361598236, "supply": [{"l": "Tomatoes", "v": 0.012211083484322699}, {"l": "Treenuts", "v": 0.058777153733769232}, {"l": "Vegetables, Other", "v": 0.67472749720386604}, {"l": "Grapes", "v": 0.0015105294849265935}, {"l": "Dates", "v": 0.0005035098283088645}, {"l": "Beans", "v": 0.78431736357971449}, {"l": "Pulses, Other", "v": 0.016081400154952647}, {"l": "Pineapples", "v": 0.056600222114000003}, {"l": "Bananas", "v": 0.84339092987778264}, {"l": "Fruits, Other", "v": 0.61782031348668742}, {"l": "Oranges, Mandarines", "v": 0.056466731024108492}, {"l": "Onions", "v": 0.056263316029988096}, {"l": "Apples", "v": 0.0032037861573962268}]}, {"source": 10, "prod": 126.0, "target": 6, "value": 0.28315285830154507, "supply": [{"l": "Nuts", "v": 0.058777153733769232}, {"l": "Cloves", "v": 0.0074912058680294122}, {"l": "Coffee", "v": 0.011171096469868422}, {"l": "Cocoa Beans", "v": 0.0022946035992162162}, {"l": "Pepper", "v": 0.0058111111000000003}, {"l": "Spices, Other", "v": 0.16855213203066177}, {"l": "Tea", "v": 0.029055555500000003}]}, {"source": 2, "prod": 2827.0, "target": 6, "value": 2.5088192457748066, "supply": [{"l": "Crustaceans", "v": 0.056356255639370689}, {"l": "Marine Fish, Other", "v": 0.11292568586822328}, {"l": "Freshwater Fish", "v": 0.33656917792789287}, {"l": "Pelagic Fish", "v": 0.61768346232535665}, {"l": "Fish, Seafood", "v": 1.2364604701701629}, {"l": "Cephalopods", "v": 0.014150055528500001}, {"l": "Molluscs, Other", "v": 0.022735482478376406}, {"l": "Demersal Fish", "v": 0.11193865583692357}]}, {"source": 11, "prod": 588.0, "target": 6, "value": 6.1146316748316698, "supply": [{"l": "Maize Germ Oil", "v": 0.011320044422799999}, {"l": "Groundnut Oil", "v": 0.10612541646375}, {"l": "Soyabean Oil", "v": 0.72165283195350005}, {"l": "Palm Oil", "v": 0.27927741174671056}, {"l": "Coconut Oil", "v": 4.9396557481309094}, {"l": "Palmkernel Oil", "v": 0.056600222114000003}]}, {"source": 12, "prod": 14034.0, "target": 13, "value": 5.5851153549460033, "supply": [{"l": "Sugar cane", "v": 5.5851153549460033}]}, {"source": 9, "prod": 15.0, "target": 13, "value": 0.0072443420460310175, "supply": [{"l": "Bananas", "v": 0.00076532752257512022}, {"l": "Fruits, Other", "v": 0.0064790145234558975}]}, {"source": 4, "prod": 9.0, "target": 13, "value": 0.02767702622548935, "supply": [{"l": "Barley", "v": 0.02767702622548935}]}, {"source": 7, "prod": 8980.0526315789466, "target": 13, "value": 20.255105801465966, "supply": [{"l": "Coconuts - Incl Copra", "v": 7.7310835238796729}, {"l": "Cottonseed", "v": 0.004290176410236702}, {"l": "Soyabeans", "v": 1.6302670358899467}, {"l": "Groundnuts", "v": 0.15398589839838236}, {"l": "Palm kernels", "v": 0.23166952615278191}, {"l": "Oilcrops, Other", "v": 0.65090255431100019}, {"l": "Oil Palm", "v": 9.8529070864239472}]}, {"source": 8, "prod": 280.0, "target": 13, "value": 1.220442289333125, "supply": [{"l": "Sweeteners, Other", "v": 1.220442289333125}]}, {"source": 5, "prod": 49.0, "target": 14, "value": 0.056948888780000005, "supply": [{"l": "Alcohol, Non-Food", "v": 0.056948888780000005}]}, {"source": 3, "prod": 4.0, "target": 14, "value": 0.0022946035992162162, "supply": [{"l": "Milk - Excluding Butter", "v": 0.0022946035992162162}]}, {"source": 7, "prod": 3.0, "target": 14, "value": 0.014150055528500001, "supply": [{"l": "Oilcrops, Other", "v": 0.014150055528500001}]}, {"source": 8, "prod": 38.0, "target": 14, "value": 0.15971349804445545, "supply": [{"l": "Sugar", "v": 0.15971349804445545}]}, {"source": 0, "prod": 662.0, "target": 14, "value": 0.78104315074665398, "supply": [{"l": "Cassava", "v": 0.78104315074665398}]}, {"source": 10, "prod": 27.0, "target": 14, "value": 0.10113127921839707, "supply": [{"l": "Cloves", "v": 0.10113127921839707}]}, {"source": 2, "prod": 61.0, "target": 14, "value": 0.051810859749971044, "supply": [{"l": "Aquatic Animals, Others", "v": 0.0042467917827845123}, {"l": "Aquatic Plants", "v": 0.022083317270479467}, {"l": "Aquatic Products, Other", "v": 0.025480750696707067}]}, {"source": 11, "prod": 196.0, "target": 14, "value": 2.0304821906285233, "supply": [{"l": "Coconut Oil", "v": 1.8009161581727275}, {"l": "Palm Oil", "v": 0.13405315763842107}, {"l": "Oilcrops Oil, Other", "v": 0.095512874817374999}]}, {"source": 0, "prod": 226.0, "target": 0, "value": 0.25979432976906702, "supply": [{"l": "Sweet potatoes", "v": 0.24939837060527112}, {"l": "Potatoes", "v": 0.010395959163795918}]}, {"source": 9, "prod": 15.0, "target": 9, "value": 0.060643095122142866, "supply": [{"l": "Beans", "v": 0.060643095122142866}]}, {"source": 3, "prod": 13.0, "target": 3, "value": 0.023650807097635718, "supply": [{"l": "Eggs", "v": 0.023650807097635718}]}, {"source": 4, "prod": 225.0, "target": 4, "value": 0.8705286960235421, "supply": [{"l": "Maize", "v": 0.18872423457890963}, {"l": "Rice", "v": 0.68180446144463247}]}, {"source": 7, "prod": 51.0, "target": 7, "value": 0.25805344696174226, "supply": [{"l": "Groundnuts", "v": 0.1293481546546412}, {"l": "Soyabeans", "v": 0.12870529230710109}]}, {"source": 3, "prod": 12.0, "target": 15, "value": 0.019340230336250968, "supply": [{"l": "Milk - Excluding Butter", "v": 0.0011473017996081081}, {"l": "Eggs", "v": 0.018192928536642859}]}, {"source": 4, "prod": 1224.0, "target": 15, "value": 5.0812730704025046, "supply": [{"l": "Maize", "v": 0.28880526806772538}, {"l": "Rice", "v": 4.7340385247476355}, {"l": "Wheat", "v": 0.058429277587144182}]}, {"source": 7, "prod": 858.0, "target": 15, "value": 1.3148139239827341, "supply": [{"l": "Soyabeans", "v": 0.15015617435828457}, {"l": "Coconuts - Incl Copra", "v": 1.0178856050249101}, {"l": "Groundnuts", "v": 0.1231887187187059}, {"l": "Oilcrops, Other", "v": 0.023583425880833338}]}, {"source": 0, "prod": 1451.0, "target": 15, "value": 1.7085752385152706, "supply": [{"l": "Roots, Other", "v": 0.0078611419602777795}, {"l": "Potatoes", "v": 0.0051979795818979588}, {"l": "Sweet potatoes", "v": 0.27736828132735758}, {"l": "Cassava", "v": 1.4181478356457373}]}, {"source": 9, "prod": 496.0, "target": 15, "value": 0.33621287656322923, "supply": [{"l": "Fruits, Other", "v": 0.068492439247962347}, {"l": "Beans", "v": 0.092986079187285728}, {"l": "Pulses, Other", "v": 0.0040203500387381618}, {"l": "Tomatoes", "v": 0.001332118198289749}, {"l": "Pineapples", "v": 0.0048980961444807687}, {"l": "Bananas", "v": 0.093369957754164665}, {"l": "Vegetables, Other", "v": 0.058305048081289168}, {"l": "Oranges, Mandarines", "v": 0.0064075723147924537}, {"l": "Onions", "v": 0.0064012155962261908}]}, {"source": 10, "prod": 12.0, "target": 15, "value": 0.01279460936666099, "supply": [{"l": "Pepper", "v": 0.0011622222200000001}, {"l": "Cloves", "v": 0.0074912058680294122}, {"l": "Coffee", "v": 0.0029789590586315794}, {"l": "Tea", "v": 0.0011622222200000001}]}, {"source": 16, "prod": 16.0, "target": 10, "value": 0.056547442770277463, "supply": [{"l": "Infant food", "v": 0.0032653974296538461}, {"l": "Cocoa Beans", "v": 0.0045892071984324325}, {"l": "Cloves", "v": 0.037456029340147065}, {"l": "Spices, Other", "v": 0.01123680880204412}]}, {"source": 16, "prod": 480.0, "target": 1, "value": 0.31332781091003509, "supply": [{"l": "Pigmeat", "v": 0.0041323171012433635}, {"l": "Meat, Other", "v": 0.0021119485863432836}, {"l": "Marine Fish, Other", "v": 0.0024728252379902912}, {"l": "Milk - Excluding Butter", "v": 0.22659210542260133}, {"l": "Fish, Seafood", "v": 0.035852106985132026}, {"l": "Pelagic Fish", "v": 0.040054558990381489}, {"l": "Bovine Meat", "v": 0.0021119485863432836}]}, {"source": 16, "prod": 248.0, "target": 13, "value": 1.0908912943173996, "supply": [{"l": "Sugar", "v": 0.93306306752287138}, {"l": "Beer", "v": 0.0020665395498012172}, {"l": "Beverages, Alcoholic", "v": 0.0068981520701437505}, {"l": "Fats, Animals, Raw", "v": 0.0073826376670434787}, {"l": "Butter, Ghee", "v": 0.063675249878250004}, {"l": "Palm Oil", "v": 0.022342192939736844}, {"l": "Coconut Oil", "v": 0.010290949475272728}, {"l": "Oilcrops Oil, Other", "v": 0.02122508329275}, {"l": "Wine", "v": 0.0015545131425676057}, {"l": "Sweeteners, Other", "v": 0.021793612309520091}, {"l": "Beverages, Fermented", "v": 0.00059929646944235297}]}, {"source": 16, "prod": 2397.0, "target": 4, "value": 8.9755857982008678, "supply": [{"l": "Maize", "v": 0.19730260887795098}, {"l": "Barley", "v": 0.024601801089323871}, {"l": "Rice", "v": 5.7245846291105931}, {"l": "Wheat", "v": 3.0167958585783397}, {"l": "Oats", "v": 0.0030752251361654838}, {"l": "Cereals, Other", "v": 0.0092256754084964511}]}, {"source": 16, "prod": 117.0, "target": 9, "value": 0.06490735338421795, "supply": [{"l": "Vegetables, Other", "v": 0.026851008984804223}, {"l": "Fruits, Other", "v": 0.010181308536859269}, {"l": "Pulses, Other", "v": 0.0080407000774763236}, {"l": "Grapes", "v": 0.0015105294849265935}, {"l": "Dates", "v": 0.0005035098283088645}, {"l": "Beans", "v": 0.0080857460162857154}, {"l": "Apples", "v": 0.0032037861573962268}, {"l": "Bananas", "v": 0.0045919651354507209}, {"l": "Oranges, Mandarines", "v": 0.0016018930786981134}, {"l": "Onions", "v": 0.00033690608401190479}]}, {"source": 16, "prod": 189.0, "target": 7, "value": 0.82819324587392662, "supply": [{"l": "Groundnuts", "v": 0.04311605155154706}, {"l": "Oilcrops, Other", "v": 0.047166851761666677}, {"l": "Soyabeans", "v": 0.73791034256071286}]}, {"source": 16, "prod": 177.0, "target": 0, "value": 0.20890766916929701, "supply": [{"l": "Roots, Other", "v": 0.0015722283920555555}, {"l": "Potatoes", "v": 0.00086632993031632646}, {"l": "Cassava", "v": 0.20646911084692512}]}, {"source": 3, "prod": 3.0, "target": 17, "value": 0.0063358457590298525, "supply": [{"l": "Meat, Other", "v": 0.0063358457590298525}]}, {"source": 4, "prod": 7.0, "target": 17, "value": 0.020663507807218248, "supply": [{"l": "Maize", "v": 0.011437832398721797}, {"l": "Sorghum", "v": 0.0030752251361654838}, {"l": "Cereals, Other", "v": 0.0061504502723309677}]}, {"source": 7, "prod": 67.0, "target": 17, "value": 0.23836417553093578, "supply": [{"l": "Cottonseed", "v": 0.004290176410236702}, {"l": "Oilcrops, Other", "v": 0.05188353693783334}, {"l": "Coconuts - Incl Copra", "v": 0.025510917419170678}, {"l": "Sesame seed", "v": 0.0070750277642500003}, {"l": "Soyabeans", "v": 0.004290176410236702}, {"l": "Groundnuts", "v": 0.01231887187187059}, {"l": "Palm kernels", "v": 0.13299546871733778}]}, {"source": 0, "prod": 622.0, "target": 17, "value": 0.73165575620283685, "supply": [{"l": "Potatoes", "v": 0.0060643095122142852}, {"l": "Cassava", "v": 0.72559144669062259}]}, {"source": 9, "prod": 58.0, "target": 17, "value": 0.044532586674354446, "supply": [{"l": "Pulses, Other", "v": 0.0080407000774763236}, {"l": "Tomatoes", "v": 0.00022201969971495815}, {"l": "Bananas", "v": 0.00076532752257512022}, {"l": "Fruits, Other", "v": 0.0027767205100525279}, {"l": "Vegetables, Other", "v": 0.015727019548242471}, {"l": "Treenuts", "v": 0.016326987148269231}, {"l": "Onions", "v": 0.00067381216802380958}]}, {"source": 10, "prod": 236.0, "target": 17, "value": 0.2183958755136591, "supply": [{"l": "Cocoa Beans", "v": 0.0045892071984324325}, {"l": "Nuts", "v": 0.016326987148269231}, {"l": "Pepper", "v": 0.03602888882}, {"l": "Coffee", "v": 0.050642303996736845}, {"l": "Spices, Other", "v": 0.056184044010220591}, {"l": "Tea", "v": 0.054624444340000002}]}, {"source": 2, "prod": 146.0, "target": 17, "value": 0.11911324216952214, "supply": [{"l": "Molluscs, Other", "v": 0.00087444163378370802}, {"l": "Fish, Seafood", "v": 0.058587589463508435}, {"l": "Crustaceans", "v": 0.040986367737724141}, {"l": "Pelagic Fish", "v": 0.0010540673418521446}, {"l": "Aquatic Products, Other", "v": 0.0050961501393414141}, {"l": "Aquatic Animals, Others", "v": 0.0050961501393414141}, {"l": "Marine Fish, Other", "v": 0.0074184757139708736}]}, {"source": 11, "prod": 443.0, "target": 17, "value": 4.9982363009827502, "supply": [{"l": "Coconut Oil", "v": 0.13378234317854548}, {"l": "Groundnut Oil", "v": 0.02122508329275}, {"l": "Oilcrops Oil, Other", "v": 0.010612541646375}, {"l": "Palm Oil", "v": 4.5354651667665795}, {"l": "Palmkernel Oil", "v": 0.29715116609850001}]}, {"source": 18, "prod": 3.0, "target": 7, "value": 0.01329703799664007, "supply": [{"l": "Palm kernels", "v": 0.0085803528204734039}, {"l": "Oilcrops, Other", "v": 0.0047166851761666672}]}, {"source": 10, "prod": 22.0, "target": 19, "value": 0.01203660484501138, "supply": [{"l": "Cocoa Beans", "v": 0.0045892071984324325}, {"l": "Coffee", "v": 0.0074473976465789481}]}, {"source": 18, "prod": 22.0, "target": 13, "value": 0.16401563424153243, "supply": [{"l": "Sweeteners, Other", "v": 0.052304669542848223}, {"l": "Palm Oil", "v": 0.11171096469868422}]}, {"source": 0, "prod": 73.0, "target": 19, "value": 0.086127114810431629, "supply": [{"l": "Cassava", "v": 0.086127114810431629}]}, {"source": 8, "prod": 24.0, "target": 19, "value": 0.10087168297544556, "supply": [{"l": "Sugar", "v": 0.10087168297544556}]}, {"source": 18, "prod": 308.0, "target": 4, "value": 1.3207281391506087, "supply": [{"l": "Rice", "v": 1.3207281391506087}]}, {"source": 1, "prod": 3054.0, "target": 2, "value": 2.6990284374506581, "supply": [{"l": "Pelagic Fish", "v": 0.62927820308573024}, {"l": "Crustaceans", "v": 0.097342623377094831}, {"l": "Freshwater Fish", "v": 0.33656917792789287}, {"l": "Molluscs, Other", "v": 0.023609924112160115}, {"l": "Aquatic Animals, Others", "v": 0.0093429419221259264}, {"l": "Marine Fish, Other", "v": 0.12034416158219416}, {"l": "Aquatic Plants", "v": 0.022083317270479467}, {"l": "Fish, Seafood", "v": 1.3037924759715085}, {"l": "Demersal Fish", "v": 0.11193865583692357}, {"l": "Cephalopods", "v": 0.014150055528500001}, {"l": "Aquatic Products, Other", "v": 0.030576900836048481}]}, {"source": 1, "prod": 1360.0, "target": 3, "value": 2.1159264477309732, "supply": [{"l": "Poultry Meat", "v": 0.16865336454239191}, {"l": "Pigmeat", "v": 0.61571524808526112}, {"l": "Bovine Meat", "v": 0.56177832396731342}, {"l": "Eggs", "v": 0.2110379710250572}, {"l": "Milk - Excluding Butter", "v": 0.34419053988243248}, {"l": "Offals, Edible", "v": 0.11232967158009233}, {"l": "Meat, Other", "v": 0.012671691518059705}, {"l": "Mutton & Goat Meat", "v": 0.11320044422800001}]}, {"source": 13, "prod": 148.0, "target": 5, "value": 0.41112921711078565, "supply": [{"l": "Fats, Animals, Raw", "v": 0.22886176767834787}, {"l": "Alcohol, Non-Food", "v": 0.056948888780000005}, {"l": "Beverages, Fermented", "v": 0.00059929646944235297}, {"l": "Beer", "v": 0.026348379259965519}, {"l": "Beverages, Alcoholic", "v": 0.024143532245503127}, {"l": "Cream", "v": 0.0089975896567092411}, {"l": "Butter, Ghee", "v": 0.063675249878250004}, {"l": "Wine", "v": 0.0015545131425676057}]}, {"source": 13, "prod": 1227.0, "target": 11, "value": 13.143350166442943, "supply": [{"l": "Soyabean Oil", "v": 0.72165283195350005}, {"l": "Coconut Oil", "v": 6.8743542494821819}, {"l": "Maize Germ Oil", "v": 0.011320044422799999}, {"l": "Groundnut Oil", "v": 0.12735049975650001}, {"l": "Palm Oil", "v": 4.9487957361517108}, {"l": "Palmkernel Oil", "v": 0.35375138821250002}, {"l": "Oilcrops Oil, Other", "v": 0.10612541646375}]}, {"source": 13, "prod": 2121.0, "target": 8, "value": 9.0043944652722807, "supply": [{"l": "Sweeteners, Other", "v": 2.5149828605186184}, {"l": "Sugar non-centrifugal", "v": 1.1221974731018318}, {"l": "Sugar", "v": 5.3672141316518323}]}, {"source": 20, "prod": 0, "target": 4, "value": 0.73338108760901155, "supply": "[{\"l\":'Energy for power irrigation',\"v\":0.73338108760901155}]"}, {"source": 20, "prod": 0, "target": 7, "value": 0.43514092572304824, "supply": "[{\"l\":'Energy for power irrigation',\"v\":0.43514092572304824}]"}, {"source": 20, "prod": 0, "target": 12, "value": 0.52867629872122812, "supply": "[{\"l\":'Energy for power irrigation',\"v\":0.52867629872122812}]"}, {"source": 20, "prod": 0, "target": 0, "value": 0.56721383994909014, "supply": "[{\"l\":'Energy for power irrigation',\"v\":0.56721383994909014}]"}, {"source": 20, "prod": 0, "target": 9, "value": 0.20393253121899446, "supply": "[{\"l\":'Energy for power irrigation',\"v\":0.20393253121899446}]"}, {"source": 20, "prod": 0, "target": 10, "value": 0.015671180010548017, "supply": "[{\"l\":'Energy for power irrigation',\"v\":0.015671180010548017}]"}, {"source": 20, "prod": 0, "target": 13, "value": 0.1404543547371396, "supply": "[{\"l\":'Electricity',\"v\":0.1404543547371396}]"}, {"source": 21, "prod": 0, "target": 20, "value": 3.9488932691423013, "supply": [{"l": "Coal", "v": 0.0}, {"l": "Natural gas", "v": 0.0}, {"l": "Oil", "v": 3.9488932691423013}]}, {"source": 22, "prod": 0, "target": 20, "value": 1.1238907756949856, "supply": [{"l": "Nuclear", "v": 0.0}, {"l": "Hydroelectric", "v": 1.1238907756949856}, {"l": "Renewable", "v": 0.0}]}, {"source": 21, "prod": 0, "target": 4, "value": 5.0721365939828464, "supply": [{"l": "Motor Gasoline", "v": 0.0072661868692290117}, {"l": "Gas-Diesel oil", "v": 4.3281651702691981}, {"l": "Fuel oil", "v": 0.73554149878940378}, {"l": "Liquefied petroleum gas (LPG)", "v": 0.0011637380550153465}]}, {"source": 21, "prod": 0, "target": 7, "value": 3.009477951081438, "supply": [{"l": "Motor Gasoline", "v": 0.0043112855433199183}, {"l": "Gas-Diesel oil", "v": 2.5680534045585759}, {"l": "Fuel oil", "v": 0.43642277405110264}, {"l": "Liquefied petroleum gas (LPG)", "v": 0.00069048692843916087}]}, {"source": 21, "prod": 0, "target": 12, "value": 3.656377900141528, "supply": [{"l": "Motor Gasoline", "v": 0.0052380145121614938}, {"l": "Gas-Diesel oil", "v": 3.1200672898889419}, {"l": "Fuel oil", "v": 0.53023368574124174}, {"l": "Liquefied petroleum gas (LPG)", "v": 0.00083890999918252382}]}, {"source": 21, "prod": 0, "target": 0, "value": 3.922907370844448, "supply": [{"l": "Motor Gasoline", "v": 0.0056198364336337188}, {"l": "Gas-Diesel oil", "v": 3.3475027208107311}, {"l": "Fuel oil", "v": 0.56888475176043007}, {"l": "Liquefied petroleum gas (LPG)", "v": 0.00090006183965307544}]}, {"source": 21, "prod": 0, "target": 9, "value": 1.4104176829425796, "supply": [{"l": "Motor Gasoline", "v": 0.0020205209891396782}, {"l": "Gas-Diesel oil", "v": 1.2035402788808456}, {"l": "Fuel oil", "v": 0.20453328044464955}, {"l": "Liquefied petroleum gas (LPG)", "v": 0.00032360262794460542}]}, {"source": 21, "prod": 0, "target": 10, "value": 0.10838344067684734, "supply": [{"l": "Motor Gasoline", "v": 0.00015526678331617368}, {"l": "Gas-Diesel oil", "v": 0.092485962134373656}, {"l": "Fuel oil", "v": 0.015717344539572221}, {"l": "Liquefied petroleum gas (LPG)", "v": 2.4867219585287864e-05}]}, {"source": 23, "prod": 145.43527241656335, "target": 4, "value": 2.0635125993884063, "supply": [{"l": "Potash", "v": 0.076916666728200009}, {"l": "Phosphate", "v": 0.46880833370837999}, {"l": "Nitrogen", "v": 6.4435444495992789}]}, {"source": 23, "prod": 86.291888543853759, "target": 7, "value": 1.2243549743919131, "supply": [{"l": "Potash", "v": 0.076916666728200009}, {"l": "Phosphate", "v": 0.46880833370837999}, {"l": "Nitrogen", "v": 6.4435444495992789}]}, {"source": 23, "prod": 104.84069309092099, "target": 12, "value": 1.4875352280571652, "supply": [{"l": "Potash", "v": 0.076916666728200009}, {"l": "Phosphate", "v": 0.46880833370837999}, {"l": "Nitrogen", "v": 6.4435444495992789}]}, {"source": 23, "prod": 112.48299243765123, "target": 0, "value": 1.5959682149677026, "supply": [{"l": "Potash", "v": 0.076916666728200009}, {"l": "Phosphate", "v": 0.46880833370837999}, {"l": "Nitrogen", "v": 6.4435444495992789}]}, {"source": 23, "prod": 40.441434519573953, "target": 9, "value": 0.57380447178904548, "supply": [{"l": "Potash", "v": 0.076916666728200009}, {"l": "Phosphate", "v": 0.46880833370837999}, {"l": "Nitrogen", "v": 6.4435444495992789}]}, {"source": 23, "prod": 3.1077189914367347, "target": 10, "value": 0.044093961441626105, "supply": [{"l": "Potash", "v": 0.076916666728200009}, {"l": "Phosphate", "v": 0.46880833370837999}, {"l": "Nitrogen", "v": 6.4435444495992789}]}, {"source": 21, "prod": 0, "target": 23, "value": 8.2937789725949695, "supply": [{"l": "Natural gas (including LNG)", "v": 5.6460540158857357}, {"l": "Fuel oil", "v": 1.5086919594703236}, {"l": "Liquefied petroleum gas (LPG)", "v": 0.56951649861945497}, {"l": "Coal", "v": 0.56951649861945497}]}, {"source": 24, "prod": 0, "target": 4, "value": 4.7624172733493113, "supply": "[{\"l\":'Labor',\"v\":4.7624172733493113}]"}, {"source": 24, "prod": 0, "target": 7, "value": 2.8257105289705464, "supply": "[{\"l\":'Labor',\"v\":2.8257105289705464}]"}, {"source": 24, "prod": 0, "target": 12, "value": 3.433108897379507, "supply": "[{\"l\":'Labor',\"v\":3.433108897379507}]"}, {"source": 24, "prod": 0, "target": 0, "value": 3.6833633082402191, "supply": "[{\"l\":'Labor',\"v\":3.6833633082402191}]"}, {"source": 24, "prod": 0, "target": 9, "value": 1.3242935026338862, "supply": "[{\"l\":'Labor',\"v\":1.3242935026338862}]"}, {"source": 24, "prod": 0, "target": 10, "value": 0.1017652345240042, "supply": "[{\"l\":'Labor',\"v\":0.1017652345240042}]"}, {"source": 21, "prod": 0, "target": 16, "value": 3.9600014052647943, "supply": "[{\"l\":'Fossil Fuels',\"v\":3.9600014052647943}]"}, {"source": 22, "prod": 0, "target": 16, "value": 7.5379901985178748, "supply": "[{\"l\":'Renewables & Nuclear',\"v\":0.025111147646479419},{\"l\":'Biomass & Waste',\"v\":7.512879050871395}]"}]}