{"nodes": [{"layer": 3, "name": "Cereals", "fill": "#e7ba52"}, {"layer": 5, "name": "Production", "fill": "#b5cf6b"}, {"layer": 3, "name": "Oilcrops", "fill": "#ff9896"}, {"layer": 3, "name": "Fruits, Roots & Vegetables", "fill": "#98df8a"}, {"layer": 1, "name": "Electricity", "fill": "#bcbd22"}, {"layer": 0, "name": "Fossil Fuels", "fill": "#c49c94"}, {"layer": 0, "name": "Renewables & Nuclear", "fill": "#2ca02c"}, {"layer": 1, "name": "Fertilizers", "fill": "#c5b0d5"}, {"layer": 0, "name": "Labor", "fill": "#7f7f7f"}], "links": [{"source": 0, "prod": 3598.0, "target": 1, "value": 13.415127029338219, "supply": [{"l": "Maize", "v": 5.7869743071887578}, {"l": "Oats", "v": 0.20518965061875735}, {"l": "Barley", "v": 0.30430568855673035}, {"l": "Rice", "v": 6.4861120915736139}, {"l": "Sorghum", "v": 0.10169879481445993}, {"l": "Wheat", "v": 0.27551504905430413}, {"l": "Millet", "v": 0.25533144753159653}]}, {"source": 2, "prod": 251.0, "target": 1, "value": 1.0883187683748781, "supply": [{"l": "Soyabeans", "v": 1.0623031802862355}, {"l": "Cottonseed", "v": 0.026015588088642502}]}, {"source": 3, "prod": 2358.0, "target": 1, "value": 1.78339313529489, "supply": [{"l": "Potatoes", "v": 0.32359001787045172}, {"l": "Nuts", "v": 0.012863686844090911}, {"l": "Beans", "v": 0.80192160470130758}, {"l": "Tomatoes", "v": 0.0067381216802380947}, {"l": "Treenuts", "v": 0.012863686844090911}, {"l": "Fruits, Other", "v": 0.046254662647408018}, {"l": "Vegetables, Other", "v": 0.36109545943863097}, {"l": "Sweet potatoes", "v": 0.15250193893986597}, {"l": "Onions", "v": 0.0064685968130285716}, {"l": "Apples", "v": 0.059095359515777268}]}, {"source": 4, "prod": 0, "target": 3, "value": 0.06155907682233161, "supply": "[{\"l\":'Energy for power irrigation',\"v\":0.06155907682233161}]"}, {"source": 4, "prod": 0, "target": 0, "value": 0.097742656328587585, "supply": "[{\"l\":'Energy for power irrigation',\"v\":0.097742656328587585}]"}, {"source": 4, "prod": 0, "target": 2, "value": 0.0065527261587808453, "supply": "[{\"l\":'Energy for power irrigation',\"v\":0.0065527261587808453}]"}, {"source": 5, "prod": 0, "target": 4, "value": 0.17333027754232894, "supply": [{"l": "Coal", "v": 0.15229051418951223}, {"l": "Natural gas", "v": 0.0}, {"l": "Oil", "v": 0.021039763352816716}]}, {"source": 6, "prod": 0, "target": 4, "value": 0.098466048701719905, "supply": [{"l": "Nuclear", "v": 0.0}, {"l": "Hydroelectric", "v": 0.098466048701719905}, {"l": "Renewable", "v": 0.0}]}, {"source": 5, "prod": 0, "target": 3, "value": 1.5840144617456726, "supply": [{"l": "Other fossil fuels", "v": 1.5840144617456726}]}, {"source": 5, "prod": 0, "target": 0, "value": 2.5150763972755712, "supply": [{"l": "Other fossil fuels", "v": 2.5150763972755712}]}, {"source": 5, "prod": 0, "target": 2, "value": 0.1686122264199168, "supply": [{"l": "Other fossil fuels", "v": 0.1686122264199168}]}, {"source": 7, "prod": 93.199087045490316, "target": 3, "value": 1.1715120920752546, "supply": [{"l": "Potash", "v": 0.077173055617293998}, {"l": "Phosphate", "v": 0.29037500023230001}, {"l": "Nitrogen", "v": 2.7887777800087998}]}, {"source": 7, "prod": 147.9802298126869, "target": 0, "value": 1.8601108026843736, "supply": [{"l": "Potash", "v": 0.077173055617293998}, {"l": "Phosphate", "v": 0.29037500023230001}, {"l": "Nitrogen", "v": 2.7887777800087998}]}, {"source": 7, "prod": 9.9206831418227601, "target": 2, "value": 0.12470294109876544, "supply": [{"l": "Potash", "v": 0.077173055617293998}, {"l": "Phosphate", "v": 0.29037500023230001}, {"l": "Nitrogen", "v": 2.7887777800087998}]}, {"source": 5, "prod": 0, "target": 7, "value": 3.7858421339576709, "supply": [{"l": "Natural gas (including LNG)", "v": 2.5664524207981416}, {"l": "Fuel oil", "v": 0.72641415626797368}, {"l": "Liquefied petroleum gas (LPG)", "v": 0.24648777844577779}, {"l": "Coal", "v": 0.24648777844577779}]}, {"source": 8, "prod": 0, "target": 3, "value": 0.53924677872413995, "supply": "[{\"l\":'Labor',\"v\":0.53924677872413995}]"}, {"source": 8, "prod": 0, "target": 0, "value": 0.85620862576046641, "supply": "[{\"l\":'Labor',\"v\":0.85620862576046641}]"}, {"source": 8, "prod": 0, "target": 2, "value": 0.057400738532552641, "supply": "[{\"l\":'Labor',\"v\":0.057400738532552641}]"}]}