{"nodes": [{"layer": 5, "name": "Maize"}, {"layer": 10, "name": "Feed", "fill": "#dbdb8d"}, {"layer": 5, "name": "Wheat"}, {"layer": 5, "name": "Oats"}, {"layer": 5, "name": "Potatoes"}, {"layer": 5, "name": "Vegetables, Other"}, {"layer": 5, "name": "Millet"}, {"layer": 5, "name": "Sweet potatoes"}, {"layer": 5, "name": "Barley"}, {"layer": 5, "name": "Rice"}, {"layer": 5, "name": "Sorghum"}, {"layer": 16, "name": "Food", "fill": "#b5cf6b"}, {"layer": 5, "name": "Nuts"}, {"layer": 13, "name": "Sugar", "fill": "#d6616b"}, {"layer": 13, "name": "Maize Germ Oil"}, {"layer": 13, "name": "Beer"}, {"layer": 13, "name": "Beverages, Alcoholic"}, {"layer": 5, "name": "Tomatoes"}, {"layer": 13, "name": "Fats, Animals, Raw"}, {"layer": 13, "name": "Soyabean Oil"}, {"layer": 5, "name": "Treenuts"}, {"layer": 13, "name": "Eggs"}, {"layer": 13, "name": "Marine Fish, Other"}, {"layer": 13, "name": "Sunflowerseed Oil"}, {"layer": 13, "name": "Pigmeat"}, {"layer": 5, "name": "Soyabeans"}, {"layer": 13, "name": "Freshwater Fish"}, {"layer": 13, "name": "Milk - Excluding Butter"}, {"layer": 5, "name": "Beans"}, {"layer": 5, "name": "Apples"}, {"layer": 13, "name": "Fish, Seafood"}, {"layer": 13, "name": "Mutton & Goat Meat"}, {"layer": 13, "name": "Bovine Meat"}, {"layer": 5, "name": "Fruits, Other"}, {"layer": 13, "name": "Poultry Meat"}, {"layer": 13, "name": "Offals, Edible"}, {"layer": 13, "name": "Cottonseed Oil"}, {"layer": 5, "name": "Onions"}, {"layer": 10, "name": "Processing", "fill": "#9edae5"}, {"layer": 5, "name": "Cottonseed"}, {"layer": 16, "name": "Biofuels & Other", "fill": "#e7ba52"}, {"layer": 13, "name": "Ricebran Oil"}, {"layer": 13, "name": "Oilcrops Oil, Other"}, {"name": "Seed", "fill": "#dbdb8d"}, {"name": "Waste", "fill": "#c7c7c7"}, {"layer": 0, "name": "Import", "fill": "#aec7e8"}, {"layer": 16, "name": "Export", "fill": "#aec7e8"}, {"layer": 0, "name": "Stock Draw", "fill": "#c7c7c7"}, {"layer": 16, "name": "Stock Deposit", "fill": "#c7c7c7"}, {"layer": 0, "name": "Production", "fill": "#b5cf6b"}], "links": [{"source": 0, "prod": 2.3648079762669907, "target": 1, "value": 661.0, "supply": [{"l": "Maize", "v": 661.0}]}, {"source": 2, "prod": 0.040708777959826373, "target": 1, "value": 13.0, "supply": [{"l": "Wheat", "v": 13.0}]}, {"source": 3, "prod": 0.02971511660985, "target": 1, "value": 14.0, "supply": [{"l": "Oats", "v": 14.0}]}, {"source": 4, "prod": 0.064557359548189849, "target": 1, "value": 78.0, "supply": [{"l": "Potatoes", "v": 78.0}]}, {"source": 5, "prod": 0.0026179865185210144, "target": 1, "value": 10.0, "supply": [{"l": "Vegetables, Other", "v": 10.0}]}, {"source": 6, "prod": 0.084058810044855742, "target": 1, "value": 29.0, "supply": [{"l": "Millet", "v": 29.0}]}, {"source": 7, "prod": 0.015308976853159182, "target": 1, "value": 13.0, "supply": [{"l": "Sweet potatoes", "v": 13.0}]}, {"source": 8, "prod": 0.057053023890912005, "target": 1, "value": 21.0, "supply": [{"l": "Barley", "v": 21.0}]}, {"source": 9, "prod": 0.5308497736136869, "target": 1, "value": 128.0, "supply": [{"l": "Rice", "v": 128.0}]}, {"source": 10, "prod": 0.0092730946424635918, "target": 1, "value": 3.0, "supply": [{"l": "Sorghum", "v": 3.0}]}, {"source": 0, "prod": 1.2879438297369388, "target": 11, "value": 360.0, "supply": [{"l": "Maize", "v": 360.0}]}, {"source": 12, "prod": 0.010290949475272728, "target": 11, "value": 4.0, "supply": [{"l": "Nuts", "v": 4.0}]}, {"source": 13, "prod": 0.5495469823850333, "target": 11, "value": 133.0, "supply": [{"l": "Sugar", "v": 133.0}]}, {"source": 14, "prod": 0.074287791524625002, "target": 11, "value": 7.0, "supply": [{"l": "Maize Germ Oil", "v": 7.0}]}, {"source": 15, "prod": 0.045976795809526162, "target": 11, "value": 88.0, "supply": [{"l": "Beer", "v": 88.0}]}, {"source": 16, "prod": 0.13267525932820035, "target": 11, "value": 39.0, "supply": [{"l": "Beverages, Alcoholic", "v": 39.0}]}, {"source": 8, "prod": 0.18474312498009604, "target": 11, "value": 68.0, "supply": [{"l": "Barley", "v": 68.0}]}, {"source": 9, "prod": 4.1431165925005722, "target": 11, "value": 999.0, "supply": [{"l": "Rice", "v": 999.0}]}, {"source": 17, "prod": 0.0058551953911034479, "target": 11, "value": 16.0, "supply": [{"l": "Tomatoes", "v": 16.0}]}, {"source": 18, "prod": 0.044684385879473688, "target": 11, "value": 5.0, "supply": [{"l": "Fats, Animals, Raw", "v": 5.0}]}, {"source": 2, "prod": 1.1836860052934133, "target": 11, "value": 378.0, "supply": [{"l": "Wheat", "v": 378.0}]}, {"source": 19, "prod": 0.080583367077559323, "target": 11, "value": 8.0, "supply": [{"l": "Soyabean Oil", "v": 8.0}]}, {"source": 20, "prod": 0.010290949475272728, "target": 11, "value": 4.0, "supply": [{"l": "Treenuts", "v": 4.0}]}, {"source": 21, "prod": 0.081435013449734694, "target": 11, "value": 47.0, "supply": [{"l": "Eggs", "v": 47.0}]}, {"source": 5, "prod": 0.31206399300770488, "target": 11, "value": 1192.0, "supply": [{"l": "Vegetables, Other", "v": 1192.0}]}, {"source": 22, "prod": 0.31776594348187381, "target": 11, "value": 426.0, "supply": [{"l": "Marine Fish, Other", "v": 426.0}]}, {"source": 23, "prod": 0.053062708231874998, "target": 11, "value": 5.0, "supply": [{"l": "Sunflowerseed Oil", "v": 5.0}]}, {"source": 24, "prod": 0.27244802293845066, "target": 11, "value": 65.0, "supply": [{"l": "Pigmeat", "v": 65.0}]}, {"source": 3, "prod": 0.14433056639070002, "target": 11, "value": 68.0, "supply": [{"l": "Oats", "v": 68.0}]}, {"source": 25, "prod": 0.71660924780472768, "target": 11, "value": 165.0, "supply": [{"l": "Soyabeans", "v": 165.0}]}, {"source": 4, "prod": 0.21932949077269626, "target": 11, "value": 265.0, "supply": [{"l": "Potatoes", "v": 265.0}]}, {"source": 26, "prod": 0.017589848032665747, "target": 11, "value": 25.0, "supply": [{"l": "Freshwater Fish", "v": 25.0}]}, {"source": 27, "prod": 0.0055130086474675334, "target": 11, "value": 10.0, "supply": [{"l": "Milk - Excluding Butter", "v": 10.0}]}, {"source": 28, "prod": 0.66497181833158847, "target": 11, "value": 167.0, "supply": [{"l": "Beans", "v": 167.0}]}, {"source": 29, "prod": 0.028707984054495567, "target": 11, "value": 61.0, "supply": [{"l": "Apples", "v": 61.0}]}, {"source": 30, "prod": 0.33537041907082726, "target": 11, "value": 451.0, "supply": [{"l": "Fish, Seafood", "v": 451.0}]}, {"source": 10, "prod": 0.086548883329660195, "target": 11, "value": 28.0, "supply": [{"l": "Sorghum", "v": 28.0}]}, {"source": 31, "prod": 0.0065307948593076922, "target": 11, "value": 2.0, "supply": [{"l": "Mutton & Goat Meat", "v": 2.0}]}, {"source": 32, "prod": 0.052097931718568177, "target": 11, "value": 21.0, "supply": [{"l": "Bovine Meat", "v": 21.0}]}, {"source": 33, "prod": 0.04060747446683681, "target": 11, "value": 85.0, "supply": [{"l": "Fruits, Other", "v": 85.0}]}, {"source": 6, "prod": 0.17971193871658817, "target": 11, "value": 62.0, "supply": [{"l": "Millet", "v": 62.0}]}, {"source": 34, "prod": 0.029012703781456834, "target": 11, "value": 19.0, "supply": [{"l": "Poultry Meat", "v": 19.0}]}, {"source": 35, "prod": 0.011404522366253731, "target": 11, "value": 9.0, "supply": [{"l": "Offals, Edible", "v": 9.0}]}, {"source": 7, "prod": 0.12129420122118428, "target": 11, "value": 103.0, "supply": [{"l": "Sweet potatoes", "v": 103.0}]}, {"source": 36, "prod": 0.012128619024428572, "target": 11, "value": 1.0, "supply": [{"l": "Cottonseed Oil", "v": 1.0}]}, {"source": 37, "prod": 0.0056600222113999997, "target": 11, "value": 14.0, "supply": [{"l": "Onions", "v": 14.0}]}, {"source": 25, "prod": 0.18675271306426236, "target": 38, "value": 43.0, "supply": [{"l": "Soyabeans", "v": 43.0}]}, {"source": 0, "prod": 0.35060693142838883, "target": 38, "value": 98.0, "supply": [{"l": "Maize", "v": 98.0}]}, {"source": 8, "prod": 0.04618578124502401, "target": 38, "value": 17.0, "supply": [{"l": "Barley", "v": 17.0}]}, {"source": 39, "prod": 0.021715431751658416, "target": 38, "value": 5.0, "supply": [{"l": "Cottonseed", "v": 5.0}]}, {"source": 0, "prod": 0.21823492670542574, "target": 40, "value": 61.0, "supply": [{"l": "Maize", "v": 61.0}]}, {"source": 41, "prod": 0.010612541646375, "target": 40, "value": 1.0, "supply": [{"l": "Ricebran Oil", "v": 1.0}]}, {"source": 42, "prod": 0.010612541646375, "target": 40, "value": 1.0, "supply": [{"l": "Oilcrops Oil, Other", "v": 1.0}]}, {"source": 0, "prod": 0.1395272482215017, "target": 43, "value": 39.0, "supply": [{"l": "Maize", "v": 39.0}]}, {"source": 2, "prod": 0.015657222292240914, "target": 43, "value": 5.0, "supply": [{"l": "Wheat", "v": 5.0}]}, {"source": 3, "prod": 0.0084900333171, "target": 43, "value": 4.0, "supply": [{"l": "Oats", "v": 4.0}]}, {"source": 25, "prod": 0.095547899707297018, "target": 43, "value": 22.0, "supply": [{"l": "Soyabeans", "v": 22.0}]}, {"source": 4, "prod": 0.0066212676459681888, "target": 43, "value": 8.0, "supply": [{"l": "Potatoes", "v": 8.0}]}, {"source": 21, "prod": 0.0017326598606326529, "target": 21, "value": 1.0, "supply": [{"l": "Eggs", "v": 1.0}]}, {"source": 6, "prod": 0.005797159313438327, "target": 43, "value": 2.0, "supply": [{"l": "Millet", "v": 2.0}]}, {"source": 39, "prod": 0.0043430863503316833, "target": 43, "value": 1.0, "supply": [{"l": "Cottonseed", "v": 1.0}]}, {"source": 7, "prod": 0.003532840812267503, "target": 43, "value": 3.0, "supply": [{"l": "Sweet potatoes", "v": 3.0}]}, {"source": 28, "prod": 0.09954667939095635, "target": 43, "value": 25.0, "supply": [{"l": "Beans", "v": 25.0}]}, {"source": 8, "prod": 0.021734485291776, "target": 43, "value": 8.0, "supply": [{"l": "Barley", "v": 8.0}]}, {"source": 9, "prod": 0.10368159640892323, "target": 43, "value": 25.0, "supply": [{"l": "Rice", "v": 25.0}]}, {"source": 10, "prod": 0.0030910315474878642, "target": 43, "value": 1.0, "supply": [{"l": "Sorghum", "v": 1.0}]}, {"source": 0, "prod": 0.33987406618058108, "target": 44, "value": 95.0, "supply": [{"l": "Maize", "v": 95.0}]}, {"source": 2, "prod": 0.078286111461204566, "target": 44, "value": 25.0, "supply": [{"l": "Wheat", "v": 25.0}]}, {"source": 3, "prod": 0.010612541646375, "target": 44, "value": 5.0, "supply": [{"l": "Oats", "v": 5.0}]}, {"source": 25, "prod": 0.043430863503316833, "target": 44, "value": 10.0, "supply": [{"l": "Soyabeans", "v": 10.0}]}, {"source": 4, "prod": 0.032278679774094925, "target": 44, "value": 39.0, "supply": [{"l": "Potatoes", "v": 39.0}]}, {"source": 21, "prod": 0.0051979795818979588, "target": 44, "value": 3.0, "supply": [{"l": "Eggs", "v": 3.0}]}, {"source": 5, "prod": 0.036128213955589995, "target": 44, "value": 138.0, "supply": [{"l": "Vegetables, Other", "v": 138.0}]}, {"source": 33, "prod": 0.004299614943547427, "target": 44, "value": 9.0, "supply": [{"l": "Fruits, Other", "v": 9.0}]}, {"source": 6, "prod": 0.014492898283595816, "target": 44, "value": 5.0, "supply": [{"l": "Millet", "v": 5.0}]}, {"source": 27, "prod": 0.00055130086474675327, "target": 44, "value": 1.0, "supply": [{"l": "Milk - Excluding Butter", "v": 1.0}]}, {"source": 7, "prod": 0.015308976853159182, "target": 44, "value": 13.0, "supply": [{"l": "Sweet potatoes", "v": 13.0}]}, {"source": 28, "prod": 0.023891203053829527, "target": 44, "value": 6.0, "supply": [{"l": "Beans", "v": 6.0}]}, {"source": 8, "prod": 0.016300863968832, "target": 44, "value": 6.0, "supply": [{"l": "Barley", "v": 6.0}]}, {"source": 9, "prod": 0.26542488680684345, "target": 44, "value": 64.0, "supply": [{"l": "Rice", "v": 64.0}]}, {"source": 37, "prod": 0.00040428730081428573, "target": 44, "value": 1.0, "supply": [{"l": "Onions", "v": 1.0}]}, {"source": 10, "prod": 0.0061820630949757285, "target": 44, "value": 2.0, "supply": [{"l": "Sorghum", "v": 2.0}]}, {"source": 17, "prod": 0.00073189942388793099, "target": 44, "value": 2.0, "supply": [{"l": "Tomatoes", "v": 2.0}]}, {"source": 29, "prod": 0.0056474722730155214, "target": 44, "value": 12.0, "supply": [{"l": "Apples", "v": 12.0}]}, {"source": 45, "prod": 0.72178331402292262, "target": 38, "value": 159.0, "supply": [{"l": "Oilcrops Oil, Other", "v": 1.0}, {"l": "Sunflowerseed Oil", "v": 9.0}, {"l": "Sugar", "v": 149.0}]}, {"source": 45, "prod": 0.4665852243087793, "target": 2, "value": 149.0, "supply": [{"l": "Wheat", "v": 149.0}]}, {"source": 0, "prod": 0.017888108746346373, "target": 46, "value": 5.0, "supply": [{"l": "Maize", "v": 5.0}]}, {"source": 9, "prod": 0.25298309523777263, "target": 46, "value": 61.0, "supply": [{"l": "Rice", "v": 61.0}]}, {"source": 29, "prod": 0.019766152955554325, "target": 46, "value": 42.0, "supply": [{"l": "Apples", "v": 42.0}]}, {"source": 47, "prod": 0.57931722481291392, "target": 2, "value": 185.0, "supply": [{"l": "Wheat", "v": 185.0}]}, {"source": 13, "prod": 0.066110915174139348, "target": 48, "value": 16.0, "supply": [{"l": "Sugar", "v": 16.0}]}, {"source": 23, "prod": 0.0424501665855, "target": 48, "value": 4.0, "supply": [{"l": "Sunflowerseed Oil", "v": 4.0}]}, {"source": 49, "prod": 4.7224607090354418, "target": 0, "value": 1320.0, "supply": [{"l": "Maize", "v": 1320.0}]}, {"source": 49, "prod": 0.012863686844090911, "target": 12, "value": 5.0, "supply": [{"l": "Nuts", "v": 5.0}]}, {"source": 49, "prod": 0.32601727937664005, "target": 8, "value": 120.0, "supply": [{"l": "Barley", "v": 120.0}]}, {"source": 49, "prod": 5.2919086807114413, "target": 9, "value": 1276.0, "supply": [{"l": "Rice", "v": 1276.0}]}, {"source": 49, "prod": 0.0065870948149913799, "target": 17, "value": 18.0, "supply": [{"l": "Tomatoes", "v": 18.0}]}, {"source": 49, "prod": 0.27243566788499196, "target": 2, "value": 87.0, "supply": [{"l": "Wheat", "v": 87.0}]}, {"source": 49, "prod": 0.012863686844090911, "target": 20, "value": 5.0, "supply": [{"l": "Treenuts", "v": 5.0}]}, {"source": 49, "prod": 0.35081019348181591, "target": 5, "value": 1340.0, "supply": [{"l": "Vegetables, Other", "v": 1340.0}]}, {"source": 49, "prod": 0.0260585181019901, "target": 39, "value": 6.0, "supply": [{"l": "Cottonseed", "v": 6.0}]}, {"source": 49, "prod": 0.19102574963475, "target": 3, "value": 90.0, "supply": [{"l": "Oats", "v": 90.0}]}, {"source": 49, "prod": 1.0423407240796039, "target": 25, "value": 240.0, "supply": [{"l": "Soyabeans", "v": 240.0}]}, {"source": 49, "prod": 0.32278679774094921, "target": 4, "value": 390.0, "supply": [{"l": "Potatoes", "v": 390.0}]}, {"source": 49, "prod": 0.78840970077637451, "target": 28, "value": 198.0, "supply": [{"l": "Beans", "v": 198.0}]}, {"source": 49, "prod": 0.054121609283065412, "target": 29, "value": 115.0, "supply": [{"l": "Apples", "v": 115.0}]}, {"source": 49, "prod": 0.10509507261458736, "target": 10, "value": 34.0, "supply": [{"l": "Sorghum", "v": 34.0}]}, {"source": 49, "prod": 0.044907089410384238, "target": 33, "value": 94.0, "supply": [{"l": "Fruits, Other", "v": 94.0}]}, {"source": 49, "prod": 0.28406080635847802, "target": 6, "value": 98.0, "supply": [{"l": "Millet", "v": 98.0}]}, {"source": 49, "prod": 0.15544499573977016, "target": 7, "value": 132.0, "supply": [{"l": "Sweet potatoes", "v": 132.0}]}, {"source": 49, "prod": 0.0060643095122142852, "target": 37, "value": 15.0, "supply": [{"l": "Onions", "v": 15.0}]}, {"source": 1, "prod": 0.029012703781456834, "target": 34, "value": 19.0, "supply": [{"l": "Poultry Meat", "v": 19.0}]}, {"source": 1, "prod": 0.27244802293845066, "target": 24, "value": 65.0, "supply": [{"l": "Pigmeat", "v": 65.0}]}, {"source": 1, "prod": 0.052097931718568177, "target": 32, "value": 21.0, "supply": [{"l": "Bovine Meat", "v": 21.0}]}, {"source": 1, "prod": 0.017589848032665747, "target": 26, "value": 25.0, "supply": [{"l": "Freshwater Fish", "v": 25.0}]}, {"source": 1, "prod": 0.006064309512214287, "target": 27, "value": 11.0, "supply": [{"l": "Milk - Excluding Butter", "v": 11.0}]}, {"source": 1, "prod": 0.011404522366253731, "target": 35, "value": 9.0, "supply": [{"l": "Offals, Edible", "v": 9.0}]}, {"source": 1, "prod": 0.31776594348187381, "target": 22, "value": 426.0, "supply": [{"l": "Marine Fish, Other", "v": 426.0}]}, {"source": 1, "prod": 0.33537041907082726, "target": 30, "value": 451.0, "supply": [{"l": "Fish, Seafood", "v": 451.0}]}, {"source": 1, "prod": 0.08663299303163266, "target": 21, "value": 50.0, "supply": [{"l": "Eggs", "v": 51.0}]}, {"source": 1, "prod": 0.0065307948593076922, "target": 31, "value": 2.0, "supply": [{"l": "Mutton & Goat Meat", "v": 2.0}]}, {"source": 38, "prod": 0.044684385879473688, "target": 18, "value": 5.0, "supply": [{"l": "Fats, Animals, Raw", "v": 5.0}]}, {"source": 38, "prod": 0.010612541646375, "target": 41, "value": 1.0, "supply": [{"l": "Ricebran Oil", "v": 1.0}]}, {"source": 38, "prod": 0.080583367077559323, "target": 19, "value": 8.0, "supply": [{"l": "Soyabean Oil", "v": 8.0}]}, {"source": 38, "prod": 0.61565789755917266, "target": 13, "value": 149.0, "supply": [{"l": "Sugar", "v": 149.0}]}, {"source": 38, "prod": 0.074287791524625002, "target": 14, "value": 7.0, "supply": [{"l": "Maize Germ Oil", "v": 7.0}]}, {"source": 38, "prod": 0.045976795809526162, "target": 15, "value": 88.0, "supply": [{"l": "Beer", "v": 88.0}]}, {"source": 38, "prod": 0.13267525932820035, "target": 16, "value": 39.0, "supply": [{"l": "Beverages, Alcoholic", "v": 39.0}]}, {"source": 38, "prod": 0.012128619024428572, "target": 36, "value": 1.0, "supply": [{"l": "Cottonseed Oil", "v": 1.0}]}, {"source": 38, "prod": 0.010612541646375, "target": 42, "value": 1.0, "supply": [{"l": "Oilcrops Oil, Other", "v": 1.0}]}, {"source": 38, "prod": 0.095512874817374999, "target": 23, "value": 9.0, "supply": [{"l": "Sunflowerseed Oil", "v": 9.0}]}]}