{"nodes": [{"layer": 3, "name": "Cereals", "fill": "#e7ba52"}, {"layer": 5, "name": "Production", "fill": "#b5cf6b"}, {"layer": 3, "name": "Oilcrops", "fill": "#ff9896"}, {"layer": 3, "name": "Starchy Roots"}, {"layer": 3, "name": "Fruits & Vegetables"}, {"layer": 3, "name": "Others"}, {"layer": 1, "name": "Electricity", "fill": "#bcbd22"}, {"layer": 0, "name": "Fossil Fuels", "fill": "#c49c94"}, {"layer": 0, "name": "Renewables & Nuclear", "fill": "#2ca02c"}, {"layer": 1, "name": "Fertilizers", "fill": "#c5b0d5"}, {"layer": 0, "name": "Labor", "fill": "#7f7f7f"}], "links": [{"source": 0, "prod": 3698.0, "target": 1, "value": 13.78860989865216, "supply": [{"l": "Maize", "v": 5.9647821114190469}, {"l": "Oats", "v": 0.19310109111226331}, {"l": "Barley", "v": 0.36015615018855796}, {"l": "Rice", "v": 6.6595972128355685}, {"l": "Sorghum", "v": 0.084900333171000014}, {"l": "Wheat", "v": 0.28568104532918559}, {"l": "Millet", "v": 0.24039195459653931}]}, {"source": 2, "prod": 271.0, "target": 1, "value": 1.18353859513071, "supply": [{"l": "Soyabeans", "v": 1.1573347885964507}, {"l": "Cottonseed", "v": 0.026203806534259261}]}, {"source": 3, "prod": 540.0, "target": 1, "value": 0.49421855688974381, "supply": [{"l": "Potatoes", "v": 0.33294248302352947}, {"l": "Sweet potatoes", "v": 0.16127607386621437}]}, {"source": 4, "prod": 2150.0, "target": 1, "value": 1.4282295582605866, "supply": [{"l": "Beans", "v": 0.8306388669641932}, {"l": "Tomatoes", "v": 0.0084900333171}, {"l": "Treenuts", "v": 0.012863686844090911}, {"l": "Fruits, Other", "v": 0.076864499167160497}, {"l": "Vegetables, Other", "v": 0.41074580015390294}, {"l": "Onions", "v": 0.006620668183059634}, {"l": "Apples", "v": 0.082006003631079558}]}, {"source": 5, "prod": 5.0, "target": 1, "value": 0.012863686844090911, "supply": [{"l": "Nuts", "v": 0.012863686844090911}]}, {"source": 6, "prod": 0, "target": 3, "value": 0.013074658106166136, "supply": "[{\"l\":'Energy for power irrigation',\"v\":0.013074658106166136}]"}, {"source": 6, "prod": 0, "target": 4, "value": 0.052080721456228433, "supply": "[{\"l\":'Energy for power irrigation',\"v\":0.052080721456228433}]"}, {"source": 6, "prod": 0, "target": 0, "value": 0.094004370550351893, "supply": "[{\"l\":'Energy for power irrigation',\"v\":0.094004370550351893}]"}, {"source": 6, "prod": 0, "target": 2, "value": 0.0065736475478224178, "supply": "[{\"l\":'Energy for power irrigation',\"v\":0.0065736475478224178}]"}, {"source": 6, "prod": 0, "target": 5, "value": 0.00012106164913116791, "supply": "[{\"l\":'Energy for power irrigation',\"v\":0.00012106164913116791}]"}, {"source": 7, "prod": 0, "target": 6, "value": 0.16339012297692257, "supply": [{"l": "Coal", "v": 0.15302201641456442}, {"l": "Natural gas", "v": 0.0}, {"l": "Oil", "v": 0.010368106562358159}]}, {"source": 8, "prod": 0, "target": 6, "value": 0.1022359924143238, "supply": [{"l": "Nuclear", "v": 0.0}, {"l": "Hydroelectric", "v": 0.1022359924143238}, {"l": "Renewable", "v": 0.0}]}, {"source": 7, "prod": 0, "target": 3, "value": 0.32393539189939347, "supply": [{"l": "Other fossil fuels", "v": 0.32393539189939347}]}, {"source": 7, "prod": 0, "target": 4, "value": 1.2903426443992507, "supply": [{"l": "Other fossil fuels", "v": 1.2903426443992507}]}, {"source": 7, "prod": 0, "target": 0, "value": 2.3290354797211026, "supply": [{"l": "Other fossil fuels", "v": 2.3290354797211026}]}, {"source": 7, "prod": 0, "target": 2, "value": 0.16286751648275061, "supply": [{"l": "Other fossil fuels", "v": 0.16286751648275061}]}, {"source": 7, "prod": 0, "target": 5, "value": 0.0029994017768462358, "supply": [{"l": "Other fossil fuels", "v": 0.0029994017768462358}]}, {"source": 9, "prod": 26.653138686131388, "target": 3, "value": 0.3505409126891918, "supply": [{"l": "Potash", "v": 0.060251388937089992}, {"l": "Phosphate", "v": 0.41241666699659996}, {"l": "Nitrogen", "v": 3.9740083365125392}]}, {"source": 9, "prod": 106.16833576642335, "target": 4, "value": 1.3963213022119472, "supply": [{"l": "Potash", "v": 0.060251388937089992}, {"l": "Phosphate", "v": 0.41241666699659996}, {"l": "Nitrogen", "v": 3.9740083365125392}]}, {"source": 9, "prod": 191.63113138686134, "target": 0, "value": 2.520324247251458, "supply": [{"l": "Potash", "v": 0.060251388937089992}, {"l": "Phosphate", "v": 0.41241666699659996}, {"l": "Nitrogen", "v": 3.9740083365125392}]}, {"source": 9, "prod": 13.400605839416059, "target": 2, "value": 0.17624418110206586, "supply": [{"l": "Potash", "v": 0.060251388937089992}, {"l": "Phosphate", "v": 0.41241666699659996}, {"l": "Nitrogen", "v": 3.9740083365125392}]}, {"source": 9, "prod": 0.24678832116788321, "target": 5, "value": 0.0032457491915665907, "supply": [{"l": "Potash", "v": 0.060251388937089992}, {"l": "Phosphate", "v": 0.41241666699659996}, {"l": "Nitrogen", "v": 3.9740083365125392}]}, {"source": 7, "prod": 0, "target": 9, "value": 5.2827914866881462, "supply": [{"l": "Natural gas (including LNG)", "v": 3.6007918758292865}, {"l": "Fuel oil", "v": 0.97950944228839321}, {"l": "Liquefied petroleum gas (LPG)", "v": 0.35124508428523332}, {"l": "Coal", "v": 0.35124508428523332}]}, {"source": 10, "prod": 0, "target": 3, "value": 0.12132814916498806, "supply": "[{\"l\":'Labor',\"v\":0.12132814916498806}]"}, {"source": 10, "prod": 0, "target": 4, "value": 0.48329046084053573, "supply": "[{\"l\":'Labor',\"v\":0.48329046084053573}]"}, {"source": 10, "prod": 0, "target": 0, "value": 0.87232692432049286, "supply": "[{\"l\":'Labor',\"v\":0.87232692432049286}]"}, {"source": 10, "prod": 0, "target": 2, "value": 0.061001097219063438, "supply": "[{\"l\":'Labor',\"v\":0.061001097219063438}]"}, {"source": 10, "prod": 0, "target": 5, "value": 0.0011234087885647042, "supply": "[{\"l\":'Labor',\"v\":0.0011234087885647042}]"}]}