{"nodes": [{"name": "Balance", "fill": "#9edae5"}, {"name": "Food", "fill": "#b5cf6b"}, {"name": "Stock Deposit", "fill": "#c7c7c7"}, {"name": "Export", "fill": "#aec7e8"}, {"name": "Biofuels & Other", "fill": "#e7ba52"}, {"name": "Crop Residue", "fill": "#bd9e39"}, {"name": "Renewables & Nuclear", "fill": "#2ca02c"}, {"name": "Fossil Fuels", "fill": "#c49c94"}, {"name": "Labor", "fill": "#7f7f7f"}], "links": [{"source": 0, "target": 1, "value": 11.06680070544078}, {"source": 0, "target": 2, "value": 0.77606592890193704}, {"source": 0, "target": 3, "value": 0.56528152130309361}, {"source": 0, "target": 4, "value": 0.24311639314547451}, {"source": 0, "target": 5, "value": 37.483482775538171}, {"source": 6, "target": 0, "value": 0.32927464045370963}, {"source": 7, "target": 0, "value": 8.8431483912028916}, {"source": 8, "target": 0, "value": 1.2513441581793245}]}