{"nodes": [{"layer": 5, "name": "Fruits, Roots & Vegetables", "fill": "#98df8a"}, {"layer": 10, "name": "Feed", "fill": "#dbdb8d"}, {"layer": 5, "name": "Cereals", "fill": "#e7ba52"}, {"layer": 13, "name": "Other Processed", "fill": "#9c9ede"}, {"layer": 16, "name": "Food", "fill": "#b5cf6b"}, {"layer": 13, "name": "Animal Products", "fill": "#17becf"}, {"layer": 5, "name": "Oilcrops", "fill": "#ff9896"}, {"layer": 13, "name": "Sugar", "fill": "#d6616b"}, {"layer": 13, "name": "Aquatic Products", "fill": "#1f77b4"}, {"layer": 13, "name": "Vegetable Oils", "fill": "#f7b6d2"}, {"layer": 10, "name": "Processing", "fill": "#9edae5"}, {"layer": 16, "name": "Biofuels & Other", "fill": "#e7ba52"}, {"name": "Seed", "fill": "#dbdb8d"}, {"name": "Waste", "fill": "#c7c7c7"}, {"layer": 0, "name": "Import", "fill": "#aec7e8"}, {"layer": 16, "name": "Export", "fill": "#aec7e8"}, {"layer": 0, "name": "Stock Draw", "fill": "#c7c7c7"}, {"layer": 0, "name": "Production", "fill": "#b5cf6b"}], "links": [{"source": 0, "prod": 0.081292463252830197, "target": 1, "value": 100.0, "supply": [{"l": "Vegetables, Other", "v": 10.0}, {"l": "Sweet potatoes", "v": 12.0}, {"l": "Potatoes", "v": 78.0}]}, {"source": 2, "prod": 3.5300343086838173, "target": 1, "value": 983.0, "supply": [{"l": "Maize", "v": 753.0}, {"l": "Wheat", "v": 6.0}, {"l": "Barley", "v": 28.0}, {"l": "Oats", "v": 13.0}, {"l": "Rice", "v": 145.0}, {"l": "Sorghum", "v": 3.0}, {"l": "Millet", "v": 35.0}]}, {"source": 3, "prod": 0.26415840205558311, "target": 4, "value": 208.0, "supply": [{"l": "Beer", "v": 160.0}, {"l": "Fats, Animals, Raw", "v": 4.0}, {"l": "Beverages, Alcoholic", "v": 44.0}]}, {"source": 5, "prod": 0.39504439403965652, "target": 4, "value": 148.0, "supply": [{"l": "Pigmeat", "v": 55.0}, {"l": "Milk - Excluding Butter", "v": 4.0}, {"l": "Mutton & Goat Meat", "v": 1.0}, {"l": "Eggs", "v": 42.0}, {"l": "Bovine Meat", "v": 20.0}, {"l": "Poultry Meat", "v": 18.0}, {"l": "Offals, Edible", "v": 8.0}]}, {"source": 2, "prod": 7.8052171784430922, "target": 4, "value": 2082.0, "supply": [{"l": "Maize", "v": 405.0}, {"l": "Oats", "v": 64.0}, {"l": "Barley", "v": 123.0}, {"l": "Rice", "v": 1211.0}, {"l": "Sorghum", "v": 27.0}, {"l": "Wheat", "v": 179.0}, {"l": "Millet", "v": 73.0}]}, {"source": 6, "prod": 0.59936311718139235, "target": 4, "value": 138.0, "supply": [{"l": "Soyabeans", "v": 138.0}]}, {"source": 0, "prod": 1.4065295177501149, "target": 4, "value": 1782.0, "supply": [{"l": "Potatoes", "v": 265.0}, {"l": "Nuts", "v": 4.0}, {"l": "Beans", "v": 176.0}, {"l": "Tomatoes", "v": 14.0}, {"l": "Treenuts", "v": 4.0}, {"l": "Fruits, Other", "v": 69.0}, {"l": "Vegetables, Other", "v": 1086.0}, {"l": "Sweet potatoes", "v": 97.0}, {"l": "Onions", "v": 12.0}, {"l": "Apples", "v": 55.0}]}, {"source": 7, "prod": 0.088108775994322666, "target": 4, "value": 21.0, "supply": [{"l": "Sugar", "v": 21.0}]}, {"source": 8, "prod": 0.54191200153995611, "target": 4, "value": 724.0, "supply": [{"l": "Freshwater Fish", "v": 24.0}, {"l": "Fish, Seafood", "v": 362.0}, {"l": "Marine Fish, Other", "v": 338.0}]}, {"source": 9, "prod": 0.12264055270201359, "target": 4, "value": 12.0, "supply": [{"l": "Maize Germ Oil", "v": 7.0}, {"l": "Soyabean Oil", "v": 3.0}, {"l": "Cottonseed Oil", "v": 1.0}, {"l": "Sunflowerseed Oil", "v": 1.0}]}, {"source": 2, "prod": 0.47543136262148211, "target": 10, "value": 140.0, "supply": [{"l": "Maize", "v": 109.0}, {"l": "Barley", "v": 31.0}]}, {"source": 6, "prod": 0.095550641869497341, "target": 10, "value": 22.0, "supply": [{"l": "Soyabeans", "v": 17.0}, {"l": "Cottonseed", "v": 5.0}]}, {"source": 9, "prod": 0.023797820661568183, "target": 11, "value": 2.0, "supply": [{"l": "Ricebran Oil", "v": 1.0}, {"l": "Oilcrops Oil, Other", "v": 1.0}]}, {"source": 2, "prod": 0.24697576446559327, "target": 11, "value": 69.0, "supply": [{"l": "Maize", "v": 69.0}]}, {"source": 0, "prod": 0.11593287906766006, "target": 12, "value": 37.0, "supply": [{"l": "Potatoes", "v": 8.0}, {"l": "Sweet potatoes", "v": 2.0}, {"l": "Beans", "v": 27.0}]}, {"source": 5, "prod": 0.001632698714826923, "target": 5, "value": 1.0, "supply": [{"l": "Eggs", "v": 1.0}]}, {"source": 2, "prod": 0.27878950494430638, "target": 12, "value": 79.0, "supply": [{"l": "Maize", "v": 37.0}, {"l": "Wheat", "v": 5.0}, {"l": "Oats", "v": 4.0}, {"l": "Millet", "v": 2.0}, {"l": "Barley", "v": 8.0}, {"l": "Rice", "v": 22.0}, {"l": "Sorghum", "v": 1.0}]}, {"source": 6, "prod": 0.1216099078339057, "target": 12, "value": 28.0, "supply": [{"l": "Soyabeans", "v": 27.0}, {"l": "Cottonseed", "v": 1.0}]}, {"source": 0, "prod": 0.11252164385782713, "target": 13, "value": 203.0, "supply": [{"l": "Potatoes", "v": 39.0}, {"l": "Vegetables, Other", "v": 126.0}, {"l": "Fruits, Other", "v": 8.0}, {"l": "Sweet potatoes", "v": 12.0}, {"l": "Beans", "v": 6.0}, {"l": "Onions", "v": 1.0}, {"l": "Tomatoes", "v": 2.0}, {"l": "Apples", "v": 9.0}]}, {"source": 5, "prod": 0.0032653974296538461, "target": 13, "value": 2.0, "supply": [{"l": "Eggs", "v": 2.0}]}, {"source": 2, "prod": 0.79235570934901622, "target": 13, "value": 217.0, "supply": [{"l": "Maize", "v": 109.0}, {"l": "Wheat", "v": 12.0}, {"l": "Oats", "v": 5.0}, {"l": "Millet", "v": 6.0}, {"l": "Barley", "v": 10.0}, {"l": "Rice", "v": 73.0}, {"l": "Sorghum", "v": 2.0}]}, {"source": 6, "prod": 0.034745687952544485, "target": 13, "value": 8.0, "supply": [{"l": "Soyabeans", "v": 8.0}]}, {"source": 14, "prod": 0.10836908277376585, "target": 10, "value": 23.0, "supply": [{"l": "Oilcrops Oil, Other", "v": 1.0}, {"l": "Sunflowerseed Oil", "v": 1.0}, {"l": "Sugar", "v": 21.0}]}, {"source": 14, "prod": 0.1606979502082021, "target": 2, "value": 51.0, "supply": [{"l": "Wheat", "v": 51.0}]}, {"source": 0, "prod": 0.010446349719026846, "target": 15, "value": 22.0, "supply": [{"l": "Apples", "v": 22.0}]}, {"source": 2, "prod": 0.08590461372716289, "target": 15, "value": 24.0, "supply": [{"l": "Maize", "v": 24.0}]}, {"source": 16, "prod": 0.16699983060852375, "target": 2, "value": 53.0, "supply": [{"l": "Wheat", "v": 53.0}]}, {"source": 17, "prod": 12.878444613596491, "target": 2, "value": 3487.0, "supply": [{"l": "Maize", "v": 1505.0}, {"l": "Oats", "v": 85.0}, {"l": "Barley", "v": 200.0}, {"l": "Rice", "v": 1451.0}, {"l": "Sorghum", "v": 33.0}, {"l": "Wheat", "v": 98.0}, {"l": "Millet", "v": 115.0}]}, {"source": 17, "prod": 0.85126935483733979, "target": 6, "value": 196.0, "supply": [{"l": "Soyabeans", "v": 190.0}, {"l": "Cottonseed", "v": 6.0}]}, {"source": 17, "prod": 1.7313959096658258, "target": 0, "value": 2145.0, "supply": [{"l": "Potatoes", "v": 390.0}, {"l": "Nuts", "v": 4.0}, {"l": "Beans", "v": 210.0}, {"l": "Tomatoes", "v": 16.0}, {"l": "Treenuts", "v": 4.0}, {"l": "Fruits, Other", "v": 77.0}, {"l": "Vegetables, Other", "v": 1222.0}, {"l": "Sweet potatoes", "v": 124.0}, {"l": "Onions", "v": 13.0}, {"l": "Apples", "v": 85.0}]}, {"source": 1, "prod": 0.54191200153995611, "target": 8, "value": 724.0, "supply": [{"l": "Freshwater Fish", "v": 24.0}, {"l": "Marine Fish, Other", "v": 338.0}, {"l": "Fish, Seafood", "v": 362.0}]}, {"source": 1, "prod": 0.39830979146931039, "target": 5, "value": 150.0, "supply": [{"l": "Poultry Meat", "v": 18.0}, {"l": "Pigmeat", "v": 55.0}, {"l": "Bovine Meat", "v": 20.0}, {"l": "Eggs", "v": 45.0}, {"l": "Milk - Excluding Butter", "v": 4.0}, {"l": "Offals, Edible", "v": 8.0}, {"l": "Mutton & Goat Meat", "v": 1.0}]}, {"source": 10, "prod": 0.26415840205558311, "target": 3, "value": 208.0, "supply": [{"l": "Fats, Animals, Raw", "v": 4.0}, {"l": "Beer", "v": 160.0}, {"l": "Beverages, Alcoholic", "v": 44.0}]}, {"source": 10, "prod": 0.14643837336358176, "target": 9, "value": 14.0, "supply": [{"l": "Ricebran Oil", "v": 1.0}, {"l": "Soyabean Oil", "v": 3.0}, {"l": "Maize Germ Oil", "v": 7.0}, {"l": "Cottonseed Oil", "v": 1.0}, {"l": "Oilcrops Oil, Other", "v": 1.0}, {"l": "Sunflowerseed Oil", "v": 1.0}]}, {"source": 10, "prod": 0.088108775994322666, "target": 7, "value": 21.0, "supply": [{"l": "Sugar", "v": 21.0}]}]}