{"nodes": [{"layer": 5, "name": "Starchy Roots"}, {"layer": 10, "name": "Feed", "fill": "#dbdb8d"}, {"layer": 5, "name": "Cereals - Excluding Beer"}, {"layer": 5, "name": "Vegetables"}, {"layer": 13, "name": "Milk - Excluding Butter"}, {"layer": 16, "name": "Food", "fill": "#b5cf6b"}, {"layer": 13, "name": "Meat"}, {"layer": 13, "name": "Sugar & Sweeteners"}, {"layer": 5, "name": "Treenuts"}, {"layer": 13, "name": "Alcoholic Beverages"}, {"layer": 13, "name": "Animal Fats"}, {"layer": 5, "name": "Pulses"}, {"layer": 13, "name": "Fish, Seafood"}, {"layer": 5, "name": "Others"}, {"layer": 13, "name": "Vegetable Oils", "fill": "#f7b6d2"}, {"layer": 5, "name": "Spices"}, {"layer": 13, "name": "Eggs"}, {"layer": 5, "name": "Fruits - Excluding Wine"}, {"layer": 5, "name": "Oilcrops", "fill": "#ff9896"}, {"layer": 10, "name": "Processing", "fill": "#9edae5"}, {"layer": 16, "name": "Biofuels & Other", "fill": "#e7ba52"}, {"layer": 13, "name": "Aquatic Products, Other"}, {"name": "Waste", "fill": "#c7c7c7"}, {"layer": 2, "name": "Import", "fill": "#aec7e8"}, {"layer": 16, "name": "Export", "fill": "#aec7e8"}, {"layer": 0, "name": "Stock Draw", "fill": "#c7c7c7"}, {"name": "Crop Residue", "fill": "#bd9e39"}, {"layer": 2, "name": "Electricity", "fill": "#bcbd22"}, {"layer": 0, "name": "Fossil Fuels", "fill": "#c49c94"}, {"layer": 0, "name": "Renewables & Nuclear", "fill": "#2ca02c"}, {"layer": 2, "name": "Fertilizers", "fill": "#c5b0d5"}, {"layer": 0, "name": "Labor", "fill": "#7f7f7f"}], "links": [{"source": 0, "prod": 121.0, "target": 1, "value": 0.10630327981152289, "supply": [{"l": "Sweet potatoes", "v": 0.019576279041895194}, {"l": "Potatoes", "v": 0.086727000769627693}]}, {"source": 2, "prod": 1423.0, "target": 1, "value": 5.303472842973469, "supply": [{"l": "Maize", "v": 4.2724694608927187}, {"l": "Wheat", "v": 0.059663923003803028}, {"l": "Barley", "v": 0.083054673754239125}, {"l": "Oats", "v": 0.02985729420128469}, {"l": "Rice", "v": 0.78840728320936393}, {"l": "Sorghum", "v": 0.0064210336011680672}, {"l": "Millet", "v": 0.063599174310892487}]}, {"source": 3, "prod": 30.0, "target": 1, "value": 0.0076723678258052621, "supply": [{"l": "Vegetables, Other", "v": 0.0076723678258052621}]}, {"source": 4, "prod": 29.0, "target": 5, "value": 0.021471886586851743, "supply": [{"l": "Milk - Excluding Butter", "v": 0.021471886586851743}]}, {"source": 6, "prod": 208.0, "target": 5, "value": 0.69419276420706799, "supply": [{"l": "Pigmeat", "v": 0.56184044010220591}, {"l": "Mutton & Goat Meat", "v": 0.0067026578819210543}, {"l": "Bovine Meat", "v": 0.06247383006922641}, {"l": "Poultry Meat", "v": 0.04195075286096471}, {"l": "Offals, Edible", "v": 0.02122508329275}]}, {"source": 7, "prod": 130.0, "target": 5, "value": 0.54061853374154578, "supply": [{"l": "Sugar", "v": 0.54061853374154578}]}, {"source": 8, "prod": 6.0, "target": 5, "value": 0.014982411736058824, "supply": [{"l": "Treenuts", "v": 0.014982411736058824}]}, {"source": 3, "prod": 1995.0, "target": 5, "value": 0.5125513641231435, "supply": [{"l": "Tomatoes", "v": 0.0070281732757450331}, {"l": "Vegetables, Other", "v": 0.49844816308314849}, {"l": "Onions", "v": 0.0070750277642500003}]}, {"source": 9, "prod": 132.0, "target": 5, "value": 0.16078720938530983, "supply": [{"l": "Beer", "v": 0.049276324026384426}, {"l": "Beverages, Alcoholic", "v": 0.11151088535892539}]}, {"source": 10, "prod": 10.0, "target": 5, "value": 0.082161612746129042, "supply": [{"l": "Fats, Animals, Raw", "v": 0.082161612746129042}]}, {"source": 0, "prod": 488.0, "target": 5, "value": 0.44951250868748355, "supply": [{"l": "Potatoes", "v": 0.29520536800430969}, {"l": "Sweet potatoes", "v": 0.15430714068317386}]}, {"source": 11, "prod": 226.0, "target": 5, "value": 0.89765966300098254, "supply": [{"l": "Beans", "v": 0.89765966300098254}]}, {"source": 12, "prod": 1221.0, "target": 5, "value": 0.997280232044363, "supply": [{"l": "Freshwater Fish", "v": 0.035503775689690903}, {"l": "Fish, Seafood", "v": 0.49824301214580091}, {"l": "Marine Fish, Other", "v": 0.46353344420887127}]}, {"source": 13, "prod": 6.0, "target": 5, "value": 0.014982411736058824, "supply": [{"l": "Nuts", "v": 0.014982411736058824}]}, {"source": 2, "prod": 2790.0, "target": 5, "value": 10.402637848459479, "supply": [{"l": "Maize", "v": 1.5434575539350661}, {"l": "Oats", "v": 0.14715380713490311}, {"l": "Barley", "v": 0.21040517351073912}, {"l": "Rice", "v": 6.1910719292019518}, {"l": "Sorghum", "v": 0.064210336011680663}, {"l": "Wheat", "v": 2.1133589569241811}, {"l": "Millet", "v": 0.13298009174095701}]}, {"source": 14, "prod": 26.0, "target": 5, "value": 0.26164013238621997, "supply": [{"l": "Maize Germ Oil", "v": 0.059929646944235297}, {"l": "Soyabean Oil", "v": 0.16633534662073468}, {"l": "Cottonseed Oil", "v": 0.0070750277642500003}, {"l": "Sunflowerseed Oil", "v": 0.028300111057000001}]}, {"source": 15, "prod": 1.0, "target": 5, "value": 0.002497068622676471, "supply": [{"l": "Pepper", "v": 0.002497068622676471}]}, {"source": 16, "prod": 70.0, "target": 5, "value": 0.11858145125996479, "supply": [{"l": "Eggs", "v": 0.11858145125996479}]}, {"source": 17, "prod": 575.0, "target": 5, "value": 0.28128947726144715, "supply": [{"l": "Fruits, Other", "v": 0.12660865218510292}, {"l": "Apples", "v": 0.15468082507634423}]}, {"source": 18, "prod": 180.0, "target": 5, "value": 0.78657661614308838, "supply": [{"l": "Soyabeans", "v": 0.78657661614308838}]}, {"source": 2, "prod": 102.0, "target": 19, "value": 0.36203843583326561, "supply": [{"l": "Maize", "v": 0.30943714245558085}, {"l": "Barley", "v": 0.05260129337768478}]}, {"source": 18, "prod": 89.0, "target": 19, "value": 0.38891843798186038, "supply": [{"l": "Soyabeans", "v": 0.36706908753344125}, {"l": "Cottonseed", "v": 0.021849350448419118}]}, {"source": 2, "prod": 52.0, "target": 20, "value": 0.19386423382759282, "supply": [{"l": "Maize", "v": 0.19386423382759282}]}, {"source": 14, "prod": 3.0, "target": 20, "value": 0.02122508329275, "supply": [{"l": "Ricebran Oil", "v": 0.02122508329275}]}, {"source": 21, "prod": 380.0, "target": 20, "value": 0.31038089281213821, "supply": [{"l": "Aquatic Plants", "v": 0.1551904464060691}, {"l": "Aquatic Products, Other", "v": 0.1551904464060691}]}, {"source": 10, "prod": 1.0, "target": 20, "value": 0.0082161612746129049, "supply": [{"l": "Fats, Animals, Raw", "v": 0.0082161612746129049}]}, {"source": 0, "prod": 13.0, "target": 0, "value": 0.011793772167368783, "supply": [{"l": "Potatoes", "v": 0.0083391346893872779}, {"l": "Sweet potatoes", "v": 0.0034546374779815055}]}, {"source": 2, "prod": 99.0, "target": 2, "value": 0.3621983631275536, "supply": [{"l": "Maize", "v": 0.17895160045623953}, {"l": "Wheat", "v": 0.021981445317190592}, {"l": "Oats", "v": 0.0085306554860813382}, {"l": "Millet", "v": 0.0028908715595860218}, {"l": "Barley", "v": 0.022147913001130434}, {"l": "Rice", "v": 0.12448536050674167}, {"l": "Sorghum", "v": 0.0032105168005840336}]}, {"source": 16, "prod": 2.0, "target": 16, "value": 0.0033880414645704226, "supply": [{"l": "Eggs", "v": 0.0033880414645704226}]}, {"source": 11, "prod": 26.0, "target": 11, "value": 0.10327058069922809, "supply": [{"l": "Beans", "v": 0.10327058069922809}]}, {"source": 18, "prod": 25.0, "target": 18, "value": 0.10924675224209561, "supply": [{"l": "Soyabeans", "v": 0.10487688215241178}, {"l": "Cottonseed", "v": 0.0043698700896838243}]}, {"source": 4, "prod": 2.0, "target": 22, "value": 0.0014808197646104652, "supply": [{"l": "Milk - Excluding Butter", "v": 0.0014808197646104652}]}, {"source": 18, "prod": 12.0, "target": 22, "value": 0.052438441076205891, "supply": [{"l": "Soyabeans", "v": 0.052438441076205891}]}, {"source": 8, "prod": 1.0, "target": 22, "value": 0.002497068622676471, "supply": [{"l": "Treenuts", "v": 0.002497068622676471}]}, {"source": 3, "prod": 238.0, "target": 22, "value": 0.061050137255218649, "supply": [{"l": "Vegetables, Other", "v": 0.059588723447087537}, {"l": "Onions", "v": 0.00033690608401190479}, {"l": "Tomatoes", "v": 0.0011245077241192052}]}, {"source": 0, "prod": 69.0, "target": 22, "value": 0.062939779426709044, "supply": [{"l": "Potatoes", "v": 0.043363500384813847}, {"l": "Sweet potatoes", "v": 0.019576279041895194}]}, {"source": 11, "prod": 8.0, "target": 22, "value": 0.03177556329207018, "supply": [{"l": "Beans", "v": 0.03177556329207018}]}, {"source": 13, "prod": 1.0, "target": 22, "value": 0.002497068622676471, "supply": [{"l": "Nuts", "v": 0.002497068622676471}]}, {"source": 2, "prod": 307.0, "target": 22, "value": 1.1430811418414699, "supply": [{"l": "Maize", "v": 0.58159270148277853}, {"l": "Wheat", "v": 0.12246805248149042}, {"l": "Oats", "v": 0.010663319357601675}, {"l": "Millet", "v": 0.011563486238344087}, {"l": "Barley", "v": 0.019379423875989128}, {"l": "Rice", "v": 0.39420364160468196}, {"l": "Sorghum", "v": 0.0032105168005840336}]}, {"source": 16, "prod": 4.0, "target": 22, "value": 0.0067760829291408451, "supply": [{"l": "Eggs", "v": 0.0067760829291408451}]}, {"source": 17, "prod": 65.0, "target": 22, "value": 0.031788857470127253, "supply": [{"l": "Fruits, Other", "v": 0.013847821332745633}, {"l": "Apples", "v": 0.01794103613738162}]}, {"source": 23, "prod": 525.0, "target": 2, "value": 1.6486083987892943, "supply": [{"l": "Wheat", "v": 1.6486083987892943}]}, {"source": 23, "prod": 133.0, "target": 19, "value": 0.56866402453228793, "supply": [{"l": "Fats, Animals, Raw", "v": 0.0082161612746129049}, {"l": "Soyabean Oil", "v": 0.010395959163795918}, {"l": "Sunflowerseed Oil", "v": 0.0094333703523333343}, {"l": "Sugar", "v": 0.54061853374154578}]}, {"source": 23, "prod": 1.0, "target": 15, "value": 0.002497068622676471, "supply": [{"l": "Pepper", "v": 0.002497068622676471}]}, {"source": 2, "prod": 395.0, "target": 24, "value": 1.512651144456179, "supply": [{"l": "Maize", "v": 1.1184475028514971}, {"l": "Rice", "v": 0.39420364160468196}]}, {"source": 3, "prod": 6.0, "target": 24, "value": 0.0016359989125062225, "supply": [{"l": "Vegetables, Other", "v": 0.00051149118838701745}, {"l": "Tomatoes", "v": 0.0011245077241192052}]}, {"source": 12, "prod": 44.0, "target": 24, "value": 0.040858937392952023, "supply": [{"l": "Marine Fish, Other", "v": 0.0016408263511818453}, {"l": "Fish, Seafood", "v": 0.017969420110176427}, {"l": "Molluscs, Other", "v": 0.018595555520000001}, {"l": "Crustaceans", "v": 0.00265313541159375}]}, {"source": 17, "prod": 10.0, "target": 24, "value": 0.0048489286857788163, "supply": [{"l": "Apples", "v": 0.0048489286857788163}]}, {"source": 25, "prod": 2.0, "target": 19, "value": 0.018866740704666669, "supply": [{"l": "Sunflowerseed Oil", "v": 0.018866740704666669}]}, {"source": 25, "prod": 105.0, "target": 2, "value": 0.32972167975785888, "supply": [{"l": "Wheat", "v": 0.32972167975785888}]}, {"source": 1, "prod": 31.0, "target": 4, "value": 0.02295270635146221, "supply": [{"l": "Milk - Excluding Butter", "v": 0.02295270635146221}]}, {"source": 1, "prod": 74.0, "target": 16, "value": 0.12535753418910564, "supply": [{"l": "Eggs", "v": 0.12874557565367606}]}, {"source": 1, "prod": 208.0, "target": 6, "value": 0.69419276420706799, "supply": [{"l": "Poultry Meat", "v": 0.04195075286096471}, {"l": "Bovine Meat", "v": 0.06247383006922641}, {"l": "Pigmeat", "v": 0.56184044010220591}, {"l": "Offals, Edible", "v": 0.02122508329275}, {"l": "Mutton & Goat Meat", "v": 0.0067026578819210543}]}, {"source": 1, "prod": 1265.0, "target": 12, "value": 1.038139169437315, "supply": [{"l": "Crustaceans", "v": 0.00265313541159375}, {"l": "Freshwater Fish", "v": 0.035503775689690903}, {"l": "Molluscs, Other", "v": 0.018595555520000001}, {"l": "Marine Fish, Other", "v": 0.46517427056005312}, {"l": "Fish, Seafood", "v": 0.51621243225597735}]}, {"source": 1, "prod": 380.0, "target": 21, "value": 0.31038089281213821, "supply": [{"l": "Aquatic Plants", "v": 0.1551904464060691}, {"l": "Aquatic Products, Other", "v": 0.1551904464060691}]}, {"source": 19, "prod": 130.0, "target": 7, "value": 0.54061853374154578, "supply": [{"l": "Sugar", "v": 0.54061853374154578}]}, {"source": 19, "prod": 29.0, "target": 14, "value": 0.28286521567896999, "supply": [{"l": "Cottonseed Oil", "v": 0.0070750277642500003}, {"l": "Maize Germ Oil", "v": 0.059929646944235297}, {"l": "Ricebran Oil", "v": 0.02122508329275}, {"l": "Sunflowerseed Oil", "v": 0.028300111057000001}, {"l": "Soyabean Oil", "v": 0.16633534662073468}]}, {"source": 19, "prod": 11.0, "target": 10, "value": 0.090377774020741944, "supply": [{"l": "Fats, Animals, Raw", "v": 0.090377774020741944}]}, {"source": 19, "prod": 132.0, "target": 9, "value": 0.16078720938530983, "supply": [{"l": "Beer", "v": 0.049276324026384426}, {"l": "Beverages, Alcoholic", "v": 0.11151088535892539}]}, {"source": 0, "prod": 345.75, "target": 26, "value": 1.1083193170584631, "supply": [{"l": "Potatoes", "v": 0.90653333160000005}, {"l": "Sweet potatoes", "v": 0.29898166609499999}]}, {"source": 2, "prod": 9708.0, "target": 26, "value": 40.626362094507435, "supply": [{"l": "Maize", "v": 15.33784663734}, {"l": "Barley", "v": 0.97626666480000013}, {"l": "Rice", "v": 13.266766641300002}, {"l": "Wheat", "v": 2.9497199943600001}, {"l": "Oats", "v": 0.64154666544000005}, {"l": "Sorghum", "v": 0.16735999968000004}, {"l": "Millet", "v": 0.50905333236000005}]}, {"source": 3, "prod": 2269.0, "target": 26, "value": 7.2295186928638797, "supply": [{"l": "Tomatoes", "v": 0.11505999978000002}, {"l": "Vegetables, Other", "v": 7.7194799852400005}, {"l": "Onions", "v": 0.076706666519999994}]}, {"source": 11, "prod": 260.0, "target": 26, "value": 0.90653333160000005, "supply": [{"l": "Beans", "v": 0.90653333160000005}]}, {"source": 18, "prod": 306.0, "target": 26, "value": 1.0669199979600001, "supply": [{"l": "Cottonseed", "v": 0.020919999960000001}, {"l": "Soyabeans", "v": 1.0459999980000001}]}, {"source": 27, "prod": 0, "target": 18, "value": 0.011223854602480947, "supply": "[{\"l\":'Energy for power irrigation',\"v\":0.011223854602480947}]"}, {"source": 27, "prod": 0, "target": 8, "value": 0.0002384152121442031, "supply": "[{\"l\":'Energy for power irrigation',\"v\":0.0002384152121442031}]"}, {"source": 27, "prod": 0, "target": 3, "value": 0.083225248670030283, "supply": "[{\"l\":'Energy for power irrigation',\"v\":0.083225248670030283}]"}, {"source": 27, "prod": 0, "target": 0, "value": 0.025363710645802531, "supply": "[{\"l\":'Energy for power irrigation',\"v\":0.025363710645802531}]"}, {"source": 27, "prod": 0, "target": 11, "value": 0.0095366084857681239, "supply": "[{\"l\":'Energy for power irrigation',\"v\":0.0095366084857681239}]"}, {"source": 27, "prod": 0, "target": 13, "value": 0.0002384152121442031, "supply": "[{\"l\":'Energy for power irrigation',\"v\":0.0002384152121442031}]"}, {"source": 27, "prod": 0, "target": 2, "value": 0.17804114457660949, "supply": "[{\"l\":'Energy for power irrigation',\"v\":0.17804114457660949}]"}, {"source": 27, "prod": 0, "target": 17, "value": 0.023823181582716908, "supply": "[{\"l\":'Energy for power irrigation',\"v\":0.023823181582716908}]"}, {"source": 27, "prod": 0, "target": 19, "value": 0.32328449999999997, "supply": "[{\"l\":'Electricity',\"v\":0.32328449999999997}]"}, {"source": 28, "prod": 0, "target": 27, "value": 0.7956696566962429, "supply": [{"l": "Coal", "v": 0.71021667946779743}, {"l": "Natural gas", "v": 0.0}, {"l": "Oil", "v": 0.085452977228445443}]}, {"source": 29, "prod": 0, "target": 27, "value": 0.34553678228014983, "supply": [{"l": "Nuclear", "v": 0.0}, {"l": "Hydroelectric", "v": 0.34553678228014983}, {"l": "Renewable", "v": 0.0}]}, {"source": 28, "prod": 0, "target": 18, "value": 0.17578192589178296, "supply": [{"l": "Other fossil fuels", "v": 0.17578192589178296}]}, {"source": 28, "prod": 0, "target": 8, "value": 0.0037339297983548661, "supply": [{"l": "Other fossil fuels", "v": 0.0037339297983548661}]}, {"source": 28, "prod": 0, "target": 3, "value": 1.3034287249949525, "supply": [{"l": "Other fossil fuels", "v": 1.3034287249949525}]}, {"source": 28, "prod": 0, "target": 0, "value": 0.39723268547113694, "supply": [{"l": "Other fossil fuels", "v": 0.39723268547113694}]}, {"source": 28, "prod": 0, "target": 11, "value": 0.14935719193419467, "supply": [{"l": "Other fossil fuels", "v": 0.14935719193419467}]}, {"source": 28, "prod": 0, "target": 13, "value": 0.0037339297983548661, "supply": [{"l": "Other fossil fuels", "v": 0.0037339297983548661}]}, {"source": 28, "prod": 0, "target": 2, "value": 2.7883838832637724, "supply": [{"l": "Other fossil fuels", "v": 2.7883838832637724}]}, {"source": 28, "prod": 0, "target": 17, "value": 0.37310575446638244, "supply": [{"l": "Other fossil fuels", "v": 0.37310575446638244}]}, {"source": 30, "prod": 18.626969646707582, "target": 18, "value": 0.26086132989299271, "supply": [{"l": "Potash", "v": 0.096658611188438007}, {"l": "Phosphate", "v": 0.53445833376089991}, {"l": "Nitrogen", "v": 7.0783583389960194}]}, {"source": 30, "prod": 0.39567092386797148, "target": 8, "value": 0.0055411720402106287, "supply": [{"l": "Potash", "v": 0.096658611188438007}, {"l": "Phosphate", "v": 0.53445833376089991}, {"l": "Nitrogen", "v": 7.0783583389960194}]}, {"source": 30, "prod": 138.11958865483496, "target": 3, "value": 1.9342952860366025, "supply": [{"l": "Potash", "v": 0.096658611188438007}, {"l": "Phosphate", "v": 0.53445833376089991}, {"l": "Nitrogen", "v": 7.0783583389960194}]}, {"source": 30, "prod": 42.093299054569577, "target": 0, "value": 0.58949545627779232, "supply": [{"l": "Potash", "v": 0.096658611188438007}, {"l": "Phosphate", "v": 0.53445833376089991}, {"l": "Nitrogen", "v": 7.0783583389960194}]}, {"source": 30, "prod": 15.826836954718859, "target": 11, "value": 0.22164688160842516, "supply": [{"l": "Potash", "v": 0.096658611188438007}, {"l": "Phosphate", "v": 0.53445833376089991}, {"l": "Nitrogen", "v": 7.0783583389960194}]}, {"source": 30, "prod": 0.39567092386797148, "target": 13, "value": 0.0055411720402106287, "supply": [{"l": "Potash", "v": 0.096658611188438007}, {"l": "Phosphate", "v": 0.53445833376089991}, {"l": "Nitrogen", "v": 7.0783583389960194}]}, {"source": 30, "prod": 295.47487145463589, "target": 2, "value": 4.1379767820280602, "supply": [{"l": "Potash", "v": 0.096658611188438007}, {"l": "Phosphate", "v": 0.53445833376089991}, {"l": "Nitrogen", "v": 7.0783583389960194}]}, {"source": 30, "prod": 39.536656161884224, "target": 17, "value": 0.5536909600179698, "supply": [{"l": "Potash", "v": 0.096658611188438007}, {"l": "Phosphate", "v": 0.53445833376089991}, {"l": "Nitrogen", "v": 7.0783583389960194}]}, {"source": 28, "prod": 0, "target": 30, "value": 9.1598829574035072, "supply": [{"l": "Natural gas (including LNG)", "v": 6.2322964155175322}, {"l": "Fuel oil", "v": 1.6763367402493814}, {"l": "Liquefied petroleum gas (LPG)", "v": 0.62562490081829647}, {"l": "Coal", "v": 0.62562490081829647}]}, {"source": 31, "prod": 0, "target": 8, "value": 0.0013188226731380842, "supply": "[{\"l\":'Labor',\"v\":0.0013188226731380842}]"}, {"source": 31, "prod": 0, "target": 3, "value": 0.46037056082312511, "supply": "[{\"l\":'Labor',\"v\":0.46037056082312511}]"}, {"source": 31, "prod": 0, "target": 0, "value": 0.14030244284230542, "supply": "[{\"l\":'Labor',\"v\":0.14030244284230542}]"}, {"source": 31, "prod": 0, "target": 11, "value": 0.052752906925523375, "supply": "[{\"l\":'Labor',\"v\":0.052752906925523375}]"}, {"source": 31, "prod": 0, "target": 2, "value": 0.98485619314034778, "supply": "[{\"l\":'Labor',\"v\":0.98485619314034778}]"}, {"source": 31, "prod": 0, "target": 15, "value": 0.00010144789793369878, "supply": "[{\"l\":'Labor',\"v\":0.00010144789793369878}]"}, {"source": 31, "prod": 0, "target": 18, "value": 0.062086113535423662, "supply": "[{\"l\":'Labor',\"v\":0.062086113535423662}]"}, {"source": 31, "prod": 0, "target": 17, "value": 0.13178081941587472, "supply": "[{\"l\":'Labor',\"v\":0.13178081941587472}]"}, {"source": 31, "prod": 0, "target": 13, "value": 0.0013188226731380842, "supply": "[{\"l\":'Labor',\"v\":0.0013188226731380842}]"}, {"source": 28, "prod": 0, "target": 23, "value": 1.8840416637488167, "supply": "[{\"l\":'Fossil Fuels',\"v\":1.8840416637488167}]"}, {"source": 29, "prod": 0, "target": 23, "value": 0.14085432618493218, "supply": "[{\"l\":'Renewables & Nuclear',\"v\":0.073385911773397247},{\"l\":'Biomass & Waste',\"v\":0.067468414411534935}]"}]}