{"nodes": [{"layer": 13, "name": "Animal Products", "fill": "#17becf"}, {"layer": 10, "name": "Feed", "fill": "#dbdb8d"}, {"layer": 5, "name": "Cereals", "fill": "#e7ba52"}, {"layer": 5, "name": "Sugar Crops", "fill": "#ffbb78"}, {"layer": 5, "name": "Starchy Roots"}, {"layer": 5, "name": "Fruits & Vegetables"}, {"layer": 13, "name": "Aquatic Products", "fill": "#1f77b4"}, {"layer": 13, "name": "Other Processed", "fill": "#9c9ede"}, {"layer": 16, "name": "Food", "fill": "#b5cf6b"}, {"layer": 5, "name": "Oilcrops", "fill": "#ff9896"}, {"layer": 13, "name": "Sugar", "fill": "#d6616b"}, {"layer": 5, "name": "Others"}, {"layer": 13, "name": "Vegetable Oils", "fill": "#f7b6d2"}, {"layer": 10, "name": "Processing", "fill": "#9edae5"}, {"layer": 16, "name": "Biofuels & Other", "fill": "#e7ba52"}, {"name": "Seed", "fill": "#dbdb8d"}, {"name": "Waste", "fill": "#c7c7c7"}, {"layer": 0, "name": "Import", "fill": "#aec7e8"}, {"layer": 16, "name": "Export", "fill": "#aec7e8"}, {"layer": 0, "name": "Stock Draw", "fill": "#c7c7c7"}, {"layer": 16, "name": "Stock Deposit", "fill": "#c7c7c7"}, {"layer": 0, "name": "Production", "fill": "#b5cf6b"}], "links": [{"source": 0, "prod": 0.0088169039007370813, "target": 1, "value": 11.0, "supply": [{"l": "Milk - Excluding Butter", "v": 10.0}, {"l": "Meat, Other", "v": 1.0}]}, {"source": 2, "prod": 1.6657566366478798, "target": 1, "value": 460.0, "supply": [{"l": "Maize", "v": 255.0}, {"l": "Wheat", "v": 81.0}, {"l": "Oats", "v": 15.0}, {"l": "Barley", "v": 28.0}, {"l": "Rice", "v": 17.0}, {"l": "Sorghum", "v": 64.0}]}, {"source": 3, "prod": 0.15663088574469131, "target": 1, "value": 490.0, "supply": [{"l": "Sugar cane", "v": 490.0}]}, {"source": 4, "prod": 0.12977786496222912, "target": 1, "value": 120.0, "supply": [{"l": "Potatoes", "v": 3.0}, {"l": "Roots, Other", "v": 23.0}, {"l": "Yams", "v": 4.0}, {"l": "Sweet potatoes", "v": 25.0}, {"l": "Cassava", "v": 65.0}]}, {"source": 5, "prod": 0.076937570391204177, "target": 1, "value": 105.0, "supply": [{"l": "Vegetables, Other", "v": 1.0}, {"l": "Bananas", "v": 16.0}, {"l": "Fruits, Other", "v": 30.0}, {"l": "Plantains", "v": 58.0}]}, {"source": 6, "prod": 0.075937836921927654, "target": 1, "value": 84.0, "supply": [{"l": "Pelagic Fish", "v": 40.0}, {"l": "Marine Fish, Other", "v": 2.0}, {"l": "Fish, Seafood", "v": 42.0}]}, {"source": 7, "prod": 0.94038876525916337, "target": 8, "value": 359.0, "supply": [{"l": "Beer", "v": 184.0}, {"l": "Beverages, Alcoholic", "v": 92.0}, {"l": "Fats, Animals, Raw", "v": 51.0}, {"l": "Butter, Ghee", "v": 14.0}, {"l": "Wine", "v": 13.0}, {"l": "Beverages, Fermented", "v": 5.0}]}, {"source": 0, "prod": 2.0673721242440966, "target": 8, "value": 1721.0, "supply": [{"l": "Mutton & Goat Meat", "v": 14.0}, {"l": "Meat, Other", "v": 76.0}, {"l": "Pigmeat", "v": 99.0}, {"l": "Poultry Meat", "v": 75.0}, {"l": "Milk - Excluding Butter", "v": 1112.0}, {"l": "Offals, Edible", "v": 49.0}, {"l": "Bovine Meat", "v": 244.0}, {"l": "Eggs", "v": 52.0}]}, {"source": 2, "prod": 7.5963636157248615, "target": 8, "value": 2097.0, "supply": [{"l": "Maize", "v": 283.0}, {"l": "Barley", "v": 1.0}, {"l": "Cereals, Other", "v": 27.0}, {"l": "Rice", "v": 733.0}, {"l": "Wheat", "v": 907.0}, {"l": "Oats", "v": 5.0}, {"l": "Sorghum", "v": 136.0}, {"l": "Millet", "v": 5.0}]}, {"source": 9, "prod": 0.40280487838488521, "target": 8, "value": 226.0, "supply": [{"l": "Coconuts - Incl Copra", "v": 209.0}, {"l": "Sesame seed", "v": 1.0}, {"l": "Groundnuts", "v": 15.0}, {"l": "Soyabeans", "v": 1.0}]}, {"source": 3, "prod": 0.047948230330007544, "target": 8, "value": 150.0, "supply": [{"l": "Sugar cane", "v": 150.0}]}, {"source": 10, "prod": 3.3801094990584732, "target": 8, "value": 819.0, "supply": [{"l": "Sugar", "v": 753.0}, {"l": "Sugar non-centrifugal", "v": 62.0}, {"l": "Sweeteners, Other", "v": 2.0}, {"l": "Honey", "v": 2.0}]}, {"source": 4, "prod": 1.6354279672939716, "target": 8, "value": 1559.0, "supply": [{"l": "Roots, Other", "v": 284.0}, {"l": "Yams", "v": 168.0}, {"l": "Potatoes", "v": 182.0}, {"l": "Sweet potatoes", "v": 467.0}, {"l": "Cassava", "v": 458.0}]}, {"source": 5, "prod": 2.3133529191145663, "target": 8, "value": 2925.0, "supply": [{"l": "Plantains", "v": 623.0}, {"l": "Citrus, Other", "v": 4.0}, {"l": "Tomatoes", "v": 147.0}, {"l": "Treenuts", "v": 3.0}, {"l": "Apples", "v": 5.0}, {"l": "Vegetables, Other", "v": 431.0}, {"l": "Peas", "v": 4.0}, {"l": "Grapes", "v": 5.0}, {"l": "Beans", "v": 86.0}, {"l": "Pulses, Other", "v": 118.0}, {"l": "Lemons, Limes", "v": 38.0}, {"l": "Pineapples", "v": 49.0}, {"l": "Bananas", "v": 374.0}, {"l": "Fruits, Other", "v": 736.0}, {"l": "Grapefruit", "v": 32.0}, {"l": "Oranges, Mandarines", "v": 217.0}, {"l": "Onions", "v": 53.0}]}, {"source": 11, "prod": 0.12566541515739618, "target": 8, "value": 105.0, "supply": [{"l": "Nuts", "v": 4.0}, {"l": "Cocoa Beans", "v": 16.0}, {"l": "Coffee", "v": 74.0}, {"l": "Pimento", "v": 1.0}, {"l": "Pepper", "v": 1.0}, {"l": "Infant food", "v": 2.0}, {"l": "Spices, Other", "v": 5.0}, {"l": "Tea", "v": 2.0}]}, {"source": 6, "prod": 0.34992540955452478, "target": 8, "value": 453.0, "supply": [{"l": "Freshwater Fish", "v": 2.0}, {"l": "Crustaceans", "v": 10.0}, {"l": "Marine Fish, Other", "v": 54.0}, {"l": "Demersal Fish", "v": 101.0}, {"l": "Pelagic Fish", "v": 54.0}, {"l": "Fish, Seafood", "v": 227.0}, {"l": "Cephalopods", "v": 1.0}, {"l": "Molluscs, Other", "v": 4.0}]}, {"source": 12, "prod": 1.1346365328107435, "target": 8, "value": 109.0, "supply": [{"l": "Groundnut Oil", "v": 22.0}, {"l": "Soyabean Oil", "v": 16.0}, {"l": "Palm Oil", "v": 5.0}, {"l": "Sunflowerseed Oil", "v": 22.0}, {"l": "Olive Oil", "v": 7.0}, {"l": "Coconut Oil", "v": 31.0}, {"l": "Oilcrops Oil, Other", "v": 4.0}, {"l": "Cottonseed Oil", "v": 2.0}]}, {"source": 3, "prod": 20.919493238113422, "target": 13, "value": 65444.0, "supply": [{"l": "Sugar cane", "v": 65444.0}]}, {"source": 12, "prod": 0.011171096469868422, "target": 13, "value": 1.0, "supply": [{"l": "Oilcrops Oil, Other", "v": 1.0}]}, {"source": 2, "prod": 0.10978662108753737, "target": 13, "value": 37.0, "supply": [{"l": "Barley", "v": 35.0}, {"l": "Millet", "v": 1.0}, {"l": "Rice", "v": 1.0}]}, {"source": 9, "prod": 1.4289340127599781, "target": 13, "value": 691.0, "supply": [{"l": "Cottonseed", "v": 7.0}, {"l": "Soyabeans", "v": 31.0}, {"l": "Coconuts - Incl Copra", "v": 562.0}, {"l": "Oilcrops, Other", "v": 1.0}, {"l": "Groundnuts", "v": 45.0}, {"l": "Oil Palm", "v": 45.0}]}, {"source": 7, "prod": 0.58393766930151714, "target": 14, "value": 75.0, "supply": [{"l": "Beer", "v": 4.0}, {"l": "Beverages, Alcoholic", "v": 1.0}, {"l": "Wine", "v": 1.0}, {"l": "Fats, Animals, Raw", "v": 69.0}]}, {"source": 0, "prod": 0.012829581134882688, "target": 14, "value": 7.0, "supply": [{"l": "Pigmeat", "v": 2.0}, {"l": "Milk - Excluding Butter", "v": 3.0}, {"l": "Bovine Meat", "v": 2.0}]}, {"source": 2, "prod": 0.04859295002821945, "target": 14, "value": 14.0, "supply": [{"l": "Barley", "v": 1.0}, {"l": "Rice", "v": 5.0}, {"l": "Wheat", "v": 8.0}]}, {"source": 9, "prod": 0.14053890102578154, "target": 14, "value": 99.0, "supply": [{"l": "Coconuts - Incl Copra", "v": 99.0}]}, {"source": 3, "prod": 0.01150757527920181, "target": 14, "value": 36.0, "supply": [{"l": "Sugar cane", "v": 36.0}]}, {"source": 10, "prod": 0.020722902526015274, "target": 14, "value": 5.0, "supply": [{"l": "Sugar", "v": 5.0}]}, {"source": 4, "prod": 0.01336162369789291, "target": 14, "value": 13.0, "supply": [{"l": "Roots, Other", "v": 1.0}, {"l": "Potatoes", "v": 3.0}, {"l": "Cassava", "v": 9.0}]}, {"source": 5, "prod": 0.012804386077024272, "target": 14, "value": 32.0, "supply": [{"l": "Fruits, Other", "v": 4.0}, {"l": "Lemons, Limes", "v": 10.0}, {"l": "Tomatoes", "v": 3.0}, {"l": "Bananas", "v": 7.0}, {"l": "Vegetables, Other", "v": 6.0}, {"l": "Oranges, Mandarines", "v": 2.0}]}, {"source": 6, "prod": 0.0056854093208154374, "target": 14, "value": 8.0, "supply": [{"l": "Fish, Seafood", "v": 4.0}, {"l": "Demersal Fish", "v": 4.0}]}, {"source": 12, "prod": 0.26610644761649505, "target": 14, "value": 25.0, "supply": [{"l": "Coconut Oil", "v": 9.0}, {"l": "Oilcrops Oil, Other", "v": 8.0}, {"l": "Palm Oil", "v": 4.0}, {"l": "Sunflowerseed Oil", "v": 4.0}]}, {"source": 4, "prod": 0.011535507713757873, "target": 15, "value": 14.0, "supply": [{"l": "Roots, Other", "v": 2.0}, {"l": "Potatoes", "v": 12.0}]}, {"source": 5, "prod": 0.051001138645938984, "target": 15, "value": 13.0, "supply": [{"l": "Beans", "v": 8.0}, {"l": "Pulses, Other", "v": 5.0}]}, {"source": 0, "prod": 0.0074148762594759823, "target": 0, "value": 5.0, "supply": [{"l": "Eggs", "v": 5.0}]}, {"source": 2, "prod": 0.17300374643930425, "target": 15, "value": 43.0, "supply": [{"l": "Maize", "v": 11.0}, {"l": "Rice", "v": 27.0}, {"l": "Sorghum", "v": 5.0}]}, {"source": 9, "prod": 0.052106350931085087, "target": 15, "value": 9.0, "supply": [{"l": "Groundnuts", "v": 7.0}, {"l": "Cottonseed", "v": 2.0}]}, {"source": 0, "prod": 0.026873968164682245, "target": 16, "value": 36.0, "supply": [{"l": "Milk - Excluding Butter", "v": 33.0}, {"l": "Eggs", "v": 3.0}]}, {"source": 2, "prod": 0.42011234880388715, "target": 16, "value": 114.0, "supply": [{"l": "Maize", "v": 27.0}, {"l": "Barley", "v": 1.0}, {"l": "Rice", "v": 36.0}, {"l": "Sorghum", "v": 11.0}, {"l": "Cereals, Other", "v": 1.0}, {"l": "Wheat", "v": 38.0}]}, {"source": 9, "prod": 0.073609268236892872, "target": 16, "value": 38.0, "supply": [{"l": "Coconuts - Incl Copra", "v": 34.0}, {"l": "Groundnuts", "v": 4.0}]}, {"source": 3, "prod": 0.15055744323622366, "target": 16, "value": 471.0, "supply": [{"l": "Sugar cane", "v": 471.0}]}, {"source": 10, "prod": 0.11604825414568555, "target": 16, "value": 28.0, "supply": [{"l": "Sugar", "v": 28.0}]}, {"source": 4, "prod": 0.21627608661581699, "target": 16, "value": 205.0, "supply": [{"l": "Potatoes", "v": 20.0}, {"l": "Yams", "v": 26.0}, {"l": "Roots, Other", "v": 33.0}, {"l": "Sweet potatoes", "v": 71.0}, {"l": "Cassava", "v": 55.0}]}, {"source": 5, "prod": 0.2767507484970767, "target": 16, "value": 418.0, "supply": [{"l": "Vegetables, Other", "v": 46.0}, {"l": "Pineapples", "v": 6.0}, {"l": "Fruits, Other", "v": 115.0}, {"l": "Grapefruit", "v": 9.0}, {"l": "Beans", "v": 5.0}, {"l": "Plantains", "v": 94.0}, {"l": "Tomatoes", "v": 16.0}, {"l": "Lemons, Limes", "v": 3.0}, {"l": "Bananas", "v": 91.0}, {"l": "Oranges, Mandarines", "v": 23.0}, {"l": "Onions", "v": 5.0}, {"l": "Pulses, Other", "v": 5.0}]}, {"source": 11, "prod": 0.0015436424212909091, "target": 16, "value": 3.0, "supply": [{"l": "Coffee", "v": 3.0}]}, {"source": 17, "prod": 0.033142536794706516, "target": 11, "value": 12.0, "supply": [{"l": "Nuts", "v": 1.0}, {"l": "Cocoa Beans", "v": 3.0}, {"l": "Pepper", "v": 1.0}, {"l": "Coffee", "v": 1.0}, {"l": "Infant food", "v": 2.0}, {"l": "Spices, Other", "v": 3.0}, {"l": "Tea", "v": 1.0}]}, {"source": 17, "prod": 0.83363103967736762, "target": 1, "value": 916.0, "supply": [{"l": "Freshwater Fish", "v": 1.0}, {"l": "Meat, Other", "v": 41.0}, {"l": "Eggs", "v": 1.0}, {"l": "Marine Fish, Other", "v": 10.0}, {"l": "Demersal Fish", "v": 81.0}, {"l": "Mutton & Goat Meat", "v": 3.0}, {"l": "Pigmeat", "v": 19.0}, {"l": "Milk - Excluding Butter", "v": 456.0}, {"l": "Fish, Seafood", "v": 176.0}, {"l": "Pelagic Fish", "v": 84.0}, {"l": "Molluscs, Other", "v": 1.0}, {"l": "Poultry Meat", "v": 11.0}, {"l": "Offals, Edible", "v": 2.0}, {"l": "Bovine Meat", "v": 30.0}]}, {"source": 17, "prod": 1.7685043235545781, "target": 13, "value": 256.0, "supply": [{"l": "Sugar", "v": 35.0}, {"l": "Beer", "v": 27.0}, {"l": "Groundnut Oil", "v": 4.0}, {"l": "Beverages, Alcoholic", "v": 8.0}, {"l": "Fats, Animals, Raw", "v": 93.0}, {"l": "Soyabean Oil", "v": 11.0}, {"l": "Butter, Ghee", "v": 11.0}, {"l": "Palm Oil", "v": 1.0}, {"l": "Sunflowerseed Oil", "v": 26.0}, {"l": "Olive Oil", "v": 7.0}, {"l": "Coconut Oil", "v": 7.0}, {"l": "Oilcrops Oil, Other", "v": 8.0}, {"l": "Wine", "v": 14.0}, {"l": "Sweeteners, Other", "v": 2.0}, {"l": "Cottonseed Oil", "v": 2.0}]}, {"source": 17, "prod": 5.8534981943910216, "target": 2, "value": 1716.0, "supply": [{"l": "Maize", "v": 164.0}, {"l": "Barley", "v": 71.0}, {"l": "Rice", "v": 399.0}, {"l": "Cereals, Other", "v": 11.0}, {"l": "Wheat", "v": 1051.0}, {"l": "Oats", "v": 20.0}]}, {"source": 17, "prod": 0.32784710800529593, "target": 5, "value": 189.0, "supply": [{"l": "Plantains", "v": 2.0}, {"l": "Vegetables, Other", "v": 32.0}, {"l": "Peas", "v": 3.0}, {"l": "Grapes", "v": 5.0}, {"l": "Beans", "v": 7.0}, {"l": "Apples", "v": 4.0}, {"l": "Fruits, Other", "v": 38.0}, {"l": "Grapefruit", "v": 4.0}, {"l": "Oranges, Mandarines", "v": 8.0}, {"l": "Onions", "v": 27.0}, {"l": "Pulses, Other", "v": 59.0}]}, {"source": 17, "prod": 0.20619814042729906, "target": 9, "value": 82.0, "supply": [{"l": "Coconuts - Incl Copra", "v": 49.0}, {"l": "Groundnuts", "v": 2.0}, {"l": "Soyabeans", "v": 31.0}]}, {"source": 17, "prod": 0.08873954840858557, "target": 4, "value": 111.0, "supply": [{"l": "Roots, Other", "v": 3.0}, {"l": "Potatoes", "v": 106.0}, {"l": "Sweet potatoes", "v": 2.0}]}, {"source": 7, "prod": 0.061899851983413003, "target": 18, "value": 20.0, "supply": [{"l": "Beer", "v": 1.0}, {"l": "Beverages, Alcoholic", "v": 19.0}]}, {"source": 0, "prod": 0.0054615599653646272, "target": 18, "value": 3.0, "supply": [{"l": "Milk - Excluding Butter", "v": 1.0}, {"l": "Bovine Meat", "v": 2.0}]}, {"source": 2, "prod": 0.53344936442646684, "target": 18, "value": 133.0, "supply": [{"l": "Maize", "v": 13.0}, {"l": "Rice", "v": 108.0}, {"l": "Wheat", "v": 12.0}]}, {"source": 9, "prod": 1.398934239238584, "target": 18, "value": 840.0, "supply": [{"l": "Oilcrops, Other", "v": 2.0}, {"l": "Coconuts - Incl Copra", "v": 788.0}, {"l": "Groundnuts", "v": 32.0}, {"l": "Palm kernels", "v": 18.0}]}, {"source": 10, "prod": 32.331213011537784, "target": 18, "value": 7800.0, "supply": [{"l": "Sugar", "v": 7797.0}, {"l": "Honey", "v": 3.0}]}, {"source": 4, "prod": 0.027243843945508682, "target": 18, "value": 26.0, "supply": [{"l": "Roots, Other", "v": 19.0}, {"l": "Potatoes", "v": 1.0}, {"l": "Sweet potatoes", "v": 2.0}, {"l": "Cassava", "v": 4.0}]}, {"source": 5, "prod": 0.42305786472379053, "target": 18, "value": 632.0, "supply": [{"l": "Pineapples", "v": 5.0}, {"l": "Grapefruit", "v": 65.0}, {"l": "Pulses, Other", "v": 2.0}, {"l": "Tomatoes", "v": 1.0}, {"l": "Lemons, Limes", "v": 10.0}, {"l": "Bananas", "v": 447.0}, {"l": "Fruits, Other", "v": 24.0}, {"l": "Vegetables, Other", "v": 5.0}, {"l": "Treenuts", "v": 1.0}, {"l": "Oranges, Mandarines", "v": 65.0}, {"l": "Plantains", "v": 7.0}]}, {"source": 11, "prod": 0.1576769117369663, "target": 18, "value": 133.0, "supply": [{"l": "Cocoa Beans", "v": 49.0}, {"l": "Nuts", "v": 1.0}, {"l": "Coffee", "v": 78.0}, {"l": "Spices, Other", "v": 2.0}, {"l": "Tea", "v": 1.0}, {"l": "Pimento", "v": 2.0}]}, {"source": 6, "prod": 0.0328445679198619, "target": 18, "value": 37.0, "supply": [{"l": "Crustaceans", "v": 5.0}, {"l": "Fish, Seafood", "v": 18.0}, {"l": "Pelagic Fish", "v": 13.0}, {"l": "Marine Fish, Other", "v": 1.0}]}, {"source": 12, "prod": 0.22866248788838028, "target": 18, "value": 22.0, "supply": [{"l": "Coconut Oil", "v": 19.0}, {"l": "Oilcrops Oil, Other", "v": 2.0}, {"l": "Palm Oil", "v": 1.0}]}, {"source": 19, "prod": 0.0039771666590621415, "target": 5, "value": 1.0, "supply": [{"l": "Pulses, Other", "v": 1.0}]}, {"source": 19, "prod": 0.031230866894618122, "target": 9, "value": 22.0, "supply": [{"l": "Coconuts - Incl Copra", "v": 22.0}]}, {"source": 11, "prod": 0.0072771714146571444, "target": 20, "value": 4.0, "supply": [{"l": "Cocoa Beans", "v": 4.0}]}, {"source": 2, "prod": 0.070433488615296413, "target": 20, "value": 20.0, "supply": [{"l": "Wheat", "v": 6.0}, {"l": "Barley", "v": 5.0}, {"l": "Rice", "v": 9.0}]}, {"source": 5, "prod": 0.0094399859285708258, "target": 20, "value": 23.0, "supply": [{"l": "Bananas", "v": 4.0}, {"l": "Fruits, Other", "v": 1.0}, {"l": "Grapefruit", "v": 8.0}, {"l": "Oranges, Mandarines", "v": 10.0}]}, {"source": 12, "prod": 0.041201632274161772, "target": 20, "value": 4.0, "supply": [{"l": "Coconut Oil", "v": 4.0}]}, {"source": 19, "prod": 0.0061745696851636363, "target": 11, "value": 12.0, "supply": [{"l": "Coffee", "v": 12.0}]}, {"source": 19, "prod": 2.8326103217239456, "target": 13, "value": 673.0, "supply": [{"l": "Fats, Animals, Raw", "v": 9.0}, {"l": "Sugar", "v": 661.0}, {"l": "Beverages, Alcoholic", "v": 2.0}, {"l": "Oilcrops Oil, Other", "v": 1.0}]}, {"source": 4, "prod": 0.0052261920736715647, "target": 20, "value": 5.0, "supply": [{"l": "Roots, Other", "v": 5.0}]}, {"source": 21, "prod": 4.7789260749789477, "target": 2, "value": 1206.0, "supply": [{"l": "Maize", "v": 426.0}, {"l": "Cereals, Other", "v": 19.0}, {"l": "Rice", "v": 538.0}, {"l": "Sorghum", "v": 217.0}, {"l": "Millet", "v": 6.0}]}, {"source": 21, "prod": 3.3070697725537923, "target": 9, "value": 1810.0, "supply": [{"l": "Coconuts - Incl Copra", "v": 1619.0}, {"l": "Sesame seed", "v": 1.0}, {"l": "Soyabeans", "v": 1.0}, {"l": "Groundnuts", "v": 101.0}, {"l": "Oilcrops, Other", "v": 3.0}, {"l": "Cottonseed", "v": 22.0}, {"l": "Palm kernels", "v": 18.0}, {"l": "Oil Palm", "v": 45.0}]}, {"source": 21, "prod": 21.300202186933678, "target": 3, "value": 66635.0, "supply": [{"l": "Sugar cane", "v": 66635.0}]}, {"source": 21, "prod": 1.9522953862915557, "target": 4, "value": 1833.0, "supply": [{"l": "Roots, Other", "v": 364.0}, {"l": "Yams", "v": 199.0}, {"l": "Potatoes", "v": 115.0}, {"l": "Sweet potatoes", "v": 563.0}, {"l": "Cassava", "v": 592.0}]}, {"source": 21, "prod": 2.835363912436593, "target": 5, "value": 3958.0, "supply": [{"l": "Plantains", "v": 780.0}, {"l": "Citrus, Other", "v": 5.0}, {"l": "Tomatoes", "v": 167.0}, {"l": "Treenuts", "v": 4.0}, {"l": "Vegetables, Other", "v": 458.0}, {"l": "Peas", "v": 2.0}, {"l": "Beans", "v": 92.0}, {"l": "Pulses, Other", "v": 70.0}, {"l": "Lemons, Limes", "v": 60.0}, {"l": "Pineapples", "v": 60.0}, {"l": "Bananas", "v": 938.0}, {"l": "Fruits, Other", "v": 871.0}, {"l": "Grapefruit", "v": 111.0}, {"l": "Oranges, Mandarines", "v": 308.0}, {"l": "Onions", "v": 31.0}, {"l": "Apples", "v": 1.0}]}, {"source": 21, "prod": 0.26108798217840434, "target": 11, "value": 223.0, "supply": [{"l": "Nuts", "v": 4.0}, {"l": "Coffee", "v": 143.0}, {"l": "Cocoa Beans", "v": 67.0}, {"l": "Pimento", "v": 4.0}, {"l": "Spices, Other", "v": 4.0}, {"l": "Tea", "v": 1.0}]}, {"source": 1, "prod": 0.46439322371712982, "target": 6, "value": 582.0, "supply": [{"l": "Pelagic Fish", "v": 107.0}, {"l": "Crustaceans", "v": 15.0}, {"l": "Freshwater Fish", "v": 2.0}, {"l": "Molluscs, Other", "v": 4.0}, {"l": "Demersal Fish", "v": 105.0}, {"l": "Fish, Seafood", "v": 291.0}, {"l": "Marine Fish, Other", "v": 57.0}, {"l": "Cephalopods", "v": 1.0}]}, {"source": 1, "prod": 2.1213541374097633, "target": 0, "value": 1778.0, "supply": [{"l": "Poultry Meat", "v": 75.0}, {"l": "Pigmeat", "v": 101.0}, {"l": "Bovine Meat", "v": 248.0}, {"l": "Eggs", "v": 60.0}, {"l": "Milk - Excluding Butter", "v": 1159.0}, {"l": "Offals, Edible", "v": 49.0}, {"l": "Meat, Other", "v": 77.0}, {"l": "Mutton & Goat Meat", "v": 14.0}]}, {"source": 13, "prod": 1.5862262865440937, "target": 7, "value": 454.0, "supply": [{"l": "Fats, Animals, Raw", "v": 120.0}, {"l": "Beverages, Fermented", "v": 5.0}, {"l": "Beer", "v": 189.0}, {"l": "Beverages, Alcoholic", "v": 112.0}, {"l": "Butter, Ghee", "v": 14.0}, {"l": "Wine", "v": 14.0}]}, {"source": 13, "prod": 1.6817781970596488, "target": 12, "value": 161.0, "supply": [{"l": "Olive Oil", "v": 7.0}, {"l": "Soyabean Oil", "v": 16.0}, {"l": "Coconut Oil", "v": 63.0}, {"l": "Cottonseed Oil", "v": 2.0}, {"l": "Groundnut Oil", "v": 22.0}, {"l": "Palm Oil", "v": 10.0}, {"l": "Oilcrops Oil, Other", "v": 15.0}, {"l": "Sunflowerseed Oil", "v": 26.0}]}, {"source": 13, "prod": 35.84809366726796, "target": 10, "value": 8652.0, "supply": [{"l": "Honey", "v": 5.0}, {"l": "Sweeteners, Other", "v": 2.0}, {"l": "Sugar non-centrifugal", "v": 62.0}, {"l": "Sugar", "v": 8583.0}]}]}