{"nodes": [{"layer": 13, "name": "Animal Products", "fill": "#17becf"}, {"layer": 10, "name": "Feed", "fill": "#dbdb8d"}, {"layer": 5, "name": "Cereals", "fill": "#e7ba52"}, {"layer": 5, "name": "Oilcrops", "fill": "#ff9896"}, {"layer": 5, "name": "Fruits, Roots & Vegetables", "fill": "#98df8a"}, {"layer": 5, "name": "Sugar Crops", "fill": "#ffbb78"}, {"layer": 13, "name": "Aquatic Products", "fill": "#1f77b4"}, {"layer": 13, "name": "Other Processed", "fill": "#9c9ede"}, {"layer": 16, "name": "Food", "fill": "#b5cf6b"}, {"layer": 13, "name": "Sugar", "fill": "#d6616b"}, {"layer": 13, "name": "Vegetable Oils", "fill": "#f7b6d2"}, {"layer": 10, "name": "Processing", "fill": "#9edae5"}, {"layer": 16, "name": "Biofuels & Other", "fill": "#e7ba52"}, {"name": "Waste", "fill": "#c7c7c7"}, {"layer": 2, "name": "Import", "fill": "#aec7e8"}, {"layer": 16, "name": "Export", "fill": "#aec7e8"}, {"layer": 0, "name": "Stock Draw", "fill": "#c7c7c7"}, {"layer": 16, "name": "Stock Deposit", "fill": "#c7c7c7"}, {"name": "Crop Residue", "fill": "#bd9e39"}, {"layer": 2, "name": "Electricity", "fill": "#bcbd22"}, {"layer": 0, "name": "Fossil Fuels", "fill": "#c49c94"}, {"layer": 0, "name": "Renewables & Nuclear", "fill": "#2ca02c"}, {"layer": 2, "name": "Fertilizers", "fill": "#c5b0d5"}, {"layer": 0, "name": "Labor", "fill": "#7f7f7f"}], "links": [{"source": 0, "prod": 35.0, "target": 1, "value": 0.024276112206081543, "supply": [{"l": "Milk - Excluding Butter", "v": 0.021045402725945989}, {"l": "Meat, Other", "v": 0.002062356271360324}, {"l": "Offals, Edible", "v": 0.0011683532087752293}]}, {"source": 2, "prod": 1398.0, "target": 1, "value": 4.869240816955557, "supply": [{"l": "Maize", "v": 3.0289103188341504}, {"l": "Oats", "v": 0.056600222114000003}, {"l": "Barley", "v": 0.12735049975650001}, {"l": "Rice", "v": 0.14915226033206544}, {"l": "Sorghum", "v": 0.11236808802044117}, {"l": "Cereals, Other", "v": 0.027289392804964292}, {"l": "Wheat", "v": 1.3675700350934354}]}, {"source": 3, "prod": 2.0, "target": 1, "value": 0.011370580335401788, "supply": [{"l": "Oilcrops, Other", "v": 0.011370580335401788}]}, {"source": 4, "prod": 309.0, "target": 1, "value": 0.29236174746822297, "supply": [{"l": "Roots, Other", "v": 0.027678014726015276}, {"l": "Potatoes", "v": 0.0040142001499290777}, {"l": "Fruits, Other", "v": 0.014413947239320902}, {"l": "Yams", "v": 0.0051999090472216033}, {"l": "Bananas", "v": 0.010561940017371913}, {"l": "Vegetables, Other", "v": 0.00025536888737228135}, {"l": "Sweet potatoes", "v": 0.03167276992325898}, {"l": "Plantains", "v": 0.085336407580807586}, {"l": "Cassava", "v": 0.11322918989692536}]}, {"source": 5, "prod": 4749.0, "target": 1, "value": 1.6149199555236811, "supply": [{"l": "Sugar cane", "v": 1.6149199555236811}]}, {"source": 6, "prod": 463.0, "target": 1, "value": 0.40217684026702011, "supply": [{"l": "Fish, Seafood", "v": 0.17708331343116029}, {"l": "Pelagic Fish", "v": 0.19553816891746062}, {"l": "Marine Fish, Other", "v": 0.029555357918399201}]}, {"source": 7, "prod": 803.0, "target": 8, "value": 1.9825291190453391, "supply": [{"l": "Beer", "v": 0.21649584958605003}, {"l": "Beverages, Alcoholic", "v": 0.41930368627310199}, {"l": "Fats, Animals, Raw", "v": 0.99417642049094668}, {"l": "Butter, Ghee", "v": 0.33194115224751886}, {"l": "Wine", "v": 0.012671691518059702}, {"l": "Beverages, Fermented", "v": 0.0079403189296618718}]}, {"source": 0, "prod": 3535.0, "target": 8, "value": 3.6886356518679313, "supply": [{"l": "Mutton & Goat Meat", "v": 0.050311308545777776}, {"l": "Meat, Other", "v": 0.15261436408066398}, {"l": "Pigmeat", "v": 0.49666694905035003}, {"l": "Poultry Meat", "v": 0.34308730662876952}, {"l": "Milk - Excluding Butter", "v": 1.6039147835077023}, {"l": "Offals, Edible", "v": 0.075942958570389907}, {"l": "Bovine Meat", "v": 0.76263639009650674}, {"l": "Eggs", "v": 0.20346159138777092}]}, {"source": 2, "prod": 3098.0, "target": 8, "value": 11.101461428216265, "supply": [{"l": "Maize", "v": 1.0948328230546616}, {"l": "Barley", "v": 0.012919615917326089}, {"l": "Cereals, Other", "v": 0.12735049975650004}, {"l": "Rice", "v": 4.7107255554877332}, {"l": "Wheat", "v": 4.7206259238890382}, {"l": "Oats", "v": 0.02594176846891667}, {"l": "Sorghum", "v": 0.38205149926949999}, {"l": "Millet", "v": 0.027013742372590913}]}, {"source": 3, "prod": 325.0, "target": 8, "value": 0.61277639891138602, "supply": [{"l": "Olives", "v": 0.0056852901677008939}, {"l": "Coconuts - Incl Copra", "v": 0.41940072934065287}, {"l": "Sesame seed", "v": 0.024257238048857144}, {"l": "Groundnuts", "v": 0.15282059970780001}, {"l": "Soyabeans", "v": 0.010612541646375}]}, {"source": 4, "prod": 6411.0, "target": 8, "value": 5.5988983989945318, "supply": [{"l": "Roots, Other", "v": 0.44506247679432565}, {"l": "Plantains", "v": 0.67469097243576004}, {"l": "Nuts", "v": 0.01326567705796875}, {"l": "Yams", "v": 0.27975510674052229}, {"l": "Citrus, Other", "v": 0.0023141066212702833}, {"l": "Cocoa Beans", "v": 0.037934191416829785}, {"l": "Tomatoes", "v": 0.076284831381233487}, {"l": "Coffee", "v": 0.025687793113276926}, {"l": "Treenuts", "v": 0.012128619024428572}, {"l": "Apples", "v": 0.0044104069179740262}, {"l": "Vegetables, Other", "v": 0.16547903901723832}, {"l": "Peas", "v": 0.036385857073285718}, {"l": "Grapes", "v": 0.012577827136444444}, {"l": "Potatoes", "v": 0.2039213676163972}, {"l": "Pimento", "v": 0.012128619024428572}, {"l": "Pepper", "v": 0.0011622222200000001}, {"l": "Beans", "v": 0.34503612909806058}, {"l": "Pulses, Other", "v": 0.73784376087553349}, {"l": "Lemons, Limes", "v": 0.012674694288561612}, {"l": "Pineapples", "v": 0.012786194754668675}, {"l": "Bananas", "v": 0.52206160657295453}, {"l": "Infant food", "v": 0.051335085173162792}, {"l": "Spices, Other", "v": 0.025839231834652178}, {"l": "Tea", "v": 0.0047174571377339609}, {"l": "Fruits, Other", "v": 0.40708481294082061}, {"l": "Sweet potatoes", "v": 0.67495764870945008}, {"l": "Grapefruit", "v": 0.012843896556638463}, {"l": "Oranges, Mandarines", "v": 0.10171310850831133}, {"l": "Onions", "v": 0.025377816980461963}, {"l": "Cassava", "v": 0.66143784197213817}]}, {"source": 5, "prod": 224.0, "target": 8, "value": 0.076172261536598132, "supply": [{"l": "Sugar cane", "v": 0.076172261536598132}]}, {"source": 9, "prod": 1172.0, "target": 8, "value": 4.4352363142445004, "supply": [{"l": "Sugar", "v": 4.102965517446771}, {"l": "Sugar non-centrifugal", "v": 0.29252624522537163}, {"l": "Sweeteners, Other", "v": 0.026682961853742863}, {"l": "Honey", "v": 0.013061589718615384}]}, {"source": 6, "prod": 803.0, "target": 8, "value": 0.61989301906380601, "supply": [{"l": "Freshwater Fish", "v": 0.002927597695551724}, {"l": "Crustaceans", "v": 0.0055369782502826086}, {"l": "Aquatic Products, Other", "v": 0.00078269394384597772}, {"l": "Marine Fish, Other", "v": 0.088666073755197597}, {"l": "Demersal Fish", "v": 0.089320488041395862}, {"l": "Pelagic Fish", "v": 0.11431462182866929}, {"l": "Fish, Seafood", "v": 0.30587117774473138}, {"l": "Cephalopods", "v": 0.0070750277642500003}, {"l": "Molluscs, Other", "v": 0.0038329721521896164}, {"l": "Aquatic Animals, Others", "v": 0.0015653878876919554}]}, {"source": 10, "prod": 198.0, "target": 8, "value": 2.0378380875225059, "supply": [{"l": "Groundnut Oil", "v": 0.30564119941560003}, {"l": "Soyabean Oil", "v": 0.5390183943182093}, {"l": "Palm Oil", "v": 0.036385857073285718}, {"l": "Sunflowerseed Oil", "v": 0.59649048511377845}, {"l": "Olive Oil", "v": 0.02122508329275}, {"l": "Coconut Oil", "v": 0.33319376036920756}, {"l": "Oilcrops Oil, Other", "v": 0.116737958110125}, {"l": "Cottonseed Oil", "v": 0.063675249878250004}, {"l": "Palmkernel Oil", "v": 0.025470099951300004}]}, {"source": 5, "prod": 88381.0, "target": 11, "value": 30.054377887794999, "supply": [{"l": "Sugar cane", "v": 30.054377887794999}]}, {"source": 2, "prod": 96.0, "target": 11, "value": 0.18529409660581408, "supply": [{"l": "Rice", "v": 0.0041431183425573734}, {"l": "Millet", "v": 0.003859106053227273}, {"l": "Barley", "v": 0.16980066634200003}, {"l": "Sorghum", "v": 0.0074912058680294113}]}, {"source": 3, "prod": 760.28571428571433, "target": 11, "value": 1.7352580123243826, "supply": [{"l": "Coconuts - Incl Copra", "v": 0.83880145868130573}, {"l": "Cottonseed", "v": 0.022741160670803576}, {"l": "Soyabeans", "v": 0.28653862445212502}, {"l": "Groundnuts", "v": 0.28017109946430002}, {"l": "Palm kernels", "v": 0.028426450838504466}, {"l": "Oilcrops, Other", "v": 0.0056852901677008939}, {"l": "Oil Palm", "v": 0.27289392804964291}]}, {"source": 9, "prod": 1.0, "target": 11, "value": 0.0037990421457840466, "supply": [{"l": "Sugar", "v": 0.0037990421457840466}]}, {"source": 7, "prod": 117.0, "target": 12, "value": 0.88271001397864024, "supply": [{"l": "Beer", "v": 0.0036082641597675008}, {"l": "Beverages, Alcoholic", "v": 0.0095296292334795911}, {"l": "Butter, Ghee", "v": 0.00829852880618797}, {"l": "Fats, Animals, Raw", "v": 0.85937283805149622}, {"l": "Wine", "v": 0.001900753727708955}]}, {"source": 0, "prod": 14.0, "target": 12, "value": 0.018185155923929792, "supply": [{"l": "Pigmeat", "v": 0.002714027043990984}, {"l": "Milk - Excluding Butter", "v": 0.0051019158123505439}, {"l": "Bovine Meat", "v": 0.0073330422124664105}, {"l": "Poultry Meat", "v": 0.0030361708551218543}]}, {"source": 2, "prod": 42.0, "target": 12, "value": 0.14875892831397469, "supply": [{"l": "Maize", "v": 0.049591730661012544}, {"l": "Barley", "v": 0.0055369782502826094}, {"l": "Rice", "v": 0.049717420110688477}, {"l": "Wheat", "v": 0.043912799291991052}]}, {"source": 3, "prod": 182.0, "target": 12, "value": 0.25962902292516599, "supply": [{"l": "Coconuts - Incl Copra", "v": 0.25962902292516599}]}, {"source": 4, "prod": 65.0, "target": 12, "value": 0.0410142481578867, "supply": [{"l": "Roots, Other", "v": 0.0022142411780812221}, {"l": "Potatoes", "v": 0.0024085200899574472}, {"l": "Pineapples", "v": 0.00025572389509337352}, {"l": "Fruits, Other", "v": 0.0030575039598559482}, {"l": "Tomatoes", "v": 0.0010037477813320198}, {"l": "Bananas", "v": 0.0045265457217308199}, {"l": "Vegetables, Other", "v": 0.0020429510989782508}, {"l": "Oranges, Mandarines", "v": 0.0006691651875546799}, {"l": "Lemons, Limes", "v": 0.0024142274835355455}, {"l": "Cassava", "v": 0.022421621761767395}]}, {"source": 5, "prod": 144.0, "target": 12, "value": 0.048967882416384521, "supply": [{"l": "Sugar cane", "v": 0.048967882416384521}]}, {"source": 9, "prod": 140.0, "target": 12, "value": 0.53049258206886818, "supply": [{"l": "Sugar", "v": 0.52806685826398247}, {"l": "Sweeteners, Other", "v": 0.0024257238048857148}]}, {"source": 6, "prod": 22.0, "target": 12, "value": 0.016283838005488702, "supply": [{"l": "Pelagic Fish", "v": 0.0010027598406023622}, {"l": "Fish, Seafood", "v": 0.0076659443043792328}, {"l": "Molluscs, Other", "v": 0.0015331888608758465}, {"l": "Aquatic Products, Other", "v": 0.00078269394384597772}, {"l": "Aquatic Animals, Others", "v": 0.00078269394384597772}, {"l": "Demersal Fish", "v": 0.0029189701974312375}, {"l": "Marine Fish, Other", "v": 0.0015975869145080648}]}, {"source": 10, "prod": 44.0, "target": 12, "value": 0.45316849205044818, "supply": [{"l": "Coconut Oil", "v": 0.14577227016152833}, {"l": "Rape and Mustard Oil", "v": 0.030739775803293106}, {"l": "Groundnut Oil", "v": 0.030564119941560004}, {"l": "Oilcrops Oil, Other", "v": 0.12735049975650001}, {"l": "Soyabean Oil", "v": 0.010365738352273257}, {"l": "Palm Oil", "v": 0.036385857073285718}, {"l": "Sunflowerseed Oil", "v": 0.07199023096200774}]}, {"source": 4, "prod": 35.0, "target": 4, "value": 0.073776617392133981, "supply": [{"l": "Potatoes", "v": 0.014451120539744683}, {"l": "Roots, Other", "v": 0.0033213617671218332}, {"l": "Peas", "v": 0.0045482321341607148}, {"l": "Beans", "v": 0.031727460146948099}, {"l": "Pulses, Other", "v": 0.019728442804158655}]}, {"source": 0, "prod": 13.0, "target": 0, "value": 0.019448534470889865, "supply": [{"l": "Eggs", "v": 0.019448534470889865}]}, {"source": 2, "prod": 54.0, "target": 2, "value": 0.21819789090186595, "supply": [{"l": "Maize", "v": 0.045776982148626966}, {"l": "Rice", "v": 0.15743849701718016}, {"l": "Sorghum", "v": 0.014982411736058823}]}, {"source": 3, "prod": 9.0, "target": 3, "value": 0.056625490070300905, "supply": [{"l": "Cottonseed", "v": 0.0056852901677008939}, {"l": "Groundnuts", "v": 0.050940199902600007}]}, {"source": 0, "prod": 80.0, "target": 13, "value": 0.057885571216317877, "supply": [{"l": "Milk - Excluding Butter", "v": 0.045917242311154884}, {"l": "Eggs", "v": 0.011968328905162997}]}, {"source": 2, "prod": 211.0, "target": 13, "value": 0.76818080194878835, "supply": [{"l": "Maize", "v": 0.20599641966882135}, {"l": "Barley", "v": 0.0036913188335217393}, {"l": "Rice", "v": 0.27758892895134402}, {"l": "Sorghum", "v": 0.026219220538102942}, {"l": "Cereals, Other", "v": 0.0030321547561071431}, {"l": "Wheat", "v": 0.24779365314766377}, {"l": "Millet", "v": 0.003859106053227273}]}, {"source": 3, "prod": 44.0, "target": 13, "value": 0.082531423671116724, "supply": [{"l": "Coconuts - Incl Copra", "v": 0.057061323719816717}, {"l": "Groundnuts", "v": 0.025470099951300004}]}, {"source": 4, "prod": 907.0, "target": 13, "value": 0.72423438818396646, "supply": [{"l": "Vegetables, Other", "v": 0.017875822116059693}, {"l": "Potatoes", "v": 0.023282360869588653}, {"l": "Pineapples", "v": 0.0012786194754668676}, {"l": "Fruits, Other", "v": 0.064644369436954341}, {"l": "Yams", "v": 0.041599272377772827}, {"l": "Grapefruit", "v": 0.0026123179437230774}, {"l": "Beans", "v": 0.019829662591842562}, {"l": "Plantains", "v": 0.10489266765140932}, {"l": "Tomatoes", "v": 0.0085318561413221666}, {"l": "Coffee", "v": 0.00087077264790769247}, {"l": "Lemons, Limes", "v": 0.0010059281181398108}, {"l": "Bananas", "v": 0.094303035869392093}, {"l": "Roots, Other", "v": 0.052034667684908713}, {"l": "Sweet potatoes", "v": 0.11686159937202452}, {"l": "Oranges, Mandarines", "v": 0.009033730031988178}, {"l": "Cassava", "v": 0.13565081165869275}, {"l": "Onions", "v": 0.0023070742709510876}, {"l": "Pulses, Other", "v": 0.02761981992582211}]}, {"source": 5, "prod": 448.0, "target": 13, "value": 0.15234452307319626, "supply": [{"l": "Sugar cane", "v": 0.15234452307319626}]}, {"source": 9, "prod": 39.0, "target": 13, "value": 0.14816264368557783, "supply": [{"l": "Sugar", "v": 0.14816264368557783}]}, {"source": 14, "prod": 564.0, "target": 11, "value": 4.1303589831243368, "supply": [{"l": "Sugar", "v": 0.34191379312056419}, {"l": "Beer", "v": 0.012628924559186253}, {"l": "Groundnut Oil", "v": 0.17319667966884}, {"l": "Beverages, Alcoholic", "v": 0.044471603089571425}, {"l": "Fats, Animals, Raw", "v": 1.5755168697610764}, {"l": "Soyabean Oil", "v": 0.44572674914775001}, {"l": "Butter, Ghee", "v": 0.27385145060420302}, {"l": "Palm Oil", "v": 0.0090964642683214296}, {"l": "Sunflowerseed Oil", "v": 0.69933367220236098}, {"l": "Olive Oil", "v": 0.02122508329275}, {"l": "Coconut Oil", "v": 0.17700918519614153}, {"l": "Rape and Mustard Oil", "v": 0.030739775803293106}, {"l": "Oilcrops Oil, Other", "v": 0.22286337457387501}, {"l": "Wine", "v": 0.013938860669865674}, {"l": "Sweeteners, Other", "v": 0.026682961853742863}, {"l": "Beverages, Fermented", "v": 0.00061079376382014395}, {"l": "Cottonseed Oil", "v": 0.053062708231874998}, {"l": "Palmkernel Oil", "v": 0.0084900333171}]}, {"source": 14, "prod": 3540.0, "target": 2, "value": 11.900992277523814, "supply": [{"l": "Maize", "v": 2.9678743426359815}, {"l": "Barley", "v": 0.31007078201582616}, {"l": "Rice", "v": 2.1254197097319323}, {"l": "Cereals, Other", "v": 0.12431834500039286}, {"l": "Wheat", "v": 6.2795302987547199}, {"l": "Oats", "v": 0.082541990582916683}, {"l": "Sorghum", "v": 0.011236808802044118}]}, {"source": 14, "prod": 71.0, "target": 3, "value": 0.35108940129686605, "supply": [{"l": "Olives", "v": 0.0056852901677008939}, {"l": "Coconuts - Incl Copra", "v": 0.011412264743963341}, {"l": "Groundnuts", "v": 0.025470099951300004}, {"l": "Oilcrops, Other", "v": 0.011370580335401788}, {"l": "Soyabeans", "v": 0.29715116609850001}]}, {"source": 14, "prod": 496.0, "target": 4, "value": 0.88709340788480906, "supply": [{"l": "Roots, Other", "v": 0.0044284823561624442}, {"l": "Pulses, Other", "v": 0.5760705298814327}, {"l": "Plantains", "v": 0.00088892091230007898}, {"l": "Nuts", "v": 0.00265313541159375}, {"l": "Yams", "v": 0.0020799636188886415}, {"l": "Cocoa Beans", "v": 0.010838340404808511}, {"l": "Tomatoes", "v": 0.0010037477813320198}, {"l": "Coffee", "v": 0.0052246358874461548}, {"l": "Vegetables, Other", "v": 0.010725493269635818}, {"l": "Peas", "v": 0.018192928536642859}, {"l": "Grapes", "v": 0.012577827136444444}, {"l": "Potatoes", "v": 0.086706723238468092}, {"l": "Pepper", "v": 0.0011622222200000001}, {"l": "Beans", "v": 0.023795595110211072}, {"l": "Apples", "v": 0.0044104069179740262}, {"l": "Lemons, Limes", "v": 0.00020118562362796209}, {"l": "Pineapples", "v": 0.00025572389509337352}, {"l": "Bananas", "v": 0.00075442428695513669}, {"l": "Infant food", "v": 0.051335085173162792}, {"l": "Spices, Other", "v": 0.018456594167608701}, {"l": "Tea", "v": 0.0031449714251559741}, {"l": "Fruits, Other", "v": 0.019218596319094537}, {"l": "Sweet potatoes", "v": 0.0010921644801123787}, {"l": "Grapefruit", "v": 0.0010884658098846154}, {"l": "Oranges, Mandarines", "v": 0.013383303751093596}, {"l": "Onions", "v": 0.012919615917326089}, {"l": "Cassava", "v": 0.0044843243523534793}]}, {"source": 14, "prod": 2089.0, "target": 1, "value": 1.7178894793045847, "supply": [{"l": "Freshwater Fish", "v": 0.001463798847775862}, {"l": "Meat, Other", "v": 0.076307182040331989}, {"l": "Crustaceans", "v": 0.001230439611173913}, {"l": "Eggs", "v": 0.0074802055657268727}, {"l": "Marine Fish, Other", "v": 0.017573456059588714}, {"l": "Demersal Fish", "v": 0.050790081435303537}, {"l": "Mutton & Goat Meat", "v": 0.025155654272888888}, {"l": "Pigmeat", "v": 0.040710405659864765}, {"l": "Milk - Excluding Butter", "v": 0.72957396116612772}, {"l": "Pelagic Fish", "v": 0.27676171600625199}, {"l": "Fish, Seafood", "v": 0.29743863900991419}, {"l": "Molluscs, Other", "v": 0.00076659443043792326}, {"l": "Poultry Meat", "v": 0.062241502529998022}, {"l": "Offals, Edible", "v": 0.0081784724614266044}, {"l": "Bovine Meat", "v": 0.12221737020777353}]}, {"source": 7, "prod": 50.0, "target": 15, "value": 0.15030180159526998, "supply": [{"l": "Beer", "v": 0.0027061981198256251}, {"l": "Beverages, Alcoholic", "v": 0.13023826619088777}, {"l": "Butter, Ghee", "v": 0.00829852880618797}, {"l": "Fats, Animals, Raw", "v": 0.0084252239024656499}, {"l": "Wine", "v": 0.0006335845759029851}]}, {"source": 0, "prod": 22.0, "target": 15, "value": 0.019450092266798953, "supply": [{"l": "Milk - Excluding Butter", "v": 0.012117050054332541}, {"l": "Bovine Meat", "v": 0.0073330422124664105}]}, {"source": 2, "prod": 152.0, "target": 15, "value": 0.61590840696151639, "supply": [{"l": "Maize", "v": 0.0076294970247711598}, {"l": "Rice", "v": 0.56760721293036009}, {"l": "Wheat", "v": 0.037639542250278046}, {"l": "Cereals, Other", "v": 0.0030321547561071431}]}, {"source": 3, "prod": 644.0, "target": 15, "value": 1.0318132388039662, "supply": [{"l": "Coconuts - Incl Copra", "v": 0.88445051765715899}, {"l": "Groundnuts", "v": 0.10188039980520001}, {"l": "Palm kernels", "v": 0.045482321341607151}]}, {"source": 4, "prod": 651.0, "target": 15, "value": 0.55774308959347918, "supply": [{"l": "Roots, Other", "v": 0.023249532369852832}, {"l": "Infant food", "v": 0.0039488527056279069}, {"l": "Plantains", "v": 0.001777841824600158}, {"l": "Nuts", "v": 0.00265313541159375}, {"l": "Yams", "v": 0.004159927237777283}, {"l": "Grapefruit", "v": 0.010013885450938464}, {"l": "Tomatoes", "v": 0.0015056216719980294}, {"l": "Coffee", "v": 0.034830905916307692}, {"l": "Treenuts", "v": 0.0030321547561071431}, {"l": "Vegetables, Other", "v": 0.0058734844095624716}, {"l": "Pimento", "v": 0.012128619024428572}, {"l": "Cocoa Beans", "v": 0.12193132955409576}, {"l": "Fruits, Other", "v": 0.015724306079259166}, {"l": "Beans", "v": 0.0079318650367370246}, {"l": "Pulses, Other", "v": 0.047348262729980765}, {"l": "Lemons, Limes", "v": 0.00080474249451184835}, {"l": "Bananas", "v": 0.18407952601705335}, {"l": "Spices, Other", "v": 0.022147913001130438}, {"l": "Tea", "v": 0.0047174571377339609}, {"l": "Sweet potatoes", "v": 0.0065529868806742733}, {"l": "Oranges, Mandarines", "v": 0.032119929002624635}, {"l": "Cassava", "v": 0.011210810880883697}]}, {"source": 9, "prod": 9139.0, "target": 15, "value": 34.714870983682722, "supply": [{"l": "Sugar", "v": 34.692852875299913}, {"l": "Sweeteners, Other", "v": 0.0024257238048857148}, {"l": "Honey", "v": 0.019592384577923075}]}, {"source": 6, "prod": 195.0, "target": 15, "value": 0.15673102080600407, "supply": [{"l": "Crustaceans", "v": 0.016610934750847826}, {"l": "Marine Fish, Other", "v": 0.0015975869145080648}, {"l": "Fish, Seafood", "v": 0.074359659752478546}, {"l": "Pelagic Fish", "v": 0.057157310914334646}, {"l": "Demersal Fish", "v": 0.00700552847383497}]}, {"source": 10, "prod": 42.0, "target": 15, "value": 0.42719055780852905, "supply": [{"l": "Palm Oil", "v": 0.072771714146571437}, {"l": "Coconut Oil", "v": 0.33319376036920756}, {"l": "Oilcrops Oil, Other", "v": 0.02122508329275}]}, {"source": 16, "prod": 12.0, "target": 4, "value": 0.013654777083092328, "supply": [{"l": "Fruits, Other", "v": 0.0004367862799794212}, {"l": "Coffee", "v": 0.0026123179437230774}, {"l": "Bananas", "v": 0.00075442428695513669}, {"l": "Spices, Other", "v": 0.0036913188335217393}, {"l": "Roots, Other", "v": 0.0022142411780812221}, {"l": "Pulses, Other", "v": 0.0039456885608317302}]}, {"source": 10, "prod": 6.0, "target": 17, "value": 0.061417076068134749, "supply": [{"l": "Groundnut Oil", "v": 0.030564119941560004}, {"l": "Sunflowerseed Oil", "v": 0.030852956126574745}]}, {"source": 7, "prod": 4.0, "target": 17, "value": 0.012706172311306123, "supply": [{"l": "Beverages, Alcoholic", "v": 0.012706172311306123}]}, {"source": 6, "prod": 15.0, "target": 17, "value": 0.01111061034135211, "supply": [{"l": "Fish, Seafood", "v": 0.0045995665826275393}, {"l": "Pelagic Fish", "v": 0.0030082795218070867}, {"l": "Demersal Fish", "v": 0.003502764236917485}]}, {"source": 2, "prod": 149.0, "target": 17, "value": 0.60845864762641011, "supply": [{"l": "Maize", "v": 0.10299820983441067}, {"l": "Rice", "v": 0.50546043779199945}]}, {"source": 16, "prod": 13.0, "target": 1, "value": 0.012105949677257867, "supply": [{"l": "Pigmeat", "v": 0.002714027043990984}, {"l": "Crustaceans", "v": 0.0018456594167608694}, {"l": "Milk - Excluding Butter", "v": 0.0051019158123505439}, {"l": "Bovine Meat", "v": 0.0024443474041554703}]}, {"source": 4, "prod": 2.0, "target": 17, "value": 0.0006691651875546799, "supply": [{"l": "Oranges, Mandarines", "v": 0.0006691651875546799}]}, {"source": 16, "prod": 37.0, "target": 3, "value": 0.097250651494296708, "supply": [{"l": "Coconuts - Incl Copra", "v": 0.039942926603871692}, {"l": "Groundnuts", "v": 0.057307724890425009}]}, {"source": 16, "prod": 339.0, "target": 11, "value": 1.3214642992429608, "supply": [{"l": "Fats, Animals, Raw", "v": 0.025275671707396953}, {"l": "Coconut Oil", "v": 0.031236915034613212}, {"l": "Sugar", "v": 1.2536839081087354}, {"l": "Beer", "v": 0.0009020660399418752}, {"l": "Soyabean Oil", "v": 0.010365738352273257}]}, {"source": 16, "prod": 55.0, "target": 2, "value": 0.16553735430288272, "supply": [{"l": "Barley", "v": 0.0092282970838043505}, {"l": "Cereals, Other", "v": 0.015160773780535717}, {"l": "Wheat", "v": 0.14114828343854266}]}, {"source": 1, "prod": 1498.0, "target": 6, "value": 1.2061953284836708, "supply": [{"l": "Pelagic Fish", "v": 0.37102114102287403}, {"l": "Crustaceans", "v": 0.022147913001130434}, {"l": "Freshwater Fish", "v": 0.002927597695551724}, {"l": "Molluscs, Other", "v": 0.0053661610130654631}, {"l": "Aquatic Animals, Others", "v": 0.0023480818315379333}, {"l": "Marine Fish, Other", "v": 0.12141660550261293}, {"l": "Aquatic Products, Other", "v": 0.0015653878876919554}, {"l": "Fish, Seafood", "v": 0.569579661815377}, {"l": "Demersal Fish", "v": 0.10274775094957955}, {"l": "Cephalopods", "v": 0.0070750277642500003}]}, {"source": 1, "prod": 3686.0, "target": 0, "value": 3.8084325834810597, "supply": [{"l": "Poultry Meat", "v": 0.34612347748389138}, {"l": "Pigmeat", "v": 0.49938097609434101}, {"l": "Bovine Meat", "v": 0.77730247452143963}, {"l": "Eggs", "v": 0.2348784547638238}, {"l": "Milk - Excluding Butter", "v": 1.6880963944114864}, {"l": "Offals, Edible", "v": 0.077111311779165137}, {"l": "Meat, Other", "v": 0.15467672035202429}, {"l": "Mutton & Goat Meat", "v": 0.050311308545777776}]}, {"source": 11, "prod": 974.0, "target": 7, "value": 3.0282471069305554, "supply": [{"l": "Fats, Animals, Raw", "v": 1.8619744824449085}, {"l": "Beverages, Fermented", "v": 0.0079403189296618718}, {"l": "Beer", "v": 0.22281031186564315}, {"l": "Beverages, Alcoholic", "v": 0.57177775400877551}, {"l": "Butter, Ghee", "v": 0.34853820985989481}, {"l": "Wine", "v": 0.015206029821671642}]}, {"source": 11, "prod": 290.0, "target": 10, "value": 2.9796142134496182, "supply": [{"l": "Olive Oil", "v": 0.02122508329275}, {"l": "Soyabean Oil", "v": 0.54938413267048258}, {"l": "Coconut Oil", "v": 0.81215979089994339}, {"l": "Rape and Mustard Oil", "v": 0.030739775803293106}, {"l": "Cottonseed Oil", "v": 0.063675249878250004}, {"l": "Groundnut Oil", "v": 0.36676943929872002}, {"l": "Palm Oil", "v": 0.14554342829314287}, {"l": "Palmkernel Oil", "v": 0.025470099951300004}, {"l": "Oilcrops Oil, Other", "v": 0.265313541159375}, {"l": "Sunflowerseed Oil", "v": 0.69933367220236098}]}, {"source": 11, "prod": 10491.0, "target": 9, "value": 39.832561565827454, "supply": [{"l": "Honey", "v": 0.032653974296538463}, {"l": "Sweeteners, Other", "v": 0.031534409463514296}, {"l": "Sugar non-centrifugal", "v": 0.29252624522537163}, {"l": "Sugar", "v": 39.475846936842025}]}, {"source": 4, "prod": 8127.5, "target": 18, "value": 22.360288359186686, "supply": [{"l": "Vegetables, Other", "v": 2.5435233284700001}, {"l": "Pulses, Other", "v": 0.47941666574999997}, {"l": "Yams", "v": 0.55350833227499996}, {"l": "Roots, Other", "v": 0.86643666501000005}, {"l": "Peas", "v": 0.024406666620000007}, {"l": "Tomatoes", "v": 1.2063866643600001}, {"l": "Potatoes", "v": 0.44367833248500005}, {"l": "Beans", "v": 0.34343666601000006}, {"l": "Sweet potatoes", "v": 1.3240616641350003}, {"l": "Onions", "v": 0.16212999969000003}, {"l": "Cassava", "v": 1.463528330535}]}, {"source": 5, "prod": 37578.400000000001, "target": 18, "value": 131.02335441614403, "supply": [{"l": "Sugar cane", "v": 131.02335441614403}]}, {"source": 2, "prod": 6804.0, "target": 18, "value": 25.289280640033287, "supply": [{"l": "Maize", "v": 5.5786666560000011}, {"l": "Barley", "v": 0.60319333218000004}, {"l": "Rice", "v": 9.0165199827600002}, {"l": "Cereals, Other", "v": 0.21268666626000002}, {"l": "Wheat", "v": 7.1337199863600018}, {"l": "Oats", "v": 0.1220333331}, {"l": "Sorghum", "v": 0.99718666476000017}, {"l": "Millet", "v": 0.059273333220000009}]}, {"source": 3, "prod": 1849.0, "target": 18, "value": 2.022860129918123, "supply": [{"l": "Olives", "v": 0.0017433333300000001}, {"l": "Coconuts - Incl Copra", "v": 5.9482533219600011}, {"l": "Sesame seed", "v": 0.013946666640000001}, {"l": "Cottonseed", "v": 0.017433333299999999}, {"l": "Groundnuts", "v": 0.31205666606999999}, {"l": "Oilcrops, Other", "v": 0.0087166666500000014}, {"l": "Soyabeans", "v": 0.099369999809999998}, {"l": "Palm kernels", "v": 0.045326666580000001}]}, {"source": 19, "prod": 0, "target": 4, "value": 8.3188215932292016e-05, "supply": "[{\"l\":'Energy for power irrigation',\"v\":8.3188215932292016e-05}]"}, {"source": 19, "prod": 0, "target": 5, "value": 0.00096157491651493142, "supply": "[{\"l\":'Energy for power irrigation',\"v\":0.00096157491651493142}]"}, {"source": 19, "prod": 0, "target": 2, "value": 3.482083181810611e-05, "supply": "[{\"l\":'Energy for power irrigation',\"v\":3.482083181810611e-05}]"}, {"source": 19, "prod": 0, "target": 3, "value": 1.9583245172583148e-05, "supply": "[{\"l\":'Energy for power irrigation',\"v\":1.9583245172583148e-05}]"}, {"source": 19, "prod": 0, "target": 11, "value": 0.029000000023199999, "supply": "[{\"l\":'Electricity',\"v\":0.029000000023199999}]"}, {"source": 20, "prod": 0, "target": 19, "value": 0.053707403518964511, "supply": [{"l": "Coal", "v": 0.028682105882788765}, {"l": "Natural gas", "v": 0.007033921911880482}, {"l": "Oil", "v": 0.017991375724295263}]}, {"source": 21, "prod": 0, "target": 19, "value": 0.0090049439282636149, "supply": [{"l": "Nuclear", "v": 0.0024300920933752216}, {"l": "Hydroelectric", "v": 0.0064739017951357981}, {"l": "Renewable", "v": 0.000100950039752595}]}, {"source": 20, "prod": 0, "target": 4, "value": 0.092963889183125703, "supply": [{"l": "Motor Gasoline", "v": 0.00093132073514528917}, {"l": "Gas-Diesel oil", "v": 0.056047428440120568}, {"l": "Natural gas (including LNG)", "v": 0.0001681843314032125}, {"l": "Fuel oil", "v": 0.034822565817035148}, {"l": "Liquefied petroleum gas (LPG)", "v": 0.00099438985942149364}]}, {"source": 20, "prod": 0, "target": 5, "value": 1.0745721972559739, "supply": [{"l": "Motor Gasoline", "v": 0.010765162446503763}, {"l": "Gas-Diesel oil", "v": 0.6478537941846283}, {"l": "Natural gas (including LNG)", "v": 0.0019440473944024855}, {"l": "Fuel oil", "v": 0.40251501301103459}, {"l": "Liquefied petroleum gas (LPG)", "v": 0.011494180219404694}]}, {"source": 20, "prod": 0, "target": 2, "value": 0.038912722362472306, "supply": [{"l": "Motor Gasoline", "v": 0.00038983120774706536}, {"l": "Gas-Diesel oil", "v": 0.023460270877058157}, {"l": "Natural gas (including LNG)", "v": 7.0398412234233022e-05}, {"l": "Fuel oil", "v": 0.014575991253097947}, {"l": "Liquefied petroleum gas (LPG)", "v": 0.00041623061233490269}]}, {"source": 20, "prod": 0, "target": 3, "value": 0.02188452551442813, "supply": [{"l": "Motor Gasoline", "v": 0.00021924117600388197}, {"l": "Gas-Diesel oil", "v": 0.013194062646192989}, {"l": "Natural gas (including LNG)", "v": 3.9592085960068981e-05}, {"l": "Fuel oil", "v": 0.0081975413980322816}, {"l": "Liquefied petroleum gas (LPG)", "v": 0.00023408820823890781}]}, {"source": 22, "prod": 4.9527240325174464, "target": 4, "value": 0.059449049361800996, "supply": [{"l": "Potash", "v": 0.032933618829582866}, {"l": "Phosphate", "v": 0.0632219115211239}, {"l": "Nitrogen", "v": 0.68934569669727108}]}, {"source": 22, "prod": 57.248675725485569, "target": 5, "value": 0.68717322563442085, "supply": [{"l": "Potash", "v": 0.032933618829582866}, {"l": "Phosphate", "v": 0.0632219115211239}, {"l": "Nitrogen", "v": 0.68934569669727108}]}, {"source": 22, "prod": 2.0731057715932764, "target": 2, "value": 0.024884117616591445, "supply": [{"l": "Potash", "v": 0.032933618829582866}, {"l": "Phosphate", "v": 0.0632219115211239}, {"l": "Nitrogen", "v": 0.68934569669727108}]}, {"source": 22, "prod": 1.1659152430901463, "target": 3, "value": 0.013994834435164574, "supply": [{"l": "Potash", "v": 0.032933618829582866}, {"l": "Phosphate", "v": 0.0632219115211239}, {"l": "Nitrogen", "v": 0.68934569669727108}]}, {"source": 20, "prod": 0, "target": 22, "value": 0.95694177496482724, "supply": [{"l": "Natural gas (including LNG)", "v": 0.64254352987091889}, {"l": "Fuel oil", "v": 0.19254178842095604}, {"l": "Liquefied petroleum gas (LPG)", "v": 0.060928228336476181}, {"l": "Coal", "v": 0.060928228336476181}]}, {"source": 23, "prod": 0, "target": 2, "value": 0.1142867087350698, "supply": "[{\"l\":'Labor',\"v\":0.1142867087350698}]"}, {"source": 23, "prod": 0, "target": 3, "value": 0.064274875707096224, "supply": "[{\"l\":'Labor',\"v\":0.064274875707096224}]"}, {"source": 23, "prod": 0, "target": 4, "value": 0.27303504563323922, "supply": "[{\"l\":'Labor',\"v\":0.27303504563323922}]"}, {"source": 23, "prod": 0, "target": 5, "value": 3.1560197351043109, "supply": "[{\"l\":'Labor',\"v\":3.1560197351043109}]"}, {"source": 20, "prod": 0, "target": 14, "value": 9.2854791209041352, "supply": "[{\"l\":'Fossil Fuels',\"v\":9.2854791209041352}]"}, {"source": 21, "prod": 0, "target": 14, "value": 1.8147178492160698, "supply": "[{\"l\":'Renewables & Nuclear',\"v\":0.50153682518081599},{\"l\":'Biomass & Waste',\"v\":1.3131810240352539}]"}]}