{"nodes": [{"layer": 3, "name": "Maize"}, {"layer": 5, "name": "Production", "fill": "#b5cf6b"}, {"layer": 3, "name": "Vegetables, Other"}, {"layer": 3, "name": "Plantains"}, {"layer": 3, "name": "Nuts"}, {"layer": 3, "name": "Yams"}, {"layer": 3, "name": "Citrus, Other"}, {"layer": 3, "name": "Cocoa Beans"}, {"layer": 3, "name": "Rice"}, {"layer": 3, "name": "Tomatoes"}, {"layer": 3, "name": "Coffee"}, {"layer": 3, "name": "Coconuts - Incl Copra"}, {"layer": 3, "name": "Treenuts"}, {"layer": 3, "name": "Roots, Other"}, {"layer": 3, "name": "Peas"}, {"layer": 3, "name": "Sesame seed"}, {"layer": 3, "name": "Soyabeans"}, {"layer": 3, "name": "Groundnuts"}, {"layer": 3, "name": "Oilcrops, Other"}, {"layer": 3, "name": "Sugar cane"}, {"layer": 3, "name": "Cereals, Other"}, {"layer": 3, "name": "Cottonseed"}, {"layer": 3, "name": "Potatoes"}, {"layer": 3, "name": "Pimento"}, {"layer": 3, "name": "Grapefruit"}, {"layer": 3, "name": "Pineapples"}, {"layer": 3, "name": "Beans"}, {"layer": 3, "name": "Pulses, Other"}, {"layer": 3, "name": "Lemons, Limes"}, {"layer": 3, "name": "Sorghum"}, {"layer": 3, "name": "Bananas"}, {"layer": 3, "name": "Spices, Other"}, {"layer": 3, "name": "Tea"}, {"layer": 3, "name": "Fruits, Other"}, {"layer": 3, "name": "Apples"}, {"layer": 3, "name": "Millet"}, {"layer": 3, "name": "Sweet potatoes"}, {"layer": 3, "name": "Oranges, Mandarines"}, {"layer": 3, "name": "Palm kernels"}, {"layer": 3, "name": "Onions"}, {"layer": 3, "name": "Cassava"}, {"layer": 3, "name": "Oil Palm"}, {"layer": 1, "name": "Electricity", "fill": "#bcbd22"}, {"layer": 0, "name": "Fossil Fuels", "fill": "#c49c94"}, {"layer": 0, "name": "Renewables & Nuclear", "fill": "#2ca02c"}, {"layer": 1, "name": "Fertilizers", "fill": "#c5b0d5"}, {"layer": 0, "name": "Labor", "fill": "#7f7f7f"}], "links": [{"source": 0, "prod": 419.0, "target": 1, "value": 1.6156054990134956, "supply": [{"l": "Maize", "v": 1.6156054990134956}]}, {"source": 2, "prod": 478.0, "target": 1, "value": 0.13295631812615777, "supply": [{"l": "Vegetables, Other", "v": 0.13295631812615777}]}, {"source": 3, "prod": 800.0, "target": 1, "value": 0.70674120185403666, "supply": [{"l": "Plantains", "v": 0.70674120185403666}]}, {"source": 4, "prod": 4.0, "target": 1, "value": 0.019976548981411768, "supply": [{"l": "Nuts", "v": 0.019976548981411768}]}, {"source": 5, "prod": 202.0, "target": 1, "value": 0.20857946716875403, "supply": [{"l": "Yams", "v": 0.20857946716875403}]}, {"source": 6, "prod": 6.0, "target": 1, "value": 0.002304986420932127, "supply": [{"l": "Citrus, Other", "v": 0.002304986420932127}]}, {"source": 7, "prod": 70.0, "target": 1, "value": 0.12919615917326088, "supply": [{"l": "Cocoa Beans", "v": 0.12919615917326088}]}, {"source": 8, "prod": 507.0, "target": 1, "value": 2.0892252685560821, "supply": [{"l": "Rice", "v": 2.0892252685560821}]}, {"source": 9, "prod": 117.0, "target": 1, "value": 0.032891850930486764, "supply": [{"l": "Tomatoes", "v": 0.032891850930486764}]}, {"source": 10, "prod": 127.0, "target": 1, "value": 0.059027421419983579, "supply": [{"l": "Coffee", "v": 0.059027421419983579}]}, {"source": 11, "prod": 1655.0, "target": 1, "value": 2.3061438681970339, "supply": [{"l": "Coconuts - Incl Copra", "v": 2.3061438681970339}]}, {"source": 12, "prod": 4.0, "target": 1, "value": 0.026123179437230769, "supply": [{"l": "Treenuts", "v": 0.026123179437230769}]}, {"source": 13, "prod": 376.0, "target": 1, "value": 0.40485908300759732, "supply": [{"l": "Roots, Other", "v": 0.40485908300759732}]}, {"source": 14, "prod": 2.0, "target": 1, "value": 0.0094333703523333343, "supply": [{"l": "Peas", "v": 0.0094333703523333343}]}, {"source": 15, "prod": 1.0, "target": 1, "value": 0.0070750277642500003, "supply": [{"l": "Sesame seed", "v": 0.0070750277642500003}]}, {"source": 16, "prod": 1.0, "target": 1, "value": 0.0037798093535034247, "supply": [{"l": "Soyabeans", "v": 0.0037798093535034247}]}, {"source": 17, "prod": 93.0, "target": 1, "value": 0.61259981779419836, "supply": [{"l": "Groundnuts", "v": 0.61259981779419836}]}, {"source": 18, "prod": 3.0, "target": 1, "value": 0.011970802828103715, "supply": [{"l": "Oilcrops, Other", "v": 0.011970802828103715}]}, {"source": 19, "prod": 63095.0, "target": 1, "value": 19.958221018719243, "supply": [{"l": "Sugar cane", "v": 19.958221018719243}]}, {"source": 20, "prod": 19.0, "target": 1, "value": 0.059016085253012197, "supply": [{"l": "Cereals, Other", "v": 0.059016085253012197}]}, {"source": 21, "prod": 23.0, "target": 1, "value": 0.091776155015461824, "supply": [{"l": "Cottonseed", "v": 0.091776155015461824}]}, {"source": 22, "prod": 117.0, "target": 1, "value": 0.092587713538014663, "supply": [{"l": "Potatoes", "v": 0.092587713538014663}]}, {"source": 23, "prod": 4.0, "target": 1, "value": 0.028300111057000001, "supply": [{"l": "Pimento", "v": 0.028300111057000001}]}, {"source": 24, "prod": 110.0, "target": 1, "value": 0.026682961853742856, "supply": [{"l": "Grapefruit", "v": 0.026682961853742856}]}, {"source": 25, "prod": 59.0, "target": 1, "value": 0.022665699805832582, "supply": [{"l": "Pineapples", "v": 0.022665699805832582}]}, {"source": 26, "prod": 91.0, "target": 1, "value": 0.35958452280536568, "supply": [{"l": "Beans", "v": 0.35958452280536568}]}, {"source": 27, "prod": 73.0, "target": 1, "value": 0.2879257755649583, "supply": [{"l": "Pulses, Other", "v": 0.2879257755649583}]}, {"source": 28, "prod": 64.0, "target": 1, "value": 0.014224139588858637, "supply": [{"l": "Lemons, Limes", "v": 0.014224139588858637}]}, {"source": 29, "prod": 217.0, "target": 1, "value": 0.8260902976308554, "supply": [{"l": "Sorghum", "v": 0.8260902976308554}]}, {"source": 30, "prod": 928.0, "target": 1, "value": 0.70262344693241374, "supply": [{"l": "Bananas", "v": 0.70262344693241374}]}, {"source": 31, "prod": 4.0, "target": 1, "value": 0.015436424212909092, "supply": [{"l": "Spices, Other", "v": 0.015436424212909092}]}, {"source": 32, "prod": 1.0, "target": 1, "value": 0.0011552211312937561, "supply": [{"l": "Tea", "v": 0.0011552211312937561}]}, {"source": 33, "prod": 896.0, "target": 1, "value": 0.41317820560708762, "supply": [{"l": "Fruits, Other", "v": 0.41317820560708762}]}, {"source": 34, "prod": 1.0, "target": 1, "value": 0.00055335412681284922, "supply": [{"l": "Apples", "v": 0.00055335412681284922}]}, {"source": 35, "prod": 6.0, "target": 1, "value": 0.024257238048857144, "supply": [{"l": "Millet", "v": 0.024257238048857144}]}, {"source": 36, "prod": 611.0, "target": 1, "value": 0.66414032916756649, "supply": [{"l": "Sweet potatoes", "v": 0.66414032916756649}]}, {"source": 37, "prod": 321.0, "target": 1, "value": 0.11320044422800001, "supply": [{"l": "Oranges, Mandarines", "v": 0.11320044422800001}]}, {"source": 38, "prod": 13.0, "target": 1, "value": 0.051873478921782769, "supply": [{"l": "Palm kernels", "v": 0.051873478921782769}]}, {"source": 39, "prod": 30.0, "target": 1, "value": 0.013842445625706523, "supply": [{"l": "Onions", "v": 0.013842445625706523}]}, {"source": 40, "prod": 604.0, "target": 1, "value": 0.66597144461407798, "supply": [{"l": "Cassava", "v": 0.66597144461407798}]}, {"source": 41, "prod": 40.0, "target": 1, "value": 0.169800666342, "supply": [{"l": "Oil Palm", "v": 0.169800666342}]}, {"source": 42, "prod": 0, "target": 0, "value": 9.29126643408949e-07, "supply": "[{\"l\":'Energy for power irrigation',\"v\":9.29126643408949e-07}]"}, {"source": 42, "prod": 0, "target": 2, "value": 9.4045745613344832e-07, "supply": "[{\"l\":'Energy for power irrigation',\"v\":9.4045745613344832e-07}]"}, {"source": 42, "prod": 0, "target": 3, "value": 1.5117192643269586e-06, "supply": "[{\"l\":'Energy for power irrigation',\"v\":1.5117192643269586e-06}]"}, {"source": 42, "prod": 0, "target": 4, "value": 8.4981095433745335e-09, "supply": "[{\"l\":'Energy for power irrigation',\"v\":8.4981095433745335e-09}]"}, {"source": 42, "prod": 0, "target": 5, "value": 3.8147069505814576e-07, "supply": "[{\"l\":'Energy for power irrigation',\"v\":3.8147069505814576e-07}]"}, {"source": 42, "prod": 0, "target": 6, "value": 1.1330812724499378e-08, "supply": "[{\"l\":'Energy for power irrigation',\"v\":1.1330812724499378e-08}]"}, {"source": 42, "prod": 0, "target": 24, "value": 2.2472778570257101e-07, "supply": "[{\"l\":'Energy for power irrigation',\"v\":2.2472778570257101e-07}]"}, {"source": 42, "prod": 0, "target": 8, "value": 1.3804706836015075e-06, "supply": "[{\"l\":'Energy for power irrigation',\"v\":1.3804706836015075e-06}]"}, {"source": 42, "prod": 0, "target": 9, "value": 2.2095084812773787e-07, "supply": "[{\"l\":'Energy for power irrigation',\"v\":2.2095084812773787e-07}]"}, {"source": 42, "prod": 0, "target": 20, "value": 4.5323250897997512e-08, "supply": "[{\"l\":'Energy for power irrigation',\"v\":4.5323250897997512e-08}]"}, {"source": 42, "prod": 0, "target": 10, "value": 2.4172400478932008e-07, "supply": "[{\"l\":'Energy for power irrigation',\"v\":2.4172400478932008e-07}]"}, {"source": 42, "prod": 0, "target": 11, "value": 3.1716833284661177e-06, "supply": "[{\"l\":'Energy for power irrigation',\"v\":3.1716833284661177e-06}]"}, {"source": 42, "prod": 0, "target": 12, "value": 7.5538751496662526e-09, "supply": "[{\"l\":'Energy for power irrigation',\"v\":7.5538751496662526e-09}]"}, {"source": 42, "prod": 0, "target": 13, "value": 7.1289696724975253e-07, "supply": "[{\"l\":'Energy for power irrigation',\"v\":7.1289696724975253e-07}]"}, {"source": 42, "prod": 0, "target": 14, "value": 5.665406362249689e-09, "supply": "[{\"l\":'Energy for power irrigation',\"v\":5.665406362249689e-09}]"}, {"source": 42, "prod": 0, "target": 15, "value": 1.8884687874165631e-09, "supply": "[{\"l\":'Energy for power irrigation',\"v\":1.8884687874165631e-09}]"}, {"source": 42, "prod": 0, "target": 16, "value": 3.4936672567206413e-08, "supply": "[{\"l\":'Energy for power irrigation',\"v\":3.4936672567206413e-08}]"}, {"source": 42, "prod": 0, "target": 17, "value": 1.775160660171569e-07, "supply": "[{\"l\":'Energy for power irrigation',\"v\":1.775160660171569e-07}]"}, {"source": 42, "prod": 0, "target": 41, "value": 3.7769375748331264e-08, "supply": "[{\"l\":'Energy for power irrigation',\"v\":3.7769375748331264e-08}]"}, {"source": 42, "prod": 0, "target": 18, "value": 5.665406362249689e-09, "supply": "[{\"l\":'Energy for power irrigation',\"v\":5.665406362249689e-09}]"}, {"source": 42, "prod": 0, "target": 7, "value": 1.3596975269399254e-07, "supply": "[{\"l\":'Energy for power irrigation',\"v\":1.3596975269399254e-07}]"}, {"source": 42, "prod": 0, "target": 21, "value": 3.021550059866501e-08, "supply": "[{\"l\":'Energy for power irrigation',\"v\":3.021550059866501e-08}]"}, {"source": 42, "prod": 0, "target": 22, "value": 3.1159734992373292e-07, "supply": "[{\"l\":'Energy for power irrigation',\"v\":3.1159734992373292e-07}]"}, {"source": 42, "prod": 0, "target": 23, "value": 7.5538751496662526e-09, "supply": "[{\"l\":'Energy for power irrigation',\"v\":7.5538751496662526e-09}]"}, {"source": 42, "prod": 0, "target": 26, "value": 1.8034876919828176e-07, "supply": "[{\"l\":'Energy for power irrigation',\"v\":1.8034876919828176e-07}]"}, {"source": 42, "prod": 0, "target": 27, "value": 2.1906237934032133e-07, "supply": "[{\"l\":'Energy for power irrigation',\"v\":2.1906237934032133e-07}]"}, {"source": 42, "prod": 0, "target": 28, "value": 1.2180623678836833e-07, "supply": "[{\"l\":'Energy for power irrigation',\"v\":1.2180623678836833e-07}]"}, {"source": 42, "prod": 0, "target": 29, "value": 4.0885349247568589e-07, "supply": "[{\"l\":'Energy for power irrigation',\"v\":4.0885349247568589e-07}]"}, {"source": 42, "prod": 0, "target": 19, "value": 0.00011912272264144937, "supply": "[{\"l\":'Energy for power irrigation',\"v\":0.00011912272264144937}]"}, {"source": 42, "prod": 0, "target": 25, "value": 1.1141965845757722e-07, "supply": "[{\"l\":'Energy for power irrigation',\"v\":1.1141965845757722e-07}]"}, {"source": 42, "prod": 0, "target": 30, "value": 1.7534432691162787e-06, "supply": "[{\"l\":'Energy for power irrigation',\"v\":1.7534432691162787e-06}]"}, {"source": 42, "prod": 0, "target": 31, "value": 1.0386578330791097e-08, "supply": "[{\"l\":'Energy for power irrigation',\"v\":1.0386578330791097e-08}]"}, {"source": 42, "prod": 0, "target": 32, "value": 3.7769375748331263e-09, "supply": "[{\"l\":'Energy for power irrigation',\"v\":3.7769375748331263e-09}]"}, {"source": 42, "prod": 0, "target": 33, "value": 1.7279489404861553e-06, "supply": "[{\"l\":'Energy for power irrigation',\"v\":1.7279489404861553e-06}]"}, {"source": 42, "prod": 0, "target": 35, "value": 1.1330812724499378e-08, "supply": "[{\"l\":'Energy for power irrigation',\"v\":1.1330812724499378e-08}]"}, {"source": 42, "prod": 0, "target": 36, "value": 1.1547986635052283e-06, "supply": "[{\"l\":'Energy for power irrigation',\"v\":1.1547986635052283e-06}]"}, {"source": 42, "prod": 0, "target": 37, "value": 6.1564082469779945e-07, "supply": "[{\"l\":'Energy for power irrigation',\"v\":6.1564082469779945e-07}]"}, {"source": 42, "prod": 0, "target": 38, "value": 2.4550094236415321e-08, "supply": "[{\"l\":'Energy for power irrigation',\"v\":2.4550094236415321e-08}]"}, {"source": 42, "prod": 0, "target": 40, "value": 1.1415793819933122e-06, "supply": "[{\"l\":'Energy for power irrigation',\"v\":1.1415793819933122e-06}]"}, {"source": 42, "prod": 0, "target": 39, "value": 9.4423439370828141e-08, "supply": "[{\"l\":'Energy for power irrigation',\"v\":9.4423439370828141e-08}]"}, {"source": 42, "prod": 0, "target": 34, "value": 6.60964075595797e-09, "supply": "[{\"l\":'Energy for power irrigation',\"v\":6.60964075595797e-09}]"}, {"source": 43, "prod": 0, "target": 42, "value": 0.0002630734944353122, "supply": [{"l": "Coal", "v": 0.00013579524459314947}, {"l": "Natural gas", "v": 4.2051952404829577e-05}, {"l": "Oil", "v": 8.5226297437333159e-05}]}, {"source": 44, "prod": 0, "target": 42, "value": 3.6777506873575017e-05, "supply": [{"l": "Nuclear", "v": 4.1990865816908372e-06}, {"l": "Hydroelectric", "v": 3.2160047000705279e-05}, {"l": "Renewable", "v": 4.1837329117890133e-07}]}, {"source": 43, "prod": 0, "target": 0, "value": 0.004473421722902095, "supply": [{"l": "Motor Gasoline", "v": 8.2537518669122367e-05}, {"l": "Gas-Diesel oil", "v": 0.0012017313666271769}, {"l": "Natural gas (including LNG)", "v": 1.4905195244988241e-05}, {"l": "Fuel oil", "v": 0.0030861206754748149}, {"l": "Liquefied petroleum gas (LPG)", "v": 8.8126966885992958e-05}]}, {"source": 43, "prod": 0, "target": 2, "value": 0.0045279756463521203, "supply": [{"l": "Motor Gasoline", "v": 8.354407377484337e-05}, {"l": "Gas-Diesel oil", "v": 0.001216386627195801}, {"l": "Natural gas (including LNG)", "v": 1.5086965918707609e-05}, {"l": "Fuel oil", "v": 0.0031237562934684103}, {"l": "Liquefied petroleum gas (LPG)", "v": 8.9201685994358718e-05}]}, {"source": 43, "prod": 0, "target": 3, "value": 0.0072784026202909087, "supply": [{"l": "Motor Gasoline", "v": 0.00013429122702161069}, {"l": "Gas-Diesel oil", "v": 0.0019552560141972665}, {"l": "Natural gas (including LNG)", "v": 2.4251237385392453e-05}, {"l": "Fuel oil", "v": 0.0050212187006455069}, {"l": "Liquefied petroleum gas (LPG)", "v": 0.00014338544104113284}]}, {"source": 43, "prod": 0, "target": 4, "value": 4.0915442587519162e-05, "supply": [{"l": "Motor Gasoline", "v": 7.5491632929075328e-07}, {"l": "Gas-Diesel oil", "v": 1.0991445426468081e-05}, {"l": "Natural gas (including LNG)", "v": 1.3632800528952657e-07}, {"l": "Fuel oil", "v": 2.8226713495196475e-05}, {"l": "Liquefied petroleum gas (LPG)", "v": 8.0603933127432575e-07}]}, {"source": 43, "prod": 0, "target": 5, "value": 0.0018366487561508602, "supply": [{"l": "Motor Gasoline", "v": 3.3887355225940483e-05}, {"l": "Gas-Diesel oil", "v": 0.00049339377247701168}, {"l": "Natural gas (including LNG)", "v": 6.1196126818854158e-06}, {"l": "Fuel oil", "v": 0.0012670658057843754}, {"l": "Liquefied petroleum gas (LPG)", "v": 3.6182209981647515e-05}]}, {"source": 43, "prod": 0, "target": 6, "value": 5.4553923450025551e-05, "supply": [{"l": "Motor Gasoline", "v": 1.0065551057210045e-06}, {"l": "Gas-Diesel oil", "v": 1.4655260568624108e-05}, {"l": "Natural gas (including LNG)", "v": 1.8177067371936878e-07}, {"l": "Fuel oil", "v": 3.7635617993595305e-05}, {"l": "Liquefied petroleum gas (LPG)", "v": 1.0747191083657678e-06}]}, {"source": 43, "prod": 0, "target": 24, "value": 0.0010819861484255068, "supply": [{"l": "Motor Gasoline", "v": 1.9963342930133257e-05}, {"l": "Gas-Diesel oil", "v": 0.00029066266794437816}, {"l": "Natural gas (including LNG)", "v": 3.6051183621008146e-06}, {"l": "Fuel oil", "v": 0.00074643975687297358}, {"l": "Liquefied petroleum gas (LPG)", "v": 2.1315262315921062e-05}]}, {"source": 43, "prod": 0, "target": 8, "value": 0.006646486340328113, "supply": [{"l": "Motor Gasoline", "v": 0.0001226319637136757}, {"l": "Gas-Diesel oil", "v": 0.0017854992459440371}, {"l": "Natural gas (including LNG)", "v": 2.2145727081476429e-05}, {"l": "Fuel oil", "v": 0.004585272792219694}, {"l": "Liquefied petroleum gas (LPG)", "v": 0.00013093661136922937}]}, {"source": 43, "prod": 0, "target": 9, "value": 0.0010638015072754982, "supply": [{"l": "Motor Gasoline", "v": 1.9627824561559589e-05}, {"l": "Gas-Diesel oil", "v": 0.00028577758108817012}, {"l": "Natural gas (including LNG)", "v": 3.5445281375276914e-06}, {"l": "Fuel oil", "v": 0.00073389455087510846}, {"l": "Liquefied petroleum gas (LPG)", "v": 2.0957022613132473e-05}]}, {"source": 43, "prod": 0, "target": 20, "value": 0.00021821569380010221, "supply": [{"l": "Motor Gasoline", "v": 4.0262204228840181e-06}, {"l": "Gas-Diesel oil", "v": 5.8621042274496431e-05}, {"l": "Natural gas (including LNG)", "v": 7.270826948774751e-07}, {"l": "Fuel oil", "v": 0.00015054247197438122}, {"l": "Liquefied petroleum gas (LPG)", "v": 4.2988764334630712e-06}]}, {"source": 43, "prod": 0, "target": 10, "value": 0.0011638170336005452, "supply": [{"l": "Motor Gasoline", "v": 2.1473175588714764e-05}, {"l": "Gas-Diesel oil", "v": 0.00031264555879731431}, {"l": "Natural gas (including LNG)", "v": 3.8777743726798678e-06}, {"l": "Fuel oil", "v": 0.00080289318386336653}, {"l": "Liquefied petroleum gas (LPG)", "v": 2.2927340978469715e-05}]}, {"source": 43, "prod": 0, "target": 11, "value": 0.015270552405719652, "supply": [{"l": "Motor Gasoline", "v": 0.00028175155000973785}, {"l": "Gas-Diesel oil", "v": 0.0041022516875006982}, {"l": "Natural gas (including LNG)", "v": 5.0880641085279976e-05}, {"l": "Fuel oil", "v": 0.010534836736707218}, {"l": "Liquefied petroleum gas (LPG)", "v": 0.0003008317904167178}]}, {"source": 43, "prod": 0, "target": 12, "value": 3.6369282300017039e-05, "supply": [{"l": "Motor Gasoline", "v": 6.7103673714733638e-07}, {"l": "Gas-Diesel oil", "v": 9.7701737124160723e-06}, {"l": "Natural gas (including LNG)", "v": 1.2118044914624587e-07}, {"l": "Fuel oil", "v": 2.5090411995730204e-05}, {"l": "Liquefied petroleum gas (LPG)", "v": 7.1647940557717861e-07}]}, {"source": 43, "prod": 0, "target": 13, "value": 0.0034323510170641077, "supply": [{"l": "Motor Gasoline", "v": 6.3329092068279869e-05}, {"l": "Gas-Diesel oil", "v": 0.00092206014410926677}, {"l": "Natural gas (including LNG)", "v": 1.1436404888176953e-05}, {"l": "Fuel oil", "v": 0.0023679076320970377}, {"l": "Liquefied petroleum gas (LPG)", "v": 6.7617743901346217e-05}]}, {"source": 43, "prod": 0, "target": 14, "value": 2.7276961725012776e-05, "supply": [{"l": "Motor Gasoline", "v": 5.0327755286050226e-07}, {"l": "Gas-Diesel oil", "v": 7.3276302843120538e-06}, {"l": "Natural gas (including LNG)", "v": 9.0885336859684388e-08}, {"l": "Fuel oil", "v": 1.8817808996797652e-05}, {"l": "Liquefied petroleum gas (LPG)", "v": 5.373595541828839e-07}]}, {"source": 43, "prod": 0, "target": 15, "value": 9.0923205750042597e-06, "supply": [{"l": "Motor Gasoline", "v": 1.6775918428683409e-07}, {"l": "Gas-Diesel oil", "v": 2.4425434281040181e-06}, {"l": "Natural gas (including LNG)", "v": 3.0295112286561467e-08}, {"l": "Fuel oil", "v": 6.272602998932551e-06}, {"l": "Liquefied petroleum gas (LPG)", "v": 1.7911985139429465e-07}]}, {"source": 43, "prod": 0, "target": 16, "value": 0.00016820793063757877, "supply": [{"l": "Motor Gasoline", "v": 3.1035449093064304e-06}, {"l": "Gas-Diesel oil", "v": 4.5187053419924333e-05}, {"l": "Natural gas (including LNG)", "v": 5.6045957730138711e-07}, {"l": "Fuel oil", "v": 0.00011604315548025218}, {"l": "Liquefied petroleum gas (LPG)", "v": 3.3137172507944507e-06}]}, {"source": 43, "prod": 0, "target": 17, "value": 0.00085467813405040022, "supply": [{"l": "Motor Gasoline", "v": 1.5769363322962401e-05}, {"l": "Gas-Diesel oil", "v": 0.00022959908224177769}, {"l": "Natural gas (including LNG)", "v": 2.8477405549367776e-06}, {"l": "Fuel oil", "v": 0.00058962468189965975}, {"l": "Liquefied petroleum gas (LPG)", "v": 1.6837266031063692e-05}]}, {"source": 43, "prod": 0, "target": 41, "value": 0.00018184641150008517, "supply": [{"l": "Motor Gasoline", "v": 3.3551836857366816e-06}, {"l": "Gas-Diesel oil", "v": 4.885086856208036e-05}, {"l": "Natural gas (including LNG)", "v": 6.0590224573122934e-07}, {"l": "Fuel oil", "v": 0.00012545205997865102}, {"l": "Liquefied petroleum gas (LPG)", "v": 3.5823970278858928e-06}]}, {"source": 43, "prod": 0, "target": 18, "value": 2.7276961725012776e-05, "supply": [{"l": "Motor Gasoline", "v": 5.0327755286050226e-07}, {"l": "Gas-Diesel oil", "v": 7.3276302843120538e-06}, {"l": "Natural gas (including LNG)", "v": 9.0885336859684388e-08}, {"l": "Fuel oil", "v": 1.8817808996797652e-05}, {"l": "Liquefied petroleum gas (LPG)", "v": 5.373595541828839e-07}]}, {"source": 43, "prod": 0, "target": 7, "value": 0.00065464708140030659, "supply": [{"l": "Motor Gasoline", "v": 1.2078661268652052e-05}, {"l": "Gas-Diesel oil", "v": 0.0001758631268234893}, {"l": "Natural gas (including LNG)", "v": 2.1812480846324252e-06}, {"l": "Fuel oil", "v": 0.0004516274159231436}, {"l": "Liquefied petroleum gas (LPG)", "v": 1.2896629300389212e-05}]}, {"source": 43, "prod": 0, "target": 21, "value": 0.00014547712920006815, "supply": [{"l": "Motor Gasoline", "v": 2.6841469485893455e-06}, {"l": "Gas-Diesel oil", "v": 3.9080694849664289e-05}, {"l": "Natural gas (including LNG)", "v": 4.8472179658498347e-07}, {"l": "Fuel oil", "v": 0.00010036164798292082}, {"l": "Liquefied petroleum gas (LPG)", "v": 2.8659176223087144e-06}]}, {"source": 43, "prod": 0, "target": 22, "value": 0.0015002328948757026, "supply": [{"l": "Motor Gasoline", "v": 2.7680265407327625e-05}, {"l": "Gas-Diesel oil", "v": 0.00040301966563716302}, {"l": "Natural gas (including LNG)", "v": 4.9986935272826422e-06}, {"l": "Fuel oil", "v": 0.001034979494823871}, {"l": "Liquefied petroleum gas (LPG)", "v": 2.9554775480058615e-05}]}, {"source": 43, "prod": 0, "target": 23, "value": 3.6369282300017039e-05, "supply": [{"l": "Motor Gasoline", "v": 6.7103673714733638e-07}, {"l": "Gas-Diesel oil", "v": 9.7701737124160723e-06}, {"l": "Natural gas (including LNG)", "v": 1.2118044914624587e-07}, {"l": "Fuel oil", "v": 2.5090411995730204e-05}, {"l": "Liquefied petroleum gas (LPG)", "v": 7.1647940557717861e-07}]}, {"source": 43, "prod": 0, "target": 26, "value": 0.00086831661491290667, "supply": [{"l": "Motor Gasoline", "v": 1.6021002099392655e-05}, {"l": "Gas-Diesel oil", "v": 0.00023326289738393374}, {"l": "Natural gas (including LNG)", "v": 2.8931832233666199e-06}, {"l": "Fuel oil", "v": 0.00059903358639805859}, {"l": "Liquefied petroleum gas (LPG)", "v": 1.7105945808155136e-05}]}, {"source": 43, "prod": 0, "target": 27, "value": 0.0010547091867004941, "supply": [{"l": "Motor Gasoline", "v": 1.9460065377272755e-05}, {"l": "Gas-Diesel oil", "v": 0.0002833350376600661}, {"l": "Natural gas (including LNG)", "v": 3.51423302524113e-06}, {"l": "Fuel oil", "v": 0.0007276219478761759}, {"l": "Liquefied petroleum gas (LPG)", "v": 2.0777902761738178e-05}]}, {"source": 43, "prod": 0, "target": 28, "value": 0.00058645467708777466, "supply": [{"l": "Motor Gasoline", "v": 1.0820467386500799e-05}, {"l": "Gas-Diesel oil", "v": 0.00015754405111270917}, {"l": "Natural gas (including LNG)", "v": 1.9540347424832144e-06}, {"l": "Fuel oil", "v": 0.00040458289343114955}, {"l": "Liquefied petroleum gas (LPG)", "v": 1.1553230414932003e-05}]}, {"source": 43, "prod": 0, "target": 29, "value": 0.001968487404488422, "supply": [{"l": "Motor Gasoline", "v": 3.6319863398099579e-05}, {"l": "Gas-Diesel oil", "v": 0.00052881065218451993}, {"l": "Natural gas (including LNG)", "v": 6.5588918100405565e-06}, {"l": "Fuel oil", "v": 0.0013580185492688972}, {"l": "Liquefied petroleum gas (LPG)", "v": 3.8779447826864786e-05}]}, {"source": 43, "prod": 0, "target": 19, "value": 0.57353448955069364, "supply": [{"l": "Motor Gasoline", "v": 0.010582081585629207}, {"l": "Gas-Diesel oil", "v": 0.15407319690137336}, {"l": "Natural gas (including LNG)", "v": 0.0019109853879240104}, {"l": "Fuel oil", "v": 0.39566952456966631}, {"l": "Liquefied petroleum gas (LPG)", "v": 0.011298701106100711}]}, {"source": 43, "prod": 0, "target": 25, "value": 0.00053644691392525123, "supply": [{"l": "Motor Gasoline", "v": 9.8977918729232097e-06}, {"l": "Gas-Diesel oil", "v": 0.00014411006225813707}, {"l": "Natural gas (including LNG)", "v": 1.7874116249071264e-06}, {"l": "Fuel oil", "v": 0.00037008357693702046}, {"l": "Liquefied petroleum gas (LPG)", "v": 1.0568071232263384e-05}]}, {"source": 43, "prod": 0, "target": 30, "value": 0.0084422196538914539, "supply": [{"l": "Motor Gasoline", "v": 0.00015576440261032544}, {"l": "Gas-Diesel oil", "v": 0.0022679015729945807}, {"l": "Natural gas (including LNG)", "v": 2.8129011758072317e-05}, {"l": "Fuel oil", "v": 0.0058241118845088731}, {"l": "Liquefied petroleum gas (LPG)", "v": 0.00016631278201960256}]}, {"source": 43, "prod": 0, "target": 31, "value": 5.0007763162523428e-05, "supply": [{"l": "Motor Gasoline", "v": 9.2267551357758751e-07}, {"l": "Gas-Diesel oil", "v": 1.3433988854572101e-05}, {"l": "Natural gas (including LNG)", "v": 1.6662311757608807e-07}, {"l": "Fuel oil", "v": 3.449931649412903e-05}, {"l": "Liquefied petroleum gas (LPG)", "v": 9.8515918266862056e-07}]}, {"source": 43, "prod": 0, "target": 32, "value": 1.8184641150008519e-05, "supply": [{"l": "Motor Gasoline", "v": 3.3551836857366819e-07}, {"l": "Gas-Diesel oil", "v": 4.8850868562080362e-06}, {"l": "Natural gas (including LNG)", "v": 6.0590224573122934e-08}, {"l": "Fuel oil", "v": 1.2545205997865102e-05}, {"l": "Liquefied petroleum gas (LPG)", "v": 3.582397027885893e-07}]}, {"source": 43, "prod": 0, "target": 33, "value": 0.0083194733261288973, "supply": [{"l": "Motor Gasoline", "v": 0.0001534996536224532}, {"l": "Gas-Diesel oil", "v": 0.0022349272367151768}, {"l": "Natural gas (including LNG)", "v": 2.7720027742203743e-05}, {"l": "Fuel oil", "v": 0.0057394317440232845}, {"l": "Liquefied petroleum gas (LPG)", "v": 0.00016389466402577961}]}, {"source": 43, "prod": 0, "target": 35, "value": 5.4553923450025551e-05, "supply": [{"l": "Motor Gasoline", "v": 1.0065551057210045e-06}, {"l": "Gas-Diesel oil", "v": 1.4655260568624108e-05}, {"l": "Natural gas (including LNG)", "v": 1.8177067371936878e-07}, {"l": "Fuel oil", "v": 3.7635617993595305e-05}, {"l": "Liquefied petroleum gas (LPG)", "v": 1.0747191083657678e-06}]}, {"source": 43, "prod": 0, "target": 36, "value": 0.0055599540316151044, "supply": [{"l": "Motor Gasoline", "v": 0.00010258474119139903}, {"l": "Gas-Diesel oil", "v": 0.0014936153062856071}, {"l": "Natural gas (including LNG)", "v": 1.8525461163232337e-05}, {"l": "Fuel oil", "v": 0.0038356967338472546}, {"l": "Liquefied petroleum gas (LPG)", "v": 0.00010953178912761116}]}, {"source": 43, "prod": 0, "target": 37, "value": 0.002964096507451388, "supply": [{"l": "Motor Gasoline", "v": 5.4689494077507908e-05}, {"l": "Gas-Diesel oil", "v": 0.00079626915756190986}, {"l": "Natural gas (including LNG)", "v": 9.8762066054190371e-06}, {"l": "Fuel oil", "v": 0.0020448685776520113}, {"l": "Liquefied petroleum gas (LPG)", "v": 5.8393071554540045e-05}]}, {"source": 43, "prod": 0, "target": 38, "value": 0.00011820016747505536, "supply": [{"l": "Motor Gasoline", "v": 2.1808693957288433e-06}, {"l": "Gas-Diesel oil", "v": 3.1753064565352236e-05}, {"l": "Natural gas (including LNG)", "v": 3.9383645972529907e-07}, {"l": "Fuel oil", "v": 8.1543838986123158e-05}, {"l": "Liquefied petroleum gas (LPG)", "v": 2.3285580681258301e-06}]}, {"source": 43, "prod": 0, "target": 40, "value": 0.0054963077875900736, "supply": [{"l": "Motor Gasoline", "v": 0.0001014104269013912}, {"l": "Gas-Diesel oil", "v": 0.0014765175022888788}, {"l": "Natural gas (including LNG)", "v": 1.8313395377226404e-05}, {"l": "Fuel oil", "v": 0.0037917885128547265}, {"l": "Liquefied petroleum gas (LPG)", "v": 0.0001082779501678511}]}, {"source": 43, "prod": 0, "target": 39, "value": 0.0004546160287502129, "supply": [{"l": "Motor Gasoline", "v": 8.3879592143417037e-06}, {"l": "Gas-Diesel oil", "v": 0.00012212717140520088}, {"l": "Natural gas (including LNG)", "v": 1.514755614328073e-06}, {"l": "Fuel oil", "v": 0.00031363014994662751}, {"l": "Liquefied petroleum gas (LPG)", "v": 8.9559925697147314e-06}]}, {"source": 43, "prod": 0, "target": 34, "value": 3.1823122012514902e-05, "supply": [{"l": "Motor Gasoline", "v": 5.8715714500391927e-07}, {"l": "Gas-Diesel oil", "v": 8.5489019983640635e-06}, {"l": "Natural gas (including LNG)", "v": 1.0603289300296512e-07}, {"l": "Fuel oil", "v": 2.1954110496263927e-05}, {"l": "Liquefied petroleum gas (LPG)", "v": 6.2691947988003115e-07}]}, {"source": 45, "prod": 0.055316823476646737, "target": 0, "value": 0.00066398461691184892, "supply": [{"l": "Potash", "v": 0.0041505000365955639}, {"l": "Phosphate", "v": 0.0079676195756040388}, {"l": "Nitrogen", "v": 0.086875643826878443}]}, {"source": 45, "prod": 0.055991418884898524, "target": 2, "value": 0.00067208199028882267, "supply": [{"l": "Potash", "v": 0.0041505000365955639}, {"l": "Phosphate", "v": 0.0079676195756040388}, {"l": "Nitrogen", "v": 0.086875643826878443}]}, {"source": 45, "prod": 0.090002270717592911, "target": 3, "value": 0.0010803245647112501, "supply": [{"l": "Potash", "v": 0.0041505000365955639}, {"l": "Phosphate", "v": 0.0079676195756040388}, {"l": "Nitrogen", "v": 0.086875643826878443}]}, {"source": 45, "prod": 0.00050594655618884201, "target": 4, "value": 6.0730300327303252e-06, "supply": [{"l": "Potash", "v": 0.0041505000365955639}, {"l": "Phosphate", "v": 0.0079676195756040388}, {"l": "Nitrogen", "v": 0.086875643826878443}]}, {"source": 45, "prod": 0.022711378744476911, "target": 5, "value": 0.00027261157035811688, "supply": [{"l": "Potash", "v": 0.0041505000365955639}, {"l": "Phosphate", "v": 0.0079676195756040388}, {"l": "Nitrogen", "v": 0.086875643826878443}]}, {"source": 45, "prod": 0.00067459540825178942, "target": 6, "value": 8.0973733769737675e-06, "supply": [{"l": "Potash", "v": 0.0041505000365955639}, {"l": "Phosphate", "v": 0.0079676195756040388}, {"l": "Nitrogen", "v": 0.086875643826878443}]}, {"source": 45, "prod": 0.013379475596993824, "target": 24, "value": 0.00016059790530997974, "supply": [{"l": "Potash", "v": 0.0041505000365955639}, {"l": "Phosphate", "v": 0.0079676195756040388}, {"l": "Nitrogen", "v": 0.086875643826878443}]}, {"source": 45, "prod": 0.082188207238676342, "target": 8, "value": 0.00098652998976130404, "supply": [{"l": "Potash", "v": 0.0041505000365955639}, {"l": "Phosphate", "v": 0.0079676195756040388}, {"l": "Nitrogen", "v": 0.086875643826878443}]}, {"source": 45, "prod": 0.013154610460909894, "target": 9, "value": 0.00015789878085098848, "supply": [{"l": "Potash", "v": 0.0041505000365955639}, {"l": "Phosphate", "v": 0.0079676195756040388}, {"l": "Nitrogen", "v": 0.086875643826878443}]}, {"source": 45, "prod": 0.0026983816330071577, "target": 20, "value": 3.238949350789507e-05, "supply": [{"l": "Potash", "v": 0.0041505000365955639}, {"l": "Phosphate", "v": 0.0079676195756040388}, {"l": "Nitrogen", "v": 0.086875643826878443}]}, {"source": 45, "prod": 0.014391368709371509, "target": 10, "value": 0.00017274396537544039, "supply": [{"l": "Potash", "v": 0.0041505000365955639}, {"l": "Phosphate", "v": 0.0079676195756040388}, {"l": "Nitrogen", "v": 0.086875643826878443}]}, {"source": 45, "prod": 0.18883049802648005, "target": 11, "value": 0.0022665897644379069, "supply": [{"l": "Potash", "v": 0.0041505000365955639}, {"l": "Phosphate", "v": 0.0079676195756040388}, {"l": "Nitrogen", "v": 0.086875643826878443}]}, {"source": 45, "prod": 0.00044973027216785967, "target": 12, "value": 5.3982489179825122e-06, "supply": [{"l": "Potash", "v": 0.0041505000365955639}, {"l": "Phosphate", "v": 0.0079676195756040388}, {"l": "Nitrogen", "v": 0.086875643826878443}]}, {"source": 45, "prod": 0.042443294435841751, "target": 13, "value": 0.00050945974163459952, "supply": [{"l": "Potash", "v": 0.0041505000365955639}, {"l": "Phosphate", "v": 0.0079676195756040388}, {"l": "Nitrogen", "v": 0.086875643826878443}]}, {"source": 45, "prod": 0.00033729770412589471, "target": 14, "value": 4.0486866884868837e-06, "supply": [{"l": "Potash", "v": 0.0041505000365955639}, {"l": "Phosphate", "v": 0.0079676195756040388}, {"l": "Nitrogen", "v": 0.086875643826878443}]}, {"source": 45, "prod": 0.00011243256804196492, "target": 15, "value": 1.349562229495628e-06, "supply": [{"l": "Potash", "v": 0.0041505000365955639}, {"l": "Phosphate", "v": 0.0079676195756040388}, {"l": "Nitrogen", "v": 0.086875643826878443}]}, {"source": 45, "prod": 0.0020800025087763505, "target": 16, "value": 2.4966901245669119e-05, "supply": [{"l": "Potash", "v": 0.0041505000365955639}, {"l": "Phosphate", "v": 0.0079676195756040388}, {"l": "Nitrogen", "v": 0.086875643826878443}]}, {"source": 45, "prod": 0.010568661395944701, "target": 17, "value": 0.00012685884957258902, "supply": [{"l": "Potash", "v": 0.0041505000365955639}, {"l": "Phosphate", "v": 0.0079676195756040388}, {"l": "Nitrogen", "v": 0.086875643826878443}]}, {"source": 45, "prod": 0.0022486513608392981, "target": 41, "value": 2.6991244589912559e-05, "supply": [{"l": "Potash", "v": 0.0041505000365955639}, {"l": "Phosphate", "v": 0.0079676195756040388}, {"l": "Nitrogen", "v": 0.086875643826878443}]}, {"source": 45, "prod": 0.00033729770412589471, "target": 18, "value": 4.0486866884868837e-06, "supply": [{"l": "Potash", "v": 0.0041505000365955639}, {"l": "Phosphate", "v": 0.0079676195756040388}, {"l": "Nitrogen", "v": 0.086875643826878443}]}, {"source": 45, "prod": 0.0080951448990214721, "target": 7, "value": 9.7168480523685203e-05, "supply": [{"l": "Potash", "v": 0.0041505000365955639}, {"l": "Phosphate", "v": 0.0079676195756040388}, {"l": "Nitrogen", "v": 0.086875643826878443}]}, {"source": 45, "prod": 0.0017989210886714387, "target": 21, "value": 2.1592995671930049e-05, "supply": [{"l": "Potash", "v": 0.0041505000365955639}, {"l": "Phosphate", "v": 0.0079676195756040388}, {"l": "Nitrogen", "v": 0.086875643826878443}]}, {"source": 45, "prod": 0.018551373726924211, "target": 22, "value": 0.00022267776786677863, "supply": [{"l": "Potash", "v": 0.0041505000365955639}, {"l": "Phosphate", "v": 0.0079676195756040388}, {"l": "Nitrogen", "v": 0.086875643826878443}]}, {"source": 45, "prod": 0.00044973027216785967, "target": 23, "value": 5.3982489179825122e-06, "supply": [{"l": "Potash", "v": 0.0041505000365955639}, {"l": "Phosphate", "v": 0.0079676195756040388}, {"l": "Nitrogen", "v": 0.086875643826878443}]}, {"source": 45, "prod": 0.010737310248007649, "target": 26, "value": 0.00012888319291683246, "supply": [{"l": "Potash", "v": 0.0041505000365955639}, {"l": "Phosphate", "v": 0.0079676195756040388}, {"l": "Nitrogen", "v": 0.086875643826878443}]}, {"source": 45, "prod": 0.013042177892867929, "target": 27, "value": 0.00015654921862149284, "supply": [{"l": "Potash", "v": 0.0041505000365955639}, {"l": "Phosphate", "v": 0.0079676195756040388}, {"l": "Nitrogen", "v": 0.086875643826878443}]}, {"source": 45, "prod": 0.0072519006387067363, "target": 28, "value": 8.7046763802468003e-05, "supply": [{"l": "Potash", "v": 0.0041505000365955639}, {"l": "Phosphate", "v": 0.0079676195756040388}, {"l": "Nitrogen", "v": 0.086875643826878443}]}, {"source": 45, "prod": 0.024341650981085403, "target": 29, "value": 0.00029218022268580346, "supply": [{"l": "Potash", "v": 0.0041505000365955639}, {"l": "Phosphate", "v": 0.0079676195756040388}, {"l": "Nitrogen", "v": 0.086875643826878443}]}, {"source": 45, "prod": 7.0921339595191037, "target": 19, "value": 0.085129035874354705, "supply": [{"l": "Potash", "v": 0.0041505000365955639}, {"l": "Phosphate", "v": 0.0079676195756040388}, {"l": "Nitrogen", "v": 0.086875643826878443}]}, {"source": 45, "prod": 0.0066335215144759296, "target": 25, "value": 7.9624171540242049e-05, "supply": [{"l": "Potash", "v": 0.0041505000365955639}, {"l": "Phosphate", "v": 0.0079676195756040388}, {"l": "Nitrogen", "v": 0.086875643826878443}]}, {"source": 45, "prod": 0.1043936394269644, "target": 30, "value": 0.0012530685300866904, "supply": [{"l": "Potash", "v": 0.0041505000365955639}, {"l": "Phosphate", "v": 0.0079676195756040388}, {"l": "Nitrogen", "v": 0.086875643826878443}]}, {"source": 45, "prod": 0.00061837912423080702, "target": 31, "value": 7.4225922622259545e-06, "supply": [{"l": "Potash", "v": 0.0041505000365955639}, {"l": "Phosphate", "v": 0.0079676195756040388}, {"l": "Nitrogen", "v": 0.086875643826878443}]}, {"source": 45, "prod": 0.00022486513608392983, "target": 32, "value": 2.6991244589912561e-06, "supply": [{"l": "Potash", "v": 0.0041505000365955639}, {"l": "Phosphate", "v": 0.0079676195756040388}, {"l": "Nitrogen", "v": 0.086875643826878443}]}, {"source": 45, "prod": 0.10287579975839789, "target": 33, "value": 0.0012348494399884997, "supply": [{"l": "Potash", "v": 0.0041505000365955639}, {"l": "Phosphate", "v": 0.0079676195756040388}, {"l": "Nitrogen", "v": 0.086875643826878443}]}, {"source": 45, "prod": 0.00067459540825178942, "target": 35, "value": 8.0973733769737675e-06, "supply": [{"l": "Potash", "v": 0.0041505000365955639}, {"l": "Phosphate", "v": 0.0079676195756040388}, {"l": "Nitrogen", "v": 0.086875643826878443}]}, {"source": 45, "prod": 0.068752515357661539, "target": 36, "value": 0.00082525730333657648, "supply": [{"l": "Potash", "v": 0.0041505000365955639}, {"l": "Phosphate", "v": 0.0079676195756040388}, {"l": "Nitrogen", "v": 0.086875643826878443}]}, {"source": 45, "prod": 0.036653017181680556, "target": 37, "value": 0.0004399572868155747, "supply": [{"l": "Potash", "v": 0.0041505000365955639}, {"l": "Phosphate", "v": 0.0079676195756040388}, {"l": "Nitrogen", "v": 0.086875643826878443}]}, {"source": 45, "prod": 0.0014616233845455438, "target": 38, "value": 1.7544308983443164e-05, "supply": [{"l": "Potash", "v": 0.0041505000365955639}, {"l": "Phosphate", "v": 0.0079676195756040388}, {"l": "Nitrogen", "v": 0.086875643826878443}]}, {"source": 45, "prod": 0.067965487381367776, "target": 40, "value": 0.00081581036773010704, "supply": [{"l": "Potash", "v": 0.0041505000365955639}, {"l": "Phosphate", "v": 0.0079676195756040388}, {"l": "Nitrogen", "v": 0.086875643826878443}]}, {"source": 45, "prod": 0.0056216284020982445, "target": 39, "value": 6.7478111474781398e-05, "supply": [{"l": "Potash", "v": 0.0041505000365955639}, {"l": "Phosphate", "v": 0.0079676195756040388}, {"l": "Nitrogen", "v": 0.086875643826878443}]}, {"source": 45, "prod": 0.00039351398814687716, "target": 34, "value": 4.7234678032346975e-06, "supply": [{"l": "Potash", "v": 0.0041505000365955639}, {"l": "Phosphate", "v": 0.0079676195756040388}, {"l": "Nitrogen", "v": 0.086875643826878443}]}, {"source": 43, "prod": 0, "target": 45, "value": 0.12059977048266718, "supply": [{"l": "Natural gas (including LNG)", "v": 0.080977342880034484}, {"l": "Fuel oil", "v": 0.024265316970557629}, {"l": "Liquefied petroleum gas (LPG)", "v": 0.0076785553160375322}, {"l": "Coal", "v": 0.0076785553160375322}]}, {"source": 46, "prod": 0, "target": 0, "value": 0.01664920566631297, "supply": "[{\"l\":'Labor',\"v\":0.01664920566631297}]"}, {"source": 46, "prod": 0, "target": 2, "value": 0.01685224475980459, "supply": "[{\"l\":'Labor',\"v\":0.01685224475980459}]"}, {"source": 46, "prod": 0, "target": 3, "value": 0.027088799056673843, "supply": "[{\"l\":'Labor',\"v\":0.027088799056673843}]"}, {"source": 46, "prod": 0, "target": 4, "value": 0.00015227932011871616, "supply": "[{\"l\":'Labor',\"v\":0.00015227932011871616}]"}, {"source": 46, "prod": 0, "target": 5, "value": 0.0068356494808845935, "supply": "[{\"l\":'Labor',\"v\":0.0068356494808845935}]"}, {"source": 46, "prod": 0, "target": 6, "value": 0.00020303909349162155, "supply": "[{\"l\":'Labor',\"v\":0.00020303909349162155}]"}, {"source": 46, "prod": 0, "target": 24, "value": 0.0040269420209171616, "supply": "[{\"l\":'Labor',\"v\":0.0040269420209171616}]"}, {"source": 46, "prod": 0, "target": 8, "value": 0.024736929557062561, "supply": "[{\"l\":'Labor',\"v\":0.024736929557062561}]"}, {"source": 46, "prod": 0, "target": 9, "value": 0.0039592623230866207, "supply": "[{\"l\":'Labor',\"v\":0.0039592623230866207}]"}, {"source": 46, "prod": 0, "target": 20, "value": 0.00081215637396648622, "supply": "[{\"l\":'Labor',\"v\":0.00081215637396648622}]"}, {"source": 46, "prod": 0, "target": 10, "value": 0.004331500661154594, "supply": "[{\"l\":'Labor',\"v\":0.004331500661154594}]"}, {"source": 46, "prod": 0, "target": 11, "value": 0.056834026253196404, "supply": "[{\"l\":'Labor',\"v\":0.056834026253196404}]"}, {"source": 46, "prod": 0, "target": 12, "value": 0.00013535939566108106, "supply": "[{\"l\":'Labor',\"v\":0.00013535939566108106}]"}, {"source": 46, "prod": 0, "target": 13, "value": 0.012774542965514524, "supply": "[{\"l\":'Labor',\"v\":0.012774542965514524}]"}, {"source": 46, "prod": 0, "target": 14, "value": 0.00010151954674581078, "supply": "[{\"l\":'Labor',\"v\":0.00010151954674581078}]"}, {"source": 46, "prod": 0, "target": 15, "value": 3.3839848915270266e-05, "supply": "[{\"l\":'Labor',\"v\":3.3839848915270266e-05}]"}, {"source": 46, "prod": 0, "target": 16, "value": 0.00062603720493249987, "supply": "[{\"l\":'Labor',\"v\":0.00062603720493249987}]"}, {"source": 46, "prod": 0, "target": 17, "value": 0.0031809457980354044, "supply": "[{\"l\":'Labor',\"v\":0.0031809457980354044}]"}, {"source": 46, "prod": 0, "target": 41, "value": 0.00067679697830540524, "supply": "[{\"l\":'Labor',\"v\":0.00067679697830540524}]"}, {"source": 46, "prod": 0, "target": 18, "value": 0.00010151954674581078, "supply": "[{\"l\":'Labor',\"v\":0.00010151954674581078}]"}, {"source": 46, "prod": 0, "target": 7, "value": 0.0024364691218994585, "supply": "[{\"l\":'Labor',\"v\":0.0024364691218994585}]"}, {"source": 46, "prod": 0, "target": 21, "value": 0.00054143758264432425, "supply": "[{\"l\":'Labor',\"v\":0.00054143758264432425}]"}, {"source": 46, "prod": 0, "target": 22, "value": 0.0055835750710195933, "supply": "[{\"l\":'Labor',\"v\":0.0055835750710195933}]"}, {"source": 46, "prod": 0, "target": 23, "value": 0.00013535939566108106, "supply": "[{\"l\":'Labor',\"v\":0.00013535939566108106}]"}, {"source": 46, "prod": 0, "target": 26, "value": 0.0032317055714083101, "supply": "[{\"l\":'Labor',\"v\":0.0032317055714083101}]"}, {"source": 46, "prod": 0, "target": 27, "value": 0.0039254224741713502, "supply": "[{\"l\":'Labor',\"v\":0.0039254224741713502}]"}, {"source": 46, "prod": 0, "target": 28, "value": 0.0021826702550349318, "supply": "[{\"l\":'Labor',\"v\":0.0021826702550349318}]"}, {"source": 46, "prod": 0, "target": 29, "value": 0.0073263272901560117, "supply": "[{\"l\":'Labor',\"v\":0.0073263272901560117}]"}, {"source": 46, "prod": 0, "target": 19, "value": 2.1345838297263326, "supply": "[{\"l\":'Labor',\"v\":2.1345838297263326}]"}, {"source": 46, "prod": 0, "target": 25, "value": 0.0019965510860009456, "supply": "[{\"l\":'Labor',\"v\":0.0019965510860009456}]"}, {"source": 46, "prod": 0, "target": 30, "value": 0.031420299717828434, "supply": "[{\"l\":'Labor',\"v\":0.031420299717828434}]"}, {"source": 46, "prod": 0, "target": 31, "value": 0.00018611916903398646, "supply": "[{\"l\":'Labor',\"v\":0.00018611916903398646}]"}, {"source": 46, "prod": 0, "target": 32, "value": 6.7679697830540532e-05, "supply": "[{\"l\":'Labor',\"v\":6.7679697830540532e-05}]"}, {"source": 46, "prod": 0, "target": 33, "value": 0.030963461757472291, "supply": "[{\"l\":'Labor',\"v\":0.030963461757472291}]"}, {"source": 46, "prod": 0, "target": 35, "value": 0.00020303909349162155, "supply": "[{\"l\":'Labor',\"v\":0.00020303909349162155}]"}, {"source": 46, "prod": 0, "target": 36, "value": 0.020693067611687765, "supply": "[{\"l\":'Labor',\"v\":0.020693067611687765}]"}, {"source": 46, "prod": 0, "target": 37, "value": 0.011031790746378105, "supply": "[{\"l\":'Labor',\"v\":0.011031790746378105}]"}, {"source": 46, "prod": 0, "target": 38, "value": 0.00043991803589851341, "supply": "[{\"l\":'Labor',\"v\":0.00043991803589851341}]"}, {"source": 46, "prod": 0, "target": 40, "value": 0.02045618866928087, "supply": "[{\"l\":'Labor',\"v\":0.02045618866928087}]"}, {"source": 46, "prod": 0, "target": 39, "value": 0.0016919924457635129, "supply": "[{\"l\":'Labor',\"v\":0.0016919924457635129}]"}, {"source": 46, "prod": 0, "target": 34, "value": 0.00011843947120344591, "supply": "[{\"l\":'Labor',\"v\":0.00011843947120344591}]"}]}