{"nodes": [{"layer": 3, "name": "Cereals", "fill": "#e7ba52"}, {"layer": 5, "name": "Production", "fill": "#b5cf6b"}, {"layer": 3, "name": "Oilcrops", "fill": "#ff9896"}, {"layer": 3, "name": "Sugar Crops", "fill": "#ffbb78"}, {"layer": 3, "name": "Starchy Roots"}, {"layer": 3, "name": "Fruits & Vegetables"}, {"layer": 3, "name": "Others"}, {"layer": 1, "name": "Electricity", "fill": "#bcbd22"}, {"layer": 0, "name": "Fossil Fuels", "fill": "#c49c94"}, {"layer": 0, "name": "Renewables & Nuclear", "fill": "#2ca02c"}, {"layer": 1, "name": "Fertilizers", "fill": "#c5b0d5"}, {"layer": 0, "name": "Labor", "fill": "#7f7f7f"}], "links": [{"source": 0, "prod": 719.0, "target": 1, "value": 2.909243238240407, "supply": [{"l": "Maize", "v": 2.6461633626702734}, {"l": "Rice", "v": 0.052106213062030046}, {"l": "Sorghum", "v": 0.095512874817374999}, {"l": "Wheat", "v": 0.11546078769072855}]}, {"source": 2, "prod": 111.0, "target": 1, "value": 0.40192377505567917, "supply": [{"l": "Cottonseed", "v": 0.39296725639148578}, {"l": "Coconuts - Incl Copra", "v": 0.0024257238048857148}, {"l": "Sesame seed", "v": 0.0065307948593076922}]}, {"source": 3, "prod": 2157.0, "target": 1, "value": 0.68845871672874825, "supply": [{"l": "Sugar cane", "v": 0.68845871672874825}]}, {"source": 4, "prod": 26.0, "target": 1, "value": 0.020252266975165627, "supply": [{"l": "Potatoes", "v": 0.016714753093040626}, {"l": "Cassava", "v": 0.0035375138821250002}]}, {"source": 5, "prod": 693.0, "target": 1, "value": 0.63819230672221083, "supply": [{"l": "Fruits, Other", "v": 0.027072810322385208}, {"l": "Citrus, Other", "v": 0.013703211669705262}, {"l": "Pineapples", "v": 0.0049941372453529411}, {"l": "Beans", "v": 0.23588333981953177}, {"l": "Pulses, Other", "v": 0.030658453645083336}, {"l": "Tomatoes", "v": 0.0095984225926837152}, {"l": "Bananas", "v": 0.2422447812024604}, {"l": "Apples", "v": 0.001632698714826923}, {"l": "Vegetables, Other", "v": 0.03045158148823392}, {"l": "Grapes", "v": 0.00080601582124367093}, {"l": "Plantains", "v": 0.035987165444455023}, {"l": "Onions", "v": 0.0051596887562486192}]}, {"source": 6, "prod": 106.0, "target": 1, "value": 0.059025945918885728, "supply": [{"l": "Cocoa Beans", "v": 0.0024257238048857148}, {"l": "Coffee", "v": 0.056600222114000009}]}, {"source": 7, "prod": 0, "target": 0, "value": 0.0026158861657097792, "supply": "[{\"l\":'Energy for power irrigation',\"v\":0.0026158861657097792}]"}, {"source": 7, "prod": 0, "target": 2, "value": 0.0003822690792616519, "supply": "[{\"l\":'Energy for power irrigation',\"v\":0.0003822690792616519}]"}, {"source": 7, "prod": 0, "target": 3, "value": 0.0073951067620393104, "supply": "[{\"l\":'Energy for power irrigation',\"v\":0.0073951067620393104}]"}, {"source": 7, "prod": 0, "target": 4, "value": 9.0853189241558519e-05, "supply": "[{\"l\":'Energy for power irrigation',\"v\":9.0853189241558519e-05}]"}, {"source": 7, "prod": 0, "target": 5, "value": 0.0023896102981647658, "supply": "[{\"l\":'Energy for power irrigation',\"v\":0.0023896102981647658}]"}, {"source": 7, "prod": 0, "target": 6, "value": 0.00036341275696623408, "supply": "[{\"l\":'Energy for power irrigation',\"v\":0.00036341275696623408}]"}, {"source": 8, "prod": 0, "target": 7, "value": 0.02307612045047756, "supply": [{"l": "Coal", "v": 0.0}, {"l": "Natural gas", "v": 0.0}, {"l": "Oil", "v": 0.02307612045047756}]}, {"source": 9, "prod": 0, "target": 7, "value": 0.004468212480201828, "supply": [{"l": "Nuclear", "v": 0.0}, {"l": "Hydroelectric", "v": 0.0039126355370563389}, {"l": "Renewable", "v": 0.00055557694314548945}]}, {"source": 8, "prod": 0, "target": 0, "value": 0.068494486706689631, "supply": [{"l": "Motor Gasoline", "v": 0.012158947029785289}, {"l": "Gas-Diesel oil", "v": 0.051142598868698083}, {"l": "Liquefied petroleum gas (LPG)", "v": 0.0051929408082062667}]}, {"source": 8, "prod": 0, "target": 2, "value": 0.01000935159606277, "supply": [{"l": "Motor Gasoline", "v": 0.0017768317088087283}, {"l": "Gas-Diesel oil", "v": 0.0074736563222278334}, {"l": "Liquefied petroleum gas (LPG)", "v": 0.00075886356502621064}]}, {"source": 8, "prod": 0, "target": 3, "value": 0.19363382414984212, "supply": [{"l": "Motor Gasoline", "v": 0.034373327317492618}, {"l": "Gas-Diesel oil", "v": 0.14458005997350165}, {"l": "Liquefied petroleum gas (LPG)", "v": 0.014680436858847859}]}, {"source": 8, "prod": 0, "target": 4, "value": 0.0023789041909924968, "supply": [{"l": "Motor Gasoline", "v": 0.00042229632541193986}, {"l": "Gas-Diesel oil", "v": 0.0017762501573007853}, {"l": "Liquefied petroleum gas (LPG)", "v": 0.00018035770827977204}]}, {"source": 8, "prod": 0, "target": 5, "value": 0.062569668721576252, "supply": [{"l": "Motor Gasoline", "v": 0.011107190143853665}, {"l": "Gas-Diesel oil", "v": 0.046718730552401791}, {"l": "Liquefied petroleum gas (LPG)", "v": 0.0047437480253207966}]}, {"source": 8, "prod": 0, "target": 6, "value": 0.0095156167639699873, "supply": [{"l": "Motor Gasoline", "v": 0.0016891853016477595}, {"l": "Gas-Diesel oil", "v": 0.0071050006292031412}, {"l": "Liquefied petroleum gas (LPG)", "v": 0.00072143083311908816}]}, {"source": 10, "prod": 3.7108557368557369, "target": 0, "value": 0.039886502968684359, "supply": [{"l": "Potash", "v": 0.0080198444508603195}, {"l": "Phosphate", "v": 0.027775000022219998}, {"l": "Nitrogen", "v": 0.166042361243945}]}, {"source": 10, "prod": 0.54228101528101524, "target": 2, "value": 0.0058287615740606896, "supply": [{"l": "Potash", "v": 0.0080198444508603195}, {"l": "Phosphate", "v": 0.027775000022219998}, {"l": "Nitrogen", "v": 0.166042361243945}]}, {"source": 10, "prod": 10.490584304584305, "target": 3, "value": 0.11275909161658214, "supply": [{"l": "Potash", "v": 0.0080198444508603195}, {"l": "Phosphate", "v": 0.027775000022219998}, {"l": "Nitrogen", "v": 0.166042361243945}]}, {"source": 10, "prod": 0.12888293188293187, "target": 4, "value": 0.00138531104674985, "supply": [{"l": "Potash", "v": 0.0080198444508603195}, {"l": "Phosphate", "v": 0.027775000022219998}, {"l": "Nitrogen", "v": 0.166042361243945}]}, {"source": 10, "prod": 3.3898642838642838, "target": 5, "value": 0.03643629432394889, "supply": [{"l": "Potash", "v": 0.0080198444508603195}, {"l": "Phosphate", "v": 0.027775000022219998}, {"l": "Nitrogen", "v": 0.166042361243945}]}, {"source": 10, "prod": 0.51553172753172749, "target": 6, "value": 0.0055412441869994002, "supply": [{"l": "Potash", "v": 0.0080198444508603195}, {"l": "Phosphate", "v": 0.027775000022219998}, {"l": "Nitrogen", "v": 0.166042361243945}]}, {"source": 8, "prod": 0, "target": 10, "value": 0.24485744886032182, "supply": [{"l": "Natural gas (including LNG)", "v": 0.16549024841417273}, {"l": "Fuel oil", "v": 0.050015695249645262}, {"l": "Liquefied petroleum gas (LPG)", "v": 0.014675752598251903}, {"l": "Coal", "v": 0.014675752598251903}]}, {"source": 11, "prod": 0, "target": 0, "value": 0.083355325015191176, "supply": "[{\"l\":'Labor',\"v\":0.083355325015191176}]"}, {"source": 11, "prod": 0, "target": 2, "value": 0.012181020628039076, "supply": "[{\"l\":'Labor',\"v\":0.012181020628039076}]"}, {"source": 11, "prod": 0, "target": 3, "value": 0.23564539457112366, "supply": "[{\"l\":'Labor',\"v\":0.23564539457112366}]"}, {"source": 11, "prod": 0, "target": 4, "value": 0.0028950407770675832, "supply": "[{\"l\":'Labor',\"v\":0.0028950407770675832}]"}, {"source": 11, "prod": 0, "target": 5, "value": 0.076145034777966247, "supply": "[{\"l\":'Labor',\"v\":0.076145034777966247}]"}, {"source": 11, "prod": 0, "target": 6, "value": 0.011580163108270333, "supply": "[{\"l\":'Labor',\"v\":0.011580163108270333}]"}]}