{"nodes": [{"layer": 5, "name": "Maize"}, {"layer": 10, "name": "Feed", "fill": "#dbdb8d"}, {"layer": 5, "name": "Bananas"}, {"layer": 5, "name": "Oats"}, {"layer": 5, "name": "Cottonseed"}, {"layer": 5, "name": "Plantains"}, {"layer": 5, "name": "Soyabeans"}, {"layer": 5, "name": "Barley"}, {"layer": 5, "name": "Sorghum"}, {"layer": 5, "name": "Sugar cane"}, {"layer": 16, "name": "Food", "fill": "#b5cf6b"}, {"layer": 5, "name": "Nuts"}, {"layer": 13, "name": "Sugar", "fill": "#d6616b"}, {"layer": 5, "name": "Citrus, Other"}, {"layer": 13, "name": "Beer"}, {"layer": 5, "name": "Infant food"}, {"layer": 13, "name": "Beverages, Alcoholic"}, {"layer": 5, "name": "Cocoa Beans"}, {"layer": 13, "name": "Honey"}, {"layer": 13, "name": "Sugar non-centrifugal"}, {"layer": 5, "name": "Tomatoes"}, {"layer": 13, "name": "Fats, Animals, Raw"}, {"layer": 5, "name": "Coffee"}, {"layer": 5, "name": "Rice"}, {"layer": 5, "name": "Wheat"}, {"layer": 13, "name": "Soyabean Oil"}, {"layer": 5, "name": "Coconuts - Incl Copra"}, {"layer": 5, "name": "Treenuts"}, {"layer": 13, "name": "Eggs"}, {"layer": 5, "name": "Vegetables, Other"}, {"layer": 5, "name": "Sesame seed"}, {"layer": 13, "name": "Marine Fish, Other"}, {"layer": 5, "name": "Grapes"}, {"layer": 13, "name": "Wine"}, {"layer": 13, "name": "Pigmeat"}, {"layer": 5, "name": "Cereals, Other"}, {"layer": 5, "name": "Potatoes"}, {"layer": 13, "name": "Milk - Excluding Butter"}, {"layer": 5, "name": "Pineapples"}, {"layer": 5, "name": "Beans"}, {"layer": 5, "name": "Pulses, Other"}, {"layer": 13, "name": "Fish, Seafood"}, {"layer": 13, "name": "Meat, Other"}, {"layer": 5, "name": "Lemons, Limes"}, {"layer": 13, "name": "Mutton & Goat Meat"}, {"layer": 13, "name": "Sweeteners, Other"}, {"layer": 13, "name": "Pelagic Fish"}, {"layer": 5, "name": "Spices, Other"}, {"layer": 13, "name": "Bovine Meat"}, {"layer": 5, "name": "Fruits, Other"}, {"layer": 5, "name": "Apples"}, {"layer": 13, "name": "Poultry Meat"}, {"layer": 13, "name": "Offals, Edible"}, {"layer": 5, "name": "Oranges, Mandarines"}, {"layer": 13, "name": "Cottonseed Oil"}, {"layer": 5, "name": "Onions"}, {"layer": 5, "name": "Cassava"}, {"layer": 10, "name": "Processing", "fill": "#9edae5"}, {"layer": 5, "name": "Palm kernels"}, {"layer": 16, "name": "Biofuels & Other", "fill": "#e7ba52"}, {"layer": 13, "name": "Palm Oil"}, {"layer": 13, "name": "Palmkernel Oil"}, {"name": "Waste", "fill": "#c7c7c7"}, {"layer": 2, "name": "Import", "fill": "#aec7e8"}, {"layer": 16, "name": "Export", "fill": "#aec7e8"}, {"layer": 13, "name": "Crustaceans"}, {"layer": 16, "name": "Stock Deposit", "fill": "#c7c7c7"}, {"layer": 0, "name": "Stock Draw", "fill": "#c7c7c7"}, {"layer": 5, "name": "Oil Palm"}, {"layer": 2, "name": "Electricity", "fill": "#bcbd22"}, {"layer": 5, "name": "Groundnuts"}, {"layer": 0, "name": "Fossil Fuels", "fill": "#c49c94"}, {"layer": 0, "name": "Renewables & Nuclear", "fill": "#2ca02c"}, {"layer": 2, "name": "Fertilizers", "fill": "#c5b0d5"}, {"layer": 0, "name": "Labor", "fill": "#7f7f7f"}], "links": [{"source": 0, "prod": 111.0, "target": 1, "value": 0.45657264389292479, "supply": [{"l": "Maize", "v": 0.45657264389292479}]}, {"source": 2, "prod": 27.0, "target": 1, "value": 0.020183852791596232, "supply": [{"l": "Bananas", "v": 0.020183852791596232}]}, {"source": 3, "prod": 1.0, "target": 1, "value": 0.002497068622676471, "supply": [{"l": "Oats", "v": 0.002497068622676471}]}, {"source": 4, "prod": 1.0, "target": 1, "value": 0.0049536301143728416, "supply": [{"l": "Cottonseed", "v": 0.0049536301143728416}]}, {"source": 5, "prod": 3.0, "target": 1, "value": 0.0029164236585458012, "supply": [{"l": "Plantains", "v": 0.0029164236585458012}]}, {"source": 6, "prod": 4.0, "target": 1, "value": 0.013061589718615384, "supply": [{"l": "Soyabeans", "v": 0.013061589718615384}]}, {"source": 7, "prod": 1.0, "target": 1, "value": 0.0034782897042398399, "supply": [{"l": "Barley", "v": 0.0034782897042398399}]}, {"source": 8, "prod": 71.0, "target": 1, "value": 0.27531382078768996, "supply": [{"l": "Sorghum", "v": 0.27531382078768996}]}, {"source": 9, "prod": 20.0, "target": 1, "value": 0.0068468010621774199, "supply": [{"l": "Sugar cane", "v": 0.0068468010621774199}]}, {"source": 0, "prod": 735.0, "target": 10, "value": 3.0232512906423397, "supply": [{"l": "Maize", "v": 3.0232512906423397}]}, {"source": 5, "prod": 41.0, "target": 10, "value": 0.039857790000125952, "supply": [{"l": "Plantains", "v": 0.039857790000125952}]}, {"source": 11, "prod": 1.0, "target": 10, "value": 0.0047166851761666672, "supply": [{"l": "Nuts", "v": 0.0047166851761666672}]}, {"source": 12, "prod": 266.0, "target": 10, "value": 1.0986739310002629, "supply": [{"l": "Sugar", "v": 1.0986739310002629}]}, {"source": 13, "prod": 1.0, "target": 10, "value": 0.0011622222200000001, "supply": [{"l": "Citrus, Other", "v": 0.0011622222200000001}]}, {"source": 14, "prod": 67.0, "target": 10, "value": 0.02945621455817779, "supply": [{"l": "Beer", "v": 0.02945621455817779}]}, {"source": 15, "prod": 1.0, "target": 10, "value": 0.003859106053227273, "supply": [{"l": "Infant food", "v": 0.003859106053227273}]}, {"source": 16, "prod": 26.0, "target": 10, "value": 0.089221607613835324, "supply": [{"l": "Beverages, Alcoholic", "v": 0.089221607613835324}]}, {"source": 17, "prod": 1.0, "target": 10, "value": 0.00424501665855, "supply": [{"l": "Cocoa Beans", "v": 0.00424501665855}]}, {"source": 18, "prod": 1.0, "target": 10, "value": 0.0053062708231875, "supply": [{"l": "Honey", "v": 0.0053062708231875}]}, {"source": 19, "prod": 13.0, "target": 10, "value": 0.05255734910585716, "supply": [{"l": "Sugar non-centrifugal", "v": 0.05255734910585716}]}, {"source": 20, "prod": 69.0, "target": 10, "value": 0.016308805648104122, "supply": [{"l": "Tomatoes", "v": 0.016308805648104122}]}, {"source": 21, "prod": 8.0, "target": 10, "value": 0.06923910666372815, "supply": [{"l": "Fats, Animals, Raw", "v": 0.06923910666372815}]}, {"source": 22, "prod": 45.0, "target": 10, "value": 0.02603417371512777, "supply": [{"l": "Coffee", "v": 0.02603417371512777}]}, {"source": 23, "prod": 27.0, "target": 10, "value": 0.10775811517857693, "supply": [{"l": "Rice", "v": 0.10775811517857693}]}, {"source": 24, "prod": 186.0, "target": 10, "value": 0.57267911270242688, "supply": [{"l": "Wheat", "v": 0.57267911270242688}]}, {"source": 25, "prod": 6.0, "target": 10, "value": 0.060323920937289485, "supply": [{"l": "Soyabean Oil", "v": 0.060323920937289485}]}, {"source": 26, "prod": 1.0, "target": 10, "value": 0.0023583425880833336, "supply": [{"l": "Coconuts - Incl Copra", "v": 0.0023583425880833336}]}, {"source": 27, "prod": 1.0, "target": 10, "value": 0.0047166851761666672, "supply": [{"l": "Treenuts", "v": 0.0047166851761666672}]}, {"source": 28, "prod": 47.0, "target": 10, "value": 0.07255119380067275, "supply": [{"l": "Eggs", "v": 0.07255119380067275}]}, {"source": 29, "prod": 168.0, "target": 10, "value": 0.046052948251428048, "supply": [{"l": "Vegetables, Other", "v": 0.046052948251428048}]}, {"source": 30, "prod": 11.0, "target": 10, "value": 0.073060490790010216, "supply": [{"l": "Sesame seed", "v": 0.073060490790010216}]}, {"source": 31, "prod": 1.0, "target": 10, "value": 0.00092282970838043483, "supply": [{"l": "Marine Fish, Other", "v": 0.00092282970838043483}]}, {"source": 32, "prod": 5.0, "target": 10, "value": 0.0034795218512704918, "supply": [{"l": "Grapes", "v": 0.0034795218512704918}]}, {"source": 33, "prod": 1.0, "target": 10, "value": 0.0019356226431227295, "supply": [{"l": "Wine", "v": 0.0019356226431227295}]}, {"source": 3, "prod": 1.0, "target": 10, "value": 0.002497068622676471, "supply": [{"l": "Oats", "v": 0.002497068622676471}]}, {"source": 34, "prod": 16.0, "target": 10, "value": 0.023192286134517074, "supply": [{"l": "Pigmeat", "v": 0.023192286134517074}]}, {"source": 35, "prod": 1.0, "target": 10, "value": 0.002497068622676471, "supply": [{"l": "Cereals, Other", "v": 0.002497068622676471}]}, {"source": 6, "prod": 1.0, "target": 10, "value": 0.0032653974296538461, "supply": [{"l": "Soyabeans", "v": 0.0032653974296538461}]}, {"source": 36, "prod": 52.0, "target": 10, "value": 0.039418011829392863, "supply": [{"l": "Potatoes", "v": 0.039418011829392863}]}, {"source": 37, "prod": 292.0, "target": 10, "value": 0.21354470230394651, "supply": [{"l": "Milk - Excluding Butter", "v": 0.21354470230394651}]}, {"source": 38, "prod": 27.0, "target": 10, "value": 0.0097131737102415256, "supply": [{"l": "Pineapples", "v": 0.0097131737102415256}]}, {"source": 39, "prod": 77.0, "target": 10, "value": 0.30344801220149548, "supply": [{"l": "Beans", "v": 0.30344801220149548}]}, {"source": 40, "prod": 22.0, "target": 10, "value": 0.086949651557886212, "supply": [{"l": "Pulses, Other", "v": 0.086949651557886212}]}, {"source": 41, "prod": 3.0, "target": 10, "value": 0.0037456029340147061, "supply": [{"l": "Fish, Seafood", "v": 0.0037456029340147061}]}, {"source": 42, "prod": 2.0, "target": 10, "value": 0.003859106053227273, "supply": [{"l": "Meat, Other", "v": 0.003859106053227273}]}, {"source": 43, "prod": 85.0, "target": 10, "value": 0.01641612447573931, "supply": [{"l": "Lemons, Limes", "v": 0.01641612447573931}]}, {"source": 8, "prod": 16.0, "target": 10, "value": 0.062042551163423089, "supply": [{"l": "Sorghum", "v": 0.062042551163423089}]}, {"source": 44, "prod": 2.0, "target": 10, "value": 0.003144456784111111, "supply": [{"l": "Mutton & Goat Meat", "v": 0.003144456784111111}]}, {"source": 45, "prod": 2.0, "target": 10, "value": 0.0094333703523333343, "supply": [{"l": "Sweeteners, Other", "v": 0.0094333703523333343}]}, {"source": 46, "prod": 2.0, "target": 10, "value": 0.003859106053227273, "supply": [{"l": "Pelagic Fish", "v": 0.003859106053227273}]}, {"source": 2, "prod": 62.0, "target": 10, "value": 0.046348106410332088, "supply": [{"l": "Bananas", "v": 0.046348106410332088}]}, {"source": 47, "prod": 4.0, "target": 10, "value": 0.023305973811647059, "supply": [{"l": "Spices, Other", "v": 0.023305973811647059}]}, {"source": 48, "prod": 18.0, "target": 10, "value": 0.028894651205256298, "supply": [{"l": "Bovine Meat", "v": 0.028894651205256298}]}, {"source": 49, "prod": 39.0, "target": 10, "value": 0.023224239434552107, "supply": [{"l": "Fruits, Other", "v": 0.023224239434552107}]}, {"source": 50, "prod": 4.0, "target": 10, "value": 0.0032037861573962268, "supply": [{"l": "Apples", "v": 0.0032037861573962268}]}, {"source": 51, "prod": 45.0, "target": 10, "value": 0.065531989583104633, "supply": [{"l": "Poultry Meat", "v": 0.065531989583104633}]}, {"source": 52, "prod": 8.0, "target": 10, "value": 0.010395959163795918, "supply": [{"l": "Offals, Edible", "v": 0.010395959163795918}]}, {"source": 53, "prod": 60.0, "target": 10, "value": 0.022975605626172686, "supply": [{"l": "Oranges, Mandarines", "v": 0.022975605626172686}]}, {"source": 54, "prod": 18.0, "target": 10, "value": 0.18533562092222552, "supply": [{"l": "Cottonseed Oil", "v": 0.18533562092222552}]}, {"source": 55, "prod": 16.0, "target": 10, "value": 0.0066263674670048777, "supply": [{"l": "Onions", "v": 0.0066263674670048777}]}, {"source": 56, "prod": 8.0, "target": 10, "value": 0.010395959163795918, "supply": [{"l": "Cassava", "v": 0.010395959163795918}]}, {"source": 0, "prod": 11.0, "target": 57, "value": 0.045245937683082632, "supply": [{"l": "Maize", "v": 0.045245937683082632}]}, {"source": 4, "prod": 90.0, "target": 57, "value": 0.44582671029355575, "supply": [{"l": "Cottonseed", "v": 0.44582671029355575}]}, {"source": 6, "prod": 5.0, "target": 57, "value": 0.016326987148269231, "supply": [{"l": "Soyabeans", "v": 0.016326987148269231}]}, {"source": 7, "prod": 1.0, "target": 57, "value": 0.0034782897042398399, "supply": [{"l": "Barley", "v": 0.0034782897042398399}]}, {"source": 58, "prod": 2.0, "target": 57, "value": 0.0099072602287456832, "supply": [{"l": "Palm kernels", "v": 0.0099072602287456832}]}, {"source": 19, "prod": 42.0, "target": 57, "value": 0.16980066634200003, "supply": [{"l": "Sugar non-centrifugal", "v": 0.16980066634200003}]}, {"source": 9, "prod": 6322.0, "target": 57, "value": 2.1642738157542825, "supply": [{"l": "Sugar cane", "v": 2.1642738157542825}]}, {"source": 21, "prod": 24.0, "target": 59, "value": 0.20771731999118448, "supply": [{"l": "Fats, Animals, Raw", "v": 0.20771731999118448}]}, {"source": 24, "prod": 64.0, "target": 59, "value": 0.1970508774890071, "supply": [{"l": "Wheat", "v": 0.1970508774890071}]}, {"source": 54, "prod": 2.0, "target": 59, "value": 0.020592846769136169, "supply": [{"l": "Cottonseed Oil", "v": 0.020592846769136169}]}, {"source": 60, "prod": 4.0, "target": 59, "value": 0.0339601332684, "supply": [{"l": "Palm Oil", "v": 0.0339601332684}]}, {"source": 61, "prod": 1.0, "target": 59, "value": 0.0094333703523333343, "supply": [{"l": "Palmkernel Oil", "v": 0.0094333703523333343}]}, {"source": 9, "prod": 153.0, "target": 59, "value": 0.052378028125657262, "supply": [{"l": "Sugar cane", "v": 0.052378028125657262}]}, {"source": 0, "prod": 20.0, "target": 0, "value": 0.082265341241968437, "supply": [{"l": "Maize", "v": 0.082265341241968437}]}, {"source": 24, "prod": 8.0, "target": 24, "value": 0.024631359686125887, "supply": [{"l": "Wheat", "v": 0.024631359686125887}]}, {"source": 4, "prod": 2.0, "target": 4, "value": 0.0099072602287456832, "supply": [{"l": "Cottonseed", "v": 0.0099072602287456832}]}, {"source": 36, "prod": 10.0, "target": 36, "value": 0.0075803868902678583, "supply": [{"l": "Potatoes", "v": 0.0075803868902678583}]}, {"source": 28, "prod": 3.0, "target": 28, "value": 0.0046309272638727274, "supply": [{"l": "Eggs", "v": 0.0046309272638727274}]}, {"source": 39, "prod": 8.0, "target": 39, "value": 0.031527066202752779, "supply": [{"l": "Beans", "v": 0.031527066202752779}]}, {"source": 40, "prod": 1.0, "target": 40, "value": 0.0039522568889948278, "supply": [{"l": "Pulses, Other", "v": 0.0039522568889948278}]}, {"source": 23, "prod": 1.0, "target": 23, "value": 0.0039910413029102566, "supply": [{"l": "Rice", "v": 0.0039910413029102566}]}, {"source": 8, "prod": 1.0, "target": 8, "value": 0.0038776594477139431, "supply": [{"l": "Sorghum", "v": 0.0038776594477139431}]}, {"source": 0, "prod": 46.0, "target": 62, "value": 0.18921028485652741, "supply": [{"l": "Maize", "v": 0.18921028485652741}]}, {"source": 22, "prod": 4.0, "target": 62, "value": 0.0023141487746780238, "supply": [{"l": "Coffee", "v": 0.0023141487746780238}]}, {"source": 38, "prod": 7.0, "target": 62, "value": 0.0025182302211737288, "supply": [{"l": "Pineapples", "v": 0.0025182302211737288}]}, {"source": 24, "prod": 3.0, "target": 62, "value": 0.0092367598822972082, "supply": [{"l": "Wheat", "v": 0.0092367598822972082}]}, {"source": 2, "prod": 20.0, "target": 62, "value": 0.014951002067849059, "supply": [{"l": "Bananas", "v": 0.014951002067849059}]}, {"source": 9, "prod": 66.0, "target": 62, "value": 0.022594443505185486, "supply": [{"l": "Sugar cane", "v": 0.022594443505185486}]}, {"source": 36, "prod": 4.0, "target": 62, "value": 0.0030321547561071431, "supply": [{"l": "Potatoes", "v": 0.0030321547561071431}]}, {"source": 28, "prod": 1.0, "target": 62, "value": 0.0015436424212909095, "supply": [{"l": "Eggs", "v": 0.0015436424212909095}]}, {"source": 29, "prod": 20.0, "target": 62, "value": 0.00548249383945572, "supply": [{"l": "Vegetables, Other", "v": 0.00548249383945572}]}, {"source": 49, "prod": 13.0, "target": 62, "value": 0.0077414131448507017, "supply": [{"l": "Fruits, Other", "v": 0.0077414131448507017}]}, {"source": 5, "prod": 8.0, "target": 62, "value": 0.0077771297561221361, "supply": [{"l": "Plantains", "v": 0.0077771297561221361}]}, {"source": 51, "prod": 3.0, "target": 62, "value": 0.0043687993055403088, "supply": [{"l": "Poultry Meat", "v": 0.0043687993055403088}]}, {"source": 13, "prod": 1.0, "target": 62, "value": 0.0011622222200000001, "supply": [{"l": "Citrus, Other", "v": 0.0011622222200000001}]}, {"source": 39, "prod": 5.0, "target": 62, "value": 0.019704416376720487, "supply": [{"l": "Beans", "v": 0.019704416376720487}]}, {"source": 50, "prod": 1.0, "target": 62, "value": 0.00080094653934905671, "supply": [{"l": "Apples", "v": 0.00080094653934905671}]}, {"source": 48, "prod": 1.0, "target": 62, "value": 0.0016052584002920168, "supply": [{"l": "Bovine Meat", "v": 0.0016052584002920168}]}, {"source": 55, "prod": 3.0, "target": 62, "value": 0.0012424439000634148, "supply": [{"l": "Onions", "v": 0.0012424439000634148}]}, {"source": 23, "prod": 1.0, "target": 62, "value": 0.0039910413029102566, "supply": [{"l": "Rice", "v": 0.0039910413029102566}]}, {"source": 8, "prod": 5.0, "target": 62, "value": 0.019388297238569715, "supply": [{"l": "Sorghum", "v": 0.019388297238569715}]}, {"source": 20, "prod": 14.0, "target": 62, "value": 0.0033090330300501107, "supply": [{"l": "Tomatoes", "v": 0.0033090330300501107}]}, {"source": 56, "prod": 1.0, "target": 62, "value": 0.0012994948954744897, "supply": [{"l": "Cassava", "v": 0.0012994948954744897}]}, {"source": 63, "prod": 30.0, "target": 36, "value": 0.022741160670803576, "supply": [{"l": "Potatoes", "v": 0.022741160670803576}]}, {"source": 63, "prod": 1.0, "target": 15, "value": 0.003859106053227273, "supply": [{"l": "Infant food", "v": 0.003859106053227273}]}, {"source": 63, "prod": 191.0, "target": 24, "value": 0.58807371250625562, "supply": [{"l": "Wheat", "v": 0.58807371250625562}]}, {"source": 63, "prod": 39.0, "target": 1, "value": 0.031952286253431578, "supply": [{"l": "Milk - Excluding Butter", "v": 0.025596111577527832}, {"l": "Fish, Seafood", "v": 0.002497068622676471}, {"l": "Pelagic Fish", "v": 0.003859106053227273}]}, {"source": 63, "prod": 7.0, "target": 6, "value": 0.022857782007576922, "supply": [{"l": "Soyabeans", "v": 0.022857782007576922}]}, {"source": 63, "prod": 1.0, "target": 7, "value": 0.0034782897042398399, "supply": [{"l": "Barley", "v": 0.0034782897042398399}]}, {"source": 63, "prod": 43.0, "target": 57, "value": 0.35910840775239772, "supply": [{"l": "Fats, Animals, Raw", "v": 0.20771731999118448}, {"l": "Sugar", "v": 0.0041303531240611388}, {"l": "Cottonseed Oil", "v": 0.061778540307408515}, {"l": "Beverages, Alcoholic", "v": 0.0068632005856796409}, {"l": "Wine", "v": 0.0019356226431227295}, {"l": "Sweeteners, Other", "v": 0.0094333703523333343}, {"l": "Soyabean Oil", "v": 0.050269934114407909}, {"l": "Palm Oil", "v": 0.0169800666342}]}, {"source": 63, "prod": 1.0, "target": 58, "value": 0.0049536301143728416, "supply": [{"l": "Palm kernels", "v": 0.0049536301143728416}]}, {"source": 63, "prod": 1.0, "target": 0, "value": 0.0041132670620984213, "supply": [{"l": "Maize", "v": 0.0041132670620984213}]}, {"source": 63, "prod": 4.0, "target": 49, "value": 0.0023819732753386775, "supply": [{"l": "Fruits, Other", "v": 0.0023819732753386775}]}, {"source": 63, "prod": 1.0, "target": 35, "value": 0.002497068622676471, "supply": [{"l": "Cereals, Other", "v": 0.002497068622676471}]}, {"source": 63, "prod": 1.0, "target": 29, "value": 0.00027412469197278598, "supply": [{"l": "Vegetables, Other", "v": 0.00027412469197278598}]}, {"source": 63, "prod": 2.0, "target": 3, "value": 0.004994137245352942, "supply": [{"l": "Oats", "v": 0.004994137245352942}]}, {"source": 5, "prod": 2.0, "target": 64, "value": 0.001944282439030534, "supply": [{"l": "Plantains", "v": 0.001944282439030534}]}, {"source": 49, "prod": 31.0, "target": 64, "value": 0.018460292883874751, "supply": [{"l": "Fruits, Other", "v": 0.018460292883874751}]}, {"source": 12, "prod": 242.0, "target": 64, "value": 0.99954545602279565, "supply": [{"l": "Sugar", "v": 0.99954545602279565}]}, {"source": 13, "prod": 7.0, "target": 64, "value": 0.0081355555400000005, "supply": [{"l": "Citrus, Other", "v": 0.0081355555400000005}]}, {"source": 23, "prod": 3.0, "target": 64, "value": 0.01197312390873077, "supply": [{"l": "Rice", "v": 0.01197312390873077}]}, {"source": 20, "prod": 11.0, "target": 64, "value": 0.0025999545236108017, "supply": [{"l": "Tomatoes", "v": 0.0025999545236108017}]}, {"source": 22, "prod": 127.0, "target": 64, "value": 0.073474223596027247, "supply": [{"l": "Coffee", "v": 0.073474223596027247}]}, {"source": 26, "prod": 2.0, "target": 64, "value": 0.0047166851761666672, "supply": [{"l": "Coconuts - Incl Copra", "v": 0.0047166851761666672}]}, {"source": 65, "prod": 2.0, "target": 64, "value": 0.0011171096469868424, "supply": [{"l": "Crustaceans", "v": 0.0011171096469868424}]}, {"source": 28, "prod": 1.0, "target": 64, "value": 0.0015436424212909095, "supply": [{"l": "Eggs", "v": 0.0015436424212909095}]}, {"source": 29, "prod": 55.0, "target": 64, "value": 0.015076858058503229, "supply": [{"l": "Vegetables, Other", "v": 0.015076858058503229}]}, {"source": 30, "prod": 14.0, "target": 64, "value": 0.092986079187285728, "supply": [{"l": "Sesame seed", "v": 0.092986079187285728}]}, {"source": 17, "prod": 2.0, "target": 64, "value": 0.0084900333171, "supply": [{"l": "Cocoa Beans", "v": 0.0084900333171}]}, {"source": 36, "prod": 20.0, "target": 64, "value": 0.015160773780535717, "supply": [{"l": "Potatoes", "v": 0.015160773780535717}]}, {"source": 37, "prod": 2.0, "target": 64, "value": 0.0014626349472873046, "supply": [{"l": "Milk - Excluding Butter", "v": 0.0014626349472873046}]}, {"source": 39, "prod": 2.0, "target": 64, "value": 0.0078817665506881948, "supply": [{"l": "Beans", "v": 0.0078817665506881948}]}, {"source": 50, "prod": 2.0, "target": 64, "value": 0.0016018930786981134, "supply": [{"l": "Apples", "v": 0.0016018930786981134}]}, {"source": 41, "prod": 2.0, "target": 64, "value": 0.002497068622676471, "supply": [{"l": "Fish, Seafood", "v": 0.002497068622676471}]}, {"source": 38, "prod": 2.0, "target": 64, "value": 0.00071949434890677965, "supply": [{"l": "Pineapples", "v": 0.00071949434890677965}]}, {"source": 2, "prod": 321.0, "target": 64, "value": 0.23996358318897737, "supply": [{"l": "Bananas", "v": 0.23996358318897737}]}, {"source": 47, "prod": 5.0, "target": 64, "value": 0.029132467264558825, "supply": [{"l": "Spices, Other", "v": 0.029132467264558825}]}, {"source": 48, "prod": 32.0, "target": 64, "value": 0.051368268809344537, "supply": [{"l": "Bovine Meat", "v": 0.051368268809344537}]}, {"source": 18, "prod": 3.0, "target": 64, "value": 0.015918812469562501, "supply": [{"l": "Honey", "v": 0.015918812469562501}]}, {"source": 55, "prod": 9.0, "target": 64, "value": 0.0037273317001902439, "supply": [{"l": "Onions", "v": 0.0037273317001902439}]}, {"source": 56, "prod": 1.0, "target": 64, "value": 0.0012994948954744897, "supply": [{"l": "Cassava", "v": 0.0012994948954744897}]}, {"source": 0, "prod": 1.0, "target": 66, "value": 0.0041132670620984213, "supply": [{"l": "Maize", "v": 0.0041132670620984213}]}, {"source": 67, "prod": 2.0, "target": 23, "value": 0.0079820826058205133, "supply": [{"l": "Rice", "v": 0.0079820826058205133}]}, {"source": 65, "prod": 1.0, "target": 66, "value": 0.00055855482349342119, "supply": [{"l": "Crustaceans", "v": 0.00055855482349342119}]}, {"source": 41, "prod": 1.0, "target": 66, "value": 0.0012485343113382355, "supply": [{"l": "Fish, Seafood", "v": 0.0012485343113382355}]}, {"source": 22, "prod": 20.0, "target": 66, "value": 0.011570743873390119, "supply": [{"l": "Coffee", "v": 0.011570743873390119}]}, {"source": 12, "prod": 9.0, "target": 66, "value": 0.03717317811655025, "supply": [{"l": "Sugar", "v": 0.03717317811655025}]}, {"source": 24, "prod": 20.0, "target": 66, "value": 0.061578399215314723, "supply": [{"l": "Wheat", "v": 0.061578399215314723}]}, {"source": 1, "prod": 48.0, "target": 51, "value": 0.069900788888644941, "supply": [{"l": "Poultry Meat", "v": 0.069900788888644941}]}, {"source": 1, "prod": 16.0, "target": 34, "value": 0.023192286134517074, "supply": [{"l": "Pigmeat", "v": 0.023192286134517074}]}, {"source": 1, "prod": 2.0, "target": 46, "value": 0.003859106053227273, "supply": [{"l": "Pelagic Fish", "v": 0.003859106053227273}]}, {"source": 1, "prod": 51.0, "target": 48, "value": 0.081868178414892856, "supply": [{"l": "Bovine Meat", "v": 0.081868178414892856}]}, {"source": 1, "prod": 49.0, "target": 28, "value": 0.075638478643254556, "supply": [{"l": "Eggs", "v": 0.080269405907127278}]}, {"source": 1, "prod": 294.0, "target": 37, "value": 0.2150073372512338, "supply": [{"l": "Milk - Excluding Butter", "v": 0.2150073372512338}]}, {"source": 1, "prod": 8.0, "target": 52, "value": 0.010395959163795918, "supply": [{"l": "Offals, Edible", "v": 0.010395959163795918}]}, {"source": 1, "prod": 1.0, "target": 31, "value": 0.00092282970838043483, "supply": [{"l": "Marine Fish, Other", "v": 0.00092282970838043483}]}, {"source": 1, "prod": 6.0, "target": 41, "value": 0.007491205868029413, "supply": [{"l": "Fish, Seafood", "v": 0.007491205868029413}]}, {"source": 1, "prod": 3.0, "target": 65, "value": 0.0016756644704802636, "supply": [{"l": "Crustaceans", "v": 0.0016756644704802636}]}, {"source": 1, "prod": 2.0, "target": 42, "value": 0.003859106053227273, "supply": [{"l": "Meat, Other", "v": 0.003859106053227273}]}, {"source": 1, "prod": 2.0, "target": 44, "value": 0.003144456784111111, "supply": [{"l": "Mutton & Goat Meat", "v": 0.003144456784111111}]}, {"source": 57, "prod": 32.0, "target": 21, "value": 0.2769564266549126, "supply": [{"l": "Fats, Animals, Raw", "v": 0.2769564266549126}]}, {"source": 57, "prod": 2.0, "target": 45, "value": 0.0094333703523333343, "supply": [{"l": "Sweeteners, Other", "v": 0.0094333703523333343}]}, {"source": 57, "prod": 6.0, "target": 25, "value": 0.060323920937289485, "supply": [{"l": "Soyabean Oil", "v": 0.060323920937289485}]}, {"source": 57, "prod": 517.0, "target": 12, "value": 2.1353925651396084, "supply": [{"l": "Sugar", "v": 2.1353925651396084}]}, {"source": 57, "prod": 4.0, "target": 18, "value": 0.02122508329275, "supply": [{"l": "Honey", "v": 0.02122508329275}]}, {"source": 57, "prod": 4.0, "target": 60, "value": 0.0339601332684, "supply": [{"l": "Palm Oil", "v": 0.0339601332684}]}, {"source": 57, "prod": 67.0, "target": 14, "value": 0.02945621455817779, "supply": [{"l": "Beer", "v": 0.02945621455817779}]}, {"source": 57, "prod": 26.0, "target": 16, "value": 0.089221607613835324, "supply": [{"l": "Beverages, Alcoholic", "v": 0.089221607613835324}]}, {"source": 57, "prod": 20.0, "target": 54, "value": 0.20592846769136169, "supply": [{"l": "Cottonseed Oil", "v": 0.20592846769136169}]}, {"source": 57, "prod": 1.0, "target": 61, "value": 0.0094333703523333343, "supply": [{"l": "Palmkernel Oil", "v": 0.0094333703523333343}]}, {"source": 57, "prod": 55.0, "target": 19, "value": 0.22235801544785719, "supply": [{"l": "Sugar non-centrifugal", "v": 0.22235801544785719}]}, {"source": 57, "prod": 1.0, "target": 33, "value": 0.0019356226431227295, "supply": [{"l": "Wine", "v": 0.0019356226431227295}]}, {"source": 68, "prod": 8.0, "target": 57, "value": 0.0339601332684, "supply": [{"l": "Oil Palm", "v": 0.0339601332684}]}, {"source": 69, "prod": 0, "target": 0, "value": 0.0094083572684080241, "supply": "[{\"l\":'Energy for power irrigation',\"v\":0.0094083572684080241}]"}, {"source": 69, "prod": 0, "target": 5, "value": 0.00054533815152744232, "supply": "[{\"l\":'Energy for power irrigation',\"v\":0.00054533815152744232}]"}, {"source": 69, "prod": 0, "target": 11, "value": 1.0193236477148456e-05, "supply": "[{\"l\":'Energy for power irrigation',\"v\":1.0193236477148456e-05}]"}, {"source": 69, "prod": 0, "target": 13, "value": 9.1739128294336103e-05, "supply": "[{\"l\":'Energy for power irrigation',\"v\":9.1739128294336103e-05}]"}, {"source": 69, "prod": 0, "target": 7, "value": 1.5289854715722683e-05, "supply": "[{\"l\":'Energy for power irrigation',\"v\":1.5289854715722683e-05}]"}, {"source": 69, "prod": 0, "target": 23, "value": 0.00031599033079160216, "supply": "[{\"l\":'Energy for power irrigation',\"v\":0.00031599033079160216}]"}, {"source": 69, "prod": 0, "target": 20, "value": 0.00095816422885195481, "supply": "[{\"l\":'Energy for power irrigation',\"v\":0.00095816422885195481}]"}, {"source": 69, "prod": 0, "target": 22, "value": 0.0020029709677596716, "supply": "[{\"l\":'Energy for power irrigation',\"v\":0.0020029709677596716}]"}, {"source": 69, "prod": 0, "target": 24, "value": 0.0018959419847496127, "supply": "[{\"l\":'Energy for power irrigation',\"v\":0.0018959419847496127}]"}, {"source": 69, "prod": 0, "target": 26, "value": 3.0579709431445365e-05, "supply": "[{\"l\":'Energy for power irrigation',\"v\":3.0579709431445365e-05}]"}, {"source": 69, "prod": 0, "target": 27, "value": 1.0193236477148456e-05, "supply": "[{\"l\":'Energy for power irrigation',\"v\":1.0193236477148456e-05}]"}, {"source": 69, "prod": 0, "target": 29, "value": 0.002476956463947075, "supply": "[{\"l\":'Energy for power irrigation',\"v\":0.002476956463947075}]"}, {"source": 69, "prod": 0, "target": 30, "value": 0.00025992753016728564, "supply": "[{\"l\":'Energy for power irrigation',\"v\":0.00025992753016728564}]"}, {"source": 69, "prod": 0, "target": 6, "value": 6.6256037101464964e-05, "supply": "[{\"l\":'Energy for power irrigation',\"v\":6.6256037101464964e-05}]"}, {"source": 69, "prod": 0, "target": 32, "value": 5.0966182385742285e-05, "supply": "[{\"l\":'Energy for power irrigation',\"v\":5.0966182385742285e-05}]"}, {"source": 69, "prod": 0, "target": 70, "value": 5.0966182385742281e-06, "supply": "[{\"l\":'Energy for power irrigation',\"v\":5.0966182385742281e-06}]"}, {"source": 69, "prod": 0, "target": 68, "value": 4.0772945908593825e-05, "supply": "[{\"l\":'Energy for power irrigation',\"v\":4.0772945908593825e-05}]"}, {"source": 69, "prod": 0, "target": 17, "value": 2.5483091192871142e-05, "supply": "[{\"l\":'Energy for power irrigation',\"v\":2.5483091192871142e-05}]"}, {"source": 69, "prod": 0, "target": 4, "value": 0.00094797099237480637, "supply": "[{\"l\":'Energy for power irrigation',\"v\":0.00094797099237480637}]"}, {"source": 69, "prod": 0, "target": 36, "value": 0.00071862317163896611, "supply": "[{\"l\":'Energy for power irrigation',\"v\":0.00071862317163896611}]"}, {"source": 69, "prod": 0, "target": 39, "value": 0.00093268113765908377, "supply": "[{\"l\":'Energy for power irrigation',\"v\":0.00093268113765908377}]"}, {"source": 69, "prod": 0, "target": 50, "value": 7.1352655340039184e-05, "supply": "[{\"l\":'Energy for power irrigation',\"v\":7.1352655340039184e-05}]"}, {"source": 69, "prod": 0, "target": 43, "value": 0.00086642510055761875, "supply": "[{\"l\":'Energy for power irrigation',\"v\":0.00086642510055761875}]"}, {"source": 69, "prod": 0, "target": 8, "value": 0.00094287437413623221, "supply": "[{\"l\":'Energy for power irrigation',\"v\":0.00094287437413623221}]"}, {"source": 69, "prod": 0, "target": 9, "value": 0.066872727908332444, "supply": "[{\"l\":'Energy for power irrigation',\"v\":0.066872727908332444}]"}, {"source": 69, "prod": 0, "target": 38, "value": 0.00037205313141591863, "supply": "[{\"l\":'Energy for power irrigation',\"v\":0.00037205313141591863}]"}, {"source": 69, "prod": 0, "target": 2, "value": 0.004377995066935262, "supply": "[{\"l\":'Energy for power irrigation',\"v\":0.004377995066935262}]"}, {"source": 69, "prod": 0, "target": 47, "value": 8.664251005576187e-05, "supply": "[{\"l\":'Energy for power irrigation',\"v\":8.664251005576187e-05}]"}, {"source": 69, "prod": 0, "target": 49, "value": 0.00082565215464902499, "supply": "[{\"l\":'Energy for power irrigation',\"v\":0.00082565215464902499}]"}, {"source": 69, "prod": 0, "target": 53, "value": 0.00061159418862890733, "supply": "[{\"l\":'Energy for power irrigation',\"v\":0.00061159418862890733}]"}, {"source": 69, "prod": 0, "target": 58, "value": 1.5289854715722683e-05, "supply": "[{\"l\":'Energy for power irrigation',\"v\":1.5289854715722683e-05}]"}, {"source": 69, "prod": 0, "target": 56, "value": 9.6835746532910336e-05, "supply": "[{\"l\":'Energy for power irrigation',\"v\":9.6835746532910336e-05}]"}, {"source": 69, "prod": 0, "target": 55, "value": 0.00028541062136015673, "supply": "[{\"l\":'Energy for power irrigation',\"v\":0.00028541062136015673}]"}, {"source": 69, "prod": 0, "target": 40, "value": 0.0002395410572129887, "supply": "[{\"l\":'Energy for power irrigation',\"v\":0.0002395410572129887}]"}, {"source": 69, "prod": 0, "target": 57, "value": 0.0096312676972305986, "supply": "[{\"l\":'Electricity',\"v\":0.0096312676972305986}]"}, {"source": 71, "prod": 0, "target": 69, "value": 0.17349626247867195, "supply": [{"l": "Coal", "v": 0.0}, {"l": "Natural gas", "v": 0.0}, {"l": "Oil", "v": 0.17349626247867195}]}, {"source": 72, "prod": 0, "target": 69, "value": 0.040196961066261104, "supply": [{"l": "Nuclear", "v": 0.0}, {"l": "Hydroelectric", "v": 0.034494278008417832}, {"l": "Renewable", "v": 0.0057026830578432728}]}, {"source": 71, "prod": 0, "target": 0, "value": 0.035075339773869563, "supply": [{"l": "Motor Gasoline", "v": 0.0059990639554556588}, {"l": "Gas-Diesel oil", "v": 0.025233083153496712}, {"l": "Liquefied petroleum gas (LPG)", "v": 0.0038431926649171921}]}, {"source": 71, "prod": 0, "target": 5, "value": 0.002033077657531984, "supply": [{"l": "Motor Gasoline", "v": 0.00034772472547874077}, {"l": "Gas-Diesel oil", "v": 0.001462589326881987}, {"l": "Liquefied petroleum gas (LPG)", "v": 0.00022276360517125654}]}, {"source": 71, "prod": 0, "target": 11, "value": 3.8001451542653912e-05, "supply": [{"l": "Motor Gasoline", "v": 6.4995275790418845e-06}, {"l": "Gas-Diesel oil", "v": 2.7338118259476398e-05}, {"l": "Liquefied petroleum gas (LPG)", "v": 4.1638057041356364e-06}]}, {"source": 71, "prod": 0, "target": 13, "value": 0.00034201306388388522, "supply": [{"l": "Motor Gasoline", "v": 5.8495748211376958e-05}, {"l": "Gas-Diesel oil", "v": 0.00024604306433528757}, {"l": "Liquefied petroleum gas (LPG)", "v": 3.7474251337220724e-05}]}, {"source": 71, "prod": 0, "target": 7, "value": 5.7002177313980868e-05, "supply": [{"l": "Motor Gasoline", "v": 9.7492913685628263e-06}, {"l": "Gas-Diesel oil", "v": 4.1007177389214593e-05}, {"l": "Liquefied petroleum gas (LPG)", "v": 6.2457085562034542e-06}]}, {"source": 71, "prod": 0, "target": 23, "value": 0.0011780449978222713, "supply": [{"l": "Motor Gasoline", "v": 0.0002014853549502984}, {"l": "Gas-Diesel oil", "v": 0.00084748166604376829}, {"l": "Liquefied petroleum gas (LPG)", "v": 0.00012907797682820473}]}, {"source": 71, "prod": 0, "target": 20, "value": 0.0035721364450094677, "supply": [{"l": "Motor Gasoline", "v": 0.00061095559242993708}, {"l": "Gas-Diesel oil", "v": 0.0025697831163907811}, {"l": "Liquefied petroleum gas (LPG)", "v": 0.00039139773618874981}]}, {"source": 71, "prod": 0, "target": 22, "value": 0.0074672852281314943, "supply": [{"l": "Motor Gasoline", "v": 0.0012771571692817302}, {"l": "Gas-Diesel oil", "v": 0.0053719402379871122}, {"l": "Liquefied petroleum gas (LPG)", "v": 0.00081818782086265254}]}, {"source": 71, "prod": 0, "target": 24, "value": 0.007068269986933628, "supply": [{"l": "Motor Gasoline", "v": 0.0012089121297017905}, {"l": "Gas-Diesel oil", "v": 0.0050848899962626093}, {"l": "Liquefied petroleum gas (LPG)", "v": 0.00077446786096922835}]}, {"source": 71, "prod": 0, "target": 26, "value": 0.00011400435462796174, "supply": [{"l": "Motor Gasoline", "v": 1.9498582737125653e-05}, {"l": "Gas-Diesel oil", "v": 8.2014354778429187e-05}, {"l": "Liquefied petroleum gas (LPG)", "v": 1.2491417112406908e-05}]}, {"source": 71, "prod": 0, "target": 27, "value": 3.8001451542653912e-05, "supply": [{"l": "Motor Gasoline", "v": 6.4995275790418845e-06}, {"l": "Gas-Diesel oil", "v": 2.7338118259476398e-05}, {"l": "Liquefied petroleum gas (LPG)", "v": 4.1638057041356364e-06}]}, {"source": 71, "prod": 0, "target": 29, "value": 0.009234352724864902, "supply": [{"l": "Motor Gasoline", "v": 0.0015793852017071779}, {"l": "Gas-Diesel oil", "v": 0.0066431627370527645}, {"l": "Liquefied petroleum gas (LPG)", "v": 0.0010118047861049596}]}, {"source": 71, "prod": 0, "target": 30, "value": 0.00096903701433767478, "supply": [{"l": "Motor Gasoline", "v": 0.00016573795326556805}, {"l": "Gas-Diesel oil", "v": 0.00069712201561664805}, {"l": "Liquefied petroleum gas (LPG)", "v": 0.00010617704545545872}]}, {"source": 71, "prod": 0, "target": 6, "value": 0.00024700943502725041, "supply": [{"l": "Motor Gasoline", "v": 4.2246929263772243e-05}, {"l": "Gas-Diesel oil", "v": 0.00017769776868659657}, {"l": "Liquefied petroleum gas (LPG)", "v": 2.7064737076881636e-05}]}, {"source": 71, "prod": 0, "target": 32, "value": 0.00019000725771326957, "supply": [{"l": "Motor Gasoline", "v": 3.2497637895209423e-05}, {"l": "Gas-Diesel oil", "v": 0.00013669059129738198}, {"l": "Liquefied petroleum gas (LPG)", "v": 2.0819028520678181e-05}]}, {"source": 71, "prod": 0, "target": 70, "value": 1.9000725771326956e-05, "supply": [{"l": "Motor Gasoline", "v": 3.2497637895209422e-06}, {"l": "Gas-Diesel oil", "v": 1.3669059129738199e-05}, {"l": "Liquefied petroleum gas (LPG)", "v": 2.0819028520678182e-06}]}, {"source": 71, "prod": 0, "target": 68, "value": 0.00015200580617061565, "supply": [{"l": "Motor Gasoline", "v": 2.5998110316167538e-05}, {"l": "Gas-Diesel oil", "v": 0.00010935247303790559}, {"l": "Liquefied petroleum gas (LPG)", "v": 1.6655222816542546e-05}]}, {"source": 71, "prod": 0, "target": 17, "value": 9.5003628856634787e-05, "supply": [{"l": "Motor Gasoline", "v": 1.6248818947604712e-05}, {"l": "Gas-Diesel oil", "v": 6.8345295648690991e-05}, {"l": "Liquefied petroleum gas (LPG)", "v": 1.0409514260339091e-05}]}, {"source": 71, "prod": 0, "target": 4, "value": 0.003534134993466814, "supply": [{"l": "Motor Gasoline", "v": 0.00060445606485089523}, {"l": "Gas-Diesel oil", "v": 0.0025424449981313046}, {"l": "Liquefied petroleum gas (LPG)", "v": 0.00038723393048461417}]}, {"source": 71, "prod": 0, "target": 36, "value": 0.002679102333757101, "supply": [{"l": "Motor Gasoline", "v": 0.00045821669432245284}, {"l": "Gas-Diesel oil", "v": 0.0019273373372930859}, {"l": "Liquefied petroleum gas (LPG)", "v": 0.00029354830214156234}]}, {"source": 71, "prod": 0, "target": 39, "value": 0.0034771328161528332, "supply": [{"l": "Motor Gasoline", "v": 0.0005947067734823324}, {"l": "Gas-Diesel oil", "v": 0.0025014378207420902}, {"l": "Liquefied petroleum gas (LPG)", "v": 0.00038098822192841073}]}, {"source": 71, "prod": 0, "target": 50, "value": 0.00026601016079857737, "supply": [{"l": "Motor Gasoline", "v": 4.5496693053293187e-05}, {"l": "Gas-Diesel oil", "v": 0.00019136682781633476}, {"l": "Liquefied petroleum gas (LPG)", "v": 2.9146639928949453e-05}]}, {"source": 71, "prod": 0, "target": 43, "value": 0.0032301233811255826, "supply": [{"l": "Motor Gasoline", "v": 0.00055245984421856012}, {"l": "Gas-Diesel oil", "v": 0.0023237400520554935}, {"l": "Liquefied petroleum gas (LPG)", "v": 0.00035392348485152912}]}, {"source": 71, "prod": 0, "target": 8, "value": 0.0035151342676954869, "supply": [{"l": "Motor Gasoline", "v": 0.00060120630106137425}, {"l": "Gas-Diesel oil", "v": 0.0025287759390015666}, {"l": "Liquefied petroleum gas (LPG)", "v": 0.00038515202763254636}]}, {"source": 71, "prod": 0, "target": 9, "value": 0.24930852284558097, "supply": [{"l": "Motor Gasoline", "v": 0.042640150682304277}, {"l": "Gas-Diesel oil", "v": 0.17935172484129489}, {"l": "Liquefied petroleum gas (LPG)", "v": 0.02731664732198184}]}, {"source": 71, "prod": 0, "target": 38, "value": 0.0013870529813068677, "supply": [{"l": "Motor Gasoline", "v": 0.00023723275663502876}, {"l": "Gas-Diesel oil", "v": 0.00099784131647088852}, {"l": "Liquefied petroleum gas (LPG)", "v": 0.00015197890820095071}]}, {"source": 71, "prod": 0, "target": 2, "value": 0.016321623437569856, "supply": [{"l": "Motor Gasoline", "v": 0.002791547095198489}, {"l": "Gas-Diesel oil", "v": 0.011741721792445111}, {"l": "Liquefied petroleum gas (LPG)", "v": 0.0017883545499262558}]}, {"source": 71, "prod": 0, "target": 47, "value": 0.00032301233811255826, "supply": [{"l": "Motor Gasoline", "v": 5.5245984421856013e-05}, {"l": "Gas-Diesel oil", "v": 0.00023237400520554938}, {"l": "Liquefied petroleum gas (LPG)", "v": 3.5392348485152908e-05}]}, {"source": 71, "prod": 0, "target": 49, "value": 0.0030781175749549669, "supply": [{"l": "Motor Gasoline", "v": 0.00052646173390239262}, {"l": "Gas-Diesel oil", "v": 0.0022143875790175882}, {"l": "Liquefied petroleum gas (LPG)", "v": 0.00033726826203498653}]}, {"source": 71, "prod": 0, "target": 53, "value": 0.0022800870925592347, "supply": [{"l": "Motor Gasoline", "v": 0.00038997165474251305}, {"l": "Gas-Diesel oil", "v": 0.0016402870955685839}, {"l": "Liquefied petroleum gas (LPG)", "v": 0.0002498283422481382}]}, {"source": 71, "prod": 0, "target": 58, "value": 5.7002177313980868e-05, "supply": [{"l": "Motor Gasoline", "v": 9.7492913685628263e-06}, {"l": "Gas-Diesel oil", "v": 4.1007177389214593e-05}, {"l": "Liquefied petroleum gas (LPG)", "v": 6.2457085562034542e-06}]}, {"source": 71, "prod": 0, "target": 56, "value": 0.00036101378965521218, "supply": [{"l": "Motor Gasoline", "v": 6.1745512000897909e-05}, {"l": "Gas-Diesel oil", "v": 0.0002597121234650258}, {"l": "Liquefied petroleum gas (LPG)", "v": 3.9556154189288547e-05}]}, {"source": 71, "prod": 0, "target": 55, "value": 0.0010640406431943095, "supply": [{"l": "Motor Gasoline", "v": 0.00018198677221317275}, {"l": "Gas-Diesel oil", "v": 0.00076546731126533906}, {"l": "Liquefied petroleum gas (LPG)", "v": 0.00011658655971579781}]}, {"source": 71, "prod": 0, "target": 40, "value": 0.00089303411125236693, "supply": [{"l": "Motor Gasoline", "v": 0.00015273889810748427}, {"l": "Gas-Diesel oil", "v": 0.00064244577909769527}, {"l": "Liquefied petroleum gas (LPG)", "v": 9.7849434047187452e-05}]}, {"source": 73, "prod": 8.7946548354724552, "target": 0, "value": 0.11146894590394887, "supply": [{"l": "Potash", "v": 0.032817777804032}, {"l": "Phosphate", "v": 0.092162500073729989}, {"l": "Nitrogen", "v": 1.0182708341479498}]}, {"source": 73, "prod": 0.5097660170073417, "target": 5, "value": 0.0064610927474119872, "supply": [{"l": "Potash", "v": 0.032817777804032}, {"l": "Phosphate", "v": 0.092162500073729989}, {"l": "Nitrogen", "v": 1.0182708341479498}]}, {"source": 73, "prod": 0.0095283367664923679, "target": 11, "value": 0.00012076808873667268, "supply": [{"l": "Potash", "v": 0.032817777804032}, {"l": "Phosphate", "v": 0.092162500073729989}, {"l": "Nitrogen", "v": 1.0182708341479498}]}, {"source": 73, "prod": 0.085755030898431311, "target": 13, "value": 0.001086912798630054, "supply": [{"l": "Potash", "v": 0.032817777804032}, {"l": "Phosphate", "v": 0.092162500073729989}, {"l": "Nitrogen", "v": 1.0182708341479498}]}, {"source": 73, "prod": 0.014292505149738552, "target": 7, "value": 0.00018115213310500899, "supply": [{"l": "Potash", "v": 0.032817777804032}, {"l": "Phosphate", "v": 0.092162500073729989}, {"l": "Nitrogen", "v": 1.0182708341479498}]}, {"source": 73, "prod": 0.29537843976126343, "target": 23, "value": 0.003743810750836853, "supply": [{"l": "Potash", "v": 0.032817777804032}, {"l": "Phosphate", "v": 0.092162500073729989}, {"l": "Nitrogen", "v": 1.0182708341479498}]}, {"source": 73, "prod": 0.89566365605028264, "target": 20, "value": 0.011352200341247232, "supply": [{"l": "Potash", "v": 0.032817777804032}, {"l": "Phosphate", "v": 0.092162500073729989}, {"l": "Nitrogen", "v": 1.0182708341479498}]}, {"source": 73, "prod": 1.8723181746157505, "target": 22, "value": 0.023730929436756181, "supply": [{"l": "Potash", "v": 0.032817777804032}, {"l": "Phosphate", "v": 0.092162500073729989}, {"l": "Nitrogen", "v": 1.0182708341479498}]}, {"source": 73, "prod": 1.7722706385675804, "target": 24, "value": 0.022462864505021118, "supply": [{"l": "Potash", "v": 0.032817777804032}, {"l": "Phosphate", "v": 0.092162500073729989}, {"l": "Nitrogen", "v": 1.0182708341479498}]}, {"source": 73, "prod": 0.028585010299477104, "target": 26, "value": 0.00036230426621001798, "supply": [{"l": "Potash", "v": 0.032817777804032}, {"l": "Phosphate", "v": 0.092162500073729989}, {"l": "Nitrogen", "v": 1.0182708341479498}]}, {"source": 73, "prod": 0.0095283367664923679, "target": 27, "value": 0.00012076808873667268, "supply": [{"l": "Potash", "v": 0.032817777804032}, {"l": "Phosphate", "v": 0.092162500073729989}, {"l": "Nitrogen", "v": 1.0182708341479498}]}, {"source": 73, "prod": 2.3153858342576457, "target": 29, "value": 0.029346645563011461, "supply": [{"l": "Potash", "v": 0.032817777804032}, {"l": "Phosphate", "v": 0.092162500073729989}, {"l": "Nitrogen", "v": 1.0182708341479498}]}, {"source": 73, "prod": 0.24297258754555537, "target": 30, "value": 0.0030795862627851531, "supply": [{"l": "Potash", "v": 0.032817777804032}, {"l": "Phosphate", "v": 0.092162500073729989}, {"l": "Nitrogen", "v": 1.0182708341479498}]}, {"source": 73, "prod": 0.061934188982200392, "target": 6, "value": 0.00078499257678837236, "supply": [{"l": "Potash", "v": 0.032817777804032}, {"l": "Phosphate", "v": 0.092162500073729989}, {"l": "Nitrogen", "v": 1.0182708341479498}]}, {"source": 73, "prod": 0.047641683832461847, "target": 32, "value": 0.0006038404436833634, "supply": [{"l": "Potash", "v": 0.032817777804032}, {"l": "Phosphate", "v": 0.092162500073729989}, {"l": "Nitrogen", "v": 1.0182708341479498}]}, {"source": 73, "prod": 0.004764168383246184, "target": 70, "value": 6.038404436833634e-05, "supply": [{"l": "Potash", "v": 0.032817777804032}, {"l": "Phosphate", "v": 0.092162500073729989}, {"l": "Nitrogen", "v": 1.0182708341479498}]}, {"source": 73, "prod": 0.038113347065969472, "target": 68, "value": 0.00048307235494669072, "supply": [{"l": "Potash", "v": 0.032817777804032}, {"l": "Phosphate", "v": 0.092162500073729989}, {"l": "Nitrogen", "v": 1.0182708341479498}]}, {"source": 73, "prod": 0.023820841916230923, "target": 17, "value": 0.0003019202218416817, "supply": [{"l": "Potash", "v": 0.032817777804032}, {"l": "Phosphate", "v": 0.092162500073729989}, {"l": "Nitrogen", "v": 1.0182708341479498}]}, {"source": 73, "prod": 0.88613531928379019, "target": 4, "value": 0.011231432252510559, "supply": [{"l": "Potash", "v": 0.032817777804032}, {"l": "Phosphate", "v": 0.092162500073729989}, {"l": "Nitrogen", "v": 1.0182708341479498}]}, {"source": 73, "prod": 0.67174774203771193, "target": 36, "value": 0.0085141502559354237, "supply": [{"l": "Potash", "v": 0.032817777804032}, {"l": "Phosphate", "v": 0.092162500073729989}, {"l": "Nitrogen", "v": 1.0182708341479498}]}, {"source": 73, "prod": 0.87184281413405174, "target": 39, "value": 0.011050280119405549, "supply": [{"l": "Potash", "v": 0.032817777804032}, {"l": "Phosphate", "v": 0.092162500073729989}, {"l": "Nitrogen", "v": 1.0182708341479498}]}, {"source": 73, "prod": 0.066698357365446576, "target": 50, "value": 0.00084537662115670865, "supply": [{"l": "Potash", "v": 0.032817777804032}, {"l": "Phosphate", "v": 0.092162500073729989}, {"l": "Nitrogen", "v": 1.0182708341479498}]}, {"source": 73, "prod": 0.80990862515185136, "target": 43, "value": 0.010265287542617177, "supply": [{"l": "Potash", "v": 0.032817777804032}, {"l": "Phosphate", "v": 0.092162500073729989}, {"l": "Nitrogen", "v": 1.0182708341479498}]}, {"source": 73, "prod": 0.88137115090054408, "target": 8, "value": 0.011171048208142222, "supply": [{"l": "Potash", "v": 0.032817777804032}, {"l": "Phosphate", "v": 0.092162500073729989}, {"l": "Nitrogen", "v": 1.0182708341479498}]}, {"source": 73, "prod": 62.510653356573179, "target": 9, "value": 0.79229904615694102, "supply": [{"l": "Potash", "v": 0.032817777804032}, {"l": "Phosphate", "v": 0.092162500073729989}, {"l": "Nitrogen", "v": 1.0182708341479498}]}, {"source": 73, "prod": 0.34778429197697142, "target": 38, "value": 0.0044080352388885524, "supply": [{"l": "Potash", "v": 0.032817777804032}, {"l": "Phosphate", "v": 0.092162500073729989}, {"l": "Nitrogen", "v": 1.0182708341479498}]}, {"source": 73, "prod": 4.0924206412084718, "target": 2, "value": 0.051869894112400915, "supply": [{"l": "Potash", "v": 0.032817777804032}, {"l": "Phosphate", "v": 0.092162500073729989}, {"l": "Nitrogen", "v": 1.0182708341479498}]}, {"source": 73, "prod": 0.080990862515185127, "target": 47, "value": 0.0010265287542617176, "supply": [{"l": "Potash", "v": 0.032817777804032}, {"l": "Phosphate", "v": 0.092162500073729989}, {"l": "Nitrogen", "v": 1.0182708341479498}]}, {"source": 73, "prod": 0.77179527808588189, "target": 49, "value": 0.0097822151876704871, "supply": [{"l": "Potash", "v": 0.032817777804032}, {"l": "Phosphate", "v": 0.092162500073729989}, {"l": "Nitrogen", "v": 1.0182708341479498}]}, {"source": 73, "prod": 0.57170020598954208, "target": 53, "value": 0.0072460853242003603, "supply": [{"l": "Potash", "v": 0.032817777804032}, {"l": "Phosphate", "v": 0.092162500073729989}, {"l": "Nitrogen", "v": 1.0182708341479498}]}, {"source": 73, "prod": 0.014292505149738552, "target": 58, "value": 0.00018115213310500899, "supply": [{"l": "Potash", "v": 0.032817777804032}, {"l": "Phosphate", "v": 0.092162500073729989}, {"l": "Nitrogen", "v": 1.0182708341479498}]}, {"source": 73, "prod": 0.090519199281677509, "target": 56, "value": 0.0011472968429983904, "supply": [{"l": "Potash", "v": 0.032817777804032}, {"l": "Phosphate", "v": 0.092162500073729989}, {"l": "Nitrogen", "v": 1.0182708341479498}]}, {"source": 73, "prod": 0.2667934294617863, "target": 55, "value": 0.0033815064846268346, "supply": [{"l": "Potash", "v": 0.032817777804032}, {"l": "Phosphate", "v": 0.092162500073729989}, {"l": "Nitrogen", "v": 1.0182708341479498}]}, {"source": 73, "prod": 0.22391591401257066, "target": 40, "value": 0.0028380500853118079, "supply": [{"l": "Potash", "v": 0.032817777804032}, {"l": "Phosphate", "v": 0.092162500073729989}, {"l": "Nitrogen", "v": 1.0182708341479498}]}, {"source": 71, "prod": 0, "target": 73, "value": 1.3769891204889986, "supply": [{"l": "Natural gas (including LNG)", "v": 0.93050930130060427}, {"l": "Fuel oil", "v": 0.2664788757181224}, {"l": "Liquefied petroleum gas (LPG)", "v": 0.090000471735135965}, {"l": "Coal", "v": 0.090000471735135965}]}, {"source": 74, "prod": 0, "target": 0, "value": 0.07050289293949577, "supply": "[{\"l\":'Labor',\"v\":0.07050289293949577}]"}, {"source": 74, "prod": 0, "target": 29, "value": 0.018561433352434965, "supply": "[{\"l\":'Labor',\"v\":0.018561433352434965}]"}, {"source": 74, "prod": 0, "target": 5, "value": 0.0040865707175114013, "supply": "[{\"l\":'Labor',\"v\":0.0040865707175114013}]"}, {"source": 74, "prod": 0, "target": 11, "value": 7.638449939273648e-05, "supply": "[{\"l\":'Labor',\"v\":7.638449939273648e-05}]"}, {"source": 74, "prod": 0, "target": 13, "value": 0.00068746049453462829, "supply": "[{\"l\":'Labor',\"v\":0.00068746049453462829}]"}, {"source": 74, "prod": 0, "target": 15, "value": 3.819224969636824e-05, "supply": "[{\"l\":'Labor',\"v\":3.819224969636824e-05}]"}, {"source": 74, "prod": 0, "target": 7, "value": 0.00011457674908910472, "supply": "[{\"l\":'Labor',\"v\":0.00011457674908910472}]"}, {"source": 74, "prod": 0, "target": 23, "value": 0.0023679194811748309, "supply": "[{\"l\":'Labor',\"v\":0.0023679194811748309}]"}, {"source": 74, "prod": 0, "target": 20, "value": 0.0071801429429172291, "supply": "[{\"l\":'Labor',\"v\":0.0071801429429172291}]"}, {"source": 74, "prod": 0, "target": 22, "value": 0.015009554130672719, "supply": "[{\"l\":'Labor',\"v\":0.015009554130672719}]"}, {"source": 74, "prod": 0, "target": 24, "value": 0.014207516887048985, "supply": "[{\"l\":'Labor',\"v\":0.014207516887048985}]"}, {"source": 74, "prod": 0, "target": 26, "value": 0.00022915349817820944, "supply": "[{\"l\":'Labor',\"v\":0.00022915349817820944}]"}, {"source": 74, "prod": 0, "target": 27, "value": 7.638449939273648e-05, "supply": "[{\"l\":'Labor',\"v\":7.638449939273648e-05}]"}, {"source": 74, "prod": 0, "target": 17, "value": 0.00019096124848184121, "supply": "[{\"l\":'Labor',\"v\":0.00019096124848184121}]"}, {"source": 74, "prod": 0, "target": 30, "value": 0.0019478047345147802, "supply": "[{\"l\":'Labor',\"v\":0.0019478047345147802}]"}, {"source": 74, "prod": 0, "target": 6, "value": 0.00049649924605278705, "supply": "[{\"l\":'Labor',\"v\":0.00049649924605278705}]"}, {"source": 74, "prod": 0, "target": 32, "value": 0.00038192249696368243, "supply": "[{\"l\":'Labor',\"v\":0.00038192249696368243}]"}, {"source": 74, "prod": 0, "target": 70, "value": 3.819224969636824e-05, "supply": "[{\"l\":'Labor',\"v\":3.819224969636824e-05}]"}, {"source": 74, "prod": 0, "target": 3, "value": 7.638449939273648e-05, "supply": "[{\"l\":'Labor',\"v\":7.638449939273648e-05}]"}, {"source": 74, "prod": 0, "target": 4, "value": 0.0071037584435244923, "supply": "[{\"l\":'Labor',\"v\":0.0071037584435244923}]"}, {"source": 74, "prod": 0, "target": 36, "value": 0.0053851072071879214, "supply": "[{\"l\":'Labor',\"v\":0.0053851072071879214}]"}, {"source": 74, "prod": 0, "target": 68, "value": 0.00030553799757094592, "supply": "[{\"l\":'Labor',\"v\":0.00030553799757094592}]"}, {"source": 74, "prod": 0, "target": 39, "value": 0.0069891816944353874, "supply": "[{\"l\":'Labor',\"v\":0.0069891816944353874}]"}, {"source": 74, "prod": 0, "target": 40, "value": 0.0017950357357293073, "supply": "[{\"l\":'Labor',\"v\":0.0017950357357293073}]"}, {"source": 74, "prod": 0, "target": 43, "value": 0.0064926824483826006, "supply": "[{\"l\":'Labor',\"v\":0.0064926824483826006}]"}, {"source": 74, "prod": 0, "target": 8, "value": 0.0070655661938281242, "supply": "[{\"l\":'Labor',\"v\":0.0070655661938281242}]"}, {"source": 74, "prod": 0, "target": 35, "value": 3.819224969636824e-05, "supply": "[{\"l\":'Labor',\"v\":3.819224969636824e-05}]"}, {"source": 74, "prod": 0, "target": 9, "value": 0.50112050826604759, "supply": "[{\"l\":'Labor',\"v\":0.50112050826604759}]"}, {"source": 74, "prod": 0, "target": 38, "value": 0.0027880342278348812, "supply": "[{\"l\":'Labor',\"v\":0.0027880342278348812}]"}, {"source": 74, "prod": 0, "target": 2, "value": 0.032807142489180319, "supply": "[{\"l\":'Labor',\"v\":0.032807142489180319}]"}, {"source": 74, "prod": 0, "target": 47, "value": 0.00064926824483826006, "supply": "[{\"l\":'Labor',\"v\":0.00064926824483826006}]"}, {"source": 74, "prod": 0, "target": 49, "value": 0.0061871444508116548, "supply": "[{\"l\":'Labor',\"v\":0.0061871444508116548}]"}, {"source": 74, "prod": 0, "target": 53, "value": 0.0045830699635641889, "supply": "[{\"l\":'Labor',\"v\":0.0045830699635641889}]"}, {"source": 74, "prod": 0, "target": 58, "value": 0.00011457674908910472, "supply": "[{\"l\":'Labor',\"v\":0.00011457674908910472}]"}, {"source": 74, "prod": 0, "target": 56, "value": 0.00072565274423099662, "supply": "[{\"l\":'Labor',\"v\":0.00072565274423099662}]"}, {"source": 74, "prod": 0, "target": 55, "value": 0.0021387659829966211, "supply": "[{\"l\":'Labor',\"v\":0.0021387659829966211}]"}, {"source": 74, "prod": 0, "target": 50, "value": 0.00053469149574915528, "supply": "[{\"l\":'Labor',\"v\":0.00053469149574915528}]"}, {"source": 71, "prod": 0, "target": 63, "value": 0.17710375589955851, "supply": "[{\"l\":'Fossil Fuels',\"v\":0.17710375589955851}]"}, {"source": 72, "prod": 0, "target": 63, "value": 0.40836787243071931, "supply": "[{\"l\":'Renewables & Nuclear',\"v\":0.0067488047601428928},{\"l\":'Biomass & Waste',\"v\":0.40161906767057642}]"}]}