{"nodes": [{"layer": 3, "name": "Cereals", "fill": "#e7ba52"}, {"layer": 5, "name": "Production", "fill": "#b5cf6b"}, {"layer": 3, "name": "Oilcrops", "fill": "#ff9896"}, {"layer": 3, "name": "Sugar Crops", "fill": "#ffbb78"}, {"layer": 3, "name": "Starchy Roots"}, {"layer": 3, "name": "Fruits & Vegetables"}, {"layer": 3, "name": "Others"}, {"layer": 1, "name": "Electricity", "fill": "#bcbd22"}, {"layer": 0, "name": "Fossil Fuels", "fill": "#c49c94"}, {"layer": 0, "name": "Renewables & Nuclear", "fill": "#2ca02c"}, {"layer": 1, "name": "Fertilizers", "fill": "#c5b0d5"}, {"layer": 0, "name": "Labor", "fill": "#7f7f7f"}], "links": [{"source": 0, "prod": 685.0, "target": 1, "value": 2.7702098549015051, "supply": [{"l": "Maize", "v": 2.4979769152533775}, {"l": "Rice", "v": 0.055636814078017023}, {"l": "Wheat", "v": 0.10339568134211025}, {"l": "Sorghum", "v": 0.11320044422800001}]}, {"source": 2, "prod": 102.0, "target": 1, "value": 0.47401117278176941, "supply": [{"l": "Coconuts - Incl Copra", "v": 0.0041414796668780484}, {"l": "Sesame seed", "v": 0.030872848425818184}, {"l": "Cottonseed", "v": 0.43899684468907318}]}, {"source": 3, "prod": 2683.0, "target": 1, "value": 1.0079097075123584, "supply": [{"l": "Sugar cane", "v": 1.0079097075123584}]}, {"source": 4, "prod": 26.0, "target": 1, "value": 0.024771353397355513, "supply": [{"l": "Potatoes", "v": 0.01681194716257426}, {"l": "Cassava", "v": 0.0079594062347812505}]}, {"source": 5, "prod": 743.0, "target": 1, "value": 0.62272588687694752, "supply": [{"l": "Plantains", "v": 0.039151673911626689}, {"l": "Fruits, Other", "v": 0.029195437816712522}, {"l": "Citrus, Other", "v": 0.015141460692917197}, {"l": "Tomatoes", "v": 0.01532584810823209}, {"l": "Vegetables, Other", "v": 0.031858312154809942}, {"l": "Grapes", "v": 0.0016069463691671926}, {"l": "Beans", "v": 0.20725006042451377}, {"l": "Pulses, Other", "v": 0.024490480722403847}, {"l": "Pineapples", "v": 0.0054423290494230768}, {"l": "Bananas", "v": 0.24454198528741025}, {"l": "Onions", "v": 0.0056891975836237119}, {"l": "Apples", "v": 0.0030321547561071431}]}, {"source": 6, "prod": 104.0, "target": 1, "value": 0.059571567499361877, "supply": [{"l": "Coffee", "v": 0.050201936135895658}, {"l": "Cocoa Beans", "v": 0.0022946035992162162}, {"l": "Spices, Other", "v": 0.0070750277642500003}]}, {"source": 7, "prod": 0, "target": 0, "value": 0.0025286037811618712, "supply": "[{\"l\":'Energy for power irrigation',\"v\":0.0025286037811618712}]"}, {"source": 7, "prod": 0, "target": 2, "value": 0.00034283318461520075, "supply": "[{\"l\":'Energy for power irrigation',\"v\":0.00034283318461520075}]"}, {"source": 7, "prod": 0, "target": 3, "value": 0.0089755400089257687, "supply": "[{\"l\":'Energy for power irrigation',\"v\":0.0089755400089257687}]"}, {"source": 7, "prod": 0, "target": 4, "value": 9.6996705891129977e-05, "supply": "[{\"l\":'Energy for power irrigation',\"v\":9.6996705891129977e-05}]"}, {"source": 7, "prod": 0, "target": 5, "value": 0.0025185696391731337, "supply": "[{\"l\":'Energy for power irrigation',\"v\":0.0025185696391731337}]"}, {"source": 7, "prod": 0, "target": 6, "value": 0.00034785025560956956, "supply": "[{\"l\":'Energy for power irrigation',\"v\":0.00034785025560956956}]"}, {"source": 8, "prod": 0, "target": 7, "value": 0.025818754746982871, "supply": [{"l": "Coal", "v": 0.0}, {"l": "Natural gas", "v": 0.0}, {"l": "Oil", "v": 0.025818754746982871}]}, {"source": 9, "prod": 0, "target": 7, "value": 0.0049992667715231835, "supply": [{"l": "Nuclear", "v": 0.0}, {"l": "Hydroelectric", "v": 0.0043776586087067608}, {"l": "Renewable", "v": 0.00062160816281642262}]}, {"source": 8, "prod": 0, "target": 0, "value": 0.059175925973266659, "supply": [{"l": "Motor Gasoline", "v": 0.010504742555829269}, {"l": "Gas-Diesel oil", "v": 0.04418473354934959}, {"l": "Liquefied petroleum gas (LPG)", "v": 0.0044864498680878039}]}, {"source": 8, "prod": 0, "target": 2, "value": 0.008023191021507713, "supply": [{"l": "Motor Gasoline", "v": 0.0014242541163657406}, {"l": "Gas-Diesel oil", "v": 0.0059906550116512339}, {"l": "Liquefied petroleum gas (LPG)", "v": 0.00060828189349074061}]}, {"source": 8, "prod": 0, "target": 3, "value": 0.21005105469478977, "supply": [{"l": "Motor Gasoline", "v": 0.037287667524560635}, {"l": "Gas-Diesel oil", "v": 0.15683827047576671}, {"l": "Liquefied petroleum gas (LPG)", "v": 0.015925116694462463}]}, {"source": 8, "prod": 0, "target": 4, "value": 0.0022699759963290119, "supply": [{"l": "Motor Gasoline", "v": 0.00040295970121567297}, {"l": "Gas-Diesel oil", "v": 0.0016949170276866906}, {"l": "Liquefied petroleum gas (LPG)", "v": 0.00017209926742664855}]}, {"source": 8, "prod": 0, "target": 5, "value": 0.058941100870198139, "supply": [{"l": "Motor Gasoline", "v": 0.010463057069496613}, {"l": "Gas-Diesel oil", "v": 0.04400939730510614}, {"l": "Liquefied petroleum gas (LPG)", "v": 0.0044686464955953917}]}, {"source": 8, "prod": 0, "target": 6, "value": 0.008140603573041973, "supply": [{"l": "Motor Gasoline", "v": 0.0014450968595320687}, {"l": "Gas-Diesel oil", "v": 0.0060783231337729589}, {"l": "Liquefied petroleum gas (LPG)", "v": 0.00061718357973694659}]}, {"source": 10, "prod": 4.2966341463414635, "target": 0, "value": 0.050558064403590085, "supply": [{"l": "Potash", "v": 0.0030510277802185998}, {"l": "Phosphate", "v": 0.043699333368292799}, {"l": "Nitrogen", "v": 0.24937544464394476}]}, {"source": 10, "prod": 0.58254629629629628, "target": 2, "value": 0.0068547640229735226, "supply": [{"l": "Potash", "v": 0.0030510277802185998}, {"l": "Phosphate", "v": 0.043699333368292799}, {"l": "Nitrogen", "v": 0.24937544464394476}]}, {"source": 10, "prod": 15.25134620596206, "target": 3, "value": 0.17946106590877511, "supply": [{"l": "Potash", "v": 0.0030510277802185998}, {"l": "Phosphate", "v": 0.043699333368292799}, {"l": "Nitrogen", "v": 0.24937544464394476}]}, {"source": 10, "prod": 0.16481797651309849, "target": 4, "value": 0.0019393966504022649, "supply": [{"l": "Potash", "v": 0.0030510277802185998}, {"l": "Phosphate", "v": 0.043699333368292799}, {"l": "Nitrogen", "v": 0.24937544464394476}]}, {"source": 10, "prod": 4.2795840108401091, "target": 5, "value": 0.050357437163893293, "supply": [{"l": "Potash", "v": 0.0030510277802185998}, {"l": "Phosphate", "v": 0.043699333368292799}, {"l": "Nitrogen", "v": 0.24937544464394476}]}, {"source": 10, "prod": 0.5910713640469738, "target": 6, "value": 0.006955077642821916, "supply": [{"l": "Potash", "v": 0.0030510277802185998}, {"l": "Phosphate", "v": 0.043699333368292799}, {"l": "Nitrogen", "v": 0.24937544464394476}]}, {"source": 8, "prod": 0, "target": 10, "value": 0.35000064022174837, "supply": [{"l": "Natural gas (including LNG)", "v": 0.24023368123071168}, {"l": "Fuel oil", "v": 0.065684565772154951}, {"l": "Liquefied petroleum gas (LPG)", "v": 0.022041196609440868}, {"l": "Coal", "v": 0.022041196609440868}]}, {"source": 11, "prod": 0, "target": 0, "value": 0.078884051062843533, "supply": "[{\"l\":'Labor',\"v\":0.078884051062843533}]"}, {"source": 11, "prod": 0, "target": 2, "value": 0.010695258245954313, "supply": "[{\"l\":'Labor',\"v\":0.010695258245954313}]"}, {"source": 11, "prod": 0, "target": 3, "value": 0.28000707807822828, "supply": "[{\"l\":'Labor',\"v\":0.28000707807822828}]"}, {"source": 11, "prod": 0, "target": 4, "value": 0.0030259755037334158, "supply": "[{\"l\":'Labor',\"v\":0.0030259755037334158}]"}, {"source": 11, "prod": 0, "target": 5, "value": 0.078571019114181448, "supply": "[{\"l\":'Labor',\"v\":0.078571019114181448}]"}, {"source": 11, "prod": 0, "target": 6, "value": 0.010851774220285352, "supply": "[{\"l\":'Labor',\"v\":0.010851774220285352}]"}]}