{"nodes": [{"layer": 3, "name": "Cereals", "fill": "#e7ba52"}, {"layer": 5, "name": "Production", "fill": "#b5cf6b"}, {"layer": 3, "name": "Oilcrops", "fill": "#ff9896"}, {"layer": 3, "name": "Fruits, Roots & Vegetables", "fill": "#98df8a"}, {"layer": 3, "name": "Sugar Crops", "fill": "#ffbb78"}, {"layer": 1, "name": "Electricity", "fill": "#bcbd22"}, {"layer": 0, "name": "Fossil Fuels", "fill": "#c49c94"}, {"layer": 0, "name": "Renewables & Nuclear", "fill": "#2ca02c"}, {"layer": 1, "name": "Fertilizers", "fill": "#c5b0d5"}, {"layer": 0, "name": "Labor", "fill": "#7f7f7f"}], "links": [{"source": 0, "prod": 1136.0, "target": 1, "value": 4.5525681456656573, "supply": [{"l": "Maize", "v": 3.7924322312547445}, {"l": "Barley", "v": 0.0034782897042398399}, {"l": "Rice", "v": 0.11973123908730772}, {"l": "Wheat", "v": 0.28018171642968193}, {"l": "Sorghum", "v": 0.35674466918968278}]}, {"source": 2, "prod": 135.0, "target": 1, "value": 0.69765105016614648, "supply": [{"l": "Coconuts - Incl Copra", "v": 0.0070750277642500003}, {"l": "Sesame seed", "v": 0.17268843277638776}, {"l": "Cottonseed", "v": 0.46068760063667435}, {"l": "Groundnuts", "v": 0.0084900333171}, {"l": "Soyabeans", "v": 0.0097961922889615374}, {"l": "Palm kernels", "v": 0.0049536301143728416}, {"l": "Oil Palm", "v": 0.0339601332684}]}, {"source": 3, "prod": 1517.0, "target": 1, "value": 1.2773105145529751, "supply": [{"l": "Plantains", "v": 0.051523484634309155}, {"l": "Nuts", "v": 0.0047166851761666672}, {"l": "Citrus, Other", "v": 0.010459999980000001}, {"l": "Tomatoes", "v": 0.022217793201765031}, {"l": "Coffee", "v": 0.11397182715289267}, {"l": "Treenuts", "v": 0.0047166851761666672}, {"l": "Vegetables, Other", "v": 0.066612300149387002}, {"l": "Grapes", "v": 0.0034795218512704918}, {"l": "Cocoa Beans", "v": 0.0084900333171}, {"l": "Potatoes", "v": 0.041692127896473224}, {"l": "Beans", "v": 0.35862037805631286}, {"l": "Pulses, Other", "v": 0.094854165335875873}, {"l": "Lemons, Limes", "v": 0.01641612447573931}, {"l": "Pineapples", "v": 0.013310645454775425}, {"l": "Bananas", "v": 0.32069899435536237}, {"l": "Spices, Other", "v": 0.046611947623294119}, {"l": "Fruits, Other", "v": 0.047043972187938883}, {"l": "Oranges, Mandarines", "v": 0.022975605626172686}, {"l": "Cassava", "v": 0.011695454059270409}, {"l": "Onions", "v": 0.011596143067258537}, {"l": "Apples", "v": 0.0056066257754433958}]}, {"source": 4, "prod": 6560.0, "target": 1, "value": 2.2457507483941934, "supply": [{"l": "Sugar cane", "v": 2.2457507483941934}]}, {"source": 5, "prod": 0, "target": 3, "value": 0.015655292818218425, "supply": "[{\"l\":'Energy for power irrigation',\"v\":0.015655292818218425}]"}, {"source": 5, "prod": 0, "target": 4, "value": 0.066844483263209867, "supply": "[{\"l\":'Energy for power irrigation',\"v\":0.066844483263209867}]"}, {"source": 5, "prod": 0, "target": 0, "value": 0.012588424521255361, "supply": "[{\"l\":'Energy for power irrigation',\"v\":0.012588424521255361}]"}, {"source": 5, "prod": 0, "target": 2, "value": 0.0014060725082422013, "supply": "[{\"l\":'Energy for power irrigation',\"v\":0.0014060725082422013}]"}, {"source": 6, "prod": 0, "target": 5, "value": 0.15775086381519915, "supply": [{"l": "Coal", "v": 0.0}, {"l": "Natural gas", "v": 0.0}, {"l": "Oil", "v": 0.15775086381519915}]}, {"source": 7, "prod": 0, "target": 5, "value": 0.036548944861150172, "supply": [{"l": "Nuclear", "v": 0.0}, {"l": "Hydroelectric", "v": 0.031363800434481809}, {"l": "Renewable", "v": 0.0051851444266683656}]}, {"source": 6, "prod": 0, "target": 3, "value": 0.058364568775707865, "supply": [{"l": "Motor Gasoline", "v": 0.0099823061750895399}, {"l": "Gas-Diesel oil", "v": 0.041987277290256232}, {"l": "Liquefied petroleum gas (LPG)", "v": 0.0063949853103621038}]}, {"source": 6, "prod": 0, "target": 4, "value": 0.24920322385488544, "supply": [{"l": "Motor Gasoline", "v": 0.042622141009876297}, {"l": "Gas-Diesel oil", "v": 0.17927597309646989}, {"l": "Liquefied petroleum gas (LPG)", "v": 0.027305109748539266}]}, {"source": 6, "prod": 0, "target": 0, "value": 0.046930963047437081, "supply": [{"l": "Motor Gasoline", "v": 0.0080267746692633431}, {"l": "Gas-Diesel oil", "v": 0.033761979233395099}, {"l": "Liquefied petroleum gas (LPG)", "v": 0.0051422091447786396}]}, {"source": 6, "prod": 0, "target": 2, "value": 0.0052419853505028865, "supply": [{"l": "Motor Gasoline", "v": 0.00089655597277081458}, {"l": "Gas-Diesel oil", "v": 0.003771066883212079}, {"l": "Liquefied petroleum gas (LPG)", "v": 0.00057436249451999367}]}, {"source": 8, "prod": 14.634105907819018, "target": 3, "value": 0.18548179437490167, "supply": [{"l": "Potash", "v": 0.032817777804032}, {"l": "Phosphate", "v": 0.092162500073729989}, {"l": "Nitrogen", "v": 1.0182708341479498}]}, {"source": 8, "prod": 62.484251095507105, "target": 4, "value": 0.79196440741720953, "supply": [{"l": "Potash", "v": 0.032817777804032}, {"l": "Phosphate", "v": 0.092162500073729989}, {"l": "Nitrogen", "v": 1.0182708341479498}]}, {"source": 8, "prod": 11.767287893986591, "target": 0, "value": 0.14914595310783665, "supply": [{"l": "Potash", "v": 0.032817777804032}, {"l": "Phosphate", "v": 0.092162500073729989}, {"l": "Nitrogen", "v": 1.0182708341479498}]}, {"source": 8, "prod": 1.3143551026872922, "target": 2, "value": 0.01665895712576403, "supply": [{"l": "Potash", "v": 0.032817777804032}, {"l": "Phosphate", "v": 0.092162500073729989}, {"l": "Nitrogen", "v": 1.0182708341479498}]}, {"source": 6, "prod": 0, "target": 8, "value": 1.3769891204889986, "supply": [{"l": "Natural gas (including LNG)", "v": 0.93050930130060427}, {"l": "Fuel oil", "v": 0.2664788757181224}, {"l": "Liquefied petroleum gas (LPG)", "v": 0.090000471735135965}, {"l": "Coal", "v": 0.090000471735135965}]}, {"source": 9, "prod": 0, "target": 3, "value": 0.11731521263606026, "supply": "[{\"l\":'Labor',\"v\":0.11731521263606026}]"}, {"source": 9, "prod": 0, "target": 4, "value": 0.50090885291173015, "supply": "[{\"l\":'Labor',\"v\":0.50090885291173015}]"}, {"source": 9, "prod": 0, "target": 0, "value": 0.094333189203939127, "supply": "[{\"l\":'Labor',\"v\":0.094333189203939127}]"}, {"source": 9, "prod": 0, "target": 2, "value": 0.010536608749610359, "supply": "[{\"l\":'Labor',\"v\":0.010536608749610359}]"}]}