{"nodes": [{"layer": 5, "name": "Maize"}, {"layer": 10, "name": "Feed", "fill": "#dbdb8d"}, {"layer": 5, "name": "Bananas"}, {"layer": 5, "name": "Cassava"}, {"layer": 16, "name": "Food", "fill": "#b5cf6b"}, {"layer": 5, "name": "Roots, Other"}, {"layer": 5, "name": "Plantains"}, {"layer": 5, "name": "Fruits, Other"}, {"layer": 5, "name": "Yams"}, {"layer": 13, "name": "Sugar", "fill": "#d6616b"}, {"layer": 13, "name": "Oilcrops Oil, Other"}, {"layer": 13, "name": "Beer"}, {"layer": 5, "name": "Grapefruit"}, {"layer": 13, "name": "Beverages, Alcoholic"}, {"layer": 5, "name": "Apples"}, {"layer": 13, "name": "Honey"}, {"layer": 5, "name": "Rice"}, {"layer": 13, "name": "Butter, Ghee"}, {"layer": 5, "name": "Tomatoes"}, {"layer": 13, "name": "Fats, Animals, Raw"}, {"layer": 5, "name": "Coffee"}, {"layer": 5, "name": "Wheat"}, {"layer": 5, "name": "Coconuts - Incl Copra"}, {"layer": 13, "name": "Eggs"}, {"layer": 5, "name": "Vegetables, Other"}, {"layer": 5, "name": "Peas"}, {"layer": 13, "name": "Marine Fish, Other"}, {"layer": 5, "name": "Grapes"}, {"layer": 5, "name": "Pimento"}, {"layer": 5, "name": "Oats"}, {"layer": 13, "name": "Pigmeat"}, {"layer": 5, "name": "Cocoa Beans"}, {"layer": 5, "name": "Potatoes"}, {"layer": 13, "name": "Coconut Oil"}, {"layer": 13, "name": "Milk - Excluding Butter"}, {"layer": 5, "name": "Pineapples"}, {"layer": 5, "name": "Beans"}, {"layer": 5, "name": "Pulses, Other"}, {"layer": 13, "name": "Fish, Seafood"}, {"layer": 13, "name": "Meat, Other"}, {"layer": 5, "name": "Lemons, Limes"}, {"layer": 5, "name": "Cereals, Other"}, {"layer": 13, "name": "Mutton & Goat Meat"}, {"layer": 13, "name": "Sweeteners, Other"}, {"layer": 13, "name": "Pelagic Fish"}, {"layer": 13, "name": "Bovine Meat"}, {"layer": 13, "name": "Poultry Meat"}, {"layer": 13, "name": "Offals, Edible"}, {"layer": 5, "name": "Sweet potatoes"}, {"layer": 13, "name": "Demersal Fish"}, {"layer": 5, "name": "Oranges, Mandarines"}, {"layer": 5, "name": "Onions"}, {"layer": 5, "name": "Sugar cane"}, {"layer": 10, "name": "Processing", "fill": "#9edae5"}, {"layer": 5, "name": "Barley"}, {"layer": 13, "name": "Cottonseed Oil"}, {"layer": 16, "name": "Biofuels & Other", "fill": "#e7ba52"}, {"name": "Waste", "fill": "#c7c7c7"}, {"layer": 2, "name": "Import", "fill": "#aec7e8"}, {"layer": 16, "name": "Export", "fill": "#aec7e8"}, {"layer": 5, "name": "Spices, Other"}, {"layer": 16, "name": "Stock Deposit", "fill": "#c7c7c7"}, {"layer": 0, "name": "Stock Draw", "fill": "#c7c7c7"}, {"name": "Crop Residue", "fill": "#bd9e39"}, {"layer": 2, "name": "Electricity", "fill": "#bcbd22"}, {"layer": 0, "name": "Fossil Fuels", "fill": "#c49c94"}, {"layer": 0, "name": "Renewables & Nuclear", "fill": "#2ca02c"}, {"layer": 2, "name": "Fertilizers", "fill": "#c5b0d5"}, {"layer": 0, "name": "Labor", "fill": "#7f7f7f"}], "links": [{"source": 0, "prod": 15.0, "target": 1, "value": 0.051153977719937058, "supply": [{"l": "Maize", "v": 0.051153977719937058}]}, {"source": 2, "prod": 3.0, "target": 1, "value": 0.0024930781015055931, "supply": [{"l": "Bananas", "v": 0.0024930781015055931}]}, {"source": 3, "prod": 5.0, "target": 1, "value": 0.0057992030854508193, "supply": [{"l": "Cassava", "v": 0.0057992030854508193}]}, {"source": 0, "prod": 15.0, "target": 4, "value": 0.051153977719937058, "supply": [{"l": "Maize", "v": 0.051153977719937058}]}, {"source": 5, "prod": 15.0, "target": 4, "value": 0.014250055920927564, "supply": [{"l": "Roots, Other", "v": 0.014250055920927564}]}, {"source": 6, "prod": 3.0, "target": 4, "value": 0.0034795218512704918, "supply": [{"l": "Plantains", "v": 0.0034795218512704918}]}, {"source": 7, "prod": 99.0, "target": 4, "value": 0.04546135059582098, "supply": [{"l": "Fruits, Other", "v": 0.04546135059582098}]}, {"source": 8, "prod": 53.0, "target": 4, "value": 0.055404177486965397, "supply": [{"l": "Yams", "v": 0.055404177486965397}]}, {"source": 9, "prod": 75.0, "target": 4, "value": 0.29479282351041669, "supply": [{"l": "Sugar", "v": 0.29479282351041669}]}, {"source": 10, "prod": 2.0, "target": 4, "value": 0.02491640212627174, "supply": [{"l": "Oilcrops Oil, Other", "v": 0.02491640212627174}]}, {"source": 11, "prod": 28.0, "target": 4, "value": 0.013506871186295453, "supply": [{"l": "Beer", "v": 0.013506871186295453}]}, {"source": 12, "prod": 6.0, "target": 4, "value": 0.0015436424212909091, "supply": [{"l": "Grapefruit", "v": 0.0015436424212909091}]}, {"source": 13, "prod": 3.0, "target": 4, "value": 0.010612541646375, "supply": [{"l": "Beverages, Alcoholic", "v": 0.010612541646375}]}, {"source": 14, "prod": 1.0, "target": 4, "value": 0.0010612541646375, "supply": [{"l": "Apples", "v": 0.0010612541646375}]}, {"source": 15, "prod": 1.0, "target": 4, "value": 0.0034419053988243241, "supply": [{"l": "Honey", "v": 0.0034419053988243241}]}, {"source": 16, "prod": 33.0, "target": 4, "value": 0.13388305778936582, "supply": [{"l": "Rice", "v": 0.13388305778936582}]}, {"source": 17, "prod": 3.0, "target": 4, "value": 0.024601801089323871, "supply": [{"l": "Butter, Ghee", "v": 0.024601801089323871}]}, {"source": 18, "prod": 4.0, "target": 4, "value": 0.00073826376670434787, "supply": [{"l": "Tomatoes", "v": 0.00073826376670434787}]}, {"source": 19, "prod": 2.0, "target": 4, "value": 0.017256165278658538, "supply": [{"l": "Fats, Animals, Raw", "v": 0.017256165278658538}]}, {"source": 20, "prod": 1.0, "target": 4, "value": 0.00051144779018674703, "supply": [{"l": "Coffee", "v": 0.00051144779018674703}]}, {"source": 21, "prod": 126.0, "target": 4, "value": 0.4278080858654284, "supply": [{"l": "Wheat", "v": 0.4278080858654284}]}, {"source": 22, "prod": 29.0, "target": 4, "value": 0.0424501665855, "supply": [{"l": "Coconuts - Incl Copra", "v": 0.0424501665855}]}, {"source": 23, "prod": 4.0, "target": 4, "value": 0.0066588496604705893, "supply": [{"l": "Eggs", "v": 0.0066588496604705893}]}, {"source": 24, "prod": 33.0, "target": 4, "value": 0.0097074208236564499, "supply": [{"l": "Vegetables, Other", "v": 0.0097074208236564499}]}, {"source": 25, "prod": 1.0, "target": 4, "value": 0.00424501665855, "supply": [{"l": "Peas", "v": 0.00424501665855}]}, {"source": 26, "prod": 9.0, "target": 4, "value": 0.0065122414648210239, "supply": [{"l": "Marine Fish, Other", "v": 0.0065122414648210239}]}, {"source": 27, "prod": 2.0, "target": 4, "value": 0.0014765275334086957, "supply": [{"l": "Grapes", "v": 0.0014765275334086957}]}, {"source": 28, "prod": 1.0, "target": 4, "value": 0.0035375138821250002, "supply": [{"l": "Pimento", "v": 0.0035375138821250002}]}, {"source": 29, "prod": 3.0, "target": 4, "value": 0.0064030977531201131, "supply": [{"l": "Oats", "v": 0.0064030977531201131}]}, {"source": 30, "prod": 7.0, "target": 4, "value": 0.022801203339241339, "supply": [{"l": "Pigmeat", "v": 0.022801203339241339}]}, {"source": 31, "prod": 1.0, "target": 4, "value": 0.0015436424212909091, "supply": [{"l": "Cocoa Beans", "v": 0.0015436424212909091}]}, {"source": 32, "prod": 10.0, "target": 4, "value": 0.0079278749141001702, "supply": [{"l": "Potatoes", "v": 0.0079278749141001702}]}, {"source": 33, "prod": 11.0, "target": 4, "value": 0.11317773145829134, "supply": [{"l": "Coconut Oil", "v": 0.11317773145829134}]}, {"source": 34, "prod": 99.0, "target": 4, "value": 0.052979797750262694, "supply": [{"l": "Milk - Excluding Butter", "v": 0.052979797750262694}]}, {"source": 35, "prod": 1.0, "target": 4, "value": 0.00037566519102212397, "supply": [{"l": "Pineapples", "v": 0.00037566519102212397}]}, {"source": 36, "prod": 3.0, "target": 4, "value": 0.0117193711432362, "supply": [{"l": "Beans", "v": 0.0117193711432362}]}, {"source": 37, "prod": 1.0, "target": 4, "value": 0.0041617810377941175, "supply": [{"l": "Pulses, Other", "v": 0.0041617810377941175}]}, {"source": 38, "prod": 55.0, "target": 4, "value": 0.042369077442070198, "supply": [{"l": "Fish, Seafood", "v": 0.042369077442070198}]}, {"source": 39, "prod": 1.0, "target": 4, "value": 0.0020963045227407411, "supply": [{"l": "Meat, Other", "v": 0.0020963045227407411}]}, {"source": 40, "prod": 13.0, "target": 4, "value": 0.004605164108023644, "supply": [{"l": "Lemons, Limes", "v": 0.004605164108023644}]}, {"source": 41, "prod": 1.0, "target": 4, "value": 0.00268671940414557, "supply": [{"l": "Cereals, Other", "v": 0.00268671940414557}]}, {"source": 42, "prod": 3.0, "target": 4, "value": 0.0061058458787363011, "supply": [{"l": "Mutton & Goat Meat", "v": 0.0061058458787363011}]}, {"source": 43, "prod": 1.0, "target": 4, "value": 0.0039305709801388897, "supply": [{"l": "Sweeteners, Other", "v": 0.0039305709801388897}]}, {"source": 44, "prod": 12.0, "target": 4, "value": 0.011253357857717233, "supply": [{"l": "Pelagic Fish", "v": 0.011253357857717233}]}, {"source": 2, "prod": 44.0, "target": 4, "value": 0.036565145488748702, "supply": [{"l": "Bananas", "v": 0.036565145488748702}]}, {"source": 45, "prod": 17.0, "target": 4, "value": 0.040091823997416662, "supply": [{"l": "Bovine Meat", "v": 0.040091823997416662}]}, {"source": 46, "prod": 8.0, "target": 4, "value": 0.011630182626164385, "supply": [{"l": "Poultry Meat", "v": 0.011630182626164385}]}, {"source": 47, "prod": 5.0, "target": 4, "value": 0.0065644587503350515, "supply": [{"l": "Offals, Edible", "v": 0.0065644587503350515}]}, {"source": 48, "prod": 12.0, "target": 4, "value": 0.013728564512757448, "supply": [{"l": "Sweet potatoes", "v": 0.013728564512757448}]}, {"source": 49, "prod": 34.0, "target": 4, "value": 0.023955280728746892, "supply": [{"l": "Demersal Fish", "v": 0.023955280728746892}]}, {"source": 50, "prod": 34.0, "target": 4, "value": 0.011885172734180136, "supply": [{"l": "Oranges, Mandarines", "v": 0.011885172734180136}]}, {"source": 51, "prod": 4.0, "target": 4, "value": 0.0022440616697180617, "supply": [{"l": "Onions", "v": 0.0022440616697180617}]}, {"source": 3, "prod": 3.0, "target": 4, "value": 0.0034795218512704918, "supply": [{"l": "Cassava", "v": 0.0034795218512704918}]}, {"source": 52, "prod": 4775.0, "target": 53, "value": 1.3423810956673015, "supply": [{"l": "Sugar cane", "v": 1.3423810956673015}]}, {"source": 54, "prod": 6.0, "target": 53, "value": 0.017897908073886484, "supply": [{"l": "Barley", "v": 0.017897908073886484}]}, {"source": 22, "prod": 113.0, "target": 53, "value": 0.16540926979867243, "supply": [{"l": "Coconuts - Incl Copra", "v": 0.16540926979867243}]}, {"source": 55, "prod": 3.0, "target": 56, "value": 0.034120628611743538, "supply": [{"l": "Cottonseed Oil", "v": 0.034120628611743538}]}, {"source": 19, "prod": 5.0, "target": 56, "value": 0.043140413196646347, "supply": [{"l": "Fats, Animals, Raw", "v": 0.043140413196646347}]}, {"source": 10, "prod": 1.0, "target": 56, "value": 0.01245820106313587, "supply": [{"l": "Oilcrops Oil, Other", "v": 0.01245820106313587}]}, {"source": 3, "prod": 1.0, "target": 56, "value": 0.0011598406170901638, "supply": [{"l": "Cassava", "v": 0.0011598406170901638}]}, {"source": 22, "prod": 20.0, "target": 56, "value": 0.029275976955517247, "supply": [{"l": "Coconuts - Incl Copra", "v": 0.029275976955517247}]}, {"source": 32, "prod": 2.0, "target": 32, "value": 0.0015855749828200341, "supply": [{"l": "Potatoes", "v": 0.0015855749828200341}]}, {"source": 0, "prod": 2.0, "target": 57, "value": 0.0068205303626582749, "supply": [{"l": "Maize", "v": 0.0068205303626582749}]}, {"source": 5, "prod": 1.0, "target": 57, "value": 0.00095000372806183753, "supply": [{"l": "Roots, Other", "v": 0.00095000372806183753}]}, {"source": 21, "prod": 3.0, "target": 57, "value": 0.010185906806319724, "supply": [{"l": "Wheat", "v": 0.010185906806319724}]}, {"source": 2, "prod": 9.0, "target": 57, "value": 0.0074792343045167794, "supply": [{"l": "Bananas", "v": 0.0074792343045167794}]}, {"source": 32, "prod": 2.0, "target": 57, "value": 0.0015855749828200341, "supply": [{"l": "Potatoes", "v": 0.0015855749828200341}]}, {"source": 24, "prod": 3.0, "target": 57, "value": 0.00088249280215058632, "supply": [{"l": "Vegetables, Other", "v": 0.00088249280215058632}]}, {"source": 7, "prod": 11.0, "target": 57, "value": 0.005051261177313443, "supply": [{"l": "Fruits, Other", "v": 0.005051261177313443}]}, {"source": 8, "prod": 5.0, "target": 57, "value": 0.0052268091968835284, "supply": [{"l": "Yams", "v": 0.0052268091968835284}]}, {"source": 34, "prod": 1.0, "target": 57, "value": 0.00053514947222487569, "supply": [{"l": "Milk - Excluding Butter", "v": 0.00053514947222487569}]}, {"source": 48, "prod": 2.0, "target": 57, "value": 0.0022880940854595748, "supply": [{"l": "Sweet potatoes", "v": 0.0022880940854595748}]}, {"source": 12, "prod": 6.0, "target": 57, "value": 0.0015436424212909091, "supply": [{"l": "Grapefruit", "v": 0.0015436424212909091}]}, {"source": 50, "prod": 9.0, "target": 57, "value": 0.0031460751355182714, "supply": [{"l": "Oranges, Mandarines", "v": 0.0031460751355182714}]}, {"source": 16, "prod": 1.0, "target": 57, "value": 0.0040570623572535099, "supply": [{"l": "Rice", "v": 0.0040570623572535099}]}, {"source": 58, "prod": 2.0, "target": 32, "value": 0.0015855749828200341, "supply": [{"l": "Potatoes", "v": 0.0015855749828200341}]}, {"source": 58, "prod": 2.0, "target": 41, "value": 0.0053734388082911401, "supply": [{"l": "Cereals, Other", "v": 0.0053734388082911401}]}, {"source": 58, "prod": 35.0, "target": 16, "value": 0.14199718250387286, "supply": [{"l": "Rice", "v": 0.14199718250387286}]}, {"source": 58, "prod": 129.0, "target": 21, "value": 0.43799399267174816, "supply": [{"l": "Wheat", "v": 0.43799399267174816}]}, {"source": 58, "prod": 184.0, "target": 1, "value": 0.14928974731575947, "supply": [{"l": "Pigmeat", "v": 0.01302925905099505}, {"l": "Milk - Excluding Butter", "v": 0.040136210416865679}, {"l": "Fish, Seafood", "v": 0.035435955678822351}, {"l": "Meat, Other", "v": 0.0020963045227407411}, {"l": "Mutton & Goat Meat", "v": 0.002035281959578767}, {"l": "Pelagic Fish", "v": 0.011253357857717233}, {"l": "Bovine Meat", "v": 0.014150055528500001}, {"l": "Eggs", "v": 0.0016647124151176473}, {"l": "Poultry Meat", "v": 0.0029075456565410963}, {"l": "Offals, Edible", "v": 0.0026257835001340206}, {"l": "Demersal Fish", "v": 0.023955280728746892}]}, {"source": 58, "prod": 3.0, "target": 36, "value": 0.0117193711432362, "supply": [{"l": "Beans", "v": 0.0117193711432362}]}, {"source": 58, "prod": 6.0, "target": 54, "value": 0.017897908073886484, "supply": [{"l": "Barley", "v": 0.017897908073886484}]}, {"source": 58, "prod": 3.0, "target": 29, "value": 0.0064030977531201131, "supply": [{"l": "Oats", "v": 0.0064030977531201131}]}, {"source": 58, "prod": 2.0, "target": 27, "value": 0.0014765275334086957, "supply": [{"l": "Grapes", "v": 0.0014765275334086957}]}, {"source": 58, "prod": 1.0, "target": 12, "value": 0.00025727373688181818, "supply": [{"l": "Grapefruit", "v": 0.00025727373688181818}]}, {"source": 58, "prod": 1.0, "target": 14, "value": 0.0010612541646375, "supply": [{"l": "Apples", "v": 0.0010612541646375}]}, {"source": 58, "prod": 28.0, "target": 0, "value": 0.095487425077215846, "supply": [{"l": "Maize", "v": 0.095487425077215846}]}, {"source": 58, "prod": 4.0, "target": 7, "value": 0.0018368222462957972, "supply": [{"l": "Fruits, Other", "v": 0.0018368222462957972}]}, {"source": 58, "prod": 4.0, "target": 51, "value": 0.0022440616697180617, "supply": [{"l": "Onions", "v": 0.0022440616697180617}]}, {"source": 58, "prod": 1.0, "target": 24, "value": 0.00029416426738352875, "supply": [{"l": "Vegetables, Other", "v": 0.00029416426738352875}]}, {"source": 58, "prod": 17.0, "target": 53, "value": 0.13521210639955622, "supply": [{"l": "Beer", "v": 0.00096477651330681815}, {"l": "Oilcrops Oil, Other", "v": 0.02491640212627174}, {"l": "Sweeteners, Other", "v": 0.0039305709801388897}, {"l": "Fats, Animals, Raw", "v": 0.043140413196646347}, {"l": "Butter, Ghee", "v": 0.024601801089323871}, {"l": "Cottonseed Oil", "v": 0.034120628611743538}, {"l": "Beverages, Alcoholic", "v": 0.0035375138821250002}]}, {"source": 20, "prod": 1.0, "target": 59, "value": 0.00051144779018674703, "supply": [{"l": "Coffee", "v": 0.00051144779018674703}]}, {"source": 2, "prod": 183.0, "target": 59, "value": 0.15207776419184119, "supply": [{"l": "Bananas", "v": 0.15207776419184119}]}, {"source": 22, "prod": 2.0, "target": 59, "value": 0.002927597695551724, "supply": [{"l": "Coconuts - Incl Copra", "v": 0.002927597695551724}]}, {"source": 60, "prod": 1.0, "target": 59, "value": 0.0040428730081428577, "supply": [{"l": "Spices, Other", "v": 0.0040428730081428577}]}, {"source": 50, "prod": 44.0, "target": 59, "value": 0.01538081177364488, "supply": [{"l": "Oranges, Mandarines", "v": 0.01538081177364488}]}, {"source": 24, "prod": 1.0, "target": 59, "value": 0.00029416426738352875, "supply": [{"l": "Vegetables, Other", "v": 0.00029416426738352875}]}, {"source": 7, "prod": 2.0, "target": 59, "value": 0.00091841112314789862, "supply": [{"l": "Fruits, Other", "v": 0.00091841112314789862}]}, {"source": 9, "prod": 431.0, "target": 59, "value": 1.6940760924398612, "supply": [{"l": "Sugar", "v": 1.6940760924398612}]}, {"source": 12, "prod": 43.0, "target": 59, "value": 0.011062770685918181, "supply": [{"l": "Grapefruit", "v": 0.011062770685918181}]}, {"source": 13, "prod": 7.0, "target": 59, "value": 0.024762597174875004, "supply": [{"l": "Beverages, Alcoholic", "v": 0.024762597174875004}]}, {"source": 31, "prod": 2.0, "target": 59, "value": 0.0030872848425818182, "supply": [{"l": "Cocoa Beans", "v": 0.0030872848425818182}]}, {"source": 28, "prod": 1.0, "target": 59, "value": 0.0035375138821250002, "supply": [{"l": "Pimento", "v": 0.0035375138821250002}]}, {"source": 40, "prod": 5.0, "target": 59, "value": 0.0017712169646244785, "supply": [{"l": "Lemons, Limes", "v": 0.0017712169646244785}]}, {"source": 16, "prod": 3.0, "target": 61, "value": 0.01217118707176053, "supply": [{"l": "Rice", "v": 0.01217118707176053}]}, {"source": 33, "prod": 1.0, "target": 61, "value": 0.010288884678026487, "supply": [{"l": "Coconut Oil", "v": 0.010288884678026487}]}, {"source": 62, "prod": 10.0, "target": 53, "value": 0.039305709801388894, "supply": [{"l": "Sugar", "v": 0.039305709801388894}]}, {"source": 12, "prod": 4.0, "target": 61, "value": 0.0010290949475272727, "supply": [{"l": "Grapefruit", "v": 0.0010290949475272727}]}, {"source": 13, "prod": 7.0, "target": 61, "value": 0.024762597174875004, "supply": [{"l": "Beverages, Alcoholic", "v": 0.024762597174875004}]}, {"source": 62, "prod": 1.0, "target": 31, "value": 0.0015436424212909091, "supply": [{"l": "Cocoa Beans", "v": 0.0015436424212909091}]}, {"source": 1, "prod": 8.0, "target": 46, "value": 0.011630182626164385, "supply": [{"l": "Poultry Meat", "v": 0.011630182626164385}]}, {"source": 1, "prod": 7.0, "target": 30, "value": 0.022801203339241339, "supply": [{"l": "Pigmeat", "v": 0.022801203339241339}]}, {"source": 1, "prod": 12.0, "target": 44, "value": 0.011253357857717233, "supply": [{"l": "Pelagic Fish", "v": 0.011253357857717233}]}, {"source": 1, "prod": 17.0, "target": 45, "value": 0.040091823997416662, "supply": [{"l": "Bovine Meat", "v": 0.040091823997416662}]}, {"source": 1, "prod": 4.0, "target": 23, "value": 0.0066588496604705893, "supply": [{"l": "Eggs", "v": 0.0066588496604705893}]}, {"source": 1, "prod": 100.0, "target": 34, "value": 0.05351494722248757, "supply": [{"l": "Milk - Excluding Butter", "v": 0.05351494722248757}]}, {"source": 1, "prod": 5.0, "target": 47, "value": 0.0065644587503350515, "supply": [{"l": "Offals, Edible", "v": 0.0065644587503350515}]}, {"source": 1, "prod": 9.0, "target": 26, "value": 0.0065122414648210239, "supply": [{"l": "Marine Fish, Other", "v": 0.0065122414648210239}]}, {"source": 1, "prod": 55.0, "target": 38, "value": 0.042369077442070198, "supply": [{"l": "Fish, Seafood", "v": 0.042369077442070198}]}, {"source": 1, "prod": 34.0, "target": 49, "value": 0.023955280728746892, "supply": [{"l": "Demersal Fish", "v": 0.023955280728746892}]}, {"source": 1, "prod": 1.0, "target": 39, "value": 0.0020963045227407411, "supply": [{"l": "Meat, Other", "v": 0.0020963045227407411}]}, {"source": 1, "prod": 3.0, "target": 42, "value": 0.0061058458787363011, "supply": [{"l": "Mutton & Goat Meat", "v": 0.0061058458787363011}]}, {"source": 53, "prod": 7.0, "target": 19, "value": 0.060396578475304885, "supply": [{"l": "Fats, Animals, Raw", "v": 0.060396578475304885}]}, {"source": 53, "prod": 1.0, "target": 43, "value": 0.0039305709801388897, "supply": [{"l": "Sweeteners, Other", "v": 0.0039305709801388897}]}, {"source": 53, "prod": 12.0, "target": 33, "value": 0.12346661613631782, "supply": [{"l": "Coconut Oil", "v": 0.12346661613631782}]}, {"source": 53, "prod": 506.0, "target": 9, "value": 1.9888689159502779, "supply": [{"l": "Sugar", "v": 1.9888689159502779}]}, {"source": 53, "prod": 1.0, "target": 15, "value": 0.0034419053988243241, "supply": [{"l": "Honey", "v": 0.0034419053988243241}]}, {"source": 53, "prod": 28.0, "target": 11, "value": 0.013506871186295453, "supply": [{"l": "Beer", "v": 0.013506871186295453}]}, {"source": 53, "prod": 17.0, "target": 13, "value": 0.060137735996125014, "supply": [{"l": "Beverages, Alcoholic", "v": 0.060137735996125014}]}, {"source": 53, "prod": 3.0, "target": 55, "value": 0.034120628611743538, "supply": [{"l": "Cottonseed Oil", "v": 0.034120628611743538}]}, {"source": 53, "prod": 3.0, "target": 10, "value": 0.037374603189407607, "supply": [{"l": "Oilcrops Oil, Other", "v": 0.037374603189407607}]}, {"source": 53, "prod": 3.0, "target": 17, "value": 0.024601801089323871, "supply": [{"l": "Butter, Ghee", "v": 0.024601801089323871}]}, {"source": 0, "prod": 36.0, "target": 63, "value": 0.12551999976, "supply": [{"l": "Maize", "v": 0.12551999976}]}, {"source": 3, "prod": 4.5, "target": 63, "value": 0.015689999970000004, "supply": [{"l": "Cassava", "v": 0.015689999970000004}]}, {"source": 5, "prod": 8.0, "target": 63, "value": 0.027893333280000005, "supply": [{"l": "Roots, Other", "v": 0.027893333280000005}]}, {"source": 21, "prod": 129.0, "target": 63, "value": 0.44977999913999994, "supply": [{"l": "Wheat", "v": 0.44977999913999994}]}, {"source": 22, "prod": 163.5, "target": 63, "value": 0.57006999890999999, "supply": [{"l": "Coconuts - Incl Copra", "v": 0.57006999890999999}]}, {"source": 32, "prod": 6.75, "target": 63, "value": 0.023534999955000007, "supply": [{"l": "Potatoes", "v": 0.023534999955000007}]}, {"source": 29, "prod": 3.0, "target": 63, "value": 0.010459999980000001, "supply": [{"l": "Oats", "v": 0.010459999980000001}]}, {"source": 24, "prod": 36.5, "target": 63, "value": 0.12726333309000001, "supply": [{"l": "Vegetables, Other", "v": 0.12726333309000001}]}, {"source": 25, "prod": 1.0, "target": 63, "value": 0.0034866666599999998, "supply": [{"l": "Peas", "v": 0.0034866666599999998}]}, {"source": 8, "prod": 28.75, "target": 63, "value": 0.100241666475, "supply": [{"l": "Yams", "v": 0.100241666475}]}, {"source": 48, "prod": 7.25, "target": 63, "value": 0.025278333284999999, "supply": [{"l": "Sweet potatoes", "v": 0.025278333284999999}]}, {"source": 36, "prod": 1.5, "target": 63, "value": 0.0052299999900000012, "supply": [{"l": "Beans", "v": 0.0052299999900000012}]}, {"source": 54, "prod": 6.0, "target": 63, "value": 0.018379523949575205, "supply": [{"l": "Barley", "v": 0.018379523949575205}]}, {"source": 37, "prod": 1.0, "target": 63, "value": 0.0034866666600000002, "supply": [{"l": "Pulses, Other", "v": 0.0034866666600000002}]}, {"source": 16, "prod": 39.0, "target": 63, "value": 0.13597999974000002, "supply": [{"l": "Rice", "v": 0.13597999974000002}]}, {"source": 51, "prod": 2.0, "target": 63, "value": 0.0069733333199999996, "supply": [{"l": "Onions", "v": 0.0069733333199999996}]}, {"source": 41, "prod": 1.0, "target": 63, "value": 0.0034866666600000002, "supply": [{"l": "Cereals, Other", "v": 0.0034866666600000002}]}, {"source": 18, "prod": 4.0, "target": 63, "value": 0.013946666640000001, "supply": [{"l": "Tomatoes", "v": 0.013946666640000001}]}, {"source": 52, "prod": 1910.0, "target": 63, "value": 0.53695243826692063, "supply": [{"l": "Sugar cane", "v": 0.53695243826692063}]}, {"source": 64, "prod": 0, "target": 0, "value": 4.9333199930614055e-06, "supply": "[{\"l\":'Energy for power irrigation',\"v\":4.9333199930614055e-06}]"}, {"source": 64, "prod": 0, "target": 24, "value": 1.0003676652596739e-05, "supply": "[{\"l\":'Energy for power irrigation',\"v\":1.0003676652596739e-05}]"}, {"source": 64, "prod": 0, "target": 6, "value": 9.5925666531749558e-07, "supply": "[{\"l\":'Energy for power irrigation',\"v\":9.5925666531749558e-07}]"}, {"source": 64, "prod": 0, "target": 7, "value": 3.0148066624264143e-05, "supply": "[{\"l\":'Energy for power irrigation',\"v\":3.0148066624264143e-05}]"}, {"source": 64, "prod": 0, "target": 8, "value": 1.5759216644501712e-05, "supply": "[{\"l\":'Energy for power irrigation',\"v\":1.5759216644501712e-05}]"}, {"source": 64, "prod": 0, "target": 12, "value": 1.5896253310975641e-05, "supply": "[{\"l\":'Energy for power irrigation',\"v\":1.5896253310975641e-05}]"}, {"source": 64, "prod": 0, "target": 16, "value": 5.3444299924831895e-06, "supply": "[{\"l\":'Energy for power irrigation',\"v\":5.3444299924831895e-06}]"}, {"source": 64, "prod": 0, "target": 18, "value": 1.0962933317914234e-06, "supply": "[{\"l\":'Energy for power irrigation',\"v\":1.0962933317914234e-06}]"}, {"source": 64, "prod": 0, "target": 20, "value": 5.4814666589571169e-07, "supply": "[{\"l\":'Energy for power irrigation',\"v\":5.4814666589571169e-07}]"}, {"source": 64, "prod": 0, "target": 22, "value": 4.4810989936974434e-05, "supply": "[{\"l\":'Energy for power irrigation',\"v\":4.4810989936974434e-05}]"}, {"source": 64, "prod": 0, "target": 5, "value": 4.3851733271656935e-06, "supply": "[{\"l\":'Energy for power irrigation',\"v\":4.3851733271656935e-06}]"}, {"source": 64, "prod": 0, "target": 25, "value": 2.7407333294785584e-07, "supply": "[{\"l\":'Energy for power irrigation',\"v\":2.7407333294785584e-07}]"}, {"source": 64, "prod": 0, "target": 28, "value": 6.8518333236963958e-07, "supply": "[{\"l\":'Energy for power irrigation',\"v\":6.8518333236963958e-07}]"}, {"source": 64, "prod": 0, "target": 31, "value": 6.8518333236963958e-07, "supply": "[{\"l\":'Energy for power irrigation',\"v\":6.8518333236963958e-07}]"}, {"source": 64, "prod": 0, "target": 32, "value": 3.6999899947960539e-06, "supply": "[{\"l\":'Energy for power irrigation',\"v\":3.6999899947960539e-06}]"}, {"source": 64, "prod": 0, "target": 37, "value": 2.7407333294785584e-07, "supply": "[{\"l\":'Energy for power irrigation',\"v\":2.7407333294785584e-07}]"}, {"source": 64, "prod": 0, "target": 40, "value": 4.9333199930614055e-06, "supply": "[{\"l\":'Energy for power irrigation',\"v\":4.9333199930614055e-06}]"}, {"source": 64, "prod": 0, "target": 52, "value": 0.0013087001648260117, "supply": "[{\"l\":'Energy for power irrigation',\"v\":0.0013087001648260117}]"}, {"source": 64, "prod": 0, "target": 35, "value": 2.7407333294785584e-07, "supply": "[{\"l\":'Energy for power irrigation',\"v\":2.7407333294785584e-07}]"}, {"source": 64, "prod": 0, "target": 2, "value": 6.5503526574537554e-05, "supply": "[{\"l\":'Energy for power irrigation',\"v\":6.5503526574537554e-05}]"}, {"source": 64, "prod": 0, "target": 60, "value": 2.7407333294785584e-07, "supply": "[{\"l\":'Energy for power irrigation',\"v\":2.7407333294785584e-07}]"}, {"source": 64, "prod": 0, "target": 48, "value": 3.9740633277439103e-06, "supply": "[{\"l\":'Energy for power irrigation',\"v\":3.9740633277439103e-06}]"}, {"source": 64, "prod": 0, "target": 50, "value": 2.3707343299989532e-05, "supply": "[{\"l\":'Energy for power irrigation',\"v\":2.3707343299989532e-05}]"}, {"source": 64, "prod": 0, "target": 3, "value": 2.4666599965307027e-06, "supply": "[{\"l\":'Energy for power irrigation',\"v\":2.4666599965307027e-06}]"}, {"source": 64, "prod": 0, "target": 53, "value": 0.032742517772659512, "supply": "[{\"l\":'Electricity',\"v\":0.032742517772659512}]"}, {"source": 65, "prod": 0, "target": 64, "value": 0.077978092966591639, "supply": [{"l": "Coal", "v": 0.0}, {"l": "Natural gas", "v": 0.0}, {"l": "Oil", "v": 0.077978092966591639}]}, {"source": 66, "prod": 0, "target": 64, "value": 0.0046805974598135396, "supply": [{"l": "Nuclear", "v": 0.0}, {"l": "Hydroelectric", "v": 0.0021755574087105227}, {"l": "Renewable", "v": 0.0025050400511030173}]}, {"source": 65, "prod": 0, "target": 0, "value": 0.017131034496463447, "supply": [{"l": "Motor Gasoline", "v": 0.00058009602839947613}, {"l": "Gas-Diesel oil", "v": 0.0010385566718624181}, {"l": "Fuel oil", "v": 0.015471089783946781}, {"l": "Liquefied petroleum gas (LPG)", "v": 4.1292012254770831e-05}]}, {"source": 65, "prod": 0, "target": 24, "value": 0.034737931062273096, "supply": [{"l": "Motor Gasoline", "v": 0.0011763058353656043}, {"l": "Gas-Diesel oil", "v": 0.002105962140165459}, {"l": "Fuel oil", "v": 0.03137193206189208}, {"l": "Liquefied petroleum gas (LPG)", "v": 8.3731024849951959e-05}]}, {"source": 65, "prod": 0, "target": 6, "value": 0.003331034485423448, "supply": [{"l": "Motor Gasoline", "v": 0.00011279644996656482}, {"l": "Gas-Diesel oil", "v": 0.00020194157508435909}, {"l": "Fuel oil", "v": 0.0030082674579896521}, {"l": "Liquefied petroleum gas (LPG)", "v": 8.0290023828721069e-06}]}, {"source": 65, "prod": 0, "target": 7, "value": 0.1046896552561655, "supply": [{"l": "Motor Gasoline", "v": 0.0035450312846634652}, {"l": "Gas-Diesel oil", "v": 0.0063467352169369988}, {"l": "Fuel oil", "v": 0.094545548679674768}, {"l": "Liquefied petroleum gas (LPG)", "v": 0.00025234007489026618}]}, {"source": 65, "prod": 0, "target": 8, "value": 0.054724137974813791, "supply": [{"l": "Motor Gasoline", "v": 0.0018530845351649933}, {"l": "Gas-Diesel oil", "v": 0.0033176115906716134}, {"l": "Fuel oil", "v": 0.049421536809829997}, {"l": "Liquefied petroleum gas (LPG)", "v": 0.0001319050391471846}]}, {"source": 65, "prod": 0, "target": 12, "value": 0.055200000044159994, "supply": [{"l": "Motor Gasoline", "v": 0.0018691983137316453}, {"l": "Gas-Diesel oil", "v": 0.0033464603871122362}, {"l": "Fuel oil", "v": 0.049851289303828518}, {"l": "Liquefied petroleum gas (LPG)", "v": 0.0001330520394875949}]}, {"source": 65, "prod": 0, "target": 16, "value": 0.018558620704502066, "supply": [{"l": "Motor Gasoline", "v": 0.00062843736409943249}, {"l": "Gas-Diesel oil", "v": 0.0011251030611842863}, {"l": "Fuel oil", "v": 0.016760347265942346}, {"l": "Liquefied petroleum gas (LPG)", "v": 4.4733013276001738e-05}]}, {"source": 65, "prod": 0, "target": 18, "value": 0.0038068965547696548, "supply": [{"l": "Motor Gasoline", "v": 0.00012891022853321691}, {"l": "Gas-Diesel oil", "v": 0.00023079037152498182}, {"l": "Fuel oil", "v": 0.0034380199519881737}, {"l": "Liquefied petroleum gas (LPG)", "v": 9.1760027232824081e-06}]}, {"source": 65, "prod": 0, "target": 20, "value": 0.0019034482773848274, "supply": [{"l": "Motor Gasoline", "v": 6.4455114266608456e-05}, {"l": "Gas-Diesel oil", "v": 0.00011539518576249091}, {"l": "Fuel oil", "v": 0.0017190099759940868}, {"l": "Liquefied petroleum gas (LPG)", "v": 4.5880013616412041e-06}]}, {"source": 65, "prod": 0, "target": 22, "value": 0.15560689667620964, "supply": [{"l": "Motor Gasoline", "v": 0.0052692055912952418}, {"l": "Gas-Diesel oil", "v": 0.0094335564360836319}, {"l": "Fuel oil", "v": 0.1405290655375166}, {"l": "Liquefied petroleum gas (LPG)", "v": 0.0003750691113141684}]}, {"source": 65, "prod": 0, "target": 5, "value": 0.015227586219078619, "supply": [{"l": "Motor Gasoline", "v": 0.00051564091413286764}, {"l": "Gas-Diesel oil", "v": 0.00092316148609992727}, {"l": "Fuel oil", "v": 0.013752079807952695}, {"l": "Liquefied petroleum gas (LPG)", "v": 3.6704010893129633e-05}]}, {"source": 65, "prod": 0, "target": 25, "value": 0.00095172413869241371, "supply": [{"l": "Motor Gasoline", "v": 3.2227557133304228e-05}, {"l": "Gas-Diesel oil", "v": 5.7697592881245454e-05}, {"l": "Fuel oil", "v": 0.00085950498799704342}, {"l": "Liquefied petroleum gas (LPG)", "v": 2.294000680820602e-06}]}, {"source": 65, "prod": 0, "target": 28, "value": 0.002379310346731034, "supply": [{"l": "Motor Gasoline", "v": 8.0568892833260576e-05}, {"l": "Gas-Diesel oil", "v": 0.00014424398220311361}, {"l": "Fuel oil", "v": 0.0021487624699926084}, {"l": "Liquefied petroleum gas (LPG)", "v": 5.7350017020515044e-06}]}, {"source": 65, "prod": 0, "target": 31, "value": 0.002379310346731034, "supply": [{"l": "Motor Gasoline", "v": 8.0568892833260576e-05}, {"l": "Gas-Diesel oil", "v": 0.00014424398220311361}, {"l": "Fuel oil", "v": 0.0021487624699926084}, {"l": "Liquefied petroleum gas (LPG)", "v": 5.7350017020515044e-06}]}, {"source": 65, "prod": 0, "target": 32, "value": 0.012848275872347584, "supply": [{"l": "Motor Gasoline", "v": 0.0004350720212996071}, {"l": "Gas-Diesel oil", "v": 0.00077891750389681355}, {"l": "Fuel oil", "v": 0.011603317337960085}, {"l": "Liquefied petroleum gas (LPG)", "v": 3.0969009191078123e-05}]}, {"source": 65, "prod": 0, "target": 37, "value": 0.00095172413869241371, "supply": [{"l": "Motor Gasoline", "v": 3.2227557133304228e-05}, {"l": "Gas-Diesel oil", "v": 5.7697592881245454e-05}, {"l": "Fuel oil", "v": 0.00085950498799704342}, {"l": "Liquefied petroleum gas (LPG)", "v": 2.294000680820602e-06}]}, {"source": 65, "prod": 0, "target": 40, "value": 0.017131034496463447, "supply": [{"l": "Motor Gasoline", "v": 0.00058009602839947613}, {"l": "Gas-Diesel oil", "v": 0.0010385566718624181}, {"l": "Fuel oil", "v": 0.015471089783946781}, {"l": "Liquefied petroleum gas (LPG)", "v": 4.1292012254770831e-05}]}, {"source": 65, "prod": 0, "target": 52, "value": 4.5444827622562753, "supply": [{"l": "Motor Gasoline", "v": 0.15388658531152768}, {"l": "Gas-Diesel oil", "v": 0.275506006007947}, {"l": "Fuel oil", "v": 4.1041363176858816}, {"l": "Liquefied petroleum gas (LPG)", "v": 0.010953853250918372}]}, {"source": 65, "prod": 0, "target": 35, "value": 0.00095172413869241371, "supply": [{"l": "Motor Gasoline", "v": 3.2227557133304228e-05}, {"l": "Gas-Diesel oil", "v": 5.7697592881245454e-05}, {"l": "Fuel oil", "v": 0.00085950498799704342}, {"l": "Liquefied petroleum gas (LPG)", "v": 2.294000680820602e-06}]}, {"source": 65, "prod": 0, "target": 2, "value": 0.22746206914748687, "supply": [{"l": "Motor Gasoline", "v": 0.0077023861548597104}, {"l": "Gas-Diesel oil", "v": 0.013789724698617662}, {"l": "Fuel oil", "v": 0.20542169213129335}, {"l": "Liquefied petroleum gas (LPG)", "v": 0.00054826616271612383}]}, {"source": 65, "prod": 0, "target": 60, "value": 0.00095172413869241371, "supply": [{"l": "Motor Gasoline", "v": 3.2227557133304228e-05}, {"l": "Gas-Diesel oil", "v": 5.7697592881245454e-05}, {"l": "Fuel oil", "v": 0.00085950498799704342}, {"l": "Liquefied petroleum gas (LPG)", "v": 2.294000680820602e-06}]}, {"source": 65, "prod": 0, "target": 48, "value": 0.013800000011039999, "supply": [{"l": "Motor Gasoline", "v": 0.00046729957843291134}, {"l": "Gas-Diesel oil", "v": 0.00083661509677805906}, {"l": "Fuel oil", "v": 0.012462822325957129}, {"l": "Liquefied petroleum gas (LPG)", "v": 3.3263009871898725e-05}]}, {"source": 65, "prod": 0, "target": 50, "value": 0.082324137996893781, "supply": [{"l": "Motor Gasoline", "v": 0.0027876836920308159}, {"l": "Gas-Diesel oil", "v": 0.0049908417842277316}, {"l": "Fuel oil", "v": 0.074347181461744252}, {"l": "Liquefied petroleum gas (LPG)", "v": 0.00019843105889098204}]}, {"source": 65, "prod": 0, "target": 3, "value": 0.0085655172482317233, "supply": [{"l": "Motor Gasoline", "v": 0.00029004801419973806}, {"l": "Gas-Diesel oil", "v": 0.00051927833593120904}, {"l": "Fuel oil", "v": 0.0077355448919733906}, {"l": "Liquefied petroleum gas (LPG)", "v": 2.0646006127385415e-05}]}, {"source": 67, "prod": 0.050437712789175033, "target": 0, "value": 0.00051276409469218419, "supply": [{"l": "Potash", "v": 0.01647042223539856}, {"l": "Phosphate", "v": 0.0089006250071204992}, {"l": "Nitrogen", "v": 0.13778763899911897}]}, {"source": 67, "prod": 0.10227647315582715, "target": 24, "value": 0.0010397716364591511, "supply": [{"l": "Potash", "v": 0.01647042223539856}, {"l": "Phosphate", "v": 0.0089006250071204992}, {"l": "Nitrogen", "v": 0.13778763899911897}]}, {"source": 67, "prod": 0.0098073330423395898, "target": 6, "value": 9.9704129523480259e-05, "supply": [{"l": "Potash", "v": 0.01647042223539856}, {"l": "Phosphate", "v": 0.0089006250071204992}, {"l": "Nitrogen", "v": 0.13778763899911897}]}, {"source": 67, "prod": 0.30823046704495849, "target": 7, "value": 0.003133558356452236, "supply": [{"l": "Potash", "v": 0.01647042223539856}, {"l": "Phosphate", "v": 0.0089006250071204992}, {"l": "Nitrogen", "v": 0.13778763899911897}]}, {"source": 67, "prod": 0.16112047140986469, "target": 8, "value": 0.0016379964136000328, "supply": [{"l": "Potash", "v": 0.01647042223539856}, {"l": "Phosphate", "v": 0.0089006250071204992}, {"l": "Nitrogen", "v": 0.13778763899911897}]}, {"source": 67, "prod": 0.16252151898734177, "target": 12, "value": 0.0016522398606748157, "supply": [{"l": "Potash", "v": 0.01647042223539856}, {"l": "Phosphate", "v": 0.0089006250071204992}, {"l": "Nitrogen", "v": 0.13778763899911897}]}, {"source": 67, "prod": 0.054640855521606281, "target": 16, "value": 0.00055549443591653281, "supply": [{"l": "Potash", "v": 0.01647042223539856}, {"l": "Phosphate", "v": 0.0089006250071204992}, {"l": "Nitrogen", "v": 0.13778763899911897}]}, {"source": 67, "prod": 0.011208380619816674, "target": 18, "value": 0.00011394757659826315, "supply": [{"l": "Potash", "v": 0.01647042223539856}, {"l": "Phosphate", "v": 0.0089006250071204992}, {"l": "Nitrogen", "v": 0.13778763899911897}]}, {"source": 67, "prod": 0.0056041903099083371, "target": 20, "value": 5.6973788299131576e-05, "supply": [{"l": "Potash", "v": 0.01647042223539856}, {"l": "Phosphate", "v": 0.0089006250071204992}, {"l": "Nitrogen", "v": 0.13778763899911897}]}, {"source": 67, "prod": 0.45814255783500657, "target": 22, "value": 0.0046576071934540065, "supply": [{"l": "Potash", "v": 0.01647042223539856}, {"l": "Phosphate", "v": 0.0089006250071204992}, {"l": "Nitrogen", "v": 0.13778763899911897}]}, {"source": 67, "prod": 0.044833522479266696, "target": 5, "value": 0.00045579030639305261, "supply": [{"l": "Potash", "v": 0.01647042223539856}, {"l": "Phosphate", "v": 0.0089006250071204992}, {"l": "Nitrogen", "v": 0.13778763899911897}]}, {"source": 67, "prod": 0.0028020951549541685, "target": 25, "value": 2.8486894149565788e-05, "supply": [{"l": "Potash", "v": 0.01647042223539856}, {"l": "Phosphate", "v": 0.0089006250071204992}, {"l": "Nitrogen", "v": 0.13778763899911897}]}, {"source": 67, "prod": 0.0070052378873854204, "target": 28, "value": 7.1217235373914457e-05, "supply": [{"l": "Potash", "v": 0.01647042223539856}, {"l": "Phosphate", "v": 0.0089006250071204992}, {"l": "Nitrogen", "v": 0.13778763899911897}]}, {"source": 67, "prod": 0.0070052378873854204, "target": 31, "value": 7.1217235373914457e-05, "supply": [{"l": "Potash", "v": 0.01647042223539856}, {"l": "Phosphate", "v": 0.0089006250071204992}, {"l": "Nitrogen", "v": 0.13778763899911897}]}, {"source": 67, "prod": 0.03782828459188127, "target": 32, "value": 0.00038457307101913809, "supply": [{"l": "Potash", "v": 0.01647042223539856}, {"l": "Phosphate", "v": 0.0089006250071204992}, {"l": "Nitrogen", "v": 0.13778763899911897}]}, {"source": 67, "prod": 0.0028020951549541685, "target": 37, "value": 2.8486894149565788e-05, "supply": [{"l": "Potash", "v": 0.01647042223539856}, {"l": "Phosphate", "v": 0.0089006250071204992}, {"l": "Nitrogen", "v": 0.13778763899911897}]}, {"source": 67, "prod": 0.050437712789175033, "target": 40, "value": 0.00051276409469218419, "supply": [{"l": "Potash", "v": 0.01647042223539856}, {"l": "Phosphate", "v": 0.0089006250071204992}, {"l": "Nitrogen", "v": 0.13778763899911897}]}, {"source": 67, "prod": 13.380004364906153, "target": 52, "value": 0.13602491956417662, "supply": [{"l": "Potash", "v": 0.01647042223539856}, {"l": "Phosphate", "v": 0.0089006250071204992}, {"l": "Nitrogen", "v": 0.13778763899911897}]}, {"source": 67, "prod": 0.0028020951549541685, "target": 35, "value": 2.8486894149565788e-05, "supply": [{"l": "Potash", "v": 0.01647042223539856}, {"l": "Phosphate", "v": 0.0089006250071204992}, {"l": "Nitrogen", "v": 0.13778763899911897}]}, {"source": 67, "prod": 0.66970074203404628, "target": 2, "value": 0.0068083677017462228, "supply": [{"l": "Potash", "v": 0.01647042223539856}, {"l": "Phosphate", "v": 0.0089006250071204992}, {"l": "Nitrogen", "v": 0.13778763899911897}]}, {"source": 67, "prod": 0.0028020951549541685, "target": 60, "value": 2.8486894149565788e-05, "supply": [{"l": "Potash", "v": 0.01647042223539856}, {"l": "Phosphate", "v": 0.0089006250071204992}, {"l": "Nitrogen", "v": 0.13778763899911897}]}, {"source": 67, "prod": 0.040630379746835442, "target": 48, "value": 0.00041305996516870393, "supply": [{"l": "Potash", "v": 0.01647042223539856}, {"l": "Phosphate", "v": 0.0089006250071204992}, {"l": "Nitrogen", "v": 0.13778763899911897}]}, {"source": 67, "prod": 0.24238123090353555, "target": 50, "value": 0.0024641163439374403, "supply": [{"l": "Potash", "v": 0.01647042223539856}, {"l": "Phosphate", "v": 0.0089006250071204992}, {"l": "Nitrogen", "v": 0.13778763899911897}]}, {"source": 67, "prod": 0.025218856394587517, "target": 3, "value": 0.00025638204734609209, "supply": [{"l": "Potash", "v": 0.01647042223539856}, {"l": "Phosphate", "v": 0.0089006250071204992}, {"l": "Nitrogen", "v": 0.13778763899911897}]}, {"source": 65, "prod": 0, "target": 67, "value": 0.20902926053575441, "supply": [{"l": "Natural gas (including LNG)", "v": 0.13625516476265181}, {"l": "Fuel oil", "v": 0.048417211350368507}, {"l": "Liquefied petroleum gas (LPG)", "v": 0.012178442211367045}, {"l": "Coal", "v": 0.012178442211367045}]}, {"source": 68, "prod": 0, "target": 0, "value": 0.00045529026407214524, "supply": "[{\"l\":'Labor',\"v\":0.00045529026407214524}]"}, {"source": 68, "prod": 0, "target": 24, "value": 0.00092322747992407226, "supply": "[{\"l\":'Labor',\"v\":0.00092322747992407226}]"}, {"source": 68, "prod": 0, "target": 6, "value": 8.8528662458472698e-05, "supply": "[{\"l\":'Labor',\"v\":8.8528662458472698e-05}]"}, {"source": 68, "prod": 0, "target": 7, "value": 0.0027823293915519988, "supply": "[{\"l\":'Labor',\"v\":0.0027823293915519988}]"}, {"source": 68, "prod": 0, "target": 8, "value": 0.0014543994546749085, "supply": "[{\"l\":'Labor',\"v\":0.0014543994546749085}]"}, {"source": 68, "prod": 0, "target": 12, "value": 0.0014670464064546903, "supply": "[{\"l\":'Labor',\"v\":0.0014670464064546903}]"}, {"source": 68, "prod": 0, "target": 54, "value": 7.5881710678690864e-05, "supply": "[{\"l\":'Labor',\"v\":7.5881710678690864e-05}]"}, {"source": 68, "prod": 0, "target": 31, "value": 6.3234758898909058e-05, "supply": "[{\"l\":'Labor',\"v\":6.3234758898909058e-05}]"}, {"source": 68, "prod": 0, "target": 16, "value": 0.00049323111941149069, "supply": "[{\"l\":'Labor',\"v\":0.00049323111941149069}]"}, {"source": 68, "prod": 0, "target": 18, "value": 0.0001011756142382545, "supply": "[{\"l\":'Labor',\"v\":0.0001011756142382545}]"}, {"source": 68, "prod": 0, "target": 20, "value": 5.0587807119127252e-05, "supply": "[{\"l\":'Labor',\"v\":5.0587807119127252e-05}]"}, {"source": 68, "prod": 0, "target": 21, "value": 0.0016314567795918538, "supply": "[{\"l\":'Labor',\"v\":0.0016314567795918538}]"}, {"source": 68, "prod": 0, "target": 22, "value": 0.0041355532319886533, "supply": "[{\"l\":'Labor',\"v\":0.0041355532319886533}]"}, {"source": 68, "prod": 0, "target": 5, "value": 0.00040470245695301802, "supply": "[{\"l\":'Labor',\"v\":0.00040470245695301802}]"}, {"source": 68, "prod": 0, "target": 25, "value": 2.5293903559563626e-05, "supply": "[{\"l\":'Labor',\"v\":2.5293903559563626e-05}]"}, {"source": 68, "prod": 0, "target": 27, "value": 2.5293903559563626e-05, "supply": "[{\"l\":'Labor',\"v\":2.5293903559563626e-05}]"}, {"source": 68, "prod": 0, "target": 28, "value": 6.3234758898909058e-05, "supply": "[{\"l\":'Labor',\"v\":6.3234758898909058e-05}]"}, {"source": 68, "prod": 0, "target": 52, "value": 0.1207783894969163, "supply": "[{\"l\":'Labor',\"v\":0.1207783894969163}]"}, {"source": 68, "prod": 0, "target": 29, "value": 3.7940855339345432e-05, "supply": "[{\"l\":'Labor',\"v\":3.7940855339345432e-05}]"}, {"source": 68, "prod": 0, "target": 32, "value": 0.0003414676980541089, "supply": "[{\"l\":'Labor',\"v\":0.0003414676980541089}]"}, {"source": 68, "prod": 0, "target": 36, "value": 3.7940855339345432e-05, "supply": "[{\"l\":'Labor',\"v\":3.7940855339345432e-05}]"}, {"source": 68, "prod": 0, "target": 14, "value": 1.2646951779781813e-05, "supply": "[{\"l\":'Labor',\"v\":1.2646951779781813e-05}]"}, {"source": 68, "prod": 0, "target": 40, "value": 0.00045529026407214524, "supply": "[{\"l\":'Labor',\"v\":0.00045529026407214524}]"}, {"source": 68, "prod": 0, "target": 41, "value": 1.2646951779781813e-05, "supply": "[{\"l\":'Labor',\"v\":1.2646951779781813e-05}]"}, {"source": 68, "prod": 0, "target": 35, "value": 2.5293903559563626e-05, "supply": "[{\"l\":'Labor',\"v\":2.5293903559563626e-05}]"}, {"source": 68, "prod": 0, "target": 2, "value": 0.0060452429507357065, "supply": "[{\"l\":'Labor',\"v\":0.0060452429507357065}]"}, {"source": 68, "prod": 0, "target": 60, "value": 2.5293903559563626e-05, "supply": "[{\"l\":'Labor',\"v\":2.5293903559563626e-05}]"}, {"source": 68, "prod": 0, "target": 48, "value": 0.00036676160161367257, "supply": "[{\"l\":'Labor',\"v\":0.00036676160161367257}]"}, {"source": 68, "prod": 0, "target": 50, "value": 0.0021879226579022536, "supply": "[{\"l\":'Labor',\"v\":0.0021879226579022536}]"}, {"source": 68, "prod": 0, "target": 37, "value": 2.5293903559563626e-05, "supply": "[{\"l\":'Labor',\"v\":2.5293903559563626e-05}]"}, {"source": 68, "prod": 0, "target": 51, "value": 5.0587807119127252e-05, "supply": "[{\"l\":'Labor',\"v\":5.0587807119127252e-05}]"}, {"source": 68, "prod": 0, "target": 3, "value": 0.00022764513203607262, "supply": "[{\"l\":'Labor',\"v\":0.00022764513203607262}]"}, {"source": 65, "prod": 0, "target": 58, "value": 1.5546232500135417, "supply": "[{\"l\":'Fossil Fuels',\"v\":1.5546232500135417}]"}, {"source": 66, "prod": 0, "target": 58, "value": 0.19417872531105071, "supply": "[{\"l\":'Renewables & Nuclear',\"v\":0.0076002052269926613},{\"l\":'Biomass & Waste',\"v\":0.18657852008405804}]"}]}