{"nodes": [{"layer": 5, "name": "Starchy Roots"}, {"layer": 10, "name": "Feed", "fill": "#dbdb8d"}, {"layer": 5, "name": "Fruits & Vegetables"}, {"layer": 5, "name": "Cereals", "fill": "#e7ba52"}, {"layer": 13, "name": "Other Processed", "fill": "#9c9ede"}, {"layer": 16, "name": "Food", "fill": "#b5cf6b"}, {"layer": 13, "name": "Animal Products", "fill": "#17becf"}, {"layer": 5, "name": "Oilcrops", "fill": "#ff9896"}, {"layer": 13, "name": "Sugar", "fill": "#d6616b"}, {"layer": 5, "name": "Others"}, {"layer": 13, "name": "Aquatic Products", "fill": "#1f77b4"}, {"layer": 13, "name": "Vegetable Oils", "fill": "#f7b6d2"}, {"layer": 5, "name": "Sugar Crops", "fill": "#ffbb78"}, {"layer": 10, "name": "Processing", "fill": "#9edae5"}, {"layer": 16, "name": "Biofuels & Other", "fill": "#e7ba52"}, {"name": "Waste", "fill": "#c7c7c7"}, {"layer": 2, "name": "Import", "fill": "#aec7e8"}, {"layer": 16, "name": "Export", "fill": "#aec7e8"}, {"layer": 0, "name": "Stock Draw", "fill": "#c7c7c7"}, {"layer": 16, "name": "Stock Deposit", "fill": "#c7c7c7"}, {"layer": 2, "name": "Electricity", "fill": "#bcbd22"}, {"layer": 0, "name": "Fossil Fuels", "fill": "#c49c94"}, {"layer": 0, "name": "Renewables & Nuclear", "fill": "#2ca02c"}, {"layer": 2, "name": "Fertilizers", "fill": "#c5b0d5"}, {"layer": 0, "name": "Labor", "fill": "#7f7f7f"}], "links": [{"source": 0, "prod": 11.0, "target": 1, "value": 0.013306917504781088, "supply": [{"l": "Cassava", "v": 0.013306917504781088}]}, {"source": 2, "prod": 2.0, "target": 1, "value": 0.001683759467922197, "supply": [{"l": "Bananas", "v": 0.001683759467922197}]}, {"source": 3, "prod": 99.0, "target": 1, "value": 0.33813753383622419, "supply": [{"l": "Maize", "v": 0.33813753383622419}]}, {"source": 4, "prod": 69.0, "target": 5, "value": 0.10412067317946572, "supply": [{"l": "Beer", "v": 0.02706033385650362}, {"l": "Beverages, Alcoholic", "v": 0.016944394225304624}, {"l": "Butter, Ghee", "v": 0.033111129936690006}, {"l": "Fats, Animals, Raw", "v": 0.025756280849629217}, {"l": "Wine", "v": 0.0012485343113382355}]}, {"source": 6, "prod": 271.0, "target": 5, "value": 0.24676826212470776, "supply": [{"l": "Eggs", "v": 0.014208526832336778}, {"l": "Mutton & Goat Meat", "v": 0.012485343113382355}, {"l": "Pigmeat", "v": 0.019062860670411644}, {"l": "Milk - Excluding Butter", "v": 0.10387301918510436}, {"l": "Meat, Other", "v": 0.0039488527056279069}, {"l": "Bovine Meat", "v": 0.049744009641427826}, {"l": "Poultry Meat", "v": 0.033408172163096668}, {"l": "Offals, Edible", "v": 0.010037477813320199}]}, {"source": 3, "prod": 215.0, "target": 5, "value": 0.75026849633132697, "supply": [{"l": "Maize", "v": 0.05123295967215518}, {"l": "Rice", "v": 0.1378437993619045}, {"l": "Cereals, Other", "v": 0.020540403186532261}, {"l": "Wheat", "v": 0.53640631745218503}, {"l": "Oats", "v": 0.00424501665855}]}, {"source": 7, "prod": 33.0, "target": 5, "value": 0.05289636745371866, "supply": [{"l": "Coconuts - Incl Copra", "v": 0.046309272638727278}, {"l": "Groundnuts", "v": 0.0065870948149913799}]}, {"source": 8, "prod": 98.0, "target": 5, "value": 0.38591060532272725, "supply": [{"l": "Sugar", "v": 0.37417414876909794}, {"l": "Honey", "v": 0.003859106053227273}, {"l": "Sweeteners, Other", "v": 0.0078773505004020635}]}, {"source": 0, "prod": 177.0, "target": 5, "value": 0.18186305351487803, "supply": [{"l": "Roots, Other", "v": 0.026737528237901834}, {"l": "Yams", "v": 0.12008367907092998}, {"l": "Potatoes", "v": 0.0077338360176012156}, {"l": "Sweet potatoes", "v": 0.018839971776311578}, {"l": "Cassava", "v": 0.0084680384121334201}]}, {"source": 2, "prod": 309.0, "target": 5, "value": 0.17758930395447511, "supply": [{"l": "Plantains", "v": 0.025531870605991918}, {"l": "Fruits, Other", "v": 0.023070742709510868}, {"l": "Grapefruit", "v": 0.0025526826231815148}, {"l": "Tomatoes", "v": 0.0015436424212909091}, {"l": "Vegetables, Other", "v": 0.013091207835891159}, {"l": "Peas", "v": 0.0082161612746129049}, {"l": "Grapes", "v": 0.0044778656735759495}, {"l": "Beans", "v": 0.0081287553036063828}, {"l": "Pulses, Other", "v": 0.011915836234526321}, {"l": "Lemons, Limes", "v": 0.0049663147537353756}, {"l": "Pineapples", "v": 0.0023225015153161099}, {"l": "Bananas", "v": 0.042093986698054933}, {"l": "Oranges, Mandarines", "v": 0.026293836549450764}, {"l": "Onions", "v": 0.0025675503983165326}, {"l": "Apples", "v": 0.00081634935741346152}]}, {"source": 9, "prod": 6.0, "target": 5, "value": 0.014480817279628903, "supply": [{"l": "Infant food", "v": 0.0048514476097714296}, {"l": "Cocoa Beans", "v": 0.0051144779018674705}, {"l": "Coffee", "v": 0.0010353699167195121}, {"l": "Pimento", "v": 0.0034795218512704918}]}, {"source": 10, "prod": 150.0, "target": 5, "value": 0.13078340492164273, "supply": [{"l": "Marine Fish, Other", "v": 0.0073613005639595374}, {"l": "Freshwater Fish", "v": 0.00094333703523333322}, {"l": "Pelagic Fish", "v": 0.039069179866300888}, {"l": "Fish, Seafood", "v": 0.065324698515773286}, {"l": "Demersal Fish", "v": 0.018084888940375677}]}, {"source": 11, "prod": 16.0, "target": 5, "value": 0.16517752859727469, "supply": [{"l": "Soyabean Oil", "v": 0.072930051209553537}, {"l": "Coconut Oil", "v": 0.092247477387721141}]}, {"source": 12, "prod": 4133.0, "target": 13, "value": 1.4743406596459792, "supply": [{"l": "Sugar cane", "v": 1.4743406596459792}]}, {"source": 3, "prod": 12.0, "target": 13, "value": 0.035714531297025835, "supply": [{"l": "Barley", "v": 0.035714531297025835}]}, {"source": 7, "prod": 122.0, "target": 13, "value": 0.22024350731791253, "supply": [{"l": "Soyabeans", "v": 0.068291206472088667}, {"l": "Coconuts - Incl Copra", "v": 0.15195230084582387}]}, {"source": 0, "prod": 3.0, "target": 14, "value": 0.0036291593194857515, "supply": [{"l": "Cassava", "v": 0.0036291593194857515}]}, {"source": 4, "prod": 8.0, "target": 14, "value": 0.068683415599011241, "supply": [{"l": "Fats, Animals, Raw", "v": 0.068683415599011241}]}, {"source": 11, "prod": 3.0, "target": 14, "value": 0.031111981065868592, "supply": [{"l": "Coconut Oil", "v": 0.020499439419493594}, {"l": "Oilcrops Oil, Other", "v": 0.010612541646375}]}, {"source": 7, "prod": 5.0, "target": 14, "value": 0.0072358238498011363, "supply": [{"l": "Coconuts - Incl Copra", "v": 0.0072358238498011363}]}, {"source": 0, "prod": 2.0, "target": 0, "value": 0.0015467672035202431, "supply": [{"l": "Potatoes", "v": 0.0015467672035202431}]}, {"source": 6, "prod": 1.0, "target": 6, "value": 0.0015787252035929756, "supply": [{"l": "Eggs", "v": 0.0015787252035929756}]}, {"source": 0, "prod": 17.0, "target": 15, "value": 0.017041822479410704, "supply": [{"l": "Potatoes", "v": 0.002320150805280365}, {"l": "Roots, Other", "v": 0.00095491172278220845}, {"l": "Yams", "v": 0.010442059049646086}, {"l": "Sweet potatoes", "v": 0.0033247009017020441}]}, {"source": 2, "prod": 35.0, "target": 15, "value": 0.016509805915734515, "supply": [{"l": "Vegetables, Other", "v": 0.0015401420983401362}, {"l": "Bananas", "v": 0.0058931581377276894}, {"l": "Fruits, Other", "v": 0.0023070742709510868}, {"l": "Grapefruit", "v": 0.0011345256103028952}, {"l": "Oranges, Mandarines", "v": 0.0032867295686813455}, {"l": "Plantains", "v": 0.0021276558838326598}, {"l": "Tomatoes", "v": 0.00022052034589870129}]}, {"source": 6, "prod": 3.0, "target": 15, "value": 0.0026551295474800674, "supply": [{"l": "Eggs", "v": 0.0015787252035929756}, {"l": "Milk - Excluding Butter", "v": 0.001076404343887092}]}, {"source": 3, "prod": 10.0, "target": 15, "value": 0.034732343340065308, "supply": [{"l": "Maize", "v": 0.020493183868862071}, {"l": "Wheat", "v": 0.010184930078206048}, {"l": "Rice", "v": 0.0040542293929971907}]}, {"source": 16, "prod": 4.0, "target": 9, "value": 0.010483610469998655, "supply": [{"l": "Coffee", "v": 0.00051768495835975605}, {"l": "Cocoa Beans", "v": 0.0051144779018674705}, {"l": "Infant food", "v": 0.0048514476097714296}]}, {"source": 16, "prod": 311.0, "target": 1, "value": 0.25692975568354659, "supply": [{"l": "Pigmeat", "v": 0.0063542868901372137}, {"l": "Fish, Seafood", "v": 0.057485734693880478}, {"l": "Milk - Excluding Butter", "v": 0.079115719275701255}, {"l": "Meat, Other", "v": 0.0039488527056279069}, {"l": "Pelagic Fish", "v": 0.039069179866300888}, {"l": "Marine Fish, Other", "v": 0.00073613005639595376}, {"l": "Bovine Meat", "v": 0.027133096168051547}, {"l": "Eggs", "v": 0.0015787252035929756}, {"l": "Poultry Meat", "v": 0.0087151753468947841}, {"l": "Offals, Edible", "v": 0.0062734236333251234}, {"l": "Demersal Fish", "v": 0.018084888940375677}, {"l": "Mutton & Goat Meat", "v": 0.0074912058680294113}, {"l": "Freshwater Fish", "v": 0.00094333703523333322}]}, {"source": 16, "prod": 42.0, "target": 13, "value": 0.24767760846651846, "supply": [{"l": "Coconut Oil", "v": 0.020499439419493594}, {"l": "Sugar", "v": 0.047264103002412378}, {"l": "Beer", "v": 0.0028993214846253883}, {"l": "Oilcrops Oil, Other", "v": 0.010612541646375}, {"l": "Wine", "v": 0.0012485343113382355}, {"l": "Sweeteners, Other", "v": 0.0078773505004020635}, {"l": "Fats, Animals, Raw", "v": 0.068683415599011241}, {"l": "Soyabean Oil", "v": 0.052092893721109659}, {"l": "Butter, Ghee", "v": 0.033111129936690006}, {"l": "Beverages, Alcoholic", "v": 0.0033888788450609241}]}, {"source": 16, "prod": 348.0, "target": 3, "value": 1.201488167409952, "supply": [{"l": "Maize", "v": 0.39620155479800007}, {"l": "Oats", "v": 0.00424501665855}, {"l": "Barley", "v": 0.035714531297025835}, {"l": "Rice", "v": 0.15406071693389325}, {"l": "Cereals, Other", "v": 0.020540403186532261}, {"l": "Wheat", "v": 0.59072594453595062}]}, {"source": 16, "prod": 31.0, "target": 2, "value": 0.022147288351692815, "supply": [{"l": "Oranges, Mandarines", "v": 0.0019720377412088073}, {"l": "Fruits, Other", "v": 0.0023070742709510868}, {"l": "Grapefruit", "v": 0.00085089420772717144}, {"l": "Beans", "v": 0.0081287553036063828}, {"l": "Vegetables, Other", "v": 0.0010267613988934241}, {"l": "Grapes", "v": 0.0044778656735759495}, {"l": "Onions", "v": 0.0025675503983165326}, {"l": "Apples", "v": 0.00081634935741346152}]}, {"source": 16, "prod": 17.0, "target": 7, "value": 0.068291206472088667, "supply": [{"l": "Soyabeans", "v": 0.068291206472088667}]}, {"source": 16, "prod": 4.0, "target": 0, "value": 0.0030935344070404862, "supply": [{"l": "Potatoes", "v": 0.0030935344070404862}]}, {"source": 4, "prod": 12.0, "target": 17, "value": 0.040666546140731091, "supply": [{"l": "Beverages, Alcoholic", "v": 0.040666546140731091}]}, {"source": 6, "prod": 1.0, "target": 17, "value": 0.00053820217194354598, "supply": [{"l": "Milk - Excluding Butter", "v": 0.00053820217194354598}]}, {"source": 7, "prod": 2.0, "target": 17, "value": 0.0028943295399204549, "supply": [{"l": "Coconuts - Incl Copra", "v": 0.0028943295399204549}]}, {"source": 8, "prod": 280.0, "target": 17, "value": 1.1028290700562886, "supply": [{"l": "Sugar", "v": 1.1028290700562886}]}, {"source": 0, "prod": 8.0, "target": 17, "value": 0.0067287134204899474, "supply": [{"l": "Potatoes", "v": 0.0046403016105607299}, {"l": "Yams", "v": 0.0020884118099292171}]}, {"source": 2, "prod": 185.0, "target": 17, "value": 0.12561224025270171, "supply": [{"l": "Bananas", "v": 0.10860248568098171}, {"l": "Vegetables, Other", "v": 0.0012834517486167805}, {"l": "Fruits, Other", "v": 0.0013842445625706521}, {"l": "Grapefruit", "v": 0.0093598362849988872}, {"l": "Oranges, Mandarines", "v": 0.00427274843928575}, {"l": "Lemons, Limes", "v": 0.00070947353624791084}]}, {"source": 9, "prod": 6.0, "target": 17, "value": 0.015148445513701946, "supply": [{"l": "Cocoa Beans", "v": 0.0076717168528012058}, {"l": "Coffee", "v": 0.00051768495835975605}, {"l": "Pimento", "v": 0.0069590437025409835}]}, {"source": 11, "prod": 1.0, "target": 17, "value": 0.010612541646375, "supply": [{"l": "Oilcrops Oil, Other", "v": 0.010612541646375}]}, {"source": 18, "prod": 7.0, "target": 2, "value": 0.0019854198180300668, "supply": [{"l": "Grapefruit", "v": 0.0019854198180300668}]}, {"source": 8, "prod": 16.0, "target": 19, "value": 0.063018804003216508, "supply": [{"l": "Sugar", "v": 0.063018804003216508}]}, {"source": 3, "prod": 16.0, "target": 19, "value": 0.056297385184551095, "supply": [{"l": "Wheat", "v": 0.044134697005559526}, {"l": "Rice", "v": 0.012162688178991571}]}, {"source": 11, "prod": 2.0, "target": 19, "value": 0.020499439419493594, "supply": [{"l": "Coconut Oil", "v": 0.020499439419493594}]}, {"source": 18, "prod": 3.0, "target": 7, "value": 0.0043414943098806823, "supply": [{"l": "Coconuts - Incl Copra", "v": 0.0043414943098806823}]}, {"source": 1, "prod": 150.0, "target": 10, "value": 0.13078340492164273, "supply": [{"l": "Demersal Fish", "v": 0.018084888940375677}, {"l": "Freshwater Fish", "v": 0.00094333703523333322}, {"l": "Pelagic Fish", "v": 0.039069179866300888}, {"l": "Marine Fish, Other", "v": 0.0073613005639595374}, {"l": "Fish, Seafood", "v": 0.065324698515773286}]}, {"source": 1, "prod": 275.0, "target": 6, "value": 0.24996159384413139, "supply": [{"l": "Poultry Meat", "v": 0.033408172163096668}, {"l": "Pigmeat", "v": 0.019062860670411644}, {"l": "Bovine Meat", "v": 0.049744009641427826}, {"l": "Eggs", "v": 0.017365977239522729}, {"l": "Milk - Excluding Butter", "v": 0.10548762570093499}, {"l": "Offals, Edible", "v": 0.010037477813320199}, {"l": "Meat, Other", "v": 0.0039488527056279069}, {"l": "Mutton & Goat Meat", "v": 0.012485343113382355}]}, {"source": 13, "prod": 89.0, "target": 4, "value": 0.21347063491920806, "supply": [{"l": "Fats, Animals, Raw", "v": 0.094439696448640462}, {"l": "Beer", "v": 0.02706033385650362}, {"l": "Beverages, Alcoholic", "v": 0.057610940366035715}, {"l": "Butter, Ghee", "v": 0.033111129936690006}, {"l": "Wine", "v": 0.0012485343113382355}]}, {"source": 13, "prod": 22.0, "target": 11, "value": 0.22740149072901189, "supply": [{"l": "Coconut Oil", "v": 0.13324635622670833}, {"l": "Oilcrops Oil, Other", "v": 0.02122508329275}, {"l": "Soyabean Oil", "v": 0.072930051209553537}]}, {"source": 13, "prod": 394.0, "target": 8, "value": 1.5517584793822323, "supply": [{"l": "Honey", "v": 0.003859106053227273}, {"l": "Sweeteners, Other", "v": 0.0078773505004020635}, {"l": "Sugar", "v": 1.540022022828603}]}, {"source": 20, "prod": 0, "target": 3, "value": 0.00010361460178098546, "supply": "[{\"l\":'Energy for power irrigation',\"v\":0.00010361460178098546}]"}, {"source": 20, "prod": 0, "target": 7, "value": 8.789778016252138e-05, "supply": "[{\"l\":'Energy for power irrigation',\"v\":8.789778016252138e-05}]"}, {"source": 20, "prod": 0, "target": 12, "value": 0.0024058379166337802, "supply": "[{\"l\":'Energy for power irrigation',\"v\":0.0024058379166337802}]"}, {"source": 20, "prod": 0, "target": 0, "value": 0.0001257345729477127, "supply": "[{\"l\":'Energy for power irrigation',\"v\":0.0001257345729477127}]"}, {"source": 20, "prod": 0, "target": 2, "value": 0.00029920171525520524, "supply": "[{\"l\":'Energy for power irrigation',\"v\":0.00029920171525520524}]"}, {"source": 20, "prod": 0, "target": 9, "value": 5.5299927916818084e-06, "supply": "[{\"l\":'Energy for power irrigation',\"v\":5.5299927916818084e-06}]"}, {"source": 20, "prod": 0, "target": 13, "value": 0.063155293186410028, "supply": "[{\"l\":'Electricity',\"v\":0.063155293186410028}]"}, {"source": 21, "prod": 0, "target": 20, "value": 0.1508979728641818, "supply": [{"l": "Coal", "v": 0.0}, {"l": "Natural gas", "v": 0.0}, {"l": "Oil", "v": 0.1508979728641818}]}, {"source": 22, "prod": 0, "target": 20, "value": 0.0088418800775928383, "supply": [{"l": "Nuclear", "v": 0.0}, {"l": "Hydroelectric", "v": 0.0046174262627429238}, {"l": "Renewable", "v": 0.0042244538148499136}]}, {"source": 21, "prod": 0, "target": 3, "value": 0.18653811415480578, "supply": [{"l": "Motor Gasoline", "v": 0.0063166073939475145}, {"l": "Gas-Diesel oil", "v": 0.011308739297215291}, {"l": "Fuel oil", "v": 0.16846314288917538}, {"l": "Liquefied petroleum gas (LPG)", "v": 0.00044962457446759581}]}, {"source": 21, "prod": 0, "target": 7, "value": 0.15824300695154872, "supply": [{"l": "Motor Gasoline", "v": 0.005358470317337498}, {"l": "Gas-Diesel oil", "v": 0.0095933687296601618}, {"l": "Fuel oil", "v": 0.14290974481048024}, {"l": "Liquefied petroleum gas (LPG)", "v": 0.00038142309407082566}]}, {"source": 21, "prod": 0, "target": 12, "value": 4.3312473359652373, "supply": [{"l": "Motor Gasoline", "v": 0.1466659458381184}, {"l": "Gas-Diesel oil", "v": 0.2625787613224202}, {"l": "Fuel oil", "v": 3.9115627503424824}, {"l": "Liquefied petroleum gas (LPG)", "v": 0.010439878462216704}]}, {"source": 21, "prod": 0, "target": 0, "value": 0.22636085762605646, "supply": [{"l": "Motor Gasoline", "v": 0.00766509661288013}, {"l": "Gas-Diesel oil", "v": 0.013722964540441026}, {"l": "Fuel oil", "v": 0.20442718462956114}, {"l": "Liquefied petroleum gas (LPG)", "v": 0.00054561184317416112}]}, {"source": 21, "prod": 0, "target": 2, "value": 0.53865500379533804, "supply": [{"l": "Motor Gasoline", "v": 0.018240091013983273}, {"l": "Gas-Diesel oil", "v": 0.032655573026790223}, {"l": "Fuel oil", "v": 0.48646098564627049}, {"l": "Liquefied petroleum gas (LPG)", "v": 0.0012983541082940689}]}, {"source": 21, "prod": 0, "target": 9, "value": 0.0099556858678126678, "supply": [{"l": "Motor Gasoline", "v": 0.00033712230473315389}, {"l": "Gas-Diesel oil", "v": 0.00060355631080643408}, {"l": "Fuel oil", "v": 0.0089910104350964387}, {"l": "Liquefied petroleum gas (LPG)", "v": 2.3996817176641349e-05}]}, {"source": 23, "prod": 0.77681438046717288, "target": 3, "value": 0.0093182078962046055, "supply": [{"l": "Potash", "v": 0.01538333334564}, {"l": "Phosphate", "v": 0.014729166678449998}, {"l": "Nitrogen", "v": 0.24218333352707996}]}, {"source": 23, "prod": 0.65898298567720848, "target": 7, "value": 0.0079047718670050317, "supply": [{"l": "Potash", "v": 0.01538333334564}, {"l": "Phosphate", "v": 0.014729166678449998}, {"l": "Nitrogen", "v": 0.24218333352707996}]}, {"source": 23, "prod": 18.036931654330481, "target": 12, "value": 0.21636041143266088, "supply": [{"l": "Potash", "v": 0.01538333334564}, {"l": "Phosphate", "v": 0.014729166678449998}, {"l": "Nitrogen", "v": 0.24218333352707996}]}, {"source": 23, "prod": 0.94265115831971547, "target": 0, "value": 0.0113074882335966, "supply": [{"l": "Potash", "v": 0.01538333334564}, {"l": "Phosphate", "v": 0.014729166678449998}, {"l": "Nitrogen", "v": 0.24218333352707996}]}, {"source": 23, "prod": 2.2431606267422861, "target": 2, "value": 0.026907634037354876, "supply": [{"l": "Potash", "v": 0.01538333334564}, {"l": "Phosphate", "v": 0.014729166678449998}, {"l": "Nitrogen", "v": 0.24218333352707996}]}, {"source": 23, "prod": 0.041459194463135632, "target": 9, "value": 0.00049732008434799863, "supply": [{"l": "Potash", "v": 0.01538333334564}, {"l": "Phosphate", "v": 0.014729166678449998}, {"l": "Nitrogen", "v": 0.24218333352707996}]}, {"source": 21, "prod": 0, "target": 23, "value": 0.33622179088518139, "supply": [{"l": "Natural gas (including LNG)", "v": 0.2236415637656739}, {"l": "Fuel oil", "v": 0.069769191915767165}, {"l": "Liquefied petroleum gas (LPG)", "v": 0.021405517601870174}, {"l": "Coal", "v": 0.021405517601870174}]}, {"source": 24, "prod": 0, "target": 3, "value": 0.0066240364694713488, "supply": "[{\"l\":'Labor',\"v\":0.0066240364694713488}]"}, {"source": 24, "prod": 0, "target": 7, "value": 0.0056192668926414256, "supply": "[{\"l\":'Labor',\"v\":0.0056192668926414256}]"}, {"source": 24, "prod": 0, "target": 12, "value": 0.15380417263103979, "supply": "[{\"l\":'Labor',\"v\":0.15380417263103979}]"}, {"source": 24, "prod": 0, "target": 0, "value": 0.0080381566146393892, "supply": "[{\"l\":'Labor',\"v\":0.0080381566146393892}]"}, {"source": 24, "prod": 0, "target": 2, "value": 0.019127835647799289, "supply": "[{\"l\":'Labor',\"v\":0.019127835647799289}]"}, {"source": 24, "prod": 0, "target": 9, "value": 0.00035353003629201021, "supply": "[{\"l\":'Labor',\"v\":0.00035353003629201021}]"}, {"source": 21, "prod": 0, "target": 16, "value": 1.6740619000535926, "supply": "[{\"l\":'Fossil Fuels',\"v\":1.6740619000535926}]"}, {"source": 22, "prod": 0, "target": 16, "value": 0.20536755909397353, "supply": "[{\"l\":'Renewables & Nuclear',\"v\":0.0088874388267560119},{\"l\":'Biomass & Waste',\"v\":0.19648012026721751}]"}]}