{"nodes": [{"layer": 5, "name": "Fruits, Roots & Vegetables", "fill": "#98df8a"}, {"layer": 10, "name": "Feed", "fill": "#dbdb8d"}, {"layer": 5, "name": "Cereals", "fill": "#e7ba52"}, {"layer": 13, "name": "Other Processed", "fill": "#9c9ede"}, {"layer": 16, "name": "Food", "fill": "#b5cf6b"}, {"layer": 13, "name": "Animal Products", "fill": "#17becf"}, {"layer": 5, "name": "Oilcrops", "fill": "#ff9896"}, {"layer": 13, "name": "Sugar", "fill": "#d6616b"}, {"layer": 13, "name": "Aquatic Products", "fill": "#1f77b4"}, {"layer": 13, "name": "Vegetable Oils", "fill": "#f7b6d2"}, {"layer": 5, "name": "Sugar Crops", "fill": "#ffbb78"}, {"layer": 10, "name": "Processing", "fill": "#9edae5"}, {"layer": 16, "name": "Biofuels & Other", "fill": "#e7ba52"}, {"name": "Seed", "fill": "#dbdb8d"}, {"name": "Waste", "fill": "#c7c7c7"}, {"layer": 0, "name": "Import", "fill": "#aec7e8"}, {"layer": 16, "name": "Export", "fill": "#aec7e8"}, {"layer": 0, "name": "Stock Draw", "fill": "#c7c7c7"}, {"layer": 16, "name": "Stock Deposit", "fill": "#c7c7c7"}, {"layer": 0, "name": "Production", "fill": "#b5cf6b"}], "links": [{"source": 0, "prod": 0.014318472727734101, "target": 1, "value": 12.0, "supply": [{"l": "Bananas", "v": 2.0}, {"l": "Cassava", "v": 10.0}]}, {"source": 2, "prod": 0.47283679083959895, "target": 1, "value": 138.0, "supply": [{"l": "Maize", "v": 138.0}]}, {"source": 3, "prod": 0.11128279617206845, "target": 4, "value": 62.0, "supply": [{"l": "Beer", "v": 48.0}, {"l": "Beverages, Alcoholic", "v": 6.0}, {"l": "Butter, Ghee", "v": 3.0}, {"l": "Fats, Animals, Raw", "v": 5.0}]}, {"source": 5, "prod": 0.27080451938019329, "target": 4, "value": 285.0, "supply": [{"l": "Eggs", "v": 17.0}, {"l": "Pigmeat", "v": 7.0}, {"l": "Milk - Excluding Butter", "v": 175.0}, {"l": "Mutton & Goat Meat", "v": 1.0}, {"l": "Bovine Meat", "v": 20.0}, {"l": "Poultry Meat", "v": 60.0}, {"l": "Offals, Edible", "v": 5.0}]}, {"source": 2, "prod": 0.88184931689721857, "target": 4, "value": 251.0, "supply": [{"l": "Maize", "v": 37.0}, {"l": "Barley", "v": 1.0}, {"l": "Rice", "v": 50.0}, {"l": "Cereals, Other", "v": 1.0}, {"l": "Wheat", "v": 160.0}, {"l": "Oats", "v": 2.0}]}, {"source": 6, "prod": 0.070882474965607442, "target": 4, "value": 42.0, "supply": [{"l": "Coconuts - Incl Copra", "v": 40.0}, {"l": "Groundnuts", "v": 2.0}]}, {"source": 0, "prod": 0.48472899047565549, "target": 4, "value": 620.0, "supply": [{"l": "Roots, Other", "v": 27.0}, {"l": "Plantains", "v": 28.0}, {"l": "Fruits, Other", "v": 54.0}, {"l": "Yams", "v": 131.0}, {"l": "Grapefruit", "v": 4.0}, {"l": "Cocoa Beans", "v": 1.0}, {"l": "Tomatoes", "v": 25.0}, {"l": "Vegetables, Other", "v": 107.0}, {"l": "Peas", "v": 4.0}, {"l": "Grapes", "v": 1.0}, {"l": "Potatoes", "v": 10.0}, {"l": "Pimento", "v": 4.0}, {"l": "Beans", "v": 1.0}, {"l": "Pulses, Other", "v": 3.0}, {"l": "Lemons, Limes", "v": 23.0}, {"l": "Pineapples", "v": 8.0}, {"l": "Bananas", "v": 136.0}, {"l": "Spices, Other", "v": 1.0}, {"l": "Sweet potatoes", "v": 29.0}, {"l": "Oranges, Mandarines", "v": 12.0}, {"l": "Onions", "v": 4.0}, {"l": "Cassava", "v": 7.0}]}, {"source": 7, "prod": 0.38901563318164584, "target": 4, "value": 102.0, "supply": [{"l": "Sugar", "v": 95.0}, {"l": "Honey", "v": 1.0}, {"l": "Sweeteners, Other", "v": 6.0}]}, {"source": 8, "prod": 0.07808071019617964, "target": 4, "value": 89.0, "supply": [{"l": "Marine Fish, Other", "v": 22.0}, {"l": "Freshwater Fish", "v": 1.0}, {"l": "Pelagic Fish", "v": 10.0}, {"l": "Fish, Seafood", "v": 45.0}, {"l": "Demersal Fish", "v": 11.0}]}, {"source": 9, "prod": 0.24678489907087453, "target": 4, "value": 24.0, "supply": [{"l": "Maize Germ Oil", "v": 1.0}, {"l": "Soyabean Oil", "v": 15.0}, {"l": "Coconut Oil", "v": 8.0}]}, {"source": 10, "prod": 0.83873313011673389, "target": 11, "value": 2450.0, "supply": [{"l": "Sugar cane", "v": 2450.0}]}, {"source": 2, "prod": 0.019592384577923075, "target": 11, "value": 12.0, "supply": [{"l": "Barley", "v": 12.0}]}, {"source": 6, "prod": 0.26844457916016967, "target": 11, "value": 96.0, "supply": [{"l": "Soyabeans", "v": 51.0}, {"l": "Coconuts - Incl Copra", "v": 45.0}]}, {"source": 0, "prod": 0.0037952135689023176, "target": 12, "value": 3.0, "supply": [{"l": "Cassava", "v": 3.0}]}, {"source": 3, "prod": 0.060001677769889426, "target": 12, "value": 7.0, "supply": [{"l": "Fats, Animals, Raw", "v": 7.0}]}, {"source": 6, "prod": 0.074870633460848698, "target": 12, "value": 43.0, "supply": [{"l": "Coconuts - Incl Copra", "v": 38.0}, {"l": "Oilcrops, Other", "v": 5.0}]}, {"source": 7, "prod": 0.0424501665855, "target": 12, "value": 11.0, "supply": [{"l": "Sugar", "v": 11.0}]}, {"source": 0, "prod": 0.00080474249451184835, "target": 13, "value": 1.0, "supply": [{"l": "Potatoes", "v": 1.0}]}, {"source": 5, "prod": 0.0031531072842049517, "target": 5, "value": 2.0, "supply": [{"l": "Eggs", "v": 2.0}]}, {"source": 0, "prod": 0.037892908436933513, "target": 14, "value": 56.0, "supply": [{"l": "Vegetables, Other", "v": 12.0}, {"l": "Bananas", "v": 6.0}, {"l": "Potatoes", "v": 2.0}, {"l": "Roots, Other", "v": 2.0}, {"l": "Fruits, Other", "v": 6.0}, {"l": "Yams", "v": 12.0}, {"l": "Sweet potatoes", "v": 5.0}, {"l": "Grapefruit", "v": 1.0}, {"l": "Oranges, Mandarines", "v": 4.0}, {"l": "Plantains", "v": 3.0}, {"l": "Tomatoes", "v": 3.0}]}, {"source": 5, "prod": 0.0025981257710846212, "target": 14, "value": 3.0, "supply": [{"l": "Eggs", "v": 1.0}, {"l": "Milk - Excluding Butter", "v": 2.0}]}, {"source": 2, "prod": 0.051935336460246839, "target": 14, "value": 15.0, "supply": [{"l": "Maize", "v": 11.0}, {"l": "Wheat", "v": 3.0}, {"l": "Rice", "v": 1.0}]}, {"source": 15, "prod": 0.49793331401025209, "target": 11, "value": 101.0, "supply": [{"l": "Coconut Oil", "v": 2.0}, {"l": "Sugar", "v": 74.0}, {"l": "Maize Germ Oil", "v": 1.0}, {"l": "Butter, Ghee", "v": 4.0}, {"l": "Sweeteners, Other", "v": 6.0}, {"l": "Fats, Animals, Raw", "v": 8.0}, {"l": "Soyabean Oil", "v": 6.0}]}, {"source": 15, "prod": 1.5170065336033864, "target": 2, "value": 442.0, "supply": [{"l": "Maize", "v": 203.0}, {"l": "Oats", "v": 2.0}, {"l": "Barley", "v": 13.0}, {"l": "Rice", "v": 54.0}, {"l": "Cereals, Other", "v": 1.0}, {"l": "Wheat", "v": 169.0}]}, {"source": 15, "prod": 0.22333687573350983, "target": 6, "value": 56.0, "supply": [{"l": "Soyabeans", "v": 51.0}, {"l": "Oilcrops, Other", "v": 5.0}]}, {"source": 15, "prod": 0.0027065358224951852, "target": 0, "value": 7.0, "supply": [{"l": "Oranges, Mandarines", "v": 2.0}, {"l": "Grapefruit", "v": 2.0}, {"l": "Vegetables, Other", "v": 2.0}, {"l": "Grapes", "v": 1.0}]}, {"source": 15, "prod": 0.17044848342706642, "target": 1, "value": 225.0, "supply": [{"l": "Milk - Excluding Butter", "v": 129.0}, {"l": "Fish, Seafood", "v": 35.0}, {"l": "Pelagic Fish", "v": 10.0}, {"l": "Bovine Meat", "v": 5.0}, {"l": "Eggs", "v": 1.0}, {"l": "Poultry Meat", "v": 20.0}, {"l": "Offals, Edible", "v": 1.0}, {"l": "Demersal Fish", "v": 11.0}, {"l": "Marine Fish, Other", "v": 13.0}]}, {"source": 0, "prod": 0.046383192533352435, "target": 16, "value": 69.0, "supply": [{"l": "Coffee", "v": 1.0}, {"l": "Roots, Other", "v": 2.0}, {"l": "Bananas", "v": 11.0}, {"l": "Cocoa Beans", "v": 2.0}, {"l": "Vegetables, Other", "v": 4.0}, {"l": "Fruits, Other", "v": 2.0}, {"l": "Yams", "v": 6.0}, {"l": "Sweet potatoes", "v": 1.0}, {"l": "Grapefruit", "v": 11.0}, {"l": "Oranges, Mandarines", "v": 24.0}, {"l": "Pimento", "v": 3.0}, {"l": "Tomatoes", "v": 2.0}]}, {"source": 3, "prod": 0.043173942587601301, "target": 16, "value": 16.0, "supply": [{"l": "Beer", "v": 4.0}, {"l": "Beverages, Alcoholic", "v": 12.0}]}, {"source": 2, "prod": 0.0033972158811342076, "target": 16, "value": 1.0, "supply": [{"l": "Wheat", "v": 1.0}]}, {"source": 7, "prod": 0.6058796503566819, "target": 16, "value": 157.0, "supply": [{"l": "Sugar", "v": 157.0}]}, {"source": 17, "prod": 0.045405554088630111, "target": 11, "value": 7.0, "supply": [{"l": "Soyabean Oil", "v": 1.0}, {"l": "Beverages, Alcoholic", "v": 2.0}, {"l": "Coconut Oil", "v": 2.0}, {"l": "Sugar", "v": 2.0}]}, {"source": 2, "prod": 0.10983594869353669, "target": 18, "value": 31.0, "supply": [{"l": "Maize", "v": 20.0}, {"l": "Wheat", "v": 5.0}, {"l": "Rice", "v": 6.0}]}, {"source": 3, "prod": 0.0082541990582916686, "target": 18, "value": 1.0, "supply": [{"l": "Butter, Ghee", "v": 1.0}]}, {"source": 19, "prod": 0.02992061299502935, "target": 2, "value": 8.0, "supply": [{"l": "Maize", "v": 4.0}, {"l": "Rice", "v": 4.0}]}, {"source": 19, "prod": 0.19086081185311599, "target": 6, "value": 125.0, "supply": [{"l": "Coconuts - Incl Copra", "v": 123.0}, {"l": "Groundnuts", "v": 2.0}]}, {"source": 19, "prod": 0.57925724147049484, "target": 0, "value": 754.0, "supply": [{"l": "Vegetables, Other", "v": 121.0}, {"l": "Cocoa Beans", "v": 3.0}, {"l": "Potatoes", "v": 12.0}, {"l": "Pineapples", "v": 8.0}, {"l": "Fruits, Other", "v": 62.0}, {"l": "Yams", "v": 149.0}, {"l": "Grapefruit", "v": 15.0}, {"l": "Pulses, Other", "v": 3.0}, {"l": "Tomatoes", "v": 30.0}, {"l": "Coffee", "v": 2.0}, {"l": "Lemons, Limes", "v": 23.0}, {"l": "Plantains", "v": 31.0}, {"l": "Bananas", "v": 155.0}, {"l": "Spices, Other", "v": 1.0}, {"l": "Roots, Other", "v": 31.0}, {"l": "Peas", "v": 4.0}, {"l": "Sweet potatoes", "v": 36.0}, {"l": "Oranges, Mandarines", "v": 38.0}, {"l": "Onions", "v": 4.0}, {"l": "Pimento", "v": 6.0}, {"l": "Cassava", "v": 20.0}]}, {"source": 19, "prod": 0.83873313011673389, "target": 10, "value": 2450.0, "supply": [{"l": "Sugar cane", "v": 2450.0}]}, {"source": 1, "prod": 0.07808071019617964, "target": 8, "value": 89.0, "supply": [{"l": "Demersal Fish", "v": 11.0}, {"l": "Freshwater Fish", "v": 1.0}, {"l": "Pelagic Fish", "v": 10.0}, {"l": "Marine Fish, Other", "v": 22.0}, {"l": "Fish, Seafood", "v": 45.0}]}, {"source": 1, "prod": 0.27340264515127793, "target": 5, "value": 288.0, "supply": [{"l": "Poultry Meat", "v": 60.0}, {"l": "Pigmeat", "v": 7.0}, {"l": "Bovine Meat", "v": 20.0}, {"l": "Eggs", "v": 20.0}, {"l": "Milk - Excluding Butter", "v": 177.0}, {"l": "Offals, Edible", "v": 5.0}, {"l": "Mutton & Goat Meat", "v": 1.0}]}, {"source": 11, "prod": 0.22271261558785083, "target": 3, "value": 86.0, "supply": [{"l": "Fats, Animals, Raw", "v": 12.0}, {"l": "Beer", "v": 52.0}, {"l": "Beverages, Alcoholic", "v": 18.0}, {"l": "Butter, Ghee", "v": 4.0}]}, {"source": 11, "prod": 0.24678489907087453, "target": 9, "value": 24.0, "supply": [{"l": "Maize Germ Oil", "v": 1.0}, {"l": "Coconut Oil", "v": 8.0}, {"l": "Soyabean Oil", "v": 15.0}]}, {"source": 11, "prod": 1.0373454501238277, "target": 7, "value": 270.0, "supply": [{"l": "Honey", "v": 1.0}, {"l": "Sweeteners, Other", "v": 6.0}, {"l": "Sugar", "v": 263.0}]}]}