{"nodes": [{"layer": 5, "name": "Starchy Roots"}, {"layer": 10, "name": "Feed", "fill": "#dbdb8d"}, {"layer": 5, "name": "Fruits & Vegetables"}, {"layer": 5, "name": "Cereals", "fill": "#e7ba52"}, {"layer": 13, "name": "Other Processed", "fill": "#9c9ede"}, {"layer": 16, "name": "Food", "fill": "#b5cf6b"}, {"layer": 13, "name": "Animal Products", "fill": "#17becf"}, {"layer": 5, "name": "Oilcrops", "fill": "#ff9896"}, {"layer": 13, "name": "Sugar", "fill": "#d6616b"}, {"layer": 5, "name": "Others"}, {"layer": 13, "name": "Aquatic Products", "fill": "#1f77b4"}, {"layer": 13, "name": "Vegetable Oils", "fill": "#f7b6d2"}, {"layer": 5, "name": "Sugar Crops", "fill": "#ffbb78"}, {"layer": 10, "name": "Processing", "fill": "#9edae5"}, {"layer": 16, "name": "Biofuels & Other", "fill": "#e7ba52"}, {"name": "Seed", "fill": "#dbdb8d"}, {"name": "Waste", "fill": "#c7c7c7"}, {"layer": 0, "name": "Import", "fill": "#aec7e8"}, {"layer": 16, "name": "Export", "fill": "#aec7e8"}, {"layer": 0, "name": "Stock Draw", "fill": "#c7c7c7"}, {"layer": 16, "name": "Stock Deposit", "fill": "#c7c7c7"}, {"layer": 0, "name": "Production", "fill": "#b5cf6b"}], "links": [{"source": 0, "prod": 0.014784754589145119, "target": 1, "value": 12.0, "supply": [{"l": "Cassava", "v": 12.0}]}, {"source": 2, "prod": 0.0016671997122160089, "target": 1, "value": 2.0, "supply": [{"l": "Bananas", "v": 2.0}]}, {"source": 3, "prod": 0.53056909028789545, "target": 1, "value": 155.0, "supply": [{"l": "Maize", "v": 153.0}, {"l": "Cereals, Other", "v": 2.0}]}, {"source": 4, "prod": 0.12078619611918315, "target": 5, "value": 78.0, "supply": [{"l": "Beer", "v": 62.0}, {"l": "Beverages, Alcoholic", "v": 9.0}, {"l": "Butter, Ghee", "v": 4.0}, {"l": "Fats, Animals, Raw", "v": 3.0}]}, {"source": 6, "prod": 0.2568453798767476, "target": 5, "value": 277.0, "supply": [{"l": "Eggs", "v": 14.0}, {"l": "Pigmeat", "v": 9.0}, {"l": "Milk - Excluding Butter", "v": 177.0}, {"l": "Mutton & Goat Meat", "v": 1.0}, {"l": "Bovine Meat", "v": 16.0}, {"l": "Poultry Meat", "v": 54.0}, {"l": "Offals, Edible", "v": 6.0}]}, {"source": 3, "prod": 0.813931858208506, "target": 5, "value": 232.0, "supply": [{"l": "Maize", "v": 31.0}, {"l": "Barley", "v": 2.0}, {"l": "Rice", "v": 43.0}, {"l": "Cereals, Other", "v": 4.0}, {"l": "Wheat", "v": 150.0}, {"l": "Oats", "v": 2.0}]}, {"source": 7, "prod": 0.095984366944371791, "target": 5, "value": 59.0, "supply": [{"l": "Coconuts - Incl Copra", "v": 57.0}, {"l": "Groundnuts", "v": 2.0}]}, {"source": 8, "prod": 0.45229382620072056, "target": 5, "value": 120.0, "supply": [{"l": "Sugar", "v": 118.0}, {"l": "Honey", "v": 1.0}, {"l": "Sweeteners, Other", "v": 1.0}]}, {"source": 0, "prod": 0.18544630996373829, "target": 5, "value": 178.0, "supply": [{"l": "Roots, Other", "v": 26.0}, {"l": "Yams", "v": 120.0}, {"l": "Potatoes", "v": 6.0}, {"l": "Sweet potatoes", "v": 18.0}, {"l": "Cassava", "v": 8.0}]}, {"source": 2, "prod": 0.20594454150112998, "target": 5, "value": 354.0, "supply": [{"l": "Plantains", "v": 23.0}, {"l": "Fruits, Other", "v": 47.0}, {"l": "Grapefruit", "v": 14.0}, {"l": "Tomatoes", "v": 21.0}, {"l": "Vegetables, Other", "v": 78.0}, {"l": "Peas", "v": 3.0}, {"l": "Beans", "v": 1.0}, {"l": "Pulses, Other", "v": 3.0}, {"l": "Lemons, Limes", "v": 21.0}, {"l": "Pineapples", "v": 4.0}, {"l": "Bananas", "v": 100.0}, {"l": "Oranges, Mandarines", "v": 37.0}, {"l": "Onions", "v": 2.0}]}, {"source": 9, "prod": 0.0065818166941460331, "target": 5, "value": 3.0, "supply": [{"l": "Cocoa Beans", "v": 1.0}, {"l": "Coffee", "v": 1.0}, {"l": "Spices, Other", "v": 1.0}]}, {"source": 10, "prod": 0.060577740474612445, "target": 5, "value": 75.0, "supply": [{"l": "Marine Fish, Other", "v": 15.0}, {"l": "Pelagic Fish", "v": 17.0}, {"l": "Fish, Seafood", "v": 38.0}, {"l": "Demersal Fish", "v": 5.0}]}, {"source": 11, "prod": 0.1962180727188215, "target": 5, "value": 19.0, "supply": [{"l": "Soyabean Oil", "v": 14.0}, {"l": "Coconut Oil", "v": 5.0}]}, {"source": 12, "prod": 0.8738825502216484, "target": 13, "value": 2810.0, "supply": [{"l": "Sugar cane", "v": 2810.0}]}, {"source": 3, "prod": 0.039305709801388894, "target": 13, "value": 15.0, "supply": [{"l": "Barley", "v": 15.0}]}, {"source": 7, "prod": 0.31522741224007805, "target": 13, "value": 110.0, "supply": [{"l": "Soyabeans", "v": 63.0}, {"l": "Coconuts - Incl Copra", "v": 47.0}]}, {"source": 0, "prod": 0.0036961886472862797, "target": 14, "value": 3.0, "supply": [{"l": "Cassava", "v": 3.0}]}, {"source": 4, "prod": 0.085511126934820145, "target": 14, "value": 10.0, "supply": [{"l": "Fats, Animals, Raw", "v": 10.0}]}, {"source": 11, "prod": 0.010612541646375, "target": 14, "value": 1.0, "supply": [{"l": "Oilcrops Oil, Other", "v": 1.0}]}, {"source": 7, "prod": 0.12852526128504416, "target": 14, "value": 88.0, "supply": [{"l": "Coconuts - Incl Copra", "v": 88.0}]}, {"source": 8, "prod": 0.033960133268399993, "target": 14, "value": 9.0, "supply": [{"l": "Sugar", "v": 9.0}]}, {"source": 0, "prod": 0.0013963870587335528, "target": 15, "value": 2.0, "supply": [{"l": "Potatoes", "v": 2.0}]}, {"source": 6, "prod": 0.0031351673992245201, "target": 6, "value": 2.0, "supply": [{"l": "Eggs", "v": 2.0}]}, {"source": 0, "prod": 0.016583034043771941, "target": 16, "value": 16.0, "supply": [{"l": "Potatoes", "v": 1.0}, {"l": "Roots, Other", "v": 1.0}, {"l": "Yams", "v": 11.0}, {"l": "Sweet potatoes", "v": 3.0}]}, {"source": 2, "prod": 0.014522541162499505, "target": 16, "value": 33.0, "supply": [{"l": "Vegetables, Other", "v": 9.0}, {"l": "Bananas", "v": 5.0}, {"l": "Fruits, Other", "v": 6.0}, {"l": "Grapefruit", "v": 3.0}, {"l": "Oranges, Mandarines", "v": 6.0}, {"l": "Plantains", "v": 2.0}, {"l": "Tomatoes", "v": 2.0}]}, {"source": 6, "prod": 0.0025722000544490145, "target": 16, "value": 3.0, "supply": [{"l": "Eggs", "v": 1.0}, {"l": "Milk - Excluding Butter", "v": 2.0}]}, {"source": 3, "prod": 0.051900166545665719, "target": 16, "value": 15.0, "supply": [{"l": "Maize", "v": 11.0}, {"l": "Wheat", "v": 3.0}, {"l": "Rice", "v": 1.0}]}, {"source": 17, "prod": 0.00265313541159375, "target": 9, "value": 1.0, "supply": [{"l": "Cocoa Beans", "v": 1.0}]}, {"source": 17, "prod": 0.16639095873493998, "target": 1, "value": 221.0, "supply": [{"l": "Pigmeat", "v": 1.0}, {"l": "Fish, Seafood", "v": 29.0}, {"l": "Milk - Excluding Butter", "v": 131.0}, {"l": "Mutton & Goat Meat", "v": 1.0}, {"l": "Pelagic Fish", "v": 17.0}, {"l": "Bovine Meat", "v": 4.0}, {"l": "Eggs", "v": 2.0}, {"l": "Poultry Meat", "v": 23.0}, {"l": "Offals, Edible", "v": 2.0}, {"l": "Demersal Fish", "v": 5.0}, {"l": "Marine Fish, Other", "v": 6.0}]}, {"source": 17, "prod": 0.24936857697936743, "target": 13, "value": 31.0, "supply": [{"l": "Coconut Oil", "v": 1.0}, {"l": "Sugar", "v": 5.0}, {"l": "Oilcrops Oil, Other", "v": 1.0}, {"l": "Butter, Ghee", "v": 4.0}, {"l": "Sweeteners, Other", "v": 1.0}, {"l": "Fats, Animals, Raw", "v": 13.0}, {"l": "Soyabean Oil", "v": 6.0}]}, {"source": 17, "prod": 1.6658709158886373, "target": 3, "value": 482.0, "supply": [{"l": "Maize", "v": 211.0}, {"l": "Oats", "v": 2.0}, {"l": "Barley", "v": 15.0}, {"l": "Rice", "v": 55.0}, {"l": "Cereals, Other", "v": 6.0}, {"l": "Wheat", "v": 193.0}]}, {"source": 17, "prod": 0.0011661068028074695, "target": 2, "value": 3.0, "supply": [{"l": "Fruits, Other", "v": 2.0}, {"l": "Vegetables, Other", "v": 1.0}]}, {"source": 17, "prod": 0.2465832385992022, "target": 7, "value": 63.0, "supply": [{"l": "Soyabeans", "v": 63.0}]}, {"source": 17, "prod": 0.0020945805881003293, "target": 0, "value": 3.0, "supply": [{"l": "Potatoes", "v": 3.0}]}, {"source": 0, "prod": 0.0040400535699304536, "target": 18, "value": 4.0, "supply": [{"l": "Roots, Other", "v": 2.0}, {"l": "Yams", "v": 2.0}]}, {"source": 4, "prod": 0.038825642300189783, "target": 18, "value": 12.0, "supply": [{"l": "Beer", "v": 1.0}, {"l": "Beverages, Alcoholic", "v": 11.0}]}, {"source": 2, "prod": 0.03942106962927705, "target": 18, "value": 68.0, "supply": [{"l": "Vegetables, Other", "v": 2.0}, {"l": "Bananas", "v": 33.0}, {"l": "Fruits, Other", "v": 8.0}, {"l": "Grapefruit", "v": 9.0}, {"l": "Oranges, Mandarines", "v": 15.0}, {"l": "Lemons, Limes", "v": 1.0}]}, {"source": 8, "prod": 0.49808195460319993, "target": 18, "value": 132.0, "supply": [{"l": "Sugar", "v": 132.0}]}, {"source": 9, "prod": 0.01862869701299219, "target": 18, "value": 5.0, "supply": [{"l": "Coffee", "v": 1.0}, {"l": "Cocoa Beans", "v": 1.0}, {"l": "Infant food", "v": 1.0}, {"l": "Pimento", "v": 2.0}]}, {"source": 19, "prod": 0.079240310959599991, "target": 13, "value": 21.0, "supply": [{"l": "Sugar", "v": 21.0}]}, {"source": 3, "prod": 0.25385399718248836, "target": 20, "value": 72.0, "supply": [{"l": "Maize", "v": 20.0}, {"l": "Wheat", "v": 39.0}, {"l": "Rice", "v": 13.0}]}, {"source": 4, "prod": 0.029138053247912462, "target": 20, "value": 4.0, "supply": [{"l": "Fats, Animals, Raw", "v": 3.0}, {"l": "Beverages, Alcoholic", "v": 1.0}]}, {"source": 19, "prod": 0.0052407613068518521, "target": 3, "value": 2.0, "supply": [{"l": "Barley", "v": 2.0}]}, {"source": 11, "prod": 0.030993257351035881, "target": 20, "value": 3.0, "supply": [{"l": "Soyabean Oil", "v": 3.0}]}, {"source": 21, "prod": 0.021843952186653533, "target": 3, "value": 6.0, "supply": [{"l": "Maize", "v": 4.0}, {"l": "Rice", "v": 2.0}]}, {"source": 21, "prod": 0.29315380187029177, "target": 7, "value": 194.0, "supply": [{"l": "Coconuts - Incl Copra", "v": 192.0}, {"l": "Groundnuts", "v": 2.0}]}, {"source": 21, "prod": 0.8738825502216484, "target": 12, "value": 2810.0, "supply": [{"l": "Sugar cane", "v": 2810.0}]}, {"source": 21, "prod": 0.22552063033582637, "target": 0, "value": 214.0, "supply": [{"l": "Potatoes", "v": 7.0}, {"l": "Yams", "v": 133.0}, {"l": "Roots, Other", "v": 30.0}, {"l": "Sweet potatoes", "v": 21.0}, {"l": "Cassava", "v": 23.0}]}, {"source": 21, "prod": 0.2607072308031399, "target": 2, "value": 453.0, "supply": [{"l": "Vegetables, Other", "v": 88.0}, {"l": "Pineapples", "v": 4.0}, {"l": "Fruits, Other", "v": 59.0}, {"l": "Grapefruit", "v": 26.0}, {"l": "Pulses, Other", "v": 3.0}, {"l": "Tomatoes", "v": 23.0}, {"l": "Lemons, Limes", "v": 22.0}, {"l": "Plantains", "v": 25.0}, {"l": "Bananas", "v": 140.0}, {"l": "Peas", "v": 4.0}, {"l": "Oranges, Mandarines", "v": 57.0}, {"l": "Onions", "v": 2.0}]}, {"source": 21, "prod": 0.024048291487138222, "target": 9, "value": 7.0, "supply": [{"l": "Cocoa Beans", "v": 2.0}, {"l": "Coffee", "v": 2.0}, {"l": "Spices, Other", "v": 1.0}, {"l": "Pimento", "v": 2.0}]}, {"source": 1, "prod": 0.060577740474612445, "target": 10, "value": 75.0, "supply": [{"l": "Demersal Fish", "v": 5.0}, {"l": "Pelagic Fish", "v": 17.0}, {"l": "Marine Fish, Other", "v": 15.0}, {"l": "Fish, Seafood", "v": 38.0}]}, {"source": 1, "prod": 0.25941757993119663, "target": 6, "value": 280.0, "supply": [{"l": "Poultry Meat", "v": 54.0}, {"l": "Pigmeat", "v": 9.0}, {"l": "Bovine Meat", "v": 16.0}, {"l": "Eggs", "v": 17.0}, {"l": "Milk - Excluding Butter", "v": 179.0}, {"l": "Offals, Edible", "v": 6.0}, {"l": "Mutton & Goat Meat", "v": 1.0}]}, {"source": 13, "prod": 0.2742610186021055, "target": 4, "value": 104.0, "supply": [{"l": "Fats, Animals, Raw", "v": 16.0}, {"l": "Beer", "v": 63.0}, {"l": "Beverages, Alcoholic", "v": 21.0}, {"l": "Butter, Ghee", "v": 4.0}]}, {"source": 13, "prod": 0.2378238717162324, "target": 11, "value": 23.0, "supply": [{"l": "Coconut Oil", "v": 5.0}, {"l": "Oilcrops Oil, Other", "v": 1.0}, {"l": "Soyabean Oil", "v": 17.0}]}, {"source": 13, "prod": 0.98433591407232046, "target": 8, "value": 261.0, "supply": [{"l": "Honey", "v": 1.0}, {"l": "Sweeteners, Other", "v": 1.0}, {"l": "Sugar", "v": 259.0}]}]}