{"nodes": [{"layer": 5, "name": "Fruits, Roots & Vegetables", "fill": "#98df8a"}, {"layer": 10, "name": "Feed", "fill": "#dbdb8d"}, {"layer": 5, "name": "Cereals", "fill": "#e7ba52"}, {"layer": 13, "name": "Other Processed", "fill": "#9c9ede"}, {"layer": 16, "name": "Food", "fill": "#b5cf6b"}, {"layer": 13, "name": "Animal Products", "fill": "#17becf"}, {"layer": 5, "name": "Oilcrops", "fill": "#ff9896"}, {"layer": 13, "name": "Sugar", "fill": "#d6616b"}, {"layer": 13, "name": "Aquatic Products", "fill": "#1f77b4"}, {"layer": 13, "name": "Vegetable Oils", "fill": "#f7b6d2"}, {"layer": 5, "name": "Sugar Crops", "fill": "#ffbb78"}, {"layer": 10, "name": "Processing", "fill": "#9edae5"}, {"layer": 16, "name": "Biofuels & Other", "fill": "#e7ba52"}, {"name": "Waste", "fill": "#c7c7c7"}, {"layer": 2, "name": "Import", "fill": "#aec7e8"}, {"layer": 16, "name": "Export", "fill": "#aec7e8"}, {"layer": 0, "name": "Stock Draw", "fill": "#c7c7c7"}, {"layer": 16, "name": "Stock Deposit", "fill": "#c7c7c7"}, {"name": "Crop Residue", "fill": "#bd9e39"}, {"layer": 2, "name": "Electricity", "fill": "#bcbd22"}, {"layer": 0, "name": "Fossil Fuels", "fill": "#c49c94"}, {"layer": 0, "name": "Renewables & Nuclear", "fill": "#2ca02c"}, {"layer": 2, "name": "Fertilizers", "fill": "#c5b0d5"}, {"layer": 0, "name": "Labor", "fill": "#7f7f7f"}], "links": [{"source": 0, "prod": 16.0, "target": 1, "value": 0.019125628122007174, "supply": [{"l": "Cassava", "v": 0.017442835745823899}, {"l": "Bananas", "v": 0.0016827923761832746}]}, {"source": 2, "prod": 119.0, "target": 1, "value": 0.40850906962324945, "supply": [{"l": "Maize", "v": 0.38844700459311587}, {"l": "Cereals, Other", "v": 0.020062065030133559}]}, {"source": 3, "prod": 70.0, "target": 4, "value": 0.1186151177223598, "supply": [{"l": "Beer", "v": 0.027117847144352759}, {"l": "Beverages, Alcoholic", "v": 0.024165908086323799}, {"l": "Butter, Ghee", "v": 0.033371229223283241}, {"l": "Fats, Animals, Raw", "v": 0.0339601332684}]}, {"source": 5, "prod": 255.0, "target": 4, "value": 0.25678982943445666, "supply": [{"l": "Eggs", "v": 0.020629987499495329}, {"l": "Pigmeat", "v": 0.011886046643940001}, {"l": "Poultry Meat", "v": 0.07187727321556639}, {"l": "Milk - Excluding Butter", "v": 0.084741492510249775}, {"l": "Mutton & Goat Meat", "v": 0.0051454747376363632}, {"l": "Bovine Meat", "v": 0.054255355769277147}, {"l": "Offals, Edible", "v": 0.0082541990582916652}]}, {"source": 2, "prod": 222.0, "target": 4, "value": 0.77643678794681548, "supply": [{"l": "Maize", "v": 0.075626850451757072}, {"l": "Barley", "v": 0.0048056792360943405}, {"l": "Rice", "v": 0.16316919119195272}, {"l": "Cereals, Other", "v": 0.040124130060267119}, {"l": "Wheat", "v": 0.48881642631082683}, {"l": "Oats", "v": 0.0038945106959174321}]}, {"source": 6, "prod": 43.0, "target": 4, "value": 0.068000529456814604, "supply": [{"l": "Coconuts - Incl Copra", "v": 0.061178181255573533}, {"l": "Groundnuts", "v": 0.0068223482012410722}]}, {"source": 0, "prod": 482.0, "target": 4, "value": 0.36404009409937299, "supply": [{"l": "Roots, Other", "v": 0.025524262843275119}, {"l": "Plantains", "v": 0.01788482854903346}, {"l": "Fruits, Other", "v": 0.020858134627998178}, {"l": "Yams", "v": 0.11832218002225517}, {"l": "Grapefruit", "v": 0.0033767177965738642}, {"l": "Cocoa Beans", "v": 0.0021956982716637933}, {"l": "Tomatoes", "v": 0.0043316496515816332}, {"l": "Coffee", "v": 0.00042878956146969697}, {"l": "Vegetables, Other", "v": 0.015628286628393644}, {"l": "Peas", "v": 0.011755430746753845}, {"l": "Grapes", "v": 0.00075803868902678576}, {"l": "Potatoes", "v": 0.0057779393408041672}, {"l": "Pimento", "v": 0.0036913188335217393}, {"l": "Beans", "v": 0.0034419053988243241}, {"l": "Pulses, Other", "v": 0.0076192606691923084}, {"l": "Lemons, Limes", "v": 0.0062295841949371071}, {"l": "Pineapples", "v": 0.0018950967225669646}, {"l": "Bananas", "v": 0.063946110294964442}, {"l": "Spices, Other", "v": 0.0033960133268400002}, {"l": "Sweet potatoes", "v": 0.020698049621823932}, {"l": "Oranges, Mandarines", "v": 0.012239636132203661}, {"l": "Onions", "v": 0.0015819937857950311}, {"l": "Cassava", "v": 0.012459168389874214}]}, {"source": 7, "prod": 114.0, "target": 4, "value": 0.47238832279970083, "supply": [{"l": "Sugar", "v": 0.46027940588544836}, {"l": "Sweeteners, Other", "v": 0.0083852180909629644}, {"l": "Honey", "v": 0.003723698823289474}]}, {"source": 8, "prod": 68.0, "target": 4, "value": 0.052404937166322142, "supply": [{"l": "Marine Fish, Other", "v": 0.010838340404808511}, {"l": "Freshwater Fish", "v": 0.0006632838528984375}, {"l": "Pelagic Fish", "v": 0.010256416087771813}, {"l": "Fish, Seafood", "v": 0.02617845823289601}, {"l": "Demersal Fish", "v": 0.0044684385879473695}]}, {"source": 9, "prod": 22.0, "target": 4, "value": 0.23486258882211547, "supply": [{"l": "Soyabean Oil", "v": 0.061393726266977193}, {"l": "Coconut Oil", "v": 0.12330048386318375}, {"l": "Oilcrops Oil, Other", "v": 0.050168378691954549}]}, {"source": 10, "prod": 3252.0, "target": 11, "value": 1.1193076356976703, "supply": [{"l": "Sugar cane", "v": 1.1193076356976703}]}, {"source": 2, "prod": 13.0, "target": 11, "value": 0.031236915034613205, "supply": [{"l": "Barley", "v": 0.031236915034613205}]}, {"source": 6, "prod": 85.0, "target": 11, "value": 0.21771317053960479, "supply": [{"l": "Soyabeans", "v": 0.14488200237820772}, {"l": "Coconuts - Incl Copra", "v": 0.072831168161397064}]}, {"source": 0, "prod": 4.0, "target": 12, "value": 0.0049836673559496853, "supply": [{"l": "Cassava", "v": 0.0049836673559496853}]}, {"source": 3, "prod": 11.0, "target": 12, "value": 0.093390366488100007, "supply": [{"l": "Fats, Animals, Raw", "v": 0.093390366488100007}]}, {"source": 9, "prod": 1.0, "target": 12, "value": 0.012542094672988637, "supply": [{"l": "Oilcrops Oil, Other", "v": 0.012542094672988637}]}, {"source": 6, "prod": 48.0, "target": 12, "value": 0.069917921434941188, "supply": [{"l": "Coconuts - Incl Copra", "v": 0.069917921434941188}]}, {"source": 7, "prod": 8.0, "target": 12, "value": 0.033173290514266547, "supply": [{"l": "Sugar", "v": 0.033173290514266547}]}, {"source": 0, "prod": 3.0, "target": 0, "value": 0.0055693167272429494, "supply": [{"l": "Potatoes", "v": 0.0016508398116583333}, {"l": "Peas", "v": 0.0039184769155846157}]}, {"source": 5, "prod": 2.0, "target": 5, "value": 0.0031738442306915894, "supply": [{"l": "Eggs", "v": 0.0031738442306915894}]}, {"source": 0, "prod": 47.0, "target": 13, "value": 0.031134800076674043, "supply": [{"l": "Vegetables, Other", "v": 0.0016830462522885465}, {"l": "Bananas", "v": 0.005048377128549825}, {"l": "Potatoes", "v": 0.0016508398116583333}, {"l": "Roots, Other", "v": 0.00098170241704904296}, {"l": "Fruits, Other", "v": 0.0027810846170664236}, {"l": "Yams", "v": 0.010470989382500457}, {"l": "Sweet potatoes", "v": 0.0034496749369706549}, {"l": "Grapefruit", "v": 0.00072358238498011372}, {"l": "Oranges, Mandarines", "v": 0.0016999494628060644}, {"l": "Plantains", "v": 0.0021040974763568776}, {"l": "Tomatoes", "v": 0.00054145620644770415}]}, {"source": 5, "prod": 3.0, "target": 13, "value": 0.0026874609791152724, "supply": [{"l": "Eggs", "v": 0.0015869221153457947}, {"l": "Milk - Excluding Butter", "v": 0.0011005388637694775}]}, {"source": 2, "prod": 12.0, "target": 13, "value": 0.041763578219489068, "supply": [{"l": "Maize", "v": 0.027500672891548027}, {"l": "Wheat", "v": 0.010183675548142226}, {"l": "Rice", "v": 0.0040792297797988186}]}, {"source": 14, "prod": 38.0, "target": 11, "value": 0.28896594226257605, "supply": [{"l": "Coconut Oil", "v": 0.030825120965795937}, {"l": "Sugar", "v": 0.0456132744571165}, {"l": "Oilcrops Oil, Other", "v": 0.050168378691954549}, {"l": "Butter, Ghee", "v": 0.033371229223283241}, {"l": "Sweeteners, Other", "v": 0.0083852180909629644}, {"l": "Fats, Animals, Raw", "v": 0.11037043312230001}, {"l": "Soyabean Oil", "v": 0.010232287711162866}]}, {"source": 14, "prod": 319.0, "target": 2, "value": 1.0908475088029137, "supply": [{"l": "Maize", "v": 0.45719868682198594}, {"l": "Barley", "v": 0.036042594270707544}, {"l": "Rice", "v": 0.12237689339396456}, {"l": "Cereals, Other", "v": 0.033436775050222599}, {"l": "Wheat", "v": 0.43789804857011566}, {"l": "Oats", "v": 0.0038945106959174321}]}, {"source": 14, "prod": 35.0, "target": 6, "value": 0.14488200237820772, "supply": [{"l": "Soyabeans", "v": 0.14488200237820772}]}, {"source": 14, "prod": 192.0, "target": 1, "value": 0.15812291537464587, "supply": [{"l": "Pigmeat", "v": 0.0014857558304925001}, {"l": "Milk - Excluding Butter", "v": 0.060529637507321266}, {"l": "Fish, Seafood", "v": 0.018478911693808952}, {"l": "Mutton & Goat Meat", "v": 0.0025727373688181816}, {"l": "Pelagic Fish", "v": 0.010256416087771813}, {"l": "Bovine Meat", "v": 0.022195372814704285}, {"l": "Eggs", "v": 0.0031738442306915894}, {"l": "Poultry Meat", "v": 0.027870779410117577}, {"l": "Offals, Edible", "v": 0.0035375138821250002}, {"l": "Demersal Fish", "v": 0.0044684385879473695}, {"l": "Marine Fish, Other", "v": 0.0028902241079489361}, {"l": "Freshwater Fish", "v": 0.0006632838528984375}]}, {"source": 14, "prod": 15.0, "target": 0, "value": 0.011976006824237882, "supply": [{"l": "Vegetables, Other", "v": 0.00048087035779672757}, {"l": "Oranges, Mandarines", "v": 0.00033998989256121283}, {"l": "Cocoa Beans", "v": 0.0021956982716637933}, {"l": "Potatoes", "v": 0.0033016796233166666}, {"l": "Fruits, Other", "v": 0.00046351410284440399}, {"l": "Grapefruit", "v": 0.00072358238498011372}, {"l": "Beans", "v": 0.0034419053988243241}, {"l": "Tomatoes", "v": 0.00027072810322385207}, {"l": "Grapes", "v": 0.00075803868902678576}]}, {"source": 0, "prod": 117.0, "target": 15, "value": 0.091388456540643495, "supply": [{"l": "Coffee", "v": 0.00042878956146969697}, {"l": "Vegetables, Other", "v": 0.00048087035779672757}, {"l": "Bananas", "v": 0.063946110294964442}, {"l": "Cocoa Beans", "v": 0.0043913965433275866}, {"l": "Infant food", "v": 0.0011622222200000001}, {"l": "Roots, Other", "v": 0.0019634048340980859}, {"l": "Fruits, Other", "v": 0.0032445987199108284}, {"l": "Yams", "v": 0.0020941978765000916}, {"l": "Grapefruit", "v": 0.0028943295399204549}, {"l": "Oranges, Mandarines", "v": 0.0033998989256121288}, {"l": "Pimento", "v": 0.0073826376670434787}]}, {"source": 3, "prod": 12.0, "target": 15, "value": 0.038468050187626925, "supply": [{"l": "Beer", "v": 0.00049305176626095919}, {"l": "Beverages, Alcoholic", "v": 0.037974998421365966}]}, {"source": 5, "prod": 2.0, "target": 15, "value": 0.0011005388637694775, "supply": [{"l": "Milk - Excluding Butter", "v": 0.0011005388637694775}]}, {"source": 7, "prod": 217.0, "target": 15, "value": 0.89982550519948001, "supply": [{"l": "Sugar", "v": 0.89982550519948001}]}, {"source": 16, "prod": 34.0, "target": 11, "value": 0.17389543407493277, "supply": [{"l": "Coconut Oil", "v": 0.041100161287727914}, {"l": "Oilcrops Oil, Other", "v": 0.012542094672988637}, {"l": "Sugar", "v": 0.12025317811421622}]}, {"source": 16, "prod": 1.0, "target": 0, "value": 0.0021956982716637933, "supply": [{"l": "Cocoa Beans", "v": 0.0021956982716637933}]}, {"source": 3, "prod": 1.0, "target": 17, "value": 0.0084900333171, "supply": [{"l": "Fats, Animals, Raw", "v": 0.0084900333171}]}, {"source": 16, "prod": 37.0, "target": 2, "value": 0.13203832964306703, "supply": [{"l": "Cereals, Other", "v": 0.026749420040178079}, {"l": "Wheat", "v": 0.064496611804900766}, {"l": "Rice", "v": 0.040792297797988181}]}, {"source": 1, "prod": 68.0, "target": 8, "value": 0.052404937166322142, "supply": [{"l": "Demersal Fish", "v": 0.0044684385879473695}, {"l": "Freshwater Fish", "v": 0.0006632838528984375}, {"l": "Pelagic Fish", "v": 0.010256416087771813}, {"l": "Marine Fish, Other", "v": 0.010838340404808511}, {"l": "Fish, Seafood", "v": 0.02617845823289601}]}, {"source": 1, "prod": 260.0, "target": 5, "value": 0.26057782927734141, "supply": [{"l": "Milk - Excluding Butter", "v": 0.086942570237788716}, {"l": "Pigmeat", "v": 0.011886046643940001}, {"l": "Bovine Meat", "v": 0.054255355769277147}, {"l": "Eggs", "v": 0.025390753845532715}, {"l": "Poultry Meat", "v": 0.07187727321556639}, {"l": "Offals, Edible", "v": 0.0082541990582916652}, {"l": "Mutton & Goat Meat", "v": 0.0051454747376363632}]}, {"source": 11, "prod": 94.0, "target": 3, "value": 0.25896356771518675, "supply": [{"l": "Fats, Animals, Raw", "v": 0.1358405330736}, {"l": "Beer", "v": 0.027610898910613718}, {"l": "Beverages, Alcoholic", "v": 0.062140906507689761}, {"l": "Butter, Ghee", "v": 0.033371229223283241}]}, {"source": 11, "prod": 23.0, "target": 9, "value": 0.24740468349510411, "supply": [{"l": "Coconut Oil", "v": 0.12330048386318375}, {"l": "Oilcrops Oil, Other", "v": 0.062710473364943189}, {"l": "Soyabean Oil", "v": 0.061393726266977193}]}, {"source": 11, "prod": 339.0, "target": 7, "value": 1.4053871185134474, "supply": [{"l": "Honey", "v": 0.003723698823289474}, {"l": "Sweeteners, Other", "v": 0.0083852180909629644}, {"l": "Sugar", "v": 1.3932782015991949}]}, {"source": 0, "prod": 661.0, "target": 18, "value": 1.6919918446160773, "supply": [{"l": "Vegetables, Other", "v": 0.25452666618000003}, {"l": "Yams", "v": 0.21791666625000003}, {"l": "Tomatoes", "v": 0.061016666550000015}, {"l": "Roots, Other", "v": 0.050556666570000006}, {"l": "Peas", "v": 0.01220333331}, {"l": "Potatoes", "v": 0.016561666635000003}, {"l": "Beans", "v": 0.0017433333300000001}, {"l": "Pulses, Other", "v": 0.0069733333200000004}, {"l": "Sweet potatoes", "v": 0.037481666595000004}, {"l": "Onions", "v": 0.010459999980000002}, {"l": "Cassava", "v": 0.048813333240000006}]}, {"source": 10, "prod": 1300.8000000000002, "target": 18, "value": 0.44772305427906817, "supply": [{"l": "Sugar cane", "v": 0.44772305427906817}]}, {"source": 2, "prod": 376.0, "target": 18, "value": 1.3380753927506934, "supply": [{"l": "Maize", "v": 0.5299733323200001}, {"l": "Barley", "v": 0.052299999899999998}, {"l": "Rice", "v": 0.14643999972000002}, {"l": "Cereals, Other", "v": 0.06275999988}, {"l": "Wheat", "v": 0.51253999902000003}, {"l": "Oats", "v": 0.0069733333200000013}]}, {"source": 6, "prod": 158.0, "target": 18, "value": 0.23791648667854579, "supply": [{"l": "Coconuts - Incl Copra", "v": 0.48638999906999997}, {"l": "Groundnuts", "v": 0.0034866666600000006}, {"l": "Soyabeans", "v": 0.061016666550000001}]}, {"source": 19, "prod": 0, "target": 0, "value": 0.00081439640960686936, "supply": "[{\"l\":'Energy for power irrigation',\"v\":0.00081439640960686936}]"}, {"source": 19, "prod": 0, "target": 10, "value": 0.0040066824872035389, "supply": "[{\"l\":'Energy for power irrigation',\"v\":0.0040066824872035389}]"}, {"source": 19, "prod": 0, "target": 2, "value": 0.0002316286308715453, "supply": "[{\"l\":'Energy for power irrigation',\"v\":0.0002316286308715453}]"}, {"source": 19, "prod": 0, "target": 6, "value": 0.00019466661530693702, "supply": "[{\"l\":'Energy for power irrigation',\"v\":0.00019466661530693702}]"}, {"source": 19, "prod": 0, "target": 11, "value": 0.10945162751771051, "supply": "[{\"l\":'Electricity',\"v\":0.10945162751771051}]"}, {"source": 20, "prod": 0, "target": 19, "value": 0.23024600369728021, "supply": [{"l": "Coal", "v": 0.0}, {"l": "Natural gas", "v": 0.0}, {"l": "Oil", "v": 0.23024600369728021}]}, {"source": 21, "prod": 0, "target": 19, "value": 0.027205520255732956, "supply": [{"l": "Nuclear", "v": 0.0}, {"l": "Hydroelectric", "v": 0.0071975769608613981}, {"l": "Renewable", "v": 0.020007943294871558}]}, {"source": 20, "prod": 0, "target": 0, "value": 0.83920207818912351, "supply": [{"l": "Motor Gasoline", "v": 0.028647472042953977}, {"l": "Gas-Diesel oil", "v": 0.044490882089282924}, {"l": "Fuel oil", "v": 0.7640245586277945}, {"l": "Liquefied petroleum gas (LPG)", "v": 0.0020391654290921337}]}, {"source": 20, "prod": 0, "target": 10, "value": 4.1287218733298481, "supply": [{"l": "Motor Gasoline", "v": 0.14094036169997931}, {"l": "Gas-Diesel oil", "v": 0.21888706286588208}, {"l": "Fuel oil", "v": 3.7588621250493004}, {"l": "Liquefied petroleum gas (LPG)", "v": 0.010032323714686261}]}, {"source": 20, "prod": 0, "target": 2, "value": 0.23868379833518188, "supply": [{"l": "Motor Gasoline", "v": 0.008147843788313687}, {"l": "Gas-Diesel oil", "v": 0.012653987644153085}, {"l": "Fuel oil", "v": 0.21730199246902476}, {"l": "Liquefied petroleum gas (LPG)", "v": 0.00057997443369034972}]}, {"source": 20, "prod": 0, "target": 6, "value": 0.20059595817531245, "supply": [{"l": "Motor Gasoline", "v": 0.0068476559497529935}, {"l": "Gas-Diesel oil", "v": 0.010634734296681849}, {"l": "Fuel oil", "v": 0.18262614260694635}, {"l": "Liquefied petroleum gas (LPG)", "v": 0.00048742532193125139}]}, {"source": 22, "prod": 2.2969711199812166, "target": 0, "value": 0.018009753868990255, "supply": [{"l": "Potash", "v": 0.01538333334564}, {"l": "Phosphate", "v": 0.018095833347809998}, {"l": "Nitrogen", "v": 0.082562500066049982}]}, {"source": 22, "prod": 11.300680911011975, "target": 10, "value": 0.088604719488587433, "supply": [{"l": "Potash", "v": 0.01538333334564}, {"l": "Phosphate", "v": 0.018095833347809998}, {"l": "Nitrogen", "v": 0.082562500066049982}]}, {"source": 22, "prod": 0.65329889645456685, "target": 2, "value": 0.0051222900565358054, "supply": [{"l": "Potash", "v": 0.01538333334564}, {"l": "Phosphate", "v": 0.018095833347809998}, {"l": "Nitrogen", "v": 0.082562500066049982}]}, {"source": 22, "prod": 0.54904907255224233, "target": 6, "value": 0.0043049033453864752, "supply": [{"l": "Potash", "v": 0.01538333334564}, {"l": "Phosphate", "v": 0.018095833347809998}, {"l": "Nitrogen", "v": 0.082562500066049982}]}, {"source": 20, "prod": 0, "target": 22, "value": 0.15191377207999848, "supply": [{"l": "Natural gas (including LNG)", "v": 0.098578186247179567}, {"l": "Fuel oil", "v": 0.038740914740634715}, {"l": "Liquefied petroleum gas (LPG)", "v": 0.007297335546092105}, {"l": "Coal", "v": 0.007297335546092105}]}, {"source": 23, "prod": 0, "target": 2, "value": 0.0090772641386905797, "supply": "[{\"l\":'Labor',\"v\":0.0090772641386905797}]"}, {"source": 23, "prod": 0, "target": 6, "value": 0.0076287645420910193, "supply": "[{\"l\":'Labor',\"v\":0.0076287645420910193}]"}, {"source": 23, "prod": 0, "target": 0, "value": 0.03191527444507699, "supply": "[{\"l\":'Labor',\"v\":0.03191527444507699}]"}, {"source": 23, "prod": 0, "target": 10, "value": 0.15701735627139235, "supply": "[{\"l\":'Labor',\"v\":0.15701735627139235}]"}, {"source": 20, "prod": 0, "target": 14, "value": 1.1410323218891969, "supply": "[{\"l\":'Fossil Fuels',\"v\":1.1410323218891969}]"}, {"source": 21, "prod": 0, "target": 14, "value": 0.12463181189877209, "supply": "[{\"l\":'Renewables & Nuclear',\"v\":0.004994479282223214},{\"l\":'Biomass & Waste',\"v\":0.11963733261654888}]"}]}