{"nodes": [{"layer": 5, "name": "Starchy Roots"}, {"layer": 10, "name": "Feed", "fill": "#dbdb8d"}, {"layer": 5, "name": "Fruits & Vegetables"}, {"layer": 5, "name": "Cereals", "fill": "#e7ba52"}, {"layer": 13, "name": "Other Processed", "fill": "#9c9ede"}, {"layer": 16, "name": "Food", "fill": "#b5cf6b"}, {"layer": 13, "name": "Animal Products", "fill": "#17becf"}, {"layer": 5, "name": "Oilcrops", "fill": "#ff9896"}, {"layer": 13, "name": "Sugar", "fill": "#d6616b"}, {"layer": 5, "name": "Others"}, {"layer": 13, "name": "Aquatic Products", "fill": "#1f77b4"}, {"layer": 13, "name": "Vegetable Oils", "fill": "#f7b6d2"}, {"layer": 5, "name": "Sugar Crops", "fill": "#ffbb78"}, {"layer": 10, "name": "Processing", "fill": "#9edae5"}, {"layer": 16, "name": "Biofuels & Other", "fill": "#e7ba52"}, {"name": "Waste", "fill": "#c7c7c7"}, {"layer": 2, "name": "Import", "fill": "#aec7e8"}, {"layer": 16, "name": "Export", "fill": "#aec7e8"}, {"layer": 16, "name": "Stock Deposit", "fill": "#c7c7c7"}, {"layer": 0, "name": "Stock Draw", "fill": "#c7c7c7"}, {"name": "Crop Residue", "fill": "#bd9e39"}, {"layer": 2, "name": "Electricity", "fill": "#bcbd22"}, {"layer": 0, "name": "Fossil Fuels", "fill": "#c49c94"}, {"layer": 0, "name": "Renewables & Nuclear", "fill": "#2ca02c"}, {"layer": 2, "name": "Fertilizers", "fill": "#c5b0d5"}, {"layer": 0, "name": "Labor", "fill": "#7f7f7f"}], "links": [{"source": 0, "prod": 7.0, "target": 1, "value": 0.0091431128030307705, "supply": [{"l": "Cassava", "v": 0.0091431128030307705}]}, {"source": 2, "prod": 2.0, "target": 1, "value": 0.001683759467922197, "supply": [{"l": "Bananas", "v": 0.001683759467922197}]}, {"source": 3, "prod": 97.0, "target": 1, "value": 0.33283881555117178, "supply": [{"l": "Maize", "v": 0.32308549500089279}, {"l": "Cereals, Other", "v": 0.0097533205502789936}]}, {"source": 4, "prod": 72.0, "target": 5, "value": 0.12068116125026321, "supply": [{"l": "Beer", "v": 0.028026774351378757}, {"l": "Beverages, Alcoholic", "v": 0.017143336505682692}, {"l": "Butter, Ghee", "v": 0.041169342593696125}, {"l": "Fats, Animals, Raw", "v": 0.034341707799505621}]}, {"source": 6, "prod": 298.0, "target": 5, "value": 0.26461097356320656, "supply": [{"l": "Eggs", "v": 0.017448378080516903}, {"l": "Pigmeat", "v": 0.014727608815377553}, {"l": "Poultry Meat", "v": 0.048014890768085093}, {"l": "Milk - Excluding Butter", "v": 0.11706201999620008}, {"l": "Mutton & Goat Meat", "v": 0.0079099689289751553}, {"l": "Bovine Meat", "v": 0.052298605233336008}, {"l": "Offals, Edible", "v": 0.0071495017407157899}]}, {"source": 3, "prod": 229.0, "target": 5, "value": 0.80311272915905341, "supply": [{"l": "Maize", "v": 0.065304514946988967}, {"l": "Barley", "v": 0.0025470099951300004}, {"l": "Rice", "v": 0.16161982998940747}, {"l": "Cereals, Other", "v": 0.029259961650836979}, {"l": "Wheat", "v": 0.54010072350924454}, {"l": "Oats", "v": 0.0042806890674453781}]}, {"source": 7, "prod": 35.0, "target": 5, "value": 0.056509285215883699, "supply": [{"l": "Coconuts - Incl Copra", "v": 0.049562894320074609}, {"l": "Groundnuts", "v": 0.0069463908958090903}]}, {"source": 8, "prod": 99.0, "target": 5, "value": 0.3877574517485331, "supply": [{"l": "Sugar", "v": 0.36554310115291672}, {"l": "Sweeteners, Other", "v": 0.01828377961547753}, {"l": "Honey", "v": 0.0039305709801388897}]}, {"source": 0, "prod": 179.0, "target": 5, "value": 0.18376539949416987, "supply": [{"l": "Roots, Other", "v": 0.022378228734800935}, {"l": "Yams", "v": 0.12483425177889899}, {"l": "Potatoes", "v": 0.011096223169132037}, {"l": "Sweet potatoes", "v": 0.018925900952030218}, {"l": "Cassava", "v": 0.0065307948593076922}]}, {"source": 2, "prod": 291.0, "target": 5, "value": 0.16297304002169624, "supply": [{"l": "Plantains", "v": 0.025598090403316578}, {"l": "Fruits, Other", "v": 0.021096668787089459}, {"l": "Grapefruit", "v": 0.0043120936712133188}, {"l": "Tomatoes", "v": 0.0034771467510307168}, {"l": "Vegetables, Other", "v": 0.013421976608689041}, {"l": "Peas", "v": 0.0081287553036063828}, {"l": "Grapes", "v": 0.0020214365040714288}, {"l": "Beans", "v": 0.0075466962818666657}, {"l": "Pulses, Other", "v": 0.0075803868902678583}, {"l": "Lemons, Limes", "v": 0.0058841815069009904}, {"l": "Pineapples", "v": 0.0017780174486073297}, {"l": "Bananas", "v": 0.04377774616597712}, {"l": "Oranges, Mandarines", "v": 0.016799152682237445}, {"l": "Onions", "v": 0.0015506910168219181}]}, {"source": 9, "prod": 5.0, "target": 5, "value": 0.015728612047533827, "supply": [{"l": "Infant food", "v": 0.0044218923526562507}, {"l": "Cocoa Beans", "v": 0.0023583425880833336}, {"l": "Coffee", "v": 0.00090319503373404266}, {"l": "Pimento", "v": 0.0036913188335217393}, {"l": "Spices, Other", "v": 0.0043538632395384615}]}, {"source": 10, "prod": 93.0, "target": 5, "value": 0.078138696709775537, "supply": [{"l": "Marine Fish, Other", "v": 0.0084287334375541517}, {"l": "Freshwater Fish", "v": 0.0005895856470208334}, {"l": "Pelagic Fish", "v": 0.01778721768899472}, {"l": "Fish, Seafood", "v": 0.038905154793493435}, {"l": "Demersal Fish", "v": 0.012428005142712402}]}, {"source": 11, "prod": 15.0, "target": 5, "value": 0.15886191842411257, "supply": [{"l": "Soyabean Oil", "v": 0.010107182520357146}, {"l": "Coconut Oil", "v": 0.12362423728513942}, {"l": "Oilcrops Oil, Other", "v": 0.025130498618616003}]}, {"source": 12, "prod": 3847.0, "target": 13, "value": 1.3997639216093014, "supply": [{"l": "Sugar cane", "v": 1.3997639216093014}]}, {"source": 3, "prod": 14.0, "target": 13, "value": 0.035658139931820002, "supply": [{"l": "Barley", "v": 0.035658139931820002}]}, {"source": 7, "prod": 69.0, "target": 13, "value": 0.10058352082603376, "supply": [{"l": "Coconuts - Incl Copra", "v": 0.10058352082603376}]}, {"source": 0, "prod": 2.0, "target": 14, "value": 0.002612317943723077, "supply": [{"l": "Cassava", "v": 0.002612317943723077}]}, {"source": 4, "prod": 9.0, "target": 14, "value": 0.077268842548887648, "supply": [{"l": "Fats, Animals, Raw", "v": 0.077268842548887648}]}, {"source": 11, "prod": 2.0, "target": 14, "value": 0.023998883850842812, "supply": [{"l": "Cottonseed Oil", "v": 0.01143363454153481}, {"l": "Oilcrops Oil, Other", "v": 0.012565249309308002}]}, {"source": 7, "prod": 35.0, "target": 14, "value": 0.051020626505959149, "supply": [{"l": "Coconuts - Incl Copra", "v": 0.051020626505959149}]}, {"source": 0, "prod": 3.0, "target": 0, "value": 0.0022192446338264076, "supply": [{"l": "Potatoes", "v": 0.0022192446338264076}]}, {"source": 6, "prod": 2.0, "target": 6, "value": 0.0031724323782758006, "supply": [{"l": "Eggs", "v": 0.0031724323782758006}]}, {"source": 0, "prod": 18.0, "target": 15, "value": 0.018071376559048676, "supply": [{"l": "Potatoes", "v": 0.0022192446338264076}, {"l": "Roots, Other", "v": 0.00097296646673047547}, {"l": "Yams", "v": 0.011539300584604109}, {"l": "Sweet potatoes", "v": 0.0033398648738876859}]}, {"source": 2, "prod": 28.0, "target": 15, "value": 0.013101966371447376, "supply": [{"l": "Vegetables, Other", "v": 0.0015194690500402689}, {"l": "Bananas", "v": 0.0042093986698054928}, {"l": "Fruits, Other", "v": 0.0022931161725097235}, {"l": "Grapefruit", "v": 0.00071868227853555302}, {"l": "Oranges, Mandarines", "v": 0.0019383637710273973}, {"l": "Plantains", "v": 0.0021331742002763817}, {"l": "Tomatoes", "v": 0.00028976222925255975}]}, {"source": 6, "prod": 4.0, "target": 15, "value": 0.0032045851291775331, "supply": [{"l": "Eggs", "v": 0.0015862161891379003}, {"l": "Milk - Excluding Butter", "v": 0.0016183689400396327}]}, {"source": 3, "prod": 11.0, "target": 15, "value": 0.038354016194307138, "supply": [{"l": "Maize", "v": 0.020622478404312305}, {"l": "Wheat", "v": 0.013587439585138228}, {"l": "Rice", "v": 0.004144098204856601}]}, {"source": 16, "prod": 4.0, "target": 9, "value": 0.01004177256255696, "supply": [{"l": "Coffee", "v": 0.00090319503373404266}, {"l": "Cocoa Beans", "v": 0.0047166851761666672}, {"l": "Infant food", "v": 0.0044218923526562507}]}, {"source": 16, "prod": 270.0, "target": 1, "value": 0.2063800517073219, "supply": [{"l": "Pigmeat", "v": 0.0049092029384591842}, {"l": "Fish, Seafood", "v": 0.030627462284239515}, {"l": "Milk - Excluding Butter", "v": 0.091707573268912504}, {"l": "Pelagic Fish", "v": 0.01778721768899472}, {"l": "Bovine Meat", "v": 0.023772093287880002}, {"l": "Eggs", "v": 0.0015862161891379003}, {"l": "Poultry Meat", "v": 0.014549966899419724}, {"l": "Offals, Edible", "v": 0.0023831672469052634}, {"l": "Demersal Fish", "v": 0.012428005142712402}, {"l": "Marine Fish, Other", "v": 0.00076624849432310488}, {"l": "Mutton & Goat Meat", "v": 0.0052733126193167702}, {"l": "Freshwater Fish", "v": 0.0005895856470208334}]}, {"source": 16, "prod": 38.0, "target": 13, "value": 0.29304339834561111, "supply": [{"l": "Coconut Oil", "v": 0.01030201977376162}, {"l": "Sugar", "v": 0.027513996860972226}, {"l": "Oilcrops Oil, Other", "v": 0.087956745165156017}, {"l": "Butter, Ghee", "v": 0.049403211112435355}, {"l": "Wine", "v": 0.00077398620702875173}, {"l": "Sweeteners, Other", "v": 0.01828377961547753}, {"l": "Fats, Animals, Raw", "v": 0.077268842548887648}, {"l": "Soyabean Oil", "v": 0.010107182520357146}, {"l": "Cottonseed Oil", "v": 0.01143363454153481}]}, {"source": 16, "prod": 371.0, "target": 3, "value": 1.2743168017441491, "supply": [{"l": "Maize", "v": 0.37464169101167349}, {"l": "Oats", "v": 0.0042806890674453781}, {"l": "Barley", "v": 0.040752159922080006}, {"l": "Rice", "v": 0.16576392819426405}, {"l": "Cereals, Other", "v": 0.091030991802603933}, {"l": "Wheat", "v": 0.59784734174608201}]}, {"source": 16, "prod": 29.0, "target": 2, "value": 0.017098970178206434, "supply": [{"l": "Oranges, Mandarines", "v": 0.0016153031425228312}, {"l": "Fruits, Other", "v": 0.00091724646900388936}, {"l": "Grapefruit", "v": 0.0019164860760948082}, {"l": "Beans", "v": 0.0075466962818666657}, {"l": "Tomatoes", "v": 0.001159048917010239}, {"l": "Vegetables, Other", "v": 0.00075973452502013444}, {"l": "Grapes", "v": 0.0020214365040714288}, {"l": "Onions", "v": 0.0011630182626164386}]}, {"source": 16, "prod": 6.0, "target": 0, "value": 0.0044384892676528152, "supply": [{"l": "Potatoes", "v": 0.0044384892676528152}]}, {"source": 4, "prod": 19.0, "target": 17, "value": 0.062199231667895254, "supply": [{"l": "Beer", "v": 0.00048322024743756471}, {"l": "Beverages, Alcoholic", "v": 0.061716011420457691}]}, {"source": 6, "prod": 1.0, "target": 17, "value": 0.00053945631334654414, "supply": [{"l": "Milk - Excluding Butter", "v": 0.00053945631334654414}]}, {"source": 3, "prod": 1.0, "target": 17, "value": 0.004144098204856601, "supply": [{"l": "Rice", "v": 0.004144098204856601}]}, {"source": 7, "prod": 1.0, "target": 17, "value": 0.0014577321858845471, "supply": [{"l": "Coconuts - Incl Copra", "v": 0.0014577321858845471}]}, {"source": 8, "prod": 274.0, "target": 17, "value": 1.0769764485580557, "supply": [{"l": "Sugar", "v": 1.0769764485580557}]}, {"source": 0, "prod": 5.0, "target": 17, "value": 0.0050169540519376284, "supply": [{"l": "Roots, Other", "v": 0.0029188994001914264}, {"l": "Yams", "v": 0.0020980546517462015}]}, {"source": 2, "prod": 106.0, "target": 17, "value": 0.070938181003377468, "supply": [{"l": "Bananas", "v": 0.061457220579160199}, {"l": "Vegetables, Other", "v": 0.00050648968334675618}, {"l": "Fruits, Other", "v": 0.0018344929380077787}, {"l": "Grapefruit", "v": 0.0045516544307251695}, {"l": "Oranges, Mandarines", "v": 0.0022614243995319637}, {"l": "Lemons, Limes", "v": 0.00032689897260561063}]}, {"source": 9, "prod": 6.0, "target": 17, "value": 0.016693836710465929, "supply": [{"l": "Cocoa Beans", "v": 0.0047166851761666672}, {"l": "Coffee", "v": 0.00090319503373404266}, {"l": "Pimento", "v": 0.011073956500565219}]}, {"source": 11, "prod": 1.0, "target": 17, "value": 0.012565249309308002, "supply": [{"l": "Oilcrops Oil, Other", "v": 0.012565249309308002}]}, {"source": 11, "prod": 3.0, "target": 18, "value": 0.037695747927924003, "supply": [{"l": "Oilcrops Oil, Other", "v": 0.037695747927924003}]}, {"source": 4, "prod": 1.0, "target": 18, "value": 0.0082338685187392253, "supply": [{"l": "Butter, Ghee", "v": 0.0082338685187392253}]}, {"source": 9, "prod": 1.0, "target": 18, "value": 0.0023583425880833336, "supply": [{"l": "Cocoa Beans", "v": 0.0023583425880833336}]}, {"source": 3, "prod": 29.0, "target": 18, "value": 0.095472791398224205, "supply": [{"l": "Cereals, Other", "v": 0.048766602751394973}, {"l": "Wheat", "v": 0.044159178651699244}, {"l": "Barley", "v": 0.0025470099951300004}]}, {"source": 19, "prod": 16.0, "target": 7, "value": 0.023323714974152754, "supply": [{"l": "Coconuts - Incl Copra", "v": 0.023323714974152754}]}, {"source": 19, "prod": 4.0, "target": 13, "value": 0.034334726622421395, "supply": [{"l": "Beverages, Alcoholic", "v": 0.0034286673011365383}, {"l": "Coconut Oil", "v": 0.030906059321284856}]}, {"source": 8, "prod": 13.0, "target": 18, "value": 0.051097422741805565, "supply": [{"l": "Sugar", "v": 0.051097422741805565}]}, {"source": 1, "prod": 93.0, "target": 10, "value": 0.078138696709775537, "supply": [{"l": "Demersal Fish", "v": 0.012428005142712402}, {"l": "Freshwater Fish", "v": 0.0005895856470208334}, {"l": "Pelagic Fish", "v": 0.01778721768899472}, {"l": "Marine Fish, Other", "v": 0.0084287334375541517}, {"l": "Fish, Seafood", "v": 0.038905154793493435}]}, {"source": 1, "prod": 303.0, "target": 6, "value": 0.26835501500573067, "supply": [{"l": "Milk - Excluding Butter", "v": 0.11921984524958627}, {"l": "Pigmeat", "v": 0.014727608815377553}, {"l": "Bovine Meat", "v": 0.052298605233336008}, {"l": "Eggs", "v": 0.022207026647930603}, {"l": "Poultry Meat", "v": 0.048014890768085093}, {"l": "Offals, Edible", "v": 0.0071495017407157899}, {"l": "Mutton & Goat Meat", "v": 0.0079099689289751553}]}, {"source": 13, "prod": 101.0, "target": 4, "value": 0.26838310398578535, "supply": [{"l": "Fats, Animals, Raw", "v": 0.11161055034839326}, {"l": "Beer", "v": 0.02850999459881632}, {"l": "Beverages, Alcoholic", "v": 0.078859347926140383}, {"l": "Butter, Ghee", "v": 0.049403211112435348}]}, {"source": 13, "prod": 21.0, "target": 11, "value": 0.23312179951218737, "supply": [{"l": "Cottonseed Oil", "v": 0.01143363454153481}, {"l": "Coconut Oil", "v": 0.12362423728513942}, {"l": "Oilcrops Oil, Other", "v": 0.087956745165156003}, {"l": "Soyabean Oil", "v": 0.010107182520357146}]}, {"source": 13, "prod": 386.0, "target": 8, "value": 1.5158313230483944, "supply": [{"l": "Honey", "v": 0.0039305709801388897}, {"l": "Sweeteners, Other", "v": 0.01828377961547753}, {"l": "Sugar", "v": 1.4936169724527779}]}, {"source": 0, "prod": 106.0, "target": 20, "value": 0.36524433512650856, "supply": [{"l": "Roots, Other", "v": 0.047941666575000007}, {"l": "Yams", "v": 0.22924833289500002}, {"l": "Potatoes", "v": 0.03137999994}, {"l": "Sweet potatoes", "v": 0.035738333264999998}, {"l": "Cassava", "v": 0.025278333284999996}]}, {"source": 12, "prod": 1538.8000000000002, "target": 20, "value": 0.55990556864372054, "supply": [{"l": "Sugar cane", "v": 0.55990556864372054}]}, {"source": 2, "prod": 413.0, "target": 20, "value": 1.8560777915507618, "supply": [{"l": "Tomatoes", "v": 0.038353333260000004}, {"l": "Vegetables, Other", "v": 0.20919999960000005}, {"l": "Peas", "v": 0.0069733333200000004}, {"l": "Beans", "v": 0.0034866666600000002}, {"l": "Pulses, Other", "v": 0.0069733333200000013}, {"l": "Onions", "v": 0.0087166666500000014}]}, {"source": 3, "prod": 391.0, "target": 20, "value": 1.4097274174803682, "supply": [{"l": "Maize", "v": 0.44977999914000011}, {"l": "Barley", "v": 0.055786666560000003}, {"l": "Rice", "v": 0.14295333305999999}, {"l": "Cereals, Other", "v": 0.094139999820000014}, {"l": "Wheat", "v": 0.61365333215999995}, {"l": "Oats", "v": 0.0069733333200000004}]}, {"source": 7, "prod": 131.0, "target": 20, "value": 0.16300597942479042, "supply": [{"l": "Coconuts - Incl Copra", "v": 0.45326666580000008}, {"l": "Groundnuts", "v": 0.0034866666600000002}]}, {"source": 21, "prod": 0, "target": 3, "value": 0.00015592561421103691, "supply": "[{\"l\":'Energy for power irrigation',\"v\":0.00015592561421103691}]"}, {"source": 21, "prod": 0, "target": 7, "value": 0.00010448212512350812, "supply": "[{\"l\":'Energy for power irrigation',\"v\":0.00010448212512350812}]"}, {"source": 21, "prod": 0, "target": 12, "value": 0.0030682651553445473, "supply": "[{\"l\":'Energy for power irrigation',\"v\":0.0030682651553445473}]"}, {"source": 21, "prod": 0, "target": 0, "value": 0.0001690855765357536, "supply": "[{\"l\":'Energy for power irrigation',\"v\":0.0001690855765357536}]"}, {"source": 21, "prod": 0, "target": 2, "value": 0.00032939784485502941, "supply": "[{\"l\":'Energy for power irrigation',\"v\":0.00032939784485502941}]"}, {"source": 21, "prod": 0, "target": 9, "value": 7.9757347422525274e-06, "supply": "[{\"l\":'Energy for power irrigation',\"v\":7.9757347422525274e-06}]"}, {"source": 21, "prod": 0, "target": 13, "value": 0.079994571240469464, "supply": "[{\"l\":'Electricity',\"v\":0.079994571240469464}]"}, {"source": 22, "prod": 0, "target": 21, "value": 0.19026291096725623, "supply": [{"l": "Coal", "v": 0.0}, {"l": "Natural gas", "v": 0.0}, {"l": "Oil", "v": 0.19026291096725623}]}, {"source": 23, "prod": 0, "target": 21, "value": 0.01152979712372423, "supply": [{"l": "Nuclear", "v": 0.0}, {"l": "Hydroelectric", "v": 0.004479730092657187}, {"l": "Renewable", "v": 0.007050067031067044}]}, {"source": 22, "prod": 0, "target": 3, "value": 0.22162223164241163, "supply": [{"l": "Motor Gasoline", "v": 0.007504635893841218}, {"l": "Gas-Diesel oil", "v": 0.0134356887409678}, {"l": "Fuel oil", "v": 0.20014771697332318}, {"l": "Liquefied petroleum gas (LPG)", "v": 0.00053419003427944249}]}, {"source": 22, "prod": 0, "target": 7, "value": 0.14850389946371317, "supply": [{"l": "Motor Gasoline", "v": 0.0050286818521391285}, {"l": "Gas-Diesel oil", "v": 0.0090029423277073247}, {"l": "Fuel oil", "v": 0.13411432697445183}, {"l": "Liquefied petroleum gas (LPG)", "v": 0.00035794830941486945}]}, {"source": 22, "prod": 0, "target": 12, "value": 4.3610267269992704, "supply": [{"l": "Motor Gasoline", "v": 0.14767434416167347}, {"l": "Gas-Diesel oil", "v": 0.26438411553198526}, {"l": "Fuel oil", "v": 3.9384566097001237}, {"l": "Liquefied petroleum gas (LPG)", "v": 0.01051165760548857}]}, {"source": 22, "prod": 0, "target": 0, "value": 0.24032692126952054, "supply": [{"l": "Motor Gasoline", "v": 0.0081380194859045438}, {"l": "Gas-Diesel oil", "v": 0.014569647125755364}, {"l": "Fuel oil", "v": 0.21703997953117399}, {"l": "Liquefied petroleum gas (LPG)", "v": 0.00057927512668665897}]}, {"source": 22, "prod": 0, "target": 2, "value": 0.46818404945430181, "supply": [{"l": "Motor Gasoline", "v": 0.015853783243766871}, {"l": "Gas-Diesel oil", "v": 0.028383321994985684}, {"l": "Fuel oil", "v": 0.42281845069044743}, {"l": "Liquefied petroleum gas (LPG)", "v": 0.0011284935251018402}]}, {"source": 22, "prod": 0, "target": 9, "value": 0.011336175531581156, "supply": [{"l": "Motor Gasoline", "v": 0.00038386884367474258}, {"l": "Gas-Diesel oil", "v": 0.00068724750593185673}, {"l": "Fuel oil", "v": 0.010237734883545941}, {"l": "Liquefied petroleum gas (LPG)", "v": 2.7324298428615984e-05}]}, {"source": 24, "prod": 1.0408235416450038, "target": 3, "value": 0.0090977419110827972, "supply": [{"l": "Potash", "v": 0.024100555574835997}, {"l": "Phosphate", "v": 0.029037500023230002}, {"l": "Nitrogen", "v": 0.17062916680316997}]}, {"source": 24, "prod": 0.69743163148591047, "target": 7, "value": 0.006096185116889241, "supply": [{"l": "Potash", "v": 0.024100555574835997}, {"l": "Phosphate", "v": 0.029037500023230002}, {"l": "Nitrogen", "v": 0.17062916680316997}]}, {"source": 24, "prod": 20.481064781116771, "target": 12, "value": 0.17902308507383899, "supply": [{"l": "Potash", "v": 0.024100555574835997}, {"l": "Phosphate", "v": 0.029037500023230002}, {"l": "Nitrogen", "v": 0.17062916680316997}]}, {"source": 24, "prod": 1.1286679837787252, "target": 0, "value": 0.0098655820212253369, "supply": [{"l": "Potash", "v": 0.024100555574835997}, {"l": "Phosphate", "v": 0.029037500023230002}, {"l": "Nitrogen", "v": 0.17062916680316997}]}, {"source": 24, "prod": 2.1987730061349695, "target": 2, "value": 0.019219270635688981, "supply": [{"l": "Potash", "v": 0.024100555574835997}, {"l": "Phosphate", "v": 0.029037500023230002}, {"l": "Nitrogen", "v": 0.17062916680316997}]}, {"source": 24, "prod": 0.053239055838619112, "target": 9, "value": 0.00046535764251062902, "supply": [{"l": "Potash", "v": 0.024100555574835997}, {"l": "Phosphate", "v": 0.029037500023230002}, {"l": "Nitrogen", "v": 0.17062916680316997}]}, {"source": 22, "prod": 0, "target": 24, "value": 0.28742319943394939, "supply": [{"l": "Natural gas (including LNG)", "v": 0.18810245258053548}, {"l": "Fuel oil", "v": 0.069158426596233197}, {"l": "Liquefied petroleum gas (LPG)", "v": 0.01508116012859035}, {"l": "Coal", "v": 0.01508116012859035}]}, {"source": 25, "prod": 0, "target": 3, "value": 0.0080011950430342888, "supply": "[{\"l\":'Labor',\"v\":0.0080011950430342888}]"}, {"source": 25, "prod": 0, "target": 7, "value": 0.0053614145812659426, "supply": "[{\"l\":'Labor',\"v\":0.0053614145812659426}]"}, {"source": 25, "prod": 0, "target": 12, "value": 0.15744551064221435, "supply": "[{\"l\":'Labor',\"v\":0.15744551064221435}]"}, {"source": 25, "prod": 0, "target": 0, "value": 0.0086764877193006105, "supply": "[{\"l\":'Labor',\"v\":0.0086764877193006105}]"}, {"source": 25, "prod": 0, "target": 2, "value": 0.016902780321090338, "supply": "[{\"l\":'Labor',\"v\":0.016902780321090338}]"}, {"source": 25, "prod": 0, "target": 9, "value": 0.00040926828864625513, "supply": "[{\"l\":'Labor',\"v\":0.00040926828864625513}]"}, {"source": 22, "prod": 0, "target": 16, "value": 2.4420483747677224, "supply": "[{\"l\":'Fossil Fuels',\"v\":2.4420483747677224}]"}, {"source": 23, "prod": 0, "target": 16, "value": 0.26418301051705895, "supply": "[{\"l\":'Renewables & Nuclear',\"v\":0.010398556955341563},{\"l\":'Biomass & Waste',\"v\":0.25378445356171736}]"}]}