{"nodes": [{"layer": 3, "name": "Cereals", "fill": "#e7ba52"}, {"layer": 5, "name": "Production", "fill": "#b5cf6b"}, {"layer": 3, "name": "Oilcrops", "fill": "#ff9896"}, {"layer": 3, "name": "Fruits, Roots & Vegetables", "fill": "#98df8a"}, {"layer": 3, "name": "Sugar Crops", "fill": "#ffbb78"}, {"layer": 1, "name": "Electricity", "fill": "#bcbd22"}, {"layer": 0, "name": "Fossil Fuels", "fill": "#c49c94"}, {"layer": 0, "name": "Renewables & Nuclear", "fill": "#2ca02c"}, {"layer": 1, "name": "Fertilizers", "fill": "#c5b0d5"}, {"layer": 0, "name": "Labor", "fill": "#7f7f7f"}], "links": [{"source": 0, "prod": 7.0, "target": 1, "value": 0.02468262113451199, "supply": [{"l": "Maize", "v": 0.020599238376788544}, {"l": "Rice", "v": 0.0040833827577234473}]}, {"source": 2, "prod": 165.0, "target": 1, "value": 0.25084087334186284, "supply": [{"l": "Coconuts - Incl Copra", "v": 0.23777928362324743}, {"l": "Groundnuts", "v": 0.013061589718615384}]}, {"source": 3, "prod": 710.0, "target": 1, "value": 0.56116310048155682, "supply": [{"l": "Vegetables, Other", "v": 0.021820179086004674}, {"l": "Cocoa Beans", "v": 0.0028943295399204549}, {"l": "Potatoes", "v": 0.008687475952381396}, {"l": "Pineapples", "v": 0.00077890213918348629}, {"l": "Fruits, Other", "v": 0.027366256867837634}, {"l": "Yams", "v": 0.16411101706063469}, {"l": "Grapefruit", "v": 0.0067769667276186265}, {"l": "Pulses, Other", "v": 0.015743108137668875}, {"l": "Tomatoes", "v": 0.004969083045125419}, {"l": "Coffee", "v": 0.00036913188335217393}, {"l": "Lemons, Limes", "v": 0.0072255602698723413}, {"l": "Plantains", "v": 0.025227527570811429}, {"l": "Bananas", "v": 0.14243147999082237}, {"l": "Spices, Other", "v": 0.0044684385879473695}, {"l": "Roots, Other", "v": 0.033695383824068038}, {"l": "Peas", "v": 0.016521145914356758}, {"l": "Sweet potatoes", "v": 0.023236939529029624}, {"l": "Oranges, Mandarines", "v": 0.011801078876032567}, {"l": "Onions", "v": 0.001018803998052}, {"l": "Pimento", "v": 0.0056600222113999997}, {"l": "Cassava", "v": 0.03636026926943671}]}, {"source": 4, "prod": 2988.0, "target": 1, "value": 0.80534030322205741, "supply": [{"l": "Sugar cane", "v": 0.80534030322205741}]}, {"source": 5, "prod": 0, "target": 3, "value": 0.00068106642354395558, "supply": "[{\"l\":'Energy for power irrigation',\"v\":0.00068106642354395558}]"}, {"source": 5, "prod": 0, "target": 4, "value": 0.0028561775067359146, "supply": "[{\"l\":'Energy for power irrigation',\"v\":0.0028561775067359146}]"}, {"source": 5, "prod": 0, "target": 0, "value": 0.0001863971264436089, "supply": "[{\"l\":'Energy for power irrigation',\"v\":0.0001863971264436089}]"}, {"source": 5, "prod": 0, "target": 2, "value": 0.00019213242264187381, "supply": "[{\"l\":'Energy for power irrigation',\"v\":0.00019213242264187381}]"}, {"source": 6, "prod": 0, "target": 5, "value": 0.0079008548436915876, "supply": [{"l": "Coal", "v": 0.0}, {"l": "Natural gas", "v": 0.0}, {"l": "Oil", "v": 0.0079008548436915876}]}, {"source": 7, "prod": 0, "target": 5, "value": 0.00091344863876255031, "supply": [{"l": "Nuclear", "v": 0.0}, {"l": "Hydroelectric", "v": 0.00026661571943577039}, {"l": "Renewable", "v": 0.00064683291932677992}]}, {"source": 6, "prod": 0, "target": 3, "value": 0.96124418618472951, "supply": [{"l": "Motor Gasoline", "v": 0.032104387917786519}, {"l": "Gas-Diesel oil", "v": 0.070634484779238366}, {"l": "Fuel oil", "v": 0.85622008015661155}, {"l": "Liquefied petroleum gas (LPG)", "v": 0.0022852333310930057}]}, {"source": 6, "prod": 0, "target": 4, "value": 4.0311545660631181, "supply": [{"l": "Motor Gasoline", "v": 0.13463566469943314}, {"l": "Gas-Diesel oil", "v": 0.29621872353735329}, {"l": "Fuel oil", "v": 3.5907166308883585}, {"l": "Liquefied petroleum gas (LPG)", "v": 0.009583546937973194}]}, {"source": 6, "prod": 0, "target": 0, "value": 0.26307735621897865, "supply": [{"l": "Motor Gasoline", "v": 0.0087864640617099955}, {"l": "Gas-Diesel oil", "v": 0.019331543202738923}, {"l": "Fuel oil", "v": 0.23433391667444109}, {"l": "Liquefied petroleum gas (LPG)", "v": 0.00062543228008861212}]}, {"source": 6, "prod": 0, "target": 2, "value": 0.27117204410263951, "supply": [{"l": "Motor Gasoline", "v": 0.0090568168020703031}, {"l": "Gas-Diesel oil", "v": 0.019926359916669353}, {"l": "Fuel oil", "v": 0.24154419103365465}, {"l": "Liquefied petroleum gas (LPG)", "v": 0.0006446763502451848}]}, {"source": 8, "prod": 2.3203863053826432, "target": 3, "value": 0.02404062903688985, "supply": [{"l": "Potash", "v": 0.012893797232537259}, {"l": "Phosphate", "v": 0.0080884166731373993}, {"l": "Nitrogen", "v": 0.11723875009379098}]}, {"source": 8, "prod": 9.730967411204686, "target": 4, "value": 0.10081880640312543, "supply": [{"l": "Potash", "v": 0.012893797232537259}, {"l": "Phosphate", "v": 0.0080884166731373993}, {"l": "Nitrogen", "v": 0.11723875009379098}]}, {"source": 8, "prod": 0.63505309410472355, "target": 0, "value": 0.0065795405785172229, "supply": [{"l": "Potash", "v": 0.012893797232537259}, {"l": "Phosphate", "v": 0.0080884166731373993}, {"l": "Nitrogen", "v": 0.11723875009379098}]}, {"source": 8, "prod": 0.65459318930794586, "target": 2, "value": 0.0067819879809331374, "supply": [{"l": "Potash", "v": 0.012893797232537259}, {"l": "Phosphate", "v": 0.0080884166731373993}, {"l": "Nitrogen", "v": 0.11723875009379098}]}, {"source": 6, "prod": 0, "target": 8, "value": 0.17594785241895455, "supply": [{"l": "Natural gas (including LNG)", "v": 0.11512626658571892}, {"l": "Fuel oil", "v": 0.04009715288233405}, {"l": "Liquefied petroleum gas (LPG)", "v": 0.010362216475450789}, {"l": "Coal", "v": 0.010362216475450789}]}, {"source": 9, "prod": 0, "target": 3, "value": 0.035775793466222103, "supply": "[{\"l\":'Labor',\"v\":0.035775793466222103}]"}, {"source": 9, "prod": 0, "target": 4, "value": 0.15003238017834616, "supply": "[{\"l\":'Labor',\"v\":0.15003238017834616}]"}, {"source": 9, "prod": 0, "target": 0, "value": 0.0097912697907555236, "supply": "[{\"l\":'Labor',\"v\":0.0097912697907555236}]"}, {"source": 9, "prod": 0, "target": 2, "value": 0.010092539630471077, "supply": "[{\"l\":'Labor',\"v\":0.010092539630471077}]"}]}