{"nodes": [{"layer": 5, "name": "Maize"}, {"layer": 10, "name": "Feed", "fill": "#dbdb8d"}, {"layer": 5, "name": "Vegetables, Other"}, {"layer": 5, "name": "Wheat"}, {"layer": 5, "name": "Oats"}, {"layer": 5, "name": "Potatoes"}, {"layer": 5, "name": "Rye"}, {"layer": 13, "name": "Fish, Body Oil"}, {"layer": 5, "name": "Millet"}, {"layer": 13, "name": "Milk - Excluding Butter"}, {"layer": 13, "name": "Pelagic Fish"}, {"layer": 5, "name": "Barley"}, {"layer": 13, "name": "Fish, Seafood"}, {"layer": 5, "name": "Cereals, Other"}, {"layer": 5, "name": "Tomatoes"}, {"layer": 5, "name": "Pulses, Other"}, {"layer": 16, "name": "Food", "fill": "#b5cf6b"}, {"layer": 5, "name": "Olives"}, {"layer": 5, "name": "Nuts"}, {"layer": 13, "name": "Sugar", "fill": "#d6616b"}, {"layer": 13, "name": "Oilcrops Oil, Other"}, {"layer": 13, "name": "Maize Germ Oil"}, {"layer": 13, "name": "Beer"}, {"layer": 5, "name": "Grapefruit"}, {"layer": 13, "name": "Beverages, Alcoholic"}, {"layer": 5, "name": "Cocoa Beans"}, {"layer": 13, "name": "Honey"}, {"layer": 5, "name": "Rice"}, {"layer": 13, "name": "Butter, Ghee"}, {"layer": 13, "name": "Fats, Animals, Raw"}, {"layer": 5, "name": "Coffee"}, {"layer": 13, "name": "Soyabean Oil"}, {"layer": 5, "name": "Coconuts - Incl Copra"}, {"layer": 5, "name": "Treenuts"}, {"layer": 13, "name": "Eggs"}, {"layer": 5, "name": "Roots, Other"}, {"layer": 5, "name": "Peas"}, {"layer": 5, "name": "Sesame seed"}, {"layer": 5, "name": "Grapes"}, {"layer": 5, "name": "Groundnuts"}, {"layer": 13, "name": "Palm Oil"}, {"layer": 5, "name": "Oilcrops, Other"}, {"layer": 13, "name": "Wine"}, {"layer": 13, "name": "Sunflowerseed Oil"}, {"layer": 13, "name": "Olive Oil"}, {"layer": 5, "name": "Dates"}, {"layer": 13, "name": "Freshwater Fish"}, {"layer": 5, "name": "Pimento"}, {"layer": 5, "name": "Pepper"}, {"layer": 13, "name": "Sesameseed Oil"}, {"layer": 5, "name": "Beans"}, {"layer": 13, "name": "Meat, Other"}, {"layer": 5, "name": "Lemons, Limes"}, {"layer": 13, "name": "Mutton & Goat Meat"}, {"layer": 5, "name": "Bananas"}, {"layer": 13, "name": "Beverages, Fermented"}, {"layer": 5, "name": "Citrus, Other"}, {"layer": 5, "name": "Spices, Other"}, {"layer": 5, "name": "Tea"}, {"layer": 5, "name": "Fruits, Other"}, {"layer": 13, "name": "Poultry Meat"}, {"layer": 13, "name": "Offals, Edible"}, {"layer": 13, "name": "Demersal Fish"}, {"layer": 5, "name": "Oranges, Mandarines"}, {"layer": 13, "name": "Bovine Meat"}, {"layer": 13, "name": "Cottonseed Oil"}, {"layer": 5, "name": "Onions"}, {"layer": 5, "name": "Apples"}, {"layer": 5, "name": "Sunflower seed"}, {"layer": 10, "name": "Processing", "fill": "#9edae5"}, {"layer": 5, "name": "Soyabeans"}, {"layer": 5, "name": "Cottonseed"}, {"layer": 5, "name": "Rape and Mustardseed"}, {"layer": 5, "name": "Sugar beet"}, {"layer": 16, "name": "Biofuels & Other", "fill": "#e7ba52"}, {"layer": 13, "name": "Alcohol, Non-Food"}, {"layer": 13, "name": "Rape and Mustard Oil"}, {"name": "Waste", "fill": "#c7c7c7"}, {"layer": 2, "name": "Import", "fill": "#aec7e8"}, {"layer": 16, "name": "Export", "fill": "#aec7e8"}, {"layer": 13, "name": "Crustaceans"}, {"layer": 13, "name": "Fish, Liver Oil"}, {"layer": 0, "name": "Stock Draw", "fill": "#c7c7c7"}, {"layer": 16, "name": "Stock Deposit", "fill": "#c7c7c7"}, {"name": "Crop Residue", "fill": "#bd9e39"}, {"layer": 5, "name": "Oil Palm"}, {"layer": 2, "name": "Electricity", "fill": "#bcbd22"}, {"layer": 0, "name": "Fossil Fuels", "fill": "#c49c94"}, {"layer": 0, "name": "Renewables & Nuclear", "fill": "#2ca02c"}, {"layer": 2, "name": "Fertilizers", "fill": "#c5b0d5"}, {"layer": 0, "name": "Labor", "fill": "#7f7f7f"}], "links": [{"source": 0, "prod": 696.0, "target": 1, "value": 2.3448663447228575, "supply": [{"l": "Maize", "v": 2.3448663447228575}]}, {"source": 2, "prod": 1352.0, "target": 1, "value": 0.35712834143526062, "supply": [{"l": "Vegetables, Other", "v": 0.35712834143526062}]}, {"source": 3, "prod": 1998.0, "target": 1, "value": 6.3995152128321218, "supply": [{"l": "Wheat", "v": 6.3995152128321218}]}, {"source": 4, "prod": 309.0, "target": 1, "value": 1.098037906271542, "supply": [{"l": "Oats", "v": 1.098037906271542}]}, {"source": 5, "prod": 56.0, "target": 1, "value": 0.045905973407113984, "supply": [{"l": "Potatoes", "v": 0.045905973407113984}]}, {"source": 6, "prod": 90.0, "target": 1, "value": 0.32144560850019283, "supply": [{"l": "Rye", "v": 0.32144560850019283}]}, {"source": 7, "prod": 1.0, "target": 1, "value": 0.0094555352262814859, "supply": [{"l": "Fish, Body Oil", "v": 0.0094555352262814859}]}, {"source": 8, "prod": 27.0, "target": 1, "value": 0.095945059771299773, "supply": [{"l": "Millet", "v": 0.095945059771299773}]}, {"source": 9, "prod": 1189.0, "target": 1, "value": 0.80665008331305132, "supply": [{"l": "Milk - Excluding Butter", "v": 0.80665008331305132}]}, {"source": 10, "prod": 18.0, "target": 1, "value": 0.017838980510638133, "supply": [{"l": "Pelagic Fish", "v": 0.017838980510638133}]}, {"source": 11, "prod": 4009.0, "target": 1, "value": 14.246064615671882, "supply": [{"l": "Barley", "v": 14.246064615671882}]}, {"source": 12, "prod": 18.0, "target": 1, "value": 0.015325848108232095, "supply": [{"l": "Fish, Seafood", "v": 0.015325848108232095}]}, {"source": 13, "prod": 1.0, "target": 1, "value": 0.0035535207322703621, "supply": [{"l": "Cereals, Other", "v": 0.0035535207322703621}]}, {"source": 14, "prod": 435.0, "target": 1, "value": 0.097806263054515355, "supply": [{"l": "Tomatoes", "v": 0.097806263054515355}]}, {"source": 15, "prod": 130.0, "target": 1, "value": 0.52403312326531659, "supply": [{"l": "Pulses, Other", "v": 0.52403312326531659}]}, {"source": 0, "prod": 388.0, "target": 16, "value": 1.3071956059661909, "supply": [{"l": "Maize", "v": 1.3071956059661909}]}, {"source": 17, "prod": 68.0, "target": 16, "value": 0.1912814735298434, "supply": [{"l": "Olives", "v": 0.1912814735298434}]}, {"source": 2, "prod": 4483.0, "target": 16, "value": 1.184176297821208, "supply": [{"l": "Vegetables, Other", "v": 1.184176297821208}]}, {"source": 6, "prod": 468.0, "target": 16, "value": 1.6715171642010025, "supply": [{"l": "Rye", "v": 1.6715171642010025}]}, {"source": 18, "prod": 257.0, "target": 16, "value": 0.95851933655917321, "supply": [{"l": "Nuts", "v": 0.95851933655917321}]}, {"source": 19, "prod": 1144.0, "target": 16, "value": 4.7361539749289587, "supply": [{"l": "Sugar", "v": 4.7361539749289587}]}, {"source": 20, "prod": 2.0, "target": 16, "value": 0.014150055528500001, "supply": [{"l": "Oilcrops Oil, Other", "v": 0.014150055528500001}]}, {"source": 21, "prod": 11.0, "target": 16, "value": 0.10775811517857693, "supply": [{"l": "Maize Germ Oil", "v": 0.10775811517857693}]}, {"source": 22, "prod": 193.0, "target": 16, "value": 0.10436792549046497, "supply": [{"l": "Beer", "v": 0.10436792549046497}]}, {"source": 23, "prod": 13.0, "target": 16, "value": 0.0054638828278366349, "supply": [{"l": "Grapefruit", "v": 0.0054638828278366349}]}, {"source": 24, "prod": 54.0, "target": 16, "value": 0.19248396146402291, "supply": [{"l": "Beverages, Alcoholic", "v": 0.19248396146402291}]}, {"source": 25, "prod": 1.0, "target": 16, "value": 0.014150055528500001, "supply": [{"l": "Cocoa Beans", "v": 0.014150055528500001}]}, {"source": 26, "prod": 22.0, "target": 16, "value": 0.070483295462716977, "supply": [{"l": "Honey", "v": 0.070483295462716977}]}, {"source": 27, "prod": 202.0, "target": 16, "value": 0.7811174377777228, "supply": [{"l": "Rice", "v": 0.7811174377777228}]}, {"source": 28, "prod": 109.0, "target": 16, "value": 0.90453963987448882, "supply": [{"l": "Butter, Ghee", "v": 0.90453963987448882}]}, {"source": 14, "prod": 1936.0, "target": 16, "value": 0.43529408108860174, "supply": [{"l": "Tomatoes", "v": 0.43529408108860174}]}, {"source": 29, "prod": 3.0, "target": 16, "value": 0.031837624939125002, "supply": [{"l": "Fats, Animals, Raw", "v": 0.031837624939125002}]}, {"source": 30, "prod": 6.0, "target": 16, "value": 0.0025727373688181816, "supply": [{"l": "Coffee", "v": 0.0025727373688181816}]}, {"source": 3, "prod": 7959.0, "target": 16, "value": 25.492363152618044, "supply": [{"l": "Wheat", "v": 25.492363152618044}]}, {"source": 31, "prod": 12.0, "target": 16, "value": 0.12295910321317242, "supply": [{"l": "Soyabean Oil", "v": 0.12295910321317242}]}, {"source": 32, "prod": 1.0, "target": 16, "value": 0.0015160773780535713, "supply": [{"l": "Coconuts - Incl Copra", "v": 0.0015160773780535713}]}, {"source": 33, "prod": 257.0, "target": 16, "value": 0.95699059758539462, "supply": [{"l": "Treenuts", "v": 0.95699059758539462}]}, {"source": 34, "prod": 177.0, "target": 16, "value": 0.29636322797162296, "supply": [{"l": "Eggs", "v": 0.29636322797162296}]}, {"source": 35, "prod": 1.0, "target": 16, "value": 0.00081974952512703532, "supply": [{"l": "Roots, Other", "v": 0.00081974952512703532}]}, {"source": 36, "prod": 5.0, "target": 16, "value": 0.016326987148269231, "supply": [{"l": "Peas", "v": 0.016326987148269231}]}, {"source": 37, "prod": 7.0, "target": 16, "value": 0.052438441076205891, "supply": [{"l": "Sesame seed", "v": 0.052438441076205891}]}, {"source": 38, "prod": 2155.0, "target": 16, "value": 1.6540940910195063, "supply": [{"l": "Grapes", "v": 1.6540940910195063}]}, {"source": 39, "prod": 28.0, "target": 16, "value": 0.17226154556434781, "supply": [{"l": "Groundnuts", "v": 0.17226154556434781}]}, {"source": 40, "prod": 12.0, "target": 16, "value": 0.12295910321317242, "supply": [{"l": "Palm Oil", "v": 0.12295910321317242}]}, {"source": 41, "prod": 1.0, "target": 16, "value": 0.0047166851761666672, "supply": [{"l": "Oilcrops, Other", "v": 0.0047166851761666672}]}, {"source": 42, "prod": 18.0, "target": 16, "value": 0.017769837175325584, "supply": [{"l": "Wine", "v": 0.017769837175325584}]}, {"source": 43, "prod": 174.0, "target": 16, "value": 1.7420587230841982, "supply": [{"l": "Sunflowerseed Oil", "v": 1.7420587230841982}]}, {"source": 44, "prod": 86.0, "target": 16, "value": 0.88660205068572862, "supply": [{"l": "Olive Oil", "v": 0.88660205068572862}]}, {"source": 45, "prod": 3.0, "target": 16, "value": 0.0054191702024042557, "supply": [{"l": "Dates", "v": 0.0054191702024042557}]}, {"source": 13, "prod": 181.0, "target": 16, "value": 0.64318725254093545, "supply": [{"l": "Cereals, Other", "v": 0.64318725254093545}]}, {"source": 5, "prod": 2167.0, "target": 16, "value": 1.7763972209502856, "supply": [{"l": "Potatoes", "v": 1.7763972209502856}]}, {"source": 46, "prod": 14.0, "target": 16, "value": 0.018009161581727273, "supply": [{"l": "Freshwater Fish", "v": 0.018009161581727273}]}, {"source": 47, "prod": 10.0, "target": 16, "value": 0.035375138821250006, "supply": [{"l": "Pimento", "v": 0.035375138821250006}]}, {"source": 48, "prod": 1.0, "target": 16, "value": 0.003771123289435142, "supply": [{"l": "Pepper", "v": 0.003771123289435142}]}, {"source": 9, "prod": 7007.0, "target": 16, "value": 4.7537402302561409, "supply": [{"l": "Milk - Excluding Butter", "v": 4.7537402302561409}]}, {"source": 49, "prod": 6.0, "target": 16, "value": 0.054578785609928578, "supply": [{"l": "Sesameseed Oil", "v": 0.054578785609928578}]}, {"source": 50, "prod": 145.0, "target": 16, "value": 0.55798519251195478, "supply": [{"l": "Beans", "v": 0.55798519251195478}]}, {"source": 15, "prod": 350.0, "target": 16, "value": 1.410858408791237, "supply": [{"l": "Pulses, Other", "v": 1.410858408791237}]}, {"source": 12, "prod": 143.0, "target": 16, "value": 0.12175534885984385, "supply": [{"l": "Fish, Seafood", "v": 0.12175534885984385}]}, {"source": 51, "prod": 2.0, "target": 16, "value": 0.0032240632849746837, "supply": [{"l": "Meat, Other", "v": 0.0032240632849746837}]}, {"source": 52, "prod": 225.0, "target": 16, "value": 0.052192827769057384, "supply": [{"l": "Lemons, Limes", "v": 0.052192827769057384}]}, {"source": 53, "prod": 395.0, "target": 16, "value": 1.115530365157422, "supply": [{"l": "Mutton & Goat Meat", "v": 1.115530365157422}]}, {"source": 10, "prod": 106.0, "target": 16, "value": 0.10505177411820232, "supply": [{"l": "Pelagic Fish", "v": 0.10505177411820232}]}, {"source": 54, "prod": 20.0, "target": 16, "value": 0.017687569410625003, "supply": [{"l": "Bananas", "v": 0.017687569410625003}]}, {"source": 55, "prod": 1.0, "target": 16, "value": 0.00098721317640697672, "supply": [{"l": "Beverages, Fermented", "v": 0.00098721317640697672}]}, {"source": 56, "prod": 15.0, "target": 16, "value": 0.0076704846464323009, "supply": [{"l": "Citrus, Other", "v": 0.0076704846464323009}]}, {"source": 57, "prod": 22.0, "target": 16, "value": 0.088104119328396222, "supply": [{"l": "Spices, Other", "v": 0.088104119328396222}]}, {"source": 58, "prod": 73.0, "target": 16, "value": 0.034624158220575428, "supply": [{"l": "Tea", "v": 0.034624158220575428}]}, {"source": 59, "prod": 1011.0, "target": 16, "value": 0.55736517425896759, "supply": [{"l": "Fruits, Other", "v": 0.55736517425896759}]}, {"source": 60, "prod": 185.0, "target": 16, "value": 0.26119559262696784, "supply": [{"l": "Poultry Meat", "v": 0.26119559262696784}]}, {"source": 61, "prod": 94.0, "target": 16, "value": 0.12197471446837993, "supply": [{"l": "Offals, Edible", "v": 0.12197471446837993}]}, {"source": 62, "prod": 23.0, "target": 16, "value": 0.017434889847616073, "supply": [{"l": "Demersal Fish", "v": 0.017434889847616073}]}, {"source": 63, "prod": 675.0, "target": 16, "value": 0.19148996773835819, "supply": [{"l": "Oranges, Mandarines", "v": 0.19148996773835819}]}, {"source": 64, "prod": 141.0, "target": 16, "value": 0.2268546803242609, "supply": [{"l": "Bovine Meat", "v": 0.2268546803242609}]}, {"source": 65, "prod": 146.0, "target": 16, "value": 1.4972030664256686, "supply": [{"l": "Cottonseed Oil", "v": 1.4972030664256686}]}, {"source": 66, "prod": 706.0, "target": 16, "value": 0.31363762614449653, "supply": [{"l": "Onions", "v": 0.31363762614449653}]}, {"source": 67, "prod": 813.0, "target": 16, "value": 0.38327293263415102, "supply": [{"l": "Apples", "v": 0.38327293263415102}]}, {"source": 68, "prod": 429.0, "target": 69, "value": 2.6392929659680435, "supply": [{"l": "Sunflower seed", "v": 2.6392929659680435}]}, {"source": 17, "prod": 329.0, "target": 69, "value": 0.92546477634291879, "supply": [{"l": "Olives", "v": 0.92546477634291879}]}, {"source": 70, "prod": 5.0, "target": 69, "value": 0.019850797324154675, "supply": [{"l": "Soyabeans", "v": 0.019850797324154675}]}, {"source": 37, "prod": 15.0, "target": 69, "value": 0.11236808802044118, "supply": [{"l": "Sesame seed", "v": 0.11236808802044118}]}, {"source": 71, "prod": 853.0, "target": 69, "value": 5.2478249416567397, "supply": [{"l": "Cottonseed", "v": 5.2478249416567397}]}, {"source": 72, "prod": 13.0, "target": 69, "value": 0.079978574726304347, "supply": [{"l": "Rape and Mustardseed", "v": 0.079978574726304347}]}, {"source": 11, "prod": 37.0, "target": 69, "value": 0.1314802670940034, "supply": [{"l": "Barley", "v": 0.1314802670940034}]}, {"source": 38, "prod": 299.0, "target": 69, "value": 0.22950075787231206, "supply": [{"l": "Grapes", "v": 0.22950075787231206}]}, {"source": 73, "prod": 8995.0, "target": 69, "value": 10.454188868900001, "supply": [{"l": "Sugar beet", "v": 10.454188868900001}]}, {"source": 41, "prod": 6.0, "target": 69, "value": 0.028300111057000001, "supply": [{"l": "Oilcrops, Other", "v": 0.028300111057000001}]}, {"source": 67, "prod": 2.0, "target": 69, "value": 0.00094286084288844026, "supply": [{"l": "Apples", "v": 0.00094286084288844026}]}, {"source": 44, "prod": 11.0, "target": 74, "value": 0.11340258787840714, "supply": [{"l": "Olive Oil", "v": 0.11340258787840714}]}, {"source": 0, "prod": 101.0, "target": 74, "value": 0.34027514485202387, "supply": [{"l": "Maize", "v": 0.34027514485202387}]}, {"source": 10, "prod": 1.0, "target": 74, "value": 0.00099105447281322943, "supply": [{"l": "Pelagic Fish", "v": 0.00099105447281322943}]}, {"source": 3, "prod": 1500.0, "target": 74, "value": 4.8044408504745659, "supply": [{"l": "Wheat", "v": 4.8044408504745659}]}, {"source": 75, "prod": 27.0, "target": 74, "value": 0.026654755762988369, "supply": [{"l": "Alcohol, Non-Food", "v": 0.026654755762988369}]}, {"source": 31, "prod": 2.0, "target": 74, "value": 0.020493183868862071, "supply": [{"l": "Soyabean Oil", "v": 0.020493183868862071}]}, {"source": 29, "prod": 43.0, "target": 74, "value": 0.45633929079412505, "supply": [{"l": "Fats, Animals, Raw", "v": 0.45633929079412505}]}, {"source": 76, "prod": 5.0, "target": 74, "value": 0.050646059190735608, "supply": [{"l": "Rape and Mustard Oil", "v": 0.050646059190735608}]}, {"source": 9, "prod": 4.0, "target": 74, "value": 0.002713709279438356, "supply": [{"l": "Milk - Excluding Butter", "v": 0.002713709279438356}]}, {"source": 65, "prod": 8.0, "target": 74, "value": 0.082038524187707865, "supply": [{"l": "Cottonseed Oil", "v": 0.082038524187707865}]}, {"source": 11, "prod": 34.0, "target": 74, "value": 0.12081970489719231, "supply": [{"l": "Barley", "v": 0.12081970489719231}]}, {"source": 12, "prod": 1.0, "target": 74, "value": 0.00085143600601289408, "supply": [{"l": "Fish, Seafood", "v": 0.00085143600601289408}]}, {"source": 40, "prod": 1.0, "target": 74, "value": 0.010246591934431035, "supply": [{"l": "Palm Oil", "v": 0.010246591934431035}]}, {"source": 41, "prod": 40.0, "target": 74, "value": 0.18866740704666671, "supply": [{"l": "Oilcrops, Other", "v": 0.18866740704666671}]}, {"source": 19, "prod": 23.0, "target": 74, "value": 0.095219878866578705, "supply": [{"l": "Sugar", "v": 0.095219878866578705}]}, {"source": 43, "prod": 11.0, "target": 74, "value": 0.11013014916049528, "supply": [{"l": "Sunflowerseed Oil", "v": 0.11013014916049528}]}, {"source": 68, "prod": 12.0, "target": 68, "value": 0.073826376670434776, "supply": [{"l": "Sunflower seed", "v": 0.073826376670434776}]}, {"source": 0, "prod": 29.0, "target": 0, "value": 0.097702764363452405, "supply": [{"l": "Maize", "v": 0.097702764363452405}]}, {"source": 3, "prod": 1679.0, "target": 3, "value": 5.3777707919645312, "supply": [{"l": "Wheat", "v": 5.3777707919645312}]}, {"source": 4, "prod": 46.0, "target": 4, "value": 0.16346195368443667, "supply": [{"l": "Oats", "v": 0.16346195368443667}]}, {"source": 71, "prod": 39.0, "target": 71, "value": 0.23993572417891304, "supply": [{"l": "Cottonseed", "v": 0.23993572417891304}]}, {"source": 5, "prod": 270.0, "target": 5, "value": 0.22133237178429957, "supply": [{"l": "Potatoes", "v": 0.22133237178429957}]}, {"source": 34, "prod": 11.0, "target": 34, "value": 0.018418053715750581, "supply": [{"l": "Eggs", "v": 0.018418053715750581}]}, {"source": 6, "prod": 83.0, "target": 6, "value": 0.29644428339462225, "supply": [{"l": "Rye", "v": 0.29644428339462225}]}, {"source": 37, "prod": 1.0, "target": 37, "value": 0.0074912058680294122, "supply": [{"l": "Sesame seed", "v": 0.0074912058680294122}]}, {"source": 8, "prod": 1.0, "target": 8, "value": 0.0035535207322703621, "supply": [{"l": "Millet", "v": 0.0035535207322703621}]}, {"source": 50, "prod": 10.0, "target": 50, "value": 0.038481737414617564, "supply": [{"l": "Beans", "v": 0.038481737414617564}]}, {"source": 11, "prod": 520.0, "target": 11, "value": 1.8478307807805883, "supply": [{"l": "Barley", "v": 1.8478307807805883}]}, {"source": 39, "prod": 2.0, "target": 39, "value": 0.012304396111739131, "supply": [{"l": "Groundnuts", "v": 0.012304396111739131}]}, {"source": 27, "prod": 7.0, "target": 27, "value": 0.027068426061604253, "supply": [{"l": "Rice", "v": 0.027068426061604253}]}, {"source": 13, "prod": 32.0, "target": 13, "value": 0.11371266343265159, "supply": [{"l": "Cereals, Other", "v": 0.11371266343265159}]}, {"source": 15, "prod": 55.0, "target": 15, "value": 0.22170632138148008, "supply": [{"l": "Pulses, Other", "v": 0.22170632138148008}]}, {"source": 0, "prod": 51.0, "target": 77, "value": 0.17182210284607144, "supply": [{"l": "Maize", "v": 0.17182210284607144}]}, {"source": 6, "prod": 28.0, "target": 77, "value": 0.10000530042228219, "supply": [{"l": "Rye", "v": 0.10000530042228219}]}, {"source": 59, "prod": 171.0, "target": 77, "value": 0.094272447871694809, "supply": [{"l": "Fruits, Other", "v": 0.094272447871694809}]}, {"source": 23, "prod": 2.0, "target": 77, "value": 0.00084059735812871299, "supply": [{"l": "Grapefruit", "v": 0.00084059735812871299}]}, {"source": 11, "prod": 190.0, "target": 77, "value": 0.67516893913136888, "supply": [{"l": "Barley", "v": 0.67516893913136888}]}, {"source": 27, "prod": 7.0, "target": 77, "value": 0.027068426061604253, "supply": [{"l": "Rice", "v": 0.027068426061604253}]}, {"source": 18, "prod": 25.0, "target": 77, "value": 0.093241180599141382, "supply": [{"l": "Nuts", "v": 0.093241180599141382}]}, {"source": 68, "prod": 14.0, "target": 77, "value": 0.086130772782173903, "supply": [{"l": "Sunflower seed", "v": 0.086130772782173903}]}, {"source": 13, "prod": 6.0, "target": 77, "value": 0.02132112439362217, "supply": [{"l": "Cereals, Other", "v": 0.02132112439362217}]}, {"source": 3, "prod": 1380.0, "target": 77, "value": 4.4200855824366005, "supply": [{"l": "Wheat", "v": 4.4200855824366005}]}, {"source": 33, "prod": 25.0, "target": 77, "value": 0.093092470582236825, "supply": [{"l": "Treenuts", "v": 0.093092470582236825}]}, {"source": 34, "prod": 12.0, "target": 77, "value": 0.020092422235364272, "supply": [{"l": "Eggs", "v": 0.020092422235364272}]}, {"source": 2, "prod": 1477.0, "target": 77, "value": 0.39014686412713012, "supply": [{"l": "Vegetables, Other", "v": 0.39014686412713012}]}, {"source": 37, "prod": 1.0, "target": 77, "value": 0.0074912058680294122, "supply": [{"l": "Sesame seed", "v": 0.0074912058680294122}]}, {"source": 14, "prod": 435.0, "target": 77, "value": 0.097806263054515355, "supply": [{"l": "Tomatoes", "v": 0.097806263054515355}]}, {"source": 38, "prod": 318.0, "target": 77, "value": 0.24408441807155598, "supply": [{"l": "Grapes", "v": 0.24408441807155598}]}, {"source": 39, "prod": 1.0, "target": 77, "value": 0.0061521980558695653, "supply": [{"l": "Groundnuts", "v": 0.0061521980558695653}]}, {"source": 4, "prod": 15.0, "target": 77, "value": 0.053302810984055433, "supply": [{"l": "Oats", "v": 0.053302810984055433}]}, {"source": 71, "prod": 28.0, "target": 77, "value": 0.17226154556434781, "supply": [{"l": "Cottonseed", "v": 0.17226154556434781}]}, {"source": 5, "prod": 280.0, "target": 77, "value": 0.22952986703556988, "supply": [{"l": "Potatoes", "v": 0.22952986703556988}]}, {"source": 9, "prod": 543.0, "target": 77, "value": 0.3683860346837568, "supply": [{"l": "Milk - Excluding Butter", "v": 0.3683860346837568}]}, {"source": 50, "prod": 5.0, "target": 77, "value": 0.019240868707308782, "supply": [{"l": "Beans", "v": 0.019240868707308782}]}, {"source": 67, "prod": 63.0, "target": 77, "value": 0.02970011655098587, "supply": [{"l": "Apples", "v": 0.02970011655098587}]}, {"source": 52, "prod": 23.0, "target": 77, "value": 0.005335266838614754, "supply": [{"l": "Lemons, Limes", "v": 0.005335266838614754}]}, {"source": 54, "prod": 2.0, "target": 77, "value": 0.0017687569410625001, "supply": [{"l": "Bananas", "v": 0.0017687569410625001}]}, {"source": 8, "prod": 1.0, "target": 77, "value": 0.0035535207322703621, "supply": [{"l": "Millet", "v": 0.0035535207322703621}]}, {"source": 63, "prod": 55.0, "target": 77, "value": 0.015602886260162516, "supply": [{"l": "Oranges, Mandarines", "v": 0.015602886260162516}]}, {"source": 66, "prod": 127.0, "target": 77, "value": 0.056419233031658723, "supply": [{"l": "Onions", "v": 0.056419233031658723}]}, {"source": 15, "prod": 22.0, "target": 77, "value": 0.088682528552592038, "supply": [{"l": "Pulses, Other", "v": 0.088682528552592038}]}, {"source": 78, "prod": 34.0, "target": 27, "value": 0.13147521229922066, "supply": [{"l": "Rice", "v": 0.13147521229922066}]}, {"source": 78, "prod": 6.0, "target": 3, "value": 0.019217763401898267, "supply": [{"l": "Wheat", "v": 0.019217763401898267}]}, {"source": 78, "prod": 9.0, "target": 1, "value": 0.0070771175569501934, "supply": [{"l": "Pelagic Fish", "v": 0.0019821089456264589}, {"l": "Milk - Excluding Butter", "v": 0.0033921365992979459}, {"l": "Fish, Seafood", "v": 0.0017028720120257882}]}, {"source": 78, "prod": 1.0, "target": 48, "value": 0.003771123289435142, "supply": [{"l": "Pepper", "v": 0.003771123289435142}]}, {"source": 78, "prod": 42.0, "target": 69, "value": 0.42215549965331567, "supply": [{"l": "Fats, Animals, Raw", "v": 0.12735049975650001}, {"l": "Soyabean Oil", "v": 0.13320569514760344}, {"l": "Fish, Body Oil", "v": 0.0094555352262814859}, {"l": "Palm Oil", "v": 0.13320569514760344}, {"l": "Beverages, Alcoholic", "v": 0.0035645178048893133}, {"l": "Oilcrops Oil, Other", "v": 0.0070750277642500003}, {"l": "Butter, Ghee", "v": 0.00829852880618797}]}, {"source": 78, "prod": 1.0, "target": 50, "value": 0.0038481737414617569, "supply": [{"l": "Beans", "v": 0.0038481737414617569}]}, {"source": 78, "prod": 6.0, "target": 30, "value": 0.0025727373688181816, "supply": [{"l": "Coffee", "v": 0.0025727373688181816}]}, {"source": 78, "prod": 1.0, "target": 25, "value": 0.014150055528500001, "supply": [{"l": "Cocoa Beans", "v": 0.014150055528500001}]}, {"source": 78, "prod": 1.0, "target": 2, "value": 0.00026414818153495609, "supply": [{"l": "Vegetables, Other", "v": 0.00026414818153495609}]}, {"source": 78, "prod": 1.0, "target": 32, "value": 0.0015160773780535713, "supply": [{"l": "Coconuts - Incl Copra", "v": 0.0015160773780535713}]}, {"source": 17, "prod": 2.0, "target": 79, "value": 0.0056259256920542181, "supply": [{"l": "Olives", "v": 0.0056259256920542181}]}, {"source": 6, "prod": 21.0, "target": 79, "value": 0.075003975316711657, "supply": [{"l": "Rye", "v": 0.075003975316711657}]}, {"source": 59, "prod": 102.0, "target": 79, "value": 0.056232688204168844, "supply": [{"l": "Fruits, Other", "v": 0.056232688204168844}]}, {"source": 19, "prod": 1.0, "target": 79, "value": 0.0041399947333295092, "supply": [{"l": "Sugar", "v": 0.0041399947333295092}]}, {"source": 23, "prod": 7.0, "target": 79, "value": 0.0029420907534504952, "supply": [{"l": "Grapefruit", "v": 0.0029420907534504952}]}, {"source": 24, "prod": 1.0, "target": 79, "value": 0.0035645178048893133, "supply": [{"l": "Beverages, Alcoholic", "v": 0.0035645178048893133}]}, {"source": 11, "prod": 143.0, "target": 79, "value": 0.50815346471466183, "supply": [{"l": "Barley", "v": 0.50815346471466183}]}, {"source": 18, "prod": 309.0, "target": 79, "value": 1.1524609922053874, "supply": [{"l": "Nuts", "v": 1.1524609922053874}]}, {"source": 13, "prod": 2.0, "target": 79, "value": 0.0071070414645407242, "supply": [{"l": "Cereals, Other", "v": 0.0071070414645407242}]}, {"source": 3, "prod": 632.0, "target": 79, "value": 2.0242710783332836, "supply": [{"l": "Wheat", "v": 2.0242710783332836}]}, {"source": 33, "prod": 309.0, "target": 79, "value": 1.1506229363964473, "supply": [{"l": "Treenuts", "v": 1.1506229363964473}]}, {"source": 80, "prod": 5.0, "target": 79, "value": 0.0042571800300644702, "supply": [{"l": "Crustaceans", "v": 0.0042571800300644702}]}, {"source": 2, "prod": 16.0, "target": 79, "value": 0.0042263709045592974, "supply": [{"l": "Vegetables, Other", "v": 0.0042263709045592974}]}, {"source": 37, "prod": 1.0, "target": 79, "value": 0.0074912058680294122, "supply": [{"l": "Sesame seed", "v": 0.0074912058680294122}]}, {"source": 14, "prod": 94.0, "target": 79, "value": 0.021135146499136656, "supply": [{"l": "Tomatoes", "v": 0.021135146499136656}]}, {"source": 38, "prod": 407.0, "target": 79, "value": 0.31239735268906688, "supply": [{"l": "Grapes", "v": 0.31239735268906688}]}, {"source": 39, "prod": 4.0, "target": 79, "value": 0.024608792223478261, "supply": [{"l": "Groundnuts", "v": 0.024608792223478261}]}, {"source": 41, "prod": 3.0, "target": 79, "value": 0.014150055528500001, "supply": [{"l": "Oilcrops, Other", "v": 0.014150055528500001}]}, {"source": 53, "prod": 2.0, "target": 79, "value": 0.0056482550134553007, "supply": [{"l": "Mutton & Goat Meat", "v": 0.0056482550134553007}]}, {"source": 44, "prod": 36.0, "target": 79, "value": 0.37113574214751438, "supply": [{"l": "Olive Oil", "v": 0.37113574214751438}]}, {"source": 5, "prod": 28.0, "target": 79, "value": 0.022952986703556992, "supply": [{"l": "Potatoes", "v": 0.022952986703556992}]}, {"source": 50, "prod": 1.0, "target": 79, "value": 0.0038481737414617569, "supply": [{"l": "Beans", "v": 0.0038481737414617569}]}, {"source": 81, "prod": 1.0, "target": 79, "value": 0.0011622222200000001, "supply": [{"l": "Fish, Liver Oil", "v": 0.0011622222200000001}]}, {"source": 12, "prod": 5.0, "target": 79, "value": 0.0042571800300644702, "supply": [{"l": "Fish, Seafood", "v": 0.0042571800300644702}]}, {"source": 51, "prod": 3.0, "target": 79, "value": 0.0048360949274620256, "supply": [{"l": "Meat, Other", "v": 0.0048360949274620256}]}, {"source": 52, "prod": 77.0, "target": 79, "value": 0.017861545503188525, "supply": [{"l": "Lemons, Limes", "v": 0.017861545503188525}]}, {"source": 42, "prod": 3.0, "target": 79, "value": 0.0029616395292209304, "supply": [{"l": "Wine", "v": 0.0029616395292209304}]}, {"source": 57, "prod": 4.0, "target": 79, "value": 0.01601893078698113, "supply": [{"l": "Spices, Other", "v": 0.01601893078698113}]}, {"source": 58, "prod": 4.0, "target": 79, "value": 0.0018972141490726261, "supply": [{"l": "Tea", "v": 0.0018972141490726261}]}, {"source": 63, "prod": 55.0, "target": 79, "value": 0.015602886260162516, "supply": [{"l": "Oranges, Mandarines", "v": 0.015602886260162516}]}, {"source": 15, "prod": 90.0, "target": 79, "value": 0.36279216226060379, "supply": [{"l": "Pulses, Other", "v": 0.36279216226060379}]}, {"source": 66, "prod": 13.0, "target": 79, "value": 0.0057751970819808138, "supply": [{"l": "Onions", "v": 0.0057751970819808138}]}, {"source": 67, "prod": 23.0, "target": 79, "value": 0.010842899693217063, "supply": [{"l": "Apples", "v": 0.010842899693217063}]}, {"source": 82, "prod": 38.0, "target": 18, "value": 0.14172659451069489, "supply": [{"l": "Nuts", "v": 0.14172659451069489}]}, {"source": 82, "prod": 183.0, "target": 11, "value": 0.65029429400547623, "supply": [{"l": "Barley", "v": 0.65029429400547623}]}, {"source": 82, "prod": 69.0, "target": 69, "value": 0.70479862834691209, "supply": [{"l": "Olive Oil", "v": 0.4845383300259215}, {"l": "Sunflowerseed Oil", "v": 0.22026029832099056}]}, {"source": 19, "prod": 6.0, "target": 83, "value": 0.024839968399977052, "supply": [{"l": "Sugar", "v": 0.024839968399977052}]}, {"source": 82, "prod": 38.0, "target": 33, "value": 0.141500555285, "supply": [{"l": "Treenuts", "v": 0.141500555285}]}, {"source": 3, "prod": 1578.0, "target": 83, "value": 5.0542717746992443, "supply": [{"l": "Wheat", "v": 5.0542717746992443}]}, {"source": 1, "prod": 185.0, "target": 60, "value": 0.26119559262696784, "supply": [{"l": "Poultry Meat", "v": 0.26119559262696784}]}, {"source": 1, "prod": 125.0, "target": 10, "value": 0.12388180910165368, "supply": [{"l": "Pelagic Fish", "v": 0.12388180910165368}]}, {"source": 1, "prod": 141.0, "target": 64, "value": 0.2268546803242609, "supply": [{"l": "Bovine Meat", "v": 0.2268546803242609}]}, {"source": 1, "prod": 189.0, "target": 34, "value": 0.31645565020698724, "supply": [{"l": "Eggs", "v": 0.3348737039227378}]}, {"source": 1, "prod": 8743.0, "target": 9, "value": 5.931490057532387, "supply": [{"l": "Milk - Excluding Butter", "v": 5.931490057532387}]}, {"source": 1, "prod": 94.0, "target": 61, "value": 0.12197471446837993, "supply": [{"l": "Offals, Edible", "v": 0.12197471446837993}]}, {"source": 1, "prod": 23.0, "target": 62, "value": 0.017434889847616073, "supply": [{"l": "Demersal Fish", "v": 0.017434889847616073}]}, {"source": 1, "prod": 167.0, "target": 12, "value": 0.14218981300415331, "supply": [{"l": "Fish, Seafood", "v": 0.14218981300415331}]}, {"source": 1, "prod": 5.0, "target": 80, "value": 0.0042571800300644702, "supply": [{"l": "Crustaceans", "v": 0.0042571800300644702}]}, {"source": 1, "prod": 5.0, "target": 51, "value": 0.0080601582124367084, "supply": [{"l": "Meat, Other", "v": 0.0080601582124367084}]}, {"source": 1, "prod": 14.0, "target": 46, "value": 0.018009161581727273, "supply": [{"l": "Freshwater Fish", "v": 0.018009161581727273}]}, {"source": 1, "prod": 397.0, "target": 53, "value": 1.1211786201708773, "supply": [{"l": "Mutton & Goat Meat", "v": 1.1211786201708773}]}, {"source": 69, "prod": 133.0, "target": 44, "value": 1.37114038071165, "supply": [{"l": "Olive Oil", "v": 1.37114038071165}]}, {"source": 69, "prod": 46.0, "target": 29, "value": 0.48817691573325006, "supply": [{"l": "Fats, Animals, Raw", "v": 0.48817691573325006}]}, {"source": 69, "prod": 6.0, "target": 49, "value": 0.054578785609928578, "supply": [{"l": "Sesameseed Oil", "v": 0.054578785609928578}]}, {"source": 69, "prod": 1.0, "target": 55, "value": 0.00098721317640697672, "supply": [{"l": "Beverages, Fermented", "v": 0.00098721317640697672}]}, {"source": 69, "prod": 14.0, "target": 31, "value": 0.1434522870820345, "supply": [{"l": "Soyabean Oil", "v": 0.1434522870820345}]}, {"source": 69, "prod": 1.0, "target": 7, "value": 0.0094555352262814859, "supply": [{"l": "Fish, Body Oil", "v": 0.0094555352262814859}]}, {"source": 69, "prod": 154.0, "target": 65, "value": 1.5792415906133765, "supply": [{"l": "Cottonseed Oil", "v": 1.5792415906133765}]}, {"source": 69, "prod": 1.0, "target": 81, "value": 0.0011622222200000001, "supply": [{"l": "Fish, Liver Oil", "v": 0.0011622222200000001}]}, {"source": 69, "prod": 1174.0, "target": 19, "value": 4.8603538169288445, "supply": [{"l": "Sugar", "v": 4.8603538169288445}]}, {"source": 69, "prod": 22.0, "target": 26, "value": 0.070483295462716977, "supply": [{"l": "Honey", "v": 0.070483295462716977}]}, {"source": 69, "prod": 11.0, "target": 21, "value": 0.10775811517857693, "supply": [{"l": "Maize Germ Oil", "v": 0.10775811517857693}]}, {"source": 69, "prod": 193.0, "target": 22, "value": 0.10436792549046497, "supply": [{"l": "Beer", "v": 0.10436792549046497}]}, {"source": 69, "prod": 55.0, "target": 24, "value": 0.19604847926891222, "supply": [{"l": "Beverages, Alcoholic", "v": 0.19604847926891222}]}, {"source": 69, "prod": 185.0, "target": 43, "value": 1.8521888722446935, "supply": [{"l": "Sunflowerseed Oil", "v": 1.8521888722446935}]}, {"source": 69, "prod": 27.0, "target": 75, "value": 0.026654755762988369, "supply": [{"l": "Alcohol, Non-Food", "v": 0.026654755762988369}]}, {"source": 69, "prod": 13.0, "target": 40, "value": 0.13320569514760347, "supply": [{"l": "Palm Oil", "v": 0.13320569514760347}]}, {"source": 69, "prod": 2.0, "target": 20, "value": 0.014150055528500001, "supply": [{"l": "Oilcrops Oil, Other", "v": 0.014150055528500001}]}, {"source": 69, "prod": 5.0, "target": 76, "value": 0.050646059190735608, "supply": [{"l": "Rape and Mustard Oil", "v": 0.050646059190735608}]}, {"source": 69, "prod": 109.0, "target": 28, "value": 0.90453963987448882, "supply": [{"l": "Butter, Ghee", "v": 0.90453963987448882}]}, {"source": 69, "prod": 21.0, "target": 42, "value": 0.020731476704546514, "supply": [{"l": "Wine", "v": 0.020731476704546514}]}, {"source": 0, "prod": 2530.0, "target": 84, "value": 8.8212666497999983, "supply": [{"l": "Maize", "v": 8.8212666497999983}]}, {"source": 17, "prod": 399.5, "target": 84, "value": 1.39292333067, "supply": [{"l": "Olives", "v": 1.39292333067}]}, {"source": 2, "prod": 7328.0, "target": 84, "value": 25.550293284480002, "supply": [{"l": "Vegetables, Other", "v": 25.550293284480002}]}, {"source": 6, "prod": 1380.0, "target": 84, "value": 4.8115999907999996, "supply": [{"l": "Rye", "v": 4.8115999907999996}]}, {"source": 11, "prod": 9683.0, "target": 84, "value": 33.761393268780004, "supply": [{"l": "Barley", "v": 33.761393268780004}]}, {"source": 27, "prod": 399.0, "target": 84, "value": 1.3911799973400001, "supply": [{"l": "Rice", "v": 1.3911799973400001}]}, {"source": 14, "prod": 2900.0, "target": 84, "value": 10.111333314000001, "supply": [{"l": "Tomatoes", "v": 10.111333314000001}]}, {"source": 68, "prod": 455.0, "target": 84, "value": 1.5864333303000002, "supply": [{"l": "Sunflower seed", "v": 1.5864333303000002}]}, {"source": 13, "prod": 445.0, "target": 84, "value": 1.5515666637000001, "supply": [{"l": "Cereals, Other", "v": 1.5515666637000001}]}, {"source": 3, "prod": 33446.0, "target": 84, "value": 116.61505311035999, "supply": [{"l": "Wheat", "v": 116.61505311035999}]}, {"source": 32, "prod": 0.5, "target": 84, "value": 0.00042960714203571433, "supply": [{"l": "Coconuts - Incl Copra", "v": 0.00042960714203571433}]}, {"source": 35, "prod": 0.5, "target": 84, "value": 0.0017433333300000001, "supply": [{"l": "Roots, Other", "v": 0.0017433333300000001}]}, {"source": 36, "prod": 5.5, "target": 84, "value": 0.019176666630000002, "supply": [{"l": "Peas", "v": 0.019176666630000002}]}, {"source": 37, "prod": 24.5, "target": 84, "value": 0.08542333316999999, "supply": [{"l": "Sesame seed", "v": 0.08542333316999999}]}, {"source": 70, "prod": 5.5, "target": 84, "value": 0.012375158249719426, "supply": [{"l": "Soyabeans", "v": 0.012375158249719426}]}, {"source": 39, "prod": 35.0, "target": 84, "value": 0.1220333331, "supply": [{"l": "Groundnuts", "v": 0.1220333331}]}, {"source": 41, "prod": 50.0, "target": 84, "value": 0.13365555530000003, "supply": [{"l": "Oilcrops, Other", "v": 0.13365555530000003}]}, {"source": 4, "prod": 740.0, "target": 84, "value": 2.5801333284000001, "supply": [{"l": "Oats", "v": 2.5801333284000001}]}, {"source": 71, "prod": 920.0, "target": 84, "value": 3.207733327200001, "supply": [{"l": "Cottonseed", "v": 3.207733327200001}]}, {"source": 5, "prod": 1400.25, "target": 84, "value": 4.8822049906650014, "supply": [{"l": "Potatoes", "v": 4.8822049906650014}]}, {"source": 50, "prod": 160.5, "target": 84, "value": 0.55960999892999996, "supply": [{"l": "Beans", "v": 0.55960999892999996}]}, {"source": 15, "prod": 647.0, "target": 84, "value": 2.2558733290200004, "supply": [{"l": "Pulses, Other", "v": 2.2558733290200004}]}, {"source": 73, "prod": 3598.0, "target": 84, "value": 4.1816755475600003, "supply": [{"l": "Sugar beet", "v": 4.1816755475600003}]}, {"source": 8, "prod": 58.0, "target": 84, "value": 0.20222666627999999, "supply": [{"l": "Millet", "v": 0.20222666627999999}]}, {"source": 72, "prod": 13.5, "target": 84, "value": 0.04706999991, "supply": [{"l": "Rape and Mustardseed", "v": 0.04706999991}]}, {"source": 66, "prod": 845.5, "target": 84, "value": 2.9479766610300002, "supply": [{"l": "Onions", "v": 2.9479766610300002}]}, {"source": 85, "prod": 1.3076780539706799e-14, "target": 69, "value": 5.5511151231257827e-17, "supply": [{"l": "Oil Palm", "v": 5.5511151231257827e-17}]}, {"source": 86, "prod": 0, "target": 0, "value": 0.0052044771076175597, "supply": "[{\"l\":'Energy for power irrigation',\"v\":0.0052044771076175597}]"}, {"source": 86, "prod": 0, "target": 17, "value": 0.0016436273553306047, "supply": "[{\"l\":'Energy for power irrigation',\"v\":0.0016436273553306047}]"}, {"source": 86, "prod": 0, "target": 35, "value": 4.1142111522668452e-06, "supply": "[{\"l\":'Energy for power irrigation',\"v\":4.1142111522668452e-06}]"}, {"source": 86, "prod": 0, "target": 6, "value": 0.0028388056950641232, "supply": "[{\"l\":'Energy for power irrigation',\"v\":0.0028388056950641232}]"}, {"source": 86, "prod": 0, "target": 18, "value": 0.0023533287790966357, "supply": "[{\"l\":'Energy for power irrigation',\"v\":0.0023533287790966357}]"}, {"source": 86, "prod": 0, "target": 56, "value": 6.1713167284002673e-05, "supply": "[{\"l\":'Energy for power irrigation',\"v\":6.1713167284002673e-05}]"}, {"source": 86, "prod": 0, "target": 23, "value": 9.0512645349870606e-05, "supply": "[{\"l\":'Energy for power irrigation',\"v\":9.0512645349870606e-05}]"}, {"source": 86, "prod": 0, "target": 11, "value": 0.019918953293699932, "supply": "[{\"l\":'Energy for power irrigation',\"v\":0.019918953293699932}]"}, {"source": 86, "prod": 0, "target": 27, "value": 0.0008207851248772356, "supply": "[{\"l\":'Energy for power irrigation',\"v\":0.0008207851248772356}]"}, {"source": 86, "prod": 0, "target": 14, "value": 0.011931212341573853, "supply": "[{\"l\":'Energy for power irrigation',\"v\":0.011931212341573853}]"}, {"source": 86, "prod": 0, "target": 68, "value": 0.0018719660742814149, "supply": "[{\"l\":'Energy for power irrigation',\"v\":0.0018719660742814149}]"}, {"source": 86, "prod": 0, "target": 13, "value": 0.00091541198137937304, "supply": "[{\"l\":'Energy for power irrigation',\"v\":0.00091541198137937304}]"}, {"source": 86, "prod": 0, "target": 3, "value": 0.068801953099358451, "supply": "[{\"l\":'Energy for power irrigation',\"v\":0.068801953099358451}]"}, {"source": 86, "prod": 0, "target": 33, "value": 0.0023533287790966357, "supply": "[{\"l\":'Energy for power irrigation',\"v\":0.0023533287790966357}]"}, {"source": 86, "prod": 0, "target": 2, "value": 0.030148939323811443, "supply": "[{\"l\":'Energy for power irrigation',\"v\":0.030148939323811443}]"}, {"source": 86, "prod": 0, "target": 36, "value": 2.2628161337467651e-05, "supply": "[{\"l\":'Energy for power irrigation',\"v\":2.2628161337467651e-05}]"}, {"source": 86, "prod": 0, "target": 37, "value": 0.00010079817323053771, "supply": "[{\"l\":'Energy for power irrigation',\"v\":0.00010079817323053771}]"}, {"source": 86, "prod": 0, "target": 71, "value": 0.0037850742600854977, "supply": "[{\"l\":'Energy for power irrigation',\"v\":0.0037850742600854977}]"}, {"source": 86, "prod": 0, "target": 38, "value": 0.013081134358632436, "supply": "[{\"l\":'Energy for power irrigation',\"v\":0.013081134358632436}]"}, {"source": 86, "prod": 0, "target": 39, "value": 0.00014399739032933958, "supply": "[{\"l\":'Energy for power irrigation',\"v\":0.00014399739032933958}]"}, {"source": 86, "prod": 0, "target": 85, "value": 2.6900318166103883e-20, "supply": "[{\"l\":'Energy for power irrigation',\"v\":2.6900318166103883e-20}]"}, {"source": 86, "prod": 0, "target": 41, "value": 0.00020571055761334225, "supply": "[{\"l\":'Energy for power irrigation',\"v\":0.00020571055761334225}]"}, {"source": 86, "prod": 0, "target": 45, "value": 1.2342633456800536e-05, "supply": "[{\"l\":'Energy for power irrigation',\"v\":1.2342633456800536e-05}]"}, {"source": 86, "prod": 0, "target": 4, "value": 0.0015222581263387327, "supply": "[{\"l\":'Energy for power irrigation',\"v\":0.0015222581263387327}]"}, {"source": 86, "prod": 0, "target": 70, "value": 2.2628161337467651e-05, "supply": "[{\"l\":'Energy for power irrigation',\"v\":2.2628161337467651e-05}]"}, {"source": 86, "prod": 0, "target": 5, "value": 0.011521848331923299, "supply": "[{\"l\":'Energy for power irrigation',\"v\":0.011521848331923299}]"}, {"source": 86, "prod": 0, "target": 47, "value": 4.1142111522668453e-05, "supply": "[{\"l\":'Energy for power irrigation',\"v\":4.1142111522668453e-05}]"}, {"source": 86, "prod": 0, "target": 50, "value": 0.00066033088993882867, "supply": "[{\"l\":'Energy for power irrigation',\"v\":0.00066033088993882867}]"}, {"source": 86, "prod": 0, "target": 15, "value": 0.0026618946155166491, "supply": "[{\"l\":'Energy for power irrigation',\"v\":0.0026618946155166491}]"}, {"source": 86, "prod": 0, "target": 73, "value": 0.037007329314640271, "supply": "[{\"l\":'Energy for power irrigation',\"v\":0.037007329314640271}]"}, {"source": 86, "prod": 0, "target": 52, "value": 0.0013371186244867249, "supply": "[{\"l\":'Energy for power irrigation',\"v\":0.0013371186244867249}]"}, {"source": 86, "prod": 0, "target": 54, "value": 9.0512645349870606e-05, "supply": "[{\"l\":'Energy for power irrigation',\"v\":9.0512645349870606e-05}]"}, {"source": 86, "prod": 0, "target": 57, "value": 0.00010696948995893798, "supply": "[{\"l\":'Energy for power irrigation',\"v\":0.00010696948995893798}]"}, {"source": 86, "prod": 0, "target": 58, "value": 0.00031885136430068054, "supply": "[{\"l\":'Energy for power irrigation',\"v\":0.00031885136430068054}]"}, {"source": 86, "prod": 0, "target": 59, "value": 0.0052826471195106294, "supply": "[{\"l\":'Energy for power irrigation',\"v\":0.0052826471195106294}]"}, {"source": 86, "prod": 0, "target": 8, "value": 0.00011931212341573851, "supply": "[{\"l\":'Energy for power irrigation',\"v\":0.00011931212341573851}]"}, {"source": 86, "prod": 0, "target": 72, "value": 5.5541850555602413e-05, "supply": "[{\"l\":'Energy for power irrigation',\"v\":5.5541850555602413e-05}]"}, {"source": 86, "prod": 0, "target": 63, "value": 0.0032296557545294733, "supply": "[{\"l\":'Energy for power irrigation',\"v\":0.0032296557545294733}]"}, {"source": 86, "prod": 0, "target": 66, "value": 0.0034785655292416178, "supply": "[{\"l\":'Energy for power irrigation',\"v\":0.0034785655292416178}]"}, {"source": 86, "prod": 0, "target": 67, "value": 0.003704847142616294, "supply": "[{\"l\":'Energy for power irrigation',\"v\":0.003704847142616294}]"}, {"source": 86, "prod": 0, "target": 69, "value": 0.11700000009359998, "supply": "[{\"l\":'Electricity',\"v\":0.11700000009359998}]"}, {"source": 87, "prod": 0, "target": 86, "value": 0.52844806400697297, "supply": [{"l": "Coal", "v": 0.21622110061703703}, {"l": "Natural gas", "v": 0.0}, {"l": "Oil", "v": 0.31222696338993594}]}, {"source": 88, "prod": 0, "target": 86, "value": 0.15151830642380731, "supply": [{"l": "Nuclear", "v": 0.0}, {"l": "Hydroelectric", "v": 0.1477605145238767}, {"l": "Renewable", "v": 0.0037577918999306165}]}, {"source": 87, "prod": 0, "target": 0, "value": 0.41749035517804856, "supply": [{"l": "Motor Gasoline", "v": 0.0018876853767744548}, {"l": "Gas-Diesel oil", "v": 0.3413295531973467}, {"l": "Natural gas (including LNG)", "v": 0.0097194592655591074}, {"l": "Liquefied petroleum gas (LPG)", "v": 0.00028793137156217892}, {"l": "Coal", "v": 0.00039263368849388038}, {"l": "Other fossil fuels", "v": 0.063873092278312227}]}, {"source": 87, "prod": 0, "target": 17, "value": 0.13184774457994497, "supply": [{"l": "Motor Gasoline", "v": 0.00059615044112363213}, {"l": "Gas-Diesel oil", "v": 0.10779538063426086}, {"l": "Natural gas (including LNG)", "v": 0.0030695051198346745}, {"l": "Liquefied petroleum gas (LPG)", "v": 9.0931686117858072e-05}, {"l": "Coal", "v": 0.00012399775379707921}, {"l": "Other fossil fuels", "v": 0.020171778944810856}]}, {"source": 87, "prod": 0, "target": 35, "value": 0.00033003190132652058, "supply": [{"l": "Motor Gasoline", "v": 1.492241404564786e-06}, {"l": "Gas-Diesel oil", "v": 0.00026982573375284322}, {"l": "Natural gas (including LNG)", "v": 7.6833670083471198e-06}, {"l": "Liquefied petroleum gas (LPG)", "v": 2.2761373246022045e-07}, {"l": "Coal", "v": 3.1038236244575521e-07}, {"l": "Other fossil fuels", "v": 5.0492563065859465e-05}]}, {"source": 87, "prod": 0, "target": 6, "value": 0.2277220119152992, "supply": [{"l": "Motor Gasoline", "v": 0.0010296465691497026}, {"l": "Gas-Diesel oil", "v": 0.18617975628946182}, {"l": "Natural gas (including LNG)", "v": 0.0053015232357595133}, {"l": "Liquefied petroleum gas (LPG)", "v": 0.00015705347539755212}, {"l": "Coal", "v": 0.0002141638300875711}, {"l": "Other fossil fuels", "v": 0.034839868515443032}]}, {"source": 87, "prod": 0, "target": 18, "value": 0.18877824755876979, "supply": [{"l": "Motor Gasoline", "v": 0.00085356208341105778}, {"l": "Gas-Diesel oil", "v": 0.15434031970662632}, {"l": "Natural gas (including LNG)", "v": 0.0043948859287745532}, {"l": "Liquefied petroleum gas (LPG)", "v": 0.00013019505496724611}, {"l": "Coal", "v": 0.00017753871131897199}, {"l": "Other fossil fuels", "v": 0.028881746073671617}]}, {"source": 87, "prod": 0, "target": 56, "value": 0.0049504785198978092, "supply": [{"l": "Motor Gasoline", "v": 2.2383621068471793e-05}, {"l": "Gas-Diesel oil", "v": 0.0040473860062926479}, {"l": "Natural gas (including LNG)", "v": 0.00011525050512520679}, {"l": "Liquefied petroleum gas (LPG)", "v": 3.414205986903307e-06}, {"l": "Coal", "v": 4.6557354366863283e-06}, {"l": "Other fossil fuels", "v": 0.00075738844598789202}]}, {"source": 87, "prod": 0, "target": 23, "value": 0.0072607018291834533, "supply": [{"l": "Motor Gasoline", "v": 3.2829310900425298e-05}, {"l": "Gas-Diesel oil", "v": 0.0059361661425625508}, {"l": "Natural gas (including LNG)", "v": 0.00016903407418363665}, {"l": "Liquefied petroleum gas (LPG)", "v": 5.0075021141248507e-06}, {"l": "Coal", "v": 6.8284119738066149e-06}, {"l": "Other fossil fuels", "v": 0.0011108363874489083}]}, {"source": 87, "prod": 0, "target": 11, "value": 1.5978494502723493, "supply": [{"l": "Motor Gasoline", "v": 0.0072246867602004123}, {"l": "Gas-Diesel oil", "v": 1.3063612899643904}, {"l": "Natural gas (including LNG)", "v": 0.037199021370912577}, {"l": "Liquefied petroleum gas (LPG)", "v": 0.0011019918857061574}, {"l": "Coal", "v": 0.0015027162077811238}, {"l": "Other fossil fuels", "v": 0.2444597440833586}]}, {"source": 87, "prod": 0, "target": 27, "value": 0.065841364314640854, "supply": [{"l": "Motor Gasoline", "v": 0.00029770216021067486}, {"l": "Gas-Diesel oil", "v": 0.053830233883692222}, {"l": "Natural gas (including LNG)", "v": 0.0015328317181652503}, {"l": "Liquefied petroleum gas (LPG)", "v": 4.5408939625813981e-05}, {"l": "Coal", "v": 6.192128130792817e-05}, {"l": "Other fossil fuels", "v": 0.010073266331638964}]}, {"source": 87, "prod": 0, "target": 14, "value": 0.95709251384690974, "supply": [{"l": "Motor Gasoline", "v": 0.0043275000732378799}, {"l": "Gas-Diesel oil", "v": 0.78249462788324531}, {"l": "Natural gas (including LNG)", "v": 0.02228176432420665}, {"l": "Liquefied petroleum gas (LPG)", "v": 0.00066007982413463938}, {"l": "Coal", "v": 0.00090010885109269019}, {"l": "Other fossil fuels", "v": 0.14642843289099247}]}, {"source": 87, "prod": 0, "target": 68, "value": 0.15016451510356688, "supply": [{"l": "Motor Gasoline", "v": 0.00067896983907697779}, {"l": "Gas-Diesel oil", "v": 0.12277070885754368}, {"l": "Natural gas (including LNG)", "v": 0.0034959319887979401}, {"l": "Liquefied petroleum gas (LPG)", "v": 0.00010356424826940033}, {"l": "Coal", "v": 0.00014122397491281863}, {"l": "Other fossil fuels", "v": 0.02297411619496606}]}, {"source": 87, "prod": 0, "target": 13, "value": 0.073432098045150829, "supply": [{"l": "Motor Gasoline", "v": 0.00033202371251566493}, {"l": "Gas-Diesel oil", "v": 0.060036225760007618}, {"l": "Natural gas (including LNG)", "v": 0.0017095491593572341}, {"l": "Liquefied petroleum gas (LPG)", "v": 5.0644055472399059e-05}, {"l": "Coal", "v": 6.9060075644180542e-05}, {"l": "Other fossil fuels", "v": 0.011234595282153731}]}, {"source": 87, "prod": 0, "target": 3, "value": 5.5191234858834033, "supply": [{"l": "Motor Gasoline", "v": 0.024954753008536917}, {"l": "Gas-Diesel oil", "v": 4.5122957455487969}, {"l": "Natural gas (including LNG)", "v": 0.12848894648058887}, {"l": "Liquefied petroleum gas (LPG)", "v": 0.0038063844479322667}, {"l": "Coal", "v": 0.005190524247180364}, {"l": "Other fossil fuels", "v": 0.84438713215036787}]}, {"source": 87, "prod": 0, "target": 33, "value": 0.18877824755876979, "supply": [{"l": "Motor Gasoline", "v": 0.00085356208341105778}, {"l": "Gas-Diesel oil", "v": 0.15434031970662632}, {"l": "Natural gas (including LNG)", "v": 0.0043948859287745532}, {"l": "Liquefied petroleum gas (LPG)", "v": 0.00013019505496724611}, {"l": "Coal", "v": 0.00017753871131897199}, {"l": "Other fossil fuels", "v": 0.028881746073671617}]}, {"source": 87, "prod": 0, "target": 2, "value": 2.4184737729207426, "supply": [{"l": "Motor Gasoline", "v": 0.010935145012650754}, {"l": "Gas-Diesel oil", "v": 1.9772829769408351}, {"l": "Natural gas (including LNG)", "v": 0.056303713437167696}, {"l": "Liquefied petroleum gas (LPG)", "v": 0.0016679534314684955}, {"l": "Coal", "v": 0.0022744819520024943}, {"l": "Other fossil fuels", "v": 0.37000950214661815}]}, {"source": 87, "prod": 0, "target": 36, "value": 0.0018151754572958633, "supply": [{"l": "Motor Gasoline", "v": 8.2073277251063245e-06}, {"l": "Gas-Diesel oil", "v": 0.0014840415356406377}, {"l": "Natural gas (including LNG)", "v": 4.2258518545909161e-05}, {"l": "Liquefied petroleum gas (LPG)", "v": 1.2518755285312127e-06}, {"l": "Coal", "v": 1.7071029934516537e-06}, {"l": "Other fossil fuels", "v": 0.00027770909686222707}]}, {"source": 87, "prod": 0, "target": 37, "value": 0.0080857815824997535, "supply": [{"l": "Motor Gasoline", "v": 3.6559914411837258e-05}, {"l": "Gas-Diesel oil", "v": 0.0066107304769446587}, {"l": "Natural gas (including LNG)", "v": 0.00018824249170450443}, {"l": "Liquefied petroleum gas (LPG)", "v": 5.5765364452754016e-06}, {"l": "Coal", "v": 7.6043678799210023e-06}, {"l": "Other fossil fuels", "v": 0.0012370677951135569}]}, {"source": 87, "prod": 0, "target": 71, "value": 0.30362934922039897, "supply": [{"l": "Motor Gasoline", "v": 0.0013728620921996033}, {"l": "Gas-Diesel oil", "v": 0.24823967505261577}, {"l": "Natural gas (including LNG)", "v": 0.0070686976476793508}, {"l": "Liquefied petroleum gas (LPG)", "v": 0.00020940463386340285}, {"l": "Coal", "v": 0.00028555177345009481}, {"l": "Other fossil fuels", "v": 0.046453158020590711}]}, {"source": 87, "prod": 0, "target": 38, "value": 1.0493364302676722, "supply": [{"l": "Motor Gasoline", "v": 0.0047445815458137383}, {"l": "Gas-Diesel oil", "v": 0.85791092046716511}, {"l": "Natural gas (including LNG)", "v": 0.02442926540303967}, {"l": "Liquefied petroleum gas (LPG)", "v": 0.00072369786235727102}, {"l": "Coal", "v": 0.00098686072139627886}, {"l": "Other fossil fuels", "v": 0.16054110426790019}]}, {"source": 87, "prod": 0, "target": 39, "value": 0.011551116546428219, "supply": [{"l": "Motor Gasoline", "v": 5.2228449159767514e-05}, {"l": "Gas-Diesel oil", "v": 0.0094439006813495114}, {"l": "Natural gas (including LNG)", "v": 0.00026891784529214918}, {"l": "Liquefied petroleum gas (LPG)", "v": 7.9664806361077158e-06}, {"l": "Coal", "v": 1.0863382685601431e-05}, {"l": "Other fossil fuels", "v": 0.0017672397073050814}]}, {"source": 87, "prod": 0, "target": 85, "value": 2.1578773723745395e-18, "supply": [{"l": "Motor Gasoline", "v": 9.7568566798787685e-21}, {"l": "Gas-Diesel oil", "v": 1.7642259521256439e-18}, {"l": "Natural gas (including LNG)", "v": 5.0236852087089431e-20}, {"l": "Liquefied petroleum gas (LPG)", "v": 1.4882274136029205e-21}, {"l": "Coal", "v": 2.029401018549437e-21}, {"l": "Other fossil fuels", "v": 3.3014008304977465e-19}]}, {"source": 87, "prod": 0, "target": 41, "value": 0.016501595066326029, "supply": [{"l": "Motor Gasoline", "v": 7.4612070228239317e-05}, {"l": "Gas-Diesel oil", "v": 0.01349128668764216}, {"l": "Natural gas (including LNG)", "v": 0.00038416835041735599}, {"l": "Liquefied petroleum gas (LPG)", "v": 1.1380686623011025e-05}, {"l": "Coal", "v": 1.551911812228776e-05}, {"l": "Other fossil fuels", "v": 0.0025246281532929735}]}, {"source": 87, "prod": 0, "target": 45, "value": 0.00099009570397956179, "supply": [{"l": "Motor Gasoline", "v": 4.476724213694359e-06}, {"l": "Gas-Diesel oil", "v": 0.00080947720125852966}, {"l": "Natural gas (including LNG)", "v": 2.3050101025041361e-05}, {"l": "Liquefied petroleum gas (LPG)", "v": 6.8284119738066147e-07}, {"l": "Coal", "v": 9.3114708733726575e-07}, {"l": "Other fossil fuels", "v": 0.00015147768919757842}]}, {"source": 87, "prod": 0, "target": 4, "value": 0.12211180349081262, "supply": [{"l": "Motor Gasoline", "v": 0.00055212931968897099}, {"l": "Gas-Diesel oil", "v": 0.099835521488552001}, {"l": "Natural gas (including LNG)", "v": 0.0028428457930884344}, {"l": "Liquefied petroleum gas (LPG)", "v": 8.4217081010281583e-05}, {"l": "Coal", "v": 0.00011484147410492944}, {"l": "Other fossil fuels", "v": 0.018682248334368004}]}, {"source": 87, "prod": 0, "target": 70, "value": 0.0018151754572958633, "supply": [{"l": "Motor Gasoline", "v": 8.2073277251063245e-06}, {"l": "Gas-Diesel oil", "v": 0.0014840415356406377}, {"l": "Natural gas (including LNG)", "v": 4.2258518545909161e-05}, {"l": "Liquefied petroleum gas (LPG)", "v": 1.2518755285312127e-06}, {"l": "Coal", "v": 1.7071029934516537e-06}, {"l": "Other fossil fuels", "v": 0.00027770909686222707}]}, {"source": 87, "prod": 0, "target": 5, "value": 0.92425433966492088, "supply": [{"l": "Motor Gasoline", "v": 0.0041790220534836837}, {"l": "Gas-Diesel oil", "v": 0.75564696737483739}, {"l": "Natural gas (including LNG)", "v": 0.021517269306876106}, {"l": "Liquefied petroleum gas (LPG)", "v": 0.00063743225775484736}, {"l": "Coal", "v": 0.0008692258060293374}, {"l": "Other fossil fuels", "v": 0.14140442286593943}]}, {"source": 87, "prod": 0, "target": 47, "value": 0.0033003190132652057, "supply": [{"l": "Motor Gasoline", "v": 1.4922414045647862e-05}, {"l": "Gas-Diesel oil", "v": 0.0026982573375284322}, {"l": "Natural gas (including LNG)", "v": 7.6833670083471201e-05}, {"l": "Liquefied petroleum gas (LPG)", "v": 2.2761373246022048e-06}, {"l": "Coal", "v": 3.1038236244575523e-06}, {"l": "Other fossil fuels", "v": 0.00050492563065859472}]}, {"source": 87, "prod": 0, "target": 50, "value": 0.052970120162906559, "supply": [{"l": "Motor Gasoline", "v": 0.0002395047454326482}, {"l": "Gas-Diesel oil", "v": 0.043307030267331341}, {"l": "Natural gas (including LNG)", "v": 0.0012331804048397127}, {"l": "Liquefied petroleum gas (LPG)", "v": 3.6532004059865388e-05}, {"l": "Coal", "v": 4.9816369172543716e-05}, {"l": "Other fossil fuels", "v": 0.0081040563720704457}]}, {"source": 87, "prod": 0, "target": 15, "value": 0.21353064015825882, "supply": [{"l": "Motor Gasoline", "v": 0.00096548018875341666}, {"l": "Gas-Diesel oil", "v": 0.17457724973808955}, {"l": "Natural gas (including LNG)", "v": 0.0049711384544005865}, {"l": "Liquefied petroleum gas (LPG)", "v": 0.00014726608490176266}, {"l": "Coal", "v": 0.00020081738850240364}, {"l": "Other fossil fuels", "v": 0.032668688303611075}]}, {"source": 87, "prod": 0, "target": 73, "value": 2.9686369524320524, "supply": [{"l": "Motor Gasoline", "v": 0.013422711434060252}, {"l": "Gas-Diesel oil", "v": 2.4270824751068245}, {"l": "Natural gas (including LNG)", "v": 0.06911188624008234}, {"l": "Liquefied petroleum gas (LPG)", "v": 0.0020473855234796829}, {"l": "Coal", "v": 0.0027918893501995682}, {"l": "Other fossil fuels", "v": 0.45418060477740591}]}, {"source": 87, "prod": 0, "target": 52, "value": 0.10726036793111919, "supply": [{"l": "Motor Gasoline", "v": 0.00048497845648355555}, {"l": "Gas-Diesel oil", "v": 0.087693363469674046}, {"l": "Natural gas (including LNG)", "v": 0.0024970942777128142}, {"l": "Liquefied petroleum gas (LPG)", "v": 7.3974463049571661e-05}, {"l": "Coal", "v": 0.00010087426779487045}, {"l": "Other fossil fuels", "v": 0.01641008299640433}]}, {"source": 87, "prod": 0, "target": 54, "value": 0.0072607018291834533, "supply": [{"l": "Motor Gasoline", "v": 3.2829310900425298e-05}, {"l": "Gas-Diesel oil", "v": 0.0059361661425625508}, {"l": "Natural gas (including LNG)", "v": 0.00016903407418363665}, {"l": "Liquefied petroleum gas (LPG)", "v": 5.0075021141248507e-06}, {"l": "Coal", "v": 6.8284119738066149e-06}, {"l": "Other fossil fuels", "v": 0.0011108363874489083}]}, {"source": 87, "prod": 0, "target": 57, "value": 0.0085808294344895345, "supply": [{"l": "Motor Gasoline", "v": 3.8798276518684439e-05}, {"l": "Gas-Diesel oil", "v": 0.0070154690775739237}, {"l": "Natural gas (including LNG)", "v": 0.0001997675422170251}, {"l": "Liquefied petroleum gas (LPG)", "v": 5.917957043965732e-06}, {"l": "Coal", "v": 8.0699414235896362e-06}, {"l": "Other fossil fuels", "v": 0.0013128066397123462}]}, {"source": 87, "prod": 0, "target": 58, "value": 0.025577472352805344, "supply": [{"l": "Motor Gasoline", "v": 0.00011564870885377093}, {"l": "Gas-Diesel oil", "v": 0.02091149436584535}, {"l": "Natural gas (including LNG)", "v": 0.00059546094314690185}, {"l": "Liquefied petroleum gas (LPG)", "v": 1.7640064265667089e-05}, {"l": "Coal", "v": 2.4054633089546031e-05}, {"l": "Other fossil fuels", "v": 0.0039131736376041091}]}, {"source": 87, "prod": 0, "target": 59, "value": 0.42376096130325247, "supply": [{"l": "Motor Gasoline", "v": 0.0019160379634611856}, {"l": "Gas-Diesel oil", "v": 0.34645624213865073}, {"l": "Natural gas (including LNG)", "v": 0.0098654432387177016}, {"l": "Liquefied petroleum gas (LPG)", "v": 0.0002922560324789231}, {"l": "Coal", "v": 0.00039853095338034973}, {"l": "Other fossil fuels", "v": 0.064832450976563566}]}, {"source": 87, "prod": 0, "target": 8, "value": 0.0095709251384690965, "supply": [{"l": "Motor Gasoline", "v": 4.3275000732378799e-05}, {"l": "Gas-Diesel oil", "v": 0.0078249462788324529}, {"l": "Natural gas (including LNG)", "v": 0.00022281764324206645}, {"l": "Liquefied petroleum gas (LPG)", "v": 6.6007982413463935e-06}, {"l": "Coal", "v": 9.0010885109269007e-06}, {"l": "Other fossil fuels", "v": 0.0014642843289099244}]}, {"source": 87, "prod": 0, "target": 72, "value": 0.0044554306679080282, "supply": [{"l": "Motor Gasoline", "v": 2.0145258961624616e-05}, {"l": "Gas-Diesel oil", "v": 0.0036426474056633837}, {"l": "Natural gas (including LNG)", "v": 0.00010372545461268612}, {"l": "Liquefied petroleum gas (LPG)", "v": 3.0727853882129767e-06}, {"l": "Coal", "v": 4.1901618930176952e-06}, {"l": "Other fossil fuels", "v": 0.0006816496013891029}]}, {"source": 87, "prod": 0, "target": 63, "value": 0.25907504254131863, "supply": [{"l": "Motor Gasoline", "v": 0.0011714095025833571}, {"l": "Gas-Diesel oil", "v": 0.21181320099598192}, {"l": "Natural gas (including LNG)", "v": 0.0060314431015524887}, {"l": "Liquefied petroleum gas (LPG)", "v": 0.00017867677998127307}, {"l": "Coal", "v": 0.00024365015451991784}, {"l": "Other fossil fuels", "v": 0.039636662006699686}]}, {"source": 87, "prod": 0, "target": 66, "value": 0.27904197257157315, "supply": [{"l": "Motor Gasoline", "v": 0.0012616901075595268}, {"l": "Gas-Diesel oil", "v": 0.22813765788802895}, {"l": "Natural gas (including LNG)", "v": 0.0064962868055574901}, {"l": "Liquefied petroleum gas (LPG)", "v": 0.00019244741079511642}, {"l": "Coal", "v": 0.00026242828744788607}, {"l": "Other fossil fuels", "v": 0.042691462072184182}]}, {"source": 87, "prod": 0, "target": 67, "value": 0.29719372714453179, "supply": [{"l": "Motor Gasoline", "v": 0.0013437633848105901}, {"l": "Gas-Diesel oil", "v": 0.24297807324443532}, {"l": "Natural gas (including LNG)", "v": 0.0069188719910165813}, {"l": "Liquefied petroleum gas (LPG)", "v": 0.00020496616608042855}, {"l": "Coal", "v": 0.00027949931738240259}, {"l": "Other fossil fuels", "v": 0.04546855304080645}]}, {"source": 89, "prod": 27.588612460913478, "target": 0, "value": 0.33394920192763283, "supply": [{"l": "Potash", "v": 0.0073327222280883996}, {"l": "Phosphate", "v": 2.325731210193918}, {"l": "Nitrogen", "v": 12.905711329769012}]}, {"source": 89, "prod": 8.7127673344940195, "target": 17, "value": 0.10546458985777811, "supply": [{"l": "Potash", "v": 0.0073327222280883996}, {"l": "Phosphate", "v": 2.325731210193918}, {"l": "Nitrogen", "v": 12.905711329769012}]}, {"source": 89, "prod": 0.021809179810998794, "target": 35, "value": 0.00026399146397441324, "supply": [{"l": "Potash", "v": 0.0073327222280883996}, {"l": "Phosphate", "v": 2.325731210193918}, {"l": "Nitrogen", "v": 12.905711329769012}]}, {"source": 89, "prod": 15.048334069589169, "target": 6, "value": 0.18215411014234517, "supply": [{"l": "Potash", "v": 0.0073327222280883996}, {"l": "Phosphate", "v": 2.325731210193918}, {"l": "Nitrogen", "v": 12.905711329769012}]}, {"source": 89, "prod": 12.474850851891311, "target": 18, "value": 0.15100311739336442, "supply": [{"l": "Potash", "v": 0.0073327222280883996}, {"l": "Phosphate", "v": 2.325731210193918}, {"l": "Nitrogen", "v": 12.905711329769012}]}, {"source": 89, "prod": 0.32713769716498192, "target": 56, "value": 0.0039598719596161992, "supply": [{"l": "Potash", "v": 0.0073327222280883996}, {"l": "Phosphate", "v": 2.325731210193918}, {"l": "Nitrogen", "v": 12.905711329769012}]}, {"source": 89, "prod": 0.47980195584197349, "target": 23, "value": 0.0058078122074370925, "supply": [{"l": "Potash", "v": 0.0073327222280883996}, {"l": "Phosphate", "v": 2.325731210193918}, {"l": "Nitrogen", "v": 12.905711329769012}]}, {"source": 89, "prod": 105.58914405495067, "target": 11, "value": 1.2781146728321218, "supply": [{"l": "Potash", "v": 0.0073327222280883996}, {"l": "Phosphate", "v": 2.325731210193918}, {"l": "Nitrogen", "v": 12.905711329769012}]}, {"source": 89, "prod": 4.3509313722942595, "target": 27, "value": 0.052666297062895447, "supply": [{"l": "Potash", "v": 0.0073327222280883996}, {"l": "Phosphate", "v": 2.325731210193918}, {"l": "Nitrogen", "v": 12.905711329769012}]}, {"source": 89, "prod": 63.246621451896509, "target": 14, "value": 0.76557524552579859, "supply": [{"l": "Potash", "v": 0.0073327222280883996}, {"l": "Phosphate", "v": 2.325731210193918}, {"l": "Nitrogen", "v": 12.905711329769012}]}, {"source": 89, "prod": 9.923176814004453, "target": 68, "value": 0.12011611610835805, "supply": [{"l": "Potash", "v": 0.0073327222280883996}, {"l": "Phosphate", "v": 2.325731210193918}, {"l": "Nitrogen", "v": 12.905711329769012}]}, {"source": 89, "prod": 4.8525425079472324, "target": 13, "value": 0.058738100734306957, "supply": [{"l": "Potash", "v": 0.0073327222280883996}, {"l": "Phosphate", "v": 2.325731210193918}, {"l": "Nitrogen", "v": 12.905711329769012}]}, {"source": 89, "prod": 364.71491397933283, "target": 3, "value": 4.414729252044113, "supply": [{"l": "Potash", "v": 0.0073327222280883996}, {"l": "Phosphate", "v": 2.325731210193918}, {"l": "Nitrogen", "v": 12.905711329769012}]}, {"source": 89, "prod": 12.474850851891311, "target": 33, "value": 0.15100311739336442, "supply": [{"l": "Potash", "v": 0.0073327222280883996}, {"l": "Phosphate", "v": 2.325731210193918}, {"l": "Nitrogen", "v": 12.905711329769012}]}, {"source": 89, "prod": 159.81766965499918, "target": 2, "value": 1.9345294480045006, "supply": [{"l": "Potash", "v": 0.0073327222280883996}, {"l": "Phosphate", "v": 2.325731210193918}, {"l": "Nitrogen", "v": 12.905711329769012}]}, {"source": 89, "prod": 0.11995048896049337, "target": 36, "value": 0.0014519530518592731, "supply": [{"l": "Potash", "v": 0.0073327222280883996}, {"l": "Phosphate", "v": 2.325731210193918}, {"l": "Nitrogen", "v": 12.905711329769012}]}, {"source": 89, "prod": 0.53432490536947053, "target": 37, "value": 0.0064677908673731249, "supply": [{"l": "Potash", "v": 0.0073327222280883996}, {"l": "Phosphate", "v": 2.325731210193918}, {"l": "Nitrogen", "v": 12.905711329769012}]}, {"source": 89, "prod": 20.064445426118894, "target": 71, "value": 0.24287214685646022, "supply": [{"l": "Potash", "v": 0.0073327222280883996}, {"l": "Phosphate", "v": 2.325731210193918}, {"l": "Nitrogen", "v": 12.905711329769012}]}, {"source": 89, "prod": 69.342287209070676, "target": 38, "value": 0.83936085970664709, "supply": [{"l": "Potash", "v": 0.0073327222280883996}, {"l": "Phosphate", "v": 2.325731210193918}, {"l": "Nitrogen", "v": 12.905711329769012}]}, {"source": 89, "prod": 0.7633212933849578, "target": 39, "value": 0.0092397012391044649, "supply": [{"l": "Potash", "v": 0.0073327222280883996}, {"l": "Phosphate", "v": 2.325731210193918}, {"l": "Nitrogen", "v": 12.905711329769012}]}, {"source": 89, "prod": 1.4259692906971773e-16, "target": 85, "value": 1.7260792193746579e-18, "supply": [{"l": "Potash", "v": 0.0073327222280883996}, {"l": "Phosphate", "v": 2.325731210193918}, {"l": "Nitrogen", "v": 12.905711329769012}]}, {"source": 89, "prod": 1.0904589905499398, "target": 41, "value": 0.013199573198720664, "supply": [{"l": "Potash", "v": 0.0073327222280883996}, {"l": "Phosphate", "v": 2.325731210193918}, {"l": "Nitrogen", "v": 12.905711329769012}]}, {"source": 89, "prod": 0.065427539432996396, "target": 45, "value": 0.00079197439192323993, "supply": [{"l": "Potash", "v": 0.0073327222280883996}, {"l": "Phosphate", "v": 2.325731210193918}, {"l": "Nitrogen", "v": 12.905711329769012}]}, {"source": 89, "prod": 8.0693965300695556, "target": 4, "value": 0.097676841670532921, "supply": [{"l": "Potash", "v": 0.0073327222280883996}, {"l": "Phosphate", "v": 2.325731210193918}, {"l": "Nitrogen", "v": 12.905711329769012}]}, {"source": 89, "prod": 0.11995048896049337, "target": 70, "value": 0.0014519530518592731, "supply": [{"l": "Potash", "v": 0.0073327222280883996}, {"l": "Phosphate", "v": 2.325731210193918}, {"l": "Nitrogen", "v": 12.905711329769012}]}, {"source": 89, "prod": 61.076608060702121, "target": 5, "value": 0.73930809486034432, "supply": [{"l": "Potash", "v": 0.0073327222280883996}, {"l": "Phosphate", "v": 2.325731210193918}, {"l": "Nitrogen", "v": 12.905711329769012}]}, {"source": 89, "prod": 0.21809179810998797, "target": 47, "value": 0.0026399146397441328, "supply": [{"l": "Potash", "v": 0.0073327222280883996}, {"l": "Phosphate", "v": 2.325731210193918}, {"l": "Nitrogen", "v": 12.905711329769012}]}, {"source": 89, "prod": 3.500373359665307, "target": 50, "value": 0.042370629967893335, "supply": [{"l": "Potash", "v": 0.0073327222280883996}, {"l": "Phosphate", "v": 2.325731210193918}, {"l": "Nitrogen", "v": 12.905711329769012}]}, {"source": 89, "prod": 14.11053933771622, "target": 15, "value": 0.1708024771914454, "supply": [{"l": "Potash", "v": 0.0073327222280883996}, {"l": "Phosphate", "v": 2.325731210193918}, {"l": "Nitrogen", "v": 12.905711329769012}]}, {"source": 89, "prod": 196.17357239993416, "target": 73, "value": 2.3746032184498471, "supply": [{"l": "Potash", "v": 0.0073327222280883996}, {"l": "Phosphate", "v": 2.325731210193918}, {"l": "Nitrogen", "v": 12.905711329769012}]}, {"source": 89, "prod": 7.087983438574609, "target": 52, "value": 0.08579722579168432, "supply": [{"l": "Potash", "v": 0.0073327222280883996}, {"l": "Phosphate", "v": 2.325731210193918}, {"l": "Nitrogen", "v": 12.905711329769012}]}, {"source": 89, "prod": 0.47980195584197349, "target": 54, "value": 0.0058078122074370925, "supply": [{"l": "Potash", "v": 0.0073327222280883996}, {"l": "Phosphate", "v": 2.325731210193918}, {"l": "Nitrogen", "v": 12.905711329769012}]}, {"source": 89, "prod": 0.56703867508596861, "target": 57, "value": 0.0068637780633347446, "supply": [{"l": "Potash", "v": 0.0073327222280883996}, {"l": "Phosphate", "v": 2.325731210193918}, {"l": "Nitrogen", "v": 12.905711329769012}]}, {"source": 89, "prod": 1.6902114353524067, "target": 58, "value": 0.020459338458017031, "supply": [{"l": "Potash", "v": 0.0073327222280883996}, {"l": "Phosphate", "v": 2.325731210193918}, {"l": "Nitrogen", "v": 12.905711329769012}]}, {"source": 89, "prod": 28.002986877322456, "target": 59, "value": 0.33896503974314668, "supply": [{"l": "Potash", "v": 0.0073327222280883996}, {"l": "Phosphate", "v": 2.325731210193918}, {"l": "Nitrogen", "v": 12.905711329769012}]}, {"source": 89, "prod": 0.63246621451896501, "target": 8, "value": 0.007655752455257985, "supply": [{"l": "Potash", "v": 0.0073327222280883996}, {"l": "Phosphate", "v": 2.325731210193918}, {"l": "Nitrogen", "v": 12.905711329769012}]}, {"source": 89, "prod": 0.29442392744848372, "target": 72, "value": 0.0035638847636545795, "supply": [{"l": "Potash", "v": 0.0073327222280883996}, {"l": "Phosphate", "v": 2.325731210193918}, {"l": "Nitrogen", "v": 12.905711329769012}]}, {"source": 89, "prod": 17.120206151634054, "target": 63, "value": 0.20723329921991443, "supply": [{"l": "Potash", "v": 0.0073327222280883996}, {"l": "Phosphate", "v": 2.325731210193918}, {"l": "Nitrogen", "v": 12.905711329769012}]}, {"source": 89, "prod": 18.439661530199484, "target": 66, "value": 0.22320478279036643, "supply": [{"l": "Potash", "v": 0.0073327222280883996}, {"l": "Phosphate", "v": 2.325731210193918}, {"l": "Nitrogen", "v": 12.905711329769012}]}, {"source": 89, "prod": 19.639166419804415, "target": 67, "value": 0.23772431330895916, "supply": [{"l": "Potash", "v": 0.0073327222280883996}, {"l": "Phosphate", "v": 2.325731210193918}, {"l": "Nitrogen", "v": 12.905711329769012}]}, {"source": 87, "prod": 0, "target": 89, "value": 17.85117318900879, "supply": [{"l": "Natural gas (including LNG)", "v": 12.319672468827486}, {"l": "Fuel oil", "v": 3.2501428165571342}, {"l": "Liquefied petroleum gas (LPG)", "v": 1.1406789518120841}, {"l": "Coal", "v": 1.1406789518120841}]}, {"source": 90, "prod": 0, "target": 0, "value": 0.15115632244369714, "supply": "[{\"l\":'Labor',\"v\":0.15115632244369714}]"}, {"source": 90, "prod": 0, "target": 17, "value": 0.047736720012851383, "supply": "[{\"l\":'Labor',\"v\":0.047736720012851383}]"}, {"source": 90, "prod": 0, "target": 35, "value": 0.00011949116398711235, "supply": "[{\"l\":'Labor',\"v\":0.00011949116398711235}]"}, {"source": 90, "prod": 0, "target": 6, "value": 0.082448903151107533, "supply": "[{\"l\":'Labor',\"v\":0.082448903151107533}]"}, {"source": 90, "prod": 0, "target": 18, "value": 0.068348945800628266, "supply": "[{\"l\":'Labor',\"v\":0.068348945800628266}]"}, {"source": 90, "prod": 0, "target": 23, "value": 0.0026288056077164719, "supply": "[{\"l\":'Labor',\"v\":0.0026288056077164719}]"}, {"source": 90, "prod": 0, "target": 11, "value": 0.57851647044360444, "supply": "[{\"l\":'Labor',\"v\":0.57851647044360444}]"}, {"source": 90, "prod": 0, "target": 25, "value": 5.9745581993556177e-05, "supply": "[{\"l\":'Labor',\"v\":5.9745581993556177e-05}]"}, {"source": 90, "prod": 0, "target": 27, "value": 0.023838487215428913, "supply": "[{\"l\":'Labor',\"v\":0.023838487215428913}]"}, {"source": 90, "prod": 0, "target": 14, "value": 0.34652437556262583, "supply": "[{\"l\":'Labor',\"v\":0.34652437556262583}]"}, {"source": 90, "prod": 0, "target": 68, "value": 0.054368479614136128, "supply": "[{\"l\":'Labor',\"v\":0.054368479614136128}]"}, {"source": 90, "prod": 0, "target": 13, "value": 0.0265867839871325, "supply": "[{\"l\":'Labor',\"v\":0.0265867839871325}]"}, {"source": 90, "prod": 0, "target": 30, "value": 0.00035847349196133711, "supply": "[{\"l\":'Labor',\"v\":0.00035847349196133711}]"}, {"source": 90, "prod": 0, "target": 3, "value": 1.9982507353564798, "supply": "[{\"l\":'Labor',\"v\":1.9982507353564798}]"}, {"source": 90, "prod": 0, "target": 32, "value": 5.9745581993556177e-05, "supply": "[{\"l\":'Labor',\"v\":5.9745581993556177e-05}]"}, {"source": 90, "prod": 0, "target": 33, "value": 0.068348945800628266, "supply": "[{\"l\":'Labor',\"v\":0.068348945800628266}]"}, {"source": 90, "prod": 0, "target": 2, "value": 0.87563124969755934, "supply": "[{\"l\":'Labor',\"v\":0.87563124969755934}]"}, {"source": 90, "prod": 0, "target": 36, "value": 0.00065720140192911797, "supply": "[{\"l\":'Labor',\"v\":0.00065720140192911797}]"}, {"source": 90, "prod": 0, "target": 37, "value": 0.0029275335176842526, "supply": "[{\"l\":'Labor',\"v\":0.0029275335176842526}]"}, {"source": 90, "prod": 0, "target": 71, "value": 0.10993187086814338, "supply": "[{\"l\":'Labor',\"v\":0.10993187086814338}]"}, {"source": 90, "prod": 0, "target": 38, "value": 0.37992215589702377, "supply": "[{\"l\":'Labor',\"v\":0.37992215589702377}]"}, {"source": 90, "prod": 0, "target": 39, "value": 0.0041821907395489322, "supply": "[{\"l\":'Labor',\"v\":0.0041821907395489322}]"}, {"source": 90, "prod": 0, "target": 72, "value": 0.0016131307138260169, "supply": "[{\"l\":'Labor',\"v\":0.0016131307138260169}]"}, {"source": 90, "prod": 0, "target": 41, "value": 0.0059745581993556176, "supply": "[{\"l\":'Labor',\"v\":0.0059745581993556176}]"}, {"source": 90, "prod": 0, "target": 45, "value": 0.00035847349196133711, "supply": "[{\"l\":'Labor',\"v\":0.00035847349196133711}]"}, {"source": 90, "prod": 0, "target": 4, "value": 0.044211730675231577, "supply": "[{\"l\":'Labor',\"v\":0.044211730675231577}]"}, {"source": 90, "prod": 0, "target": 70, "value": 0.00065720140192911797, "supply": "[{\"l\":'Labor',\"v\":0.00065720140192911797}]"}, {"source": 90, "prod": 0, "target": 5, "value": 0.33463500474590813, "supply": "[{\"l\":'Labor',\"v\":0.33463500474590813}]"}, {"source": 90, "prod": 0, "target": 47, "value": 0.0011949116398711236, "supply": "[{\"l\":'Labor',\"v\":0.0011949116398711236}]"}, {"source": 90, "prod": 0, "target": 48, "value": 5.9745581993556177e-05, "supply": "[{\"l\":'Labor',\"v\":5.9745581993556177e-05}]"}, {"source": 90, "prod": 0, "target": 85, "value": 7.8127986394679236e-19, "supply": "[{\"l\":'Labor',\"v\":7.8127986394679236e-19}]"}, {"source": 90, "prod": 0, "target": 50, "value": 0.019178331819931536, "supply": "[{\"l\":'Labor',\"v\":0.019178331819931536}]"}, {"source": 90, "prod": 0, "target": 15, "value": 0.07731078309966169, "supply": "[{\"l\":'Labor',\"v\":0.07731078309966169}]"}, {"source": 90, "prod": 0, "target": 73, "value": 1.0748230200640756, "supply": "[{\"l\":'Labor',\"v\":1.0748230200640756}]"}, {"source": 90, "prod": 0, "target": 52, "value": 0.038834628295811517, "supply": "[{\"l\":'Labor',\"v\":0.038834628295811517}]"}, {"source": 90, "prod": 0, "target": 54, "value": 0.0026288056077164719, "supply": "[{\"l\":'Labor',\"v\":0.0026288056077164719}]"}, {"source": 90, "prod": 0, "target": 56, "value": 0.0017923674598066854, "supply": "[{\"l\":'Labor',\"v\":0.0017923674598066854}]"}, {"source": 90, "prod": 0, "target": 57, "value": 0.0031067702636649211, "supply": "[{\"l\":'Labor',\"v\":0.0031067702636649211}]"}, {"source": 90, "prod": 0, "target": 58, "value": 0.0092605652090012071, "supply": "[{\"l\":'Labor',\"v\":0.0092605652090012071}]"}, {"source": 90, "prod": 0, "target": 59, "value": 0.15342665455945229, "supply": "[{\"l\":'Labor',\"v\":0.15342665455945229}]"}, {"source": 90, "prod": 0, "target": 8, "value": 0.003465243755626258, "supply": "[{\"l\":'Labor',\"v\":0.003465243755626258}]"}, {"source": 90, "prod": 0, "target": 63, "value": 0.093800563729883199, "supply": "[{\"l\":'Labor',\"v\":0.093800563729883199}]"}, {"source": 90, "prod": 0, "target": 66, "value": 0.1010297791511035, "supply": "[{\"l\":'Labor',\"v\":0.1010297791511035}]"}, {"source": 90, "prod": 0, "target": 67, "value": 0.10760179317039467, "supply": "[{\"l\":'Labor',\"v\":0.10760179317039467}]"}, {"source": 87, "prod": 0, "target": 78, "value": 0.71439637499875386, "supply": "[{\"l\":'Fossil Fuels',\"v\":0.71439637499875386}]"}, {"source": 88, "prod": 0, "target": 78, "value": 0.23876368600489334, "supply": "[{\"l\":'Renewables & Nuclear',\"v\":0.023771817152739586},{\"l\":'Biomass & Waste',\"v\":0.21499186885215377}]"}]}