{"nodes": [{"name": "Balance", "fill": "#9edae5"}, {"name": "Food", "fill": "#b5cf6b"}, {"name": "Stock Deposit", "fill": "#c7c7c7"}, {"name": "Export", "fill": "#aec7e8"}, {"name": "Biofuels & Other", "fill": "#e7ba52"}, {"name": "Crop Residue", "fill": "#bd9e39"}, {"name": "Renewables & Nuclear", "fill": "#2ca02c"}, {"name": "Fossil Fuels", "fill": "#c49c94"}, {"name": "Stock Draw", "fill": "#c7c7c7"}, {"name": "Labor", "fill": "#7f7f7f"}], "links": [{"source": 0, "target": 1, "value": 49.29014285406312}, {"source": 0, "target": 2, "value": 7.6527424300164952}, {"source": 0, "target": 3, "value": 1.7739895610191747}, {"source": 0, "target": 4, "value": 7.2324472823162465}, {"source": 0, "target": 5, "value": 200.83629632018972}, {"source": 6, "target": 0, "value": 0.47542873356464727}, {"source": 7, "target": 0, "value": 18.978604212600708}, {"source": 8, "target": 0, "value": 0.15479672815229742}, {"source": 9, "target": 0, "value": 5.8137711504964722}]}