{"nodes": [{"layer": 5, "name": "Starchy Roots"}, {"layer": 10, "name": "Feed", "fill": "#dbdb8d"}, {"layer": 13, "name": "Aquatic Products", "fill": "#1f77b4"}, {"layer": 5, "name": "Fruits & Vegetables"}, {"layer": 13, "name": "Animal Products", "fill": "#17becf"}, {"layer": 5, "name": "Cereals", "fill": "#e7ba52"}, {"layer": 13, "name": "Other Processed", "fill": "#9c9ede"}, {"layer": 16, "name": "Food", "fill": "#b5cf6b"}, {"layer": 5, "name": "Oilcrops", "fill": "#ff9896"}, {"layer": 13, "name": "Sugar", "fill": "#d6616b"}, {"layer": 5, "name": "Others"}, {"layer": 13, "name": "Vegetable Oils", "fill": "#f7b6d2"}, {"layer": 5, "name": "Sugar Crops", "fill": "#ffbb78"}, {"layer": 10, "name": "Processing", "fill": "#9edae5"}, {"layer": 16, "name": "Biofuels & Other", "fill": "#e7ba52"}, {"name": "Waste", "fill": "#c7c7c7"}, {"layer": 2, "name": "Import", "fill": "#aec7e8"}, {"layer": 16, "name": "Export", "fill": "#aec7e8"}, {"layer": 0, "name": "Stock Draw", "fill": "#c7c7c7"}, {"layer": 16, "name": "Stock Deposit", "fill": "#c7c7c7"}, {"name": "Crop Residue", "fill": "#bd9e39"}, {"layer": 2, "name": "Electricity", "fill": "#bcbd22"}, {"layer": 0, "name": "Fossil Fuels", "fill": "#c49c94"}, {"layer": 0, "name": "Renewables & Nuclear", "fill": "#2ca02c"}, {"layer": 2, "name": "Fertilizers", "fill": "#c5b0d5"}, {"layer": 0, "name": "Labor", "fill": "#7f7f7f"}], "links": [{"source": 0, "prod": 34.0, "target": 1, "value": 0.027819231665465891, "supply": [{"l": "Potatoes", "v": 0.027819231665465891}]}, {"source": 2, "prod": 12.0, "target": 1, "value": 0.011199462614432243, "supply": [{"l": "Pelagic Fish", "v": 0.0057513128922290326}, {"l": "Fish, Seafood", "v": 0.0054481497222032107}]}, {"source": 3, "prod": 1497.0, "target": 1, "value": 1.043259368419021, "supply": [{"l": "Vegetables, Other", "v": 0.29410332824161173}, {"l": "Tomatoes", "v": 0.045061130528906708}, {"l": "Pulses, Other", "v": 0.70409490964850263}]}, {"source": 4, "prod": 1227.0, "target": 1, "value": 0.80198531744672086, "supply": [{"l": "Milk - Excluding Butter", "v": 0.80198531744672086}]}, {"source": 5, "prod": 5372.0, "target": 1, "value": 18.619278919360276, "supply": [{"l": "Maize", "v": 1.7659269299568001}, {"l": "Rye", "v": 0.35828413580519497}, {"l": "Wheat", "v": 3.3165969177933361}, {"l": "Oats", "v": 1.6282417656889556}, {"l": "Millet", "v": 0.19865259014941505}, {"l": "Barley", "v": 11.351576579966574}]}, {"source": 6, "prod": 260.0, "target": 7, "value": 1.1542339886110822, "supply": [{"l": "Beer", "v": 0.039504644822424488}, {"l": "Beverages, Alcoholic", "v": 0.051260578518339629}, {"l": "Fats, Animals, Raw", "v": 0.092859739405781253}, {"l": "Butter, Ghee", "v": 0.92992761622009934}, {"l": "Wine", "v": 0.039797031173906254}, {"l": "Beverages, Fermented", "v": 0.00088437847053125004}]}, {"source": 4, "prod": 5906.0, "target": 7, "value": 4.7641232518363958, "supply": [{"l": "Meat, Other", "v": 0.013506871186295457}, {"l": "Eggs", "v": 0.10499751348684057}, {"l": "Mutton & Goat Meat", "v": 0.80343250422956591}, {"l": "Poultry Meat", "v": 0.10483345487201738}, {"l": "Milk - Excluding Butter", "v": 3.460890184091594}, {"l": "Offals, Edible", "v": 0.09174713423317743}, {"l": "Bovine Meat", "v": 0.18471558973690538}]}, {"source": 5, "prod": 6604.0, "target": 7, "value": 21.516248099065823, "supply": [{"l": "Maize", "v": 1.0255960247056799}, {"l": "Rye", "v": 1.5785786181516019}, {"l": "Rice", "v": 0.48822806051226869}, {"l": "Cereals, Other", "v": 0.81642932633010601}, {"l": "Wheat", "v": 17.607416069366167}]}, {"source": 8, "prod": 123.0, "target": 7, "value": 0.45292432382902803, "supply": [{"l": "Olives", "v": 0.26231664401671095}, {"l": "Sesame seed", "v": 0.064318434220454565}, {"l": "Oilcrops, Other", "v": 0.0053062708231875}, {"l": "Groundnuts", "v": 0.12098297476867501}]}, {"source": 9, "prod": 509.0, "target": 7, "value": 2.1029445060988943, "supply": [{"l": "Sugar", "v": 2.0643534455666215}, {"l": "Honey", "v": 0.038591060532272729}]}, {"source": 0, "prod": 1223.0, "target": 7, "value": 1.0006741272607289, "supply": [{"l": "Roots, Other", "v": 0.00081821269604311433}, {"l": "Potatoes", "v": 0.99985591456468581}]}, {"source": 3, "prod": 9120.0, "target": 7, "value": 5.5767635813348964, "supply": [{"l": "Grapefruit", "v": 0.0023244444400000001}, {"l": "Tomatoes", "v": 0.21051996918973601}, {"l": "Treenuts", "v": 0.44712886171150801}, {"l": "Vegetables, Other", "v": 0.9211243300817884}, {"l": "Peas", "v": 0.024970686226764714}, {"l": "Grapes", "v": 2.0267556230079893}, {"l": "Dates", "v": 0.0017687569410625001}, {"l": "Beans", "v": 0.47292308349472634}, {"l": "Pulses, Other", "v": 0.71209598816723574}, {"l": "Lemons, Limes", "v": 0.01316741278346528}, {"l": "Bananas", "v": 0.0036406660879502576}, {"l": "Citrus, Other", "v": 0.003755959439823041}, {"l": "Fruits, Other", "v": 0.32895189923584156}, {"l": "Oranges, Mandarines", "v": 0.0789214364688169}, {"l": "Onions", "v": 0.17096416758562252}, {"l": "Apples", "v": 0.15775029647256775}]}, {"source": 10, "prod": 198.0, "target": 7, "value": 0.65695740951025439, "supply": [{"l": "Nuts", "v": 0.44712886171150801}, {"l": "Coffee", "v": 0.00036282193662820516}, {"l": "Pimento", "v": 0.025470099951300004}, {"l": "Cocoa Beans", "v": 0.014150055528500001}, {"l": "Spices, Other", "v": 0.1582233481823182}, {"l": "Tea", "v": 0.011622222200000001}]}, {"source": 2, "prod": 232.0, "target": 7, "value": 0.21384328115089168, "supply": [{"l": "Marine Fish, Other", "v": 0.00181604990740107}, {"l": "Freshwater Fish", "v": 0.006137373482240964}, {"l": "Pelagic Fish", "v": 0.092021006275664521}, {"l": "Fish, Seafood", "v": 0.10533089462926204}, {"l": "Cephalopods", "v": 0.000908024953700535}, {"l": "Demersal Fish", "v": 0.0076299319026225491}]}, {"source": 11, "prod": 241.0, "target": 7, "value": 2.4590365843422419, "supply": [{"l": "Maize Germ Oil", "v": 0.088044789955111113}, {"l": "Soyabean Oil", "v": 0.067534355931477275}, {"l": "Sunflowerseed Oil", "v": 0.73913231231223531}, {"l": "Olive Oil", "v": 0.64873101113583431}, {"l": "Oilcrops Oil, Other", "v": 0.036385857073285718}, {"l": "Sesameseed Oil", "v": 0.095512874817374999}, {"l": "Cottonseed Oil", "v": 0.78369538311692311}]}, {"source": 12, "prod": 3421.0, "target": 13, "value": 3.97596221462, "supply": [{"l": "Sugar beet", "v": 3.97596221462}]}, {"source": 3, "prod": 162.0, "target": 13, "value": 0.11336689735123831, "supply": [{"l": "Fruits, Other", "v": 0.044885025503208283}, {"l": "Grapes", "v": 0.068481871848030021}]}, {"source": 5, "prod": 15.0, "target": 13, "value": 0.053210515218593324, "supply": [{"l": "Barley", "v": 0.053210515218593324}]}, {"source": 8, "prod": 933.0, "target": 13, "value": 4.8521599485203524, "supply": [{"l": "Sunflower seed", "v": 0.94239369819810004}, {"l": "Olives", "v": 0.84900333170999998}, {"l": "Soyabeans", "v": 0.011490270654721807}, {"l": "Sesame seed", "v": 0.13506871186295458}, {"l": "Cottonseed", "v": 2.7953434696551751}, {"l": "Rape and Mustardseed", "v": 0.044572674914775005}, {"l": "Oilcrops, Other", "v": 0.074287791524625002}]}, {"source": 6, "prod": 41.0, "target": 14, "value": 0.26310259498304689, "supply": [{"l": "Alcohol, Non-Food", "v": 0.012381298587437502}, {"l": "Fats, Animals, Raw", "v": 0.25072129639560936}]}, {"source": 11, "prod": 24.0, "target": 14, "value": 0.2431581073630168, "supply": [{"l": "Olive Oil", "v": 0.072081223459537144}, {"l": "Coconut Oil", "v": 0.0099351453710744692}, {"l": "Rape and Mustard Oil", "v": 0.030891952911230199}, {"l": "Oilcrops Oil, Other", "v": 0.0090964642683214296}, {"l": "Cottonseed Oil", "v": 0.041247125427206488}, {"l": "Sunflowerseed Oil", "v": 0.079906195925647058}]}, {"source": 5, "prod": 2096.0, "target": 14, "value": 6.7317411189614189, "supply": [{"l": "Maize", "v": 0.25809701283983999}, {"l": "Wheat", "v": 6.4026967524967882}, {"l": "Barley", "v": 0.070947353624791085}]}, {"source": 8, "prod": 10.0, "target": 14, "value": 0.053062708231874998, "supply": [{"l": "Oilcrops, Other", "v": 0.053062708231874998}]}, {"source": 9, "prod": 13.0, "target": 14, "value": 0.053780751086905963, "supply": [{"l": "Sugar", "v": 0.053780751086905963}]}, {"source": 0, "prod": 252.0, "target": 0, "value": 0.20618959940286483, "supply": [{"l": "Potatoes", "v": 0.20618959940286483}]}, {"source": 3, "prod": 54.0, "target": 3, "value": 0.21501619574318884, "supply": [{"l": "Beans", "v": 0.04299300759042967}, {"l": "Pulses, Other", "v": 0.17202318815275916}]}, {"source": 4, "prod": 4.0, "target": 4, "value": 0.0065623445929275355, "supply": [{"l": "Eggs", "v": 0.0065623445929275355}]}, {"source": 5, "prod": 2087.0, "target": 5, "value": 6.9549444578487361, "supply": [{"l": "Maize", "v": 0.095088373151520009}, {"l": "Wheat", "v": 4.1425447988654218}, {"l": "Oats", "v": 0.19155785478693596}, {"l": "Rye", "v": 0.41149465102378824}, {"l": "Millet", "v": 0.0035473676812395544}, {"l": "Barley", "v": 1.9226732832318385}, {"l": "Rice", "v": 0.034062422826437351}, {"l": "Cereals, Other", "v": 0.1539757062815551}]}, {"source": 8, "prod": 54.0, "target": 8, "value": 0.3403119788425486, "supply": [{"l": "Sunflower seed", "v": 0.044572674914775005}, {"l": "Soyabeans", "v": 0.0038300902182406022}, {"l": "Sesame seed", "v": 0.0064318434220454555}, {"l": "Cottonseed", "v": 0.27380357447647502}, {"l": "Groundnuts", "v": 0.0063675249878250009}, {"l": "Oilcrops, Other", "v": 0.0053062708231875}]}, {"source": 4, "prod": 486.0, "target": 15, "value": 0.32160466163393764, "supply": [{"l": "Milk - Excluding Butter", "v": 0.3150423170410101}, {"l": "Eggs", "v": 0.0065623445929275355}]}, {"source": 5, "prod": 706.0, "target": 15, "value": 2.354215409991967, "supply": [{"l": "Maize", "v": 0.064524253209959997}, {"l": "Oats", "v": 0.09577892739346798}, {"l": "Rye", "v": 0.13834733956834264}, {"l": "Barley", "v": 0.58531566740452656}, {"l": "Rice", "v": 0.026492995531673499}, {"l": "Cereals, Other", "v": 0.050131625300971427}, {"l": "Wheat", "v": 1.3829824985393062}, {"l": "Millet", "v": 0.010642103043718662}]}, {"source": 8, "prod": 24.0, "target": 15, "value": 0.15182366397738295, "supply": [{"l": "Cottonseed", "v": 0.10188039980520001}, {"l": "Sunflower seed", "v": 0.031837624939125002}, {"l": "Sesame seed", "v": 0.0064318434220454555}, {"l": "Groundnuts", "v": 0.0063675249878250009}, {"l": "Oilcrops, Other", "v": 0.0053062708231875}]}, {"source": 0, "prod": 168.0, "target": 15, "value": 0.13745973293524322, "supply": [{"l": "Potatoes", "v": 0.13745973293524322}]}, {"source": 3, "prod": 1986.0, "target": 15, "value": 0.84151620661152338, "supply": [{"l": "Grapes", "v": 0.25776884347292195}, {"l": "Beans", "v": 0.015633820941974425}, {"l": "Fruits, Other", "v": 0.059026882853534184}, {"l": "Tomatoes", "v": 0.045061130528906708}, {"l": "Lemons, Limes", "v": 0.00098264274503472243}, {"l": "Bananas", "v": 0.0007281332175900515}, {"l": "Treenuts", "v": 0.029589409966202736}, {"l": "Apples", "v": 0.011737373249447005}, {"l": "Vegetables, Other", "v": 0.31546424313604232}, {"l": "Oranges, Mandarines", "v": 0.0063468288069328275}, {"l": "Onions", "v": 0.031167730283705987}, {"l": "Pulses, Other", "v": 0.068009167409230367}]}, {"source": 10, "prod": 9.0, "target": 15, "value": 0.029589409966202736, "supply": [{"l": "Nuts", "v": 0.029589409966202736}]}, {"source": 16, "prod": 17.0, "target": 13, "value": 0.16151777331923159, "supply": [{"l": "Fats, Animals, Raw", "v": 0.074287791524625002}, {"l": "Soyabean Oil", "v": 0.05788659079840909}, {"l": "Coconut Oil", "v": 0.0099351453710744692}, {"l": "Cottonseed Oil", "v": 0.010311781356801622}, {"l": "Oilcrops Oil, Other", "v": 0.0090964642683214296}]}, {"source": 16, "prod": 360.0, "target": 5, "value": 1.1568749930754583, "supply": [{"l": "Wheat", "v": 1.1140692349344412}, {"l": "Barley", "v": 0.039021044493635103}, {"l": "Rice", "v": 0.0037847136473819283}]}, {"source": 16, "prod": 2.0, "target": 10, "value": 0.014512877465128205, "supply": [{"l": "Coffee", "v": 0.00036282193662820516}, {"l": "Cocoa Beans", "v": 0.014150055528500001}]}, {"source": 16, "prod": 1.0, "target": 1, "value": 0.00065361476564524919, "supply": [{"l": "Milk - Excluding Butter", "v": 0.00065361476564524919}]}, {"source": 6, "prod": 3.0, "target": 17, "value": 0.00265313541159375, "supply": [{"l": "Wine", "v": 0.00265313541159375}]}, {"source": 5, "prod": 80.0, "target": 17, "value": 0.28419407395231305, "supply": [{"l": "Rye", "v": 0.26250520841172703}, {"l": "Rice", "v": 0.0037847136473819283}, {"l": "Cereals, Other", "v": 0.01790415189320408}]}, {"source": 8, "prod": 37.0, "target": 17, "value": 0.22994154572024855, "supply": [{"l": "Soyabeans", "v": 0.0038300902182406022}, {"l": "Sunflower seed", "v": 0.0063675249878250009}, {"l": "Sesame seed", "v": 0.0064318434220454555}, {"l": "Cottonseed", "v": 0.19102574963475}, {"l": "Groundnuts", "v": 0.0063675249878250009}, {"l": "Oilcrops, Other", "v": 0.015918812469562501}]}, {"source": 9, "prod": 86.0, "target": 17, "value": 0.35578035334414709, "supply": [{"l": "Sugar", "v": 0.35578035334414709}]}, {"source": 0, "prod": 4.0, "target": 17, "value": 0.0032728507841724573, "supply": [{"l": "Potatoes", "v": 0.0032728507841724573}]}, {"source": 3, "prod": 624.0, "target": 17, "value": 0.86691257426678536, "supply": [{"l": "Oranges, Mandarines", "v": 0.0068987269640574224}, {"l": "Grapefruit", "v": 0.0011622222200000001}, {"l": "Beans", "v": 0.015633820941974425}, {"l": "Pulses, Other", "v": 0.11601563852162827}, {"l": "Lemons, Limes", "v": 0.0011791712940416666}, {"l": "Treenuts", "v": 0.42082716396377223}, {"l": "Fruits, Other", "v": 0.073783603566917724}, {"l": "Vegetables, Other", "v": 0.0026049896212720258}, {"l": "Grapes", "v": 0.22468209640027825}, {"l": "Onions", "v": 0.0041251407728434388}]}, {"source": 10, "prod": 133.0, "target": 17, "value": 0.43203204273022683, "supply": [{"l": "Nuts", "v": 0.42082716396377223}, {"l": "Spices, Other", "v": 0.007718212106454546}, {"l": "Tea", "v": 0.0034866666600000002}]}, {"source": 2, "prod": 24.0, "target": 17, "value": 0.022463268660533144, "supply": [{"l": "Freshwater Fish", "v": 0.0010228955803734941}, {"l": "Pelagic Fish", "v": 0.010544073635753229}, {"l": "Fish, Seafood", "v": 0.010896299444406421}]}, {"source": 11, "prod": 20.0, "target": 17, "value": 0.20594635274153469, "supply": [{"l": "Olive Oil", "v": 0.20594635274153469}]}, {"source": 18, "prod": 68.0, "target": 3, "value": 0.223564430855754, "supply": [{"l": "Treenuts", "v": 0.223564430855754}]}, {"source": 18, "prod": 54.0, "target": 13, "value": 0.5429633121140085, "supply": [{"l": "Olive Oil", "v": 0.23683830565276487}, {"l": "Fats, Animals, Raw", "v": 0.046429869702890626}, {"l": "Sunflowerseed Oil", "v": 0.25969513675835293}]}, {"source": 9, "prod": 53.0, "target": 19, "value": 0.21925998520046278, "supply": [{"l": "Sugar", "v": 0.21925998520046278}]}, {"source": 18, "prod": 68.0, "target": 10, "value": 0.223564430855754, "supply": [{"l": "Nuts", "v": 0.223564430855754}]}, {"source": 18, "prod": 1915.0, "target": 5, "value": 6.348920321965096, "supply": [{"l": "Wheat", "v": 4.1105313151029375}, {"l": "Barley", "v": 2.238389006862159}]}, {"source": 1, "prod": 268.0, "target": 2, "value": 0.24750601242585707, "supply": [{"l": "Pelagic Fish", "v": 0.10831639280364679}, {"l": "Freshwater Fish", "v": 0.0071602690626144582}, {"l": "Demersal Fish", "v": 0.0076299319026225491}, {"l": "Fish, Seafood", "v": 0.12167534379587168}, {"l": "Marine Fish, Other", "v": 0.00181604990740107}, {"l": "Cephalopods", "v": 0.000908024953700535}]}, {"source": 1, "prod": 7619.0, "target": 4, "value": 5.8877132309170541, "supply": [{"l": "Poultry Meat", "v": 0.10483345487201738}, {"l": "Bovine Meat", "v": 0.18471558973690538}, {"l": "Eggs", "v": 0.11812220267269564}, {"l": "Milk - Excluding Butter", "v": 4.5779178185793254}, {"l": "Offals, Edible", "v": 0.09174713423317743}, {"l": "Meat, Other", "v": 0.013506871186295457}, {"l": "Mutton & Goat Meat", "v": 0.80343250422956591}]}, {"source": 13, "prod": 304.0, "target": 6, "value": 1.4199897190057229, "supply": [{"l": "Fats, Animals, Raw", "v": 0.3435810358013906}, {"l": "Alcohol, Non-Food", "v": 0.012381298587437502}, {"l": "Beverages, Fermented", "v": 0.00088437847053125004}, {"l": "Beer", "v": 0.039504644822424488}, {"l": "Beverages, Alcoholic", "v": 0.051260578518339629}, {"l": "Butter, Ghee", "v": 0.92992761622009934}, {"l": "Wine", "v": 0.042450166585500007}]}, {"source": 13, "prod": 285.0, "target": 11, "value": 2.9081410444467934, "supply": [{"l": "Olive Oil", "v": 0.92675858733690619}, {"l": "Sesameseed Oil", "v": 0.095512874817374999}, {"l": "Soyabean Oil", "v": 0.067534355931477275}, {"l": "Coconut Oil", "v": 0.0099351453710744692}, {"l": "Rape and Mustard Oil", "v": 0.030891952911230199}, {"l": "Maize Germ Oil", "v": 0.088044789955111113}, {"l": "Cottonseed Oil", "v": 0.82494250854412954}, {"l": "Oilcrops Oil, Other", "v": 0.045482321341607151}, {"l": "Sunflowerseed Oil", "v": 0.81903850823788238}]}, {"source": 13, "prod": 661.0, "target": 9, "value": 2.7317655957304101, "supply": [{"l": "Honey", "v": 0.038591060532272729}, {"l": "Sugar", "v": 2.6931745351981373}]}, {"source": 0, "prod": 840.5, "target": 20, "value": 2.9305433277300001, "supply": [{"l": "Roots, Other", "v": 0.0017433333299999999}, {"l": "Potatoes", "v": 2.9287999943999998}]}, {"source": 12, "prod": 1368.4000000000001, "target": 20, "value": 1.5903848858480001, "supply": [{"l": "Sugar beet", "v": 1.5903848858480001}]}, {"source": 3, "prod": 13411.5, "target": 20, "value": 54.970557647461369, "supply": [{"l": "Tomatoes", "v": 4.4681633247900008}, {"l": "Vegetables, Other", "v": 20.524263294089998}, {"l": "Peas", "v": 0.019176666630000002}, {"l": "Beans", "v": 0.48813333240000012}, {"l": "Pulses, Other", "v": 1.5445933303800004}, {"l": "Onions", "v": 1.5689999970000001}]}, {"source": 5, "prod": 31645.0, "target": 20, "value": 103.71622528317323, "supply": [{"l": "Maize", "v": 6.5897999874000019}, {"l": "Rye", "v": 5.4043333230000012}, {"l": "Barley", "v": 25.250439951720001}, {"l": "Rice", "v": 1.0146199980600001}, {"l": "Wheat", "v": 65.870106540720002}, {"l": "Oats", "v": 3.7655999928000008}, {"l": "Cereals, Other", "v": 2.0222666627999999}, {"l": "Millet", "v": 0.41839999920000009}]}, {"source": 8, "prod": 1179.5, "target": 20, "value": 3.3244098610387494, "supply": [{"l": "Olives", "v": 1.37374666404}, {"l": "Sunflower seed", "v": 0.55960999893000007}, {"l": "Sesame seed", "v": 0.11854666644}, {"l": "Cottonseed", "v": 1.83921666315}, {"l": "Rape and Mustardseed", "v": 0.026149999950000002}, {"l": "Oilcrops, Other", "v": 0.085713888724999993}, {"l": "Soyabeans", "v": 0.010486215518796993}, {"l": "Groundnuts", "v": 0.074963333190000009}]}, {"source": 21, "prod": 0, "target": 5, "value": 0.021356498170500549, "supply": "[{\"l\":'Energy for power irrigation',\"v\":0.021356498170500549}]"}, {"source": 21, "prod": 0, "target": 8, "value": 0.0015920359988690408, "supply": "[{\"l\":'Energy for power irrigation',\"v\":0.0015920359988690408}]"}, {"source": 21, "prod": 0, "target": 12, "value": 0.0046175117864612021, "supply": "[{\"l\":'Energy for power irrigation',\"v\":0.0046175117864612021}]"}, {"source": 21, "prod": 0, "target": 0, "value": 0.0022689381213216258, "supply": "[{\"l\":'Energy for power irrigation',\"v\":0.0022689381213216258}]"}, {"source": 21, "prod": 0, "target": 3, "value": 0.018102238913804275, "supply": "[{\"l\":'Energy for power irrigation',\"v\":0.018102238913804275}]"}, {"source": 21, "prod": 0, "target": 10, "value": 0.00041235014637939116, "supply": "[{\"l\":'Energy for power irrigation',\"v\":0.00041235014637939116}]"}, {"source": 21, "prod": 0, "target": 13, "value": 0.019857236502662582, "supply": "[{\"l\":'Electricity',\"v\":0.019857236502662582}]"}, {"source": 22, "prod": 0, "target": 21, "value": 0.094840164655945469, "supply": [{"l": "Coal", "v": 0.078387673567843943}, {"l": "Natural gas", "v": 0.0}, {"l": "Oil", "v": 0.016452491088101519}]}, {"source": 23, "prod": 0, "target": 21, "value": 0.031383670335060954, "supply": [{"l": "Nuclear", "v": 0.0}, {"l": "Hydroelectric", "v": 0.030006589583193424}, {"l": "Renewable", "v": 0.0013770807518675263}]}, {"source": 22, "prod": 0, "target": 5, "value": 4.681256655259169, "supply": [{"l": "Motor Gasoline", "v": 0.038048423286194982}, {"l": "Gas-Diesel oil", "v": 4.433584036862726}, {"l": "Natural gas (including LNG)", "v": 0.19590664037501232}, {"l": "Liquefied petroleum gas (LPG)", "v": 0.0058035808495228063}, {"l": "Coal", "v": 0.0079139738857129192}]}, {"source": 22, "prod": 0, "target": 8, "value": 0.34896775003180219, "supply": [{"l": "Motor Gasoline", "v": 0.0028363479390783371}, {"l": "Gas-Diesel oil", "v": 0.33050481096410717}, {"l": "Natural gas (including LNG)", "v": 0.014604005834876097}, {"l": "Liquefied petroleum gas (LPG)", "v": 0.00043263223965948178}, {"l": "Coal", "v": 0.0005899530540811116}]}, {"source": 22, "prod": 0, "target": 12, "value": 1.0121396124279738, "supply": [{"l": "Motor Gasoline", "v": 0.0082264911399635345}, {"l": "Gas-Diesel oil", "v": 0.95859004519560032}, {"l": "Natural gas (including LNG)", "v": 0.042357188606283278}, {"l": "Liquefied petroleum gas (LPG)", "v": 0.00125479855182288}, {"l": "Coal", "v": 0.0017110889343039276}]}, {"source": 22, "prod": 0, "target": 0, "value": 0.49734191420386559, "supply": [{"l": "Motor Gasoline", "v": 0.0040423068127093554}, {"l": "Gas-Diesel oil", "v": 0.47102889972926171}, {"l": "Natural gas (including LNG)", "v": 0.020813339388237997}, {"l": "Liquefied petroleum gas (LPG)", "v": 0.00061657888500855353}, {"l": "Coal", "v": 0.0008407893886480276}]}, {"source": 22, "prod": 0, "target": 3, "value": 3.9679363963980627, "supply": [{"l": "Motor Gasoline", "v": 0.032250682818947961}, {"l": "Gas-Diesel oil", "v": 3.7580036220814952}, {"l": "Natural gas (including LNG)", "v": 0.16605478953322661}, {"l": "Liquefied petroleum gas (LPG)", "v": 0.0049192431387818057}, {"l": "Coal", "v": 0.0067080588256115542}]}, {"source": 22, "prod": 0, "target": 10, "value": 0.090385457935324764, "supply": [{"l": "Motor Gasoline", "v": 0.00073463696090583449}, {"l": "Gas-Diesel oil", "v": 0.08560340801147498}, {"l": "Natural gas (including LNG)", "v": 0.0037825551356970299}, {"l": "Liquefied petroleum gas (LPG)", "v": 0.00011205523460446941}, {"l": "Coal", "v": 0.00015280259264245831}]}, {"source": 24, "prod": 65.834250579269138, "target": 5, "value": 0.72315116728434836, "supply": [{"l": "Potash", "v": 0.019165069459776498}, {"l": "Phosphate", "v": 0.29151125023320895}, {"l": "Nitrogen", "v": 1.3264858205056331}]}, {"source": 24, "prod": 4.9076630468161131, "target": 8, "value": 0.053907840215635258, "supply": [{"l": "Potash", "v": 0.019165069459776498}, {"l": "Phosphate", "v": 0.29151125023320895}, {"l": "Nitrogen", "v": 1.3264858205056331}]}, {"source": 24, "prod": 14.234095195555676, "target": 12, "value": 0.15635330341474202, "supply": [{"l": "Potash", "v": 0.019165069459776498}, {"l": "Phosphate", "v": 0.29151125023320895}, {"l": "Nitrogen", "v": 1.3264858205056331}]}, {"source": 24, "prod": 6.9943040116132993, "target": 0, "value": 0.076828384402274588, "supply": [{"l": "Potash", "v": 0.019165069459776498}, {"l": "Phosphate", "v": 0.29151125023320895}, {"l": "Nitrogen", "v": 1.3264858205056331}]}, {"source": 24, "prod": 55.802562910024839, "target": 3, "value": 0.6129588800779926, "supply": [{"l": "Potash", "v": 0.019165069459776498}, {"l": "Phosphate", "v": 0.29151125023320895}, {"l": "Nitrogen", "v": 1.3264858205056331}]}, {"source": 24, "prod": 1.2711242567209176, "target": 10, "value": 0.013962564803625748, "supply": [{"l": "Potash", "v": 0.019165069459776498}, {"l": "Phosphate", "v": 0.29151125023320895}, {"l": "Nitrogen", "v": 1.3264858205056331}]}, {"source": 22, "prod": 0, "target": 24, "value": 1.9349444635960711, "supply": [{"l": "Natural gas (including LNG)", "v": 1.3311349998185584}, {"l": "Fuel oil", "v": 0.36932499148999565}, {"l": "Liquefied petroleum gas (LPG)", "v": 0.11724223614375848}, {"l": "Coal", "v": 0.11724223614375848}]}, {"source": 25, "prod": 0, "target": 5, "value": 2.0825502833245895, "supply": "[{\"l\":'Labor',\"v\":2.0825502833245895}]"}, {"source": 25, "prod": 0, "target": 8, "value": 0.15524525575486511, "supply": "[{\"l\":'Labor',\"v\":0.15524525575486511}]"}, {"source": 25, "prod": 0, "target": 12, "value": 0.4502704704852849, "supply": "[{\"l\":'Labor',\"v\":0.4502704704852849}]"}, {"source": 25, "prod": 0, "target": 0, "value": 0.22125245860443263, "supply": "[{\"l\":'Labor',\"v\":0.22125245860443263}]"}, {"source": 25, "prod": 0, "target": 3, "value": 1.7652155553678455, "supply": "[{\"l\":'Labor',\"v\":1.7652155553678455}]"}, {"source": 25, "prod": 0, "target": 10, "value": 0.040209771626207112, "supply": "[{\"l\":'Labor',\"v\":0.040209771626207112}]"}, {"source": 22, "prod": 0, "target": 16, "value": 0.45771912839922618, "supply": "[{\"l\":'Fossil Fuels',\"v\":0.45771912839922618}]"}, {"source": 23, "prod": 0, "target": 16, "value": 0.3584452994572539, "supply": "[{\"l\":'Renewables & Nuclear',\"v\":0.011501799130519933},{\"l\":'Biomass & Waste',\"v\":0.34694350032673399}]"}]}