{"nodes": [{"layer": 5, "name": "Sorghum"}, {"layer": 10, "name": "Feed", "fill": "#dbdb8d"}, {"layer": 5, "name": "Millet"}, {"layer": 5, "name": "Maize"}, {"layer": 16, "name": "Food", "fill": "#b5cf6b"}, {"layer": 5, "name": "Fruits, Other"}, {"layer": 5, "name": "Yams"}, {"layer": 13, "name": "Sugar", "fill": "#d6616b"}, {"layer": 13, "name": "Beer"}, {"layer": 13, "name": "Groundnut Oil"}, {"layer": 5, "name": "Rice"}, {"layer": 13, "name": "Butter, Ghee"}, {"layer": 13, "name": "Fats, Animals, Raw"}, {"layer": 5, "name": "Wheat"}, {"layer": 13, "name": "Eggs"}, {"layer": 5, "name": "Vegetables, Other"}, {"layer": 5, "name": "Oilcrops, Other"}, {"layer": 5, "name": "Dates"}, {"layer": 5, "name": "Potatoes"}, {"layer": 13, "name": "Freshwater Fish"}, {"layer": 13, "name": "Milk - Excluding Butter"}, {"layer": 5, "name": "Pulses, Other"}, {"layer": 13, "name": "Fish, Seafood"}, {"layer": 13, "name": "Meat, Other"}, {"layer": 13, "name": "Mutton & Goat Meat"}, {"layer": 13, "name": "Pelagic Fish"}, {"layer": 5, "name": "Tea"}, {"layer": 13, "name": "Poultry Meat"}, {"layer": 13, "name": "Offals, Edible"}, {"layer": 5, "name": "Sweet potatoes"}, {"layer": 13, "name": "Demersal Fish"}, {"layer": 13, "name": "Bovine Meat"}, {"layer": 16, "name": "Biofuels & Other", "fill": "#e7ba52"}, {"name": "Waste", "fill": "#c7c7c7"}, {"layer": 2, "name": "Import", "fill": "#aec7e8"}, {"layer": 10, "name": "Processing", "fill": "#9edae5"}, {"layer": 16, "name": "Export", "fill": "#aec7e8"}, {"layer": 16, "name": "Stock Deposit", "fill": "#c7c7c7"}, {"layer": 2, "name": "Electricity", "fill": "#bcbd22"}, {"layer": 0, "name": "Fossil Fuels", "fill": "#c49c94"}, {"layer": 0, "name": "Renewables & Nuclear", "fill": "#2ca02c"}, {"layer": 2, "name": "Fertilizers", "fill": "#c5b0d5"}, {"layer": 0, "name": "Labor", "fill": "#7f7f7f"}], "links": [{"source": 0, "prod": 10.0, "target": 1, "value": 0.035893324321024656, "supply": [{"l": "Sorghum", "v": 0.035893324321024656}]}, {"source": 2, "prod": 1.0, "target": 1, "value": 0.0036252962117813404, "supply": [{"l": "Millet", "v": 0.0036252962117813404}]}, {"source": 3, "prod": 3.0, "target": 4, "value": 0.010985506368771564, "supply": [{"l": "Maize", "v": 0.010985506368771564}]}, {"source": 5, "prod": 2.0, "target": 4, "value": 0.0011269955730663717, "supply": [{"l": "Fruits, Other", "v": 0.0011269955730663717}]}, {"source": 6, "prod": 2.0, "target": 4, "value": 0.0022579875843351063, "supply": [{"l": "Yams", "v": 0.0022579875843351063}]}, {"source": 7, "prod": 18.0, "target": 4, "value": 0.074753394713346452, "supply": [{"l": "Sugar", "v": 0.074753394713346452}]}, {"source": 8, "prod": 1.0, "target": 4, "value": 0.00073189942388793099, "supply": [{"l": "Beer", "v": 0.00073189942388793099}]}, {"source": 9, "prod": 1.0, "target": 4, "value": 0.010432668059148305, "supply": [{"l": "Groundnut Oil", "v": 0.010432668059148305}]}, {"source": 10, "prod": 9.0, "target": 4, "value": 0.036985418054925855, "supply": [{"l": "Rice", "v": 0.036985418054925855}]}, {"source": 11, "prod": 1.0, "target": 4, "value": 0.0082161612746129049, "supply": [{"l": "Butter, Ghee", "v": 0.0082161612746129049}]}, {"source": 12, "prod": 1.0, "target": 4, "value": 0.010130153389721593, "supply": [{"l": "Fats, Animals, Raw", "v": 0.010130153389721593}]}, {"source": 13, "prod": 11.0, "target": 4, "value": 0.037126498153056152, "supply": [{"l": "Wheat", "v": 0.037126498153056152}]}, {"source": 14, "prod": 1.0, "target": 4, "value": 0.0015380495139673913, "supply": [{"l": "Eggs", "v": 0.0015380495139673913}]}, {"source": 15, "prod": 3.0, "target": 4, "value": 0.0007154522458230338, "supply": [{"l": "Vegetables, Other", "v": 0.0007154522458230338}]}, {"source": 16, "prod": 1.0, "target": 4, "value": 0.0058368979055062505, "supply": [{"l": "Oilcrops, Other", "v": 0.0058368979055062505}]}, {"source": 17, "prod": 11.0, "target": 4, "value": 0.022797311684805557, "supply": [{"l": "Dates", "v": 0.022797311684805557}]}, {"source": 18, "prod": 2.0, "target": 4, "value": 0.0015795410822511628, "supply": [{"l": "Potatoes", "v": 0.0015795410822511628}]}, {"source": 19, "prod": 5.0, "target": 4, "value": 0.0038591060532272726, "supply": [{"l": "Freshwater Fish", "v": 0.0038591060532272726}]}, {"source": 20, "prod": 199.0, "target": 4, "value": 0.17248628121140058, "supply": [{"l": "Milk - Excluding Butter", "v": 0.17248628121140058}]}, {"source": 21, "prod": 12.0, "target": 4, "value": 0.047173896847814784, "supply": [{"l": "Pulses, Other", "v": 0.047173896847814784}]}, {"source": 22, "prod": 10.0, "target": 4, "value": 0.010086299911844008, "supply": [{"l": "Fish, Seafood", "v": 0.010086299911844008}]}, {"source": 23, "prod": 7.0, "target": 4, "value": 0.01328874780067826, "supply": [{"l": "Meat, Other", "v": 0.01328874780067826}]}, {"source": 0, "prod": 63.0, "target": 4, "value": 0.2261279432224553, "supply": [{"l": "Sorghum", "v": 0.2261279432224553}]}, {"source": 24, "prod": 14.0, "target": 4, "value": 0.023098707246128457, "supply": [{"l": "Mutton & Goat Meat", "v": 0.023098707246128457}]}, {"source": 25, "prod": 1.0, "target": 4, "value": 0.0010524834690619834, "supply": [{"l": "Pelagic Fish", "v": 0.0010524834690619834}]}, {"source": 26, "prod": 1.0, "target": 4, "value": 0.00038591060532272727, "supply": [{"l": "Tea", "v": 0.00038591060532272727}]}, {"source": 2, "prod": 28.0, "target": 4, "value": 0.10150829392987754, "supply": [{"l": "Millet", "v": 0.10150829392987754}]}, {"source": 27, "prod": 1.0, "target": 4, "value": 0.001041721879398773, "supply": [{"l": "Poultry Meat", "v": 0.001041721879398773}]}, {"source": 28, "prod": 5.0, "target": 4, "value": 0.0063081541254676578, "supply": [{"l": "Offals, Edible", "v": 0.0063081541254676578}]}, {"source": 29, "prod": 2.0, "target": 4, "value": 0.0022579875843351063, "supply": [{"l": "Sweet potatoes", "v": 0.0022579875843351063}]}, {"source": 30, "prod": 4.0, "target": 4, "value": 0.004558407150120806, "supply": [{"l": "Demersal Fish", "v": 0.004558407150120806}]}, {"source": 31, "prod": 11.0, "target": 4, "value": 0.022445753319028327, "supply": [{"l": "Bovine Meat", "v": 0.022445753319028327}]}, {"source": 19, "prod": 5.0, "target": 32, "value": 0.0038591060532272726, "supply": [{"l": "Freshwater Fish", "v": 0.0038591060532272726}]}, {"source": 25, "prod": 6.0, "target": 32, "value": 0.0063149008143719024, "supply": [{"l": "Pelagic Fish", "v": 0.0063149008143719024}]}, {"source": 22, "prod": 11.0, "target": 32, "value": 0.011094929903028411, "supply": [{"l": "Fish, Seafood", "v": 0.011094929903028411}]}, {"source": 0, "prod": 4.0, "target": 0, "value": 0.014357329728409862, "supply": [{"l": "Sorghum", "v": 0.014357329728409862}]}, {"source": 21, "prod": 2.0, "target": 21, "value": 0.0078623161413024639, "supply": [{"l": "Pulses, Other", "v": 0.0078623161413024639}]}, {"source": 2, "prod": 1.0, "target": 2, "value": 0.0036252962117813404, "supply": [{"l": "Millet", "v": 0.0036252962117813404}]}, {"source": 20, "prod": 11.0, "target": 33, "value": 0.0095344175543990266, "supply": [{"l": "Milk - Excluding Butter", "v": 0.0095344175543990266}]}, {"source": 17, "prod": 1.0, "target": 33, "value": 0.0020724828804368689, "supply": [{"l": "Dates", "v": 0.0020724828804368689}]}, {"source": 0, "prod": 6.0, "target": 33, "value": 0.021535994592614793, "supply": [{"l": "Sorghum", "v": 0.021535994592614793}]}, {"source": 21, "prod": 2.0, "target": 33, "value": 0.0078623161413024639, "supply": [{"l": "Pulses, Other", "v": 0.0078623161413024639}]}, {"source": 2, "prod": 2.0, "target": 33, "value": 0.0072505924235626807, "supply": [{"l": "Millet", "v": 0.0072505924235626807}]}, {"source": 34, "prod": 10.0, "target": 10, "value": 0.041094908949917609, "supply": [{"l": "Rice", "v": 0.041094908949917609}]}, {"source": 34, "prod": 11.0, "target": 13, "value": 0.037126498153056152, "supply": [{"l": "Wheat", "v": 0.037126498153056152}]}, {"source": 34, "prod": 5.0, "target": 1, "value": 0.0043338261610904663, "supply": [{"l": "Milk - Excluding Butter", "v": 0.0043338261610904663}]}, {"source": 34, "prod": 20.0, "target": 35, "value": 0.085917962196382688, "supply": [{"l": "Beer", "v": 0.00073189942388793099}, {"l": "Groundnut Oil", "v": 0.010432668059148305}, {"l": "Sugar", "v": 0.074753394713346452}]}, {"source": 34, "prod": 25.0, "target": 2, "value": 0.090632405294533508, "supply": [{"l": "Millet", "v": 0.090632405294533508}]}, {"source": 34, "prod": 1.0, "target": 26, "value": 0.00038591060532272727, "supply": [{"l": "Tea", "v": 0.00038591060532272727}]}, {"source": 34, "prod": 1.0, "target": 15, "value": 0.00023848408194101123, "supply": [{"l": "Vegetables, Other", "v": 0.00023848408194101123}]}, {"source": 30, "prod": 2.0, "target": 36, "value": 0.002279203575060403, "supply": [{"l": "Demersal Fish", "v": 0.002279203575060403}]}, {"source": 22, "prod": 2.0, "target": 36, "value": 0.0020172599823688017, "supply": [{"l": "Fish, Seafood", "v": 0.0020172599823688017}]}, {"source": 10, "prod": 1.0, "target": 37, "value": 0.0041094908949917608, "supply": [{"l": "Rice", "v": 0.0041094908949917608}]}, {"source": 1, "prod": 1.0, "target": 27, "value": 0.001041721879398773, "supply": [{"l": "Poultry Meat", "v": 0.001041721879398773}]}, {"source": 1, "prod": 7.0, "target": 25, "value": 0.007367384283433886, "supply": [{"l": "Pelagic Fish", "v": 0.007367384283433886}]}, {"source": 1, "prod": 11.0, "target": 31, "value": 0.022445753319028327, "supply": [{"l": "Bovine Meat", "v": 0.022445753319028327}]}, {"source": 1, "prod": 1.0, "target": 14, "value": 0.0015380495139673913, "supply": [{"l": "Eggs", "v": 0.0015380495139673913}]}, {"source": 1, "prod": 210.0, "target": 20, "value": 0.1820206987657996, "supply": [{"l": "Milk - Excluding Butter", "v": 0.1820206987657996}]}, {"source": 1, "prod": 5.0, "target": 28, "value": 0.0063081541254676578, "supply": [{"l": "Offals, Edible", "v": 0.0063081541254676578}]}, {"source": 1, "prod": 6.0, "target": 30, "value": 0.0068376107251812094, "supply": [{"l": "Demersal Fish", "v": 0.0068376107251812094}]}, {"source": 1, "prod": 23.0, "target": 22, "value": 0.02319848979724122, "supply": [{"l": "Fish, Seafood", "v": 0.02319848979724122}]}, {"source": 1, "prod": 7.0, "target": 23, "value": 0.01328874780067826, "supply": [{"l": "Meat, Other", "v": 0.01328874780067826}]}, {"source": 1, "prod": 10.0, "target": 19, "value": 0.0077182121064545452, "supply": [{"l": "Freshwater Fish", "v": 0.0077182121064545452}]}, {"source": 1, "prod": 14.0, "target": 24, "value": 0.023098707246128457, "supply": [{"l": "Mutton & Goat Meat", "v": 0.023098707246128457}]}, {"source": 35, "prod": 1.0, "target": 12, "value": 0.010130153389721593, "supply": [{"l": "Fats, Animals, Raw", "v": 0.010130153389721593}]}, {"source": 35, "prod": 1.0, "target": 8, "value": 0.00073189942388793099, "supply": [{"l": "Beer", "v": 0.00073189942388793099}]}, {"source": 35, "prod": 1.0, "target": 9, "value": 0.010432668059148305, "supply": [{"l": "Groundnut Oil", "v": 0.010432668059148305}]}, {"source": 35, "prod": 1.0, "target": 11, "value": 0.0082161612746129049, "supply": [{"l": "Butter, Ghee", "v": 0.0082161612746129049}]}, {"source": 35, "prod": 18.0, "target": 7, "value": 0.074753394713346452, "supply": [{"l": "Sugar", "v": 0.074753394713346452}]}, {"source": 38, "prod": 0, "target": 3, "value": 0.0001817669339756626, "supply": "[{\"l\":'Energy for power irrigation',\"v\":0.0001817669339756626}]"}, {"source": 38, "prod": 0, "target": 17, "value": 0.00072706773590265042, "supply": "[{\"l\":'Energy for power irrigation',\"v\":0.00072706773590265042}]"}, {"source": 38, "prod": 0, "target": 18, "value": 0.00012117795598377506, "supply": "[{\"l\":'Energy for power irrigation',\"v\":0.00012117795598377506}]"}, {"source": 38, "prod": 0, "target": 15, "value": 0.0001817669339756626, "supply": "[{\"l\":'Energy for power irrigation',\"v\":0.0001817669339756626}]"}, {"source": 38, "prod": 0, "target": 5, "value": 0.00012117795598377506, "supply": "[{\"l\":'Energy for power irrigation',\"v\":0.00012117795598377506}]"}, {"source": 38, "prod": 0, "target": 6, "value": 0.00012117795598377506, "supply": "[{\"l\":'Energy for power irrigation',\"v\":0.00012117795598377506}]"}, {"source": 38, "prod": 0, "target": 2, "value": 0.0011814850708418069, "supply": "[{\"l\":'Energy for power irrigation',\"v\":0.0011814850708418069}]"}, {"source": 38, "prod": 0, "target": 29, "value": 0.00012117795598377506, "supply": "[{\"l\":'Energy for power irrigation',\"v\":0.00012117795598377506}]"}, {"source": 38, "prod": 0, "target": 21, "value": 0.00096942364787020049, "supply": "[{\"l\":'Energy for power irrigation',\"v\":0.00096942364787020049}]"}, {"source": 38, "prod": 0, "target": 16, "value": 6.058897799188753e-05, "supply": "[{\"l\":'Energy for power irrigation',\"v\":6.058897799188753e-05}]"}, {"source": 38, "prod": 0, "target": 0, "value": 0.0049985906843307221, "supply": "[{\"l\":'Energy for power irrigation',\"v\":0.0049985906843307221}]"}, {"source": 38, "prod": 0, "target": 35, "value": 9.078380983039613e-05, "supply": "[{\"l\":'Electricity',\"v\":9.078380983039613e-05}]"}, {"source": 39, "prod": 0, "target": 38, "value": 0.0073046943050064468, "supply": [{"l": "Coal", "v": 0.00050796524426694931}, {"l": "Natural gas", "v": 0.00095473496271991187}, {"l": "Oil", "v": 0.0058419940980195852}]}, {"source": 40, "prod": 0, "target": 38, "value": 0.0067554359884682662, "supply": [{"l": "Nuclear", "v": 0.0}, {"l": "Hydroelectric", "v": 0.0067163082706497143}, {"l": "Renewable", "v": 3.9127717818551472e-05}]}, {"source": 39, "prod": 0, "target": 3, "value": 0.01942503562807564, "supply": [{"l": "Gas-Diesel oil", "v": 0.01942503562807564}]}, {"source": 39, "prod": 0, "target": 17, "value": 0.077700142512302561, "supply": [{"l": "Gas-Diesel oil", "v": 0.077700142512302561}]}, {"source": 39, "prod": 0, "target": 18, "value": 0.012950023752050425, "supply": [{"l": "Gas-Diesel oil", "v": 0.012950023752050425}]}, {"source": 39, "prod": 0, "target": 15, "value": 0.01942503562807564, "supply": [{"l": "Gas-Diesel oil", "v": 0.01942503562807564}]}, {"source": 39, "prod": 0, "target": 5, "value": 0.012950023752050425, "supply": [{"l": "Gas-Diesel oil", "v": 0.012950023752050425}]}, {"source": 39, "prod": 0, "target": 6, "value": 0.012950023752050425, "supply": [{"l": "Gas-Diesel oil", "v": 0.012950023752050425}]}, {"source": 39, "prod": 0, "target": 2, "value": 0.12626273158249166, "supply": [{"l": "Gas-Diesel oil", "v": 0.12626273158249166}]}, {"source": 39, "prod": 0, "target": 29, "value": 0.012950023752050425, "supply": [{"l": "Gas-Diesel oil", "v": 0.012950023752050425}]}, {"source": 39, "prod": 0, "target": 21, "value": 0.1036001900164034, "supply": [{"l": "Gas-Diesel oil", "v": 0.1036001900164034}]}, {"source": 39, "prod": 0, "target": 16, "value": 0.0064750118760252126, "supply": [{"l": "Gas-Diesel oil", "v": 0.0064750118760252126}]}, {"source": 39, "prod": 0, "target": 0, "value": 0.53418847977208006, "supply": [{"l": "Gas-Diesel oil", "v": 0.53418847977208006}]}, {"source": 41, "prod": 0.0040662609149286055, "target": 3, "value": 5.4036585845095643e-05, "supply": [{"l": "Potash", "v": 2.4871375747914306e-05}, {"l": "Phosphate", "v": 0.0002727678157234463}, {"l": "Nitrogen", "v": 0.0025122632724736125}]}, {"source": 41, "prod": 0.016265043659714422, "target": 17, "value": 0.00021614634338038257, "supply": [{"l": "Potash", "v": 2.4871375747914306e-05}, {"l": "Phosphate", "v": 0.0002727678157234463}, {"l": "Nitrogen", "v": 0.0025122632724736125}]}, {"source": 41, "prod": 0.0027108406099524032, "target": 18, "value": 3.6024390563397093e-05, "supply": [{"l": "Potash", "v": 2.4871375747914306e-05}, {"l": "Phosphate", "v": 0.0002727678157234463}, {"l": "Nitrogen", "v": 0.0025122632724736125}]}, {"source": 41, "prod": 0.0040662609149286055, "target": 15, "value": 5.4036585845095643e-05, "supply": [{"l": "Potash", "v": 2.4871375747914306e-05}, {"l": "Phosphate", "v": 0.0002727678157234463}, {"l": "Nitrogen", "v": 0.0025122632724736125}]}, {"source": 41, "prod": 0.0027108406099524032, "target": 5, "value": 3.6024390563397093e-05, "supply": [{"l": "Potash", "v": 2.4871375747914306e-05}, {"l": "Phosphate", "v": 0.0002727678157234463}, {"l": "Nitrogen", "v": 0.0025122632724736125}]}, {"source": 41, "prod": 0.0027108406099524032, "target": 6, "value": 3.6024390563397093e-05, "supply": [{"l": "Potash", "v": 2.4871375747914306e-05}, {"l": "Phosphate", "v": 0.0002727678157234463}, {"l": "Nitrogen", "v": 0.0025122632724736125}]}, {"source": 41, "prod": 0.026430695947035933, "target": 2, "value": 0.00035123780799312164, "supply": [{"l": "Potash", "v": 2.4871375747914306e-05}, {"l": "Phosphate", "v": 0.0002727678157234463}, {"l": "Nitrogen", "v": 0.0025122632724736125}]}, {"source": 41, "prod": 0.0027108406099524032, "target": 29, "value": 3.6024390563397093e-05, "supply": [{"l": "Potash", "v": 2.4871375747914306e-05}, {"l": "Phosphate", "v": 0.0002727678157234463}, {"l": "Nitrogen", "v": 0.0025122632724736125}]}, {"source": 41, "prod": 0.021686724879619226, "target": 21, "value": 0.00028819512450717675, "supply": [{"l": "Potash", "v": 2.4871375747914306e-05}, {"l": "Phosphate", "v": 0.0002727678157234463}, {"l": "Nitrogen", "v": 0.0025122632724736125}]}, {"source": 41, "prod": 0.0013554203049762016, "target": 16, "value": 1.8012195281698547e-05, "supply": [{"l": "Potash", "v": 2.4871375747914306e-05}, {"l": "Phosphate", "v": 0.0002727678157234463}, {"l": "Nitrogen", "v": 0.0025122632724736125}]}, {"source": 41, "prod": 0.11182217516053664, "target": 0, "value": 0.00148600611074013, "supply": [{"l": "Potash", "v": 2.4871375747914306e-05}, {"l": "Phosphate", "v": 0.0002727678157234463}, {"l": "Nitrogen", "v": 0.0025122632724736125}]}, {"source": 39, "prod": 0, "target": 41, "value": 0.0033238717823078278, "supply": [{"l": "Natural gas (including LNG)", "v": 0.0022718417180741073}, {"l": "Fuel oil", "v": 0.0006079343049072201}, {"l": "Liquefied petroleum gas (LPG)", "v": 0.00022204787966325037}, {"l": "Coal", "v": 0.00022204787966325037}]}, {"source": 42, "prod": 0, "target": 3, "value": 0.0028910248727959664, "supply": "[{\"l\":'Labor',\"v\":0.0028910248727959664}]"}, {"source": 42, "prod": 0, "target": 5, "value": 0.0019273499151973108, "supply": "[{\"l\":'Labor',\"v\":0.0019273499151973108}]"}, {"source": 42, "prod": 0, "target": 6, "value": 0.0019273499151973108, "supply": "[{\"l\":'Labor',\"v\":0.0019273499151973108}]"}, {"source": 42, "prod": 0, "target": 10, "value": 0.0048183747879932768, "supply": "[{\"l\":'Labor',\"v\":0.0048183747879932768}]"}, {"source": 42, "prod": 0, "target": 13, "value": 0.0053002122667926048, "supply": "[{\"l\":'Labor',\"v\":0.0053002122667926048}]"}, {"source": 42, "prod": 0, "target": 15, "value": 0.0028910248727959664, "supply": "[{\"l\":'Labor',\"v\":0.0028910248727959664}]"}, {"source": 42, "prod": 0, "target": 16, "value": 0.0009636749575986554, "supply": "[{\"l\":'Labor',\"v\":0.0009636749575986554}]"}, {"source": 42, "prod": 0, "target": 17, "value": 0.011564099491183866, "supply": "[{\"l\":'Labor',\"v\":0.011564099491183866}]"}, {"source": 42, "prod": 0, "target": 18, "value": 0.0019273499151973108, "supply": "[{\"l\":'Labor',\"v\":0.0019273499151973108}]"}, {"source": 42, "prod": 0, "target": 21, "value": 0.015418799321578486, "supply": "[{\"l\":'Labor',\"v\":0.015418799321578486}]"}, {"source": 42, "prod": 0, "target": 0, "value": 0.079503184001889077, "supply": "[{\"l\":'Labor',\"v\":0.079503184001889077}]"}, {"source": 42, "prod": 0, "target": 26, "value": 0.0004818374787993277, "supply": "[{\"l\":'Labor',\"v\":0.0004818374787993277}]"}, {"source": 42, "prod": 0, "target": 2, "value": 0.018791661673173782, "supply": "[{\"l\":'Labor',\"v\":0.018791661673173782}]"}, {"source": 42, "prod": 0, "target": 29, "value": 0.0019273499151973108, "supply": "[{\"l\":'Labor',\"v\":0.0019273499151973108}]"}, {"source": 39, "prod": 0, "target": 34, "value": 0.01636534048297578, "supply": "[{\"l\":'Fossil Fuels',\"v\":0.01636534048297578}]"}, {"source": 40, "prod": 0, "target": 34, "value": 0.09501222690076358, "supply": "[{\"l\":'Renewables & Nuclear',\"v\":0.0011672301383937483},{\"l\":'Biomass & Waste',\"v\":0.093844996762369834}]"}]}