{"nodes": [{"layer": 5, "name": "Cereals - Excluding Beer"}, {"layer": 10, "name": "Feed", "fill": "#dbdb8d"}, {"layer": 13, "name": "Milk - Excluding Butter"}, {"layer": 16, "name": "Food", "fill": "#b5cf6b"}, {"layer": 13, "name": "Meat"}, {"layer": 13, "name": "Eggs"}, {"layer": 13, "name": "Animal Fats"}, {"layer": 5, "name": "Starchy Roots"}, {"layer": 5, "name": "Pulses"}, {"layer": 13, "name": "Fish, Seafood"}, {"layer": 13, "name": "Sugar & Sweeteners"}, {"layer": 13, "name": "Vegetable Oils", "fill": "#f7b6d2"}, {"layer": 5, "name": "Vegetables"}, {"layer": 5, "name": "Fruits - Excluding Wine"}, {"layer": 5, "name": "Oilcrops", "fill": "#ff9896"}, {"layer": 10, "name": "Processing", "fill": "#9edae5"}, {"layer": 16, "name": "Biofuels & Other", "fill": "#e7ba52"}, {"name": "Waste", "fill": "#c7c7c7"}, {"layer": 2, "name": "Import", "fill": "#aec7e8"}, {"layer": 16, "name": "Export", "fill": "#aec7e8"}, {"layer": 16, "name": "Stock Deposit", "fill": "#c7c7c7"}, {"layer": 0, "name": "Stock Draw", "fill": "#c7c7c7"}, {"layer": 2, "name": "Electricity", "fill": "#bcbd22"}, {"layer": 0, "name": "Fossil Fuels", "fill": "#c49c94"}, {"layer": 0, "name": "Renewables & Nuclear", "fill": "#2ca02c"}, {"layer": 2, "name": "Fertilizers", "fill": "#c5b0d5"}, {"layer": 0, "name": "Labor", "fill": "#7f7f7f"}], "links": [{"source": 0, "prod": 2.0, "target": 1, "value": 0.0072072545139145652, "supply": [{"l": "Sorghum", "v": 0.0035894014886790337}, {"l": "Millet", "v": 0.0036178530252355318}]}, {"source": 2, "prod": 229.0, "target": 3, "value": 0.19986533128089889, "supply": [{"l": "Milk - Excluding Butter", "v": 0.19986533128089889}]}, {"source": 4, "prod": 50.0, "target": 3, "value": 0.085589502013673963, "supply": [{"l": "Meat, Other", "v": 0.02039090971355895}, {"l": "Mutton & Goat Meat", "v": 0.026527443820563004}, {"l": "Bovine Meat", "v": 0.027812178107741378}, {"l": "Poultry Meat", "v": 0.0019295530266136365}, {"l": "Offals, Edible", "v": 0.0089294173451969945}]}, {"source": 5, "prod": 2.0, "target": 3, "value": 0.0028490044688255032, "supply": [{"l": "Eggs", "v": 0.0028490044688255032}]}, {"source": 6, "prod": 2.0, "target": 3, "value": 0.018785058979066141, "supply": [{"l": "Fats, Animals, Raw", "v": 0.010151126792184783}, {"l": "Butter, Ghee", "v": 0.0086339321868813563}]}, {"source": 7, "prod": 7.0, "target": 3, "value": 0.0070006826354943597, "supply": [{"l": "Potatoes", "v": 0.0026439550122456749}, {"l": "Yams", "v": 0.002122508329275}, {"l": "Sweet potatoes", "v": 0.0022342192939736848}]}, {"source": 8, "prod": 14.0, "target": 3, "value": 0.054999701694323909, "supply": [{"l": "Pulses, Other", "v": 0.054999701694323909}]}, {"source": 9, "prod": 24.0, "target": 3, "value": 0.021411023292853739, "supply": [{"l": "Freshwater Fish", "v": 0.0045213195179822493}, {"l": "Fish, Seafood", "v": 0.011052114377289941}, {"l": "Cephalopods", "v": 0.00090319503373404266}, {"l": "Pelagic Fish", "v": 0.004050015893316254}, {"l": "Demersal Fish", "v": 0.00088437847053125004}]}, {"source": 10, "prod": 18.0, "target": 3, "value": 0.074754659738877877, "supply": [{"l": "Sugar", "v": 0.074754659738877877}]}, {"source": 0, "prod": 128.0, "target": 3, "value": 0.46495574485580238, "supply": [{"l": "Maize", "v": 0.011278273041166053}, {"l": "Rice", "v": 0.065951563158921742}, {"l": "Sorghum", "v": 0.14716546103584038}, {"l": "Cereals, Other", "v": 0.0095638715232154153}, {"l": "Wheat", "v": 0.057339630885353259}, {"l": "Millet", "v": 0.17365694521130554}]}, {"source": 11, "prod": 2.0, "target": 3, "value": 0.020568637417716498, "supply": [{"l": "Groundnut Oil", "v": 0.020568637417716498}]}, {"source": 12, "prod": 4.0, "target": 3, "value": 0.0011134469924065575, "supply": [{"l": "Vegetables, Other", "v": 0.0011134469924065575}]}, {"source": 13, "prod": 11.0, "target": 3, "value": 0.018053273879716763, "supply": [{"l": "Dates", "v": 0.016578171565934909}, {"l": "Fruits, Other", "v": 0.001475102313781853}]}, {"source": 14, "prod": 2.0, "target": 3, "value": 0.012046668895885135, "supply": [{"l": "Oilcrops, Other", "v": 0.012046668895885135}]}, {"source": 14, "prod": 1.0, "target": 15, "value": 0.0060643095122142861, "supply": [{"l": "Groundnuts", "v": 0.0060643095122142861}]}, {"source": 9, "prod": 4.0, "target": 16, "value": 0.0036484091303497423, "supply": [{"l": "Cephalopods", "v": 0.0018063900674680853}, {"l": "Fish, Seafood", "v": 0.0018420190628816572}]}, {"source": 0, "prod": 4.0, "target": 0, "value": 0.014386057491272633, "supply": [{"l": "Sorghum", "v": 0.010768204466037101}, {"l": "Millet", "v": 0.0036178530252355318}]}, {"source": 8, "prod": 2.0, "target": 8, "value": 0.0078571002420462725, "supply": [{"l": "Pulses, Other", "v": 0.0078571002420462725}]}, {"source": 2, "prod": 12.0, "target": 17, "value": 0.010473292468868063, "supply": [{"l": "Milk - Excluding Butter", "v": 0.010473292468868063}]}, {"source": 13, "prod": 1.0, "target": 17, "value": 0.0020722714457418637, "supply": [{"l": "Dates", "v": 0.0020722714457418637}]}, {"source": 8, "prod": 2.0, "target": 17, "value": 0.0078571002420462725, "supply": [{"l": "Pulses, Other", "v": 0.0078571002420462725}]}, {"source": 0, "prod": 9.0, "target": 17, "value": 0.032950990753090874, "supply": [{"l": "Rice", "v": 0.0041219726974326088}, {"l": "Sorghum", "v": 0.014357605954716135}, {"l": "Millet", "v": 0.014471412100942127}]}, {"source": 18, "prod": 81.0, "target": 0, "value": 0.29763217274363374, "supply": [{"l": "Cereals, Other", "v": 0.0095638715232154153}, {"l": "Wheat", "v": 0.037102114102287406}, {"l": "Millet", "v": 0.18089265126177659}, {"l": "Rice", "v": 0.070073535856354355}]}, {"source": 18, "prod": 1.0, "target": 13, "value": 0.00049170077126061773, "supply": [{"l": "Fruits, Other", "v": 0.00049170077126061773}]}, {"source": 18, "prod": 10.0, "target": 1, "value": 0.0088063995444202479, "supply": [{"l": "Milk - Excluding Butter", "v": 0.0069821949792453764}, {"l": "Fish, Seafood", "v": 0.0009210095314408286}, {"l": "Cephalopods", "v": 0.00090319503373404266}]}, {"source": 18, "prod": 20.0, "target": 15, "value": 0.095323297156594378, "supply": [{"l": "Sugar", "v": 0.074754659738877877}, {"l": "Groundnut Oil", "v": 0.020568637417716498}]}, {"source": 18, "prod": 2.0, "target": 7, "value": 0.0017626366748304501, "supply": [{"l": "Potatoes", "v": 0.0017626366748304501}]}, {"source": 13, "prod": 1.0, "target": 19, "value": 0.0020722714457418637, "supply": [{"l": "Dates", "v": 0.0020722714457418637}]}, {"source": 9, "prod": 58.0, "target": 19, "value": 0.057660335371793429, "supply": [{"l": "Pelagic Fish", "v": 0.020250079466581274}, {"l": "Demersal Fish", "v": 0.0022109461763281254}, {"l": "Fish, Seafood", "v": 0.026709276411784028}, {"l": "Marine Fish, Other", "v": 0.0084900333170999983}]}, {"source": 6, "prod": 1.0, "target": 19, "value": 0.0093925294895330705, "supply": [{"l": "Fish, Body Oil", "v": 0.0093925294895330705}]}, {"source": 0, "prod": 1.0, "target": 20, "value": 0.0041219726974326088, "supply": [{"l": "Rice", "v": 0.0041219726974326088}]}, {"source": 9, "prod": 32.0, "target": 20, "value": 0.024818067067109508, "supply": [{"l": "Demersal Fish", "v": 0.0044218923526562507}, {"l": "Fish, Seafood", "v": 0.014736152503053258}, {"l": "Marine Fish, Other", "v": 0.0056600222113999997}]}, {"source": 21, "prod": 9.0, "target": 0, "value": 0.03100572124910296, "supply": [{"l": "Wheat", "v": 0.020237516783065859}, {"l": "Sorghum", "v": 0.010768204466037101}]}, {"source": 1, "prod": 241.0, "target": 2, "value": 0.21033862374976695, "supply": [{"l": "Milk - Excluding Butter", "v": 0.21033862374976695}]}, {"source": 1, "prod": 2.0, "target": 5, "value": 0.0028490044688255032, "supply": [{"l": "Eggs", "v": 0.0028490044688255032}]}, {"source": 1, "prod": 50.0, "target": 4, "value": 0.085589502013673963, "supply": [{"l": "Poultry Meat", "v": 0.0019295530266136365}, {"l": "Bovine Meat", "v": 0.027812178107741378}, {"l": "Meat, Other", "v": 0.02039090971355895}, {"l": "Offals, Edible", "v": 0.0089294173451969945}, {"l": "Mutton & Goat Meat", "v": 0.026527443820563004}]}, {"source": 1, "prod": 118.0, "target": 9, "value": 0.10753783486210643, "supply": [{"l": "Pelagic Fish", "v": 0.024300095359897529}, {"l": "Freshwater Fish", "v": 0.0045213195179822493}, {"l": "Marine Fish, Other", "v": 0.014150055528499999}, {"l": "Fish, Seafood", "v": 0.054339562355008877}, {"l": "Demersal Fish", "v": 0.0075172169995156267}, {"l": "Cephalopods", "v": 0.0027095851012021279}]}, {"source": 15, "prod": 18.0, "target": 10, "value": 0.074754659738877877, "supply": [{"l": "Sugar", "v": 0.074754659738877877}]}, {"source": 15, "prod": 2.0, "target": 11, "value": 0.020568637417716498, "supply": [{"l": "Groundnut Oil", "v": 0.020568637417716498}]}, {"source": 15, "prod": 3.0, "target": 6, "value": 0.028177588468599211, "supply": [{"l": "Fats, Animals, Raw", "v": 0.010151126792184783}, {"l": "Fish, Body Oil", "v": 0.0093925294895330705}, {"l": "Butter, Ghee", "v": 0.0086339321868813563}]}, {"source": 22, "prod": 0, "target": 14, "value": 0.00029640043589062757, "supply": "[{\"l\":'Energy for power irrigation',\"v\":0.00029640043589062757}]"}, {"source": 22, "prod": 0, "target": 12, "value": 0.00039520058118750341, "supply": "[{\"l\":'Energy for power irrigation',\"v\":0.00039520058118750341}]"}, {"source": 22, "prod": 0, "target": 7, "value": 0.00064220094442969309, "supply": "[{\"l\":'Energy for power irrigation',\"v\":0.00064220094442969309}]"}, {"source": 22, "prod": 0, "target": 8, "value": 0.0017784026153437652, "supply": "[{\"l\":'Energy for power irrigation',\"v\":0.0017784026153437652}]"}, {"source": 22, "prod": 0, "target": 0, "value": 0.0098306144570391458, "supply": "[{\"l\":'Energy for power irrigation',\"v\":0.0098306144570391458}]"}, {"source": 22, "prod": 0, "target": 13, "value": 0.0012350018162109481, "supply": "[{\"l\":'Energy for power irrigation',\"v\":0.0012350018162109481}]"}, {"source": 22, "prod": 0, "target": 15, "value": 0.00017500011274761509, "supply": "[{\"l\":'Electricity',\"v\":0.00017500011274761509}]"}, {"source": 23, "prod": 0, "target": 22, "value": 0.012504503284482951, "supply": [{"l": "Coal", "v": 0.00097062053893805526}, {"l": "Natural gas", "v": 0.0014522750405377971}, {"l": "Oil", "v": 0.010081607705007099}]}, {"source": 24, "prod": 0, "target": 22, "value": 0.0095381534245366755, "supply": [{"l": "Nuclear", "v": 0.0}, {"l": "Hydroelectric", "v": 0.0094690764153786758}, {"l": "Renewable", "v": 6.9077009158000235e-05}]}, {"source": 23, "prod": 0, "target": 14, "value": 0.021117111902298258, "supply": [{"l": "Gas-Diesel oil", "v": 0.021117111902298258}]}, {"source": 23, "prod": 0, "target": 12, "value": 0.028156149203064341, "supply": [{"l": "Gas-Diesel oil", "v": 0.028156149203064341}]}, {"source": 23, "prod": 0, "target": 7, "value": 0.045753742454979554, "supply": [{"l": "Gas-Diesel oil", "v": 0.045753742454979554}]}, {"source": 23, "prod": 0, "target": 8, "value": 0.12670267141378952, "supply": [{"l": "Gas-Diesel oil", "v": 0.12670267141378952}]}, {"source": 23, "prod": 0, "target": 0, "value": 0.70038421142622542, "supply": [{"l": "Gas-Diesel oil", "v": 0.70038421142622542}]}, {"source": 23, "prod": 0, "target": 13, "value": 0.08798796625957607, "supply": [{"l": "Gas-Diesel oil", "v": 0.08798796625957607}]}, {"source": 25, "prod": 0.010034989292866737, "target": 14, "value": 0.00012422903743230249, "supply": [{"l": "Potash", "v": 5.0806501918160369e-05}, {"l": "Phosphate", "v": 0.00075950624029125214}, {"l": "Nitrogen", "v": 0.0051319762149690555}]}, {"source": 25, "prod": 0.013379985723822317, "target": 12, "value": 0.00016563871657640329, "supply": [{"l": "Potash", "v": 5.0806501918160369e-05}, {"l": "Phosphate", "v": 0.00075950624029125214}, {"l": "Nitrogen", "v": 0.0051319762149690555}]}, {"source": 25, "prod": 0.021742476801211264, "target": 7, "value": 0.00026916291443665534, "supply": [{"l": "Potash", "v": 5.0806501918160369e-05}, {"l": "Phosphate", "v": 0.00075950624029125214}, {"l": "Nitrogen", "v": 0.0051319762149690555}]}, {"source": 25, "prod": 0.06020993575720042, "target": 8, "value": 0.00074537422459381483, "supply": [{"l": "Potash", "v": 5.0806501918160369e-05}, {"l": "Phosphate", "v": 0.00075950624029125214}, {"l": "Nitrogen", "v": 0.0051319762149690555}]}, {"source": 25, "prod": 0.33282714488008008, "target": 0, "value": 0.0041202630748380315, "supply": [{"l": "Potash", "v": 5.0806501918160369e-05}, {"l": "Phosphate", "v": 0.00075950624029125214}, {"l": "Nitrogen", "v": 0.0051319762149690555}]}, {"source": 25, "prod": 0.041812455386944739, "target": 13, "value": 0.00051762098930126026, "supply": [{"l": "Potash", "v": 5.0806501918160369e-05}, {"l": "Phosphate", "v": 0.00075950624029125214}, {"l": "Nitrogen", "v": 0.0051319762149690555}]}, {"source": 23, "prod": 0, "target": 25, "value": 0.007018313878455501, "supply": [{"l": "Natural gas (including LNG)", "v": 0.0048121563297667848}, {"l": "Fuel oil", "v": 0.001298972024383296}, {"l": "Liquefied petroleum gas (LPG)", "v": 0.00045359276215270987}, {"l": "Coal", "v": 0.00045359276215270987}]}, {"source": 26, "prod": 0, "target": 7, "value": 0.0078206977927674053, "supply": "[{\"l\":'Labor',\"v\":0.0078206977927674053}]"}, {"source": 26, "prod": 0, "target": 8, "value": 0.021657316964586656, "supply": "[{\"l\":'Labor',\"v\":0.021657316964586656}]"}, {"source": 26, "prod": 0, "target": 0, "value": 0.1197168354431318, "supply": "[{\"l\":'Labor',\"v\":0.1197168354431318}]"}, {"source": 26, "prod": 0, "target": 12, "value": 0.0048127371032414797, "supply": "[{\"l\":'Labor',\"v\":0.0048127371032414797}]"}, {"source": 26, "prod": 0, "target": 13, "value": 0.015039803447629625, "supply": "[{\"l\":'Labor',\"v\":0.015039803447629625}]"}, {"source": 26, "prod": 0, "target": 14, "value": 0.00360955282743111, "supply": "[{\"l\":'Labor',\"v\":0.00360955282743111}]"}, {"source": 23, "prod": 0, "target": 18, "value": 0.024313620397504603, "supply": "[{\"l\":'Fossil Fuels',\"v\":0.024313620397504603}]"}, {"source": 24, "prod": 0, "target": 18, "value": 0.14361555436467213, "supply": "[{\"l\":'Renewables & Nuclear',\"v\":0.0014159727598444122},{\"l\":'Biomass & Waste',\"v\":0.14219958160482771}]"}]}