{"nodes": [{"layer": 5, "name": "Cereals - Excluding Beer"}, {"layer": 10, "name": "Feed", "fill": "#dbdb8d"}, {"layer": 13, "name": "Milk - Excluding Butter"}, {"layer": 16, "name": "Food", "fill": "#b5cf6b"}, {"layer": 13, "name": "Meat"}, {"layer": 13, "name": "Eggs"}, {"layer": 13, "name": "Animal Fats"}, {"layer": 5, "name": "Starchy Roots"}, {"layer": 5, "name": "Pulses"}, {"layer": 13, "name": "Fish, Seafood"}, {"layer": 13, "name": "Sugar & Sweeteners"}, {"layer": 13, "name": "Vegetable Oils", "fill": "#f7b6d2"}, {"layer": 5, "name": "Stimulants"}, {"layer": 5, "name": "Vegetables"}, {"layer": 5, "name": "Fruits - Excluding Wine"}, {"layer": 5, "name": "Oilcrops", "fill": "#ff9896"}, {"layer": 16, "name": "Biofuels & Other", "fill": "#e7ba52"}, {"name": "Waste", "fill": "#c7c7c7"}, {"layer": 2, "name": "Import", "fill": "#aec7e8"}, {"layer": 10, "name": "Processing", "fill": "#9edae5"}, {"layer": 16, "name": "Export", "fill": "#aec7e8"}, {"layer": 16, "name": "Stock Deposit", "fill": "#c7c7c7"}, {"name": "Crop Residue", "fill": "#bd9e39"}, {"layer": 2, "name": "Electricity", "fill": "#bcbd22"}, {"layer": 0, "name": "Fossil Fuels", "fill": "#c49c94"}, {"layer": 0, "name": "Renewables & Nuclear", "fill": "#2ca02c"}, {"layer": 2, "name": "Fertilizers", "fill": "#c5b0d5"}, {"layer": 0, "name": "Labor", "fill": "#7f7f7f"}], "links": [{"source": 0, "prod": 3.0, "target": 1, "value": 0.010810490946793962, "supply": [{"l": "Sorghum", "v": 0.0071822715805119099}, {"l": "Millet", "v": 0.0036282193662820518}]}, {"source": 2, "prod": 210.0, "target": 3, "value": 0.18192069122946575, "supply": [{"l": "Milk - Excluding Butter", "v": 0.18192069122946575}]}, {"source": 4, "prod": 43.0, "target": 3, "value": 0.07158213565648229, "supply": [{"l": "Meat, Other", "v": 0.014854979315460511}, {"l": "Mutton & Goat Meat", "v": 0.023095718669696046}, {"l": "Poultry Meat", "v": 0.002109325047726708}, {"l": "Offals, Edible", "v": 0.0076537862958831384}, {"l": "Bovine Meat", "v": 0.023868326327715884}]}, {"source": 5, "prod": 1.0, "target": 3, "value": 0.0015492761527554745, "supply": [{"l": "Eggs", "v": 0.0015492761527554745}]}, {"source": 6, "prod": 2.0, "target": 3, "value": 0.018641160109284783, "supply": [{"l": "Butter, Ghee", "v": 0.0084900333171}, {"l": "Fats, Animals, Raw", "v": 0.010151126792184783}]}, {"source": 7, "prod": 6.0, "target": 3, "value": 0.0063635391109308987, "supply": [{"l": "Potatoes", "v": 0.0016729129688866995}, {"l": "Yams", "v": 0.0023453130710220996}, {"l": "Sweet potatoes", "v": 0.0023453130710220996}]}, {"source": 8, "prod": 10.0, "target": 3, "value": 0.039352225434289942, "supply": [{"l": "Pulses, Other", "v": 0.039352225434289942}]}, {"source": 9, "prod": 18.0, "target": 3, "value": 0.017515045286368703, "supply": [{"l": "Freshwater Fish", "v": 0.0037901934451339283}, {"l": "Fish, Seafood", "v": 0.0084245093554465283}, {"l": "Pelagic Fish", "v": 0.00084059735812871299}, {"l": "Demersal Fish", "v": 0.0044597451276595333}]}, {"source": 10, "prod": 23.0, "target": 3, "value": 0.095461919794192926, "supply": [{"l": "Sugar", "v": 0.095461919794192926}]}, {"source": 0, "prod": 116.0, "target": 3, "value": 0.4203429472380168, "supply": [{"l": "Maize", "v": 0.011039671805517029}, {"l": "Rice", "v": 0.037064697690324631}, {"l": "Sorghum", "v": 0.2477883695276609}, {"l": "Wheat", "v": 0.037372943423745052}, {"l": "Millet", "v": 0.087077264790769229}]}, {"source": 11, "prod": 1.0, "target": 3, "value": 0.010419586343713635, "supply": [{"l": "Groundnut Oil", "v": 0.010419586343713635}]}, {"source": 12, "prod": 1.0, "target": 3, "value": 0.00035082782302066112, "supply": [{"l": "Tea", "v": 0.00035082782302066112}]}, {"source": 13, "prod": 4.0, "target": 3, "value": 0.00095126423721008421, "supply": [{"l": "Vegetables, Other", "v": 0.00095126423721008421}]}, {"source": 14, "prod": 15.0, "target": 3, "value": 0.028402953169533215, "supply": [{"l": "Dates", "v": 0.0271605092694698}, {"l": "Fruits, Other", "v": 0.0012424439000634148}]}, {"source": 15, "prod": 2.0, "target": 3, "value": 0.01212861902442857, "supply": [{"l": "Oilcrops, Other", "v": 0.01212861902442857}]}, {"source": 9, "prod": 26.0, "target": 16, "value": 0.022601149376706691, "supply": [{"l": "Freshwater Fish", "v": 0.0045482321341607139}, {"l": "Pelagic Fish", "v": 0.0058841815069009904}, {"l": "Fish, Seafood", "v": 0.012168735735644986}]}, {"source": 0, "prod": 5.0, "target": 0, "value": 0.017992762527305872, "supply": [{"l": "Sorghum", "v": 0.01436454316102382}, {"l": "Millet", "v": 0.0036282193662820518}]}, {"source": 8, "prod": 2.0, "target": 8, "value": 0.0078704450868579898, "supply": [{"l": "Pulses, Other", "v": 0.0078704450868579898}]}, {"source": 2, "prod": 12.0, "target": 17, "value": 0.010395468070255187, "supply": [{"l": "Milk - Excluding Butter", "v": 0.010395468070255187}]}, {"source": 14, "prod": 2.0, "target": 17, "value": 0.0041785398876107386, "supply": [{"l": "Dates", "v": 0.0041785398876107386}]}, {"source": 8, "prod": 2.0, "target": 17, "value": 0.0078704450868579898, "supply": [{"l": "Pulses, Other", "v": 0.0078704450868579898}]}, {"source": 0, "prod": 8.0, "target": 17, "value": 0.028803253474099833, "supply": [{"l": "Sorghum", "v": 0.02154681474153573}, {"l": "Millet", "v": 0.0072564387325641036}]}, {"source": 18, "prod": 41.0, "target": 0, "value": 0.15112032818308013, "supply": [{"l": "Wheat", "v": 0.037372943423745052}, {"l": "Millet", "v": 0.072564387325641036}, {"l": "Rice", "v": 0.041182997433694038}]}, {"source": 18, "prod": 25.0, "target": 19, "value": 0.11003202438982798, "supply": [{"l": "Groundnut Oil", "v": 0.010419586343713635}, {"l": "Sugar", "v": 0.099612438046114346}]}, {"source": 18, "prod": 2.0, "target": 1, "value": 0.0017325780117091977, "supply": [{"l": "Milk - Excluding Butter", "v": 0.0017325780117091977}]}, {"source": 18, "prod": 1.0, "target": 12, "value": 0.00035082782302066112, "supply": [{"l": "Tea", "v": 0.00035082782302066112}]}, {"source": 14, "prod": 7.0, "target": 20, "value": 0.014624889606637582, "supply": [{"l": "Dates", "v": 0.014624889606637582}]}, {"source": 9, "prod": 6.0, "target": 20, "value": 0.0072679149128083761, "supply": [{"l": "Demersal Fish", "v": 0.0044597451276595333}, {"l": "Fish, Seafood", "v": 0.0028081697851488428}]}, {"source": 0, "prod": 12.0, "target": 21, "value": 0.043620793436184913, "supply": [{"l": "Rice", "v": 0.0041182997433694031}, {"l": "Sorghum", "v": 0.039502493692815506}]}, {"source": 10, "prod": 2.0, "target": 21, "value": 0.0083010365038428627, "supply": [{"l": "Sugar", "v": 0.0083010365038428627}]}, {"source": 8, "prod": 2.0, "target": 21, "value": 0.0078704450868579898, "supply": [{"l": "Pulses, Other", "v": 0.0078704450868579898}]}, {"source": 1, "prod": 222.0, "target": 2, "value": 0.19231615929972093, "supply": [{"l": "Milk - Excluding Butter", "v": 0.19231615929972093}]}, {"source": 1, "prod": 1.0, "target": 5, "value": 0.0015492761527554745, "supply": [{"l": "Eggs", "v": 0.0015492761527554745}]}, {"source": 1, "prod": 43.0, "target": 4, "value": 0.07158213565648229, "supply": [{"l": "Poultry Meat", "v": 0.002109325047726708}, {"l": "Bovine Meat", "v": 0.023868326327715884}, {"l": "Meat, Other", "v": 0.014854979315460511}, {"l": "Offals, Edible", "v": 0.0076537862958831384}, {"l": "Mutton & Goat Meat", "v": 0.023095718669696046}]}, {"source": 1, "prod": 50.0, "target": 9, "value": 0.047384109575883772, "supply": [{"l": "Freshwater Fish", "v": 0.0083384255792946418}, {"l": "Pelagic Fish", "v": 0.0067247788650297031}, {"l": "Demersal Fish", "v": 0.0089194902553190666}, {"l": "Fish, Seafood", "v": 0.023401414876240353}]}, {"source": 19, "prod": 25.0, "target": 10, "value": 0.10376295629803579, "supply": [{"l": "Sugar", "v": 0.10376295629803579}]}, {"source": 19, "prod": 1.0, "target": 11, "value": 0.010419586343713635, "supply": [{"l": "Groundnut Oil", "v": 0.010419586343713635}]}, {"source": 19, "prod": 2.0, "target": 6, "value": 0.018641160109284783, "supply": [{"l": "Fats, Animals, Raw", "v": 0.010151126792184783}, {"l": "Butter, Ghee", "v": 0.0084900333171}]}, {"source": 7, "prod": 3.0, "target": 22, "value": 0.0094603743661477845, "supply": [{"l": "Yams", "v": 0.0034866666600000002}, {"l": "Potatoes", "v": 0.0034866666600000002}, {"l": "Sweet potatoes", "v": 0.0034866666600000002}]}, {"source": 0, "prod": 249.0, "target": 22, "value": 0.87313006385190295, "supply": [{"l": "Maize", "v": 0.024406666620000003}, {"l": "Rice", "v": 0.034866666599999999}, {"l": "Wheat", "v": 0.038353333260000004}, {"l": "Sorghum", "v": 0.64503333210000002}, {"l": "Millet", "v": 0.12551999976}]}, {"source": 13, "prod": 4.0, "target": 22, "value": 0.013946666640000003, "supply": [{"l": "Vegetables, Other", "v": 0.013946666640000003}]}, {"source": 8, "prod": 16.0, "target": 22, "value": 0.05578666656000001, "supply": [{"l": "Pulses, Other", "v": 0.05578666656000001}]}, {"source": 15, "prod": 2.5, "target": 22, "value": 0.0085229629466666672, "supply": [{"l": "Groundnuts", "v": 0.0017433333300000001}, {"l": "Oilcrops, Other", "v": 0.0069733333200000004}]}, {"source": 23, "prod": 0, "target": 15, "value": 0.00013312507840471064, "supply": "[{\"l\":'Energy for power irrigation',\"v\":0.00013312507840471064}]"}, {"source": 23, "prod": 0, "target": 13, "value": 0.00021300012544753704, "supply": "[{\"l\":'Energy for power irrigation',\"v\":0.00021300012544753704}]"}, {"source": 23, "prod": 0, "target": 7, "value": 0.00031950018817130548, "supply": "[{\"l\":'Energy for power irrigation',\"v\":0.00031950018817130548}]"}, {"source": 23, "prod": 0, "target": 8, "value": 0.00085200050179014817, "supply": "[{\"l\":'Energy for power irrigation',\"v\":0.00085200050179014817}]"}, {"source": 23, "prod": 0, "target": 0, "value": 0.0066296289045545895, "supply": "[{\"l\":'Energy for power irrigation',\"v\":0.0066296289045545895}]"}, {"source": 23, "prod": 0, "target": 14, "value": 0.0012780007526852219, "supply": "[{\"l\":'Energy for power irrigation',\"v\":0.0012780007526852219}]"}, {"source": 23, "prod": 0, "target": 19, "value": 0.00014111256672033116, "supply": "[{\"l\":'Electricity',\"v\":0.00014111256672033116}]"}, {"source": 24, "prod": 0, "target": 23, "value": 0.0073190239428730791, "supply": [{"l": "Coal", "v": 0.00051064429262057598}, {"l": "Natural gas", "v": 0.00093557441929254849}, {"l": "Oil", "v": 0.0058728052309599543}]}, {"source": 25, "prod": 0, "target": 23, "value": 0.0067910646852486012, "supply": [{"l": "Nuclear", "v": 0.0}, {"l": "Hydroelectric", "v": 0.0067517306047916881}, {"l": "Renewable", "v": 3.9334080456913138e-05}]}, {"source": 24, "prod": 0, "target": 15, "value": 0.014226786657182159, "supply": [{"l": "Gas-Diesel oil", "v": 0.014226786657182159}]}, {"source": 24, "prod": 0, "target": 13, "value": 0.022762858651491455, "supply": [{"l": "Gas-Diesel oil", "v": 0.022762858651491455}]}, {"source": 24, "prod": 0, "target": 7, "value": 0.034144287977237175, "supply": [{"l": "Gas-Diesel oil", "v": 0.034144287977237175}]}, {"source": 24, "prod": 0, "target": 8, "value": 0.09105143460596582, "supply": [{"l": "Gas-Diesel oil", "v": 0.09105143460596582}]}, {"source": 24, "prod": 0, "target": 0, "value": 0.70849397552767146, "supply": [{"l": "Gas-Diesel oil", "v": 0.70849397552767146}]}, {"source": 24, "prod": 0, "target": 14, "value": 0.1365771519089487, "supply": [{"l": "Gas-Diesel oil", "v": 0.1365771519089487}]}, {"source": 26, "prod": 0.0046291102460146128, "target": 15, "value": 6.151629677201183e-05, "supply": [{"l": "Potash", "v": 3.8659576814531113e-05}, {"l": "Phosphate", "v": 0.0004239849227229314}, {"l": "Nitrogen", "v": 0.0039050125712753771}]}, {"source": 26, "prod": 0.0074065763936233811, "target": 13, "value": 9.8426074835218923e-05, "supply": [{"l": "Potash", "v": 3.8659576814531113e-05}, {"l": "Phosphate", "v": 0.0004239849227229314}, {"l": "Nitrogen", "v": 0.0039050125712753771}]}, {"source": 26, "prod": 0.011109864590435069, "target": 7, "value": 0.00014763911225282837, "supply": [{"l": "Potash", "v": 3.8659576814531113e-05}, {"l": "Phosphate", "v": 0.0004239849227229314}, {"l": "Nitrogen", "v": 0.0039050125712753771}]}, {"source": 26, "prod": 0.029626305574493524, "target": 8, "value": 0.00039370429934087569, "supply": [{"l": "Potash", "v": 3.8659576814531113e-05}, {"l": "Phosphate", "v": 0.0004239849227229314}, {"l": "Nitrogen", "v": 0.0039050125712753771}]}, {"source": 26, "prod": 0.2305296902515277, "target": 0, "value": 0.0030635115792461889, "supply": [{"l": "Potash", "v": 3.8659576814531113e-05}, {"l": "Phosphate", "v": 0.0004239849227229314}, {"l": "Nitrogen", "v": 0.0039050125712753771}]}, {"source": 26, "prod": 0.044439458361740278, "target": 14, "value": 0.00059055644901131348, "supply": [{"l": "Potash", "v": 3.8659576814531113e-05}, {"l": "Phosphate", "v": 0.0004239849227229314}, {"l": "Nitrogen", "v": 0.0039050125712753771}]}, {"source": 24, "prod": 0, "target": 26, "value": 0.0051665608606535456, "supply": [{"l": "Natural gas (including LNG)", "v": 0.0035313060403467014}, {"l": "Fuel oil", "v": 0.00094496111501673336}, {"l": "Liquefied petroleum gas (LPG)", "v": 0.00034514685264505548}, {"l": "Coal", "v": 0.00034514685264505548}]}, {"source": 27, "prod": 0, "target": 7, "value": 0.0053569787662186069, "supply": "[{\"l\":'Labor',\"v\":0.0053569787662186069}]"}, {"source": 27, "prod": 0, "target": 8, "value": 0.014285276709916287, "supply": "[{\"l\":'Labor',\"v\":0.014285276709916287}]"}, {"source": 27, "prod": 0, "target": 0, "value": 0.11115730939903611, "supply": "[{\"l\":'Labor',\"v\":0.11115730939903611}]"}, {"source": 27, "prod": 0, "target": 12, "value": 0.00044641489718488396, "supply": "[{\"l\":'Labor',\"v\":0.00044641489718488396}]"}, {"source": 27, "prod": 0, "target": 13, "value": 0.0035713191774790717, "supply": "[{\"l\":'Labor',\"v\":0.0035713191774790717}]"}, {"source": 27, "prod": 0, "target": 14, "value": 0.021427915064874428, "supply": "[{\"l\":'Labor',\"v\":0.021427915064874428}]"}, {"source": 27, "prod": 0, "target": 15, "value": 0.0022320744859244197, "supply": "[{\"l\":'Labor',\"v\":0.0022320744859244197}]"}, {"source": 24, "prod": 0, "target": 18, "value": 0.017346432287119743, "supply": "[{\"l\":'Fossil Fuels',\"v\":0.017346432287119743}]"}, {"source": 25, "prod": 0, "target": 18, "value": 0.10070814976914351, "supply": "[{\"l\":'Renewables & Nuclear',\"v\":0.0012372048464372014},{\"l\":'Biomass & Waste',\"v\":0.099470944922706306}]"}]}