{"nodes": [{"layer": 5, "name": "Cereals", "fill": "#e7ba52"}, {"layer": 10, "name": "Feed", "fill": "#dbdb8d"}, {"layer": 13, "name": "Other Processed", "fill": "#9c9ede"}, {"layer": 16, "name": "Food", "fill": "#b5cf6b"}, {"layer": 13, "name": "Animal Products", "fill": "#17becf"}, {"layer": 5, "name": "Oilcrops", "fill": "#ff9896"}, {"layer": 5, "name": "Fruits, Roots & Vegetables", "fill": "#98df8a"}, {"layer": 13, "name": "Sugar", "fill": "#d6616b"}, {"layer": 13, "name": "Aquatic Products", "fill": "#1f77b4"}, {"layer": 13, "name": "Vegetable Oils", "fill": "#f7b6d2"}, {"layer": 16, "name": "Biofuels & Other", "fill": "#e7ba52"}, {"name": "Waste", "fill": "#c7c7c7"}, {"layer": 2, "name": "Import", "fill": "#aec7e8"}, {"layer": 10, "name": "Processing", "fill": "#9edae5"}, {"layer": 16, "name": "Export", "fill": "#aec7e8"}, {"layer": 16, "name": "Stock Deposit", "fill": "#c7c7c7"}, {"layer": 2, "name": "Electricity", "fill": "#bcbd22"}, {"layer": 0, "name": "Fossil Fuels", "fill": "#c49c94"}, {"layer": 0, "name": "Renewables & Nuclear", "fill": "#2ca02c"}, {"layer": 2, "name": "Fertilizers", "fill": "#c5b0d5"}, {"layer": 0, "name": "Labor", "fill": "#7f7f7f"}], "links": [{"source": 0, "prod": 6.0, "target": 1, "value": 0.02157465007583741, "supply": [{"l": "Sorghum", "v": 0.017958941810818401}, {"l": "Millet", "v": 0.0036157082650190098}]}, {"source": 2, "prod": 2.0, "target": 3, "value": 0.018395072187049999, "supply": [{"l": "Butter, Ghee", "v": 0.0084900333171}, {"l": "Fats, Animals, Raw", "v": 0.0099050388699500006}]}, {"source": 4, "prod": 247.0, "target": 3, "value": 0.24960072857552543, "supply": [{"l": "Milk - Excluding Butter", "v": 0.17678141389504506}, {"l": "Meat, Other", "v": 0.015149501829769518}, {"l": "Mutton & Goat Meat", "v": 0.02320221433919795}, {"l": "Eggs", "v": 0.0015269844095503597}, {"l": "Poultry Meat", "v": 0.0020963045227407411}, {"l": "Offals, Edible", "v": 0.0074142414241797948}, {"l": "Bovine Meat", "v": 0.023430068155042026}]}, {"source": 0, "prod": 119.0, "target": 3, "value": 0.43122821354454322, "supply": [{"l": "Maize", "v": 0.01124748003547436}, {"l": "Rice", "v": 0.037023547351889702}, {"l": "Sorghum", "v": 0.22628266681631182}, {"l": "Wheat", "v": 0.037356146595239996}, {"l": "Millet", "v": 0.11931837274562732}]}, {"source": 5, "prod": 2.0, "target": 3, "value": 0.01197312390873077, "supply": [{"l": "Oilcrops, Other", "v": 0.01197312390873077}]}, {"source": 6, "prod": 34.0, "target": 3, "value": 0.072839217861875444, "supply": [{"l": "Dates", "v": 0.024958652161113249}, {"l": "Potatoes", "v": 0.0017780174486073297}, {"l": "Fruits, Other", "v": 0.00083235620755882356}, {"l": "Yams", "v": 0.0022700623842513371}, {"l": "Pulses, Other", "v": 0.039657924932116305}, {"l": "Tea", "v": 0.00034234005310887098}, {"l": "Vegetables, Other", "v": 0.00072980229086819475}, {"l": "Sweet potatoes", "v": 0.0022700623842513371}]}, {"source": 7, "prod": 19.0, "target": 3, "value": 0.07884837459465581, "supply": [{"l": "Sugar", "v": 0.07884837459465581}]}, {"source": 8, "prod": 24.0, "target": 3, "value": 0.024011708345078195, "supply": [{"l": "Freshwater Fish", "v": 0.0040896114244219654}, {"l": "Fish, Seafood", "v": 0.011880413305961131}, {"l": "Pelagic Fish", "v": 0.0020507326852898552}, {"l": "Demersal Fish", "v": 0.0059909509294052421}]}, {"source": 9, "prod": 1.0, "target": 3, "value": 0.010426356705210527, "supply": [{"l": "Groundnut Oil", "v": 0.010426356705210527}]}, {"source": 8, "prod": 20.0, "target": 10, "value": 0.019116787559280882, "supply": [{"l": "Freshwater Fish", "v": 0.0040896114244219654}, {"l": "Pelagic Fish", "v": 0.0051268317132246374}, {"l": "Fish, Seafood", "v": 0.009900344421634278}]}, {"source": 6, "prod": 2.0, "target": 6, "value": 0.007931584986423261, "supply": [{"l": "Pulses, Other", "v": 0.007931584986423261}]}, {"source": 0, "prod": 6.0, "target": 0, "value": 0.02157465007583741, "supply": [{"l": "Sorghum", "v": 0.017958941810818401}, {"l": "Millet", "v": 0.0036157082650190098}]}, {"source": 6, "prod": 4.0, "target": 11, "value": 0.012091360346608803, "supply": [{"l": "Dates", "v": 0.0041597753601855421}, {"l": "Pulses, Other", "v": 0.007931584986423261}]}, {"source": 4, "prod": 11.0, "target": 11, "value": 0.0095323311413994909, "supply": [{"l": "Milk - Excluding Butter", "v": 0.0095323311413994909}]}, {"source": 0, "prod": 9.0, "target": 11, "value": 0.032397854968039111, "supply": [{"l": "Sorghum", "v": 0.021550730172982081}, {"l": "Millet", "v": 0.01084712479505703}]}, {"source": 12, "prod": 21.0, "target": 13, "value": 0.093424645752216651, "supply": [{"l": "Groundnut Oil", "v": 0.010426356705210527}, {"l": "Sugar", "v": 0.082998289047006124}]}, {"source": 12, "prod": 51.0, "target": 0, "value": 0.18696466938124329, "supply": [{"l": "Wheat", "v": 0.037356146595239996}, {"l": "Millet", "v": 0.1084712479505703}, {"l": "Rice", "v": 0.041137274835432995}]}, {"source": 12, "prod": 1.0, "target": 1, "value": 0.00086657555830904457, "supply": [{"l": "Milk - Excluding Butter", "v": 0.00086657555830904457}]}, {"source": 12, "prod": 1.0, "target": 6, "value": 0.00034234005310887098, "supply": [{"l": "Tea", "v": 0.00034234005310887098}]}, {"source": 6, "prod": 6.0, "target": 14, "value": 0.012479326080556625, "supply": [{"l": "Dates", "v": 0.012479326080556625}]}, {"source": 8, "prod": 2.0, "target": 14, "value": 0.0021882246280444757, "supply": [{"l": "Demersal Fish", "v": 0.0011981901858810484}, {"l": "Fish, Seafood", "v": 0.0009900344421634275}]}, {"source": 6, "prod": 2.0, "target": 15, "value": 0.007931584986423261, "supply": [{"l": "Pulses, Other", "v": 0.007931584986423261}]}, {"source": 0, "prod": 5.0, "target": 15, "value": 0.018480880932198018, "supply": [{"l": "Rice", "v": 0.0041137274835432993}, {"l": "Sorghum", "v": 0.01436715344865472}]}, {"source": 7, "prod": 1.0, "target": 15, "value": 0.0041499144523503059, "supply": [{"l": "Sugar", "v": 0.0041499144523503059}]}, {"source": 1, "prod": 46.0, "target": 8, "value": 0.04531672053240355, "supply": [{"l": "Freshwater Fish", "v": 0.0081792228488439308}, {"l": "Pelagic Fish", "v": 0.0071775643985144931}, {"l": "Demersal Fish", "v": 0.0071891411152862905}, {"l": "Fish, Seafood", "v": 0.022770792169758837}]}, {"source": 1, "prod": 258.0, "target": 4, "value": 0.25913305971692491, "supply": [{"l": "Poultry Meat", "v": 0.0020963045227407411}, {"l": "Bovine Meat", "v": 0.023430068155042026}, {"l": "Eggs", "v": 0.0015269844095503597}, {"l": "Milk - Excluding Butter", "v": 0.18631374503644454}, {"l": "Offals, Edible", "v": 0.0074142414241797948}, {"l": "Meat, Other", "v": 0.015149501829769518}, {"l": "Mutton & Goat Meat", "v": 0.02320221433919795}]}, {"source": 13, "prod": 2.0, "target": 2, "value": 0.018395072187049999, "supply": [{"l": "Fats, Animals, Raw", "v": 0.0099050388699500006}, {"l": "Butter, Ghee", "v": 0.0084900333171}]}, {"source": 13, "prod": 1.0, "target": 9, "value": 0.010426356705210527, "supply": [{"l": "Groundnut Oil", "v": 0.010426356705210527}]}, {"source": 13, "prod": 20.0, "target": 7, "value": 0.08299828904700611, "supply": [{"l": "Sugar", "v": 0.08299828904700611}]}, {"source": 16, "prod": 0, "target": 6, "value": 0.002668766277666199, "supply": "[{\"l\":'Energy for power irrigation',\"v\":0.002668766277666199}]"}, {"source": 16, "prod": 0, "target": 0, "value": 0.0066441160454398076, "supply": "[{\"l\":'Energy for power irrigation',\"v\":0.0066441160454398076}]"}, {"source": 16, "prod": 0, "target": 5, "value": 0.00013899824362844789, "supply": "[{\"l\":'Energy for power irrigation',\"v\":0.00013899824362844789}]"}, {"source": 16, "prod": 0, "target": 13, "value": 0.00012406638869652401, "supply": "[{\"l\":'Electricity',\"v\":0.00012406638869652401}]"}, {"source": 17, "prod": 0, "target": 16, "value": 0.0073139329809307849, "supply": [{"l": "Coal", "v": 0.00050973690809545886}, {"l": "Natural gas", "v": 0.00094182646734423351}, {"l": "Oil", "v": 0.0058623696054910931}]}, {"source": 18, "prod": 0, "target": 16, "value": 0.0067789973673650699, "supply": [{"l": "Nuclear", "v": 0.0}, {"l": "Hydroelectric", "v": 0.0067397331812287867}, {"l": "Renewable", "v": 3.9264186136283113e-05}]}, {"source": 17, "prod": 0, "target": 6, "value": 0.2852052289863341, "supply": [{"l": "Gas-Diesel oil", "v": 0.2852052289863341}]}, {"source": 17, "prod": 0, "target": 0, "value": 0.71004218466389424, "supply": [{"l": "Gas-Diesel oil", "v": 0.71004218466389424}]}, {"source": 17, "prod": 0, "target": 5, "value": 0.014854439009704901, "supply": [{"l": "Gas-Diesel oil", "v": 0.014854439009704901}]}, {"source": 19, "prod": 0.081589944620414648, "target": 6, "value": 0.0010842496678930022, "supply": [{"l": "Potash", "v": 3.3989560216990218e-05}, {"l": "Phosphate", "v": 0.00037276820517523828}, {"l": "Nitrogen", "v": 0.003433293141728821}]}, {"source": 19, "prod": 0.20312496629457397, "target": 0, "value": 0.00269932990235862, "supply": [{"l": "Potash", "v": 3.3989560216990218e-05}, {"l": "Phosphate", "v": 0.00037276820517523828}, {"l": "Nitrogen", "v": 0.003433293141728821}]}, {"source": 19, "prod": 0.0042494762823132633, "target": 5, "value": 5.6471336869427198e-05, "supply": [{"l": "Potash", "v": 3.3989560216990218e-05}, {"l": "Phosphate", "v": 0.00037276820517523828}, {"l": "Nitrogen", "v": 0.003433293141728821}]}, {"source": 17, "prod": 0, "target": 19, "value": 0.0045424483648750548, "supply": [{"l": "Natural gas (including LNG)", "v": 0.0031047297770178976}, {"l": "Fuel oil", "v": 0.00083081128579511141}, {"l": "Liquefied petroleum gas (LPG)", "v": 0.00030345365103102322}, {"l": "Coal", "v": 0.00030345365103102322}]}, {"source": 20, "prod": 0, "target": 0, "value": 0.10962875262921933, "supply": "[{\"l\":'Labor',\"v\":0.10962875262921933}]"}, {"source": 20, "prod": 0, "target": 5, "value": 0.0022934885487284379, "supply": "[{\"l\":'Labor',\"v\":0.0022934885487284379}]"}, {"source": 20, "prod": 0, "target": 6, "value": 0.044034980135586009, "supply": "[{\"l\":'Labor',\"v\":0.044034980135586009}]"}, {"source": 17, "prod": 0, "target": 12, "value": 0.01655426694526026, "supply": "[{\"l\":'Fossil Fuels',\"v\":0.01655426694526026}]"}, {"source": 18, "prod": 0, "target": 12, "value": 0.096109076912579999, "supply": "[{\"l\":'Renewables & Nuclear',\"v\":0.0011807049977129269},{\"l\":'Biomass & Waste',\"v\":0.094928371914867068}]"}]}