{"nodes": [{"layer": 5, "name": "Cereals", "fill": "#e7ba52"}, {"layer": 10, "name": "Feed", "fill": "#dbdb8d"}, {"layer": 13, "name": "Other Processed", "fill": "#9c9ede"}, {"layer": 16, "name": "Food", "fill": "#b5cf6b"}, {"layer": 13, "name": "Animal Products", "fill": "#17becf"}, {"layer": 5, "name": "Oilcrops", "fill": "#ff9896"}, {"layer": 5, "name": "Fruits, Roots & Vegetables", "fill": "#98df8a"}, {"layer": 13, "name": "Sugar", "fill": "#d6616b"}, {"layer": 13, "name": "Aquatic Products", "fill": "#1f77b4"}, {"layer": 13, "name": "Vegetable Oils", "fill": "#f7b6d2"}, {"name": "Waste", "fill": "#c7c7c7"}, {"layer": 2, "name": "Import", "fill": "#aec7e8"}, {"layer": 10, "name": "Processing", "fill": "#9edae5"}, {"layer": 16, "name": "Export", "fill": "#aec7e8"}, {"layer": 16, "name": "Stock Deposit", "fill": "#c7c7c7"}, {"layer": 0, "name": "Stock Draw", "fill": "#c7c7c7"}, {"name": "Crop Residue", "fill": "#bd9e39"}, {"layer": 2, "name": "Electricity", "fill": "#bcbd22"}, {"layer": 0, "name": "Fossil Fuels", "fill": "#c49c94"}, {"layer": 0, "name": "Renewables & Nuclear", "fill": "#2ca02c"}, {"layer": 2, "name": "Fertilizers", "fill": "#c5b0d5"}, {"layer": 0, "name": "Labor", "fill": "#7f7f7f"}], "links": [{"source": 0, "prod": 2.0, "target": 1, "value": 0.0072064356118103808, "supply": [{"l": "Sorghum", "v": 0.0035899089754579555}, {"l": "Millet", "v": 0.0036165266363524257}]}, {"source": 2, "prod": 4.0, "target": 3, "value": 0.026783564791817784, "supply": [{"l": "Beer", "v": 0.00051417352937863374}, {"l": "Fats, Animals, Raw", "v": 0.0097961922889615374}, {"l": "Butter, Ghee", "v": 0.016473198973477612}]}, {"source": 4, "prod": 320.0, "target": 3, "value": 0.3270445373765215, "supply": [{"l": "Milk - Excluding Butter", "v": 0.22335616257735511}, {"l": "Meat, Other", "v": 0.023442629308410453}, {"l": "Mutton & Goat Meat", "v": 0.031380793676201578}, {"l": "Eggs", "v": 0.0029894483510915499}, {"l": "Poultry Meat", "v": 0.0028779773956271186}, {"l": "Offals, Edible", "v": 0.010107182520357144}, {"l": "Bovine Meat", "v": 0.032890343547478558}]}, {"source": 0, "prod": 189.0, "target": 3, "value": 0.69694854641341963, "supply": [{"l": "Maize", "v": 0.01471197109100361}, {"l": "Rice", "v": 0.21393387917978854}, {"l": "Sorghum", "v": 0.11487708721465457}, {"l": "Wheat", "v": 0.17983233038305649}, {"l": "Millet", "v": 0.17359327854491644}]}, {"source": 5, "prod": 2.0, "target": 3, "value": 0.011886046643940003, "supply": [{"l": "Oilcrops, Other", "v": 0.011886046643940003}]}, {"source": 6, "prod": 49.0, "target": 3, "value": 0.097218298616687085, "supply": [{"l": "Dates", "v": 0.023122786750836313}, {"l": "Potatoes", "v": 0.0033425328020078738}, {"l": "Fruits, Other", "v": 0.00070165564604132225}, {"l": "Yams", "v": 0.0020707398334390242}, {"l": "Pulses, Other", "v": 0.06293769872135907}, {"l": "Tea", "v": 0.00065307948593076924}, {"l": "Vegetables, Other", "v": 0.0018606404185202924}, {"l": "Sweet potatoes", "v": 0.0020707398334390242}, {"l": "Onions", "v": 0.00045842512511339099}]}, {"source": 7, "prod": 27.0, "target": 3, "value": 0.11177267650556398, "supply": [{"l": "Sugar", "v": 0.11177267650556398}]}, {"source": 8, "prod": 18.0, "target": 3, "value": 0.015021603141033573, "supply": [{"l": "Freshwater Fish", "v": 0.0045598644414092072}, {"l": "Fish, Seafood", "v": 0.0078102521145383295}, {"l": "Pelagic Fish", "v": 0.001074687761658228}, {"l": "Demersal Fish", "v": 0.0005895856470208334}, {"l": "Marine Fish, Other", "v": 0.00098721317640697672}]}, {"source": 9, "prod": 8.0, "target": 3, "value": 0.082241879747517857, "supply": [{"l": "Groundnut Oil", "v": 0.031029563392446703}, {"l": "Oilcrops Oil, Other", "v": 0.0099050388699500006}, {"l": "Soyabean Oil", "v": 0.020898543549784616}, {"l": "Palm Oil", "v": 0.020408733935336539}]}, {"source": 6, "prod": 3.0, "target": 6, "value": 0.011800818510254824, "supply": [{"l": "Pulses, Other", "v": 0.011800818510254824}]}, {"source": 0, "prod": 2.0, "target": 0, "value": 0.0071798179509159109, "supply": [{"l": "Sorghum", "v": 0.0071798179509159109}]}, {"source": 6, "prod": 4.0, "target": 10, "value": 0.010176021687253217, "supply": [{"l": "Dates", "v": 0.0021020715228033011}, {"l": "Vegetables, Other", "v": 0.00020673782428003249}, {"l": "Pulses, Other", "v": 0.0078672123401698837}]}, {"source": 4, "prod": 12.0, "target": 10, "value": 0.010348548073082088, "supply": [{"l": "Milk - Excluding Butter", "v": 0.010348548073082088}]}, {"source": 0, "prod": 10.0, "target": 10, "value": 0.036660276293457493, "supply": [{"l": "Wheat", "v": 0.0067861256748323199}, {"l": "Rice", "v": 0.0082282261222995593}, {"l": "Sorghum", "v": 0.0071798179509159109}, {"l": "Millet", "v": 0.014466106545409703}]}, {"source": 11, "prod": 29.0, "target": 12, "value": 0.16754091088273321, "supply": [{"l": "Soyabean Oil", "v": 0.020898543549784616}, {"l": "Sugar", "v": 0.078654846429841316}, {"l": "Beer", "v": 0.00051417352937863374}, {"l": "Groundnut Oil", "v": 0.020686375594964466}, {"l": "Palm Oil", "v": 0.020408733935336539}, {"l": "Oilcrops Oil, Other", "v": 0.0099050388699500006}, {"l": "Butter, Ghee", "v": 0.016473198973477612}]}, {"source": 11, "prod": 167.0, "target": 0, "value": 0.61727775680987818, "supply": [{"l": "Wheat", "v": 0.18661845605788879}, {"l": "Millet", "v": 0.18082633181762126}, {"l": "Rice", "v": 0.21393387917978854}, {"l": "Sorghum", "v": 0.035899089754579554}]}, {"source": 11, "prod": 10.0, "target": 6, "value": 0.0044453555096701956, "supply": [{"l": "Tea", "v": 0.00065307948593076924}, {"l": "Potatoes", "v": 0.0025068996015059053}, {"l": "Vegetables, Other", "v": 0.00082695129712012996}, {"l": "Onions", "v": 0.00045842512511339099}]}, {"source": 11, "prod": 58.0, "target": 1, "value": 0.050017982353230094, "supply": [{"l": "Milk - Excluding Butter", "v": 0.050017982353230094}]}, {"source": 8, "prod": 24.0, "target": 13, "value": 0.02202713560294985, "supply": [{"l": "Marine Fish, Other", "v": 0.0039488527056279069}, {"l": "Demersal Fish", "v": 0.0017687569410625001}, {"l": "Cephalopods", "v": 0.0058958564702083346}, {"l": "Fish, Seafood", "v": 0.010413669486051108}]}, {"source": 6, "prod": 2.0, "target": 14, "value": 0.006035677692888243, "supply": [{"l": "Dates", "v": 0.0021020715228033011}, {"l": "Pulses, Other", "v": 0.0039336061700849419}]}, {"source": 0, "prod": 6.0, "target": 14, "value": 0.024160474281206854, "supply": [{"l": "Rice", "v": 0.020570565305748897}, {"l": "Sorghum", "v": 0.0035899089754579555}]}, {"source": 4, "prod": 15.0, "target": 14, "value": 0.012935685091352612, "supply": [{"l": "Milk - Excluding Butter", "v": 0.012935685091352612}]}, {"source": 15, "prod": 10.0, "target": 12, "value": 0.047600746632670221, "supply": [{"l": "Groundnut Oil", "v": 0.010343187797482233}, {"l": "Sugar", "v": 0.037257558835187991}]}, {"source": 1, "prod": 42.0, "target": 8, "value": 0.037048738743983421, "supply": [{"l": "Pelagic Fish", "v": 0.001074687761658228}, {"l": "Freshwater Fish", "v": 0.0045598644414092072}, {"l": "Marine Fish, Other", "v": 0.0049360658820348834}, {"l": "Fish, Seafood", "v": 0.018223921600589436}, {"l": "Demersal Fish", "v": 0.0023583425880833336}, {"l": "Cephalopods", "v": 0.0058958564702083346}]}, {"source": 1, "prod": 347.0, "target": 4, "value": 0.35032877054095624, "supply": [{"l": "Poultry Meat", "v": 0.0028779773956271186}, {"l": "Bovine Meat", "v": 0.032890343547478558}, {"l": "Eggs", "v": 0.0029894483510915499}, {"l": "Milk - Excluding Butter", "v": 0.24664039574178981}, {"l": "Offals, Edible", "v": 0.010107182520357144}, {"l": "Meat, Other", "v": 0.023442629308410453}, {"l": "Mutton & Goat Meat", "v": 0.031380793676201578}]}, {"source": 12, "prod": 4.0, "target": 2, "value": 0.026783564791817784, "supply": [{"l": "Fats, Animals, Raw", "v": 0.0097961922889615374}, {"l": "Beer", "v": 0.00051417352937863374}, {"l": "Butter, Ghee", "v": 0.016473198973477612}]}, {"source": 12, "prod": 8.0, "target": 9, "value": 0.082241879747517857, "supply": [{"l": "Palm Oil", "v": 0.020408733935336539}, {"l": "Oilcrops Oil, Other", "v": 0.0099050388699500006}, {"l": "Groundnut Oil", "v": 0.031029563392446703}, {"l": "Soyabean Oil", "v": 0.020898543549784616}]}, {"source": 12, "prod": 27.0, "target": 7, "value": 0.11177267650556398, "supply": [{"l": "Sugar", "v": 0.11177267650556398}]}, {"source": 6, "prod": 54.5, "target": 16, "value": 0.41953139721295096, "supply": [{"l": "Yams", "v": 0.0034866666599999998}, {"l": "Vegetables, Other", "v": 0.029636666610000004}, {"l": "Potatoes", "v": 0.0052299999900000003}, {"l": "Pulses, Other", "v": 0.076706666520000008}, {"l": "Sweet potatoes", "v": 0.0034866666599999998}, {"l": "Onions", "v": 0.0006516270643393534}]}, {"source": 0, "prod": 252.0, "target": 16, "value": 0.90060617032601797, "supply": [{"l": "Maize", "v": 0.03137999994}, {"l": "Rice", "v": 0.23011999956000001}, {"l": "Wheat", "v": 0.19176666630000003}, {"l": "Sorghum", "v": 0.23011999956000001}, {"l": "Millet", "v": 0.19525333296000003}]}, {"source": 5, "prod": 2.0, "target": 16, "value": 0.0069028956096969709, "supply": [{"l": "Oilcrops, Other", "v": 0.0069733333200000004}]}, {"source": 17, "prod": 0, "target": 6, "value": 0.0049395786797386222, "supply": "[{\"l\":'Energy for power irrigation',\"v\":0.0049395786797386222}]"}, {"source": 17, "prod": 0, "target": 0, "value": 0.011419943369670945, "supply": "[{\"l\":'Energy for power irrigation',\"v\":0.011419943369670945}]"}, {"source": 17, "prod": 0, "target": 5, "value": 0.00018126894237572926, "supply": "[{\"l\":'Energy for power irrigation',\"v\":0.00018126894237572926}]"}, {"source": 17, "prod": 0, "target": 12, "value": 0.00090577987525470845, "supply": "[{\"l\":'Electricity',\"v\":0.00090577987525470845}]"}, {"source": 18, "prod": 0, "target": 17, "value": 0.0093100514783020279, "supply": [{"l": "Coal", "v": 0.00033956912366419028}, {"l": "Natural gas", "v": 0.0022965079461682242}, {"l": "Oil", "v": 0.0066739744084696132}]}, {"source": 19, "prod": 0, "target": 17, "value": 0.013752255084304044, "supply": [{"l": "Nuclear", "v": 0.0}, {"l": "Hydroelectric", "v": 0.013712448946570461}, {"l": "Renewable", "v": 3.9806137733582601e-05}]}, {"source": 18, "prod": 0, "target": 6, "value": 0.30164685462995267, "supply": [{"l": "Gas-Diesel oil", "v": 0.30164685462995267}]}, {"source": 18, "prod": 0, "target": 0, "value": 0.69738538868576216, "supply": [{"l": "Gas-Diesel oil", "v": 0.69738538868576216}]}, {"source": 18, "prod": 0, "target": 5, "value": 0.011069609344218447, "supply": [{"l": "Gas-Diesel oil", "v": 0.011069609344218447}]}, {"source": 20, "prod": 0.3882191780821917, "target": 6, "value": 0.003224458906689156, "supply": [{"l": "Potash", "v": 0.000512777778188}, {"l": "Phosphate", "v": 0.0029458333356899998}, {"l": "Nitrogen", "v": 0.0073388888947599996}]}, {"source": 20, "prod": 0.89753424657534242, "target": 0, "value": 0.0074547123347308937, "supply": [{"l": "Potash", "v": 0.000512777778188}, {"l": "Phosphate", "v": 0.0029458333356899998}, {"l": "Nitrogen", "v": 0.0073388888947599996}]}, {"source": 20, "prod": 0.014246575342465751, "target": 5, "value": 0.00011832876721795068, "supply": [{"l": "Potash", "v": 0.000512777778188}, {"l": "Phosphate", "v": 0.0029458333356899998}, {"l": "Nitrogen", "v": 0.0073388888947599996}]}, {"source": 18, "prod": 0, "target": 20, "value": 0.013114141017180527, "supply": [{"l": "Natural gas (including LNG)", "v": 0.008945320640808864}, {"l": "Fuel oil", "v": 0.0028715162792886206}, {"l": "Liquefied petroleum gas (LPG)", "v": 0.00064865204854152052}, {"l": "Coal", "v": 0.00064865204854152052}]}, {"source": 21, "prod": 0, "target": 0, "value": 0.17069135690031526, "supply": "[{\"l\":'Labor',\"v\":0.17069135690031526}]"}, {"source": 21, "prod": 0, "target": 5, "value": 0.0027093866174653213, "supply": "[{\"l\":'Labor',\"v\":0.0027093866174653213}]"}, {"source": 21, "prod": 0, "target": 6, "value": 0.073830785325930001, "supply": "[{\"l\":'Labor',\"v\":0.073830785325930001}]"}, {"source": 18, "prod": 0, "target": 11, "value": 0.15453569768180919, "supply": "[{\"l\":'Fossil Fuels',\"v\":0.15453569768180919}]"}, {"source": 19, "prod": 0, "target": 11, "value": 0.84866825227642595, "supply": "[{\"l\":'Renewables & Nuclear',\"v\":0.018226877800909685},{\"l\":'Biomass & Waste',\"v\":0.83044137447551625}]"}]}