{"nodes": [{"layer": 5, "name": "Cereals", "fill": "#e7ba52"}, {"layer": 10, "name": "Feed", "fill": "#dbdb8d"}, {"layer": 13, "name": "Other Processed", "fill": "#9c9ede"}, {"layer": 16, "name": "Food", "fill": "#b5cf6b"}, {"layer": 13, "name": "Animal Products", "fill": "#17becf"}, {"layer": 5, "name": "Oilcrops", "fill": "#ff9896"}, {"layer": 5, "name": "Fruits, Roots & Vegetables", "fill": "#98df8a"}, {"layer": 13, "name": "Sugar", "fill": "#d6616b"}, {"layer": 13, "name": "Aquatic Products", "fill": "#1f77b4"}, {"layer": 13, "name": "Vegetable Oils", "fill": "#f7b6d2"}, {"layer": 16, "name": "Biofuels & Other", "fill": "#e7ba52"}, {"name": "Waste", "fill": "#c7c7c7"}, {"layer": 2, "name": "Import", "fill": "#aec7e8"}, {"layer": 10, "name": "Processing", "fill": "#9edae5"}, {"layer": 16, "name": "Export", "fill": "#aec7e8"}, {"layer": 16, "name": "Stock Deposit", "fill": "#c7c7c7"}, {"layer": 2, "name": "Electricity", "fill": "#bcbd22"}, {"layer": 0, "name": "Fossil Fuels", "fill": "#c49c94"}, {"layer": 0, "name": "Renewables & Nuclear", "fill": "#2ca02c"}, {"layer": 2, "name": "Fertilizers", "fill": "#c5b0d5"}, {"layer": 0, "name": "Labor", "fill": "#7f7f7f"}], "links": [{"source": 0, "prod": 11.0, "target": 1, "value": 0.039524242917506572, "supply": [{"l": "Sorghum", "v": 0.035902502514378598}, {"l": "Millet", "v": 0.0036217404031279763}]}, {"source": 2, "prod": 3.0, "target": 3, "value": 0.019030036729358837, "supply": [{"l": "Beer", "v": 0.0006632838528984375}, {"l": "Butter, Ghee", "v": 0.0082365994867388062}, {"l": "Fats, Animals, Raw", "v": 0.010130153389721593}]}, {"source": 4, "prod": 240.0, "target": 3, "value": 0.24233558871237354, "supply": [{"l": "Milk - Excluding Butter", "v": 0.17323355139721078}, {"l": "Meat, Other", "v": 0.013082126809367926}, {"l": "Mutton & Goat Meat", "v": 0.02320571647890338}, {"l": "Eggs", "v": 0.0015380495139673913}, {"l": "Poultry Meat", "v": 0.0020963045227407411}, {"l": "Offals, Edible", "v": 0.0062861744943684674}, {"l": "Bovine Meat", "v": 0.022893665495814883}]}, {"source": 0, "prod": 114.0, "target": 3, "value": 0.41310545627706768, "supply": [{"l": "Maize", "v": 0.011090584062878378}, {"l": "Rice", "v": 0.036985418054925855}, {"l": "Sorghum", "v": 0.22618576584058517}, {"l": "Wheat", "v": 0.037434957031094937}, {"l": "Millet", "v": 0.10140873128758333}]}, {"source": 5, "prod": 2.0, "target": 3, "value": 0.011673795811012501, "supply": [{"l": "Oilcrops, Other", "v": 0.011673795811012501}]}, {"source": 6, "prod": 35.0, "target": 3, "value": 0.079283051906117188, "supply": [{"l": "Dates", "v": 0.02301600510776065}, {"l": "Potatoes", "v": 0.0017687569410625001}, {"l": "Fruits, Other", "v": 0.0012186650694401913}, {"l": "Yams", "v": 0.0023196812341803276}, {"l": "Pulses, Other", "v": 0.047450070732983837}, {"l": "Tea", "v": 0.00039673052883644857}, {"l": "Vegetables, Other", "v": 0.00079346105767289735}, {"l": "Sweet potatoes", "v": 0.0023196812341803276}]}, {"source": 7, "prod": 18.0, "target": 3, "value": 0.074707132076001534, "supply": [{"l": "Sugar", "v": 0.074707132076001534}]}, {"source": 8, "prod": 24.0, "target": 3, "value": 0.023075263532266542, "supply": [{"l": "Freshwater Fish", "v": 0.0039747346990168537}, {"l": "Fish, Seafood", "v": 0.011322135735711678}, {"l": "Pelagic Fish", "v": 0.0019859727057543863}, {"l": "Demersal Fish", "v": 0.0057924203917836259}]}, {"source": 9, "prod": 1.0, "target": 3, "value": 0.010159014225589744, "supply": [{"l": "Groundnut Oil", "v": 0.010159014225589744}]}, {"source": 8, "prod": 22.0, "target": 10, "value": 0.020311277240682386, "supply": [{"l": "Freshwater Fish", "v": 0.0039747346990168537}, {"l": "Pelagic Fish", "v": 0.0059579181172631605}, {"l": "Fish, Seafood", "v": 0.010378624424402372}]}, {"source": 6, "prod": 2.0, "target": 6, "value": 0.0079083451221639723, "supply": [{"l": "Pulses, Other", "v": 0.0079083451221639723}]}, {"source": 0, "prod": 5.0, "target": 0, "value": 0.017982741408879416, "supply": [{"l": "Sorghum", "v": 0.014361001005751439}, {"l": "Millet", "v": 0.0036217404031279763}]}, {"source": 6, "prod": 4.0, "target": 11, "value": 0.012093073323574999, "supply": [{"l": "Dates", "v": 0.0041847282014110272}, {"l": "Pulses, Other", "v": 0.0079083451221639723}]}, {"source": 4, "prod": 11.0, "target": 11, "value": 0.0095278453268465915, "supply": [{"l": "Milk - Excluding Butter", "v": 0.0095278453268465915}]}, {"source": 0, "prod": 8.0, "target": 11, "value": 0.028784982314883113, "supply": [{"l": "Sorghum", "v": 0.021541501508627162}, {"l": "Millet", "v": 0.0072434808062559527}]}, {"source": 12, "prod": 20.0, "target": 13, "value": 0.085529430154489716, "supply": [{"l": "Beer", "v": 0.0006632838528984375}, {"l": "Groundnut Oil", "v": 0.010159014225589744}, {"l": "Sugar", "v": 0.074707132076001534}]}, {"source": 12, "prod": 46.0, "target": 0, "value": 0.16907337605921194, "supply": [{"l": "Wheat", "v": 0.037434957031094937}, {"l": "Millet", "v": 0.090543510078199413}, {"l": "Rice", "v": 0.041094908949917609}]}, {"source": 12, "prod": 1.0, "target": 1, "value": 0.00086616775698605385, "supply": [{"l": "Milk - Excluding Butter", "v": 0.00086616775698605385}]}, {"source": 12, "prod": 1.0, "target": 6, "value": 0.00039673052883644857, "supply": [{"l": "Tea", "v": 0.00039673052883644857}]}, {"source": 6, "prod": 5.0, "target": 14, "value": 0.010461820503527569, "supply": [{"l": "Dates", "v": 0.010461820503527569}]}, {"source": 8, "prod": 2.0, "target": 14, "value": 0.0021019953896660318, "supply": [{"l": "Demersal Fish", "v": 0.0011584840783567252}, {"l": "Fish, Seafood", "v": 0.00094351131130930642}]}, {"source": 0, "prod": 1.0, "target": 15, "value": 0.0041094908949917608, "supply": [{"l": "Rice", "v": 0.0041094908949917608}]}, {"source": 1, "prod": 48.0, "target": 8, "value": 0.045488536162614959, "supply": [{"l": "Freshwater Fish", "v": 0.0079494693980337074}, {"l": "Pelagic Fish", "v": 0.0079438908230175468}, {"l": "Demersal Fish", "v": 0.0069509044701403511}, {"l": "Fish, Seafood", "v": 0.022644271471423356}]}, {"source": 1, "prod": 251.0, "target": 4, "value": 0.25186343403922012, "supply": [{"l": "Poultry Meat", "v": 0.0020963045227407411}, {"l": "Bovine Meat", "v": 0.022893665495814883}, {"l": "Eggs", "v": 0.0015380495139673913}, {"l": "Milk - Excluding Butter", "v": 0.18276139672405736}, {"l": "Offals, Edible", "v": 0.0062861744943684674}, {"l": "Meat, Other", "v": 0.013082126809367926}, {"l": "Mutton & Goat Meat", "v": 0.02320571647890338}]}, {"source": 13, "prod": 3.0, "target": 2, "value": 0.019030036729358837, "supply": [{"l": "Fats, Animals, Raw", "v": 0.010130153389721593}, {"l": "Beer", "v": 0.0006632838528984375}, {"l": "Butter, Ghee", "v": 0.0082365994867388062}]}, {"source": 13, "prod": 1.0, "target": 9, "value": 0.010159014225589744, "supply": [{"l": "Groundnut Oil", "v": 0.010159014225589744}]}, {"source": 13, "prod": 18.0, "target": 7, "value": 0.074707132076001534, "supply": [{"l": "Sugar", "v": 0.074707132076001534}]}, {"source": 16, "prod": 0, "target": 6, "value": 0.0026143499439903813, "supply": "[{\"l\":'Energy for power irrigation',\"v\":0.0026143499439903813}]"}, {"source": 16, "prod": 0, "target": 0, "value": 0.006693885021425921, "supply": "[{\"l\":'Energy for power irrigation',\"v\":0.006693885021425921}]"}, {"source": 16, "prod": 0, "target": 5, "value": 0.00014364560131815282, "supply": "[{\"l\":'Energy for power irrigation',\"v\":0.00014364560131815282}]"}, {"source": 16, "prod": 0, "target": 13, "value": 9.2947270045530591e-05, "supply": "[{\"l\":'Electricity',\"v\":9.2947270045530591e-05}]"}, {"source": 17, "prod": 0, "target": 16, "value": 0.0072981884070894478, "supply": [{"l": "Coal", "v": 0.00050808040734439568}, {"l": "Natural gas", "v": 0.00094678943705717698}, {"l": "Oil", "v": 0.0058433185626878756}]}, {"source": 18, "prod": 0, "target": 16, "value": 0.0067569675436419804, "supply": [{"l": "Nuclear", "v": 0.0}, {"l": "Hydroelectric", "v": 0.0067178309550031349}, {"l": "Renewable", "v": 3.9136588638845362e-05}]}, {"source": 17, "prod": 0, "target": 6, "value": 0.27938987413998156, "supply": [{"l": "Gas-Diesel oil", "v": 0.27938987413998156}]}, {"source": 17, "prod": 0, "target": 0, "value": 0.71536088653423835, "supply": [{"l": "Gas-Diesel oil", "v": 0.71536088653423835}]}, {"source": 17, "prod": 0, "target": 5, "value": 0.015351091985713272, "supply": [{"l": "Gas-Diesel oil", "v": 0.015351091985713272}]}, {"source": 19, "prod": 0.059878693287601238, "target": 6, "value": 0.00079572861108063628, "supply": [{"l": "Potash", "v": 2.5464083104289833e-05}, {"l": "Phosphate", "v": 0.00027926811922898633}, {"l": "Nitrogen", "v": 0.0025721327761890241}]}, {"source": 19, "prod": 0.15331577512100097, "target": 0, "value": 0.0020374150151844859, "supply": [{"l": "Potash", "v": 2.5464083104289833e-05}, {"l": "Phosphate", "v": 0.00027926811922898633}, {"l": "Nitrogen", "v": 0.0025721327761890241}]}, {"source": 19, "prod": 0.0032900380927253429, "target": 5, "value": 4.3721352257177817e-05, "supply": [{"l": "Potash", "v": 2.5464083104289833e-05}, {"l": "Phosphate", "v": 0.00027926811922898633}, {"l": "Nitrogen", "v": 0.0025721327761890241}]}, {"source": 17, "prod": 0, "target": 19, "value": 0.0034030826501339896, "supply": [{"l": "Natural gas (including LNG)", "v": 0.0023259817589174944}, {"l": "Fuel oil", "v": 0.00062242192868660674}, {"l": "Liquefied petroleum gas (LPG)", "v": 0.00022733948126494431}, {"l": "Coal", "v": 0.00022733948126494431}]}, {"source": 20, "prod": 0, "target": 0, "value": 0.10803771520098872, "supply": "[{\"l\":'Labor',\"v\":0.10803771520098872}]"}, {"source": 20, "prod": 0, "target": 5, "value": 0.0023184059056006166, "supply": "[{\"l\":'Labor',\"v\":0.0023184059056006166}]"}, {"source": 20, "prod": 0, "target": 6, "value": 0.04219498748193122, "supply": "[{\"l\":'Labor',\"v\":0.04219498748193122}]"}, {"source": 17, "prod": 0, "target": 12, "value": 0.015473740160966566, "supply": "[{\"l\":'Fossil Fuels',\"v\":0.015473740160966566}]"}, {"source": 18, "prod": 0, "target": 12, "value": 0.089835864564296666, "supply": "[{\"l\":'Renewables & Nuclear',\"v\":0.0011036382584488536},{\"l\":'Biomass & Waste',\"v\":0.088732226305847817}]"}]}