{"nodes": [{"name": "Balance", "fill": "#9edae5"}, {"name": "Food", "fill": "#b5cf6b"}, {"name": "Stock Deposit", "fill": "#c7c7c7"}, {"name": "Export", "fill": "#aec7e8"}, {"name": "Biofuels & Other", "fill": "#e7ba52"}, {"name": "Crop Residue", "fill": "#bd9e39"}, {"name": "Renewables & Nuclear", "fill": "#2ca02c"}, {"name": "Fossil Fuels", "fill": "#c49c94"}, {"name": "Stock Draw", "fill": "#c7c7c7"}, {"name": "Labor", "fill": "#7f7f7f"}], "links": [{"source": 0, "target": 1, "value": 1.1033917864742251}, {"source": 0, "target": 2, "value": 0.022215199522625923}, {"source": 0, "target": 3, "value": 0.03164867529574375}, {"source": 0, "target": 4, "value": 0.028897962814627278}, {"source": 0, "target": 5, "value": 1.1692140379238154}, {"source": 6, "target": 0, "value": 0.52648031022161834}, {"source": 7, "target": 0, "value": 1.1174045056752007}, {"source": 8, "target": 0, "value": 0.091986019777942601}, {"source": 9, "target": 0, "value": 0.19403804482217513}]}