{"nodes": [{"layer": 3, "name": "Oilcrops", "fill": "#ff9896"}, {"layer": 5, "name": "Production", "fill": "#b5cf6b"}, {"layer": 3, "name": "Sugar Crops", "fill": "#ffbb78"}, {"layer": 3, "name": "Starchy Roots"}, {"layer": 3, "name": "Pulses"}, {"layer": 3, "name": "Fruits - Excluding Wine"}, {"layer": 3, "name": "Cereals - Excluding Beer"}, {"layer": 3, "name": "Stimulants"}, {"layer": 3, "name": "Vegetables"}, {"layer": 1, "name": "Electricity", "fill": "#bcbd22"}, {"layer": 0, "name": "Fossil Fuels", "fill": "#c49c94"}, {"layer": 1, "name": "Fertilizers", "fill": "#c5b0d5"}, {"layer": 0, "name": "Labor", "fill": "#7f7f7f"}], "links": [{"source": 0, "prod": 16.0, "target": 1, "value": 0.11014097276237839, "supply": [{"l": "Cottonseed", "v": 0.068838107976486498}, {"l": "Sesame seed", "v": 0.041302864785891895}]}, {"source": 2, "prod": 5.0, "target": 1, "value": 0.0022109461763281254, "supply": [{"l": "Sugar cane", "v": 0.0022109461763281254}]}, {"source": 3, "prod": 20.0, "target": 1, "value": 0.018192928536642856, "supply": [{"l": "Potatoes", "v": 0.018192928536642856}]}, {"source": 4, "prod": 30.0, "target": 1, "value": 0.11878257622548166, "supply": [{"l": "Pulses, Other", "v": 0.11878257622548166}]}, {"source": 5, "prod": 96.0, "target": 1, "value": 0.10424496136688713, "supply": [{"l": "Dates", "v": 0.069714079098396151}, {"l": "Fruits, Other", "v": 0.013899006156220164}, {"l": "Bananas", "v": 0.0068838107976486483}, {"l": "Grapes", "v": 0.013748065314622162}]}, {"source": 6, "prod": 938.0, "target": 1, "value": 3.4002131600538306, "supply": [{"l": "Maize", "v": 0.045653952742896228}, {"l": "Barley", "v": 0.54534314006839013}, {"l": "Sorghum", "v": 2.5119789955324392}, {"l": "Wheat", "v": 0.11546445311255998}, {"l": "Millet", "v": 0.18177261859754468}]}, {"source": 7, "prod": 6.0, "target": 1, "value": 0.0023154636319363637, "supply": [{"l": "Coffee", "v": 0.0023154636319363637}]}, {"source": 8, "prod": 93.0, "target": 1, "value": 0.022754267968020176, "supply": [{"l": "Vegetables, Other", "v": 0.022754267968020176}]}, {"source": 9, "prod": 0, "target": 0, "value": 1.1329592346869631e-06, "supply": "[{\"l\":'Energy for power irrigation',\"v\":1.1329592346869631e-06}]"}, {"source": 9, "prod": 0, "target": 8, "value": 6.1179798673096012e-06, "supply": "[{\"l\":'Energy for power irrigation',\"v\":6.1179798673096012e-06}]"}, {"source": 9, "prod": 0, "target": 2, "value": 3.2370263848198949e-07, "supply": "[{\"l\":'Energy for power irrigation',\"v\":3.2370263848198949e-07}]"}, {"source": 9, "prod": 0, "target": 3, "value": 1.5214024008653506e-06, "supply": "[{\"l\":'Energy for power irrigation',\"v\":1.5214024008653506e-06}]"}, {"source": 9, "prod": 0, "target": 4, "value": 2.1364374139811306e-06, "supply": "[{\"l\":'Energy for power irrigation',\"v\":2.1364374139811306e-06}]"}, {"source": 9, "prod": 0, "target": 5, "value": 6.6682743527289831e-06, "supply": "[{\"l\":'Energy for power irrigation',\"v\":6.6682743527289831e-06}]"}, {"source": 9, "prod": 0, "target": 6, "value": 6.367230898940734e-05, "supply": "[{\"l\":'Energy for power irrigation',\"v\":6.367230898940734e-05}]"}, {"source": 9, "prod": 0, "target": 7, "value": 5.5029448541938216e-07, "supply": "[{\"l\":'Energy for power irrigation',\"v\":5.5029448541938216e-07}]"}, {"source": 10, "prod": 0, "target": 9, "value": 0.00021645484325861456, "supply": [{"l": "Coal", "v": 0.0}, {"l": "Natural gas", "v": 0.0}, {"l": "Oil", "v": 0.00021645484325861456}]}, {"source": 10, "prod": 0, "target": 0, "value": 0.060380318383168041, "supply": [{"l": "Gas-Diesel oil", "v": 0.060380318383168041}]}, {"source": 10, "prod": 0, "target": 8, "value": 0.32605371926910742, "supply": [{"l": "Gas-Diesel oil", "v": 0.32605371926910742}]}, {"source": 10, "prod": 0, "target": 2, "value": 0.017251519538048012, "supply": [{"l": "Gas-Diesel oil", "v": 0.017251519538048012}]}, {"source": 10, "prod": 0, "target": 3, "value": 0.081082141828825657, "supply": [{"l": "Gas-Diesel oil", "v": 0.081082141828825657}]}, {"source": 10, "prod": 0, "target": 4, "value": 0.11386002895111688, "supply": [{"l": "Gas-Diesel oil", "v": 0.11386002895111688}]}, {"source": 10, "prod": 0, "target": 5, "value": 0.35538130248378902, "supply": [{"l": "Gas-Diesel oil", "v": 0.35538130248378902}]}, {"source": 10, "prod": 0, "target": 6, "value": 3.393373893134044, "supply": [{"l": "Gas-Diesel oil", "v": 3.393373893134044}]}, {"source": 10, "prod": 0, "target": 7, "value": 0.029327583214681621, "supply": [{"l": "Gas-Diesel oil", "v": 0.029327583214681621}]}, {"source": 11, "prod": 0.001040541232155248, "target": 0, "value": 6.1063014206466825e-06, "supply": [{"l": "Potash", "v": 8.0774676743270468e-05}, {"l": "Phosphate", "v": 0.0001325824867454548}, {"l": "Nitrogen", "v": 0.00022996031965022388}]}, {"source": 11, "prod": 0.0056189226536383389, "target": 8, "value": 3.2974027671492084e-05, "supply": [{"l": "Potash", "v": 8.0774676743270468e-05}, {"l": "Phosphate", "v": 0.0001325824867454548}, {"l": "Nitrogen", "v": 0.00022996031965022388}]}, {"source": 11, "prod": 0.00029729749490149942, "target": 2, "value": 1.744657548756195e-06, "supply": [{"l": "Potash", "v": 8.0774676743270468e-05}, {"l": "Phosphate", "v": 0.0001325824867454548}, {"l": "Nitrogen", "v": 0.00022996031965022388}]}, {"source": 11, "prod": 0.0013972982260370473, "target": 3, "value": 8.1998904791541159e-06, "supply": [{"l": "Potash", "v": 8.0774676743270468e-05}, {"l": "Phosphate", "v": 0.0001325824867454548}, {"l": "Nitrogen", "v": 0.00022996031965022388}]}, {"source": 11, "prod": 0.001962163466349896, "target": 4, "value": 1.1514739821790888e-05, "supply": [{"l": "Potash", "v": 8.0774676743270468e-05}, {"l": "Phosphate", "v": 0.0001325824867454548}, {"l": "Nitrogen", "v": 0.00022996031965022388}]}, {"source": 11, "prod": 0.0061243283949708877, "target": 5, "value": 3.5939945504377614e-05, "supply": [{"l": "Potash", "v": 8.0774676743270468e-05}, {"l": "Phosphate", "v": 0.0001325824867454548}, {"l": "Nitrogen", "v": 0.00022996031965022388}]}, {"source": 11, "prod": 0.058478417247124936, "target": 6, "value": 0.00034317413984034359, "supply": [{"l": "Potash", "v": 8.0774676743270468e-05}, {"l": "Phosphate", "v": 0.0001325824867454548}, {"l": "Nitrogen", "v": 0.00022996031965022388}]}, {"source": 11, "prod": 0.00050540574133254906, "target": 7, "value": 2.9659178328855316e-06, "supply": [{"l": "Potash", "v": 8.0774676743270468e-05}, {"l": "Phosphate", "v": 0.0001325824867454548}, {"l": "Nitrogen", "v": 0.00022996031965022388}]}, {"source": 10, "prod": 0, "target": 11, "value": 0.00060019157630072603, "supply": [{"l": "Natural gas (including LNG)", "v": 0.00038629869449448756}, {"l": "Fuel oil", "v": 0.00017324252326739081}, {"l": "Liquefied petroleum gas (LPG)", "v": 2.0325179269423815e-05}, {"l": "Coal", "v": 2.0325179269423815e-05}]}, {"source": 12, "prod": 0, "target": 0, "value": 0.0046522110650303559, "supply": "[{\"l\":'Labor',\"v\":0.0046522110650303559}]"}, {"source": 12, "prod": 0, "target": 8, "value": 0.025121939751163922, "supply": "[{\"l\":'Labor',\"v\":0.025121939751163922}]"}, {"source": 12, "prod": 0, "target": 2, "value": 0.0013292031614372446, "supply": "[{\"l\":'Labor',\"v\":0.0013292031614372446}]"}, {"source": 12, "prod": 0, "target": 3, "value": 0.0062472548587550495, "supply": "[{\"l\":'Labor',\"v\":0.0062472548587550495}]"}, {"source": 12, "prod": 0, "target": 4, "value": 0.0087727408654858143, "supply": "[{\"l\":'Labor',\"v\":0.0087727408654858143}]"}, {"source": 12, "prod": 0, "target": 5, "value": 0.027381585125607233, "supply": "[{\"l\":'Labor',\"v\":0.027381585125607233}]"}, {"source": 12, "prod": 0, "target": 6, "value": 0.26145426185470599, "supply": "[{\"l\":'Labor',\"v\":0.26145426185470599}]"}, {"source": 12, "prod": 0, "target": 7, "value": 0.0022596453744433156, "supply": "[{\"l\":'Labor',\"v\":0.0022596453744433156}]"}]}