{"nodes": [{"layer": 5, "name": "Cereals, Other"}, {"layer": 10, "name": "Feed", "fill": "#dbdb8d"}, {"layer": 5, "name": "Sorghum"}, {"layer": 5, "name": "Barley"}, {"layer": 5, "name": "Maize"}, {"layer": 16, "name": "Food", "fill": "#b5cf6b"}, {"layer": 5, "name": "Fruits, Other"}, {"layer": 13, "name": "Sugar", "fill": "#d6616b"}, {"layer": 13, "name": "Beer"}, {"layer": 13, "name": "Honey"}, {"layer": 5, "name": "Rice"}, {"layer": 13, "name": "Oilcrops Oil, Other"}, {"layer": 13, "name": "Fats, Animals, Raw"}, {"layer": 5, "name": "Coffee"}, {"layer": 5, "name": "Wheat"}, {"layer": 13, "name": "Crustaceans"}, {"layer": 13, "name": "Eggs"}, {"layer": 5, "name": "Vegetables, Other"}, {"layer": 5, "name": "Sesame seed"}, {"layer": 13, "name": "Butter, Ghee"}, {"layer": 5, "name": "Grapes"}, {"layer": 13, "name": "Mutton & Goat Meat"}, {"layer": 5, "name": "Dates"}, {"layer": 5, "name": "Potatoes"}, {"layer": 13, "name": "Coconut Oil"}, {"layer": 13, "name": "Milk - Excluding Butter"}, {"layer": 13, "name": "Sesameseed Oil"}, {"layer": 5, "name": "Pulses, Other"}, {"layer": 13, "name": "Fish, Seafood"}, {"layer": 13, "name": "Meat, Other"}, {"layer": 13, "name": "Cephalopods"}, {"layer": 5, "name": "Sugar cane"}, {"layer": 13, "name": "Pelagic Fish"}, {"layer": 5, "name": "Bananas"}, {"layer": 5, "name": "Spices, Other"}, {"layer": 5, "name": "Tea"}, {"layer": 5, "name": "Millet"}, {"layer": 13, "name": "Poultry Meat"}, {"layer": 13, "name": "Offals, Edible"}, {"layer": 13, "name": "Demersal Fish"}, {"layer": 13, "name": "Bovine Meat"}, {"layer": 13, "name": "Cottonseed Oil"}, {"layer": 5, "name": "Cottonseed"}, {"layer": 10, "name": "Processing", "fill": "#9edae5"}, {"name": "Seed", "fill": "#dbdb8d"}, {"name": "Waste", "fill": "#c7c7c7"}, {"layer": 0, "name": "Import", "fill": "#aec7e8"}, {"layer": 16, "name": "Export", "fill": "#aec7e8"}, {"layer": 0, "name": "Stock Draw", "fill": "#c7c7c7"}, {"layer": 0, "name": "Production", "fill": "#b5cf6b"}], "links": [{"source": 0, "prod": 0.026123179437230769, "target": 1, "value": 8.0, "supply": [{"l": "Cereals, Other", "v": 8.0}]}, {"source": 2, "prod": 0.11844753590393439, "target": 1, "value": 33.0, "supply": [{"l": "Sorghum", "v": 33.0}]}, {"source": 3, "prod": 0.19295530266136363, "target": 1, "value": 50.0, "supply": [{"l": "Barley", "v": 50.0}]}, {"source": 4, "prod": 0.076684171896387113, "target": 5, "value": 20.0, "supply": [{"l": "Maize", "v": 20.0}]}, {"source": 6, "prod": 0.021392209932850393, "target": 5, "value": 40.0, "supply": [{"l": "Fruits, Other", "v": 40.0}]}, {"source": 7, "prod": 0.36848807935261763, "target": 5, "value": 88.0, "supply": [{"l": "Sugar", "v": 88.0}]}, {"source": 8, "prod": 0.018636658500951218, "target": 5, "value": 36.0, "supply": [{"l": "Beer", "v": 36.0}]}, {"source": 3, "prod": 0.17365977239522731, "target": 5, "value": 45.0, "supply": [{"l": "Barley", "v": 45.0}]}, {"source": 9, "prod": 0.0047166851761666672, "target": 5, "value": 1.0, "supply": [{"l": "Honey", "v": 1.0}]}, {"source": 10, "prod": 0.11251354832855825, "target": 5, "value": 26.0, "supply": [{"l": "Rice", "v": 26.0}]}, {"source": 11, "prod": 0.04994137245352942, "target": 5, "value": 5.0, "supply": [{"l": "Oilcrops Oil, Other", "v": 5.0}]}, {"source": 12, "prod": 0.019102574963475002, "target": 5, "value": 2.0, "supply": [{"l": "Fats, Animals, Raw", "v": 2.0}]}, {"source": 13, "prod": 0.002497068622676471, "target": 5, "value": 4.0, "supply": [{"l": "Coffee", "v": 4.0}]}, {"source": 14, "prod": 0.84857637504331163, "target": 5, "value": 250.0, "supply": [{"l": "Wheat", "v": 250.0}]}, {"source": 15, "prod": 0.0006335845759029851, "target": 5, "value": 1.0, "supply": [{"l": "Crustaceans", "v": 1.0}]}, {"source": 16, "prod": 0.0054191702024042557, "target": 5, "value": 3.0, "supply": [{"l": "Eggs", "v": 3.0}]}, {"source": 17, "prod": 0.048063293110670965, "target": 5, "value": 186.0, "supply": [{"l": "Vegetables, Other", "v": 186.0}]}, {"source": 18, "prod": 0.034927352253892409, "target": 5, "value": 5.0, "supply": [{"l": "Sesame seed", "v": 5.0}]}, {"source": 19, "prod": 0.069427842546378515, "target": 5, "value": 7.0, "supply": [{"l": "Butter, Ghee", "v": 7.0}]}, {"source": 20, "prod": 0.02653135411593751, "target": 5, "value": 33.0, "supply": [{"l": "Grapes", "v": 33.0}]}, {"source": 21, "prod": 0.058210797540008137, "target": 5, "value": 23.0, "supply": [{"l": "Mutton & Goat Meat", "v": 23.0}]}, {"source": 22, "prod": 0.063335950145328598, "target": 5, "value": 35.0, "supply": [{"l": "Dates", "v": 35.0}]}, {"source": 23, "prod": 0.04260995391267252, "target": 5, "value": 50.0, "supply": [{"l": "Potatoes", "v": 50.0}]}, {"source": 24, "prod": 0.0084900333171, "target": 5, "value": 1.0, "supply": [{"l": "Coconut Oil", "v": 1.0}]}, {"source": 25, "prod": 0.071857354525817888, "target": 5, "value": 121.0, "supply": [{"l": "Milk - Excluding Butter", "v": 121.0}]}, {"source": 26, "prod": 0.040549412857791046, "target": 5, "value": 4.0, "supply": [{"l": "Sesameseed Oil", "v": 4.0}]}, {"source": 27, "prod": 0.24896449051495945, "target": 5, "value": 63.0, "supply": [{"l": "Pulses, Other", "v": 63.0}]}, {"source": 28, "prod": 0.013305276093962688, "target": 5, "value": 21.0, "supply": [{"l": "Fish, Seafood", "v": 21.0}]}, {"source": 29, "prod": 0.0028300111056999999, "target": 5, "value": 2.0, "supply": [{"l": "Meat, Other", "v": 2.0}]}, {"source": 2, "prod": 2.1105197306519221, "target": 5, "value": 588.0, "supply": [{"l": "Sorghum", "v": 588.0}]}, {"source": 30, "prod": 0.0029789590586315794, "target": 5, "value": 4.0, "supply": [{"l": "Cephalopods", "v": 4.0}]}, {"source": 31, "prod": 0.0010701722668613445, "target": 5, "value": 3.0, "supply": [{"l": "Sugar cane", "v": 3.0}]}, {"source": 32, "prod": 0.010904629948568809, "target": 5, "value": 14.0, "supply": [{"l": "Pelagic Fish", "v": 14.0}]}, {"source": 33, "prod": 0.0076717168528012058, "target": 5, "value": 10.0, "supply": [{"l": "Bananas", "v": 10.0}]}, {"source": 34, "prod": 0.00424501665855, "target": 5, "value": 1.0, "supply": [{"l": "Spices, Other", "v": 1.0}]}, {"source": 35, "prod": 0.0025343383036119404, "target": 5, "value": 4.0, "supply": [{"l": "Tea", "v": 4.0}]}, {"source": 36, "prod": 0.23925363265532751, "target": 5, "value": 67.0, "supply": [{"l": "Millet", "v": 67.0}]}, {"source": 37, "prod": 0.0033960133268400002, "target": 5, "value": 2.0, "supply": [{"l": "Poultry Meat", "v": 2.0}]}, {"source": 38, "prod": 0.010530273881674419, "target": 5, "value": 8.0, "supply": [{"l": "Offals, Edible", "v": 8.0}]}, {"source": 39, "prod": 0.0025989897909489794, "target": 5, "value": 3.0, "supply": [{"l": "Demersal Fish", "v": 3.0}]}, {"source": 40, "prod": 0.053654485647100382, "target": 5, "value": 17.0, "supply": [{"l": "Bovine Meat", "v": 17.0}]}, {"source": 41, "prod": 0.031061097501585363, "target": 5, "value": 3.0, "supply": [{"l": "Cottonseed Oil", "v": 3.0}]}, {"source": 42, "prod": 0.097796586310898756, "target": 43, "value": 14.0, "supply": [{"l": "Cottonseed", "v": 14.0}]}, {"source": 3, "prod": 0.027013742372590913, "target": 43, "value": 7.0, "supply": [{"l": "Barley", "v": 7.0}]}, {"source": 18, "prod": 0.06286923405700634, "target": 43, "value": 9.0, "supply": [{"l": "Sesame seed", "v": 9.0}]}, {"source": 4, "prod": 0.0038342085948193556, "target": 44, "value": 1.0, "supply": [{"l": "Maize", "v": 1.0}]}, {"source": 14, "prod": 0.016971527500866231, "target": 44, "value": 5.0, "supply": [{"l": "Wheat", "v": 5.0}]}, {"source": 42, "prod": 0.013970940901556962, "target": 44, "value": 2.0, "supply": [{"l": "Cottonseed", "v": 2.0}]}, {"source": 23, "prod": 0.0051131944695207024, "target": 44, "value": 6.0, "supply": [{"l": "Potatoes", "v": 6.0}]}, {"source": 36, "prod": 0.0035709497411242908, "target": 44, "value": 1.0, "supply": [{"l": "Millet", "v": 1.0}]}, {"source": 3, "prod": 0.027013742372590913, "target": 44, "value": 7.0, "supply": [{"l": "Barley", "v": 7.0}]}, {"source": 2, "prod": 0.078965023935956266, "target": 44, "value": 22.0, "supply": [{"l": "Sorghum", "v": 22.0}]}, {"source": 4, "prod": 0.0038342085948193556, "target": 45, "value": 1.0, "supply": [{"l": "Maize", "v": 1.0}]}, {"source": 22, "prod": 0.0018095985755808173, "target": 45, "value": 1.0, "supply": [{"l": "Dates", "v": 1.0}]}, {"source": 14, "prod": 0.016971527500866231, "target": 45, "value": 5.0, "supply": [{"l": "Wheat", "v": 5.0}]}, {"source": 23, "prod": 0.0017043981565069007, "target": 45, "value": 2.0, "supply": [{"l": "Potatoes", "v": 2.0}]}, {"source": 17, "prod": 0.0025840480167027397, "target": 45, "value": 10.0, "supply": [{"l": "Vegetables, Other", "v": 10.0}]}, {"source": 6, "prod": 0.00106961049664252, "target": 45, "value": 2.0, "supply": [{"l": "Fruits, Other", "v": 2.0}]}, {"source": 18, "prod": 0.0069854704507784811, "target": 45, "value": 1.0, "supply": [{"l": "Sesame seed", "v": 1.0}]}, {"source": 36, "prod": 0.010712849223372874, "target": 45, "value": 3.0, "supply": [{"l": "Millet", "v": 3.0}]}, {"source": 25, "prod": 0.0029693121704883422, "target": 45, "value": 5.0, "supply": [{"l": "Milk - Excluding Butter", "v": 5.0}]}, {"source": 3, "prod": 0.011577318159681819, "target": 45, "value": 3.0, "supply": [{"l": "Barley", "v": 3.0}]}, {"source": 20, "prod": 0.0016079608555113639, "target": 45, "value": 2.0, "supply": [{"l": "Grapes", "v": 2.0}]}, {"source": 10, "prod": 0.0043274441664830094, "target": 45, "value": 1.0, "supply": [{"l": "Rice", "v": 1.0}]}, {"source": 2, "prod": 0.071786385396323885, "target": 45, "value": 20.0, "supply": [{"l": "Sorghum", "v": 20.0}]}, {"source": 46, "prod": 0.026123179437230769, "target": 0, "value": 8.0, "supply": [{"l": "Cereals, Other", "v": 8.0}]}, {"source": 46, "prod": 0.11251354832855825, "target": 10, "value": 26.0, "supply": [{"l": "Rice", "v": 26.0}]}, {"source": 46, "prod": 0.70940984953620845, "target": 14, "value": 209.0, "supply": [{"l": "Wheat", "v": 209.0}]}, {"source": 46, "prod": 0.028521904309524154, "target": 1, "value": 45.0, "supply": [{"l": "Pelagic Fish", "v": 8.0}, {"l": "Milk - Excluding Butter", "v": 29.0}, {"l": "Fish, Seafood", "v": 8.0}]}, {"source": 46, "prod": 0.00424501665855, "target": 34, "value": 1.0, "supply": [{"l": "Spices, Other", "v": 1.0}]}, {"source": 46, "prod": 0.018095985755808171, "target": 22, "value": 10.0, "supply": [{"l": "Dates", "v": 10.0}]}, {"source": 46, "prod": 0.41421801811469389, "target": 43, "value": 85.0, "supply": [{"l": "Coconut Oil", "v": 1.0}, {"l": "Sugar", "v": 73.0}, {"l": "Beer", "v": 1.0}, {"l": "Oilcrops Oil, Other", "v": 5.0}, {"l": "Butter, Ghee", "v": 5.0}]}, {"source": 46, "prod": 0.0035893192698161942, "target": 2, "value": 1.0, "supply": [{"l": "Sorghum", "v": 1.0}]}, {"source": 46, "prod": 0.0025343383036119404, "target": 35, "value": 4.0, "supply": [{"l": "Tea", "v": 4.0}]}, {"source": 46, "prod": 0.0012485343113382355, "target": 13, "value": 2.0, "supply": [{"l": "Coffee", "v": 2.0}]}, {"source": 46, "prod": 0.015336834379277423, "target": 4, "value": 4.0, "supply": [{"l": "Maize", "v": 4.0}]}, {"source": 46, "prod": 0.00213922099328504, "target": 6, "value": 4.0, "supply": [{"l": "Fruits, Other", "v": 4.0}]}, {"source": 46, "prod": 0.048898293155449378, "target": 18, "value": 7.0, "supply": [{"l": "Sesame seed", "v": 7.0}]}, {"source": 46, "prod": 0.0015504288100216435, "target": 17, "value": 6.0, "supply": [{"l": "Vegetables, Other", "v": 6.0}]}, {"source": 46, "prod": 0.011855451929283785, "target": 27, "value": 3.0, "supply": [{"l": "Pulses, Other", "v": 3.0}]}, {"source": 22, "prod": 0.0018095985755808173, "target": 47, "value": 1.0, "supply": [{"l": "Dates", "v": 1.0}]}, {"source": 32, "prod": 0.013241336366119268, "target": 47, "value": 17.0, "supply": [{"l": "Pelagic Fish", "v": 17.0}]}, {"source": 42, "prod": 0.013970940901556962, "target": 47, "value": 2.0, "supply": [{"l": "Cottonseed", "v": 2.0}]}, {"source": 23, "prod": 0.00085219907825345037, "target": 47, "value": 1.0, "supply": [{"l": "Potatoes", "v": 1.0}]}, {"source": 13, "prod": 0.0012485343113382355, "target": 47, "value": 2.0, "supply": [{"l": "Coffee", "v": 2.0}]}, {"source": 7, "prod": 0.0041873645380979272, "target": 47, "value": 1.0, "supply": [{"l": "Sugar", "v": 1.0}]}, {"source": 39, "prod": 0.0025989897909489794, "target": 47, "value": 3.0, "supply": [{"l": "Demersal Fish", "v": 3.0}]}, {"source": 28, "prod": 0.012671691518059705, "target": 47, "value": 20.0, "supply": [{"l": "Fish, Seafood", "v": 20.0}]}, {"source": 48, "prod": 0.066997832609566835, "target": 43, "value": 16.0, "supply": [{"l": "Sugar", "v": 16.0}]}, {"source": 48, "prod": 0.020365833001039477, "target": 14, "value": 6.0, "supply": [{"l": "Wheat", "v": 6.0}]}, {"source": 48, "prod": 0.0014999145062193115, "target": 1, "value": 2.0, "supply": [{"l": "Demersal Fish", "v": 1.0}, {"l": "Fish, Seafood", "v": 1.0}]}, {"source": 48, "prod": 0.31944941501364132, "target": 2, "value": 89.0, "supply": [{"l": "Sorghum", "v": 89.0}]}, {"source": 49, "prod": 0.069015754706748395, "target": 4, "value": 18.0, "supply": [{"l": "Maize", "v": 18.0}]}, {"source": 49, "prod": 0.020322599436207876, "target": 6, "value": 38.0, "supply": [{"l": "Fruits, Other", "v": 38.0}]}, {"source": 49, "prod": 0.43607898401468193, "target": 3, "value": 113.0, "supply": [{"l": "Barley", "v": 113.0}]}, {"source": 49, "prod": 0.002497068622676471, "target": 13, "value": 4.0, "supply": [{"l": "Coffee", "v": 4.0}]}, {"source": 49, "prod": 0.15274374750779607, "target": 14, "value": 45.0, "supply": [{"l": "Wheat", "v": 45.0}]}, {"source": 49, "prod": 0.049096912317352047, "target": 17, "value": 190.0, "supply": [{"l": "Vegetables, Other", "v": 190.0}]}, {"source": 49, "prod": 0.055883763606227849, "target": 18, "value": 8.0, "supply": [{"l": "Sesame seed", "v": 8.0}]}, {"source": 49, "prod": 0.028139314971448868, "target": 20, "value": 35.0, "supply": [{"l": "Grapes", "v": 35.0}]}, {"source": 49, "prod": 0.04885916154068206, "target": 22, "value": 27.0, "supply": [{"l": "Dates", "v": 27.0}]}, {"source": 49, "prod": 0.12573846811401268, "target": 42, "value": 18.0, "supply": [{"l": "Cottonseed", "v": 18.0}]}, {"source": 49, "prod": 0.050279745616953572, "target": 23, "value": 59.0, "supply": [{"l": "Potatoes", "v": 59.0}]}, {"source": 49, "prod": 0.23710903858567567, "target": 27, "value": 60.0, "supply": [{"l": "Pulses, Other", "v": 60.0}]}, {"source": 49, "prod": 2.056679941604679, "target": 2, "value": 573.0, "supply": [{"l": "Sorghum", "v": 573.0}]}, {"source": 49, "prod": 0.0010701722668613445, "target": 31, "value": 3.0, "supply": [{"l": "Sugar cane", "v": 3.0}]}, {"source": 49, "prod": 0.0084388885380813263, "target": 33, "value": 11.0, "supply": [{"l": "Bananas", "v": 11.0}]}, {"source": 49, "prod": 0.25353743161982467, "target": 36, "value": 71.0, "supply": [{"l": "Millet", "v": 71.0}]}, {"source": 1, "prod": 0.0033960133268400002, "target": 37, "value": 2.0, "supply": [{"l": "Poultry Meat", "v": 2.0}]}, {"source": 1, "prod": 0.024145966314688079, "target": 32, "value": 31.0, "supply": [{"l": "Pelagic Fish", "v": 31.0}]}, {"source": 1, "prod": 0.0006335845759029851, "target": 15, "value": 1.0, "supply": [{"l": "Crustaceans", "v": 1.0}]}, {"source": 1, "prod": 0.0054191702024042557, "target": 16, "value": 3.0, "supply": [{"l": "Eggs", "v": 3.0}]}, {"source": 1, "prod": 0.074826666696306235, "target": 25, "value": 126.0, "supply": [{"l": "Milk - Excluding Butter", "v": 126.0}]}, {"source": 1, "prod": 0.010530273881674419, "target": 38, "value": 8.0, "supply": [{"l": "Offals, Edible", "v": 8.0}]}, {"source": 1, "prod": 0.0051979795818979588, "target": 39, "value": 6.0, "supply": [{"l": "Demersal Fish", "v": 6.0}]}, {"source": 1, "prod": 0.025976967612022395, "target": 28, "value": 41.0, "supply": [{"l": "Fish, Seafood", "v": 41.0}]}, {"source": 1, "prod": 0.053654485647100382, "target": 40, "value": 17.0, "supply": [{"l": "Bovine Meat", "v": 17.0}]}, {"source": 1, "prod": 0.0028300111056999999, "target": 29, "value": 2.0, "supply": [{"l": "Meat, Other", "v": 2.0}]}, {"source": 1, "prod": 0.0029789590586315794, "target": 30, "value": 4.0, "supply": [{"l": "Cephalopods", "v": 4.0}]}, {"source": 1, "prod": 0.058210797540008137, "target": 21, "value": 23.0, "supply": [{"l": "Mutton & Goat Meat", "v": 23.0}]}, {"source": 43, "prod": 0.019102574963475002, "target": 12, "value": 2.0, "supply": [{"l": "Fats, Animals, Raw", "v": 2.0}]}, {"source": 43, "prod": 0.040549412857791046, "target": 26, "value": 4.0, "supply": [{"l": "Sesameseed Oil", "v": 4.0}]}, {"source": 43, "prod": 0.0084900333171, "target": 24, "value": 1.0, "supply": [{"l": "Coconut Oil", "v": 1.0}]}, {"source": 43, "prod": 0.37267544389071555, "target": 7, "value": 89.0, "supply": [{"l": "Sugar", "v": 89.0}]}, {"source": 43, "prod": 0.0047166851761666672, "target": 9, "value": 1.0, "supply": [{"l": "Honey", "v": 1.0}]}, {"source": 43, "prod": 0.018636658500951218, "target": 8, "value": 36.0, "supply": [{"l": "Beer", "v": 36.0}]}, {"source": 43, "prod": 0.031061097501585363, "target": 41, "value": 3.0, "supply": [{"l": "Cottonseed Oil", "v": 3.0}]}, {"source": 43, "prod": 0.04994137245352942, "target": 11, "value": 5.0, "supply": [{"l": "Oilcrops Oil, Other", "v": 5.0}]}, {"source": 43, "prod": 0.069427842546378515, "target": 19, "value": 7.0, "supply": [{"l": "Butter, Ghee", "v": 7.0}]}]}