{"nodes": [{"layer": 13, "name": "Other Processed", "fill": "#9c9ede"}, {"layer": 10, "name": "Feed", "fill": "#dbdb8d"}, {"layer": 5, "name": "Cereals", "fill": "#e7ba52"}, {"layer": 16, "name": "Food", "fill": "#b5cf6b"}, {"layer": 13, "name": "Animal Products", "fill": "#17becf"}, {"layer": 5, "name": "Oilcrops", "fill": "#ff9896"}, {"layer": 5, "name": "Fruits, Roots & Vegetables", "fill": "#98df8a"}, {"layer": 5, "name": "Sugar Crops", "fill": "#ffbb78"}, {"layer": 13, "name": "Sugar", "fill": "#d6616b"}, {"layer": 13, "name": "Aquatic Products", "fill": "#1f77b4"}, {"layer": 13, "name": "Vegetable Oils", "fill": "#f7b6d2"}, {"layer": 10, "name": "Processing", "fill": "#9edae5"}, {"name": "Seed", "fill": "#dbdb8d"}, {"name": "Waste", "fill": "#c7c7c7"}, {"layer": 0, "name": "Import", "fill": "#aec7e8"}, {"layer": 16, "name": "Export", "fill": "#aec7e8"}, {"layer": 16, "name": "Stock Deposit", "fill": "#c7c7c7"}, {"layer": 0, "name": "Stock Draw", "fill": "#c7c7c7"}, {"layer": 0, "name": "Production", "fill": "#b5cf6b"}], "links": [{"source": 0, "prod": 0.0092038985285647929, "target": 1, "value": 1.0, "supply": [{"l": "Fish, Body Oil", "v": 1.0}]}, {"source": 2, "prod": 0.38799457613934352, "target": 1, "value": 117.0, "supply": [{"l": "Maize", "v": 20.0}, {"l": "Sorghum", "v": 39.0}, {"l": "Barley", "v": 51.0}, {"l": "Cereals, Other", "v": 7.0}]}, {"source": 0, "prod": 0.13184068224525003, "target": 3, "value": 44.0, "supply": [{"l": "Beer", "v": 31.0}, {"l": "Fats, Animals, Raw", "v": 10.0}, {"l": "Butter, Ghee", "v": 3.0}]}, {"source": 4, "prod": 0.23761249900791376, "target": 3, "value": 224.0, "supply": [{"l": "Meat, Other", "v": 2.0}, {"l": "Eggs", "v": 4.0}, {"l": "Mutton & Goat Meat", "v": 27.0}, {"l": "Milk - Excluding Butter", "v": 160.0}, {"l": "Poultry Meat", "v": 2.0}, {"l": "Offals, Edible", "v": 9.0}, {"l": "Bovine Meat", "v": 20.0}]}, {"source": 2, "prod": 3.8301469473717877, "target": 3, "value": 1072.0, "supply": [{"l": "Maize", "v": 30.0}, {"l": "Rice", "v": 56.0}, {"l": "Wheat", "v": 322.0}, {"l": "Sorghum", "v": 607.0}, {"l": "Millet", "v": 57.0}]}, {"source": 5, "prod": 0.040379426752060972, "target": 3, "value": 6.0, "supply": [{"l": "Sesame seed", "v": 6.0}]}, {"source": 6, "prod": 0.64919402673129412, "target": 3, "value": 677.0, "supply": [{"l": "Fruits, Other", "v": 99.0}, {"l": "Infant food", "v": 1.0}, {"l": "Tomatoes", "v": 15.0}, {"l": "Coffee", "v": 5.0}, {"l": "Vegetables, Other", "v": 280.0}, {"l": "Grapes", "v": 40.0}, {"l": "Dates", "v": 51.0}, {"l": "Potatoes", "v": 70.0}, {"l": "Pineapples", "v": 1.0}, {"l": "Pulses, Other", "v": 77.0}, {"l": "Bananas", "v": 19.0}, {"l": "Spices, Other", "v": 3.0}, {"l": "Tea", "v": 9.0}, {"l": "Oranges, Mandarines", "v": 3.0}, {"l": "Onions", "v": 2.0}, {"l": "Apples", "v": 2.0}]}, {"source": 7, "prod": 0.00039797031173906256, "target": 3, "value": 1.0, "supply": [{"l": "Sugar cane", "v": 1.0}]}, {"source": 8, "prod": 0.39985632791940778, "target": 3, "value": 96.0, "supply": [{"l": "Sugar", "v": 95.0}, {"l": "Honey", "v": 1.0}]}, {"source": 9, "prod": 0.10215048456672864, "target": 3, "value": 125.0, "supply": [{"l": "Crustaceans", "v": 1.0}, {"l": "Fish, Seafood", "v": 63.0}, {"l": "Pelagic Fish", "v": 53.0}, {"l": "Demersal Fish", "v": 8.0}]}, {"source": 10, "prod": 0.32135589256461677, "target": 3, "value": 32.0, "supply": [{"l": "Sesameseed Oil", "v": 5.0}, {"l": "Soyabean Oil", "v": 1.0}, {"l": "Coconut Oil", "v": 1.0}, {"l": "Oilcrops Oil, Other", "v": 22.0}, {"l": "Cottonseed Oil", "v": 3.0}]}, {"source": 2, "prod": 0.017597523602716363, "target": 11, "value": 6.0, "supply": [{"l": "Barley", "v": 6.0}]}, {"source": 5, "prod": 0.22389874449059449, "target": 11, "value": 25.0, "supply": [{"l": "Cottonseed", "v": 15.0}, {"l": "Sesame seed", "v": 10.0}]}, {"source": 6, "prod": 0.0079045137779896555, "target": 12, "value": 9.0, "supply": [{"l": "Potatoes", "v": 9.0}]}, {"source": 2, "prod": 0.11502189732434887, "target": 12, "value": 33.0, "supply": [{"l": "Maize", "v": 2.0}, {"l": "Wheat", "v": 6.0}, {"l": "Barley", "v": 4.0}, {"l": "Sorghum", "v": 20.0}, {"l": "Millet", "v": 1.0}]}, {"source": 5, "prod": 0.010439979993588415, "target": 12, "value": 1.0, "supply": [{"l": "Cottonseed", "v": 1.0}]}, {"source": 6, "prod": 0.011531333528893873, "target": 13, "value": 25.0, "supply": [{"l": "Dates", "v": 1.0}, {"l": "Bananas", "v": 1.0}, {"l": "Potatoes", "v": 2.0}, {"l": "Vegetables, Other", "v": 14.0}, {"l": "Fruits, Other", "v": 4.0}, {"l": "Grapes", "v": 2.0}, {"l": "Tomatoes", "v": 1.0}]}, {"source": 4, "prod": 0.0021161234739656212, "target": 13, "value": 4.0, "supply": [{"l": "Milk - Excluding Butter", "v": 4.0}]}, {"source": 2, "prod": 0.14197431775982075, "target": 13, "value": 40.0, "supply": [{"l": "Maize", "v": 3.0}, {"l": "Wheat", "v": 8.0}, {"l": "Millet", "v": 2.0}, {"l": "Barley", "v": 2.0}, {"l": "Rice", "v": 1.0}, {"l": "Sorghum", "v": 24.0}]}, {"source": 5, "prod": 0.0067299044586768284, "target": 13, "value": 1.0, "supply": [{"l": "Sesame seed", "v": 1.0}]}, {"source": 14, "prod": 0.76627766750002568, "target": 11, "value": 142.0, "supply": [{"l": "Fats, Animals, Raw", "v": 7.0}, {"l": "Coconut Oil", "v": 1.0}, {"l": "Sugar", "v": 108.0}, {"l": "Beer", "v": 1.0}, {"l": "Oilcrops Oil, Other", "v": 22.0}, {"l": "Butter, Ghee", "v": 1.0}, {"l": "Soyabean Oil", "v": 1.0}, {"l": "Honey", "v": 1.0}]}, {"source": 14, "prod": 1.0576693351725046, "target": 2, "value": 296.0, "supply": [{"l": "Maize", "v": 6.0}, {"l": "Rice", "v": 57.0}, {"l": "Sorghum", "v": 1.0}, {"l": "Cereals, Other", "v": 7.0}, {"l": "Wheat", "v": 223.0}, {"l": "Barley", "v": 2.0}]}, {"source": 14, "prod": 0.0471093312107378, "target": 5, "value": 7.0, "supply": [{"l": "Sesame seed", "v": 7.0}]}, {"source": 14, "prod": 0.087931451786818715, "target": 6, "value": 82.0, "supply": [{"l": "Dates", "v": 24.0}, {"l": "Fruits, Other", "v": 25.0}, {"l": "Apples", "v": 2.0}, {"l": "Pulses, Other", "v": 2.0}, {"l": "Coffee", "v": 3.0}, {"l": "Pineapples", "v": 1.0}, {"l": "Bananas", "v": 1.0}, {"l": "Spices, Other", "v": 3.0}, {"l": "Tea", "v": 9.0}, {"l": "Vegetables, Other", "v": 7.0}, {"l": "Infant food", "v": 1.0}, {"l": "Oranges, Mandarines", "v": 4.0}]}, {"source": 14, "prod": 0.04646759337008137, "target": 1, "value": 76.0, "supply": [{"l": "Poultry Meat", "v": 1.0}, {"l": "Milk - Excluding Butter", "v": 67.0}, {"l": "Pelagic Fish", "v": 3.0}, {"l": "Fish, Seafood", "v": 3.0}, {"l": "Eggs", "v": 1.0}, {"l": "Bovine Meat", "v": 1.0}]}, {"source": 6, "prod": 0.0011630182626164384, "target": 15, "value": 2.0, "supply": [{"l": "Coffee", "v": 2.0}]}, {"source": 9, "prod": 0.017957204019229969, "target": 15, "value": 16.0, "supply": [{"l": "Cephalopods", "v": 8.0}, {"l": "Fish, Seafood", "v": 8.0}]}, {"source": 5, "prod": 0.010439979993588415, "target": 15, "value": 1.0, "supply": [{"l": "Cottonseed", "v": 1.0}]}, {"source": 2, "prod": 0.3446310415117676, "target": 16, "value": 96.0, "supply": [{"l": "Sorghum", "v": 96.0}]}, {"source": 8, "prod": 0.054189093518529977, "target": 16, "value": 13.0, "supply": [{"l": "Sugar", "v": 13.0}]}, {"source": 17, "prod": 0.0067339515072112385, "target": 1, "value": 6.0, "supply": [{"l": "Cephalopods", "v": 3.0}, {"l": "Fish, Seafood", "v": 3.0}]}, {"source": 17, "prod": 0.094976933549488607, "target": 2, "value": 28.0, "supply": [{"l": "Wheat", "v": 28.0}]}, {"source": 18, "prod": 3.6887421113506753, "target": 2, "value": 1041.0, "supply": [{"l": "Maize", "v": 49.0}, {"l": "Barley", "v": 60.0}, {"l": "Sorghum", "v": 785.0}, {"l": "Wheat", "v": 86.0}, {"l": "Millet", "v": 61.0}]}, {"source": 18, "prod": 0.23804880001909451, "target": 5, "value": 26.0, "supply": [{"l": "Cottonseed", "v": 17.0}, {"l": "Sesame seed", "v": 9.0}]}, {"source": 18, "prod": 0.58821777688120791, "target": 6, "value": 635.0, "supply": [{"l": "Dates", "v": 29.0}, {"l": "Potatoes", "v": 81.0}, {"l": "Fruits, Other", "v": 78.0}, {"l": "Tomatoes", "v": 16.0}, {"l": "Coffee", "v": 4.0}, {"l": "Bananas", "v": 19.0}, {"l": "Vegetables, Other", "v": 288.0}, {"l": "Grapes", "v": 42.0}, {"l": "Onions", "v": 2.0}, {"l": "Pulses, Other", "v": 76.0}]}, {"source": 18, "prod": 0.00039797031173906256, "target": 7, "value": 1.0, "supply": [{"l": "Sugar cane", "v": 1.0}]}, {"source": 1, "prod": 0.12010768858595861, "target": 9, "value": 141.0, "supply": [{"l": "Crustaceans", "v": 1.0}, {"l": "Pelagic Fish", "v": 53.0}, {"l": "Demersal Fish", "v": 8.0}, {"l": "Cephalopods", "v": 8.0}, {"l": "Fish, Seafood", "v": 71.0}]}, {"source": 1, "prod": 0.23972862248187937, "target": 4, "value": 228.0, "supply": [{"l": "Poultry Meat", "v": 2.0}, {"l": "Bovine Meat", "v": 20.0}, {"l": "Eggs", "v": 4.0}, {"l": "Milk - Excluding Butter", "v": 164.0}, {"l": "Offals, Edible", "v": 9.0}, {"l": "Meat, Other", "v": 2.0}, {"l": "Mutton & Goat Meat", "v": 27.0}]}, {"source": 11, "prod": 0.14104458077381482, "target": 0, "value": 45.0, "supply": [{"l": "Fats, Animals, Raw", "v": 10.0}, {"l": "Beer", "v": 31.0}, {"l": "Fish, Body Oil", "v": 1.0}, {"l": "Butter, Ghee", "v": 3.0}]}, {"source": 11, "prod": 0.32135589256461677, "target": 10, "value": 32.0, "supply": [{"l": "Cottonseed Oil", "v": 3.0}, {"l": "Coconut Oil", "v": 1.0}, {"l": "Sesameseed Oil", "v": 5.0}, {"l": "Oilcrops Oil, Other", "v": 22.0}, {"l": "Soyabean Oil", "v": 1.0}]}, {"source": 11, "prod": 0.45404542143793775, "target": 8, "value": 109.0, "supply": [{"l": "Honey", "v": 1.0}, {"l": "Sugar", "v": 108.0}]}]}