{"nodes": [{"layer": 5, "name": "Cereals, Other"}, {"layer": 10, "name": "Feed", "fill": "#dbdb8d"}, {"layer": 5, "name": "Sorghum"}, {"layer": 5, "name": "Barley"}, {"layer": 5, "name": "Maize"}, {"layer": 16, "name": "Food", "fill": "#b5cf6b"}, {"layer": 5, "name": "Fruits, Other"}, {"layer": 13, "name": "Sugar", "fill": "#d6616b"}, {"layer": 13, "name": "Beer"}, {"layer": 5, "name": "Infant food"}, {"layer": 13, "name": "Honey"}, {"layer": 5, "name": "Rice"}, {"layer": 13, "name": "Oilcrops Oil, Other"}, {"layer": 13, "name": "Fats, Animals, Raw"}, {"layer": 5, "name": "Coffee"}, {"layer": 5, "name": "Wheat"}, {"layer": 13, "name": "Crustaceans"}, {"layer": 13, "name": "Eggs"}, {"layer": 5, "name": "Vegetables, Other"}, {"layer": 5, "name": "Sesame seed"}, {"layer": 13, "name": "Butter, Ghee"}, {"layer": 5, "name": "Grapes"}, {"layer": 13, "name": "Mutton & Goat Meat"}, {"layer": 5, "name": "Dates"}, {"layer": 5, "name": "Potatoes"}, {"layer": 5, "name": "Pepper"}, {"layer": 13, "name": "Milk - Excluding Butter"}, {"layer": 13, "name": "Sesameseed Oil"}, {"layer": 5, "name": "Pulses, Other"}, {"layer": 13, "name": "Fish, Seafood"}, {"layer": 13, "name": "Meat, Other"}, {"layer": 13, "name": "Cephalopods"}, {"layer": 5, "name": "Sugar cane"}, {"layer": 13, "name": "Pelagic Fish"}, {"layer": 5, "name": "Bananas"}, {"layer": 5, "name": "Spices, Other"}, {"layer": 5, "name": "Tea"}, {"layer": 5, "name": "Millet"}, {"layer": 13, "name": "Poultry Meat"}, {"layer": 13, "name": "Offals, Edible"}, {"layer": 13, "name": "Demersal Fish"}, {"layer": 5, "name": "Oranges, Mandarines"}, {"layer": 13, "name": "Bovine Meat"}, {"layer": 10, "name": "Processing", "fill": "#9edae5"}, {"layer": 5, "name": "Cottonseed"}, {"name": "Waste", "fill": "#c7c7c7"}, {"layer": 2, "name": "Import", "fill": "#aec7e8"}, {"layer": 16, "name": "Export", "fill": "#aec7e8"}, {"layer": 0, "name": "Stock Draw", "fill": "#c7c7c7"}, {"layer": 16, "name": "Stock Deposit", "fill": "#c7c7c7"}, {"name": "Crop Residue", "fill": "#bd9e39"}, {"layer": 2, "name": "Electricity", "fill": "#bcbd22"}, {"layer": 0, "name": "Fossil Fuels", "fill": "#c49c94"}, {"layer": 2, "name": "Fertilizers", "fill": "#c5b0d5"}, {"layer": 0, "name": "Labor", "fill": "#7f7f7f"}, {"layer": 0, "name": "Renewables & Nuclear", "fill": "#2ca02c"}], "links": [{"source": 0, "prod": 2.0, "target": 1, "value": 0.0064685968130285716, "supply": [{"l": "Cereals, Other", "v": 0.0064685968130285716}]}, {"source": 2, "prod": 32.0, "target": 1, "value": 0.11488277735616123, "supply": [{"l": "Sorghum", "v": 0.11488277735616123}]}, {"source": 3, "prod": 48.0, "target": 1, "value": 0.18640577882339435, "supply": [{"l": "Barley", "v": 0.18640577882339435}]}, {"source": 4, "prod": 12.0, "target": 5, "value": 0.046544345088670058, "supply": [{"l": "Maize", "v": 0.046544345088670058}]}, {"source": 6, "prod": 36.0, "target": 5, "value": 0.017888698962451505, "supply": [{"l": "Fruits, Other", "v": 0.017888698962451505}]}, {"source": 7, "prod": 103.0, "target": 5, "value": 0.43336736436312218, "supply": [{"l": "Sugar", "v": 0.43336736436312218}]}, {"source": 8, "prod": 40.0, "target": 5, "value": 0.020739012682992369, "supply": [{"l": "Beer", "v": 0.020739012682992369}]}, {"source": 9, "prod": 1.0, "target": 5, "value": 0.0040428730081428577, "supply": [{"l": "Infant food", "v": 0.0040428730081428577}]}, {"source": 3, "prod": 58.0, "target": 5, "value": 0.22524031607826817, "supply": [{"l": "Barley", "v": 0.22524031607826817}]}, {"source": 10, "prod": 1.0, "target": 5, "value": 0.00424501665855, "supply": [{"l": "Honey", "v": 0.00424501665855}]}, {"source": 11, "prod": 41.0, "target": 5, "value": 0.17870762093806472, "supply": [{"l": "Rice", "v": 0.17870762093806472}]}, {"source": 12, "prod": 4.0, "target": 5, "value": 0.039374067557565215, "supply": [{"l": "Oilcrops Oil, Other", "v": 0.039374067557565215}]}, {"source": 13, "prod": 2.0, "target": 5, "value": 0.019592384577923075, "supply": [{"l": "Fats, Animals, Raw", "v": 0.019592384577923075}]}, {"source": 14, "prod": 2.0, "target": 5, "value": 0.00071344817790756302, "supply": [{"l": "Coffee", "v": 0.00071344817790756302}]}, {"source": 15, "prod": 225.0, "target": 5, "value": 0.7635853135806403, "supply": [{"l": "Wheat", "v": 0.7635853135806403}]}, {"source": 16, "prod": 1.0, "target": 5, "value": 0.00078321340563653136, "supply": [{"l": "Crustaceans", "v": 0.00078321340563653136}]}, {"source": 17, "prod": 3.0, "target": 5, "value": 0.0057886590798409097, "supply": [{"l": "Eggs", "v": 0.0057886590798409097}]}, {"source": 18, "prod": 86.0, "target": 5, "value": 0.020727973464034065, "supply": [{"l": "Vegetables, Other", "v": 0.020727973464034065}]}, {"source": 19, "prod": 5.0, "target": 5, "value": 0.033960133268400007, "supply": [{"l": "Sesame seed", "v": 0.033960133268400007}]}, {"source": 20, "prod": 12.0, "target": 5, "value": 0.11852422749614855, "supply": [{"l": "Butter, Ghee", "v": 0.11852422749614855}]}, {"source": 21, "prod": 10.0, "target": 5, "value": 0.0079099689289751553, "supply": [{"l": "Grapes", "v": 0.0079099689289751553}]}, {"source": 22, "prod": 22.0, "target": 5, "value": 0.054326805990307488, "supply": [{"l": "Mutton & Goat Meat", "v": 0.054326805990307488}]}, {"source": 23, "prod": 39.0, "target": 5, "value": 0.070172724355622454, "supply": [{"l": "Dates", "v": 0.070172724355622454}]}, {"source": 24, "prod": 13.0, "target": 5, "value": 0.010172390149520736, "supply": [{"l": "Potatoes", "v": 0.010172390149520736}]}, {"source": 25, "prod": 1.0, "target": 5, "value": 0.0035375138821250002, "supply": [{"l": "Pepper", "v": 0.0035375138821250002}]}, {"source": 26, "prod": 122.0, "target": 5, "value": 0.077374307620981089, "supply": [{"l": "Milk - Excluding Butter", "v": 0.077374307620981089}]}, {"source": 27, "prod": 4.0, "target": 5, "value": 0.039797031173906254, "supply": [{"l": "Sesameseed Oil", "v": 0.039797031173906254}]}, {"source": 28, "prod": 53.0, "target": 5, "value": 0.20946961511672588, "supply": [{"l": "Pulses, Other", "v": 0.20946961511672588}]}, {"source": 29, "prod": 17.0, "target": 5, "value": 0.013314627895821036, "supply": [{"l": "Fish, Seafood", "v": 0.013314627895821036}]}, {"source": 30, "prod": 2.0, "target": 5, "value": 0.005145474737636364, "supply": [{"l": "Meat, Other", "v": 0.005145474737636364}]}, {"source": 2, "prod": 570.0, "target": 5, "value": 2.0463494716566224, "supply": [{"l": "Sorghum", "v": 2.0463494716566224}]}, {"source": 31, "prod": 3.0, "target": 5, "value": 0.0024490480722403844, "supply": [{"l": "Cephalopods", "v": 0.0024490480722403844}]}, {"source": 32, "prod": 5.0, "target": 5, "value": 0.0028682544990202702, "supply": [{"l": "Sugar cane", "v": 0.0028682544990202702}]}, {"source": 33, "prod": 9.0, "target": 5, "value": 0.0077442871473547307, "supply": [{"l": "Pelagic Fish", "v": 0.0077442871473547307}]}, {"source": 34, "prod": 13.0, "target": 5, "value": 0.0079594062347812522, "supply": [{"l": "Bananas", "v": 0.0079594062347812522}]}, {"source": 35, "prod": 4.0, "target": 5, "value": 0.014982411736058824, "supply": [{"l": "Spices, Other", "v": 0.014982411736058824}]}, {"source": 36, "prod": 4.0, "target": 5, "value": 0.0023260365252328768, "supply": [{"l": "Tea", "v": 0.0023260365252328768}]}, {"source": 37, "prod": 55.0, "target": 5, "value": 0.19565020912311451, "supply": [{"l": "Millet", "v": 0.19565020912311451}]}, {"source": 38, "prod": 2.0, "target": 5, "value": 0.0032653974296538461, "supply": [{"l": "Poultry Meat", "v": 0.0032653974296538461}]}, {"source": 39, "prod": 8.0, "target": 5, "value": 0.010954881699483872, "supply": [{"l": "Offals, Edible", "v": 0.010954881699483872}]}, {"source": 40, "prod": 4.0, "target": 5, "value": 0.0027836174810163933, "supply": [{"l": "Demersal Fish", "v": 0.0027836174810163933}]}, {"source": 41, "prod": 1.0, "target": 5, "value": 0.00032780051417374519, "supply": [{"l": "Oranges, Mandarines", "v": 0.00032780051417374519}]}, {"source": 42, "prod": 15.0, "target": 5, "value": 0.046215907169697597, "supply": [{"l": "Bovine Meat", "v": 0.046215907169697597}]}, {"source": 3, "prod": 8.0, "target": 43, "value": 0.031067629803899054, "supply": [{"l": "Barley", "v": 0.031067629803899054}]}, {"source": 19, "prod": 8.0, "target": 43, "value": 0.05433621322944001, "supply": [{"l": "Sesame seed", "v": 0.05433621322944001}]}, {"source": 4, "prod": 1.0, "target": 4, "value": 0.0038786954240558379, "supply": [{"l": "Maize", "v": 0.0038786954240558379}]}, {"source": 15, "prod": 4.0, "target": 15, "value": 0.013574850019211382, "supply": [{"l": "Wheat", "v": 0.013574850019211382}]}, {"source": 44, "prod": 1.0, "target": 44, "value": 0.0067920266536800012, "supply": [{"l": "Cottonseed", "v": 0.0067920266536800012}]}, {"source": 24, "prod": 6.0, "target": 24, "value": 0.004694949299778802, "supply": [{"l": "Potatoes", "v": 0.004694949299778802}]}, {"source": 37, "prod": 1.0, "target": 37, "value": 0.003557276529511173, "supply": [{"l": "Millet", "v": 0.003557276529511173}]}, {"source": 3, "prod": 9.0, "target": 3, "value": 0.034951083529386445, "supply": [{"l": "Barley", "v": 0.034951083529386445}]}, {"source": 2, "prod": 22.0, "target": 2, "value": 0.078981909432360844, "supply": [{"l": "Sorghum", "v": 0.078981909432360844}]}, {"source": 4, "prod": 1.0, "target": 45, "value": 0.0038786954240558379, "supply": [{"l": "Maize", "v": 0.0038786954240558379}]}, {"source": 23, "prod": 1.0, "target": 45, "value": 0.0017993006245031397, "supply": [{"l": "Dates", "v": 0.0017993006245031397}]}, {"source": 15, "prod": 4.0, "target": 45, "value": 0.013574850019211382, "supply": [{"l": "Wheat", "v": 0.013574850019211382}]}, {"source": 34, "prod": 1.0, "target": 45, "value": 0.00061226201806009631, "supply": [{"l": "Bananas", "v": 0.00061226201806009631}]}, {"source": 24, "prod": 1.0, "target": 45, "value": 0.00078249154996313348, "supply": [{"l": "Potatoes", "v": 0.00078249154996313348}]}, {"source": 18, "prod": 4.0, "target": 45, "value": 0.00096409178902484029, "supply": [{"l": "Vegetables, Other", "v": 0.00096409178902484029}]}, {"source": 6, "prod": 2.0, "target": 45, "value": 0.00099381660902508363, "supply": [{"l": "Fruits, Other", "v": 0.00099381660902508363}]}, {"source": 19, "prod": 1.0, "target": 45, "value": 0.0067920266536800012, "supply": [{"l": "Sesame seed", "v": 0.0067920266536800012}]}, {"source": 37, "prod": 2.0, "target": 45, "value": 0.0071145530590223461, "supply": [{"l": "Millet", "v": 0.0071145530590223461}]}, {"source": 26, "prod": 4.0, "target": 45, "value": 0.0025368625449501995, "supply": [{"l": "Milk - Excluding Butter", "v": 0.0025368625449501995}]}, {"source": 3, "prod": 4.0, "target": 45, "value": 0.015533814901949527, "supply": [{"l": "Barley", "v": 0.015533814901949527}]}, {"source": 21, "prod": 1.0, "target": 45, "value": 0.00079099689289751556, "supply": [{"l": "Grapes", "v": 0.00079099689289751556}]}, {"source": 11, "prod": 1.0, "target": 45, "value": 0.0043587224619040183, "supply": [{"l": "Rice", "v": 0.0043587224619040183}]}, {"source": 2, "prod": 19.0, "target": 45, "value": 0.068211649055220744, "supply": [{"l": "Sorghum", "v": 0.068211649055220744}]}, {"source": 46, "prod": 2.0, "target": 0, "value": 0.0064685968130285716, "supply": [{"l": "Cereals, Other", "v": 0.0064685968130285716}]}, {"source": 46, "prod": 2.0, "target": 9, "value": 0.0080857460162857154, "supply": [{"l": "Infant food", "v": 0.0080857460162857154}]}, {"source": 46, "prod": 50.0, "target": 11, "value": 0.21793612309520094, "supply": [{"l": "Rice", "v": 0.21793612309520094}]}, {"source": 46, "prod": 241.0, "target": 15, "value": 0.81788471365748583, "supply": [{"l": "Wheat", "v": 0.81788471365748583}]}, {"source": 46, "prod": 53.0, "target": 1, "value": 0.036615496583530249, "supply": [{"l": "Pelagic Fish", "v": 0.0068838107976486483}, {"l": "Fish, Seafood", "v": 0.0062657072450922509}, {"l": "Milk - Excluding Butter", "v": 0.023465978540789346}]}, {"source": 46, "prod": 5.0, "target": 35, "value": 0.018728014670073533, "supply": [{"l": "Spices, Other", "v": 0.018728014670073533}]}, {"source": 46, "prod": 12.0, "target": 23, "value": 0.021591607494037678, "supply": [{"l": "Dates", "v": 0.021591607494037678}]}, {"source": 46, "prod": 112.0, "target": 43, "value": 0.55245496479976386, "supply": [{"l": "Sugar", "v": 0.4039152133869876}, {"l": "Beer", "v": 0.00051847531707480913}, {"l": "Oilcrops Oil, Other", "v": 0.039374067557565215}, {"l": "Butter, Ghee", "v": 0.10864720853813616}]}, {"source": 46, "prod": 1.0, "target": 25, "value": 0.0035375138821250002, "supply": [{"l": "Pepper", "v": 0.0035375138821250002}]}, {"source": 46, "prod": 5.0, "target": 36, "value": 0.0029075456565410963, "supply": [{"l": "Tea", "v": 0.0029075456565410963}]}, {"source": 46, "prod": 1.0, "target": 41, "value": 0.00032780051417374519, "supply": [{"l": "Oranges, Mandarines", "v": 0.00032780051417374519}]}, {"source": 46, "prod": 1.0, "target": 4, "value": 0.0038786954240558379, "supply": [{"l": "Maize", "v": 0.0038786954240558379}]}, {"source": 46, "prod": 4.0, "target": 6, "value": 0.0019876332180501673, "supply": [{"l": "Fruits, Other", "v": 0.0019876332180501673}]}, {"source": 46, "prod": 8.0, "target": 19, "value": 0.05433621322944001, "supply": [{"l": "Sesame seed", "v": 0.05433621322944001}]}, {"source": 46, "prod": 6.0, "target": 18, "value": 0.0014461376835372605, "supply": [{"l": "Vegetables, Other", "v": 0.0014461376835372605}]}, {"source": 46, "prod": 3.0, "target": 28, "value": 0.011856770666984484, "supply": [{"l": "Pulses, Other", "v": 0.011856770666984484}]}, {"source": 23, "prod": 2.0, "target": 47, "value": 0.0035986012490062795, "supply": [{"l": "Dates", "v": 0.0035986012490062795}]}, {"source": 33, "prod": 20.0, "target": 47, "value": 0.017209526994121625, "supply": [{"l": "Pelagic Fish", "v": 0.017209526994121625}]}, {"source": 15, "prod": 18.0, "target": 47, "value": 0.061086825086451219, "supply": [{"l": "Wheat", "v": 0.061086825086451219}]}, {"source": 35, "prod": 1.0, "target": 47, "value": 0.0037456029340147061, "supply": [{"l": "Spices, Other", "v": 0.0037456029340147061}]}, {"source": 24, "prod": 1.0, "target": 47, "value": 0.00078249154996313348, "supply": [{"l": "Potatoes", "v": 0.00078249154996313348}]}, {"source": 6, "prod": 1.0, "target": 47, "value": 0.00049690830451254182, "supply": [{"l": "Fruits, Other", "v": 0.00049690830451254182}]}, {"source": 14, "prod": 3.0, "target": 47, "value": 0.0010701722668613445, "supply": [{"l": "Coffee", "v": 0.0010701722668613445}]}, {"source": 7, "prod": 2.0, "target": 47, "value": 0.0084149002788955745, "supply": [{"l": "Sugar", "v": 0.0084149002788955745}]}, {"source": 26, "prod": 1.0, "target": 47, "value": 0.00063421563623754988, "supply": [{"l": "Milk - Excluding Butter", "v": 0.00063421563623754988}]}, {"source": 44, "prod": 18.0, "target": 47, "value": 0.12225647976624002, "supply": [{"l": "Cottonseed", "v": 0.12225647976624002}]}, {"source": 9, "prod": 1.0, "target": 47, "value": 0.0040428730081428577, "supply": [{"l": "Infant food", "v": 0.0040428730081428577}]}, {"source": 29, "prod": 20.0, "target": 47, "value": 0.015664268112730629, "supply": [{"l": "Fish, Seafood", "v": 0.015664268112730629}]}, {"source": 11, "prod": 8.0, "target": 47, "value": 0.034869779695232146, "supply": [{"l": "Rice", "v": 0.034869779695232146}]}, {"source": 48, "prod": 3.0, "target": 1, "value": 0.0025041661050486932, "supply": [{"l": "Pelagic Fish", "v": 0.0017209526994121621}, {"l": "Fish, Seafood", "v": 0.00078321340563653136}]}, {"source": 40, "prod": 1.0, "target": 49, "value": 0.00069590437025409833, "supply": [{"l": "Demersal Fish", "v": 0.00069590437025409833}]}, {"source": 48, "prod": 9.0, "target": 43, "value": 0.037867051255030086, "supply": [{"l": "Sugar", "v": 0.037867051255030086}]}, {"source": 48, "prod": 9.0, "target": 44, "value": 0.061128239883120009, "supply": [{"l": "Cottonseed", "v": 0.061128239883120009}]}, {"source": 48, "prod": 34.0, "target": 2, "value": 0.12206295094092132, "supply": [{"l": "Sorghum", "v": 0.12206295094092132}]}, {"source": 15, "prod": 29.0, "target": 49, "value": 0.098417662639282519, "supply": [{"l": "Wheat", "v": 0.098417662639282519}]}, {"source": 1, "prod": 2.0, "target": 38, "value": 0.0032653974296538461, "supply": [{"l": "Poultry Meat", "v": 0.0032653974296538461}]}, {"source": 1, "prod": 29.0, "target": 33, "value": 0.024953814141476356, "supply": [{"l": "Pelagic Fish", "v": 0.024953814141476356}]}, {"source": 1, "prod": 1.0, "target": 16, "value": 0.00078321340563653136, "supply": [{"l": "Crustaceans", "v": 0.00078321340563653136}]}, {"source": 1, "prod": 3.0, "target": 17, "value": 0.0057886590798409097, "supply": [{"l": "Eggs", "v": 0.0057886590798409097}]}, {"source": 1, "prod": 127.0, "target": 26, "value": 0.080545385802168842, "supply": [{"l": "Milk - Excluding Butter", "v": 0.080545385802168842}]}, {"source": 1, "prod": 8.0, "target": 39, "value": 0.010954881699483872, "supply": [{"l": "Offals, Edible", "v": 0.010954881699483872}]}, {"source": 1, "prod": 5.0, "target": 40, "value": 0.0034795218512704918, "supply": [{"l": "Demersal Fish", "v": 0.0034795218512704918}]}, {"source": 1, "prod": 37.0, "target": 29, "value": 0.028978896008551663, "supply": [{"l": "Fish, Seafood", "v": 0.028978896008551663}]}, {"source": 1, "prod": 15.0, "target": 42, "value": 0.046215907169697597, "supply": [{"l": "Bovine Meat", "v": 0.046215907169697597}]}, {"source": 1, "prod": 2.0, "target": 30, "value": 0.005145474737636364, "supply": [{"l": "Meat, Other", "v": 0.005145474737636364}]}, {"source": 1, "prod": 3.0, "target": 31, "value": 0.0024490480722403844, "supply": [{"l": "Cephalopods", "v": 0.0024490480722403844}]}, {"source": 1, "prod": 22.0, "target": 22, "value": 0.054326805990307488, "supply": [{"l": "Mutton & Goat Meat", "v": 0.054326805990307488}]}, {"source": 43, "prod": 2.0, "target": 13, "value": 0.019592384577923075, "supply": [{"l": "Fats, Animals, Raw", "v": 0.019592384577923075}]}, {"source": 43, "prod": 4.0, "target": 27, "value": 0.039797031173906254, "supply": [{"l": "Sesameseed Oil", "v": 0.039797031173906254}]}, {"source": 43, "prod": 105.0, "target": 7, "value": 0.44178226464201775, "supply": [{"l": "Sugar", "v": 0.44178226464201775}]}, {"source": 43, "prod": 1.0, "target": 10, "value": 0.00424501665855, "supply": [{"l": "Honey", "v": 0.00424501665855}]}, {"source": 43, "prod": 40.0, "target": 8, "value": 0.020739012682992369, "supply": [{"l": "Beer", "v": 0.020739012682992369}]}, {"source": 43, "prod": 4.0, "target": 12, "value": 0.039374067557565215, "supply": [{"l": "Oilcrops Oil, Other", "v": 0.039374067557565215}]}, {"source": 43, "prod": 12.0, "target": 20, "value": 0.11852422749614855, "supply": [{"l": "Butter, Ghee", "v": 0.11852422749614855}]}, {"source": 4, "prod": 27.0, "target": 50, "value": 0.09413999982, "supply": [{"l": "Maize", "v": 0.09413999982}]}, {"source": 15, "prod": 319.0, "target": 50, "value": 1.11224666454, "supply": [{"l": "Wheat", "v": 1.11224666454}]}, {"source": 0, "prod": 2.0, "target": 50, "value": 0.0060394961832832056, "supply": [{"l": "Cereals, Other", "v": 0.0060394961832832056}]}, {"source": 44, "prod": 15.0, "target": 50, "value": 0.052299999900000012, "supply": [{"l": "Cottonseed", "v": 0.052299999900000012}]}, {"source": 24, "prod": 10.25, "target": 50, "value": 0.035738333264999998, "supply": [{"l": "Potatoes", "v": 0.035738333264999998}]}, {"source": 18, "prod": 87.5, "target": 50, "value": 0.30508333275000005, "supply": [{"l": "Vegetables, Other", "v": 0.30508333275000005}]}, {"source": 19, "prod": 9.5, "target": 50, "value": 0.033123333269999999, "supply": [{"l": "Sesame seed", "v": 0.033123333269999999}]}, {"source": 37, "prod": 116.0, "target": 50, "value": 0.4044533325600001, "supply": [{"l": "Millet", "v": 0.4044533325600001}]}, {"source": 3, "prod": 253.0, "target": 50, "value": 0.88212666498000003, "supply": [{"l": "Barley", "v": 0.88212666498000003}]}, {"source": 11, "prod": 50.0, "target": 50, "value": 0.17433333299999998, "supply": [{"l": "Rice", "v": 0.17433333299999998}]}, {"source": 2, "prod": 1253.0, "target": 50, "value": 4.3687933249800013, "supply": [{"l": "Sorghum", "v": 4.3687933249800013}]}, {"source": 28, "prod": 51.5, "target": 50, "value": 0.17956333298999999, "supply": [{"l": "Pulses, Other", "v": 0.17956333298999999}]}, {"source": 32, "prod": 2.0, "target": 50, "value": 0.0069733333200000004, "supply": [{"l": "Sugar cane", "v": 0.0069733333200000004}]}, {"source": 51, "prod": 0, "target": 4, "value": 2.0778685692597548e-06, "supply": "[{\"l\":'Energy for power irrigation',\"v\":2.0778685692597548e-06}]"}, {"source": 51, "prod": 0, "target": 14, "value": 7.6958095157768689e-07, "supply": "[{\"l\":'Energy for power irrigation',\"v\":7.6958095157768689e-07}]"}, {"source": 51, "prod": 0, "target": 15, "value": 2.4549632355328211e-05, "supply": "[{\"l\":'Energy for power irrigation',\"v\":2.4549632355328211e-05}]"}, {"source": 51, "prod": 0, "target": 34, "value": 2.0778685692597548e-06, "supply": "[{\"l\":'Energy for power irrigation',\"v\":2.0778685692597548e-06}]"}, {"source": 51, "prod": 0, "target": 44, "value": 2.3087428547330607e-06, "supply": "[{\"l\":'Energy for power irrigation',\"v\":2.3087428547330607e-06}]"}, {"source": 51, "prod": 0, "target": 24, "value": 3.1552819014685159e-06, "supply": "[{\"l\":'Energy for power irrigation',\"v\":3.1552819014685159e-06}]"}, {"source": 51, "prod": 0, "target": 18, "value": 1.3467666652609523e-05, "supply": "[{\"l\":'Energy for power irrigation',\"v\":1.3467666652609523e-05}]"}, {"source": 51, "prod": 0, "target": 6, "value": 5.6948990416748825e-06, "supply": "[{\"l\":'Energy for power irrigation',\"v\":5.6948990416748825e-06}]"}, {"source": 51, "prod": 0, "target": 23, "value": 5.464024756201577e-06, "supply": "[{\"l\":'Energy for power irrigation',\"v\":5.464024756201577e-06}]"}, {"source": 51, "prod": 0, "target": 19, "value": 1.462203807997605e-06, "supply": "[{\"l\":'Energy for power irrigation',\"v\":1.462203807997605e-06}]"}, {"source": 51, "prod": 0, "target": 37, "value": 8.9271390383011676e-06, "supply": "[{\"l\":'Energy for power irrigation',\"v\":8.9271390383011676e-06}]"}, {"source": 51, "prod": 0, "target": 3, "value": 1.947039807491548e-05, "supply": "[{\"l\":'Energy for power irrigation',\"v\":1.947039807491548e-05}]"}, {"source": 51, "prod": 0, "target": 21, "value": 1.6161199983131424e-06, "supply": "[{\"l\":'Energy for power irrigation',\"v\":1.6161199983131424e-06}]"}, {"source": 51, "prod": 0, "target": 2, "value": 9.642849323268418e-05, "supply": "[{\"l\":'Energy for power irrigation',\"v\":9.642849323268418e-05}]"}, {"source": 51, "prod": 0, "target": 28, "value": 7.9266838012501744e-06, "supply": "[{\"l\":'Energy for power irrigation',\"v\":7.9266838012501744e-06}]"}, {"source": 51, "prod": 0, "target": 32, "value": 7.6958095157768689e-07, "supply": "[{\"l\":'Energy for power irrigation',\"v\":7.6958095157768689e-07}]"}, {"source": 51, "prod": 0, "target": 43, "value": 0.019131000000000006, "supply": "[{\"l\":'Electricity',\"v\":0.019131000000000006}]"}, {"source": 52, "prod": 0, "target": 51, "value": 0.050874127528269503, "supply": [{"l": "Coal", "v": 0.0}, {"l": "Natural gas", "v": 0.0}, {"l": "Oil", "v": 0.050874127528269503}]}, {"source": 52, "prod": 0, "target": 4, "value": 0.04527830914104284, "supply": [{"l": "Gas-Diesel oil", "v": 0.04527830914104284}]}, {"source": 52, "prod": 0, "target": 14, "value": 0.016769744126312165, "supply": [{"l": "Gas-Diesel oil", "v": 0.016769744126312165}]}, {"source": 52, "prod": 0, "target": 15, "value": 0.53495483762935803, "supply": [{"l": "Gas-Diesel oil", "v": 0.53495483762935803}]}, {"source": 52, "prod": 0, "target": 34, "value": 0.04527830914104284, "supply": [{"l": "Gas-Diesel oil", "v": 0.04527830914104284}]}, {"source": 52, "prod": 0, "target": 44, "value": 0.050309232378936496, "supply": [{"l": "Gas-Diesel oil", "v": 0.050309232378936496}]}, {"source": 52, "prod": 0, "target": 24, "value": 0.068755950917879866, "supply": [{"l": "Gas-Diesel oil", "v": 0.068755950917879866}]}, {"source": 52, "prod": 0, "target": 18, "value": 0.29347052221046288, "supply": [{"l": "Gas-Diesel oil", "v": 0.29347052221046288}]}, {"source": 52, "prod": 0, "target": 6, "value": 0.12409610653471001, "supply": [{"l": "Gas-Diesel oil", "v": 0.12409610653471001}]}, {"source": 52, "prod": 0, "target": 23, "value": 0.11906518329681637, "supply": [{"l": "Gas-Diesel oil", "v": 0.11906518329681637}]}, {"source": 52, "prod": 0, "target": 19, "value": 0.031862513839993112, "supply": [{"l": "Gas-Diesel oil", "v": 0.031862513839993112}]}, {"source": 52, "prod": 0, "target": 37, "value": 0.19452903186522111, "supply": [{"l": "Gas-Diesel oil", "v": 0.19452903186522111}]}, {"source": 52, "prod": 0, "target": 3, "value": 0.42427452639569774, "supply": [{"l": "Gas-Diesel oil", "v": 0.42427452639569774}]}, {"source": 52, "prod": 0, "target": 21, "value": 0.035216462665255542, "supply": [{"l": "Gas-Diesel oil", "v": 0.035216462665255542}]}, {"source": 52, "prod": 0, "target": 2, "value": 2.1012489390269145, "supply": [{"l": "Gas-Diesel oil", "v": 2.1012489390269145}]}, {"source": 52, "prod": 0, "target": 28, "value": 0.17272836450101528, "supply": [{"l": "Gas-Diesel oil", "v": 0.17272836450101528}]}, {"source": 52, "prod": 0, "target": 32, "value": 0.016769744126312165, "supply": [{"l": "Gas-Diesel oil", "v": 0.016769744126312165}]}, {"source": 53, "prod": 0.0026246436666045592, "target": 4, "value": 2.4340663334263359e-05, "supply": [{"l": "Potash", "v": 0.00019755326747169927}, {"l": "Phosphate", "v": 0.00032426132201476094}, {"l": "Nitrogen", "v": 0.0018347222236899999}]}, {"source": 53, "prod": 0.00097209024689057753, "target": 14, "value": 9.0150604941716152e-06, "supply": [{"l": "Potash", "v": 0.00019755326747169927}, {"l": "Phosphate", "v": 0.00032426132201476094}, {"l": "Nitrogen", "v": 0.0018347222236899999}]}, {"source": 53, "prod": 0.031009678875809424, "target": 15, "value": 0.00028758042976407449, "supply": [{"l": "Potash", "v": 0.00019755326747169927}, {"l": "Phosphate", "v": 0.00032426132201476094}, {"l": "Nitrogen", "v": 0.0018347222236899999}]}, {"source": 53, "prod": 0.0026246436666045592, "target": 34, "value": 2.4340663334263359e-05, "supply": [{"l": "Potash", "v": 0.00019755326747169927}, {"l": "Phosphate", "v": 0.00032426132201476094}, {"l": "Nitrogen", "v": 0.0018347222236899999}]}, {"source": 53, "prod": 0.0029162707406717326, "target": 44, "value": 2.7045181482514844e-05, "supply": [{"l": "Potash", "v": 0.00019755326747169927}, {"l": "Phosphate", "v": 0.00032426132201476094}, {"l": "Nitrogen", "v": 0.0018347222236899999}]}, {"source": 53, "prod": 0.0039855700122513674, "target": 24, "value": 3.6961748026103618e-05, "supply": [{"l": "Potash", "v": 0.00019755326747169927}, {"l": "Phosphate", "v": 0.00032426132201476094}, {"l": "Nitrogen", "v": 0.0018347222236899999}]}, {"source": 53, "prod": 0.017011579320585109, "target": 18, "value": 0.00015776355864800326, "supply": [{"l": "Potash", "v": 0.00019755326747169927}, {"l": "Phosphate", "v": 0.00032426132201476094}, {"l": "Nitrogen", "v": 0.0018347222236899999}]}, {"source": 53, "prod": 0.0071934678269902734, "target": 6, "value": 6.6711447656869939e-05, "supply": [{"l": "Potash", "v": 0.00019755326747169927}, {"l": "Phosphate", "v": 0.00032426132201476094}, {"l": "Nitrogen", "v": 0.0018347222236899999}]}, {"source": 53, "prod": 0.0069018407529231008, "target": 23, "value": 6.4006929508618468e-05, "supply": [{"l": "Potash", "v": 0.00019755326747169927}, {"l": "Phosphate", "v": 0.00032426132201476094}, {"l": "Nitrogen", "v": 0.0018347222236899999}]}, {"source": 53, "prod": 0.0018469714690920972, "target": 19, "value": 1.7128614938926067e-05, "supply": [{"l": "Potash", "v": 0.00019755326747169927}, {"l": "Phosphate", "v": 0.00032426132201476094}, {"l": "Nitrogen", "v": 0.0018347222236899999}]}, {"source": 53, "prod": 0.0112762468639307, "target": 37, "value": 0.00010457470173239073, "supply": [{"l": "Potash", "v": 0.00019755326747169927}, {"l": "Phosphate", "v": 0.00032426132201476094}, {"l": "Nitrogen", "v": 0.0018347222236899999}]}, {"source": 53, "prod": 0.024593883246331612, "target": 3, "value": 0.00022808103050254186, "supply": [{"l": "Potash", "v": 0.00019755326747169927}, {"l": "Phosphate", "v": 0.00032426132201476094}, {"l": "Nitrogen", "v": 0.0018347222236899999}]}, {"source": 53, "prod": 0.0020413895184702127, "target": 21, "value": 1.8931627037760391e-05, "supply": [{"l": "Potash", "v": 0.00019755326747169927}, {"l": "Phosphate", "v": 0.00032426132201476094}, {"l": "Nitrogen", "v": 0.0018347222236899999}]}, {"source": 53, "prod": 0.12180290793538937, "target": 2, "value": 0.0011295870799197033, "supply": [{"l": "Potash", "v": 0.00019755326747169927}, {"l": "Phosphate", "v": 0.00032426132201476094}, {"l": "Nitrogen", "v": 0.0018347222236899999}]}, {"source": 53, "prod": 0.010012529542972949, "target": 28, "value": 9.2855123089967626e-05, "supply": [{"l": "Potash", "v": 0.00019755326747169927}, {"l": "Phosphate", "v": 0.00032426132201476094}, {"l": "Nitrogen", "v": 0.0018347222236899999}]}, {"source": 53, "prod": 0.00097209024689057753, "target": 32, "value": 9.0150604941716152e-06, "supply": [{"l": "Potash", "v": 0.00019755326747169927}, {"l": "Phosphate", "v": 0.00032426132201476094}, {"l": "Nitrogen", "v": 0.0018347222236899999}]}, {"source": 52, "prod": 0, "target": 53, "value": 0.0029672822487839335, "supply": [{"l": "Natural gas (including LNG)", "v": 0.0019643577266662067}, {"l": "Fuel oil", "v": 0.00067859849784696643}, {"l": "Liquefied petroleum gas (LPG)", "v": 0.00016216301213538013}, {"l": "Coal", "v": 0.00016216301213538013}]}, {"source": 54, "prod": 0, "target": 4, "value": 0.0042175188683400205, "supply": "[{\"l\":'Labor',\"v\":0.0042175188683400205}]"}, {"source": 54, "prod": 0, "target": 6, "value": 0.011559125787302277, "supply": "[{\"l\":'Labor',\"v\":0.011559125787302277}]"}, {"source": 54, "prod": 0, "target": 9, "value": 0.00031240880506222372, "supply": "[{\"l\":'Labor',\"v\":0.00031240880506222372}]"}, {"source": 54, "prod": 0, "target": 3, "value": 0.039519713840371305, "supply": "[{\"l\":'Labor',\"v\":0.039519713840371305}]"}, {"source": 54, "prod": 0, "target": 11, "value": 0.0078102201265555929, "supply": "[{\"l\":'Labor',\"v\":0.0078102201265555929}]"}, {"source": 54, "prod": 0, "target": 0, "value": 0.00031240880506222372, "supply": "[{\"l\":'Labor',\"v\":0.00031240880506222372}]"}, {"source": 54, "prod": 0, "target": 14, "value": 0.0015620440253111187, "supply": "[{\"l\":'Labor',\"v\":0.0015620440253111187}]"}, {"source": 54, "prod": 0, "target": 15, "value": 0.049829204407424686, "supply": "[{\"l\":'Labor',\"v\":0.049829204407424686}]"}, {"source": 54, "prod": 0, "target": 18, "value": 0.027335770442944579, "supply": "[{\"l\":'Labor',\"v\":0.027335770442944579}]"}, {"source": 54, "prod": 0, "target": 19, "value": 0.0029678836480911256, "supply": "[{\"l\":'Labor',\"v\":0.0029678836480911256}]"}, {"source": 54, "prod": 0, "target": 21, "value": 0.0032802924531533492, "supply": "[{\"l\":'Labor',\"v\":0.0032802924531533492}]"}, {"source": 54, "prod": 0, "target": 32, "value": 0.0015620440253111187, "supply": "[{\"l\":'Labor',\"v\":0.0015620440253111187}]"}, {"source": 54, "prod": 0, "target": 23, "value": 0.011090512579708943, "supply": "[{\"l\":'Labor',\"v\":0.011090512579708943}]"}, {"source": 54, "prod": 0, "target": 44, "value": 0.0046861320759333559, "supply": "[{\"l\":'Labor',\"v\":0.0046861320759333559}]"}, {"source": 54, "prod": 0, "target": 24, "value": 0.0064043805037755858, "supply": "[{\"l\":'Labor',\"v\":0.0064043805037755858}]"}, {"source": 54, "prod": 0, "target": 25, "value": 0.00015620440253111186, "supply": "[{\"l\":'Labor',\"v\":0.00015620440253111186}]"}, {"source": 54, "prod": 0, "target": 28, "value": 0.016089053460704522, "supply": "[{\"l\":'Labor',\"v\":0.016089053460704522}]"}, {"source": 54, "prod": 0, "target": 2, "value": 0.19572411637148318, "supply": "[{\"l\":'Labor',\"v\":0.19572411637148318}]"}, {"source": 54, "prod": 0, "target": 34, "value": 0.0042175188683400205, "supply": "[{\"l\":'Labor',\"v\":0.0042175188683400205}]"}, {"source": 54, "prod": 0, "target": 35, "value": 0.00078102201265555936, "supply": "[{\"l\":'Labor',\"v\":0.00078102201265555936}]"}, {"source": 54, "prod": 0, "target": 36, "value": 0.00062481761012444744, "supply": "[{\"l\":'Labor',\"v\":0.00062481761012444744}]"}, {"source": 54, "prod": 0, "target": 37, "value": 0.018119710693608976, "supply": "[{\"l\":'Labor',\"v\":0.018119710693608976}]"}, {"source": 54, "prod": 0, "target": 41, "value": 0.00015620440253111186, "supply": "[{\"l\":'Labor',\"v\":0.00015620440253111186}]"}, {"source": 52, "prod": 0, "target": 46, "value": 0.93413815511695408, "supply": "[{\"l\":'Fossil Fuels',\"v\":0.93413815511695408}]"}, {"source": 55, "prod": 0, "target": 46, "value": 0.068478178135119652, "supply": "[{\"l\":'Renewables & Nuclear',\"v\":0},{\"l\":'Biomass & Waste',\"v\":0.068478178135119652}]"}]}