{"nodes": [{"name": "Balance", "fill": "#9edae5"}, {"name": "Food", "fill": "#b5cf6b"}, {"name": "Stock Deposit", "fill": "#c7c7c7"}, {"name": "Export", "fill": "#aec7e8"}, {"name": "Biofuels & Other", "fill": "#e7ba52"}, {"name": "Renewables & Nuclear", "fill": "#2ca02c"}, {"name": "Fossil Fuels", "fill": "#c49c94"}, {"name": "Stock Draw", "fill": "#c7c7c7"}, {"name": "Labor", "fill": "#7f7f7f"}], "links": [{"source": 0, "target": 1, "value": 0.11481066642193388}, {"source": 0, "target": 2, "value": 0.0061030590937619809}, {"source": 0, "target": 3, "value": 0.0055062348985828076}, {"source": 0, "target": 4, "value": 0.014021474990212087}, {"source": 5, "target": 0, "value": 0.038141942074198909}, {"source": 6, "target": 0, "value": 0.73364298663217142}, {"source": 7, "target": 0, "value": 0.00067707338630486195}, {"source": 8, "target": 0, "value": 0.0018322335917109296}]}