{"nodes": [{"layer": 5, "name": "Cereals - Excluding Beer"}, {"layer": 10, "name": "Feed", "fill": "#dbdb8d"}, {"layer": 13, "name": "Milk - Excluding Butter"}, {"layer": 16, "name": "Food", "fill": "#b5cf6b"}, {"layer": 13, "name": "Meat"}, {"layer": 5, "name": "Vegetables"}, {"layer": 13, "name": "Alcoholic Beverages"}, {"layer": 13, "name": "Animal Fats"}, {"layer": 5, "name": "Starchy Roots"}, {"layer": 5, "name": "Pulses"}, {"layer": 13, "name": "Fish, Seafood"}, {"layer": 13, "name": "Sugar & Sweeteners"}, {"layer": 5, "name": "Fruits - Excluding Wine"}, {"layer": 5, "name": "Sugar Crops", "fill": "#ffbb78"}, {"layer": 10, "name": "Processing", "fill": "#9edae5"}, {"layer": 16, "name": "Biofuels & Other", "fill": "#e7ba52"}, {"layer": 13, "name": "Vegetable Oils", "fill": "#f7b6d2"}, {"name": "Waste", "fill": "#c7c7c7"}, {"layer": 2, "name": "Import", "fill": "#aec7e8"}, {"layer": 16, "name": "Export", "fill": "#aec7e8"}, {"layer": 0, "name": "Stock Draw", "fill": "#c7c7c7"}, {"layer": 16, "name": "Stock Deposit", "fill": "#c7c7c7"}, {"layer": 2, "name": "Electricity", "fill": "#bcbd22"}, {"layer": 0, "name": "Fossil Fuels", "fill": "#c49c94"}, {"layer": 0, "name": "Renewables & Nuclear", "fill": "#2ca02c"}, {"layer": 2, "name": "Fertilizers", "fill": "#c5b0d5"}, {"layer": 0, "name": "Labor", "fill": "#7f7f7f"}], "links": [{"source": 0, "prod": 2.0, "target": 1, "value": 0.0074473976465789481, "supply": [{"l": "Maize", "v": 0.0074473976465789481}]}, {"source": 2, "prod": 19.0, "target": 3, "value": 0.011874054355757087, "supply": [{"l": "Milk - Excluding Butter", "v": 0.011874054355757087}]}, {"source": 4, "prod": 14.0, "target": 3, "value": 0.032813489501343225, "supply": [{"l": "Pigmeat", "v": 0.012832036296495607}, {"l": "Mutton & Goat Meat", "v": 0.0022280474174709948}, {"l": "Bovine Meat", "v": 0.010475162466486651}, {"l": "Poultry Meat", "v": 0.0072782433208899702}]}, {"source": 5, "prod": 27.0, "target": 3, "value": 0.0075295837148126668, "supply": [{"l": "Tomatoes", "v": 0.0013958468703162477}, {"l": "Vegetables, Other", "v": 0.0057460640902909392}, {"l": "Onions", "v": 0.00038767275420547952}]}, {"source": 6, "prod": 10.0, "target": 3, "value": 0.013528797672863357, "supply": [{"l": "Beer", "v": 0.0024928548720475874}, {"l": "Beverages, Alcoholic", "v": 0.010254651391266689}, {"l": "Wine", "v": 0.00078129140954907991}]}, {"source": 7, "prod": 2.0, "target": 3, "value": 0.016724283475168019, "supply": [{"l": "Fats, Animals, Raw", "v": 0.016724283475168019}]}, {"source": 8, "prod": 6.0, "target": 3, "value": 0.0054436241005194896, "supply": [{"l": "Potatoes", "v": 0.0032384663168319588}, {"l": "Sweet potatoes", "v": 0.00095662347234929572}, {"l": "Cassava", "v": 0.0012485343113382353}]}, {"source": 9, "prod": 1.0, "target": 3, "value": 0.003988011474629437, "supply": [{"l": "Pulses, Other", "v": 0.003988011474629437}]}, {"source": 10, "prod": 4.0, "target": 3, "value": 0.0035686217509415434, "supply": [{"l": "Fish, Seafood", "v": 0.0020863976015557655}, {"l": "Demersal Fish", "v": 0.00042592140386789302}, {"l": "Marine Fish, Other", "v": 0.0010563027455178849}]}, {"source": 11, "prod": 7.0, "target": 3, "value": 0.024983841120224708, "supply": [{"l": "Sugar", "v": 0.023154636319363639}, {"l": "Sweeteners, Other", "v": 0.0018292048008610698}]}, {"source": 0, "prod": 15.0, "target": 3, "value": 0.051316738665199611, "supply": [{"l": "Maize", "v": 0.003723698823289474}, {"l": "Cereals, Other", "v": 0.0062046528504993911}, {"l": "Rice", "v": 0.016962305058222805}, {"l": "Wheat", "v": 0.024426081933187939}]}, {"source": 12, "prod": 18.0, "target": 3, "value": 0.009764771276673986, "supply": [{"l": "Fruits, Other", "v": 0.0030725834861885714}, {"l": "Apples", "v": 0.00055490413837254904}, {"l": "Lemons, Limes", "v": 0.00025044346068141596}, {"l": "Bananas", "v": 0.0043433568128021238}, {"l": "Oranges, Mandarines", "v": 0.00062811590508754641}, {"l": "Plantains", "v": 0.00091536747354177897}]}, {"source": 13, "prod": 46.0, "target": 14, "value": 0.017751887844845451, "supply": [{"l": "Sugar cane", "v": 0.017751887844845451}]}, {"source": 8, "prod": 1.0, "target": 15, "value": 0.00080961657920798971, "supply": [{"l": "Potatoes", "v": 0.00080961657920798971}]}, {"source": 4, "prod": 1.0, "target": 15, "value": 0.0018195608302224925, "supply": [{"l": "Poultry Meat", "v": 0.0018195608302224925}]}, {"source": 5, "prod": 3.0, "target": 15, "value": 0.00080425554736903641, "supply": [{"l": "Vegetables, Other", "v": 0.00060484885160957253}, {"l": "Tomatoes", "v": 0.00019940669575946391}]}, {"source": 6, "prod": 3.0, "target": 15, "value": 0.0016122430335649425, "supply": [{"l": "Beer", "v": 0.00083095162401586255}, {"l": "Wine", "v": 0.00078129140954907991}]}, {"source": 2, "prod": 2.0, "target": 15, "value": 0.001249900458500746, "supply": [{"l": "Milk - Excluding Butter", "v": 0.001249900458500746}]}, {"source": 12, "prod": 4.0, "target": 15, "value": 0.0020407142962145033, "supply": [{"l": "Bananas", "v": 0.00072389280213368723}, {"l": "Fruits, Other", "v": 0.0013168214940808163}]}, {"source": 0, "prod": 2.0, "target": 15, "value": 0.0061065204832969847, "supply": [{"l": "Wheat", "v": 0.0061065204832969847}]}, {"source": 16, "prod": 1.0, "target": 15, "value": 0.010325716196472974, "supply": [{"l": "Oilcrops Oil, Other", "v": 0.010325716196472974}]}, {"source": 5, "prod": 1.0, "target": 17, "value": 0.00030242442580478626, "supply": [{"l": "Vegetables, Other", "v": 0.00030242442580478626}]}, {"source": 18, "prod": 29.0, "target": 1, "value": 0.036655804435784742, "supply": [{"l": "Pigmeat", "v": 0.012832036296495607}, {"l": "Milk - Excluding Butter", "v": 0.011249104126506714}, {"l": "Fish, Seafood", "v": 0.0010431988007778828}, {"l": "Bovine Meat", "v": 0.010475162466486651}, {"l": "Marine Fish, Other", "v": 0.0010563027455178849}]}, {"source": 18, "prod": 18.0, "target": 0, "value": 0.060630080530519839, "supply": [{"l": "Maize", "v": 0.011171096469868422}, {"l": "Cereals, Other", "v": 0.0062046528504993911}, {"l": "Rice", "v": 0.012721728793667104}, {"l": "Wheat", "v": 0.030532602416484922}]}, {"source": 18, "prod": 20.0, "target": 14, "value": 0.069979108771996507, "supply": [{"l": "Sugar", "v": 0.023154636319363639}, {"l": "Beer", "v": 0.0016619032480317251}, {"l": "Beverages, Alcoholic", "v": 0.013672868521688919}, {"l": "Oilcrops Oil, Other", "v": 0.010325716196472974}, {"l": "Wine", "v": 0.00078129140954907991}, {"l": "Fats, Animals, Raw", "v": 0.016724283475168019}, {"l": "Sweeteners, Other", "v": 0.0036584096017221396}]}, {"source": 18, "prod": 7.0, "target": 5, "value": 0.0021169709806335042, "supply": [{"l": "Vegetables, Other", "v": 0.0021169709806335042}]}, {"source": 18, "prod": 11.0, "target": 12, "value": 0.0051709710031904461, "supply": [{"l": "Fruits, Other", "v": 0.0030725834861885714}, {"l": "Apples", "v": 0.00055490413837254904}, {"l": "Oranges, Mandarines", "v": 0.00062811590508754641}, {"l": "Plantains", "v": 0.00091536747354177897}]}, {"source": 18, "prod": 5.0, "target": 8, "value": 0.0040480828960399486, "supply": [{"l": "Potatoes", "v": 0.0040480828960399486}]}, {"source": 10, "prod": 2.0, "target": 19, "value": 0.0016142772750222774, "supply": [{"l": "Crustaceans", "v": 0.00057107847424439466}, {"l": "Fish, Seafood", "v": 0.0010431988007778828}]}, {"source": 6, "prod": 10.0, "target": 19, "value": 0.034182171304222297, "supply": [{"l": "Beverages, Alcoholic", "v": 0.034182171304222297}]}, {"source": 20, "prod": 3.0, "target": 14, "value": 0.0012464274360237937, "supply": [{"l": "Beer", "v": 0.0012464274360237937}]}, {"source": 12, "prod": 1.0, "target": 21, "value": 0.00043894049802693883, "supply": [{"l": "Fruits, Other", "v": 0.00043894049802693883}]}, {"source": 20, "prod": 2.0, "target": 1, "value": 0.001249900458500746, "supply": [{"l": "Milk - Excluding Butter", "v": 0.001249900458500746}]}, {"source": 20, "prod": 1.0, "target": 0, "value": 0.0042405762645557014, "supply": [{"l": "Rice", "v": 0.0042405762645557014}]}, {"source": 1, "prod": 21.0, "target": 2, "value": 0.013123954814257833, "supply": [{"l": "Milk - Excluding Butter", "v": 0.013123954814257833}]}, {"source": 1, "prod": 15.0, "target": 4, "value": 0.034633050331565718, "supply": [{"l": "Poultry Meat", "v": 0.0090978041511124621}, {"l": "Bovine Meat", "v": 0.010475162466486651}, {"l": "Pigmeat", "v": 0.012832036296495607}, {"l": "Mutton & Goat Meat", "v": 0.0022280474174709948}]}, {"source": 1, "prod": 6.0, "target": 10, "value": 0.0051828990259638209, "supply": [{"l": "Marine Fish, Other", "v": 0.0010563027455178849}, {"l": "Demersal Fish", "v": 0.00042592140386789302}, {"l": "Fish, Seafood", "v": 0.0031295964023336483}, {"l": "Crustaceans", "v": 0.00057107847424439466}]}, {"source": 14, "prod": 7.0, "target": 11, "value": 0.024983841120224708, "supply": [{"l": "Sweeteners, Other", "v": 0.0018292048008610698}, {"l": "Sugar", "v": 0.023154636319363639}]}, {"source": 14, "prod": 1.0, "target": 16, "value": 0.010325716196472974, "supply": [{"l": "Oilcrops Oil, Other", "v": 0.010325716196472974}]}, {"source": 14, "prod": 2.0, "target": 7, "value": 0.016724283475168019, "supply": [{"l": "Fats, Animals, Raw", "v": 0.016724283475168019}]}, {"source": 14, "prod": 23.0, "target": 6, "value": 0.049323212010650597, "supply": [{"l": "Beer", "v": 0.0033238064960634502}, {"l": "Beverages, Alcoholic", "v": 0.044436822695488987}, {"l": "Wine", "v": 0.0015625828190981598}]}, {"source": 22, "prod": 0, "target": 5, "value": 0.00021005781139779475, "supply": "[{\"l\":'Energy for power irrigation',\"v\":0.00021005781139779475}]"}, {"source": 22, "prod": 0, "target": 13, "value": 0.000351369429974493, "supply": "[{\"l\":'Energy for power irrigation',\"v\":0.000351369429974493}]"}, {"source": 22, "prod": 0, "target": 8, "value": 3.0553863476042875e-05, "supply": "[{\"l\":'Energy for power irrigation',\"v\":3.0553863476042875e-05}]"}, {"source": 22, "prod": 0, "target": 9, "value": 7.6384658690107187e-06, "supply": "[{\"l\":'Energy for power irrigation',\"v\":7.6384658690107187e-06}]"}, {"source": 22, "prod": 0, "target": 12, "value": 0.00012603468683867683, "supply": "[{\"l\":'Energy for power irrigation',\"v\":0.00012603468683867683}]"}, {"source": 22, "prod": 0, "target": 0, "value": 7.6384658690107171e-05, "supply": "[{\"l\":'Energy for power irrigation',\"v\":7.6384658690107171e-05}]"}, {"source": 22, "prod": 0, "target": 14, "value": 0.009667898948895309, "supply": "[{\"l\":'Electricity',\"v\":0.009667898948895309}]"}, {"source": 23, "prod": 0, "target": 22, "value": 0.018532694162602892, "supply": [{"l": "Coal", "v": 0.0097491686525091621}, {"l": "Natural gas", "v": 0.0026518074514509959}, {"l": "Oil", "v": 0.0061317180586427326}]}, {"source": 24, "prod": 0, "target": 22, "value": 0.0031974320242546964, "supply": [{"l": "Nuclear", "v": 0.00066547900018790944}, {"l": "Hydroelectric", "v": 0.0024984072566998517}, {"l": "Renewable", "v": 3.3545767366935469e-05}]}, {"source": 23, "prod": 0, "target": 5, "value": 0.037739633259901421, "supply": [{"l": "Other fossil fuels", "v": 0.037739633259901421}]}, {"source": 23, "prod": 0, "target": 13, "value": 0.063128113816562373, "supply": [{"l": "Other fossil fuels", "v": 0.063128113816562373}]}, {"source": 23, "prod": 0, "target": 8, "value": 0.0054894012014402071, "supply": [{"l": "Other fossil fuels", "v": 0.0054894012014402071}]}, {"source": 23, "prod": 0, "target": 9, "value": 0.0013723503003600518, "supply": [{"l": "Other fossil fuels", "v": 0.0013723503003600518}]}, {"source": 23, "prod": 0, "target": 12, "value": 0.02264377995594085, "supply": [{"l": "Other fossil fuels", "v": 0.02264377995594085}]}, {"source": 23, "prod": 0, "target": 0, "value": 0.013723503003600515, "supply": [{"l": "Other fossil fuels", "v": 0.013723503003600515}]}, {"source": 25, "prod": 0.29883333333333334, "target": 5, "value": 0.0028428925287293403, "supply": [{"l": "Potash", "v": 0.000769166667282}, {"l": "Phosphate", "v": 0.0015907500012725998}, {"l": "Nitrogen", "v": 0.0084947638956846989}]}, {"source": 25, "prod": 0.49986666666666668, "target": 13, "value": 0.004755383866238169, "supply": [{"l": "Potash", "v": 0.000769166667282}, {"l": "Phosphate", "v": 0.0015907500012725998}, {"l": "Nitrogen", "v": 0.0084947638956846989}]}, {"source": 25, "prod": 0.043466666666666674, "target": 8, "value": 0.00041351164054244957, "supply": [{"l": "Potash", "v": 0.000769166667282}, {"l": "Phosphate", "v": 0.0015907500012725998}, {"l": "Nitrogen", "v": 0.0084947638956846989}]}, {"source": 25, "prod": 0.010866666666666669, "target": 9, "value": 0.00010337791013561239, "supply": [{"l": "Potash", "v": 0.000769166667282}, {"l": "Phosphate", "v": 0.0015907500012725998}, {"l": "Nitrogen", "v": 0.0084947638956846989}]}, {"source": 25, "prod": 0.17929999999999999, "target": 12, "value": 0.0017057355172376042, "supply": [{"l": "Potash", "v": 0.000769166667282}, {"l": "Phosphate", "v": 0.0015907500012725998}, {"l": "Nitrogen", "v": 0.0084947638956846989}]}, {"source": 25, "prod": 0.10866666666666666, "target": 0, "value": 0.0010337791013561237, "supply": [{"l": "Potash", "v": 0.000769166667282}, {"l": "Phosphate", "v": 0.0015907500012725998}, {"l": "Nitrogen", "v": 0.0084947638956846989}]}, {"source": 23, "prod": 0, "target": 25, "value": 0.013516130609070401, "supply": [{"l": "Natural gas (including LNG)", "v": 0.0090090227118717787}, {"l": "Fuel oil", "v": 0.0030054784048250032}, {"l": "Liquefied petroleum gas (LPG)", "v": 0.00075081474618680997}, {"l": "Coal", "v": 0.00075081474618680997}]}, {"source": 26, "prod": 0, "target": 8, "value": 0.00010683492050343019, "supply": "[{\"l\":'Labor',\"v\":0.00010683492050343019}]"}, {"source": 26, "prod": 0, "target": 5, "value": 0.00073449007846108254, "supply": "[{\"l\":'Labor',\"v\":0.00073449007846108254}]"}, {"source": 26, "prod": 0, "target": 13, "value": 0.0012286015857894471, "supply": "[{\"l\":'Labor',\"v\":0.0012286015857894471}]"}, {"source": 26, "prod": 0, "target": 9, "value": 2.6708730125857549e-05, "supply": "[{\"l\":'Labor',\"v\":2.6708730125857549e-05}]"}, {"source": 26, "prod": 0, "target": 0, "value": 0.00026708730125857543, "supply": "[{\"l\":'Labor',\"v\":0.00026708730125857543}]"}, {"source": 26, "prod": 0, "target": 12, "value": 0.00044069404707664954, "supply": "[{\"l\":'Labor',\"v\":0.00044069404707664954}]"}, {"source": 23, "prod": 0, "target": 18, "value": 0.77414694745382451, "supply": "[{\"l\":'Fossil Fuels',\"v\":0.77414694745382451}]"}, {"source": 24, "prod": 0, "target": 18, "value": 0.046995787752978753, "supply": "[{\"l\":'Renewables & Nuclear',\"v\":0.0018490479635154781},{\"l\":'Biomass & Waste',\"v\":0.045146739789463278}]"}]}