{"nodes": [{"layer": 3, "name": "Cereals", "fill": "#e7ba52"}, {"layer": 5, "name": "Production", "fill": "#b5cf6b"}, {"layer": 3, "name": "Fruits, Roots & Vegetables", "fill": "#98df8a"}, {"layer": 3, "name": "Sugar Crops", "fill": "#ffbb78"}, {"layer": 1, "name": "Electricity", "fill": "#bcbd22"}, {"layer": 0, "name": "Fossil Fuels", "fill": "#c49c94"}, {"layer": 0, "name": "Renewables & Nuclear", "fill": "#2ca02c"}, {"layer": 1, "name": "Fertilizers", "fill": "#c5b0d5"}, {"layer": 0, "name": "Labor", "fill": "#7f7f7f"}], "links": [{"source": 0, "prod": 1.0, "target": 1, "value": 0.0036437911232188847, "supply": [{"l": "Maize", "v": 0.0036437911232188847}]}, {"source": 2, "prod": 45.0, "target": 1, "value": 0.021869654785241041, "supply": [{"l": "Bananas", "v": 0.0057321244051757973}, {"l": "Vegetables, Other", "v": 0.0062874884155825787}, {"l": "Fruits, Other", "v": 0.0020051177964638444}, {"l": "Pulses, Other", "v": 0.003933082527091054}, {"l": "Onions", "v": 0.00078490292608012326}, {"l": "Tomatoes", "v": 0.0018167483881346854}, {"l": "Cassava", "v": 0.0013101903267129632}]}, {"source": 3, "prod": 52.0, "target": 1, "value": 0.018920645678108573, "supply": [{"l": "Sugar cane", "v": 0.018920645678108573}]}, {"source": 4, "prod": 0, "target": 2, "value": 0.00038145753333657171, "supply": "[{\"l\":'Energy for power irrigation',\"v\":0.00038145753333657171}]"}, {"source": 4, "prod": 0, "target": 3, "value": 0.00033907336296584158, "supply": "[{\"l\":'Energy for power irrigation',\"v\":0.00033907336296584158}]"}, {"source": 4, "prod": 0, "target": 0, "value": 8.1508019943711917e-05, "supply": "[{\"l\":'Energy for power irrigation',\"v\":8.1508019943711917e-05}]"}, {"source": 5, "prod": 0, "target": 4, "value": 0.0013561934173452247, "supply": [{"l": "Coal", "v": 0.00081074831492309522}, {"l": "Natural gas", "v": 0.00018449805553826681}, {"l": "Oil", "v": 0.00036094704688386276}]}, {"source": 6, "prod": 0, "target": 4, "value": 0.00026566307061803005, "supply": [{"l": "Nuclear", "v": 8.6284833648122731e-05}, {"l": "Hydroelectric", "v": 0.00017574843024633971}, {"l": "Renewable", "v": 3.6298067235676526e-06}]}, {"source": 5, "prod": 0, "target": 2, "value": 0.071389411585040807, "supply": [{"l": "Other fossil fuels", "v": 0.071389411585040807}]}, {"source": 5, "prod": 0, "target": 3, "value": 0.063457254742258495, "supply": [{"l": "Other fossil fuels", "v": 0.063457254742258495}]}, {"source": 5, "prod": 0, "target": 0, "value": 0.015254147774581369, "supply": [{"l": "Other fossil fuels", "v": 0.015254147774581369}]}, {"source": 7, "prod": 0.57073170731707312, "target": 2, "value": 0.0055294918743422914, "supply": [{"l": "Potash", "v": 0.000769166667282}, {"l": "Phosphate", "v": 0.00168333333468}, {"l": "Nitrogen", "v": 0.009173611118449998}]}, {"source": 7, "prod": 0.50731707317073171, "target": 3, "value": 0.0049151038883042597, "supply": [{"l": "Potash", "v": 0.000769166667282}, {"l": "Phosphate", "v": 0.00168333333468}, {"l": "Nitrogen", "v": 0.009173611118449998}]}, {"source": 7, "prod": 0.12195121951219512, "target": 0, "value": 0.001181515357765447, "supply": [{"l": "Potash", "v": 0.000769166667282}, {"l": "Phosphate", "v": 0.00168333333468}, {"l": "Nitrogen", "v": 0.009173611118449998}]}, {"source": 5, "prod": 0, "target": 7, "value": 0.014420664372247705, "supply": [{"l": "Natural gas (including LNG)", "v": 0.0096314227407306718}, {"l": "Fuel oil", "v": 0.0031676115101632327}, {"l": "Liquefied petroleum gas (LPG)", "v": 0.00081081506067690046}, {"l": "Coal", "v": 0.00081081506067690046}]}, {"source": 8, "prod": 0, "target": 2, "value": 0.001621738726929649, "supply": "[{\"l\":'Labor',\"v\":0.001621738726929649}]"}, {"source": 8, "prod": 0, "target": 3, "value": 0.0014415455350485771, "supply": "[{\"l\":'Labor',\"v\":0.0014415455350485771}]"}, {"source": 8, "prod": 0, "target": 0, "value": 0.00034652536900206174, "supply": "[{\"l\":'Labor',\"v\":0.00034652536900206174}]"}]}