{"nodes": [{"layer": 5, "name": "Fruits, Roots & Vegetables", "fill": "#98df8a"}, {"layer": 10, "name": "Feed", "fill": "#dbdb8d"}, {"layer": 5, "name": "Cereals", "fill": "#e7ba52"}, {"layer": 13, "name": "Other Processed", "fill": "#9c9ede"}, {"layer": 16, "name": "Food", "fill": "#b5cf6b"}, {"layer": 13, "name": "Animal Products", "fill": "#17becf"}, {"layer": 5, "name": "Oilcrops", "fill": "#ff9896"}, {"layer": 5, "name": "Sugar Crops", "fill": "#ffbb78"}, {"layer": 13, "name": "Sugar", "fill": "#d6616b"}, {"layer": 13, "name": "Aquatic Products", "fill": "#1f77b4"}, {"layer": 13, "name": "Vegetable Oils", "fill": "#f7b6d2"}, {"layer": 10, "name": "Processing", "fill": "#9edae5"}, {"layer": 16, "name": "Biofuels & Other", "fill": "#e7ba52"}, {"name": "Waste", "fill": "#c7c7c7"}, {"layer": 2, "name": "Import", "fill": "#aec7e8"}, {"layer": 16, "name": "Export", "fill": "#aec7e8"}, {"layer": 16, "name": "Stock Deposit", "fill": "#c7c7c7"}, {"layer": 0, "name": "Stock Draw", "fill": "#c7c7c7"}, {"name": "Crop Residue", "fill": "#bd9e39"}, {"layer": 2, "name": "Electricity", "fill": "#bcbd22"}, {"layer": 0, "name": "Fossil Fuels", "fill": "#c49c94"}, {"layer": 0, "name": "Renewables & Nuclear", "fill": "#2ca02c"}, {"layer": 2, "name": "Fertilizers", "fill": "#c5b0d5"}, {"layer": 0, "name": "Labor", "fill": "#7f7f7f"}], "links": [{"source": 0, "prod": 2283.0, "target": 1, "value": 2.5353824030657317, "supply": [{"l": "Cassava", "v": 0.91627864483174859}, {"l": "Plantains", "v": 1.6191037582339831}]}, {"source": 2, "prod": 123.0, "target": 1, "value": 0.42575860479463645, "supply": [{"l": "Maize", "v": 0.14039291884441293}, {"l": "Sorghum", "v": 0.1449565596306705}, {"l": "Millet", "v": 0.14040912631955307}]}, {"source": 3, "prod": 2206.0, "target": 4, "value": 1.0410570609671081, "supply": [{"l": "Beer", "v": 0.0061745696851636363}, {"l": "Beverages, Alcoholic", "v": 0.01643232254922581}, {"l": "Fats, Animals, Raw", "v": 0.038342085948193549}, {"l": "Butter, Ghee", "v": 0.010612541646375}, {"l": "Beverages, Fermented", "v": 0.96949554113815006}]}, {"source": 5, "prod": 545.0, "target": 4, "value": 0.63538291102931566, "supply": [{"l": "Meat, Other", "v": 0.02336706417550459}, {"l": "Eggs", "v": 0.011577318159681819}, {"l": "Pigmeat", "v": 0.047166851761666677}, {"l": "Milk - Excluding Butter", "v": 0.25889527892065101}, {"l": "Mutton & Goat Meat", "v": 0.042450166585500007}, {"l": "Poultry Meat", "v": 0.035334242707005782}, {"l": "Offals, Edible", "v": 0.023772093287880002}, {"l": "Bovine Meat", "v": 0.19281989543142583}]}, {"source": 2, "prod": 693.0, "target": 4, "value": 2.3573010115886612, "supply": [{"l": "Maize", "v": 0.78116059972404117}, {"l": "Rice", "v": 0.076534241946120435}, {"l": "Wheat", "v": 0.065812003229869132}, {"l": "Sorghum", "v": 0.45717068806596084}, {"l": "Millet", "v": 0.97662347862266929}]}, {"source": 6, "prod": 95.0, "target": 4, "value": 0.59371301454345504, "supply": [{"l": "Sunflower seed", "v": 0.0056600222113999997}, {"l": "Sesame seed", "v": 0.23281263236735156}, {"l": "Soyabeans", "v": 0.035658139931820002}, {"l": "Groundnuts", "v": 0.31958222003288356}]}, {"source": 0, "prod": 6683.0, "target": 4, "value": 8.0844229859267234, "supply": [{"l": "Plantains", "v": 2.3183328284885825}, {"l": "Fruits, Other", "v": 0.018122955734578845}, {"l": "Tomatoes", "v": 0.0019676634155734434}, {"l": "Pepper", "v": 0.0060643095122142861}, {"l": "Vegetables, Other", "v": 0.072253766003179468}, {"l": "Peas", "v": 0.0419059336805577}, {"l": "Pimento", "v": 0.010612541646375}, {"l": "Potatoes", "v": 0.07253074820568875}, {"l": "Beans", "v": 1.0363318087711741}, {"l": "Pulses, Other", "v": 0.23480248392604688}, {"l": "Bananas", "v": 0.23483070877085108}, {"l": "Tea", "v": 0.0024490480722403844}, {"l": "Sweet potatoes", "v": 1.5478384929970594}, {"l": "Onions", "v": 0.0060643095122142861}, {"l": "Cassava", "v": 2.480315387190386}]}, {"source": 7, "prod": 180.0, "target": 4, "value": 0.060213002248936165, "supply": [{"l": "Sugar cane", "v": 0.060213002248936165}]}, {"source": 8, "prod": 23.0, "target": 4, "value": 0.089696610246691136, "supply": [{"l": "Sugar", "v": 0.064407149302137937}, {"l": "Sugar non-centrifugal", "v": 0.025289460944553196}]}, {"source": 9, "prod": 424.0, "target": 4, "value": 0.33687740834792074, "supply": [{"l": "Freshwater Fish", "v": 0.16832611145726653}, {"l": "Fish, Seafood", "v": 0.16855129689065421}]}, {"source": 10, "prod": 13.0, "target": 4, "value": 0.1318854230727311, "supply": [{"l": "Groundnut Oil", "v": 0.039184769155846164}, {"l": "Oilcrops Oil, Other", "v": 0.069546017597521284}, {"l": "Cottonseed Oil", "v": 0.023154636319363639}]}, {"source": 0, "prod": 1250.0, "target": 11, "value": 1.2948686486196284, "supply": [{"l": "Plantains", "v": 1.2948686486196284}]}, {"source": 7, "prod": 139.0, "target": 11, "value": 0.046497818403345159, "supply": [{"l": "Sugar cane", "v": 0.046497818403345159}]}, {"source": 2, "prod": 283.0, "target": 11, "value": 1.0140177964927135, "supply": [{"l": "Maize", "v": 0.14399273727632095}, {"l": "Barley", "v": 0.010799455295724071}, {"l": "Millet", "v": 0.17161115439056487}, {"l": "Sorghum", "v": 0.68761444953010364}]}, {"source": 6, "prod": 54.0, "target": 11, "value": 0.28579574653687878, "supply": [{"l": "Groundnuts", "v": 0.070308088407234376}, {"l": "Cottonseed", "v": 0.12634230830009441}, {"l": "Oilcrops, Other", "v": 0.089145349829550011}]}, {"source": 8, "prod": 4.0, "target": 11, "value": 0.014451120539744683, "supply": [{"l": "Sugar non-centrifugal", "v": 0.014451120539744683}]}, {"source": 10, "prod": 2.0, "target": 12, "value": 0.021512463530756289, "supply": [{"l": "Cottonseed Oil", "v": 0.011577318159681819}, {"l": "Oilcrops Oil, Other", "v": 0.0099351453710744692}]}, {"source": 0, "prod": 43.0, "target": 0, "value": 0.10730924946935995, "supply": [{"l": "Potatoes", "v": 0.016867615861788081}, {"l": "Peas", "v": 0.0038096303345961542}, {"l": "Beans", "v": 0.06673348768602258}, {"l": "Pulses, Other", "v": 0.019898515586953127}]}, {"source": 5, "prod": 1.0, "target": 5, "value": 0.001286368684409091, "supply": [{"l": "Eggs", "v": 0.001286368684409091}]}, {"source": 2, "prod": 23.0, "target": 2, "value": 0.080568912707994017, "supply": [{"l": "Maize", "v": 0.032398365887172223}, {"l": "Millet", "v": 0.021841419649708257}, {"l": "Rice", "v": 0.0040281179971642335}, {"l": "Sorghum", "v": 0.02230100917394931}]}, {"source": 6, "prod": 11.0, "target": 6, "value": 0.067139400546342307, "supply": [{"l": "Soyabeans", "v": 0.0050940199902600007}, {"l": "Sesame seed", "v": 0.0064670175657597665}, {"l": "Cottonseed", "v": 0.017228496586376509}, {"l": "Groundnuts", "v": 0.038349866403946026}]}, {"source": 3, "prod": 188.0, "target": 13, "value": 0.083569537704709859, "supply": [{"l": "Beverages, Fermented", "v": 0.083569537704709859}]}, {"source": 5, "prod": 19.0, "target": 13, "value": 0.014935714171208821, "supply": [{"l": "Milk - Excluding Butter", "v": 0.012362976802390638}, {"l": "Eggs", "v": 0.002572737368818182}]}, {"source": 2, "prod": 119.0, "target": 13, "value": 0.41755672023854967, "supply": [{"l": "Maize", "v": 0.16559164786776912}, {"l": "Rice", "v": 0.0040281179971642335}, {"l": "Sorghum", "v": 0.1449565596306705}, {"l": "Wheat", "v": 0.0031339049157080544}, {"l": "Millet", "v": 0.099846489827237761}]}, {"source": 6, "prod": 7.0, "target": 13, "value": 0.044892257134807892, "supply": [{"l": "Groundnuts", "v": 0.031958222003288357}, {"l": "Sesame seed", "v": 0.012934035131519533}]}, {"source": 0, "prod": 1889.0, "target": 13, "value": 2.0513189920503652, "supply": [{"l": "Potatoes", "v": 0.021927900620324504}, {"l": "Fruits, Other", "v": 0.0019592384577923078}, {"l": "Beans", "v": 0.05888248913472581}, {"l": "Pulses, Other", "v": 0.015918812469562501}, {"l": "Tomatoes", "v": 0.00028109477365334903}, {"l": "Bananas", "v": 0.041440713312503125}, {"l": "Vegetables, Other", "v": 0.0080281962225754958}, {"l": "Peas", "v": 0.0038096303345961542}, {"l": "Sweet potatoes", "v": 0.2736078144186721}, {"l": "Plantains", "v": 1.2430739026748432}, {"l": "Onions", "v": 0.0006064309512214287}, {"l": "Cassava", "v": 0.38178276867989519}]}, {"source": 7, "prod": 61.0, "target": 13, "value": 0.020405517428806145, "supply": [{"l": "Sugar cane", "v": 0.020405517428806145}]}, {"source": 14, "prod": 6.0, "target": 11, "value": 0.032660314232896975, "supply": [{"l": "Beer", "v": 0.00038591060532272727}, {"l": "Fats, Animals, Raw", "v": 0.0095855214870483874}, {"l": "Butter, Ghee", "v": 0.010612541646375}, {"l": "Sugar", "v": 0.01207634049415086}]}, {"source": 14, "prod": 32.0, "target": 2, "value": 0.1116318836001069, "supply": [{"l": "Maize", "v": 0.028798547455264192}, {"l": "Wheat", "v": 0.047008573735620819}, {"l": "Barley", "v": 0.003599818431908024}, {"l": "Rice", "v": 0.032224943977313868}]}, {"source": 14, "prod": 25.0, "target": 1, "value": 0.019620129988262153, "supply": [{"l": "Milk - Excluding Butter", "v": 0.017453614309257369}, {"l": "Bovine Meat", "v": 0.0021665156790047846}]}, {"source": 0, "prod": 136.0, "target": 15, "value": 0.054725642108087613, "supply": [{"l": "Coffee", "v": 0.052276594035847231}, {"l": "Tea", "v": 0.0024490480722403844}]}, {"source": 2, "prod": 40.0, "target": 15, "value": 0.14399273727632095, "supply": [{"l": "Maize", "v": 0.14399273727632095}]}, {"source": 0, "prod": 13.0, "target": 16, "value": 0.0051097422741805554, "supply": [{"l": "Coffee", "v": 0.0051097422741805554}]}, {"source": 17, "prod": 311.0, "target": 2, "value": 1.078957039757019, "supply": [{"l": "Maize", "v": 0.1619918294358611}, {"l": "Barley", "v": 0.003599818431908024}, {"l": "Millet", "v": 0.3744243368521416}, {"l": "Sorghum", "v": 0.53894105503710832}]}, {"source": 17, "prod": 11.0, "target": 11, "value": 0.044279915145219825, "supply": [{"l": "Sugar", "v": 0.044279915145219825}]}, {"source": 1, "prod": 424.0, "target": 9, "value": 0.33687740834792074, "supply": [{"l": "Freshwater Fish", "v": 0.16832611145726653}, {"l": "Fish, Seafood", "v": 0.16855129689065421}]}, {"source": 1, "prod": 564.0, "target": 5, "value": 0.65031862520052452, "supply": [{"l": "Poultry Meat", "v": 0.035334242707005782}, {"l": "Pigmeat", "v": 0.047166851761666677}, {"l": "Bovine Meat", "v": 0.19281989543142583}, {"l": "Eggs", "v": 0.015436424212909094}, {"l": "Milk - Excluding Butter", "v": 0.27125825572304163}, {"l": "Offals, Edible", "v": 0.023772093287880002}, {"l": "Meat, Other", "v": 0.02336706417550459}, {"l": "Mutton & Goat Meat", "v": 0.042450166585500007}]}, {"source": 11, "prod": 2394.0, "target": 3, "value": 1.124626598671818, "supply": [{"l": "Fats, Animals, Raw", "v": 0.038342085948193549}, {"l": "Beer", "v": 0.0061745696851636363}, {"l": "Beverages, Alcoholic", "v": 0.01643232254922581}, {"l": "Butter, Ghee", "v": 0.010612541646375}, {"l": "Beverages, Fermented", "v": 1.0530650788428599}]}, {"source": 11, "prod": 15.0, "target": 10, "value": 0.15339788660348738, "supply": [{"l": "Cottonseed Oil", "v": 0.034731954479045458}, {"l": "Oilcrops Oil, Other", "v": 0.079481162968595753}, {"l": "Groundnut Oil", "v": 0.039184769155846164}]}, {"source": 11, "prod": 27.0, "target": 8, "value": 0.10414773078643581, "supply": [{"l": "Sugar non-centrifugal", "v": 0.039740581484297877}, {"l": "Sugar", "v": 0.064407149302137937}]}, {"source": 0, "prod": 12295.5, "target": 18, "value": 44.119951289684479, "supply": [{"l": "Tomatoes", "v": 0.0090823475772990429}, {"l": "Vegetables, Other", "v": 1.0808666646}, {"l": "Peas", "v": 0.045326666580000001}, {"l": "Potatoes", "v": 0.23011999956000001}, {"l": "Beans", "v": 1.0303099980300001}, {"l": "Pulses, Other", "v": 0.23709333288000001}, {"l": "Sweet potatoes", "v": 2.8425049945650005}, {"l": "Onions", "v": 0.076706666520000008}, {"l": "Cassava", "v": 5.1759566567700004}]}, {"source": 7, "prod": 152.0, "target": 18, "value": 0.52997333231999999, "supply": [{"l": "Sugar cane", "v": 0.52997333231999999}]}, {"source": 2, "prod": 2218.0, "target": 18, "value": 7.44266809655256, "supply": [{"l": "Maize", "v": 2.5417799951400002}, {"l": "Barley", "v": 0.010459999980000001}, {"l": "Rice", "v": 0.11854666644000002}, {"l": "Wheat", "v": 0.10111333314000001}, {"l": "Sorghum", "v": 2.2279799957400002}, {"l": "Millet", "v": 2.7335466614400006}]}, {"source": 6, "prod": 166.5, "target": 18, "value": 0.60005726027410122, "supply": [{"l": "Sunflower seed", "v": 0.0069733333199999996}, {"l": "Sesame seed", "v": 0.13597999974}, {"l": "Cottonseed", "v": 0.08716666649999999}, {"l": "Oilcrops, Other", "v": 0.054123141433683325}, {"l": "Soyabeans", "v": 0.027893333280000002}, {"l": "Groundnuts", "v": 0.24929666619000002}]}, {"source": 19, "prod": 0, "target": 0, "value": 0.00010298759865559375, "supply": "[{\"l\":'Energy for power irrigation',\"v\":0.00010298759865559375}]"}, {"source": 19, "prod": 0, "target": 7, "value": 3.1828951640133076e-06, "supply": "[{\"l\":'Energy for power irrigation',\"v\":3.1828951640133076e-06}]"}, {"source": 19, "prod": 0, "target": 2, "value": 9.2890282549756809e-06, "supply": "[{\"l\":'Energy for power irrigation',\"v\":9.2890282549756809e-06}]"}, {"source": 19, "prod": 0, "target": 6, "value": 1.3946106442321468e-06, "supply": "[{\"l\":'Energy for power irrigation',\"v\":1.3946106442321468e-06}]"}, {"source": 19, "prod": 0, "target": 11, "value": 0.00026353593289973122, "supply": "[{\"l\":'Electricity',\"v\":0.00026353593289973122}]"}, {"source": 20, "prod": 0, "target": 19, "value": 0.00024398151829640476, "supply": [{"l": "Coal", "v": 5.7053328100641107e-06}, {"l": "Natural gas", "v": 8.5996823703265516e-05}, {"l": "Oil", "v": 0.00015227936178307513}]}, {"source": 21, "prod": 0, "target": 19, "value": 0.00028074028944155045, "supply": [{"l": "Nuclear", "v": 0.0}, {"l": "Hydroelectric", "v": 0.00027997981913155075}, {"l": "Renewable", "v": 7.6047030999968389e-07}]}, {"source": 20, "prod": 0, "target": 0, "value": 0.38476378814858703, "supply": [{"l": "Gas-Diesel oil", "v": 0.38476378814858703}]}, {"source": 20, "prod": 0, "target": 7, "value": 0.01189136183940979, "supply": [{"l": "Gas-Diesel oil", "v": 0.01189136183940979}]}, {"source": 20, "prod": 0, "target": 2, "value": 0.034704000736593313, "supply": [{"l": "Gas-Diesel oil", "v": 0.034704000736593313}]}, {"source": 20, "prod": 0, "target": 6, "value": 0.0052102940691098167, "supply": [{"l": "Gas-Diesel oil", "v": 0.0052102940691098167}]}, {"source": 22, "prod": 1.2357638627607199, "target": 0, "value": 0.0088774513929789078, "supply": [{"l": "Potash", "v": 0.0023130136817362192}, {"l": "Phosphate", "v": 0.00042083333367000001}, {"l": "Nitrogen", "v": 0.0073388888947599996}]}, {"source": 22, "prod": 0.038192043255587296, "target": 7, "value": 0.00027436310270684278, "supply": [{"l": "Potash", "v": 0.0023130136817362192}, {"l": "Phosphate", "v": 0.00042083333367000001}, {"l": "Nitrogen", "v": 0.0073388888947599996}]}, {"source": 22, "prod": 0.11146046308012188, "target": 2, "value": 0.00080070705500497009, "supply": [{"l": "Potash", "v": 0.0023130136817362192}, {"l": "Phosphate", "v": 0.00042083333367000001}, {"l": "Nitrogen", "v": 0.0073388888947599996}]}, {"source": 22, "prod": 0.016734145268566539, "target": 6, "value": 0.00012021435947549822, "supply": [{"l": "Potash", "v": 0.0023130136817362192}, {"l": "Phosphate", "v": 0.00042083333367000001}, {"l": "Nitrogen", "v": 0.0073388888947599996}]}, {"source": 20, "prod": 0, "target": 22, "value": 0.014263858793394132, "supply": [{"l": "Natural gas (including LNG)", "v": 0.0088074779154422803}, {"l": "Fuel oil", "v": 0.00415907678086881}, {"l": "Liquefied petroleum gas (LPG)", "v": 0.00064865204854152052}, {"l": "Coal", "v": 0.00064865204854152052}]}, {"source": 23, "prod": 0, "target": 2, "value": 0.25922659406790444, "supply": "[{\"l\":'Labor',\"v\":0.25922659406790444}]"}, {"source": 23, "prod": 0, "target": 6, "value": 0.038919051318580783, "supply": "[{\"l\":'Labor',\"v\":0.038919051318580783}]"}, {"source": 23, "prod": 0, "target": 0, "value": 2.8740492221478076, "supply": "[{\"l\":'Labor',\"v\":2.8740492221478076}]"}, {"source": 23, "prod": 0, "target": 7, "value": 0.088824261267631807, "supply": "[{\"l\":'Labor',\"v\":0.088824261267631807}]"}, {"source": 20, "prod": 0, "target": 14, "value": 0.039888735907985778, "supply": "[{\"l\":'Fossil Fuels',\"v\":0.039888735907985778}]"}, {"source": 21, "prod": 0, "target": 14, "value": 0.21871651084694771, "supply": "[{\"l\":'Renewables & Nuclear',\"v\":0.0047994320404420362},{\"l\":'Biomass & Waste',\"v\":0.21391707880650568}]"}]}