{"nodes": [{"layer": 3, "name": "Cereals", "fill": "#e7ba52"}, {"layer": 5, "name": "Production", "fill": "#b5cf6b"}, {"layer": 3, "name": "Oilcrops", "fill": "#ff9896"}, {"layer": 3, "name": "Fruits, Roots & Vegetables", "fill": "#98df8a"}, {"layer": 3, "name": "Sugar Crops", "fill": "#ffbb78"}, {"layer": 1, "name": "Electricity", "fill": "#bcbd22"}, {"layer": 0, "name": "Fossil Fuels", "fill": "#c49c94"}, {"layer": 0, "name": "Renewables & Nuclear", "fill": "#2ca02c"}, {"layer": 1, "name": "Fertilizers", "fill": "#c5b0d5"}, {"layer": 0, "name": "Labor", "fill": "#7f7f7f"}], "links": [{"source": 0, "prod": 1441.0, "target": 1, "value": 4.9217683761162601, "supply": [{"l": "Maize", "v": 1.5117276589480551}, {"l": "Rice", "v": 0.061855957024585712}, {"l": "Wheat", "v": 0.022511451977159095}, {"l": "Sorghum", "v": 1.2962081507249332}, {"l": "Millet", "v": 2.029465157441527}]}, {"source": 2, "prod": 389.0, "target": 1, "value": 2.3635980779402281, "supply": [{"l": "Sunflower seed", "v": 0.0060643095122142861}, {"l": "Sesame seed", "v": 0.20245464063853846}, {"l": "Soyabeans", "v": 0.019976548981411768}, {"l": "Oilcrops, Other", "v": 0.056600222114000003}, {"l": "Cottonseed", "v": 0.95549047306768931}, {"l": "Groundnuts", "v": 1.1230118836263741}, {"l": "Oil Palm", "v": 2.7755575615628914e-17}]}, {"source": 3, "prod": 12576.0, "target": 1, "value": 14.127070713145512, "supply": [{"l": "Plantains", "v": 7.825914937024451}, {"l": "Fruits, Other", "v": 0.017209526994121621}, {"l": "Tomatoes", "v": 0.0017078468702117302}, {"l": "Pepper", "v": 0.0060643095122142861}, {"l": "Vegetables, Other", "v": 0.050021621043438672}, {"l": "Peas", "v": 0.04293809953475862}, {"l": "Pimento", "v": 0.014982411736058824}, {"l": "Potatoes", "v": 0.10415887520020448}, {"l": "Coffee", "v": 0.062260244325399998}, {"l": "Beans", "v": 0.87355385626423365}, {"l": "Pulses, Other", "v": 0.3498787414362789}, {"l": "Bananas", "v": 0.19581625443064252}, {"l": "Tea", "v": 0.020919999960000001}, {"l": "Sweet potatoes", "v": 1.5904324724368237}, {"l": "Onions", "v": 0.0044684385879473687}, {"l": "Cassava", "v": 2.966743077788728}]}, {"source": 4, "prod": 1720.0, "target": 1, "value": 0.51600202492621916, "supply": [{"l": "Sugar cane", "v": 0.51600202492621916}]}, {"source": 5, "prod": 0, "target": 3, "value": 3.5565717626014395e-05, "supply": "[{\"l\":'Energy for power irrigation',\"v\":3.5565717626014395e-05}]"}, {"source": 5, "prod": 0, "target": 4, "value": 4.86349453941364e-06, "supply": "[{\"l\":'Energy for power irrigation',\"v\":4.86349453941364e-06}]"}, {"source": 5, "prod": 0, "target": 0, "value": 4.2965581119994335e-06, "supply": "[{\"l\":'Energy for power irrigation',\"v\":4.2965581119994335e-06}]"}, {"source": 5, "prod": 0, "target": 2, "value": 1.0957000779202241e-06, "supply": "[{\"l\":'Energy for power irrigation',\"v\":1.0957000779202241e-06}]"}, {"source": 6, "prod": 0, "target": 5, "value": 3.9920704650421377e-05, "supply": [{"l": "Coal", "v": 3.0987121184303095e-06}, {"l": "Natural gas", "v": 4.6363971159439276e-06}, {"l": "Oil", "v": 3.2185595416047139e-05}]}, {"source": 7, "prod": 0, "target": 5, "value": 3.0450614239418658e-05, "supply": [{"l": "Nuclear", "v": 0.0}, {"l": "Hydroelectric", "v": 3.0230085457267595e-05}, {"l": "Renewable", "v": 2.2052878215106203e-07}]}, {"source": 6, "prod": 0, "target": 3, "value": 0.33885655517526431, "supply": [{"l": "Gas-Diesel oil", "v": 0.33885655517526431}]}, {"source": 6, "prod": 0, "target": 4, "value": 0.046337515892944395, "supply": [{"l": "Gas-Diesel oil", "v": 0.046337515892944395}]}, {"source": 6, "prod": 0, "target": 0, "value": 0.040935962441470353, "supply": [{"l": "Gas-Diesel oil", "v": 0.040935962441470353}]}, {"source": 6, "prod": 0, "target": 2, "value": 0.010439411284020903, "supply": [{"l": "Gas-Diesel oil", "v": 0.010439411284020903}]}, {"source": 8, "prod": 6.2870595495217536, "target": 3, "value": 0.073213412208455869, "supply": [{"l": "Potash", "v": 0.003076666669128}, {"l": "Phosphate", "v": 0.010520833341749998}, {"l": "Nitrogen", "v": 0.080727777842359988}]}, {"source": 8, "prod": 0.85973464979944481, "target": 4, "value": 0.010011692558319614, "supply": [{"l": "Potash", "v": 0.003076666669128}, {"l": "Phosphate", "v": 0.010520833341749998}, {"l": "Nitrogen", "v": 0.080727777842359988}]}, {"source": 8, "prod": 0.75951558161061417, "target": 0, "value": 0.008844631885096892, "supply": [{"l": "Potash", "v": 0.003076666669128}, {"l": "Phosphate", "v": 0.010520833341749998}, {"l": "Nitrogen", "v": 0.080727777842359988}]}, {"source": 8, "prod": 0.19369021906818887, "target": 2, "value": 0.002255541201365611, "supply": [{"l": "Potash", "v": 0.003076666669128}, {"l": "Phosphate", "v": 0.010520833341749998}, {"l": "Nitrogen", "v": 0.080727777842359988}]}, {"source": 6, "prod": 0, "target": 8, "value": 0.11385103105315279, "supply": [{"l": "Natural gas (including LNG)", "v": 0.077019519664211653}, {"l": "Fuel oil", "v": 0.022561166321027691}, {"l": "Liquefied petroleum gas (LPG)", "v": 0.0071351725339567256}, {"l": "Coal", "v": 0.0071351725339567256}]}, {"source": 9, "prod": 0, "target": 3, "value": 1.9065619293501976, "supply": "[{\"l\":'Labor',\"v\":1.9065619293501976}]"}, {"source": 9, "prod": 0, "target": 4, "value": 0.26071605330595804, "supply": "[{\"l\":'Labor',\"v\":0.26071605330595804}]"}, {"source": 9, "prod": 0, "target": 0, "value": 0.23032444360372281, "supply": "[{\"l\":'Labor',\"v\":0.23032444360372281}]"}, {"source": 9, "prod": 0, "target": 2, "value": 0.058736901544220198, "supply": "[{\"l\":'Labor',\"v\":0.058736901544220198}]"}]}