{"nodes": [{"layer": 5, "name": "Maize"}, {"layer": 10, "name": "Feed", "fill": "#dbdb8d"}, {"layer": 5, "name": "Rye"}, {"layer": 5, "name": "Fruits, Other"}, {"layer": 5, "name": "Barley"}, {"layer": 5, "name": "Rice"}, {"layer": 13, "name": "Fats, Animals, Raw"}, {"layer": 5, "name": "Wheat"}, {"layer": 13, "name": "Soyabean Oil"}, {"layer": 5, "name": "Vegetables, Other"}, {"layer": 5, "name": "Peas"}, {"layer": 5, "name": "Oilcrops, Other"}, {"layer": 5, "name": "Oats"}, {"layer": 5, "name": "Potatoes"}, {"layer": 13, "name": "Milk - Excluding Butter"}, {"layer": 5, "name": "Apples"}, {"layer": 13, "name": "Fish, Seafood"}, {"layer": 5, "name": "Sorghum"}, {"layer": 5, "name": "Cereals, Other"}, {"layer": 13, "name": "Pelagic Fish"}, {"layer": 5, "name": "Millet"}, {"layer": 5, "name": "Sweet potatoes"}, {"layer": 13, "name": "Demersal Fish"}, {"layer": 5, "name": "Cassava"}, {"layer": 5, "name": "Pulses, Other"}, {"layer": 16, "name": "Food", "fill": "#b5cf6b"}, {"layer": 5, "name": "Olives"}, {"layer": 5, "name": "Nuts"}, {"layer": 5, "name": "Dates"}, {"layer": 13, "name": "Sugar", "fill": "#d6616b"}, {"layer": 13, "name": "Oilcrops Oil, Other"}, {"layer": 13, "name": "Maize Germ Oil"}, {"layer": 13, "name": "Beer"}, {"layer": 13, "name": "Groundnut Oil"}, {"layer": 13, "name": "Beverages, Alcoholic"}, {"layer": 5, "name": "Cocoa Beans"}, {"layer": 13, "name": "Honey"}, {"layer": 13, "name": "Butter, Ghee"}, {"layer": 5, "name": "Tomatoes"}, {"layer": 5, "name": "Coffee"}, {"layer": 5, "name": "Coconuts - Incl Copra"}, {"layer": 5, "name": "Treenuts"}, {"layer": 13, "name": "Crustaceans"}, {"layer": 13, "name": "Eggs"}, {"layer": 13, "name": "Coconut Oil"}, {"layer": 13, "name": "Marine Fish, Other"}, {"layer": 5, "name": "Grapes"}, {"layer": 13, "name": "Palm Oil"}, {"layer": 5, "name": "Rape and Mustardseed"}, {"layer": 13, "name": "Wine"}, {"layer": 13, "name": "Sunflowerseed Oil"}, {"layer": 13, "name": "Olive Oil"}, {"layer": 13, "name": "Pigmeat"}, {"layer": 13, "name": "Freshwater Fish"}, {"layer": 5, "name": "Pepper"}, {"layer": 13, "name": "Rape and Mustard Oil"}, {"layer": 5, "name": "Pineapples"}, {"layer": 5, "name": "Beans"}, {"layer": 13, "name": "Meat, Other"}, {"layer": 5, "name": "Lemons, Limes"}, {"layer": 13, "name": "Mutton & Goat Meat"}, {"layer": 13, "name": "Sweeteners, Other"}, {"layer": 5, "name": "Bananas"}, {"layer": 13, "name": "Beverages, Fermented"}, {"layer": 5, "name": "Spices, Other"}, {"layer": 5, "name": "Tea"}, {"layer": 13, "name": "Molluscs, Other"}, {"layer": 13, "name": "Poultry Meat"}, {"layer": 13, "name": "Offals, Edible"}, {"layer": 5, "name": "Grapefruit"}, {"layer": 5, "name": "Oranges, Mandarines"}, {"layer": 13, "name": "Bovine Meat"}, {"layer": 13, "name": "Cottonseed Oil"}, {"layer": 13, "name": "Palmkernel Oil"}, {"layer": 5, "name": "Onions"}, {"layer": 13, "name": "Cream"}, {"layer": 5, "name": "Sunflower seed"}, {"layer": 10, "name": "Processing", "fill": "#9edae5"}, {"layer": 5, "name": "Soyabeans"}, {"layer": 5, "name": "Groundnuts"}, {"layer": 5, "name": "Sugar beet"}, {"layer": 16, "name": "Biofuels & Other", "fill": "#e7ba52"}, {"layer": 13, "name": "Fish, Body Oil"}, {"name": "Seed", "fill": "#dbdb8d"}, {"name": "Waste", "fill": "#c7c7c7"}, {"layer": 0, "name": "Import", "fill": "#aec7e8"}, {"layer": 5, "name": "Infant food"}, {"layer": 16, "name": "Export", "fill": "#aec7e8"}, {"layer": 16, "name": "Stock Deposit", "fill": "#c7c7c7"}, {"layer": 0, "name": "Stock Draw", "fill": "#c7c7c7"}, {"layer": 0, "name": "Production", "fill": "#b5cf6b"}, {"layer": 5, "name": "Oil Palm"}], "links": [{"source": 0, "prod": 2.5974195679502814, "target": 1, "value": 979.0, "supply": [{"l": "Maize", "v": 979.0}]}, {"source": 2, "prod": 0.1667685115858929, "target": 1, "value": 55.0, "supply": [{"l": "Rye", "v": 55.0}]}, {"source": 3, "prod": 0.0026633791776616792, "target": 1, "value": 5.0, "supply": [{"l": "Fruits, Other", "v": 5.0}]}, {"source": 4, "prod": 2.9523457275639351, "target": 1, "value": 981.0, "supply": [{"l": "Barley", "v": 981.0}]}, {"source": 5, "prod": 0.0211078176391989, "target": 1, "value": 5.0, "supply": [{"l": "Rice", "v": 5.0}]}, {"source": 6, "prod": 0.36209932892178243, "target": 1, "value": 44.0, "supply": [{"l": "Fats, Animals, Raw", "v": 44.0}]}, {"source": 7, "prod": 1.8441234713746573, "target": 1, "value": 603.0, "supply": [{"l": "Wheat", "v": 603.0}]}, {"source": 8, "prod": 0.087347758282291257, "target": 1, "value": 9.0, "supply": [{"l": "Soyabean Oil", "v": 9.0}]}, {"source": 9, "prod": 0.015109606169026409, "target": 1, "value": 51.0, "supply": [{"l": "Vegetables, Other", "v": 51.0}]}, {"source": 10, "prod": 0.0081542692876101705, "target": 1, "value": 2.0, "supply": [{"l": "Peas", "v": 2.0}]}, {"source": 11, "prod": 0.012513295374083955, "target": 1, "value": 2.0, "supply": [{"l": "Oilcrops, Other", "v": 2.0}]}, {"source": 12, "prod": 0.61091326694784787, "target": 1, "value": 331.0, "supply": [{"l": "Oats", "v": 331.0}]}, {"source": 13, "prod": 0.41340307581619123, "target": 1, "value": 530.0, "supply": [{"l": "Potatoes", "v": 530.0}]}, {"source": 14, "prod": 1.1042296383546224, "target": 1, "value": 1733.0, "supply": [{"l": "Milk - Excluding Butter", "v": 1733.0}]}, {"source": 15, "prod": 0.0016963910528934351, "target": 1, "value": 3.0, "supply": [{"l": "Apples", "v": 3.0}]}, {"source": 16, "prod": 0.085961587335637496, "target": 1, "value": 135.0, "supply": [{"l": "Fish, Seafood", "v": 135.0}]}, {"source": 17, "prod": 1.4497489927637277, "target": 1, "value": 510.0, "supply": [{"l": "Sorghum", "v": 510.0}]}, {"source": 18, "prod": 0.12669065260750259, "target": 1, "value": 48.0, "supply": [{"l": "Cereals, Other", "v": 48.0}]}, {"source": 19, "prod": 0.14878911507432796, "target": 1, "value": 134.0, "supply": [{"l": "Pelagic Fish", "v": 134.0}]}, {"source": 20, "prod": 0.019898515586953127, "target": 1, "value": 7.0, "supply": [{"l": "Millet", "v": 7.0}]}, {"source": 21, "prod": 0.099840742838627317, "target": 1, "value": 128.0, "supply": [{"l": "Sweet potatoes", "v": 128.0}]}, {"source": 22, "prod": 0.00046357436208814356, "target": 1, "value": 1.0, "supply": [{"l": "Demersal Fish", "v": 1.0}]}, {"source": 23, "prod": 0.93054692348814372, "target": 1, "value": 1193.0, "supply": [{"l": "Cassava", "v": 1193.0}]}, {"source": 24, "prod": 0.027289392804964292, "target": 1, "value": 9.0, "supply": [{"l": "Pulses, Other", "v": 9.0}]}, {"source": 0, "prod": 0.0424501665855, "target": 25, "value": 16.0, "supply": [{"l": "Maize", "v": 16.0}]}, {"source": 26, "prod": 0.002497068622676471, "target": 25, "value": 1.0, "supply": [{"l": "Olives", "v": 1.0}]}, {"source": 2, "prod": 0.021225083292750004, "target": 25, "value": 7.0, "supply": [{"l": "Rye", "v": 7.0}]}, {"source": 27, "prod": 0.054880325861917136, "target": 25, "value": 18.0, "supply": [{"l": "Nuts", "v": 18.0}]}, {"source": 28, "prod": 0.00424501665855, "target": 25, "value": 1.0, "supply": [{"l": "Dates", "v": 1.0}]}, {"source": 29, "prod": 1.2989750975163004, "target": 25, "value": 357.0, "supply": [{"l": "Sugar", "v": 357.0}]}, {"source": 30, "prod": 0.094288350781254804, "target": 25, "value": 11.0, "supply": [{"l": "Oilcrops Oil, Other", "v": 11.0}]}, {"source": 31, "prod": 0.29804485381608953, "target": 25, "value": 29.0, "supply": [{"l": "Maize Germ Oil", "v": 29.0}]}, {"source": 32, "prod": 0.7809790006726729, "target": 25, "value": 1369.0, "supply": [{"l": "Beer", "v": 1369.0}]}, {"source": 33, "prod": 0.1330527609396269, "target": 25, "value": 14.0, "supply": [{"l": "Groundnut Oil", "v": 14.0}]}, {"source": 34, "prod": 0.12735049975650001, "target": 25, "value": 37.0, "supply": [{"l": "Beverages, Alcoholic", "v": 37.0}]}, {"source": 35, "prod": 0.020834437587975464, "target": 25, "value": 16.0, "supply": [{"l": "Cocoa Beans", "v": 16.0}]}, {"source": 36, "prod": 0.014554342829314289, "target": 25, "value": 4.0, "supply": [{"l": "Honey", "v": 4.0}]}, {"source": 5, "prod": 0.075988143501116032, "target": 25, "value": 18.0, "supply": [{"l": "Rice", "v": 18.0}]}, {"source": 37, "prod": 0.79199753475601109, "target": 25, "value": 95.0, "supply": [{"l": "Butter, Ghee", "v": 95.0}]}, {"source": 38, "prod": 0.025758440705465659, "target": 25, "value": 134.0, "supply": [{"l": "Tomatoes", "v": 134.0}]}, {"source": 6, "prod": 1.1932818794013285, "target": 25, "value": 145.0, "supply": [{"l": "Fats, Animals, Raw", "v": 145.0}]}, {"source": 39, "prod": 0.038862828564190141, "target": 25, "value": 65.0, "supply": [{"l": "Coffee", "v": 65.0}]}, {"source": 7, "prod": 2.8044133055564857, "target": 25, "value": 917.0, "supply": [{"l": "Wheat", "v": 917.0}]}, {"source": 8, "prod": 0.49497063026631716, "target": 25, "value": 51.0, "supply": [{"l": "Soyabean Oil", "v": 51.0}]}, {"source": 40, "prod": 0.013305276093962688, "target": 25, "value": 7.0, "supply": [{"l": "Coconuts - Incl Copra", "v": 7.0}]}, {"source": 41, "prod": 0.055805275174196645, "target": 25, "value": 18.0, "supply": [{"l": "Treenuts", "v": 18.0}]}, {"source": 42, "prod": 0.0084455828808848148, "target": 25, "value": 19.0, "supply": [{"l": "Crustaceans", "v": 19.0}]}, {"source": 43, "prod": 0.20590218230638643, "target": 25, "value": 125.0, "supply": [{"l": "Eggs", "v": 125.0}]}, {"source": 9, "prod": 0.2876750507867577, "target": 25, "value": 971.0, "supply": [{"l": "Vegetables, Other", "v": 971.0}]}, {"source": 10, "prod": 0.073388423588491528, "target": 25, "value": 18.0, "supply": [{"l": "Peas", "v": 18.0}]}, {"source": 44, "prod": 0.084406726582796521, "target": 25, "value": 9.0, "supply": [{"l": "Coconut Oil", "v": 9.0}]}, {"source": 45, "prod": 0.00088437847053125004, "target": 25, "value": 1.0, "supply": [{"l": "Marine Fish, Other", "v": 1.0}]}, {"source": 46, "prod": 0.034550011513756813, "target": 25, "value": 41.0, "supply": [{"l": "Grapes", "v": 41.0}]}, {"source": 47, "prod": 0.17365977239522729, "target": 25, "value": 18.0, "supply": [{"l": "Palm Oil", "v": 18.0}]}, {"source": 48, "prod": 0.0023244444400000001, "target": 25, "value": 2.0, "supply": [{"l": "Rape and Mustardseed", "v": 2.0}]}, {"source": 49, "prod": 0.13697471864197305, "target": 25, "value": 157.0, "supply": [{"l": "Wine", "v": 157.0}]}, {"source": 50, "prod": 0.1358405330736, "target": 25, "value": 14.0, "supply": [{"l": "Sunflowerseed Oil", "v": 14.0}]}, {"source": 12, "prod": 0.0036913188335217393, "target": 25, "value": 2.0, "supply": [{"l": "Oats", "v": 2.0}]}, {"source": 51, "prod": 0.0070750277642500003, "target": 25, "value": 1.0, "supply": [{"l": "Olive Oil", "v": 1.0}]}, {"source": 52, "prod": 0.62682835340389365, "target": 25, "value": 382.0, "supply": [{"l": "Pigmeat", "v": 382.0}]}, {"source": 18, "prod": 0.052787771919792739, "target": 25, "value": 20.0, "supply": [{"l": "Cereals, Other", "v": 20.0}]}, {"source": 13, "prod": 0.86268641859001416, "target": 25, "value": 1106.0, "supply": [{"l": "Potatoes", "v": 1106.0}]}, {"source": 53, "prod": 0.012950898280322034, "target": 25, "value": 12.0, "supply": [{"l": "Freshwater Fish", "v": 12.0}]}, {"source": 54, "prod": 0.0035375138821250002, "target": 25, "value": 1.0, "supply": [{"l": "Pepper", "v": 1.0}]}, {"source": 55, "prod": 0.048514476097714282, "target": 25, "value": 6.0, "supply": [{"l": "Rape and Mustard Oil", "v": 6.0}]}, {"source": 14, "prod": 1.1246193373894453, "target": 25, "value": 1765.0, "supply": [{"l": "Milk - Excluding Butter", "v": 1765.0}]}, {"source": 56, "prod": 0.0044295826002260872, "target": 25, "value": 12.0, "supply": [{"l": "Pineapples", "v": 12.0}]}, {"source": 57, "prod": 0.034731954479045458, "target": 25, "value": 9.0, "supply": [{"l": "Beans", "v": 9.0}]}, {"source": 24, "prod": 0.0030321547561071431, "target": 25, "value": 1.0, "supply": [{"l": "Pulses, Other", "v": 1.0}]}, {"source": 16, "prod": 0.11588895477841499, "target": 25, "value": 182.0, "supply": [{"l": "Fish, Seafood", "v": 182.0}]}, {"source": 58, "prod": 0.056184044010220591, "target": 25, "value": 45.0, "supply": [{"l": "Meat, Other", "v": 45.0}]}, {"source": 59, "prod": 0.0043414943098806823, "target": 25, "value": 18.0, "supply": [{"l": "Lemons, Limes", "v": 18.0}]}, {"source": 60, "prod": 0.032768549644947374, "target": 25, "value": 11.0, "supply": [{"l": "Mutton & Goat Meat", "v": 11.0}]}, {"source": 61, "prod": 0.043538632395384622, "target": 25, "value": 20.0, "supply": [{"l": "Sweeteners, Other", "v": 20.0}]}, {"source": 19, "prod": 0.055518326520271624, "target": 25, "value": 50.0, "supply": [{"l": "Pelagic Fish", "v": 50.0}]}, {"source": 62, "prod": 0.06036444486644256, "target": 25, "value": 84.0, "supply": [{"l": "Bananas", "v": 84.0}]}, {"source": 63, "prod": 0.0039305709801388897, "target": 25, "value": 5.0, "supply": [{"l": "Beverages, Fermented", "v": 5.0}]}, {"source": 64, "prod": 0.0030321547561071431, "target": 25, "value": 1.0, "supply": [{"l": "Spices, Other", "v": 1.0}]}, {"source": 65, "prod": 0.00095002100973338814, "target": 25, "value": 1.0, "supply": [{"l": "Tea", "v": 1.0}]}, {"source": 3, "prod": 0.11186192546179057, "target": 25, "value": 210.0, "supply": [{"l": "Fruits, Other", "v": 210.0}]}, {"source": 66, "prod": 0.0086632993031632664, "target": 25, "value": 35.0, "supply": [{"l": "Molluscs, Other", "v": 35.0}]}, {"source": 15, "prod": 0.12044376475543388, "target": 25, "value": 213.0, "supply": [{"l": "Apples", "v": 213.0}]}, {"source": 67, "prod": 0.15944991414800239, "target": 25, "value": 107.0, "supply": [{"l": "Poultry Meat", "v": 107.0}]}, {"source": 68, "prod": 0.11591789807381421, "target": 25, "value": 89.0, "supply": [{"l": "Offals, Edible", "v": 89.0}]}, {"source": 69, "prod": 0.00424501665855, "target": 25, "value": 13.0, "supply": [{"l": "Grapefruit", "v": 13.0}]}, {"source": 22, "prod": 0.030132333535729333, "target": 25, "value": 65.0, "supply": [{"l": "Demersal Fish", "v": 65.0}]}, {"source": 70, "prod": 0.038477211014934384, "target": 25, "value": 99.0, "supply": [{"l": "Oranges, Mandarines", "v": 99.0}]}, {"source": 71, "prod": 0.38646827960787566, "target": 25, "value": 315.0, "supply": [{"l": "Bovine Meat", "v": 315.0}]}, {"source": 72, "prod": 0.007718212106454546, "target": 25, "value": 1.0, "supply": [{"l": "Cottonseed Oil", "v": 1.0}]}, {"source": 73, "prod": 0.047648146167397966, "target": 25, "value": 5.0, "supply": [{"l": "Palmkernel Oil", "v": 5.0}]}, {"source": 74, "prod": 0.021539196576152223, "target": 25, "value": 48.0, "supply": [{"l": "Onions", "v": 48.0}]}, {"source": 75, "prod": 0.030417048498271652, "target": 25, "value": 13.0, "supply": [{"l": "Cream", "v": 13.0}]}, {"source": 76, "prod": 0.012513295374083955, "target": 77, "value": 2.0, "supply": [{"l": "Sunflower seed", "v": 2.0}]}, {"source": 0, "prod": 0.53062708231875, "target": 77, "value": 200.0, "supply": [{"l": "Maize", "v": 200.0}]}, {"source": 40, "prod": 0.036114320826470155, "target": 77, "value": 19.0, "supply": [{"l": "Coconuts - Incl Copra", "v": 19.0}]}, {"source": 78, "prod": 4.6612025268462736, "target": 77, "value": 745.0, "supply": [{"l": "Soyabeans", "v": 745.0}]}, {"source": 3, "prod": 0.0053267583553233584, "target": 77, "value": 10.0, "supply": [{"l": "Fruits, Other", "v": 10.0}]}, {"source": 48, "prod": 0.0034866666600000002, "target": 77, "value": 3.0, "supply": [{"l": "Rape and Mustardseed", "v": 3.0}]}, {"source": 4, "prod": 0.7283054700004814, "target": 77, "value": 242.0, "supply": [{"l": "Barley", "v": 242.0}]}, {"source": 46, "prod": 0.01769634736070471, "target": 77, "value": 21.0, "supply": [{"l": "Grapes", "v": 21.0}]}, {"source": 79, "prod": 0.053062708231874998, "target": 77, "value": 5.0, "supply": [{"l": "Groundnuts", "v": 5.0}]}, {"source": 80, "prod": 5.4508222118000003, "target": 77, "value": 4690.0, "supply": [{"l": "Sugar beet", "v": 4690.0}]}, {"source": 11, "prod": 0.13764624911492351, "target": 77, "value": 22.0, "supply": [{"l": "Oilcrops, Other", "v": 22.0}]}, {"source": 30, "prod": 0.034286673011365384, "target": 77, "value": 4.0, "supply": [{"l": "Oilcrops Oil, Other", "v": 4.0}]}, {"source": 0, "prod": 0.48021750949846875, "target": 81, "value": 181.0, "supply": [{"l": "Maize", "v": 181.0}]}, {"source": 61, "prod": 0.19810077739900003, "target": 81, "value": 91.0, "supply": [{"l": "Sweeteners, Other", "v": 91.0}]}, {"source": 5, "prod": 0.012664690583519338, "target": 81, "value": 3.0, "supply": [{"l": "Rice", "v": 3.0}]}, {"source": 7, "prod": 0.08868918850723892, "target": 81, "value": 29.0, "supply": [{"l": "Wheat", "v": 29.0}]}, {"source": 8, "prod": 0.2911591942743042, "target": 81, "value": 30.0, "supply": [{"l": "Soyabean Oil", "v": 30.0}]}, {"source": 6, "prod": 0.56783758399097706, "target": 81, "value": 69.0, "supply": [{"l": "Fats, Animals, Raw", "v": 69.0}]}, {"source": 30, "prod": 0.085716682528413468, "target": 81, "value": 10.0, "supply": [{"l": "Oilcrops Oil, Other", "v": 10.0}]}, {"source": 13, "prod": 0.039780295974765574, "target": 81, "value": 51.0, "supply": [{"l": "Potatoes", "v": 51.0}]}, {"source": 82, "prod": 0.15636107385258788, "target": 81, "value": 19.0, "supply": [{"l": "Fish, Body Oil", "v": 19.0}]}, {"source": 55, "prod": 0.0080857460162857137, "target": 81, "value": 1.0, "supply": [{"l": "Rape and Mustard Oil", "v": 1.0}]}, {"source": 14, "prod": 0.0044602466638674881, "target": 81, "value": 7.0, "supply": [{"l": "Milk - Excluding Butter", "v": 7.0}]}, {"source": 80, "prod": 0.0034866666600000002, "target": 81, "value": 3.0, "supply": [{"l": "Sugar beet", "v": 3.0}]}, {"source": 34, "prod": 0.0034419053988243241, "target": 81, "value": 1.0, "supply": [{"l": "Beverages, Alcoholic", "v": 1.0}]}, {"source": 47, "prod": 0.14471647699602275, "target": 81, "value": 15.0, "supply": [{"l": "Palm Oil", "v": 15.0}]}, {"source": 11, "prod": 0.0062566476870419777, "target": 81, "value": 1.0, "supply": [{"l": "Oilcrops, Other", "v": 1.0}]}, {"source": 29, "prod": 0.018192928536642859, "target": 81, "value": 5.0, "supply": [{"l": "Sugar", "v": 5.0}]}, {"source": 37, "prod": 0.033347264621305731, "target": 81, "value": 4.0, "supply": [{"l": "Butter, Ghee", "v": 4.0}]}, {"source": 23, "prod": 0.0031200232137071036, "target": 81, "value": 4.0, "supply": [{"l": "Cassava", "v": 4.0}]}, {"source": 18, "prod": 0.0079181657879689119, "target": 83, "value": 3.0, "supply": [{"l": "Cereals, Other", "v": 3.0}]}, {"source": 7, "prod": 0.10703867578459869, "target": 83, "value": 35.0, "supply": [{"l": "Wheat", "v": 35.0}]}, {"source": 12, "prod": 0.020302253584369566, "target": 83, "value": 11.0, "supply": [{"l": "Oats", "v": 11.0}]}, {"source": 13, "prod": 0.056160417846727866, "target": 83, "value": 72.0, "supply": [{"l": "Potatoes", "v": 72.0}]}, {"source": 43, "prod": 0.013177739667608733, "target": 43, "value": 8.0, "supply": [{"l": "Eggs", "v": 8.0}]}, {"source": 2, "prod": 0.0030321547561071431, "target": 83, "value": 1.0, "supply": [{"l": "Rye", "v": 1.0}]}, {"source": 10, "prod": 0.0081542692876101705, "target": 83, "value": 2.0, "supply": [{"l": "Peas", "v": 2.0}]}, {"source": 57, "prod": 0.003859106053227273, "target": 83, "value": 1.0, "supply": [{"l": "Beans", "v": 1.0}]}, {"source": 4, "prod": 0.051161954504166045, "target": 83, "value": 17.0, "supply": [{"l": "Barley", "v": 17.0}]}, {"source": 11, "prod": 0.0062566476870419777, "target": 83, "value": 1.0, "supply": [{"l": "Oilcrops, Other", "v": 1.0}]}, {"source": 18, "prod": 0.0026393885959896373, "target": 84, "value": 1.0, "supply": [{"l": "Cereals, Other", "v": 1.0}]}, {"source": 7, "prod": 0.012232991518239851, "target": 84, "value": 4.0, "supply": [{"l": "Wheat", "v": 4.0}]}, {"source": 62, "prod": 0.0028744973745925034, "target": 84, "value": 4.0, "supply": [{"l": "Bananas", "v": 4.0}]}, {"source": 0, "prod": 0.00265313541159375, "target": 84, "value": 1.0, "supply": [{"l": "Maize", "v": 1.0}]}, {"source": 12, "prod": 0.0018456594167608697, "target": 84, "value": 1.0, "supply": [{"l": "Oats", "v": 1.0}]}, {"source": 13, "prod": 0.12324091694143061, "target": 84, "value": 158.0, "supply": [{"l": "Potatoes", "v": 158.0}]}, {"source": 43, "prod": 0.008236087292255459, "target": 84, "value": 5.0, "supply": [{"l": "Eggs", "v": 5.0}]}, {"source": 9, "prod": 0.028441611612285006, "target": 84, "value": 96.0, "supply": [{"l": "Vegetables, Other", "v": 96.0}]}, {"source": 3, "prod": 0.0079901375329850394, "target": 84, "value": 15.0, "supply": [{"l": "Fruits, Other", "v": 15.0}]}, {"source": 4, "prod": 0.012038106942156717, "target": 84, "value": 4.0, "supply": [{"l": "Barley", "v": 4.0}]}, {"source": 46, "prod": 0.0042134160382630266, "target": 84, "value": 5.0, "supply": [{"l": "Grapes", "v": 5.0}]}, {"source": 80, "prod": 0.017433333299999999, "target": 84, "value": 15.0, "supply": [{"l": "Sugar beet", "v": 15.0}]}, {"source": 70, "prod": 0.0023319521827232965, "target": 84, "value": 6.0, "supply": [{"l": "Oranges, Mandarines", "v": 6.0}]}, {"source": 59, "prod": 0.00024119412832670456, "target": 84, "value": 1.0, "supply": [{"l": "Lemons, Limes", "v": 1.0}]}, {"source": 74, "prod": 0.00089746652400634263, "target": 84, "value": 2.0, "supply": [{"l": "Onions", "v": 2.0}]}, {"source": 38, "prod": 0.00096113584721886777, "target": 84, "value": 5.0, "supply": [{"l": "Tomatoes", "v": 5.0}]}, {"source": 15, "prod": 0.012440201054551856, "target": 84, "value": 22.0, "supply": [{"l": "Apples", "v": 22.0}]}, {"source": 85, "prod": 0.0092977777600000006, "target": 86, "value": 8.0, "supply": [{"l": "Infant food", "v": 8.0}]}, {"source": 85, "prod": 0.1006207486420541, "target": 21, "value": 129.0, "supply": [{"l": "Sweet potatoes", "v": 129.0}]}, {"source": 85, "prod": 0.0060643095122142861, "target": 64, "value": 2.0, "supply": [{"l": "Spices, Other", "v": 2.0}]}, {"source": 85, "prod": 0.0076890867777509421, "target": 38, "value": 40.0, "supply": [{"l": "Tomatoes", "v": 40.0}]}, {"source": 85, "prod": 0.96564718464234855, "target": 23, "value": 1238.0, "supply": [{"l": "Cassava", "v": 1238.0}]}, {"source": 85, "prod": 0.0045826884382073867, "target": 59, "value": 19.0, "supply": [{"l": "Lemons, Limes", "v": 19.0}]}, {"source": 85, "prod": 0.05890556823942978, "target": 41, "value": 19.0, "supply": [{"l": "Treenuts", "v": 19.0}]}, {"source": 85, "prod": 0.036385857073285718, "target": 2, "value": 12.0, "supply": [{"l": "Rye", "v": 12.0}]}, {"source": 85, "prod": 0.057475756799825951, "target": 9, "value": 194.0, "supply": [{"l": "Vegetables, Other", "v": 194.0}]}, {"source": 85, "prod": 0.0019000420194667763, "target": 65, "value": 2.0, "supply": [{"l": "Tea", "v": 2.0}]}, {"source": 85, "prod": 0.055980904745483361, "target": 15, "value": 99.0, "supply": [{"l": "Apples", "v": 99.0}]}, {"source": 85, "prod": 0.27440162930958567, "target": 5, "value": 65.0, "supply": [{"l": "Rice", "v": 65.0}]}, {"source": 85, "prod": 3.6974216863879947, "target": 7, "value": 1209.0, "supply": [{"l": "Wheat", "v": 1209.0}]}, {"source": 85, "prod": 0.0058111111000000003, "target": 80, "value": 5.0, "supply": [{"l": "Sugar beet", "v": 5.0}]}, {"source": 85, "prod": 3.9635467107050992, "target": 4, "value": 1317.0, "supply": [{"l": "Barley", "v": 1317.0}]}, {"source": 85, "prod": 0.0035375138821250002, "target": 54, "value": 1.0, "supply": [{"l": "Pepper", "v": 1.0}]}, {"source": 85, "prod": 0.0065307948593076922, "target": 69, "value": 20.0, "supply": [{"l": "Grapefruit", "v": 20.0}]}, {"source": 85, "prod": 0.047831173617464799, "target": 39, "value": 80.0, "supply": [{"l": "Coffee", "v": 80.0}]}, {"source": 85, "prod": 0.012513295374083955, "target": 76, "value": 2.0, "supply": [{"l": "Sunflower seed", "v": 2.0}]}, {"source": 85, "prod": 0.022741160670803576, "target": 20, "value": 8.0, "supply": [{"l": "Millet", "v": 8.0}]}, {"source": 85, "prod": 0.00424501665855, "target": 28, "value": 1.0, "supply": [{"l": "Dates", "v": 1.0}]}, {"source": 85, "prod": 0.004994137245352942, "target": 26, "value": 2.0, "supply": [{"l": "Olives", "v": 2.0}]}, {"source": 85, "prod": 0.12669065260750259, "target": 18, "value": 48.0, "supply": [{"l": "Cereals, Other", "v": 48.0}]}, {"source": 85, "prod": 1.2718460075799991, "target": 1, "value": 1669.0, "supply": [{"l": "Freshwater Fish", "v": 13.0}, {"l": "Pigmeat", "v": 19.0}, {"l": "Meat, Other", "v": 40.0}, {"l": "Crustaceans", "v": 19.0}, {"l": "Demersal Fish", "v": 55.0}, {"l": "Mutton & Goat Meat", "v": 8.0}, {"l": "Poultry Meat", "v": 11.0}, {"l": "Milk - Excluding Butter", "v": 861.0}, {"l": "Pelagic Fish", "v": 199.0}, {"l": "Fish, Seafood", "v": 320.0}, {"l": "Molluscs, Other", "v": 34.0}, {"l": "Offals, Edible", "v": 37.0}, {"l": "Bovine Meat", "v": 35.0}, {"l": "Eggs", "v": 18.0}]}, {"source": 85, "prod": 0.057929232854245873, "target": 27, "value": 19.0, "supply": [{"l": "Nuts", "v": 19.0}]}, {"source": 85, "prod": 0.11415977002654239, "target": 10, "value": 28.0, "supply": [{"l": "Peas", "v": 28.0}]}, {"source": 85, "prod": 0.21898266904646924, "target": 11, "value": 35.0, "supply": [{"l": "Oilcrops, Other", "v": 35.0}]}, {"source": 85, "prod": 0.050783941620690193, "target": 35, "value": 39.0, "supply": [{"l": "Cocoa Beans", "v": 39.0}]}, {"source": 85, "prod": 0.08783686554924415, "target": 70, "value": 226.0, "supply": [{"l": "Oranges, Mandarines", "v": 226.0}]}, {"source": 85, "prod": 1.7198002757295203, "target": 17, "value": 605.0, "supply": [{"l": "Sorghum", "v": 605.0}]}, {"source": 85, "prod": 0.0044295826002260872, "target": 56, "value": 12.0, "supply": [{"l": "Pineapples", "v": 12.0}]}, {"source": 85, "prod": 0.16692124193333005, "target": 13, "value": 214.0, "supply": [{"l": "Potatoes", "v": 214.0}]}, {"source": 85, "prod": 0.01391073112209831, "target": 74, "value": 31.0, "supply": [{"l": "Onions", "v": 31.0}]}, {"source": 85, "prod": 0.010459999980000001, "target": 48, "value": 9.0, "supply": [{"l": "Rape and Mustardseed", "v": 9.0}]}, {"source": 85, "prod": 0.063957566584683198, "target": 62, "value": 89.0, "supply": [{"l": "Bananas", "v": 89.0}]}, {"source": 85, "prod": 0.034550011513756813, "target": 46, "value": 41.0, "supply": [{"l": "Grapes", "v": 41.0}]}, {"source": 85, "prod": 4.8266879517070223, "target": 77, "value": 827.0, "supply": [{"l": "Sugar", "v": 23.0}, {"l": "Maize Germ Oil", "v": 28.0}, {"l": "Beer", "v": 112.0}, {"l": "Groundnut Oil", "v": 23.0}, {"l": "Beverages, Alcoholic", "v": 12.0}, {"l": "Fats, Animals, Raw", "v": 159.0}, {"l": "Soyabean Oil", "v": 58.0}, {"l": "Butter, Ghee", "v": 82.0}, {"l": "Palm Oil", "v": 53.0}, {"l": "Sunflowerseed Oil", "v": 31.0}, {"l": "Olive Oil", "v": 1.0}, {"l": "Coconut Oil", "v": 9.0}, {"l": "Rape and Mustard Oil", "v": 7.0}, {"l": "Oilcrops Oil, Other", "v": 24.0}, {"l": "Wine", "v": 154.0}, {"l": "Sweeteners, Other", "v": 19.0}, {"l": "Beverages, Fermented", "v": 2.0}, {"l": "Fish, Body Oil", "v": 19.0}, {"l": "Honey", "v": 2.0}, {"l": "Cottonseed Oil", "v": 1.0}, {"l": "Palmkernel Oil", "v": 6.0}, {"l": "Cream", "v": 2.0}]}, {"source": 85, "prod": 4.6674591745333149, "target": 78, "value": 746.0, "supply": [{"l": "Soyabeans", "v": 746.0}]}, {"source": 85, "prod": 0.061745696851636368, "target": 57, "value": 16.0, "supply": [{"l": "Beans", "v": 16.0}]}, {"source": 85, "prod": 4.1150130233819064, "target": 0, "value": 1551.0, "supply": [{"l": "Maize", "v": 1551.0}]}, {"source": 85, "prod": 0.086826161191770751, "target": 3, "value": 163.0, "supply": [{"l": "Fruits, Other", "v": 163.0}]}, {"source": 85, "prod": 0.084900333171, "target": 79, "value": 8.0, "supply": [{"l": "Groundnuts", "v": 8.0}]}, {"source": 85, "prod": 0.049419596920432837, "target": 40, "value": 26.0, "supply": [{"l": "Coconuts - Incl Copra", "v": 26.0}]}, {"source": 85, "prod": 0.075672036087195665, "target": 12, "value": 41.0, "supply": [{"l": "Oats", "v": 41.0}]}, {"source": 85, "prod": 0.036385857073285718, "target": 24, "value": 12.0, "supply": [{"l": "Pulses, Other", "v": 12.0}]}, {"source": 0, "prod": 0.53062708231875, "target": 87, "value": 200.0, "supply": [{"l": "Maize", "v": 200.0}]}, {"source": 86, "prod": 0.0092977777600000006, "target": 87, "value": 8.0, "supply": [{"l": "Infant food", "v": 8.0}]}, {"source": 2, "prod": 0.015160773780535717, "target": 87, "value": 5.0, "supply": [{"l": "Rye", "v": 5.0}]}, {"source": 3, "prod": 0.041548715171522206, "target": 87, "value": 78.0, "supply": [{"l": "Fruits, Other", "v": 78.0}]}, {"source": 29, "prod": 1.2771435832723288, "target": 87, "value": 351.0, "supply": [{"l": "Sugar", "v": 351.0}]}, {"source": 30, "prod": 0.12000335553977885, "target": 87, "value": 14.0, "supply": [{"l": "Oilcrops Oil, Other", "v": 14.0}]}, {"source": 31, "prod": 0.10277408752278948, "target": 87, "value": 10.0, "supply": [{"l": "Maize Germ Oil", "v": 10.0}]}, {"source": 32, "prod": 0.12151097672993379, "target": 87, "value": 213.0, "supply": [{"l": "Beer", "v": 213.0}]}, {"source": 69, "prod": 0.0022857782007576926, "target": 87, "value": 7.0, "supply": [{"l": "Grapefruit", "v": 7.0}]}, {"source": 34, "prod": 0.0034419053988243241, "target": 87, "value": 1.0, "supply": [{"l": "Beverages, Alcoholic", "v": 1.0}]}, {"source": 4, "prod": 2.4076213884313433, "target": 87, "value": 800.0, "supply": [{"l": "Barley", "v": 800.0}]}, {"source": 23, "prod": 0.031200232137071036, "target": 87, "value": 40.0, "supply": [{"l": "Cassava", "v": 40.0}]}, {"source": 5, "prod": 0.12242534230735359, "target": 87, "value": 29.0, "supply": [{"l": "Rice", "v": 29.0}]}, {"source": 37, "prod": 0.65860847627078822, "target": 87, "value": 79.0, "supply": [{"l": "Butter, Ghee", "v": 79.0}]}, {"source": 38, "prod": 0.0059590422527569797, "target": 87, "value": 31.0, "supply": [{"l": "Tomatoes", "v": 31.0}]}, {"source": 6, "prod": 0.89701879210168844, "target": 87, "value": 109.0, "supply": [{"l": "Fats, Animals, Raw", "v": 109.0}]}, {"source": 39, "prod": 0.0089683450532746477, "target": 87, "value": 15.0, "supply": [{"l": "Coffee", "v": 15.0}]}, {"source": 7, "prod": 1.311988340331224, "target": 87, "value": 429.0, "supply": [{"l": "Wheat", "v": 429.0}]}, {"source": 8, "prod": 0.98994126053263432, "target": 87, "value": 102.0, "supply": [{"l": "Soyabean Oil", "v": 102.0}]}, {"source": 42, "prod": 0.00088900872430366484, "target": 87, "value": 2.0, "supply": [{"l": "Crustaceans", "v": 2.0}]}, {"source": 43, "prod": 0.18284113788807116, "target": 87, "value": 111.0, "supply": [{"l": "Eggs", "v": 111.0}]}, {"source": 9, "prod": 0.13272752085733003, "target": 87, "value": 448.0, "supply": [{"l": "Vegetables, Other", "v": 448.0}]}, {"source": 10, "prod": 0.053002750369466105, "target": 87, "value": 13.0, "supply": [{"l": "Peas", "v": 13.0}]}, {"source": 44, "prod": 0.028135575527598839, "target": 87, "value": 3.0, "supply": [{"l": "Coconut Oil", "v": 3.0}]}, {"source": 46, "prod": 0.0025280496229578161, "target": 87, "value": 3.0, "supply": [{"l": "Grapes", "v": 3.0}]}, {"source": 79, "prod": 0.02122508329275, "target": 87, "value": 2.0, "supply": [{"l": "Groundnuts", "v": 2.0}]}, {"source": 47, "prod": 0.19295530266136363, "target": 87, "value": 20.0, "supply": [{"l": "Palm Oil", "v": 20.0}]}, {"source": 48, "prod": 0.0069733333200000004, "target": 87, "value": 6.0, "supply": [{"l": "Rape and Mustardseed", "v": 6.0}]}, {"source": 11, "prod": 0.10636301067971363, "target": 87, "value": 17.0, "supply": [{"l": "Oilcrops, Other", "v": 17.0}]}, {"source": 50, "prod": 0.16494921873222856, "target": 87, "value": 17.0, "supply": [{"l": "Sunflowerseed Oil", "v": 17.0}]}, {"source": 12, "prod": 0.011073956500565219, "target": 87, "value": 6.0, "supply": [{"l": "Oats", "v": 6.0}]}, {"source": 52, "prod": 0.42007345149580311, "target": 87, "value": 256.0, "supply": [{"l": "Pigmeat", "v": 256.0}]}, {"source": 35, "prod": 0.029949504032714729, "target": 87, "value": 23.0, "supply": [{"l": "Cocoa Beans", "v": 23.0}]}, {"source": 78, "prod": 0.0062566476870419777, "target": 87, "value": 1.0, "supply": [{"l": "Soyabeans", "v": 1.0}]}, {"source": 13, "prod": 0.14196105622367322, "target": 87, "value": 182.0, "supply": [{"l": "Potatoes", "v": 182.0}]}, {"source": 53, "prod": 0.0021584830467203391, "target": 87, "value": 2.0, "supply": [{"l": "Freshwater Fish", "v": 2.0}]}, {"source": 55, "prod": 0.016171492032571427, "target": 87, "value": 2.0, "supply": [{"l": "Rape and Mustard Oil", "v": 2.0}]}, {"source": 14, "prod": 0.82769434519483809, "target": 87, "value": 1299.0, "supply": [{"l": "Milk - Excluding Butter", "v": 1299.0}]}, {"source": 56, "prod": 0.00036913188335217393, "target": 87, "value": 1.0, "supply": [{"l": "Pineapples", "v": 1.0}]}, {"source": 57, "prod": 0.038591060532272729, "target": 87, "value": 10.0, "supply": [{"l": "Beans", "v": 10.0}]}, {"source": 15, "prod": 0.039582457900846815, "target": 87, "value": 70.0, "supply": [{"l": "Apples", "v": 70.0}]}, {"source": 16, "prod": 0.032474377437907501, "target": 87, "value": 51.0, "supply": [{"l": "Fish, Seafood", "v": 51.0}]}, {"source": 80, "prod": 0.0046488888800000003, "target": 87, "value": 4.0, "supply": [{"l": "Sugar beet", "v": 4.0}]}, {"source": 58, "prod": 0.012485343113382357, "target": 87, "value": 10.0, "supply": [{"l": "Meat, Other", "v": 10.0}]}, {"source": 59, "prod": 0.00024119412832670456, "target": 87, "value": 1.0, "supply": [{"l": "Lemons, Limes", "v": 1.0}]}, {"source": 17, "prod": 0.26720863788194199, "target": 87, "value": 94.0, "supply": [{"l": "Sorghum", "v": 94.0}]}, {"source": 18, "prod": 0.063345326303751295, "target": 87, "value": 24.0, "supply": [{"l": "Cereals, Other", "v": 24.0}]}, {"source": 49, "prod": 0.0095969548093102122, "target": 87, "value": 11.0, "supply": [{"l": "Wine", "v": 11.0}]}, {"source": 61, "prod": 0.026123179437230769, "target": 87, "value": 12.0, "supply": [{"l": "Sweeteners, Other", "v": 12.0}]}, {"source": 19, "prod": 0.017765864486486919, "target": 87, "value": 16.0, "supply": [{"l": "Pelagic Fish", "v": 16.0}]}, {"source": 62, "prod": 0.00071862434364812586, "target": 87, "value": 1.0, "supply": [{"l": "Bananas", "v": 1.0}]}, {"source": 63, "prod": 0.0015722283920555555, "target": 87, "value": 2.0, "supply": [{"l": "Beverages, Fermented", "v": 2.0}]}, {"source": 33, "prod": 0.11404522366253732, "target": 87, "value": 12.0, "supply": [{"l": "Groundnut Oil", "v": 12.0}]}, {"source": 65, "prod": 0.00095002100973338814, "target": 87, "value": 1.0, "supply": [{"l": "Tea", "v": 1.0}]}, {"source": 82, "prod": 0.0082295302027677823, "target": 87, "value": 1.0, "supply": [{"l": "Fish, Body Oil", "v": 1.0}]}, {"source": 20, "prod": 0.002842645083850447, "target": 87, "value": 1.0, "supply": [{"l": "Millet", "v": 1.0}]}, {"source": 67, "prod": 0.046195769519514707, "target": 87, "value": 31.0, "supply": [{"l": "Poultry Meat", "v": 31.0}]}, {"source": 68, "prod": 0.02344406927335568, "target": 87, "value": 18.0, "supply": [{"l": "Offals, Edible", "v": 18.0}]}, {"source": 21, "prod": 0.00078000580342677591, "target": 87, "value": 1.0, "supply": [{"l": "Sweet potatoes", "v": 1.0}]}, {"source": 22, "prod": 0.014370805224732448, "target": 87, "value": 31.0, "supply": [{"l": "Demersal Fish", "v": 31.0}]}, {"source": 70, "prod": 0.047027702351586473, "target": 87, "value": 121.0, "supply": [{"l": "Oranges, Mandarines", "v": 121.0}]}, {"source": 71, "prod": 0.042940919956430637, "target": 87, "value": 35.0, "supply": [{"l": "Bovine Meat", "v": 35.0}]}, {"source": 73, "prod": 0.0095296292334795928, "target": 87, "value": 1.0, "supply": [{"l": "Palmkernel Oil", "v": 1.0}]}, {"source": 75, "prod": 0.002339772961405512, "target": 87, "value": 1.0, "supply": [{"l": "Cream", "v": 1.0}]}, {"source": 74, "prod": 0.003141132834022199, "target": 87, "value": 7.0, "supply": [{"l": "Onions", "v": 7.0}]}, {"source": 24, "prod": 0.0090964642683214296, "target": 87, "value": 3.0, "supply": [{"l": "Pulses, Other", "v": 3.0}]}, {"source": 5, "prod": 0.037994071750558016, "target": 88, "value": 9.0, "supply": [{"l": "Rice", "v": 9.0}]}, {"source": 47, "prod": 0.048238825665340906, "target": 88, "value": 5.0, "supply": [{"l": "Palm Oil", "v": 5.0}]}, {"source": 89, "prod": 0.0079594062347812505, "target": 0, "value": 3.0, "supply": [{"l": "Maize", "v": 3.0}]}, {"source": 14, "prod": 0.010194849517411403, "target": 88, "value": 16.0, "supply": [{"l": "Milk - Excluding Butter", "v": 16.0}]}, {"source": 89, "prod": 0.0013024482929642044, "target": 1, "value": 1.0, "supply": [{"l": "Offals, Edible", "v": 1.0}]}, {"source": 43, "prod": 0.014824957126059825, "target": 88, "value": 9.0, "supply": [{"l": "Eggs", "v": 9.0}]}, {"source": 37, "prod": 0.033347264621305731, "target": 88, "value": 4.0, "supply": [{"l": "Butter, Ghee", "v": 4.0}]}, {"source": 79, "prod": 0.010612541646375, "target": 88, "value": 1.0, "supply": [{"l": "Groundnuts", "v": 1.0}]}, {"source": 89, "prod": 0.070200522308409827, "target": 13, "value": 90.0, "supply": [{"l": "Potatoes", "v": 90.0}]}, {"source": 89, "prod": 0.012128619024428572, "target": 2, "value": 4.0, "supply": [{"l": "Rye", "v": 4.0}]}, {"source": 89, "prod": 0.24378524239101435, "target": 77, "value": 67.0, "supply": [{"l": "Sugar", "v": 67.0}]}, {"source": 4, "prod": 0.078247695124018662, "target": 88, "value": 26.0, "supply": [{"l": "Barley", "v": 26.0}]}, {"source": 34, "prod": 0.07572191877413513, "target": 88, "value": 22.0, "supply": [{"l": "Beverages, Alcoholic", "v": 22.0}]}, {"source": 24, "prod": 0.0030321547561071431, "target": 88, "value": 1.0, "supply": [{"l": "Pulses, Other", "v": 1.0}]}, {"source": 7, "prod": 0.82572692748118992, "target": 88, "value": 270.0, "supply": [{"l": "Wheat", "v": 270.0}]}, {"source": 90, "prod": 0.06632838528984375, "target": 0, "value": 25.0, "supply": [{"l": "Maize", "v": 25.0}]}, {"source": 90, "prod": 0.16373635682978574, "target": 2, "value": 54.0, "supply": [{"l": "Rye", "v": 54.0}]}, {"source": 90, "prod": 0.082564754507512064, "target": 3, "value": 155.0, "supply": [{"l": "Fruits, Other", "v": 155.0}]}, {"source": 90, "prod": 2.2661736318610024, "target": 4, "value": 753.0, "supply": [{"l": "Barley", "v": 753.0}]}, {"source": 90, "prod": 0.024989532027690563, "target": 38, "value": 130.0, "supply": [{"l": "Tomatoes", "v": 130.0}]}, {"source": 90, "prod": 3.2967912141656397, "target": 7, "value": 1078.0, "supply": [{"l": "Wheat", "v": 1078.0}]}, {"source": 90, "prod": 0.40470043189980537, "target": 9, "value": 1366.0, "supply": [{"l": "Vegetables, Other", "v": 1366.0}]}, {"source": 90, "prod": 0.028539942506635597, "target": 10, "value": 7.0, "supply": [{"l": "Peas", "v": 7.0}]}, {"source": 90, "prod": 0.023595129814272947, "target": 46, "value": 28.0, "supply": [{"l": "Grapes", "v": 28.0}]}, {"source": 90, "prod": 0.0011622222200000001, "target": 48, "value": 1.0, "supply": [{"l": "Rape and Mustardseed", "v": 1.0}]}, {"source": 90, "prod": 0.043796533809293846, "target": 11, "value": 7.0, "supply": [{"l": "Oilcrops, Other", "v": 7.0}]}, {"source": 90, "prod": 0.57030875977910878, "target": 12, "value": 309.0, "supply": [{"l": "Oats", "v": 309.0}]}, {"source": 90, "prod": 1.4008904229544896, "target": 13, "value": 1796.0, "supply": [{"l": "Potatoes", "v": 1796.0}]}, {"source": 90, "prod": 0.011577318159681819, "target": 57, "value": 3.0, "supply": [{"l": "Beans", "v": 3.0}]}, {"source": 90, "prod": 0.11818191001824262, "target": 15, "value": 209.0, "supply": [{"l": "Apples", "v": 209.0}]}, {"source": 90, "prod": 5.4694177673199995, "target": 80, "value": 4706.0, "supply": [{"l": "Sugar beet", "v": 4706.0}]}, {"source": 90, "prod": 0.12405126401151297, "target": 18, "value": 47.0, "supply": [{"l": "Cereals, Other", "v": 47.0}]}, {"source": 90, "prod": 0.011667064812082455, "target": 74, "value": 26.0, "supply": [{"l": "Onions", "v": 26.0}]}, {"source": 90, "prod": 0.0060643095122142861, "target": 24, "value": 2.0, "supply": [{"l": "Pulses, Other", "v": 2.0}]}, {"source": 1, "prod": 0.20564568366751709, "target": 67, "value": 138.0, "supply": [{"l": "Poultry Meat", "v": 138.0}]}, {"source": 1, "prod": 1.0469018048996968, "target": 52, "value": 638.0, "supply": [{"l": "Pigmeat", "v": 638.0}]}, {"source": 1, "prod": 0.2220733060810865, "target": 19, "value": 200.0, "supply": [{"l": "Pelagic Fish", "v": 200.0}]}, {"source": 1, "prod": 0.0093345916051884789, "target": 42, "value": 21.0, "supply": [{"l": "Crustaceans", "v": 21.0}]}, {"source": 1, "prod": 0.41180436461277287, "target": 43, "value": 250.0, "supply": [{"l": "Eggs", "v": 258.0}]}, {"source": 1, "prod": 0.0086632993031632664, "target": 66, "value": 35.0, "supply": [{"l": "Molluscs, Other", "v": 35.0}]}, {"source": 1, "prod": 3.0711984171201849, "target": 14, "value": 4820.0, "supply": [{"l": "Milk - Excluding Butter", "v": 4820.0}]}, {"source": 1, "prod": 0.13936196734716988, "target": 68, "value": 107.0, "supply": [{"l": "Offals, Edible", "v": 107.0}]}, {"source": 1, "prod": 0.04496671312254992, "target": 22, "value": 97.0, "supply": [{"l": "Demersal Fish", "v": 97.0}]}, {"source": 1, "prod": 0.23432491955196, "target": 16, "value": 368.0, "supply": [{"l": "Fish, Seafood", "v": 368.0}]}, {"source": 1, "prod": 0.42940919956430629, "target": 71, "value": 350.0, "supply": [{"l": "Bovine Meat", "v": 350.0}]}, {"source": 1, "prod": 0.00088437847053125004, "target": 45, "value": 1.0, "supply": [{"l": "Marine Fish, Other", "v": 1.0}]}, {"source": 1, "prod": 0.068669387123602946, "target": 58, "value": 55.0, "supply": [{"l": "Meat, Other", "v": 55.0}]}, {"source": 1, "prod": 0.015109381327042372, "target": 53, "value": 14.0, "supply": [{"l": "Freshwater Fish", "v": 14.0}]}, {"source": 1, "prod": 0.032768549644947374, "target": 60, "value": 11.0, "supply": [{"l": "Mutton & Goat Meat", "v": 11.0}]}, {"source": 77, "prod": 2.5943116093252723, "target": 29, "value": 713.0, "supply": [{"l": "Sugar", "v": 713.0}]}, {"source": 77, "prod": 0.40081894133887902, "target": 31, "value": 39.0, "supply": [{"l": "Maize Germ Oil", "v": 39.0}]}, {"source": 77, "prod": 0.90248997740260672, "target": 32, "value": 1582.0, "supply": [{"l": "Beer", "v": 1582.0}]}, {"source": 77, "prod": 0.2470979846021642, "target": 33, "value": 26.0, "supply": [{"l": "Groundnut Oil", "v": 26.0}]}, {"source": 77, "prod": 0.20995622932828378, "target": 34, "value": 61.0, "supply": [{"l": "Beverages, Alcoholic", "v": 61.0}]}, {"source": 77, "prod": 1.5173005402694109, "target": 37, "value": 182.0, "supply": [{"l": "Butter, Ghee", "v": 182.0}]}, {"source": 77, "prod": 3.0202375844157761, "target": 6, "value": 367.0, "supply": [{"l": "Fats, Animals, Raw", "v": 367.0}]}, {"source": 77, "prod": 1.863418843355547, "target": 8, "value": 192.0, "supply": [{"l": "Soyabean Oil", "v": 192.0}]}, {"source": 77, "prod": 0.55957037771795448, "target": 47, "value": 58.0, "supply": [{"l": "Palm Oil", "v": 58.0}]}, {"source": 77, "prod": 0.30078975180582856, "target": 50, "value": 31.0, "supply": [{"l": "Sunflowerseed Oil", "v": 31.0}]}, {"source": 77, "prod": 0.0070750277642500003, "target": 51, "value": 1.0, "supply": [{"l": "Olive Oil", "v": 1.0}]}, {"source": 77, "prod": 0.11254230211039536, "target": 44, "value": 12.0, "supply": [{"l": "Coconut Oil", "v": 12.0}]}, {"source": 77, "prod": 0.072771714146571423, "target": 55, "value": 9.0, "supply": [{"l": "Rape and Mustard Oil", "v": 9.0}]}, {"source": 77, "prod": 0.33429506186081254, "target": 30, "value": 39.0, "supply": [{"l": "Oilcrops Oil, Other", "v": 39.0}]}, {"source": 77, "prod": 0.14657167345128327, "target": 49, "value": 168.0, "supply": [{"l": "Wine", "v": 168.0}]}, {"source": 77, "prod": 0.26776258923161539, "target": 61, "value": 123.0, "supply": [{"l": "Sweeteners, Other", "v": 123.0}]}, {"source": 77, "prod": 0.0055027993721944455, "target": 63, "value": 7.0, "supply": [{"l": "Beverages, Fermented", "v": 7.0}]}, {"source": 77, "prod": 0.16459060405535567, "target": 82, "value": 20.0, "supply": [{"l": "Fish, Body Oil", "v": 20.0}]}, {"source": 77, "prod": 0.014554342829314289, "target": 36, "value": 4.0, "supply": [{"l": "Honey", "v": 4.0}]}, {"source": 77, "prod": 0.007718212106454546, "target": 72, "value": 1.0, "supply": [{"l": "Cottonseed Oil", "v": 1.0}]}, {"source": 77, "prod": 0.05717777540087756, "target": 73, "value": 6.0, "supply": [{"l": "Palmkernel Oil", "v": 6.0}]}, {"source": 77, "prod": 0.032756821459677163, "target": 75, "value": 14.0, "supply": [{"l": "Cream", "v": 14.0}]}, {"source": 90, "prod": 0.096477651330681535, "target": 91, "value": 22.727272727272659, "supply": [{"l": "Oil Palm", "v": 22.727272727272659}]}, {"source": 91, "prod": 0.096477651330681535, "target": 77, "value": 22.727272727272659, "supply": [{"l": "Oil Palm", "v": 22.727272727272659}]}]}