{"nodes": [{"layer": 13, "name": "Other Processed", "fill": "#9c9ede"}, {"layer": 10, "name": "Feed", "fill": "#dbdb8d"}, {"layer": 13, "name": "Animal Products", "fill": "#17becf"}, {"layer": 5, "name": "Cereals", "fill": "#e7ba52"}, {"layer": 5, "name": "Fruits, Roots & Vegetables", "fill": "#98df8a"}, {"layer": 13, "name": "Aquatic Products", "fill": "#1f77b4"}, {"layer": 13, "name": "Vegetable Oils", "fill": "#f7b6d2"}, {"layer": 16, "name": "Food", "fill": "#b5cf6b"}, {"layer": 5, "name": "Oilcrops", "fill": "#ff9896"}, {"layer": 13, "name": "Sugar", "fill": "#d6616b"}, {"layer": 10, "name": "Processing", "fill": "#9edae5"}, {"layer": 5, "name": "Sugar Crops", "fill": "#ffbb78"}, {"layer": 16, "name": "Biofuels & Other", "fill": "#e7ba52"}, {"name": "Waste", "fill": "#c7c7c7"}, {"layer": 2, "name": "Import", "fill": "#aec7e8"}, {"layer": 16, "name": "Export", "fill": "#aec7e8"}, {"layer": 16, "name": "Stock Deposit", "fill": "#c7c7c7"}, {"layer": 0, "name": "Stock Draw", "fill": "#c7c7c7"}, {"name": "Crop Residue", "fill": "#bd9e39"}, {"layer": 2, "name": "Electricity", "fill": "#bcbd22"}, {"layer": 0, "name": "Fossil Fuels", "fill": "#c49c94"}, {"layer": 0, "name": "Renewables & Nuclear", "fill": "#2ca02c"}, {"layer": 2, "name": "Fertilizers", "fill": "#c5b0d5"}, {"layer": 0, "name": "Labor", "fill": "#7f7f7f"}], "links": [{"source": 0, "prod": 12.0, "target": 1, "value": 0.098541824335896408, "supply": [{"l": "Fats, Animals, Raw", "v": 0.098541824335896408}]}, {"source": 2, "prod": 2670.0, "target": 1, "value": 1.6989156605631583, "supply": [{"l": "Milk - Excluding Butter", "v": 1.6989156605631583}]}, {"source": 3, "prod": 2367.0, "target": 1, "value": 8.1453229995890641, "supply": [{"l": "Maize", "v": 1.1328888207505314}, {"l": "Oats", "v": 1.6009777112245718}, {"l": "Rye", "v": 0.47186711488724215}, {"l": "Rice", "v": 0.067348821986610588}, {"l": "Sorghum", "v": 2.0233674427112747}, {"l": "Cereals, Other", "v": 0.053508613343067231}, {"l": "Wheat", "v": 0.12631025062245385}, {"l": "Barley", "v": 2.6690542240633124}]}, {"source": 4, "prod": 532.0, "target": 1, "value": 0.4436408199225349, "supply": [{"l": "Vegetables, Other", "v": 0.013841360652829265}, {"l": "Potatoes", "v": 0.25873397640424084}, {"l": "Fruits, Other", "v": 0.00057559547912542383}, {"l": "Apples", "v": 0.0011340663811548269}, {"l": "Pulses, Other", "v": 0.054027484745181827}, {"l": "Roots, Other", "v": 0.08884238948820318}, {"l": "Peas", "v": 0.01245820106313587}, {"l": "Cassava", "v": 0.014027745708663658}]}, {"source": 5, "prod": 516.0, "target": 1, "value": 0.42154522210128587, "supply": [{"l": "Fish, Seafood", "v": 0.16510768310139198}, {"l": "Pelagic Fish", "v": 0.25546863362847022}, {"l": "Demersal Fish", "v": 0.0009689053714236806}]}, {"source": 6, "prod": 7.0, "target": 1, "value": 0.067267187050869232, "supply": [{"l": "Rape and Mustard Oil", "v": 0.0084900333171}, {"l": "Groundnut Oil", "v": 0.058777153733769232}]}, {"source": 0, "prod": 1378.0, "target": 7, "value": 2.3335005642926081, "supply": [{"l": "Beer", "v": 0.61938259517656025}, {"l": "Beverages, Alcoholic", "v": 0.05287206377116168}, {"l": "Fats, Animals, Raw", "v": 0.74727550121388109}, {"l": "Butter, Ghee", "v": 0.825068663316048}, {"l": "Wine", "v": 0.061316907290166665}, {"l": "Beverages, Fermented", "v": 0.0013061589718615385}, {"l": "Fish, Liver Oil", "v": 0.014150055528500001}, {"l": "Cream", "v": 0.01212861902442857}]}, {"source": 2, "prod": 2436.0, "target": 7, "value": 2.2011247265053191, "supply": [{"l": "Pigmeat", "v": 0.41962876378176794}, {"l": "Meat, Other", "v": 0.05646577978118765}, {"l": "Poultry Meat", "v": 0.11789952983261383}, {"l": "Eggs", "v": 0.19623833028288926}, {"l": "Mutton & Goat Meat", "v": 0.0129949489547449}, {"l": "Milk - Excluding Butter", "v": 1.0556183823499175}, {"l": "Bovine Meat", "v": 0.28931103812645137}, {"l": "Offals, Edible", "v": 0.052967953395746663}]}, {"source": 3, "prod": 1051.0, "target": 7, "value": 3.2465815754694964, "supply": [{"l": "Maize", "v": 0.02387821870434375}, {"l": "Rye", "v": 0.02412956837491579}, {"l": "Barley", "v": 0.0053062708231875}, {"l": "Rice", "v": 0.044899214657740397}, {"l": "Wheat", "v": 3.1392718386409872}, {"l": "Oats", "v": 0.0090964642683214296}]}, {"source": 8, "prod": 9.0, "target": 7, "value": 0.018956183025576126, "supply": [{"l": "Coconuts - Incl Copra", "v": 0.011729651293361842}, {"l": "Groundnuts", "v": 0.0060643095122142861}, {"l": "Rape and Mustardseed", "v": 0.0011622222200000001}]}, {"source": 4, "prod": 2751.0, "target": 7, "value": 1.7392172964597552, "supply": [{"l": "Vegetables, Other", "v": 0.21194583499644806}, {"l": "Nuts", "v": 0.033353702317178574}, {"l": "Tomatoes", "v": 0.012241443387446512}, {"l": "Coffee", "v": 0.03259698655780105}, {"l": "Treenuts", "v": 0.03248360573499131}, {"l": "Cocoa Beans", "v": 0.019774922322437889}, {"l": "Peas", "v": 0.037374603189407614}, {"l": "Grapes", "v": 0.03254165104342998}, {"l": "Dates", "v": 0.0032653974296538461}, {"l": "Potatoes", "v": 0.97804560357627179}, {"l": "Beans", "v": 0.035086362177811227}, {"l": "Apples", "v": 0.089591244111231344}, {"l": "Lemons, Limes", "v": 0.0040281179971642335}, {"l": "Pineapples", "v": 0.0041852276915281695}, {"l": "Bananas", "v": 0.045050483068532161}, {"l": "Infant food", "v": 0.007718212106454546}, {"l": "Spices, Other", "v": 0.0060643095122142861}, {"l": "Fruits, Other", "v": 0.081734558035810173}, {"l": "Grapefruit", "v": 0.0069733333200000004}, {"l": "Oranges, Mandarines", "v": 0.04887815283008097}, {"l": "Onions", "v": 0.012424439000634146}, {"l": "Pulses, Other", "v": 0.003859106053227273}]}, {"source": 9, "prod": 269.0, "target": 7, "value": 0.75868906424983484, "supply": [{"l": "Sugar", "v": 0.73297287637630004}, {"l": "Sweeteners, Other", "v": 0.017226154556434784}, {"l": "Honey", "v": 0.0084900333171}]}, {"source": 5, "prod": 344.0, "target": 7, "value": 0.21759326374416946, "supply": [{"l": "Freshwater Fish", "v": 0.0082829593337560969}, {"l": "Crustaceans", "v": 0.0040752159922079999}, {"l": "Marine Fish, Other", "v": 0.0015722283920555555}, {"l": "Demersal Fish", "v": 0.032458329942693299}, {"l": "Fish, Seafood", "v": 0.11007178873426131}, {"l": "Pelagic Fish", "v": 0.052889990555894224}, {"l": "Molluscs, Other", "v": 0.0082427507933009719}]}, {"source": 6, "prod": 120.0, "target": 7, "value": 1.133286701158039, "supply": [{"l": "Maize Germ Oil", "v": 0.031837624939125002}, {"l": "Groundnut Oil", "v": 0.1567390766233846}, {"l": "Soyabean Oil", "v": 0.20074955626640395}, {"l": "Palm Oil", "v": 0.24080821772138183}, {"l": "Sunflowerseed Oil", "v": 0.053062708231874998}, {"l": "Coconut Oil", "v": 0.2033834647963067}, {"l": "Sesameseed Oil", "v": 0.0169800666342}, {"l": "Oilcrops Oil, Other", "v": 0.12137160305431691}, {"l": "Cottonseed Oil", "v": 0.007718212106454546}, {"l": "Palmkernel Oil", "v": 0.10063617078459051}]}, {"source": 4, "prod": 21.0, "target": 10, "value": 0.016746009995882414, "supply": [{"l": "Fruits, Other", "v": 0.0017267864373762714}, {"l": "Grapes", "v": 0.015019223558506142}]}, {"source": 11, "prod": 2070.0, "target": 10, "value": 2.4057999954000002, "supply": [{"l": "Sugar beet", "v": 2.4057999954000002}]}, {"source": 6, "prod": 1.0, "target": 10, "value": 0.0086694002181654933, "supply": [{"l": "Oilcrops Oil, Other", "v": 0.0086694002181654933}]}, {"source": 3, "prod": 211.0, "target": 10, "value": 0.97370069605490639, "supply": [{"l": "Maize", "v": 0.14592244763765627}, {"l": "Barley", "v": 0.82777824841725012}]}, {"source": 8, "prod": 368.0, "target": 10, "value": 1.3496888006252648, "supply": [{"l": "Sunflower seed", "v": 0.0038699869913472753}, {"l": "Coconuts - Incl Copra", "v": 0.16421511810706579}, {"l": "Soyabeans", "v": 0.46052845197032577}, {"l": "Sesame seed", "v": 0.015479947965389101}, {"l": "Rape and Mustardseed", "v": 0.0046488888800000003}, {"l": "Groundnuts", "v": 0.41843735634278578}, {"l": "Palm kernels", "v": 0.12383958372311281}, {"l": "Oilcrops, Other", "v": 0.15866946664523826}]}, {"source": 0, "prod": 65.0, "target": 12, "value": 0.4901523197059876, "supply": [{"l": "Fats, Animals, Raw", "v": 0.3859554786489276}, {"l": "Fish, Body Oil", "v": 0.074456305185781529}, {"l": "Beverages, Alcoholic", "v": 0.029740535871278447}]}, {"source": 2, "prod": 3.0, "target": 12, "value": 0.0019088940006327622, "supply": [{"l": "Milk - Excluding Butter", "v": 0.0019088940006327622}]}, {"source": 3, "prod": 26.0, "target": 12, "value": 0.095979332685359853, "supply": [{"l": "Maize", "v": 0.02387821870434375}, {"l": "Wheat", "v": 0.0092422134601795498}, {"l": "Rice", "v": 0.06285890052083655}]}, {"source": 4, "prod": 4.0, "target": 12, "value": 0.0031172768241474803, "supply": [{"l": "Cassava", "v": 0.0031172768241474803}]}, {"source": 11, "prod": 9.0, "target": 12, "value": 0.010459999980000001, "supply": [{"l": "Sugar beet", "v": 0.010459999980000001}]}, {"source": 9, "prod": 10.0, "target": 12, "value": 0.025716187873534784, "supply": [{"l": "Sweeteners, Other", "v": 0.017226154556434784}, {"l": "Sugar", "v": 0.0084900333171}]}, {"source": 6, "prod": 17.0, "target": 12, "value": 0.15704471113312557, "supply": [{"l": "Palm Oil", "v": 0.027785563583236361}, {"l": "Groundnut Oil", "v": 0.068573346022730769}, {"l": "Oilcrops Oil, Other", "v": 0.060685801527158453}]}, {"source": 4, "prod": 120.0, "target": 4, "value": 0.10026513368777458, "supply": [{"l": "Potatoes", "v": 0.091959666312350669}, {"l": "Peas", "v": 0.0083054673754239146}]}, {"source": 2, "prod": 7.0, "target": 2, "value": 0.011447235933168541, "supply": [{"l": "Eggs", "v": 0.011447235933168541}]}, {"source": 3, "prod": 81.0, "target": 3, "value": 0.28517145358998197, "supply": [{"l": "Cereals, Other", "v": 0.0071344817790756302}, {"l": "Wheat", "v": 0.123229512802394}, {"l": "Barley", "v": 0.090206603994187506}, {"l": "Oats", "v": 0.048514476097714289}, {"l": "Rye", "v": 0.016086378916610525}]}, {"source": 8, "prod": 5.0, "target": 8, "value": 0.019349934956736377, "supply": [{"l": "Oilcrops, Other", "v": 0.019349934956736377}]}, {"source": 4, "prod": 273.0, "target": 13, "value": 0.17303381779623814, "supply": [{"l": "Tomatoes", "v": 0.00059232790584418603}, {"l": "Bananas", "v": 0.0021452610985015315}, {"l": "Potatoes", "v": 0.13170494582023104}, {"l": "Vegetables, Other", "v": 0.01787842417657113}, {"l": "Fruits, Other", "v": 0.0063315502703796614}, {"l": "Grapes", "v": 0.0033376052352235876}, {"l": "Oranges, Mandarines", "v": 0.0015274422759400303}, {"l": "Onions", "v": 0.0004437299643083624}, {"l": "Apples", "v": 0.0090725310492386149}]}, {"source": 11, "prod": 2.0, "target": 13, "value": 0.0023244444400000001, "supply": [{"l": "Sugar beet", "v": 0.0023244444400000001}]}, {"source": 2, "prod": 3.0, "target": 13, "value": 0.0049059582570722318, "supply": [{"l": "Eggs", "v": 0.0049059582570722318}]}, {"source": 3, "prod": 14.0, "target": 13, "value": 0.049817246087280005, "supply": [{"l": "Cereals, Other", "v": 0.0035672408895378151}, {"l": "Wheat", "v": 0.024645902560478796}, {"l": "Maize", "v": 0.00265313541159375}, {"l": "Barley", "v": 0.015918812469562501}, {"l": "Oats", "v": 0.0030321547561071431}]}, {"source": 14, "prod": 1308.0, "target": 1, "value": 0.97427455124020079, "supply": [{"l": "Freshwater Fish", "v": 0.0082829593337560969}, {"l": "Pigmeat", "v": 0.0082280149761130971}, {"l": "Meat, Other", "v": 0.02399795640700475}, {"l": "Crustaceans", "v": 0.0037356146595239996}, {"l": "Demersal Fish", "v": 0.020831465485609133}, {"l": "Mutton & Goat Meat", "v": 0.0051979795818979588}, {"l": "Milk - Excluding Butter", "v": 0.25515549808457921}, {"l": "Pelagic Fish", "v": 0.33829635468770081}, {"l": "Fish, Seafood", "v": 0.27581942409573618}, {"l": "Bovine Meat", "v": 0.020752268557593559}, {"l": "Molluscs, Other", "v": 0.0082427507933009719}, {"l": "Offals, Edible", "v": 0.0024636257393370539}, {"l": "Eggs", "v": 0.0032706388380481545}]}, {"source": 14, "prod": 282.0, "target": 10, "value": 1.3506605338310309, "supply": [{"l": "Sugar", "v": 0.053770211008300005}, {"l": "Maize Germ Oil", "v": 0.010612541646375}, {"l": "Beer", "v": 0.028542976736247016}, {"l": "Groundnut Oil", "v": 0.078369538311692299}, {"l": "Beverages, Alcoholic", "v": 0.023131527899883236}, {"l": "Fats, Animals, Raw", "v": 0.33668456648097944}, {"l": "Soyabean Oil", "v": 0.010037477813320199}, {"l": "Palm Oil", "v": 0.40752159922080006}, {"l": "Sunflowerseed Oil", "v": 0.053062708231874998}, {"l": "Coconut Oil", "v": 0.064712920617006675}, {"l": "Oilcrops Oil, Other", "v": 0.086694002181654947}, {"l": "Wine", "v": 0.054241879525916664}, {"l": "Sweeteners, Other", "v": 0.0049217584446956519}, {"l": "Beverages, Fermented", "v": 0.00065307948593076924}, {"l": "Fish, Body Oil", "v": 0.082729227984201681}, {"l": "Fish, Liver Oil", "v": 0.014150055528500001}, {"l": "Honey", "v": 0.0056600222113999997}, {"l": "Cottonseed Oil", "v": 0.007718212106454546}, {"l": "Palmkernel Oil", "v": 0.027446228395797415}]}, {"source": 14, "prod": 2345.0, "target": 3, "value": 7.8244348443197937, "supply": [{"l": "Maize", "v": 1.7484162362402813}, {"l": "Rye", "v": 0.21180398906870526}, {"l": "Barley", "v": 2.0323017252808127}, {"l": "Rice", "v": 0.24245575915179812}, {"l": "Cereals, Other", "v": 0.032105168005840332}, {"l": "Wheat", "v": 1.2785061953248378}, {"l": "Oats", "v": 0.15767204731757145}, {"l": "Sorghum", "v": 2.1211737239299469}]}, {"source": 14, "prod": 919.0, "target": 4, "value": 0.76591346608925537, "supply": [{"l": "Roots, Other", "v": 0.089621708694240049}, {"l": "Nuts", "v": 0.033353702317178574}, {"l": "Cocoa Beans", "v": 0.029003219406242238}, {"l": "Tomatoes", "v": 0.00098721317640697672}, {"l": "Coffee", "v": 0.034375004006408381}, {"l": "Treenuts", "v": 0.03248360573499131}, {"l": "Apples", "v": 0.026650559957138435}, {"l": "Vegetables, Other", "v": 0.022203849380580277}, {"l": "Peas", "v": 0.07890194006652719}, {"l": "Grapes", "v": 0.028369644499400489}, {"l": "Dates", "v": 0.0032653974296538461}, {"l": "Potatoes", "v": 0.11689788090553049}, {"l": "Beans", "v": 0.050680300923505117}, {"l": "Pulses, Other", "v": 0.003859106053227273}, {"l": "Lemons, Limes", "v": 0.0043379732277153285}, {"l": "Pineapples", "v": 0.0041852276915281695}, {"l": "Bananas", "v": 0.048625918232701383}, {"l": "Infant food", "v": 0.023154636319363639}, {"l": "Spices, Other", "v": 0.0060643095122142861}, {"l": "Fruits, Other", "v": 0.04432085189265763}, {"l": "Grapefruit", "v": 0.0081355555400000005}, {"l": "Oranges, Mandarines", "v": 0.053078619088916049}, {"l": "Onions", "v": 0.0062122195003170731}, {"l": "Cassava", "v": 0.017145022532811142}]}, {"source": 14, "prod": 386.0, "target": 8, "value": 1.4144464791773015, "supply": [{"l": "Sunflower seed", "v": 0.0038699869913472753}, {"l": "Coconuts - Incl Copra", "v": 0.17594476940042764}, {"l": "Sesame seed", "v": 0.015479947965389101}, {"l": "Groundnuts", "v": 0.45482321341607146}, {"l": "Oilcrops, Other", "v": 0.17027942761928011}, {"l": "Soyabeans", "v": 0.46439843896167299}, {"l": "Rape and Mustardseed", "v": 0.0058111111000000003}, {"l": "Palm kernels", "v": 0.12383958372311281}]}, {"source": 14, "prod": 5.0, "target": 11, "value": 0.0058111111000000003, "supply": [{"l": "Sugar beet", "v": 0.0058111111000000003}]}, {"source": 0, "prod": 79.0, "target": 15, "value": 0.30630147026006604, "supply": [{"l": "Beer", "v": 0.023405240923722554}, {"l": "Fats, Animals, Raw", "v": 0.23814274214508302}, {"l": "Butter, Ghee", "v": 0.03333610760872921}, {"l": "Wine", "v": 0.003144456784111111}, {"l": "Fish, Body Oil", "v": 0.0082729227984201688}]}, {"source": 2, "prod": 312.0, "target": 15, "value": 0.27129715418199923, "supply": [{"l": "Meat, Other", "v": 0.0014116444945296914}, {"l": "Eggs", "v": 0.070318735018035317}, {"l": "Pigmeat", "v": 0.036203265894897627}, {"l": "Milk - Excluding Butter", "v": 0.15080262604998823}, {"l": "Bovine Meat", "v": 0.0024414433597168893}, {"l": "Poultry Meat", "v": 0.0076558136254944046}, {"l": "Offals, Edible", "v": 0.0024636257393370539}]}, {"source": 3, "prod": 361.0, "target": 15, "value": 1.3503601993809879, "supply": [{"l": "Maize", "v": 0.23082278080865629}, {"l": "Barley", "v": 0.58899606137381255}, {"l": "Rice", "v": 0.085308507849706741}, {"l": "Cereals, Other", "v": 0.017836204447689075}, {"l": "Wheat", "v": 0.32655820892634407}, {"l": "Oats", "v": 0.0030321547561071431}, {"l": "Sorghum", "v": 0.097806281218671881}]}, {"source": 8, "prod": 20.0, "target": 15, "value": 0.074691975055598214, "supply": [{"l": "Oilcrops, Other", "v": 0.073529752835598219}, {"l": "Rape and Mustardseed", "v": 0.0011622222200000001}]}, {"source": 4, "prod": 467.0, "target": 15, "value": 0.39126059783969064, "supply": [{"l": "Roots, Other", "v": 0.00077931920603687007}, {"l": "Fruits, Other", "v": 0.022448223685891527}, {"l": "Cocoa Beans", "v": 0.009228297083804347}, {"l": "Tomatoes", "v": 0.00078977054112558138}, {"l": "Coffee", "v": 0.0017780174486073303}, {"l": "Vegetables, Other", "v": 0.044984422121695102}, {"l": "Peas", "v": 0.10797107588051089}, {"l": "Grapes", "v": 0.0025032039264176902}, {"l": "Potatoes", "v": 0.14651201073493156}, {"l": "Beans", "v": 0.015593938745693878}, {"l": "Apples", "v": 0.0096395642398160297}, {"l": "Bananas", "v": 0.0014301740656676876}, {"l": "Infant food", "v": 0.015436424212909092}, {"l": "Oranges, Mandarines", "v": 0.0026730239828950532}, {"l": "Onions", "v": 0.0017749198572334496}, {"l": "Pulses, Other", "v": 0.007718212106454546}]}, {"source": 11, "prod": 3.0, "target": 15, "value": 0.0034866666600000002, "supply": [{"l": "Sugar beet", "v": 0.0034866666600000002}]}, {"source": 9, "prod": 101.0, "target": 15, "value": 0.27992501154206523, "supply": [{"l": "Sugar", "v": 0.24055094398450003}, {"l": "Sweeteners, Other", "v": 0.039374067557565215}]}, {"source": 5, "prod": 124.0, "target": 15, "value": 0.086512820211426214, "supply": [{"l": "Crustaceans", "v": 0.00033960133268400001}, {"l": "Demersal Fish", "v": 0.013564675199931528}, {"l": "Fish, Seafood", "v": 0.0396770401251407}, {"l": "Pelagic Fish", "v": 0.032931503553669986}]}, {"source": 6, "prod": 39.0, "target": 15, "value": 0.36696949803257234, "supply": [{"l": "Maize Germ Oil", "v": 0.010612541646375}, {"l": "Groundnut Oil", "v": 0.10775811517857693}, {"l": "Soyabean Oil", "v": 0.030112433439960597}, {"l": "Palm Oil", "v": 0.13892781791618183}, {"l": "Coconut Oil", "v": 0.0092447029452866671}, {"l": "Oilcrops Oil, Other", "v": 0.05201640130899296}, {"l": "Palmkernel Oil", "v": 0.018297485597198279}]}, {"source": 6, "prod": 6.0, "target": 16, "value": 0.054233747310095698, "supply": [{"l": "Rape and Mustard Oil", "v": 0.0084900333171}, {"l": "Palmkernel Oil", "v": 0.045743713992995698}]}, {"source": 0, "prod": 11.0, "target": 16, "value": 0.033831154053003826, "supply": [{"l": "Beverages, Alcoholic", "v": 0.033045039856976051}, {"l": "Wine", "v": 0.00078611419602777775}]}, {"source": 3, "prod": 302.0, "target": 16, "value": 1.1527191724009138, "supply": [{"l": "Maize", "v": 0.19898515586953128}, {"l": "Wheat", "v": 0.26494345252514706}, {"l": "Cereals, Other", "v": 0.035672408895378149}, {"l": "Rye", "v": 0.042897010444294732}, {"l": "Barley", "v": 0.61022114466656252}]}, {"source": 4, "prod": 79.0, "target": 16, "value": 0.061566217276912728, "supply": [{"l": "Potatoes", "v": 0.061566217276912728}]}, {"source": 8, "prod": 4.0, "target": 16, "value": 0.024257238048857144, "supply": [{"l": "Groundnuts", "v": 0.024257238048857144}]}, {"source": 17, "prod": 1.0, "target": 10, "value": 0.0083340269021823024, "supply": [{"l": "Butter, Ghee", "v": 0.0083340269021823024}]}, {"source": 9, "prod": 12.0, "target": 16, "value": 0.0339601332684, "supply": [{"l": "Sugar", "v": 0.0339601332684}]}, {"source": 17, "prod": 4.0, "target": 3, "value": 0.017959685863096157, "supply": [{"l": "Rice", "v": 0.017959685863096157}]}, {"source": 1, "prod": 984.0, "target": 5, "value": 0.72565130605688155, "supply": [{"l": "Pelagic Fish", "v": 0.34129012773803441}, {"l": "Crustaceans", "v": 0.0044148173248920002}, {"l": "Freshwater Fish", "v": 0.0082829593337560969}, {"l": "Molluscs, Other", "v": 0.0082427507933009719}, {"l": "Demersal Fish", "v": 0.04699191051404851}, {"l": "Fish, Seafood", "v": 0.31485651196079401}, {"l": "Marine Fish, Other", "v": 0.0015722283920555555}]}, {"source": 1, "prod": 5424.0, "target": 2, "value": 4.1781523935081815, "supply": [{"l": "Poultry Meat", "v": 0.12555534345810823}, {"l": "Pigmeat", "v": 0.45583202967666558}, {"l": "Bovine Meat", "v": 0.29175248148616828}, {"l": "Eggs", "v": 0.28291025949116533}, {"l": "Milk - Excluding Butter", "v": 2.9072455629636971}, {"l": "Offals, Edible", "v": 0.055431579135083717}, {"l": "Meat, Other", "v": 0.057877424275717342}, {"l": "Mutton & Goat Meat", "v": 0.0129949489547449}]}, {"source": 10, "prod": 1545.0, "target": 0, "value": 3.2623273326475619, "supply": [{"l": "Fats, Animals, Raw", "v": 1.4699155463437881}, {"l": "Beverages, Fermented", "v": 0.0013061589718615385}, {"l": "Fish, Body Oil", "v": 0.082729227984201695}, {"l": "Beer", "v": 0.64278783610028278}, {"l": "Beverages, Alcoholic", "v": 0.11565763949941618}, {"l": "Fish, Liver Oil", "v": 0.014150055528500001}, {"l": "Cream", "v": 0.01212861902442857}, {"l": "Butter, Ghee", "v": 0.85840477092477718}, {"l": "Wine", "v": 0.065247478270305553}]}, {"source": 10, "prod": 190.0, "target": 6, "value": 1.7874712449028674, "supply": [{"l": "Sesameseed Oil", "v": 0.0169800666342}, {"l": "Soyabean Oil", "v": 0.23086198970636454}, {"l": "Coconut Oil", "v": 0.21262816774159338}, {"l": "Cottonseed Oil", "v": 0.007718212106454546}, {"l": "Rape and Mustard Oil", "v": 0.0169800666342}, {"l": "Maize Germ Oil", "v": 0.0424501665855}, {"l": "Groundnut Oil", "v": 0.39184769155846155}, {"l": "Palm Oil", "v": 0.4075215992208}, {"l": "Palmkernel Oil", "v": 0.1646773703747845}, {"l": "Oilcrops Oil, Other", "v": 0.24274320610863384}, {"l": "Sunflowerseed Oil", "v": 0.053062708231874998}]}, {"source": 10, "prod": 392.0, "target": 9, "value": 1.0982903969338349, "supply": [{"l": "Honey", "v": 0.0084900333171}, {"l": "Sweeteners, Other", "v": 0.07382637667043479}, {"l": "Sugar", "v": 1.0159739869463}]}, {"source": 4, "prod": 3787.5, "target": 18, "value": 11.407293344852334, "supply": [{"l": "Roots, Other", "v": 0.100241666475}, {"l": "Vegetables, Other", "v": 3.3541733269199998}, {"l": "Peas", "v": 0.10634333313}, {"l": "Tomatoes", "v": 0.23011999956000001}, {"l": "Potatoes", "v": 3.6017266597800002}, {"l": "Beans", "v": 0.02440666662}, {"l": "Cassava", "v": 0.019176666630000002}, {"l": "Onions", "v": 0.090653333160000002}, {"l": "Pulses, Other", "v": 0.059273333220000009}]}, {"source": 11, "prod": 832.60000000000002, "target": 18, "value": 0.96766622037200012, "supply": [{"l": "Sugar beet", "v": 0.96766622037200012}]}, {"source": 3, "prod": 6475.0, "target": 18, "value": 25.950101050789147, "supply": [{"l": "Maize", "v": 2.3221199955600005}, {"l": "Rye", "v": 1.1715199977600002}, {"l": "Barley", "v": 4.9789599904799999}, {"l": "Rice", "v": 0.20222666628000002}, {"l": "Wheat", "v": 7.6427733187200015}, {"l": "Oats", "v": 3.6435666597000007}, {"l": "Cereals, Other", "v": 0.22788415287029121}, {"l": "Sorghum", "v": 2.4197466620399997}]}, {"source": 8, "prod": 213.5, "target": 18, "value": 0.70644151886206985, "supply": [{"l": "Sunflower seed", "v": 0.0017433333300000001}, {"l": "Coconuts - Incl Copra", "v": 0.18304999964999999}, {"l": "Sesame seed", "v": 0.0069733333200000004}, {"l": "Groundnuts", "v": 0.12900666642}, {"l": "Rape and Mustardseed", "v": 0.0031413140212451572}, {"l": "Oilcrops, Other", "v": 0.14992666638000002}, {"l": "Soyabeans", "v": 0.20745666627000001}, {"l": "Palm kernels", "v": 0.055786666560000003}]}, {"source": 19, "prod": 0, "target": 4, "value": 0.00023039214595250076, "supply": "[{\"l\":'Energy for power irrigation',\"v\":0.00023039214595250076}]"}, {"source": 19, "prod": 0, "target": 11, "value": 0.00012661683215845024, "supply": "[{\"l\":'Energy for power irrigation',\"v\":0.00012661683215845024}]"}, {"source": 19, "prod": 0, "target": 3, "value": 0.00019693586073167557, "supply": "[{\"l\":'Energy for power irrigation',\"v\":0.00019693586073167557}]"}, {"source": 19, "prod": 0, "target": 8, "value": 1.2987121626629417e-05, "supply": "[{\"l\":'Energy for power irrigation',\"v\":1.2987121626629417e-05}]"}, {"source": 19, "prod": 0, "target": 10, "value": 0.29581950000000001, "supply": "[{\"l\":'Electricity',\"v\":0.29581950000000001}]"}, {"source": 20, "prod": 0, "target": 19, "value": 0.75580138901428762, "supply": [{"l": "Coal", "v": 0.63500085385426175}, {"l": "Natural gas", "v": 0.0016164785108053253}, {"l": "Oil", "v": 0.1191840566492206}]}, {"source": 21, "prod": 0, "target": 19, "value": 0.0028211190730919539, "supply": [{"l": "Nuclear", "v": 6.7571714325555691e-05}, {"l": "Hydroelectric", "v": 0.0027535473587663984}, {"l": "Renewable", "v": 0.0}]}, {"source": 20, "prod": 0, "target": 4, "value": 2.2407347143576559, "supply": [{"l": "Coal", "v": 0.097080651007564356}, {"l": "Other fossil fuels", "v": 2.1436540633500916}]}, {"source": 20, "prod": 0, "target": 11, "value": 1.2314427215671184, "supply": [{"l": "Coal", "v": 0.053352706289701707}, {"l": "Other fossil fuels", "v": 1.1780900152774167}]}, {"source": 20, "prod": 0, "target": 3, "value": 1.9153474951109999, "supply": [{"l": "Coal", "v": 0.082983130729238186}, {"l": "Other fossil fuels", "v": 1.8323643643817615}]}, {"source": 20, "prod": 0, "target": 8, "value": 0.12630940238029295, "supply": [{"l": "Coal", "v": 0.0054724010534957079}, {"l": "Other fossil fuels", "v": 0.12083700132679726}]}, {"source": 22, "prod": 188.71096834763947, "target": 4, "value": 1.5158826043064113, "supply": [{"l": "Potash", "v": 0.50804227540643376}, {"l": "Phosphate", "v": 0.49472325039577864}, {"l": "Nitrogen", "v": 2.7274063216263693}]}, {"source": 22, "prod": 103.71006748927039, "target": 11, "value": 0.83308505369341124, "supply": [{"l": "Potash", "v": 0.50804227540643376}, {"l": "Phosphate", "v": 0.49472325039577864}, {"l": "Nitrogen", "v": 2.7274063216263693}]}, {"source": 22, "prod": 161.30739538626611, "target": 3, "value": 1.2957544373444243, "supply": [{"l": "Potash", "v": 0.50804227540643376}, {"l": "Phosphate", "v": 0.49472325039577864}, {"l": "Nitrogen", "v": 2.7274063216263693}]}, {"source": 22, "prod": 10.637568776824034, "target": 8, "value": 0.085449752084335001, "supply": [{"l": "Potash", "v": 0.50804227540643376}, {"l": "Phosphate", "v": 0.49472325039577864}, {"l": "Nitrogen", "v": 2.7274063216263693}]}, {"source": 20, "prod": 0, "target": 22, "value": 4.9017203519458734, "supply": [{"l": "Natural gas (including LNG)", "v": 3.1690520247564162}, {"l": "Fuel oil", "v": 1.2505414758097591}, {"l": "Liquefied petroleum gas (LPG)", "v": 0.24106342568984934}, {"l": "Coal", "v": 0.24106342568984934}]}, {"source": 23, "prod": 0, "target": 3, "value": 0.031420214066875299, "supply": "[{\"l\":'Labor',\"v\":0.031420214066875299}]"}, {"source": 23, "prod": 0, "target": 8, "value": 0.0020720357384642089, "supply": "[{\"l\":'Labor',\"v\":0.0020720357384642089}]"}, {"source": 23, "prod": 0, "target": 4, "value": 0.036758011051209329, "supply": "[{\"l\":'Labor',\"v\":0.036758011051209329}]"}, {"source": 23, "prod": 0, "target": 11, "value": 0.020201135314347779, "supply": "[{\"l\":'Labor',\"v\":0.020201135314347779}]"}, {"source": 20, "prod": 0, "target": 14, "value": 20.134722707026182, "supply": "[{\"l\":'Fossil Fuels',\"v\":20.134722707026182}]"}, {"source": 21, "prod": 0, "target": 14, "value": 0.011718197749318015, "supply": "[{\"l\":'Renewables & Nuclear',\"v\":0.011718197749318015},{\"l\":'Biomass & Waste',\"v\":0.0}]"}]}