{"nodes": [{"layer": 13, "name": "Other Processed", "fill": "#9c9ede"}, {"layer": 10, "name": "Feed", "fill": "#dbdb8d"}, {"layer": 13, "name": "Animal Products", "fill": "#17becf"}, {"layer": 5, "name": "Cereals", "fill": "#e7ba52"}, {"layer": 5, "name": "Oilcrops", "fill": "#ff9896"}, {"layer": 13, "name": "Sugar", "fill": "#d6616b"}, {"layer": 5, "name": "Starchy Roots"}, {"layer": 5, "name": "Fruits & Vegetables"}, {"layer": 13, "name": "Aquatic Products", "fill": "#1f77b4"}, {"layer": 13, "name": "Vegetable Oils", "fill": "#f7b6d2"}, {"layer": 16, "name": "Food", "fill": "#b5cf6b"}, {"layer": 5, "name": "Others"}, {"layer": 5, "name": "Sugar Crops", "fill": "#ffbb78"}, {"layer": 10, "name": "Processing", "fill": "#9edae5"}, {"layer": 16, "name": "Biofuels & Other", "fill": "#e7ba52"}, {"name": "Waste", "fill": "#c7c7c7"}, {"layer": 2, "name": "Import", "fill": "#aec7e8"}, {"layer": 16, "name": "Export", "fill": "#aec7e8"}, {"layer": 0, "name": "Stock Draw", "fill": "#c7c7c7"}, {"layer": 16, "name": "Stock Deposit", "fill": "#c7c7c7"}, {"layer": 2, "name": "Electricity", "fill": "#bcbd22"}, {"layer": 0, "name": "Fossil Fuels", "fill": "#c49c94"}, {"layer": 0, "name": "Renewables & Nuclear", "fill": "#2ca02c"}, {"layer": 2, "name": "Fertilizers", "fill": "#c5b0d5"}, {"layer": 0, "name": "Labor", "fill": "#7f7f7f"}], "links": [{"source": 0, "prod": 39.0, "target": 1, "value": 0.31796468267920225, "supply": [{"l": "Fats, Animals, Raw", "v": 0.31796468267920225}]}, {"source": 2, "prod": 1774.0, "target": 1, "value": 1.0626556808822842, "supply": [{"l": "Milk - Excluding Butter", "v": 1.0626556808822842}]}, {"source": 3, "prod": 3062.0, "target": 1, "value": 9.2189069780324946, "supply": [{"l": "Maize", "v": 1.7092517406611925}, {"l": "Oats", "v": 0.75879672771581252}, {"l": "Rye", "v": 0.20214365040714288}, {"l": "Rice", "v": 0.052097931718568177}, {"l": "Sorghum", "v": 0.77803128281791123}, {"l": "Cereals, Other", "v": 0.15961262636147999}, {"l": "Wheat", "v": 2.6896784581791064}, {"l": "Millet", "v": 0.021274292889552258}, {"l": "Barley", "v": 2.8480202672817279}]}, {"source": 4, "prod": 1.0, "target": 1, "value": 0.0015918812469562502, "supply": [{"l": "Oilcrops, Other", "v": 0.0015918812469562502}]}, {"source": 5, "prod": 1.0, "target": 1, "value": 0.0035375138821250002, "supply": [{"l": "Sugar", "v": 0.0035375138821250002}]}, {"source": 6, "prod": 816.0, "target": 1, "value": 0.63738339297803814, "supply": [{"l": "Potatoes", "v": 0.12341492167957112}, {"l": "Sweet potatoes", "v": 0.0023433212977133759}, {"l": "Cassava", "v": 0.5116251500007537}]}, {"source": 7, "prod": 69.0, "target": 1, "value": 0.069992866380922975, "supply": [{"l": "Fruits, Other", "v": 0.00054290712441869672}, {"l": "Apples", "v": 0.0022342192939736848}, {"l": "Pulses, Other", "v": 0.05188353693783334}, {"l": "Vegetables, Other", "v": 0.015332203024697254}]}, {"source": 8, "prod": 990.0, "target": 1, "value": 0.88894528288964336, "supply": [{"l": "Fish, Seafood", "v": 0.32401283633078676}, {"l": "Pelagic Fish", "v": 0.56442022735420505}, {"l": "Demersal Fish", "v": 0.00051221920465158372}]}, {"source": 9, "prod": 7.0, "target": 1, "value": 0.061411240993689997, "supply": [{"l": "Oilcrops Oil, Other", "v": 0.061411240993689997}]}, {"source": 0, "prod": 1632.0, "target": 10, "value": 2.5944254926867125, "supply": [{"l": "Beer", "v": 0.72542051992520451}, {"l": "Beverages, Alcoholic", "v": 0.07114887075597888}, {"l": "Fats, Animals, Raw", "v": 0.88051758280394476}, {"l": "Butter, Ghee", "v": 0.79988743648710747}, {"l": "Wine", "v": 0.092442240939997478}, {"l": "Beverages, Fermented", "v": 0.0044684385879473695}, {"l": "Cream", "v": 0.020540403186532261}]}, {"source": 2, "prod": 2770.0, "target": 10, "value": 2.4787510805013642, "supply": [{"l": "Pigmeat", "v": 0.52668921899913024}, {"l": "Meat, Other", "v": 0.059018476407554268}, {"l": "Eggs", "v": 0.22318074452828884}, {"l": "Mutton & Goat Meat", "v": 0.024648483823838711}, {"l": "Poultry Meat", "v": 0.13024812204902561}, {"l": "Milk - Excluding Butter", "v": 1.1051858687868177}, {"l": "Offals, Edible", "v": 0.080395974658712219}, {"l": "Bovine Meat", "v": 0.32938419124799667}]}, {"source": 3, "prod": 1109.0, "target": 10, "value": 3.3740083255014786, "supply": [{"l": "Maize", "v": 0.042169039654470206}, {"l": "Rye", "v": 0.020214365040714291}, {"l": "Barley", "v": 0.003859106053227273}, {"l": "Rice", "v": 0.039073448788926136}, {"l": "Cereals, Other", "v": 0.010188039980520001}, {"l": "Wheat", "v": 3.2549668121014959}, {"l": "Oats", "v": 0.0035375138821250002}]}, {"source": 4, "prod": 10.0, "target": 10, "value": 0.015059494415650002, "supply": [{"l": "Olives", "v": 0.0011622222200000001}, {"l": "Coconuts - Incl Copra", "v": 0.012735049975650002}, {"l": "Rape and Mustardseed", "v": 0.0011622222200000001}]}, {"source": 5, "prod": 371.0, "target": 10, "value": 1.2952580680043357, "supply": [{"l": "Sugar", "v": 1.25227991427225}, {"l": "Sweeteners, Other", "v": 0.028828098203585825}, {"l": "Honey", "v": 0.014150055528500001}]}, {"source": 6, "prod": 1123.0, "target": 10, "value": 0.87718327244404037, "supply": [{"l": "Potatoes", "v": 0.87718327244404037}]}, {"source": 7, "prod": 1733.0, "target": 10, "value": 0.83560204867408661, "supply": [{"l": "Vegetables, Other", "v": 0.22766875057427804}, {"l": "Tomatoes", "v": 0.021023791670374079}, {"l": "Treenuts", "v": 0.046364011731680851}, {"l": "Peas", "v": 0.080655316512450004}, {"l": "Grapes", "v": 0.037667049223753517}, {"l": "Dates", "v": 0.0047166851761666672}, {"l": "Beans", "v": 0.020408733935336539}, {"l": "Apples", "v": 0.16477367293055922}, {"l": "Lemons, Limes", "v": 0.0043473062165873501}, {"l": "Pineapples", "v": 0.0040643776518031914}, {"l": "Bananas", "v": 0.050507280356685565}, {"l": "Fruits, Other", "v": 0.088493861280247554}, {"l": "Grapefruit", "v": 0.004306538639108696}, {"l": "Oranges, Mandarines", "v": 0.059065630561910429}, {"l": "Onions", "v": 0.01682235703697833}, {"l": "Pulses, Other", "v": 0.0047166851761666672}]}, {"source": 11, "prod": 104.0, "target": 10, "value": 0.12435069382309362, "supply": [{"l": "Nuts", "v": 0.046364011731680851}, {"l": "Coffee", "v": 0.042278766182059224}, {"l": "Cocoa Beans", "v": 0.017267864373762713}, {"l": "Pepper", "v": 0.0060643095122142861}, {"l": "Infant food", "v": 0.0060643095122142861}, {"l": "Spices, Other", "v": 0.0053062708231875}, {"l": "Tea", "v": 0.0010051616879747473}]}, {"source": 8, "prod": 348.0, "target": 10, "value": 0.22864684852921266, "supply": [{"l": "Freshwater Fish", "v": 0.012396951303730091}, {"l": "Crustaceans", "v": 0.0042149101574255323}, {"l": "Marine Fish, Other", "v": 0.00095037686385447771}, {"l": "Demersal Fish", "v": 0.033806467507004528}, {"l": "Pelagic Fish", "v": 0.054842451240894416}, {"l": "Fish, Seafood", "v": 0.11389542125567048}, {"l": "Molluscs, Other", "v": 0.008540270200633136}]}, {"source": 9, "prod": 154.0, "target": 10, "value": 1.4323351159835966, "supply": [{"l": "Maize Germ Oil", "v": 0.21560735772728376}, {"l": "Groundnut Oil", "v": 0.21891656156489259}, {"l": "Soyabean Oil", "v": 0.15282059970780001}, {"l": "Palm Oil", "v": 0.1604194140579116}, {"l": "Sunflowerseed Oil", "v": 0.25372513361448279}, {"l": "Coconut Oil", "v": 0.21740168996088702}, {"l": "Rape and Mustard Oil", "v": 0.018456594167608701}, {"l": "Oilcrops Oil, Other", "v": 0.13159551641505002}, {"l": "Palmkernel Oil", "v": 0.063392248767680015}]}, {"source": 12, "prod": 4392.0, "target": 13, "value": 5.1044799902399998, "supply": [{"l": "Sugar beet", "v": 5.1044799902399998}]}, {"source": 7, "prod": 27.0, "target": 13, "value": 0.01894884751068257, "supply": [{"l": "Fruits, Other", "v": 0.0043432569953495738}, {"l": "Grapes", "v": 0.014605590515332998}]}, {"source": 3, "prod": 332.0, "target": 13, "value": 1.1439565963477216, "supply": [{"l": "Maize", "v": 0.36827627964903975}, {"l": "Barley", "v": 0.77568031669868187}]}, {"source": 4, "prod": 472.39779005524861, "target": 13, "value": 0.89603586146819691, "supply": [{"l": "Sunflower seed", "v": 0.0031837624939125004}, {"l": "Coconuts - Incl Copra", "v": 0.2133120870921375}, {"l": "Soyabeans", "v": 0.40115407423297506}, {"l": "Rape and Mustardseed", "v": 0.0046488888800000003}, {"l": "Groundnuts", "v": 0.16326987148269229}, {"l": "Palm kernels", "v": 0.017510693716518751}, {"l": "Oilcrops, Other", "v": 0.057307724890425009}, {"l": "Oil Palm", "v": 0.035648758679535875}]}, {"source": 9, "prod": 2.0, "target": 13, "value": 0.017546068855340002, "supply": [{"l": "Oilcrops Oil, Other", "v": 0.017546068855340002}]}, {"source": 0, "prod": 59.0, "target": 14, "value": 0.48138193474000779, "supply": [{"l": "Fats, Animals, Raw", "v": 0.33427056384223824}, {"l": "Fish, Body Oil", "v": 0.1304470493042881}, {"l": "Butter, Ghee", "v": 0.016664321593481406}]}, {"source": 3, "prod": 79.0, "target": 14, "value": 0.24188565055567529, "supply": [{"l": "Maize", "v": 0.15461981206639075}, {"l": "Wheat", "v": 0.039509401080597049}, {"l": "Rice", "v": 0.047756437408687499}]}, {"source": 4, "prod": 1.0, "target": 14, "value": 0.0015918812469562502, "supply": [{"l": "Oilcrops, Other", "v": 0.0015918812469562502}]}, {"source": 12, "prod": 6.0, "target": 14, "value": 0.0069733333200000004, "supply": [{"l": "Sugar beet", "v": 0.0069733333200000004}]}, {"source": 5, "prod": 28.0, "target": 14, "value": 0.067371159904350747, "supply": [{"l": "Sweeteners, Other", "v": 0.053221104375850752}, {"l": "Sugar", "v": 0.014150055528500001}]}, {"source": 6, "prod": 125.0, "target": 14, "value": 0.097638387404723984, "supply": [{"l": "Potatoes", "v": 0.095295066107010606}, {"l": "Cassava", "v": 0.0023433212977133759}]}, {"source": 9, "prod": 56.0, "target": 14, "value": 0.50230913372764252, "supply": [{"l": "Soyabean Oil", "v": 0.18877838787434117}, {"l": "Rape and Mustard Oil", "v": 0.083054673754239139}, {"l": "Oilcrops Oil, Other", "v": 0.13159551641505002}, {"l": "Palm Oil", "v": 0.089121896698839798}, {"l": "Sunflowerseed Oil", "v": 0.009758658985172414}]}, {"source": 6, "prod": 91.0, "target": 6, "value": 0.071080746030639061, "supply": [{"l": "Potatoes", "v": 0.071080746030639061}]}, {"source": 7, "prod": 2.0, "target": 7, "value": 0.0080655316512449997, "supply": [{"l": "Peas", "v": 0.0080655316512449997}]}, {"source": 2, "prod": 9.0, "target": 2, "value": 0.014769313976136764, "supply": [{"l": "Eggs", "v": 0.014769313976136764}]}, {"source": 3, "prod": 75.0, "target": 3, "value": 0.23153573553974413, "supply": [{"l": "Cereals, Other", "v": 0.010188039980520001}, {"l": "Wheat", "v": 0.10941064914626876}, {"l": "Barley", "v": 0.084900333171}, {"l": "Oats", "v": 0.019456326351687502}, {"l": "Rye", "v": 0.0075803868902678583}]}, {"source": 4, "prod": 1.0, "target": 4, "value": 0.0015918812469562502, "supply": [{"l": "Oilcrops, Other", "v": 0.0015918812469562502}]}, {"source": 6, "prod": 254.0, "target": 15, "value": 0.19840120320639915, "supply": [{"l": "Potatoes", "v": 0.19840120320639915}]}, {"source": 12, "prod": 4.0, "target": 15, "value": 0.0046488888800000003, "supply": [{"l": "Sugar beet", "v": 0.0046488888800000003}]}, {"source": 7, "prod": 154.0, "target": 15, "value": 0.063853148623075839, "supply": [{"l": "Tomatoes", "v": 0.00089462943278187574}, {"l": "Bananas", "v": 0.0028861303060963178}, {"l": "Vegetables, Other", "v": 0.022564374262761991}, {"l": "Fruits, Other", "v": 0.0076006997418617541}, {"l": "Grapes", "v": 0.0038435764514034203}, {"l": "Oranges, Mandarines", "v": 0.0018230132889478527}, {"l": "Lemons, Limes", "v": 0.00025572389509337352}, {"l": "Onions", "v": 0.0005256986574055728}, {"l": "Apples", "v": 0.023459302586723688}]}, {"source": 2, "prod": 4.0, "target": 15, "value": 0.0065641395449496731, "supply": [{"l": "Eggs", "v": 0.0065641395449496731}]}, {"source": 3, "prod": 12.0, "target": 15, "value": 0.03778846592892713, "supply": [{"l": "Cereals, Other", "v": 0.0033960133268400002}, {"l": "Wheat", "v": 0.018235108191044794}, {"l": "Maize", "v": 0.0028112693102980133}, {"l": "Barley", "v": 0.011577318159681819}, {"l": "Oats", "v": 0.0017687569410625001}]}, {"source": 16, "prod": 127.0, "target": 11, "value": 0.17421340909105312, "supply": [{"l": "Nuts", "v": 0.046364011731680851}, {"l": "Cocoa Beans", "v": 0.041730672236593221}, {"l": "Coffee", "v": 0.043421435538331089}, {"l": "Pepper", "v": 0.0060643095122142861}, {"l": "Infant food", "v": 0.030321547561071433}, {"l": "Spices, Other", "v": 0.0053062708231875}, {"l": "Tea", "v": 0.0010051616879747473}]}, {"source": 16, "prod": 2151.0, "target": 1, "value": 1.7064662056632434, "supply": [{"l": "Freshwater Fish", "v": 0.013523946876796462}, {"l": "Pigmeat", "v": 0.039378633196196659}, {"l": "Meat, Other", "v": 0.039803158507420319}, {"l": "Crustaceans", "v": 0.0036127801349361706}, {"l": "Demersal Fish", "v": 0.030733152279095021}, {"l": "Mutton & Goat Meat", "v": 0.01369360212435484}, {"l": "Poultry Meat", "v": 0.0029942097022764508}, {"l": "Milk - Excluding Butter", "v": 0.42410384558323416}, {"l": "Pelagic Fish", "v": 0.62383288286517402}, {"l": "Fish, Seafood", "v": 0.4339808292672962}, {"l": "Molluscs, Other", "v": 0.0082890857829674546}, {"l": "Offals, Edible", "v": 0.028527603911155951}, {"l": "Bovine Meat", "v": 0.040710405659864751}, {"l": "Eggs", "v": 0.0032820697724748366}]}, {"source": 16, "prod": 613.0, "target": 13, "value": 3.4537105093450209, "supply": [{"l": "Sugar", "v": 0.19810077739900003}, {"l": "Maize Germ Oil", "v": 0.16427227255412094}, {"l": "Beer", "v": 0.038120137125481339}, {"l": "Groundnut Oil", "v": 0.16418742117366947}, {"l": "Beverages, Alcoholic", "v": 0.016940207322852115}, {"l": "Fats, Animals, Raw", "v": 1.0843410973418948}, {"l": "Soyabean Oil", "v": 0.09888391745798826}, {"l": "Butter, Ghee", "v": 0.10831809035762914}, {"l": "Palm Oil", "v": 0.409960724814663}, {"l": "Sunflowerseed Oil", "v": 0.29275976955517247}, {"l": "Coconut Oil", "v": 0.11775924872881381}, {"l": "Rape and Mustard Oil", "v": 0.10151126792184785}, {"l": "Oilcrops Oil, Other", "v": 0.35969441153447007}, {"l": "Wine", "v": 0.093232345563416266}, {"l": "Sweeteners, Other", "v": 0.019957914140944031}, {"l": "Beverages, Fermented", "v": 0.0014894795293157897}, {"l": "Fish, Body Oil", "v": 0.1385999898858061}, {"l": "Honey", "v": 0.0070750277642500003}, {"l": "Palmkernel Oil", "v": 0.036224142152960007}, {"l": "Cream", "v": 0.0022822670207258066}]}, {"source": 16, "prod": 3260.0, "target": 3, "value": 10.135402148409653, "supply": [{"l": "Maize", "v": 3.2835625544280793}, {"l": "Rye", "v": 0.027794751930982148}, {"l": "Barley", "v": 2.5007007224912727}, {"l": "Rice", "v": 0.19970873825451135}, {"l": "Cereals, Other", "v": 0.0339601332684}, {"l": "Wheat", "v": 3.1090859465731371}, {"l": "Oats", "v": 0.1326567705796875}, {"l": "Sorghum", "v": 0.8266582379940306}, {"l": "Millet", "v": 0.021274292889552258}]}, {"source": 16, "prod": 786.0, "target": 7, "value": 0.54651044595347331, "supply": [{"l": "Tomatoes", "v": 0.006486063387668598}, {"l": "Treenuts", "v": 0.046364011731680851}, {"l": "Apples", "v": 0.04133305693851317}, {"l": "Vegetables, Other", "v": 0.037896577287459238}, {"l": "Peas", "v": 0.1008191456405625}, {"l": "Grapes", "v": 0.036898333933472839}, {"l": "Dates", "v": 0.0047166851761666672}, {"l": "Grapefruit", "v": 0.0058445881530760869}, {"l": "Beans", "v": 0.032653974296538463}, {"l": "Pulses, Other", "v": 0.028300111057000001}, {"l": "Lemons, Limes", "v": 0.004603030111680723}, {"l": "Pineapples", "v": 0.0040643776518031914}, {"l": "Bananas", "v": 0.053393410662781873}, {"l": "Fruits, Other", "v": 0.059176876561637941}, {"l": "Oranges, Mandarines", "v": 0.072920531557914114}, {"l": "Onions", "v": 0.011039671805517029}]}, {"source": 16, "prod": 2.0, "target": 12, "value": 0.0023244444400000001, "supply": [{"l": "Sugar beet", "v": 0.0023244444400000001}]}, {"source": 16, "prod": 495.0, "target": 4, "value": 0.87795364463541503, "supply": [{"l": "Olives", "v": 0.0011622222200000001}, {"l": "Sunflower seed", "v": 0.0031837624939125004}, {"l": "Coconuts - Incl Copra", "v": 0.22923089956170004}, {"l": "Groundnuts", "v": 0.12408510232684616}, {"l": "Oilcrops, Other", "v": 0.08596158733563751}, {"l": "Soyabeans", "v": 0.40752159922080006}, {"l": "Rape and Mustardseed", "v": 0.0092977777600000006}, {"l": "Palm kernels", "v": 0.017510693716518751}]}, {"source": 16, "prod": 977.0, "target": 6, "value": 0.76314163595532269, "supply": [{"l": "Potatoes", "v": 0.24058098656523988}, {"l": "Sweet potatoes", "v": 0.0031244283969511675}, {"l": "Cassava", "v": 0.51943622099313158}]}, {"source": 0, "prod": 237.0, "target": 17, "value": 1.1272165857149243, "supply": [{"l": "Beer", "v": 0.052913026159250212}, {"l": "Fats, Animals, Raw", "v": 0.89682346396698076}, {"l": "Butter, Ghee", "v": 0.15831105513807336}, {"l": "Wine", "v": 0.010271360104444165}, {"l": "Beverages, Fermented", "v": 0.00074473976465789485}, {"l": "Fish, Body Oil", "v": 0.0081529405815180065}]}, {"source": 2, "prod": 1455.0, "target": 17, "value": 1.0880901810100867, "supply": [{"l": "Meat, Other", "v": 0.0082351362429145484}, {"l": "Eggs", "v": 0.11159037226414442}, {"l": "Mutton & Goat Meat", "v": 0.01369360212435484}, {"l": "Pigmeat", "v": 0.14274754533621287}, {"l": "Milk - Excluding Butter", "v": 0.74098369630856031}, {"l": "Poultry Meat", "v": 0.034433411576179185}, {"l": "Offals, Edible", "v": 0.012967092686889068}, {"l": "Bovine Meat", "v": 0.023439324470831222}]}, {"source": 3, "prod": 1078.0, "target": 17, "value": 3.4271518519008923, "supply": [{"l": "Maize", "v": 1.1835443796354637}, {"l": "Rye", "v": 0.010107182520357146}, {"l": "Barley", "v": 1.0805496949036364}, {"l": "Rice", "v": 0.065122414648210239}, {"l": "Cereals, Other", "v": 0.010188039980520001}, {"l": "Wheat", "v": 1.0272444280955231}, {"l": "Oats", "v": 0.0017687569410625001}, {"l": "Sorghum", "v": 0.048626955176119452}]}, {"source": 4, "prod": 34.0, "target": 17, "value": 0.052405326288687507, "supply": [{"l": "Coconuts - Incl Copra", "v": 0.0015918812469562502}, {"l": "Oilcrops, Other", "v": 0.039797031173906254}, {"l": "Soyabeans", "v": 0.0063675249878250009}, {"l": "Rape and Mustardseed", "v": 0.0046488888800000003}]}, {"source": 5, "prod": 259.0, "target": 17, "value": 0.86737728441118667, "supply": [{"l": "Sugar", "v": 0.78532808183175007}, {"l": "Sweeteners, Other", "v": 0.08204920257943657}]}, {"source": 6, "prod": 176.0, "target": 17, "value": 0.1374748494658514, "supply": [{"l": "Sweet potatoes", "v": 0.0015622141984755838}, {"l": "Potatoes", "v": 0.13044488557271128}, {"l": "Cassava", "v": 0.0054677496946645429}]}, {"source": 7, "prod": 466.0, "target": 17, "value": 0.24729531712236788, "supply": [{"l": "Vegetables, Other", "v": 0.082157465264415461}, {"l": "Fruits, Other", "v": 0.031488613216284406}, {"l": "Grapefruit", "v": 0.001230439611173913}, {"l": "Tomatoes", "v": 0.003578517731127503}, {"l": "Peas", "v": 0.072589784861205014}, {"l": "Grapes", "v": 0.0015374305805613681}, {"l": "Beans", "v": 0.012245240361201924}, {"l": "Apples", "v": 0.021783638116243426}, {"l": "Lemons, Limes", "v": 0.00025572389509337352}, {"l": "Oranges, Mandarines", "v": 0.012031887707055829}, {"l": "Pulses, Other", "v": 0.0047166851761666672}, {"l": "Onions", "v": 0.0036798906018390091}]}, {"source": 11, "prod": 24.0, "target": 17, "value": 0.050867876955934269, "supply": [{"l": "Coffee", "v": 0.0011426693562718707}, {"l": "Cocoa Beans", "v": 0.024462807862830508}, {"l": "Infant food", "v": 0.024257238048857144}, {"l": "Tea", "v": 0.0010051616879747473}]}, {"source": 8, "prod": 108.0, "target": 17, "value": 0.06656197341297812, "supply": [{"l": "Freshwater Fish", "v": 0.0011269955730663717}, {"l": "Crustaceans", "v": 0.0003010650112446809}, {"l": "Demersal Fish", "v": 0.024074302618624439}, {"l": "Fish, Seafood", "v": 0.035346854872449464}, {"l": "Pelagic Fish", "v": 0.0057127553375931686}]}, {"source": 9, "prod": 92.0, "target": 17, "value": 0.83294307140357493, "supply": [{"l": "Maize Germ Oil", "v": 0.020534034069265118}, {"l": "Soyabean Oil", "v": 0.23372562308251765}, {"l": "Palm Oil", "v": 0.13368284504825967}, {"l": "Sunflowerseed Oil", "v": 0.087827930866551732}, {"l": "Coconut Oil", "v": 0.09964244123207322}, {"l": "Rape and Mustard Oil", "v": 0.0092282970838043505}, {"l": "Oilcrops Oil, Other", "v": 0.1754606885534}, {"l": "Groundnut Oil", "v": 0.054729140391223147}, {"l": "Palmkernel Oil", "v": 0.018112071076480003}]}, {"source": 18, "prod": 6.0, "target": 4, "value": 0.03918476915584615, "supply": [{"l": "Groundnuts", "v": 0.03918476915584615}]}, {"source": 2, "prod": 4.0, "target": 19, "value": 0.0065641395449496731, "supply": [{"l": "Eggs", "v": 0.0065641395449496731}]}, {"source": 0, "prod": 20.0, "target": 19, "value": 0.067760829291408461, "supply": [{"l": "Beverages, Alcoholic", "v": 0.067760829291408461}]}, {"source": 18, "prod": 67.0, "target": 6, "value": 0.052334175648932064, "supply": [{"l": "Potatoes", "v": 0.052334175648932064}]}, {"source": 3, "prod": 14.0, "target": 19, "value": 0.054027484745181827, "supply": [{"l": "Barley", "v": 0.054027484745181827}]}, {"source": 18, "prod": 16.0, "target": 1, "value": 0.0095842676967962514, "supply": [{"l": "Milk - Excluding Butter", "v": 0.0095842676967962514}]}, {"source": 9, "prod": 5.0, "target": 19, "value": 0.044560948349419899, "supply": [{"l": "Palm Oil", "v": 0.044560948349419899}]}, {"source": 4, "prod": 1.0, "target": 19, "value": 0.0011622222200000001, "supply": [{"l": "Rape and Mustardseed", "v": 0.0011622222200000001}]}, {"source": 18, "prod": 12.0, "target": 13, "value": 0.11171942421730915, "supply": [{"l": "Soyabean Oil", "v": 0.062926129291447072}, {"l": "Sunflowerseed Oil", "v": 0.048793294925862075}]}, {"source": 5, "prod": 162.0, "target": 19, "value": 0.57307724890425005, "supply": [{"l": "Sugar", "v": 0.57307724890425005}]}, {"source": 18, "prod": 564.0, "target": 3, "value": 1.6999059153915532, "supply": [{"l": "Maize", "v": 0.16586488930758278}, {"l": "Wheat", "v": 1.5195923492537327}, {"l": "Rye", "v": 0.010107182520357146}, {"l": "Rice", "v": 0.0043414943098806823}]}, {"source": 1, "prod": 1446.0, "target": 8, "value": 1.184154104831834, "supply": [{"l": "Pelagic Fish", "v": 0.62497543393269261}, {"l": "Crustaceans", "v": 0.0045159751686702134}, {"l": "Freshwater Fish", "v": 0.013523946876796464}, {"l": "Molluscs, Other", "v": 0.008540270200633136}, {"l": "Demersal Fish", "v": 0.058392989330280545}, {"l": "Fish, Seafood", "v": 0.47325511245890672}, {"l": "Marine Fish, Other", "v": 0.00095037686385447771}]}, {"source": 1, "prod": 6007.0, "target": 2, "value": 4.6426252214836348, "supply": [{"l": "Poultry Meat", "v": 0.1646815336252048}, {"l": "Pigmeat", "v": 0.66943676433534316}, {"l": "Bovine Meat", "v": 0.35282351571882792}, {"l": "Eggs", "v": 0.36266870985846938}, {"l": "Milk - Excluding Butter", "v": 2.9088252459776625}, {"l": "Offals, Edible", "v": 0.093363067345601292}, {"l": "Meat, Other", "v": 0.067253612650468822}, {"l": "Mutton & Goat Meat", "v": 0.038342085948193549}]}, {"source": 13, "prod": 1987.0, "target": 0, "value": 4.5887495251122559, "supply": [{"l": "Fats, Animals, Raw", "v": 2.4295762932923664}, {"l": "Beverages, Fermented", "v": 0.0052131783526052642}, {"l": "Fish, Body Oil", "v": 0.1385999898858061}, {"l": "Beer", "v": 0.77833354608445471}, {"l": "Beverages, Alcoholic", "v": 0.13890970004738734}, {"l": "Cream", "v": 0.020540403186532261}, {"l": "Butter, Ghee", "v": 0.97486281321866231}, {"l": "Wine", "v": 0.10271360104444165}]}, {"source": 13, "prod": 316.0, "target": 9, "value": 2.8911055793132641, "supply": [{"l": "Soyabean Oil", "v": 0.57532461066465879}, {"l": "Coconut Oil", "v": 0.31704413119296027}, {"l": "Rape and Mustard Oil", "v": 0.11073956500565219}, {"l": "Maize Germ Oil", "v": 0.23614139179654889}, {"l": "Groundnut Oil", "v": 0.27364570195611571}, {"l": "Palm Oil", "v": 0.42778510415443094}, {"l": "Palmkernel Oil", "v": 0.081504319844160011}, {"l": "Oilcrops Oil, Other", "v": 0.51760903123252999}, {"l": "Sunflowerseed Oil", "v": 0.35131172346620693}]}, {"source": 13, "prod": 821.0, "target": 5, "value": 2.8066212751062483, "supply": [{"l": "Honey", "v": 0.014150055528500001}, {"l": "Sweeteners, Other", "v": 0.16409840515887314}, {"l": "Sugar", "v": 2.6283728144188752}]}, {"source": 20, "prod": 0, "target": 6, "value": 0.00046019385876878912, "supply": "[{\"l\":'Energy for power irrigation',\"v\":0.00046019385876878912}]"}, {"source": 20, "prod": 0, "target": 12, "value": 0.00098197002300191068, "supply": "[{\"l\":'Energy for power irrigation',\"v\":0.00098197002300191068}]"}, {"source": 20, "prod": 0, "target": 7, "value": 0.00045930136158814664, "supply": "[{\"l\":'Energy for power irrigation',\"v\":0.00045930136158814664}]"}, {"source": 20, "prod": 0, "target": 3, "value": 0.00085869384992566555, "supply": "[{\"l\":'Energy for power irrigation',\"v\":0.00085869384992566555}]"}, {"source": 20, "prod": 0, "target": 4, "value": 6.0220754171487701e-05, "supply": "[{\"l\":'Energy for power irrigation',\"v\":6.0220754171487701e-05}]"}, {"source": 20, "prod": 0, "target": 13, "value": 0.49966320000000003, "supply": "[{\"l\":'Electricity',\"v\":0.49966320000000003}]"}, {"source": 21, "prod": 0, "target": 20, "value": 1.2902579129116534, "supply": [{"l": "Coal", "v": 0.60413634474032196}, {"l": "Natural gas", "v": 0.0605553278424424}, {"l": "Oil", "v": 0.62556624032888886}]}, {"source": 22, "prod": 0, "target": 20, "value": 0.0043418296132415992, "supply": [{"l": "Nuclear", "v": 0.0003790486170290284}, {"l": "Hydroelectric", "v": 0.0039627809962125707}, {"l": "Renewable", "v": 0.0}]}, {"source": 21, "prod": 0, "target": 6, "value": 1.2921714680628706, "supply": [{"l": "Coal", "v": 0.038782502080750514}, {"l": "Other fossil fuels", "v": 1.25338896598212}]}, {"source": 21, "prod": 0, "target": 12, "value": 2.7572589725792453, "supply": [{"l": "Coal", "v": 0.082754808076306918}, {"l": "Other fossil fuels", "v": 2.6745041645029386}]}, {"source": 21, "prod": 0, "target": 7, "value": 1.2896654385490518, "supply": [{"l": "Coal", "v": 0.038707287531260577}, {"l": "Other fossil fuels", "v": 1.2509581510177912}]}, {"source": 21, "prod": 0, "target": 3, "value": 2.41111364598301, "supply": [{"l": "Coal", "v": 0.072365798428008901}, {"l": "Other fossil fuels", "v": 2.338747847555001}]}, {"source": 21, "prod": 0, "target": 4, "value": 0.16909295689823758, "supply": [{"l": "Coal", "v": 0.005075060171834009}, {"l": "Other fossil fuels", "v": 0.16401789672640357}]}, {"source": 23, "prod": 86.680731995185027, "target": 6, "value": 0.74521537389608938, "supply": [{"l": "Potash", "v": 0.49963784762193253}, {"l": "Phosphate", "v": 0.63398120884051823}, {"l": "Nitrogen", "v": 3.4566900583209073}]}, {"source": 23, "prod": 184.9609219446348, "target": 12, "value": 1.59015411418991, "supply": [{"l": "Potash", "v": 0.49963784762193253}, {"l": "Phosphate", "v": 0.63398120884051823}, {"l": "Nitrogen", "v": 3.4566900583209073}]}, {"source": 23, "prod": 86.512623908891342, "target": 7, "value": 0.74377010771641217, "supply": [{"l": "Potash", "v": 0.49963784762193253}, {"l": "Phosphate", "v": 0.63398120884051823}, {"l": "Nitrogen", "v": 3.4566900583209073}]}, {"source": 23, "prod": 161.7409925253186, "target": 3, "value": 1.390526723121988, "supply": [{"l": "Potash", "v": 0.49963784762193253}, {"l": "Phosphate", "v": 0.63398120884051823}, {"l": "Nitrogen", "v": 3.4566900583209073}]}, {"source": 23, "prod": 11.343000245271137, "target": 4, "value": 0.097518536984121371, "supply": [{"l": "Potash", "v": 0.49963784762193253}, {"l": "Phosphate", "v": 0.63398120884051823}, {"l": "Nitrogen", "v": 3.4566900583209073}]}, {"source": 21, "prod": 0, "target": 23, "value": 5.8997129156169752, "supply": [{"l": "Natural gas (including LNG)", "v": 3.8620546100759077}, {"l": "Fuel oil", "v": 1.4266151027739842}, {"l": "Liquefied petroleum gas (LPG)", "v": 0.30552160138354156}, {"l": "Coal", "v": 0.30552160138354156}]}, {"source": 24, "prod": 0, "target": 3, "value": 0.030928456340168609, "supply": "[{\"l\":'Labor',\"v\":0.030928456340168609}]"}, {"source": 24, "prod": 0, "target": 4, "value": 0.0021690326142735478, "supply": "[{\"l\":'Labor',\"v\":0.0021690326142735478}]"}, {"source": 24, "prod": 0, "target": 12, "value": 0.035368620593239454, "supply": "[{\"l\":'Labor',\"v\":0.035368620593239454}]"}, {"source": 24, "prod": 0, "target": 6, "value": 0.016575273795400219, "supply": "[{\"l\":'Labor',\"v\":0.016575273795400219}]"}, {"source": 24, "prod": 0, "target": 7, "value": 0.016543127809857627, "supply": "[{\"l\":'Labor',\"v\":0.016543127809857627}]"}, {"source": 24, "prod": 0, "target": 11, "value": 0.00051433576868150992, "supply": "[{\"l\":'Labor',\"v\":0.00051433576868150992}]"}, {"source": 21, "prod": 0, "target": 16, "value": 26.741166773823501, "supply": "[{\"l\":'Fossil Fuels',\"v\":26.741166773823501}]"}, {"source": 22, "prod": 0, "target": 16, "value": 0.018267522974087978, "supply": "[{\"l\":'Renewables & Nuclear',\"v\":0.018267522974087978},{\"l\":'Biomass & Waste',\"v\":0.0}]"}]}