{"nodes": [{"layer": 3, "name": "Maize"}, {"layer": 5, "name": "Production", "fill": "#b5cf6b"}, {"layer": 3, "name": "Rye"}, {"layer": 3, "name": "Fruits, Other"}, {"layer": 3, "name": "Barley"}, {"layer": 3, "name": "Tomatoes"}, {"layer": 3, "name": "Wheat"}, {"layer": 3, "name": "Vegetables, Other"}, {"layer": 3, "name": "Peas"}, {"layer": 3, "name": "Grapes"}, {"layer": 3, "name": "Rape and Mustardseed"}, {"layer": 3, "name": "Oilcrops, Other"}, {"layer": 3, "name": "Oats"}, {"layer": 3, "name": "Potatoes"}, {"layer": 3, "name": "Beans"}, {"layer": 3, "name": "Apples"}, {"layer": 3, "name": "Sugar beet"}, {"layer": 3, "name": "Cereals, Other"}, {"layer": 3, "name": "Onions"}, {"layer": 3, "name": "Pulses, Other"}, {"layer": 3, "name": "Oil Palm"}, {"layer": 1, "name": "Electricity", "fill": "#bcbd22"}, {"layer": 0, "name": "Fossil Fuels", "fill": "#c49c94"}, {"layer": 0, "name": "Renewables & Nuclear", "fill": "#2ca02c"}, {"layer": 1, "name": "Fertilizers", "fill": "#c5b0d5"}, {"layer": 0, "name": "Labor", "fill": "#7f7f7f"}], "links": [{"source": 0, "prod": 53.0, "target": 1, "value": 0.1470495966687255, "supply": [{"l": "Maize", "v": 0.1470495966687255}]}, {"source": 2, "prod": 38.0, "target": 1, "value": 0.11899964731345083, "supply": [{"l": "Rye", "v": 0.11899964731345083}]}, {"source": 3, "prod": 127.0, "target": 1, "value": 0.065314542025544681, "supply": [{"l": "Fruits, Other", "v": 0.065314542025544681}]}, {"source": 4, "prod": 936.0, "target": 1, "value": 2.9432115499280003, "supply": [{"l": "Barley", "v": 2.9432115499280003}]}, {"source": 5, "prod": 145.0, "target": 1, "value": 0.03129800417744491, "supply": [{"l": "Tomatoes", "v": 0.03129800417744491}]}, {"source": 6, "prod": 1330.0, "target": 1, "value": 4.1804927846133628, "supply": [{"l": "Wheat", "v": 4.1804927846133628}]}, {"source": 7, "prod": 1049.0, "target": 1, "value": 0.33575420788847793, "supply": [{"l": "Vegetables, Other", "v": 0.33575420788847793}]}, {"source": 8, "prod": 2.0, "target": 1, "value": 0.0080183647994833337, "supply": [{"l": "Peas", "v": 0.0080183647994833337}]}, {"source": 9, "prod": 28.0, "target": 1, "value": 0.022175460156604477, "supply": [{"l": "Grapes", "v": 0.022175460156604477}]}, {"source": 10, "prod": 13.0, "target": 1, "value": 0.015108888860000001, "supply": [{"l": "Rape and Mustardseed", "v": 0.015108888860000001}]}, {"source": 11, "prod": 8.0, "target": 1, "value": 0.018866740704666669, "supply": [{"l": "Oilcrops, Other", "v": 0.018866740704666669}]}, {"source": 12, "prod": 147.0, "target": 1, "value": 0.3600100666193366, "supply": [{"l": "Oats", "v": 0.3600100666193366}]}, {"source": 13, "prod": 1648.0, "target": 1, "value": 1.2708002767729709, "supply": [{"l": "Potatoes", "v": 1.2708002767729709}]}, {"source": 14, "prod": 2.0, "target": 1, "value": 0.0078197675289078949, "supply": [{"l": "Beans", "v": 0.0078197675289078949}]}, {"source": 15, "prod": 231.0, "target": 1, "value": 0.13062211107279448, "supply": [{"l": "Apples", "v": 0.13062211107279448}]}, {"source": 16, "prod": 6276.0, "target": 1, "value": 7.2941066527200009, "supply": [{"l": "Sugar beet", "v": 7.2941066527200009}]}, {"source": 17, "prod": 30.0, "target": 1, "value": 0.075778809772462818, "supply": [{"l": "Cereals, Other", "v": 0.075778809772462818}]}, {"source": 18, "prod": 18.0, "target": 1, "value": 0.0087827930866551714, "supply": [{"l": "Onions", "v": 0.0087827930866551714}]}, {"source": 19, "prod": 1.0, "target": 1, "value": 0.0028300111056999999, "supply": [{"l": "Pulses, Other", "v": 0.0028300111056999999}]}, {"source": 20, "prod": 45.853658536585371, "target": 1, "value": 0.19464954434326831, "supply": [{"l": "Oil Palm", "v": 0.19464954434326831}]}, {"source": 21, "prod": 0, "target": 19, "value": 4.9799156567983053e-06, "supply": "[{\"l\":'Energy for power irrigation',\"v\":4.9799156567983053e-06}]"}, {"source": 21, "prod": 0, "target": 0, "value": 0.0007477343358682655, "supply": "[{\"l\":'Energy for power irrigation',\"v\":0.0007477343358682655}]"}, {"source": 21, "prod": 0, "target": 7, "value": 0.00060705171856371347, "supply": "[{\"l\":'Energy for power irrigation',\"v\":0.00060705171856371347}]"}, {"source": 21, "prod": 0, "target": 6, "value": 0.0010853726173991906, "supply": "[{\"l\":'Energy for power irrigation',\"v\":0.0010853726173991906}]"}, {"source": 21, "prod": 0, "target": 12, "value": 8.789551134249009e-05, "supply": "[{\"l\":'Energy for power irrigation',\"v\":8.789551134249009e-05}]"}, {"source": 21, "prod": 0, "target": 13, "value": 0.0009113245651940898, "supply": "[{\"l\":'Energy for power irrigation',\"v\":0.0009113245651940898}]"}, {"source": 21, "prod": 0, "target": 2, "value": 2.1413637324232712e-05, "supply": "[{\"l\":'Energy for power irrigation',\"v\":2.1413637324232712e-05}]"}, {"source": 21, "prod": 0, "target": 3, "value": 0.0001225059251572383, "supply": "[{\"l\":'Energy for power irrigation',\"v\":0.0001225059251572383}]"}, {"source": 21, "prod": 0, "target": 8, "value": 2.8883510809430173e-05, "supply": "[{\"l\":'Energy for power irrigation',\"v\":2.8883510809430173e-05}]"}, {"source": 21, "prod": 0, "target": 20, "value": 1.1417367603391238e-05, "supply": "[{\"l\":'Energy for power irrigation',\"v\":1.1417367603391238e-05}]"}, {"source": 21, "prod": 0, "target": 10, "value": 5.3534093310581781e-05, "supply": "[{\"l\":'Energy for power irrigation',\"v\":5.3534093310581781e-05}]"}, {"source": 21, "prod": 0, "target": 4, "value": 0.0010530031656300015, "supply": "[{\"l\":'Energy for power irrigation',\"v\":0.0010530031656300015}]"}, {"source": 21, "prod": 0, "target": 9, "value": 2.8634515026590254e-05, "supply": "[{\"l\":'Energy for power irrigation',\"v\":2.8634515026590254e-05}]"}, {"source": 21, "prod": 0, "target": 16, "value": 0.0031445677414852899, "supply": "[{\"l\":'Energy for power irrigation',\"v\":0.0031445677414852899}]"}, {"source": 21, "prod": 0, "target": 14, "value": 3.7349367425987287e-06, "supply": "[{\"l\":'Energy for power irrigation',\"v\":3.7349367425987287e-06}]"}, {"source": 21, "prod": 0, "target": 11, "value": 1.2698784924835677e-05, "supply": "[{\"l\":'Energy for power irrigation',\"v\":1.2698784924835677e-05}]"}, {"source": 21, "prod": 0, "target": 18, "value": 2.6393552981031018e-05, "supply": "[{\"l\":'Energy for power irrigation',\"v\":2.6393552981031018e-05}]"}, {"source": 21, "prod": 0, "target": 17, "value": 4.8803173436623394e-05, "supply": "[{\"l\":'Energy for power irrigation',\"v\":4.8803173436623394e-05}]"}, {"source": 21, "prod": 0, "target": 5, "value": 9.8104338438926618e-05, "supply": "[{\"l\":'Energy for power irrigation',\"v\":9.8104338438926618e-05}]"}, {"source": 21, "prod": 0, "target": 15, "value": 0.00016707617028558316, "supply": "[{\"l\":'Energy for power irrigation',\"v\":0.00016707617028558316}]"}, {"source": 22, "prod": 0, "target": 21, "value": 0.011577859663997443, "supply": [{"l": "Coal", "v": 0.0083848676945707697}, {"l": "Natural gas", "v": 0.0010941304028771206}, {"l": "Oil", "v": 0.0020988615665495521}]}, {"source": 23, "prod": 0, "target": 21, "value": 0.0050668775464824487, "supply": [{"l": "Nuclear", "v": 0.0049993023604830563}, {"l": "Hydroelectric", "v": 6.3250374095431396e-05}, {"l": "Renewable", "v": 4.3248119039611191e-06}]}, {"source": 22, "prod": 0, "target": 19, "value": 0.0057005784678326012, "supply": [{"l": "Coal", "v": 0.00025180725771324549}, {"l": "Other fossil fuels", "v": 0.0054487712101193558}]}, {"source": 22, "prod": 0, "target": 0, "value": 0.85594185694506508, "supply": [{"l": "Coal", "v": 0.037808859745643811}, {"l": "Other fossil fuels", "v": 0.81813299719942123}]}, {"source": 22, "prod": 0, "target": 7, "value": 0.69490051522879415, "supply": [{"l": "Coal", "v": 0.030695304715244627}, {"l": "Other fossil fuels", "v": 0.66420521051354953}]}, {"source": 22, "prod": 0, "target": 6, "value": 1.2424410770641154, "supply": [{"l": "Coal", "v": 0.054881391818601855}, {"l": "Other fossil fuels", "v": 1.1875596852455137}]}, {"source": 22, "prod": 0, "target": 12, "value": 0.10061520995724542, "supply": [{"l": "Coal", "v": 0.0044443980986387834}, {"l": "Other fossil fuels", "v": 0.096170811858606639}]}, {"source": 22, "prod": 0, "target": 13, "value": 1.043205859613366, "supply": [{"l": "Coal", "v": 0.046080728161523921}, {"l": "Other fossil fuels", "v": 0.99712513145184212}]}, {"source": 22, "prod": 0, "target": 2, "value": 0.024512487411680186, "supply": [{"l": "Coal", "v": 0.0010827712081669556}, {"l": "Other fossil fuels", "v": 0.02342971620351323}]}, {"source": 22, "prod": 0, "target": 3, "value": 0.14023423030868198, "supply": [{"l": "Coal", "v": 0.0061944585397458391}, {"l": "Other fossil fuels", "v": 0.13403977176893617}]}, {"source": 22, "prod": 0, "target": 8, "value": 0.033063355113429088, "supply": [{"l": "Coal", "v": 0.001460482094736824}, {"l": "Other fossil fuels", "v": 0.031602873018692267}]}, {"source": 22, "prod": 0, "target": 20, "value": 0.013069618926250356, "supply": [{"l": "Coal", "v": 0.00057731420061085561}, {"l": "Other fossil fuels", "v": 0.012492304725639501}]}, {"source": 22, "prod": 0, "target": 10, "value": 0.06128121852920046, "supply": [{"l": "Coal", "v": 0.0027069280204173891}, {"l": "Other fossil fuels", "v": 0.058574290508783072}]}, {"source": 22, "prod": 0, "target": 4, "value": 1.2053873170232035, "supply": [{"l": "Coal", "v": 0.053244644643465754}, {"l": "Other fossil fuels", "v": 1.1521426723797377}]}, {"source": 22, "prod": 0, "target": 9, "value": 0.032778326190037455, "supply": [{"l": "Coal", "v": 0.0014478917318511615}, {"l": "Other fossil fuels", "v": 0.031330434458186299}]}, {"source": 22, "prod": 0, "target": 16, "value": 3.5996302735128962, "supply": [{"l": "Coal", "v": 0.15900369288302887}, {"l": "Other fossil fuels", "v": 3.4406265806298673}]}, {"source": 22, "prod": 0, "target": 14, "value": 0.0042754338508744511, "supply": [{"l": "Coal", "v": 0.00018885544328493413}, {"l": "Other fossil fuels", "v": 0.0040865784075895173}]}, {"source": 22, "prod": 0, "target": 11, "value": 0.014536475092973133, "supply": [{"l": "Coal", "v": 0.00064210850716877601}, {"l": "Other fossil fuels", "v": 0.013894366585804356}]}, {"source": 22, "prod": 0, "target": 18, "value": 0.03021306587951279, "supply": [{"l": "Coal", "v": 0.0013345784658802011}, {"l": "Other fossil fuels", "v": 0.028878487413632588}]}, {"source": 22, "prod": 0, "target": 17, "value": 0.055865668984759496, "supply": [{"l": "Coal", "v": 0.002467711125589806}, {"l": "Other fossil fuels", "v": 0.05339795785916969}]}, {"source": 22, "prod": 0, "target": 5, "value": 0.11230139581630225, "supply": [{"l": "Coal", "v": 0.0049606029769509365}, {"l": "Other fossil fuels", "v": 0.10734079283935131}]}, {"source": 22, "prod": 0, "target": 15, "value": 0.19125440759578377, "supply": [{"l": "Coal", "v": 0.0084481334962793874}, {"l": "Other fossil fuels", "v": 0.1828062740995044}]}, {"source": 24, "prod": 0.21556905848274177, "target": 19, "value": 0.0022559498910038811, "supply": [{"l": "Potash", "v": 0.31920416692202996}, {"l": "Phosphate", "v": 0.39390000031511996}, {"l": "Nitrogen", "v": 3.6529319473667892}]}, {"source": 24, "prod": 32.367694131183676, "target": 0, "value": 0.33873087613423275, "supply": [{"l": "Potash", "v": 0.31920416692202996}, {"l": "Phosphate", "v": 0.39390000031511996}, {"l": "Nitrogen", "v": 3.6529319473667892}]}, {"source": 24, "prod": 26.277868229046224, "target": 7, "value": 0.27500029171337315, "supply": [{"l": "Potash", "v": 0.31920416692202996}, {"l": "Phosphate", "v": 0.39390000031511996}, {"l": "Nitrogen", "v": 3.6529319473667892}]}, {"source": 24, "prod": 46.983276296313576, "target": 6, "value": 0.49168427874429593, "supply": [{"l": "Potash", "v": 0.31920416692202996}, {"l": "Phosphate", "v": 0.39390000031511996}, {"l": "Nitrogen", "v": 3.6529319473667892}]}, {"source": 24, "prod": 3.8047938822203924, "target": 12, "value": 0.039817515576218508, "supply": [{"l": "Potash", "v": 0.31920416692202996}, {"l": "Phosphate", "v": 0.39390000031511996}, {"l": "Nitrogen", "v": 3.6529319473667892}]}, {"source": 24, "prod": 39.449137702341744, "target": 13, "value": 0.41283883005371025, "supply": [{"l": "Potash", "v": 0.31920416692202996}, {"l": "Phosphate", "v": 0.39390000031511996}, {"l": "Nitrogen", "v": 3.6529319473667892}]}, {"source": 24, "prod": 0.92694695147578965, "target": 2, "value": 0.0097005845313166902, "supply": [{"l": "Potash", "v": 0.31920416692202996}, {"l": "Phosphate", "v": 0.39390000031511996}, {"l": "Nitrogen", "v": 3.6529319473667892}]}, {"source": 24, "prod": 5.3029988386754479, "target": 3, "value": 0.055496367318695485, "supply": [{"l": "Potash", "v": 0.31920416692202996}, {"l": "Phosphate", "v": 0.39390000031511996}, {"l": "Nitrogen", "v": 3.6529319473667892}]}, {"source": 24, "prod": 1.2503005391999025, "target": 8, "value": 0.013084509367822511, "supply": [{"l": "Potash", "v": 0.31920416692202996}, {"l": "Phosphate", "v": 0.39390000031511996}, {"l": "Nitrogen", "v": 3.6529319473667892}]}, {"source": 24, "prod": 0.49423149993604221, "target": 20, "value": 0.0051721777988869479, "supply": [{"l": "Potash", "v": 0.31920416692202996}, {"l": "Phosphate", "v": 0.39390000031511996}, {"l": "Nitrogen", "v": 3.6529319473667892}]}, {"source": 24, "prod": 2.317367378689474, "target": 10, "value": 0.024251461328291722, "supply": [{"l": "Potash", "v": 0.31920416692202996}, {"l": "Phosphate", "v": 0.39390000031511996}, {"l": "Nitrogen", "v": 3.6529319473667892}]}, {"source": 24, "prod": 45.58207741617575, "target": 4, "value": 0.47702060445277067, "supply": [{"l": "Potash", "v": 0.31920416692202996}, {"l": "Phosphate", "v": 0.39390000031511996}, {"l": "Nitrogen", "v": 3.6529319473667892}]}, {"source": 24, "prod": 1.2395220862757652, "target": 9, "value": 0.012971711873272318, "supply": [{"l": "Potash", "v": 0.31920416692202996}, {"l": "Phosphate", "v": 0.39390000031511996}, {"l": "Nitrogen", "v": 3.6529319473667892}]}, {"source": 24, "prod": 136.12108197892729, "target": 16, "value": 1.4245195586744008, "supply": [{"l": "Potash", "v": 0.31920416692202996}, {"l": "Phosphate", "v": 0.39390000031511996}, {"l": "Nitrogen", "v": 3.6529319473667892}]}, {"source": 24, "prod": 0.16167679386205633, "target": 14, "value": 0.001691962418252911, "supply": [{"l": "Potash", "v": 0.31920416692202996}, {"l": "Phosphate", "v": 0.39390000031511996}, {"l": "Nitrogen", "v": 3.6529319473667892}]}, {"source": 24, "prod": 0.54970109913099152, "target": 11, "value": 0.0057526722220598969, "supply": [{"l": "Potash", "v": 0.31920416692202996}, {"l": "Phosphate", "v": 0.39390000031511996}, {"l": "Nitrogen", "v": 3.6529319473667892}]}, {"source": 24, "prod": 1.1425160099585314, "target": 18, "value": 0.011956534422320572, "supply": [{"l": "Potash", "v": 0.31920416692202996}, {"l": "Phosphate", "v": 0.39390000031511996}, {"l": "Nitrogen", "v": 3.6529319473667892}]}, {"source": 24, "prod": 2.1125767731308693, "target": 17, "value": 0.022108308931838037, "supply": [{"l": "Potash", "v": 0.31920416692202996}, {"l": "Phosphate", "v": 0.39390000031511996}, {"l": "Nitrogen", "v": 3.6529319473667892}]}, {"source": 24, "prod": 4.2467104521100136, "target": 5, "value": 0.044442212852776462, "supply": [{"l": "Potash", "v": 0.31920416692202996}, {"l": "Phosphate", "v": 0.39390000031511996}, {"l": "Nitrogen", "v": 3.6529319473667892}]}, {"source": 24, "prod": 7.2323419120959871, "target": 15, "value": 0.075687118843180218, "supply": [{"l": "Potash", "v": 0.31920416692202996}, {"l": "Phosphate", "v": 0.39390000031511996}, {"l": "Nitrogen", "v": 3.6529319473667892}]}, {"source": 22, "prod": 0, "target": 24, "value": 5.4589558287880182, "supply": [{"l": "Natural gas (including LNG)", "v": 3.6155391032835578}, {"l": "Fuel oil", "v": 1.1976836111813765}, {"l": "Liquefied petroleum gas (LPG)", "v": 0.32286655716154183}, {"l": "Coal", "v": 0.32286655716154183}]}, {"source": 25, "prod": 0, "target": 19, "value": 5.7923359984044229e-05, "supply": "[{\"l\":'Labor',\"v\":5.7923359984044229e-05}]"}, {"source": 25, "prod": 0, "target": 0, "value": 0.0086971925016042419, "supply": "[{\"l\":'Labor',\"v\":0.0086971925016042419}]"}, {"source": 25, "prod": 0, "target": 7, "value": 0.007060857582054993, "supply": "[{\"l\":'Labor',\"v\":0.007060857582054993}]"}, {"source": 25, "prod": 0, "target": 6, "value": 0.012624396308522442, "supply": "[{\"l\":'Labor',\"v\":0.012624396308522442}]"}, {"source": 25, "prod": 0, "target": 12, "value": 0.0010223473037183808, "supply": "[{\"l\":'Labor',\"v\":0.0010223473037183808}]"}, {"source": 25, "prod": 0, "target": 13, "value": 0.010599974877080094, "supply": "[{\"l\":'Labor',\"v\":0.010599974877080094}]"}, {"source": 25, "prod": 0, "target": 2, "value": 0.00024907044793139022, "supply": "[{\"l\":'Labor',\"v\":0.00024907044793139022}]"}, {"source": 25, "prod": 0, "target": 3, "value": 0.0014249146556074882, "supply": "[{\"l\":'Labor',\"v\":0.0014249146556074882}]"}, {"source": 25, "prod": 0, "target": 8, "value": 0.0003359554879074566, "supply": "[{\"l\":'Labor',\"v\":0.0003359554879074566}]"}, {"source": 25, "prod": 0, "target": 20, "value": 0.00013279989850000388, "supply": "[{\"l\":'Labor',\"v\":0.00013279989850000388}]"}, {"source": 25, "prod": 0, "target": 10, "value": 0.00062267611982847555, "supply": "[{\"l\":'Labor',\"v\":0.00062267611982847555}]"}, {"source": 25, "prod": 0, "target": 4, "value": 0.012247894468626152, "supply": "[{\"l\":'Labor',\"v\":0.012247894468626152}]"}, {"source": 25, "prod": 0, "target": 9, "value": 0.00033305931990825437, "supply": "[{\"l\":'Labor',\"v\":0.00033305931990825437}]"}, {"source": 25, "prod": 0, "target": 16, "value": 0.03657570566192473, "supply": "[{\"l\":'Labor',\"v\":0.03657570566192473}]"}, {"source": 25, "prod": 0, "target": 14, "value": 4.3442519988033177e-05, "supply": "[{\"l\":'Labor',\"v\":4.3442519988033177e-05}]"}, {"source": 25, "prod": 0, "target": 11, "value": 0.00014770456795931279, "supply": "[{\"l\":'Labor',\"v\":0.00014770456795931279}]"}, {"source": 25, "prod": 0, "target": 18, "value": 0.00030699380791543446, "supply": "[{\"l\":'Labor',\"v\":0.00030699380791543446}]"}, {"source": 25, "prod": 0, "target": 17, "value": 0.00056764892784363355, "supply": "[{\"l\":'Labor',\"v\":0.00056764892784363355}]"}, {"source": 25, "prod": 0, "target": 5, "value": 0.0011410901916856714, "supply": "[{\"l\":'Labor',\"v\":0.0011410901916856714}]"}, {"source": 25, "prod": 0, "target": 15, "value": 0.0019433287274646842, "supply": "[{\"l\":'Labor',\"v\":0.0019433287274646842}]"}]}