{"nodes": [{"layer": 13, "name": "Milk - Excluding Butter"}, {"layer": 10, "name": "Feed", "fill": "#dbdb8d"}, {"layer": 5, "name": "Oilcrops", "fill": "#ff9896"}, {"layer": 5, "name": "Vegetables"}, {"layer": 13, "name": "Animal Fats"}, {"layer": 5, "name": "Starchy Roots"}, {"layer": 5, "name": "Pulses"}, {"layer": 13, "name": "Fish, Seafood"}, {"layer": 5, "name": "Fruits - Excluding Wine"}, {"layer": 5, "name": "Cereals - Excluding Beer"}, {"layer": 13, "name": "Vegetable Oils", "fill": "#f7b6d2"}, {"layer": 16, "name": "Food", "fill": "#b5cf6b"}, {"layer": 13, "name": "Meat"}, {"layer": 13, "name": "Sugar & Sweeteners"}, {"layer": 5, "name": "Treenuts"}, {"layer": 13, "name": "Alcoholic Beverages"}, {"layer": 5, "name": "Others"}, {"layer": 5, "name": "Spices"}, {"layer": 5, "name": "Stimulants"}, {"layer": 13, "name": "Eggs"}, {"layer": 10, "name": "Processing", "fill": "#9edae5"}, {"layer": 5, "name": "Sugar Crops", "fill": "#ffbb78"}, {"layer": 16, "name": "Biofuels & Other", "fill": "#e7ba52"}, {"name": "Seed", "fill": "#dbdb8d"}, {"name": "Waste", "fill": "#c7c7c7"}, {"layer": 0, "name": "Import", "fill": "#aec7e8"}, {"layer": 16, "name": "Export", "fill": "#aec7e8"}, {"layer": 16, "name": "Stock Deposit", "fill": "#c7c7c7"}, {"layer": 0, "name": "Stock Draw", "fill": "#c7c7c7"}, {"layer": 0, "name": "Production", "fill": "#b5cf6b"}], "links": [{"source": 0, "prod": 1.1293263093036825, "target": 1, "value": 1886.0, "supply": [{"l": "Milk - Excluding Butter", "v": 1886.0}]}, {"source": 2, "prod": 0.0040613380531319713, "target": 1, "value": 1.0, "supply": [{"l": "Oilcrops, Other", "v": 1.0}]}, {"source": 3, "prod": 0.015078193266388097, "target": 1, "value": 51.0, "supply": [{"l": "Vegetables, Other", "v": 51.0}]}, {"source": 4, "prod": 0.2652222111968417, "target": 1, "value": 33.0, "supply": [{"l": "Fats, Animals, Raw", "v": 33.0}]}, {"source": 5, "prod": 0.6615790879822544, "target": 1, "value": 850.0, "supply": [{"l": "Potatoes", "v": 458.0}, {"l": "Roots, Other", "v": 68.0}, {"l": "Cassava", "v": 324.0}]}, {"source": 6, "prod": 0.054286920446239117, "target": 1, "value": 14.0, "supply": [{"l": "Pulses, Other", "v": 10.0}, {"l": "Peas", "v": 4.0}]}, {"source": 7, "prod": 0.7248164363497136, "target": 1, "value": 798.0, "supply": [{"l": "Fish, Seafood", "v": 399.0}, {"l": "Pelagic Fish", "v": 397.0}, {"l": "Demersal Fish", "v": 2.0}]}, {"source": 8, "prod": 0.002250500882333454, "target": 1, "value": 4.0, "supply": [{"l": "Fruits, Other", "v": 1.0}, {"l": "Apples", "v": 3.0}]}, {"source": 9, "prod": 8.5129361708201721, "target": 1, "value": 2852.0, "supply": [{"l": "Maize", "v": 563.0}, {"l": "Oats", "v": 523.0}, {"l": "Rye", "v": 103.0}, {"l": "Rice", "v": 9.0}, {"l": "Sorghum", "v": 756.0}, {"l": "Cereals, Other", "v": 44.0}, {"l": "Wheat", "v": 149.0}, {"l": "Millet", "v": 5.0}, {"l": "Barley", "v": 700.0}]}, {"source": 10, "prod": 0.017309776665932038, "target": 1, "value": 2.0, "supply": [{"l": "Groundnut Oil", "v": 2.0}]}, {"source": 0, "prod": 1.0933986430479981, "target": 11, "value": 1826.0, "supply": [{"l": "Milk - Excluding Butter", "v": 1826.0}]}, {"source": 12, "prod": 1.0780959781498176, "target": 11, "value": 741.0, "supply": [{"l": "Pigmeat", "v": 308.0}, {"l": "Meat, Other", "v": 41.0}, {"l": "Poultry Meat", "v": 74.0}, {"l": "Mutton & Goat Meat", "v": 7.0}, {"l": "Bovine Meat", "v": 251.0}, {"l": "Offals, Edible", "v": 60.0}]}, {"source": 13, "prod": 1.4020635653033802, "target": 11, "value": 368.0, "supply": [{"l": "Sugar", "v": 354.0}, {"l": "Sweeteners, Other", "v": 11.0}, {"l": "Honey", "v": 3.0}]}, {"source": 14, "prod": 0.041806982243295467, "target": 11, "value": 13.0, "supply": [{"l": "Treenuts", "v": 13.0}]}, {"source": 3, "prod": 0.31413227944773747, "target": 11, "value": 1086.0, "supply": [{"l": "Vegetables, Other", "v": 949.0}, {"l": "Tomatoes", "v": 106.0}, {"l": "Onions", "v": 31.0}]}, {"source": 15, "prod": 0.84323987034653791, "target": 11, "value": 1341.0, "supply": [{"l": "Beer", "v": 1214.0}, {"l": "Beverages, Alcoholic", "v": 19.0}, {"l": "Wine", "v": 103.0}, {"l": "Beverages, Fermented", "v": 5.0}]}, {"source": 4, "prod": 1.6865762032416776, "target": 11, "value": 212.0, "supply": [{"l": "Fats, Animals, Raw", "v": 115.0}, {"l": "Butter, Ghee", "v": 88.0}, {"l": "Fish, Liver Oil", "v": 1.0}, {"l": "Cream", "v": 8.0}]}, {"source": 5, "prod": 0.93866397659599865, "target": 11, "value": 1206.0, "supply": [{"l": "Potatoes", "v": 1206.0}]}, {"source": 6, "prod": 0.10574051784165836, "target": 11, "value": 27.0, "supply": [{"l": "Peas", "v": 12.0}, {"l": "Beans", "v": 14.0}, {"l": "Pulses, Other", "v": 1.0}]}, {"source": 7, "prod": 0.23527802783505974, "target": 11, "value": 350.0, "supply": [{"l": "Freshwater Fish", "v": 9.0}, {"l": "Crustaceans", "v": 17.0}, {"l": "Marine Fish, Other", "v": 1.0}, {"l": "Demersal Fish", "v": 69.0}, {"l": "Fish, Seafood", "v": 175.0}, {"l": "Pelagic Fish", "v": 51.0}, {"l": "Molluscs, Other", "v": 28.0}]}, {"source": 16, "prod": 0.051559489864661578, "target": 11, "value": 15.0, "supply": [{"l": "Nuts", "v": 13.0}, {"l": "Infant food", "v": 2.0}]}, {"source": 9, "prod": 3.0806110768229176, "target": 11, "value": 998.0, "supply": [{"l": "Maize", "v": 13.0}, {"l": "Rye", "v": 8.0}, {"l": "Barley", "v": 1.0}, {"l": "Rice", "v": 11.0}, {"l": "Wheat", "v": 963.0}, {"l": "Oats", "v": 2.0}]}, {"source": 10, "prod": 1.4306244491480893, "target": 11, "value": 155.0, "supply": [{"l": "Maize Germ Oil", "v": 14.0}, {"l": "Groundnut Oil", "v": 20.0}, {"l": "Soyabean Oil", "v": 20.0}, {"l": "Palm Oil", "v": 22.0}, {"l": "Sunflowerseed Oil", "v": 16.0}, {"l": "Coconut Oil", "v": 28.0}, {"l": "Rape and Mustard Oil", "v": 3.0}, {"l": "Sesameseed Oil", "v": 3.0}, {"l": "Oilcrops Oil, Other", "v": 15.0}, {"l": "Palmkernel Oil", "v": 14.0}]}, {"source": 17, "prod": 0.011370580335401786, "target": 11, "value": 2.0, "supply": [{"l": "Pepper", "v": 1.0}, {"l": "Spices, Other", "v": 1.0}]}, {"source": 18, "prod": 0.062519504220826971, "target": 11, "value": 83.0, "supply": [{"l": "Coffee", "v": 66.0}, {"l": "Cocoa Beans", "v": 17.0}]}, {"source": 19, "prod": 0.21436852831271769, "target": 11, "value": 131.0, "supply": [{"l": "Eggs", "v": 131.0}]}, {"source": 8, "prod": 0.39784198466566495, "target": 11, "value": 723.0, "supply": [{"l": "Grapes", "v": 48.0}, {"l": "Dates", "v": 1.0}, {"l": "Apples", "v": 272.0}, {"l": "Lemons, Limes", "v": 15.0}, {"l": "Pineapples", "v": 9.0}, {"l": "Bananas", "v": 72.0}, {"l": "Fruits, Other", "v": 154.0}, {"l": "Grapefruit", "v": 13.0}, {"l": "Oranges, Mandarines", "v": 139.0}]}, {"source": 2, "prod": 0.024622444031064835, "target": 11, "value": 12.0, "supply": [{"l": "Olives", "v": 1.0}, {"l": "Coconuts - Incl Copra", "v": 8.0}, {"l": "Groundnuts", "v": 1.0}, {"l": "Rape and Mustardseed", "v": 2.0}]}, {"source": 9, "prod": 1.1183746093812243, "target": 20, "value": 320.0, "supply": [{"l": "Maize", "v": 111.0}, {"l": "Barley", "v": 209.0}]}, {"source": 10, "prod": 0.0087149348619238402, "target": 20, "value": 1.0, "supply": [{"l": "Oilcrops Oil, Other", "v": 1.0}]}, {"source": 21, "prod": 4.6488888800000003, "target": 20, "value": 4000.0, "supply": [{"l": "Sugar beet", "v": 4000.0}]}, {"source": 2, "prod": 1.6437140530804339, "target": 20, "value": 477.0, "supply": [{"l": "Sunflower seed", "v": 3.0}, {"l": "Coconuts - Incl Copra", "v": 156.0}, {"l": "Soyabeans", "v": 233.0}, {"l": "Sesame seed", "v": 7.0}, {"l": "Rape and Mustardseed", "v": 5.0}, {"l": "Groundnuts", "v": 43.0}, {"l": "Palm kernels", "v": 8.0}, {"l": "Oilcrops, Other", "v": 22.0}]}, {"source": 8, "prod": 0.018199475291638609, "target": 20, "value": 25.0, "supply": [{"l": "Fruits, Other", "v": 6.0}, {"l": "Grapes", "v": 19.0}]}, {"source": 2, "prod": 0.0040613380531319713, "target": 22, "value": 1.0, "supply": [{"l": "Oilcrops, Other", "v": 1.0}]}, {"source": 21, "prod": 0.0069733333200000004, "target": 22, "value": 6.0, "supply": [{"l": "Sugar beet", "v": 6.0}]}, {"source": 4, "prod": 0.61903242906989242, "target": 22, "value": 76.0, "supply": [{"l": "Fats, Animals, Raw", "v": 40.0}, {"l": "Butter, Ghee", "v": 14.0}, {"l": "Fish, Body Oil", "v": 22.0}]}, {"source": 5, "prod": 0.036581431923724657, "target": 22, "value": 47.0, "supply": [{"l": "Potatoes", "v": 43.0}, {"l": "Cassava", "v": 4.0}]}, {"source": 13, "prod": 0.075235789315961268, "target": 22, "value": 31.0, "supply": [{"l": "Sweeteners, Other", "v": 27.0}, {"l": "Sugar", "v": 4.0}]}, {"source": 15, "prod": 0.0067381216802380964, "target": 22, "value": 2.0, "supply": [{"l": "Beverages, Alcoholic", "v": 2.0}]}, {"source": 9, "prod": 0.20007576095696475, "target": 22, "value": 66.0, "supply": [{"l": "Maize", "v": 54.0}, {"l": "Wheat", "v": 4.0}, {"l": "Rice", "v": 8.0}]}, {"source": 10, "prod": 0.31391135269736309, "target": 22, "value": 34.0, "supply": [{"l": "Soyabean Oil", "v": 11.0}, {"l": "Palm Oil", "v": 9.0}, {"l": "Groundnut Oil", "v": 7.0}, {"l": "Oilcrops Oil, Other", "v": 7.0}]}, {"source": 5, "prod": 0.071606207169844005, "target": 23, "value": 92.0, "supply": [{"l": "Potatoes", "v": 92.0}]}, {"source": 9, "prod": 0.24444168252458165, "target": 23, "value": 79.0, "supply": [{"l": "Cereals, Other", "v": 2.0}, {"l": "Wheat", "v": 40.0}, {"l": "Barley", "v": 20.0}, {"l": "Oats", "v": 13.0}, {"l": "Rye", "v": 4.0}]}, {"source": 19, "prod": 0.014727608815377552, "target": 19, "value": 9.0, "supply": [{"l": "Eggs", "v": 9.0}]}, {"source": 6, "prod": 0.0078479299569831924, "target": 23, "value": 2.0, "supply": [{"l": "Peas", "v": 2.0}]}, {"source": 2, "prod": 0.0081226761062639426, "target": 23, "value": 2.0, "supply": [{"l": "Oilcrops, Other", "v": 2.0}]}, {"source": 19, "prod": 0.0065456039179455786, "target": 24, "value": 4.0, "supply": [{"l": "Eggs", "v": 4.0}]}, {"source": 21, "prod": 0.0023244444400000001, "target": 24, "value": 2.0, "supply": [{"l": "Sugar beet", "v": 2.0}]}, {"source": 5, "prod": 0.18602047297383387, "target": 24, "value": 239.0, "supply": [{"l": "Potatoes", "v": 239.0}]}, {"source": 8, "prod": 0.031439087234283014, "target": 24, "value": 54.0, "supply": [{"l": "Bananas", "v": 5.0}, {"l": "Fruits, Other", "v": 12.0}, {"l": "Grapes", "v": 5.0}, {"l": "Oranges, Mandarines", "v": 4.0}, {"l": "Apples", "v": 28.0}]}, {"source": 9, "prod": 0.054392945969859052, "target": 24, "value": 17.0, "supply": [{"l": "Maize", "v": 1.0}, {"l": "Wheat", "v": 9.0}, {"l": "Oats", "v": 1.0}, {"l": "Sorghum", "v": 1.0}, {"l": "Barley", "v": 4.0}, {"l": "Cereals, Other", "v": 1.0}]}, {"source": 3, "prod": 0.026141056073227201, "target": 24, "value": 89.0, "supply": [{"l": "Vegetables, Other", "v": 83.0}, {"l": "Onions", "v": 2.0}, {"l": "Tomatoes", "v": 4.0}]}, {"source": 25, "prod": 0.065709545393161581, "target": 16, "value": 18.0, "supply": [{"l": "Nuts", "v": 13.0}, {"l": "Infant food", "v": 5.0}]}, {"source": 25, "prod": 1.5580528198630506, "target": 1, "value": 2000.0, "supply": [{"l": "Freshwater Fish", "v": 10.0}, {"l": "Pigmeat", "v": 20.0}, {"l": "Meat, Other", "v": 27.0}, {"l": "Crustaceans", "v": 15.0}, {"l": "Demersal Fish", "v": 54.0}, {"l": "Mutton & Goat Meat", "v": 3.0}, {"l": "Poultry Meat", "v": 1.0}, {"l": "Milk - Excluding Butter", "v": 777.0}, {"l": "Pelagic Fish", "v": 451.0}, {"l": "Fish, Seafood", "v": 558.0}, {"l": "Molluscs, Other", "v": 28.0}, {"l": "Offals, Edible", "v": 19.0}, {"l": "Bovine Meat", "v": 36.0}, {"l": "Eggs", "v": 1.0}]}, {"source": 25, "prod": 9.3785892711029835, "target": 9, "value": 3051.0, "supply": [{"l": "Maize", "v": 1027.0}, {"l": "Rye", "v": 16.0}, {"l": "Barley", "v": 538.0}, {"l": "Rice", "v": 36.0}, {"l": "Cereals, Other", "v": 5.0}, {"l": "Wheat", "v": 528.0}, {"l": "Oats", "v": 91.0}, {"l": "Sorghum", "v": 805.0}, {"l": "Millet", "v": 5.0}]}, {"source": 25, "prod": 0.16439529591092858, "target": 6, "value": 42.0, "supply": [{"l": "Peas", "v": 23.0}, {"l": "Beans", "v": 15.0}, {"l": "Pulses, Other", "v": 4.0}]}, {"source": 25, "prod": 2.5174244080864487, "target": 20, "value": 484.0, "supply": [{"l": "Sugar", "v": 40.0}, {"l": "Maize Germ Oil", "v": 8.0}, {"l": "Beer", "v": 73.0}, {"l": "Groundnut Oil", "v": 29.0}, {"l": "Beverages, Alcoholic", "v": 9.0}, {"l": "Fats, Animals, Raw", "v": 77.0}, {"l": "Soyabean Oil", "v": 5.0}, {"l": "Butter, Ghee", "v": 27.0}, {"l": "Palm Oil", "v": 44.0}, {"l": "Sunflowerseed Oil", "v": 16.0}, {"l": "Coconut Oil", "v": 8.0}, {"l": "Rape and Mustard Oil", "v": 2.0}, {"l": "Oilcrops Oil, Other", "v": 13.0}, {"l": "Wine", "v": 98.0}, {"l": "Sweeteners, Other", "v": 5.0}, {"l": "Beverages, Fermented", "v": 2.0}, {"l": "Fish, Body Oil", "v": 22.0}, {"l": "Fish, Liver Oil", "v": 1.0}, {"l": "Honey", "v": 2.0}, {"l": "Palmkernel Oil", "v": 3.0}]}, {"source": 25, "prod": 0.041806982243295467, "target": 14, "value": 13.0, "supply": [{"l": "Treenuts", "v": 13.0}]}, {"source": 25, "prod": 0.038013603038910951, "target": 3, "value": 131.0, "supply": [{"l": "Tomatoes", "v": 23.0}, {"l": "Vegetables, Other", "v": 94.0}, {"l": "Onions", "v": 14.0}]}, {"source": 25, "prod": 0.082242555113806959, "target": 18, "value": 98.0, "supply": [{"l": "Cocoa Beans", "v": 29.0}, {"l": "Coffee", "v": 68.0}, {"l": "Tea", "v": 1.0}]}, {"source": 25, "prod": 0.27966059527068943, "target": 8, "value": 517.0, "supply": [{"l": "Apples", "v": 58.0}, {"l": "Grapes", "v": 46.0}, {"l": "Dates", "v": 1.0}, {"l": "Lemons, Limes", "v": 16.0}, {"l": "Pineapples", "v": 9.0}, {"l": "Bananas", "v": 93.0}, {"l": "Fruits, Other", "v": 121.0}, {"l": "Grapefruit", "v": 14.0}, {"l": "Oranges, Mandarines", "v": 159.0}]}, {"source": 25, "prod": 0.0046488888800000003, "target": 21, "value": 4.0, "supply": [{"l": "Sugar beet", "v": 4.0}]}, {"source": 25, "prod": 1.7858070184146673, "target": 2, "value": 523.0, "supply": [{"l": "Olives", "v": 1.0}, {"l": "Sunflower seed", "v": 3.0}, {"l": "Coconuts - Incl Copra", "v": 170.0}, {"l": "Sesame seed", "v": 7.0}, {"l": "Groundnuts", "v": 44.0}, {"l": "Oilcrops, Other", "v": 48.0}, {"l": "Soyabeans", "v": 233.0}, {"l": "Rape and Mustardseed", "v": 9.0}, {"l": "Palm kernels", "v": 8.0}]}, {"source": 25, "prod": 0.011370580335401786, "target": 17, "value": 2.0, "supply": [{"l": "Pepper", "v": 1.0}, {"l": "Spices, Other", "v": 1.0}]}, {"source": 25, "prod": 0.45376542152194621, "target": 5, "value": 583.0, "supply": [{"l": "Roots, Other", "v": 68.0}, {"l": "Potatoes", "v": 186.0}, {"l": "Cassava", "v": 329.0}]}, {"source": 0, "prod": 0.63951245935118395, "target": 26, "value": 1068.0, "supply": [{"l": "Milk - Excluding Butter", "v": 1068.0}]}, {"source": 12, "prod": 0.18442038790304235, "target": 26, "value": 123.0, "supply": [{"l": "Meat, Other", "v": 4.0}, {"l": "Pigmeat", "v": 58.0}, {"l": "Bovine Meat", "v": 25.0}, {"l": "Poultry Meat", "v": 29.0}, {"l": "Offals, Edible", "v": 7.0}]}, {"source": 3, "prod": 0.070945962295236892, "target": 26, "value": 242.0, "supply": [{"l": "Tomatoes", "v": 14.0}, {"l": "Vegetables, Other", "v": 221.0}, {"l": "Onions", "v": 7.0}]}, {"source": 15, "prod": 0.055228500590682961, "target": 26, "value": 93.0, "supply": [{"l": "Beer", "v": 84.0}, {"l": "Wine", "v": 8.0}, {"l": "Beverages, Fermented", "v": 1.0}]}, {"source": 4, "prod": 0.52815973344355305, "target": 26, "value": 65.0, "supply": [{"l": "Fats, Animals, Raw", "v": 47.0}, {"l": "Butter, Ghee", "v": 17.0}, {"l": "Fish, Body Oil", "v": 1.0}]}, {"source": 5, "prod": 0.085616117268291728, "target": 26, "value": 110.0, "supply": [{"l": "Roots, Other", "v": 1.0}, {"l": "Potatoes", "v": 108.0}, {"l": "Cassava", "v": 1.0}]}, {"source": 6, "prod": 0.09414479998686609, "target": 26, "value": 24.0, "supply": [{"l": "Peas", "v": 21.0}, {"l": "Beans", "v": 3.0}]}, {"source": 7, "prod": 0.058541310044907605, "target": 26, "value": 96.0, "supply": [{"l": "Freshwater Fish", "v": 1.0}, {"l": "Demersal Fish", "v": 43.0}, {"l": "Fish, Seafood", "v": 48.0}, {"l": "Pelagic Fish", "v": 4.0}]}, {"source": 13, "prod": 0.71635075581080521, "target": 26, "value": 195.0, "supply": [{"l": "Sugar", "v": 173.0}, {"l": "Sweeteners, Other", "v": 22.0}]}, {"source": 9, "prod": 1.8912339037644066, "target": 26, "value": 571.0, "supply": [{"l": "Maize", "v": 167.0}, {"l": "Rye", "v": 2.0}, {"l": "Barley", "v": 229.0}, {"l": "Rice", "v": 4.0}, {"l": "Cereals, Other", "v": 3.0}, {"l": "Wheat", "v": 117.0}, {"l": "Sorghum", "v": 49.0}]}, {"source": 10, "prod": 0.63358897265537639, "target": 26, "value": 69.0, "supply": [{"l": "Maize Germ Oil", "v": 1.0}, {"l": "Groundnut Oil", "v": 19.0}, {"l": "Soyabean Oil", "v": 18.0}, {"l": "Palm Oil", "v": 13.0}, {"l": "Sunflowerseed Oil", "v": 1.0}, {"l": "Coconut Oil", "v": 5.0}, {"l": "Rape and Mustard Oil", "v": 1.0}, {"l": "Oilcrops Oil, Other", "v": 10.0}, {"l": "Palmkernel Oil", "v": 1.0}]}, {"source": 16, "prod": 0.014150055528500001, "target": 26, "value": 3.0, "supply": [{"l": "Infant food", "v": 3.0}]}, {"source": 18, "prod": 0.018706038409935715, "target": 26, "value": 14.0, "supply": [{"l": "Coffee", "v": 2.0}, {"l": "Cocoa Beans", "v": 12.0}]}, {"source": 19, "prod": 0.05400123232305102, "target": 26, "value": 33.0, "supply": [{"l": "Eggs", "v": 33.0}]}, {"source": 8, "prod": 0.070139643276083213, "target": 26, "value": 126.0, "supply": [{"l": "Fruits, Other", "v": 45.0}, {"l": "Grapes", "v": 2.0}, {"l": "Apples", "v": 47.0}, {"l": "Bananas", "v": 16.0}, {"l": "Grapefruit", "v": 1.0}, {"l": "Oranges, Mandarines", "v": 15.0}]}, {"source": 2, "prod": 0.14183854962196057, "target": 26, "value": 40.0, "supply": [{"l": "Coconuts - Incl Copra", "v": 6.0}, {"l": "Oilcrops, Other", "v": 32.0}, {"l": "Rape and Mustardseed", "v": 2.0}]}, {"source": 15, "prod": 0.060643095122142866, "target": 27, "value": 18.0, "supply": [{"l": "Beverages, Alcoholic", "v": 18.0}]}, {"source": 6, "prod": 0.011771894935474791, "target": 27, "value": 3.0, "supply": [{"l": "Peas", "v": 3.0}]}, {"source": 0, "prod": 0.046705966132389837, "target": 27, "value": 78.0, "supply": [{"l": "Milk - Excluding Butter", "v": 78.0}]}, {"source": 9, "prod": 1.0580044382946965, "target": 27, "value": 341.0, "supply": [{"l": "Maize", "v": 121.0}, {"l": "Wheat", "v": 169.0}, {"l": "Rye", "v": 2.0}, {"l": "Barley", "v": 44.0}, {"l": "Rice", "v": 5.0}]}, {"source": 4, "prod": 0.016731484577618243, "target": 27, "value": 2.0, "supply": [{"l": "Butter, Ghee", "v": 2.0}]}, {"source": 2, "prod": 0.0011622222200000001, "target": 27, "value": 1.0, "supply": [{"l": "Rape and Mustardseed", "v": 1.0}]}, {"source": 13, "prod": 0.34346043873722726, "target": 27, "value": 89.0, "supply": [{"l": "Sugar", "v": 89.0}]}, {"source": 28, "prod": 0.091244803688327866, "target": 20, "value": 10.0, "supply": [{"l": "Soyabean Oil", "v": 2.0}, {"l": "Palmkernel Oil", "v": 8.0}]}, {"source": 5, "prod": 0.057596297071396262, "target": 27, "value": 74.0, "supply": [{"l": "Potatoes", "v": 74.0}]}, {"source": 29, "prod": 0.10939676725629294, "target": 6, "value": 28.0, "supply": [{"l": "Peas", "v": 19.0}, {"l": "Beans", "v": 2.0}, {"l": "Pulses, Other", "v": 7.0}]}, {"source": 29, "prod": 0.38817525159122496, "target": 3, "value": 1337.0, "supply": [{"l": "Tomatoes", "v": 101.0}, {"l": "Vegetables, Other", "v": 1211.0}, {"l": "Onions", "v": 25.0}]}, {"source": 29, "prod": 4.6535377688800006, "target": 21, "value": 4004.0, "supply": [{"l": "Sugar beet", "v": 4004.0}]}, {"source": 29, "prod": 1.5831198411245948, "target": 5, "value": 2034.0, "supply": [{"l": "Potatoes", "v": 2034.0}]}, {"source": 29, "prod": 6.7822451575420981, "target": 9, "value": 2194.0, "supply": [{"l": "Maize", "v": 3.0}, {"l": "Rye", "v": 104.0}, {"l": "Barley", "v": 669.0}, {"l": "Cereals, Other", "v": 46.0}, {"l": "Wheat", "v": 923.0}, {"l": "Oats", "v": 449.0}]}, {"source": 29, "prod": 0.2403097830751228, "target": 8, "value": 416.0, "supply": [{"l": "Fruits, Other", "v": 97.0}, {"l": "Grapes", "v": 28.0}, {"l": "Apples", "v": 291.0}]}, {"source": 29, "prod": 0.037714264698187748, "target": 2, "value": 10.0, "supply": [{"l": "Oilcrops, Other", "v": 9.0}, {"l": "Rape and Mustardseed", "v": 1.0}]}, {"source": 1, "prod": 2.9089433778352545, "target": 0, "value": 4858.0, "supply": [{"l": "Milk - Excluding Butter", "v": 4858.0}]}, {"source": 1, "prod": 0.27491536455371429, "target": 19, "value": 168.0, "supply": [{"l": "Eggs", "v": 177.0}]}, {"source": 1, "prod": 1.26251636605286, "target": 12, "value": 864.0, "supply": [{"l": "Pigmeat", "v": 366.0}, {"l": "Bovine Meat", "v": 276.0}, {"l": "Poultry Meat", "v": 103.0}, {"l": "Offals, Edible", "v": 67.0}, {"l": "Meat, Other", "v": 45.0}, {"l": "Mutton & Goat Meat", "v": 7.0}]}, {"source": 1, "prod": 1.018635774229681, "target": 7, "value": 1244.0, "supply": [{"l": "Pelagic Fish", "v": 452.0}, {"l": "Crustaceans", "v": 17.0}, {"l": "Freshwater Fish", "v": 10.0}, {"l": "Molluscs, Other", "v": 28.0}, {"l": "Demersal Fish", "v": 114.0}, {"l": "Fish, Seafood", "v": 622.0}, {"l": "Marine Fish, Other", "v": 1.0}]}, {"source": 20, "prod": 2.537110549167374, "target": 13, "value": 683.0, "supply": [{"l": "Honey", "v": 3.0}, {"l": "Sweeteners, Other", "v": 60.0}, {"l": "Sugar", "v": 620.0}]}, {"source": 20, "prod": 2.4041494860286847, "target": 10, "value": 261.0, "supply": [{"l": "Sesameseed Oil", "v": 3.0}, {"l": "Soyabean Oil", "v": 49.0}, {"l": "Coconut Oil", "v": 33.0}, {"l": "Rape and Mustard Oil", "v": 4.0}, {"l": "Maize Germ Oil", "v": 15.0}, {"l": "Groundnut Oil", "v": 48.0}, {"l": "Palm Oil", "v": 44.0}, {"l": "Palmkernel Oil", "v": 15.0}, {"l": "Oilcrops Oil, Other", "v": 33.0}, {"l": "Sunflowerseed Oil", "v": 17.0}]}, {"source": 20, "prod": 0.96584958773960183, "target": 15, "value": 1454.0, "supply": [{"l": "Beer", "v": 1298.0}, {"l": "Beverages, Alcoholic", "v": 39.0}, {"l": "Beverages, Fermented", "v": 6.0}, {"l": "Wine", "v": 111.0}]}, {"source": 20, "prod": 3.1157220615295826, "target": 4, "value": 388.0, "supply": [{"l": "Fats, Animals, Raw", "v": 235.0}, {"l": "Cream", "v": 8.0}, {"l": "Fish, Body Oil", "v": 23.0}, {"l": "Butter, Ghee", "v": 121.0}, {"l": "Fish, Liver Oil", "v": 1.0}]}]}