{"nodes": [{"layer": 13, "name": "Milk - Excluding Butter"}, {"layer": 10, "name": "Feed", "fill": "#dbdb8d"}, {"layer": 5, "name": "Oilcrops", "fill": "#ff9896"}, {"layer": 5, "name": "Vegetables"}, {"layer": 13, "name": "Animal Fats"}, {"layer": 5, "name": "Starchy Roots"}, {"layer": 5, "name": "Pulses"}, {"layer": 13, "name": "Fish, Seafood"}, {"layer": 5, "name": "Fruits - Excluding Wine"}, {"layer": 5, "name": "Cereals - Excluding Beer"}, {"layer": 13, "name": "Vegetable Oils", "fill": "#f7b6d2"}, {"layer": 16, "name": "Food", "fill": "#b5cf6b"}, {"layer": 13, "name": "Meat"}, {"layer": 5, "name": "Treenuts"}, {"layer": 5, "name": "Others"}, {"layer": 13, "name": "Alcoholic Beverages"}, {"layer": 13, "name": "Sugar & Sweeteners"}, {"layer": 5, "name": "Spices"}, {"layer": 5, "name": "Stimulants"}, {"layer": 13, "name": "Eggs"}, {"layer": 10, "name": "Processing", "fill": "#9edae5"}, {"layer": 5, "name": "Sugar Crops", "fill": "#ffbb78"}, {"layer": 16, "name": "Biofuels & Other", "fill": "#e7ba52"}, {"name": "Waste", "fill": "#c7c7c7"}, {"layer": 2, "name": "Import", "fill": "#aec7e8"}, {"layer": 16, "name": "Export", "fill": "#aec7e8"}, {"layer": 0, "name": "Stock Draw", "fill": "#c7c7c7"}, {"layer": 16, "name": "Stock Deposit", "fill": "#c7c7c7"}, {"name": "Crop Residue", "fill": "#bd9e39"}, {"layer": 2, "name": "Electricity", "fill": "#bcbd22"}, {"layer": 0, "name": "Fossil Fuels", "fill": "#c49c94"}, {"layer": 0, "name": "Renewables & Nuclear", "fill": "#2ca02c"}, {"layer": 2, "name": "Fertilizers", "fill": "#c5b0d5"}, {"layer": 0, "name": "Labor", "fill": "#7f7f7f"}], "links": [{"source": 0, "prod": 884.0, "target": 1, "value": 0.56324832698455907, "supply": [{"l": "Milk - Excluding Butter", "v": 0.56324832698455907}]}, {"source": 2, "prod": 1.0, "target": 1, "value": 0.0019295530266136365, "supply": [{"l": "Soyabeans", "v": 0.0019295530266136365}]}, {"source": 3, "prod": 45.0, "target": 1, "value": 0.013755930340545857, "supply": [{"l": "Vegetables, Other", "v": 0.013755930340545857}]}, {"source": 4, "prod": 40.0, "target": 1, "value": 0.32996518136966463, "supply": [{"l": "Fats, Animals, Raw", "v": 0.32996518136966463}]}, {"source": 5, "prod": 2831.0, "target": 1, "value": 2.1840179940866653, "supply": [{"l": "Potatoes", "v": 0.13269201518294113}, {"l": "Sweet potatoes", "v": 0.021601025727455533}, {"l": "Cassava", "v": 2.0297249531762684}]}, {"source": 6, "prod": 28.0, "target": 1, "value": 0.09778699088445536, "supply": [{"l": "Pulses, Other", "v": 0.039418011829392863}, {"l": "Peas", "v": 0.058368979055062498}]}, {"source": 7, "prod": 108.0, "target": 1, "value": 0.087877537439554149, "supply": [{"l": "Fish, Seafood", "v": 0.030609467300523739}, {"l": "Pelagic Fish", "v": 0.05599030592742673}, {"l": "Demersal Fish", "v": 0.001277764211603679}]}, {"source": 8, "prod": 7.0, "target": 1, "value": 0.0036101250037451904, "supply": [{"l": "Fruits, Other", "v": 0.0019765156928698417}, {"l": "Apples", "v": 0.0016336093108753485}]}, {"source": 9, "prod": 2111.0, "target": 1, "value": 6.9846845180044834, "supply": [{"l": "Maize", "v": 1.5947360827207719}, {"l": "Oats", "v": 0.55056579692709096}, {"l": "Rye", "v": 0.11428891003788461}, {"l": "Rice", "v": 0.047039373783932428}, {"l": "Sorghum", "v": 0.45717632686316123}, {"l": "Cereals, Other", "v": 0.069088138198657653}, {"l": "Wheat", "v": 1.1947541342023948}, {"l": "Millet", "v": 0.015239210895438709}, {"l": "Barley", "v": 2.9417965443751499}]}, {"source": 10, "prod": 17.0, "target": 1, "value": 0.17114296409964427, "supply": [{"l": "Soyabean Oil", "v": 0.17114296409964427}]}, {"source": 0, "prod": 2023.0, "target": 11, "value": 1.2889721329069714, "supply": [{"l": "Milk - Excluding Butter", "v": 1.2889721329069714}]}, {"source": 12, "prod": 970.0, "target": 11, "value": 1.4304548771230716, "supply": [{"l": "Pigmeat", "v": 0.69219153260694255}, {"l": "Meat, Other", "v": 0.038634421274443824}, {"l": "Mutton & Goat Meat", "v": 0.047251078282669647}, {"l": "Poultry Meat", "v": 0.21559097479045067}, {"l": "Offals, Edible", "v": 0.10409236250850577}, {"l": "Bovine Meat", "v": 0.33269450766005909}]}, {"source": 13, "prod": 25.0, "target": 11, "value": 0.082301343380051031, "supply": [{"l": "Treenuts", "v": 0.082301343380051031}]}, {"source": 3, "prod": 945.0, "target": 11, "value": 0.28991888523634451, "supply": [{"l": "Tomatoes", "v": 0.030312174594282849}, {"l": "Vegetables, Other", "v": 0.22926550567576429}, {"l": "Onions", "v": 0.03034120496629741}]}, {"source": 14, "prod": 25.0, "target": 11, "value": 0.081305762613356855, "supply": [{"l": "Nuts", "v": 0.081305762613356855}]}, {"source": 15, "prod": 1551.0, "target": 11, "value": 1.0750247704680862, "supply": [{"l": "Beer", "v": 0.73957253335827389}, {"l": "Beverages, Alcoholic", "v": 0.14536891578919428}, {"l": "Wine", "v": 0.18622421526739061}, {"l": "Beverages, Fermented", "v": 0.003859106053227273}]}, {"source": 4, "prod": 228.0, "target": 11, "value": 1.7588802783805382, "supply": [{"l": "Fats, Animals, Raw", "v": 0.98164641457475244}, {"l": "Butter, Ghee", "v": 0.72652416254527874}, {"l": "Cream", "v": 0.050709701260506793}]}, {"source": 5, "prod": 1105.0, "target": 11, "value": 0.85246905102994164, "supply": [{"l": "Potatoes", "v": 0.85246905102994164}]}, {"source": 6, "prod": 33.0, "target": 11, "value": 0.12692433870247002, "supply": [{"l": "Peas", "v": 0.097281631758437501}, {"l": "Beans", "v": 0.026610552187925376}, {"l": "Pulses, Other", "v": 0.0030321547561071431}]}, {"source": 7, "prod": 412.0, "target": 11, "value": 0.23812504188472156, "supply": [{"l": "Freshwater Fish", "v": 0.0169800666342}, {"l": "Crustaceans", "v": 0.0086829886197613646}, {"l": "Marine Fish, Other", "v": 0.01708685950611321}, {"l": "Demersal Fish", "v": 0.025981205635941477}, {"l": "Pelagic Fish", "v": 0.039522568889948276}, {"l": "Fish, Seafood", "v": 0.1167694493316276}, {"l": "Molluscs, Other", "v": 0.013101903267129631}]}, {"source": 16, "prod": 384.0, "target": 11, "value": 1.3192532155544505, "supply": [{"l": "Sugar", "v": 1.22397980321525}, {"l": "Sweeteners, Other", "v": 0.077585842928575399}, {"l": "Honey", "v": 0.017687569410625003}]}, {"source": 9, "prod": 1102.0, "target": 11, "value": 3.3741632203361034, "supply": [{"l": "Maize", "v": 0.046422111997008776}, {"l": "Rye", "v": 0.026123179437230769}, {"l": "Barley", "v": 0.00424501665855}, {"l": "Rice", "v": 0.17960488172046929}, {"l": "Cereals, Other", "v": 0.16888211559671873}, {"l": "Wheat", "v": 2.941167702819671}, {"l": "Oats", "v": 0.007718212106454546}]}, {"source": 10, "prod": 154.0, "target": 11, "value": 1.5040740175492653, "supply": [{"l": "Maize Germ Oil", "v": 0.21649584958605}, {"l": "Groundnut Oil", "v": 0.078688113670682916}, {"l": "Soyabean Oil", "v": 0.26174806274063245}, {"l": "Palm Oil", "v": 0.15475503767878482}, {"l": "Sunflowerseed Oil", "v": 0.25202697327139367}, {"l": "Olive Oil", "v": 0.0097961922889615409}, {"l": "Coconut Oil", "v": 0.21322001481301375}, {"l": "Rape and Mustard Oil", "v": 0.23410815274386385}, {"l": "Oilcrops Oil, Other", "v": 0.083235620755882353}]}, {"source": 17, "prod": 3.0, "target": 11, "value": 0.0086921769675071432, "supply": [{"l": "Pepper", "v": 0.0056600222113999997}, {"l": "Spices, Other", "v": 0.0030321547561071431}]}, {"source": 18, "prod": 96.0, "target": 11, "value": 0.066576602734210205, "supply": [{"l": "Cocoa Beans", "v": 0.022136589937223936}, {"l": "Coffee", "v": 0.043510026198015778}, {"l": "Tea", "v": 0.00092998659897048817}]}, {"source": 19, "prod": 141.0, "target": 11, "value": 0.22954420759293886, "supply": [{"l": "Eggs", "v": 0.22954420759293886}]}, {"source": 8, "prod": 738.0, "target": 11, "value": 0.37502456138994933, "supply": [{"l": "Grapes", "v": 0.043029408624678363}, {"l": "Dates", "v": 0.0035375138821250002}, {"l": "Apples", "v": 0.099650167963396277}, {"l": "Lemons, Limes", "v": 0.00424501665855}, {"l": "Pineapples", "v": 0.0041806982243295463}, {"l": "Bananas", "v": 0.051576069249511788}, {"l": "Fruits, Other", "v": 0.09536688218096985}, {"l": "Grapefruit", "v": 0.0042067732652297293}, {"l": "Oranges, Mandarines", "v": 0.069232031341158795}]}, {"source": 2, "prod": 12.0, "target": 11, "value": 0.018761377629671717, "supply": [{"l": "Olives", "v": 0.003859106053227273}, {"l": "Coconuts - Incl Copra", "v": 0.012577827136444444}, {"l": "Rape and Mustardseed", "v": 0.0023244444400000001}]}, {"source": 9, "prod": 613.0, "target": 20, "value": 2.0222167076344038, "supply": [{"l": "Maize", "v": 1.0458628761679036}, {"l": "Barley", "v": 0.97635383146650001}]}, {"source": 10, "prod": 6.0, "target": 20, "value": 0.04994137245352942, "supply": [{"l": "Oilcrops Oil, Other", "v": 0.04994137245352942}]}, {"source": 21, "prod": 7695.0, "target": 20, "value": 8.9432999829000011, "supply": [{"l": "Sugar beet", "v": 8.9432999829000011}]}, {"source": 2, "prod": 1403.3417721518986, "target": 20, "value": 2.7239785667069838, "supply": [{"l": "Sunflower seed", "v": 0.18716664358152277}, {"l": "Soyabeans", "v": 2.3058158668032958}, {"l": "Rape and Mustardseed", "v": 0.081355555400000001}, {"l": "Groundnuts", "v": 0.0084900333171}, {"l": "Oilcrops, Other", "v": 0.025084189345977274}, {"l": "Oil Palm", "v": 0.11606627825908822}]}, {"source": 8, "prod": 23.0, "target": 20, "value": 0.016365360796704594, "supply": [{"l": "Fruits, Other", "v": 0.0039530313857396833}, {"l": "Grapes", "v": 0.012412329410964911}]}, {"source": 0, "prod": 11.0, "target": 22, "value": 0.0070087461502603499, "supply": [{"l": "Milk - Excluding Butter", "v": 0.0070087461502603499}]}, {"source": 2, "prod": 1.0, "target": 22, "value": 0.0019295530266136365, "supply": [{"l": "Oilcrops, Other", "v": 0.0019295530266136365}]}, {"source": 15, "prod": 2.0, "target": 22, "value": 0.006922329323294966, "supply": [{"l": "Beverages, Alcoholic", "v": 0.006922329323294966}]}, {"source": 21, "prod": 2.0, "target": 22, "value": 0.0023244444400000001, "supply": [{"l": "Sugar beet", "v": 0.0023244444400000001}]}, {"source": 4, "prod": 165.0, "target": 22, "value": 1.3671588862239168, "supply": [{"l": "Fats, Animals, Raw", "v": 0.75891991715022866}, {"l": "Fish, Body Oil", "v": 0.22409975669342583}, {"l": "Butter, Ghee", "v": 0.38413921238026238}]}, {"source": 5, "prod": 27.0, "target": 22, "value": 0.020829560522903551, "supply": [{"l": "Potatoes", "v": 0.019286630113799583}, {"l": "Cassava", "v": 0.0015429304091039667}]}, {"source": 16, "prod": 77.0, "target": 22, "value": 0.18696577216388041, "supply": [{"l": "Sweeteners, Other", "v": 0.16927820275325542}, {"l": "Sugar", "v": 0.017687569410625003}]}, {"source": 9, "prod": 167.0, "target": 22, "value": 0.49078978285407404, "supply": [{"l": "Maize", "v": 0.27307124704122809}, {"l": "Wheat", "v": 0.17067916202891351}, {"l": "Rice", "v": 0.047039373783932428}]}, {"source": 10, "prod": 136.0, "target": 22, "value": 1.294397986196121, "supply": [{"l": "Soyabean Oil", "v": 0.44295826002260874}, {"l": "Rape and Mustard Oil", "v": 0.0097545063643276614}, {"l": "Palm Oil", "v": 0.52229825216589876}, {"l": "Palmkernel Oil", "v": 0.036385857073285718}, {"l": "Oilcrops Oil, Other", "v": 0.28300111057000005}]}, {"source": 5, "prod": 50.0, "target": 5, "value": 0.038573260227599167, "supply": [{"l": "Potatoes", "v": 0.038573260227599167}]}, {"source": 9, "prod": 55.0, "target": 9, "value": 0.18438608533355924, "supply": [{"l": "Cereals, Other", "v": 0.002558819933283617}, {"l": "Wheat", "v": 0.088387423193544506}, {"l": "Barley", "v": 0.072165283195350011}, {"l": "Oats", "v": 0.018009161581727273}, {"l": "Rye", "v": 0.0032653974296538461}]}, {"source": 19, "prod": 9.0, "target": 19, "value": 0.014651757931464181, "supply": [{"l": "Eggs", "v": 0.014651757931464181}]}, {"source": 6, "prod": 2.0, "target": 6, "value": 0.0076927727257554111, "supply": [{"l": "Peas", "v": 0.0038912652703374999}, {"l": "Beans", "v": 0.0038015074554179108}]}, {"source": 2, "prod": 1.0, "target": 2, "value": 0.0019295530266136365, "supply": [{"l": "Oilcrops, Other", "v": 0.0019295530266136365}]}, {"source": 19, "prod": 4.0, "target": 23, "value": 0.0065118924139840814, "supply": [{"l": "Eggs", "v": 0.0065118924139840814}]}, {"source": 21, "prod": 9.0, "target": 23, "value": 0.010459999980000001, "supply": [{"l": "Sugar beet", "v": 0.010459999980000001}]}, {"source": 5, "prod": 140.0, "target": 23, "value": 0.10800512863727768, "supply": [{"l": "Potatoes", "v": 0.10800512863727768}]}, {"source": 8, "prod": 50.0, "target": 23, "value": 0.027270162612431849, "supply": [{"l": "Bananas", "v": 0.0028260859862746191}, {"l": "Fruits, Other", "v": 0.0059295470786095254}, {"l": "Grapes", "v": 0.0041374431369883037}, {"l": "Grapefruit", "v": 0.00038243393320270267}, {"l": "Oranges, Mandarines", "v": 0.0018218955616094424}, {"l": "Lemons, Limes", "v": 0.00019295530266136363}, {"l": "Apples", "v": 0.011979801613085893}]}, {"source": 9, "prod": 22.0, "target": 23, "value": 0.072232248382762015, "supply": [{"l": "Maize", "v": 0.0027307124704122809}, {"l": "Wheat", "v": 0.045717632686316116}, {"l": "Cereals, Other", "v": 0.002558819933283617}, {"l": "Barley", "v": 0.02122508329275}]}, {"source": 3, "prod": 84.0, "target": 23, "value": 0.025901295278769165, "supply": [{"l": "Vegetables, Other", "v": 0.023537925249378467}, {"l": "Onions", "v": 0.0014448192841094005}, {"l": "Tomatoes", "v": 0.00091855074528129845}]}, {"source": 24, "prod": 38.0, "target": 14, "value": 0.10268467632695968, "supply": [{"l": "Nuts", "v": 0.09106245412695968}, {"l": "Infant food", "v": 0.011622222200000001}]}, {"source": 24, "prod": 2023.0, "target": 1, "value": 1.5087880671648368, "supply": [{"l": "Freshwater Fish", "v": 0.020163829128112501}, {"l": "Pigmeat", "v": 0.060833935169731304}, {"l": "Meat, Other", "v": 0.042927134749382027}, {"l": "Crustaceans", "v": 0.010290949475272728}, {"l": "Marine Fish, Other", "v": 0.021358574382641514}, {"l": "Demersal Fish", "v": 0.019166463174055189}, {"l": "Mutton & Goat Meat", "v": 0.033353702317178574}, {"l": "Poultry Meat", "v": 0.045547389040236058}, {"l": "Milk - Excluding Butter", "v": 0.67729974161152284}, {"l": "Pelagic Fish", "v": 0.22835262025303446}, {"l": "Fish, Seafood", "v": 0.21199890315547923}, {"l": "Molluscs, Other", "v": 0.013101903267129631}, {"l": "Offals, Edible", "v": 0.041636945003402301}, {"l": "Bovine Meat", "v": 0.048568541264242204}, {"l": "Eggs", "v": 0.034187435173416422}]}, {"source": 24, "prod": 6363.0, "target": 9, "value": 20.712182896304078, "supply": [{"l": "Maize", "v": 7.1298902602464649}, {"l": "Rye", "v": 0.032653974296538463}, {"l": "Barley", "v": 7.1231379530469008}, {"l": "Rice", "v": 0.70131430005135631}, {"l": "Cereals, Other", "v": 0.20214677472940576}, {"l": "Wheat", "v": 4.7729208524514037}, {"l": "Oats", "v": 0.14664603002263638}, {"l": "Sorghum", "v": 0.58213785620575864}, {"l": "Millet", "v": 0.021334895253614188}]}, {"source": 24, "prod": 97.0, "target": 6, "value": 0.35625706435672588, "supply": [{"l": "Peas", "v": 0.225693385679575}, {"l": "Beans", "v": 0.060824119286686573}, {"l": "Pulses, Other", "v": 0.069739559390464292}]}, {"source": 24, "prod": 1184.0, "target": 20, "value": 7.0079879061957735, "supply": [{"l": "Sugar", "v": 0.35375138821250007}, {"l": "Maize Germ Oil", "v": 0.19587719724452146}, {"l": "Beer", "v": 0.049570732205061495}, {"l": "Groundnut Oil", "v": 0.33442448310040246}, {"l": "Beverages, Alcoholic", "v": 0.051917469924712245}, {"l": "Fats, Animals, Raw", "v": 1.3776046322183497}, {"l": "Soyabean Oil", "v": 0.32215146183462451}, {"l": "Butter, Ghee", "v": 1.1691193420268855}, {"l": "Palm Oil", "v": 0.90918584636286104}, {"l": "Sunflowerseed Oil", "v": 0.34896042452962206}, {"l": "Olive Oil", "v": 0.0097961922889615409}, {"l": "Coconut Oil", "v": 0.32952184107465754}, {"l": "Rape and Mustard Oil", "v": 0.26337167183684684}, {"l": "Oilcrops Oil, Other", "v": 0.67420852812264709}, {"l": "Wine", "v": 0.19971872362010004}, {"l": "Sweeteners, Other", "v": 0.12460756591559077}, {"l": "Beverages, Fermented", "v": 0.00096477651330681825}, {"l": "Fish, Body Oil", "v": 0.22409975669342583}, {"l": "Honey", "v": 0.02122508329275}, {"l": "Palmkernel Oil", "v": 0.036385857073285718}, {"l": "Cream", "v": 0.011524932104660634}]}, {"source": 24, "prod": 28.0, "target": 13, "value": 0.092177504585657141, "supply": [{"l": "Treenuts", "v": 0.092177504585657141}]}, {"source": 24, "prod": 421.0, "target": 3, "value": 0.13137794241101328, "supply": [{"l": "Tomatoes", "v": 0.019519203337227592}, {"l": "Vegetables, Other", "v": 0.086815204815889405}, {"l": "Onions", "v": 0.025043534257896273}]}, {"source": 24, "prod": 178.0, "target": 18, "value": 0.14395200110062417, "supply": [{"l": "Cocoa Beans", "v": 0.076826988605659535}, {"l": "Coffee", "v": 0.065265039297023653}, {"l": "Tea", "v": 0.0018599731979409763}]}, {"source": 24, "prod": 994.0, "target": 8, "value": 0.48168426473670423, "supply": [{"l": "Apples", "v": 0.11108543313952372}, {"l": "Grapes", "v": 0.047166851761666663}, {"l": "Dates", "v": 0.0035375138821250002}, {"l": "Grapefruit", "v": 0.010708150129675676}, {"l": "Lemons, Limes", "v": 0.0052097931718568177}, {"l": "Pineapples", "v": 0.0048238825665340912}, {"l": "Bananas", "v": 0.059347805711766996}, {"l": "Fruits, Other", "v": 0.11117900772392859}, {"l": "Oranges, Mandarines", "v": 0.1286258266496266}]}, {"source": 24, "prod": 95.0, "target": 21, "value": 0.11041111090000001, "supply": [{"l": "Sugar beet", "v": 0.11041111090000001}]}, {"source": 24, "prod": 1443.0, "target": 2, "value": 2.7379302642935719, "supply": [{"l": "Olives", "v": 0.003859106053227273}, {"l": "Sunflower seed", "v": 0.1890961966081364}, {"l": "Coconuts - Incl Copra", "v": 0.018866740704666665}, {"l": "Groundnuts", "v": 0.0169800666342}, {"l": "Oilcrops, Other", "v": 0.067534355931477275}, {"l": "Soyabeans", "v": 2.3579137985218641}, {"l": "Rape and Mustardseed", "v": 0.083679999840000005}]}, {"source": 24, "prod": 5.0, "target": 17, "value": 0.015583437776841558, "supply": [{"l": "Pimento", "v": 0.003859106053227273}, {"l": "Pepper", "v": 0.0056600222113999997}, {"l": "Spices, Other", "v": 0.0060643095122142861}]}, {"source": 24, "prod": 3757.0, "target": 5, "value": 2.898394773501801, "supply": [{"l": "Potatoes", "v": 0.28158479966147393}, {"l": "Sweet potatoes", "v": 0.025458351750215449}, {"l": "Cassava", "v": 2.5913516220901118}]}, {"source": 0, "prod": 2227.0, "target": 25, "value": 1.4189525160572547, "supply": [{"l": "Milk - Excluding Butter", "v": 1.4189525160572547}]}, {"source": 17, "prod": 1.0, "target": 25, "value": 0.0030321547561071431, "supply": [{"l": "Spices, Other", "v": 0.0030321547561071431}]}, {"source": 12, "prod": 449.0, "target": 25, "value": 0.67864188927935387, "supply": [{"l": "Meat, Other", "v": 0.027902637587098319}, {"l": "Mutton & Goat Meat", "v": 0.0027794751930982149}, {"l": "Pigmeat", "v": 0.48667148135785043}, {"l": "Poultry Meat", "v": 0.031883172328165246}, {"l": "Offals, Edible", "v": 0.028625399689839081}, {"l": "Bovine Meat", "v": 0.10077972312330256}]}, {"source": 13, "prod": 2.0, "target": 25, "value": 0.0065841074704040825, "supply": [{"l": "Treenuts", "v": 0.0065841074704040825}]}, {"source": 3, "prod": 505.0, "target": 25, "value": 0.15190551778914133, "supply": [{"l": "Tomatoes", "v": 0.010104058198094283}, {"l": "Vegetables, Other", "v": 0.13939342745086469}, {"l": "Onions", "v": 0.0024080321401823337}]}, {"source": 15, "prod": 277.0, "target": 25, "value": 0.1700862745439374, "supply": [{"l": "Beer", "v": 0.14130507571097989}, {"l": "Beverages, Alcoholic", "v": 0.003461164661647483}, {"l": "Wine", "v": 0.023390481144696405}, {"l": "Beverages, Fermented", "v": 0.0019295530266136365}]}, {"source": 21, "prod": 8.0, "target": 25, "value": 0.0092977777600000006, "supply": [{"l": "Sugar beet", "v": 0.0092977777600000006}]}, {"source": 14, "prod": 16.0, "target": 25, "value": 0.022775572089068549, "supply": [{"l": "Nuts", "v": 0.0065044610090685484}, {"l": "Infant food", "v": 0.016271111080000001}]}, {"source": 5, "prod": 992.0, "target": 25, "value": 0.76529348291556742, "supply": [{"l": "Sweet potatoes", "v": 0.0038573260227599167}, {"l": "Potatoes", "v": 0.20058095318351565}, {"l": "Cassava", "v": 0.56085520370929187}]}, {"source": 6, "prod": 40.0, "target": 25, "value": 0.14616192752200055, "supply": [{"l": "Peas", "v": 0.077825305406750006}, {"l": "Beans", "v": 0.038015074554179108}, {"l": "Pulses, Other", "v": 0.030321547561071433}]}, {"source": 7, "prod": 324.0, "target": 25, "value": 0.25112278129820159, "supply": [{"l": "Freshwater Fish", "v": 0.002122508329275}, {"l": "Crustaceans", "v": 0.0022511451977159092}, {"l": "Marine Fish, Other", "v": 0.0042717148765283024}, {"l": "Demersal Fish", "v": 0.0076665852696220739}, {"l": "Pelagic Fish", "v": 0.14272038765814654}, {"l": "Fish, Seafood", "v": 0.091828401901571211}, {"l": "Molluscs, Other", "v": 0.00026203806534259264}]}, {"source": 16, "prod": 884.0, "target": 25, "value": 2.9551302505462367, "supply": [{"l": "Sugar", "v": 2.6071477311261253}, {"l": "Sweeteners, Other", "v": 0.34090749165586159}, {"l": "Honey", "v": 0.0070750277642500003}]}, {"source": 9, "prod": 4191.0, "target": 25, "value": 14.145122944263509, "supply": [{"l": "Maize", "v": 4.1069915555000707}, {"l": "Rye", "v": 0.022857782007576922}, {"l": "Barley", "v": 6.0873538883606999}, {"l": "Rice", "v": 0.47894635125458479}, {"l": "Cereals, Other", "v": 0.028147019266119785}, {"l": "Wheat", "v": 3.2825260268774978}, {"l": "Oats", "v": 0.010290949475272728}, {"l": "Sorghum", "v": 0.12191368716350967}, {"l": "Millet", "v": 0.0060956843581754828}]}, {"source": 10, "prod": 375.0, "target": 25, "value": 3.6504187412155402, "supply": [{"l": "Maize Germ Oil", "v": 0.26804248043987144}, {"l": "Soyabean Oil", "v": 1.6208245423554546}, {"l": "Palm Oil", "v": 0.2901656956477216}, {"l": "Sunflowerseed Oil", "v": 0.39742715015873631}, {"l": "Coconut Oil", "v": 0.11630182626164384}, {"l": "Rape and Mustard Oil", "v": 0.30238969729415749}, {"l": "Oilcrops Oil, Other", "v": 0.39953097962823536}, {"l": "Groundnut Oil", "v": 0.2557363694297195}]}, {"source": 4, "prod": 240.0, "target": 25, "value": 1.9902685478251669, "supply": [{"l": "Fats, Animals, Raw", "v": 1.1301307461911014}, {"l": "Butter, Ghee", "v": 0.86013780163406561}]}, {"source": 18, "prod": 83.0, "target": 25, "value": 0.078677550715662445, "supply": [{"l": "Cocoa Beans", "v": 0.055992551017684064}, {"l": "Coffee", "v": 0.021755013099007889}, {"l": "Tea", "v": 0.00092998659897048817}]}, {"source": 19, "prod": 63.0, "target": 25, "value": 0.10256230552024928, "supply": [{"l": "Eggs", "v": 0.10256230552024928}]}, {"source": 8, "prod": 420.0, "target": 25, "value": 0.19262176486938992, "supply": [{"l": "Grapefruit", "v": 0.0061189429312432427}, {"l": "Grapes", "v": 0.0016549772547953215}, {"l": "Apples", "v": 0.070789736804598449}, {"l": "Lemons, Limes", "v": 0.00057886590798409093}, {"l": "Pineapples", "v": 0.0006431843422045455}, {"l": "Bananas", "v": 0.0042391289794119283}, {"l": "Fruits, Other", "v": 0.051389408014615882}, {"l": "Oranges, Mandarines", "v": 0.057207520634536477}]}, {"source": 2, "prod": 38.0, "target": 25, "value": 0.067289731633404029, "supply": [{"l": "Coconuts - Incl Copra", "v": 0.006288913568222222}, {"l": "Oilcrops, Other", "v": 0.048238825665340906}, {"l": "Soyabeans", "v": 0.0057886590798409097}, {"l": "Rape and Mustardseed", "v": 0.0069733333200000004}]}, {"source": 26, "prod": 4.0, "target": 2, "value": 0.0046488888800000003, "supply": [{"l": "Rape and Mustardseed", "v": 0.0046488888800000003}]}, {"source": 9, "prod": 181.0, "target": 27, "value": 0.67748976390928695, "supply": [{"l": "Maize", "v": 0.16384274822473685}, {"l": "Barley", "v": 0.51364701568455007}]}, {"source": 26, "prod": 23.0, "target": 1, "value": 0.01465465104145346, "supply": [{"l": "Milk - Excluding Butter", "v": 0.01465465104145346}]}, {"source": 4, "prod": 4.0, "target": 27, "value": 0.033403409772196725, "supply": [{"l": "Butter, Ghee", "v": 0.033403409772196725}]}, {"source": 10, "prod": 8.0, "target": 27, "value": 0.077546761006582685, "supply": [{"l": "Sunflowerseed Oil", "v": 0.077546761006582685}]}, {"source": 2, "prod": 23.0, "target": 27, "value": 0.044379719612113643, "supply": [{"l": "Soyabeans", "v": 0.044379719612113643}]}, {"source": 16, "prod": 132.0, "target": 27, "value": 0.46695183244049998, "supply": [{"l": "Sugar", "v": 0.46695183244049998}]}, {"source": 26, "prod": 8.0, "target": 20, "value": 0.027689317293179864, "supply": [{"l": "Beverages, Alcoholic", "v": 0.027689317293179864}]}, {"source": 5, "prod": 107.0, "target": 27, "value": 0.082546776887062218, "supply": [{"l": "Potatoes", "v": 0.082546776887062218}]}, {"source": 26, "prod": 59.0, "target": 9, "value": 0.19341266535499821, "supply": [{"l": "Wheat", "v": 0.13105721370077292}, {"l": "Rye", "v": 0.019592384577923075}, {"l": "Rice", "v": 0.042763067076302209}]}, {"source": 1, "prod": 5145.0, "target": 0, "value": 3.2781817220990455, "supply": [{"l": "Milk - Excluding Butter", "v": 3.2781817220990455}]}, {"source": 1, "prod": 208.0, "target": 19, "value": 0.33861840552717226, "supply": [{"l": "Eggs", "v": 0.35327016345863638}]}, {"source": 1, "prod": 1419.0, "target": 12, "value": 2.1090967664024256, "supply": [{"l": "Pigmeat", "v": 1.1788630139647931}, {"l": "Bovine Meat", "v": 0.43347423078336167}, {"l": "Poultry Meat", "v": 0.24747414711861593}, {"l": "Offals, Edible", "v": 0.13271776219834486}, {"l": "Meat, Other", "v": 0.066537058861542139}, {"l": "Mutton & Goat Meat", "v": 0.050030553475767861}]}, {"source": 1, "prod": 844.0, "target": 7, "value": 0.57712536062247732, "supply": [{"l": "Pelagic Fish", "v": 0.23823326247552154}, {"l": "Crustaceans", "v": 0.010934133817477274}, {"l": "Freshwater Fish", "v": 0.019102574963474998}, {"l": "Molluscs, Other", "v": 0.013363941332472224}, {"l": "Demersal Fish", "v": 0.034925555117167231}, {"l": "Fish, Seafood", "v": 0.23920731853372254}, {"l": "Marine Fish, Other", "v": 0.021358574382641514}]}, {"source": 20, "prod": 1477.0, "target": 16, "value": 4.9283010707050678, "supply": [{"l": "Honey", "v": 0.024762597174875004}, {"l": "Sweeteners, Other", "v": 0.58777153733769238}, {"l": "Sugar", "v": 4.3157669361925004}]}, {"source": 20, "prod": 696.0, "target": 10, "value": 6.7475218425206824, "supply": [{"l": "Olive Oil", "v": 0.0097961922889615409}, {"l": "Soyabean Oil", "v": 2.4966738292183401}, {"l": "Coconut Oil", "v": 0.3295218410746576}, {"l": "Rape and Mustard Oil", "v": 0.54625235640234893}, {"l": "Maize Germ Oil", "v": 0.48453833002592145}, {"l": "Groundnut Oil", "v": 0.3344244831004024}, {"l": "Palm Oil", "v": 0.96721898549240515}, {"l": "Palmkernel Oil", "v": 0.036385857073285718}, {"l": "Oilcrops Oil, Other", "v": 0.81570908340764725}, {"l": "Sunflowerseed Oil", "v": 0.72700088443671262}]}, {"source": 20, "prod": 1830.0, "target": 15, "value": 1.2520333743353185, "supply": [{"l": "Beer", "v": 0.88087760906925383}, {"l": "Beverages, Alcoholic", "v": 0.15575240977413674}, {"l": "Beverages, Fermented", "v": 0.0057886590798409097}, {"l": "Wine", "v": 0.20961469641208702}]}, {"source": 20, "prod": 677.0, "target": 4, "value": 5.4796763035714831, "supply": [{"l": "Fats, Animals, Raw", "v": 3.200662259285747}, {"l": "Fish, Body Oil", "v": 0.22409975669342583}, {"l": "Butter, Ghee", "v": 2.0042045863318037}, {"l": "Cream", "v": 0.050709701260506793}]}, {"source": 2, "prod": 729.5, "target": 28, "value": 2.4901144842493581, "supply": [{"l": "Olives", "v": 0.0034866666600000002}, {"l": "Sunflower seed", "v": 0.16910333301000002}, {"l": "Coconuts - Incl Copra", "v": 0.020919999959999998}, {"l": "Groundnuts", "v": 0.0017433333299999999}, {"l": "Rape and Mustardseed", "v": 0.084004562924024639}, {"l": "Oilcrops, Other", "v": 0.078449999849999993}, {"l": "Soyabeans", "v": 2.1303533292600001}]}, {"source": 3, "prod": 1369.0, "target": 28, "value": 4.743836388266808, "supply": [{"l": "Vegetables, Other", "v": 4.1351866587600004}, {"l": "Tomatoes", "v": 0.48115999908000007}, {"l": "Onions", "v": 0.15689999970000001}]}, {"source": 21, "prod": 3066.6000000000004, "target": 28, "value": 3.5640706598519998, "supply": [{"l": "Sugar beet", "v": 3.5640706598519998}]}, {"source": 5, "prod": 1686.5, "target": 28, "value": 5.880263322090002, "supply": [{"l": "Potatoes", "v": 2.9226983277450005}, {"l": "Sweet potatoes", "v": 0.028764999945000001}, {"l": "Cassava", "v": 2.9287999944000007}]}, {"source": 6, "prod": 54.5, "target": 28, "value": 0.18348444938461905, "supply": [{"l": "Pulses, Other", "v": 0.045326666580000001}, {"l": "Peas", "v": 0.11157333312000001}, {"l": "Beans", "v": 0.033123333269999992}]}, {"source": 9, "prod": 10465.0, "target": 28, "value": 40.043253725130128, "supply": [{"l": "Maize", "v": 9.3686733154200006}, {"l": "Rye", "v": 0.29985333276000004}, {"l": "Barley", "v": 11.593166644499998}, {"l": "Rice", "v": 0.61365333215999995}, {"l": "Wheat", "v": 12.063866643600003}, {"l": "Oats", "v": 1.3946666640000001}, {"l": "Cereals, Other", "v": 0.46721333243999996}, {"l": "Sorghum", "v": 0.6624666654000001}, {"l": "Millet", "v": 0.024406666620000003}]}, {"source": 29, "prod": 0, "target": 2, "value": 0.00033313765819986051, "supply": "[{\"l\":'Energy for power irrigation',\"v\":0.00033313765819986051}]"}, {"source": 29, "prod": 0, "target": 3, "value": 0.0006025902254032518, "supply": "[{\"l\":'Energy for power irrigation',\"v\":0.0006025902254032518}]"}, {"source": 29, "prod": 0, "target": 21, "value": 0.0033745492790752587, "supply": "[{\"l\":'Energy for power irrigation',\"v\":0.0033745492790752587}]"}, {"source": 29, "prod": 0, "target": 5, "value": 0.0014846872390687862, "supply": "[{\"l\":'Energy for power irrigation',\"v\":0.0014846872390687862}]"}, {"source": 29, "prod": 0, "target": 6, "value": 2.3989165291802205e-05, "supply": "[{\"l\":'Energy for power irrigation',\"v\":2.3989165291802205e-05}]"}, {"source": 29, "prod": 0, "target": 9, "value": 0.0023031799520982577, "supply": "[{\"l\":'Energy for power irrigation',\"v\":0.0023031799520982577}]"}, {"source": 29, "prod": 0, "target": 8, "value": 0.00032660478250490346, "supply": "[{\"l\":'Energy for power irrigation',\"v\":0.00032660478250490346}]"}, {"source": 29, "prod": 0, "target": 20, "value": 0.96834000000000009, "supply": "[{\"l\":'Electricity',\"v\":0.96834000000000009}]"}, {"source": 30, "prod": 0, "target": 29, "value": 1.8135086355427474, "supply": [{"l": "Coal", "v": 0.87350961816638639}, {"l": "Natural gas", "v": 0.21273499781296526}, {"l": "Oil", "v": 0.72726401956339581}]}, {"source": 31, "prod": 0, "target": 29, "value": 0.26408415187222345, "supply": [{"l": "Nuclear", "v": 0.25096874650246997}, {"l": "Hydroelectric", "v": 0.0074359664373155766}, {"l": "Renewable", "v": 0.0056794389324378736}]}, {"source": 30, "prod": 0, "target": 2, "value": 0.39665199589136918, "supply": [{"l": "Coal", "v": 0.0093583111234025063}, {"l": "Other fossil fuels", "v": 0.38729368476796666}]}, {"source": 30, "prod": 0, "target": 3, "value": 0.71747702406983516, "supply": [{"l": "Coal", "v": 0.016927617369098848}, {"l": "Other fossil fuels", "v": 0.70054940670073629}]}, {"source": 30, "prod": 0, "target": 21, "value": 4.0179237436314033, "supply": [{"l": "Coal", "v": 0.094795893762013375}, {"l": "Other fossil fuels", "v": 3.9231278498693896}]}, {"source": 30, "prod": 0, "target": 5, "value": 1.7677501842129686, "supply": [{"l": "Coal", "v": 0.041706978368130324}, {"l": "Other fossil fuels", "v": 1.7260432058448381}]}, {"source": 30, "prod": 0, "target": 6, "value": 0.028562817977944494, "supply": [{"l": "Coal", "v": 0.00067388980760839097}, {"l": "Other fossil fuels", "v": 0.027888928170336103}]}, {"source": 30, "prod": 0, "target": 9, "value": 2.7422925700843042, "supply": [{"l": "Coal", "v": 0.064699604005704694}, {"l": "Other fossil fuels", "v": 2.6775929660785995}]}, {"source": 30, "prod": 0, "target": 8, "value": 0.38887359522265719, "supply": [{"l": "Coal", "v": 0.009174793343952773}, {"l": "Other fossil fuels", "v": 0.37969880187870442}]}, {"source": 32, "prod": 16.29730293673946, "target": 2, "value": 0.16858467547237857, "supply": [{"l": "Potash", "v": 0.32792138915122598}, {"l": "Phosphate", "v": 0.39011250031208994}, {"l": "Nitrogen", "v": 3.5854141695349973}]}, {"source": 32, "prod": 29.479091325734185, "target": 3, "value": 0.3049414411488986, "supply": [{"l": "Potash", "v": 0.32792138915122598}, {"l": "Phosphate", "v": 0.39011250031208994}, {"l": "Nitrogen", "v": 3.5854141695349973}]}, {"source": 32, "prod": 165.08506475437625, "target": 21, "value": 1.7076943451921336, "supply": [{"l": "Potash", "v": 0.32792138915122598}, {"l": "Phosphate", "v": 0.39011250031208994}, {"l": "Nitrogen", "v": 3.5854141695349973}]}, {"source": 32, "prod": 72.631829833236964, "target": 5, "value": 0.75132759751295464, "supply": [{"l": "Potash", "v": 0.32792138915122598}, {"l": "Phosphate", "v": 0.39011250031208994}, {"l": "Nitrogen", "v": 3.5854141695349973}]}, {"source": 32, "prod": 1.1735649943407691, "target": 6, "value": 0.012139743274371784, "supply": [{"l": "Potash", "v": 0.32792138915122598}, {"l": "Phosphate", "v": 0.39011250031208994}, {"l": "Nitrogen", "v": 3.5854141695349973}]}, {"source": 32, "prod": 112.67300610803807, "target": 9, "value": 1.1655267281311994, "supply": [{"l": "Potash", "v": 0.32792138915122598}, {"l": "Phosphate", "v": 0.39011250031208994}, {"l": "Nitrogen", "v": 3.5854141695349973}]}, {"source": 32, "prod": 15.977710565153224, "target": 8, "value": 0.16527870659786906, "supply": [{"l": "Potash", "v": 0.32792138915122598}, {"l": "Phosphate", "v": 0.39011250031208994}, {"l": "Nitrogen", "v": 3.5854141695349973}]}, {"source": 30, "prod": 0, "target": 32, "value": 5.3944832394398539, "supply": [{"l": "Natural gas (including LNG)", "v": 3.5679115189574686}, {"l": "Fuel oil", "v": 1.1927738038524651}, {"l": "Liquefied petroleum gas (LPG)", "v": 0.31689895831495984}, {"l": "Coal", "v": 0.31689895831495984}]}, {"source": 33, "prod": 0, "target": 5, "value": 0.019007028761561479, "supply": "[{\"l\":'Labor',\"v\":0.019007028761561479}]"}, {"source": 33, "prod": 0, "target": 2, "value": 0.0042648423751088923, "supply": "[{\"l\":'Labor',\"v\":0.0042648423751088923}]"}, {"source": 33, "prod": 0, "target": 13, "value": 7.6073195458369381e-05, "supply": "[{\"l\":'Labor',\"v\":7.6073195458369381e-05}]"}, {"source": 33, "prod": 0, "target": 3, "value": 0.0077143855246302002, "supply": "[{\"l\":'Labor',\"v\":0.0077143855246302002}]"}, {"source": 33, "prod": 0, "target": 14, "value": 0.00011551855606641278, "supply": "[{\"l\":'Labor',\"v\":0.00011551855606641278}]"}, {"source": 33, "prod": 0, "target": 21, "value": 0.043201122443080657, "supply": "[{\"l\":'Labor',\"v\":0.043201122443080657}]"}, {"source": 33, "prod": 0, "target": 6, "value": 0.00030711030759119495, "supply": "[{\"l\":'Labor',\"v\":0.00030711030759119495}]"}, {"source": 33, "prod": 0, "target": 9, "value": 0.029485407054512434, "supply": "[{\"l\":'Labor',\"v\":0.029485407054512434}]"}, {"source": 33, "prod": 0, "target": 8, "value": 0.0041812082244525994, "supply": "[{\"l\":'Labor',\"v\":0.0041812082244525994}]"}, {"source": 33, "prod": 0, "target": 17, "value": 1.1270103030869539e-05, "supply": "[{\"l\":'Labor',\"v\":1.1270103030869539e-05}]"}, {"source": 33, "prod": 0, "target": 18, "value": 0.0005043371106314119, "supply": "[{\"l\":'Labor',\"v\":0.0005043371106314119}]"}, {"source": 30, "prod": 0, "target": 24, "value": 33.25364097506943, "supply": "[{\"l\":'Fossil Fuels',\"v\":33.25364097506943}]"}, {"source": 31, "prod": 0, "target": 24, "value": 2.8550567404798755, "supply": "[{\"l\":'Renewables & Nuclear',\"v\":2.8085785244368031},{\"l\":'Biomass & Waste',\"v\":0.046478216043072243}]"}]}