{"nodes": [{"layer": 3, "name": "Pulses"}, {"layer": 5, "name": "Production", "fill": "#b5cf6b"}, {"layer": 3, "name": "Vegetables"}, {"layer": 3, "name": "Sugar Crops", "fill": "#ffbb78"}, {"layer": 3, "name": "Starchy Roots"}, {"layer": 3, "name": "Cereals - Excluding Beer"}, {"layer": 3, "name": "Fruits - Excluding Wine"}, {"layer": 3, "name": "Oilcrops", "fill": "#ff9896"}, {"layer": 1, "name": "Electricity", "fill": "#bcbd22"}, {"layer": 0, "name": "Fossil Fuels", "fill": "#c49c94"}, {"layer": 0, "name": "Renewables & Nuclear", "fill": "#2ca02c"}, {"layer": 1, "name": "Fertilizers", "fill": "#c5b0d5"}, {"layer": 0, "name": "Labor", "fill": "#7f7f7f"}], "links": [{"source": 0, "prod": 8.0, "target": 1, "value": 0.032585770354256201, "supply": [{"l": "Peas", "v": 0.012053751005759259}, {"l": "Beans", "v": 0.007796969372846939}, {"l": "Pulses, Other", "v": 0.012735049975650002}]}, {"source": 2, "prod": 933.0, "target": 1, "value": 0.28410897371045052, "supply": [{"l": "Tomatoes", "v": 0.019038485013923179}, {"l": "Vegetables, Other", "v": 0.25292279951639995}, {"l": "Onions", "v": 0.012147689180127359}]}, {"source": 3, "prod": 6462.0, "target": 1, "value": 7.5102799856400004, "supply": [{"l": "Sugar beet", "v": 7.5102799856400004}]}, {"source": 4, "prod": 1460.0, "target": 1, "value": 1.1309039294360246, "supply": [{"l": "Potatoes", "v": 1.1309039294360246}]}, {"source": 5, "prod": 2145.0, "target": 1, "value": 9.7789200062966533, "supply": [{"l": "Maize", "v": 0.099950846778586372}, {"l": "Rye", "v": 0.17794179418031508}, {"l": "Barley", "v": 5.9571733774985001}, {"l": "Wheat", "v": 3.1280901442921727}, {"l": "Oats", "v": 0.35981569772471433}, {"l": "Cereals, Other", "v": 0.05594814582236405}]}, {"source": 6, "prod": 451.0, "target": 1, "value": 0.25075042904677275, "supply": [{"l": "Fruits, Other", "v": 0.062343526162491676}, {"l": "Grapes", "v": 0.011385102149367816}, {"l": "Apples", "v": 0.17702180073491325}]}, {"source": 7, "prod": 30.888888888889042, "target": 1, "value": 0.11469957253201256, "supply": [{"l": "Oilcrops, Other", "v": 0.012128619024428572}, {"l": "Rape and Mustardseed", "v": 0.0011622222200000001}, {"l": "Oil Palm", "v": 0.10140873128758399}]}, {"source": 8, "prod": 0, "target": 7, "value": 0.00024618168234080039, "supply": "[{\"l\":'Energy for power irrigation',\"v\":0.00024618168234080039}]"}, {"source": 8, "prod": 0, "target": 2, "value": 0.00046498114188188932, "supply": "[{\"l\":'Energy for power irrigation',\"v\":0.00046498114188188932}]"}, {"source": 8, "prod": 0, "target": 3, "value": 0.0027433887371031466, "supply": "[{\"l\":'Energy for power irrigation',\"v\":0.0027433887371031466}]"}, {"source": 8, "prod": 0, "target": 4, "value": 0.0013205464429445655, "supply": "[{\"l\":'Energy for power irrigation',\"v\":0.0013205464429445655}]"}, {"source": 8, "prod": 0, "target": 0, "value": 3.1280549544781641e-05, "supply": "[{\"l\":'Energy for power irrigation',\"v\":3.1280549544781641e-05}]"}, {"source": 8, "prod": 0, "target": 5, "value": 0.0021382791874632154, "supply": "[{\"l\":'Energy for power irrigation',\"v\":0.0021382791874632154}]"}, {"source": 8, "prod": 0, "target": 6, "value": 0.00037790285531128095, "supply": "[{\"l\":'Energy for power irrigation',\"v\":0.00037790285531128095}]"}, {"source": 9, "prod": 0, "target": 8, "value": 0.014398905279221259, "supply": [{"l": "Coal", "v": 0.005331996635566421}, {"l": "Natural gas", "v": 0.0023297429606819486}, {"l": "Oil", "v": 0.006737165682972889}]}, {"source": 10, "prod": 0, "target": 8, "value": 0.0016976611261307277, "supply": [{"l": "Nuclear", "v": 0.0016197072989104391}, {"l": "Hydroelectric", "v": 3.322622143815582e-05}, {"l": "Renewable", "v": 4.4727605782132817e-05}]}, {"source": 9, "prod": 0, "target": 7, "value": 0.38079938295658955, "supply": [{"l": "Coal", "v": 0.0079795314899952542}, {"l": "Other fossil fuels", "v": 0.3728198514665943}]}, {"source": 9, "prod": 0, "target": 2, "value": 0.71924332562629689, "supply": [{"l": "Coal", "v": 0.015071518029371933}, {"l": "Other fossil fuels", "v": 0.70417180759692499}]}, {"source": 9, "prod": 0, "target": 3, "value": 4.2435356211951509, "supply": [{"l": "Coal", "v": 0.088921956373294392}, {"l": "Other fossil fuels", "v": 4.1546136648218566}]}, {"source": 9, "prod": 0, "target": 4, "value": 2.0426510447786828, "supply": [{"l": "Coal", "v": 0.042803111203416289}, {"l": "Other fossil fuels", "v": 1.9998479335752666}]}, {"source": 9, "prod": 0, "target": 0, "value": 0.048385460087587241, "supply": [{"l": "Coal", "v": 0.0010139021219759299}, {"l": "Other fossil fuels", "v": 0.047371557965611308}]}, {"source": 9, "prod": 0, "target": 5, "value": 3.3075385115278388, "supply": [{"l": "Coal", "v": 0.069308430865070839}, {"l": "Other fossil fuels", "v": 3.2382300806627682}]}, {"source": 9, "prod": 0, "target": 6, "value": 0.58454866646355397, "supply": [{"l": "Coal", "v": 0.01224903374387137}, {"l": "Other fossil fuels", "v": 0.57229963271968265}]}, {"source": 11, "prod": 14.855478917399804, "target": 7, "value": 0.14803209778376544, "supply": [{"l": "Potash", "v": 0.3678693419609621}, {"l": "Phosphate", "v": 0.43556250034845001}, {"l": "Nitrogen", "v": 3.62830997512487}]}, {"source": 11, "prod": 28.058617052801296, "target": 2, "value": 0.27959892550973525, "supply": [{"l": "Potash", "v": 0.3678693419609621}, {"l": "Phosphate", "v": 0.43556250034845001}, {"l": "Nitrogen", "v": 3.62830997512487}]}, {"source": 11, "prod": 165.54584061152764, "target": 3, "value": 1.6496336605074378, "supply": [{"l": "Potash", "v": 0.3678693419609621}, {"l": "Phosphate", "v": 0.43556250034845001}, {"l": "Nitrogen", "v": 3.62830997512487}]}, {"source": 11, "prod": 79.686472429955671, "target": 4, "value": 0.79406094844764796, "supply": [{"l": "Potash", "v": 0.3678693419609621}, {"l": "Phosphate", "v": 0.43556250034845001}, {"l": "Nitrogen", "v": 3.62830997512487}]}, {"source": 11, "prod": 1.887579692642996, "target": 0, "value": 0.018809382261564003, "supply": [{"l": "Potash", "v": 0.3678693419609621}, {"l": "Phosphate", "v": 0.43556250034845001}, {"l": "Nitrogen", "v": 3.62830997512487}]}, {"source": 11, "prod": 129.0313766923594, "target": 5, "value": 1.2857737860827234, "supply": [{"l": "Potash", "v": 0.3678693419609621}, {"l": "Phosphate", "v": 0.43556250034845001}, {"l": "Nitrogen", "v": 3.62830997512487}]}, {"source": 11, "prod": 22.804003313822143, "target": 6, "value": 0.227237672187003, "supply": [{"l": "Potash", "v": 0.3678693419609621}, {"l": "Phosphate", "v": 0.43556250034845001}, {"l": "Nitrogen", "v": 3.62830997512487}]}, {"source": 9, "prod": 0, "target": 11, "value": 5.5851226003923538, "supply": [{"l": "Natural gas (including LNG)", "v": 3.6851591194131803}, {"l": "Fuel oil", "v": 1.2585828219018034}, {"l": "Liquefied petroleum gas (LPG)", "v": 0.32069032953868504}, {"l": "Coal", "v": 0.32069032953868504}]}, {"source": 12, "prod": 0, "target": 7, "value": 0.0034730029433880515, "supply": "[{\"l\":'Labor',\"v\":0.0034730029433880515}]"}, {"source": 12, "prod": 0, "target": 2, "value": 0.0065597117503656778, "supply": "[{\"l\":'Labor',\"v\":0.0065597117503656778}]"}, {"source": 12, "prod": 0, "target": 3, "value": 0.038702299327157491, "supply": "[{\"l\":'Labor',\"v\":0.038702299327157491}]"}, {"source": 12, "prod": 0, "target": 4, "value": 0.018629581371038522, "supply": "[{\"l\":'Labor',\"v\":0.018629581371038522}]"}, {"source": 12, "prod": 0, "target": 0, "value": 0.00044128969957005459, "supply": "[{\"l\":'Labor',\"v\":0.00044128969957005459}]"}, {"source": 12, "prod": 0, "target": 5, "value": 0.030165728990204345, "supply": "[{\"l\":'Labor',\"v\":0.030165728990204345}]"}, {"source": 12, "prod": 0, "target": 6, "value": 0.0053312566407517411, "supply": "[{\"l\":'Labor',\"v\":0.0053312566407517411}]"}]}