{"nodes": [{"layer": 3, "name": "Cereals", "fill": "#e7ba52"}, {"layer": 5, "name": "Production", "fill": "#b5cf6b"}, {"layer": 3, "name": "Oilcrops", "fill": "#ff9896"}, {"layer": 3, "name": "Sugar Crops", "fill": "#ffbb78"}, {"layer": 3, "name": "Starchy Roots"}, {"layer": 3, "name": "Fruits & Vegetables"}, {"layer": 3, "name": "Others"}, {"layer": 1, "name": "Electricity", "fill": "#bcbd22"}, {"layer": 0, "name": "Fossil Fuels", "fill": "#c49c94"}, {"layer": 0, "name": "Renewables & Nuclear", "fill": "#2ca02c"}, {"layer": 1, "name": "Fertilizers", "fill": "#c5b0d5"}, {"layer": 0, "name": "Labor", "fill": "#7f7f7f"}], "links": [{"source": 0, "prod": 7307.0, "target": 1, "value": 22.153334663807346, "supply": [{"l": "Maize", "v": 8.4107161999934821}, {"l": "Rye", "v": 0.05148211692284043}, {"l": "Barley", "v": 3.5234592202292765}, {"l": "Rice", "v": 0.16615339665923629}, {"l": "Cereals, Other", "v": 0.0090690156736674722}, {"l": "Wheat", "v": 9.8489510216028755}, {"l": "Oats", "v": 0.13745768227685715}, {"l": "Sorghum", "v": 0.0030230052245558241}, {"l": "Millet", "v": 0.0030230052245558241}]}, {"source": 2, "prod": 525.0, "target": 1, "value": 2.2508928715508905, "supply": [{"l": "Sunflower seed", "v": 1.9017674630304}, {"l": "Cottonseed", "v": 0.12585385926790865}, {"l": "Oilcrops, Other", "v": 0.095512874817374999}, {"l": "Soyabeans", "v": 0.10966293034587501}, {"l": "Groundnuts", "v": 0.013061589718615384}, {"l": "Rape and Mustardseed", "v": 0.0050341543707163464}]}, {"source": 3, "prod": 1758.0, "target": 1, "value": 2.0431866627600002, "supply": [{"l": "Sugar beet", "v": 2.0431866627600002}]}, {"source": 4, "prod": 328.0, "target": 1, "value": 0.25533648104871104, "supply": [{"l": "Potatoes", "v": 0.25533648104871104}]}, {"source": 5, "prod": 4421.0, "target": 1, "value": 2.5059158835154234, "supply": [{"l": "Tomatoes", "v": 0.1704641457961526}, {"l": "Treenuts", "v": 0.07946103605976601}, {"l": "Vegetables, Other", "v": 0.27608424288989869}, {"l": "Peas", "v": 0.06038170247075432}, {"l": "Grapes", "v": 0.98918310041936919}, {"l": "Beans", "v": 0.26657360547094988}, {"l": "Apples", "v": 0.204464332798524}, {"l": "Fruits, Other", "v": 0.40110408762377114}, {"l": "Onions", "v": 0.034321411281893616}, {"l": "Pulses, Other", "v": 0.02387821870434375}]}, {"source": 6, "prod": 37.0, "target": 1, "value": 0.099728207047564757, "supply": [{"l": "Nuts", "v": 0.079020808713174517}, {"l": "Pimento", "v": 0.02070739833439024}]}, {"source": 7, "prod": 0, "target": 0, "value": 0.014493219745967668, "supply": "[{\"l\":'Energy for power irrigation',\"v\":0.014493219745967668}]"}, {"source": 7, "prod": 0, "target": 2, "value": 0.0010397842931117243, "supply": "[{\"l\":'Energy for power irrigation',\"v\":0.0010397842931117243}]"}, {"source": 7, "prod": 0, "target": 3, "value": 0.0034479639531016146, "supply": "[{\"l\":'Energy for power irrigation',\"v\":0.0034479639531016146}]"}, {"source": 7, "prod": 0, "target": 4, "value": 0.00066310771900332619, "supply": "[{\"l\":'Energy for power irrigation',\"v\":0.00066310771900332619}]"}, {"source": 7, "prod": 0, "target": 5, "value": 0.0087371308478737062, "supply": "[{\"l\":'Energy for power irrigation',\"v\":0.0087371308478737062}]"}, {"source": 7, "prod": 0, "target": 6, "value": 8.141707200780484e-05, "supply": "[{\"l\":'Energy for power irrigation',\"v\":8.141707200780484e-05}]"}, {"source": 8, "prod": 0, "target": 7, "value": 0.064650080161591614, "supply": [{"l": "Coal", "v": 0.056397799695929604}, {"l": "Natural gas", "v": 0.0}, {"l": "Oil", "v": 0.0082522804656620079}]}, {"source": 9, "prod": 0, "target": 7, "value": 0.0033316151727017362, "supply": [{"l": "Nuclear", "v": 0.0}, {"l": "Hydroelectric", "v": 0.0033316151727017362}, {"l": "Renewable", "v": 0.0}]}, {"source": 8, "prod": 0, "target": 0, "value": 3.0215753114421657, "supply": [{"l": "Motor Gasoline", "v": 0.62868979904322086}, {"l": "Gas-Diesel oil", "v": 2.1429381412082695}, {"l": "Natural gas (including LNG)", "v": 0.0031117889005686517}, {"l": "Fuel oil", "v": 0.2000031593365488}, {"l": "Liquefied petroleum gas (LPG)", "v": 0.0066903461362226007}, {"l": "Coal", "v": 0.040142076817335608}]}, {"source": 8, "prod": 0, "target": 2, "value": 0.21677629983950561, "supply": [{"l": "Motor Gasoline", "v": 0.045103972046417196}, {"l": "Gas-Diesel oil", "v": 0.15374040133203148}, {"l": "Natural gas (including LNG)", "v": 0.00022324847611524673}, {"l": "Fuel oil", "v": 0.014348788419407222}, {"l": "Liquefied petroleum gas (LPG)", "v": 0.00047998422364778045}, {"l": "Coal", "v": 0.0028799053418866829}]}, {"source": 8, "prod": 0, "target": 3, "value": 0.71883839050553044, "supply": [{"l": "Motor Gasoline", "v": 0.14956647334260043}, {"l": "Gas-Diesel oil", "v": 0.50980897234159506}, {"l": "Natural gas (including LNG)", "v": 0.00074030037126895498}, {"l": "Fuel oil", "v": 0.047581123862468294}, {"l": "Liquefied petroleum gas (LPG)", "v": 0.0015916457982282533}, {"l": "Coal", "v": 0.009549874789369521}]}, {"source": 8, "prod": 0, "target": 4, "value": 0.13824601763349603, "supply": [{"l": "Motor Gasoline", "v": 0.028764419908847195}, {"l": "Gas-Diesel oil", "v": 0.098045765377786129}, {"l": "Natural gas (including LNG)", "v": 0.00014237355646594982}, {"l": "Fuel oil", "v": 0.0091507367655842293}, {"l": "Liquefied petroleum gas (LPG)", "v": 0.00030610314640179212}, {"l": "Coal", "v": 0.0018366188784107529}]}, {"source": 8, "prod": 0, "target": 5, "value": 1.8215344364815815, "supply": [{"l": "Motor Gasoline", "v": 0.37900101794097923}, {"l": "Gas-Diesel oil", "v": 1.2918544855324572}, {"l": "Natural gas (including LNG)", "v": 0.0018759190346778326}, {"l": "Fuel oil", "v": 0.12057043250156617}, {"l": "Liquefied petroleum gas (LPG)", "v": 0.0040332259245573401}, {"l": "Coal", "v": 0.024199355547344044}]}, {"source": 8, "prod": 0, "target": 6, "value": 0.01697399328931978, "supply": [{"l": "Motor Gasoline", "v": 0.0035317261130685166}, {"l": "Gas-Diesel oil", "v": 0.012038163500526996}, {"l": "Natural gas (including LNG)", "v": 1.7480776903363659e-05}, {"l": "Fuel oil", "v": 0.0011235372064252827}, {"l": "Liquefied petroleum gas (LPG)", "v": 3.7583670342231867e-05}, {"l": "Coal", "v": 0.00022550202205339124}]}, {"source": 10, "prod": 322.27943289909018, "target": 0, "value": 3.679490053511957, "supply": [{"l": "Potash", "v": 0.11828501398351689}, {"l": "Phosphate", "v": 1.0887757925376873}, {"l": "Nitrogen", "v": 6.0189346853707031}]}, {"source": 10, "prod": 23.121231734215606, "target": 2, "value": 0.26397695138562938, "supply": [{"l": "Potash", "v": 0.11828501398351689}, {"l": "Phosphate", "v": 1.0887757925376873}, {"l": "Nitrogen", "v": 6.0189346853707031}]}, {"source": 10, "prod": 76.67087692996968, "target": 3, "value": 0.87535753218913903, "supply": [{"l": "Potash", "v": 0.11828501398351689}, {"l": "Phosphate", "v": 1.0887757925376873}, {"l": "Nitrogen", "v": 6.0189346853707031}]}, {"source": 10, "prod": 14.745238351254482, "target": 4, "value": 0.1683475652232882, "supply": [{"l": "Potash", "v": 0.11828501398351689}, {"l": "Phosphate", "v": 1.0887757925376873}, {"l": "Nitrogen", "v": 6.0189346853707031}]}, {"source": 10, "prod": 194.28378401571547, "target": 5, "value": 2.21815349621868, "supply": [{"l": "Potash", "v": 0.11828501398351689}, {"l": "Phosphate", "v": 1.0887757925376873}, {"l": "Nitrogen", "v": 6.0189346853707031}]}, {"source": 10, "prod": 1.8104360697546185, "target": 6, "value": 0.020669893363214377, "supply": [{"l": "Potash", "v": 0.11828501398351689}, {"l": "Phosphate", "v": 1.0887757925376873}, {"l": "Nitrogen", "v": 6.0189346853707031}]}, {"source": 8, "prod": 0, "target": 10, "value": 8.5852800811510335, "supply": [{"l": "Natural gas (including LNG)", "v": 5.8767248589995322}, {"l": "Fuel oil", "v": 1.6445809967095728}, {"l": "Liquefied petroleum gas (LPG)", "v": 0.53198711272096399}, {"l": "Coal", "v": 0.53198711272096399}]}, {"source": 11, "prod": 0, "target": 0, "value": 0.43300467886724731, "supply": "[{\"l\":'Labor',\"v\":0.43300467886724731}]"}, {"source": 11, "prod": 0, "target": 2, "value": 0.031064971884892188, "supply": "[{\"l\":'Labor',\"v\":0.031064971884892188}]"}, {"source": 11, "prod": 0, "target": 3, "value": 0.10301261903339251, "supply": "[{\"l\":'Labor',\"v\":0.10301261903339251}]"}, {"source": 11, "prod": 0, "target": 4, "value": 0.019811246220931247, "supply": "[{\"l\":'Labor',\"v\":0.019811246220931247}]"}, {"source": 11, "prod": 0, "target": 5, "value": 0.26103368356484408, "supply": "[{\"l\":'Labor',\"v\":0.26103368356484408}]"}, {"source": 11, "prod": 0, "target": 6, "value": 0.0024324459117415582, "supply": "[{\"l\":'Labor',\"v\":0.0024324459117415582}]"}]}