{"nodes": [{"layer": 3, "name": "Cereals", "fill": "#e7ba52"}, {"layer": 5, "name": "Production", "fill": "#b5cf6b"}, {"layer": 3, "name": "Oilcrops", "fill": "#ff9896"}, {"layer": 3, "name": "Fruits, Roots & Vegetables", "fill": "#98df8a"}, {"layer": 3, "name": "Sugar Crops", "fill": "#ffbb78"}, {"layer": 1, "name": "Electricity", "fill": "#bcbd22"}, {"layer": 0, "name": "Fossil Fuels", "fill": "#c49c94"}, {"layer": 0, "name": "Renewables & Nuclear", "fill": "#2ca02c"}, {"layer": 1, "name": "Fertilizers", "fill": "#c5b0d5"}, {"layer": 0, "name": "Labor", "fill": "#7f7f7f"}], "links": [{"source": 0, "prod": 5365.0, "target": 1, "value": 16.307772150035763, "supply": [{"l": "Maize", "v": 4.5313084797080236}, {"l": "Rye", "v": 0.14102089238572885}, {"l": "Barley", "v": 2.0692554321247316}, {"l": "Rice", "v": 0.14538242892556197}, {"l": "Cereals, Other", "v": 0.06346370419759137}, {"l": "Wheat", "v": 9.2717449751528722}, {"l": "Oats", "v": 0.085596237541254089}]}, {"source": 2, "prod": 416.0, "target": 1, "value": 1.5280143091336489, "supply": [{"l": "Sunflower seed", "v": 1.2911925669756252}, {"l": "Cottonseed", "v": 0.040986367737724141}, {"l": "Oilcrops, Other", "v": 0.012128619024428572}, {"l": "Soyabeans", "v": 0.16248167210312073}, {"l": "Groundnuts", "v": 0.02122508329275}]}, {"source": 3, "prod": 4185.0, "target": 1, "value": 2.4370725800215167, "supply": [{"l": "Nuts", "v": 0.073826376670434776}, {"l": "Tomatoes", "v": 0.16318950631657561}, {"l": "Treenuts", "v": 0.073613005639595372}, {"l": "Vegetables, Other", "v": 0.21755859469500421}, {"l": "Peas", "v": 0.070011095637279863}, {"l": "Grapes", "v": 0.70347224178819434}, {"l": "Pimento", "v": 0.0090964642683214296}, {"l": "Potatoes", "v": 0.34277663637709077}, {"l": "Beans", "v": 0.17036666856314003}, {"l": "Apples", "v": 0.19282334118200875}, {"l": "Fruits, Other", "v": 0.33003978484059765}, {"l": "Onions", "v": 0.036018323163454553}, {"l": "Pulses, Other", "v": 0.054280540879819671}]}, {"source": 4, "prod": 824.0, "target": 1, "value": 0.9576711092800001, "supply": [{"l": "Sugar beet", "v": 0.9576711092800001}]}, {"source": 5, "prod": 0, "target": 3, "value": 0.0057193929899861393, "supply": "[{\"l\":'Energy for power irrigation',\"v\":0.0057193929899861393}]"}, {"source": 5, "prod": 0, "target": 4, "value": 0.0010937061554301645, "supply": "[{\"l\":'Energy for power irrigation',\"v\":0.0010937061554301645}]"}, {"source": 5, "prod": 0, "target": 0, "value": 0.0092361095662145606, "supply": "[{\"l\":'Energy for power irrigation',\"v\":0.0092361095662145606}]"}, {"source": 5, "prod": 0, "target": 2, "value": 0.00064706523151966645, "supply": "[{\"l\":'Energy for power irrigation',\"v\":0.00064706523151966645}]"}, {"source": 6, "prod": 0, "target": 5, "value": 0.026690688784993033, "supply": [{"l": "Coal", "v": 0.01560370602577444}, {"l": "Natural gas", "v": 0.002819139066699589}, {"l": "Oil", "v": 0.0082678436925190026}]}, {"source": 7, "prod": 0, "target": 5, "value": 0.0061628468890371352, "supply": [{"l": "Nuclear", "v": 0.0052661119606915215}, {"l": "Hydroelectric", "v": 0.00089673492834561397}, {"l": "Renewable", "v": 0.0}]}, {"source": 6, "prod": 0, "target": 3, "value": 2.027082209475437, "supply": [{"l": "Motor Gasoline", "v": 0.41731769251924244}, {"l": "Gas-Diesel oil", "v": 1.4416175633454249}, {"l": "Natural gas (including LNG)", "v": 0.0020933919865525081}, {"l": "Fuel oil", "v": 0.13454801222660212}, {"l": "Liquefied petroleum gas (LPG)", "v": 0.0045007927710878923}, {"l": "Coal", "v": 0.027004756626527359}]}, {"source": 6, "prod": 0, "target": 4, "value": 0.38763419368943142, "supply": [{"l": "Motor Gasoline", "v": 0.079802687081888091}, {"l": "Gas-Diesel oil", "v": 0.27567715762279649}, {"l": "Natural gas (including LNG)", "v": 0.00040031445739597741}, {"l": "Fuel oil", "v": 0.02572930194354146}, {"l": "Liquefied petroleum gas (LPG)", "v": 0.00086067608340135147}, {"l": "Coal", "v": 0.0051640565004081092}]}, {"source": 6, "prod": 0, "target": 0, "value": 3.2734860883348404, "supply": [{"l": "Motor Gasoline", "v": 0.673916259780726}, {"l": "Gas-Diesel oil", "v": 2.3280333753862004}, {"l": "Natural gas (including LNG)", "v": 0.0033805681453761027}, {"l": "Fuel oil", "v": 0.21727833443462771}, {"l": "Liquefied petroleum gas (LPG)", "v": 0.0072682215125586206}, {"l": "Coal", "v": 0.043609329075351727}]}, {"source": 6, "prod": 0, "target": 2, "value": 0.22933455027135657, "supply": [{"l": "Motor Gasoline", "v": 0.047213361592743253}, {"l": "Gas-Diesel oil", "v": 0.16309783293824429}, {"l": "Natural gas (including LNG)", "v": 0.00023683652667541138}, {"l": "Fuel oil", "v": 0.015222129487228715}, {"l": "Liquefied petroleum gas (LPG)", "v": 0.00050919853235213447}, {"l": "Coal", "v": 0.0030551911941128071}]}, {"source": 8, "prod": 304.668463311869, "target": 3, "value": 3.6407304760556531, "supply": [{"l": "Potash", "v": 0.265106111323196}, {"l": "Phosphate", "v": 1.2077916676328999}, {"l": "Nitrogen", "v": 9.1552638962130981}]}, {"source": 8, "prod": 58.261038238333732, "target": 4, "value": 0.69620838066137347, "supply": [{"l": "Potash", "v": 0.265106111323196}, {"l": "Phosphate", "v": 1.2077916676328999}, {"l": "Nitrogen", "v": 9.1552638962130981}]}, {"source": 8, "prod": 492.00174099689957, "target": 0, "value": 5.8793276903302996, "supply": [{"l": "Potash", "v": 0.265106111323196}, {"l": "Phosphate", "v": 1.2077916676328999}, {"l": "Nitrogen", "v": 9.1552638962130981}]}, {"source": 8, "prod": 34.468757452897684, "target": 2, "value": 0.41189512812186835, "supply": [{"l": "Potash", "v": 0.265106111323196}, {"l": "Phosphate", "v": 1.2077916676328999}, {"l": "Nitrogen", "v": 9.1552638962130981}]}, {"source": 6, "prod": 0, "target": 8, "value": 12.742006186349029, "supply": [{"l": "Natural gas (including LNG)", "v": 8.6539762649525969}, {"l": "Fuel oil", "v": 2.4696430602853385}, {"l": "Liquefied petroleum gas (LPG)", "v": 0.80919343055554671}, {"l": "Coal", "v": 0.80919343055554671}]}, {"source": 9, "prod": 0, "target": 3, "value": 0.26791822301276202, "supply": "[{\"l\":'Labor',\"v\":0.26791822301276202}]"}, {"source": 9, "prod": 0, "target": 4, "value": 0.051233375670112768, "supply": "[{\"l\":'Labor',\"v\":0.051233375670112768}]"}, {"source": 9, "prod": 0, "target": 0, "value": 0.43265466577728112, "supply": "[{\"l\":'Labor',\"v\":0.43265466577728112}]"}, {"source": 9, "prod": 0, "target": 2, "value": 0.030311008057257248, "supply": "[{\"l\":'Labor',\"v\":0.030311008057257248}]"}]}