{"nodes": [{"layer": 13, "name": "Animal Products", "fill": "#17becf"}, {"layer": 10, "name": "Feed", "fill": "#dbdb8d"}, {"layer": 5, "name": "Cereals", "fill": "#e7ba52"}, {"layer": 5, "name": "Sugar Crops", "fill": "#ffbb78"}, {"layer": 5, "name": "Starchy Roots"}, {"layer": 5, "name": "Fruits & Vegetables"}, {"layer": 13, "name": "Aquatic Products", "fill": "#1f77b4"}, {"layer": 13, "name": "Other Processed", "fill": "#9c9ede"}, {"layer": 16, "name": "Food", "fill": "#b5cf6b"}, {"layer": 5, "name": "Oilcrops", "fill": "#ff9896"}, {"layer": 13, "name": "Sugar", "fill": "#d6616b"}, {"layer": 5, "name": "Others"}, {"layer": 13, "name": "Vegetable Oils", "fill": "#f7b6d2"}, {"layer": 10, "name": "Processing", "fill": "#9edae5"}, {"layer": 16, "name": "Biofuels & Other", "fill": "#e7ba52"}, {"name": "Waste", "fill": "#c7c7c7"}, {"layer": 2, "name": "Import", "fill": "#aec7e8"}, {"layer": 16, "name": "Export", "fill": "#aec7e8"}, {"layer": 0, "name": "Stock Draw", "fill": "#c7c7c7"}, {"layer": 16, "name": "Stock Deposit", "fill": "#c7c7c7"}, {"name": "Crop Residue", "fill": "#bd9e39"}, {"layer": 2, "name": "Electricity", "fill": "#bcbd22"}, {"layer": 0, "name": "Fossil Fuels", "fill": "#c49c94"}, {"layer": 0, "name": "Renewables & Nuclear", "fill": "#2ca02c"}, {"layer": 2, "name": "Fertilizers", "fill": "#c5b0d5"}, {"layer": 0, "name": "Labor", "fill": "#7f7f7f"}], "links": [{"source": 0, "prod": 258.0, "target": 1, "value": 0.14277323075138626, "supply": [{"l": "Milk - Excluding Butter", "v": 0.14277323075138626}]}, {"source": 2, "prod": 3323.0, "target": 1, "value": 10.099685529237385, "supply": [{"l": "Maize", "v": 6.183245194895699}, {"l": "Wheat", "v": 1.2484718647893727}, {"l": "Oats", "v": 0.14628980484849233}, {"l": "Rye", "v": 0.010493299605404495}, {"l": "Millet", "v": 0.0030229342973108297}, {"l": "Barley", "v": 2.4446710501538274}, {"l": "Rice", "v": 0.02419323478223747}, {"l": "Sorghum", "v": 0.036275211567729955}, {"l": "Cereals, Other", "v": 0.0030229342973108297}]}, {"source": 3, "prod": 47.0, "target": 1, "value": 0.054624444340000002, "supply": [{"l": "Sugar beet", "v": 0.054624444340000002}]}, {"source": 4, "prod": 30.0, "target": 1, "value": 0.023387305915088356, "supply": [{"l": "Potatoes", "v": 0.023387305915088356}]}, {"source": 5, "prod": 171.0, "target": 1, "value": 0.090031895045457402, "supply": [{"l": "Vegetables, Other", "v": 0.038485264191635962}, {"l": "Peas", "v": 0.034731954479045458}, {"l": "Beans", "v": 0.007718212106454546}, {"l": "Pulses, Other", "v": 0.0090964642683214296}]}, {"source": 6, "prod": 286.0, "target": 1, "value": 0.26582539515358289, "supply": [{"l": "Pelagic Fish", "v": 0.14164205584028502}, {"l": "Fish, Seafood", "v": 0.12418333931329785}]}, {"source": 7, "prod": 654.0, "target": 8, "value": 1.0034341370953712, "supply": [{"l": "Beer", "v": 0.18881764310159724}, {"l": "Beverages, Alcoholic", "v": 0.32776536130359252}, {"l": "Butter, Ghee", "v": 0.11739305327348148}, {"l": "Fats, Animals, Raw", "v": 0.22217424849294157}, {"l": "Wine", "v": 0.14522425410828949}, {"l": "Beverages, Fermented", "v": 0.0020595768154690027}]}, {"source": 0, "prod": 1559.0, "target": 8, "value": 1.4935140260457749, "supply": [{"l": "Pigmeat", "v": 0.25735916933713948}, {"l": "Eggs", "v": 0.10240802899439831}, {"l": "Mutton & Goat Meat", "v": 0.19921153261113481}, {"l": "Milk - Excluding Butter", "v": 0.61315015376951931}, {"l": "Meat, Other", "v": 0.0036385857073285718}, {"l": "Bovine Meat", "v": 0.17717309571580919}, {"l": "Poultry Meat", "v": 0.1120573174713308}, {"l": "Offals, Edible", "v": 0.028516142439114503}]}, {"source": 2, "prod": 2111.0, "target": 8, "value": 6.3812961861248931, "supply": [{"l": "Maize", "v": 0.25338471527779072}, {"l": "Rye", "v": 0.039349873520266858}, {"l": "Barley", "v": 0.26734572998527661}, {"l": "Rice", "v": 0.12903058550526653}, {"l": "Wheat", "v": 5.6921852818362924}]}, {"source": 9, "prod": 12.0, "target": 8, "value": 0.023713541333968965, "supply": [{"l": "Olives", "v": 0.010978491358318966}, {"l": "Soyabeans", "v": 0.0070750277642500003}, {"l": "Groundnuts", "v": 0.0056600222113999997}]}, {"source": 10, "prod": 310.0, "target": 8, "value": 1.2773876450729598, "supply": [{"l": "Sugar", "v": 1.2652590260485312}, {"l": "Honey", "v": 0.012128619024428572}]}, {"source": 4, "prod": 247.0, "target": 8, "value": 0.19255548536756081, "supply": [{"l": "Potatoes", "v": 0.19255548536756081}]}, {"source": 5, "prod": 2015.0, "target": 8, "value": 1.1707484351350803, "supply": [{"l": "Tomatoes", "v": 0.05438166656268642}, {"l": "Treenuts", "v": 0.061574473716168948}, {"l": "Vegetables, Other", "v": 0.130557605105803}, {"l": "Peas", "v": 0.05788659079840909}, {"l": "Grapes", "v": 0.21077613731410794}, {"l": "Dates", "v": 0.0028300111056999999}, {"l": "Beans", "v": 0.14664603002263638}, {"l": "Apples", "v": 0.14518272586862455}, {"l": "Lemons, Limes", "v": 0.0021439478073484847}, {"l": "Bananas", "v": 0.0014367748690476926}, {"l": "Fruits, Other", "v": 0.30482855880678444}, {"l": "Oranges, Mandarines", "v": 0.0035082782302066117}, {"l": "Onions", "v": 0.039899170659235213}, {"l": "Pulses, Other", "v": 0.0090964642683214296}]}, {"source": 11, "prod": 38.0, "target": 8, "value": 0.089300968276480458, "supply": [{"l": "Nuts", "v": 0.062211451030474138}, {"l": "Pimento", "v": 0.012324241911919356}, {"l": "Cocoa Beans", "v": 0.014765275334086956}]}, {"source": 6, "prod": 142.0, "target": 8, "value": 0.12249808730570995, "supply": [{"l": "Marine Fish, Other", "v": 0.0034653197212653059}, {"l": "Freshwater Fish", "v": 0.0033513289409605272}, {"l": "Fish, Seafood", "v": 0.061657462176532493}, {"l": "Pelagic Fish", "v": 0.05051569823674501}, {"l": "Demersal Fish", "v": 0.0035082782302066117}]}, {"source": 12, "prod": 110.0, "target": 8, "value": 1.1329762609576375, "supply": [{"l": "Groundnut Oil", "v": 0.030872848425818184}, {"l": "Soyabean Oil", "v": 0.02122508329275}, {"l": "Sunflowerseed Oil", "v": 1.0808783292390693}]}, {"source": 7, "prod": 43.0, "target": 13, "value": 0.034311224871738724, "supply": [{"l": "Wine", "v": 0.034311224871738724}]}, {"source": 2, "prod": 276.0, "target": 13, "value": 0.79485120541378096, "supply": [{"l": "Maize", "v": 0.23693116233767444}, {"l": "Wheat", "v": 0.21462833510906892}, {"l": "Oats", "v": 0.080981856255415388}, {"l": "Rye", "v": 0.0052466498027022475}, {"l": "Barley", "v": 0.25706320190891985}]}, {"source": 9, "prod": 414.0, "target": 13, "value": 1.8805423797376504, "supply": [{"l": "Sunflower seed", "v": 1.5069809137852501}, {"l": "Soyabeans", "v": 0.099050388699500017}, {"l": "Cottonseed", "v": 0.13018051086220001}, {"l": "Groundnuts", "v": 0.0339601332684}, {"l": "Palm kernels", "v": 0.011320044422799999}, {"l": "Oilcrops, Other", "v": 0.099050388699500017}]}, {"source": 3, "prod": 1516.0, "target": 13, "value": 1.7619288855199999, "supply": [{"l": "Sugar beet", "v": 1.7619288855199999}]}, {"source": 5, "prod": 630.0, "target": 13, "value": 0.47872853984254499, "supply": [{"l": "Fruits, Other", "v": 0.0037098810402448408}, {"l": "Grapes", "v": 0.47042790067206697}, {"l": "Apples", "v": 0.0045907581302331874}]}, {"source": 12, "prod": 5.0, "target": 13, "value": 0.053062708231874998, "supply": [{"l": "Oilcrops Oil, Other", "v": 0.053062708231874998}]}, {"source": 7, "prod": 104.0, "target": 14, "value": 0.22103870251112406, "supply": [{"l": "Fats, Animals, Raw", "v": 0.051270980421448051}, {"l": "Alcohol, Non-Food", "v": 0.050269934114407909}, {"l": "Beverages, Alcoholic", "v": 0.11949778797526811}]}, {"source": 12, "prod": 19.0, "target": 14, "value": 0.19877213039852737, "supply": [{"l": "Coconut Oil", "v": 0.01045331048623069}, {"l": "Cottonseed Oil", "v": 0.041813241944922759}, {"l": "Palmkernel Oil", "v": 0.01045331048623069}, {"l": "Oilcrops Oil, Other", "v": 0.074287791524625002}, {"l": "Sunflowerseed Oil", "v": 0.061764475956518253}]}, {"source": 0, "prod": 61.0, "target": 14, "value": 0.055297768178018084, "supply": [{"l": "Milk - Excluding Butter", "v": 0.017708307690094419}, {"l": "Offals, Edible", "v": 0.037589460487923665}]}, {"source": 2, "prod": 13.0, "target": 14, "value": 0.039298145865040789, "supply": [{"l": "Wheat", "v": 0.039298145865040789}]}, {"source": 10, "prod": 129.0, "target": 14, "value": 0.53315716224920784, "supply": [{"l": "Sweeteners, Other", "v": 0.0038984846864234695}, {"l": "Sugar", "v": 0.52925867756278433}]}, {"source": 4, "prod": 44.0, "target": 4, "value": 0.034301382008796261, "supply": [{"l": "Potatoes", "v": 0.034301382008796261}]}, {"source": 5, "prod": 9.0, "target": 5, "value": 0.034731954479045458, "supply": [{"l": "Peas", "v": 0.007718212106454546}, {"l": "Beans", "v": 0.027013742372590913}]}, {"source": 0, "prod": 11.0, "target": 0, "value": 0.01846702162194068, "supply": [{"l": "Eggs", "v": 0.01846702162194068}]}, {"source": 2, "prod": 306.0, "target": 2, "value": 0.89553835860071185, "supply": [{"l": "Maize", "v": 0.12175629175686048}, {"l": "Wheat", "v": 0.52296763343477359}, {"l": "Oats", "v": 0.031347815324676925}, {"l": "Rye", "v": 0.0078699747040533712}, {"l": "Barley", "v": 0.20050929748895746}, {"l": "Rice", "v": 0.0080644115940791579}, {"l": "Cereals, Other", "v": 0.0030229342973108297}]}, {"source": 9, "prod": 14.0, "target": 9, "value": 0.072165283195349997, "supply": [{"l": "Sunflower seed", "v": 0.0339601332684}, {"l": "Soyabeans", "v": 0.0070750277642500003}, {"l": "Cottonseed", "v": 0.0169800666342}, {"l": "Oilcrops, Other", "v": 0.014150055528500001}]}, {"source": 4, "prod": 40.0, "target": 15, "value": 0.031183074553451148, "supply": [{"l": "Potatoes", "v": 0.031183074553451148}]}, {"source": 5, "prod": 314.0, "target": 15, "value": 0.14469978859780525, "supply": [{"l": "Vegetables, Other", "v": 0.028742159332993945}, {"l": "Grapes", "v": 0.019092041423379339}, {"l": "Fruits, Other", "v": 0.036480496895740941}, {"l": "Peas", "v": 0.003859106053227273}, {"l": "Beans", "v": 0.019295530266136365}, {"l": "Oranges, Mandarines", "v": 0.00035082782302066112}, {"l": "Onions", "v": 0.0048229766730943664}, {"l": "Tomatoes", "v": 0.011972083310442161}, {"l": "Apples", "v": 0.020084566819770194}]}, {"source": 0, "prod": 106.0, "target": 15, "value": 0.05978420475557146, "supply": [{"l": "Eggs", "v": 0.0016788201474491526}, {"l": "Milk - Excluding Butter", "v": 0.058105384608122305}]}, {"source": 2, "prod": 648.0, "target": 15, "value": 2.0149884229644086, "supply": [{"l": "Maize", "v": 0.84242191053395354}, {"l": "Wheat", "v": 1.0912792813292096}, {"l": "Oats", "v": 0.0052246358874461539}, {"l": "Rye", "v": 0.0026233249013511237}, {"l": "Barley", "v": 0.069407064515408359}, {"l": "Rice", "v": 0.0040322057970395789}]}, {"source": 9, "prod": 7.0, "target": 15, "value": 0.02971511660985, "supply": [{"l": "Sunflower seed", "v": 0.02971511660985}]}, {"source": 16, "prod": 10.0, "target": 11, "value": 0.014765275334086956, "supply": [{"l": "Cocoa Beans", "v": 0.014765275334086956}]}, {"source": 16, "prod": 334.0, "target": 1, "value": 0.32853990160610902, "supply": [{"l": "Milk - Excluding Butter", "v": 0.0027669230765772529}, {"l": "Pelagic Fish", "v": 0.14758507916225502}, {"l": "Fish, Seafood", "v": 0.13373590387585924}, {"l": "Bovine Meat", "v": 0.016106645065073564}, {"l": "Eggs", "v": 0.010072920884694915}, {"l": "Crustaceans", "v": 0.00086841496023285208}, {"l": "Demersal Fish", "v": 0.0014033112920826445}, {"l": "Pigmeat", "v": 0.013344549521185013}, {"l": "Mutton & Goat Meat", "v": 0.0026561537681484642}]}, {"source": 16, "prod": 330.0, "target": 13, "value": 1.3537661102043266, "supply": [{"l": "Coconut Oil", "v": 0.01045331048623069}, {"l": "Sugar", "v": 1.261124192630072}, {"l": "Beer", "v": 0.0051031795432864117}, {"l": "Oilcrops Oil, Other", "v": 0.0424501665855}, {"l": "Wine", "v": 0.005585548234934211}, {"l": "Fats, Animals, Raw", "v": 0.025635490210724025}, {"l": "Beverages, Alcoholic", "v": 0.0034142225135790887}]}, {"source": 16, "prod": 204.0, "target": 2, "value": 0.62346303674038217, "supply": [{"l": "Maize", "v": 0.10859344940476745}, {"l": "Barley", "v": 0.023135688171802785}, {"l": "Rice", "v": 0.0080644115940791579}, {"l": "Wheat", "v": 0.48366948756973277}]}, {"source": 16, "prod": 34.0, "target": 5, "value": 0.026715253609908597, "supply": [{"l": "Fruits, Other", "v": 0.0080380755871971559}, {"l": "Dates", "v": 0.0028300111056999999}, {"l": "Beans", "v": 0.003859106053227273}, {"l": "Lemons, Limes", "v": 0.0021439478073484847}, {"l": "Bananas", "v": 0.0014367748690476926}, {"l": "Oranges, Mandarines", "v": 0.0038591060532272726}, {"l": "Pulses, Other", "v": 0.0045482321341607148}]}, {"source": 16, "prod": 16.0, "target": 9, "value": 0.044938624626718965, "supply": [{"l": "Olives", "v": 0.010978491358318966}, {"l": "Groundnuts", "v": 0.022640088845599999}, {"l": "Palm kernels", "v": 0.011320044422799999}]}, {"source": 16, "prod": 1.0, "target": 4, "value": 0.00077957686383627869, "supply": [{"l": "Potatoes", "v": 0.00077957686383627869}]}, {"source": 7, "prod": 250.0, "target": 17, "value": 0.39803357866911071, "supply": [{"l": "Fats, Animals, Raw", "v": 0.18799359487864287}, {"l": "Wine", "v": 0.16836438251015981}, {"l": "Beverages, Fermented", "v": 0.0041191536309380054}, {"l": "Beverages, Alcoholic", "v": 0.037556447649369974}]}, {"source": 0, "prod": 273.0, "target": 17, "value": 0.26724788045229625, "supply": [{"l": "Pigmeat", "v": 0.045752741215491471}, {"l": "Poultry Meat", "v": 0.047408865084024567}, {"l": "Milk - Excluding Butter", "v": 0.096288923064888399}, {"l": "Bovine Meat", "v": 0.016106645065073564}, {"l": "Eggs", "v": 0.053722244718372884}, {"l": "Mutton & Goat Meat", "v": 0.0079684613044453938}]}, {"source": 2, "prod": 577.0, "target": 17, "value": 1.8083971486331718, "supply": [{"l": "Maize", "v": 0.75686343524534894}, {"l": "Barley", "v": 0.0025706320190891979}, {"l": "Rice", "v": 0.012096617391118735}, {"l": "Cereals, Other", "v": 0.0090688028919324887}, {"l": "Wheat", "v": 1.0277976610856823}]}, {"source": 9, "prod": 94.0, "target": 17, "value": 0.40469158811510003, "supply": [{"l": "Sunflower seed", "v": 0.38629651592805003}, {"l": "Groundnuts", "v": 0.011320044422799999}, {"l": "Oilcrops, Other", "v": 0.0070750277642500003}]}, {"source": 10, "prod": 62.0, "target": 17, "value": 0.24950640497688059, "supply": [{"l": "Sugar", "v": 0.18193267041220712}, {"l": "Sweeteners, Other", "v": 0.058477270296352045}, {"l": "Honey", "v": 0.0090964642683214296}]}, {"source": 4, "prod": 43.0, "target": 17, "value": 0.033521805144959976, "supply": [{"l": "Potatoes", "v": 0.033521805144959976}]}, {"source": 5, "prod": 1200.0, "target": 17, "value": 0.5145328603887116, "supply": [{"l": "Fruits, Other", "v": 0.15272343615674597}, {"l": "Beans", "v": 0.038591060532272729}, {"l": "Vegetables, Other", "v": 0.074047596925679318}, {"l": "Treenuts", "v": 0.0024629789486467577}, {"l": "Tomatoes", "v": 0.079949166513800185}, {"l": "Grapes", "v": 0.10920647694172983}, {"l": "Onions", "v": 0.0013153572744802817}, {"l": "Apples", "v": 0.056236787095356539}]}, {"source": 11, "prod": 5.0, "target": 17, "value": 0.019641496491726609, "supply": [{"l": "Pimento", "v": 0.0082161612746129049}, {"l": "Nuts", "v": 0.0024884580412189656}, {"l": "Spices, Other", "v": 0.0089368771758947391}]}, {"source": 6, "prod": 76.0, "target": 17, "value": 0.056481566421622713, "supply": [{"l": "Crustaceans", "v": 0.00086841496023285208}, {"l": "Fish, Seafood", "v": 0.032999768488848377}, {"l": "Pelagic Fish", "v": 0.0069335272089650016}, {"l": "Marine Fish, Other", "v": 0.0086632993031632646}, {"l": "Demersal Fish", "v": 0.0070165564604132234}]}, {"source": 12, "prod": 20.0, "target": 17, "value": 0.2058815865217275, "supply": [{"l": "Sunflowerseed Oil", "v": 0.2058815865217275}]}, {"source": 18, "prod": 60.0, "target": 5, "value": 0.034875373381032151, "supply": [{"l": "Apples", "v": 0.028692238313957417}, {"l": "Fruits, Other", "v": 0.0061831350670747357}]}, {"source": 18, "prod": 5.0, "target": 9, "value": 0.028300111057000001, "supply": [{"l": "Groundnuts", "v": 0.028300111057000001}]}, {"source": 0, "prod": 18.0, "target": 19, "value": 0.034314555911618597, "supply": [{"l": "Pigmeat", "v": 0.034314555911618597}]}, {"source": 2, "prod": 3.0, "target": 19, "value": 0.012096617391118735, "supply": [{"l": "Rice", "v": 0.012096617391118735}]}, {"source": 5, "prod": 7.0, "target": 19, "value": 0.028391994534457794, "supply": [{"l": "Beans", "v": 0.019295530266136365}, {"l": "Pulses, Other", "v": 0.0090964642683214296}]}, {"source": 18, "prod": 24.0, "target": 13, "value": 0.031552647988363054, "supply": [{"l": "Sweeteners, Other", "v": 0.015593938745693878}, {"l": "Wine", "v": 0.015958709242669174}]}, {"source": 10, "prod": 32.0, "target": 19, "value": 0.13231466939069608, "supply": [{"l": "Sugar", "v": 0.13231466939069608}]}, {"source": 1, "prod": 504.0, "target": 6, "value": 0.44480504888091554, "supply": [{"l": "Pelagic Fish", "v": 0.19909128128599504}, {"l": "Crustaceans", "v": 0.00086841496023285208}, {"l": "Freshwater Fish", "v": 0.0033513289409605272}, {"l": "Demersal Fish", "v": 0.010524834690619836}, {"l": "Fish, Seafood", "v": 0.21884056997867873}, {"l": "Marine Fish, Other", "v": 0.01212861902442857}]}, {"source": 1, "prod": 2275.0, "target": 0, "value": 2.0529316660946657, "supply": [{"l": "Poultry Meat", "v": 0.15946618255535536}, {"l": "Pigmeat", "v": 0.33742646646424956}, {"l": "Bovine Meat", "v": 0.19327974078088275}, {"l": "Eggs", "v": 0.17627611548216102}, {"l": "Milk - Excluding Butter", "v": 0.9280259998840108}, {"l": "Offals, Edible", "v": 0.066105602927038168}, {"l": "Meat, Other", "v": 0.0036385857073285718}, {"l": "Mutton & Goat Meat", "v": 0.2071799939155802}]}, {"source": 13, "prod": 1051.0, "target": 7, "value": 1.6568176431473447, "supply": [{"l": "Fats, Animals, Raw", "v": 0.46143882379303247}, {"l": "Alcohol, Non-Food", "v": 0.050269934114407909}, {"l": "Beverages, Fermented", "v": 0.006178730446407008}, {"l": "Beer", "v": 0.18881764310159724}, {"l": "Beverages, Alcoholic", "v": 0.48481959692823062}, {"l": "Butter, Ghee", "v": 0.11739305327348148}, {"l": "Wine", "v": 0.34789986149018803}]}, {"source": 13, "prod": 154.0, "target": 12, "value": 1.5906926861097674, "supply": [{"l": "Soyabean Oil", "v": 0.02122508329275}, {"l": "Coconut Oil", "v": 0.01045331048623069}, {"l": "Groundnut Oil", "v": 0.030872848425818184}, {"l": "Cottonseed Oil", "v": 0.041813241944922759}, {"l": "Palmkernel Oil", "v": 0.01045331048623069}, {"l": "Oilcrops Oil, Other", "v": 0.12735049975650001}, {"l": "Sunflowerseed Oil", "v": 1.3485243917173153}]}, {"source": 13, "prod": 533.0, "target": 10, "value": 2.1923658816897444, "supply": [{"l": "Honey", "v": 0.021225083292750004}, {"l": "Sweeteners, Other", "v": 0.062375754982775512}, {"l": "Sugar", "v": 2.1087650434142189}]}, {"source": 4, "prod": 202.0, "target": 20, "value": 0.70430666531999997, "supply": [{"l": "Potatoes", "v": 0.70430666531999997}]}, {"source": 3, "prod": 625.20000000000005, "target": 20, "value": 0.72662133194400003, "supply": [{"l": "Sugar beet", "v": 0.72662133194400003}]}, {"source": 5, "prod": 4299.5, "target": 20, "value": 12.296002299801952, "supply": [{"l": "Tomatoes", "v": 2.51388666186}, {"l": "Vegetables, Other", "v": 3.8911199925599997}, {"l": "Peas", "v": 0.09588333315}, {"l": "Beans", "v": 0.23186333289}, {"l": "Pulses, Other", "v": 0.02266333329}, {"l": "Onions", "v": 0.36609999929999998}]}, {"source": 2, "prod": 14312.0, "target": 20, "value": 50.143604015402765, "supply": [{"l": "Maize", "v": 17.673913299540004}, {"l": "Rye", "v": 0.17084666633999998}, {"l": "Barley", "v": 8.7654799832400005}, {"l": "Rice", "v": 0.32077333272000003}, {"l": "Cereals, Other", "v": 0.03137999994}, {"l": "Wheat", "v": 22.136846624339999}, {"l": "Oats", "v": 0.61165114412964017}, {"l": "Sorghum", "v": 0.087166666500000003}, {"l": "Millet", "v": 0.0069733333199999996}]}, {"source": 9, "prod": 531.0, "target": 20, "value": 1.463423129385776, "supply": [{"l": "Olives", "v": 0.017433333299999999}, {"l": "Sunflower seed", "v": 1.2068224976925002}, {"l": "Cottonseed", "v": 0.090653333160000002}, {"l": "Oilcrops, Other", "v": 0.071912499862500007}, {"l": "Soyabeans", "v": 0.055786666559999996}, {"l": "Groundnuts", "v": 0.017433333300000003}, {"l": "Palm kernels", "v": 0.0034866666599999998}]}, {"source": 21, "prod": 0, "target": 2, "value": 0.015761024321569034, "supply": "[{\"l\":'Energy for power irrigation',\"v\":0.015761024321569034}]"}, {"source": 21, "prod": 0, "target": 9, "value": 0.0011695226264328057, "supply": "[{\"l\":'Energy for power irrigation',\"v\":0.0011695226264328057}]"}, {"source": 21, "prod": 0, "target": 3, "value": 0.0034424931546411966, "supply": "[{\"l\":'Energy for power irrigation',\"v\":0.0034424931546411966}]"}, {"source": 21, "prod": 0, "target": 4, "value": 0.00088980629205057159, "supply": "[{\"l\":'Energy for power irrigation',\"v\":0.00088980629205057159}]"}, {"source": 21, "prod": 0, "target": 5, "value": 0.009469609288790674, "supply": "[{\"l\":'Energy for power irrigation',\"v\":0.009469609288790674}]"}, {"source": 21, "prod": 0, "target": 11, "value": 8.3694651232479498e-05, "supply": "[{\"l\":'Energy for power irrigation',\"v\":8.3694651232479498e-05}]"}, {"source": 21, "prod": 0, "target": 13, "value": 0.7080000005664, "supply": "[{\"l\":'Electricity',\"v\":0.7080000005664}]"}, {"source": 22, "prod": 0, "target": 21, "value": 1.7028676569237848, "supply": [{"l": "Coal", "v": 1.5440228505735831}, {"l": "Natural gas", "v": 0.0}, {"l": "Oil", "v": 0.15884480635020165}]}, {"source": 23, "prod": 0, "target": 21, "value": 0.076286212764342554, "supply": [{"l": "Nuclear", "v": 0.0}, {"l": "Hydroelectric", "v": 0.076286212764342554}, {"l": "Renewable", "v": 0.0}]}, {"source": 22, "prod": 0, "target": 2, "value": 3.0349359595765342, "supply": [{"l": "Motor Gasoline", "v": 0.63146970764218091}, {"l": "Gas-Diesel oil", "v": 2.1524136761618351}, {"l": "Natural gas (including LNG)", "v": 0.0031255484505661288}, {"l": "Fuel oil", "v": 0.20088752314093211}, {"l": "Liquefied petroleum gas (LPG)", "v": 0.0067199291687171769}, {"l": "Coal", "v": 0.040319575012303065}]}, {"source": 22, "prod": 0, "target": 9, "value": 0.2252027661452124, "supply": [{"l": "Motor Gasoline", "v": 0.046857240743152333}, {"l": "Gas-Diesel oil", "v": 0.15971655422609482}, {"l": "Natural gas (including LNG)", "v": 0.00023192652700539611}, {"l": "Fuel oil", "v": 0.014906550417528643}, {"l": "Liquefied petroleum gas (LPG)", "v": 0.00049864203306160162}, {"l": "Coal", "v": 0.0029918521983696104}]}, {"source": 22, "prod": 0, "target": 3, "value": 0.66288497831443871, "supply": [{"l": "Motor Gasoline", "v": 0.13792442049255574}, {"l": "Gas-Diesel oil", "v": 0.47012612854121694}, {"l": "Natural gas (including LNG)", "v": 0.00068267638740006429}, {"l": "Fuel oil", "v": 0.043877473262895046}, {"l": "Liquefied petroleum gas (LPG)", "v": 0.0014677542329101382}, {"l": "Coal", "v": 0.0088065253974608307}]}, {"source": 22, "prod": 0, "target": 4, "value": 0.17134071096547232, "supply": [{"l": "Motor Gasoline", "v": 0.035650330056936991}, {"l": "Gas-Diesel oil", "v": 0.12151692637917573}, {"l": "Natural gas (including LNG)", "v": 0.00017645634069713754}, {"l": "Fuel oil", "v": 0.011341330261170568}, {"l": "Liquefied petroleum gas (LPG)", "v": 0.0003793811324988457}, {"l": "Coal", "v": 0.0022762867949930746}]}, {"source": 22, "prod": 0, "target": 5, "value": 1.8234638287030895, "supply": [{"l": "Motor Gasoline", "v": 0.37940246059356575}, {"l": "Gas-Diesel oil", "v": 1.293222834077391}, {"l": "Natural gas (including LNG)", "v": 0.0018779060317508484}, {"l": "Fuel oil", "v": 0.12069814222253181}, {"l": "Liquefied petroleum gas (LPG)", "v": 0.0040374979682643239}, {"l": "Coal", "v": 0.024224987809585947}]}, {"source": 22, "prod": 0, "target": 11, "value": 0.016116205486851356, "supply": [{"l": "Motor Gasoline", "v": 0.0033532488667415978}, {"l": "Gas-Diesel oil", "v": 0.01142980990695217}, {"l": "Natural gas (including LNG)", "v": 1.6597378580423826e-05}, {"l": "Fuel oil", "v": 0.0010667587869417859}, {"l": "Liquefied petroleum gas (LPG)", "v": 3.5684363947911223e-05}, {"l": "Coal", "v": 0.00021410618368746738}]}, {"source": 22, "prod": 0, "target": 1, "value": 0.012147500009717999, "supply": [{"l": "Gas-diesel oils used in fisheries", "v": 0.012147500009717999}]}, {"source": 24, "prod": 325.21070192616941, "target": 2, "value": 3.6550388563580603, "supply": [{"l": "Potash", "v": 0.12323844732081297}, {"l": "Phosphate", "v": 1.1194797925622504}, {"l": "Nitrogen", "v": 5.9036590880562603}]}, {"source": 24, "prod": 24.131761140692564, "target": 9, "value": 0.27121655012942009, "supply": [{"l": "Potash", "v": 0.12323844732081297}, {"l": "Phosphate", "v": 1.1194797925622504}, {"l": "Nitrogen", "v": 5.9036590880562603}]}, {"source": 24, "prod": 71.031907086445344, "target": 3, "value": 0.79832668145439467, "supply": [{"l": "Potash", "v": 0.12323844732081297}, {"l": "Phosphate", "v": 1.1194797925622504}, {"l": "Nitrogen", "v": 5.9036590880562603}]}, {"source": 24, "prod": 18.360134653182289, "target": 4, "value": 0.20634931497605596, "supply": [{"l": "Potash", "v": 0.12323844732081297}, {"l": "Phosphate", "v": 1.1194797925622504}, {"l": "Nitrogen", "v": 5.9036590880562603}]}, {"source": 24, "prod": 195.39455183504268, "target": 5, "value": 2.1960368310384961, "supply": [{"l": "Potash", "v": 0.12323844732081297}, {"l": "Phosphate", "v": 1.1194797925622504}, {"l": "Nitrogen", "v": 5.9036590880562603}]}, {"source": 24, "prod": 1.726943358467641, "target": 11, "value": 0.01940909398289635, "supply": [{"l": "Potash", "v": 0.12323844732081297}, {"l": "Phosphate", "v": 1.1194797925622504}, {"l": "Nitrogen", "v": 5.9036590880562603}]}, {"source": 22, "prod": 0, "target": 24, "value": 8.4951041565692691, "supply": [{"l": "Natural gas (including LNG)", "v": 5.8158504634025681}, {"l": "Fuel oil", "v": 1.635656871829704}, {"l": "Liquefied petroleum gas (LPG)", "v": 0.52179841066849808}, {"l": "Coal", "v": 0.52179841066849808}]}, {"source": 25, "prod": 0, "target": 2, "value": 0.43723506555535235, "supply": "[{\"l\":'Labor',\"v\":0.43723506555535235}]"}, {"source": 25, "prod": 0, "target": 9, "value": 0.032444357156217456, "supply": "[{\"l\":'Labor',\"v\":0.032444357156217456}]"}, {"source": 25, "prod": 0, "target": 3, "value": 0.095500056940052522, "supply": "[{\"l\":'Labor',\"v\":0.095500056940052522}]"}, {"source": 25, "prod": 0, "target": 4, "value": 0.0246845956518114, "supply": "[{\"l\":'Labor',\"v\":0.0246845956518114}]"}, {"source": 25, "prod": 0, "target": 5, "value": 0.26270153219050274, "supply": "[{\"l\":'Labor',\"v\":0.26270153219050274}]"}, {"source": 25, "prod": 0, "target": 11, "value": 0.0023218184028931514, "supply": "[{\"l\":'Labor',\"v\":0.0023218184028931514}]"}, {"source": 22, "prod": 0, "target": 16, "value": 1.2592312508414154, "supply": "[{\"l\":'Fossil Fuels',\"v\":1.2592312508414154}]"}, {"source": 23, "prod": 0, "target": 16, "value": 0.03072924956749053, "supply": "[{\"l\":'Renewables & Nuclear',\"v\":0.012665992040615272},{\"l\":'Biomass & Waste',\"v\":0.018063257526875258}]"}]}