{"nodes": [{"layer": 13, "name": "Animal Products", "fill": "#17becf"}, {"layer": 10, "name": "Feed", "fill": "#dbdb8d"}, {"layer": 5, "name": "Cereals", "fill": "#e7ba52"}, {"layer": 5, "name": "Sugar Crops", "fill": "#ffbb78"}, {"layer": 5, "name": "Starchy Roots"}, {"layer": 5, "name": "Fruits & Vegetables"}, {"layer": 13, "name": "Aquatic Products", "fill": "#1f77b4"}, {"layer": 13, "name": "Other Processed", "fill": "#9c9ede"}, {"layer": 16, "name": "Food", "fill": "#b5cf6b"}, {"layer": 5, "name": "Oilcrops", "fill": "#ff9896"}, {"layer": 13, "name": "Sugar", "fill": "#d6616b"}, {"layer": 5, "name": "Others"}, {"layer": 13, "name": "Vegetable Oils", "fill": "#f7b6d2"}, {"layer": 10, "name": "Processing", "fill": "#9edae5"}, {"layer": 16, "name": "Biofuels & Other", "fill": "#e7ba52"}, {"name": "Waste", "fill": "#c7c7c7"}, {"layer": 2, "name": "Import", "fill": "#aec7e8"}, {"layer": 16, "name": "Export", "fill": "#aec7e8"}, {"layer": 0, "name": "Stock Draw", "fill": "#c7c7c7"}, {"layer": 16, "name": "Stock Deposit", "fill": "#c7c7c7"}, {"layer": 2, "name": "Electricity", "fill": "#bcbd22"}, {"layer": 0, "name": "Fossil Fuels", "fill": "#c49c94"}, {"layer": 0, "name": "Renewables & Nuclear", "fill": "#2ca02c"}, {"layer": 2, "name": "Fertilizers", "fill": "#c5b0d5"}, {"layer": 0, "name": "Labor", "fill": "#7f7f7f"}], "links": [{"source": 0, "prod": 185.0, "target": 1, "value": 0.10139625552207658, "supply": [{"l": "Milk - Excluding Butter", "v": 0.10139625552207658}]}, {"source": 2, "prod": 1763.0, "target": 1, "value": 5.3442432628466356, "supply": [{"l": "Maize", "v": 3.5512398215477412}, {"l": "Wheat", "v": 0.15834851299369054}, {"l": "Oats", "v": 0.34519915684912084}, {"l": "Rye", "v": 0.022232493138068743}, {"l": "Millet", "v": 0.0031048728037978536}, {"l": "Barley", "v": 1.2258605067981521}, {"l": "Rice", "v": 0.0041042978742886742}, {"l": "Sorghum", "v": 0.018629236822787124}, {"l": "Cereals, Other", "v": 0.015524364018989269}]}, {"source": 3, "prod": 177.0, "target": 1, "value": 0.20571333294000002, "supply": [{"l": "Sugar beet", "v": 0.20571333294000002}]}, {"source": 4, "prod": 52.0, "target": 1, "value": 0.040293967647823815, "supply": [{"l": "Roots, Other", "v": 0.00077488399322738096}, {"l": "Potatoes", "v": 0.039519083654596436}]}, {"source": 5, "prod": 165.0, "target": 1, "value": 0.093362795672275692, "supply": [{"l": "Peas", "v": 0.0039357770344172188}, {"l": "Vegetables, Other", "v": 0.037180659763396934}, {"l": "Pulses, Other", "v": 0.052246358874461538}]}, {"source": 6, "prod": 10.0, "target": 1, "value": 0.008484832753387064, "supply": [{"l": "Pelagic Fish", "v": 0.0042735067032382548}, {"l": "Fish, Seafood", "v": 0.0042113260501488092}]}, {"source": 7, "prod": 397.0, "target": 8, "value": 0.70329058809355249, "supply": [{"l": "Beer", "v": 0.070468367795852513}, {"l": "Beverages, Alcoholic", "v": 0.20551271124726192}, {"l": "Butter, Ghee", "v": 0.07438170782238053}, {"l": "Fats, Animals, Raw", "v": 0.21157915307646366}, {"l": "Wine", "v": 0.13845431861167348}, {"l": "Beverages, Fermented", "v": 0.0028943295399204549}]}, {"source": 0, "prod": 1212.0, "target": 8, "value": 1.1142087650306354, "supply": [{"l": "Eggs", "v": 0.071316279863639989}, {"l": "Mutton & Goat Meat", "v": 0.13021230873979214}, {"l": "Pigmeat", "v": 0.21914019007362748}, {"l": "Milk - Excluding Butter", "v": 0.48505776290290692}, {"l": "Meat, Other", "v": 0.0097961922889615374}, {"l": "Bovine Meat", "v": 0.1253885172672542}, {"l": "Poultry Meat", "v": 0.040252474037476844}, {"l": "Offals, Edible", "v": 0.033045039856976051}]}, {"source": 2, "prod": 2033.0, "target": 8, "value": 6.3054988167703998, "supply": [{"l": "Maize", "v": 0.28847606393525071}, {"l": "Rye", "v": 0.13617402047067104}, {"l": "Barley", "v": 0.19478715680055383}, {"l": "Rice", "v": 0.11902463835437156}, {"l": "Wheat", "v": 5.5670369372095525}]}, {"source": 9, "prod": 3.0, "target": 8, "value": 0.0076442828717183907, "supply": [{"l": "Olives", "v": 0.002927597695551724}, {"l": "Groundnuts", "v": 0.0047166851761666672}]}, {"source": 10, "prod": 162.0, "target": 8, "value": 0.66903135740923037, "supply": [{"l": "Sugar", "v": 0.66164871974218686}, {"l": "Honey", "v": 0.0073826376670434787}]}, {"source": 4, "prod": 200.0, "target": 8, "value": 0.1549767986454762, "supply": [{"l": "Potatoes", "v": 0.1549767986454762}]}, {"source": 5, "prod": 1526.0, "target": 8, "value": 0.83524581010591925, "supply": [{"l": "Tomatoes", "v": 0.047143149826108038}, {"l": "Treenuts", "v": 0.040466513941317755}, {"l": "Vegetables, Other", "v": 0.13817137074235347}, {"l": "Peas", "v": 0.047229324413006625}, {"l": "Grapes", "v": 0.097493971529488979}, {"l": "Beans", "v": 0.13307073497014893}, {"l": "Apples", "v": 0.084172356037700985}, {"l": "Lemons, Limes", "v": 0.0011622222200000001}, {"l": "Fruits, Other", "v": 0.21581288539327811}, {"l": "Oranges, Mandarines", "v": 0.00030539688191007198}, {"l": "Onions", "v": 0.026952486720952386}, {"l": "Pulses, Other", "v": 0.0032653974296538461}]}, {"source": 11, "prod": 22.0, "target": 8, "value": 0.060384997901264968, "supply": [{"l": "Nuts", "v": 0.040848273506801897}, {"l": "Pimento", "v": 0.011577318159681819}, {"l": "Cocoa Beans", "v": 0.00265313541159375}, {"l": "Spices, Other", "v": 0.0053062708231875}]}, {"source": 6, "prod": 40.0, "target": 8, "value": 0.03469853667460418, "supply": [{"l": "Marine Fish, Other", "v": 0.0067534355931477283}, {"l": "Freshwater Fish", "v": 0.00084338079308940396}, {"l": "Fish, Seafood", "v": 0.016845304200595237}, {"l": "Pelagic Fish", "v": 0.010256416087771813}]}, {"source": 12, "prod": 83.0, "target": 8, "value": 0.85476066089351588, "supply": [{"l": "Sunflowerseed Oil", "v": 0.85476066089351588}]}, {"source": 7, "prod": 28.0, "target": 13, "value": 0.021902378085462471, "supply": [{"l": "Wine", "v": 0.021902378085462471}]}, {"source": 2, "prod": 168.0, "target": 13, "value": 0.47748229540669218, "supply": [{"l": "Maize", "v": 0.12600103941999455}, {"l": "Wheat", "v": 0.12729978495571198}, {"l": "Oats", "v": 0.062975521857609879}, {"l": "Rye", "v": 0.0027790616422585929}, {"l": "Barley", "v": 0.15842688753111708}]}, {"source": 9, "prod": 279.0, "target": 13, "value": 1.4498662406269229, "supply": [{"l": "Sunflower seed", "v": 1.3053426225041249}, {"l": "Soyabeans", "v": 0.0039989287363152177}, {"l": "Cottonseed", "v": 0.015451210059856325}, {"l": "Rape and Mustardseed", "v": 0.040173146155626442}, {"l": "Oilcrops, Other", "v": 0.084900333171000014}]}, {"source": 3, "prod": 1463.0, "target": 13, "value": 1.7003311078600001, "supply": [{"l": "Sugar beet", "v": 1.7003311078600001}]}, {"source": 5, "prod": 339.0, "target": 13, "value": 0.26025491368089776, "supply": [{"l": "Grapes", "v": 0.25456759232699905}, {"l": "Apples", "v": 0.0056873213538987145}]}, {"source": 12, "prod": 5.0, "target": 13, "value": 0.049941372453529427, "supply": [{"l": "Oilcrops Oil, Other", "v": 0.049941372453529427}]}, {"source": 7, "prod": 63.0, "target": 14, "value": 0.15421998824944419, "supply": [{"l": "Fats, Animals, Raw", "v": 0.042315830615292732}, {"l": "Alcohol, Non-Food", "v": 0.029699073135246699}, {"l": "Beverages, Alcoholic", "v": 0.082205084498904762}]}, {"source": 12, "prod": 14.0, "target": 14, "value": 0.14386645029330475, "supply": [{"l": "Cottonseed Oil", "v": 0.010298321215584529}, {"l": "Oilcrops Oil, Other", "v": 0.009988274490705884}, {"l": "Rape and Mustard Oil", "v": 0.051491606077922636}, {"l": "Sunflowerseed Oil", "v": 0.072088248509091693}]}, {"source": 0, "prod": 20.0, "target": 14, "value": 0.018190509391090563, "supply": [{"l": "Milk - Excluding Butter", "v": 0.0054808786768690042}, {"l": "Offals, Edible", "v": 0.012709630714221558}]}, {"source": 10, "prod": 49.0, "target": 14, "value": 0.20185051729229678, "supply": [{"l": "Sweeteners, Other", "v": 0.0074912058680294122}, {"l": "Sugar", "v": 0.19435931142426738}]}, {"source": 4, "prod": 65.0, "target": 4, "value": 0.050367459559779768, "supply": [{"l": "Potatoes", "v": 0.050367459559779768}]}, {"source": 5, "prod": 17.0, "target": 5, "value": 0.065282335828493188, "supply": [{"l": "Peas", "v": 0.0078715540688344375}, {"l": "Beans", "v": 0.05087998690035106}, {"l": "Pulses, Other", "v": 0.0065307948593076922}]}, {"source": 0, "prod": 4.0, "target": 0, "value": 0.006483298169421817, "supply": [{"l": "Eggs", "v": 0.006483298169421817}]}, {"source": 2, "prod": 358.0, "target": 2, "value": 1.0688052742214007, "supply": [{"l": "Maize", "v": 0.11605358893946867}, {"l": "Wheat", "v": 0.70170125365831493}, {"l": "Oats", "v": 0.065307948593076925}, {"l": "Rye", "v": 0.030569678064844518}, {"l": "Barley", "v": 0.1376495908057247}, {"l": "Rice", "v": 0.0082085957485773485}, {"l": "Cereals, Other", "v": 0.0093146184113935618}]}, {"source": 9, "prod": 14.0, "target": 9, "value": 0.066939753657813628, "supply": [{"l": "Sunflower seed", "v": 0.0424501665855}, {"l": "Cottonseed", "v": 0.012360968047885059}, {"l": "Oilcrops, Other", "v": 0.012128619024428572}]}, {"source": 4, "prod": 44.0, "target": 15, "value": 0.034094895702004767, "supply": [{"l": "Potatoes", "v": 0.034094895702004767}]}, {"source": 5, "prod": 336.0, "target": 15, "value": 0.14288939305554926, "supply": [{"l": "Vegetables, Other", "v": 0.033663570326318851}, {"l": "Apples", "v": 0.0090997141662379436}, {"l": "Fruits, Other", "v": 0.029788257420480645}, {"l": "Peas", "v": 0.0039357770344172188}, {"l": "Beans", "v": 0.027396916023265962}, {"l": "Grapes", "v": 0.0077376167880546833}, {"l": "Onions", "v": 0.0053904973441904766}, {"l": "Tomatoes", "v": 0.02261164652292965}, {"l": "Pulses, Other", "v": 0.0032653974296538461}]}, {"source": 0, "prod": 32.0, "target": 15, "value": 0.01861154844064937, "supply": [{"l": "Milk - Excluding Butter", "v": 0.016990723898293914}, {"l": "Eggs", "v": 0.0016208245423554543}]}, {"source": 2, "prod": 445.0, "target": 15, "value": 1.402741414900849, "supply": [{"l": "Maize", "v": 0.49405670719945233}, {"l": "Wheat", "v": 0.85073514824061192}, {"l": "Oats", "v": 0.0093297069418681305}, {"l": "Rye", "v": 0.0055581232845171857}, {"l": "Barley", "v": 0.038957431360110761}, {"l": "Rice", "v": 0.0041042978742886742}]}, {"source": 9, "prod": 4.0, "target": 15, "value": 0.02122508329275, "supply": [{"l": "Sunflower seed", "v": 0.02122508329275}]}, {"source": 16, "prod": 1.0, "target": 11, "value": 0.00265313541159375, "supply": [{"l": "Cocoa Beans", "v": 0.00265313541159375}]}, {"source": 16, "prod": 39.0, "target": 1, "value": 0.04030501961162343, "supply": [{"l": "Bovine Meat", "v": 0.0087991941941932775}, {"l": "Pelagic Fish", "v": 0.014529922791010069}, {"l": "Fish, Seafood", "v": 0.014318508570505952}, {"l": "Mutton & Goat Meat", "v": 0.0026573940559141253}]}, {"source": 16, "prod": 116.0, "target": 13, "value": 0.50158792641825389, "supply": [{"l": "Sugar", "v": 0.44661288582597614}, {"l": "Beer", "v": 0.0011458271186317482}, {"l": "Oilcrops Oil, Other", "v": 0.019976548981411768}, {"l": "Fats, Animals, Raw", "v": 0.033852664492234188}]}, {"source": 16, "prod": 151.0, "target": 2, "value": 0.45966386549000482, "supply": [{"l": "Maize", "v": 0.20226482643735966}, {"l": "Rice", "v": 0.053355872365752767}, {"l": "Wheat", "v": 0.024838982430382829}, {"l": "Barley", "v": 0.1792041842565095}]}, {"source": 16, "prod": 5.0, "target": 5, "value": 0.0041773646795210083, "supply": [{"l": "Grapes", "v": 0.0015475233576109366}, {"l": "Oranges, Mandarines", "v": 0.00030539688191007198}, {"l": "Lemons, Limes", "v": 0.0023244444400000001}]}, {"source": 16, "prod": 2.0, "target": 9, "value": 0.002927597695551724, "supply": [{"l": "Olives", "v": 0.002927597695551724}]}, {"source": 7, "prod": 96.0, "target": 17, "value": 0.19599250706092386, "supply": [{"l": "Fats, Animals, Raw", "v": 0.10155799347670257}, {"l": "Butter, Ghee", "v": 0.016529268404973454}, {"l": "Wine", "v": 0.057884856368722246}, {"l": "Beverages, Fermented", "v": 0.0028943295399204549}, {"l": "Beverages, Alcoholic", "v": 0.017126059270605162}]}, {"source": 0, "prod": 145.0, "target": 17, "value": 0.15621138777322319, "supply": [{"l": "Pigmeat", "v": 0.049544738625341853}, {"l": "Milk - Excluding Butter", "v": 0.042750853679578232}, {"l": "Meat, Other", "v": 0.0027989120825604396}, {"l": "Eggs", "v": 0.048624736270663639}, {"l": "Poultry Meat", "v": 0.012492147115079021}]}, {"source": 2, "prod": 126.0, "target": 17, "value": 0.41611843417507571, "supply": [{"l": "Maize", "v": 0.34484494999156401}, {"l": "Rice", "v": 0.02052148937144337}, {"l": "Cereals, Other", "v": 0.0031048728037978536}, {"l": "Wheat", "v": 0.037258473645574247}, {"l": "Barley", "v": 0.010388648362696205}]}, {"source": 9, "prod": 51.0, "target": 17, "value": 0.25586564899307568, "supply": [{"l": "Cottonseed", "v": 0.015451210059856325}, {"l": "Sunflower seed", "v": 0.22816964539706253}, {"l": "Rape and Mustardseed", "v": 0.0061804840239425294}, {"l": "Oilcrops, Other", "v": 0.0060643095122142861}]}, {"source": 10, "prod": 82.0, "target": 17, "value": 0.33714646104600093, "supply": [{"l": "Sugar", "v": 0.31841844637592742}, {"l": "Sweeteners, Other", "v": 0.018728014670073533}]}, {"source": 4, "prod": 65.0, "target": 17, "value": 0.050367459559779768, "supply": [{"l": "Potatoes", "v": 0.050367459559779768}]}, {"source": 5, "prod": 932.0, "target": 17, "value": 0.54901592089002904, "supply": [{"l": "Beans", "v": 0.1604676509934149}, {"l": "Apples", "v": 0.050617160049698559}, {"l": "Tomatoes", "v": 0.085113650591027629}, {"l": "Fruits, Other", "v": 0.1088183281278783}, {"l": "Vegetables, Other", "v": 0.024619626059546623}, {"l": "Peas", "v": 0.0039357770344172188}, {"l": "Treenuts", "v": 0.0023803831730186912}, {"l": "Grapes", "v": 0.089756354741434313}, {"l": "Pulses, Other", "v": 0.022857782007576922}, {"l": "Onions", "v": 0.00044920811201587307}]}, {"source": 11, "prod": 4.0, "target": 17, "value": 0.015427322547689217, "supply": [{"l": "Nuts", "v": 0.0024028396180471702}, {"l": "Spices, Other", "v": 0.0053062708231875}, {"l": "Pimento", "v": 0.007718212106454546}]}, {"source": 12, "prod": 8.0, "target": 17, "value": 0.082386569724676229, "supply": [{"l": "Sunflowerseed Oil", "v": 0.082386569724676229}]}, {"source": 18, "prod": 25.0, "target": 5, "value": 0.098065447536884953, "supply": [{"l": "Peas", "v": 0.039357770344172184}, {"l": "Beans", "v": 0.058707677192712769}]}, {"source": 0, "prod": 4.0, "target": 19, "value": 0.0050838522856886236, "supply": [{"l": "Offals, Edible", "v": 0.0050838522856886236}]}, {"source": 7, "prod": 4.0, "target": 19, "value": 0.033852664492234188, "supply": [{"l": "Fats, Animals, Raw", "v": 0.033852664492234188}]}, {"source": 5, "prod": 50.0, "target": 19, "value": 0.030004266186944139, "supply": [{"l": "Fruits, Other", "v": 0.024316944833045424}, {"l": "Apples", "v": 0.0056873213538987145}]}, {"source": 18, "prod": 70.0, "target": 13, "value": 0.054755945213656183, "supply": [{"l": "Wine", "v": 0.054755945213656183}]}, {"source": 4, "prod": 20.0, "target": 19, "value": 0.01549767986454762, "supply": [{"l": "Potatoes", "v": 0.01549767986454762}]}, {"source": 10, "prod": 36.0, "target": 19, "value": 0.14770185724887017, "supply": [{"l": "Sweeteners, Other", "v": 0.01123680880204412}, {"l": "Sugar", "v": 0.13646504844682605}]}, {"source": 18, "prod": 350.0, "target": 2, "value": 1.0867054813292487, "supply": [{"l": "Wheat", "v": 1.0867054813292487}]}, {"source": 1, "prod": 50.0, "target": 6, "value": 0.043183369427991246, "supply": [{"l": "Freshwater Fish", "v": 0.00084338079308940396}, {"l": "Pelagic Fish", "v": 0.014529922791010067}, {"l": "Marine Fish, Other", "v": 0.0067534355931477283}, {"l": "Fish, Seafood", "v": 0.021056630250744047}]}, {"source": 1, "prod": 1598.0, "target": 0, "value": 1.4137023184433637, "supply": [{"l": "Poultry Meat", "v": 0.052744621152555862}, {"l": "Pigmeat", "v": 0.26868492869896932}, {"l": "Bovine Meat", "v": 0.1253885172672542}, {"l": "Eggs", "v": 0.1280451388460809}, {"l": "Milk - Excluding Butter", "v": 0.65167647467972456}, {"l": "Offals, Edible", "v": 0.050838522856886233}, {"l": "Meat, Other", "v": 0.012595104371521977}, {"l": "Mutton & Goat Meat", "v": 0.13021230873979214}]}, {"source": 13, "prod": 588.0, "target": 7, "value": 1.1092581259816172, "supply": [{"l": "Fats, Animals, Raw", "v": 0.38930564166069315}, {"l": "Alcohol, Non-Food", "v": 0.029699073135246699}, {"l": "Beverages, Fermented", "v": 0.0057886590798409097}, {"l": "Beer", "v": 0.070468367795852513}, {"l": "Beverages, Alcoholic", "v": 0.30484385501677186}, {"l": "Butter, Ghee", "v": 0.090910976227353987}, {"l": "Wine", "v": 0.21824155306585818}]}, {"source": 13, "prod": 110.0, "target": 12, "value": 1.1309550533650263, "supply": [{"l": "Cottonseed Oil", "v": 0.010298321215584529}, {"l": "Oilcrops Oil, Other", "v": 0.059929646944235311}, {"l": "Sunflowerseed Oil", "v": 1.0092354791272837}, {"l": "Rape and Mustard Oil", "v": 0.051491606077922636}]}, {"source": 13, "prod": 329.0, "target": 10, "value": 1.3557301929963983, "supply": [{"l": "Honey", "v": 0.0073826376670434787}, {"l": "Sweeteners, Other", "v": 0.037456029340147065}, {"l": "Sugar", "v": 1.3108915259892076}]}, {"source": 20, "prod": 0, "target": 2, "value": 0.020359649683489103, "supply": "[{\"l\":'Energy for power irrigation',\"v\":0.020359649683489103}]"}, {"source": 20, "prod": 0, "target": 9, "value": 0.0015369496476551649, "supply": "[{\"l\":'Energy for power irrigation',\"v\":0.0015369496476551649}]"}, {"source": 20, "prod": 0, "target": 3, "value": 0.0071914334440926399, "supply": "[{\"l\":'Energy for power irrigation',\"v\":0.0071914334440926399}]"}, {"source": 20, "prod": 0, "target": 4, "value": 0.0019557190951617789, "supply": "[{\"l\":'Energy for power irrigation',\"v\":0.0019557190951617789}]"}, {"source": 20, "prod": 0, "target": 5, "value": 0.014692010825873411, "supply": "[{\"l\":'Energy for power irrigation',\"v\":0.014692010825873411}]"}, {"source": 20, "prod": 0, "target": 11, "value": 0.00010962550981848538, "supply": "[{\"l\":'Energy for power irrigation',\"v\":0.00010962550981848538}]"}, {"source": 20, "prod": 0, "target": 13, "value": 1.0830146708495307, "supply": "[{\"l\":'Electricity',\"v\":1.0830146708495307}]"}, {"source": 21, "prod": 0, "target": 20, "value": 2.5984006052021753, "supply": [{"l": "Coal", "v": 2.3172525539236335}, {"l": "Natural gas", "v": 0.0}, {"l": "Oil", "v": 0.28114805127854198}]}, {"source": 22, "prod": 0, "target": 20, "value": 0.11829530353955825, "supply": [{"l": "Nuclear", "v": 0.0}, {"l": "Hydroelectric", "v": 0.11829530353955825}, {"l": "Renewable", "v": 0.0}]}, {"source": 21, "prod": 0, "target": 2, "value": 2.6352275540503678, "supply": [{"l": "Motor Gasoline", "v": 0.54830362000751831}, {"l": "Gas-Diesel oil", "v": 1.8689355896418793}, {"l": "Natural gas (including LNG)", "v": 0.0027139061608405543}, {"l": "Fuel oil", "v": 0.17443015051947927}, {"l": "Liquefied petroleum gas (LPG)", "v": 0.0058348982458071921}, {"l": "Coal", "v": 0.03500938947484316}]}, {"source": 21, "prod": 0, "target": 9, "value": 0.19893328832536158, "supply": [{"l": "Motor Gasoline", "v": 0.041391432007890409}, {"l": "Gas-Diesel oil", "v": 0.14108591948513433}, {"l": "Natural gas (including LNG)", "v": 0.00020487273516575798}, {"l": "Fuel oil", "v": 0.013167729432926446}, {"l": "Liquefied petroleum gas (LPG)", "v": 0.00044047638060637967}, {"l": "Coal", "v": 0.0026428582836382783}]}, {"source": 21, "prod": 0, "target": 3, "value": 0.93081481555946644, "supply": [{"l": "Motor Gasoline", "v": 0.1936717503364915}, {"l": "Gas-Diesel oil", "v": 0.66014524381061424}, {"l": "Natural gas (including LNG)", "v": 0.0009586056652549018}, {"l": "Fuel oil", "v": 0.061612200485019607}, {"l": "Liquefied petroleum gas (LPG)", "v": 0.0020610021802980388}, {"l": "Coal", "v": 0.012366013081788235}]}, {"source": 21, "prod": 0, "target": 4, "value": 0.25313622423141585, "supply": [{"l": "Motor Gasoline", "v": 0.05266926868907025}, {"l": "Gas-Diesel oil", "v": 0.17952730410947193}, {"l": "Natural gas (including LNG)", "v": 0.00026069397969736961}, {"l": "Fuel oil", "v": 0.01675551305873094}, {"l": "Liquefied petroleum gas (LPG)", "v": 0.00056049205634934468}, {"l": "Coal", "v": 0.0033629523380960687}]}, {"source": 21, "prod": 0, "target": 5, "value": 1.9016433167878004, "supply": [{"l": "Motor Gasoline", "v": 0.39566902408683835}, {"l": "Gas-Diesel oil", "v": 1.3486686825533314}, {"l": "Natural gas (including LNG)", "v": 0.0019584196838027738}, {"l": "Fuel oil", "v": 0.12587297422259647}, {"l": "Liquefied petroleum gas (LPG)", "v": 0.0042106023201759638}, {"l": "Coal", "v": 0.025263613921055784}]}, {"source": 21, "prod": 0, "target": 11, "value": 0.014189250237186989, "supply": [{"l": "Motor Gasoline", "v": 0.0029523132673245659}, {"l": "Gas-Diesel oil", "v": 0.010063189692234974}, {"l": "Natural gas (including LNG)", "v": 1.4612891238641798e-05}, {"l": "Fuel oil", "v": 0.00093921037324725017}, {"l": "Liquefied petroleum gas (LPG)", "v": 3.1417716163079863e-05}, {"l": "Coal", "v": 0.0001885062969784792}]}, {"source": 21, "prod": 0, "target": 1, "value": 0.012147500009717999, "supply": [{"l": "Gas-diesel oils used in fisheries", "v": 0.012147500009717999}]}, {"source": 23, "prod": 63.830924820659973, "target": 2, "value": 0.72207145200839196, "supply": [{"l": "Potash", "v": 0.022177638906630999}, {"l": "Phosphate", "v": 0.26032750020826195}, {"l": "Nitrogen", "v": 1.3434386538525285}]}, {"source": 23, "prod": 4.8185955523672881, "target": 9, "value": 0.054509163025832731, "supply": [{"l": "Potash", "v": 0.022177638906630999}, {"l": "Phosphate", "v": 0.26032750020826195}, {"l": "Nitrogen", "v": 1.3434386538525285}]}, {"source": 23, "prod": 22.546352941176472, "target": 3, "value": 0.25505000673998768, "supply": [{"l": "Potash", "v": 0.022177638906630999}, {"l": "Phosphate", "v": 0.26032750020826195}, {"l": "Nitrogen", "v": 1.3434386538525285}]}, {"source": 23, "prod": 6.1315081779053084, "target": 4, "value": 0.069361160369533228, "supply": [{"l": "Potash", "v": 0.022177638906630999}, {"l": "Phosphate", "v": 0.26032750020826195}, {"l": "Nitrogen", "v": 1.3434386538525285}]}, {"source": 23, "prod": 46.061924103299859, "target": 5, "value": 0.52106405340385897, "supply": [{"l": "Potash", "v": 0.022177638906630999}, {"l": "Phosphate", "v": 0.26032750020826195}, {"l": "Nitrogen", "v": 1.3434386538525285}]}, {"source": 23, "prod": 0.34369440459110479, "target": 11, "value": 0.0038879574198168853, "supply": [{"l": "Potash", "v": 0.022177638906630999}, {"l": "Phosphate", "v": 0.26032750020826195}, {"l": "Nitrogen", "v": 1.3434386538525285}]}, {"source": 21, "prod": 0, "target": 23, "value": 1.9264100857563522, "supply": [{"l": "Natural gas (including LNG)", "v": 1.3216620729294168}, {"l": "Fuel oil", "v": 0.36726676807515662}, {"l": "Liquefied petroleum gas (LPG)", "v": 0.11874062237588938}, {"l": "Coal", "v": 0.11874062237588938}]}, {"source": 24, "prod": 0, "target": 2, "value": 0.31725909559467197, "supply": "[{\"l\":'Labor',\"v\":0.31725909559467197}]"}, {"source": 24, "prod": 0, "target": 9, "value": 0.023949884343297978, "supply": "[{\"l\":'Labor',\"v\":0.023949884343297978}]"}, {"source": 24, "prod": 0, "target": 3, "value": 0.11206222631386216, "supply": "[{\"l\":'Labor',\"v\":0.11206222631386216}]"}, {"source": 24, "prod": 0, "target": 4, "value": 0.030475459107306414, "supply": "[{\"l\":'Labor',\"v\":0.030475459107306414}]"}, {"source": 24, "prod": 0, "target": 5, "value": 0.22894176174670439, "supply": "[{\"l\":'Labor',\"v\":0.22894176174670439}]"}, {"source": 24, "prod": 0, "target": 11, "value": 0.0017082656450283866, "supply": "[{\"l\":'Labor',\"v\":0.0017082656450283866}]"}, {"source": 21, "prod": 0, "target": 16, "value": 0.16894892612821355, "supply": "[{\"l\":'Fossil Fuels',\"v\":0.16894892612821355}]"}, {"source": 22, "prod": 0, "target": 16, "value": 0.0039770909627855865, "supply": "[{\"l\":'Renewables & Nuclear',\"v\":0.0017327971247790728},{\"l\":'Biomass & Waste',\"v\":0.0022442938380065141}]"}]}