{"nodes": [{"layer": 13, "name": "Aquatic Products", "fill": "#1f77b4"}, {"layer": 10, "name": "Feed", "fill": "#dbdb8d"}, {"layer": 5, "name": "Starchy Roots"}, {"layer": 13, "name": "Animal Products", "fill": "#17becf"}, {"layer": 5, "name": "Cereals", "fill": "#e7ba52"}, {"layer": 5, "name": "Sugar Crops", "fill": "#ffbb78"}, {"layer": 13, "name": "Other Processed", "fill": "#9c9ede"}, {"layer": 16, "name": "Food", "fill": "#b5cf6b"}, {"layer": 5, "name": "Oilcrops", "fill": "#ff9896"}, {"layer": 13, "name": "Sugar", "fill": "#d6616b"}, {"layer": 5, "name": "Fruits & Vegetables"}, {"layer": 5, "name": "Others"}, {"layer": 13, "name": "Vegetable Oils", "fill": "#f7b6d2"}, {"layer": 10, "name": "Processing", "fill": "#9edae5"}, {"layer": 16, "name": "Biofuels & Other", "fill": "#e7ba52"}, {"name": "Seed", "fill": "#dbdb8d"}, {"name": "Waste", "fill": "#c7c7c7"}, {"layer": 0, "name": "Import", "fill": "#aec7e8"}, {"layer": 16, "name": "Export", "fill": "#aec7e8"}, {"layer": 16, "name": "Stock Deposit", "fill": "#c7c7c7"}, {"layer": 0, "name": "Stock Draw", "fill": "#c7c7c7"}, {"layer": 0, "name": "Production", "fill": "#b5cf6b"}], "links": [{"source": 0, "prod": 0.0064572424766995377, "target": 1, "value": 8.0, "supply": [{"l": "Pelagic Fish", "v": 3.0}, {"l": "Demersal Fish", "v": 1.0}, {"l": "Fish, Seafood", "v": 4.0}]}, {"source": 2, "prod": 0.023043187117615205, "target": 1, "value": 26.0, "supply": [{"l": "Potatoes", "v": 20.0}, {"l": "Sweet potatoes", "v": 6.0}]}, {"source": 3, "prod": 0.15505840502247073, "target": 1, "value": 171.0, "supply": [{"l": "Milk - Excluding Butter", "v": 109.0}, {"l": "Offals, Edible", "v": 62.0}]}, {"source": 4, "prod": 0.45681908063788929, "target": 1, "value": 172.0, "supply": [{"l": "Maize", "v": 40.0}, {"l": "Wheat", "v": 10.0}, {"l": "Oats", "v": 29.0}, {"l": "Barley", "v": 3.0}, {"l": "Sorghum", "v": 89.0}, {"l": "Cereals, Other", "v": 1.0}]}, {"source": 5, "prod": 0.041116018492812864, "target": 1, "value": 113.0, "supply": [{"l": "Sugar cane", "v": 113.0}]}, {"source": 6, "prod": 0.2574929538485361, "target": 7, "value": 163.0, "supply": [{"l": "Beer", "v": 69.0}, {"l": "Beverages, Alcoholic", "v": 9.0}, {"l": "Butter, Ghee", "v": 4.0}, {"l": "Fats, Animals, Raw", "v": 13.0}, {"l": "Wine", "v": 68.0}]}, {"source": 3, "prod": 1.180546279850391, "target": 7, "value": 861.0, "supply": [{"l": "Eggs", "v": 16.0}, {"l": "Pigmeat", "v": 26.0}, {"l": "Milk - Excluding Butter", "v": 550.0}, {"l": "Meat, Other", "v": 1.0}, {"l": "Mutton & Goat Meat", "v": 34.0}, {"l": "Poultry Meat", "v": 12.0}, {"l": "Offals, Edible", "v": 6.0}, {"l": "Bovine Meat", "v": 216.0}]}, {"source": 4, "prod": 1.2151047658102394, "target": 7, "value": 404.0, "supply": [{"l": "Maize", "v": 89.0}, {"l": "Barley", "v": 4.0}, {"l": "Rice", "v": 22.0}, {"l": "Wheat", "v": 289.0}]}, {"source": 8, "prod": 0.0078702828230222868, "target": 7, "value": 4.0, "supply": [{"l": "Olives", "v": 3.0}, {"l": "Coconuts - Incl Copra", "v": 1.0}]}, {"source": 9, "prod": 0.43807700003344524, "target": 7, "value": 106.0, "supply": [{"l": "Sugar", "v": 105.0}, {"l": "Sweeteners, Other", "v": 1.0}]}, {"source": 2, "prod": 0.13634962142908869, "target": 7, "value": 151.0, "supply": [{"l": "Potatoes", "v": 105.0}, {"l": "Sweet potatoes", "v": 44.0}, {"l": "Cassava", "v": 2.0}]}, {"source": 10, "prod": 0.13561511241144555, "target": 7, "value": 299.0, "supply": [{"l": "Fruits, Other", "v": 23.0}, {"l": "Grapefruit", "v": 5.0}, {"l": "Tomatoes", "v": 43.0}, {"l": "Vegetables, Other", "v": 70.0}, {"l": "Peas", "v": 2.0}, {"l": "Grapes", "v": 3.0}, {"l": "Beans", "v": 2.0}, {"l": "Apples", "v": 22.0}, {"l": "Lemons, Limes", "v": 12.0}, {"l": "Pineapples", "v": 1.0}, {"l": "Bananas", "v": 35.0}, {"l": "Oranges, Mandarines", "v": 59.0}, {"l": "Pulses, Other", "v": 1.0}, {"l": "Onions", "v": 21.0}]}, {"source": 11, "prod": 0.011452474822078918, "target": 7, "value": 21.0, "supply": [{"l": "Coffee", "v": 2.0}, {"l": "Cocoa Beans", "v": 1.0}, {"l": "Tea", "v": 18.0}]}, {"source": 0, "prod": 0.012561414077982601, "target": 7, "value": 24.0, "supply": [{"l": "Marine Fish, Other", "v": 2.0}, {"l": "Pelagic Fish", "v": 1.0}, {"l": "Fish, Seafood", "v": 12.0}, {"l": "Demersal Fish", "v": 9.0}]}, {"source": 12, "prod": 0.17429511389280963, "target": 7, "value": 17.0, "supply": [{"l": "Soyabean Oil", "v": 4.0}, {"l": "Sunflowerseed Oil", "v": 13.0}]}, {"source": 3, "prod": 0.0014982411736058823, "target": 13, "value": 1.0, "supply": [{"l": "Poultry Meat", "v": 1.0}]}, {"source": 4, "prod": 0.056782563394972133, "target": 13, "value": 22.0, "supply": [{"l": "Maize", "v": 18.0}, {"l": "Barley", "v": 4.0}]}, {"source": 8, "prod": 0.20821361170158698, "target": 13, "value": 91.707865168539328, "supply": [{"l": "Sunflower seed", "v": 41.0}, {"l": "Soyabeans", "v": 20.0}, {"l": "Groundnuts", "v": 1.0}, {"l": "Oilcrops, Other", "v": 20.0}, {"l": "Oil Palm", "v": 9.7078651685393265}]}, {"source": 5, "prod": 0.51383346933498719, "target": 13, "value": 653.0, "supply": [{"l": "Sugar beet", "v": 346.0}, {"l": "Sugar cane", "v": 307.0}]}, {"source": 9, "prod": 0.0041391588601159997, "target": 13, "value": 1.0, "supply": [{"l": "Sugar", "v": 1.0}]}, {"source": 10, "prod": 0.10531362818056021, "target": 13, "value": 133.0, "supply": [{"l": "Apples", "v": 1.0}, {"l": "Grapes", "v": 132.0}]}, {"source": 2, "prod": 0.0013061589718615385, "target": 14, "value": 1.0, "supply": [{"l": "Cassava", "v": 1.0}]}, {"source": 6, "prod": 0.063660519781506067, "target": 14, "value": 13.0, "supply": [{"l": "Fats, Animals, Raw", "v": 7.0}, {"l": "Alcohol, Non-Food", "v": 6.0}]}, {"source": 12, "prod": 0.083040157331860112, "target": 14, "value": 8.0, "supply": [{"l": "Oilcrops Oil, Other", "v": 2.0}, {"l": "Sunflowerseed Oil", "v": 6.0}]}, {"source": 3, "prod": 0.0033980068241768508, "target": 14, "value": 5.0, "supply": [{"l": "Milk - Excluding Butter", "v": 5.0}]}, {"source": 9, "prod": 0.0082783177202319994, "target": 14, "value": 2.0, "supply": [{"l": "Sugar", "v": 2.0}]}, {"source": 2, "prod": 0.022693307036856483, "target": 15, "value": 26.0, "supply": [{"l": "Potatoes", "v": 22.0}, {"l": "Sweet potatoes", "v": 4.0}]}, {"source": 3, "prod": 0.0015047633677695896, "target": 3, "value": 1.0, "supply": [{"l": "Eggs", "v": 1.0}]}, {"source": 4, "prod": 0.13402484257811839, "target": 15, "value": 44.0, "supply": [{"l": "Maize", "v": 3.0}, {"l": "Wheat", "v": 26.0}, {"l": "Oats", "v": 4.0}, {"l": "Barley", "v": 3.0}, {"l": "Rice", "v": 6.0}, {"l": "Sorghum", "v": 2.0}]}, {"source": 8, "prod": 0.0078977054112558138, "target": 15, "value": 4.0, "supply": [{"l": "Sunflower seed", "v": 1.0}, {"l": "Soyabeans", "v": 2.0}, {"l": "Oilcrops, Other", "v": 1.0}]}, {"source": 2, "prod": 0.023043187117615205, "target": 16, "value": 26.0, "supply": [{"l": "Potatoes", "v": 20.0}, {"l": "Sweet potatoes", "v": 6.0}]}, {"source": 10, "prod": 0.019019285554820842, "target": 16, "value": 48.0, "supply": [{"l": "Oranges, Mandarines", "v": 9.0}, {"l": "Fruits, Other", "v": 3.0}, {"l": "Grapefruit", "v": 1.0}, {"l": "Lemons, Limes", "v": 2.0}, {"l": "Tomatoes", "v": 8.0}, {"l": "Bananas", "v": 6.0}, {"l": "Vegetables, Other", "v": 11.0}, {"l": "Grapes", "v": 1.0}, {"l": "Onions", "v": 4.0}, {"l": "Apples", "v": 3.0}]}, {"source": 3, "prod": 0.047919863721127318, "target": 16, "value": 61.0, "supply": [{"l": "Milk - Excluding Butter", "v": 51.0}, {"l": "Eggs", "v": 1.0}, {"l": "Offals, Edible", "v": 9.0}]}, {"source": 4, "prod": 0.15044233177718119, "target": 16, "value": 51.0, "supply": [{"l": "Maize", "v": 10.0}, {"l": "Oats", "v": 2.0}, {"l": "Barley", "v": 2.0}, {"l": "Sorghum", "v": 10.0}, {"l": "Rice", "v": 4.0}, {"l": "Wheat", "v": 23.0}]}, {"source": 8, "prod": 0.0098721317640697668, "target": 16, "value": 5.0, "supply": [{"l": "Soyabeans", "v": 2.0}, {"l": "Sunflower seed", "v": 2.0}, {"l": "Oilcrops, Other", "v": 1.0}]}, {"source": 17, "prod": 0.011452474822078918, "target": 11, "value": 21.0, "supply": [{"l": "Cocoa Beans", "v": 1.0}, {"l": "Coffee", "v": 2.0}, {"l": "Tea", "v": 18.0}]}, {"source": 17, "prod": 0.008730549234179109, "target": 1, "value": 9.0, "supply": [{"l": "Fish, Seafood", "v": 1.0}, {"l": "Pigmeat", "v": 1.0}, {"l": "Milk - Excluding Butter", "v": 6.0}, {"l": "Pelagic Fish", "v": 1.0}]}, {"source": 17, "prod": 0.12129965393791266, "target": 13, "value": 30.0, "supply": [{"l": "Alcohol, Non-Food", "v": 6.0}, {"l": "Sugar", "v": 18.0}, {"l": "Beverages, Alcoholic", "v": 3.0}, {"l": "Oilcrops Oil, Other", "v": 2.0}, {"l": "Sunflowerseed Oil", "v": 1.0}]}, {"source": 17, "prod": 0.13394426313352709, "target": 4, "value": 52.0, "supply": [{"l": "Maize", "v": 21.0}, {"l": "Oats", "v": 3.0}, {"l": "Sorghum", "v": 2.0}, {"l": "Wheat", "v": 4.0}, {"l": "Barley", "v": 22.0}]}, {"source": 17, "prod": 0.038732037850018122, "target": 10, "value": 55.0, "supply": [{"l": "Fruits, Other", "v": 1.0}, {"l": "Apples", "v": 1.0}, {"l": "Tomatoes", "v": 1.0}, {"l": "Pineapples", "v": 1.0}, {"l": "Bananas", "v": 41.0}, {"l": "Vegetables, Other", "v": 1.0}, {"l": "Grapes", "v": 1.0}, {"l": "Pulses, Other", "v": 1.0}, {"l": "Onions", "v": 7.0}]}, {"source": 17, "prod": 0.0039397118428833987, "target": 8, "value": 2.0, "supply": [{"l": "Olives", "v": 1.0}, {"l": "Coconuts - Incl Copra", "v": 1.0}]}, {"source": 17, "prod": 0.019990684247563149, "target": 2, "value": 22.0, "supply": [{"l": "Potatoes", "v": 19.0}, {"l": "Cassava", "v": 3.0}]}, {"source": 6, "prod": 0.1097653527968051, "target": 18, "value": 13.0, "supply": [{"l": "Butter, Ghee", "v": 5.0}, {"l": "Fats, Animals, Raw", "v": 8.0}]}, {"source": 3, "prod": 0.59260524609509202, "target": 18, "value": 293.0, "supply": [{"l": "Meat, Other", "v": 2.0}, {"l": "Mutton & Goat Meat", "v": 15.0}, {"l": "Bovine Meat", "v": 171.0}, {"l": "Milk - Excluding Butter", "v": 95.0}, {"l": "Poultry Meat", "v": 6.0}, {"l": "Offals, Edible", "v": 4.0}]}, {"source": 4, "prod": 1.7581935471160774, "target": 18, "value": 518.0, "supply": [{"l": "Maize", "v": 6.0}, {"l": "Oats", "v": 9.0}, {"l": "Barley", "v": 78.0}, {"l": "Sorghum", "v": 100.0}, {"l": "Rice", "v": 213.0}, {"l": "Wheat", "v": 112.0}]}, {"source": 8, "prod": 0.04343737976190698, "target": 18, "value": 22.0, "supply": [{"l": "Soyabeans", "v": 21.0}, {"l": "Sunflower seed", "v": 1.0}]}, {"source": 9, "prod": 0.015918812469562501, "target": 18, "value": 3.0, "supply": [{"l": "Honey", "v": 3.0}]}, {"source": 10, "prod": 0.011054650385431741, "target": 18, "value": 33.0, "supply": [{"l": "Fruits, Other", "v": 5.0}, {"l": "Grapefruit", "v": 1.0}, {"l": "Lemons, Limes", "v": 6.0}, {"l": "Oranges, Mandarines", "v": 21.0}]}, {"source": 0, "prod": 0.12825742134140006, "target": 18, "value": 270.0, "supply": [{"l": "Pelagic Fish", "v": 1.0}, {"l": "Fish, Seafood", "v": 135.0}, {"l": "Cephalopods", "v": 3.0}, {"l": "Demersal Fish", "v": 131.0}]}, {"source": 12, "prod": 0.094892816204328378, "target": 18, "value": 9.0, "supply": [{"l": "Oilcrops Oil, Other", "v": 7.0}, {"l": "Palm Oil", "v": 2.0}]}, {"source": 3, "prod": 0.016310432756048879, "target": 19, "value": 24.0, "supply": [{"l": "Milk - Excluding Butter", "v": 24.0}]}, {"source": 6, "prod": 0.11635704027361496, "target": 19, "value": 41.0, "supply": [{"l": "Fats, Animals, Raw", "v": 11.0}, {"l": "Wine", "v": 30.0}]}, {"source": 4, "prod": 0.12354738161051, "target": 19, "value": 48.0, "supply": [{"l": "Maize", "v": 35.0}, {"l": "Barley", "v": 13.0}]}, {"source": 20, "prod": 0.0027620618521382308, "target": 1, "value": 6.0, "supply": [{"l": "Demersal Fish", "v": 3.0}, {"l": "Fish, Seafood", "v": 3.0}]}, {"source": 8, "prod": 0.0098721317640697685, "target": 19, "value": 5.0, "supply": [{"l": "Soyabeans", "v": 5.0}]}, {"source": 20, "prod": 0.082904123178311376, "target": 13, "value": 16.0, "supply": [{"l": "Sugar", "v": 13.0}, {"l": "Butter, Ghee", "v": 1.0}, {"l": "Sunflowerseed Oil", "v": 2.0}]}, {"source": 2, "prod": 0.025377169471545048, "target": 19, "value": 30.0, "supply": [{"l": "Potatoes", "v": 30.0}]}, {"source": 20, "prod": 0.36118498700074186, "target": 4, "value": 115.0, "supply": [{"l": "Wheat", "v": 70.0}, {"l": "Oats", "v": 20.0}, {"l": "Rice", "v": 25.0}]}, {"source": 21, "prod": 3.4118046973174541, "target": 4, "value": 1096.0, "supply": [{"l": "Maize", "v": 181.0}, {"l": "Barley", "v": 85.0}, {"l": "Rice", "v": 220.0}, {"l": "Cereals, Other", "v": 2.0}, {"l": "Wheat", "v": 388.0}, {"l": "Oats", "v": 21.0}, {"l": "Sorghum", "v": 199.0}]}, {"source": 21, "prod": 0.28321439052028369, "target": 8, "value": 129.70786516853931, "supply": [{"l": "Olives", "v": 3.0}, {"l": "Sunflower seed", "v": 45.0}, {"l": "Groundnuts", "v": 1.0}, {"l": "Oilcrops, Other", "v": 21.0}, {"l": "Soyabeans", "v": 50.0}, {"l": "Oil Palm", "v": 9.7078651685393265}]}, {"source": 21, "prod": 0.55494948782780007, "target": 5, "value": 766.0, "supply": [{"l": "Sugar cane", "v": 420.0}, {"l": "Sugar beet", "v": 346.0}]}, {"source": 21, "prod": 0.21097604124796751, "target": 2, "value": 237.0, "supply": [{"l": "Potatoes", "v": 177.0}, {"l": "Sweet potatoes", "v": 60.0}]}, {"source": 21, "prod": 0.24000096696504133, "target": 10, "value": 460.0, "supply": [{"l": "Fruits, Other", "v": 30.0}, {"l": "Grapefruit", "v": 6.0}, {"l": "Tomatoes", "v": 50.0}, {"l": "Vegetables, Other", "v": 81.0}, {"l": "Peas", "v": 2.0}, {"l": "Grapes", "v": 135.0}, {"l": "Beans", "v": 3.0}, {"l": "Apples", "v": 25.0}, {"l": "Lemons, Limes", "v": 20.0}, {"l": "Oranges, Mandarines", "v": 89.0}, {"l": "Onions", "v": 18.0}, {"l": "Pulses, Other", "v": 1.0}]}, {"source": 1, "prod": 0.14727607789608219, "target": 0, "value": 302.0, "supply": [{"l": "Marine Fish, Other", "v": 2.0}, {"l": "Pelagic Fish", "v": 5.0}, {"l": "Demersal Fish", "v": 141.0}, {"l": "Cephalopods", "v": 3.0}, {"l": "Fish, Seafood", "v": 151.0}]}, {"source": 1, "prod": 1.9973364754429126, "target": 3, "value": 1416.0, "supply": [{"l": "Poultry Meat", "v": 19.0}, {"l": "Pigmeat", "v": 26.0}, {"l": "Bovine Meat", "v": 387.0}, {"l": "Eggs", "v": 18.0}, {"l": "Milk - Excluding Butter", "v": 834.0}, {"l": "Offals, Edible", "v": 81.0}, {"l": "Meat, Other", "v": 3.0}, {"l": "Mutton & Goat Meat", "v": 49.0}]}, {"source": 13, "prod": 0.54727586670046224, "target": 6, "value": 230.0, "supply": [{"l": "Fats, Animals, Raw", "v": 39.0}, {"l": "Alcohol, Non-Food", "v": 6.0}, {"l": "Beer", "v": 69.0}, {"l": "Beverages, Alcoholic", "v": 9.0}, {"l": "Butter, Ghee", "v": 9.0}, {"l": "Wine", "v": 98.0}]}, {"source": 13, "prod": 0.35222808742899814, "target": 12, "value": 34.0, "supply": [{"l": "Palm Oil", "v": 2.0}, {"l": "Oilcrops Oil, Other", "v": 9.0}, {"l": "Sunflowerseed Oil", "v": 19.0}, {"l": "Soyabean Oil", "v": 4.0}]}, {"source": 13, "prod": 0.46641328908335578, "target": 9, "value": 112.0, "supply": [{"l": "Honey", "v": 3.0}, {"l": "Sweeteners, Other", "v": 1.0}, {"l": "Sugar", "v": 108.0}]}]}