{"nodes": [{"layer": 5, "name": "Starchy Roots"}, {"layer": 10, "name": "Feed", "fill": "#dbdb8d"}, {"layer": 5, "name": "Sugar Crops", "fill": "#ffbb78"}, {"layer": 13, "name": "Animal Products", "fill": "#17becf"}, {"layer": 5, "name": "Cereals", "fill": "#e7ba52"}, {"layer": 13, "name": "Other Processed", "fill": "#9c9ede"}, {"layer": 16, "name": "Food", "fill": "#b5cf6b"}, {"layer": 5, "name": "Oilcrops", "fill": "#ff9896"}, {"layer": 13, "name": "Sugar", "fill": "#d6616b"}, {"layer": 5, "name": "Fruits & Vegetables"}, {"layer": 5, "name": "Others"}, {"layer": 13, "name": "Aquatic Products", "fill": "#1f77b4"}, {"layer": 13, "name": "Vegetable Oils", "fill": "#f7b6d2"}, {"layer": 10, "name": "Processing", "fill": "#9edae5"}, {"layer": 16, "name": "Biofuels & Other", "fill": "#e7ba52"}, {"name": "Waste", "fill": "#c7c7c7"}, {"layer": 2, "name": "Import", "fill": "#aec7e8"}, {"layer": 16, "name": "Export", "fill": "#aec7e8"}, {"layer": 0, "name": "Stock Draw", "fill": "#c7c7c7"}, {"layer": 16, "name": "Stock Deposit", "fill": "#c7c7c7"}, {"layer": 2, "name": "Electricity", "fill": "#bcbd22"}, {"layer": 0, "name": "Fossil Fuels", "fill": "#c49c94"}, {"layer": 0, "name": "Renewables & Nuclear", "fill": "#2ca02c"}, {"layer": 2, "name": "Fertilizers", "fill": "#c5b0d5"}, {"layer": 0, "name": "Labor", "fill": "#7f7f7f"}], "links": [{"source": 0, "prod": 23.0, "target": 1, "value": 0.020848808251943483, "supply": [{"l": "Potatoes", "v": 0.012816610222520586}, {"l": "Sweet potatoes", "v": 0.0080321980294228955}]}, {"source": 2, "prod": 37.0, "target": 1, "value": 0.013462767117115715, "supply": [{"l": "Sugar cane", "v": 0.013462767117115715}]}, {"source": 3, "prod": 205.0, "target": 1, "value": 0.17593299026659584, "supply": [{"l": "Milk - Excluding Butter", "v": 0.10756587987100109}, {"l": "Offals, Edible", "v": 0.068367110395594746}]}, {"source": 4, "prod": 290.0, "target": 1, "value": 0.75194237699932076, "supply": [{"l": "Maize", "v": 0.39764543801519386}, {"l": "Wheat", "v": 0.042698222928225879}, {"l": "Oats", "v": 0.070750277642500012}, {"l": "Barley", "v": 0.0026698217978301884}, {"l": "Sorghum", "v": 0.23494431820905659}, {"l": "Cereals, Other", "v": 0.0032342984065142858}]}, {"source": 5, "prod": 173.0, "target": 6, "value": 0.24484225833379819, "supply": [{"l": "Beer", "v": 0.026415158404480842}, {"l": "Beverages, Alcoholic", "v": 0.020558825072798208}, {"l": "Butter, Ghee", "v": 0.049755544090911631}, {"l": "Fats, Animals, Raw", "v": 0.07736245312310748}, {"l": "Wine", "v": 0.070750277642500012}]}, {"source": 3, "prod": 818.0, "target": 6, "value": 1.1805479969088124, "supply": [{"l": "Eggs", "v": 0.016343314135417501}, {"l": "Mutton & Goat Meat", "v": 0.12109927659493666}, {"l": "Pigmeat", "v": 0.075531101843028775}, {"l": "Milk - Excluding Butter", "v": 0.34644595075335416}, {"l": "Meat, Other", "v": 0.002122508329275}, {"l": "Bovine Meat", "v": 0.58733661493097222}, {"l": "Poultry Meat", "v": 0.024966572439906919}, {"l": "Offals, Edible", "v": 0.0067026578819210534}]}, {"source": 4, "prod": 356.0, "target": 6, "value": 1.1019195000963042, "supply": [{"l": "Maize", "v": 0.067573734564673471}, {"l": "Barley", "v": 0.013349108989150942}, {"l": "Rice", "v": 0.11485225856138895}, {"l": "Wheat", "v": 0.89971255455904542}, {"l": "Oats", "v": 0.0064318434220454546}]}, {"source": 7, "prod": 3.0, "target": 6, "value": 0.0098565797756743172, "supply": [{"l": "Olives", "v": 0.0034890547878493154}, {"l": "Groundnuts", "v": 0.0063675249878250009}]}, {"source": 8, "prod": 114.0, "target": 6, "value": 0.39237721546597304, "supply": [{"l": "Sugar", "v": 0.38893531006714871}, {"l": "Sweeteners, Other", "v": 0.0034419053988243241}]}, {"source": 0, "prod": 155.0, "target": 6, "value": 0.14196847748485936, "supply": [{"l": "Potatoes", "v": 0.079462983379627636}, {"l": "Sweet potatoes", "v": 0.060241485220671721}, {"l": "Cassava", "v": 0.0022640088845600004}]}, {"source": 9, "prod": 258.0, "target": 6, "value": 0.11550830464952866, "supply": [{"l": "Vegetables, Other", "v": 0.01797173791613656}, {"l": "Fruits, Other", "v": 0.022855725711966306}, {"l": "Grapefruit", "v": 0.00087526116671134038}, {"l": "Tomatoes", "v": 0.008352630733603492}, {"l": "Peas", "v": 0.0040047326967452826}, {"l": "Grapes", "v": 0.0060070990451179243}, {"l": "Beans", "v": 0.0073189942388793118}, {"l": "Apples", "v": 0.013391386715874691}, {"l": "Lemons, Limes", "v": 0.001326567705796875}, {"l": "Bananas", "v": 0.0037020494115261628}, {"l": "Oranges, Mandarines", "v": 0.017820844960543595}, {"l": "Pulses, Other", "v": 0.0045482321341607148}, {"l": "Onions", "v": 0.0073330422124664105}]}, {"source": 10, "prod": 18.0, "target": 6, "value": 0.008483109585688809, "supply": [{"l": "Coffee", "v": 0.0014309044916460676}, {"l": "Cocoa Beans", "v": 0.0010612541646375}, {"l": "Tea", "v": 0.0059909509294052421}]}, {"source": 11, "prod": 24.0, "target": 6, "value": 0.014017792415194439, "supply": [{"l": "Marine Fish, Other", "v": 0.00092282970838043483}, {"l": "Fish, Seafood", "v": 0.0071915576333082352}, {"l": "Pelagic Fish", "v": 0.001326567705796875}, {"l": "Demersal Fish", "v": 0.0045768373677088948}]}, {"source": 12, "prod": 19.0, "target": 6, "value": 0.19521670105076955, "supply": [{"l": "Soyabean Oil", "v": 0.050851762055546874}, {"l": "Sunflowerseed Oil", "v": 0.14436493899522268}]}, {"source": 3, "prod": 1.0, "target": 13, "value": 0.0014686219082298189, "supply": [{"l": "Poultry Meat", "v": 0.0014686219082298189}]}, {"source": 4, "prod": 21.0, "target": 13, "value": 0.05493294564433461, "supply": [{"l": "Maize", "v": 0.04158383665518367}, {"l": "Barley", "v": 0.013349108989150942}]}, {"source": 7, "prod": 72.0, "target": 13, "value": 0.29203388574298766, "supply": [{"l": "Sunflower seed", "v": 0.18252117858936728}, {"l": "Soyabeans", "v": 0.020280130954374146}, {"l": "Cottonseed", "v": 0.0040560261908748289}, {"l": "Oilcrops, Other", "v": 0.085176550008371418}]}, {"source": 2, "prod": 637.0, "target": 13, "value": 0.57826773333877002, "supply": [{"l": "Sugar beet", "v": 0.50440444348000002}, {"l": "Sugar cane", "v": 0.073863289858770012}]}, {"source": 8, "prod": 1.0, "target": 13, "value": 0.0034419053988243241, "supply": [{"l": "Sugar", "v": 0.0034419053988243241}]}, {"source": 9, "prod": 131.0, "target": 13, "value": 0.087351442634519147, "supply": [{"l": "Apples", "v": 0.00058223420503803001}, {"l": "Grapes", "v": 0.086769208429481118}]}, {"source": 5, "prod": 21.0, "target": 14, "value": 0.18051239062058413, "supply": [{"l": "Fats, Animals, Raw", "v": 0.18051239062058413}]}, {"source": 12, "prod": 8.0, "target": 14, "value": 0.081166218406946086, "supply": [{"l": "Oilcrops Oil, Other", "v": 0.019295530266136365}, {"l": "Sunflowerseed Oil", "v": 0.061870688140809725}]}, {"source": 3, "prod": 5.0, "target": 14, "value": 0.0034923986971104252, "supply": [{"l": "Milk - Excluding Butter", "v": 0.0034923986971104252}]}, {"source": 4, "prod": 2.0, "target": 14, "value": 0.0060997461326036976, "supply": [{"l": "Wheat", "v": 0.0060997461326036976}]}, {"source": 0, "prod": 31.0, "target": 0, "value": 0.027085997415248503, "supply": [{"l": "Potatoes", "v": 0.023069898400537053}, {"l": "Sweet potatoes", "v": 0.0040160990147114477}]}, {"source": 3, "prod": 1.0, "target": 3, "value": 0.0014857558304925001, "supply": [{"l": "Eggs", "v": 0.0014857558304925001}]}, {"source": 4, "prod": 75.0, "target": 4, "value": 0.2204880345372871, "supply": [{"l": "Maize", "v": 0.0129949489547449}, {"l": "Wheat", "v": 0.15249365331509243}, {"l": "Oats", "v": 0.019295530266136365}, {"l": "Barley", "v": 0.013349108989150942}, {"l": "Rice", "v": 0.017015149416502069}, {"l": "Sorghum", "v": 0.0053396435956603767}]}, {"source": 7, "prod": 6.0, "target": 7, "value": 0.024336157145248973, "supply": [{"l": "Sunflower seed", "v": 0.0040560261908748289}, {"l": "Soyabeans", "v": 0.0040560261908748289}, {"l": "Oilcrops, Other", "v": 0.016224104763499315}]}, {"source": 0, "prod": 23.0, "target": 15, "value": 0.020848808251943483, "supply": [{"l": "Potatoes", "v": 0.012816610222520586}, {"l": "Sweet potatoes", "v": 0.0080321980294228955}]}, {"source": 9, "prod": 39.0, "target": 15, "value": 0.014892911089337109, "supply": [{"l": "Oranges, Mandarines", "v": 0.0023989598985347149}, {"l": "Fruits, Other", "v": 0.0030474300949288407}, {"l": "Lemons, Limes", "v": 0.000265313541159375}, {"l": "Tomatoes", "v": 0.0015186601333824531}, {"l": "Bananas", "v": 0.0007404098823052326}, {"l": "Vegetables, Other", "v": 0.0030413710319615716}, {"l": "Grapes", "v": 0.00066745544945754709}, {"l": "Onions", "v": 0.0014666084424932821}, {"l": "Apples", "v": 0.00174670261511409}]}, {"source": 3, "prod": 52.0, "target": 15, "value": 0.042244637236715836, "supply": [{"l": "Milk - Excluding Butter", "v": 0.030034628795149652}, {"l": "Eggs", "v": 0.0014857558304925001}, {"l": "Offals, Edible", "v": 0.010724252611073683}]}, {"source": 4, "prod": 57.0, "target": 15, "value": 0.1649184115864045, "supply": [{"l": "Maize", "v": 0.02858888770043878}, {"l": "Oats", "v": 0.0042878956146969703}, {"l": "Barley", "v": 0.0053396435956603767}, {"l": "Sorghum", "v": 0.026698217978301884}, {"l": "Rice", "v": 0.0085075747082510346}, {"l": "Wheat", "v": 0.091496191989055453}]}, {"source": 7, "prod": 3.0, "target": 15, "value": 0.012168078572624487, "supply": [{"l": "Sunflower seed", "v": 0.0081120523817496577}, {"l": "Oilcrops, Other", "v": 0.0040560261908748289}]}, {"source": 16, "prod": 18.0, "target": 10, "value": 0.008483109585688809, "supply": [{"l": "Coffee", "v": 0.0014309044916460676}, {"l": "Cocoa Beans", "v": 0.0010612541646375}, {"l": "Tea", "v": 0.0059909509294052421}]}, {"source": 16, "prod": 7.0, "target": 1, "value": 0.0054182628723496535, "supply": [{"l": "Pelagic Fish", "v": 0.001326567705796875}, {"l": "Milk - Excluding Butter", "v": 0.0034923986971104252}, {"l": "Fish, Seafood", "v": 0.00059929646944235297}]}, {"source": 16, "prod": 26.0, "target": 13, "value": 0.12313177543085768, "supply": [{"l": "Soyabean Oil", "v": 0.050851762055546874}, {"l": "Sugar", "v": 0.072280013375310814}]}, {"source": 16, "prod": 70.0, "target": 4, "value": 0.21349111464112941, "supply": [{"l": "Wheat", "v": 0.21349111464112941}]}, {"source": 16, "prod": 6.0, "target": 9, "value": 0.004442459293831396, "supply": [{"l": "Bananas", "v": 0.004442459293831396}]}, {"source": 16, "prod": 22.0, "target": 0, "value": 0.019352822514587448, "supply": [{"l": "Potatoes", "v": 0.017088813630027448}, {"l": "Cassava", "v": 0.0022640088845600004}]}, {"source": 3, "prod": 141.0, "target": 17, "value": 0.35192910832261876, "supply": [{"l": "Poultry Meat", "v": 0.0014686219082298189}, {"l": "Bovine Meat", "v": 0.32691377623516382}, {"l": "Milk - Excluding Butter", "v": 0.0097787163519091891}, {"l": "Offals, Edible", "v": 0.0067026578819210534}, {"l": "Meat, Other", "v": 0.002122508329275}, {"l": "Mutton & Goat Meat", "v": 0.0049428276161198638}]}, {"source": 4, "prod": 119.0, "target": 17, "value": 0.40693235054740806, "supply": [{"l": "Maize", "v": 0.038984846864234694}, {"l": "Rice", "v": 0.2424658791851545}, {"l": "Barley", "v": 0.034707683371792447}, {"l": "Sorghum", "v": 0.090773941126226415}]}, {"source": 8, "prod": 1.0, "target": 17, "value": 0.002497068622676471, "supply": [{"l": "Honey", "v": 0.002497068622676471}]}, {"source": 9, "prod": 24.0, "target": 17, "value": 0.0097221799237358544, "supply": [{"l": "Fruits, Other", "v": 0.0050790501582147355}, {"l": "Oranges, Mandarines", "v": 0.0041125026832023685}, {"l": "Lemons, Limes", "v": 0.00053062708231875}]}, {"source": 11, "prod": 6.0, "target": 17, "value": 0.0031709406186397272, "supply": [{"l": "Fish, Seafood", "v": 0.0017978894083270588}, {"l": "Demersal Fish", "v": 0.0013730512103126685}]}, {"source": 12, "prod": 6.0, "target": 17, "value": 0.05788659079840909, "supply": [{"l": "Oilcrops Oil, Other", "v": 0.05788659079840909}]}, {"source": 18, "prod": 17.0, "target": 13, "value": 0.0791220196539454, "supply": [{"l": "Sunflowerseed Oil", "v": 0.030935344070404863}, {"l": "Sugar", "v": 0.048186675583540541}]}, {"source": 4, "prod": 279.0, "target": 19, "value": 0.8449663094194475, "supply": [{"l": "Wheat", "v": 0.62522397859187895}, {"l": "Rice", "v": 0.059553022957757246}, {"l": "Sorghum", "v": 0.16018930786981134}]}, {"source": 3, "prod": 4.0, "target": 19, "value": 0.0027939189576883399, "supply": [{"l": "Milk - Excluding Butter", "v": 0.0027939189576883399}]}, {"source": 5, "prod": 1.0, "target": 19, "value": 0.00859582812478972, "supply": [{"l": "Fats, Animals, Raw", "v": 0.00859582812478972}]}, {"source": 18, "prod": 4.0, "target": 4, "value": 0.010537623177558336, "supply": [{"l": "Maize", "v": 0.0051979795818979588}, {"l": "Barley", "v": 0.0053396435956603767}]}, {"source": 1, "prod": 30.0, "target": 11, "value": 0.017188733033834166, "supply": [{"l": "Demersal Fish", "v": 0.0059498885780215633}, {"l": "Pelagic Fish", "v": 0.001326567705796875}, {"l": "Marine Fish, Other", "v": 0.00092282970838043483}, {"l": "Fish, Seafood", "v": 0.0089894470416352935}]}, {"source": 1, "prod": 1226.0, "target": 3, "value": 1.7584096722977716, "supply": [{"l": "Poultry Meat", "v": 0.027903816256366554}, {"l": "Pigmeat", "v": 0.075531101843028775}, {"l": "Bovine Meat", "v": 0.91425039116613604}, {"l": "Eggs", "v": 0.0193148257964025}, {"l": "Milk - Excluding Butter", "v": 0.50011149342621286}, {"l": "Offals, Edible", "v": 0.092496678770510529}, {"l": "Meat, Other", "v": 0.00424501665855}, {"l": "Mutton & Goat Meat", "v": 0.12604210421105652}]}, {"source": 13, "prod": 195.0, "target": 5, "value": 0.43395047707917206, "supply": [{"l": "Fats, Animals, Raw", "v": 0.26647067186848133}, {"l": "Beer", "v": 0.026415158404480842}, {"l": "Beverages, Alcoholic", "v": 0.020558825072798208}, {"l": "Butter, Ghee", "v": 0.049755544090911631}, {"l": "Wine", "v": 0.070750277642500012}]}, {"source": 13, "prod": 33.0, "target": 12, "value": 0.33426951025612472, "supply": [{"l": "Oilcrops Oil, Other", "v": 0.077182121064545459}, {"l": "Sunflowerseed Oil", "v": 0.20623562713603241}, {"l": "Soyabean Oil", "v": 0.050851762055546874}]}, {"source": 13, "prod": 116.0, "target": 8, "value": 0.39831618948747383, "supply": [{"l": "Honey", "v": 0.002497068622676471}, {"l": "Sweeteners, Other", "v": 0.0034419053988243241}, {"l": "Sugar", "v": 0.39237721546597304}]}, {"source": 20, "prod": 0, "target": 0, "value": 0.00060440799525129235, "supply": "[{\"l\":'Energy for power irrigation',\"v\":0.00060440799525129235}]"}, {"source": 20, "prod": 0, "target": 2, "value": 0.001851686312724414, "supply": "[{\"l\":'Energy for power irrigation',\"v\":0.001851686312724414}]"}, {"source": 20, "prod": 0, "target": 9, "value": 0.0012349154266611633, "supply": "[{\"l\":'Energy for power irrigation',\"v\":0.0012349154266611633}]"}, {"source": 20, "prod": 0, "target": 4, "value": 0.0031923731385545533, "supply": "[{\"l\":'Energy for power irrigation',\"v\":0.0031923731385545533}]"}, {"source": 20, "prod": 0, "target": 7, "value": 0.00023214761635788277, "supply": "[{\"l\":'Energy for power irrigation',\"v\":0.00023214761635788277}]"}, {"source": 20, "prod": 0, "target": 13, "value": 0.017878349157226789, "supply": "[{\"l\":'Electricity',\"v\":0.017878349157226789}]"}, {"source": 21, "prod": 0, "target": 20, "value": 0.028020442884531298, "supply": [{"l": "Coal", "v": 0.0}, {"l": "Natural gas", "v": 0.0}, {"l": "Oil", "v": 0.028020442884531298}]}, {"source": 22, "prod": 0, "target": 20, "value": 0.01437083713227812, "supply": [{"l": "Nuclear", "v": 0.0}, {"l": "Hydroelectric", "v": 0.014256120725561821}, {"l": "Renewable", "v": 0.00011471640671629862}]}, {"source": 21, "prod": 0, "target": 0, "value": 0.044517763277886868, "supply": [{"l": "Motor Gasoline", "v": 0.0038193464753453884}, {"l": "Gas-Diesel oil", "v": 0.039431832787733739}, {"l": "Fuel oil", "v": 0.0012665840148077465}]}, {"source": 21, "prod": 0, "target": 2, "value": 0.13638623840588979, "supply": [{"l": "Motor Gasoline", "v": 0.01170108874719451}, {"l": "Gas-Diesel oil", "v": 0.12080479681332974}, {"l": "Fuel oil", "v": 0.0038803528453655507}]}, {"source": 21, "prod": 0, "target": 9, "value": 0.090957884515500687, "supply": [{"l": "Motor Gasoline", "v": 0.0078036192757625104}, {"l": "Gas-Diesel oil", "v": 0.080566403809483253}, {"l": "Fuel oil", "v": 0.0025878614302549184}]}, {"source": 21, "prod": 0, "target": 4, "value": 0.23513473149502068, "supply": [{"l": "Motor Gasoline", "v": 0.020173093656142463}, {"l": "Gas-Diesel oil", "v": 0.20827177136066638}, {"l": "Fuel oil", "v": 0.0066898664782118243}]}, {"source": 21, "prod": 0, "target": 7, "value": 0.017098868168097459, "supply": [{"l": "Motor Gasoline", "v": 0.0014669762598485698}, {"l": "Gas-Diesel oil", "v": 0.015145408502561368}, {"l": "Fuel oil", "v": 0.00048648340568752081}]}, {"source": 21, "prod": 0, "target": 1, "value": 0.58766666713679994, "supply": [{"l": "Gas-diesel oils used in fisheries", "v": 0.58766666713679994}]}, {"source": 23, "prod": 5.7475952289342054, "target": 0, "value": 0.035048080486334385, "supply": [{"l": "Potash", "v": 0.018203611125673997}, {"l": "Phosphate", "v": 0.21420416683802998}, {"l": "Nitrogen", "v": 0.18163750014530997}]}, {"source": 23, "prod": 17.608541746825704, "target": 2, "value": 0.10737457385358808, "supply": [{"l": "Potash", "v": 0.018203611125673997}, {"l": "Phosphate", "v": 0.21420416683802998}, {"l": "Nitrogen", "v": 0.18163750014530997}]}, {"source": 23, "prod": 11.743382070026936, "target": 9, "value": 0.071609600811851387, "supply": [{"l": "Potash", "v": 0.018203611125673997}, {"l": "Phosphate", "v": 0.21420416683802998}, {"l": "Nitrogen", "v": 0.18163750014530997}]}, {"source": 23, "prod": 30.357752981916125, "target": 4, "value": 0.18511758875054798, "supply": [{"l": "Potash", "v": 0.018203611125673997}, {"l": "Phosphate", "v": 0.21420416683802998}, {"l": "Nitrogen", "v": 0.18163750014530997}]}, {"source": 23, "prod": 2.2075990765679108, "target": 7, "value": 0.013461649095887524, "supply": [{"l": "Potash", "v": 0.018203611125673997}, {"l": "Phosphate", "v": 0.21420416683802998}, {"l": "Nitrogen", "v": 0.18163750014530997}]}, {"source": 21, "prod": 0, "target": 23, "value": 0.49635105935883544, "supply": [{"l": "Natural gas (including LNG)", "v": 0.34716631490577637}, {"l": "Fuel oil", "v": 0.11707646805025385}, {"l": "Liquefied petroleum gas (LPG)", "v": 0.01605413820140263}, {"l": "Coal", "v": 0.01605413820140263}]}, {"source": 24, "prod": 0, "target": 4, "value": 0.065296999270577125, "supply": "[{\"l\":'Labor',\"v\":0.065296999270577125}]"}, {"source": 24, "prod": 0, "target": 7, "value": 0.0047483618230325019, "supply": "[{\"l\":'Labor',\"v\":0.0047483618230325019}]"}, {"source": 24, "prod": 0, "target": 2, "value": 0.037874507322176412, "supply": "[{\"l\":'Labor',\"v\":0.037874507322176412}]"}, {"source": 24, "prod": 0, "target": 0, "value": 0.012362598829197047, "supply": "[{\"l\":'Labor',\"v\":0.012362598829197047}]"}, {"source": 24, "prod": 0, "target": 9, "value": 0.025259037153291242, "supply": "[{\"l\":'Labor',\"v\":0.025259037153291242}]"}, {"source": 24, "prod": 0, "target": 10, "value": 0.00050574267937624287, "supply": "[{\"l\":'Labor',\"v\":0.00050574267937624287}]"}, {"source": 21, "prod": 0, "target": 16, "value": 0.36146198309255773, "supply": "[{\"l\":'Fossil Fuels',\"v\":0.36146198309255773}]"}, {"source": 22, "prod": 0, "target": 16, "value": 0.10395986474637975, "supply": "[{\"l\":'Renewables & Nuclear',\"v\":0.023294215807546651},{\"l\":'Biomass & Waste',\"v\":0.080665648938833101}]"}]}