{"nodes": [{"layer": 5, "name": "Fruits, Roots & Vegetables", "fill": "#98df8a"}, {"layer": 10, "name": "Feed", "fill": "#dbdb8d"}, {"layer": 13, "name": "Aquatic Products", "fill": "#1f77b4"}, {"layer": 13, "name": "Animal Products", "fill": "#17becf"}, {"layer": 5, "name": "Cereals", "fill": "#e7ba52"}, {"layer": 5, "name": "Sugar Crops", "fill": "#ffbb78"}, {"layer": 13, "name": "Other Processed", "fill": "#9c9ede"}, {"layer": 16, "name": "Food", "fill": "#b5cf6b"}, {"layer": 5, "name": "Oilcrops", "fill": "#ff9896"}, {"layer": 13, "name": "Sugar", "fill": "#d6616b"}, {"layer": 13, "name": "Vegetable Oils", "fill": "#f7b6d2"}, {"layer": 10, "name": "Processing", "fill": "#9edae5"}, {"layer": 16, "name": "Biofuels & Other", "fill": "#e7ba52"}, {"name": "Seed", "fill": "#dbdb8d"}, {"name": "Waste", "fill": "#c7c7c7"}, {"layer": 0, "name": "Import", "fill": "#aec7e8"}, {"layer": 16, "name": "Export", "fill": "#aec7e8"}, {"layer": 0, "name": "Stock Draw", "fill": "#c7c7c7"}, {"layer": 16, "name": "Stock Deposit", "fill": "#c7c7c7"}, {"layer": 0, "name": "Production", "fill": "#b5cf6b"}], "links": [{"source": 0, "prod": 0.018751161884403129, "target": 1, "value": 21.0, "supply": [{"l": "Potatoes", "v": 15.0}, {"l": "Sweet potatoes", "v": 6.0}]}, {"source": 2, "prod": 0.0014000450321086577, "target": 1, "value": 2.0, "supply": [{"l": "Demersal Fish", "v": 1.0}, {"l": "Fish, Seafood", "v": 1.0}]}, {"source": 3, "prod": 0.17026611314113343, "target": 1, "value": 196.0, "supply": [{"l": "Milk - Excluding Butter", "v": 127.0}, {"l": "Offals, Edible", "v": 69.0}]}, {"source": 4, "prod": 0.35939148823593714, "target": 1, "value": 132.0, "supply": [{"l": "Maize", "v": 20.0}, {"l": "Wheat", "v": 10.0}, {"l": "Oats", "v": 20.0}, {"l": "Barley", "v": 3.0}, {"l": "Sorghum", "v": 77.0}, {"l": "Cereals, Other", "v": 2.0}]}, {"source": 5, "prod": 0.023841874383636989, "target": 1, "value": 82.0, "supply": [{"l": "Sugar cane", "v": 82.0}]}, {"source": 6, "prod": 0.26217101515208252, "target": 7, "value": 171.0, "supply": [{"l": "Beer", "v": 70.0}, {"l": "Beverages, Alcoholic", "v": 9.0}, {"l": "Butter, Ghee", "v": 4.0}, {"l": "Fats, Animals, Raw", "v": 13.0}, {"l": "Wine", "v": 74.0}, {"l": "Beverages, Fermented", "v": 1.0}]}, {"source": 3, "prod": 1.2159863386299765, "target": 7, "value": 875.0, "supply": [{"l": "Eggs", "v": 21.0}, {"l": "Pigmeat", "v": 23.0}, {"l": "Milk - Excluding Butter", "v": 544.0}, {"l": "Meat, Other", "v": 1.0}, {"l": "Mutton & Goat Meat", "v": 34.0}, {"l": "Poultry Meat", "v": 17.0}, {"l": "Offals, Edible", "v": 6.0}, {"l": "Bovine Meat", "v": 229.0}]}, {"source": 4, "prod": 1.1161312249861433, "target": 7, "value": 367.0, "supply": [{"l": "Maize", "v": 62.0}, {"l": "Barley", "v": 4.0}, {"l": "Rice", "v": 22.0}, {"l": "Wheat", "v": 279.0}]}, {"source": 8, "prod": 0.0068771359605956598, "target": 7, "value": 4.0, "supply": [{"l": "Olives", "v": 3.0}, {"l": "Coconuts - Incl Copra", "v": 1.0}]}, {"source": 0, "prod": 0.29307890032600586, "target": 7, "value": 500.0, "supply": [{"l": "Roots, Other", "v": 1.0}, {"l": "Fruits, Other", "v": 24.0}, {"l": "Grapefruit", "v": 3.0}, {"l": "Tomatoes", "v": 39.0}, {"l": "Coffee", "v": 2.0}, {"l": "Vegetables, Other", "v": 70.0}, {"l": "Peas", "v": 2.0}, {"l": "Grapes", "v": 4.0}, {"l": "Cocoa Beans", "v": 1.0}, {"l": "Potatoes", "v": 105.0}, {"l": "Beans", "v": 2.0}, {"l": "Apples", "v": 33.0}, {"l": "Lemons, Limes", "v": 18.0}, {"l": "Pineapples", "v": 1.0}, {"l": "Bananas", "v": 30.0}, {"l": "Tea", "v": 18.0}, {"l": "Sweet potatoes", "v": 44.0}, {"l": "Oranges, Mandarines", "v": 79.0}, {"l": "Pulses, Other", "v": 1.0}, {"l": "Onions", "v": 22.0}, {"l": "Cassava", "v": 1.0}]}, {"source": 9, "prod": 0.39773621155568656, "target": 7, "value": 100.0, "supply": [{"l": "Sugar", "v": 98.0}, {"l": "Honey", "v": 1.0}, {"l": "Sweeteners, Other", "v": 1.0}]}, {"source": 2, "prod": 0.012673727557144366, "target": 7, "value": 16.0, "supply": [{"l": "Marine Fish, Other", "v": 1.0}, {"l": "Pelagic Fish", "v": 1.0}, {"l": "Fish, Seafood", "v": 8.0}, {"l": "Cephalopods", "v": 1.0}, {"l": "Demersal Fish", "v": 5.0}]}, {"source": 10, "prod": 0.17568433684746751, "target": 7, "value": 17.0, "supply": [{"l": "Soyabean Oil", "v": 3.0}, {"l": "Sunflowerseed Oil", "v": 14.0}]}, {"source": 3, "prod": 0.0015187895021645797, "target": 11, "value": 1.0, "supply": [{"l": "Poultry Meat", "v": 1.0}]}, {"source": 4, "prod": 0.057371837010502018, "target": 11, "value": 22.0, "supply": [{"l": "Maize", "v": 18.0}, {"l": "Barley", "v": 4.0}]}, {"source": 8, "prod": 0.14440103848900709, "target": 11, "value": 64.952380952380949, "supply": [{"l": "Sunflower seed", "v": 41.0}, {"l": "Soyabeans", "v": 8.0}, {"l": "Groundnuts", "v": 1.0}, {"l": "Oilcrops, Other", "v": 10.0}, {"l": "Oil Palm", "v": 4.9523809523809526}]}, {"source": 0, "prod": 0.095801771209153577, "target": 11, "value": 112.0, "supply": [{"l": "Apples", "v": 2.0}, {"l": "Grapes", "v": 110.0}]}, {"source": 5, "prod": 0.54225587187033564, "target": 11, "value": 765.0, "supply": [{"l": "Sugar beet", "v": 367.0}, {"l": "Sugar cane", "v": 398.0}]}, {"source": 9, "prod": 0.0039797031173906252, "target": 11, "value": 1.0, "supply": [{"l": "Sugar", "v": 1.0}]}, {"source": 0, "prod": 0.001286368684409091, "target": 12, "value": 1.0, "supply": [{"l": "Cassava", "v": 1.0}]}, {"source": 6, "prod": 0.12913494705565781, "target": 12, "value": 18.0, "supply": [{"l": "Fats, Animals, Raw", "v": 15.0}, {"l": "Alcohol, Non-Food", "v": 3.0}]}, {"source": 10, "prod": 0.090078651364408513, "target": 12, "value": 8.0, "supply": [{"l": "Oilcrops Oil, Other", "v": 2.0}, {"l": "Sunflowerseed Oil", "v": 6.0}]}, {"source": 3, "prod": 0.0094553965754626962, "target": 12, "value": 14.0, "supply": [{"l": "Milk - Excluding Butter", "v": 14.0}]}, {"source": 9, "prod": 0.0079594062347812505, "target": 12, "value": 2.0, "supply": [{"l": "Sugar", "v": 2.0}]}, {"source": 0, "prod": 0.021007581892934009, "target": 13, "value": 24.0, "supply": [{"l": "Sweet potatoes", "v": 4.0}, {"l": "Potatoes", "v": 20.0}]}, {"source": 3, "prod": 0.0030192152621265999, "target": 3, "value": 2.0, "supply": [{"l": "Eggs", "v": 2.0}]}, {"source": 4, "prod": 0.15731569642715681, "target": 13, "value": 52.0, "supply": [{"l": "Maize", "v": 3.0}, {"l": "Wheat", "v": 28.0}, {"l": "Barley", "v": 6.0}, {"l": "Oats", "v": 6.0}, {"l": "Rice", "v": 7.0}, {"l": "Sorghum", "v": 2.0}]}, {"source": 8, "prod": 0.001947255347958716, "target": 13, "value": 1.0, "supply": [{"l": "Soyabeans", "v": 1.0}]}, {"source": 0, "prod": 0.037745448773807075, "target": 14, "value": 69.0, "supply": [{"l": "Oranges, Mandarines", "v": 10.0}, {"l": "Potatoes", "v": 15.0}, {"l": "Fruits, Other", "v": 3.0}, {"l": "Grapefruit", "v": 1.0}, {"l": "Lemons, Limes", "v": 2.0}, {"l": "Tomatoes", "v": 7.0}, {"l": "Bananas", "v": 5.0}, {"l": "Vegetables, Other", "v": 11.0}, {"l": "Sweet potatoes", "v": 6.0}, {"l": "Grapes", "v": 1.0}, {"l": "Onions", "v": 4.0}, {"l": "Apples", "v": 4.0}]}, {"source": 3, "prod": 0.050225663354764194, "target": 14, "value": 65.0, "supply": [{"l": "Milk - Excluding Butter", "v": 54.0}, {"l": "Eggs", "v": 1.0}, {"l": "Offals, Edible", "v": 10.0}]}, {"source": 4, "prod": 0.13828158177223168, "target": 14, "value": 45.0, "supply": [{"l": "Maize", "v": 5.0}, {"l": "Oats", "v": 2.0}, {"l": "Barley", "v": 2.0}, {"l": "Sorghum", "v": 6.0}, {"l": "Rice", "v": 6.0}, {"l": "Wheat", "v": 24.0}]}, {"source": 8, "prod": 0.0058417660438761483, "target": 14, "value": 3.0, "supply": [{"l": "Soyabeans", "v": 1.0}, {"l": "Sunflower seed", "v": 2.0}]}, {"source": 15, "prod": 0.064974420009185158, "target": 11, "value": 10.0, "supply": [{"l": "Alcohol, Non-Food", "v": 3.0}, {"l": "Beverages, Alcoholic", "v": 2.0}, {"l": "Oilcrops Oil, Other", "v": 1.0}, {"l": "Soyabean Oil", "v": 2.0}, {"l": "Sunflowerseed Oil", "v": 2.0}]}, {"source": 15, "prod": 0.10350107454475765, "target": 4, "value": 40.0, "supply": [{"l": "Maize", "v": 6.0}, {"l": "Oats", "v": 7.0}, {"l": "Barley", "v": 23.0}, {"l": "Sorghum", "v": 2.0}, {"l": "Cereals, Other", "v": 1.0}, {"l": "Wheat", "v": 1.0}]}, {"source": 15, "prod": 0.0029826252646782282, "target": 8, "value": 2.0, "supply": [{"l": "Olives", "v": 1.0}, {"l": "Coconuts - Incl Copra", "v": 1.0}]}, {"source": 15, "prod": 0.055922886549737316, "target": 0, "value": 81.0, "supply": [{"l": "Roots, Other", "v": 1.0}, {"l": "Potatoes", "v": 6.0}, {"l": "Fruits, Other", "v": 3.0}, {"l": "Cocoa Beans", "v": 1.0}, {"l": "Tomatoes", "v": 1.0}, {"l": "Coffee", "v": 2.0}, {"l": "Pineapples", "v": 1.0}, {"l": "Bananas", "v": 36.0}, {"l": "Tea", "v": 18.0}, {"l": "Vegetables, Other", "v": 1.0}, {"l": "Grapes", "v": 1.0}, {"l": "Pulses, Other", "v": 1.0}, {"l": "Onions", "v": 7.0}, {"l": "Cassava", "v": 2.0}]}, {"source": 15, "prod": 0.01140005815336023, "target": 1, "value": 16.0, "supply": [{"l": "Fish, Seafood", "v": 1.0}, {"l": "Milk - Excluding Butter", "v": 14.0}, {"l": "Pelagic Fish", "v": 1.0}]}, {"source": 6, "prod": 0.093127400854384521, "target": 16, "value": 11.0, "supply": [{"l": "Butter, Ghee", "v": 4.0}, {"l": "Fats, Animals, Raw", "v": 7.0}]}, {"source": 3, "prod": 0.6122610368187803, "target": 16, "value": 340.0, "supply": [{"l": "Meat, Other", "v": 2.0}, {"l": "Mutton & Goat Meat", "v": 14.0}, {"l": "Bovine Meat", "v": 168.0}, {"l": "Milk - Excluding Butter", "v": 150.0}, {"l": "Poultry Meat", "v": 3.0}, {"l": "Offals, Edible", "v": 3.0}]}, {"source": 4, "prod": 1.5802871979924888, "target": 16, "value": 443.0, "supply": [{"l": "Oats", "v": 6.0}, {"l": "Barley", "v": 68.0}, {"l": "Rice", "v": 221.0}, {"l": "Wheat", "v": 148.0}]}, {"source": 8, "prod": 0.052575894394885331, "target": 16, "value": 27.0, "supply": [{"l": "Soyabeans", "v": 20.0}, {"l": "Sunflower seed", "v": 2.0}, {"l": "Oilcrops, Other", "v": 5.0}]}, {"source": 0, "prod": 0.0075324953857682378, "target": 16, "value": 23.0, "supply": [{"l": "Fruits, Other", "v": 2.0}, {"l": "Grapefruit", "v": 2.0}, {"l": "Lemons, Limes", "v": 4.0}, {"l": "Oranges, Mandarines", "v": 15.0}]}, {"source": 9, "prod": 0.011939109352171875, "target": 16, "value": 3.0, "supply": [{"l": "Honey", "v": 3.0}]}, {"source": 2, "prod": 0.15820573403675936, "target": 16, "value": 222.0, "supply": [{"l": "Pelagic Fish", "v": 2.0}, {"l": "Fish, Seafood", "v": 111.0}, {"l": "Cephalopods", "v": 3.0}, {"l": "Demersal Fish", "v": 106.0}]}, {"source": 10, "prod": 0.067111691935171428, "target": 16, "value": 5.0, "supply": [{"l": "Oilcrops Oil, Other", "v": 4.0}, {"l": "Palm Oil", "v": 1.0}]}, {"source": 17, "prod": 0.0038945106959174321, "target": 8, "value": 2.0, "supply": [{"l": "Soyabeans", "v": 2.0}]}, {"source": 6, "prod": 0.10933121823314781, "target": 18, "value": 22.0, "supply": [{"l": "Fats, Animals, Raw", "v": 10.0}, {"l": "Butter, Ghee", "v": 2.0}, {"l": "Wine", "v": 10.0}]}, {"source": 4, "prod": 0.21539910435649479, "target": 18, "value": 64.0, "supply": [{"l": "Rice", "v": 24.0}, {"l": "Sorghum", "v": 40.0}]}, {"source": 17, "prod": 0.02233699459206177, "target": 1, "value": 33.0, "supply": [{"l": "Milk - Excluding Butter", "v": 31.0}, {"l": "Demersal Fish", "v": 1.0}, {"l": "Fish, Seafood", "v": 1.0}]}, {"source": 17, "prod": 0.032531956121308048, "target": 11, "value": 5.0, "supply": [{"l": "Sugar", "v": 3.0}, {"l": "Sunflowerseed Oil", "v": 2.0}]}, {"source": 17, "prod": 0.44166649525896223, "target": 4, "value": 148.0, "supply": [{"l": "Maize", "v": 5.0}, {"l": "Wheat", "v": 125.0}, {"l": "Barley", "v": 18.0}]}, {"source": 19, "prod": 3.0756345244055767, "target": 4, "value": 936.0, "supply": [{"l": "Maize", "v": 97.0}, {"l": "Barley", "v": 45.0}, {"l": "Rice", "v": 279.0}, {"l": "Cereals, Other", "v": 2.0}, {"l": "Wheat", "v": 363.0}, {"l": "Oats", "v": 27.0}, {"l": "Sorghum", "v": 123.0}]}, {"source": 19, "prod": 0.20087144357980985, "target": 8, "value": 93.952380952380949, "supply": [{"l": "Olives", "v": 3.0}, {"l": "Sunflower seed", "v": 46.0}, {"l": "Groundnuts", "v": 1.0}, {"l": "Oilcrops, Other", "v": 11.0}, {"l": "Soyabeans", "v": 28.0}, {"l": "Oil Palm", "v": 4.9523809523809526}]}, {"source": 19, "prod": 0.42680603278672902, "target": 0, "value": 671.0, "supply": [{"l": "Fruits, Other", "v": 26.0}, {"l": "Grapefruit", "v": 5.0}, {"l": "Tomatoes", "v": 45.0}, {"l": "Vegetables, Other", "v": 81.0}, {"l": "Peas", "v": 2.0}, {"l": "Grapes", "v": 114.0}, {"l": "Potatoes", "v": 149.0}, {"l": "Beans", "v": 3.0}, {"l": "Apples", "v": 38.0}, {"l": "Lemons, Limes", "v": 25.0}, {"l": "Sweet potatoes", "v": 60.0}, {"l": "Oranges, Mandarines", "v": 104.0}, {"l": "Onions", "v": 18.0}, {"l": "Pulses, Other", "v": 1.0}]}, {"source": 19, "prod": 0.56609774625397258, "target": 5, "value": 847.0, "supply": [{"l": "Sugar cane", "v": 480.0}, {"l": "Sugar beet", "v": 367.0}]}, {"source": 1, "prod": 0.17227950662601238, "target": 2, "value": 240.0, "supply": [{"l": "Marine Fish, Other", "v": 1.0}, {"l": "Pelagic Fish", "v": 3.0}, {"l": "Demersal Fish", "v": 112.0}, {"l": "Cephalopods", "v": 4.0}, {"l": "Fish, Seafood", "v": 120.0}]}, {"source": 1, "prod": 2.0597133380222816, "target": 3, "value": 1491.0, "supply": [{"l": "Poultry Meat", "v": 21.0}, {"l": "Pigmeat", "v": 23.0}, {"l": "Bovine Meat", "v": 397.0}, {"l": "Eggs", "v": 24.0}, {"l": "Milk - Excluding Butter", "v": 889.0}, {"l": "Offals, Edible", "v": 88.0}, {"l": "Meat, Other", "v": 3.0}, {"l": "Mutton & Goat Meat", "v": 48.0}]}, {"source": 11, "prod": 0.59376458129527265, "target": 6, "value": 222.0, "supply": [{"l": "Fats, Animals, Raw", "v": 45.0}, {"l": "Alcohol, Non-Food", "v": 3.0}, {"l": "Beverages, Fermented", "v": 1.0}, {"l": "Beer", "v": 70.0}, {"l": "Beverages, Alcoholic", "v": 9.0}, {"l": "Butter, Ghee", "v": 10.0}, {"l": "Wine", "v": 84.0}]}, {"source": 11, "prod": 0.33287468014704746, "target": 10, "value": 30.0, "supply": [{"l": "Palm Oil", "v": 1.0}, {"l": "Oilcrops Oil, Other", "v": 6.0}, {"l": "Sunflowerseed Oil", "v": 20.0}, {"l": "Soyabean Oil", "v": 3.0}]}, {"source": 11, "prod": 0.42161443026003026, "target": 9, "value": 106.0, "supply": [{"l": "Honey", "v": 4.0}, {"l": "Sweeteners, Other", "v": 1.0}, {"l": "Sugar", "v": 101.0}]}]}