{"nodes": [{"layer": 5, "name": "Starchy Roots"}, {"layer": 10, "name": "Feed", "fill": "#dbdb8d"}, {"layer": 5, "name": "Cereals - Excluding Beer"}, {"layer": 5, "name": "Sugar Crops", "fill": "#ffbb78"}, {"layer": 5, "name": "Fruits - Excluding Wine"}, {"layer": 13, "name": "Milk - Excluding Butter"}, {"layer": 16, "name": "Food", "fill": "#b5cf6b"}, {"layer": 13, "name": "Meat"}, {"layer": 5, "name": "Vegetables"}, {"layer": 13, "name": "Alcoholic Beverages"}, {"layer": 5, "name": "Pulses"}, {"layer": 13, "name": "Fish, Seafood"}, {"layer": 13, "name": "Sugar & Sweeteners"}, {"layer": 13, "name": "Vegetable Oils", "fill": "#f7b6d2"}, {"layer": 5, "name": "Stimulants"}, {"layer": 13, "name": "Eggs"}, {"layer": 5, "name": "Oilcrops", "fill": "#ff9896"}, {"layer": 10, "name": "Processing", "fill": "#9edae5"}, {"layer": 16, "name": "Biofuels & Other", "fill": "#e7ba52"}, {"layer": 13, "name": "Animal Fats"}, {"name": "Waste", "fill": "#c7c7c7"}, {"layer": 2, "name": "Import", "fill": "#aec7e8"}, {"layer": 16, "name": "Export", "fill": "#aec7e8"}, {"layer": 16, "name": "Stock Deposit", "fill": "#c7c7c7"}, {"layer": 0, "name": "Stock Draw", "fill": "#c7c7c7"}, {"layer": 2, "name": "Electricity", "fill": "#bcbd22"}, {"layer": 0, "name": "Fossil Fuels", "fill": "#c49c94"}, {"layer": 0, "name": "Renewables & Nuclear", "fill": "#2ca02c"}, {"layer": 2, "name": "Fertilizers", "fill": "#c5b0d5"}, {"layer": 0, "name": "Labor", "fill": "#7f7f7f"}], "links": [{"source": 0, "prod": 3.0, "target": 1, "value": 0.0030134377514398148, "supply": [{"l": "Roots, Other", "v": 0.0030134377514398148}]}, {"source": 2, "prod": 25.0, "target": 1, "value": 0.092109638936450855, "supply": [{"l": "Maize", "v": 0.047717705504868618}, {"l": "Rice", "v": 0.04439193343158223}]}, {"source": 3, "prod": 400.0, "target": 1, "value": 0.12439609255824179, "supply": [{"l": "Sugar cane", "v": 0.12439609255824179}]}, {"source": 4, "prod": 1.0, "target": 1, "value": 0.00092282970838043483, "supply": [{"l": "Plantains", "v": 0.00092282970838043483}]}, {"source": 5, "prod": 64.0, "target": 6, "value": 0.048155196864745904, "supply": [{"l": "Milk - Excluding Butter", "v": 0.048155196864745904}]}, {"source": 7, "prod": 15.0, "target": 6, "value": 0.028719312697849358, "supply": [{"l": "Pigmeat", "v": 0.0025656694090137361}, {"l": "Mutton & Goat Meat", "v": 0.0015160773780535715}, {"l": "Bovine Meat", "v": 0.0049259578972935154}, {"l": "Poultry Meat", "v": 0.018247809165712673}, {"l": "Offals, Edible", "v": 0.001463798847775862}]}, {"source": 8, "prod": 9.0, "target": 6, "value": 0.002465821829608604, "supply": [{"l": "Tomatoes", "v": 0.00078129140954907991}, {"l": "Vegetables, Other", "v": 0.0016845304200595241}]}, {"source": 9, "prod": 22.0, "target": 6, "value": 0.021476719523465016, "supply": [{"l": "Beer", "v": 0.0076743969285576431}, {"l": "Beverages, Alcoholic", "v": 0.013802322594907372}]}, {"source": 0, "prod": 8.0, "target": 6, "value": 0.0080358340038395072, "supply": [{"l": "Roots, Other", "v": 0.0080358340038395072}]}, {"source": 10, "prod": 4.0, "target": 6, "value": 0.016007086845548982, "supply": [{"l": "Peas", "v": 0.016007086845548982}]}, {"source": 11, "prod": 60.0, "target": 6, "value": 0.044756391547646678, "supply": [{"l": "Fish, Seafood", "v": 0.022211635526878284}, {"l": "Marine Fish, Other", "v": 0.021579979507461572}, {"l": "Freshwater Fish", "v": 0.00096477651330681825}]}, {"source": 12, "prod": 34.0, "target": 6, "value": 0.14064849494290235, "supply": [{"l": "Sugar", "v": 0.14064849494290235}]}, {"source": 2, "prod": 108.0, "target": 6, "value": 0.39893580051398297, "supply": [{"l": "Maize", "v": 0.0034084075360620437}, {"l": "Rice", "v": 0.26231597027753134}, {"l": "Wheat", "v": 0.1332114227003896}]}, {"source": 13, "prod": 7.0, "target": 6, "value": 0.071396332752716021, "supply": [{"l": "Coconut Oil", "v": 0.030434110150625297}, {"l": "Soyabean Oil", "v": 0.040962222602090724}]}, {"source": 14, "prod": 2.0, "target": 6, "value": 0.0011901915865093456, "supply": [{"l": "Coffee", "v": 0.0011901915865093456}]}, {"source": 15, "prod": 6.0, "target": 6, "value": 0.0091902422504690738, "supply": [{"l": "Eggs", "v": 0.0091902422504690738}]}, {"source": 4, "prod": 29.0, "target": 6, "value": 0.016683338051857025, "supply": [{"l": "Plantains", "v": 0.0083054673754239146}, {"l": "Fruits, Other", "v": 0.0017082562006237422}, {"l": "Pineapples", "v": 0.00077182121064545454}, {"l": "Bananas", "v": 0.0028511305915634331}, {"l": "Oranges, Mandarines", "v": 0.0030466626736004782}]}, {"source": 16, "prod": 5.0, "target": 6, "value": 0.012795285462216432, "supply": [{"l": "Coconuts - Incl Copra", "v": 0.0062644906029087387}, {"l": "Groundnuts", "v": 0.0065307948593076922}]}, {"source": 2, "prod": 4.0, "target": 17, "value": 0.01165298690582353, "supply": [{"l": "Barley", "v": 0.01165298690582353}]}, {"source": 3, "prod": 3005.0, "target": 17, "value": 0.93452564534379134, "supply": [{"l": "Sugar cane", "v": 0.93452564534379134}]}, {"source": 16, "prod": 25.0, "target": 17, "value": 0.039153066268179618, "supply": [{"l": "Coconuts - Incl Copra", "v": 0.039153066268179618}]}, {"source": 12, "prod": 2.0, "target": 18, "value": 0.0082734408789942541, "supply": [{"l": "Sugar", "v": 0.0082734408789942541}]}, {"source": 13, "prod": 1.0, "target": 18, "value": 0.010144703383541764, "supply": [{"l": "Coconut Oil", "v": 0.010144703383541764}]}, {"source": 3, "prod": 234.0, "target": 18, "value": 0.072771714146571437, "supply": [{"l": "Sugar cane", "v": 0.072771714146571437}]}, {"source": 19, "prod": 2.0, "target": 18, "value": 0.018866740704666669, "supply": [{"l": "Fats, Animals, Raw", "v": 0.018866740704666669}]}, {"source": 2, "prod": 11.0, "target": 2, "value": 0.04439193343158223, "supply": [{"l": "Rice", "v": 0.04439193343158223}]}, {"source": 15, "prod": 1.0, "target": 15, "value": 0.0015317070417448456, "supply": [{"l": "Eggs", "v": 0.0015317070417448456}]}, {"source": 16, "prod": 5.0, "target": 20, "value": 0.0078306132536359232, "supply": [{"l": "Coconuts - Incl Copra", "v": 0.0078306132536359232}]}, {"source": 8, "prod": 1.0, "target": 20, "value": 0.00028075507000992065, "supply": [{"l": "Vegetables, Other", "v": 0.00028075507000992065}]}, {"source": 3, "prod": 192.0, "target": 20, "value": 0.059710124427956056, "supply": [{"l": "Sugar cane", "v": 0.059710124427956056}]}, {"source": 0, "prod": 3.0, "target": 20, "value": 0.0030134377514398148, "supply": [{"l": "Roots, Other", "v": 0.0030134377514398148}]}, {"source": 4, "prod": 3.0, "target": 20, "value": 0.0019402786236313409, "supply": [{"l": "Bananas", "v": 0.00071278264789085828}, {"l": "Oranges, Mandarines", "v": 0.00030466626736004782}, {"l": "Plantains", "v": 0.00092282970838043483}]}, {"source": 2, "prod": 2.0, "target": 20, "value": 0.0063434010809709342, "supply": [{"l": "Wheat", "v": 0.0063434010809709342}]}, {"source": 21, "prod": 54.0, "target": 2, "value": 0.17381036568219857, "supply": [{"l": "Maize", "v": 0.047717705504868618}, {"l": "Wheat", "v": 0.11735291999796228}, {"l": "Barley", "v": 0.0087397401793676485}]}, {"source": 21, "prod": 3.0, "target": 10, "value": 0.012005315134161736, "supply": [{"l": "Peas", "v": 0.012005315134161736}]}, {"source": 21, "prod": 8.0, "target": 17, "value": 0.080118370073840928, "supply": [{"l": "Soyabean Oil", "v": 0.040962222602090724}, {"l": "Fats, Animals, Raw", "v": 0.018866740704666669}, {"l": "Coconut Oil", "v": 0.020289406767083528}]}, {"source": 21, "prod": 52.0, "target": 1, "value": 0.039905379543339239, "supply": [{"l": "Milk - Excluding Butter", "v": 0.038373672501594396}, {"l": "Eggs", "v": 0.0015317070417448456}]}, {"source": 2, "prod": 85.0, "target": 22, "value": 0.34302857651677177, "supply": [{"l": "Rice", "v": 0.34302857651677177}]}, {"source": 12, "prod": 252.0, "target": 22, "value": 1.0424535507532762, "supply": [{"l": "Sugar", "v": 1.0424535507532762}]}, {"source": 11, "prod": 6.0, "target": 22, "value": 0.0038968280231680918, "supply": [{"l": "Crustaceans", "v": 0.0016756644704802636}, {"l": "Fish, Seafood", "v": 0.0022211635526878282}]}, {"source": 9, "prod": 13.0, "target": 22, "value": 0.044857548433448961, "supply": [{"l": "Beverages, Alcoholic", "v": 0.044857548433448961}]}, {"source": 13, "prod": 1.0, "target": 23, "value": 0.010240555650522681, "supply": [{"l": "Soyabean Oil", "v": 0.010240555650522681}]}, {"source": 2, "prod": 17.0, "target": 23, "value": 0.068605715303354367, "supply": [{"l": "Rice", "v": 0.068605715303354367}]}, {"source": 24, "prod": 10.0, "target": 1, "value": 0.0071124350548486572, "supply": [{"l": "Milk - Excluding Butter", "v": 0.0045145497060699287}, {"l": "Crustaceans", "v": 0.0011171096469868424}, {"l": "Fish, Seafood", "v": 0.0014807757017918858}]}, {"source": 24, "prod": 1.0, "target": 16, "value": 0.0015661226507271847, "supply": [{"l": "Coconuts - Incl Copra", "v": 0.0015661226507271847}]}, {"source": 12, "prod": 14.0, "target": 23, "value": 0.05791408615295978, "supply": [{"l": "Sugar", "v": 0.05791408615295978}]}, {"source": 24, "prod": 7.0, "target": 2, "value": 0.021943449969368686, "supply": [{"l": "Wheat", "v": 0.019030203242912803}, {"l": "Barley", "v": 0.0029132467264558824}]}, {"source": 1, "prod": 64.0, "target": 5, "value": 0.048155196864745904, "supply": [{"l": "Milk - Excluding Butter", "v": 0.048155196864745904}]}, {"source": 1, "prod": 6.0, "target": 15, "value": 0.0091902422504690738, "supply": [{"l": "Eggs", "v": 0.010721949292213919}]}, {"source": 1, "prod": 15.0, "target": 7, "value": 0.028719312697849358, "supply": [{"l": "Poultry Meat", "v": 0.018247809165712673}, {"l": "Bovine Meat", "v": 0.0049259578972935154}, {"l": "Pigmeat", "v": 0.0025656694090137361}, {"l": "Offals, Edible", "v": 0.001463798847775862}, {"l": "Mutton & Goat Meat", "v": 0.0015160773780535715}]}, {"source": 1, "prod": 66.0, "target": 11, "value": 0.048653219570814768, "supply": [{"l": "Crustaceans", "v": 0.0016756644704802636}, {"l": "Freshwater Fish", "v": 0.00096477651330681825}, {"l": "Marine Fish, Other", "v": 0.021579979507461572}, {"l": "Fish, Seafood", "v": 0.024432799079566112}]}, {"source": 17, "prod": 302.0, "target": 12, "value": 1.2492895727281326, "supply": [{"l": "Sugar", "v": 1.2492895727281326}]}, {"source": 17, "prod": 9.0, "target": 13, "value": 0.091781591786780456, "supply": [{"l": "Coconut Oil", "v": 0.040578813534167063}, {"l": "Soyabean Oil", "v": 0.051202778252613407}]}, {"source": 17, "prod": 2.0, "target": 19, "value": 0.018866740704666669, "supply": [{"l": "Fats, Animals, Raw", "v": 0.018866740704666669}]}, {"source": 17, "prod": 35.0, "target": 9, "value": 0.066334267956913981, "supply": [{"l": "Beer", "v": 0.0076743969285576431}, {"l": "Beverages, Alcoholic", "v": 0.058659871028356333}]}, {"source": 25, "prod": 0, "target": 16, "value": 0.00036169829321073302, "supply": "[{\"l\":'Energy for power irrigation',\"v\":0.00036169829321073302}]"}, {"source": 25, "prod": 0, "target": 8, "value": 9.9598080739187353e-05, "supply": "[{\"l\":'Energy for power irrigation',\"v\":9.9598080739187353e-05}]"}, {"source": 25, "prod": 0, "target": 3, "value": 0.040164236559139657, "supply": "[{\"l\":'Energy for power irrigation',\"v\":0.040164236559139657}]"}, {"source": 25, "prod": 0, "target": 0, "value": 0.00014153411473463465, "supply": "[{\"l\":'Energy for power irrigation',\"v\":0.00014153411473463465}]"}, {"source": 25, "prod": 0, "target": 10, "value": 2.6210021247154563e-05, "supply": "[{\"l\":'Energy for power irrigation',\"v\":2.6210021247154563e-05}]"}, {"source": 25, "prod": 0, "target": 4, "value": 0.00034597228046244022, "supply": "[{\"l\":'Energy for power irrigation',\"v\":0.00034597228046244022}]"}, {"source": 25, "prod": 0, "target": 2, "value": 0.0023169658782484634, "supply": "[{\"l\":'Energy for power irrigation',\"v\":0.0023169658782484634}]"}, {"source": 25, "prod": 0, "target": 14, "value": 2.0968016997723653e-05, "supply": "[{\"l\":'Energy for power irrigation',\"v\":2.0968016997723653e-05}]"}, {"source": 25, "prod": 0, "target": 17, "value": 0.035875543353205731, "supply": "[{\"l\":'Electricity',\"v\":0.035875543353205731}]"}, {"source": 26, "prod": 0, "target": 25, "value": 0.13771218039422378, "supply": [{"l": "Coal", "v": 0.079806468211325921}, {"l": "Natural gas", "v": 0.01886848062484944}, {"l": "Oil", "v": 0.039037231558048426}]}, {"source": 27, "prod": 0, "target": 25, "value": 0.024966134657744138, "supply": [{"l": "Nuclear", "v": 0.0073773861641564572}, {"l": "Hydroelectric", "v": 0.017258999636782447}, {"l": "Renewable", "v": 0.00032974885680523168}]}, {"source": 26, "prod": 0, "target": 16, "value": 0.014399376850198061, "supply": [{"l": "Motor Gasoline", "v": 0.00054599040849616582}, {"l": "Gas-Diesel oil", "v": 0.013853386441701896}]}, {"source": 26, "prod": 0, "target": 8, "value": 0.0039650457993299013, "supply": [{"l": "Motor Gasoline", "v": 0.00015034518494821958}, {"l": "Gas-Diesel oil", "v": 0.0038147006143816817}]}, {"source": 26, "prod": 0, "target": 3, "value": 1.5989568902350368, "supply": [{"l": "Motor Gasoline", "v": 0.060628674056487281}, {"l": "Gas-Diesel oil", "v": 1.5383282161785496}]}, {"source": 26, "prod": 0, "target": 0, "value": 0.005634538767468807, "supply": [{"l": "Motor Gasoline", "v": 0.00021364842071589096}, {"l": "Gas-Diesel oil", "v": 0.0054208903467529157}]}, {"source": 26, "prod": 0, "target": 10, "value": 0.0010434331050868161, "supply": [{"l": "Motor Gasoline", "v": 3.9564522354794621e-05}, {"l": "Gas-Diesel oil", "v": 0.0010038685827320215}]}, {"source": 26, "prod": 0, "target": 4, "value": 0.013773316987145972, "supply": [{"l": "Motor Gasoline", "v": 0.00052225169508328905}, {"l": "Gas-Diesel oil", "v": 0.013251065292062682}]}, {"source": 26, "prod": 0, "target": 2, "value": 0.092239486489674533, "supply": [{"l": "Motor Gasoline", "v": 0.0034975037761638445}, {"l": "Gas-Diesel oil", "v": 0.088741982713510692}]}, {"source": 26, "prod": 0, "target": 14, "value": 0.00083474648406945285, "supply": [{"l": "Motor Gasoline", "v": 3.1651617883835695e-05}, {"l": "Gas-Diesel oil", "v": 0.00080309486618561712}]}, {"source": 28, "prod": 0.049225102483723172, "target": 16, "value": 0.00070469568519521695, "supply": [{"l": "Potash", "v": 0.00066404722275346007}, {"l": "Phosphate", "v": 0.0058832500047065993}, {"l": "Nitrogen", "v": 0.078159166729193985}]}, {"source": 28, "prod": 0.013554738365083193, "target": 8, "value": 0.00019404663795230613, "supply": [{"l": "Potash", "v": 0.00066404722275346007}, {"l": "Phosphate", "v": 0.0058832500047065993}, {"l": "Nitrogen", "v": 0.078159166729193985}]}, {"source": 28, "prod": 5.4661265975403905, "target": 3, "value": 0.078251859999503653, "supply": [{"l": "Potash", "v": 0.00066404722275346007}, {"l": "Phosphate", "v": 0.0058832500047065993}, {"l": "Nitrogen", "v": 0.078159166729193985}]}, {"source": 28, "prod": 0.019261996624065591, "target": 0, "value": 0.00027575048551117186, "supply": [{"l": "Potash", "v": 0.00066404722275346007}, {"l": "Phosphate", "v": 0.0058832500047065993}, {"l": "Nitrogen", "v": 0.078159166729193985}]}, {"source": 28, "prod": 0.0035670364118639982, "target": 10, "value": 5.1064904724291081e-05, "supply": [{"l": "Potash", "v": 0.00066404722275346007}, {"l": "Phosphate", "v": 0.0058832500047065993}, {"l": "Nitrogen", "v": 0.078159166729193985}]}, {"source": 28, "prod": 0.047084880636604771, "target": 4, "value": 0.00067405674236064228, "supply": [{"l": "Potash", "v": 0.00066404722275346007}, {"l": "Phosphate", "v": 0.0058832500047065993}, {"l": "Nitrogen", "v": 0.078159166729193985}]}, {"source": 28, "prod": 0.31532601880877742, "target": 2, "value": 0.0045141375776273319, "supply": [{"l": "Potash", "v": 0.00066404722275346007}, {"l": "Phosphate", "v": 0.0058832500047065993}, {"l": "Nitrogen", "v": 0.078159166729193985}]}, {"source": 28, "prod": 0.0028536291294911985, "target": 14, "value": 4.0851923779432864e-05, "supply": [{"l": "Potash", "v": 0.00066404722275346007}, {"l": "Phosphate", "v": 0.0058832500047065993}, {"l": "Nitrogen", "v": 0.078159166729193985}]}, {"source": 26, "prod": 0, "target": 28, "value": 0.10022663042547555, "supply": [{"l": "Natural gas (including LNG)", "v": 0.068353456332852031}, {"l": "Fuel oil", "v": 0.01805688545868914}, {"l": "Liquefied petroleum gas (LPG)", "v": 0.0069081443169671927}, {"l": "Coal", "v": 0.0069081443169671927}]}, {"source": 29, "prod": 0, "target": 8, "value": 0.00010211556545125908, "supply": "[{\"l\":'Labor',\"v\":0.00010211556545125908}]"}, {"source": 29, "prod": 0, "target": 3, "value": 0.041179445394081422, "supply": "[{\"l\":'Labor',\"v\":0.041179445394081422}]"}, {"source": 29, "prod": 0, "target": 0, "value": 0.00014511159300968393, "supply": "[{\"l\":'Labor',\"v\":0.00014511159300968393}]"}, {"source": 29, "prod": 0, "target": 10, "value": 2.6872517224015543e-05, "supply": "[{\"l\":'Labor',\"v\":2.6872517224015543e-05}]"}, {"source": 29, "prod": 0, "target": 4, "value": 0.00035471722735700518, "supply": "[{\"l\":'Labor',\"v\":0.00035471722735700518}]"}, {"source": 29, "prod": 0, "target": 2, "value": 0.0023755305226029742, "supply": "[{\"l\":'Labor',\"v\":0.0023755305226029742}]"}, {"source": 29, "prod": 0, "target": 14, "value": 2.1498013779212434e-05, "supply": "[{\"l\":'Labor',\"v\":2.1498013779212434e-05}]"}, {"source": 29, "prod": 0, "target": 16, "value": 0.00037084073769141451, "supply": "[{\"l\":'Labor',\"v\":0.00037084073769141451}]"}, {"source": 26, "prod": 0, "target": 21, "value": 0.30697116603388486, "supply": "[{\"l\":'Fossil Fuels',\"v\":0.30697116603388486}]"}, {"source": 27, "prod": 0, "target": 21, "value": 0.013319828841839944, "supply": "[{\"l\":'Renewables & Nuclear',\"v\":0.00054130293941887907},{\"l\":'Biomass & Waste',\"v\":0.012778525902421066}]"}]}