{"nodes": [{"layer": 5, "name": "Maize"}, {"layer": 10, "name": "Feed", "fill": "#dbdb8d"}, {"layer": 5, "name": "Rice"}, {"layer": 5, "name": "Roots, Other"}, {"layer": 5, "name": "Plantains"}, {"layer": 5, "name": "Vegetables, Other"}, {"layer": 16, "name": "Food", "fill": "#b5cf6b"}, {"layer": 5, "name": "Fruits, Other"}, {"layer": 13, "name": "Sugar", "fill": "#d6616b"}, {"layer": 13, "name": "Beer"}, {"layer": 13, "name": "Beverages, Alcoholic"}, {"layer": 13, "name": "Butter, Ghee"}, {"layer": 5, "name": "Tomatoes"}, {"layer": 5, "name": "Coffee"}, {"layer": 5, "name": "Wheat"}, {"layer": 5, "name": "Coconuts - Incl Copra"}, {"layer": 13, "name": "Eggs"}, {"layer": 5, "name": "Peas"}, {"layer": 13, "name": "Marine Fish, Other"}, {"layer": 13, "name": "Pigmeat"}, {"layer": 5, "name": "Potatoes"}, {"layer": 13, "name": "Coconut Oil"}, {"layer": 13, "name": "Milk - Excluding Butter"}, {"layer": 13, "name": "Fish, Seafood"}, {"layer": 13, "name": "Mutton & Goat Meat"}, {"layer": 5, "name": "Pineapples"}, {"layer": 5, "name": "Bananas"}, {"layer": 13, "name": "Bovine Meat"}, {"layer": 13, "name": "Poultry Meat"}, {"layer": 13, "name": "Offals, Edible"}, {"layer": 5, "name": "Oranges, Mandarines"}, {"layer": 5, "name": "Onions"}, {"layer": 5, "name": "Sugar cane"}, {"layer": 10, "name": "Processing", "fill": "#9edae5"}, {"layer": 5, "name": "Barley"}, {"layer": 13, "name": "Fats, Animals, Raw"}, {"layer": 16, "name": "Biofuels & Other", "fill": "#e7ba52"}, {"layer": 13, "name": "Oilcrops Oil, Other"}, {"name": "Seed", "fill": "#dbdb8d"}, {"name": "Waste", "fill": "#c7c7c7"}, {"layer": 0, "name": "Import", "fill": "#aec7e8"}, {"layer": 5, "name": "Oats"}, {"layer": 16, "name": "Export", "fill": "#aec7e8"}, {"layer": 13, "name": "Crustaceans"}, {"layer": 13, "name": "Wine"}, {"layer": 0, "name": "Stock Draw", "fill": "#c7c7c7"}, {"layer": 16, "name": "Stock Deposit", "fill": "#c7c7c7"}, {"layer": 0, "name": "Production", "fill": "#b5cf6b"}], "links": [{"source": 0, "prod": 0.023214934851445313, "target": 1, "value": 7.0, "supply": [{"l": "Maize", "v": 7.0}]}, {"source": 2, "prod": 0.032648060507049201, "target": 1, "value": 8.0, "supply": [{"l": "Rice", "v": 8.0}]}, {"source": 3, "prod": 0.0049184684992112301, "target": 1, "value": 5.0, "supply": [{"l": "Roots, Other", "v": 5.0}]}, {"source": 4, "prod": 0.0018304658268933755, "target": 1, "value": 2.0, "supply": [{"l": "Plantains", "v": 2.0}]}, {"source": 5, "prod": 0.002008155055293036, "target": 6, "value": 6.0, "supply": [{"l": "Vegetables, Other", "v": 6.0}]}, {"source": 4, "prod": 0.017389425355487067, "target": 6, "value": 19.0, "supply": [{"l": "Plantains", "v": 19.0}]}, {"source": 7, "prod": 0.0020877131107622949, "target": 6, "value": 4.0, "supply": [{"l": "Fruits, Other", "v": 4.0}]}, {"source": 8, "prod": 0.13299735912554791, "target": 6, "value": 32.0, "supply": [{"l": "Sugar", "v": 32.0}]}, {"source": 9, "prod": 0.0034240281022218152, "target": 6, "value": 8.0, "supply": [{"l": "Beer", "v": 8.0}]}, {"source": 10, "prod": 0.010101456071337113, "target": 6, "value": 3.0, "supply": [{"l": "Beverages, Alcoholic", "v": 3.0}]}, {"source": 2, "prod": 0.19996937060567635, "target": 6, "value": 49.0, "supply": [{"l": "Rice", "v": 49.0}]}, {"source": 11, "prod": 0.0088208138359480524, "target": 6, "value": 1.0, "supply": [{"l": "Butter, Ghee", "v": 1.0}]}, {"source": 12, "prod": 0.00054598284997427649, "target": 6, "value": 2.0, "supply": [{"l": "Tomatoes", "v": 2.0}]}, {"source": 13, "prod": 0.00062889135682222218, "target": 6, "value": 1.0, "supply": [{"l": "Coffee", "v": 1.0}]}, {"source": 14, "prod": 0.11112215482225159, "target": 6, "value": 35.0, "supply": [{"l": "Wheat", "v": 35.0}]}, {"source": 15, "prod": 0.014369884682254298, "target": 6, "value": 9.0, "supply": [{"l": "Coconuts - Incl Copra", "v": 9.0}]}, {"source": 16, "prod": 0.0074802055657268727, "target": 6, "value": 5.0, "supply": [{"l": "Eggs", "v": 5.0}]}, {"source": 3, "prod": 0.016722792897318185, "target": 6, "value": 17.0, "supply": [{"l": "Roots, Other", "v": 17.0}]}, {"source": 17, "prod": 0.016071668007679014, "target": 6, "value": 4.0, "supply": [{"l": "Peas", "v": 4.0}]}, {"source": 18, "prod": 0.0088406091991346508, "target": 6, "value": 12.0, "supply": [{"l": "Marine Fish, Other", "v": 12.0}]}, {"source": 19, "prod": 0.0048408084702763164, "target": 6, "value": 2.0, "supply": [{"l": "Pigmeat", "v": 2.0}]}, {"source": 20, "prod": 0.0066838125457956898, "target": 6, "value": 8.0, "supply": [{"l": "Potatoes", "v": 8.0}]}, {"source": 21, "prod": 0.051108557503788961, "target": 6, "value": 5.0, "supply": [{"l": "Coconut Oil", "v": 5.0}]}, {"source": 22, "prod": 0.036557261081285888, "target": 6, "value": 50.0, "supply": [{"l": "Milk - Excluding Butter", "v": 50.0}]}, {"source": 23, "prod": 0.009688013478408591, "target": 6, "value": 12.0, "supply": [{"l": "Fish, Seafood", "v": 12.0}]}, {"source": 24, "prod": 0.0017687569410625001, "target": 6, "value": 1.0, "supply": [{"l": "Mutton & Goat Meat", "v": 1.0}]}, {"source": 25, "prod": 0.0006607029818754864, "target": 6, "value": 2.0, "supply": [{"l": "Pineapples", "v": 2.0}]}, {"source": 26, "prod": 0.0042724038627987102, "target": 6, "value": 6.0, "supply": [{"l": "Bananas", "v": 6.0}]}, {"source": 27, "prod": 0.012629801628743805, "target": 6, "value": 6.0, "supply": [{"l": "Bovine Meat", "v": 6.0}]}, {"source": 28, "prod": 0.01460999997206501, "target": 6, "value": 8.0, "supply": [{"l": "Poultry Meat", "v": 8.0}]}, {"source": 29, "prod": 0.0012577827136444444, "target": 6, "value": 1.0, "supply": [{"l": "Offals, Edible", "v": 1.0}]}, {"source": 30, "prod": 0.0031581029077867341, "target": 6, "value": 12.0, "supply": [{"l": "Oranges, Mandarines", "v": 12.0}]}, {"source": 31, "prod": 0.0008874599286167248, "target": 6, "value": 2.0, "supply": [{"l": "Onions", "v": 2.0}]}, {"source": 32, "prod": 1.213218626531811, "target": 33, "value": 3401.0, "supply": [{"l": "Sugar cane", "v": 3401.0}]}, {"source": 34, "prod": 0.0029616395292209304, "target": 33, "value": 1.0, "supply": [{"l": "Barley", "v": 1.0}]}, {"source": 15, "prod": 0.076639384972022911, "target": 33, "value": 48.0, "supply": [{"l": "Coconuts - Incl Copra", "v": 48.0}]}, {"source": 35, "prod": 0.01806390067468085, "target": 36, "value": 2.0, "supply": [{"l": "Fats, Animals, Raw", "v": 2.0}]}, {"source": 21, "prod": 0.010221711500757791, "target": 36, "value": 1.0, "supply": [{"l": "Coconut Oil", "v": 1.0}]}, {"source": 32, "prod": 0.014625687647105043, "target": 36, "value": 41.0, "supply": [{"l": "Sugar cane", "v": 41.0}]}, {"source": 37, "prod": 0.0084900333171, "target": 36, "value": 1.0, "supply": [{"l": "Oilcrops Oil, Other", "v": 1.0}]}, {"source": 8, "prod": 0.0083123349453467447, "target": 36, "value": 2.0, "supply": [{"l": "Sugar", "v": 2.0}]}, {"source": 2, "prod": 0.020405037816905752, "target": 38, "value": 5.0, "supply": [{"l": "Rice", "v": 5.0}]}, {"source": 3, "prod": 0.0059021621990534767, "target": 39, "value": 6.0, "supply": [{"l": "Roots, Other", "v": 6.0}]}, {"source": 14, "prod": 0.0031749187092071883, "target": 39, "value": 1.0, "supply": [{"l": "Wheat", "v": 1.0}]}, {"source": 26, "prod": 0.00071206731046645174, "target": 39, "value": 1.0, "supply": [{"l": "Bananas", "v": 1.0}]}, {"source": 15, "prod": 0.017563192389421917, "target": 39, "value": 11.0, "supply": [{"l": "Coconuts - Incl Copra", "v": 11.0}]}, {"source": 20, "prod": 0.00083547656822446123, "target": 39, "value": 1.0, "supply": [{"l": "Potatoes", "v": 1.0}]}, {"source": 5, "prod": 0.0003346925092155059, "target": 39, "value": 1.0, "supply": [{"l": "Vegetables, Other", "v": 1.0}]}, {"source": 30, "prod": 0.00026317524231556116, "target": 39, "value": 1.0, "supply": [{"l": "Oranges, Mandarines", "v": 1.0}]}, {"source": 4, "prod": 0.0018304658268933755, "target": 39, "value": 2.0, "supply": [{"l": "Plantains", "v": 2.0}]}, {"source": 32, "prod": 0.064567060100634455, "target": 39, "value": 181.0, "supply": [{"l": "Sugar cane", "v": 181.0}]}, {"source": 40, "prod": 0.0066838125457956898, "target": 20, "value": 8.0, "supply": [{"l": "Potatoes", "v": 8.0}]}, {"source": 40, "prod": 0.0008874599286167248, "target": 31, "value": 2.0, "supply": [{"l": "Onions", "v": 2.0}]}, {"source": 40, "prod": 0.1396964232051163, "target": 14, "value": 44.0, "supply": [{"l": "Wheat", "v": 44.0}]}, {"source": 40, "prod": 0.025413145303393746, "target": 1, "value": 31.0, "supply": [{"l": "Milk - Excluding Butter", "v": 29.0}, {"l": "Bovine Meat", "v": 2.0}]}, {"source": 40, "prod": 0.0059232790584418608, "target": 34, "value": 2.0, "supply": [{"l": "Barley", "v": 2.0}]}, {"source": 40, "prod": 0.0024028396180471702, "target": 41, "value": 1.0, "supply": [{"l": "Oats", "v": 1.0}]}, {"source": 40, "prod": 0.016071668007679014, "target": 17, "value": 4.0, "supply": [{"l": "Peas", "v": 4.0}]}, {"source": 40, "prod": 0.00052635048463112232, "target": 30, "value": 2.0, "supply": [{"l": "Oranges, Mandarines", "v": 2.0}]}, {"source": 40, "prod": 0.01326567705796875, "target": 0, "value": 4.0, "supply": [{"l": "Maize", "v": 4.0}]}, {"source": 40, "prod": 0.0003346925092155059, "target": 5, "value": 1.0, "supply": [{"l": "Vegetables, Other", "v": 1.0}]}, {"source": 40, "prod": 0.066039882330002284, "target": 33, "value": 7.0, "supply": [{"l": "Fats, Animals, Raw", "v": 2.0}, {"l": "Coconut Oil", "v": 3.0}, {"l": "Oilcrops Oil, Other", "v": 1.0}, {"l": "Butter, Ghee", "v": 1.0}]}, {"source": 40, "prod": 0.00098369369984224611, "target": 3, "value": 1.0, "supply": [{"l": "Roots, Other", "v": 1.0}]}, {"source": 14, "prod": 0.022224430964450318, "target": 42, "value": 7.0, "supply": [{"l": "Wheat", "v": 7.0}]}, {"source": 43, "prod": 0.0044684385879473695, "target": 42, "value": 6.0, "supply": [{"l": "Crustaceans", "v": 6.0}]}, {"source": 8, "prod": 1.2676310791653784, "target": 42, "value": 305.0, "supply": [{"l": "Sugar", "v": 305.0}]}, {"source": 10, "prod": 0.023570064166453263, "target": 42, "value": 7.0, "supply": [{"l": "Beverages, Alcoholic", "v": 7.0}]}, {"source": 23, "prod": 0.0048440067392042955, "target": 42, "value": 6.0, "supply": [{"l": "Fish, Seafood", "v": 6.0}]}, {"source": 2, "prod": 0.29791355212682397, "target": 42, "value": 73.0, "supply": [{"l": "Rice", "v": 73.0}]}, {"source": 44, "prod": 0.00077835284289351199, "target": 42, "value": 1.0, "supply": [{"l": "Wine", "v": 1.0}]}, {"source": 45, "prod": 0.0083123349453467447, "target": 33, "value": 2.0, "supply": [{"l": "Sugar", "v": 2.0}]}, {"source": 45, "prod": 0.12243022690143451, "target": 2, "value": 30.0, "supply": [{"l": "Rice", "v": 30.0}]}, {"source": 10, "prod": 0.0067343040475580755, "target": 46, "value": 2.0, "supply": [{"l": "Beverages, Alcoholic", "v": 2.0}]}, {"source": 45, "prod": 0.0044766551076948153, "target": 1, "value": 6.0, "supply": [{"l": "Milk - Excluding Butter", "v": 4.0}, {"l": "Fish, Seafood", "v": 1.0}, {"l": "Crustaceans", "v": 1.0}]}, {"source": 21, "prod": 0.010221711500757791, "target": 46, "value": 1.0, "supply": [{"l": "Coconut Oil", "v": 1.0}]}, {"source": 47, "prod": 0.0099492577934765635, "target": 0, "value": 3.0, "supply": [{"l": "Maize", "v": 3.0}]}, {"source": 47, "prod": 0.0016734625460775299, "target": 5, "value": 5.0, "supply": [{"l": "Vegetables, Other", "v": 5.0}]}, {"source": 47, "prod": 0.021965589922720505, "target": 4, "value": 24.0, "supply": [{"l": "Plantains", "v": 24.0}]}, {"source": 47, "prod": 0.0020877131107622949, "target": 7, "value": 4.0, "supply": [{"l": "Fruits, Other", "v": 4.0}]}, {"source": 47, "prod": 0.43258680171840191, "target": 2, "value": 106.0, "supply": [{"l": "Rice", "v": 106.0}]}, {"source": 47, "prod": 0.00081897427496141473, "target": 12, "value": 3.0, "supply": [{"l": "Tomatoes", "v": 3.0}]}, {"source": 47, "prod": 0.00062889135682222218, "target": 13, "value": 1.0, "supply": [{"l": "Coffee", "v": 1.0}]}, {"source": 47, "prod": 0.10857246204369911, "target": 15, "value": 68.0, "supply": [{"l": "Coconuts - Incl Copra", "v": 68.0}]}, {"source": 47, "prod": 0.026559729895740646, "target": 3, "value": 27.0, "supply": [{"l": "Roots, Other", "v": 27.0}]}, {"source": 47, "prod": 1.2924113742795504, "target": 32, "value": 3623.0, "supply": [{"l": "Sugar cane", "v": 3623.0}]}, {"source": 47, "prod": 0.0006607029818754864, "target": 25, "value": 2.0, "supply": [{"l": "Pineapples", "v": 2.0}]}, {"source": 47, "prod": 0.0049844711732651625, "target": 26, "value": 7.0, "supply": [{"l": "Bananas", "v": 7.0}]}, {"source": 47, "prod": 0.0026317524231556115, "target": 30, "value": 10.0, "supply": [{"l": "Oranges, Mandarines", "v": 10.0}]}, {"source": 1, "prod": 0.01460999997206501, "target": 28, "value": 8.0, "supply": [{"l": "Poultry Meat", "v": 8.0}]}, {"source": 1, "prod": 0.0048408084702763164, "target": 19, "value": 2.0, "supply": [{"l": "Pigmeat", "v": 2.0}]}, {"source": 1, "prod": 0.012629801628743805, "target": 27, "value": 6.0, "supply": [{"l": "Bovine Meat", "v": 6.0}]}, {"source": 1, "prod": 0.0074802055657268727, "target": 16, "value": 5.0, "supply": [{"l": "Eggs", "v": 5.0}]}, {"source": 1, "prod": 0.036557261081285888, "target": 22, "value": 50.0, "supply": [{"l": "Milk - Excluding Butter", "v": 50.0}]}, {"source": 1, "prod": 0.0012577827136444444, "target": 29, "value": 1.0, "supply": [{"l": "Offals, Edible", "v": 1.0}]}, {"source": 1, "prod": 0.0088406091991346508, "target": 18, "value": 12.0, "supply": [{"l": "Marine Fish, Other", "v": 12.0}]}, {"source": 1, "prod": 0.014532020217612886, "target": 23, "value": 18.0, "supply": [{"l": "Fish, Seafood", "v": 18.0}]}, {"source": 1, "prod": 0.0044684385879473695, "target": 43, "value": 6.0, "supply": [{"l": "Crustaceans", "v": 6.0}]}, {"source": 1, "prod": 0.0017687569410625001, "target": 24, "value": 1.0, "supply": [{"l": "Mutton & Goat Meat", "v": 1.0}]}, {"source": 33, "prod": 0.01806390067468085, "target": 35, "value": 2.0, "supply": [{"l": "Fats, Animals, Raw", "v": 2.0}]}, {"source": 33, "prod": 0.071551980505304535, "target": 21, "value": 7.0, "supply": [{"l": "Coconut Oil", "v": 7.0}]}, {"source": 33, "prod": 1.4089407732362731, "target": 8, "value": 339.0, "supply": [{"l": "Sugar", "v": 339.0}]}, {"source": 33, "prod": 0.0034240281022218152, "target": 9, "value": 8.0, "supply": [{"l": "Beer", "v": 8.0}]}, {"source": 33, "prod": 0.040405824285348446, "target": 10, "value": 12.0, "supply": [{"l": "Beverages, Alcoholic", "v": 12.0}]}, {"source": 33, "prod": 0.0084900333171, "target": 37, "value": 1.0, "supply": [{"l": "Oilcrops Oil, Other", "v": 1.0}]}, {"source": 33, "prod": 0.0088208138359480524, "target": 11, "value": 1.0, "supply": [{"l": "Butter, Ghee", "v": 1.0}]}, {"source": 33, "prod": 0.00077835284289351199, "target": 44, "value": 1.0, "supply": [{"l": "Wine", "v": 1.0}]}]}