{"nodes": [{"layer": 5, "name": "Fruits, Roots & Vegetables", "fill": "#98df8a"}, {"layer": 10, "name": "Feed", "fill": "#dbdb8d"}, {"layer": 5, "name": "Cereals", "fill": "#e7ba52"}, {"layer": 13, "name": "Other Processed", "fill": "#9c9ede"}, {"layer": 16, "name": "Food", "fill": "#b5cf6b"}, {"layer": 13, "name": "Animal Products", "fill": "#17becf"}, {"layer": 5, "name": "Oilcrops", "fill": "#ff9896"}, {"layer": 13, "name": "Sugar", "fill": "#d6616b"}, {"layer": 13, "name": "Aquatic Products", "fill": "#1f77b4"}, {"layer": 13, "name": "Vegetable Oils", "fill": "#f7b6d2"}, {"layer": 5, "name": "Sugar Crops", "fill": "#ffbb78"}, {"layer": 10, "name": "Processing", "fill": "#9edae5"}, {"layer": 16, "name": "Biofuels & Other", "fill": "#e7ba52"}, {"name": "Waste", "fill": "#c7c7c7"}, {"layer": 2, "name": "Import", "fill": "#aec7e8"}, {"layer": 16, "name": "Export", "fill": "#aec7e8"}, {"layer": 0, "name": "Stock Draw", "fill": "#c7c7c7"}, {"layer": 16, "name": "Stock Deposit", "fill": "#c7c7c7"}, {"layer": 2, "name": "Electricity", "fill": "#bcbd22"}, {"layer": 0, "name": "Fossil Fuels", "fill": "#c49c94"}, {"layer": 0, "name": "Renewables & Nuclear", "fill": "#2ca02c"}, {"layer": 2, "name": "Fertilizers", "fill": "#c5b0d5"}, {"layer": 0, "name": "Labor", "fill": "#7f7f7f"}], "links": [{"source": 0, "prod": 8.0, "target": 1, "value": 0.0076904083376475169, "supply": [{"l": "Roots, Other", "v": 0.0049480524431860127}, {"l": "Plantains", "v": 0.0027423558944615046}]}, {"source": 2, "prod": 15.0, "target": 1, "value": 0.060404511826652893, "supply": [{"l": "Maize", "v": 0.010740403593921689}, {"l": "Rice", "v": 0.049664108232731208}]}, {"source": 3, "prod": 10.0, "target": 4, "value": 0.018267852400068757, "supply": [{"l": "Beer", "v": 0.0028627279970953757}, {"l": "Beverages, Alcoholic", "v": 0.0067711922160920259}, {"l": "Fats, Animals, Raw", "v": 0.0086339321868813563}]}, {"source": 5, "prod": 63.0, "target": 4, "value": 0.063350500118797476, "supply": [{"l": "Pigmeat", "v": 0.0068516058348526334}, {"l": "Milk - Excluding Butter", "v": 0.034635049304887602}, {"l": "Bovine Meat", "v": 0.012115798074085624}, {"l": "Eggs", "v": 0.0030125924673580651}, {"l": "Poultry Meat", "v": 0.0054191702024042566}, {"l": "Offals, Edible", "v": 0.0013162842352093024}]}, {"source": 2, "prod": 84.0, "target": 4, "value": 0.30287097409270708, "supply": [{"l": "Maize", "v": 0.0035801345313072291}, {"l": "Rice", "v": 0.16140835175637644}, {"l": "Wheat", "v": 0.13788248780502341}]}, {"source": 6, "prod": 6.0, "target": 4, "value": 0.0094954319993881594, "supply": [{"l": "Coconuts - Incl Copra", "v": 0.0094954319993881594}]}, {"source": 0, "prod": 81.0, "target": 4, "value": 0.068725766536686536, "supply": [{"l": "Roots, Other", "v": 0.013854546840920835}, {"l": "Potatoes", "v": 0.0060586892068276192}, {"l": "Fruits, Other", "v": 0.0022342192939736848}, {"l": "Pulses, Other", "v": 0.0038945106959174321}, {"l": "Tomatoes", "v": 0.00037566519102212397}, {"l": "Coffee", "v": 0.0005660022211400001}, {"l": "Pineapples", "v": 0.00072875822464377681}, {"l": "Bananas", "v": 0.0028343055079848257}, {"l": "Spices, Other", "v": 0.0040643776518031914}, {"l": "Vegetables, Other", "v": 0.0017209526994121621}, {"l": "Peas", "v": 0.007916751324627009}, {"l": "Oranges, Mandarines", "v": 0.0033149804708850327}, {"l": "Plantains", "v": 0.0201106098927177}, {"l": "Onions", "v": 0.0010513973148111456}]}, {"source": 7, "prod": 25.0, "target": 4, "value": 0.10362701179579656, "supply": [{"l": "Sugar", "v": 0.10362701179579656}]}, {"source": 8, "prod": 34.0, "target": 4, "value": 0.025515355873418012, "supply": [{"l": "Pelagic Fish", "v": 0.0020963045227407411}, {"l": "Fish, Seafood", "v": 0.012567483528601976}, {"l": "Demersal Fish", "v": 0.0049867421753943732}, {"l": "Marine Fish, Other", "v": 0.0058648256466809221}]}, {"source": 9, "prod": 5.0, "target": 4, "value": 0.051488661243032481, "supply": [{"l": "Coconut Oil", "v": 0.041279127507279315}, {"l": "Soyabean Oil", "v": 0.010209533735753167}]}, {"source": 10, "prod": 3195.0, "target": 11, "value": 0.98998746161074835, "supply": [{"l": "Sugar cane", "v": 0.98998746161074835}]}, {"source": 2, "prod": 1.0, "target": 11, "value": 0.00265313541159375, "supply": [{"l": "Barley", "v": 0.00265313541159375}]}, {"source": 6, "prod": 37.0, "target": 11, "value": 0.058555163996226976, "supply": [{"l": "Coconuts - Incl Copra", "v": 0.058555163996226976}]}, {"source": 3, "prod": 1.0, "target": 12, "value": 0.0086339321868813563, "supply": [{"l": "Fats, Animals, Raw", "v": 0.0086339321868813563}]}, {"source": 9, "prod": 1.0, "target": 12, "value": 0.010319781876819829, "supply": [{"l": "Coconut Oil", "v": 0.010319781876819829}]}, {"source": 10, "prod": 24.0, "target": 12, "value": 0.0074365255332262785, "supply": [{"l": "Sugar cane", "v": 0.0074365255332262785}]}, {"source": 7, "prod": 1.0, "target": 12, "value": 0.0041450804718318624, "supply": [{"l": "Sugar", "v": 0.0041450804718318624}]}, {"source": 2, "prod": 9.0, "target": 2, "value": 0.037248081174548406, "supply": [{"l": "Rice", "v": 0.037248081174548406}]}, {"source": 0, "prod": 11.0, "target": 13, "value": 0.0094855104422495295, "supply": [{"l": "Bananas", "v": 0.00070857637699620643}, {"l": "Oranges, Mandarines", "v": 0.0002209986980590022}, {"l": "Potatoes", "v": 0.00086552702954680277}, {"l": "Roots, Other", "v": 0.0049480524431860127}, {"l": "Plantains", "v": 0.0027423558944615046}]}, {"source": 10, "prod": 169.0, "target": 13, "value": 0.052365533963135036, "supply": [{"l": "Sugar cane", "v": 0.052365533963135036}]}, {"source": 2, "prod": 1.0, "target": 13, "value": 0.0031336929046596224, "supply": [{"l": "Wheat", "v": 0.0031336929046596224}]}, {"source": 6, "prod": 2.0, "target": 13, "value": 0.0031651439997960528, "supply": [{"l": "Coconuts - Incl Copra", "v": 0.0031651439997960528}]}, {"source": 14, "prod": 4.0, "target": 11, "value": 0.027996607393024737, "supply": [{"l": "Coconut Oil", "v": 0.010319781876819829}, {"l": "Beer", "v": 0.0004089611424421965}, {"l": "Fats, Animals, Raw", "v": 0.017267864373762713}]}, {"source": 14, "prod": 51.0, "target": 2, "value": 0.15985887625179443, "supply": [{"l": "Maize", "v": 0.010740403593921689}, {"l": "Oats", "v": 0.0023154636319363637}, {"l": "Barley", "v": 0.00265313541159375}, {"l": "Wheat", "v": 0.14414987361434262}]}, {"source": 14, "prod": 54.0, "target": 1, "value": 0.044526468056609682, "supply": [{"l": "Pigmeat", "v": 0.0034258029174263167}, {"l": "Milk - Excluding Butter", "v": 0.023325645450230428}, {"l": "Fish, Seafood", "v": 0.0066533736327892799}, {"l": "Pelagic Fish", "v": 0.0020963045227407411}, {"l": "Bovine Meat", "v": 0.0040385993580285412}, {"l": "Demersal Fish", "v": 0.0049867421753943732}]}, {"source": 14, "prod": 27.0, "target": 0, "value": 0.028414344023394128, "supply": [{"l": "Roots, Other", "v": 0.00098961048863720267}, {"l": "Potatoes", "v": 0.0069242162363744222}, {"l": "Fruits, Other", "v": 0.0011171096469868424}, {"l": "Spices, Other", "v": 0.0040643776518031914}, {"l": "Vegetables, Other", "v": 0.00068838107976486481}, {"l": "Peas", "v": 0.007916751324627009}, {"l": "Oranges, Mandarines", "v": 0.0017679895844720176}, {"l": "Onions", "v": 0.0010513973148111456}, {"l": "Pulses, Other", "v": 0.0038945106959174321}]}, {"source": 3, "prod": 4.0, "target": 15, "value": 0.013542384432184052, "supply": [{"l": "Beverages, Alcoholic", "v": 0.013542384432184052}]}, {"source": 2, "prod": 112.0, "target": 15, "value": 0.46353167683882462, "supply": [{"l": "Rice", "v": 0.46353167683882462}]}, {"source": 6, "prod": 4.0, "target": 15, "value": 0.0063302879995921057, "supply": [{"l": "Coconuts - Incl Copra", "v": 0.0063302879995921057}]}, {"source": 0, "prod": 1.0, "target": 15, "value": 0.0002209986980590022, "supply": [{"l": "Oranges, Mandarines", "v": 0.0002209986980590022}]}, {"source": 7, "prod": 283.0, "target": 15, "value": 1.1730577735284171, "supply": [{"l": "Sugar", "v": 1.1730577735284171}]}, {"source": 8, "prod": 8.0, "target": 15, "value": 0.0064223746691716528, "supply": [{"l": "Fish, Seafood", "v": 0.0029570549479063469}, {"l": "Crustaceans", "v": 0.0034653197212653059}]}, {"source": 16, "prod": 15.0, "target": 11, "value": 0.062176207077477938, "supply": [{"l": "Sugar", "v": 0.062176207077477938}]}, {"source": 16, "prod": 4.0, "target": 6, "value": 0.0063302879995921057, "supply": [{"l": "Coconuts - Incl Copra", "v": 0.0063302879995921057}]}, {"source": 3, "prod": 1.0, "target": 17, "value": 0.0033855961080460129, "supply": [{"l": "Beverages, Alcoholic", "v": 0.0033855961080460129}]}, {"source": 2, "prod": 14.0, "target": 17, "value": 0.057941459604853078, "supply": [{"l": "Rice", "v": 0.057941459604853078}]}, {"source": 1, "prod": 42.0, "target": 8, "value": 0.031937730542589665, "supply": [{"l": "Marine Fish, Other", "v": 0.0058648256466809221}, {"l": "Pelagic Fish", "v": 0.0020963045227407411}, {"l": "Demersal Fish", "v": 0.0049867421753943732}, {"l": "Fish, Seafood", "v": 0.015524538476508323}, {"l": "Crustaceans", "v": 0.0034653197212653059}]}, {"source": 1, "prod": 63.0, "target": 5, "value": 0.063350500118797476, "supply": [{"l": "Poultry Meat", "v": 0.0054191702024042566}, {"l": "Pigmeat", "v": 0.0068516058348526334}, {"l": "Bovine Meat", "v": 0.012115798074085624}, {"l": "Eggs", "v": 0.0030125924673580651}, {"l": "Milk - Excluding Butter", "v": 0.034635049304887602}, {"l": "Offals, Edible", "v": 0.0013162842352093024}]}, {"source": 11, "prod": 16.0, "target": 3, "value": 0.043829765127180176, "supply": [{"l": "Fats, Animals, Raw", "v": 0.017267864373762713}, {"l": "Beer", "v": 0.0028627279970953757}, {"l": "Beverages, Alcoholic", "v": 0.023699172756322093}]}, {"source": 11, "prod": 6.0, "target": 9, "value": 0.061808443119852313, "supply": [{"l": "Coconut Oil", "v": 0.05159890938409914}, {"l": "Soyabean Oil", "v": 0.010209533735753167}]}, {"source": 11, "prod": 309.0, "target": 7, "value": 1.2808298657960455, "supply": [{"l": "Sugar", "v": 1.2808298657960455}]}, {"source": 18, "prod": 0, "target": 0, "value": 0.00088828734277057524, "supply": "[{\"l\":'Energy for power irrigation',\"v\":0.00088828734277057524}]"}, {"source": 18, "prod": 0, "target": 10, "value": 0.034399561839749647, "supply": "[{\"l\":'Energy for power irrigation',\"v\":0.034399561839749647}]"}, {"source": 18, "prod": 0, "target": 2, "value": 0.0021521933333412792, "supply": "[{\"l\":'Energy for power irrigation',\"v\":0.0021521933333412792}]"}, {"source": 18, "prod": 0, "target": 6, "value": 0.00047206127358664853, "supply": "[{\"l\":'Energy for power irrigation',\"v\":0.00047206127358664853}]"}, {"source": 18, "prod": 0, "target": 11, "value": 0.013602366656736614, "supply": "[{\"l\":'Electricity',\"v\":0.013602366656736614}]"}, {"source": 19, "prod": 0, "target": 18, "value": 0.09744119243754451, "supply": [{"l": "Coal", "v": 0.050499731631255519}, {"l": "Natural gas", "v": 0.015247382258799074}, {"l": "Oil", "v": 0.031694078547489922}]}, {"source": 20, "prod": 0, "target": 18, "value": 0.013676872358429312, "supply": [{"l": "Nuclear", "v": 0.0015615623809737658}, {"l": "Hydroelectric", "v": 0.011959724713851363}, {"l": "Renewable", "v": 0.00015558526360418283}]}, {"source": 19, "prod": 0, "target": 0, "value": 0.040554049548219548, "supply": [{"l": "Motor Gasoline", "v": 0.0015377139100781004}, {"l": "Gas-Diesel oil", "v": 0.039016335638141456}]}, {"source": 19, "prod": 0, "target": 10, "value": 1.5704845359330508, "supply": [{"l": "Motor Gasoline", "v": 0.059549069534853061}, {"l": "Gas-Diesel oil", "v": 1.5109354663981978}]}, {"source": 19, "prod": 0, "target": 2, "value": 0.098256668619686224, "supply": [{"l": "Motor Gasoline", "v": 0.0037256611307035113}, {"l": "Gas-Diesel oil", "v": 0.094531007488982716}]}, {"source": 19, "prod": 0, "target": 6, "value": 0.021551580617053819, "supply": [{"l": "Motor Gasoline", "v": 0.00081718510649864747}, {"l": "Gas-Diesel oil", "v": 0.02073439551055517}]}, {"source": 21, "prod": 0.19545454545454546, "target": 0, "value": 0.0024191153825455182, "supply": [{"l": "Potash", "v": 0.0040458166699033201}, {"l": "Phosphate", "v": 0.0074108750059286993}, {"l": "Nitrogen", "v": 0.091791152851210686}]}, {"source": 21, "prod": 7.5691168831168838, "target": 10, "value": 0.093681971128634148, "supply": [{"l": "Potash", "v": 0.0040458166699033201}, {"l": "Phosphate", "v": 0.0074108750059286993}, {"l": "Nitrogen", "v": 0.091791152851210686}]}, {"source": 21, "prod": 0.47355844155844157, "target": 2, "value": 0.0058611709839959981, "supply": [{"l": "Potash", "v": 0.0040458166699033201}, {"l": "Phosphate", "v": 0.0074108750059286993}, {"l": "Nitrogen", "v": 0.091791152851210686}]}, {"source": 21, "prod": 0.10387012987012988, "target": 6, "value": 0.0012855870318670467, "supply": [{"l": "Potash", "v": 0.0040458166699033201}, {"l": "Phosphate", "v": 0.0074108750059286993}, {"l": "Nitrogen", "v": 0.091791152851210686}]}, {"source": 19, "prod": 0, "target": 21, "value": 0.12553136061484807, "supply": [{"l": "Natural gas (including LNG)", "v": 0.084328696736087783}, {"l": "Fuel oil", "v": 0.024976632884494147}, {"l": "Liquefied petroleum gas (LPG)", "v": 0.0081130154971330668}, {"l": "Coal", "v": 0.0081130154971330668}]}, {"source": 22, "prod": 0, "target": 2, "value": 0.0019922025302430315, "supply": "[{\"l\":'Labor',\"v\":0.0019922025302430315}]"}, {"source": 22, "prod": 0, "target": 6, "value": 0.00043696895120896677, "supply": "[{\"l\":'Labor',\"v\":0.00043696895120896677}]"}, {"source": 22, "prod": 0, "target": 0, "value": 0.00082225340281257193, "supply": "[{\"l\":'Labor',\"v\":0.00082225340281257193}]"}, {"source": 22, "prod": 0, "target": 10, "value": 0.031842350347776001, "supply": "[{\"l\":'Labor',\"v\":0.031842350347776001}]"}, {"source": 19, "prod": 0, "target": 14, "value": 0.24947882313247838, "supply": "[{\"l\":'Fossil Fuels',\"v\":0.24947882313247838}]"}, {"source": 20, "prod": 0, "target": 14, "value": 0.015770640070401919, "supply": "[{\"l\":'Renewables & Nuclear',\"v\":0.00054583345696210055},{\"l\":'Biomass & Waste',\"v\":0.01522480661343982}]"}]}