{"nodes": [{"layer": 5, "name": "Fruits, Roots & Vegetables", "fill": "#98df8a"}, {"layer": 10, "name": "Feed", "fill": "#dbdb8d"}, {"layer": 5, "name": "Cereals", "fill": "#e7ba52"}, {"layer": 13, "name": "Other Processed", "fill": "#9c9ede"}, {"layer": 16, "name": "Food", "fill": "#b5cf6b"}, {"layer": 13, "name": "Animal Products", "fill": "#17becf"}, {"layer": 5, "name": "Oilcrops", "fill": "#ff9896"}, {"layer": 13, "name": "Sugar", "fill": "#d6616b"}, {"layer": 13, "name": "Aquatic Products", "fill": "#1f77b4"}, {"layer": 13, "name": "Vegetable Oils", "fill": "#f7b6d2"}, {"layer": 5, "name": "Sugar Crops", "fill": "#ffbb78"}, {"layer": 10, "name": "Processing", "fill": "#9edae5"}, {"layer": 16, "name": "Biofuels & Other", "fill": "#e7ba52"}, {"name": "Waste", "fill": "#c7c7c7"}, {"layer": 2, "name": "Import", "fill": "#aec7e8"}, {"layer": 16, "name": "Export", "fill": "#aec7e8"}, {"layer": 0, "name": "Stock Draw", "fill": "#c7c7c7"}, {"layer": 16, "name": "Stock Deposit", "fill": "#c7c7c7"}, {"layer": 2, "name": "Electricity", "fill": "#bcbd22"}, {"layer": 0, "name": "Fossil Fuels", "fill": "#c49c94"}, {"layer": 0, "name": "Renewables & Nuclear", "fill": "#2ca02c"}, {"layer": 2, "name": "Fertilizers", "fill": "#c5b0d5"}, {"layer": 0, "name": "Labor", "fill": "#7f7f7f"}], "links": [{"source": 0, "prod": 7.0, "target": 1, "value": 0.0068537900797347832, "supply": [{"l": "Roots, Other", "v": 0.0050162678387592318}, {"l": "Plantains", "v": 0.001837522240975551}]}, {"source": 2, "prod": 15.0, "target": 1, "value": 0.05776271649451617, "supply": [{"l": "Maize", "v": 0.020934328727095896}, {"l": "Rice", "v": 0.036828387767420277}]}, {"source": 3, "prod": 11.0, "target": 4, "value": 0.018890026579220211, "supply": [{"l": "Beer", "v": 0.0034589024625222222}, {"l": "Beverages, Alcoholic", "v": 0.0068632005856796409}, {"l": "Fats, Animals, Raw", "v": 0.0085679235310183489}]}, {"source": 5, "prod": 75.0, "target": 4, "value": 0.073410393641754126, "supply": [{"l": "Pigmeat", "v": 0.0024142274835355455}, {"l": "Milk - Excluding Butter", "v": 0.04057310046893834}, {"l": "Mutton & Goat Meat", "v": 0.0016980066634200003}, {"l": "Bovine Meat", "v": 0.012185228681485416}, {"l": "Eggs", "v": 0.0045197463379133621}, {"l": "Poultry Meat", "v": 0.01078964439528755}, {"l": "Offals, Edible", "v": 0.001230439611173913}]}, {"source": 2, "prod": 88.0, "target": 4, "value": 0.31504356174605258, "supply": [{"l": "Maize", "v": 0.0034890547878493154}, {"l": "Oats", "v": 0.0026203806534259261}, {"l": "Rice", "v": 0.15958968032548784}, {"l": "Wheat", "v": 0.1493444459792895}]}, {"source": 6, "prod": 7.0, "target": 4, "value": 0.011116878812582911, "supply": [{"l": "Coconuts - Incl Copra", "v": 0.011116878812582911}]}, {"source": 0, "prod": 76.0, "target": 4, "value": 0.071636297517259362, "supply": [{"l": "Roots, Other", "v": 0.014045549948525851}, {"l": "Potatoes", "v": 0.006878001674612659}, {"l": "Fruits, Other", "v": 0.0021665156790047846}, {"l": "Pulses, Other", "v": 0.0039305709801388897}, {"l": "Tomatoes", "v": 0.00023453130710220996}, {"l": "Coffee", "v": 0.00043763058335567019}, {"l": "Pineapples", "v": 0.00047966289927118649}, {"l": "Bananas", "v": 0.0036859768381041968}, {"l": "Spices, Other", "v": 0.0041852276915281695}, {"l": "Vegetables, Other", "v": 0.0018728014670073528}, {"l": "Peas", "v": 0.012101178709893665}, {"l": "Oranges, Mandarines", "v": 0.0030164847056879844}, {"l": "Plantains", "v": 0.016537700168779958}, {"l": "Onions", "v": 0.0010290949475272727}, {"l": "Cassava", "v": 0.0010353699167195121}]}, {"source": 7, "prod": 27.0, "target": 4, "value": 0.11208450924941168, "supply": [{"l": "Sugar", "v": 0.11208450924941168}]}, {"source": 8, "prod": 40.0, "target": 4, "value": 0.030608623911186794, "supply": [{"l": "Pelagic Fish", "v": 0.0022539911461327434}, {"l": "Fish, Seafood", "v": 0.015327139793702656}, {"l": "Demersal Fish", "v": 0.00416567055278271}, {"l": "Marine Fish, Other", "v": 0.008861822418568685}]}, {"source": 9, "prod": 5.0, "target": 4, "value": 0.051072856673179692, "supply": [{"l": "Coconut Oil", "v": 0.051072856673179692}]}, {"source": 10, "prod": 3940.0, "target": 11, "value": 1.1737098691008421, "supply": [{"l": "Sugar cane", "v": 1.1737098691008421}]}, {"source": 2, "prod": 1.0, "target": 11, "value": 0.0025989897909489794, "supply": [{"l": "Barley", "v": 0.0025989897909489794}]}, {"source": 6, "prod": 34.0, "target": 11, "value": 0.053996268518259852, "supply": [{"l": "Coconuts - Incl Copra", "v": 0.053996268518259852}]}, {"source": 3, "prod": 1.0, "target": 12, "value": 0.0085679235310183489, "supply": [{"l": "Fats, Animals, Raw", "v": 0.0085679235310183489}]}, {"source": 9, "prod": 1.0, "target": 12, "value": 0.010214571334635937, "supply": [{"l": "Coconut Oil", "v": 0.010214571334635937}]}, {"source": 10, "prod": 30.0, "target": 12, "value": 0.0089368771758947373, "supply": [{"l": "Sugar cane", "v": 0.0089368771758947373}]}, {"source": 7, "prod": 1.0, "target": 12, "value": 0.0041512781203485814, "supply": [{"l": "Sugar", "v": 0.0041512781203485814}]}, {"source": 2, "prod": 6.0, "target": 2, "value": 0.024552258511613516, "supply": [{"l": "Rice", "v": 0.024552258511613516}]}, {"source": 0, "prod": 10.0, "target": 13, "value": 0.0087249615390174763, "supply": [{"l": "Bananas", "v": 0.00073719536762083921}, {"l": "Oranges, Mandarines", "v": 0.00027422588233527132}, {"l": "Potatoes", "v": 0.00085975020932658238}, {"l": "Roots, Other", "v": 0.0050162678387592318}, {"l": "Plantains", "v": 0.001837522240975551}]}, {"source": 10, "prod": 209.0, "target": 13, "value": 0.062260244325399998, "supply": [{"l": "Sugar cane", "v": 0.062260244325399998}]}, {"source": 2, "prod": 2.0, "target": 13, "value": 0.0063550828076293408, "supply": [{"l": "Wheat", "v": 0.0063550828076293408}]}, {"source": 6, "prod": 7.0, "target": 13, "value": 0.011116878812582911, "supply": [{"l": "Coconuts - Incl Copra", "v": 0.011116878812582911}]}, {"source": 14, "prod": 6.0, "target": 11, "value": 0.04821192387375979, "supply": [{"l": "Coconut Oil", "v": 0.030643714003907814}, {"l": "Beer", "v": 0.00043236280781527777}, {"l": "Fats, Animals, Raw", "v": 0.017135847062036698}]}, {"source": 14, "prod": 58.0, "target": 2, "value": 0.18471925597816968, "supply": [{"l": "Maize", "v": 0.017445273939246577}, {"l": "Oats", "v": 0.0026203806534259261}, {"l": "Barley", "v": 0.0025989897909489794}, {"l": "Wheat", "v": 0.1620546115945482}]}, {"source": 14, "prod": 22.0, "target": 0, "value": 0.03248708867532181, "supply": [{"l": "Roots, Other", "v": 0.0010032535677518464}, {"l": "Potatoes", "v": 0.0077377518839392423}, {"l": "Fruits, Other", "v": 0.00054162891975119616}, {"l": "Pulses, Other", "v": 0.0039305709801388897}, {"l": "Spices, Other", "v": 0.0041852276915281695}, {"l": "Vegetables, Other", "v": 0.00037456029340147056}, {"l": "Peas", "v": 0.012101178709893665}, {"l": "Oranges, Mandarines", "v": 0.00054845176467054264}, {"l": "Onions", "v": 0.0010290949475272727}, {"l": "Cassava", "v": 0.0010353699167195121}]}, {"source": 14, "prod": 55.0, "target": 1, "value": 0.042949185376027064, "supply": [{"l": "Milk - Excluding Butter", "v": 0.02633692486580208}, {"l": "Fish, Seafood", "v": 0.0061308559174810626}, {"l": "Pelagic Fish", "v": 0.0022539911461327434}, {"l": "Bovine Meat", "v": 0.0040617428938284714}, {"l": "Demersal Fish", "v": 0.00416567055278271}]}, {"source": 8, "prod": 8.0, "target": 15, "value": 0.0060975827148476748, "supply": [{"l": "Fish, Seafood", "v": 0.0030654279587405313}, {"l": "Crustaceans", "v": 0.0030321547561071431}]}, {"source": 3, "prod": 4.0, "target": 15, "value": 0.013726401171359282, "supply": [{"l": "Beverages, Alcoholic", "v": 0.013726401171359282}]}, {"source": 2, "prod": 79.0, "target": 15, "value": 0.32144240037333621, "supply": [{"l": "Wheat", "v": 0.0063550828076293408}, {"l": "Rice", "v": 0.31508731756570685}]}, {"source": 6, "prod": 9.0, "target": 15, "value": 0.014293129901892316, "supply": [{"l": "Coconuts - Incl Copra", "v": 0.014293129901892316}]}, {"source": 7, "prod": 356.0, "target": 15, "value": 1.4778550108440947, "supply": [{"l": "Sugar", "v": 1.4778550108440947}]}, {"source": 16, "prod": 13.0, "target": 11, "value": 0.053966615564531556, "supply": [{"l": "Sugar", "v": 0.053966615564531556}]}, {"source": 6, "prod": 5.0, "target": 17, "value": 0.0079406277232735075, "supply": [{"l": "Coconuts - Incl Copra", "v": 0.0079406277232735075}]}, {"source": 3, "prod": 4.0, "target": 17, "value": 0.013726401171359282, "supply": [{"l": "Beverages, Alcoholic", "v": 0.013726401171359282}]}, {"source": 16, "prod": 5.0, "target": 2, "value": 0.020460215426344595, "supply": [{"l": "Rice", "v": 0.020460215426344595}]}, {"source": 1, "prod": 48.0, "target": 8, "value": 0.036706206626034465, "supply": [{"l": "Marine Fish, Other", "v": 0.008861822418568685}, {"l": "Pelagic Fish", "v": 0.0022539911461327434}, {"l": "Demersal Fish", "v": 0.00416567055278271}, {"l": "Fish, Seafood", "v": 0.018392567752443186}, {"l": "Crustaceans", "v": 0.0030321547561071431}]}, {"source": 1, "prod": 75.0, "target": 5, "value": 0.073410393641754126, "supply": [{"l": "Poultry Meat", "v": 0.01078964439528755}, {"l": "Pigmeat", "v": 0.0024142274835355455}, {"l": "Bovine Meat", "v": 0.012185228681485416}, {"l": "Eggs", "v": 0.0045197463379133621}, {"l": "Milk - Excluding Butter", "v": 0.04057310046893834}, {"l": "Offals, Edible", "v": 0.001230439611173913}, {"l": "Mutton & Goat Meat", "v": 0.0016980066634200003}]}, {"source": 11, "prod": 20.0, "target": 3, "value": 0.054910752452957123, "supply": [{"l": "Fats, Animals, Raw", "v": 0.017135847062036698}, {"l": "Beer", "v": 0.0034589024625222222}, {"l": "Beverages, Alcoholic", "v": 0.034316002928398204}]}, {"source": 11, "prod": 6.0, "target": 9, "value": 0.061287428007815628, "supply": [{"l": "Coconut Oil", "v": 0.061287428007815628}]}, {"source": 11, "prod": 384.0, "target": 7, "value": 1.594090798213855, "supply": [{"l": "Sugar", "v": 1.594090798213855}]}, {"source": 18, "prod": 0, "target": 0, "value": 0.00073617807212020107, "supply": "[{\"l\":'Energy for power irrigation',\"v\":0.00073617807212020107}]"}, {"source": 18, "prod": 0, "target": 10, "value": 0.037286303931566782, "supply": "[{\"l\":'Energy for power irrigation',\"v\":0.037286303931566782}]"}, {"source": 18, "prod": 0, "target": 2, "value": 0.0014277392913846323, "supply": "[{\"l\":'Energy for power irrigation',\"v\":0.0014277392913846323}]"}, {"source": 18, "prod": 0, "target": 6, "value": 0.00054878729012596808, "supply": "[{\"l\":'Energy for power irrigation',\"v\":0.00054878729012596808}]"}, {"source": 18, "prod": 0, "target": 11, "value": 0.01482720981093201, "supply": "[{\"l\":'Electricity',\"v\":0.01482720981093201}]"}, {"source": 19, "prod": 0, "target": 18, "value": 0.10330966955458884, "supply": [{"l": "Coal", "v": 0.053746244334463567}, {"l": "Natural gas", "v": 0.015831806565051575}, {"l": "Oil", "v": 0.033731618655073695}]}, {"source": 20, "prod": 0, "target": 18, "value": 0.014556127325089657, "supply": [{"l": "Nuclear", "v": 0.001661951669053575}, {"l": "Hydroelectric", "v": 0.01272858817027335}, {"l": "Renewable", "v": 0.00016558748576273242}]}, {"source": 19, "prod": 0, "target": 0, "value": 0.031856076712601419, "supply": [{"l": "Motor Gasoline", "v": 0.00120790729476319}, {"l": "Gas-Diesel oil", "v": 0.030648169417838232}]}, {"source": 19, "prod": 0, "target": 10, "value": 1.6134620187103639, "supply": [{"l": "Motor Gasoline", "v": 0.061178674317187744}, {"l": "Gas-Diesel oil", "v": 1.5522833443931761}]}, {"source": 19, "prod": 0, "target": 2, "value": 0.061781482109287605, "supply": [{"l": "Motor Gasoline", "v": 0.0023426080868134591}, {"l": "Gas-Diesel oil", "v": 0.059438874022474143}]}, {"source": 19, "prod": 0, "target": 6, "value": 0.023747257185757421, "supply": [{"l": "Motor Gasoline", "v": 0.00090043998336892346}, {"l": "Gas-Diesel oil", "v": 0.0228468172023885}]}, {"source": 21, "prod": 0.19893865030674851, "target": 0, "value": 0.0025324705030484711, "supply": [{"l": "Potash", "v": 0.0059379666714170394}, {"l": "Phosphate", "v": 0.0071920416724202997}, {"l": "Nitrogen", "v": 0.12446755565512958}]}, {"source": 21, "prod": 10.075941215839375, "target": 10, "value": 0.12826579390288528, "supply": [{"l": "Potash", "v": 0.0059379666714170394}, {"l": "Phosphate", "v": 0.0071920416724202997}, {"l": "Nitrogen", "v": 0.12446755565512958}]}, {"source": 21, "prod": 0.38582041271611828, "target": 2, "value": 0.0049114579453061252, "supply": [{"l": "Potash", "v": 0.0059379666714170394}, {"l": "Phosphate", "v": 0.0071920416724202997}, {"l": "Nitrogen", "v": 0.12446755565512958}]}, {"source": 21, "prod": 0.14829972113775797, "target": 6, "value": 0.0018878416477270421, "supply": [{"l": "Potash", "v": 0.0059379666714170394}, {"l": "Phosphate", "v": 0.0071920416724202997}, {"l": "Nitrogen", "v": 0.12446755565512958}]}, {"source": 19, "prod": 0, "target": 21, "value": 0.16799737845173385, "supply": [{"l": "Natural gas (including LNG)", "v": 0.11243143397207767}, {"l": "Fuel oil", "v": 0.033563666993127794}, {"l": "Liquefied petroleum gas (LPG)", "v": 0.011001138743264189}, {"l": "Coal", "v": 0.011001138743264189}]}, {"source": 22, "prod": 0, "target": 2, "value": 0.0013353782754555576, "supply": "[{\"l\":'Labor',\"v\":0.0013353782754555576}]"}, {"source": 22, "prod": 0, "target": 6, "value": 0.00051328602462822996, "supply": "[{\"l\":'Labor',\"v\":0.00051328602462822996}]"}, {"source": 22, "prod": 0, "target": 0, "value": 0.0006885544232817719, "supply": "[{\"l\":'Labor',\"v\":0.0006885544232817719}]"}, {"source": 22, "prod": 0, "target": 10, "value": 0.034874238274944042, "supply": "[{\"l\":'Labor',\"v\":0.034874238274944042}]"}, {"source": 19, "prod": 0, "target": 14, "value": 0.23514733467082213, "supply": "[{\"l\":'Fossil Fuels',\"v\":0.23514733467082213}]"}, {"source": 20, "prod": 0, "target": 14, "value": 0.014864684433109695, "supply": "[{\"l\":'Renewables & Nuclear',\"v\":0.00051447766574817322},{\"l\":'Biomass & Waste',\"v\":0.014350206767361522}]"}]}