{"nodes": [{"layer": 3, "name": "Vegetables"}, {"layer": 5, "name": "Production", "fill": "#b5cf6b"}, {"layer": 3, "name": "Sugar Crops", "fill": "#ffbb78"}, {"layer": 3, "name": "Starchy Roots"}, {"layer": 3, "name": "Cereals - Excluding Beer"}, {"layer": 3, "name": "Stimulants"}, {"layer": 3, "name": "Fruits - Excluding Wine"}, {"layer": 3, "name": "Oilcrops", "fill": "#ff9896"}, {"layer": 1, "name": "Electricity", "fill": "#bcbd22"}, {"layer": 0, "name": "Fossil Fuels", "fill": "#c49c94"}, {"layer": 0, "name": "Renewables & Nuclear", "fill": "#2ca02c"}, {"layer": 1, "name": "Fertilizers", "fill": "#c5b0d5"}, {"layer": 0, "name": "Labor", "fill": "#7f7f7f"}], "links": [{"source": 0, "prod": 6.0, "target": 1, "value": 0.0017208472359546664, "supply": [{"l": "Tomatoes", "v": 0.00042663484005527638}, {"l": "Vegetables, Other", "v": 0.00129421239589939}]}, {"source": 2, "prod": 3754.0, "target": 1, "value": 1.0449700023735542, "supply": [{"l": "Sugar cane", "v": 1.0449700023735542}]}, {"source": 3, "prod": 26.0, "target": 1, "value": 0.025489707418545039, "supply": [{"l": "Roots, Other", "v": 0.025489707418545039}]}, {"source": 4, "prod": 142.0, "target": 1, "value": 0.57556033871453183, "supply": [{"l": "Maize", "v": 0.0076030149108358216}, {"l": "Rice", "v": 0.56795732380369601}]}, {"source": 5, "prod": 1.0, "target": 1, "value": 0.00044218923526562502, "supply": [{"l": "Coffee", "v": 0.00044218923526562502}]}, {"source": 6, "prod": 41.0, "target": 1, "value": 0.029832281901877526, "supply": [{"l": "Plantains", "v": 0.021266361167687278}, {"l": "Fruits, Other", "v": 0.0016619967341794455}, {"l": "Pineapples", "v": 0.00024257238048857146}, {"l": "Bananas", "v": 0.0045013431430868936}, {"l": "Oranges, Mandarines", "v": 0.0021600084764353358}]}, {"source": 7, "prod": 50.0, "target": 1, "value": 0.078536835713211572, "supply": [{"l": "Coconuts - Incl Copra", "v": 0.078536835713211572}]}, {"source": 8, "prod": 0, "target": 7, "value": 0.00050800220521274374, "supply": "[{\"l\":'Energy for power irrigation',\"v\":0.00050800220521274374}]"}, {"source": 8, "prod": 0, "target": 0, "value": 6.9048843426974875e-05, "supply": "[{\"l\":'Energy for power irrigation',\"v\":6.9048843426974875e-05}]"}, {"source": 8, "prod": 0, "target": 2, "value": 0.037034840378082454, "supply": "[{\"l\":'Energy for power irrigation',\"v\":0.037034840378082454}]"}, {"source": 8, "prod": 0, "target": 3, "value": 0.00030085567493181908, "supply": "[{\"l\":'Energy for power irrigation',\"v\":0.00030085567493181908}]"}, {"source": 8, "prod": 0, "target": 6, "value": 0.00042415718105141706, "supply": "[{\"l\":'Energy for power irrigation',\"v\":0.00042415718105141706}]"}, {"source": 8, "prod": 0, "target": 4, "value": 0.0016325119410234774, "supply": "[{\"l\":'Energy for power irrigation',\"v\":0.0016325119410234774}]"}, {"source": 8, "prod": 0, "target": 5, "value": 9.8641204895678393e-06, "supply": "[{\"l\":'Energy for power irrigation',\"v\":9.8641204895678393e-06}]"}, {"source": 9, "prod": 0, "target": 8, "value": 0.075277441566956454, "supply": [{"l": "Coal", "v": 0.039211102852720163}, {"l": "Natural gas", "v": 0.011457103504387292}, {"l": "Oil", "v": 0.024609235209849003}]}, {"source": 10, "prod": 0, "target": 8, "value": 0.010619566311080693, "supply": [{"l": "Nuclear", "v": 0.0012124932381502758}, {"l": "Hydroelectric", "v": 0.0092862670888888034}, {"l": "Renewable", "v": 0.00012080598404161294}]}, {"source": 9, "prod": 0, "target": 7, "value": 0.02198239506485266, "supply": [{"l": "Motor Gasoline", "v": 0.00083352057426137253}, {"l": "Gas-Diesel oil", "v": 0.021148874490591288}]}, {"source": 9, "prod": 0, "target": 0, "value": 0.0029878983583294877, "supply": [{"l": "Motor Gasoline", "v": 0.00011329405863746811}, {"l": "Gas-Diesel oil", "v": 0.0028746042996920197}]}, {"source": 9, "prod": 0, "target": 2, "value": 1.6025806266211515, "supply": [{"l": "Motor Gasoline", "v": 0.060766077593482008}, {"l": "Gas-Diesel oil", "v": 1.5418145490276696}]}, {"source": 9, "prod": 0, "target": 3, "value": 0.013018699989864196, "supply": [{"l": "Motor Gasoline", "v": 0.0004936383983489682}, {"l": "Gas-Diesel oil", "v": 0.012525061591515228}]}, {"source": 9, "prod": 0, "target": 6, "value": 0.018354232772595423, "supply": [{"l": "Motor Gasoline", "v": 0.00069594921734444698}, {"l": "Gas-Diesel oil", "v": 0.017658283555250977}]}, {"source": 9, "prod": 0, "target": 4, "value": 0.070642454043361461, "supply": [{"l": "Motor Gasoline", "v": 0.0026785952435001391}, {"l": "Gas-Diesel oil", "v": 0.067963858799861318}]}, {"source": 9, "prod": 0, "target": 5, "value": 0.00042684262261849824, "supply": [{"l": "Motor Gasoline", "v": 1.6184865519638303e-05}, {"l": "Gas-Diesel oil", "v": 0.00041065775709885993}]}, {"source": 11, "prod": 0.1276514180024661, "target": 7, "value": 0.0016682078068558704, "supply": [{"l": "Potash", "v": 0.0052585361153179404}, {"l": "Phosphate", "v": 0.0061567916715920996}, {"l": "Nitrogen", "v": 0.11993579176261529}]}, {"source": 11, "prod": 0.017350678175092477, "target": 0, "value": 0.0002267466921940018, "supply": [{"l": "Potash", "v": 0.0052585361153179404}, {"l": "Phosphate", "v": 0.0061567916715920996}, {"l": "Nitrogen", "v": 0.11993579176261529}]}, {"source": 11, "prod": 9.3061601726263863, "target": 2, "value": 0.12161720797748282, "supply": [{"l": "Potash", "v": 0.0052585361153179404}, {"l": "Phosphate", "v": 0.0061567916715920996}, {"l": "Nitrogen", "v": 0.11993579176261529}]}, {"source": 11, "prod": 0.075599383477188656, "target": 3, "value": 0.000987967730273865, "supply": [{"l": "Potash", "v": 0.0052585361153179404}, {"l": "Phosphate", "v": 0.0061567916715920996}, {"l": "Nitrogen", "v": 0.11993579176261529}]}, {"source": 11, "prod": 0.10658273736128236, "target": 6, "value": 0.001392872537763154, "supply": [{"l": "Potash", "v": 0.0052585361153179404}, {"l": "Phosphate", "v": 0.0061567916715920996}, {"l": "Nitrogen", "v": 0.11993579176261529}]}, {"source": 11, "prod": 0.4102196054254007, "target": 4, "value": 0.005360939651158185, "supply": [{"l": "Potash", "v": 0.0052585361153179404}, {"l": "Phosphate", "v": 0.0061567916715920996}, {"l": "Nitrogen", "v": 0.11993579176261529}]}, {"source": 11, "prod": 0.002478668310727497, "target": 5, "value": 3.2392384599143112e-05, "supply": [{"l": "Potash", "v": 0.0052585361153179404}, {"l": "Phosphate", "v": 0.0061567916715920996}, {"l": "Nitrogen", "v": 0.11993579176261529}]}, {"source": 9, "prod": 0, "target": 11, "value": 0.15997813359242544, "supply": [{"l": "Natural gas (including LNG)", "v": 0.10716830154496083}, {"l": "Fuel oil", "v": 0.031608639840884981}, {"l": "Liquefied petroleum gas (LPG)", "v": 0.010600596103289799}, {"l": "Coal", "v": 0.010600596103289799}]}, {"source": 12, "prod": 0, "target": 7, "value": 0.00048042437322744241, "supply": "[{\"l\":'Labor',\"v\":0.00048042437322744241}]"}, {"source": 12, "prod": 0, "target": 0, "value": 6.5300400244506729e-05, "supply": "[{\"l\":'Labor',\"v\":6.5300400244506729e-05}]"}, {"source": 12, "prod": 0, "target": 2, "value": 0.035024336102571503, "supply": "[{\"l\":'Labor',\"v\":0.035024336102571503}]"}, {"source": 12, "prod": 0, "target": 3, "value": 0.00028452317249392221, "supply": "[{\"l\":'Labor',\"v\":0.00028452317249392221}]"}, {"source": 12, "prod": 0, "target": 6, "value": 0.00040113103007339852, "supply": "[{\"l\":'Labor',\"v\":0.00040113103007339852}]"}, {"source": 12, "prod": 0, "target": 4, "value": 0.0015438880343522662, "supply": "[{\"l\":'Labor',\"v\":0.0015438880343522662}]"}, {"source": 12, "prod": 0, "target": 5, "value": 9.3286286063581041e-06, "supply": "[{\"l\":'Labor',\"v\":9.3286286063581041e-06}]"}]}