{"nodes": [{"layer": 5, "name": "Fruits, Roots & Vegetables", "fill": "#98df8a"}, {"layer": 10, "name": "Feed", "fill": "#dbdb8d"}, {"layer": 5, "name": "Cereals", "fill": "#e7ba52"}, {"layer": 5, "name": "Oilcrops", "fill": "#ff9896"}, {"layer": 13, "name": "Other Processed", "fill": "#9c9ede"}, {"layer": 16, "name": "Food", "fill": "#b5cf6b"}, {"layer": 13, "name": "Animal Products", "fill": "#17becf"}, {"layer": 13, "name": "Sugar", "fill": "#d6616b"}, {"layer": 13, "name": "Aquatic Products", "fill": "#1f77b4"}, {"layer": 13, "name": "Vegetable Oils", "fill": "#f7b6d2"}, {"layer": 5, "name": "Sugar Crops", "fill": "#ffbb78"}, {"layer": 10, "name": "Processing", "fill": "#9edae5"}, {"layer": 16, "name": "Biofuels & Other", "fill": "#e7ba52"}, {"name": "Waste", "fill": "#c7c7c7"}, {"layer": 2, "name": "Import", "fill": "#aec7e8"}, {"layer": 16, "name": "Export", "fill": "#aec7e8"}, {"layer": 0, "name": "Stock Draw", "fill": "#c7c7c7"}, {"layer": 16, "name": "Stock Deposit", "fill": "#c7c7c7"}, {"layer": 2, "name": "Electricity", "fill": "#bcbd22"}, {"layer": 0, "name": "Fossil Fuels", "fill": "#c49c94"}, {"layer": 0, "name": "Renewables & Nuclear", "fill": "#2ca02c"}, {"layer": 2, "name": "Fertilizers", "fill": "#c5b0d5"}, {"layer": 0, "name": "Labor", "fill": "#7f7f7f"}], "links": [{"source": 0, "prod": 6.0, "target": 1, "value": 0.0059517797493527725, "supply": [{"l": "Roots, Other", "v": 0.0050313041983916758}, {"l": "Plantains", "v": 0.00092047555096109698}]}, {"source": 2, "prod": 24.0, "target": 1, "value": 0.092757001637249523, "supply": [{"l": "Maize", "v": 0.03964685369777831}, {"l": "Rice", "v": 0.053110147939471213}]}, {"source": 3, "prod": 1.0, "target": 1, "value": 0.0045892071984324325, "supply": [{"l": "Oilcrops, Other", "v": 0.0045892071984324325}]}, {"source": 4, "prod": 14.0, "target": 5, "value": 0.014940201455298157, "supply": [{"l": "Beer", "v": 0.0046324586551636914}, {"l": "Beverages, Alcoholic", "v": 0.010307742800134466}]}, {"source": 6, "prod": 66.0, "target": 5, "value": 0.078344990350883395, "supply": [{"l": "Pigmeat", "v": 0.0052808819675741626}, {"l": "Milk - Excluding Butter", "v": 0.029890004936606741}, {"l": "Mutton & Goat Meat", "v": 0.0017445273939246577}, {"l": "Bovine Meat", "v": 0.012850373843476069}, {"l": "Eggs", "v": 0.0091729051445258118}, {"l": "Poultry Meat", "v": 0.018289187417789118}, {"l": "Offals, Edible", "v": 0.0011171096469868422}]}, {"source": 2, "prod": 107.0, "target": 5, "value": 0.39230056671471125, "supply": [{"l": "Maize", "v": 0.0036042594270707549}, {"l": "Rice", "v": 0.23286757173460454}, {"l": "Wheat", "v": 0.15582873555303592}]}, {"source": 3, "prod": 8.0, "target": 5, "value": 0.015712512881263983, "supply": [{"l": "Soyabeans", "v": 0.0045892071984324325}, {"l": "Coconuts - Incl Copra", "v": 0.011123305682831552}]}, {"source": 0, "prod": 65.0, "target": 5, "value": 0.062309858753643026, "supply": [{"l": "Roots, Other", "v": 0.014087651755496693}, {"l": "Plantains", "v": 0.011045706611533162}, {"l": "Fruits, Other", "v": 0.0014245022344127516}, {"l": "Infant food", "v": 0.0043698700896838243}, {"l": "Tomatoes", "v": 0.00042238971726865681}, {"l": "Coffee", "v": 0.00048793294925862066}, {"l": "Pineapples", "v": 0.00084477943453731361}, {"l": "Bananas", "v": 0.0029673902855883493}, {"l": "Spices, Other", "v": 0.0040960687056184218}, {"l": "Vegetables, Other", "v": 0.0022568442994822789}, {"l": "Peas", "v": 0.015918812469562501}, {"l": "Oranges, Mandarines", "v": 0.0034847151674664185}, {"l": "Onions", "v": 0.00090319503373404266}]}, {"source": 7, "prod": 30.0, "target": 5, "value": 0.12423671870540259, "supply": [{"l": "Sugar", "v": 0.12423671870540259}]}, {"source": 8, "prod": 32.0, "target": 5, "value": 0.023898190484830703, "supply": [{"l": "Fish, Seafood", "v": 0.012083193485011237}, {"l": "Marine Fish, Other", "v": 0.011814996999819465}]}, {"source": 9, "prod": 6.0, "target": 5, "value": 0.061128260259036948, "supply": [{"l": "Coconut Oil", "v": 0.050927057436164852}, {"l": "Soyabean Oil", "v": 0.010201202822872095}]}, {"source": 10, "prod": 3350.0, "target": 11, "value": 1.2928005278311363, "supply": [{"l": "Sugar cane", "v": 1.2928005278311363}]}, {"source": 2, "prod": 2.0, "target": 11, "value": 0.0048514476097714296, "supply": [{"l": "Barley", "v": 0.0048514476097714296}]}, {"source": 3, "prod": 31.0, "target": 11, "value": 0.04926035373825402, "supply": [{"l": "Coconuts - Incl Copra", "v": 0.04926035373825402}]}, {"source": 4, "prod": 2.0, "target": 12, "value": 0.017687569410625003, "supply": [{"l": "Fats, Animals, Raw", "v": 0.017687569410625003}]}, {"source": 9, "prod": 1.0, "target": 12, "value": 0.010185411487232971, "supply": [{"l": "Coconut Oil", "v": 0.010185411487232971}]}, {"source": 10, "prod": 100.0, "target": 12, "value": 0.038591060532272729, "supply": [{"l": "Sugar cane", "v": 0.038591060532272729}]}, {"source": 7, "prod": 1.0, "target": 12, "value": 0.0041412239568467523, "supply": [{"l": "Sugar", "v": 0.0041412239568467523}]}, {"source": 6, "prod": 1.0, "target": 6, "value": 0.0015288175240876351, "supply": [{"l": "Eggs", "v": 0.0015288175240876351}]}, {"source": 2, "prod": 10.0, "target": 2, "value": 0.040853959953439392, "supply": [{"l": "Rice", "v": 0.040853959953439392}]}, {"source": 0, "prod": 9.0, "target": 13, "value": 0.0073378230502122712, "supply": [{"l": "Roots, Other", "v": 0.0050313041983916758}, {"l": "Bananas", "v": 0.00074184757139708732}, {"l": "Oranges, Mandarines", "v": 0.00026805501288203215}, {"l": "Plantains", "v": 0.00092047555096109698}, {"l": "Vegetables, Other", "v": 0.00037614071658037979}]}, {"source": 10, "prod": 182.0, "target": 13, "value": 0.070235730168736354, "supply": [{"l": "Sugar cane", "v": 0.070235730168736354}]}, {"source": 2, "prod": 2.0, "target": 13, "value": 0.0063603565531851402, "supply": [{"l": "Wheat", "v": 0.0063603565531851402}]}, {"source": 3, "prod": 1.0, "target": 13, "value": 0.0015890436689759363, "supply": [{"l": "Coconuts - Incl Copra", "v": 0.0015890436689759363}]}, {"source": 14, "prod": 7.0, "target": 11, "value": 0.058866139300210903, "supply": [{"l": "Soyabean Oil", "v": 0.010201202822872095}, {"l": "Fats, Animals, Raw", "v": 0.017687569410625003}, {"l": "Coconut Oil", "v": 0.03055623446169892}, {"l": "Beer", "v": 0.00042113260501488103}]}, {"source": 14, "prod": 64.0, "target": 2, "value": 0.20381253318967305, "supply": [{"l": "Maize", "v": 0.021625556562424531}, {"l": "Wheat", "v": 0.17490980521259136}, {"l": "Barley", "v": 0.0072771714146571435}]}, {"source": 14, "prod": 2.0, "target": 3, "value": 0.0091784143968648649, "supply": [{"l": "Soyabeans", "v": 0.0045892071984324325}, {"l": "Oilcrops, Other", "v": 0.0045892071984324325}]}, {"source": 14, "prod": 30.0, "target": 1, "value": 0.025206461403450071, "supply": [{"l": "Bovine Meat", "v": 0.0042834579478253556}, {"l": "Milk - Excluding Butter", "v": 0.020923003455624718}]}, {"source": 14, "prod": 11.0, "target": 0, "value": 0.022488548936434639, "supply": [{"l": "Vegetables, Other", "v": 0.00037614071658037979}, {"l": "Peas", "v": 0.011939109352171875}, {"l": "Spices, Other", "v": 0.0040960687056184218}, {"l": "Infant food", "v": 0.0043698700896838243}, {"l": "Oranges, Mandarines", "v": 0.00080416503864609644}, {"l": "Onions", "v": 0.00090319503373404266}]}, {"source": 8, "prod": 10.0, "target": 15, "value": 0.011939491538200626, "supply": [{"l": "Crustaceans", "v": 0.0081634935741346157}, {"l": "Fish, Seafood", "v": 0.0037759979640660112}]}, {"source": 4, "prod": 11.0, "target": 15, "value": 0.037795056933826371, "supply": [{"l": "Beverages, Alcoholic", "v": 0.037795056933826371}]}, {"source": 2, "prod": 86.0, "target": 15, "value": 0.35134405559957876, "supply": [{"l": "Rice", "v": 0.35134405559957876}]}, {"source": 7, "prod": 296.0, "target": 15, "value": 1.2258022912266386, "supply": [{"l": "Sugar", "v": 1.2258022912266386}]}, {"source": 16, "prod": 17.0, "target": 11, "value": 0.070400807266394791, "supply": [{"l": "Sugar", "v": 0.070400807266394791}]}, {"source": 2, "prod": 33.0, "target": 17, "value": 0.13119719697134452, "supply": [{"l": "Wheat", "v": 0.01272071310637028}, {"l": "Rice", "v": 0.11847648386497424}]}, {"source": 4, "prod": 1.0, "target": 17, "value": 0.0034359142667114884, "supply": [{"l": "Beverages, Alcoholic", "v": 0.0034359142667114884}]}, {"source": 16, "prod": 2.0, "target": 1, "value": 0.0023878983076401255, "supply": [{"l": "Fish, Seafood", "v": 0.0007551995928132023}, {"l": "Crustaceans", "v": 0.001632698714826923}]}, {"source": 16, "prod": 1.0, "target": 3, "value": 0.0015890436689759363, "supply": [{"l": "Coconuts - Incl Copra", "v": 0.0015890436689759363}]}, {"source": 1, "prod": 42.0, "target": 8, "value": 0.035837682023031329, "supply": [{"l": "Crustaceans", "v": 0.0081634935741346157}, {"l": "Marine Fish, Other", "v": 0.011814996999819465}, {"l": "Fish, Seafood", "v": 0.015859191449077249}]}, {"source": 1, "prod": 66.0, "target": 6, "value": 0.078344990350883395, "supply": [{"l": "Poultry Meat", "v": 0.018289187417789118}, {"l": "Pigmeat", "v": 0.0052808819675741626}, {"l": "Bovine Meat", "v": 0.012850373843476069}, {"l": "Eggs", "v": 0.010701722668613446}, {"l": "Milk - Excluding Butter", "v": 0.029890004936606741}, {"l": "Offals, Edible", "v": 0.0011171096469868422}, {"l": "Mutton & Goat Meat", "v": 0.0017445273939246577}]}, {"source": 11, "prod": 28.0, "target": 4, "value": 0.073858742066461022, "supply": [{"l": "Fats, Animals, Raw", "v": 0.017687569410625003}, {"l": "Beer", "v": 0.0046324586551636914}, {"l": "Beverages, Alcoholic", "v": 0.05153871400067233}]}, {"source": 11, "prod": 7.0, "target": 9, "value": 0.071313671746269916, "supply": [{"l": "Coconut Oil", "v": 0.06111246892339782}, {"l": "Soyabean Oil", "v": 0.010201202822872095}]}, {"source": 11, "prod": 327.0, "target": 7, "value": 1.354180233888888, "supply": [{"l": "Sugar", "v": 1.354180233888888}]}, {"source": 18, "prod": 0, "target": 0, "value": 0.00077642511254629723, "supply": "[{\"l\":'Energy for power irrigation',\"v\":0.00077642511254629723}]"}, {"source": 18, "prod": 0, "target": 10, "value": 0.038107783902272319, "supply": "[{\"l\":'Energy for power irrigation',\"v\":0.038107783902272319}]"}, {"source": 18, "prod": 0, "target": 2, "value": 0.0024394437657704608, "supply": "[{\"l\":'Energy for power irrigation',\"v\":0.0024394437657704608}]"}, {"source": 18, "prod": 0, "target": 3, "value": 0.00041444313439971268, "supply": "[{\"l\":'Energy for power irrigation',\"v\":0.00041444313439971268}]"}, {"source": 18, "prod": 0, "target": 11, "value": 0.029427916417352051, "supply": "[{\"l\":'Electricity',\"v\":0.029427916417352051}]"}, {"source": 19, "prod": 0, "target": 18, "value": 0.12596998743597432, "supply": [{"l": "Coal", "v": 0.066266817004187184}, {"l": "Natural gas", "v": 0.018024802460506823}, {"l": "Oil", "v": 0.0416783679712803}]}, {"source": 20, "prod": 0, "target": 18, "value": 0.021733508813603392, "supply": [{"l": "Nuclear", "v": 0.0045233780127736083}, {"l": "Hydroelectric", "v": 0.016982114309721325}, {"l": "Renewable", "v": 0.00022801649110846151}]}, {"source": 19, "prod": 0, "target": 0, "value": 0.032197754089776966, "supply": [{"l": "Motor Gasoline", "v": 0.0012208628950421984}, {"l": "Gas-Diesel oil", "v": 0.030976891194734766}]}, {"source": 19, "prod": 0, "target": 10, "value": 1.5803005791090532, "supply": [{"l": "Motor Gasoline", "v": 0.05992127074044952}, {"l": "Gas-Diesel oil", "v": 1.5203793083686037}]}, {"source": 19, "prod": 0, "target": 2, "value": 0.10116186251179925, "supply": [{"l": "Motor Gasoline", "v": 0.0038358192310447453}, {"l": "Gas-Diesel oil", "v": 0.097326043280754504}]}, {"source": 19, "prod": 0, "target": 3, "value": 0.017186639007380947, "supply": [{"l": "Motor Gasoline", "v": 0.00065167681559684919}, {"l": "Gas-Diesel oil", "v": 0.016534962191784099}]}, {"source": 21, "prod": 0.23712368024132729, "target": 0, "value": 0.0029810813316402136, "supply": [{"l": "Potash", "v": 0.003589444447316}, {"l": "Phosphate", "v": 0.0153351666789348}, {"l": "Nitrogen", "v": 0.14132865289084068}]}, {"source": 21, "prod": 11.638286576168928, "target": 10, "value": 0.14631469454753046, "supply": [{"l": "Potash", "v": 0.003589444447316}, {"l": "Phosphate", "v": 0.0153351666789348}, {"l": "Nitrogen", "v": 0.14132865289084068}]}, {"source": 21, "prod": 0.7450169683257919, "target": 2, "value": 0.0093662352649506713, "supply": [{"l": "Potash", "v": 0.003589444447316}, {"l": "Phosphate", "v": 0.0153351666789348}, {"l": "Nitrogen", "v": 0.14132865289084068}]}, {"source": 21, "prod": 0.12657277526395172, "target": 3, "value": 0.0015912528729701138, "supply": [{"l": "Potash", "v": 0.003589444447316}, {"l": "Phosphate", "v": 0.0153351666789348}, {"l": "Nitrogen", "v": 0.14132865289084068}]}, {"source": 19, "prod": 0, "target": 21, "value": 0.19184266541008232, "supply": [{"l": "Natural gas (including LNG)", "v": 0.13022920755036152}, {"l": "Fuel oil", "v": 0.036630624210144139}, {"l": "Liquefied petroleum gas (LPG)", "v": 0.01249141682478833}, {"l": "Coal", "v": 0.01249141682478833}]}, {"source": 22, "prod": 0, "target": 2, "value": 0.0024817212577573984, "supply": "[{\"l\":'Labor',\"v\":0.0024817212577573984}]"}, {"source": 22, "prod": 0, "target": 3, "value": 0.00042162576207061176, "supply": "[{\"l\":'Labor',\"v\":0.00042162576207061176}]"}, {"source": 22, "prod": 0, "target": 0, "value": 0.00078988117451203219, "supply": "[{\"l\":'Labor',\"v\":0.00078988117451203219}]"}, {"source": 22, "prod": 0, "target": 10, "value": 0.038768221970644605, "supply": "[{\"l\":'Labor',\"v\":0.038768221970644605}]"}, {"source": 19, "prod": 0, "target": 14, "value": 0.29173139196876169, "supply": "[{\"l\":'Fossil Fuels',\"v\":0.29173139196876169}]"}, {"source": 20, "prod": 0, "target": 14, "value": 0.017710005345803862, "supply": "[{\"l\":'Renewables & Nuclear',\"v\":0.00069679966831561987},{\"l\":'Biomass & Waste',\"v\":0.017013205677488243}]"}]}