{"nodes": [{"layer": 5, "name": "Starchy Roots"}, {"layer": 10, "name": "Feed", "fill": "#dbdb8d"}, {"layer": 5, "name": "Cereals - Excluding Beer"}, {"layer": 5, "name": "Oilcrops", "fill": "#ff9896"}, {"layer": 5, "name": "Fruits - Excluding Wine"}, {"layer": 13, "name": "Milk - Excluding Butter"}, {"layer": 16, "name": "Food", "fill": "#b5cf6b"}, {"layer": 13, "name": "Meat"}, {"layer": 5, "name": "Pulses"}, {"layer": 5, "name": "Vegetables"}, {"layer": 13, "name": "Alcoholic Beverages"}, {"layer": 5, "name": "Others"}, {"layer": 13, "name": "Fish, Seafood"}, {"layer": 13, "name": "Sugar & Sweeteners"}, {"layer": 13, "name": "Vegetable Oils", "fill": "#f7b6d2"}, {"layer": 5, "name": "Spices"}, {"layer": 5, "name": "Stimulants"}, {"layer": 13, "name": "Eggs"}, {"layer": 10, "name": "Processing", "fill": "#9edae5"}, {"layer": 5, "name": "Sugar Crops", "fill": "#ffbb78"}, {"layer": 16, "name": "Biofuels & Other", "fill": "#e7ba52"}, {"layer": 13, "name": "Animal Fats"}, {"name": "Seed", "fill": "#dbdb8d"}, {"name": "Waste", "fill": "#c7c7c7"}, {"layer": 0, "name": "Import", "fill": "#aec7e8"}, {"layer": 16, "name": "Export", "fill": "#aec7e8"}, {"layer": 16, "name": "Stock Deposit", "fill": "#c7c7c7"}, {"layer": 0, "name": "Stock Draw", "fill": "#c7c7c7"}, {"layer": 0, "name": "Production", "fill": "#b5cf6b"}], "links": [{"source": 0, "prod": 0.0040159041766755612, "target": 1, "value": 4.0, "supply": [{"l": "Roots, Other", "v": 4.0}]}, {"source": 2, "prod": 0.08119104020681786, "target": 1, "value": 21.0, "supply": [{"l": "Maize", "v": 10.0}, {"l": "Rice", "v": 11.0}]}, {"source": 3, "prod": 0.0045987680467625006, "target": 1, "value": 1.0, "supply": [{"l": "Oilcrops, Other", "v": 1.0}]}, {"source": 4, "prod": 0.00091168143002416115, "target": 1, "value": 1.0, "supply": [{"l": "Plantains", "v": 1.0}]}, {"source": 5, "prod": 0.035896815567240482, "target": 6, "value": 47.0, "supply": [{"l": "Milk - Excluding Butter", "v": 47.0}]}, {"source": 7, "prod": 0.039300787247397259, "target": 6, "value": 20.0, "supply": [{"l": "Pigmeat", "v": 2.0}, {"l": "Mutton & Goat Meat", "v": 1.0}, {"l": "Bovine Meat", "v": 6.0}, {"l": "Poultry Meat", "v": 10.0}, {"l": "Offals, Edible", "v": 1.0}]}, {"source": 8, "prod": 0.019949616037869801, "target": 6, "value": 5.0, "supply": [{"l": "Peas", "v": 5.0}]}, {"source": 9, "prod": 0.0035206466827440619, "target": 6, "value": 11.0, "supply": [{"l": "Tomatoes", "v": 2.0}, {"l": "Vegetables, Other", "v": 7.0}, {"l": "Onions", "v": 2.0}]}, {"source": 10, "prod": 0.017024808958833106, "target": 6, "value": 19.0, "supply": [{"l": "Beer", "v": 16.0}, {"l": "Beverages, Alcoholic", "v": 3.0}]}, {"source": 11, "prod": 0.0044684385879473687, "target": 6, "value": 1.0, "supply": [{"l": "Infant food", "v": 1.0}]}, {"source": 0, "prod": 0.013095864791397054, "target": 6, "value": 13.0, "supply": [{"l": "Roots, Other", "v": 12.0}, {"l": "Cassava", "v": 1.0}]}, {"source": 12, "prod": 0.026245389204353767, "target": 6, "value": 34.0, "supply": [{"l": "Fish, Seafood", "v": 17.0}, {"l": "Marine Fish, Other", "v": 16.0}, {"l": "Crustaceans", "v": 1.0}]}, {"source": 13, "prod": 0.15332134766546704, "target": 6, "value": 37.0, "supply": [{"l": "Sugar", "v": 37.0}]}, {"source": 4, "prod": 0.018000926494644815, "target": 6, "value": 33.0, "supply": [{"l": "Plantains", "v": 11.0}, {"l": "Fruits, Other", "v": 3.0}, {"l": "Pineapples", "v": 2.0}, {"l": "Bananas", "v": 3.0}, {"l": "Oranges, Mandarines", "v": 14.0}]}, {"source": 2, "prod": 0.37776155564184632, "target": 6, "value": 103.0, "supply": [{"l": "Maize", "v": 1.0}, {"l": "Barley", "v": 1.0}, {"l": "Rice", "v": 59.0}, {"l": "Wheat", "v": 42.0}]}, {"source": 14, "prod": 0.061304708966435202, "target": 6, "value": 6.0, "supply": [{"l": "Coconut Oil", "v": 5.0}, {"l": "Soyabean Oil", "v": 1.0}]}, {"source": 15, "prod": 0.0038591060532272726, "target": 6, "value": 1.0, "supply": [{"l": "Spices, Other", "v": 1.0}]}, {"source": 16, "prod": 0.00047166851761666661, "target": 6, "value": 1.0, "supply": [{"l": "Coffee", "v": 1.0}]}, {"source": 17, "prod": 0.010648194081917133, "target": 6, "value": 7.0, "supply": [{"l": "Eggs", "v": 7.0}]}, {"source": 3, "prod": 0.015812019597649291, "target": 6, "value": 8.0, "supply": [{"l": "Soyabeans", "v": 1.0}, {"l": "Coconuts - Incl Copra", "v": 7.0}]}, {"source": 2, "prod": 0.0089683450532746494, "target": 18, "value": 3.0, "supply": [{"l": "Barley", "v": 3.0}]}, {"source": 19, "prod": 1.4991541643210484, "target": 18, "value": 3767.0, "supply": [{"l": "Sugar cane", "v": 3767.0}]}, {"source": 3, "prod": 0.043251113124849062, "target": 18, "value": 27.0, "supply": [{"l": "Coconuts - Incl Copra", "v": 27.0}]}, {"source": 13, "prod": 0.0041438202071747846, "target": 20, "value": 1.0, "supply": [{"l": "Sugar", "v": 1.0}]}, {"source": 14, "prod": 0.010185600315773707, "target": 20, "value": 1.0, "supply": [{"l": "Coconut Oil", "v": 1.0}]}, {"source": 19, "prod": 0.027857921821734376, "target": 20, "value": 70.0, "supply": [{"l": "Sugar cane", "v": 70.0}]}, {"source": 21, "prod": 0.018395072187050002, "target": 20, "value": 2.0, "supply": [{"l": "Fats, Animals, Raw", "v": 2.0}]}, {"source": 2, "prod": 0.024151555566327521, "target": 22, "value": 6.0, "supply": [{"l": "Rice", "v": 6.0}]}, {"source": 17, "prod": 0.001521170583131019, "target": 17, "value": 1.0, "supply": [{"l": "Eggs", "v": 1.0}]}, {"source": 3, "prod": 0.0016018930786981134, "target": 23, "value": 1.0, "supply": [{"l": "Coconuts - Incl Copra", "v": 1.0}]}, {"source": 9, "prod": 0.00033805593412798636, "target": 23, "value": 1.0, "supply": [{"l": "Vegetables, Other", "v": 1.0}]}, {"source": 19, "prod": 0.080390002971290619, "target": 23, "value": 202.0, "supply": [{"l": "Sugar cane", "v": 202.0}]}, {"source": 0, "prod": 0.0050198802208444512, "target": 23, "value": 5.0, "supply": [{"l": "Roots, Other", "v": 5.0}]}, {"source": 4, "prod": 0.0019034478202032648, "target": 23, "value": 3.0, "supply": [{"l": "Bananas", "v": 1.0}, {"l": "Oranges, Mandarines", "v": 1.0}, {"l": "Plantains", "v": 1.0}]}, {"source": 2, "prod": 0.0063614520026196355, "target": 23, "value": 2.0, "supply": [{"l": "Wheat", "v": 2.0}]}, {"source": 24, "prod": 0.0044684385879473687, "target": 11, "value": 1.0, "supply": [{"l": "Infant food", "v": 1.0}]}, {"source": 24, "prod": 0.035630491703018394, "target": 1, "value": 42.0, "supply": [{"l": "Bovine Meat", "v": 2.0}, {"l": "Milk - Excluding Butter", "v": 39.0}, {"l": "Eggs", "v": 1.0}]}, {"source": 24, "prod": 0.1814402881301721, "target": 2, "value": 56.0, "supply": [{"l": "Maize", "v": 8.0}, {"l": "Wheat", "v": 44.0}, {"l": "Barley", "v": 4.0}]}, {"source": 24, "prod": 0.01595969283029584, "target": 8, "value": 4.0, "supply": [{"l": "Peas", "v": 4.0}]}, {"source": 24, "prod": 0.059973733767495208, "target": 18, "value": 8.0, "supply": [{"l": "Fats, Animals, Raw", "v": 2.0}, {"l": "Coconut Oil", "v": 4.0}, {"l": "Beer", "v": 2.0}]}, {"source": 24, "prod": 0.0011098771447734408, "target": 9, "value": 3.0, "supply": [{"l": "Vegetables, Other", "v": 1.0}, {"l": "Onions", "v": 2.0}]}, {"source": 24, "prod": 0.0012675131173737785, "target": 4, "value": 5.0, "supply": [{"l": "Oranges, Mandarines", "v": 5.0}]}, {"source": 24, "prod": 0.0091975360935250012, "target": 3, "value": 2.0, "supply": [{"l": "Soyabeans", "v": 1.0}, {"l": "Oilcrops, Other", "v": 1.0}]}, {"source": 24, "prod": 0.0038591060532272726, "target": 15, "value": 1.0, "supply": [{"l": "Spices, Other", "v": 1.0}]}, {"source": 24, "prod": 0.0010481522613703706, "target": 0, "value": 1.0, "supply": [{"l": "Cassava", "v": 1.0}]}, {"source": 2, "prod": 0.39850066684440416, "target": 25, "value": 99.0, "supply": [{"l": "Rice", "v": 99.0}]}, {"source": 13, "prod": 1.2431460621524355, "target": 25, "value": 300.0, "supply": [{"l": "Sugar", "v": 300.0}]}, {"source": 12, "prod": 0.0071857481899173176, "target": 25, "value": 8.0, "supply": [{"l": "Crustaceans", "v": 4.0}, {"l": "Fish, Seafood", "v": 4.0}]}, {"source": 10, "prod": 0.04133890568012042, "target": 25, "value": 12.0, "supply": [{"l": "Beverages, Alcoholic", "v": 12.0}]}, {"source": 13, "prod": 0.020719101035873922, "target": 26, "value": 5.0, "supply": [{"l": "Sugar", "v": 5.0}]}, {"source": 27, "prod": 0.0068898176133534031, "target": 18, "value": 2.0, "supply": [{"l": "Beverages, Alcoholic", "v": 2.0}]}, {"source": 27, "prod": 0.23749029640222066, "target": 2, "value": 59.0, "supply": [{"l": "Rice", "v": 59.0}]}, {"source": 3, "prod": 0.0064075723147924537, "target": 26, "value": 4.0, "supply": [{"l": "Coconuts - Incl Copra", "v": 4.0}]}, {"source": 5, "prod": 0.0030550481333821689, "target": 26, "value": 4.0, "supply": [{"l": "Milk - Excluding Butter", "v": 4.0}]}, {"source": 28, "prod": 0.0024107695379706208, "target": 9, "value": 8.0, "supply": [{"l": "Tomatoes", "v": 2.0}, {"l": "Vegetables, Other", "v": 6.0}]}, {"source": 28, "prod": 1.6074020891140737, "target": 19, "value": 4039.0, "supply": [{"l": "Sugar cane", "v": 4039.0}]}, {"source": 28, "prod": 0.022087472971715587, "target": 0, "value": 22.0, "supply": [{"l": "Roots, Other", "v": 22.0}]}, {"source": 28, "prod": 0.00398992320757396, "target": 8, "value": 1.0, "supply": [{"l": "Peas", "v": 1.0}]}, {"source": 28, "prod": 0.47028745268832112, "target": 2, "value": 117.0, "supply": [{"l": "Maize", "v": 2.0}, {"l": "Rice", "v": 115.0}]}, {"source": 28, "prod": 0.00047166851761666661, "target": 16, "value": 1.0, "supply": [{"l": "Coffee", "v": 1.0}]}, {"source": 28, "prod": 0.020942612314176035, "target": 4, "value": 34.0, "supply": [{"l": "Plantains", "v": 14.0}, {"l": "Fruits, Other", "v": 4.0}, {"l": "Pineapples", "v": 2.0}, {"l": "Bananas", "v": 4.0}, {"l": "Oranges, Mandarines", "v": 10.0}]}, {"source": 28, "prod": 0.06247383006922641, "target": 3, "value": 39.0, "supply": [{"l": "Coconuts - Incl Copra", "v": 39.0}]}, {"source": 1, "prod": 0.038951863700622653, "target": 5, "value": 51.0, "supply": [{"l": "Milk - Excluding Butter", "v": 51.0}]}, {"source": 1, "prod": 0.010648194081917133, "target": 17, "value": 7.0, "supply": [{"l": "Eggs", "v": 8.0}]}, {"source": 1, "prod": 0.039300787247397259, "target": 7, "value": 20.0, "supply": [{"l": "Poultry Meat", "v": 10.0}, {"l": "Bovine Meat", "v": 6.0}, {"l": "Pigmeat", "v": 2.0}, {"l": "Offals, Edible", "v": 1.0}, {"l": "Mutton & Goat Meat", "v": 1.0}]}, {"source": 1, "prod": 0.033431137394271088, "target": 12, "value": 42.0, "supply": [{"l": "Crustaceans", "v": 5.0}, {"l": "Marine Fish, Other", "v": 16.0}, {"l": "Fish, Seafood", "v": 21.0}]}, {"source": 18, "prod": 1.4213303310609511, "target": 13, "value": 343.0, "supply": [{"l": "Sugar", "v": 343.0}]}, {"source": 18, "prod": 0.071490309282208911, "target": 14, "value": 7.0, "supply": [{"l": "Coconut Oil", "v": 6.0}, {"l": "Soyabean Oil", "v": 1.0}]}, {"source": 18, "prod": 0.018395072187050002, "target": 21, "value": 2.0, "supply": [{"l": "Fats, Animals, Raw", "v": 2.0}]}, {"source": 18, "prod": 0.058363714638953526, "target": 10, "value": 31.0, "supply": [{"l": "Beer", "v": 16.0}, {"l": "Beverages, Alcoholic", "v": 15.0}]}]}