{"nodes": [{"layer": 3, "name": "Cereals", "fill": "#e7ba52"}, {"layer": 5, "name": "Production", "fill": "#b5cf6b"}, {"layer": 3, "name": "Oilcrops", "fill": "#ff9896"}, {"layer": 3, "name": "Sugar Crops", "fill": "#ffbb78"}, {"layer": 3, "name": "Starchy Roots"}, {"layer": 3, "name": "Fruits & Vegetables"}, {"layer": 3, "name": "Others"}, {"layer": 1, "name": "Electricity", "fill": "#bcbd22"}, {"layer": 0, "name": "Fossil Fuels", "fill": "#c49c94"}, {"layer": 0, "name": "Renewables & Nuclear", "fill": "#2ca02c"}, {"layer": 1, "name": "Fertilizers", "fill": "#c5b0d5"}, {"layer": 0, "name": "Labor", "fill": "#7f7f7f"}], "links": [{"source": 0, "prod": 835.0, "target": 1, "value": 2.2889272167851642, "supply": [{"l": "Maize", "v": 0.23666907034393808}, {"l": "Rye", "v": 0.13244451974676}, {"l": "Barley", "v": 0.48645305110033632}, {"l": "Wheat", "v": 1.2902677690137534}, {"l": "Oats", "v": 0.12234545828135371}, {"l": "Cereals, Other", "v": 0.020747348299022507}]}, {"source": 2, "prod": 38.588235294117638, "target": 1, "value": 0.077489457368176445, "supply": [{"l": "Rape and Mustardseed", "v": 0.032542222160000002}, {"l": "Oil Palm", "v": 0.04494723520817645}]}, {"source": 3, "prod": 634.0, "target": 1, "value": 0.7368488874800001, "supply": [{"l": "Sugar beet", "v": 0.7368488874800001}]}, {"source": 4, "prod": 893.0, "target": 1, "value": 0.69548949339465471, "supply": [{"l": "Potatoes", "v": 0.69548949339465471}]}, {"source": 5, "prod": 1008.0, "target": 1, "value": 0.47243416036721647, "supply": [{"l": "Tomatoes", "v": 0.0047291962774297083}, {"l": "Treenuts", "v": 0.019946463817283135}, {"l": "Vegetables, Other", "v": 0.092605847368861516}, {"l": "Grapes", "v": 0.081441064648316658}, {"l": "Apples", "v": 0.15480029931024653}, {"l": "Fruits, Other", "v": 0.11537377506295393}, {"l": "Pulses, Other", "v": 0.0035375138821250002}]}, {"source": 6, "prod": 6.0, "target": 1, "value": 0.019976548981411761, "supply": [{"l": "Nuts", "v": 0.019976548981411761}]}, {"source": 7, "prod": 0, "target": 0, "value": 0.0058324459168107847, "supply": "[{\"l\":'Energy for power irrigation',\"v\":0.0058324459168107847}]"}, {"source": 7, "prod": 0, "target": 2, "value": 0.00037028862630323082, "supply": "[{\"l\":'Energy for power irrigation',\"v\":0.00037028862630323082}]"}, {"source": 7, "prod": 0, "target": 3, "value": 0.0022996086512798736, "supply": "[{\"l\":'Energy for power irrigation',\"v\":0.0022996086512798736}]"}, {"source": 7, "prod": 0, "target": 4, "value": 0.003556413694921004, "supply": "[{\"l\":'Energy for power irrigation',\"v\":0.003556413694921004}]"}, {"source": 7, "prod": 0, "target": 5, "value": 0.0052049501807359929, "supply": "[{\"l\":'Energy for power irrigation',\"v\":0.0052049501807359929}]"}, {"source": 7, "prod": 0, "target": 6, "value": 0.0002412050083755704, "supply": "[{\"l\":'Energy for power irrigation',\"v\":0.0002412050083755704}]"}, {"source": 8, "prod": 0, "target": 7, "value": 0.0020104752779081243, "supply": [{"l": "Coal", "v": 2.6558810618155749e-05}, {"l": "Natural gas", "v": 0.00020998361449645506}, {"l": "Oil", "v": 0.0017739328527935135}]}, {"source": 9, "prod": 0, "target": 7, "value": 0.016728066867845399, "supply": [{"l": "Nuclear", "v": 0.0034781949561749131}, {"l": "Hydroelectric", "v": 0.013209268801997449}, {"l": "Renewable", "v": 4.0603109673036424e-05}]}, {"source": 8, "prod": 0, "target": 0, "value": 0.64884295502410738, "supply": [{"l": "Motor Gasoline", "v": 0.094301770884016548}, {"l": "Gas-Diesel oil", "v": 0.25868431604752801}, {"l": "Natural gas (including LNG)", "v": 0.042666715455424109}, {"l": "Other fossil fuels", "v": 0.25319015263713873}]}, {"source": 8, "prod": 0, "target": 2, "value": 0.041193552401387855, "supply": [{"l": "Motor Gasoline", "v": 0.0059870033424499099}, {"l": "Gas-Diesel oil", "v": 0.016423274454948962}, {"l": "Natural gas (including LNG)", "v": 0.0027088119941794169}, {"l": "Other fossil fuels", "v": 0.016074462609809569}]}, {"source": 8, "prod": 0, "target": 3, "value": 0.25582489644607215, "supply": [{"l": "Motor Gasoline", "v": 0.037181170858499056}, {"l": "Gas-Diesel oil", "v": 0.10199369177495816}, {"l": "Natural gas (including LNG)", "v": 0.016822573133544079}, {"l": "Other fossil fuels", "v": 0.099827460679070862}]}, {"source": 8, "prod": 0, "target": 4, "value": 0.39564086903055801, "supply": [{"l": "Motor Gasoline", "v": 0.057501794994886959}, {"l": "Gas-Diesel oil", "v": 0.15773630092325944}, {"l": "Natural gas (including LNG)", "v": 0.026016613497539389}, {"l": "Other fossil fuels", "v": 0.15438615961487223}]}, {"source": 8, "prod": 0, "target": 5, "value": 0.57903584605696157, "supply": [{"l": "Motor Gasoline", "v": 0.084156120160798348}, {"l": "Gas-Diesel oil", "v": 0.23085322980609618}, {"l": "Natural gas (including LNG)", "v": 0.038076328780182585}, {"l": "Other fossil fuels", "v": 0.2259501673098844}]}, {"source": 8, "prod": 0, "target": 6, "value": 0.026833368475810412, "supply": [{"l": "Motor Gasoline", "v": 0.0038999177635491919}, {"l": "Gas-Diesel oil", "v": 0.010698076503209334}, {"l": "Natural gas (including LNG)", "v": 0.0017645127971304124}, {"l": "Other fossil fuels", "v": 0.010470861411921472}]}, {"source": 10, "prod": 58.60796284897647, "target": 0, "value": 0.5094042093942196, "supply": [{"l": "Potash", "v": 0.17024222235841602}, {"l": "Phosphate", "v": 0.19358333348819998}, {"l": "Nitrogen", "v": 1.16504861204315}]}, {"source": 10, "prod": 3.7208852620865769, "target": 2, "value": 0.032340905962967084, "supply": [{"l": "Potash", "v": 0.17024222235841602}, {"l": "Phosphate", "v": 0.19358333348819998}, {"l": "Nitrogen", "v": 1.16504861204315}]}, {"source": 10, "prod": 23.107865949161116, "target": 3, "value": 0.20084718206214874, "supply": [{"l": "Potash", "v": 0.17024222235841602}, {"l": "Phosphate", "v": 0.19358333348819998}, {"l": "Nitrogen", "v": 1.16504861204315}]}, {"source": 10, "prod": 35.737007197401383, "target": 4, "value": 0.31061618613870168, "supply": [{"l": "Potash", "v": 0.17024222235841602}, {"l": "Phosphate", "v": 0.19358333348819998}, {"l": "Nitrogen", "v": 1.16504861204315}]}, {"source": 10, "prod": 52.302504159378877, "target": 5, "value": 0.4545989057715828, "supply": [{"l": "Potash", "v": 0.17024222235841602}, {"l": "Phosphate", "v": 0.19358333348819998}, {"l": "Nitrogen", "v": 1.16504861204315}]}, {"source": 10, "prod": 2.4237745829956063, "target": 6, "value": 0.021066778560146517, "supply": [{"l": "Potash", "v": 0.17024222235841602}, {"l": "Phosphate", "v": 0.19358333348819998}, {"l": "Nitrogen", "v": 1.16504861204315}]}, {"source": 8, "prod": 0, "target": 10, "value": 1.9698580472300928, "supply": [{"l": "Natural gas (including LNG)", "v": 1.2867059111423256}, {"l": "Fuel oil", "v": 0.47720511067583465}, {"l": "Liquefied petroleum gas (LPG)", "v": 0.10297351270596639}, {"l": "Coal", "v": 0.10297351270596639}]}, {"source": 11, "prod": 0, "target": 0, "value": 0.058797551925348565, "supply": "[{\"l\":'Labor',\"v\":0.058797551925348565}]"}, {"source": 11, "prod": 0, "target": 2, "value": 0.0037329218381051523, "supply": "[{\"l\":'Labor',\"v\":0.0037329218381051523}]"}, {"source": 11, "prod": 0, "target": 3, "value": 0.023182616866088922, "supply": "[{\"l\":'Labor',\"v\":0.023182616866088922}]"}, {"source": 11, "prod": 0, "target": 4, "value": 0.035852611730599671, "supply": "[{\"l\":'Labor',\"v\":0.035852611730599671}]"}, {"source": 11, "prod": 0, "target": 5, "value": 0.052471695903529347, "supply": "[{\"l\":'Labor',\"v\":0.052471695903529347}]"}, {"source": 11, "prod": 0, "target": 6, "value": 0.0024316151760172136, "supply": "[{\"l\":'Labor',\"v\":0.0024316151760172136}]"}]}