{"nodes": [{"layer": 3, "name": "Cereals", "fill": "#e7ba52"}, {"layer": 5, "name": "Production", "fill": "#b5cf6b"}, {"layer": 3, "name": "Oilcrops", "fill": "#ff9896"}, {"layer": 3, "name": "Sugar Crops", "fill": "#ffbb78"}, {"layer": 3, "name": "Starchy Roots"}, {"layer": 3, "name": "Fruits & Vegetables"}, {"layer": 3, "name": "Others"}, {"layer": 1, "name": "Electricity", "fill": "#bcbd22"}, {"layer": 0, "name": "Fossil Fuels", "fill": "#c49c94"}, {"layer": 0, "name": "Renewables & Nuclear", "fill": "#2ca02c"}, {"layer": 1, "name": "Fertilizers", "fill": "#c5b0d5"}, {"layer": 0, "name": "Labor", "fill": "#7f7f7f"}], "links": [{"source": 0, "prod": 750.0, "target": 1, "value": 2.1770329530641068, "supply": [{"l": "Maize", "v": 0.34213567098761194}, {"l": "Rye", "v": 0.13563958553946745}, {"l": "Barley", "v": 0.47842858757599349}, {"l": "Wheat", "v": 1.0900315898635791}, {"l": "Oats", "v": 0.096574128982012508}, {"l": "Cereals, Other", "v": 0.034223390115441864}]}, {"source": 2, "prod": 20.0, "target": 1, "value": 0.023244444400000001, "supply": [{"l": "Rape and Mustardseed", "v": 0.023244444400000001}]}, {"source": 3, "prod": 540.0, "target": 1, "value": 0.62759999880000006, "supply": [{"l": "Sugar beet", "v": 0.62759999880000006}]}, {"source": 4, "prod": 910.0, "target": 1, "value": 0.70604457509696106, "supply": [{"l": "Potatoes", "v": 0.70604457509696106}]}, {"source": 5, "prod": 1130.0, "target": 1, "value": 0.5642308771631751, "supply": [{"l": "Tomatoes", "v": 0.0050120416570834138}, {"l": "Treenuts", "v": 0.026515419368720722}, {"l": "Vegetables, Other", "v": 0.071187767282028511}, {"l": "Grapes", "v": 0.13203824821379448}, {"l": "Apples", "v": 0.16385318240707883}, {"l": "Fruits, Other", "v": 0.15147416270596917}, {"l": "Pulses, Other", "v": 0.014150055528500001}]}, {"source": 6, "prod": 8.0, "target": 1, "value": 0.02627867455292858, "supply": [{"l": "Nuts", "v": 0.02627867455292858}]}, {"source": 7, "prod": 0, "target": 0, "value": 0.005754889997087175, "supply": "[{\"l\":'Energy for power irrigation',\"v\":0.005754889997087175}]"}, {"source": 7, "prod": 0, "target": 2, "value": 0.00032032278288657263, "supply": "[{\"l\":'Energy for power irrigation',\"v\":0.00032032278288657263}]"}, {"source": 7, "prod": 0, "target": 3, "value": 0.0019674370926158241, "supply": "[{\"l\":'Energy for power irrigation',\"v\":0.0019674370926158241}]"}, {"source": 7, "prod": 0, "target": 4, "value": 0.0035417507698708548, "supply": "[{\"l\":'Energy for power irrigation',\"v\":0.0035417507698708548}]"}, {"source": 7, "prod": 0, "target": 5, "value": 0.0056511490958114103, "supply": "[{\"l\":'Energy for power irrigation',\"v\":0.0056511490958114103}]"}, {"source": 7, "prod": 0, "target": 6, "value": 0.00026936234015461795, "supply": "[{\"l\":'Energy for power irrigation',\"v\":0.00026936234015461795}]"}, {"source": 8, "prod": 0, "target": 7, "value": 0.0032581338320700321, "supply": [{"l": "Coal", "v": 0.0}, {"l": "Natural gas", "v": 0.0}, {"l": "Oil", "v": 0.0032581338320700321}]}, {"source": 9, "prod": 0, "target": 7, "value": 0.016266821222239845, "supply": [{"l": "Nuclear", "v": 0.003000135676857731}, {"l": "Hydroelectric", "v": 0.013266685545382113}, {"l": "Renewable", "v": 0.0}]}, {"source": 8, "prod": 0, "target": 0, "value": 0.51332718036679958, "supply": [{"l": "Motor Gasoline", "v": 0.093047809736876722}, {"l": "Gas-Diesel oil", "v": 0.21597612133449157}, {"l": "Natural gas (including LNG)", "v": 0.04185583746792472}, {"l": "Other fossil fuels", "v": 0.16244741182750655}]}, {"source": 8, "prod": 0, "target": 2, "value": 0.02857229087430636, "supply": [{"l": "Motor Gasoline", "v": 0.0051791317247597418}, {"l": "Gas-Diesel oil", "v": 0.012021441288700353}, {"l": "Natural gas (including LNG)", "v": 0.0023297366838566573}, {"l": "Other fossil fuels", "v": 0.0090419811769896115}]}, {"source": 8, "prod": 0, "target": 3, "value": 0.17549230929048398, "supply": [{"l": "Motor Gasoline", "v": 0.031810462468552736}, {"l": "Gas-Diesel oil", "v": 0.073836238824347047}, {"l": "Natural gas (including LNG)", "v": 0.014309348609369584}, {"l": "Other fossil fuels", "v": 0.055536259388214604}]}, {"source": 8, "prod": 0, "target": 4, "value": 0.31591862523522835, "supply": [{"l": "Motor Gasoline", "v": 0.057264717820354874}, {"l": "Gas-Diesel oil", "v": 0.13291889061256185}, {"l": "Natural gas (including LNG)", "v": 0.02575947492491509}, {"l": "Other fossil fuels", "v": 0.099975541877396504}]}, {"source": 8, "prod": 0, "target": 5, "value": 0.50407365434500717, "supply": [{"l": "Motor Gasoline", "v": 0.091370477303289774}, {"l": "Gas-Diesel oil", "v": 0.2120828136444011}, {"l": "Natural gas (including LNG)", "v": 0.041101320473721149}, {"l": "Other fossil fuels", "v": 0.15951904292359514}]}, {"source": 8, "prod": 0, "target": 6, "value": 0.024026699144303078, "supply": [{"l": "Motor Gasoline", "v": 0.0043551789503661464}, {"l": "Gas-Diesel oil", "v": 0.010108939265498024}, {"l": "Natural gas (including LNG)", "v": 0.0019590967568794619}, {"l": "Other fossil fuels", "v": 0.0076034841715594461}]}, {"source": 10, "prod": 52.173986275732993, "target": 0, "value": 0.37884229894450999, "supply": [{"l": "Potash", "v": 0.15947388901646803}, {"l": "Phosphate", "v": 0.23145833351849998}, {"l": "Nitrogen", "v": 0.76140972283134989}]}, {"source": 10, "prod": 2.9040548970679971, "target": 2, "value": 0.021086731377050524, "supply": [{"l": "Potash", "v": 0.15947388901646803}, {"l": "Phosphate", "v": 0.23145833351849998}, {"l": "Nitrogen", "v": 0.76140972283134989}]}, {"source": 10, "prod": 17.836837180286963, "target": 3, "value": 0.12951566260563421, "supply": [{"l": "Potash", "v": 0.15947388901646803}, {"l": "Phosphate", "v": 0.23145833351849998}, {"l": "Nitrogen", "v": 0.76140972283134989}]}, {"source": 10, "prod": 32.109606986899564, "target": 4, "value": 0.23315215488488822, "supply": [{"l": "Potash", "v": 0.15947388901646803}, {"l": "Phosphate", "v": 0.23145833351849998}, {"l": "Nitrogen", "v": 0.76140972283134989}]}, {"source": 10, "prod": 51.233468496568932, "target": 5, "value": 0.37201307344171525, "supply": [{"l": "Potash", "v": 0.15947388901646803}, {"l": "Phosphate", "v": 0.23145833351849998}, {"l": "Nitrogen", "v": 0.76140972283134989}]}, {"source": 10, "prod": 2.4420461634435431, "target": 6, "value": 0.01773202411251976, "supply": [{"l": "Potash", "v": 0.15947388901646803}, {"l": "Phosphate", "v": 0.23145833351849998}, {"l": "Nitrogen", "v": 0.76140972283134989}]}, {"source": 8, "prod": 0, "target": 10, "value": 1.5130123454592743, "supply": [{"l": "Natural gas (including LNG)", "v": 0.9833515140515362}, {"l": "Fuel oil", "v": 0.39506553133537253}, {"l": "Liquefied petroleum gas (LPG)", "v": 0.067297650036182752}, {"l": "Coal", "v": 0.067297650036182752}]}, {"source": 11, "prod": 0, "target": 0, "value": 0.059391575024241763, "supply": "[{\"l\":'Labor',\"v\":0.059391575024241763}]"}, {"source": 11, "prod": 0, "target": 2, "value": 0.0033057929172253479, "supply": "[{\"l\":'Labor',\"v\":0.0033057929172253479}]"}, {"source": 11, "prod": 0, "target": 3, "value": 0.020304330360912507, "supply": "[{\"l\":'Labor',\"v\":0.020304330360912507}]"}, {"source": 11, "prod": 0, "target": 4, "value": 0.036551551232502998, "supply": "[{\"l\":'Labor',\"v\":0.036551551232502998}]"}, {"source": 11, "prod": 0, "target": 5, "value": 0.058320948909004008, "supply": "[{\"l\":'Labor',\"v\":0.058320948909004008}]"}, {"source": 11, "prod": 0, "target": 6, "value": 0.0027798713167576788, "supply": "[{\"l\":'Labor',\"v\":0.0027798713167576788}]"}]}