{"nodes": [{"layer": 5, "name": "Maize"}, {"layer": 10, "name": "Feed", "fill": "#dbdb8d"}, {"layer": 5, "name": "Vegetables, Other"}, {"layer": 5, "name": "Wheat"}, {"layer": 5, "name": "Oats"}, {"layer": 5, "name": "Potatoes"}, {"layer": 5, "name": "Rye"}, {"layer": 13, "name": "Fish, Body Oil"}, {"layer": 5, "name": "Peas"}, {"layer": 5, "name": "Millet"}, {"layer": 13, "name": "Milk - Excluding Butter"}, {"layer": 13, "name": "Pelagic Fish"}, {"layer": 5, "name": "Barley"}, {"layer": 13, "name": "Fish, Seafood"}, {"layer": 5, "name": "Rice"}, {"layer": 5, "name": "Cereals, Other"}, {"layer": 16, "name": "Food", "fill": "#b5cf6b"}, {"layer": 5, "name": "Nuts"}, {"layer": 5, "name": "Dates"}, {"layer": 13, "name": "Sugar", "fill": "#d6616b"}, {"layer": 13, "name": "Oilcrops Oil, Other"}, {"layer": 13, "name": "Maize Germ Oil"}, {"layer": 13, "name": "Beer"}, {"layer": 13, "name": "Groundnut Oil"}, {"layer": 13, "name": "Beverages, Alcoholic"}, {"layer": 5, "name": "Cocoa Beans"}, {"layer": 13, "name": "Honey"}, {"layer": 13, "name": "Butter, Ghee"}, {"layer": 5, "name": "Tomatoes"}, {"layer": 13, "name": "Fats, Animals, Raw"}, {"layer": 5, "name": "Coffee"}, {"layer": 13, "name": "Soyabean Oil"}, {"layer": 5, "name": "Treenuts"}, {"layer": 13, "name": "Crustaceans"}, {"layer": 13, "name": "Eggs"}, {"layer": 13, "name": "Coconut Oil"}, {"layer": 13, "name": "Marine Fish, Other"}, {"layer": 5, "name": "Grapes"}, {"layer": 5, "name": "Groundnuts"}, {"layer": 13, "name": "Palm Oil"}, {"layer": 5, "name": "Rape and Mustardseed"}, {"layer": 13, "name": "Wine"}, {"layer": 13, "name": "Sunflowerseed Oil"}, {"layer": 13, "name": "Olive Oil"}, {"layer": 13, "name": "Pigmeat"}, {"layer": 13, "name": "Freshwater Fish"}, {"layer": 5, "name": "Pepper"}, {"layer": 13, "name": "Rape and Mustard Oil"}, {"layer": 5, "name": "Pineapples"}, {"layer": 5, "name": "Beans"}, {"layer": 5, "name": "Apples"}, {"layer": 13, "name": "Meat, Other"}, {"layer": 5, "name": "Lemons, Limes"}, {"layer": 13, "name": "Mutton & Goat Meat"}, {"layer": 13, "name": "Sweeteners, Other"}, {"layer": 5, "name": "Bananas"}, {"layer": 13, "name": "Beverages, Fermented"}, {"layer": 5, "name": "Spices, Other"}, {"layer": 5, "name": "Tea"}, {"layer": 5, "name": "Fruits, Other"}, {"layer": 13, "name": "Molluscs, Other"}, {"layer": 13, "name": "Poultry Meat"}, {"layer": 13, "name": "Offals, Edible"}, {"layer": 5, "name": "Grapefruit"}, {"layer": 13, "name": "Demersal Fish"}, {"layer": 5, "name": "Oranges, Mandarines"}, {"layer": 13, "name": "Bovine Meat"}, {"layer": 5, "name": "Pulses, Other"}, {"layer": 13, "name": "Palmkernel Oil"}, {"layer": 5, "name": "Onions"}, {"layer": 13, "name": "Cream"}, {"layer": 5, "name": "Sunflower seed"}, {"layer": 10, "name": "Processing", "fill": "#9edae5"}, {"layer": 5, "name": "Coconuts - Incl Copra"}, {"layer": 5, "name": "Soyabeans"}, {"layer": 5, "name": "Sugar beet"}, {"layer": 5, "name": "Oilcrops, Other"}, {"layer": 16, "name": "Biofuels & Other", "fill": "#e7ba52"}, {"layer": 13, "name": "Alcohol, Non-Food"}, {"name": "Waste", "fill": "#c7c7c7"}, {"layer": 2, "name": "Import", "fill": "#aec7e8"}, {"layer": 5, "name": "Infant food"}, {"layer": 16, "name": "Export", "fill": "#aec7e8"}, {"layer": 16, "name": "Stock Deposit", "fill": "#c7c7c7"}, {"layer": 0, "name": "Stock Draw", "fill": "#c7c7c7"}, {"layer": 5, "name": "Oil Palm"}, {"layer": 2, "name": "Electricity", "fill": "#bcbd22"}, {"layer": 0, "name": "Fossil Fuels", "fill": "#c49c94"}, {"layer": 0, "name": "Renewables & Nuclear", "fill": "#2ca02c"}, {"layer": 2, "name": "Fertilizers", "fill": "#c5b0d5"}, {"layer": 0, "name": "Labor", "fill": "#7f7f7f"}], "links": [{"source": 0, "prod": 379.0, "target": 1, "value": 0.90458065824362643, "supply": [{"l": "Maize", "v": 0.90458065824362643}]}, {"source": 2, "prod": 1.0, "target": 1, "value": 0.00030249524882779101, "supply": [{"l": "Vegetables, Other", "v": 0.00030249524882779101}]}, {"source": 3, "prod": 168.0, "target": 1, "value": 0.511934493504, "supply": [{"l": "Wheat", "v": 0.511934493504}]}, {"source": 4, "prod": 170.0, "target": 1, "value": 0.37094304446207943, "supply": [{"l": "Oats", "v": 0.37094304446207943}]}, {"source": 5, "prod": 395.0, "target": 1, "value": 0.30633833324950765, "supply": [{"l": "Potatoes", "v": 0.30633833324950765}]}, {"source": 6, "prod": 23.0, "target": 1, "value": 0.068723934739146827, "supply": [{"l": "Rye", "v": 0.068723934739146827}]}, {"source": 7, "prod": 2.0, "target": 1, "value": 0.016441016899780954, "supply": [{"l": "Fish, Body Oil", "v": 0.016441016899780954}]}, {"source": 8, "prod": 1.0, "target": 1, "value": 0.0036913188335217393, "supply": [{"l": "Peas", "v": 0.0036913188335217393}]}, {"source": 9, "prod": 36.0, "target": 1, "value": 0.12418829773094359, "supply": [{"l": "Millet", "v": 0.12418829773094359}]}, {"source": 10, "prod": 1185.0, "target": 1, "value": 0.63233432126520017, "supply": [{"l": "Milk - Excluding Butter", "v": 0.63233432126520017}]}, {"source": 11, "prod": 495.0, "target": 1, "value": 0.808185863839327, "supply": [{"l": "Pelagic Fish", "v": 0.808185863839327}]}, {"source": 12, "prod": 590.0, "target": 1, "value": 1.1619091988093042, "supply": [{"l": "Barley", "v": 1.1619091988093042}]}, {"source": 13, "prod": 495.0, "target": 1, "value": 0.51550173090686036, "supply": [{"l": "Fish, Seafood", "v": 0.51550173090686036}]}, {"source": 14, "prod": 5.0, "target": 1, "value": 0.024837863427686169, "supply": [{"l": "Rice", "v": 0.024837863427686169}]}, {"source": 15, "prod": 8.0, "target": 1, "value": 0.019405790439085718, "supply": [{"l": "Cereals, Other", "v": 0.019405790439085718}]}, {"source": 0, "prod": 16.0, "target": 16, "value": 0.038188101667277111, "supply": [{"l": "Maize", "v": 0.038188101667277111}]}, {"source": 6, "prod": 26.0, "target": 16, "value": 0.077687926226861645, "supply": [{"l": "Rye", "v": 0.077687926226861645}]}, {"source": 17, "prod": 47.0, "target": 16, "value": 0.15680102183207725, "supply": [{"l": "Nuts", "v": 0.15680102183207725}]}, {"source": 18, "prod": 1.0, "target": 16, "value": 0.0028300111056999999, "supply": [{"l": "Dates", "v": 0.0028300111056999999}]}, {"source": 19, "prod": 271.0, "target": 16, "value": 0.98959098018670977, "supply": [{"l": "Sugar", "v": 0.98959098018670977}]}, {"source": 20, "prod": 12.0, "target": 16, "value": 0.10567381894688298, "supply": [{"l": "Oilcrops Oil, Other", "v": 0.10567381894688298}]}, {"source": 21, "prod": 1.0, "target": 16, "value": 0.011320044422799999, "supply": [{"l": "Maize Germ Oil", "v": 0.011320044422799999}]}, {"source": 22, "prod": 434.0, "target": 16, "value": 0.24610864693274923, "supply": [{"l": "Beer", "v": 0.24610864693274923}]}, {"source": 23, "prod": 30.0, "target": 16, "value": 0.30840622070467644, "supply": [{"l": "Groundnut Oil", "v": 0.30840622070467644}]}, {"source": 24, "prod": 12.0, "target": 16, "value": 0.041372751189928933, "supply": [{"l": "Beverages, Alcoholic", "v": 0.041372751189928933}]}, {"source": 12, "prod": 25.0, "target": 16, "value": 0.049233440627512899, "supply": [{"l": "Barley", "v": 0.049233440627512899}]}, {"source": 25, "prod": 13.0, "target": 16, "value": 0.016230946047397058, "supply": [{"l": "Cocoa Beans", "v": 0.016230946047397058}]}, {"source": 26, "prod": 6.0, "target": 16, "value": 0.021909763398967743, "supply": [{"l": "Honey", "v": 0.021909763398967743}]}, {"source": 14, "prod": 18.0, "target": 16, "value": 0.089416308339670222, "supply": [{"l": "Rice", "v": 0.089416308339670222}]}, {"source": 27, "prod": 47.0, "target": 16, "value": 0.39200255458019323, "supply": [{"l": "Butter, Ghee", "v": 0.39200255458019323}]}, {"source": 28, "prod": 125.0, "target": 16, "value": 0.032094379978956658, "supply": [{"l": "Tomatoes", "v": 0.032094379978956658}]}, {"source": 29, "prod": 20.0, "target": 16, "value": 0.16441016899780955, "supply": [{"l": "Fats, Animals, Raw", "v": 0.16441016899780955}]}, {"source": 30, "prod": 33.0, "target": 16, "value": 0.016132692867426104, "supply": [{"l": "Coffee", "v": 0.016132692867426104}]}, {"source": 3, "prod": 520.0, "target": 16, "value": 1.58455914656, "supply": [{"l": "Wheat", "v": 1.58455914656}]}, {"source": 31, "prod": 12.0, "target": 16, "value": 0.12398143891638096, "supply": [{"l": "Soyabean Oil", "v": 0.12398143891638096}]}, {"source": 32, "prod": 47.0, "target": 16, "value": 0.15532772364036643, "supply": [{"l": "Treenuts", "v": 0.15532772364036643}]}, {"source": 33, "prod": 7.0, "target": 16, "value": 0.0026531354115937504, "supply": [{"l": "Crustaceans", "v": 0.0026531354115937504}]}, {"source": 34, "prod": 74.0, "target": 16, "value": 0.11999919756342531, "supply": [{"l": "Eggs", "v": 0.11999919756342531}]}, {"source": 2, "prod": 398.0, "target": 16, "value": 0.12039310903346083, "supply": [{"l": "Vegetables, Other", "v": 0.12039310903346083}]}, {"source": 8, "prod": 1.0, "target": 16, "value": 0.0036913188335217393, "supply": [{"l": "Peas", "v": 0.0036913188335217393}]}, {"source": 35, "prod": 1.0, "target": 16, "value": 0.0096477651330681823, "supply": [{"l": "Coconut Oil", "v": 0.0096477651330681823}]}, {"source": 36, "prod": 27.0, "target": 16, "value": 0.026287947197442665, "supply": [{"l": "Marine Fish, Other", "v": 0.026287947197442665}]}, {"source": 37, "prod": 50.0, "target": 16, "value": 0.037097523857490634, "supply": [{"l": "Grapes", "v": 0.037097523857490634}]}, {"source": 38, "prod": 2.0, "target": 16, "value": 0.014150055528500001, "supply": [{"l": "Groundnuts", "v": 0.014150055528500001}]}, {"source": 39, "prod": 6.0, "target": 16, "value": 0.06157606581632967, "supply": [{"l": "Palm Oil", "v": 0.06157606581632967}]}, {"source": 40, "prod": 2.0, "target": 16, "value": 0.0023244444400000001, "supply": [{"l": "Rape and Mustardseed", "v": 0.0023244444400000001}]}, {"source": 41, "prod": 283.0, "target": 16, "value": 0.22489979052161937, "supply": [{"l": "Wine", "v": 0.22489979052161937}]}, {"source": 42, "prod": 27.0, "target": 16, "value": 0.27769063842391217, "supply": [{"l": "Sunflowerseed Oil", "v": 0.27769063842391217}]}, {"source": 4, "prod": 14.0, "target": 16, "value": 0.030548250720406539, "supply": [{"l": "Oats", "v": 0.030548250720406539}]}, {"source": 43, "prod": 2.0, "target": 16, "value": 0.02122508329275, "supply": [{"l": "Olive Oil", "v": 0.02122508329275}]}, {"source": 44, "prod": 270.0, "target": 16, "value": 1.1555382188431893, "supply": [{"l": "Pigmeat", "v": 1.1555382188431893}]}, {"source": 15, "prod": 11.0, "target": 16, "value": 0.026682961853742863, "supply": [{"l": "Cereals, Other", "v": 0.026682961853742863}]}, {"source": 5, "prod": 314.0, "target": 16, "value": 0.24351958643125421, "supply": [{"l": "Potatoes", "v": 0.24351958643125421}]}, {"source": 45, "prod": 10.0, "target": 16, "value": 0.0079099689289751553, "supply": [{"l": "Freshwater Fish", "v": 0.0079099689289751553}]}, {"source": 46, "prod": 1.0, "target": 16, "value": 0.003859106053227273, "supply": [{"l": "Pepper", "v": 0.003859106053227273}]}, {"source": 47, "prod": 4.0, "target": 16, "value": 0.046047638330033898, "supply": [{"l": "Rape and Mustard Oil", "v": 0.046047638330033898}]}, {"source": 10, "prod": 2027.0, "target": 16, "value": 1.0816385394131316, "supply": [{"l": "Milk - Excluding Butter", "v": 1.0816385394131316}]}, {"source": 48, "prod": 12.0, "target": 16, "value": 0.01044927177489231, "supply": [{"l": "Pineapples", "v": 0.01044927177489231}]}, {"source": 49, "prod": 2.0, "target": 16, "value": 0.0079594062347812505, "supply": [{"l": "Beans", "v": 0.0079594062347812505}]}, {"source": 50, "prod": 333.0, "target": 16, "value": 0.14448966411895911, "supply": [{"l": "Apples", "v": 0.14448966411895911}]}, {"source": 13, "prod": 54.0, "target": 16, "value": 0.056236552462566591, "supply": [{"l": "Fish, Seafood", "v": 0.056236552462566591}]}, {"source": 51, "prod": 16.0, "target": 16, "value": 0.024748275256323889, "supply": [{"l": "Meat, Other", "v": 0.024748275256323889}]}, {"source": 52, "prod": 13.0, "target": 16, "value": 0.0026030762528844341, "supply": [{"l": "Lemons, Limes", "v": 0.0026030762528844341}]}, {"source": 53, "prod": 8.0, "target": 16, "value": 0.020427147830616544, "supply": [{"l": "Mutton & Goat Meat", "v": 0.020427147830616544}]}, {"source": 54, "prod": 12.0, "target": 16, "value": 0.03918476915584615, "supply": [{"l": "Sweeteners, Other", "v": 0.03918476915584615}]}, {"source": 11, "prod": 2.0, "target": 16, "value": 0.0032653974296538461, "supply": [{"l": "Pelagic Fish", "v": 0.0032653974296538461}]}, {"source": 55, "prod": 56.0, "target": 16, "value": 0.039797031173906254, "supply": [{"l": "Bananas", "v": 0.039797031173906254}]}, {"source": 56, "prod": 32.0, "target": 16, "value": 0.018718183691244096, "supply": [{"l": "Beverages, Fermented", "v": 0.018718183691244096}]}, {"source": 57, "prod": 2.0, "target": 16, "value": 0.0090964642683214296, "supply": [{"l": "Spices, Other", "v": 0.0090964642683214296}]}, {"source": 58, "prod": 2.0, "target": 16, "value": 0.0017374037921693293, "supply": [{"l": "Tea", "v": 0.0017374037921693293}]}, {"source": 59, "prod": 393.0, "target": 16, "value": 0.18218054469743084, "supply": [{"l": "Fruits, Other", "v": 0.18218054469743084}]}, {"source": 60, "prod": 4.0, "target": 16, "value": 0.0046488888800000003, "supply": [{"l": "Molluscs, Other", "v": 0.0046488888800000003}]}, {"source": 61, "prod": 48.0, "target": 16, "value": 0.069524682281763783, "supply": [{"l": "Poultry Meat", "v": 0.069524682281763783}]}, {"source": 62, "prod": 38.0, "target": 16, "value": 0.047599858925380344, "supply": [{"l": "Offals, Edible", "v": 0.047599858925380344}]}, {"source": 63, "prod": 16.0, "target": 16, "value": 0.0053691910305770753, "supply": [{"l": "Grapefruit", "v": 0.0053691910305770753}]}, {"source": 64, "prod": 4.0, "target": 16, "value": 0.015673907662338463, "supply": [{"l": "Demersal Fish", "v": 0.015673907662338463}]}, {"source": 65, "prod": 95.0, "target": 16, "value": 0.040007597476413699, "supply": [{"l": "Oranges, Mandarines", "v": 0.040007597476413699}]}, {"source": 66, "prod": 177.0, "target": 16, "value": 0.20901105559180214, "supply": [{"l": "Bovine Meat", "v": 0.20901105559180214}]}, {"source": 67, "prod": 3.0, "target": 16, "value": 0.0129949489547449, "supply": [{"l": "Pulses, Other", "v": 0.0129949489547449}]}, {"source": 68, "prod": 3.0, "target": 16, "value": 0.031187877491387756, "supply": [{"l": "Palmkernel Oil", "v": 0.031187877491387756}]}, {"source": 69, "prod": 2.0, "target": 16, "value": 0.00086810156616564424, "supply": [{"l": "Onions", "v": 0.00086810156616564424}]}, {"source": 70, "prod": 37.0, "target": 16, "value": 0.05916855411061131, "supply": [{"l": "Cream", "v": 0.05916855411061131}]}, {"source": 71, "prod": 24.0, "target": 72, "value": 0.169800666342, "supply": [{"l": "Sunflower seed", "v": 0.169800666342}]}, {"source": 73, "prod": 2.0, "target": 72, "value": 0.0032971003173203881, "supply": [{"l": "Coconuts - Incl Copra", "v": 0.0032971003173203881}]}, {"source": 74, "prod": 66.0, "target": 72, "value": 0.26203052467884175, "supply": [{"l": "Soyabeans", "v": 0.26203052467884175}]}, {"source": 59, "prod": 31.0, "target": 72, "value": 0.014370475535929661, "supply": [{"l": "Fruits, Other", "v": 0.014370475535929661}]}, {"source": 40, "prod": 31.0, "target": 72, "value": 0.03602888882, "supply": [{"l": "Rape and Mustardseed", "v": 0.03602888882}]}, {"source": 12, "prod": 120.0, "target": 72, "value": 0.23632051501206189, "supply": [{"l": "Barley", "v": 0.23632051501206189}]}, {"source": 37, "prod": 142.0, "target": 72, "value": 0.10535696775527342, "supply": [{"l": "Grapes", "v": 0.10535696775527342}]}, {"source": 38, "prod": 29.0, "target": 72, "value": 0.20517580516325001, "supply": [{"l": "Groundnuts", "v": 0.20517580516325001}]}, {"source": 75, "prod": 782.0, "target": 72, "value": 0.90885777604000006, "supply": [{"l": "Sugar beet", "v": 0.90885777604000006}]}, {"source": 76, "prod": 7.0, "target": 72, "value": 0.049525194349750008, "supply": [{"l": "Oilcrops, Other", "v": 0.049525194349750008}]}, {"source": 20, "prod": 2.0, "target": 72, "value": 0.017612303157813827, "supply": [{"l": "Oilcrops Oil, Other", "v": 0.017612303157813827}]}, {"source": 50, "prod": 91.0, "target": 72, "value": 0.039485163467943785, "supply": [{"l": "Apples", "v": 0.039485163467943785}]}, {"source": 0, "prod": 6.0, "target": 77, "value": 0.014320538125228916, "supply": [{"l": "Maize", "v": 0.014320538125228916}]}, {"source": 54, "prod": 8.0, "target": 77, "value": 0.026123179437230769, "supply": [{"l": "Sweeteners, Other", "v": 0.026123179437230769}]}, {"source": 3, "prod": 8.0, "target": 77, "value": 0.024377833023999998, "supply": [{"l": "Wheat", "v": 0.024377833023999998}]}, {"source": 78, "prod": 8.0, "target": 77, "value": 0.0055185685871527827, "supply": [{"l": "Alcohol, Non-Food", "v": 0.0055185685871527827}]}, {"source": 29, "prod": 13.0, "target": 77, "value": 0.1068666098485762, "supply": [{"l": "Fats, Animals, Raw", "v": 0.1068666098485762}]}, {"source": 5, "prod": 112.0, "target": 77, "value": 0.086860489427708507, "supply": [{"l": "Potatoes", "v": 0.086860489427708507}]}, {"source": 6, "prod": 1.0, "target": 77, "value": 0.0029879971625716016, "supply": [{"l": "Rye", "v": 0.0029879971625716016}]}, {"source": 47, "prod": 11.0, "target": 77, "value": 0.12663100540759323, "supply": [{"l": "Rape and Mustard Oil", "v": 0.12663100540759323}]}, {"source": 10, "prod": 72.0, "target": 77, "value": 0.03842031319079698, "supply": [{"l": "Milk - Excluding Butter", "v": 0.03842031319079698}]}, {"source": 12, "prod": 9.0, "target": 77, "value": 0.017724038625904642, "supply": [{"l": "Barley", "v": 0.017724038625904642}]}, {"source": 39, "prod": 4.0, "target": 77, "value": 0.041050710544219778, "supply": [{"l": "Palm Oil", "v": 0.041050710544219778}]}, {"source": 20, "prod": 5.0, "target": 77, "value": 0.044030757894534575, "supply": [{"l": "Oilcrops Oil, Other", "v": 0.044030757894534575}]}, {"source": 41, "prod": 33.0, "target": 77, "value": 0.026225063912414984, "supply": [{"l": "Wine", "v": 0.026225063912414984}]}, {"source": 0, "prod": 2.0, "target": 0, "value": 0.0047735127084096388, "supply": [{"l": "Maize", "v": 0.0047735127084096388}]}, {"source": 3, "prod": 17.0, "target": 3, "value": 0.051802895175999994, "supply": [{"l": "Wheat", "v": 0.051802895175999994}]}, {"source": 4, "prod": 4.0, "target": 4, "value": 0.0087280716344018683, "supply": [{"l": "Oats", "v": 0.0087280716344018683}]}, {"source": 5, "prod": 62.0, "target": 5, "value": 0.048083485218910066, "supply": [{"l": "Potatoes", "v": 0.048083485218910066}]}, {"source": 34, "prod": 1.0, "target": 34, "value": 0.0016216107778841257, "supply": [{"l": "Eggs", "v": 0.0016216107778841257}]}, {"source": 6, "prod": 2.0, "target": 6, "value": 0.0059759943251432033, "supply": [{"l": "Rye", "v": 0.0059759943251432033}]}, {"source": 12, "prod": 8.0, "target": 12, "value": 0.015754701000804127, "supply": [{"l": "Barley", "v": 0.015754701000804127}]}, {"source": 0, "prod": 4.0, "target": 79, "value": 0.0095470254168192777, "supply": [{"l": "Maize", "v": 0.0095470254168192777}]}, {"source": 28, "prod": 1.0, "target": 79, "value": 0.00025675503983165328, "supply": [{"l": "Tomatoes", "v": 0.00025675503983165328}]}, {"source": 2, "prod": 14.0, "target": 79, "value": 0.0042349334835890739, "supply": [{"l": "Vegetables, Other", "v": 0.0042349334835890739}]}, {"source": 3, "prod": 15.0, "target": 79, "value": 0.045708436919999998, "supply": [{"l": "Wheat", "v": 0.045708436919999998}]}, {"source": 55, "prod": 6.0, "target": 79, "value": 0.0042639676257756704, "supply": [{"l": "Bananas", "v": 0.0042639676257756704}]}, {"source": 4, "prod": 1.0, "target": 79, "value": 0.0021820179086004671, "supply": [{"l": "Oats", "v": 0.0021820179086004671}]}, {"source": 32, "prod": 1.0, "target": 79, "value": 0.0033048451838375834, "supply": [{"l": "Treenuts", "v": 0.0033048451838375834}]}, {"source": 5, "prod": 65.0, "target": 79, "value": 0.050410105471437976, "supply": [{"l": "Potatoes", "v": 0.050410105471437976}]}, {"source": 34, "prod": 2.0, "target": 79, "value": 0.0032432215557682514, "supply": [{"l": "Eggs", "v": 0.0032432215557682514}]}, {"source": 6, "prod": 1.0, "target": 79, "value": 0.0029879971625716016, "supply": [{"l": "Rye", "v": 0.0029879971625716016}]}, {"source": 59, "prod": 22.0, "target": 79, "value": 0.010198401993240404, "supply": [{"l": "Fruits, Other", "v": 0.010198401993240404}]}, {"source": 12, "prod": 7.0, "target": 79, "value": 0.013785363375703609, "supply": [{"l": "Barley", "v": 0.013785363375703609}]}, {"source": 37, "prod": 1.0, "target": 79, "value": 0.00074195047714981283, "supply": [{"l": "Grapes", "v": 0.00074195047714981283}]}, {"source": 65, "prod": 4.0, "target": 79, "value": 0.0016845304200595241, "supply": [{"l": "Oranges, Mandarines", "v": 0.0016845304200595241}]}, {"source": 52, "prod": 5.0, "target": 79, "value": 0.0010011831741863209, "supply": [{"l": "Lemons, Limes", "v": 0.0010011831741863209}]}, {"source": 17, "prod": 1.0, "target": 79, "value": 0.0033361919538739842, "supply": [{"l": "Nuts", "v": 0.0033361919538739842}]}, {"source": 50, "prod": 1.0, "target": 79, "value": 0.00043390289525212949, "supply": [{"l": "Apples", "v": 0.00043390289525212949}]}, {"source": 80, "prod": 4.0, "target": 81, "value": 0.0046488888800000003, "supply": [{"l": "Infant food", "v": 0.0046488888800000003}]}, {"source": 80, "prod": 2.0, "target": 57, "value": 0.0090964642683214296, "supply": [{"l": "Spices, Other", "v": 0.0090964642683214296}]}, {"source": 80, "prod": 118.0, "target": 28, "value": 0.030297094700135085, "supply": [{"l": "Tomatoes", "v": 0.030297094700135085}]}, {"source": 80, "prod": 19.0, "target": 52, "value": 0.0038044960619080192, "supply": [{"l": "Lemons, Limes", "v": 0.0038044960619080192}]}, {"source": 80, "prod": 41.0, "target": 32, "value": 0.13549865253734092, "supply": [{"l": "Treenuts", "v": 0.13549865253734092}]}, {"source": 80, "prod": 15.0, "target": 6, "value": 0.044819957438574025, "supply": [{"l": "Rye", "v": 0.044819957438574025}]}, {"source": 80, "prod": 45.0, "target": 50, "value": 0.019525630286345828, "supply": [{"l": "Apples", "v": 0.019525630286345828}]}, {"source": 80, "prod": 2.0, "target": 58, "value": 0.0017374037921693293, "supply": [{"l": "Tea", "v": 0.0017374037921693293}]}, {"source": 80, "prod": 189.0, "target": 2, "value": 0.057171602028452499, "supply": [{"l": "Vegetables, Other", "v": 0.057171602028452499}]}, {"source": 80, "prod": 23.0, "target": 14, "value": 0.11425417176735637, "supply": [{"l": "Rice", "v": 0.11425417176735637}]}, {"source": 80, "prod": 357.0, "target": 3, "value": 1.0878607986959998, "supply": [{"l": "Wheat", "v": 1.0878607986959998}]}, {"source": 80, "prod": 1.0, "target": 75, "value": 0.0011622222200000001, "supply": [{"l": "Sugar beet", "v": 0.0011622222200000001}]}, {"source": 80, "prod": 512.0, "target": 12, "value": 1.0083008640514641, "supply": [{"l": "Barley", "v": 1.0083008640514641}]}, {"source": 80, "prod": 1.0, "target": 46, "value": 0.003859106053227273, "supply": [{"l": "Pepper", "v": 0.003859106053227273}]}, {"source": 80, "prod": 16.0, "target": 63, "value": 0.0053691910305770753, "supply": [{"l": "Grapefruit", "v": 0.0053691910305770753}]}, {"source": 80, "prod": 60.0, "target": 30, "value": 0.029332168849865642, "supply": [{"l": "Coffee", "v": 0.029332168849865642}]}, {"source": 80, "prod": 24.0, "target": 71, "value": 0.169800666342, "supply": [{"l": "Sunflower seed", "v": 0.169800666342}]}, {"source": 80, "prod": 36.0, "target": 9, "value": 0.12418829773094359, "supply": [{"l": "Millet", "v": 0.12418829773094359}]}, {"source": 80, "prod": 1.0, "target": 18, "value": 0.0028300111056999999, "supply": [{"l": "Dates", "v": 0.0028300111056999999}]}, {"source": 80, "prod": 12.0, "target": 15, "value": 0.029108685658628574, "supply": [{"l": "Cereals, Other", "v": 0.029108685658628574}]}, {"source": 80, "prod": 1503.0, "target": 1, "value": 1.7717096383172373, "supply": [{"l": "Freshwater Fish", "v": 0.0055369782502826086}, {"l": "Pigmeat", "v": 0.029958398266304909}, {"l": "Meat, Other", "v": 0.017014439238722673}, {"l": "Crustaceans", "v": 0.0026531354115937504}, {"l": "Eggs", "v": 0.055134766448060278}, {"l": "Marine Fish, Other", "v": 0.027261574871422022}, {"l": "Demersal Fish", "v": 0.015673907662338463}, {"l": "Mutton & Goat Meat", "v": 0.010213573915308272}, {"l": "Poultry Meat", "v": 0.037659202902622056}, {"l": "Milk - Excluding Butter", "v": 0.16595440836580358}, {"l": "Pelagic Fish", "v": 0.81145126126898093}, {"l": "Fish, Seafood", "v": 0.5696554480930357}, {"l": "Molluscs, Other", "v": 0.0046488888800000003}, {"l": "Bovine Meat", "v": 0.018893654742761772}]}, {"source": 80, "prod": 41.0, "target": 17, "value": 0.13678387010883336, "supply": [{"l": "Nuts", "v": 0.13678387010883336}]}, {"source": 80, "prod": 3.0, "target": 8, "value": 0.011073956500565219, "supply": [{"l": "Peas", "v": 0.011073956500565219}]}, {"source": 80, "prod": 7.0, "target": 76, "value": 0.049525194349750008, "supply": [{"l": "Oilcrops, Other", "v": 0.049525194349750008}]}, {"source": 80, "prod": 22.0, "target": 25, "value": 0.027467754849441178, "supply": [{"l": "Cocoa Beans", "v": 0.027467754849441178}]}, {"source": 80, "prod": 99.0, "target": 65, "value": 0.041692127896473224, "supply": [{"l": "Oranges, Mandarines", "v": 0.041692127896473224}]}, {"source": 80, "prod": 13.0, "target": 48, "value": 0.011320044422800001, "supply": [{"l": "Pineapples", "v": 0.011320044422800001}]}, {"source": 80, "prod": 119.0, "target": 5, "value": 0.092289270016940289, "supply": [{"l": "Potatoes", "v": 0.092289270016940289}]}, {"source": 80, "prod": 5.0, "target": 69, "value": 0.0021702539154141104, "supply": [{"l": "Onions", "v": 0.0021702539154141104}]}, {"source": 80, "prod": 2.0, "target": 40, "value": 0.0023244444400000001, "supply": [{"l": "Rape and Mustardseed", "v": 0.0023244444400000001}]}, {"source": 80, "prod": 63.0, "target": 55, "value": 0.044771660070644537, "supply": [{"l": "Bananas", "v": 0.044771660070644537}]}, {"source": 80, "prod": 49.0, "target": 37, "value": 0.036355573380340823, "supply": [{"l": "Grapes", "v": 0.036355573380340823}]}, {"source": 80, "prod": 546.0, "target": 72, "value": 1.8103736421315795, "supply": [{"l": "Alcohol, Non-Food", "v": 0.0055185685871527827}, {"l": "Sugar", "v": 0.61347337517109679}, {"l": "Beer", "v": 0.017012118451572533}, {"l": "Groundnut Oil", "v": 0.20560414713645095}, {"l": "Beverages, Alcoholic", "v": 0.020686375594964466}, {"l": "Fats, Animals, Raw", "v": 0.016441016899780954}, {"l": "Soyabean Oil", "v": 0.020663573152730163}, {"l": "Butter, Ghee", "v": 0.066723839077479696}, {"l": "Palm Oil", "v": 0.1334148092687143}, {"l": "Sunflowerseed Oil", "v": 0.21598160766304278}, {"l": "Olive Oil", "v": 0.02122508329275}, {"l": "Coconut Oil", "v": 0.0096477651330681823}, {"l": "Rape and Mustard Oil", "v": 0.046047638330033898}, {"l": "Oilcrops Oil, Other", "v": 0.10567381894688298}, {"l": "Wine", "v": 0.17165496379035261}, {"l": "Sweeteners, Other", "v": 0.078369538311692299}, {"l": "Fish, Body Oil", "v": 0.016441016899780954}, {"l": "Honey", "v": 0.014606508932645161}, {"l": "Palmkernel Oil", "v": 0.031187877491387756}]}, {"source": 80, "prod": 66.0, "target": 74, "value": 0.26203052467884175, "supply": [{"l": "Soyabeans", "v": 0.26203052467884175}]}, {"source": 80, "prod": 3.0, "target": 49, "value": 0.011939109352171875, "supply": [{"l": "Beans", "v": 0.011939109352171875}]}, {"source": 80, "prod": 274.0, "target": 0, "value": 0.65397124105212057, "supply": [{"l": "Maize", "v": 0.65397124105212057}]}, {"source": 80, "prod": 172.0, "target": 59, "value": 0.079732961038061351, "supply": [{"l": "Fruits, Other", "v": 0.079732961038061351}]}, {"source": 80, "prod": 30.0, "target": 38, "value": 0.21225083292749999, "supply": [{"l": "Groundnuts", "v": 0.21225083292749999}]}, {"source": 80, "prod": 2.0, "target": 73, "value": 0.0032971003173203881, "supply": [{"l": "Coconuts - Incl Copra", "v": 0.0032971003173203881}]}, {"source": 80, "prod": 145.0, "target": 4, "value": 0.31639259674706771, "supply": [{"l": "Oats", "v": 0.31639259674706771}]}, {"source": 80, "prod": 3.0, "target": 67, "value": 0.0129949489547449, "supply": [{"l": "Pulses, Other", "v": 0.0129949489547449}]}, {"source": 0, "prod": 1.0, "target": 82, "value": 0.0023867563542048194, "supply": [{"l": "Maize", "v": 0.0023867563542048194}]}, {"source": 59, "prod": 16.0, "target": 82, "value": 0.0074170196314475665, "supply": [{"l": "Fruits, Other", "v": 0.0074170196314475665}]}, {"source": 19, "prod": 9.0, "target": 82, "value": 0.032864645098451613, "supply": [{"l": "Sugar", "v": 0.032864645098451613}]}, {"source": 22, "prod": 2.0, "target": 82, "value": 0.0011341412301048353, "supply": [{"l": "Beer", "v": 0.0011341412301048353}]}, {"source": 81, "prod": 4.0, "target": 82, "value": 0.0046488888800000003, "supply": [{"l": "Infant food", "v": 0.0046488888800000003}]}, {"source": 24, "prod": 1.0, "target": 82, "value": 0.0034477292658274118, "supply": [{"l": "Beverages, Alcoholic", "v": 0.0034477292658274118}]}, {"source": 12, "prod": 1.0, "target": 82, "value": 0.0019693376251005159, "supply": [{"l": "Barley", "v": 0.0019693376251005159}]}, {"source": 51, "prod": 1.0, "target": 82, "value": 0.0015467672035202431, "supply": [{"l": "Meat, Other", "v": 0.0015467672035202431}]}, {"source": 17, "prod": 1.0, "target": 82, "value": 0.0033361919538739842, "supply": [{"l": "Nuts", "v": 0.0033361919538739842}]}, {"source": 15, "prod": 1.0, "target": 82, "value": 0.0024257238048857148, "supply": [{"l": "Cereals, Other", "v": 0.0024257238048857148}]}, {"source": 30, "prod": 27.0, "target": 82, "value": 0.01319947598243954, "supply": [{"l": "Coffee", "v": 0.01319947598243954}]}, {"source": 3, "prod": 8.0, "target": 82, "value": 0.024377833023999998, "supply": [{"l": "Wheat", "v": 0.024377833023999998}]}, {"source": 29, "prod": 15.0, "target": 82, "value": 0.12330762674835716, "supply": [{"l": "Fats, Animals, Raw", "v": 0.12330762674835716}]}, {"source": 31, "prod": 2.0, "target": 82, "value": 0.020663573152730163, "supply": [{"l": "Soyabean Oil", "v": 0.020663573152730163}]}, {"source": 32, "prod": 1.0, "target": 82, "value": 0.0033048451838375834, "supply": [{"l": "Treenuts", "v": 0.0033048451838375834}]}, {"source": 2, "prod": 17.0, "target": 82, "value": 0.0051424192300724468, "supply": [{"l": "Vegetables, Other", "v": 0.0051424192300724468}]}, {"source": 28, "prod": 10.0, "target": 82, "value": 0.0025675503983165326, "supply": [{"l": "Tomatoes", "v": 0.0025675503983165326}]}, {"source": 39, "prod": 5.0, "target": 82, "value": 0.05131338818027472, "supply": [{"l": "Palm Oil", "v": 0.05131338818027472}]}, {"source": 42, "prod": 3.0, "target": 82, "value": 0.030854515380434683, "supply": [{"l": "Sunflowerseed Oil", "v": 0.030854515380434683}]}, {"source": 44, "prod": 1.0, "target": 82, "value": 0.0042797711809007015, "supply": [{"l": "Pigmeat", "v": 0.0042797711809007015}]}, {"source": 25, "prod": 9.0, "target": 82, "value": 0.011236808802044118, "supply": [{"l": "Cocoa Beans", "v": 0.011236808802044118}]}, {"source": 5, "prod": 48.0, "target": 82, "value": 0.037225924040446501, "supply": [{"l": "Potatoes", "v": 0.037225924040446501}]}, {"source": 47, "prod": 2.0, "target": 82, "value": 0.023023819165016949, "supply": [{"l": "Rape and Mustard Oil", "v": 0.023023819165016949}]}, {"source": 10, "prod": 714.0, "target": 82, "value": 0.38100143914206996, "supply": [{"l": "Milk - Excluding Butter", "v": 0.38100143914206996}]}, {"source": 50, "prod": 9.0, "target": 82, "value": 0.0039051260572691648, "supply": [{"l": "Apples", "v": 0.0039051260572691648}]}, {"source": 20, "prod": 1.0, "target": 82, "value": 0.0088061515789069136, "supply": [{"l": "Oilcrops Oil, Other", "v": 0.0088061515789069136}]}, {"source": 41, "prod": 1.0, "target": 82, "value": 0.00079469890643681757, "supply": [{"l": "Wine", "v": 0.00079469890643681757}]}, {"source": 54, "prod": 4.0, "target": 82, "value": 0.013061589718615384, "supply": [{"l": "Sweeteners, Other", "v": 0.013061589718615384}]}, {"source": 66, "prod": 1.0, "target": 82, "value": 0.0011808534214226107, "supply": [{"l": "Bovine Meat", "v": 0.0011808534214226107}]}, {"source": 61, "prod": 1.0, "target": 82, "value": 0.0014484308808700788, "supply": [{"l": "Poultry Meat", "v": 0.0014484308808700788}]}, {"source": 69, "prod": 2.0, "target": 82, "value": 0.00086810156616564424, "supply": [{"l": "Onions", "v": 0.00086810156616564424}]}, {"source": 50, "prod": 53.0, "target": 83, "value": 0.022996853448362865, "supply": [{"l": "Apples", "v": 0.022996853448362865}]}, {"source": 0, "prod": 1.0, "target": 83, "value": 0.0023867563542048194, "supply": [{"l": "Maize", "v": 0.0023867563542048194}]}, {"source": 59, "prod": 43.0, "target": 83, "value": 0.019933240259515338, "supply": [{"l": "Fruits, Other", "v": 0.019933240259515338}]}, {"source": 4, "prod": 4.0, "target": 83, "value": 0.0087280716344018683, "supply": [{"l": "Oats", "v": 0.0087280716344018683}]}, {"source": 84, "prod": 25.0, "target": 12, "value": 0.049233440627512899, "supply": [{"l": "Barley", "v": 0.049233440627512899}]}, {"source": 6, "prod": 2.0, "target": 83, "value": 0.0059759943251432033, "supply": [{"l": "Rye", "v": 0.0059759943251432033}]}, {"source": 84, "prod": 16.0, "target": 1, "value": 0.0085378473757326614, "supply": [{"l": "Milk - Excluding Butter", "v": 0.0085378473757326614}]}, {"source": 84, "prod": 6.0, "target": 5, "value": 0.0046532405050558126, "supply": [{"l": "Potatoes", "v": 0.0046532405050558126}]}, {"source": 23, "prod": 2.0, "target": 83, "value": 0.020560414713645097, "supply": [{"l": "Groundnut Oil", "v": 0.020560414713645097}]}, {"source": 84, "prod": 3.0, "target": 72, "value": 0.024901468219260401, "supply": [{"l": "Fats, Animals, Raw", "v": 0.0082205084498904769}, {"l": "Butter, Ghee", "v": 0.016680959769369924}]}, {"source": 19, "prod": 7.0, "target": 83, "value": 0.025561390632129036, "supply": [{"l": "Sugar", "v": 0.025561390632129036}]}, {"source": 41, "prod": 3.0, "target": 83, "value": 0.0023840967193104524, "supply": [{"l": "Wine", "v": 0.0023840967193104524}]}, {"source": 3, "prod": 45.0, "target": 83, "value": 0.13712531076000001, "supply": [{"l": "Wheat", "v": 0.13712531076000001}]}, {"source": 1, "prod": 49.0, "target": 61, "value": 0.070973113162633855, "supply": [{"l": "Poultry Meat", "v": 0.070973113162633855}]}, {"source": 1, "prod": 271.0, "target": 44, "value": 1.1598179900240899, "supply": [{"l": "Pigmeat", "v": 1.1598179900240899}]}, {"source": 1, "prod": 497.0, "target": 11, "value": 0.81145126126898082, "supply": [{"l": "Pelagic Fish", "v": 0.81145126126898082}]}, {"source": 1, "prod": 7.0, "target": 33, "value": 0.0026531354115937504, "supply": [{"l": "Crustaceans", "v": 0.0026531354115937504}]}, {"source": 1, "prod": 76.0, "target": 34, "value": 0.12324241911919356, "supply": [{"l": "Eggs", "v": 0.12486402989707769}]}, {"source": 1, "prod": 4.0, "target": 60, "value": 0.0046488888800000003, "supply": [{"l": "Molluscs, Other", "v": 0.0046488888800000003}]}, {"source": 1, "prod": 3998.0, "target": 10, "value": 2.1333946130111987, "supply": [{"l": "Milk - Excluding Butter", "v": 2.1333946130111987}]}, {"source": 1, "prod": 38.0, "target": 62, "value": 0.047599858925380344, "supply": [{"l": "Offals, Edible", "v": 0.047599858925380344}]}, {"source": 1, "prod": 27.0, "target": 36, "value": 0.026287947197442665, "supply": [{"l": "Marine Fish, Other", "v": 0.026287947197442665}]}, {"source": 1, "prod": 549.0, "target": 13, "value": 0.57173828336942689, "supply": [{"l": "Fish, Seafood", "v": 0.57173828336942689}]}, {"source": 1, "prod": 178.0, "target": 66, "value": 0.21019190901322474, "supply": [{"l": "Bovine Meat", "v": 0.21019190901322474}]}, {"source": 1, "prod": 4.0, "target": 64, "value": 0.015673907662338463, "supply": [{"l": "Demersal Fish", "v": 0.015673907662338463}]}, {"source": 1, "prod": 17.0, "target": 51, "value": 0.026295042459844133, "supply": [{"l": "Meat, Other", "v": 0.026295042459844133}]}, {"source": 1, "prod": 10.0, "target": 45, "value": 0.0079099689289751553, "supply": [{"l": "Freshwater Fish", "v": 0.0079099689289751553}]}, {"source": 1, "prod": 8.0, "target": 53, "value": 0.020427147830616544, "supply": [{"l": "Mutton & Goat Meat", "v": 0.020427147830616544}]}, {"source": 72, "prod": 8.0, "target": 78, "value": 0.0055185685871527827, "supply": [{"l": "Alcohol, Non-Food", "v": 0.0055185685871527827}]}, {"source": 72, "prod": 287.0, "target": 19, "value": 1.0480170159172904, "supply": [{"l": "Sugar", "v": 1.0480170159172904}]}, {"source": 72, "prod": 1.0, "target": 21, "value": 0.011320044422799999, "supply": [{"l": "Maize Germ Oil", "v": 0.011320044422799999}]}, {"source": 72, "prod": 436.0, "target": 22, "value": 0.24724278816285405, "supply": [{"l": "Beer", "v": 0.24724278816285405}]}, {"source": 72, "prod": 32.0, "target": 23, "value": 0.32896663541832155, "supply": [{"l": "Groundnut Oil", "v": 0.32896663541832155}]}, {"source": 72, "prod": 13.0, "target": 24, "value": 0.044820480455756345, "supply": [{"l": "Beverages, Alcoholic", "v": 0.044820480455756345}]}, {"source": 72, "prod": 47.0, "target": 27, "value": 0.39200255458019323, "supply": [{"l": "Butter, Ghee", "v": 0.39200255458019323}]}, {"source": 72, "prod": 48.0, "target": 29, "value": 0.39458440559474289, "supply": [{"l": "Fats, Animals, Raw", "v": 0.39458440559474289}]}, {"source": 72, "prod": 14.0, "target": 31, "value": 0.14464501206911112, "supply": [{"l": "Soyabean Oil", "v": 0.14464501206911112}]}, {"source": 72, "prod": 15.0, "target": 39, "value": 0.15394016454082418, "supply": [{"l": "Palm Oil", "v": 0.15394016454082418}]}, {"source": 72, "prod": 30.0, "target": 42, "value": 0.30854515380434688, "supply": [{"l": "Sunflowerseed Oil", "v": 0.30854515380434688}]}, {"source": 72, "prod": 2.0, "target": 43, "value": 0.02122508329275, "supply": [{"l": "Olive Oil", "v": 0.02122508329275}]}, {"source": 72, "prod": 1.0, "target": 35, "value": 0.0096477651330681823, "supply": [{"l": "Coconut Oil", "v": 0.0096477651330681823}]}, {"source": 72, "prod": 17.0, "target": 47, "value": 0.19570246290264406, "supply": [{"l": "Rape and Mustard Oil", "v": 0.19570246290264406}]}, {"source": 72, "prod": 20.0, "target": 20, "value": 0.1761230315781383, "supply": [{"l": "Oilcrops Oil, Other", "v": 0.1761230315781383}]}, {"source": 72, "prod": 320.0, "target": 41, "value": 0.25430365005978162, "supply": [{"l": "Wine", "v": 0.25430365005978162}]}, {"source": 72, "prod": 24.0, "target": 54, "value": 0.078369538311692313, "supply": [{"l": "Sweeteners, Other", "v": 0.078369538311692313}]}, {"source": 72, "prod": 32.0, "target": 56, "value": 0.018718183691244096, "supply": [{"l": "Beverages, Fermented", "v": 0.018718183691244096}]}, {"source": 72, "prod": 2.0, "target": 7, "value": 0.016441016899780954, "supply": [{"l": "Fish, Body Oil", "v": 0.016441016899780954}]}, {"source": 72, "prod": 6.0, "target": 26, "value": 0.021909763398967743, "supply": [{"l": "Honey", "v": 0.021909763398967743}]}, {"source": 72, "prod": 3.0, "target": 68, "value": 0.031187877491387756, "supply": [{"l": "Palmkernel Oil", "v": 0.031187877491387756}]}, {"source": 72, "prod": 37.0, "target": 70, "value": 0.05916855411061131, "supply": [{"l": "Cream", "v": 0.05916855411061131}]}, {"source": 85, "prod": 9.6703296703296679, "target": 72, "value": 0.041050710544219771, "supply": [{"l": "Oil Palm", "v": 0.041050710544219771}]}, {"source": 86, "prod": 0, "target": 67, "value": 6.9061963785129388e-06, "supply": "[{\"l\":'Energy for power irrigation',\"v\":6.9061963785129388e-06}]"}, {"source": 86, "prod": 0, "target": 0, "value": 0.00093751615838313137, "supply": "[{\"l\":'Energy for power irrigation',\"v\":0.00093751615838313137}]"}, {"source": 86, "prod": 0, "target": 2, "value": 0.0011585144424955452, "supply": "[{\"l\":'Energy for power irrigation',\"v\":0.0011585144424955452}]"}, {"source": 86, "prod": 0, "target": 3, "value": 0.0020787651099323946, "supply": "[{\"l\":'Energy for power irrigation',\"v\":0.0020787651099323946}]"}, {"source": 86, "prod": 0, "target": 4, "value": 0.00041437178271077626, "supply": "[{\"l\":'Energy for power irrigation',\"v\":0.00041437178271077626}]"}, {"source": 86, "prod": 0, "target": 32, "value": 9.6686749299181135e-05, "supply": "[{\"l\":'Energy for power irrigation',\"v\":9.6686749299181135e-05}]"}, {"source": 86, "prod": 0, "target": 5, "value": 0.0032234671596709139, "supply": "[{\"l\":'Energy for power irrigation',\"v\":0.0032234671596709139}]"}, {"source": 86, "prod": 0, "target": 59, "value": 0.0014468481412984607, "supply": "[{\"l\":'Energy for power irrigation',\"v\":0.0014468481412984607}]"}, {"source": 86, "prod": 0, "target": 6, "value": 0.00016574871308431053, "supply": "[{\"l\":'Energy for power irrigation',\"v\":0.00016574871308431053}]"}, {"source": 86, "prod": 0, "target": 17, "value": 9.6686749299181135e-05, "supply": "[{\"l\":'Energy for power irrigation',\"v\":9.6686749299181135e-05}]"}, {"source": 86, "prod": 0, "target": 85, "value": 1.6696298937064241e-05, "supply": "[{\"l\":'Energy for power irrigation',\"v\":1.6696298937064241e-05}]"}, {"source": 86, "prod": 0, "target": 40, "value": 0.00011049914205620702, "supply": "[{\"l\":'Energy for power irrigation',\"v\":0.00011049914205620702}]"}, {"source": 86, "prod": 0, "target": 12, "value": 0.0016954712109249262, "supply": "[{\"l\":'Energy for power irrigation',\"v\":0.0016954712109249262}]"}, {"source": 86, "prod": 0, "target": 37, "value": 0.00058357359398434326, "supply": "[{\"l\":'Energy for power irrigation',\"v\":0.00058357359398434326}]"}, {"source": 86, "prod": 0, "target": 75, "value": 0.0026985962349039307, "supply": "[{\"l\":'Energy for power irrigation',\"v\":0.0026985962349039307}]"}, {"source": 86, "prod": 0, "target": 15, "value": 4.8343374649590568e-05, "supply": "[{\"l\":'Energy for power irrigation',\"v\":4.8343374649590568e-05}]"}, {"source": 86, "prod": 0, "target": 28, "value": 0.00026588856057274815, "supply": "[{\"l\":'Energy for power irrigation',\"v\":0.00026588856057274815}]"}, {"source": 86, "prod": 0, "target": 50, "value": 0.0016039641089096298, "supply": "[{\"l\":'Energy for power irrigation',\"v\":0.0016039641089096298}]"}, {"source": 86, "prod": 0, "target": 72, "value": 0.3340000002672, "supply": "[{\"l\":'Electricity',\"v\":0.3340000002672}]"}, {"source": 87, "prod": 0, "target": 86, "value": 0.035716895734266396, "supply": [{"l": "Coal", "v": 0.00093172436843468769}, {"l": "Natural gas", "v": 0.0069930750590066161}, {"l": "Oil", "v": 0.027792096306825092}]}, {"source": 88, "prod": 0, "target": 86, "value": 0.33748027996918395, "supply": [{"l": "Nuclear", "v": 0.091268349064997742}, {"l": "Hydroelectric", "v": 0.24399303923272034}, {"l": "Renewable", "v": 0.0022188916714658458}]}, {"source": 87, "prod": 0, "target": 67, "value": 0.00081710593104893569, "supply": [{"l": "Motor Gasoline", "v": 0.00011166268112138248}, {"l": "Gas-Diesel oil", "v": 0.00031102040339825644}, {"l": "Natural gas (including LNG)", "v": 5.3480604953611398e-05}, {"l": "Other fossil fuels", "v": 0.00034094224157568529}]}, {"source": 87, "prod": 0, "target": 0, "value": 0.11092213013989302, "supply": [{"l": "Motor Gasoline", "v": 0.015158208962227672}, {"l": "Gas-Diesel oil", "v": 0.04222101976131331}, {"l": "Natural gas (including LNG)", "v": 0.0072599921224527466}, {"l": "Other fossil fuels", "v": 0.046282909293899277}]}, {"source": 87, "prod": 0, "target": 2, "value": 0.13706951993345895, "supply": [{"l": "Motor Gasoline", "v": 0.018731414758111908}, {"l": "Gas-Diesel oil", "v": 0.052173672670057514}, {"l": "Natural gas (including LNG)", "v": 0.0089713714809683109}, {"l": "Other fossil fuels", "v": 0.057193061024321201}]}, {"source": 87, "prod": 0, "target": 3, "value": 0.24594888524572964, "supply": [{"l": "Motor Gasoline", "v": 0.03361046701753613}, {"l": "Gas-Diesel oil", "v": 0.093617141422875194}, {"l": "Natural gas (including LNG)", "v": 0.016097662091037031}, {"l": "Other fossil fuels", "v": 0.10262361471428127}]}, {"source": 87, "prod": 0, "target": 4, "value": 0.049026355862936133, "supply": [{"l": "Motor Gasoline", "v": 0.0066997608672829485}, {"l": "Gas-Diesel oil", "v": 0.018661224203895384}, {"l": "Natural gas (including LNG)", "v": 0.0032088362972166836}, {"l": "Other fossil fuels", "v": 0.020456534494541115}]}, {"source": 87, "prod": 0, "target": 32, "value": 0.011439483034685099, "supply": [{"l": "Motor Gasoline", "v": 0.0015632775356993547}, {"l": "Gas-Diesel oil", "v": 0.0043542856475755898}, {"l": "Natural gas (including LNG)", "v": 0.00074872846935055944}, {"l": "Other fossil fuels", "v": 0.0047731913820595936}]}, {"source": 87, "prod": 0, "target": 5, "value": 0.38138419331709067, "supply": [{"l": "Motor Gasoline", "v": 0.052118556413405272}, {"l": "Gas-Diesel oil", "v": 0.14516877328613617}, {"l": "Natural gas (including LNG)", "v": 0.024962072362098117}, {"l": "Other fossil fuels", "v": 0.1591347912554511}]}, {"source": 87, "prod": 0, "target": 59, "value": 0.17118369255475202, "supply": [{"l": "Motor Gasoline", "v": 0.023393331694929631}, {"l": "Gas-Diesel oil", "v": 0.065158774511934733}, {"l": "Natural gas (including LNG)", "v": 0.011204186737781587}, {"l": "Other fossil fuels", "v": 0.071427399610106065}]}, {"source": 87, "prod": 0, "target": 6, "value": 0.019610542345174457, "supply": [{"l": "Motor Gasoline", "v": 0.0026799043469131795}, {"l": "Gas-Diesel oil", "v": 0.0074644896815581549}, {"l": "Natural gas (including LNG)", "v": 0.0012835345188866734}, {"l": "Other fossil fuels", "v": 0.0081826137978164466}]}, {"source": 87, "prod": 0, "target": 17, "value": 0.011439483034685099, "supply": [{"l": "Motor Gasoline", "v": 0.0015632775356993547}, {"l": "Gas-Diesel oil", "v": 0.0043542856475755898}, {"l": "Natural gas (including LNG)", "v": 0.00074872846935055944}, {"l": "Other fossil fuels", "v": 0.0047731913820595936}]}, {"source": 87, "prod": 0, "target": 85, "value": 0.0019754209322062175, "supply": [{"l": "Motor Gasoline", "v": 0.00026995373457916634}, {"l": "Gas-Diesel oil", "v": 0.0007519174587650154}, {"l": "Natural gas (including LNG)", "v": 0.00012929377021752203}, {"l": "Other fossil fuels", "v": 0.00082425596864451364}]}, {"source": 87, "prod": 0, "target": 40, "value": 0.013073694896782971, "supply": [{"l": "Motor Gasoline", "v": 0.0017866028979421197}, {"l": "Gas-Diesel oil", "v": 0.004976326454372103}, {"l": "Natural gas (including LNG)", "v": 0.00085568967925778237}, {"l": "Other fossil fuels", "v": 0.0054550758652109647}]}, {"source": 87, "prod": 0, "target": 12, "value": 0.2005995060725137, "supply": [{"l": "Motor Gasoline", "v": 0.027413188215299398}, {"l": "Gas-Diesel oil", "v": 0.076355509034271948}, {"l": "Natural gas (including LNG)", "v": 0.013129488516111596}, {"l": "Other fossil fuels", "v": 0.083701320306830737}]}, {"source": 87, "prod": 0, "target": 37, "value": 0.069045451173635072, "supply": [{"l": "Motor Gasoline", "v": 0.0094354965547568202}, {"l": "Gas-Diesel oil", "v": 0.026281224087152669}, {"l": "Natural gas (including LNG)", "v": 0.0045191111185801632}, {"l": "Other fossil fuels", "v": 0.028809619413145408}]}, {"source": 87, "prod": 0, "target": 75, "value": 0.31928414255737159, "supply": [{"l": "Motor Gasoline", "v": 0.043632192648180204}, {"l": "Gas-Diesel oil", "v": 0.12153122262786871}, {"l": "Natural gas (including LNG)", "v": 0.020897546385623654}, {"l": "Other fossil fuels", "v": 0.13322318089569904}]}, {"source": 87, "prod": 0, "target": 15, "value": 0.0057197415173425494, "supply": [{"l": "Motor Gasoline", "v": 0.00078163876784967737}, {"l": "Gas-Diesel oil", "v": 0.0021771428237877949}, {"l": "Natural gas (including LNG)", "v": 0.00037436423467527972}, {"l": "Other fossil fuels", "v": 0.0023865956910297968}]}, {"source": 87, "prod": 0, "target": 28, "value": 0.031458578345384021, "supply": [{"l": "Motor Gasoline", "v": 0.0042990132231732255}, {"l": "Gas-Diesel oil", "v": 0.011974285530832874}, {"l": "Natural gas (including LNG)", "v": 0.0020590032907140386}, {"l": "Other fossil fuels", "v": 0.013126276300663884}]}, {"source": 87, "prod": 0, "target": 50, "value": 0.18977285248611531, "supply": [{"l": "Motor Gasoline", "v": 0.025933657690441078}, {"l": "Gas-Diesel oil", "v": 0.072234488689245049}, {"l": "Natural gas (including LNG)", "v": 0.012420870500476246}, {"l": "Other fossil fuels", "v": 0.079183835605952907}]}, {"source": 89, "prod": 0.07271170439802345, "target": 67, "value": 0.00061920666350818217, "supply": [{"l": "Potash", "v": 0.18408722236949199}, {"l": "Phosphate", "v": 0.2020000001616}, {"l": "Nitrogen", "v": 1.1833958342800497}]}, {"source": 89, "prod": 9.8706138720316829, "target": 0, "value": 0.084057304571235725, "supply": [{"l": "Potash", "v": 0.18408722236949199}, {"l": "Phosphate", "v": 0.2020000001616}, {"l": "Nitrogen", "v": 1.1833958342800497}]}, {"source": 89, "prod": 12.197388412768433, "target": 2, "value": 0.10387191780349754, "supply": [{"l": "Potash", "v": 0.18408722236949199}, {"l": "Phosphate", "v": 0.2020000001616}, {"l": "Nitrogen", "v": 1.1833958342800497}]}, {"source": 89, "prod": 21.886223023805059, "target": 3, "value": 0.18638120571596281, "supply": [{"l": "Potash", "v": 0.18408722236949199}, {"l": "Phosphate", "v": 0.2020000001616}, {"l": "Nitrogen", "v": 1.1833958342800497}]}, {"source": 89, "prod": 4.362702263881407, "target": 4, "value": 0.03715239981049092, "supply": [{"l": "Potash", "v": 0.18408722236949199}, {"l": "Phosphate", "v": 0.2020000001616}, {"l": "Nitrogen", "v": 1.1833958342800497}]}, {"source": 89, "prod": 1.0179638615723283, "target": 32, "value": 0.0086688932891145487, "supply": [{"l": "Potash", "v": 0.18408722236949199}, {"l": "Phosphate", "v": 0.2020000001616}, {"l": "Nitrogen", "v": 1.1833958342800497}]}, {"source": 89, "prod": 33.938188027777443, "target": 5, "value": 0.28901471019244396, "supply": [{"l": "Potash", "v": 0.18408722236949199}, {"l": "Phosphate", "v": 0.2020000001616}, {"l": "Nitrogen", "v": 1.1833958342800497}]}, {"source": 89, "prod": 15.233102071385913, "target": 59, "value": 0.12972379600496414, "supply": [{"l": "Potash", "v": 0.18408722236949199}, {"l": "Phosphate", "v": 0.2020000001616}, {"l": "Nitrogen", "v": 1.1833958342800497}]}, {"source": 89, "prod": 1.7450809055525629, "target": 6, "value": 0.01486095992419637, "supply": [{"l": "Potash", "v": 0.18408722236949199}, {"l": "Phosphate", "v": 0.2020000001616}, {"l": "Nitrogen", "v": 1.1833958342800497}]}, {"source": 89, "prod": 1.0179638615723283, "target": 17, "value": 0.0086688932891145487, "supply": [{"l": "Potash", "v": 0.18408722236949199}, {"l": "Phosphate", "v": 0.2020000001616}, {"l": "Nitrogen", "v": 1.1833958342800497}]}, {"source": 89, "prod": 0.17578653810511161, "target": 85, "value": 0.001496983142547253, "supply": [{"l": "Potash", "v": 0.18408722236949199}, {"l": "Phosphate", "v": 0.2020000001616}, {"l": "Nitrogen", "v": 1.1833958342800497}]}, {"source": 89, "prod": 1.1633872703683752, "target": 40, "value": 0.0099073066161309148, "supply": [{"l": "Potash", "v": 0.18408722236949199}, {"l": "Phosphate", "v": 0.2020000001616}, {"l": "Nitrogen", "v": 1.1833958342800497}]}, {"source": 89, "prod": 17.850723429714755, "target": 12, "value": 0.1520152358912587, "supply": [{"l": "Potash", "v": 0.18408722236949199}, {"l": "Phosphate", "v": 0.2020000001616}, {"l": "Nitrogen", "v": 1.1833958342800497}]}, {"source": 89, "prod": 6.1441390216329816, "target": 37, "value": 0.052322963066441387, "supply": [{"l": "Potash", "v": 0.18408722236949199}, {"l": "Phosphate", "v": 0.2020000001616}, {"l": "Nitrogen", "v": 1.1833958342800497}]}, {"source": 89, "prod": 28.412098493527662, "target": 75, "value": 0.24195500376582216, "supply": [{"l": "Potash", "v": 0.18408722236949199}, {"l": "Phosphate", "v": 0.2020000001616}, {"l": "Nitrogen", "v": 1.1833958342800497}]}, {"source": 89, "prod": 0.50898193078616416, "target": 15, "value": 0.0043344466445572744, "supply": [{"l": "Potash", "v": 0.18408722236949199}, {"l": "Phosphate", "v": 0.2020000001616}, {"l": "Nitrogen", "v": 1.1833958342800497}]}, {"source": 89, "prod": 2.7994006193239027, "target": 28, "value": 0.023839456545065012, "supply": [{"l": "Potash", "v": 0.18408722236949199}, {"l": "Phosphate", "v": 0.2020000001616}, {"l": "Nitrogen", "v": 1.1833958342800497}]}, {"source": 89, "prod": 16.887293346440945, "target": 50, "value": 0.14381074759977527, "supply": [{"l": "Potash", "v": 0.18408722236949199}, {"l": "Phosphate", "v": 0.2020000001616}, {"l": "Nitrogen", "v": 1.1833958342800497}]}, {"source": 87, "prod": 0, "target": 89, "value": 2.0317491370524015, "supply": [{"l": "Natural gas (including LNG)", "v": 1.3239190403896401}, {"l": "Fuel oil", "v": 0.49863981100812116}, {"l": "Liquefied petroleum gas (LPG)", "v": 0.10459514282732016}, {"l": "Coal", "v": 0.10459514282732016}]}, {"source": 90, "prod": 0, "target": 0, "value": 0.0092921732340897883, "supply": "[{\"l\":'Labor',\"v\":0.0092921732340897883}]"}, {"source": 90, "prod": 0, "target": 6, "value": 0.0016428151574081394, "supply": "[{\"l\":'Labor',\"v\":0.0016428151574081394}]"}, {"source": 90, "prod": 0, "target": 17, "value": 0.00095830884182141461, "supply": "[{\"l\":'Labor',\"v\":0.00095830884182141461}]"}, {"source": 90, "prod": 0, "target": 12, "value": 0.01680463004765409, "supply": "[{\"l\":'Labor',\"v\":0.01680463004765409}]"}, {"source": 90, "prod": 0, "target": 25, "value": 0.00037647847357269855, "supply": "[{\"l\":'Labor',\"v\":0.00037647847357269855}]"}, {"source": 90, "prod": 0, "target": 14, "value": 0.0003935911314623667, "supply": "[{\"l\":'Labor',\"v\":0.0003935911314623667}]"}, {"source": 90, "prod": 0, "target": 28, "value": 0.0026353493150088904, "supply": "[{\"l\":'Labor',\"v\":0.0026353493150088904}]"}, {"source": 90, "prod": 0, "target": 71, "value": 0.00041070378935203485, "supply": "[{\"l\":'Labor',\"v\":0.00041070378935203485}]"}, {"source": 90, "prod": 0, "target": 15, "value": 0.0004791544209107073, "supply": "[{\"l\":'Labor',\"v\":0.0004791544209107073}]"}, {"source": 90, "prod": 0, "target": 30, "value": 0.001026759473380087, "supply": "[{\"l\":'Labor',\"v\":0.001026759473380087}]"}, {"source": 90, "prod": 0, "target": 3, "value": 0.020603640099160415, "supply": "[{\"l\":'Labor',\"v\":0.020603640099160415}]"}, {"source": 90, "prod": 0, "target": 73, "value": 3.4225315779336238e-05, "supply": "[{\"l\":'Labor',\"v\":3.4225315779336238e-05}]"}, {"source": 90, "prod": 0, "target": 32, "value": 0.00095830884182141461, "supply": "[{\"l\":'Labor',\"v\":0.00095830884182141461}]"}, {"source": 90, "prod": 0, "target": 2, "value": 0.011482593443967307, "supply": "[{\"l\":'Labor',\"v\":0.011482593443967307}]"}, {"source": 90, "prod": 0, "target": 8, "value": 3.4225315779336238e-05, "supply": "[{\"l\":'Labor',\"v\":3.4225315779336238e-05}]"}, {"source": 90, "prod": 0, "target": 37, "value": 0.0057840783667078245, "supply": "[{\"l\":'Labor',\"v\":0.0057840783667078245}]"}, {"source": 90, "prod": 0, "target": 38, "value": 0.00053049239457971171, "supply": "[{\"l\":'Labor',\"v\":0.00053049239457971171}]"}, {"source": 90, "prod": 0, "target": 76, "value": 0.00011978860522767683, "supply": "[{\"l\":'Labor',\"v\":0.00011978860522767683}]"}, {"source": 90, "prod": 0, "target": 18, "value": 1.7112657889668119e-05, "supply": "[{\"l\":'Labor',\"v\":1.7112657889668119e-05}]"}, {"source": 90, "prod": 0, "target": 4, "value": 0.004107037893520348, "supply": "[{\"l\":'Labor',\"v\":0.004107037893520348}]"}, {"source": 90, "prod": 0, "target": 74, "value": 0.0011294354207180958, "supply": "[{\"l\":'Labor',\"v\":0.0011294354207180958}]"}, {"source": 90, "prod": 0, "target": 5, "value": 0.031949332280010373, "supply": "[{\"l\":'Labor',\"v\":0.031949332280010373}]"}, {"source": 90, "prod": 0, "target": 46, "value": 1.7112657889668119e-05, "supply": "[{\"l\":'Labor',\"v\":1.7112657889668119e-05}]"}, {"source": 90, "prod": 0, "target": 85, "value": 0.00016548504332865869, "supply": "[{\"l\":'Labor',\"v\":0.00016548504332865869}]"}, {"source": 90, "prod": 0, "target": 48, "value": 0.00020535189467601743, "supply": "[{\"l\":'Labor',\"v\":0.00020535189467601743}]"}, {"source": 90, "prod": 0, "target": 49, "value": 3.4225315779336238e-05, "supply": "[{\"l\":'Labor',\"v\":3.4225315779336238e-05}]"}, {"source": 90, "prod": 0, "target": 50, "value": 0.015897659179501682, "supply": "[{\"l\":'Labor',\"v\":0.015897659179501682}]"}, {"source": 90, "prod": 0, "target": 75, "value": 0.026747084281551269, "supply": "[{\"l\":'Labor',\"v\":0.026747084281551269}]"}, {"source": 90, "prod": 0, "target": 52, "value": 0.0003080278420140261, "supply": "[{\"l\":'Labor',\"v\":0.0003080278420140261}]"}, {"source": 90, "prod": 0, "target": 55, "value": 0.0010609847891594234, "supply": "[{\"l\":'Labor',\"v\":0.0010609847891594234}]"}, {"source": 90, "prod": 0, "target": 81, "value": 6.8450631558672476e-05, "supply": "[{\"l\":'Labor',\"v\":6.8450631558672476e-05}]"}, {"source": 90, "prod": 0, "target": 57, "value": 3.4225315779336238e-05, "supply": "[{\"l\":'Labor',\"v\":3.4225315779336238e-05}]"}, {"source": 90, "prod": 0, "target": 58, "value": 3.4225315779336238e-05, "supply": "[{\"l\":'Labor',\"v\":3.4225315779336238e-05}]"}, {"source": 90, "prod": 0, "target": 59, "value": 0.014340407311541884, "supply": "[{\"l\":'Labor',\"v\":0.014340407311541884}]"}, {"source": 90, "prod": 0, "target": 9, "value": 0.0006160556840280522, "supply": "[{\"l\":'Labor',\"v\":0.0006160556840280522}]"}, {"source": 90, "prod": 0, "target": 63, "value": 0.0002738025262346899, "supply": "[{\"l\":'Labor',\"v\":0.0002738025262346899}]"}, {"source": 90, "prod": 0, "target": 40, "value": 0.0010952101049387596, "supply": "[{\"l\":'Labor',\"v\":0.0010952101049387596}]"}, {"source": 90, "prod": 0, "target": 65, "value": 0.0016941531310771438, "supply": "[{\"l\":'Labor',\"v\":0.0016941531310771438}]"}, {"source": 90, "prod": 0, "target": 69, "value": 6.8450631558672476e-05, "supply": "[{\"l\":'Labor',\"v\":6.8450631558672476e-05}]"}, {"source": 90, "prod": 0, "target": 67, "value": 6.8450631558672476e-05, "supply": "[{\"l\":'Labor',\"v\":6.8450631558672476e-05}]"}, {"source": 87, "prod": 0, "target": 80, "value": 5.8199993798775482, "supply": "[{\"l\":'Fossil Fuels',\"v\":5.8199993798775482}]"}, {"source": 88, "prod": 0, "target": 80, "value": 2.6912655518569881, "supply": "[{\"l\":'Renewables & Nuclear',\"v\":2.4950602999237597},{\"l\":'Biomass & Waste',\"v\":0.19620525193322827}]"}]}