{"nodes": [{"layer": 13, "name": "Milk - Excluding Butter"}, {"layer": 10, "name": "Feed", "fill": "#dbdb8d"}, {"layer": 5, "name": "Maize"}, {"layer": 13, "name": "Pelagic Fish"}, {"layer": 13, "name": "Fish, Seafood"}, {"layer": 5, "name": "Cassava"}, {"layer": 5, "name": "Vegetables, Other"}, {"layer": 16, "name": "Food", "fill": "#b5cf6b"}, {"layer": 5, "name": "Fruits, Other"}, {"layer": 5, "name": "Yams"}, {"layer": 13, "name": "Sugar", "fill": "#d6616b"}, {"layer": 13, "name": "Beer"}, {"layer": 13, "name": "Beverages, Alcoholic"}, {"layer": 5, "name": "Rice"}, {"layer": 13, "name": "Butter, Ghee"}, {"layer": 5, "name": "Wheat"}, {"layer": 13, "name": "Soyabean Oil"}, {"layer": 5, "name": "Coconuts - Incl Copra"}, {"layer": 13, "name": "Eggs"}, {"layer": 5, "name": "Roots, Other"}, {"layer": 13, "name": "Pigmeat"}, {"layer": 5, "name": "Potatoes"}, {"layer": 13, "name": "Coconut Oil"}, {"layer": 5, "name": "Pineapples"}, {"layer": 5, "name": "Pulses, Other"}, {"layer": 13, "name": "Mutton & Goat Meat"}, {"layer": 5, "name": "Bananas"}, {"layer": 5, "name": "Tea"}, {"layer": 13, "name": "Poultry Meat"}, {"layer": 13, "name": "Offals, Edible"}, {"layer": 5, "name": "Sweet potatoes"}, {"layer": 13, "name": "Demersal Fish"}, {"layer": 5, "name": "Oranges, Mandarines"}, {"layer": 13, "name": "Bovine Meat"}, {"layer": 5, "name": "Onions"}, {"layer": 5, "name": "Sugar cane"}, {"layer": 10, "name": "Processing", "fill": "#9edae5"}, {"layer": 5, "name": "Barley"}, {"layer": 16, "name": "Biofuels & Other", "fill": "#e7ba52"}, {"layer": 13, "name": "Fats, Animals, Raw"}, {"layer": 13, "name": "Oilcrops Oil, Other"}, {"name": "Waste", "fill": "#c7c7c7"}, {"layer": 2, "name": "Import", "fill": "#aec7e8"}, {"layer": 16, "name": "Export", "fill": "#aec7e8"}, {"layer": 0, "name": "Stock Draw", "fill": "#c7c7c7"}, {"layer": 16, "name": "Stock Deposit", "fill": "#c7c7c7"}, {"layer": 2, "name": "Electricity", "fill": "#bcbd22"}, {"layer": 0, "name": "Fossil Fuels", "fill": "#c49c94"}, {"layer": 0, "name": "Renewables & Nuclear", "fill": "#2ca02c"}, {"layer": 2, "name": "Fertilizers", "fill": "#c5b0d5"}, {"layer": 0, "name": "Labor", "fill": "#7f7f7f"}], "links": [{"source": 0, "prod": 20.0, "target": 1, "value": 0.014697032464895798, "supply": [{"l": "Milk - Excluding Butter", "v": 0.014697032464895798}]}, {"source": 2, "prod": 1.0, "target": 1, "value": 0.0035287792799469139, "supply": [{"l": "Maize", "v": 0.0035287792799469139}]}, {"source": 3, "prod": 1.0, "target": 1, "value": 0.0010580479587020395, "supply": [{"l": "Pelagic Fish", "v": 0.0010580479587020395}]}, {"source": 4, "prod": 1.0, "target": 1, "value": 0.00093405114664099609, "supply": [{"l": "Fish, Seafood", "v": 0.00093405114664099609}]}, {"source": 5, "prod": 8.0, "target": 1, "value": 0.0083186475013155674, "supply": [{"l": "Cassava", "v": 0.0083186475013155674}]}, {"source": 6, "prod": 4.0, "target": 7, "value": 0.0013565965353555262, "supply": [{"l": "Vegetables, Other", "v": 0.0013565965353555262}]}, {"source": 8, "prod": 3.0, "target": 7, "value": 0.0012684312724750998, "supply": [{"l": "Fruits, Other", "v": 0.0012684312724750998}]}, {"source": 9, "prod": 1.0, "target": 7, "value": 0.0010228955803734941, "supply": [{"l": "Yams", "v": 0.0010228955803734941}]}, {"source": 10, "prod": 16.0, "target": 7, "value": 0.065291372971606601, "supply": [{"l": "Sugar", "v": 0.065291372971606601}]}, {"source": 11, "prod": 8.0, "target": 7, "value": 0.0040482278068291397, "supply": [{"l": "Beer", "v": 0.0040482278068291397}]}, {"source": 12, "prod": 1.0, "target": 7, "value": 0.0034111741006205361, "supply": [{"l": "Beverages, Alcoholic", "v": 0.0034111741006205361}]}, {"source": 13, "prod": 20.0, "target": 7, "value": 0.090917240576552899, "supply": [{"l": "Rice", "v": 0.090917240576552899}]}, {"source": 14, "prod": 2.0, "target": 7, "value": 0.01835682879372973, "supply": [{"l": "Butter, Ghee", "v": 0.01835682879372973}]}, {"source": 15, "prod": 22.0, "target": 7, "value": 0.066868222871180563, "supply": [{"l": "Wheat", "v": 0.066868222871180563}]}, {"source": 16, "prod": 1.0, "target": 7, "value": 0.010176409797893837, "supply": [{"l": "Soyabean Oil", "v": 0.010176409797893837}]}, {"source": 17, "prod": 36.0, "target": 7, "value": 0.045788107191024559, "supply": [{"l": "Coconuts - Incl Copra", "v": 0.045788107191024559}]}, {"source": 18, "prod": 1.0, "target": 7, "value": 0.0016222993599554142, "supply": [{"l": "Eggs", "v": 0.0016222993599554142}]}, {"source": 19, "prod": 34.0, "target": 7, "value": 0.030835158392641539, "supply": [{"l": "Roots, Other", "v": 0.030835158392641539}]}, {"source": 20, "prod": 1.0, "target": 7, "value": 0.0039160670281826572, "supply": [{"l": "Pigmeat", "v": 0.0039160670281826572}]}, {"source": 21, "prod": 6.0, "target": 7, "value": 0.0049145327087239937, "supply": [{"l": "Potatoes", "v": 0.0049145327087239937}]}, {"source": 22, "prod": 1.0, "target": 7, "value": 0.010395959163795918, "supply": [{"l": "Coconut Oil", "v": 0.010395959163795918}]}, {"source": 0, "prod": 31.0, "target": 7, "value": 0.022780400320588489, "supply": [{"l": "Milk - Excluding Butter", "v": 0.022780400320588489}]}, {"source": 23, "prod": 1.0, "target": 7, "value": 0.0002907545656541096, "supply": [{"l": "Pineapples", "v": 0.0002907545656541096}]}, {"source": 24, "prod": 3.0, "target": 7, "value": 0.011726565355110498, "supply": [{"l": "Pulses, Other", "v": 0.011726565355110498}]}, {"source": 4, "prod": 9.0, "target": 7, "value": 0.0084064603197689641, "supply": [{"l": "Fish, Seafood", "v": 0.0084064603197689641}]}, {"source": 25, "prod": 2.0, "target": 7, "value": 0.0051979795818979588, "supply": [{"l": "Mutton & Goat Meat", "v": 0.0051979795818979588}]}, {"source": 3, "prod": 7.0, "target": 7, "value": 0.0074063357109142754, "supply": [{"l": "Pelagic Fish", "v": 0.0074063357109142754}]}, {"source": 26, "prod": 2.0, "target": 7, "value": 0.0014602022904103193, "supply": [{"l": "Bananas", "v": 0.0014602022904103193}]}, {"source": 27, "prod": 1.0, "target": 7, "value": 0.00038243393320270267, "supply": [{"l": "Tea", "v": 0.00038243393320270267}]}, {"source": 28, "prod": 1.0, "target": 7, "value": 0.0014537728282705482, "supply": [{"l": "Poultry Meat", "v": 0.0014537728282705482}]}, {"source": 29, "prod": 1.0, "target": 7, "value": 0.0012786194754668676, "supply": [{"l": "Offals, Edible", "v": 0.0012786194754668676}]}, {"source": 30, "prod": 2.0, "target": 7, "value": 0.0021909763398967742, "supply": [{"l": "Sweet potatoes", "v": 0.0021909763398967742}]}, {"source": 31, "prod": 2.0, "target": 7, "value": 0.0009208279085791758, "supply": [{"l": "Demersal Fish", "v": 0.0009208279085791758}]}, {"source": 32, "prod": 1.0, "target": 7, "value": 0.00043763058335567019, "supply": [{"l": "Oranges, Mandarines", "v": 0.00043763058335567019}]}, {"source": 33, "prod": 5.0, "target": 7, "value": 0.012498241195111054, "supply": [{"l": "Bovine Meat", "v": 0.012498241195111054}]}, {"source": 34, "prod": 3.0, "target": 7, "value": 0.0013718186688312386, "supply": [{"l": "Onions", "v": 0.0013718186688312386}]}, {"source": 5, "prod": 65.0, "target": 7, "value": 0.067589010948188977, "supply": [{"l": "Cassava", "v": 0.067589010948188977}]}, {"source": 35, "prod": 2886.0, "target": 36, "value": 0.80335200502133119, "supply": [{"l": "Sugar cane", "v": 0.80335200502133119}]}, {"source": 37, "prod": 1.0, "target": 36, "value": 0.0029789590586315794, "supply": [{"l": "Barley", "v": 0.0029789590586315794}]}, {"source": 17, "prod": 180.0, "target": 36, "value": 0.22894053595512281, "supply": [{"l": "Coconuts - Incl Copra", "v": 0.22894053595512281}]}, {"source": 0, "prod": 1.0, "target": 38, "value": 0.00073485162324478989, "supply": [{"l": "Milk - Excluding Butter", "v": 0.00073485162324478989}]}, {"source": 39, "prod": 4.0, "target": 38, "value": 0.03748845880277922, "supply": [{"l": "Fats, Animals, Raw", "v": 0.03748845880277922}]}, {"source": 40, "prod": 1.0, "target": 38, "value": 0.010612541646375, "supply": [{"l": "Oilcrops Oil, Other", "v": 0.010612541646375}]}, {"source": 10, "prod": 1.0, "target": 38, "value": 0.0040807108107254126, "supply": [{"l": "Sugar", "v": 0.0040807108107254126}]}, {"source": 17, "prod": 24.0, "target": 38, "value": 0.030525404794016376, "supply": [{"l": "Coconuts - Incl Copra", "v": 0.030525404794016376}]}, {"source": 13, "prod": 1.0, "target": 13, "value": 0.0045458620288276446, "supply": [{"l": "Rice", "v": 0.0045458620288276446}]}, {"source": 15, "prod": 1.0, "target": 41, "value": 0.0030394646759627532, "supply": [{"l": "Wheat", "v": 0.0030394646759627532}]}, {"source": 26, "prod": 1.0, "target": 41, "value": 0.00073010114520515967, "supply": [{"l": "Bananas", "v": 0.00073010114520515967}]}, {"source": 19, "prod": 1.0, "target": 41, "value": 0.00090691642331298646, "supply": [{"l": "Roots, Other", "v": 0.00090691642331298646}]}, {"source": 0, "prod": 1.0, "target": 41, "value": 0.00073485162324478989, "supply": [{"l": "Milk - Excluding Butter", "v": 0.00073485162324478989}]}, {"source": 13, "prod": 1.0, "target": 41, "value": 0.0045458620288276446, "supply": [{"l": "Rice", "v": 0.0045458620288276446}]}, {"source": 5, "prod": 2.0, "target": 41, "value": 0.0020796618753288918, "supply": [{"l": "Cassava", "v": 0.0020796618753288918}]}, {"source": 42, "prod": 6.0, "target": 21, "value": 0.0049145327087239937, "supply": [{"l": "Potatoes", "v": 0.0049145327087239937}]}, {"source": 42, "prod": 3.0, "target": 34, "value": 0.0013718186688312386, "supply": [{"l": "Onions", "v": 0.0013718186688312386}]}, {"source": 42, "prod": 6.0, "target": 13, "value": 0.027275172172965871, "supply": [{"l": "Rice", "v": 0.027275172172965871}]}, {"source": 42, "prod": 24.0, "target": 15, "value": 0.072947152223106076, "supply": [{"l": "Wheat", "v": 0.072947152223106076}]}, {"source": 42, "prod": 44.0, "target": 1, "value": 0.043897685640980968, "supply": [{"l": "Pelagic Fish", "v": 0.015870719380530592}, {"l": "Milk - Excluding Butter", "v": 0.0088182194789374786}, {"l": "Fish, Seafood", "v": 0.014010767199614941}, {"l": "Mutton & Goat Meat", "v": 0.0051979795818979588}]}, {"source": 42, "prod": 1.0, "target": 37, "value": 0.0029789590586315794, "supply": [{"l": "Barley", "v": 0.0029789590586315794}]}, {"source": 42, "prod": 11.0, "target": 36, "value": 0.08606627967748752, "supply": [{"l": "Fats, Animals, Raw", "v": 0.03748845880277922}, {"l": "Soyabean Oil", "v": 0.010176409797893837}, {"l": "Sugar", "v": 0.0040807108107254126}, {"l": "Beer", "v": 0.00050602847585364246}, {"l": "Beverages, Alcoholic", "v": 0.0034111741006205361}, {"l": "Oilcrops Oil, Other", "v": 0.02122508329275}, {"l": "Butter, Ghee", "v": 0.0091784143968648649}]}, {"source": 42, "prod": 1.0, "target": 27, "value": 0.00038243393320270267, "supply": [{"l": "Tea", "v": 0.00038243393320270267}]}, {"source": 42, "prod": 1.0, "target": 8, "value": 0.00042281042415836655, "supply": [{"l": "Fruits, Other", "v": 0.00042281042415836655}]}, {"source": 42, "prod": 1.0, "target": 6, "value": 0.00033914913383888156, "supply": [{"l": "Vegetables, Other", "v": 0.00033914913383888156}]}, {"source": 42, "prod": 2.0, "target": 24, "value": 0.0078177102367403325, "supply": [{"l": "Pulses, Other", "v": 0.0078177102367403325}]}, {"source": 3, "prod": 8.0, "target": 43, "value": 0.0084643836696163162, "supply": [{"l": "Pelagic Fish", "v": 0.0084643836696163162}]}, {"source": 15, "prod": 1.0, "target": 43, "value": 0.0030394646759627532, "supply": [{"l": "Wheat", "v": 0.0030394646759627532}]}, {"source": 26, "prod": 3.0, "target": 43, "value": 0.0021903034356154792, "supply": [{"l": "Bananas", "v": 0.0021903034356154792}]}, {"source": 17, "prod": 9.0, "target": 43, "value": 0.01144702679775614, "supply": [{"l": "Coconuts - Incl Copra", "v": 0.01144702679775614}]}, {"source": 22, "prod": 19.0, "target": 43, "value": 0.19752322411212245, "supply": [{"l": "Coconut Oil", "v": 0.19752322411212245}]}, {"source": 8, "prod": 1.0, "target": 43, "value": 0.00042281042415836655, "supply": [{"l": "Fruits, Other", "v": 0.00042281042415836655}]}, {"source": 10, "prod": 334.0, "target": 43, "value": 1.3629574107822875, "supply": [{"l": "Sugar", "v": 1.3629574107822875}]}, {"source": 4, "prod": 8.0, "target": 43, "value": 0.0074724091731279687, "supply": [{"l": "Fish, Seafood", "v": 0.0074724091731279687}]}, {"source": 44, "prod": 2.0, "target": 36, "value": 0.020791918327591835, "supply": [{"l": "Coconut Oil", "v": 0.020791918327591835}]}, {"source": 10, "prod": 10.0, "target": 45, "value": 0.040807108107254117, "supply": [{"l": "Sugar", "v": 0.040807108107254117}]}, {"source": 44, "prod": 2.0, "target": 13, "value": 0.0090917240576552892, "supply": [{"l": "Rice", "v": 0.0090917240576552892}]}, {"source": 1, "prod": 1.0, "target": 28, "value": 0.0014537728282705482, "supply": [{"l": "Poultry Meat", "v": 0.0014537728282705482}]}, {"source": 1, "prod": 1.0, "target": 20, "value": 0.0039160670281826572, "supply": [{"l": "Pigmeat", "v": 0.0039160670281826572}]}, {"source": 1, "prod": 16.0, "target": 3, "value": 0.016928767339232632, "supply": [{"l": "Pelagic Fish", "v": 0.016928767339232632}]}, {"source": 1, "prod": 5.0, "target": 33, "value": 0.012498241195111054, "supply": [{"l": "Bovine Meat", "v": 0.012498241195111054}]}, {"source": 1, "prod": 1.0, "target": 18, "value": 0.0016222993599554142, "supply": [{"l": "Eggs", "v": 0.0016222993599554142}]}, {"source": 1, "prod": 53.0, "target": 0, "value": 0.038947136031973868, "supply": [{"l": "Milk - Excluding Butter", "v": 0.038947136031973868}]}, {"source": 1, "prod": 1.0, "target": 29, "value": 0.0012786194754668676, "supply": [{"l": "Offals, Edible", "v": 0.0012786194754668676}]}, {"source": 1, "prod": 2.0, "target": 31, "value": 0.0009208279085791758, "supply": [{"l": "Demersal Fish", "v": 0.0009208279085791758}]}, {"source": 1, "prod": 18.0, "target": 4, "value": 0.016812920639537928, "supply": [{"l": "Fish, Seafood", "v": 0.016812920639537928}]}, {"source": 1, "prod": 2.0, "target": 25, "value": 0.0051979795818979588, "supply": [{"l": "Mutton & Goat Meat", "v": 0.0051979795818979588}]}, {"source": 36, "prod": 4.0, "target": 39, "value": 0.03748845880277922, "supply": [{"l": "Fats, Animals, Raw", "v": 0.03748845880277922}]}, {"source": 36, "prod": 1.0, "target": 16, "value": 0.010176409797893837, "supply": [{"l": "Soyabean Oil", "v": 0.010176409797893837}]}, {"source": 36, "prod": 20.0, "target": 22, "value": 0.20791918327591835, "supply": [{"l": "Coconut Oil", "v": 0.20791918327591835}]}, {"source": 36, "prod": 361.0, "target": 10, "value": 1.4731366026718735, "supply": [{"l": "Sugar", "v": 1.4731366026718735}]}, {"source": 36, "prod": 8.0, "target": 11, "value": 0.0040482278068291397, "supply": [{"l": "Beer", "v": 0.0040482278068291397}]}, {"source": 36, "prod": 1.0, "target": 12, "value": 0.0034111741006205361, "supply": [{"l": "Beverages, Alcoholic", "v": 0.0034111741006205361}]}, {"source": 36, "prod": 1.0, "target": 40, "value": 0.010612541646375, "supply": [{"l": "Oilcrops Oil, Other", "v": 0.010612541646375}]}, {"source": 36, "prod": 2.0, "target": 14, "value": 0.01835682879372973, "supply": [{"l": "Butter, Ghee", "v": 0.01835682879372973}]}, {"source": 46, "prod": 0, "target": 2, "value": 1.7271616346206026e-07, "supply": "[{\"l\":'Energy for power irrigation',\"v\":1.7271616346206026e-07}]"}, {"source": 46, "prod": 0, "target": 5, "value": 1.295371225965452e-05, "supply": "[{\"l\":'Energy for power irrigation',\"v\":1.295371225965452e-05}]"}, {"source": 46, "prod": 0, "target": 19, "value": 6.1314238029031396e-06, "supply": "[{\"l\":'Energy for power irrigation',\"v\":6.1314238029031396e-06}]"}, {"source": 46, "prod": 0, "target": 26, "value": 1.0362969807723615e-06, "supply": "[{\"l\":'Energy for power irrigation',\"v\":1.0362969807723615e-06}]"}, {"source": 46, "prod": 0, "target": 17, "value": 4.3006324702053e-05, "supply": "[{\"l\":'Energy for power irrigation',\"v\":4.3006324702053e-05}]"}, {"source": 46, "prod": 0, "target": 21, "value": 6.0450657211721095e-07, "supply": "[{\"l\":'Energy for power irrigation',\"v\":6.0450657211721095e-07}]"}, {"source": 46, "prod": 0, "target": 6, "value": 6.9086465384824105e-07, "supply": "[{\"l\":'Energy for power irrigation',\"v\":6.9086465384824105e-07}]"}, {"source": 46, "prod": 0, "target": 8, "value": 5.1814849038618074e-07, "supply": "[{\"l\":'Energy for power irrigation',\"v\":5.1814849038618074e-07}]"}, {"source": 46, "prod": 0, "target": 9, "value": 1.7271616346206026e-07, "supply": "[{\"l\":'Energy for power irrigation',\"v\":1.7271616346206026e-07}]"}, {"source": 46, "prod": 0, "target": 30, "value": 4.3179040865515063e-07, "supply": "[{\"l\":'Energy for power irrigation',\"v\":4.3179040865515063e-07}]"}, {"source": 46, "prod": 0, "target": 23, "value": 1.7271616346206026e-07, "supply": "[{\"l\":'Energy for power irrigation',\"v\":1.7271616346206026e-07}]"}, {"source": 46, "prod": 0, "target": 24, "value": 3.4543232692412053e-07, "supply": "[{\"l\":'Energy for power irrigation',\"v\":3.4543232692412053e-07}]"}, {"source": 46, "prod": 0, "target": 13, "value": 3.1088909423170846e-06, "supply": "[{\"l\":'Energy for power irrigation',\"v\":3.1088909423170846e-06}]"}, {"source": 46, "prod": 0, "target": 35, "value": 0.00049845884775150595, "supply": "[{\"l\":'Energy for power irrigation',\"v\":0.00049845884775150595}]"}, {"source": 46, "prod": 0, "target": 36, "value": 0.00036326731160777026, "supply": "[{\"l\":'Electricity',\"v\":0.00036326731160777026}]"}, {"source": 47, "prod": 0, "target": 46, "value": 0.001870550581068726, "supply": [{"l": "Coal", "v": 0.0006321240574962768}, {"l": "Natural gas", "v": 2.9613180184868642e-05}, {"l": "Oil", "v": 0.0012088133433875805}]}, {"source": 48, "prod": 0, "target": 46, "value": 0.00021554487405398335, "supply": [{"l": "Nuclear", "v": 1.153378573009771e-05}, {"l": "Hydroelectric", "v": 0.00020193185538217899}, {"l": "Renewable", "v": 2.0792329417066651e-06}]}, {"source": 47, "prod": 0, "target": 2, "value": 2.5229295318815784e-05, "supply": [{"l": "Other fossil fuels", "v": 2.5229295318815784e-05}]}, {"source": 47, "prod": 0, "target": 5, "value": 0.0018921971489111839, "supply": [{"l": "Other fossil fuels", "v": 0.0018921971489111839}]}, {"source": 47, "prod": 0, "target": 19, "value": 0.00089563998381796042, "supply": [{"l": "Other fossil fuels", "v": 0.00089563998381796042}]}, {"source": 47, "prod": 0, "target": 26, "value": 0.00015137577191289469, "supply": [{"l": "Other fossil fuels", "v": 0.00015137577191289469}]}, {"source": 47, "prod": 0, "target": 17, "value": 0.0062820945343851301, "supply": [{"l": "Other fossil fuels", "v": 0.0062820945343851301}]}, {"source": 47, "prod": 0, "target": 21, "value": 8.8302533615855247e-05, "supply": [{"l": "Other fossil fuels", "v": 8.8302533615855247e-05}]}, {"source": 47, "prod": 0, "target": 6, "value": 0.00010091718127526313, "supply": [{"l": "Other fossil fuels", "v": 0.00010091718127526313}]}, {"source": 47, "prod": 0, "target": 8, "value": 7.5687885956447347e-05, "supply": [{"l": "Other fossil fuels", "v": 7.5687885956447347e-05}]}, {"source": 47, "prod": 0, "target": 9, "value": 2.5229295318815784e-05, "supply": [{"l": "Other fossil fuels", "v": 2.5229295318815784e-05}]}, {"source": 47, "prod": 0, "target": 30, "value": 6.3073238297039461e-05, "supply": [{"l": "Other fossil fuels", "v": 6.3073238297039461e-05}]}, {"source": 47, "prod": 0, "target": 23, "value": 2.5229295318815784e-05, "supply": [{"l": "Other fossil fuels", "v": 2.5229295318815784e-05}]}, {"source": 47, "prod": 0, "target": 24, "value": 5.0458590637631567e-05, "supply": [{"l": "Other fossil fuels", "v": 5.0458590637631567e-05}]}, {"source": 47, "prod": 0, "target": 13, "value": 0.00045412731573868414, "supply": [{"l": "Other fossil fuels", "v": 0.00045412731573868414}]}, {"source": 47, "prod": 0, "target": 35, "value": 0.072811746290102355, "supply": [{"l": "Other fossil fuels", "v": 0.072811746290102355}]}, {"source": 49, "prod": 0.0018007570022710066, "target": 2, "value": 2.8383728679448499e-05, "supply": [{"l": "Potash", "v": 0.00060251388937089989}, {"l": "Phosphate", "v": 0.0034718750027774997}, {"l": "Nitrogen", "v": 0.089662875071730277}]}, {"source": 49, "prod": 0.13505677517032549, "target": 5, "value": 0.0021287796509586376, "supply": [{"l": "Potash", "v": 0.00060251388937089989}, {"l": "Phosphate", "v": 0.0034718750027774997}, {"l": "Nitrogen", "v": 0.089662875071730277}]}, {"source": 49, "prod": 0.063926873580620741, "target": 19, "value": 0.0010076223681204219, "supply": [{"l": "Potash", "v": 0.00060251388937089989}, {"l": "Phosphate", "v": 0.0034718750027774997}, {"l": "Nitrogen", "v": 0.089662875071730277}]}, {"source": 49, "prod": 0.01080454201362604, "target": 26, "value": 0.00017030237207669101, "supply": [{"l": "Potash", "v": 0.00060251388937089989}, {"l": "Phosphate", "v": 0.0034718750027774997}, {"l": "Nitrogen", "v": 0.089662875071730277}]}, {"source": 49, "prod": 0.44838849356548061, "target": 17, "value": 0.0070675484411826762, "supply": [{"l": "Potash", "v": 0.00060251388937089989}, {"l": "Phosphate", "v": 0.0034718750027774997}, {"l": "Nitrogen", "v": 0.089662875071730277}]}, {"source": 49, "prod": 0.0063026495079485231, "target": 21, "value": 9.9343050378069745e-05, "supply": [{"l": "Potash", "v": 0.00060251388937089989}, {"l": "Phosphate", "v": 0.0034718750027774997}, {"l": "Nitrogen", "v": 0.089662875071730277}]}, {"source": 49, "prod": 0.0072030280090840263, "target": 6, "value": 0.000113534914717794, "supply": [{"l": "Potash", "v": 0.00060251388937089989}, {"l": "Phosphate", "v": 0.0034718750027774997}, {"l": "Nitrogen", "v": 0.089662875071730277}]}, {"source": 49, "prod": 0.0054022710068130199, "target": 8, "value": 8.5151186038345507e-05, "supply": [{"l": "Potash", "v": 0.00060251388937089989}, {"l": "Phosphate", "v": 0.0034718750027774997}, {"l": "Nitrogen", "v": 0.089662875071730277}]}, {"source": 49, "prod": 0.0018007570022710066, "target": 9, "value": 2.8383728679448499e-05, "supply": [{"l": "Potash", "v": 0.00060251388937089989}, {"l": "Phosphate", "v": 0.0034718750027774997}, {"l": "Nitrogen", "v": 0.089662875071730277}]}, {"source": 49, "prod": 0.0045018925056775167, "target": 30, "value": 7.0959321698621256e-05, "supply": [{"l": "Potash", "v": 0.00060251388937089989}, {"l": "Phosphate", "v": 0.0034718750027774997}, {"l": "Nitrogen", "v": 0.089662875071730277}]}, {"source": 49, "prod": 0.0018007570022710066, "target": 23, "value": 2.8383728679448499e-05, "supply": [{"l": "Potash", "v": 0.00060251388937089989}, {"l": "Phosphate", "v": 0.0034718750027774997}, {"l": "Nitrogen", "v": 0.089662875071730277}]}, {"source": 49, "prod": 0.0036015140045420131, "target": 24, "value": 5.6767457358896998e-05, "supply": [{"l": "Potash", "v": 0.00060251388937089989}, {"l": "Phosphate", "v": 0.0034718750027774997}, {"l": "Nitrogen", "v": 0.089662875071730277}]}, {"source": 49, "prod": 0.032413626040878121, "target": 13, "value": 0.00051090711623007299, "supply": [{"l": "Potash", "v": 0.00060251388937089989}, {"l": "Phosphate", "v": 0.0034718750027774997}, {"l": "Nitrogen", "v": 0.089662875071730277}]}, {"source": 49, "prod": 5.1969847085541252, "target": 35, "value": 0.081915440968888378, "supply": [{"l": "Potash", "v": 0.00060251388937089989}, {"l": "Phosphate", "v": 0.0034718750027774997}, {"l": "Nitrogen", "v": 0.089662875071730277}]}, {"source": 47, "prod": 0, "target": 49, "value": 0.11092419733567487, "supply": [{"l": "Natural gas (including LNG)", "v": 0.075461838753697802}, {"l": "Fuel oil", "v": 0.01961254577586501}, {"l": "Liquefied petroleum gas (LPG)", "v": 0.007924906403056025}, {"l": "Coal", "v": 0.007924906403056025}]}, {"source": 50, "prod": 0, "target": 2, "value": 1.5055170784868019e-05, "supply": "[{\"l\":'Labor',\"v\":1.5055170784868019e-05}]"}, {"source": 50, "prod": 0, "target": 19, "value": 0.00053445856286281476, "supply": "[{\"l\":'Labor',\"v\":0.00053445856286281476}]"}, {"source": 50, "prod": 0, "target": 8, "value": 4.5165512354604061e-05, "supply": "[{\"l\":'Labor',\"v\":4.5165512354604061e-05}]"}, {"source": 50, "prod": 0, "target": 9, "value": 1.5055170784868019e-05, "supply": "[{\"l\":'Labor',\"v\":1.5055170784868019e-05}]"}, {"source": 50, "prod": 0, "target": 37, "value": 7.5275853924340096e-06, "supply": "[{\"l\":'Labor',\"v\":7.5275853924340096e-06}]"}, {"source": 50, "prod": 0, "target": 13, "value": 0.00027099307412762437, "supply": "[{\"l\":'Labor',\"v\":0.00027099307412762437}]"}, {"source": 50, "prod": 0, "target": 15, "value": 0.00018066204941841624, "supply": "[{\"l\":'Labor',\"v\":0.00018066204941841624}]"}, {"source": 50, "prod": 0, "target": 17, "value": 0.0037487375254321364, "supply": "[{\"l\":'Labor',\"v\":0.0037487375254321364}]"}, {"source": 50, "prod": 0, "target": 6, "value": 6.0220683139472077e-05, "supply": "[{\"l\":'Labor',\"v\":6.0220683139472077e-05}]"}, {"source": 50, "prod": 0, "target": 35, "value": 0.043449222885129105, "supply": "[{\"l\":'Labor',\"v\":0.043449222885129105}]"}, {"source": 50, "prod": 0, "target": 21, "value": 5.2693097747038069e-05, "supply": "[{\"l\":'Labor',\"v\":5.2693097747038069e-05}]"}, {"source": 50, "prod": 0, "target": 23, "value": 1.5055170784868019e-05, "supply": "[{\"l\":'Labor',\"v\":1.5055170784868019e-05}]"}, {"source": 50, "prod": 0, "target": 24, "value": 3.0110341569736038e-05, "supply": "[{\"l\":'Labor',\"v\":3.0110341569736038e-05}]"}, {"source": 50, "prod": 0, "target": 26, "value": 9.0331024709208122e-05, "supply": "[{\"l\":'Labor',\"v\":9.0331024709208122e-05}]"}, {"source": 50, "prod": 0, "target": 27, "value": 7.5275853924340096e-06, "supply": "[{\"l\":'Labor',\"v\":7.5275853924340096e-06}]"}, {"source": 50, "prod": 0, "target": 30, "value": 3.7637926962170046e-05, "supply": "[{\"l\":'Labor',\"v\":3.7637926962170046e-05}]"}, {"source": 50, "prod": 0, "target": 32, "value": 7.5275853924340096e-06, "supply": "[{\"l\":'Labor',\"v\":7.5275853924340096e-06}]"}, {"source": 50, "prod": 0, "target": 34, "value": 2.2582756177302031e-05, "supply": "[{\"l\":'Labor',\"v\":2.2582756177302031e-05}]"}, {"source": 50, "prod": 0, "target": 5, "value": 0.0011291378088651015, "supply": "[{\"l\":'Labor',\"v\":0.0011291378088651015}]"}, {"source": 47, "prod": 0, "target": 42, "value": 0.11657121397474798, "supply": "[{\"l\":'Fossil Fuels',\"v\":0.11657121397474798}]"}, {"source": 48, "prod": 0, "target": 42, "value": 0.0054583267284742699, "supply": "[{\"l\":'Renewables & Nuclear',\"v\":0.0040842367794572424},{\"l\":'Biomass & Waste',\"v\":0.0013740899490170279}]"}]}