{"nodes": [{"layer": 3, "name": "Vegetables, Other"}, {"layer": 5, "name": "Production", "fill": "#b5cf6b"}, {"layer": 3, "name": "Fruits, Other"}, {"layer": 3, "name": "Yams"}, {"layer": 3, "name": "Rice"}, {"layer": 3, "name": "Coconuts - Incl Copra"}, {"layer": 3, "name": "Roots, Other"}, {"layer": 3, "name": "Sugar cane"}, {"layer": 3, "name": "Pineapples"}, {"layer": 3, "name": "Bananas"}, {"layer": 3, "name": "Sweet potatoes"}, {"layer": 3, "name": "Cassava"}, {"layer": 1, "name": "Electricity", "fill": "#bcbd22"}, {"layer": 0, "name": "Fossil Fuels", "fill": "#c49c94"}, {"layer": 0, "name": "Renewables & Nuclear", "fill": "#2ca02c"}, {"layer": 1, "name": "Fertilizers", "fill": "#c5b0d5"}, {"layer": 0, "name": "Labor", "fill": "#7f7f7f"}], "links": [{"source": 0, "prod": 4.0, "target": 1, "value": 0.0013918087405081967, "supply": [{"l": "Vegetables, Other", "v": 0.0013918087405081967}]}, {"source": 2, "prod": 1.0, "target": 1, "value": 0.00047468237395926517, "supply": [{"l": "Fruits, Other", "v": 0.00047468237395926517}]}, {"source": 3, "prod": 1.0, "target": 1, "value": 0.00098721317640697672, "supply": [{"l": "Yams", "v": 0.00098721317640697672}]}, {"source": 4, "prod": 12.0, "target": 1, "value": 0.054266640613269149, "supply": [{"l": "Rice", "v": 0.054266640613269149}]}, {"source": 5, "prod": 327.0, "target": 1, "value": 0.41173809694375579, "supply": [{"l": "Coconuts - Incl Copra", "v": 0.41173809694375579}]}, {"source": 6, "prod": 45.0, "target": 1, "value": 0.040846995400622081, "supply": [{"l": "Roots, Other", "v": 0.040846995400622081}]}, {"source": 7, "prod": 2356.0, "target": 1, "value": 0.75197437951457147, "supply": [{"l": "Sugar cane", "v": 0.75197437951457147}]}, {"source": 8, "prod": 1.0, "target": 1, "value": 0.00040428730081428573, "supply": [{"l": "Pineapples", "v": 0.00040428730081428573}]}, {"source": 9, "prod": 6.0, "target": 1, "value": 0.0040557483998885351, "supply": [{"l": "Bananas", "v": 0.0040557483998885351}]}, {"source": 10, "prod": 2.0, "target": 1, "value": 0.0022147913001130436, "supply": [{"l": "Sweet potatoes", "v": 0.0022147913001130436}]}, {"source": 11, "prod": 70.0, "target": 1, "value": 0.072829017528939916, "supply": [{"l": "Cassava", "v": 0.072829017528939916}]}, {"source": 12, "prod": 0, "target": 11, "value": 1.3990069757653042e-05, "supply": "[{\"l\":'Energy for power irrigation',\"v\":1.3990069757653042e-05}]"}, {"source": 12, "prod": 0, "target": 6, "value": 8.8936872030794326e-06, "supply": "[{\"l\":'Energy for power irrigation',\"v\":8.8936872030794326e-06}]"}, {"source": 12, "prod": 0, "target": 9, "value": 1.1991488363702608e-06, "supply": "[{\"l\":'Energy for power irrigation',\"v\":1.1991488363702608e-06}]"}, {"source": 12, "prod": 0, "target": 5, "value": 6.5453540651876728e-05, "supply": "[{\"l\":'Energy for power irrigation',\"v\":6.5453540651876728e-05}]"}, {"source": 12, "prod": 0, "target": 0, "value": 7.994325575801738e-07, "supply": "[{\"l\":'Energy for power irrigation',\"v\":7.994325575801738e-07}]"}, {"source": 12, "prod": 0, "target": 2, "value": 3.997162787900869e-07, "supply": "[{\"l\":'Energy for power irrigation',\"v\":3.997162787900869e-07}]"}, {"source": 12, "prod": 0, "target": 3, "value": 1.9985813939504345e-07, "supply": "[{\"l\":'Energy for power irrigation',\"v\":1.9985813939504345e-07}]"}, {"source": 12, "prod": 0, "target": 10, "value": 3.997162787900869e-07, "supply": "[{\"l\":'Energy for power irrigation',\"v\":3.997162787900869e-07}]"}, {"source": 12, "prod": 0, "target": 8, "value": 9.9929069697521726e-08, "supply": "[{\"l\":'Energy for power irrigation',\"v\":9.9929069697521726e-08}]"}, {"source": 12, "prod": 0, "target": 4, "value": 3.0978011606231738e-06, "supply": "[{\"l\":'Energy for power irrigation',\"v\":3.0978011606231738e-06}]"}, {"source": 12, "prod": 0, "target": 7, "value": 0.00047086577641472234, "supply": "[{\"l\":'Energy for power irrigation',\"v\":0.00047086577641472234}]"}, {"source": 13, "prod": 0, "target": 12, "value": 0.0011436808094970425, "supply": [{"l": "Coal", "v": 0.00038617863142258196}, {"l": "Natural gas", "v": 1.9011248867069901e-05}, {"l": "Oil", "v": 0.00073849092920739057}]}, {"source": 14, "prod": 0, "target": 12, "value": 0.00013168115259212448, "supply": [{"l": "Nuclear", "v": 7.0462459631931874e-06}, {"l": "Hydroelectric", "v": 0.00012336465702789983}, {"l": "Renewable", "v": 1.2702496010314535e-06}]}, {"source": 13, "prod": 0, "target": 11, "value": 0.002043581760801415, "supply": [{"l": "Other fossil fuels", "v": 0.002043581760801415}]}, {"source": 13, "prod": 0, "target": 6, "value": 0.001299134119366614, "supply": [{"l": "Other fossil fuels", "v": 0.001299134119366614}]}, {"source": 13, "prod": 0, "target": 9, "value": 0.00017516415092583561, "supply": [{"l": "Other fossil fuels", "v": 0.00017516415092583561}]}, {"source": 13, "prod": 0, "target": 5, "value": 0.0095610432380351922, "supply": [{"l": "Other fossil fuels", "v": 0.0095610432380351922}]}, {"source": 13, "prod": 0, "target": 0, "value": 0.00011677610061722372, "supply": [{"l": "Other fossil fuels", "v": 0.00011677610061722372}]}, {"source": 13, "prod": 0, "target": 2, "value": 5.8388050308611861e-05, "supply": [{"l": "Other fossil fuels", "v": 5.8388050308611861e-05}]}, {"source": 13, "prod": 0, "target": 3, "value": 2.919402515430593e-05, "supply": [{"l": "Other fossil fuels", "v": 2.919402515430593e-05}]}, {"source": 13, "prod": 0, "target": 10, "value": 5.8388050308611861e-05, "supply": [{"l": "Other fossil fuels", "v": 5.8388050308611861e-05}]}, {"source": 13, "prod": 0, "target": 8, "value": 1.4597012577152965e-05, "supply": [{"l": "Other fossil fuels", "v": 1.4597012577152965e-05}]}, {"source": 13, "prod": 0, "target": 4, "value": 0.00045250738989174193, "supply": [{"l": "Other fossil fuels", "v": 0.00045250738989174193}]}, {"source": 13, "prod": 0, "target": 7, "value": 0.068781123263544769, "supply": [{"l": "Other fossil fuels", "v": 0.068781123263544769}]}, {"source": 15, "prod": 0.18733707077785564, "target": 11, "value": 0.0030188910325482589, "supply": [{"l": "Potash", "v": 0.0005512361115521}, {"l": "Phosphate", "v": 0.0040652500032522}, {"l": "Nitrogen", "v": 0.11846801398366329}]}, {"source": 15, "prod": 0.11909285213735107, "target": 6, "value": 0.0019191521564056787, "supply": [{"l": "Potash", "v": 0.0005512361115521}, {"l": "Phosphate", "v": 0.0040652500032522}, {"l": "Nitrogen", "v": 0.11846801398366329}]}, {"source": 15, "prod": 0.016057463209530484, "target": 9, "value": 0.00025876208850413647, "supply": [{"l": "Potash", "v": 0.0005512361115521}, {"l": "Phosphate", "v": 0.0040652500032522}, {"l": "Nitrogen", "v": 0.11846801398366329}]}, {"source": 15, "prod": 0.87646986685353889, "target": 5, "value": 0.014124097330850783, "supply": [{"l": "Potash", "v": 0.0005512361115521}, {"l": "Phosphate", "v": 0.0040652500032522}, {"l": "Nitrogen", "v": 0.11846801398366329}]}, {"source": 15, "prod": 0.010704975473020321, "target": 0, "value": 0.00017250805900275763, "supply": [{"l": "Potash", "v": 0.0005512361115521}, {"l": "Phosphate", "v": 0.0040652500032522}, {"l": "Nitrogen", "v": 0.11846801398366329}]}, {"source": 15, "prod": 0.0053524877365101605, "target": 2, "value": 8.6254029501378816e-05, "supply": [{"l": "Potash", "v": 0.0005512361115521}, {"l": "Phosphate", "v": 0.0040652500032522}, {"l": "Nitrogen", "v": 0.11846801398366329}]}, {"source": 15, "prod": 0.0026762438682550803, "target": 3, "value": 4.3127014750689408e-05, "supply": [{"l": "Potash", "v": 0.0005512361115521}, {"l": "Phosphate", "v": 0.0040652500032522}, {"l": "Nitrogen", "v": 0.11846801398366329}]}, {"source": 15, "prod": 0.0053524877365101605, "target": 10, "value": 8.6254029501378816e-05, "supply": [{"l": "Potash", "v": 0.0005512361115521}, {"l": "Phosphate", "v": 0.0040652500032522}, {"l": "Nitrogen", "v": 0.11846801398366329}]}, {"source": 15, "prod": 0.0013381219341275401, "target": 8, "value": 2.1563507375344704e-05, "supply": [{"l": "Potash", "v": 0.0005512361115521}, {"l": "Phosphate", "v": 0.0040652500032522}, {"l": "Nitrogen", "v": 0.11846801398366329}]}, {"source": 15, "prod": 0.041481779957953747, "target": 4, "value": 0.00066846872863568594, "supply": [{"l": "Potash", "v": 0.0005512361115521}, {"l": "Phosphate", "v": 0.0040652500032522}, {"l": "Nitrogen", "v": 0.11846801398366329}]}, {"source": 15, "prod": 6.3052305536089692, "target": 7, "value": 0.10160724675262425, "supply": [{"l": "Potash", "v": 0.0005512361115521}, {"l": "Phosphate", "v": 0.0040652500032522}, {"l": "Nitrogen", "v": 0.11846801398366329}]}, {"source": 13, "prod": 0, "target": 15, "value": 0.14542631010863769, "supply": [{"l": "Natural gas (including LNG)", "v": 0.098990682316606585}, {"l": "Fuel oil", "v": 0.025493896404868099}, {"l": "Liquefied petroleum gas (LPG)", "v": 0.010470865693581495}, {"l": "Coal", "v": 0.010470865693581495}]}, {"source": 16, "prod": 0, "target": 11, "value": 0.0012264633676783798, "supply": "[{\"l\":'Labor',\"v\":0.0012264633676783798}]"}, {"source": 16, "prod": 0, "target": 6, "value": 0.0007796802837383986, "supply": "[{\"l\":'Labor',\"v\":0.0007796802837383986}]"}, {"source": 16, "prod": 0, "target": 9, "value": 0.00010512543151528972, "supply": "[{\"l\":'Labor',\"v\":0.00010512543151528972}]"}, {"source": 16, "prod": 0, "target": 5, "value": 0.0057380964702095629, "supply": "[{\"l\":'Labor',\"v\":0.0057380964702095629}]"}, {"source": 16, "prod": 0, "target": 0, "value": 7.0083621010193139e-05, "supply": "[{\"l\":'Labor',\"v\":7.0083621010193139e-05}]"}, {"source": 16, "prod": 0, "target": 2, "value": 3.5041810505096569e-05, "supply": "[{\"l\":'Labor',\"v\":3.5041810505096569e-05}]"}, {"source": 16, "prod": 0, "target": 3, "value": 1.7520905252548285e-05, "supply": "[{\"l\":'Labor',\"v\":1.7520905252548285e-05}]"}, {"source": 16, "prod": 0, "target": 10, "value": 3.5041810505096569e-05, "supply": "[{\"l\":'Labor',\"v\":3.5041810505096569e-05}]"}, {"source": 16, "prod": 0, "target": 8, "value": 8.7604526262741423e-06, "supply": "[{\"l\":'Labor',\"v\":8.7604526262741423e-06}]"}, {"source": 16, "prod": 0, "target": 4, "value": 0.0002715740314144984, "supply": "[{\"l\":'Labor',\"v\":0.0002715740314144984}]"}, {"source": 16, "prod": 0, "target": 7, "value": 0.041279252775003758, "supply": "[{\"l\":'Labor',\"v\":0.041279252775003758}]"}]}