{"nodes": [{"layer": 13, "name": "Aquatic Products", "fill": "#1f77b4"}, {"layer": 10, "name": "Feed", "fill": "#dbdb8d"}, {"layer": 5, "name": "Starchy Roots"}, {"layer": 13, "name": "Animal Products", "fill": "#17becf"}, {"layer": 5, "name": "Cereals", "fill": "#e7ba52"}, {"layer": 13, "name": "Other Processed", "fill": "#9c9ede"}, {"layer": 16, "name": "Food", "fill": "#b5cf6b"}, {"layer": 5, "name": "Oilcrops", "fill": "#ff9896"}, {"layer": 13, "name": "Sugar", "fill": "#d6616b"}, {"layer": 5, "name": "Fruits & Vegetables"}, {"layer": 5, "name": "Others"}, {"layer": 13, "name": "Vegetable Oils", "fill": "#f7b6d2"}, {"layer": 5, "name": "Sugar Crops", "fill": "#ffbb78"}, {"layer": 10, "name": "Processing", "fill": "#9edae5"}, {"layer": 16, "name": "Biofuels & Other", "fill": "#e7ba52"}, {"name": "Waste", "fill": "#c7c7c7"}, {"layer": 2, "name": "Import", "fill": "#aec7e8"}, {"layer": 16, "name": "Export", "fill": "#aec7e8"}, {"layer": 16, "name": "Stock Deposit", "fill": "#c7c7c7"}, {"layer": 0, "name": "Stock Draw", "fill": "#c7c7c7"}, {"name": "Crop Residue", "fill": "#bd9e39"}, {"layer": 2, "name": "Electricity", "fill": "#bcbd22"}, {"layer": 0, "name": "Fossil Fuels", "fill": "#c49c94"}, {"layer": 0, "name": "Renewables & Nuclear", "fill": "#2ca02c"}, {"layer": 2, "name": "Fertilizers", "fill": "#c5b0d5"}, {"layer": 0, "name": "Labor", "fill": "#7f7f7f"}], "links": [{"source": 0, "prod": 2.0, "target": 1, "value": 0.0020359930349929485, "supply": [{"l": "Pelagic Fish", "v": 0.0010732425118442713}, {"l": "Fish, Seafood", "v": 0.000962750523148677}]}, {"source": 2, "prod": 1.0, "target": 1, "value": 0.0010592172084673704, "supply": [{"l": "Cassava", "v": 0.0010592172084673704}]}, {"source": 3, "prod": 30.0, "target": 1, "value": 0.022706652081014796, "supply": [{"l": "Milk - Excluding Butter", "v": 0.022706652081014796}]}, {"source": 4, "prod": 3.0, "target": 1, "value": 0.0086852064968034482, "supply": [{"l": "Maize", "v": 0.0028300111056999999}, {"l": "Cereals, Other", "v": 0.0058551953911034479}]}, {"source": 5, "prod": 21.0, "target": 6, "value": 0.04668719969732997, "supply": [{"l": "Beer", "v": 0.0079265081297505476}, {"l": "Beverages, Alcoholic", "v": 0.0033078051884805199}, {"l": "Butter, Ghee", "v": 0.026123179437230769}, {"l": "Fats, Animals, Raw", "v": 0.0093297069418681305}]}, {"source": 3, "prod": 48.0, "target": 6, "value": 0.065188100847806699, "supply": [{"l": "Pigmeat", "v": 0.0078330664532767873}, {"l": "Milk - Excluding Butter", "v": 0.023463540483715288}, {"l": "Mutton & Goat Meat", "v": 0.010679287191320753}, {"l": "Eggs", "v": 0.0016539025942402599}, {"l": "Poultry Meat", "v": 0.0029377277913840831}, {"l": "Offals, Edible", "v": 0.0012198323731465518}, {"l": "Bovine Meat", "v": 0.017400743960722977}]}, {"source": 4, "prod": 67.0, "target": 6, "value": 0.23383476059702585, "supply": [{"l": "Rice", "v": 0.10364881561666925}, {"l": "Wheat", "v": 0.1301859449803566}]}, {"source": 7, "prod": 39.0, "target": 6, "value": 0.049688943685789841, "supply": [{"l": "Coconuts - Incl Copra", "v": 0.049688943685789841}]}, {"source": 8, "prod": 19.0, "target": 6, "value": 0.076563559092117164, "supply": [{"l": "Sugar", "v": 0.076563559092117164}]}, {"source": 2, "prod": 20.0, "target": 6, "value": 0.018772125267182922, "supply": [{"l": "Roots, Other", "v": 0.0046041395428958786}, {"l": "Potatoes", "v": 0.006622490886973479}, {"l": "Sweet potatoes", "v": 0.0011901915865093456}, {"l": "Cassava", "v": 0.0063553032508042225}]}, {"source": 9, "prod": 24.0, "target": 6, "value": 0.021840067641231101, "supply": [{"l": "Oranges, Mandarines", "v": 0.00033960133268400001}, {"l": "Fruits, Other", "v": 0.0015893978128736349}, {"l": "Apples", "v": 0.00036913188335217393}, {"l": "Tomatoes", "v": 0.00037566519102212397}, {"l": "Pineapples", "v": 0.00024680329410174418}, {"l": "Bananas", "v": 0.0028386129631641339}, {"l": "Vegetables, Other", "v": 0.0019767248701047734}, {"l": "Grapes", "v": 0.00073826376670434787}, {"l": "Onions", "v": 0.001412390015783734}, {"l": "Pulses, Other", "v": 0.011953476511440434}]}, {"source": 10, "prod": 1.0, "target": 6, "value": 0.00040428730081428573, "supply": [{"l": "Tea", "v": 0.00040428730081428573}]}, {"source": 0, "prod": 28.0, "target": 6, "value": 0.026638967504969531, "supply": [{"l": "Pelagic Fish", "v": 0.011805667630286985}, {"l": "Fish, Seafood", "v": 0.013478507324081479}, {"l": "Demersal Fish", "v": 0.0013547925506010642}]}, {"source": 11, "prod": 3.0, "target": 6, "value": 0.030901662814740632, "supply": [{"l": "Coconut Oil", "v": 0.010349420779109506}, {"l": "Soyabean Oil", "v": 0.020552242035631125}]}, {"source": 12, "prod": 2283.0, "target": 13, "value": 0.90856622170027979, "supply": [{"l": "Sugar cane", "v": 0.90856622170027979}]}, {"source": 4, "prod": 3.0, "target": 13, "value": 0.011320044422799999, "supply": [{"l": "Maize", "v": 0.0028300111056999999}, {"l": "Barley", "v": 0.0084900333171}]}, {"source": 7, "prod": 177.0, "target": 13, "value": 0.22551135980473849, "supply": [{"l": "Coconuts - Incl Copra", "v": 0.22551135980473849}]}, {"source": 5, "prod": 3.0, "target": 14, "value": 0.027989120825604393, "supply": [{"l": "Fats, Animals, Raw", "v": 0.027989120825604393}]}, {"source": 11, "prod": 1.0, "target": 14, "value": 0.0094333703523333343, "supply": [{"l": "Oilcrops Oil, Other", "v": 0.0094333703523333343}]}, {"source": 3, "prod": 1.0, "target": 14, "value": 0.00075688840270049323, "supply": [{"l": "Milk - Excluding Butter", "v": 0.00075688840270049323}]}, {"source": 7, "prod": 31.0, "target": 14, "value": 0.039496339852807309, "supply": [{"l": "Coconuts - Incl Copra", "v": 0.039496339852807309}]}, {"source": 8, "prod": 1.0, "target": 14, "value": 0.0040296610048482723, "supply": [{"l": "Sugar", "v": 0.0040296610048482723}]}, {"source": 4, "prod": 1.0, "target": 4, "value": 0.004318700650694552, "supply": [{"l": "Rice", "v": 0.004318700650694552}]}, {"source": 3, "prod": 2.0, "target": 15, "value": 0.0015137768054009865, "supply": [{"l": "Milk - Excluding Butter", "v": 0.0015137768054009865}]}, {"source": 4, "prod": 2.0, "target": 15, "value": 0.0073462807665167981, "supply": [{"l": "Rice", "v": 0.004318700650694552}, {"l": "Wheat", "v": 0.0030275801158222465}]}, {"source": 16, "prod": 1.0, "target": 10, "value": 0.00040428730081428573, "supply": [{"l": "Tea", "v": 0.00040428730081428573}]}, {"source": 16, "prod": 42.0, "target": 1, "value": 0.047252572180147501, "supply": [{"l": "Milk - Excluding Butter", "v": 0.0098395492351064113}, {"l": "Fish, Seafood", "v": 0.011553006277784127}, {"l": "Mutton & Goat Meat", "v": 0.0080094653934905651}, {"l": "Pelagic Fish", "v": 0.012878910142131257}, {"l": "Bovine Meat", "v": 0.0049716411316351357}]}, {"source": 16, "prod": 9.0, "target": 13, "value": 0.078697991360203209, "supply": [{"l": "Beverages, Alcoholic", "v": 0.0033078051884805199}, {"l": "Oilcrops Oil, Other", "v": 0.0094333703523333343}, {"l": "Butter, Ghee", "v": 0.017415452958153846}, {"l": "Fats, Animals, Raw", "v": 0.027989120825604393}, {"l": "Soyabean Oil", "v": 0.020552242035631125}]}, {"source": 16, "prod": 69.0, "target": 4, "value": 0.22623624463487263, "supply": [{"l": "Maize", "v": 0.0056600222113999997}, {"l": "Cereals, Other", "v": 0.0058551953911034479}, {"l": "Rice", "v": 0.051824407808334624}, {"l": "Wheat", "v": 0.15440658590693457}, {"l": "Barley", "v": 0.0084900333171}]}, {"source": 16, "prod": 12.0, "target": 9, "value": 0.016038971248760588, "supply": [{"l": "Fruits, Other", "v": 0.00079469890643681746}, {"l": "Apples", "v": 0.00036913188335217393}, {"l": "Tomatoes", "v": 0.00037566519102212397}, {"l": "Vegetables, Other", "v": 0.0003953449740209546}, {"l": "Grapes", "v": 0.00073826376670434787}, {"l": "Pulses, Other", "v": 0.011953476511440434}, {"l": "Onions", "v": 0.001412390015783734}]}, {"source": 16, "prod": 7.0, "target": 2, "value": 0.0057946795261017937, "supply": [{"l": "Potatoes", "v": 0.0057946795261017937}]}, {"source": 3, "prod": 1.0, "target": 17, "value": 0.0024858205658175678, "supply": [{"l": "Bovine Meat", "v": 0.0024858205658175678}]}, {"source": 4, "prod": 1.0, "target": 17, "value": 0.0030275801158222465, "supply": [{"l": "Wheat", "v": 0.0030275801158222465}]}, {"source": 7, "prod": 1.0, "target": 17, "value": 0.0012740754791228162, "supply": [{"l": "Coconuts - Incl Copra", "v": 0.0012740754791228162}]}, {"source": 8, "prod": 250.0, "target": 17, "value": 1.0074152512120682, "supply": [{"l": "Sugar", "v": 1.0074152512120682}]}, {"source": 2, "prod": 1.0, "target": 17, "value": 0.0009208279085791758, "supply": [{"l": "Roots, Other", "v": 0.0009208279085791758}]}, {"source": 0, "prod": 8.0, "target": 17, "value": 0.0081439721399717939, "supply": [{"l": "Pelagic Fish", "v": 0.004292970047377085}, {"l": "Fish, Seafood", "v": 0.003851002092594708}]}, {"source": 11, "prod": 14.0, "target": 17, "value": 0.14489189090753307, "supply": [{"l": "Coconut Oil", "v": 0.14489189090753307}]}, {"source": 4, "prod": 5.0, "target": 18, "value": 0.015137900579111232, "supply": [{"l": "Wheat", "v": 0.015137900579111232}]}, {"source": 11, "prod": 2.0, "target": 18, "value": 0.020698841558219012, "supply": [{"l": "Coconut Oil", "v": 0.020698841558219012}]}, {"source": 8, "prod": 17.0, "target": 18, "value": 0.068504237082420621, "supply": [{"l": "Sugar", "v": 0.068504237082420621}]}, {"source": 19, "prod": 4.0, "target": 1, "value": 0.0040719860699858969, "supply": [{"l": "Pelagic Fish", "v": 0.0021464850236885425}, {"l": "Fish, Seafood", "v": 0.001925501046297354}]}, {"source": 1, "prod": 38.0, "target": 0, "value": 0.036818932679934274, "supply": [{"l": "Pelagic Fish", "v": 0.01717188018950834}, {"l": "Demersal Fish", "v": 0.0013547925506010642}, {"l": "Fish, Seafood", "v": 0.018292259939824865}]}, {"source": 1, "prod": 82.0, "target": 3, "value": 0.092651238702740557, "supply": [{"l": "Poultry Meat", "v": 0.0029377277913840831}, {"l": "Pigmeat", "v": 0.0078330664532767873}, {"l": "Bovine Meat", "v": 0.019886564526540543}, {"l": "Eggs", "v": 0.0016539025942402599}, {"l": "Milk - Excluding Butter", "v": 0.04844085777283156}, {"l": "Offals, Edible", "v": 0.0012198323731465518}, {"l": "Mutton & Goat Meat", "v": 0.010679287191320753}]}, {"source": 13, "prod": 24.0, "target": 5, "value": 0.074676320522934367, "supply": [{"l": "Fats, Animals, Raw", "v": 0.037318827767472522}, {"l": "Beer", "v": 0.0079265081297505476}, {"l": "Beverages, Alcoholic", "v": 0.0033078051884805199}, {"l": "Butter, Ghee", "v": 0.026123179437230769}]}, {"source": 13, "prod": 20.0, "target": 11, "value": 0.20592576563282605, "supply": [{"l": "Coconut Oil", "v": 0.17594015324486159}, {"l": "Oilcrops Oil, Other", "v": 0.0094333703523333343}, {"l": "Soyabean Oil", "v": 0.020552242035631125}]}, {"source": 13, "prod": 287.0, "target": 8, "value": 1.1565127083914544, "supply": [{"l": "Sugar", "v": 1.1565127083914544}]}, {"source": 2, "prod": 9.25, "target": 20, "value": 0.029386721698417429, "supply": [{"l": "Roots, Other", "v": 0.010459999979999999}, {"l": "Potatoes", "v": 0.007844999985}, {"l": "Sweet potatoes", "v": 0.0017433333299999999}, {"l": "Cassava", "v": 0.01220333331}]}, {"source": 12, "prod": 913.20000000000005, "target": 20, "value": 0.36342648868011196, "supply": [{"l": "Sugar cane", "v": 0.36342648868011196}]}, {"source": 9, "prod": 19.0, "target": 20, "value": 0.12644000269296446, "supply": [{"l": "Tomatoes", "v": 0.0017433333300000001}, {"l": "Vegetables, Other", "v": 0.017433333299999999}, {"l": "Pulses, Other", "v": 0.0052299999900000003}, {"l": "Onions", "v": 0.0052299999900000012}]}, {"source": 4, "prod": 97.0, "target": 20, "value": 0.40628236487352781, "supply": [{"l": "Maize", "v": 0.010459999980000001}, {"l": "Barley", "v": 0.0069733333199999996}, {"l": "Rice", "v": 0.13946666640000002}, {"l": "Wheat", "v": 0.17433333299999998}, {"l": "Cereals, Other", "v": 0.0069733333199999987}]}, {"source": 7, "prod": 248.0, "target": 20, "value": 0.2335717839344662, "supply": [{"l": "Coconuts - Incl Copra", "v": 0.86469333168000007}]}, {"source": 21, "prod": 0, "target": 2, "value": 4.0314459988228843e-06, "supply": "[{\"l\":'Energy for power irrigation',\"v\":4.0314459988228843e-06}]"}, {"source": 21, "prod": 0, "target": 12, "value": 0.0004975022278547375, "supply": "[{\"l\":'Energy for power irrigation',\"v\":0.0004975022278547375}]"}, {"source": 21, "prod": 0, "target": 9, "value": 4.14040399879107e-06, "supply": "[{\"l\":'Energy for power irrigation',\"v\":4.14040399879107e-06}]"}, {"source": 21, "prod": 0, "target": 4, "value": 1.0568925996914048e-05, "supply": "[{\"l\":'Energy for power irrigation',\"v\":1.0568925996914048e-05}]"}, {"source": 21, "prod": 0, "target": 7, "value": 5.4043167984220288e-05, "supply": "[{\"l\":'Energy for power irrigation',\"v\":5.4043167984220288e-05}]"}, {"source": 21, "prod": 0, "target": 13, "value": 0.0011474892171423683, "supply": "[{\"l\":'Electricity',\"v\":0.0011474892171423683}]"}, {"source": 22, "prod": 0, "target": 21, "value": 0.0033986949452358838, "supply": [{"l": "Coal", "v": 0.0010195430671200868}, {"l": "Natural gas", "v": 0.00013122436162550527}, {"l": "Oil", "v": 0.0022479275164902918}]}, {"source": 23, "prod": 0, "target": 21, "value": 0.0004091862044949588, "supply": [{"l": "Nuclear", "v": 6.3036383728951362e-05}, {"l": "Hydroelectric", "v": 0.00034197501757118822}, {"l": "Renewable", "v": 4.1748031948192009e-06}]}, {"source": 22, "prod": 0, "target": 2, "value": 0.00062726009603521768, "supply": [{"l": "Other fossil fuels", "v": 0.00062726009603521768}]}, {"source": 22, "prod": 0, "target": 12, "value": 0.077407286445859577, "supply": [{"l": "Other fossil fuels", "v": 0.077407286445859577}]}, {"source": 22, "prod": 0, "target": 9, "value": 0.00064421307160373719, "supply": [{"l": "Other fossil fuels", "v": 0.00064421307160373719}]}, {"source": 22, "prod": 0, "target": 4, "value": 0.0016444386301463817, "supply": [{"l": "Other fossil fuels", "v": 0.0016444386301463817}]}, {"source": 22, "prod": 0, "target": 7, "value": 0.0084086758819856226, "supply": [{"l": "Other fossil fuels", "v": 0.0084086758819856226}]}, {"source": 24, "prod": 0.089054441260744979, "target": 2, "value": 0.0012485801771635672, "supply": [{"l": "Potash", "v": 0.005640555560068}, {"l": "Phosphate", "v": 0.0058916666713799996}, {"l": "Nitrogen", "v": 0.16512500013209996}]}, {"source": 24, "prod": 10.989799426934097, "target": 12, "value": 0.15408154294402293, "supply": [{"l": "Potash", "v": 0.005640555560068}, {"l": "Phosphate", "v": 0.0058916666713799996}, {"l": "Nitrogen", "v": 0.16512500013209996}]}, {"source": 24, "prod": 0.091461318051575938, "target": 9, "value": 0.0012823255873571774, "supply": [{"l": "Potash", "v": 0.005640555560068}, {"l": "Phosphate", "v": 0.0058916666713799996}, {"l": "Nitrogen", "v": 0.16512500013209996}]}, {"source": 24, "prod": 0.23346704871060173, "target": 4, "value": 0.003273304788780163, "supply": [{"l": "Potash", "v": 0.005640555560068}, {"l": "Phosphate", "v": 0.0058916666713799996}, {"l": "Nitrogen", "v": 0.16512500013209996}]}, {"source": 24, "prod": 1.193810888252149, "target": 7, "value": 0.016737723456030525, "supply": [{"l": "Potash", "v": 0.005640555560068}, {"l": "Phosphate", "v": 0.0058916666713799996}, {"l": "Nitrogen", "v": 0.16512500013209996}]}, {"source": 22, "prod": 0, "target": 24, "value": 0.21378206419946996, "supply": [{"l": "Natural gas (including LNG)", "v": 0.14358121315241498}, {"l": "Fuel oil", "v": 0.041011508862686556}, {"l": "Liquefied petroleum gas (LPG)", "v": 0.01459467109218421}, {"l": "Coal", "v": 0.01459467109218421}]}, {"source": 25, "prod": 0, "target": 4, "value": 0.0010320277302328011, "supply": "[{\"l\":'Labor',\"v\":0.0010320277302328011}]"}, {"source": 25, "prod": 0, "target": 7, "value": 0.0052771727236646327, "supply": "[{\"l\":'Labor',\"v\":0.0052771727236646327}]"}, {"source": 25, "prod": 0, "target": 12, "value": 0.048579779548896598, "supply": "[{\"l\":'Labor',\"v\":0.048579779548896598}]"}, {"source": 25, "prod": 0, "target": 2, "value": 0.00039366006204756332, "supply": "[{\"l\":'Labor',\"v\":0.00039366006204756332}]"}, {"source": 25, "prod": 0, "target": 9, "value": 0.00040429952318398398, "supply": "[{\"l\":'Labor',\"v\":0.00040429952318398398}]"}, {"source": 25, "prod": 0, "target": 10, "value": 1.063946113642063e-05, "supply": "[{\"l\":'Labor',\"v\":1.063946113642063e-05}]"}, {"source": 22, "prod": 0, "target": 16, "value": 0.099349536996934523, "supply": "[{\"l\":'Fossil Fuels',\"v\":0.099349536996934523}]"}, {"source": 23, "prod": 0, "target": 16, "value": 0.032418950334760568, "supply": "[{\"l\":'Renewables & Nuclear',\"v\":0.0031670066857662129},{\"l\":'Biomass & Waste',\"v\":0.029251943648994357}]"}]}