{"nodes": [{"layer": 3, "name": "Cereals", "fill": "#e7ba52"}, {"layer": 5, "name": "Production", "fill": "#b5cf6b"}, {"layer": 3, "name": "Oilcrops", "fill": "#ff9896"}, {"layer": 3, "name": "Sugar Crops", "fill": "#ffbb78"}, {"layer": 3, "name": "Starchy Roots"}, {"layer": 3, "name": "Fruits & Vegetables"}, {"layer": 3, "name": "Others"}, {"layer": 1, "name": "Electricity", "fill": "#bcbd22"}, {"layer": 0, "name": "Fossil Fuels", "fill": "#c49c94"}, {"layer": 1, "name": "Fertilizers", "fill": "#c5b0d5"}, {"layer": 0, "name": "Labor", "fill": "#7f7f7f"}], "links": [{"source": 0, "prod": 303.0, "target": 1, "value": 0.9535943483638829, "supply": [{"l": "Maize", "v": 0.036063858338123894}, {"l": "Barley", "v": 0.050940199902600014}, {"l": "Wheat", "v": 0.75729545952648336}, {"l": "Oats", "v": 0.0044684385879473695}, {"l": "Sorghum", "v": 0.10482639200872831}]}, {"source": 2, "prod": 89.666666666666671, "target": 1, "value": 0.20949472591316626, "supply": [{"l": "Olives", "v": 0.0051454747376363632}, {"l": "Sunflower seed", "v": 0.021792598888812843}, {"l": "Sesame seed", "v": 0.0066418627990918362}, {"l": "Groundnuts", "v": 0.065146295254975242}, {"l": "Oilcrops, Other", "v": 0.02122508329275}, {"l": "Cottonseed", "v": 0.069733333199999997}, {"l": "Oil Palm", "v": 0.019810077739899998}]}, {"source": 3, "prod": 217.0, "target": 1, "value": 0.25220222174000001, "supply": [{"l": "Sugar beet", "v": 0.25220222174000001}]}, {"source": 4, "prod": 165.0, "target": 1, "value": 0.12940928381722863, "supply": [{"l": "Potatoes", "v": 0.12940928381722863}]}, {"source": 5, "prod": 2685.0, "target": 1, "value": 1.056702178639803, "supply": [{"l": "Citrus, Other", "v": 0.0046488888800000003}, {"l": "Grapefruit", "v": 0.11460079494773651}, {"l": "Tomatoes", "v": 0.040369491926615278}, {"l": "Treenuts", "v": 0.008954332014128907}, {"l": "Vegetables, Other", "v": 0.10678881744252747}, {"l": "Peas", "v": 0.0043538632395384615}, {"l": "Grapes", "v": 0.051403788445610804}, {"l": "Dates", "v": 0.0080601582124367101}, {"l": "Apples", "v": 0.033134797649296638}, {"l": "Lemons, Limes", "v": 0.010353699167195123}, {"l": "Bananas", "v": 0.02663845316007523}, {"l": "Fruits, Other", "v": 0.072837487568612802}, {"l": "Oranges, Mandarines", "v": 0.51534059395022536}, {"l": "Onions", "v": 0.024230611003798024}, {"l": "Pulses, Other", "v": 0.034986401032005496}]}, {"source": 6, "prod": 3.0, "target": 1, "value": 0.0099665608505086958, "supply": [{"l": "Nuts", "v": 0.0099665608505086958}]}, {"source": 7, "prod": 0, "target": 0, "value": 0.016063710093137642, "supply": "[{\"l\":'Energy for power irrigation',\"v\":0.016063710093137642}]"}, {"source": 7, "prod": 0, "target": 2, "value": 0.0048420771881162797, "supply": "[{\"l\":'Energy for power irrigation',\"v\":0.0048420771881162797}]"}, {"source": 7, "prod": 0, "target": 3, "value": 0.0036462605546138788, "supply": "[{\"l\":'Energy for power irrigation',\"v\":0.0036462605546138788}]"}, {"source": 7, "prod": 0, "target": 4, "value": 0.0028733205292118588, "supply": "[{\"l\":'Energy for power irrigation',\"v\":0.0028733205292118588}]"}, {"source": 7, "prod": 0, "target": 5, "value": 0.045351415838262021, "supply": "[{\"l\":'Energy for power irrigation',\"v\":0.045351415838262021}]"}, {"source": 7, "prod": 0, "target": 6, "value": 0.00020163652836574446, "supply": "[{\"l\":'Energy for power irrigation',\"v\":0.00020163652836574446}]"}, {"source": 8, "prod": 0, "target": 7, "value": 0.19204847560975635, "supply": [{"l": "Coal", "v": 0.0}, {"l": "Natural gas", "v": 0.0}, {"l": "Oil", "v": 0.19204847560975635}]}, {"source": 8, "prod": 0, "target": 0, "value": 0.3837109127236642, "supply": [{"l": "Gas-Diesel oil", "v": 0.29972447163162119}, {"l": "Fuel oil", "v": 0.083986441092043007}]}, {"source": 8, "prod": 0, "target": 2, "value": 0.1156618145221784, "supply": [{"l": "Gas-Diesel oil", "v": 0.090345817895933225}, {"l": "Fuel oil", "v": 0.025315996626245178}]}, {"source": 8, "prod": 0, "target": 3, "value": 0.087097560733300342, "supply": [{"l": "Gas-Diesel oil", "v": 0.068033692828516526}, {"l": "Fuel oil", "v": 0.019063867904783819}]}, {"source": 8, "prod": 0, "target": 4, "value": 0.068634483342831148, "supply": [{"l": "Gas-Diesel oil", "v": 0.053611804026158186}, {"l": "Fuel oil", "v": 0.015022679316672964}]}, {"source": 8, "prod": 0, "target": 5, "value": 1.0833009973233991, "supply": [{"l": "Gas-Diesel oil", "v": 0.84618864951228612}, {"l": "Fuel oil", "v": 0.23711234781111304}]}, {"source": 8, "prod": 0, "target": 6, "value": 0.0048164549714267467, "supply": [{"l": "Gas-Diesel oil", "v": 0.0037622318614847845}, {"l": "Fuel oil", "v": 0.0010542231099419624}]}, {"source": 9, "prod": 12.499280862657816, "target": 0, "value": 0.14289505120351106, "supply": [{"l": "Potash", "v": 0.029253972245625398}, {"l": "Phosphate", "v": 0.06327229171728449}, {"l": "Nitrogen", "v": 0.5566547226675459}]}, {"source": 9, "prod": 3.7676528262788289, "target": 2, "value": 0.043072793502592507, "supply": [{"l": "Potash", "v": 0.029253972245625398}, {"l": "Phosphate", "v": 0.06327229171728449}, {"l": "Nitrogen", "v": 0.5566547226675459}]}, {"source": 9, "prod": 2.8371798610844623, "target": 3, "value": 0.032435382961466426, "supply": [{"l": "Potash", "v": 0.029253972245625398}, {"l": "Phosphate", "v": 0.06327229171728449}, {"l": "Nitrogen", "v": 0.5566547226675459}]}, {"source": 9, "prod": 2.2357500287808438, "target": 4, "value": 0.025559679660879072, "supply": [{"l": "Potash", "v": 0.029253972245625398}, {"l": "Phosphate", "v": 0.06327229171728449}, {"l": "Nitrogen", "v": 0.5566547226675459}]}, {"source": 9, "prod": 35.288241682336242, "target": 5, "value": 0.40342441757141878, "supply": [{"l": "Potash", "v": 0.029253972245625398}, {"l": "Phosphate", "v": 0.06327229171728449}, {"l": "Nitrogen", "v": 0.5566547226675459}]}, {"source": 9, "prod": 0.15689473886181357, "target": 6, "value": 0.0017936617305880048, "supply": [{"l": "Potash", "v": 0.029253972245625398}, {"l": "Phosphate", "v": 0.06327229171728449}, {"l": "Nitrogen", "v": 0.5566547226675459}]}, {"source": 8, "prod": 0, "target": 9, "value": 0.79244872402797439, "supply": [{"l": "Natural gas (including LNG)", "v": 0.53216409552810617}, {"l": "Fuel oil", "v": 0.16188411273611952}, {"l": "Liquefied petroleum gas (LPG)", "v": 0.049200257881874321}, {"l": "Coal", "v": 0.049200257881874321}]}, {"source": 10, "prod": 0, "target": 0, "value": 0.012282405852263431, "supply": "[{\"l\":'Labor',\"v\":0.012282405852263431}]"}, {"source": 10, "prod": 0, "target": 2, "value": 0.0037022802856630879, "supply": "[{\"l\":'Labor',\"v\":0.0037022802856630879}]"}, {"source": 10, "prod": 0, "target": 3, "value": 0.0027879519560054023, "supply": "[{\"l\":'Labor',\"v\":0.0027879519560054023}]"}, {"source": 10, "prod": 0, "target": 4, "value": 0.0021969575321517227, "supply": "[{\"l\":'Labor',\"v\":0.0021969575321517227}]"}, {"source": 10, "prod": 0, "target": 5, "value": 0.034675955434371339, "supply": "[{\"l\":'Labor',\"v\":0.034675955434371339}]"}, {"source": 10, "prod": 0, "target": 6, "value": 0.00015417245839661209, "supply": "[{\"l\":'Labor',\"v\":0.00015417245839661209}]"}]}