{"nodes": [{"layer": 13, "name": "Milk - Excluding Butter"}, {"layer": 10, "name": "Feed", "fill": "#dbdb8d"}, {"layer": 5, "name": "Oilcrops", "fill": "#ff9896"}, {"layer": 5, "name": "Vegetables"}, {"layer": 5, "name": "Starchy Roots"}, {"layer": 5, "name": "Pulses"}, {"layer": 13, "name": "Fish, Seafood"}, {"layer": 13, "name": "Sugar & Sweeteners"}, {"layer": 5, "name": "Cereals - Excluding Beer"}, {"layer": 16, "name": "Food", "fill": "#b5cf6b"}, {"layer": 13, "name": "Meat"}, {"layer": 5, "name": "Treenuts"}, {"layer": 5, "name": "Others"}, {"layer": 13, "name": "Alcoholic Beverages"}, {"layer": 13, "name": "Animal Fats"}, {"layer": 13, "name": "Vegetable Oils", "fill": "#f7b6d2"}, {"layer": 5, "name": "Stimulants"}, {"layer": 13, "name": "Eggs"}, {"layer": 5, "name": "Fruits - Excluding Wine"}, {"layer": 10, "name": "Processing", "fill": "#9edae5"}, {"layer": 5, "name": "Sugar Crops", "fill": "#ffbb78"}, {"layer": 16, "name": "Biofuels & Other", "fill": "#e7ba52"}, {"name": "Waste", "fill": "#c7c7c7"}, {"layer": 2, "name": "Import", "fill": "#aec7e8"}, {"layer": 16, "name": "Export", "fill": "#aec7e8"}, {"layer": 16, "name": "Stock Deposit", "fill": "#c7c7c7"}, {"layer": 0, "name": "Stock Draw", "fill": "#c7c7c7"}, {"name": "Crop Residue", "fill": "#bd9e39"}, {"layer": 2, "name": "Electricity", "fill": "#bcbd22"}, {"layer": 0, "name": "Fossil Fuels", "fill": "#c49c94"}, {"layer": 2, "name": "Fertilizers", "fill": "#c5b0d5"}, {"layer": 0, "name": "Labor", "fill": "#7f7f7f"}, {"layer": 0, "name": "Renewables & Nuclear", "fill": "#2ca02c"}], "links": [{"source": 0, "prod": 73.0, "target": 1, "value": 0.040911009512663361, "supply": [{"l": "Milk - Excluding Butter", "v": 0.040911009512663361}]}, {"source": 2, "prod": 67.0, "target": 1, "value": 0.23217642132477548, "supply": [{"l": "Soyabeans", "v": 0.23217642132477548}]}, {"source": 3, "prod": 2.0, "target": 1, "value": 0.00050720126134963549, "supply": [{"l": "Vegetables, Other", "v": 0.00050720126134963549}]}, {"source": 4, "prod": 1.0, "target": 1, "value": 0.00078750309036704962, "supply": [{"l": "Potatoes", "v": 0.00078750309036704962}]}, {"source": 5, "prod": 3.0, "target": 1, "value": 0.011867788507774195, "supply": [{"l": "Pulses, Other", "v": 0.011867788507774195}]}, {"source": 6, "prod": 106.0, "target": 1, "value": 0.084763554381985101, "supply": [{"l": "Pelagic Fish", "v": 0.048125322546128349}, {"l": "Fish, Seafood", "v": 0.036638231835856752}]}, {"source": 7, "prod": 1.0, "target": 1, "value": 0.0041364630697041721, "supply": [{"l": "Sugar", "v": 0.0041364630697041721}]}, {"source": 8, "prod": 695.0, "target": 1, "value": 2.2365914402344078, "supply": [{"l": "Maize", "v": 0.46749746440175322}, {"l": "Wheat", "v": 0.048229530405077811}, {"l": "Barley", "v": 0.44735944786257692}, {"l": "Sorghum", "v": 1.2735049975650001}]}, {"source": 0, "prod": 420.0, "target": 9, "value": 0.23537841089477549, "supply": [{"l": "Milk - Excluding Butter", "v": 0.23537841089477549}]}, {"source": 10, "prod": 125.0, "target": 9, "value": 0.24510389230130991, "supply": [{"l": "Pigmeat", "v": 0.017445273939246577}, {"l": "Poultry Meat", "v": 0.099500921127883848}, {"l": "Mutton & Goat Meat", "v": 0.0088701840626417908}, {"l": "Offals, Edible", "v": 0.015122196748015269}, {"l": "Bovine Meat", "v": 0.10416531642352243}]}, {"source": 11, "prod": 1.0, "target": 9, "value": 0.0044684385879473695, "supply": [{"l": "Treenuts", "v": 0.0044684385879473695}]}, {"source": 3, "prod": 398.0, "target": 9, "value": 0.10274646635736231, "supply": [{"l": "Vegetables, Other", "v": 0.066443365236802249}, {"l": "Tomatoes", "v": 0.022586612753100446}, {"l": "Onions", "v": 0.013716488367459612}]}, {"source": 12, "prod": 1.0, "target": 9, "value": 0.0032653974296538461, "supply": [{"l": "Nuts", "v": 0.0032653974296538461}]}, {"source": 13, "prod": 53.0, "target": 9, "value": 0.051201518547362615, "supply": [{"l": "Beer", "v": 0.013736683119802249}, {"l": "Beverages, Alcoholic", "v": 0.023772093287880002}, {"l": "Wine", "v": 0.0090232238152753632}, {"l": "Beverages, Fermented", "v": 0.0046695183244049995}]}, {"source": 14, "prod": 3.0, "target": 9, "value": 0.02526795630089286, "supply": [{"l": "Butter, Ghee", "v": 0.02526795630089286}]}, {"source": 4, "prod": 90.0, "target": 9, "value": 0.070875278133034458, "supply": [{"l": "Potatoes", "v": 0.070875278133034458}]}, {"source": 5, "prod": 13.0, "target": 9, "value": 0.051455475372223516, "supply": [{"l": "Peas", "v": 0.0044684385879473695}, {"l": "Beans", "v": 0.019295530266136365}, {"l": "Pulses, Other", "v": 0.027691506518139786}]}, {"source": 6, "prod": 88.0, "target": 9, "value": 0.06186215182247571, "supply": [{"l": "Marine Fish, Other", "v": 0.0022539911461327434}, {"l": "Freshwater Fish", "v": 0.0097507343201032482}, {"l": "Fish, Seafood", "v": 0.030416645297692394}, {"l": "Pelagic Fish", "v": 0.013620374305508023}, {"l": "Demersal Fish", "v": 0.0058204067530393056}]}, {"source": 7, "prod": 101.0, "target": 9, "value": 0.4161132031473464, "supply": [{"l": "Sugar", "v": 0.40950984390071304}, {"l": "Honey", "v": 0.0066033592466333332}]}, {"source": 8, "prod": 392.0, "target": 9, "value": 1.2773650195044985, "supply": [{"l": "Maize", "v": 0.030555389830179948}, {"l": "Barley", "v": 0.019592384577923075}, {"l": "Rice", "v": 0.0722800133753108}, {"l": "Wheat", "v": 1.1510781256678573}, {"l": "Oats", "v": 0.003859106053227273}]}, {"source": 15, "prod": 44.0, "target": 9, "value": 0.4556263487151655, "supply": [{"l": "Soyabean Oil", "v": 0.38349354314501594}, {"l": "Olive Oil", "v": 0.031258759031140913}, {"l": "Coconut Oil", "v": 0.010612541646375}, {"l": "Cottonseed Oil", "v": 0.030261504892633666}]}, {"source": 16, "prod": 10.0, "target": 9, "value": 0.0070304226527002824, "supply": [{"l": "Coffee", "v": 0.0032653974296538461}, {"l": "Cocoa Beans", "v": 0.0023260365252328768}, {"l": "Tea", "v": 0.0014389886978135593}]}, {"source": 17, "prod": 57.0, "target": 9, "value": 0.093584220930102754, "supply": [{"l": "Eggs", "v": 0.093584220930102754}]}, {"source": 18, "prod": 477.0, "target": 9, "value": 0.22634874946750724, "supply": [{"l": "Grapefruit", "v": 0.017966766083021682}, {"l": "Grapes", "v": 0.042539011639048559}, {"l": "Dates", "v": 0.0060643095122142861}, {"l": "Apples", "v": 0.014605529418902361}, {"l": "Lemons, Limes", "v": 0.0045892071984324325}, {"l": "Bananas", "v": 0.020126237018738422}, {"l": "Fruits, Other", "v": 0.048419509282086777}, {"l": "Oranges, Mandarines", "v": 0.072038179315062734}]}, {"source": 2, "prod": 20.0, "target": 9, "value": 0.075814875206570528, "supply": [{"l": "Olives", "v": 0.0092139896464651164}, {"l": "Sunflower seed", "v": 0.010395959163795918}, {"l": "Coconuts - Incl Copra", "v": 0.0028779773956271186}, {"l": "Sesame seed", "v": 0.020055196812047243}, {"l": "Groundnuts", "v": 0.033271752188635137}]}, {"source": 8, "prod": 7.0, "target": 19, "value": 0.022857782007576925, "supply": [{"l": "Barley", "v": 0.016326987148269231}, {"l": "Sorghum", "v": 0.0065307948593076922}]}, {"source": 20, "prod": 289.0, "target": 19, "value": 0.33588222158000003, "supply": [{"l": "Sugar beet", "v": 0.33588222158000003}]}, {"source": 2, "prod": 232.0, "target": 19, "value": 0.70044509427554935, "supply": [{"l": "Cottonseed", "v": 0.033704444380000004}, {"l": "Soyabeans", "v": 0.62029223010648982}, {"l": "Olives", "v": 0.021060547763348838}, {"l": "Coconuts - Incl Copra", "v": 0.0071949434890677963}, {"l": "Oilcrops, Other", "v": 0.018192928536642859}]}, {"source": 18, "prod": 19.0, "target": 19, "value": 0.012268268995170844, "supply": [{"l": "Grapes", "v": 0.01147878091847342}, {"l": "Apples", "v": 0.00078948807669742497}]}, {"source": 8, "prod": 5.0, "target": 21, "value": 0.015916747091038744, "supply": [{"l": "Maize", "v": 0.0030555389830179947}, {"l": "Wheat", "v": 0.012861208108020751}]}, {"source": 15, "prod": 3.0, "target": 21, "value": 0.025470099951300004, "supply": [{"l": "Oilcrops Oil, Other", "v": 0.025470099951300004}]}, {"source": 2, "prod": 8.0, "target": 21, "value": 0.011511909582508474, "supply": [{"l": "Coconuts - Incl Copra", "v": 0.011511909582508474}]}, {"source": 3, "prod": 1.0, "target": 21, "value": 0.00025360063067481775, "supply": [{"l": "Vegetables, Other", "v": 0.00025360063067481775}]}, {"source": 14, "prod": 1.0, "target": 21, "value": 0.010612541646375, "supply": [{"l": "Fats, Animals, Raw", "v": 0.010612541646375}]}, {"source": 4, "prod": 13.0, "target": 4, "value": 0.010237540174771645, "supply": [{"l": "Potatoes", "v": 0.010237540174771645}]}, {"source": 8, "prod": 19.0, "target": 8, "value": 0.061441406331639178, "supply": [{"l": "Wheat", "v": 0.038583624324062253}, {"l": "Barley", "v": 0.022857782007576922}]}, {"source": 17, "prod": 7.0, "target": 17, "value": 0.011492799061591568, "supply": [{"l": "Eggs", "v": 0.011492799061591568}]}, {"source": 5, "prod": 1.0, "target": 5, "value": 0.0039559295025913986, "supply": [{"l": "Pulses, Other", "v": 0.0039559295025913986}]}, {"source": 2, "prod": 1.0, "target": 2, "value": 0.0011622222200000001, "supply": [{"l": "Cottonseed", "v": 0.0011622222200000001}]}, {"source": 0, "prod": 5.0, "target": 22, "value": 0.0028021239392235176, "supply": [{"l": "Milk - Excluding Butter", "v": 0.0028021239392235176}]}, {"source": 2, "prod": 8.0, "target": 22, "value": 0.027722557770122447, "supply": [{"l": "Soyabeans", "v": 0.027722557770122447}]}, {"source": 17, "prod": 4.0, "target": 22, "value": 0.0065673137494808957, "supply": [{"l": "Eggs", "v": 0.0065673137494808957}]}, {"source": 4, "prod": 2.0, "target": 22, "value": 0.0015750061807340992, "supply": [{"l": "Potatoes", "v": 0.0015750061807340992}]}, {"source": 7, "prod": 18.0, "target": 22, "value": 0.074456335254675099, "supply": [{"l": "Sugar", "v": 0.074456335254675099}]}, {"source": 18, "prod": 7.0, "target": 22, "value": 0.0036211348713768863, "supply": [{"l": "Grapes", "v": 0.0013504448139380492}, {"l": "Fruits, Other", "v": 0.0011667351634237777}, {"l": "Grapefruit", "v": 0.00029453714890199484}, {"l": "Oranges, Mandarines", "v": 0.00080941774511306434}]}, {"source": 8, "prod": 16.0, "target": 22, "value": 0.051526069565297886, "supply": [{"l": "Maize", "v": 0.0061110779660359894}, {"l": "Wheat", "v": 0.019291812162031127}, {"l": "Sorghum", "v": 0.019592384577923075}, {"l": "Barley", "v": 0.0065307948593076922}]}, {"source": 3, "prod": 16.0, "target": 22, "value": 0.0044113519607230731, "supply": [{"l": "Vegetables, Other", "v": 0.0030432075680978132}, {"l": "Onions", "v": 0.00094596471499721463}, {"l": "Tomatoes", "v": 0.00042217967762804581}]}, {"source": 10, "prod": 1.0, "target": 22, "value": 0.0015122196748015267, "supply": [{"l": "Offals, Edible", "v": 0.0015122196748015267}]}, {"source": 23, "prod": 229.0, "target": 1, "value": 0.20910586584784108, "supply": [{"l": "Milk - Excluding Butter", "v": 0.032504637694992809}, {"l": "Fish, Seafood", "v": 0.050463979698444204}, {"l": "Pelagic Fish", "v": 0.059021621990534755}, {"l": "Offals, Edible", "v": 0.0015122196748015267}, {"l": "Demersal Fish", "v": 0.0031042169349542962}, {"l": "Bovine Meat", "v": 0.062499189854113471}]}, {"source": 23, "prod": 772.0, "target": 8, "value": 2.4986599816079629, "supply": [{"l": "Maize", "v": 0.48888623728287917}, {"l": "Oats", "v": 0.003859106053227273}, {"l": "Rice", "v": 0.0722800133753108}, {"l": "Sorghum", "v": 1.2179932412608847}, {"l": "Wheat", "v": 0.38583624324062249}, {"l": "Barley", "v": 0.32980514039503844}]}, {"source": 23, "prod": 11.0, "target": 5, "value": 0.043543616367040731, "supply": [{"l": "Beans", "v": 0.019295530266136365}, {"l": "Pulses, Other", "v": 0.019779647512956994}, {"l": "Peas", "v": 0.0044684385879473695}]}, {"source": 23, "prod": 91.0, "target": 19, "value": 0.49287980073067306, "supply": [{"l": "Sugar", "v": 0.2978253410187004}, {"l": "Oilcrops Oil, Other", "v": 0.0084900333171}, {"l": "Soyabean Oil", "v": 0.18656442639487264}]}, {"source": 23, "prod": 11.0, "target": 16, "value": 0.0075746555576425897, "supply": [{"l": "Coffee", "v": 0.0038096303345961542}, {"l": "Tea", "v": 0.0014389886978135593}, {"l": "Cocoa Beans", "v": 0.0023260365252328768}]}, {"source": 23, "prod": 5.0, "target": 18, "value": 0.0029119240157105394, "supply": [{"l": "Fruits, Other", "v": 0.0011667351634237777}, {"l": "Apples", "v": 0.00039474403834871248}, {"l": "Grapes", "v": 0.0013504448139380492}]}, {"source": 23, "prod": 275.0, "target": 2, "value": 0.94002416501728114, "supply": [{"l": "Soyabeans", "v": 0.8801912092013876}, {"l": "Coconuts - Incl Copra", "v": 0.02158483046720339}, {"l": "Sesame seed", "v": 0.020055196812047243}, {"l": "Oilcrops, Other", "v": 0.018192928536642859}]}, {"source": 23, "prod": 12.0, "target": 4, "value": 0.0094500370844045941, "supply": [{"l": "Potatoes", "v": 0.0094500370844045941}]}, {"source": 2, "prod": 7.0, "target": 24, "value": 0.029514027485395364, "supply": [{"l": "Cottonseed", "v": 0.0034866666600000002}, {"l": "Groundnuts", "v": 0.019963051313181081}, {"l": "Oilcrops, Other", "v": 0.0060643095122142861}]}, {"source": 17, "prod": 11.0, "target": 24, "value": 0.018060112811072462, "supply": [{"l": "Eggs", "v": 0.018060112811072462}]}, {"source": 13, "prod": 2.0, "target": 24, "value": 0.0016405861482318839, "supply": [{"l": "Wine", "v": 0.0016405861482318839}]}, {"source": 4, "prod": 3.0, "target": 24, "value": 0.0023625092711011485, "supply": [{"l": "Potatoes", "v": 0.0023625092711011485}]}, {"source": 7, "prod": 1.0, "target": 24, "value": 0.0041364630697041721, "supply": [{"l": "Sugar", "v": 0.0041364630697041721}]}, {"source": 18, "prod": 875.0, "target": 24, "value": 0.33851385684126545, "supply": [{"l": "Bananas", "v": 0.014574171634258858}, {"l": "Fruits, Other", "v": 0.0023334703268475553}, {"l": "Grapes", "v": 0.00067522240696902462}, {"l": "Grapefruit", "v": 0.048304092419927142}, {"l": "Apples", "v": 0.013026553265507512}, {"l": "Oranges, Mandarines", "v": 0.25577600745572832}, {"l": "Lemons, Limes", "v": 0.0038243393320270274}]}, {"source": 8, "prod": 1.0, "target": 24, "value": 0.0032153020270051878, "supply": [{"l": "Wheat", "v": 0.0032153020270051878}]}, {"source": 15, "prod": 8.0, "target": 24, "value": 0.082362478726713317, "supply": [{"l": "Soyabean Oil", "v": 0.062188142131624213}, {"l": "Cottonseed Oil", "v": 0.020174336595089111}]}, {"source": 16, "prod": 1.0, "target": 24, "value": 0.00054423290494230768, "supply": [{"l": "Coffee", "v": 0.00054423290494230768}]}, {"source": 3, "prod": 19.0, "target": 24, "value": 0.0045633472316567673, "supply": [{"l": "Vegetables, Other", "v": 0.0032968081987726303}, {"l": "Tomatoes", "v": 0.0012665390328841372}]}, {"source": 15, "prod": 5.0, "target": 25, "value": 0.051823451776353509, "supply": [{"l": "Soyabean Oil", "v": 0.051823451776353509}]}, {"source": 26, "prod": 3.0, "target": 4, "value": 0.0023625092711011485, "supply": [{"l": "Potatoes", "v": 0.0023625092711011485}]}, {"source": 0, "prod": 1.0, "target": 25, "value": 0.00056042478784470344, "supply": [{"l": "Milk - Excluding Butter", "v": 0.00056042478784470344}]}, {"source": 8, "prod": 1.0, "target": 25, "value": 0.004251765492665341, "supply": [{"l": "Rice", "v": 0.004251765492665341}]}, {"source": 2, "prod": 17.0, "target": 25, "value": 0.020065901770418604, "supply": [{"l": "Olives", "v": 0.0026325684704186047}, {"l": "Cottonseed", "v": 0.017433333299999999}]}, {"source": 14, "prod": 1.0, "target": 25, "value": 0.0084226521002976201, "supply": [{"l": "Butter, Ghee", "v": 0.0084226521002976201}]}, {"source": 26, "prod": 13.0, "target": 19, "value": 0.053774019906154234, "supply": [{"l": "Sugar", "v": 0.053774019906154234}]}, {"source": 26, "prod": 58.0, "target": 8, "value": 0.186058323836988, "supply": [{"l": "Maize", "v": 0.0091666169490539837}, {"l": "Wheat", "v": 0.17362630945828017}, {"l": "Sorghum", "v": 0.0032653974296538461}]}, {"source": 1, "prod": 499.0, "target": 0, "value": 0.27965196913450707, "supply": [{"l": "Milk - Excluding Butter", "v": 0.27965196913450707}]}, {"source": 1, "prod": 72.0, "target": 17, "value": 0.11821164749065612, "supply": [{"l": "Eggs", "v": 0.12970444655224767}]}, {"source": 1, "prod": 126.0, "target": 10, "value": 0.24661611197611144, "supply": [{"l": "Poultry Meat", "v": 0.099500921127883848}, {"l": "Bovine Meat", "v": 0.10416531642352243}, {"l": "Pigmeat", "v": 0.017445273939246577}, {"l": "Offals, Edible", "v": 0.016634416422816795}, {"l": "Mutton & Goat Meat", "v": 0.0088701840626417908}]}, {"source": 1, "prod": 194.0, "target": 6, "value": 0.1466257062044608, "supply": [{"l": "Demersal Fish", "v": 0.0058204067530393056}, {"l": "Freshwater Fish", "v": 0.0097507343201032482}, {"l": "Pelagic Fish", "v": 0.061745696851636375}, {"l": "Marine Fish, Other", "v": 0.0022539911461327434}, {"l": "Fish, Seafood", "v": 0.067054877133549143}]}, {"source": 19, "prod": 121.0, "target": 7, "value": 0.49884246454142983, "supply": [{"l": "Honey", "v": 0.0066033592466333332}, {"l": "Sugar", "v": 0.49223910529479648}]}, {"source": 19, "prod": 60.0, "target": 15, "value": 0.61528237916953232, "supply": [{"l": "Olive Oil", "v": 0.031258759031140913}, {"l": "Cottonseed Oil", "v": 0.050435841487722774}, {"l": "Coconut Oil", "v": 0.010612541646375}, {"l": "Oilcrops Oil, Other", "v": 0.025470099951300004}, {"l": "Soyabean Oil", "v": 0.49750513705299365}]}, {"source": 19, "prod": 5.0, "target": 14, "value": 0.044303150047565479, "supply": [{"l": "Fats, Animals, Raw", "v": 0.010612541646375}, {"l": "Butter, Ghee", "v": 0.033690608401190481}]}, {"source": 19, "prod": 55.0, "target": 13, "value": 0.0528421046955945, "supply": [{"l": "Beer", "v": 0.013736683119802249}, {"l": "Beverages, Alcoholic", "v": 0.023772093287880002}, {"l": "Beverages, Fermented", "v": 0.0046695183244049995}, {"l": "Wine", "v": 0.010663809963507248}]}, {"source": 2, "prod": 223.0, "target": 27, "value": 0.63723944125379839, "supply": [{"l": "Olives", "v": 0.087166666500000003}, {"l": "Sunflower seed", "v": 0.0087166666500000014}, {"l": "Coconuts - Incl Copra", "v": 0.026149999950000002}, {"l": "Sesame seed", "v": 0.0069733333200000004}, {"l": "Cottonseed", "v": 0.05613032159014375}, {"l": "Groundnuts", "v": 0.029636666610000004}, {"l": "Oilcrops, Other", "v": 0.015254166637500002}, {"l": "Soyabeans", "v": 0.44280666582000006}]}, {"source": 3, "prod": 435.0, "target": 27, "value": 1.5414805883956244, "supply": [{"l": "Tomatoes", "v": 0.40096666590000002}, {"l": "Vegetables, Other", "v": 1.0093899980700001}, {"l": "Onions", "v": 0.10634333313000001}]}, {"source": 20, "prod": 115.60000000000001, "target": 27, "value": 0.13435288863200001, "supply": [{"l": "Sugar beet", "v": 0.13435288863200001}]}, {"source": 4, "prod": 50.75, "target": 27, "value": 0.17733573502847105, "supply": [{"l": "Potatoes", "v": 0.17607666633000002}, {"l": "Sweet potatoes", "v": 0.0012590686984710125}]}, {"source": 5, "prod": 12.0, "target": 27, "value": 0.042078368831334194, "supply": [{"l": "Peas", "v": 0.0034866666600000006}, {"l": "Beans", "v": 0.0087166666499999997}, {"l": "Pulses, Other", "v": 0.029636666610000004}]}, {"source": 8, "prod": 1442.0, "target": 27, "value": 4.977072796312962, "supply": [{"l": "Maize", "v": 0.58924666553999994}, {"l": "Barley", "v": 0.74265999857999998}, {"l": "Rice", "v": 0.06275999988}, {"l": "Wheat", "v": 2.1547599958800001}, {"l": "Oats", "v": 0.0069733333200000004}, {"l": "Sorghum", "v": 1.4713733305200001}]}, {"source": 28, "prod": 0, "target": 2, "value": 0.0021811713179877767, "supply": "[{\"l\":'Energy for power irrigation',\"v\":0.0021811713179877767}]"}, {"source": 28, "prod": 0, "target": 11, "value": 9.7810373003936173e-06, "supply": "[{\"l\":'Energy for power irrigation',\"v\":9.7810373003936173e-06}]"}, {"source": 28, "prod": 0, "target": 3, "value": 0.0042547512256712232, "supply": "[{\"l\":'Energy for power irrigation',\"v\":0.0042547512256712232}]"}, {"source": 28, "prod": 0, "target": 20, "value": 0.0028267197798137553, "supply": "[{\"l\":'Energy for power irrigation',\"v\":0.0028267197798137553}]"}, {"source": 28, "prod": 0, "target": 4, "value": 0.0009927752859899522, "supply": "[{\"l\":'Energy for power irrigation',\"v\":0.0009927752859899522}]"}, {"source": 28, "prod": 0, "target": 5, "value": 0.00011737244760472341, "supply": "[{\"l\":'Energy for power irrigation',\"v\":0.00011737244760472341}]"}, {"source": 28, "prod": 0, "target": 12, "value": 9.7810373003936173e-06, "supply": "[{\"l\":'Energy for power irrigation',\"v\":9.7810373003936173e-06}]"}, {"source": 28, "prod": 0, "target": 8, "value": 0.0070521278935837982, "supply": "[{\"l\":'Energy for power irrigation',\"v\":0.0070521278935837982}]"}, {"source": 28, "prod": 0, "target": 18, "value": 0.013463597843991815, "supply": "[{\"l\":'Energy for power irrigation',\"v\":0.013463597843991815}]"}, {"source": 28, "prod": 0, "target": 19, "value": 0.14776242827394401, "supply": "[{\"l\":'Electricity',\"v\":0.14776242827394401}]"}, {"source": 29, "prod": 0, "target": 28, "value": 0.47020464067503354, "supply": [{"l": "Coal", "v": 0.0}, {"l": "Natural gas", "v": 0.0019945025068832233}, {"l": "Oil", "v": 0.46821013816815032}]}, {"source": 29, "prod": 0, "target": 2, "value": 0.10154675122347108, "supply": [{"l": "Gas-Diesel oil", "v": 0.07993778415984519}, {"l": "Fuel oil", "v": 0.021608967063625882}]}, {"source": 29, "prod": 0, "target": 11, "value": 0.00045536659741466848, "supply": [{"l": "Gas-Diesel oil", "v": 0.00035846539981993359}, {"l": "Fuel oil", "v": 9.6901197594734885e-05}]}, {"source": 29, "prod": 0, "target": 3, "value": 0.19808446987538078, "supply": [{"l": "Gas-Diesel oil", "v": 0.1559324489216711}, {"l": "Fuel oil", "v": 0.042152020953709672}]}, {"source": 29, "prod": 0, "target": 20, "value": 0.1316009466528392, "supply": [{"l": "Gas-Diesel oil", "v": 0.10359650054796081}, {"l": "Fuel oil", "v": 0.028004446104878383}]}, {"source": 29, "prod": 0, "target": 4, "value": 0.046219709637588847, "supply": [{"l": "Gas-Diesel oil", "v": 0.036384238081723259}, {"l": "Fuel oil", "v": 0.0098354715558655898}]}, {"source": 29, "prod": 0, "target": 5, "value": 0.0054643991689760224, "supply": [{"l": "Gas-Diesel oil", "v": 0.0043015847978392033}, {"l": "Fuel oil", "v": 0.0011628143711368186}]}, {"source": 29, "prod": 0, "target": 12, "value": 0.00045536659741466848, "supply": [{"l": "Gas-Diesel oil", "v": 0.00035846539981993359}, {"l": "Fuel oil", "v": 9.6901197594734885e-05}]}, {"source": 29, "prod": 0, "target": 8, "value": 0.32831931673597597, "supply": [{"l": "Gas-Diesel oil", "v": 0.25845355327017211}, {"l": "Fuel oil", "v": 0.069865763465803851}]}, {"source": 29, "prod": 0, "target": 18, "value": 0.62681212134129127, "supply": [{"l": "Gas-Diesel oil", "v": 0.49342762285213865}, {"l": "Fuel oil", "v": 0.13338449848915257}]}, {"source": 30, "prod": 3.2810693413362819, "target": 2, "value": 0.041264145424295823, "supply": [{"l": "Potash", "v": 0.016524263902108299}, {"l": "Phosphate", "v": 0.049721458373110497}, {"l": "Nitrogen", "v": 0.51950159763782344}]}, {"source": 30, "prod": 0.014713315432001264, "target": 11, "value": 0.00018504101087128173, "supply": [{"l": "Potash", "v": 0.016524263902108299}, {"l": "Phosphate", "v": 0.049721458373110497}, {"l": "Nitrogen", "v": 0.51950159763782344}]}, {"source": 30, "prod": 6.4002922129205491, "target": 3, "value": 0.080492839729007545, "supply": [{"l": "Potash", "v": 0.016524263902108299}, {"l": "Phosphate", "v": 0.049721458373110497}, {"l": "Nitrogen", "v": 0.51950159763782344}]}, {"source": 30, "prod": 4.2521481598483648, "target": 20, "value": 0.053476852141800417, "supply": [{"l": "Potash", "v": 0.016524263902108299}, {"l": "Phosphate", "v": 0.049721458373110497}, {"l": "Nitrogen", "v": 0.51950159763782344}]}, {"source": 30, "prod": 1.4934015163481282, "target": 4, "value": 0.018781662603435095, "supply": [{"l": "Potash", "v": 0.016524263902108299}, {"l": "Phosphate", "v": 0.049721458373110497}, {"l": "Nitrogen", "v": 0.51950159763782344}]}, {"source": 30, "prod": 0.17655978518401519, "target": 5, "value": 0.0022204921304553806, "supply": [{"l": "Potash", "v": 0.016524263902108299}, {"l": "Phosphate", "v": 0.049721458373110497}, {"l": "Nitrogen", "v": 0.51950159763782344}]}, {"source": 30, "prod": 0.014713315432001264, "target": 12, "value": 0.00018504101087128173, "supply": [{"l": "Potash", "v": 0.016524263902108299}, {"l": "Phosphate", "v": 0.049721458373110497}, {"l": "Nitrogen", "v": 0.51950159763782344}]}, {"source": 30, "prod": 10.608300426472912, "target": 8, "value": 0.13341456883819411, "supply": [{"l": "Potash", "v": 0.016524263902108299}, {"l": "Phosphate", "v": 0.049721458373110497}, {"l": "Nitrogen", "v": 0.51950159763782344}]}, {"source": 30, "prod": 20.252878692149743, "target": 18, "value": 0.25470895146431932, "supply": [{"l": "Potash", "v": 0.016524263902108299}, {"l": "Phosphate", "v": 0.049721458373110497}, {"l": "Nitrogen", "v": 0.51950159763782344}]}, {"source": 29, "prod": 0, "target": 30, "value": 0.70507714201882177, "supply": [{"l": "Natural gas (including LNG)", "v": 0.47677235014144326}, {"l": "Fuel oil", "v": 0.13647187810511277}, {"l": "Liquefied petroleum gas (LPG)", "v": 0.045916456886132877}, {"l": "Coal", "v": 0.045916456886132877}]}, {"source": 31, "prod": 0, "target": 4, "value": 0.0013715951064846266, "supply": "[{\"l\":'Labor',\"v\":0.0013715951064846266}]"}, {"source": 31, "prod": 0, "target": 2, "value": 0.0030134552585819882, "supply": "[{\"l\":'Labor',\"v\":0.0030134552585819882}]"}, {"source": 31, "prod": 0, "target": 11, "value": 1.3513252280636717e-05, "supply": "[{\"l\":'Labor',\"v\":1.3513252280636717e-05}]"}, {"source": 31, "prod": 0, "target": 3, "value": 0.0058782647420769722, "supply": "[{\"l\":'Labor',\"v\":0.0058782647420769722}]"}, {"source": 31, "prod": 0, "target": 12, "value": 1.3513252280636717e-05, "supply": "[{\"l\":'Labor',\"v\":1.3513252280636717e-05}]"}, {"source": 31, "prod": 0, "target": 20, "value": 0.0039053299091040112, "supply": "[{\"l\":'Labor',\"v\":0.0039053299091040112}]"}, {"source": 31, "prod": 0, "target": 5, "value": 0.00016215902736764061, "supply": "[{\"l\":'Labor',\"v\":0.00016215902736764061}]"}, {"source": 31, "prod": 0, "target": 8, "value": 0.0097430548943390725, "supply": "[{\"l\":'Labor',\"v\":0.0097430548943390725}]"}, {"source": 31, "prod": 0, "target": 16, "value": 7.4322887543501947e-05, "supply": "[{\"l\":'Labor',\"v\":7.4322887543501947e-05}]"}, {"source": 31, "prod": 0, "target": 18, "value": 0.018600991764296443, "supply": "[{\"l\":'Labor',\"v\":0.018600991764296443}]"}, {"source": 29, "prod": 0, "target": 23, "value": 2.3573437911757016, "supply": "[{\"l\":'Fossil Fuels',\"v\":2.3573437911757016}]"}, {"source": 32, "prod": 0, "target": 23, "value": 0.0013465103976637576, "supply": "[{\"l\":'Renewables & Nuclear',\"v\":0.0},{\"l\":'Biomass & Waste',\"v\":0.0013465103976637576}]"}]}