{"nodes": [{"layer": 3, "name": "Cereals", "fill": "#e7ba52"}, {"layer": 5, "name": "Production", "fill": "#b5cf6b"}, {"layer": 3, "name": "Oilcrops", "fill": "#ff9896"}, {"layer": 3, "name": "Starchy Roots"}, {"layer": 3, "name": "Fruits & Vegetables"}, {"layer": 3, "name": "Others"}, {"layer": 1, "name": "Electricity", "fill": "#bcbd22"}, {"layer": 0, "name": "Fossil Fuels", "fill": "#c49c94"}, {"layer": 0, "name": "Renewables & Nuclear", "fill": "#2ca02c"}, {"layer": 1, "name": "Fertilizers", "fill": "#c5b0d5"}, {"layer": 0, "name": "Labor", "fill": "#7f7f7f"}], "links": [{"source": 0, "prod": 241.0, "target": 1, "value": 0.77217628927678639, "supply": [{"l": "Maize", "v": 0.31293775837359661}, {"l": "Barley", "v": 0.024762597174875004}, {"l": "Wheat", "v": 0.40891852586194327}, {"l": "Sorghum", "v": 0.025557407866371454}]}, {"source": 2, "prod": 231.0, "target": 1, "value": 0.66869459921284258, "supply": [{"l": "Olives", "v": 0.048932704339935969}, {"l": "Sunflower seed", "v": 0.032474377437907508}, {"l": "Groundnuts", "v": 0.10477062391314894}, {"l": "Oilcrops, Other", "v": 0.02122508329275}, {"l": "Cottonseed", "v": 0.4612918102291001}, {"l": "Oil Palm", "v": 5.5511151231257827e-17}]}, {"source": 3, "prod": 207.0, "target": 1, "value": 0.16337374749244069, "supply": [{"l": "Potatoes", "v": 0.15865706231627402}, {"l": "Sweet potatoes", "v": 0.0047166851761666663}]}, {"source": 4, "prod": 2843.0, "target": 1, "value": 1.0638989853207357, "supply": [{"l": "Citrus, Other", "v": 0.0081355555400000005}, {"l": "Grapefruit", "v": 0.1153846809874329}, {"l": "Tomatoes", "v": 0.06693017518786705}, {"l": "Treenuts", "v": 0.0089368771758947391}, {"l": "Vegetables, Other", "v": 0.11899112480409366}, {"l": "Grapes", "v": 0.059867267485833847}, {"l": "Dates", "v": 0.01369360212435484}, {"l": "Apples", "v": 0.038044300860810544}, {"l": "Lemons, Limes", "v": 0.011673795811012501}, {"l": "Bananas", "v": 0.058393240254123457}, {"l": "Fruits, Other", "v": 0.11963438157628162}, {"l": "Oranges, Mandarines", "v": 0.39746433481460214}, {"l": "Onions", "v": 0.027000105955441694}, {"l": "Pulses, Other", "v": 0.019749542742986636}]}, {"source": 5, "prod": 3.0, "target": 1, "value": 0.0093754969145889589, "supply": [{"l": "Nuts", "v": 0.0093754969145889589}]}, {"source": 6, "prod": 0, "target": 3, "value": 0.017682241325295306, "supply": "[{\"l\":'Energy for power irrigation',\"v\":0.017682241325295306}]"}, {"source": 6, "prod": 0, "target": 4, "value": 0.11556536204788131, "supply": "[{\"l\":'Energy for power irrigation',\"v\":0.11556536204788131}]"}, {"source": 6, "prod": 0, "target": 0, "value": 0.044836396746700105, "supply": "[{\"l\":'Energy for power irrigation',\"v\":0.044836396746700105}]"}, {"source": 6, "prod": 0, "target": 2, "value": 0.018122795469300398, "supply": "[{\"l\":'Energy for power irrigation',\"v\":0.018122795469300398}]"}, {"source": 6, "prod": 0, "target": 5, "value": 0.00078098234619084601, "supply": "[{\"l\":'Energy for power irrigation',\"v\":0.00078098234619084601}]"}, {"source": 7, "prod": 0, "target": 6, "value": 0.5110891295023744, "supply": [{"l": "Coal", "v": 0.2748378945054708}, {"l": "Natural gas", "v": 0.0}, {"l": "Oil", "v": 0.23625123499690359}]}, {"source": 8, "prod": 0, "target": 6, "value": 2.5529779411011828e-05, "supply": [{"l": "Nuclear", "v": 0.0}, {"l": "Hydroelectric", "v": 2.5529779411011828e-05}, {"l": "Renewable", "v": 0.0}]}, {"source": 7, "prod": 0, "target": 3, "value": 0.22809811049162873, "supply": [{"l": "Gas-Diesel oil", "v": 0.10721708298141709}, {"l": "Fuel oil", "v": 0.12088102751021164}]}, {"source": 7, "prod": 0, "target": 4, "value": 1.4907748535075758, "supply": [{"l": "Gas-Diesel oil", "v": 0.70073588435533174}, {"l": "Fuel oil", "v": 0.79003896915224381}]}, {"source": 7, "prod": 0, "target": 0, "value": 0.57838241154106085, "supply": [{"l": "Gas-Diesel oil", "v": 0.27186755242966348}, {"l": "Fuel oil", "v": 0.30651485911139731}]}, {"source": 7, "prod": 0, "target": 2, "value": 0.23378118912222423, "supply": [{"l": "Gas-Diesel oil", "v": 0.10988840328219984}, {"l": "Fuel oil", "v": 0.12389278584002437}]}, {"source": 7, "prod": 0, "target": 5, "value": 0.010074548481510216, "supply": [{"l": "Gas-Diesel oil", "v": 0.0047355223513876176}, {"l": "Fuel oil", "v": 0.0053390261301225978}]}, {"source": 9, "prod": 8.2671851174138453, "target": 3, "value": 0.098702425869345176, "supply": [{"l": "Potash", "v": 0.053841666709739999}, {"l": "Phosphate", "v": 0.077012500061609993}, {"l": "Nitrogen", "v": 0.96873333410831985}]}, {"source": 9, "prod": 54.031625495577913, "target": 4, "value": 0.64508686261833625, "supply": [{"l": "Potash", "v": 0.053841666709739999}, {"l": "Phosphate", "v": 0.077012500061609993}, {"l": "Nitrogen", "v": 0.96873333410831985}]}, {"source": 9, "prod": 20.962885025922535, "target": 0, "value": 0.25027715914095566, "supply": [{"l": "Potash", "v": 0.053841666709739999}, {"l": "Phosphate", "v": 0.077012500061609993}, {"l": "Nitrogen", "v": 0.96873333410831985}]}, {"source": 9, "prod": 8.4731625495577916, "target": 2, "value": 0.10116160295782263, "supply": [{"l": "Potash", "v": 0.053841666709739999}, {"l": "Phosphate", "v": 0.077012500061609993}, {"l": "Nitrogen", "v": 0.96873333410831985}]}, {"source": 9, "prod": 0.36514181152790487, "target": 5, "value": 0.0043594502932100361, "supply": [{"l": "Potash", "v": 0.053841666709739999}, {"l": "Phosphate", "v": 0.077012500061609993}, {"l": "Nitrogen", "v": 0.96873333410831985}]}, {"source": 7, "prod": 0, "target": 9, "value": 1.3482253505206958, "supply": [{"l": "Natural gas (including LNG)", "v": 0.90134304344923999}, {"l": "Fuel oil", "v": 0.27563816625649462}, {"l": "Liquefied petroleum gas (LPG)", "v": 0.085622070407480697}, {"l": "Coal", "v": 0.085622070407480697}]}, {"source": 10, "prod": 0, "target": 3, "value": 0.005696256969331126, "supply": "[{\"l\":'Labor',\"v\":0.005696256969331126}]"}, {"source": 10, "prod": 0, "target": 4, "value": 0.03722887765573038, "supply": "[{\"l\":'Labor',\"v\":0.03722887765573038}]"}, {"source": 10, "prod": 0, "target": 0, "value": 0.014443849778405878, "supply": "[{\"l\":'Labor',\"v\":0.014443849778405878}]"}, {"source": 10, "prod": 0, "target": 2, "value": 0.0058381795665285036, "supply": "[{\"l\":'Labor',\"v\":0.0058381795665285036}]"}, {"source": 10, "prod": 0, "target": 5, "value": 0.00025159005866807918, "supply": "[{\"l\":'Labor',\"v\":0.00025159005866807918}]"}]}