{"nodes": [{"layer": 5, "name": "Cereals", "fill": "#e7ba52"}, {"layer": 10, "name": "Feed", "fill": "#dbdb8d"}, {"layer": 13, "name": "Other Processed", "fill": "#9c9ede"}, {"layer": 16, "name": "Food", "fill": "#b5cf6b"}, {"layer": 13, "name": "Animal Products", "fill": "#17becf"}, {"layer": 5, "name": "Fruits, Roots & Vegetables", "fill": "#98df8a"}, {"layer": 13, "name": "Sugar", "fill": "#d6616b"}, {"layer": 13, "name": "Aquatic Products", "fill": "#1f77b4"}, {"layer": 13, "name": "Vegetable Oils", "fill": "#f7b6d2"}, {"layer": 10, "name": "Processing", "fill": "#9edae5"}, {"layer": 16, "name": "Biofuels & Other", "fill": "#e7ba52"}, {"name": "Waste", "fill": "#c7c7c7"}, {"layer": 2, "name": "Import", "fill": "#aec7e8"}, {"layer": 16, "name": "Export", "fill": "#aec7e8"}, {"layer": 0, "name": "Stock Draw", "fill": "#c7c7c7"}, {"layer": 16, "name": "Stock Deposit", "fill": "#c7c7c7"}], "links": [{"source": 0, "prod": 0.0067258705499103908, "target": 1, "value": 2.0, "supply": [{"l": "Maize", "v": 2.0}]}, {"source": 2, "prod": 0.018424198982817629, "target": 3, "value": 17.0, "supply": [{"l": "Beer", "v": 14.0}, {"l": "Beverages, Alcoholic", "v": 1.0}, {"l": "Wine", "v": 1.0}, {"l": "Fats, Animals, Raw", "v": 1.0}]}, {"source": 4, "prod": 0.051674810820565256, "target": 3, "value": 51.0, "supply": [{"l": "Pigmeat", "v": 4.0}, {"l": "Milk - Excluding Butter", "v": 35.0}, {"l": "Meat, Other", "v": 1.0}, {"l": "Bovine Meat", "v": 5.0}, {"l": "Poultry Meat", "v": 6.0}]}, {"source": 0, "prod": 0.086357257070478935, "target": 3, "value": 25.0, "supply": [{"l": "Maize", "v": 3.0}, {"l": "Wheat", "v": 14.0}, {"l": "Rice", "v": 8.0}]}, {"source": 5, "prod": 0.024347749383001504, "target": 3, "value": 40.0, "supply": [{"l": "Plantains", "v": 1.0}, {"l": "Fruits, Other", "v": 14.0}, {"l": "Infant food", "v": 1.0}, {"l": "Apples", "v": 1.0}, {"l": "Tomatoes", "v": 2.0}, {"l": "Vegetables, Other", "v": 7.0}, {"l": "Oranges, Mandarines", "v": 3.0}, {"l": "Potatoes", "v": 9.0}, {"l": "Onions", "v": 1.0}, {"l": "Lemons, Limes", "v": 1.0}]}, {"source": 6, "prod": 0.012735049975650002, "target": 3, "value": 6.0, "supply": [{"l": "Sugar", "v": 6.0}]}, {"source": 7, "prod": 0.0060080867500024483, "target": 3, "value": 8.0, "supply": [{"l": "Fish, Seafood", "v": 4.0}, {"l": "Pelagic Fish", "v": 1.0}, {"l": "Crustaceans", "v": 1.0}, {"l": "Marine Fish, Other", "v": 2.0}]}, {"source": 8, "prod": 0.020520363768789303, "target": 3, "value": 2.0, "supply": [{"l": "Maize Germ Oil", "v": 1.0}, {"l": "Soyabean Oil", "v": 1.0}]}, {"source": 0, "prod": 0.015395076648053084, "target": 9, "value": 5.0, "supply": [{"l": "Maize", "v": 3.0}, {"l": "Barley", "v": 2.0}]}, {"source": 5, "prod": 0.00042084216873556035, "target": 10, "value": 1.0, "supply": [{"l": "Fruits, Other", "v": 1.0}]}, {"source": 2, "prod": 0.0014085737094279545, "target": 10, "value": 2.0, "supply": [{"l": "Alcohol, Non-Food", "v": 2.0}]}, {"source": 8, "prod": 0.010250162175523173, "target": 10, "value": 1.0, "supply": [{"l": "Soyabean Oil", "v": 1.0}]}, {"source": 4, "prod": 0.0040779617076826813, "target": 10, "value": 6.0, "supply": [{"l": "Milk - Excluding Butter", "v": 5.0}, {"l": "Poultry Meat", "v": 1.0}]}, {"source": 0, "prod": 0.0041249776270742937, "target": 10, "value": 1.0, "supply": [{"l": "Rice", "v": 1.0}]}, {"source": 5, "prod": 0.00084900333171000005, "target": 11, "value": 1.0, "supply": [{"l": "Potatoes", "v": 1.0}]}, {"source": 0, "prod": 0.0030906164449299284, "target": 11, "value": 1.0, "supply": [{"l": "Wheat", "v": 1.0}]}, {"source": 12, "prod": 0.070702575445234755, "target": 9, "value": 20.0, "supply": [{"l": "Sugar", "v": 7.0}, {"l": "Maize Germ Oil", "v": 1.0}, {"l": "Beer", "v": 6.0}, {"l": "Beverages, Alcoholic", "v": 1.0}, {"l": "Oilcrops Oil, Other", "v": 1.0}, {"l": "Wine", "v": 1.0}, {"l": "Fats, Animals, Raw", "v": 1.0}, {"l": "Soyabean Oil", "v": 2.0}]}, {"source": 12, "prod": 0.85326030419817234, "target": 0, "value": 212.0, "supply": [{"l": "Maize", "v": 5.0}, {"l": "Rice", "v": 191.0}, {"l": "Wheat", "v": 14.0}, {"l": "Barley", "v": 2.0}]}, {"source": 12, "prod": 0.063498235666414216, "target": 1, "value": 66.0, "supply": [{"l": "Pigmeat", "v": 5.0}, {"l": "Milk - Excluding Butter", "v": 43.0}, {"l": "Fish, Seafood", "v": 3.0}, {"l": "Meat, Other", "v": 1.0}, {"l": "Crustaceans", "v": 1.0}, {"l": "Poultry Meat", "v": 6.0}, {"l": "Marine Fish, Other", "v": 2.0}, {"l": "Bovine Meat", "v": 5.0}]}, {"source": 12, "prod": 0.025814465221234893, "target": 5, "value": 42.0, "supply": [{"l": "Plantains", "v": 2.0}, {"l": "Fruits, Other", "v": 15.0}, {"l": "Infant food", "v": 1.0}, {"l": "Apples", "v": 1.0}, {"l": "Lemons, Limes", "v": 1.0}, {"l": "Tomatoes", "v": 2.0}, {"l": "Vegetables, Other", "v": 7.0}, {"l": "Potatoes", "v": 9.0}, {"l": "Oranges, Mandarines", "v": 3.0}, {"l": "Onions", "v": 1.0}]}, {"source": 4, "prod": 0.0015679365151078832, "target": 13, "value": 3.0, "supply": [{"l": "Milk - Excluding Butter", "v": 3.0}]}, {"source": 0, "prod": 0.53830334678244363, "target": 13, "value": 131.0, "supply": [{"l": "Rice", "v": 129.0}, {"l": "Wheat", "v": 2.0}]}, {"source": 14, "prod": 0.002122508329275, "target": 9, "value": 1.0, "supply": [{"l": "Sugar", "v": 1.0}]}, {"source": 0, "prod": 0.022723590434610568, "target": 15, "value": 7.0, "supply": [{"l": "Maize", "v": 4.0}, {"l": "Wheat", "v": 3.0}]}, {"source": 14, "prod": 0.21862381423493754, "target": 0, "value": 53.0, "supply": [{"l": "Rice", "v": 53.0}]}, {"source": 5, "prod": 0.00084900333171000005, "target": 15, "value": 1.0, "supply": [{"l": "Potatoes", "v": 1.0}]}, {"source": 1, "prod": 0.0060080867500024483, "target": 7, "value": 8.0, "supply": [{"l": "Crustaceans", "v": 1.0}, {"l": "Pelagic Fish", "v": 1.0}, {"l": "Marine Fish, Other", "v": 2.0}, {"l": "Fish, Seafood", "v": 4.0}]}, {"source": 1, "prod": 0.057320709043355823, "target": 4, "value": 60.0, "supply": [{"l": "Milk - Excluding Butter", "v": 43.0}, {"l": "Bovine Meat", "v": 5.0}, {"l": "Pigmeat", "v": 4.0}, {"l": "Meat, Other", "v": 1.0}, {"l": "Poultry Meat", "v": 7.0}]}, {"source": 9, "prod": 0.019832772692245582, "target": 2, "value": 19.0, "supply": [{"l": "Fats, Animals, Raw", "v": 1.0}, {"l": "Beer", "v": 14.0}, {"l": "Beverages, Alcoholic", "v": 1.0}, {"l": "Alcohol, Non-Food", "v": 2.0}, {"l": "Wine", "v": 1.0}]}, {"source": 9, "prod": 0.030770525944312475, "target": 8, "value": 3.0, "supply": [{"l": "Maize Germ Oil", "v": 1.0}, {"l": "Soyabean Oil", "v": 2.0}]}, {"source": 9, "prod": 0.012735049975650002, "target": 6, "value": 6.0, "supply": [{"l": "Sugar", "v": 6.0}]}]}