{"nodes": [{"name": "Balance", "fill": "#9edae5"}, {"name": "Food", "fill": "#b5cf6b"}, {"name": "Export", "fill": "#aec7e8"}, {"name": "Biofuels & Other", "fill": "#e7ba52"}, {"name": "Crop Residue", "fill": "#bd9e39"}, {"name": "Renewables & Nuclear", "fill": "#2ca02c"}, {"name": "Fossil Fuels", "fill": "#c49c94"}, {"name": "Stock Draw", "fill": "#c7c7c7"}, {"name": "Labor", "fill": "#7f7f7f"}], "links": [{"source": 0, "target": 1, "value": 0.22374673126112765}, {"source": 0, "target": 2, "value": 0.0095763786053576425}, {"source": 0, "target": 3, "value": 0.041924606973685899}, {"source": 0, "target": 4, "value": 0.14259620747062091}, {"source": 5, "target": 0, "value": 0.2036117749932925}, {"source": 6, "target": 0, "value": 1.0994054979807097}, {"source": 7, "target": 0, "value": 0.030432819295240495}, {"source": 8, "target": 0, "value": 0.00079247516507175201}]}