{"nodes": [{"layer": 5, "name": "Fruits & Vegetables"}, {"layer": 10, "name": "Feed", "fill": "#dbdb8d"}, {"layer": 5, "name": "Cereals", "fill": "#e7ba52"}, {"layer": 13, "name": "Other Processed", "fill": "#9c9ede"}, {"layer": 16, "name": "Food", "fill": "#b5cf6b"}, {"layer": 13, "name": "Animal Products", "fill": "#17becf"}, {"layer": 5, "name": "Oilcrops", "fill": "#ff9896"}, {"layer": 13, "name": "Sugar", "fill": "#d6616b"}, {"layer": 5, "name": "Starchy Roots"}, {"layer": 5, "name": "Others"}, {"layer": 13, "name": "Aquatic Products", "fill": "#1f77b4"}, {"layer": 13, "name": "Vegetable Oils", "fill": "#f7b6d2"}, {"layer": 16, "name": "Biofuels & Other", "fill": "#e7ba52"}, {"name": "Waste", "fill": "#c7c7c7"}, {"layer": 2, "name": "Import", "fill": "#aec7e8"}, {"layer": 10, "name": "Processing", "fill": "#9edae5"}, {"layer": 16, "name": "Export", "fill": "#aec7e8"}, {"layer": 0, "name": "Stock Draw", "fill": "#c7c7c7"}, {"layer": 16, "name": "Stock Deposit", "fill": "#c7c7c7"}, {"layer": 2, "name": "Electricity", "fill": "#bcbd22"}, {"layer": 0, "name": "Fossil Fuels", "fill": "#c49c94"}, {"layer": 2, "name": "Fertilizers", "fill": "#c5b0d5"}, {"layer": 0, "name": "Labor", "fill": "#7f7f7f"}], "links": [{"source": 0, "prod": 8.0, "target": 1, "value": 0.012090282015367826, "supply": [{"l": "Dates", "v": 0.012090282015367826}]}, {"source": 2, "prod": 94.0, "target": 1, "value": 0.31060651067469103, "supply": [{"l": "Rice", "v": 0.046075210986132625}, {"l": "Sorghum", "v": 0.010109577587305097}, {"l": "Barley", "v": 0.21197155551575331}, {"l": "Oats", "v": 0.0424501665855}]}, {"source": 3, "prod": 13.0, "target": 4, "value": 0.056284960077711561, "supply": [{"l": "Beer", "v": 0.0043190576467805235}, {"l": "Fats, Animals, Raw", "v": 0.010438565553811476}, {"l": "Butter, Ghee", "v": 0.041527336877119563}]}, {"source": 5, "prod": 296.0, "target": 4, "value": 0.31350424050100034, "supply": [{"l": "Meat, Other", "v": 0.007718212106454546}, {"l": "Eggs", "v": 0.019790956043239865}, {"l": "Milk - Excluding Butter", "v": 0.15623975014284711}, {"l": "Mutton & Goat Meat", "v": 0.058618382383867101}, {"l": "Poultry Meat", "v": 0.048137854230365734}, {"l": "Offals, Edible", "v": 0.0054774408497419358}, {"l": "Bovine Meat", "v": 0.017521644744484054}]}, {"source": 2, "prod": 234.0, "target": 4, "value": 0.8141675225685755, "supply": [{"l": "Maize", "v": 0.057287606328062207}, {"l": "Rice", "v": 0.27226261037260185}, {"l": "Wheat", "v": 0.48135190843825759}, {"l": "Cereals, Other", "v": 0.0032653974296538461}]}, {"source": 6, "prod": 5.0, "target": 4, "value": 0.0088567035397502398, "supply": [{"l": "Coconuts - Incl Copra", "v": 0.0063223652361382989}, {"l": "Soyabeans", "v": 0.0025343383036119404}]}, {"source": 7, "prod": 50.0, "target": 4, "value": 0.18114741605603971, "supply": [{"l": "Sugar", "v": 0.15598698297344851}, {"l": "Sweeteners, Other", "v": 0.02516043308259119}]}, {"source": 8, "prod": 12.0, "target": 4, "value": 0.009140982037986951, "supply": [{"l": "Potatoes", "v": 0.009140982037986951}]}, {"source": 0, "prod": 492.0, "target": 4, "value": 0.32871340492565432, "supply": [{"l": "Citrus, Other", "v": 0.0005815091313082192}, {"l": "Tomatoes", "v": 0.0092351413090828189}, {"l": "Treenuts", "v": 0.0028300111056999999}, {"l": "Vegetables, Other", "v": 0.044114879000617647}, {"l": "Grapes", "v": 0.0049576836888175187}, {"l": "Dates", "v": 0.17833165972667545}, {"l": "Pulses, Other", "v": 0.028341007171244225}, {"l": "Lemons, Limes", "v": 0.0033513289409605267}, {"l": "Bananas", "v": 0.014219760235536947}, {"l": "Fruits, Other", "v": 0.012692740839518274}, {"l": "Oranges, Mandarines", "v": 0.013249333307999999}, {"l": "Onions", "v": 0.0040622168981339713}, {"l": "Apples", "v": 0.012746133570058747}]}, {"source": 9, "prod": 12.0, "target": 4, "value": 0.044800385824098135, "supply": [{"l": "Nuts", "v": 0.0028300111056999999}, {"l": "Infant food", "v": 0.0039488527056279069}, {"l": "Coffee", "v": 0.0014309044916460676}, {"l": "Cocoa Beans", "v": 0.026905035159823947}, {"l": "Spices, Other", "v": 0.0087526116671134031}, {"l": "Tea", "v": 0.00093297069418681326}]}, {"source": 10, "prod": 95.0, "target": 4, "value": 0.047746154735149926, "supply": [{"l": "Cephalopods", "v": 0.0015297357328108107}, {"l": "Marine Fish, Other", "v": 0.00084900333171000005}, {"l": "Fish, Seafood", "v": 0.024098952645601961}, {"l": "Pelagic Fish", "v": 0.019004454140467156}, {"l": "Demersal Fish", "v": 0.00226400888456}]}, {"source": 11, "prod": 20.0, "target": 4, "value": 0.20510216364608272, "supply": [{"l": "Soyabean Oil", "v": 0.010290949475272728}, {"l": "Palm Oil", "v": 0.14412236393878203}, {"l": "Sunflowerseed Oil", "v": 0.040960687056184213}, {"l": "Oilcrops Oil, Other", "v": 0.0097281631758437508}]}, {"source": 3, "prod": 4.0, "target": 12, "value": 0.0024680329410174417, "supply": [{"l": "Alcohol, Non-Food", "v": 0.00061700823525436042}, {"l": "Beverages, Alcoholic", "v": 0.0018510247057630814}]}, {"source": 5, "prod": 1.0, "target": 12, "value": 0.00075115264491753414, "supply": [{"l": "Milk - Excluding Butter", "v": 0.00075115264491753414}]}, {"source": 2, "prod": 6.0, "target": 12, "value": 0.020219155174610193, "supply": [{"l": "Maize", "v": 0.020219155174610193}]}, {"source": 6, "prod": 8.0, "target": 12, "value": 0.01645971845058606, "supply": [{"l": "Cottonseed", "v": 0.01645971845058606}]}, {"source": 10, "prod": 120.0, "target": 12, "value": 0.062681212731774502, "supply": [{"l": "Pelagic Fish", "v": 0.014728451958862045}, {"l": "Demersal Fish", "v": 0.013584053307360001}, {"l": "Fish, Seafood", "v": 0.030123690807002453}, {"l": "Marine Fish, Other", "v": 0.00424501665855}]}, {"source": 11, "prod": 9.0, "target": 12, "value": 0.090951216929866394, "supply": [{"l": "Palmkernel Oil", "v": 0.041177818268223428}, {"l": "Palm Oil", "v": 0.020588909134111714}, {"l": "Oilcrops Oil, Other", "v": 0.029184489527531249}]}, {"source": 0, "prod": 35.0, "target": 13, "value": 0.030603794272090489, "supply": [{"l": "Dates", "v": 0.022669278778814674}, {"l": "Lemons, Limes", "v": 0.00037236988232894742}, {"l": "Bananas", "v": 0.0035549400588842368}, {"l": "Grapes", "v": 0.00061971046110218984}, {"l": "Fruits, Other", "v": 0.0004230913613172758}, {"l": "Vegetables, Other", "v": 0.0026258856547986698}, {"l": "Onions", "v": 0.00033851807484449757}]}, {"source": 5, "prod": 1.0, "target": 13, "value": 0.0016492463369366555, "supply": [{"l": "Eggs", "v": 0.0016492463369366555}]}, {"source": 2, "prod": 5.0, "target": 13, "value": 0.015938804915174097, "supply": [{"l": "Wheat", "v": 0.015938804915174097}]}, {"source": 14, "prod": 13.0, "target": 9, "value": 0.045277353987980162, "supply": [{"l": "Nuts", "v": 0.0028300111056999999}, {"l": "Infant food", "v": 0.0039488527056279069}, {"l": "Coffee", "v": 0.0019078726555280898}, {"l": "Cocoa Beans", "v": 0.026905035159823947}, {"l": "Spices, Other", "v": 0.0087526116671134031}, {"l": "Tea", "v": 0.00093297069418681326}]}, {"source": 14, "prod": 254.0, "target": 1, "value": 0.22301886915787122, "supply": [{"l": "Eggs", "v": 0.011544724358556588}, {"l": "Marine Fish, Other", "v": 0.00084900333171000005}, {"l": "Milk - Excluding Butter", "v": 0.099152149129114506}, {"l": "Fish, Seafood", "v": 0.017070091457301387}, {"l": "Mutton & Goat Meat", "v": 0.019539460794622366}, {"l": "Pelagic Fish", "v": 0.015203563312373724}, {"l": "Poultry Meat", "v": 0.043890396504156985}, {"l": "Bovine Meat", "v": 0.015769480270035649}]}, {"source": 14, "prod": 103.0, "target": 15, "value": 0.59114928226631858, "supply": [{"l": "Alcohol, Non-Food", "v": 0.00061700823525436042}, {"l": "Sugar", "v": 0.15598698297344851}, {"l": "Beer", "v": 0.0043190576467805235}, {"l": "Beverages, Alcoholic", "v": 0.0018510247057630814}, {"l": "Butter, Ghee", "v": 0.041527336877119563}, {"l": "Soyabean Oil", "v": 0.020581898950545456}, {"l": "Palm Oil", "v": 0.16471127307289371}, {"l": "Sunflowerseed Oil", "v": 0.040960687056184213}, {"l": "Oilcrops Oil, Other", "v": 0.038912652703375003}, {"l": "Sweeteners, Other", "v": 0.029031268941451371}, {"l": "Maize Germ Oil", "v": 0.051472272835279304}, {"l": "Palmkernel Oil", "v": 0.041177818268223428}]}, {"source": 14, "prod": 354.0, "target": 2, "value": 1.2021191096267991, "supply": [{"l": "Maize", "v": 0.077506761502672397}, {"l": "Barley", "v": 0.21197155551575331}, {"l": "Rice", "v": 0.29320588809357123}, {"l": "Wheat", "v": 0.57698473792930227}, {"l": "Oats", "v": 0.0424501665855}]}, {"source": 14, "prod": 164.0, "target": 0, "value": 0.095740944015446042, "supply": [{"l": "Vegetables, Other", "v": 0.010240954053714812}, {"l": "Citrus, Other", "v": 0.0005815091313082192}, {"l": "Tomatoes", "v": 0.003655576768178616}, {"l": "Treenuts", "v": 0.0028300111056999999}, {"l": "Grapes", "v": 0.0055773941499197089}, {"l": "Pineapples", "v": 0.00040237124725592418}, {"l": "Apples", "v": 0.012746133570058747}, {"l": "Bananas", "v": 0.00071098801177684736}, {"l": "Fruits, Other", "v": 0.007615644503710964}, {"l": "Oranges, Mandarines", "v": 0.013249333307999999}, {"l": "Onions", "v": 0.001692590374222488}, {"l": "Pulses, Other", "v": 0.036438437791599713}]}, {"source": 14, "prod": 12.0, "target": 6, "value": 0.02278208368672436, "supply": [{"l": "Coconuts - Incl Copra", "v": 0.0063223652361382989}, {"l": "Cottonseed", "v": 0.01645971845058606}]}, {"source": 14, "prod": 13.0, "target": 8, "value": 0.009902730541152531, "supply": [{"l": "Potatoes", "v": 0.009902730541152531}]}, {"source": 5, "prod": 4.0, "target": 16, "value": 0.0040056224092010076, "supply": [{"l": "Milk - Excluding Butter", "v": 0.0022534579347526025}, {"l": "Bovine Meat", "v": 0.0017521644744484053}]}, {"source": 2, "prod": 28.0, "target": 16, "value": 0.092259991208452088, "supply": [{"l": "Wheat", "v": 0.079694024575870465}, {"l": "Rice", "v": 0.012565966632581627}]}, {"source": 6, "prod": 2.0, "target": 16, "value": 0.0031611826180691495, "supply": [{"l": "Coconuts - Incl Copra", "v": 0.0031611826180691495}]}, {"source": 7, "prod": 2.0, "target": 16, "value": 0.0038708358588601826, "supply": [{"l": "Sweeteners, Other", "v": 0.0038708358588601826}]}, {"source": 8, "prod": 6.0, "target": 16, "value": 0.0045704910189934755, "supply": [{"l": "Potatoes", "v": 0.0045704910189934755}]}, {"source": 0, "prod": 20.0, "target": 16, "value": 0.016721060838495751, "supply": [{"l": "Lemons, Limes", "v": 0.00018618494116447371}, {"l": "Bananas", "v": 0.00071098801177684736}, {"l": "Vegetables, Other", "v": 0.001050354261919468}, {"l": "Dates", "v": 0.013601567267288806}, {"l": "Pineapples", "v": 0.00040237124725592418}, {"l": "Tomatoes", "v": 0.00076959510909023487}]}, {"source": 10, "prod": 70.0, "target": 16, "value": 0.034138076529813557, "supply": [{"l": "Fish, Seafood", "v": 0.017572152970751428}, {"l": "Crustaceans", "v": 0.00041213753966504852}, {"l": "Pelagic Fish", "v": 0.016153786019397084}]}, {"source": 11, "prod": 11.0, "target": 16, "value": 0.11323900023761445, "supply": [{"l": "Maize Germ Oil", "v": 0.11323900023761445}]}, {"source": 17, "prod": 1.0, "target": 6, "value": 0.0025343383036119404, "supply": [{"l": "Soyabeans", "v": 0.0025343383036119404}]}, {"source": 0, "prod": 3.0, "target": 18, "value": 0.012146145930533241, "supply": [{"l": "Pulses, Other", "v": 0.012146145930533241}]}, {"source": 17, "prod": 10.0, "target": 2, "value": 0.041886555441938748, "supply": [{"l": "Rice", "v": 0.041886555441938748}]}, {"source": 11, "prod": 1.0, "target": 18, "value": 0.010290949475272728, "supply": [{"l": "Soyabean Oil", "v": 0.010290949475272728}]}, {"source": 1, "prod": 285.0, "target": 10, "value": 0.14456544399673799, "supply": [{"l": "Pelagic Fish", "v": 0.049886692118726289}, {"l": "Crustaceans", "v": 0.00041213753966504852}, {"l": "Demersal Fish", "v": 0.01584806219192}, {"l": "Fish, Seafood", "v": 0.071794796423355844}, {"l": "Marine Fish, Other", "v": 0.0050940199902599998}, {"l": "Cephalopods", "v": 0.0015297357328108107}]}, {"source": 1, "prod": 302.0, "target": 5, "value": 0.31991026189205551, "supply": [{"l": "Poultry Meat", "v": 0.048137854230365734}, {"l": "Bovine Meat", "v": 0.019273809218932458}, {"l": "Eggs", "v": 0.021440202380176521}, {"l": "Milk - Excluding Butter", "v": 0.15924436072251724}, {"l": "Offals, Edible", "v": 0.0054774408497419358}, {"l": "Meat, Other", "v": 0.007718212106454546}, {"l": "Mutton & Goat Meat", "v": 0.058618382383867101}]}, {"source": 15, "prod": 17.0, "target": 3, "value": 0.058752993018729001, "supply": [{"l": "Fats, Animals, Raw", "v": 0.010438565553811476}, {"l": "Beer", "v": 0.0043190576467805235}, {"l": "Beverages, Alcoholic", "v": 0.0018510247057630814}, {"l": "Butter, Ghee", "v": 0.041527336877119563}, {"l": "Alcohol, Non-Food", "v": 0.00061700823525436042}]}, {"source": 15, "prod": 41.0, "target": 11, "value": 0.41958333028883626, "supply": [{"l": "Soyabean Oil", "v": 0.020581898950545456}, {"l": "Maize Germ Oil", "v": 0.11323900023761445}, {"l": "Palm Oil", "v": 0.16471127307289374}, {"l": "Palmkernel Oil", "v": 0.041177818268223428}, {"l": "Oilcrops Oil, Other", "v": 0.038912652703375003}, {"l": "Sunflowerseed Oil", "v": 0.040960687056184213}]}, {"source": 15, "prod": 52.0, "target": 7, "value": 0.1850182519148999, "supply": [{"l": "Sweeteners, Other", "v": 0.029031268941451374}, {"l": "Sugar", "v": 0.15598698297344851}]}, {"source": 19, "prod": 0, "target": 8, "value": 0.00014365955546838144, "supply": "[{\"l\":'Energy for power irrigation',\"v\":0.00014365955546838144}]"}, {"source": 19, "prod": 0, "target": 0, "value": 0.0059462563828651801, "supply": "[{\"l\":'Energy for power irrigation',\"v\":0.0059462563828651801}]"}, {"source": 19, "prod": 0, "target": 2, "value": 0.0023235371580103436, "supply": "[{\"l\":'Energy for power irrigation',\"v\":0.0023235371580103436}]"}, {"source": 19, "prod": 0, "target": 15, "value": 0.11177029999999999, "supply": "[{\"l\":'Electricity',\"v\":0.11177029999999999}]"}, {"source": 20, "prod": 0, "target": 19, "value": 0.26033302537960984, "supply": [{"l": "Coal", "v": 0.0}, {"l": "Natural gas", "v": 0.20086731823196988}, {"l": "Oil", "v": 0.059465707147639942}]}, {"source": 20, "prod": 0, "target": 8, "value": 0.026632958342735765, "supply": [{"l": "Other fossil fuels", "v": 0.026632958342735765}]}, {"source": 20, "prod": 0, "target": 0, "value": 1.1023728844471499, "supply": [{"l": "Other fossil fuels", "v": 1.1023728844471499}]}, {"source": 20, "prod": 0, "target": 2, "value": 0.43075915232598722, "supply": [{"l": "Other fossil fuels", "v": 0.43075915232598722}]}, {"source": 21, "prod": 0.1339155749636099, "target": 8, "value": 0.0017056566405364484, "supply": [{"l": "Potash", "v": 0.00384583333641}, {"l": "Phosphate", "v": 0.0063125000050499999}, {"l": "Nitrogen", "v": 0.091736111184499994}]}, {"source": 21, "prod": 5.5429403202328968, "target": 0, "value": 0.070599353121334738, "supply": [{"l": "Potash", "v": 0.00384583333641}, {"l": "Phosphate", "v": 0.0063125000050499999}, {"l": "Nitrogen", "v": 0.091736111184499994}]}, {"source": 21, "prod": 2.1659388646288211, "target": 2, "value": 0.027587142186067774, "supply": [{"l": "Potash", "v": 0.00384583333641}, {"l": "Phosphate", "v": 0.0063125000050499999}, {"l": "Nitrogen", "v": 0.091736111184499994}]}, {"source": 20, "prod": 0, "target": 21, "value": 0.12378198719478729, "supply": [{"l": "Natural gas (including LNG)", "v": 0.083132309087322734}, {"l": "Fuel oil", "v": 0.024433376893926551}, {"l": "Liquefied petroleum gas (LPG)", "v": 0.0081081506067690063}, {"l": "Coal", "v": 0.0081081506067690063}]}, {"source": 22, "prod": 0, "target": 2, "value": 0.049856886481090566, "supply": "[{\"l\":'Labor',\"v\":0.049856886481090566}]"}, {"source": 22, "prod": 0, "target": 6, "value": 0.0020103583258504277, "supply": "[{\"l\":'Labor',\"v\":0.0020103583258504277}]"}, {"source": 22, "prod": 0, "target": 8, "value": 0.0030825494329706528, "supply": "[{\"l\":'Labor',\"v\":0.0030825494329706528}]"}, {"source": 22, "prod": 0, "target": 0, "value": 0.12759074174730703, "supply": "[{\"l\":'Labor',\"v\":0.12759074174730703}]"}, {"source": 22, "prod": 0, "target": 9, "value": 0.0016082866606803405, "supply": "[{\"l\":'Labor',\"v\":0.0016082866606803405}]"}, {"source": 20, "prod": 0, "target": 14, "value": 3.6715403347402233, "supply": "[{\"l\":'Fossil Fuels',\"v\":3.6715403347402233}]"}]}