{"nodes": [{"layer": 5, "name": "Fruits - Excluding Wine"}, {"layer": 10, "name": "Feed", "fill": "#dbdb8d"}, {"layer": 5, "name": "Oilcrops", "fill": "#ff9896"}, {"layer": 13, "name": "Fish, Seafood"}, {"layer": 5, "name": "Cereals - Excluding Beer"}, {"layer": 13, "name": "Milk - Excluding Butter"}, {"layer": 16, "name": "Food", "fill": "#b5cf6b"}, {"layer": 5, "name": "Spices"}, {"layer": 5, "name": "Treenuts"}, {"layer": 5, "name": "Pulses"}, {"layer": 5, "name": "Vegetables"}, {"layer": 13, "name": "Alcoholic Beverages"}, {"layer": 5, "name": "Sugar Crops", "fill": "#ffbb78"}, {"layer": 5, "name": "Others"}, {"layer": 5, "name": "Starchy Roots"}, {"layer": 13, "name": "Sugar & Sweeteners"}, {"layer": 13, "name": "Vegetable Oils", "fill": "#f7b6d2"}, {"layer": 13, "name": "Animal Fats"}, {"layer": 5, "name": "Stimulants"}, {"layer": 13, "name": "Eggs"}, {"layer": 13, "name": "Meat"}, {"layer": 16, "name": "Biofuels & Other", "fill": "#e7ba52"}, {"name": "Waste", "fill": "#c7c7c7"}, {"layer": 0, "name": "Import", "fill": "#aec7e8"}, {"layer": 10, "name": "Processing", "fill": "#9edae5"}, {"layer": 16, "name": "Export", "fill": "#aec7e8"}, {"layer": 16, "name": "Stock Deposit", "fill": "#c7c7c7"}, {"layer": 0, "name": "Stock Draw", "fill": "#c7c7c7"}, {"layer": 0, "name": "Production", "fill": "#b5cf6b"}], "links": [{"source": 0, "prod": 0.012224525725082026, "target": 1, "value": 8.0, "supply": [{"l": "Dates", "v": 8.0}]}, {"source": 2, "prod": 0.063871778427256942, "target": 1, "value": 26.0, "supply": [{"l": "Rape and Mustardseed", "v": 2.0}, {"l": "Oilcrops, Other", "v": 24.0}]}, {"source": 3, "prod": 0.021831001780060422, "target": 1, "value": 36.0, "supply": [{"l": "Pelagic Fish", "v": 18.0}, {"l": "Fish, Seafood", "v": 18.0}]}, {"source": 4, "prod": 0.16666842104054563, "target": 1, "value": 56.0, "supply": [{"l": "Barley", "v": 46.0}, {"l": "Sorghum", "v": 10.0}]}, {"source": 5, "prod": 0.18942621719471414, "target": 6, "value": 278.0, "supply": [{"l": "Milk - Excluding Butter", "v": 278.0}]}, {"source": 7, "prod": 0.020635497645729171, "target": 6, "value": 5.0, "supply": [{"l": "Spices, Other", "v": 5.0}]}, {"source": 2, "prod": 0.020695967968500532, "target": 6, "value": 7.0, "supply": [{"l": "Coconuts - Incl Copra", "v": 1.0}, {"l": "Groundnuts", "v": 1.0}, {"l": "Soyabeans", "v": 5.0}]}, {"source": 8, "prod": 0.0087397401793676485, "target": 6, "value": 3.0, "supply": [{"l": "Treenuts", "v": 3.0}]}, {"source": 9, "prod": 0.023356860217349347, "target": 6, "value": 6.0, "supply": [{"l": "Pulses, Other", "v": 6.0}]}, {"source": 10, "prod": 0.080279055258567711, "target": 6, "value": 256.0, "supply": [{"l": "Vegetables, Other", "v": 172.0}, {"l": "Tomatoes", "v": 47.0}, {"l": "Onions", "v": 37.0}]}, {"source": 11, "prod": 0.0061971046110218982, "target": 6, "value": 10.0, "supply": [{"l": "Beer", "v": 10.0}]}, {"source": 12, "prod": 0.0011622222200000001, "target": 6, "value": 1.0, "supply": [{"l": "Sugar beet", "v": 1.0}]}, {"source": 13, "prod": 0.013287972313528363, "target": 6, "value": 4.0, "supply": [{"l": "Nuts", "v": 3.0}, {"l": "Infant food", "v": 1.0}]}, {"source": 14, "prod": 0.045236254177176721, "target": 6, "value": 57.0, "supply": [{"l": "Potatoes", "v": 53.0}, {"l": "Cassava", "v": 4.0}]}, {"source": 3, "prod": 0.090180885477899528, "target": 6, "value": 139.0, "supply": [{"l": "Crustaceans", "v": 2.0}, {"l": "Marine Fish, Other", "v": 4.0}, {"l": "Freshwater Fish", "v": 1.0}, {"l": "Pelagic Fish", "v": 32.0}, {"l": "Fish, Seafood", "v": 69.0}, {"l": "Cephalopods", "v": 11.0}, {"l": "Demersal Fish", "v": 20.0}]}, {"source": 15, "prod": 0.28283939564967425, "target": 6, "value": 85.0, "supply": [{"l": "Sugar", "v": 80.0}, {"l": "Sweeteners, Other", "v": 4.0}, {"l": "Honey", "v": 1.0}]}, {"source": 0, "prod": 0.4387341942623878, "target": 6, "value": 485.0, "supply": [{"l": "Citrus, Other", "v": 4.0}, {"l": "Grapefruit", "v": 1.0}, {"l": "Grapes", "v": 4.0}, {"l": "Dates", "v": 214.0}, {"l": "Lemons, Limes", "v": 7.0}, {"l": "Pineapples", "v": 6.0}, {"l": "Bananas", "v": 24.0}, {"l": "Fruits, Other", "v": 106.0}, {"l": "Oranges, Mandarines", "v": 62.0}, {"l": "Apples", "v": 57.0}]}, {"source": 4, "prod": 1.0768360729189945, "target": 6, "value": 287.0, "supply": [{"l": "Maize", "v": 30.0}, {"l": "Rice", "v": 126.0}, {"l": "Cereals, Other", "v": 1.0}, {"l": "Wheat", "v": 129.0}, {"l": "Oats", "v": 1.0}]}, {"source": 16, "prod": 0.23621164961601193, "target": 6, "value": 23.0, "supply": [{"l": "Soyabean Oil", "v": 2.0}, {"l": "Palm Oil", "v": 16.0}, {"l": "Sunflowerseed Oil", "v": 4.0}, {"l": "Olive Oil", "v": 1.0}]}, {"source": 17, "prod": 0.061354451076654798, "target": 6, "value": 7.0, "supply": [{"l": "Butter, Ghee", "v": 5.0}, {"l": "Fats, Animals, Raw", "v": 2.0}]}, {"source": 18, "prod": 0.028346855250642591, "target": 6, "value": 12.0, "supply": [{"l": "Coffee", "v": 4.0}, {"l": "Cocoa Beans", "v": 3.0}, {"l": "Tea", "v": 5.0}]}, {"source": 19, "prod": 0.029263519092982981, "target": 6, "value": 18.0, "supply": [{"l": "Eggs", "v": 18.0}]}, {"source": 20, "prod": 0.23397240735614391, "target": 6, "value": 124.0, "supply": [{"l": "Poultry Meat", "v": 53.0}, {"l": "Meat, Other", "v": 7.0}, {"l": "Mutton & Goat Meat", "v": 36.0}, {"l": "Bovine Meat", "v": 21.0}, {"l": "Offals, Edible", "v": 7.0}]}, {"source": 20, "prod": 0.0097153989504958765, "target": 21, "value": 3.0, "supply": [{"l": "Pigmeat", "v": 3.0}]}, {"source": 11, "prod": 0.0061971046110218982, "target": 21, "value": 10.0, "supply": [{"l": "Beverages, Alcoholic", "v": 10.0}]}, {"source": 12, "prod": 0.0003807189828295964, "target": 21, "value": 1.0, "supply": [{"l": "Sugar cane", "v": 1.0}]}, {"source": 3, "prod": 0.032615143245767017, "target": 21, "value": 50.0, "supply": [{"l": "Demersal Fish", "v": 25.0}, {"l": "Fish, Seafood", "v": 25.0}]}, {"source": 15, "prod": 0.0038811580878171433, "target": 21, "value": 2.0, "supply": [{"l": "Sweeteners, Other", "v": 2.0}]}, {"source": 4, "prod": 0.36122146828845941, "target": 21, "value": 107.0, "supply": [{"l": "Maize", "v": 107.0}]}, {"source": 16, "prod": 0.24218947116417239, "target": 21, "value": 24.0, "supply": [{"l": "Soyabean Oil", "v": 6.0}, {"l": "Cottonseed Oil", "v": 1.0}, {"l": "Palm Oil", "v": 11.0}, {"l": "Palmkernel Oil", "v": 1.0}, {"l": "Oilcrops Oil, Other", "v": 5.0}]}, {"source": 2, "prod": 0.0049132137251736117, "target": 21, "value": 2.0, "supply": [{"l": "Cottonseed", "v": 2.0}]}, {"source": 19, "prod": 0.0016257510607212767, "target": 19, "value": 1.0, "supply": [{"l": "Eggs", "v": 1.0}]}, {"source": 20, "prod": 0.0024045199254723775, "target": 22, "value": 1.0, "supply": [{"l": "Mutton & Goat Meat", "v": 1.0}]}, {"source": 19, "prod": 0.0016257510607212767, "target": 22, "value": 1.0, "supply": [{"l": "Eggs", "v": 1.0}]}, {"source": 5, "prod": 0.0013627785409691666, "target": 22, "value": 2.0, "supply": [{"l": "Milk - Excluding Butter", "v": 2.0}]}, {"source": 4, "prod": 0.033875174150875646, "target": 22, "value": 9.0, "supply": [{"l": "Wheat", "v": 5.0}, {"l": "Rice", "v": 4.0}]}, {"source": 0, "prod": 0.043017652681239311, "target": 22, "value": 33.0, "supply": [{"l": "Dates", "v": 25.0}, {"l": "Lemons, Limes", "v": 1.0}, {"l": "Bananas", "v": 6.0}, {"l": "Fruits, Other", "v": 1.0}]}, {"source": 10, "prod": 0.0038068124528411202, "target": 22, "value": 11.0, "supply": [{"l": "Vegetables, Other", "v": 7.0}, {"l": "Onions", "v": 4.0}]}, {"source": 23, "prod": 0.013287972313528363, "target": 13, "value": 4.0, "supply": [{"l": "Nuts", "v": 3.0}, {"l": "Infant food", "v": 1.0}]}, {"source": 23, "prod": 0.57295020491936888, "target": 1, "value": 698.0, "supply": [{"l": "Pigmeat", "v": 3.0}, {"l": "Poultry Meat", "v": 54.0}, {"l": "Crustaceans", "v": 1.0}, {"l": "Eggs", "v": 14.0}, {"l": "Freshwater Fish", "v": 1.0}, {"l": "Milk - Excluding Butter", "v": 505.0}, {"l": "Pelagic Fish", "v": 45.0}, {"l": "Fish, Seafood", "v": 48.0}, {"l": "Cephalopods", "v": 1.0}, {"l": "Mutton & Goat Meat", "v": 9.0}, {"l": "Bovine Meat", "v": 17.0}]}, {"source": 23, "prod": 1.9376118986723692, "target": 4, "value": 547.0, "supply": [{"l": "Maize", "v": 137.0}, {"l": "Barley", "v": 43.0}, {"l": "Rice", "v": 124.0}, {"l": "Wheat", "v": 242.0}, {"l": "Oats", "v": 1.0}]}, {"source": 23, "prod": 0.023356860217349347, "target": 9, "value": 6.0, "supply": [{"l": "Pulses, Other", "v": 6.0}]}, {"source": 23, "prod": 1.534245597649798, "target": 24, "value": 231.0, "supply": [{"l": "Sugar", "v": 83.0}, {"l": "Maize Germ Oil", "v": 13.0}, {"l": "Beer", "v": 10.0}, {"l": "Beverages, Alcoholic", "v": 10.0}, {"l": "Butter, Ghee", "v": 6.0}, {"l": "Fats, Animals, Raw", "v": 1.0}, {"l": "Soyabean Oil", "v": 8.0}, {"l": "Palm Oil", "v": 69.0}, {"l": "Sunflowerseed Oil", "v": 15.0}, {"l": "Olive Oil", "v": 1.0}, {"l": "Oilcrops Oil, Other", "v": 6.0}, {"l": "Sweeteners, Other", "v": 5.0}, {"l": "Honey", "v": 1.0}, {"l": "Cottonseed Oil", "v": 1.0}, {"l": "Palmkernel Oil", "v": 1.0}, {"l": "Cream", "v": 1.0}]}, {"source": 23, "prod": 0.0087397401793676485, "target": 8, "value": 3.0, "supply": [{"l": "Treenuts", "v": 3.0}]}, {"source": 23, "prod": 0.042544062114170458, "target": 10, "value": 140.0, "supply": [{"l": "Vegetables, Other", "v": 62.0}, {"l": "Tomatoes", "v": 42.0}, {"l": "Onions", "v": 36.0}]}, {"source": 23, "prod": 0.037616413982850032, "target": 18, "value": 16.0, "supply": [{"l": "Coffee", "v": 4.0}, {"l": "Cocoa Beans", "v": 4.0}, {"l": "Tea", "v": 8.0}]}, {"source": 23, "prod": 0.10278593617181472, "target": 0, "value": 250.0, "supply": [{"l": "Grapefruit", "v": 1.0}, {"l": "Grapes", "v": 5.0}, {"l": "Dates", "v": 4.0}, {"l": "Apples", "v": 57.0}, {"l": "Lemons, Limes", "v": 2.0}, {"l": "Pineapples", "v": 6.0}, {"l": "Bananas", "v": 4.0}, {"l": "Citrus, Other", "v": 4.0}, {"l": "Fruits, Other", "v": 103.0}, {"l": "Oranges, Mandarines", "v": 64.0}]}, {"source": 23, "prod": 0.0011622222200000001, "target": 12, "value": 1.0, "supply": [{"l": "Sugar beet", "v": 1.0}]}, {"source": 23, "prod": 0.091937566983517904, "target": 2, "value": 36.0, "supply": [{"l": "Coconuts - Incl Copra", "v": 1.0}, {"l": "Cottonseed", "v": 2.0}, {"l": "Groundnuts", "v": 1.0}, {"l": "Oilcrops, Other", "v": 25.0}, {"l": "Soyabeans", "v": 5.0}, {"l": "Rape and Mustardseed", "v": 2.0}]}, {"source": 23, "prod": 0.024762597174875004, "target": 7, "value": 6.0, "supply": [{"l": "Spices, Other", "v": 6.0}]}, {"source": 23, "prod": 0.04142636676515736, "target": 14, "value": 52.0, "supply": [{"l": "Potatoes", "v": 48.0}, {"l": "Cassava", "v": 4.0}]}, {"source": 20, "prod": 0.012221486110467923, "target": 25, "value": 8.0, "supply": [{"l": "Poultry Meat", "v": 7.0}, {"l": "Bovine Meat", "v": 1.0}]}, {"source": 10, "prod": 0.011141491273918693, "target": 25, "value": 47.0, "supply": [{"l": "Tomatoes", "v": 35.0}, {"l": "Vegetables, Other", "v": 12.0}]}, {"source": 13, "prod": 0.0045482321341607148, "target": 25, "value": 1.0, "supply": [{"l": "Infant food", "v": 1.0}]}, {"source": 17, "prod": 0.012454657170246543, "target": 25, "value": 3.0, "supply": [{"l": "Butter, Ghee", "v": 1.0}, {"l": "Cream", "v": 2.0}]}, {"source": 5, "prod": 0.26574181548898745, "target": 25, "value": 390.0, "supply": [{"l": "Milk - Excluding Butter", "v": 390.0}]}, {"source": 4, "prod": 0.55595425422062084, "target": 25, "value": 162.0, "supply": [{"l": "Rice", "v": 1.0}, {"l": "Wheat", "v": 161.0}]}, {"source": 3, "prod": 0.10476153387116854, "target": 25, "value": 171.0, "supply": [{"l": "Pelagic Fish", "v": 79.0}, {"l": "Fish, Seafood", "v": 86.0}, {"l": "Cephalopods", "v": 2.0}, {"l": "Demersal Fish", "v": 3.0}, {"l": "Marine Fish, Other", "v": 1.0}]}, {"source": 15, "prod": 0.022316659004948572, "target": 25, "value": 10.0, "supply": [{"l": "Sugar", "v": 2.0}, {"l": "Sweeteners, Other", "v": 8.0}]}, {"source": 0, "prod": 0.0097861457619448054, "target": 25, "value": 14.0, "supply": [{"l": "Dates", "v": 4.0}, {"l": "Fruits, Other", "v": 6.0}, {"l": "Lemons, Limes", "v": 1.0}, {"l": "Bananas", "v": 1.0}, {"l": "Oranges, Mandarines", "v": 2.0}]}, {"source": 16, "prod": 0.9925593504519189, "target": 25, "value": 97.0, "supply": [{"l": "Maize Germ Oil", "v": 21.0}, {"l": "Oilcrops Oil, Other", "v": 2.0}, {"l": "Palm Oil", "v": 54.0}, {"l": "Sunflowerseed Oil", "v": 20.0}]}, {"source": 18, "prod": 0.0088633370423940368, "target": 25, "value": 3.0, "supply": [{"l": "Cocoa Beans", "v": 1.0}, {"l": "Tea", "v": 2.0}]}, {"source": 19, "prod": 0.0065030042428851067, "target": 25, "value": 4.0, "supply": [{"l": "Eggs", "v": 4.0}]}, {"source": 3, "prod": 0.010915500890030211, "target": 26, "value": 18.0, "supply": [{"l": "Pelagic Fish", "v": 9.0}, {"l": "Fish, Seafood", "v": 9.0}]}, {"source": 27, "prod": 0.021123067385022086, "target": 1, "value": 31.0, "supply": [{"l": "Milk - Excluding Butter", "v": 31.0}]}, {"source": 27, "prod": 0.00020507326852898554, "target": 10, "value": 1.0, "supply": [{"l": "Tomatoes", "v": 1.0}]}, {"source": 27, "prod": 0.2341336247012393, "target": 24, "value": 31.0, "supply": [{"l": "Sweeteners, Other", "v": 10.0}, {"l": "Palm Oil", "v": 12.0}, {"l": "Sunflowerseed Oil", "v": 9.0}]}, {"source": 27, "prod": 0.00036429225198522051, "target": 0, "value": 1.0, "supply": [{"l": "Fruits, Other", "v": 1.0}]}, {"source": 27, "prod": 0.22005992722053574, "target": 4, "value": 62.0, "supply": [{"l": "Wheat", "v": 52.0}, {"l": "Rice", "v": 10.0}]}, {"source": 28, "prod": 0.051156914644160029, "target": 10, "value": 169.0, "supply": [{"l": "Tomatoes", "v": 39.0}, {"l": "Vegetables, Other", "v": 125.0}, {"l": "Onions", "v": 5.0}]}, {"source": 28, "prod": 0.0003807189828295964, "target": 12, "value": 1.0, "supply": [{"l": "Sugar cane", "v": 1.0}]}, {"source": 28, "prod": 0.0045718648944232413, "target": 14, "value": 6.0, "supply": [{"l": "Potatoes", "v": 6.0}]}, {"source": 28, "prod": 0.052834187289054792, "target": 4, "value": 16.0, "supply": [{"l": "Barley", "v": 3.0}, {"l": "Sorghum", "v": 10.0}, {"l": "Cereals, Other", "v": 2.0}, {"l": "Wheat", "v": 1.0}]}, {"source": 28, "prod": 0.40096623168629209, "target": 0, "value": 289.0, "supply": [{"l": "Dates", "v": 247.0}, {"l": "Fruits, Other", "v": 9.0}, {"l": "Lemons, Limes", "v": 6.0}, {"l": "Bananas", "v": 27.0}]}, {"source": 1, "prod": 0.45653081122467076, "target": 5, "value": 670.0, "supply": [{"l": "Milk - Excluding Butter", "v": 670.0}]}, {"source": 1, "prod": 0.037392274396589362, "target": 19, "value": 23.0, "supply": [{"l": "Eggs", "v": 24.0}]}, {"source": 1, "prod": 0.25831381234258011, "target": 20, "value": 136.0, "supply": [{"l": "Pigmeat", "v": 3.0}, {"l": "Bovine Meat", "v": 22.0}, {"l": "Poultry Meat", "v": 60.0}, {"l": "Offals, Edible", "v": 7.0}, {"l": "Meat, Other", "v": 7.0}, {"l": "Mutton & Goat Meat", "v": 37.0}]}, {"source": 1, "prod": 0.26030406526492572, "target": 3, "value": 414.0, "supply": [{"l": "Pelagic Fish", "v": 138.0}, {"l": "Crustaceans", "v": 2.0}, {"l": "Freshwater Fish", "v": 1.0}, {"l": "Marine Fish, Other", "v": 5.0}, {"l": "Fish, Seafood", "v": 207.0}, {"l": "Demersal Fish", "v": 48.0}, {"l": "Cephalopods", "v": 13.0}]}, {"source": 24, "prod": 0.30903721274243995, "target": 15, "value": 97.0, "supply": [{"l": "Honey", "v": 1.0}, {"l": "Sweeteners, Other", "v": 14.0}, {"l": "Sugar", "v": 82.0}]}, {"source": 24, "prod": 1.4709604712321032, "target": 16, "value": 144.0, "supply": [{"l": "Olive Oil", "v": 1.0}, {"l": "Soyabean Oil", "v": 8.0}, {"l": "Maize Germ Oil", "v": 21.0}, {"l": "Cottonseed Oil", "v": 1.0}, {"l": "Palm Oil", "v": 81.0}, {"l": "Palmkernel Oil", "v": 1.0}, {"l": "Oilcrops Oil, Other", "v": 7.0}, {"l": "Sunflowerseed Oil", "v": 24.0}]}, {"source": 24, "prod": 0.073809108246901345, "target": 17, "value": 10.0, "supply": [{"l": "Fats, Animals, Raw", "v": 2.0}, {"l": "Butter, Ghee", "v": 6.0}, {"l": "Cream", "v": 2.0}]}, {"source": 24, "prod": 0.012394209222043796, "target": 11, "value": 20.0, "supply": [{"l": "Beer", "v": 10.0}, {"l": "Beverages, Alcoholic", "v": 10.0}]}]}