{"nodes": [{"layer": 13, "name": "Aquatic Products", "fill": "#1f77b4"}, {"layer": 10, "name": "Feed", "fill": "#dbdb8d"}, {"layer": 5, "name": "Starchy Roots"}, {"layer": 5, "name": "Cereals", "fill": "#e7ba52"}, {"layer": 13, "name": "Other Processed", "fill": "#9c9ede"}, {"layer": 16, "name": "Food", "fill": "#b5cf6b"}, {"layer": 13, "name": "Animal Products", "fill": "#17becf"}, {"layer": 5, "name": "Oilcrops", "fill": "#ff9896"}, {"layer": 5, "name": "Sugar Crops", "fill": "#ffbb78"}, {"layer": 13, "name": "Sugar", "fill": "#d6616b"}, {"layer": 5, "name": "Fruits & Vegetables"}, {"layer": 5, "name": "Others"}, {"layer": 13, "name": "Vegetable Oils", "fill": "#f7b6d2"}, {"layer": 10, "name": "Processing", "fill": "#9edae5"}, {"layer": 16, "name": "Biofuels & Other", "fill": "#e7ba52"}, {"name": "Seed", "fill": "#dbdb8d"}, {"name": "Waste", "fill": "#c7c7c7"}, {"layer": 0, "name": "Import", "fill": "#aec7e8"}, {"layer": 16, "name": "Export", "fill": "#aec7e8"}, {"layer": 16, "name": "Stock Deposit", "fill": "#c7c7c7"}, {"layer": 0, "name": "Stock Draw", "fill": "#c7c7c7"}, {"layer": 0, "name": "Production", "fill": "#b5cf6b"}], "links": [{"source": 0, "prod": 0.023855923448784143, "target": 1, "value": 30.0, "supply": [{"l": "Pelagic Fish", "v": 15.0}, {"l": "Fish, Seafood", "v": 15.0}]}, {"source": 2, "prod": 0.44715327237540548, "target": 1, "value": 351.0, "supply": [{"l": "Cassava", "v": 351.0}]}, {"source": 3, "prod": 0.015894197561834002, "target": 1, "value": 5.0, "supply": [{"l": "Sorghum", "v": 5.0}]}, {"source": 4, "prod": 0.076472620581834377, "target": 5, "value": 75.0, "supply": [{"l": "Beer", "v": 54.0}, {"l": "Beverages, Alcoholic", "v": 3.0}, {"l": "Butter, Ghee", "v": 1.0}, {"l": "Fats, Animals, Raw", "v": 2.0}, {"l": "Wine", "v": 7.0}, {"l": "Beverages, Fermented", "v": 8.0}]}, {"source": 6, "prod": 0.23362656298843928, "target": 5, "value": 176.0, "supply": [{"l": "Mutton & Goat Meat", "v": 3.0}, {"l": "Pigmeat", "v": 11.0}, {"l": "Milk - Excluding Butter", "v": 103.0}, {"l": "Bovine Meat", "v": 36.0}, {"l": "Poultry Meat", "v": 15.0}, {"l": "Offals, Edible", "v": 8.0}]}, {"source": 3, "prod": 2.5173722733491686, "target": 5, "value": 741.0, "supply": [{"l": "Maize", "v": 388.0}, {"l": "Rice", "v": 64.0}, {"l": "Wheat", "v": 116.0}, {"l": "Oats", "v": 5.0}, {"l": "Sorghum", "v": 160.0}, {"l": "Millet", "v": 8.0}]}, {"source": 7, "prod": 0.21869320309819038, "target": 5, "value": 50.0, "supply": [{"l": "Coconuts - Incl Copra", "v": 20.0}, {"l": "Groundnuts", "v": 30.0}]}, {"source": 8, "prod": 0.0045079822922654868, "target": 5, "value": 12.0, "supply": [{"l": "Sugar cane", "v": 12.0}]}, {"source": 9, "prod": 0.56218866321552086, "target": 5, "value": 136.0, "supply": [{"l": "Sugar", "v": 135.0}, {"l": "Sweeteners, Other", "v": 1.0}]}, {"source": 2, "prod": 3.629779387494378, "target": 5, "value": 2866.0, "supply": [{"l": "Roots, Other", "v": 4.0}, {"l": "Potatoes", "v": 38.0}, {"l": "Sweet potatoes", "v": 32.0}, {"l": "Cassava", "v": 2792.0}]}, {"source": 10, "prod": 0.44725529752779825, "target": 5, "value": 507.0, "supply": [{"l": "Tomatoes", "v": 11.0}, {"l": "Treenuts", "v": 32.0}, {"l": "Vegetables, Other", "v": 153.0}, {"l": "Pulses, Other", "v": 55.0}, {"l": "Lemons, Limes", "v": 1.0}, {"l": "Pineapples", "v": 11.0}, {"l": "Bananas", "v": 53.0}, {"l": "Fruits, Other", "v": 169.0}, {"l": "Grapefruit", "v": 7.0}, {"l": "Oranges, Mandarines", "v": 11.0}, {"l": "Onions", "v": 4.0}]}, {"source": 11, "prod": 0.054015537048422602, "target": 5, "value": 34.0, "supply": [{"l": "Nuts", "v": 32.0}, {"l": "Coffee", "v": 2.0}]}, {"source": 0, "prod": 0.049460335424485677, "target": 5, "value": 59.0, "supply": [{"l": "Freshwater Fish", "v": 3.0}, {"l": "Pelagic Fish", "v": 5.0}, {"l": "Marine Fish, Other", "v": 21.0}, {"l": "Fish, Seafood", "v": 30.0}]}, {"source": 12, "prod": 0.554446086766472, "target": 5, "value": 54.0, "supply": [{"l": "Maize Germ Oil", "v": 7.0}, {"l": "Groundnut Oil", "v": 21.0}, {"l": "Sunflowerseed Oil", "v": 2.0}, {"l": "Coconut Oil", "v": 13.0}, {"l": "Sesameseed Oil", "v": 1.0}, {"l": "Oilcrops Oil, Other", "v": 6.0}, {"l": "Cottonseed Oil", "v": 4.0}]}, {"source": 8, "prod": 0.87905654699177005, "target": 13, "value": 2340.0, "supply": [{"l": "Sugar cane", "v": 2340.0}]}, {"source": 3, "prod": 0.038117481235660583, "target": 13, "value": 12.0, "supply": [{"l": "Barley", "v": 10.0}, {"l": "Sorghum", "v": 2.0}]}, {"source": 7, "prod": 1.2078473854711014, "target": 13, "value": 374.0, "supply": [{"l": "Sunflower seed", "v": 7.0}, {"l": "Groundnuts", "v": 56.0}, {"l": "Cottonseed", "v": 73.0}, {"l": "Oilcrops, Other", "v": 41.0}, {"l": "Coconuts - Incl Copra", "v": 196.0}, {"l": "Sesame seed", "v": 1.0}]}, {"source": 4, "prod": 0.019976548981411768, "target": 14, "value": 2.0, "supply": [{"l": "Fats, Animals, Raw", "v": 2.0}]}, {"source": 12, "prod": 0.083253925270642737, "target": 14, "value": 8.0, "supply": [{"l": "Cottonseed Oil", "v": 3.0}, {"l": "Oilcrops Oil, Other", "v": 5.0}]}, {"source": 2, "prod": 0.004994137245352942, "target": 15, "value": 6.0, "supply": [{"l": "Potatoes", "v": 6.0}]}, {"source": 10, "prod": 0.019706073463288201, "target": 15, "value": 5.0, "supply": [{"l": "Pulses, Other", "v": 5.0}]}, {"source": 6, "prod": 0.0016171492032571429, "target": 6, "value": 1.0, "supply": [{"l": "Eggs", "v": 1.0}]}, {"source": 3, "prod": 0.071080364382463776, "target": 15, "value": 20.0, "supply": [{"l": "Maize", "v": 12.0}, {"l": "Rice", "v": 4.0}, {"l": "Sorghum", "v": 4.0}]}, {"source": 7, "prod": 0.14144002648029172, "target": 15, "value": 25.0, "supply": [{"l": "Groundnuts", "v": 20.0}, {"l": "Cottonseed", "v": 5.0}]}, {"source": 6, "prod": 0.0026203806534259265, "target": 16, "value": 4.0, "supply": [{"l": "Milk - Excluding Butter", "v": 4.0}]}, {"source": 3, "prod": 0.1196934985318576, "target": 16, "value": 35.0, "supply": [{"l": "Maize", "v": 21.0}, {"l": "Wheat", "v": 2.0}, {"l": "Rice", "v": 3.0}, {"l": "Sorghum", "v": 9.0}]}, {"source": 7, "prod": 0.018256540174882867, "target": 16, "value": 3.0, "supply": [{"l": "Groundnuts", "v": 3.0}]}, {"source": 8, "prod": 0.018031929169061947, "target": 16, "value": 48.0, "supply": [{"l": "Sugar cane", "v": 48.0}]}, {"source": 2, "prod": 0.1336325624313088, "target": 16, "value": 106.0, "supply": [{"l": "Cassava", "v": 100.0}, {"l": "Potatoes", "v": 2.0}, {"l": "Sweet potatoes", "v": 4.0}]}, {"source": 10, "prod": 0.038221514722097907, "target": 16, "value": 51.0, "supply": [{"l": "Pineapples", "v": 1.0}, {"l": "Bananas", "v": 3.0}, {"l": "Treenuts", "v": 2.0}, {"l": "Fruits, Other", "v": 19.0}, {"l": "Vegetables, Other", "v": 17.0}, {"l": "Grapefruit", "v": 2.0}, {"l": "Pulses, Other", "v": 4.0}, {"l": "Oranges, Mandarines", "v": 2.0}, {"l": "Tomatoes", "v": 1.0}]}, {"source": 11, "prod": 0.0033294248302352942, "target": 16, "value": 2.0, "supply": [{"l": "Nuts", "v": 2.0}]}, {"source": 17, "prod": 0.00037236988232894742, "target": 11, "value": 1.0, "supply": [{"l": "Coffee", "v": 1.0}]}, {"source": 17, "prod": 0.062133999630282884, "target": 1, "value": 84.0, "supply": [{"l": "Milk - Excluding Butter", "v": 34.0}, {"l": "Fish, Seafood", "v": 25.0}, {"l": "Pelagic Fish", "v": 21.0}, {"l": "Marine Fish, Other", "v": 4.0}]}, {"source": 17, "prod": 0.061664115990355664, "target": 13, "value": 14.0, "supply": [{"l": "Beverages, Alcoholic", "v": 1.0}, {"l": "Oilcrops Oil, Other", "v": 2.0}, {"l": "Butter, Ghee", "v": 1.0}, {"l": "Wine", "v": 7.0}, {"l": "Fats, Animals, Raw", "v": 2.0}, {"l": "Sweeteners, Other", "v": 1.0}]}, {"source": 17, "prod": 0.67980731183403398, "target": 3, "value": 208.0, "supply": [{"l": "Maize", "v": 71.0}, {"l": "Oats", "v": 5.0}, {"l": "Barley", "v": 12.0}, {"l": "Rice", "v": 4.0}, {"l": "Wheat", "v": 116.0}]}, {"source": 17, "prod": 0.0015549562579319682, "target": 10, "value": 4.0, "supply": [{"l": "Fruits, Other", "v": 1.0}, {"l": "Vegetables, Other", "v": 1.0}, {"l": "Onions", "v": 1.0}, {"l": "Apples", "v": 1.0}]}, {"source": 17, "prod": 0.066940647307903847, "target": 7, "value": 11.0, "supply": [{"l": "Groundnuts", "v": 11.0}]}, {"source": 17, "prod": 0.004994137245352942, "target": 2, "value": 6.0, "supply": [{"l": "Potatoes", "v": 6.0}]}, {"source": 6, "prod": 0.0013101903267129632, "target": 18, "value": 2.0, "supply": [{"l": "Milk - Excluding Butter", "v": 2.0}]}, {"source": 7, "prod": 0.34498436104939006, "target": 18, "value": 187.0, "supply": [{"l": "Sunflower seed", "v": 1.0}, {"l": "Coconuts - Incl Copra", "v": 184.0}, {"l": "Sesame seed", "v": 1.0}, {"l": "Oilcrops, Other", "v": 1.0}]}, {"source": 9, "prod": 0.21501859712749727, "target": 18, "value": 52.0, "supply": [{"l": "Sugar", "v": 52.0}]}, {"source": 2, "prod": 0.0089175866285693423, "target": 18, "value": 7.0, "supply": [{"l": "Cassava", "v": 7.0}]}, {"source": 10, "prod": 0.31844818611097753, "target": 18, "value": 185.0, "supply": [{"l": "Bananas", "v": 4.0}, {"l": "Treenuts", "v": 154.0}, {"l": "Grapefruit", "v": 8.0}, {"l": "Pulses, Other", "v": 12.0}, {"l": "Oranges, Mandarines", "v": 7.0}]}, {"source": 11, "prod": 0.26915015634811762, "target": 18, "value": 165.0, "supply": [{"l": "Tea", "v": 11.0}, {"l": "Nuts", "v": 154.0}]}, {"source": 0, "prod": 0.0081272944193438151, "target": 18, "value": 11.0, "supply": [{"l": "Fish, Seafood", "v": 5.0}, {"l": "Crustaceans", "v": 5.0}, {"l": "Marine Fish, Other", "v": 1.0}]}, {"source": 12, "prod": 0.1666896331293537, "target": 18, "value": 16.0, "supply": [{"l": "Coconut Oil", "v": 7.0}, {"l": "Groundnut Oil", "v": 3.0}, {"l": "Oilcrops Oil, Other", "v": 6.0}]}, {"source": 3, "prod": 0.0031759802210926981, "target": 19, "value": 1.0, "supply": [{"l": "Barley", "v": 1.0}]}, {"source": 9, "prod": 0.21915357014917991, "target": 19, "value": 53.0, "supply": [{"l": "Sugar", "v": 53.0}]}, {"source": 11, "prod": 0.0023244444400000001, "target": 19, "value": 2.0, "supply": [{"l": "Tea", "v": 2.0}]}, {"source": 20, "prod": 0.34136621925976479, "target": 3, "value": 100.0, "supply": [{"l": "Maize", "v": 100.0}]}, {"source": 12, "prod": 0.04149376556073367, "target": 19, "value": 4.0, "supply": [{"l": "Cottonseed Oil", "v": 3.0}, {"l": "Coconut Oil", "v": 1.0}]}, {"source": 21, "prod": 1.7505093653391894, "target": 3, "value": 508.0, "supply": [{"l": "Maize", "v": 250.0}, {"l": "Rice", "v": 67.0}, {"l": "Wheat", "v": 3.0}, {"l": "Sorghum", "v": 180.0}, {"l": "Millet", "v": 8.0}]}, {"source": 21, "prod": 1.8635101355193335, "target": 7, "value": 628.0, "supply": [{"l": "Sunflower seed", "v": 8.0}, {"l": "Coconuts - Incl Copra", "v": 400.0}, {"l": "Sesame seed", "v": 3.0}, {"l": "Groundnuts", "v": 98.0}, {"l": "Oilcrops, Other", "v": 41.0}, {"l": "Cottonseed", "v": 78.0}]}, {"source": 21, "prod": 0.90159645845309744, "target": 8, "value": 2400.0, "supply": [{"l": "Sugar cane", "v": 2400.0}]}, {"source": 21, "prod": 4.2183393700990752, "target": 2, "value": 3329.0, "supply": [{"l": "Roots, Other", "v": 4.0}, {"l": "Potatoes", "v": 40.0}, {"l": "Sweet potatoes", "v": 35.0}, {"l": "Cassava", "v": 3250.0}]}, {"source": 21, "prod": 0.81936411679724797, "target": 10, "value": 746.0, "supply": [{"l": "Tomatoes", "v": 12.0}, {"l": "Treenuts", "v": 188.0}, {"l": "Vegetables, Other", "v": 169.0}, {"l": "Pulses, Other", "v": 75.0}, {"l": "Lemons, Limes", "v": 1.0}, {"l": "Pineapples", "v": 12.0}, {"l": "Bananas", "v": 60.0}, {"l": "Fruits, Other", "v": 187.0}, {"l": "Grapefruit", "v": 17.0}, {"l": "Oranges, Mandarines", "v": 21.0}, {"l": "Onions", "v": 4.0}]}, {"source": 21, "prod": 0.32844719278444662, "target": 11, "value": 202.0, "supply": [{"l": "Nuts", "v": 188.0}, {"l": "Coffee", "v": 1.0}, {"l": "Tea", "v": 13.0}]}, {"source": 1, "prod": 0.08144355329261363, "target": 0, "value": 100.0, "supply": [{"l": "Crustaceans", "v": 5.0}, {"l": "Freshwater Fish", "v": 3.0}, {"l": "Pelagic Fish", "v": 20.0}, {"l": "Marine Fish, Other", "v": 22.0}, {"l": "Fish, Seafood", "v": 50.0}]}, {"source": 1, "prod": 0.23755713396857817, "target": 6, "value": 182.0, "supply": [{"l": "Poultry Meat", "v": 15.0}, {"l": "Pigmeat", "v": 11.0}, {"l": "Bovine Meat", "v": 36.0}, {"l": "Eggs", "v": 1.0}, {"l": "Milk - Excluding Butter", "v": 109.0}, {"l": "Offals, Edible", "v": 8.0}, {"l": "Mutton & Goat Meat", "v": 3.0}]}, {"source": 13, "prod": 0.096449169563246145, "target": 4, "value": 77.0, "supply": [{"l": "Fats, Animals, Raw", "v": 4.0}, {"l": "Beverages, Fermented", "v": 8.0}, {"l": "Beer", "v": 54.0}, {"l": "Beverages, Alcoholic", "v": 3.0}, {"l": "Butter, Ghee", "v": 1.0}, {"l": "Wine", "v": 7.0}]}, {"source": 13, "prod": 0.84588341072720219, "target": 12, "value": 82.0, "supply": [{"l": "Sesameseed Oil", "v": 1.0}, {"l": "Coconut Oil", "v": 21.0}, {"l": "Maize Germ Oil", "v": 7.0}, {"l": "Groundnut Oil", "v": 24.0}, {"l": "Cottonseed Oil", "v": 10.0}, {"l": "Oilcrops Oil, Other", "v": 17.0}, {"l": "Sunflowerseed Oil", "v": 2.0}]}, {"source": 13, "prod": 0.99636083049219804, "target": 9, "value": 241.0, "supply": [{"l": "Sweeteners, Other", "v": 1.0}, {"l": "Sugar", "v": 240.0}]}]}