{"nodes": [{"layer": 3, "name": "Maize"}, {"layer": 5, "name": "Production", "fill": "#b5cf6b"}, {"layer": 3, "name": "Roots, Other"}, {"layer": 3, "name": "Nuts"}, {"layer": 3, "name": "Rice"}, {"layer": 3, "name": "Tomatoes"}, {"layer": 3, "name": "Sunflower seed"}, {"layer": 3, "name": "Coffee"}, {"layer": 3, "name": "Wheat"}, {"layer": 3, "name": "Coconuts - Incl Copra"}, {"layer": 3, "name": "Treenuts"}, {"layer": 3, "name": "Vegetables, Other"}, {"layer": 3, "name": "Sesame seed"}, {"layer": 3, "name": "Groundnuts"}, {"layer": 3, "name": "Oilcrops, Other"}, {"layer": 3, "name": "Sugar cane"}, {"layer": 3, "name": "Cottonseed"}, {"layer": 3, "name": "Potatoes"}, {"layer": 3, "name": "Pulses, Other"}, {"layer": 3, "name": "Lemons, Limes"}, {"layer": 3, "name": "Sorghum"}, {"layer": 3, "name": "Pineapples"}, {"layer": 3, "name": "Bananas"}, {"layer": 3, "name": "Fruits, Other"}, {"layer": 3, "name": "Millet"}, {"layer": 3, "name": "Sweet potatoes"}, {"layer": 3, "name": "Grapefruit"}, {"layer": 3, "name": "Oranges, Mandarines"}, {"layer": 3, "name": "Tea"}, {"layer": 3, "name": "Onions"}, {"layer": 3, "name": "Cassava"}, {"layer": 1, "name": "Electricity", "fill": "#bcbd22"}, {"layer": 0, "name": "Fossil Fuels", "fill": "#c49c94"}, {"layer": 0, "name": "Renewables & Nuclear", "fill": "#2ca02c"}, {"layer": 1, "name": "Fertilizers", "fill": "#c5b0d5"}, {"layer": 0, "name": "Labor", "fill": "#7f7f7f"}], "links": [{"source": 0, "prod": 373.0, "target": 1, "value": 1.2731026878235907, "supply": [{"l": "Maize", "v": 1.2731026878235907}]}, {"source": 2, "prod": 5.0, "target": 1, "value": 0.0050535912601785728, "supply": [{"l": "Roots, Other", "v": 0.0050535912601785728}]}, {"source": 3, "prod": 184.0, "target": 1, "value": 0.31772870447723389, "supply": [{"l": "Nuts", "v": 0.31772870447723389}]}, {"source": 4, "prod": 66.0, "target": 1, "value": 0.28827894478641797, "supply": [{"l": "Rice", "v": 0.28827894478641797}]}, {"source": 5, "prod": 12.0, "target": 1, "value": 0.0044684385879473695, "supply": [{"l": "Tomatoes", "v": 0.0044684385879473695}]}, {"source": 6, "prod": 4.0, "target": 1, "value": 0.015760085622589081, "supply": [{"l": "Sunflower seed", "v": 0.015760085622589081}]}, {"source": 7, "prod": 1.0, "target": 1, "value": 0.00035672408895378151, "supply": [{"l": "Coffee", "v": 0.00035672408895378151}]}, {"source": 8, "prod": 9.0, "target": 1, "value": 0.028484312963288169, "supply": [{"l": "Wheat", "v": 0.028484312963288169}]}, {"source": 9, "prod": 407.0, "target": 1, "value": 0.72323237303575116, "supply": [{"l": "Coconuts - Incl Copra", "v": 0.72323237303575116}]}, {"source": 10, "prod": 184.0, "target": 1, "value": 0.31772870447723389, "supply": [{"l": "Treenuts", "v": 0.31772870447723389}]}, {"source": 11, "prod": 159.0, "target": 1, "value": 0.039496871510956114, "supply": [{"l": "Vegetables, Other", "v": 0.039496871510956114}]}, {"source": 12, "prod": 2.0, "target": 1, "value": 0.0078800428112945405, "supply": [{"l": "Sesame seed", "v": 0.0078800428112945405}]}, {"source": 13, "prod": 98.0, "target": 1, "value": 0.59809979118867418, "supply": [{"l": "Groundnuts", "v": 0.59809979118867418}]}, {"source": 14, "prod": 37.0, "target": 1, "value": 0.2243794519519286, "supply": [{"l": "Oilcrops, Other", "v": 0.2243794519519286}]}, {"source": 15, "prod": 2730.0, "target": 1, "value": 0.80478440818343755, "supply": [{"l": "Sugar cane", "v": 0.80478440818343755}]}, {"source": 16, "prod": 91.0, "target": 1, "value": 0.35854194791390159, "supply": [{"l": "Cottonseed", "v": 0.35854194791390159}]}, {"source": 17, "prod": 40.0, "target": 1, "value": 0.034552461174244188, "supply": [{"l": "Potatoes", "v": 0.034552461174244188}]}, {"source": 18, "prod": 67.0, "target": 1, "value": 0.26290565355893702, "supply": [{"l": "Pulses, Other", "v": 0.26290565355893702}]}, {"source": 19, "prod": 1.0, "target": 1, "value": 0.00049060669940593929, "supply": [{"l": "Lemons, Limes", "v": 0.00049060669940593929}]}, {"source": 20, "prod": 195.0, "target": 1, "value": 0.62218626515022069, "supply": [{"l": "Sorghum", "v": 0.62218626515022069}]}, {"source": 21, "prod": 18.0, "target": 1, "value": 0.0044684385879473695, "supply": [{"l": "Pineapples", "v": 0.0044684385879473695}]}, {"source": 22, "prod": 34.0, "target": 1, "value": 0.021649584958605, "supply": [{"l": "Bananas", "v": 0.021649584958605}]}, {"source": 23, "prod": 219.0, "target": 1, "value": 0.1042120857418907, "supply": [{"l": "Fruits, Other", "v": 0.1042120857418907}]}, {"source": 24, "prod": 10.0, "target": 1, "value": 0.031156085567339457, "supply": [{"l": "Millet", "v": 0.031156085567339457}]}, {"source": 25, "prod": 40.0, "target": 1, "value": 0.044567104026771658, "supply": [{"l": "Sweet potatoes", "v": 0.044567104026771658}]}, {"source": 26, "prod": 15.0, "target": 1, "value": 0.017433333299999999, "supply": [{"l": "Grapefruit", "v": 0.017433333299999999}]}, {"source": 27, "prod": 18.0, "target": 1, "value": 0.0090964642683214296, "supply": [{"l": "Oranges, Mandarines", "v": 0.0090964642683214296}]}, {"source": 28, "prod": 17.0, "target": 1, "value": 0.019757777740000003, "supply": [{"l": "Tea", "v": 0.019757777740000003}]}, {"source": 29, "prod": 3.0, "target": 1, "value": 0.0025989897909489794, "supply": [{"l": "Onions", "v": 0.0025989897909489794}]}, {"source": 30, "prod": 2900.0, "target": 1, "value": 3.686965170969613, "supply": [{"l": "Cassava", "v": 3.686965170969613}]}, {"source": 31, "prod": 0, "target": 0, "value": 0.0007216475704920946, "supply": "[{\"l\":'Energy for power irrigation',\"v\":0.0007216475704920946}]"}, {"source": 31, "prod": 0, "target": 2, "value": 1.2012059432006696e-05, "supply": "[{\"l\":'Energy for power irrigation',\"v\":1.2012059432006696e-05}]"}, {"source": 31, "prod": 0, "target": 3, "value": 0.00034095768695465161, "supply": "[{\"l\":'Energy for power irrigation',\"v\":0.00034095768695465161}]"}, {"source": 31, "prod": 0, "target": 26, "value": 2.8644141722477509e-05, "supply": "[{\"l\":'Energy for power irrigation',\"v\":2.8644141722477509e-05}]"}, {"source": 31, "prod": 0, "target": 4, "value": 0.00012289260803514541, "supply": "[{\"l\":'Energy for power irrigation',\"v\":0.00012289260803514541}]"}, {"source": 31, "prod": 0, "target": 5, "value": 2.2176109720627744e-05, "supply": "[{\"l\":'Energy for power irrigation',\"v\":2.2176109720627744e-05}]"}, {"source": 31, "prod": 0, "target": 6, "value": 8.316041145235405e-06, "supply": "[{\"l\":'Energy for power irrigation',\"v\":8.316041145235405e-06}]"}, {"source": 31, "prod": 0, "target": 7, "value": 2.7720137150784681e-06, "supply": "[{\"l\":'Energy for power irrigation',\"v\":2.7720137150784681e-06}]"}, {"source": 31, "prod": 0, "target": 8, "value": 8.6856429739125331e-05, "supply": "[{\"l\":'Energy for power irrigation',\"v\":8.6856429739125331e-05}]"}, {"source": 31, "prod": 0, "target": 9, "value": 0.00075213972135795772, "supply": "[{\"l\":'Energy for power irrigation',\"v\":0.00075213972135795772}]"}, {"source": 31, "prod": 0, "target": 10, "value": 0.00034095768695465161, "supply": "[{\"l\":'Energy for power irrigation',\"v\":0.00034095768695465161}]"}, {"source": 31, "prod": 0, "target": 11, "value": 0.00029568146294170331, "supply": "[{\"l\":'Energy for power irrigation',\"v\":0.00029568146294170331}]"}, {"source": 31, "prod": 0, "target": 12, "value": 3.6960182867712912e-06, "supply": "[{\"l\":'Energy for power irrigation',\"v\":3.6960182867712912e-06}]"}, {"source": 31, "prod": 0, "target": 13, "value": 0.0001903449417687215, "supply": "[{\"l\":'Energy for power irrigation',\"v\":0.0001903449417687215}]"}, {"source": 31, "prod": 0, "target": 14, "value": 6.8376338305268887e-05, "supply": "[{\"l\":'Energy for power irrigation',\"v\":6.8376338305268887e-05}]"}, {"source": 31, "prod": 0, "target": 16, "value": 0.00016909283661978658, "supply": "[{\"l\":'Energy for power irrigation',\"v\":0.00016909283661978658}]"}, {"source": 31, "prod": 0, "target": 17, "value": 7.8540388593889939e-05, "supply": "[{\"l\":'Energy for power irrigation',\"v\":7.8540388593889939e-05}]"}, {"source": 31, "prod": 0, "target": 18, "value": 0.00012381661260683826, "supply": "[{\"l\":'Energy for power irrigation',\"v\":0.00012381661260683826}]"}, {"source": 31, "prod": 0, "target": 19, "value": 1.8480091433856456e-06, "supply": "[{\"l\":'Energy for power irrigation',\"v\":1.8480091433856456e-06}]"}, {"source": 31, "prod": 0, "target": 20, "value": 0.00036128578753189368, "supply": "[{\"l\":'Energy for power irrigation',\"v\":0.00036128578753189368}]"}, {"source": 31, "prod": 0, "target": 15, "value": 0.0050459889660145057, "supply": "[{\"l\":'Energy for power irrigation',\"v\":0.0050459889660145057}]"}, {"source": 31, "prod": 0, "target": 21, "value": 3.326416458094162e-05, "supply": "[{\"l\":'Energy for power irrigation',\"v\":3.326416458094162e-05}]"}, {"source": 31, "prod": 0, "target": 22, "value": 6.2832310875111946e-05, "supply": "[{\"l\":'Energy for power irrigation',\"v\":6.2832310875111946e-05}]"}, {"source": 31, "prod": 0, "target": 28, "value": 3.1416155437555973e-05, "supply": "[{\"l\":'Energy for power irrigation',\"v\":3.1416155437555973e-05}]"}, {"source": 31, "prod": 0, "target": 23, "value": 0.00040933402525992048, "supply": "[{\"l\":'Energy for power irrigation',\"v\":0.00040933402525992048}]"}, {"source": 31, "prod": 0, "target": 24, "value": 1.9404096005549281e-05, "supply": "[{\"l\":'Energy for power irrigation',\"v\":1.9404096005549281e-05}]"}, {"source": 31, "prod": 0, "target": 25, "value": 7.3920365735425828e-05, "supply": "[{\"l\":'Energy for power irrigation',\"v\":7.3920365735425828e-05}]"}, {"source": 31, "prod": 0, "target": 27, "value": 3.326416458094162e-05, "supply": "[{\"l\":'Energy for power irrigation',\"v\":3.326416458094162e-05}]"}, {"source": 31, "prod": 0, "target": 29, "value": 8.316041145235405e-06, "supply": "[{\"l\":'Energy for power irrigation',\"v\":8.316041145235405e-06}]"}, {"source": 31, "prod": 0, "target": 30, "value": 0.0053592265158183723, "supply": "[{\"l\":'Energy for power irrigation',\"v\":0.0053592265158183723}]"}, {"source": 32, "prod": 0, "target": 31, "value": 0.027276138141577873, "supply": [{"l": "Coal", "v": 0.0020996139748470661}, {"l": "Natural gas", "v": 0.0}, {"l": "Oil", "v": 0.025176524166730805}]}, {"source": 33, "prod": 0, "target": 31, "value": 0.0044443447421217428, "supply": [{"l": "Nuclear", "v": 0.0}, {"l": "Hydroelectric", "v": 0.0044443447421217428}, {"l": "Renewable", "v": 0.0}]}, {"source": 32, "prod": 0, "target": 0, "value": 0.027790139804011554, "supply": [{"l": "Gas-Diesel oil", "v": 0.0015499250041244444}, {"l": "Other fossil fuels", "v": 0.026240214799887113}]}, {"source": 32, "prod": 0, "target": 2, "value": 0.00046257595064295797, "supply": [{"l": "Gas-Diesel oil", "v": 2.5799007751111108e-05}, {"l": "Other fossil fuels", "v": 0.0004367769428918469}]}, {"source": 32, "prod": 0, "target": 3, "value": 0.013130040445173193, "supply": [{"l": "Gas-Diesel oil", "v": 0.00073229491232000002}, {"l": "Other fossil fuels", "v": 0.012397745532853194}]}, {"source": 32, "prod": 0, "target": 26, "value": 0.0011030657284562845, "supply": [{"l": "Gas-Diesel oil", "v": 6.1520710791111117e-05}, {"l": "Other fossil fuels", "v": 0.0010415450176651734}]}, {"source": 32, "prod": 0, "target": 4, "value": 0.0047325078027318007, "supply": [{"l": "Gas-Diesel oil", "v": 0.0002639436946844444}, {"l": "Other fossil fuels", "v": 0.0044685641080473562}]}, {"source": 32, "prod": 0, "target": 5, "value": 0.00085398637041776855, "supply": [{"l": "Gas-Diesel oil", "v": 4.762893738666666e-05}, {"l": "Other fossil fuels", "v": 0.00080635743303110192}]}, {"source": 32, "prod": 0, "target": 6, "value": 0.00032024488890666325, "supply": [{"l": "Gas-Diesel oil", "v": 1.7860851519999997e-05}, {"l": "Other fossil fuels", "v": 0.00030238403738666326}]}, {"source": 32, "prod": 0, "target": 7, "value": 0.00010674829630222107, "supply": [{"l": "Gas-Diesel oil", "v": 5.9536171733333324e-06}, {"l": "Other fossil fuels", "v": 0.00010079467912888774}]}, {"source": 32, "prod": 0, "target": 8, "value": 0.0033447799508029268, "supply": [{"l": "Gas-Diesel oil", "v": 0.00018654667143111109}, {"l": "Other fossil fuels", "v": 0.0031582332793718159}]}, {"source": 32, "prod": 0, "target": 9, "value": 0.028964371063335985, "supply": [{"l": "Gas-Diesel oil", "v": 0.001615414793031111}, {"l": "Other fossil fuels", "v": 0.027348956270304876}]}, {"source": 32, "prod": 0, "target": 10, "value": 0.013130040445173193, "supply": [{"l": "Gas-Diesel oil", "v": 0.00073229491232000002}, {"l": "Other fossil fuels", "v": 0.012397745532853194}]}, {"source": 32, "prod": 0, "target": 11, "value": 0.011386484938903582, "supply": [{"l": "Gas-Diesel oil", "v": 0.00063505249848888883}, {"l": "Other fossil fuels", "v": 0.010751432440414694}]}, {"source": 32, "prod": 0, "target": 12, "value": 0.00014233106173629475, "supply": [{"l": "Gas-Diesel oil", "v": 7.938156231111111e-06}, {"l": "Other fossil fuels", "v": 0.00013439290550518366}]}, {"source": 32, "prod": 0, "target": 13, "value": 0.0073300496794191806, "supply": [{"l": "Gas-Diesel oil", "v": 0.00040881504590222222}, {"l": "Other fossil fuels", "v": 0.0069212346335169594}]}, {"source": 32, "prod": 0, "target": 14, "value": 0.0026331246421214534, "supply": [{"l": "Gas-Diesel oil", "v": 0.00014685589027555555}, {"l": "Other fossil fuels", "v": 0.0024862687518458979}]}, {"source": 32, "prod": 0, "target": 16, "value": 0.0065116460744354858, "supply": [{"l": "Gas-Diesel oil", "v": 0.00036317064757333329}, {"l": "Other fossil fuels", "v": 0.006148475426862152}]}, {"source": 32, "prod": 0, "target": 17, "value": 0.0030245350618962638, "supply": [{"l": "Gas-Diesel oil", "v": 0.00016868581991111111}, {"l": "Other fossil fuels", "v": 0.002855849241985153}]}, {"source": 32, "prod": 0, "target": 18, "value": 0.0047680905681658755, "supply": [{"l": "Gas-Diesel oil", "v": 0.00026592823374222221}, {"l": "Other fossil fuels", "v": 0.0045021623344236534}]}, {"source": 32, "prod": 0, "target": 19, "value": 7.1165530868147375e-05, "supply": [{"l": "Gas-Diesel oil", "v": 3.9690781155555555e-06}, {"l": "Other fossil fuels", "v": 6.7196452752591831e-05}]}, {"source": 32, "prod": 0, "target": 20, "value": 0.013912861284722813, "supply": [{"l": "Gas-Diesel oil", "v": 0.00077595477159111102}, {"l": "Other fossil fuels", "v": 0.013136906513131702}]}, {"source": 32, "prod": 0, "target": 15, "value": 0.19431748203547644, "supply": [{"l": "Gas-Diesel oil", "v": 0.010837567794524444}, {"l": "Other fossil fuels", "v": 0.183479914240952}]}, {"source": 32, "prod": 0, "target": 21, "value": 0.001280979555626653, "supply": [{"l": "Gas-Diesel oil", "v": 7.1443406079999989e-05}, {"l": "Other fossil fuels", "v": 0.001209536149546653}]}, {"source": 32, "prod": 0, "target": 22, "value": 0.0024196280495170112, "supply": [{"l": "Gas-Diesel oil", "v": 0.00013494865592888889}, {"l": "Other fossil fuels", "v": 0.0022846793935881221}]}, {"source": 32, "prod": 0, "target": 28, "value": 0.0012098140247585056, "supply": [{"l": "Gas-Diesel oil", "v": 6.7474327964444446e-05}, {"l": "Other fossil fuels", "v": 0.0011423396967940611}]}, {"source": 32, "prod": 0, "target": 23, "value": 0.015763165087294646, "supply": [{"l": "Gas-Diesel oil", "v": 0.00087915080259555543}, {"l": "Other fossil fuels", "v": 0.01488401428469909}]}, {"source": 32, "prod": 0, "target": 24, "value": 0.00074723807411554758, "supply": [{"l": "Gas-Diesel oil", "v": 4.167532021333333e-05}, {"l": "Other fossil fuels", "v": 0.00070556275390221428}]}, {"source": 32, "prod": 0, "target": 25, "value": 0.0028466212347258955, "supply": [{"l": "Gas-Diesel oil", "v": 0.00015876312462222221}, {"l": "Other fossil fuels", "v": 0.0026878581101036736}]}, {"source": 32, "prod": 0, "target": 27, "value": 0.001280979555626653, "supply": [{"l": "Gas-Diesel oil", "v": 7.1443406079999989e-05}, {"l": "Other fossil fuels", "v": 0.001209536149546653}]}, {"source": 32, "prod": 0, "target": 29, "value": 0.00032024488890666325, "supply": [{"l": "Gas-Diesel oil", "v": 1.7860851519999997e-05}, {"l": "Other fossil fuels", "v": 0.00030238403738666326}]}, {"source": 32, "prod": 0, "target": 30, "value": 0.2063800395176274, "supply": [{"l": "Gas-Diesel oil", "v": 0.011510326535111109}, {"l": "Other fossil fuels", "v": 0.19486971298251629}]}, {"source": 34, "prod": 0.3194557632398754, "target": 0, "value": 0.0041175051291160881, "supply": [{"l": "Potash", "v": 0.0034458666694233602}, {"l": "Phosphate", "v": 0.0043514166701477995}, {"l": "Nitrogen", "v": 0.076819819505900291}]}, {"source": 34, "prod": 0.0053174454828660437, "target": 2, "value": 6.8537217258014257e-05, "supply": [{"l": "Potash", "v": 0.0034458666694233602}, {"l": "Phosphate", "v": 0.0043514166701477995}, {"l": "Nitrogen", "v": 0.076819819505900291}]}, {"source": 34, "prod": 0.15093364485981312, "target": 3, "value": 0.0019454025514005588, "supply": [{"l": "Potash", "v": 0.0034458666694233602}, {"l": "Phosphate", "v": 0.0043514166701477995}, {"l": "Nitrogen", "v": 0.076819819505900291}]}, {"source": 34, "prod": 0.012680062305295952, "target": 26, "value": 0.00016343490269218788, "supply": [{"l": "Potash", "v": 0.0034458666694233602}, {"l": "Phosphate", "v": 0.0043514166701477995}, {"l": "Nitrogen", "v": 0.076819819505900291}]}, {"source": 34, "prod": 0.054401557632398755, "target": 4, "value": 0.00070118845348583823, "supply": [{"l": "Potash", "v": 0.0034458666694233602}, {"l": "Phosphate", "v": 0.0043514166701477995}, {"l": "Nitrogen", "v": 0.076819819505900291}]}, {"source": 34, "prod": 0.009816822429906542, "target": 5, "value": 0.00012653024724556478, "supply": [{"l": "Potash", "v": 0.0034458666694233602}, {"l": "Phosphate", "v": 0.0043514166701477995}, {"l": "Nitrogen", "v": 0.076819819505900291}]}, {"source": 34, "prod": 0.0036813084112149535, "target": 6, "value": 4.7448842717086797e-05, "supply": [{"l": "Potash", "v": 0.0034458666694233602}, {"l": "Phosphate", "v": 0.0043514166701477995}, {"l": "Nitrogen", "v": 0.076819819505900291}]}, {"source": 34, "prod": 0.0012271028037383178, "target": 7, "value": 1.5816280905695598e-05, "supply": [{"l": "Potash", "v": 0.0034458666694233602}, {"l": "Phosphate", "v": 0.0043514166701477995}, {"l": "Nitrogen", "v": 0.076819819505900291}]}, {"source": 34, "prod": 0.038449221183800626, "target": 8, "value": 0.00049557680171179543, "supply": [{"l": "Potash", "v": 0.0034458666694233602}, {"l": "Phosphate", "v": 0.0043514166701477995}, {"l": "Nitrogen", "v": 0.076819819505900291}]}, {"source": 34, "prod": 0.3329538940809969, "target": 9, "value": 0.0042914842190787394, "supply": [{"l": "Potash", "v": 0.0034458666694233602}, {"l": "Phosphate", "v": 0.0043514166701477995}, {"l": "Nitrogen", "v": 0.076819819505900291}]}, {"source": 34, "prod": 0.15093364485981312, "target": 10, "value": 0.0019454025514005588, "supply": [{"l": "Potash", "v": 0.0034458666694233602}, {"l": "Phosphate", "v": 0.0043514166701477995}, {"l": "Nitrogen", "v": 0.076819819505900291}]}, {"source": 34, "prod": 0.13089096573208725, "target": 11, "value": 0.0016870699632741974, "supply": [{"l": "Potash", "v": 0.0034458666694233602}, {"l": "Phosphate", "v": 0.0043514166701477995}, {"l": "Nitrogen", "v": 0.076819819505900291}]}, {"source": 34, "prod": 0.0016361370716510904, "target": 12, "value": 2.1088374540927466e-05, "supply": [{"l": "Potash", "v": 0.0034458666694233602}, {"l": "Phosphate", "v": 0.0043514166701477995}, {"l": "Nitrogen", "v": 0.076819819505900291}]}, {"source": 34, "prod": 0.084261059190031157, "target": 13, "value": 0.0010860512888577645, "supply": [{"l": "Potash", "v": 0.0034458666694233602}, {"l": "Phosphate", "v": 0.0043514166701477995}, {"l": "Nitrogen", "v": 0.076819819505900291}]}, {"source": 34, "prod": 0.030268535825545173, "target": 14, "value": 0.00039013492900715814, "supply": [{"l": "Potash", "v": 0.0034458666694233602}, {"l": "Phosphate", "v": 0.0043514166701477995}, {"l": "Nitrogen", "v": 0.076819819505900291}]}, {"source": 34, "prod": 0.074853271028037391, "target": 16, "value": 0.00096479313524743156, "supply": [{"l": "Potash", "v": 0.0034458666694233602}, {"l": "Phosphate", "v": 0.0043514166701477995}, {"l": "Nitrogen", "v": 0.076819819505900291}]}, {"source": 34, "prod": 0.034767912772585674, "target": 17, "value": 0.00044812795899470866, "supply": [{"l": "Potash", "v": 0.0034458666694233602}, {"l": "Phosphate", "v": 0.0043514166701477995}, {"l": "Nitrogen", "v": 0.076819819505900291}]}, {"source": 34, "prod": 0.054810591900311532, "target": 18, "value": 0.00070646054712107014, "supply": [{"l": "Potash", "v": 0.0034458666694233602}, {"l": "Phosphate", "v": 0.0043514166701477995}, {"l": "Nitrogen", "v": 0.076819819505900291}]}, {"source": 34, "prod": 0.0008180685358255452, "target": 19, "value": 1.0544187270463733e-05, "supply": [{"l": "Potash", "v": 0.0034458666694233602}, {"l": "Phosphate", "v": 0.0043514166701477995}, {"l": "Nitrogen", "v": 0.076819819505900291}]}, {"source": 34, "prod": 0.15993239875389409, "target": 20, "value": 0.0020613886113756597, "supply": [{"l": "Potash", "v": 0.0034458666694233602}, {"l": "Phosphate", "v": 0.0043514166701477995}, {"l": "Nitrogen", "v": 0.076819819505900291}]}, {"source": 34, "prod": 2.2337361370716513, "target": 15, "value": 0.028790903342001222, "supply": [{"l": "Potash", "v": 0.0034458666694233602}, {"l": "Phosphate", "v": 0.0043514166701477995}, {"l": "Nitrogen", "v": 0.076819819505900291}]}, {"source": 34, "prod": 0.014725233644859814, "target": 21, "value": 0.00018979537086834719, "supply": [{"l": "Potash", "v": 0.0034458666694233602}, {"l": "Phosphate", "v": 0.0043514166701477995}, {"l": "Nitrogen", "v": 0.076819819505900291}]}, {"source": 34, "prod": 0.027814330218068537, "target": 22, "value": 0.00035850236719576692, "supply": [{"l": "Potash", "v": 0.0034458666694233602}, {"l": "Phosphate", "v": 0.0043514166701477995}, {"l": "Nitrogen", "v": 0.076819819505900291}]}, {"source": 34, "prod": 0.013907165109034269, "target": 28, "value": 0.00017925118359788346, "supply": [{"l": "Potash", "v": 0.0034458666694233602}, {"l": "Phosphate", "v": 0.0043514166701477995}, {"l": "Nitrogen", "v": 0.076819819505900291}]}, {"source": 34, "prod": 0.18120218068535826, "target": 23, "value": 0.0023355374804077166, "supply": [{"l": "Potash", "v": 0.0034458666694233602}, {"l": "Phosphate", "v": 0.0043514166701477995}, {"l": "Nitrogen", "v": 0.076819819505900291}]}, {"source": 34, "prod": 0.0085897196261682258, "target": 24, "value": 0.0001107139663398692, "supply": [{"l": "Potash", "v": 0.0034458666694233602}, {"l": "Phosphate", "v": 0.0043514166701477995}, {"l": "Nitrogen", "v": 0.076819819505900291}]}, {"source": 34, "prod": 0.032722741433021812, "target": 25, "value": 0.00042176749081854935, "supply": [{"l": "Potash", "v": 0.0034458666694233602}, {"l": "Phosphate", "v": 0.0043514166701477995}, {"l": "Nitrogen", "v": 0.076819819505900291}]}, {"source": 34, "prod": 0.014725233644859814, "target": 27, "value": 0.00018979537086834719, "supply": [{"l": "Potash", "v": 0.0034458666694233602}, {"l": "Phosphate", "v": 0.0043514166701477995}, {"l": "Nitrogen", "v": 0.076819819505900291}]}, {"source": 34, "prod": 0.0036813084112149535, "target": 29, "value": 4.7448842717086797e-05, "supply": [{"l": "Potash", "v": 0.0034458666694233602}, {"l": "Phosphate", "v": 0.0043514166701477995}, {"l": "Nitrogen", "v": 0.076819819505900291}]}, {"source": 34, "prod": 2.3723987538940809, "target": 30, "value": 0.030578143084344825, "supply": [{"l": "Potash", "v": 0.0034458666694233602}, {"l": "Phosphate", "v": 0.0043514166701477995}, {"l": "Nitrogen", "v": 0.076819819505900291}]}, {"source": 32, "prod": 0, "target": 34, "value": 0.10310057551792889, "supply": [{"l": "Natural gas (including LNG)", "v": 0.069073946969643668}, {"l": "Fuel oil", "v": 0.020447097912068501}, {"l": "Liquefied petroleum gas (LPG)", "v": 0.0067897653181083657}, {"l": "Coal", "v": 0.0067897653181083657}]}, {"source": 35, "prod": 0, "target": 0, "value": 0.093573491375041687, "supply": "[{\"l\":'Labor',\"v\":0.093573491375041687}]"}, {"source": 35, "prod": 0, "target": 2, "value": 0.0015575613161018461, "supply": "[{\"l\":'Labor',\"v\":0.0015575613161018461}]"}, {"source": 35, "prod": 0, "target": 3, "value": 0.044210778895506252, "supply": "[{\"l\":'Labor',\"v\":0.044210778895506252}]"}, {"source": 35, "prod": 0, "target": 26, "value": 0.0037141846768582484, "supply": "[{\"l\":'Labor',\"v\":0.0037141846768582484}]"}, {"source": 35, "prod": 0, "target": 4, "value": 0.015935050387811192, "supply": "[{\"l\":'Labor',\"v\":0.015935050387811192}]"}, {"source": 35, "prod": 0, "target": 5, "value": 0.0028754978143418694, "supply": "[{\"l\":'Labor',\"v\":0.0028754978143418694}]"}, {"source": 35, "prod": 0, "target": 6, "value": 0.001078311680378201, "supply": "[{\"l\":'Labor',\"v\":0.001078311680378201}]"}, {"source": 35, "prod": 0, "target": 7, "value": 0.00035943722679273368, "supply": "[{\"l\":'Labor',\"v\":0.00035943722679273368}]"}, {"source": 35, "prod": 0, "target": 8, "value": 0.011262366439505655, "supply": "[{\"l\":'Labor',\"v\":0.011262366439505655}]"}, {"source": 35, "prod": 0, "target": 9, "value": 0.097527300869761746, "supply": "[{\"l\":'Labor',\"v\":0.097527300869761746}]"}, {"source": 35, "prod": 0, "target": 10, "value": 0.044210778895506252, "supply": "[{\"l\":'Labor',\"v\":0.044210778895506252}]"}, {"source": 35, "prod": 0, "target": 11, "value": 0.038339970857891599, "supply": "[{\"l\":'Labor',\"v\":0.038339970857891599}]"}, {"source": 35, "prod": 0, "target": 12, "value": 0.0004792496357236449, "supply": "[{\"l\":'Labor',\"v\":0.0004792496357236449}]"}, {"source": 35, "prod": 0, "target": 13, "value": 0.024681356239767718, "supply": "[{\"l\":'Labor',\"v\":0.024681356239767718}]"}, {"source": 35, "prod": 0, "target": 14, "value": 0.0088661182608874324, "supply": "[{\"l\":'Labor',\"v\":0.0088661182608874324}]"}, {"source": 35, "prod": 0, "target": 16, "value": 0.021925670834356755, "supply": "[{\"l\":'Labor',\"v\":0.021925670834356755}]"}, {"source": 35, "prod": 0, "target": 17, "value": 0.010184054759127455, "supply": "[{\"l\":'Labor',\"v\":0.010184054759127455}]"}, {"source": 35, "prod": 0, "target": 18, "value": 0.016054862796742106, "supply": "[{\"l\":'Labor',\"v\":0.016054862796742106}]"}, {"source": 35, "prod": 0, "target": 19, "value": 0.00023962481786182245, "supply": "[{\"l\":'Labor',\"v\":0.00023962481786182245}]"}, {"source": 35, "prod": 0, "target": 20, "value": 0.046846651891986293, "supply": "[{\"l\":'Labor',\"v\":0.046846651891986293}]"}, {"source": 35, "prod": 0, "target": 15, "value": 0.65429556517170628, "supply": "[{\"l\":'Labor',\"v\":0.65429556517170628}]"}, {"source": 35, "prod": 0, "target": 21, "value": 0.0043132467215128041, "supply": "[{\"l\":'Labor',\"v\":0.0043132467215128041}]"}, {"source": 35, "prod": 0, "target": 22, "value": 0.0081472438073019633, "supply": "[{\"l\":'Labor',\"v\":0.0081472438073019633}]"}, {"source": 35, "prod": 0, "target": 28, "value": 0.0040736219036509817, "supply": "[{\"l\":'Labor',\"v\":0.0040736219036509817}]"}, {"source": 35, "prod": 0, "target": 23, "value": 0.053076897156393674, "supply": "[{\"l\":'Labor',\"v\":0.053076897156393674}]"}, {"source": 35, "prod": 0, "target": 24, "value": 0.0025160605875491362, "supply": "[{\"l\":'Labor',\"v\":0.0025160605875491362}]"}, {"source": 35, "prod": 0, "target": 25, "value": 0.0095849927144728998, "supply": "[{\"l\":'Labor',\"v\":0.0095849927144728998}]"}, {"source": 35, "prod": 0, "target": 27, "value": 0.0043132467215128041, "supply": "[{\"l\":'Labor',\"v\":0.0043132467215128041}]"}, {"source": 35, "prod": 0, "target": 29, "value": 0.001078311680378201, "supply": "[{\"l\":'Labor',\"v\":0.001078311680378201}]"}, {"source": 35, "prod": 0, "target": 30, "value": 0.6949119717992851, "supply": "[{\"l\":'Labor',\"v\":0.6949119717992851}]"}]}