{"nodes": [{"layer": 5, "name": "Starchy Roots"}, {"layer": 10, "name": "Feed", "fill": "#dbdb8d"}, {"layer": 5, "name": "Cereals", "fill": "#e7ba52"}, {"layer": 13, "name": "Other Processed", "fill": "#9c9ede"}, {"layer": 16, "name": "Food", "fill": "#b5cf6b"}, {"layer": 13, "name": "Animal Products", "fill": "#17becf"}, {"layer": 5, "name": "Oilcrops", "fill": "#ff9896"}, {"layer": 5, "name": "Sugar Crops", "fill": "#ffbb78"}, {"layer": 13, "name": "Sugar", "fill": "#d6616b"}, {"layer": 5, "name": "Fruits & Vegetables"}, {"layer": 5, "name": "Others"}, {"layer": 13, "name": "Aquatic Products", "fill": "#1f77b4"}, {"layer": 13, "name": "Vegetable Oils", "fill": "#f7b6d2"}, {"layer": 10, "name": "Processing", "fill": "#9edae5"}, {"layer": 16, "name": "Biofuels & Other", "fill": "#e7ba52"}, {"name": "Waste", "fill": "#c7c7c7"}, {"layer": 2, "name": "Import", "fill": "#aec7e8"}, {"layer": 16, "name": "Export", "fill": "#aec7e8"}, {"layer": 0, "name": "Stock Draw", "fill": "#c7c7c7"}, {"layer": 16, "name": "Stock Deposit", "fill": "#c7c7c7"}, {"name": "Crop Residue", "fill": "#bd9e39"}, {"layer": 2, "name": "Electricity", "fill": "#bcbd22"}, {"layer": 0, "name": "Fossil Fuels", "fill": "#c49c94"}, {"layer": 0, "name": "Renewables & Nuclear", "fill": "#2ca02c"}, {"layer": 2, "name": "Fertilizers", "fill": "#c5b0d5"}, {"layer": 0, "name": "Labor", "fill": "#7f7f7f"}], "links": [{"source": 0, "prod": 367.0, "target": 1, "value": 0.46678135655594871, "supply": [{"l": "Cassava", "v": 0.46678135655594871}]}, {"source": 2, "prod": 6.0, "target": 1, "value": 0.019110812382605435, "supply": [{"l": "Sorghum", "v": 0.019110812382605435}]}, {"source": 3, "prod": 57.0, "target": 4, "value": 0.068585597153058481, "supply": [{"l": "Beer", "v": 0.019552804003018186}, {"l": "Beverages, Alcoholic", "v": 0.014150055528500001}, {"l": "Butter, Ghee", "v": 0.0094333703523333343}, {"l": "Fats, Animals, Raw", "v": 0.018192928536642859}, {"l": "Wine", "v": 0.0023583425880833331}, {"l": "Beverages, Fermented", "v": 0.0048980961444807687}]}, {"source": 5, "prod": 227.0, "target": 4, "value": 0.24572215827954019, "supply": [{"l": "Mutton & Goat Meat", "v": 0.0044684385879473695}, {"l": "Pigmeat", "v": 0.035188953880085527}, {"l": "Milk - Excluding Butter", "v": 0.083056080506843363}, {"l": "Poultry Meat", "v": 0.024714138080599319}, {"l": "Offals, Edible", "v": 0.0097028952195428592}, {"l": "Bovine Meat", "v": 0.088591652004521751}]}, {"source": 2, "prod": 822.0, "target": 4, "value": 2.8277121441032946, "supply": [{"l": "Maize", "v": 1.5754855702180361}, {"l": "Rice", "v": 0.4694183558812477}, {"l": "Wheat", "v": 0.18637483496900795}, {"l": "Oats", "v": 0.010612541646375}, {"l": "Sorghum", "v": 0.56695410068396124}, {"l": "Millet", "v": 0.018866740704666665}]}, {"source": 6, "prod": 46.0, "target": 4, "value": 0.1820554720088039, "supply": [{"l": "Coconuts - Incl Copra", "v": 0.039054153258659997}, {"l": "Groundnuts", "v": 0.14300131875014391}]}, {"source": 7, "prod": 10.0, "target": 4, "value": 0.004879329492586207, "supply": [{"l": "Sugar cane", "v": 0.004879329492586207}]}, {"source": 8, "prod": 143.0, "target": 4, "value": 0.59044632831905663, "supply": [{"l": "Sugar", "v": 0.59044632831905663}]}, {"source": 0, "prod": 3015.0, "target": 4, "value": 3.8075267676536999, "supply": [{"l": "Roots, Other", "v": 0.005145474737636364}, {"l": "Potatoes", "v": 0.039120741755264705}, {"l": "Sweet potatoes", "v": 0.03918476915584615}, {"l": "Cassava", "v": 3.7240757820049528}]}, {"source": 9, "prod": 511.0, "target": 4, "value": 0.42674785938808441, "supply": [{"l": "Tomatoes", "v": 0.0049941372453529403}, {"l": "Treenuts", "v": 0.010426356705210527}, {"l": "Vegetables, Other", "v": 0.03925295045937361}, {"l": "Pulses, Other", "v": 0.21965999958000001}, {"l": "Lemons, Limes", "v": 0.00045339415117987323}, {"l": "Pineapples", "v": 0.0049941372453529403}, {"l": "Bananas", "v": 0.044222279801592983}, {"l": "Fruits, Other", "v": 0.083249944285266733}, {"l": "Grapefruit", "v": 0.012784444420000001}, {"l": "Oranges, Mandarines", "v": 0.004915282446742106}, {"l": "Onions", "v": 0.0017949330480126853}]}, {"source": 10, "prod": 10.0, "target": 4, "value": 0.013155088446024813, "supply": [{"l": "Nuts", "v": 0.010426356705210527}, {"l": "Coffee", "v": 0.00040428730081428573}, {"l": "Infant food", "v": 0.0011622222200000001}, {"l": "Tea", "v": 0.0011622222200000001}]}, {"source": 11, "prod": 72.0, "target": 4, "value": 0.057005462203513421, "supply": [{"l": "Freshwater Fish", "v": 0.0022473617604088238}, {"l": "Crustaceans", "v": 0.0011791712940416668}, {"l": "Marine Fish, Other", "v": 0.024190352282178314}, {"l": "Fish, Seafood", "v": 0.029388576866884616}]}, {"source": 12, "prod": 71.0, "target": 4, "value": 0.73662630113264405, "supply": [{"l": "Maize Germ Oil", "v": 0.084900333171}, {"l": "Groundnut Oil", "v": 0.17682883961774504}, {"l": "Palm Oil", "v": 0.022640088845599999}, {"l": "Sunflowerseed Oil", "v": 0.038342085948193549}, {"l": "Coconut Oil", "v": 0.24860767416579904}, {"l": "Sesameseed Oil", "v": 0.0094333703523333343}, {"l": "Oilcrops Oil, Other", "v": 0.054296724702383718}, {"l": "Cottonseed Oil", "v": 0.059127017744089294}, {"l": "Palmkernel Oil", "v": 0.0424501665855}]}, {"source": 7, "prod": 1950.0, "target": 13, "value": 0.95146925105431035, "supply": [{"l": "Sugar cane", "v": 0.95146925105431035}]}, {"source": 2, "prod": 10.0, "target": 13, "value": 0.031964249277019775, "supply": [{"l": "Barley", "v": 0.025593978482817966}, {"l": "Sorghum", "v": 0.006370270794201811}]}, {"source": 6, "prod": 380.0, "target": 13, "value": 1.1535676567697948, "supply": [{"l": "Sunflower seed", "v": 0.039577276523653032}, {"l": "Groundnuts", "v": 0.24869794565242423}, {"l": "Cottonseed", "v": 0.18205547200880395}, {"l": "Oilcrops, Other", "v": 0.27289392804964291}, {"l": "Coconuts - Incl Copra", "v": 0.40242757923054001}, {"l": "Sesame seed", "v": 0.0079154553047306054}]}, {"source": 3, "prod": 3.0, "target": 14, "value": 0.027289392804964289, "supply": [{"l": "Fats, Animals, Raw", "v": 0.027289392804964289}]}, {"source": 12, "prod": 7.0, "target": 14, "value": 0.074005730617080157, "supply": [{"l": "Cottonseed Oil", "v": 0.019709005914696431}, {"l": "Oilcrops Oil, Other", "v": 0.054296724702383718}]}, {"source": 0, "prod": 5.0, "target": 0, "value": 0.0041617810377941175, "supply": [{"l": "Potatoes", "v": 0.0041617810377941175}]}, {"source": 9, "prod": 5.0, "target": 9, "value": 0.019612499962500002, "supply": [{"l": "Pulses, Other", "v": 0.019612499962500002}]}, {"source": 5, "prod": 1.0, "target": 5, "value": 0.0016237768639262298, "supply": [{"l": "Eggs", "v": 0.0016237768639262298}]}, {"source": 2, "prod": 21.0, "target": 2, "value": 0.074344584614469605, "supply": [{"l": "Maize", "v": 0.040833319314506351}, {"l": "Rice", "v": 0.020770723711559635}, {"l": "Sorghum", "v": 0.012740541588403622}]}, {"source": 6, "prod": 22.0, "target": 6, "value": 0.13226442813094272, "supply": [{"l": "Groundnuts", "v": 0.12434897282621211}, {"l": "Cottonseed", "v": 0.0079154553047306054}]}, {"source": 5, "prod": 3.0, "target": 15, "value": 0.0016501208047717225, "supply": [{"l": "Milk - Excluding Butter", "v": 0.0016501208047717225}]}, {"source": 2, "prod": 40.0, "target": 15, "value": 0.13675070740241524, "supply": [{"l": "Maize", "v": 0.08506941523855488}, {"l": "Wheat", "v": 0.0032133592236035856}, {"l": "Rice", "v": 0.016616578969247706}, {"l": "Sorghum", "v": 0.031851353971009064}]}, {"source": 6, "prod": 3.0, "target": 15, "value": 0.018652345923931817, "supply": [{"l": "Groundnuts", "v": 0.018652345923931817}]}, {"source": 7, "prod": 40.0, "target": 15, "value": 0.019517317970344828, "supply": [{"l": "Sugar cane", "v": 0.019517317970344828}]}, {"source": 0, "prod": 112.0, "target": 15, "value": 0.14039873142181875, "supply": [{"l": "Cassava", "v": 0.13354779955960383}, {"l": "Potatoes", "v": 0.0024970686226764701}, {"l": "Sweet potatoes", "v": 0.0043538632395384615}]}, {"source": 9, "prod": 50.0, "target": 15, "value": 0.032986385271462179, "supply": [{"l": "Pineapples", "v": 0.00041617810377941178}, {"l": "Bananas", "v": 0.0021748662197504745}, {"l": "Treenuts", "v": 0.0014894795293157897}, {"l": "Fruits, Other", "v": 0.0091988888713001923}, {"l": "Vegetables, Other", "v": 0.0043051623084474277}, {"l": "Grapefruit", "v": 0.0023244444400000001}, {"l": "Pulses, Other", "v": 0.0117674999775}, {"l": "Oranges, Mandarines", "v": 0.00089368771758947373}, {"l": "Tomatoes", "v": 0.00041617810377941178}]}, {"source": 10, "prod": 1.0, "target": 15, "value": 0.0014894795293157897, "supply": [{"l": "Nuts", "v": 0.0014894795293157897}]}, {"source": 16, "prod": 1.0, "target": 10, "value": 0.0011622222200000001, "supply": [{"l": "Infant food", "v": 0.0011622222200000001}]}, {"source": 16, "prod": 14.0, "target": 13, "value": 0.1150307061169577, "supply": [{"l": "Fats, Animals, Raw", "v": 0.027289392804964289}, {"l": "Palm Oil", "v": 0.022640088845599999}, {"l": "Palmkernel Oil", "v": 0.0424501665855}, {"l": "Oilcrops Oil, Other", "v": 0.010859344940476743}, {"l": "Butter, Ghee", "v": 0.0094333703523333343}, {"l": "Wine", "v": 0.0023583425880833331}]}, {"source": 16, "prod": 241.0, "target": 2, "value": 0.86918637115681041, "supply": [{"l": "Maize", "v": 0.27562490537291784}, {"l": "Wheat", "v": 0.17994811652180079}, {"l": "Oats", "v": 0.010612541646375}, {"l": "Barley", "v": 0.041590215034579187}, {"l": "Rice", "v": 0.36141059258113761}]}, {"source": 16, "prod": 117.0, "target": 1, "value": 0.082494145992882795, "supply": [{"l": "Pigmeat", "v": 0.0039098837644539475}, {"l": "Bovine Meat", "v": 0.011073956500565219}, {"l": "Milk - Excluding Butter", "v": 0.046753422801865466}, {"l": "Marine Fish, Other", "v": 0.010144341279623161}, {"l": "Fish, Seafood", "v": 0.010612541646375}]}, {"source": 16, "prod": 1.0, "target": 9, "value": 0.00025324484167337809, "supply": [{"l": "Vegetables, Other", "v": 0.00025324484167337809}]}, {"source": 6, "prod": 203.0, "target": 17, "value": 0.3559939576189865, "supply": [{"l": "Coconuts - Incl Copra", "v": 0.339601332684}, {"l": "Sesame seed", "v": 0.0039577276523653027}, {"l": "Groundnuts", "v": 0.012434897282621211}]}, {"source": 8, "prod": 25.0, "target": 17, "value": 0.10322488257326164, "supply": [{"l": "Sugar", "v": 0.10322488257326164}]}, {"source": 9, "prod": 88.0, "target": 17, "value": 0.1230925803188098, "supply": [{"l": "Bananas", "v": 0.00072495540658349148}, {"l": "Treenuts", "v": 0.11022148516936843}, {"l": "Grapefruit", "v": 0.0046488888800000003}, {"l": "Pulses, Other", "v": 0.0039224999925}, {"l": "Oranges, Mandarines", "v": 0.0035747508703578949}]}, {"source": 10, "prod": 88.0, "target": 17, "value": 0.12649259624936843, "supply": [{"l": "Tea", "v": 0.016271111080000001}, {"l": "Nuts", "v": 0.11022148516936843}]}, {"source": 11, "prod": 6.0, "target": 17, "value": 0.0042178050133028847, "supply": [{"l": "Crustaceans", "v": 0.0017687569410625001}, {"l": "Fish, Seafood", "v": 0.0024490480722403844}]}, {"source": 12, "prod": 10.0, "target": 17, "value": 0.1075920657042972, "supply": [{"l": "Coconut Oil", "v": 0.020717306180483255}, {"l": "Oilcrops Oil, Other", "v": 0.086874759523813946}]}, {"source": 18, "prod": 20.0, "target": 9, "value": 0.029789590586315792, "supply": [{"l": "Treenuts", "v": 0.029789590586315792}]}, {"source": 10, "prod": 4.0, "target": 19, "value": 0.0046488888800000003, "supply": [{"l": "Tea", "v": 0.0046488888800000003}]}, {"source": 2, "prod": 5.0, "target": 19, "value": 0.015996236551761227, "supply": [{"l": "Barley", "v": 0.015996236551761227}]}, {"source": 18, "prod": 20.0, "target": 10, "value": 0.029789590586315792, "supply": [{"l": "Nuts", "v": 0.029789590586315792}]}, {"source": 18, "prod": 2.0, "target": 13, "value": 0.019709005914696431, "supply": [{"l": "Cottonseed Oil", "v": 0.019709005914696431}]}, {"source": 8, "prod": 12.0, "target": 19, "value": 0.049547943635165591, "supply": [{"l": "Sugar", "v": 0.049547943635165591}]}, {"source": 1, "prod": 78.0, "target": 11, "value": 0.061223267216816306, "supply": [{"l": "Crustaceans", "v": 0.0029479282351041669}, {"l": "Freshwater Fish", "v": 0.0022473617604088238}, {"l": "Marine Fish, Other", "v": 0.024190352282178314}, {"l": "Fish, Seafood", "v": 0.031837624939125002}]}, {"source": 1, "prod": 230.0, "target": 5, "value": 0.24737227908431192, "supply": [{"l": "Poultry Meat", "v": 0.024714138080599319}, {"l": "Pigmeat", "v": 0.035188953880085527}, {"l": "Bovine Meat", "v": 0.088591652004521751}, {"l": "Eggs", "v": 0.0016237768639262298}, {"l": "Milk - Excluding Butter", "v": 0.08470620131161509}, {"l": "Offals, Edible", "v": 0.0097028952195428592}, {"l": "Mutton & Goat Meat", "v": 0.0044684385879473695}]}, {"source": 13, "prod": 60.0, "target": 3, "value": 0.095874989958022766, "supply": [{"l": "Fats, Animals, Raw", "v": 0.045482321341607151}, {"l": "Beverages, Fermented", "v": 0.0048980961444807687}, {"l": "Beer", "v": 0.019552804003018186}, {"l": "Beverages, Alcoholic", "v": 0.014150055528500001}, {"l": "Butter, Ghee", "v": 0.0094333703523333343}, {"l": "Wine", "v": 0.0023583425880833331}]}, {"source": 13, "prod": 88.0, "target": 12, "value": 0.91822409745402145, "supply": [{"l": "Sesameseed Oil", "v": 0.0094333703523333343}, {"l": "Coconut Oil", "v": 0.26932498034628227}, {"l": "Cottonseed Oil", "v": 0.078836023658785725}, {"l": "Maize Germ Oil", "v": 0.084900333171}, {"l": "Groundnut Oil", "v": 0.17682883961774504}, {"l": "Palm Oil", "v": 0.022640088845599999}, {"l": "Palmkernel Oil", "v": 0.0424501665855}, {"l": "Oilcrops Oil, Other", "v": 0.19546820892858138}, {"l": "Sunflowerseed Oil", "v": 0.038342085948193549}]}, {"source": 13, "prod": 180.0, "target": 8, "value": 0.74321915452748388, "supply": [{"l": "Sugar", "v": 0.74321915452748388}]}, {"source": 0, "prod": 1749.5, "target": 20, "value": 6.5274745110149031, "supply": [{"l": "Roots, Other", "v": 0.0069733333199999996}, {"l": "Potatoes", "v": 0.09588333315}, {"l": "Sweet potatoes", "v": 0.069733333199999997}, {"l": "Cassava", "v": 5.9273333220000008}]}, {"source": 7, "prod": 800.0, "target": 20, "value": 2.7893333280000001, "supply": [{"l": "Sugar cane", "v": 2.7893333280000001}]}, {"source": 9, "prod": 643.5, "target": 20, "value": 4.5133449232136487, "supply": [{"l": "Tomatoes", "v": 0.045326666579999994}, {"l": "Vegetables, Other", "v": 0.59796333219000009}, {"l": "Pulses, Other", "v": 0.22663333289999998}, {"l": "Onions", "v": 0.013803294989915223}]}, {"source": 2, "prod": 1569.0, "target": 20, "value": 5.8296814017451863, "supply": [{"l": "Maize", "v": 3.2077333272000002}, {"l": "Barley", "v": 0.045326666580000008}, {"l": "Rice", "v": 0.54740666562000007}, {"l": "Wheat", "v": 0.21617333291999996}, {"l": "Oats", "v": 0.013946666639999999}, {"l": "Sorghum", "v": 1.3946666639999998}, {"l": "Millet", "v": 0.045326666580000001}]}, {"source": 6, "prod": 655.0, "target": 20, "value": 1.6276443703078767, "supply": [{"l": "Sunflower seed", "v": 0.036609999929999998}, {"l": "Coconuts - Incl Copra", "v": 1.6038666636000003}, {"l": "Sesame seed", "v": 0.010459999980000001}, {"l": "Groundnuts", "v": 0.30682666607999998}, {"l": "Oilcrops, Other", "v": 0.24308450657746483}, {"l": "Cottonseed", "v": 0.16735999968000001}]}, {"source": 21, "prod": 0, "target": 2, "value": 0.0032072879213512684, "supply": "[{\"l\":'Energy for power irrigation',\"v\":0.0032072879213512684}]"}, {"source": 21, "prod": 0, "target": 6, "value": 0.0026778503358637104, "supply": "[{\"l\":'Energy for power irrigation',\"v\":0.0026778503358637104}]"}, {"source": 21, "prod": 0, "target": 7, "value": 0.0081766422469120928, "supply": "[{\"l\":'Energy for power irrigation',\"v\":0.0081766422469120928}]"}, {"source": 21, "prod": 0, "target": 0, "value": 0.014305035610972707, "supply": "[{\"l\":'Energy for power irrigation',\"v\":0.014305035610972707}]"}, {"source": 21, "prod": 0, "target": 9, "value": 0.0026308346429439657, "supply": "[{\"l\":'Energy for power irrigation',\"v\":0.0026308346429439657}]"}, {"source": 21, "prod": 0, "target": 10, "value": 0.00037408138279622827, "supply": "[{\"l\":'Energy for power irrigation',\"v\":0.00037408138279622827}]"}, {"source": 21, "prod": 0, "target": 13, "value": 0.00026302776235233733, "supply": "[{\"l\":'Electricity',\"v\":0.00026302776235233733}]"}, {"source": 22, "prod": 0, "target": 21, "value": 0.0068424138218873077, "supply": [{"l": "Coal", "v": 0.0}, {"l": "Natural gas", "v": 0.0}, {"l": "Oil", "v": 0.0068424138218873077}]}, {"source": 23, "prod": 0, "target": 21, "value": 0.029034642650875138, "supply": [{"l": "Nuclear", "v": 0.0}, {"l": "Hydroelectric", "v": 0.029034642650875138}, {"l": "Renewable", "v": 0.0}]}, {"source": 22, "prod": 0, "target": 2, "value": 0.05575513499876375, "supply": [{"l": "Gas-Diesel oil", "v": 0.0032563729455617383}, {"l": "Other fossil fuels", "v": 0.052498762053202017}]}, {"source": 22, "prod": 0, "target": 6, "value": 0.046551451146195355, "supply": [{"l": "Gas-Diesel oil", "v": 0.0027188327333880669}, {"l": "Other fossil fuels", "v": 0.043832618412807292}]}, {"source": 22, "prod": 0, "target": 7, "value": 0.14214183556090185, "supply": [{"l": "Gas-Diesel oil", "v": 0.008301779338589518}, {"l": "Other fossil fuels", "v": 0.13384005622231235}]}, {"source": 22, "prod": 0, "target": 0, "value": 0.24867714131379781, "supply": [{"l": "Gas-Diesel oil", "v": 0.014523962952862362}, {"l": "Other fossil fuels", "v": 0.23415317836093547}]}, {"source": 22, "prod": 0, "target": 9, "value": 0.045734135591720168, "supply": [{"l": "Gas-Diesel oil", "v": 0.002671097502191177}, {"l": "Other fossil fuels", "v": 0.043063038089528993}]}, {"source": 22, "prod": 0, "target": 10, "value": 0.0065029889769112606, "supply": [{"l": "Gas-Diesel oil", "v": 0.00037980640474047047}, {"l": "Other fossil fuels", "v": 0.0061231825721707904}]}, {"source": 24, "prod": 2.116263764905193, "target": 2, "value": 0.02897466689618422, "supply": [{"l": "Potash", "v": 0.00256388889094}, {"l": "Phosphate", "v": 0.023987500019189999}, {"l": "Nitrogen", "v": 0.25686111131659994}]}, {"source": 24, "prod": 1.7669251319476118, "target": 6, "value": 0.024191723157425959, "supply": [{"l": "Potash", "v": 0.00256388889094}, {"l": "Phosphate", "v": 0.023987500019189999}, {"l": "Nitrogen", "v": 0.25686111131659994}]}, {"source": 24, "prod": 5.3951912425881279, "target": 7, "value": 0.073867856969239573, "supply": [{"l": "Potash", "v": 0.00256388889094}, {"l": "Phosphate", "v": 0.023987500019189999}, {"l": "Nitrogen", "v": 0.25686111131659994}]}, {"source": 24, "prod": 9.4388870789079302, "target": 0, "value": 0.12923181576768464, "supply": [{"l": "Potash", "v": 0.00256388889094}, {"l": "Phosphate", "v": 0.023987500019189999}, {"l": "Nitrogen", "v": 0.25686111131659994}]}, {"source": 24, "prod": 1.73590278230273, "target": 9, "value": 0.02376698297985283, "supply": [{"l": "Potash", "v": 0.00256388889094}, {"l": "Phosphate", "v": 0.023987500019189999}, {"l": "Nitrogen", "v": 0.25686111131659994}]}, {"source": 24, "prod": 0.24682999934840685, "target": 10, "value": 0.0033794544563427106, "supply": [{"l": "Potash", "v": 0.00256388889094}, {"l": "Phosphate", "v": 0.023987500019189999}, {"l": "Nitrogen", "v": 0.25686111131659994}]}, {"source": 22, "prod": 0, "target": 24, "value": 0.3354844815001205, "supply": [{"l": "Natural gas (including LNG)", "v": 0.22899967815554514}, {"l": "Fuel oil", "v": 0.061079159946668911}, {"l": "Liquefied petroleum gas (LPG)", "v": 0.022702821698953216}, {"l": "Coal", "v": 0.022702821698953216}]}, {"source": 25, "prod": 0, "target": 2, "value": 0.24239544713830449, "supply": "[{\"l\":'Labor',\"v\":0.24239544713830449}]"}, {"source": 25, "prod": 0, "target": 6, "value": 0.20238243196378516, "supply": "[{\"l\":'Labor',\"v\":0.20238243196378516}]"}, {"source": 25, "prod": 0, "target": 7, "value": 0.61796162431690127, "supply": "[{\"l\":'Labor',\"v\":0.61796162431690127}]"}, {"source": 25, "prod": 0, "target": 0, "value": 1.0811238617424188, "supply": "[{\"l\":'Labor',\"v\":1.0811238617424188}]"}, {"source": 25, "prod": 0, "target": 9, "value": 0.19882915262396297, "supply": "[{\"l\":'Labor',\"v\":0.19882915262396297}]"}, {"source": 25, "prod": 0, "target": 10, "value": 0.028271744312498234, "supply": "[{\"l\":'Labor',\"v\":0.028271744312498234}]"}, {"source": 22, "prod": 0, "target": 16, "value": 0.12808317407372796, "supply": "[{\"l\":'Fossil Fuels',\"v\":0.12808317407372796}]"}, {"source": 23, "prod": 0, "target": 16, "value": 1.3730846573449313, "supply": "[{\"l\":'Renewables & Nuclear',\"v\":0.015953579552159505},{\"l\":'Biomass & Waste',\"v\":1.3571310777927719}]"}]}