{"nodes": [{"name": "Balance", "fill": "#9edae5"}, {"name": "Food", "fill": "#b5cf6b"}, {"name": "Export", "fill": "#aec7e8"}, {"name": "Biofuels & Other", "fill": "#e7ba52"}, {"name": "Renewables & Nuclear", "fill": "#2ca02c"}, {"name": "Fossil Fuels", "fill": "#c49c94"}, {"name": "Stock Draw", "fill": "#c7c7c7"}, {"name": "Labor", "fill": "#7f7f7f"}], "links": [{"source": 0, "target": 1, "value": 9.3203280630256167}, {"source": 0, "target": 2, "value": 1.1603493964621672}, {"source": 0, "target": 3, "value": 0.098039670447464297}, {"source": 4, "target": 0, "value": 1.5680253522404055}, {"source": 5, "target": 0, "value": 1.0118407982600277}, {"source": 6, "target": 0, "value": 0.22700810885932571}, {"source": 7, "target": 0, "value": 2.4621213111619404}]}