{"nodes": [{"layer": 13, "name": "Aquatic Products", "fill": "#1f77b4"}, {"layer": 10, "name": "Feed", "fill": "#dbdb8d"}, {"layer": 5, "name": "Fruits, Roots & Vegetables", "fill": "#98df8a"}, {"layer": 5, "name": "Cereals", "fill": "#e7ba52"}, {"layer": 13, "name": "Other Processed", "fill": "#9c9ede"}, {"layer": 16, "name": "Food", "fill": "#b5cf6b"}, {"layer": 13, "name": "Animal Products", "fill": "#17becf"}, {"layer": 5, "name": "Oilcrops", "fill": "#ff9896"}, {"layer": 5, "name": "Sugar Crops", "fill": "#ffbb78"}, {"layer": 13, "name": "Sugar", "fill": "#d6616b"}, {"layer": 13, "name": "Vegetable Oils", "fill": "#f7b6d2"}, {"layer": 10, "name": "Processing", "fill": "#9edae5"}, {"layer": 16, "name": "Biofuels & Other", "fill": "#e7ba52"}, {"name": "Waste", "fill": "#c7c7c7"}, {"layer": 2, "name": "Import", "fill": "#aec7e8"}, {"layer": 16, "name": "Export", "fill": "#aec7e8"}, {"layer": 16, "name": "Stock Deposit", "fill": "#c7c7c7"}, {"name": "Crop Residue", "fill": "#bd9e39"}, {"layer": 2, "name": "Electricity", "fill": "#bcbd22"}, {"layer": 0, "name": "Fossil Fuels", "fill": "#c49c94"}, {"layer": 0, "name": "Renewables & Nuclear", "fill": "#2ca02c"}, {"layer": 2, "name": "Fertilizers", "fill": "#c5b0d5"}, {"layer": 0, "name": "Labor", "fill": "#7f7f7f"}], "links": [{"source": 0, "prod": 20.0, "target": 1, "value": 0.020754856084583655, "supply": [{"l": "Pelagic Fish", "v": 0.012485343113382357}, {"l": "Fish, Seafood", "v": 0.0082695129712012996}]}, {"source": 2, "prod": 356.0, "target": 1, "value": 0.45274090710791376, "supply": [{"l": "Cassava", "v": 0.45274090710791376}]}, {"source": 3, "prod": 8.0, "target": 1, "value": 0.025474235379121288, "supply": [{"l": "Sorghum", "v": 0.025474235379121288}]}, {"source": 4, "prod": 65.0, "target": 5, "value": 0.04692484367333849, "supply": [{"l": "Beer", "v": 0.023371440030219102}, {"l": "Beverages, Alcoholic", "v": 0.0084900333171}, {"l": "Fats, Animals, Raw", "v": 0.0097961922889615409}, {"l": "Wine", "v": 0.00077725657128380286}, {"l": "Beverages, Fermented", "v": 0.0044899214657740383}]}, {"source": 6, "prod": 154.0, "target": 5, "value": 0.1982306903545919, "supply": [{"l": "Mutton & Goat Meat", "v": 0.0047166851761666672}, {"l": "Pigmeat", "v": 0.032000894810607694}, {"l": "Milk - Excluding Butter", "v": 0.060358830613757818}, {"l": "Bovine Meat", "v": 0.069542935020614344}, {"l": "Poultry Meat", "v": 0.022741160670803576}, {"l": "Offals, Edible", "v": 0.0088701840626417908}]}, {"source": 3, "prod": 867.0, "target": 5, "value": 2.9414547830622801, "supply": [{"l": "Maize", "v": 1.4831985915415664}, {"l": "Rice", "v": 0.32879583573496363}, {"l": "Wheat", "v": 0.38981120713996781}, {"l": "Oats", "v": 0.003859106053227273}, {"l": "Sorghum", "v": 0.713278590615396}, {"l": "Millet", "v": 0.022511451977159095}]}, {"source": 7, "prod": 46.0, "target": 5, "value": 0.18544415286375765, "supply": [{"l": "Coconuts - Incl Copra", "v": 0.037925021924101528}, {"l": "Groundnuts", "v": 0.14751913093965613}]}, {"source": 2, "prod": 3456.0, "target": 5, "value": 4.1661140272662784, "supply": [{"l": "Roots, Other", "v": 0.0047166851761666672}, {"l": "Nuts", "v": 0.031770879394179247}, {"l": "Tomatoes", "v": 0.0047607663460373824}, {"l": "Coffee", "v": 0.00074473976465789485}, {"l": "Treenuts", "v": 0.031770879394179247}, {"l": "Vegetables, Other", "v": 0.041550798649366526}, {"l": "Potatoes", "v": 0.032756821459677163}, {"l": "Pulses, Other", "v": 0.22038644360138143}, {"l": "Lemons, Limes", "v": 0.00042688104401084623}, {"l": "Pineapples", "v": 0.0047607663460373824}, {"l": "Bananas", "v": 0.041840469399352785}, {"l": "Fruits, Other", "v": 0.078609428179861954}, {"l": "Sweet potatoes", "v": 0.041678345374854542}, {"l": "Grapefruit", "v": 0.011622222200000001}, {"l": "Oranges, Mandarines", "v": 0.0045022903954318183}, {"l": "Onions", "v": 0.0024623066464907195}, {"l": "Cassava", "v": 3.6117533038945924}]}, {"source": 8, "prod": 11.0, "target": 5, "value": 0.0046232854697079214, "supply": [{"l": "Sugar cane", "v": 0.0046232854697079214}]}, {"source": 9, "prod": 138.0, "target": 5, "value": 0.57045959464987539, "supply": [{"l": "Sugar", "v": 0.56670294273965416}, {"l": "Sweeteners, Other", "v": 0.0037566519102212393}]}, {"source": 0, "prod": 68.0, "target": 5, "value": 0.061069049998168409, "supply": [{"l": "Freshwater Fish", "v": 0.0045482321341607148}, {"l": "Pelagic Fish", "v": 0.004994137245352942}, {"l": "Crustaceans", "v": 0.0047166851761666663}, {"l": "Marine Fish, Other", "v": 0.018693651340403669}, {"l": "Fish, Seafood", "v": 0.028116344102084422}]}, {"source": 10, "prod": 58.0, "target": 5, "value": 0.59248093476984665, "supply": [{"l": "Maize Germ Oil", "v": 0.080183647994833351}, {"l": "Groundnut Oil", "v": 0.17578722829636539}, {"l": "Palm Oil", "v": 0.010612541646375}, {"l": "Sunflowerseed Oil", "v": 0.049675726855372339}, {"l": "Coconut Oil", "v": 0.16410265740434898}, {"l": "Sesameseed Oil", "v": 0.011577318159681819}, {"l": "Oilcrops Oil, Other", "v": 0.059127017744089294}, {"l": "Cottonseed Oil", "v": 0.041414796668780479}]}, {"source": 8, "prod": 2145.0, "target": 11, "value": 0.90154066659304466, "supply": [{"l": "Sugar cane", "v": 0.90154066659304466}]}, {"source": 3, "prod": 13.0, "target": 11, "value": 0.042809213895586049, "supply": [{"l": "Barley", "v": 0.036440655050805723}, {"l": "Sorghum", "v": 0.0063685588447803219}]}, {"source": 7, "prod": 362.0, "target": 11, "value": 1.0926347411904949, "supply": [{"l": "Sunflower seed", "v": 0.059028713165495322}, {"l": "Groundnuts", "v": 0.24586521823276017}, {"l": "Cottonseed", "v": 0.20856811985141682}, {"l": "Oilcrops, Other", "v": 0.21225083292749999}, {"l": "Coconuts - Incl Copra", "v": 0.35511611438022345}, {"l": "Sesame seed", "v": 0.011805742633099066}]}, {"source": 4, "prod": 3.0, "target": 12, "value": 0.029388576866884623, "supply": [{"l": "Fats, Animals, Raw", "v": 0.029388576866884623}]}, {"source": 10, "prod": 6.0, "target": 12, "value": 0.060125410163783102, "supply": [{"l": "Cottonseed Oil", "v": 0.02070739833439024}, {"l": "Oilcrops Oil, Other", "v": 0.039418011829392863}]}, {"source": 2, "prod": 11.0, "target": 2, "value": 0.0240116900983708, "supply": [{"l": "Pulses, Other", "v": 0.019332144175559774}, {"l": "Potatoes", "v": 0.004679545922811024}]}, {"source": 6, "prod": 1.0, "target": 6, "value": 0.0016264431641954025, "supply": [{"l": "Eggs", "v": 0.0016264431641954025}]}, {"source": 3, "prod": 20.0, "target": 3, "value": 0.070514265813985733, "supply": [{"l": "Maize", "v": 0.040915823214939764}, {"l": "Rice", "v": 0.016861324909485314}, {"l": "Sorghum", "v": 0.012737117689560644}]}, {"source": 7, "prod": 23.0, "target": 7, "value": 0.13473835174947915, "supply": [{"l": "Groundnuts", "v": 0.12293260911638008}, {"l": "Cottonseed", "v": 0.011805742633099066}]}, {"source": 2, "prod": 159.0, "target": 13, "value": 0.17293023346287567, "supply": [{"l": "Pineapples", "v": 0.00039673052883644857}, {"l": "Bananas", "v": 0.0020577280032468581}, {"l": "Cassava", "v": 0.12717441210896452}, {"l": "Treenuts", "v": 0.0018688752584811322}, {"l": "Potatoes", "v": 0.002339772961405512}, {"l": "Fruits, Other", "v": 0.0086835996245196341}, {"l": "Vegetables, Other", "v": 0.0045867764742807196}, {"l": "Nuts", "v": 0.0018688752584811322}, {"l": "Sweet potatoes", "v": 0.0046309272638727274}, {"l": "Grapefruit", "v": 0.0023244444400000001}, {"l": "Pulses, Other", "v": 0.015465715340447819}, {"l": "Oranges, Mandarines", "v": 0.0006431843422045455}, {"l": "Onions", "v": 0.0004924613292981439}, {"l": "Tomatoes", "v": 0.00039673052883644857}]}, {"source": 8, "prod": 44.0, "target": 13, "value": 0.018493141878831686, "supply": [{"l": "Sugar cane", "v": 0.018493141878831686}]}, {"source": 6, "prod": 3.0, "target": 13, "value": 0.0019898515586953126, "supply": [{"l": "Milk - Excluding Butter", "v": 0.0019898515586953126}]}, {"source": 3, "prod": 42.0, "target": 13, "value": 0.14226362026109787, "supply": [{"l": "Maize", "v": 0.081831646429879529}, {"l": "Wheat", "v": 0.0063903476580322591}, {"l": "Rice", "v": 0.012645993682113985}, {"l": "Sorghum", "v": 0.041395632491072094}]}, {"source": 7, "prod": 3.0, "target": 13, "value": 0.018439891367457016, "supply": [{"l": "Groundnuts", "v": 0.018439891367457016}]}, {"source": 14, "prod": 7.0, "target": 11, "value": 0.054389529952112881, "supply": [{"l": "Sweeteners, Other", "v": 0.0037566519102212393}, {"l": "Fats, Animals, Raw", "v": 0.029388576866884623}, {"l": "Palm Oil", "v": 0.010612541646375}, {"l": "Oilcrops Oil, Other", "v": 0.0098545029573482157}, {"l": "Wine", "v": 0.00077725657128380286}]}, {"source": 14, "prod": 210.0, "target": 3, "value": 0.73346001126379057, "supply": [{"l": "Maize", "v": 0.06819303869156626}, {"l": "Wheat", "v": 0.38981120713996781}, {"l": "Oats", "v": 0.003859106053227273}, {"l": "Barley", "v": 0.039753441873606243}, {"l": "Rice", "v": 0.23184321750542305}]}, {"source": 14, "prod": 6.0, "target": 7, "value": 0.023611485266198131, "supply": [{"l": "Sunflower seed", "v": 0.023611485266198131}]}, {"source": 14, "prod": 67.0, "target": 1, "value": 0.056600583164496635, "supply": [{"l": "Pelagic Fish", "v": 0.017479480358735297}, {"l": "Milk - Excluding Butter", "v": 0.017908664028257814}, {"l": "Marine Fish, Other", "v": 0.0046734128351009173}, {"l": "Fish, Seafood", "v": 0.016539025942402599}]}, {"source": 14, "prod": 12.0, "target": 2, "value": 0.0078664974855133084, "supply": [{"l": "Potatoes", "v": 0.0062393945637480306}, {"l": "Vegetables, Other", "v": 0.00026981038084004238}, {"l": "Coffee", "v": 0.00037236988232894742}, {"l": "Onions", "v": 0.0009849226585962878}]}, {"source": 2, "prod": 232.0, "target": 15, "value": 0.4290766646414928, "supply": [{"l": "Bananas", "v": 0.00068590933441561928}, {"l": "Treenuts", "v": 0.18314977533115095}, {"l": "Tea", "v": 0.015108888860000001}, {"l": "Nuts", "v": 0.18314977533115095}, {"l": "Grapefruit", "v": 0.0058111111000000003}, {"l": "Pulses, Other", "v": 0.034797859516007591}, {"l": "Oranges, Mandarines", "v": 0.001286368684409091}, {"l": "Cassava", "v": 0.005086976484358581}]}, {"source": 0, "prod": 8.0, "target": 15, "value": 0.0095967187567027427, "supply": [{"l": "Crustaceans", "v": 0.006288913568222222}, {"l": "Fish, Seafood", "v": 0.0033078051884805199}]}, {"source": 10, "prod": 17.0, "target": 15, "value": 0.17114376844873203, "supply": [{"l": "Coconut Oil", "v": 0.092307744789946314}, {"l": "Oilcrops Oil, Other", "v": 0.078836023658785725}]}, {"source": 7, "prod": 209.0, "target": 15, "value": 0.38539435793674398, "supply": [{"l": "Coconuts - Incl Copra", "v": 0.34994452048148228}, {"l": "Groundnuts", "v": 0.030733152279095021}, {"l": "Oilcrops, Other", "v": 0.0047166851761666672}]}, {"source": 9, "prod": 72.0, "target": 15, "value": 0.29782928377558465, "supply": [{"l": "Sugar", "v": 0.29782928377558465}]}, {"source": 2, "prod": 11.0, "target": 16, "value": 0.019850974804811322, "supply": [{"l": "Treenuts", "v": 0.0093443762924056602}, {"l": "Tea", "v": 0.0011622222200000001}, {"l": "Nuts", "v": 0.0093443762924056602}]}, {"source": 3, "prod": 1.0, "target": 16, "value": 0.0033127868228005203, "supply": [{"l": "Barley", "v": 0.0033127868228005203}]}, {"source": 9, "prod": 12.0, "target": 16, "value": 0.049638213962597454, "supply": [{"l": "Sugar", "v": 0.049638213962597454}]}, {"source": 10, "prod": 3.0, "target": 16, "value": 0.030866531342738743, "supply": [{"l": "Cottonseed Oil", "v": 0.01035369916719512}, {"l": "Coconut Oil", "v": 0.020512832175543623}]}, {"source": 1, "prod": 96.0, "target": 0, "value": 0.091420624839454803, "supply": [{"l": "Crustaceans", "v": 0.011005598744388889}, {"l": "Freshwater Fish", "v": 0.0045482321341607148}, {"l": "Pelagic Fish", "v": 0.017479480358735297}, {"l": "Marine Fish, Other", "v": 0.018693651340403669}, {"l": "Fish, Seafood", "v": 0.039693662261766238}]}, {"source": 1, "prod": 157.0, "target": 6, "value": 0.2002205419132872, "supply": [{"l": "Poultry Meat", "v": 0.022741160670803576}, {"l": "Pigmeat", "v": 0.032000894810607694}, {"l": "Bovine Meat", "v": 0.069542935020614344}, {"l": "Eggs", "v": 0.0016264431641954025}, {"l": "Milk - Excluding Butter", "v": 0.062348682172453131}, {"l": "Offals, Edible", "v": 0.0088701840626417908}, {"l": "Mutton & Goat Meat", "v": 0.0047166851761666672}]}, {"source": 11, "prod": 68.0, "target": 4, "value": 0.076313420540223109, "supply": [{"l": "Fats, Animals, Raw", "v": 0.039184769155846164}, {"l": "Beer", "v": 0.023371440030219102}, {"l": "Beverages, Alcoholic", "v": 0.0084900333171}, {"l": "Beverages, Fermented", "v": 0.0044899214657740383}, {"l": "Wine", "v": 0.00077725657128380286}]}, {"source": 11, "prod": 84.0, "target": 10, "value": 0.85461664472510057, "supply": [{"l": "Sesameseed Oil", "v": 0.011577318159681819}, {"l": "Coconut Oil", "v": 0.2769232343698389}, {"l": "Cottonseed Oil", "v": 0.072475894170365845}, {"l": "Maize Germ Oil", "v": 0.080183647994833351}, {"l": "Groundnut Oil", "v": 0.17578722829636539}, {"l": "Palm Oil", "v": 0.010612541646375}, {"l": "Oilcrops Oil, Other", "v": 0.17738105323226788}, {"l": "Sunflowerseed Oil", "v": 0.049675726855372339}]}, {"source": 11, "prod": 222.0, "target": 9, "value": 0.91792709238805759, "supply": [{"l": "Sweeteners, Other", "v": 0.0037566519102212393}, {"l": "Sugar", "v": 0.91417044047783635}]}, {"source": 2, "prod": 4220.0, "target": 17, "value": 23.523803936346393, "supply": [{"l": "Vegetables, Other", "v": 0.5962199988600001}, {"l": "Tomatoes", "v": 0.045326666579999994}, {"l": "Roots, Other", "v": 0.0069733333200000004}, {"l": "Potatoes", "v": 0.081064999844999999}, {"l": "Pulses, Other", "v": 0.26149999950000002}, {"l": "Sweet potatoes", "v": 0.069733333200000011}, {"l": "Onions", "v": 0.02011155709879088}, {"l": "Cassava", "v": 5.7529999890000001}]}, {"source": 8, "prod": 880.0, "target": 17, "value": 3.0682666608000004, "supply": [{"l": "Sugar cane", "v": 3.0682666608000004}]}, {"source": 3, "prod": 1692.0, "target": 17, "value": 6.0181391682111647, "supply": [{"l": "Maize", "v": 3.2112199938600003}, {"l": "Barley", "v": 0.041839999920000003}, {"l": "Rice", "v": 0.40096666590000002}, {"l": "Wheat", "v": 0.44280666582}, {"l": "Oats", "v": 0.0034866666600000002}, {"l": "Sorghum", "v": 1.7468199966600002}, {"l": "Millet", "v": 0.052299999900000005}]}, {"source": 7, "prod": 639.5, "target": 17, "value": 1.5977133074285261, "supply": [{"l": "Sunflower seed", "v": 0.041839999920000003}, {"l": "Coconuts - Incl Copra", "v": 1.5010099971300002}, {"l": "Sesame seed", "v": 0.010459999980000001}, {"l": "Groundnuts", "v": 0.31902999939000004}, {"l": "Oilcrops, Other", "v": 0.19432479342868436}, {"l": "Cottonseed", "v": 0.19525333296}]}, {"source": 18, "prod": 0, "target": 2, "value": 0.013701604598744282, "supply": "[{\"l\":'Energy for power irrigation',\"v\":0.013701604598744282}]"}, {"source": 18, "prod": 0, "target": 8, "value": 0.0071430166154591041, "supply": "[{\"l\":'Energy for power irrigation',\"v\":0.0071430166154591041}]"}, {"source": 18, "prod": 0, "target": 3, "value": 0.0027468145712174555, "supply": "[{\"l\":'Energy for power irrigation',\"v\":0.0027468145712174555}]"}, {"source": 18, "prod": 0, "target": 7, "value": 0.0020763450570845895, "supply": "[{\"l\":'Energy for power irrigation',\"v\":0.0020763450570845895}]"}, {"source": 18, "prod": 0, "target": 11, "value": 0.00027083099312429803, "supply": "[{\"l\":'Electricity',\"v\":0.00027083099312429803}]"}, {"source": 19, "prod": 0, "target": 18, "value": 0.011952107553095268, "supply": [{"l": "Coal", "v": 0.0036722904911226538}, {"l": "Natural gas", "v": 0.0}, {"l": "Oil", "v": 0.0082798170619726146}]}, {"source": 20, "prod": 0, "target": 18, "value": 0.0213600880605423, "supply": [{"l": "Nuclear", "v": 0.0}, {"l": "Hydroelectric", "v": 0.0213600880605423}, {"l": "Renewable", "v": 0.0}]}, {"source": 19, "prod": 0, "target": 2, "value": 0.29440943918232665, "supply": [{"l": "Gas-Diesel oil", "v": 0.017002696214325048}, {"l": "Other fossil fuels", "v": 0.27740674296800161}]}, {"source": 19, "prod": 0, "target": 8, "value": 0.15348359388652097, "supply": [{"l": "Gas-Diesel oil", "v": 0.00886396485106993}, {"l": "Other fossil fuels", "v": 0.14461962903545106}]}, {"source": 19, "prod": 0, "target": 3, "value": 0.059021418376362156, "supply": [{"l": "Gas-Diesel oil", "v": 0.0034085973927296181}, {"l": "Other fossil fuels", "v": 0.055612820983632537}]}, {"source": 19, "prod": 0, "target": 7, "value": 0.04461489013201371, "supply": [{"l": "Gas-Diesel oil", "v": 0.0025765934192087362}, {"l": "Other fossil fuels", "v": 0.042038296712804971}]}, {"source": 21, "prod": 5.9786224780216308, "target": 2, "value": 0.074323233532638283, "supply": [{"l": "Potash", "v": 0.004102222225504}, {"l": "Phosphate", "v": 0.012204166676429999}, {"l": "Nitrogen", "v": 0.12292638898722998}]}, {"source": 21, "prod": 3.1168174056036935, "target": 8, "value": 0.038746709424598152, "supply": [{"l": "Potash", "v": 0.004102222225504}, {"l": "Phosphate", "v": 0.012204166676429999}, {"l": "Nitrogen", "v": 0.12292638898722998}]}, {"source": 21, "prod": 1.1985579659730565, "target": 3, "value": 0.014899870987822745, "supply": [{"l": "Potash", "v": 0.004102222225504}, {"l": "Phosphate", "v": 0.012204166676429999}, {"l": "Nitrogen", "v": 0.12292638898722998}]}, {"source": 21, "prod": 0.90600215040161902, "target": 7, "value": 0.011262963944104781, "supply": [{"l": "Potash", "v": 0.004102222225504}, {"l": "Phosphate", "v": 0.012204166676429999}, {"l": "Nitrogen", "v": 0.12292638898722998}]}, {"source": 19, "prod": 0, "target": 21, "value": 0.16776057142476727, "supply": [{"l": "Natural gas (including LNG)", "v": 0.11340082252887414}, {"l": "Fuel oil", "v": 0.032629905269752207}, {"l": "Liquefied petroleum gas (LPG)", "v": 0.010864921813070466}, {"l": "Coal", "v": 0.010864921813070466}]}, {"source": 22, "prod": 0, "target": 3, "value": 0.24841726957109939, "supply": "[{\"l\":'Labor',\"v\":0.24841726957109939}]"}, {"source": 22, "prod": 0, "target": 7, "value": 0.18778113935073057, "supply": "[{\"l\":'Labor',\"v\":0.18778113935073057}]"}, {"source": 22, "prod": 0, "target": 2, "value": 1.239149973510685, "supply": "[{\"l\":'Labor',\"v\":1.239149973510685}]"}, {"source": 22, "prod": 0, "target": 8, "value": 0.64600235585865085, "supply": "[{\"l\":'Labor',\"v\":0.64600235585865085}]"}, {"source": 19, "prod": 0, "target": 14, "value": 0.13072683751541059, "supply": "[{\"l\":'Fossil Fuels',\"v\":0.13072683751541059}]"}, {"source": 20, "prod": 0, "target": 14, "value": 1.1949615209185185, "supply": "[{\"l\":'Renewables & Nuclear',\"v\":0.010606270657829771},{\"l\":'Biomass & Waste',\"v\":1.1843552502606887}]"}]}