{"nodes": [{"layer": 13, "name": "Pelagic Fish"}, {"layer": 10, "name": "Feed", "fill": "#dbdb8d"}, {"layer": 5, "name": "Sorghum"}, {"layer": 13, "name": "Fish, Seafood"}, {"layer": 5, "name": "Cassava"}, {"layer": 5, "name": "Maize"}, {"layer": 16, "name": "Food", "fill": "#b5cf6b"}, {"layer": 5, "name": "Roots, Other"}, {"layer": 13, "name": "Mutton & Goat Meat"}, {"layer": 5, "name": "Nuts"}, {"layer": 13, "name": "Sugar", "fill": "#d6616b"}, {"layer": 13, "name": "Maize Germ Oil"}, {"layer": 13, "name": "Beer"}, {"layer": 13, "name": "Groundnut Oil"}, {"layer": 13, "name": "Beverages, Alcoholic"}, {"layer": 5, "name": "Rice"}, {"layer": 13, "name": "Butter, Ghee"}, {"layer": 5, "name": "Tomatoes"}, {"layer": 13, "name": "Fats, Animals, Raw"}, {"layer": 5, "name": "Coffee"}, {"layer": 5, "name": "Wheat"}, {"layer": 5, "name": "Coconuts - Incl Copra"}, {"layer": 5, "name": "Treenuts"}, {"layer": 13, "name": "Crustaceans"}, {"layer": 5, "name": "Apples"}, {"layer": 5, "name": "Vegetables, Other"}, {"layer": 13, "name": "Marine Fish, Other"}, {"layer": 5, "name": "Grapes"}, {"layer": 5, "name": "Groundnuts"}, {"layer": 13, "name": "Palm Oil"}, {"layer": 13, "name": "Wine"}, {"layer": 5, "name": "Oats"}, {"layer": 13, "name": "Olive Oil"}, {"layer": 13, "name": "Pigmeat"}, {"layer": 5, "name": "Cereals, Other"}, {"layer": 5, "name": "Potatoes"}, {"layer": 13, "name": "Freshwater Fish"}, {"layer": 5, "name": "Grapefruit"}, {"layer": 13, "name": "Milk - Excluding Butter"}, {"layer": 5, "name": "Pineapples"}, {"layer": 5, "name": "Pulses, Other"}, {"layer": 13, "name": "Oilcrops Oil, Other"}, {"layer": 5, "name": "Lemons, Limes"}, {"layer": 5, "name": "Sugar cane"}, {"layer": 5, "name": "Bananas"}, {"layer": 13, "name": "Beverages, Fermented"}, {"layer": 13, "name": "Bovine Meat"}, {"layer": 5, "name": "Fruits, Other"}, {"layer": 5, "name": "Millet"}, {"layer": 13, "name": "Poultry Meat"}, {"layer": 13, "name": "Offals, Edible"}, {"layer": 5, "name": "Sweet potatoes"}, {"layer": 13, "name": "Demersal Fish"}, {"layer": 5, "name": "Oranges, Mandarines"}, {"layer": 13, "name": "Cottonseed Oil"}, {"layer": 5, "name": "Onions"}, {"layer": 10, "name": "Processing", "fill": "#9edae5"}, {"layer": 5, "name": "Cottonseed"}, {"layer": 5, "name": "Barley"}, {"layer": 5, "name": "Oilcrops, Other"}, {"layer": 16, "name": "Biofuels & Other", "fill": "#e7ba52"}, {"name": "Seed", "fill": "#dbdb8d"}, {"layer": 13, "name": "Eggs"}, {"name": "Waste", "fill": "#c7c7c7"}, {"layer": 0, "name": "Import", "fill": "#aec7e8"}, {"layer": 16, "name": "Export", "fill": "#aec7e8"}, {"layer": 5, "name": "Sunflower seed"}, {"layer": 5, "name": "Sesame seed"}, {"layer": 13, "name": "Coconut Oil"}, {"layer": 5, "name": "Tea"}, {"layer": 16, "name": "Stock Deposit", "fill": "#c7c7c7"}, {"layer": 0, "name": "Production", "fill": "#b5cf6b"}], "links": [{"source": 0, "prod": 0.0050940199902600007, "target": 1, "value": 6.0, "supply": [{"l": "Pelagic Fish", "v": 6.0}]}, {"source": 2, "prod": 0.019189801333171233, "target": 1, "value": 6.0, "supply": [{"l": "Sorghum", "v": 6.0}]}, {"source": 3, "prod": 0.0045686277939551573, "target": 1, "value": 6.0, "supply": [{"l": "Fish, Seafood", "v": 6.0}]}, {"source": 4, "prod": 0.38433507273986345, "target": 1, "value": 302.0, "supply": [{"l": "Cassava", "v": 302.0}]}, {"source": 5, "prod": 1.3337019857175934, "target": 6, "value": 391.0, "supply": [{"l": "Maize", "v": 391.0}]}, {"source": 7, "prod": 0.0039305709801388897, "target": 6, "value": 5.0, "supply": [{"l": "Roots, Other", "v": 5.0}]}, {"source": 8, "prod": 0.003859106053227273, "target": 6, "value": 3.0, "supply": [{"l": "Mutton & Goat Meat", "v": 3.0}]}, {"source": 9, "prod": 0.022809044732507465, "target": 6, "value": 12.0, "supply": [{"l": "Nuts", "v": 12.0}]}, {"source": 10, "prod": 0.29809450313373331, "target": 6, "value": 72.0, "supply": [{"l": "Sugar", "v": 72.0}]}, {"source": 11, "prod": 0.07057340194839376, "target": 6, "value": 7.0, "supply": [{"l": "Maize Germ Oil", "v": 7.0}]}, {"source": 12, "prod": 0.011189792865633891, "target": 6, "value": 21.0, "supply": [{"l": "Beer", "v": 21.0}]}, {"source": 13, "prod": 0.1228345245878298, "target": 6, "value": 12.0, "supply": [{"l": "Groundnut Oil", "v": 12.0}]}, {"source": 14, "prod": 0.017397609256352461, "target": 6, "value": 5.0, "supply": [{"l": "Beverages, Alcoholic", "v": 5.0}]}, {"source": 15, "prod": 0.20056881034001744, "target": 6, "value": 46.0, "supply": [{"l": "Rice", "v": 46.0}]}, {"source": 16, "prod": 0.0070750277642500003, "target": 6, "value": 1.0, "supply": [{"l": "Butter, Ghee", "v": 1.0}]}, {"source": 17, "prod": 0.0014200772573405018, "target": 6, "value": 7.0, "supply": [{"l": "Tomatoes", "v": 7.0}]}, {"source": 18, "prod": 0.018866740704666669, "target": 6, "value": 2.0, "supply": [{"l": "Fats, Animals, Raw", "v": 2.0}]}, {"source": 19, "prod": 0.00071344817790756302, "target": 6, "value": 2.0, "supply": [{"l": "Coffee", "v": 2.0}]}, {"source": 20, "prod": 0.23672568973875724, "target": 6, "value": 74.0, "supply": [{"l": "Wheat", "v": 74.0}]}, {"source": 21, "prod": 0.033146020484568502, "target": 6, "value": 19.0, "supply": [{"l": "Coconuts - Incl Copra", "v": 19.0}]}, {"source": 22, "prod": 0.022809044732507465, "target": 6, "value": 12.0, "supply": [{"l": "Treenuts", "v": 12.0}]}, {"source": 23, "prod": 0.00081634935741346152, "target": 6, "value": 1.0, "supply": [{"l": "Crustaceans", "v": 1.0}]}, {"source": 24, "prod": 0.00049090099059435162, "target": 6, "value": 1.0, "supply": [{"l": "Apples", "v": 1.0}]}, {"source": 25, "prod": 0.037614071658037977, "target": 6, "value": 140.0, "supply": [{"l": "Vegetables, Other", "v": 140.0}]}, {"source": 26, "prod": 0.022286337457387503, "target": 6, "value": 28.0, "supply": [{"l": "Marine Fish, Other", "v": 28.0}]}, {"source": 27, "prod": 0.00049090099059435162, "target": 6, "value": 1.0, "supply": [{"l": "Grapes", "v": 1.0}]}, {"source": 28, "prod": 0.15484491370155695, "target": 6, "value": 25.0, "supply": [{"l": "Groundnuts", "v": 25.0}]}, {"source": 29, "prod": 0.009988274490705884, "target": 6, "value": 1.0, "supply": [{"l": "Palm Oil", "v": 1.0}]}, {"source": 30, "prod": 0.033843144620329724, "target": 6, "value": 45.0, "supply": [{"l": "Wine", "v": 45.0}]}, {"source": 31, "prod": 0.0067026578819210543, "target": 6, "value": 3.0, "supply": [{"l": "Oats", "v": 3.0}]}, {"source": 32, "prod": 0.010612541646375, "target": 6, "value": 1.0, "supply": [{"l": "Olive Oil", "v": 1.0}]}, {"source": 33, "prod": 0.037092378569854367, "target": 6, "value": 9.0, "supply": [{"l": "Pigmeat", "v": 9.0}]}, {"source": 34, "prod": 0.011577318159681819, "target": 6, "value": 3.0, "supply": [{"l": "Cereals, Other", "v": 3.0}]}, {"source": 35, "prod": 0.030244393496030537, "target": 6, "value": 35.0, "supply": [{"l": "Potatoes", "v": 35.0}]}, {"source": 36, "prod": 0.0020457911607469881, "target": 6, "value": 2.0, "supply": [{"l": "Freshwater Fish", "v": 2.0}]}, {"source": 37, "prod": 0.0034866666600000002, "target": 6, "value": 3.0, "supply": [{"l": "Grapefruit", "v": 3.0}]}, {"source": 38, "prod": 0.056226998172307911, "target": 6, "value": 77.0, "supply": [{"l": "Milk - Excluding Butter", "v": 77.0}]}, {"source": 39, "prod": 0.0074229799493770489, "target": 6, "value": 16.0, "supply": [{"l": "Pineapples", "v": 16.0}]}, {"source": 40, "prod": 0.1672934263603717, "target": 6, "value": 43.0, "supply": [{"l": "Pulses, Other", "v": 43.0}]}, {"source": 3, "prod": 0.029696080660708522, "target": 6, "value": 39.0, "supply": [{"l": "Fish, Seafood", "v": 39.0}]}, {"source": 41, "prod": 0.032747271365957148, "target": 6, "value": 3.0, "supply": [{"l": "Oilcrops Oil, Other", "v": 3.0}]}, {"source": 42, "prod": 0.00049090099059435162, "target": 6, "value": 1.0, "supply": [{"l": "Lemons, Limes", "v": 1.0}]}, {"source": 2, "prod": 0.53731443732879458, "target": 6, "value": 168.0, "supply": [{"l": "Sorghum", "v": 168.0}]}, {"source": 43, "prod": 0.0036385857073285718, "target": 6, "value": 9.0, "supply": [{"l": "Sugar cane", "v": 9.0}]}, {"source": 0, "prod": 0.0033960133268400002, "target": 6, "value": 4.0, "supply": [{"l": "Pelagic Fish", "v": 4.0}]}, {"source": 44, "prod": 0.003723698823289474, "target": 6, "value": 5.0, "supply": [{"l": "Bananas", "v": 5.0}]}, {"source": 45, "prod": 0.0035375138821250002, "target": 6, "value": 8.0, "supply": [{"l": "Beverages, Fermented", "v": 8.0}]}, {"source": 46, "prod": 0.064993578033079202, "target": 6, "value": 29.0, "supply": [{"l": "Bovine Meat", "v": 29.0}]}, {"source": 47, "prod": 0.090206603994187506, "target": 6, "value": 187.0, "supply": [{"l": "Fruits, Other", "v": 187.0}]}, {"source": 48, "prod": 0.025289460944553196, "target": 6, "value": 8.0, "supply": [{"l": "Millet", "v": 8.0}]}, {"source": 49, "prod": 0.014894795293157896, "target": 6, "value": 10.0, "supply": [{"l": "Poultry Meat", "v": 10.0}]}, {"source": 50, "prod": 0.0080311125972567562, "target": 6, "value": 7.0, "supply": [{"l": "Offals, Edible", "v": 7.0}]}, {"source": 51, "prod": 0.022741160670803576, "target": 6, "value": 20.0, "supply": [{"l": "Sweet potatoes", "v": 20.0}]}, {"source": 52, "prod": 0.0025572389509337353, "target": 6, "value": 4.0, "supply": [{"l": "Demersal Fish", "v": 4.0}]}, {"source": 53, "prod": 0.0039953097962823533, "target": 6, "value": 8.0, "supply": [{"l": "Oranges, Mandarines", "v": 8.0}]}, {"source": 54, "prod": 0.062802986181287671, "target": 6, "value": 6.0, "supply": [{"l": "Cottonseed Oil", "v": 6.0}]}, {"source": 55, "prod": 0.0033960133268400002, "target": 6, "value": 4.0, "supply": [{"l": "Onions", "v": 4.0}]}, {"source": 4, "prod": 3.0683174184629491, "target": 6, "value": 2411.0, "supply": [{"l": "Cassava", "v": 2411.0}]}, {"source": 21, "prod": 0.16224104763499317, "target": 56, "value": 93.0, "supply": [{"l": "Coconuts - Incl Copra", "v": 93.0}]}, {"source": 57, "prod": 0.30165630979550356, "target": 56, "value": 76.0, "supply": [{"l": "Cottonseed", "v": 76.0}]}, {"source": 58, "prod": 0.01279598322912201, "target": 56, "value": 4.0, "supply": [{"l": "Barley", "v": 4.0}]}, {"source": 28, "prod": 0.28491464121086479, "target": 56, "value": 46.0, "supply": [{"l": "Groundnuts", "v": 46.0}]}, {"source": 59, "prod": 0.16980066634200003, "target": 56, "value": 28.0, "supply": [{"l": "Oilcrops, Other", "v": 28.0}]}, {"source": 2, "prod": 0.0063966004443904113, "target": 56, "value": 2.0, "supply": [{"l": "Sorghum", "v": 2.0}]}, {"source": 43, "prod": 0.73418573827874278, "target": 56, "value": 1816.0, "supply": [{"l": "Sugar cane", "v": 1816.0}]}, {"source": 54, "prod": 0.020934328727095889, "target": 60, "value": 2.0, "supply": [{"l": "Cottonseed Oil", "v": 2.0}]}, {"source": 18, "prod": 0.018866740704666669, "target": 60, "value": 2.0, "supply": [{"l": "Fats, Animals, Raw", "v": 2.0}]}, {"source": 41, "prod": 0.043663028487942866, "target": 60, "value": 4.0, "supply": [{"l": "Oilcrops Oil, Other", "v": 4.0}]}, {"source": 5, "prod": 0.03069902268915177, "target": 61, "value": 9.0, "supply": [{"l": "Maize", "v": 9.0}]}, {"source": 20, "prod": 0.0031989958072805025, "target": 61, "value": 1.0, "supply": [{"l": "Wheat", "v": 1.0}]}, {"source": 57, "prod": 0.031753295767947741, "target": 61, "value": 8.0, "supply": [{"l": "Cottonseed", "v": 8.0}]}, {"source": 35, "prod": 0.0034565021138320612, "target": 61, "value": 4.0, "supply": [{"l": "Potatoes", "v": 4.0}]}, {"source": 62, "prod": 0.0016768257071195427, "target": 62, "value": 1.0, "supply": [{"l": "Eggs", "v": 1.0}]}, {"source": 40, "prod": 0.019452723995392062, "target": 61, "value": 5.0, "supply": [{"l": "Pulses, Other", "v": 5.0}]}, {"source": 28, "prod": 0.12387593096124558, "target": 61, "value": 20.0, "supply": [{"l": "Groundnuts", "v": 20.0}]}, {"source": 15, "prod": 0.017440766116523256, "target": 61, "value": 4.0, "supply": [{"l": "Rice", "v": 4.0}]}, {"source": 2, "prod": 0.0095949006665856165, "target": 61, "value": 3.0, "supply": [{"l": "Sorghum", "v": 3.0}]}, {"source": 5, "prod": 0.08527506302542158, "target": 63, "value": 25.0, "supply": [{"l": "Maize", "v": 25.0}]}, {"source": 17, "prod": 0.0002028681796200717, "target": 63, "value": 1.0, "supply": [{"l": "Tomatoes", "v": 1.0}]}, {"source": 39, "prod": 0.00092787249367213111, "target": 63, "value": 2.0, "supply": [{"l": "Pineapples", "v": 2.0}]}, {"source": 20, "prod": 0.0031989958072805025, "target": 63, "value": 1.0, "supply": [{"l": "Wheat", "v": 1.0}]}, {"source": 44, "prod": 0.00074473976465789485, "target": 63, "value": 1.0, "supply": [{"l": "Bananas", "v": 1.0}]}, {"source": 22, "prod": 0.0019007537277089554, "target": 63, "value": 1.0, "supply": [{"l": "Treenuts", "v": 1.0}]}, {"source": 35, "prod": 0.0017282510569160306, "target": 63, "value": 2.0, "supply": [{"l": "Potatoes", "v": 2.0}]}, {"source": 25, "prod": 0.0040300791062183542, "target": 63, "value": 15.0, "supply": [{"l": "Vegetables, Other", "v": 15.0}]}, {"source": 47, "prod": 0.0096477651330681823, "target": 63, "value": 20.0, "supply": [{"l": "Fruits, Other", "v": 20.0}]}, {"source": 48, "prod": 0.0031611826180691495, "target": 63, "value": 1.0, "supply": [{"l": "Millet", "v": 1.0}]}, {"source": 38, "prod": 0.0021906622664535549, "target": 63, "value": 3.0, "supply": [{"l": "Milk - Excluding Butter", "v": 3.0}]}, {"source": 51, "prod": 0.0022741160670803574, "target": 63, "value": 2.0, "supply": [{"l": "Sweet potatoes", "v": 2.0}]}, {"source": 37, "prod": 0.0011622222200000001, "target": 63, "value": 1.0, "supply": [{"l": "Grapefruit", "v": 1.0}]}, {"source": 40, "prod": 0.011671634397235236, "target": 63, "value": 3.0, "supply": [{"l": "Pulses, Other", "v": 3.0}]}, {"source": 53, "prod": 0.00049941372453529416, "target": 63, "value": 1.0, "supply": [{"l": "Oranges, Mandarines", "v": 1.0}]}, {"source": 28, "prod": 0.012387593096124557, "target": 63, "value": 2.0, "supply": [{"l": "Groundnuts", "v": 2.0}]}, {"source": 43, "prod": 0.014958630130128572, "target": 63, "value": 37.0, "supply": [{"l": "Sugar cane", "v": 37.0}]}, {"source": 15, "prod": 0.0087203830582616281, "target": 63, "value": 2.0, "supply": [{"l": "Rice", "v": 2.0}]}, {"source": 2, "prod": 0.02878470199975685, "target": 63, "value": 9.0, "supply": [{"l": "Sorghum", "v": 9.0}]}, {"source": 9, "prod": 0.0019007537277089554, "target": 63, "value": 1.0, "supply": [{"l": "Nuts", "v": 1.0}]}, {"source": 4, "prod": 0.10817377875128606, "target": 63, "value": 85.0, "supply": [{"l": "Cassava", "v": 85.0}]}, {"source": 64, "prod": 0.0051847531707480922, "target": 35, "value": 6.0, "supply": [{"l": "Potatoes", "v": 6.0}]}, {"source": 64, "prod": 0.011577318159681819, "target": 34, "value": 3.0, "supply": [{"l": "Cereals, Other", "v": 3.0}]}, {"source": 64, "prod": 0.0043601915291308141, "target": 15, "value": 1.0, "supply": [{"l": "Rice", "v": 1.0}]}, {"source": 64, "prod": 0.22712870231691568, "target": 20, "value": 71.0, "supply": [{"l": "Wheat", "v": 71.0}]}, {"source": 64, "prod": 0.071340450438600891, "target": 1, "value": 87.0, "supply": [{"l": "Pigmeat", "v": 1.0}, {"l": "Milk - Excluding Butter", "v": 23.0}, {"l": "Fish, Seafood", "v": 31.0}, {"l": "Pelagic Fish", "v": 10.0}, {"l": "Bovine Meat", "v": 1.0}, {"l": "Demersal Fish", "v": 4.0}, {"l": "Marine Fish, Other", "v": 17.0}]}, {"source": 64, "prod": 0.00049090099059435162, "target": 27, "value": 1.0, "supply": [{"l": "Grapes", "v": 1.0}]}, {"source": 64, "prod": 0.01279598322912201, "target": 58, "value": 4.0, "supply": [{"l": "Barley", "v": 4.0}]}, {"source": 64, "prod": 0.0019007537277089554, "target": 9, "value": 1.0, "supply": [{"l": "Nuts", "v": 1.0}]}, {"source": 64, "prod": 0.0067026578819210543, "target": 31, "value": 3.0, "supply": [{"l": "Oats", "v": 3.0}]}, {"source": 64, "prod": 0.0019007537277089554, "target": 22, "value": 1.0, "supply": [{"l": "Treenuts", "v": 1.0}]}, {"source": 64, "prod": 0.00035672408895378151, "target": 19, "value": 1.0, "supply": [{"l": "Coffee", "v": 1.0}]}, {"source": 64, "prod": 0.00080601582124367093, "target": 25, "value": 3.0, "supply": [{"l": "Vegetables, Other", "v": 3.0}]}, {"source": 64, "prod": 0.0031611826180691495, "target": 48, "value": 1.0, "supply": [{"l": "Millet", "v": 1.0}]}, {"source": 64, "prod": 0.0019295530266136365, "target": 47, "value": 4.0, "supply": [{"l": "Fruits, Other", "v": 4.0}]}, {"source": 64, "prod": 0.0016980066634200001, "target": 55, "value": 2.0, "supply": [{"l": "Onions", "v": 2.0}]}, {"source": 64, "prod": 0.00049090099059435162, "target": 24, "value": 1.0, "supply": [{"l": "Apples", "v": 1.0}]}, {"source": 64, "prod": 0.068131762028685067, "target": 28, "value": 11.0, "supply": [{"l": "Groundnuts", "v": 11.0}]}, {"source": 64, "prod": 0.11962221679406125, "target": 56, "value": 58.0, "supply": [{"l": "Olive Oil", "v": 1.0}, {"l": "Sugar", "v": 6.0}, {"l": "Beverages, Alcoholic", "v": 1.0}, {"l": "Oilcrops Oil, Other", "v": 1.0}, {"l": "Butter, Ghee", "v": 1.0}, {"l": "Wine", "v": 45.0}, {"l": "Fats, Animals, Raw", "v": 2.0}, {"l": "Palm Oil", "v": 1.0}]}, {"source": 64, "prod": 0.0038905447990784121, "target": 40, "value": 1.0, "supply": [{"l": "Pulses, Other", "v": 1.0}]}, {"source": 5, "prod": 0.088686065546438431, "target": 65, "value": 26.0, "supply": [{"l": "Maize", "v": 26.0}]}, {"source": 9, "prod": 0.16916708176609707, "target": 65, "value": 89.0, "supply": [{"l": "Nuts", "v": 89.0}]}, {"source": 10, "prod": 0.45128195613301303, "target": 65, "value": 109.0, "supply": [{"l": "Sugar", "v": 109.0}]}, {"source": 12, "prod": 0.00053284727931589965, "target": 65, "value": 1.0, "supply": [{"l": "Beer", "v": 1.0}]}, {"source": 13, "prod": 0.071653472676234051, "target": 65, "value": 7.0, "supply": [{"l": "Groundnut Oil", "v": 7.0}]}, {"source": 15, "prod": 0.021800957645654071, "target": 65, "value": 5.0, "supply": [{"l": "Rice", "v": 5.0}]}, {"source": 66, "prod": 0.0039691619709934676, "target": 65, "value": 1.0, "supply": [{"l": "Sunflower seed", "v": 1.0}]}, {"source": 20, "prod": 0.0095969874218415074, "target": 65, "value": 3.0, "supply": [{"l": "Wheat", "v": 3.0}]}, {"source": 21, "prod": 0.48148956072320553, "target": 65, "value": 276.0, "supply": [{"l": "Coconuts - Incl Copra", "v": 276.0}]}, {"source": 22, "prod": 0.16916708176609707, "target": 65, "value": 89.0, "supply": [{"l": "Treenuts", "v": 89.0}]}, {"source": 67, "prod": 0.0079383239419869352, "target": 65, "value": 2.0, "supply": [{"l": "Sesame seed", "v": 2.0}]}, {"source": 26, "prod": 0.0015918812469562502, "target": 65, "value": 2.0, "supply": [{"l": "Marine Fish, Other", "v": 2.0}]}, {"source": 59, "prod": 0.012128619024428572, "target": 65, "value": 2.0, "supply": [{"l": "Oilcrops, Other", "v": 2.0}]}, {"source": 57, "prod": 0.019845809854967339, "target": 65, "value": 5.0, "supply": [{"l": "Cottonseed", "v": 5.0}]}, {"source": 35, "prod": 0.00086412552845801529, "target": 65, "value": 1.0, "supply": [{"l": "Potatoes", "v": 1.0}]}, {"source": 68, "prod": 0.095512874817374999, "target": 65, "value": 9.0, "supply": [{"l": "Coconut Oil", "v": 9.0}]}, {"source": 38, "prod": 0.00073022075548451833, "target": 65, "value": 1.0, "supply": [{"l": "Milk - Excluding Butter", "v": 1.0}]}, {"source": 40, "prod": 0.019452723995392062, "target": 65, "value": 5.0, "supply": [{"l": "Pulses, Other", "v": 5.0}]}, {"source": 3, "prod": 0.0022843138969775786, "target": 65, "value": 3.0, "supply": [{"l": "Fish, Seafood", "v": 3.0}]}, {"source": 41, "prod": 0.043663028487942866, "target": 65, "value": 4.0, "supply": [{"l": "Oilcrops Oil, Other", "v": 4.0}]}, {"source": 44, "prod": 0.010426356705210527, "target": 65, "value": 14.0, "supply": [{"l": "Bananas", "v": 14.0}]}, {"source": 69, "prod": 0.016271111080000001, "target": 65, "value": 14.0, "supply": [{"l": "Tea", "v": 14.0}]}, {"source": 48, "prod": 0.0031611826180691495, "target": 65, "value": 1.0, "supply": [{"l": "Millet", "v": 1.0}]}, {"source": 37, "prod": 0.0081355555400000005, "target": 65, "value": 7.0, "supply": [{"l": "Grapefruit", "v": 7.0}]}, {"source": 53, "prod": 0.0019976548981411766, "target": 65, "value": 4.0, "supply": [{"l": "Oranges, Mandarines", "v": 4.0}]}, {"source": 46, "prod": 0.0022411578632096276, "target": 65, "value": 1.0, "supply": [{"l": "Bovine Meat", "v": 1.0}]}, {"source": 4, "prod": 0.0025452653823832016, "target": 65, "value": 2.0, "supply": [{"l": "Cassava", "v": 2.0}]}, {"source": 54, "prod": 0.020934328727095889, "target": 70, "value": 2.0, "supply": [{"l": "Cottonseed Oil", "v": 2.0}]}, {"source": 5, "prod": 0.17055012605084316, "target": 70, "value": 50.0, "supply": [{"l": "Maize", "v": 50.0}]}, {"source": 10, "prod": 0.10350503581032408, "target": 70, "value": 25.0, "supply": [{"l": "Sugar", "v": 25.0}]}, {"source": 38, "prod": 0.0036511037774225917, "target": 70, "value": 5.0, "supply": [{"l": "Milk - Excluding Butter", "v": 5.0}]}, {"source": 71, "prod": 1.7055012605084314, "target": 5, "value": 500.0, "supply": [{"l": "Maize", "v": 500.0}]}, {"source": 71, "prod": 0.0039305709801388897, "target": 7, "value": 5.0, "supply": [{"l": "Roots, Other", "v": 5.0}]}, {"source": 71, "prod": 0.19197612649860452, "target": 9, "value": 101.0, "supply": [{"l": "Nuts", "v": 101.0}]}, {"source": 71, "prod": 0.24853091716045639, "target": 15, "value": 57.0, "supply": [{"l": "Rice", "v": 57.0}]}, {"source": 71, "prod": 0.0016229454369605736, "target": 17, "value": 8.0, "supply": [{"l": "Tomatoes", "v": 8.0}]}, {"source": 71, "prod": 0.0079383239419869352, "target": 66, "value": 2.0, "supply": [{"l": "Sunflower seed", "v": 2.0}]}, {"source": 71, "prod": 0.00035672408895378151, "target": 19, "value": 1.0, "supply": [{"l": "Coffee", "v": 1.0}]}, {"source": 71, "prod": 0.028790962265524526, "target": 20, "value": 9.0, "supply": [{"l": "Wheat", "v": 9.0}]}, {"source": 71, "prod": 0.67687662884276723, "target": 21, "value": 388.0, "supply": [{"l": "Coconuts - Incl Copra", "v": 388.0}]}, {"source": 71, "prod": 0.19197612649860452, "target": 22, "value": 101.0, "supply": [{"l": "Treenuts", "v": 101.0}]}, {"source": 71, "prod": 0.041106806883427216, "target": 25, "value": 153.0, "supply": [{"l": "Vegetables, Other", "v": 153.0}]}, {"source": 71, "prod": 0.0079383239419869352, "target": 67, "value": 2.0, "supply": [{"l": "Sesame seed", "v": 2.0}]}, {"source": 71, "prod": 0.50789131694110679, "target": 28, "value": 82.0, "supply": [{"l": "Groundnuts", "v": 82.0}]}, {"source": 71, "prod": 0.18799359487864289, "target": 59, "value": 31.0, "supply": [{"l": "Oilcrops, Other", "v": 31.0}]}, {"source": 71, "prod": 0.75278295411620011, "target": 43, "value": 1862.0, "supply": [{"l": "Sugar cane", "v": 1862.0}]}, {"source": 71, "prod": 0.3492862534474252, "target": 57, "value": 88.0, "supply": [{"l": "Cottonseed", "v": 88.0}]}, {"source": 71, "prod": 0.031108519024488555, "target": 35, "value": 36.0, "supply": [{"l": "Potatoes", "v": 36.0}]}, {"source": 71, "prod": 0.21787050874839103, "target": 40, "value": 56.0, "supply": [{"l": "Pulses, Other", "v": 56.0}]}, {"source": 71, "prod": 0.00049090099059435162, "target": 42, "value": 1.0, "supply": [{"l": "Lemons, Limes", "v": 1.0}]}, {"source": 71, "prod": 0.60128044177269857, "target": 2, "value": 188.0, "supply": [{"l": "Sorghum", "v": 188.0}]}, {"source": 71, "prod": 0.0083508524430491796, "target": 39, "value": 18.0, "supply": [{"l": "Pineapples", "v": 18.0}]}, {"source": 71, "prod": 0.014894795293157896, "target": 44, "value": 20.0, "supply": [{"l": "Bananas", "v": 20.0}]}, {"source": 71, "prod": 0.097924816100642062, "target": 47, "value": 203.0, "supply": [{"l": "Fruits, Other", "v": 203.0}]}, {"source": 71, "prod": 0.031611826180691492, "target": 48, "value": 10.0, "supply": [{"l": "Millet", "v": 10.0}]}, {"source": 71, "prod": 0.025015276737883934, "target": 51, "value": 22.0, "supply": [{"l": "Sweet potatoes", "v": 22.0}]}, {"source": 71, "prod": 0.012784444420000001, "target": 37, "value": 11.0, "supply": [{"l": "Grapefruit", "v": 11.0}]}, {"source": 71, "prod": 0.0064923784189588243, "target": 53, "value": 13.0, "supply": [{"l": "Oranges, Mandarines", "v": 13.0}]}, {"source": 71, "prod": 0.016271111080000001, "target": 69, "value": 14.0, "supply": [{"l": "Tea", "v": 14.0}]}, {"source": 71, "prod": 0.0025470099951300004, "target": 55, "value": 3.0, "supply": [{"l": "Onions", "v": 3.0}]}, {"source": 71, "prod": 3.5633715353364823, "target": 4, "value": 2800.0, "supply": [{"l": "Cassava", "v": 2800.0}]}, {"source": 1, "prod": 0.014894795293157896, "target": 49, "value": 10.0, "supply": [{"l": "Poultry Meat", "v": 10.0}]}, {"source": 1, "prod": 0.037092378569854367, "target": 33, "value": 9.0, "supply": [{"l": "Pigmeat", "v": 9.0}]}, {"source": 1, "prod": 0.0084900333171, "target": 0, "value": 10.0, "supply": [{"l": "Pelagic Fish", "v": 10.0}]}, {"source": 1, "prod": 0.00081634935741346152, "target": 23, "value": 1.0, "supply": [{"l": "Crustaceans", "v": 1.0}]}, {"source": 1, "prod": 0.0020457911607469881, "target": 36, "value": 2.0, "supply": [{"l": "Freshwater Fish", "v": 2.0}]}, {"source": 1, "prod": 0.062798984971668581, "target": 38, "value": 86.0, "supply": [{"l": "Milk - Excluding Butter", "v": 86.0}]}, {"source": 1, "prod": 0.0080311125972567562, "target": 50, "value": 7.0, "supply": [{"l": "Offals, Edible", "v": 7.0}]}, {"source": 1, "prod": 0.023878218704343753, "target": 26, "value": 30.0, "supply": [{"l": "Marine Fish, Other", "v": 30.0}]}, {"source": 1, "prod": 0.036549022351641258, "target": 3, "value": 48.0, "supply": [{"l": "Fish, Seafood", "v": 48.0}]}, {"source": 1, "prod": 0.067234735896288825, "target": 46, "value": 30.0, "supply": [{"l": "Bovine Meat", "v": 30.0}]}, {"source": 1, "prod": 0.0025572389509337353, "target": 52, "value": 4.0, "supply": [{"l": "Demersal Fish", "v": 4.0}]}, {"source": 1, "prod": 0.003859106053227273, "target": 8, "value": 3.0, "supply": [{"l": "Mutton & Goat Meat", "v": 3.0}]}, {"source": 56, "prod": 0.010612541646375, "target": 32, "value": 1.0, "supply": [{"l": "Olive Oil", "v": 1.0}]}, {"source": 56, "prod": 0.037733481409333337, "target": 18, "value": 4.0, "supply": [{"l": "Fats, Animals, Raw", "v": 4.0}]}, {"source": 56, "prod": 0.0035375138821250002, "target": 45, "value": 8.0, "supply": [{"l": "Beverages, Fermented", "v": 8.0}]}, {"source": 56, "prod": 0.095512874817374999, "target": 68, "value": 9.0, "supply": [{"l": "Coconut Oil", "v": 9.0}]}, {"source": 56, "prod": 0.10467164363547944, "target": 54, "value": 10.0, "supply": [{"l": "Cottonseed Oil", "v": 10.0}]}, {"source": 56, "prod": 0.85288149507707045, "target": 10, "value": 206.0, "supply": [{"l": "Sugar", "v": 206.0}]}, {"source": 56, "prod": 0.07057340194839376, "target": 11, "value": 7.0, "supply": [{"l": "Maize Germ Oil", "v": 7.0}]}, {"source": 56, "prod": 0.011722640144949791, "target": 12, "value": 22.0, "supply": [{"l": "Beer", "v": 22.0}]}, {"source": 56, "prod": 0.19448799726406385, "target": 13, "value": 19.0, "supply": [{"l": "Groundnut Oil", "v": 19.0}]}, {"source": 56, "prod": 0.017397609256352461, "target": 14, "value": 5.0, "supply": [{"l": "Beverages, Alcoholic", "v": 5.0}]}, {"source": 56, "prod": 0.009988274490705884, "target": 29, "value": 1.0, "supply": [{"l": "Palm Oil", "v": 1.0}]}, {"source": 56, "prod": 0.12007332834184289, "target": 41, "value": 11.0, "supply": [{"l": "Oilcrops Oil, Other", "v": 11.0}]}, {"source": 56, "prod": 0.0070750277642500003, "target": 16, "value": 1.0, "supply": [{"l": "Butter, Ghee", "v": 1.0}]}, {"source": 56, "prod": 0.033843144620329724, "target": 30, "value": 45.0, "supply": [{"l": "Wine", "v": 45.0}]}]}