{"nodes": [{"layer": 5, "name": "Fruits, Roots & Vegetables", "fill": "#98df8a"}, {"layer": 10, "name": "Feed", "fill": "#dbdb8d"}, {"layer": 5, "name": "Cereals", "fill": "#e7ba52"}, {"layer": 13, "name": "Other Processed", "fill": "#9c9ede"}, {"layer": 16, "name": "Food", "fill": "#b5cf6b"}, {"layer": 13, "name": "Animal Products", "fill": "#17becf"}, {"layer": 5, "name": "Oilcrops", "fill": "#ff9896"}, {"layer": 5, "name": "Sugar Crops", "fill": "#ffbb78"}, {"layer": 13, "name": "Sugar", "fill": "#d6616b"}, {"layer": 13, "name": "Aquatic Products", "fill": "#1f77b4"}, {"layer": 13, "name": "Vegetable Oils", "fill": "#f7b6d2"}, {"layer": 10, "name": "Processing", "fill": "#9edae5"}, {"layer": 16, "name": "Biofuels & Other", "fill": "#e7ba52"}, {"name": "Waste", "fill": "#c7c7c7"}, {"layer": 2, "name": "Import", "fill": "#aec7e8"}, {"layer": 16, "name": "Export", "fill": "#aec7e8"}, {"layer": 16, "name": "Stock Deposit", "fill": "#c7c7c7"}, {"layer": 0, "name": "Stock Draw", "fill": "#c7c7c7"}, {"layer": 2, "name": "Electricity", "fill": "#bcbd22"}, {"layer": 0, "name": "Fossil Fuels", "fill": "#c49c94"}, {"layer": 0, "name": "Renewables & Nuclear", "fill": "#2ca02c"}, {"layer": 2, "name": "Fertilizers", "fill": "#c5b0d5"}, {"layer": 0, "name": "Labor", "fill": "#7f7f7f"}], "links": [{"source": 0, "prod": 362.0, "target": 1, "value": 0.46056733265976296, "supply": [{"l": "Cassava", "v": 0.46056733265976296}]}, {"source": 2, "prod": 7.0, "target": 1, "value": 0.022347063172530247, "supply": [{"l": "Sorghum", "v": 0.022347063172530247}]}, {"source": 3, "prod": 61.0, "target": 4, "value": 0.074803079549877111, "supply": [{"l": "Beer", "v": 0.019033703011787612}, {"l": "Beverages, Alcoholic", "v": 0.025343383036119403}, {"l": "Butter, Ghee", "v": 0.0060643095122142861}, {"l": "Fats, Animals, Raw", "v": 0.018192928536642859}, {"l": "Wine", "v": 0.0016042214116613373}, {"l": "Beverages, Fermented", "v": 0.0045645340414516133}]}, {"source": 5, "prod": 185.0, "target": 4, "value": 0.22069098204067611, "supply": [{"l": "Mutton & Goat Meat", "v": 0.0047166851761666672}, {"l": "Pigmeat", "v": 0.035480736250567163}, {"l": "Milk - Excluding Butter", "v": 0.071155723359648995}, {"l": "Bovine Meat", "v": 0.076214160470336634}, {"l": "Poultry Meat", "v": 0.023420781564413792}, {"l": "Offals, Edible", "v": 0.0097028952195428592}]}, {"source": 2, "prod": 815.0, "target": 4, "value": 2.8102328501806184, "supply": [{"l": "Maize", "v": 1.4820311707146754}, {"l": "Rice", "v": 0.47918746869161472}, {"l": "Wheat", "v": 0.16285086030809073}, {"l": "Oats", "v": 0.0053062708231875}, {"l": "Sorghum", "v": 0.65764214479160432}, {"l": "Millet", "v": 0.023214934851445313}]}, {"source": 6, "prod": 46.0, "target": 4, "value": 0.18570227366107722, "supply": [{"l": "Coconuts - Incl Copra", "v": 0.038118516933918364}, {"l": "Groundnuts", "v": 0.14758375672715887}]}, {"source": 0, "prod": 3510.0, "target": 4, "value": 4.2079062473383466, "supply": [{"l": "Roots, Other", "v": 0.004994137245352942}, {"l": "Nuts", "v": 0.029201388479197458}, {"l": "Tomatoes", "v": 0.0048980961444807687}, {"l": "Coffee", "v": 0.00042878956146969697}, {"l": "Treenuts", "v": 0.029201388479197458}, {"l": "Vegetables, Other", "v": 0.037976923224877425}, {"l": "Potatoes", "v": 0.028598006962863159}, {"l": "Pulses, Other", "v": 0.21826672479889822}, {"l": "Lemons, Limes", "v": 0.00040817467870673076}, {"l": "Pineapples", "v": 0.0048980961444807687}, {"l": "Bananas", "v": 0.043123978753523813}, {"l": "Infant food", "v": 0.0011622222200000001}, {"l": "Fruits, Other", "v": 0.080744372805986023}, {"l": "Sweet potatoes", "v": 0.038086130768299066}, {"l": "Grapefruit", "v": 0.0048317262780243906}, {"l": "Oranges, Mandarines", "v": 0.0048760326483344597}, {"l": "Onions", "v": 0.0018496804612418301}, {"l": "Cassava", "v": 3.6743603776834122}]}, {"source": 7, "prod": 11.0, "target": 4, "value": 0.0047648146167397955, "supply": [{"l": "Sugar cane", "v": 0.0047648146167397955}]}, {"source": 8, "prod": 140.0, "target": 4, "value": 0.58003907622427209, "supply": [{"l": "Sugar", "v": 0.58003907622427209}]}, {"source": 9, "prod": 62.0, "target": 4, "value": 0.049235426724725015, "supply": [{"l": "Freshwater Fish", "v": 0.0047166851761666663}, {"l": "Crustaceans", "v": 0.001230439611173913}, {"l": "Marine Fish, Other", "v": 0.019448534470889865}, {"l": "Fish, Seafood", "v": 0.023839767466494566}]}, {"source": 10, "prod": 60.0, "target": 4, "value": 0.61666902859738548, "supply": [{"l": "Maize Germ Oil", "v": 0.082474609366114282}, {"l": "Groundnut Oil", "v": 0.17692133944666452}, {"l": "Palm Oil", "v": 0.019592384577923082}, {"l": "Sunflowerseed Oil", "v": 0.02971511660985}, {"l": "Coconut Oil", "v": 0.20525355272109888}, {"l": "Sesameseed Oil", "v": 0.0094333703523333343}, {"l": "Oilcrops Oil, Other", "v": 0.053062708231874998}, {"l": "Cottonseed Oil", "v": 0.040215947291526319}]}, {"source": 7, "prod": 2145.0, "target": 11, "value": 0.92913885026426013, "supply": [{"l": "Sugar cane", "v": 0.92913885026426013}]}, {"source": 2, "prod": 10.0, "target": 11, "value": 0.032423168744872465, "supply": [{"l": "Barley", "v": 0.026038293552720963}, {"l": "Sorghum", "v": 0.0063848751921514986}]}, {"source": 6, "prod": 336.0, "target": 11, "value": 0.99404769818710659, "supply": [{"l": "Sunflower seed", "v": 0.039409915287988033}, {"l": "Groundnuts", "v": 0.24597292787859815}, {"l": "Cottonseed", "v": 0.12217073739276291}, {"l": "Oilcrops, Other", "v": 0.22168420327983338}, {"l": "Coconuts - Incl Copra", "v": 0.35692793129032652}, {"l": "Sesame seed", "v": 0.0078819830575976076}]}, {"source": 3, "prod": 3.0, "target": 12, "value": 0.027289392804964289, "supply": [{"l": "Fats, Animals, Raw", "v": 0.027289392804964289}]}, {"source": 10, "prod": 5.0, "target": 12, "value": 0.051945598584888161, "supply": [{"l": "Cottonseed Oil", "v": 0.020107973645763159}, {"l": "Oilcrops Oil, Other", "v": 0.031837624939125002}]}, {"source": 0, "prod": 11.0, "target": 0, "value": 0.024850226734009898, "supply": [{"l": "Pulses, Other", "v": 0.019488100428473057}, {"l": "Potatoes", "v": 0.0053621263055368415}]}, {"source": 5, "prod": 1.0, "target": 5, "value": 0.0016631595117453358, "supply": [{"l": "Eggs", "v": 0.0016631595117453358}]}, {"source": 2, "prod": 21.0, "target": 2, "value": 0.074670363127637099, "supply": [{"l": "Maize", "v": 0.040883618502473809}, {"l": "Rice", "v": 0.021016994240860294}, {"l": "Sorghum", "v": 0.012769750384302997}]}, {"source": 6, "prod": 23.0, "target": 6, "value": 0.13480943852569549, "supply": [{"l": "Groundnuts", "v": 0.12298646393929907}, {"l": "Cottonseed", "v": 0.011822974586396409}]}, {"source": 0, "prod": 158.0, "target": 13, "value": 0.16949848288554903, "supply": [{"l": "Pineapples", "v": 0.00040817467870673076}, {"l": "Bananas", "v": 0.0020214365040714284}, {"l": "Cassava", "v": 0.12722854493363617}, {"l": "Treenuts", "v": 0.0016222993599554142}, {"l": "Potatoes", "v": 0.0017873754351789475}, {"l": "Fruits, Other", "v": 0.0091754969097711386}, {"l": "Vegetables, Other", "v": 0.0041385108642494626}, {"l": "Nuts", "v": 0.0016222993599554142}, {"l": "Sweet potatoes", "v": 0.004231792307588785}, {"l": "Grapefruit", "v": 0.00069024661114634148}, {"l": "Pulses, Other", "v": 0.015590480342778445}, {"l": "Oranges, Mandarines", "v": 0.00057365089980405406}, {"l": "Tomatoes", "v": 0.00040817467870673076}]}, {"source": 7, "prod": 44.0, "target": 13, "value": 0.019059258466959182, "supply": [{"l": "Sugar cane", "v": 0.019059258466959182}]}, {"source": 5, "prod": 3.0, "target": 13, "value": 0.0018245057271704869, "supply": [{"l": "Milk - Excluding Butter", "v": 0.0018245057271704869}]}, {"source": 2, "prod": 41.0, "target": 13, "value": 0.14008323767423292, "supply": [{"l": "Maize", "v": 0.081767237004947618}, {"l": "Wheat", "v": 0.0031931541236880534}, {"l": "Rice", "v": 0.016813595392688237}, {"l": "Sorghum", "v": 0.038309251152908994}]}, {"source": 6, "prod": 3.0, "target": 13, "value": 0.018447969590894859, "supply": [{"l": "Groundnuts", "v": 0.018447969590894859}]}, {"source": 14, "prod": 9.0, "target": 11, "value": 0.065162849953137994, "supply": [{"l": "Fats, Animals, Raw", "v": 0.027289392804964289}, {"l": "Palm Oil", "v": 0.019592384577923082}, {"l": "Oilcrops Oil, Other", "v": 0.010612541646375}, {"l": "Butter, Ghee", "v": 0.0060643095122142861}, {"l": "Wine", "v": 0.0016042214116613373}]}, {"source": 14, "prod": 181.0, "target": 2, "value": 0.66491046914158147, "supply": [{"l": "Maize", "v": 0.13627872834157934}, {"l": "Wheat", "v": 0.15965770618440267}, {"l": "Oats", "v": 0.0053062708231875}, {"l": "Barley", "v": 0.035802653634991327}, {"l": "Rice", "v": 0.32786511015742065}]}, {"source": 14, "prod": 2.0, "target": 0, "value": 0.0014056640355440862, "supply": [{"l": "Vegetables, Other", "v": 0.00024344181554408604}, {"l": "Infant food", "v": 0.0011622222200000001}]}, {"source": 14, "prod": 66.0, "target": 1, "value": 0.042244083132516458, "supply": [{"l": "Milk - Excluding Butter", "v": 0.031624765937621778}, {"l": "Marine Fish, Other", "v": 0.0052361438960088101}, {"l": "Fish, Seafood", "v": 0.005383173298885869}]}, {"source": 0, "prod": 159.0, "target": 15, "value": 0.25679448355188667, "supply": [{"l": "Bananas", "v": 0.00067381216802380958}, {"l": "Treenuts", "v": 0.11031635647696815}, {"l": "Tea", "v": 0.010838340404808511}, {"l": "Nuts", "v": 0.11031635647696815}, {"l": "Grapefruit", "v": 0.00069024661114634148}, {"l": "Pulses, Other", "v": 0.023385720514167669}, {"l": "Oranges, Mandarines", "v": 0.00057365089980405406}]}, {"source": 9, "prod": 6.0, "target": 15, "value": 0.0041527336877119564, "supply": [{"l": "Crustaceans", "v": 0.0018456594167608694}, {"l": "Fish, Seafood", "v": 0.0023070742709510868}]}, {"source": 10, "prod": 15.0, "target": 15, "value": 0.15743880464402471, "supply": [{"l": "Coconut Oil", "v": 0.05131338818027472}, {"l": "Oilcrops Oil, Other", "v": 0.10612541646375}]}, {"source": 6, "prod": 217.0, "target": 15, "value": 0.39586217477078101, "supply": [{"l": "Coconuts - Incl Copra", "v": 0.36732389045412239}, {"l": "Sesame seed", "v": 0.0039409915287988038}, {"l": "Groundnuts", "v": 0.024597292787859815}]}, {"source": 8, "prod": 37.0, "target": 15, "value": 0.15329604157355761, "supply": [{"l": "Sugar", "v": 0.15329604157355761}]}, {"source": 0, "prod": 15.0, "target": 16, "value": 0.020738968768224356, "supply": [{"l": "Treenuts", "v": 0.008111496799777072}, {"l": "Tea", "v": 0.0045159751686702125}, {"l": "Nuts", "v": 0.008111496799777072}]}, {"source": 2, "prod": 3.0, "target": 16, "value": 0.0097643600822703621, "supply": [{"l": "Barley", "v": 0.0097643600822703621}]}, {"source": 8, "prod": 42.0, "target": 16, "value": 0.17401172286728162, "supply": [{"l": "Sugar", "v": 0.17401172286728162}]}, {"source": 17, "prod": 5.0, "target": 11, "value": 0.050896006553927994, "supply": [{"l": "Cottonseed Oil", "v": 0.020107973645763159}, {"l": "Coconut Oil", "v": 0.030788032908164835}]}, {"source": 1, "prod": 68.0, "target": 9, "value": 0.05338816041243697, "supply": [{"l": "Crustaceans", "v": 0.0030760990279347826}, {"l": "Freshwater Fish", "v": 0.0047166851761666663}, {"l": "Marine Fish, Other", "v": 0.019448534470889865}, {"l": "Fish, Seafood", "v": 0.026146841737445654}]}, {"source": 1, "prod": 188.0, "target": 5, "value": 0.2225154877678466, "supply": [{"l": "Poultry Meat", "v": 0.023420781564413792}, {"l": "Pigmeat", "v": 0.035480736250567163}, {"l": "Bovine Meat", "v": 0.076214160470336634}, {"l": "Eggs", "v": 0.0016631595117453358}, {"l": "Milk - Excluding Butter", "v": 0.072980229086819476}, {"l": "Offals, Edible", "v": 0.0097028952195428592}, {"l": "Mutton & Goat Meat", "v": 0.0047166851761666672}]}, {"source": 11, "prod": 64.0, "target": 3, "value": 0.1020924723548414, "supply": [{"l": "Fats, Animals, Raw", "v": 0.045482321341607151}, {"l": "Beverages, Fermented", "v": 0.0045645340414516133}, {"l": "Beer", "v": 0.019033703011787612}, {"l": "Beverages, Alcoholic", "v": 0.025343383036119403}, {"l": "Butter, Ghee", "v": 0.0060643095122142861}, {"l": "Wine", "v": 0.0016042214116613373}]}, {"source": 11, "prod": 80.0, "target": 10, "value": 0.82605343182629831, "supply": [{"l": "Sesameseed Oil", "v": 0.0094333703523333343}, {"l": "Coconut Oil", "v": 0.25656694090137361}, {"l": "Cottonseed Oil", "v": 0.060323920937289478}, {"l": "Maize Germ Oil", "v": 0.082474609366114282}, {"l": "Groundnut Oil", "v": 0.17692133944666452}, {"l": "Palm Oil", "v": 0.019592384577923082}, {"l": "Oilcrops Oil, Other", "v": 0.19102574963475}, {"l": "Sunflowerseed Oil", "v": 0.02971511660985}]}, {"source": 11, "prod": 219.0, "target": 8, "value": 0.90734684066511129, "supply": [{"l": "Sugar", "v": 0.90734684066511129}]}, {"source": 18, "prod": 0, "target": 0, "value": 0.01531862263156061, "supply": "[{\"l\":'Energy for power irrigation',\"v\":0.01531862263156061}]"}, {"source": 18, "prod": 0, "target": 7, "value": 0.0079973824844407557, "supply": "[{\"l\":'Energy for power irrigation',\"v\":0.0079973824844407557}]"}, {"source": 18, "prod": 0, "target": 2, "value": 0.0029299501283905675, "supply": "[{\"l\":'Energy for power irrigation',\"v\":0.0029299501283905675}]"}, {"source": 18, "prod": 0, "target": 6, "value": 0.0022738012472807694, "supply": "[{\"l\":'Energy for power irrigation',\"v\":0.0022738012472807694}]"}, {"source": 18, "prod": 0, "target": 11, "value": 0.00026690086192656933, "supply": "[{\"l\":'Electricity',\"v\":0.00026690086192656933}]"}, {"source": 19, "prod": 0, "target": 18, "value": 0.012668142226115973, "supply": [{"l": "Coal", "v": 0.0040755059962622768}, {"l": "Natural gas", "v": 0.0}, {"l": "Oil", "v": 0.0085926362298536976}]}, {"source": 20, "prod": 0, "target": 18, "value": 0.023932008247712577, "supply": [{"l": "Nuclear", "v": 0.0}, {"l": "Hydroelectric", "v": 0.023932008247712577}, {"l": "Renewable", "v": 0.0}]}, {"source": 19, "prod": 0, "target": 0, "value": 0.30105582866700903, "supply": [{"l": "Gas-Diesel oil", "v": 0.017108368339950629}, {"l": "Other fossil fuels", "v": 0.28394746032705837}]}, {"source": 19, "prod": 0, "target": 7, "value": 0.15717200357556238, "supply": [{"l": "Gas-Diesel oil", "v": 0.0089317537607715661}, {"l": "Other fossil fuels", "v": 0.14824024981479081}]}, {"source": 19, "prod": 0, "target": 2, "value": 0.057582106764501491, "supply": [{"l": "Gas-Diesel oil", "v": 0.0032722697869008556}, {"l": "Other fossil fuels", "v": 0.054309836977600633}]}, {"source": 19, "prod": 0, "target": 6, "value": 0.044686858289324664, "supply": [{"l": "Gas-Diesel oil", "v": 0.0025394599897102794}, {"l": "Other fossil fuels", "v": 0.042147398299614391}]}, {"source": 21, "prod": 7.7882862787585232, "target": 0, "value": 0.10877177321952788, "supply": [{"l": "Potash", "v": 0.002051111112752}, {"l": "Phosphate", "v": 0.015150000012119998}, {"l": "Nitrogen", "v": 0.18530694459268995}]}, {"source": 21, "prod": 4.0660251099356319, "target": 7, "value": 0.056786402724955234, "supply": [{"l": "Potash", "v": 0.002051111112752}, {"l": "Phosphate", "v": 0.015150000012119998}, {"l": "Nitrogen", "v": 0.18530694459268995}]}, {"source": 21, "prod": 1.4896437448218725, "target": 2, "value": 0.020804472998324507, "supply": [{"l": "Potash", "v": 0.002051111112752}, {"l": "Phosphate", "v": 0.015150000012119998}, {"l": "Nitrogen", "v": 0.18530694459268995}]}, {"source": 21, "prod": 1.1560448664839718, "target": 6, "value": 0.016145406774754317, "supply": [{"l": "Potash", "v": 0.002051111112752}, {"l": "Phosphate", "v": 0.015150000012119998}, {"l": "Nitrogen", "v": 0.18530694459268995}]}, {"source": 19, "prod": 0, "target": 21, "value": 0.2400423864273443, "supply": [{"l": "Natural gas (including LNG)", "v": 0.16360571703612861}, {"l": "Fuel oil", "v": 0.0436797409398689}, {"l": "Liquefied petroleum gas (LPG)", "v": 0.016378464225673389}, {"l": "Coal", "v": 0.016378464225673389}]}, {"source": 22, "prod": 0, "target": 2, "value": 0.23798566606862168, "supply": "[{\"l\":'Labor',\"v\":0.23798566606862168}]"}, {"source": 22, "prod": 0, "target": 6, "value": 0.18468986864258419, "supply": "[{\"l\":'Labor',\"v\":0.18468986864258419}]"}, {"source": 22, "prod": 0, "target": 0, "value": 1.2442575642843321, "supply": "[{\"l\":'Labor',\"v\":1.2442575642843321}]"}, {"source": 22, "prod": 0, "target": 7, "value": 0.64958866668854554, "supply": "[{\"l\":'Labor',\"v\":0.64958866668854554}]"}, {"source": 19, "prod": 0, "target": 14, "value": 0.1180083546435934, "supply": "[{\"l\":'Fossil Fuels',\"v\":0.1180083546435934}]"}, {"source": 20, "prod": 0, "target": 14, "value": 0.92106592063806392, "supply": "[{\"l\":'Renewables & Nuclear',\"v\":0.0083352030789013345},{\"l\":'Biomass & Waste',\"v\":0.91273071755916257}]"}]}