{"nodes": [{"layer": 5, "name": "Cereals - Excluding Beer"}, {"layer": 10, "name": "Feed", "fill": "#dbdb8d"}, {"layer": 5, "name": "Starchy Roots"}, {"layer": 16, "name": "Food", "fill": "#b5cf6b"}, {"layer": 13, "name": "Meat"}, {"layer": 5, "name": "Vegetables"}, {"layer": 13, "name": "Alcoholic Beverages"}, {"layer": 13, "name": "Milk - Excluding Butter"}, {"layer": 5, "name": "Pulses"}, {"layer": 13, "name": "Fish, Seafood"}, {"layer": 13, "name": "Sugar & Sweeteners"}, {"layer": 5, "name": "Fruits - Excluding Wine"}, {"layer": 13, "name": "Vegetable Oils", "fill": "#f7b6d2"}, {"layer": 5, "name": "Oilcrops", "fill": "#ff9896"}, {"layer": 10, "name": "Processing", "fill": "#9edae5"}, {"name": "Waste", "fill": "#c7c7c7"}, {"layer": 2, "name": "Import", "fill": "#aec7e8"}, {"layer": 16, "name": "Export", "fill": "#aec7e8"}, {"layer": 16, "name": "Stock Deposit", "fill": "#c7c7c7"}, {"layer": 2, "name": "Electricity", "fill": "#bcbd22"}, {"layer": 0, "name": "Fossil Fuels", "fill": "#c49c94"}, {"layer": 0, "name": "Renewables & Nuclear", "fill": "#2ca02c"}, {"layer": 2, "name": "Fertilizers", "fill": "#c5b0d5"}, {"layer": 0, "name": "Labor", "fill": "#7f7f7f"}], "links": [{"source": 0, "prod": 1.0, "target": 1, "value": 0.0034186058524737395, "supply": [{"l": "Millet", "v": 0.0034186058524737395}]}, {"source": 2, "prod": 6.0, "target": 3, "value": 0.0076974781585527211, "supply": [{"l": "Cassava", "v": 0.0076974781585527211}]}, {"source": 4, "prod": 6.0, "target": 3, "value": 0.011293571545047509, "supply": [{"l": "Meat, Other", "v": 0.0013349108989150942}, {"l": "Mutton & Goat Meat", "v": 0.0019976548981411766}, {"l": "Bovine Meat", "v": 0.0067124714366530022}, {"l": "Offals, Edible", "v": 0.0012485343113382353}]}, {"source": 5, "prod": 5.0, "target": 3, "value": 0.00129421239589939, "supply": [{"l": "Vegetables, Other", "v": 0.00129421239589939}]}, {"source": 6, "prod": 16.0, "target": 3, "value": 0.0057047654699881427, "supply": [{"l": "Beverages, Fermented", "v": 0.0057047654699881427}]}, {"source": 7, "prod": 5.0, "target": 3, "value": 0.0033035149093774319, "supply": [{"l": "Milk - Excluding Butter", "v": 0.0033035149093774319}]}, {"source": 8, "prod": 2.0, "target": 3, "value": 0.0078542158440132164, "supply": [{"l": "Pulses, Other", "v": 0.0078542158440132164}]}, {"source": 9, "prod": 12.0, "target": 3, "value": 0.0099559175184013027, "supply": [{"l": "Freshwater Fish", "v": 0.0016503304504082072}, {"l": "Fish, Seafood", "v": 0.0047900966185972773}, {"l": "Pelagic Fish", "v": 0.0028079876729708176}, {"l": "Marine Fish, Other", "v": 0.00070750277642499997}]}, {"source": 10, "prod": 3.0, "target": 3, "value": 0.012811536762290542, "supply": [{"l": "Sugar", "v": 0.012811536762290542}]}, {"source": 11, "prod": 2.0, "target": 3, "value": 0.0010038890746570945, "supply": [{"l": "Fruits, Other", "v": 0.0010038890746570945}]}, {"source": 12, "prod": 4.0, "target": 3, "value": 0.041304545375945446, "supply": [{"l": "Groundnut Oil", "v": 0.020647530005872453}, {"l": "Palm Oil", "v": 0.020657015370072994}]}, {"source": 0, "prod": 64.0, "target": 3, "value": 0.22920958983211506, "supply": [{"l": "Rice", "v": 0.1037015247765417}, {"l": "Sorghum", "v": 0.010126666245697594}, {"l": "Cereals, Other", "v": 0.013576812340778253}, {"l": "Wheat", "v": 0.0060836225998328027}, {"l": "Millet", "v": 0.095720963869264708}]}, {"source": 13, "prod": 4.0, "target": 3, "value": 0.026250265175033514, "supply": [{"l": "Groundnuts", "v": 0.026250265175033514}]}, {"source": 0, "prod": 3.0, "target": 14, "value": 0.010255817557421219, "supply": [{"l": "Millet", "v": 0.010255817557421219}]}, {"source": 13, "prod": 35.7323600973236, "target": 14, "value": 0.21194075437786386, "supply": [{"l": "Groundnuts", "v": 0.17062672363771786}, {"l": "Oil Palm", "v": 0.041314030740145988}]}, {"source": 0, "prod": 2.0, "target": 0, "value": 0.0074071260361868816, "supply": [{"l": "Rice", "v": 0.0039885201837131417}, {"l": "Millet", "v": 0.0034186058524737395}]}, {"source": 13, "prod": 4.0, "target": 13, "value": 0.026250265175033514, "supply": [{"l": "Groundnuts", "v": 0.026250265175033514}]}, {"source": 0, "prod": 6.0, "target": 15, "value": 0.021038499008840632, "supply": [{"l": "Rice", "v": 0.0039885201837131417}, {"l": "Sorghum", "v": 0.0033755554152325308}, {"l": "Millet", "v": 0.013674423409894958}]}, {"source": 5, "prod": 1.0, "target": 15, "value": 0.00025884247917987803, "supply": [{"l": "Vegetables, Other", "v": 0.00025884247917987803}]}, {"source": 13, "prod": 3.0, "target": 15, "value": 0.019687698881275136, "supply": [{"l": "Groundnuts", "v": 0.019687698881275136}]}, {"source": 16, "prod": 11.0, "target": 0, "value": 0.041980304253251083, "supply": [{"l": "Rice", "v": 0.035896681653418278}, {"l": "Wheat", "v": 0.0060836225998328027}]}, {"source": 16, "prod": 3.0, "target": 14, "value": 0.012811536762290542, "supply": [{"l": "Sugar", "v": 0.012811536762290542}]}, {"source": 16, "prod": 1.0, "target": 5, "value": 0.00025884247917987803, "supply": [{"l": "Vegetables, Other", "v": 0.00025884247917987803}]}, {"source": 16, "prod": 2.0, "target": 1, "value": 0.0013214059637509728, "supply": [{"l": "Milk - Excluding Butter", "v": 0.0013214059637509728}]}, {"source": 12, "prod": 5.0, "target": 17, "value": 0.051618825014681124, "supply": [{"l": "Groundnut Oil", "v": 0.051618825014681124}]}, {"source": 13, "prod": 42.0, "target": 17, "value": 0.2756277843378519, "supply": [{"l": "Palm kernels", "v": 0.013125132587516757}, {"l": "Groundnuts", "v": 0.26250265175033516}]}, {"source": 0, "prod": 4.0, "target": 18, "value": 0.014115186429410734, "supply": [{"l": "Rice", "v": 0.0039885201837131417}, {"l": "Sorghum", "v": 0.010126666245697594}]}, {"source": 12, "prod": 6.0, "target": 18, "value": 0.061942590017617365, "supply": [{"l": "Groundnut Oil", "v": 0.061942590017617365}]}, {"source": 1, "prod": 5.0, "target": 7, "value": 0.0033035149093774319, "supply": [{"l": "Milk - Excluding Butter", "v": 0.0033035149093774319}]}, {"source": 1, "prod": 6.0, "target": 4, "value": 0.011293571545047509, "supply": [{"l": "Bovine Meat", "v": 0.0067124714366530022}, {"l": "Meat, Other", "v": 0.0013349108989150942}, {"l": "Offals, Edible", "v": 0.0012485343113382353}, {"l": "Mutton & Goat Meat", "v": 0.0019976548981411766}]}, {"source": 1, "prod": 12.0, "target": 9, "value": 0.0099559175184013027, "supply": [{"l": "Freshwater Fish", "v": 0.0016503304504082072}, {"l": "Pelagic Fish", "v": 0.0028079876729708176}, {"l": "Marine Fish, Other", "v": 0.00070750277642499997}, {"l": "Fish, Seafood", "v": 0.0047900966185972773}]}, {"source": 14, "prod": 3.0, "target": 10, "value": 0.012811536762290542, "supply": [{"l": "Sugar", "v": 0.012811536762290542}]}, {"source": 14, "prod": 15.0, "target": 12, "value": 0.15486596040824394, "supply": [{"l": "Palm Oil", "v": 0.020657015370072994}, {"l": "Groundnut Oil", "v": 0.13420894503817093}]}, {"source": 14, "prod": 16.0, "target": 6, "value": 0.0057047654699881427, "supply": [{"l": "Beverages, Fermented", "v": 0.0057047654699881427}]}, {"source": 19, "prod": 0, "target": 13, "value": 0.00013521769361363449, "supply": "[{\"l\":'Energy for power irrigation',\"v\":0.00013521769361363449}]"}, {"source": 19, "prod": 0, "target": 5, "value": 8.3813539283671266e-06, "supply": "[{\"l\":'Energy for power irrigation',\"v\":8.3813539283671266e-06}]"}, {"source": 19, "prod": 0, "target": 2, "value": 9.1432951945823202e-06, "supply": "[{\"l\":'Energy for power irrigation',\"v\":9.1432951945823202e-06}]"}, {"source": 19, "prod": 0, "target": 8, "value": 3.0477650648607733e-06, "supply": "[{\"l\":'Energy for power irrigation',\"v\":3.0477650648607733e-06}]"}, {"source": 19, "prod": 0, "target": 11, "value": 3.8097063310759665e-06, "supply": "[{\"l\":'Energy for power irrigation',\"v\":3.8097063310759665e-06}]"}, {"source": 19, "prod": 0, "target": 0, "value": 0.00011505313119849419, "supply": "[{\"l\":'Energy for power irrigation',\"v\":0.00011505313119849419}]"}, {"source": 19, "prod": 0, "target": 14, "value": 0.00091264697792280288, "supply": "[{\"l\":'Electricity',\"v\":0.00091264697792280288}]"}, {"source": 20, "prod": 0, "target": 19, "value": 0.00090783602216888703, "supply": [{"l": "Coal", "v": 6.3201122006856231e-05}, {"l": "Natural gas", "v": 0.00011777300179515258}, {"l": "Oil", "v": 0.00072686189836687815}]}, {"source": 21, "prod": 0, "target": 19, "value": 0.00084051249359162045, "supply": [{"l": "Nuclear", "v": 0.0}, {"l": "Hydroelectric", "v": 0.00083564421629192293}, {"l": "Renewable", "v": 4.8682772996975557e-06}]}, {"source": 20, "prod": 0, "target": 13, "value": 0.0064745384307947429, "supply": [{"l": "Other fossil fuels", "v": 0.0064745384307947429}]}, {"source": 20, "prod": 0, "target": 5, "value": 0.00040131876724921209, "supply": [{"l": "Other fossil fuels", "v": 0.00040131876724921209}]}, {"source": 20, "prod": 0, "target": 2, "value": 0.00043780229154459505, "supply": [{"l": "Other fossil fuels", "v": 0.00043780229154459505}]}, {"source": 20, "prod": 0, "target": 8, "value": 0.00014593409718153166, "supply": [{"l": "Other fossil fuels", "v": 0.00014593409718153166}]}, {"source": 20, "prod": 0, "target": 11, "value": 0.00018241762147691457, "supply": [{"l": "Other fossil fuels", "v": 0.00018241762147691457}]}, {"source": 20, "prod": 0, "target": 0, "value": 0.0055090121686028207, "supply": [{"l": "Other fossil fuels", "v": 0.0055090121686028207}]}, {"source": 22, "prod": 0.15297578178640658, "target": 13, "value": 0.00078941842248030731, "supply": [{"l": "Potash", "v": 5.2590191670879814e-05}, {"l": "Phosphate", "v": 0.001123212890824798}, {"l": "Nitrogen", "v": 0.00042765641336217413}]}, {"source": 22, "prod": 0.0094820739457668717, "target": 5, "value": 4.8931430640180277e-05, "supply": [{"l": "Potash", "v": 5.2590191670879814e-05}, {"l": "Phosphate", "v": 0.001123212890824798}, {"l": "Nitrogen", "v": 0.00042765641336217413}]}, {"source": 22, "prod": 0.010344080668109316, "target": 2, "value": 5.3379742516560307e-05, "supply": [{"l": "Potash", "v": 5.2590191670879814e-05}, {"l": "Phosphate", "v": 0.001123212890824798}, {"l": "Nitrogen", "v": 0.00042765641336217413}]}, {"source": 22, "prod": 0.0034480268893697713, "target": 8, "value": 1.7793247505520101e-05, "supply": [{"l": "Potash", "v": 5.2590191670879814e-05}, {"l": "Phosphate", "v": 0.001123212890824798}, {"l": "Nitrogen", "v": 0.00042765641336217413}]}, {"source": 22, "prod": 0.0043100336117122143, "target": 11, "value": 2.2241559381900127e-05, "supply": [{"l": "Potash", "v": 5.2590191670879814e-05}, {"l": "Phosphate", "v": 0.001123212890824798}, {"l": "Nitrogen", "v": 0.00042765641336217413}]}, {"source": 22, "prod": 0.13016301507370889, "target": 0, "value": 0.00067169509333338381, "supply": [{"l": "Potash", "v": 5.2590191670879814e-05}, {"l": "Phosphate", "v": 0.001123212890824798}, {"l": "Nitrogen", "v": 0.00042765641336217413}]}, {"source": 20, "prod": 0, "target": 22, "value": 0.0018889928895436934, "supply": [{"l": "Natural gas (including LNG)", "v": 0.0013522491392704162}, {"l": "Fuel oil", "v": 0.00046114641869428059}, {"l": "Liquefied petroleum gas (LPG)", "v": 3.7798665789498267e-05}, {"l": "Coal", "v": 3.7798665789498267e-05}]}, {"source": 23, "prod": 0, "target": 5, "value": 0.0025603285979952464, "supply": "[{\"l\":'Labor',\"v\":0.0025603285979952464}]"}, {"source": 23, "prod": 0, "target": 2, "value": 0.002793085743267542, "supply": "[{\"l\":'Labor',\"v\":0.002793085743267542}]"}, {"source": 23, "prod": 0, "target": 8, "value": 0.00093102858108918055, "supply": "[{\"l\":'Labor',\"v\":0.00093102858108918055}]"}, {"source": 23, "prod": 0, "target": 0, "value": 0.035146328936116564, "supply": "[{\"l\":'Labor',\"v\":0.035146328936116564}]"}, {"source": 23, "prod": 0, "target": 11, "value": 0.0011637857263614756, "supply": "[{\"l\":'Labor',\"v\":0.0011637857263614756}]"}, {"source": 23, "prod": 0, "target": 13, "value": 0.041306181659052713, "supply": "[{\"l\":'Labor',\"v\":0.041306181659052713}]"}, {"source": 20, "prod": 0, "target": 16, "value": 0.0030983053989441811, "supply": "[{\"l\":'Fossil Fuels',\"v\":0.0030983053989441811}]"}, {"source": 21, "prod": 0, "target": 16, "value": 0.017987825910409507, "supply": "[{\"l\":'Renewables & Nuclear',\"v\":0.00022098137483651806},{\"l\":'Biomass & Waste',\"v\":0.017766844535572989}]"}]}