{"nodes": [{"layer": 13, "name": "Milk - Excluding Butter"}, {"layer": 10, "name": "Feed", "fill": "#dbdb8d"}, {"layer": 5, "name": "Cereals - Excluding Beer"}, {"layer": 5, "name": "Pulses"}, {"layer": 16, "name": "Food", "fill": "#b5cf6b"}, {"layer": 13, "name": "Meat"}, {"layer": 5, "name": "Treenuts"}, {"layer": 5, "name": "Vegetables"}, {"layer": 5, "name": "Others"}, {"layer": 5, "name": "Sugar Crops", "fill": "#ffbb78"}, {"layer": 13, "name": "Animal Fats"}, {"layer": 5, "name": "Starchy Roots"}, {"layer": 13, "name": "Aquatic Products, Other"}, {"layer": 13, "name": "Fish, Seafood"}, {"layer": 13, "name": "Sugar & Sweeteners"}, {"layer": 13, "name": "Vegetable Oils", "fill": "#f7b6d2"}, {"layer": 5, "name": "Spices"}, {"layer": 5, "name": "Stimulants"}, {"layer": 13, "name": "Eggs"}, {"layer": 5, "name": "Fruits - Excluding Wine"}, {"layer": 5, "name": "Oilcrops", "fill": "#ff9896"}, {"layer": 10, "name": "Processing", "fill": "#9edae5"}, {"layer": 16, "name": "Biofuels & Other", "fill": "#e7ba52"}, {"name": "Waste", "fill": "#c7c7c7"}, {"layer": 2, "name": "Import", "fill": "#aec7e8"}, {"layer": 16, "name": "Export", "fill": "#aec7e8"}, {"layer": 16, "name": "Stock Deposit", "fill": "#c7c7c7"}, {"layer": 0, "name": "Stock Draw", "fill": "#c7c7c7"}, {"name": "Crop Residue", "fill": "#bd9e39"}, {"layer": 2, "name": "Electricity", "fill": "#bcbd22"}, {"layer": 0, "name": "Fossil Fuels", "fill": "#c49c94"}, {"layer": 0, "name": "Renewables & Nuclear", "fill": "#2ca02c"}, {"layer": 2, "name": "Fertilizers", "fill": "#c5b0d5"}, {"layer": 0, "name": "Labor", "fill": "#7f7f7f"}], "links": [{"source": 0, "prod": 298.0, "target": 1, "value": 0.2099609899166639, "supply": [{"l": "Milk - Excluding Butter", "v": 0.2099609899166639}]}, {"source": 2, "prod": 292.0, "target": 1, "value": 1.2367260681134733, "supply": [{"l": "Rice", "v": 1.2261135264670984}, {"l": "Barley", "v": 0.010612541646375}]}, {"source": 3, "prod": 2.0, "target": 1, "value": 0.007902417645988067, "supply": [{"l": "Pulses, Other", "v": 0.007902417645988067}]}, {"source": 0, "prod": 1077.0, "target": 4, "value": 0.75881874543707051, "supply": [{"l": "Milk - Excluding Butter", "v": 0.75881874543707051}]}, {"source": 5, "prod": 267.0, "target": 4, "value": 0.50357389712517198, "supply": [{"l": "Meat, Other", "v": 0.01355077217606673}, {"l": "Mutton & Goat Meat", "v": 0.07572191877413513}, {"l": "Poultry Meat", "v": 0.11300114767126057}, {"l": "Offals, Edible", "v": 0.037396575325321431}, {"l": "Bovine Meat", "v": 0.26390348317838813}]}, {"source": 6, "prod": 22.0, "target": 4, "value": 0.074712293190479992, "supply": [{"l": "Treenuts", "v": 0.074712293190479992}]}, {"source": 7, "prod": 1068.0, "target": 4, "value": 0.35576976184203069, "supply": [{"l": "Tomatoes", "v": 0.01444299097148425}, {"l": "Vegetables, Other", "v": 0.26542249949250002}, {"l": "Onions", "v": 0.075904271378046367}]}, {"source": 8, "prod": 22.0, "target": 4, "value": 0.074712293190479992, "supply": [{"l": "Nuts", "v": 0.074712293190479992}]}, {"source": 9, "prod": 326.0, "target": 4, "value": 0.11374318608388766, "supply": [{"l": "Sugar cane", "v": 0.11374318608388766}]}, {"source": 10, "prod": 24.0, "target": 4, "value": 0.2641964315123882, "supply": [{"l": "Fats, Animals, Raw", "v": 0.074287791524625002}, {"l": "Butter, Ghee", "v": 0.18990863998776319}]}, {"source": 11, "prod": 1560.0, "target": 4, "value": 1.4522970468732366, "supply": [{"l": "Roots, Other", "v": 0.009589833796401874}, {"l": "Potatoes", "v": 0.72152736348083346}, {"l": "Sweet potatoes", "v": 0.72117984959600134}]}, {"source": 3, "prod": 488.0, "target": 4, "value": 1.9385224217785586, "supply": [{"l": "Peas", "v": 0.11541139040432814}, {"l": "Beans", "v": 0.34140772275146808}, {"l": "Pulses, Other", "v": 1.4817033086227624}]}, {"source": 12, "prod": 6.0, "target": 4, "value": 0.0053062708231875, "supply": [{"l": "Aquatic Products, Other", "v": 0.00265313541159375}, {"l": "Aquatic Animals, Others", "v": 0.00265313541159375}]}, {"source": 13, "prod": 1416.0, "target": 4, "value": 1.1407870881347044, "supply": [{"l": "Pelagic Fish", "v": 0.03773348140933333}, {"l": "Crustaceans", "v": 0.0028300111056999999}, {"l": "Marine Fish, Other", "v": 0.038028274232843752}, {"l": "Demersal Fish", "v": 0.03773348140933333}, {"l": "Freshwater Fish", "v": 0.4552436971264715}, {"l": "Fish, Seafood", "v": 0.56921814285102268}]}, {"source": 14, "prod": 774.0, "target": 4, "value": 2.9852856153432876, "supply": [{"l": "Sugar", "v": 0.78408442460756544}, {"l": "Sugar non-centrifugal", "v": 1.860677028343342}, {"l": "Sweeteners, Other", "v": 0.34052416239238048}]}, {"source": 2, "prod": 15700.0, "target": 4, "value": 64.899531128975724, "supply": [{"l": "Maize", "v": 0.0034907625973392069}, {"l": "Barley", "v": 0.037143895762312501}, {"l": "Rice", "v": 55.559854659669455}, {"l": "Wheat", "v": 8.8048954798533785}, {"l": "Sorghum", "v": 0.0036110727719234409}, {"l": "Millet", "v": 0.49053525832133332}]}, {"source": 15, "prod": 268.0, "target": 4, "value": 2.8265077095432125, "supply": [{"l": "Ricebran Oil", "v": 0.01055783782345554}, {"l": "Groundnut Oil", "v": 0.072771714146571437}, {"l": "Soyabean Oil", "v": 0.45846179912340007}, {"l": "Palm Oil", "v": 0.6814972689672163}, {"l": "Coconut Oil", "v": 0.34074863448360815}, {"l": "Rape and Mustard Oil", "v": 0.91377265804663932}, {"l": "Sesameseed Oil", "v": 0.23347591622024999}, {"l": "Oilcrops Oil, Other", "v": 0.072771714146571437}, {"l": "Cottonseed Oil", "v": 0.0424501665855}]}, {"source": 16, "prod": 116.0, "target": 4, "value": 0.41354577727300701, "supply": [{"l": "Pimento", "v": 0.14982411736058823}, {"l": "Spices, Other", "v": 0.26372165991241875}]}, {"source": 17, "prod": 10.0, "target": 4, "value": 0.0339601332684, "supply": [{"l": "Tea", "v": 0.0339601332684}]}, {"source": 18, "prod": 59.0, "target": 4, "value": 0.11384362857020455, "supply": [{"l": "Eggs", "v": 0.11384362857020455}]}, {"source": 19, "prod": 1209.0, "target": 4, "value": 0.73442997414802302, "supply": [{"l": "Grapes", "v": 0.00079843573515047024}, {"l": "Dates", "v": 0.0018063900674680853}, {"l": "Apples", "v": 0.00050804720647539892}, {"l": "Lemons, Limes", "v": 0.0025318190806461233}, {"l": "Pineapples", "v": 0.037836018043597826}, {"l": "Bananas", "v": 0.45538588130895741}, {"l": "Fruits, Other", "v": 0.22786371725815113}, {"l": "Grapefruit", "v": 0.0025318190806461233}, {"l": "Oranges, Mandarines", "v": 0.0051678463669304342}]}, {"source": 20, "prod": 6.0, "target": 4, "value": 0.018919200361045083, "supply": [{"l": "Coconuts - Incl Copra", "v": 0.0064075723147924537}, {"l": "Groundnuts", "v": 0.012511628046252631}]}, {"source": 14, "prod": 338.0, "target": 21, "value": 0.93574932429776081, "supply": [{"l": "Sweeteners, Other", "v": 0.93574932429776081}]}, {"source": 9, "prod": 6796.0, "target": 21, "value": 2.3711616338223949, "supply": [{"l": "Sugar cane", "v": 2.3711616338223949}]}, {"source": 20, "prod": 494.51351351351354, "target": 21, "value": 1.3499553931163786, "supply": [{"l": "Rape and Mustardseed", "v": 0.28706888833999999}, {"l": "Groundnuts", "v": 0.081325582300642102}, {"l": "Cottonseed", "v": 0.017433333299999999}, {"l": "Oilcrops, Other", "v": 0.20163829128112501}, {"l": "Coconuts - Incl Copra", "v": 0.11854008782366039}, {"l": "Sesame seed", "v": 0.41678345374854553}, {"l": "Oil Palm", "v": 0.22716575632240543}]}, {"source": 15, "prod": 67.0, "target": 22, "value": 0.73884924692705467, "supply": [{"l": "Palm Oil", "v": 0.24781718871535138}, {"l": "Coconut Oil", "v": 0.041302864785891895}, {"l": "Oilcrops Oil, Other", "v": 0.32747271365957148}, {"l": "Soyabean Oil", "v": 0.12225647976624002}]}, {"source": 10, "prod": 19.0, "target": 22, "value": 0.20163829128112501, "supply": [{"l": "Fats, Animals, Raw", "v": 0.20163829128112501}]}, {"source": 11, "prod": 110.0, "target": 11, "value": 0.087409702624330066, "supply": [{"l": "Potatoes", "v": 0.087409702624330066}]}, {"source": 2, "prod": 739.0, "target": 2, "value": 3.0930913585366628, "supply": [{"l": "Wheat", "v": 0.1920409302190243}, {"l": "Millet", "v": 0.012263381458033335}, {"l": "Barley", "v": 0.0053062708231875}, {"l": "Rice", "v": 2.8834807760364178}]}, {"source": 18, "prod": 8.0, "target": 18, "value": 0.015436424212909092, "supply": [{"l": "Eggs", "v": 0.015436424212909092}]}, {"source": 3, "prod": 18.0, "target": 3, "value": 0.071687602957938398, "supply": [{"l": "Beans", "v": 0.020321888259015958}, {"l": "Pulses, Other", "v": 0.051365714698922441}]}, {"source": 20, "prod": 12.0, "target": 20, "value": 0.044071529142208493, "supply": [{"l": "Cottonseed", "v": 0.0011622222200000001}, {"l": "Sesame seed", "v": 0.007718212106454546}, {"l": "Rape and Mustardseed", "v": 0.0058111111000000003}, {"l": "Groundnuts", "v": 0.018767442069378949}, {"l": "Oilcrops, Other", "v": 0.010612541646375}]}, {"source": 0, "prod": 79.0, "target": 23, "value": 0.055660799340323655, "supply": [{"l": "Milk - Excluding Butter", "v": 0.055660799340323655}]}, {"source": 20, "prod": 12.0, "target": 23, "value": 0.025526046847038273, "supply": [{"l": "Coconuts - Incl Copra", "v": 0.0032037861573962268}, {"l": "Sesame seed", "v": 0.007718212106454546}, {"l": "Rape and Mustardseed", "v": 0.0092977777600000006}, {"l": "Oilcrops, Other", "v": 0.0053062708231875}]}, {"source": 6, "prod": 1.0, "target": 23, "value": 0.0033960133268400002, "supply": [{"l": "Treenuts", "v": 0.0033960133268400002}]}, {"source": 18, "prod": 7.0, "target": 23, "value": 0.013506871186295457, "supply": [{"l": "Eggs", "v": 0.013506871186295457}]}, {"source": 9, "prod": 236.0, "target": 23, "value": 0.082341692993243842, "supply": [{"l": "Sugar cane", "v": 0.082341692993243842}]}, {"source": 11, "prod": 184.0, "target": 23, "value": 0.16955025363819623, "supply": [{"l": "Potatoes", "v": 0.089793603604993597}, {"l": "Sweet potatoes", "v": 0.079756650033202633}]}, {"source": 3, "prod": 26.0, "target": 23, "value": 0.10329727354189065, "supply": [{"l": "Beans", "v": 0.020321888259015958}, {"l": "Pulses, Other", "v": 0.082975385282874695}]}, {"source": 8, "prod": 1.0, "target": 23, "value": 0.0033960133268400002, "supply": [{"l": "Nuts", "v": 0.0033960133268400002}]}, {"source": 19, "prod": 132.0, "target": 23, "value": 0.080212718274640049, "supply": [{"l": "Fruits, Other", "v": 0.025318190806461232}, {"l": "Pineapples", "v": 0.004306538639108696}, {"l": "Bananas", "v": 0.050264998431136972}, {"l": "Oranges, Mandarines", "v": 0.00032299039793315214}]}, {"source": 2, "prod": 538.0, "target": 23, "value": 2.2140647658510142, "supply": [{"l": "Barley", "v": 0.0053062708231875}, {"l": "Rice", "v": 1.8391702897006477}, {"l": "Wheat", "v": 0.36958820532717884}]}, {"source": 16, "prod": 1.0, "target": 23, "value": 0.0033294248302352942, "supply": [{"l": "Pimento", "v": 0.0033294248302352942}]}, {"source": 17, "prod": 1.0, "target": 23, "value": 0.0033960133268400002, "supply": [{"l": "Tea", "v": 0.0033960133268400002}]}, {"source": 7, "prod": 108.0, "target": 23, "value": 0.034218387087526579, "supply": [{"l": "Vegetables, Other", "v": 0.028677833278500001}, {"l": "Tomatoes", "v": 0.0016047767746093611}, {"l": "Onions", "v": 0.0039357770344172179}]}, {"source": 24, "prod": 240.0, "target": 1, "value": 0.16909609926174277, "supply": [{"l": "Milk - Excluding Butter", "v": 0.16909609926174277}]}, {"source": 24, "prod": 1833.0, "target": 2, "value": 6.8361253609696861, "supply": [{"l": "Barley", "v": 0.010612541646375}, {"l": "Rice", "v": 1.33604094608139}, {"l": "Wheat", "v": 5.4894718732419214}]}, {"source": 24, "prod": 249.0, "target": 21, "value": 2.6149605513595211, "supply": [{"l": "Coconut Oil", "v": 0.28912005350124326}, {"l": "Sugar", "v": 0.020313067995014648}, {"l": "Oilcrops Oil, Other", "v": 0.54578785609928582}, {"l": "Rape and Mustard Oil", "v": 0.13654074200696908}, {"l": "Butter, Ghee", "v": 0.022342192939736844}, {"l": "Fats, Animals, Raw", "v": 0.20163829128112501}, {"l": "Sweeteners, Other", "v": 0.0027684891251413047}, {"l": "Soyabean Oil", "v": 0.58071827888964012}, {"l": "Palm Oil", "v": 0.81573157952136499}]}, {"source": 24, "prod": 2.0, "target": 7, "value": 0.0011245077241192052, "supply": [{"l": "Onions", "v": 0.0011245077241192052}]}, {"source": 24, "prod": 17.0, "target": 19, "value": 0.0091017259257266652, "supply": [{"l": "Dates", "v": 0.0018063900674680853}, {"l": "Oranges, Mandarines", "v": 0.001937942387598913}, {"l": "Fruits, Other", "v": 0.0040509105290337973}, {"l": "Grapes", "v": 0.00079843573515047024}, {"l": "Apples", "v": 0.00050804720647539892}]}, {"source": 24, "prod": 22.0, "target": 20, "value": 0.025568888840000002, "supply": [{"l": "Rape and Mustardseed", "v": 0.025568888840000002}]}, {"source": 24, "prod": 2.0, "target": 16, "value": 0.0074287791524625, "supply": [{"l": "Spices, Other", "v": 0.0074287791524625}]}, {"source": 24, "prod": 10.0, "target": 11, "value": 0.009589833796401874, "supply": [{"l": "Roots, Other", "v": 0.009589833796401874}]}, {"source": 19, "prod": 1.0, "target": 25, "value": 0.00050636381612922466, "supply": [{"l": "Fruits, Other", "v": 0.00050636381612922466}]}, {"source": 7, "prod": 1.0, "target": 25, "value": 0.00030508333275000002, "supply": [{"l": "Vegetables, Other", "v": 0.00030508333275000002}]}, {"source": 17, "prod": 31.0, "target": 25, "value": 0.10527641313203999, "supply": [{"l": "Tea", "v": 0.10527641313203999}]}, {"source": 5, "prod": 3.0, "target": 25, "value": 0.0058074737897428844, "supply": [{"l": "Meat, Other", "v": 0.0058074737897428844}]}, {"source": 13, "prod": 32.0, "target": 25, "value": 0.02319322737989591, "supply": [{"l": "Marine Fish, Other", "v": 0.0035375138821250002}, {"l": "Fish, Seafood", "v": 0.012863686844090909}, {"l": "Crustaceans", "v": 0.0067920266536800012}]}, {"source": 2, "prod": 308.0, "target": 26, "value": 1.2864984632679699, "supply": [{"l": "Rice", "v": 1.1922897050473165}, {"l": "Wheat", "v": 0.09420875822065343}]}, {"source": 27, "prod": 11.0, "target": 21, "value": 0.1135828781612027, "supply": [{"l": "Palm Oil", "v": 0.1135828781612027}]}, {"source": 15, "prod": 25.0, "target": 26, "value": 0.30321547561071432, "supply": [{"l": "Oilcrops Oil, Other", "v": 0.30321547561071432}]}, {"source": 14, "prod": 5.0, "target": 26, "value": 0.020313067995014648, "supply": [{"l": "Sugar", "v": 0.020313067995014648}]}, {"source": 1, "prod": 1454.0, "target": 0, "value": 1.0244405346940582, "supply": [{"l": "Milk - Excluding Butter", "v": 1.0244405346940582}]}, {"source": 1, "prod": 66.0, "target": 18, "value": 0.12735049975650001, "supply": [{"l": "Eggs", "v": 0.14278692396940909}]}, {"source": 1, "prod": 270.0, "target": 5, "value": 0.50938137091491487, "supply": [{"l": "Poultry Meat", "v": 0.11300114767126057}, {"l": "Bovine Meat", "v": 0.26390348317838813}, {"l": "Meat, Other", "v": 0.019358245965809616}, {"l": "Offals, Edible", "v": 0.037396575325321431}, {"l": "Mutton & Goat Meat", "v": 0.07572191877413513}]}, {"source": 1, "prod": 1448.0, "target": 13, "value": 1.1639803155146002, "supply": [{"l": "Pelagic Fish", "v": 0.03773348140933333}, {"l": "Crustaceans", "v": 0.0096220377593800015}, {"l": "Freshwater Fish", "v": 0.4552436971264715}, {"l": "Demersal Fish", "v": 0.03773348140933333}, {"l": "Fish, Seafood", "v": 0.58208182969511357}, {"l": "Marine Fish, Other", "v": 0.041565788114968749}]}, {"source": 1, "prod": 6.0, "target": 12, "value": 0.0053062708231875, "supply": [{"l": "Aquatic Products, Other", "v": 0.00265313541159375}, {"l": "Aquatic Animals, Others", "v": 0.00265313541159375}]}, {"source": 21, "prod": 1117.0, "target": 14, "value": 3.941348007636063, "supply": [{"l": "Sweeteners, Other", "v": 1.2762734866901413}, {"l": "Sugar non-centrifugal", "v": 1.860677028343342}, {"l": "Sugar", "v": 0.80439749260258009}]}, {"source": 21, "prod": 360.0, "target": 15, "value": 3.8685724320809811, "supply": [{"l": "Ricebran Oil", "v": 0.01055783782345554}, {"l": "Sesameseed Oil", "v": 0.23347591622024999}, {"l": "Soyabean Oil", "v": 0.58071827888964012}, {"l": "Coconut Oil", "v": 0.38205149926950005}, {"l": "Rape and Mustard Oil", "v": 0.91377265804663932}, {"l": "Cottonseed Oil", "v": 0.0424501665855}, {"l": "Groundnut Oil", "v": 0.072771714146571437}, {"l": "Palm Oil", "v": 0.92931445768256771}, {"l": "Oilcrops Oil, Other", "v": 0.70345990341685716}]}, {"source": 21, "prod": 43.0, "target": 10, "value": 0.46583472279351323, "supply": [{"l": "Fats, Animals, Raw", "v": 0.27592608280575004}, {"l": "Butter, Ghee", "v": 0.18990863998776319}]}, {"source": 20, "prod": 460.0, "target": 28, "value": 1.2015801282381431, "supply": [{"l": "Coconuts - Incl Copra", "v": 0.12735049975650001}, {"l": "Sesame seed", "v": 0.43607898401468193}, {"l": "Rape and Mustardseed", "v": 0.28939333278000001}, {"l": "Oilcrops, Other", "v": 0.21755710375068751}, {"l": "Cottonseed", "v": 0.018595555520000001}, {"l": "Groundnuts", "v": 0.11260465241627368}]}, {"source": 7, "prod": 1176.5, "target": 28, "value": 3.134637552349286, "supply": [{"l": "Tomatoes", "v": 0.074582028060216007}, {"l": "Vegetables, Other", "v": 3.3663766602300003}, {"l": "Onions", "v": 0.49161999906000015}]}, {"source": 9, "prod": 2943.2000000000003, "target": 28, "value": 10.261957313712003, "supply": [{"l": "Sugar cane", "v": 10.261957313712003}]}, {"source": 11, "prod": 924.75, "target": 28, "value": 3.0995581360238771, "supply": [{"l": "Roots, Other", "v": 0.0087166666500000014}, {"l": "Sweet potatoes", "v": 1.2438683309550003}, {"l": "Potatoes", "v": 1.97170999623}]}, {"source": 3, "prod": 533.5, "target": 28, "value": 1.8568621921536517, "supply": [{"l": "Peas", "v": 0.10111333314000001}, {"l": "Beans", "v": 0.32774666604000002}, {"l": "Pulses, Other", "v": 1.4312766639299999}]}, {"source": 2, "prod": 33321.0, "target": 28, "value": 116.24579509606181, "supply": [{"l": "Maize", "v": 0.0058544781182484525}, {"l": "Barley", "v": 0.069733333199999997}, {"l": "Rice", "v": 102.3162331377}, {"l": "Wheat", "v": 12.921586641960001}, {"l": "Sorghum", "v": 0.0060562544536093658}, {"l": "Millet", "v": 0.85771999836000001}]}, {"source": 29, "prod": 0, "target": 20, "value": 0.025687239543207833, "supply": "[{\"l\":'Energy for power irrigation',\"v\":0.025687239543207833}]"}, {"source": 29, "prod": 0, "target": 6, "value": 0.0011505179395405192, "supply": "[{\"l\":'Energy for power irrigation',\"v\":0.0011505179395405192}]"}, {"source": 29, "prod": 0, "target": 7, "value": 0.058851493733453067, "supply": "[{\"l\":'Energy for power irrigation',\"v\":0.058851493733453067}]"}, {"source": 29, "prod": 0, "target": 9, "value": 0.36806569561474517, "supply": "[{\"l\":'Energy for power irrigation',\"v\":0.36806569561474517}]"}, {"source": 29, "prod": 0, "target": 11, "value": 0.092516649094790862, "supply": "[{\"l\":'Energy for power irrigation',\"v\":0.092516649094790862}]"}, {"source": 29, "prod": 0, "target": 3, "value": 0.026687013945428995, "supply": "[{\"l\":'Energy for power irrigation',\"v\":0.026687013945428995}]"}, {"source": 29, "prod": 0, "target": 8, "value": 0.0011505179395405192, "supply": "[{\"l\":'Energy for power irrigation',\"v\":0.0011505179395405192}]"}, {"source": 29, "prod": 0, "target": 19, "value": 0.066755051752905345, "supply": "[{\"l\":'Energy for power irrigation',\"v\":0.066755051752905345}]"}, {"source": 29, "prod": 0, "target": 2, "value": 0.83340017963977475, "supply": "[{\"l\":'Energy for power irrigation',\"v\":0.83340017963977475}]"}, {"source": 29, "prod": 0, "target": 16, "value": 0.0058026122168130531, "supply": "[{\"l\":'Energy for power irrigation',\"v\":0.0058026122168130531}]"}, {"source": 29, "prod": 0, "target": 17, "value": 0.0021009458026392085, "supply": "[{\"l\":'Energy for power irrigation',\"v\":0.0021009458026392085}]"}, {"source": 29, "prod": 0, "target": 21, "value": 0.063000000050400004, "supply": "[{\"l\":'Electricity',\"v\":0.063000000050400004}]"}, {"source": 30, "prod": 0, "target": 29, "value": 2.8567825563738518, "supply": [{"l": "Coal", "v": 0.0}, {"l": "Natural gas", "v": 2.1082074849182519}, {"l": "Oil", "v": 0.74857507145559976}]}, {"source": 31, "prod": 0, "target": 29, "value": 0.29796130534077653, "supply": [{"l": "Nuclear", "v": 0.0}, {"l": "Hydroelectric", "v": 0.29796130534077653}, {"l": "Renewable", "v": 0.0}]}, {"source": 30, "prod": 0, "target": 20, "value": 0.02841319784944845, "supply": [{"l": "Gas-Diesel oil", "v": 0.024219872035561096}, {"l": "Natural gas (including LNG)", "v": 0.0034629618931120948}, {"l": "Other fossil fuels", "v": 0.00073036392077526185}]}, {"source": 30, "prod": 0, "target": 6, "value": 0.0012726121773621384, "supply": [{"l": "Gas-Diesel oil", "v": 0.00108479532117171}, {"l": "Natural gas (including LNG)", "v": 0.00015510424058096803}, {"l": "Other fossil fuels", "v": 3.2712615609460409e-05}]}, {"source": 30, "prod": 0, "target": 7, "value": 0.065096879420285025, "supply": [{"l": "Gas-Diesel oil", "v": 0.055489638928631159}, {"l": "Natural gas (including LNG)", "v": 0.0079339190888482111}, {"l": "Other fossil fuels", "v": 0.0016733214028056595}]}, {"source": 30, "prod": 0, "target": 9, "value": 0.40712523482741797, "supply": [{"l": "Gas-Diesel oil", "v": 0.3470401727470192}, {"l": "Natural gas (including LNG)", "v": 0.049619869660641851}, {"l": "Other fossil fuels", "v": 0.010465192419756943}]}, {"source": 30, "prod": 0, "target": 11, "value": 0.10233461834918586, "supply": [{"l": "Gas-Diesel oil", "v": 0.087231693326394674}, {"l": "Natural gas (including LNG)", "v": 0.012472404041500015}, {"l": "Other fossil fuels", "v": 0.002630520981291175}]}, {"source": 30, "prod": 0, "target": 3, "value": 0.029519069418378292, "supply": [{"l": "Gas-Diesel oil", "v": 0.02516253494978727}, {"l": "Natural gas (including LNG)", "v": 0.0035977440152150622}, {"l": "Other fossil fuels", "v": 0.00075879045337596206}]}, {"source": 30, "prod": 0, "target": 8, "value": 0.0012726121773621384, "supply": [{"l": "Gas-Diesel oil", "v": 0.00108479532117171}, {"l": "Natural gas (including LNG)", "v": 0.00015510424058096803}, {"l": "Other fossil fuels", "v": 3.2712615609460409e-05}]}, {"source": 30, "prod": 0, "target": 19, "value": 0.073839171769120596, "supply": [{"l": "Gas-Diesel oil", "v": 0.062941711134941181}, {"l": "Natural gas (including LNG)", "v": 0.0089994177850131231}, {"l": "Other fossil fuels", "v": 0.0018980428491663008}]}, {"source": 30, "prod": 0, "target": 2, "value": 0.92184152960616983, "supply": [{"l": "Gas-Diesel oil", "v": 0.78579271514701199}, {"l": "Natural gas (including LNG)", "v": 0.11235279131300947}, {"l": "Other fossil fuels", "v": 0.023696023146148486}]}, {"source": 30, "prod": 0, "target": 16, "value": 0.0064183918510438281, "supply": [{"l": "Gas-Diesel oil", "v": 0.0054711416198225376}, {"l": "Natural gas (including LNG)", "v": 0.00078226486553879522}, {"l": "Other fossil fuels", "v": 0.00016498536568249598}]}, {"source": 30, "prod": 0, "target": 17, "value": 0.0023239004977917309, "supply": [{"l": "Gas-Diesel oil", "v": 0.0019809305864874702}, {"l": "Natural gas (including LNG)", "v": 0.0002832338306261155}, {"l": "Other fossil fuels", "v": 5.9736080678145092e-05}]}, {"source": 32, "prod": 9.4180727084160942, "target": 20, "value": 0.12307793452792676, "supply": [{"l": "Potash", "v": 0.096915000077531996}, {"l": "Phosphate", "v": 0.67627916720768999}, {"l": "Nitrogen", "v": 6.3284706717294421}]}, {"source": 32, "prod": 0.42183051972958396, "target": 6, "value": 0.0055125959096455606, "supply": [{"l": "Potash", "v": 0.096915000077531996}, {"l": "Phosphate", "v": 0.67627916720768999}, {"l": "Nitrogen", "v": 6.3284706717294421}]}, {"source": 32, "prod": 21.577548107037192, "target": 7, "value": 0.28198126468252183, "supply": [{"l": "Potash", "v": 0.096915000077531996}, {"l": "Phosphate", "v": 0.67627916720768999}, {"l": "Nitrogen", "v": 6.3284706717294421}]}, {"source": 32, "prod": 134.94908539870775, "target": 9, "value": 1.7635513349205232, "supply": [{"l": "Potash", "v": 0.096915000077531996}, {"l": "Phosphate", "v": 0.67627916720768999}, {"l": "Nitrogen", "v": 6.3284706717294421}]}, {"source": 32, "prod": 33.920675923472409, "target": 11, "value": 0.44328461456041152, "supply": [{"l": "Potash", "v": 0.096915000077531996}, {"l": "Phosphate", "v": 0.67627916720768999}, {"l": "Nitrogen", "v": 6.3284706717294421}]}, {"source": 32, "prod": 9.7846340119883912, "target": 3, "value": 0.12786825729547419, "supply": [{"l": "Potash", "v": 0.096915000077531996}, {"l": "Phosphate", "v": 0.67627916720768999}, {"l": "Nitrogen", "v": 6.3284706717294421}]}, {"source": 32, "prod": 0.42183051972958396, "target": 8, "value": 0.0055125959096455606, "supply": [{"l": "Potash", "v": 0.096915000077531996}, {"l": "Phosphate", "v": 0.67627916720768999}, {"l": "Nitrogen", "v": 6.3284706717294421}]}, {"source": 32, "prod": 24.475340373005643, "target": 19, "value": 0.31985040180095659, "supply": [{"l": "Potash", "v": 0.096915000077531996}, {"l": "Phosphate", "v": 0.67627916720768999}, {"l": "Nitrogen", "v": 6.3284706717294421}]}, {"source": 32, "prod": 305.56119017194493, "target": 2, "value": 3.993156702289125, "supply": [{"l": "Potash", "v": 0.096915000077531996}, {"l": "Phosphate", "v": 0.67627916720768999}, {"l": "Nitrogen", "v": 6.3284706717294421}]}, {"source": 32, "prod": 2.127493056027467, "target": 16, "value": 0.027802657631255872, "supply": [{"l": "Potash", "v": 0.096915000077531996}, {"l": "Phosphate", "v": 0.67627916720768999}, {"l": "Nitrogen", "v": 6.3284706717294421}]}, {"source": 32, "prod": 0.77029920994097933, "target": 17, "value": 0.010066479487178849, "supply": [{"l": "Potash", "v": 0.096915000077531996}, {"l": "Phosphate", "v": 0.67627916720768999}, {"l": "Nitrogen", "v": 6.3284706717294421}]}, {"source": 30, "prod": 0, "target": 32, "value": 8.4368494553844346, "supply": [{"l": "Natural gas (including LNG)", "v": 5.7517394992968169}, {"l": "Fuel oil", "v": 1.5664186870909698}, {"l": "Liquefied petroleum gas (LPG)", "v": 0.55934563449832386}, {"l": "Coal", "v": 0.55934563449832386}]}, {"source": 33, "prod": 0, "target": 11, "value": 0.94612797312591734, "supply": "[{\"l\":'Labor',\"v\":0.94612797312591734}]"}, {"source": 33, "prod": 0, "target": 6, "value": 0.011765852058337982, "supply": "[{\"l\":'Labor',\"v\":0.011765852058337982}]"}, {"source": 33, "prod": 0, "target": 7, "value": 0.60184891072324498, "supply": "[{\"l\":'Labor',\"v\":0.60184891072324498}]"}, {"source": 33, "prod": 0, "target": 9, "value": 3.7640495410978638, "supply": "[{\"l\":'Labor',\"v\":3.7640495410978638}]"}, {"source": 33, "prod": 0, "target": 3, "value": 0.27291661187492666, "supply": "[{\"l\":'Labor',\"v\":0.27291661187492666}]"}, {"source": 33, "prod": 0, "target": 8, "value": 0.011765852058337982, "supply": "[{\"l\":'Labor',\"v\":0.011765852058337982}]"}, {"source": 33, "prod": 0, "target": 2, "value": 8.5228251399104327, "supply": "[{\"l\":'Labor',\"v\":8.5228251399104327}]"}, {"source": 33, "prod": 0, "target": 16, "value": 0.059340819076835048, "supply": "[{\"l\":'Labor',\"v\":0.059340819076835048}]"}, {"source": 33, "prod": 0, "target": 17, "value": 0.021485468976095445, "supply": "[{\"l\":'Labor',\"v\":0.021485468976095445}]"}, {"source": 33, "prod": 0, "target": 19, "value": 0.68267519877617555, "supply": "[{\"l\":'Labor',\"v\":0.68267519877617555}]"}, {"source": 33, "prod": 0, "target": 20, "value": 0.26269234912858014, "supply": "[{\"l\":'Labor',\"v\":0.26269234912858014}]"}, {"source": 30, "prod": 0, "target": 24, "value": 1.1247138502409169, "supply": "[{\"l\":'Fossil Fuels',\"v\":1.1247138502409169}]"}, {"source": 31, "prod": 0, "target": 24, "value": 2.2448389032008618, "supply": "[{\"l\":'Renewables & Nuclear',\"v\":0.020684830308809951},{\"l\":'Biomass & Waste',\"v\":2.2241540728920519}]"}]}