{"nodes": [{"name": "Balance", "fill": "#9edae5"}, {"name": "Food", "fill": "#b5cf6b"}, {"name": "Stock Deposit", "fill": "#c7c7c7"}, {"name": "Export", "fill": "#aec7e8"}, {"name": "Biofuels & Other", "fill": "#e7ba52"}, {"name": "Renewables & Nuclear", "fill": "#2ca02c"}, {"name": "Fossil Fuels", "fill": "#c49c94"}, {"name": "Stock Draw", "fill": "#c7c7c7"}, {"name": "Labor", "fill": "#7f7f7f"}], "links": [{"source": 0, "target": 1, "value": 78.708462603474118}, {"source": 0, "target": 2, "value": 1.610027006873699}, {"source": 0, "target": 3, "value": 0.13508856145055803}, {"source": 0, "target": 4, "value": 0.94048753820817976}, {"source": 5, "target": 0, "value": 2.5428002085416384}, {"source": 6, "target": 0, "value": 14.05780307994277}, {"source": 7, "target": 0, "value": 0.1135828781612027}, {"source": 8, "target": 0, "value": 15.157493716806748}]}