{"nodes": [{"layer": 13, "name": "Milk - Excluding Butter"}, {"layer": 10, "name": "Feed", "fill": "#dbdb8d"}, {"layer": 5, "name": "Rice"}, {"layer": 5, "name": "Barley"}, {"layer": 5, "name": "Pulses, Other"}, {"layer": 5, "name": "Maize"}, {"layer": 16, "name": "Food", "fill": "#b5cf6b"}, {"layer": 13, "name": "Ricebran Oil"}, {"layer": 5, "name": "Vegetables, Other"}, {"layer": 5, "name": "Nuts"}, {"layer": 13, "name": "Sugar", "fill": "#d6616b"}, {"layer": 13, "name": "Oilcrops Oil, Other"}, {"layer": 13, "name": "Groundnut Oil"}, {"layer": 13, "name": "Butter, Ghee"}, {"layer": 5, "name": "Tomatoes"}, {"layer": 13, "name": "Fats, Animals, Raw"}, {"layer": 13, "name": "Sugar non-centrifugal"}, {"layer": 5, "name": "Wheat"}, {"layer": 13, "name": "Soyabean Oil"}, {"layer": 5, "name": "Coconuts - Incl Copra"}, {"layer": 5, "name": "Treenuts"}, {"layer": 13, "name": "Crustaceans"}, {"layer": 13, "name": "Eggs"}, {"layer": 5, "name": "Roots, Other"}, {"layer": 5, "name": "Peas"}, {"layer": 13, "name": "Marine Fish, Other"}, {"layer": 5, "name": "Grapes"}, {"layer": 5, "name": "Pimento"}, {"layer": 13, "name": "Palm Oil"}, {"layer": 5, "name": "Sugar cane"}, {"layer": 13, "name": "Coconut Oil"}, {"layer": 5, "name": "Dates"}, {"layer": 5, "name": "Potatoes"}, {"layer": 13, "name": "Freshwater Fish"}, {"layer": 5, "name": "Groundnuts"}, {"layer": 5, "name": "Grapefruit"}, {"layer": 13, "name": "Rape and Mustard Oil"}, {"layer": 13, "name": "Sesameseed Oil"}, {"layer": 5, "name": "Beans"}, {"layer": 5, "name": "Apples"}, {"layer": 13, "name": "Fish, Seafood"}, {"layer": 13, "name": "Meat, Other"}, {"layer": 5, "name": "Lemons, Limes"}, {"layer": 5, "name": "Sorghum"}, {"layer": 13, "name": "Mutton & Goat Meat"}, {"layer": 13, "name": "Sweeteners, Other"}, {"layer": 13, "name": "Pelagic Fish"}, {"layer": 5, "name": "Bananas"}, {"layer": 5, "name": "Spices, Other"}, {"layer": 5, "name": "Tea"}, {"layer": 5, "name": "Fruits, Other"}, {"layer": 13, "name": "Aquatic Animals, Others"}, {"layer": 5, "name": "Millet"}, {"layer": 13, "name": "Poultry Meat"}, {"layer": 13, "name": "Offals, Edible"}, {"layer": 5, "name": "Sweet potatoes"}, {"layer": 13, "name": "Demersal Fish"}, {"layer": 5, "name": "Oranges, Mandarines"}, {"layer": 13, "name": "Bovine Meat"}, {"layer": 13, "name": "Cottonseed Oil"}, {"layer": 5, "name": "Onions"}, {"layer": 5, "name": "Pineapples"}, {"layer": 13, "name": "Aquatic Products, Other"}, {"layer": 10, "name": "Processing", "fill": "#9edae5"}, {"layer": 5, "name": "Cottonseed"}, {"layer": 5, "name": "Sesame seed"}, {"layer": 5, "name": "Rape and Mustardseed"}, {"layer": 5, "name": "Oilcrops, Other"}, {"layer": 16, "name": "Biofuels & Other", "fill": "#e7ba52"}, {"name": "Waste", "fill": "#c7c7c7"}, {"layer": 2, "name": "Import", "fill": "#aec7e8"}, {"layer": 16, "name": "Export", "fill": "#aec7e8"}, {"layer": 0, "name": "Stock Draw", "fill": "#c7c7c7"}, {"layer": 16, "name": "Stock Deposit", "fill": "#c7c7c7"}, {"name": "Crop Residue", "fill": "#bd9e39"}, {"layer": 5, "name": "Oil Palm"}, {"layer": 2, "name": "Electricity", "fill": "#bcbd22"}, {"layer": 0, "name": "Fossil Fuels", "fill": "#c49c94"}, {"layer": 0, "name": "Renewables & Nuclear", "fill": "#2ca02c"}, {"layer": 2, "name": "Fertilizers", "fill": "#c5b0d5"}, {"layer": 0, "name": "Labor", "fill": "#7f7f7f"}], "links": [{"source": 0, "prod": 298.0, "target": 1, "value": 0.2099609899166639, "supply": [{"l": "Milk - Excluding Butter", "v": 0.2099609899166639}]}, {"source": 2, "prod": 290.0, "target": 1, "value": 1.2261135264670984, "supply": [{"l": "Rice", "v": 1.2261135264670984}]}, {"source": 3, "prod": 2.0, "target": 1, "value": 0.010612541646375, "supply": [{"l": "Barley", "v": 0.010612541646375}]}, {"source": 4, "prod": 2.0, "target": 1, "value": 0.007902417645988067, "supply": [{"l": "Pulses, Other", "v": 0.007902417645988067}]}, {"source": 5, "prod": 1.0, "target": 6, "value": 0.0034907625973392069, "supply": [{"l": "Maize", "v": 0.0034907625973392069}]}, {"source": 7, "prod": 1.0, "target": 6, "value": 0.01055783782345554, "supply": [{"l": "Ricebran Oil", "v": 0.01055783782345554}]}, {"source": 8, "prod": 870.0, "target": 6, "value": 0.26542249949250002, "supply": [{"l": "Vegetables, Other", "v": 0.26542249949250002}]}, {"source": 9, "prod": 22.0, "target": 6, "value": 0.074712293190479992, "supply": [{"l": "Nuts", "v": 0.074712293190479992}]}, {"source": 10, "prod": 193.0, "target": 6, "value": 0.78408442460756544, "supply": [{"l": "Sugar", "v": 0.78408442460756544}]}, {"source": 11, "prod": 6.0, "target": 6, "value": 0.072771714146571437, "supply": [{"l": "Oilcrops Oil, Other", "v": 0.072771714146571437}]}, {"source": 12, "prod": 6.0, "target": 6, "value": 0.072771714146571437, "supply": [{"l": "Groundnut Oil", "v": 0.072771714146571437}]}, {"source": 3, "prod": 7.0, "target": 6, "value": 0.037143895762312501, "supply": [{"l": "Barley", "v": 0.037143895762312501}]}, {"source": 2, "prod": 13141.0, "target": 6, "value": 55.559854659669455, "supply": [{"l": "Rice", "v": 55.559854659669455}]}, {"source": 13, "prod": 17.0, "target": 6, "value": 0.18990863998776319, "supply": [{"l": "Butter, Ghee", "v": 0.18990863998776319}]}, {"source": 14, "prod": 63.0, "target": 6, "value": 0.01444299097148425, "supply": [{"l": "Tomatoes", "v": 0.01444299097148425}]}, {"source": 15, "prod": 7.0, "target": 6, "value": 0.074287791524625002, "supply": [{"l": "Fats, Animals, Raw", "v": 0.074287791524625002}]}, {"source": 16, "prod": 458.0, "target": 6, "value": 1.860677028343342, "supply": [{"l": "Sugar non-centrifugal", "v": 1.860677028343342}]}, {"source": 17, "prod": 2430.0, "target": 6, "value": 8.8048954798533785, "supply": [{"l": "Wheat", "v": 8.8048954798533785}]}, {"source": 18, "prod": 45.0, "target": 6, "value": 0.45846179912340007, "supply": [{"l": "Soyabean Oil", "v": 0.45846179912340007}]}, {"source": 19, "prod": 4.0, "target": 6, "value": 0.0064075723147924537, "supply": [{"l": "Coconuts - Incl Copra", "v": 0.0064075723147924537}]}, {"source": 20, "prod": 22.0, "target": 6, "value": 0.074712293190479992, "supply": [{"l": "Treenuts", "v": 0.074712293190479992}]}, {"source": 21, "prod": 5.0, "target": 6, "value": 0.0028300111056999999, "supply": [{"l": "Crustaceans", "v": 0.0028300111056999999}]}, {"source": 22, "prod": 59.0, "target": 6, "value": 0.11384362857020455, "supply": [{"l": "Eggs", "v": 0.11384362857020455}]}, {"source": 23, "prod": 10.0, "target": 6, "value": 0.009589833796401874, "supply": [{"l": "Roots, Other", "v": 0.009589833796401874}]}, {"source": 24, "prod": 29.0, "target": 6, "value": 0.11541139040432814, "supply": [{"l": "Peas", "v": 0.11541139040432814}]}, {"source": 25, "prod": 43.0, "target": 6, "value": 0.038028274232843752, "supply": [{"l": "Marine Fish, Other", "v": 0.038028274232843752}]}, {"source": 26, "prod": 1.0, "target": 6, "value": 0.00079843573515047024, "supply": [{"l": "Grapes", "v": 0.00079843573515047024}]}, {"source": 27, "prod": 45.0, "target": 6, "value": 0.14982411736058823, "supply": [{"l": "Pimento", "v": 0.14982411736058823}]}, {"source": 28, "prod": 66.0, "target": 6, "value": 0.6814972689672163, "supply": [{"l": "Palm Oil", "v": 0.6814972689672163}]}, {"source": 29, "prod": 326.0, "target": 6, "value": 0.11374318608388766, "supply": [{"l": "Sugar cane", "v": 0.11374318608388766}]}, {"source": 30, "prod": 33.0, "target": 6, "value": 0.34074863448360815, "supply": [{"l": "Coconut Oil", "v": 0.34074863448360815}]}, {"source": 4, "prod": 375.0, "target": 6, "value": 1.4817033086227624, "supply": [{"l": "Pulses, Other", "v": 1.4817033086227624}]}, {"source": 31, "prod": 1.0, "target": 6, "value": 0.0018063900674680853, "supply": [{"l": "Dates", "v": 0.0018063900674680853}]}, {"source": 32, "prod": 908.0, "target": 6, "value": 0.72152736348083346, "supply": [{"l": "Potatoes", "v": 0.72152736348083346}]}, {"source": 33, "prod": 580.0, "target": 6, "value": 0.4552436971264715, "supply": [{"l": "Freshwater Fish", "v": 0.4552436971264715}]}, {"source": 34, "prod": 2.0, "target": 6, "value": 0.012511628046252631, "supply": [{"l": "Groundnuts", "v": 0.012511628046252631}]}, {"source": 35, "prod": 5.0, "target": 6, "value": 0.0025318190806461233, "supply": [{"l": "Grapefruit", "v": 0.0025318190806461233}]}, {"source": 36, "prod": 87.0, "target": 6, "value": 0.91377265804663932, "supply": [{"l": "Rape and Mustard Oil", "v": 0.91377265804663932}]}, {"source": 0, "prod": 1077.0, "target": 6, "value": 0.75881874543707051, "supply": [{"l": "Milk - Excluding Butter", "v": 0.75881874543707051}]}, {"source": 37, "prod": 22.0, "target": 6, "value": 0.23347591622024999, "supply": [{"l": "Sesameseed Oil", "v": 0.23347591622024999}]}, {"source": 38, "prod": 84.0, "target": 6, "value": 0.34140772275146808, "supply": [{"l": "Beans", "v": 0.34140772275146808}]}, {"source": 39, "prod": 1.0, "target": 6, "value": 0.00050804720647539892, "supply": [{"l": "Apples", "v": 0.00050804720647539892}]}, {"source": 40, "prod": 708.0, "target": 6, "value": 0.56921814285102268, "supply": [{"l": "Fish, Seafood", "v": 0.56921814285102268}]}, {"source": 41, "prod": 7.0, "target": 6, "value": 0.01355077217606673, "supply": [{"l": "Meat, Other", "v": 0.01355077217606673}]}, {"source": 42, "prod": 5.0, "target": 6, "value": 0.0025318190806461233, "supply": [{"l": "Lemons, Limes", "v": 0.0025318190806461233}]}, {"source": 43, "prod": 1.0, "target": 6, "value": 0.0036110727719234409, "supply": [{"l": "Sorghum", "v": 0.0036110727719234409}]}, {"source": 44, "prod": 33.0, "target": 6, "value": 0.07572191877413513, "supply": [{"l": "Mutton & Goat Meat", "v": 0.07572191877413513}]}, {"source": 45, "prod": 123.0, "target": 6, "value": 0.34052416239238048, "supply": [{"l": "Sweeteners, Other", "v": 0.34052416239238048}]}, {"source": 46, "prod": 40.0, "target": 6, "value": 0.03773348140933333, "supply": [{"l": "Pelagic Fish", "v": 0.03773348140933333}]}, {"source": 47, "prod": 607.0, "target": 6, "value": 0.45538588130895741, "supply": [{"l": "Bananas", "v": 0.45538588130895741}]}, {"source": 48, "prod": 71.0, "target": 6, "value": 0.26372165991241875, "supply": [{"l": "Spices, Other", "v": 0.26372165991241875}]}, {"source": 49, "prod": 10.0, "target": 6, "value": 0.0339601332684, "supply": [{"l": "Tea", "v": 0.0339601332684}]}, {"source": 50, "prod": 450.0, "target": 6, "value": 0.22786371725815113, "supply": [{"l": "Fruits, Other", "v": 0.22786371725815113}]}, {"source": 51, "prod": 3.0, "target": 6, "value": 0.00265313541159375, "supply": [{"l": "Aquatic Animals, Others", "v": 0.00265313541159375}]}, {"source": 52, "prod": 120.0, "target": 6, "value": 0.49053525832133332, "supply": [{"l": "Millet", "v": 0.49053525832133332}]}, {"source": 53, "prod": 63.0, "target": 6, "value": 0.11300114767126057, "supply": [{"l": "Poultry Meat", "v": 0.11300114767126057}]}, {"source": 54, "prod": 37.0, "target": 6, "value": 0.037396575325321431, "supply": [{"l": "Offals, Edible", "v": 0.037396575325321431}]}, {"source": 55, "prod": 642.0, "target": 6, "value": 0.72117984959600134, "supply": [{"l": "Sweet potatoes", "v": 0.72117984959600134}]}, {"source": 56, "prod": 40.0, "target": 6, "value": 0.03773348140933333, "supply": [{"l": "Demersal Fish", "v": 0.03773348140933333}]}, {"source": 57, "prod": 16.0, "target": 6, "value": 0.0051678463669304342, "supply": [{"l": "Oranges, Mandarines", "v": 0.0051678463669304342}]}, {"source": 58, "prod": 127.0, "target": 6, "value": 0.26390348317838813, "supply": [{"l": "Bovine Meat", "v": 0.26390348317838813}]}, {"source": 59, "prod": 2.0, "target": 6, "value": 0.0424501665855, "supply": [{"l": "Cottonseed Oil", "v": 0.0424501665855}]}, {"source": 60, "prod": 135.0, "target": 6, "value": 0.075904271378046367, "supply": [{"l": "Onions", "v": 0.075904271378046367}]}, {"source": 61, "prod": 123.0, "target": 6, "value": 0.037836018043597826, "supply": [{"l": "Pineapples", "v": 0.037836018043597826}]}, {"source": 62, "prod": 3.0, "target": 6, "value": 0.00265313541159375, "supply": [{"l": "Aquatic Products, Other", "v": 0.00265313541159375}]}, {"source": 45, "prod": 338.0, "target": 63, "value": 0.93574932429776081, "supply": [{"l": "Sweeteners, Other", "v": 0.93574932429776081}]}, {"source": 19, "prod": 74.0, "target": 63, "value": 0.11854008782366039, "supply": [{"l": "Coconuts - Incl Copra", "v": 0.11854008782366039}]}, {"source": 64, "prod": 15.0, "target": 63, "value": 0.017433333299999999, "supply": [{"l": "Cottonseed", "v": 0.017433333299999999}]}, {"source": 65, "prod": 54.0, "target": 63, "value": 0.41678345374854553, "supply": [{"l": "Sesame seed", "v": 0.41678345374854553}]}, {"source": 66, "prod": 247.0, "target": 63, "value": 0.28706888833999999, "supply": [{"l": "Rape and Mustardseed", "v": 0.28706888833999999}]}, {"source": 34, "prod": 13.0, "target": 63, "value": 0.081325582300642102, "supply": [{"l": "Groundnuts", "v": 0.081325582300642102}]}, {"source": 67, "prod": 38.0, "target": 63, "value": 0.20163829128112501, "supply": [{"l": "Oilcrops, Other", "v": 0.20163829128112501}]}, {"source": 29, "prod": 6796.0, "target": 63, "value": 2.3711616338223949, "supply": [{"l": "Sugar cane", "v": 2.3711616338223949}]}, {"source": 28, "prod": 24.0, "target": 68, "value": 0.24781718871535138, "supply": [{"l": "Palm Oil", "v": 0.24781718871535138}]}, {"source": 15, "prod": 19.0, "target": 68, "value": 0.20163829128112501, "supply": [{"l": "Fats, Animals, Raw", "v": 0.20163829128112501}]}, {"source": 30, "prod": 4.0, "target": 68, "value": 0.041302864785891895, "supply": [{"l": "Coconut Oil", "v": 0.041302864785891895}]}, {"source": 11, "prod": 27.0, "target": 68, "value": 0.32747271365957148, "supply": [{"l": "Oilcrops Oil, Other", "v": 0.32747271365957148}]}, {"source": 18, "prod": 12.0, "target": 68, "value": 0.12225647976624002, "supply": [{"l": "Soyabean Oil", "v": 0.12225647976624002}]}, {"source": 17, "prod": 53.0, "target": 17, "value": 0.1920409302190243, "supply": [{"l": "Wheat", "v": 0.1920409302190243}]}, {"source": 64, "prod": 1.0, "target": 64, "value": 0.0011622222200000001, "supply": [{"l": "Cottonseed", "v": 0.0011622222200000001}]}, {"source": 32, "prod": 110.0, "target": 32, "value": 0.087409702624330066, "supply": [{"l": "Potatoes", "v": 0.087409702624330066}]}, {"source": 22, "prod": 8.0, "target": 22, "value": 0.015436424212909092, "supply": [{"l": "Eggs", "v": 0.015436424212909092}]}, {"source": 65, "prod": 1.0, "target": 65, "value": 0.007718212106454546, "supply": [{"l": "Sesame seed", "v": 0.007718212106454546}]}, {"source": 52, "prod": 3.0, "target": 52, "value": 0.012263381458033335, "supply": [{"l": "Millet", "v": 0.012263381458033335}]}, {"source": 66, "prod": 5.0, "target": 66, "value": 0.0058111111000000003, "supply": [{"l": "Rape and Mustardseed", "v": 0.0058111111000000003}]}, {"source": 3, "prod": 1.0, "target": 3, "value": 0.0053062708231875, "supply": [{"l": "Barley", "v": 0.0053062708231875}]}, {"source": 34, "prod": 3.0, "target": 34, "value": 0.018767442069378949, "supply": [{"l": "Groundnuts", "v": 0.018767442069378949}]}, {"source": 38, "prod": 5.0, "target": 38, "value": 0.020321888259015958, "supply": [{"l": "Beans", "v": 0.020321888259015958}]}, {"source": 67, "prod": 2.0, "target": 67, "value": 0.010612541646375, "supply": [{"l": "Oilcrops, Other", "v": 0.010612541646375}]}, {"source": 2, "prod": 682.0, "target": 2, "value": 2.8834807760364178, "supply": [{"l": "Rice", "v": 2.8834807760364178}]}, {"source": 4, "prod": 13.0, "target": 4, "value": 0.051365714698922441, "supply": [{"l": "Pulses, Other", "v": 0.051365714698922441}]}, {"source": 9, "prod": 1.0, "target": 69, "value": 0.0033960133268400002, "supply": [{"l": "Nuts", "v": 0.0033960133268400002}]}, {"source": 50, "prod": 50.0, "target": 69, "value": 0.025318190806461232, "supply": [{"l": "Fruits, Other", "v": 0.025318190806461232}]}, {"source": 3, "prod": 1.0, "target": 69, "value": 0.0053062708231875, "supply": [{"l": "Barley", "v": 0.0053062708231875}]}, {"source": 2, "prod": 435.0, "target": 69, "value": 1.8391702897006477, "supply": [{"l": "Rice", "v": 1.8391702897006477}]}, {"source": 14, "prod": 7.0, "target": 69, "value": 0.0016047767746093611, "supply": [{"l": "Tomatoes", "v": 0.0016047767746093611}]}, {"source": 17, "prod": 102.0, "target": 69, "value": 0.36958820532717884, "supply": [{"l": "Wheat", "v": 0.36958820532717884}]}, {"source": 19, "prod": 2.0, "target": 69, "value": 0.0032037861573962268, "supply": [{"l": "Coconuts - Incl Copra", "v": 0.0032037861573962268}]}, {"source": 20, "prod": 1.0, "target": 69, "value": 0.0033960133268400002, "supply": [{"l": "Treenuts", "v": 0.0033960133268400002}]}, {"source": 22, "prod": 7.0, "target": 69, "value": 0.013506871186295457, "supply": [{"l": "Eggs", "v": 0.013506871186295457}]}, {"source": 8, "prod": 94.0, "target": 69, "value": 0.028677833278500001, "supply": [{"l": "Vegetables, Other", "v": 0.028677833278500001}]}, {"source": 65, "prod": 1.0, "target": 69, "value": 0.007718212106454546, "supply": [{"l": "Sesame seed", "v": 0.007718212106454546}]}, {"source": 27, "prod": 1.0, "target": 69, "value": 0.0033294248302352942, "supply": [{"l": "Pimento", "v": 0.0033294248302352942}]}, {"source": 67, "prod": 1.0, "target": 69, "value": 0.0053062708231875, "supply": [{"l": "Oilcrops, Other", "v": 0.0053062708231875}]}, {"source": 32, "prod": 113.0, "target": 69, "value": 0.089793603604993597, "supply": [{"l": "Potatoes", "v": 0.089793603604993597}]}, {"source": 0, "prod": 79.0, "target": 69, "value": 0.055660799340323655, "supply": [{"l": "Milk - Excluding Butter", "v": 0.055660799340323655}]}, {"source": 38, "prod": 5.0, "target": 69, "value": 0.020321888259015958, "supply": [{"l": "Beans", "v": 0.020321888259015958}]}, {"source": 4, "prod": 21.0, "target": 69, "value": 0.082975385282874695, "supply": [{"l": "Pulses, Other", "v": 0.082975385282874695}]}, {"source": 29, "prod": 236.0, "target": 69, "value": 0.082341692993243842, "supply": [{"l": "Sugar cane", "v": 0.082341692993243842}]}, {"source": 61, "prod": 14.0, "target": 69, "value": 0.004306538639108696, "supply": [{"l": "Pineapples", "v": 0.004306538639108696}]}, {"source": 47, "prod": 67.0, "target": 69, "value": 0.050264998431136972, "supply": [{"l": "Bananas", "v": 0.050264998431136972}]}, {"source": 49, "prod": 1.0, "target": 69, "value": 0.0033960133268400002, "supply": [{"l": "Tea", "v": 0.0033960133268400002}]}, {"source": 55, "prod": 71.0, "target": 69, "value": 0.079756650033202633, "supply": [{"l": "Sweet potatoes", "v": 0.079756650033202633}]}, {"source": 66, "prod": 8.0, "target": 69, "value": 0.0092977777600000006, "supply": [{"l": "Rape and Mustardseed", "v": 0.0092977777600000006}]}, {"source": 57, "prod": 1.0, "target": 69, "value": 0.00032299039793315214, "supply": [{"l": "Oranges, Mandarines", "v": 0.00032299039793315214}]}, {"source": 60, "prod": 7.0, "target": 69, "value": 0.0039357770344172179, "supply": [{"l": "Onions", "v": 0.0039357770344172179}]}, {"source": 70, "prod": 2.0, "target": 60, "value": 0.0011245077241192052, "supply": [{"l": "Onions", "v": 0.0011245077241192052}]}, {"source": 70, "prod": 316.0, "target": 2, "value": 1.33604094608139, "supply": [{"l": "Rice", "v": 1.33604094608139}]}, {"source": 70, "prod": 1515.0, "target": 17, "value": 5.4894718732419214, "supply": [{"l": "Wheat", "v": 5.4894718732419214}]}, {"source": 70, "prod": 240.0, "target": 1, "value": 0.16909609926174277, "supply": [{"l": "Milk - Excluding Butter", "v": 0.16909609926174277}]}, {"source": 70, "prod": 2.0, "target": 48, "value": 0.0074287791524625, "supply": [{"l": "Spices, Other", "v": 0.0074287791524625}]}, {"source": 70, "prod": 2.0, "target": 3, "value": 0.010612541646375, "supply": [{"l": "Barley", "v": 0.010612541646375}]}, {"source": 70, "prod": 1.0, "target": 31, "value": 0.0018063900674680853, "supply": [{"l": "Dates", "v": 0.0018063900674680853}]}, {"source": 70, "prod": 249.0, "target": 63, "value": 2.6149605513595211, "supply": [{"l": "Coconut Oil", "v": 0.28912005350124326}, {"l": "Sugar", "v": 0.020313067995014648}, {"l": "Oilcrops Oil, Other", "v": 0.54578785609928582}, {"l": "Rape and Mustard Oil", "v": 0.13654074200696908}, {"l": "Butter, Ghee", "v": 0.022342192939736844}, {"l": "Fats, Animals, Raw", "v": 0.20163829128112501}, {"l": "Sweeteners, Other", "v": 0.0027684891251413047}, {"l": "Soyabean Oil", "v": 0.58071827888964012}, {"l": "Palm Oil", "v": 0.81573157952136499}]}, {"source": 70, "prod": 1.0, "target": 26, "value": 0.00079843573515047024, "supply": [{"l": "Grapes", "v": 0.00079843573515047024}]}, {"source": 70, "prod": 6.0, "target": 57, "value": 0.001937942387598913, "supply": [{"l": "Oranges, Mandarines", "v": 0.001937942387598913}]}, {"source": 70, "prod": 8.0, "target": 50, "value": 0.0040509105290337973, "supply": [{"l": "Fruits, Other", "v": 0.0040509105290337973}]}, {"source": 70, "prod": 1.0, "target": 39, "value": 0.00050804720647539892, "supply": [{"l": "Apples", "v": 0.00050804720647539892}]}, {"source": 70, "prod": 10.0, "target": 23, "value": 0.009589833796401874, "supply": [{"l": "Roots, Other", "v": 0.009589833796401874}]}, {"source": 70, "prod": 22.0, "target": 66, "value": 0.025568888840000002, "supply": [{"l": "Rape and Mustardseed", "v": 0.025568888840000002}]}, {"source": 21, "prod": 12.0, "target": 71, "value": 0.0067920266536800012, "supply": [{"l": "Crustaceans", "v": 0.0067920266536800012}]}, {"source": 8, "prod": 1.0, "target": 71, "value": 0.00030508333275000002, "supply": [{"l": "Vegetables, Other", "v": 0.00030508333275000002}]}, {"source": 50, "prod": 1.0, "target": 71, "value": 0.00050636381612922466, "supply": [{"l": "Fruits, Other", "v": 0.00050636381612922466}]}, {"source": 25, "prod": 4.0, "target": 71, "value": 0.0035375138821250002, "supply": [{"l": "Marine Fish, Other", "v": 0.0035375138821250002}]}, {"source": 40, "prod": 16.0, "target": 71, "value": 0.012863686844090909, "supply": [{"l": "Fish, Seafood", "v": 0.012863686844090909}]}, {"source": 49, "prod": 31.0, "target": 71, "value": 0.10527641313203999, "supply": [{"l": "Tea", "v": 0.10527641313203999}]}, {"source": 41, "prod": 3.0, "target": 71, "value": 0.0058074737897428844, "supply": [{"l": "Meat, Other", "v": 0.0058074737897428844}]}, {"source": 72, "prod": 11.0, "target": 63, "value": 0.1135828781612027, "supply": [{"l": "Palm Oil", "v": 0.1135828781612027}]}, {"source": 2, "prod": 282.0, "target": 73, "value": 1.1922897050473165, "supply": [{"l": "Rice", "v": 1.1922897050473165}]}, {"source": 10, "prod": 5.0, "target": 73, "value": 0.020313067995014648, "supply": [{"l": "Sugar", "v": 0.020313067995014648}]}, {"source": 11, "prod": 25.0, "target": 73, "value": 0.30321547561071432, "supply": [{"l": "Oilcrops Oil, Other", "v": 0.30321547561071432}]}, {"source": 17, "prod": 26.0, "target": 73, "value": 0.09420875822065343, "supply": [{"l": "Wheat", "v": 0.09420875822065343}]}, {"source": 1, "prod": 63.0, "target": 53, "value": 0.11300114767126057, "supply": [{"l": "Poultry Meat", "v": 0.11300114767126057}]}, {"source": 1, "prod": 40.0, "target": 46, "value": 0.03773348140933333, "supply": [{"l": "Pelagic Fish", "v": 0.03773348140933333}]}, {"source": 1, "prod": 17.0, "target": 21, "value": 0.0096220377593800015, "supply": [{"l": "Crustaceans", "v": 0.0096220377593800015}]}, {"source": 1, "prod": 66.0, "target": 22, "value": 0.12735049975650001, "supply": [{"l": "Eggs", "v": 0.14278692396940909}]}, {"source": 1, "prod": 3.0, "target": 51, "value": 0.00265313541159375, "supply": [{"l": "Aquatic Animals, Others", "v": 0.00265313541159375}]}, {"source": 1, "prod": 1454.0, "target": 0, "value": 1.0244405346940582, "supply": [{"l": "Milk - Excluding Butter", "v": 1.0244405346940582}]}, {"source": 1, "prod": 37.0, "target": 54, "value": 0.037396575325321431, "supply": [{"l": "Offals, Edible", "v": 0.037396575325321431}]}, {"source": 1, "prod": 47.0, "target": 25, "value": 0.041565788114968749, "supply": [{"l": "Marine Fish, Other", "v": 0.041565788114968749}]}, {"source": 1, "prod": 3.0, "target": 62, "value": 0.00265313541159375, "supply": [{"l": "Aquatic Products, Other", "v": 0.00265313541159375}]}, {"source": 1, "prod": 724.0, "target": 40, "value": 0.58208182969511357, "supply": [{"l": "Fish, Seafood", "v": 0.58208182969511357}]}, {"source": 1, "prod": 127.0, "target": 58, "value": 0.26390348317838813, "supply": [{"l": "Bovine Meat", "v": 0.26390348317838813}]}, {"source": 1, "prod": 40.0, "target": 56, "value": 0.03773348140933333, "supply": [{"l": "Demersal Fish", "v": 0.03773348140933333}]}, {"source": 1, "prod": 10.0, "target": 41, "value": 0.019358245965809616, "supply": [{"l": "Meat, Other", "v": 0.019358245965809616}]}, {"source": 1, "prod": 580.0, "target": 33, "value": 0.4552436971264715, "supply": [{"l": "Freshwater Fish", "v": 0.4552436971264715}]}, {"source": 1, "prod": 33.0, "target": 44, "value": 0.07572191877413513, "supply": [{"l": "Mutton & Goat Meat", "v": 0.07572191877413513}]}, {"source": 63, "prod": 26.0, "target": 15, "value": 0.27592608280575004, "supply": [{"l": "Fats, Animals, Raw", "v": 0.27592608280575004}]}, {"source": 63, "prod": 1.0, "target": 7, "value": 0.01055783782345554, "supply": [{"l": "Ricebran Oil", "v": 0.01055783782345554}]}, {"source": 63, "prod": 22.0, "target": 37, "value": 0.23347591622024999, "supply": [{"l": "Sesameseed Oil", "v": 0.23347591622024999}]}, {"source": 63, "prod": 57.0, "target": 18, "value": 0.58071827888964012, "supply": [{"l": "Soyabean Oil", "v": 0.58071827888964012}]}, {"source": 63, "prod": 37.0, "target": 30, "value": 0.38205149926950005, "supply": [{"l": "Coconut Oil", "v": 0.38205149926950005}]}, {"source": 63, "prod": 461.0, "target": 45, "value": 1.2762734866901413, "supply": [{"l": "Sweeteners, Other", "v": 1.2762734866901413}]}, {"source": 63, "prod": 198.0, "target": 10, "value": 0.80439749260258009, "supply": [{"l": "Sugar", "v": 0.80439749260258009}]}, {"source": 63, "prod": 2.0, "target": 59, "value": 0.0424501665855, "supply": [{"l": "Cottonseed Oil", "v": 0.0424501665855}]}, {"source": 63, "prod": 6.0, "target": 12, "value": 0.072771714146571437, "supply": [{"l": "Groundnut Oil", "v": 0.072771714146571437}]}, {"source": 63, "prod": 90.0, "target": 28, "value": 0.92931445768256771, "supply": [{"l": "Palm Oil", "v": 0.92931445768256771}]}, {"source": 63, "prod": 58.0, "target": 11, "value": 0.70345990341685716, "supply": [{"l": "Oilcrops Oil, Other", "v": 0.70345990341685716}]}, {"source": 63, "prod": 458.0, "target": 16, "value": 1.860677028343342, "supply": [{"l": "Sugar non-centrifugal", "v": 1.860677028343342}]}, {"source": 63, "prod": 17.0, "target": 13, "value": 0.18990863998776319, "supply": [{"l": "Butter, Ghee", "v": 0.18990863998776319}]}, {"source": 63, "prod": 87.0, "target": 36, "value": 0.91377265804663932, "supply": [{"l": "Rape and Mustard Oil", "v": 0.91377265804663932}]}, {"source": 5, "prod": 2.0, "target": 74, "value": 0.0058544781182484525, "supply": [{"l": "Maize", "v": 0.0058544781182484525}]}, {"source": 23, "prod": 2.5, "target": 74, "value": 0.0087166666500000014, "supply": [{"l": "Roots, Other", "v": 0.0087166666500000014}]}, {"source": 3, "prod": 20.0, "target": 74, "value": 0.069733333199999997, "supply": [{"l": "Barley", "v": 0.069733333199999997}]}, {"source": 2, "prod": 29345.0, "target": 74, "value": 102.3162331377, "supply": [{"l": "Rice", "v": 102.3162331377}]}, {"source": 14, "prod": 70.0, "target": 74, "value": 0.074582028060216007, "supply": [{"l": "Tomatoes", "v": 0.074582028060216007}]}, {"source": 17, "prod": 3706.0, "target": 74, "value": 12.921586641960001, "supply": [{"l": "Wheat", "v": 12.921586641960001}]}, {"source": 19, "prod": 79.5, "target": 74, "value": 0.12735049975650001, "supply": [{"l": "Coconuts - Incl Copra", "v": 0.12735049975650001}]}, {"source": 8, "prod": 965.5, "target": 74, "value": 3.3663766602300003, "supply": [{"l": "Vegetables, Other", "v": 3.3663766602300003}]}, {"source": 24, "prod": 29.0, "target": 74, "value": 0.10111333314000001, "supply": [{"l": "Peas", "v": 0.10111333314000001}]}, {"source": 65, "prod": 56.5, "target": 74, "value": 0.43607898401468193, "supply": [{"l": "Sesame seed", "v": 0.43607898401468193}]}, {"source": 34, "prod": 18.0, "target": 74, "value": 0.11260465241627368, "supply": [{"l": "Groundnuts", "v": 0.11260465241627368}]}, {"source": 67, "prod": 41.0, "target": 74, "value": 0.21755710375068751, "supply": [{"l": "Oilcrops, Other", "v": 0.21755710375068751}]}, {"source": 64, "prod": 16.0, "target": 74, "value": 0.018595555520000001, "supply": [{"l": "Cottonseed", "v": 0.018595555520000001}]}, {"source": 32, "prod": 565.5, "target": 74, "value": 1.97170999623, "supply": [{"l": "Potatoes", "v": 1.97170999623}]}, {"source": 38, "prod": 94.0, "target": 74, "value": 0.32774666604000002, "supply": [{"l": "Beans", "v": 0.32774666604000002}]}, {"source": 4, "prod": 410.5, "target": 74, "value": 1.4312766639299999, "supply": [{"l": "Pulses, Other", "v": 1.4312766639299999}]}, {"source": 43, "prod": 2.0, "target": 74, "value": 0.0060562544536093658, "supply": [{"l": "Sorghum", "v": 0.0060562544536093658}]}, {"source": 29, "prod": 2943.2000000000003, "target": 74, "value": 10.261957313712003, "supply": [{"l": "Sugar cane", "v": 10.261957313712003}]}, {"source": 52, "prod": 246.0, "target": 74, "value": 0.85771999836000001, "supply": [{"l": "Millet", "v": 0.85771999836000001}]}, {"source": 55, "prod": 356.75, "target": 74, "value": 1.2438683309550003, "supply": [{"l": "Sweet potatoes", "v": 1.2438683309550003}]}, {"source": 66, "prod": 249.0, "target": 74, "value": 0.28939333278000001, "supply": [{"l": "Rape and Mustardseed", "v": 0.28939333278000001}]}, {"source": 60, "prod": 141.0, "target": 74, "value": 0.49161999906000015, "supply": [{"l": "Onions", "v": 0.49161999906000015}]}, {"source": 75, "prod": 53.513513513513523, "target": 63, "value": 0.22716575632240543, "supply": [{"l": "Oil Palm", "v": 0.22716575632240543}]}, {"source": 76, "prod": 0, "target": 5, "value": 5.0067731716191788e-05, "supply": "[{\"l\":'Energy for power irrigation',\"v\":5.0067731716191788e-05}]"}, {"source": 76, "prod": 0, "target": 9, "value": 0.0011515578294724112, "supply": "[{\"l\":'Energy for power irrigation',\"v\":0.0011515578294724112}]"}, {"source": 76, "prod": 0, "target": 35, "value": 0.00027537252443905486, "supply": "[{\"l\":'Energy for power irrigation',\"v\":0.00027537252443905486}]"}, {"source": 76, "prod": 0, "target": 3, "value": 0.00050067731716191798, "supply": "[{\"l\":'Energy for power irrigation',\"v\":0.00050067731716191798}]"}, {"source": 76, "prod": 0, "target": 2, "value": 0.73461879360582405, "supply": "[{\"l\":'Energy for power irrigation',\"v\":0.73461879360582405}]"}, {"source": 76, "prod": 0, "target": 14, "value": 0.0035047412201334254, "supply": "[{\"l\":'Energy for power irrigation',\"v\":0.0035047412201334254}]"}, {"source": 76, "prod": 0, "target": 17, "value": 0.092775506870103386, "supply": "[{\"l\":'Energy for power irrigation',\"v\":0.092775506870103386}]"}, {"source": 76, "prod": 0, "target": 19, "value": 0.003980384671437247, "supply": "[{\"l\":'Energy for power irrigation',\"v\":0.003980384671437247}]"}, {"source": 76, "prod": 0, "target": 20, "value": 0.0011515578294724112, "supply": "[{\"l\":'Energy for power irrigation',\"v\":0.0011515578294724112}]"}, {"source": 76, "prod": 0, "target": 8, "value": 0.048340394971983176, "supply": "[{\"l\":'Energy for power irrigation',\"v\":0.048340394971983176}]"}, {"source": 76, "prod": 0, "target": 24, "value": 0.0014519642197695622, "supply": "[{\"l\":'Energy for power irrigation',\"v\":0.0014519642197695622}]"}, {"source": 76, "prod": 0, "target": 65, "value": 0.0028288268419648364, "supply": "[{\"l\":'Energy for power irrigation',\"v\":0.0028288268419648364}]"}, {"source": 76, "prod": 0, "target": 34, "value": 0.00090121917089145233, "supply": "[{\"l\":'Energy for power irrigation',\"v\":0.00090121917089145233}]"}, {"source": 76, "prod": 0, "target": 75, "value": 0.0013396501188926997, "supply": "[{\"l\":'Energy for power irrigation',\"v\":0.0013396501188926997}]"}, {"source": 76, "prod": 0, "target": 67, "value": 0.0020527770003638634, "supply": "[{\"l\":'Energy for power irrigation',\"v\":0.0020527770003638634}]"}, {"source": 76, "prod": 0, "target": 64, "value": 0.00080108370745906861, "supply": "[{\"l\":'Energy for power irrigation',\"v\":0.00080108370745906861}]"}, {"source": 76, "prod": 0, "target": 32, "value": 0.056626604571012915, "supply": "[{\"l\":'Energy for power irrigation',\"v\":0.056626604571012915}]"}, {"source": 76, "prod": 0, "target": 27, "value": 0.0023031156589448224, "supply": "[{\"l\":'Energy for power irrigation',\"v\":0.0023031156589448224}]"}, {"source": 76, "prod": 0, "target": 38, "value": 0.0047063667813220288, "supply": "[{\"l\":'Energy for power irrigation',\"v\":0.0047063667813220288}]"}, {"source": 76, "prod": 0, "target": 4, "value": 0.020552803869496733, "supply": "[{\"l\":'Energy for power irrigation',\"v\":0.020552803869496733}]"}, {"source": 76, "prod": 0, "target": 42, "value": 0.00025033865858095899, "supply": "[{\"l\":'Energy for power irrigation',\"v\":0.00025033865858095899}]"}, {"source": 76, "prod": 0, "target": 43, "value": 5.0067731716191788e-05, "supply": "[{\"l\":'Energy for power irrigation',\"v\":5.0067731716191788e-05}]"}, {"source": 76, "prod": 0, "target": 29, "value": 0.36839836996773923, "supply": "[{\"l\":'Energy for power irrigation',\"v\":0.36839836996773923}]"}, {"source": 76, "prod": 0, "target": 61, "value": 0.0068592792451182749, "supply": "[{\"l\":'Energy for power irrigation',\"v\":0.0068592792451182749}]"}, {"source": 76, "prod": 0, "target": 47, "value": 0.033770685042571365, "supply": "[{\"l\":'Energy for power irrigation',\"v\":0.033770685042571365}]"}, {"source": 76, "prod": 0, "target": 48, "value": 0.0035047412201334254, "supply": "[{\"l\":'Energy for power irrigation',\"v\":0.0035047412201334254}]"}, {"source": 76, "prod": 0, "target": 49, "value": 0.0021028447320800554, "supply": "[{\"l\":'Energy for power irrigation',\"v\":0.0021028447320800554}]"}, {"source": 76, "prod": 0, "target": 50, "value": 0.024858628797089225, "supply": "[{\"l\":'Energy for power irrigation',\"v\":0.024858628797089225}]"}, {"source": 76, "prod": 0, "target": 52, "value": 0.0061583310010915899, "supply": "[{\"l\":'Energy for power irrigation',\"v\":0.0061583310010915899}]"}, {"source": 76, "prod": 0, "target": 55, "value": 0.035723326579502841, "supply": "[{\"l\":'Energy for power irrigation',\"v\":0.035723326579502841}]"}, {"source": 76, "prod": 0, "target": 66, "value": 0.012466865197331756, "supply": "[{\"l\":'Energy for power irrigation',\"v\":0.012466865197331756}]"}, {"source": 76, "prod": 0, "target": 57, "value": 0.00072598210988478109, "supply": "[{\"l\":'Energy for power irrigation',\"v\":0.00072598210988478109}]"}, {"source": 76, "prod": 0, "target": 60, "value": 0.0070595501719830428, "supply": "[{\"l\":'Energy for power irrigation',\"v\":0.0070595501719830428}]"}, {"source": 76, "prod": 0, "target": 63, "value": 0.063000000050400004, "supply": "[{\"l\":'Electricity',\"v\":0.063000000050400004}]"}, {"source": 77, "prod": 0, "target": 76, "value": 2.8567825563738518, "supply": [{"l": "Coal", "v": 0.0}, {"l": "Natural gas", "v": 2.1082074849182519}, {"l": "Oil", "v": 0.74857507145559976}]}, {"source": 78, "prod": 0, "target": 76, "value": 0.29796130534077653, "supply": [{"l": "Nuclear", "v": 0.0}, {"l": "Hydroelectric", "v": 0.29796130534077653}, {"l": "Renewable", "v": 0.0}]}, {"source": 77, "prod": 0, "target": 5, "value": 5.538097485065963e-05, "supply": [{"l": "Gas-Diesel oil", "v": 4.7207643827871377e-05}, {"l": "Natural gas (including LNG)", "v": 6.7497578599712739e-06}, {"l": "Other fossil fuels", "v": 1.4235731628169799e-06}]}, {"source": 77, "prod": 0, "target": 9, "value": 0.0012737624215651716, "supply": [{"l": "Gas-Diesel oil", "v": 0.0010857758080410416}, {"l": "Natural gas (including LNG)", "v": 0.0001552444307793393}, {"l": "Other fossil fuels", "v": 3.2742182744790538e-05}]}, {"source": 77, "prod": 0, "target": 35, "value": 0.00030459536167862797, "supply": [{"l": "Gas-Diesel oil", "v": 0.00025964204105329258}, {"l": "Natural gas (including LNG)", "v": 3.7123668229842008e-05}, {"l": "Other fossil fuels", "v": 7.829652395493389e-06}]}, {"source": 77, "prod": 0, "target": 3, "value": 0.00055380974850659638, "supply": [{"l": "Gas-Diesel oil", "v": 0.00047207643827871382}, {"l": "Natural gas (including LNG)", "v": 6.7497578599712746e-05}, {"l": "Other fossil fuels", "v": 1.4235731628169799e-05}]}, {"source": 77, "prod": 0, "target": 2, "value": 0.81257735349630345, "supply": [{"l": "Gas-Diesel oil", "v": 0.69265415406444286}, {"l": "Natural gas (including LNG)", "v": 0.099035822200428517}, {"l": "Other fossil fuels", "v": 0.020887377231432136}]}, {"source": 77, "prod": 0, "target": 14, "value": 0.0038766682395461743, "supply": [{"l": "Gas-Diesel oil", "v": 0.0033045350679509968}, {"l": "Natural gas (including LNG)", "v": 0.00047248305019798921}, {"l": "Other fossil fuels", "v": 9.965012139718859e-05}]}, {"source": 77, "prod": 0, "target": 17, "value": 0.10262094639827229, "supply": [{"l": "Gas-Diesel oil", "v": 0.087475764013045659}, {"l": "Natural gas (including LNG)", "v": 0.012507301314526771}, {"l": "Other fossil fuels", "v": 0.0026378810706998634}]}, {"source": 77, "prod": 0, "target": 19, "value": 0.0044027875006274406, "supply": [{"l": "Gas-Diesel oil", "v": 0.0037530076843157747}, {"l": "Natural gas (including LNG)", "v": 0.00053660574986771632}, {"l": "Other fossil fuels", "v": 0.00011317406644394989}]}, {"source": 77, "prod": 0, "target": 20, "value": 0.0012737624215651716, "supply": [{"l": "Gas-Diesel oil", "v": 0.0010857758080410416}, {"l": "Natural gas (including LNG)", "v": 0.0001552444307793393}, {"l": "Other fossil fuels", "v": 3.2742182744790538e-05}]}, {"source": 77, "prod": 0, "target": 8, "value": 0.053470331218311878, "supply": [{"l": "Gas-Diesel oil", "v": 0.045578980115809818}, {"l": "Natural gas (including LNG)", "v": 0.0065168912138022662}, {"l": "Other fossil fuels", "v": 0.0013744598886997941}]}, {"source": 77, "prod": 0, "target": 24, "value": 0.0016060482706691296, "supply": [{"l": "Gas-Diesel oil", "v": 0.0013690216710082702}, {"l": "Natural gas (including LNG)", "v": 0.00019574297793916698}, {"l": "Other fossil fuels", "v": 4.1283621721692423e-05}]}, {"source": 77, "prod": 0, "target": 65, "value": 0.0031290250790622694, "supply": [{"l": "Gas-Diesel oil", "v": 0.0026672318762747333}, {"l": "Natural gas (including LNG)", "v": 0.00038136131908837701}, {"l": "Other fossil fuels", "v": 8.043188369915937e-05}]}, {"source": 77, "prod": 0, "target": 34, "value": 0.00099685754731187342, "supply": [{"l": "Gas-Diesel oil", "v": 0.00084973758890168494}, {"l": "Natural gas (including LNG)", "v": 0.00012149564147948295}, {"l": "Other fossil fuels", "v": 2.5624316930705638e-05}]}, {"source": 77, "prod": 0, "target": 75, "value": 0.0014818152730311635, "supply": [{"l": "Gas-Diesel oil", "v": 0.0012631234429619643}, {"l": "Natural gas (including LNG)", "v": 0.00018060162922625846}, {"l": "Other fossil fuels", "v": 3.8090200842940819e-05}]}, {"source": 77, "prod": 0, "target": 67, "value": 0.0022706199688770452, "supply": [{"l": "Gas-Diesel oil", "v": 0.0019355133969427268}, {"l": "Natural gas (including LNG)", "v": 0.00027674007225882228}, {"l": "Other fossil fuels", "v": 5.836649967549618e-05}]}, {"source": 77, "prod": 0, "target": 64, "value": 0.00088609559761055408, "supply": [{"l": "Gas-Diesel oil", "v": 0.00075532230124594204}, {"l": "Natural gas (including LNG)", "v": 0.00010799612575954038}, {"l": "Other fossil fuels", "v": 2.2777170605071678e-05}]}, {"source": 77, "prod": 0, "target": 32, "value": 0.062635882556096048, "supply": [{"l": "Gas-Diesel oil", "v": 0.053391845169322528}, {"l": "Natural gas (including LNG)", "v": 0.0076339761396275107}, {"l": "Other fossil fuels", "v": 0.0016100612471460043}]}, {"source": 77, "prod": 0, "target": 27, "value": 0.0025475248431303431, "supply": [{"l": "Gas-Diesel oil", "v": 0.0021715516160820832}, {"l": "Natural gas (including LNG)", "v": 0.00031048886155867861}, {"l": "Other fossil fuels", "v": 6.5484365489581076e-05}]}, {"source": 77, "prod": 0, "target": 38, "value": 0.0052058116359620056, "supply": [{"l": "Gas-Diesel oil", "v": 0.0044375185198199099}, {"l": "Natural gas (including LNG)", "v": 0.00063447723883729981}, {"l": "Other fossil fuels", "v": 0.0001338158773047961}]}, {"source": 77, "prod": 0, "target": 4, "value": 0.02273389017619578, "supply": [{"l": "Gas-Diesel oil", "v": 0.019378737791341204}, {"l": "Natural gas (including LNG)", "v": 0.0027707756015182081}, {"l": "Other fossil fuels", "v": 0.00058437678333637033}]}, {"source": 77, "prod": 0, "target": 42, "value": 0.00027690487425329819, "supply": [{"l": "Gas-Diesel oil", "v": 0.00023603821913935691}, {"l": "Natural gas (including LNG)", "v": 3.3748789299856373e-05}, {"l": "Other fossil fuels", "v": 7.1178658140848997e-06}]}, {"source": 77, "prod": 0, "target": 43, "value": 5.538097485065963e-05, "supply": [{"l": "Gas-Diesel oil", "v": 4.7207643827871377e-05}, {"l": "Natural gas (including LNG)", "v": 6.7497578599712739e-06}, {"l": "Other fossil fuels", "v": 1.4235731628169799e-06}]}, {"source": 77, "prod": 0, "target": 29, "value": 0.40749321295115359, "supply": [{"l": "Gas-Diesel oil", "v": 0.34735384328547764}, {"l": "Natural gas (including LNG)", "v": 0.049664718333668638}, {"l": "Other fossil fuels", "v": 0.010474651332007338}]}, {"source": 77, "prod": 0, "target": 61, "value": 0.0075871935545403692, "supply": [{"l": "Gas-Diesel oil", "v": 0.0064674472044183792}, {"l": "Natural gas (including LNG)", "v": 0.00092471682681606463}, {"l": "Other fossil fuels", "v": 0.00019502952330592623}]}, {"source": 77, "prod": 0, "target": 47, "value": 0.037354467536769922, "supply": [{"l": "Gas-Diesel oil", "v": 0.031841555761899246}, {"l": "Natural gas (including LNG)", "v": 0.0045527116765506246}, {"l": "Other fossil fuels", "v": 0.00096020009832005287}]}, {"source": 77, "prod": 0, "target": 48, "value": 0.0038766682395461743, "supply": [{"l": "Gas-Diesel oil", "v": 0.0033045350679509968}, {"l": "Natural gas (including LNG)", "v": 0.00047248305019798921}, {"l": "Other fossil fuels", "v": 9.965012139718859e-05}]}, {"source": 77, "prod": 0, "target": 49, "value": 0.0023260009437277044, "supply": [{"l": "Gas-Diesel oil", "v": 0.0019827210407705981}, {"l": "Natural gas (including LNG)", "v": 0.00028348983011879352}, {"l": "Other fossil fuels", "v": 5.9790072838313155e-05}]}, {"source": 77, "prod": 0, "target": 50, "value": 0.027496654013352509, "supply": [{"l": "Gas-Diesel oil", "v": 0.023438595160538141}, {"l": "Natural gas (including LNG)", "v": 0.003351254777475738}, {"l": "Other fossil fuels", "v": 0.00070680407533863052}]}, {"source": 77, "prod": 0, "target": 52, "value": 0.0068118599066311347, "supply": [{"l": "Gas-Diesel oil", "v": 0.0058065401908281794}, {"l": "Natural gas (including LNG)", "v": 0.00083022021677646679}, {"l": "Other fossil fuels", "v": 0.00017509949902648852}]}, {"source": 77, "prod": 0, "target": 55, "value": 0.039514325555945647, "supply": [{"l": "Gas-Diesel oil", "v": 0.033682653871186227}, {"l": "Natural gas (including LNG)", "v": 0.0048159522330895044}, {"l": "Other fossil fuels", "v": 0.0010157194516699152}]}, {"source": 77, "prod": 0, "target": 66, "value": 0.013789862737814249, "supply": [{"l": "Gas-Diesel oil", "v": 0.011754703313139974}, {"l": "Natural gas (including LNG)", "v": 0.0016806897071328473}, {"l": "Other fossil fuels", "v": 0.00035446971754142796}]}, {"source": 77, "prod": 0, "target": 57, "value": 0.00080302413533456479, "supply": [{"l": "Gas-Diesel oil", "v": 0.00068451083550413511}, {"l": "Natural gas (including LNG)", "v": 9.787148896958349e-05}, {"l": "Other fossil fuels", "v": 2.0641810860846212e-05}]}, {"source": 77, "prod": 0, "target": 60, "value": 0.0078087174539430088, "supply": [{"l": "Gas-Diesel oil", "v": 0.0066562777797298653}, {"l": "Natural gas (including LNG)", "v": 0.00095171585825594971}, {"l": "Other fossil fuels", "v": 0.00020072381595719418}]}, {"source": 79, "prod": 0.018357034310961948, "target": 5, "value": 0.00023989471487436103, "supply": [{"l": "Potash", "v": 0.096915000077531996}, {"l": "Phosphate", "v": 0.67627916720768999}, {"l": "Nitrogen", "v": 6.3284706717294421}]}, {"source": 79, "prod": 0.42221178915212487, "target": 9, "value": 0.0055175784421103036, "supply": [{"l": "Potash", "v": 0.096915000077531996}, {"l": "Phosphate", "v": 0.67627916720768999}, {"l": "Nitrogen", "v": 6.3284706717294421}]}, {"source": 79, "prod": 0.10096368871029072, "target": 35, "value": 0.0013194209318089856, "supply": [{"l": "Potash", "v": 0.096915000077531996}, {"l": "Phosphate", "v": 0.67627916720768999}, {"l": "Nitrogen", "v": 6.3284706717294421}]}, {"source": 79, "prod": 0.1835703431096195, "target": 3, "value": 0.0023989471487436105, "supply": [{"l": "Potash", "v": 0.096915000077531996}, {"l": "Phosphate", "v": 0.67627916720768999}, {"l": "Nitrogen", "v": 6.3284706717294421}]}, {"source": 79, "prod": 269.34358592758923, "target": 2, "value": 3.5198552039940623, "supply": [{"l": "Potash", "v": 0.096915000077531996}, {"l": "Phosphate", "v": 0.67627916720768999}, {"l": "Nitrogen", "v": 6.3284706717294421}]}, {"source": 79, "prod": 1.2849924017673366, "target": 14, "value": 0.016792630041205275, "supply": [{"l": "Potash", "v": 0.096915000077531996}, {"l": "Phosphate", "v": 0.67627916720768999}, {"l": "Nitrogen", "v": 6.3284706717294421}]}, {"source": 79, "prod": 34.01558457821249, "target": 17, "value": 0.44452490666219097, "supply": [{"l": "Potash", "v": 0.096915000077531996}, {"l": "Phosphate", "v": 0.67627916720768999}, {"l": "Nitrogen", "v": 6.3284706717294421}]}, {"source": 79, "prod": 1.459384227721475, "target": 19, "value": 0.019071629832511702, "supply": [{"l": "Potash", "v": 0.096915000077531996}, {"l": "Phosphate", "v": 0.67627916720768999}, {"l": "Nitrogen", "v": 6.3284706717294421}]}, {"source": 79, "prod": 0.42221178915212487, "target": 20, "value": 0.0055175784421103036, "supply": [{"l": "Potash", "v": 0.096915000077531996}, {"l": "Phosphate", "v": 0.67627916720768999}, {"l": "Nitrogen", "v": 6.3284706717294421}]}, {"source": 79, "prod": 17.723716627233763, "target": 8, "value": 0.23161834721119559, "supply": [{"l": "Potash", "v": 0.096915000077531996}, {"l": "Phosphate", "v": 0.67627916720768999}, {"l": "Nitrogen", "v": 6.3284706717294421}]}, {"source": 79, "prod": 0.5323539950178966, "target": 24, "value": 0.0069569467313564714, "supply": [{"l": "Potash", "v": 0.096915000077531996}, {"l": "Phosphate", "v": 0.67627916720768999}, {"l": "Nitrogen", "v": 6.3284706717294421}]}, {"source": 79, "prod": 1.0371724385693504, "target": 65, "value": 0.0135540513904014, "supply": [{"l": "Potash", "v": 0.096915000077531996}, {"l": "Phosphate", "v": 0.67627916720768999}, {"l": "Nitrogen", "v": 6.3284706717294421}]}, {"source": 79, "prod": 0.33042661759731512, "target": 34, "value": 0.0043181048677384988, "supply": [{"l": "Potash", "v": 0.096915000077531996}, {"l": "Phosphate", "v": 0.67627916720768999}, {"l": "Nitrogen", "v": 6.3284706717294421}]}, {"source": 79, "prod": 0.49117470183384693, "target": 75, "value": 0.0064188045331247971, "supply": [{"l": "Potash", "v": 0.096915000077531996}, {"l": "Phosphate", "v": 0.67627916720768999}, {"l": "Nitrogen", "v": 6.3284706717294421}]}, {"source": 79, "prod": 0.75263840674944005, "target": 67, "value": 0.0098356833098488042, "supply": [{"l": "Potash", "v": 0.096915000077531996}, {"l": "Phosphate", "v": 0.67627916720768999}, {"l": "Nitrogen", "v": 6.3284706717294421}]}, {"source": 79, "prod": 0.29371254897539117, "target": 64, "value": 0.0038383154379897765, "supply": [{"l": "Potash", "v": 0.096915000077531996}, {"l": "Phosphate", "v": 0.67627916720768999}, {"l": "Nitrogen", "v": 6.3284706717294421}]}, {"source": 79, "prod": 20.761805805697964, "target": 32, "value": 0.27132092252290235, "supply": [{"l": "Potash", "v": 0.096915000077531996}, {"l": "Phosphate", "v": 0.67627916720768999}, {"l": "Nitrogen", "v": 6.3284706717294421}]}, {"source": 79, "prod": 0.84442357830424974, "target": 27, "value": 0.011035156884220607, "supply": [{"l": "Potash", "v": 0.096915000077531996}, {"l": "Phosphate", "v": 0.67627916720768999}, {"l": "Nitrogen", "v": 6.3284706717294421}]}, {"source": 79, "prod": 1.7255612252304233, "target": 38, "value": 0.022550103198189939, "supply": [{"l": "Potash", "v": 0.096915000077531996}, {"l": "Phosphate", "v": 0.67627916720768999}, {"l": "Nitrogen", "v": 6.3284706717294421}]}, {"source": 79, "prod": 7.535562584649881, "target": 4, "value": 0.098476780455925214, "supply": [{"l": "Potash", "v": 0.096915000077531996}, {"l": "Phosphate", "v": 0.67627916720768999}, {"l": "Nitrogen", "v": 6.3284706717294421}]}, {"source": 79, "prod": 0.091785171554809752, "target": 42, "value": 0.0011994735743718053, "supply": [{"l": "Potash", "v": 0.096915000077531996}, {"l": "Phosphate", "v": 0.67627916720768999}, {"l": "Nitrogen", "v": 6.3284706717294421}]}, {"source": 79, "prod": 0.018357034310961948, "target": 43, "value": 0.00023989471487436103, "supply": [{"l": "Potash", "v": 0.096915000077531996}, {"l": "Phosphate", "v": 0.67627916720768999}, {"l": "Nitrogen", "v": 6.3284706717294421}]}, {"source": 79, "prod": 135.07105846005805, "target": 29, "value": 1.7651453120455487, "supply": [{"l": "Potash", "v": 0.096915000077531996}, {"l": "Phosphate", "v": 0.67627916720768999}, {"l": "Nitrogen", "v": 6.3284706717294421}]}, {"source": 79, "prod": 2.5149137006017872, "target": 61, "value": 0.03286557593778746, "supply": [{"l": "Potash", "v": 0.096915000077531996}, {"l": "Phosphate", "v": 0.67627916720768999}, {"l": "Nitrogen", "v": 6.3284706717294421}]}, {"source": 79, "prod": 12.381819642743835, "target": 47, "value": 0.16180898518275652, "supply": [{"l": "Potash", "v": 0.096915000077531996}, {"l": "Phosphate", "v": 0.67627916720768999}, {"l": "Nitrogen", "v": 6.3284706717294421}]}, {"source": 79, "prod": 1.2849924017673366, "target": 48, "value": 0.016792630041205275, "supply": [{"l": "Potash", "v": 0.096915000077531996}, {"l": "Phosphate", "v": 0.67627916720768999}, {"l": "Nitrogen", "v": 6.3284706717294421}]}, {"source": 79, "prod": 0.77099544106040196, "target": 49, "value": 0.010075578024723164, "supply": [{"l": "Potash", "v": 0.096915000077531996}, {"l": "Phosphate", "v": 0.67627916720768999}, {"l": "Nitrogen", "v": 6.3284706717294421}]}, {"source": 79, "prod": 9.1142675353926101, "target": 50, "value": 0.11910772593512027, "supply": [{"l": "Potash", "v": 0.096915000077531996}, {"l": "Phosphate", "v": 0.67627916720768999}, {"l": "Nitrogen", "v": 6.3284706717294421}]}, {"source": 79, "prod": 2.2579152202483197, "target": 52, "value": 0.029507049929546409, "supply": [{"l": "Potash", "v": 0.096915000077531996}, {"l": "Phosphate", "v": 0.67627916720768999}, {"l": "Nitrogen", "v": 6.3284706717294421}]}, {"source": 79, "prod": 13.097743980871352, "target": 55, "value": 0.1711648790628566, "supply": [{"l": "Potash", "v": 0.096915000077531996}, {"l": "Phosphate", "v": 0.67627916720768999}, {"l": "Nitrogen", "v": 6.3284706717294421}]}, {"source": 79, "prod": 4.5709015434295255, "target": 66, "value": 0.059733784003715901, "supply": [{"l": "Potash", "v": 0.096915000077531996}, {"l": "Phosphate", "v": 0.67627916720768999}, {"l": "Nitrogen", "v": 6.3284706717294421}]}, {"source": 79, "prod": 0.2661769975089483, "target": 57, "value": 0.0034784733656782357, "supply": [{"l": "Potash", "v": 0.096915000077531996}, {"l": "Phosphate", "v": 0.67627916720768999}, {"l": "Nitrogen", "v": 6.3284706717294421}]}, {"source": 79, "prod": 2.5883418378456353, "target": 60, "value": 0.033825154797284908, "supply": [{"l": "Potash", "v": 0.096915000077531996}, {"l": "Phosphate", "v": 0.67627916720768999}, {"l": "Nitrogen", "v": 6.3284706717294421}]}, {"source": 77, "prod": 0, "target": 79, "value": 8.4368494553844346, "supply": [{"l": "Natural gas (including LNG)", "v": 5.7517394992968169}, {"l": "Fuel oil", "v": 1.5664186870909698}, {"l": "Liquefied petroleum gas (LPG)", "v": 0.55934563449832386}, {"l": "Coal", "v": 0.55934563449832386}]}, {"source": 80, "prod": 0, "target": 5, "value": 0.00051202115501522124, "supply": "[{\"l\":'Labor',\"v\":0.00051202115501522124}]"}, {"source": 80, "prod": 0, "target": 23, "value": 0.0025601057750761062, "supply": "[{\"l\":'Labor',\"v\":0.0025601057750761062}]"}, {"source": 80, "prod": 0, "target": 9, "value": 0.011776486565350089, "supply": "[{\"l\":'Labor',\"v\":0.011776486565350089}]"}, {"source": 80, "prod": 0, "target": 3, "value": 0.0051202115501522124, "supply": "[{\"l\":'Labor',\"v\":0.0051202115501522124}]"}, {"source": 80, "prod": 0, "target": 14, "value": 0.035841480851065491, "supply": "[{\"l\":'Labor',\"v\":0.035841480851065491}]"}, {"source": 80, "prod": 0, "target": 2, "value": 7.5126303969608337, "supply": "[{\"l\":'Labor',\"v\":7.5126303969608337}]"}, {"source": 80, "prod": 0, "target": 17, "value": 0.94877520024320494, "supply": "[{\"l\":'Labor',\"v\":0.94877520024320494}]"}, {"source": 80, "prod": 0, "target": 19, "value": 0.040705681823710087, "supply": "[{\"l\":'Labor',\"v\":0.040705681823710087}]"}, {"source": 80, "prod": 0, "target": 20, "value": 0.011776486565350089, "supply": "[{\"l\":'Labor',\"v\":0.011776486565350089}]"}, {"source": 80, "prod": 0, "target": 8, "value": 0.49435642516719613, "supply": "[{\"l\":'Labor',\"v\":0.49435642516719613}]"}, {"source": 80, "prod": 0, "target": 24, "value": 0.014848613495441417, "supply": "[{\"l\":'Labor',\"v\":0.014848613495441417}]"}, {"source": 80, "prod": 0, "target": 65, "value": 0.028929195258360005, "supply": "[{\"l\":'Labor',\"v\":0.028929195258360005}]"}, {"source": 80, "prod": 0, "target": 55, "value": 0.36532709410336039, "supply": "[{\"l\":'Labor',\"v\":0.36532709410336039}]"}, {"source": 80, "prod": 0, "target": 26, "value": 0.00025601057750761062, "supply": "[{\"l\":'Labor',\"v\":0.00025601057750761062}]"}, {"source": 80, "prod": 0, "target": 27, "value": 0.023552973130700178, "supply": "[{\"l\":'Labor',\"v\":0.023552973130700178}]"}, {"source": 80, "prod": 0, "target": 66, "value": 0.12749326759879009, "supply": "[{\"l\":'Labor',\"v\":0.12749326759879009}]"}, {"source": 80, "prod": 0, "target": 67, "value": 0.020992867355624074, "supply": "[{\"l\":'Labor',\"v\":0.020992867355624074}]"}, {"source": 80, "prod": 0, "target": 31, "value": 0.00025601057750761062, "supply": "[{\"l\":'Labor',\"v\":0.00025601057750761062}]"}, {"source": 80, "prod": 0, "target": 64, "value": 0.0081923384802435398, "supply": "[{\"l\":'Labor',\"v\":0.0081923384802435398}]"}, {"source": 80, "prod": 0, "target": 32, "value": 0.57909592632221518, "supply": "[{\"l\":'Labor',\"v\":0.57909592632221518}]"}, {"source": 80, "prod": 0, "target": 34, "value": 0.0092163807902739831, "supply": "[{\"l\":'Labor',\"v\":0.0092163807902739831}]"}, {"source": 80, "prod": 0, "target": 75, "value": 0.013700025499055923, "supply": "[{\"l\":'Labor',\"v\":0.013700025499055923}]"}, {"source": 80, "prod": 0, "target": 38, "value": 0.048129988571430797, "supply": "[{\"l\":'Labor',\"v\":0.048129988571430797}]"}, {"source": 80, "prod": 0, "target": 4, "value": 0.21018468413374833, "supply": "[{\"l\":'Labor',\"v\":0.21018468413374833}]"}, {"source": 80, "prod": 0, "target": 42, "value": 0.0025601057750761062, "supply": "[{\"l\":'Labor',\"v\":0.0025601057750761062}]"}, {"source": 80, "prod": 0, "target": 43, "value": 0.00051202115501522124, "supply": "[{\"l\":'Labor',\"v\":0.00051202115501522124}]"}, {"source": 80, "prod": 0, "target": 29, "value": 3.7674516586019982, "supply": "[{\"l\":'Labor',\"v\":3.7674516586019982}]"}, {"source": 80, "prod": 0, "target": 47, "value": 0.34535826905776673, "supply": "[{\"l\":'Labor',\"v\":0.34535826905776673}]"}, {"source": 80, "prod": 0, "target": 48, "value": 0.035841480851065491, "supply": "[{\"l\":'Labor',\"v\":0.035841480851065491}]"}, {"source": 80, "prod": 0, "target": 49, "value": 0.021504888510639295, "supply": "[{\"l\":'Labor',\"v\":0.021504888510639295}]"}, {"source": 80, "prod": 0, "target": 50, "value": 0.25421850346505737, "supply": "[{\"l\":'Labor',\"v\":0.25421850346505737}]"}, {"source": 80, "prod": 0, "target": 52, "value": 0.062978602066872211, "supply": "[{\"l\":'Labor',\"v\":0.062978602066872211}]"}, {"source": 80, "prod": 0, "target": 35, "value": 0.002816116352583717, "supply": "[{\"l\":'Labor',\"v\":0.002816116352583717}]"}, {"source": 80, "prod": 0, "target": 57, "value": 0.0074243067477207086, "supply": "[{\"l\":'Labor',\"v\":0.0074243067477207086}]"}, {"source": 80, "prod": 0, "target": 60, "value": 0.072194982857146206, "supply": "[{\"l\":'Labor',\"v\":0.072194982857146206}]"}, {"source": 80, "prod": 0, "target": 61, "value": 0.070146898237085309, "supply": "[{\"l\":'Labor',\"v\":0.070146898237085309}]"}, {"source": 80, "prod": 0, "target": 39, "value": 0.00025601057750761062, "supply": "[{\"l\":'Labor',\"v\":0.00025601057750761062}]"}, {"source": 77, "prod": 0, "target": 70, "value": 1.1247138502409169, "supply": "[{\"l\":'Fossil Fuels',\"v\":1.1247138502409169}]"}, {"source": 78, "prod": 0, "target": 70, "value": 2.2448389032008618, "supply": "[{\"l\":'Renewables & Nuclear',\"v\":0.020684830308809951},{\"l\":'Biomass & Waste',\"v\":2.2241540728920519}]"}]}