{"nodes": [{"name": "Balance", "fill": "#9edae5"}, {"name": "Food", "fill": "#b5cf6b"}, {"name": "Export", "fill": "#aec7e8"}, {"name": "Biofuels & Other", "fill": "#e7ba52"}, {"name": "Crop Residue", "fill": "#bd9e39"}, {"name": "Renewables & Nuclear", "fill": "#2ca02c"}, {"name": "Fossil Fuels", "fill": "#c49c94"}, {"name": "Stock Draw", "fill": "#c7c7c7"}, {"name": "Labor", "fill": "#7f7f7f"}], "links": [{"source": 0, "target": 1, "value": 47.93368145364483}, {"source": 0, "target": 2, "value": 0.10223003928310165}, {"source": 0, "target": 3, "value": 0.14791074106592034}, {"source": 0, "target": 4, "value": 78.738596742320951}, {"source": 5, "target": 0, "value": 0.7833382296679976}, {"source": 6, "target": 0, "value": 2.031143562348106}, {"source": 7, "target": 0, "value": 4.3631260424948142}, {"source": 8, "target": 0, "value": 9.2729447588684177}]}