{"nodes": [{"layer": 13, "name": "Milk - Excluding Butter"}, {"layer": 10, "name": "Feed", "fill": "#dbdb8d"}, {"layer": 5, "name": "Cereals - Excluding Beer"}, {"layer": 5, "name": "Pulses"}, {"layer": 16, "name": "Food", "fill": "#b5cf6b"}, {"layer": 13, "name": "Meat"}, {"layer": 5, "name": "Treenuts"}, {"layer": 5, "name": "Vegetables"}, {"layer": 5, "name": "Others"}, {"layer": 5, "name": "Sugar Crops", "fill": "#ffbb78"}, {"layer": 13, "name": "Animal Fats"}, {"layer": 5, "name": "Starchy Roots"}, {"layer": 13, "name": "Aquatic Products, Other"}, {"layer": 13, "name": "Fish, Seafood"}, {"layer": 13, "name": "Sugar & Sweeteners"}, {"layer": 13, "name": "Vegetable Oils", "fill": "#f7b6d2"}, {"layer": 5, "name": "Spices"}, {"layer": 5, "name": "Stimulants"}, {"layer": 13, "name": "Eggs"}, {"layer": 5, "name": "Fruits - Excluding Wine"}, {"layer": 5, "name": "Oilcrops", "fill": "#ff9896"}, {"layer": 10, "name": "Processing", "fill": "#9edae5"}, {"layer": 16, "name": "Biofuels & Other", "fill": "#e7ba52"}, {"name": "Waste", "fill": "#c7c7c7"}, {"layer": 2, "name": "Import", "fill": "#aec7e8"}, {"layer": 16, "name": "Export", "fill": "#aec7e8"}, {"layer": 16, "name": "Stock Deposit", "fill": "#c7c7c7"}, {"layer": 0, "name": "Stock Draw", "fill": "#c7c7c7"}, {"name": "Crop Residue", "fill": "#bd9e39"}, {"layer": 2, "name": "Electricity", "fill": "#bcbd22"}, {"layer": 0, "name": "Fossil Fuels", "fill": "#c49c94"}, {"layer": 0, "name": "Renewables & Nuclear", "fill": "#2ca02c"}, {"layer": 2, "name": "Fertilizers", "fill": "#c5b0d5"}, {"layer": 0, "name": "Labor", "fill": "#7f7f7f"}], "links": [{"source": 0, "prod": 294.0, "target": 1, "value": 0.2122888366576571, "supply": [{"l": "Milk - Excluding Butter", "v": 0.2122888366576571}]}, {"source": 2, "prod": 286.0, "target": 1, "value": 1.209339938072302, "supply": [{"l": "Rice", "v": 1.2008499047552019}, {"l": "Barley", "v": 0.0084900333171}]}, {"source": 3, "prod": 2.0, "target": 1, "value": 0.0080390615704642038, "supply": [{"l": "Pulses, Other", "v": 0.0080390615704642038}]}, {"source": 0, "prod": 973.0, "target": 4, "value": 0.70257495941462711, "supply": [{"l": "Milk - Excluding Butter", "v": 0.70257495941462711}]}, {"source": 5, "prod": 259.0, "target": 4, "value": 0.45479881676860856, "supply": [{"l": "Meat, Other", "v": 0.0093640073350367663}, {"l": "Mutton & Goat Meat", "v": 0.037456029340147065}, {"l": "Poultry Meat", "v": 0.11236808802044118}, {"l": "Offals, Edible", "v": 0.037396575325321431}, {"l": "Bovine Meat", "v": 0.25821411674766209}]}, {"source": 6, "prod": 25.0, "target": 4, "value": 0.073189942388793117, "supply": [{"l": "Treenuts", "v": 0.073189942388793117}]}, {"source": 7, "prod": 1034.0, "target": 4, "value": 0.34637191092754976, "supply": [{"l": "Tomatoes", "v": 0.013773931229392302}, {"l": "Vegetables, Other", "v": 0.25867115897783094}, {"l": "Onions", "v": 0.073926820720326539}]}, {"source": 8, "prod": 25.0, "target": 4, "value": 0.073189942388793117, "supply": [{"l": "Nuts", "v": 0.073189942388793117}]}, {"source": 9, "prod": 317.0, "target": 4, "value": 0.11090689127145742, "supply": [{"l": "Sugar cane", "v": 0.11090689127145742}]}, {"source": 10, "prod": 28.0, "target": 4, "value": 0.29715116609850001, "supply": [{"l": "Fats, Animals, Raw", "v": 0.074287791524625002}, {"l": "Butter, Ghee", "v": 0.22286337457387501}]}, {"source": 11, "prod": 1516.0, "target": 4, "value": 1.4204714062033763, "supply": [{"l": "Roots, Other", "v": 0.016396439855177823}, {"l": "Potatoes", "v": 0.70243011500912278}, {"l": "Sweet potatoes", "v": 0.70164485133907561}]}, {"source": 3, "prod": 495.0, "target": 4, "value": 1.9574108407428419, "supply": [{"l": "Peas", "v": 0.10966293034587501}, {"l": "Beans", "v": 0.33238480436446499}, {"l": "Pulses, Other", "v": 1.5153631060325019}]}, {"source": 12, "prod": 6.0, "target": 4, "value": 0.0055369782502826094, "supply": [{"l": "Aquatic Products, Other", "v": 0.0027684891251413047}, {"l": "Aquatic Animals, Others", "v": 0.0027684891251413047}]}, {"source": 13, "prod": 1351.0, "target": 4, "value": 1.1134506831389417, "supply": [{"l": "Pelagic Fish", "v": 0.036913188335217402}, {"l": "Crustaceans", "v": 0.0042987510466329119}, {"l": "Marine Fish, Other", "v": 0.037007837536076921}, {"l": "Demersal Fish", "v": 0.036913188335217402}, {"l": "Freshwater Fish", "v": 0.44362095348248515}, {"l": "Fish, Seafood", "v": 0.55469676440331195}]}, {"source": 14, "prod": 767.0, "target": 4, "value": 2.9671864082715769, "supply": [{"l": "Sugar", "v": 0.89685946940555328}, {"l": "Sugar non-centrifugal", "v": 1.699956357918708}, {"l": "Sweeteners, Other", "v": 0.3703705809473154}]}, {"source": 2, "prod": 15079.0, "target": 4, "value": 62.39694466168352, "supply": [{"l": "Maize", "v": 0.0034990028445279937}, {"l": "Barley", "v": 0.038205149926950004}, {"l": "Rice", "v": 54.363828258583204}, {"l": "Wheat", "v": 7.8741409761478005}, {"l": "Sorghum", "v": 0.0071303014186582039}, {"l": "Millet", "v": 0.11014097276237837}]}, {"source": 15, "prod": 237.0, "target": 4, "value": 2.4375401468226179, "supply": [{"l": "Ricebran Oil", "v": 0.010246591934431035}, {"l": "Groundnut Oil", "v": 0.072771714146571437}, {"l": "Soyabean Oil", "v": 0.29715116609850001}, {"l": "Palm Oil", "v": 0.73782432398607156}, {"l": "Coconut Oil", "v": 0.25616479836077588}, {"l": "Rape and Mustard Oil", "v": 0.76849439508232764}, {"l": "Sesameseed Oil", "v": 0.22413687957144002}, {"l": "Oilcrops Oil, Other", "v": 0.0424501665855}, {"l": "Cottonseed Oil", "v": 0.028300111057000001}]}, {"source": 16, "prod": 121.0, "target": 4, "value": 0.44030708148167885, "supply": [{"l": "Pimento", "v": 0.14649469253035294}, {"l": "Spices, Other", "v": 0.29381238895132589}]}, {"source": 17, "prod": 1.0, "target": 4, "value": 0.0031285112628935091, "supply": [{"l": "Tea", "v": 0.0031285112628935091}]}, {"source": 18, "prod": 56.0, "target": 4, "value": 0.1114316872869375, "supply": [{"l": "Eggs", "v": 0.1114316872869375}]}, {"source": 19, "prod": 1233.0, "target": 4, "value": 0.71548468061755655, "supply": [{"l": "Grapes", "v": 0.00079099689289751556}, {"l": "Dates", "v": 0.0018456594167608697}, {"l": "Apples", "v": 0.0011010129661945247}, {"l": "Lemons, Limes", "v": 0.0020376079961039999}, {"l": "Pineapples", "v": 0.036947367213305563}, {"l": "Bananas", "v": 0.44378650607666759}, {"l": "Fruits, Other", "v": 0.22158986957630999}, {"l": "Grapefruit", "v": 0.0020376079961039999}, {"l": "Oranges, Mandarines", "v": 0.0053480524832125982}]}, {"source": 20, "prod": 6.0, "target": 4, "value": 0.019007666054442381, "supply": [{"l": "Coconuts - Incl Copra", "v": 0.0066263674670048777}, {"l": "Groundnuts", "v": 0.012381298587437502}]}, {"source": 14, "prod": 379.0, "target": 21, "value": 1.0797726936848659, "supply": [{"l": "Sweeteners, Other", "v": 1.0797726936848659}]}, {"source": 9, "prod": 6636.0, "target": 21, "value": 2.3216975724838842, "supply": [{"l": "Sugar cane", "v": 2.3216975724838842}]}, {"source": 20, "prod": 504.19047619047626, "target": 21, "value": 1.4441734417339318, "supply": [{"l": "Rape and Mustardseed", "v": 0.27428444392000001}, {"l": "Groundnuts", "v": 0.080478440818343752}, {"l": "Cottonseed", "v": 0.02208222218}, {"l": "Oilcrops, Other", "v": 0.20012221390307147}, {"l": "Coconuts - Incl Copra", "v": 0.1192746144060878}, {"l": "Sesame seed", "v": 0.42450166585499999}, {"l": "Oil Palm", "v": 0.32342984065142888}]}, {"source": 15, "prod": 54.0, "target": 22, "value": 0.51477274670319673, "supply": [{"l": "Palm Oil", "v": 0.25267956300892863}, {"l": "Coconut Oil", "v": 0.030739775803293106}, {"l": "Oilcrops Oil, Other", "v": 0.17829069965910002}, {"l": "Soyabean Oil", "v": 0.053062708231874998}]}, {"source": 10, "prod": 16.0, "target": 22, "value": 0.169800666342, "supply": [{"l": "Fats, Animals, Raw", "v": 0.169800666342}]}, {"source": 11, "prod": 110.0, "target": 11, "value": 0.088104119328396222, "supply": [{"l": "Potatoes", "v": 0.088104119328396222}]}, {"source": 2, "prod": 706.0, "target": 2, "value": 2.950990830272362, "supply": [{"l": "Wheat", "v": 0.1879960196325462}, {"l": "Millet", "v": 0.010325716196472974}, {"l": "Barley", "v": 0.00424501665855}, {"l": "Rice", "v": 2.7484240777847928}]}, {"source": 18, "prod": 7.0, "target": 18, "value": 0.013928960910867188, "supply": [{"l": "Eggs", "v": 0.013928960910867188}]}, {"source": 3, "prod": 19.0, "target": 3, "value": 0.075176990164187316, "supply": [{"l": "Beans", "v": 0.022923089956170001}, {"l": "Pulses, Other", "v": 0.052253900208017318}]}, {"source": 20, "prod": 12.0, "target": 20, "value": 0.046919675144775165, "supply": [{"l": "Cottonseed", "v": 0.0011622222200000001}, {"l": "Sesame seed", "v": 0.015436424212909092}, {"l": "Rape and Mustardseed", "v": 0.0058111111000000003}, {"l": "Groundnuts", "v": 0.012381298587437502}, {"l": "Oilcrops, Other", "v": 0.012128619024428572}]}, {"source": 0, "prod": 78.0, "target": 23, "value": 0.056321528092847808, "supply": [{"l": "Milk - Excluding Butter", "v": 0.056321528092847808}]}, {"source": 20, "prod": 11.0, "target": 23, "value": 0.025231260892171269, "supply": [{"l": "Coconuts - Incl Copra", "v": 0.0033131837335024388}, {"l": "Sesame seed", "v": 0.007718212106454546}, {"l": "Rape and Mustardseed", "v": 0.0081355555400000005}, {"l": "Oilcrops, Other", "v": 0.0060643095122142861}]}, {"source": 6, "prod": 1.0, "target": 23, "value": 0.002927597695551724, "supply": [{"l": "Treenuts", "v": 0.002927597695551724}]}, {"source": 18, "prod": 7.0, "target": 23, "value": 0.013928960910867188, "supply": [{"l": "Eggs", "v": 0.013928960910867188}]}, {"source": 9, "prod": 183.0, "target": 23, "value": 0.064025113888570045, "supply": [{"l": "Sugar cane", "v": 0.064025113888570045}]}, {"source": 11, "prod": 179.0, "target": 23, "value": 0.16593931987887245, "supply": [{"l": "Potatoes", "v": 0.088104119328396222}, {"l": "Sweet potatoes", "v": 0.077835200550476227}]}, {"source": 3, "prod": 26.0, "target": 23, "value": 0.10351272145334912, "supply": [{"l": "Beans", "v": 0.019102574963475002}, {"l": "Pulses, Other", "v": 0.084410146489874119}]}, {"source": 8, "prod": 1.0, "target": 23, "value": 0.002927597695551724, "supply": [{"l": "Nuts", "v": 0.002927597695551724}]}, {"source": 19, "prod": 135.0, "target": 23, "value": 0.078366163724664345, "supply": [{"l": "Fruits, Other", "v": 0.024451295953248003}, {"l": "Pineapples", "v": 0.0041926090454814822}, {"l": "Bananas", "v": 0.049388005445734066}, {"l": "Oranges, Mandarines", "v": 0.00033425328020078739}]}, {"source": 2, "prod": 523.0, "target": 23, "value": 2.1532024851627889, "supply": [{"l": "Barley", "v": 0.00424501665855}, {"l": "Rice", "v": 1.8055032018678563}, {"l": "Wheat", "v": 0.34345426663638251}]}, {"source": 16, "prod": 1.0, "target": 23, "value": 0.0033294248302352942, "supply": [{"l": "Pimento", "v": 0.0033294248302352942}]}, {"source": 17, "prod": 1.0, "target": 23, "value": 0.0031285112628935091, "supply": [{"l": "Tea", "v": 0.0031285112628935091}]}, {"source": 7, "prod": 104.0, "target": 23, "value": 0.033162787610655206, "supply": [{"l": "Vegetables, Other", "v": 0.02748571937190648}, {"l": "Tomatoes", "v": 0.0016341952306058664}, {"l": "Onions", "v": 0.0040428730081428577}]}, {"source": 24, "prod": 2.0, "target": 8, "value": 0.0058551953911034479, "supply": [{"l": "Nuts", "v": 0.0058551953911034479}]}, {"source": 24, "prod": 149.0, "target": 1, "value": 0.10758856007479901, "supply": [{"l": "Milk - Excluding Butter", "v": 0.10758856007479901}]}, {"source": 24, "prod": 1848.0, "target": 2, "value": 6.8435438877822357, "supply": [{"l": "Sorghum", "v": 0.003565150709329102}, {"l": "Rice", "v": 1.1078263205840244}, {"l": "Wheat", "v": 5.7194173665132322}, {"l": "Barley", "v": 0.012735049975650002}]}, {"source": 24, "prod": 7.0, "target": 3, "value": 0.02813671549662471, "supply": [{"l": "Pulses, Other", "v": 0.02813671549662471}]}, {"source": 24, "prod": 231.0, "target": 21, "value": 2.0157995380999711, "supply": [{"l": "Coconut Oil", "v": 0.20493183868862072}, {"l": "Rape and Mustard Oil", "v": 0.051232959672155159}, {"l": "Oilcrops Oil, Other", "v": 0.1188604664394}, {"l": "Sugar", "v": 0.21198496549585805}, {"l": "Butter, Ghee", "v": 0.074287791524625002}, {"l": "Fats, Animals, Raw", "v": 0.169800666342}, {"l": "Sweeteners, Other", "v": 0.0056980089376510064}, {"l": "Soyabean Oil", "v": 0.35021387433037504}, {"l": "Palm Oil", "v": 0.82878896666928581}]}, {"source": 24, "prod": 2.0, "target": 6, "value": 0.0058551953911034479, "supply": [{"l": "Treenuts", "v": 0.0058551953911034479}]}, {"source": 24, "prod": 20.0, "target": 7, "value": 0.0069244068531038767, "supply": [{"l": "Vegetables, Other", "v": 0.0051917469924712238}, {"l": "Onions", "v": 0.0017326598606326531}]}, {"source": 24, "prod": 19.0, "target": 19, "value": 0.010327806948291635, "supply": [{"l": "Dates", "v": 0.0018456594167608697}, {"l": "Grapes", "v": 0.00079099689289751556}, {"l": "Apples", "v": 0.0011010129661945247}, {"l": "Fruits, Other", "v": 0.0045846179912340003}, {"l": "Oranges, Mandarines", "v": 0.0020055196812047245}]}, {"source": 24, "prod": 18.0, "target": 20, "value": 0.020919999960000001, "supply": [{"l": "Rape and Mustardseed", "v": 0.020919999960000001}]}, {"source": 24, "prod": 4.0, "target": 16, "value": 0.014776660763403835, "supply": [{"l": "Spices, Other", "v": 0.011447235933168541}, {"l": "Pimento", "v": 0.0033294248302352942}]}, {"source": 24, "prod": 19.0, "target": 11, "value": 0.017998332933875937, "supply": [{"l": "Roots, Other", "v": 0.016396439855177823}, {"l": "Potatoes", "v": 0.0016018930786981134}]}, {"source": 2, "prod": 20.0, "target": 25, "value": 0.084566894701070566, "supply": [{"l": "Rice", "v": 0.084566894701070566}]}, {"source": 17, "prod": 39.0, "target": 25, "value": 0.12201193925284687, "supply": [{"l": "Tea", "v": 0.12201193925284687}]}, {"source": 20, "prod": 1.0, "target": 25, "value": 0.0060643095122142861, "supply": [{"l": "Oilcrops, Other", "v": 0.0060643095122142861}]}, {"source": 13, "prod": 20.0, "target": 25, "value": 0.014681256104320958, "supply": [{"l": "Marine Fish, Other", "v": 0.0021769316197692307}, {"l": "Fish, Seafood", "v": 0.0082055734379188148}, {"l": "Crustaceans", "v": 0.0042987510466329119}]}, {"source": 5, "prod": 3.0, "target": 25, "value": 0.0046820036675183831, "supply": [{"l": "Meat, Other", "v": 0.0046820036675183831}]}, {"source": 2, "prod": 472.0, "target": 26, "value": 1.8584585019411664, "supply": [{"l": "Rice", "v": 1.048629494293275}, {"l": "Wheat", "v": 0.80982900764789134}]}, {"source": 27, "prod": 16.0, "target": 21, "value": 0.16171492032571433, "supply": [{"l": "Palm Oil", "v": 0.16171492032571433}]}, {"source": 14, "prod": 52.0, "target": 26, "value": 0.21198496549585805, "supply": [{"l": "Sugar", "v": 0.21198496549585805}]}, {"source": 1, "prod": 1345.0, "target": 0, "value": 0.97118532416513204, "supply": [{"l": "Milk - Excluding Butter", "v": 0.97118532416513204}]}, {"source": 1, "prod": 63.0, "target": 18, "value": 0.12536064819780468, "supply": [{"l": "Eggs", "v": 0.13928960910867186}]}, {"source": 1, "prod": 262.0, "target": 5, "value": 0.45948082043612692, "supply": [{"l": "Poultry Meat", "v": 0.11236808802044118}, {"l": "Bovine Meat", "v": 0.25821411674766209}, {"l": "Meat, Other", "v": 0.014046011002555149}, {"l": "Offals, Edible", "v": 0.037396575325321431}, {"l": "Mutton & Goat Meat", "v": 0.037456029340147065}]}, {"source": 1, "prod": 1371.0, "target": 13, "value": 1.1281319392432627, "supply": [{"l": "Pelagic Fish", "v": 0.036913188335217402}, {"l": "Crustaceans", "v": 0.0085975020932658238}, {"l": "Freshwater Fish", "v": 0.44362095348248515}, {"l": "Demersal Fish", "v": 0.036913188335217402}, {"l": "Fish, Seafood", "v": 0.56290233784123078}, {"l": "Marine Fish, Other", "v": 0.03918476915584615}]}, {"source": 1, "prod": 6.0, "target": 12, "value": 0.0055369782502826094, "supply": [{"l": "Aquatic Products, Other", "v": 0.0027684891251413047}, {"l": "Aquatic Animals, Others", "v": 0.0027684891251413047}]}, {"source": 21, "prod": 1198.0, "target": 14, "value": 4.2589440674523003, "supply": [{"l": "Sweeteners, Other", "v": 1.4501432746321814}, {"l": "Sugar non-centrifugal", "v": 1.699956357918708}, {"l": "Sugar", "v": 1.1088444349014113}]}, {"source": 21, "prod": 291.0, "target": 15, "value": 2.9523128935258147, "supply": [{"l": "Ricebran Oil", "v": 0.010246591934431035}, {"l": "Sesameseed Oil", "v": 0.22413687957144002}, {"l": "Soyabean Oil", "v": 0.35021387433037499}, {"l": "Coconut Oil", "v": 0.286904574164069}, {"l": "Rape and Mustard Oil", "v": 0.76849439508232764}, {"l": "Cottonseed Oil", "v": 0.028300111057000001}, {"l": "Groundnut Oil", "v": 0.072771714146571437}, {"l": "Palm Oil", "v": 0.99050388699500025}, {"l": "Oilcrops Oil, Other", "v": 0.22074086624460001}]}, {"source": 21, "prod": 44.0, "target": 10, "value": 0.46695183244049998, "supply": [{"l": "Fats, Animals, Raw", "v": 0.244088457866625}, {"l": "Butter, Ghee", "v": 0.22286337457387501}]}, {"source": 20, "prod": 449.5, "target": 28, "value": 1.2079036088834827, "supply": [{"l": "Coconuts - Incl Copra", "v": 0.12838586967321952}, {"l": "Sesame seed", "v": 0.4476563021743637}, {"l": "Rape and Mustardseed", "v": 0.27835222169000001}, {"l": "Oilcrops, Other", "v": 0.22134729719582147}, {"l": "Cottonseed", "v": 0.023825555509999999}, {"l": "Groundnuts", "v": 0.10833636264007812}]}, {"source": 7, "prod": 1127.5, "target": 28, "value": 2.9692104591094912, "supply": [{"l": "Tomatoes", "v": 0.075567347854289646}, {"l": "Vegetables, Other", "v": 3.2373699938099998}, {"l": "Onions", "v": 0.46546999911000003}]}, {"source": 9, "prod": 2854.4000000000001, "target": 28, "value": 9.9523413143040003, "supply": [{"l": "Sugar cane", "v": 9.9523413143040003}]}, {"source": 11, "prod": 898.0, "target": 28, "value": 3.0114493825501394, "supply": [{"l": "Roots, Other", "v": 0.014818333305000002}, {"l": "Sweet potatoes", "v": 1.2055149976950001}, {"l": "Potatoes", "v": 1.9106933296800004}]}, {"source": 3, "prod": 538.5, "target": 28, "value": 1.943939088462268, "supply": [{"l": "Peas", "v": 0.10808666646000001}, {"l": "Beans", "v": 0.34169333268000002}, {"l": "Pulses, Other", "v": 1.4277899972699999}]}, {"source": 2, "prod": 32324.0, "target": 28, "value": 119.54360657469928, "supply": [{"l": "Maize", "v": 0.0062215178895341817}, {"l": "Barley", "v": 0.080193333179999993}, {"l": "Rice", "v": 100.10219980860001}, {"l": "Wheat", "v": 12.259119976559999}, {"l": "Sorghum", "v": 0.0095087014368954864}, {"l": "Millet", "v": 0.24406666620000003}]}, {"source": 29, "prod": 0, "target": 20, "value": 0.022209827886320085, "supply": "[{\"l\":'Energy for power irrigation',\"v\":0.022209827886320085}]"}, {"source": 29, "prod": 0, "target": 6, "value": 0.0010562217165920598, "supply": "[{\"l\":'Energy for power irrigation',\"v\":0.0010562217165920598}]"}, {"source": 29, "prod": 0, "target": 7, "value": 0.047635599418301894, "supply": "[{\"l\":'Energy for power irrigation',\"v\":0.047635599418301894}]"}, {"source": 29, "prod": 0, "target": 9, "value": 0.30148792678403752, "supply": "[{\"l\":'Energy for power irrigation',\"v\":0.30148792678403752}]"}, {"source": 29, "prod": 0, "target": 11, "value": 0.075878968119973578, "supply": "[{\"l\":'Energy for power irrigation',\"v\":0.075878968119973578}]"}, {"source": 29, "prod": 0, "target": 3, "value": 0.022751015775392968, "supply": "[{\"l\":'Energy for power irrigation',\"v\":0.022751015775392968}]"}, {"source": 29, "prod": 0, "target": 8, "value": 0.0010562217165920598, "supply": "[{\"l\":'Energy for power irrigation',\"v\":0.0010562217165920598}]"}, {"source": 29, "prod": 0, "target": 19, "value": 0.057395088079612529, "supply": "[{\"l\":'Energy for power irrigation',\"v\":0.057395088079612529}]"}, {"source": 29, "prod": 0, "target": 2, "value": 0.68282621534243482, "supply": "[{\"l\":'Energy for power irrigation',\"v\":0.68282621534243482}]"}, {"source": 29, "prod": 0, "target": 16, "value": 0.0050698642396418874, "supply": "[{\"l\":'Energy for power irrigation',\"v\":0.0050698642396418874}]"}, {"source": 29, "prod": 0, "target": 17, "value": 0.0017322036152109779, "supply": "[{\"l\":'Energy for power irrigation',\"v\":0.0017322036152109779}]"}, {"source": 29, "prod": 0, "target": 21, "value": 0.045000000035999993, "supply": "[{\"l\":'Electricity',\"v\":0.045000000035999993}]"}, {"source": 30, "prod": 0, "target": 29, "value": 2.4419194918924059, "supply": [{"l": "Coal", "v": 0.0}, {"l": "Natural gas", "v": 1.6146581539900129}, {"l": "Oil", "v": 0.82726133790239287}]}, {"source": 31, "prod": 0, "target": 29, "value": 0.21776148118506203, "supply": [{"l": "Nuclear", "v": 0.0}, {"l": "Hydroelectric", "v": 0.21776148118506203}, {"l": "Renewable", "v": 0.0}]}, {"source": 30, "prod": 0, "target": 20, "value": 0.025618541517587929, "supply": [{"l": "Gas-Diesel oil", "v": 0.021978269403611847}, {"l": "Natural gas (including LNG)", "v": 0.003640272113976082}]}, {"source": 30, "prod": 0, "target": 6, "value": 0.0012183282120325795, "supply": [{"l": "Gas-Diesel oil", "v": 0.0010452096052263435}, {"l": "Natural gas (including LNG)", "v": 0.00017311860680623606}]}, {"source": 30, "prod": 0, "target": 7, "value": 0.054946602362669329, "supply": [{"l": "Gas-Diesel oil", "v": 0.047138953195708093}, {"l": "Natural gas (including LNG)", "v": 0.0078076491669612459}]}, {"source": 30, "prod": 0, "target": 9, "value": 0.34775960484257951, "supply": [{"l": "Gas-Diesel oil", "v": 0.2983446297158075}, {"l": "Natural gas (including LNG)", "v": 0.049414975126772016}]}, {"source": 30, "prod": 0, "target": 11, "value": 0.087524698752420513, "supply": [{"l": "Gas-Diesel oil", "v": 0.075087858039460526}, {"l": "Natural gas (including LNG)", "v": 0.012436840712959998}]}, {"source": 30, "prod": 0, "target": 3, "value": 0.026242789687181765, "supply": [{"l": "Gas-Diesel oil", "v": 0.022513814896575439}, {"l": "Natural gas (including LNG)", "v": 0.0037289747906063247}]}, {"source": 30, "prod": 0, "target": 8, "value": 0.0012183282120325795, "supply": [{"l": "Gas-Diesel oil", "v": 0.0010452096052263435}, {"l": "Natural gas (including LNG)", "v": 0.00017311860680623606}]}, {"source": 30, "prod": 0, "target": 19, "value": 0.066203955041850379, "supply": [{"l": "Gas-Diesel oil", "v": 0.05679668994799951}, {"l": "Natural gas (including LNG)", "v": 0.0094072650938508678}]}, {"source": 30, "prod": 0, "target": 2, "value": 0.78762482251482202, "supply": [{"l": "Gas-Diesel oil", "v": 0.67570710558672664}, {"l": "Natural gas (including LNG)", "v": 0.11191771692809549}]}, {"source": 30, "prod": 0, "target": 16, "value": 0.0058479754177563825, "supply": [{"l": "Gas-Diesel oil", "v": 0.0050170061050864492}, {"l": "Natural gas (including LNG)", "v": 0.00083096931266993311}]}, {"source": 30, "prod": 0, "target": 17, "value": 0.0019980582677334301, "supply": [{"l": "Gas-Diesel oil", "v": 0.0017141437525712033}, {"l": "Natural gas (including LNG)", "v": 0.00028391451516222713}]}, {"source": 32, "prod": 8.4036865868812907, "target": 20, "value": 0.11299916413772165, "supply": [{"l": "Potash", "v": 0.076916666728200009}, {"l": "Phosphate", "v": 0.53193333375887997}, {"l": "Nitrogen", "v": 5.5936827683638342}]}, {"source": 32, "prod": 0.39964993506161306, "target": 6, "value": 0.0053738449361206446, "supply": [{"l": "Potash", "v": 0.076916666728200009}, {"l": "Phosphate", "v": 0.53193333375887997}, {"l": "Nitrogen", "v": 5.5936827683638342}]}, {"source": 32, "prod": 18.024212071278747, "target": 7, "value": 0.24236040661904107, "supply": [{"l": "Potash", "v": 0.076916666728200009}, {"l": "Phosphate", "v": 0.53193333375887997}, {"l": "Nitrogen", "v": 5.5936827683638342}]}, {"source": 32, "prod": 114.07607746398683, "target": 9, "value": 1.5339102985662769, "supply": [{"l": "Potash", "v": 0.076916666728200009}, {"l": "Phosphate", "v": 0.53193333375887997}, {"l": "Nitrogen", "v": 5.5936827683638342}]}, {"source": 32, "prod": 28.710851334826284, "target": 11, "value": 0.38605702021090715, "supply": [{"l": "Potash", "v": 0.076916666728200009}, {"l": "Phosphate", "v": 0.53193333375887997}, {"l": "Nitrogen", "v": 5.5936827683638342}]}, {"source": 32, "prod": 8.6084596012271462, "target": 3, "value": 0.11575261992403869, "supply": [{"l": "Potash", "v": 0.076916666728200009}, {"l": "Phosphate", "v": 0.53193333375887997}, {"l": "Nitrogen", "v": 5.5936827683638342}]}, {"source": 32, "prod": 0.39964993506161306, "target": 8, "value": 0.0053738449361206446, "supply": [{"l": "Potash", "v": 0.076916666728200009}, {"l": "Phosphate", "v": 0.53193333375887997}, {"l": "Nitrogen", "v": 5.5936827683638342}]}, {"source": 32, "prod": 21.716977471248054, "target": 19, "value": 0.29201473382879584, "supply": [{"l": "Potash", "v": 0.076916666728200009}, {"l": "Phosphate", "v": 0.53193333375887997}, {"l": "Nitrogen", "v": 5.5936827683638342}]}, {"source": 32, "prod": 258.36569001863165, "target": 2, "value": 3.474083274303275, "supply": [{"l": "Potash", "v": 0.076916666728200009}, {"l": "Phosphate", "v": 0.53193333375887997}, {"l": "Nitrogen", "v": 5.5936827683638342}]}, {"source": 32, "prod": 1.918319688295743, "target": 16, "value": 0.025794455693379098, "supply": [{"l": "Potash", "v": 0.076916666728200009}, {"l": "Phosphate", "v": 0.53193333375887997}, {"l": "Nitrogen", "v": 5.5936827683638342}]}, {"source": 32, "prod": 0.65542589350104541, "target": 17, "value": 0.0088131056952378568, "supply": [{"l": "Potash", "v": 0.076916666728200009}, {"l": "Phosphate", "v": 0.53193333375887997}, {"l": "Nitrogen", "v": 5.5936827683638342}]}, {"source": 30, "prod": 0, "target": 32, "value": 7.3635087492592479, "supply": [{"l": "Natural gas (including LNG)", "v": 5.0184591753117589}, {"l": "Fuel oil", "v": 1.3562476344110381}, {"l": "Liquefied petroleum gas (LPG)", "v": 0.49440096976822556}, {"l": "Coal", "v": 0.49440096976822556}]}, {"source": 33, "prod": 0, "target": 11, "value": 0.91231690791189823, "supply": "[{\"l\":'Labor',\"v\":0.91231690791189823}]"}, {"source": 33, "prod": 0, "target": 6, "value": 0.01269928880723689, "supply": "[{\"l\":'Labor',\"v\":0.01269928880723689}]"}, {"source": 33, "prod": 0, "target": 7, "value": 0.57273792520638367, "supply": "[{\"l\":'Labor',\"v\":0.57273792520638367}]"}, {"source": 33, "prod": 0, "target": 9, "value": 3.624884997137698, "supply": "[{\"l\":'Labor',\"v\":3.624884997137698}]"}, {"source": 33, "prod": 0, "target": 3, "value": 0.27354268090788264, "supply": "[{\"l\":'Labor',\"v\":0.27354268090788264}]"}, {"source": 33, "prod": 0, "target": 8, "value": 0.01269928880723689, "supply": "[{\"l\":'Labor',\"v\":0.01269928880723689}]"}, {"source": 33, "prod": 0, "target": 2, "value": 8.209836228102505, "supply": "[{\"l\":'Labor',\"v\":8.209836228102505}]"}, {"source": 33, "prod": 0, "target": 16, "value": 0.06095658627473708, "supply": "[{\"l\":'Labor',\"v\":0.06095658627473708}]"}, {"source": 33, "prod": 0, "target": 17, "value": 0.0208268336438685, "supply": "[{\"l\":'Labor',\"v\":0.0208268336438685}]"}, {"source": 33, "prod": 0, "target": 19, "value": 0.69007935378525265, "supply": "[{\"l\":'Labor',\"v\":0.69007935378525265}]"}, {"source": 33, "prod": 0, "target": 20, "value": 0.26703580721426984, "supply": "[{\"l\":'Labor',\"v\":0.26703580721426984}]"}, {"source": 30, "prod": 0, "target": 24, "value": 1.0578125051115905, "supply": "[{\"l\":'Fossil Fuels',\"v\":1.0578125051115905}]"}, {"source": 31, "prod": 0, "target": 24, "value": 1.9684810854260604, "supply": "[{\"l\":'Renewables & Nuclear',\"v\":0.01502925910005974},{\"l\":'Biomass & Waste',\"v\":1.9534518263260006}]"}]}