{"nodes": [{"layer": 3, "name": "Cereals", "fill": "#e7ba52"}, {"layer": 5, "name": "Production", "fill": "#b5cf6b"}, {"layer": 3, "name": "Oilcrops", "fill": "#ff9896"}, {"layer": 3, "name": "Sugar Crops", "fill": "#ffbb78"}, {"layer": 3, "name": "Starchy Roots"}, {"layer": 3, "name": "Fruits & Vegetables"}, {"layer": 3, "name": "Others"}, {"layer": 1, "name": "Electricity", "fill": "#bcbd22"}, {"layer": 0, "name": "Fossil Fuels", "fill": "#c49c94"}, {"layer": 0, "name": "Renewables & Nuclear", "fill": "#2ca02c"}, {"layer": 1, "name": "Fertilizers", "fill": "#c5b0d5"}, {"layer": 0, "name": "Labor", "fill": "#7f7f7f"}], "links": [{"source": 0, "prod": 15952.0, "target": 1, "value": 66.695617055383522, "supply": [{"l": "Maize", "v": 0.0034790215605657805}, {"l": "Barley", "v": 0.036385857073285718}, {"l": "Rice", "v": 61.856994976928682}, {"l": "Wheat", "v": 4.3940919266459826}, {"l": "Sorghum", "v": 0.0035306714955058035}, {"l": "Millet", "v": 0.40113460167949549}]}, {"source": 2, "prod": 459.0, "target": 1, "value": 1.1128099461045795, "supply": [{"l": "Coconuts - Incl Copra", "v": 0.12812232096714546}, {"l": "Sesame seed", "v": 0.35503775689690914}, {"l": "Oilcrops, Other", "v": 0.17404568300055001}, {"l": "Cottonseed", "v": 0.013946666640000001}, {"l": "Groundnuts", "v": 0.14645307471997501}, {"l": "Rape and Mustardseed", "v": 0.29520444388}]}, {"source": 3, "prod": 7169.0, "target": 1, "value": 2.5013033774091742, "supply": [{"l": "Sugar cane", "v": 2.5013033774091742}]}, {"source": 4, "prod": 1861.0, "target": 1, "value": 1.7016410184307484, "supply": [{"l": "Sweet potatoes", "v": 0.77940692125651934}, {"l": "Potatoes", "v": 0.92223409717422911}]}, {"source": 5, "prod": 3085.0, "target": 1, "value": 3.4083901626148485, "supply": [{"l": "Grapefruit", "v": 0.0032228976800271151}, {"l": "Tomatoes", "v": 0.01574117765230558}, {"l": "Treenuts", "v": 0.056600222114000003}, {"l": "Vegetables, Other", "v": 0.30261461961205771}, {"l": "Peas", "v": 0.1188604664394}, {"l": "Beans", "v": 0.34740825987213797}, {"l": "Pulses, Other", "v": 1.7404568300055001}, {"l": "Lemons, Limes", "v": 0.0023020697714479393}, {"l": "Pineapples", "v": 0.04343737976190698}, {"l": "Bananas", "v": 0.51995174456795856}, {"l": "Fruits, Other", "v": 0.21317166083607919}, {"l": "Oranges, Mandarines", "v": 0.0036779927727509025}, {"l": "Onions", "v": 0.040944841529276604}]}, {"source": 6, "prod": 178.0, "target": 1, "value": 0.58449546867460822, "supply": [{"l": "Nuts", "v": 0.056600222114000003}, {"l": "Pimento", "v": 0.15315354219082353}, {"l": "Spices, Other", "v": 0.2666741234217308}, {"l": "Tea", "v": 0.10806758094805394}]}, {"source": 7, "prod": 0, "target": 0, "value": 0.87814045588144496, "supply": "[{\"l\":'Energy for power irrigation',\"v\":0.87814045588144496}]"}, {"source": 7, "prod": 0, "target": 2, "value": 0.024290752609222786, "supply": "[{\"l\":'Energy for power irrigation',\"v\":0.024290752609222786}]"}, {"source": 7, "prod": 0, "target": 3, "value": 0.370906081907387, "supply": "[{\"l\":'Energy for power irrigation',\"v\":0.370906081907387}]"}, {"source": 7, "prod": 0, "target": 4, "value": 0.096593898022191579, "supply": "[{\"l\":'Energy for power irrigation',\"v\":0.096593898022191579}]"}, {"source": 7, "prod": 0, "target": 5, "value": 0.16041209470691217, "supply": "[{\"l\":'Energy for power irrigation',\"v\":0.16041209470691217}]"}, {"source": 7, "prod": 0, "target": 6, "value": 0.0095714360654019504, "supply": "[{\"l\":'Energy for power irrigation',\"v\":0.0095714360654019504}]"}, {"source": 8, "prod": 0, "target": 7, "value": 2.7211075741417461, "supply": [{"l": "Coal", "v": 0.0}, {"l": "Natural gas", "v": 1.9700941451223637}, {"l": "Oil", "v": 0.75101342901938239}]}, {"source": 9, "prod": 0, "target": 7, "value": 0.34828630940890798, "supply": [{"l": "Nuclear", "v": 0.0}, {"l": "Hydroelectric", "v": 0.34828630940890798}, {"l": "Renewable", "v": 0.0}]}, {"source": 8, "prod": 0, "target": 0, "value": 0.86737475185252588, "supply": [{"l": "Gas-Diesel oil", "v": 0.70156916875848085}, {"l": "Natural gas (including LNG)", "v": 0.11394492859041182}, {"l": "Other fossil fuels", "v": 0.051860654503633224}]}, {"source": 8, "prod": 0, "target": 2, "value": 0.023992956224283324, "supply": [{"l": "Gas-Diesel oil", "v": 0.019406511797095783}, {"l": "Natural gas (including LNG)", "v": 0.003151896775655355}, {"l": "Other fossil fuels", "v": 0.0014345476515321863}]}, {"source": 8, "prod": 0, "target": 3, "value": 0.36635889919464787, "supply": [{"l": "Gas-Diesel oil", "v": 0.29632648151944557}, {"l": "Natural gas (including LNG)", "v": 0.048127684738388167}, {"l": "Other fossil fuels", "v": 0.02190473293681415}]}, {"source": 8, "prod": 0, "target": 4, "value": 0.095409689607533474, "supply": [{"l": "Gas-Diesel oil", "v": 0.0771713685307302}, {"l": "Natural gas (including LNG)", "v": 0.012533740745790304}, {"l": "Other fossil fuels", "v": 0.0057045803310129747}]}, {"source": 8, "prod": 0, "target": 5, "value": 0.15844549685493173, "supply": [{"l": "Gas-Diesel oil", "v": 0.12815737982299358}, {"l": "Natural gas (including LNG)", "v": 0.020814602668624983}, {"l": "Other fossil fuels", "v": 0.0094735143633131926}]}, {"source": 8, "prod": 0, "target": 6, "value": 0.0094540935069061024, "supply": [{"l": "Gas-Diesel oil", "v": 0.0076468683332539299}, {"l": "Natural gas (including LNG)", "v": 0.0012419614557960398}, {"l": "Other fossil fuels", "v": 0.00056526371785613303}]}, {"source": 10, "prod": 331.74505184115037, "target": 0, "value": 4.4586115496754433, "supply": [{"l": "Potash", "v": 0.10614500008491599}, {"l": "Phosphate", "v": 0.65523750052418994}, {"l": "Nitrogen", "v": 7.0572773806458216}]}, {"source": 10, "prod": 9.1765923430990455, "target": 2, "value": 0.12333224076902258, "supply": [{"l": "Potash", "v": 0.10614500008491599}, {"l": "Phosphate", "v": 0.65523750052418994}, {"l": "Nitrogen", "v": 7.0572773806458216}]}, {"source": 10, "prod": 140.12138553285848, "target": 3, "value": 1.8832137040961086, "supply": [{"l": "Potash", "v": 0.10614500008491599}, {"l": "Phosphate", "v": 0.65523750052418994}, {"l": "Nitrogen", "v": 7.0572773806458216}]}, {"source": 10, "prod": 36.491369338798542, "target": 4, "value": 0.4904393898099364, "supply": [{"l": "Potash", "v": 0.10614500008491599}, {"l": "Phosphate", "v": 0.65523750052418994}, {"l": "Nitrogen", "v": 7.0572773806458216}]}, {"source": 10, "prod": 60.600691288133312, "target": 5, "value": 0.81446562833728331, "supply": [{"l": "Potash", "v": 0.10614500008491599}, {"l": "Phosphate", "v": 0.65523750052418994}, {"l": "Nitrogen", "v": 7.0572773806458216}]}, {"source": 10, "prod": 3.6159096559602202, "target": 6, "value": 0.048597368567133502, "supply": [{"l": "Potash", "v": 0.10614500008491599}, {"l": "Phosphate", "v": 0.65523750052418994}, {"l": "Nitrogen", "v": 7.0572773806458216}]}, {"source": 8, "prod": 0, "target": 10, "value": 9.2924840235366695, "supply": [{"l": "Natural gas (including LNG)", "v": 6.3282160352059451}, {"l": "Fuel oil", "v": 1.7167446927130023}, {"l": "Liquefied petroleum gas (LPG)", "v": 0.62376164780886101}, {"l": "Coal", "v": 0.62376164780886101}]}, {"source": 11, "prod": 0, "target": 0, "value": 8.7396417504423347, "supply": "[{\"l\":'Labor',\"v\":8.7396417504423347}]"}, {"source": 11, "prod": 0, "target": 2, "value": 0.2417523008208729, "supply": "[{\"l\":'Labor',\"v\":0.2417523008208729}]"}, {"source": 11, "prod": 0, "target": 3, "value": 3.6914211812243622, "supply": "[{\"l\":'Labor',\"v\":3.6914211812243622}]"}, {"source": 11, "prod": 0, "target": 4, "value": 0.96134514511729441, "supply": "[{\"l\":'Labor',\"v\":0.96134514511729441}]"}, {"source": 11, "prod": 0, "target": 5, "value": 1.5964920312995026, "supply": "[{\"l\":'Labor',\"v\":1.5964920312995026}]"}, {"source": 11, "prod": 0, "target": 6, "value": 0.0952591600678626, "supply": "[{\"l\":'Labor',\"v\":0.0952591600678626}]"}]}