{"nodes": [{"layer": 13, "name": "Milk - Excluding Butter"}, {"layer": 10, "name": "Feed", "fill": "#dbdb8d"}, {"layer": 5, "name": "Rice"}, {"layer": 5, "name": "Barley"}, {"layer": 5, "name": "Pulses, Other"}, {"layer": 5, "name": "Maize"}, {"layer": 16, "name": "Food", "fill": "#b5cf6b"}, {"layer": 13, "name": "Ricebran Oil"}, {"layer": 5, "name": "Nuts"}, {"layer": 13, "name": "Sugar", "fill": "#d6616b"}, {"layer": 13, "name": "Oilcrops Oil, Other"}, {"layer": 13, "name": "Groundnut Oil"}, {"layer": 13, "name": "Sugar non-centrifugal"}, {"layer": 13, "name": "Butter, Ghee"}, {"layer": 5, "name": "Tomatoes"}, {"layer": 13, "name": "Fats, Animals, Raw"}, {"layer": 5, "name": "Wheat"}, {"layer": 13, "name": "Soyabean Oil"}, {"layer": 5, "name": "Coconuts - Incl Copra"}, {"layer": 5, "name": "Treenuts"}, {"layer": 13, "name": "Crustaceans"}, {"layer": 13, "name": "Eggs"}, {"layer": 5, "name": "Vegetables, Other"}, {"layer": 5, "name": "Peas"}, {"layer": 13, "name": "Marine Fish, Other"}, {"layer": 5, "name": "Pimento"}, {"layer": 5, "name": "Sugar cane"}, {"layer": 13, "name": "Coconut Oil"}, {"layer": 5, "name": "Potatoes"}, {"layer": 13, "name": "Freshwater Fish"}, {"layer": 5, "name": "Groundnuts"}, {"layer": 5, "name": "Grapefruit"}, {"layer": 13, "name": "Rape and Mustard Oil"}, {"layer": 13, "name": "Sesameseed Oil"}, {"layer": 5, "name": "Beans"}, {"layer": 13, "name": "Fish, Seafood"}, {"layer": 13, "name": "Meat, Other"}, {"layer": 5, "name": "Lemons, Limes"}, {"layer": 5, "name": "Sorghum"}, {"layer": 13, "name": "Mutton & Goat Meat"}, {"layer": 13, "name": "Sweeteners, Other"}, {"layer": 13, "name": "Pelagic Fish"}, {"layer": 5, "name": "Bananas"}, {"layer": 5, "name": "Spices, Other"}, {"layer": 13, "name": "Bovine Meat"}, {"layer": 5, "name": "Fruits, Other"}, {"layer": 5, "name": "Millet"}, {"layer": 13, "name": "Poultry Meat"}, {"layer": 13, "name": "Offals, Edible"}, {"layer": 5, "name": "Sweet potatoes"}, {"layer": 13, "name": "Demersal Fish"}, {"layer": 5, "name": "Oranges, Mandarines"}, {"layer": 5, "name": "Tea"}, {"layer": 5, "name": "Onions"}, {"layer": 5, "name": "Pineapples"}, {"layer": 10, "name": "Processing", "fill": "#9edae5"}, {"layer": 5, "name": "Cottonseed"}, {"layer": 5, "name": "Sesame seed"}, {"layer": 5, "name": "Rape and Mustardseed"}, {"layer": 5, "name": "Oilcrops, Other"}, {"layer": 16, "name": "Biofuels & Other", "fill": "#e7ba52"}, {"name": "Waste", "fill": "#c7c7c7"}, {"layer": 2, "name": "Import", "fill": "#aec7e8"}, {"layer": 16, "name": "Export", "fill": "#aec7e8"}, {"layer": 0, "name": "Stock Draw", "fill": "#c7c7c7"}, {"layer": 16, "name": "Stock Deposit", "fill": "#c7c7c7"}, {"layer": 2, "name": "Electricity", "fill": "#bcbd22"}, {"layer": 0, "name": "Fossil Fuels", "fill": "#c49c94"}, {"layer": 0, "name": "Renewables & Nuclear", "fill": "#2ca02c"}, {"layer": 2, "name": "Fertilizers", "fill": "#c5b0d5"}, {"layer": 0, "name": "Labor", "fill": "#7f7f7f"}], "links": [{"source": 0, "prod": 289.0, "target": 1, "value": 0.22614005793934561, "supply": [{"l": "Milk - Excluding Butter", "v": 0.22614005793934561}]}, {"source": 2, "prod": 202.0, "target": 1, "value": 0.8540671292787172, "supply": [{"l": "Rice", "v": 0.8540671292787172}]}, {"source": 3, "prod": 4.0, "target": 1, "value": 0.017873754351789478, "supply": [{"l": "Barley", "v": 0.017873754351789478}]}, {"source": 4, "prod": 1.0, "target": 1, "value": 0.0039832595991756035, "supply": [{"l": "Pulses, Other", "v": 0.0039832595991756035}]}, {"source": 5, "prod": 2.0, "target": 6, "value": 0.0070566510687584414, "supply": [{"l": "Maize", "v": 0.0070566510687584414}]}, {"source": 7, "prod": 1.0, "target": 6, "value": 0.010228955803734941, "supply": [{"l": "Ricebran Oil", "v": 0.010228955803734941}]}, {"source": 8, "prod": 20.0, "target": 6, "value": 0.056600222114000003, "supply": [{"l": "Nuts", "v": 0.056600222114000003}]}, {"source": 9, "prod": 59.0, "target": 6, "value": 0.23572327798065881, "supply": [{"l": "Sugar", "v": 0.23572327798065881}]}, {"source": 10, "prod": 1.0, "target": 6, "value": 0.010612541646375, "supply": [{"l": "Oilcrops Oil, Other", "v": 0.010612541646375}]}, {"source": 11, "prod": 8.0, "target": 6, "value": 0.092618545277454556, "supply": [{"l": "Groundnut Oil", "v": 0.092618545277454556}]}, {"source": 3, "prod": 13.0, "target": 6, "value": 0.058089701643315797, "supply": [{"l": "Barley", "v": 0.058089701643315797}]}, {"source": 12, "prod": 485.0, "target": 6, "value": 1.9830120311470116, "supply": [{"l": "Sugar non-centrifugal", "v": 1.9830120311470116}]}, {"source": 13, "prod": 12.0, "target": 6, "value": 0.11985929388847059, "supply": [{"l": "Butter, Ghee", "v": 0.11985929388847059}]}, {"source": 14, "prod": 55.0, "target": 6, "value": 0.01074687761658228, "supply": [{"l": "Tomatoes", "v": 0.01074687761658228}]}, {"source": 15, "prod": 8.0, "target": 6, "value": 0.092618545277454556, "supply": [{"l": "Fats, Animals, Raw", "v": 0.092618545277454556}]}, {"source": 2, "prod": 9460.0, "target": 6, "value": 39.997401202854775, "supply": [{"l": "Rice", "v": 39.997401202854775}]}, {"source": 16, "prod": 1099.0, "target": 6, "value": 3.9704453682948508, "supply": [{"l": "Wheat", "v": 3.9704453682948508}]}, {"source": 17, "prod": 57.0, "target": 6, "value": 0.58305048081289168, "supply": [{"l": "Soyabean Oil", "v": 0.58305048081289168}]}, {"source": 18, "prod": 3.0, "target": 6, "value": 0.031837624939125002, "supply": [{"l": "Coconuts - Incl Copra", "v": 0.031837624939125002}]}, {"source": 19, "prod": 20.0, "target": 6, "value": 0.056600222114000003, "supply": [{"l": "Treenuts", "v": 0.056600222114000003}]}, {"source": 20, "prod": 8.0, "target": 6, "value": 0.0059579181172631588, "supply": [{"l": "Crustaceans", "v": 0.0059579181172631588}]}, {"source": 21, "prod": 47.0, "target": 6, "value": 0.088021668949345599, "supply": [{"l": "Eggs", "v": 0.088021668949345599}]}, {"source": 22, "prod": 741.0, "target": 6, "value": 0.20444662402877295, "supply": [{"l": "Vegetables, Other", "v": 0.20444662402877295}]}, {"source": 23, "prod": 59.0, "target": 6, "value": 0.23298230963204652, "supply": [{"l": "Peas", "v": 0.23298230963204652}]}, {"source": 24, "prod": 42.0, "target": 6, "value": 0.029227983550672128, "supply": [{"l": "Marine Fish, Other", "v": 0.029227983550672128}]}, {"source": 25, "prod": 58.0, "target": 6, "value": 0.20517580516325001, "supply": [{"l": "Pimento", "v": 0.20517580516325001}]}, {"source": 26, "prod": 239.0, "target": 6, "value": 0.087461981154607751, "supply": [{"l": "Sugar cane", "v": 0.087461981154607751}]}, {"source": 27, "prod": 11.0, "target": 6, "value": 0.116737958110125, "supply": [{"l": "Coconut Oil", "v": 0.116737958110125}]}, {"source": 28, "prod": 600.0, "target": 6, "value": 0.49598132780309279, "supply": [{"l": "Potatoes", "v": 0.49598132780309279}]}, {"source": 29, "prod": 729.0, "target": 6, "value": 0.58333970670743651, "supply": [{"l": "Freshwater Fish", "v": 0.58333970670743651}]}, {"source": 30, "prod": 3.0, "target": 6, "value": 0.031837624939125002, "supply": [{"l": "Groundnuts", "v": 0.031837624939125002}]}, {"source": 31, "prod": 3.0, "target": 6, "value": 0.0015288175240876353, "supply": [{"l": "Grapefruit", "v": 0.0015288175240876353}]}, {"source": 32, "prod": 52.0, "target": 6, "value": 0.5297780789870401, "supply": [{"l": "Rape and Mustard Oil", "v": 0.5297780789870401}]}, {"source": 0, "prod": 746.0, "target": 6, "value": 0.58373869627249764, "supply": [{"l": "Milk - Excluding Butter", "v": 0.58373869627249764}]}, {"source": 33, "prod": 10.0, "target": 6, "value": 0.090964642683214303, "supply": [{"l": "Sesameseed Oil", "v": 0.090964642683214303}]}, {"source": 34, "prod": 62.0, "target": 6, "value": 0.23137673215832966, "supply": [{"l": "Beans", "v": 0.23137673215832966}]}, {"source": 4, "prod": 256.0, "target": 6, "value": 1.0197144573889545, "supply": [{"l": "Pulses, Other", "v": 1.0197144573889545}]}, {"source": 35, "prod": 817.0, "target": 6, "value": 0.64171513390056945, "supply": [{"l": "Fish, Seafood", "v": 0.64171513390056945}]}, {"source": 36, "prod": 7.0, "target": 6, "value": 0.011579271148575153, "supply": [{"l": "Meat, Other", "v": 0.011579271148575153}]}, {"source": 37, "prod": 4.0, "target": 6, "value": 0.0020384233654501802, "supply": [{"l": "Lemons, Limes", "v": 0.0020384233654501802}]}, {"source": 38, "prod": 1.0, "target": 6, "value": 0.0035115027506387869, "supply": [{"l": "Sorghum", "v": 0.0035115027506387869}]}, {"source": 39, "prod": 36.0, "target": 6, "value": 0.058777153733769232, "supply": [{"l": "Mutton & Goat Meat", "v": 0.058777153733769232}]}, {"source": 40, "prod": 166.0, "target": 6, "value": 0.46589934897143803, "supply": [{"l": "Sweeteners, Other", "v": 0.46589934897143803}]}, {"source": 41, "prod": 15.0, "target": 6, "value": 0.015750061807340988, "supply": [{"l": "Pelagic Fish", "v": 0.015750061807340988}]}, {"source": 42, "prod": 527.0, "target": 6, "value": 0.37917352187387288, "supply": [{"l": "Bananas", "v": 0.37917352187387288}]}, {"source": 43, "prod": 80.0, "target": 6, "value": 0.29275976955517247, "supply": [{"l": "Spices, Other", "v": 0.29275976955517247}]}, {"source": 44, "prod": 144.0, "target": 6, "value": 0.29247961666564598, "supply": [{"l": "Bovine Meat", "v": 0.29247961666564598}]}, {"source": 45, "prod": 573.0, "target": 6, "value": 0.29200414710073835, "supply": [{"l": "Fruits, Other", "v": 0.29200414710073835}]}, {"source": 46, "prod": 49.0, "target": 6, "value": 0.20222787692814584, "supply": [{"l": "Millet", "v": 0.20222787692814584}]}, {"source": 47, "prod": 52.0, "target": 6, "value": 0.087134552464973702, "supply": [{"l": "Poultry Meat", "v": 0.087134552464973702}]}, {"source": 48, "prod": 41.0, "target": 6, "value": 0.058998536610355937, "supply": [{"l": "Offals, Edible", "v": 0.058998536610355937}]}, {"source": 49, "prod": 672.0, "target": 6, "value": 0.72920531557914114, "supply": [{"l": "Sweet potatoes", "v": 0.72920531557914114}]}, {"source": 50, "prod": 24.0, "target": 6, "value": 0.029964823472117649, "supply": [{"l": "Demersal Fish", "v": 0.029964823472117649}]}, {"source": 51, "prod": 11.0, "target": 6, "value": 0.003383708930728261, "supply": [{"l": "Oranges, Mandarines", "v": 0.003383708930728261}]}, {"source": 52, "prod": 11.0, "target": 6, "value": 0.035021387433037503, "supply": [{"l": "Tea", "v": 0.035021387433037503}]}, {"source": 53, "prod": 152.0, "target": 6, "value": 0.058658412009054549, "supply": [{"l": "Onions", "v": 0.058658412009054549}]}, {"source": 54, "prod": 89.0, "target": 6, "value": 0.029062037123919235, "supply": [{"l": "Pineapples", "v": 0.029062037123919235}]}, {"source": 40, "prod": 469.0, "target": 55, "value": 1.3163059919735207, "supply": [{"l": "Sweeteners, Other", "v": 1.3163059919735207}]}, {"source": 18, "prod": 54.0, "target": 55, "value": 0.57307724890425005, "supply": [{"l": "Coconuts - Incl Copra", "v": 0.57307724890425005}]}, {"source": 56, "prod": 2.0, "target": 55, "value": 0.02122508329275, "supply": [{"l": "Cottonseed", "v": 0.02122508329275}]}, {"source": 57, "prod": 25.0, "target": 55, "value": 0.265313541159375, "supply": [{"l": "Sesame seed", "v": 0.265313541159375}]}, {"source": 58, "prod": 156.0, "target": 55, "value": 0.18130666632, "supply": [{"l": "Rape and Mustardseed", "v": 0.18130666632}]}, {"source": 30, "prod": 17.0, "target": 55, "value": 0.18041320798837501, "supply": [{"l": "Groundnuts", "v": 0.18041320798837501}]}, {"source": 59, "prod": 10.0, "target": 55, "value": 0.10612541646375, "supply": [{"l": "Oilcrops, Other", "v": 0.10612541646375}]}, {"source": 26, "prod": 5258.0, "target": 55, "value": 1.9241635854013708, "supply": [{"l": "Sugar cane", "v": 1.9241635854013708}]}, {"source": 28, "prod": 27.0, "target": 60, "value": 0.022319159751139173, "supply": [{"l": "Potatoes", "v": 0.022319159751139173}]}, {"source": 27, "prod": 1.0, "target": 60, "value": 0.010612541646375, "supply": [{"l": "Coconut Oil", "v": 0.010612541646375}]}, {"source": 9, "prod": 1.0, "target": 60, "value": 0.0039953097962823533, "supply": [{"l": "Sugar", "v": 0.0039953097962823533}]}, {"source": 10, "prod": 2.0, "target": 60, "value": 0.02122508329275, "supply": [{"l": "Oilcrops Oil, Other", "v": 0.02122508329275}]}, {"source": 15, "prod": 20.0, "target": 60, "value": 0.23154636319363639, "supply": [{"l": "Fats, Animals, Raw", "v": 0.23154636319363639}]}, {"source": 16, "prod": 12.0, "target": 16, "value": 0.043353361619234046, "supply": [{"l": "Wheat", "v": 0.043353361619234046}]}, {"source": 28, "prod": 80.0, "target": 28, "value": 0.066130843707079029, "supply": [{"l": "Potatoes", "v": 0.066130843707079029}]}, {"source": 21, "prod": 6.0, "target": 21, "value": 0.01123680880204412, "supply": [{"l": "Eggs", "v": 0.01123680880204412}]}, {"source": 57, "prod": 1.0, "target": 57, "value": 0.010612541646375, "supply": [{"l": "Sesame seed", "v": 0.010612541646375}]}, {"source": 46, "prod": 1.0, "target": 46, "value": 0.0041270995291458343, "supply": [{"l": "Millet", "v": 0.0041270995291458343}]}, {"source": 58, "prod": 3.0, "target": 58, "value": 0.0034866666600000002, "supply": [{"l": "Rape and Mustardseed", "v": 0.0034866666600000002}]}, {"source": 3, "prod": 2.0, "target": 3, "value": 0.0089368771758947391, "supply": [{"l": "Barley", "v": 0.0089368771758947391}]}, {"source": 30, "prod": 2.0, "target": 30, "value": 0.02122508329275, "supply": [{"l": "Groundnuts", "v": 0.02122508329275}]}, {"source": 34, "prod": 4.0, "target": 34, "value": 0.014927531106989012, "supply": [{"l": "Beans", "v": 0.014927531106989012}]}, {"source": 59, "prod": 1.0, "target": 59, "value": 0.010612541646375, "supply": [{"l": "Oilcrops, Other", "v": 0.010612541646375}]}, {"source": 2, "prod": 659.0, "target": 2, "value": 2.7862883078944289, "supply": [{"l": "Rice", "v": 2.7862883078944289}]}, {"source": 4, "prod": 9.0, "target": 4, "value": 0.035849336392580436, "supply": [{"l": "Pulses, Other", "v": 0.035849336392580436}]}, {"source": 8, "prod": 1.0, "target": 61, "value": 0.0028300111056999999, "supply": [{"l": "Nuts", "v": 0.0028300111056999999}]}, {"source": 45, "prod": 64.0, "target": 61, "value": 0.032614773847202884, "supply": [{"l": "Fruits, Other", "v": 0.032614773847202884}]}, {"source": 3, "prod": 2.0, "target": 61, "value": 0.0089368771758947391, "supply": [{"l": "Barley", "v": 0.0089368771758947391}]}, {"source": 2, "prod": 303.0, "target": 61, "value": 1.2811006939180758, "supply": [{"l": "Rice", "v": 1.2811006939180758}]}, {"source": 14, "prod": 6.0, "target": 61, "value": 0.0011723866490817034, "supply": [{"l": "Tomatoes", "v": 0.0011723866490817034}]}, {"source": 16, "prod": 45.0, "target": 61, "value": 0.16257510607212766, "supply": [{"l": "Wheat", "v": 0.16257510607212766}]}, {"source": 18, "prod": 1.0, "target": 61, "value": 0.010612541646375, "supply": [{"l": "Coconuts - Incl Copra", "v": 0.010612541646375}]}, {"source": 19, "prod": 1.0, "target": 61, "value": 0.0028300111056999999, "supply": [{"l": "Treenuts", "v": 0.0028300111056999999}]}, {"source": 21, "prod": 6.0, "target": 61, "value": 0.01123680880204412, "supply": [{"l": "Eggs", "v": 0.01123680880204412}]}, {"source": 22, "prod": 80.0, "target": 61, "value": 0.022072510016601668, "supply": [{"l": "Vegetables, Other", "v": 0.022072510016601668}]}, {"source": 57, "prod": 1.0, "target": 61, "value": 0.010612541646375, "supply": [{"l": "Sesame seed", "v": 0.010612541646375}]}, {"source": 25, "prod": 1.0, "target": 61, "value": 0.0035375138821250002, "supply": [{"l": "Pimento", "v": 0.0035375138821250002}]}, {"source": 28, "prod": 75.0, "target": 61, "value": 0.061997665975386598, "supply": [{"l": "Potatoes", "v": 0.061997665975386598}]}, {"source": 0, "prod": 74.0, "target": 61, "value": 0.057904374697271888, "supply": [{"l": "Milk - Excluding Butter", "v": 0.057904374697271888}]}, {"source": 34, "prod": 4.0, "target": 61, "value": 0.014927531106989012, "supply": [{"l": "Beans", "v": 0.014927531106989012}]}, {"source": 4, "prod": 14.0, "target": 61, "value": 0.05576563438845844, "supply": [{"l": "Pulses, Other", "v": 0.05576563438845844}]}, {"source": 26, "prod": 280.0, "target": 61, "value": 0.10246591934431032, "supply": [{"l": "Sugar cane", "v": 0.10246591934431032}]}, {"source": 54, "prod": 10.0, "target": 61, "value": 0.0032653974296538461, "supply": [{"l": "Pineapples", "v": 0.0032653974296538461}]}, {"source": 42, "prod": 59.0, "target": 61, "value": 0.0424501665855, "supply": [{"l": "Bananas", "v": 0.0424501665855}]}, {"source": 49, "prod": 75.0, "target": 61, "value": 0.081384521828029147, "supply": [{"l": "Sweet potatoes", "v": 0.081384521828029147}]}, {"source": 58, "prod": 5.0, "target": 61, "value": 0.0058111111000000003, "supply": [{"l": "Rape and Mustardseed", "v": 0.0058111111000000003}]}, {"source": 51, "prod": 1.0, "target": 61, "value": 0.00030760990279347824, "supply": [{"l": "Oranges, Mandarines", "v": 0.00030760990279347824}]}, {"source": 53, "prod": 8.0, "target": 61, "value": 0.0030872848425818182, "supply": [{"l": "Onions", "v": 0.0030872848425818182}]}, {"source": 62, "prod": 29.0, "target": 28, "value": 0.023972430843816152, "supply": [{"l": "Potatoes", "v": 0.023972430843816152}]}, {"source": 62, "prod": 678.0, "target": 2, "value": 2.8666213547077732, "supply": [{"l": "Rice", "v": 2.8666213547077732}]}, {"source": 62, "prod": 1034.0, "target": 16, "value": 3.7356146595239998, "supply": [{"l": "Wheat", "v": 3.7356146595239998}]}, {"source": 62, "prod": 50.0, "target": 58, "value": 0.058111111000000007, "supply": [{"l": "Rape and Mustardseed", "v": 0.058111111000000007}]}, {"source": 62, "prod": 114.0, "target": 55, "value": 1.0954268085652452, "supply": [{"l": "Fats, Animals, Raw", "v": 0.23154636319363639}, {"l": "Soyabean Oil", "v": 0.68534003885024108}, {"l": "Sugar", "v": 0.063924956740517652}, {"l": "Coconut Oil", "v": 0.063675249878250004}, {"l": "Rape and Mustard Oil", "v": 0.050940199902600014}]}, {"source": 62, "prod": 1.0, "target": 59, "value": 0.010612541646375, "supply": [{"l": "Oilcrops, Other", "v": 0.010612541646375}]}, {"source": 62, "prod": 1.0, "target": 52, "value": 0.0031837624939125004, "supply": [{"l": "Tea", "v": 0.0031837624939125004}]}, {"source": 62, "prod": 9.0, "target": 1, "value": 0.0070424239496682016, "supply": [{"l": "Milk - Excluding Butter", "v": 0.0070424239496682016}]}, {"source": 52, "prod": 13.0, "target": 63, "value": 0.041388912420862498, "supply": [{"l": "Tea", "v": 0.041388912420862498}]}, {"source": 35, "prod": 1.0, "target": 63, "value": 0.00078545304026997483, "supply": [{"l": "Fish, Seafood", "v": 0.00078545304026997483}]}, {"source": 20, "prod": 1.0, "target": 63, "value": 0.00074473976465789485, "supply": [{"l": "Crustaceans", "v": 0.00074473976465789485}]}, {"source": 64, "prod": 17.0, "target": 55, "value": 0.0679202665368, "supply": [{"l": "Sugar", "v": 0.0679202665368}]}, {"source": 2, "prod": 148.0, "target": 65, "value": 0.62575215412500063, "supply": [{"l": "Rice", "v": 0.62575215412500063}]}, {"source": 64, "prod": 7.0, "target": 16, "value": 0.025289460944553196, "supply": [{"l": "Wheat", "v": 0.025289460944553196}]}, {"source": 17, "prod": 10.0, "target": 65, "value": 0.1022895580373494, "supply": [{"l": "Soyabean Oil", "v": 0.1022895580373494}]}, {"source": 1, "prod": 52.0, "target": 47, "value": 0.087134552464973702, "supply": [{"l": "Poultry Meat", "v": 0.087134552464973702}]}, {"source": 1, "prod": 15.0, "target": 41, "value": 0.015750061807340988, "supply": [{"l": "Pelagic Fish", "v": 0.015750061807340988}]}, {"source": 1, "prod": 9.0, "target": 20, "value": 0.0067026578819210534, "supply": [{"l": "Crustaceans", "v": 0.0067026578819210534}]}, {"source": 1, "prod": 53.0, "target": 21, "value": 0.099258477751389712, "supply": [{"l": "Eggs", "v": 0.11049528655343382}]}, {"source": 1, "prod": 1109.0, "target": 0, "value": 0.86778312890911513, "supply": [{"l": "Milk - Excluding Butter", "v": 0.86778312890911513}]}, {"source": 1, "prod": 41.0, "target": 48, "value": 0.058998536610355937, "supply": [{"l": "Offals, Edible", "v": 0.058998536610355937}]}, {"source": 1, "prod": 42.0, "target": 24, "value": 0.029227983550672128, "supply": [{"l": "Marine Fish, Other", "v": 0.029227983550672128}]}, {"source": 1, "prod": 818.0, "target": 35, "value": 0.64250058694083945, "supply": [{"l": "Fish, Seafood", "v": 0.64250058694083945}]}, {"source": 1, "prod": 144.0, "target": 44, "value": 0.29247961666564598, "supply": [{"l": "Bovine Meat", "v": 0.29247961666564598}]}, {"source": 1, "prod": 24.0, "target": 50, "value": 0.029964823472117649, "supply": [{"l": "Demersal Fish", "v": 0.029964823472117649}]}, {"source": 1, "prod": 7.0, "target": 36, "value": 0.011579271148575153, "supply": [{"l": "Meat, Other", "v": 0.011579271148575153}]}, {"source": 1, "prod": 729.0, "target": 29, "value": 0.58333970670743651, "supply": [{"l": "Freshwater Fish", "v": 0.58333970670743651}]}, {"source": 1, "prod": 36.0, "target": 39, "value": 0.058777153733769232, "supply": [{"l": "Mutton & Goat Meat", "v": 0.058777153733769232}]}, {"source": 55, "prod": 28.0, "target": 15, "value": 0.32416490847109092, "supply": [{"l": "Fats, Animals, Raw", "v": 0.32416490847109092}]}, {"source": 55, "prod": 1.0, "target": 7, "value": 0.010228955803734941, "supply": [{"l": "Ricebran Oil", "v": 0.010228955803734941}]}, {"source": 55, "prod": 10.0, "target": 33, "value": 0.090964642683214303, "supply": [{"l": "Sesameseed Oil", "v": 0.090964642683214303}]}, {"source": 55, "prod": 67.0, "target": 17, "value": 0.68534003885024108, "supply": [{"l": "Soyabean Oil", "v": 0.68534003885024108}]}, {"source": 55, "prod": 12.0, "target": 27, "value": 0.12735049975650001, "supply": [{"l": "Coconut Oil", "v": 0.12735049975650001}]}, {"source": 55, "prod": 635.0, "target": 40, "value": 1.7822053409449587, "supply": [{"l": "Sweeteners, Other", "v": 1.7822053409449587}]}, {"source": 55, "prod": 60.0, "target": 9, "value": 0.23971858777694116, "supply": [{"l": "Sugar", "v": 0.23971858777694116}]}, {"source": 55, "prod": 8.0, "target": 11, "value": 0.092618545277454556, "supply": [{"l": "Groundnut Oil", "v": 0.092618545277454556}]}, {"source": 55, "prod": 52.0, "target": 32, "value": 0.5297780789870401, "supply": [{"l": "Rape and Mustard Oil", "v": 0.5297780789870401}]}, {"source": 55, "prod": 3.0, "target": 10, "value": 0.031837624939125002, "supply": [{"l": "Oilcrops Oil, Other", "v": 0.031837624939125002}]}, {"source": 55, "prod": 485.0, "target": 12, "value": 1.9830120311470116, "supply": [{"l": "Sugar non-centrifugal", "v": 1.9830120311470116}]}, {"source": 55, "prod": 12.0, "target": 13, "value": 0.11985929388847059, "supply": [{"l": "Butter, Ghee", "v": 0.11985929388847059}]}, {"source": 66, "prod": 0, "target": 5, "value": 7.7432374679885953e-05, "supply": "[{\"l\":'Energy for power irrigation',\"v\":7.7432374679885953e-05}]"}, {"source": 66, "prod": 0, "target": 8, "value": 0.00081303993413880244, "supply": "[{\"l\":'Energy for power irrigation',\"v\":0.00081303993413880244}]"}, {"source": 66, "prod": 0, "target": 31, "value": 0.00011614856201982892, "supply": "[{\"l\":'Energy for power irrigation',\"v\":0.00011614856201982892}]"}, {"source": 66, "prod": 0, "target": 3, "value": 0.00081303993413880244, "supply": "[{\"l\":'Energy for power irrigation',\"v\":0.00081303993413880244}]"}, {"source": 66, "prod": 0, "target": 2, "value": 0.40392598251762507, "supply": "[{\"l\":'Energy for power irrigation',\"v\":0.40392598251762507}]"}, {"source": 66, "prod": 0, "target": 14, "value": 0.0023616874277365215, "supply": "[{\"l\":'Energy for power irrigation',\"v\":0.0023616874277365215}]"}, {"source": 66, "prod": 0, "target": 16, "value": 0.024604137054533761, "supply": "[{\"l\":'Energy for power irrigation',\"v\":0.024604137054533761}]"}, {"source": 66, "prod": 0, "target": 18, "value": 0.0022455388657166928, "supply": "[{\"l\":'Energy for power irrigation',\"v\":0.0022455388657166928}]"}, {"source": 66, "prod": 0, "target": 19, "value": 0.00081303993413880244, "supply": "[{\"l\":'Energy for power irrigation',\"v\":0.00081303993413880244}]"}, {"source": 66, "prod": 0, "target": 22, "value": 0.031766631712423207, "supply": "[{\"l\":'Energy for power irrigation',\"v\":0.031766631712423207}]"}, {"source": 66, "prod": 0, "target": 23, "value": 0.0022842550530566357, "supply": "[{\"l\":'Energy for power irrigation',\"v\":0.0022842550530566357}]"}, {"source": 66, "prod": 0, "target": 57, "value": 0.0010259789645084888, "supply": "[{\"l\":'Energy for power irrigation',\"v\":0.0010259789645084888}]"}, {"source": 66, "prod": 0, "target": 30, "value": 0.00085175612147874553, "supply": "[{\"l\":'Energy for power irrigation',\"v\":0.00085175612147874553}]"}, {"source": 66, "prod": 0, "target": 59, "value": 0.00040651996706940122, "supply": "[{\"l\":'Energy for power irrigation',\"v\":0.00040651996706940122}]"}, {"source": 66, "prod": 0, "target": 56, "value": 9.6790468349857445e-05, "supply": "[{\"l\":'Energy for power irrigation',\"v\":9.6790468349857445e-05}]"}, {"source": 66, "prod": 0, "target": 28, "value": 0.029714673783406236, "supply": "[{\"l\":'Energy for power irrigation',\"v\":0.029714673783406236}]"}, {"source": 66, "prod": 0, "target": 25, "value": 0.0022842550530566357, "supply": "[{\"l\":'Energy for power irrigation',\"v\":0.0022842550530566357}]"}, {"source": 66, "prod": 0, "target": 34, "value": 0.0027101331137960082, "supply": "[{\"l\":'Energy for power irrigation',\"v\":0.0027101331137960082}]"}, {"source": 66, "prod": 0, "target": 4, "value": 0.010859890548854004, "supply": "[{\"l\":'Energy for power irrigation',\"v\":0.010859890548854004}]"}, {"source": 66, "prod": 0, "target": 37, "value": 0.00015486474935977191, "supply": "[{\"l\":'Energy for power irrigation',\"v\":0.00015486474935977191}]"}, {"source": 66, "prod": 0, "target": 38, "value": 3.8716187339942977e-05, "supply": "[{\"l\":'Energy for power irrigation',\"v\":3.8716187339942977e-05}]"}, {"source": 66, "prod": 0, "target": 26, "value": 0.22366341426285058, "supply": "[{\"l\":'Energy for power irrigation',\"v\":0.22366341426285058}]"}, {"source": 66, "prod": 0, "target": 54, "value": 0.0038329025466543546, "supply": "[{\"l\":'Energy for power irrigation',\"v\":0.0038329025466543546}]"}, {"source": 66, "prod": 0, "target": 42, "value": 0.022687685781206585, "supply": "[{\"l\":'Energy for power irrigation',\"v\":0.022687685781206585}]"}, {"source": 66, "prod": 0, "target": 43, "value": 0.0030972949871954382, "supply": "[{\"l\":'Energy for power irrigation',\"v\":0.0030972949871954382}]"}, {"source": 66, "prod": 0, "target": 52, "value": 0.00092918849615863139, "supply": "[{\"l\":'Energy for power irrigation',\"v\":0.00092918849615863139}]"}, {"source": 66, "prod": 0, "target": 45, "value": 0.024642853241873704, "supply": "[{\"l\":'Energy for power irrigation',\"v\":0.024642853241873704}]"}, {"source": 66, "prod": 0, "target": 46, "value": 0.0019551674606671202, "supply": "[{\"l\":'Energy for power irrigation',\"v\":0.0019551674606671202}]"}, {"source": 66, "prod": 0, "target": 49, "value": 0.028920991942937402, "supply": "[{\"l\":'Energy for power irrigation',\"v\":0.028920991942937402}]"}, {"source": 66, "prod": 0, "target": 58, "value": 0.0053815500402520739, "supply": "[{\"l\":'Energy for power irrigation',\"v\":0.0053815500402520739}]"}, {"source": 66, "prod": 0, "target": 51, "value": 0.00046459424807931569, "supply": "[{\"l\":'Energy for power irrigation',\"v\":0.00046459424807931569}]"}, {"source": 66, "prod": 0, "target": 53, "value": 0.0061945899743908765, "supply": "[{\"l\":'Energy for power irrigation',\"v\":0.0061945899743908765}]"}, {"source": 66, "prod": 0, "target": 55, "value": 0.010000000007999998, "supply": "[{\"l\":'Electricity',\"v\":0.010000000007999998}]"}, {"source": 67, "prod": 0, "target": 66, "value": 1.7712369992369323, "supply": [{"l": "Coal", "v": 0.0}, {"l": "Natural gas", "v": 0.80730693556535305}, {"l": "Oil", "v": 0.96393006367157918}]}, {"source": 68, "prod": 0, "target": 66, "value": 0.14437240818504476, "supply": [{"l": "Nuclear", "v": 0.0}, {"l": "Hydroelectric", "v": 0.14437240818504476}, {"l": "Renewable", "v": 0.0}]}, {"source": 67, "prod": 0, "target": 5, "value": 2.9439061252188079e-05, "supply": [{"l": "Gas-Diesel oil", "v": 1.1014033937158532e-05}, {"l": "Natural gas (including LNG)", "v": 1.8425027315029545e-05}]}, {"source": 67, "prod": 0, "target": 8, "value": 0.00030911014314797484, "supply": [{"l": "Gas-Diesel oil", "v": 0.00011564735634016458}, {"l": "Natural gas (including LNG)", "v": 0.00019346278680781021}]}, {"source": 67, "prod": 0, "target": 31, "value": 4.4158591878282117e-05, "supply": [{"l": "Gas-Diesel oil", "v": 1.6521050905737796e-05}, {"l": "Natural gas (including LNG)", "v": 2.7637540972544318e-05}]}, {"source": 67, "prod": 0, "target": 3, "value": 0.00030911014314797484, "supply": [{"l": "Gas-Diesel oil", "v": 0.00011564735634016458}, {"l": "Natural gas (including LNG)", "v": 0.00019346278680781021}]}, {"source": 67, "prod": 0, "target": 2, "value": 0.15356886302203912, "supply": [{"l": "Gas-Diesel oil", "v": 0.057454708033187481}, {"l": "Natural gas (including LNG)", "v": 0.096114154988851619}]}, {"source": 67, "prod": 0, "target": 14, "value": 0.00089789136819173638, "supply": [{"l": "Gas-Diesel oil", "v": 0.0003359280350833352}, {"l": "Natural gas (including LNG)", "v": 0.00056196333310840117}]}, {"source": 67, "prod": 0, "target": 16, "value": 0.0093542617128827606, "supply": [{"l": "Gas-Diesel oil", "v": 0.0034997092835321233}, {"l": "Natural gas (including LNG)", "v": 0.0058545524293506374}]}, {"source": 67, "prod": 0, "target": 18, "value": 0.00085373277631345433, "supply": [{"l": "Gas-Diesel oil", "v": 0.00031940698417759743}, {"l": "Natural gas (including LNG)", "v": 0.00053432579213585679}]}, {"source": 67, "prod": 0, "target": 19, "value": 0.00030911014314797484, "supply": [{"l": "Gas-Diesel oil", "v": 0.00011564735634016458}, {"l": "Natural gas (including LNG)", "v": 0.00019346278680781021}]}, {"source": 67, "prod": 0, "target": 22, "value": 0.012077374878710159, "supply": [{"l": "Gas-Diesel oil", "v": 0.0045185074227192873}, {"l": "Natural gas (including LNG)", "v": 0.0075588674559908704}]}, {"source": 67, "prod": 0, "target": 23, "value": 0.00086845230693954824, "supply": [{"l": "Gas-Diesel oil", "v": 0.00032491400114617667}, {"l": "Natural gas (including LNG)", "v": 0.00054353830579337162}]}, {"source": 67, "prod": 0, "target": 57, "value": 0.00039006756159149202, "supply": [{"l": "Gas-Diesel oil", "v": 0.00014593594966735054}, {"l": "Natural gas (including LNG)", "v": 0.00024413161192414148}]}, {"source": 67, "prod": 0, "target": 30, "value": 0.00032382967377406885, "supply": [{"l": "Gas-Diesel oil", "v": 0.00012115437330874386}, {"l": "Natural gas (including LNG)", "v": 0.00020267530046532502}]}, {"source": 67, "prod": 0, "target": 59, "value": 0.00015455507157398742, "supply": [{"l": "Gas-Diesel oil", "v": 5.7823678170082291e-05}, {"l": "Natural gas (including LNG)", "v": 9.6731393403905107e-05}]}, {"source": 67, "prod": 0, "target": 56, "value": 3.6798826565235096e-05, "supply": [{"l": "Gas-Diesel oil", "v": 1.3767542421448165e-05}, {"l": "Natural gas (including LNG)", "v": 2.3031284143786933e-05}]}, {"source": 67, "prod": 0, "target": 28, "value": 0.011297239755527176, "supply": [{"l": "Gas-Diesel oil", "v": 0.0042266355233845868}, {"l": "Natural gas (including LNG)", "v": 0.0070706042321425884}]}, {"source": 67, "prod": 0, "target": 25, "value": 0.00086845230693954824, "supply": [{"l": "Gas-Diesel oil", "v": 0.00032491400114617667}, {"l": "Natural gas (including LNG)", "v": 0.00054353830579337162}]}, {"source": 67, "prod": 0, "target": 34, "value": 0.0010303671438265827, "supply": [{"l": "Gas-Diesel oil", "v": 0.00038549118780054862}, {"l": "Natural gas (including LNG)", "v": 0.0006448759560260341}]}, {"source": 67, "prod": 0, "target": 4, "value": 0.0041288283406193775, "supply": [{"l": "Gas-Diesel oil", "v": 0.001544718259686484}, {"l": "Natural gas (including LNG)", "v": 0.0025841100809328938}]}, {"source": 67, "prod": 0, "target": 37, "value": 5.8878122504376158e-05, "supply": [{"l": "Gas-Diesel oil", "v": 2.2028067874317064e-05}, {"l": "Natural gas (including LNG)", "v": 3.685005463005909e-05}]}, {"source": 67, "prod": 0, "target": 38, "value": 1.4719530626094039e-05, "supply": [{"l": "Gas-Diesel oil", "v": 5.507016968579266e-06}, {"l": "Natural gas (including LNG)", "v": 9.2125136575147726e-06}]}, {"source": 67, "prod": 0, "target": 26, "value": 0.085034728426945261, "supply": [{"l": "Gas-Diesel oil", "v": 0.031814037027482416}, {"l": "Natural gas (including LNG)", "v": 0.053220691399462838}]}, {"source": 67, "prod": 0, "target": 54, "value": 0.0014572335319833099, "supply": [{"l": "Gas-Diesel oil", "v": 0.00054519467988934733}, {"l": "Natural gas (including LNG)", "v": 0.00091203885209396255}]}, {"source": 67, "prod": 0, "target": 42, "value": 0.0086256449468911072, "supply": [{"l": "Gas-Diesel oil", "v": 0.0032271119435874499}, {"l": "Natural gas (including LNG)", "v": 0.0053985330033036573}]}, {"source": 67, "prod": 0, "target": 43, "value": 0.0011775624500875231, "supply": [{"l": "Gas-Diesel oil", "v": 0.00044056135748634127}, {"l": "Natural gas (including LNG)", "v": 0.00073700109260118186}]}, {"source": 67, "prod": 0, "target": 52, "value": 0.00035326873502625693, "supply": [{"l": "Gas-Diesel oil", "v": 0.00013216840724590236}, {"l": "Natural gas (including LNG)", "v": 0.00022110032778035454}]}, {"source": 67, "prod": 0, "target": 45, "value": 0.0093689812435088556, "supply": [{"l": "Gas-Diesel oil", "v": 0.0035052163005007027}, {"l": "Natural gas (including LNG)", "v": 0.0058637649430081529}]}, {"source": 67, "prod": 0, "target": 46, "value": 0.00074333629661774896, "supply": [{"l": "Gas-Diesel oil", "v": 0.00027810435691325291}, {"l": "Natural gas (including LNG)", "v": 0.000465231939704496}]}, {"source": 67, "prod": 0, "target": 49, "value": 0.010995489377692246, "supply": [{"l": "Gas-Diesel oil", "v": 0.0041137416755287117}, {"l": "Natural gas (including LNG)", "v": 0.0068817477021635353}]}, {"source": 67, "prod": 0, "target": 58, "value": 0.0020460147570270713, "supply": [{"l": "Gas-Diesel oil", "v": 0.00076547535863251794}, {"l": "Natural gas (including LNG)", "v": 0.0012805393983945535}]}, {"source": 67, "prod": 0, "target": 51, "value": 0.00017663436751312847, "supply": [{"l": "Gas-Diesel oil", "v": 6.6084203622951182e-05}, {"l": "Natural gas (including LNG)", "v": 0.00011055016389017727}]}, {"source": 67, "prod": 0, "target": 53, "value": 0.0023551249001750462, "supply": [{"l": "Gas-Diesel oil", "v": 0.00088112271497268254}, {"l": "Natural gas (including LNG)", "v": 0.0014740021852023637}]}, {"source": 69, "prod": 0.016792088337674912, "target": 5, "value": 0.00023752298494198484, "supply": [{"l": "Potash", "v": 0.028869388911984397}, {"l": "Phosphate", "v": 0.1748772918065685}, {"l": "Nitrogen", "v": 2.3721307102310374}]}, {"source": 69, "prod": 0.17631692754558656, "target": 8, "value": 0.0024939913418908408, "supply": [{"l": "Potash", "v": 0.028869388911984397}, {"l": "Phosphate", "v": 0.1748772918065685}, {"l": "Nitrogen", "v": 2.3721307102310374}]}, {"source": 69, "prod": 0.025188132506512365, "target": 31, "value": 0.00035628447741297727, "supply": [{"l": "Potash", "v": 0.028869388911984397}, {"l": "Phosphate", "v": 0.1748772918065685}, {"l": "Nitrogen", "v": 2.3721307102310374}]}, {"source": 69, "prod": 0.17631692754558656, "target": 3, "value": 0.0024939913418908408, "supply": [{"l": "Potash", "v": 0.028869388911984397}, {"l": "Phosphate", "v": 0.1748772918065685}, {"l": "Nitrogen", "v": 2.3721307102310374}]}, {"source": 69, "prod": 87.59592881348118, "target": 2, "value": 1.2390386509498641, "supply": [{"l": "Potash", "v": 0.028869388911984397}, {"l": "Phosphate", "v": 0.1748772918065685}, {"l": "Nitrogen", "v": 2.3721307102310374}]}, {"source": 69, "prod": 0.51215869429908478, "target": 14, "value": 0.0072444510407305386, "supply": [{"l": "Potash", "v": 0.028869388911984397}, {"l": "Phosphate", "v": 0.1748772918065685}, {"l": "Nitrogen", "v": 2.3721307102310374}]}, {"source": 69, "prod": 5.3356860692962025, "target": 16, "value": 0.075472928465315683, "supply": [{"l": "Potash", "v": 0.028869388911984397}, {"l": "Phosphate", "v": 0.1748772918065685}, {"l": "Nitrogen", "v": 2.3721307102310374}]}, {"source": 69, "prod": 0.48697056179257242, "target": 18, "value": 0.0068881665633175613, "supply": [{"l": "Potash", "v": 0.028869388911984397}, {"l": "Phosphate", "v": 0.1748772918065685}, {"l": "Nitrogen", "v": 2.3721307102310374}]}, {"source": 69, "prod": 0.17631692754558656, "target": 19, "value": 0.0024939913418908408, "supply": [{"l": "Potash", "v": 0.028869388911984397}, {"l": "Phosphate", "v": 0.1748772918065685}, {"l": "Nitrogen", "v": 2.3721307102310374}]}, {"source": 69, "prod": 6.8889542405311319, "target": 22, "value": 0.097443804572449277, "supply": [{"l": "Potash", "v": 0.028869388911984397}, {"l": "Phosphate", "v": 0.1748772918065685}, {"l": "Nitrogen", "v": 2.3721307102310374}]}, {"source": 69, "prod": 0.49536660596140986, "target": 23, "value": 0.0070069280557885534, "supply": [{"l": "Potash", "v": 0.028869388911984397}, {"l": "Phosphate", "v": 0.1748772918065685}, {"l": "Nitrogen", "v": 2.3721307102310374}]}, {"source": 69, "prod": 0.22249517047419257, "target": 57, "value": 0.0031471795504812994, "supply": [{"l": "Potash", "v": 0.028869388911984397}, {"l": "Phosphate", "v": 0.1748772918065685}, {"l": "Nitrogen", "v": 2.3721307102310374}]}, {"source": 69, "prod": 0.18471297171442402, "target": 30, "value": 0.0026127528343618334, "supply": [{"l": "Potash", "v": 0.028869388911984397}, {"l": "Phosphate", "v": 0.1748772918065685}, {"l": "Nitrogen", "v": 2.3721307102310374}]}, {"source": 69, "prod": 0.08815846377279328, "target": 59, "value": 0.0012469956709454204, "supply": [{"l": "Potash", "v": 0.028869388911984397}, {"l": "Phosphate", "v": 0.1748772918065685}, {"l": "Nitrogen", "v": 2.3721307102310374}]}, {"source": 69, "prod": 0.020990110422093641, "target": 56, "value": 0.00029690373117748108, "supply": [{"l": "Potash", "v": 0.028869388911984397}, {"l": "Phosphate", "v": 0.1748772918065685}, {"l": "Nitrogen", "v": 2.3721307102310374}]}, {"source": 69, "prod": 6.443963899582748, "target": 28, "value": 0.091149445471486693, "supply": [{"l": "Potash", "v": 0.028869388911984397}, {"l": "Phosphate", "v": 0.1748772918065685}, {"l": "Nitrogen", "v": 2.3721307102310374}]}, {"source": 69, "prod": 0.49536660596140986, "target": 25, "value": 0.0070069280557885534, "supply": [{"l": "Potash", "v": 0.028869388911984397}, {"l": "Phosphate", "v": 0.1748772918065685}, {"l": "Nitrogen", "v": 2.3721307102310374}]}, {"source": 69, "prod": 0.58772309181862192, "target": 34, "value": 0.0083133044729694697, "supply": [{"l": "Potash", "v": 0.028869388911984397}, {"l": "Phosphate", "v": 0.1748772918065685}, {"l": "Nitrogen", "v": 2.3721307102310374}]}, {"source": 69, "prod": 2.3550903893589061, "target": 4, "value": 0.033312598638113373, "supply": [{"l": "Potash", "v": 0.028869388911984397}, {"l": "Phosphate", "v": 0.1748772918065685}, {"l": "Nitrogen", "v": 2.3721307102310374}]}, {"source": 69, "prod": 0.033584176675349825, "target": 37, "value": 0.00047504596988396969, "supply": [{"l": "Potash", "v": 0.028869388911984397}, {"l": "Phosphate", "v": 0.1748772918065685}, {"l": "Nitrogen", "v": 2.3721307102310374}]}, {"source": 69, "prod": 0.0083960441688374562, "target": 38, "value": 0.00011876149247099242, "supply": [{"l": "Potash", "v": 0.028869388911984397}, {"l": "Phosphate", "v": 0.1748772918065685}, {"l": "Nitrogen", "v": 2.3721307102310374}]}, {"source": 69, "prod": 48.503947163373979, "target": 26, "value": 0.68608514200492321, "supply": [{"l": "Potash", "v": 0.028869388911984397}, {"l": "Phosphate", "v": 0.1748772918065685}, {"l": "Nitrogen", "v": 2.3721307102310374}]}, {"source": 69, "prod": 0.83120837271490811, "target": 54, "value": 0.011757387754628252, "supply": [{"l": "Potash", "v": 0.028869388911984397}, {"l": "Phosphate", "v": 0.1748772918065685}, {"l": "Nitrogen", "v": 2.3721307102310374}]}, {"source": 69, "prod": 4.9200818829387494, "target": 42, "value": 0.069594234588001569, "supply": [{"l": "Potash", "v": 0.028869388911984397}, {"l": "Phosphate", "v": 0.1748772918065685}, {"l": "Nitrogen", "v": 2.3721307102310374}]}, {"source": 69, "prod": 0.6716835335069965, "target": 43, "value": 0.0095009193976793947, "supply": [{"l": "Potash", "v": 0.028869388911984397}, {"l": "Phosphate", "v": 0.1748772918065685}, {"l": "Nitrogen", "v": 2.3721307102310374}]}, {"source": 69, "prod": 0.20150506005209892, "target": 52, "value": 0.0028502758193038181, "supply": [{"l": "Potash", "v": 0.028869388911984397}, {"l": "Phosphate", "v": 0.1748772918065685}, {"l": "Nitrogen", "v": 2.3721307102310374}]}, {"source": 69, "prod": 5.3440821134650411, "target": 45, "value": 0.075591689957786687, "supply": [{"l": "Potash", "v": 0.028869388911984397}, {"l": "Phosphate", "v": 0.1748772918065685}, {"l": "Nitrogen", "v": 2.3721307102310374}]}, {"source": 69, "prod": 0.42400023052629149, "target": 46, "value": 0.0059974553697851171, "supply": [{"l": "Potash", "v": 0.028869388911984397}, {"l": "Phosphate", "v": 0.1748772918065685}, {"l": "Nitrogen", "v": 2.3721307102310374}]}, {"source": 69, "prod": 6.2718449941215795, "target": 49, "value": 0.088714834875831344, "supply": [{"l": "Potash", "v": 0.028869388911984397}, {"l": "Phosphate", "v": 0.1748772918065685}, {"l": "Nitrogen", "v": 2.3721307102310374}]}, {"source": 69, "prod": 1.1670501394684063, "target": 58, "value": 0.016507847453467946, "supply": [{"l": "Potash", "v": 0.028869388911984397}, {"l": "Phosphate", "v": 0.1748772918065685}, {"l": "Nitrogen", "v": 2.3721307102310374}]}, {"source": 69, "prod": 0.10075253002604946, "target": 51, "value": 0.0014251379096519091, "supply": [{"l": "Potash", "v": 0.028869388911984397}, {"l": "Phosphate", "v": 0.1748772918065685}, {"l": "Nitrogen", "v": 2.3721307102310374}]}, {"source": 69, "prod": 1.343367067013993, "target": 53, "value": 0.019001838795358789, "supply": [{"l": "Potash", "v": 0.028869388911984397}, {"l": "Phosphate", "v": 0.1748772918065685}, {"l": "Nitrogen", "v": 2.3721307102310374}]}, {"source": 67, "prod": 0, "target": 69, "value": 3.0570920348341559, "supply": [{"l": "Natural gas (including LNG)", "v": 2.0810957753781127}, {"l": "Fuel oil", "v": 0.5566718994161346}, {"l": "Liquefied petroleum gas (LPG)", "v": 0.20966218001995432}, {"l": "Coal", "v": 0.20966218001995432}]}, {"source": 70, "prod": 0, "target": 5, "value": 0.00098919285372849508, "supply": "[{\"l\":'Labor',\"v\":0.00098919285372849508}]"}, {"source": 70, "prod": 0, "target": 8, "value": 0.010386524964149199, "supply": "[{\"l\":'Labor',\"v\":0.010386524964149199}]"}, {"source": 70, "prod": 0, "target": 3, "value": 0.010386524964149199, "supply": "[{\"l\":'Labor',\"v\":0.010386524964149199}]"}, {"source": 70, "prod": 0, "target": 14, "value": 0.030170382038719103, "supply": "[{\"l\":'Labor',\"v\":0.030170382038719103}]"}, {"source": 70, "prod": 0, "target": 2, "value": 5.1601245214746951, "supply": "[{\"l\":'Labor',\"v\":5.1601245214746951}]"}, {"source": 70, "prod": 0, "target": 16, "value": 0.31431602927222929, "supply": "[{\"l\":'Labor',\"v\":0.31431602927222929}]"}, {"source": 70, "prod": 0, "target": 18, "value": 0.028686592758126361, "supply": "[{\"l\":'Labor',\"v\":0.028686592758126361}]"}, {"source": 70, "prod": 0, "target": 19, "value": 0.010386524964149199, "supply": "[{\"l\":'Labor',\"v\":0.010386524964149199}]"}, {"source": 70, "prod": 0, "target": 22, "value": 0.40581636824211509, "supply": "[{\"l\":'Labor',\"v\":0.40581636824211509}]"}, {"source": 70, "prod": 0, "target": 23, "value": 0.029181189184990606, "supply": "[{\"l\":'Labor',\"v\":0.029181189184990606}]"}, {"source": 70, "prod": 0, "target": 57, "value": 0.01310680531190256, "supply": "[{\"l\":'Labor',\"v\":0.01310680531190256}]"}, {"source": 70, "prod": 0, "target": 49, "value": 0.36946353086759293, "supply": "[{\"l\":'Labor',\"v\":0.36946353086759293}]"}, {"source": 70, "prod": 0, "target": 25, "value": 0.029181189184990606, "supply": "[{\"l\":'Labor',\"v\":0.029181189184990606}]"}, {"source": 70, "prod": 0, "target": 58, "value": 0.068748903334130418, "supply": "[{\"l\":'Labor',\"v\":0.068748903334130418}]"}, {"source": 70, "prod": 0, "target": 59, "value": 0.0051932624820745996, "supply": "[{\"l\":'Labor',\"v\":0.0051932624820745996}]"}, {"source": 70, "prod": 0, "target": 56, "value": 0.001236491067160619, "supply": "[{\"l\":'Labor',\"v\":0.001236491067160619}]"}, {"source": 70, "prod": 0, "target": 28, "value": 0.37960275761831003, "supply": "[{\"l\":'Labor',\"v\":0.37960275761831003}]"}, {"source": 70, "prod": 0, "target": 30, "value": 0.010881121391013446, "supply": "[{\"l\":'Labor',\"v\":0.010881121391013446}]"}, {"source": 70, "prod": 0, "target": 34, "value": 0.034621749880497328, "supply": "[{\"l\":'Labor',\"v\":0.034621749880497328}]"}, {"source": 70, "prod": 0, "target": 4, "value": 0.13873429773542142, "supply": "[{\"l\":'Labor',\"v\":0.13873429773542142}]"}, {"source": 70, "prod": 0, "target": 37, "value": 0.0019783857074569902, "supply": "[{\"l\":'Labor',\"v\":0.0019783857074569902}]"}, {"source": 70, "prod": 0, "target": 38, "value": 0.00049459642686424754, "supply": "[{\"l\":'Labor',\"v\":0.00049459642686424754}]"}, {"source": 70, "prod": 0, "target": 26, "value": 2.8572835579947582, "supply": "[{\"l\":'Labor',\"v\":2.8572835579947582}]"}, {"source": 70, "prod": 0, "target": 42, "value": 0.28983350614244907, "supply": "[{\"l\":'Labor',\"v\":0.28983350614244907}]"}, {"source": 70, "prod": 0, "target": 43, "value": 0.039567714149139808, "supply": "[{\"l\":'Labor',\"v\":0.039567714149139808}]"}, {"source": 70, "prod": 0, "target": 45, "value": 0.31481062569909357, "supply": "[{\"l\":'Labor',\"v\":0.31481062569909357}]"}, {"source": 70, "prod": 0, "target": 46, "value": 0.0249771195566445, "supply": "[{\"l\":'Labor',\"v\":0.0249771195566445}]"}, {"source": 70, "prod": 0, "target": 31, "value": 0.0014837892805927425, "supply": "[{\"l\":'Labor',\"v\":0.0014837892805927425}]"}, {"source": 70, "prod": 0, "target": 51, "value": 0.0059351571223709701, "supply": "[{\"l\":'Labor',\"v\":0.0059351571223709701}]"}, {"source": 70, "prod": 0, "target": 52, "value": 0.01187031424474194, "supply": "[{\"l\":'Labor',\"v\":0.01187031424474194}]"}, {"source": 70, "prod": 0, "target": 53, "value": 0.079135428298279617, "supply": "[{\"l\":'Labor',\"v\":0.079135428298279617}]"}, {"source": 70, "prod": 0, "target": 54, "value": 0.04896504625956051, "supply": "[{\"l\":'Labor',\"v\":0.04896504625956051}]"}, {"source": 67, "prod": 0, "target": 62, "value": 0.48673853015421925, "supply": "[{\"l\":'Fossil Fuels',\"v\":0.48673853015421925}]"}, {"source": 68, "prod": 0, "target": 62, "value": 1.8639259219851241, "supply": "[{\"l\":'Renewables & Nuclear',\"v\":0.0060239322650848769},{\"l\":'Biomass & Waste',\"v\":1.8579019897200393}]"}]}