{"nodes": [{"layer": 5, "name": "Starchy Roots"}, {"layer": 10, "name": "Feed", "fill": "#dbdb8d"}, {"layer": 5, "name": "Fruits & Vegetables"}, {"layer": 13, "name": "Animal Products", "fill": "#17becf"}, {"layer": 5, "name": "Cereals", "fill": "#e7ba52"}, {"layer": 13, "name": "Other Processed", "fill": "#9c9ede"}, {"layer": 16, "name": "Food", "fill": "#b5cf6b"}, {"layer": 5, "name": "Oilcrops", "fill": "#ff9896"}, {"layer": 13, "name": "Sugar", "fill": "#d6616b"}, {"layer": 5, "name": "Others"}, {"layer": 13, "name": "Aquatic Products", "fill": "#1f77b4"}, {"layer": 13, "name": "Vegetable Oils", "fill": "#f7b6d2"}, {"layer": 5, "name": "Sugar Crops", "fill": "#ffbb78"}, {"layer": 10, "name": "Processing", "fill": "#9edae5"}, {"layer": 16, "name": "Biofuels & Other", "fill": "#e7ba52"}, {"name": "Waste", "fill": "#c7c7c7"}, {"layer": 2, "name": "Import", "fill": "#aec7e8"}, {"layer": 16, "name": "Export", "fill": "#aec7e8"}, {"layer": 0, "name": "Stock Draw", "fill": "#c7c7c7"}, {"layer": 16, "name": "Stock Deposit", "fill": "#c7c7c7"}, {"name": "Crop Residue", "fill": "#bd9e39"}, {"layer": 2, "name": "Electricity", "fill": "#bcbd22"}, {"layer": 0, "name": "Fossil Fuels", "fill": "#c49c94"}, {"layer": 0, "name": "Renewables & Nuclear", "fill": "#2ca02c"}, {"layer": 2, "name": "Fertilizers", "fill": "#c5b0d5"}, {"layer": 0, "name": "Labor", "fill": "#7f7f7f"}], "links": [{"source": 0, "prod": 2.0, "target": 1, "value": 0.0015927862391375779, "supply": [{"l": "Potatoes", "v": 0.0015927862391375779}]}, {"source": 2, "prod": 9.0, "target": 1, "value": 0.013556273430995549, "supply": [{"l": "Vegetables, Other", "v": 0.0015158625449264559}, {"l": "Pulses, Other", "v": 0.012040410886069093}]}, {"source": 3, "prod": 7.0, "target": 1, "value": 0.0047846374202300847, "supply": [{"l": "Milk - Excluding Butter", "v": 0.0047846374202300847}]}, {"source": 4, "prod": 153.0, "target": 1, "value": 0.48524482656125834, "supply": [{"l": "Maize", "v": 0.20579453382704371}, {"l": "Wheat", "v": 0.10251014667399899}, {"l": "Barley", "v": 0.018636658500951218}, {"l": "Oats", "v": 0.075985674028446928}, {"l": "Sorghum", "v": 0.082317813530817505}]}, {"source": 5, "prod": 29.0, "target": 6, "value": 0.092659211981289097, "supply": [{"l": "Fats, Animals, Raw", "v": 0.035919371726192306}, {"l": "Beer", "v": 0.0081336998019662429}, {"l": "Butter, Ghee", "v": 0.03319411522475188}, {"l": "Wine", "v": 0.0011630182626164384}, {"l": "Beverages, Alcoholic", "v": 0.014249006965762236}]}, {"source": 3, "prod": 410.0, "target": 6, "value": 0.36740613783958664, "supply": [{"l": "Pigmeat", "v": 0.030179415306878909}, {"l": "Milk - Excluding Butter", "v": 0.24264946916881139}, {"l": "Poultry Meat", "v": 0.017873754351789475}, {"l": "Bovine Meat", "v": 0.027065001845783688}, {"l": "Eggs", "v": 0.011607467425722657}, {"l": "Offals, Edible", "v": 0.0081041227117772726}, {"l": "Mutton & Goat Meat", "v": 0.02992690702882321}]}, {"source": 4, "prod": 591.0, "target": 6, "value": 1.900020664314392, "supply": [{"l": "Maize", "v": 0.59205504347164895}, {"l": "Rye", "v": 0.018608292201863018}, {"l": "Barley", "v": 0.0062122195003170731}, {"l": "Rice", "v": 0.0594302332197}, {"l": "Wheat", "v": 1.2237148759208629}]}, {"source": 7, "prod": 4.0, "target": 6, "value": 0.004994137245352942, "supply": [{"l": "Olives", "v": 0.004994137245352942}]}, {"source": 8, "prod": 47.0, "target": 6, "value": 0.19445316867599957, "supply": [{"l": "Sugar", "v": 0.19076184984247782}, {"l": "Honey", "v": 0.0036913188335217393}]}, {"source": 0, "prod": 48.0, "target": 6, "value": 0.038226869739301873, "supply": [{"l": "Potatoes", "v": 0.038226869739301873}]}, {"source": 2, "prod": 328.0, "target": 6, "value": 0.1713197494503258, "supply": [{"l": "Oranges, Mandarines", "v": 0.0047563211860504207}, {"l": "Fruits, Other", "v": 0.032713889845706424}, {"l": "Beans", "v": 0.035539674350651168}, {"l": "Treenuts", "v": 0.011630182626164385}, {"l": "Vegetables, Other", "v": 0.048760245195134326}, {"l": "Tomatoes", "v": 0.002338852153471075}, {"l": "Grapes", "v": 0.027595715906240121}, {"l": "Apples", "v": 0.0079848681869078703}]}, {"source": 9, "prod": 4.0, "target": 6, "value": 0.012394209222043796, "supply": [{"l": "Nuts", "v": 0.012394209222043796}]}, {"source": 10, "prod": 18.0, "target": 6, "value": 0.013999653354051358, "supply": [{"l": "Freshwater Fish", "v": 0.0023154636319363637}, {"l": "Fish, Seafood", "v": 0.0069675045459483284}, {"l": "Marine Fish, Other", "v": 0.0047166851761666663}]}, {"source": 11, "prod": 23.0, "target": 6, "value": 0.23603271497733769, "supply": [{"l": "Olive Oil", "v": 0.041098250452203826}, {"l": "Soyabean Oil", "v": 0.0099050388699500006}, {"l": "Sunflowerseed Oil", "v": 0.18502942565518388}]}, {"source": 12, "prod": 278.0, "target": 13, "value": 0.32309777715999999, "supply": [{"l": "Sugar beet", "v": 0.32309777715999999}]}, {"source": 2, "prod": 27.0, "target": 13, "value": 0.020137414309959009, "supply": [{"l": "Grapes", "v": 0.020137414309959009}]}, {"source": 4, "prod": 3.0, "target": 13, "value": 0.0093183292504756092, "supply": [{"l": "Barley", "v": 0.0093183292504756092}]}, {"source": 7, "prod": 62.0, "target": 13, "value": 0.077409127302970601, "supply": [{"l": "Cottonseed", "v": 0.0087397401793676485}, {"l": "Soyabeans", "v": 0.0062426715566911784}, {"l": "Olives", "v": 0.028716289160779417}, {"l": "Sunflower seed", "v": 0.033710426406132359}]}, {"source": 11, "prod": 3.0, "target": 14, "value": 0.030828537762501017, "supply": [{"l": "Cottonseed Oil", "v": 0.010274562613050956}, {"l": "Olive Oil", "v": 0.010274562613050956}, {"l": "Sunflowerseed Oil", "v": 0.010279412536399104}]}, {"source": 0, "prod": 50.0, "target": 0, "value": 0.03981965597843945, "supply": [{"l": "Potatoes", "v": 0.03981965597843945}]}, {"source": 2, "prod": 6.0, "target": 2, "value": 0.0237577338234959, "supply": [{"l": "Beans", "v": 0.019744263528139537}, {"l": "Pulses, Other", "v": 0.0040134702953563643}]}, {"source": 3, "prod": 1.0, "target": 3, "value": 0.0016582096322460937, "supply": [{"l": "Eggs", "v": 0.0016582096322460937}]}, {"source": 4, "prod": 77.0, "target": 4, "value": 0.24660000986977701, "supply": [{"l": "Maize", "v": 0.015830348755926441}, {"l": "Wheat", "v": 0.18579964084662318}, {"l": "Oats", "v": 0.015830348755926441}, {"l": "Rye", "v": 0.0093041461009315089}, {"l": "Barley", "v": 0.012424439000634146}, {"l": "Rice", "v": 0.00424501665855}, {"l": "Sorghum", "v": 0.0031660697511852885}]}, {"source": 7, "prod": 5.0, "target": 7, "value": 0.0062426715566911775, "supply": [{"l": "Sunflower seed", "v": 0.0012485343113382355}, {"l": "Soyabeans", "v": 0.0012485343113382355}, {"l": "Cottonseed", "v": 0.0037456029340147061}]}, {"source": 0, "prod": 4.0, "target": 15, "value": 0.0031855724782751558, "supply": [{"l": "Potatoes", "v": 0.0031855724782751558}]}, {"source": 2, "prod": 43.0, "target": 15, "value": 0.027773777118426168, "supply": [{"l": "Vegetables, Other", "v": 0.0073266689671445369}, {"l": "Grapes", "v": 0.00074583015962811135}, {"l": "Fruits, Other", "v": 0.0019243464615121427}, {"l": "Beans", "v": 0.015795410822511628}, {"l": "Oranges, Mandarines", "v": 0.0004756321186050421}, {"l": "Tomatoes", "v": 0.00093554086138842988}, {"l": "Apples", "v": 0.00057034772763627645}]}, {"source": 3, "prod": 9.0, "target": 15, "value": 0.0071263666839376186, "supply": [{"l": "Eggs", "v": 0.0016582096322460937}, {"l": "Milk - Excluding Butter", "v": 0.0054681570516915247}]}, {"source": 4, "prod": 97.0, "target": 15, "value": 0.30869544243083313, "supply": [{"l": "Maize", "v": 0.12347672029622625}, {"l": "Wheat", "v": 0.15696866209456095}, {"l": "Oats", "v": 0.0063321395023705771}, {"l": "Rye", "v": 0.0031013820336438362}, {"l": "Barley", "v": 0.0093183292504756092}, {"l": "Sorghum", "v": 0.0094982092535558661}]}, {"source": 7, "prod": 1.0, "target": 15, "value": 0.0012485343113382355, "supply": [{"l": "Olives", "v": 0.0012485343113382355}]}, {"source": 16, "prod": 28.0, "target": 13, "value": 0.17967377359283973, "supply": [{"l": "Fats, Animals, Raw", "v": 0.026939528794644233}, {"l": "Sunflowerseed Oil", "v": 0.082235300291192831}, {"l": "Sugar", "v": 0.07049894450700267}]}, {"source": 16, "prod": 44.0, "target": 4, "value": 0.14653517880269018, "supply": [{"l": "Maize", "v": 0.031660697511852881}, {"l": "Wheat", "v": 0.080086052089061693}, {"l": "Barley", "v": 0.0093183292504756092}, {"l": "Rice", "v": 0.025470099951300004}]}, {"source": 16, "prod": 3.0, "target": 1, "value": 0.0020505588943843219, "supply": [{"l": "Milk - Excluding Butter", "v": 0.0020505588943843219}]}, {"source": 0, "prod": 5.0, "target": 17, "value": 0.003981965597843945, "supply": [{"l": "Potatoes", "v": 0.003981965597843945}]}, {"source": 5, "prod": 24.0, "target": 17, "value": 0.01395621915139726, "supply": [{"l": "Wine", "v": 0.01395621915139726}]}, {"source": 2, "prod": 99.0, "target": 17, "value": 0.030380403987865078, "supply": [{"l": "Tomatoes", "v": 0.0067826712450661164}, {"l": "Oranges, Mandarines", "v": 0.0004756321186050421}, {"l": "Treenuts", "v": 0.0029075456565410963}, {"l": "Vegetables, Other", "v": 0.015411269206752301}, {"l": "Fruits, Other", "v": 0.00256579528201619}, {"l": "Grapes", "v": 0.0022374904788843341}]}, {"source": 4, "prod": 41.0, "target": 17, "value": 0.12914929978730255, "supply": [{"l": "Maize", "v": 0.094982092535558657}, {"l": "Barley", "v": 0.034167207251743902}]}, {"source": 9, "prod": 1.0, "target": 17, "value": 0.0030985523055109491, "supply": [{"l": "Nuts", "v": 0.0030985523055109491}]}, {"source": 18, "prod": 5.0, "target": 13, "value": 0.0029075456565410963, "supply": [{"l": "Wine", "v": 0.0029075456565410963}]}, {"source": 8, "prod": 7.0, "target": 19, "value": 0.029028977149942271, "supply": [{"l": "Sugar", "v": 0.029028977149942271}]}, {"source": 18, "prod": 10.0, "target": 0, "value": 0.00796393119568789, "supply": [{"l": "Potatoes", "v": 0.00796393119568789}]}, {"source": 18, "prod": 40.0, "target": 4, "value": 0.12664279004741152, "supply": [{"l": "Maize", "v": 0.12664279004741152}]}, {"source": 1, "prod": 18.0, "target": 10, "value": 0.013999653354051358, "supply": [{"l": "Freshwater Fish", "v": 0.0023154636319363637}, {"l": "Marine Fish, Other", "v": 0.0047166851761666663}, {"l": "Fish, Seafood", "v": 0.0069675045459483284}]}, {"source": 1, "prod": 426.0, "target": 3, "value": 0.37931714194375438, "supply": [{"l": "Poultry Meat", "v": 0.017873754351789475}, {"l": "Pigmeat", "v": 0.030179415306878909}, {"l": "Bovine Meat", "v": 0.027065001845783688}, {"l": "Eggs", "v": 0.014923886690214843}, {"l": "Milk - Excluding Butter", "v": 0.25290226364073298}, {"l": "Offals, Edible", "v": 0.0081041227117772726}, {"l": "Mutton & Goat Meat", "v": 0.02992690702882321}]}, {"source": 13, "prod": 53.0, "target": 5, "value": 0.10661543113268636, "supply": [{"l": "Fats, Animals, Raw", "v": 0.035919371726192306}, {"l": "Beer", "v": 0.0081336998019662429}, {"l": "Beverages, Alcoholic", "v": 0.014249006965762236}, {"l": "Butter, Ghee", "v": 0.03319411522475188}, {"l": "Wine", "v": 0.015119237414013699}]}, {"source": 13, "prod": 26.0, "target": 11, "value": 0.26686125273983868, "supply": [{"l": "Olive Oil", "v": 0.051372813065254784}, {"l": "Cottonseed Oil", "v": 0.010274562613050956}, {"l": "Sunflowerseed Oil", "v": 0.19530883819158298}, {"l": "Soyabean Oil", "v": 0.0099050388699500006}]}, {"source": 13, "prod": 54.0, "target": 8, "value": 0.22348214582594184, "supply": [{"l": "Honey", "v": 0.0036913188335217393}, {"l": "Sugar", "v": 0.21979082699242009}]}, {"source": 0, "prod": 52.0, "target": 20, "value": 0.18130666632, "supply": [{"l": "Potatoes", "v": 0.18130666632}]}, {"source": 12, "prod": 111.2, "target": 20, "value": 0.129239110864, "supply": [{"l": "Sugar beet", "v": 0.129239110864}]}, {"source": 2, "prod": 511.5, "target": 20, "value": 1.6497552751047342, "supply": [{"l": "Vegetables, Other", "v": 1.0076466647400002}, {"l": "Tomatoes", "v": 0.14992666637999999}, {"l": "Beans", "v": 0.062759999880000014}, {"l": "Pulses, Other", "v": 0.092382722767742689}]}, {"source": 4, "prod": 1839.0, "target": 20, "value": 6.4773626805380049, "supply": [{"l": "Maize", "v": 2.1024599959800003}, {"l": "Rye", "v": 0.069733333200000011}, {"l": "Barley", "v": 0.18827999964}, {"l": "Rice", "v": 0.083679999839999991}, {"l": "Wheat", "v": 3.5459399932200002}, {"l": "Oats", "v": 0.21268666626000005}, {"l": "Sorghum", "v": 0.20919999960000002}]}, {"source": 7, "prod": 72.0, "target": 20, "value": 0.25103999952, "supply": [{"l": "Olives", "v": 0.095883333150000014}, {"l": "Sunflower seed", "v": 0.099369999809999998}, {"l": "Soyabeans", "v": 0.020919999960000001}, {"l": "Cottonseed", "v": 0.034866666599999999}]}, {"source": 21, "prod": 0, "target": 4, "value": 2.1245686630700103e-05, "supply": "[{\"l\":'Energy for power irrigation',\"v\":2.1245686630700103e-05}]"}, {"source": 21, "prod": 0, "target": 7, "value": 1.6636100461233363e-06, "supply": "[{\"l\":'Energy for power irrigation',\"v\":1.6636100461233363e-06}]"}, {"source": 21, "prod": 0, "target": 12, "value": 6.4233832336428801e-06, "supply": "[{\"l\":'Energy for power irrigation',\"v\":6.4233832336428801e-06}]"}, {"source": 21, "prod": 0, "target": 0, "value": 2.4029922888448189e-06, "supply": "[{\"l\":'Energy for power irrigation',\"v\":2.4029922888448189e-06}]"}, {"source": 21, "prod": 0, "target": 2, "value": 1.1818563036001199e-05, "supply": "[{\"l\":'Energy for power irrigation',\"v\":1.1818563036001199e-05}]"}, {"source": 21, "prod": 0, "target": 9, "value": 1.1552847542523167e-07, "supply": "[{\"l\":'Energy for power irrigation',\"v\":1.1552847542523167e-07}]"}, {"source": 21, "prod": 0, "target": 13, "value": 0.14803414715762411, "supply": "[{\"l\":'Electricity',\"v\":0.14803414715762411}]"}, {"source": 22, "prod": 0, "target": 21, "value": 0.080243344864221258, "supply": [{"l": "Coal", "v": 0.0}, {"l": "Natural gas", "v": 0.0}, {"l": "Oil", "v": 0.080243344864221258}]}, {"source": 23, "prod": 0, "target": 21, "value": 0.11758534587293078, "supply": [{"l": "Nuclear", "v": 0.0}, {"l": "Hydroelectric", "v": 0.11758534587293078}, {"l": "Renewable", "v": 0.0}]}, {"source": 22, "prod": 0, "target": 4, "value": 0.54615921560447589, "supply": [{"l": "Gas-Diesel oil", "v": 0.38159340124589786}, {"l": "Natural gas (including LNG)", "v": 0.10450911237049734}, {"l": "Fuel oil", "v": 0.060056701988080628}]}, {"source": 22, "prod": 0, "target": 7, "value": 0.04276613760035048, "supply": [{"l": "Gas-Diesel oil", "v": 0.029880070570641269}, {"l": "Natural gas (including LNG)", "v": 0.0081834215233015876}, {"l": "Fuel oil", "v": 0.0047026455064076191}]}, {"source": 22, "prod": 0, "target": 12, "value": 0.16512480906801988, "supply": [{"l": "Gas-Diesel oil", "v": 0.1153702724810871}, {"l": "Natural gas (including LNG)", "v": 0.03159709977052557}, {"l": "Fuel oil", "v": 0.018157436816407191}]}, {"source": 22, "prod": 0, "target": 0, "value": 0.061773309867172908, "supply": [{"l": "Gas-Diesel oil", "v": 0.043160101935370718}, {"l": "Natural gas (including LNG)", "v": 0.01182049775588007}, {"l": "Fuel oil", "v": 0.0067927101759221158}]}, {"source": 22, "prod": 0, "target": 2, "value": 0.30381776920248982, "supply": [{"l": "Gas-Diesel oil", "v": 0.21227300134559732}, {"l": "Natural gas (including LNG)", "v": 0.058136390405121689}, {"l": "Fuel oil", "v": 0.03340837745177079}]}, {"source": 22, "prod": 0, "target": 9, "value": 0.0029698706666910048, "supply": [{"l": "Gas-Diesel oil", "v": 0.0020750049007389765}, {"l": "Natural gas (including LNG)", "v": 0.00056829316134038798}, {"l": "Fuel oil", "v": 0.00032657260461164018}]}, {"source": 22, "prod": 0, "target": 1, "value": 0.16204231494444862, "supply": [{"l": "Gas-diesel oils used in fisheries", "v": 0.16204231494444862}]}, {"source": 24, "prod": 45.585793650793647, "target": 4, "value": 0.66197337597049566, "supply": [{"l": "Potash", "v": 0.0099991666746659987}, {"l": "Phosphate", "v": 0.088375000070699997}, {"l": "Nitrogen", "v": 1.2622888898987199}]}, {"source": 24, "prod": 3.5695238095238095, "target": 7, "value": 0.051834783110250894, "supply": [{"l": "Potash", "v": 0.0099991666746659987}, {"l": "Phosphate", "v": 0.088375000070699997}, {"l": "Nitrogen", "v": 1.2622888898987199}]}, {"source": 24, "prod": 13.782328042328039, "target": 12, "value": 0.20013985700902426, "supply": [{"l": "Potash", "v": 0.0099991666746659987}, {"l": "Phosphate", "v": 0.088375000070699997}, {"l": "Nitrogen", "v": 1.2622888898987199}]}, {"source": 24, "prod": 5.1559788359788357, "target": 0, "value": 0.074872464492584612, "supply": [{"l": "Potash", "v": 0.0099991666746659987}, {"l": "Phosphate", "v": 0.088375000070699997}, {"l": "Nitrogen", "v": 1.2622888898987199}]}, {"source": 24, "prod": 25.358492063492058, "target": 2, "value": 0.36824293834574068, "supply": [{"l": "Potash", "v": 0.0099991666746659987}, {"l": "Phosphate", "v": 0.088375000070699997}, {"l": "Nitrogen", "v": 1.2622888898987199}]}, {"source": 24, "prod": 0.24788359788359784, "target": 9, "value": 0.0035996377159896449, "supply": [{"l": "Potash", "v": 0.0099991666746659987}, {"l": "Phosphate", "v": 0.088375000070699997}, {"l": "Nitrogen", "v": 1.2622888898987199}]}, {"source": 22, "prod": 0, "target": 24, "value": 1.6095739609296413, "supply": [{"l": "Natural gas (including LNG)", "v": 1.0974951025743289}, {"l": "Fuel oil", "v": 0.28894255365702937}, {"l": "Liquefied petroleum gas (LPG)", "v": 0.11156815234914153}, {"l": "Coal", "v": 0.11156815234914153}]}, {"source": 25, "prod": 0, "target": 4, "value": 0.26352165378672643, "supply": "[{\"l\":'Labor',\"v\":0.26352165378672643}]"}, {"source": 25, "prod": 0, "target": 7, "value": 0.020634648257361939, "supply": "[{\"l\":'Labor',\"v\":0.020634648257361939}]"}, {"source": 25, "prod": 0, "target": 12, "value": 0.079672669660369691, "supply": "[{\"l\":'Labor',\"v\":0.079672669660369691}]"}, {"source": 25, "prod": 0, "target": 0, "value": 0.029805603038411687, "supply": "[{\"l\":'Labor',\"v\":0.029805603038411687}]"}, {"source": 25, "prod": 0, "target": 2, "value": 0.14659198032834209, "supply": "[{\"l\":'Labor',\"v\":0.14659198032834209}]"}, {"source": 25, "prod": 0, "target": 9, "value": 0.0014329616845390233, "supply": "[{\"l\":'Labor',\"v\":0.0014329616845390233}]"}, {"source": 22, "prod": 0, "target": 16, "value": 1.3561482239760989, "supply": "[{\"l\":'Fossil Fuels',\"v\":1.3561482239760989}]"}, {"source": 23, "prod": 0, "target": 16, "value": 0.34304122125195791, "supply": "[{\"l\":'Renewables & Nuclear',\"v\":0.13840952734348982},{\"l\":'Biomass & Waste',\"v\":0.20463169390846811}]"}]}