{"nodes": [{"layer": 13, "name": "Milk - Excluding Butter"}, {"layer": 10, "name": "Feed", "fill": "#dbdb8d"}, {"layer": 5, "name": "Cereals - Excluding Beer"}, {"layer": 5, "name": "Vegetables"}, {"layer": 5, "name": "Pulses"}, {"layer": 5, "name": "Sugar Crops", "fill": "#ffbb78"}, {"layer": 16, "name": "Food", "fill": "#b5cf6b"}, {"layer": 5, "name": "Oilcrops", "fill": "#ff9896"}, {"layer": 13, "name": "Sugar & Sweeteners"}, {"layer": 5, "name": "Treenuts"}, {"layer": 5, "name": "Others"}, {"layer": 13, "name": "Alcoholic Beverages"}, {"layer": 13, "name": "Animal Fats"}, {"layer": 5, "name": "Starchy Roots"}, {"layer": 13, "name": "Fish, Seafood"}, {"layer": 5, "name": "Fruits - Excluding Wine"}, {"layer": 13, "name": "Vegetable Oils", "fill": "#f7b6d2"}, {"layer": 13, "name": "Eggs"}, {"layer": 13, "name": "Meat"}, {"layer": 10, "name": "Processing", "fill": "#9edae5"}, {"layer": 16, "name": "Biofuels & Other", "fill": "#e7ba52"}, {"name": "Waste", "fill": "#c7c7c7"}, {"layer": 2, "name": "Import", "fill": "#aec7e8"}, {"layer": 16, "name": "Export", "fill": "#aec7e8"}, {"layer": 16, "name": "Stock Deposit", "fill": "#c7c7c7"}, {"layer": 0, "name": "Stock Draw", "fill": "#c7c7c7"}, {"name": "Crop Residue", "fill": "#bd9e39"}, {"layer": 2, "name": "Electricity", "fill": "#bcbd22"}, {"layer": 0, "name": "Fossil Fuels", "fill": "#c49c94"}, {"layer": 0, "name": "Renewables & Nuclear", "fill": "#2ca02c"}, {"layer": 2, "name": "Fertilizers", "fill": "#c5b0d5"}, {"layer": 0, "name": "Labor", "fill": "#7f7f7f"}], "links": [{"source": 0, "prod": 3.0, "target": 1, "value": 0.0023605404842511656, "supply": [{"l": "Milk - Excluding Butter", "v": 0.0023605404842511656}]}, {"source": 2, "prod": 40.0, "target": 1, "value": 0.12728073967658471, "supply": [{"l": "Maize", "v": 0.01583500108991991}, {"l": "Wheat", "v": 0.057606734880937101}, {"l": "Oats", "v": 0.031670002179839819}, {"l": "Sorghum", "v": 0.022169001525887872}]}, {"source": 3, "prod": 4.0, "target": 1, "value": 0.0010029393215117239, "supply": [{"l": "Vegetables, Other", "v": 0.0010029393215117239}]}, {"source": 4, "prod": 2.0, "target": 1, "value": 0.0068838107976486483, "supply": [{"l": "Pulses, Other", "v": 0.0068838107976486483}]}, {"source": 5, "prod": 4.0, "target": 1, "value": 0.0046488888800000003, "supply": [{"l": "Sugar beet", "v": 0.0046488888800000003}]}, {"source": 0, "prod": 166.0, "target": 6, "value": 0.13061657346189781, "supply": [{"l": "Milk - Excluding Butter", "v": 0.13061657346189781}]}, {"source": 7, "prod": 5.0, "target": 6, "value": 0.0062021347284009756, "supply": [{"l": "Olives", "v": 0.0062021347284009756}]}, {"source": 8, "prod": 20.0, "target": 6, "value": 0.082811397029710035, "supply": [{"l": "Sugar", "v": 0.082811397029710035}]}, {"source": 9, "prod": 4.0, "target": 6, "value": 0.012388889818944206, "supply": [{"l": "Treenuts", "v": 0.012388889818944206}]}, {"source": 3, "prod": 123.0, "target": 6, "value": 0.029177533840189392, "supply": [{"l": "Tomatoes", "v": 0.0051069901239080206}, {"l": "Vegetables, Other", "v": 0.024070543716281371}]}, {"source": 10, "prod": 4.0, "target": 6, "value": 0.012335945845358975, "supply": [{"l": "Nuts", "v": 0.012335945845358975}]}, {"source": 11, "prod": 13.0, "target": 6, "value": 0.01089546870884105, "supply": [{"l": "Beer", "v": 0.0060213002248936179}, {"l": "Wine", "v": 0.001276696739413534}, {"l": "Beverages, Alcoholic", "v": 0.0035974717445338982}]}, {"source": 12, "prod": 8.0, "target": 6, "value": 0.067730662815078155, "supply": [{"l": "Butter, Ghee", "v": 0.0081634935741346157}, {"l": "Fats, Animals, Raw", "v": 0.059567169240943539}]}, {"source": 13, "prod": 10.0, "target": 6, "value": 0.0080232273615206181, "supply": [{"l": "Potatoes", "v": 0.0080232273615206181}]}, {"source": 4, "prod": 7.0, "target": 6, "value": 0.026524183479689947, "supply": [{"l": "Beans", "v": 0.023082278080865624}, {"l": "Pulses, Other", "v": 0.0034419053988243241}]}, {"source": 14, "prod": 6.0, "target": 6, "value": 0.0045322000515422168, "supply": [{"l": "Freshwater Fish", "v": 0.00073189942388793099}, {"l": "Fish, Seafood", "v": 0.0021831514243971432}, {"l": "Marine Fish, Other", "v": 0.0016171492032571429}]}, {"source": 15, "prod": 85.0, "target": 6, "value": 0.059389051501446424, "supply": [{"l": "Oranges, Mandarines", "v": 0.00048793294925862066}, {"l": "Apples", "v": 0.0045892071984324325}, {"l": "Fruits, Other", "v": 0.024632061607268912}, {"l": "Grapes", "v": 0.029679849746486454}]}, {"source": 2, "prod": 336.0, "target": 6, "value": 1.0746258702381803, "supply": [{"l": "Maize", "v": 0.48455103335154925}, {"l": "Rye", "v": 0.012526278664573771}, {"l": "Rice", "v": 0.014894795293157898}, {"l": "Wheat", "v": 0.55686510384905863}, {"l": "Barley", "v": 0.0057886590798409097}]}, {"source": 16, "prod": 5.0, "target": 6, "value": 0.05139250373034384, "supply": [{"l": "Olive Oil", "v": 0.030810604779798387}, {"l": "Sunflowerseed Oil", "v": 0.020581898950545453}]}, {"source": 17, "prod": 3.0, "target": 6, "value": 0.0050602847585364237, "supply": [{"l": "Eggs", "v": 0.0050602847585364237}]}, {"source": 18, "prod": 31.0, "target": 6, "value": 0.070897984021530844, "supply": [{"l": "Pigmeat", "v": 0.017620823865679244}, {"l": "Bovine Meat", "v": 0.013129935246212792}, {"l": "Poultry Meat", "v": 0.0046141485419021753}, {"l": "Offals, Edible", "v": 0.0065644587503350515}, {"l": "Mutton & Goat Meat", "v": 0.028968617617401576}]}, {"source": 2, "prod": 2.0, "target": 19, "value": 0.0057886590798409097, "supply": [{"l": "Barley", "v": 0.0057886590798409097}]}, {"source": 5, "prod": 75.0, "target": 19, "value": 0.087166666500000003, "supply": [{"l": "Sugar beet", "v": 0.087166666500000003}]}, {"source": 7, "prod": 35.0, "target": 19, "value": 0.043414943098806821, "supply": [{"l": "Sunflower seed", "v": 0.0062021347284009756}, {"l": "Cottonseed", "v": 0.011163842511121753}, {"l": "Olives", "v": 0.026048965859284089}]}, {"source": 15, "prod": 7.0, "target": 19, "value": 0.0053271525186001324, "supply": [{"l": "Grapes", "v": 0.0053271525186001324}]}, {"source": 8, "prod": 14.0, "target": 20, "value": 0.057967977920797026, "supply": [{"l": "Sugar", "v": 0.057967977920797026}]}, {"source": 16, "prod": 2.0, "target": 20, "value": 0.020561151068538855, "supply": [{"l": "Cottonseed Oil", "v": 0.020561151068538855}]}, {"source": 13, "prod": 9.0, "target": 13, "value": 0.0072209046253685575, "supply": [{"l": "Potatoes", "v": 0.0072209046253685575}]}, {"source": 2, "prod": 46.0, "target": 2, "value": 0.14742336037772302, "supply": [{"l": "Maize", "v": 0.025336001743871853}, {"l": "Rice", "v": 0.0049649317643859657}, {"l": "Wheat", "v": 0.083209728161353594}, {"l": "Barley", "v": 0.0086829886197613646}, {"l": "Oats", "v": 0.01583500108991991}, {"l": "Rye", "v": 0.0093947089984303296}]}, {"source": 4, "prod": 5.0, "target": 4, "value": 0.018830090786068076, "supply": [{"l": "Beans", "v": 0.015388185387243751}, {"l": "Pulses, Other", "v": 0.0034419053988243241}]}, {"source": 7, "prod": 3.0, "target": 7, "value": 0.0037212808370405848, "supply": [{"l": "Cottonseed", "v": 0.0037212808370405848}]}, {"source": 0, "prod": 4.0, "target": 21, "value": 0.0031473873123348869, "supply": [{"l": "Milk - Excluding Butter", "v": 0.0031473873123348869}]}, {"source": 7, "prod": 1.0, "target": 21, "value": 0.0012404269456801949, "supply": [{"l": "Olives", "v": 0.0012404269456801949}]}, {"source": 3, "prod": 15.0, "target": 21, "value": 0.0035762613116360623, "supply": [{"l": "Vegetables, Other", "v": 0.0030088179645351714}, {"l": "Tomatoes", "v": 0.00056744334710089116}]}, {"source": 13, "prod": 1.0, "target": 21, "value": 0.0008023227361520619, "supply": [{"l": "Potatoes", "v": 0.0008023227361520619}]}, {"source": 15, "prod": 2.0, "target": 21, "value": 0.0013314627895821033, "supply": [{"l": "Fruits, Other", "v": 0.0013314627895821033}]}, {"source": 2, "prod": 27.0, "target": 21, "value": 0.085703570396457082, "supply": [{"l": "Maize", "v": 0.031670002179839819}, {"l": "Wheat", "v": 0.044805238240728851}, {"l": "Oats", "v": 0.0031670002179839817}, {"l": "Barley", "v": 0.0028943295399204549}, {"l": "Sorghum", "v": 0.0031670002179839817}]}, {"source": 22, "prod": 112.0, "target": 2, "value": 0.35767430525826505, "supply": [{"l": "Maize", "v": 0.072841005013631582}, {"l": "Wheat", "v": 0.28483330024463344}]}, {"source": 22, "prod": 30.0, "target": 19, "value": 0.15043125007074651, "supply": [{"l": "Fats, Animals, Raw", "v": 0.051057573635094472}, {"l": "Sugar", "v": 0.099373676435652036}]}, {"source": 9, "prod": 1.0, "target": 23, "value": 0.0030972224547360515, "supply": [{"l": "Treenuts", "v": 0.0030972224547360515}]}, {"source": 15, "prod": 5.0, "target": 23, "value": 0.003341439315583619, "supply": [{"l": "Oranges, Mandarines", "v": 0.00048793294925862066}, {"l": "Grapes", "v": 0.001522043576742895}, {"l": "Fruits, Other", "v": 0.0013314627895821033}]}, {"source": 3, "prod": 6.0, "target": 23, "value": 0.0015044089822675857, "supply": [{"l": "Vegetables, Other", "v": 0.0015044089822675857}]}, {"source": 11, "prod": 1.0, "target": 23, "value": 0.000638348369706767, "supply": [{"l": "Wine", "v": 0.000638348369706767}]}, {"source": 10, "prod": 1.0, "target": 23, "value": 0.0030839864613397437, "supply": [{"l": "Nuts", "v": 0.0030839864613397437}]}, {"source": 11, "prod": 2.0, "target": 24, "value": 0.001276696739413534, "supply": [{"l": "Wine", "v": 0.001276696739413534}]}, {"source": 2, "prod": 4.0, "target": 24, "value": 0.012801496640208245, "supply": [{"l": "Wheat", "v": 0.012801496640208245}]}, {"source": 25, "prod": 1.0, "target": 13, "value": 0.0008023227361520619, "supply": [{"l": "Potatoes", "v": 0.0008023227361520619}]}, {"source": 25, "prod": 1.0, "target": 4, "value": 0.0038470463468109378, "supply": [{"l": "Beans", "v": 0.0038470463468109378}]}, {"source": 25, "prod": 30.0, "target": 2, "value": 0.095010006539519451, "supply": [{"l": "Maize", "v": 0.095010006539519451}]}, {"source": 1, "prod": 173.0, "target": 0, "value": 0.13612450125848385, "supply": [{"l": "Milk - Excluding Butter", "v": 0.13612450125848385}]}, {"source": 1, "prod": 3.0, "target": 17, "value": 0.0050602847585364237, "supply": [{"l": "Eggs", "v": 0.0050602847585364237}]}, {"source": 1, "prod": 31.0, "target": 18, "value": 0.070897984021530844, "supply": [{"l": "Poultry Meat", "v": 0.0046141485419021753}, {"l": "Bovine Meat", "v": 0.013129935246212792}, {"l": "Pigmeat", "v": 0.017620823865679244}, {"l": "Offals, Edible", "v": 0.0065644587503350515}, {"l": "Mutton & Goat Meat", "v": 0.028968617617401576}]}, {"source": 1, "prod": 6.0, "target": 14, "value": 0.0045322000515422168, "supply": [{"l": "Freshwater Fish", "v": 0.00073189942388793099}, {"l": "Marine Fish, Other", "v": 0.0016171492032571429}, {"l": "Fish, Seafood", "v": 0.0021831514243971432}]}, {"source": 19, "prod": 34.0, "target": 8, "value": 0.14077937495050707, "supply": [{"l": "Sugar", "v": 0.14077937495050707}]}, {"source": 19, "prod": 7.0, "target": 16, "value": 0.071953654798882688, "supply": [{"l": "Olive Oil", "v": 0.030810604779798387}, {"l": "Cottonseed Oil", "v": 0.020561151068538855}, {"l": "Sunflowerseed Oil", "v": 0.020581898950545453}]}, {"source": 19, "prod": 8.0, "target": 12, "value": 0.067730662815078155, "supply": [{"l": "Fats, Animals, Raw", "v": 0.059567169240943539}, {"l": "Butter, Ghee", "v": 0.0081634935741346157}]}, {"source": 19, "prod": 16.0, "target": 11, "value": 0.012810513817961352, "supply": [{"l": "Beer", "v": 0.0060213002248936179}, {"l": "Beverages, Alcoholic", "v": 0.0035974717445338982}, {"l": "Wine", "v": 0.0031917418485338349}]}, {"source": 7, "prod": 44.0, "target": 26, "value": 0.15341333304000002, "supply": [{"l": "Olives", "v": 0.09413999982}, {"l": "Sunflower seed", "v": 0.017433333300000003}, {"l": "Cottonseed", "v": 0.041839999920000003}]}, {"source": 3, "prod": 147.5, "target": 26, "value": 0.55699741405505876, "supply": [{"l": "Tomatoes", "v": 0.1045999998}, {"l": "Vegetables, Other", "v": 0.40968333255}]}, {"source": 5, "prod": 31.600000000000001, "target": 26, "value": 0.036726222151999999, "supply": [{"l": "Sugar beet", "v": 0.036726222151999999}]}, {"source": 13, "prod": 10.0, "target": 26, "value": 0.034866666599999999, "supply": [{"l": "Potatoes", "v": 0.034866666599999999}]}, {"source": 4, "prod": 13.0, "target": 26, "value": 0.046489460478416136, "supply": [{"l": "Beans", "v": 0.033123333269999999}, {"l": "Pulses, Other", "v": 0.012203333310000002}]}, {"source": 2, "prod": 766.0, "target": 26, "value": 2.6956086111990065, "supply": [{"l": "Maize", "v": 1.0425133313400001}, {"l": "Rye", "v": 0.048813333239999993}, {"l": "Barley", "v": 0.052299999899999998}, {"l": "Rice", "v": 0.027893333280000002}, {"l": "Wheat", "v": 1.3319066641200001}, {"l": "Oats", "v": 0.11157333312000002}, {"l": "Sorghum", "v": 0.055786666560000003}]}, {"source": 27, "prod": 0, "target": 7, "value": 6.7249127875386603e-07, "supply": "[{\"l\":'Energy for power irrigation',\"v\":6.7249127875386603e-07}]"}, {"source": 27, "prod": 0, "target": 9, "value": 7.6419463494757493e-08, "supply": "[{\"l\":'Energy for power irrigation',\"v\":7.6419463494757493e-08}]"}, {"source": 27, "prod": 0, "target": 3, "value": 2.254374173095346e-06, "supply": "[{\"l\":'Energy for power irrigation',\"v\":2.254374173095346e-06}]"}, {"source": 27, "prod": 0, "target": 5, "value": 1.2074275232171685e-06, "supply": "[{\"l\":'Energy for power irrigation',\"v\":1.2074275232171685e-06}]"}, {"source": 27, "prod": 0, "target": 13, "value": 3.0567785397902997e-07, "supply": "[{\"l\":'Energy for power irrigation',\"v\":3.0567785397902997e-07}]"}, {"source": 27, "prod": 0, "target": 4, "value": 1.9869060508636953e-07, "supply": "[{\"l\":'Energy for power irrigation',\"v\":1.9869060508636953e-07}]"}, {"source": 27, "prod": 0, "target": 10, "value": 7.6419463494757493e-08, "supply": "[{\"l\":'Energy for power irrigation',\"v\":7.6419463494757493e-08}]"}, {"source": 27, "prod": 0, "target": 15, "value": 1.5283892698951501e-06, "supply": "[{\"l\":'Energy for power irrigation',\"v\":1.5283892698951501e-06}]"}, {"source": 27, "prod": 0, "target": 2, "value": 5.8537309036984248e-06, "supply": "[{\"l\":'Energy for power irrigation',\"v\":5.8537309036984248e-06}]"}, {"source": 27, "prod": 0, "target": 19, "value": 0.041266802944343636, "supply": "[{\"l\":'Electricity',\"v\":0.041266802944343636}]"}, {"source": 28, "prod": 0, "target": 27, "value": 0.041486081563304911, "supply": [{"l": "Coal", "v": 0.0}, {"l": "Natural gas", "v": 0.0}, {"l": "Oil", "v": 0.041486081563304911}]}, {"source": 29, "prod": 0, "target": 27, "value": 0.025514265570822484, "supply": [{"l": "Nuclear", "v": 0.0}, {"l": "Hydroelectric", "v": 0.025514265570822484}, {"l": "Renewable", "v": 0.0}]}, {"source": 28, "prod": 0, "target": 7, "value": 0.062014926463785057, "supply": [{"l": "Gas-Diesel oil", "v": 0.043328915893396942}, {"l": "Natural gas (including LNG)", "v": 0.011866731775785729}, {"l": "Fuel oil", "v": 0.0068192787946023846}]}, {"source": 28, "prod": 0, "target": 9, "value": 0.0070471507345210285, "supply": [{"l": "Gas-Diesel oil", "v": 0.0049237404424314702}, {"l": "Natural gas (including LNG)", "v": 0.0013484922472483782}, {"l": "Fuel oil", "v": 0.00077491804484118001}]}, {"source": 28, "prod": 0, "target": 3, "value": 0.20789094666837035, "supply": [{"l": "Gas-Diesel oil", "v": 0.14525034305172838}, {"l": "Natural gas (including LNG)", "v": 0.039780521293827156}, {"l": "Fuel oil", "v": 0.02286008232281481}]}, {"source": 28, "prod": 0, "target": 5, "value": 0.11134498160543226, "supply": [{"l": "Gas-Diesel oil", "v": 0.077795098990417227}, {"l": "Natural gas (including LNG)", "v": 0.021306177506524377}, {"l": "Fuel oil", "v": 0.012243705108490644}]}, {"source": 28, "prod": 0, "target": 13, "value": 0.028188602938084114, "supply": [{"l": "Gas-Diesel oil", "v": 0.019694961769725881}, {"l": "Natural gas (including LNG)", "v": 0.0053939689889935128}, {"l": "Fuel oil", "v": 0.0030996721793647201}]}, {"source": 28, "prod": 0, "target": 4, "value": 0.018322591909754677, "supply": [{"l": "Gas-Diesel oil", "v": 0.012801725150321824}, {"l": "Natural gas (including LNG)", "v": 0.0035060798428457837}, {"l": "Fuel oil", "v": 0.0020147869165870681}]}, {"source": 28, "prod": 0, "target": 10, "value": 0.0070471507345210285, "supply": [{"l": "Gas-Diesel oil", "v": 0.0049237404424314702}, {"l": "Natural gas (including LNG)", "v": 0.0013484922472483782}, {"l": "Fuel oil", "v": 0.00077491804484118001}]}, {"source": 28, "prod": 0, "target": 15, "value": 0.14094301469042059, "supply": [{"l": "Gas-Diesel oil", "v": 0.098474808848629414}, {"l": "Natural gas (including LNG)", "v": 0.026969844944967566}, {"l": "Fuel oil", "v": 0.015498360896823602}]}, {"source": 28, "prod": 0, "target": 2, "value": 0.53981174626431083, "supply": [{"l": "Gas-Diesel oil", "v": 0.37715851789025068}, {"l": "Natural gas (including LNG)", "v": 0.10329450613922578}, {"l": "Fuel oil", "v": 0.059358722234834398}]}, {"source": 28, "prod": 0, "target": 1, "value": 0.16204231494444862, "supply": [{"l": "Gas-diesel oils used in fisheries", "v": 0.16204231494444862}]}, {"source": 30, "prod": 0.28725674827369746, "target": 7, "value": 0.0027073948546455133, "supply": [{"l": "Potash", "v": 0.001794722223658}, {"l": "Phosphate", "v": 0.010520833341749998}, {"l": "Nitrogen", "v": 0.036694444473799992}]}, {"source": 30, "prod": 0.032642812303829254, "target": 9, "value": 0.00030765850620971741, "supply": [{"l": "Potash", "v": 0.001794722223658}, {"l": "Phosphate", "v": 0.010520833341749998}, {"l": "Nitrogen", "v": 0.036694444473799992}]}, {"source": 30, "prod": 0.96296296296296291, "target": 3, "value": 0.0090759259331866637, "supply": [{"l": "Potash", "v": 0.001794722223658}, {"l": "Phosphate", "v": 0.010520833341749998}, {"l": "Nitrogen", "v": 0.036694444473799992}]}, {"source": 30, "prod": 0.51575643440050223, "target": 5, "value": 0.0048610043981135356, "supply": [{"l": "Potash", "v": 0.001794722223658}, {"l": "Phosphate", "v": 0.010520833341749998}, {"l": "Nitrogen", "v": 0.036694444473799992}]}, {"source": 30, "prod": 0.13057124921531701, "target": 13, "value": 0.0012306340248388697, "supply": [{"l": "Potash", "v": 0.001794722223658}, {"l": "Phosphate", "v": 0.010520833341749998}, {"l": "Nitrogen", "v": 0.036694444473799992}]}, {"source": 30, "prod": 0.084871311989956066, "target": 4, "value": 0.00079991211614526534, "supply": [{"l": "Potash", "v": 0.001794722223658}, {"l": "Phosphate", "v": 0.010520833341749998}, {"l": "Nitrogen", "v": 0.036694444473799992}]}, {"source": 30, "prod": 0.032642812303829254, "target": 10, "value": 0.00030765850620971741, "supply": [{"l": "Potash", "v": 0.001794722223658}, {"l": "Phosphate", "v": 0.010520833341749998}, {"l": "Nitrogen", "v": 0.036694444473799992}]}, {"source": 30, "prod": 0.6528562460765851, "target": 15, "value": 0.0061531701241943496, "supply": [{"l": "Potash", "v": 0.001794722223658}, {"l": "Phosphate", "v": 0.010520833341749998}, {"l": "Nitrogen", "v": 0.036694444473799992}]}, {"source": 30, "prod": 2.5004394224733208, "target": 2, "value": 0.023566641575664356, "supply": [{"l": "Potash", "v": 0.001794722223658}, {"l": "Phosphate", "v": 0.010520833341749998}, {"l": "Nitrogen", "v": 0.036694444473799992}]}, {"source": 28, "prod": 0, "target": 30, "value": 0.059110101735453363, "supply": [{"l": "Natural gas (including LNG)", "v": 0.040308465506364043}, {"l": "Fuel oil", "v": 0.01231511574367412}, {"l": "Liquefied petroleum gas (LPG)", "v": 0.0032432602427076018}, {"l": "Coal", "v": 0.0032432602427076018}]}, {"source": 31, "prod": 0, "target": 13, "value": 0.007346012680114351, "supply": "[{\"l\":'Labor',\"v\":0.007346012680114351}]"}, {"source": 31, "prod": 0, "target": 7, "value": 0.016161227896251573, "supply": "[{\"l\":'Labor',\"v\":0.016161227896251573}]"}, {"source": 31, "prod": 0, "target": 9, "value": 0.0018365031700285877, "supply": "[{\"l\":'Labor',\"v\":0.0018365031700285877}]"}, {"source": 31, "prod": 0, "target": 3, "value": 0.054176843515843343, "supply": "[{\"l\":'Labor',\"v\":0.054176843515843343}]"}, {"source": 31, "prod": 0, "target": 10, "value": 0.0018365031700285877, "supply": "[{\"l\":'Labor',\"v\":0.0018365031700285877}]"}, {"source": 31, "prod": 0, "target": 5, "value": 0.029016750086451687, "supply": "[{\"l\":'Labor',\"v\":0.029016750086451687}]"}, {"source": 31, "prod": 0, "target": 4, "value": 0.0047749082420743289, "supply": "[{\"l\":'Labor',\"v\":0.0047749082420743289}]"}, {"source": 31, "prod": 0, "target": 2, "value": 0.14067614282418983, "supply": "[{\"l\":'Labor',\"v\":0.14067614282418983}]"}, {"source": 31, "prod": 0, "target": 15, "value": 0.036730063400571764, "supply": "[{\"l\":'Labor',\"v\":0.036730063400571764}]"}, {"source": 28, "prod": 0, "target": 22, "value": 0.36028845673668641, "supply": "[{\"l\":'Fossil Fuels',\"v\":0.36028845673668641}]"}, {"source": 29, "prod": 0, "target": 22, "value": 0.12039432414338461, "supply": "[{\"l\":'Renewables & Nuclear',\"v\":0.020743560507168989},{\"l\":'Biomass & Waste',\"v\":0.099650763636215625}]"}]}