{"nodes": [{"name": "Balance", "fill": "#9edae5"}, {"name": "Food", "fill": "#b5cf6b"}, {"name": "Stock Deposit", "fill": "#c7c7c7"}, {"name": "Export", "fill": "#aec7e8"}, {"name": "Biofuels & Other", "fill": "#e7ba52"}, {"name": "Crop Residue", "fill": "#bd9e39"}, {"name": "Renewables & Nuclear", "fill": "#2ca02c"}, {"name": "Fossil Fuels", "fill": "#c49c94"}, {"name": "Stock Draw", "fill": "#c7c7c7"}, {"name": "Labor", "fill": "#7f7f7f"}], "links": [{"source": 0, "target": 1, "value": 1.9125359225997969}, {"source": 0, "target": 2, "value": 0.073650029053875174}, {"source": 0, "target": 3, "value": 0.016096404942986087}, {"source": 0, "target": 4, "value": 0.020668421105551962}, {"source": 0, "target": 5, "value": 5.3621596180776443}, {"source": 6, "target": 0, "value": 0.14148116641225267}, {"source": 7, "target": 0, "value": 1.8514852364291394}, {"source": 8, "target": 0, "value": 0.022404133955457244}, {"source": 9, "target": 0, "value": 0.34011200211993126}]}