{"nodes": [{"layer": 5, "name": "Starchy Roots"}, {"layer": 10, "name": "Feed", "fill": "#dbdb8d"}, {"layer": 5, "name": "Fruits & Vegetables"}, {"layer": 13, "name": "Animal Products", "fill": "#17becf"}, {"layer": 5, "name": "Cereals", "fill": "#e7ba52"}, {"layer": 13, "name": "Other Processed", "fill": "#9c9ede"}, {"layer": 16, "name": "Food", "fill": "#b5cf6b"}, {"layer": 5, "name": "Oilcrops", "fill": "#ff9896"}, {"layer": 13, "name": "Sugar", "fill": "#d6616b"}, {"layer": 5, "name": "Others"}, {"layer": 13, "name": "Aquatic Products", "fill": "#1f77b4"}, {"layer": 13, "name": "Vegetable Oils", "fill": "#f7b6d2"}, {"layer": 5, "name": "Sugar Crops", "fill": "#ffbb78"}, {"layer": 10, "name": "Processing", "fill": "#9edae5"}, {"layer": 16, "name": "Biofuels & Other", "fill": "#e7ba52"}, {"name": "Seed", "fill": "#dbdb8d"}, {"name": "Waste", "fill": "#c7c7c7"}, {"layer": 0, "name": "Import", "fill": "#aec7e8"}, {"layer": 16, "name": "Export", "fill": "#aec7e8"}, {"layer": 16, "name": "Stock Deposit", "fill": "#c7c7c7"}, {"layer": 0, "name": "Stock Draw", "fill": "#c7c7c7"}, {"layer": 0, "name": "Production", "fill": "#b5cf6b"}], "links": [{"source": 0, "prod": 0.0096547310284711193, "target": 1, "value": 12.0, "supply": [{"l": "Potatoes", "v": 12.0}]}, {"source": 2, "prod": 0.0090973244540678427, "target": 1, "value": 6.0, "supply": [{"l": "Pulses, Other", "v": 2.0}, {"l": "Vegetables, Other", "v": 4.0}]}, {"source": 3, "prod": 0.0030242593422020632, "target": 1, "value": 4.0, "supply": [{"l": "Milk - Excluding Butter", "v": 4.0}]}, {"source": 4, "prod": 0.28564402892965857, "target": 1, "value": 90.0, "supply": [{"l": "Maize", "v": 34.0}, {"l": "Wheat", "v": 14.0}, {"l": "Oats", "v": 13.0}, {"l": "Sorghum", "v": 29.0}]}, {"source": 5, "prod": 0.099681903278351899, "target": 6, "value": 27.0, "supply": [{"l": "Beer", "v": 12.0}, {"l": "Butter, Ghee", "v": 1.0}, {"l": "Wine", "v": 3.0}, {"l": "Fats, Animals, Raw", "v": 9.0}, {"l": "Beverages, Alcoholic", "v": 2.0}]}, {"source": 3, "prod": 0.23610019211874589, "target": 6, "value": 233.0, "supply": [{"l": "Pigmeat", "v": 6.0}, {"l": "Milk - Excluding Butter", "v": 195.0}, {"l": "Bovine Meat", "v": 7.0}, {"l": "Eggs", "v": 3.0}, {"l": "Poultry Meat", "v": 3.0}, {"l": "Offals, Edible", "v": 5.0}, {"l": "Mutton & Goat Meat", "v": 14.0}]}, {"source": 4, "prod": 1.2967714706218847, "target": 6, "value": 404.0, "supply": [{"l": "Maize", "v": 175.0}, {"l": "Rye", "v": 3.0}, {"l": "Barley", "v": 2.0}, {"l": "Rice", "v": 7.0}, {"l": "Wheat", "v": 217.0}]}, {"source": 7, "prod": 0.0092859739405781253, "target": 6, "value": 7.0, "supply": [{"l": "Olives", "v": 7.0}]}, {"source": 8, "prod": 0.11621152721609203, "target": 6, "value": 28.0, "supply": [{"l": "Sugar", "v": 28.0}]}, {"source": 0, "prod": 0.036205241356766699, "target": 6, "value": 45.0, "supply": [{"l": "Potatoes", "v": 45.0}]}, {"source": 2, "prod": 0.13977012865493593, "target": 6, "value": 213.0, "supply": [{"l": "Oranges, Mandarines", "v": 3.0}, {"l": "Fruits, Other", "v": 38.0}, {"l": "Beans", "v": 10.0}, {"l": "Treenuts", "v": 3.0}, {"l": "Vegetables, Other", "v": 72.0}, {"l": "Tomatoes", "v": 32.0}, {"l": "Grapes", "v": 45.0}, {"l": "Apples", "v": 10.0}]}, {"source": 9, "prod": 0.0091509341142395201, "target": 6, "value": 3.0, "supply": [{"l": "Nuts", "v": 3.0}]}, {"source": 10, "prod": 0.0086354229034438894, "target": 6, "value": 12.0, "supply": [{"l": "Freshwater Fish", "v": 2.0}, {"l": "Fish, Seafood", "v": 6.0}, {"l": "Marine Fish, Other", "v": 4.0}]}, {"source": 11, "prod": 0.072613254561918986, "target": 6, "value": 7.0, "supply": [{"l": "Olive Oil", "v": 2.0}, {"l": "Sunflowerseed Oil", "v": 5.0}]}, {"source": 12, "prod": 0.14179111084000001, "target": 13, "value": 122.0, "supply": [{"l": "Sugar beet", "v": 122.0}]}, {"source": 2, "prod": 0.0082890857829674564, "target": 13, "value": 11.0, "supply": [{"l": "Grapes", "v": 11.0}]}, {"source": 4, "prod": 0.0056600222113999997, "target": 13, "value": 2.0, "supply": [{"l": "Barley", "v": 2.0}]}, {"source": 7, "prod": 0.059695546760859378, "target": 13, "value": 45.0, "supply": [{"l": "Sunflower seed", "v": 13.0}, {"l": "Cottonseed", "v": 5.0}, {"l": "Olives", "v": 27.0}]}, {"source": 11, "prod": 0.020684756511606762, "target": 14, "value": 2.0, "supply": [{"l": "Cottonseed Oil", "v": 1.0}, {"l": "Olive Oil", "v": 1.0}]}, {"source": 8, "prod": 0.029052881804023007, "target": 14, "value": 7.0, "supply": [{"l": "Sugar", "v": 7.0}]}, {"source": 0, "prod": 0.052296459737551898, "target": 15, "value": 65.0, "supply": [{"l": "Potatoes", "v": 65.0}]}, {"source": 2, "prod": 0.01957342175893554, "target": 15, "value": 5.0, "supply": [{"l": "Beans", "v": 4.0}, {"l": "Pulses, Other", "v": 1.0}]}, {"source": 4, "prod": 0.20146421975820683, "target": 15, "value": 63.0, "supply": [{"l": "Maize", "v": 6.0}, {"l": "Wheat", "v": 44.0}, {"l": "Oats", "v": 5.0}, {"l": "Rye", "v": 3.0}, {"l": "Barley", "v": 3.0}, {"l": "Rice", "v": 1.0}, {"l": "Sorghum", "v": 1.0}]}, {"source": 7, "prod": 0.0053062708231875, "target": 15, "value": 4.0, "supply": [{"l": "Sunflower seed", "v": 1.0}, {"l": "Cottonseed", "v": 3.0}]}, {"source": 0, "prod": 0.0064364873523140801, "target": 16, "value": 8.0, "supply": [{"l": "Potatoes", "v": 8.0}]}, {"source": 2, "prod": 0.0061993667347750268, "target": 16, "value": 19.0, "supply": [{"l": "Vegetables, Other", "v": 11.0}, {"l": "Fruits, Other", "v": 2.0}, {"l": "Grapes", "v": 1.0}, {"l": "Tomatoes", "v": 4.0}, {"l": "Apples", "v": 1.0}]}, {"source": 3, "prod": 0.0030242593422020632, "target": 16, "value": 4.0, "supply": [{"l": "Milk - Excluding Butter", "v": 4.0}]}, {"source": 4, "prod": 0.17761032769173585, "target": 16, "value": 56.0, "supply": [{"l": "Maize", "v": 36.0}, {"l": "Wheat", "v": 15.0}, {"l": "Oats", "v": 1.0}, {"l": "Barley", "v": 1.0}, {"l": "Sorghum", "v": 3.0}]}, {"source": 7, "prod": 0.001326567705796875, "target": 16, "value": 1.0, "supply": [{"l": "Olives", "v": 1.0}]}, {"source": 17, "prod": 0.13801205789866644, "target": 13, "value": 25.0, "supply": [{"l": "Fats, Animals, Raw", "v": 8.0}, {"l": "Sugar", "v": 17.0}]}, {"source": 17, "prod": 0.31345089949860283, "target": 4, "value": 98.0, "supply": [{"l": "Maize", "v": 12.0}, {"l": "Wheat", "v": 86.0}]}, {"source": 5, "prod": 0.0030142130119881661, "target": 18, "value": 4.0, "supply": [{"l": "Wine", "v": 4.0}]}, {"source": 2, "prod": 0.010694170687126239, "target": 18, "value": 24.0, "supply": [{"l": "Grapes", "v": 2.0}, {"l": "Treenuts", "v": 1.0}, {"l": "Vegetables, Other", "v": 20.0}, {"l": "Fruits, Other", "v": 1.0}]}, {"source": 9, "prod": 0.0030503113714131736, "target": 18, "value": 1.0, "supply": [{"l": "Nuts", "v": 1.0}]}, {"source": 11, "prod": 0.010325716196472974, "target": 19, "value": 1.0, "supply": [{"l": "Olive Oil", "v": 1.0}]}, {"source": 0, "prod": 0.024136827571177796, "target": 19, "value": 30.0, "supply": [{"l": "Potatoes", "v": 30.0}]}, {"source": 2, "prod": 0.0038826371876981708, "target": 19, "value": 1.0, "supply": [{"l": "Beans", "v": 1.0}]}, {"source": 20, "prod": 0.063370206956564673, "target": 4, "value": 20.0, "supply": [{"l": "Maize", "v": 20.0}]}, {"source": 21, "prod": 1.5948964570016617, "target": 4, "value": 498.0, "supply": [{"l": "Maize", "v": 220.0}, {"l": "Oats", "v": 19.0}, {"l": "Rye", "v": 6.0}, {"l": "Barley", "v": 8.0}, {"l": "Rice", "v": 9.0}, {"l": "Sorghum", "v": 33.0}, {"l": "Wheat", "v": 203.0}]}, {"source": 21, "prod": 0.074287791524625002, "target": 7, "value": 56.0, "supply": [{"l": "Olives", "v": 34.0}, {"l": "Cottonseed", "v": 8.0}, {"l": "Sunflower seed", "v": 14.0}]}, {"source": 21, "prod": 0.14179111084000001, "target": 12, "value": 122.0, "supply": [{"l": "Sugar beet", "v": 122.0}]}, {"source": 21, "prod": 0.1287297470462816, "target": 0, "value": 160.0, "supply": [{"l": "Potatoes", "v": 160.0}]}, {"source": 21, "prod": 0.19595545449312138, "target": 2, "value": 276.0, "supply": [{"l": "Grapes", "v": 58.0}, {"l": "Beans", "v": 15.0}, {"l": "Fruits, Other", "v": 41.0}, {"l": "Tomatoes", "v": 36.0}, {"l": "Treenuts", "v": 4.0}, {"l": "Apples", "v": 10.0}, {"l": "Vegetables, Other", "v": 106.0}, {"l": "Oranges, Mandarines", "v": 3.0}, {"l": "Pulses, Other", "v": 3.0}]}, {"source": 21, "prod": 0.012201245485652695, "target": 9, "value": 4.0, "supply": [{"l": "Nuts", "v": 4.0}]}, {"source": 1, "prod": 0.0086354229034438894, "target": 10, "value": 12.0, "supply": [{"l": "Freshwater Fish", "v": 2.0}, {"l": "Marine Fish, Other", "v": 4.0}, {"l": "Fish, Seafood", "v": 6.0}]}, {"source": 1, "prod": 0.24214871080315004, "target": 3, "value": 241.0, "supply": [{"l": "Poultry Meat", "v": 3.0}, {"l": "Pigmeat", "v": 6.0}, {"l": "Bovine Meat", "v": 7.0}, {"l": "Eggs", "v": 3.0}, {"l": "Milk - Excluding Butter", "v": 203.0}, {"l": "Offals, Edible", "v": 5.0}, {"l": "Mutton & Goat Meat", "v": 14.0}]}, {"source": 13, "prod": 0.10269611629034006, "target": 5, "value": 31.0, "supply": [{"l": "Fats, Animals, Raw", "v": 9.0}, {"l": "Beer", "v": 12.0}, {"l": "Beverages, Alcoholic", "v": 2.0}, {"l": "Butter, Ghee", "v": 1.0}, {"l": "Wine", "v": 7.0}]}, {"source": 13, "prod": 0.10362372726999873, "target": 11, "value": 10.0, "supply": [{"l": "Olive Oil", "v": 4.0}, {"l": "Cottonseed Oil", "v": 1.0}, {"l": "Sunflowerseed Oil", "v": 5.0}]}, {"source": 13, "prod": 0.14526440902011503, "target": 8, "value": 35.0, "supply": [{"l": "Sugar", "v": 35.0}]}]}