{"nodes": [{"layer": 5, "name": "Starchy Roots"}, {"layer": 10, "name": "Feed", "fill": "#dbdb8d"}, {"layer": 5, "name": "Fruits & Vegetables"}, {"layer": 13, "name": "Animal Products", "fill": "#17becf"}, {"layer": 5, "name": "Cereals", "fill": "#e7ba52"}, {"layer": 13, "name": "Other Processed", "fill": "#9c9ede"}, {"layer": 16, "name": "Food", "fill": "#b5cf6b"}, {"layer": 5, "name": "Oilcrops", "fill": "#ff9896"}, {"layer": 13, "name": "Sugar", "fill": "#d6616b"}, {"layer": 5, "name": "Others"}, {"layer": 13, "name": "Aquatic Products", "fill": "#1f77b4"}, {"layer": 13, "name": "Vegetable Oils", "fill": "#f7b6d2"}, {"layer": 5, "name": "Sugar Crops", "fill": "#ffbb78"}, {"layer": 10, "name": "Processing", "fill": "#9edae5"}, {"layer": 16, "name": "Biofuels & Other", "fill": "#e7ba52"}, {"name": "Waste", "fill": "#c7c7c7"}, {"layer": 2, "name": "Import", "fill": "#aec7e8"}, {"layer": 16, "name": "Export", "fill": "#aec7e8"}, {"layer": 16, "name": "Stock Deposit", "fill": "#c7c7c7"}, {"layer": 0, "name": "Stock Draw", "fill": "#c7c7c7"}, {"layer": 2, "name": "Electricity", "fill": "#bcbd22"}, {"layer": 0, "name": "Fossil Fuels", "fill": "#c49c94"}, {"layer": 0, "name": "Renewables & Nuclear", "fill": "#2ca02c"}, {"layer": 2, "name": "Fertilizers", "fill": "#c5b0d5"}, {"layer": 0, "name": "Labor", "fill": "#7f7f7f"}], "links": [{"source": 0, "prod": 12.0, "target": 1, "value": 0.0095592535263427855, "supply": [{"l": "Potatoes", "v": 0.0095592535263427855}]}, {"source": 2, "prod": 6.0, "target": 1, "value": 0.0075465920975345407, "supply": [{"l": "Pulses, Other", "v": 0.0065307948593076922}, {"l": "Vegetables, Other", "v": 0.0010157972382268485}]}, {"source": 3, "prod": 4.0, "target": 1, "value": 0.0029944100910933615, "supply": [{"l": "Milk - Excluding Butter", "v": 0.0029944100910933615}]}, {"source": 4, "prod": 78.0, "target": 1, "value": 0.24748548252226443, "supply": [{"l": "Maize", "v": 0.063316165145365408}, {"l": "Wheat", "v": 0.051205370571631673}, {"l": "Oats", "v": 0.044321315601755791}, {"l": "Sorghum", "v": 0.088642631203511582}]}, {"source": 5, "prod": 30.0, "target": 6, "value": 0.10189298787414024, "supply": [{"l": "Fats, Animals, Raw", "v": 0.075874713639970795}, {"l": "Beer", "v": 0.0071902562294657987}, {"l": "Butter, Ghee", "v": 0.0084900333171}, {"l": "Wine", "v": 0.0038071898282959643}, {"l": "Beverages, Alcoholic", "v": 0.0065307948593076922}]}, {"source": 3, "prod": 239.0, "target": 6, "value": 0.23939615314970969, "supply": [{"l": "Pigmeat", "v": 0.026078600632730379}, {"l": "Milk - Excluding Butter", "v": 0.15046910707744141}, {"l": "Poultry Meat", "v": 0.0070316226859417196}, {"l": "Eggs", "v": 0.0046877484572944795}, {"l": "Bovine Meat", "v": 0.016999949616207263}, {"l": "Offals, Edible", "v": 0.0069024661114634143}, {"l": "Mutton & Goat Meat", "v": 0.027226658568631035}]}, {"source": 4, "prod": 428.0, "target": 6, "value": 1.3743212450089688, "supply": [{"l": "Maize", "v": 0.57301129456555688}, {"l": "Rye", "v": 0.015722283920555559}, {"l": "Rice", "v": 0.037449771022796993}, {"l": "Wheat", "v": 0.74247787328865922}, {"l": "Barley", "v": 0.0056600222114000006}]}, {"source": 7, "prod": 7.0, "target": 6, "value": 0.009115066444739266, "supply": [{"l": "Olives", "v": 0.009115066444739266}]}, {"source": 8, "prod": 31.0, "target": 6, "value": 0.12772055102187796, "supply": [{"l": "Sugar", "v": 0.12386144496865067}, {"l": "Honey", "v": 0.003859106053227273}]}, {"source": 0, "prod": 50.0, "target": 6, "value": 0.039830223026428274, "supply": [{"l": "Potatoes", "v": 0.039830223026428274}]}, {"source": 2, "prod": 229.0, "target": 6, "value": 0.14337289947171439, "supply": [{"l": "Oranges, Mandarines", "v": 0.0016120316424873421}, {"l": "Beans", "v": 0.034646827139636037}, {"l": "Apples", "v": 0.0059311609999700612}, {"l": "Tomatoes", "v": 0.0061189429312432427}, {"l": "Treenuts", "v": 0.010612541646375}, {"l": "Fruits, Other", "v": 0.028342287079439643}, {"l": "Vegetables, Other", "v": 0.022093589931433955}, {"l": "Grapes", "v": 0.030750120671475267}, {"l": "Pulses, Other", "v": 0.0032653974296538461}]}, {"source": 9, "prod": 4.0, "target": 6, "value": 0.011985929388847058, "supply": [{"l": "Nuts", "v": 0.011985929388847058}]}, {"source": 10, "prod": 14.0, "target": 6, "value": 0.010624442391483075, "supply": [{"l": "Freshwater Fish", "v": 0.0014765275334086957}, {"l": "Fish, Seafood", "v": 0.0053062708231875009}, {"l": "Marine Fish, Other", "v": 0.0038416440348868776}]}, {"source": 11, "prod": 8.0, "target": 6, "value": 0.083125573932730151, "supply": [{"l": "Olive Oil", "v": 0.020824610023075472}, {"l": "Sunflowerseed Oil", "v": 0.062300963909654686}]}, {"source": 12, "prod": 100.0, "target": 13, "value": 0.11622222200000001, "supply": [{"l": "Sugar beet", "v": 0.11622222200000001}]}, {"source": 2, "prod": 15.0, "target": 13, "value": 0.011250044148100708, "supply": [{"l": "Grapes", "v": 0.011250044148100708}]}, {"source": 4, "prod": 2.0, "target": 13, "value": 0.0056600222114000006, "supply": [{"l": "Barley", "v": 0.0056600222114000006}]}, {"source": 7, "prod": 46.0, "target": 13, "value": 0.059899008065429464, "supply": [{"l": "Sunflower seed", "v": 0.019532285238726996}, {"l": "Cottonseed", "v": 0.009115066444739266}, {"l": "Olives", "v": 0.0312516563819632}]}, {"source": 11, "prod": 2.0, "target": 14, "value": 0.02081020450977783, "supply": [{"l": "Cottonseed Oil", "v": 0.010397899498240094}, {"l": "Olive Oil", "v": 0.010412305011537736}]}, {"source": 0, "prod": 59.0, "target": 0, "value": 0.046999663171185355, "supply": [{"l": "Potatoes", "v": 0.046999663171185355}]}, {"source": 2, "prod": 5.0, "target": 2, "value": 0.018663987269492085, "supply": [{"l": "Beans", "v": 0.015398589839838238}, {"l": "Pulses, Other", "v": 0.0032653974296538461}]}, {"source": 4, "prod": 63.0, "target": 4, "value": 0.20140909320648931, "supply": [{"l": "Maize", "v": 0.018994849543609624}, {"l": "Wheat", "v": 0.14081476907198709}, {"l": "Oats", "v": 0.015829041286341352}, {"l": "Rye", "v": 0.0094333703523333326}, {"l": "Barley", "v": 0.0084900333171000018}, {"l": "Rice", "v": 0.0046812213778496242}, {"l": "Sorghum", "v": 0.0031658082572682705}]}, {"source": 7, "prod": 4.0, "target": 7, "value": 0.0052086093969938661, "supply": [{"l": "Sunflower seed", "v": 0.0013021523492484665}, {"l": "Cottonseed", "v": 0.0039064570477454}]}, {"source": 0, "prod": 10.0, "target": 15, "value": 0.0079660446052856552, "supply": [{"l": "Potatoes", "v": 0.0079660446052856552}]}, {"source": 2, "prod": 21.0, "target": 15, "value": 0.0067589606519149375, "supply": [{"l": "Vegetables, Other", "v": 0.0033013410242372578}, {"l": "Fruits, Other", "v": 0.0013496327180685544}, {"l": "Grapes", "v": 0.00075000294320671384}, {"l": "Tomatoes", "v": 0.00076486786640540534}, {"l": "Apples", "v": 0.0005931160999970061}]}, {"source": 3, "prod": 5.0, "target": 15, "value": 0.0037430126138667018, "supply": [{"l": "Milk - Excluding Butter", "v": 0.0037430126138667018}]}, {"source": 4, "prod": 35.0, "target": 15, "value": 0.11115803992199538, "supply": [{"l": "Maize", "v": 0.031658082572682704}, {"l": "Wheat", "v": 0.064006713214539601}, {"l": "Oats", "v": 0.0031658082572682705}, {"l": "Barley", "v": 0.0028300111057000003}, {"l": "Sorghum", "v": 0.0094974247718048119}]}, {"source": 7, "prod": 1.0, "target": 15, "value": 0.0013021523492484665, "supply": [{"l": "Olives", "v": 0.0013021523492484665}]}, {"source": 16, "prod": 23.0, "target": 13, "value": 0.1293749123865216, "supply": [{"l": "Fats, Animals, Raw", "v": 0.067444189902196264}, {"l": "Sugar", "v": 0.061930722484325337}]}, {"source": 16, "prod": 82.0, "target": 4, "value": 0.26208225014502523, "supply": [{"l": "Maize", "v": 0.031658082572682704}, {"l": "Wheat", "v": 0.23042416757234252}]}, {"source": 5, "prod": 5.0, "target": 17, "value": 0.0038071898282959643, "supply": [{"l": "Wine", "v": 0.0038071898282959643}]}, {"source": 2, "prod": 28.0, "target": 17, "value": 0.0090196086180155087, "supply": [{"l": "Vegetables, Other", "v": 0.0060947834293610904}, {"l": "Fruits, Other", "v": 0.0006748163590342772}, {"l": "Grapes", "v": 0.0022500088296201416}]}, {"source": 11, "prod": 1.0, "target": 18, "value": 0.010412305011537736, "supply": [{"l": "Olive Oil", "v": 0.010412305011537736}]}, {"source": 19, "prod": 10.0, "target": 0, "value": 0.0079660446052856552, "supply": [{"l": "Potatoes", "v": 0.0079660446052856552}]}, {"source": 1, "prod": 14.0, "target": 10, "value": 0.010624442391483075, "supply": [{"l": "Freshwater Fish", "v": 0.0014765275334086957}, {"l": "Marine Fish, Other", "v": 0.0038416440348868776}, {"l": "Fish, Seafood", "v": 0.0053062708231875009}]}, {"source": 1, "prod": 248.0, "target": 3, "value": 0.24613357585466974, "supply": [{"l": "Poultry Meat", "v": 0.0070316226859417196}, {"l": "Pigmeat", "v": 0.026078600632730379}, {"l": "Bovine Meat", "v": 0.016999949616207263}, {"l": "Eggs", "v": 0.0046877484572944795}, {"l": "Milk - Excluding Butter", "v": 0.15720652978240146}, {"l": "Offals, Edible", "v": 0.0069024661114634143}, {"l": "Mutton & Goat Meat", "v": 0.027226658568631035}]}, {"source": 13, "prod": 35.0, "target": 5, "value": 0.1057001777024362, "supply": [{"l": "Fats, Animals, Raw", "v": 0.075874713639970795}, {"l": "Beer", "v": 0.0071902562294657987}, {"l": "Beverages, Alcoholic", "v": 0.0065307948593076922}, {"l": "Butter, Ghee", "v": 0.0084900333171}, {"l": "Wine", "v": 0.0076143796565919285}]}, {"source": 13, "prod": 11.0, "target": 11, "value": 0.11434808345404572, "supply": [{"l": "Olive Oil", "v": 0.041649220046150945}, {"l": "Cottonseed Oil", "v": 0.010397899498240094}, {"l": "Sunflowerseed Oil", "v": 0.062300963909654686}]}, {"source": 13, "prod": 31.0, "target": 8, "value": 0.12772055102187796, "supply": [{"l": "Honey", "v": 0.003859106053227273}, {"l": "Sugar", "v": 0.12386144496865067}]}, {"source": 20, "prod": 0, "target": 4, "value": 9.7739877522108676e-06, "supply": "[{\"l\":'Energy for power irrigation',\"v\":9.7739877522108676e-06}]"}, {"source": 20, "prod": 0, "target": 7, "value": 9.9381838329288218e-07, "supply": "[{\"l\":'Energy for power irrigation',\"v\":9.9381838329288218e-07}]"}, {"source": 20, "prod": 0, "target": 12, "value": 1.7283797970310994e-06, "supply": "[{\"l\":'Energy for power irrigation',\"v\":1.7283797970310994e-06}]"}, {"source": 20, "prod": 0, "target": 0, "value": 2.1777585442591854e-06, "supply": "[{\"l\":'Energy for power irrigation',\"v\":2.1777585442591854e-06}]"}, {"source": 20, "prod": 0, "target": 2, "value": 5.2629164819596985e-06, "supply": "[{\"l\":'Energy for power irrigation',\"v\":5.2629164819596985e-06}]"}, {"source": 20, "prod": 0, "target": 9, "value": 6.9135191881243981e-08, "supply": "[{\"l\":'Energy for power irrigation',\"v\":6.9135191881243981e-08}]"}, {"source": 20, "prod": 0, "target": 13, "value": 0.067817417053478712, "supply": "[{\"l\":'Electricity',\"v\":0.067817417053478712}]"}, {"source": 21, "prod": 0, "target": 20, "value": 0.068177777161167782, "supply": [{"l": "Coal", "v": 0.0}, {"l": "Natural gas", "v": 0.0}, {"l": "Oil", "v": 0.068177777161167782}]}, {"source": 22, "prod": 0, "target": 20, "value": 0.041929867728385591, "supply": [{"l": "Nuclear", "v": 0.0}, {"l": "Hydroelectric", "v": 0.041929867728385591}, {"l": "Renewable", "v": 0.0}]}, {"source": 21, "prod": 0, "target": 4, "value": 0.54845493204423545, "supply": [{"l": "Gas-Diesel oil", "v": 0.38319738451582114}, {"l": "Natural gas (including LNG)", "v": 0.1049484042116285}, {"l": "Fuel oil", "v": 0.060309143316785822}]}, {"source": 21, "prod": 0, "target": 7, "value": 0.055766858695921379, "supply": [{"l": "Gas-Diesel oil", "v": 0.038963482952537071}, {"l": "Natural gas (including LNG)", "v": 0.010671146316832253}, {"l": "Fuel oil", "v": 0.006132229426552051}]}, {"source": 21, "prod": 0, "target": 12, "value": 0.096985841210298046, "supply": [{"l": "Gas-Diesel oil", "v": 0.067762579047890556}, {"l": "Natural gas (including LNG)", "v": 0.018558515333621309}, {"l": "Fuel oil", "v": 0.010664746828786174}]}, {"source": 21, "prod": 0, "target": 0, "value": 0.12220215992497555, "supply": [{"l": "Gas-Diesel oil", "v": 0.085380849600342104}, {"l": "Natural gas (including LNG)", "v": 0.02338372932036285}, {"l": "Fuel oil", "v": 0.013437581004270583}]}, {"source": 21, "prod": 0, "target": 2, "value": 0.29532188648535757, "supply": [{"l": "Gas-Diesel oil", "v": 0.20633705320082676}, {"l": "Natural gas (including LNG)", "v": 0.056510679190876885}, {"l": "Fuel oil", "v": 0.032474154093653902}]}, {"source": 21, "prod": 0, "target": 9, "value": 0.0038794336484119221, "supply": [{"l": "Gas-Diesel oil", "v": 0.0027105031619156224}, {"l": "Natural gas (including LNG)", "v": 0.00074234061334485242}, {"l": "Fuel oil", "v": 0.00042658987315144704}]}, {"source": 21, "prod": 0, "target": 1, "value": 0.16204231494444862, "supply": [{"l": "Gas-diesel oils used in fisheries", "v": 0.16204231494444862}]}, {"source": 23, "prod": 17.58790496760259, "target": 4, "value": 0.18293049690660354, "supply": [{"l": "Potash", "v": 0.00512777778188}, {"l": "Phosphate", "v": 0.075750000060599995}, {"l": "Nitrogen", "v": 0.29355555579039994}]}, {"source": 23, "prod": 1.7883369330453565, "target": 7, "value": 0.018600359986082591, "supply": [{"l": "Potash", "v": 0.00512777778188}, {"l": "Phosphate", "v": 0.075750000060599995}, {"l": "Nitrogen", "v": 0.29355555579039994}]}, {"source": 23, "prod": 3.1101511879049673, "target": 12, "value": 0.032348452149708849, "supply": [{"l": "Potash", "v": 0.00512777778188}, {"l": "Phosphate", "v": 0.075750000060599995}, {"l": "Nitrogen", "v": 0.29355555579039994}]}, {"source": 23, "prod": 3.9187904967602591, "target": 0, "value": 0.040759049708633151, "supply": [{"l": "Potash", "v": 0.00512777778188}, {"l": "Phosphate", "v": 0.075750000060599995}, {"l": "Nitrogen", "v": 0.29355555579039994}]}, {"source": 23, "prod": 9.4704103671706257, "target": 2, "value": 0.098501036795863445, "supply": [{"l": "Potash", "v": 0.00512777778188}, {"l": "Phosphate", "v": 0.075750000060599995}, {"l": "Nitrogen", "v": 0.29355555579039994}]}, {"source": 23, "prod": 0.1244060475161987, "target": 9, "value": 0.0012939380859883539, "supply": [{"l": "Potash", "v": 0.00512777778188}, {"l": "Phosphate", "v": 0.075750000060599995}, {"l": "Nitrogen", "v": 0.29355555579039994}]}, {"source": 21, "prod": 0, "target": 23, "value": 0.44286701457646177, "supply": [{"l": "Natural gas (including LNG)", "v": 0.30508515235241845}, {"l": "Fuel oil", "v": 0.085889698340721687}, {"l": "Liquefied petroleum gas (LPG)", "v": 0.025946081941660815}, {"l": "Coal", "v": 0.025946081941660815}]}, {"source": 24, "prod": 0, "target": 4, "value": 0.18605257937346636, "supply": "[{\"l\":'Labor',\"v\":0.18605257937346636}]"}, {"source": 24, "prod": 0, "target": 7, "value": 0.018917813110476245, "supply": "[{\"l\":'Labor',\"v\":0.018917813110476245}]"}, {"source": 24, "prod": 0, "target": 12, "value": 0.032900544539958686, "supply": "[{\"l\":'Labor',\"v\":0.032900544539958686}]"}, {"source": 24, "prod": 0, "target": 0, "value": 0.041454686120347944, "supply": "[{\"l\":'Labor',\"v\":0.041454686120347944}]"}, {"source": 24, "prod": 0, "target": 2, "value": 0.10018215812417419, "supply": "[{\"l\":'Labor',\"v\":0.10018215812417419}]"}, {"source": 24, "prod": 0, "target": 9, "value": 0.0013160217815983474, "supply": "[{\"l\":'Labor',\"v\":0.0013160217815983474}]"}, {"source": 21, "prod": 0, "target": 16, "value": 0.28370929486645213, "supply": "[{\"l\":'Fossil Fuels',\"v\":0.28370929486645213}]"}, {"source": 22, "prod": 0, "target": 16, "value": 0.094804560540239696, "supply": "[{\"l\":'Renewables & Nuclear',\"v\":0.016334525335097261},{\"l\":'Biomass & Waste',\"v\":0.078470035205142438}]"}]}