{"nodes": [{"layer": 3, "name": "Cereals", "fill": "#e7ba52"}, {"layer": 5, "name": "Production", "fill": "#b5cf6b"}, {"layer": 3, "name": "Oilcrops", "fill": "#ff9896"}, {"layer": 3, "name": "Fruits, Roots & Vegetables", "fill": "#98df8a"}, {"layer": 3, "name": "Sugar Crops", "fill": "#ffbb78"}, {"layer": 1, "name": "Electricity", "fill": "#bcbd22"}, {"layer": 0, "name": "Fossil Fuels", "fill": "#c49c94"}, {"layer": 0, "name": "Renewables & Nuclear", "fill": "#2ca02c"}, {"layer": 1, "name": "Fertilizers", "fill": "#c5b0d5"}, {"layer": 0, "name": "Labor", "fill": "#7f7f7f"}], "links": [{"source": 0, "prod": 525.0, "target": 1, "value": 1.6826328541039421, "supply": [{"l": "Maize", "v": 0.65532230925453194}, {"l": "Oats", "v": 0.063316165145365408}, {"l": "Rye", "v": 0.025155654272888888}, {"l": "Barley", "v": 0.022640088845600002}, {"l": "Rice", "v": 0.046812213778496245}, {"l": "Sorghum", "v": 0.10130586423258466}, {"l": "Wheat", "v": 0.7680805585744751}]}, {"source": 2, "prod": 57.0, "target": 1, "value": 0.074222683907162579, "supply": [{"l": "Olives", "v": 0.040366722826702457}, {"l": "Cottonseed", "v": 0.013021523492484666}, {"l": "Sunflower seed", "v": 0.020834437587975464}]}, {"source": 3, "prod": 430.0, "target": 1, "value": 0.30293392417978521, "supply": [{"l": "Grapes", "v": 0.045000176592402831}, {"l": "Potatoes", "v": 0.096389139723956421}, {"l": "Nuts", "v": 0.011985929388847058}, {"l": "Beans", "v": 0.050045416979474268}, {"l": "Fruits, Other", "v": 0.031041552515576755}, {"l": "Tomatoes", "v": 0.0068838107976486483}, {"l": "Treenuts", "v": 0.010612541646375}, {"l": "Apples", "v": 0.0065242770999670661}, {"l": "Vegetables, Other", "v": 0.032505511623259153}, {"l": "Oranges, Mandarines", "v": 0.002149375523316456}, {"l": "Pulses, Other", "v": 0.0097961922889615374}]}, {"source": 4, "prod": 100.0, "target": 1, "value": 0.11622222200000001, "supply": [{"l": "Sugar beet", "v": 0.11622222200000001}]}, {"source": 5, "prod": 0, "target": 3, "value": 7.509810218100127e-06, "supply": "[{\"l\":'Energy for power irrigation',\"v\":7.509810218100127e-06}]"}, {"source": 5, "prod": 0, "target": 4, "value": 1.7283797970310994e-06, "supply": "[{\"l\":'Energy for power irrigation',\"v\":1.7283797970310994e-06}]"}, {"source": 5, "prod": 0, "target": 0, "value": 9.7739877522108676e-06, "supply": "[{\"l\":'Energy for power irrigation',\"v\":9.7739877522108676e-06}]"}, {"source": 5, "prod": 0, "target": 2, "value": 9.9381838329288218e-07, "supply": "[{\"l\":'Energy for power irrigation',\"v\":9.9381838329288218e-07}]"}, {"source": 6, "prod": 0, "target": 5, "value": 2.0106370291325865e-05, "supply": [{"l": "Coal", "v": 0.0}, {"l": "Natural gas", "v": 0.0}, {"l": "Oil", "v": 2.0106370291325865e-05}]}, {"source": 7, "prod": 0, "target": 5, "value": 1.2365575439931148e-05, "supply": [{"l": "Nuclear", "v": 0.0}, {"l": "Hydroelectric", "v": 1.2365575439931148e-05}, {"l": "Renewable", "v": 0.0}]}, {"source": 6, "prod": 0, "target": 3, "value": 0.42140348005874501, "supply": [{"l": "Gas-Diesel oil", "v": 0.29442840596308451}, {"l": "Natural gas (including LNG)", "v": 0.080636749124584586}, {"l": "Fuel oil", "v": 0.046338324971075935}]}, {"source": 6, "prod": 0, "target": 4, "value": 0.096985841210298046, "supply": [{"l": "Gas-Diesel oil", "v": 0.067762579047890556}, {"l": "Natural gas (including LNG)", "v": 0.018558515333621309}, {"l": "Fuel oil", "v": 0.010664746828786174}]}, {"source": 6, "prod": 0, "target": 0, "value": 0.54845493204423545, "supply": [{"l": "Gas-Diesel oil", "v": 0.38319738451582114}, {"l": "Natural gas (including LNG)", "v": 0.1049484042116285}, {"l": "Fuel oil", "v": 0.060309143316785822}]}, {"source": 6, "prod": 0, "target": 2, "value": 0.055766858695921379, "supply": [{"l": "Gas-Diesel oil", "v": 0.038963482952537071}, {"l": "Natural gas (including LNG)", "v": 0.010671146316832253}, {"l": "Fuel oil", "v": 0.006132229426552051}]}, {"source": 8, "prod": 13.513606911447084, "target": 3, "value": 0.14055402459048497, "supply": [{"l": "Potash", "v": 0.00512777778188}, {"l": "Phosphate", "v": 0.075750000060599995}, {"l": "Nitrogen", "v": 0.29355555579039994}]}, {"source": 8, "prod": 3.1101511879049673, "target": 4, "value": 0.032348452149708849, "supply": [{"l": "Potash", "v": 0.00512777778188}, {"l": "Phosphate", "v": 0.075750000060599995}, {"l": "Nitrogen", "v": 0.29355555579039994}]}, {"source": 8, "prod": 17.58790496760259, "target": 0, "value": 0.18293049690660354, "supply": [{"l": "Potash", "v": 0.00512777778188}, {"l": "Phosphate", "v": 0.075750000060599995}, {"l": "Nitrogen", "v": 0.29355555579039994}]}, {"source": 8, "prod": 1.7883369330453565, "target": 2, "value": 0.018600359986082591, "supply": [{"l": "Potash", "v": 0.00512777778188}, {"l": "Phosphate", "v": 0.075750000060599995}, {"l": "Nitrogen", "v": 0.29355555579039994}]}, {"source": 6, "prod": 0, "target": 8, "value": 0.44286701457646177, "supply": [{"l": "Natural gas (including LNG)", "v": 0.30508515235241845}, {"l": "Fuel oil", "v": 0.085889698340721687}, {"l": "Liquefied petroleum gas (LPG)", "v": 0.025946081941660815}, {"l": "Coal", "v": 0.025946081941660815}]}, {"source": 9, "prod": 0, "target": 3, "value": 0.14295286602612048, "supply": "[{\"l\":'Labor',\"v\":0.14295286602612048}]"}, {"source": 9, "prod": 0, "target": 4, "value": 0.032900544539958686, "supply": "[{\"l\":'Labor',\"v\":0.032900544539958686}]"}, {"source": 9, "prod": 0, "target": 0, "value": 0.18605257937346636, "supply": "[{\"l\":'Labor',\"v\":0.18605257937346636}]"}, {"source": 9, "prod": 0, "target": 2, "value": 0.018917813110476245, "supply": "[{\"l\":'Labor',\"v\":0.018917813110476245}]"}]}