{"nodes": [{"layer": 5, "name": "Starchy Roots"}, {"layer": 10, "name": "Feed", "fill": "#dbdb8d"}, {"layer": 5, "name": "Fruits & Vegetables"}, {"layer": 13, "name": "Animal Products", "fill": "#17becf"}, {"layer": 5, "name": "Cereals", "fill": "#e7ba52"}, {"layer": 13, "name": "Other Processed", "fill": "#9c9ede"}, {"layer": 16, "name": "Food", "fill": "#b5cf6b"}, {"layer": 5, "name": "Oilcrops", "fill": "#ff9896"}, {"layer": 13, "name": "Sugar", "fill": "#d6616b"}, {"layer": 5, "name": "Others"}, {"layer": 13, "name": "Aquatic Products", "fill": "#1f77b4"}, {"layer": 13, "name": "Vegetable Oils", "fill": "#f7b6d2"}, {"layer": 5, "name": "Sugar Crops", "fill": "#ffbb78"}, {"layer": 10, "name": "Processing", "fill": "#9edae5"}, {"layer": 16, "name": "Biofuels & Other", "fill": "#e7ba52"}, {"name": "Waste", "fill": "#c7c7c7"}, {"layer": 2, "name": "Import", "fill": "#aec7e8"}, {"layer": 16, "name": "Export", "fill": "#aec7e8"}, {"layer": 0, "name": "Stock Draw", "fill": "#c7c7c7"}, {"layer": 16, "name": "Stock Deposit", "fill": "#c7c7c7"}, {"name": "Crop Residue", "fill": "#bd9e39"}, {"layer": 2, "name": "Electricity", "fill": "#bcbd22"}, {"layer": 0, "name": "Fossil Fuels", "fill": "#c49c94"}, {"layer": 0, "name": "Renewables & Nuclear", "fill": "#2ca02c"}, {"layer": 2, "name": "Fertilizers", "fill": "#c5b0d5"}, {"layer": 0, "name": "Labor", "fill": "#7f7f7f"}], "links": [{"source": 0, "prod": 13.0, "target": 1, "value": 0.010427838037412731, "supply": [{"l": "Potatoes", "v": 0.010427838037412731}]}, {"source": 2, "prod": 8.0, "target": 1, "value": 0.0089098007234975594, "supply": [{"l": "Vegetables, Other", "v": 0.0015271630564540799}, {"l": "Pulses, Other", "v": 0.0073826376670434787}]}, {"source": 3, "prod": 6.0, "target": 1, "value": 0.0041604363589450724, "supply": [{"l": "Milk - Excluding Butter", "v": 0.0041604363589450724}]}, {"source": 4, "prod": 131.0, "target": 1, "value": 0.4138750268097387, "supply": [{"l": "Maize", "v": 0.18983294901925471}, {"l": "Wheat", "v": 0.076884339209059377}, {"l": "Barley", "v": 0.013994560412802197}, {"l": "Oats", "v": 0.063411037223153541}, {"l": "Sorghum", "v": 0.069752140945468874}]}, {"source": 5, "prod": 29.0, "target": 6, "value": 0.095629312783026388, "supply": [{"l": "Beer", "v": 0.0084477943453731344}, {"l": "Butter, Ghee", "v": 0.024793902607460182}, {"l": "Wine", "v": 0.0012485343113382355}, {"l": "Fats, Animals, Raw", "v": 0.051342889229893295}, {"l": "Beverages, Alcoholic", "v": 0.0097961922889615374}]}, {"source": 3, "prod": 326.0, "target": 6, "value": 0.30363036610696109, "supply": [{"l": "Pigmeat", "v": 0.030275779187394342}, {"l": "Milk - Excluding Butter", "v": 0.19207347857129753}, {"l": "Eggs", "v": 0.010228955803734941}, {"l": "Bovine Meat", "v": 0.022685918984963561}, {"l": "Poultry Meat", "v": 0.012896253139898735}, {"l": "Offals, Edible", "v": 0.0078197675289078949}, {"l": "Mutton & Goat Meat", "v": 0.027650212890764095}]}, {"source": 4, "prod": 569.0, "target": 6, "value": 1.8261499080388879, "supply": [{"l": "Maize", "v": 0.59164602444334391}, {"l": "Rye", "v": 0.019023311166946059}, {"l": "Rice", "v": 0.037396575325321431}, {"l": "Wheat", "v": 1.1724861729381555}, {"l": "Barley", "v": 0.0055978241651208792}]}, {"source": 7, "prod": 4.0, "target": 6, "value": 0.0052733126193167702, "supply": [{"l": "Olives", "v": 0.0052733126193167702}]}, {"source": 8, "prod": 40.0, "target": 6, "value": 0.16581276441307785, "supply": [{"l": "Sugar", "v": 0.16581276441307785}]}, {"source": 0, "prod": 50.0, "target": 6, "value": 0.040107069374664357, "supply": [{"l": "Potatoes", "v": 0.040107069374664357}]}, {"source": 2, "prod": 333.0, "target": 6, "value": 0.18114033100214949, "supply": [{"l": "Oranges, Mandarines", "v": 0.0033318444703735461}, {"l": "Beans", "v": 0.039071048847350749}, {"l": "Apples", "v": 0.0082974147601675395}, {"l": "Tomatoes", "v": 0.0064156423051133504}, {"l": "Treenuts", "v": 0.01054662523863354}, {"l": "Fruits, Other", "v": 0.030776370774487503}, {"l": "Vegetables, Other", "v": 0.043269619932865613}, {"l": "Grapes", "v": 0.03574044583963594}, {"l": "Pulses, Other", "v": 0.0036913188335217393}]}, {"source": 9, "prod": 4.0, "target": 6, "value": 0.012042600449787236, "supply": [{"l": "Nuts", "v": 0.012042600449787236}]}, {"source": 10, "prod": 16.0, "target": 6, "value": 0.012274586116190969, "supply": [{"l": "Freshwater Fish", "v": 0.0021049669381239667}, {"l": "Fish, Seafood", "v": 0.0063279751431801244}, {"l": "Marine Fish, Other", "v": 0.0038416440348868776}]}, {"source": 11, "prod": 20.0, "target": 6, "value": 0.2069052563945111, "supply": [{"l": "Olive Oil", "v": 0.062260244325399998}, {"l": "Sunflowerseed Oil", "v": 0.1446450120691111}]}, {"source": 12, "prod": 140.0, "target": 13, "value": 0.1627111108, "supply": [{"l": "Sugar beet", "v": 0.1627111108}]}, {"source": 2, "prod": 18.0, "target": 13, "value": 0.0136878303215627, "supply": [{"l": "Grapes", "v": 0.0136878303215627}]}, {"source": 4, "prod": 3.0, "target": 13, "value": 0.0083967362476813183, "supply": [{"l": "Barley", "v": 0.0083967362476813183}]}, {"source": 7, "prod": 79.0, "target": 13, "value": 0.10414792423150621, "supply": [{"l": "Sunflower seed", "v": 0.042186500954534162}, {"l": "Cottonseed", "v": 0.013183281548291926}, {"l": "Olives", "v": 0.04877814172868012}]}, {"source": 11, "prod": 3.0, "target": 14, "value": 0.031085201351498414, "supply": [{"l": "Cottonseed Oil", "v": 0.020708493963931748}, {"l": "Olive Oil", "v": 0.010376707387566665}]}, {"source": 0, "prod": 47.0, "target": 0, "value": 0.037700645212184497, "supply": [{"l": "Potatoes", "v": 0.037700645212184497}]}, {"source": 2, "prod": 5.0, "target": 2, "value": 0.01931973837246204, "supply": [{"l": "Beans", "v": 0.0156284195389403}, {"l": "Pulses, Other", "v": 0.0036913188335217393}]}, {"source": 4, "prod": 78.0, "target": 4, "value": 0.24963653535468519, "supply": [{"l": "Maize", "v": 0.015819412418271228}, {"l": "Wheat", "v": 0.1922108480226484}, {"l": "Oats", "v": 0.015852759305788385}, {"l": "Rye", "v": 0.0095116555834730294}, {"l": "Barley", "v": 0.0083967362476813183}, {"l": "Rice", "v": 0.0046745719156651789}, {"l": "Sorghum", "v": 0.0031705518611576766}]}, {"source": 7, "prod": 4.0, "target": 7, "value": 0.0052733126193167702, "supply": [{"l": "Sunflower seed", "v": 0.0013183281548291926}, {"l": "Cottonseed", "v": 0.0039549844644875777}]}, {"source": 0, "prod": 6.0, "target": 15, "value": 0.004812848324959723, "supply": [{"l": "Potatoes", "v": 0.004812848324959723}]}, {"source": 2, "prod": 33.0, "target": 15, "value": 0.010240701873970606, "supply": [{"l": "Vegetables, Other", "v": 0.0061086522258163196}, {"l": "Fruits, Other", "v": 0.0019235231734054689}, {"l": "Grapes", "v": 0.00076043501786459441}, {"l": "Tomatoes", "v": 0.00085541897401511329}, {"l": "Apples", "v": 0.00059267248286911007}]}, {"source": 3, "prod": 7.0, "target": 15, "value": 0.0058652623262342293, "supply": [{"l": "Eggs", "v": 0.0017048259672891566}, {"l": "Milk - Excluding Butter", "v": 0.0041604363589450724}]}, {"source": 4, "prod": 100.0, "target": 15, "value": 0.31747507870329938, "supply": [{"l": "Maize", "v": 0.15186635921540378}, {"l": "Rye", "v": 0.0031705518611576766}, {"l": "Wheat", "v": 0.14415813601698632}, {"l": "Oats", "v": 0.0031705518611576766}, {"l": "Barley", "v": 0.0055978241651208792}, {"l": "Sorghum", "v": 0.0095116555834730294}]}, {"source": 7, "prod": 1.0, "target": 15, "value": 0.0013183281548291926, "supply": [{"l": "Olives", "v": 0.0013183281548291926}]}, {"source": 16, "prod": 20.0, "target": 13, "value": 0.11733846261189154, "supply": [{"l": "Sunflowerseed Oil", "v": 0.020663573152730163}, {"l": "Fats, Animals, Raw", "v": 0.042785741024911068}, {"l": "Sugar", "v": 0.053889148434250307}]}, {"source": 16, "prod": 80.0, "target": 4, "value": 0.25548849769573334, "supply": [{"l": "Maize", "v": 0.063277649673084913}, {"l": "Wheat", "v": 0.1922108480226484}]}, {"source": 5, "prod": 13.0, "target": 17, "value": 0.0081154730236985308, "supply": [{"l": "Wine", "v": 0.0081154730236985308}]}, {"source": 2, "prod": 51.0, "target": 17, "value": 0.016357510357346942, "supply": [{"l": "Grapes", "v": 0.00076043501786459441}, {"l": "Treenuts", "v": 0.0026366563096583851}, {"l": "Vegetables, Other", "v": 0.010181087043027202}, {"l": "Fruits, Other", "v": 0.0012823487822703125}, {"l": "Tomatoes", "v": 0.0014969832045264484}]}, {"source": 9, "prod": 1.0, "target": 17, "value": 0.0030106501124468089, "supply": [{"l": "Nuts", "v": 0.0030106501124468089}]}, {"source": 18, "prod": 1.0, "target": 13, "value": 0.00062426715566911775, "supply": [{"l": "Wine", "v": 0.00062426715566911775}]}, {"source": 4, "prod": 50.0, "target": 19, "value": 0.16017570668554038, "supply": [{"l": "Wheat", "v": 0.16017570668554038}]}, {"source": 1, "prod": 16.0, "target": 10, "value": 0.012274586116190969, "supply": [{"l": "Freshwater Fish", "v": 0.0021049669381239667}, {"l": "Marine Fish, Other", "v": 0.0038416440348868776}, {"l": "Fish, Seafood", "v": 0.0063279751431801244}]}, {"source": 1, "prod": 339.0, "target": 3, "value": 0.31365606479214042, "supply": [{"l": "Poultry Meat", "v": 0.012896253139898735}, {"l": "Pigmeat", "v": 0.030275779187394342}, {"l": "Bovine Meat", "v": 0.022685918984963561}, {"l": "Eggs", "v": 0.011933781771024098}, {"l": "Milk - Excluding Butter", "v": 0.2003943512891877}, {"l": "Offals, Edible", "v": 0.0078197675289078949}, {"l": "Mutton & Goat Meat", "v": 0.027650212890764095}]}, {"source": 13, "prod": 42.0, "target": 5, "value": 0.10374478580672492, "supply": [{"l": "Fats, Animals, Raw", "v": 0.051342889229893295}, {"l": "Beer", "v": 0.0084477943453731344}, {"l": "Beverages, Alcoholic", "v": 0.0097961922889615374}, {"l": "Butter, Ghee", "v": 0.024793902607460182}, {"l": "Wine", "v": 0.0093640073350367663}]}, {"source": 13, "prod": 23.0, "target": 11, "value": 0.23799045774600952, "supply": [{"l": "Olive Oil", "v": 0.072636951712966663}, {"l": "Cottonseed Oil", "v": 0.020708493963931748}, {"l": "Sunflowerseed Oil", "v": 0.1446450120691111}]}, {"source": 13, "prod": 40.0, "target": 8, "value": 0.16581276441307785, "supply": [{"l": "Sugar", "v": 0.16581276441307785}]}, {"source": 0, "prod": 57.75, "target": 20, "value": 0.201354999615, "supply": [{"l": "Potatoes", "v": 0.201354999615}]}, {"source": 12, "prod": 56.0, "target": 20, "value": 0.065084444320000004, "supply": [{"l": "Sugar beet", "v": 0.065084444320000004}]}, {"source": 2, "prod": 447.5, "target": 20, "value": 1.3593243801075789, "supply": [{"l": "Tomatoes", "v": 0.14295333305999999}, {"l": "Vegetables, Other", "v": 0.83679999840000019}, {"l": "Beans", "v": 0.050556666569999999}, {"l": "Pulses, Other", "v": 0.013946666639999999}]}, {"source": 4, "prod": 1783.0, "target": 20, "value": 6.267319685697772, "supply": [{"l": "Maize", "v": 2.0222666627999999}, {"l": "Rye", "v": 0.069733333199999997}, {"l": "Barley", "v": 0.1045999998}, {"l": "Rice", "v": 0.06275999988}, {"l": "Wheat", "v": 3.5912666598}, {"l": "Oats", "v": 0.18479333298000006}, {"l": "Sorghum", "v": 0.18130666632}]}, {"source": 7, "prod": 89.0, "target": 20, "value": 0.31031333274, "supply": [{"l": "Olives", "v": 0.14643999971999999}, {"l": "Sunflower seed", "v": 0.11680333311000002}, {"l": "Cottonseed", "v": 0.04706999991}]}, {"source": 21, "prod": 0, "target": 4, "value": 1.7363989192111275e-05, "supply": "[{\"l\":'Energy for power irrigation',\"v\":1.7363989192111275e-05}]"}, {"source": 21, "prod": 0, "target": 7, "value": 1.7334773282085291e-06, "supply": "[{\"l\":'Energy for power irrigation',\"v\":1.7334773282085291e-06}]"}, {"source": 21, "prod": 0, "target": 12, "value": 2.7268182690920678e-06, "supply": "[{\"l\":'Energy for power irrigation',\"v\":2.7268182690920678e-06}]"}, {"source": 21, "prod": 0, "target": 0, "value": 2.2496250720009562e-06, "supply": "[{\"l\":'Energy for power irrigation',\"v\":2.2496250720009562e-06}]"}, {"source": 21, "prod": 0, "target": 2, "value": 8.7160798244192889e-06, "supply": "[{\"l\":'Energy for power irrigation',\"v\":8.7160798244192889e-06}]"}, {"source": 21, "prod": 0, "target": 9, "value": 8.7647730077959329e-08, "supply": "[{\"l\":'Energy for power irrigation',\"v\":8.7647730077959329e-08}]"}, {"source": 21, "prod": 0, "target": 13, "value": 0.11145040874643282, "supply": "[{\"l\":'Electricity',\"v\":0.11145040874643282}]"}, {"source": 22, "prod": 0, "target": 21, "value": 0.074782390247163835, "supply": [{"l": "Coal", "v": 0.0}, {"l": "Natural gas", "v": 0.0}, {"l": "Oil", "v": 0.074782390247163835}]}, {"source": 23, "prod": 0, "target": 21, "value": 0.083065978089926468, "supply": [{"l": "Nuclear", "v": 0.0}, {"l": "Hydroelectric", "v": 0.083065978089926468}, {"l": "Renewable", "v": 0.0}]}, {"source": 22, "prod": 0, "target": 4, "value": 0.59289561987926642, "supply": [{"l": "Gas-Diesel oil", "v": 0.41424743867614072}, {"l": "Natural gas (including LNG)", "v": 0.11345225566387045}, {"l": "Fuel oil", "v": 0.065195925539255198}]}, {"source": 22, "prod": 0, "target": 7, "value": 0.059189803891480333, "supply": [{"l": "Gas-Diesel oil", "v": 0.041355044354656791}, {"l": "Natural gas (including LNG)", "v": 0.011326136572164297}, {"l": "Fuel oil", "v": 0.0065086229646592417}]}, {"source": 22, "prod": 0, "target": 12, "value": 0.093107556683227483, "supply": [{"l": "Gas-Diesel oil", "v": 0.06505287876013427}, {"l": "Natural gas (including LNG)", "v": 0.017816394607898894}, {"l": "Fuel oil", "v": 0.010238283315194311}]}, {"source": 22, "prod": 0, "target": 0, "value": 0.076813734263662684, "supply": [{"l": "Gas-Diesel oil", "v": 0.053668624977110779}, {"l": "Natural gas (including LNG)", "v": 0.014698525551516588}, {"l": "Fuel oil", "v": 0.0084465837350353075}]}, {"source": 22, "prod": 0, "target": 2, "value": 0.29761165439817355, "supply": [{"l": "Gas-Diesel oil", "v": 0.20793688032257207}, {"l": "Natural gas (including LNG)", "v": 0.056948832764533962}, {"l": "Fuel oil", "v": 0.032725941311067534}]}, {"source": 22, "prod": 0, "target": 9, "value": 0.0029927428933894549, "supply": [{"l": "Gas-Diesel oil", "v": 0.0020909853887186016}, {"l": "Natural gas (including LNG)", "v": 0.0005726698266824645}, {"l": "Fuel oil", "v": 0.00032908767798838862}]}, {"source": 22, "prod": 0, "target": 1, "value": 0.16204231494444862, "supply": [{"l": "Gas-diesel oils used in fisheries", "v": 0.16204231494444862}]}, {"source": 24, "prod": 38.026066350710899, "target": 4, "value": 0.49456097508627528, "supply": [{"l": "Potash", "v": 0.011024722231041999}, {"l": "Phosphate", "v": 0.094266666742079994}, {"l": "Nitrogen", "v": 0.83112916733156983}]}, {"source": 24, "prod": 3.7962085308056874, "target": 7, "value": 0.049372884781467757, "supply": [{"l": "Potash", "v": 0.011024722231041999}, {"l": "Phosphate", "v": 0.094266666742079994}, {"l": "Nitrogen", "v": 0.83112916733156983}]}, {"source": 24, "prod": 5.971563981042654, "target": 12, "value": 0.077665212015791962, "supply": [{"l": "Potash", "v": 0.011024722231041999}, {"l": "Phosphate", "v": 0.094266666742079994}, {"l": "Nitrogen", "v": 0.83112916733156983}]}, {"source": 24, "prod": 4.9265402843601898, "target": 0, "value": 0.06407379991302839, "supply": [{"l": "Potash", "v": 0.011024722231041999}, {"l": "Phosphate", "v": 0.094266666742079994}, {"l": "Nitrogen", "v": 0.83112916733156983}]}, {"source": 24, "prod": 19.087677725118485, "target": 2, "value": 0.24825130269333506, "supply": [{"l": "Potash", "v": 0.011024722231041999}, {"l": "Phosphate", "v": 0.094266666742079994}, {"l": "Nitrogen", "v": 0.83112916733156983}]}, {"source": 24, "prod": 0.19194312796208532, "target": 9, "value": 0.0024963818147933138, "supply": [{"l": "Potash", "v": 0.011024722231041999}, {"l": "Phosphate", "v": 0.094266666742079994}, {"l": "Nitrogen", "v": 0.83112916733156983}]}, {"source": 22, "prod": 0, "target": 24, "value": 1.1103940836453705, "supply": [{"l": "Natural gas (including LNG)", "v": 0.758108195519277}, {"l": "Fuel oil", "v": 0.20536619913143919}, {"l": "Liquefied petroleum gas (LPG)", "v": 0.07345984449732719}, {"l": "Coal", "v": 0.07345984449732719}]}, {"source": 25, "prod": 0, "target": 4, "value": 0.26744248972481061, "supply": "[{\"l\":'Labor',\"v\":0.26744248972481061}]"}, {"source": 25, "prod": 0, "target": 7, "value": 0.026699250236128041, "supply": "[{\"l\":'Labor',\"v\":0.026699250236128041}]"}, {"source": 25, "prod": 0, "target": 12, "value": 0.041998820596156464, "supply": "[{\"l\":'Labor',\"v\":0.041998820596156464}]"}, {"source": 25, "prod": 0, "target": 0, "value": 0.034649026991829091, "supply": "[{\"l\":'Labor',\"v\":0.034649026991829091}]"}, {"source": 25, "prod": 0, "target": 2, "value": 0.13424623011985728, "supply": "[{\"l\":'Labor',\"v\":0.13424623011985728}]"}, {"source": 25, "prod": 0, "target": 9, "value": 0.0013499620905907438, "supply": "[{\"l\":'Labor',\"v\":0.0013499620905907438}]"}, {"source": 22, "prod": 0, "target": 16, "value": 0.70421521012732313, "supply": "[{\"l\":'Fossil Fuels',\"v\":0.70421521012732313}]"}, {"source": 23, "prod": 0, "target": 16, "value": 0.22720992931893025, "supply": "[{\"l\":'Renewables & Nuclear',\"v\":0.068945728000165754},{\"l\":'Biomass & Waste',\"v\":0.15826420131876448}]"}]}