{"nodes": [{"layer": 3, "name": "Treenuts"}, {"layer": 5, "name": "Production", "fill": "#b5cf6b"}, {"layer": 3, "name": "Pulses"}, {"layer": 3, "name": "Vegetables"}, {"layer": 3, "name": "Sugar Crops", "fill": "#ffbb78"}, {"layer": 3, "name": "Starchy Roots"}, {"layer": 3, "name": "Others"}, {"layer": 3, "name": "Cereals - Excluding Beer"}, {"layer": 3, "name": "Spices"}, {"layer": 3, "name": "Stimulants"}, {"layer": 3, "name": "Fruits - Excluding Wine"}, {"layer": 3, "name": "Oilcrops", "fill": "#ff9896"}, {"layer": 1, "name": "Electricity", "fill": "#bcbd22"}, {"layer": 0, "name": "Fossil Fuels", "fill": "#c49c94"}, {"layer": 0, "name": "Renewables & Nuclear", "fill": "#2ca02c"}, {"layer": 1, "name": "Fertilizers", "fill": "#c5b0d5"}, {"layer": 0, "name": "Labor", "fill": "#7f7f7f"}], "links": [{"source": 0, "prod": 65.0, "target": 1, "value": 0.26392929659680436, "supply": [{"l": "Treenuts", "v": 0.26392929659680436}]}, {"source": 2, "prod": 8.0, "target": 1, "value": 0.033540872363851858, "supply": [{"l": "Pulses, Other", "v": 0.033540872363851858}]}, {"source": 3, "prod": 344.0, "target": 1, "value": 0.16804922050216167, "supply": [{"l": "Tomatoes", "v": 0.0044295826002260881}, {"l": "Vegetables, Other", "v": 0.16361963790193559}]}, {"source": 4, "prod": 1652.0, "target": 1, "value": 0.75406102364780647, "supply": [{"l": "Sugar cane", "v": 0.75406102364780647}]}, {"source": 5, "prod": 3768.0, "target": 1, "value": 4.4768136460697194, "supply": [{"l": "Roots, Other", "v": 0.17828480789413326}, {"l": "Yams", "v": 2.8978835694997684}, {"l": "Sweet potatoes", "v": 0.012950898280322034}, {"l": "Cassava", "v": 1.3876943703954956}]}, {"source": 6, "prod": 65.0, "target": 1, "value": 0.26392929659680436, "supply": [{"l": "Nuts", "v": 0.26392929659680436}]}, {"source": 7, "prod": 717.0, "target": 1, "value": 2.6660305204154411, "supply": [{"l": "Maize", "v": 1.4760691268475632}, {"l": "Rice", "v": 1.0016225867541535}, {"l": "Cereals, Other", "v": 0.019426347420483051}, {"l": "Sorghum", "v": 0.061102512509431828}, {"l": "Millet", "v": 0.10780994688380952}]}, {"source": 8, "prod": 14.0, "target": 1, "value": 0.051506202123739998, "supply": [{"l": "Pimento", "v": 0.051506202123739998}]}, {"source": 9, "prod": 832.0, "target": 1, "value": 1.232100704648998, "supply": [{"l": "Coffee", "v": 0.13547140119024784}, {"l": "Cocoa Beans", "v": 1.0966293034587502}]}, {"source": 10, "prod": 1495.0, "target": 1, "value": 1.2804200560941481, "supply": [{"l": "Plantains", "v": 0.98460669147040381}, {"l": "Citrus, Other", "v": 0.045326666580000001}, {"l": "Fruits, Other", "v": 0.012842067202336134}, {"l": "Pineapples", "v": 0.12290369533425131}, {"l": "Bananas", "v": 0.1057751675645297}, {"l": "Grapefruit", "v": 0.0036594971194396559}, {"l": "Oranges, Mandarines", "v": 0.0053062708231875}]}, {"source": 11, "prod": 1127.3233724653148, "target": 1, "value": 4.2426625025671498, "supply": [{"l": "Coconuts - Incl Copra", "v": 0.23680878053894627}, {"l": "Sesame seed", "v": 0.019592384577923075}, {"l": "Soyabeans", "v": 0.0084900333171}, {"l": "Oilcrops, Other", "v": 0.054578785609928585}, {"l": "Cottonseed", "v": 0.38550507214425261}, {"l": "Groundnuts", "v": 0.21829458545831695}, {"l": "Palm kernels", "v": 0.17246279543295506}, {"l": "Oil Palm", "v": 3.1469300654877279}]}, {"source": 12, "prod": 0, "target": 11, "value": 0.0077080558050907641, "supply": "[{\"l\":'Energy for power irrigation',\"v\":0.0077080558050907641}]"}, {"source": 12, "prod": 0, "target": 0, "value": 0.00044404258527074107, "supply": "[{\"l\":'Energy for power irrigation',\"v\":0.00044404258527074107}]"}, {"source": 12, "prod": 0, "target": 3, "value": 0.0025378741604320043, "supply": "[{\"l\":'Energy for power irrigation',\"v\":0.0025378741604320043}]"}, {"source": 12, "prod": 0, "target": 4, "value": 0.011288928802459994, "supply": "[{\"l\":'Energy for power irrigation',\"v\":0.011288928802459994}]"}, {"source": 12, "prod": 0, "target": 5, "value": 0.025774964218869323, "supply": "[{\"l\":'Energy for power irrigation',\"v\":0.025774964218869323}]"}, {"source": 12, "prod": 0, "target": 2, "value": 5.4651395110245054e-05, "supply": "[{\"l\":'Energy for power irrigation',\"v\":5.4651395110245054e-05}]"}, {"source": 12, "prod": 0, "target": 6, "value": 0.00044404258527074107, "supply": "[{\"l\":'Energy for power irrigation',\"v\":0.00044404258527074107}]"}, {"source": 12, "prod": 0, "target": 7, "value": 0.0071251756374981993, "supply": "[{\"l\":'Energy for power irrigation',\"v\":0.0071251756374981993}]"}, {"source": 12, "prod": 0, "target": 8, "value": 9.5639941442928847e-05, "supply": "[{\"l\":'Energy for power irrigation',\"v\":9.5639941442928847e-05}]"}, {"source": 12, "prod": 0, "target": 9, "value": 0.0059262606572671982, "supply": "[{\"l\":'Energy for power irrigation',\"v\":0.0059262606572671982}]"}, {"source": 12, "prod": 0, "target": 10, "value": 0.010226642310004605, "supply": "[{\"l\":'Energy for power irrigation',\"v\":0.010226642310004605}]"}, {"source": 13, "prod": 0, "target": 12, "value": 0.01577407440287306, "supply": [{"l": "Coal", "v": 0.0}, {"l": "Natural gas", "v": 0.0}, {"l": "Oil", "v": 0.01577407440287306}]}, {"source": 14, "prod": 0, "target": 12, "value": 0.065632129825624982, "supply": [{"l": "Nuclear", "v": 0.0}, {"l": "Hydroelectric", "v": 0.065632129825624982}, {"l": "Renewable", "v": 0.0}]}, {"source": 13, "prod": 0, "target": 11, "value": 0.11225371467035121, "supply": [{"l": "Gas-Diesel oil", "v": 0.060413817417838904}, {"l": "Other fossil fuels", "v": 0.051839897252512299}]}, {"source": 13, "prod": 0, "target": 0, "value": 0.0064666669428556272, "supply": [{"l": "Gas-Diesel oil", "v": 0.0034802949473425391}, {"l": "Other fossil fuels", "v": 0.0029863719955130884}]}, {"source": 13, "prod": 0, "target": 3, "value": 0.036959488758013311, "supply": [{"l": "Gas-Diesel oil", "v": 0.019891224199042355}, {"l": "Other fossil fuels", "v": 0.017068264558970956}]}, {"source": 13, "prod": 0, "target": 4, "value": 0.16440257112413731, "supply": [{"l": "Gas-Diesel oil", "v": 0.088479806161285326}, {"l": "Other fossil fuels", "v": 0.075922764962851969}]}, {"source": 13, "prod": 0, "target": 5, "value": 0.37536514423683509, "supply": [{"l": "Gas-Diesel oil", "v": 0.20201773594343692}, {"l": "Other fossil fuels", "v": 0.17334740829339818}]}, {"source": 13, "prod": 0, "target": 2, "value": 0.00079589746988992336, "supply": [{"l": "Gas-Diesel oil", "v": 0.0004283439935190817}, {"l": "Other fossil fuels", "v": 0.0003675534763708416}]}, {"source": 13, "prod": 0, "target": 6, "value": 0.0064666669428556272, "supply": [{"l": "Gas-Diesel oil", "v": 0.0034802949473425391}, {"l": "Other fossil fuels", "v": 0.0029863719955130884}]}, {"source": 13, "prod": 0, "target": 7, "value": 0.10376513263689875, "supply": [{"l": "Gas-Diesel oil", "v": 0.055845348155050281}, {"l": "Other fossil fuels", "v": 0.047919784481848478}]}, {"source": 13, "prod": 0, "target": 8, "value": 0.0013928205723073659, "supply": [{"l": "Gas-Diesel oil", "v": 0.00074960198865839302}, {"l": "Other fossil fuels", "v": 0.00064321858364897277}]}, {"source": 13, "prod": 0, "target": 9, "value": 0.086305131891188561, "supply": [{"l": "Gas-Diesel oil", "v": 0.046448551797225422}, {"l": "Other fossil fuels", "v": 0.039856580093963138}]}, {"source": 13, "prod": 0, "target": 10, "value": 0.14893231405315188, "supply": [{"l": "Gas-Diesel oil", "v": 0.080153869787258164}, {"l": "Other fossil fuels", "v": 0.068778444265893732}]}, {"source": 15, "prod": 5.2838923098635373, "target": 11, "value": 0.034297919586068565, "supply": [{"l": "Potash", "v": 0.074352777837259992}, {"l": "Phosphate", "v": 0.037033333362960004}, {"l": "Nitrogen", "v": 0.20732361127696999}]}, {"source": 15, "prod": 0.30439234755077965, "target": 0, "value": 0.001975820786396932, "supply": [{"l": "Potash", "v": 0.074352777837259992}, {"l": "Phosphate", "v": 0.037033333362960004}, {"l": "Nitrogen", "v": 0.20732361127696999}]}, {"source": 15, "prod": 1.7397193402325328, "target": 3, "value": 0.011292575725330156, "supply": [{"l": "Potash", "v": 0.074352777837259992}, {"l": "Phosphate", "v": 0.037033333362960004}, {"l": "Nitrogen", "v": 0.20732361127696999}]}, {"source": 15, "prod": 7.7385900665794365, "target": 4, "value": 0.050231443838783536, "supply": [{"l": "Potash", "v": 0.074352777837259992}, {"l": "Phosphate", "v": 0.037033333362960004}, {"l": "Nitrogen", "v": 0.20732361127696999}]}, {"source": 15, "prod": 17.668805035524485, "target": 5, "value": 0.11468879733962498, "supply": [{"l": "Potash", "v": 0.074352777837259992}, {"l": "Phosphate", "v": 0.037033333362960004}, {"l": "Nitrogen", "v": 0.20732361127696999}]}, {"source": 15, "prod": 0.037463673544711341, "target": 2, "value": 0.00024317794294116083, "supply": [{"l": "Potash", "v": 0.074352777837259992}, {"l": "Phosphate", "v": 0.037033333362960004}, {"l": "Nitrogen", "v": 0.20732361127696999}]}, {"source": 15, "prod": 0.30439234755077965, "target": 6, "value": 0.001975820786396932, "supply": [{"l": "Potash", "v": 0.074352777837259992}, {"l": "Phosphate", "v": 0.037033333362960004}, {"l": "Nitrogen", "v": 0.20732361127696999}]}, {"source": 15, "prod": 4.8843264383917413, "target": 7, "value": 0.031704324310953845, "supply": [{"l": "Potash", "v": 0.074352777837259992}, {"l": "Phosphate", "v": 0.037033333362960004}, {"l": "Nitrogen", "v": 0.20732361127696999}]}, {"source": 15, "prod": 0.065561428703244842, "target": 8, "value": 0.00042556140014703148, "supply": [{"l": "Potash", "v": 0.074352777837259992}, {"l": "Phosphate", "v": 0.037033333362960004}, {"l": "Nitrogen", "v": 0.20732361127696999}]}, {"source": 15, "prod": 4.0624671000046364, "target": 9, "value": 0.026369608187682129, "supply": [{"l": "Potash", "v": 0.074352777837259992}, {"l": "Phosphate", "v": 0.037033333362960004}, {"l": "Nitrogen", "v": 0.20732361127696999}]}, {"source": 15, "prod": 7.0103899120541096, "target": 10, "value": 0.045504672572864717, "supply": [{"l": "Potash", "v": 0.074352777837259992}, {"l": "Phosphate", "v": 0.037033333362960004}, {"l": "Nitrogen", "v": 0.20732361127696999}]}, {"source": 13, "prod": 0, "target": 15, "value": 0.45136582813498921, "supply": [{"l": "Natural gas (including LNG)", "v": 0.28011447995621941}, {"l": "Fuel oil", "v": 0.13460250743617394}, {"l": "Liquefied petroleum gas (LPG)", "v": 0.018324420371297955}, {"l": "Coal", "v": 0.018324420371297955}]}, {"source": 16, "prod": 0, "target": 11, "value": 0.17765149906242741, "supply": "[{\"l\":'Labor',\"v\":0.17765149906242741}]"}, {"source": 16, "prod": 0, "target": 0, "value": 0.010234076259386139, "supply": "[{\"l\":'Labor',\"v\":0.010234076259386139}]"}, {"source": 16, "prod": 0, "target": 3, "value": 0.058491682005568466, "supply": "[{\"l\":'Labor',\"v\":0.058491682005568466}]"}, {"source": 16, "prod": 0, "target": 4, "value": 0.26018170797900919, "supply": "[{\"l\":'Labor',\"v\":0.26018170797900919}]"}, {"source": 16, "prod": 0, "target": 5, "value": 0.59404876502559845, "supply": "[{\"l\":'Labor',\"v\":0.59404876502559845}]"}, {"source": 16, "prod": 0, "target": 2, "value": 0.0012595786165398326, "supply": "[{\"l\":'Labor',\"v\":0.0012595786165398326}]"}, {"source": 16, "prod": 0, "target": 6, "value": 0.010234076259386139, "supply": "[{\"l\":'Labor',\"v\":0.010234076259386139}]"}, {"source": 16, "prod": 0, "target": 7, "value": 0.16421756213138067, "supply": "[{\"l\":'Labor',\"v\":0.16421756213138067}]"}, {"source": 16, "prod": 0, "target": 8, "value": 0.0022042625789447071, "supply": "[{\"l\":'Labor',\"v\":0.0022042625789447071}]"}, {"source": 16, "prod": 0, "target": 9, "value": 0.13658555623103807, "supply": "[{\"l\":'Labor',\"v\":0.13658555623103807}]"}, {"source": 16, "prod": 0, "target": 10, "value": 0.23569864862001613, "supply": "[{\"l\":'Labor',\"v\":0.23569864862001613}]"}]}