{"nodes": [{"layer": 5, "name": "Starchy Roots"}, {"layer": 10, "name": "Feed", "fill": "#dbdb8d"}, {"layer": 5, "name": "Cereals - Excluding Beer"}, {"layer": 13, "name": "Milk - Excluding Butter"}, {"layer": 16, "name": "Food", "fill": "#b5cf6b"}, {"layer": 13, "name": "Meat"}, {"layer": 5, "name": "Treenuts"}, {"layer": 5, "name": "Pulses"}, {"layer": 5, "name": "Vegetables"}, {"layer": 13, "name": "Alcoholic Beverages"}, {"layer": 5, "name": "Sugar Crops", "fill": "#ffbb78"}, {"layer": 13, "name": "Animal Fats"}, {"layer": 13, "name": "Fish, Seafood"}, {"layer": 13, "name": "Sugar & Sweeteners"}, {"layer": 5, "name": "Others"}, {"layer": 13, "name": "Vegetable Oils", "fill": "#f7b6d2"}, {"layer": 5, "name": "Spices"}, {"layer": 5, "name": "Stimulants"}, {"layer": 13, "name": "Eggs"}, {"layer": 5, "name": "Fruits - Excluding Wine"}, {"layer": 5, "name": "Oilcrops", "fill": "#ff9896"}, {"layer": 10, "name": "Processing", "fill": "#9edae5"}, {"layer": 16, "name": "Biofuels & Other", "fill": "#e7ba52"}, {"name": "Waste", "fill": "#c7c7c7"}, {"layer": 2, "name": "Import", "fill": "#aec7e8"}, {"layer": 16, "name": "Export", "fill": "#aec7e8"}, {"layer": 16, "name": "Stock Deposit", "fill": "#c7c7c7"}, {"layer": 0, "name": "Stock Draw", "fill": "#c7c7c7"}, {"name": "Crop Residue", "fill": "#bd9e39"}, {"layer": 2, "name": "Electricity", "fill": "#bcbd22"}, {"layer": 0, "name": "Fossil Fuels", "fill": "#c49c94"}, {"layer": 0, "name": "Renewables & Nuclear", "fill": "#2ca02c"}, {"layer": 2, "name": "Fertilizers", "fill": "#c5b0d5"}, {"layer": 0, "name": "Labor", "fill": "#7f7f7f"}], "links": [{"source": 0, "prod": 178.0, "target": 1, "value": 0.21433629416271999, "supply": [{"l": "Yams", "v": 0.13386429522709603}, {"l": "Cassava", "v": 0.08047199893562397}]}, {"source": 2, "prod": 69.0, "target": 1, "value": 0.2542280444161934, "supply": [{"l": "Maize", "v": 0.19230589240966642}, {"l": "Rice", "v": 0.042577772296678855}, {"l": "Sorghum", "v": 0.019344379709848102}]}, {"source": 3, "prod": 164.0, "target": 4, "value": 0.15341727864253366, "supply": [{"l": "Milk - Excluding Butter", "v": 0.15341727864253366}]}, {"source": 5, "prod": 207.0, "target": 4, "value": 0.33180274573510748, "supply": [{"l": "Mutton & Goat Meat", "v": 0.016171492032571427}, {"l": "Meat, Other", "v": 0.12448729203958944}, {"l": "Pigmeat", "v": 0.031509402001608254}, {"l": "Bovine Meat", "v": 0.11309304342702467}, {"l": "Poultry Meat", "v": 0.029315361677878928}, {"l": "Offals, Edible", "v": 0.017226154556434784}]}, {"source": 6, "prod": 24.0, "target": 4, "value": 0.096828479153702476, "supply": [{"l": "Treenuts", "v": 0.096828479153702476}]}, {"source": 7, "prod": 7.0, "target": 4, "value": 0.029296593840697181, "supply": [{"l": "Pulses, Other", "v": 0.029296593840697181}]}, {"source": 8, "prod": 413.0, "target": 4, "value": 0.20769465845623686, "supply": [{"l": "Tomatoes", "v": 0.012510502494971034}, {"l": "Vegetables, Other", "v": 0.19518415596126582}]}, {"source": 9, "prod": 387.0, "target": 4, "value": 0.21688810014257984, "supply": [{"l": "Beer", "v": 0.062235098830922861}, {"l": "Beverages, Alcoholic", "v": 0.0047166851761666672}, {"l": "Wine", "v": 0.041841562046639788}, {"l": "Beverages, Fermented", "v": 0.10809475408885053}]}, {"source": 10, "prod": 8.0, "target": 4, "value": 0.0041414796668780484, "supply": [{"l": "Sugar cane", "v": 0.0041414796668780484}]}, {"source": 11, "prod": 3.0, "target": 4, "value": 0.026177602727725003, "supply": [{"l": "Fats, Animals, Raw", "v": 0.017687569410625003}, {"l": "Butter, Ghee", "v": 0.0084900333171}]}, {"source": 0, "prod": 3140.0, "target": 4, "value": 3.7668719584490065, "supply": [{"l": "Roots, Other", "v": 0.099567221922159915}, {"l": "Yams", "v": 2.207014815222383}, {"l": "Potatoes", "v": 0.0084900333171}, {"l": "Sweet potatoes", "v": 0.012245240361201924}, {"l": "Cassava", "v": 1.439554647626162}]}, {"source": 12, "prod": 296.0, "target": 4, "value": 0.23739474549276471, "supply": [{"l": "Crustaceans", "v": 0.0011171096469868424}, {"l": "Marine Fish, Other", "v": 0.020973402463191702}, {"l": "Demersal Fish", "v": 0.012358909259069621}, {"l": "Freshwater Fish", "v": 0.016899592384748818}, {"l": "Pelagic Fish", "v": 0.070160691995479169}, {"l": "Fish, Seafood", "v": 0.11588503974328855}]}, {"source": 13, "prod": 93.0, "target": 4, "value": 0.38466178901606179, "supply": [{"l": "Sugar", "v": 0.37374603189407607}, {"l": "Sweeteners, Other", "v": 0.010915757121985717}]}, {"source": 14, "prod": 24.0, "target": 4, "value": 0.096828479153702476, "supply": [{"l": "Nuts", "v": 0.096828479153702476}]}, {"source": 2, "prod": 1086.0, "target": 4, "value": 4.0168982891896974, "supply": [{"l": "Maize", "v": 0.96892584252562686}, {"l": "Rice", "v": 2.2643633448688298}, {"l": "Cereals, Other", "v": 0.037273317001902437}, {"l": "Wheat", "v": 0.67490137007950712}, {"l": "Sorghum", "v": 0.02579250627979747}, {"l": "Millet", "v": 0.045641908434033839}]}, {"source": 15, "prod": 130.0, "target": 4, "value": 1.3305739574368136, "supply": [{"l": "Groundnut Oil", "v": 0.011320044422799999}, {"l": "Palm Oil", "v": 1.0779012887886765}, {"l": "Coconut Oil", "v": 0.092496678770510515}, {"l": "Rape and Mustard Oil", "v": 0.029388576866884623}, {"l": "Oilcrops Oil, Other", "v": 0.007718212106454546}, {"l": "Cottonseed Oil", "v": 0.11174915648148719}]}, {"source": 16, "prod": 13.0, "target": 4, "value": 0.046338731463561073, "supply": [{"l": "Pimento", "v": 0.046338731463561073}]}, {"source": 17, "prod": 2.0, "target": 4, "value": 0.0033960133268400002, "supply": [{"l": "Cocoa Beans", "v": 0.0033960133268400002}]}, {"source": 18, "prod": 10.0, "target": 4, "value": 0.012863686844090909, "supply": [{"l": "Eggs", "v": 0.012863686844090909}]}, {"source": 19, "prod": 953.0, "target": 4, "value": 0.90430872289005859, "supply": [{"l": "Plantains", "v": 0.82961117059728839}, {"l": "Citrus, Other", "v": 0.0034866666600000002}, {"l": "Apples", "v": 0.00092997140399346295}, {"l": "Pineapples", "v": 0.020655282398984901}, {"l": "Bananas", "v": 0.02488458041218965}, {"l": "Fruits, Other", "v": 0.012306981068905463}, {"l": "Grapefruit", "v": 0.0041414796668780493}, {"l": "Oranges, Mandarines", "v": 0.008292590681818604}]}, {"source": 20, "prod": 44.0, "target": 4, "value": 0.20398641175949703, "supply": [{"l": "Coconuts - Incl Copra", "v": 0.012507638368941967}, {"l": "Sesame seed", "v": 0.019592384577923075}, {"l": "Soyabeans", "v": 0.0080857460162857154}, {"l": "Groundnuts", "v": 0.16380064279634626}]}, {"source": 2, "prod": 31.0, "target": 21, "value": 0.098360338883445253, "supply": [{"l": "Millet", "v": 0.02106549620032331}, {"l": "Barley", "v": 0.054070603248569847}, {"l": "Rice", "v": 0.0232242394345521}]}, {"source": 15, "prod": 1.0, "target": 21, "value": 0.007718212106454546, "supply": [{"l": "Oilcrops Oil, Other", "v": 0.007718212106454546}]}, {"source": 10, "prod": 1241.0, "target": 21, "value": 0.64244703332445718, "supply": [{"l": "Sugar cane", "v": 0.64244703332445718}]}, {"source": 20, "prod": 1171.7124183006538, "target": 21, "value": 4.2373204868916376, "supply": [{"l": "Oilcrops, Other", "v": 0.025470099951300004}, {"l": "Coconuts - Incl Copra", "v": 0.29563508872044647}, {"l": "Cottonseed", "v": 0.37098359869332093}, {"l": "Groundnuts", "v": 0.017550068871037102}, {"l": "Palm kernels", "v": 0.09892895965155224}, {"l": "Oil Palm", "v": 3.4287526710039811}]}, {"source": 19, "prod": 34.0, "target": 21, "value": 0.037213544631688369, "supply": [{"l": "Citrus, Other", "v": 0.03602888882}, {"l": "Oranges, Mandarines", "v": 0.0011846558116883721}]}, {"source": 13, "prod": 1.0, "target": 22, "value": 0.0041527336877119564, "supply": [{"l": "Sugar", "v": 0.0041527336877119564}]}, {"source": 15, "prod": 15.0, "target": 22, "value": 0.14602321803516233, "supply": [{"l": "Cottonseed Oil", "v": 0.030477042676769234}, {"l": "Palm Oil", "v": 0.092391539039029441}, {"l": "Oilcrops Oil, Other", "v": 0.023154636319363639}]}, {"source": 0, "prod": 603.0, "target": 0, "value": 0.69748190253770714, "supply": [{"l": "Roots, Other", "v": 0.028160426402227046}, {"l": "Yams", "v": 0.6693214761354801}]}, {"source": 2, "prod": 57.0, "target": 2, "value": 0.21582848145864195, "supply": [{"l": "Maize", "v": 0.081360185250243494}, {"l": "Rice", "v": 0.12773331689003656}, {"l": "Sorghum", "v": 0.0032240632849746837}, {"l": "Millet", "v": 0.0035109160333872181}]}, {"source": 18, "prod": 2.0, "target": 18, "value": 0.0025727373688181816, "supply": [{"l": "Eggs", "v": 0.0025727373688181816}]}, {"source": 7, "prod": 1.0, "target": 7, "value": 0.0041852276915281695, "supply": [{"l": "Pulses, Other", "v": 0.0041852276915281695}]}, {"source": 20, "prod": 11.0, "target": 20, "value": 0.058025227706092752, "supply": [{"l": "Groundnuts", "v": 0.023400091828049471}, {"l": "Cottonseed", "v": 0.034625135878043285}]}, {"source": 3, "prod": 1.0, "target": 23, "value": 0.00093547121123496127, "supply": [{"l": "Milk - Excluding Butter", "v": 0.00093547121123496127}]}, {"source": 20, "prod": 4.0, "target": 23, "value": 0.023400091828049471, "supply": [{"l": "Groundnuts", "v": 0.023400091828049471}]}, {"source": 6, "prod": 3.0, "target": 23, "value": 0.01210355989421281, "supply": [{"l": "Treenuts", "v": 0.01210355989421281}]}, {"source": 18, "prod": 1.0, "target": 23, "value": 0.0012863686844090908, "supply": [{"l": "Eggs", "v": 0.0012863686844090908}]}, {"source": 14, "prod": 3.0, "target": 23, "value": 0.01210355989421281, "supply": [{"l": "Nuts", "v": 0.01210355989421281}]}, {"source": 10, "prod": 13.0, "target": 23, "value": 0.0067299044586768284, "supply": [{"l": "Sugar cane", "v": 0.0067299044586768284}]}, {"source": 0, "prod": 366.0, "target": 23, "value": 0.43107997960181749, "supply": [{"l": "Roots, Other", "v": 0.014080213201113523}, {"l": "Yams", "v": 0.33407871939283962}, {"l": "Sweet potatoes", "v": 0.0024490480722403852}, {"l": "Cassava", "v": 0.08047199893562397}]}, {"source": 19, "prod": 229.0, "target": 23, "value": 0.22885678265682782, "supply": [{"l": "Plantains", "v": 0.2074027926493221}, {"l": "Fruits, Other", "v": 0.0016052584002920168}, {"l": "Citrus, Other", "v": 0.0069733333200000004}, {"l": "Pineapples", "v": 0.0007122511172063758}, {"l": "Bananas", "v": 0.010978491358318965}, {"l": "Oranges, Mandarines", "v": 0.0011846558116883721}]}, {"source": 2, "prod": 149.0, "target": 23, "value": 0.55636891638342745, "supply": [{"l": "Maize", "v": 0.31064798004638416}, {"l": "Rice", "v": 0.2090181549109689}, {"l": "Sorghum", "v": 0.0064481265699493674}, {"l": "Cereals, Other", "v": 0.0031061097501585365}, {"l": "Wheat", "v": 0.013104880972417614}, {"l": "Millet", "v": 0.014043664133548872}]}, {"source": 16, "prod": 1.0, "target": 23, "value": 0.0035645178048893133, "supply": [{"l": "Pimento", "v": 0.0035645178048893133}]}, {"source": 17, "prod": 23.0, "target": 23, "value": 0.039054153258659997, "supply": [{"l": "Cocoa Beans", "v": 0.039054153258659997}]}, {"source": 8, "prod": 46.0, "target": 23, "value": 0.023604406108307309, "supply": [{"l": "Vegetables, Other", "v": 0.022962841877795973}, {"l": "Tomatoes", "v": 0.00064156423051133502}]}, {"source": 24, "prod": 420.0, "target": 1, "value": 0.37360611178690839, "supply": [{"l": "Milk - Excluding Butter", "v": 0.1403206816852442}, {"l": "Pelagic Fish", "v": 0.092028959630433713}, {"l": "Fish, Seafood", "v": 0.10179091328802371}, {"l": "Bovine Meat", "v": 0.017398929758003796}, {"l": "Poultry Meat", "v": 0.0013325164399035875}, {"l": "Offals, Edible", "v": 0.001230439611173913}, {"l": "Demersal Fish", "v": 0.0085975020932658238}, {"l": "Marine Fish, Other", "v": 0.010906169280859685}]}, {"source": 24, "prod": 598.0, "target": 2, "value": 2.164161249124644, "supply": [{"l": "Maize", "v": 0.014792760954589724}, {"l": "Barley", "v": 0.051224782024960905}, {"l": "Cereals, Other", "v": 0.021742768251109757}, {"l": "Rice", "v": 1.3818422463558502}, {"l": "Wheat", "v": 0.69455869153813354}]}, {"source": 24, "prod": 75.0, "target": 21, "value": 0.14340057160353381, "supply": [{"l": "Rape and Mustard Oil", "v": 0.029388576866884623}, {"l": "Beer", "v": 0.00051433965975969311}, {"l": "Beverages, Alcoholic", "v": 0.0047166851761666672}, {"l": "Sugar", "v": 0.037374603189407607}, {"l": "Butter, Ghee", "v": 0.0084900333171}, {"l": "Wine", "v": 0.041841562046639788}, {"l": "Sweeteners, Other", "v": 0.010915757121985717}, {"l": "Cottonseed Oil", "v": 0.010159014225589744}]}, {"source": 24, "prod": 38.0, "target": 8, "value": 0.014804028890740499, "supply": [{"l": "Tomatoes", "v": 0.008019552881391688}, {"l": "Vegetables, Other", "v": 0.0067844760093488101}]}, {"source": 24, "prod": 4.0, "target": 19, "value": 0.0024870788945562539, "supply": [{"l": "Citrus, Other", "v": 0.0011622222200000001}, {"l": "Oranges, Mandarines", "v": 0.00039488527056279069}, {"l": "Apples", "v": 0.00092997140399346295}]}, {"source": 24, "prod": 2.0, "target": 20, "value": 0.0098928959651552236, "supply": [{"l": "Cottonseed", "v": 0.0098928959651552236}]}, {"source": 24, "prod": 8.0, "target": 0, "value": 0.0084900333171, "supply": [{"l": "Potatoes", "v": 0.0084900333171}]}, {"source": 20, "prod": 63.0, "target": 25, "value": 0.1498297843996339, "supply": [{"l": "Oilcrops, Other", "v": 0.0339601332684}, {"l": "Coconuts - Incl Copra", "v": 0.046619379375147325}, {"l": "Palm kernels", "v": 0.06925027175608657}]}, {"source": 6, "prod": 32.0, "target": 25, "value": 0.12910463887160334, "supply": [{"l": "Treenuts", "v": 0.12910463887160334}]}, {"source": 14, "prod": 32.0, "target": 25, "value": 0.12910463887160334, "supply": [{"l": "Nuts", "v": 0.12910463887160334}]}, {"source": 9, "prod": 4.0, "target": 25, "value": 0.0020573586390387724, "supply": [{"l": "Beer", "v": 0.0020573586390387724}]}, {"source": 12, "prod": 112.0, "target": 25, "value": 0.094585384352891627, "supply": [{"l": "Pelagic Fish", "v": 0.047381246542401508}, {"l": "Fish, Seafood", "v": 0.043848393416379451}, {"l": "Marine Fish, Other", "v": 0.0033557443941106724}]}, {"source": 13, "prod": 44.0, "target": 25, "value": 0.18272028225932607, "supply": [{"l": "Sugar", "v": 0.18272028225932607}]}, {"source": 2, "prod": 42.0, "target": 25, "value": 0.15296468638371186, "supply": [{"l": "Maize", "v": 0.12943665835266008}, {"l": "Rice", "v": 0.0038707065724253504}, {"l": "Wheat", "v": 0.01965732145862642}]}, {"source": 15, "prod": 105.0, "target": 25, "value": 1.0763557878367789, "supply": [{"l": "Coconut Oil", "v": 0.21582558379785791}, {"l": "Oilcrops Oil, Other", "v": 0.14664603002263638}, {"l": "Palm Oil", "v": 0.54408350767428448}, {"l": "Palmkernel Oil", "v": 0.169800666342}]}, {"source": 17, "prod": 731.0, "target": 25, "value": 0.98025295787879774, "supply": [{"l": "Cocoa Beans", "v": 0.90164153827601989}, {"l": "Coffee", "v": 0.078611419602777788}]}, {"source": 19, "prod": 269.0, "target": 25, "value": 0.13615137292657725, "supply": [{"l": "Fruits, Other", "v": 0.0010701722668613445}, {"l": "Citrus, Other", "v": 0.0034866666600000002}, {"l": "Pineapples", "v": 0.058404591610922818}, {"l": "Bananas", "v": 0.073189942388793103}]}, {"source": 15, "prod": 3.0, "target": 26, "value": 0.030832226256836841, "supply": [{"l": "Coconut Oil", "v": 0.030832226256836841}]}, {"source": 27, "prod": 115.0, "target": 17, "value": 0.045201566271597222, "supply": [{"l": "Coffee", "v": 0.045201566271597222}]}, {"source": 2, "prod": 92.0, "target": 26, "value": 0.33754277213859907, "supply": [{"l": "Maize", "v": 0.25147693622802531}, {"l": "Millet", "v": 0.03510916033387218}, {"l": "Rice", "v": 0.034836359151828152}, {"l": "Sorghum", "v": 0.016120316424873417}]}, {"source": 17, "prod": 9.0, "target": 26, "value": 0.01528205997078, "supply": [{"l": "Cocoa Beans", "v": 0.01528205997078}]}, {"source": 27, "prod": 3.0, "target": 21, "value": 0.0424501665855, "supply": [{"l": "Palmkernel Oil", "v": 0.0424501665855}]}, {"source": 27, "prod": 2.0, "target": 19, "value": 0.0007122511172063758, "supply": [{"l": "Pineapples", "v": 0.0007122511172063758}]}, {"source": 27, "prod": 7.0, "target": 2, "value": 0.022072743662739897, "supply": [{"l": "Wheat", "v": 0.016381101215522019}, {"l": "Barley", "v": 0.0056916424472178784}]}, {"source": 1, "prod": 165.0, "target": 3, "value": 0.15435274985376862, "supply": [{"l": "Milk - Excluding Butter", "v": 0.15435274985376862}]}, {"source": 1, "prod": 11.0, "target": 18, "value": 0.014150055528500001, "supply": [{"l": "Eggs", "v": 0.016722792897318182}]}, {"source": 1, "prod": 207.0, "target": 5, "value": 0.33180274573510748, "supply": [{"l": "Pigmeat", "v": 0.031509402001608254}, {"l": "Bovine Meat", "v": 0.11309304342702467}, {"l": "Poultry Meat", "v": 0.029315361677878928}, {"l": "Offals, Edible", "v": 0.017226154556434784}, {"l": "Meat, Other", "v": 0.12448729203958944}, {"l": "Mutton & Goat Meat", "v": 0.016171492032571427}]}, {"source": 1, "prod": 408.0, "target": 12, "value": 0.33198012984565634, "supply": [{"l": "Pelagic Fish", "v": 0.11754193853788067}, {"l": "Crustaceans", "v": 0.0011171096469868424}, {"l": "Freshwater Fish", "v": 0.016899592384748818}, {"l": "Demersal Fish", "v": 0.012358909259069621}, {"l": "Fish, Seafood", "v": 0.15973343315966801}, {"l": "Marine Fish, Other", "v": 0.024329146857302374}]}, {"source": 21, "prod": 138.0, "target": 13, "value": 0.57153480496309983, "supply": [{"l": "Sweeteners, Other", "v": 0.010915757121985717}, {"l": "Sugar", "v": 0.56061904784111416}]}, {"source": 21, "prod": 254.0, "target": 15, "value": 2.5915034016720466, "supply": [{"l": "Coconut Oil", "v": 0.33915448882520527}, {"l": "Rape and Mustard Oil", "v": 0.029388576866884623}, {"l": "Cottonseed Oil", "v": 0.14222619915825641}, {"l": "Groundnut Oil", "v": 0.011320044422799999}, {"l": "Palm Oil", "v": 1.7143763355019905}, {"l": "Palmkernel Oil", "v": 0.169800666342}, {"l": "Oilcrops Oil, Other", "v": 0.18523709055490911}]}, {"source": 21, "prod": 3.0, "target": 11, "value": 0.026177602727725003, "supply": [{"l": "Fats, Animals, Raw", "v": 0.017687569410625003}, {"l": "Butter, Ghee", "v": 0.0084900333171}]}, {"source": 21, "prod": 391.0, "target": 9, "value": 0.21894545878161861, "supply": [{"l": "Beer", "v": 0.064292457469961636}, {"l": "Beverages, Alcoholic", "v": 0.0047166851761666672}, {"l": "Beverages, Fermented", "v": 0.10809475408885053}, {"l": "Wine", "v": 0.041841562046639788}]}, {"source": 20, "prod": 484.0, "target": 28, "value": 0.86969536699395722, "supply": [{"l": "Coconuts - Incl Copra", "v": 1.0878399979200002}, {"l": "Sesame seed", "v": 0.010459999979999999}, {"l": "Cottonseed", "v": 0.28067666612999997}, {"l": "Oilcrops, Other", "v": 0.040395236023845489}, {"l": "Soyabeans", "v": 0.0069733333200000004}, {"l": "Groundnuts", "v": 0.13423666641000001}, {"l": "Palm kernels", "v": 0.12028999977}]}, {"source": 8, "prod": 440.5, "target": 28, "value": 1.8541501462600556, "supply": [{"l": "Vegetables, Other", "v": 1.4347633305900003}, {"l": "Tomatoes", "v": 0.10111333314}]}, {"source": 10, "prod": 504.60000000000002, "target": 28, "value": 1.7593719966359997, "supply": [{"l": "Sugar cane", "v": 1.7593719966359997}]}, {"source": 0, "prod": 2141.25, "target": 28, "value": 7.6453892980099427, "supply": [{"l": "Yams", "v": 5.0085966570900009}, {"l": "Roots, Other", "v": 0.24580999952999999}, {"l": "Sweet potatoes", "v": 0.020919999960000001}, {"l": "Potatoes", "v": 0.0069733333199999996}, {"l": "Cassava", "v": 2.183524995825}]}, {"source": 7, "prod": 8.0, "target": 28, "value": 0.027893333280000002, "supply": [{"l": "Pulses, Other", "v": 0.027893333280000002}]}, {"source": 2, "prod": 2452.0, "target": 28, "value": 9.3441604632077837, "supply": [{"l": "Maize", "v": 3.6365933263799999}, {"l": "Barley", "v": 0.055553966195100002}, {"l": "Rice", "v": 3.6331066597199997}, {"l": "Wheat", "v": 0.75311999856}, {"l": "Sorghum", "v": 0.15689999969999999}, {"l": "Cereals, Other", "v": 0.069733333200000011}, {"l": "Millet", "v": 0.23360666622000004}]}, {"source": 29, "prod": 0, "target": 20, "value": 0.006930432438976215, "supply": "[{\"l\":'Energy for power irrigation',\"v\":0.006930432438976215}]"}, {"source": 29, "prod": 0, "target": 6, "value": 0.00031387040330035926, "supply": "[{\"l\":'Energy for power irrigation',\"v\":0.00031387040330035926}]"}, {"source": 29, "prod": 0, "target": 8, "value": 0.0023634173103215085, "supply": "[{\"l\":'Energy for power irrigation',\"v\":0.0023634173103215085}]"}, {"source": 29, "prod": 0, "target": 10, "value": 0.0067683335686051825, "supply": "[{\"l\":'Energy for power irrigation',\"v\":0.0067683335686051825}]"}, {"source": 29, "prod": 0, "target": 0, "value": 0.022976923113398093, "supply": "[{\"l\":'Energy for power irrigation',\"v\":0.022976923113398093}]"}, {"source": 29, "prod": 0, "target": 7, "value": 4.2922448314579043e-05, "supply": "[{\"l\":'Energy for power irrigation',\"v\":4.2922448314579043e-05}]"}, {"source": 29, "prod": 0, "target": 14, "value": 0.00031387040330035926, "supply": "[{\"l\":'Energy for power irrigation',\"v\":0.00031387040330035926}]"}, {"source": 29, "prod": 0, "target": 2, "value": 0.0065778652042092385, "supply": "[{\"l\":'Energy for power irrigation',\"v\":0.0065778652042092385}]"}, {"source": 29, "prod": 0, "target": 16, "value": 7.7796937570174518e-05, "supply": "[{\"l\":'Energy for power irrigation',\"v\":7.7796937570174518e-05}]"}, {"source": 29, "prod": 0, "target": 17, "value": 0.0037959540228205838, "supply": "[{\"l\":'Energy for power irrigation',\"v\":0.0037959540228205838}]"}, {"source": 29, "prod": 0, "target": 19, "value": 0.007951383550275767, "supply": "[{\"l\":'Energy for power irrigation',\"v\":0.007951383550275767}]"}, {"source": 29, "prod": 0, "target": 21, "value": 0.018000000014399997, "supply": "[{\"l\":'Electricity',\"v\":0.018000000014399997}]"}, {"source": 30, "prod": 0, "target": 29, "value": 0.1503564594244258, "supply": [{"l": "Coal", "v": 0.0}, {"l": "Natural gas", "v": 0.0}, {"l": "Oil", "v": 0.1503564594244258}]}, {"source": 31, "prod": 0, "target": 29, "value": 0.018977314834210248, "supply": [{"l": "Nuclear", "v": 0.0}, {"l": "Hydroelectric", "v": 0.018977314834210248}, {"l": "Renewable", "v": 0.0}]}, {"source": 30, "prod": 0, "target": 20, "value": 0.078607888857249952, "supply": [{"l": "Gas-Diesel oil", "v": 0.066950307301578874}, {"l": "Other fossil fuels", "v": 0.011657581555671077}]}, {"source": 30, "prod": 0, "target": 6, "value": 0.0035600505445313284, "supply": [{"l": "Gas-Diesel oil", "v": 0.0030320936159264769}, {"l": "Other fossil fuels", "v": 0.00052795692860485121}]}, {"source": 30, "prod": 0, "target": 8, "value": 0.026806876322496585, "supply": [{"l": "Gas-Diesel oil", "v": 0.022831405774625869}, {"l": "Other fossil fuels", "v": 0.0039754705478707176}]}, {"source": 30, "prod": 0, "target": 10, "value": 0.076769295075662755, "supply": [{"l": "Gas-Diesel oil", "v": 0.065384377717799161}, {"l": "Other fossil fuels", "v": 0.011384917357863587}]}, {"source": 30, "prod": 0, "target": 0, "value": 0.26061395652915237, "supply": [{"l": "Gas-Diesel oil", "v": 0.22196480188384851}, {"l": "Other fossil fuels", "v": 0.03864915464530385}]}, {"source": 30, "prod": 0, "target": 7, "value": 0.00048684451891026719, "supply": [{"l": "Gas-Diesel oil", "v": 0.00041464528081045843}, {"l": "Other fossil fuels", "v": 7.2199238099808727e-05}]}, {"source": 30, "prod": 0, "target": 14, "value": 0.0035600505445313284, "supply": [{"l": "Gas-Diesel oil", "v": 0.0030320936159264769}, {"l": "Other fossil fuels", "v": 0.00052795692860485121}]}, {"source": 30, "prod": 0, "target": 2, "value": 0.074608922522998444, "supply": [{"l": "Gas-Diesel oil", "v": 0.063544389284202751}, {"l": "Other fossil fuels", "v": 0.011064533238795686}]}, {"source": 30, "prod": 0, "target": 16, "value": 0.00088240569052485914, "supply": [{"l": "Gas-Diesel oil", "v": 0.00075154457146895586}, {"l": "Other fossil fuels", "v": 0.00013086111905590331}]}, {"source": 30, "prod": 0, "target": 17, "value": 0.043055312141126748, "supply": [{"l": "Gas-Diesel oil", "v": 0.036670192021674916}, {"l": "Other fossil fuels", "v": 0.0063851201194518332}]}, {"source": 30, "prod": 0, "target": 19, "value": 0.090187947128126986, "supply": [{"l": "Gas-Diesel oil", "v": 0.076813038270137413}, {"l": "Other fossil fuels", "v": 0.013374908857989564}]}, {"source": 32, "prod": 4.9492211295665429, "target": 20, "value": 0.035061455216913187, "supply": [{"l": "Potash", "v": 0.056405555600679995}, {"l": "Phosphate", "v": 0.03577083336195}, {"l": "Nitrogen", "v": 0.20181944460589996}]}, {"source": 32, "prod": 0.22414388216576939, "target": 6, "value": 0.0015878883729304031, "supply": [{"l": "Potash", "v": 0.056405555600679995}, {"l": "Phosphate", "v": 0.03577083336195}, {"l": "Nitrogen", "v": 0.20181944460589996}]}, {"source": 32, "prod": 1.6877842751114773, "target": 8, "value": 0.011956663731210985, "supply": [{"l": "Potash", "v": 0.056405555600679995}, {"l": "Phosphate", "v": 0.03577083336195}, {"l": "Nitrogen", "v": 0.20181944460589996}]}, {"source": 32, "prod": 4.8334616641387704, "target": 10, "value": 0.034241387734217157, "supply": [{"l": "Potash", "v": 0.056405555600679995}, {"l": "Phosphate", "v": 0.03577083336195}, {"l": "Nitrogen", "v": 0.20181944460589996}]}, {"source": 32, "prod": 16.408481630340297, "target": 0, "value": 0.11624157191580259, "supply": [{"l": "Potash", "v": 0.056405555600679995}, {"l": "Phosphate", "v": 0.03577083336195}, {"l": "Nitrogen", "v": 0.20181944460589996}]}, {"source": 32, "prod": 0.030652154826088122, "target": 7, "value": 0.00021714712792210645, "supply": [{"l": "Potash", "v": 0.056405555600679995}, {"l": "Phosphate", "v": 0.03577083336195}, {"l": "Nitrogen", "v": 0.20181944460589996}]}, {"source": 32, "prod": 0.22414388216576939, "target": 14, "value": 0.0015878883729304031, "supply": [{"l": "Potash", "v": 0.056405555600679995}, {"l": "Phosphate", "v": 0.03577083336195}, {"l": "Nitrogen", "v": 0.20181944460589996}]}, {"source": 32, "prod": 4.6974427270980046, "target": 2, "value": 0.033277797354062812, "supply": [{"l": "Potash", "v": 0.056405555600679995}, {"l": "Phosphate", "v": 0.03577083336195}, {"l": "Nitrogen", "v": 0.20181944460589996}]}, {"source": 32, "prod": 0.055557030622284717, "target": 16, "value": 0.0003935791693588179, "supply": [{"l": "Potash", "v": 0.056405555600679995}, {"l": "Phosphate", "v": 0.03577083336195}, {"l": "Nitrogen", "v": 0.20181944460589996}]}, {"source": 32, "prod": 2.710799942432168, "target": 17, "value": 0.019203949125611287, "supply": [{"l": "Potash", "v": 0.056405555600679995}, {"l": "Phosphate", "v": 0.03577083336195}, {"l": "Nitrogen", "v": 0.20181944460589996}]}, {"source": 32, "prod": 5.6783116815328238, "target": 19, "value": 0.040226505447570213, "supply": [{"l": "Potash", "v": 0.056405555600679995}, {"l": "Phosphate", "v": 0.03577083336195}, {"l": "Nitrogen", "v": 0.20181944460589996}]}, {"source": 30, "prod": 0, "target": 32, "value": 0.40357118834133832, "supply": [{"l": "Natural gas (including LNG)", "v": 0.25469323556528251}, {"l": "Fuel oil", "v": 0.11320209010627219}, {"l": "Liquefied petroleum gas (LPG)", "v": 0.017837931334891814}, {"l": "Coal", "v": 0.017837931334891814}]}, {"source": 33, "prod": 0, "target": 6, "value": 0.0093633417638667726, "supply": "[{\"l\":'Labor',\"v\":0.0093633417638667726}]"}, {"source": 33, "prod": 0, "target": 8, "value": 0.070505163196295961, "supply": "[{\"l\":'Labor',\"v\":0.070505163196295961}]"}, {"source": 33, "prod": 0, "target": 14, "value": 0.0093633417638667726, "supply": "[{\"l\":'Labor',\"v\":0.0093633417638667726}]"}, {"source": 33, "prod": 0, "target": 10, "value": 0.20191206213876811, "supply": "[{\"l\":'Labor',\"v\":0.20191206213876811}]"}, {"source": 33, "prod": 0, "target": 0, "value": 0.6854446342522984, "supply": "[{\"l\":'Labor',\"v\":0.6854446342522984}]"}, {"source": 33, "prod": 0, "target": 7, "value": 0.0012804569933493025, "supply": "[{\"l\":'Labor',\"v\":0.0012804569933493025}]"}, {"source": 33, "prod": 0, "target": 2, "value": 0.19623003423078059, "supply": "[{\"l\":'Labor',\"v\":0.19623003423078059}]"}, {"source": 33, "prod": 0, "target": 16, "value": 0.0023208283004456107, "supply": "[{\"l\":'Labor',\"v\":0.0023208283004456107}]"}, {"source": 33, "prod": 0, "target": 17, "value": 0.11324041534932892, "supply": "[{\"l\":'Labor',\"v\":0.11324041534932892}]"}, {"source": 33, "prod": 0, "target": 19, "value": 0.23720465801795826, "supply": "[{\"l\":'Labor',\"v\":0.23720465801795826}]"}, {"source": 33, "prod": 0, "target": 20, "value": 0.20674777492615146, "supply": "[{\"l\":'Labor',\"v\":0.20674777492615146}]"}, {"source": 30, "prod": 0, "target": 24, "value": 0.5644217749060233, "supply": "[{\"l\":'Fossil Fuels',\"v\":0.5644217749060233}]"}, {"source": 31, "prod": 0, "target": 24, "value": 1.5884705318281878, "supply": "[{\"l\":'Renewables & Nuclear',\"v\":0.019618139072329246},{\"l\":'Biomass & Waste',\"v\":1.5688523927558584}]"}]}