{"nodes": [{"layer": 5, "name": "Fruits, Roots & Vegetables", "fill": "#98df8a"}, {"layer": 10, "name": "Feed", "fill": "#dbdb8d"}, {"layer": 5, "name": "Cereals", "fill": "#e7ba52"}, {"layer": 13, "name": "Other Processed", "fill": "#9c9ede"}, {"layer": 16, "name": "Food", "fill": "#b5cf6b"}, {"layer": 13, "name": "Animal Products", "fill": "#17becf"}, {"layer": 5, "name": "Oilcrops", "fill": "#ff9896"}, {"layer": 13, "name": "Sugar", "fill": "#d6616b"}, {"layer": 13, "name": "Aquatic Products", "fill": "#1f77b4"}, {"layer": 13, "name": "Vegetable Oils", "fill": "#f7b6d2"}, {"layer": 10, "name": "Processing", "fill": "#9edae5"}, {"layer": 16, "name": "Biofuels & Other", "fill": "#e7ba52"}, {"name": "Waste", "fill": "#c7c7c7"}, {"layer": 2, "name": "Import", "fill": "#aec7e8"}, {"layer": 16, "name": "Export", "fill": "#aec7e8"}, {"layer": 0, "name": "Stock Draw", "fill": "#c7c7c7"}, {"layer": 16, "name": "Stock Deposit", "fill": "#c7c7c7"}, {"layer": 2, "name": "Electricity", "fill": "#bcbd22"}, {"layer": 0, "name": "Fossil Fuels", "fill": "#c49c94"}, {"layer": 0, "name": "Renewables & Nuclear", "fill": "#2ca02c"}, {"layer": 2, "name": "Fertilizers", "fill": "#c5b0d5"}, {"layer": 0, "name": "Labor", "fill": "#7f7f7f"}], "links": [{"source": 0, "prod": 89.0, "target": 1, "value": 0.1065974235550097, "supply": [{"l": "Yams", "v": 0.072112671598946784}, {"l": "Cassava", "v": 0.034484751956062924}]}, {"source": 2, "prod": 25.0, "target": 1, "value": 0.092421533857319813, "supply": [{"l": "Maize", "v": 0.092421533857319813}]}, {"source": 3, "prod": 94.0, "target": 4, "value": 0.087736590860835989, "supply": [{"l": "Beer", "v": 0.011312861653496193}, {"l": "Beverages, Alcoholic", "v": 0.0059232790584418608}, {"l": "Butter, Ghee", "v": 0.0169800666342}, {"l": "Fats, Animals, Raw", "v": 0.019976548981411768}, {"l": "Wine", "v": 0.018112071076480003}, {"l": "Beverages, Fermented", "v": 0.01543176345680616}]}, {"source": 5, "prod": 187.0, "target": 4, "value": 0.28039961701258431, "supply": [{"l": "Meat, Other", "v": 0.080107572427475821}, {"l": "Eggs", "v": 0.002572737368818182}, {"l": "Mutton & Goat Meat", "v": 0.013563958553946747}, {"l": "Pigmeat", "v": 0.018258136165806453}, {"l": "Milk - Excluding Butter", "v": 0.05532069581621011}, {"l": "Bovine Meat", "v": 0.088668755269973906}, {"l": "Poultry Meat", "v": 0.0089368771758947391}, {"l": "Offals, Edible", "v": 0.012970884234458335}]}, {"source": 2, "prod": 522.0, "target": 4, "value": 1.9325580126661301, "supply": [{"l": "Maize", "v": 0.64695073700123884}, {"l": "Rice", "v": 0.9123204530737492}, {"l": "Cereals, Other", "v": 0.007796969372846939}, {"l": "Wheat", "v": 0.25918692709737773}, {"l": "Sorghum", "v": 0.03442962819837788}, {"l": "Millet", "v": 0.071873297922539686}]}, {"source": 6, "prod": 34.0, "target": 4, "value": 0.15401132986314336, "supply": [{"l": "Coconuts - Incl Copra", "v": 0.011112609053795812}, {"l": "Sesame seed", "v": 0.01369360212435484}, {"l": "Groundnuts", "v": 0.12920511868499271}]}, {"source": 0, "prod": 2517.0, "target": 4, "value": 2.9956950353841556, "supply": [{"l": "Roots, Other", "v": 0.12666807745772241}, {"l": "Plantains", "v": 0.53850090354025415}, {"l": "Nuts", "v": 0.15703110403579271}, {"l": "Yams", "v": 1.1910221889890567}, {"l": "Citrus, Other", "v": 0.0034866666600000002}, {"l": "Tomatoes", "v": 0.0022606597589911238}, {"l": "Treenuts", "v": 0.15703110403579271}, {"l": "Vegetables, Other", "v": 0.073428395496764137}, {"l": "Pimento", "v": 0.040885183485573739}, {"l": "Potatoes", "v": 0.0045159751686702125}, {"l": "Pulses, Other", "v": 0.02394624781746154}, {"l": "Pineapples", "v": 0.011285320360153374}, {"l": "Bananas", "v": 0.0064318434220454546}, {"l": "Fruits, Other", "v": 0.0090640925093594307}, {"l": "Sweet potatoes", "v": 0.020226255843679413}, {"l": "Grapefruit", "v": 0.0058111111000000003}, {"l": "Oranges, Mandarines", "v": 0.0021658248257908162}, {"l": "Cassava", "v": 0.62072553520913265}, {"l": "Apples", "v": 0.0012085456679145907}]}, {"source": 7, "prod": 45.0, "target": 4, "value": 0.1885565566312456, "supply": [{"l": "Sugar", "v": 0.1885565566312456}]}, {"source": 8, "prod": 176.0, "target": 4, "value": 0.14302068309011756, "supply": [{"l": "Crustaceans", "v": 0.0018866740704666664}, {"l": "Marine Fish, Other", "v": 0.0092465709394158428}, {"l": "Demersal Fish", "v": 0.0091784143968648649}, {"l": "Freshwater Fish", "v": 0.013405315763842107}, {"l": "Pelagic Fish", "v": 0.037808690512370159}, {"l": "Fish, Seafood", "v": 0.071495017407157899}]}, {"source": 9, "prod": 37.0, "target": 4, "value": 0.37928202772824332, "supply": [{"l": "Groundnut Oil", "v": 0.040656497574845074}, {"l": "Palm Oil", "v": 0.28888165312729869}, {"l": "Coconut Oil", "v": 0.031837624939125002}, {"l": "Oilcrops Oil, Other", "v": 0.007718212106454546}, {"l": "Palmkernel Oil", "v": 0.010188039980520001}]}, {"source": 0, "prod": 16.0, "target": 10, "value": 0.016408383755474491, "supply": [{"l": "Citrus, Other", "v": 0.015108888860000001}, {"l": "Oranges, Mandarines", "v": 0.0012994948954744897}]}, {"source": 2, "prod": 13.0, "target": 10, "value": 0.044258820299669183, "supply": [{"l": "Barley", "v": 0.011915836234526318}, {"l": "Millet", "v": 0.032342984065142862}]}, {"source": 6, "prod": 282.04267161410019, "target": 10, "value": 1.1135356564729098, "supply": [{"l": "Coconuts - Incl Copra", "v": 0.034449088066767018}, {"l": "Palm kernels", "v": 0.017618879820680822}, {"l": "Groundnuts", "v": 0.017618879820680822}, {"l": "Oilcrops, Other", "v": 0.012128619024428572}, {"l": "Oil Palm", "v": 1.0317201897403525}]}, {"source": 0, "prod": 79.0, "target": 11, "value": 0.02818120302734874, "supply": [{"l": "Coffee", "v": 0.02818120302734874}]}, {"source": 9, "prod": 10.0, "target": 11, "value": 0.10057302918308628, "supply": [{"l": "Palm Oil", "v": 0.092854817076631735}, {"l": "Oilcrops Oil, Other", "v": 0.007718212106454546}]}, {"source": 0, "prod": 347.0, "target": 0, "value": 0.40046031101794344, "supply": [{"l": "Roots, Other", "v": 0.035905911720299263}, {"l": "Pulses, Other", "v": 0.0039910413029102566}, {"l": "Yams", "v": 0.36056335799473394}]}, {"source": 5, "prod": 1.0, "target": 5, "value": 0.001286368684409091, "supply": [{"l": "Eggs", "v": 0.001286368684409091}]}, {"source": 2, "prod": 35.0, "target": 2, "value": 0.13331227427688672, "supply": [{"l": "Maize", "v": 0.044362336251513514}, {"l": "Rice", "v": 0.0822263069293937}, {"l": "Sorghum", "v": 0.0031299661998525339}, {"l": "Millet", "v": 0.0035936648961269846}]}, {"source": 6, "prod": 5.0, "target": 6, "value": 0.029364799701134706, "supply": [{"l": "Groundnuts", "v": 0.017618879820680822}, {"l": "Cottonseed", "v": 0.011745919880453884}]}, {"source": 0, "prod": 416.0, "target": 12, "value": 0.45317590741846631, "supply": [{"l": "Roots, Other", "v": 0.017952955860149632}, {"l": "Cocoa Beans", "v": 0.016508398116583337}, {"l": "Plantains", "v": 0.13462522588506354}, {"l": "Fruits, Other", "v": 0.0012085456679145907}, {"l": "Yams", "v": 0.18028167899736697}, {"l": "Citrus, Other", "v": 0.0034866666600000002}, {"l": "Nuts", "v": 0.012079315695060979}, {"l": "Pineapples", "v": 0.0056426601800766869}, {"l": "Bananas", "v": 0.018009161581727273}, {"l": "Treenuts", "v": 0.012079315695060979}, {"l": "Vegetables, Other", "v": 0.0087938198199717516}, {"l": "Sweet potatoes", "v": 0.0033710426406132355}, {"l": "Tomatoes", "v": 0.00050236883533136094}, {"l": "Oranges, Mandarines", "v": 0.00043316496515816323}, {"l": "Pimento", "v": 0.0037168348623248847}, {"l": "Cassava", "v": 0.034484751956062924}]}, {"source": 2, "prod": 82.0, "target": 12, "value": 0.30767967164863991, "supply": [{"l": "Maize", "v": 0.15526817688029732}, {"l": "Rice", "v": 0.12529722960669518}, {"l": "Sorghum", "v": 0.0062599323997050678}, {"l": "Wheat", "v": 0.006479673177434443}, {"l": "Millet", "v": 0.014374659584507938}]}, {"source": 6, "prod": 3.0, "target": 12, "value": 0.017618879820680822, "supply": [{"l": "Groundnuts", "v": 0.017618879820680822}]}, {"source": 13, "prod": 89.0, "target": 10, "value": 0.30723336470915458, "supply": [{"l": "Sugar", "v": 0.23464815936332784}, {"l": "Beer", "v": 0.0010774153955710661}, {"l": "Groundnut Oil", "v": 0.030492373181133802}, {"l": "Beverages, Alcoholic", "v": 0.0059232790584418608}, {"l": "Butter, Ghee", "v": 0.0169800666342}, {"l": "Wine", "v": 0.018112071076480003}]}, {"source": 13, "prod": 201.0, "target": 2, "value": 0.71074792779305351, "supply": [{"l": "Maize", "v": 0.018484306771463968}, {"l": "Barley", "v": 0.017873754351789478}, {"l": "Rice", "v": 0.3445673814184117}, {"l": "Cereals, Other", "v": 0.0025989897909489794}, {"l": "Wheat", "v": 0.32722349546043938}]}, {"source": 13, "prod": 25.0, "target": 0, "value": 0.015540999149457236, "supply": [{"l": "Potatoes", "v": 0.0054191702024042557}, {"l": "Citrus, Other", "v": 0.0023244444400000001}, {"l": "Vegetables, Other", "v": 0.0061556738739802263}, {"l": "Oranges, Mandarines", "v": 0.00043316496515816323}, {"l": "Apples", "v": 0.0012085456679145907}]}, {"source": 13, "prod": 103.0, "target": 1, "value": 0.10012969456427678, "supply": [{"l": "Freshwater Fish", "v": 0.01025112381940867}, {"l": "Milk - Excluding Butter", "v": 0.04854673306320479}, {"l": "Fish, Seafood", "v": 0.023560858009177035}, {"l": "Pelagic Fish", "v": 0.0049315683277004561}, {"l": "Bovine Meat", "v": 0.004433437763498695}, {"l": "Marine Fish, Other", "v": 0.0084059735812871302}]}, {"source": 3, "prod": 1.0, "target": 14, "value": 0.00053870769778553305, "supply": [{"l": "Beer", "v": 0.00053870769778553305}]}, {"source": 5, "prod": 1.0, "target": 14, "value": 0.0011289937921675534, "supply": [{"l": "Milk - Excluding Butter", "v": 0.0011289937921675534}]}, {"source": 6, "prod": 46.0, "target": 14, "value": 0.21796881743910571, "supply": [{"l": "Coconuts - Incl Copra", "v": 0.012223869959175394}, {"l": "Cottonseed", "v": 0.093967359043631071}, {"l": "Oilcrops, Other", "v": 0.0060643095122142861}, {"l": "Palm kernels", "v": 0.10571327892408496}]}, {"source": 0, "prod": 657.0, "target": 14, "value": 0.81329815453939658, "supply": [{"l": "Treenuts", "v": 0.088581648430447177}, {"l": "Coffee", "v": 0.070988093701802535}, {"l": "Pineapples", "v": 0.036894316562039876}, {"l": "Bananas", "v": 0.090045807908636366}, {"l": "Potatoes", "v": 0.00090319503373404266}, {"l": "Vegetables, Other", "v": 0.00043969099099858757}, {"l": "Nuts", "v": 0.088581648430447177}, {"l": "Citrus, Other", "v": 0.0023244444400000001}, {"l": "Fruits, Other", "v": 0.00060427283395729536}, {"l": "Cocoa Beans", "v": 0.43393503620733342}]}, {"source": 8, "prod": 10.0, "target": 14, "value": 0.0081718571712176835, "supply": [{"l": "Fish, Seafood", "v": 0.0040622168981339713}, {"l": "Pelagic Fish", "v": 0.0041096402730837131}]}, {"source": 9, "prod": 22.0, "target": 14, "value": 0.20648186316425721, "supply": [{"l": "Coconut Oil", "v": 0.010612541646375}, {"l": "Palm Oil", "v": 0.13412362466624583}, {"l": "Oilcrops Oil, Other", "v": 0.061745696851636368}]}, {"source": 15, "prod": 12.0, "target": 0, "value": 0.028300111057000001, "supply": [{"l": "Cocoa Beans", "v": 0.028300111057000001}]}, {"source": 2, "prod": 33.0, "target": 16, "value": 0.11450127440540106, "supply": [{"l": "Wheat", "v": 0.061556895185627208}, {"l": "Barley", "v": 0.0059579181172631588}, {"l": "Rice", "v": 0.046986461102510688}]}, {"source": 0, "prod": 1.0, "target": 16, "value": 0.00035672408895378151, "supply": [{"l": "Coffee", "v": 0.00035672408895378151}]}, {"source": 6, "prod": 2.0, "target": 16, "value": 0.011745919880453884, "supply": [{"l": "Cottonseed", "v": 0.011745919880453884}]}, {"source": 7, "prod": 11.0, "target": 16, "value": 0.046091602732082258, "supply": [{"l": "Sugar", "v": 0.046091602732082258}]}, {"source": 15, "prod": 22.0, "target": 2, "value": 0.080454465265503761, "supply": [{"l": "Maize", "v": 0.066543504377270274}, {"l": "Sorghum", "v": 0.0031299661998525339}, {"l": "Millet", "v": 0.010780994688380953}]}, {"source": 1, "prod": 186.0, "target": 8, "value": 0.15119254026133525, "supply": [{"l": "Pelagic Fish", "v": 0.041918330785453872}, {"l": "Crustaceans", "v": 0.0018866740704666664}, {"l": "Freshwater Fish", "v": 0.013405315763842107}, {"l": "Demersal Fish", "v": 0.0091784143968648649}, {"l": "Fish, Seafood", "v": 0.075557234305291876}, {"l": "Marine Fish, Other", "v": 0.0092465709394158428}]}, {"source": 1, "prod": 188.0, "target": 5, "value": 0.28152861080475189, "supply": [{"l": "Poultry Meat", "v": 0.0089368771758947391}, {"l": "Pigmeat", "v": 0.018258136165806453}, {"l": "Bovine Meat", "v": 0.088668755269973906}, {"l": "Eggs", "v": 0.003859106053227273}, {"l": "Milk - Excluding Butter", "v": 0.056449689608377665}, {"l": "Offals, Edible", "v": 0.012970884234458335}, {"l": "Meat, Other", "v": 0.080107572427475821}, {"l": "Mutton & Goat Meat", "v": 0.013563958553946747}]}, {"source": 10, "prod": 95.0, "target": 3, "value": 0.088275298558621526, "supply": [{"l": "Fats, Animals, Raw", "v": 0.019976548981411768}, {"l": "Beverages, Fermented", "v": 0.01543176345680616}, {"l": "Beer", "v": 0.011851569351281727}, {"l": "Beverages, Alcoholic", "v": 0.0059232790584418608}, {"l": "Butter, Ghee", "v": 0.0169800666342}, {"l": "Wine", "v": 0.018112071076480003}]}, {"source": 10, "prod": 69.0, "target": 9, "value": 0.68633692007558678, "supply": [{"l": "Palm Oil", "v": 0.51586009487017626}, {"l": "Palmkernel Oil", "v": 0.010188039980520001}, {"l": "Coconut Oil", "v": 0.0424501665855}, {"l": "Groundnut Oil", "v": 0.040656497574845074}, {"l": "Oilcrops Oil, Other", "v": 0.077182121064545459}]}, {"source": 10, "prod": 56.0, "target": 7, "value": 0.23464815936332786, "supply": [{"l": "Sugar", "v": 0.23464815936332786}]}, {"source": 17, "prod": 0, "target": 0, "value": 0.0099998684263645568, "supply": "[{\"l\":'Energy for power irrigation',\"v\":0.0099998684263645568}]"}, {"source": 17, "prod": 0, "target": 2, "value": 0.001458669571820421, "supply": "[{\"l\":'Energy for power irrigation',\"v\":0.001458669571820421}]"}, {"source": 17, "prod": 0, "target": 6, "value": 0.00090430852954126071, "supply": "[{\"l\":'Energy for power irrigation',\"v\":0.00090430852954126071}]"}, {"source": 17, "prod": 0, "target": 10, "value": 0.0040000000031999994, "supply": "[{\"l\":'Electricity',\"v\":0.0040000000031999994}]"}, {"source": 18, "prod": 0, "target": 17, "value": 0.031950044910230721, "supply": [{"l": "Coal", "v": 0.0}, {"l": "Natural gas", "v": 0.0}, {"l": "Oil", "v": 0.031950044910230721}]}, {"source": 19, "prod": 0, "target": 17, "value": 0.0042218294650385648, "supply": [{"l": "Nuclear", "v": 0.0}, {"l": "Hydroelectric", "v": 0.0042218294650385648}, {"l": "Renewable", "v": 0.0}]}, {"source": 18, "prod": 0, "target": 0, "value": 0.4540875773886533, "supply": [{"l": "Gas-Diesel oil", "v": 0.4540875773886533}]}, {"source": 18, "prod": 0, "target": 2, "value": 0.066237244715356816, "supply": [{"l": "Gas-Diesel oil", "v": 0.066237244715356816}]}, {"source": 18, "prod": 0, "target": 6, "value": 0.041064067233989851, "supply": [{"l": "Gas-Diesel oil", "v": 0.041064067233989851}]}, {"source": 20, "prod": 16.560693016953842, "target": 0, "value": 0.1240442381724904, "supply": [{"l": "Potash", "v": 0.030366700024293359}, {"l": "Phosphate", "v": 0.010520833341749998}, {"l": "Nitrogen", "v": 0.11246847231219698}]}, {"source": 20, "prod": 2.4156896833163231, "target": 2, "value": 0.018094193650069583, "supply": [{"l": "Potash", "v": 0.030366700024293359}, {"l": "Phosphate", "v": 0.010520833341749998}, {"l": "Nitrogen", "v": 0.11246847231219698}]}, {"source": 20, "prod": 1.497617299729838, "target": 6, "value": 0.011217573855680375, "supply": [{"l": "Potash", "v": 0.030366700024293359}, {"l": "Phosphate", "v": 0.010520833341749998}, {"l": "Nitrogen", "v": 0.11246847231219698}]}, {"source": 18, "prod": 0, "target": 20, "value": 0.21190115108608132, "supply": [{"l": "Natural gas (including LNG)", "v": 0.1327775879445369}, {"l": "Fuel oil", "v": 0.059242377853746808}, {"l": "Liquefied petroleum gas (LPG)", "v": 0.0099405926438988022}, {"l": "Coal", "v": 0.0099405926438988022}]}, {"source": 21, "prod": 0, "target": 2, "value": 0.10566192635077309, "supply": "[{\"l\":'Labor',\"v\":0.10566192635077309}]"}, {"source": 21, "prod": 0, "target": 6, "value": 0.065505569659286778, "supply": "[{\"l\":'Labor',\"v\":0.065505569659286778}]"}, {"source": 21, "prod": 0, "target": 0, "value": 0.72436237897614364, "supply": "[{\"l\":'Labor',\"v\":0.72436237897614364}]"}, {"source": 18, "prod": 0, "target": 13, "value": 0.53325481307783862, "supply": "[{\"l\":'Fossil Fuels',\"v\":0.53325481307783862}]"}, {"source": 19, "prod": 0, "target": 13, "value": 1.0275441027580743, "supply": "[{\"l\":'Renewables & Nuclear',\"v\":0.0092082311649020459},{\"l\":'Biomass & Waste',\"v\":1.0183358715931723}]"}]}