{"nodes": [{"layer": 5, "name": "Starchy Roots"}, {"layer": 10, "name": "Feed", "fill": "#dbdb8d"}, {"layer": 5, "name": "Cereals - Excluding Beer"}, {"layer": 13, "name": "Milk - Excluding Butter"}, {"layer": 16, "name": "Food", "fill": "#b5cf6b"}, {"layer": 13, "name": "Meat"}, {"layer": 5, "name": "Treenuts"}, {"layer": 5, "name": "Pulses"}, {"layer": 5, "name": "Vegetables"}, {"layer": 13, "name": "Alcoholic Beverages"}, {"layer": 13, "name": "Animal Fats"}, {"layer": 13, "name": "Fish, Seafood"}, {"layer": 13, "name": "Sugar & Sweeteners"}, {"layer": 5, "name": "Others"}, {"layer": 13, "name": "Vegetable Oils", "fill": "#f7b6d2"}, {"layer": 5, "name": "Spices"}, {"layer": 5, "name": "Stimulants"}, {"layer": 13, "name": "Eggs"}, {"layer": 5, "name": "Fruits - Excluding Wine"}, {"layer": 5, "name": "Oilcrops", "fill": "#ff9896"}, {"layer": 10, "name": "Processing", "fill": "#9edae5"}, {"layer": 16, "name": "Biofuels & Other", "fill": "#e7ba52"}, {"name": "Waste", "fill": "#c7c7c7"}, {"layer": 2, "name": "Import", "fill": "#aec7e8"}, {"layer": 16, "name": "Export", "fill": "#aec7e8"}, {"layer": 0, "name": "Stock Draw", "fill": "#c7c7c7"}, {"layer": 16, "name": "Stock Deposit", "fill": "#c7c7c7"}, {"layer": 2, "name": "Electricity", "fill": "#bcbd22"}, {"layer": 0, "name": "Fossil Fuels", "fill": "#c49c94"}, {"layer": 0, "name": "Renewables & Nuclear", "fill": "#2ca02c"}, {"layer": 2, "name": "Fertilizers", "fill": "#c5b0d5"}, {"layer": 0, "name": "Labor", "fill": "#7f7f7f"}], "links": [{"source": 0, "prod": 90.0, "target": 1, "value": 0.10784680225985288, "supply": [{"l": "Yams", "v": 0.072057007009791577}, {"l": "Cassava", "v": 0.035789795250061297}]}, {"source": 2, "prod": 28.0, "target": 1, "value": 0.10354522250269031, "supply": [{"l": "Maize", "v": 0.10354522250269031}]}, {"source": 3, "prod": 50.0, "target": 4, "value": 0.056101541742951538, "supply": [{"l": "Milk - Excluding Butter", "v": 0.056101541742951538}]}, {"source": 5, "prod": 145.0, "target": 4, "value": 0.2383689361979314, "supply": [{"l": "Meat, Other", "v": 0.086164523084988259}, {"l": "Mutton & Goat Meat", "v": 0.013484170562452942}, {"l": "Pigmeat", "v": 0.018659413883736261}, {"l": "Bovine Meat", "v": 0.094974167119589475}, {"l": "Poultry Meat", "v": 0.0090964642683214296}, {"l": "Offals, Edible", "v": 0.015990197278843047}]}, {"source": 6, "prod": 35.0, "target": 4, "value": 0.14161110259381643, "supply": [{"l": "Treenuts", "v": 0.14161110259381643}]}, {"source": 7, "prod": 5.0, "target": 4, "value": 0.019295530266136361, "supply": [{"l": "Pulses, Other", "v": 0.019295530266136361}]}, {"source": 8, "prod": 186.0, "target": 4, "value": 0.081420945319287341, "supply": [{"l": "Tomatoes", "v": 0.0023295823126189023}, {"l": "Vegetables, Other", "v": 0.079091363006668441}]}, {"source": 9, "prod": 109.0, "target": 4, "value": 0.061652331572349686, "supply": [{"l": "Beer", "v": 0.016113460362598083}, {"l": "Beverages, Alcoholic", "v": 0.0040428730081428577}, {"l": "Wine", "v": 0.027641968939395349}, {"l": "Beverages, Fermented", "v": 0.01385402926221339}]}, {"source": 10, "prod": 4.0, "target": 4, "value": 0.036885270797821015, "supply": [{"l": "Fats, Animals, Raw", "v": 0.019405790439085718}, {"l": "Butter, Ghee", "v": 0.017479480358735297}]}, {"source": 0, "prod": 1691.0, "target": 4, "value": 2.0023229818415795, "supply": [{"l": "Roots, Other", "v": 0.13247409929046122}, {"l": "Yams", "v": 1.1924272450330025}, {"l": "Potatoes", "v": 0.0043763058335567016}, {"l": "Sweet potatoes", "v": 0.021159775344156927}, {"l": "Cassava", "v": 0.65188555634040213}]}, {"source": 11, "prod": 205.0, "target": 4, "value": 0.17164001030718629, "supply": [{"l": "Crustaceans", "v": 0.0015722283920555555}, {"l": "Marine Fish, Other", "v": 0.011357904103143815}, {"l": "Demersal Fish", "v": 0.0068376107251812094}, {"l": "Freshwater Fish", "v": 0.011838691876434264}, {"l": "Pelagic Fish", "v": 0.053475209850638687}, {"l": "Fish, Seafood", "v": 0.086558365359732742}]}, {"source": 12, "prod": 46.0, "target": 4, "value": 0.19150873123489251, "supply": [{"l": "Sugar", "v": 0.18797121735276751}, {"l": "Sweeteners, Other", "v": 0.0035375138821250002}]}, {"source": 13, "prod": 35.0, "target": 4, "value": 0.14161110259381643, "supply": [{"l": "Nuts", "v": 0.14161110259381643}]}, {"source": 2, "prod": 525.0, "target": 4, "value": 1.9560444171313418, "supply": [{"l": "Maize", "v": 0.61387524769452118}, {"l": "Rice", "v": 1.0075225227754447}, {"l": "Cereals, Other", "v": 0.0065307948593076922}, {"l": "Wheat", "v": 0.22715143742319036}, {"l": "Sorghum", "v": 0.035736109625548469}, {"l": "Millet", "v": 0.065228304753329261}]}, {"source": 14, "prod": 39.0, "target": 4, "value": 0.40031374151707455, "supply": [{"l": "Groundnut Oil", "v": 0.031187877491387756}, {"l": "Soyabean Oil", "v": 0.030453380376554352}, {"l": "Palm Oil", "v": 0.28738023800628626}, {"l": "Coconut Oil", "v": 0.031315696661434432}, {"l": "Oilcrops Oil, Other", "v": 0.019976548981411768}]}, {"source": 15, "prod": 11.0, "target": 4, "value": 0.040604507168739132, "supply": [{"l": "Pimento", "v": 0.040604507168739132}]}, {"source": 16, "prod": 1.0, "target": 4, "value": 0.0020214365040714288, "supply": [{"l": "Cocoa Beans", "v": 0.0020214365040714288}]}, {"source": 17, "prod": 2.0, "target": 4, "value": 0.002572737368818182, "supply": [{"l": "Eggs", "v": 0.002572737368818182}]}, {"source": 18, "prod": 614.0, "target": 4, "value": 0.60007625468871151, "supply": [{"l": "Plantains", "v": 0.55444689781704359}, {"l": "Citrus, Other", "v": 0.0034866666600000002}, {"l": "Pineapples", "v": 0.014102572120686243}, {"l": "Bananas", "v": 0.0095146925105431043}, {"l": "Fruits, Other", "v": 0.0092618545277454549}, {"l": "Grapefruit", "v": 0.0058111111000000003}, {"l": "Oranges, Mandarines", "v": 0.0022175460156604477}, {"l": "Apples", "v": 0.0012349139370327273}]}, {"source": 19, "prod": 32.0, "target": 4, "value": 0.13559511205630351, "supply": [{"l": "Coconuts - Incl Copra", "v": 0.011389069083914636}, {"l": "Sesame seed", "v": 0.006288913568222222}, {"l": "Groundnuts", "v": 0.11791712940416665}]}, {"source": 18, "prod": 23.0, "target": 20, "value": 0.025040251195902984, "supply": [{"l": "Citrus, Other", "v": 0.02440666662}, {"l": "Oranges, Mandarines", "v": 0.0006335845759029851}]}, {"source": 19, "prod": 326.97098646034817, "target": 20, "value": 1.3059097061561258, "supply": [{"l": "Coconuts - Incl Copra", "v": 0.028990357668146345}, {"l": "Palm kernels", "v": 0.0058958564702083329}, {"l": "Groundnuts", "v": 0.011791712940416666}, {"l": "Oilcrops, Other", "v": 0.0070750277642500003}, {"l": "Oil Palm", "v": 1.2521567513131044}]}, {"source": 2, "prod": 15.0, "target": 20, "value": 0.049916496125787191, "supply": [{"l": "Barley", "v": 0.020926138457640846}, {"l": "Millet", "v": 0.028990357668146342}]}, {"source": 14, "prod": 8.0, "target": 21, "value": 0.081282723116097341, "supply": [{"l": "Palm Oil", "v": 0.051317899643979696}, {"l": "Oilcrops Oil, Other", "v": 0.029964823472117649}]}, {"source": 16, "prod": 51.0, "target": 21, "value": 0.018041320798837503, "supply": [{"l": "Coffee", "v": 0.018041320798837503}]}, {"source": 0, "prod": 349.0, "target": 0, "value": 0.3995837279685106, "supply": [{"l": "Roots, Other", "v": 0.038136483129072168}, {"l": "Yams", "v": 0.36144724483943841}]}, {"source": 2, "prod": 35.0, "target": 2, "value": 0.1332567030795814, "supply": [{"l": "Maize", "v": 0.044376523929724424}, {"l": "Rice", "v": 0.082007647202652481}, {"l": "Sorghum", "v": 0.0032487372386862247}, {"l": "Millet", "v": 0.0036237947085182927}]}, {"source": 17, "prod": 1.0, "target": 17, "value": 0.001286368684409091, "supply": [{"l": "Eggs", "v": 0.001286368684409091}]}, {"source": 7, "prod": 1.0, "target": 7, "value": 0.0038591060532272726, "supply": [{"l": "Pulses, Other", "v": 0.0038591060532272726}]}, {"source": 19, "prod": 5.0, "target": 19, "value": 0.02947928235104167, "supply": [{"l": "Groundnuts", "v": 0.017687569410625003}, {"l": "Cottonseed", "v": 0.011791712940416666}]}, {"source": 19, "prod": 3.0, "target": 22, "value": 0.017687569410625003, "supply": [{"l": "Groundnuts", "v": 0.017687569410625003}]}, {"source": 6, "prod": 3.0, "target": 22, "value": 0.012138094508041406, "supply": [{"l": "Treenuts", "v": 0.012138094508041406}]}, {"source": 8, "prod": 23.0, "target": 22, "value": 0.0099014059930492317, "supply": [{"l": "Vegetables, Other", "v": 0.0093837210346894764}, {"l": "Tomatoes", "v": 0.00051768495835975605}]}, {"source": 0, "prod": 206.0, "target": 22, "value": 0.23968939335358297, "supply": [{"l": "Roots, Other", "v": 0.019068241564536084}, {"l": "Yams", "v": 0.18130472731495942}, {"l": "Sweet potatoes", "v": 0.0035266292240261538}, {"l": "Cassava", "v": 0.035789795250061297}]}, {"source": 13, "prod": 3.0, "target": 22, "value": 0.012138094508041406, "supply": [{"l": "Nuts", "v": 0.012138094508041406}]}, {"source": 2, "prod": 91.0, "target": 22, "value": 0.34302380376831865, "supply": [{"l": "Maize", "v": 0.17011000839727694}, {"l": "Rice", "v": 0.15229991623349742}, {"l": "Sorghum", "v": 0.0064974744773724493}, {"l": "Wheat", "v": 0.0032450205346170047}, {"l": "Millet", "v": 0.010871384125554877}]}, {"source": 15, "prod": 1.0, "target": 22, "value": 0.0036913188335217393, "supply": [{"l": "Pimento", "v": 0.0036913188335217393}]}, {"source": 16, "prod": 9.0, "target": 22, "value": 0.018192928536642859, "supply": [{"l": "Cocoa Beans", "v": 0.018192928536642859}]}, {"source": 18, "prod": 197.0, "target": 22, "value": 0.18031680973281539, "supply": [{"l": "Plantains", "v": 0.1386117244542609}, {"l": "Fruits, Other", "v": 0.0012349139370327273}, {"l": "Citrus, Other", "v": 0.0046488888800000003}, {"l": "Pineapples", "v": 0.0076923120658288604}, {"l": "Bananas", "v": 0.027812178107741378}, {"l": "Oranges, Mandarines", "v": 0.00031679228795149255}]}, {"source": 23, "prod": 104.0, "target": 1, "value": 0.098931327961542248, "supply": [{"l": "Freshwater Fish", "v": 0.0084562084831673306}, {"l": "Milk - Excluding Butter", "v": 0.048247325898938334}, {"l": "Fish, Seafood", "v": 0.025211174376621192}, {"l": "Pelagic Fish", "v": 0.0034500135387508829}, {"l": "Bovine Meat", "v": 0.0022087015609206857}, {"l": "Marine Fish, Other", "v": 0.011357904103143815}]}, {"source": 23, "prod": 149.0, "target": 2, "value": 0.55444801833416335, "supply": [{"l": "Maize", "v": 0.007396087321620737}, {"l": "Barley", "v": 0.014947241755457747}, {"l": "Rice", "v": 0.42175361418506979}, {"l": "Cereals, Other", "v": 0.0032653974296538461}, {"l": "Wheat", "v": 0.10708567764236115}]}, {"source": 23, "prod": 112.0, "target": 20, "value": 0.42175261548178239, "supply": [{"l": "Sugar", "v": 0.24645115164029519}, {"l": "Beer", "v": 0.00094785060956459322}, {"l": "Groundnut Oil", "v": 0.020791918327591835}, {"l": "Beverages, Alcoholic", "v": 0.0040428730081428577}, {"l": "Oilcrops Oil, Other", "v": 0.039953097962823536}, {"l": "Butter, Ghee", "v": 0.017479480358735297}, {"l": "Wine", "v": 0.027641968939395349}, {"l": "Sweeteners, Other", "v": 0.0035375138821250002}, {"l": "Soyabean Oil", "v": 0.060906760753108705}]}, {"source": 23, "prod": 14.0, "target": 8, "value": 0.006255814023126317, "supply": [{"l": "Vegetables, Other", "v": 0.006255814023126317}]}, {"source": 23, "prod": 5.0, "target": 18, "value": 0.0038761506649842201, "supply": [{"l": "Citrus, Other", "v": 0.0023244444400000001}, {"l": "Oranges, Mandarines", "v": 0.00031679228795149255}, {"l": "Apples", "v": 0.0012349139370327273}]}, {"source": 23, "prod": 6.0, "target": 0, "value": 0.0052515670002680429, "supply": [{"l": "Potatoes", "v": 0.0052515670002680429}]}, {"source": 3, "prod": 1.0, "target": 24, "value": 0.0011220308348590309, "supply": [{"l": "Milk - Excluding Butter", "v": 0.0011220308348590309}]}, {"source": 19, "prod": 58.0, "target": 24, "value": 0.26890857559242881, "supply": [{"l": "Cottonseed", "v": 0.10612541646375}, {"l": "Palm kernels", "v": 0.11202127293395833}, {"l": "Coconuts - Incl Copra", "v": 0.016565918667512197}, {"l": "Groundnuts", "v": 0.0058958564702083329}, {"l": "Oilcrops, Other", "v": 0.028300111057000001}]}, {"source": 6, "prod": 25.0, "target": 24, "value": 0.10115078756701174, "supply": [{"l": "Treenuts", "v": 0.10115078756701174}]}, {"source": 8, "prod": 1.0, "target": 24, "value": 0.00044684385879473698, "supply": [{"l": "Vegetables, Other", "v": 0.00044684385879473698}]}, {"source": 9, "prod": 1.0, "target": 24, "value": 0.00047392530478229661, "supply": [{"l": "Beer", "v": 0.00047392530478229661}]}, {"source": 0, "prod": 1.0, "target": 24, "value": 0.00087526116671134038, "supply": [{"l": "Potatoes", "v": 0.00087526116671134038}]}, {"source": 2, "prod": 2.0, "target": 24, "value": 0.0064900410692340094, "supply": [{"l": "Wheat", "v": 0.0064900410692340094}]}, {"source": 11, "prod": 10.0, "target": 24, "value": 0.0084379901308821934, "supply": [{"l": "Pelagic Fish", "v": 0.0034500135387508829}, {"l": "Fish, Seafood", "v": 0.0042018623961035317}, {"l": "Crustaceans", "v": 0.00078611419602777775}]}, {"source": 13, "prod": 25.0, "target": 24, "value": 0.10115078756701174, "supply": [{"l": "Nuts", "v": 0.10115078756701174}]}, {"source": 18, "prod": 241.0, "target": 24, "value": 0.14544956233600059, "supply": [{"l": "Citrus, Other", "v": 0.0011622222200000001}, {"l": "Pineapples", "v": 0.044017119043354029}, {"l": "Bananas", "v": 0.10027022107264656}]}, {"source": 14, "prod": 37.0, "target": 24, "value": 0.37727470842263922, "supply": [{"l": "Oilcrops Oil, Other", "v": 0.089894470416352956}, {"l": "Palm Oil", "v": 0.28738023800628626}]}, {"source": 16, "prod": 369.0, "target": 24, "value": 0.43071758310501973, "supply": [{"l": "Cocoa Beans", "v": 0.36385857073285721}, {"l": "Coffee", "v": 0.066859012372162505}]}, {"source": 25, "prod": 3.0, "target": 19, "value": 0.017687569410625003, "supply": [{"l": "Cottonseed", "v": 0.017687569410625003}]}, {"source": 25, "prod": 1.0, "target": 16, "value": 0.00035375138821249998, "supply": [{"l": "Coffee", "v": 0.00035375138821249998}]}, {"source": 2, "prod": 79.0, "target": 26, "value": 0.30097970899333421, "supply": [{"l": "Maize", "v": 0.11094130982431104}, {"l": "Rice", "v": 0.18354092469165073}, {"l": "Sorghum", "v": 0.0064974744773724493}]}, {"source": 14, "prod": 3.0, "target": 26, "value": 0.030453380376554352, "supply": [{"l": "Soyabean Oil", "v": 0.030453380376554352}]}, {"source": 16, "prod": 36.0, "target": 26, "value": 0.072771714146571437, "supply": [{"l": "Cocoa Beans", "v": 0.072771714146571437}]}, {"source": 12, "prod": 14.0, "target": 26, "value": 0.058479934287527673, "supply": [{"l": "Sugar", "v": 0.058479934287527673}]}, {"source": 25, "prod": 43.0, "target": 2, "value": 0.1394035127953816, "supply": [{"l": "Wheat", "v": 0.12980082138468022}, {"l": "Barley", "v": 0.0059788967021830999}, {"l": "Millet", "v": 0.0036237947085182927}]}, {"source": 1, "prod": 51.0, "target": 3, "value": 0.057223572577810571, "supply": [{"l": "Milk - Excluding Butter", "v": 0.057223572577810571}]}, {"source": 1, "prod": 2.0, "target": 17, "value": 0.002572737368818182, "supply": [{"l": "Eggs", "v": 0.003859106053227273}]}, {"source": 1, "prod": 145.0, "target": 5, "value": 0.2383689361979314, "supply": [{"l": "Pigmeat", "v": 0.018659413883736261}, {"l": "Bovine Meat", "v": 0.094974167119589475}, {"l": "Poultry Meat", "v": 0.0090964642683214296}, {"l": "Offals, Edible", "v": 0.015990197278843047}, {"l": "Meat, Other", "v": 0.086164523084988259}, {"l": "Mutton & Goat Meat", "v": 0.013484170562452942}]}, {"source": 1, "prod": 215.0, "target": 11, "value": 0.18007800043806849, "supply": [{"l": "Pelagic Fish", "v": 0.056925223389389573}, {"l": "Crustaceans", "v": 0.0023583425880833331}, {"l": "Freshwater Fish", "v": 0.011838691876434264}, {"l": "Demersal Fish", "v": 0.0068376107251812094}, {"l": "Fish, Seafood", "v": 0.090760227755836267}, {"l": "Marine Fish, Other", "v": 0.011357904103143815}]}, {"source": 20, "prod": 60.0, "target": 12, "value": 0.24998866552242019, "supply": [{"l": "Sweeteners, Other", "v": 0.0035375138821250002}, {"l": "Sugar", "v": 0.24645115164029519}]}, {"source": 20, "prod": 87.0, "target": 14, "value": 0.88932455343236549, "supply": [{"l": "Palm Oil", "v": 0.62607837565655222}, {"l": "Coconut Oil", "v": 0.031315696661434432}, {"l": "Groundnut Oil", "v": 0.031187877491387756}, {"l": "Oilcrops Oil, Other", "v": 0.13983584286988238}, {"l": "Soyabean Oil", "v": 0.060906760753108705}]}, {"source": 20, "prod": 4.0, "target": 10, "value": 0.036885270797821015, "supply": [{"l": "Fats, Animals, Raw", "v": 0.019405790439085718}, {"l": "Butter, Ghee", "v": 0.017479480358735297}]}, {"source": 20, "prod": 110.0, "target": 9, "value": 0.062126256877131983, "supply": [{"l": "Beer", "v": 0.01658738566738038}, {"l": "Beverages, Alcoholic", "v": 0.0040428730081428577}, {"l": "Beverages, Fermented", "v": 0.01385402926221339}, {"l": "Wine", "v": 0.027641968939395349}]}, {"source": 27, "prod": 0, "target": 19, "value": 0.0010725871189136043, "supply": "[{\"l\":'Energy for power irrigation',\"v\":0.0010725871189136043}]"}, {"source": 27, "prod": 0, "target": 6, "value": 0.00015919342109821534, "supply": "[{\"l\":'Energy for power irrigation',\"v\":0.00015919342109821534}]"}, {"source": 27, "prod": 0, "target": 8, "value": 0.0005129565790942494, "supply": "[{\"l\":'Energy for power irrigation',\"v\":0.0005129565790942494}]"}, {"source": 27, "prod": 0, "target": 0, "value": 0.005899000659583869, "supply": "[{\"l\":'Energy for power irrigation',\"v\":0.005899000659583869}]"}, {"source": 27, "prod": 0, "target": 7, "value": 1.5161278199830034e-05, "supply": "[{\"l\":'Energy for power irrigation',\"v\":1.5161278199830034e-05}]"}, {"source": 27, "prod": 0, "target": 13, "value": 0.00015919342109821534, "supply": "[{\"l\":'Energy for power irrigation',\"v\":0.00015919342109821534}]"}, {"source": 27, "prod": 0, "target": 2, "value": 0.0017170147561307511, "supply": "[{\"l\":'Energy for power irrigation',\"v\":0.0017170147561307511}]"}, {"source": 27, "prod": 0, "target": 15, "value": 3.0322556399660068e-05, "supply": "[{\"l\":'Energy for power irrigation',\"v\":3.0322556399660068e-05}]"}, {"source": 27, "prod": 0, "target": 16, "value": 0.0011775259401867991, "supply": "[{\"l\":'Energy for power irrigation',\"v\":0.0011775259401867991}]"}, {"source": 27, "prod": 0, "target": 18, "value": 0.0027126053579195901, "supply": "[{\"l\":'Energy for power irrigation',\"v\":0.0027126053579195901}]"}, {"source": 27, "prod": 0, "target": 20, "value": 0.0040000000031999994, "supply": "[{\"l\":'Electricity',\"v\":0.0040000000031999994}]"}, {"source": 28, "prod": 0, "target": 27, "value": 0.035076740647284874, "supply": [{"l": "Coal", "v": 0.0}, {"l": "Natural gas", "v": 0.0}, {"l": "Oil", "v": 0.035076740647284874}]}, {"source": 29, "prod": 0, "target": 27, "value": 0.0041263996458565351, "supply": [{"l": "Nuclear", "v": 0.0}, {"l": "Hydroelectric", "v": 0.0041263996458565351}, {"l": "Renewable", "v": 0.0}]}, {"source": 28, "prod": 0, "target": 19, "value": 0.044750158498718891, "supply": [{"l": "Gas-Diesel oil", "v": 0.044750158498718891}]}, {"source": 28, "prod": 0, "target": 6, "value": 0.0066418202311753303, "supply": [{"l": "Gas-Diesel oil", "v": 0.0066418202311753303}]}, {"source": 28, "prod": 0, "target": 8, "value": 0.021401420744898283, "supply": [{"l": "Gas-Diesel oil", "v": 0.021401420744898283}]}, {"source": 28, "prod": 0, "target": 0, "value": 0.24611633856633028, "supply": [{"l": "Gas-Diesel oil", "v": 0.24611633856633028}]}, {"source": 28, "prod": 0, "target": 7, "value": 0.00063255430773098383, "supply": [{"l": "Gas-Diesel oil", "v": 0.00063255430773098383}]}, {"source": 28, "prod": 0, "target": 13, "value": 0.0066418202311753303, "supply": [{"l": "Gas-Diesel oil", "v": 0.0066418202311753303}]}, {"source": 28, "prod": 0, "target": 2, "value": 0.071636775350533907, "supply": [{"l": "Gas-Diesel oil", "v": 0.071636775350533907}]}, {"source": 28, "prod": 0, "target": 15, "value": 0.0012651086154619677, "supply": [{"l": "Gas-Diesel oil", "v": 0.0012651086154619677}]}, {"source": 28, "prod": 0, "target": 16, "value": 0.049128384567106408, "supply": [{"l": "Gas-Diesel oil", "v": 0.049128384567106408}]}, {"source": 28, "prod": 0, "target": 18, "value": 0.11317450822486851, "supply": [{"l": "Gas-Diesel oil", "v": 0.11317450822486851}]}, {"source": 30, "prod": 1.8868137075419269, "target": 19, "value": 0.013403883669609198, "supply": [{"l": "Potash", "v": 0.035830347250886498}, {"l": "Phosphate", "v": 0.013559250010847398}, {"l": "Nitrogen", "v": 0.11876156953945367}]}, {"source": 30, "prod": 0.2800409624374775, "target": 6, "value": 0.0019894049254748371, "supply": [{"l": "Potash", "v": 0.035830347250886498}, {"l": "Phosphate", "v": 0.013559250010847398}, {"l": "Nitrogen", "v": 0.11876156953945367}]}, {"source": 30, "prod": 0.90235421229853852, "target": 8, "value": 0.0064103047598633627, "supply": [{"l": "Potash", "v": 0.035830347250886498}, {"l": "Phosphate", "v": 0.013559250010847398}, {"l": "Nitrogen", "v": 0.11876156953945367}]}, {"source": 30, "prod": 10.377073441433195, "target": 0, "value": 0.073718504738428683, "supply": [{"l": "Potash", "v": 0.035830347250886498}, {"l": "Phosphate", "v": 0.013559250010847398}, {"l": "Nitrogen", "v": 0.11876156953945367}]}, {"source": 30, "prod": 0.026670567851188334, "target": 7, "value": 0.00018946713575950828, "supply": [{"l": "Potash", "v": 0.035830347250886498}, {"l": "Phosphate", "v": 0.013559250010847398}, {"l": "Nitrogen", "v": 0.11876156953945367}]}, {"source": 30, "prod": 0.2800409624374775, "target": 13, "value": 0.0019894049254748371, "supply": [{"l": "Potash", "v": 0.035830347250886498}, {"l": "Phosphate", "v": 0.013559250010847398}, {"l": "Nitrogen", "v": 0.11876156953945367}]}, {"source": 30, "prod": 3.0204418091470786, "target": 2, "value": 0.02145715312476431, "supply": [{"l": "Potash", "v": 0.035830347250886498}, {"l": "Phosphate", "v": 0.013559250010847398}, {"l": "Nitrogen", "v": 0.11876156953945367}]}, {"source": 30, "prod": 0.053341135702376669, "target": 15, "value": 0.00037893427151901657, "supply": [{"l": "Potash", "v": 0.035830347250886498}, {"l": "Phosphate", "v": 0.013559250010847398}, {"l": "Nitrogen", "v": 0.11876156953945367}]}, {"source": 30, "prod": 2.0714141031089603, "target": 16, "value": 0.014715280877321808, "supply": [{"l": "Potash", "v": 0.035830347250886498}, {"l": "Phosphate", "v": 0.013559250010847398}, {"l": "Nitrogen", "v": 0.11876156953945367}]}, {"source": 30, "prod": 4.7718090980417793, "target": 18, "value": 0.03389882837297202, "supply": [{"l": "Potash", "v": 0.035830347250886498}, {"l": "Phosphate", "v": 0.013559250010847398}, {"l": "Nitrogen", "v": 0.11876156953945367}]}, {"source": 28, "prod": 0, "target": 30, "value": 0.23488931488857595, "supply": [{"l": "Natural gas (including LNG)", "v": 0.14646421336989562}, {"l": "Fuel oil", "v": 0.067431477967634018}, {"l": "Liquefied petroleum gas (LPG)", "v": 0.010496811775523153}, {"l": "Coal", "v": 0.010496811775523153}]}, {"source": 31, "prod": 0, "target": 6, "value": 0.010825389211671206, "supply": "[{\"l\":'Labor',\"v\":0.010825389211671206}]"}, {"source": 31, "prod": 0, "target": 8, "value": 0.034881809682051658, "supply": "[{\"l\":'Labor',\"v\":0.034881809682051658}]"}, {"source": 31, "prod": 0, "target": 13, "value": 0.010825389211671206, "supply": "[{\"l\":'Labor',\"v\":0.010825389211671206}]"}, {"source": 31, "prod": 0, "target": 0, "value": 0.40114081134359408, "supply": "[{\"l\":'Labor',\"v\":0.40114081134359408}]"}, {"source": 31, "prod": 0, "target": 7, "value": 0.001030989448730591, "supply": "[{\"l\":'Labor',\"v\":0.001030989448730591}]"}, {"source": 31, "prod": 0, "target": 2, "value": 0.11675955506873942, "supply": "[{\"l\":'Labor',\"v\":0.11675955506873942}]"}, {"source": 31, "prod": 0, "target": 15, "value": 0.0020619788974611821, "supply": "[{\"l\":'Labor',\"v\":0.0020619788974611821}]"}, {"source": 31, "prod": 0, "target": 16, "value": 0.08007351385140922, "supply": "[{\"l\":'Labor',\"v\":0.08007351385140922}]"}, {"source": 31, "prod": 0, "target": 18, "value": 0.18446119553538154, "supply": "[{\"l\":'Labor',\"v\":0.18446119553538154}]"}, {"source": 31, "prod": 0, "target": 19, "value": 0.072937518055480752, "supply": "[{\"l\":'Labor',\"v\":0.072937518055480752}]"}, {"source": 28, "prod": 0, "target": 23, "value": 0.54199661921864906, "supply": "[{\"l\":'Fossil Fuels',\"v\":0.54199661921864906}]"}, {"source": 29, "prod": 0, "target": 23, "value": 1.089119295204841, "supply": "[{\"l\":'Renewables & Nuclear',\"v\":0.0079425641735854507},{\"l\":'Biomass & Waste',\"v\":1.0811767310312554}]"}]}