{"nodes": [{"layer": 5, "name": "Starchy Roots"}, {"layer": 10, "name": "Feed", "fill": "#dbdb8d"}, {"layer": 5, "name": "Cereals", "fill": "#e7ba52"}, {"layer": 13, "name": "Other Processed", "fill": "#9c9ede"}, {"layer": 16, "name": "Food", "fill": "#b5cf6b"}, {"layer": 13, "name": "Animal Products", "fill": "#17becf"}, {"layer": 5, "name": "Oilcrops", "fill": "#ff9896"}, {"layer": 5, "name": "Sugar Crops", "fill": "#ffbb78"}, {"layer": 13, "name": "Sugar", "fill": "#d6616b"}, {"layer": 5, "name": "Fruits & Vegetables"}, {"layer": 5, "name": "Others"}, {"layer": 13, "name": "Aquatic Products", "fill": "#1f77b4"}, {"layer": 13, "name": "Vegetable Oils", "fill": "#f7b6d2"}, {"layer": 10, "name": "Processing", "fill": "#9edae5"}, {"layer": 16, "name": "Biofuels & Other", "fill": "#e7ba52"}, {"name": "Waste", "fill": "#c7c7c7"}, {"layer": 2, "name": "Import", "fill": "#aec7e8"}, {"layer": 16, "name": "Export", "fill": "#aec7e8"}, {"layer": 16, "name": "Stock Deposit", "fill": "#c7c7c7"}, {"layer": 0, "name": "Stock Draw", "fill": "#c7c7c7"}, {"name": "Crop Residue", "fill": "#bd9e39"}, {"layer": 2, "name": "Electricity", "fill": "#bcbd22"}, {"layer": 0, "name": "Fossil Fuels", "fill": "#c49c94"}, {"layer": 0, "name": "Renewables & Nuclear", "fill": "#2ca02c"}, {"layer": 2, "name": "Fertilizers", "fill": "#c5b0d5"}, {"layer": 0, "name": "Labor", "fill": "#7f7f7f"}], "links": [{"source": 0, "prod": 130.0, "target": 1, "value": 0.15682817655170267, "supply": [{"l": "Yams", "v": 0.094168039352671137}, {"l": "Cassava", "v": 0.062660137199031518}]}, {"source": 2, "prod": 30.0, "target": 1, "value": 0.10872189268197137, "supply": [{"l": "Maize", "v": 0.096204535868298288}, {"l": "Sorghum", "v": 0.012517356813673077}]}, {"source": 3, "prod": 202.0, "target": 4, "value": 0.14082579627763123, "supply": [{"l": "Beer", "v": 0.041277902571005026}, {"l": "Beverages, Alcoholic", "v": 0.0097961922889615374}, {"l": "Butter, Ghee", "v": 0.0074912058680294122}, {"l": "Fats, Animals, Raw", "v": 0.017687569410625003}, {"l": "Wine", "v": 0.044139454344358155}, {"l": "Beverages, Fermented", "v": 0.020433471794652096}]}, {"source": 5, "prod": 263.0, "target": 4, "value": 0.36097480413392941, "supply": [{"l": "Mutton & Goat Meat", "v": 0.017326598606326533}, {"l": "Meat, Other", "v": 0.096781867839749333}, {"l": "Eggs", "v": 0.0050940199902600007}, {"l": "Pigmeat", "v": 0.026478816781054456}, {"l": "Milk - Excluding Butter", "v": 0.096449275550878677}, {"l": "Bovine Meat", "v": 0.090073725759883982}, {"l": "Poultry Meat", "v": 0.017365977239522729}, {"l": "Offals, Edible", "v": 0.011404522366253731}]}, {"source": 2, "prod": 610.0, "target": 4, "value": 2.2633857708569614, "supply": [{"l": "Maize", "v": 0.64013018096983099}, {"l": "Rice", "v": 1.1073997698320057}, {"l": "Cereals, Other", "v": 0.0056600222113999997}, {"l": "Wheat", "v": 0.34486283937954221}, {"l": "Sorghum", "v": 0.068845462475201916}, {"l": "Millet", "v": 0.096487495988980876}]}, {"source": 6, "prod": 35.0, "target": 4, "value": 0.17096534605927732, "supply": [{"l": "Coconuts - Incl Copra", "v": 0.0090964642683214296}, {"l": "Sesame seed", "v": 0.013584053307360001}, {"l": "Groundnuts", "v": 0.14828482848359589}]}, {"source": 7, "prod": 7.0, "target": 4, "value": 0.0029420907534504952, "supply": [{"l": "Sugar cane", "v": 0.0029420907534504952}]}, {"source": 8, "prod": 50.0, "target": 4, "value": 0.20906609231915008, "supply": [{"l": "Sugar", "v": 0.20084993104453716}, {"l": "Sweeteners, Other", "v": 0.0082161612746129049}]}, {"source": 0, "prod": 2391.0, "target": 4, "value": 2.8602573783196075, "supply": [{"l": "Roots, Other", "v": 0.13473883976983625}, {"l": "Yams", "v": 1.5590042070608887}, {"l": "Potatoes", "v": 0.0062122195003170731}, {"l": "Sweet potatoes", "v": 0.020910637614338888}, {"l": "Cassava", "v": 1.1393914743742262}]}, {"source": 9, "prod": 1312.0, "target": 4, "value": 1.1724591415816685, "supply": [{"l": "Plantains", "v": 0.92476146144833704}, {"l": "Citrus, Other", "v": 0.0058111111000000003}, {"l": "Tomatoes", "v": 0.0087102936154209911}, {"l": "Treenuts", "v": 0.032203574651068968}, {"l": "Vegetables, Other", "v": 0.10288520072658169}, {"l": "Pulses, Other", "v": 0.027013742372590906}, {"l": "Pineapples", "v": 0.032243762140234188}, {"l": "Bananas", "v": 0.017493200516002748}, {"l": "Fruits, Other", "v": 0.011665694634183205}, {"l": "Grapefruit", "v": 0.002927597695551724}, {"l": "Oranges, Mandarines", "v": 0.0056600222114000006}, {"l": "Apples", "v": 0.0010834804702973576}]}, {"source": 10, "prod": 21.0, "target": 4, "value": 0.080165681471507919, "supply": [{"l": "Infant food", "v": 0.0035375138821250002}, {"l": "Nuts", "v": 0.032203574651068968}, {"l": "Pimento", "v": 0.044424592938313953}]}, {"source": 11, "prod": 303.0, "target": 4, "value": 0.23319000606387411, "supply": [{"l": "Crustaceans", "v": 0.0031679228795149254}, {"l": "Marine Fish, Other", "v": 0.058707677192712769}, {"l": "Demersal Fish", "v": 0.011846558116883722}, {"l": "Freshwater Fish", "v": 0.006190649293718751}, {"l": "Pelagic Fish", "v": 0.03860333113975517}, {"l": "Fish, Seafood", "v": 0.11467386744128877}]}, {"source": 12, "prod": 58.0, "target": 4, "value": 0.59510942753466478, "supply": [{"l": "Groundnut Oil", "v": 0.020493183868862071}, {"l": "Soyabean Oil", "v": 0.0096477651330681823}, {"l": "Palm Oil", "v": 0.46354007252945528}, {"l": "Coconut Oil", "v": 0.031837624939125002}, {"l": "Oilcrops Oil, Other", "v": 0.0094333703523333343}, {"l": "Cottonseed Oil", "v": 0.040986367737724141}, {"l": "Palmkernel Oil", "v": 0.019171042974096775}]}, {"source": 7, "prod": 248.0, "target": 13, "value": 0.1042340724079604, "supply": [{"l": "Sugar cane", "v": 0.1042340724079604}]}, {"source": 9, "prod": 42.0, "target": 13, "value": 0.046632825551861538, "supply": [{"l": "Citrus, Other", "v": 0.045326666580000001}, {"l": "Oranges, Mandarines", "v": 0.0013061589718615387}]}, {"source": 2, "prod": 30.0, "target": 13, "value": 0.095675902358807241, "supply": [{"l": "Barley", "v": 0.052792570808149086}, {"l": "Millet", "v": 0.042883331550658162}]}, {"source": 6, "prod": 802.82843894899543, "target": 13, "value": 3.3845368202101804, "supply": [{"l": "Groundnuts", "v": 0.017794179418031509}, {"l": "Cottonseed", "v": 0.15421622162293971}, {"l": "Coconuts - Incl Copra", "v": 0.031837624939125002}, {"l": "Palm kernels", "v": 0.041519751975406853}, {"l": "Oilcrops, Other", "v": 0.028300111057000001}, {"l": "Oil Palm", "v": 3.1108689311976772}]}, {"source": 12, "prod": 7.0, "target": 14, "value": 0.069503673059618243, "supply": [{"l": "Palm Oil", "v": 0.041203562002618238}, {"l": "Oilcrops Oil, Other", "v": 0.028300111057000001}]}, {"source": 10, "prod": 1.0, "target": 14, "value": 0.00037236988232894742, "supply": [{"l": "Coffee", "v": 0.00037236988232894742}]}, {"source": 0, "prod": 444.0, "target": 0, "value": 0.51021228687620013, "supply": [{"l": "Roots, Other", "v": 0.038209521725774465}, {"l": "Yams", "v": 0.47200276515042566}]}, {"source": 9, "prod": 1.0, "target": 9, "value": 0.0038591060532272726, "supply": [{"l": "Pulses, Other", "v": 0.0038591060532272726}]}, {"source": 5, "prod": 1.0, "target": 5, "value": 0.0016980066634200001, "supply": [{"l": "Eggs", "v": 0.0016980066634200001}]}, {"source": 2, "prod": 52.0, "target": 2, "value": 0.19921084811033621, "supply": [{"l": "Maize", "v": 0.070303314672987227}, {"l": "Rice", "v": 0.11907524406795761}, {"l": "Sorghum", "v": 0.0062586784068365386}, {"l": "Millet", "v": 0.0035736109625548467}]}, {"source": 6, "prod": 6.0, "target": 6, "value": 0.035588358836063018, "supply": [{"l": "Groundnuts", "v": 0.017794179418031509}, {"l": "Cottonseed", "v": 0.017794179418031509}]}, {"source": 5, "prod": 1.0, "target": 15, "value": 0.00093640073350367652, "supply": [{"l": "Milk - Excluding Butter", "v": 0.00093640073350367652}]}, {"source": 2, "prod": 108.0, "target": 15, "value": 0.41027438695803653, "supply": [{"l": "Maize", "v": 0.1591075016283395}, {"l": "Rice", "v": 0.21433543932232368}, {"l": "Sorghum", "v": 0.012517356813673077}, {"l": "Wheat", "v": 0.0064460343809260223}, {"l": "Millet", "v": 0.017868054812774235}]}, {"source": 6, "prod": 3.0, "target": 15, "value": 0.017794179418031509, "supply": [{"l": "Groundnuts", "v": 0.017794179418031509}]}, {"source": 7, "prod": 3.0, "target": 15, "value": 0.0012608960371930694, "supply": [{"l": "Sugar cane", "v": 0.0012608960371930694}]}, {"source": 0, "prod": 275.0, "target": 15, "value": 0.32234673857063256, "supply": [{"l": "Yams", "v": 0.23600138257521283}, {"l": "Roots, Other", "v": 0.019104760862887232}, {"l": "Sweet potatoes", "v": 0.0033016796233166666}, {"l": "Cassava", "v": 0.063938915509215835}]}, {"source": 9, "prod": 293.0, "target": 15, "value": 0.28163073283505452, "supply": [{"l": "Vegetables, Other", "v": 0.012159160085868743}, {"l": "Plantains", "v": 0.23170756975886747}, {"l": "Fruits, Other", "v": 0.0012961882926870228}, {"l": "Citrus, Other", "v": 0.0092977777600000006}, {"l": "Pineapples", "v": 0.0015539162477221297}, {"l": "Bananas", "v": 0.016093744474722525}, {"l": "Treenuts", "v": 0.0080508936627672421}, {"l": "Tomatoes", "v": 0.00060070990451179256}, {"l": "Oranges, Mandarines", "v": 0.00087077264790769247}]}, {"source": 10, "prod": 12.0, "target": 15, "value": 0.032404375467239351, "supply": [{"l": "Cocoa Beans", "v": 0.020651432392945947}, {"l": "Pimento", "v": 0.0037020494115261628}, {"l": "Nuts", "v": 0.0080508936627672421}]}, {"source": 16, "prod": 1.0, "target": 10, "value": 0.0035375138821250002, "supply": [{"l": "Infant food", "v": 0.0035375138821250002}]}, {"source": 16, "prod": 300.0, "target": 1, "value": 0.26795114467290809, "supply": [{"l": "Freshwater Fish", "v": 0.0044218923526562507}, {"l": "Milk - Excluding Butter", "v": 0.089894470416352956}, {"l": "Fish, Seafood", "v": 0.072145810641870409}, {"l": "Pelagic Fish", "v": 0.021056362439866458}, {"l": "Bovine Meat", "v": 0.030756881966789652}, {"l": "Marine Fish, Other", "v": 0.049675726855372353}]}, {"source": 16, "prod": 86.0, "target": 13, "value": 0.18376996771497145, "supply": [{"l": "Sugar", "v": 0.075318724141701432}, {"l": "Beer", "v": 0.0019892965094460251}, {"l": "Groundnut Oil", "v": 0.010246591934431035}, {"l": "Beverages, Alcoholic", "v": 0.0097961922889615374}, {"l": "Oilcrops Oil, Other", "v": 0.0094333703523333343}, {"l": "Butter, Ghee", "v": 0.014982411736058824}, {"l": "Wine", "v": 0.044139454344358155}, {"l": "Sweeteners, Other", "v": 0.0082161612746129049}, {"l": "Soyabean Oil", "v": 0.0096477651330681823}]}, {"source": 16, "prod": 144.0, "target": 2, "value": 0.46274974211592496, "supply": [{"l": "Maize", "v": 0.014800697825892046}, {"l": "Rice", "v": 0.011907524406795758}, {"l": "Wheat", "v": 0.3803160284746353}, {"l": "Barley", "v": 0.055725491408601814}]}, {"source": 16, "prod": 34.0, "target": 9, "value": 0.017830809232453965, "supply": [{"l": "Fruits, Other", "v": 0.00064809414634351141}, {"l": "Citrus, Other", "v": 0.0023244444400000001}, {"l": "Apples", "v": 0.0010834804702973576}, {"l": "Tomatoes", "v": 0.0057067440928620285}, {"l": "Vegetables, Other", "v": 0.0042089400297237959}, {"l": "Pulses, Other", "v": 0.0038591060532272726}]}, {"source": 16, "prod": 3.0, "target": 6, "value": 0.017794179418031509, "supply": [{"l": "Cottonseed", "v": 0.017794179418031509}]}, {"source": 16, "prod": 6.0, "target": 0, "value": 0.0062122195003170731, "supply": [{"l": "Potatoes", "v": 0.0062122195003170731}]}, {"source": 3, "prod": 3.0, "target": 17, "value": 0.001491972382084519, "supply": [{"l": "Beer", "v": 0.001491972382084519}]}, {"source": 5, "prod": 1.0, "target": 17, "value": 0.00093640073350367652, "supply": [{"l": "Milk - Excluding Butter", "v": 0.00093640073350367652}]}, {"source": 2, "prod": 37.0, "target": 17, "value": 0.14527347447316513, "supply": [{"l": "Rice", "v": 0.13892111807928387}, {"l": "Sorghum", "v": 0.0031293392034182693}, {"l": "Wheat", "v": 0.0032230171904630111}]}, {"source": 6, "prod": 112.0, "target": 17, "value": 0.33193812689403912, "supply": [{"l": "Cottonseed", "v": 0.065245324532782187}, {"l": "Oilcrops, Other", "v": 0.0094333703523333343}, {"l": "Coconuts - Incl Copra", "v": 0.078457004314272327}, {"l": "Sesame seed", "v": 0.0067920266536800004}, {"l": "Palm kernels", "v": 0.17201040104097123}]}, {"source": 9, "prod": 321.0, "target": 17, "value": 0.29196951560363732, "supply": [{"l": "Fruits, Other", "v": 0.00064809414634351141}, {"l": "Citrus, Other", "v": 0.0023244444400000001}, {"l": "Pineapples", "v": 0.070314710209426368}, {"l": "Bananas", "v": 0.06927307404337088}, {"l": "Treenuts", "v": 0.14894153276119396}, {"l": "Vegetables, Other", "v": 0.00046766000330264402}]}, {"source": 10, "prod": 610.0, "target": 17, "value": 0.82941226853928707, "supply": [{"l": "Cocoa Beans", "v": 0.55758867460954054}, {"l": "Nuts", "v": 0.14894153276119396}, {"l": "Coffee", "v": 0.12288206116855264}]}, {"source": 11, "prod": 41.0, "target": 17, "value": 0.03325122614057914, "supply": [{"l": "Pelagic Fish", "v": 0.016669620264894276}, {"l": "Fish, Seafood", "v": 0.015948021299781883}, {"l": "Crustaceans", "v": 0.0006335845759029851}]}, {"source": 12, "prod": 106.0, "target": 17, "value": 1.0805623325749838, "supply": [{"l": "Cottonseed Oil", "v": 0.010246591934431035}, {"l": "Oilcrops Oil, Other", "v": 0.12263381458033334}, {"l": "Palm Oil", "v": 0.9476819260602195}]}, {"source": 12, "prod": 11.0, "target": 18, "value": 0.112594426493594, "supply": [{"l": "Palm Oil", "v": 0.10300890500654561}, {"l": "Palmkernel Oil", "v": 0.0095855214870483874}]}, {"source": 3, "prod": 1.0, "target": 18, "value": 0.0074912058680294122, "supply": [{"l": "Butter, Ghee", "v": 0.0074912058680294122}]}, {"source": 2, "prod": 7.0, "target": 18, "value": 0.022561120333241078, "supply": [{"l": "Wheat", "v": 0.022561120333241078}]}, {"source": 19, "prod": 42.0, "target": 10, "value": 0.054084209395561168, "supply": [{"l": "Coffee", "v": 0.0081921374112368436}, {"l": "Cocoa Beans", "v": 0.045892071984324323}]}, {"source": 19, "prod": 9.0, "target": 13, "value": 0.037659362070850716, "supply": [{"l": "Sugar", "v": 0.037659362070850716}]}, {"source": 19, "prod": 105.0, "target": 2, "value": 0.4113822594764483, "supply": [{"l": "Maize", "v": 0.040701919021203133}, {"l": "Millet", "v": 0.014294443850219387}, {"l": "Rice", "v": 0.3532565574016075}, {"l": "Sorghum", "v": 0.0031293392034182693}]}, {"source": 1, "prod": 344.0, "target": 11, "value": 0.26644123220445326, "supply": [{"l": "Pelagic Fish", "v": 0.055272951404649447}, {"l": "Crustaceans", "v": 0.0038015074554179104}, {"l": "Freshwater Fish", "v": 0.006190649293718751}, {"l": "Demersal Fish", "v": 0.011846558116883722}, {"l": "Fish, Seafood", "v": 0.13062188874107064}, {"l": "Marine Fish, Other", "v": 0.058707677192712769}]}, {"source": 1, "prod": 265.0, "target": 5, "value": 0.36284760560093671, "supply": [{"l": "Poultry Meat", "v": 0.017365977239522729}, {"l": "Pigmeat", "v": 0.026478816781054456}, {"l": "Bovine Meat", "v": 0.090073725759883982}, {"l": "Eggs", "v": 0.0067920266536800004}, {"l": "Milk - Excluding Butter", "v": 0.098322077017886034}, {"l": "Offals, Edible", "v": 0.011404522366253731}, {"l": "Meat, Other", "v": 0.096781867839749333}, {"l": "Mutton & Goat Meat", "v": 0.017326598606326533}]}, {"source": 13, "prod": 206.0, "target": 3, "value": 0.14980897452774514, "supply": [{"l": "Fats, Animals, Raw", "v": 0.017687569410625003}, {"l": "Beverages, Fermented", "v": 0.020433471794652096}, {"l": "Beer", "v": 0.042769874953089544}, {"l": "Beverages, Alcoholic", "v": 0.0097961922889615374}, {"l": "Butter, Ghee", "v": 0.014982411736058824}, {"l": "Wine", "v": 0.044139454344358155}]}, {"source": 13, "prod": 182.0, "target": 12, "value": 1.8577698596628609, "supply": [{"l": "Soyabean Oil", "v": 0.0096477651330681823}, {"l": "Coconut Oil", "v": 0.031837624939125002}, {"l": "Cottonseed Oil", "v": 0.051232959672155173}, {"l": "Groundnut Oil", "v": 0.020493183868862071}, {"l": "Palm Oil", "v": 1.5554344655988386}, {"l": "Palmkernel Oil", "v": 0.028756564461145162}, {"l": "Oilcrops Oil, Other", "v": 0.16036729598966667}]}, {"source": 13, "prod": 50.0, "target": 8, "value": 0.20906609231915008, "supply": [{"l": "Sweeteners, Other", "v": 0.0082161612746129049}, {"l": "Sugar", "v": 0.20084993104453716}]}, {"source": 0, "prod": 1619.0, "target": 20, "value": 6.0947965863250788, "supply": [{"l": "Roots, Other", "v": 0.33384833269499997}, {"l": "Yams", "v": 3.5415816598950003}, {"l": "Potatoes", "v": 0.0052299999900000003}, {"l": "Sweet potatoes", "v": 0.038353333260000004}, {"l": "Cassava", "v": 1.7258999967000004}]}, {"source": 7, "prod": 103.0, "target": 20, "value": 0.35912666598000004, "supply": [{"l": "Sugar cane", "v": 0.35912666598000004}]}, {"source": 9, "prod": 1952.0, "target": 20, "value": 11.172240630847986, "supply": [{"l": "Tomatoes", "v": 0.076706666520000008}, {"l": "Vegetables, Other", "v": 0.84551666505000012}, {"l": "Pulses, Other", "v": 0.026149999950000002}]}, {"source": 2, "prod": 1501.0, "target": 20, "value": 5.7693943241671892, "supply": [{"l": "Maize", "v": 1.77122666328}, {"l": "Barley", "v": 0.054165121995303316}, {"l": "Rice", "v": 2.4580999953000005}, {"l": "Cereals, Other", "v": 0.013946666639999999}, {"l": "Wheat", "v": 0.40793999922000007}, {"l": "Sorghum", "v": 0.22314666624000001}, {"l": "Millet", "v": 0.29636666610000006}]}, {"source": 6, "prod": 224.5, "target": 20, "value": 0.48264401632480231, "supply": [{"l": "Coconuts - Incl Copra", "v": 0.36609999929999998}, {"l": "Sesame seed", "v": 0.010459999980000002}, {"l": "Oilcrops, Other", "v": 0.022180973087581702}, {"l": "Cottonseed", "v": 0.13423666640999998}, {"l": "Groundnuts", "v": 0.11854666644}, {"l": "Palm kernels", "v": 0.12551999976}]}, {"source": 21, "prod": 0, "target": 2, "value": 0.0038212807050229634, "supply": "[{\"l\":'Energy for power irrigation',\"v\":0.0038212807050229634}]"}, {"source": 21, "prod": 0, "target": 6, "value": 0.0048743780041646248, "supply": "[{\"l\":'Energy for power irrigation',\"v\":0.0048743780041646248}]"}, {"source": 21, "prod": 0, "target": 7, "value": 0.0013110989760738349, "supply": "[{\"l\":'Energy for power irrigation',\"v\":0.0013110989760738349}]"}, {"source": 21, "prod": 0, "target": 0, "value": 0.016486751396221661, "supply": "[{\"l\":'Energy for power irrigation',\"v\":0.016486751396221661}]"}, {"source": 21, "prod": 0, "target": 9, "value": 0.0099388939856160218, "supply": "[{\"l\":'Energy for power irrigation',\"v\":0.0099388939856160218}]"}, {"source": 21, "prod": 0, "target": 10, "value": 0.0031670041286133025, "supply": "[{\"l\":'Energy for power irrigation',\"v\":0.0031670041286133025}]"}, {"source": 21, "prod": 0, "target": 13, "value": 0.0030000000024, "supply": "[{\"l\":'Electricity',\"v\":0.0030000000024}]"}, {"source": 22, "prod": 0, "target": 21, "value": 0.077517448547898701, "supply": [{"l": "Coal", "v": 0.0}, {"l": "Natural gas", "v": 0.0}, {"l": "Oil", "v": 0.077517448547898701}]}, {"source": 23, "prod": 0, "target": 21, "value": 0.013142776749910901, "supply": [{"l": "Nuclear", "v": 0.0}, {"l": "Hydroelectric", "v": 0.013142776749910901}, {"l": "Renewable", "v": 0.0}]}, {"source": 22, "prod": 0, "target": 2, "value": 0.076992971521608985, "supply": [{"l": "Gas-Diesel oil", "v": 0.054173147598882317}, {"l": "Other fossil fuels", "v": 0.022819823922726662}]}, {"source": 22, "prod": 0, "target": 6, "value": 0.098211274133013171, "supply": [{"l": "Gas-Diesel oil", "v": 0.069102591370808167}, {"l": "Other fossil fuels", "v": 0.029108682762205008}]}, {"source": 22, "prod": 0, "target": 7, "value": 0.026416642460778565, "supply": [{"l": "Gas-Diesel oil", "v": 0.018587055971635173}, {"l": "Other fossil fuels", "v": 0.0078295864891433919}]}, {"source": 22, "prod": 0, "target": 0, "value": 0.33218286713786788, "supply": [{"l": "Gas-Diesel oil", "v": 0.23372771742195994}, {"l": "Other fossil fuels", "v": 0.098455149715907964}]}, {"source": 22, "prod": 0, "target": 9, "value": 0.20025353818811556, "supply": [{"l": "Gas-Diesel oil", "v": 0.14090071167624021}, {"l": "Other fossil fuels", "v": 0.059352826511875338}]}, {"source": 22, "prod": 0, "target": 10, "value": 0.063810297516909781, "supply": [{"l": "Gas-Diesel oil", "v": 0.044897665298474089}, {"l": "Other fossil fuels", "v": 0.018912632218435688}]}, {"source": 24, "prod": 3.5993915159616141, "target": 2, "value": 0.028504966726306497, "supply": [{"l": "Potash", "v": 0.048713888927859994}, {"l": "Phosphate", "v": 0.026512500021209997}, {"l": "Nitrogen", "v": 0.22016666684279995}]}, {"source": 24, "prod": 4.5913389222408929, "target": 6, "value": 0.036360580011176626, "supply": [{"l": "Potash", "v": 0.048713888927859994}, {"l": "Phosphate", "v": 0.026512500021209997}, {"l": "Nitrogen", "v": 0.22016666684279995}]}, {"source": 24, "prod": 1.234967775296623, "target": 7, "value": 0.0097801851192857083, "supply": [{"l": "Potash", "v": 0.048713888927859994}, {"l": "Phosphate", "v": 0.026512500021209997}, {"l": "Nitrogen", "v": 0.22016666684279995}]}, {"source": 24, "prod": 15.52942002489501, "target": 0, "value": 0.12298345404367812, "supply": [{"l": "Potash", "v": 0.048713888927859994}, {"l": "Phosphate", "v": 0.026512500021209997}, {"l": "Nitrogen", "v": 0.22016666684279995}]}, {"source": 24, "prod": 9.3617751354524579, "target": 9, "value": 0.074139500399400773, "supply": [{"l": "Potash", "v": 0.048713888927859994}, {"l": "Phosphate", "v": 0.026512500021209997}, {"l": "Nitrogen", "v": 0.22016666684279995}]}, {"source": 24, "prod": 2.9831066261533965, "target": 10, "value": 0.023624369492022176, "supply": [{"l": "Potash", "v": 0.048713888927859994}, {"l": "Phosphate", "v": 0.026512500021209997}, {"l": "Nitrogen", "v": 0.22016666684279995}]}, {"source": 22, "prod": 0, "target": 24, "value": 0.39764737368884595, "supply": [{"l": "Natural gas (including LNG)", "v": 0.25301000128088302}, {"l": "Fuel oil", "v": 0.10571824949547173}, {"l": "Liquefied petroleum gas (LPG)", "v": 0.019459561456245614}, {"l": "Coal", "v": 0.019459561456245614}]}, {"source": 25, "prod": 0, "target": 2, "value": 0.11577139087849975, "supply": "[{\"l\":'Labor',\"v\":0.11577139087849975}]"}, {"source": 25, "prod": 0, "target": 6, "value": 0.14767654217810544, "supply": "[{\"l\":'Labor',\"v\":0.14767654217810544}]"}, {"source": 25, "prod": 0, "target": 7, "value": 0.039721696404015572, "supply": "[{\"l\":'Labor',\"v\":0.039721696404015572}]"}, {"source": 25, "prod": 0, "target": 0, "value": 0.49949069109204819, "supply": "[{\"l\":'Labor',\"v\":0.49949069109204819}]"}, {"source": 25, "prod": 0, "target": 9, "value": 0.30111359759471218, "supply": "[{\"l\":'Labor',\"v\":0.30111359759471218}]"}, {"source": 25, "prod": 0, "target": 10, "value": 0.095949107430282274, "supply": "[{\"l\":'Labor',\"v\":0.095949107430282274}]"}, {"source": 22, "prod": 0, "target": 16, "value": 0.54007350229583206, "supply": "[{\"l\":'Fossil Fuels',\"v\":0.54007350229583206}]"}, {"source": 23, "prod": 0, "target": 16, "value": 0.86356756624119291, "supply": "[{\"l\":'Renewables & Nuclear',\"v\":0.013013681535818708},{\"l\":'Biomass & Waste',\"v\":0.85055388470537419}]"}]}