{"nodes": [{"name": "Balance", "fill": "#9edae5"}, {"name": "Food", "fill": "#b5cf6b"}, {"name": "Stock Deposit", "fill": "#c7c7c7"}, {"name": "Export", "fill": "#aec7e8"}, {"name": "Biofuels & Other", "fill": "#e7ba52"}, {"name": "Crop Residue", "fill": "#bd9e39"}, {"name": "Renewables & Nuclear", "fill": "#2ca02c"}, {"name": "Fossil Fuels", "fill": "#c49c94"}, {"name": "Stock Draw", "fill": "#c7c7c7"}, {"name": "Labor", "fill": "#7f7f7f"}], "links": [{"source": 0, "target": 1, "value": 0.17800893686023569}, {"source": 0, "target": 2, "value": 0.045280582614809342}, {"source": 0, "target": 3, "value": 0.16539735054967758}, {"source": 0, "target": 4, "value": 0.032442697616371127}, {"source": 0, "target": 5, "value": 0.94973009274534925}, {"source": 6, "target": 0, "value": 0.034528101814707772}, {"source": 7, "target": 0, "value": 0.029984019366999449}, {"source": 8, "target": 0, "value": 0.0082979511153556569}, {"source": 9, "target": 0, "value": 0.032727601125348046}]}