{"nodes": [{"layer": 13, "name": "Pigmeat"}, {"layer": 16, "name": "Food", "fill": "#b5cf6b"}, {"layer": 5, "name": "Roots, Other"}, {"layer": 5, "name": "Wheat"}, {"layer": 5, "name": "Coconuts - Incl Copra"}, {"layer": 13, "name": "Bovine Meat"}, {"layer": 5, "name": "Vegetables, Other"}, {"layer": 5, "name": "Fruits, Other"}, {"layer": 5, "name": "Yams"}, {"layer": 13, "name": "Sugar", "fill": "#d6616b"}, {"layer": 13, "name": "Milk - Excluding Butter"}, {"layer": 13, "name": "Beer"}, {"layer": 13, "name": "Pelagic Fish"}, {"layer": 13, "name": "Marine Fish, Other"}, {"layer": 5, "name": "Pulses, Other"}, {"layer": 13, "name": "Fish, Seafood"}, {"layer": 13, "name": "Oilcrops Oil, Other"}, {"layer": 5, "name": "Rice"}, {"layer": 5, "name": "Sweet potatoes"}, {"layer": 5, "name": "Cassava"}, {"layer": 16, "name": "Biofuels & Other", "fill": "#e7ba52"}, {"name": "Waste", "fill": "#c7c7c7"}, {"layer": 2, "name": "Import", "fill": "#aec7e8"}, {"layer": 10, "name": "Processing", "fill": "#9edae5"}, {"layer": 10, "name": "Feed", "fill": "#dbdb8d"}, {"layer": 16, "name": "Export", "fill": "#aec7e8"}, {"layer": 13, "name": "Palm Oil"}, {"layer": 5, "name": "Palm kernels"}, {"layer": 16, "name": "Stock Deposit", "fill": "#c7c7c7"}, {"layer": 0, "name": "Stock Draw", "fill": "#c7c7c7"}, {"layer": 5, "name": "Oil Palm"}, {"layer": 2, "name": "Electricity", "fill": "#bcbd22"}, {"layer": 0, "name": "Fossil Fuels", "fill": "#c49c94"}, {"layer": 0, "name": "Renewables & Nuclear", "fill": "#2ca02c"}, {"layer": 0, "name": "Labor", "fill": "#7f7f7f"}], "links": [{"source": 0, "prod": 2.0, "target": 1, "value": 0.0083528962150616736, "supply": [{"l": "Pigmeat", "v": 0.0083528962150616736}]}, {"source": 2, "prod": 18.0, "target": 1, "value": 0.016353495909690777, "supply": [{"l": "Roots, Other", "v": 0.016353495909690777}]}, {"source": 3, "prod": 5.0, "target": 1, "value": 0.015193071977767363, "supply": [{"l": "Wheat", "v": 0.015193071977767363}]}, {"source": 4, "prod": 15.0, "target": 1, "value": 0.019318947171799147, "supply": [{"l": "Coconuts - Incl Copra", "v": 0.019318947171799147}]}, {"source": 5, "prod": 1.0, "target": 1, "value": 0.0023548068420742134, "supply": [{"l": "Bovine Meat", "v": 0.0023548068420742134}]}, {"source": 6, "prod": 5.0, "target": 1, "value": 0.0012440310315858885, "supply": [{"l": "Vegetables, Other", "v": 0.0012440310315858885}]}, {"source": 7, "prod": 10.0, "target": 1, "value": 0.0052260464262926564, "supply": [{"l": "Fruits, Other", "v": 0.0052260464262926564}]}, {"source": 8, "prod": 17.0, "target": 1, "value": 0.018413869446136922, "supply": [{"l": "Yams", "v": 0.018413869446136922}]}, {"source": 9, "prod": 2.0, "target": 1, "value": 0.008329129675638796, "supply": [{"l": "Sugar", "v": 0.008329129675638796}]}, {"source": 10, "prod": 4.0, "target": 1, "value": 0.0018929840171906355, "supply": [{"l": "Milk - Excluding Butter", "v": 0.0018929840171906355}]}, {"source": 11, "prod": 2.0, "target": 1, "value": 0.00098037336225173218, "supply": [{"l": "Beer", "v": 0.00098037336225173218}]}, {"source": 12, "prod": 2.0, "target": 1, "value": 0.0021769316197692307, "supply": [{"l": "Pelagic Fish", "v": 0.0021769316197692307}]}, {"source": 13, "prod": 11.0, "target": 1, "value": 0.0084582730034506795, "supply": [{"l": "Marine Fish, Other", "v": 0.0084582730034506795}]}, {"source": 14, "prod": 1.0, "target": 1, "value": 0.0039629111211147159, "supply": [{"l": "Pulses, Other", "v": 0.0039629111211147159}]}, {"source": 15, "prod": 13.0, "target": 1, "value": 0.010790934284684563, "supply": [{"l": "Fish, Seafood", "v": 0.010790934284684563}]}, {"source": 16, "prod": 1.0, "target": 1, "value": 0.010249537203742453, "supply": [{"l": "Oilcrops Oil, Other", "v": 0.010249537203742453}]}, {"source": 17, "prod": 6.0, "target": 1, "value": 0.024900666113813572, "supply": [{"l": "Rice", "v": 0.024900666113813572}]}, {"source": 18, "prod": 47.0, "target": 1, "value": 0.053534622712973885, "supply": [{"l": "Sweet potatoes", "v": 0.053534622712973885}]}, {"source": 19, "prod": 1.0, "target": 1, "value": 0.0013190729729957626, "supply": [{"l": "Cassava", "v": 0.0013190729729957626}]}, {"source": 4, "prod": 42.0, "target": 20, "value": 0.054093052081037624, "supply": [{"l": "Coconuts - Incl Copra", "v": 0.054093052081037624}]}, {"source": 18, "prod": 1.0, "target": 21, "value": 0.0011390345258079548, "supply": [{"l": "Sweet potatoes", "v": 0.0011390345258079548}]}, {"source": 7, "prod": 1.0, "target": 21, "value": 0.00052260464262926564, "supply": [{"l": "Fruits, Other", "v": 0.00052260464262926564}]}, {"source": 22, "prod": 5.0, "target": 23, "value": 0.019559040241632981, "supply": [{"l": "Beer", "v": 0.00098037336225173218}, {"l": "Oilcrops Oil, Other", "v": 0.010249537203742453}, {"l": "Sugar", "v": 0.008329129675638796}]}, {"source": 22, "prod": 5.0, "target": 3, "value": 0.015193071977767363, "supply": [{"l": "Wheat", "v": 0.015193071977767363}]}, {"source": 22, "prod": 5.0, "target": 24, "value": 0.0049003046281267965, "supply": [{"l": "Milk - Excluding Butter", "v": 0.00094649200859531777}, {"l": "Fish, Seafood", "v": 0.00083007186805265877}, {"l": "Marine Fish, Other", "v": 0.00076893390940460714}, {"l": "Bovine Meat", "v": 0.0023548068420742134}]}, {"source": 22, "prod": 5.0, "target": 17, "value": 0.020750555094844639, "supply": [{"l": "Rice", "v": 0.020750555094844639}]}, {"source": 12, "prod": 25.0, "target": 25, "value": 0.027211645247115387, "supply": [{"l": "Pelagic Fish", "v": 0.027211645247115387}]}, {"source": 4, "prod": 158.0, "target": 25, "value": 0.20349291020961771, "supply": [{"l": "Coconuts - Incl Copra", "v": 0.20349291020961771}]}, {"source": 15, "prod": 25.0, "target": 25, "value": 0.02075179670131647, "supply": [{"l": "Fish, Seafood", "v": 0.02075179670131647}]}, {"source": 26, "prod": 13.0, "target": 25, "value": 0.13489719603836667, "supply": [{"l": "Palm Oil", "v": 0.13489719603836667}]}, {"source": 27, "prod": 2.0, "target": 25, "value": 0.0025758596229065534, "supply": [{"l": "Palm kernels", "v": 0.0025758596229065534}]}, {"source": 17, "prod": 3.0, "target": 25, "value": 0.012450333056906786, "supply": [{"l": "Rice", "v": 0.012450333056906786}]}, {"source": 17, "prod": 3.0, "target": 28, "value": 0.012450333056906786, "supply": [{"l": "Rice", "v": 0.012450333056906786}]}, {"source": 4, "prod": 10.0, "target": 28, "value": 0.012879298114532766, "supply": [{"l": "Coconuts - Incl Copra", "v": 0.012879298114532766}]}, {"source": 29, "prod": 6.0, "target": 24, "value": 0.0057556130338118228, "supply": [{"l": "Pelagic Fish", "v": 0.0032653974296538461}, {"l": "Fish, Seafood", "v": 0.0024902156041579763}]}, {"source": 24, "prod": 2.0, "target": 0, "value": 0.0083528962150616736, "supply": [{"l": "Pigmeat", "v": 0.0083528962150616736}]}, {"source": 24, "prod": 27.0, "target": 12, "value": 0.029388576866884619, "supply": [{"l": "Pelagic Fish", "v": 0.029388576866884619}]}, {"source": 24, "prod": 1.0, "target": 5, "value": 0.0023548068420742134, "supply": [{"l": "Bovine Meat", "v": 0.0023548068420742134}]}, {"source": 24, "prod": 4.0, "target": 10, "value": 0.0018929840171906355, "supply": [{"l": "Milk - Excluding Butter", "v": 0.0018929840171906355}]}, {"source": 24, "prod": 11.0, "target": 13, "value": 0.0084582730034506795, "supply": [{"l": "Marine Fish, Other", "v": 0.0084582730034506795}]}, {"source": 24, "prod": 38.0, "target": 15, "value": 0.031542730986001036, "supply": [{"l": "Fish, Seafood", "v": 0.031542730986001036}]}, {"source": 23, "prod": 13.0, "target": 26, "value": 0.13489719603836667, "supply": [{"l": "Palm Oil", "v": 0.13489719603836667}]}, {"source": 23, "prod": 2.0, "target": 11, "value": 0.00098037336225173218, "supply": [{"l": "Beer", "v": 0.00098037336225173218}]}, {"source": 23, "prod": 1.0, "target": 16, "value": 0.010249537203742453, "supply": [{"l": "Oilcrops Oil, Other", "v": 0.010249537203742453}]}, {"source": 23, "prod": 2.0, "target": 9, "value": 0.008329129675638796, "supply": [{"l": "Sugar", "v": 0.008329129675638796}]}, {"source": 30, "prod": 63.555555555555557, "target": 23, "value": 0.26979439207673334, "supply": [{"l": "Oil Palm", "v": 0.26979439207673334}]}, {"source": 31, "prod": 0, "target": 23, "value": 0.00017962607550692046, "supply": "[{\"l\":'Electricity',\"v\":0.00017962607550692046}]"}, {"source": 32, "prod": 0, "target": 31, "value": 9.8806794943270338e-05, "supply": [{"l": "Coal", "v": 1.4437578581819635e-06}, {"l": "Natural gas", "v": 2.308219085068554e-05}, {"l": "Oil", "v": 7.4280846234402837e-05}]}, {"source": 33, "prod": 0, "target": 31, "value": 0.00014060318376268584, "supply": [{"l": "Nuclear", "v": 0.0}, {"l": "Hydroelectric", "v": 0.00014017884449654192}, {"l": "Renewable", "v": 4.2433926614391517e-07}]}, {"source": 32, "prod": 0, "target": 6, "value": 0.00032041728788673624, "supply": [{"l": "Gas-Diesel oil", "v": 0.00032041728788673624}]}, {"source": 32, "prod": 0, "target": 4, "value": 0.014418777954903131, "supply": [{"l": "Gas-Diesel oil", "v": 0.014418777954903131}]}, {"source": 32, "prod": 0, "target": 2, "value": 0.001185543965180924, "supply": [{"l": "Gas-Diesel oil", "v": 0.001185543965180924}]}, {"source": 32, "prod": 0, "target": 7, "value": 0.00070491803335081963, "supply": [{"l": "Gas-Diesel oil", "v": 0.00070491803335081963}]}, {"source": 32, "prod": 0, "target": 8, "value": 0.0010894187788149032, "supply": [{"l": "Gas-Diesel oil", "v": 0.0010894187788149032}]}, {"source": 32, "prod": 0, "target": 18, "value": 0.003076005963712668, "supply": [{"l": "Gas-Diesel oil", "v": 0.003076005963712668}]}, {"source": 32, "prod": 0, "target": 14, "value": 9.6125186366020874e-05, "supply": [{"l": "Gas-Diesel oil", "v": 9.6125186366020874e-05}]}, {"source": 32, "prod": 0, "target": 30, "value": 0.0020364298741245902, "supply": [{"l": "Gas-Diesel oil", "v": 0.0020364298741245902}]}, {"source": 32, "prod": 0, "target": 27, "value": 0.00012816691515469449, "supply": [{"l": "Gas-Diesel oil", "v": 0.00012816691515469449}]}, {"source": 32, "prod": 0, "target": 17, "value": 0.00060879284698479874, "supply": [{"l": "Gas-Diesel oil", "v": 0.00060879284698479874}]}, {"source": 32, "prod": 0, "target": 19, "value": 6.4083457577347245e-05, "supply": [{"l": "Gas-Diesel oil", "v": 6.4083457577347245e-05}]}, {"source": 34, "prod": 0, "target": 2, "value": 0.0019612488164405602, "supply": "[{\"l\":'Labor',\"v\":0.0019612488164405602}]"}, {"source": 34, "prod": 0, "target": 7, "value": 0.0011661479449106035, "supply": "[{\"l\":'Labor',\"v\":0.0011661479449106035}]"}, {"source": 34, "prod": 0, "target": 8, "value": 0.0018022286421345689, "supply": "[{\"l\":'Labor',\"v\":0.0018022286421345689}]"}, {"source": 34, "prod": 0, "target": 17, "value": 0.001007127770604612, "supply": "[{\"l\":'Labor',\"v\":0.001007127770604612}]"}, {"source": 34, "prod": 0, "target": 3, "value": 0.00026503362384331898, "supply": "[{\"l\":'Labor',\"v\":0.00026503362384331898}]"}, {"source": 34, "prod": 0, "target": 4, "value": 0.023853026145898709, "supply": "[{\"l\":'Labor',\"v\":0.023853026145898709}]"}, {"source": 34, "prod": 0, "target": 6, "value": 0.00053006724768663797, "supply": "[{\"l\":'Labor',\"v\":0.00053006724768663797}]"}, {"source": 34, "prod": 0, "target": 30, "value": 0.0033688718408528546, "supply": "[{\"l\":'Labor',\"v\":0.0033688718408528546}]"}, {"source": 34, "prod": 0, "target": 14, "value": 0.00015902017430599139, "supply": "[{\"l\":'Labor',\"v\":0.00015902017430599139}]"}, {"source": 34, "prod": 0, "target": 18, "value": 0.0050886455777917243, "supply": "[{\"l\":'Labor',\"v\":0.0050886455777917243}]"}, {"source": 34, "prod": 0, "target": 27, "value": 0.00021202689907465517, "supply": "[{\"l\":'Labor',\"v\":0.00021202689907465517}]"}, {"source": 34, "prod": 0, "target": 19, "value": 0.00010601344953732759, "supply": "[{\"l\":'Labor',\"v\":0.00010601344953732759}]"}, {"source": 32, "prod": 0, "target": 22, "value": 0.0052651444874419195, "supply": "[{\"l\":'Fossil Fuels',\"v\":0.0052651444874419195}]"}, {"source": 33, "prod": 0, "target": 22, "value": 0.031242743819425663, "supply": "[{\"l\":'Renewables & Nuclear',\"v\":0.00065702169823242428},{\"l\":'Biomass & Waste',\"v\":0.030585722121193239}]"}]}