{"nodes": [{"layer": 3, "name": "Vegetables"}, {"layer": 5, "name": "Production", "fill": "#b5cf6b"}, {"layer": 3, "name": "Starchy Roots"}, {"layer": 3, "name": "Pulses"}, {"layer": 3, "name": "Cereals - Excluding Beer"}, {"layer": 3, "name": "Fruits - Excluding Wine"}, {"layer": 3, "name": "Oilcrops", "fill": "#ff9896"}, {"layer": 0, "name": "Fossil Fuels", "fill": "#c49c94"}, {"layer": 0, "name": "Labor", "fill": "#7f7f7f"}], "links": [{"source": 0, "prod": 5.0, "target": 1, "value": 0.0012496652300985056, "supply": [{"l": "Vegetables, Other", "v": 0.0012496652300985056}]}, {"source": 2, "prod": 87.0, "target": 1, "value": 0.09380644204396274, "supply": [{"l": "Roots, Other", "v": 0.01723023336177569}, {"l": "Yams", "v": 0.01945251437552142}, {"l": "Sweet potatoes", "v": 0.055833772117603472}, {"l": "Cassava", "v": 0.0012899221890621548}]}, {"source": 3, "prod": 2.0, "target": 1, "value": 0.0079422892321258064, "supply": [{"l": "Pulses, Other", "v": 0.0079422892321258064}]}, {"source": 4, "prod": 10.0, "target": 1, "value": 0.041546351225506518, "supply": [{"l": "Rice", "v": 0.041546351225506518}]}, {"source": 5, "prod": 11.0, "target": 1, "value": 0.0057673357419520043, "supply": [{"l": "Fruits, Other", "v": 0.0057673357419520043}]}, {"source": 6, "prod": 294.24137931034483, "target": 1, "value": 0.60733383863162671, "supply": [{"l": "Coconuts - Incl Copra", "v": 0.27686738616089507}, {"l": "Palm kernels", "v": 0.0025755105689385586}, {"l": "Oil Palm", "v": 0.32789094190179313}]}, {"source": 7, "prod": 0, "target": 6, "value": 0.017136613309024672, "supply": [{"l": "Gas-Diesel oil", "v": 0.017136613309024672}]}, {"source": 7, "prod": 0, "target": 0, "value": 0.0002849061434166803, "supply": [{"l": "Gas-Diesel oil", "v": 0.0002849061434166803}]}, {"source": 7, "prod": 0, "target": 2, "value": 0.0049288762811085692, "supply": [{"l": "Gas-Diesel oil", "v": 0.0049288762811085692}]}, {"source": 7, "prod": 0, "target": 3, "value": 8.5471843025004089e-05, "supply": [{"l": "Gas-Diesel oil", "v": 8.5471843025004089e-05}]}, {"source": 7, "prod": 0, "target": 5, "value": 0.00065528412985836474, "supply": [{"l": "Gas-Diesel oil", "v": 0.00065528412985836474}]}, {"source": 7, "prod": 0, "target": 4, "value": 0.00079773720156670492, "supply": [{"l": "Gas-Diesel oil", "v": 0.00079773720156670492}]}, {"source": 8, "prod": 0, "target": 6, "value": 0.028894302724360391, "supply": "[{\"l\":'Labor',\"v\":0.028894302724360391}]"}, {"source": 8, "prod": 0, "target": 0, "value": 0.00048038455483944917, "supply": "[{\"l\":'Labor',\"v\":0.00048038455483944917}]"}, {"source": 8, "prod": 0, "target": 2, "value": 0.0083106527987224701, "supply": "[{\"l\":'Labor',\"v\":0.0083106527987224701}]"}, {"source": 8, "prod": 0, "target": 3, "value": 0.00014411536645183475, "supply": "[{\"l\":'Labor',\"v\":0.00014411536645183475}]"}, {"source": 8, "prod": 0, "target": 5, "value": 0.0011048844761307331, "supply": "[{\"l\":'Labor',\"v\":0.0011048844761307331}]"}, {"source": 8, "prod": 0, "target": 4, "value": 0.0013450767535504579, "supply": "[{\"l\":'Labor',\"v\":0.0013450767535504579}]"}]}