{"nodes": [{"layer": 13, "name": "Pigmeat"}, {"layer": 16, "name": "Food", "fill": "#b5cf6b"}, {"layer": 5, "name": "Roots, Other"}, {"layer": 5, "name": "Wheat"}, {"layer": 5, "name": "Coconuts - Incl Copra"}, {"layer": 13, "name": "Bovine Meat"}, {"layer": 5, "name": "Vegetables, Other"}, {"layer": 5, "name": "Fruits, Other"}, {"layer": 5, "name": "Yams"}, {"layer": 13, "name": "Sugar", "fill": "#d6616b"}, {"layer": 13, "name": "Milk - Excluding Butter"}, {"layer": 13, "name": "Beer"}, {"layer": 13, "name": "Pelagic Fish"}, {"layer": 13, "name": "Marine Fish, Other"}, {"layer": 5, "name": "Pulses, Other"}, {"layer": 13, "name": "Fish, Seafood"}, {"layer": 5, "name": "Rice"}, {"layer": 5, "name": "Sweet potatoes"}, {"layer": 5, "name": "Cassava"}, {"layer": 16, "name": "Biofuels & Other", "fill": "#e7ba52"}, {"name": "Waste", "fill": "#c7c7c7"}, {"layer": 2, "name": "Import", "fill": "#aec7e8"}, {"layer": 10, "name": "Processing", "fill": "#9edae5"}, {"layer": 10, "name": "Feed", "fill": "#dbdb8d"}, {"layer": 16, "name": "Export", "fill": "#aec7e8"}, {"layer": 16, "name": "Stock Deposit", "fill": "#c7c7c7"}, {"name": "Crop Residue", "fill": "#bd9e39"}, {"layer": 2, "name": "Electricity", "fill": "#bcbd22"}, {"layer": 0, "name": "Fossil Fuels", "fill": "#c49c94"}, {"layer": 0, "name": "Renewables & Nuclear", "fill": "#2ca02c"}, {"layer": 0, "name": "Labor", "fill": "#7f7f7f"}], "links": [{"source": 0, "prod": 1.0, "target": 1, "value": 0.0041328395841237833, "supply": [{"l": "Pigmeat", "v": 0.0041328395841237833}]}, {"source": 2, "prod": 14.0, "target": 1, "value": 0.012734016370425129, "supply": [{"l": "Roots, Other", "v": 0.012734016370425129}]}, {"source": 3, "prod": 3.0, "target": 1, "value": 0.0087915802733351672, "supply": [{"l": "Wheat", "v": 0.0087915802733351672}]}, {"source": 4, "prod": 12.0, "target": 1, "value": 0.015475503767878479, "supply": [{"l": "Coconuts - Incl Copra", "v": 0.015475503767878479}]}, {"source": 5, "prod": 1.0, "target": 1, "value": 0.0022870654796392905, "supply": [{"l": "Bovine Meat", "v": 0.0022870654796392905}]}, {"source": 6, "prod": 4.0, "target": 1, "value": 0.00099924730087767974, "supply": [{"l": "Vegetables, Other", "v": 0.00099924730087767974}]}, {"source": 7, "prod": 9.0, "target": 1, "value": 0.0047021722987015393, "supply": [{"l": "Fruits, Other", "v": 0.0047021722987015393}]}, {"source": 8, "prod": 15.0, "target": 1, "value": 0.016261656141673825, "supply": [{"l": "Yams", "v": 0.016261656141673825}]}, {"source": 9, "prod": 1.0, "target": 1, "value": 0.004199000217806911, "supply": [{"l": "Sugar", "v": 0.004199000217806911}]}, {"source": 10, "prod": 3.0, "target": 1, "value": 0.0013219775061228374, "supply": [{"l": "Milk - Excluding Butter", "v": 0.0013219775061228374}]}, {"source": 11, "prod": 1.0, "target": 1, "value": 0.00051558906784008099, "supply": [{"l": "Beer", "v": 0.00051558906784008099}]}, {"source": 12, "prod": 1.0, "target": 1, "value": 0.0010629149692769953, "supply": [{"l": "Pelagic Fish", "v": 0.0010629149692769953}]}, {"source": 13, "prod": 9.0, "target": 1, "value": 0.0066876509133272956, "supply": [{"l": "Marine Fish, Other", "v": 0.0066876509133272956}]}, {"source": 14, "prod": 1.0, "target": 1, "value": 0.0039603653957317785, "supply": [{"l": "Pulses, Other", "v": 0.0039603653957317785}]}, {"source": 15, "prod": 10.0, "target": 1, "value": 0.0074912058680294113, "supply": [{"l": "Fish, Seafood", "v": 0.0074912058680294113}]}, {"source": 16, "prod": 4.0, "target": 1, "value": 0.01661910861894686, "supply": [{"l": "Rice", "v": 0.01661910861894686}]}, {"source": 17, "prod": 44.0, "target": 1, "value": 0.050162867432913129, "supply": [{"l": "Sweet potatoes", "v": 0.050162867432913129}]}, {"source": 18, "prod": 1.0, "target": 1, "value": 0.0012820520109714764, "supply": [{"l": "Cassava", "v": 0.0012820520109714764}]}, {"source": 4, "prod": 44.0, "target": 19, "value": 0.056743513815554439, "supply": [{"l": "Coconuts - Incl Copra", "v": 0.056743513815554439}]}, {"source": 17, "prod": 1.0, "target": 20, "value": 0.0011400651689298439, "supply": [{"l": "Sweet potatoes", "v": 0.0011400651689298439}]}, {"source": 21, "prod": 2.0, "target": 22, "value": 0.0047145892856469921, "supply": [{"l": "Beer", "v": 0.00051558906784008099}, {"l": "Sugar", "v": 0.004199000217806911}]}, {"source": 21, "prod": 3.0, "target": 3, "value": 0.0087915802733351672, "supply": [{"l": "Wheat", "v": 0.0087915802733351672}]}, {"source": 21, "prod": 5.0, "target": 23, "value": 0.004980419373134452, "supply": [{"l": "Milk - Excluding Butter", "v": 0.00088131833741522507}, {"l": "Pelagic Fish", "v": 0.0010629149692769953}, {"l": "Fish, Seafood", "v": 0.00074912058680294113}, {"l": "Bovine Meat", "v": 0.0022870654796392905}]}, {"source": 21, "prod": 3.0, "target": 16, "value": 0.012464331464210143, "supply": [{"l": "Rice", "v": 0.012464331464210143}]}, {"source": 12, "prod": 7.0, "target": 24, "value": 0.0074404047849389674, "supply": [{"l": "Pelagic Fish", "v": 0.0074404047849389674}]}, {"source": 15, "prod": 7.0, "target": 24, "value": 0.0052438441076205888, "supply": [{"l": "Fish, Seafood", "v": 0.0052438441076205888}]}, {"source": 4, "prod": 119.0, "target": 24, "value": 0.15346541236479494, "supply": [{"l": "Coconuts - Incl Copra", "v": 0.15346541236479494}]}, {"source": 12, "prod": 1.0, "target": 25, "value": 0.0010629149692769953, "supply": [{"l": "Pelagic Fish", "v": 0.0010629149692769953}]}, {"source": 4, "prod": 1.0, "target": 25, "value": 0.0012896253139898734, "supply": [{"l": "Coconuts - Incl Copra", "v": 0.0012896253139898734}]}, {"source": 15, "prod": 1.0, "target": 25, "value": 0.00074912058680294113, "supply": [{"l": "Fish, Seafood", "v": 0.00074912058680294113}]}, {"source": 23, "prod": 1.0, "target": 0, "value": 0.0041328395841237833, "supply": [{"l": "Pigmeat", "v": 0.0041328395841237833}]}, {"source": 23, "prod": 9.0, "target": 12, "value": 0.0095662347234929581, "supply": [{"l": "Pelagic Fish", "v": 0.0095662347234929581}]}, {"source": 23, "prod": 1.0, "target": 5, "value": 0.0022870654796392905, "supply": [{"l": "Bovine Meat", "v": 0.0022870654796392905}]}, {"source": 23, "prod": 3.0, "target": 10, "value": 0.0013219775061228374, "supply": [{"l": "Milk - Excluding Butter", "v": 0.0013219775061228374}]}, {"source": 23, "prod": 9.0, "target": 13, "value": 0.0066876509133272956, "supply": [{"l": "Marine Fish, Other", "v": 0.0066876509133272956}]}, {"source": 23, "prod": 18.0, "target": 15, "value": 0.013484170562452942, "supply": [{"l": "Fish, Seafood", "v": 0.013484170562452942}]}, {"source": 22, "prod": 1.0, "target": 11, "value": 0.00051558906784008099, "supply": [{"l": "Beer", "v": 0.00051558906784008099}]}, {"source": 22, "prod": 1.0, "target": 9, "value": 0.004199000217806911, "supply": [{"l": "Sugar", "v": 0.004199000217806911}]}, {"source": 6, "prod": 4.0, "target": 26, "value": 0.013946666640000001, "supply": [{"l": "Vegetables, Other", "v": 0.013946666640000001}]}, {"source": 3, "prod": 3.0, "target": 26, "value": 0.010459999980000001, "supply": [{"l": "Wheat", "v": 0.010459999980000001}]}, {"source": 4, "prod": 176.0, "target": 26, "value": 0.61365333216000006, "supply": [{"l": "Coconuts - Incl Copra", "v": 0.61365333216000006}]}, {"source": 2, "prod": 7.25, "target": 26, "value": 0.025278333284999999, "supply": [{"l": "Roots, Other", "v": 0.025278333284999999}]}, {"source": 8, "prod": 7.5, "target": 26, "value": 0.026149999949999999, "supply": [{"l": "Yams", "v": 0.026149999949999999}]}, {"source": 17, "prod": 22.5, "target": 26, "value": 0.078449999850000007, "supply": [{"l": "Sweet potatoes", "v": 0.078449999850000007}]}, {"source": 14, "prod": 1.0, "target": 26, "value": 0.0034866666600000002, "supply": [{"l": "Pulses, Other", "v": 0.0034866666600000002}]}, {"source": 16, "prod": 5.0, "target": 26, "value": 0.017433333300000003, "supply": [{"l": "Rice", "v": 0.017433333300000003}]}, {"source": 18, "prod": 0.5, "target": 26, "value": 0.0017433333299999999, "supply": [{"l": "Cassava", "v": 0.0017433333299999999}]}, {"source": 27, "prod": 0, "target": 22, "value": 3.2555036127921465e-05, "supply": "[{\"l\":'Electricity',\"v\":3.2555036127921465e-05}]"}, {"source": 28, "prod": 0, "target": 27, "value": 2.2801811959035717e-05, "supply": [{"l": "Coal", "v": 1.5068991419495429e-06}, {"l": "Natural gas", "v": 2.69643479201702e-06}, {"l": "Oil", "v": 1.8598478025069154e-05}]}, {"source": 29, "prod": 0, "target": 27, "value": 2.3767421200387717e-05, "supply": [{"l": "Nuclear", "v": 0.0}, {"l": "Hydroelectric", "v": 2.3641307323700952e-05}, {"l": "Renewable", "v": 1.2611387668676472e-07}]}, {"source": 28, "prod": 0, "target": 6, "value": 0.00035456606913543599, "supply": [{"l": "Gas-Diesel oil", "v": 0.00035456606913543599}]}, {"source": 28, "prod": 0, "target": 4, "value": 0.015600907041959182, "supply": [{"l": "Gas-Diesel oil", "v": 0.015600907041959182}]}, {"source": 28, "prod": 0, "target": 2, "value": 0.0012853020006159555, "supply": [{"l": "Gas-Diesel oil", "v": 0.0012853020006159555}]}, {"source": 28, "prod": 0, "target": 7, "value": 0.00079777365555473094, "supply": [{"l": "Gas-Diesel oil", "v": 0.00079777365555473094}]}, {"source": 28, "prod": 0, "target": 8, "value": 0.0013296227592578848, "supply": [{"l": "Gas-Diesel oil", "v": 0.0013296227592578848}]}, {"source": 28, "prod": 0, "target": 17, "value": 0.0039888682777736544, "supply": [{"l": "Gas-Diesel oil", "v": 0.0039888682777736544}]}, {"source": 28, "prod": 0, "target": 14, "value": 8.8641517283858997e-05, "supply": [{"l": "Gas-Diesel oil", "v": 8.8641517283858997e-05}]}, {"source": 28, "prod": 0, "target": 16, "value": 0.0002216037932096475, "supply": [{"l": "Gas-Diesel oil", "v": 0.0002216037932096475}]}, {"source": 28, "prod": 0, "target": 18, "value": 8.8641517283858997e-05, "supply": [{"l": "Gas-Diesel oil", "v": 8.8641517283858997e-05}]}, {"source": 30, "prod": 0, "target": 6, "value": 0.00044633216789145787, "supply": "[{\"l\":'Labor',\"v\":0.00044633216789145787}]"}, {"source": 30, "prod": 0, "target": 3, "value": 0.00016737456295929669, "supply": "[{\"l\":'Labor',\"v\":0.00016737456295929669}]"}, {"source": 30, "prod": 0, "target": 4, "value": 0.019638615387224143, "supply": "[{\"l\":'Labor',\"v\":0.019638615387224143}]"}, {"source": 30, "prod": 0, "target": 2, "value": 0.0016179541086065348, "supply": "[{\"l\":'Labor',\"v\":0.0016179541086065348}]"}, {"source": 30, "prod": 0, "target": 7, "value": 0.0010042473777557802, "supply": "[{\"l\":'Labor',\"v\":0.0010042473777557802}]"}, {"source": 30, "prod": 0, "target": 8, "value": 0.0016737456295929669, "supply": "[{\"l\":'Labor',\"v\":0.0016737456295929669}]"}, {"source": 30, "prod": 0, "target": 14, "value": 0.00011158304197286447, "supply": "[{\"l\":'Labor',\"v\":0.00011158304197286447}]"}, {"source": 30, "prod": 0, "target": 16, "value": 0.0002789576049321612, "supply": "[{\"l\":'Labor',\"v\":0.0002789576049321612}]"}, {"source": 30, "prod": 0, "target": 17, "value": 0.0050212368887789013, "supply": "[{\"l\":'Labor',\"v\":0.0050212368887789013}]"}, {"source": 30, "prod": 0, "target": 18, "value": 0.00011158304197286447, "supply": "[{\"l\":'Labor',\"v\":0.00011158304197286447}]"}, {"source": 28, "prod": 0, "target": 21, "value": 0.0067719915325251479, "supply": "[{\"l\":'Fossil Fuels',\"v\":0.0067719915325251479}]"}, {"source": 29, "prod": 0, "target": 21, "value": 0.040045995652301991, "supply": "[{\"l\":'Renewables & Nuclear',\"v\":0.00052770181620712326},{\"l\":'Biomass & Waste',\"v\":0.03951829383609487}]"}]}