{"nodes": [{"name": "Balance", "fill": "#9edae5"}, {"name": "Food", "fill": "#b5cf6b"}, {"name": "Stock Deposit", "fill": "#c7c7c7"}, {"name": "Export", "fill": "#aec7e8"}, {"name": "Biofuels & Other", "fill": "#e7ba52"}, {"name": "Renewables & Nuclear", "fill": "#2ca02c"}, {"name": "Fossil Fuels", "fill": "#c49c94"}, {"name": "Stock Draw", "fill": "#c7c7c7"}, {"name": "Labor", "fill": "#7f7f7f"}], "links": [{"source": 0, "target": 1, "value": 0.24952311351897002}, {"source": 0, "target": 2, "value": 0.015517276607132462}, {"source": 0, "target": 3, "value": 0.39769005737085694}, {"source": 0, "target": 4, "value": 0.13918532542206929}, {"source": 5, "target": 0, "value": 0.027872648689505418}, {"source": 6, "target": 0, "value": 0.028997928701697737}, {"source": 7, "target": 0, "value": 0.016326920958914269}, {"source": 8, "target": 0, "value": 0.044304875006715629}]}