{"nodes": [{"layer": 13, "name": "Milk - Excluding Butter"}, {"layer": 16, "name": "Food", "fill": "#b5cf6b"}, {"layer": 13, "name": "Meat"}, {"layer": 5, "name": "Pulses"}, {"layer": 5, "name": "Vegetables"}, {"layer": 13, "name": "Alcoholic Beverages"}, {"layer": 5, "name": "Starchy Roots"}, {"layer": 13, "name": "Fish, Seafood"}, {"layer": 13, "name": "Sugar & Sweeteners"}, {"layer": 5, "name": "Fruits - Excluding Wine"}, {"layer": 5, "name": "Cereals - Excluding Beer"}, {"layer": 5, "name": "Oilcrops", "fill": "#ff9896"}, {"layer": 16, "name": "Biofuels & Other", "fill": "#e7ba52"}, {"name": "Waste", "fill": "#c7c7c7"}, {"layer": 0, "name": "Import", "fill": "#aec7e8"}, {"layer": 10, "name": "Processing", "fill": "#9edae5"}, {"layer": 10, "name": "Feed", "fill": "#dbdb8d"}, {"layer": 16, "name": "Export", "fill": "#aec7e8"}, {"layer": 16, "name": "Stock Deposit", "fill": "#c7c7c7"}, {"layer": 0, "name": "Production", "fill": "#b5cf6b"}], "links": [{"source": 0, "prod": 0.001185443481775931, "target": 1, "value": 3.0, "supply": [{"l": "Milk - Excluding Butter", "v": 3.0}]}, {"source": 2, "prod": 0.0062930156821483646, "target": 1, "value": 2.0, "supply": [{"l": "Pigmeat", "v": 1.0}, {"l": "Bovine Meat", "v": 1.0}]}, {"source": 3, "prod": 0.0039572189189872884, "target": 1, "value": 1.0, "supply": [{"l": "Pulses, Other", "v": 1.0}]}, {"source": 4, "prod": 0.00077213318364894928, "target": 1, "value": 3.0, "supply": [{"l": "Vegetables, Other", "v": 3.0}]}, {"source": 5, "prod": 0.00054145620644770415, "target": 1, "value": 1.0, "supply": [{"l": "Beer", "v": 1.0}]}, {"source": 6, "prod": 0.069657901908909164, "target": 1, "value": 64.0, "supply": [{"l": "Roots, Other", "v": 11.0}, {"l": "Yams", "v": 12.0}, {"l": "Sweet potatoes", "v": 41.0}]}, {"source": 7, "prod": 0.0074533412999281722, "target": 1, "value": 10.0, "supply": [{"l": "Marine Fish, Other", "v": 5.0}, {"l": "Fish, Seafood", "v": 5.0}]}, {"source": 8, "prod": 0.0041574905418788662, "target": 1, "value": 1.0, "supply": [{"l": "Sugar", "v": 1.0}]}, {"source": 9, "prod": 0.0041661572533964247, "target": 1, "value": 8.0, "supply": [{"l": "Fruits, Other", "v": 8.0}]}, {"source": 10, "prod": 0.018556747435510439, "target": 1, "value": 5.0, "supply": [{"l": "Wheat", "v": 2.0}, {"l": "Rice", "v": 3.0}]}, {"source": 11, "prod": 0.011621543908169567, "target": 1, "value": 9.0, "supply": [{"l": "Coconuts - Incl Copra", "v": 9.0}]}, {"source": 11, "prod": 0.028408218442192275, "target": 12, "value": 22.0, "supply": [{"l": "Coconuts - Incl Copra", "v": 22.0}]}, {"source": 6, "prod": 0.001139887175899134, "target": 13, "value": 1.0, "supply": [{"l": "Sweet potatoes", "v": 1.0}]}, {"source": 14, "prod": 0.018556747435510439, "target": 10, "value": 5.0, "supply": [{"l": "Wheat", "v": 2.0}, {"l": "Rice", "v": 3.0}]}, {"source": 14, "prod": 0.0046989467483265707, "target": 15, "value": 2.0, "supply": [{"l": "Beer", "v": 1.0}, {"l": "Sugar", "v": 1.0}]}, {"source": 14, "prod": 0.0029752306993591996, "target": 16, "value": 3.0, "supply": [{"l": "Milk - Excluding Butter", "v": 2.0}, {"l": "Bovine Meat", "v": 1.0}]}, {"source": 11, "prod": 0.15366263611913095, "target": 17, "value": 119.0, "supply": [{"l": "Coconuts - Incl Copra", "v": 119.0}]}, {"source": 10, "prod": 0.0041525285232592267, "target": 18, "value": 1.0, "supply": [{"l": "Rice", "v": 1.0}]}, {"source": 11, "prod": 0.011621543908169567, "target": 18, "value": 9.0, "supply": [{"l": "Coconuts - Incl Copra", "v": 9.0}]}, {"source": 19, "prod": 0.00077213318364894928, "target": 4, "value": 3.0, "supply": [{"l": "Vegetables, Other", "v": 3.0}]}, {"source": 19, "prod": 0.071877415035582953, "target": 6, "value": 66.0, "supply": [{"l": "Sweet potatoes", "v": 42.0}, {"l": "Roots, Other", "v": 11.0}, {"l": "Yams", "v": 13.0}]}, {"source": 19, "prod": 0.0039572189189872884, "target": 3, "value": 1.0, "supply": [{"l": "Pulses, Other", "v": 1.0}]}, {"source": 19, "prod": 0.0041661572533964247, "target": 9, "value": 8.0, "supply": [{"l": "Fruits, Other", "v": 8.0}]}, {"source": 19, "prod": 0.20660522503412565, "target": 11, "value": 160.0, "supply": [{"l": "Coconuts - Incl Copra", "v": 160.0}]}, {"source": 16, "prod": 0.001185443481775931, "target": 0, "value": 3.0, "supply": [{"l": "Milk - Excluding Butter", "v": 3.0}]}, {"source": 16, "prod": 0.0062930156821483646, "target": 2, "value": 2.0, "supply": [{"l": "Bovine Meat", "v": 1.0}, {"l": "Pigmeat", "v": 1.0}]}, {"source": 16, "prod": 0.0074533412999281722, "target": 7, "value": 10.0, "supply": [{"l": "Marine Fish, Other", "v": 5.0}, {"l": "Fish, Seafood", "v": 5.0}]}, {"source": 15, "prod": 0.0041574905418788662, "target": 8, "value": 1.0, "supply": [{"l": "Sugar", "v": 1.0}]}, {"source": 15, "prod": 0.00054145620644770415, "target": 5, "value": 1.0, "supply": [{"l": "Beer", "v": 1.0}]}]}