{"nodes": [{"layer": 3, "name": "Cereals", "fill": "#e7ba52"}, {"layer": 5, "name": "Production", "fill": "#b5cf6b"}, {"layer": 3, "name": "Oilcrops", "fill": "#ff9896"}, {"layer": 3, "name": "Fruits, Roots & Vegetables", "fill": "#98df8a"}, {"layer": 3, "name": "Sugar Crops", "fill": "#ffbb78"}, {"layer": 1, "name": "Electricity", "fill": "#bcbd22"}, {"layer": 0, "name": "Fossil Fuels", "fill": "#c49c94"}, {"layer": 0, "name": "Renewables & Nuclear", "fill": "#2ca02c"}, {"layer": 1, "name": "Fertilizers", "fill": "#c5b0d5"}, {"layer": 0, "name": "Labor", "fill": "#7f7f7f"}], "links": [{"source": 0, "prod": 125040.0, "target": 1, "value": 476.16982107677336, "supply": [{"l": "Maize", "v": 60.041503498569298}, {"l": "Barley", "v": 14.181751652883843}, {"l": "Cereals, Other", "v": 5.2268128190659242}, {"l": "Sorghum", "v": 75.747552013859007}, {"l": "Rice", "v": 212.62997158607047}, {"l": "Wheat", "v": 55.979233379206278}, {"l": "Oats", "v": 0.25819005430084935}, {"l": "Millet", "v": 52.104806072817667}]}, {"source": 2, "prod": 32728.696202531646, "target": 1, "value": 127.55754955978753, "supply": [{"l": "Sunflower seed", "v": 0.16057236925819565}, {"l": "Coconuts - Incl Copra", "v": 22.207552826182209}, {"l": "Sesame seed", "v": 5.2698849661142155}, {"l": "Cottonseed", "v": 17.995179313418479}, {"l": "Olives", "v": 0.0055369782502826094}, {"l": "Groundnuts", "v": 44.217351298170442}, {"l": "Oilcrops, Other", "v": 7.624419050639152}, {"l": "Soyabeans", "v": 1.0188039980520001}, {"l": "Rape and Mustardseed", "v": 8.5380204619357833}, {"l": "Palm kernels", "v": 3.3886306891729574}, {"l": "Oil Palm", "v": 17.131597608593815}]}, {"source": 3, "prod": 132021.0, "target": 1, "value": 154.51908811428999, "supply": [{"l": "Roots, Other", "v": 4.2748254152332006}, {"l": "Plantains", "v": 9.4304568740108259}, {"l": "Nuts", "v": 2.3540546924686367}, {"l": "Tomatoes", "v": 0.36251094639680959}, {"l": "Pepper", "v": 0.10661175225114525}, {"l": "Treenuts", "v": 2.3540546924686367}, {"l": "Vegetables, Other", "v": 8.0840855058282486}, {"l": "Peas", "v": 5.0919125351812884}, {"l": "Grapes", "v": 0.23359720241049431}, {"l": "Pimento", "v": 2.0963851498377695}, {"l": "Pulses, Other", "v": 45.40535125933674}, {"l": "Pineapples", "v": 0.41930368627310199}, {"l": "Citrus, Other", "v": 0.39282731078735772}, {"l": "Tea", "v": 0.73452444304000009}, {"l": "Grapefruit", "v": 0.05148363830695115}, {"l": "Fruits, Other", "v": 7.505647084656907}, {"l": "Yams", "v": 8.6190948600394091}, {"l": "Coffee", "v": 0.29456724291503478}, {"l": "Cloves", "v": 0.041269065387540105}, {"l": "Dates", "v": 0.24731836184595654}, {"l": "Cocoa Beans", "v": 2.0875493685575295}, {"l": "Potatoes", "v": 3.795343537131739}, {"l": "Beans", "v": 11.104294113774053}, {"l": "Apples", "v": 0.14263255972728001}, {"l": "Lemons, Limes", "v": 0.64270888766000001}, {"l": "Bananas", "v": 4.7763964033968627}, {"l": "Spices, Other", "v": 1.4125970327600426}, {"l": "Sweet potatoes", "v": 5.4165730632711089}, {"l": "Oranges, Mandarines", "v": 0.37402038667224324}, {"l": "Onions", "v": 0.72297350380282677}, {"l": "Cassava", "v": 25.944117538860237}]}, {"source": 4, "prod": 139941.0, "target": 1, "value": 45.278344223639138, "supply": [{"l": "Sugar cane", "v": 45.258931037700648}, {"l": "Sugar beet", "v": 0.019413185938490854}]}, {"source": 5, "prod": 0, "target": 3, "value": 0.049967316034885002, "supply": "[{\"l\":'Energy for power irrigation',\"v\":0.049967316034885002}]"}, {"source": 5, "prod": 0, "target": 4, "value": 0.052812665817515973, "supply": "[{\"l\":'Energy for power irrigation',\"v\":0.052812665817515973}]"}, {"source": 5, "prod": 0, "target": 0, "value": 0.04953765482027854, "supply": "[{\"l\":'Energy for power irrigation',\"v\":0.04953765482027854}]"}, {"source": 5, "prod": 0, "target": 2, "value": 0.011619098998953813, "supply": "[{\"l\":'Energy for power irrigation',\"v\":0.011619098998953813}]"}, {"source": 6, "prod": 0, "target": 5, "value": 0.15202969848536846, "supply": [{"l": "Coal", "v": 0.10071823279176817}, {"l": "Natural gas", "v": 0.0070425248965598538}, {"l": "Oil", "v": 0.044268940797040447}]}, {"source": 7, "prod": 0, "target": 5, "value": 0.10511131775329856, "supply": [{"l": "Nuclear", "v": 0.0}, {"l": "Hydroelectric", "v": 0.10444311650081825}, {"l": "Renewable", "v": 0.00066820125248030738}]}, {"source": 6, "prod": 0, "target": 3, "value": 1.8831135962016254, "supply": [{"l": "Motor Gasoline", "v": 0.27505046974057873}, {"l": "Gas-Diesel oil", "v": 0.37862477960595164}, {"l": "Natural gas (including LNG)", "v": 0.29068539281017458}, {"l": "Fuel oil", "v": 0.6738369624167817}, {"l": "Liquefied petroleum gas (LPG)", "v": 0.0093442653941212435}, {"l": "Coal", "v": 0.25557172623401736}]}, {"source": 6, "prod": 0, "target": 4, "value": 1.9903460290559523, "supply": [{"l": "Motor Gasoline", "v": 0.29071300390075888}, {"l": "Gas-Diesel oil", "v": 0.40018527194054804}, {"l": "Natural gas (including LNG)", "v": 0.30723824545226935}, {"l": "Fuel oil", "v": 0.71220808191422935}, {"l": "Liquefied petroleum gas (LPG)", "v": 0.0098763672882763477}, {"l": "Coal", "v": 0.27012505855986996}]}, {"source": 6, "prod": 0, "target": 0, "value": 1.8669209939329536, "supply": [{"l": "Motor Gasoline", "v": 0.27268535333480048}, {"l": "Gas-Diesel oil", "v": 0.37536904374509372}, {"l": "Natural gas (including LNG)", "v": 0.28818583412153143}, {"l": "Fuel oil", "v": 0.66804274270090602}, {"l": "Liquefied petroleum gas (LPG)", "v": 0.0092639155026834046}, {"l": "Coal", "v": 0.25337410452793824}]}, {"source": 6, "prod": 0, "target": 2, "value": 0.43788790427060165, "supply": [{"l": "Motor Gasoline", "v": 0.063958581153195013}, {"l": "Gas-Diesel oil", "v": 0.088043127924406356}, {"l": "Natural gas (including LNG)", "v": 0.067594232082691233}, {"l": "Fuel oil", "v": 0.1566899925144824}, {"l": "Liquefied petroleum gas (LPG)", "v": 0.0021728592468523364}, {"l": "Coal", "v": 0.059429111348974287}]}, {"source": 8, "prod": 784.4460476745702, "target": 3, "value": 10.272681729193923, "supply": [{"l": "Potash", "v": 0.75183179914961495}, {"l": "Phosphate", "v": 2.6454554624878375}, {"l": "Nitrogen", "v": 30.306142158144418}]}, {"source": 8, "prod": 829.11571513636193, "target": 4, "value": 10.857651566372938, "supply": [{"l": "Potash", "v": 0.75183179914961495}, {"l": "Phosphate", "v": 2.6454554624878375}, {"l": "Nitrogen", "v": 30.306142158144418}]}, {"source": 8, "prod": 777.70071755914478, "target": 0, "value": 10.18434852942891, "supply": [{"l": "Potash", "v": 0.75183179914961495}, {"l": "Phosphate", "v": 2.6454554624878375}, {"l": "Nitrogen", "v": 30.306142158144418}]}, {"source": 8, "prod": 182.41036362460392, "target": 2, "value": 2.3887475947860954, "supply": [{"l": "Potash", "v": 0.75183179914961495}, {"l": "Phosphate", "v": 2.6454554624878375}, {"l": "Nitrogen", "v": 30.306142158144418}]}, {"source": 6, "prod": 0, "target": 8, "value": 40.37255992409893, "supply": [{"l": "Natural gas (including LNG)", "v": 27.361684347536951}, {"l": "Fuel oil", "v": 7.6536228708269434}, {"l": "Liquefied petroleum gas (LPG)", "v": 2.6786263528675192}, {"l": "Coal", "v": 2.6786263528675192}]}, {"source": 9, "prod": 0, "target": 3, "value": 36.063673955188086, "supply": "[{\"l\":'Labor',\"v\":36.063673955188086}]"}, {"source": 9, "prod": 0, "target": 4, "value": 38.11729169958781, "supply": "[{\"l\":'Labor',\"v\":38.11729169958781}]"}, {"source": 9, "prod": 0, "target": 0, "value": 35.7535680062526, "supply": "[{\"l\":'Labor',\"v\":35.7535680062526}]"}, {"source": 9, "prod": 0, "target": 2, "value": 8.3860297330914459, "supply": "[{\"l\":'Labor',\"v\":8.3860297330914459}]"}]}