{"nodes": [{"name": "Balance", "fill": "#9edae5"}, {"name": "Food", "fill": "#b5cf6b"}, {"name": "Stock Deposit", "fill": "#c7c7c7"}, {"name": "Export", "fill": "#aec7e8"}, {"name": "Biofuels & Other", "fill": "#e7ba52"}, {"name": "Renewables & Nuclear", "fill": "#2ca02c"}, {"name": "Fossil Fuels", "fill": "#c49c94"}, {"name": "Stock Draw", "fill": "#c7c7c7"}, {"name": "Labor", "fill": "#7f7f7f"}], "links": [{"source": 0, "target": 1, "value": 1092.4443053680591}, {"source": 0, "target": 2, "value": 0.8964273273081772}, {"source": 0, "target": 3, "value": 47.468984190814567}, {"source": 0, "target": 4, "value": 25.717040080652129}, {"source": 5, "target": 0, "value": 127.63364063200154}, {"source": 6, "target": 0, "value": 275.71078022871586}, {"source": 7, "target": 0, "value": 38.112964642665695}, {"source": 8, "target": 0, "value": 188.67062455030492}]}