{"nodes": [{"layer": 13, "name": "Aquatic Products", "fill": "#1f77b4"}, {"layer": 10, "name": "Feed", "fill": "#dbdb8d"}, {"layer": 5, "name": "Starchy Roots"}, {"layer": 5, "name": "Cereals", "fill": "#e7ba52"}, {"layer": 5, "name": "Sugar Crops", "fill": "#ffbb78"}, {"layer": 13, "name": "Other Processed", "fill": "#9c9ede"}, {"layer": 16, "name": "Food", "fill": "#b5cf6b"}, {"layer": 13, "name": "Animal Products", "fill": "#17becf"}, {"layer": 5, "name": "Oilcrops", "fill": "#ff9896"}, {"layer": 13, "name": "Sugar", "fill": "#d6616b"}, {"layer": 5, "name": "Fruits & Vegetables"}, {"layer": 5, "name": "Others"}, {"layer": 13, "name": "Vegetable Oils", "fill": "#f7b6d2"}, {"layer": 10, "name": "Processing", "fill": "#9edae5"}, {"layer": 16, "name": "Biofuels & Other", "fill": "#e7ba52"}, {"name": "Waste", "fill": "#c7c7c7"}, {"layer": 2, "name": "Import", "fill": "#aec7e8"}, {"layer": 16, "name": "Export", "fill": "#aec7e8"}, {"layer": 16, "name": "Stock Deposit", "fill": "#c7c7c7"}, {"layer": 0, "name": "Stock Draw", "fill": "#c7c7c7"}, {"name": "Crop Residue", "fill": "#bd9e39"}, {"layer": 2, "name": "Electricity", "fill": "#bcbd22"}, {"layer": 0, "name": "Fossil Fuels", "fill": "#c49c94"}, {"layer": 2, "name": "Fertilizers", "fill": "#c5b0d5"}, {"layer": 0, "name": "Labor", "fill": "#7f7f7f"}, {"layer": 0, "name": "Renewables & Nuclear", "fill": "#2ca02c"}], "links": [{"source": 0, "prod": 36.0, "target": 1, "value": 0.028384884003028792, "supply": [{"l": "Pelagic Fish", "v": 0.012644730472276598}, {"l": "Marine Fish, Other", "v": 0.0028779773956271186}, {"l": "Fish, Seafood", "v": 0.012862176135125074}]}, {"source": 2, "prod": 44.0, "target": 1, "value": 0.040657244665037839, "supply": [{"l": "Potatoes", "v": 0.021486047431595288}, {"l": "Sweet potatoes", "v": 0.0012863686844090908}, {"l": "Cassava", "v": 0.01788482854903346}]}, {"source": 3, "prod": 93.0, "target": 1, "value": 0.28179403516106, "supply": [{"l": "Maize", "v": 0.2712333706165016}, {"l": "Oats", "v": 0.0045482321341607148}, {"l": "Rye", "v": 0.0030029056748585208}, {"l": "Barley", "v": 0.0030095267355391793}]}, {"source": 4, "prod": 9.0, "target": 1, "value": 0.010459999980000001, "supply": [{"l": "Sugar beet", "v": 0.010459999980000001}]}, {"source": 5, "prod": 109.0, "target": 6, "value": 0.24500402611048894, "supply": [{"l": "Beer", "v": 0.036252883177461052}, {"l": "Beverages, Alcoholic", "v": 0.051828691761366279}, {"l": "Fats, Animals, Raw", "v": 0.12916979261016429}, {"l": "Butter, Ghee", "v": 0.025792506279797473}, {"l": "Wine", "v": 0.001326567705796875}, {"l": "Beverages, Fermented", "v": 0.0006335845759029851}]}, {"source": 7, "prod": 510.0, "target": 6, "value": 0.93470823529131974, "supply": [{"l": "Meat, Other", "v": 0.0067381216802380947}, {"l": "Eggs", "v": 0.077674772901127676}, {"l": "Mutton & Goat Meat", "v": 0.0047166851761666672}, {"l": "Pigmeat", "v": 0.48123826516476831}, {"l": "Poultry Meat", "v": 0.1009399653454597}, {"l": "Milk - Excluding Butter", "v": 0.10976810812099851}, {"l": "Offals, Edible", "v": 0.041735332174086134}, {"l": "Bovine Meat", "v": 0.11189698472847474}]}, {"source": 3, "prod": 626.0, "target": 6, "value": 2.2909983443388957, "supply": [{"l": "Maize", "v": 0.20418691945287196}, {"l": "Rice", "v": 1.482793720749811}, {"l": "Cereals, Other", "v": 0.09426656209733808}, {"l": "Wheat", "v": 0.50520290990471406}, {"l": "Oats", "v": 0.0045482321341607148}]}, {"source": 8, "prod": 28.0, "target": 6, "value": 0.1215720660042518, "supply": [{"l": "Coconuts - Incl Copra", "v": 0.0088437847053125015}, {"l": "Groundnuts", "v": 0.055866021119596702}, {"l": "Soyabeans", "v": 0.056862260179342601}]}, {"source": 9, "prod": 91.0, "target": 6, "value": 0.36604950741946585, "supply": [{"l": "Sugar", "v": 0.34132228538341208}, {"l": "Sweeteners, Other", "v": 0.022074086624460004}, {"l": "Honey", "v": 0.00265313541159375}]}, {"source": 2, "prod": 97.0, "target": 6, "value": 0.090939996958344066, "supply": [{"l": "Roots, Other", "v": 0.016143021095894366}, {"l": "Potatoes", "v": 0.033881844026746412}, {"l": "Sweet potatoes", "v": 0.0051454747376363632}, {"l": "Cassava", "v": 0.035769657098066919}]}, {"source": 10, "prod": 686.0, "target": 6, "value": 0.54767831772570907, "supply": [{"l": "Citrus, Other", "v": 0.003426470845466368}, {"l": "Tomatoes", "v": 0.001857194788115625}, {"l": "Treenuts", "v": 0.022524578188224492}, {"l": "Vegetables, Other", "v": 0.34393411465844687}, {"l": "Peas", "v": 0.003859106053227273}, {"l": "Grapes", "v": 0.0054971438743812951}, {"l": "Beans", "v": 0.045382579408840461}, {"l": "Apples", "v": 0.012654702657191638}, {"l": "Pineapples", "v": 0.00032404707317175571}, {"l": "Bananas", "v": 0.012555683074584507}, {"l": "Fruits, Other", "v": 0.065061266841028809}, {"l": "Oranges, Mandarines", "v": 0.028832673321967622}, {"l": "Onions", "v": 0.0017687569410625001}]}, {"source": 11, "prod": 18.0, "target": 6, "value": 0.050528127790463062, "supply": [{"l": "Infant food", "v": 0.0082829593337560969}, {"l": "Nuts", "v": 0.022524578188224492}, {"l": "Cocoa Beans", "v": 0.0087397401793676485}, {"l": "Coffee", "v": 0.00037236988232894742}, {"l": "Spices, Other", "v": 0.0087077264790769229}, {"l": "Tea", "v": 0.001900753727708955}]}, {"source": 0, "prod": 437.0, "target": 6, "value": 0.31416744619731435, "supply": [{"l": "Aquatic Products, Other", "v": 0.0023244444400000001}, {"l": "Crustaceans", "v": 0.012471673029681569}, {"l": "Marine Fish, Other", "v": 0.04316966093440678}, {"l": "Freshwater Fish", "v": 0.028572227509471151}, {"l": "Pelagic Fish", "v": 0.016257510607212766}, {"l": "Fish, Seafood", "v": 0.15506067896234116}, {"l": "Cephalopods", "v": 0.011033978318252709}, {"l": "Molluscs, Other", "v": 0.0071245034828811178}, {"l": "Aquatic Animals, Others", "v": 0.0023244444400000001}, {"l": "Demersal Fish", "v": 0.035828324473067073}]}, {"source": 12, "prod": 48.0, "target": 6, "value": 0.49176568804520987, "supply": [{"l": "Groundnut Oil", "v": 0.10340425193903847}, {"l": "Soyabean Oil", "v": 0.050453066843422129}, {"l": "Coconut Oil", "v": 0.0097961922889615409}, {"l": "Rape and Mustard Oil", "v": 0.26745662307504042}, {"l": "Oilcrops Oil, Other", "v": 0.050364604423474582}, {"l": "Maize Germ Oil", "v": 0.010290949475272728}]}, {"source": 3, "prod": 8.0, "target": 13, "value": 0.024076213884313434, "supply": [{"l": "Barley", "v": 0.024076213884313434}]}, {"source": 8, "prod": 1.0, "target": 13, "value": 0.0017687569410625001, "supply": [{"l": "Coconuts - Incl Copra", "v": 0.0017687569410625001}]}, {"source": 5, "prod": 3.0, "target": 14, "value": 0.0095911271607891785, "supply": [{"l": "Beer", "v": 0.00097980765344489332}, {"l": "Fats, Animals, Raw", "v": 0.0086113195073442856}]}, {"source": 7, "prod": 11.0, "target": 14, "value": 0.022531412810151412, "supply": [{"l": "Pigmeat", "v": 0.014761909974379397}, {"l": "Milk - Excluding Butter", "v": 0.0022868355858541357}, {"l": "Bovine Meat", "v": 0.0023311871818432243}, {"l": "Eggs", "v": 0.0016885820195897319}, {"l": "Poultry Meat", "v": 0.0014628980484849229}]}, {"source": 3, "prod": 19.0, "target": 14, "value": 0.074710336929535381, "supply": [{"l": "Maize", "v": 0.0030475659619831636}, {"l": "Rice", "v": 0.062477263514739222}, {"l": "Wheat", "v": 0.009185507452812984}]}, {"source": 9, "prod": 2.0, "target": 14, "value": 0.0080311125972567562, "supply": [{"l": "Sugar", "v": 0.0080311125972567562}]}, {"source": 2, "prod": 3.0, "target": 14, "value": 0.0027048216175319223, "supply": [{"l": "Potatoes", "v": 0.0016527728793534835}, {"l": "Cassava", "v": 0.0010520487381784388}]}, {"source": 10, "prod": 18.0, "target": 14, "value": 0.014091538749846939, "supply": [{"l": "Fruits, Other", "v": 0.0014675473723540333}, {"l": "Apples", "v": 0.00046869269100709772}, {"l": "Vegetables, Other", "v": 0.011560810576754517}, {"l": "Oranges, Mandarines", "v": 0.00059448810973129112}]}, {"source": 0, "prod": 2.0, "target": 14, "value": 0.0014340596897470617, "supply": [{"l": "Fish, Seafood", "v": 0.0007145653408402819}, {"l": "Marine Fish, Other", "v": 0.00071949434890677965}]}, {"source": 12, "prod": 3.0, "target": 14, "value": 0.030646507275082641, "supply": [{"l": "Oilcrops Oil, Other", "v": 0.010072920884694915}, {"l": "Cottonseed Oil", "v": 0.010286793195193862}, {"l": "Rape and Mustard Oil", "v": 0.010286793195193862}]}, {"source": 0, "prod": 2.0, "target": 0, "value": 0.0014340596897470617, "supply": [{"l": "Marine Fish, Other", "v": 0.00071949434890677965}, {"l": "Fish, Seafood", "v": 0.0007145653408402819}]}, {"source": 7, "prod": 1.0, "target": 7, "value": 0.0016885820195897319, "supply": [{"l": "Eggs", "v": 0.0016885820195897319}]}, {"source": 2, "prod": 7.0, "target": 15, "value": 0.0064616919732422839, "supply": [{"l": "Potatoes", "v": 0.0033055457587069671}, {"l": "Cassava", "v": 0.0031561462145353165}]}, {"source": 10, "prod": 85.0, "target": 15, "value": 0.063277799228837361, "supply": [{"l": "Bananas", "v": 0.0013950758971760563}, {"l": "Vegetables, Other", "v": 0.049133444951206695}, {"l": "Fruits, Other", "v": 0.0053810070319647886}, {"l": "Citrus, Other", "v": 0.0003807189828295964}, {"l": "Grapes", "v": 0.00045809532286510796}, {"l": "Apples", "v": 0.0023434634550354885}, {"l": "Oranges, Mandarines", "v": 0.0035669286583877463}, {"l": "Onions", "v": 0.00035375138821249998}, {"l": "Tomatoes", "v": 0.000265313541159375}]}, {"source": 7, "prod": 2.0, "target": 15, "value": 0.0033771640391794637, "supply": [{"l": "Eggs", "v": 0.0033771640391794637}]}, {"source": 3, "prod": 22.0, "target": 15, "value": 0.070012965199323235, "supply": [{"l": "Maize", "v": 0.045713489429747456}, {"l": "Wheat", "v": 0.009185507452812984}, {"l": "Cereals, Other", "v": 0.0026185156138149469}, {"l": "Rice", "v": 0.012495452702947845}]}, {"source": 8, "prod": 2.0, "target": 15, "value": 0.010268925692765375, "supply": [{"l": "Soyabeans", "v": 0.0040615900128101855}, {"l": "Groundnuts", "v": 0.006207335679955189}]}, {"source": 16, "prod": 39.0, "target": 11, "value": 0.084168087308742257, "supply": [{"l": "Infant food", "v": 0.0082829593337560969}, {"l": "Nuts", "v": 0.03754096364704082}, {"l": "Coffee", "v": 0.005585548234934211}, {"l": "Cocoa Beans", "v": 0.017479480358735297}, {"l": "Spices, Other", "v": 0.013061589718615384}, {"l": "Tea", "v": 0.0022175460156604477}]}, {"source": 16, "prod": 569.0, "target": 1, "value": 0.59567408286763845, "supply": [{"l": "Pelagic Fish", "v": 0.018967095708414893}, {"l": "Meat, Other", "v": 0.0026952486720952383}, {"l": "Crustaceans", "v": 0.010844933069288321}, {"l": "Eggs", "v": 0.079363354920717388}, {"l": "Aquatic Products, Other", "v": 0.0023244444400000001}, {"l": "Marine Fish, Other", "v": 0.017987358722669492}, {"l": "Mutton & Goat Meat", "v": 0.0023583425880833336}, {"l": "Pigmeat", "v": 0.064952403887269347}, {"l": "Poultry Meat", "v": 0.055590125842427077}, {"l": "Freshwater Fish", "v": 0.026123179437230769}, {"l": "Milk - Excluding Butter", "v": 0.12044000752165117}, {"l": "Fish, Seafood", "v": 0.091464363627556083}, {"l": "Cephalopods", "v": 0.013792472897815886}, {"l": "Molluscs, Other", "v": 0.0077182121064545452}, {"l": "Aquatic Animals, Others", "v": 0.0023244444400000001}, {"l": "Offals, Edible", "v": 0.021500019604832256}, {"l": "Demersal Fish", "v": 0.0012795830168952525}, {"l": "Bovine Meat", "v": 0.055948492364237372}]}, {"source": 16, "prod": 215.0, "target": 13, "value": 1.1153748490506949, "supply": [{"l": "Sugar", "v": 0.38950896096695264}, {"l": "Beer", "v": 0.015187018628395846}, {"l": "Groundnut Oil", "v": 0.12408510232684616}, {"l": "Beverages, Alcoholic", "v": 0.055283937878790698}, {"l": "Fats, Animals, Raw", "v": 0.025833958522032862}, {"l": "Soyabean Oil", "v": 0.060543680212106557}, {"l": "Butter, Ghee", "v": 0.034390008373063295}, {"l": "Rape and Mustard Oil", "v": 0.28803020946542807}, {"l": "Oilcrops Oil, Other", "v": 0.070510446192864396}, {"l": "Wine", "v": 0.001326567705796875}, {"l": "Sweeteners, Other", "v": 0.026488903949351997}, {"l": "Sesameseed Oil", "v": 0.010612541646375}, {"l": "Beverages, Fermented", "v": 0.0006335845759029851}, {"l": "Honey", "v": 0.00265313541159375}, {"l": "Cottonseed Oil", "v": 0.010286793195193862}]}, {"source": 16, "prod": 735.0, "target": 3, "value": 2.5809009497516517, "supply": [{"l": "Maize", "v": 0.53941917527102001}, {"l": "Rye", "v": 0.0030029056748585208}, {"l": "Barley", "v": 0.027085740619852614}, {"l": "Rice", "v": 1.3328482883144368}, {"l": "Cereals, Other", "v": 0.096885077711153025}, {"l": "Wheat", "v": 0.57256329789200922}, {"l": "Oats", "v": 0.0090964642683214296}]}, {"source": 16, "prod": 696.0, "target": 10, "value": 0.54060145473332488, "supply": [{"l": "Citrus, Other", "v": 0.0038071898282959643}, {"l": "Tomatoes", "v": 0.001857194788115625}, {"l": "Treenuts", "v": 0.03754096364704082}, {"l": "Vegetables, Other", "v": 0.26011823797697659}, {"l": "Peas", "v": 0.003859106053227273}, {"l": "Grapes", "v": 0.0073295251658417274}, {"l": "Pineapples", "v": 0.00032404707317175571}, {"l": "Beans", "v": 0.069819352936677639}, {"l": "Apples", "v": 0.021559863786326496}, {"l": "Bananas", "v": 0.014648296920348591}, {"l": "Fruits, Other", "v": 0.080715105479471833}, {"l": "Oranges, Mandarines", "v": 0.034777554419280529}, {"l": "Onions", "v": 0.00424501665855}]}, {"source": 16, "prod": 9.0, "target": 4, "value": 0.010459999980000001, "supply": [{"l": "Sugar beet", "v": 0.010459999980000001}]}, {"source": 16, "prod": 37.0, "target": 8, "value": 0.16548074634967752, "supply": [{"l": "Coconuts - Incl Copra", "v": 0.012381298587437502}, {"l": "Sesame seed", "v": 0.010612541646375}, {"l": "Groundnuts", "v": 0.074488028159462261}, {"l": "Oilcrops, Other", "v": 0.0070750277642500003}, {"l": "Soyabeans", "v": 0.060923850192152774}]}, {"source": 16, "prod": 162.0, "target": 2, "value": 0.14900448962678628, "supply": [{"l": "Roots, Other", "v": 0.017039855601221832}, {"l": "Potatoes", "v": 0.070242847372523051}, {"l": "Sweet potatoes", "v": 0.0038591060532272726}, {"l": "Cassava", "v": 0.057862680599814136}]}, {"source": 5, "prod": 14.0, "target": 17, "value": 0.1072809840322783, "supply": [{"l": "Fats, Animals, Raw", "v": 0.10333583408813145}, {"l": "Beer", "v": 0.00048990382672244666}, {"l": "Beverages, Alcoholic", "v": 0.0034552461174244186}]}, {"source": 7, "prod": 20.0, "target": 17, "value": 0.019895037177212527, "supply": [{"l": "Bovine Meat", "v": 0.0046623743636864485}, {"l": "Milk - Excluding Butter", "v": 0.012196456457888725}, {"l": "Meat, Other", "v": 0.0013476243360476192}, {"l": "Eggs", "v": 0.0016885820195897319}]}, {"source": 3, "prod": 42.0, "target": 17, "value": 0.15014873652505228, "supply": [{"l": "Maize", "v": 0.015237829809915816}, {"l": "Cereals, Other", "v": 0.0026185156138149469}, {"l": "Rice", "v": 0.0833030180196523}, {"l": "Wheat", "v": 0.048989373081669244}]}, {"source": 8, "prod": 5.0, "target": 17, "value": 0.024795969947347878, "supply": [{"l": "Coconuts - Incl Copra", "v": 0.0017687569410625001}, {"l": "Sesame seed", "v": 0.010612541646375}, {"l": "Groundnuts", "v": 0.012414671359910378}]}, {"source": 9, "prod": 5.0, "target": 17, "value": 0.020477042519405513, "supply": [{"l": "Sugar", "v": 0.016062225194513512}, {"l": "Sweeteners, Other", "v": 0.0044148173248920002}]}, {"source": 2, "prod": 13.0, "target": 17, "value": 0.010813471781448366, "supply": [{"l": "Roots, Other", "v": 0.00089683450532746488}, {"l": "Potatoes", "v": 0.0099166372761209012}]}, {"source": 10, "prod": 92.0, "target": 17, "value": 0.088673765868856169, "supply": [{"l": "Grapes", "v": 0.00091619064573021593}, {"l": "Beans", "v": 0.024436773527837175}, {"l": "Apples", "v": 0.0065616976740993684}, {"l": "Fruits, Other", "v": 0.010762014063929577}, {"l": "Vegetables, Other", "v": 0.030828828204678711}, {"l": "Treenuts", "v": 0.011262289094112246}, {"l": "Oranges, Mandarines", "v": 0.0017834643291938731}, {"l": "Onions", "v": 0.002122508329275}]}, {"source": 11, "prod": 21.0, "target": 17, "value": 0.025872356096074873, "supply": [{"l": "Nuts", "v": 0.011262289094112246}, {"l": "Coffee", "v": 0.005585548234934211}, {"l": "Spices, Other", "v": 0.0087077264790769229}, {"l": "Tea", "v": 0.00031679228795149255}]}, {"source": 0, "prod": 67.0, "target": 17, "value": 0.049003346185659401, "supply": [{"l": "Fish, Seafood", "v": 0.024295221588569588}, {"l": "Molluscs, Other", "v": 0.0023748344942937064}, {"l": "Pelagic Fish", "v": 0.0063223652361382989}, {"l": "Cephalopods", "v": 0.007355985545501805}, {"l": "Marine Fish, Other", "v": 0.0043169660934406781}, {"l": "Crustaceans", "v": 0.0043379732277153285}]}, {"source": 12, "prod": 5.0, "target": 17, "value": 0.051131177836380895, "supply": [{"l": "Rape and Mustard Oil", "v": 0.010286793195193862}, {"l": "Groundnut Oil", "v": 0.020680850387807693}, {"l": "Oilcrops Oil, Other", "v": 0.010072920884694915}, {"l": "Soyabean Oil", "v": 0.010090613368684427}]}, {"source": 9, "prod": 5.0, "target": 18, "value": 0.020077781493141891, "supply": [{"l": "Sugar", "v": 0.020077781493141891}]}, {"source": 19, "prod": 1.0, "target": 11, "value": 0.00037236988232894742, "supply": [{"l": "Coffee", "v": 0.00037236988232894742}]}, {"source": 19, "prod": 72.0, "target": 3, "value": 0.29989086487074823, "supply": [{"l": "Rice", "v": 0.29989086487074823}]}, {"source": 1, "prod": 542.0, "target": 0, "value": 0.39298973607574961, "supply": [{"l": "Pelagic Fish", "v": 0.035224606315627661}, {"l": "Crustaceans", "v": 0.016809646257396896}, {"l": "Freshwater Fish", "v": 0.028572227509471151}, {"l": "Molluscs, Other", "v": 0.0094993379771748238}, {"l": "Aquatic Animals, Others", "v": 0.0023244444400000001}, {"l": "Marine Fish, Other", "v": 0.051803593121288134}, {"l": "Aquatic Products, Other", "v": 0.0023244444400000001}, {"l": "Fish, Seafood", "v": 0.19364720736771637}, {"l": "Demersal Fish", "v": 0.035828324473067073}, {"l": "Cephalopods", "v": 0.018389963863754515}]}, {"source": 1, "prod": 543.0, "target": 7, "value": 0.98051184931786306, "supply": [{"l": "Milk - Excluding Butter", "v": 0.12425140016474136}, {"l": "Pigmeat", "v": 0.49600017513914768}, {"l": "Bovine Meat", "v": 0.11889054627400442}, {"l": "Eggs", "v": 0.086117682999076323}, {"l": "Poultry Meat", "v": 0.10240286339394462}, {"l": "Offals, Edible", "v": 0.041735332174086134}, {"l": "Meat, Other", "v": 0.0080857460162857137}, {"l": "Mutton & Goat Meat", "v": 0.0047166851761666672}]}, {"source": 13, "prod": 126.0, "target": 5, "value": 0.36187613730355644, "supply": [{"l": "Fats, Animals, Raw", "v": 0.24111694620564}, {"l": "Beverages, Fermented", "v": 0.0006335845759029851}, {"l": "Beer", "v": 0.037722594657628394}, {"l": "Beverages, Alcoholic", "v": 0.055283937878790698}, {"l": "Butter, Ghee", "v": 0.025792506279797473}, {"l": "Wine", "v": 0.001326567705796875}]}, {"source": 13, "prod": 56.0, "target": 12, "value": 0.57354337315667336, "supply": [{"l": "Soyabean Oil", "v": 0.060543680212106557}, {"l": "Coconut Oil", "v": 0.0097961922889615409}, {"l": "Rape and Mustard Oil", "v": 0.28803020946542818}, {"l": "Maize Germ Oil", "v": 0.010290949475272728}, {"l": "Groundnut Oil", "v": 0.12408510232684616}, {"l": "Cottonseed Oil", "v": 0.010286793195193862}, {"l": "Oilcrops Oil, Other", "v": 0.070510446192864409}]}, {"source": 13, "prod": 103.0, "target": 9, "value": 0.41463544402926999, "supply": [{"l": "Honey", "v": 0.00265313541159375}, {"l": "Sweeteners, Other", "v": 0.026488903949352004}, {"l": "Sugar", "v": 0.38549340466832421}]}, {"source": 2, "prod": 41.5, "target": 20, "value": 0.13789167287999018, "supply": [{"l": "Roots, Other", "v": 0.016561666635000003}, {"l": "Potatoes", "v": 0.074091666525000002}, {"l": "Sweet potatoes", "v": 0.0061016666549999991}, {"l": "Cassava", "v": 0.047941666575000007}]}, {"source": 4, "prod": 1.8, "target": 20, "value": 0.0020919999960000001, "supply": [{"l": "Sugar beet", "v": 0.0020919999960000001}]}, {"source": 10, "prod": 534.0, "target": 20, "value": 3.2459952256961926, "supply": [{"l": "Tomatoes", "v": 0.015689999969999997}, {"l": "Vegetables, Other", "v": 1.1070166645500001}, {"l": "Peas", "v": 0.0017433333300000001}, {"l": "Beans", "v": 0.034866666600000006}, {"l": "Onions", "v": 0.020919999960000001}]}, {"source": 3, "prod": 812.0, "target": 20, "value": 3.3179201903395463, "supply": [{"l": "Maize", "v": 0.61713999882000015}, {"l": "Rye", "v": 0.0034355716103485765}, {"l": "Barley", "v": 0.030988319845649197}, {"l": "Rice", "v": 1.3807199973600002}, {"l": "Wheat", "v": 0.65200666542000008}, {"l": "Oats", "v": 0.013946666640000001}, {"l": "Cereals, Other", "v": 0.13249333308}]}, {"source": 8, "prod": 18.0, "target": 20, "value": 0.058957743652938377, "supply": [{"l": "Coconuts - Incl Copra", "v": 0.012203333310000002}, {"l": "Sesame seed", "v": 0.0034866666599999998}, {"l": "Groundnuts", "v": 0.020919999960000001}, {"l": "Soyabeans", "v": 0.026149999950000002}]}, {"source": 21, "prod": 0, "target": 2, "value": 1.8156371377371774e-06, "supply": "[{\"l\":'Energy for power irrigation',\"v\":1.8156371377371774e-06}]"}, {"source": 21, "prod": 0, "target": 10, "value": 1.1681328090983766e-05, "supply": "[{\"l\":'Energy for power irrigation',\"v\":1.1681328090983766e-05}]"}, {"source": 21, "prod": 0, "target": 3, "value": 8.8813093725457108e-06, "supply": "[{\"l\":'Energy for power irrigation',\"v\":8.8813093725457108e-06}]"}, {"source": 21, "prod": 0, "target": 11, "value": 4.3750292475594632e-07, "supply": "[{\"l\":'Energy for power irrigation',\"v\":4.3750292475594632e-07}]"}, {"source": 21, "prod": 0, "target": 13, "value": 0.0018708870759606545, "supply": "[{\"l\":'Electricity',\"v\":0.0018708870759606545}]"}, {"source": 22, "prod": 0, "target": 21, "value": 0.0049847238007290203, "supply": [{"l": "Coal", "v": 0.0}, {"l": "Natural gas", "v": 0.0}, {"l": "Oil", "v": 0.0049847238007290203}]}, {"source": 22, "prod": 0, "target": 2, "value": 0.05851212015323861, "supply": [{"l": "Other fossil fuels", "v": 0.05851212015323861}]}, {"source": 22, "prod": 0, "target": 10, "value": 0.37645147182927002, "supply": [{"l": "Other fossil fuels", "v": 0.37645147182927002}]}, {"source": 22, "prod": 0, "target": 3, "value": 0.28621591303873345, "supply": [{"l": "Other fossil fuels", "v": 0.28621591303873345}]}, {"source": 22, "prod": 0, "target": 11, "value": 0.01409930606102135, "supply": [{"l": "Other fossil fuels", "v": 0.01409930606102135}]}, {"source": 23, "prod": 0.0079902623896196939, "target": 2, "value": 8.4576467397692962e-05, "supply": [{"l": "Potash", "v": 7.069551055662134e-05}, {"l": "Phosphate", "v": 0.00010745010325287333}, {"l": "Nitrogen", "v": 0.00090759204898859978}]}, {"source": 23, "prod": 0.051407230313938748, "target": 10, "value": 0.0005441425733779281, "supply": [{"l": "Potash", "v": 7.069551055662134e-05}, {"l": "Phosphate", "v": 0.00010745010325287333}, {"l": "Nitrogen", "v": 0.00090759204898859978}]}, {"source": 23, "prod": 0.039084897954043324, "target": 3, "value": 0.00041371139474052215, "supply": [{"l": "Potash", "v": 7.069551055662134e-05}, {"l": "Phosphate", "v": 0.00010745010325287333}, {"l": "Nitrogen", "v": 0.00090759204898859978}]}, {"source": 23, "prod": 0.0019253644312336611, "target": 11, "value": 2.0379871662094686e-05, "supply": [{"l": "Potash", "v": 7.069551055662134e-05}, {"l": "Phosphate", "v": 0.00010745010325287333}, {"l": "Nitrogen", "v": 0.00090759204898859978}]}, {"source": 22, "prod": 0, "target": 23, "value": 0.0013479899226340648, "supply": [{"l": "Natural gas (including LNG)", "v": 0.00089684696745785555}, {"l": "Fuel oil", "v": 0.00029070683187236857}, {"l": "Liquefied petroleum gas (LPG)", "v": 8.0218061651920355e-05}, {"l": "Coal", "v": 8.0218061651920355e-05}]}, {"source": 24, "prod": 0, "target": 3, "value": 0.0081440486184493309, "supply": "[{\"l\":'Labor',\"v\":0.0081440486184493309}]"}, {"source": 24, "prod": 0, "target": 8, "value": 0.00036106619490662052, "supply": "[{\"l\":'Labor',\"v\":0.00036106619490662052}]"}, {"source": 24, "prod": 0, "target": 4, "value": 9.026654872665513e-05, "supply": "[{\"l\":'Labor',\"v\":9.026654872665513e-05}]"}, {"source": 24, "prod": 0, "target": 2, "value": 0.0016649163431805281, "supply": "[{\"l\":'Labor',\"v\":0.0016649163431805281}]"}, {"source": 24, "prod": 0, "target": 10, "value": 0.010711630448896409, "supply": "[{\"l\":'Labor',\"v\":0.010711630448896409}]"}, {"source": 24, "prod": 0, "target": 11, "value": 0.00040118466100735612, "supply": "[{\"l\":'Labor',\"v\":0.00040118466100735612}]"}, {"source": 22, "prod": 0, "target": 16, "value": 6.7439778341089553, "supply": "[{\"l\":'Fossil Fuels',\"v\":6.7439778341089553}]"}, {"source": 25, "prod": 0, "target": 16, "value": 0.088237436949007916, "supply": "[{\"l\":'Renewables & Nuclear',\"v\":0.0},{\"l\":'Biomass & Waste',\"v\":0.088237436949007916}]"}]}