{"nodes": [{"layer": 3, "name": "Spices, Other"}, {"layer": 5, "name": "Production", "fill": "#b5cf6b"}, {"layer": 3, "name": "Vegetables, Other"}, {"layer": 3, "name": "Fruits, Other"}, {"layer": 3, "name": "Sweet potatoes"}, {"layer": 3, "name": "Rice"}, {"layer": 3, "name": "Tomatoes"}, {"layer": 1, "name": "Electricity", "fill": "#bcbd22"}, {"layer": 0, "name": "Fossil Fuels", "fill": "#c49c94"}, {"layer": 1, "name": "Fertilizers", "fill": "#c5b0d5"}, {"layer": 0, "name": "Labor", "fill": "#7f7f7f"}], "links": [{"source": 0, "prod": 1.0, "target": 1, "value": 0.0028300111056999999, "supply": [{"l": "Spices, Other", "v": 0.0028300111056999999}]}, {"source": 2, "prod": 98.0, "target": 1, "value": 0.10002745788519174, "supply": [{"l": "Vegetables, Other", "v": 0.10002745788519174}]}, {"source": 3, "prod": 2.0, "target": 1, "value": 0.0010155542245334928, "supply": [{"l": "Fruits, Other", "v": 0.0010155542245334928}]}, {"source": 4, "prod": 35.0, "target": 1, "value": 0.039752664361003338, "supply": [{"l": "Sweet potatoes", "v": 0.039752664361003338}]}, {"source": 5, "prod": 20.0, "target": 1, "value": 0.083335729552911741, "supply": [{"l": "Rice", "v": 0.083335729552911741}]}, {"source": 6, "prod": 2.0, "target": 1, "value": 0.00040428730081428573, "supply": [{"l": "Tomatoes", "v": 0.00040428730081428573}]}, {"source": 7, "prod": 0, "target": 0, "value": 7.8679057061624818e-09, "supply": "[{\"l\":'Energy for power irrigation',\"v\":7.8679057061624818e-09}]"}, {"source": 7, "prod": 0, "target": 2, "value": 8.1563955820551052e-07, "supply": "[{\"l\":'Energy for power irrigation',\"v\":8.1563955820551052e-07}]"}, {"source": 7, "prod": 0, "target": 3, "value": 1.6784865506479958e-07, "supply": "[{\"l\":'Energy for power irrigation',\"v\":1.6784865506479958e-07}]"}, {"source": 7, "prod": 0, "target": 4, "value": 1.8358446647712453e-07, "supply": "[{\"l\":'Energy for power irrigation',\"v\":1.8358446647712453e-07}]"}, {"source": 7, "prod": 0, "target": 5, "value": 1.1513368683351095e-06, "supply": "[{\"l\":'Energy for power irrigation',\"v\":1.1513368683351095e-06}]"}, {"source": 7, "prod": 0, "target": 6, "value": 2.6226352353874936e-08, "supply": "[{\"l\":'Energy for power irrigation',\"v\":2.6226352353874936e-08}]"}, {"source": 8, "prod": 0, "target": 7, "value": 1.0000522252832837e-05, "supply": [{"l": "Coal", "v": 0.0}, {"l": "Natural gas", "v": 0.0}, {"l": "Oil", "v": 1.0000522252832837e-05}]}, {"source": 8, "prod": 0, "target": 0, "value": 0.0013672844400938278, "supply": [{"l": "Other fossil fuels", "v": 0.0013672844400938278}]}, {"source": 8, "prod": 0, "target": 2, "value": 0.14174182028972682, "supply": [{"l": "Other fossil fuels", "v": 0.14174182028972682}]}, {"source": 8, "prod": 0, "target": 3, "value": 0.029168734722001658, "supply": [{"l": "Other fossil fuels", "v": 0.029168734722001658}]}, {"source": 8, "prod": 0, "target": 4, "value": 0.031903303602189313, "supply": [{"l": "Other fossil fuels", "v": 0.031903303602189313}]}, {"source": 8, "prod": 0, "target": 5, "value": 0.2000792897337301, "supply": [{"l": "Other fossil fuels", "v": 0.2000792897337301}]}, {"source": 8, "prod": 0, "target": 6, "value": 0.0045576148003127585, "supply": [{"l": "Other fossil fuels", "v": 0.0045576148003127585}]}, {"source": 9, "prod": 3.4625107485615062e-05, "target": 0, "value": 3.6650476938068625e-07, "supply": [{"l": "Potash", "v": 1.1526400174488333e-05}, {"l": "Phosphate", "v": 1.7518975096597692e-05}, {"l": "Nitrogen", "v": 0.00014797642833978543}]}, {"source": 9, "prod": 0.0035894694760087616, "target": 2, "value": 3.7994327759131145e-05, "supply": [{"l": "Potash", "v": 1.1526400174488333e-05}, {"l": "Phosphate", "v": 1.7518975096597692e-05}, {"l": "Nitrogen", "v": 0.00014797642833978543}]}, {"source": 9, "prod": 0.00073866895969312135, "target": 3, "value": 7.8187684134546399e-06, "supply": [{"l": "Potash", "v": 1.1526400174488333e-05}, {"l": "Phosphate", "v": 1.7518975096597692e-05}, {"l": "Nitrogen", "v": 0.00014797642833978543}]}, {"source": 9, "prod": 0.00080791917466435149, "target": 4, "value": 8.5517779522160117e-06, "supply": [{"l": "Potash", "v": 1.1526400174488333e-05}, {"l": "Phosphate", "v": 1.7518975096597692e-05}, {"l": "Nitrogen", "v": 0.00014797642833978543}]}, {"source": 9, "prod": 0.0050668073953950036, "target": 5, "value": 5.3631864586040411e-05, "supply": [{"l": "Potash", "v": 1.1526400174488333e-05}, {"l": "Phosphate", "v": 1.7518975096597692e-05}, {"l": "Nitrogen", "v": 0.00014797642833978543}]}, {"source": 9, "prod": 0.0001154170249520502, "target": 6, "value": 1.2216825646022874e-06, "supply": [{"l": "Potash", "v": 1.1526400174488333e-05}, {"l": "Phosphate", "v": 1.7518975096597692e-05}, {"l": "Nitrogen", "v": 0.00014797642833978543}]}, {"source": 8, "prod": 0, "target": 9, "value": 0.00021978016930811404, "supply": [{"l": "Natural gas (including LNG)", "v": 0.00014622451922058236}, {"l": "Fuel oil", "v": 4.7397681284653848e-05}, {"l": "Liquefied petroleum gas (LPG)", "v": 1.3078984401438918e-05}, {"l": "Coal", "v": 1.3078984401438918e-05}]}, {"source": 10, "prod": 0, "target": 0, "value": 2.9704564086894483e-05, "supply": "[{\"l\":'Labor',\"v\":2.9704564086894483e-05}]"}, {"source": 10, "prod": 0, "target": 2, "value": 0.0030793731436747278, "supply": "[{\"l\":'Labor',\"v\":0.0030793731436747278}]"}, {"source": 10, "prod": 0, "target": 3, "value": 0.00063369736718708219, "supply": "[{\"l\":'Labor',\"v\":0.00063369736718708219}]"}, {"source": 10, "prod": 0, "target": 4, "value": 0.00069310649536087122, "supply": "[{\"l\":'Labor',\"v\":0.00069310649536087122}]"}, {"source": 10, "prod": 0, "target": 5, "value": 0.0043467678780488919, "supply": "[{\"l\":'Labor',\"v\":0.0043467678780488919}]"}, {"source": 10, "prod": 0, "target": 6, "value": 9.9015213622981595e-05, "supply": "[{\"l\":'Labor',\"v\":9.9015213622981595e-05}]"}]}