{"nodes": [{"layer": 5, "name": "Starchy Roots"}, {"layer": 10, "name": "Feed", "fill": "#dbdb8d"}, {"layer": 5, "name": "Cereals - Excluding Beer"}, {"layer": 13, "name": "Fish, Seafood"}, {"layer": 13, "name": "Milk - Excluding Butter"}, {"layer": 16, "name": "Food", "fill": "#b5cf6b"}, {"layer": 13, "name": "Meat"}, {"layer": 5, "name": "Treenuts"}, {"layer": 5, "name": "Pulses"}, {"layer": 5, "name": "Vegetables"}, {"layer": 5, "name": "Others"}, {"layer": 5, "name": "Sugar Crops", "fill": "#ffbb78"}, {"layer": 13, "name": "Alcoholic Beverages"}, {"layer": 13, "name": "Animal Fats"}, {"layer": 13, "name": "Aquatic Products, Other"}, {"layer": 13, "name": "Sugar & Sweeteners"}, {"layer": 5, "name": "Fruits - Excluding Wine"}, {"layer": 13, "name": "Vegetable Oils", "fill": "#f7b6d2"}, {"layer": 5, "name": "Spices"}, {"layer": 5, "name": "Stimulants"}, {"layer": 13, "name": "Eggs"}, {"layer": 5, "name": "Oilcrops", "fill": "#ff9896"}, {"layer": 10, "name": "Processing", "fill": "#9edae5"}, {"layer": 16, "name": "Biofuels & Other", "fill": "#e7ba52"}, {"name": "Waste", "fill": "#c7c7c7"}, {"layer": 2, "name": "Import", "fill": "#aec7e8"}, {"layer": 16, "name": "Export", "fill": "#aec7e8"}, {"layer": 0, "name": "Stock Draw", "fill": "#c7c7c7"}, {"layer": 16, "name": "Stock Deposit", "fill": "#c7c7c7"}, {"layer": 2, "name": "Electricity", "fill": "#bcbd22"}, {"layer": 0, "name": "Fossil Fuels", "fill": "#c49c94"}, {"layer": 2, "name": "Fertilizers", "fill": "#c5b0d5"}, {"layer": 0, "name": "Labor", "fill": "#7f7f7f"}, {"layer": 0, "name": "Renewables & Nuclear", "fill": "#2ca02c"}], "links": [{"source": 0, "prod": 44.0, "target": 1, "value": 0.03966183104518621, "supply": [{"l": "Potatoes", "v": 0.02446817055362981}, {"l": "Cassava", "v": 0.015193660491556399}]}, {"source": 2, "prod": 182.0, "target": 1, "value": 0.55455670699735093, "supply": [{"l": "Maize", "v": 0.53948375078950206}, {"l": "Barley", "v": 0.0028812330261651586}, {"l": "Sorghum", "v": 0.012191723181683663}]}, {"source": 3, "prod": 90.0, "target": 1, "value": 0.077064075586617486, "supply": [{"l": "Pelagic Fish", "v": 0.045482321341607145}, {"l": "Fish, Seafood", "v": 0.031581754245010335}]}, {"source": 4, "prod": 203.0, "target": 5, "value": 0.14435211469861142, "supply": [{"l": "Milk - Excluding Butter", "v": 0.14435211469861142}]}, {"source": 6, "prod": 489.0, "target": 5, "value": 1.1412033611759216, "supply": [{"l": "Mutton & Goat Meat", "v": 0.0073471442167211557}, {"l": "Pigmeat", "v": 0.68556497534764504}, {"l": "Meat, Other", "v": 0.05765619640717165}, {"l": "Poultry Meat", "v": 0.21013370712146071}, {"l": "Offals, Edible", "v": 0.057403062143985821}, {"l": "Bovine Meat", "v": 0.12309827593893719}]}, {"source": 7, "prod": 13.0, "target": 5, "value": 0.045987680467625004, "supply": [{"l": "Treenuts", "v": 0.045987680467625004}]}, {"source": 8, "prod": 18.0, "target": 5, "value": 0.060428547472048372, "supply": [{"l": "Peas", "v": 0.020408733935336539}, {"l": "Beans", "v": 0.040019813536711836}]}, {"source": 9, "prod": 458.0, "target": 5, "value": 0.42031690667851834, "supply": [{"l": "Tomatoes", "v": 0.0021313891172635986}, {"l": "Vegetables, Other", "v": 0.41582717497317145}, {"l": "Onions", "v": 0.0023583425880833331}]}, {"source": 10, "prod": 16.0, "target": 5, "value": 0.058001878557860855, "supply": [{"l": "Infant food", "v": 0.012014198090235849}, {"l": "Nuts", "v": 0.045987680467625004}]}, {"source": 11, "prod": 8.0, "target": 5, "value": 0.0022342192939736848, "supply": [{"l": "Sugar cane", "v": 0.0022342192939736848}]}, {"source": 12, "prod": 172.0, "target": 5, "value": 0.14598193320373262, "supply": [{"l": "Beer", "v": 0.074558198344934046}, {"l": "Beverages, Alcoholic", "v": 0.068718285334229759}, {"l": "Wine", "v": 0.0020540403186532262}, {"l": "Beverages, Fermented", "v": 0.00065140920591560101}]}, {"source": 13, "prod": 8.0, "target": 5, "value": 0.060728148551486678, "supply": [{"l": "Fats, Animals, Raw", "v": 0.01643232254922581}, {"l": "Butter, Ghee", "v": 0.0424501665855}, {"l": "Cream", "v": 0.0018456594167608697}]}, {"source": 0, "prod": 102.0, "target": 5, "value": 0.090391510228238783, "supply": [{"l": "Roots, Other", "v": 0.030347353133463827}, {"l": "Potatoes", "v": 0.034592930782718009}, {"l": "Sweet potatoes", "v": 0.0011413695255667012}, {"l": "Cassava", "v": 0.024309856786490239}]}, {"source": 3, "prod": 450.0, "target": 5, "value": 0.31584537242689686, "supply": [{"l": "Crustaceans", "v": 0.015451860637122001}, {"l": "Marine Fish, Other", "v": 0.026401932876347563}, {"l": "Demersal Fish", "v": 0.045897895851327412}, {"l": "Freshwater Fish", "v": 0.039590828939844558}, {"l": "Fish, Seafood", "v": 0.15720695446405145}, {"l": "Pelagic Fish", "v": 0.0070750277642500003}, {"l": "Cephalopods", "v": 0.015261540252793053}, {"l": "Molluscs, Other", "v": 0.0089593316411608042}]}, {"source": 14, "prod": 2.0, "target": 5, "value": 0.0023244444400000001, "supply": [{"l": "Aquatic Products, Other", "v": 0.0011622222200000001}, {"l": "Aquatic Animals, Others", "v": 0.0011622222200000001}]}, {"source": 15, "prod": 125.0, "target": 5, "value": 0.52150754277305245, "supply": [{"l": "Sugar", "v": 0.46088187382766882}, {"l": "Sweeteners, Other", "v": 0.057088155063258636}, {"l": "Honey", "v": 0.0035375138821250002}]}, {"source": 16, "prod": 384.0, "target": 5, "value": 0.16052394022560612, "supply": [{"l": "Citrus, Other", "v": 0.0021956982716637933}, {"l": "Grapes", "v": 0.0068129896989074078}, {"l": "Dates", "v": 0.0035375138821250002}, {"l": "Apples", "v": 0.019542276177468031}, {"l": "Lemons, Limes", "v": 0.0019836526441822429}, {"l": "Pineapples", "v": 0.00048238825665340913}, {"l": "Bananas", "v": 0.015309896145590167}, {"l": "Fruits, Other", "v": 0.072271506967158033}, {"l": "Grapefruit", "v": 0.0011622222200000001}, {"l": "Oranges, Mandarines", "v": 0.037225795961858044}]}, {"source": 2, "prod": 660.0, "target": 5, "value": 2.4259115396510098, "supply": [{"l": "Maize", "v": 0.30174514874667069}, {"l": "Rice", "v": 1.503327941146656}, {"l": "Cereals, Other", "v": 0.0055369782502826094}, {"l": "Wheat", "v": 0.61135261880177305}, {"l": "Oats", "v": 0.0039488527056279069}]}, {"source": 17, "prod": 77.0, "target": 5, "value": 0.79094914682591977, "supply": [{"l": "Groundnut Oil", "v": 0.27819283927390775}, {"l": "Soyabean Oil", "v": 0.030872848425818184}, {"l": "Coconut Oil", "v": 0.0097961922889615409}, {"l": "Rape and Mustard Oil", "v": 0.31869095408587067}, {"l": "Sesameseed Oil", "v": 0.019976548981411768}, {"l": "Oilcrops Oil, Other", "v": 0.061316907290166665}, {"l": "Maize Germ Oil", "v": 0.072102856479783095}]}, {"source": 18, "prod": 2.0, "target": 5, "value": 0.0073826376670434787, "supply": [{"l": "Spices, Other", "v": 0.0073826376670434787}]}, {"source": 19, "prod": 12.0, "target": 5, "value": 0.022217869446765726, "supply": [{"l": "Cocoa Beans", "v": 0.015918812469562501}, {"l": "Coffee", "v": 0.0020540403186532262}, {"l": "Tea", "v": 0.00424501665855}]}, {"source": 20, "prod": 64.0, "target": 5, "value": 0.10867242645888002, "supply": [{"l": "Eggs", "v": 0.10867242645888002}]}, {"source": 21, "prod": 40.0, "target": 5, "value": 0.16562571921769137, "supply": [{"l": "Coconuts - Incl Copra", "v": 0.0089368771758947391}, {"l": "Sesame seed", "v": 0.012644730472276598}, {"l": "Groundnuts", "v": 0.063995226008291467}, {"l": "Soyabeans", "v": 0.080048885561228578}]}, {"source": 2, "prod": 22.0, "target": 22, "value": 0.063387126575633487, "supply": [{"l": "Barley", "v": 0.063387126575633487}]}, {"source": 21, "prod": 2.0, "target": 22, "value": 0.0029789590586315794, "supply": [{"l": "Coconuts - Incl Copra", "v": 0.0029789590586315794}]}, {"source": 4, "prod": 4.0, "target": 23, "value": 0.0028443766443076147, "supply": [{"l": "Milk - Excluding Butter", "v": 0.0028443766443076147}]}, {"source": 6, "prod": 12.0, "target": 23, "value": 0.029601280537500312, "supply": [{"l": "Pigmeat", "v": 0.02077469622265591}, {"l": "Meat, Other", "v": 0.0020591498716847016}, {"l": "Bovine Meat", "v": 0.0020180045235891342}, {"l": "Poultry Meat", "v": 0.0034448148708436182}, {"l": "Offals, Edible", "v": 0.0013046150487269503}]}, {"source": 9, "prod": 15.0, "target": 23, "value": 0.014208217823684675, "supply": [{"l": "Vegetables, Other", "v": 0.014208217823684675}]}, {"source": 12, "prod": 6.0, "target": 23, "value": 0.003203538158411459, "supply": [{"l": "Alcohol, Non-Food", "v": 0.00068468010621774197}, {"l": "Beer", "v": 0.0025188580521937169}]}, {"source": 13, "prod": 1.0, "target": 23, "value": 0.0082161612746129049, "supply": [{"l": "Fats, Animals, Raw", "v": 0.0082161612746129049}]}, {"source": 0, "prod": 3.0, "target": 23, "value": 0.0027003707376184599, "supply": [{"l": "Potatoes", "v": 0.0016874600381813665}, {"l": "Cassava", "v": 0.0010129106994370932}]}, {"source": 15, "prod": 3.0, "target": 23, "value": 0.012456266860207265, "supply": [{"l": "Sugar", "v": 0.012456266860207265}]}, {"source": 2, "prod": 19.0, "target": 23, "value": 0.074101593555521206, "supply": [{"l": "Maize", "v": 0.0060958615908418314}, {"l": "Rice", "v": 0.058789360826964204}, {"l": "Wheat", "v": 0.0092163711377151718}]}, {"source": 17, "prod": 5.0, "target": 23, "value": 0.051363983112813524, "supply": [{"l": "Groundnut Oil", "v": 0.010303438491626214}, {"l": "Oilcrops Oil, Other", "v": 0.010219484548361111}, {"l": "Rape and Mustard Oil", "v": 0.010280353357608732}, {"l": "Palm Oil", "v": 0.020560706715217463}]}, {"source": 20, "prod": 1.0, "target": 23, "value": 0.0016980066634200003, "supply": [{"l": "Eggs", "v": 0.0016980066634200003}]}, {"source": 16, "prod": 9.0, "target": 23, "value": 0.003794864844694437, "supply": [{"l": "Fruits, Other", "v": 0.0017310540590936055}, {"l": "Apples", "v": 0.00048855690443670079}, {"l": "Bananas", "v": 0.00069590437025409844}, {"l": "Oranges, Mandarines", "v": 0.00087934951091003246}]}, {"source": 21, "prod": 1.0, "target": 23, "value": 0.0063995226008291464, "supply": [{"l": "Groundnuts", "v": 0.0063995226008291464}]}, {"source": 20, "prod": 2.0, "target": 20, "value": 0.0033960133268400006, "supply": [{"l": "Eggs", "v": 0.0033960133268400006}]}, {"source": 3, "prod": 2.0, "target": 3, "value": 0.0014783441985398637, "supply": [{"l": "Marine Fish, Other", "v": 0.00077652743753963414}, {"l": "Fish, Seafood", "v": 0.0007018167610002297}]}, {"source": 4, "prod": 1.0, "target": 24, "value": 0.00071109416107690367, "supply": [{"l": "Milk - Excluding Butter", "v": 0.00071109416107690367}]}, {"source": 21, "prod": 3.0, "target": 24, "value": 0.016437630908986863, "supply": [{"l": "Soyabeans", "v": 0.0036385857073285718}, {"l": "Groundnuts", "v": 0.012799045201658293}]}, {"source": 7, "prod": 1.0, "target": 24, "value": 0.0035375138821250002, "supply": [{"l": "Treenuts", "v": 0.0035375138821250002}]}, {"source": 9, "prod": 60.0, "target": 24, "value": 0.054842655657797543, "supply": [{"l": "Vegetables, Other", "v": 0.053991227730001763}, {"l": "Onions", "v": 0.00067381216802380958}, {"l": "Tomatoes", "v": 0.00017761575977196656}]}, {"source": 0, "prod": 8.0, "target": 24, "value": 0.0070882015134182859, "supply": [{"l": "Potatoes", "v": 0.005062380114544099}, {"l": "Cassava", "v": 0.0020258213988741864}]}, {"source": 10, "prod": 1.0, "target": 24, "value": 0.0035375138821250002, "supply": [{"l": "Nuts", "v": 0.0035375138821250002}]}, {"source": 2, "prod": 33.0, "target": 24, "value": 0.10410822279128652, "supply": [{"l": "Maize", "v": 0.082294131476364732}, {"l": "Wheat", "v": 0.0092163711377151718}, {"l": "Rice", "v": 0.012597720177206617}]}, {"source": 20, "prod": 3.0, "target": 24, "value": 0.0050940199902600016, "supply": [{"l": "Eggs", "v": 0.0050940199902600016}]}, {"source": 16, "prod": 37.0, "target": 24, "value": 0.015077247010235363, "supply": [{"l": "Bananas", "v": 0.0020877131107622953}, {"l": "Fruits, Other", "v": 0.0056259256920542181}, {"l": "Grapes", "v": 0.00052407613068518528}, {"l": "Apples", "v": 0.0024427845221835038}, {"l": "Oranges, Mandarines", "v": 0.0043967475545501631}]}, {"source": 25, "prod": 30.0, "target": 10, "value": 0.10752707290761085, "supply": [{"l": "Infant food", "v": 0.012014198090235849}, {"l": "Nuts", "v": 0.095512874817374999}]}, {"source": 25, "prod": 885.0, "target": 1, "value": 0.9770714782808817, "supply": [{"l": "Mutton & Goat Meat", "v": 0.0048980961444807705}, {"l": "Pigmeat", "v": 0.15135850105077878}, {"l": "Meat, Other", "v": 0.061774496150541036}, {"l": "Poultry Meat", "v": 0.099899631254464938}, {"l": "Crustaceans", "v": 0.021989186291289001}, {"l": "Eggs", "v": 0.11546445311256003}, {"l": "Aquatic Products, Other", "v": 0.0046488888800000003}, {"l": "Marine Fish, Other", "v": 0.025625405438807928}, {"l": "Demersal Fish", "v": 0.0025857969493705583}, {"l": "Freshwater Fish", "v": 0.034839929467063213}, {"l": "Milk - Excluding Butter", "v": 0.1543074329536881}, {"l": "Fish, Seafood", "v": 0.14036335220004592}, {"l": "Pelagic Fish", "v": 0.044471603089571425}, {"l": "Cephalopods", "v": 0.012568327267006045}, {"l": "Molluscs, Other", "v": 0.0098126013212713574}, {"l": "Aquatic Animals, Others", "v": 0.0046488888800000003}, {"l": "Offals, Edible", "v": 0.031310761169446803}, {"l": "Bovine Meat", "v": 0.05650412666049575}]}, {"source": 25, "prod": 956.0, "target": 2, "value": 3.3498775553669025, "supply": [{"l": "Maize", "v": 0.95705026976216767}, {"l": "Barley", "v": 0.066268359601798638}, {"l": "Rice", "v": 1.5957112224461714}, {"l": "Wheat", "v": 0.71273270131663991}, {"l": "Oats", "v": 0.0059232790584418608}, {"l": "Sorghum", "v": 0.012191723181683663}]}, {"source": 25, "prod": 42.0, "target": 8, "value": 0.13431128015520866, "supply": [{"l": "Peas", "v": 0.020408733935336539}, {"l": "Beans", "v": 0.11390254621987213}]}, {"source": 25, "prod": 299.0, "target": 22, "value": 1.6717063511670729, "supply": [{"l": "Alcohol, Non-Food", "v": 0.00068468010621774197}, {"l": "Sugar", "v": 0.51485903022190027}, {"l": "Beer", "v": 0.016120691534039791}, {"l": "Groundnut Oil", "v": 0.28849627776553399}, {"l": "Beverages, Alcoholic", "v": 0.075590113867652742}, {"l": "Fats, Animals, Raw", "v": 0.024648483823838711}, {"l": "Soyabean Oil", "v": 0.061745696851636368}, {"l": "Butter, Ghee", "v": 0.0424501665855}, {"l": "Palm Oil", "v": 0.030841060072826196}, {"l": "Wine", "v": 0.0020540403186532262}, {"l": "Coconut Oil", "v": 0.039184769155846164}, {"l": "Rape and Mustard Oil", "v": 0.33925166080108815}, {"l": "Sesameseed Oil", "v": 0.029964823472117649}, {"l": "Oilcrops Oil, Other", "v": 0.081755876386888887}, {"l": "Sweeteners, Other", "v": 0.065870948149913802}, {"l": "Beverages, Fermented", "v": 0.001302818411831202}, {"l": "Maize Germ Oil", "v": 0.05150204034270222}, {"l": "Honey", "v": 0.0035375138821250002}, {"l": "Cream", "v": 0.0018456594167608697}]}, {"source": 25, "prod": 27.0, "target": 7, "value": 0.095512874817374999, "supply": [{"l": "Treenuts", "v": 0.095512874817374999}]}, {"source": 25, "prod": 481.0, "target": 9, "value": 0.43156830691195469, "supply": [{"l": "Tomatoes", "v": 0.0023090048770355652}, {"l": "Vegetables, Other", "v": 0.42151046210264531}, {"l": "Onions", "v": 0.0077488399322738098}]}, {"source": 25, "prod": 18.0, "target": 19, "value": 0.033287679592650436, "supply": [{"l": "Cocoa Beans", "v": 0.02387821870434375}, {"l": "Coffee", "v": 0.0027387204248709679}, {"l": "Tea", "v": 0.0066707404634357157}]}, {"source": 25, "prod": 477.0, "target": 16, "value": 0.20287352718454363, "supply": [{"l": "Citrus, Other", "v": 0.0021956982716637933}, {"l": "Grapes", "v": 0.0078611419602777795}, {"l": "Dates", "v": 0.0088437847053125015}, {"l": "Apples", "v": 0.02491640212627174}, {"l": "Lemons, Limes", "v": 0.0019836526441822429}, {"l": "Pineapples", "v": 0.00048238825665340913}, {"l": "Bananas", "v": 0.017397609256352461}, {"l": "Fruits, Other", "v": 0.093476919191054678}, {"l": "Grapefruit", "v": 0.0011622222200000001}, {"l": "Oranges, Mandarines", "v": 0.044553708552774983}]}, {"source": 25, "prod": 8.0, "target": 11, "value": 0.0022342192939736848, "supply": [{"l": "Sugar cane", "v": 0.0022342192939736848}]}, {"source": 25, "prod": 99.0, "target": 21, "value": 0.49706517284928486, "supply": [{"l": "Sunflower seed", "v": 0.0035375138821250002}, {"l": "Coconuts - Incl Copra", "v": 0.019363233881105266}, {"l": "Sesame seed", "v": 0.063223652361382984}, {"l": "Groundnuts", "v": 0.31997613004145731}, {"l": "Soyabeans", "v": 0.090964642683214289}]}, {"source": 25, "prod": 18.0, "target": 18, "value": 0.058856449162826091, "supply": [{"l": "Pepper", "v": 0.0034866666600000002}, {"l": "Spices, Other", "v": 0.055369782502826093}]}, {"source": 25, "prod": 199.0, "target": 0, "value": 0.17646059512587856, "supply": [{"l": "Roots, Other", "v": 0.032876299227919147}, {"l": "Potatoes", "v": 0.092810302099975137}, {"l": "Sweet potatoes", "v": 0.0011413695255667012}, {"l": "Cassava", "v": 0.049632624272417568}]}, {"source": 4, "prod": 13.0, "target": 26, "value": 0.0092442240939997478, "supply": [{"l": "Milk - Excluding Butter", "v": 0.0092442240939997478}]}, {"source": 6, "prod": 8.0, "target": 26, "value": 0.016095311189119152, "supply": [{"l": "Meat, Other", "v": 0.012354899230108209}, {"l": "Poultry Meat", "v": 0.0017224074354218091}, {"l": "Bovine Meat", "v": 0.0020180045235891342}]}, {"source": 7, "prod": 13.0, "target": 26, "value": 0.045987680467625004, "supply": [{"l": "Treenuts", "v": 0.045987680467625004}]}, {"source": 8, "prod": 23.0, "target": 26, "value": 0.070804285488028626, "supply": [{"l": "Beans", "v": 0.070804285488028626}]}, {"source": 20, "prod": 1.0, "target": 26, "value": 0.0016980066634200003, "supply": [{"l": "Eggs", "v": 0.0016980066634200003}]}, {"source": 10, "prod": 13.0, "target": 26, "value": 0.045987680467625004, "supply": [{"l": "Nuts", "v": 0.045987680467625004}]}, {"source": 13, "prod": 34.0, "target": 26, "value": 0.27934948333683873, "supply": [{"l": "Fats, Animals, Raw", "v": 0.27934948333683873}]}, {"source": 0, "prod": 42.0, "target": 26, "value": 0.036618681601416833, "supply": [{"l": "Roots, Other", "v": 0.0025289460944553192}, {"l": "Potatoes", "v": 0.026999360610901864}, {"l": "Cassava", "v": 0.0070903748960596527}]}, {"source": 3, "prod": 222.0, "target": 26, "value": 0.159036981688224, "supply": [{"l": "Crustaceans", "v": 0.015451860637122001}, {"l": "Marine Fish, Other", "v": 0.048144701127457321}, {"l": "Freshwater Fish", "v": 0.00079181657879689115}, {"l": "Pelagic Fish", "v": 0.0090964642683214279}, {"l": "Fish, Seafood", "v": 0.077901660471025494}, {"l": "Cephalopods", "v": 0.0035909506477160126}, {"l": "Molluscs, Other", "v": 0.003413078720442211}, {"l": "Demersal Fish", "v": 0.00064644923734263958}]}, {"source": 14, "prod": 6.0, "target": 26, "value": 0.0069733333200000004, "supply": [{"l": "Aquatic Products, Other", "v": 0.0034866666600000002}, {"l": "Aquatic Animals, Others", "v": 0.0034866666600000002}]}, {"source": 15, "prod": 13.0, "target": 26, "value": 0.054455771574081817, "supply": [{"l": "Sugar", "v": 0.045672978487426644}, {"l": "Sweeteners, Other", "v": 0.0087827930866551732}]}, {"source": 12, "prod": 12.0, "target": 26, "value": 0.012057182233287269, "supply": [{"l": "Beer", "v": 0.0045339444939486917}, {"l": "Beverages, Alcoholic", "v": 0.0068718285334229768}, {"l": "Beverages, Fermented", "v": 0.00065140920591560101}]}, {"source": 2, "prod": 45.0, "target": 26, "value": 0.14385543221091113, "supply": [{"l": "Maize", "v": 0.030479307954209157}, {"l": "Rice", "v": 0.025195440354413234}, {"l": "Wheat", "v": 0.079875216526864815}, {"l": "Cereals, Other", "v": 0.0083054673754239128}]}, {"source": 17, "prod": 12.0, "target": 26, "value": 0.12205702986655348, "supply": [{"l": "Maize Germ Oil", "v": 0.010300408068540443}, {"l": "Groundnut Oil", "v": 0.010303438491626214}, {"l": "Soyabean Oil", "v": 0.030872848425818184}, {"l": "Palm Oil", "v": 0.010280353357608732}, {"l": "Coconut Oil", "v": 0.019592384577923082}, {"l": "Rape and Mustard Oil", "v": 0.010280353357608732}, {"l": "Oilcrops Oil, Other", "v": 0.020438969096722222}, {"l": "Sesameseed Oil", "v": 0.009988274490705884}]}, {"source": 18, "prod": 16.0, "target": 26, "value": 0.051473811495782611, "supply": [{"l": "Pepper", "v": 0.0034866666600000002}, {"l": "Spices, Other", "v": 0.047987144835782612}]}, {"source": 19, "prod": 6.0, "target": 26, "value": 0.0038733331723175123, "supply": [{"l": "Coffee", "v": 0.0020540403186532262}, {"l": "Tea", "v": 0.0018192928536642859}]}, {"source": 9, "prod": 147.0, "target": 26, "value": 0.13069621654617081, "supply": [{"l": "Vegetables, Other", "v": 0.12597953137000414}, {"l": "Onions", "v": 0.0047166851761666663}]}, {"source": 16, "prod": 52.0, "target": 26, "value": 0.02456844010706628, "supply": [{"l": "Grapes", "v": 0.00052407613068518528}, {"l": "Dates", "v": 0.0035375138821250002}, {"l": "Apples", "v": 0.0024427845221835038}, {"l": "Fruits, Other", "v": 0.016012250046615849}, {"l": "Oranges, Mandarines", "v": 0.0020518155254567426}]}, {"source": 21, "prod": 53.0, "target": 26, "value": 0.30562334106314593, "supply": [{"l": "Sunflower seed", "v": 0.0035375138821250002}, {"l": "Coconuts - Incl Copra", "v": 0.0074473976465789481}, {"l": "Sesame seed", "v": 0.050578921889106392}, {"l": "Groundnuts", "v": 0.2367823362306784}, {"l": "Soyabeans", "v": 0.0072771714146571435}]}, {"source": 27, "prod": 17.0, "target": 9, "value": 0.016102646866842631, "supply": [{"l": "Vegetables, Other", "v": 0.016102646866842631}]}, {"source": 27, "prod": 1.0, "target": 22, "value": 0.010219484548361111, "supply": [{"l": "Oilcrops Oil, Other", "v": 0.010219484548361111}]}, {"source": 18, "prod": 1.0, "target": 28, "value": 0.0036913188335217393, "supply": [{"l": "Spices, Other", "v": 0.0036913188335217393}]}, {"source": 27, "prod": 2.0, "target": 19, "value": 0.0013693602124354839, "supply": [{"l": "Coffee", "v": 0.0013693602124354839}]}, {"source": 27, "prod": 5.0, "target": 2, "value": 0.013842445625706523, "supply": [{"l": "Cereals, Other", "v": 0.013842445625706523}]}, {"source": 1, "prod": 221.0, "target": 4, "value": 0.15715180959799568, "supply": [{"l": "Milk - Excluding Butter", "v": 0.15715180959799568}]}, {"source": 1, "prod": 69.0, "target": 20, "value": 0.11716245977598003, "supply": [{"l": "Eggs", "v": 0.12055847310282003}]}, {"source": 1, "prod": 509.0, "target": 6, "value": 1.186899952902541, "supply": [{"l": "Pigmeat", "v": 0.70633967157030098}, {"l": "Bovine Meat", "v": 0.12713428498611545}, {"l": "Poultry Meat", "v": 0.21530092942772613}, {"l": "Offals, Edible", "v": 0.058707677192712769}, {"l": "Meat, Other", "v": 0.072070245508964556}, {"l": "Mutton & Goat Meat", "v": 0.0073471442167211557}]}, {"source": 1, "prod": 762.0, "target": 3, "value": 0.55194642970173835, "supply": [{"l": "Pelagic Fish", "v": 0.061653813374178572}, {"l": "Crustaceans", "v": 0.030903721274244001}, {"l": "Freshwater Fish", "v": 0.040382645518641451}, {"l": "Molluscs, Other", "v": 0.012372410361603015}, {"l": "Demersal Fish", "v": 0.046544345088670051}, {"l": "Fish, Seafood", "v": 0.26739218594108749}, {"l": "Marine Fish, Other", "v": 0.075323161441344516}, {"l": "Cephalopods", "v": 0.018852490900509066}]}, {"source": 1, "prod": 8.0, "target": 14, "value": 0.0092977777600000006, "supply": [{"l": "Aquatic Products, Other", "v": 0.0046488888800000003}, {"l": "Aquatic Animals, Others", "v": 0.0046488888800000003}]}, {"source": 22, "prod": 141.0, "target": 15, "value": 0.5884195812073415, "supply": [{"l": "Honey", "v": 0.0035375138821250002}, {"l": "Sweeteners, Other", "v": 0.065870948149913816}, {"l": "Sugar", "v": 0.51901111917530274}]}, {"source": 22, "prod": 94.0, "target": 17, "value": 0.96437015980528673, "supply": [{"l": "Sesameseed Oil", "v": 0.029964823472117652}, {"l": "Soyabean Oil", "v": 0.061745696851636368}, {"l": "Coconut Oil", "v": 0.029388576866884623}, {"l": "Rape and Mustard Oil", "v": 0.33925166080108815}, {"l": "Maize Germ Oil", "v": 0.082403264548323543}, {"l": "Groundnut Oil", "v": 0.29879971625716023}, {"l": "Palm Oil", "v": 0.030841060072826193}, {"l": "Oilcrops Oil, Other", "v": 0.091975360935249995}]}, {"source": 22, "prod": 43.0, "target": 13, "value": 0.34829379316293829, "supply": [{"l": "Fats, Animals, Raw", "v": 0.30399796716067745}, {"l": "Butter, Ghee", "v": 0.0424501665855}, {"l": "Cream", "v": 0.0018456594167608697}]}, {"source": 22, "prod": 190.0, "target": 12, "value": 0.16124265359543136, "supply": [{"l": "Beer", "v": 0.081611000891076452}, {"l": "Beverages, Alcoholic", "v": 0.075590113867652742}, {"l": "Alcohol, Non-Food", "v": 0.00068468010621774197}, {"l": "Beverages, Fermented", "v": 0.001302818411831202}, {"l": "Wine", "v": 0.0020540403186532262}]}, {"source": 29, "prod": 0, "target": 16, "value": 1.3643268611608784e-05, "supply": "[{\"l\":'Energy for power irrigation',\"v\":1.3643268611608784e-05}]"}, {"source": 29, "prod": 0, "target": 9, "value": 2.4148865591800354e-05, "supply": "[{\"l\":'Energy for power irrigation',\"v\":2.4148865591800354e-05}]"}, {"source": 29, "prod": 0, "target": 18, "value": 5.6029850561021697e-07, "supply": "[{\"l\":'Energy for power irrigation',\"v\":5.6029850561021697e-07}]"}, {"source": 29, "prod": 0, "target": 22, "value": 0.0061884381375087406, "supply": "[{\"l\":'Electricity',\"v\":0.0061884381375087406}]"}, {"source": 30, "prod": 0, "target": 29, "value": 0.016488250557580807, "supply": [{"l": "Coal", "v": 0.0}, {"l": "Natural gas", "v": 0.0}, {"l": "Oil", "v": 0.016488250557580807}]}, {"source": 30, "prod": 0, "target": 16, "value": 0.21229742186031755, "supply": [{"l": "Other fossil fuels", "v": 0.21229742186031755}]}, {"source": 30, "prod": 0, "target": 9, "value": 0.37577079598273866, "supply": [{"l": "Other fossil fuels", "v": 0.37577079598273866}]}, {"source": 30, "prod": 0, "target": 18, "value": 0.008718579953195792, "supply": [{"l": "Other fossil fuels", "v": 0.008718579953195792}]}, {"source": 31, "prod": 0.060041345152633013, "target": 16, "value": 0.00063553418188272968, "supply": [{"l": "Potash", "v": 0.00023384350627073756}, {"l": "Phosphate", "v": 0.00035541873445670078}, {"l": "Nitrogen", "v": 0.0030020931361540233}]}, {"source": 31, "prod": 0.10627441380199108, "target": 9, "value": 0.0011249085519156323, "supply": [{"l": "Potash", "v": 0.00023384350627073756}, {"l": "Phosphate", "v": 0.00035541873445670078}, {"l": "Nitrogen", "v": 0.0030020931361540233}]}, {"source": 31, "prod": 0.0024657636612990972, "target": 18, "value": 2.6099966401754809e-05, "supply": [{"l": "Potash", "v": 0.00023384350627073756}, {"l": "Phosphate", "v": 0.00035541873445670078}, {"l": "Nitrogen", "v": 0.0030020931361540233}]}, {"source": 30, "prod": 0, "target": 31, "value": 0.004458821889035027, "supply": [{"l": "Natural gas (including LNG)", "v": 0.0029665510271780693}, {"l": "Fuel oil", "v": 0.00096158729637359534}, {"l": "Liquefied petroleum gas (LPG)", "v": 0.00026534178274168125}, {"l": "Coal", "v": 0.00026534178274168125}]}, {"source": 32, "prod": 0, "target": 7, "value": 0.00026240952579212519, "supply": "[{\"l\":'Labor',\"v\":0.00026240952579212519}]"}, {"source": 32, "prod": 0, "target": 9, "value": 0.0083776670826967367, "supply": "[{\"l\":'Labor',\"v\":0.0083776670826967367}]"}, {"source": 32, "prod": 0, "target": 11, "value": 7.775097060507413e-05, "supply": "[{\"l\":'Labor',\"v\":7.775097060507413e-05}]"}, {"source": 32, "prod": 0, "target": 0, "value": 0.0019340553938012189, "supply": "[{\"l\":'Labor',\"v\":0.0019340553938012189}]"}, {"source": 32, "prod": 0, "target": 8, "value": 0.0003984737243510049, "supply": "[{\"l\":'Labor',\"v\":0.0003984737243510049}]"}, {"source": 32, "prod": 0, "target": 10, "value": 0.000291566139769028, "supply": "[{\"l\":'Labor',\"v\":0.000291566139769028}]"}, {"source": 32, "prod": 0, "target": 2, "value": 0.0093398353439345279, "supply": "[{\"l\":'Labor',\"v\":0.0093398353439345279}]"}, {"source": 32, "prod": 0, "target": 18, "value": 0.0001943774265126853, "supply": "[{\"l\":'Labor',\"v\":0.0001943774265126853}]"}, {"source": 32, "prod": 0, "target": 19, "value": 0.00017493968386141678, "supply": "[{\"l\":'Labor',\"v\":0.00017493968386141678}]"}, {"source": 32, "prod": 0, "target": 16, "value": 0.0047330903355838876, "supply": "[{\"l\":'Labor',\"v\":0.0047330903355838876}]"}, {"source": 32, "prod": 0, "target": 21, "value": 0.00096216826123779237, "supply": "[{\"l\":'Labor',\"v\":0.00096216826123779237}]"}, {"source": 30, "prod": 0, "target": 25, "value": 6.3665480300930088, "supply": "[{\"l\":'Fossil Fuels',\"v\":6.3665480300930088}]"}, {"source": 33, "prod": 0, "target": 25, "value": 0.065746842527167809, "supply": "[{\"l\":'Renewables & Nuclear',\"v\":0.0},{\"l\":'Biomass & Waste',\"v\":0.065746842527167809}]"}]}