{"nodes": [{"layer": 5, "name": "Fruits, Roots & Vegetables", "fill": "#98df8a"}, {"layer": 10, "name": "Feed", "fill": "#dbdb8d"}, {"layer": 13, "name": "Aquatic Products", "fill": "#1f77b4"}, {"layer": 5, "name": "Cereals", "fill": "#e7ba52"}, {"layer": 5, "name": "Oilcrops", "fill": "#ff9896"}, {"layer": 5, "name": "Sugar Crops", "fill": "#ffbb78"}, {"layer": 13, "name": "Other Processed", "fill": "#9c9ede"}, {"layer": 16, "name": "Food", "fill": "#b5cf6b"}, {"layer": 13, "name": "Animal Products", "fill": "#17becf"}, {"layer": 13, "name": "Sugar", "fill": "#d6616b"}, {"layer": 13, "name": "Vegetable Oils", "fill": "#f7b6d2"}, {"layer": 10, "name": "Processing", "fill": "#9edae5"}, {"layer": 16, "name": "Biofuels & Other", "fill": "#e7ba52"}, {"name": "Waste", "fill": "#c7c7c7"}, {"layer": 2, "name": "Import", "fill": "#aec7e8"}, {"layer": 16, "name": "Export", "fill": "#aec7e8"}, {"layer": 16, "name": "Stock Deposit", "fill": "#c7c7c7"}, {"layer": 0, "name": "Stock Draw", "fill": "#c7c7c7"}, {"name": "Crop Residue", "fill": "#bd9e39"}, {"layer": 2, "name": "Electricity", "fill": "#bcbd22"}, {"layer": 0, "name": "Fossil Fuels", "fill": "#c49c94"}, {"layer": 2, "name": "Fertilizers", "fill": "#c5b0d5"}, {"layer": 0, "name": "Labor", "fill": "#7f7f7f"}, {"layer": 0, "name": "Renewables & Nuclear", "fill": "#2ca02c"}], "links": [{"source": 0, "prod": 27.0, "target": 1, "value": 0.023024266568751214, "supply": [{"l": "Sweet potatoes", "v": 0.0033562357183265011}, {"l": "Potatoes", "v": 0.019668030850424713}]}, {"source": 2, "prod": 12.0, "target": 1, "value": 0.0079359185501823894, "supply": [{"l": "Marine Fish, Other", "v": 0.0040173659229179818}, {"l": "Fish, Seafood", "v": 0.0039185526272644084}]}, {"source": 3, "prod": 47.0, "target": 1, "value": 0.14312374224656588, "supply": [{"l": "Maize", "v": 0.13366941768334922}, {"l": "Barley", "v": 0.0028968617617401576}, {"l": "Oats", "v": 0.0024028396180471702}, {"l": "Rice", "v": 0.0041546231834293616}]}, {"source": 4, "prod": 1.0, "target": 1, "value": 0.0053062708231875, "supply": [{"l": "Oilcrops, Other", "v": 0.0053062708231875}]}, {"source": 5, "prod": 8.0, "target": 1, "value": 0.0092977777600000006, "supply": [{"l": "Sugar beet", "v": 0.0092977777600000006}]}, {"source": 6, "prod": 55.0, "target": 7, "value": 0.18356610120200717, "supply": [{"l": "Beer", "v": 0.016749359207104894}, {"l": "Beverages, Alcoholic", "v": 0.01369360212435484}, {"l": "Fats, Animals, Raw", "v": 0.13614307323634744}, {"l": "Butter, Ghee", "v": 0.0169800666342}]}, {"source": 8, "prod": 299.0, "target": 7, "value": 0.55661180616036054, "supply": [{"l": "Meat, Other", "v": 0.0096373351167081071}, {"l": "Eggs", "v": 0.052819301313380161}, {"l": "Pigmeat", "v": 0.29294467046225992}, {"l": "Milk - Excluding Butter", "v": 0.073971917652661007}, {"l": "Mutton & Goat Meat", "v": 0.003144456784111111}, {"l": "Poultry Meat", "v": 0.042127760257002531}, {"l": "Offals, Edible", "v": 0.021496041802870219}, {"l": "Bovine Meat", "v": 0.060470322771367525}]}, {"source": 3, "prod": 495.0, "target": 7, "value": 1.8858248993180589, "supply": [{"l": "Maize", "v": 0.11240382850645277}, {"l": "Rice", "v": 1.4416542446499883}, {"l": "Cereals, Other", "v": 0.026348379259965519}, {"l": "Wheat", "v": 0.300612767665558}, {"l": "Oats", "v": 0.0048056792360943405}]}, {"source": 4, "prod": 25.0, "target": 7, "value": 0.11713466921042323, "supply": [{"l": "Coconuts - Incl Copra", "v": 0.0051628580982364869}, {"l": "Groundnuts", "v": 0.06360129488419862}, {"l": "Soyabeans", "v": 0.048370516227988138}]}, {"source": 0, "prod": 411.0, "target": 7, "value": 0.41213499098661394, "supply": [{"l": "Roots, Other", "v": 0.0030321547561071431}, {"l": "Nuts", "v": 0.022766569788871514}, {"l": "Citrus, Other", "v": 0.0015026607640884959}, {"l": "Cocoa Beans", "v": 0.0070750277642500003}, {"l": "Tomatoes", "v": 0.0015436424212909091}, {"l": "Treenuts", "v": 0.022766569788871514}, {"l": "Vegetables, Other", "v": 0.19444887852128162}, {"l": "Grapes", "v": 0.0046918605173447373}, {"l": "Potatoes", "v": 0.022946035992162165}, {"l": "Beans", "v": 0.040986367737724141}, {"l": "Apples", "v": 0.0089092942216481494}, {"l": "Bananas", "v": 0.0078903655363382914}, {"l": "Spices, Other", "v": 0.0044684385879473695}, {"l": "Tea", "v": 0.0016171492032571429}, {"l": "Fruits, Other", "v": 0.02868184155562294}, {"l": "Sweet potatoes", "v": 0.026849885746612009}, {"l": "Oranges, Mandarines", "v": 0.010511083313235661}, {"l": "Onions", "v": 0.0014471647699602274}]}, {"source": 9, "prod": 100.0, "target": 7, "value": 0.39019583243908645, "supply": [{"l": "Sugar", "v": 0.36785363949934963}, {"l": "Sweeteners, Other", "v": 0.022342192939736844}]}, {"source": 2, "prod": 230.0, "target": 7, "value": 0.15267868890619515, "supply": [{"l": "Aquatic Products, Other", "v": 0.0011622222200000001}, {"l": "Crustaceans", "v": 0.0029479282351041673}, {"l": "Marine Fish, Other", "v": 0.022765073563201895}, {"l": "Freshwater Fish", "v": 0.015251556857065869}, {"l": "Fish, Seafood", "v": 0.074452499918023773}, {"l": "Cephalopods", "v": 0.0016018930786981134}, {"l": "Pelagic Fish", "v": 0.010859344940476745}, {"l": "Molluscs, Other", "v": 0.0014851370233994168}, {"l": "Aquatic Animals, Others", "v": 0.0011622222200000001}, {"l": "Demersal Fish", "v": 0.020990810850225167}]}, {"source": 10, "prod": 33.0, "target": 7, "value": 0.33765731572525004, "supply": [{"l": "Groundnut Oil", "v": 0.081972735475448283}, {"l": "Soyabean Oil", "v": 0.20523732714380871}, {"l": "Coconut Oil", "v": 0.010107182520357146}, {"l": "Rape and Mustard Oil", "v": 0.0094333703523333343}, {"l": "Oilcrops Oil, Other", "v": 0.020852713410421053}, {"l": "Maize Germ Oil", "v": 0.01005398682288158}]}, {"source": 3, "prod": 4.0, "target": 11, "value": 0.011587447046960631, "supply": [{"l": "Barley", "v": 0.011587447046960631}]}, {"source": 6, "prod": 2.0, "target": 12, "value": 0.0090164984168809546, "supply": [{"l": "Fats, Animals, Raw", "v": 0.0085089420772717153}, {"l": "Beer", "v": 0.00050755633960923921}]}, {"source": 8, "prod": 7.0, "target": 12, "value": 0.01378419045589024, "supply": [{"l": "Pigmeat", "v": 0.0089676939937426495}, {"l": "Eggs", "v": 0.0017038484294638763}, {"l": "Poultry Meat", "v": 0.0015045628663215192}, {"l": "Milk - Excluding Butter", "v": 0.0016080851663621959}]}, {"source": 3, "prod": 21.0, "target": 12, "value": 0.08277601323733158, "supply": [{"l": "Maize", "v": 0.00303794131098521}, {"l": "Wheat", "v": 0.009109477808047212}, {"l": "Rice", "v": 0.070628594118299151}]}, {"source": 4, "prod": 1.0, "target": 12, "value": 0.0040308763523323448, "supply": [{"l": "Palm kernels", "v": 0.0040308763523323448}]}, {"source": 0, "prod": 10.0, "target": 12, "value": 0.0092346838707530344, "supply": [{"l": "Potatoes", "v": 0.00081950128543436303}, {"l": "Vegetables, Other", "v": 0.0065178395035066462}, {"l": "Fruits, Other", "v": 0.00049451450957970584}, {"l": "Sweet potatoes", "v": 0.001118745239442167}, {"l": "Oranges, Mandarines", "v": 0.00028408333279015299}]}, {"source": 9, "prod": 5.0, "target": 12, "value": 0.01936071786838682, "supply": [{"l": "Sugar", "v": 0.01936071786838682}]}, {"source": 10, "prod": 2.0, "target": 12, "value": 0.020852713410421053, "supply": [{"l": "Oilcrops Oil, Other", "v": 0.020852713410421053}]}, {"source": 8, "prod": 1.0, "target": 8, "value": 0.0017038484294638763, "supply": [{"l": "Eggs", "v": 0.0017038484294638763}]}, {"source": 0, "prod": 45.0, "target": 13, "value": 0.039204716393515672, "supply": [{"l": "Bananas", "v": 0.00078903655363382911}, {"l": "Potatoes", "v": 0.0024585038563030891}, {"l": "Vegetables, Other", "v": 0.029330277765779903}, {"l": "Fruits, Other", "v": 0.0019780580383188234}, {"l": "Grapes", "v": 0.00067026578819210519}, {"l": "Sweet potatoes", "v": 0.001118745239442167}, {"l": "Apples", "v": 0.0010481522613703706}, {"l": "Oranges, Mandarines", "v": 0.001136333331160612}, {"l": "Onions", "v": 0.00048238825665340913}, {"l": "Tomatoes", "v": 0.00019295530266136363}]}, {"source": 8, "prod": 2.0, "target": 13, "value": 0.0034076968589277527, "supply": [{"l": "Eggs", "v": 0.0034076968589277527}]}, {"source": 3, "prod": 14.0, "target": 13, "value": 0.042528280937187329, "supply": [{"l": "Maize", "v": 0.036455295731822518}, {"l": "Wheat", "v": 0.006072985205364808}]}, {"source": 4, "prod": 2.0, "target": 13, "value": 0.010391005840752206, "supply": [{"l": "Soyabeans", "v": 0.0040308763523323448}, {"l": "Groundnuts", "v": 0.0063601294884198609}]}, {"source": 14, "prod": 339.0, "target": 1, "value": 0.3230055872486034, "supply": [{"l": "Meat, Other", "v": 0.0096373351167081071}, {"l": "Crustaceans", "v": 0.0053062708231875009}, {"l": "Eggs", "v": 0.057930846601771793}, {"l": "Marine Fish, Other", "v": 0.020756390601742902}, {"l": "Mutton & Goat Meat", "v": 0.003144456784111111}, {"l": "Freshwater Fish", "v": 0.01440424814278443}, {"l": "Pigmeat", "v": 0.023913850649980403}, {"l": "Milk - Excluding Butter", "v": 0.076384045402204309}, {"l": "Fish, Seafood", "v": 0.056165920990789854}, {"l": "Pelagic Fish", "v": 0.014808197646104653}, {"l": "Molluscs, Other", "v": 0.0016088984420160352}, {"l": "Aquatic Animals, Others", "v": 0.0011622222200000001}, {"l": "Poultry Meat", "v": 0.0090273771979291154}, {"l": "Offals, Edible", "v": 0.0075868382833659586}, {"l": "Demersal Fish", "v": 0.00065596283906953646}, {"l": "Bovine Meat", "v": 0.019350503286837607}, {"l": "Aquatic Products, Other", "v": 0.0011622222200000001}]}, {"source": 14, "prod": 282.0, "target": 11, "value": 1.3131253294022307, "supply": [{"l": "Sugar", "v": 0.83638301191431064}, {"l": "Beer", "v": 0.0055831197357016308}, {"l": "Groundnut Oil", "v": 0.1434522870820345}, {"l": "Beverages, Alcoholic", "v": 0.017117002655443549}, {"l": "Fats, Animals, Raw", "v": 0.025526826231815146}, {"l": "Soyabean Oil", "v": 0.15392799535785653}, {"l": "Butter, Ghee", "v": 0.0169800666342}, {"l": "Coconut Oil", "v": 0.010107182520357146}, {"l": "Rape and Mustard Oil", "v": 0.0094333703523333343}, {"l": "Oilcrops Oil, Other", "v": 0.06255814023126316}, {"l": "Wine", "v": 0.00077725657128380286}, {"l": "Sweeteners, Other", "v": 0.031279070115631587}]}, {"source": 14, "prod": 713.0, "target": 3, "value": 2.630029758598551, "supply": [{"l": "Maize", "v": 0.37062883994019563}, {"l": "Barley", "v": 0.014484308808700788}, {"l": "Rice", "v": 1.7532509834071905}, {"l": "Cereals, Other", "v": 0.028983217185962071}, {"l": "Wheat", "v": 0.45547389040236064}, {"l": "Oats", "v": 0.0072085188541415098}]}, {"source": 14, "prod": 508.0, "target": 0, "value": 0.58166120236112484, "supply": [{"l": "Roots, Other", "v": 0.0030321547561071431}, {"l": "Nuts", "v": 0.037944282981452512}, {"l": "Citrus, Other", "v": 0.0015026607640884959}, {"l": "Cocoa Beans", "v": 0.0070750277642500003}, {"l": "Tomatoes", "v": 0.0013506871186295456}, {"l": "Cloves", "v": 0.0011622222200000001}, {"l": "Coffee", "v": 0.0025182302211737288}, {"l": "Treenuts", "v": 0.037944282981452512}, {"l": "Vegetables, Other", "v": 0.1694638270911728}, {"l": "Grapes", "v": 0.0053621263055368415}, {"l": "Potatoes", "v": 0.052448082267799234}, {"l": "Beans", "v": 0.16941031998259309}, {"l": "Apples", "v": 0.013101903267129631}, {"l": "Bananas", "v": 0.008679402089972121}, {"l": "Spices, Other", "v": 0.013405315763842109}, {"l": "Tea", "v": 0.0020214365040714284}, {"l": "Fruits, Other", "v": 0.03956116076637646}, {"l": "Oranges, Mandarines", "v": 0.012783749975556884}, {"l": "Onions", "v": 0.0028943295399204549}]}, {"source": 14, "prod": 57.0, "target": 4, "value": 0.28231276389066551, "supply": [{"l": "Coconuts - Incl Copra", "v": 0.0068838107976486483}, {"l": "Sesame seed", "v": 0.049525194349750008}, {"l": "Cottonseed", "v": 0.016123505409329379}, {"l": "Groundnuts", "v": 0.08268168334945819}, {"l": "Oilcrops, Other", "v": 0.0424501665855}, {"l": "Soyabeans", "v": 0.076586650694314556}, {"l": "Palm kernels", "v": 0.0080617527046646896}]}, {"source": 14, "prod": 8.0, "target": 5, "value": 0.0092977777600000006, "supply": [{"l": "Sugar beet", "v": 0.0092977777600000006}]}, {"source": 6, "prod": 4.0, "target": 15, "value": 0.020948841025241381, "supply": [{"l": "Fats, Animals, Raw", "v": 0.017017884154543431}, {"l": "Beer", "v": 0.00050755633960923921}, {"l": "Beverages, Alcoholic", "v": 0.00342340053108871}]}, {"source": 8, "prod": 7.0, "target": 15, "value": 0.0065281039285504643, "supply": [{"l": "Milk - Excluding Butter", "v": 0.0048242554990865875}, {"l": "Eggs", "v": 0.0017038484294638763}]}, {"source": 3, "prod": 98.0, "target": 15, "value": 0.3229321875758483, "supply": [{"l": "Maize", "v": 0.085062356707585884}, {"l": "Rice", "v": 0.0955563332188753}, {"l": "Cereals, Other", "v": 0.0026348379259965517}, {"l": "Wheat", "v": 0.13967865972339058}]}, {"source": 4, "prod": 27.0, "target": 15, "value": 0.14323562649435068, "supply": [{"l": "Soyabeans", "v": 0.020154381761661722}, {"l": "Oilcrops, Other", "v": 0.047756437408687499}, {"l": "Sesame seed", "v": 0.0424501665855}, {"l": "Cottonseed", "v": 0.016123505409329379}, {"l": "Groundnuts", "v": 0.012720258976839722}, {"l": "Palm kernels", "v": 0.0040308763523323448}]}, {"source": 0, "prod": 123.0, "target": 15, "value": 0.19902353229631212, "supply": [{"l": "Grapes", "v": 0.00067026578819210519}, {"l": "Potatoes", "v": 0.0065560102834749043}, {"l": "Nuts", "v": 0.011383284894435757}, {"l": "Coffee", "v": 0.0025182302211737288}, {"l": "Beans", "v": 0.10656455611808278}, {"l": "Apples", "v": 0.0026203806534259265}, {"l": "Treenuts", "v": 0.011383284894435757}, {"l": "Spices, Other", "v": 0.013405315763842109}, {"l": "Tea", "v": 0.00040428730081428573}, {"l": "Fruits, Other", "v": 0.0093957756820144105}, {"l": "Vegetables, Other", "v": 0.032589197517533225}, {"l": "Oranges, Mandarines", "v": 0.00056816666558030598}, {"l": "Onions", "v": 0.00096477651330681825}]}, {"source": 9, "prod": 119.0, "target": 15, "value": 0.46197767529614642, "supply": [{"l": "Sugar", "v": 0.45304079812025166}, {"l": "Sweeteners, Other", "v": 0.0089368771758947391}]}, {"source": 2, "prod": 56.0, "target": 15, "value": 0.040535740947876341, "supply": [{"l": "Molluscs, Other", "v": 0.00012376141861661808}, {"l": "Fish, Seafood", "v": 0.018286578927233905}, {"l": "Pelagic Fish", "v": 0.013820984469697675}, {"l": "Marine Fish, Other", "v": 0.0053564878972239749}, {"l": "Crustaceans", "v": 0.0029479282351041673}]}, {"source": 10, "prod": 8.0, "target": 15, "value": 0.082347539439766679, "supply": [{"l": "Groundnut Oil", "v": 0.05123295967215518}, {"l": "Oilcrops Oil, Other", "v": 0.020852713410421053}, {"l": "Soyabean Oil", "v": 0.010261866357190435}]}, {"source": 0, "prod": 8.0, "target": 16, "value": 0.020289193830937934, "supply": [{"l": "Cloves", "v": 0.0011622222200000001}, {"l": "Beans", "v": 0.019126971610937932}]}, {"source": 3, "prod": 42.0, "target": 16, "value": 0.17449417370403317, "supply": [{"l": "Rice", "v": 0.17449417370403317}]}, {"source": 4, "prod": 1.0, "target": 16, "value": 0.0070750277642500003, "supply": [{"l": "Sesame seed", "v": 0.0070750277642500003}]}, {"source": 17, "prod": 6.0, "target": 11, "value": 0.061571198143142623, "supply": [{"l": "Soyabean Oil", "v": 0.061571198143142623}]}, {"source": 1, "prod": 298.0, "target": 2, "value": 0.20115034840425389, "supply": [{"l": "Pelagic Fish", "v": 0.02468032941017442}, {"l": "Crustaceans", "v": 0.0058958564702083346}, {"l": "Freshwater Fish", "v": 0.015251556857065869}, {"l": "Molluscs, Other", "v": 0.001608898442016035}, {"l": "Aquatic Animals, Others", "v": 0.0011622222200000001}, {"l": "Marine Fish, Other", "v": 0.032138927383343854}, {"l": "Aquatic Products, Other", "v": 0.0011622222200000001}, {"l": "Fish, Seafood", "v": 0.096657631472522099}, {"l": "Demersal Fish", "v": 0.020990810850225167}, {"l": "Cephalopods", "v": 0.0016018930786981134}]}, {"source": 1, "prod": 315.0, "target": 8, "value": 0.58033179740372887, "supply": [{"l": "Poultry Meat", "v": 0.043632323123324053}, {"l": "Pigmeat", "v": 0.30191236445600256}, {"l": "Bovine Meat", "v": 0.060470322771367525}, {"l": "Eggs", "v": 0.061338543460699536}, {"l": "Milk - Excluding Butter", "v": 0.080404258318109795}, {"l": "Offals, Edible", "v": 0.021496041802870219}, {"l": "Meat, Other", "v": 0.0096373351167081071}, {"l": "Mutton & Goat Meat", "v": 0.003144456784111111}]}, {"source": 11, "prod": 61.0, "target": 6, "value": 0.21353144064412952, "supply": [{"l": "Fats, Animals, Raw", "v": 0.16166989946816257}, {"l": "Beer", "v": 0.017764471886323373}, {"l": "Beverages, Alcoholic", "v": 0.017117002655443549}, {"l": "Butter, Ghee", "v": 0.0169800666342}]}, {"source": 11, "prod": 43.0, "target": 10, "value": 0.44085756857543779, "supply": [{"l": "Soyabean Oil", "v": 0.21549919350099914}, {"l": "Coconut Oil", "v": 0.010107182520357146}, {"l": "Rape and Mustard Oil", "v": 0.0094333703523333343}, {"l": "Maize Germ Oil", "v": 0.01005398682288158}, {"l": "Groundnut Oil", "v": 0.13320569514760347}, {"l": "Oilcrops Oil, Other", "v": 0.06255814023126316}]}, {"source": 11, "prod": 224.0, "target": 9, "value": 0.87153422560361971, "supply": [{"l": "Sweeteners, Other", "v": 0.03127907011563158}, {"l": "Sugar", "v": 0.84025515548798813}]}, {"source": 0, "prod": 372.5, "target": 18, "value": 1.8101958471543831, "supply": [{"l": "Vegetables, Other", "v": 0.57181333223999997}, {"l": "Tomatoes", "v": 0.019176666629999999}, {"l": "Roots, Other", "v": 0.0026149999949999997}, {"l": "Potatoes", "v": 0.05578666656000001}, {"l": "Beans", "v": 0.10634333313000002}, {"l": "Sweet potatoes", "v": 0.050556666570000006}, {"l": "Onions", "v": 0.010459999980000001}]}, {"source": 5, "prod": 1.6000000000000001, "target": 18, "value": 0.0018595555520000001, "supply": [{"l": "Sugar beet", "v": 0.0018595555520000001}]}, {"source": 3, "prod": 731.0, "target": 18, "value": 3.1058139961466855, "supply": [{"l": "Maize", "v": 0.42537333251999998}, {"l": "Barley", "v": 0.016631674508881887}, {"l": "Rice", "v": 1.5341333304}, {"l": "Wheat", "v": 0.52299999900000005}, {"l": "Oats", "v": 0.010459999980000002}, {"l": "Cereals, Other", "v": 0.038353333260000004}]}, {"source": 4, "prod": 28.5, "target": 18, "value": 0.12420105438339929, "supply": [{"l": "Coconuts - Incl Copra", "v": 0.0052299999900000003}, {"l": "Sesame seed", "v": 0.021419392320156248}, {"l": "Cottonseed", "v": 0.0069733333200000004}, {"l": "Groundnuts", "v": 0.02266333329}, {"l": "Oilcrops, Other", "v": 0.022949348914453122}, {"l": "Soyabeans", "v": 0.03137999994}, {"l": "Palm kernels", "v": 0.0034866666600000002}]}, {"source": 19, "prod": 0, "target": 0, "value": 2.3704529919010413e-06, "supply": "[{\"l\":'Energy for power irrigation',\"v\":2.3704529919010413e-06}]"}, {"source": 19, "prod": 0, "target": 3, "value": 2.3259075665498808e-06, "supply": "[{\"l\":'Energy for power irrigation',\"v\":2.3259075665498808e-06}]"}, {"source": 19, "prod": 0, "target": 11, "value": 0.00039356898714596746, "supply": "[{\"l\":'Electricity',\"v\":0.00039356898714596746}]"}, {"source": 20, "prod": 0, "target": 19, "value": 0.0010486109625018202, "supply": [{"l": "Coal", "v": 0.0}, {"l": "Natural gas", "v": 0.0}, {"l": "Oil", "v": 0.0010486109625018202}]}, {"source": 20, "prod": 0, "target": 0, "value": 0.31927112037713334, "supply": [{"l": "Other fossil fuels", "v": 0.31927112037713334}]}, {"source": 20, "prod": 0, "target": 3, "value": 0.3132713946250798, "supply": [{"l": "Other fossil fuels", "v": 0.3132713946250798}]}, {"source": 21, "prod": 0.010431897978884648, "target": 0, "value": 0.0001104210395460105, "supply": [{"l": "Potash", "v": 1.4871854556614435e-05}, {"l": "Phosphate", "v": 2.2603731058566755e-05}, {"l": "Nitrogen", "v": 0.00019092551766052644}]}, {"source": 21, "prod": 0.010235862312167351, "target": 3, "value": 0.00010834601329950829, "supply": [{"l": "Potash", "v": 1.4871854556614435e-05}, {"l": "Phosphate", "v": 2.2603731058566755e-05}, {"l": "Nitrogen", "v": 0.00019092551766052644}]}, {"source": 20, "prod": 0, "target": 21, "value": 0.00028356977572344794, "supply": [{"l": "Natural gas (including LNG)", "v": 0.0001886651295755404}, {"l": "Fuel oil", "v": 6.115451586925567e-05}, {"l": "Liquefied petroleum gas (LPG)", "v": 1.687506513932594e-05}, {"l": "Coal", "v": 1.687506513932594e-05}]}, {"source": 22, "prod": 0, "target": 3, "value": 0.0075504943198936797, "supply": "[{\"l\":'Labor',\"v\":0.0075504943198936797}]"}, {"source": 22, "prod": 0, "target": 4, "value": 0.00058875263506694901, "supply": "[{\"l\":'Labor',\"v\":0.00058875263506694901}]"}, {"source": 22, "prod": 0, "target": 0, "value": 0.0076951002302610002, "supply": "[{\"l\":'Labor',\"v\":0.0076951002302610002}]"}, {"source": 22, "prod": 0, "target": 5, "value": 8.2631948781326171e-05, "supply": "[{\"l\":'Labor',\"v\":8.2631948781326171e-05}]"}, {"source": 20, "prod": 0, "target": 14, "value": 4.6430681885000977, "supply": "[{\"l\":'Fossil Fuels',\"v\":4.6430681885000977}]"}, {"source": 23, "prod": 0, "target": 14, "value": 0.071697961867751847, "supply": "[{\"l\":'Renewables & Nuclear',\"v\":0.0},{\"l\":'Biomass & Waste',\"v\":0.071697961867751847}]"}]}