{"nodes": [{"layer": 3, "name": "Cereals", "fill": "#e7ba52"}, {"layer": 5, "name": "Production", "fill": "#b5cf6b"}, {"layer": 3, "name": "Oilcrops", "fill": "#ff9896"}, {"layer": 3, "name": "Fruits, Roots & Vegetables", "fill": "#98df8a"}, {"layer": 1, "name": "Electricity", "fill": "#bcbd22"}, {"layer": 0, "name": "Fossil Fuels", "fill": "#c49c94"}, {"layer": 0, "name": "Renewables & Nuclear", "fill": "#2ca02c"}, {"layer": 1, "name": "Fertilizers", "fill": "#c5b0d5"}, {"layer": 0, "name": "Labor", "fill": "#7f7f7f"}], "links": [{"source": 0, "prod": 83.0, "target": 1, "value": 0.30391392930518285, "supply": [{"l": "Maize", "v": 0.11120203091873578}, {"l": "Rice", "v": 0.013061589718615384}, {"l": "Sorghum", "v": 0.14003015318803166}, {"l": "Millet", "v": 0.039620155479800002}]}, {"source": 2, "prod": 87.0, "target": 1, "value": 0.46946090627617149, "supply": [{"l": "Cottonseed", "v": 0.094850267094805735}, {"l": "Oilcrops, Other", "v": 0.032713889845706418}, {"l": "Sesame seed", "v": 0.058368979055062498}, {"l": "Groundnuts", "v": 0.23991538147509683}, {"l": "Palm kernels", "v": 0.0011622222200000001}, {"l": "Oil Palm", "v": 0.0424501665855}]}, {"source": 3, "prod": 950.0, "target": 1, "value": 0.98254071739552629, "supply": [{"l": "Roots, Other", "v": 0.039686299311986646}, {"l": "Potatoes", "v": 0.001463798847775862}, {"l": "Fruits, Other", "v": 0.0013196942979948187}, {"l": "Yams", "v": 0.15129002961360197}, {"l": "Pulses, Other", "v": 0.015795410822511628}, {"l": "Coffee", "v": 0.0046767132678940679}, {"l": "Lemons, Limes", "v": 0.00043989809933160624}, {"l": "Plantains", "v": 0.05047748958143683}, {"l": "Bananas", "v": 0.031413788115346522}, {"l": "Vegetables, Other", "v": 0.0075356723098355602}, {"l": "Grapefruit", "v": 0.00074736208777288749}, {"l": "Oranges, Mandarines", "v": 0.0037356146595240005}, {"l": "Cassava", "v": 0.67395894638051401}]}, {"source": 4, "prod": 0, "target": 3, "value": 2.7189606690146072e-05, "supply": "[{\"l\":'Energy for power irrigation',\"v\":2.7189606690146072e-05}]"}, {"source": 4, "prod": 0, "target": 0, "value": 2.5315941000293817e-06, "supply": "[{\"l\":'Energy for power irrigation',\"v\":2.5315941000293817e-06}]"}, {"source": 4, "prod": 0, "target": 2, "value": 2.4886857254526127e-06, "supply": "[{\"l\":'Energy for power irrigation',\"v\":2.4886857254526127e-06}]"}, {"source": 5, "prod": 0, "target": 4, "value": 2.4628398163054483e-05, "supply": [{"l": "Coal", "v": 1.7145633783267883e-06}, {"l": "Natural gas", "v": 3.1950267561971117e-06}, {"l": "Oil", "v": 1.9718808028530584e-05}]}, {"source": 6, "prod": 0, "target": 4, "value": 2.2801999312322122e-05, "supply": [{"l": "Nuclear", "v": 0.0}, {"l": "Hydroelectric", "v": 2.2669929347287395e-05}, {"l": "Renewable", "v": 1.3206996503472766e-07}]}, {"source": 5, "prod": 0, "target": 3, "value": 0.0074186970139956034, "supply": [{"l": "Other fossil fuels", "v": 0.0074186970139956034}]}, {"source": 5, "prod": 0, "target": 0, "value": 0.00069074664464872264, "supply": [{"l": "Other fossil fuels", "v": 0.00069074664464872264}]}, {"source": 5, "prod": 0, "target": 2, "value": 0.00067903907440043925, "supply": [{"l": "Other fossil fuels", "v": 0.00067903907440043925}]}, {"source": 7, "prod": 0.31233126110124332, "target": 3, "value": 0.0032045609483895808, "supply": [{"l": "Potash", "v": 0.000256388889094}, {"l": "Phosphate", "v": 0.00042083333367000001}, {"l": "Nitrogen", "v": 0.0031190277802729998}]}, {"source": 7, "prod": 0.029080817051509767, "target": 0, "value": 0.00029837311302733076, "supply": [{"l": "Potash", "v": 0.000256388889094}, {"l": "Phosphate", "v": 0.00042083333367000001}, {"l": "Nitrogen", "v": 0.0031190277802729998}]}, {"source": 7, "prod": 0.028587921847246889, "target": 2, "value": 0.00029331594162008788, "supply": [{"l": "Potash", "v": 0.000256388889094}, {"l": "Phosphate", "v": 0.00042083333367000001}, {"l": "Nitrogen", "v": 0.0031190277802729998}]}, {"source": 5, "prod": 0, "target": 7, "value": 0.0047205824375930964, "supply": [{"l": "Natural gas (including LNG)", "v": 0.0031406999105544637}, {"l": "Fuel oil", "v": 0.0010285282857783404}, {"l": "Liquefied petroleum gas (LPG)", "v": 0.00027567712063014622}, {"l": "Coal", "v": 0.00027567712063014622}]}, {"source": 8, "prod": 0, "target": 3, "value": 0.29587002682779417, "supply": "[{\"l\":'Labor',\"v\":0.29587002682779417}]"}, {"source": 8, "prod": 0, "target": 0, "value": 0.027548129799326439, "supply": "[{\"l\":'Labor',\"v\":0.027548129799326439}]"}, {"source": 8, "prod": 0, "target": 2, "value": 0.02708121234510057, "supply": "[{\"l\":'Labor',\"v\":0.02708121234510057}]"}]}