{"nodes": [{"name": "Balance", "fill": "#9edae5"}, {"name": "Food", "fill": "#b5cf6b"}, {"name": "Stock Deposit", "fill": "#c7c7c7"}, {"name": "Export", "fill": "#aec7e8"}, {"name": "Biofuels & Other", "fill": "#e7ba52"}, {"name": "Renewables & Nuclear", "fill": "#2ca02c"}, {"name": "Fossil Fuels", "fill": "#c49c94"}, {"name": "Stock Draw", "fill": "#c7c7c7"}, {"name": "Labor", "fill": "#7f7f7f"}], "links": [{"source": 0, "target": 1, "value": 1.8192795466945706}, {"source": 0, "target": 2, "value": 0.026619692749902571}, {"source": 0, "target": 3, "value": 0.016626743867954846}, {"source": 0, "target": 4, "value": 0.16406346200953548}, {"source": 5, "target": 0, "value": 0.078643515182006893}, {"source": 6, "target": 0, "value": 0.057044336727383987}, {"source": 7, "target": 0, "value": 0.041045879387118421}, {"source": 8, "target": 0, "value": 0.44012618241436985}]}