{"nodes": [{"layer": 5, "name": "Sorghum"}, {"layer": 10, "name": "Feed", "fill": "#dbdb8d"}, {"layer": 5, "name": "Maize"}, {"layer": 16, "name": "Food", "fill": "#b5cf6b"}, {"layer": 5, "name": "Roots, Other"}, {"layer": 5, "name": "Plantains"}, {"layer": 5, "name": "Fruits, Other"}, {"layer": 5, "name": "Yams"}, {"layer": 13, "name": "Sugar", "fill": "#d6616b"}, {"layer": 13, "name": "Beer"}, {"layer": 13, "name": "Groundnut Oil"}, {"layer": 13, "name": "Honey"}, {"layer": 5, "name": "Rice"}, {"layer": 13, "name": "Fats, Animals, Raw"}, {"layer": 5, "name": "Coffee"}, {"layer": 5, "name": "Wheat"}, {"layer": 13, "name": "Eggs"}, {"layer": 5, "name": "Vegetables, Other"}, {"layer": 5, "name": "Sesame seed"}, {"layer": 13, "name": "Palm Oil"}, {"layer": 5, "name": "Oilcrops, Other"}, {"layer": 13, "name": "Mutton & Goat Meat"}, {"layer": 13, "name": "Pigmeat"}, {"layer": 13, "name": "Freshwater Fish"}, {"layer": 13, "name": "Milk - Excluding Butter"}, {"layer": 13, "name": "Sesameseed Oil"}, {"layer": 5, "name": "Pulses, Other"}, {"layer": 13, "name": "Fish, Seafood"}, {"layer": 13, "name": "Meat, Other"}, {"layer": 5, "name": "Lemons, Limes"}, {"layer": 13, "name": "Wine"}, {"layer": 5, "name": "Pineapples"}, {"layer": 5, "name": "Bananas"}, {"layer": 13, "name": "Beverages, Fermented"}, {"layer": 13, "name": "Bovine Meat"}, {"layer": 5, "name": "Millet"}, {"layer": 13, "name": "Poultry Meat"}, {"layer": 13, "name": "Offals, Edible"}, {"layer": 5, "name": "Grapefruit"}, {"layer": 5, "name": "Oranges, Mandarines"}, {"layer": 13, "name": "Cottonseed Oil"}, {"layer": 5, "name": "Palm kernels"}, {"layer": 5, "name": "Cassava"}, {"layer": 10, "name": "Processing", "fill": "#9edae5"}, {"layer": 5, "name": "Cottonseed"}, {"layer": 5, "name": "Barley"}, {"layer": 5, "name": "Groundnuts"}, {"layer": 16, "name": "Biofuels & Other", "fill": "#e7ba52"}, {"name": "Waste", "fill": "#c7c7c7"}, {"layer": 2, "name": "Import", "fill": "#aec7e8"}, {"layer": 16, "name": "Export", "fill": "#aec7e8"}, {"layer": 16, "name": "Stock Deposit", "fill": "#c7c7c7"}, {"layer": 0, "name": "Stock Draw", "fill": "#c7c7c7"}, {"name": "Crop Residue", "fill": "#bd9e39"}, {"layer": 5, "name": "Oil Palm"}, {"layer": 2, "name": "Electricity", "fill": "#bcbd22"}, {"layer": 0, "name": "Fossil Fuels", "fill": "#c49c94"}, {"layer": 0, "name": "Renewables & Nuclear", "fill": "#2ca02c"}, {"layer": 2, "name": "Fertilizers", "fill": "#c5b0d5"}, {"layer": 0, "name": "Labor", "fill": "#7f7f7f"}], "links": [{"source": 0, "prod": 1.0, "target": 1, "value": 0.0035921774520474613, "supply": [{"l": "Sorghum", "v": 0.0035921774520474613}]}, {"source": 2, "prod": 38.0, "target": 3, "value": 0.14027011567382608, "supply": [{"l": "Maize", "v": 0.14027011567382608}]}, {"source": 4, "prod": 31.0, "target": 3, "value": 0.031380469298973465, "supply": [{"l": "Roots, Other", "v": 0.031380469298973465}]}, {"source": 5, "prod": 26.0, "target": 3, "value": 0.027021009992276836, "supply": [{"l": "Plantains", "v": 0.027021009992276836}]}, {"source": 6, "prod": 6.0, "target": 3, "value": 0.0028834075416566034, "supply": [{"l": "Fruits, Other", "v": 0.0028834075416566034}]}, {"source": 7, "prod": 136.0, "target": 3, "value": 0.15863313448366248, "supply": [{"l": "Yams", "v": 0.15863313448366248}]}, {"source": 8, "prod": 3.0, "target": 3, "value": 0.01218135215062174, "supply": [{"l": "Sugar", "v": 0.01218135215062174}]}, {"source": 9, "prod": 17.0, "target": 3, "value": 0.008970822496659531, "supply": [{"l": "Beer", "v": 0.008970822496659531}]}, {"source": 10, "prod": 28.0, "target": 3, "value": 0.28802365587704437, "supply": [{"l": "Groundnut Oil", "v": 0.28802365587704437}]}, {"source": 11, "prod": 7.0, "target": 3, "value": 0.024943346059363138, "supply": [{"l": "Honey", "v": 0.024943346059363138}]}, {"source": 12, "prod": 8.0, "target": 3, "value": 0.035852340107401764, "supply": [{"l": "Rice", "v": 0.035852340107401764}]}, {"source": 13, "prod": 2.0, "target": 3, "value": 0.018456594167608694, "supply": [{"l": "Fats, Animals, Raw", "v": 0.018456594167608694}]}, {"source": 14, "prod": 4.0, "target": 3, "value": 0.0018972141490726261, "supply": [{"l": "Coffee", "v": 0.0018972141490726261}]}, {"source": 15, "prod": 13.0, "target": 3, "value": 0.039266404091587506, "supply": [{"l": "Wheat", "v": 0.039266404091587506}]}, {"source": 16, "prod": 1.0, "target": 3, "value": 0.0011791712940416668, "supply": [{"l": "Eggs", "v": 0.0011791712940416668}]}, {"source": 17, "prod": 49.0, "target": 3, "value": 0.012247643744982337, "supply": [{"l": "Vegetables, Other", "v": 0.012247643744982337}]}, {"source": 18, "prod": 4.0, "target": 3, "value": 0.025762859720855177, "supply": [{"l": "Sesame seed", "v": 0.025762859720855177}]}, {"source": 19, "prod": 6.0, "target": 3, "value": 0.061479551606586212, "supply": [{"l": "Palm Oil", "v": 0.061479551606586212}]}, {"source": 20, "prod": 8.0, "target": 3, "value": 0.037082904143655171, "supply": [{"l": "Oilcrops, Other", "v": 0.037082904143655171}]}, {"source": 21, "prod": 4.0, "target": 3, "value": 0.0057365089980405404, "supply": [{"l": "Mutton & Goat Meat", "v": 0.0057365089980405404}]}, {"source": 22, "prod": 6.0, "target": 3, "value": 0.021403445337226889, "supply": [{"l": "Pigmeat", "v": 0.021403445337226889}]}, {"source": 23, "prod": 13.0, "target": 3, "value": 0.010144341279623161, "supply": [{"l": "Freshwater Fish", "v": 0.010144341279623161}]}, {"source": 24, "prod": 30.0, "target": 3, "value": 0.021498074717737136, "supply": [{"l": "Milk - Excluding Butter", "v": 0.021498074717737136}]}, {"source": 25, "prod": 3.0, "target": 3, "value": 0.031034995738978992, "supply": [{"l": "Sesameseed Oil", "v": 0.031034995738978992}]}, {"source": 26, "prod": 9.0, "target": 3, "value": 0.035202577168463416, "supply": [{"l": "Pulses, Other", "v": 0.035202577168463416}]}, {"source": 27, "prod": 13.0, "target": 3, "value": 0.010238444631011135, "supply": [{"l": "Fish, Seafood", "v": 0.010238444631011135}]}, {"source": 28, "prod": 15.0, "target": 3, "value": 0.019576533134089809, "supply": [{"l": "Meat, Other", "v": 0.019576533134089809}]}, {"source": 29, "prod": 1.0, "target": 3, "value": 0.00042979363406141344, "supply": [{"l": "Lemons, Limes", "v": 0.00042979363406141344}]}, {"source": 0, "prod": 33.0, "target": 3, "value": 0.11854185591756623, "supply": [{"l": "Sorghum", "v": 0.11854185591756623}]}, {"source": 30, "prod": 7.0, "target": 3, "value": 0.0057513128922290335, "supply": [{"l": "Wine", "v": 0.0057513128922290335}]}, {"source": 31, "prod": 7.0, "target": 3, "value": 0.002153269319554348, "supply": [{"l": "Pineapples", "v": 0.002153269319554348}]}, {"source": 32, "prod": 70.0, "target": 3, "value": 0.048980961444807687, "supply": [{"l": "Bananas", "v": 0.048980961444807687}]}, {"source": 33, "prod": 29.0, "target": 3, "value": 0.013516649326633023, "supply": [{"l": "Beverages, Fermented", "v": 0.013516649326633023}]}, {"source": 34, "prod": 26.0, "target": 3, "value": 0.05707058407062604, "supply": [{"l": "Bovine Meat", "v": 0.05707058407062604}]}, {"source": 35, "prod": 11.0, "target": 3, "value": 0.039785133705692831, "supply": [{"l": "Millet", "v": 0.039785133705692831}]}, {"source": 36, "prod": 2.0, "target": 3, "value": 0.0024257238048857148, "supply": [{"l": "Poultry Meat", "v": 0.0024257238048857148}]}, {"source": 37, "prod": 5.0, "target": 3, "value": 0.0061820630949757285, "supply": [{"l": "Offals, Edible", "v": 0.0061820630949757285}]}, {"source": 38, "prod": 3.0, "target": 3, "value": 0.0011370580335401787, "supply": [{"l": "Grapefruit", "v": 0.0011370580335401787}]}, {"source": 39, "prod": 12.0, "target": 3, "value": 0.0042012536002144331, "supply": [{"l": "Oranges, Mandarines", "v": 0.0042012536002144331}]}, {"source": 40, "prod": 1.0, "target": 3, "value": 0.009988274490705884, "supply": [{"l": "Cottonseed Oil", "v": 0.009988274490705884}]}, {"source": 41, "prod": 4.0, "target": 3, "value": 0.0339601332684, "supply": [{"l": "Palm kernels", "v": 0.0339601332684}]}, {"source": 42, "prod": 825.0, "target": 3, "value": 0.89609363405877174, "supply": [{"l": "Cassava", "v": 0.89609363405877174}]}, {"source": 2, "prod": 3.0, "target": 43, "value": 0.011073956500565217, "supply": [{"l": "Maize", "v": 0.011073956500565217}]}, {"source": 44, "prod": 7.0, "target": 43, "value": 0.045085004511496558, "supply": [{"l": "Cottonseed", "v": 0.045085004511496558}]}, {"source": 5, "prod": 32.0, "target": 43, "value": 0.033256627682802263, "supply": [{"l": "Plantains", "v": 0.033256627682802263}]}, {"source": 18, "prod": 6.0, "target": 43, "value": 0.038644289581282763, "supply": [{"l": "Sesame seed", "v": 0.038644289581282763}]}, {"source": 45, "prod": 4.0, "target": 43, "value": 0.01461629834080581, "supply": [{"l": "Barley", "v": 0.01461629834080581}]}, {"source": 46, "prod": 71.0, "target": 43, "value": 0.45729076004517938, "supply": [{"l": "Groundnuts", "v": 0.45729076004517938}]}, {"source": 44, "prod": 10.0, "target": 47, "value": 0.064407149302137937, "supply": [{"l": "Cottonseed", "v": 0.064407149302137937}]}, {"source": 2, "prod": 3.0, "target": 2, "value": 0.011073956500565217, "supply": [{"l": "Maize", "v": 0.011073956500565217}]}, {"source": 44, "prod": 2.0, "target": 44, "value": 0.012881429860427588, "supply": [{"l": "Cottonseed", "v": 0.012881429860427588}]}, {"source": 7, "prod": 16.0, "target": 7, "value": 0.018662721703960293, "supply": [{"l": "Yams", "v": 0.018662721703960293}]}, {"source": 26, "prod": 1.0, "target": 26, "value": 0.0039113974631626016, "supply": [{"l": "Pulses, Other", "v": 0.0039113974631626016}]}, {"source": 46, "prod": 6.0, "target": 46, "value": 0.038644289581282763, "supply": [{"l": "Groundnuts", "v": 0.038644289581282763}]}, {"source": 20, "prod": 1.0, "target": 20, "value": 0.0046353630179568964, "supply": [{"l": "Oilcrops, Other", "v": 0.0046353630179568964}]}, {"source": 0, "prod": 2.0, "target": 0, "value": 0.0071843549040949226, "supply": [{"l": "Sorghum", "v": 0.0071843549040949226}]}, {"source": 2, "prod": 3.0, "target": 48, "value": 0.011073956500565217, "supply": [{"l": "Maize", "v": 0.011073956500565217}]}, {"source": 4, "prod": 2.0, "target": 48, "value": 0.0020245464063853849, "supply": [{"l": "Roots, Other", "v": 0.0020245464063853849}]}, {"source": 15, "prod": 1.0, "target": 48, "value": 0.0030204926224298078, "supply": [{"l": "Wheat", "v": 0.0030204926224298078}]}, {"source": 32, "prod": 8.0, "target": 48, "value": 0.0055978241651208792, "supply": [{"l": "Bananas", "v": 0.0055978241651208792}]}, {"source": 33, "prod": 1.0, "target": 48, "value": 0.00046609135609079392, "supply": [{"l": "Beverages, Fermented", "v": 0.00046609135609079392}]}, {"source": 42, "prod": 26.0, "target": 48, "value": 0.028240526649124922, "supply": [{"l": "Cassava", "v": 0.028240526649124922}]}, {"source": 44, "prod": 1.0, "target": 48, "value": 0.0064407149302137942, "supply": [{"l": "Cottonseed", "v": 0.0064407149302137942}]}, {"source": 5, "prod": 6.0, "target": 48, "value": 0.0062356176905254239, "supply": [{"l": "Plantains", "v": 0.0062356176905254239}]}, {"source": 17, "prod": 1.0, "target": 48, "value": 0.00024995191316290482, "supply": [{"l": "Vegetables, Other", "v": 0.00024995191316290482}]}, {"source": 6, "prod": 1.0, "target": 48, "value": 0.00048056792360943394, "supply": [{"l": "Fruits, Other", "v": 0.00048056792360943394}]}, {"source": 18, "prod": 1.0, "target": 48, "value": 0.0064407149302137942, "supply": [{"l": "Sesame seed", "v": 0.0064407149302137942}]}, {"source": 35, "prod": 1.0, "target": 48, "value": 0.0036168303368811668, "supply": [{"l": "Millet", "v": 0.0036168303368811668}]}, {"source": 24, "prod": 1.0, "target": 48, "value": 0.00071660249059123788, "supply": [{"l": "Milk - Excluding Butter", "v": 0.00071660249059123788}]}, {"source": 31, "prod": 1.0, "target": 48, "value": 0.00030760990279347824, "supply": [{"l": "Pineapples", "v": 0.00030760990279347824}]}, {"source": 7, "prod": 8.0, "target": 48, "value": 0.0093313608519801465, "supply": [{"l": "Yams", "v": 0.0093313608519801465}]}, {"source": 39, "prod": 1.0, "target": 48, "value": 0.00035010446668453613, "supply": [{"l": "Oranges, Mandarines", "v": 0.00035010446668453613}]}, {"source": 46, "prod": 9.0, "target": 48, "value": 0.057966434371924141, "supply": [{"l": "Groundnuts", "v": 0.057966434371924141}]}, {"source": 20, "prod": 2.0, "target": 48, "value": 0.0092707260359137927, "supply": [{"l": "Oilcrops, Other", "v": 0.0092707260359137927}]}, {"source": 12, "prod": 1.0, "target": 48, "value": 0.0044815425134252206, "supply": [{"l": "Rice", "v": 0.0044815425134252206}]}, {"source": 0, "prod": 3.0, "target": 48, "value": 0.010776532356142385, "supply": [{"l": "Sorghum", "v": 0.010776532356142385}]}, {"source": 26, "prod": 1.0, "target": 48, "value": 0.0039113974631626016, "supply": [{"l": "Pulses, Other", "v": 0.0039113974631626016}]}, {"source": 49, "prod": 3.0, "target": 45, "value": 0.010962223755604359, "supply": [{"l": "Barley", "v": 0.010962223755604359}]}, {"source": 49, "prod": 9.0, "target": 43, "value": 0.013872214325976861, "supply": [{"l": "Sugar", "v": 0.0081209014337478274}, {"l": "Wine", "v": 0.0057513128922290335}]}, {"source": 49, "prod": 13.0, "target": 15, "value": 0.039266404091587506, "supply": [{"l": "Wheat", "v": 0.039266404091587506}]}, {"source": 49, "prod": 4.0, "target": 1, "value": 0.0028664099623649515, "supply": [{"l": "Milk - Excluding Butter", "v": 0.0028664099623649515}]}, {"source": 49, "prod": 2.0, "target": 12, "value": 0.0089630850268504411, "supply": [{"l": "Rice", "v": 0.0089630850268504411}]}, {"source": 14, "prod": 20.0, "target": 50, "value": 0.0094860707453631281, "supply": [{"l": "Coffee", "v": 0.0094860707453631281}]}, {"source": 28, "prod": 1.0, "target": 50, "value": 0.0013051022089393205, "supply": [{"l": "Meat, Other", "v": 0.0013051022089393205}]}, {"source": 12, "prod": 3.0, "target": 51, "value": 0.013444627540275662, "supply": [{"l": "Rice", "v": 0.013444627540275662}]}, {"source": 52, "prod": 7.0, "target": 14, "value": 0.0033201247608770951, "supply": [{"l": "Coffee", "v": 0.0033201247608770951}]}, {"source": 44, "prod": 5.0, "target": 51, "value": 0.032203574651068968, "supply": [{"l": "Cottonseed", "v": 0.032203574651068968}]}, {"source": 2, "prod": 1.0, "target": 51, "value": 0.0036913188335217389, "supply": [{"l": "Maize", "v": 0.0036913188335217389}]}, {"source": 0, "prod": 7.0, "target": 51, "value": 0.025145242164332237, "supply": [{"l": "Sorghum", "v": 0.025145242164332237}]}, {"source": 46, "prod": 4.0, "target": 51, "value": 0.025762859720855177, "supply": [{"l": "Groundnuts", "v": 0.025762859720855177}]}, {"source": 52, "prod": 1.0, "target": 45, "value": 0.0036540745852014526, "supply": [{"l": "Barley", "v": 0.0036540745852014526}]}, {"source": 52, "prod": 1.0, "target": 43, "value": 0.0040604507168739137, "supply": [{"l": "Sugar", "v": 0.0040604507168739137}]}, {"source": 1, "prod": 2.0, "target": 36, "value": 0.0024257238048857148, "supply": [{"l": "Poultry Meat", "v": 0.0024257238048857148}]}, {"source": 1, "prod": 6.0, "target": 22, "value": 0.021403445337226889, "supply": [{"l": "Pigmeat", "v": 0.021403445337226889}]}, {"source": 1, "prod": 26.0, "target": 34, "value": 0.05707058407062604, "supply": [{"l": "Bovine Meat", "v": 0.05707058407062604}]}, {"source": 1, "prod": 13.0, "target": 23, "value": 0.010144341279623161, "supply": [{"l": "Freshwater Fish", "v": 0.010144341279623161}]}, {"source": 1, "prod": 31.0, "target": 24, "value": 0.022214677208328374, "supply": [{"l": "Milk - Excluding Butter", "v": 0.022214677208328374}]}, {"source": 1, "prod": 5.0, "target": 37, "value": 0.0061820630949757285, "supply": [{"l": "Offals, Edible", "v": 0.0061820630949757285}]}, {"source": 1, "prod": 13.0, "target": 27, "value": 0.010238444631011135, "supply": [{"l": "Fish, Seafood", "v": 0.010238444631011135}]}, {"source": 1, "prod": 16.0, "target": 28, "value": 0.020881635343029128, "supply": [{"l": "Meat, Other", "v": 0.020881635343029128}]}, {"source": 1, "prod": 1.0, "target": 16, "value": 0.0011791712940416668, "supply": [{"l": "Eggs", "v": 0.0011791712940416668}]}, {"source": 1, "prod": 4.0, "target": 21, "value": 0.0057365089980405404, "supply": [{"l": "Mutton & Goat Meat", "v": 0.0057365089980405404}]}, {"source": 43, "prod": 2.0, "target": 13, "value": 0.018456594167608694, "supply": [{"l": "Fats, Animals, Raw", "v": 0.018456594167608694}]}, {"source": 43, "prod": 3.0, "target": 25, "value": 0.031034995738978992, "supply": [{"l": "Sesameseed Oil", "v": 0.031034995738978992}]}, {"source": 43, "prod": 30.0, "target": 33, "value": 0.013982740682723817, "supply": [{"l": "Beverages, Fermented", "v": 0.013982740682723817}]}, {"source": 43, "prod": 3.0, "target": 8, "value": 0.01218135215062174, "supply": [{"l": "Sugar", "v": 0.01218135215062174}]}, {"source": 43, "prod": 7.0, "target": 11, "value": 0.024943346059363138, "supply": [{"l": "Honey", "v": 0.024943346059363138}]}, {"source": 43, "prod": 1.0, "target": 40, "value": 0.009988274490705884, "supply": [{"l": "Cottonseed Oil", "v": 0.009988274490705884}]}, {"source": 43, "prod": 17.0, "target": 9, "value": 0.008970822496659531, "supply": [{"l": "Beer", "v": 0.008970822496659531}]}, {"source": 43, "prod": 28.0, "target": 10, "value": 0.28802365587704437, "supply": [{"l": "Groundnut Oil", "v": 0.28802365587704437}]}, {"source": 43, "prod": 6.0, "target": 19, "value": 0.061479551606586212, "supply": [{"l": "Palm Oil", "v": 0.061479551606586212}]}, {"source": 43, "prod": 7.0, "target": 30, "value": 0.0057513128922290335, "supply": [{"l": "Wine", "v": 0.0057513128922290335}]}, {"source": 2, "prod": 96.0, "target": 53, "value": 0.33471999936000002, "supply": [{"l": "Maize", "v": 0.33471999936000002}]}, {"source": 17, "prod": 50.0, "target": 53, "value": 0.17433333300000001, "supply": [{"l": "Vegetables, Other", "v": 0.17433333300000001}]}, {"source": 15, "prod": 14.0, "target": 53, "value": 0.048813333240000006, "supply": [{"l": "Wheat", "v": 0.048813333240000006}]}, {"source": 42, "prod": 425.25, "target": 53, "value": 1.4827049971650001, "supply": [{"l": "Cassava", "v": 1.4827049971650001}]}, {"source": 44, "prod": 25.0, "target": 53, "value": 0.087166666500000003, "supply": [{"l": "Cottonseed", "v": 0.087166666500000003}]}, {"source": 4, "prod": 16.5, "target": 53, "value": 0.057529999890000003, "supply": [{"l": "Roots, Other", "v": 0.057529999890000003}]}, {"source": 18, "prod": 11.0, "target": 53, "value": 0.038353333260000004, "supply": [{"l": "Sesame seed", "v": 0.038353333260000004}]}, {"source": 7, "prod": 80.0, "target": 53, "value": 0.27893333279999999, "supply": [{"l": "Yams", "v": 0.27893333279999999}]}, {"source": 35, "prod": 24.0, "target": 53, "value": 0.083679999840000005, "supply": [{"l": "Millet", "v": 0.083679999840000005}]}, {"source": 45, "prod": 4.0, "target": 53, "value": 0.013946666640000001, "supply": [{"l": "Barley", "v": 0.013946666640000001}]}, {"source": 46, "prod": 89.5, "target": 53, "value": 0.31205666607000004, "supply": [{"l": "Groundnuts", "v": 0.31205666607000004}]}, {"source": 20, "prod": 11.5, "target": 53, "value": 0.040096666590000003, "supply": [{"l": "Oilcrops, Other", "v": 0.040096666590000003}]}, {"source": 12, "prod": 22.0, "target": 53, "value": 0.076706666520000008, "supply": [{"l": "Rice", "v": 0.076706666520000008}]}, {"source": 0, "prod": 91.0, "target": 53, "value": 0.31728666606000006, "supply": [{"l": "Sorghum", "v": 0.31728666606000006}]}, {"source": 41, "prod": 4.0, "target": 53, "value": 0.013946666639999999, "supply": [{"l": "Palm kernels", "v": 0.013946666639999999}]}, {"source": 26, "prod": 10.5, "target": 53, "value": 0.036609999929999998, "supply": [{"l": "Pulses, Other", "v": 0.036609999929999998}]}, {"source": 54, "prod": 28.965517241379313, "target": 43, "value": 0.12295910321317242, "supply": [{"l": "Oil Palm", "v": 0.12295910321317242}]}, {"source": 55, "prod": 0, "target": 2, "value": 9.7915860341674058e-07, "supply": "[{\"l\":'Energy for power irrigation',\"v\":9.7915860341674058e-07}]"}, {"source": 55, "prod": 0, "target": 4, "value": 6.7317153984900914e-07, "supply": "[{\"l\":'Energy for power irrigation',\"v\":6.7317153984900914e-07}]"}, {"source": 55, "prod": 0, "target": 5, "value": 1.305544804555654e-06, "supply": "[{\"l\":'Energy for power irrigation',\"v\":1.305544804555654e-06}]"}, {"source": 55, "prod": 0, "target": 6, "value": 1.4279396299827467e-07, "supply": "[{\"l\":'Energy for power irrigation',\"v\":1.4279396299827467e-07}]"}, {"source": 55, "prod": 0, "target": 7, "value": 3.2638620113891351e-06, "supply": "[{\"l\":'Energy for power irrigation',\"v\":3.2638620113891351e-06}]"}, {"source": 55, "prod": 0, "target": 38, "value": 6.1197412713546286e-08, "supply": "[{\"l\":'Energy for power irrigation',\"v\":6.1197412713546286e-08}]"}, {"source": 55, "prod": 0, "target": 12, "value": 2.2439051328300305e-07, "supply": "[{\"l\":'Energy for power irrigation',\"v\":2.2439051328300305e-07}]"}, {"source": 55, "prod": 0, "target": 14, "value": 4.1818232020923292e-07, "supply": "[{\"l\":'Energy for power irrigation',\"v\":4.1818232020923292e-07}]"}, {"source": 55, "prod": 0, "target": 17, "value": 1.0199568785591047e-06, "supply": "[{\"l\":'Energy for power irrigation',\"v\":1.0199568785591047e-06}]"}, {"source": 55, "prod": 0, "target": 18, "value": 2.2439051328300305e-07, "supply": "[{\"l\":'Energy for power irrigation',\"v\":2.2439051328300305e-07}]"}, {"source": 55, "prod": 0, "target": 46, "value": 1.8257228126207973e-06, "supply": "[{\"l\":'Energy for power irrigation',\"v\":1.8257228126207973e-06}]"}, {"source": 55, "prod": 0, "target": 54, "value": 2.9543578551367176e-07, "supply": "[{\"l\":'Energy for power irrigation',\"v\":2.9543578551367176e-07}]"}, {"source": 55, "prod": 0, "target": 20, "value": 2.345900820685941e-07, "supply": "[{\"l\":'Energy for power irrigation',\"v\":2.345900820685941e-07}]"}, {"source": 55, "prod": 0, "target": 44, "value": 5.0997843927955234e-07, "supply": "[{\"l\":'Energy for power irrigation',\"v\":5.0997843927955234e-07}]"}, {"source": 55, "prod": 0, "target": 26, "value": 2.14190944497412e-07, "supply": "[{\"l\":'Energy for power irrigation',\"v\":2.14190944497412e-07}]"}, {"source": 55, "prod": 0, "target": 29, "value": 2.0399137571182093e-08, "supply": "[{\"l\":'Energy for power irrigation',\"v\":2.0399137571182093e-08}]"}, {"source": 55, "prod": 0, "target": 0, "value": 9.2816075948878525e-07, "supply": "[{\"l\":'Energy for power irrigation',\"v\":9.2816075948878525e-07}]"}, {"source": 55, "prod": 0, "target": 31, "value": 1.529935317838657e-07, "supply": "[{\"l\":'Energy for power irrigation',\"v\":1.529935317838657e-07}]"}, {"source": 55, "prod": 0, "target": 32, "value": 1.5911327305522033e-06, "supply": "[{\"l\":'Energy for power irrigation',\"v\":1.5911327305522033e-06}]"}, {"source": 55, "prod": 0, "target": 35, "value": 2.4478965085418515e-07, "supply": "[{\"l\":'Energy for power irrigation',\"v\":2.4478965085418515e-07}]"}, {"source": 55, "prod": 0, "target": 39, "value": 2.6518878842536725e-07, "supply": "[{\"l\":'Energy for power irrigation',\"v\":2.6518878842536725e-07}]"}, {"source": 55, "prod": 0, "target": 41, "value": 8.1596550284728373e-08, "supply": "[{\"l\":'Energy for power irrigation',\"v\":8.1596550284728373e-08}]"}, {"source": 55, "prod": 0, "target": 42, "value": 1.7349466504290373e-05, "supply": "[{\"l\":'Energy for power irrigation',\"v\":1.7349466504290373e-05}]"}, {"source": 55, "prod": 0, "target": 43, "value": 0.0010450663495752491, "supply": "[{\"l\":'Electricity',\"v\":0.0010450663495752491}]"}, {"source": 56, "prod": 0, "target": 55, "value": 0.00060807723809992633, "supply": [{"l": "Coal", "v": 1.6349849724780487e-05}, {"l": "Natural gas", "v": 0.00018832906501725397}, {"l": "Oil", "v": 0.00040339832335789186}]}, {"source": 57, "prod": 0, "target": 55, "value": 0.00083223258901439197, "supply": [{"l": "Nuclear", "v": 0.0}, {"l": "Hydroelectric", "v": 0.00082996445885458517}, {"l": "Renewable", "v": 2.2681301598067969e-06}]}, {"source": 56, "prod": 0, "target": 2, "value": 0.0022477843515748023, "supply": [{"l": "Other fossil fuels", "v": 0.0022477843515748023}]}, {"source": 56, "prod": 0, "target": 4, "value": 0.0015453517417076765, "supply": [{"l": "Other fossil fuels", "v": 0.0015453517417076765}]}, {"source": 56, "prod": 0, "target": 5, "value": 0.0029970458020997363, "supply": [{"l": "Other fossil fuels", "v": 0.0029970458020997363}]}, {"source": 56, "prod": 0, "target": 6, "value": 0.00032780188460465869, "supply": [{"l": "Other fossil fuels", "v": 0.00032780188460465869}]}, {"source": 56, "prod": 0, "target": 7, "value": 0.0074926145052493405, "supply": [{"l": "Other fossil fuels", "v": 0.0074926145052493405}]}, {"source": 56, "prod": 0, "target": 38, "value": 0.00014048652197342515, "supply": [{"l": "Other fossil fuels", "v": 0.00014048652197342515}]}, {"source": 56, "prod": 0, "target": 12, "value": 0.00051511724723589218, "supply": [{"l": "Other fossil fuels", "v": 0.00051511724723589218}]}, {"source": 56, "prod": 0, "target": 14, "value": 0.00095999123348507176, "supply": [{"l": "Other fossil fuels", "v": 0.00095999123348507176}]}, {"source": 56, "prod": 0, "target": 17, "value": 0.0023414420328904191, "supply": [{"l": "Other fossil fuels", "v": 0.0023414420328904191}]}, {"source": 56, "prod": 0, "target": 18, "value": 0.00051511724723589218, "supply": [{"l": "Other fossil fuels", "v": 0.00051511724723589218}]}, {"source": 56, "prod": 0, "target": 46, "value": 0.0041911812388738499, "supply": [{"l": "Other fossil fuels", "v": 0.0041911812388738499}]}, {"source": 56, "prod": 0, "target": 54, "value": 0.00067821079573377656, "supply": [{"l": "Other fossil fuels", "v": 0.00067821079573377656}]}, {"source": 56, "prod": 0, "target": 20, "value": 0.00053853166756479638, "supply": [{"l": "Other fossil fuels", "v": 0.00053853166756479638}]}, {"source": 56, "prod": 0, "target": 44, "value": 0.0011707210164452096, "supply": [{"l": "Other fossil fuels", "v": 0.0011707210164452096}]}, {"source": 56, "prod": 0, "target": 26, "value": 0.00049170282690698798, "supply": [{"l": "Other fossil fuels", "v": 0.00049170282690698798}]}, {"source": 56, "prod": 0, "target": 29, "value": 4.6828840657808379e-05, "supply": [{"l": "Other fossil fuels", "v": 4.6828840657808379e-05}]}, {"source": 56, "prod": 0, "target": 0, "value": 0.0021307122499302812, "supply": [{"l": "Other fossil fuels", "v": 0.0021307122499302812}]}, {"source": 56, "prod": 0, "target": 31, "value": 0.00035121630493356284, "supply": [{"l": "Other fossil fuels", "v": 0.00035121630493356284}]}, {"source": 56, "prod": 0, "target": 32, "value": 0.0036526495713090535, "supply": [{"l": "Other fossil fuels", "v": 0.0036526495713090535}]}, {"source": 56, "prod": 0, "target": 35, "value": 0.00056194608789370058, "supply": [{"l": "Other fossil fuels", "v": 0.00056194608789370058}]}, {"source": 56, "prod": 0, "target": 39, "value": 0.00060877492855150898, "supply": [{"l": "Other fossil fuels", "v": 0.00060877492855150898}]}, {"source": 56, "prod": 0, "target": 41, "value": 0.00018731536263123352, "supply": [{"l": "Other fossil fuels", "v": 0.00018731536263123352}]}, {"source": 56, "prod": 0, "target": 42, "value": 0.039827928979466028, "supply": [{"l": "Other fossil fuels", "v": 0.039827928979466028}]}, {"source": 58, "prod": 0.025218160754011929, "target": 2, "value": 0.00040306109364680312, "supply": [{"l": "Potash", "v": 0.00020177461236796438}, {"l": "Phosphate", "v": 0.00021405560386665107}, {"l": "Nitrogen", "v": 0.012843055565829996}]}, {"source": 58, "prod": 0.017337485518383204, "target": 4, "value": 0.00027710450188217717, "supply": [{"l": "Potash", "v": 0.00020177461236796438}, {"l": "Phosphate", "v": 0.00021405560386665107}, {"l": "Nitrogen", "v": 0.012843055565829996}]}, {"source": 58, "prod": 0.033624214338682575, "target": 5, "value": 0.00053741479152907086, "supply": [{"l": "Potash", "v": 0.00020177461236796438}, {"l": "Phosphate", "v": 0.00021405560386665107}, {"l": "Nitrogen", "v": 0.012843055565829996}]}, {"source": 58, "prod": 0.0036776484432934067, "target": 6, "value": 5.877974282349213e-05, "supply": [{"l": "Potash", "v": 0.00020177461236796438}, {"l": "Phosphate", "v": 0.00021405560386665107}, {"l": "Nitrogen", "v": 0.012843055565829996}]}, {"source": 58, "prod": 0.084060535846706433, "target": 7, "value": 0.001343536978822677, "supply": [{"l": "Potash", "v": 0.00020177461236796438}, {"l": "Phosphate", "v": 0.00021405560386665107}, {"l": "Nitrogen", "v": 0.012843055565829996}]}, {"source": 58, "prod": 0.0015761350471257456, "target": 38, "value": 2.5191318352925195e-05, "supply": [{"l": "Potash", "v": 0.00020177461236796438}, {"l": "Phosphate", "v": 0.00021405560386665107}, {"l": "Nitrogen", "v": 0.012843055565829996}]}, {"source": 58, "prod": 0.005779161839461068, "target": 12, "value": 9.2368167294059052e-05, "supply": [{"l": "Potash", "v": 0.00020177461236796438}, {"l": "Phosphate", "v": 0.00021405560386665107}, {"l": "Nitrogen", "v": 0.012843055565829996}]}, {"source": 58, "prod": 0.010770256155359263, "target": 14, "value": 0.00017214067541165549, "supply": [{"l": "Potash", "v": 0.00020177461236796438}, {"l": "Phosphate", "v": 0.00021405560386665107}, {"l": "Nitrogen", "v": 0.012843055565829996}]}, {"source": 58, "prod": 0.026268917452095763, "target": 17, "value": 0.0004198553058820866, "supply": [{"l": "Potash", "v": 0.00020177461236796438}, {"l": "Phosphate", "v": 0.00021405560386665107}, {"l": "Nitrogen", "v": 0.012843055565829996}]}, {"source": 58, "prod": 0.005779161839461068, "target": 18, "value": 9.2368167294059052e-05, "supply": [{"l": "Potash", "v": 0.00020177461236796438}, {"l": "Phosphate", "v": 0.00021405560386665107}, {"l": "Nitrogen", "v": 0.012843055565829996}]}, {"source": 58, "prod": 0.047021362239251407, "target": 46, "value": 0.00075154099752893497, "supply": [{"l": "Potash", "v": 0.00020177461236796438}, {"l": "Phosphate", "v": 0.00021405560386665107}, {"l": "Nitrogen", "v": 0.012843055565829996}]}, {"source": 58, "prod": 0.0076089278137104971, "target": 54, "value": 0.00012161326101412166, "supply": [{"l": "Potash", "v": 0.00020177461236796438}, {"l": "Phosphate", "v": 0.00021405560386665107}, {"l": "Nitrogen", "v": 0.012843055565829996}]}, {"source": 58, "prod": 0.0060418510139820256, "target": 20, "value": 9.6566720352879922e-05, "supply": [{"l": "Potash", "v": 0.00020177461236796438}, {"l": "Phosphate", "v": 0.00021405560386665107}, {"l": "Nitrogen", "v": 0.012843055565829996}]}, {"source": 58, "prod": 0.013134458726047881, "target": 44, "value": 0.0002099276529410433, "supply": [{"l": "Potash", "v": 0.00020177461236796438}, {"l": "Phosphate", "v": 0.00021405560386665107}, {"l": "Nitrogen", "v": 0.012843055565829996}]}, {"source": 58, "prod": 0.0055164726649401096, "target": 26, "value": 8.8169614235238182e-05, "supply": [{"l": "Potash", "v": 0.00020177461236796438}, {"l": "Phosphate", "v": 0.00021405560386665107}, {"l": "Nitrogen", "v": 0.012843055565829996}]}, {"source": 58, "prod": 0.00052537834904191523, "target": 29, "value": 8.3971061176417322e-06, "supply": [{"l": "Potash", "v": 0.00020177461236796438}, {"l": "Phosphate", "v": 0.00021405560386665107}, {"l": "Nitrogen", "v": 0.012843055565829996}]}, {"source": 58, "prod": 0.023904714881407142, "target": 0, "value": 0.00038206832835269882, "supply": [{"l": "Potash", "v": 0.00020177461236796438}, {"l": "Phosphate", "v": 0.00021405560386665107}, {"l": "Nitrogen", "v": 0.012843055565829996}]}, {"source": 58, "prod": 0.0039403376178143643, "target": 31, "value": 6.2978295882312987e-05, "supply": [{"l": "Potash", "v": 0.00020177461236796438}, {"l": "Phosphate", "v": 0.00021405560386665107}, {"l": "Nitrogen", "v": 0.012843055565829996}]}, {"source": 58, "prod": 0.040979511225269383, "target": 32, "value": 0.00065497427717605512, "supply": [{"l": "Potash", "v": 0.00020177461236796438}, {"l": "Phosphate", "v": 0.00021405560386665107}, {"l": "Nitrogen", "v": 0.012843055565829996}]}, {"source": 58, "prod": 0.0063045401885029823, "target": 35, "value": 0.00010076527341170078, "supply": [{"l": "Potash", "v": 0.00020177461236796438}, {"l": "Phosphate", "v": 0.00021405560386665107}, {"l": "Nitrogen", "v": 0.012843055565829996}]}, {"source": 58, "prod": 0.0068299185375448983, "target": 39, "value": 0.00010916237952934252, "supply": [{"l": "Potash", "v": 0.00020177461236796438}, {"l": "Phosphate", "v": 0.00021405560386665107}, {"l": "Nitrogen", "v": 0.012843055565829996}]}, {"source": 58, "prod": 0.0021015133961676609, "target": 41, "value": 3.3588424470566929e-05, "supply": [{"l": "Potash", "v": 0.00020177461236796438}, {"l": "Phosphate", "v": 0.00021405560386665107}, {"l": "Nitrogen", "v": 0.012843055565829996}]}, {"source": 58, "prod": 0.44683428586014889, "target": 42, "value": 0.0071417387530542933, "supply": [{"l": "Potash", "v": 0.00020177461236796438}, {"l": "Phosphate", "v": 0.00021405560386665107}, {"l": "Nitrogen", "v": 0.012843055565829996}]}, {"source": 56, "prod": 0, "target": 58, "value": 0.015825278175238103, "supply": [{"l": "Natural gas (including LNG)", "v": 0.01069739661193967}, {"l": "Fuel oil", "v": 0.0028575993934031123}, {"l": "Liquefied petroleum gas (LPG)", "v": 0.0011351410849476608}, {"l": "Coal", "v": 0.0011351410849476608}]}, {"source": 59, "prod": 0, "target": 2, "value": 0.016776143669386959, "supply": "[{\"l\":'Labor',\"v\":0.016776143669386959}]"}, {"source": 59, "prod": 0, "target": 4, "value": 0.011533598772703536, "supply": "[{\"l\":'Labor',\"v\":0.011533598772703536}]"}, {"source": 59, "prod": 0, "target": 5, "value": 0.022368191559182612, "supply": "[{\"l\":'Labor',\"v\":0.022368191559182612}]"}, {"source": 59, "prod": 0, "target": 6, "value": 0.0024465209517855985, "supply": "[{\"l\":'Labor',\"v\":0.0024465209517855985}]"}, {"source": 59, "prod": 0, "target": 7, "value": 0.055920478897956531, "supply": "[{\"l\":'Labor',\"v\":0.055920478897956531}]"}, {"source": 59, "prod": 0, "target": 45, "value": 0.00069900598622445664, "supply": "[{\"l\":'Labor',\"v\":0.00069900598622445664}]"}, {"source": 59, "prod": 0, "target": 12, "value": 0.0038445329242345117, "supply": "[{\"l\":'Labor',\"v\":0.0038445329242345117}]"}, {"source": 59, "prod": 0, "target": 14, "value": 0.0071648113588006811, "supply": "[{\"l\":'Labor',\"v\":0.0071648113588006811}]"}, {"source": 59, "prod": 0, "target": 15, "value": 0.0024465209517855985, "supply": "[{\"l\":'Labor',\"v\":0.0024465209517855985}]"}, {"source": 59, "prod": 0, "target": 17, "value": 0.017475149655611418, "supply": "[{\"l\":'Labor',\"v\":0.017475149655611418}]"}, {"source": 59, "prod": 0, "target": 18, "value": 0.0038445329242345117, "supply": "[{\"l\":'Labor',\"v\":0.0038445329242345117}]"}, {"source": 59, "prod": 0, "target": 46, "value": 0.031280517883544433, "supply": "[{\"l\":'Labor',\"v\":0.031280517883544433}]"}, {"source": 59, "prod": 0, "target": 20, "value": 0.004019284420790626, "supply": "[{\"l\":'Labor',\"v\":0.004019284420790626}]"}, {"source": 59, "prod": 0, "target": 44, "value": 0.0087375748278057091, "supply": "[{\"l\":'Labor',\"v\":0.0087375748278057091}]"}, {"source": 59, "prod": 0, "target": 54, "value": 0.005061767486452963, "supply": "[{\"l\":'Labor',\"v\":0.005061767486452963}]"}, {"source": 59, "prod": 0, "target": 31, "value": 0.0026212724483417123, "supply": "[{\"l\":'Labor',\"v\":0.0026212724483417123}]"}, {"source": 59, "prod": 0, "target": 26, "value": 0.0036697814276783975, "supply": "[{\"l\":'Labor',\"v\":0.0036697814276783975}]"}, {"source": 59, "prod": 0, "target": 29, "value": 0.00034950299311222832, "supply": "[{\"l\":'Labor',\"v\":0.00034950299311222832}]"}, {"source": 59, "prod": 0, "target": 0, "value": 0.015902386186606391, "supply": "[{\"l\":'Labor',\"v\":0.015902386186606391}]"}, {"source": 59, "prod": 0, "target": 32, "value": 0.02726123346275381, "supply": "[{\"l\":'Labor',\"v\":0.02726123346275381}]"}, {"source": 59, "prod": 0, "target": 35, "value": 0.0041940359173467398, "supply": "[{\"l\":'Labor',\"v\":0.0041940359173467398}]"}, {"source": 59, "prod": 0, "target": 38, "value": 0.001048508979336685, "supply": "[{\"l\":'Labor',\"v\":0.001048508979336685}]"}, {"source": 59, "prod": 0, "target": 39, "value": 0.0045435389104589684, "supply": "[{\"l\":'Labor',\"v\":0.0045435389104589684}]"}, {"source": 59, "prod": 0, "target": 41, "value": 0.0013980119724489133, "supply": "[{\"l\":'Labor',\"v\":0.0013980119724489133}]"}, {"source": 59, "prod": 0, "target": 42, "value": 0.29725229564195021, "supply": "[{\"l\":'Labor',\"v\":0.29725229564195021}]"}, {"source": 56, "prod": 0, "target": 49, "value": 0.043425490330120053, "supply": "[{\"l\":'Fossil Fuels',\"v\":0.043425490330120053}]"}, {"source": 57, "prod": 0, "target": 49, "value": 0.24220892277030298, "supply": "[{\"l\":'Renewables & Nuclear',\"v\":0.005420526583760096},{\"l\":'Biomass & Waste',\"v\":0.23678839618654288}]"}]}