{"nodes": [{"layer": 5, "name": "Fruits, Roots & Vegetables", "fill": "#98df8a"}, {"layer": 10, "name": "Feed", "fill": "#dbdb8d"}, {"layer": 5, "name": "Sugar Crops", "fill": "#ffbb78"}, {"layer": 13, "name": "Animal Products", "fill": "#17becf"}, {"layer": 5, "name": "Cereals", "fill": "#e7ba52"}, {"layer": 13, "name": "Other Processed", "fill": "#9c9ede"}, {"layer": 16, "name": "Food", "fill": "#b5cf6b"}, {"layer": 13, "name": "Sugar", "fill": "#d6616b"}, {"layer": 13, "name": "Aquatic Products", "fill": "#1f77b4"}, {"layer": 13, "name": "Vegetable Oils", "fill": "#f7b6d2"}, {"layer": 10, "name": "Processing", "fill": "#9edae5"}, {"layer": 16, "name": "Biofuels & Other", "fill": "#e7ba52"}, {"name": "Waste", "fill": "#c7c7c7"}, {"layer": 2, "name": "Import", "fill": "#aec7e8"}, {"layer": 16, "name": "Export", "fill": "#aec7e8"}, {"layer": 0, "name": "Stock Draw", "fill": "#c7c7c7"}, {"layer": 16, "name": "Stock Deposit", "fill": "#c7c7c7"}, {"layer": 2, "name": "Electricity", "fill": "#bcbd22"}, {"layer": 0, "name": "Fossil Fuels", "fill": "#c49c94"}, {"layer": 0, "name": "Renewables & Nuclear", "fill": "#2ca02c"}, {"layer": 2, "name": "Fertilizers", "fill": "#c5b0d5"}, {"layer": 0, "name": "Labor", "fill": "#7f7f7f"}], "links": [{"source": 0, "prod": 57.0, "target": 1, "value": 0.026513275081502023, "supply": [{"l": "Potatoes", "v": 0.0023400654330256875}, {"l": "Vegetables, Other", "v": 0.0039191394919991553}, {"l": "Beans", "v": 0.0017694126433576113}, {"l": "Pulses, Other", "v": 0.00309647212587582}, {"l": "Apples", "v": 0.015388185387243751}]}, {"source": 2, "prod": 1.0, "target": 1, "value": 0.0011622222200000001, "supply": [{"l": "Sugar beet", "v": 0.0011622222200000001}]}, {"source": 3, "prod": 122.0, "target": 1, "value": 0.088581995671925762, "supply": [{"l": "Milk - Excluding Butter", "v": 0.088581995671925762}]}, {"source": 4, "prod": 96.0, "target": 1, "value": 0.29848935366373497, "supply": [{"l": "Maize", "v": 0.013874762619385216}, {"l": "Rye", "v": 0.030760990279347825}, {"l": "Wheat", "v": 0.07923589424308701}, {"l": "Barley", "v": 0.17461770652191494}]}, {"source": 5, "prod": 53.0, "target": 6, "value": 0.16480727791320832, "supply": [{"l": "Fats, Animals, Raw", "v": 0.019059258466959186}, {"l": "Beer", "v": 0.0011957793404366198}, {"l": "Beverages, Alcoholic", "v": 0.058438929894539554}, {"l": "Butter, Ghee", "v": 0.066733886335283849}, {"l": "Wine", "v": 0.019379423875989132}]}, {"source": 3, "prod": 411.0, "target": 6, "value": 0.4402890504440593, "supply": [{"l": "Pigmeat", "v": 0.023404956712005404}, {"l": "Poultry Meat", "v": 0.0077463807637773727}, {"l": "Milk - Excluding Butter", "v": 0.23742879167803049}, {"l": "Mutton & Goat Meat", "v": 0.021130749589226668}, {"l": "Bovine Meat", "v": 0.12286486283948776}, {"l": "Eggs", "v": 0.017510693716518751}, {"l": "Offals, Edible", "v": 0.010202615145012877}]}, {"source": 4, "prod": 524.0, "target": 6, "value": 1.745556469279347, "supply": [{"l": "Rice", "v": 0.071603685660755825}, {"l": "Cereals, Other", "v": 0.0033960133268400002}, {"l": "Wheat", "v": 1.6705567702917512}]}, {"source": 0, "prod": 875.0, "target": 6, "value": 0.41549961062265578, "supply": [{"l": "Potatoes", "v": 0.20514573629525196}, {"l": "Fruits, Other", "v": 0.030949133080358723}, {"l": "Apples", "v": 0.0169800666342}, {"l": "Tomatoes", "v": 0.039043885854419674}, {"l": "Vegetables, Other", "v": 0.054588014352845375}, {"l": "Grapes", "v": 0.056045921788618065}, {"l": "Onions", "v": 0.012746852616962004}]}, {"source": 7, "prod": 72.0, "target": 6, "value": 0.29757073169847298, "supply": [{"l": "Sugar", "v": 0.29438696920456048}, {"l": "Honey", "v": 0.0031837624939125004}]}, {"source": 8, "prod": 8.0, "target": 6, "value": 0.0052503504641513866, "supply": [{"l": "Freshwater Fish", "v": 0.0016120316424873421}, {"l": "Fish, Seafood", "v": 0.0027836174810163933}, {"l": "Marine Fish, Other", "v": 0.00085470134064765117}]}, {"source": 9, "prod": 8.0, "target": 6, "value": 0.082726261517373154, "supply": [{"l": "Soyabean Oil", "v": 0.030788032908164835}, {"l": "Cottonseed Oil", "v": 0.020877131107622952}, {"l": "Sunflowerseed Oil", "v": 0.031061097501585363}]}, {"source": 0, "prod": 71.0, "target": 10, "value": 0.043728136780130579, "supply": [{"l": "Grapes", "v": 0.043728136780130579}]}, {"source": 0, "prod": 40.0, "target": 11, "value": 0.024635570016974976, "supply": [{"l": "Grapes", "v": 0.024635570016974976}]}, {"source": 3, "prod": 3.0, "target": 11, "value": 0.0047756437408687505, "supply": [{"l": "Eggs", "v": 0.0047756437408687505}]}, {"source": 4, "prod": 1.0, "target": 11, "value": 0.0030106501124468089, "supply": [{"l": "Barley", "v": 0.0030106501124468089}]}, {"source": 7, "prod": 1.0, "target": 11, "value": 0.004146295340909302, "supply": [{"l": "Sugar", "v": 0.004146295340909302}]}, {"source": 0, "prod": 122.0, "target": 0, "value": 0.095162660943044652, "supply": [{"l": "Potatoes", "v": 0.095162660943044652}]}, {"source": 4, "prod": 42.0, "target": 4, "value": 0.13371844174814473, "supply": [{"l": "Wheat", "v": 0.082537389836548958}, {"l": "Barley", "v": 0.051181051911595762}]}, {"source": 0, "prod": 101.0, "target": 12, "value": 0.042879394199820918, "supply": [{"l": "Grapes", "v": 0.0067747817546681176}, {"l": "Potatoes", "v": 0.016380458031179813}, {"l": "Fruits, Other", "v": 0.0027148362351191863}, {"l": "Vegetables, Other", "v": 0.0078382789839983105}, {"l": "Onions", "v": 0.00035407923936005563}, {"l": "Tomatoes", "v": 0.005633197461582938}, {"l": "Apples", "v": 0.0031837624939125004}]}, {"source": 4, "prod": 21.0, "target": 12, "value": 0.068458871019655684, "supply": [{"l": "Wheat", "v": 0.059426920682315261}, {"l": "Barley", "v": 0.0090319503373404268}]}, {"source": 13, "prod": 38.0, "target": 10, "value": 0.22811688097680585, "supply": [{"l": "Soyabean Oil", "v": 0.030788032908164835}, {"l": "Sugar", "v": 0.066340725454548832}, {"l": "Beer", "v": 0.0011957793404366198}, {"l": "Butter, Ghee", "v": 0.066733886335283849}, {"l": "Beverages, Alcoholic", "v": 0.010312752334330511}, {"l": "Cottonseed Oil", "v": 0.020877131107622952}, {"l": "Sunflowerseed Oil", "v": 0.031061097501585363}, {"l": "Wine", "v": 0.00080747599483288056}]}, {"source": 13, "prod": 446.0, "target": 4, "value": 1.4908157690067247, "supply": [{"l": "Cereals, Other", "v": 0.0033960133268400002}, {"l": "Wheat", "v": 1.3205982373847833}, {"l": "Rye", "v": 0.061521980558695649}, {"l": "Rice", "v": 0.10529953773640564}]}, {"source": 13, "prod": 8.0, "target": 0, "value": 0.0033764106610186168, "supply": [{"l": "Vegetables, Other", "v": 0.0002799385351427968}, {"l": "Pulses, Other", "v": 0.00309647212587582}]}, {"source": 13, "prod": 71.0, "target": 1, "value": 0.11462310260819714, "supply": [{"l": "Bovine Meat", "v": 0.083652672571566139}, {"l": "Eggs", "v": 0.0031837624939125004}, {"l": "Milk - Excluding Butter", "v": 0.024686785679061275}, {"l": "Poultry Meat", "v": 0.0015492761527554745}, {"l": "Fish, Seafood", "v": 0.00069590437025409833}, {"l": "Marine Fish, Other", "v": 0.00085470134064765117}]}, {"source": 5, "prod": 1.0, "target": 14, "value": 0.0034375841114435033, "supply": [{"l": "Beverages, Alcoholic", "v": 0.0034375841114435033}]}, {"source": 15, "prod": 35.0, "target": 0, "value": 0.006798686591565615, "supply": [{"l": "Tomatoes", "v": 0.006798686591565615}]}, {"source": 3, "prod": 14.0, "target": 16, "value": 0.036598044250060184, "supply": [{"l": "Bovine Meat", "v": 0.036598044250060184}]}, {"source": 4, "prod": 19.0, "target": 16, "value": 0.06866882386445386, "supply": [{"l": "Rice", "v": 0.037907833585106035}, {"l": "Rye", "v": 0.030760990279347825}]}, {"source": 0, "prod": 8.0, "target": 16, "value": 0.0062401744880685008, "supply": [{"l": "Potatoes", "v": 0.0062401744880685008}]}, {"source": 15, "prod": 55.0, "target": 10, "value": 0.22804624375001162, "supply": [{"l": "Sugar", "v": 0.22804624375001162}]}, {"source": 15, "prod": 31.0, "target": 4, "value": 0.099437908587169221, "supply": [{"l": "Wheat", "v": 0.069331407462701125}, {"l": "Barley", "v": 0.030106501124468089}]}, {"source": 1, "prod": 8.0, "target": 8, "value": 0.0052503504641513866, "supply": [{"l": "Freshwater Fish", "v": 0.0016120316424873421}, {"l": "Marine Fish, Other", "v": 0.00085470134064765117}, {"l": "Fish, Seafood", "v": 0.0027836174810163933}]}, {"source": 1, "prod": 550.0, "target": 3, "value": 0.57024473410691401, "supply": [{"l": "Poultry Meat", "v": 0.0077463807637773727}, {"l": "Pigmeat", "v": 0.023404956712005404}, {"l": "Bovine Meat", "v": 0.15946290708954794}, {"l": "Eggs", "v": 0.022286337457387503}, {"l": "Milk - Excluding Butter", "v": 0.32601078734995625}, {"l": "Offals, Edible", "v": 0.010202615145012877}, {"l": "Mutton & Goat Meat", "v": 0.021130749589226668}]}, {"source": 10, "prod": 54.0, "target": 5, "value": 0.16824486202465183, "supply": [{"l": "Fats, Animals, Raw", "v": 0.019059258466959186}, {"l": "Beer", "v": 0.0011957793404366198}, {"l": "Beverages, Alcoholic", "v": 0.061876514005983055}, {"l": "Butter, Ghee", "v": 0.066733886335283849}, {"l": "Wine", "v": 0.019379423875989132}]}, {"source": 10, "prod": 8.0, "target": 9, "value": 0.082726261517373154, "supply": [{"l": "Cottonseed Oil", "v": 0.020877131107622952}, {"l": "Sunflowerseed Oil", "v": 0.031061097501585363}, {"l": "Soyabean Oil", "v": 0.030788032908164835}]}, {"source": 10, "prod": 73.0, "target": 7, "value": 0.3017170270393823, "supply": [{"l": "Honey", "v": 0.0031837624939125004}, {"l": "Sugar", "v": 0.2985332645454698}]}, {"source": 17, "prod": 0, "target": 0, "value": 0.0070276361326956265, "supply": "[{\"l\":'Energy for power irrigation',\"v\":0.0070276361326956265}]"}, {"source": 17, "prod": 0, "target": 2, "value": 5.6131279015140787e-06, "supply": "[{\"l\":'Energy for power irrigation',\"v\":5.6131279015140787e-06}]"}, {"source": 17, "prod": 0, "target": 4, "value": 0.0026129110381548038, "supply": "[{\"l\":'Energy for power irrigation',\"v\":0.0026129110381548038}]"}, {"source": 17, "prod": 0, "target": 10, "value": 0.078000000062400002, "supply": "[{\"l\":'Electricity',\"v\":0.078000000062400002}]"}, {"source": 18, "prod": 0, "target": 17, "value": 0.073277657758475639, "supply": [{"l": "Coal", "v": 0.0}, {"l": "Natural gas", "v": 0.047351182906987942}, {"l": "Oil", "v": 0.025926474851487705}]}, {"source": 19, "prod": 0, "target": 17, "value": 0.054434183016805894, "supply": [{"l": "Nuclear", "v": 0.0}, {"l": "Hydroelectric", "v": 0.054434183016805894}, {"l": "Renewable", "v": 0.0}]}, {"source": 18, "prod": 0, "target": 0, "value": 0.073586617357997597, "supply": [{"l": "Other fossil fuels", "v": 0.073586617357997597}]}, {"source": 18, "prod": 0, "target": 2, "value": 5.8775253480828753e-05, "supply": [{"l": "Other fossil fuels", "v": 5.8775253480828753e-05}]}, {"source": 18, "prod": 0, "target": 4, "value": 0.027359880495325787, "supply": [{"l": "Other fossil fuels", "v": 0.027359880495325787}]}, {"source": 20, "prod": 10.377088096871832, "target": 0, "value": 0.11146403717865168, "supply": [{"l": "Potash", "v": 0.0092272003004844876}, {"l": "Phosphate", "v": 0.015338208810794547}, {"l": "Nitrogen", "v": 0.12843055565829997}]}, {"source": 20, "prod": 0.0082884090230605691, "target": 2, "value": 8.9028783689018914e-05, "supply": [{"l": "Potash", "v": 0.0092272003004844876}, {"l": "Phosphate", "v": 0.015338208810794547}, {"l": "Nitrogen", "v": 0.12843055565829997}]}, {"source": 20, "prod": 3.8582544002346948, "target": 4, "value": 0.04144289880723831, "supply": [{"l": "Potash", "v": 0.0092272003004844876}, {"l": "Phosphate", "v": 0.015338208810794547}, {"l": "Nitrogen", "v": 0.12843055565829997}]}, {"source": 18, "prod": 0, "target": 20, "value": 0.18917436674463672, "supply": [{"l": "Natural gas (including LNG)", "v": 0.12615990254314133}, {"l": "Fuel oil", "v": 0.040311642502542183}, {"l": "Liquefied petroleum gas (LPG)", "v": 0.011351410849476608}, {"l": "Coal", "v": 0.011351410849476608}]}, {"source": 21, "prod": 0, "target": 4, "value": 0.035774862760033686, "supply": "[{\"l\":'Labor',\"v\":0.035774862760033686}]"}, {"source": 21, "prod": 0, "target": 0, "value": 0.096219394576932696, "supply": "[{\"l\":'Labor',\"v\":0.096219394576932696}]"}, {"source": 21, "prod": 0, "target": 2, "value": 7.6852551579019725e-05, "supply": "[{\"l\":'Labor',\"v\":7.6852551579019725e-05}]"}, {"source": 18, "prod": 0, "target": 13, "value": 1.5466766001150289, "supply": "[{\"l\":'Fossil Fuels',\"v\":1.5466766001150289}]"}, {"source": 19, "prod": 0, "target": 13, "value": 0.46081167341434487, "supply": "[{\"l\":'Renewables & Nuclear',\"v\":0.44051780287767761},{\"l\":'Biomass & Waste',\"v\":0.020293870536667282}]"}]}