{"nodes": [{"name": "Balance", "fill": "#9edae5"}, {"name": "Food", "fill": "#b5cf6b"}, {"name": "Stock Deposit", "fill": "#c7c7c7"}, {"name": "Export", "fill": "#aec7e8"}, {"name": "Biofuels & Other", "fill": "#e7ba52"}, {"name": "Crop Residue", "fill": "#bd9e39"}, {"name": "Renewables & Nuclear", "fill": "#2ca02c"}, {"name": "Fossil Fuels", "fill": "#c49c94"}, {"name": "Stock Draw", "fill": "#c7c7c7"}, {"name": "Labor", "fill": "#7f7f7f"}], "links": [{"source": 0, "target": 1, "value": 3.5237584894846266}, {"source": 0, "target": 2, "value": 0.17544299860929469}, {"source": 0, "target": 3, "value": 0.11811996598346376}, {"source": 0, "target": 4, "value": 0.38099968102593912}, {"source": 0, "target": 5, "value": 8.9948027371765207}, {"source": 6, "target": 0, "value": 0.86315394091551001}, {"source": 7, "target": 0, "value": 1.8819086455337988}, {"source": 8, "target": 0, "value": 0.036783853174458432}, {"source": 9, "target": 0, "value": 0.11556293749903838}]}