{"nodes": [{"layer": 5, "name": "Maize"}, {"layer": 10, "name": "Feed", "fill": "#dbdb8d"}, {"layer": 5, "name": "Sorghum"}, {"layer": 16, "name": "Food", "fill": "#b5cf6b"}, {"layer": 5, "name": "Fruits, Other"}, {"layer": 13, "name": "Sugar", "fill": "#d6616b"}, {"layer": 13, "name": "Beer"}, {"layer": 13, "name": "Beverages, Alcoholic"}, {"layer": 5, "name": "Rice"}, {"layer": 13, "name": "Meat, Other"}, {"layer": 5, "name": "Tomatoes"}, {"layer": 13, "name": "Fats, Animals, Raw"}, {"layer": 5, "name": "Coffee"}, {"layer": 5, "name": "Wheat"}, {"layer": 13, "name": "Eggs"}, {"layer": 5, "name": "Vegetables, Other"}, {"layer": 5, "name": "Peas"}, {"layer": 13, "name": "Marine Fish, Other"}, {"layer": 5, "name": "Grapes"}, {"layer": 13, "name": "Mutton & Goat Meat"}, {"layer": 13, "name": "Pigmeat"}, {"layer": 5, "name": "Oats"}, {"layer": 5, "name": "Potatoes"}, {"layer": 13, "name": "Milk - Excluding Butter"}, {"layer": 5, "name": "Beans"}, {"layer": 5, "name": "Apples"}, {"layer": 13, "name": "Fish, Seafood"}, {"layer": 13, "name": "Oilcrops Oil, Other"}, {"layer": 5, "name": "Cereals, Other"}, {"layer": 13, "name": "Wine"}, {"layer": 13, "name": "Sweeteners, Other"}, {"layer": 5, "name": "Bananas"}, {"layer": 13, "name": "Beverages, Fermented"}, {"layer": 5, "name": "Spices, Other"}, {"layer": 5, "name": "Tea"}, {"layer": 13, "name": "Poultry Meat"}, {"layer": 13, "name": "Offals, Edible"}, {"layer": 5, "name": "Oranges, Mandarines"}, {"layer": 13, "name": "Bovine Meat"}, {"layer": 10, "name": "Processing", "fill": "#9edae5"}, {"layer": 5, "name": "Barley"}, {"name": "Seed", "fill": "#dbdb8d"}, {"name": "Waste", "fill": "#c7c7c7"}, {"layer": 0, "name": "Import", "fill": "#aec7e8"}, {"layer": 16, "name": "Export", "fill": "#aec7e8"}, {"layer": 16, "name": "Stock Deposit", "fill": "#c7c7c7"}, {"layer": 0, "name": "Stock Draw", "fill": "#c7c7c7"}, {"layer": 0, "name": "Production", "fill": "#b5cf6b"}], "links": [{"source": 0, "prod": 0.036956804447722376, "target": 1, "value": 10.0, "supply": [{"l": "Maize", "v": 10.0}]}, {"source": 2, "prod": 0.0068439462458902024, "target": 1, "value": 2.0, "supply": [{"l": "Sorghum", "v": 2.0}]}, {"source": 0, "prod": 0.5617434276053801, "target": 3, "value": 152.0, "supply": [{"l": "Maize", "v": 152.0}]}, {"source": 4, "prod": 0.011667121256517926, "target": 3, "value": 23.0, "supply": [{"l": "Fruits, Other", "v": 23.0}]}, {"source": 5, "prod": 0.10834010366575721, "target": 3, "value": 25.0, "supply": [{"l": "Sugar", "v": 25.0}]}, {"source": 6, "prod": 0.022197405544149718, "target": 3, "value": 39.0, "supply": [{"l": "Beer", "v": 39.0}]}, {"source": 7, "prod": 0.0033513289409605267, "target": 3, "value": 1.0, "supply": [{"l": "Beverages, Alcoholic", "v": 1.0}]}, {"source": 8, "prod": 0.01664712415117647, "target": 3, "value": 4.0, "supply": [{"l": "Rice", "v": 4.0}]}, {"source": 9, "prod": 0.0076012694987809938, "target": 3, "value": 5.0, "supply": [{"l": "Meat, Other", "v": 5.0}]}, {"source": 10, "prod": 0.0006431843422045455, "target": 3, "value": 2.0, "supply": [{"l": "Tomatoes", "v": 2.0}]}, {"source": 11, "prod": 0.0096113584721886809, "target": 3, "value": 1.0, "supply": [{"l": "Fats, Animals, Raw", "v": 1.0}]}, {"source": 12, "prod": 0.00039305709801388888, "target": 3, "value": 1.0, "supply": [{"l": "Coffee", "v": 1.0}]}, {"source": 13, "prod": 0.29792499726021487, "target": 3, "value": 88.0, "supply": [{"l": "Wheat", "v": 88.0}]}, {"source": 14, "prod": 0.0013918087405081967, "target": 3, "value": 1.0, "supply": [{"l": "Eggs", "v": 1.0}]}, {"source": 15, "prod": 0.0073532394085385764, "target": 3, "value": 29.0, "supply": [{"l": "Vegetables, Other", "v": 29.0}]}, {"source": 16, "prod": 0.023483070877085108, "target": 3, "value": 6.0, "supply": [{"l": "Peas", "v": 6.0}]}, {"source": 17, "prod": 0.0032653974296538461, "target": 3, "value": 3.0, "supply": [{"l": "Marine Fish, Other", "v": 3.0}]}, {"source": 18, "prod": 0.00074473976465789485, "target": 3, "value": 1.0, "supply": [{"l": "Grapes", "v": 1.0}]}, {"source": 19, "prod": 0.011755430746753847, "target": 3, "value": 7.0, "supply": [{"l": "Mutton & Goat Meat", "v": 7.0}]}, {"source": 20, "prod": 0.0070750277642500003, "target": 3, "value": 2.0, "supply": [{"l": "Pigmeat", "v": 2.0}]}, {"source": 21, "prod": 0.024912614863446647, "target": 3, "value": 11.0, "supply": [{"l": "Oats", "v": 11.0}]}, {"source": 22, "prod": 0.020001231702558485, "target": 3, "value": 26.0, "supply": [{"l": "Potatoes", "v": 26.0}]}, {"source": 23, "prod": 0.040901113229962253, "target": 3, "value": 80.0, "supply": [{"l": "Milk - Excluding Butter", "v": 80.0}]}, {"source": 24, "prod": 0.02345073141296164, "target": 3, "value": 6.0, "supply": [{"l": "Beans", "v": 6.0}]}, {"source": 25, "prod": 0.0030495809328663797, "target": 3, "value": 5.0, "supply": [{"l": "Apples", "v": 5.0}]}, {"source": 26, "prod": 0.0036559952083205743, "target": 3, "value": 3.0, "supply": [{"l": "Fish, Seafood", "v": 3.0}]}, {"source": 27, "prod": 0.051529103947716773, "target": 3, "value": 5.0, "supply": [{"l": "Oilcrops Oil, Other", "v": 5.0}]}, {"source": 2, "prod": 0.071861435581847127, "target": 3, "value": 21.0, "supply": [{"l": "Sorghum", "v": 21.0}]}, {"source": 28, "prod": 0.013303471009700855, "target": 3, "value": 5.0, "supply": [{"l": "Cereals, Other", "v": 5.0}]}, {"source": 29, "prod": 0.00075803868902678576, "target": 3, "value": 1.0, "supply": [{"l": "Wine", "v": 1.0}]}, {"source": 30, "prod": 0.0035672408895378151, "target": 3, "value": 2.0, "supply": [{"l": "Sweeteners, Other", "v": 2.0}]}, {"source": 31, "prod": 0.0021956982716637929, "target": 3, "value": 3.0, "supply": [{"l": "Bananas", "v": 3.0}]}, {"source": 32, "prod": 0.0060439935674497479, "target": 3, "value": 17.0, "supply": [{"l": "Beverages, Fermented", "v": 17.0}]}, {"source": 33, "prod": 0.0040915823214939763, "target": 3, "value": 1.0, "supply": [{"l": "Spices, Other", "v": 1.0}]}, {"source": 34, "prod": 0.00086632993031632646, "target": 3, "value": 1.0, "supply": [{"l": "Tea", "v": 1.0}]}, {"source": 35, "prod": 0.007318994238879311, "target": 3, "value": 5.0, "supply": [{"l": "Poultry Meat", "v": 5.0}]}, {"source": 36, "prod": 0.0038259806793798285, "target": 3, "value": 3.0, "supply": [{"l": "Offals, Edible", "v": 3.0}]}, {"source": 37, "prod": 0.001463798847775862, "target": 3, "value": 3.0, "supply": [{"l": "Oranges, Mandarines", "v": 3.0}]}, {"source": 38, "prod": 0.026493720989531913, "target": 3, "value": 12.0, "supply": [{"l": "Bovine Meat", "v": 12.0}]}, {"source": 2, "prod": 0.010265919368835303, "target": 39, "value": 3.0, "supply": [{"l": "Sorghum", "v": 3.0}]}, {"source": 40, "prod": 0.028300111057000001, "target": 39, "value": 8.0, "supply": [{"l": "Barley", "v": 8.0}]}, {"source": 0, "prod": 0.011087041334316712, "target": 41, "value": 3.0, "supply": [{"l": "Maize", "v": 3.0}]}, {"source": 13, "prod": 0.010156533997507324, "target": 41, "value": 3.0, "supply": [{"l": "Wheat", "v": 3.0}]}, {"source": 2, "prod": 0.0034219731229451012, "target": 41, "value": 1.0, "supply": [{"l": "Sorghum", "v": 1.0}]}, {"source": 0, "prod": 0.033261124002950136, "target": 42, "value": 9.0, "supply": [{"l": "Maize", "v": 9.0}]}, {"source": 13, "prod": 0.023698579327517094, "target": 42, "value": 7.0, "supply": [{"l": "Wheat", "v": 7.0}]}, {"source": 22, "prod": 0.0023078344272182863, "target": 42, "value": 3.0, "supply": [{"l": "Potatoes", "v": 3.0}]}, {"source": 15, "prod": 0.00076067993881433562, "target": 42, "value": 3.0, "supply": [{"l": "Vegetables, Other", "v": 3.0}]}, {"source": 4, "prod": 0.0010145322831754719, "target": 42, "value": 2.0, "supply": [{"l": "Fruits, Other", "v": 2.0}]}, {"source": 23, "prod": 0.0005112639153745281, "target": 42, "value": 1.0, "supply": [{"l": "Milk - Excluding Butter", "v": 1.0}]}, {"source": 2, "prod": 0.020531838737670605, "target": 42, "value": 6.0, "supply": [{"l": "Sorghum", "v": 6.0}]}, {"source": 43, "prod": 0.0006431843422045455, "target": 10, "value": 2.0, "supply": [{"l": "Tomatoes", "v": 2.0}]}, {"source": 43, "prod": 0.0020284798368382282, "target": 15, "value": 8.0, "supply": [{"l": "Vegetables, Other", "v": 8.0}]}, {"source": 43, "prod": 0.00086632993031632646, "target": 34, "value": 1.0, "supply": [{"l": "Tea", "v": 1.0}]}, {"source": 43, "prod": 0.0030495809328663797, "target": 25, "value": 5.0, "supply": [{"l": "Apples", "v": 5.0}]}, {"source": 43, "prod": 0.01664712415117647, "target": 8, "value": 4.0, "supply": [{"l": "Rice", "v": 4.0}]}, {"source": 43, "prod": 0.29115397459520997, "target": 13, "value": 86.0, "supply": [{"l": "Wheat", "v": 86.0}]}, {"source": 43, "prod": 0.028300111057000001, "target": 40, "value": 8.0, "supply": [{"l": "Barley", "v": 8.0}]}, {"source": 43, "prod": 0.00039305709801388888, "target": 12, "value": 1.0, "supply": [{"l": "Coffee", "v": 1.0}]}, {"source": 43, "prod": 0.013303471009700855, "target": 28, "value": 5.0, "supply": [{"l": "Cereals, Other", "v": 5.0}]}, {"source": 43, "prod": 0.045981666835687419, "target": 1, "value": 71.0, "supply": [{"l": "Milk - Excluding Butter", "v": 59.0}, {"l": "Fish, Seafood", "v": 3.0}, {"l": "Meat, Other", "v": 2.0}, {"l": "Poultry Meat", "v": 4.0}, {"l": "Marine Fish, Other", "v": 3.0}]}, {"source": 43, "prod": 0.015655380584723405, "target": 16, "value": 4.0, "supply": [{"l": "Peas", "v": 4.0}]}, {"source": 43, "prod": 0.001463798847775862, "target": 37, "value": 3.0, "supply": [{"l": "Oranges, Mandarines", "v": 3.0}]}, {"source": 43, "prod": 0.010265919368835303, "target": 2, "value": 3.0, "supply": [{"l": "Sorghum", "v": 3.0}]}, {"source": 43, "prod": 0.0030771125696243823, "target": 22, "value": 4.0, "supply": [{"l": "Potatoes", "v": 4.0}]}, {"source": 43, "prod": 0.0021956982716637929, "target": 31, "value": 3.0, "supply": [{"l": "Bananas", "v": 3.0}]}, {"source": 43, "prod": 0.0078169104709872126, "target": 24, "value": 2.0, "supply": [{"l": "Beans", "v": 2.0}]}, {"source": 43, "prod": 0.022647831694042407, "target": 21, "value": 10.0, "supply": [{"l": "Oats", "v": 10.0}]}, {"source": 43, "prod": 0.0040915823214939763, "target": 33, "value": 1.0, "supply": [{"l": "Spices, Other", "v": 1.0}]}, {"source": 43, "prod": 0.43609029248312403, "target": 0, "value": 118.0, "supply": [{"l": "Maize", "v": 118.0}]}, {"source": 43, "prod": 0.0035508629911141509, "target": 4, "value": 7.0, "supply": [{"l": "Fruits, Other", "v": 7.0}]}, {"source": 43, "prod": 0.00074473976465789485, "target": 18, "value": 1.0, "supply": [{"l": "Grapes", "v": 1.0}]}, {"source": 43, "prod": 0.18282328555177713, "target": 39, "value": 41.0, "supply": [{"l": "Sugar", "v": 28.0}, {"l": "Beer", "v": 4.0}, {"l": "Oilcrops Oil, Other", "v": 5.0}, {"l": "Wine", "v": 1.0}, {"l": "Sweeteners, Other", "v": 2.0}, {"l": "Beverages, Alcoholic", "v": 1.0}]}, {"source": 0, "prod": 0.0036956804447722375, "target": 44, "value": 1.0, "supply": [{"l": "Maize", "v": 1.0}]}, {"source": 15, "prod": 0.00025355997960477852, "target": 44, "value": 1.0, "supply": [{"l": "Vegetables, Other", "v": 1.0}]}, {"source": 13, "prod": 0.013542045330009767, "target": 44, "value": 4.0, "supply": [{"l": "Wheat", "v": 4.0}]}, {"source": 24, "prod": 0.0078169104709872126, "target": 44, "value": 2.0, "supply": [{"l": "Beans", "v": 2.0}]}, {"source": 0, "prod": 0.081304969784989217, "target": 45, "value": 22.0, "supply": [{"l": "Maize", "v": 22.0}]}, {"source": 2, "prod": 0.017109865614725505, "target": 45, "value": 5.0, "supply": [{"l": "Sorghum", "v": 5.0}]}, {"source": 5, "prod": 0.0086672082932605747, "target": 45, "value": 2.0, "supply": [{"l": "Sugar", "v": 2.0}]}, {"source": 46, "prod": 0.015633820941974425, "target": 24, "value": 4.0, "supply": [{"l": "Beans", "v": 4.0}]}, {"source": 13, "prod": 0.0033855113325024417, "target": 45, "value": 1.0, "supply": [{"l": "Wheat", "v": 1.0}]}, {"source": 47, "prod": 0.29195875513700675, "target": 0, "value": 79.0, "supply": [{"l": "Maize", "v": 79.0}]}, {"source": 47, "prod": 0.0063389994901194638, "target": 15, "value": 25.0, "supply": [{"l": "Vegetables, Other", "v": 25.0}]}, {"source": 47, "prod": 0.05755369265254151, "target": 13, "value": 17.0, "supply": [{"l": "Wheat", "v": 17.0}]}, {"source": 47, "prod": 0.019231953560152389, "target": 22, "value": 25.0, "supply": [{"l": "Potatoes", "v": 25.0}]}, {"source": 47, "prod": 0.0022647831694042413, "target": 21, "value": 1.0, "supply": [{"l": "Oats", "v": 1.0}]}, {"source": 47, "prod": 0.009130790548579246, "target": 4, "value": 18.0, "supply": [{"l": "Fruits, Other", "v": 18.0}]}, {"source": 47, "prod": 0.015655380584723405, "target": 16, "value": 4.0, "supply": [{"l": "Peas", "v": 4.0}]}, {"source": 47, "prod": 0.0039084552354936063, "target": 24, "value": 1.0, "supply": [{"l": "Beans", "v": 1.0}]}, {"source": 47, "prod": 0.11634708618013344, "target": 2, "value": 34.0, "supply": [{"l": "Sorghum", "v": 34.0}]}, {"source": 1, "prod": 0.007318994238879311, "target": 35, "value": 5.0, "supply": [{"l": "Poultry Meat", "v": 5.0}]}, {"source": 1, "prod": 0.0070750277642500003, "target": 20, "value": 2.0, "supply": [{"l": "Pigmeat", "v": 2.0}]}, {"source": 1, "prod": 0.026493720989531913, "target": 38, "value": 12.0, "supply": [{"l": "Bovine Meat", "v": 12.0}]}, {"source": 1, "prod": 0.0013918087405081967, "target": 14, "value": 1.0, "supply": [{"l": "Eggs", "v": 1.0}]}, {"source": 1, "prod": 0.041412377145336784, "target": 23, "value": 81.0, "supply": [{"l": "Milk - Excluding Butter", "v": 81.0}]}, {"source": 1, "prod": 0.0038259806793798285, "target": 36, "value": 3.0, "supply": [{"l": "Offals, Edible", "v": 3.0}]}, {"source": 1, "prod": 0.0032653974296538461, "target": 17, "value": 3.0, "supply": [{"l": "Marine Fish, Other", "v": 3.0}]}, {"source": 1, "prod": 0.0036559952083205743, "target": 26, "value": 3.0, "supply": [{"l": "Fish, Seafood", "v": 3.0}]}, {"source": 1, "prod": 0.0076012694987809938, "target": 9, "value": 5.0, "supply": [{"l": "Meat, Other", "v": 5.0}]}, {"source": 1, "prod": 0.011755430746753847, "target": 19, "value": 7.0, "supply": [{"l": "Mutton & Goat Meat", "v": 7.0}]}, {"source": 39, "prod": 0.0096113584721886809, "target": 11, "value": 1.0, "supply": [{"l": "Fats, Animals, Raw", "v": 1.0}]}, {"source": 39, "prod": 0.0035672408895378151, "target": 30, "value": 2.0, "supply": [{"l": "Sweeteners, Other", "v": 2.0}]}, {"source": 39, "prod": 0.0060439935674497479, "target": 32, "value": 17.0, "supply": [{"l": "Beverages, Fermented", "v": 17.0}]}, {"source": 39, "prod": 0.11700731195901778, "target": 5, "value": 27.0, "supply": [{"l": "Sugar", "v": 27.0}]}, {"source": 39, "prod": 0.022197405544149718, "target": 6, "value": 39.0, "supply": [{"l": "Beer", "v": 39.0}]}, {"source": 39, "prod": 0.0033513289409605267, "target": 7, "value": 1.0, "supply": [{"l": "Beverages, Alcoholic", "v": 1.0}]}, {"source": 39, "prod": 0.051529103947716773, "target": 27, "value": 5.0, "supply": [{"l": "Oilcrops Oil, Other", "v": 5.0}]}, {"source": 39, "prod": 0.00075803868902678576, "target": 29, "value": 1.0, "supply": [{"l": "Wine", "v": 1.0}]}]}