{"nodes": [{"layer": 5, "name": "Cereals", "fill": "#e7ba52"}, {"layer": 10, "name": "Feed", "fill": "#dbdb8d"}, {"layer": 13, "name": "Other Processed", "fill": "#9c9ede"}, {"layer": 16, "name": "Food", "fill": "#b5cf6b"}, {"layer": 13, "name": "Animal Products", "fill": "#17becf"}, {"layer": 5, "name": "Fruits, Roots & Vegetables", "fill": "#98df8a"}, {"layer": 13, "name": "Sugar", "fill": "#d6616b"}, {"layer": 13, "name": "Aquatic Products", "fill": "#1f77b4"}, {"layer": 13, "name": "Vegetable Oils", "fill": "#f7b6d2"}, {"layer": 10, "name": "Processing", "fill": "#9edae5"}, {"layer": 5, "name": "Oilcrops", "fill": "#ff9896"}, {"name": "Waste", "fill": "#c7c7c7"}, {"layer": 2, "name": "Import", "fill": "#aec7e8"}, {"layer": 16, "name": "Export", "fill": "#aec7e8"}, {"layer": 0, "name": "Stock Draw", "fill": "#c7c7c7"}, {"layer": 16, "name": "Stock Deposit", "fill": "#c7c7c7"}, {"name": "Crop Residue", "fill": "#bd9e39"}, {"layer": 2, "name": "Electricity", "fill": "#bcbd22"}, {"layer": 0, "name": "Fossil Fuels", "fill": "#c49c94"}, {"layer": 0, "name": "Renewables & Nuclear", "fill": "#2ca02c"}, {"layer": 2, "name": "Fertilizers", "fill": "#c5b0d5"}, {"layer": 0, "name": "Labor", "fill": "#7f7f7f"}], "links": [{"source": 0, "prod": 14.0, "target": 1, "value": 0.051458468179167223, "supply": [{"l": "Maize", "v": 0.048051304133632747}, {"l": "Sorghum", "v": 0.0034071640455344771}]}, {"source": 2, "prod": 62.0, "target": 3, "value": 0.038253709686425746, "supply": [{"l": "Beer", "v": 0.017078743820719715}, {"l": "Fats, Animals, Raw", "v": 0.0097961922889615409}, {"l": "Beverages, Fermented", "v": 0.011378773576744487}]}, {"source": 4, "prod": 77.0, "target": 3, "value": 0.082339667374106987, "supply": [{"l": "Pigmeat", "v": 0.0070750277642500003}, {"l": "Milk - Excluding Butter", "v": 0.029601265588356324}, {"l": "Meat, Other", "v": 0.0045540408597471264}, {"l": "Mutton & Goat Meat", "v": 0.0099082768689267749}, {"l": "Eggs", "v": 0.0014389886978135593}, {"l": "Poultry Meat", "v": 0.0014894795293157897}, {"l": "Offals, Edible", "v": 0.0039098837644539475}, {"l": "Bovine Meat", "v": 0.024362704301243477}]}, {"source": 0, "prod": 267.0, "target": 3, "value": 0.95363329723534329, "supply": [{"l": "Maize", "v": 0.59140066626009524}, {"l": "Oats", "v": 0.0024608792223478259}, {"l": "Rice", "v": 0.0081411278383150681}, {"l": "Sorghum", "v": 0.12606506968477565}, {"l": "Wheat", "v": 0.22556555422980951}]}, {"source": 5, "prod": 88.0, "target": 3, "value": 0.087220208322698195, "supply": [{"l": "Oranges, Mandarines", "v": 0.0010353699167195121}, {"l": "Potatoes", "v": 0.013923159594369534}, {"l": "Fruits, Other", "v": 0.0080311125972567562}, {"l": "Beans", "v": 0.023594629408567699}, {"l": "Apples", "v": 0.001705587050310268}, {"l": "Bananas", "v": 0.0013370131208031496}, {"l": "Spices, Other", "v": 0.00424501665855}, {"l": "Tea", "v": 0.00047696816388202246}, {"l": "Vegetables, Other", "v": 0.0080617527046646896}, {"l": "Peas", "v": 0.023748344942937063}, {"l": "Grapes", "v": 0.0010612541646375}]}, {"source": 6, "prod": 28.0, "target": 3, "value": 0.11324268319972687, "supply": [{"l": "Sugar", "v": 0.10754042201660001}, {"l": "Sweeteners, Other", "v": 0.0057022611831268662}]}, {"source": 7, "prod": 4.0, "target": 3, "value": 0.0051686857030058308, "supply": [{"l": "Fish, Seafood", "v": 0.0028490044688255032}, {"l": "Marine Fish, Other", "v": 0.0023196812341803276}]}, {"source": 8, "prod": 4.0, "target": 3, "value": 0.04088845477131773, "supply": [{"l": "Oilcrops Oil, Other", "v": 0.04088845477131773}]}, {"source": 0, "prod": 11.0, "target": 9, "value": 0.034593039801706867, "supply": [{"l": "Sorghum", "v": 0.020442984273206864}, {"l": "Barley", "v": 0.014150055528500001}]}, {"source": 10, "prod": 1.0, "target": 9, "value": 0.0060643095122142861, "supply": [{"l": "Oilcrops, Other", "v": 0.0060643095122142861}]}, {"source": 5, "prod": 1.0, "target": 5, "value": 0.0039324382347612832, "supply": [{"l": "Beans", "v": 0.0039324382347612832}]}, {"source": 0, "prod": 5.0, "target": 0, "value": 0.017822062618639757, "supply": [{"l": "Maize", "v": 0.011088762492376787}, {"l": "Wheat", "v": 0.0067333001262629699}]}, {"source": 5, "prod": 8.0, "target": 11, "value": 0.003558625895447907, "supply": [{"l": "Potatoes", "v": 0.0015470177327077262}, {"l": "Fruits, Other", "v": 0.0010038890746570945}, {"l": "Vegetables, Other", "v": 0.0010077190880830862}]}, {"source": 4, "prod": 1.0, "target": 11, "value": 0.00060410746098686369, "supply": [{"l": "Milk - Excluding Butter", "v": 0.00060410746098686369}]}, {"source": 0, "prod": 26.0, "target": 11, "value": 0.091563686576383752, "supply": [{"l": "Maize", "v": 0.040658795805381551}, {"l": "Wheat", "v": 0.016833250315657425}, {"l": "Sorghum", "v": 0.034071640455344769}]}, {"source": 12, "prod": 41.0, "target": 9, "value": 0.1592547611172605, "supply": [{"l": "Sugar", "v": 0.10754042201660001}, {"l": "Beer", "v": 0.0051236231462159143}, {"l": "Oilcrops Oil, Other", "v": 0.04088845477131773}, {"l": "Sweeteners, Other", "v": 0.0057022611831268662}]}, {"source": 12, "prod": 157.0, "target": 0, "value": 0.55135982653590465, "supply": [{"l": "Maize", "v": 0.27352280814529406}, {"l": "Barley", "v": 0.014150055528500001}, {"l": "Rice", "v": 0.0081411278383150681}, {"l": "Sorghum", "v": 0.057921788774086116}, {"l": "Cereals, Other", "v": 0.0023583425880833336}, {"l": "Wheat", "v": 0.19526570366162613}]}, {"source": 12, "prod": 1.0, "target": 10, "value": 0.0060643095122142861, "supply": [{"l": "Oilcrops, Other", "v": 0.0060643095122142861}]}, {"source": 12, "prod": 32.0, "target": 5, "value": 0.035451871115256633, "supply": [{"l": "Oranges, Mandarines", "v": 0.0010353699167195121}, {"l": "Potatoes", "v": 0.0015470177327077262}, {"l": "Fruits, Other", "v": 0.0010038890746570945}, {"l": "Beans", "v": 0.0039324382347612832}, {"l": "Bananas", "v": 0.0013370131208031496}, {"l": "Spices, Other", "v": 0.00424501665855}, {"l": "Tea", "v": 0.00047696816388202246}, {"l": "Vegetables, Other", "v": 0.0032750870362700303}, {"l": "Peas", "v": 0.015832229961958041}, {"l": "Grapes", "v": 0.0010612541646375}, {"l": "Apples", "v": 0.001705587050310268}]}, {"source": 12, "prod": 34.0, "target": 1, "value": 0.023291909532611742, "supply": [{"l": "Milk - Excluding Butter", "v": 0.018123223829605909}, {"l": "Fish, Seafood", "v": 0.0028490044688255032}, {"l": "Marine Fish, Other", "v": 0.0023196812341803276}]}, {"source": 5, "prod": 1.0, "target": 13, "value": 0.0039324382347612832, "supply": [{"l": "Beans", "v": 0.0039324382347612832}]}, {"source": 14, "prod": 3.0, "target": 5, "value": 0.01179731470428385, "supply": [{"l": "Beans", "v": 0.01179731470428385}]}, {"source": 0, "prod": 11.0, "target": 15, "value": 0.037478804500879245, "supply": [{"l": "Sorghum", "v": 0.037478804500879245}]}, {"source": 14, "prod": 7.0, "target": 0, "value": 0.025873779148879169, "supply": [{"l": "Maize", "v": 0.025873779148879169}]}, {"source": 1, "prod": 4.0, "target": 7, "value": 0.0051686857030058308, "supply": [{"l": "Marine Fish, Other", "v": 0.0023196812341803276}, {"l": "Fish, Seafood", "v": 0.0028490044688255032}]}, {"source": 1, "prod": 78.0, "target": 4, "value": 0.082943774835093853, "supply": [{"l": "Poultry Meat", "v": 0.0014894795293157897}, {"l": "Pigmeat", "v": 0.0070750277642500003}, {"l": "Bovine Meat", "v": 0.024362704301243477}, {"l": "Eggs", "v": 0.0014389886978135593}, {"l": "Milk - Excluding Butter", "v": 0.030205373049343186}, {"l": "Offals, Edible", "v": 0.0039098837644539475}, {"l": "Meat, Other", "v": 0.0045540408597471264}, {"l": "Mutton & Goat Meat", "v": 0.0099082768689267749}]}, {"source": 9, "prod": 62.0, "target": 2, "value": 0.038253709686425746, "supply": [{"l": "Fats, Animals, Raw", "v": 0.0097961922889615409}, {"l": "Beer", "v": 0.017078743820719715}, {"l": "Beverages, Fermented", "v": 0.011378773576744487}]}, {"source": 9, "prod": 4.0, "target": 8, "value": 0.04088845477131773, "supply": [{"l": "Oilcrops Oil, Other", "v": 0.04088845477131773}]}, {"source": 9, "prod": 28.0, "target": 6, "value": 0.11324268319972687, "supply": [{"l": "Sweeteners, Other", "v": 0.0057022611831268662}, {"l": "Sugar", "v": 0.10754042201660001}]}, {"source": 5, "prod": 80.0, "target": 16, "value": 0.39962602011480508, "supply": [{"l": "Vegetables, Other", "v": 0.10111333314}, {"l": "Peas", "v": 0.01568999997}, {"l": "Potatoes", "v": 0.033123333269999999}, {"l": "Beans", "v": 0.020919999960000005}]}, {"source": 0, "prod": 506.0, "target": 16, "value": 1.8658143957845059, "supply": [{"l": "Maize", "v": 1.0215933313799999}, {"l": "Barley", "v": 0.017433333300000003}, {"l": "Rice", "v": 0.0069733333199999996}, {"l": "Wheat", "v": 0.31728666606}, {"l": "Oats", "v": 0.0069733333199999996}, {"l": "Sorghum", "v": 0.39399333258000008}]}, {"source": 10, "prod": 0.5, "target": 16, "value": 0.0030321547561071431, "supply": [{"l": "Oilcrops, Other", "v": 0.0030321547561071431}]}, {"source": 17, "prod": 0, "target": 5, "value": 0.00014127673452692785, "supply": "[{\"l\":'Energy for power irrigation',\"v\":0.00014127673452692785}]"}, {"source": 17, "prod": 0, "target": 0, "value": 0.00044678767294140939, "supply": "[{\"l\":'Energy for power irrigation',\"v\":0.00044678767294140939}]"}, {"source": 17, "prod": 0, "target": 9, "value": 0.0005510565470938912, "supply": "[{\"l\":'Electricity',\"v\":0.0005510565470938912}]"}, {"source": 18, "prod": 0, "target": 17, "value": 0.00061033753821657924, "supply": [{"l": "Coal", "v": 2.0552186374972444e-05}, {"l": "Natural gas", "v": 0.00016489335000566697}, {"l": "Oil", "v": 0.00042489200183593978}]}, {"source": 19, "prod": 0, "target": 17, "value": 0.00089632761326657526, "supply": [{"l": "Nuclear", "v": 0.0}, {"l": "Hydroelectric", "v": 0.00089378381870148138}, {"l": "Renewable", "v": 2.5437945650938968e-06}]}, {"source": 18, "prod": 0, "target": 5, "value": 0.00061003738179737509, "supply": [{"l": "Other fossil fuels", "v": 0.00061003738179737509}]}, {"source": 18, "prod": 0, "target": 0, "value": 0.0019292432199341986, "supply": [{"l": "Other fossil fuels", "v": 0.0019292432199341986}]}, {"source": 20, "prod": 1.1667535184922453, "target": 5, "value": 0.0064623575883703032, "supply": [{"l": "Potash", "v": 0.00093300873126870632}, {"l": "Phosphate", "v": 0.016833333346799997}, {"l": "Nitrogen", "v": 0.009173611118449998}]}, {"source": 20, "prod": 3.689858002231726, "target": 0, "value": 0.020437205873221086, "supply": [{"l": "Potash", "v": 0.00093300873126870632}, {"l": "Phosphate", "v": 0.016833333346799997}, {"l": "Nitrogen", "v": 0.009173611118449998}]}, {"source": 18, "prod": 0, "target": 20, "value": 0.031889596571135007, "supply": [{"l": "Natural gas (including LNG)", "v": 0.022642098521014644}, {"l": "Fuel oil", "v": 0.0076258679287665608}, {"l": "Liquefied petroleum gas (LPG)", "v": 0.00081081506067690046}, {"l": "Coal", "v": 0.00081081506067690046}]}, {"source": 21, "prod": 0, "target": 0, "value": 0.11948993758448545, "supply": "[{\"l\":'Labor',\"v\":0.11948993758448545}]"}, {"source": 21, "prod": 0, "target": 10, "value": 0.00023614612170846927, "supply": "[{\"l\":'Labor',\"v\":0.00023614612170846927}]"}, {"source": 21, "prod": 0, "target": 5, "value": 0.037783379473355083, "supply": "[{\"l\":'Labor',\"v\":0.037783379473355083}]"}, {"source": 18, "prod": 0, "target": 12, "value": 0.74775342360269659, "supply": "[{\"l\":'Fossil Fuels',\"v\":0.74775342360269659}]"}, {"source": 19, "prod": 0, "target": 12, "value": 4.2315703238597075, "supply": "[{\"l\":'Renewables & Nuclear',\"v\":0.093000687911221527},{\"l\":'Biomass & Waste',\"v\":4.1385696359484863}]"}]}