{"nodes": [{"layer": 5, "name": "Cereals", "fill": "#e7ba52"}, {"layer": 10, "name": "Feed", "fill": "#dbdb8d"}, {"layer": 13, "name": "Other Processed", "fill": "#9c9ede"}, {"layer": 16, "name": "Food", "fill": "#b5cf6b"}, {"layer": 13, "name": "Animal Products", "fill": "#17becf"}, {"layer": 13, "name": "Sugar", "fill": "#d6616b"}, {"layer": 5, "name": "Starchy Roots"}, {"layer": 5, "name": "Fruits & Vegetables"}, {"layer": 13, "name": "Vegetable Oils", "fill": "#f7b6d2"}, {"layer": 10, "name": "Processing", "fill": "#9edae5"}, {"name": "Waste", "fill": "#c7c7c7"}, {"layer": 2, "name": "Import", "fill": "#aec7e8"}, {"layer": 16, "name": "Export", "fill": "#aec7e8"}, {"layer": 16, "name": "Stock Deposit", "fill": "#c7c7c7"}, {"layer": 0, "name": "Stock Draw", "fill": "#c7c7c7"}, {"layer": 2, "name": "Electricity", "fill": "#bcbd22"}, {"layer": 0, "name": "Fossil Fuels", "fill": "#c49c94"}, {"layer": 0, "name": "Renewables & Nuclear", "fill": "#2ca02c"}, {"layer": 2, "name": "Fertilizers", "fill": "#c5b0d5"}, {"layer": 0, "name": "Labor", "fill": "#7f7f7f"}], "links": [{"source": 0, "prod": 14.0, "target": 1, "value": 0.05118075933190773, "supply": [{"l": "Maize", "v": 0.044345846953500467}, {"l": "Sorghum", "v": 0.0068349123784072615}]}, {"source": 2, "prod": 30.0, "target": 3, "value": 0.023966917016843278, "supply": [{"l": "Beer", "v": 0.0013335130864554976}, {"l": "Fats, Animals, Raw", "v": 0.0094333703523333343}, {"l": "Beverages, Fermented", "v": 0.0093409275248271719}, {"l": "Beverages, Alcoholic", "v": 0.003859106053227273}]}, {"source": 4, "prod": 50.0, "target": 3, "value": 0.063732037370900482, "supply": [{"l": "Pigmeat", "v": 0.007174676042619719}, {"l": "Milk - Excluding Butter", "v": 0.017557824093693331}, {"l": "Meat, Other", "v": 0.0038205149926950005}, {"l": "Mutton & Goat Meat", "v": 0.0083331735791397216}, {"l": "Bovine Meat", "v": 0.020005250919603448}, {"l": "Eggs", "v": 0.0015869221153457943}, {"l": "Poultry Meat", "v": 0.001326567705796875}, {"l": "Offals, Edible", "v": 0.0039271079220066082}]}, {"source": 0, "prod": 215.0, "target": 3, "value": 0.76234052417736531, "supply": [{"l": "Maize", "v": 0.41389457156600445}, {"l": "Oats", "v": 0.002122508329275}, {"l": "Sorghum", "v": 0.099106229486905284}, {"l": "Cereals, Other", "v": 0.0035375138821250002}, {"l": "Wheat", "v": 0.24367970091305563}]}, {"source": 5, "prod": 23.0, "target": 3, "value": 0.09387855675358811, "supply": [{"l": "Sugar", "v": 0.091949003726974468}, {"l": "Sweeteners, Other", "v": 0.0019295530266136365}]}, {"source": 6, "prod": 6.0, "target": 3, "value": 0.0044338665292398462, "supply": [{"l": "Potatoes", "v": 0.0044338665292398462}]}, {"source": 7, "prod": 49.0, "target": 3, "value": 0.053557438585465474, "supply": [{"l": "Fruits, Other", "v": 0.0084035264274061137}, {"l": "Beans", "v": 0.015388185387243751}, {"l": "Vegetables, Other", "v": 0.0047753295744493787}, {"l": "Peas", "v": 0.023526598348590368}, {"l": "Oranges, Mandarines", "v": 0.001463798847775862}]}, {"source": 8, "prod": 2.0, "target": 3, "value": 0.020766987969884895, "supply": [{"l": "Oilcrops Oil, Other", "v": 0.020766987969884895}]}, {"source": 0, "prod": 5.0, "target": 9, "value": 0.017087280946018156, "supply": [{"l": "Sorghum", "v": 0.017087280946018156}]}, {"source": 7, "prod": 2.0, "target": 7, "value": 0.0077681460715759987, "supply": [{"l": "Peas", "v": 0.0039210997247650604}, {"l": "Beans", "v": 0.0038470463468109378}]}, {"source": 0, "prod": 7.0, "target": 0, "value": 0.024313175944545608, "supply": [{"l": "Maize", "v": 0.007390974492250079}, {"l": "Wheat", "v": 0.016922201452295529}]}, {"source": 6, "prod": 1.0, "target": 10, "value": 0.00073897775487330756, "supply": [{"l": "Potatoes", "v": 0.00073897775487330756}]}, {"source": 7, "prod": 4.0, "target": 10, "value": 0.0015531070744204357, "supply": [{"l": "Fruits, Other", "v": 0.0010504408034257642}, {"l": "Vegetables, Other", "v": 0.00050266627099467139}]}, {"source": 4, "prod": 1.0, "target": 10, "value": 0.0006753009266805127, "supply": [{"l": "Milk - Excluding Butter", "v": 0.0006753009266805127}]}, {"source": 0, "prod": 20.0, "target": 10, "value": 0.070408292745721274, "supply": [{"l": "Maize", "v": 0.029563897969000316}, {"l": "Wheat", "v": 0.016922201452295529}, {"l": "Sorghum", "v": 0.023922193324425418}]}, {"source": 11, "prod": 28.0, "target": 9, "value": 0.11983816386315578, "supply": [{"l": "Sweeteners, Other", "v": 0.0019295530266136365}, {"l": "Sugar", "v": 0.091949003726974468}, {"l": "Beer", "v": 0.0013335130864554976}, {"l": "Beverages, Alcoholic", "v": 0.003859106053227273}, {"l": "Oilcrops Oil, Other", "v": 0.020766987969884895}]}, {"source": 11, "prod": 82.0, "target": 0, "value": 0.28938401016141924, "supply": [{"l": "Maize", "v": 0.13673302810662644}, {"l": "Wheat", "v": 0.12860873103744605}, {"l": "Cereals, Other", "v": 0.0035375138821250002}, {"l": "Sorghum", "v": 0.020504737135221787}]}, {"source": 11, "prod": 11.0, "target": 1, "value": 0.0083399313821509221, "supply": [{"l": "Eggs", "v": 0.0015869221153457943}, {"l": "Milk - Excluding Butter", "v": 0.0067530092668051274}]}, {"source": 11, "prod": 11.0, "target": 7, "value": 0.010762497863054086, "supply": [{"l": "Vegetables, Other", "v": 0.0010053325419893428}, {"l": "Fruits, Other", "v": 0.0005252204017128821}, {"l": "Peas", "v": 0.0039210997247650604}, {"l": "Beans", "v": 0.0038470463468109378}, {"l": "Oranges, Mandarines", "v": 0.001463798847775862}]}, {"source": 11, "prod": 2.0, "target": 6, "value": 0.0014779555097466151, "supply": [{"l": "Potatoes", "v": 0.0014779555097466151}]}, {"source": 7, "prod": 6.0, "target": 12, "value": 0.023082278080865624, "supply": [{"l": "Beans", "v": 0.023082278080865624}]}, {"source": 0, "prod": 1.0, "target": 13, "value": 0.0033844402904591058, "supply": [{"l": "Wheat", "v": 0.0033844402904591058}]}, {"source": 7, "prod": 3.0, "target": 13, "value": 0.011541139040432812, "supply": [{"l": "Beans", "v": 0.011541139040432812}]}, {"source": 14, "prod": 27.0, "target": 0, "value": 0.099778155645376079, "supply": [{"l": "Maize", "v": 0.099778155645376079}]}, {"source": 1, "prod": 51.0, "target": 4, "value": 0.064407338297580996, "supply": [{"l": "Poultry Meat", "v": 0.001326567705796875}, {"l": "Pigmeat", "v": 0.007174676042619719}, {"l": "Bovine Meat", "v": 0.020005250919603448}, {"l": "Eggs", "v": 0.0015869221153457943}, {"l": "Milk - Excluding Butter", "v": 0.018233125020373844}, {"l": "Offals, Edible", "v": 0.0039271079220066082}, {"l": "Meat, Other", "v": 0.0038205149926950005}, {"l": "Mutton & Goat Meat", "v": 0.0083331735791397216}]}, {"source": 9, "prod": 30.0, "target": 2, "value": 0.023966917016843278, "supply": [{"l": "Fats, Animals, Raw", "v": 0.0094333703523333343}, {"l": "Beer", "v": 0.0013335130864554976}, {"l": "Beverages, Alcoholic", "v": 0.003859106053227273}, {"l": "Beverages, Fermented", "v": 0.0093409275248271719}]}, {"source": 9, "prod": 2.0, "target": 8, "value": 0.020766987969884895, "supply": [{"l": "Oilcrops Oil, Other", "v": 0.020766987969884895}]}, {"source": 9, "prod": 23.0, "target": 5, "value": 0.09387855675358811, "supply": [{"l": "Sweeteners, Other", "v": 0.0019295530266136365}, {"l": "Sugar", "v": 0.091949003726974468}]}, {"source": 15, "prod": 0, "target": 6, "value": 1.2991486479245528e-05, "supply": "[{\"l\":'Energy for power irrigation',\"v\":1.2991486479245528e-05}]"}, {"source": 15, "prod": 0, "target": 7, "value": 0.00012666699317264389, "supply": "[{\"l\":'Energy for power irrigation',\"v\":0.00012666699317264389}]"}, {"source": 15, "prod": 0, "target": 0, "value": 0.00044928890740724109, "supply": "[{\"l\":'Energy for power irrigation',\"v\":0.00044928890740724109}]"}, {"source": 15, "prod": 0, "target": 9, "value": 0.00016243849897573569, "supply": "[{\"l\":'Electricity',\"v\":0.00016243849897573569}]"}, {"source": 16, "prod": 0, "target": 15, "value": 0.00041422435013874762, "supply": [{"l": "Coal", "v": 2.8021346359389975e-05}, {"l": "Natural gas", "v": 7.5653088710694893e-05}, {"l": "Oil", "v": 0.00031054991506866274}]}, {"source": 17, "prod": 0, "target": 15, "value": 0.00058991776508301357, "supply": [{"l": "Nuclear", "v": 0.0}, {"l": "Hydroelectric", "v": 0.00058775751477646988}, {"l": "Renewable", "v": 2.1602503065436717e-06}]}, {"source": 16, "prod": 0, "target": 6, "value": 5.404529416088331e-05, "supply": [{"l": "Other fossil fuels", "v": 5.404529416088331e-05}]}, {"source": 16, "prod": 0, "target": 7, "value": 0.0005269416180686123, "supply": [{"l": "Other fossil fuels", "v": 0.0005269416180686123}]}, {"source": 16, "prod": 0, "target": 0, "value": 0.001869066423063881, "supply": [{"l": "Other fossil fuels", "v": 0.001869066423063881}]}, {"source": 18, "prod": 0.035853316891390485, "target": 6, "value": 0.00023990186217604041, "supply": [{"l": "Potash", "v": 0.00032138441020383382}, {"l": "Phosphate", "v": 0.005050000004039999}, {"l": "Nitrogen", "v": 0.0055041666710699986}]}, {"source": 18, "prod": 0.34956983969105726, "target": 7, "value": 0.0023390431562163938, "supply": [{"l": "Potash", "v": 0.00032138441020383382}, {"l": "Phosphate", "v": 0.005050000004039999}, {"l": "Nitrogen", "v": 0.0055041666710699986}]}, {"source": 18, "prod": 1.2399272091605875, "target": 0, "value": 0.008296606066921397, "supply": [{"l": "Potash", "v": 0.00032138441020383382}, {"l": "Phosphate", "v": 0.005050000004039999}, {"l": "Nitrogen", "v": 0.0055041666710699986}]}, {"source": 16, "prod": 0, "target": 18, "value": 0.012902320971433042, "supply": [{"l": "Natural gas (including LNG)", "v": 0.0090441374000380312}, {"l": "Fuel oil", "v": 0.0028852054985827299}, {"l": "Liquefied petroleum gas (LPG)", "v": 0.00048648903640614031}, {"l": "Coal", "v": 0.00048648903640614031}]}, {"source": 19, "prod": 0, "target": 0, "value": 0.092255617387814709, "supply": "[{\"l\":'Labor',\"v\":0.092255617387814709}]"}, {"source": 19, "prod": 0, "target": 6, "value": 0.0026676323100091005, "supply": "[{\"l\":'Labor',\"v\":0.0026676323100091005}]"}, {"source": 19, "prod": 0, "target": 7, "value": 0.026009415022588731, "supply": "[{\"l\":'Labor',\"v\":0.026009415022588731}]"}, {"source": 16, "prod": 0, "target": 11, "value": 2.0782193342173159, "supply": "[{\"l\":'Fossil Fuels',\"v\":2.0782193342173159}]"}, {"source": 17, "prod": 0, "target": 11, "value": 13.063490035643341, "supply": "[{\"l\":'Renewables & Nuclear',\"v\":0.23924768096670479},{\"l\":'Biomass & Waste',\"v\":12.824242354676636}]"}]}