{"nodes": [{"layer": 5, "name": "Cereals - Excluding Beer"}, {"layer": 10, "name": "Feed", "fill": "#dbdb8d"}, {"layer": 13, "name": "Milk - Excluding Butter"}, {"layer": 16, "name": "Food", "fill": "#b5cf6b"}, {"layer": 13, "name": "Meat"}, {"layer": 13, "name": "Eggs"}, {"layer": 13, "name": "Alcoholic Beverages"}, {"layer": 5, "name": "Starchy Roots"}, {"layer": 5, "name": "Pulses"}, {"layer": 13, "name": "Sugar & Sweeteners"}, {"layer": 13, "name": "Vegetable Oils", "fill": "#f7b6d2"}, {"layer": 5, "name": "Vegetables"}, {"layer": 5, "name": "Fruits - Excluding Wine"}, {"layer": 10, "name": "Processing", "fill": "#9edae5"}, {"name": "Waste", "fill": "#c7c7c7"}, {"layer": 2, "name": "Import", "fill": "#aec7e8"}, {"layer": 16, "name": "Export", "fill": "#aec7e8"}, {"layer": 16, "name": "Stock Deposit", "fill": "#c7c7c7"}, {"layer": 0, "name": "Stock Draw", "fill": "#c7c7c7"}, {"name": "Crop Residue", "fill": "#bd9e39"}, {"layer": 2, "name": "Electricity", "fill": "#bcbd22"}, {"layer": 0, "name": "Fossil Fuels", "fill": "#c49c94"}, {"layer": 0, "name": "Renewables & Nuclear", "fill": "#2ca02c"}, {"layer": 2, "name": "Fertilizers", "fill": "#c5b0d5"}, {"layer": 0, "name": "Labor", "fill": "#7f7f7f"}], "links": [{"source": 0, "prod": 18.0, "target": 1, "value": 0.065934421296656137, "supply": [{"l": "Maize", "v": 0.059121019264050313}, {"l": "Sorghum", "v": 0.0068134020326058231}]}, {"source": 2, "prod": 16.0, "target": 3, "value": 0.010093414222186998, "supply": [{"l": "Milk - Excluding Butter", "v": 0.010093414222186998}]}, {"source": 4, "prod": 17.0, "target": 3, "value": 0.033665581400203787, "supply": [{"l": "Pigmeat", "v": 0.0073264246898832484}, {"l": "Meat, Other", "v": 0.0040960687056184218}, {"l": "Mutton & Goat Meat", "v": 0.0051828691761366284}, {"l": "Bovine Meat", "v": 0.013242686283171577}, {"l": "Poultry Meat", "v": 0.0013918087405081967}, {"l": "Offals, Edible", "v": 0.0024257238048857148}]}, {"source": 5, "prod": 1.0, "target": 3, "value": 0.0015436424212909091, "supply": [{"l": "Eggs", "v": 0.0015436424212909091}]}, {"source": 6, "prod": 34.0, "target": 3, "value": 0.01219221213320798, "supply": [{"l": "Beverages, Fermented", "v": 0.01219221213320798}]}, {"source": 7, "prod": 3.0, "target": 3, "value": 0.0024028396180471702, "supply": [{"l": "Potatoes", "v": 0.0024028396180471702}]}, {"source": 8, "prod": 7.0, "target": 3, "value": 0.027602999998221391, "supply": [{"l": "Beans", "v": 0.0039098837644539475}, {"l": "Peas", "v": 0.023693116233767443}]}, {"source": 9, "prod": 13.0, "target": 3, "value": 0.053646517983333461, "supply": [{"l": "Sugar", "v": 0.053646517983333461}]}, {"source": 0, "prod": 194.0, "target": 3, "value": 0.68604859708297017, "supply": [{"l": "Maize", "v": 0.36211624299230821}, {"l": "Oats", "v": 0.0022109461763281254}, {"l": "Barley", "v": 0.0028943295399204549}, {"l": "Sorghum", "v": 0.12945463861951062}, {"l": "Cereals, Other", "v": 0.0032653974296538461}, {"l": "Wheat", "v": 0.18610704232524891}]}, {"source": 10, "prod": 1.0, "target": 3, "value": 0.010412305011537736, "supply": [{"l": "Oilcrops Oil, Other", "v": 0.010412305011537736}]}, {"source": 11, "prod": 16.0, "target": 3, "value": 0.0042744031804153558, "supply": [{"l": "Vegetables, Other", "v": 0.0042744031804153558}]}, {"source": 12, "prod": 14.0, "target": 3, "value": 0.0070276661722096841, "supply": [{"l": "Fruits, Other", "v": 0.0061870688140809715}, {"l": "Oranges, Mandarines", "v": 0.00084059735812871299}]}, {"source": 0, "prod": 7.0, "target": 13, "value": 0.02384690711412038, "supply": [{"l": "Sorghum", "v": 0.02384690711412038}]}, {"source": 0, "prod": 12.0, "target": 0, "value": 0.041562007375621275, "supply": [{"l": "Sorghum", "v": 0.0034067010163029115}, {"l": "Maize", "v": 0.011085191112009434}, {"l": "Wheat", "v": 0.027070115247308929}]}, {"source": 8, "prod": 2.0, "target": 8, "value": 0.0078587364700818535, "supply": [{"l": "Peas", "v": 0.0039488527056279069}, {"l": "Beans", "v": 0.0039098837644539475}]}, {"source": 2, "prod": 1.0, "target": 14, "value": 0.00063083838888668739, "supply": [{"l": "Milk - Excluding Butter", "v": 0.00063083838888668739}]}, {"source": 0, "prod": 22.0, "target": 14, "value": 0.076828341510229908, "supply": [{"l": "Maize", "v": 0.025865445928022014}, {"l": "Wheat", "v": 0.020302586435481704}, {"l": "Sorghum", "v": 0.030660309146726197}]}, {"source": 11, "prod": 2.0, "target": 14, "value": 0.00053430039755191948, "supply": [{"l": "Vegetables, Other", "v": 0.00053430039755191948}]}, {"source": 12, "prod": 1.0, "target": 14, "value": 0.00051558906784008099, "supply": [{"l": "Fruits, Other", "v": 0.00051558906784008099}]}, {"source": 15, "prod": 63.0, "target": 0, "value": 0.22440318498985684, "supply": [{"l": "Maize", "v": 0.13302229334411322}, {"l": "Wheat", "v": 0.067675288118272323}, {"l": "Cereals, Other", "v": 0.0032653974296538461}, {"l": "Sorghum", "v": 0.020440206097817465}]}, {"source": 15, "prod": 3.0, "target": 12, "value": 0.001356186425968794, "supply": [{"l": "Oranges, Mandarines", "v": 0.00084059735812871299}, {"l": "Fruits, Other", "v": 0.00051558906784008099}]}, {"source": 15, "prod": 3.0, "target": 11, "value": 0.00080145059632787921, "supply": [{"l": "Vegetables, Other", "v": 0.00080145059632787921}]}, {"source": 15, "prod": 14.0, "target": 13, "value": 0.064058822994871201, "supply": [{"l": "Oilcrops Oil, Other", "v": 0.010412305011537736}, {"l": "Sugar", "v": 0.053646517983333461}]}, {"source": 0, "prod": 10.0, "target": 16, "value": 0.033837644059136161, "supply": [{"l": "Wheat", "v": 0.033837644059136161}]}, {"source": 8, "prod": 1.0, "target": 16, "value": 0.0039098837644539475, "supply": [{"l": "Beans", "v": 0.0039098837644539475}]}, {"source": 0, "prod": 18.0, "target": 17, "value": 0.066511146672056612, "supply": [{"l": "Maize", "v": 0.066511146672056612}]}, {"source": 18, "prod": 5.0, "target": 1, "value": 0.003154191944433437, "supply": [{"l": "Milk - Excluding Butter", "v": 0.003154191944433437}]}, {"source": 18, "prod": 5.0, "target": 0, "value": 0.016918822029568081, "supply": [{"l": "Wheat", "v": 0.016918822029568081}]}, {"source": 1, "prod": 17.0, "target": 2, "value": 0.010724252611073685, "supply": [{"l": "Milk - Excluding Butter", "v": 0.010724252611073685}]}, {"source": 1, "prod": 1.0, "target": 5, "value": 0.0015436424212909091, "supply": [{"l": "Eggs", "v": 0.0015436424212909091}]}, {"source": 1, "prod": 17.0, "target": 4, "value": 0.033665581400203787, "supply": [{"l": "Pigmeat", "v": 0.0073264246898832484}, {"l": "Bovine Meat", "v": 0.013242686283171577}, {"l": "Poultry Meat", "v": 0.0013918087405081967}, {"l": "Offals, Edible", "v": 0.0024257238048857148}, {"l": "Meat, Other", "v": 0.0040960687056184218}, {"l": "Mutton & Goat Meat", "v": 0.0051828691761366284}]}, {"source": 13, "prod": 13.0, "target": 9, "value": 0.053646517983333461, "supply": [{"l": "Sugar", "v": 0.053646517983333461}]}, {"source": 13, "prod": 1.0, "target": 10, "value": 0.010412305011537736, "supply": [{"l": "Oilcrops Oil, Other", "v": 0.010412305011537736}]}, {"source": 13, "prod": 34.0, "target": 6, "value": 0.01219221213320798, "supply": [{"l": "Beverages, Fermented", "v": 0.01219221213320798}]}, {"source": 7, "prod": 1.75, "target": 19, "value": 0.0061016666550000017, "supply": [{"l": "Potatoes", "v": 0.0061016666550000017}]}, {"source": 0, "prod": 494.0, "target": 19, "value": 1.8333311114628417, "supply": [{"l": "Maize", "v": 0.86817999834000004}, {"l": "Barley", "v": 0.0069733333200000004}, {"l": "Cereals, Other", "v": 0.0034866666600000002}, {"l": "Wheat", "v": 0.46372666577999999}, {"l": "Oats", "v": 0.0069733333200000013}, {"l": "Sorghum", "v": 0.37307333262000003}]}, {"source": 11, "prod": 16.5, "target": 19, "value": 0.057529999890000016, "supply": [{"l": "Vegetables, Other", "v": 0.057529999890000016}]}, {"source": 8, "prod": 9.0, "target": 19, "value": 0.031449156964661162, "supply": [{"l": "Peas", "v": 0.02266333329}, {"l": "Beans", "v": 0.0087166666500000014}]}, {"source": 20, "prod": 0, "target": 7, "value": 7.107985705886058e-06, "supply": "[{\"l\":'Energy for power irrigation',\"v\":7.107985705886058e-06}]"}, {"source": 20, "prod": 0, "target": 0, "value": 0.00050162070552967324, "supply": "[{\"l\":'Energy for power irrigation',\"v\":0.00050162070552967324}]"}, {"source": 20, "prod": 0, "target": 11, "value": 3.3509075470605704e-05, "supply": "[{\"l\":'Energy for power irrigation',\"v\":3.3509075470605704e-05}]"}, {"source": 20, "prod": 0, "target": 8, "value": 1.8277677529421294e-05, "supply": "[{\"l\":'Energy for power irrigation',\"v\":1.8277677529421294e-05}]"}, {"source": 20, "prod": 0, "target": 12, "value": 2.8431942823544232e-05, "supply": "[{\"l\":'Energy for power irrigation',\"v\":2.8431942823544232e-05}]"}, {"source": 20, "prod": 0, "target": 13, "value": 5.0186775842012471e-05, "supply": "[{\"l\":'Electricity',\"v\":5.0186775842012471e-05}]"}, {"source": 21, "prod": 0, "target": 20, "value": 0.00048609795726485745, "supply": [{"l": "Coal", "v": 3.4021728981136081e-05}, {"l": "Natural gas", "v": 6.0799970399101317e-05}, {"l": "Oil", "v": 0.00039127625788462004}]}, {"source": 22, "prod": 0, "target": 20, "value": 0.0004524553893067098, "supply": [{"l": "Nuclear", "v": 0.0}, {"l": "Hydroelectric", "v": 0.0004498347521148992}, {"l": "Renewable", "v": 2.620637191810607e-06}]}, {"source": 21, "prod": 0, "target": 7, "value": 2.6949517262938929e-05, "supply": [{"l": "Other fossil fuels", "v": 2.6949517262938929e-05}]}, {"source": 21, "prod": 0, "target": 0, "value": 0.0019018659325559758, "supply": [{"l": "Other fossil fuels", "v": 0.0019018659325559758}]}, {"source": 21, "prod": 0, "target": 11, "value": 0.00012704772423956923, "supply": [{"l": "Other fossil fuels", "v": 0.00012704772423956923}]}, {"source": 21, "prod": 0, "target": 8, "value": 6.9298758676128675e-05, "supply": [{"l": "Other fossil fuels", "v": 6.9298758676128675e-05}]}, {"source": 21, "prod": 0, "target": 12, "value": 0.00010779806905175571, "supply": [{"l": "Other fossil fuels", "v": 0.00010779806905175571}]}, {"source": 23, "prod": 0.0045801528907291455, "target": 7, "value": 2.0983003122739181e-05, "supply": [{"l": "Potash", "v": 0.00013203613047187523}, {"l": "Phosphate", "v": 0.0013130000010503999}, {"l": "Nitrogen", "v": 0.00029355555579039995}]}, {"source": 23, "prod": 0.32322793257431398, "target": 0, "value": 0.0014808005060904508, "supply": [{"l": "Potash", "v": 0.00013203613047187523}, {"l": "Phosphate", "v": 0.0013130000010503999}, {"l": "Nitrogen", "v": 0.00029355555579039995}]}, {"source": 23, "prod": 0.021592149342008829, "target": 11, "value": 9.8919871864341851e-05, "supply": [{"l": "Potash", "v": 0.00013203613047187523}, {"l": "Phosphate", "v": 0.0013130000010503999}, {"l": "Nitrogen", "v": 0.00029355555579039995}]}, {"source": 23, "prod": 0.011777536004732088, "target": 8, "value": 5.3956293744186462e-05, "supply": [{"l": "Potash", "v": 0.00013203613047187523}, {"l": "Phosphate", "v": 0.0013130000010503999}, {"l": "Nitrogen", "v": 0.00029355555579039995}]}, {"source": 23, "prod": 0.018320611562916582, "target": 12, "value": 8.3932012490956723e-05, "supply": [{"l": "Potash", "v": 0.00013203613047187523}, {"l": "Phosphate", "v": 0.0013130000010503999}, {"l": "Nitrogen", "v": 0.00029355555579039995}]}, {"source": 21, "prod": 0, "target": 23, "value": 0.0021217807385176231, "supply": [{"l": "Natural gas (including LNG)", "v": 0.0014937658049249587}, {"l": "Fuel oil", "v": 0.00057612276970934269}, {"l": "Liquefied petroleum gas (LPG)", "v": 2.5946081941660815e-05}, {"l": "Coal", "v": 2.5946081941660815e-05}]}, {"source": 24, "prod": 0, "target": 7, "value": 0.0012116698091201997, "supply": "[{\"l\":'Labor',\"v\":0.0012116698091201997}]"}, {"source": 24, "prod": 0, "target": 8, "value": 0.0031157223663090851, "supply": "[{\"l\":'Labor',\"v\":0.0031157223663090851}]"}, {"source": 24, "prod": 0, "target": 0, "value": 0.085509269386482664, "supply": "[{\"l\":'Labor',\"v\":0.085509269386482664}]"}, {"source": 24, "prod": 0, "target": 11, "value": 0.0057121576715666563, "supply": "[{\"l\":'Labor',\"v\":0.0057121576715666563}]"}, {"source": 24, "prod": 0, "target": 12, "value": 0.0048466792364807989, "supply": "[{\"l\":'Labor',\"v\":0.0048466792364807989}]"}, {"source": 21, "prod": 0, "target": 15, "value": 4.3105284453643211, "supply": "[{\"l\":'Fossil Fuels',\"v\":4.3105284453643211}]"}, {"source": 22, "prod": 0, "target": 15, "value": 25.025627003556227, "supply": "[{\"l\":'Renewables & Nuclear',\"v\":0.30744112651165006},{\"l\":'Biomass & Waste',\"v\":24.718185877044576}]"}]}