{"nodes": [{"layer": 13, "name": "Animal Products", "fill": "#17becf"}, {"layer": 10, "name": "Feed", "fill": "#dbdb8d"}, {"layer": 5, "name": "Cereals", "fill": "#e7ba52"}, {"layer": 13, "name": "Other Processed", "fill": "#9c9ede"}, {"layer": 16, "name": "Food", "fill": "#b5cf6b"}, {"layer": 5, "name": "Oilcrops", "fill": "#ff9896"}, {"layer": 13, "name": "Sugar", "fill": "#d6616b"}, {"layer": 5, "name": "Starchy Roots"}, {"layer": 5, "name": "Fruits & Vegetables"}, {"layer": 5, "name": "Others"}, {"layer": 13, "name": "Aquatic Products", "fill": "#1f77b4"}, {"layer": 13, "name": "Vegetable Oils", "fill": "#f7b6d2"}, {"layer": 5, "name": "Sugar Crops", "fill": "#ffbb78"}, {"layer": 10, "name": "Processing", "fill": "#9edae5"}, {"layer": 16, "name": "Biofuels & Other", "fill": "#e7ba52"}, {"name": "Waste", "fill": "#c7c7c7"}, {"layer": 2, "name": "Import", "fill": "#aec7e8"}, {"layer": 16, "name": "Export", "fill": "#aec7e8"}, {"layer": 16, "name": "Stock Deposit", "fill": "#c7c7c7"}, {"layer": 0, "name": "Stock Draw", "fill": "#c7c7c7"}, {"name": "Crop Residue", "fill": "#bd9e39"}, {"layer": 2, "name": "Electricity", "fill": "#bcbd22"}, {"layer": 0, "name": "Fossil Fuels", "fill": "#c49c94"}, {"layer": 0, "name": "Renewables & Nuclear", "fill": "#2ca02c"}, {"layer": 2, "name": "Fertilizers", "fill": "#c5b0d5"}, {"layer": 0, "name": "Labor", "fill": "#7f7f7f"}], "links": [{"source": 0, "prod": 9.0, "target": 1, "value": 0.0065260138967459733, "supply": [{"l": "Milk - Excluding Butter", "v": 0.0065260138967459733}]}, {"source": 2, "prod": 80.0, "target": 1, "value": 0.32489694508324951, "supply": [{"l": "Maize", "v": 0.32489694508324951}]}, {"source": 3, "prod": 433.0, "target": 4, "value": 0.46493982953497481, "supply": [{"l": "Beer", "v": 0.1458125544549275}, {"l": "Beverages, Alcoholic", "v": 0.014982411736058824}, {"l": "Fats, Animals, Raw", "v": 0.14456002675062163}, {"l": "Butter, Ghee", "v": 0.094333703523333354}, {"l": "Wine", "v": 0.00056516493974778095}, {"l": "Beverages, Fermented", "v": 0.064685968130285723}]}, {"source": 0, "prod": 1440.0, "target": 4, "value": 1.7504298565951164, "supply": [{"l": "Meat, Other", "v": 0.14582118292729007}, {"l": "Eggs", "v": 0.097842457129993912}, {"l": "Mutton & Goat Meat", "v": 0.2267280573699538}, {"l": "Pigmeat", "v": 0.0014582118292729006}, {"l": "Poultry Meat", "v": 0.064407149302137937}, {"l": "Milk - Excluding Butter", "v": 0.56631298370651173}, {"l": "Offals, Edible", "v": 0.11275825499273438}, {"l": "Bovine Meat", "v": 0.5351015593372217}]}, {"source": 2, "prod": 4150.0, "target": 4, "value": 16.003295195413717, "supply": [{"l": "Maize", "v": 3.7525597157115316}, {"l": "Barley", "v": 1.8615173121008062}, {"l": "Rice", "v": 0.0169800666342}, {"l": "Cereals, Other", "v": 3.7719832393622084}, {"l": "Wheat", "v": 2.3617363686597943}, {"l": "Oats", "v": 0.033353702317178574}, {"l": "Sorghum", "v": 3.623161104824927}, {"l": "Millet", "v": 0.58200368580307005}]}, {"source": 5, "prod": 132.0, "target": 4, "value": 0.69539889818779088, "supply": [{"l": "Sesame seed", "v": 0.19185270093187015}, {"l": "Oilcrops, Other", "v": 0.38743250630146486}, {"l": "Soyabeans", "v": 0.063675249878250004}, {"l": "Groundnuts", "v": 0.052438441076205891}]}, {"source": 6, "prod": 133.0, "target": 4, "value": 0.53527144825754824, "supply": [{"l": "Sugar", "v": 0.46996349966447126}, {"l": "Honey", "v": 0.065307948593076925}]}, {"source": 7, "prod": 1761.0, "target": 4, "value": 2.6372333507262766, "supply": [{"l": "Roots, Other", "v": 2.0384376410535539}, {"l": "Yams", "v": 0.25874387252114284}, {"l": "Potatoes", "v": 0.21063059756164124}, {"l": "Sweet potatoes", "v": 0.12942123958993901}]}, {"source": 8, "prod": 1155.0, "target": 4, "value": 2.3746699056387754, "supply": [{"l": "Tomatoes", "v": 0.016265951682294392}, {"l": "Treenuts", "v": 0.11291744311743}, {"l": "Vegetables, Other", "v": 0.096978204835493728}, {"l": "Peas", "v": 0.29146196851487632}, {"l": "Grapes", "v": 0.0016656008492901759}, {"l": "Beans", "v": 0.048692838142191185}, {"l": "Pulses, Other", "v": 1.6985803143198042}, {"l": "Lemons, Limes", "v": 0.0027760014154836273}, {"l": "Bananas", "v": 0.032342984065142862}, {"l": "Fruits, Other", "v": 0.048489102417746864}, {"l": "Oranges, Mandarines", "v": 0.0083280042464508805}, {"l": "Onions", "v": 0.016171492032571431}]}, {"source": 9, "prod": 252.0, "target": 4, "value": 0.53476542618402356, "supply": [{"l": "Nuts", "v": 0.11291744311743}, {"l": "Coffee", "v": 0.064822551677858109}, {"l": "Pimento", "v": 0.35645178048893134}, {"l": "Tea", "v": 0.00057365089980405406}]}, {"source": 10, "prod": 8.0, "target": 4, "value": 0.0072565975438471843, "supply": [{"l": "Freshwater Fish", "v": 0.0022473617604088238}, {"l": "Pelagic Fish", "v": 0.0011061932660716613}, {"l": "Fish, Seafood", "v": 0.0039030425173666992}]}, {"source": 11, "prod": 33.0, "target": 4, "value": 0.34043878494997248, "supply": [{"l": "Groundnut Oil", "v": 0.028300111057000001}, {"l": "Rape and Mustard Oil", "v": 0.063675249878250004}, {"l": "Oilcrops Oil, Other", "v": 0.19752322411212245}, {"l": "Sesameseed Oil", "v": 0.0169800666342}, {"l": "Cottonseed Oil", "v": 0.0339601332684}]}, {"source": 12, "prod": 1295.0, "target": 13, "value": 0.47119684909905002, "supply": [{"l": "Sugar cane", "v": 0.47119684909905002}]}, {"source": 8, "prod": 1.0, "target": 13, "value": 0.00055520028309672537, "supply": [{"l": "Grapes", "v": 0.00055520028309672537}]}, {"source": 2, "prod": 96.0, "target": 13, "value": 0.33323664944574954, "supply": [{"l": "Barley", "v": 0.22968998141943647}, {"l": "Millet", "v": 0.10354666802631309}]}, {"source": 5, "prod": 141.0, "target": 13, "value": 0.73743730194846135, "supply": [{"l": "Rape and Mustardseed", "v": 0.10258854964836768}, {"l": "Groundnuts", "v": 0.037456029340147065}, {"l": "Cottonseed", "v": 0.15958218834190527}, {"l": "Oilcrops, Other", "v": 0.41134809311019721}, {"l": "Sesame seed", "v": 0.026462441507844159}]}, {"source": 11, "prod": 11.0, "target": 14, "value": 0.11437189664949694, "supply": [{"l": "Palm Oil", "v": 0.010412305011537736}, {"l": "Oilcrops Oil, Other", "v": 0.1039595916379592}]}, {"source": 7, "prod": 61.0, "target": 7, "value": 0.060988745333526065, "supply": [{"l": "Potatoes", "v": 0.028645761268383207}, {"l": "Yams", "v": 0.032342984065142855}]}, {"source": 8, "prod": 53.0, "target": 8, "value": 0.2120932441721263, "supply": [{"l": "Peas", "v": 0.023632051501206189}, {"l": "Beans", "v": 0.0037456029340147061}, {"l": "Pulses, Other", "v": 0.18471558973690541}]}, {"source": 0, "prod": 6.0, "target": 0, "value": 0.0093183292504756092, "supply": [{"l": "Eggs", "v": 0.0093183292504756092}]}, {"source": 2, "prod": 178.0, "target": 2, "value": 0.6620059793583799, "supply": [{"l": "Maize", "v": 0.093407871711434234}, {"l": "Wheat", "v": 0.13202252992508165}, {"l": "Oats", "v": 0.0030321547561071431}, {"l": "Millet", "v": 0.017852873797640188}, {"l": "Barley", "v": 0.2159771467078283}, {"l": "Sorghum", "v": 0.058817550403002059}, {"l": "Cereals, Other", "v": 0.14089585205728633}]}, {"source": 5, "prod": 15.0, "target": 5, "value": 0.07807918394637034, "supply": [{"l": "Cottonseed", "v": 0.0056993638693537598}, {"l": "Groundnuts", "v": 0.014982411736058824}, {"l": "Oilcrops, Other", "v": 0.057397408340957752}]}, {"source": 0, "prod": 32.0, "target": 15, "value": 0.026515373845748993, "supply": [{"l": "Milk - Excluding Butter", "v": 0.02030315434543192}, {"l": "Eggs", "v": 0.0062122195003170731}]}, {"source": 2, "prod": 234.0, "target": 15, "value": 0.90079644242301271, "supply": [{"l": "Maize", "v": 0.21930543793119345}, {"l": "Barley", "v": 0.11998730372657128}, {"l": "Sorghum", "v": 0.19213733131647343}, {"l": "Cereals, Other", "v": 0.20530538442633151}, {"l": "Wheat", "v": 0.12835523742716273}, {"l": "Millet", "v": 0.035705747595280377}]}, {"source": 5, "prod": 7.0, "target": 15, "value": 0.034776213844243439, "supply": [{"l": "Soyabeans", "v": 0.00424501665855}, {"l": "Sesame seed", "v": 0.0066156103769610397}, {"l": "Oilcrops, Other", "v": 0.0239155868087324}]}, {"source": 7, "prod": 172.0, "target": 15, "value": 0.27147389114701398, "supply": [{"l": "Roots, Other", "v": 0.22649307122817264}, {"l": "Potatoes", "v": 0.012637835853698477}, {"l": "Yams", "v": 0.032342984065142855}]}, {"source": 8, "prod": 99.0, "target": 15, "value": 0.15426963051459672, "supply": [{"l": "Beans", "v": 0.0037456029340147061}, {"l": "Lemons, Limes", "v": 0.00055520028309672537}, {"l": "Tomatoes", "v": 0.0019836526441822429}, {"l": "Bananas", "v": 0.0040428730081428577}, {"l": "Treenuts", "v": 0.0059430233219700005}, {"l": "Fruits, Other", "v": 0.0053284727931589958}, {"l": "Vegetables, Other", "v": 0.010390521946660044}, {"l": "Peas", "v": 0.015754701000804127}, {"l": "Oranges, Mandarines", "v": 0.0011104005661934507}, {"l": "Onions", "v": 0.0010107182520357144}, {"l": "Pulses, Other", "v": 0.10440446376433785}]}, {"source": 9, "prod": 17.0, "target": 15, "value": 0.029502121344457108, "supply": [{"l": "Nuts", "v": 0.0059430233219700005}, {"l": "Coffee", "v": 0.0057365089980405404}, {"l": "Pimento", "v": 0.017822589024446566}]}, {"source": 16, "prod": 1.0, "target": 9, "value": 0.00057365089980405406, "supply": [{"l": "Tea", "v": 0.00057365089980405406}]}, {"source": 16, "prod": 33.0, "target": 1, "value": 0.024560446206427243, "supply": [{"l": "Pelagic Fish", "v": 0.0011061932660716613}, {"l": "Fish, Seafood", "v": 0.0009757606293416748}, {"l": "Milk - Excluding Butter", "v": 0.022478492311013908}]}, {"source": 16, "prod": 5.0, "target": 13, "value": 0.036897672173922848, "supply": [{"l": "Sugar", "v": 0.0041589690235793921}, {"l": "Beverages, Alcoholic", "v": 0.002497068622676471}, {"l": "Palm Oil", "v": 0.010412305011537736}, {"l": "Oilcrops Oil, Other", "v": 0.010395959163795918}, {"l": "Butter, Ghee", "v": 0.0094333703523333343}]}, {"source": 16, "prod": 229.0, "target": 2, "value": 0.8388442923569166, "supply": [{"l": "Maize", "v": 0.0081224236270812378}, {"l": "Wheat", "v": 0.75546225457130067}, {"l": "Barley", "v": 0.058279547524334625}, {"l": "Rice", "v": 0.0169800666342}]}, {"source": 16, "prod": 2.0, "target": 8, "value": 0.0010880475624126251, "supply": [{"l": "Fruits, Other", "v": 0.00053284727931589965}, {"l": "Grapes", "v": 0.00055520028309672537}]}, {"source": 16, "prod": 2.0, "target": 7, "value": 0.0016850447804931299, "supply": [{"l": "Potatoes", "v": 0.0016850447804931299}]}, {"source": 8, "prod": 27.0, "target": 17, "value": 0.094279997320315972, "supply": [{"l": "Pulses, Other", "v": 0.08834223856982433}, {"l": "Vegetables, Other", "v": 0.00026642363965794982}, {"l": "Peas", "v": 0.0039386752502010318}, {"l": "Bananas", "v": 0.0017326598606326531}]}, {"source": 5, "prod": 13.0, "target": 17, "value": 0.077756716332027992, "supply": [{"l": "Cottonseed", "v": 0.039895547085476317}, {"l": "Oilcrops, Other", "v": 0.0047831173617464791}, {"l": "Sesame seed", "v": 0.033078051884805199}]}, {"source": 9, "prod": 67.0, "target": 17, "value": 0.038434610286871618, "supply": [{"l": "Coffee", "v": 0.038434610286871618}]}, {"source": 6, "prod": 62.0, "target": 18, "value": 0.25785607946192229, "supply": [{"l": "Sugar", "v": 0.25785607946192229}]}, {"source": 19, "prod": 510.0, "target": 2, "value": 2.0004927793873128, "supply": [{"l": "Sorghum", "v": 1.0979276075227054}, {"l": "Maize", "v": 0.60918177203109292}, {"l": "Wheat", "v": 0.2933833998335148}]}, {"source": 1, "prod": 8.0, "target": 10, "value": 0.0072565975438471843, "supply": [{"l": "Freshwater Fish", "v": 0.0022473617604088238}, {"l": "Pelagic Fish", "v": 0.0011061932660716613}, {"l": "Fish, Seafood", "v": 0.0039030425173666992}]}, {"source": 1, "prod": 1481.0, "target": 0, "value": 1.7834712443376115, "supply": [{"l": "Poultry Meat", "v": 0.064407149302137937}, {"l": "Pigmeat", "v": 0.0014582118292729006}, {"l": "Bovine Meat", "v": 0.5351015593372217}, {"l": "Eggs", "v": 0.1133730058807866}, {"l": "Milk - Excluding Butter", "v": 0.59314215194868969}, {"l": "Offals, Edible", "v": 0.11275825499273438}, {"l": "Meat, Other", "v": 0.14582118292729007}, {"l": "Mutton & Goat Meat", "v": 0.2267280573699538}]}, {"source": 13, "prod": 433.0, "target": 3, "value": 0.46493982953497481, "supply": [{"l": "Fats, Animals, Raw", "v": 0.14456002675062163}, {"l": "Beverages, Fermented", "v": 0.064685968130285723}, {"l": "Beer", "v": 0.1458125544549275}, {"l": "Beverages, Alcoholic", "v": 0.014982411736058824}, {"l": "Butter, Ghee", "v": 0.094333703523333354}, {"l": "Wine", "v": 0.00056516493974778095}]}, {"source": 13, "prod": 44.0, "target": 11, "value": 0.45481068159946941, "supply": [{"l": "Sesameseed Oil", "v": 0.0169800666342}, {"l": "Rape and Mustard Oil", "v": 0.063675249878250004}, {"l": "Palm Oil", "v": 0.010412305011537736}, {"l": "Groundnut Oil", "v": 0.028300111057000001}, {"l": "Cottonseed Oil", "v": 0.0339601332684}, {"l": "Oilcrops Oil, Other", "v": 0.30148281575008162}]}, {"source": 13, "prod": 195.0, "target": 6, "value": 0.79312752771947048, "supply": [{"l": "Honey", "v": 0.065307948593076925}, {"l": "Sugar", "v": 0.7278195791263935}]}, {"source": 7, "prod": 996.25, "target": 20, "value": 4.634454504783422, "supply": [{"l": "Roots, Other", "v": 2.2663333290000005}, {"l": "Yams", "v": 0.47069999909999999}, {"l": "Potatoes", "v": 0.51864166567500003}, {"l": "Sweet potatoes", "v": 0.21791666624999997}]}, {"source": 12, "prod": 518.0, "target": 20, "value": 0.18847873963962003, "supply": [{"l": "Sugar cane", "v": 0.18847873963962003}]}, {"source": 8, "prod": 1333.5, "target": 20, "value": 17.125755522625266, "supply": [{"l": "Tomatoes", "v": 0.15864333303}, {"l": "Vegetables, Other", "v": 1.4086133306400002}, {"l": "Peas", "v": 0.29810999942999999}, {"l": "Beans", "v": 0.052299999899999998}, {"l": "Pulses, Other", "v": 1.80260666322}, {"l": "Onions", "v": 0.11854666644000002}]}, {"source": 2, "prod": 8735.0, "target": 20, "value": 30.877882712449896, "supply": [{"l": "Maize", "v": 7.0081999866000002}, {"l": "Barley", "v": 4.8743599906800004}, {"l": "Rice", "v": 0.013946666639999999}, {"l": "Wheat", "v": 3.9887466590400007}, {"l": "Oats", "v": 0.083679999840000005}, {"l": "Sorghum", "v": 5.913386655360001}, {"l": "Cereals, Other", "v": 7.1302333197000003}, {"l": "Millet", "v": 1.4434799972399999}]}, {"source": 5, "prod": 309.0, "target": 20, "value": 0.99665419224939766, "supply": [{"l": "Sesame seed", "v": 0.13772333307000004}, {"l": "Cottonseed", "v": 0.12551999976}, {"l": "Oilcrops, Other", "v": 0.64677666543000012}, {"l": "Soyabeans", "v": 0.055786666559999996}, {"l": "Groundnuts", "v": 0.048813333240000006}, {"l": "Rape and Mustardseed", "v": 0.06275999988}]}, {"source": 21, "prod": 0, "target": 2, "value": 0.023557966653773552, "supply": "[{\"l\":'Energy for power irrigation',\"v\":0.023557966653773552}]"}, {"source": 21, "prod": 0, "target": 5, "value": 0.001666722769551466, "supply": "[{\"l\":'Energy for power irrigation',\"v\":0.001666722769551466}]"}, {"source": 21, "prod": 0, "target": 12, "value": 0.0069851326426186031, "supply": "[{\"l\":'Energy for power irrigation',\"v\":0.0069851326426186031}]"}, {"source": 21, "prod": 0, "target": 7, "value": 0.010747395204955651, "supply": "[{\"l\":'Energy for power irrigation',\"v\":0.010747395204955651}]"}, {"source": 21, "prod": 0, "target": 8, "value": 0.0071927987482099665, "supply": "[{\"l\":'Energy for power irrigation',\"v\":0.0071927987482099665}]"}, {"source": 21, "prod": 0, "target": 9, "value": 0.001809661777296171, "supply": "[{\"l\":'Energy for power irrigation',\"v\":0.001809661777296171}]"}, {"source": 21, "prod": 0, "target": 13, "value": 0.0105395, "supply": "[{\"l\":'Electricity',\"v\":0.0105395}]"}, {"source": 22, "prod": 0, "target": 21, "value": 0.046701789776391368, "supply": [{"l": "Coal", "v": 0.0}, {"l": "Natural gas", "v": 0.0}, {"l": "Oil", "v": 0.046701789776391368}]}, {"source": 23, "prod": 0, "target": 21, "value": 0.0447524976813767, "supply": [{"l": "Nuclear", "v": 0.0}, {"l": "Hydroelectric", "v": 0.0447524976813767}, {"l": "Renewable", "v": 0.0}]}, {"source": 22, "prod": 0, "target": 2, "value": 1.4445175748697223, "supply": [{"l": "Motor Gasoline", "v": 0.011158416678477003}, {"l": "Other fossil fuels", "v": 1.4333591581912453}]}, {"source": 22, "prod": 0, "target": 5, "value": 0.10219941170801242, "supply": [{"l": "Motor Gasoline", "v": 0.00078945638320535646}, {"l": "Other fossil fuels", "v": 0.10140995532480707}]}, {"source": 22, "prod": 0, "target": 12, "value": 0.42831145036205842, "supply": [{"l": "Motor Gasoline", "v": 0.0033085631593881438}, {"l": "Other fossil fuels", "v": 0.42500288720267032}]}, {"source": 22, "prod": 0, "target": 7, "value": 0.65900429717868847, "supply": [{"l": "Motor Gasoline", "v": 0.0050905884904099436}, {"l": "Other fossil fuels", "v": 0.65391370868827858}]}, {"source": 22, "prod": 0, "target": 8, "value": 0.44104503402147099, "supply": [{"l": "Motor Gasoline", "v": 0.0034069258479104943}, {"l": "Other fossil fuels", "v": 0.43763810817356052}]}, {"source": 22, "prod": 0, "target": 9, "value": 0.11096408617488079, "supply": [{"l": "Motor Gasoline", "v": 0.00085716057140905206}, {"l": "Other fossil fuels", "v": 0.11010692560347174}]}, {"source": 24, "prod": 13.150559275407455, "target": 2, "value": 0.11834189157808701, "supply": [{"l": "Potash", "v": 0.000512777778188}, {"l": "Phosphate", "v": 0.079764750063811785}, {"l": "Nitrogen", "v": 0.18073848625570188}]}, {"source": 24, "prod": 0.93040018685767689, "target": 5, "value": 0.0083726718941336889, "supply": [{"l": "Potash", "v": 0.000512777778188}, {"l": "Phosphate", "v": 0.079764750063811785}, {"l": "Nitrogen", "v": 0.18073848625570188}]}, {"source": 24, "prod": 3.899249974047545, "target": 12, "value": 0.035089353083828885, "supply": [{"l": "Potash", "v": 0.000512777778188}, {"l": "Phosphate", "v": 0.079764750063811785}, {"l": "Nitrogen", "v": 0.18073848625570188}]}, {"source": 24, "prod": 5.9994251531194864, "target": 7, "value": 0.053988830903111247, "supply": [{"l": "Potash", "v": 0.000512777778188}, {"l": "Phosphate", "v": 0.079764750063811785}, {"l": "Nitrogen", "v": 0.18073848625570188}]}, {"source": 24, "prod": 4.0151736219246343, "target": 8, "value": 0.03613255006740218, "supply": [{"l": "Potash", "v": 0.000512777778188}, {"l": "Phosphate", "v": 0.079764750063811785}, {"l": "Nitrogen", "v": 0.18073848625570188}]}, {"source": 24, "prod": 1.0101917886432057, "target": 9, "value": 0.0090907165711386819, "supply": [{"l": "Potash", "v": 0.000512777778188}, {"l": "Phosphate", "v": 0.079764750063811785}, {"l": "Nitrogen", "v": 0.18073848625570188}]}, {"source": 22, "prod": 0, "target": 24, "value": 0.30419219305833223, "supply": [{"l": "Natural gas (including LNG)", "v": 0.21294956847988553}, {"l": "Fuel oil", "v": 0.059293267927534116}, {"l": "Liquefied petroleum gas (LPG)", "v": 0.015974678325456296}, {"l": "Coal", "v": 0.015974678325456296}]}, {"source": 25, "prod": 0, "target": 2, "value": 2.4288117127418993, "supply": "[{\"l\":'Labor',\"v\":2.4288117127418993}]"}, {"source": 25, "prod": 0, "target": 5, "value": 0.17183808110755511, "supply": "[{\"l\":'Labor',\"v\":0.17183808110755511}]"}, {"source": 25, "prod": 0, "target": 12, "value": 0.72016283182616125, "supply": "[{\"l\":'Labor',\"v\":0.72016283182616125}]"}, {"source": 25, "prod": 0, "target": 7, "value": 1.1080497624815648, "supply": "[{\"l\":'Labor',\"v\":1.1080497624815648}]"}, {"source": 25, "prod": 0, "target": 8, "value": 0.74157307817774987, "supply": "[{\"l\":'Labor',\"v\":0.74157307817774987}]"}, {"source": 25, "prod": 0, "target": 9, "value": 0.18657500392098619, "supply": "[{\"l\":'Labor',\"v\":0.18657500392098619}]"}, {"source": 22, "prod": 0, "target": 16, "value": 0.053788398643351353, "supply": "[{\"l\":'Fossil Fuels',\"v\":0.053788398643351353}]"}, {"source": 23, "prod": 0, "target": 16, "value": 1.5813815305339955, "supply": "[{\"l\":'Renewables & Nuclear',\"v\":0.0041056489244010678},{\"l\":'Biomass & Waste',\"v\":1.5772758816095944}]"}]}