{"nodes": [{"name": "Balance", "fill": "#9edae5"}, {"name": "Food", "fill": "#b5cf6b"}, {"name": "Stock Deposit", "fill": "#c7c7c7"}, {"name": "Export", "fill": "#aec7e8"}, {"name": "Biofuels & Other", "fill": "#e7ba52"}, {"name": "Crop Residue", "fill": "#bd9e39"}, {"name": "Renewables & Nuclear", "fill": "#2ca02c"}, {"name": "Fossil Fuels", "fill": "#c49c94"}, {"name": "Labor", "fill": "#7f7f7f"}], "links": [{"source": 0, "target": 1, "value": 21.576680349978528}, {"source": 0, "target": 2, "value": 1.6288145889853414}, {"source": 0, "target": 3, "value": 0.6893539157311126}, {"source": 0, "target": 4, "value": 0.17700918519614153}, {"source": 0, "target": 5, "value": 51.336457484909069}, {"source": 6, "target": 0, "value": 0.46214985212665605}, {"source": 7, "target": 0, "value": 2.7782702221668898}, {"source": 8, "target": 0, "value": 4.5827332300065287}]}