{"nodes": [{"name": "Balance", "fill": "#9edae5"}, {"name": "Food", "fill": "#b5cf6b"}, {"name": "Stock Deposit", "fill": "#c7c7c7"}, {"name": "Export", "fill": "#aec7e8"}, {"name": "Biofuels & Other", "fill": "#e7ba52"}, {"name": "Renewables & Nuclear", "fill": "#2ca02c"}, {"name": "Fossil Fuels", "fill": "#c49c94"}, {"name": "Stock Draw", "fill": "#c7c7c7"}, {"name": "Labor", "fill": "#7f7f7f"}], "links": [{"source": 0, "target": 1, "value": 22.336063134428972}, {"source": 0, "target": 2, "value": 1.9847367626194066}, {"source": 0, "target": 3, "value": 0.74824135062562647}, {"source": 0, "target": 4, "value": 0.22074086624460001}, {"source": 5, "target": 0, "value": 0.4790856114517571}, {"source": 6, "target": 0, "value": 2.7945644142421076}, {"source": 7, "target": 0, "value": 0.04777238777868411}, {"source": 8, "target": 0, "value": 4.7273298257767635}]}