{"nodes": [{"layer": 3, "name": "Maize"}, {"layer": 5, "name": "Production", "fill": "#b5cf6b"}, {"layer": 3, "name": "Roots, Other"}, {"layer": 3, "name": "Nuts"}, {"layer": 3, "name": "Apples"}, {"layer": 3, "name": "Rice"}, {"layer": 3, "name": "Tomatoes"}, {"layer": 3, "name": "Cloves"}, {"layer": 3, "name": "Coffee"}, {"layer": 3, "name": "Coconuts - Incl Copra"}, {"layer": 3, "name": "Treenuts"}, {"layer": 3, "name": "Vegetables, Other"}, {"layer": 3, "name": "Grapes"}, {"layer": 3, "name": "Groundnuts"}, {"layer": 3, "name": "Oilcrops, Other"}, {"layer": 3, "name": "Cocoa Beans"}, {"layer": 3, "name": "Cottonseed"}, {"layer": 3, "name": "Potatoes"}, {"layer": 3, "name": "Pimento"}, {"layer": 3, "name": "Pepper"}, {"layer": 3, "name": "Grapefruit"}, {"layer": 3, "name": "Sugar cane"}, {"layer": 3, "name": "Pineapples"}, {"layer": 3, "name": "Beans"}, {"layer": 3, "name": "Pulses, Other"}, {"layer": 3, "name": "Lemons, Limes"}, {"layer": 3, "name": "Sorghum"}, {"layer": 3, "name": "Bananas"}, {"layer": 3, "name": "Spices, Other"}, {"layer": 3, "name": "Fruits, Other"}, {"layer": 3, "name": "Sweet potatoes"}, {"layer": 3, "name": "Oranges, Mandarines"}, {"layer": 3, "name": "Palm kernels"}, {"layer": 3, "name": "Onions"}, {"layer": 3, "name": "Cassava"}, {"layer": 3, "name": "Oil Palm"}, {"layer": 1, "name": "Electricity", "fill": "#bcbd22"}, {"layer": 0, "name": "Fossil Fuels", "fill": "#c49c94"}, {"layer": 0, "name": "Renewables & Nuclear", "fill": "#2ca02c"}, {"layer": 1, "name": "Fertilizers", "fill": "#c5b0d5"}, {"layer": 0, "name": "Labor", "fill": "#7f7f7f"}], "links": [{"source": 0, "prod": 140.0, "target": 1, "value": 0.48333301705648135, "supply": [{"l": "Maize", "v": 0.48333301705648135}]}, {"source": 2, "prod": 94.0, "target": 1, "value": 0.092978228948434952, "supply": [{"l": "Roots, Other", "v": 0.092978228948434952}]}, {"source": 3, "prod": 4.0, "target": 1, "value": 0.0058551953911034479, "supply": [{"l": "Nuts", "v": 0.0058551953911034479}]}, {"source": 4, "prod": 6.0, "target": 1, "value": 0.0048056792360943405, "supply": [{"l": "Apples", "v": 0.0048056792360943405}]}, {"source": 5, "prod": 1453.0, "target": 1, "value": 6.2753369813962117, "supply": [{"l": "Rice", "v": 6.2753369813962117}]}, {"source": 6, "prod": 18.0, "target": 1, "value": 0.0047756437408687505, "supply": [{"l": "Tomatoes", "v": 0.0047756437408687505}]}, {"source": 7, "prod": 14.0, "target": 1, "value": 0.054027484745181827, "supply": [{"l": "Cloves", "v": 0.054027484745181827}]}, {"source": 8, "prod": 79.0, "target": 1, "value": 0.047233283947246484, "supply": [{"l": "Coffee", "v": 0.047233283947246484}]}, {"source": 9, "prod": 79.0, "target": 1, "value": 0.13973179834393751, "supply": [{"l": "Coconuts - Incl Copra", "v": 0.13973179834393751}]}, {"source": 10, "prod": 4.0, "target": 1, "value": 0.0058551953911034479, "supply": [{"l": "Treenuts", "v": 0.0058551953911034479}]}, {"source": 11, "prod": 286.0, "target": 1, "value": 0.075349869005138861, "supply": [{"l": "Vegetables, Other", "v": 0.075349869005138861}]}, {"source": 12, "prod": 10.0, "target": 1, "value": 0.0054898372564500496, "supply": [{"l": "Grapes", "v": 0.0054898372564500496}]}, {"source": 13, "prod": 22.0, "target": 1, "value": 0.13882351775258109, "supply": [{"l": "Groundnuts", "v": 0.13882351775258109}]}, {"source": 14, "prod": 3.0, "target": 1, "value": 0.018192928536642859, "supply": [{"l": "Oilcrops, Other", "v": 0.018192928536642859}]}, {"source": 15, "prod": 2.0, "target": 1, "value": 0.00424501665855, "supply": [{"l": "Cocoa Beans", "v": 0.00424501665855}]}, {"source": 16, "prod": 26.0, "target": 1, "value": 0.10502591890579223, "supply": [{"l": "Cottonseed", "v": 0.10502591890579223}]}, {"source": 17, "prod": 264.0, "target": 1, "value": 0.21527270919290845, "supply": [{"l": "Potatoes", "v": 0.21527270919290845}]}, {"source": 18, "prod": 3.0, "target": 1, "value": 0.0087827930866551732, "supply": [{"l": "Pimento", "v": 0.0087827930866551732}]}, {"source": 19, "prod": 3.0, "target": 1, "value": 0.0034866666600000002, "supply": [{"l": "Pepper", "v": 0.0034866666600000002}]}, {"source": 20, "prod": 8.0, "target": 1, "value": 0.0043918698051600398, "supply": [{"l": "Grapefruit", "v": 0.0043918698051600398}]}, {"source": 21, "prod": 1744.0, "target": 1, "value": 0.6048455108260784, "supply": [{"l": "Sugar cane", "v": 0.6048455108260784}]}, {"source": 22, "prod": 51.0, "target": 1, "value": 0.018866740704666665, "supply": [{"l": "Pineapples", "v": 0.018866740704666665}]}, {"source": 23, "prod": 42.0, "target": 1, "value": 0.16714753093040627, "supply": [{"l": "Beans", "v": 0.16714753093040627}]}, {"source": 24, "prod": 10.0, "target": 1, "value": 0.036685329147962971, "supply": [{"l": "Pulses, Other", "v": 0.036685329147962971}]}, {"source": 25, "prod": 5.0, "target": 1, "value": 0.0027449186282250248, "supply": [{"l": "Lemons, Limes", "v": 0.0027449186282250248}]}, {"source": 26, "prod": 1.0, "target": 1, "value": 0.0032653974296538461, "supply": [{"l": "Sorghum", "v": 0.0032653974296538461}]}, {"source": 27, "prod": 225.0, "target": 1, "value": 0.15542035843063981, "supply": [{"l": "Bananas", "v": 0.15542035843063981}]}, {"source": 28, "prod": 2.0, "target": 1, "value": 0.012128619024428572, "supply": [{"l": "Spices, Other", "v": 0.012128619024428572}]}, {"source": 29, "prod": 369.0, "target": 1, "value": 0.20257499476300683, "supply": [{"l": "Fruits, Other", "v": 0.20257499476300683}]}, {"source": 30, "prod": 450.0, "target": 1, "value": 0.50120053571431133, "supply": [{"l": "Sweet potatoes", "v": 0.50120053571431133}]}, {"source": 31, "prod": 62.0, "target": 1, "value": 0.023415572315845193, "supply": [{"l": "Oranges, Mandarines", "v": 0.023415572315845193}]}, {"source": 32, "prod": 1.0, "target": 1, "value": 0.0040394584194535475, "supply": [{"l": "Palm kernels", "v": 0.0040394584194535475}]}, {"source": 33, "prod": 5.0, "target": 1, "value": 0.00424501665855, "supply": [{"l": "Onions", "v": 0.00424501665855}]}, {"source": 34, "prod": 2142.0, "target": 1, "value": 2.2800721842335001, "supply": [{"l": "Cassava", "v": 2.2800721842335001}]}, {"source": 35, "prod": 23.333333333333336, "target": 1, "value": 0.099050388699500017, "supply": [{"l": "Oil Palm", "v": 0.099050388699500017}]}, {"source": 36, "prod": 0, "target": 0, "value": 7.0181438674069737e-05, "supply": "[{\"l\":'Energy for power irrigation',\"v\":7.0181438674069737e-05}]"}, {"source": 36, "prod": 0, "target": 2, "value": 4.7039172157889034e-05, "supply": "[{\"l\":'Energy for power irrigation',\"v\":4.7039172157889034e-05}]"}, {"source": 36, "prod": 0, "target": 3, "value": 2.0123710014070173e-06, "supply": "[{\"l\":'Energy for power irrigation',\"v\":2.0123710014070173e-06}]"}, {"source": 36, "prod": 0, "target": 20, "value": 4.0247420028140345e-06, "supply": "[{\"l\":'Energy for power irrigation',\"v\":4.0247420028140345e-06}]"}, {"source": 36, "prod": 0, "target": 5, "value": 0.0007684741761623048, "supply": "[{\"l\":'Energy for power irrigation',\"v\":0.0007684741761623048}]"}, {"source": 36, "prod": 0, "target": 6, "value": 9.0556695063315783e-06, "supply": "[{\"l\":'Energy for power irrigation',\"v\":9.0556695063315783e-06}]"}, {"source": 36, "prod": 0, "target": 7, "value": 7.0432985049245615e-06, "supply": "[{\"l\":'Energy for power irrigation',\"v\":7.0432985049245615e-06}]"}, {"source": 36, "prod": 0, "target": 8, "value": 3.9744327277788594e-05, "supply": "[{\"l\":'Energy for power irrigation',\"v\":3.9744327277788594e-05}]"}, {"source": 36, "prod": 0, "target": 9, "value": 3.9744327277788594e-05, "supply": "[{\"l\":'Energy for power irrigation',\"v\":3.9744327277788594e-05}]"}, {"source": 36, "prod": 0, "target": 10, "value": 2.0123710014070173e-06, "supply": "[{\"l\":'Energy for power irrigation',\"v\":2.0123710014070173e-06}]"}, {"source": 36, "prod": 0, "target": 11, "value": 0.00014363298022542588, "supply": "[{\"l\":'Energy for power irrigation',\"v\":0.00014363298022542588}]"}, {"source": 36, "prod": 0, "target": 12, "value": 4.7793811283416665e-06, "supply": "[{\"l\":'Energy for power irrigation',\"v\":4.7793811283416665e-06}]"}, {"source": 36, "prod": 0, "target": 13, "value": 1.0816494132562719e-05, "supply": "[{\"l\":'Energy for power irrigation',\"v\":1.0816494132562719e-05}]"}, {"source": 36, "prod": 0, "target": 35, "value": 5.8694154207704685e-06, "supply": "[{\"l\":'Energy for power irrigation',\"v\":5.8694154207704685e-06}]"}, {"source": 36, "prod": 0, "target": 14, "value": 1.5092782510552631e-06, "supply": "[{\"l\":'Energy for power irrigation',\"v\":1.5092782510552631e-06}]"}, {"source": 36, "prod": 0, "target": 15, "value": 1.0061855007035086e-06, "supply": "[{\"l\":'Energy for power irrigation',\"v\":1.0061855007035086e-06}]"}, {"source": 36, "prod": 0, "target": 16, "value": 1.3080411509145612e-05, "supply": "[{\"l\":'Energy for power irrigation',\"v\":1.3080411509145612e-05}]"}, {"source": 36, "prod": 0, "target": 17, "value": 0.00013281648609286316, "supply": "[{\"l\":'Energy for power irrigation',\"v\":0.00013281648609286316}]"}, {"source": 36, "prod": 0, "target": 18, "value": 1.5092782510552631e-06, "supply": "[{\"l\":'Energy for power irrigation',\"v\":1.5092782510552631e-06}]"}, {"source": 36, "prod": 0, "target": 19, "value": 1.5092782510552631e-06, "supply": "[{\"l\":'Energy for power irrigation',\"v\":1.5092782510552631e-06}]"}, {"source": 36, "prod": 0, "target": 23, "value": 2.1129895514773685e-05, "supply": "[{\"l\":'Energy for power irrigation',\"v\":2.1129895514773685e-05}]"}, {"source": 36, "prod": 0, "target": 4, "value": 3.0185565021105261e-06, "supply": "[{\"l\":'Energy for power irrigation',\"v\":3.0185565021105261e-06}]"}, {"source": 36, "prod": 0, "target": 25, "value": 2.7670101269346488e-06, "supply": "[{\"l\":'Energy for power irrigation',\"v\":2.7670101269346488e-06}]"}, {"source": 36, "prod": 0, "target": 26, "value": 5.0309275035175432e-07, "supply": "[{\"l\":'Energy for power irrigation',\"v\":5.0309275035175432e-07}]"}, {"source": 36, "prod": 0, "target": 21, "value": 0.00087739375661345957, "supply": "[{\"l\":'Energy for power irrigation',\"v\":0.00087739375661345957}]"}, {"source": 36, "prod": 0, "target": 22, "value": 2.5657730267939475e-05, "supply": "[{\"l\":'Energy for power irrigation',\"v\":2.5657730267939475e-05}]"}, {"source": 36, "prod": 0, "target": 27, "value": 0.00011294432245396885, "supply": "[{\"l\":'Energy for power irrigation',\"v\":0.00011294432245396885}]"}, {"source": 36, "prod": 0, "target": 28, "value": 1.0061855007035086e-06, "supply": "[{\"l\":'Energy for power irrigation',\"v\":1.0061855007035086e-06}]"}, {"source": 36, "prod": 0, "target": 29, "value": 0.00018589277125497322, "supply": "[{\"l\":'Energy for power irrigation',\"v\":0.00018589277125497322}]"}, {"source": 36, "prod": 0, "target": 30, "value": 0.00022639173765828945, "supply": "[{\"l\":'Energy for power irrigation',\"v\":0.00022639173765828945}]"}, {"source": 36, "prod": 0, "target": 31, "value": 3.119175052180877e-05, "supply": "[{\"l\":'Energy for power irrigation',\"v\":3.119175052180877e-05}]"}, {"source": 36, "prod": 0, "target": 32, "value": 5.0309275035175432e-07, "supply": "[{\"l\":'Energy for power irrigation',\"v\":5.0309275035175432e-07}]"}, {"source": 36, "prod": 0, "target": 34, "value": 0.0010778762176286336, "supply": "[{\"l\":'Energy for power irrigation',\"v\":0.0010778762176286336}]"}, {"source": 36, "prod": 0, "target": 33, "value": 2.5154637517587719e-06, "supply": "[{\"l\":'Energy for power irrigation',\"v\":2.5154637517587719e-06}]"}, {"source": 36, "prod": 0, "target": 24, "value": 5.0309275035175438e-06, "supply": "[{\"l\":'Energy for power irrigation',\"v\":5.0309275035175438e-06}]"}, {"source": 37, "prod": 0, "target": 36, "value": 0.0026526803662275497, "supply": [{"l": "Coal", "v": 6.3834561564136161e-05}, {"l": "Natural gas", "v": 0.0010312933402848328}, {"l": "Oil", "v": 0.0015575524643785808}]}, {"source": 38, "prod": 0, "target": 36, "value": 0.00279766291541556, "supply": [{"l": "Nuclear", "v": 0.0}, {"l": "Hydroelectric", "v": 0.002790033655718943}, {"l": "Renewable", "v": 7.6292596966169029e-06}]}, {"source": 37, "prod": 0, "target": 0, "value": 0.0060915274980806585, "supply": [{"l": "Other fossil fuels", "v": 0.0060915274980806585}]}, {"source": 37, "prod": 0, "target": 2, "value": 0.0040828517639465347, "supply": [{"l": "Other fossil fuels", "v": 0.0040828517639465347}]}, {"source": 37, "prod": 0, "target": 3, "value": 0.00017466745514209769, "supply": [{"l": "Other fossil fuels", "v": 0.00017466745514209769}]}, {"source": 37, "prod": 0, "target": 20, "value": 0.00034933491028419538, "supply": [{"l": "Other fossil fuels", "v": 0.00034933491028419538}]}, {"source": 37, "prod": 0, "target": 5, "value": 0.066701134432388565, "supply": [{"l": "Other fossil fuels", "v": 0.066701134432388565}]}, {"source": 37, "prod": 0, "target": 6, "value": 0.00078600354813943972, "supply": [{"l": "Other fossil fuels", "v": 0.00078600354813943972}]}, {"source": 37, "prod": 0, "target": 7, "value": 0.00061133609299734201, "supply": [{"l": "Other fossil fuels", "v": 0.00061133609299734201}]}, {"source": 37, "prod": 0, "target": 8, "value": 0.00344968223905643, "supply": [{"l": "Other fossil fuels", "v": 0.00344968223905643}]}, {"source": 37, "prod": 0, "target": 9, "value": 0.00344968223905643, "supply": [{"l": "Other fossil fuels", "v": 0.00344968223905643}]}, {"source": 37, "prod": 0, "target": 10, "value": 0.00017466745514209769, "supply": [{"l": "Other fossil fuels", "v": 0.00017466745514209769}]}, {"source": 37, "prod": 0, "target": 11, "value": 0.012466889610767225, "supply": [{"l": "Other fossil fuels", "v": 0.012466889610767225}]}, {"source": 37, "prod": 0, "target": 12, "value": 0.0004148352059624821, "supply": [{"l": "Other fossil fuels", "v": 0.0004148352059624821}]}, {"source": 37, "prod": 0, "target": 13, "value": 0.00093883757138877514, "supply": [{"l": "Other fossil fuels", "v": 0.00093883757138877514}]}, {"source": 37, "prod": 0, "target": 35, "value": 0.00050944674416445173, "supply": [{"l": "Other fossil fuels", "v": 0.00050944674416445173}]}, {"source": 37, "prod": 0, "target": 14, "value": 0.00013100059135657329, "supply": [{"l": "Other fossil fuels", "v": 0.00013100059135657329}]}, {"source": 37, "prod": 0, "target": 15, "value": 8.7333727571048845e-05, "supply": [{"l": "Other fossil fuels", "v": 8.7333727571048845e-05}]}, {"source": 37, "prod": 0, "target": 16, "value": 0.001135338458423635, "supply": [{"l": "Other fossil fuels", "v": 0.001135338458423635}]}, {"source": 37, "prod": 0, "target": 17, "value": 0.011528052039378449, "supply": [{"l": "Other fossil fuels", "v": 0.011528052039378449}]}, {"source": 37, "prod": 0, "target": 18, "value": 0.00013100059135657329, "supply": [{"l": "Other fossil fuels", "v": 0.00013100059135657329}]}, {"source": 37, "prod": 0, "target": 19, "value": 0.00013100059135657329, "supply": [{"l": "Other fossil fuels", "v": 0.00013100059135657329}]}, {"source": 37, "prod": 0, "target": 23, "value": 0.0018340082789920261, "supply": [{"l": "Other fossil fuels", "v": 0.0018340082789920261}]}, {"source": 37, "prod": 0, "target": 4, "value": 0.00026200118271314657, "supply": [{"l": "Other fossil fuels", "v": 0.00026200118271314657}]}, {"source": 37, "prod": 0, "target": 25, "value": 0.00024016775082038436, "supply": [{"l": "Other fossil fuels", "v": 0.00024016775082038436}]}, {"source": 37, "prod": 0, "target": 26, "value": 4.3666863785524422e-05, "supply": [{"l": "Other fossil fuels", "v": 4.3666863785524422e-05}]}, {"source": 37, "prod": 0, "target": 21, "value": 0.076155010441954607, "supply": [{"l": "Other fossil fuels", "v": 0.076155010441954607}]}, {"source": 37, "prod": 0, "target": 22, "value": 0.0022270100530617457, "supply": [{"l": "Other fossil fuels", "v": 0.0022270100530617457}]}, {"source": 37, "prod": 0, "target": 27, "value": 0.0098032109198502339, "supply": [{"l": "Other fossil fuels", "v": 0.0098032109198502339}]}, {"source": 37, "prod": 0, "target": 28, "value": 8.7333727571048845e-05, "supply": [{"l": "Other fossil fuels", "v": 8.7333727571048845e-05}]}, {"source": 37, "prod": 0, "target": 29, "value": 0.016134906168751274, "supply": [{"l": "Other fossil fuels", "v": 0.016134906168751274}]}, {"source": 37, "prod": 0, "target": 30, "value": 0.019650088703485991, "supply": [{"l": "Other fossil fuels", "v": 0.019650088703485991}]}, {"source": 37, "prod": 0, "target": 31, "value": 0.0027073455547025147, "supply": [{"l": "Other fossil fuels", "v": 0.0027073455547025147}]}, {"source": 37, "prod": 0, "target": 32, "value": 4.3666863785524422e-05, "supply": [{"l": "Other fossil fuels", "v": 4.3666863785524422e-05}]}, {"source": 37, "prod": 0, "target": 34, "value": 0.093556255660486087, "supply": [{"l": "Other fossil fuels", "v": 0.093556255660486087}]}, {"source": 37, "prod": 0, "target": 33, "value": 0.00021833431892762215, "supply": [{"l": "Other fossil fuels", "v": 0.00021833431892762215}]}, {"source": 37, "prod": 0, "target": 24, "value": 0.00043666863785524429, "supply": [{"l": "Other fossil fuels", "v": 0.00043666863785524429}]}, {"source": 39, "prod": 0.17490090478242137, "target": 0, "value": 0.0020836397582373553, "supply": [{"l": "Potash", "v": 0.0069225000055380004}, {"l": "Phosphate", "v": 0.0058916666713799996}, {"l": "Nitrogen", "v": 0.10274444452663997}]}, {"source": 39, "prod": 0.11722748815165876, "target": 2, "value": 0.0013965614150193025, "supply": [{"l": "Potash", "v": 0.0069225000055380004}, {"l": "Phosphate", "v": 0.0058916666713799996}, {"l": "Nitrogen", "v": 0.10274444452663997}]}, {"source": 39, "prod": 0.0050150797070228339, "target": 3, "value": 5.9745942888526301e-05, "supply": [{"l": "Potash", "v": 0.0069225000055380004}, {"l": "Phosphate", "v": 0.0058916666713799996}, {"l": "Nitrogen", "v": 0.10274444452663997}]}, {"source": 39, "prod": 0.010030159414045668, "target": 20, "value": 0.0001194918857770526, "supply": [{"l": "Potash", "v": 0.0069225000055380004}, {"l": "Phosphate", "v": 0.0058916666713799996}, {"l": "Nitrogen", "v": 0.10274444452663997}]}, {"source": 39, "prod": 1.9151335631193449, "target": 5, "value": 0.022815481940555982, "supply": [{"l": "Potash", "v": 0.0069225000055380004}, {"l": "Phosphate", "v": 0.0058916666713799996}, {"l": "Nitrogen", "v": 0.10274444452663997}]}, {"source": 39, "prod": 0.022567858681602757, "target": 6, "value": 0.00026885674299836839, "supply": [{"l": "Potash", "v": 0.0069225000055380004}, {"l": "Phosphate", "v": 0.0058916666713799996}, {"l": "Nitrogen", "v": 0.10274444452663997}]}, {"source": 39, "prod": 0.017552778974579922, "target": 7, "value": 0.00020911080010984208, "supply": [{"l": "Potash", "v": 0.0069225000055380004}, {"l": "Phosphate", "v": 0.0058916666713799996}, {"l": "Nitrogen", "v": 0.10274444452663997}]}, {"source": 39, "prod": 0.09904782421370098, "target": 8, "value": 0.0011799823720483945, "supply": [{"l": "Potash", "v": 0.0069225000055380004}, {"l": "Phosphate", "v": 0.0058916666713799996}, {"l": "Nitrogen", "v": 0.10274444452663997}]}, {"source": 39, "prod": 0.09904782421370098, "target": 9, "value": 0.0011799823720483945, "supply": [{"l": "Potash", "v": 0.0069225000055380004}, {"l": "Phosphate", "v": 0.0058916666713799996}, {"l": "Nitrogen", "v": 0.10274444452663997}]}, {"source": 39, "prod": 0.0050150797070228339, "target": 10, "value": 5.9745942888526301e-05, "supply": [{"l": "Potash", "v": 0.0069225000055380004}, {"l": "Phosphate", "v": 0.0058916666713799996}, {"l": "Nitrogen", "v": 0.10274444452663997}]}, {"source": 39, "prod": 0.3579513140887548, "target": 11, "value": 0.0042643666736685648, "supply": [{"l": "Potash", "v": 0.0069225000055380004}, {"l": "Phosphate", "v": 0.0058916666713799996}, {"l": "Nitrogen", "v": 0.10274444452663997}]}, {"source": 39, "prod": 0.011910814304179233, "target": 12, "value": 0.00014189661436024998, "supply": [{"l": "Potash", "v": 0.0069225000055380004}, {"l": "Phosphate", "v": 0.0058916666713799996}, {"l": "Nitrogen", "v": 0.10274444452663997}]}, {"source": 39, "prod": 0.026956053425247734, "target": 13, "value": 0.00032113444302582885, "supply": [{"l": "Potash", "v": 0.0069225000055380004}, {"l": "Phosphate", "v": 0.0058916666713799996}, {"l": "Nitrogen", "v": 0.10274444452663997}]}, {"source": 39, "prod": 0.014627315812149936, "target": 35, "value": 0.00017425900009153508, "supply": [{"l": "Potash", "v": 0.0069225000055380004}, {"l": "Phosphate", "v": 0.0058916666713799996}, {"l": "Nitrogen", "v": 0.10274444452663997}]}, {"source": 39, "prod": 0.0037613097802671257, "target": 14, "value": 4.4809457166394731e-05, "supply": [{"l": "Potash", "v": 0.0069225000055380004}, {"l": "Phosphate", "v": 0.0058916666713799996}, {"l": "Nitrogen", "v": 0.10274444452663997}]}, {"source": 39, "prod": 0.002507539853511417, "target": 15, "value": 2.9872971444263151e-05, "supply": [{"l": "Potash", "v": 0.0069225000055380004}, {"l": "Phosphate", "v": 0.0058916666713799996}, {"l": "Nitrogen", "v": 0.10274444452663997}]}, {"source": 39, "prod": 0.032598018095648419, "target": 16, "value": 0.00038834862877542095, "supply": [{"l": "Potash", "v": 0.0069225000055380004}, {"l": "Phosphate", "v": 0.0058916666713799996}, {"l": "Nitrogen", "v": 0.10274444452663997}]}, {"source": 39, "prod": 0.3309952606635071, "target": 17, "value": 0.0039432322306427363, "supply": [{"l": "Potash", "v": 0.0069225000055380004}, {"l": "Phosphate", "v": 0.0058916666713799996}, {"l": "Nitrogen", "v": 0.10274444452663997}]}, {"source": 39, "prod": 0.0037613097802671257, "target": 18, "value": 4.4809457166394731e-05, "supply": [{"l": "Potash", "v": 0.0069225000055380004}, {"l": "Phosphate", "v": 0.0058916666713799996}, {"l": "Nitrogen", "v": 0.10274444452663997}]}, {"source": 39, "prod": 0.0037613097802671257, "target": 19, "value": 4.4809457166394731e-05, "supply": [{"l": "Potash", "v": 0.0069225000055380004}, {"l": "Phosphate", "v": 0.0058916666713799996}, {"l": "Nitrogen", "v": 0.10274444452663997}]}, {"source": 39, "prod": 0.052658336923739765, "target": 23, "value": 0.00062733240032952623, "supply": [{"l": "Potash", "v": 0.0069225000055380004}, {"l": "Phosphate", "v": 0.0058916666713799996}, {"l": "Nitrogen", "v": 0.10274444452663997}]}, {"source": 39, "prod": 0.0075226195605342513, "target": 4, "value": 8.9618914332789462e-05, "supply": [{"l": "Potash", "v": 0.0069225000055380004}, {"l": "Phosphate", "v": 0.0058916666713799996}, {"l": "Nitrogen", "v": 0.10274444452663997}]}, {"source": 39, "prod": 0.006895734597156397, "target": 25, "value": 8.2150671471723673e-05, "supply": [{"l": "Potash", "v": 0.0069225000055380004}, {"l": "Phosphate", "v": 0.0058916666713799996}, {"l": "Nitrogen", "v": 0.10274444452663997}]}, {"source": 39, "prod": 0.0012537699267557085, "target": 26, "value": 1.4936485722131575e-05, "supply": [{"l": "Potash", "v": 0.0069225000055380004}, {"l": "Phosphate", "v": 0.0058916666713799996}, {"l": "Nitrogen", "v": 0.10274444452663997}]}, {"source": 39, "prod": 2.1865747522619556, "target": 21, "value": 0.026049231099397469, "supply": [{"l": "Potash", "v": 0.0069225000055380004}, {"l": "Phosphate", "v": 0.0058916666713799996}, {"l": "Nitrogen", "v": 0.10274444452663997}]}, {"source": 39, "prod": 0.063942266264541137, "target": 22, "value": 0.00076176077182871043, "supply": [{"l": "Potash", "v": 0.0069225000055380004}, {"l": "Phosphate", "v": 0.0058916666713799996}, {"l": "Nitrogen", "v": 0.10274444452663997}]}, {"source": 39, "prod": 0.28147134855665656, "target": 27, "value": 0.0033532410446185388, "supply": [{"l": "Potash", "v": 0.0069225000055380004}, {"l": "Phosphate", "v": 0.0058916666713799996}, {"l": "Nitrogen", "v": 0.10274444452663997}]}, {"source": 39, "prod": 0.002507539853511417, "target": 28, "value": 2.9872971444263151e-05, "supply": [{"l": "Potash", "v": 0.0069225000055380004}, {"l": "Phosphate", "v": 0.0058916666713799996}, {"l": "Nitrogen", "v": 0.10274444452663997}]}, {"source": 39, "prod": 0.4632679879362343, "target": 29, "value": 0.0055190314743276169, "supply": [{"l": "Potash", "v": 0.0069225000055380004}, {"l": "Phosphate", "v": 0.0058916666713799996}, {"l": "Nitrogen", "v": 0.10274444452663997}]}, {"source": 39, "prod": 0.56419646704006887, "target": 30, "value": 0.0067214185749592094, "supply": [{"l": "Potash", "v": 0.0069225000055380004}, {"l": "Phosphate", "v": 0.0058916666713799996}, {"l": "Nitrogen", "v": 0.10274444452663997}]}, {"source": 39, "prod": 0.077733735458853939, "target": 31, "value": 0.00092606211477215777, "supply": [{"l": "Potash", "v": 0.0069225000055380004}, {"l": "Phosphate", "v": 0.0058916666713799996}, {"l": "Nitrogen", "v": 0.10274444452663997}]}, {"source": 39, "prod": 0.0012537699267557085, "target": 32, "value": 1.4936485722131575e-05, "supply": [{"l": "Potash", "v": 0.0069225000055380004}, {"l": "Phosphate", "v": 0.0058916666713799996}, {"l": "Nitrogen", "v": 0.10274444452663997}]}, {"source": 39, "prod": 2.6862020680741057, "target": 34, "value": 0.0320014206596669, "supply": [{"l": "Potash", "v": 0.0069225000055380004}, {"l": "Phosphate", "v": 0.0058916666713799996}, {"l": "Nitrogen", "v": 0.10274444452663997}]}, {"source": 39, "prod": 0.0062688496337785435, "target": 33, "value": 7.4682428610657885e-05, "supply": [{"l": "Potash", "v": 0.0069225000055380004}, {"l": "Phosphate", "v": 0.0058916666713799996}, {"l": "Nitrogen", "v": 0.10274444452663997}]}, {"source": 39, "prod": 0.012537699267557087, "target": 24, "value": 0.00014936485722131577, "supply": [{"l": "Potash", "v": 0.0069225000055380004}, {"l": "Phosphate", "v": 0.0058916666713799996}, {"l": "Nitrogen", "v": 0.10274444452663997}]}, {"source": 37, "prod": 0, "target": 39, "value": 0.14311693079914206, "supply": [{"l": "Natural gas (including LNG)", "v": 0.095016144662004032}, {"l": "Fuel oil", "v": 0.029938528777975485}, {"l": "Liquefied petroleum gas (LPG)", "v": 0.0090811286795812862}, {"l": "Coal", "v": 0.0090811286795812862}]}, {"source": 40, "prod": 0, "target": 0, "value": 0.042663583929252513, "supply": "[{\"l\":'Labor',\"v\":0.042663583929252513}]"}, {"source": 40, "prod": 0, "target": 2, "value": 0.028595305357599354, "supply": "[{\"l\":'Labor',\"v\":0.028595305357599354}]"}, {"source": 40, "prod": 0, "target": 3, "value": 0.0012233285714481005, "supply": "[{\"l\":'Labor',\"v\":0.0012233285714481005}]"}, {"source": 40, "prod": 0, "target": 20, "value": 0.002446657142896201, "supply": "[{\"l\":'Labor',\"v\":0.002446657142896201}]"}, {"source": 40, "prod": 0, "target": 5, "value": 0.46715859822174344, "supply": "[{\"l\":'Labor',\"v\":0.46715859822174344}]"}, {"source": 40, "prod": 0, "target": 6, "value": 0.0055049785715164529, "supply": "[{\"l\":'Labor',\"v\":0.0055049785715164529}]"}, {"source": 40, "prod": 0, "target": 7, "value": 0.0042816500000683521, "supply": "[{\"l\":'Labor',\"v\":0.0042816500000683521}]"}, {"source": 40, "prod": 0, "target": 8, "value": 0.024160739286099988, "supply": "[{\"l\":'Labor',\"v\":0.024160739286099988}]"}, {"source": 40, "prod": 0, "target": 9, "value": 0.024160739286099988, "supply": "[{\"l\":'Labor',\"v\":0.024160739286099988}]"}, {"source": 40, "prod": 0, "target": 10, "value": 0.0012233285714481005, "supply": "[{\"l\":'Labor',\"v\":0.0012233285714481005}]"}, {"source": 40, "prod": 0, "target": 11, "value": 0.087315076787108176, "supply": "[{\"l\":'Labor',\"v\":0.087315076787108176}]"}, {"source": 40, "prod": 0, "target": 12, "value": 0.0029054053571892389, "supply": "[{\"l\":'Labor',\"v\":0.0029054053571892389}]"}, {"source": 40, "prod": 0, "target": 13, "value": 0.0065753910715335403, "supply": "[{\"l\":'Labor',\"v\":0.0065753910715335403}]"}, {"source": 40, "prod": 0, "target": 35, "value": 0.0035680416667236274, "supply": "[{\"l\":'Labor',\"v\":0.0035680416667236274}]"}, {"source": 40, "prod": 0, "target": 14, "value": 0.00091749642858607544, "supply": "[{\"l\":'Labor',\"v\":0.00091749642858607544}]"}, {"source": 40, "prod": 0, "target": 15, "value": 0.00061166428572405026, "supply": "[{\"l\":'Labor',\"v\":0.00061166428572405026}]"}, {"source": 40, "prod": 0, "target": 16, "value": 0.0079516357144126543, "supply": "[{\"l\":'Labor',\"v\":0.0079516357144126543}]"}, {"source": 40, "prod": 0, "target": 17, "value": 0.080739685715574647, "supply": "[{\"l\":'Labor',\"v\":0.080739685715574647}]"}, {"source": 40, "prod": 0, "target": 18, "value": 0.00091749642858607544, "supply": "[{\"l\":'Labor',\"v\":0.00091749642858607544}]"}, {"source": 40, "prod": 0, "target": 19, "value": 0.00091749642858607544, "supply": "[{\"l\":'Labor',\"v\":0.00091749642858607544}]"}, {"source": 40, "prod": 0, "target": 23, "value": 0.012844950000205057, "supply": "[{\"l\":'Labor',\"v\":0.012844950000205057}]"}, {"source": 40, "prod": 0, "target": 4, "value": 0.0018349928571721509, "supply": "[{\"l\":'Labor',\"v\":0.0018349928571721509}]"}, {"source": 40, "prod": 0, "target": 25, "value": 0.0016820767857411384, "supply": "[{\"l\":'Labor',\"v\":0.0016820767857411384}]"}, {"source": 40, "prod": 0, "target": 26, "value": 0.00030583214286202513, "supply": "[{\"l\":'Labor',\"v\":0.00030583214286202513}]"}, {"source": 40, "prod": 0, "target": 21, "value": 0.5333712571513719, "supply": "[{\"l\":'Labor',\"v\":0.5333712571513719}]"}, {"source": 40, "prod": 0, "target": 22, "value": 0.015597439285963284, "supply": "[{\"l\":'Labor',\"v\":0.015597439285963284}]"}, {"source": 40, "prod": 0, "target": 27, "value": 0.068659316072524651, "supply": "[{\"l\":'Labor',\"v\":0.068659316072524651}]"}, {"source": 40, "prod": 0, "target": 28, "value": 0.00061166428572405026, "supply": "[{\"l\":'Labor',\"v\":0.00061166428572405026}]"}, {"source": 40, "prod": 0, "target": 29, "value": 0.11300497678751829, "supply": "[{\"l\":'Labor',\"v\":0.11300497678751829}]"}, {"source": 40, "prod": 0, "target": 30, "value": 0.13762446428791131, "supply": "[{\"l\":'Labor',\"v\":0.13762446428791131}]"}, {"source": 40, "prod": 0, "target": 31, "value": 0.018961592857445558, "supply": "[{\"l\":'Labor',\"v\":0.018961592857445558}]"}, {"source": 40, "prod": 0, "target": 32, "value": 0.00030583214286202513, "supply": "[{\"l\":'Labor',\"v\":0.00030583214286202513}]"}, {"source": 40, "prod": 0, "target": 34, "value": 0.65524536608188888, "supply": "[{\"l\":'Labor',\"v\":0.65524536608188888}]"}, {"source": 40, "prod": 0, "target": 33, "value": 0.0015291607143101259, "supply": "[{\"l\":'Labor',\"v\":0.0015291607143101259}]"}, {"source": 40, "prod": 0, "target": 24, "value": 0.0030583214286202518, "supply": "[{\"l\":'Labor',\"v\":0.0030583214286202518}]"}]}