{"nodes": [{"layer": 3, "name": "Cereals", "fill": "#e7ba52"}, {"layer": 5, "name": "Production", "fill": "#b5cf6b"}, {"layer": 3, "name": "Oilcrops", "fill": "#ff9896"}, {"layer": 3, "name": "Sugar Crops", "fill": "#ffbb78"}, {"layer": 3, "name": "Starchy Roots"}, {"layer": 3, "name": "Fruits & Vegetables"}, {"layer": 3, "name": "Others"}, {"layer": 1, "name": "Electricity", "fill": "#bcbd22"}, {"layer": 0, "name": "Fossil Fuels", "fill": "#c49c94"}, {"layer": 0, "name": "Renewables & Nuclear", "fill": "#2ca02c"}, {"layer": 1, "name": "Fertilizers", "fill": "#c5b0d5"}, {"layer": 0, "name": "Labor", "fill": "#7f7f7f"}], "links": [{"source": 0, "prod": 1437.0, "target": 1, "value": 6.1079390395239486, "supply": [{"l": "Maize", "v": 0.41201632274161776}, {"l": "Rice", "v": 5.6900675213912271}, {"l": "Sorghum", "v": 0.0058551953911034479}]}, {"source": 2, "prod": 102.84615384615385, "target": 1, "value": 0.40792144171116562, "supply": [{"l": "Coconuts - Incl Copra", "v": 0.05972299298925518}, {"l": "Groundnuts", "v": 0.18163104063631968}, {"l": "Oilcrops, Other", "v": 0.023583425880833338}, {"l": "Cottonseed", "v": 0.08019697949617921}, {"l": "Palm kernels", "v": 0.0040098489748089609}, {"l": "Oil Palm", "v": 0.058777153733769266}]}, {"source": 3, "prod": 1378.0, "target": 1, "value": 0.45987680467625003, "supply": [{"l": "Sugar cane", "v": 0.45987680467625003}]}, {"source": 4, "prod": 1795.0, "target": 1, "value": 1.9108031680340583, "supply": [{"l": "Roots, Other", "v": 0.087437742159147819}, {"l": "Potatoes", "v": 0.099979156822992271}, {"l": "Sweet potatoes", "v": 0.31395274025894016}, {"l": "Cassava", "v": 1.409433528792978}]}, {"source": 5, "prod": 1325.0, "target": 1, "value": 0.92624411961614095, "supply": [{"l": "Tomatoes", "v": 0.0034847151674664185}, {"l": "Treenuts", "v": 0.0047166851761666663}, {"l": "Vegetables, Other", "v": 0.067733792936812018}, {"l": "Grapes", "v": 0.0056760315311031118}, {"l": "Beans", "v": 0.23208735936932243}, {"l": "Pulses, Other", "v": 0.035919371726192306}, {"l": "Lemons, Limes", "v": 0.0045408252248824894}, {"l": "Pineapples", "v": 0.025073188473533639}, {"l": "Bananas", "v": 0.31075865814814652}, {"l": "Fruits, Other", "v": 0.19809350043549856}, {"l": "Grapefruit", "v": 0.0028380157655515559}, {"l": "Oranges, Mandarines", "v": 0.028446440483354703}, {"l": "Onions", "v": 0.0034795218512704918}, {"l": "Apples", "v": 0.0033960133268400002}]}, {"source": 6, "prod": 104.0, "target": 1, "value": 0.12755580682540935, "supply": [{"l": "Nuts", "v": 0.0047166851761666663}, {"l": "Cloves", "v": 0.017687569410625003}, {"l": "Coffee", "v": 0.071316279863640003}, {"l": "Cocoa Beans", "v": 0.0022946035992162162}, {"l": "Pimento", "v": 0.012324241911919356}, {"l": "Pepper", "v": 0.0058111111000000003}, {"l": "Spices, Other", "v": 0.013405315763842109}]}, {"source": 7, "prod": 0, "target": 0, "value": 0.00074306623227490094, "supply": "[{\"l\":'Energy for power irrigation',\"v\":0.00074306623227490094}]"}, {"source": 7, "prod": 0, "target": 2, "value": 5.4342469335091681e-05, "supply": "[{\"l\":'Energy for power irrigation',\"v\":5.4342469335091681e-05}]"}, {"source": 7, "prod": 0, "target": 3, "value": 0.00069115441652029257, "supply": "[{\"l\":'Energy for power irrigation',\"v\":0.00069115441652029257}]"}, {"source": 7, "prod": 0, "target": 4, "value": 0.00090080793328769625, "supply": "[{\"l\":'Energy for power irrigation',\"v\":0.00090080793328769625}]"}, {"source": 7, "prod": 0, "target": 5, "value": 0.00066406999090919258, "supply": "[{\"l\":'Energy for power irrigation',\"v\":0.00066406999090919258}]"}, {"source": 7, "prod": 0, "target": 6, "value": 5.5924323252549072e-05, "supply": "[{\"l\":'Energy for power irrigation',\"v\":5.5924323252549072e-05}]"}, {"source": 8, "prod": 0, "target": 7, "value": 0.0017141323411036561, "supply": [{"l": "Coal", "v": 0.00011595720053591433}, {"l": "Natural gas", "v": 0.00031306562740686036}, {"l": "Oil", "v": 0.0012851095131608814}]}, {"source": 9, "prod": 0, "target": 7, "value": 0.0024411822225846322, "supply": [{"l": "Nuclear", "v": 0.0}, {"l": "Hydroelectric", "v": 0.0024322427314270377}, {"l": "Renewable", "v": 8.9394911575943373e-06}]}, {"source": 8, "prod": 0, "target": 0, "value": 0.042745038973760995, "supply": [{"l": "Other fossil fuels", "v": 0.042745038973760995}]}, {"source": 8, "prod": 0, "target": 2, "value": 0.0031260618081747904, "supply": [{"l": "Other fossil fuels", "v": 0.0031260618081747904}]}, {"source": 8, "prod": 0, "target": 3, "value": 0.039758801016431089, "supply": [{"l": "Other fossil fuels", "v": 0.039758801016431089}]}, {"source": 8, "prod": 0, "target": 4, "value": 0.051819163008352848, "supply": [{"l": "Other fossil fuels", "v": 0.051819163008352848}]}, {"source": 8, "prod": 0, "target": 5, "value": 0.038200763821302434, "supply": [{"l": "Other fossil fuels", "v": 0.038200763821302434}]}, {"source": 8, "prod": 0, "target": 6, "value": 0.0032170582825341554, "supply": [{"l": "Other fossil fuels", "v": 0.0032170582825341554}]}, {"source": 10, "prod": 1.4211951198327364, "target": 0, "value": 0.017487938993959284, "supply": [{"l": "Potash", "v": 0.0023895444463560801}, {"l": "Phosphate", "v": 0.0063167083383866996}, {"l": "Nitrogen", "v": 0.064472138940466592}]}, {"source": 10, "prod": 0.10393589274303122, "target": 2, "value": 0.0012789408901057483, "supply": [{"l": "Potash", "v": 0.0023895444463560801}, {"l": "Phosphate", "v": 0.0063167083383866996}, {"l": "Nitrogen", "v": 0.064472138940466592}]}, {"source": 10, "prod": 1.321908116860959, "target": 3, "value": 0.016266203127692135, "supply": [{"l": "Potash", "v": 0.0023895444463560801}, {"l": "Phosphate", "v": 0.0063167083383866996}, {"l": "Nitrogen", "v": 0.064472138940466592}]}, {"source": 10, "prod": 1.7228933076068813, "target": 4, "value": 0.02120036343783387, "supply": [{"l": "Potash", "v": 0.0023895444463560801}, {"l": "Phosphate", "v": 0.0063167083383866996}, {"l": "Nitrogen", "v": 0.064472138940466592}]}, {"source": 10, "prod": 1.2701062022669882, "target": 5, "value": 0.015628775719204926, "supply": [{"l": "Potash", "v": 0.0023895444463560801}, {"l": "Phosphate", "v": 0.0063167083383866996}, {"l": "Nitrogen", "v": 0.064472138940466592}]}, {"source": 10, "prod": 0.10696136068940271, "target": 6, "value": 0.0013161695564134056, "supply": [{"l": "Potash", "v": 0.0023895444463560801}, {"l": "Phosphate", "v": 0.0063167083383866996}, {"l": "Nitrogen", "v": 0.064472138940466592}]}, {"source": 8, "prod": 0, "target": 10, "value": 0.088420642867667321, "supply": [{"l": "Natural gas (including LNG)", "v": 0.059669443094989005}, {"l": "Fuel oil", "v": 0.017354383279803799}, {"l": "Liquefied petroleum gas (LPG)", "v": 0.005698408246437258}, {"l": "Coal", "v": 0.005698408246437258}]}, {"source": 11, "prod": 0, "target": 0, "value": 0.46514213932790865, "supply": "[{\"l\":'Labor',\"v\":0.46514213932790865}]"}, {"source": 11, "prod": 0, "target": 2, "value": 0.034017118992879333, "supply": "[{\"l\":'Labor',\"v\":0.034017118992879333}]"}, {"source": 11, "prod": 0, "target": 3, "value": 0.4326465528139441, "supply": "[{\"l\":'Labor',\"v\":0.4326465528139441}]"}, {"source": 11, "prod": 0, "target": 4, "value": 0.5638847669476369, "supply": "[{\"l\":'Labor',\"v\":0.5638847669476369}]"}, {"source": 11, "prod": 0, "target": 5, "value": 0.41569233376317999, "supply": "[{\"l\":'Labor',\"v\":0.41569233376317999}]"}, {"source": 11, "prod": 0, "target": 6, "value": 0.035007322669633356, "supply": "[{\"l\":'Labor',\"v\":0.035007322669633356}]"}]}