{"nodes": [{"layer": 13, "name": "Other Processed", "fill": "#9c9ede"}, {"layer": 10, "name": "Feed", "fill": "#dbdb8d"}, {"layer": 13, "name": "Animal Products", "fill": "#17becf"}, {"layer": 5, "name": "Cereals", "fill": "#e7ba52"}, {"layer": 5, "name": "Oilcrops", "fill": "#ff9896"}, {"layer": 5, "name": "Fruits, Roots & Vegetables", "fill": "#98df8a"}, {"layer": 5, "name": "Sugar Crops", "fill": "#ffbb78"}, {"layer": 13, "name": "Aquatic Products", "fill": "#1f77b4"}, {"layer": 16, "name": "Food", "fill": "#b5cf6b"}, {"layer": 13, "name": "Sugar", "fill": "#d6616b"}, {"layer": 13, "name": "Vegetable Oils", "fill": "#f7b6d2"}, {"layer": 10, "name": "Processing", "fill": "#9edae5"}, {"layer": 16, "name": "Biofuels & Other", "fill": "#e7ba52"}, {"name": "Waste", "fill": "#c7c7c7"}, {"layer": 2, "name": "Import", "fill": "#aec7e8"}, {"layer": 16, "name": "Export", "fill": "#aec7e8"}, {"layer": 0, "name": "Stock Draw", "fill": "#c7c7c7"}, {"layer": 16, "name": "Stock Deposit", "fill": "#c7c7c7"}, {"name": "Crop Residue", "fill": "#bd9e39"}, {"layer": 2, "name": "Electricity", "fill": "#bcbd22"}, {"layer": 0, "name": "Fossil Fuels", "fill": "#c49c94"}, {"layer": 0, "name": "Renewables & Nuclear", "fill": "#2ca02c"}, {"layer": 2, "name": "Fertilizers", "fill": "#c5b0d5"}, {"layer": 0, "name": "Labor", "fill": "#7f7f7f"}], "links": [{"source": 0, "prod": 4.0, "target": 1, "value": 0.033630392155405545, "supply": [{"l": "Fish, Body Oil", "v": 0.016759172102194003}, {"l": "Fats, Animals, Raw", "v": 0.016871220053211539}]}, {"source": 2, "prod": 549.0, "target": 1, "value": 0.36481578101785933, "supply": [{"l": "Milk - Excluding Butter", "v": 0.36481578101785933}]}, {"source": 3, "prod": 6226.0, "target": 1, "value": 23.405210190877987, "supply": [{"l": "Maize", "v": 5.8729039053145842}, {"l": "Wheat", "v": 0.82689970567747817}, {"l": "Oats", "v": 0.092859739405781253}, {"l": "Barley", "v": 0.5073952638783219}, {"l": "Sorghum", "v": 15.758475216153574}, {"l": "Cereals, Other", "v": 0.34667636044825001}]}, {"source": 4, "prod": 51.0, "target": 1, "value": 0.22846443822057294, "supply": [{"l": "Soyabeans", "v": 0.1341307346972396}, {"l": "Oilcrops, Other", "v": 0.09433370352333334}]}, {"source": 5, "prod": 324.0, "target": 1, "value": 0.37626345891763363, "supply": [{"l": "Bananas", "v": 0.19030259975567845}, {"l": "Potatoes", "v": 0.00080094653934905671}, {"l": "Plantains", "v": 0.026048965859284096}, {"l": "Cassava", "v": 0.006137373482240964}, {"l": "Pulses, Other", "v": 0.15297357328108105}]}, {"source": 6, "prod": 371.0, "target": 1, "value": 0.14764698565519219, "supply": [{"l": "Sugar cane", "v": 0.14764698565519219}]}, {"source": 7, "prod": 711.0, "target": 1, "value": 0.50268863500954175, "supply": [{"l": "Pelagic Fish", "v": 0.2532027583393941}, {"l": "Fish, Seafood", "v": 0.23608056090630553}, {"l": "Demersal Fish", "v": 0.013405315763842107}]}, {"source": 0, "prod": 2538.0, "target": 8, "value": 3.0655642986704286, "supply": [{"l": "Beer", "v": 0.89482361320236603}, {"l": "Beverages, Alcoholic", "v": 0.68031006101805658}, {"l": "Fats, Animals, Raw", "v": 1.1050649134853558}, {"l": "Butter, Ghee", "v": 0.35791316925029415}, {"l": "Wine", "v": 0.025491645877616119}, {"l": "Beverages, Fermented", "v": 0.0019608958367397012}]}, {"source": 2, "prod": 10896.0, "target": 8, "value": 12.021396953774994, "supply": [{"l": "Meat, Other", "v": 0.071949434890677968}, {"l": "Mutton & Goat Meat", "v": 0.10681009656996776}, {"l": "Pigmeat", "v": 3.6128267314125453}, {"l": "Poultry Meat", "v": 0.64362887565920091}, {"l": "Milk - Excluding Butter", "v": 5.152607588365175}, {"l": "Bovine Meat", "v": 1.3244532144962284}, {"l": "Offals, Edible", "v": 0.32132808216706293}, {"l": "Eggs", "v": 0.7877929302141341}]}, {"source": 3, "prod": 12711.0, "target": 8, "value": 46.745499281153037, "supply": [{"l": "Maize", "v": 34.852752034717099}, {"l": "Barley", "v": 0.014664603002263637}, {"l": "Cereals, Other", "v": 0.035375138821250006}, {"l": "Rice", "v": 2.4699342935357178}, {"l": "Wheat", "v": 8.801470352097402}, {"l": "Oats", "v": 0.071634656113031256}, {"l": "Sorghum", "v": 0.49966820286626751}]}, {"source": 4, "prod": 240.0, "target": 8, "value": 0.701103019923491, "supply": [{"l": "Olives", "v": 0.0089368771758947391}, {"l": "Coconuts - Incl Copra", "v": 0.25086128595250251}, {"l": "Sesame seed", "v": 0.25470099951300001}, {"l": "Groundnuts", "v": 0.17687569410625004}, {"l": "Soyabeans", "v": 0.003832306705635417}, {"l": "Rape and Mustardseed", "v": 0.0058958564702083337}]}, {"source": 5, "prod": 10813.0, "target": 8, "value": 9.1687652543690366, "supply": [{"l": "Roots, Other", "v": 0.036385857073285718}, {"l": "Plantains", "v": 0.28557384793881818}, {"l": "Nuts", "v": 0.10745198416954688}, {"l": "Yams", "v": 0.015848062191920004}, {"l": "Cocoa Beans", "v": 0.035566355787851348}, {"l": "Tomatoes", "v": 0.14310396101060907}, {"l": "Coffee", "v": 0.071462870366956824}, {"l": "Treenuts", "v": 0.10745198416954688}, {"l": "Apples", "v": 0.17897908073886487}, {"l": "Vegetables, Other", "v": 0.32204341037900264}, {"l": "Peas", "v": 0.012193132955409573}, {"l": "Grapes", "v": 0.035964724468270842}, {"l": "Infant food", "v": 0.035919371726192306}, {"l": "Potatoes", "v": 0.50059158709316032}, {"l": "Pimento", "v": 0.10745198416954688}, {"l": "Pepper", "v": 0.0055273654408203136}, {"l": "Grapefruit", "v": 0.056948888780000005}, {"l": "Pineapples", "v": 0.1432474757206173}, {"l": "Beans", "v": 3.7592887908889914}, {"l": "Pulses, Other", "v": 0.35948789721054047}, {"l": "Lemons, Limes", "v": 0.10738881427879464}, {"l": "Bananas", "v": 1.0733066626220265}, {"l": "Citrus, Other", "v": 0.058111111000000007}, {"l": "Spices, Other", "v": 0.035375138821250006}, {"l": "Fruits, Other", "v": 0.7155434346382209}, {"l": "Sweet potatoes", "v": 0.071602690626144591}, {"l": "Oranges, Mandarines", "v": 0.53658260246988965}, {"l": "Onions", "v": 0.10716078638046951}, {"l": "Cassava", "v": 0.14320538125228918}]}, {"source": 9, "prod": 3443.0, "target": 8, "value": 14.243218828554078, "supply": [{"l": "Sugar", "v": 13.52562821349871}, {"l": "Sugar non-centrifugal", "v": 0.53621263055368429}, {"l": "Sweeteners, Other", "v": 0.10805496949036365}, {"l": "Honey", "v": 0.073323015011318188}]}, {"source": 7, "prod": 655.0, "target": 8, "value": 0.47555317065041558, "supply": [{"l": "Freshwater Fish", "v": 0.012735049975650002}, {"l": "Pelagic Fish", "v": 0.10712424391282058}, {"l": "Crustaceans", "v": 0.014592244763765624}, {"l": "Aquatic Products, Other", "v": 0.0028371038653634082}, {"l": "Marine Fish, Other", "v": 0.035712044905261899}, {"l": "Demersal Fish", "v": 0.035747508703578956}, {"l": "Fish, Seafood", "v": 0.21480005964151178}, {"l": "Cephalopods", "v": 0.0084900333171}, {"l": "Molluscs, Other", "v": 0.040677777700000001}, {"l": "Aquatic Animals, Others", "v": 0.0028371038653634082}]}, {"source": 10, "prod": 497.0, "target": 8, "value": 5.1948800284656933, "supply": [{"l": "Maize Germ Oil", "v": 0.0339601332684}, {"l": "Groundnut Oil", "v": 0.031837624939125002}, {"l": "Soyabean Oil", "v": 1.6530858522184131}, {"l": "Palm Oil", "v": 0.39431488072753335}, {"l": "Sunflowerseed Oil", "v": 0.0098721317640697668}, {"l": "Olive Oil", "v": 0.028300111057000001}, {"l": "Coconut Oil", "v": 0.49705285965567275}, {"l": "Rape and Mustard Oil", "v": 0.0424501665855}, {"l": "Oilcrops Oil, Other", "v": 1.0751722520425819}, {"l": "Sesameseed Oil", "v": 0.28653862445212502}, {"l": "Cottonseed Oil", "v": 1.1422953917552727}]}, {"source": 0, "prod": 103.0, "target": 11, "value": 0.20197227118418923, "supply": [{"l": "Wine", "v": 0.20197227118418923}]}, {"source": 3, "prod": 714.0, "target": 11, "value": 2.4795009680065365, "supply": [{"l": "Maize", "v": 1.5729632379344511}, {"l": "Rice", "v": 0.076521200143963727}, {"l": "Barley", "v": 0.8300165299281218}]}, {"source": 4, "prod": 2942.8888888888887, "target": 11, "value": 11.902476050253048, "supply": [{"l": "Sunflower seed", "v": 0.007718212106454546}, {"l": "Olives", "v": 0.020107973645763159}, {"l": "Coconuts - Incl Copra", "v": 1.2557996517027059}, {"l": "Soyabeans", "v": 2.61746547994899}, {"l": "Sesame seed", "v": 0.43157669361925}, {"l": "Cottonseed", "v": 4.6577266114645841}, {"l": "Rape and Mustardseed", "v": 0.035375138821250006}, {"l": "Groundnuts", "v": 0.041270995291458341}, {"l": "Palm kernels", "v": 0.12970884234458335}, {"l": "Oilcrops, Other", "v": 1.751069371651875}, {"l": "Oil Palm", "v": 0.95465707965613311}]}, {"source": 5, "prod": 157.0, "target": 11, "value": 0.046282473291135419, "supply": [{"l": "Grapes", "v": 0.046282473291135419}]}, {"source": 6, "prod": 45654.0, "target": 11, "value": 18.168936612135159, "supply": [{"l": "Sugar cane", "v": 18.168936612135159}]}, {"source": 9, "prod": 61.0, "target": 11, "value": 0.25553883174824016, "supply": [{"l": "Sugar non-centrifugal", "v": 0.25553883174824016}]}, {"source": 10, "prod": 1.0, "target": 11, "value": 0.010438565553811476, "supply": [{"l": "Oilcrops Oil, Other", "v": 0.010438565553811476}]}, {"source": 0, "prod": 221.0, "target": 12, "value": 1.4301838452813043, "supply": [{"l": "Alcohol, Non-Food", "v": 0.13138002106155999}, {"l": "Fats, Animals, Raw", "v": 1.2569058939642594}, {"l": "Fish, Body Oil", "v": 0.041897930255485008}]}, {"source": 2, "prod": 95.0, "target": 12, "value": 0.069134029540271938, "supply": [{"l": "Milk - Excluding Butter", "v": 0.056483317643930872}, {"l": "Offals, Edible", "v": 0.012650711896341061}]}, {"source": 3, "prod": 58.0, "target": 12, "value": 0.22090040629587931, "supply": [{"l": "Maize", "v": 0.22090040629587931}]}, {"source": 4, "prod": 98.0, "target": 12, "value": 0.56898866502038703, "supply": [{"l": "Cottonseed", "v": 0.56600222114000009}, {"l": "Coconuts - Incl Copra", "v": 0.0029864438803869349}]}, {"source": 5, "prod": 6.0, "target": 12, "value": 0.004677371188819183, "supply": [{"l": "Oranges, Mandarines", "v": 0.00058578886732520705}, {"l": "Cassava", "v": 0.0040915823214939763}]}, {"source": 6, "prod": 3000.0, "target": 12, "value": 1.1939109352171875, "supply": [{"l": "Sugar cane", "v": 1.1939109352171875}]}, {"source": 9, "prod": 47.0, "target": 12, "value": 0.18361560905872465, "supply": [{"l": "Sugar", "v": 0.033110472982860982}, {"l": "Sweeteners, Other", "v": 0.15050513607586366}]}, {"source": 7, "prod": 118.0, "target": 12, "value": 0.083110001239165177, "supply": [{"l": "Aquatic Products, Other", "v": 0.032626694451679199}, {"l": "Fish, Seafood", "v": 0.0086452036388224556}, {"l": "Pelagic Fish", "v": 0.0044947235208176476}, {"l": "Marine Fish, Other", "v": 0.0047166851761666663}, {"l": "Aquatic Plants", "v": 0.032626694451679199}]}, {"source": 10, "prod": 153.0, "target": 12, "value": 1.6197553801866094, "supply": [{"l": "Coconut Oil", "v": 0.78880127727965454}, {"l": "Palm Oil", "v": 0.24904097730159999}, {"l": "Palmkernel Oil", "v": 0.12630664320111887}, {"l": "Oilcrops Oil, Other", "v": 0.19833274552241803}, {"l": "Cottonseed Oil", "v": 0.2572737368818182}]}, {"source": 5, "prod": 143.0, "target": 5, "value": 0.35628942637838651, "supply": [{"l": "Potatoes", "v": 0.047255845821594339}, {"l": "Roots, Other", "v": 0.00075803868902678576}, {"l": "Yams", "v": 0.0011320044422800002}, {"l": "Sweet potatoes", "v": 0.0081831646429879525}, {"l": "Beans", "v": 0.25306830079817311}, {"l": "Pulses, Other", "v": 0.045892071984324323}]}, {"source": 6, "prod": 187.0, "target": 6, "value": 0.074420448295204694, "supply": [{"l": "Sugar cane", "v": 0.074420448295204694}]}, {"source": 2, "prod": 22.0, "target": 2, "value": 0.033138517140938711, "supply": [{"l": "Eggs", "v": 0.033138517140938711}]}, {"source": 3, "prod": 548.0, "target": 3, "value": 2.0299230879705981, "supply": [{"l": "Maize", "v": 1.5653459825449381}, {"l": "Wheat", "v": 0.24744347253227567}, {"l": "Oats", "v": 0.0079594062347812505}, {"l": "Barley", "v": 0.035195047205432727}, {"l": "Rice", "v": 0.072270022358187969}, {"l": "Sorghum", "v": 0.094634129330732494}, {"l": "Cereals, Other", "v": 0.0070750277642500003}]}, {"source": 4, "prod": 61.0, "target": 4, "value": 0.3363586116253855, "supply": [{"l": "Soyabeans", "v": 0.04981998717326043}, {"l": "Sesame seed", "v": 0.02122508329275}, {"l": "Cottonseed", "v": 0.15329226822541669}, {"l": "Groundnuts", "v": 0.011791712940416667}, {"l": "Oilcrops, Other", "v": 0.10022955999354169}]}, {"source": 5, "prod": 1805.0, "target": 13, "value": 1.268374095139615, "supply": [{"l": "Vegetables, Other", "v": 0.036254887038008839}, {"l": "Potatoes", "v": 0.063274776608575473}, {"l": "Pineapples", "v": 0.022011197488777782}, {"l": "Fruits, Other", "v": 0.085215947792453534}, {"l": "Yams", "v": 0.0011320044422800002}, {"l": "Plantains", "v": 0.05981614382502274}, {"l": "Citrus, Other", "v": 0.012784444420000001}, {"l": "Grapefruit", "v": 0.010459999980000001}, {"l": "Beans", "v": 0.22041432650163464}, {"l": "Cocoa Beans", "v": 0.0022946035992162162}, {"l": "Tomatoes", "v": 0.014430651530481588}, {"l": "Coffee", "v": 0.0097727002211223032}, {"l": "Lemons, Limes", "v": 0.01212861902442857}, {"l": "Bananas", "v": 0.56405690567583089}, {"l": "Apples", "v": 0.019504130593337839}, {"l": "Roots, Other", "v": 0.0022741160670803574}, {"l": "Sweet potatoes", "v": 0.006137373482240964}, {"l": "Oranges, Mandarines", "v": 0.070294664079024835}, {"l": "Cassava", "v": 0.014320538125228916}, {"l": "Onions", "v": 0.0073770106566265247}, {"l": "Pulses, Other", "v": 0.034419053988243242}]}, {"source": 6, "prod": 929.0, "target": 13, "value": 0.36971441960558904, "supply": [{"l": "Sugar cane", "v": 0.36971441960558904}]}, {"source": 2, "prod": 421.0, "target": 13, "value": 0.32362919602965157, "supply": [{"l": "Milk - Excluding Butter", "v": 0.24520404953659397}, {"l": "Bovine Meat", "v": 0.0029663005923767712}, {"l": "Poultry Meat", "v": 0.0016503304504082072}, {"l": "Eggs", "v": 0.073808515450272602}]}, {"source": 3, "prod": 1124.0, "target": 13, "value": 3.962524274629915, "supply": [{"l": "Maize", "v": 1.9385914966310787}, {"l": "Oats", "v": 0.00265313541159375}, {"l": "Barley", "v": 0.049859650207696359}, {"l": "Rice", "v": 0.12753533357327285}, {"l": "Sorghum", "v": 0.39367797801584714}, {"l": "Wheat", "v": 1.4502066807904259}]}, {"source": 4, "prod": 135.0, "target": 13, "value": 0.68684209547274, "supply": [{"l": "Soyabeans", "v": 0.088143054229614604}, {"l": "Coconuts - Incl Copra", "v": 0.020905107162708544}, {"l": "Groundnuts", "v": 0.023583425880833335}, {"l": "Oilcrops, Other", "v": 0.55421050819958351}]}, {"source": 14, "prod": 244.0, "target": 11, "value": 1.9523350093515102, "supply": [{"l": "Sugar", "v": 0.053804518597149097}, {"l": "Beer", "v": 0.00041503878163375051}, {"l": "Beverages, Alcoholic", "v": 0.06312155205322173}, {"l": "Fats, Animals, Raw", "v": 0.83512539263397112}, {"l": "Soyabean Oil", "v": 0.25829466440912702}, {"l": "Butter, Ghee", "v": 0.091559182831470576}, {"l": "Palm Oil", "v": 0.19715744036376667}, {"l": "Olive Oil", "v": 0.014150055528500001}, {"l": "Coconut Oil", "v": 0.21610993898072731}, {"l": "Oilcrops Oil, Other", "v": 0.031315696661434432}, {"l": "Wine", "v": 0.011765375020438206}, {"l": "Sweeteners, Other", "v": 0.05788659079840909}, {"l": "Beverages, Fermented", "v": 0.0019608958367397012}, {"l": "Fish, Body Oil", "v": 0.016759172102194003}, {"l": "Cottonseed Oil", "v": 0.10290949475272729}]}, {"source": 14, "prod": 1558.0, "target": 3, "value": 5.7507957228384647, "supply": [{"l": "Maize", "v": 3.6562825869662787}, {"l": "Barley", "v": 0.14078018882173091}, {"l": "Rice", "v": 0.017004711143103049}, {"l": "Cereals, Other", "v": 0.33252630491975005}, {"l": "Wheat", "v": 1.3217866507420297}, {"l": "Oats", "v": 0.02122508329275}, {"l": "Sorghum", "v": 0.26119019695282164}]}, {"source": 14, "prod": 482.0, "target": 4, "value": 2.1063524974498513, "supply": [{"l": "Coconuts - Incl Copra", "v": 0.0044796658205804021}, {"l": "Cottonseed", "v": 0.64264835525270836}, {"l": "Groundnuts", "v": 0.0058958564702083337}, {"l": "Oilcrops, Other", "v": 0.09433370352333334}, {"l": "Soyabeans", "v": 1.341307346972396}, {"l": "Rape and Mustardseed", "v": 0.0058958564702083337}, {"l": "Palm kernels", "v": 0.011791712940416667}]}, {"source": 14, "prod": 285.0, "target": 5, "value": 0.28544057513357635, "supply": [{"l": "Roots, Other", "v": 0.0030321547561071431}, {"l": "Pulses, Other", "v": 0.0076486786640540538}, {"l": "Plantains", "v": 0.027978518885897731}, {"l": "Nuts", "v": 0.011939109352171875}, {"l": "Citrus, Other", "v": 0.0046488888800000003}, {"l": "Infant food", "v": 0.03918476915584615}, {"l": "Cocoa Beans", "v": 0.0034419053988243241}, {"l": "Tomatoes", "v": 0.0024051085884135978}, {"l": "Coffee", "v": 0.00061079376382014395}, {"l": "Treenuts", "v": 0.011939109352171875}, {"l": "Vegetables, Other", "v": 0.011501550370678664}, {"l": "Peas", "v": 0.0040643776518031914}, {"l": "Grapes", "v": 0.0005895856470208334}, {"l": "Potatoes", "v": 0.028834075416566039}, {"l": "Pepper", "v": 0.0055273654408203136}, {"l": "Beans", "v": 0.036735721083605767}, {"l": "Apples", "v": 0.0068838107976486483}, {"l": "Lemons, Limes", "v": 0.00025267956300892855}, {"l": "Bananas", "v": 0.026642363965794984}, {"l": "Spices, Other", "v": 0.02122508329275}, {"l": "Fruits, Other", "v": 0.023445657593690918}, {"l": "Sweet potatoes", "v": 0.0010228955803734941}, {"l": "Oranges, Mandarines", "v": 0.001757366601975621}, {"l": "Onions", "v": 0.0031061097501585365}, {"l": "Cassava", "v": 0.0010228955803734941}]}, {"source": 14, "prod": 1257.0, "target": 1, "value": 0.89688285807954393, "supply": [{"l": "Meat, Other", "v": 0.0043169660934406781}, {"l": "Crustaceans", "v": 0.0006632838528984375}, {"l": "Eggs", "v": 0.0015062962336790326}, {"l": "Marine Fish, Other", "v": 0.0020214365040714284}, {"l": "Demersal Fish", "v": 0.0014894795293157897}, {"l": "Pigmeat", "v": 0.022119347335178844}, {"l": "Milk - Excluding Butter", "v": 0.59008454197424243}, {"l": "Fish, Seafood", "v": 0.10640250632396868}, {"l": "Pelagic Fish", "v": 0.11611369095445587}, {"l": "Bovine Meat", "v": 0.025213555035202551}, {"l": "Poultry Meat", "v": 0.0016503304504082072}, {"l": "Offals, Edible", "v": 0.025301423792682121}]}, {"source": 0, "prod": 66.0, "target": 15, "value": 0.22528497842782153, "supply": [{"l": "Beer", "v": 0.0091308531959425118}, {"l": "Beverages, Alcoholic", "v": 0.10520258675536956}, {"l": "Fats, Animals, Raw", "v": 0.0084356100266057693}, {"l": "Wine", "v": 0.0019608958367397012}, {"l": "Fish, Body Oil", "v": 0.10055503261316401}]}, {"source": 2, "prod": 208.0, "target": 15, "value": 0.26985483209033989, "supply": [{"l": "Meat, Other", "v": 0.0071949434890677963}, {"l": "Eggs", "v": 0.0030125924673580651}, {"l": "Pigmeat", "v": 0.011059673667589422}, {"l": "Poultry Meat", "v": 0.0016503304504082072}, {"l": "Milk - Excluding Butter", "v": 0.03654802906371997}, {"l": "Bovine Meat", "v": 0.20912419176256233}, {"l": "Offals, Edible", "v": 0.0012650711896341059}]}, {"source": 3, "prod": 102.0, "target": 15, "value": 0.38364693315526183, "supply": [{"l": "Maize", "v": 0.12187608623220929}, {"l": "Rice", "v": 0.059516489000860678}, {"l": "Cereals, Other", "v": 0.02122508329275}, {"l": "Wheat", "v": 0.093965875645167979}, {"l": "Sorghum", "v": 0.087063398984273899}]}, {"source": 4, "prod": 103.0, "target": 15, "value": 0.57755098924094084, "supply": [{"l": "Coconuts - Incl Copra", "v": 0.026877994923482407}, {"l": "Sesame seed", "v": 0.29715116609850001}, {"l": "Groundnuts", "v": 0.017687569410625003}, {"l": "Oilcrops, Other", "v": 0.0058958564702083337}, {"l": "Cottonseed", "v": 0.21814668939770837}, {"l": "Palm kernels", "v": 0.011791712940416667}]}, {"source": 5, "prod": 4828.0, "target": 15, "value": 3.3024862349869348, "supply": [{"l": "Infant food", "v": 0.0032653974296538461}, {"l": "Plantains", "v": 0.041485390072193186}, {"l": "Fruits, Other", "v": 0.055007119739044083}, {"l": "Citrus, Other", "v": 0.016271111080000001}, {"l": "Tomatoes", "v": 0.091153615500875362}, {"l": "Pepper", "v": 0.011054730881640627}, {"l": "Vegetables, Other", "v": 0.12926742481827977}, {"l": "Grapes", "v": 0.0026531354115937504}, {"l": "Cocoa Beans", "v": 0.022946035992162161}, {"l": "Potatoes", "v": 0.040047326967452834}, {"l": "Pimento", "v": 0.0079594062347812505}, {"l": "Coffee", "v": 0.37319498969410797}, {"l": "Beans", "v": 0.20816908614043272}, {"l": "Pulses, Other", "v": 0.10708150129675674}, {"l": "Lemons, Limes", "v": 0.0015160773780535713}, {"l": "Pineapples", "v": 0.033191488276728402}, {"l": "Bananas", "v": 2.0613577605535087}, {"l": "Spices, Other", "v": 0.0070750277642500003}, {"l": "Grapefruit", "v": 0.039515555480000006}, {"l": "Oranges, Mandarines", "v": 0.026067604595971711}, {"l": "Onions", "v": 0.013977493875713416}, {"l": "Cassava", "v": 0.010228955803734941}]}, {"source": 9, "prod": 887.0, "target": 15, "value": 3.6543415077968899, "supply": [{"l": "Sugar", "v": 3.4227951446032536}, {"l": "Sweeteners, Other", "v": 0.015436424212909092}, {"l": "Honey", "v": 0.21610993898072731}]}, {"source": 7, "prod": 371.0, "target": 15, "value": 0.25828189072317809, "supply": [{"l": "Crustaceans", "v": 0.0424501665855}, {"l": "Marine Fish, Other", "v": 0.0087595581843095231}, {"l": "Pelagic Fish", "v": 0.075661179267097062}, {"l": "Fish, Seafood", "v": 0.12369291360161359}, {"l": "Molluscs, Other", "v": 0.0069733333200000004}, {"l": "Demersal Fish", "v": 0.00074473976465789485}]}, {"source": 10, "prod": 19.0, "target": 15, "value": 0.19735953380462329, "supply": [{"l": "Groundnut Oil", "v": 0.010612541646375}, {"l": "Palm Oil", "v": 0.031130122162699999}, {"l": "Coconut Oil", "v": 0.010805496949036365}, {"l": "Oilcrops Oil, Other", "v": 0.052192827769057377}, {"l": "Cottonseed Oil", "v": 0.092618545277454556}]}, {"source": 16, "prod": 220.0, "target": 5, "value": 0.69483403413820211, "supply": [{"l": "Beans", "v": 0.46531913372567318}, {"l": "Coffee", "v": 0.025653338080446043}, {"l": "Cocoa Beans", "v": 0.011473017996081081}, {"l": "Oranges, Mandarines", "v": 0.0011715777346504141}, {"l": "Pulses, Other", "v": 0.19121696660135132}]}, {"source": 16, "prod": 324.0, "target": 4, "value": 1.7404568300055003, "supply": [{"l": "Soyabeans", "v": 0.38323067056354171}, {"l": "Sesame seed", "v": 0.21932586069175003}, {"l": "Cottonseed", "v": 0.25941768468916671}, {"l": "Oilcrops, Other", "v": 0.87848261406104189}]}, {"source": 2, "prod": 1.0, "target": 17, "value": 0.0014831502961883856, "supply": [{"l": "Bovine Meat", "v": 0.0014831502961883856}]}, {"source": 0, "prod": 8.0, "target": 17, "value": 0.028054023134765217, "supply": [{"l": "Beverages, Alcoholic", "v": 0.028054023134765217}]}, {"source": 3, "prod": 294.0, "target": 17, "value": 0.89954312910332224, "supply": [{"l": "Barley", "v": 0.31382250424844182}, {"l": "Wheat", "v": 0.58572062485488041}]}, {"source": 16, "prod": 19.0, "target": 1, "value": 0.0126256827674669, "supply": [{"l": "Milk - Excluding Butter", "v": 0.0126256827674669}]}, {"source": 5, "prod": 8.0, "target": 17, "value": 0.0064075723147924537, "supply": [{"l": "Potatoes", "v": 0.0064075723147924537}]}, {"source": 4, "prod": 1.0, "target": 17, "value": 0.0058958564702083337, "supply": [{"l": "Palm kernels", "v": 0.0058958564702083337}]}, {"source": 16, "prod": 40.0, "target": 11, "value": 0.33791209029073754, "supply": [{"l": "Fats, Animals, Raw", "v": 0.016871220053211539}, {"l": "Soyabean Oil", "v": 0.18597215837457146}, {"l": "Honey", "v": 0.0424501665855}, {"l": "Cottonseed Oil", "v": 0.092618545277454556}]}, {"source": 9, "prod": 180.0, "target": 17, "value": 0.74498564211437202, "supply": [{"l": "Sugar", "v": 0.74498564211437202}]}, {"source": 16, "prod": 1245.0, "target": 3, "value": 4.7467998096869177, "supply": [{"l": "Maize", "v": 4.5208410736760127}, {"l": "Oats", "v": 0.026531354115937499}, {"l": "Rice", "v": 0.13178651135904862}, {"l": "Sorghum", "v": 0.060565842771668786}, {"l": "Cereals, Other", "v": 0.0070750277642500003}]}, {"source": 1, "prod": 1855.0, "target": 7, "value": 1.3196336976223006, "supply": [{"l": "Pelagic Fish", "v": 0.44048290504012944}, {"l": "Crustaceans", "v": 0.057042411349265625}, {"l": "Freshwater Fish", "v": 0.012735049975650002}, {"l": "Molluscs, Other", "v": 0.047651111019999998}, {"l": "Aquatic Animals, Others", "v": 0.0028371038653634082}, {"l": "Aquatic Plants", "v": 0.032626694451679199}, {"l": "Demersal Fish", "v": 0.049897564232078959}, {"l": "Aquatic Products, Other", "v": 0.035463798317042605}, {"l": "Fish, Seafood", "v": 0.58321873778825328}, {"l": "Marine Fish, Other", "v": 0.049188288265738095}, {"l": "Cephalopods", "v": 0.0084900333171}]}, {"source": 1, "prod": 12170.0, "target": 2, "value": 13.050313942749305, "supply": [{"l": "Poultry Meat", "v": 0.64692953656001728}, {"l": "Pigmeat", "v": 3.6238864050801349}, {"l": "Bovine Meat", "v": 1.5380268571473559}, {"l": "Eggs", "v": 0.89775255527270348}, {"l": "Milk - Excluding Butter", "v": 5.8556587656272789}, {"l": "Offals, Edible", "v": 0.33524386525303806}, {"l": "Meat, Other", "v": 0.079144378379745764}, {"l": "Mutton & Goat Meat", "v": 0.10681009656996776}]}, {"source": 11, "prod": 2940.0, "target": 0, "value": 4.9846898088539149, "supply": [{"l": "Fats, Animals, Raw", "v": 2.3872776375294325}, {"l": "Alcohol, Non-Food", "v": 0.13138002106155999}, {"l": "Beverages, Fermented", "v": 0.0019608958367397012}, {"l": "Fish, Body Oil", "v": 0.15921213497084302}, {"l": "Beer", "v": 0.90395446639830856}, {"l": "Beverages, Alcoholic", "v": 0.81356667090819135}, {"l": "Butter, Ghee", "v": 0.35791316925029415}, {"l": "Wine", "v": 0.22942481289854505}]}, {"source": 11, "prod": 670.0, "target": 10, "value": 7.0224335080107378, "supply": [{"l": "Olive Oil", "v": 0.028300111057000001}, {"l": "Sesameseed Oil", "v": 0.28653862445212502}, {"l": "Soyabean Oil", "v": 1.6530858522184131}, {"l": "Coconut Oil", "v": 1.2966596338843637}, {"l": "Cottonseed Oil", "v": 1.4921876739145454}, {"l": "Rape and Mustard Oil", "v": 0.0424501665855}, {"l": "Maize Germ Oil", "v": 0.0339601332684}, {"l": "Groundnut Oil", "v": 0.0424501665855}, {"l": "Palm Oil", "v": 0.67448598019183326}, {"l": "Palmkernel Oil", "v": 0.12630664320111887}, {"l": "Oilcrops Oil, Other", "v": 1.3361363908878687}, {"l": "Sunflowerseed Oil", "v": 0.0098721317640697668}]}, {"source": 11, "prod": 4618.0, "target": 9, "value": 19.081700419272305, "supply": [{"l": "Honey", "v": 0.28943295399204549}, {"l": "Sweeteners, Other", "v": 0.27399652977913641}, {"l": "Sugar non-centrifugal", "v": 0.79175146230192439}, {"l": "Sugar", "v": 17.726519473199197}]}, {"source": 5, "prod": 17834.0, "target": 18, "value": 62.685390376201809, "supply": [{"l": "Roots, Other", "v": 0.086294999835000011}, {"l": "Pulses, Other", "v": 0.54740666561999995}, {"l": "Beans", "v": 3.5790633264900005}, {"l": "Onions", "v": 1.1418833311500001}, {"l": "Vegetables, Other", "v": 6.7188066538200006}, {"l": "Tomatoes", "v": 3.5877799931400003}, {"l": "Peas", "v": 0.10132588489626188}, {"l": "Yams", "v": 0.035707156192749209}, {"l": "Potatoes", "v": 1.40163999732}, {"l": "Sweet potatoes", "v": 0.145568333055}, {"l": "Cassava", "v": 0.30333999942000006}]}, {"source": 6, "prod": 20056.400000000001, "target": 18, "value": 7.981851760363333, "supply": [{"l": "Sugar cane", "v": 7.981851760363333}]}, {"source": 3, "prod": 40734.0, "target": 18, "value": 137.44770029259092, "supply": [{"l": "Sorghum", "v": 30.714046607940006}, {"l": "Rice", "v": 4.4141199915600007}, {"l": "Wheat", "v": 25.260899951700001}, {"l": "Oats", "v": 0.39747999923999999}, {"l": "Maize", "v": 77.003033186100012}, {"l": "Barley", "v": 3.0891141984489305}, {"l": "Cereals, Other", "v": 0.23709333288000001}]}, {"source": 4, "prod": 3002.0, "target": 18, "value": 7.167752147030825, "supply": [{"l": "Coconuts - Incl Copra", "v": 3.6296199930599995}, {"l": "Sesame seed", "v": 0.43931999915999997}, {"l": "Groundnuts", "v": 0.15864333303}, {"l": "Oilcrops, Other", "v": 1.1924399977200002}, {"l": "Soyabeans", "v": 1.2000234977055002}, {"l": "Palm kernels", "v": 0.083679999839999991}, {"l": "Sunflower seed", "v": 0.004564363627636364}, {"l": "Cottonseed", "v": 3.0421166608500005}, {"l": "Olives", "v": 0.017176421019789476}, {"l": "Rape and Mustardseed", "v": 0.022663333290000004}]}, {"source": 19, "prod": 0, "target": 5, "value": 0.00085582620378615089, "supply": "[{\"l\":'Energy for power irrigation',\"v\":0.00085582620378615089}]"}, {"source": 19, "prod": 0, "target": 6, "value": 0.0024061893957632269, "supply": "[{\"l\":'Energy for power irrigation',\"v\":0.0024061893957632269}]"}, {"source": 19, "prod": 0, "target": 3, "value": 0.00097738097412316551, "supply": "[{\"l\":'Energy for power irrigation',\"v\":0.00097738097412316551}]"}, {"source": 19, "prod": 0, "target": 4, "value": 0.00015485342984285569, "supply": "[{\"l\":'Energy for power irrigation',\"v\":0.00015485342984285569}]"}, {"source": 19, "prod": 0, "target": 11, "value": 2.5700000020559997, "supply": "[{\"l\":'Electricity',\"v\":2.5700000020559997}]"}, {"source": 20, "prod": 0, "target": 19, "value": 4.6479856422377441, "supply": [{"l": "Coal", "v": 2.4638545655452053}, {"l": "Natural gas", "v": 0.61257497143810513}, {"l": "Oil", "v": 1.5715561052544331}]}, {"source": 21, "prod": 0, "target": 19, "value": 0.75085049721035513, "supply": [{"l": "Nuclear", "v": 0.17640565845610606}, {"l": "Hydroelectric", "v": 0.56595188205108637}, {"l": "Renewable", "v": 0.0084929567031626317}]}, {"source": 20, "prod": 0, "target": 5, "value": 1.9618438738210888, "supply": [{"l": "Motor Gasoline", "v": 0.021569722266442787}, {"l": "Gas-Diesel oil", "v": 1.7051820318936799}, {"l": "Fuel oil", "v": 0.19670807665108095}, {"l": "Liquefied petroleum gas (LPG)", "v": 0.038384043009885023}]}, {"source": 20, "prod": 0, "target": 6, "value": 5.5158020453775487, "supply": [{"l": "Motor Gasoline", "v": 0.060644131667696964}, {"l": "Gas-Diesel oil", "v": 4.7941870730728384}, {"l": "Fuel oil", "v": 0.55305257773701066}, {"l": "Liquefied petroleum gas (LPG)", "v": 0.1079182629000025}]}, {"source": 20, "prod": 0, "target": 3, "value": 2.2404886272352873, "supply": [{"l": "Motor Gasoline", "v": 0.02463331464621735}, {"l": "Gas-Diesel oil", "v": 1.947372571693315}, {"l": "Fuel oil", "v": 0.22464693266527788}, {"l": "Liquefied petroleum gas (LPG)", "v": 0.043835808230477079}]}, {"source": 20, "prod": 0, "target": 4, "value": 0.35497657273567379, "supply": [{"l": "Motor Gasoline", "v": 0.0039028315082428782}, {"l": "Gas-Diesel oil", "v": 0.30853610812216525}, {"l": "Fuel oil", "v": 0.035592413754630313}, {"l": "Liquefied petroleum gas (LPG)", "v": 0.0069452193506353704}]}, {"source": 22, "prod": 461.18617530942095, "target": 5, "value": 5.6919771723758643, "supply": [{"l": "Potash", "v": 0.91133601554388366}, {"l": "Phosphate", "v": 2.5626645853834651}, {"l": "Nitrogen", "v": 25.751525094675291}]}, {"source": 22, "prod": 1296.6432665801094, "target": 6, "value": 16.003220107665033, "supply": [{"l": "Potash", "v": 0.91133601554388366}, {"l": "Phosphate", "v": 2.5626645853834651}, {"l": "Nitrogen", "v": 25.751525094675291}]}, {"source": 22, "prod": 526.68940408921026, "target": 3, "value": 6.5004204928663922, "supply": [{"l": "Potash", "v": 0.91133601554388366}, {"l": "Phosphate", "v": 2.5626645853834651}, {"l": "Nitrogen", "v": 25.751525094675291}]}, {"source": 22, "prod": 83.447154021259038, "target": 4, "value": 1.02990792269535, "supply": [{"l": "Potash", "v": 0.91133601554388366}, {"l": "Phosphate", "v": 2.5626645853834651}, {"l": "Nitrogen", "v": 25.751525094675291}]}, {"source": 20, "prod": 0, "target": 22, "value": 35.266039753434832, "supply": [{"l": "Natural gas (including LNG)", "v": 23.818905794962951}, {"l": "Fuel oil", "v": 6.8950063148292324}, {"l": "Liquefied petroleum gas (LPG)", "v": 2.2760638218213218}, {"l": "Coal", "v": 2.2760638218213218}]}, {"source": 23, "prod": 0, "target": 3, "value": 1.5680313221757405, "supply": "[{\"l\":'Labor',\"v\":1.5680313221757405}]"}, {"source": 23, "prod": 0, "target": 4, "value": 0.24843437182494479, "supply": "[{\"l\":'Labor',\"v\":0.24843437182494479}]"}, {"source": 23, "prod": 0, "target": 5, "value": 1.3730186379772256, "supply": "[{\"l\":'Labor',\"v\":1.3730186379772256}]"}, {"source": 23, "prod": 0, "target": 6, "value": 3.8602964857472282, "supply": "[{\"l\":'Labor',\"v\":3.8602964857472282}]"}, {"source": 20, "prod": 0, "target": 14, "value": 9.3179298329014735, "supply": "[{\"l\":'Fossil Fuels',\"v\":9.3179298329014735}]"}, {"source": 21, "prod": 0, "target": 14, "value": 1.7912373464414799, "supply": "[{\"l\":'Renewables & Nuclear',\"v\":0.46221978514106254},{\"l\":'Biomass & Waste',\"v\":1.3290175613004174}]"}]}