{"nodes": [{"layer": 5, "name": "Maize"}, {"layer": 10, "name": "Feed", "fill": "#dbdb8d"}, {"layer": 13, "name": "Pelagic Fish"}, {"layer": 5, "name": "Wheat"}, {"layer": 5, "name": "Bananas"}, {"layer": 5, "name": "Oats"}, {"layer": 5, "name": "Soyabeans"}, {"layer": 5, "name": "Potatoes"}, {"layer": 13, "name": "Fish, Body Oil"}, {"layer": 5, "name": "Cereals, Other"}, {"layer": 13, "name": "Milk - Excluding Butter"}, {"layer": 13, "name": "Marine Fish, Other"}, {"layer": 5, "name": "Barley"}, {"layer": 13, "name": "Fish, Seafood"}, {"layer": 5, "name": "Plantains"}, {"layer": 5, "name": "Oilcrops, Other"}, {"layer": 5, "name": "Sugar cane"}, {"layer": 13, "name": "Fats, Animals, Raw"}, {"layer": 5, "name": "Sorghum"}, {"layer": 5, "name": "Pulses, Other"}, {"layer": 5, "name": "Cassava"}, {"layer": 16, "name": "Food", "fill": "#b5cf6b"}, {"layer": 5, "name": "Olives"}, {"layer": 5, "name": "Vegetables, Other"}, {"layer": 5, "name": "Nuts"}, {"layer": 5, "name": "Dates"}, {"layer": 5, "name": "Yams"}, {"layer": 13, "name": "Sugar", "fill": "#d6616b"}, {"layer": 13, "name": "Oilcrops Oil, Other"}, {"layer": 13, "name": "Maize Germ Oil"}, {"layer": 13, "name": "Beer"}, {"layer": 5, "name": "Infant food"}, {"layer": 13, "name": "Beverages, Alcoholic"}, {"layer": 13, "name": "Sesameseed Oil"}, {"layer": 13, "name": "Honey"}, {"layer": 5, "name": "Rice"}, {"layer": 13, "name": "Butter, Ghee"}, {"layer": 5, "name": "Tomatoes"}, {"layer": 5, "name": "Coffee"}, {"layer": 13, "name": "Sugar non-centrifugal"}, {"layer": 13, "name": "Soyabean Oil"}, {"layer": 5, "name": "Coconuts - Incl Copra"}, {"layer": 5, "name": "Treenuts"}, {"layer": 13, "name": "Crustaceans"}, {"layer": 13, "name": "Eggs"}, {"layer": 5, "name": "Roots, Other"}, {"layer": 5, "name": "Peas"}, {"layer": 5, "name": "Sesame seed"}, {"layer": 5, "name": "Sweet potatoes"}, {"layer": 5, "name": "Grapes"}, {"layer": 5, "name": "Groundnuts"}, {"layer": 13, "name": "Palm Oil"}, {"layer": 13, "name": "Wine"}, {"layer": 13, "name": "Coconut Oil"}, {"layer": 13, "name": "Olive Oil"}, {"layer": 13, "name": "Pigmeat"}, {"layer": 5, "name": "Cocoa Beans"}, {"layer": 13, "name": "Freshwater Fish"}, {"layer": 5, "name": "Pimento"}, {"layer": 5, "name": "Grapefruit"}, {"layer": 13, "name": "Rape and Mustard Oil"}, {"layer": 13, "name": "Cottonseed Oil"}, {"layer": 5, "name": "Beans"}, {"layer": 5, "name": "Apples"}, {"layer": 13, "name": "Meat, Other"}, {"layer": 5, "name": "Lemons, Limes"}, {"layer": 13, "name": "Cephalopods"}, {"layer": 13, "name": "Mutton & Goat Meat"}, {"layer": 13, "name": "Sweeteners, Other"}, {"layer": 5, "name": "Pineapples"}, {"layer": 13, "name": "Beverages, Fermented"}, {"layer": 5, "name": "Citrus, Other"}, {"layer": 5, "name": "Spices, Other"}, {"layer": 13, "name": "Bovine Meat"}, {"layer": 5, "name": "Fruits, Other"}, {"layer": 13, "name": "Molluscs, Other"}, {"layer": 13, "name": "Aquatic Animals, Others"}, {"layer": 13, "name": "Poultry Meat"}, {"layer": 13, "name": "Offals, Edible"}, {"layer": 13, "name": "Groundnut Oil"}, {"layer": 13, "name": "Demersal Fish"}, {"layer": 5, "name": "Oranges, Mandarines"}, {"layer": 5, "name": "Onions"}, {"layer": 13, "name": "Aquatic Products, Other"}, {"layer": 10, "name": "Processing", "fill": "#9edae5"}, {"layer": 5, "name": "Cottonseed"}, {"layer": 5, "name": "Rape and Mustardseed"}, {"layer": 5, "name": "Palm kernels"}, {"layer": 16, "name": "Biofuels & Other", "fill": "#e7ba52"}, {"layer": 13, "name": "Alcohol, Non-Food"}, {"layer": 13, "name": "Aquatic Plants"}, {"layer": 13, "name": "Palmkernel Oil"}, {"name": "Waste", "fill": "#c7c7c7"}, {"layer": 2, "name": "Import", "fill": "#aec7e8"}, {"layer": 5, "name": "Pepper"}, {"layer": 16, "name": "Export", "fill": "#aec7e8"}, {"layer": 0, "name": "Stock Draw", "fill": "#c7c7c7"}, {"layer": 16, "name": "Stock Deposit", "fill": "#c7c7c7"}, {"name": "Crop Residue", "fill": "#bd9e39"}, {"layer": 5, "name": "Oil Palm"}, {"layer": 2, "name": "Electricity", "fill": "#bcbd22"}, {"layer": 0, "name": "Fossil Fuels", "fill": "#c49c94"}, {"layer": 0, "name": "Renewables & Nuclear", "fill": "#2ca02c"}, {"layer": 2, "name": "Fertilizers", "fill": "#c5b0d5"}, {"layer": 0, "name": "Labor", "fill": "#7f7f7f"}], "links": [{"source": 0, "prod": 1185.0, "target": 1, "value": 4.5071154516924077, "supply": [{"l": "Maize", "v": 4.5071154516924077}]}, {"source": 2, "prod": 272.0, "target": 1, "value": 0.27061981198256252, "supply": [{"l": "Pelagic Fish", "v": 0.27061981198256252}]}, {"source": 3, "prod": 114.0, "target": 1, "value": 0.36270049930650006, "supply": [{"l": "Wheat", "v": 0.36270049930650006}]}, {"source": 4, "prod": 230.0, "target": 1, "value": 0.17638093691993881, "supply": [{"l": "Bananas", "v": 0.17638093691993881}]}, {"source": 5, "prod": 43.0, "target": 1, "value": 0.10430612361008572, "supply": [{"l": "Oats", "v": 0.10430612361008572}]}, {"source": 6, "prod": 66.0, "target": 1, "value": 0.25015276737883929, "supply": [{"l": "Soyabeans", "v": 0.25015276737883929}]}, {"source": 7, "prod": 1.0, "target": 1, "value": 0.00079820826058205117, "supply": [{"l": "Potatoes", "v": 0.00079820826058205117}]}, {"source": 8, "prod": 1.0, "target": 1, "value": 0.0086768602753029729, "supply": [{"l": "Fish, Body Oil", "v": 0.0086768602753029729}]}, {"source": 9, "prod": 6.0, "target": 1, "value": 0.020839172687427271, "supply": [{"l": "Cereals, Other", "v": 0.020839172687427271}]}, {"source": 10, "prod": 361.0, "target": 1, "value": 0.23599701908391191, "supply": [{"l": "Milk - Excluding Butter", "v": 0.23599701908391191}]}, {"source": 11, "prod": 87.0, "target": 1, "value": 0.083304462246733102, "supply": [{"l": "Marine Fish, Other", "v": 0.083304462246733102}]}, {"source": 12, "prod": 24.0, "target": 1, "value": 0.074625770557949042, "supply": [{"l": "Barley", "v": 0.074625770557949042}]}, {"source": 13, "prod": 361.0, "target": 1, "value": 0.24095141725417457, "supply": [{"l": "Fish, Seafood", "v": 0.24095141725417457}]}, {"source": 14, "prod": 22.0, "target": 1, "value": 0.021045716391684507, "supply": [{"l": "Plantains", "v": 0.021045716391684507}]}, {"source": 15, "prod": 16.0, "target": 1, "value": 0.063447067384739569, "supply": [{"l": "Oilcrops, Other", "v": 0.063447067384739569}]}, {"source": 16, "prod": 92.0, "target": 1, "value": 0.034561197574035404, "supply": [{"l": "Sugar cane", "v": 0.034561197574035404}]}, {"source": 17, "prod": 2.0, "target": 1, "value": 0.016833686749422417, "supply": [{"l": "Fats, Animals, Raw", "v": 0.016833686749422417}]}, {"source": 18, "prod": 1345.0, "target": 1, "value": 5.0272744453142453, "supply": [{"l": "Sorghum", "v": 5.0272744453142453}]}, {"source": 19, "prod": 115.0, "target": 1, "value": 0.43306016718272183, "supply": [{"l": "Pulses, Other", "v": 0.43306016718272183}]}, {"source": 20, "prod": 3.0, "target": 1, "value": 0.003068686741120482, "supply": [{"l": "Cassava", "v": 0.003068686741120482}]}, {"source": 0, "prod": 7077.0, "target": 21, "value": 26.91717810263896, "supply": [{"l": "Maize", "v": 26.91717810263896}]}, {"source": 22, "prod": 5.0, "target": 21, "value": 0.015160773780535717, "supply": [{"l": "Olives", "v": 0.015160773780535717}]}, {"source": 23, "prod": 1021.0, "target": 21, "value": 0.27414054448953512, "supply": [{"l": "Vegetables, Other", "v": 0.27414054448953512}]}, {"source": 14, "prod": 230.0, "target": 21, "value": 0.22002339864033804, "supply": [{"l": "Plantains", "v": 0.22002339864033804}]}, {"source": 24, "prod": 17.0, "target": 21, "value": 0.055511756304115381, "supply": [{"l": "Nuts", "v": 0.055511756304115381}]}, {"source": 25, "prod": 7.0, "target": 21, "value": 0.0033675301563860505, "supply": [{"l": "Dates", "v": 0.0033675301563860505}]}, {"source": 26, "prod": 12.0, "target": 21, "value": 0.013842445625706523, "supply": [{"l": "Yams", "v": 0.013842445625706523}]}, {"source": 27, "prod": 1552.0, "target": 21, "value": 6.4402765212410813, "supply": [{"l": "Sugar", "v": 6.4402765212410813}]}, {"source": 28, "prod": 37.0, "target": 21, "value": 0.38577519809278954, "supply": [{"l": "Oilcrops Oil, Other", "v": 0.38577519809278954}]}, {"source": 29, "prod": 3.0, "target": 21, "value": 0.025470099951300004, "supply": [{"l": "Maize Germ Oil", "v": 0.025470099951300004}]}, {"source": 30, "prod": 1336.0, "target": 21, "value": 0.54822061438596426, "supply": [{"l": "Beer", "v": 0.54822061438596426}]}, {"source": 31, "prod": 1.0, "target": 21, "value": 0.0011622222200000001, "supply": [{"l": "Infant food", "v": 0.0011622222200000001}]}, {"source": 32, "prod": 126.0, "target": 21, "value": 0.43886941454547701, "supply": [{"l": "Beverages, Alcoholic", "v": 0.43886941454547701}]}, {"source": 12, "prod": 1.0, "target": 21, "value": 0.0031094071065812102, "supply": [{"l": "Barley", "v": 0.0031094071065812102}]}, {"source": 33, "prod": 66.0, "target": 21, "value": 0.68002694044733003, "supply": [{"l": "Sesameseed Oil", "v": 0.68002694044733003}]}, {"source": 34, "prod": 7.0, "target": 21, "value": 0.02971511660985, "supply": [{"l": "Honey", "v": 0.02971511660985}]}, {"source": 35, "prod": 451.0, "target": 21, "value": 1.8898522660574744, "supply": [{"l": "Rice", "v": 1.8898522660574744}]}, {"source": 36, "prod": 25.0, "target": 21, "value": 0.22342192939736844, "supply": [{"l": "Butter, Ghee", "v": 0.22342192939736844}]}, {"source": 37, "prod": 500.0, "target": 21, "value": 0.10969035293410853, "supply": [{"l": "Tomatoes", "v": 0.10969035293410853}]}, {"source": 9, "prod": 2.0, "target": 21, "value": 0.0069463908958090903, "supply": [{"l": "Cereals, Other", "v": 0.0069463908958090903}]}, {"source": 38, "prod": 158.0, "target": 21, "value": 0.082128077393987753, "supply": [{"l": "Coffee", "v": 0.082128077393987753}]}, {"source": 39, "prod": 397.0, "target": 21, "value": 1.6441674277505853, "supply": [{"l": "Sugar non-centrifugal", "v": 1.6441674277505853}]}, {"source": 3, "prod": 1887.0, "target": 21, "value": 6.0036477385207503, "supply": [{"l": "Wheat", "v": 6.0036477385207503}]}, {"source": 17, "prod": 75.0, "target": 21, "value": 0.63126325310334064, "supply": [{"l": "Fats, Animals, Raw", "v": 0.63126325310334064}]}, {"source": 40, "prod": 14.0, "target": 21, "value": 0.13506871186295455, "supply": [{"l": "Soyabean Oil", "v": 0.13506871186295455}]}, {"source": 41, "prod": 113.0, "target": 21, "value": 0.16446407397125146, "supply": [{"l": "Coconuts - Incl Copra", "v": 0.16446407397125146}]}, {"source": 42, "prod": 17.0, "target": 21, "value": 0.055511756304115381, "supply": [{"l": "Treenuts", "v": 0.055511756304115381}]}, {"source": 43, "prod": 27.0, "target": 21, "value": 0.027954987751426828, "supply": [{"l": "Crustaceans", "v": 0.027954987751426828}]}, {"source": 44, "prod": 321.0, "target": 21, "value": 0.49351521636019918, "supply": [{"l": "Eggs", "v": 0.49351521636019918}]}, {"source": 45, "prod": 38.0, "target": 21, "value": 0.026885105504150002, "supply": [{"l": "Roots, Other", "v": 0.026885105504150002}]}, {"source": 46, "prod": 4.0, "target": 21, "value": 0.028300111057000001, "supply": [{"l": "Peas", "v": 0.028300111057000001}]}, {"source": 47, "prod": 1.0, "target": 21, "value": 0.007718212106454546, "supply": [{"l": "Sesame seed", "v": 0.007718212106454546}]}, {"source": 48, "prod": 135.0, "target": 21, "value": 0.13709982031202153, "supply": [{"l": "Sweet potatoes", "v": 0.13709982031202153}]}, {"source": 11, "prod": 14.0, "target": 21, "value": 0.013405315763842107, "supply": [{"l": "Marine Fish, Other", "v": 0.013405315763842107}]}, {"source": 49, "prod": 50.0, "target": 21, "value": 0.027211645247115387, "supply": [{"l": "Grapes", "v": 0.027211645247115387}]}, {"source": 50, "prod": 38.0, "target": 21, "value": 0.24606706732611866, "supply": [{"l": "Groundnuts", "v": 0.24606706732611866}]}, {"source": 51, "prod": 27.0, "target": 21, "value": 0.27289392804964291, "supply": [{"l": "Palm Oil", "v": 0.27289392804964291}]}, {"source": 15, "prod": 2.0, "target": 21, "value": 0.0079308834230924462, "supply": [{"l": "Oilcrops, Other", "v": 0.0079308834230924462}]}, {"source": 52, "prod": 9.0, "target": 21, "value": 0.017520459132949869, "supply": [{"l": "Wine", "v": 0.017520459132949869}]}, {"source": 53, "prod": 41.0, "target": 21, "value": 0.43511420750137503, "supply": [{"l": "Coconut Oil", "v": 0.43511420750137503}]}, {"source": 5, "prod": 23.0, "target": 21, "value": 0.05579164751237143, "supply": [{"l": "Oats", "v": 0.05579164751237143}]}, {"source": 54, "prod": 2.0, "target": 21, "value": 0.028300111057000001, "supply": [{"l": "Olive Oil", "v": 0.028300111057000001}]}, {"source": 55, "prod": 500.0, "target": 21, "value": 1.8098908234127906, "supply": [{"l": "Pigmeat", "v": 1.8098908234127906}]}, {"source": 56, "prod": 24.0, "target": 21, "value": 0.053621263055368434, "supply": [{"l": "Cocoa Beans", "v": 0.053621263055368434}]}, {"source": 6, "prod": 1.0, "target": 21, "value": 0.0037901934451339291, "supply": [{"l": "Soyabeans", "v": 0.0037901934451339291}]}, {"source": 7, "prod": 378.0, "target": 21, "value": 0.30172272250001536, "supply": [{"l": "Potatoes", "v": 0.30172272250001536}]}, {"source": 57, "prod": 10.0, "target": 21, "value": 0.010228955803734941, "supply": [{"l": "Freshwater Fish", "v": 0.010228955803734941}]}, {"source": 58, "prod": 18.0, "target": 21, "value": 0.054578785609928585, "supply": [{"l": "Pimento", "v": 0.054578785609928585}]}, {"source": 59, "prod": 13.0, "target": 21, "value": 0.015108888860000001, "supply": [{"l": "Grapefruit", "v": 0.015108888860000001}]}, {"source": 60, "prod": 2.0, "target": 21, "value": 0.028300111057000001, "supply": [{"l": "Rape and Mustard Oil", "v": 0.028300111057000001}]}, {"source": 10, "prod": 4528.0, "target": 21, "value": 2.9600955745483462, "supply": [{"l": "Milk - Excluding Butter", "v": 2.9600955745483462}]}, {"source": 61, "prod": 137.0, "target": 21, "value": 1.4264857865806697, "supply": [{"l": "Cottonseed Oil", "v": 1.4264857865806697}]}, {"source": 2, "prod": 83.0, "target": 21, "value": 0.082578839685855471, "supply": [{"l": "Pelagic Fish", "v": 0.082578839685855471}]}, {"source": 62, "prod": 937.0, "target": 21, "value": 3.8077390128066653, "supply": [{"l": "Beans", "v": 3.8077390128066653}]}, {"source": 63, "prod": 111.0, "target": 21, "value": 0.054790331290587212, "supply": [{"l": "Apples", "v": 0.054790331290587212}]}, {"source": 13, "prod": 205.0, "target": 21, "value": 0.13682836713879717, "supply": [{"l": "Fish, Seafood", "v": 0.13682836713879717}]}, {"source": 64, "prod": 41.0, "target": 21, "value": 0.054389275937671878, "supply": [{"l": "Meat, Other", "v": 0.054389275937671878}]}, {"source": 65, "prod": 198.0, "target": 21, "value": 0.054935509698882348, "supply": [{"l": "Lemons, Limes", "v": 0.054935509698882348}]}, {"source": 18, "prod": 103.0, "target": 21, "value": 0.38498830324711319, "supply": [{"l": "Sorghum", "v": 0.38498830324711319}]}, {"source": 66, "prod": 2.0, "target": 21, "value": 0.002927597695551724, "supply": [{"l": "Cephalopods", "v": 0.002927597695551724}]}, {"source": 67, "prod": 37.0, "target": 21, "value": 0.082666113877026326, "supply": [{"l": "Mutton & Goat Meat", "v": 0.082666113877026326}]}, {"source": 68, "prod": 16.0, "target": 21, "value": 0.054336213229440003, "supply": [{"l": "Sweeteners, Other", "v": 0.054336213229440003}]}, {"source": 69, "prod": 251.0, "target": 21, "value": 0.082383957316704906, "supply": [{"l": "Pineapples", "v": 0.082383957316704906}]}, {"source": 4, "prod": 1108.0, "target": 21, "value": 0.84969599177083566, "supply": [{"l": "Bananas", "v": 0.84969599177083566}]}, {"source": 70, "prod": 1.0, "target": 21, "value": 0.0019467176814388744, "supply": [{"l": "Beverages, Fermented", "v": 0.0019467176814388744}]}, {"source": 71, "prod": 48.0, "target": 21, "value": 0.055786666560000003, "supply": [{"l": "Citrus, Other", "v": 0.055786666560000003}]}, {"source": 72, "prod": 2.0, "target": 21, "value": 0.004994137245352942, "supply": [{"l": "Spices, Other", "v": 0.004994137245352942}]}, {"source": 73, "prod": 633.0, "target": 21, "value": 0.93225763801339911, "supply": [{"l": "Bovine Meat", "v": 0.93225763801339911}]}, {"source": 74, "prod": 1170.0, "target": 21, "value": 0.54819751550811258, "supply": [{"l": "Fruits, Other", "v": 0.54819751550811258}]}, {"source": 75, "prod": 34.0, "target": 21, "value": 0.039515555480000006, "supply": [{"l": "Molluscs, Other", "v": 0.039515555480000006}]}, {"source": 76, "prod": 11.0, "target": 21, "value": 0.0096413045760594309, "supply": [{"l": "Aquatic Animals, Others", "v": 0.0096413045760594309}]}, {"source": 77, "prod": 218.0, "target": 21, "value": 0.35592831983226925, "supply": [{"l": "Poultry Meat", "v": 0.35592831983226925}]}, {"source": 78, "prod": 157.0, "target": 21, "value": 0.19119972572731353, "supply": [{"l": "Offals, Edible", "v": 0.19119972572731353}]}, {"source": 79, "prod": 1.0, "target": 21, "value": 0.01035369916719512, "supply": [{"l": "Groundnut Oil", "v": 0.01035369916719512}]}, {"source": 80, "prod": 36.0, "target": 21, "value": 0.027289392804964292, "supply": [{"l": "Demersal Fish", "v": 0.027289392804964292}]}, {"source": 81, "prod": 1819.0, "target": 21, "value": 0.54822046871866881, "supply": [{"l": "Oranges, Mandarines", "v": 0.54822046871866881}]}, {"source": 19, "prod": 80.0, "target": 21, "value": 0.30125924673580651, "supply": [{"l": "Pulses, Other", "v": 0.30125924673580651}]}, {"source": 20, "prod": 108.0, "target": 21, "value": 0.11047272268033737, "supply": [{"l": "Cassava", "v": 0.11047272268033737}]}, {"source": 82, "prod": 170.0, "target": 21, "value": 0.054670669087386374, "supply": [{"l": "Onions", "v": 0.054670669087386374}]}, {"source": 83, "prod": 11.0, "target": 21, "value": 0.0096413045760594309, "supply": [{"l": "Aquatic Products, Other", "v": 0.0096413045760594309}]}, {"source": 0, "prod": 188.0, "target": 84, "value": 0.71505291554276174, "supply": [{"l": "Maize", "v": 0.71505291554276174}]}, {"source": 22, "prod": 6.0, "target": 84, "value": 0.018192928536642859, "supply": [{"l": "Olives", "v": 0.018192928536642859}]}, {"source": 39, "prod": 39.0, "target": 84, "value": 0.16151770700824394, "supply": [{"l": "Sugar non-centrifugal", "v": 0.16151770700824394}]}, {"source": 41, "prod": 949.0, "target": 84, "value": 1.3812071345019257, "supply": [{"l": "Coconuts - Incl Copra", "v": 1.3812071345019257}]}, {"source": 85, "prod": 1121.0, "target": 84, "value": 4.4452601586433165, "supply": [{"l": "Cottonseed", "v": 4.4452601586433165}]}, {"source": 47, "prod": 147.0, "target": 84, "value": 1.1345771796488184, "supply": [{"l": "Sesame seed", "v": 1.1345771796488184}]}, {"source": 16, "prod": 38748.0, "target": 84, "value": 14.55627482172526, "supply": [{"l": "Sugar cane", "v": 14.55627482172526}]}, {"source": 6, "prod": 61.0, "target": 84, "value": 0.23120180015316968, "supply": [{"l": "Soyabeans", "v": 0.23120180015316968}]}, {"source": 86, "prod": 5.0, "target": 84, "value": 0.019827208557731114, "supply": [{"l": "Rape and Mustardseed", "v": 0.019827208557731114}]}, {"source": 63, "prod": 1.0, "target": 84, "value": 0.00049360658820348836, "supply": [{"l": "Apples", "v": 0.00049360658820348836}]}, {"source": 49, "prod": 58.0, "target": 84, "value": 0.031565508486653841, "supply": [{"l": "Grapes", "v": 0.031565508486653841}]}, {"source": 50, "prod": 3.0, "target": 84, "value": 0.019426347420483051, "supply": [{"l": "Groundnuts", "v": 0.019426347420483051}]}, {"source": 12, "prod": 209.0, "target": 84, "value": 0.64986608527547285, "supply": [{"l": "Barley", "v": 0.64986608527547285}]}, {"source": 87, "prod": 26.0, "target": 84, "value": 0.10310148450020179, "supply": [{"l": "Palm kernels", "v": 0.10310148450020179}]}, {"source": 35, "prod": 18.0, "target": 84, "value": 0.075426476250630897, "supply": [{"l": "Rice", "v": 0.075426476250630897}]}, {"source": 15, "prod": 110.0, "target": 84, "value": 0.43619858827008451, "supply": [{"l": "Oilcrops, Other", "v": 0.43619858827008451}]}, {"source": 52, "prod": 33.0, "target": 84, "value": 0.064241683487482867, "supply": [{"l": "Wine", "v": 0.064241683487482867}]}, {"source": 0, "prod": 15.0, "target": 88, "value": 0.057052094325220348, "supply": [{"l": "Maize", "v": 0.057052094325220348}]}, {"source": 89, "prod": 35.0, "target": 88, "value": 0.06813511885036061, "supply": [{"l": "Alcohol, Non-Food", "v": 0.06813511885036061}]}, {"source": 27, "prod": 6.0, "target": 88, "value": 0.024897976241911399, "supply": [{"l": "Sugar", "v": 0.024897976241911399}]}, {"source": 83, "prod": 9.0, "target": 88, "value": 0.0078883401076849883, "supply": [{"l": "Aquatic Products, Other", "v": 0.0078883401076849883}]}, {"source": 35, "prod": 6.0, "target": 88, "value": 0.025142158750210298, "supply": [{"l": "Rice", "v": 0.025142158750210298}]}, {"source": 17, "prod": 88.0, "target": 88, "value": 0.74068221697458636, "supply": [{"l": "Fats, Animals, Raw", "v": 0.74068221697458636}]}, {"source": 3, "prod": 1.0, "target": 88, "value": 0.0031815833272500001, "supply": [{"l": "Wheat", "v": 0.0031815833272500001}]}, {"source": 41, "prod": 15.0, "target": 88, "value": 0.02183151424397143, "supply": [{"l": "Coconuts - Incl Copra", "v": 0.02183151424397143}]}, {"source": 11, "prod": 1.0, "target": 88, "value": 0.00095752255456015055, "supply": [{"l": "Marine Fish, Other", "v": 0.00095752255456015055}]}, {"source": 51, "prod": 10.0, "target": 88, "value": 0.10107182520357144, "supply": [{"l": "Palm Oil", "v": 0.10107182520357144}]}, {"source": 85, "prod": 45.0, "target": 88, "value": 0.17844487701958001, "supply": [{"l": "Cottonseed", "v": 0.17844487701958001}]}, {"source": 53, "prod": 74.0, "target": 88, "value": 0.78532808183175007, "supply": [{"l": "Coconut Oil", "v": 0.78532808183175007}]}, {"source": 10, "prod": 37.0, "target": 88, "value": 0.024188060127713958, "supply": [{"l": "Milk - Excluding Butter", "v": 0.024188060127713958}]}, {"source": 13, "prod": 2.0, "target": 88, "value": 0.0013349108989150942, "supply": [{"l": "Fish, Seafood", "v": 0.0013349108989150942}]}, {"source": 28, "prod": 15.0, "target": 88, "value": 0.1563953505781579, "supply": [{"l": "Oilcrops Oil, Other", "v": 0.1563953505781579}]}, {"source": 16, "prod": 2404.0, "target": 88, "value": 0.903099119217186, "supply": [{"l": "Sugar cane", "v": 0.903099119217186}]}, {"source": 68, "prod": 16.0, "target": 88, "value": 0.054336213229440003, "supply": [{"l": "Sweeteners, Other", "v": 0.054336213229440003}]}, {"source": 75, "prod": 1.0, "target": 88, "value": 0.0011622222200000001, "supply": [{"l": "Molluscs, Other", "v": 0.0011622222200000001}]}, {"source": 8, "prod": 2.0, "target": 88, "value": 0.017353720550605946, "supply": [{"l": "Fish, Body Oil", "v": 0.017353720550605946}]}, {"source": 78, "prod": 10.0, "target": 88, "value": 0.012178326479446722, "supply": [{"l": "Offals, Edible", "v": 0.012178326479446722}]}, {"source": 90, "prod": 9.0, "target": 88, "value": 0.0078883401076849883, "supply": [{"l": "Aquatic Plants", "v": 0.0078883401076849883}]}, {"source": 81, "prod": 1.0, "target": 88, "value": 0.0003013856342598509, "supply": [{"l": "Oranges, Mandarines", "v": 0.0003013856342598509}]}, {"source": 61, "prod": 20.0, "target": 88, "value": 0.20824610023075471, "supply": [{"l": "Cottonseed Oil", "v": 0.20824610023075471}]}, {"source": 91, "prod": 15.0, "target": 88, "value": 0.15618457517306605, "supply": [{"l": "Palmkernel Oil", "v": 0.15618457517306605}]}, {"source": 20, "prod": 4.0, "target": 88, "value": 0.0040915823214939763, "supply": [{"l": "Cassava", "v": 0.0040915823214939763}]}, {"source": 0, "prod": 420.0, "target": 0, "value": 1.5974586411061695, "supply": [{"l": "Maize", "v": 1.5974586411061695}]}, {"source": 16, "prod": 67.0, "target": 16, "value": 0.025169567798482305, "supply": [{"l": "Sugar cane", "v": 0.025169567798482305}]}, {"source": 3, "prod": 87.0, "target": 3, "value": 0.27679774947075003, "supply": [{"l": "Wheat", "v": 0.27679774947075003}]}, {"source": 5, "prod": 2.0, "target": 5, "value": 0.0048514476097714296, "supply": [{"l": "Oats", "v": 0.0048514476097714296}]}, {"source": 6, "prod": 5.0, "target": 6, "value": 0.018950967225669645, "supply": [{"l": "Soyabeans", "v": 0.018950967225669645}]}, {"source": 7, "prod": 43.0, "target": 7, "value": 0.034322955205028205, "supply": [{"l": "Potatoes", "v": 0.034322955205028205}]}, {"source": 44, "prod": 12.0, "target": 44, "value": 0.01844916696673642, "supply": [{"l": "Eggs", "v": 0.01844916696673642}]}, {"source": 47, "prod": 3.0, "target": 47, "value": 0.023154636319363639, "supply": [{"l": "Sesame seed", "v": 0.023154636319363639}]}, {"source": 85, "prod": 33.0, "target": 85, "value": 0.13085957648102534, "supply": [{"l": "Cottonseed", "v": 0.13085957648102534}]}, {"source": 48, "prod": 15.0, "target": 48, "value": 0.015233313368002393, "supply": [{"l": "Sweet potatoes", "v": 0.015233313368002393}]}, {"source": 62, "prod": 67.0, "target": 62, "value": 0.27227162631595148, "supply": [{"l": "Beans", "v": 0.27227162631595148}]}, {"source": 26, "prod": 1.0, "target": 26, "value": 0.0011535371354755438, "supply": [{"l": "Yams", "v": 0.0011535371354755438}]}, {"source": 50, "prod": 2.0, "target": 50, "value": 0.012950898280322034, "supply": [{"l": "Groundnuts", "v": 0.012950898280322034}]}, {"source": 15, "prod": 4.0, "target": 15, "value": 0.015861766846184892, "supply": [{"l": "Oilcrops, Other", "v": 0.015861766846184892}]}, {"source": 35, "prod": 20.0, "target": 35, "value": 0.083807195834034343, "supply": [{"l": "Rice", "v": 0.083807195834034343}]}, {"source": 18, "prod": 15.0, "target": 18, "value": 0.056066257754433961, "supply": [{"l": "Sorghum", "v": 0.056066257754433961}]}, {"source": 19, "prod": 9.0, "target": 19, "value": 0.033891665257778231, "supply": [{"l": "Pulses, Other", "v": 0.033891665257778231}]}, {"source": 12, "prod": 13.0, "target": 12, "value": 0.040422292385555732, "supply": [{"l": "Barley", "v": 0.040422292385555732}]}, {"source": 0, "prod": 363.0, "target": 92, "value": 1.3806606826703325, "supply": [{"l": "Maize", "v": 1.3806606826703325}]}, {"source": 45, "prod": 2.0, "target": 92, "value": 0.0014150055528499999, "supply": [{"l": "Roots, Other", "v": 0.0014150055528499999}]}, {"source": 14, "prod": 50.0, "target": 92, "value": 0.047831173617464778, "supply": [{"l": "Plantains", "v": 0.047831173617464778}]}, {"source": 74, "prod": 138.0, "target": 92, "value": 0.064659194136854309, "supply": [{"l": "Fruits, Other", "v": 0.064659194136854309}]}, {"source": 26, "prod": 1.0, "target": 92, "value": 0.0011535371354755438, "supply": [{"l": "Yams", "v": 0.0011535371354755438}]}, {"source": 71, "prod": 9.0, "target": 92, "value": 0.010459999980000001, "supply": [{"l": "Citrus, Other", "v": 0.010459999980000001}]}, {"source": 59, "prod": 1.0, "target": 92, "value": 0.0011622222200000001, "supply": [{"l": "Grapefruit", "v": 0.0011622222200000001}]}, {"source": 12, "prod": 7.0, "target": 92, "value": 0.021765849746068475, "supply": [{"l": "Barley", "v": 0.021765849746068475}]}, {"source": 56, "prod": 1.0, "target": 92, "value": 0.0022342192939736848, "supply": [{"l": "Cocoa Beans", "v": 0.0022342192939736848}]}, {"source": 35, "prod": 27.0, "target": 92, "value": 0.11313971437594635, "supply": [{"l": "Rice", "v": 0.11313971437594635}]}, {"source": 37, "prod": 46.0, "target": 92, "value": 0.010091512469937985, "supply": [{"l": "Tomatoes", "v": 0.010091512469937985}]}, {"source": 38, "prod": 13.0, "target": 92, "value": 0.0067573734564673471, "supply": [{"l": "Coffee", "v": 0.0067573734564673471}]}, {"source": 3, "prod": 120.0, "target": 92, "value": 0.38178999927000001, "supply": [{"l": "Wheat", "v": 0.38178999927000001}]}, {"source": 41, "prod": 5.0, "target": 92, "value": 0.0072771714146571435, "supply": [{"l": "Coconuts - Incl Copra", "v": 0.0072771714146571435}]}, {"source": 44, "prod": 30.0, "target": 92, "value": 0.04612291741684104, "supply": [{"l": "Eggs", "v": 0.04612291741684104}]}, {"source": 23, "prod": 104.0, "target": 92, "value": 0.027924208253586338, "supply": [{"l": "Vegetables, Other", "v": 0.027924208253586338}]}, {"source": 50, "prod": 6.0, "target": 92, "value": 0.038852694840966102, "supply": [{"l": "Groundnuts", "v": 0.038852694840966102}]}, {"source": 15, "prod": 32.0, "target": 92, "value": 0.12689413476947914, "supply": [{"l": "Oilcrops, Other", "v": 0.12689413476947914}]}, {"source": 25, "prod": 1.0, "target": 92, "value": 0.00048107573662657866, "supply": [{"l": "Dates", "v": 0.00048107573662657866}]}, {"source": 5, "prod": 1.0, "target": 92, "value": 0.0024257238048857148, "supply": [{"l": "Oats", "v": 0.0024257238048857148}]}, {"source": 6, "prod": 4.0, "target": 92, "value": 0.015160773780535717, "supply": [{"l": "Soyabeans", "v": 0.015160773780535717}]}, {"source": 7, "prod": 46.0, "target": 92, "value": 0.036717579986774357, "supply": [{"l": "Potatoes", "v": 0.036717579986774357}]}, {"source": 10, "prod": 213.0, "target": 92, "value": 0.13924477857305603, "supply": [{"l": "Milk - Excluding Butter", "v": 0.13924477857305603}]}, {"source": 62, "prod": 60.0, "target": 92, "value": 0.24382533699935954, "supply": [{"l": "Beans", "v": 0.24382533699935954}]}, {"source": 63, "prod": 12.0, "target": 92, "value": 0.0059232790584418608, "supply": [{"l": "Apples", "v": 0.0059232790584418608}]}, {"source": 65, "prod": 23.0, "target": 92, "value": 0.0063813975912843136, "supply": [{"l": "Lemons, Limes", "v": 0.0063813975912843136}]}, {"source": 18, "prod": 51.0, "target": 92, "value": 0.19062527636507545, "supply": [{"l": "Sorghum", "v": 0.19062527636507545}]}, {"source": 16, "prod": 880.0, "target": 92, "value": 0.33058536809946909, "supply": [{"l": "Sugar cane", "v": 0.33058536809946909}]}, {"source": 69, "prod": 41.0, "target": 92, "value": 0.013457140438186856, "supply": [{"l": "Pineapples", "v": 0.013457140438186856}]}, {"source": 4, "prod": 685.0, "target": 92, "value": 0.52530844256590459, "supply": [{"l": "Bananas", "v": 0.52530844256590459}]}, {"source": 73, "prod": 1.0, "target": 92, "value": 0.0014727608815377552, "supply": [{"l": "Bovine Meat", "v": 0.0014727608815377552}]}, {"source": 48, "prod": 11.0, "target": 92, "value": 0.01117109646986842, "supply": [{"l": "Sweet potatoes", "v": 0.01117109646986842}]}, {"source": 81, "prod": 230.0, "target": 92, "value": 0.069318695879765718, "supply": [{"l": "Oranges, Mandarines", "v": 0.069318695879765718}]}, {"source": 19, "prod": 11.0, "target": 92, "value": 0.041423146426173389, "supply": [{"l": "Pulses, Other", "v": 0.041423146426173389}]}, {"source": 82, "prod": 12.0, "target": 92, "value": 0.003859106053227273, "supply": [{"l": "Onions", "v": 0.003859106053227273}]}, {"source": 20, "prod": 10.0, "target": 92, "value": 0.010228955803734941, "supply": [{"l": "Cassava", "v": 0.010228955803734941}]}, {"source": 93, "prod": 1.0, "target": 31, "value": 0.0011622222200000001, "supply": [{"l": "Infant food", "v": 0.0011622222200000001}]}, {"source": 93, "prod": 2.0, "target": 72, "value": 0.004994137245352942, "supply": [{"l": "Spices, Other", "v": 0.004994137245352942}]}, {"source": 93, "prod": 2.0, "target": 37, "value": 0.00043876141173643414, "supply": [{"l": "Tomatoes", "v": 0.00043876141173643414}]}, {"source": 93, "prod": 3.0, "target": 20, "value": 0.003068686741120482, "supply": [{"l": "Cassava", "v": 0.003068686741120482}]}, {"source": 93, "prod": 2.0, "target": 65, "value": 0.00055490413837254904, "supply": [{"l": "Lemons, Limes", "v": 0.00055490413837254904}]}, {"source": 93, "prod": 2.0, "target": 42, "value": 0.0065307948593076922, "supply": [{"l": "Treenuts", "v": 0.0065307948593076922}]}, {"source": 93, "prod": 5.0, "target": 63, "value": 0.0024680329410174421, "supply": [{"l": "Apples", "v": 0.0024680329410174421}]}, {"source": 93, "prod": 27.0, "target": 23, "value": 0.0072495540658349148, "supply": [{"l": "Vegetables, Other", "v": 0.0072495540658349148}]}, {"source": 93, "prod": 31.0, "target": 35, "value": 0.12990115354275322, "supply": [{"l": "Rice", "v": 0.12990115354275322}]}, {"source": 93, "prod": 323.0, "target": 3, "value": 1.0276514147017501, "supply": [{"l": "Wheat", "v": 1.0276514147017501}]}, {"source": 93, "prod": 31.0, "target": 12, "value": 0.096391620304017517, "supply": [{"l": "Barley", "v": 0.096391620304017517}]}, {"source": 93, "prod": 1.0, "target": 94, "value": 0.0030321547561071431, "supply": [{"l": "Pepper", "v": 0.0030321547561071431}]}, {"source": 93, "prod": 2.0, "target": 9, "value": 0.0069463908958090903, "supply": [{"l": "Cereals, Other", "v": 0.0069463908958090903}]}, {"source": 93, "prod": 1060.0, "target": 1, "value": 0.81951701990772674, "supply": [{"l": "Meat, Other", "v": 0.001326567705796875}, {"l": "Eggs", "v": 0.0030748611611227362}, {"l": "Aquatic Products, Other", "v": 0.00087648223418722098}, {"l": "Marine Fish, Other", "v": 0.0086177029910413545}, {"l": "Aquatic Plants", "v": 0.00087648223418722098}, {"l": "Pigmeat", "v": 0.014479126587302327}, {"l": "Milk - Excluding Butter", "v": 0.30660000540264454}, {"l": "Pelagic Fish", "v": 0.26564518308582424}, {"l": "Fish, Seafood", "v": 0.18822243674702829}, {"l": "Bovine Meat", "v": 0.011782087052302041}, {"l": "Poultry Meat", "v": 0.0032653974296538461}, {"l": "Offals, Edible", "v": 0.010960493831502049}, {"l": "Demersal Fish", "v": 0.0037901934451339291}]}, {"source": 93, "prod": 2.0, "target": 24, "value": 0.0065307948593076922, "supply": [{"l": "Nuts", "v": 0.0065307948593076922}]}, {"source": 93, "prod": 1.0, "target": 46, "value": 0.0070750277642500003, "supply": [{"l": "Peas", "v": 0.0070750277642500003}]}, {"source": 93, "prod": 18.0, "target": 15, "value": 0.071377950807832005, "supply": [{"l": "Oilcrops, Other", "v": 0.071377950807832005}]}, {"source": 93, "prod": 2.0, "target": 56, "value": 0.0044684385879473695, "supply": [{"l": "Cocoa Beans", "v": 0.0044684385879473695}]}, {"source": 93, "prod": 6.0, "target": 81, "value": 0.0018083138055591055, "supply": [{"l": "Oranges, Mandarines", "v": 0.0018083138055591055}]}, {"source": 93, "prod": 14.0, "target": 18, "value": 0.052328507237471691, "supply": [{"l": "Sorghum", "v": 0.052328507237471691}]}, {"source": 93, "prod": 20.0, "target": 7, "value": 0.015964165211641023, "supply": [{"l": "Potatoes", "v": 0.015964165211641023}]}, {"source": 93, "prod": 7.0, "target": 82, "value": 0.0022511451977159092, "supply": [{"l": "Onions", "v": 0.0022511451977159092}]}, {"source": 93, "prod": 9.0, "target": 4, "value": 0.0069018627490410834, "supply": [{"l": "Bananas", "v": 0.0069018627490410834}]}, {"source": 93, "prod": 5.0, "target": 49, "value": 0.0027211645247115384, "supply": [{"l": "Grapes", "v": 0.0027211645247115384}]}, {"source": 93, "prod": 16.0, "target": 85, "value": 0.063447067384739569, "supply": [{"l": "Cottonseed", "v": 0.063447067384739569}]}, {"source": 93, "prod": 117.0, "target": 84, "value": 0.89899503340943798, "supply": [{"l": "Sugar", "v": 0.037346964362867101}, {"l": "Beer", "v": 0.00041034477124697919}, {"l": "Beverages, Alcoholic", "v": 0.020898543549784619}, {"l": "Sugar non-centrifugal", "v": 0.012424439000634146}, {"l": "Fats, Animals, Raw", "v": 0.42084216873556046}, {"l": "Soyabean Oil", "v": 0.028943295399204545}, {"l": "Butter, Ghee", "v": 0.017873754351789478}, {"l": "Palm Oil", "v": 0.090964642683214303}, {"l": "Coconut Oil", "v": 0.010612541646375}, {"l": "Oilcrops Oil, Other", "v": 0.052131783526052633}, {"l": "Wine", "v": 0.0038934353628777489}, {"l": "Sweeteners, Other", "v": 0.027168106614720001}, {"l": "Beverages, Fermented", "v": 0.0019467176814388744}, {"l": "Fish, Body Oil", "v": 0.017353720550605946}, {"l": "Cottonseed Oil", "v": 0.15618457517306605}]}, {"source": 93, "prod": 6.0, "target": 6, "value": 0.022741160670803576, "supply": [{"l": "Soyabeans", "v": 0.022741160670803576}]}, {"source": 93, "prod": 13.0, "target": 14, "value": 0.012436105140540846, "supply": [{"l": "Plantains", "v": 0.012436105140540846}]}, {"source": 93, "prod": 27.0, "target": 62, "value": 0.10972140164971181, "supply": [{"l": "Beans", "v": 0.10972140164971181}]}, {"source": 93, "prod": 53.0, "target": 0, "value": 0.20158406661577857, "supply": [{"l": "Maize", "v": 0.20158406661577857}]}, {"source": 93, "prod": 64.0, "target": 74, "value": 0.029986872643178807, "supply": [{"l": "Fruits, Other", "v": 0.029986872643178807}]}, {"source": 93, "prod": 4.0, "target": 45, "value": 0.0028300111056999999, "supply": [{"l": "Roots, Other", "v": 0.0028300111056999999}]}, {"source": 93, "prod": 1.0, "target": 69, "value": 0.00032822293751675257, "supply": [{"l": "Pineapples", "v": 0.00032822293751675257}]}, {"source": 93, "prod": 1.0, "target": 41, "value": 0.0014554342829314287, "supply": [{"l": "Coconuts - Incl Copra", "v": 0.0014554342829314287}]}, {"source": 93, "prod": 11.0, "target": 5, "value": 0.026682961853742863, "supply": [{"l": "Oats", "v": 0.026682961853742863}]}, {"source": 93, "prod": 2.0, "target": 19, "value": 0.0075314811683951611, "supply": [{"l": "Pulses, Other", "v": 0.0075314811683951611}]}, {"source": 0, "prod": 1297.0, "target": 95, "value": 4.9331044226540524, "supply": [{"l": "Maize", "v": 4.9331044226540524}]}, {"source": 14, "prod": 35.0, "target": 95, "value": 0.033481821532225349, "supply": [{"l": "Plantains", "v": 0.033481821532225349}]}, {"source": 74, "prod": 100.0, "target": 95, "value": 0.046854488504966881, "supply": [{"l": "Fruits, Other", "v": 0.046854488504966881}]}, {"source": 27, "prod": 856.0, "target": 95, "value": 3.5521112771793599, "supply": [{"l": "Sugar", "v": 3.5521112771793599}]}, {"source": 71, "prod": 4.0, "target": 95, "value": 0.0046488888800000003, "supply": [{"l": "Citrus, Other", "v": 0.0046488888800000003}]}, {"source": 30, "prod": 2.0, "target": 95, "value": 0.00082068954249395838, "supply": [{"l": "Beer", "v": 0.00082068954249395838}]}, {"source": 59, "prod": 8.0, "target": 95, "value": 0.0092977777600000006, "supply": [{"l": "Grapefruit", "v": 0.0092977777600000006}]}, {"source": 32, "prod": 5.0, "target": 95, "value": 0.017415452958153846, "supply": [{"l": "Beverages, Alcoholic", "v": 0.017415452958153846}]}, {"source": 83, "prod": 20.0, "target": 95, "value": 0.017529644683744419, "supply": [{"l": "Aquatic Products, Other", "v": 0.017529644683744419}]}, {"source": 35, "prod": 17.0, "target": 95, "value": 0.071236116458929188, "supply": [{"l": "Rice", "v": 0.071236116458929188}]}, {"source": 28, "prod": 4.0, "target": 95, "value": 0.041705426820842106, "supply": [{"l": "Oilcrops Oil, Other", "v": 0.041705426820842106}]}, {"source": 37, "prod": 229.0, "target": 95, "value": 0.050238181643821711, "supply": [{"l": "Tomatoes", "v": 0.050238181643821711}]}, {"source": 17, "prod": 4.0, "target": 95, "value": 0.033667373498844834, "supply": [{"l": "Fats, Animals, Raw", "v": 0.033667373498844834}]}, {"source": 94, "prod": 1.0, "target": 95, "value": 0.0030321547561071431, "supply": [{"l": "Pepper", "v": 0.0030321547561071431}]}, {"source": 3, "prod": 283.0, "target": 95, "value": 0.9003880816117501, "supply": [{"l": "Wheat", "v": 0.9003880816117501}]}, {"source": 41, "prod": 10.0, "target": 95, "value": 0.014554342829314287, "supply": [{"l": "Coconuts - Incl Copra", "v": 0.014554342829314287}]}, {"source": 43, "prod": 73.0, "target": 95, "value": 0.075582003920524388, "supply": [{"l": "Crustaceans", "v": 0.075582003920524388}]}, {"source": 44, "prod": 2.0, "target": 95, "value": 0.0030748611611227362, "supply": [{"l": "Eggs", "v": 0.0030748611611227362}]}, {"source": 23, "prod": 194.0, "target": 95, "value": 0.052089388473036055, "supply": [{"l": "Vegetables, Other", "v": 0.052089388473036055}]}, {"source": 47, "prod": 38.0, "target": 95, "value": 0.29329206004527275, "supply": [{"l": "Sesame seed", "v": 0.29329206004527275}]}, {"source": 49, "prod": 1.0, "target": 95, "value": 0.00054423290494230768, "supply": [{"l": "Grapes", "v": 0.00054423290494230768}]}, {"source": 50, "prod": 4.0, "target": 95, "value": 0.025901796560644067, "supply": [{"l": "Groundnuts", "v": 0.025901796560644067}]}, {"source": 51, "prod": 5.0, "target": 95, "value": 0.050535912601785721, "supply": [{"l": "Palm Oil", "v": 0.050535912601785721}]}, {"source": 80, "prod": 5.0, "target": 95, "value": 0.0037901934451339291, "supply": [{"l": "Demersal Fish", "v": 0.0037901934451339291}]}, {"source": 15, "prod": 22.0, "target": 95, "value": 0.087239717654016904, "supply": [{"l": "Oilcrops, Other", "v": 0.087239717654016904}]}, {"source": 56, "prod": 16.0, "target": 95, "value": 0.035747508703578956, "supply": [{"l": "Cocoa Beans", "v": 0.035747508703578956}]}, {"source": 85, "prod": 88.0, "target": 95, "value": 0.34895887061606762, "supply": [{"l": "Cottonseed", "v": 0.34895887061606762}]}, {"source": 7, "prod": 10.0, "target": 95, "value": 0.0079820826058205115, "supply": [{"l": "Potatoes", "v": 0.0079820826058205115}]}, {"source": 53, "prod": 1.0, "target": 95, "value": 0.010612541646375, "supply": [{"l": "Coconut Oil", "v": 0.010612541646375}]}, {"source": 58, "prod": 3.0, "target": 95, "value": 0.0090964642683214296, "supply": [{"l": "Pimento", "v": 0.0090964642683214296}]}, {"source": 38, "prod": 402.0, "target": 95, "value": 0.20895877919229797, "supply": [{"l": "Coffee", "v": 0.20895877919229797}]}, {"source": 10, "prod": 11.0, "target": 95, "value": 0.0071910449028338794, "supply": [{"l": "Milk - Excluding Butter", "v": 0.0071910449028338794}]}, {"source": 69, "prod": 46.0, "target": 95, "value": 0.015098255125770619, "supply": [{"l": "Pineapples", "v": 0.015098255125770619}]}, {"source": 62, "prod": 90.0, "target": 95, "value": 0.36573800549903929, "supply": [{"l": "Beans", "v": 0.36573800549903929}]}, {"source": 19, "prod": 4.0, "target": 95, "value": 0.015062962336790322, "supply": [{"l": "Pulses, Other", "v": 0.015062962336790322}]}, {"source": 13, "prod": 133.0, "target": 95, "value": 0.088771574777853773, "supply": [{"l": "Fish, Seafood", "v": 0.088771574777853773}]}, {"source": 64, "prod": 6.0, "target": 95, "value": 0.0079594062347812505, "supply": [{"l": "Meat, Other", "v": 0.0079594062347812505}]}, {"source": 65, "prod": 5.0, "target": 95, "value": 0.0013872603459313725, "supply": [{"l": "Lemons, Limes", "v": 0.0013872603459313725}]}, {"source": 18, "prod": 421.0, "target": 95, "value": 1.5735929676411131, "supply": [{"l": "Sorghum", "v": 1.5735929676411131}]}, {"source": 68, "prod": 8.0, "target": 95, "value": 0.027168106614720001, "supply": [{"l": "Sweeteners, Other", "v": 0.027168106614720001}]}, {"source": 2, "prod": 49.0, "target": 95, "value": 0.048751363188035156, "supply": [{"l": "Pelagic Fish", "v": 0.048751363188035156}]}, {"source": 4, "prod": 1732.0, "target": 95, "value": 1.3282251423710172, "supply": [{"l": "Bananas", "v": 1.3282251423710172}]}, {"source": 70, "prod": 1.0, "target": 95, "value": 0.0019467176814388744, "supply": [{"l": "Beverages, Fermented", "v": 0.0019467176814388744}]}, {"source": 72, "prod": 1.0, "target": 95, "value": 0.002497068622676471, "supply": [{"l": "Spices, Other", "v": 0.002497068622676471}]}, {"source": 73, "prod": 77.0, "target": 95, "value": 0.11340258787840714, "supply": [{"l": "Bovine Meat", "v": 0.11340258787840714}]}, {"source": 75, "prod": 6.0, "target": 95, "value": 0.0069733333200000004, "supply": [{"l": "Molluscs, Other", "v": 0.0069733333200000004}]}, {"source": 8, "prod": 4.0, "target": 95, "value": 0.034707441101211892, "supply": [{"l": "Fish, Body Oil", "v": 0.034707441101211892}]}, {"source": 34, "prod": 27.0, "target": 95, "value": 0.11461544978085002, "supply": [{"l": "Honey", "v": 0.11461544978085002}]}, {"source": 78, "prod": 1.0, "target": 95, "value": 0.0012178326479446722, "supply": [{"l": "Offals, Edible", "v": 0.0012178326479446722}]}, {"source": 90, "prod": 20.0, "target": 95, "value": 0.017529644683744419, "supply": [{"l": "Aquatic Plants", "v": 0.017529644683744419}]}, {"source": 81, "prod": 78.0, "target": 95, "value": 0.023508079472268371, "supply": [{"l": "Oranges, Mandarines", "v": 0.023508079472268371}]}, {"source": 61, "prod": 19.0, "target": 95, "value": 0.19783379521921698, "supply": [{"l": "Cottonseed Oil", "v": 0.19783379521921698}]}, {"source": 87, "prod": 2.0, "target": 95, "value": 0.0079308834230924462, "supply": [{"l": "Palm kernels", "v": 0.0079308834230924462}]}, {"source": 82, "prod": 14.0, "target": 95, "value": 0.0045022903954318183, "supply": [{"l": "Onions", "v": 0.0045022903954318183}]}, {"source": 20, "prod": 3.0, "target": 95, "value": 0.003068686741120482, "supply": [{"l": "Cassava", "v": 0.003068686741120482}]}, {"source": 96, "prod": 10.0, "target": 5, "value": 0.024257238048857144, "supply": [{"l": "Oats", "v": 0.024257238048857144}]}, {"source": 35, "prod": 54.0, "target": 97, "value": 0.22627942875189269, "supply": [{"l": "Rice", "v": 0.22627942875189269}]}, {"source": 96, "prod": 4.0, "target": 56, "value": 0.0089368771758947391, "supply": [{"l": "Cocoa Beans", "v": 0.0089368771758947391}]}, {"source": 96, "prod": 354.0, "target": 0, "value": 1.3464294260752001, "supply": [{"l": "Maize", "v": 1.3464294260752001}]}, {"source": 62, "prod": 53.0, "target": 97, "value": 0.21537904768276758, "supply": [{"l": "Beans", "v": 0.21537904768276758}]}, {"source": 96, "prod": 18.0, "target": 47, "value": 0.13892781791618183, "supply": [{"l": "Sesame seed", "v": 0.13892781791618183}]}, {"source": 15, "prod": 1.0, "target": 97, "value": 0.0039654417115462231, "supply": [{"l": "Oilcrops, Other", "v": 0.0039654417115462231}]}, {"source": 96, "prod": 2.0, "target": 1, "value": 0.0017028253661770592, "supply": [{"l": "Fish, Seafood", "v": 0.00066745544945754709}, {"l": "Crustaceans", "v": 0.0010353699167195121}]}, {"source": 96, "prod": 19.0, "target": 12, "value": 0.059078735025042989, "supply": [{"l": "Barley", "v": 0.059078735025042989}]}, {"source": 96, "prod": 14.0, "target": 3, "value": 0.044542166581500002, "supply": [{"l": "Wheat", "v": 0.044542166581500002}]}, {"source": 96, "prod": 5.0, "target": 7, "value": 0.0039910413029102558, "supply": [{"l": "Potatoes", "v": 0.0039910413029102558}]}, {"source": 96, "prod": 11.0, "target": 84, "value": 0.10205361395220497, "supply": [{"l": "Coconut Oil", "v": 0.031837624939125002}, {"l": "Oilcrops Oil, Other", "v": 0.010426356705210527}, {"l": "Honey", "v": 0.00424501665855}, {"l": "Cottonseed Oil", "v": 0.052061525057688678}, {"l": "Beverages, Alcoholic", "v": 0.0034830905916307699}]}, {"source": 96, "prod": 85.0, "target": 85, "value": 0.33706254548142894, "supply": [{"l": "Cottonseed", "v": 0.33706254548142894}]}, {"source": 38, "prod": 47.0, "target": 97, "value": 0.024430504034920409, "supply": [{"l": "Coffee", "v": 0.024430504034920409}]}, {"source": 27, "prod": 786.0, "target": 97, "value": 3.2616348876903936, "supply": [{"l": "Sugar", "v": 3.2616348876903936}]}, {"source": 96, "prod": 13.0, "target": 18, "value": 0.048590756720509436, "supply": [{"l": "Sorghum", "v": 0.048590756720509436}]}, {"source": 96, "prod": 1.0, "target": 20, "value": 0.0010228955803734941, "supply": [{"l": "Cassava", "v": 0.0010228955803734941}]}, {"source": 1, "prod": 218.0, "target": 77, "value": 0.35592831983226925, "supply": [{"l": "Poultry Meat", "v": 0.35592831983226925}]}, {"source": 1, "prod": 500.0, "target": 55, "value": 1.8098908234127906, "supply": [{"l": "Pigmeat", "v": 1.8098908234127906}]}, {"source": 1, "prod": 404.0, "target": 2, "value": 0.40195001485645315, "supply": [{"l": "Pelagic Fish", "v": 0.40195001485645315}]}, {"source": 1, "prod": 100.0, "target": 43, "value": 0.10353699167195121, "supply": [{"l": "Crustaceans", "v": 0.10353699167195121}]}, {"source": 1, "prod": 353.0, "target": 44, "value": 0.54271299493816294, "supply": [{"l": "Eggs", "v": 0.56116216190489943}]}, {"source": 1, "prod": 41.0, "target": 75, "value": 0.047651111020000012, "supply": [{"l": "Molluscs, Other", "v": 0.047651111020000012}]}, {"source": 1, "prod": 11.0, "target": 76, "value": 0.0096413045760594309, "supply": [{"l": "Aquatic Animals, Others", "v": 0.0096413045760594309}]}, {"source": 1, "prod": 2.0, "target": 66, "value": 0.002927597695551724, "supply": [{"l": "Cephalopods", "v": 0.002927597695551724}]}, {"source": 1, "prod": 5150.0, "target": 10, "value": 3.3667164772358622, "supply": [{"l": "Milk - Excluding Butter", "v": 3.3667164772358622}]}, {"source": 1, "prod": 168.0, "target": 78, "value": 0.20459588485470492, "supply": [{"l": "Offals, Edible", "v": 0.20459588485470492}]}, {"source": 1, "prod": 29.0, "target": 90, "value": 0.025417984791429406, "supply": [{"l": "Aquatic Plants", "v": 0.025417984791429406}]}, {"source": 1, "prod": 102.0, "target": 11, "value": 0.097667300565135354, "supply": [{"l": "Marine Fish, Other", "v": 0.097667300565135354}]}, {"source": 1, "prod": 40.0, "target": 83, "value": 0.035059289367488838, "supply": [{"l": "Aquatic Products, Other", "v": 0.035059289367488838}]}, {"source": 1, "prod": 701.0, "target": 13, "value": 0.4678862700697406, "supply": [{"l": "Fish, Seafood", "v": 0.4678862700697406}]}, {"source": 1, "prod": 711.0, "target": 73, "value": 1.0471329867733441, "supply": [{"l": "Bovine Meat", "v": 1.0471329867733441}]}, {"source": 1, "prod": 41.0, "target": 80, "value": 0.031079586250098223, "supply": [{"l": "Demersal Fish", "v": 0.031079586250098223}]}, {"source": 1, "prod": 47.0, "target": 64, "value": 0.062348682172453131, "supply": [{"l": "Meat, Other", "v": 0.062348682172453131}]}, {"source": 1, "prod": 10.0, "target": 57, "value": 0.010228955803734941, "supply": [{"l": "Freshwater Fish", "v": 0.010228955803734941}]}, {"source": 1, "prod": 37.0, "target": 67, "value": 0.082666113877026326, "supply": [{"l": "Mutton & Goat Meat", "v": 0.082666113877026326}]}, {"source": 84, "prod": 35.0, "target": 89, "value": 0.06813511885036061, "supply": [{"l": "Alcohol, Non-Food", "v": 0.06813511885036061}]}, {"source": 84, "prod": 3200.0, "target": 27, "value": 13.278920662352746, "supply": [{"l": "Sugar", "v": 13.278920662352746}]}, {"source": 84, "prod": 3.0, "target": 29, "value": 0.025470099951300004, "supply": [{"l": "Maize Germ Oil", "v": 0.025470099951300004}]}, {"source": 84, "prod": 1338.0, "target": 30, "value": 0.54904130392845818, "supply": [{"l": "Beer", "v": 0.54904130392845818}]}, {"source": 84, "prod": 1.0, "target": 79, "value": 0.01035369916719512, "supply": [{"l": "Groundnut Oil", "v": 0.01035369916719512}]}, {"source": 84, "prod": 131.0, "target": 32, "value": 0.45628486750363084, "supply": [{"l": "Beverages, Alcoholic", "v": 0.45628486750363084}]}, {"source": 84, "prod": 436.0, "target": 39, "value": 1.8056851347588292, "supply": [{"l": "Sugar non-centrifugal", "v": 1.8056851347588292}]}, {"source": 84, "prod": 25.0, "target": 36, "value": 0.22342192939736844, "supply": [{"l": "Butter, Ghee", "v": 0.22342192939736844}]}, {"source": 84, "prod": 169.0, "target": 17, "value": 1.4224465303261942, "supply": [{"l": "Fats, Animals, Raw", "v": 1.4224465303261942}]}, {"source": 84, "prod": 14.0, "target": 40, "value": 0.13506871186295455, "supply": [{"l": "Soyabean Oil", "v": 0.13506871186295455}]}, {"source": 84, "prod": 42.0, "target": 51, "value": 0.42450166585500004, "supply": [{"l": "Palm Oil", "v": 0.42450166585500004}]}, {"source": 84, "prod": 2.0, "target": 54, "value": 0.028300111057000001, "supply": [{"l": "Olive Oil", "v": 0.028300111057000001}]}, {"source": 84, "prod": 116.0, "target": 53, "value": 1.2310548309795, "supply": [{"l": "Coconut Oil", "v": 1.2310548309795}]}, {"source": 84, "prod": 2.0, "target": 60, "value": 0.028300111057000001, "supply": [{"l": "Rape and Mustard Oil", "v": 0.028300111057000001}]}, {"source": 84, "prod": 56.0, "target": 28, "value": 0.58387597549178949, "supply": [{"l": "Oilcrops Oil, Other", "v": 0.58387597549178949}]}, {"source": 84, "prod": 42.0, "target": 52, "value": 0.081762142620432743, "supply": [{"l": "Wine", "v": 0.081762142620432743}]}, {"source": 84, "prod": 40.0, "target": 68, "value": 0.1358405330736, "supply": [{"l": "Sweeteners, Other", "v": 0.1358405330736}]}, {"source": 84, "prod": 66.0, "target": 33, "value": 0.68002694044733003, "supply": [{"l": "Sesameseed Oil", "v": 0.68002694044733003}]}, {"source": 84, "prod": 2.0, "target": 70, "value": 0.0038934353628777489, "supply": [{"l": "Beverages, Fermented", "v": 0.0038934353628777489}]}, {"source": 84, "prod": 7.0, "target": 8, "value": 0.060738021927120814, "supply": [{"l": "Fish, Body Oil", "v": 0.060738021927120814}]}, {"source": 84, "prod": 34.0, "target": 34, "value": 0.14433056639070002, "supply": [{"l": "Honey", "v": 0.14433056639070002}]}, {"source": 84, "prod": 176.0, "target": 61, "value": 1.8325656820306415, "supply": [{"l": "Cottonseed Oil", "v": 1.8325656820306415}]}, {"source": 84, "prod": 15.0, "target": 91, "value": 0.15618457517306605, "supply": [{"l": "Palmkernel Oil", "v": 0.15618457517306605}]}, {"source": 0, "prod": 20683.0, "target": 98, "value": 72.114726528779997, "supply": [{"l": "Maize", "v": 72.114726528779997}]}, {"source": 22, "prod": 10.5, "target": 98, "value": 0.027993649505832042, "supply": [{"l": "Olives", "v": 0.027993649505832042}]}, {"source": 45, "prod": 19.5, "target": 98, "value": 0.067989999870000012, "supply": [{"l": "Roots, Other", "v": 0.067989999870000012}]}, {"source": 26, "prod": 6.75, "target": 98, "value": 0.02993610977655466, "supply": [{"l": "Yams", "v": 0.02993610977655466}]}, {"source": 12, "prod": 457.0, "target": 98, "value": 1.3255432595219154, "supply": [{"l": "Barley", "v": 1.3255432595219154}]}, {"source": 35, "prod": 1156.0, "target": 98, "value": 4.0305866589599999, "supply": [{"l": "Rice", "v": 4.0305866589599999}]}, {"source": 37, "prod": 774.0, "target": 98, "value": 2.69867999484, "supply": [{"l": "Tomatoes", "v": 2.69867999484}]}, {"source": 9, "prod": 15.0, "target": 98, "value": 0.048598246660324675, "supply": [{"l": "Cereals, Other", "v": 0.048598246660324675}]}, {"source": 3, "prod": 4646.0, "target": 98, "value": 16.199053302359999, "supply": [{"l": "Wheat", "v": 16.199053302359999}]}, {"source": 41, "prod": 1092.0, "target": 98, "value": 3.8074399927200004, "supply": [{"l": "Coconuts - Incl Copra", "v": 3.8074399927200004}]}, {"source": 23, "prod": 1306.0, "target": 98, "value": 4.5535866579600004, "supply": [{"l": "Vegetables, Other", "v": 4.5535866579600004}]}, {"source": 46, "prod": 4.0, "target": 98, "value": 0.013946666639999999, "supply": [{"l": "Peas", "v": 0.013946666639999999}]}, {"source": 47, "prod": 180.5, "target": 98, "value": 1.2249342389824689, "supply": [{"l": "Sesame seed", "v": 1.2249342389824689}]}, {"source": 85, "prod": 1236.0, "target": 98, "value": 4.309519991760002, "supply": [{"l": "Cottonseed", "v": 4.309519991760002}]}, {"source": 50, "prod": 52.5, "target": 98, "value": 0.18304999964999999, "supply": [{"l": "Groundnuts", "v": 0.18304999964999999}]}, {"source": 15, "prod": 178.0, "target": 98, "value": 0.62062666548000012, "supply": [{"l": "Oilcrops, Other", "v": 0.62062666548000012}]}, {"source": 5, "prod": 117.0, "target": 98, "value": 0.40793999922000002, "supply": [{"l": "Oats", "v": 0.40793999922000002}]}, {"source": 6, "prod": 134.0, "target": 98, "value": 0.4465653611644636, "supply": [{"l": "Soyabeans", "v": 0.4465653611644636}]}, {"source": 7, "prod": 232.75, "target": 98, "value": 0.81152166511500012, "supply": [{"l": "Potatoes", "v": 0.81152166511500012}]}, {"source": 62, "prod": 1193.5, "target": 98, "value": 4.1613366587100007, "supply": [{"l": "Beans", "v": 4.1613366587100007}]}, {"source": 19, "prod": 218.0, "target": 98, "value": 0.76009333188000006, "supply": [{"l": "Pulses, Other", "v": 0.76009333188000006}]}, {"source": 18, "prod": 3844.0, "target": 98, "value": 13.402746641040002, "supply": [{"l": "Sorghum", "v": 13.402746641040002}]}, {"source": 16, "prod": 16876.400000000001, "target": 98, "value": 6.3398760297657724, "supply": [{"l": "Sugar cane", "v": 6.3398760297657724}]}, {"source": 48, "prod": 80.5, "target": 98, "value": 0.28067666613000003, "supply": [{"l": "Sweet potatoes", "v": 0.28067666613000003}]}, {"source": 86, "prod": 5.0, "target": 98, "value": 0.017433333300000003, "supply": [{"l": "Rape and Mustardseed", "v": 0.017433333300000003}]}, {"source": 87, "prod": 28.0, "target": 98, "value": 0.097626666480000013, "supply": [{"l": "Palm kernels", "v": 0.097626666480000013}]}, {"source": 82, "prod": 192.5, "target": 98, "value": 0.67118333204999991, "supply": [{"l": "Onions", "v": 0.67118333204999991}]}, {"source": 20, "prod": 63.25, "target": 98, "value": 0.22053166624500004, "supply": [{"l": "Cassava", "v": 0.22053166624500004}]}, {"source": 99, "prod": 157.14285714285717, "target": 84, "value": 0.66707404634357148, "supply": [{"l": "Oil Palm", "v": 0.66707404634357148}]}, {"source": 100, "prod": 0, "target": 0, "value": 0.00061149287133542703, "supply": "[{\"l\":'Energy for power irrigation',\"v\":0.00061149287133542703}]"}, {"source": 100, "prod": 0, "target": 22, "value": 6.2086497597272963e-07, "supply": "[{\"l\":'Energy for power irrigation',\"v\":6.2086497597272963e-07}]"}, {"source": 100, "prod": 0, "target": 45, "value": 2.306069910755853e-06, "supply": "[{\"l\":'Energy for power irrigation',\"v\":2.306069910755853e-06}]"}, {"source": 100, "prod": 0, "target": 14, "value": 1.9512899244857216e-05, "supply": "[{\"l\":'Energy for power irrigation',\"v\":1.9512899244857216e-05}]"}, {"source": 100, "prod": 0, "target": 24, "value": 9.4607996338701675e-07, "supply": "[{\"l\":'Energy for power irrigation',\"v\":9.4607996338701675e-07}]"}, {"source": 100, "prod": 0, "target": 26, "value": 7.9825496910779528e-07, "supply": "[{\"l\":'Energy for power irrigation',\"v\":7.9825496910779528e-07}]"}, {"source": 100, "prod": 0, "target": 71, "value": 3.606929860413001e-06, "supply": "[{\"l\":'Energy for power irrigation',\"v\":3.606929860413001e-06}]"}, {"source": 100, "prod": 0, "target": 59, "value": 1.3008599496571478e-06, "supply": "[{\"l\":'Energy for power irrigation',\"v\":1.3008599496571478e-06}]"}, {"source": 100, "prod": 0, "target": 12, "value": 1.3511204477120831e-05, "supply": "[{\"l\":'Energy for power irrigation',\"v\":1.3511204477120831e-05}]"}, {"source": 100, "prod": 0, "target": 56, "value": 2.2469399130441646e-06, "supply": "[{\"l\":'Energy for power irrigation',\"v\":2.2469399130441646e-06}]"}, {"source": 100, "prod": 0, "target": 35, "value": 3.4177138677355977e-05, "supply": "[{\"l\":'Energy for power irrigation',\"v\":3.4177138677355977e-05}]"}, {"source": 100, "prod": 0, "target": 37, "value": 4.5766618228846936e-05, "supply": "[{\"l\":'Energy for power irrigation',\"v\":4.5766618228846936e-05}]"}, {"source": 100, "prod": 0, "target": 9, "value": 4.4347498283766403e-07, "supply": "[{\"l\":'Energy for power irrigation',\"v\":4.4347498283766403e-07}]"}, {"source": 100, "prod": 0, "target": 38, "value": 3.669016358010274e-05, "supply": "[{\"l\":'Energy for power irrigation',\"v\":3.669016358010274e-05}]"}, {"source": 100, "prod": 0, "target": 3, "value": 0.00013735898468425248, "supply": "[{\"l\":'Energy for power irrigation',\"v\":0.00013735898468425248}]"}, {"source": 100, "prod": 0, "target": 41, "value": 6.4569957501163885e-05, "supply": "[{\"l\":'Energy for power irrigation',\"v\":6.4569957501163885e-05}]"}, {"source": 100, "prod": 0, "target": 42, "value": 9.4607996338701675e-07, "supply": "[{\"l\":'Energy for power irrigation',\"v\":9.4607996338701675e-07}]"}, {"source": 100, "prod": 0, "target": 23, "value": 7.7223777011465236e-05, "supply": "[{\"l\":'Energy for power irrigation',\"v\":7.7223777011465236e-05}]"}, {"source": 100, "prod": 0, "target": 46, "value": 2.3651999084675419e-07, "supply": "[{\"l\":'Energy for power irrigation',\"v\":2.3651999084675419e-07}]"}, {"source": 100, "prod": 0, "target": 47, "value": 1.0672964586959783e-05, "supply": "[{\"l\":'Energy for power irrigation',\"v\":1.0672964586959783e-05}]"}, {"source": 100, "prod": 0, "target": 85, "value": 7.3084677171647038e-05, "supply": "[{\"l\":'Energy for power irrigation',\"v\":7.3084677171647038e-05}]"}, {"source": 100, "prod": 0, "target": 7, "value": 2.7525013934791016e-05, "supply": "[{\"l\":'Energy for power irrigation',\"v\":2.7525013934791016e-05}]"}, {"source": 100, "prod": 0, "target": 49, "value": 6.2973447562948301e-06, "supply": "[{\"l\":'Energy for power irrigation',\"v\":6.2973447562948301e-06}]"}, {"source": 100, "prod": 0, "target": 50, "value": 3.1043248798636486e-06, "supply": "[{\"l\":'Energy for power irrigation',\"v\":3.1043248798636486e-06}]"}, {"source": 100, "prod": 0, "target": 99, "value": 4.6459283916326718e-06, "supply": "[{\"l\":'Energy for power irrigation',\"v\":4.6459283916326718e-06}]"}, {"source": 100, "prod": 0, "target": 15, "value": 1.0525139592680561e-05, "supply": "[{\"l\":'Energy for power irrigation',\"v\":1.0525139592680561e-05}]"}, {"source": 100, "prod": 0, "target": 25, "value": 4.4347498283766403e-07, "supply": "[{\"l\":'Energy for power irrigation',\"v\":4.4347498283766403e-07}]"}, {"source": 100, "prod": 0, "target": 5, "value": 3.4591048661337797e-06, "supply": "[{\"l\":'Energy for power irrigation',\"v\":3.4591048661337797e-06}]"}, {"source": 100, "prod": 0, "target": 6, "value": 7.9234196933662642e-06, "supply": "[{\"l\":'Energy for power irrigation',\"v\":7.9234196933662642e-06}]"}, {"source": 100, "prod": 0, "target": 74, "value": 8.1362876851283434e-05, "supply": "[{\"l\":'Energy for power irrigation',\"v\":8.1362876851283434e-05}]"}, {"source": 100, "prod": 0, "target": 58, "value": 1.2417299519454593e-06, "supply": "[{\"l\":'Energy for power irrigation',\"v\":1.2417299519454593e-06}]"}, {"source": 100, "prod": 0, "target": 94, "value": 5.9129997711688547e-08, "supply": "[{\"l\":'Energy for power irrigation',\"v\":5.9129997711688547e-08}]"}, {"source": 100, "prod": 0, "target": 62, "value": 7.0571652268900268e-05, "supply": "[{\"l\":'Energy for power irrigation',\"v\":7.0571652268900268e-05}]"}, {"source": 100, "prod": 0, "target": 19, "value": 1.2890339501148101e-05, "supply": "[{\"l\":'Energy for power irrigation',\"v\":1.2890339501148101e-05}]"}, {"source": 100, "prod": 0, "target": 65, "value": 1.3274684486274078e-05, "supply": "[{\"l\":'Energy for power irrigation',\"v\":1.3274684486274078e-05}]"}, {"source": 100, "prod": 0, "target": 18, "value": 0.00011364785560186538, "supply": "[{\"l\":'Energy for power irrigation',\"v\":0.00011364785560186538}]"}, {"source": 100, "prod": 0, "target": 16, "value": 0.0024947537334538512, "supply": "[{\"l\":'Energy for power irrigation',\"v\":0.0024947537334538512}]"}, {"source": 100, "prod": 0, "target": 69, "value": 1.9926809228839037e-05, "supply": "[{\"l\":'Energy for power irrigation',\"v\":1.9926809228839037e-05}]"}, {"source": 100, "prod": 0, "target": 4, "value": 0.00022176705641768787, "supply": "[{\"l\":'Energy for power irrigation',\"v\":0.00022176705641768787}]"}, {"source": 100, "prod": 0, "target": 72, "value": 1.1825999542337709e-07, "supply": "[{\"l\":'Energy for power irrigation',\"v\":1.1825999542337709e-07}]"}, {"source": 100, "prod": 0, "target": 48, "value": 9.5199296315818546e-06, "supply": "[{\"l\":'Energy for power irrigation',\"v\":9.5199296315818546e-06}]"}, {"source": 100, "prod": 0, "target": 86, "value": 2.9564998855844272e-07, "supply": "[{\"l\":'Energy for power irrigation',\"v\":2.9564998855844272e-07}]"}, {"source": 100, "prod": 0, "target": 81, "value": 0.00012565124513733814, "supply": "[{\"l\":'Energy for power irrigation',\"v\":0.00012565124513733814}]"}, {"source": 100, "prod": 0, "target": 87, "value": 1.6556399359272792e-06, "supply": "[{\"l\":'Energy for power irrigation',\"v\":1.6556399359272792e-06}]"}, {"source": 100, "prod": 0, "target": 20, "value": 7.479944710528601e-06, "supply": "[{\"l\":'Energy for power irrigation',\"v\":7.479944710528601e-06}]"}, {"source": 100, "prod": 0, "target": 82, "value": 1.1382524559500045e-05, "supply": "[{\"l\":'Energy for power irrigation',\"v\":1.1382524559500045e-05}]"}, {"source": 100, "prod": 0, "target": 63, "value": 7.1842947219701574e-06, "supply": "[{\"l\":'Energy for power irrigation',\"v\":7.1842947219701574e-06}]"}, {"source": 100, "prod": 0, "target": 84, "value": 1.5303333345575998, "supply": "[{\"l\":'Electricity',\"v\":1.5303333345575998}]"}, {"source": 101, "prod": 0, "target": 100, "value": 2.8992298941448107, "supply": [{"l": "Coal", "v": 1.5044963187263309}, {"l": "Natural gas", "v": 0.45049836941177668}, {"l": "Oil", "v": 0.94423520600670274}]}, {"source": 102, "prod": 0, "target": 100, "value": 0.40746363297921612, "supply": [{"l": "Nuclear", "v": 0.046522323540081449}, {"l": "Hydroelectric", "v": 0.35630608765122951}, {"l": "Renewable", "v": 0.0046352217879051562}]}, {"source": 101, "prod": 0, "target": 0, "value": 0.18783428638337535, "supply": [{"l": "Motor Gasoline", "v": 0.014840890330253655}, {"l": "Gas-Diesel oil", "v": 0.05928367460452949}, {"l": "Fuel oil", "v": 0.097863804685138514}, {"l": "Liquefied petroleum gas (LPG)", "v": 0.015845916763453677}]}, {"source": 101, "prod": 0, "target": 22, "value": 0.00019071314674132776, "supply": [{"l": "Motor Gasoline", "v": 1.5068350671340073e-05}, {"l": "Gas-Diesel oil", "v": 6.0192291577388159e-05}, {"l": "Fuel oil", "v": 9.9363723753222884e-05}, {"l": "Liquefied petroleum gas (LPG)", "v": 1.6088780739376648e-05}]}, {"source": 101, "prod": 0, "target": 45, "value": 0.0007083631164677888, "supply": [{"l": "Motor Gasoline", "v": 5.5968159636405986e-05}, {"l": "Gas-Diesel oil", "v": 0.00022357136871601317}, {"l": "Fuel oil", "v": 0.00036906525965482782}, {"l": "Liquefied petroleum gas (LPG)", "v": 5.9758328460541832e-05}]}, {"source": 101, "prod": 0, "target": 14, "value": 0.0059938417547274435, "supply": [{"l": "Motor Gasoline", "v": 0.00047357673538497369}, {"l": "Gas-Diesel oil", "v": 0.001891757735289342}, {"l": "Fuel oil", "v": 0.0031228598893870045}, {"l": "Liquefied petroleum gas (LPG)", "v": 0.00050564739466612315}]}, {"source": 101, "prod": 0, "target": 24, "value": 0.00029061050932011853, "supply": [{"l": "Motor Gasoline", "v": 2.2961296261089638e-05}, {"l": "Gas-Diesel oil", "v": 9.1721587165543872e-05}, {"l": "Fuel oil", "v": 0.00015141138857633965}, {"l": "Liquefied petroleum gas (LPG)", "v": 2.4516237317145367e-05}]}, {"source": 101, "prod": 0, "target": 26, "value": 0.00024520261723885001, "supply": [{"l": "Motor Gasoline", "v": 1.937359372029438e-05}, {"l": "Gas-Diesel oil", "v": 7.739008917092763e-05}, {"l": "Fuel oil", "v": 0.00012775335911128656}, {"l": "Liquefied petroleum gas (LPG)", "v": 2.0685575236341402e-05}]}, {"source": 101, "prod": 0, "target": 71, "value": 0.0011079525667829519, "supply": [{"l": "Motor Gasoline", "v": 8.753994199540425e-05}, {"l": "Gas-Diesel oil", "v": 0.000349688551068636}, {"l": "Fuel oil", "v": 0.00057725591894729482}, {"l": "Liquefied petroleum gas (LPG)", "v": 9.3468154771616713e-05}]}, {"source": 101, "prod": 0, "target": 59, "value": 0.00039958945031516298, "supply": [{"l": "Motor Gasoline", "v": 3.1571782358998251e-05}, {"l": "Gas-Diesel oil", "v": 0.00012611718235262283}, {"l": "Fuel oil", "v": 0.000208190659292467}, {"l": "Liquefied petroleum gas (LPG)", "v": 3.3709826311074881e-05}]}, {"source": 101, "prod": 0, "target": 12, "value": 0.0041502813362279426, "supply": [{"l": "Motor Gasoline", "v": 0.00032791601222868636}, {"l": "Gas-Diesel oil", "v": 0.0013098989167079234}, {"l": "Fuel oil", "v": 0.0021623438931058503}, {"l": "Liquefied petroleum gas (LPG)", "v": 0.00035012251418548224}]}, {"source": 101, "prod": 0, "target": 56, "value": 0.00069019995963528146, "supply": [{"l": "Motor Gasoline", "v": 5.4533078620087892e-05}, {"l": "Gas-Diesel oil", "v": 0.0002178387695181667}, {"l": "Fuel oil", "v": 0.00035960204786880662}, {"l": "Liquefied petroleum gas (LPG)", "v": 5.8226063628220248e-05}]}, {"source": 101, "prod": 0, "target": 35, "value": 0.010498304649189282, "supply": [{"l": "Motor Gasoline", "v": 0.00082947682743186315}, {"l": "Gas-Diesel oil", "v": 0.0033134423363552724}, {"l": "Fuel oil", "v": 0.0054697364123202693}, {"l": "Liquefied petroleum gas (LPG)", "v": 0.00088564907308187634}]}, {"source": 101, "prod": 0, "target": 37, "value": 0.014058283388360734, "supply": [{"l": "Motor Gasoline", "v": 0.0011107527066302112}, {"l": "Gas-Diesel oil", "v": 0.0044370317791331852}, {"l": "Fuel oil", "v": 0.00732452592238043}, {"l": "Liquefied petroleum gas (LPG)", "v": 0.0011859729802169072}]}, {"source": 101, "prod": 0, "target": 9, "value": 0.00013622367624380554, "supply": [{"l": "Motor Gasoline", "v": 1.0763107622385767e-05}, {"l": "Gas-Diesel oil", "v": 4.2994493983848688e-05}, {"l": "Fuel oil", "v": 7.0974088395159195e-05}, {"l": "Liquefied petroleum gas (LPG)", "v": 1.1491986242411891e-05}]}, {"source": 101, "prod": 0, "target": 38, "value": 0.011270238814570847, "supply": [{"l": "Motor Gasoline", "v": 0.00089046777062538256}, {"l": "Gas-Diesel oil", "v": 0.0035570778022637481}, {"l": "Fuel oil", "v": 0.0058719229132261717}, {"l": "Liquefied petroleum gas (LPG)", "v": 0.00095077032845554378}]}, {"source": 101, "prod": 0, "target": 3, "value": 0.042193013321914705, "supply": [{"l": "Motor Gasoline", "v": 0.0033336932009069517}, {"l": "Gas-Diesel oil", "v": 0.0133168279365974}, {"l": "Fuel oil", "v": 0.02198304097892731}, {"l": "Liquefied petroleum gas (LPG)", "v": 0.0035594512054830428}]}, {"source": 101, "prod": 0, "target": 41, "value": 0.019834167261098091, "supply": [{"l": "Motor Gasoline", "v": 0.0015671084698193679}, {"l": "Gas-Diesel oil", "v": 0.006259998324048369}, {"l": "Fuel oil", "v": 0.01033382727033518}, {"l": "Liquefied petroleum gas (LPG)", "v": 0.0016732331968951715}]}, {"source": 101, "prod": 0, "target": 42, "value": 0.00029061050932011853, "supply": [{"l": "Motor Gasoline", "v": 2.2961296261089638e-05}, {"l": "Gas-Diesel oil", "v": 9.1721587165543872e-05}, {"l": "Fuel oil", "v": 0.00015141138857633965}, {"l": "Liquefied petroleum gas (LPG)", "v": 2.4516237317145367e-05}]}, {"source": 101, "prod": 0, "target": 23, "value": 0.023721082823254674, "supply": [{"l": "Motor Gasoline", "v": 0.0018742158073114417}, {"l": "Gas-Diesel oil", "v": 0.0074867745523875184}, {"l": "Fuel oil", "v": 0.012358954592543723}, {"l": "Liquefied petroleum gas (LPG)", "v": 0.0020011378710119909}]}, {"source": 101, "prod": 0, "target": 46, "value": 7.2652627330029634e-05, "supply": [{"l": "Motor Gasoline", "v": 5.7403240652724095e-06}, {"l": "Gas-Diesel oil", "v": 2.2930396791385968e-05}, {"l": "Fuel oil", "v": 3.7852847144084912e-05}, {"l": "Liquefied petroleum gas (LPG)", "v": 6.1290593292863417e-06}]}, {"source": 101, "prod": 0, "target": 47, "value": 0.0032784498082675871, "supply": [{"l": "Motor Gasoline", "v": 0.00025903212344541749}, {"l": "Gas-Diesel oil", "v": 0.0010347341552112918}, {"l": "Fuel oil", "v": 0.0017081097273768315}, {"l": "Liquefied petroleum gas (LPG)", "v": 0.00027657380223404618}]}, {"source": 101, "prod": 0, "target": 85, "value": 0.022449661844979155, "supply": [{"l": "Motor Gasoline", "v": 0.0017737601361691746}, {"l": "Gas-Diesel oil", "v": 0.0070854926085382637}, {"l": "Fuel oil", "v": 0.011696529767522237}, {"l": "Liquefied petroleum gas (LPG)", "v": 0.0018938793327494797}]}, {"source": 101, "prod": 0, "target": 7, "value": 0.0084549495055321975, "supply": [{"l": "Motor Gasoline", "v": 0.0006680302130960766}, {"l": "Gas-Diesel oil", "v": 0.002668524926597542}, {"l": "Fuel oil", "v": 0.0044051250863928809}, {"l": "Liquefied petroleum gas (LPG)", "v": 0.00071326927944569802}]}, {"source": 101, "prod": 0, "target": 49, "value": 0.0019343762026620391, "supply": [{"l": "Motor Gasoline", "v": 0.00015283612823787792}, {"l": "Gas-Diesel oil", "v": 0.00061052181457065143}, {"l": "Fuel oil", "v": 0.0010078320552112606}, {"l": "Liquefied petroleum gas (LPG)", "v": 0.00016318620464224887}]}, {"source": 101, "prod": 0, "target": 50, "value": 0.00095356573370663892, "supply": [{"l": "Motor Gasoline", "v": 7.5341753356700369e-05}, {"l": "Gas-Diesel oil", "v": 0.0003009614578869408}, {"l": "Fuel oil", "v": 0.00049681861876611441}, {"l": "Liquefied petroleum gas (LPG)", "v": 8.0443903696883237e-05}]}, {"source": 101, "prod": 0, "target": 99, "value": 0.0014271051796970109, "supply": [{"l": "Motor Gasoline", "v": 0.00011275636556785092}, {"l": "Gas-Diesel oil", "v": 0.00045041850840222441}, {"l": "Fuel oil", "v": 0.00074353806890166798}, {"l": "Liquefied petroleum gas (LPG)", "v": 0.00012039223682526745}]}, {"source": 101, "prod": 0, "target": 15, "value": 0.0032330419161863185, "supply": [{"l": "Motor Gasoline", "v": 0.00025544442090462221}, {"l": "Gas-Diesel oil", "v": 0.0010204026572166755}, {"l": "Fuel oil", "v": 0.0016844516979117783}, {"l": "Liquefied petroleum gas (LPG)", "v": 0.00027274314015324219}]}, {"source": 101, "prod": 0, "target": 25, "value": 0.00013622367624380554, "supply": [{"l": "Motor Gasoline", "v": 1.0763107622385767e-05}, {"l": "Gas-Diesel oil", "v": 4.2994493983848688e-05}, {"l": "Fuel oil", "v": 7.0974088395159195e-05}, {"l": "Liquefied petroleum gas (LPG)", "v": 1.1491986242411891e-05}]}, {"source": 101, "prod": 0, "target": 5, "value": 0.0010625446747016833, "supply": [{"l": "Motor Gasoline", "v": 8.3952239454608985e-05}, {"l": "Gas-Diesel oil", "v": 0.00033535705307401978}, {"l": "Fuel oil", "v": 0.00055359788948224184}, {"l": "Liquefied petroleum gas (LPG)", "v": 8.9637492690812745e-05}]}, {"source": 101, "prod": 0, "target": 6, "value": 0.0024338630155559928, "supply": [{"l": "Motor Gasoline", "v": 0.00019230085618662571}, {"l": "Gas-Diesel oil", "v": 0.00076816829251142996}, {"l": "Fuel oil", "v": 0.0012680703793268445}, {"l": "Liquefied petroleum gas (LPG)", "v": 0.00020532348753109247}]}, {"source": 101, "prod": 0, "target": 74, "value": 0.024992503801530196, "supply": [{"l": "Motor Gasoline", "v": 0.0019746714784537088}, {"l": "Gas-Diesel oil", "v": 0.0078880564962367731}, {"l": "Fuel oil", "v": 0.013021379417565209}, {"l": "Liquefied petroleum gas (LPG)", "v": 0.0021083964092745017}]}, {"source": 101, "prod": 0, "target": 58, "value": 0.00038142629348265553, "supply": [{"l": "Motor Gasoline", "v": 3.0136701342680147e-05}, {"l": "Gas-Diesel oil", "v": 0.00012038458315477632}, {"l": "Fuel oil", "v": 0.00019872744750644577}, {"l": "Liquefied petroleum gas (LPG)", "v": 3.2177561478753296e-05}]}, {"source": 101, "prod": 0, "target": 94, "value": 1.8163156832507408e-05, "supply": [{"l": "Motor Gasoline", "v": 1.4350810163181024e-06}, {"l": "Gas-Diesel oil", "v": 5.732599197846492e-06}, {"l": "Fuel oil", "v": 9.463211786021228e-06}, {"l": "Liquefied petroleum gas (LPG)", "v": 1.5322648323215854e-06}]}, {"source": 101, "prod": 0, "target": 62, "value": 0.021677727679597587, "supply": [{"l": "Motor Gasoline", "v": 0.001712769192975655}, {"l": "Gas-Diesel oil", "v": 0.0068418571426297871}, {"l": "Fuel oil", "v": 0.011294343266616333}, {"l": "Liquefied petroleum gas (LPG)", "v": 0.0018287580773758121}]}, {"source": 101, "prod": 0, "target": 19, "value": 0.0039595681894866149, "supply": [{"l": "Motor Gasoline", "v": 0.00031284766155734628}, {"l": "Gas-Diesel oil", "v": 0.0012497066251305352}, {"l": "Fuel oil", "v": 0.0020629801693526273}, {"l": "Liquefied petroleum gas (LPG)", "v": 0.00033403373344610563}]}, {"source": 101, "prod": 0, "target": 65, "value": 0.0040776287088979133, "supply": [{"l": "Motor Gasoline", "v": 0.00032217568816341396}, {"l": "Gas-Diesel oil", "v": 0.0012869685199165374}, {"l": "Fuel oil", "v": 0.0021244910459617657}, {"l": "Liquefied petroleum gas (LPG)", "v": 0.00034399345485619596}]}, {"source": 101, "prod": 0, "target": 18, "value": 0.034909587432079239, "supply": [{"l": "Motor Gasoline", "v": 0.0027582257133633927}, {"l": "Gas-Diesel oil", "v": 0.011018055658260957}, {"l": "Fuel oil", "v": 0.018188293052732799}, {"l": "Liquefied petroleum gas (LPG)", "v": 0.0029450130077220875}]}, {"source": 101, "prod": 0, "target": 16, "value": 0.76632174992031998, "supply": [{"l": "Motor Gasoline", "v": 0.060547503159477052}, {"l": "Gas-Diesel oil", "v": 0.24186409275634133}, {"l": "Fuel oil", "v": 0.39926236846402158}, {"l": "Liquefied petroleum gas (LPG)", "v": 0.064647785540480007}]}, {"source": 101, "prod": 0, "target": 69, "value": 0.0061209838525549962, "supply": [{"l": "Motor Gasoline", "v": 0.00048362230249920045}, {"l": "Gas-Diesel oil", "v": 0.0019318859296742676}, {"l": "Fuel oil", "v": 0.0031891023718891537}, {"l": "Liquefied petroleum gas (LPG)", "v": 0.00051637324849237434}]}, {"source": 101, "prod": 0, "target": 4, "value": 0.068120919700319027, "supply": [{"l": "Motor Gasoline", "v": 0.0053822713517010425}, {"l": "Gas-Diesel oil", "v": 0.021500113291523269}, {"l": "Fuel oil", "v": 0.035491775803472611}, {"l": "Liquefied petroleum gas (LPG)", "v": 0.0057467592536221065}]}, {"source": 101, "prod": 0, "target": 72, "value": 3.6326313665014817e-05, "supply": [{"l": "Motor Gasoline", "v": 2.8701620326362047e-06}, {"l": "Gas-Diesel oil", "v": 1.1465198395692984e-05}, {"l": "Fuel oil", "v": 1.8926423572042456e-05}, {"l": "Liquefied petroleum gas (LPG)", "v": 3.0645296646431708e-06}]}, {"source": 101, "prod": 0, "target": 48, "value": 0.0029242682500336924, "supply": [{"l": "Motor Gasoline", "v": 0.00023104804362721447}, {"l": "Gas-Diesel oil", "v": 0.00092294847085328511}, {"l": "Fuel oil", "v": 0.0015235770975494175}, {"l": "Liquefied petroleum gas (LPG)", "v": 0.00024669463800377524}]}, {"source": 101, "prod": 0, "target": 86, "value": 9.0815784162537046e-05, "supply": [{"l": "Motor Gasoline", "v": 7.1754050815905125e-06}, {"l": "Gas-Diesel oil", "v": 2.8662995989232462e-05}, {"l": "Fuel oil", "v": 4.7316058930106142e-05}, {"l": "Liquefied petroleum gas (LPG)", "v": 7.6613241616079279e-06}]}, {"source": 101, "prod": 0, "target": 81, "value": 0.038596708269078239, "supply": [{"l": "Motor Gasoline", "v": 0.0030495471596759674}, {"l": "Gas-Diesel oil", "v": 0.012181773295423795}, {"l": "Fuel oil", "v": 0.020109325045295109}, {"l": "Liquefied petroleum gas (LPG)", "v": 0.0032560627686833692}]}, {"source": 101, "prod": 0, "target": 87, "value": 0.00050856839131020737, "supply": [{"l": "Motor Gasoline", "v": 4.0182268456906867e-05}, {"l": "Gas-Diesel oil", "v": 0.00016051277753970176}, {"l": "Fuel oil", "v": 0.00026496993000859438}, {"l": "Liquefied petroleum gas (LPG)", "v": 4.2903415305004395e-05}]}, {"source": 101, "prod": 0, "target": 20, "value": 0.002297639339312187, "supply": [{"l": "Motor Gasoline", "v": 0.00018153774856423995}, {"l": "Gas-Diesel oil", "v": 0.00072517379852758115}, {"l": "Fuel oil", "v": 0.0011970962909316851}, {"l": "Liquefied petroleum gas (LPG)", "v": 0.00019383150128868056}]}, {"source": 101, "prod": 0, "target": 82, "value": 0.0034964076902576761, "supply": [{"l": "Motor Gasoline", "v": 0.00027625309564123469}, {"l": "Gas-Diesel oil", "v": 0.0011035253455854497}, {"l": "Fuel oil", "v": 0.0018216682688090861}, {"l": "Liquefied petroleum gas (LPG)", "v": 0.0002949609802219052}]}, {"source": 101, "prod": 0, "target": 63, "value": 0.0022068235551496499, "supply": [{"l": "Motor Gasoline", "v": 0.00017436234348264942}, {"l": "Gas-Diesel oil", "v": 0.00069651080253834872}, {"l": "Fuel oil", "v": 0.0011497802320015792}, {"l": "Liquefied petroleum gas (LPG)", "v": 0.00018617017712707263}]}, {"source": 103, "prod": 329.52024290977312, "target": 0, "value": 4.0669512680421924, "supply": [{"l": "Potash", "v": 0.91133601554388366}, {"l": "Phosphate", "v": 2.5626645853834651}, {"l": "Nitrogen", "v": 25.751525094675291}]}, {"source": 103, "prod": 0.33457066678456876, "target": 22, "value": 0.0041292837900152798, "supply": [{"l": "Potash", "v": 0.91133601554388366}, {"l": "Phosphate", "v": 2.5626645853834651}, {"l": "Nitrogen", "v": 25.751525094675291}]}, {"source": 103, "prod": 1.2426910480569695, "target": 45, "value": 0.015337339791485327, "supply": [{"l": "Potash", "v": 0.91133601554388366}, {"l": "Phosphate", "v": 2.5626645853834651}, {"l": "Nitrogen", "v": 25.751525094675291}]}, {"source": 103, "prod": 10.515078098943588, "target": 14, "value": 0.12977749054333737, "supply": [{"l": "Potash", "v": 0.91133601554388366}, {"l": "Phosphate", "v": 2.5626645853834651}, {"l": "Nitrogen", "v": 25.751525094675291}]}, {"source": 103, "prod": 0.50982196843362859, "target": 24, "value": 0.0062922419657375703, "supply": [{"l": "Potash", "v": 0.91133601554388366}, {"l": "Phosphate", "v": 2.5626645853834651}, {"l": "Nitrogen", "v": 25.751525094675291}]}, {"source": 103, "prod": 0.43016228586587407, "target": 26, "value": 0.0053090791585910747, "supply": [{"l": "Potash", "v": 0.91133601554388366}, {"l": "Phosphate", "v": 2.5626645853834651}, {"l": "Nitrogen", "v": 25.751525094675291}]}, {"source": 103, "prod": 1.9436962546532091, "target": 71, "value": 0.023989172494374489, "supply": [{"l": "Potash", "v": 0.91133601554388366}, {"l": "Phosphate", "v": 2.5626645853834651}, {"l": "Nitrogen", "v": 25.751525094675291}]}, {"source": 103, "prod": 0.70100520659623933, "target": 59, "value": 0.00865183270288916, "supply": [{"l": "Potash", "v": 0.91133601554388366}, {"l": "Phosphate", "v": 2.5626645853834651}, {"l": "Nitrogen", "v": 25.751525094675291}]}, {"source": 103, "prod": 7.2808949866927577, "target": 12, "value": 0.089861080573189672, "supply": [{"l": "Potash", "v": 0.91133601554388366}, {"l": "Phosphate", "v": 2.5626645853834651}, {"l": "Nitrogen", "v": 25.751525094675291}]}, {"source": 103, "prod": 1.2108271750298678, "target": 56, "value": 0.01494407466862673, "supply": [{"l": "Potash", "v": 0.91133601554388366}, {"l": "Phosphate", "v": 2.5626645853834651}, {"l": "Nitrogen", "v": 25.751525094675291}]}, {"source": 103, "prod": 18.417318609664832, "target": 35, "value": 0.22730724101226973, "supply": [{"l": "Potash", "v": 0.91133601554388366}, {"l": "Phosphate", "v": 2.5626645853834651}, {"l": "Nitrogen", "v": 25.751525094675291}]}, {"source": 103, "prod": 24.662637722976783, "target": 37, "value": 0.30438720509255496, "supply": [{"l": "Potash", "v": 0.91133601554388366}, {"l": "Phosphate", "v": 2.5626645853834651}, {"l": "Nitrogen", "v": 25.751525094675291}]}, {"source": 103, "prod": 0.23897904770326339, "target": 9, "value": 0.0029494884214394858, "supply": [{"l": "Potash", "v": 0.91133601554388366}, {"l": "Phosphate", "v": 2.5626645853834651}, {"l": "Nitrogen", "v": 25.751525094675291}]}, {"source": 103, "prod": 19.771533213316658, "target": 38, "value": 0.24402100873376015, "supply": [{"l": "Potash", "v": 0.91133601554388366}, {"l": "Phosphate", "v": 2.5626645853834651}, {"l": "Nitrogen", "v": 25.751525094675291}]}, {"source": 103, "prod": 74.01977704195744, "target": 3, "value": 0.91355488040052346, "supply": [{"l": "Potash", "v": 0.91133601554388366}, {"l": "Phosphate", "v": 2.5626645853834651}, {"l": "Nitrogen", "v": 25.751525094675291}]}, {"source": 103, "prod": 34.795349345595149, "target": 41, "value": 0.42944551416158916, "supply": [{"l": "Potash", "v": 0.91133601554388366}, {"l": "Phosphate", "v": 2.5626645853834651}, {"l": "Nitrogen", "v": 25.751525094675291}]}, {"source": 103, "prod": 0.50982196843362859, "target": 42, "value": 0.0062922419657375703, "supply": [{"l": "Potash", "v": 0.91133601554388366}, {"l": "Phosphate", "v": 2.5626645853834651}, {"l": "Nitrogen", "v": 25.751525094675291}]}, {"source": 103, "prod": 41.614218173394931, "target": 23, "value": 0.51360425045332925, "supply": [{"l": "Potash", "v": 0.91133601554388366}, {"l": "Phosphate", "v": 2.5626645853834651}, {"l": "Nitrogen", "v": 25.751525094675291}]}, {"source": 103, "prod": 0.12745549210840715, "target": 46, "value": 0.0015730604914343926, "supply": [{"l": "Potash", "v": 0.91133601554388366}, {"l": "Phosphate", "v": 2.5626645853834651}, {"l": "Nitrogen", "v": 25.751525094675291}]}, {"source": 103, "prod": 5.7514290813918718, "target": 47, "value": 0.070984354675976968, "supply": [{"l": "Potash", "v": 0.91133601554388366}, {"l": "Phosphate", "v": 2.5626645853834651}, {"l": "Nitrogen", "v": 25.751525094675291}]}, {"source": 103, "prod": 39.383747061497807, "target": 85, "value": 0.4860756918532273, "supply": [{"l": "Potash", "v": 0.91133601554388366}, {"l": "Phosphate", "v": 2.5626645853834651}, {"l": "Nitrogen", "v": 25.751525094675291}]}, {"source": 103, "prod": 14.832632894115882, "target": 7, "value": 0.18306491469067743, "supply": [{"l": "Potash", "v": 0.91133601554388366}, {"l": "Phosphate", "v": 2.5626645853834651}, {"l": "Nitrogen", "v": 25.751525094675291}]}, {"source": 103, "prod": 3.3935024773863405, "target": 49, "value": 0.041882735584440701, "supply": [{"l": "Potash", "v": 0.91133601554388366}, {"l": "Phosphate", "v": 2.5626645853834651}, {"l": "Nitrogen", "v": 25.751525094675291}]}, {"source": 103, "prod": 1.6728533339228437, "target": 50, "value": 0.020646418950076403, "supply": [{"l": "Potash", "v": 0.91133601554388366}, {"l": "Phosphate", "v": 2.5626645853834651}, {"l": "Nitrogen", "v": 25.751525094675291}]}, {"source": 103, "prod": 2.5035900235579978, "target": 99, "value": 0.030899402510318433, "supply": [{"l": "Potash", "v": 0.91133601554388366}, {"l": "Phosphate", "v": 2.5626645853834651}, {"l": "Nitrogen", "v": 25.751525094675291}]}, {"source": 103, "prod": 5.671769398824118, "target": 15, "value": 0.07000119186883047, "supply": [{"l": "Potash", "v": 0.91133601554388366}, {"l": "Phosphate", "v": 2.5626645853834651}, {"l": "Nitrogen", "v": 25.751525094675291}]}, {"source": 103, "prod": 0.23897904770326339, "target": 25, "value": 0.0029494884214394858, "supply": [{"l": "Potash", "v": 0.91133601554388366}, {"l": "Phosphate", "v": 2.5626645853834651}, {"l": "Nitrogen", "v": 25.751525094675291}]}, {"source": 103, "prod": 1.8640365720854546, "target": 5, "value": 0.023006009687227991, "supply": [{"l": "Potash", "v": 0.91133601554388366}, {"l": "Phosphate", "v": 2.5626645853834651}, {"l": "Nitrogen", "v": 25.751525094675291}]}, {"source": 103, "prod": 4.2697589856316398, "target": 6, "value": 0.052697526463052154, "supply": [{"l": "Potash", "v": 0.91133601554388366}, {"l": "Phosphate", "v": 2.5626645853834651}, {"l": "Nitrogen", "v": 25.751525094675291}]}, {"source": 103, "prod": 43.844689285292063, "target": 74, "value": 0.54113280905343109, "supply": [{"l": "Potash", "v": 0.91133601554388366}, {"l": "Phosphate", "v": 2.5626645853834651}, {"l": "Nitrogen", "v": 25.751525094675291}]}, {"source": 103, "prod": 0.66914133356913752, "target": 58, "value": 0.0082585675800305597, "supply": [{"l": "Potash", "v": 0.91133601554388366}, {"l": "Phosphate", "v": 2.5626645853834651}, {"l": "Nitrogen", "v": 25.751525094675291}]}, {"source": 103, "prod": 0.031863873027101787, "target": 94, "value": 0.00039326512285859814, "supply": [{"l": "Potash", "v": 0.91133601554388366}, {"l": "Phosphate", "v": 2.5626645853834651}, {"l": "Nitrogen", "v": 25.751525094675291}]}, {"source": 103, "prod": 38.029532457845974, "target": 62, "value": 0.46936192413173683, "supply": [{"l": "Potash", "v": 0.91133601554388366}, {"l": "Phosphate", "v": 2.5626645853834651}, {"l": "Nitrogen", "v": 25.751525094675291}]}, {"source": 103, "prod": 6.9463243199081885, "target": 19, "value": 0.085731796783174385, "supply": [{"l": "Potash", "v": 0.91133601554388366}, {"l": "Phosphate", "v": 2.5626645853834651}, {"l": "Nitrogen", "v": 25.751525094675291}]}, {"source": 103, "prod": 7.1534394945843509, "target": 65, "value": 0.088288020081755278, "supply": [{"l": "Potash", "v": 0.91133601554388366}, {"l": "Phosphate", "v": 2.5626645853834651}, {"l": "Nitrogen", "v": 25.751525094675291}]}, {"source": 103, "prod": 61.242363958089634, "target": 18, "value": 0.75585556613422566, "supply": [{"l": "Potash", "v": 0.91133601554388366}, {"l": "Phosphate", "v": 2.5626645853834651}, {"l": "Nitrogen", "v": 25.751525094675291}]}, {"source": 103, "prod": 1344.3686668864514, "target": 16, "value": 16.592248798527113, "supply": [{"l": "Potash", "v": 0.91133601554388366}, {"l": "Phosphate", "v": 2.5626645853834651}, {"l": "Nitrogen", "v": 25.751525094675291}]}, {"source": 103, "prod": 10.738125210133301, "target": 69, "value": 0.13253034640334757, "supply": [{"l": "Potash", "v": 0.91133601554388366}, {"l": "Phosphate", "v": 2.5626645853834651}, {"l": "Nitrogen", "v": 25.751525094675291}]}, {"source": 103, "prod": 119.50545578814524, "target": 4, "value": 1.4749408432811724, "supply": [{"l": "Potash", "v": 0.91133601554388366}, {"l": "Phosphate", "v": 2.5626645853834651}, {"l": "Nitrogen", "v": 25.751525094675291}]}, {"source": 103, "prod": 0.063727746054203574, "target": 72, "value": 0.00078653024571719628, "supply": [{"l": "Potash", "v": 0.91133601554388366}, {"l": "Phosphate", "v": 2.5626645853834651}, {"l": "Nitrogen", "v": 25.751525094675291}]}, {"source": 103, "prod": 5.1300835573633874, "target": 48, "value": 0.063315684780234305, "supply": [{"l": "Potash", "v": 0.91133601554388366}, {"l": "Phosphate", "v": 2.5626645853834651}, {"l": "Nitrogen", "v": 25.751525094675291}]}, {"source": 103, "prod": 0.15931936513550896, "target": 86, "value": 0.0019663256142929907, "supply": [{"l": "Potash", "v": 0.91133601554388366}, {"l": "Phosphate", "v": 2.5626645853834651}, {"l": "Nitrogen", "v": 25.751525094675291}]}, {"source": 103, "prod": 67.710730182591291, "target": 81, "value": 0.83568838607452101, "supply": [{"l": "Potash", "v": 0.91133601554388366}, {"l": "Phosphate", "v": 2.5626645853834651}, {"l": "Nitrogen", "v": 25.751525094675291}]}, {"source": 103, "prod": 0.89218844475884995, "target": 87, "value": 0.011011423440040748, "supply": [{"l": "Potash", "v": 0.91133601554388366}, {"l": "Phosphate", "v": 2.5626645853834651}, {"l": "Nitrogen", "v": 25.751525094675291}]}, {"source": 103, "prod": 4.0307799379283757, "target": 20, "value": 0.049748038041612666, "supply": [{"l": "Potash", "v": 0.91133601554388366}, {"l": "Phosphate", "v": 2.5626645853834651}, {"l": "Nitrogen", "v": 25.751525094675291}]}, {"source": 103, "prod": 6.1337955577170939, "target": 82, "value": 0.075703536150280137, "supply": [{"l": "Potash", "v": 0.91133601554388366}, {"l": "Phosphate", "v": 2.5626645853834651}, {"l": "Nitrogen", "v": 25.751525094675291}]}, {"source": 103, "prod": 3.8714605727928668, "target": 63, "value": 0.04778171242731967, "supply": [{"l": "Potash", "v": 0.91133601554388366}, {"l": "Phosphate", "v": 2.5626645853834651}, {"l": "Nitrogen", "v": 25.751525094675291}]}, {"source": 101, "prod": 0, "target": 103, "value": 35.266039753434832, "supply": [{"l": "Natural gas (including LNG)", "v": 23.818905794962951}, {"l": "Fuel oil", "v": 6.8950063148292324}, {"l": "Liquefied petroleum gas (LPG)", "v": 2.2760638218213218}, {"l": "Coal", "v": 2.2760638218213218}]}, {"source": 104, "prod": 0, "target": 14, "value": 0.022011370886701437, "supply": "[{\"l\":'Labor',\"v\":0.022011370886701437}]"}, {"source": 104, "prod": 0, "target": 24, "value": 0.0010672179823855244, "supply": "[{\"l\":'Labor',\"v\":0.0010672179823855244}]"}, {"source": 104, "prod": 0, "target": 41, "value": 0.072837627297812041, "supply": "[{\"l\":'Labor',\"v\":0.072837627297812041}]"}, {"source": 104, "prod": 0, "target": 42, "value": 0.0010672179823855244, "supply": "[{\"l\":'Labor',\"v\":0.0010672179823855244}]"}, {"source": 104, "prod": 0, "target": 45, "value": 0.0026013438320647156, "supply": "[{\"l\":'Labor',\"v\":0.0026013438320647156}]"}, {"source": 104, "prod": 0, "target": 47, "value": 0.012039552863786697, "supply": "[{\"l\":'Labor',\"v\":0.012039552863786697}]"}, {"source": 104, "prod": 0, "target": 58, "value": 0.0014007236018810005, "supply": "[{\"l\":'Labor',\"v\":0.0014007236018810005}]"}, {"source": 104, "prod": 0, "target": 19, "value": 0.014540845010002768, "supply": "[{\"l\":'Labor',\"v\":0.014540845010002768}]"}, {"source": 104, "prod": 0, "target": 18, "value": 0.12819956013406111, "supply": "[{\"l\":'Labor',\"v\":0.12819956013406111}]"}, {"source": 104, "prod": 0, "target": 35, "value": 0.038553249613677065, "supply": "[{\"l\":'Labor',\"v\":0.038553249613677065}]"}, {"source": 104, "prod": 0, "target": 38, "value": 0.041388047379388615, "supply": "[{\"l\":'Labor',\"v\":0.041388047379388615}]"}, {"source": 104, "prod": 0, "target": 3, "value": 0.15494671081759831, "supply": "[{\"l\":'Labor',\"v\":0.15494671081759831}]"}, {"source": 104, "prod": 0, "target": 50, "value": 0.0035018090047025017, "supply": "[{\"l\":'Labor',\"v\":0.0035018090047025017}]"}, {"source": 104, "prod": 0, "target": 15, "value": 0.011872800054038958, "supply": "[{\"l\":'Labor',\"v\":0.011872800054038958}]"}, {"source": 104, "prod": 0, "target": 25, "value": 0.00050025842924321449, "supply": "[{\"l\":'Labor',\"v\":0.00050025842924321449}]"}, {"source": 104, "prod": 0, "target": 5, "value": 0.0039020157480970734, "supply": "[{\"l\":'Labor',\"v\":0.0039020157480970734}]"}, {"source": 104, "prod": 0, "target": 6, "value": 0.0089379506024787666, "supply": "[{\"l\":'Labor',\"v\":0.0089379506024787666}]"}, {"source": 104, "prod": 0, "target": 62, "value": 0.0796077913735702, "supply": "[{\"l\":'Labor',\"v\":0.0796077913735702}]"}, {"source": 104, "prod": 0, "target": 87, "value": 0.0018676314691746677, "supply": "[{\"l\":'Labor',\"v\":0.0018676314691746677}]"}, {"source": 104, "prod": 0, "target": 82, "value": 0.012839966350575839, "supply": "[{\"l\":'Labor',\"v\":0.012839966350575839}]"}, {"source": 104, "prod": 0, "target": 0, "value": 0.6897896728024937, "supply": "[{\"l\":'Labor',\"v\":0.6897896728024937}]"}, {"source": 104, "prod": 0, "target": 23, "value": 0.087111667812218435, "supply": "[{\"l\":'Labor',\"v\":0.087111667812218435}]"}, {"source": 104, "prod": 0, "target": 31, "value": 3.3350561949547636e-05, "supply": "[{\"l\":'Labor',\"v\":3.3350561949547636e-05}]"}, {"source": 104, "prod": 0, "target": 12, "value": 0.015241206810943269, "supply": "[{\"l\":'Labor',\"v\":0.015241206810943269}]"}, {"source": 104, "prod": 0, "target": 37, "value": 0.051626669897899741, "supply": "[{\"l\":'Labor',\"v\":0.051626669897899741}]"}, {"source": 104, "prod": 0, "target": 9, "value": 0.00050025842924321449, "supply": "[{\"l\":'Labor',\"v\":0.00050025842924321449}]"}, {"source": 104, "prod": 0, "target": 94, "value": 6.6701123899095272e-05, "supply": "[{\"l\":'Labor',\"v\":6.6701123899095272e-05}]"}, {"source": 104, "prod": 0, "target": 46, "value": 0.00026680449559638109, "supply": "[{\"l\":'Labor',\"v\":0.00026680449559638109}]"}, {"source": 104, "prod": 0, "target": 49, "value": 0.0071036696952536471, "supply": "[{\"l\":'Labor',\"v\":0.0071036696952536471}]"}, {"source": 104, "prod": 0, "target": 85, "value": 0.082442589139281763, "supply": "[{\"l\":'Labor',\"v\":0.082442589139281763}]"}, {"source": 104, "prod": 0, "target": 16, "value": 2.8141871184267284, "supply": "[{\"l\":'Labor',\"v\":2.8141871184267284}]"}, {"source": 104, "prod": 0, "target": 69, "value": 0.022478278753995107, "supply": "[{\"l\":'Labor',\"v\":0.022478278753995107}]"}, {"source": 104, "prod": 0, "target": 59, "value": 0.0014674247257800959, "supply": "[{\"l\":'Labor',\"v\":0.0014674247257800959}]"}, {"source": 104, "prod": 0, "target": 22, "value": 0.00070036180094050027, "supply": "[{\"l\":'Labor',\"v\":0.00070036180094050027}]"}, {"source": 104, "prod": 0, "target": 74, "value": 0.091780746485155107, "supply": "[{\"l\":'Labor',\"v\":0.091780746485155107}]"}, {"source": 104, "prod": 0, "target": 26, "value": 0.00090046517263778615, "supply": "[{\"l\":'Labor',\"v\":0.00090046517263778615}]"}, {"source": 104, "prod": 0, "target": 71, "value": 0.0040687685578448115, "supply": "[{\"l\":'Labor',\"v\":0.0040687685578448115}]"}, {"source": 104, "prod": 0, "target": 99, "value": 0.005240802592071772, "supply": "[{\"l\":'Labor',\"v\":0.005240802592071772}]"}, {"source": 104, "prod": 0, "target": 56, "value": 0.0025346427081656205, "supply": "[{\"l\":'Labor',\"v\":0.0025346427081656205}]"}, {"source": 104, "prod": 0, "target": 7, "value": 0.031049373175028851, "supply": "[{\"l\":'Labor',\"v\":0.031049373175028851}]"}, {"source": 104, "prod": 0, "target": 63, "value": 0.0081041865537400757, "supply": "[{\"l\":'Labor',\"v\":0.0081041865537400757}]"}, {"source": 104, "prod": 0, "target": 65, "value": 0.014974402315346889, "supply": "[{\"l\":'Labor',\"v\":0.014974402315346889}]"}, {"source": 104, "prod": 0, "target": 4, "value": 0.25016256518355684, "supply": "[{\"l\":'Labor',\"v\":0.25016256518355684}]"}, {"source": 104, "prod": 0, "target": 72, "value": 0.00013340224779819054, "supply": "[{\"l\":'Labor',\"v\":0.00013340224779819054}]"}, {"source": 104, "prod": 0, "target": 48, "value": 0.010738880947754338, "supply": "[{\"l\":'Labor',\"v\":0.010738880947754338}]"}, {"source": 104, "prod": 0, "target": 86, "value": 0.0003335056194954764, "supply": "[{\"l\":'Labor',\"v\":0.0003335056194954764}]"}, {"source": 104, "prod": 0, "target": 81, "value": 0.14173988828557746, "supply": "[{\"l\":'Labor',\"v\":0.14173988828557746}]"}, {"source": 104, "prod": 0, "target": 20, "value": 0.008437692173235551, "supply": "[{\"l\":'Labor',\"v\":0.008437692173235551}]"}, {"source": 101, "prod": 0, "target": 93, "value": 4.6813764671848013, "supply": "[{\"l\":'Fossil Fuels',\"v\":4.6813764671848013}]"}, {"source": 102, "prod": 0, "target": 93, "value": 0.26265576127904378, "supply": "[{\"l\":'Renewables & Nuclear',\"v\":0.15119580709851216},{\"l\":'Biomass & Waste',\"v\":0.11145995418053163}]"}]}