{"nodes": [{"layer": 13, "name": "Other Processed", "fill": "#9c9ede"}, {"layer": 10, "name": "Feed", "fill": "#dbdb8d"}, {"layer": 13, "name": "Animal Products", "fill": "#17becf"}, {"layer": 5, "name": "Cereals", "fill": "#e7ba52"}, {"layer": 5, "name": "Oilcrops", "fill": "#ff9896"}, {"layer": 5, "name": "Fruits, Roots & Vegetables", "fill": "#98df8a"}, {"layer": 5, "name": "Sugar Crops", "fill": "#ffbb78"}, {"layer": 13, "name": "Aquatic Products", "fill": "#1f77b4"}, {"layer": 16, "name": "Food", "fill": "#b5cf6b"}, {"layer": 13, "name": "Sugar", "fill": "#d6616b"}, {"layer": 13, "name": "Vegetable Oils", "fill": "#f7b6d2"}, {"layer": 10, "name": "Processing", "fill": "#9edae5"}, {"layer": 16, "name": "Biofuels & Other", "fill": "#e7ba52"}, {"name": "Waste", "fill": "#c7c7c7"}, {"layer": 2, "name": "Import", "fill": "#aec7e8"}, {"layer": 16, "name": "Export", "fill": "#aec7e8"}, {"layer": 0, "name": "Stock Draw", "fill": "#c7c7c7"}, {"layer": 16, "name": "Stock Deposit", "fill": "#c7c7c7"}, {"layer": 2, "name": "Electricity", "fill": "#bcbd22"}, {"layer": 0, "name": "Fossil Fuels", "fill": "#c49c94"}, {"layer": 0, "name": "Renewables & Nuclear", "fill": "#2ca02c"}, {"layer": 2, "name": "Fertilizers", "fill": "#c5b0d5"}, {"layer": 0, "name": "Labor", "fill": "#7f7f7f"}], "links": [{"source": 0, "prod": 3.0, "target": 1, "value": 0.02556168906521445, "supply": [{"l": "Fish, Body Oil", "v": 0.0086870886834007847}, {"l": "Fats, Animals, Raw", "v": 0.016874600381813664}]}, {"source": 2, "prod": 576.0, "target": 1, "value": 0.38718585111925152, "supply": [{"l": "Milk - Excluding Butter", "v": 0.38718585111925152}]}, {"source": 3, "prod": 7683.0, "target": 1, "value": 29.594181109339932, "supply": [{"l": "Maize", "v": 7.7456554234299126}, {"l": "Wheat", "v": 0.95424337265871995}, {"l": "Oats", "v": 0.092177504585657155}, {"l": "Barley", "v": 1.036996926588643}, {"l": "Sorghum", "v": 19.677581765405865}, {"l": "Cereals, Other", "v": 0.087526116671134024}]}, {"source": 4, "prod": 77.0, "target": 1, "value": 0.2996442711201881, "supply": [{"l": "Soyabeans", "v": 0.21285726387872145}, {"l": "Oilcrops, Other", "v": 0.086787007241466652}]}, {"source": 5, "prod": 367.0, "target": 1, "value": 0.50707014180929522, "supply": [{"l": "Bananas", "v": 0.20461661052896218}, {"l": "Potatoes", "v": 0.00078611419602777797}, {"l": "Plantains", "v": 0.027356774021766665}, {"l": "Cassava", "v": 0.0057886590798409097}, {"l": "Pulses, Other", "v": 0.26852198398269767}]}, {"source": 6, "prod": 602.0, "target": 1, "value": 0.21984122323044716, "supply": [{"l": "Sugar beet", "v": 0.0011622222200000001}, {"l": "Sugar cane", "v": 0.21867900101044715}]}, {"source": 7, "prod": 861.0, "target": 1, "value": 0.73924354047070107, "supply": [{"l": "Pelagic Fish", "v": 0.40591749154337559}, {"l": "Fish, Seafood", "v": 0.3254283435160697}, {"l": "Demersal Fish", "v": 0.0078977054112558138}]}, {"source": 0, "prod": 2873.0, "target": 8, "value": 3.3573136523072895, "supply": [{"l": "Beer", "v": 1.0569163025088277}, {"l": "Beverages, Alcoholic", "v": 0.60224866879921191}, {"l": "Fats, Animals, Raw", "v": 1.2065339272996769}, {"l": "Butter, Ghee", "v": 0.45578073597063151}, {"l": "Wine", "v": 0.033948016795839406}, {"l": "Beverages, Fermented", "v": 0.0018860009331021889}]}, {"source": 2, "prod": 12074.0, "target": 8, "value": 13.586131066676113, "supply": [{"l": "Pigmeat", "v": 4.3016168806639996}, {"l": "Meat, Other", "v": 0.074912058680294116}, {"l": "Mutton & Goat Meat", "v": 0.11273650798116394}, {"l": "Poultry Meat", "v": 0.71800940448208972}, {"l": "Milk - Excluding Butter", "v": 5.7372070126784935}, {"l": "Bovine Meat", "v": 1.3217905210286616}, {"l": "Offals, Edible", "v": 0.37718878668849848}, {"l": "Eggs", "v": 0.94266989447291361}]}, {"source": 3, "prod": 13616.0, "target": 8, "value": 49.609444500271508, "supply": [{"l": "Maize", "v": 36.951645937020992}, {"l": "Barley", "v": 0.042450166585500007}, {"l": "Cereals, Other", "v": 0.007002089333690723}, {"l": "Rice", "v": 2.455023799542738}, {"l": "Wheat", "v": 9.5880186010772661}, {"l": "Oats", "v": 0.075197437951457155}, {"l": "Sorghum", "v": 0.49010646875986369}]}, {"source": 4, "prod": 348.0, "target": 8, "value": 1.1017236218324553, "supply": [{"l": "Olives", "v": 0.077409127302970615}, {"l": "Sunflower seed", "v": 0.30186785127466664}, {"l": "Coconuts - Incl Copra", "v": 0.22608290968007863}, {"l": "Sesame seed", "v": 0.07358028874820001}, {"l": "Groundnuts", "v": 0.41506829550266672}, {"l": "Soyabeans", "v": 0.0039418011829392861}, {"l": "Rape and Mustardseed", "v": 0.0037733481409333329}]}, {"source": 5, "prod": 12790.0, "target": 8, "value": 10.095730576271524, "supply": [{"l": "Roots, Other", "v": 0.074813164873455448}, {"l": "Plantains", "v": 0.30186785127466664}, {"l": "Nuts", "v": 0.1135828781612027}, {"l": "Yams", "v": 0.016623841460055945}, {"l": "Cocoa Beans", "v": 0.074287791524625002}, {"l": "Tomatoes", "v": 0.22646763400094577}, {"l": "Coffee", "v": 0.07526625281117022}, {"l": "Treenuts", "v": 0.1135828781612027}, {"l": "Apples", "v": 0.15074712622441586}, {"l": "Vegetables, Other", "v": 0.45306875909178301}, {"l": "Peas", "v": 0.011710390782206896}, {"l": "Grapes", "v": 0.075328236784073535}, {"l": "Infant food", "v": 0.038591060532272729}, {"l": "Dates", "v": 0.00045379186826093292}, {"l": "Potatoes", "v": 0.67920266536800011}, {"l": "Pimento", "v": 0.11522188073207146}, {"l": "Pepper", "v": 0.0036385857073285718}, {"l": "Grapefruit", "v": 0.037423173174059216}, {"l": "Pineapples", "v": 0.11335854540708939}, {"l": "Beans", "v": 3.6987804682844421}, {"l": "Pulses, Other", "v": 0.60417446396106977}, {"l": "Lemons, Limes", "v": 0.11323120521827935}, {"l": "Bananas", "v": 1.2074714050986666}, {"l": "Citrus, Other", "v": 0.060435555440000004}, {"l": "Spices, Other", "v": 0.038205149926950004}, {"l": "Fruits, Other", "v": 0.83043911891750744}, {"l": "Sweet potatoes", "v": 0.037819239321627271}, {"l": "Oranges, Mandarines", "v": 0.60393721646874243}, {"l": "Onions", "v": 0.11312139363845532}, {"l": "Cassava", "v": 0.11287885205689774}]}, {"source": 9, "prod": 3782.0, "target": 8, "value": 15.669483525087198, "supply": [{"l": "Sugar", "v": 15.022069620120217}, {"l": "Sugar non-centrifugal", "v": 0.45642419112729604}, {"l": "Sweeteners, Other", "v": 0.11502625784458066}, {"l": "Honey", "v": 0.075963455995105275}]}, {"source": 7, "prod": 1111.0, "target": 8, "value": 0.88789579518403339, "supply": [{"l": "Freshwater Fish", "v": 0.015731532322861765}, {"l": "Crustaceans", "v": 0.038368419798432696}, {"l": "Aquatic Products, Other", "v": 0.0052976707084011329}, {"l": "Marine Fish, Other", "v": 0.11328271199270057}, {"l": "Demersal Fish", "v": 0.038007707291668608}, {"l": "Fish, Seafood", "v": 0.41473193545768877}, {"l": "Pelagic Fish", "v": 0.18877608642860599}, {"l": "Cephalopods", "v": 0.010290949475272728}, {"l": "Molluscs, Other", "v": 0.058111111000000007}, {"l": "Aquatic Animals, Others", "v": 0.0052976707084011329}]}, {"source": 10, "prod": 596.0, "target": 8, "value": 6.1745738722960191, "supply": [{"l": "Maize Germ Oil", "v": 0.0424501665855}, {"l": "Groundnut Oil", "v": 0.0424501665855}, {"l": "Soyabean Oil", "v": 1.8123448005548142}, {"l": "Palm Oil", "v": 0.26641139029520688}, {"l": "Sunflowerseed Oil", "v": 0.59687506956581826}, {"l": "Olive Oil", "v": 0.028300111057000001}, {"l": "Coconut Oil", "v": 0.59560849116886161}, {"l": "Rape and Mustard Oil", "v": 0.0424501665855}, {"l": "Oilcrops Oil, Other", "v": 1.2040410886069093}, {"l": "Sesameseed Oil", "v": 0.29843753478290913}, {"l": "Cottonseed Oil", "v": 1.2452048865079999}]}, {"source": 0, "prod": 154.0, "target": 11, "value": 0.29044414369773713, "supply": [{"l": "Wine", "v": 0.29044414369773713}]}, {"source": 3, "prod": 838.0, "target": 11, "value": 3.9911317349788069, "supply": [{"l": "Maize", "v": 1.7804355295506873}, {"l": "Rice", "v": 0.076059257128690674}, {"l": "Barley", "v": 2.1346369482994287}]}, {"source": 4, "prod": 3484.3793103448274, "target": 11, "value": 11.542423368856021, "supply": [{"l": "Sunflower seed", "v": 0.5810956137037333}, {"l": "Olives", "v": 0.024970686226764714}, {"l": "Coconuts - Incl Copra", "v": 1.2148379134075113}, {"l": "Soyabeans", "v": 3.2283351688272752}, {"l": "Sesame seed", "v": 0.36790144374100003}, {"l": "Cottonseed", "v": 3.7167479188193329}, {"l": "Rape and Mustardseed", "v": 0.022640088845599999}, {"l": "Groundnuts", "v": 0.05188353693783334}, {"l": "Palm kernels", "v": 0.049053525832133335}, {"l": "Oilcrops, Other", "v": 1.2602982790717332}, {"l": "Oil Palm", "v": 1.0246591934431033}]}, {"source": 5, "prod": 238.0, "target": 11, "value": 0.099194608834473064, "supply": [{"l": "Apples", "v": 0.00056039823875247529}, {"l": "Grapes", "v": 0.098634210595720584}]}, {"source": 6, "prod": 51589.0, "target": 11, "value": 18.771099805537368, "supply": [{"l": "Sugar cane", "v": 18.771099805537368}]}, {"source": 9, "prod": 44.0, "target": 11, "value": 0.17930950365715201, "supply": [{"l": "Sugar non-centrifugal", "v": 0.17930950365715201}]}, {"source": 10, "prod": 1.0, "target": 11, "value": 0.010290949475272728, "supply": [{"l": "Oilcrops Oil, Other", "v": 0.010290949475272728}]}, {"source": 0, "prod": 282.0, "target": 12, "value": 1.837309334885399, "supply": [{"l": "Alcohol, Non-Food", "v": 0.15653807744748169}, {"l": "Fats, Animals, Raw", "v": 1.6199616366541119}, {"l": "Fish, Body Oil", "v": 0.060809620783805494}]}, {"source": 2, "prod": 95.0, "target": 12, "value": 0.070921316366877429, "supply": [{"l": "Milk - Excluding Butter", "v": 0.056464603288224183}, {"l": "Offals, Edible", "v": 0.014456713078653252}]}, {"source": 3, "prod": 24.0, "target": 12, "value": 0.091304386130804466, "supply": [{"l": "Maize", "v": 0.091304386130804466}]}, {"source": 4, "prod": 193.0, "target": 12, "value": 0.7212288602522714, "supply": [{"l": "Cottonseed", "v": 0.71693614677733319}, {"l": "Coconuts - Incl Copra", "v": 0.0042927134749382017}]}, {"source": 5, "prod": 5.0, "target": 12, "value": 0.004161376932340758, "supply": [{"l": "Oranges, Mandarines", "v": 0.00030227087911348469}, {"l": "Cassava", "v": 0.003859106053227273}]}, {"source": 6, "prod": 2428.0, "target": 12, "value": 0.88344860973937722, "supply": [{"l": "Sugar cane", "v": 0.88344860973937722}]}, {"source": 9, "prod": 45.0, "target": 12, "value": 0.18522301436122987, "supply": [{"l": "Sugar", "v": 0.041440192055504053}, {"l": "Sweeteners, Other", "v": 0.14378282230572581}]}, {"source": 7, "prod": 87.0, "target": 12, "value": 0.066165889828739277, "supply": [{"l": "Aquatic Products, Other", "v": 0.028001973744405991}, {"l": "Fish, Seafood", "v": 0.0052976707084011329}, {"l": "Molluscs, Other", "v": 0.0011622222200000001}, {"l": "Marine Fish, Other", "v": 0.0037020494115261628}, {"l": "Aquatic Plants", "v": 0.028001973744405991}]}, {"source": 10, "prod": 154.0, "target": 12, "value": 1.5966480902747529, "supply": [{"l": "Coconut Oil", "v": 0.6687533935931077}, {"l": "Palm Oil", "v": 0.33813753383622419}, {"l": "Palmkernel Oil", "v": 0.083013659100533321}, {"l": "Oilcrops Oil, Other", "v": 0.20581898950545457}, {"l": "Cottonseed Oil", "v": 0.30092451423943328}]}, {"source": 5, "prod": 167.0, "target": 5, "value": 0.37820456142920222, "supply": [{"l": "Potatoes", "v": 0.066033592466333349}, {"l": "Roots, Other", "v": 0.00084059735812871299}, {"l": "Yams", "v": 0.0011874172471468532}, {"l": "Sweet potatoes", "v": 0.0038591060532272726}, {"l": "Beans", "v": 0.25494876313120329}, {"l": "Pulses, Other", "v": 0.051335085173162792}]}, {"source": 6, "prod": 243.0, "target": 6, "value": 0.08841763268808428, "supply": [{"l": "Sugar cane", "v": 0.08841763268808428}]}, {"source": 2, "prod": 27.0, "target": 2, "value": 0.040528801195491508, "supply": [{"l": "Eggs", "v": 0.040528801195491508}]}, {"source": 3, "prod": 518.0, "target": 3, "value": 1.9613847208214779, "supply": [{"l": "Maize", "v": 1.4608701780928715}, {"l": "Wheat", "v": 0.21576840591964686}, {"l": "Oats", "v": 0.0072771714146571435}, {"l": "Barley", "v": 0.10915757121985717}, {"l": "Rice", "v": 0.071833742843763398}, {"l": "Sorghum", "v": 0.096477651330681813}]}, {"source": 4, "prod": 69.0, "target": 4, "value": 0.27602715463095351, "supply": [{"l": "Soyabeans", "v": 0.063068818927028578}, {"l": "Sesame seed", "v": 0.022640088845599999}, {"l": "Cottonseed", "v": 0.094333703523333326}, {"l": "Groundnuts", "v": 0.012970884234458335}, {"l": "Oilcrops, Other", "v": 0.083013659100533321}]}, {"source": 2, "prod": 462.0, "target": 13, "value": 0.36116237562656883, "supply": [{"l": "Milk - Excluding Butter", "v": 0.26955126093545112}, {"l": "Bovine Meat", "v": 0.0014382921882792837}, {"l": "Poultry Meat", "v": 0.0016098865571347308}, {"l": "Eggs", "v": 0.088562935945703691}]}, {"source": 3, "prod": 1418.0, "target": 13, "value": 5.2699252490069206, "supply": [{"l": "Maize", "v": 3.789132024428385}, {"l": "Oats", "v": 0.0024257238048857148}, {"l": "Barley", "v": 0.10915757121985717}, {"l": "Rice", "v": 0.1436674856875268}, {"l": "Sorghum", "v": 0.49010646875986369}, {"l": "Wheat", "v": 0.73543597510640213}]}, {"source": 4, "prod": 168.0, "target": 13, "value": 0.62824826998433203, "supply": [{"l": "Soyabeans", "v": 0.11825403548817856}, {"l": "Coconuts - Incl Copra", "v": 0.021463567374691014}, {"l": "Groundnuts", "v": 0.058368979055062498}, {"l": "Oilcrops, Other", "v": 0.43016168806639998}]}, {"source": 5, "prod": 2103.0, "target": 13, "value": 1.4692396504797769, "supply": [{"l": "Vegetables, Other", "v": 0.050726614158773595}, {"l": "Potatoes", "v": 0.080969762190861119}, {"l": "Pineapples", "v": 0.018260686184824026}, {"l": "Fruits, Other", "v": 0.10028800288566619}, {"l": "Yams", "v": 0.0011874172471468532}, {"l": "Citrus, Other", "v": 0.015108888860000001}, {"l": "Grapefruit", "v": 0.005585548234934211}, {"l": "Beans", "v": 0.23876154007525391}, {"l": "Cocoa Beans", "v": 0.00424501665855}, {"l": "Plantains", "v": 0.060373570254933326}, {"l": "Tomatoes", "v": 0.018021297135353772}, {"l": "Coffee", "v": 0.010236210382319151}, {"l": "Lemons, Limes", "v": 0.01301189888816413}, {"l": "Bananas", "v": 0.66597649662658409}, {"l": "Apples", "v": 0.01681194716257426}, {"l": "Roots, Other", "v": 0.0042029867906435651}, {"l": "Sweet potatoes", "v": 0.0030872848425818182}, {"l": "Oranges, Mandarines", "v": 0.079799512085959964}, {"l": "Cassava", "v": 0.011577318159681819}, {"l": "Onions", "v": 0.0078260083649245825}, {"l": "Pulses, Other", "v": 0.06318164329004651}]}, {"source": 6, "prod": 946.0, "target": 13, "value": 0.34421020791328288, "supply": [{"l": "Sugar cane", "v": 0.34421020791328288}]}, {"source": 9, "prod": 1.0, "target": 13, "value": 0.0041440192055504045, "supply": [{"l": "Sugar", "v": 0.0041440192055504045}]}, {"source": 14, "prod": 1410.0, "target": 1, "value": 1.059166071588209, "supply": [{"l": "Meat, Other", "v": 0.0016647124151176471}, {"l": "Crustaceans", "v": 0.00081634935741346152}, {"l": "Eggs", "v": 0.0015010667109441301}, {"l": "Marine Fish, Other", "v": 0.0066636889407470923}, {"l": "Demersal Fish", "v": 0.0024680329410174421}, {"l": "Pigmeat", "v": 0.022249742486193099}, {"l": "Milk - Excluding Butter", "v": 0.69975776217906405}, {"l": "Pelagic Fish", "v": 0.13693602124354839}, {"l": "Fish, Seafood", "v": 0.11730556568602511}, {"l": "Bovine Meat", "v": 0.028765843765585674}, {"l": "Poultry Meat", "v": 0.0016098865571347308}, {"l": "Offals, Edible", "v": 0.039427399305417964}]}, {"source": 14, "prod": 302.0, "target": 11, "value": 2.4958921587636569, "supply": [{"l": "Sugar", "v": 0.033152153644403236}, {"l": "Beer", "v": 0.00042617592843097895}, {"l": "Beverages, Alcoholic", "v": 0.060224866879921193}, {"l": "Fats, Animals, Raw", "v": 1.1221609253906086}, {"l": "Soyabean Oil", "v": 0.51196180806633174}, {"l": "Butter, Ghee", "v": 0.15192691199021055}, {"l": "Palm Oil", "v": 0.10246591934431036}, {"l": "Olive Oil", "v": 0.014150055528500001}, {"l": "Coconut Oil", "v": 0.21943470727273851}, {"l": "Oilcrops Oil, Other", "v": 0.041163797901090912}, {"l": "Wine", "v": 0.015088007464817511}, {"l": "Sweeteners, Other", "v": 0.057513128922290331}, {"l": "Beverages, Fermented", "v": 0.0018860009331021889}, {"l": "Fish, Body Oil", "v": 0.0086870886834007847}, {"l": "Cottonseed Oil", "v": 0.14527390342593333}, {"l": "Palmkernel Oil", "v": 0.010376707387566665}]}, {"source": 14, "prod": 3699.0, "target": 3, "value": 13.688614918542974, "supply": [{"l": "Maize", "v": 6.4103287762668968}, {"l": "Barley", "v": 0.97635383146650023}, {"l": "Rice", "v": 0.088735799983472446}, {"l": "Cereals, Other", "v": 0.021006268001072172}, {"l": "Wheat", "v": 3.1028104569571759}, {"l": "Oats", "v": 0.029108685658628574}, {"l": "Sorghum", "v": 3.0602711002092273}]}, {"source": 14, "prod": 401.0, "target": 5, "value": 0.44482746315253224, "supply": [{"l": "Roots, Other", "v": 0.0067247788650297039}, {"l": "Pulses, Other", "v": 0.094772464935069772}, {"l": "Plantains", "v": 0.0424501665855}, {"l": "Nuts", "v": 0.013767621595297297}, {"l": "Citrus, Other", "v": 0.0046488888800000003}, {"l": "Infant food", "v": 0.046309272638727278}, {"l": "Cocoa Beans", "v": 0.0063675249878250009}, {"l": "Tomatoes", "v": 0.0026030762528844341}, {"l": "Coffee", "v": 0.00060213002248936181}, {"l": "Treenuts", "v": 0.010325716196472974}, {"l": "Vegetables, Other", "v": 0.015217984247632077}, {"l": "Peas", "v": 0.0039034635940689653}, {"l": "Grapes", "v": 0.0012485343113382351}, {"l": "Potatoes", "v": 0.04559462336961112}, {"l": "Pepper", "v": 0.0036385857073285718}, {"l": "Beans", "v": 0.048561669167848258}, {"l": "Apples", "v": 0.0056039823875247531}, {"l": "Lemons, Limes", "v": 0.00027684891251413045}, {"l": "Pineapples", "v": 0.00023715176863407827}, {"l": "Bananas", "v": 0.03656646652038488}, {"l": "Spices, Other", "v": 0.0169800666342}, {"l": "Fruits, Other", "v": 0.029042679568699707}, {"l": "Sweet potatoes", "v": 0.00077182121064545454}, {"l": "Oranges, Mandarines", "v": 0.0030227087911348471}, {"l": "Onions", "v": 0.0046244594883645259}, {"l": "Cassava", "v": 0.00096477651330681825}]}, {"source": 14, "prod": 989.0, "target": 4, "value": 3.8503133894604487, "supply": [{"l": "Sunflower seed", "v": 0.85655002799186664}, {"l": "Coconuts - Incl Copra", "v": 0.0014309044916460676}, {"l": "Cottonseed", "v": 0.18489405890573329}, {"l": "Groundnuts", "v": 0.012970884234458335}, {"l": "Oilcrops, Other", "v": 0.090560355382399996}, {"l": "Soyabeans", "v": 2.7001338103134112}, {"l": "Rape and Mustardseed", "v": 0.0037733481409333329}]}, {"source": 14, "prod": 1.0, "target": 6, "value": 0.0011622222200000001, "supply": [{"l": "Sugar beet", "v": 0.0011622222200000001}]}, {"source": 0, "prod": 66.0, "target": 15, "value": 0.18450856192782525, "supply": [{"l": "Beer", "v": 0.0089496944970505563}, {"l": "Beverages, Alcoholic", "v": 0.13048721157316256}, {"l": "Fats, Animals, Raw", "v": 0.008437300190906832}, {"l": "Wine", "v": 0.0018860009331021889}, {"l": "Fish, Body Oil", "v": 0.034748354733603139}]}, {"source": 2, "prod": 266.0, "target": 15, "value": 0.34449880173718445, "supply": [{"l": "Meat, Other", "v": 0.018311836566294117}, {"l": "Poultry Meat", "v": 0.0016098865571347308}, {"l": "Eggs", "v": 0.0015010667109441301}, {"l": "Pigmeat", "v": 0.01112487124309655}, {"l": "Milk - Excluding Butter", "v": 0.041676254807974995}, {"l": "Bovine Meat", "v": 0.26896063920822599}, {"l": "Offals, Edible", "v": 0.0013142466435139318}]}, {"source": 3, "prod": 160.0, "target": 15, "value": 0.62362215777550001, "supply": [{"l": "Maize", "v": 0.041847843643285379}, {"l": "Rice", "v": 0.45635554277214402}, {"l": "Wheat", "v": 0.12155966530684331}, {"l": "Sorghum", "v": 0.003859106053227273}]}, {"source": 4, "prod": 88.0, "target": 15, "value": 0.41539289883641967, "supply": [{"l": "Coconuts - Incl Copra", "v": 0.018601758391398878}, {"l": "Sesame seed", "v": 0.31696124383840002}, {"l": "Groundnuts", "v": 0.019456326351687502}, {"l": "Oilcrops, Other", "v": 0.0075466962818666657}, {"l": "Cottonseed", "v": 0.018866740704666665}, {"l": "Palm kernels", "v": 0.033960133268399993}]}, {"source": 5, "prod": 5465.0, "target": 15, "value": 3.8282813223070535, "supply": [{"l": "Plantains", "v": 0.046223514726433323}, {"l": "Nuts", "v": 0.0034419053988243241}, {"l": "Citrus, Other", "v": 0.029055555500000003}, {"l": "Grapefruit", "v": 0.015080980234322371}, {"l": "Tomatoes", "v": 0.10192044713216745}, {"l": "Pepper", "v": 0.0072771714146571435}, {"l": "Treenuts", "v": 0.0068838107976486483}, {"l": "Vegetables, Other", "v": 0.16793179108351886}, {"l": "Grapes", "v": 0.0079073839718088231}, {"l": "Cocoa Beans", "v": 0.040327658256225002}, {"l": "Potatoes", "v": 0.016508398116583337}, {"l": "Pimento", "v": 0.012128619024428572}, {"l": "Coffee", "v": 0.34682689295387242}, {"l": "Beans", "v": 0.18615306514341828}, {"l": "Pulses, Other", "v": 0.3751410070346512}, {"l": "Lemons, Limes", "v": 0.0049832804252543479}, {"l": "Pineapples", "v": 0.034387006451941343}, {"l": "Bananas", "v": 2.265564904411931}, {"l": "Spices, Other", "v": 0.00424501665855}, {"l": "Fruits, Other", "v": 0.089850789915664725}, {"l": "Infant food", "v": 0.007718212106454546}, {"l": "Oranges, Mandarines", "v": 0.03083162966957544}, {"l": "Onions", "v": 0.019209293259360338}, {"l": "Cassava", "v": 0.0086829886197613646}]}, {"source": 9, "prod": 744.0, "target": 15, "value": 3.0997325882681914, "supply": [{"l": "Sugar", "v": 2.8345091365964765}, {"l": "Sweeteners, Other", "v": 0.03286464509845162}, {"l": "Honey", "v": 0.23235880657326319}]}, {"source": 7, "prod": 322.0, "target": 15, "value": 0.26465085079899126, "supply": [{"l": "Crustaceans", "v": 0.053062708231874998}, {"l": "Marine Fish, Other", "v": 0.012586967999188953}, {"l": "Pelagic Fish", "v": 0.074336697246497704}, {"l": "Fish, Seafood", "v": 0.12184642629322609}, {"l": "Molluscs, Other", "v": 0.0023244444400000001}, {"l": "Demersal Fish", "v": 0.00049360658820348836}]}, {"source": 10, "prod": 23.0, "target": 15, "value": 0.23801960698713404, "supply": [{"l": "Palm Oil", "v": 0.010246591934431035}, {"l": "Oilcrops Oil, Other", "v": 0.061745696851636368}, {"l": "Cottonseed Oil", "v": 0.16602731820106664}]}, {"source": 16, "prod": 42.0, "target": 5, "value": 0.15878646443267511, "supply": [{"l": "Grapes", "v": 0.00083235620755882356}, {"l": "Pulses, Other", "v": 0.1579541082251163}]}, {"source": 10, "prod": 21.0, "target": 17, "value": 0.21612372919777956, "supply": [{"l": "Soyabean Oil", "v": 0.13311007009724624}, {"l": "Cottonseed Oil", "v": 0.083013659100533321}]}, {"source": 2, "prod": 1.0, "target": 17, "value": 0.0014382921882792837, "supply": [{"l": "Bovine Meat", "v": 0.0014382921882792837}]}, {"source": 0, "prod": 15.0, "target": 17, "value": 0.0063926389264646844, "supply": [{"l": "Beer", "v": 0.0063926389264646844}]}, {"source": 3, "prod": 1397.0, "target": 17, "value": 5.50925636906147, "supply": [{"l": "Maize", "v": 4.7630454764902996}, {"l": "Barley", "v": 0.61249526073364291}, {"l": "Wheat", "v": 0.13371563183752766}]}, {"source": 16, "prod": 13.0, "target": 1, "value": 0.0087385695565108858, "supply": [{"l": "Milk - Excluding Butter", "v": 0.0087385695565108858}]}, {"source": 5, "prod": 229.0, "target": 17, "value": 0.56232555573177678, "supply": [{"l": "Cocoa Beans", "v": 0.012735049975650002}, {"l": "Potatoes", "v": 0.013363941332472224}, {"l": "Infant food", "v": 0.003859106053227273}, {"l": "Beans", "v": 0.48156988591449518}, {"l": "Coffee", "v": 0.049374661844127664}, {"l": "Onions", "v": 0.0014229106118044696}]}, {"source": 16, "prod": 3.0, "target": 4, "value": 0.011320044422799999, "supply": [{"l": "Palm kernels", "v": 0.011320044422799999}]}, {"source": 4, "prod": 317.0, "target": 17, "value": 1.2545034944267286, "supply": [{"l": "Soyabeans", "v": 0.39418011829392863}, {"l": "Oilcrops, Other", "v": 0.62260244325399994}, {"l": "Sesame seed", "v": 0.1245204886508}, {"l": "Cottonseed", "v": 0.11320044422799999}]}, {"source": 16, "prod": 7.0, "target": 11, "value": 0.040940429624162028, "supply": [{"l": "Fats, Animals, Raw", "v": 0.025311900572720498}, {"l": "Honey", "v": 0.0089368771758947391}, {"l": "Beverages, Alcoholic", "v": 0.0066916518755467981}]}, {"source": 9, "prod": 306.0, "target": 17, "value": 1.2680698768984238, "supply": [{"l": "Sugar", "v": 1.2680698768984238}]}, {"source": 16, "prod": 99.0, "target": 3, "value": 0.41722668951269876, "supply": [{"l": "Rice", "v": 0.40564937135301693}, {"l": "Sorghum", "v": 0.011577318159681819}]}, {"source": 1, "prod": 2381.0, "target": 7, "value": 1.957956076282465, "supply": [{"l": "Pelagic Fish", "v": 0.66903027521847924}, {"l": "Crustaceans", "v": 0.091431128030307701}, {"l": "Freshwater Fish", "v": 0.015731532322861765}, {"l": "Molluscs, Other", "v": 0.061597777660000005}, {"l": "Aquatic Animals, Others", "v": 0.0052976707084011329}, {"l": "Aquatic Plants", "v": 0.028001973744405991}, {"l": "Demersal Fish", "v": 0.046399019291127906}, {"l": "Aquatic Products, Other", "v": 0.033299644452807121}, {"l": "Fish, Seafood", "v": 0.86730437597538568}, {"l": "Marine Fish, Other", "v": 0.12957172940341569}, {"l": "Cephalopods", "v": 0.010290949475272728}]}, {"source": 1, "prod": 13474.0, "target": 2, "value": 14.751337703714276, "supply": [{"l": "Poultry Meat", "v": 0.72122917759635907}, {"l": "Pigmeat", "v": 4.3127417519070965}, {"l": "Bovine Meat", "v": 1.5936277446134459}, {"l": "Eggs", "v": 1.0732626983250528}, {"l": "Milk - Excluding Butter", "v": 6.4920849828293949}, {"l": "Offals, Edible", "v": 0.39295974641066567}, {"l": "Meat, Other", "v": 0.093223895246588237}, {"l": "Mutton & Goat Meat", "v": 0.11273650798116394}]}, {"source": 11, "prod": 3393.0, "target": 0, "value": 5.7015300208099298, "supply": [{"l": "Fats, Animals, Raw", "v": 2.8518074645265092}, {"l": "Alcohol, Non-Food", "v": 0.15653807744748169}, {"l": "Beverages, Fermented", "v": 0.0018860009331021889}, {"l": "Fish, Body Oil", "v": 0.10424506420080942}, {"l": "Beer", "v": 1.0722586359323429}, {"l": "Beverages, Alcoholic", "v": 0.73273588037237447}, {"l": "Butter, Ghee", "v": 0.45578073597063151}, {"l": "Wine", "v": 0.32627816142667876}]}, {"source": 11, "prod": 795.0, "target": 10, "value": 8.2356562482309581, "supply": [{"l": "Olive Oil", "v": 0.028300111057000001}, {"l": "Sesameseed Oil", "v": 0.29843753478290913}, {"l": "Soyabean Oil", "v": 1.9454548706520605}, {"l": "Coconut Oil", "v": 1.2643618847619693}, {"l": "Cottonseed Oil", "v": 1.7951703780490329}, {"l": "Rape and Mustard Oil", "v": 0.0424501665855}, {"l": "Maize Germ Oil", "v": 0.0424501665855}, {"l": "Groundnut Oil", "v": 0.0424501665855}, {"l": "Palm Oil", "v": 0.61479551606586202}, {"l": "Palmkernel Oil", "v": 0.083013659100533321}, {"l": "Oilcrops Oil, Other", "v": 1.4818967244392729}, {"l": "Sunflowerseed Oil", "v": 0.59687506956581826}]}, {"source": 11, "prod": 4922.0, "target": 9, "value": 20.405962527477747, "supply": [{"l": "Honey", "v": 0.30832226256836848}, {"l": "Sweeteners, Other", "v": 0.29167372524875806}, {"l": "Sugar non-centrifugal", "v": 0.63573369478444808}, {"l": "Sugar", "v": 19.170232844876171}]}, {"source": 18, "prod": 0, "target": 5, "value": 0.00088513572624015482, "supply": "[{\"l\":'Energy for power irrigation',\"v\":0.00088513572624015482}]"}, {"source": 18, "prod": 0, "target": 6, "value": 0.0023366494547911224, "supply": "[{\"l\":'Energy for power irrigation',\"v\":0.0023366494547911224}]"}, {"source": 18, "prod": 0, "target": 3, "value": 0.00099456345663413042, "supply": "[{\"l\":'Energy for power irrigation',\"v\":0.00099456345663413042}]"}, {"source": 18, "prod": 0, "target": 4, "value": 0.00017790136584999231, "supply": "[{\"l\":'Energy for power irrigation',\"v\":0.00017790136584999231}]"}, {"source": 18, "prod": 0, "target": 11, "value": 3.0680000024543994, "supply": "[{\"l\":'Electricity',\"v\":3.0680000024543994}]"}, {"source": 19, "prod": 0, "target": 18, "value": 5.3764813698577161, "supply": [{"l": "Coal", "v": 2.8632797380319257}, {"l": "Natural gas", "v": 0.69545965742680294}, {"l": "Oil", "v": 1.8177419743989878}]}, {"source": 20, "prod": 0, "target": 18, "value": 0.95897095508605501, "supply": [{"l": "Nuclear", "v": 0.27642789321512445}, {"l": "Hydroelectric", "v": 0.67252145173377897}, {"l": "Renewable", "v": 0.010021610137151598}]}, {"source": 19, "prod": 0, "target": 5, "value": 2.6527102488939374, "supply": [{"l": "Motor Gasoline", "v": 0.019829708102097492}, {"l": "Gas-Diesel oil", "v": 2.2495863833093388}, {"l": "Fuel oil", "v": 0.3435955742476306}, {"l": "Liquefied petroleum gas (LPG)", "v": 0.039698583234870688}]}, {"source": 19, "prod": 0, "target": 6, "value": 7.002828801325637, "supply": [{"l": "Motor Gasoline", "v": 0.052347990541804869}, {"l": "Gas-Diesel oil", "v": 5.9386313762225296}, {"l": "Fuel oil", "v": 0.9070500573338468}, {"l": "Liquefied petroleum gas (LPG)", "v": 0.10479937722745641}]}, {"source": 19, "prod": 0, "target": 3, "value": 2.9806600235147656, "supply": [{"l": "Motor Gasoline", "v": 0.022281219082458507}, {"l": "Gas-Diesel oil", "v": 2.5276986828731496}, {"l": "Fuel oil", "v": 0.38607367421433747}, {"l": "Liquefied petroleum gas (LPG)", "v": 0.044606447344820291}]}, {"source": 19, "prod": 0, "target": 4, "value": 0.53316204791225774, "supply": [{"l": "Motor Gasoline", "v": 0.0039855267968391317}, {"l": "Gas-Diesel oil", "v": 0.45213912208498103}, {"l": "Fuel oil", "v": 0.069058473346585048}, {"l": "Liquefied petroleum gas (LPG)", "v": 0.0079789256838526078}]}, {"source": 21, "prod": 476.98044113221084, "target": 5, "value": 5.8869105969466249, "supply": [{"l": "Potash", "v": 0.91133601554388366}, {"l": "Phosphate", "v": 2.5626645853834651}, {"l": "Nitrogen", "v": 25.751525094675291}]}, {"source": 21, "prod": 1259.169700958623, "target": 6, "value": 15.540719947199637, "supply": [{"l": "Potash", "v": 0.91133601554388366}, {"l": "Phosphate", "v": 2.5626645853834651}, {"l": "Nitrogen", "v": 25.751525094675291}]}, {"source": 21, "prod": 535.94867116527769, "target": 3, "value": 6.6146987163941189, "supply": [{"l": "Potash", "v": 0.91133601554388366}, {"l": "Phosphate", "v": 2.5626645853834651}, {"l": "Nitrogen", "v": 25.751525094675291}]}, {"source": 21, "prod": 95.867186743888354, "target": 4, "value": 1.1831964350622628, "supply": [{"l": "Potash", "v": 0.91133601554388366}, {"l": "Phosphate", "v": 2.5626645853834651}, {"l": "Nitrogen", "v": 25.751525094675291}]}, {"source": 19, "prod": 0, "target": 21, "value": 35.266039753434832, "supply": [{"l": "Natural gas (including LNG)", "v": 23.818905794962951}, {"l": "Fuel oil", "v": 6.8950063148292324}, {"l": "Liquefied petroleum gas (LPG)", "v": 2.2760638218213218}, {"l": "Coal", "v": 2.2760638218213218}]}, {"source": 22, "prod": 0, "target": 3, "value": 1.747891783719397, "supply": "[{\"l\":'Labor',\"v\":1.747891783719397}]"}, {"source": 22, "prod": 0, "target": 4, "value": 0.31265208228543423, "supply": "[{\"l\":'Labor',\"v\":0.31265208228543423}]"}, {"source": 22, "prod": 0, "target": 5, "value": 1.5555784329815836, "supply": "[{\"l\":'Labor',\"v\":1.5555784329815836}]"}, {"source": 22, "prod": 0, "target": 6, "value": 4.1065357431127367, "supply": "[{\"l\":'Labor',\"v\":4.1065357431127367}]"}, {"source": 19, "prod": 0, "target": 14, "value": 12.545358654513201, "supply": "[{\"l\":'Fossil Fuels',\"v\":12.545358654513201}]"}, {"source": 20, "prod": 0, "target": 14, "value": 2.4897162265956116, "supply": "[{\"l\":'Renewables & Nuclear',\"v\":0.7345085209931359},{\"l\":'Biomass & Waste',\"v\":1.7552077056024757}]"}]}