{"nodes": [{"layer": 5, "name": "Maize"}, {"layer": 10, "name": "Feed", "fill": "#dbdb8d"}, {"layer": 13, "name": "Pelagic Fish"}, {"layer": 5, "name": "Wheat"}, {"layer": 5, "name": "Bananas"}, {"layer": 5, "name": "Oats"}, {"layer": 5, "name": "Soyabeans"}, {"layer": 5, "name": "Potatoes"}, {"layer": 13, "name": "Fish, Body Oil"}, {"layer": 5, "name": "Cereals, Other"}, {"layer": 13, "name": "Milk - Excluding Butter"}, {"layer": 13, "name": "Marine Fish, Other"}, {"layer": 5, "name": "Barley"}, {"layer": 13, "name": "Fish, Seafood"}, {"layer": 5, "name": "Plantains"}, {"layer": 5, "name": "Oilcrops, Other"}, {"layer": 5, "name": "Sugar cane"}, {"layer": 13, "name": "Fats, Animals, Raw"}, {"layer": 5, "name": "Sorghum"}, {"layer": 5, "name": "Pulses, Other"}, {"layer": 5, "name": "Cassava"}, {"layer": 16, "name": "Food", "fill": "#b5cf6b"}, {"layer": 5, "name": "Olives"}, {"layer": 5, "name": "Vegetables, Other"}, {"layer": 5, "name": "Nuts"}, {"layer": 5, "name": "Dates"}, {"layer": 5, "name": "Yams"}, {"layer": 13, "name": "Sugar", "fill": "#d6616b"}, {"layer": 13, "name": "Oilcrops Oil, Other"}, {"layer": 13, "name": "Maize Germ Oil"}, {"layer": 13, "name": "Beer"}, {"layer": 5, "name": "Infant food"}, {"layer": 13, "name": "Beverages, Alcoholic"}, {"layer": 13, "name": "Sesameseed Oil"}, {"layer": 13, "name": "Honey"}, {"layer": 5, "name": "Rice"}, {"layer": 13, "name": "Butter, Ghee"}, {"layer": 5, "name": "Tomatoes"}, {"layer": 5, "name": "Coffee"}, {"layer": 13, "name": "Sugar non-centrifugal"}, {"layer": 13, "name": "Soyabean Oil"}, {"layer": 5, "name": "Coconuts - Incl Copra"}, {"layer": 5, "name": "Treenuts"}, {"layer": 13, "name": "Crustaceans"}, {"layer": 13, "name": "Eggs"}, {"layer": 5, "name": "Roots, Other"}, {"layer": 5, "name": "Peas"}, {"layer": 5, "name": "Sesame seed"}, {"layer": 5, "name": "Sweet potatoes"}, {"layer": 5, "name": "Grapes"}, {"layer": 5, "name": "Groundnuts"}, {"layer": 13, "name": "Palm Oil"}, {"layer": 13, "name": "Wine"}, {"layer": 13, "name": "Coconut Oil"}, {"layer": 13, "name": "Olive Oil"}, {"layer": 13, "name": "Pigmeat"}, {"layer": 5, "name": "Cocoa Beans"}, {"layer": 13, "name": "Freshwater Fish"}, {"layer": 5, "name": "Pimento"}, {"layer": 5, "name": "Grapefruit"}, {"layer": 13, "name": "Rape and Mustard Oil"}, {"layer": 13, "name": "Cottonseed Oil"}, {"layer": 5, "name": "Beans"}, {"layer": 5, "name": "Apples"}, {"layer": 13, "name": "Meat, Other"}, {"layer": 5, "name": "Lemons, Limes"}, {"layer": 13, "name": "Cephalopods"}, {"layer": 13, "name": "Mutton & Goat Meat"}, {"layer": 13, "name": "Sweeteners, Other"}, {"layer": 5, "name": "Pineapples"}, {"layer": 13, "name": "Beverages, Fermented"}, {"layer": 5, "name": "Citrus, Other"}, {"layer": 5, "name": "Spices, Other"}, {"layer": 13, "name": "Bovine Meat"}, {"layer": 5, "name": "Fruits, Other"}, {"layer": 13, "name": "Molluscs, Other"}, {"layer": 13, "name": "Aquatic Animals, Others"}, {"layer": 13, "name": "Poultry Meat"}, {"layer": 13, "name": "Offals, Edible"}, {"layer": 13, "name": "Groundnut Oil"}, {"layer": 13, "name": "Demersal Fish"}, {"layer": 5, "name": "Oranges, Mandarines"}, {"layer": 5, "name": "Onions"}, {"layer": 13, "name": "Aquatic Products, Other"}, {"layer": 10, "name": "Processing", "fill": "#9edae5"}, {"layer": 5, "name": "Cottonseed"}, {"layer": 5, "name": "Rape and Mustardseed"}, {"layer": 5, "name": "Palm kernels"}, {"layer": 16, "name": "Biofuels & Other", "fill": "#e7ba52"}, {"layer": 13, "name": "Alcohol, Non-Food"}, {"layer": 13, "name": "Aquatic Plants"}, {"layer": 13, "name": "Palmkernel Oil"}, {"name": "Waste", "fill": "#c7c7c7"}, {"layer": 2, "name": "Import", "fill": "#aec7e8"}, {"layer": 5, "name": "Pepper"}, {"layer": 16, "name": "Export", "fill": "#aec7e8"}, {"layer": 16, "name": "Stock Deposit", "fill": "#c7c7c7"}, {"layer": 0, "name": "Stock Draw", "fill": "#c7c7c7"}, {"layer": 5, "name": "Oil Palm"}, {"layer": 2, "name": "Electricity", "fill": "#bcbd22"}, {"layer": 0, "name": "Fossil Fuels", "fill": "#c49c94"}, {"layer": 0, "name": "Renewables & Nuclear", "fill": "#2ca02c"}, {"layer": 2, "name": "Fertilizers", "fill": "#c5b0d5"}, {"layer": 0, "name": "Labor", "fill": "#7f7f7f"}], "links": [{"source": 0, "prod": 1025.0, "target": 1, "value": 3.9015227212469767, "supply": [{"l": "Maize", "v": 3.9015227212469767}]}, {"source": 2, "prod": 167.0, "target": 1, "value": 0.2170156475442398, "supply": [{"l": "Pelagic Fish", "v": 0.2170156475442398}]}, {"source": 3, "prod": 92.0, "target": 1, "value": 0.29469434327047478, "supply": [{"l": "Wheat", "v": 0.29469434327047478}]}, {"source": 4, "prod": 212.0, "target": 1, "value": 0.16129720650937479, "supply": [{"l": "Bananas", "v": 0.16129720650937479}]}, {"source": 5, "prod": 53.0, "target": 1, "value": 0.16070420207367861, "supply": [{"l": "Oats", "v": 0.16070420207367861}]}, {"source": 6, "prod": 34.0, "target": 1, "value": 0.13022306742018047, "supply": [{"l": "Soyabeans", "v": 0.13022306742018047}]}, {"source": 7, "prod": 1.0, "target": 1, "value": 0.00075206988045177167, "supply": [{"l": "Potatoes", "v": 0.00075206988045177167}]}, {"source": 8, "prod": 1.0, "target": 1, "value": 0.0084110612946550079, "supply": [{"l": "Fish, Body Oil", "v": 0.0084110612946550079}]}, {"source": 9, "prod": 4.0, "target": 1, "value": 0.014389886978135593, "supply": [{"l": "Cereals, Other", "v": 0.014389886978135593}]}, {"source": 10, "prod": 379.0, "target": 1, "value": 0.24505033170520207, "supply": [{"l": "Milk - Excluding Butter", "v": 0.24505033170520207}]}, {"source": 11, "prod": 42.0, "target": 1, "value": 0.068573346022730769, "supply": [{"l": "Marine Fish, Other", "v": 0.068573346022730769}]}, {"source": 12, "prod": 20.0, "target": 1, "value": 0.059659693579621614, "supply": [{"l": "Barley", "v": 0.059659693579621614}]}, {"source": 13, "prod": 208.0, "target": 1, "value": 0.15276184515197233, "supply": [{"l": "Fish, Seafood", "v": 0.15276184515197233}]}, {"source": 14, "prod": 20.0, "target": 1, "value": 0.018118973542591461, "supply": [{"l": "Plantains", "v": 0.018118973542591461}]}, {"source": 15, "prod": 1.0, "target": 1, "value": 0.0047166851761666672, "supply": [{"l": "Oilcrops, Other", "v": 0.0047166851761666672}]}, {"source": 16, "prod": 143.0, "target": 1, "value": 0.040201151137261588, "supply": [{"l": "Sugar cane", "v": 0.040201151137261588}]}, {"source": 17, "prod": 1.0, "target": 1, "value": 0.0085679235310183489, "supply": [{"l": "Fats, Animals, Raw", "v": 0.0085679235310183489}]}, {"source": 18, "prod": 867.0, "target": 1, "value": 3.261140012751893, "supply": [{"l": "Sorghum", "v": 3.261140012751893}]}, {"source": 19, "prod": 88.0, "target": 1, "value": 0.33138517140938711, "supply": [{"l": "Pulses, Other", "v": 0.33138517140938711}]}, {"source": 20, "prod": 3.0, "target": 1, "value": 0.003068686741120482, "supply": [{"l": "Cassava", "v": 0.003068686741120482}]}, {"source": 0, "prod": 6578.0, "target": 21, "value": 25.038259961329381, "supply": [{"l": "Maize", "v": 25.038259961329381}]}, {"source": 22, "prod": 6.0, "target": 21, "value": 0.028300111057000001, "supply": [{"l": "Olives", "v": 0.028300111057000001}]}, {"source": 23, "prod": 1092.0, "target": 21, "value": 0.25781747447923248, "supply": [{"l": "Vegetables, Other", "v": 0.25781747447923248}]}, {"source": 14, "prod": 199.0, "target": 21, "value": 0.18028378674878504, "supply": [{"l": "Plantains", "v": 0.18028378674878504}]}, {"source": 24, "prod": 16.0, "target": 21, "value": 0.050311308545777776, "supply": [{"l": "Nuts", "v": 0.050311308545777776}]}, {"source": 25, "prod": 6.0, "target": 21, "value": 0.0029951390038600255, "supply": [{"l": "Dates", "v": 0.0029951390038600255}]}, {"source": 26, "prod": 10.0, "target": 21, "value": 0.012709630714221558, "supply": [{"l": "Yams", "v": 0.012709630714221558}]}, {"source": 27, "prod": 1278.0, "target": 21, "value": 5.2858931291516855, "supply": [{"l": "Sugar", "v": 5.2858931291516855}]}, {"source": 28, "prod": 27.0, "target": 21, "value": 0.28653862445212502, "supply": [{"l": "Oilcrops Oil, Other", "v": 0.28653862445212502}]}, {"source": 29, "prod": 3.0, "target": 21, "value": 0.031837624939125002, "supply": [{"l": "Maize Germ Oil", "v": 0.031837624939125002}]}, {"source": 30, "prod": 1215.0, "target": 21, "value": 0.51576952401382503, "supply": [{"l": "Beer", "v": 0.51576952401382503}]}, {"source": 31, "prod": 1.0, "target": 21, "value": 0.0011622222200000001, "supply": [{"l": "Infant food", "v": 0.0011622222200000001}]}, {"source": 32, "prod": 103.0, "target": 21, "value": 0.36007729538994709, "supply": [{"l": "Beverages, Alcoholic", "v": 0.36007729538994709}]}, {"source": 12, "prod": 1.0, "target": 21, "value": 0.0029829846789810812, "supply": [{"l": "Barley", "v": 0.0029829846789810812}]}, {"source": 33, "prod": 73.0, "target": 21, "value": 0.74889168884586255, "supply": [{"l": "Sesameseed Oil", "v": 0.74889168884586255}]}, {"source": 34, "prod": 10.0, "target": 21, "value": 0.024970686226764714, "supply": [{"l": "Honey", "v": 0.024970686226764714}]}, {"source": 35, "prod": 385.0, "target": 21, "value": 1.62146266225402, "supply": [{"l": "Rice", "v": 1.62146266225402}]}, {"source": 36, "prod": 22.0, "target": 21, "value": 0.1815923792824167, "supply": [{"l": "Butter, Ghee", "v": 0.1815923792824167}]}, {"source": 37, "prod": 480.0, "target": 21, "value": 0.10317002511918988, "supply": [{"l": "Tomatoes", "v": 0.10317002511918988}]}, {"source": 9, "prod": 3.0, "target": 21, "value": 0.010792415233601695, "supply": [{"l": "Cereals, Other", "v": 0.010792415233601695}]}, {"source": 38, "prod": 121.0, "target": 21, "value": 0.077434223470032662, "supply": [{"l": "Coffee", "v": 0.077434223470032662}]}, {"source": 39, "prod": 450.0, "target": 21, "value": 1.8819000976162956, "supply": [{"l": "Sugar non-centrifugal", "v": 1.8819000976162956}]}, {"source": 3, "prod": 1659.0, "target": 21, "value": 5.3141077770186698, "supply": [{"l": "Wheat", "v": 5.3141077770186698}]}, {"source": 17, "prod": 66.0, "target": 21, "value": 0.56548295304721108, "supply": [{"l": "Fats, Animals, Raw", "v": 0.56548295304721108}]}, {"source": 40, "prod": 6.0, "target": 21, "value": 0.069463908958090917, "supply": [{"l": "Soyabean Oil", "v": 0.069463908958090917}]}, {"source": 41, "prod": 108.0, "target": 21, "value": 0.1545376850977753, "supply": [{"l": "Coconuts - Incl Copra", "v": 0.1545376850977753}]}, {"source": 42, "prod": 17.0, "target": 21, "value": 0.051546630853821433, "supply": [{"l": "Treenuts", "v": 0.051546630853821433}]}, {"source": 43, "prod": 24.0, "target": 21, "value": 0.026123179437230769, "supply": [{"l": "Crustaceans", "v": 0.026123179437230769}]}, {"source": 44, "prod": 251.0, "target": 21, "value": 0.38605042800581524, "supply": [{"l": "Eggs", "v": 0.38605042800581524}]}, {"source": 45, "prod": 43.0, "target": 21, "value": 0.052153061805042859, "supply": [{"l": "Roots, Other", "v": 0.052153061805042859}]}, {"source": 46, "prod": 5.0, "target": 21, "value": 0.023583425880833338, "supply": [{"l": "Peas", "v": 0.023583425880833338}]}, {"source": 47, "prod": 1.0, "target": 21, "value": 0.007718212106454546, "supply": [{"l": "Sesame seed", "v": 0.007718212106454546}]}, {"source": 48, "prod": 90.0, "target": 21, "value": 0.10256416087771815, "supply": [{"l": "Sweet potatoes", "v": 0.10256416087771815}]}, {"source": 11, "prod": 16.0, "target": 21, "value": 0.026123179437230769, "supply": [{"l": "Marine Fish, Other", "v": 0.026123179437230769}]}, {"source": 49, "prod": 49.0, "target": 21, "value": 0.025679730403574075, "supply": [{"l": "Grapes", "v": 0.025679730403574075}]}, {"source": 50, "prod": 39.0, "target": 21, "value": 0.23281263236735156, "supply": [{"l": "Groundnuts", "v": 0.23281263236735156}]}, {"source": 51, "prod": 32.0, "target": 21, "value": 0.33319376036920756, "supply": [{"l": "Palm Oil", "v": 0.33319376036920756}]}, {"source": 15, "prod": 1.0, "target": 21, "value": 0.0047166851761666672, "supply": [{"l": "Oilcrops, Other", "v": 0.0047166851761666672}]}, {"source": 52, "prod": 7.0, "target": 21, "value": 0.013721392081607206, "supply": [{"l": "Wine", "v": 0.013721392081607206}]}, {"source": 53, "prod": 40.0, "target": 21, "value": 0.41163797901090915, "supply": [{"l": "Coconut Oil", "v": 0.41163797901090915}]}, {"source": 5, "prod": 26.0, "target": 21, "value": 0.078836023658785725, "supply": [{"l": "Oats", "v": 0.078836023658785725}]}, {"source": 54, "prod": 2.0, "target": 21, "value": 0.028300111057000001, "supply": [{"l": "Olive Oil", "v": 0.028300111057000001}]}, {"source": 55, "prod": 481.0, "target": 21, "value": 1.753106122068856, "supply": [{"l": "Pigmeat", "v": 1.753106122068856}]}, {"source": 56, "prod": 14.0, "target": 21, "value": 0.025839231834652178, "supply": [{"l": "Cocoa Beans", "v": 0.025839231834652178}]}, {"source": 7, "prod": 309.0, "target": 21, "value": 0.23238959305959747, "supply": [{"l": "Potatoes", "v": 0.23238959305959747}]}, {"source": 57, "prod": 7.0, "target": 21, "value": 0.0071602690626144582, "supply": [{"l": "Freshwater Fish", "v": 0.0071602690626144582}]}, {"source": 58, "prod": 19.0, "target": 21, "value": 0.078053532108822599, "supply": [{"l": "Pimento", "v": 0.078053532108822599}]}, {"source": 59, "prod": 11.0, "target": 21, "value": 0.012784444420000001, "supply": [{"l": "Grapefruit", "v": 0.012784444420000001}]}, {"source": 60, "prod": 1.0, "target": 21, "value": 0.02122508329275, "supply": [{"l": "Rape and Mustard Oil", "v": 0.02122508329275}]}, {"source": 10, "prod": 3230.0, "target": 21, "value": 2.0884236712606934, "supply": [{"l": "Milk - Excluding Butter", "v": 2.0884236712606934}]}, {"source": 61, "prod": 133.0, "target": 21, "value": 1.3858049837139137, "supply": [{"l": "Cottonseed Oil", "v": 1.3858049837139137}]}, {"source": 2, "prod": 60.0, "target": 21, "value": 0.077969693728469389, "supply": [{"l": "Pelagic Fish", "v": 0.077969693728469389}]}, {"source": 62, "prod": 902.0, "target": 21, "value": 3.6614054794189781, "supply": [{"l": "Beans", "v": 3.6614054794189781}]}, {"source": 63, "prod": 129.0, "target": 21, "value": 0.077127767458161967, "supply": [{"l": "Apples", "v": 0.077127767458161967}]}, {"source": 13, "prod": 176.0, "target": 21, "value": 0.12926002282089966, "supply": [{"l": "Fish, Seafood", "v": 0.12926002282089966}]}, {"source": 64, "prod": 43.0, "target": 21, "value": 0.052153061805042859, "supply": [{"l": "Meat, Other", "v": 0.052153061805042859}]}, {"source": 65, "prod": 202.0, "target": 21, "value": 0.051501103004630629, "supply": [{"l": "Lemons, Limes", "v": 0.051501103004630629}]}, {"source": 18, "prod": 96.0, "target": 21, "value": 0.36109508791716466, "supply": [{"l": "Sorghum", "v": 0.36109508791716466}]}, {"source": 66, "prod": 1.0, "target": 21, "value": 0.0011622222200000001, "supply": [{"l": "Cephalopods", "v": 0.0011622222200000001}]}, {"source": 67, "prod": 37.0, "target": 21, "value": 0.077245385098204916, "supply": [{"l": "Mutton & Goat Meat", "v": 0.077245385098204916}]}, {"source": 68, "prod": 15.0, "target": 21, "value": 0.053062708231874998, "supply": [{"l": "Sweeteners, Other", "v": 0.053062708231874998}]}, {"source": 69, "prod": 213.0, "target": 21, "value": 0.077501875566098583, "supply": [{"l": "Pineapples", "v": 0.077501875566098583}]}, {"source": 4, "prod": 1153.0, "target": 21, "value": 0.87724376936466586, "supply": [{"l": "Bananas", "v": 0.87724376936466586}]}, {"source": 70, "prod": 1.0, "target": 21, "value": 0.0019601988688010292, "supply": [{"l": "Beverages, Fermented", "v": 0.0019601988688010292}]}, {"source": 71, "prod": 37.0, "target": 21, "value": 0.043002222140000004, "supply": [{"l": "Citrus, Other", "v": 0.043002222140000004}]}, {"source": 72, "prod": 1.0, "target": 21, "value": 0.0047166851761666672, "supply": [{"l": "Spices, Other", "v": 0.0047166851761666672}]}, {"source": 73, "prod": 612.0, "target": 21, "value": 0.90296183541351549, "supply": [{"l": "Bovine Meat", "v": 0.90296183541351549}]}, {"source": 74, "prod": 1087.0, "target": 21, "value": 0.51556794501048608, "supply": [{"l": "Fruits, Other", "v": 0.51556794501048608}]}, {"source": 75, "prod": 35.0, "target": 21, "value": 0.040677777700000001, "supply": [{"l": "Molluscs, Other", "v": 0.040677777700000001}]}, {"source": 76, "prod": 3.0, "target": 21, "value": 0.0032653974296538461, "supply": [{"l": "Aquatic Animals, Others", "v": 0.0032653974296538461}]}, {"source": 77, "prod": 201.0, "target": 21, "value": 0.33511264437435501, "supply": [{"l": "Poultry Meat", "v": 0.33511264437435501}]}, {"source": 78, "prod": 149.0, "target": 21, "value": 0.18071642346398573, "supply": [{"l": "Offals, Edible", "v": 0.18071642346398573}]}, {"source": 79, "prod": 2.0, "target": 21, "value": 0.028300111057000001, "supply": [{"l": "Groundnut Oil", "v": 0.028300111057000001}]}, {"source": 80, "prod": 34.0, "target": 21, "value": 0.025321151998368423, "supply": [{"l": "Demersal Fish", "v": 0.025321151998368423}]}, {"source": 81, "prod": 1388.0, "target": 21, "value": 0.41239426926106032, "supply": [{"l": "Oranges, Mandarines", "v": 0.41239426926106032}]}, {"source": 19, "prod": 75.0, "target": 21, "value": 0.28243054381481852, "supply": [{"l": "Pulses, Other", "v": 0.28243054381481852}]}, {"source": 20, "prod": 101.0, "target": 21, "value": 0.10331245361772291, "supply": [{"l": "Cassava", "v": 0.10331245361772291}]}, {"source": 82, "prod": 108.0, "target": 21, "value": 0.051224782024960905, "supply": [{"l": "Onions", "v": 0.051224782024960905}]}, {"source": 83, "prod": 2.0, "target": 21, "value": 0.0021769316197692307, "supply": [{"l": "Aquatic Products, Other", "v": 0.0021769316197692307}]}, {"source": 0, "prod": 324.0, "target": 84, "value": 1.2332618162770934, "supply": [{"l": "Maize", "v": 1.2332618162770934}]}, {"source": 22, "prod": 4.0, "target": 84, "value": 0.018866740704666669, "supply": [{"l": "Olives", "v": 0.018866740704666669}]}, {"source": 39, "prod": 37.0, "target": 84, "value": 0.15473400802622875, "supply": [{"l": "Sugar non-centrifugal", "v": 0.15473400802622875}]}, {"source": 41, "prod": 962.0, "target": 84, "value": 1.3765301209635168, "supply": [{"l": "Coconuts - Incl Copra", "v": 1.3765301209635168}]}, {"source": 85, "prod": 1201.0, "target": 84, "value": 5.6647388965761669, "supply": [{"l": "Cottonseed", "v": 5.6647388965761669}]}, {"source": 47, "prod": 170.0, "target": 84, "value": 1.3120960580972729, "supply": [{"l": "Sesame seed", "v": 1.3120960580972729}]}, {"source": 16, "prod": 34843.0, "target": 84, "value": 9.7953056578713671, "supply": [{"l": "Sugar cane", "v": 9.7953056578713671}]}, {"source": 6, "prod": 23.0, "target": 84, "value": 0.088092075019533839, "supply": [{"l": "Soyabeans", "v": 0.088092075019533839}]}, {"source": 86, "prod": 4.0, "target": 84, "value": 0.018866740704666669, "supply": [{"l": "Rape and Mustardseed", "v": 0.018866740704666669}]}, {"source": 63, "prod": 2.0, "target": 84, "value": 0.0011957793404366198, "supply": [{"l": "Apples", "v": 0.0011957793404366198}]}, {"source": 49, "prod": 56.0, "target": 84, "value": 0.029348263318370371, "supply": [{"l": "Grapes", "v": 0.029348263318370371}]}, {"source": 50, "prod": 4.0, "target": 84, "value": 0.02387821870434375, "supply": [{"l": "Groundnuts", "v": 0.02387821870434375}]}, {"source": 12, "prod": 196.0, "target": 84, "value": 0.58466499708029185, "supply": [{"l": "Barley", "v": 0.58466499708029185}]}, {"source": 87, "prod": 29.0, "target": 84, "value": 0.13678387010883336, "supply": [{"l": "Palm kernels", "v": 0.13678387010883336}]}, {"source": 35, "prod": 17.0, "target": 84, "value": 0.071597052619008672, "supply": [{"l": "Rice", "v": 0.071597052619008672}]}, {"source": 15, "prod": 87.0, "target": 84, "value": 0.41035161032650003, "supply": [{"l": "Oilcrops, Other", "v": 0.41035161032650003}]}, {"source": 52, "prod": 34.0, "target": 84, "value": 0.066646761539235003, "supply": [{"l": "Wine", "v": 0.066646761539235003}]}, {"source": 0, "prod": 17.0, "target": 88, "value": 0.064708181718242552, "supply": [{"l": "Maize", "v": 0.064708181718242552}]}, {"source": 89, "prod": 75.0, "target": 88, "value": 0.14701491516007723, "supply": [{"l": "Alcohol, Non-Food", "v": 0.14701491516007723}]}, {"source": 27, "prod": 5.0, "target": 88, "value": 0.020680333056149004, "supply": [{"l": "Sugar", "v": 0.020680333056149004}]}, {"source": 83, "prod": 6.0, "target": 88, "value": 0.0065307948593076922, "supply": [{"l": "Aquatic Products, Other", "v": 0.0065307948593076922}]}, {"source": 35, "prod": 5.0, "target": 88, "value": 0.021057956652649611, "supply": [{"l": "Rice", "v": 0.021057956652649611}]}, {"source": 17, "prod": 71.0, "target": 88, "value": 0.60832257070230289, "supply": [{"l": "Fats, Animals, Raw", "v": 0.60832257070230289}]}, {"source": 41, "prod": 1.0, "target": 88, "value": 0.0014309044916460676, "supply": [{"l": "Coconuts - Incl Copra", "v": 0.0014309044916460676}]}, {"source": 11, "prod": 1.0, "target": 88, "value": 0.001632698714826923, "supply": [{"l": "Marine Fish, Other", "v": 0.001632698714826923}]}, {"source": 51, "prod": 8.0, "target": 88, "value": 0.08329844009230189, "supply": [{"l": "Palm Oil", "v": 0.08329844009230189}]}, {"source": 15, "prod": 2.0, "target": 88, "value": 0.0094333703523333343, "supply": [{"l": "Oilcrops, Other", "v": 0.0094333703523333343}]}, {"source": 85, "prod": 27.0, "target": 88, "value": 0.12735049975650004, "supply": [{"l": "Cottonseed", "v": 0.12735049975650004}]}, {"source": 53, "prod": 72.0, "target": 88, "value": 0.74094836221963645, "supply": [{"l": "Coconut Oil", "v": 0.74094836221963645}]}, {"source": 10, "prod": 38.0, "target": 88, "value": 0.0245696902501258, "supply": [{"l": "Milk - Excluding Butter", "v": 0.0245696902501258}]}, {"source": 13, "prod": 1.0, "target": 88, "value": 0.00073443194784602076, "supply": [{"l": "Fish, Seafood", "v": 0.00073443194784602076}]}, {"source": 28, "prod": 16.0, "target": 88, "value": 0.169800666342, "supply": [{"l": "Oilcrops Oil, Other", "v": 0.169800666342}]}, {"source": 16, "prod": 3406.0, "target": 88, "value": 0.95751832708750328, "supply": [{"l": "Sugar cane", "v": 0.95751832708750328}]}, {"source": 68, "prod": 17.0, "target": 88, "value": 0.060137735996125007, "supply": [{"l": "Sweeteners, Other", "v": 0.060137735996125007}]}, {"source": 8, "prod": 2.0, "target": 88, "value": 0.016822122589310016, "supply": [{"l": "Fish, Body Oil", "v": 0.016822122589310016}]}, {"source": 78, "prod": 10.0, "target": 88, "value": 0.012128619024428572, "supply": [{"l": "Offals, Edible", "v": 0.012128619024428572}]}, {"source": 90, "prod": 6.0, "target": 88, "value": 0.0065307948593076922, "supply": [{"l": "Aquatic Plants", "v": 0.0065307948593076922}]}, {"source": 81, "prod": 2.0, "target": 88, "value": 0.00059422805369028868, "supply": [{"l": "Oranges, Mandarines", "v": 0.00059422805369028868}]}, {"source": 61, "prod": 44.0, "target": 88, "value": 0.45846179912340007, "supply": [{"l": "Cottonseed Oil", "v": 0.45846179912340007}]}, {"source": 91, "prod": 17.0, "target": 88, "value": 0.18041320798837501, "supply": [{"l": "Palmkernel Oil", "v": 0.18041320798837501}]}, {"source": 20, "prod": 2.0, "target": 88, "value": 0.0020457911607469881, "supply": [{"l": "Cassava", "v": 0.0020457911607469881}]}, {"source": 0, "prod": 449.0, "target": 0, "value": 1.7090572700877005, "supply": [{"l": "Maize", "v": 1.7090572700877005}]}, {"source": 16, "prod": 104.0, "target": 16, "value": 0.029237200827099338, "supply": [{"l": "Sugar cane", "v": 0.029237200827099338}]}, {"source": 3, "prod": 80.0, "target": 3, "value": 0.25625595066997808, "supply": [{"l": "Wheat", "v": 0.25625595066997808}]}, {"source": 5, "prod": 4.0, "target": 5, "value": 0.012128619024428572, "supply": [{"l": "Oats", "v": 0.012128619024428572}]}, {"source": 6, "prod": 2.0, "target": 6, "value": 0.0076601804364812044, "supply": [{"l": "Soyabeans", "v": 0.0076601804364812044}]}, {"source": 7, "prod": 41.0, "target": 7, "value": 0.030834865098522637, "supply": [{"l": "Potatoes", "v": 0.030834865098522637}]}, {"source": 44, "prod": 9.0, "target": 44, "value": 0.013842445625706521, "supply": [{"l": "Eggs", "v": 0.013842445625706521}]}, {"source": 47, "prod": 3.0, "target": 47, "value": 0.023154636319363639, "supply": [{"l": "Sesame seed", "v": 0.023154636319363639}]}, {"source": 85, "prod": 33.0, "target": 85, "value": 0.15565061081350001, "supply": [{"l": "Cottonseed", "v": 0.15565061081350001}]}, {"source": 48, "prod": 17.0, "target": 48, "value": 0.019373230388013425, "supply": [{"l": "Sweet potatoes", "v": 0.019373230388013425}]}, {"source": 62, "prod": 80.0, "target": 62, "value": 0.32473662788638386, "supply": [{"l": "Beans", "v": 0.32473662788638386}]}, {"source": 26, "prod": 1.0, "target": 26, "value": 0.0012709630714221559, "supply": [{"l": "Yams", "v": 0.0012709630714221559}]}, {"source": 50, "prod": 2.0, "target": 50, "value": 0.011939109352171875, "supply": [{"l": "Groundnuts", "v": 0.011939109352171875}]}, {"source": 15, "prod": 8.0, "target": 15, "value": 0.037733481409333337, "supply": [{"l": "Oilcrops, Other", "v": 0.037733481409333337}]}, {"source": 35, "prod": 19.0, "target": 35, "value": 0.080020235280068519, "supply": [{"l": "Rice", "v": 0.080020235280068519}]}, {"source": 18, "prod": 11.0, "target": 18, "value": 0.04137547882384178, "supply": [{"l": "Sorghum", "v": 0.04137547882384178}]}, {"source": 19, "prod": 8.0, "target": 19, "value": 0.030125924673580644, "supply": [{"l": "Pulses, Other", "v": 0.030125924673580644}]}, {"source": 12, "prod": 12.0, "target": 12, "value": 0.035795816147772969, "supply": [{"l": "Barley", "v": 0.035795816147772969}]}, {"source": 0, "prod": 688.0, "target": 92, "value": 2.6187781777735806, "supply": [{"l": "Maize", "v": 2.6187781777735806}]}, {"source": 45, "prod": 3.0, "target": 92, "value": 0.0036385857073285718, "supply": [{"l": "Roots, Other", "v": 0.0036385857073285718}]}, {"source": 14, "prod": 43.0, "target": 92, "value": 0.038955793116571644, "supply": [{"l": "Plantains", "v": 0.038955793116571644}]}, {"source": 74, "prod": 128.0, "target": 92, "value": 0.060710852770324036, "supply": [{"l": "Fruits, Other", "v": 0.060710852770324036}]}, {"source": 26, "prod": 1.0, "target": 92, "value": 0.0012709630714221559, "supply": [{"l": "Yams", "v": 0.0012709630714221559}]}, {"source": 71, "prod": 8.0, "target": 92, "value": 0.0092977777600000006, "supply": [{"l": "Citrus, Other", "v": 0.0092977777600000006}]}, {"source": 59, "prod": 1.0, "target": 92, "value": 0.0011622222200000001, "supply": [{"l": "Grapefruit", "v": 0.0011622222200000001}]}, {"source": 12, "prod": 9.0, "target": 92, "value": 0.026846862110829726, "supply": [{"l": "Barley", "v": 0.026846862110829726}]}, {"source": 56, "prod": 1.0, "target": 92, "value": 0.0018456594167608697, "supply": [{"l": "Cocoa Beans", "v": 0.0018456594167608697}]}, {"source": 35, "prod": 24.0, "target": 92, "value": 0.10107819193271812, "supply": [{"l": "Rice", "v": 0.10107819193271812}]}, {"source": 37, "prod": 40.0, "target": 92, "value": 0.0085975020932658238, "supply": [{"l": "Tomatoes", "v": 0.0085975020932658238}]}, {"source": 38, "prod": 11.0, "target": 92, "value": 0.0070394748609120608, "supply": [{"l": "Coffee", "v": 0.0070394748609120608}]}, {"source": 3, "prod": 120.0, "target": 92, "value": 0.38438392600496712, "supply": [{"l": "Wheat", "v": 0.38438392600496712}]}, {"source": 41, "prod": 4.0, "target": 92, "value": 0.0057236179665842704, "supply": [{"l": "Coconuts - Incl Copra", "v": 0.0057236179665842704}]}, {"source": 44, "prod": 22.0, "target": 92, "value": 0.03383708930728261, "supply": [{"l": "Eggs", "v": 0.03383708930728261}]}, {"source": 23, "prod": 114.0, "target": 92, "value": 0.026915011072007791, "supply": [{"l": "Vegetables, Other", "v": 0.026915011072007791}]}, {"source": 50, "prod": 6.0, "target": 92, "value": 0.035817328056515628, "supply": [{"l": "Groundnuts", "v": 0.035817328056515628}]}, {"source": 15, "prod": 13.0, "target": 92, "value": 0.061316907290166672, "supply": [{"l": "Oilcrops, Other", "v": 0.061316907290166672}]}, {"source": 25, "prod": 1.0, "target": 92, "value": 0.00049918983397667085, "supply": [{"l": "Dates", "v": 0.00049918983397667085}]}, {"source": 5, "prod": 1.0, "target": 92, "value": 0.0030321547561071431, "supply": [{"l": "Oats", "v": 0.0030321547561071431}]}, {"source": 6, "prod": 2.0, "target": 92, "value": 0.0076601804364812044, "supply": [{"l": "Soyabeans", "v": 0.0076601804364812044}]}, {"source": 7, "prod": 38.0, "target": 92, "value": 0.028578655457167323, "supply": [{"l": "Potatoes", "v": 0.028578655457167323}]}, {"source": 10, "prod": 156.0, "target": 92, "value": 0.10086504418472696, "supply": [{"l": "Milk - Excluding Butter", "v": 0.10086504418472696}]}, {"source": 62, "prod": 54.0, "target": 92, "value": 0.21919722382330914, "supply": [{"l": "Beans", "v": 0.21919722382330914}]}, {"source": 63, "prod": 14.0, "target": 92, "value": 0.008370455383056339, "supply": [{"l": "Apples", "v": 0.008370455383056339}]}, {"source": 65, "prod": 23.0, "target": 92, "value": 0.0058639869757747742, "supply": [{"l": "Lemons, Limes", "v": 0.0058639869757747742}]}, {"source": 18, "prod": 34.0, "target": 92, "value": 0.12788784363732911, "supply": [{"l": "Sorghum", "v": 0.12788784363732911}]}, {"source": 16, "prod": 828.0, "target": 92, "value": 0.2327730988926755, "supply": [{"l": "Sugar cane", "v": 0.2327730988926755}]}, {"source": 69, "prod": 41.0, "target": 92, "value": 0.014918201400047144, "supply": [{"l": "Pineapples", "v": 0.014918201400047144}]}, {"source": 4, "prod": 534.0, "target": 92, "value": 0.40628635979248179, "supply": [{"l": "Bananas", "v": 0.40628635979248179}]}, {"source": 73, "prod": 1.0, "target": 92, "value": 0.0014754278356429993, "supply": [{"l": "Bovine Meat", "v": 0.0014754278356429993}]}, {"source": 48, "prod": 8.0, "target": 92, "value": 0.0091168143002416119, "supply": [{"l": "Sweet potatoes", "v": 0.0091168143002416119}]}, {"source": 81, "prod": 187.0, "target": 92, "value": 0.055560323020041998, "supply": [{"l": "Oranges, Mandarines", "v": 0.055560323020041998}]}, {"source": 19, "prod": 9.0, "target": 92, "value": 0.033891665257778231, "supply": [{"l": "Pulses, Other", "v": 0.033891665257778231}]}, {"source": 82, "prod": 8.0, "target": 92, "value": 0.0037944282981452523, "supply": [{"l": "Onions", "v": 0.0037944282981452523}]}, {"source": 20, "prod": 9.0, "target": 92, "value": 0.0092060602233614459, "supply": [{"l": "Cassava", "v": 0.0092060602233614459}]}, {"source": 93, "prod": 1.0, "target": 31, "value": 0.0011622222200000001, "supply": [{"l": "Infant food", "v": 0.0011622222200000001}]}, {"source": 93, "prod": 2.0, "target": 72, "value": 0.0094333703523333343, "supply": [{"l": "Spices, Other", "v": 0.0094333703523333343}]}, {"source": 93, "prod": 4.0, "target": 37, "value": 0.00085975020932658238, "supply": [{"l": "Tomatoes", "v": 0.00085975020932658238}]}, {"source": 93, "prod": 1.0, "target": 20, "value": 0.0010228955803734941, "supply": [{"l": "Cassava", "v": 0.0010228955803734941}]}, {"source": 93, "prod": 3.0, "target": 65, "value": 0.00076486786640540534, "supply": [{"l": "Lemons, Limes", "v": 0.00076486786640540534}]}, {"source": 93, "prod": 2.0, "target": 42, "value": 0.0060643095122142861, "supply": [{"l": "Treenuts", "v": 0.0060643095122142861}]}, {"source": 93, "prod": 6.0, "target": 63, "value": 0.0035873380213098595, "supply": [{"l": "Apples", "v": 0.0035873380213098595}]}, {"source": 93, "prod": 28.0, "target": 23, "value": 0.0066107044738264757, "supply": [{"l": "Vegetables, Other", "v": 0.0066107044738264757}]}, {"source": 93, "prod": 38.0, "target": 35, "value": 0.16004047056013704, "supply": [{"l": "Rice", "v": 0.16004047056013704}]}, {"source": 93, "prod": 295.0, "target": 3, "value": 0.94494381809554406, "supply": [{"l": "Wheat", "v": 0.94494381809554406}]}, {"source": 93, "prod": 118.0, "target": 12, "value": 0.35199219211976751, "supply": [{"l": "Barley", "v": 0.35199219211976751}]}, {"source": 93, "prod": 1.0, "target": 94, "value": 0.0041080806373064525, "supply": [{"l": "Pepper", "v": 0.0041080806373064525}]}, {"source": 93, "prod": 1.0, "target": 38, "value": 0.00063995226008291457, "supply": [{"l": "Coffee", "v": 0.00063995226008291457}]}, {"source": 93, "prod": 3.0, "target": 9, "value": 0.010792415233601695, "supply": [{"l": "Cereals, Other", "v": 0.010792415233601695}]}, {"source": 93, "prod": 731.0, "target": 1, "value": 0.63415284937113603, "supply": [{"l": "Crustaceans", "v": 0.0065307948593076922}, {"l": "Eggs", "v": 0.0015380495139673913}, {"l": "Aquatic Products, Other", "v": 0.0010884658098846154}, {"l": "Marine Fish, Other", "v": 0.016326987148269231}, {"l": "Aquatic Plants", "v": 0.0010884658098846154}, {"l": "Pigmeat", "v": 0.010934133817477274}, {"l": "Milk - Excluding Butter", "v": 0.21272179190240492}, {"l": "Pelagic Fish", "v": 0.22091413223066328}, {"l": "Fish, Seafood", "v": 0.14027650203858999}, {"l": "Bovine Meat", "v": 0.0088525670138579968}, {"l": "Poultry Meat", "v": 0.0016672270864395771}, {"l": "Offals, Edible", "v": 0.0084900333171}, {"l": "Demersal Fish", "v": 0.003723698823289474}]}, {"source": 93, "prod": 2.0, "target": 24, "value": 0.006288913568222222, "supply": [{"l": "Nuts", "v": 0.006288913568222222}]}, {"source": 93, "prod": 1.0, "target": 46, "value": 0.0047166851761666672, "supply": [{"l": "Peas", "v": 0.0047166851761666672}]}, {"source": 93, "prod": 5.0, "target": 15, "value": 0.023583425880833338, "supply": [{"l": "Oilcrops, Other", "v": 0.023583425880833338}]}, {"source": 93, "prod": 2.0, "target": 56, "value": 0.0036913188335217393, "supply": [{"l": "Cocoa Beans", "v": 0.0036913188335217393}]}, {"source": 93, "prod": 6.0, "target": 81, "value": 0.0017826841610708664, "supply": [{"l": "Oranges, Mandarines", "v": 0.0017826841610708664}]}, {"source": 93, "prod": 39.0, "target": 18, "value": 0.14669487946634813, "supply": [{"l": "Sorghum", "v": 0.14669487946634813}]}, {"source": 93, "prod": 24.0, "target": 7, "value": 0.018049677130842521, "supply": [{"l": "Potatoes", "v": 0.018049677130842521}]}, {"source": 93, "prod": 7.0, "target": 82, "value": 0.0033201247608770951, "supply": [{"l": "Onions", "v": 0.0033201247608770951}]}, {"source": 93, "prod": 7.0, "target": 4, "value": 0.0053258511583284132, "supply": [{"l": "Bananas", "v": 0.0053258511583284132}]}, {"source": 93, "prod": 8.0, "target": 49, "value": 0.0041926090454814822, "supply": [{"l": "Grapes", "v": 0.0041926090454814822}]}, {"source": 93, "prod": 5.0, "target": 85, "value": 0.023583425880833338, "supply": [{"l": "Cottonseed", "v": 0.023583425880833338}]}, {"source": 93, "prod": 105.0, "target": 84, "value": 0.84868505739770062, "supply": [{"l": "Sugar", "v": 0.053768865945987399}, {"l": "Beer", "v": 0.00084900333171000005}, {"l": "Beverages, Alcoholic", "v": 0.017479480358735297}, {"l": "Butter, Ghee", "v": 0.016508398116583337}, {"l": "Fats, Animals, Raw", "v": 0.22276601180647709}, {"l": "Soyabean Oil", "v": 0.023154636319363639}, {"l": "Palm Oil", "v": 0.093710745103839629}, {"l": "Olive Oil", "v": 0.014150055528500001}, {"l": "Coconut Oil", "v": 0.010290949475272728}, {"l": "Oilcrops Oil, Other", "v": 0.074287791524625002}, {"l": "Wine", "v": 0.0039203977376020584}, {"l": "Sweeteners, Other", "v": 0.017687569410625003}, {"l": "Beverages, Fermented", "v": 0.0019601988688010292}, {"l": "Fish, Body Oil", "v": 0.016822122589310016}, {"l": "Cottonseed Oil", "v": 0.2813288312802682}]}, {"source": 93, "prod": 3.0, "target": 6, "value": 0.011490270654721807, "supply": [{"l": "Soyabeans", "v": 0.011490270654721807}]}, {"source": 93, "prod": 6.0, "target": 14, "value": 0.0054356920627774384, "supply": [{"l": "Plantains", "v": 0.0054356920627774384}]}, {"source": 93, "prod": 27.0, "target": 62, "value": 0.10959861191165457, "supply": [{"l": "Beans", "v": 0.10959861191165457}]}, {"source": 93, "prod": 102.0, "target": 0, "value": 0.38824909030945526, "supply": [{"l": "Maize", "v": 0.38824909030945526}]}, {"source": 93, "prod": 48.0, "target": 74, "value": 0.022766569788871514, "supply": [{"l": "Fruits, Other", "v": 0.022766569788871514}]}, {"source": 93, "prod": 1.0, "target": 19, "value": 0.0037657405841975806, "supply": [{"l": "Pulses, Other", "v": 0.0037657405841975806}]}, {"source": 93, "prod": 1.0, "target": 69, "value": 0.00036385857073285719, "supply": [{"l": "Pineapples", "v": 0.00036385857073285719}]}, {"source": 93, "prod": 19.0, "target": 41, "value": 0.027187185341275285, "supply": [{"l": "Coconuts - Incl Copra", "v": 0.027187185341275285}]}, {"source": 93, "prod": 19.0, "target": 5, "value": 0.057610940366035729, "supply": [{"l": "Oats", "v": 0.057610940366035729}]}, {"source": 93, "prod": 3.0, "target": 45, "value": 0.0036385857073285718, "supply": [{"l": "Roots, Other", "v": 0.0036385857073285718}]}, {"source": 0, "prod": 1417.0, "target": 95, "value": 5.3936172643970401, "supply": [{"l": "Maize", "v": 5.3936172643970401}]}, {"source": 14, "prod": 29.0, "target": 95, "value": 0.026272511636757621, "supply": [{"l": "Plantains", "v": 0.026272511636757621}]}, {"source": 74, "prod": 70.0, "target": 95, "value": 0.033201247608770953, "supply": [{"l": "Fruits, Other", "v": 0.033201247608770953}]}, {"source": 27, "prod": 713.0, "target": 95, "value": 2.949015493806848, "supply": [{"l": "Sugar", "v": 2.949015493806848}]}, {"source": 71, "prod": 6.0, "target": 95, "value": 0.0069733333200000004, "supply": [{"l": "Citrus, Other", "v": 0.0069733333200000004}]}, {"source": 30, "prod": 2.0, "target": 95, "value": 0.00084900333171000005, "supply": [{"l": "Beer", "v": 0.00084900333171000005}]}, {"source": 59, "prod": 7.0, "target": 95, "value": 0.0081355555400000005, "supply": [{"l": "Grapefruit", "v": 0.0081355555400000005}]}, {"source": 32, "prod": 3.0, "target": 95, "value": 0.010487688215241178, "supply": [{"l": "Beverages, Alcoholic", "v": 0.010487688215241178}]}, {"source": 83, "prod": 16.0, "target": 95, "value": 0.017415452958153846, "supply": [{"l": "Aquatic Products, Other", "v": 0.017415452958153846}]}, {"source": 35, "prod": 9.0, "target": 95, "value": 0.037904321974769298, "supply": [{"l": "Rice", "v": 0.037904321974769298}]}, {"source": 28, "prod": 1.0, "target": 95, "value": 0.010612541646375, "supply": [{"l": "Oilcrops Oil, Other", "v": 0.010612541646375}]}, {"source": 37, "prod": 165.0, "target": 95, "value": 0.035464696134721523, "supply": [{"l": "Tomatoes", "v": 0.035464696134721523}]}, {"source": 17, "prod": 2.0, "target": 95, "value": 0.017135847062036698, "supply": [{"l": "Fats, Animals, Raw", "v": 0.017135847062036698}]}, {"source": 94, "prod": 1.0, "target": 95, "value": 0.0041080806373064525, "supply": [{"l": "Pepper", "v": 0.0041080806373064525}]}, {"source": 3, "prod": 687.0, "target": 95, "value": 2.2005979763784369, "supply": [{"l": "Wheat", "v": 2.2005979763784369}]}, {"source": 41, "prod": 12.0, "target": 95, "value": 0.017170853899752807, "supply": [{"l": "Coconuts - Incl Copra", "v": 0.017170853899752807}]}, {"source": 43, "prod": 65.0, "target": 95, "value": 0.070750277642499998, "supply": [{"l": "Crustaceans", "v": 0.070750277642499998}]}, {"source": 44, "prod": 1.0, "target": 95, "value": 0.0015380495139673913, "supply": [{"l": "Eggs", "v": 0.0015380495139673913}]}, {"source": 23, "prod": 178.0, "target": 95, "value": 0.042025192726468298, "supply": [{"l": "Vegetables, Other", "v": 0.042025192726468298}]}, {"source": 47, "prod": 9.0, "target": 95, "value": 0.069463908958090917, "supply": [{"l": "Sesame seed", "v": 0.069463908958090917}]}, {"source": 49, "prod": 2.0, "target": 95, "value": 0.0010481522613703706, "supply": [{"l": "Grapes", "v": 0.0010481522613703706}]}, {"source": 50, "prod": 7.0, "target": 95, "value": 0.041786882732601567, "supply": [{"l": "Groundnuts", "v": 0.041786882732601567}]}, {"source": 51, "prod": 3.0, "target": 95, "value": 0.031236915034613212, "supply": [{"l": "Palm Oil", "v": 0.031236915034613212}]}, {"source": 80, "prod": 7.0, "target": 95, "value": 0.0052131783526052633, "supply": [{"l": "Demersal Fish", "v": 0.0052131783526052633}]}, {"source": 56, "prod": 18.0, "target": 95, "value": 0.033221869501695658, "supply": [{"l": "Cocoa Beans", "v": 0.033221869501695658}]}, {"source": 85, "prod": 173.0, "target": 95, "value": 0.81598653547683342, "supply": [{"l": "Cottonseed", "v": 0.81598653547683342}]}, {"source": 7, "prod": 12.0, "target": 95, "value": 0.0090248385654212605, "supply": [{"l": "Potatoes", "v": 0.0090248385654212605}]}, {"source": 53, "prod": 1.0, "target": 95, "value": 0.010290949475272728, "supply": [{"l": "Coconut Oil", "v": 0.010290949475272728}]}, {"source": 58, "prod": 4.0, "target": 95, "value": 0.01643232254922581, "supply": [{"l": "Pimento", "v": 0.01643232254922581}]}, {"source": 38, "prod": 383.0, "target": 95, "value": 0.24510171561175628, "supply": [{"l": "Coffee", "v": 0.24510171561175628}]}, {"source": 10, "prod": 6.0, "target": 95, "value": 0.0038794247763356527, "supply": [{"l": "Milk - Excluding Butter", "v": 0.0038794247763356527}]}, {"source": 69, "prod": 59.0, "target": 95, "value": 0.021467655673238575, "supply": [{"l": "Pineapples", "v": 0.021467655673238575}]}, {"source": 62, "prod": 43.0, "target": 95, "value": 0.17454593748893132, "supply": [{"l": "Beans", "v": 0.17454593748893132}]}, {"source": 19, "prod": 9.0, "target": 95, "value": 0.033891665257778231, "supply": [{"l": "Pulses, Other", "v": 0.033891665257778231}]}, {"source": 13, "prod": 106.0, "target": 95, "value": 0.077849786471678201, "supply": [{"l": "Fish, Seafood", "v": 0.077849786471678201}]}, {"source": 64, "prod": 4.0, "target": 95, "value": 0.0048514476097714296, "supply": [{"l": "Meat, Other", "v": 0.0048514476097714296}]}, {"source": 65, "prod": 1.0, "target": 95, "value": 0.00025495595546846846, "supply": [{"l": "Lemons, Limes", "v": 0.00025495595546846846}]}, {"source": 18, "prod": 5.0, "target": 95, "value": 0.018807035829018989, "supply": [{"l": "Sorghum", "v": 0.018807035829018989}]}, {"source": 2, "prod": 26.0, "target": 95, "value": 0.033786867282336736, "supply": [{"l": "Pelagic Fish", "v": 0.033786867282336736}]}, {"source": 4, "prod": 1271.0, "target": 95, "value": 0.96702240317648769, "supply": [{"l": "Bananas", "v": 0.96702240317648769}]}, {"source": 70, "prod": 2.0, "target": 95, "value": 0.0039203977376020584, "supply": [{"l": "Beverages, Fermented", "v": 0.0039203977376020584}]}, {"source": 72, "prod": 1.0, "target": 95, "value": 0.0047166851761666672, "supply": [{"l": "Spices, Other", "v": 0.0047166851761666672}]}, {"source": 73, "prod": 58.0, "target": 95, "value": 0.085574814467293953, "supply": [{"l": "Bovine Meat", "v": 0.085574814467293953}]}, {"source": 75, "prod": 8.0, "target": 95, "value": 0.0092977777600000006, "supply": [{"l": "Molluscs, Other", "v": 0.0092977777600000006}]}, {"source": 8, "prod": 1.0, "target": 95, "value": 0.0084110612946550079, "supply": [{"l": "Fish, Body Oil", "v": 0.0084110612946550079}]}, {"source": 34, "prod": 27.0, "target": 95, "value": 0.067420852812264717, "supply": [{"l": "Honey", "v": 0.067420852812264717}]}, {"source": 90, "prod": 15.0, "target": 95, "value": 0.016326987148269231, "supply": [{"l": "Aquatic Plants", "v": 0.016326987148269231}]}, {"source": 81, "prod": 123.0, "target": 95, "value": 0.036545025301952756, "supply": [{"l": "Oranges, Mandarines", "v": 0.036545025301952756}]}, {"source": 61, "prod": 10.0, "target": 95, "value": 0.10419586343713635, "supply": [{"l": "Cottonseed Oil", "v": 0.10419586343713635}]}, {"source": 82, "prod": 19.0, "target": 95, "value": 0.0090117672080949722, "supply": [{"l": "Onions", "v": 0.0090117672080949722}]}, {"source": 20, "prod": 2.0, "target": 95, "value": 0.0020457911607469881, "supply": [{"l": "Cassava", "v": 0.0020457911607469881}]}, {"source": 7, "prod": 3.0, "target": 96, "value": 0.0022562096413553151, "supply": [{"l": "Potatoes", "v": 0.0022562096413553151}]}, {"source": 69, "prod": 26.0, "target": 96, "value": 0.0094603228390542863, "supply": [{"l": "Pineapples", "v": 0.0094603228390542863}]}, {"source": 12, "prod": 74.0, "target": 96, "value": 0.22074086624459999, "supply": [{"l": "Barley", "v": 0.22074086624459999}]}, {"source": 53, "prod": 3.0, "target": 96, "value": 0.030872848425818184, "supply": [{"l": "Coconut Oil", "v": 0.030872848425818184}]}, {"source": 85, "prod": 12.0, "target": 96, "value": 0.056600222114000003, "supply": [{"l": "Cottonseed", "v": 0.056600222114000003}]}, {"source": 0, "prod": 60.0, "target": 96, "value": 0.22838181782909137, "supply": [{"l": "Maize", "v": 0.22838181782909137}]}, {"source": 18, "prod": 29.0, "target": 96, "value": 0.10908080780831016, "supply": [{"l": "Sorghum", "v": 0.10908080780831016}]}, {"source": 97, "prod": 18.0, "target": 47, "value": 0.13892781791618183, "supply": [{"l": "Sesame seed", "v": 0.13892781791618183}]}, {"source": 35, "prod": 63.0, "target": 96, "value": 0.2653302538233851, "supply": [{"l": "Rice", "v": 0.2653302538233851}]}, {"source": 5, "prod": 16.0, "target": 96, "value": 0.048514476097714289, "supply": [{"l": "Oats", "v": 0.048514476097714289}]}, {"source": 97, "prod": 165.0, "target": 3, "value": 0.52852789825682978, "supply": [{"l": "Wheat", "v": 0.52852789825682978}]}, {"source": 97, "prod": 4.0, "target": 81, "value": 0.0011884561073805774, "supply": [{"l": "Oranges, Mandarines", "v": 0.0011884561073805774}]}, {"source": 97, "prod": 2.0, "target": 1, "value": 0.0012931415921118841, "supply": [{"l": "Milk - Excluding Butter", "v": 0.0012931415921118841}]}, {"source": 61, "prod": 33.0, "target": 96, "value": 0.34384634934255004, "supply": [{"l": "Cottonseed Oil", "v": 0.34384634934255004}]}, {"source": 97, "prod": 2.0, "target": 15, "value": 0.0094333703523333343, "supply": [{"l": "Oilcrops, Other", "v": 0.0094333703523333343}]}, {"source": 59, "prod": 1.0, "target": 96, "value": 0.0011622222200000001, "supply": [{"l": "Grapefruit", "v": 0.0011622222200000001}]}, {"source": 38, "prod": 10.0, "target": 96, "value": 0.0063995226008291464, "supply": [{"l": "Coffee", "v": 0.0063995226008291464}]}, {"source": 27, "prod": 656.0, "target": 96, "value": 2.7132596969667491, "supply": [{"l": "Sugar", "v": 2.7132596969667491}]}, {"source": 97, "prod": 2.0, "target": 62, "value": 0.008118415697159596, "supply": [{"l": "Beans", "v": 0.008118415697159596}]}, {"source": 1, "prod": 201.0, "target": 77, "value": 0.33511264437435501, "supply": [{"l": "Poultry Meat", "v": 0.33511264437435501}]}, {"source": 1, "prod": 481.0, "target": 55, "value": 1.753106122068856, "supply": [{"l": "Pigmeat", "v": 1.753106122068856}]}, {"source": 1, "prod": 253.0, "target": 2, "value": 0.32877220855504596, "supply": [{"l": "Pelagic Fish", "v": 0.32877220855504596}]}, {"source": 1, "prod": 89.0, "target": 43, "value": 0.096873457079730774, "supply": [{"l": "Crustaceans", "v": 0.096873457079730774}]}, {"source": 1, "prod": 274.0, "target": 44, "value": 0.42142556682706528, "supply": [{"l": "Eggs", "v": 0.4352680124527718}]}, {"source": 1, "prod": 43.0, "target": 75, "value": 0.049975555460000001, "supply": [{"l": "Molluscs, Other", "v": 0.049975555460000001}]}, {"source": 1, "prod": 3.0, "target": 76, "value": 0.0032653974296538461, "supply": [{"l": "Aquatic Animals, Others", "v": 0.0032653974296538461}]}, {"source": 1, "prod": 1.0, "target": 66, "value": 0.0011622222200000001, "supply": [{"l": "Cephalopods", "v": 0.0011622222200000001}]}, {"source": 1, "prod": 3809.0, "target": 10, "value": 2.462788162177084, "supply": [{"l": "Milk - Excluding Butter", "v": 2.462788162177084}]}, {"source": 1, "prod": 159.0, "target": 78, "value": 0.1928450424884143, "supply": [{"l": "Offals, Edible", "v": 0.1928450424884143}]}, {"source": 1, "prod": 21.0, "target": 90, "value": 0.022857782007576925, "supply": [{"l": "Aquatic Plants", "v": 0.022857782007576925}]}, {"source": 1, "prod": 59.0, "target": 11, "value": 0.096329224174788466, "supply": [{"l": "Marine Fish, Other", "v": 0.096329224174788466}]}, {"source": 1, "prod": 24.0, "target": 83, "value": 0.026123179437230769, "supply": [{"l": "Aquatic Products, Other", "v": 0.026123179437230769}]}, {"source": 1, "prod": 491.0, "target": 13, "value": 0.36060608639239622, "supply": [{"l": "Fish, Seafood", "v": 0.36060608639239622}]}, {"source": 1, "prod": 671.0, "target": 73, "value": 0.9900120777164525, "supply": [{"l": "Bovine Meat", "v": 0.9900120777164525}]}, {"source": 1, "prod": 41.0, "target": 80, "value": 0.030534330350973686, "supply": [{"l": "Demersal Fish", "v": 0.030534330350973686}]}, {"source": 1, "prod": 47.0, "target": 64, "value": 0.057004509414814289, "supply": [{"l": "Meat, Other", "v": 0.057004509414814289}]}, {"source": 1, "prod": 7.0, "target": 57, "value": 0.0071602690626144582, "supply": [{"l": "Freshwater Fish", "v": 0.0071602690626144582}]}, {"source": 1, "prod": 37.0, "target": 67, "value": 0.077245385098204916, "supply": [{"l": "Mutton & Goat Meat", "v": 0.077245385098204916}]}, {"source": 84, "prod": 75.0, "target": 89, "value": 0.14701491516007723, "supply": [{"l": "Alcohol, Non-Food", "v": 0.14701491516007723}]}, {"source": 84, "prod": 2652.0, "target": 27, "value": 10.968848652981432, "supply": [{"l": "Sugar", "v": 10.968848652981432}]}, {"source": 84, "prod": 3.0, "target": 29, "value": 0.031837624939125002, "supply": [{"l": "Maize Germ Oil", "v": 0.031837624939125002}]}, {"source": 84, "prod": 1217.0, "target": 30, "value": 0.51661852734553504, "supply": [{"l": "Beer", "v": 0.51661852734553504}]}, {"source": 84, "prod": 2.0, "target": 79, "value": 0.028300111057000001, "supply": [{"l": "Groundnut Oil", "v": 0.028300111057000001}]}, {"source": 84, "prod": 106.0, "target": 32, "value": 0.37056498360518825, "supply": [{"l": "Beverages, Alcoholic", "v": 0.37056498360518825}]}, {"source": 84, "prod": 487.0, "target": 39, "value": 2.0366341056425243, "supply": [{"l": "Sugar non-centrifugal", "v": 2.0366341056425243}]}, {"source": 84, "prod": 22.0, "target": 36, "value": 0.1815923792824167, "supply": [{"l": "Butter, Ghee", "v": 0.1815923792824167}]}, {"source": 84, "prod": 140.0, "target": 17, "value": 1.1995092943425689, "supply": [{"l": "Fats, Animals, Raw", "v": 1.1995092943425689}]}, {"source": 84, "prod": 6.0, "target": 40, "value": 0.069463908958090917, "supply": [{"l": "Soyabean Oil", "v": 0.069463908958090917}]}, {"source": 84, "prod": 43.0, "target": 51, "value": 0.44772911549612271, "supply": [{"l": "Palm Oil", "v": 0.44772911549612271}]}, {"source": 84, "prod": 2.0, "target": 54, "value": 0.028300111057000001, "supply": [{"l": "Olive Oil", "v": 0.028300111057000001}]}, {"source": 84, "prod": 116.0, "target": 53, "value": 1.1937501391316365, "supply": [{"l": "Coconut Oil", "v": 1.1937501391316365}]}, {"source": 84, "prod": 1.0, "target": 60, "value": 0.02122508329275, "supply": [{"l": "Rape and Mustard Oil", "v": 0.02122508329275}]}, {"source": 84, "prod": 44.0, "target": 28, "value": 0.46695183244050004, "supply": [{"l": "Oilcrops Oil, Other", "v": 0.46695183244050004}]}, {"source": 84, "prod": 41.0, "target": 52, "value": 0.080368153620842209, "supply": [{"l": "Wine", "v": 0.080368153620842209}]}, {"source": 84, "prod": 32.0, "target": 68, "value": 0.11320044422800001, "supply": [{"l": "Sweeteners, Other", "v": 0.11320044422800001}]}, {"source": 84, "prod": 73.0, "target": 33, "value": 0.74889168884586255, "supply": [{"l": "Sesameseed Oil", "v": 0.74889168884586255}]}, {"source": 84, "prod": 3.0, "target": 70, "value": 0.0058805966064030876, "supply": [{"l": "Beverages, Fermented", "v": 0.0058805966064030876}]}, {"source": 84, "prod": 4.0, "target": 8, "value": 0.033644245178620032, "supply": [{"l": "Fish, Body Oil", "v": 0.033644245178620032}]}, {"source": 84, "prod": 37.0, "target": 34, "value": 0.092391539039029427, "supply": [{"l": "Honey", "v": 0.092391539039029427}]}, {"source": 84, "prod": 220.0, "target": 61, "value": 2.2923089956170002, "supply": [{"l": "Cottonseed Oil", "v": 2.2923089956170002}]}, {"source": 84, "prod": 17.0, "target": 91, "value": 0.18041320798837501, "supply": [{"l": "Palmkernel Oil", "v": 0.18041320798837501}]}, {"source": 98, "prod": 166.79245283018869, "target": 84, "value": 0.70803674078456613, "supply": [{"l": "Oil Palm", "v": 0.70803674078456613}]}, {"source": 99, "prod": 0, "target": 0, "value": 0.00066723401624719646, "supply": "[{\"l\":'Energy for power irrigation',\"v\":0.00066723401624719646}]"}, {"source": 99, "prod": 0, "target": 22, "value": 6.3506783062599001e-07, "supply": "[{\"l\":'Energy for power irrigation',\"v\":6.3506783062599001e-07}]"}, {"source": 99, "prod": 0, "target": 45, "value": 2.8260518462856555e-06, "supply": "[{\"l\":'Energy for power irrigation',\"v\":2.8260518462856555e-06}]"}, {"source": 99, "prod": 0, "target": 14, "value": 1.8289953522028514e-05, "supply": "[{\"l\":'Energy for power irrigation',\"v\":1.8289953522028514e-05}]"}, {"source": 99, "prod": 0, "target": 24, "value": 9.843551374702846e-07, "supply": "[{\"l\":'Energy for power irrigation',\"v\":9.843551374702846e-07}]"}, {"source": 99, "prod": 0, "target": 26, "value": 7.6208139675118793e-07, "supply": "[{\"l\":'Energy for power irrigation',\"v\":7.6208139675118793e-07}]"}, {"source": 99, "prod": 0, "target": 71, "value": 3.2388459361925492e-06, "supply": "[{\"l\":'Energy for power irrigation',\"v\":3.2388459361925492e-06}]"}, {"source": 99, "prod": 0, "target": 59, "value": 1.27013566125198e-06, "supply": "[{\"l\":'Energy for power irrigation',\"v\":1.27013566125198e-06}]"}, {"source": 99, "prod": 0, "target": 12, "value": 1.6035462723306247e-05, "supply": "[{\"l\":'Energy for power irrigation',\"v\":1.6035462723306247e-05}]"}, {"source": 99, "prod": 0, "target": 56, "value": 2.0322170580031679e-06, "supply": "[{\"l\":'Energy for power irrigation',\"v\":2.0322170580031679e-06}]"}, {"source": 99, "prod": 0, "target": 35, "value": 3.2007418663549894e-05, "supply": "[{\"l\":'Energy for power irrigation',\"v\":3.2007418663549894e-05}]"}, {"source": 99, "prod": 0, "target": 37, "value": 4.3406886223286417e-05, "supply": "[{\"l\":'Energy for power irrigation',\"v\":4.3406886223286417e-05}]"}, {"source": 99, "prod": 0, "target": 9, "value": 3.17533915312995e-07, "supply": "[{\"l\":'Energy for power irrigation',\"v\":3.17533915312995e-07}]"}, {"source": 99, "prod": 0, "target": 38, "value": 3.3309307716333177e-05, "supply": "[{\"l\":'Energy for power irrigation',\"v\":3.3309307716333177e-05}]"}, {"source": 99, "prod": 0, "target": 3, "value": 0.0001529243336147384, "supply": "[{\"l\":'Energy for power irrigation',\"v\":0.0001529243336147384}]"}, {"source": 99, "prod": 0, "target": 41, "value": 6.8428558749950431e-05, "supply": "[{\"l\":'Energy for power irrigation',\"v\":6.8428558749950431e-05}]"}, {"source": 99, "prod": 0, "target": 42, "value": 1.016108529001584e-06, "supply": "[{\"l\":'Energy for power irrigation',\"v\":1.016108529001584e-06}]"}, {"source": 99, "prod": 0, "target": 23, "value": 8.7004292795760628e-05, "supply": "[{\"l\":'Energy for power irrigation',\"v\":8.7004292795760628e-05}]"}, {"source": 99, "prod": 0, "target": 46, "value": 3.17533915312995e-07, "supply": "[{\"l\":'Energy for power irrigation',\"v\":3.17533915312995e-07}]"}, {"source": 99, "prod": 0, "target": 47, "value": 1.1050180252892227e-05, "supply": "[{\"l\":'Energy for power irrigation',\"v\":1.1050180252892227e-05}]"}, {"source": 99, "prod": 0, "target": 85, "value": 9.1703794742392961e-05, "supply": "[{\"l\":'Energy for power irrigation',\"v\":9.1703794742392961e-05}]"}, {"source": 99, "prod": 0, "target": 7, "value": 2.4831152177476207e-05, "supply": "[{\"l\":'Energy for power irrigation',\"v\":2.4831152177476207e-05}]"}, {"source": 99, "prod": 0, "target": 49, "value": 6.5411986554476968e-06, "supply": "[{\"l\":'Energy for power irrigation',\"v\":6.5411986554476968e-06}]"}, {"source": 99, "prod": 0, "target": 50, "value": 3.6516400260994426e-06, "supply": "[{\"l\":'Energy for power irrigation',\"v\":3.6516400260994426e-06}]"}, {"source": 99, "prod": 0, "target": 98, "value": 5.2962260591827855e-06, "supply": "[{\"l\":'Energy for power irrigation',\"v\":5.2962260591827855e-06}]"}, {"source": 99, "prod": 0, "target": 15, "value": 6.8587325707606918e-06, "supply": "[{\"l\":'Energy for power irrigation',\"v\":6.8587325707606918e-06}]"}, {"source": 99, "prod": 0, "target": 25, "value": 4.4454748143819303e-07, "supply": "[{\"l\":'Energy for power irrigation',\"v\":4.4454748143819303e-07}]"}, {"source": 99, "prod": 0, "target": 5, "value": 5.7473638671652093e-06, "supply": "[{\"l\":'Energy for power irrigation',\"v\":5.7473638671652093e-06}]"}, {"source": 99, "prod": 0, "target": 6, "value": 3.7786535922246405e-06, "supply": "[{\"l\":'Energy for power irrigation',\"v\":3.7786535922246405e-06}]"}, {"source": 99, "prod": 0, "target": 74, "value": 8.0113806833468631e-05, "supply": "[{\"l\":'Energy for power irrigation',\"v\":8.0113806833468631e-05}]"}, {"source": 99, "prod": 0, "target": 58, "value": 1.4289026189084775e-06, "supply": "[{\"l\":'Energy for power irrigation',\"v\":1.4289026189084775e-06}]"}, {"source": 99, "prod": 0, "target": 94, "value": 6.3506783062598998e-08, "supply": "[{\"l\":'Energy for power irrigation',\"v\":6.3506783062598998e-08}]"}, {"source": 99, "prod": 0, "target": 62, "value": 6.7634723961667941e-05, "supply": "[{\"l\":'Energy for power irrigation',\"v\":6.7634723961667941e-05}]"}, {"source": 99, "prod": 0, "target": 19, "value": 1.197102860729991e-05, "supply": "[{\"l\":'Energy for power irrigation',\"v\":1.197102860729991e-05}]"}, {"source": 99, "prod": 0, "target": 65, "value": 1.4257272797553475e-05, "supply": "[{\"l\":'Energy for power irrigation',\"v\":1.4257272797553475e-05}]"}, {"source": 99, "prod": 0, "target": 18, "value": 6.4935685681507478e-05, "supply": "[{\"l\":'Energy for power irrigation',\"v\":6.4935685681507478e-05}]"}, {"source": 99, "prod": 0, "target": 16, "value": 0.0024973407371536431, "supply": "[{\"l\":'Energy for power irrigation',\"v\":0.0024973407371536431}]"}, {"source": 99, "prod": 0, "target": 69, "value": 2.149704606668976e-05, "supply": "[{\"l\":'Energy for power irrigation',\"v\":2.149704606668976e-05}]"}, {"source": 99, "prod": 0, "target": 4, "value": 0.00020106247517618842, "supply": "[{\"l\":'Energy for power irrigation',\"v\":0.00020106247517618842}]"}, {"source": 99, "prod": 0, "target": 48, "value": 7.3032800521988851e-06, "supply": "[{\"l\":'Energy for power irrigation',\"v\":7.3032800521988851e-06}]"}, {"source": 99, "prod": 0, "target": 86, "value": 2.5402713225039599e-07, "supply": "[{\"l\":'Energy for power irrigation',\"v\":2.5402713225039599e-07}]"}, {"source": 99, "prod": 0, "target": 81, "value": 0.0001076439972911053, "supply": "[{\"l\":'Energy for power irrigation',\"v\":0.0001076439972911053}]"}, {"source": 99, "prod": 0, "target": 87, "value": 1.8734501003466704e-06, "supply": "[{\"l\":'Energy for power irrigation',\"v\":1.8734501003466704e-06}]"}, {"source": 99, "prod": 0, "target": 20, "value": 7.3985402267927834e-06, "supply": "[{\"l\":'Energy for power irrigation',\"v\":7.3985402267927834e-06}]"}, {"source": 99, "prod": 0, "target": 82, "value": 8.3828953642630685e-06, "supply": "[{\"l\":'Energy for power irrigation',\"v\":8.3828953642630685e-06}]"}, {"source": 99, "prod": 0, "target": 63, "value": 9.0497165864203585e-06, "supply": "[{\"l\":'Energy for power irrigation',\"v\":9.0497165864203585e-06}]"}, {"source": 99, "prod": 0, "target": 84, "value": 1.5303333345575998, "supply": "[{\"l\":'Electricity',\"v\":1.5303333345575998}]"}, {"source": 100, "prod": 0, "target": 99, "value": 2.9068012953113946, "supply": [{"l": "Coal", "v": 1.5044963187263309}, {"l": "Natural gas", "v": 0.45806977057836112}, {"l": "Oil", "v": 0.94423520600670274}]}, {"source": 101, "prod": 0, "target": 99, "value": 0.40746363297921612, "supply": [{"l": "Nuclear", "v": 0.046522323540081449}, {"l": "Hydroelectric", "v": 0.35630608765122951}, {"l": "Renewable", "v": 0.0046352217879051562}]}, {"source": 100, "prod": 0, "target": 0, "value": 0.20495647810055609, "supply": [{"l": "Motor Gasoline", "v": 0.016193724119978357}, {"l": "Gas-Diesel oil", "v": 0.064687727622868924}, {"l": "Fuel oil", "v": 0.10678466177813822}, {"l": "Liquefied petroleum gas (LPG)", "v": 0.017290364579570571}]}, {"source": 100, "prod": 0, "target": 22, "value": 0.00019507588454819024, "supply": [{"l": "Motor Gasoline", "v": 1.5413052986226009e-05}, {"l": "Gas-Diesel oil", "v": 6.1569245346089493e-05}, {"l": "Fuel oil", "v": 0.00010163675988972372}, {"l": "Liquefied petroleum gas (LPG)", "v": 1.6456826326151021e-05}]}, {"source": 100, "prod": 0, "target": 45, "value": 0.00086808768623944659, "supply": [{"l": "Motor Gasoline", "v": 6.8588085788705744e-05}, {"l": "Gas-Diesel oil", "v": 0.00027398314179009821}, {"l": "Fuel oil", "v": 0.00045228358150927053}, {"l": "Liquefied petroleum gas (LPG)", "v": 7.3232877151372037e-05}]}, {"source": 100, "prod": 0, "target": 14, "value": 0.0056181854749878793, "supply": [{"l": "Motor Gasoline", "v": 0.00044389592600330906}, {"l": "Gas-Diesel oil", "v": 0.0017731942659673773}, {"l": "Fuel oil", "v": 0.0029271386848240431}, {"l": "Liquefied petroleum gas (LPG)", "v": 0.00047395659819314941}]}, {"source": 100, "prod": 0, "target": 24, "value": 0.00030236762104969491, "supply": [{"l": "Motor Gasoline", "v": 2.3890232128650316e-05}, {"l": "Gas-Diesel oil", "v": 9.5432330286438719e-05}, {"l": "Fuel oil", "v": 0.00015753697782907176}, {"l": "Liquefied petroleum gas (LPG)", "v": 2.5508080805534082e-05}]}, {"source": 100, "prod": 0, "target": 26, "value": 0.00023409106145782827, "supply": [{"l": "Motor Gasoline", "v": 1.8495663583471211e-05}, {"l": "Gas-Diesel oil", "v": 7.3883094415307384e-05}, {"l": "Fuel oil", "v": 0.00012196411186766845}, {"l": "Liquefied petroleum gas (LPG)", "v": 1.9748191591381223e-05}]}, {"source": 100, "prod": 0, "target": 71, "value": 0.00099488701119577029, "supply": [{"l": "Motor Gasoline", "v": 7.8606570229752657e-05}, {"l": "Gas-Diesel oil", "v": 0.0003140031512650564}, {"l": "Fuel oil", "v": 0.00051834747543759094}, {"l": "Liquefied petroleum gas (LPG)", "v": 8.3929814263370206e-05}]}, {"source": 100, "prod": 0, "target": 59, "value": 0.00039015176909638048, "supply": [{"l": "Motor Gasoline", "v": 3.0826105972452018e-05}, {"l": "Gas-Diesel oil", "v": 0.00012313849069217899}, {"l": "Fuel oil", "v": 0.00020327351977944745}, {"l": "Liquefied petroleum gas (LPG)", "v": 3.2913652652302043e-05}]}, {"source": 100, "prod": 0, "target": 12, "value": 0.0049256660848418041, "supply": [{"l": "Motor Gasoline", "v": 0.00038917958790220676}, {"l": "Gas-Diesel oil", "v": 0.0015546234449887598}, {"l": "Fuel oil", "v": 0.002566328187215524}, {"l": "Liquefied petroleum gas (LPG)", "v": 0.00041553486473531331}]}, {"source": 100, "prod": 0, "target": 56, "value": 0.00062424283055420885, "supply": [{"l": "Motor Gasoline", "v": 4.9321769555923235e-05}, {"l": "Gas-Diesel oil", "v": 0.00019702158510748638}, {"l": "Fuel oil", "v": 0.00032523763164711588}, {"l": "Liquefied petroleum gas (LPG)", "v": 5.2661844243683266e-05}]}, {"source": 100, "prod": 0, "target": 35, "value": 0.0098318245812287885, "supply": [{"l": "Motor Gasoline", "v": 0.00077681787050579089}, {"l": "Gas-Diesel oil", "v": 0.0031030899654429104}, {"l": "Fuel oil", "v": 0.0051224926984420752}, {"l": "Liquefied petroleum gas (LPG)", "v": 0.00082942404683801138}]}, {"source": 100, "prod": 0, "target": 37, "value": 0.013333436708868803, "supply": [{"l": "Motor Gasoline", "v": 0.0010534821716085478}, {"l": "Gas-Diesel oil", "v": 0.0042082579194052169}, {"l": "Fuel oil", "v": 0.0069468725384626163}, {"l": "Liquefied petroleum gas (LPG)", "v": 0.0011248240793924223}]}, {"source": 100, "prod": 0, "target": 9, "value": 9.753794227409512e-05, "supply": [{"l": "Motor Gasoline", "v": 7.7065264931130045e-06}, {"l": "Gas-Diesel oil", "v": 3.0784622673044747e-05}, {"l": "Fuel oil", "v": 5.0818379944861862e-05}, {"l": "Liquefied petroleum gas (LPG)", "v": 8.2284131630755107e-06}]}, {"source": 100, "prod": 0, "target": 38, "value": 0.010231730144552578, "supply": [{"l": "Motor Gasoline", "v": 0.00080841462912755412}, {"l": "Gas-Diesel oil", "v": 0.0032293069184023936}, {"l": "Fuel oil", "v": 0.0053308480562160084}, {"l": "Liquefied petroleum gas (LPG)", "v": 0.00086316054080662103}]}, {"source": 100, "prod": 0, "target": 3, "value": 0.046974272999204217, "supply": [{"l": "Motor Gasoline", "v": 0.0037114631590832235}, {"l": "Gas-Diesel oil", "v": 0.01482587427933835}, {"l": "Fuel oil", "v": 0.02447413178144547}, {"l": "Liquefied petroleum gas (LPG)", "v": 0.003962803779337166}]}, {"source": 100, "prod": 0, "target": 41, "value": 0.0210194265600675, "supply": [{"l": "Motor Gasoline", "v": 0.0016607564592658526}, {"l": "Gas-Diesel oil", "v": 0.0066340861860411425}, {"l": "Fuel oil", "v": 0.01095136087811773}, {"l": "Liquefied petroleum gas (LPG)", "v": 0.0017732230366427726}]}, {"source": 100, "prod": 0, "target": 42, "value": 0.00031212141527710443, "supply": [{"l": "Motor Gasoline", "v": 2.4660884777961618e-05}, {"l": "Gas-Diesel oil", "v": 9.8510792553743192e-05}, {"l": "Fuel oil", "v": 0.00016261881582355794}, {"l": "Liquefied petroleum gas (LPG)", "v": 2.6330922121841633e-05}]}, {"source": 100, "prod": 0, "target": 23, "value": 0.026725396183102063, "supply": [{"l": "Motor Gasoline", "v": 0.0021115882591129635}, {"l": "Gas-Diesel oil", "v": 0.0084349866124142601}, {"l": "Fuel oil", "v": 0.013924236104892148}, {"l": "Liquefied petroleum gas (LPG)", "v": 0.00225458520668269}]}, {"source": 100, "prod": 0, "target": 46, "value": 9.753794227409512e-05, "supply": [{"l": "Motor Gasoline", "v": 7.7065264931130045e-06}, {"l": "Gas-Diesel oil", "v": 3.0784622673044747e-05}, {"l": "Fuel oil", "v": 5.0818379944861862e-05}, {"l": "Liquefied petroleum gas (LPG)", "v": 8.2284131630755107e-06}]}, {"source": 100, "prod": 0, "target": 47, "value": 0.0033943203911385102, "supply": [{"l": "Motor Gasoline", "v": 0.00026818712196033259}, {"l": "Gas-Diesel oil", "v": 0.0010713048690219572}, {"l": "Fuel oil", "v": 0.0017684796220811926}, {"l": "Liquefied petroleum gas (LPG)", "v": 0.00028634877807502776}]}, {"source": 100, "prod": 0, "target": 85, "value": 0.028168957728758673, "supply": [{"l": "Motor Gasoline", "v": 0.0022256448512110358}, {"l": "Gas-Diesel oil", "v": 0.0088905990279753225}, {"l": "Fuel oil", "v": 0.014676348128076106}, {"l": "Liquefied petroleum gas (LPG)", "v": 0.0023763657214962075}]}, {"source": 100, "prod": 0, "target": 7, "value": 0.0076274670858342379, "supply": [{"l": "Motor Gasoline", "v": 0.00060265037176143689}, {"l": "Gas-Diesel oil", "v": 0.0024073574930320988}, {"l": "Fuel oil", "v": 0.0039739973116881969}, {"l": "Liquefied petroleum gas (LPG)", "v": 0.00064346190935250487}]}, {"source": 100, "prod": 0, "target": 49, "value": 0.0020092816108463595, "supply": [{"l": "Motor Gasoline", "v": 0.00015875444575812788}, {"l": "Gas-Diesel oil", "v": 0.00063416322706472171}, {"l": "Fuel oil", "v": 0.0010468586268641542}, {"l": "Liquefied petroleum gas (LPG)", "v": 0.00016950531115935549}]}, {"source": 100, "prod": 0, "target": 50, "value": 0.0011216863361520938, "supply": [{"l": "Motor Gasoline", "v": 8.8625054670799557e-05}, {"l": "Gas-Diesel oil", "v": 0.00035402316074001458}, {"l": "Fuel oil", "v": 0.0005844113693659113}, {"l": "Liquefied petroleum gas (LPG)", "v": 9.4626751375368362e-05}]}, {"source": 100, "prod": 0, "target": 98, "value": 0.001626859263590568, "supply": [{"l": "Motor Gasoline", "v": 0.00012853904565871503}, {"l": "Gas-Diesel oil", "v": 0.00051346427250889733}, {"l": "Fuel oil", "v": 0.00084761222398599791}, {"l": "Liquefied petroleum gas (LPG)", "v": 0.00013724372143695759}]}, {"source": 100, "prod": 0, "target": 15, "value": 0.0021068195531204546, "supply": [{"l": "Motor Gasoline", "v": 0.00016646097225124089}, {"l": "Gas-Diesel oil", "v": 0.00066494784973776652}, {"l": "Fuel oil", "v": 0.0010976770068090161}, {"l": "Liquefied petroleum gas (LPG)", "v": 0.00017773372432243101}]}, {"source": 100, "prod": 0, "target": 25, "value": 0.00013655311918373317, "supply": [{"l": "Motor Gasoline", "v": 1.0789137090358206e-05}, {"l": "Gas-Diesel oil", "v": 4.3098471742262644e-05}, {"l": "Fuel oil", "v": 7.1145731922806594e-05}, {"l": "Liquefied petroleum gas (LPG)", "v": 1.1519778428305714e-05}]}, {"source": 100, "prod": 0, "target": 5, "value": 0.0017654367551611218, "supply": [{"l": "Motor Gasoline", "v": 0.0001394881295253454}, {"l": "Gas-Diesel oil", "v": 0.00055720167038210986}, {"l": "Fuel oil", "v": 0.00091981267700199959}, {"l": "Liquefied petroleum gas (LPG)", "v": 0.00014893427825166675}]}, {"source": 100, "prod": 0, "target": 6, "value": 0.0011607015130617319, "supply": [{"l": "Motor Gasoline", "v": 9.1707665268044762e-05}, {"l": "Gas-Diesel oil", "v": 0.00036633700980923247}, {"l": "Fuel oil", "v": 0.00060473872134385613}, {"l": "Liquefied petroleum gas (LPG)", "v": 9.7918116640598567e-05}]}, {"source": 100, "prod": 0, "target": 74, "value": 0.024608822835754197, "supply": [{"l": "Motor Gasoline", "v": 0.0019443566342124111}, {"l": "Gas-Diesel oil", "v": 0.0077669603004091887}, {"l": "Fuel oil", "v": 0.012821477260088646}, {"l": "Liquefied petroleum gas (LPG)", "v": 0.0020760286410439512}]}, {"source": 100, "prod": 0, "target": 58, "value": 0.00043892074023342803, "supply": [{"l": "Motor Gasoline", "v": 3.4679369219008521e-05}, {"l": "Gas-Diesel oil", "v": 0.00013853080202870136}, {"l": "Fuel oil", "v": 0.00022868270975187835}, {"l": "Liquefied petroleum gas (LPG)", "v": 3.7027859233839796e-05}]}, {"source": 100, "prod": 0, "target": 94, "value": 1.9507588454819027e-05, "supply": [{"l": "Motor Gasoline", "v": 1.5413052986226011e-06}, {"l": "Gas-Diesel oil", "v": 6.1569245346089495e-06}, {"l": "Fuel oil", "v": 1.0163675988972371e-05}, {"l": "Liquefied petroleum gas (LPG)", "v": 1.6456826326151021e-06}]}, {"source": 100, "prod": 0, "target": 62, "value": 0.020775581704382262, "supply": [{"l": "Motor Gasoline", "v": 0.00164149014303307}, {"l": "Gas-Diesel oil", "v": 0.0065571246293585307}, {"l": "Fuel oil", "v": 0.010824314928255576}, {"l": "Liquefied petroleum gas (LPG)", "v": 0.0017526520037350838}]}, {"source": 100, "prod": 0, "target": 19, "value": 0.003677180423733386, "supply": [{"l": "Motor Gasoline", "v": 0.00029053604879036025}, {"l": "Gas-Diesel oil", "v": 0.0011605802747737869}, {"l": "Fuel oil", "v": 0.0019158529239212919}, {"l": "Liquefied petroleum gas (LPG)", "v": 0.0003102111762479467}]}, {"source": 100, "prod": 0, "target": 65, "value": 0.0043794536081068706, "supply": [{"l": "Motor Gasoline", "v": 0.00034602303954077391}, {"l": "Gas-Diesel oil", "v": 0.001382229558019709}, {"l": "Fuel oil", "v": 0.0022817452595242974}, {"l": "Liquefied petroleum gas (LPG)", "v": 0.00036945575102209042}]}, {"source": 100, "prod": 0, "target": 18, "value": 0.019946509195052451, "supply": [{"l": "Motor Gasoline", "v": 0.0015759846678416094}, {"l": "Gas-Diesel oil", "v": 0.0062954553366376502}, {"l": "Fuel oil", "v": 0.010392358698724249}, {"l": "Liquefied petroleum gas (LPG)", "v": 0.0016827104918489418}]}, {"source": 100, "prod": 0, "target": 16, "value": 0.76711640839730333, "supply": [{"l": "Motor Gasoline", "v": 0.060610289563035165}, {"l": "Gas-Diesel oil", "v": 0.24211490039896233}, {"l": "Fuel oil", "v": 0.39967639459034954}, {"l": "Liquefied petroleum gas (LPG)", "v": 0.064714823844956276}]}, {"source": 100, "prod": 0, "target": 69, "value": 0.0066033186919562392, "supply": [{"l": "Motor Gasoline", "v": 0.00052173184358375038}, {"l": "Gas-Diesel oil", "v": 0.0020841189549651289}, {"l": "Fuel oil", "v": 0.0034404043222671476}, {"l": "Liquefied petroleum gas (LPG)", "v": 0.00055706357114021206}]}, {"source": 100, "prod": 0, "target": 4, "value": 0.061761025047957031, "supply": [{"l": "Motor Gasoline", "v": 0.0048797725754391548}, {"l": "Gas-Diesel oil", "v": 0.019492823076571932}, {"l": "Fuel oil", "v": 0.032178198181086526}, {"l": "Liquefied petroleum gas (LPG)", "v": 0.0052102312148594133}]}, {"source": 100, "prod": 0, "target": 48, "value": 0.0022433726723041876, "supply": [{"l": "Motor Gasoline", "v": 0.00017725010934159911}, {"l": "Gas-Diesel oil", "v": 0.00070804632148002917}, {"l": "Fuel oil", "v": 0.0011688227387318226}, {"l": "Liquefied petroleum gas (LPG)", "v": 0.00018925350275073672}]}, {"source": 100, "prod": 0, "target": 86, "value": 7.8030353819276107e-05, "supply": [{"l": "Motor Gasoline", "v": 6.1652211944904044e-06}, {"l": "Gas-Diesel oil", "v": 2.4627698138435798e-05}, {"l": "Fuel oil", "v": 4.0654703955889485e-05}, {"l": "Liquefied petroleum gas (LPG)", "v": 6.5827305304604082e-06}]}, {"source": 100, "prod": 0, "target": 81, "value": 0.033065362430918246, "supply": [{"l": "Motor Gasoline", "v": 0.0026125124811653085}, {"l": "Gas-Diesel oil", "v": 0.010435987086162168}, {"l": "Fuel oil", "v": 0.017227430801308168}, {"l": "Liquefied petroleum gas (LPG)", "v": 0.002789432062282598}]}, {"source": 100, "prod": 0, "target": 87, "value": 0.0005754738594171612, "supply": [{"l": "Motor Gasoline", "v": 4.5468506309366725e-05}, {"l": "Gas-Diesel oil", "v": 0.00018162927377096398}, {"l": "Fuel oil", "v": 0.00029982844167468492}, {"l": "Liquefied petroleum gas (LPG)", "v": 4.8547637662145506e-05}]}, {"source": 100, "prod": 0, "target": 20, "value": 0.0022726340549864164, "supply": [{"l": "Motor Gasoline", "v": 0.00017956206728953302}, {"l": "Gas-Diesel oil", "v": 0.0007172817082819426}, {"l": "Fuel oil", "v": 0.0011840682527152814}, {"l": "Liquefied petroleum gas (LPG)", "v": 0.0001917220266996594}]}, {"source": 100, "prod": 0, "target": 82, "value": 0.0025750016760361111, "supply": [{"l": "Motor Gasoline", "v": 0.00020345229941818332}, {"l": "Gas-Diesel oil", "v": 0.00081271403856838121}, {"l": "Fuel oil", "v": 0.001341605230544353}, {"l": "Liquefied petroleum gas (LPG)", "v": 0.00021723010750519347}]}, {"source": 100, "prod": 0, "target": 63, "value": 0.0027798313548117112, "supply": [{"l": "Motor Gasoline", "v": 0.00021963600505372065}, {"l": "Gas-Diesel oil", "v": 0.00087736174618177523}, {"l": "Fuel oil", "v": 0.001448323828428563}, {"l": "Liquefied petroleum gas (LPG)", "v": 0.00023450977514765205}]}, {"source": 102, "prod": 359.55793667925559, "target": 0, "value": 4.4376776176167443, "supply": [{"l": "Potash", "v": 0.91133601554388366}, {"l": "Phosphate", "v": 2.5626645853834651}, {"l": "Nitrogen", "v": 25.751525094675291}]}, {"source": 102, "prod": 0.34222427704683345, "target": 22, "value": 0.0042237449365790172, "supply": [{"l": "Potash", "v": 0.91133601554388366}, {"l": "Phosphate", "v": 2.5626645853834651}, {"l": "Nitrogen", "v": 25.751525094675291}]}, {"source": 102, "prod": 1.5228980328584087, "target": 45, "value": 0.018795664967776626, "supply": [{"l": "Potash", "v": 0.91133601554388366}, {"l": "Phosphate", "v": 2.5626645853834651}, {"l": "Nitrogen", "v": 25.751525094675291}]}, {"source": 102, "prod": 9.8560591789488043, "target": 14, "value": 0.12164385417347569, "supply": [{"l": "Potash", "v": 0.91133601554388366}, {"l": "Phosphate", "v": 2.5626645853834651}, {"l": "Nitrogen", "v": 25.751525094675291}]}, {"source": 102, "prod": 0.53044762942259194, "target": 24, "value": 0.0065468046516974771, "supply": [{"l": "Potash", "v": 0.91133601554388366}, {"l": "Phosphate", "v": 2.5626645853834651}, {"l": "Nitrogen", "v": 25.751525094675291}]}, {"source": 102, "prod": 0.41066913245620013, "target": 26, "value": 0.0050684939238948203, "supply": [{"l": "Potash", "v": 0.91133601554388366}, {"l": "Phosphate", "v": 2.5626645853834651}, {"l": "Nitrogen", "v": 25.751525094675291}]}, {"source": 102, "prod": 1.7453438129388508, "target": 71, "value": 0.021541099176552989, "supply": [{"l": "Potash", "v": 0.91133601554388366}, {"l": "Phosphate", "v": 2.5626645853834651}, {"l": "Nitrogen", "v": 25.751525094675291}]}, {"source": 102, "prod": 0.68444855409366689, "target": 59, "value": 0.0084474898731580345, "supply": [{"l": "Potash", "v": 0.91133601554388366}, {"l": "Phosphate", "v": 2.5626645853834651}, {"l": "Nitrogen", "v": 25.751525094675291}]}, {"source": 102, "prod": 8.6411629954325448, "target": 12, "value": 0.10664955964862019, "supply": [{"l": "Potash", "v": 0.91133601554388366}, {"l": "Phosphate", "v": 2.5626645853834651}, {"l": "Nitrogen", "v": 25.751525094675291}]}, {"source": 102, "prod": 1.0951176865498671, "target": 56, "value": 0.013515983797052857, "supply": [{"l": "Potash", "v": 0.91133601554388366}, {"l": "Phosphate", "v": 2.5626645853834651}, {"l": "Nitrogen", "v": 25.751525094675291}]}, {"source": 102, "prod": 17.248103563160406, "target": 35, "value": 0.21287674480358246, "supply": [{"l": "Potash", "v": 0.91133601554388366}, {"l": "Phosphate", "v": 2.5626645853834651}, {"l": "Nitrogen", "v": 25.751525094675291}]}, {"source": 102, "prod": 23.391029336151067, "target": 37, "value": 0.28869296641517583, "supply": [{"l": "Potash", "v": 0.91133601554388366}, {"l": "Phosphate", "v": 2.5626645853834651}, {"l": "Nitrogen", "v": 25.751525094675291}]}, {"source": 102, "prod": 0.17111213852341672, "target": 9, "value": 0.0021118724682895086, "supply": [{"l": "Potash", "v": 0.91133601554388366}, {"l": "Phosphate", "v": 2.5626645853834651}, {"l": "Nitrogen", "v": 25.751525094675291}]}, {"source": 102, "prod": 17.949663331106414, "target": 38, "value": 0.22153542192356945, "supply": [{"l": "Potash", "v": 0.91133601554388366}, {"l": "Phosphate", "v": 2.5626645853834651}, {"l": "Nitrogen", "v": 25.751525094675291}]}, {"source": 102, "prod": 82.4076059128775, "target": 3, "value": 1.0170777807282274, "supply": [{"l": "Potash", "v": 0.91133601554388366}, {"l": "Phosphate", "v": 2.5626645853834651}, {"l": "Nitrogen", "v": 25.751525094675291}]}, {"source": 102, "prod": 36.874665851796308, "target": 41, "value": 0.45510851691638909, "supply": [{"l": "Potash", "v": 0.91133601554388366}, {"l": "Phosphate", "v": 2.5626645853834651}, {"l": "Nitrogen", "v": 25.751525094675291}]}, {"source": 102, "prod": 0.54755884327493354, "target": 42, "value": 0.0067579918985264283, "supply": [{"l": "Potash", "v": 0.91133601554388366}, {"l": "Phosphate", "v": 2.5626645853834651}, {"l": "Nitrogen", "v": 25.751525094675291}]}, {"source": 102, "prod": 46.884725955416187, "target": 23, "value": 0.57865305631132535, "supply": [{"l": "Potash", "v": 0.91133601554388366}, {"l": "Phosphate", "v": 2.5626645853834651}, {"l": "Nitrogen", "v": 25.751525094675291}]}, {"source": 102, "prod": 0.17111213852341672, "target": 46, "value": 0.0021118724682895086, "supply": [{"l": "Potash", "v": 0.91133601554388366}, {"l": "Phosphate", "v": 2.5626645853834651}, {"l": "Nitrogen", "v": 25.751525094675291}]}, {"source": 102, "prod": 5.9547024206149022, "target": 47, "value": 0.073493161896474896, "supply": [{"l": "Potash", "v": 0.91133601554388366}, {"l": "Phosphate", "v": 2.5626645853834651}, {"l": "Nitrogen", "v": 25.751525094675291}]}, {"source": 102, "prod": 49.417185605562757, "target": 85, "value": 0.60990876884201017, "supply": [{"l": "Potash", "v": 0.91133601554388366}, {"l": "Phosphate", "v": 2.5626645853834651}, {"l": "Nitrogen", "v": 25.751525094675291}]}, {"source": 102, "prod": 13.380969232531188, "target": 7, "value": 0.16514842702023957, "supply": [{"l": "Potash", "v": 0.91133601554388366}, {"l": "Phosphate", "v": 2.5626645853834651}, {"l": "Nitrogen", "v": 25.751525094675291}]}, {"source": 102, "prod": 3.5249100535823845, "target": 49, "value": 0.043504572846763873, "supply": [{"l": "Potash", "v": 0.91133601554388366}, {"l": "Phosphate", "v": 2.5626645853834651}, {"l": "Nitrogen", "v": 25.751525094675291}]}, {"source": 102, "prod": 1.9677895930192923, "target": 50, "value": 0.024286533385329347, "supply": [{"l": "Potash", "v": 0.91133601554388366}, {"l": "Phosphate", "v": 2.5626645853834651}, {"l": "Nitrogen", "v": 25.751525094675291}]}, {"source": 102, "prod": 2.8540213293339702, "target": 98, "value": 0.035224438905055208, "supply": [{"l": "Potash", "v": 0.91133601554388366}, {"l": "Phosphate", "v": 2.5626645853834651}, {"l": "Nitrogen", "v": 25.751525094675291}]}, {"source": 102, "prod": 3.6960221921058012, "target": 15, "value": 0.045616445315053385, "supply": [{"l": "Potash", "v": 0.91133601554388366}, {"l": "Phosphate", "v": 2.5626645853834651}, {"l": "Nitrogen", "v": 25.751525094675291}]}, {"source": 102, "prod": 0.23955699393278343, "target": 25, "value": 0.0029566214556053121, "supply": [{"l": "Potash", "v": 0.91133601554388366}, {"l": "Phosphate", "v": 2.5626645853834651}, {"l": "Nitrogen", "v": 25.751525094675291}]}, {"source": 102, "prod": 3.0971297072738428, "target": 5, "value": 0.038224891676040103, "supply": [{"l": "Potash", "v": 0.91133601554388366}, {"l": "Phosphate", "v": 2.5626645853834651}, {"l": "Nitrogen", "v": 25.751525094675291}]}, {"source": 102, "prod": 2.036234448428659, "target": 6, "value": 0.025131282372645152, "supply": [{"l": "Potash", "v": 0.91133601554388366}, {"l": "Phosphate", "v": 2.5626645853834651}, {"l": "Nitrogen", "v": 25.751525094675291}]}, {"source": 102, "prod": 43.17159254945804, "target": 74, "value": 0.53282542374944297, "supply": [{"l": "Potash", "v": 0.91133601554388366}, {"l": "Phosphate", "v": 2.5626645853834651}, {"l": "Nitrogen", "v": 25.751525094675291}]}, {"source": 102, "prod": 0.77000462335537523, "target": 58, "value": 0.0095034261073027888, "supply": [{"l": "Potash", "v": 0.91133601554388366}, {"l": "Phosphate", "v": 2.5626645853834651}, {"l": "Nitrogen", "v": 25.751525094675291}]}, {"source": 102, "prod": 0.034222427704683346, "target": 94, "value": 0.00042237449365790177, "supply": [{"l": "Potash", "v": 0.91133601554388366}, {"l": "Phosphate", "v": 2.5626645853834651}, {"l": "Nitrogen", "v": 25.751525094675291}]}, {"source": 102, "prod": 36.446885505487764, "target": 62, "value": 0.44982883574566535, "supply": [{"l": "Potash", "v": 0.91133601554388366}, {"l": "Phosphate", "v": 2.5626645853834651}, {"l": "Nitrogen", "v": 25.751525094675291}]}, {"source": 102, "prod": 6.4509276223328103, "target": 19, "value": 0.079617592054514463, "supply": [{"l": "Potash", "v": 0.91133601554388366}, {"l": "Phosphate", "v": 2.5626645853834651}, {"l": "Nitrogen", "v": 25.751525094675291}]}, {"source": 102, "prod": 7.6829350197014108, "target": 65, "value": 0.094823073826198936, "supply": [{"l": "Potash", "v": 0.91133601554388366}, {"l": "Phosphate", "v": 2.5626645853834651}, {"l": "Nitrogen", "v": 25.751525094675291}]}, {"source": 102, "prod": 34.992432328038717, "target": 18, "value": 0.43187791976520451, "supply": [{"l": "Potash", "v": 0.91133601554388366}, {"l": "Phosphate", "v": 2.5626645853834651}, {"l": "Nitrogen", "v": 25.751525094675291}]}, {"source": 102, "prod": 1345.762747058968, "target": 16, "value": 16.609454588603327, "supply": [{"l": "Potash", "v": 0.91133601554388366}, {"l": "Phosphate", "v": 2.5626645853834651}, {"l": "Nitrogen", "v": 25.751525094675291}]}, {"source": 102, "prod": 11.584291778035311, "target": 69, "value": 0.14297376610319973, "supply": [{"l": "Potash", "v": 0.91133601554388366}, {"l": "Phosphate", "v": 2.5626645853834651}, {"l": "Nitrogen", "v": 25.751525094675291}]}, {"source": 102, "prod": 108.34820611302747, "target": 4, "value": 1.3372376469209168, "supply": [{"l": "Potash", "v": 0.91133601554388366}, {"l": "Phosphate", "v": 2.5626645853834651}, {"l": "Nitrogen", "v": 25.751525094675291}]}, {"source": 102, "prod": 3.9355791860385847, "target": 48, "value": 0.048573066770658695, "supply": [{"l": "Potash", "v": 0.91133601554388366}, {"l": "Phosphate", "v": 2.5626645853834651}, {"l": "Nitrogen", "v": 25.751525094675291}]}, {"source": 102, "prod": 0.13688971081873338, "target": 86, "value": 0.0016894979746316071, "supply": [{"l": "Potash", "v": 0.91133601554388366}, {"l": "Phosphate", "v": 2.5626645853834651}, {"l": "Nitrogen", "v": 25.751525094675291}]}, {"source": 102, "prod": 58.007014959438273, "target": 81, "value": 0.71592476675014338, "supply": [{"l": "Potash", "v": 0.91133601554388366}, {"l": "Phosphate", "v": 2.5626645853834651}, {"l": "Nitrogen", "v": 25.751525094675291}]}, {"source": 102, "prod": 1.0095616172881587, "target": 87, "value": 0.0124600475629081, "supply": [{"l": "Potash", "v": 0.91133601554388366}, {"l": "Phosphate", "v": 2.5626645853834651}, {"l": "Nitrogen", "v": 25.751525094675291}]}, {"source": 102, "prod": 3.9869128275956101, "target": 20, "value": 0.049206628511145552, "supply": [{"l": "Potash", "v": 0.91133601554388366}, {"l": "Phosphate", "v": 2.5626645853834651}, {"l": "Nitrogen", "v": 25.751525094675291}]}, {"source": 102, "prod": 4.5173604570182011, "target": 82, "value": 0.055753433162843022, "supply": [{"l": "Potash", "v": 0.91133601554388366}, {"l": "Phosphate", "v": 2.5626645853834651}, {"l": "Nitrogen", "v": 25.751525094675291}]}, {"source": 102, "prod": 4.8766959479173773, "target": 63, "value": 0.060188365346251001, "supply": [{"l": "Potash", "v": 0.91133601554388366}, {"l": "Phosphate", "v": 2.5626645853834651}, {"l": "Nitrogen", "v": 25.751525094675291}]}, {"source": 100, "prod": 0, "target": 102, "value": 35.266039753434832, "supply": [{"l": "Natural gas (including LNG)", "v": 23.818905794962951}, {"l": "Fuel oil", "v": 6.8950063148292324}, {"l": "Liquefied petroleum gas (LPG)", "v": 2.2760638218213218}, {"l": "Coal", "v": 2.2760638218213218}]}, {"source": 103, "prod": 0, "target": 14, "value": 0.018777820885916133, "supply": "[{\"l\":'Labor',\"v\":0.018777820885916133}]"}, {"source": 103, "prod": 0, "target": 24, "value": 0.0010106118879572919, "supply": "[{\"l\":'Labor',\"v\":0.0010106118879572919}]"}, {"source": 103, "prod": 0, "target": 41, "value": 0.07025382640477304, "supply": "[{\"l\":'Labor',\"v\":0.07025382640477304}]"}, {"source": 103, "prod": 0, "target": 42, "value": 0.0010432122714397853, "supply": "[{\"l\":'Labor',\"v\":0.0010432122714397853}]"}, {"source": 103, "prod": 0, "target": 45, "value": 0.0029014341299419023, "supply": "[{\"l\":'Labor',\"v\":0.0029014341299419023}]"}, {"source": 103, "prod": 0, "target": 47, "value": 0.011344933451907664, "supply": "[{\"l\":'Labor',\"v\":0.011344933451907664}]"}, {"source": 103, "prod": 0, "target": 58, "value": 0.0014670172567121979, "supply": "[{\"l\":'Labor',\"v\":0.0014670172567121979}]"}, {"source": 103, "prod": 0, "target": 19, "value": 0.012290344572899969, "supply": "[{\"l\":'Labor',\"v\":0.012290344572899969}]"}, {"source": 103, "prod": 0, "target": 18, "value": 0.066667784221698764, "supply": "[{\"l\":'Labor',\"v\":0.066667784221698764}]"}, {"source": 103, "prod": 0, "target": 35, "value": 0.032861186550353236, "supply": "[{\"l\":'Labor',\"v\":0.032861186550353236}]"}, {"source": 103, "prod": 0, "target": 38, "value": 0.034197802273135458, "supply": "[{\"l\":'Labor',\"v\":0.034197802273135458}]"}, {"source": 103, "prod": 0, "target": 3, "value": 0.15700344685168768, "supply": "[{\"l\":'Labor',\"v\":0.15700344685168768}]"}, {"source": 103, "prod": 0, "target": 50, "value": 0.0037490441004867279, "supply": "[{\"l\":'Labor',\"v\":0.0037490441004867279}]"}, {"source": 103, "prod": 0, "target": 15, "value": 0.0070416828322185498, "supply": "[{\"l\":'Labor',\"v\":0.0070416828322185498}]"}, {"source": 103, "prod": 0, "target": 25, "value": 0.00045640536875490601, "supply": "[{\"l\":'Labor',\"v\":0.00045640536875490601}]"}, {"source": 103, "prod": 0, "target": 5, "value": 0.0059006694103312853, "supply": "[{\"l\":'Labor',\"v\":0.0059006694103312853}]"}, {"source": 103, "prod": 0, "target": 6, "value": 0.0038794456344167011, "supply": "[{\"l\":'Labor',\"v\":0.0038794456344167011}]"}, {"source": 103, "prod": 0, "target": 62, "value": 0.069438816817710705, "supply": "[{\"l\":'Labor',\"v\":0.069438816817710705}]"}, {"source": 103, "prod": 0, "target": 87, "value": 0.0019234226254671038, "supply": "[{\"l\":'Labor',\"v\":0.0019234226254671038}]"}, {"source": 103, "prod": 0, "target": 82, "value": 0.0086065012393782281, "supply": "[{\"l\":'Labor',\"v\":0.0086065012393782281}]"}, {"source": 103, "prod": 0, "target": 0, "value": 0.68503185811763145, "supply": "[{\"l\":'Labor',\"v\":0.68503185811763145}]"}, {"source": 103, "prod": 0, "target": 23, "value": 0.089325050742031606, "supply": "[{\"l\":'Labor',\"v\":0.089325050742031606}]"}, {"source": 103, "prod": 0, "target": 31, "value": 3.2600383482493291e-05, "supply": "[{\"l\":'Labor',\"v\":3.2600383482493291e-05}]"}, {"source": 103, "prod": 0, "target": 12, "value": 0.016463193658659111, "supply": "[{\"l\":'Labor',\"v\":0.016463193658659111}]"}, {"source": 103, "prod": 0, "target": 37, "value": 0.044564724220568321, "supply": "[{\"l\":'Labor',\"v\":0.044564724220568321}]"}, {"source": 103, "prod": 0, "target": 9, "value": 0.00032600383482493287, "supply": "[{\"l\":'Labor',\"v\":0.00032600383482493287}]"}, {"source": 103, "prod": 0, "target": 94, "value": 6.5200766964986583e-05, "supply": "[{\"l\":'Labor',\"v\":6.5200766964986583e-05}]"}, {"source": 103, "prod": 0, "target": 46, "value": 0.00032600383482493287, "supply": "[{\"l\":'Labor',\"v\":0.00032600383482493287}]"}, {"source": 103, "prod": 0, "target": 49, "value": 0.0067156789973936166, "supply": "[{\"l\":'Labor',\"v\":0.0067156789973936166}]"}, {"source": 103, "prod": 0, "target": 85, "value": 0.094149907497440621, "supply": "[{\"l\":'Labor',\"v\":0.094149907497440621}]"}, {"source": 103, "prod": 0, "target": 16, "value": 2.5639549601311322, "supply": "[{\"l\":'Labor',\"v\":2.5639549601311322}]"}, {"source": 103, "prod": 0, "target": 69, "value": 0.022070459617647954, "supply": "[{\"l\":'Labor',\"v\":0.022070459617647954}]"}, {"source": 103, "prod": 0, "target": 59, "value": 0.0013040153392997315, "supply": "[{\"l\":'Labor',\"v\":0.0013040153392997315}]"}, {"source": 103, "prod": 0, "target": 22, "value": 0.00065200766964986574, "supply": "[{\"l\":'Labor',\"v\":0.00065200766964986574}]"}, {"source": 103, "prod": 0, "target": 74, "value": 0.082250767526330565, "supply": "[{\"l\":'Labor',\"v\":0.082250767526330565}]"}, {"source": 103, "prod": 0, "target": 26, "value": 0.00078240920357983883, "supply": "[{\"l\":'Labor',\"v\":0.00078240920357983883}]"}, {"source": 103, "prod": 0, "target": 71, "value": 0.0033252391152143153, "supply": "[{\"l\":'Labor',\"v\":0.0033252391152143153}]"}, {"source": 103, "prod": 0, "target": 98, "value": 0.0054374979242498246, "supply": "[{\"l\":'Labor',\"v\":0.0054374979242498246}]"}, {"source": 103, "prod": 0, "target": 56, "value": 0.0020864245428795706, "supply": "[{\"l\":'Labor',\"v\":0.0020864245428795706}]"}, {"source": 103, "prod": 0, "target": 7, "value": 0.025493499883309748, "supply": "[{\"l\":'Labor',\"v\":0.025493499883309748}]"}, {"source": 103, "prod": 0, "target": 63, "value": 0.0092911092925105875, "supply": "[{\"l\":'Labor',\"v\":0.0092911092925105875}]"}, {"source": 103, "prod": 0, "target": 65, "value": 0.014637572183639485, "supply": "[{\"l\":'Labor',\"v\":0.014637572183639485}]"}, {"source": 103, "prod": 0, "target": 4, "value": 0.20642562821114749, "supply": "[{\"l\":'Labor',\"v\":0.20642562821114749}]"}, {"source": 103, "prod": 0, "target": 72, "value": 6.5200766964986583e-05, "supply": "[{\"l\":'Labor',\"v\":6.5200766964986583e-05}]"}, {"source": 103, "prod": 0, "target": 48, "value": 0.0074980882009734557, "supply": "[{\"l\":'Labor',\"v\":0.0074980882009734557}]"}, {"source": 103, "prod": 0, "target": 86, "value": 0.00026080306785994633, "supply": "[{\"l\":'Labor',\"v\":0.00026080306785994633}]"}, {"source": 103, "prod": 0, "target": 81, "value": 0.11051530000565224, "supply": "[{\"l\":'Labor',\"v\":0.11051530000565224}]"}, {"source": 103, "prod": 0, "target": 20, "value": 0.0075958893514209364, "supply": "[{\"l\":'Labor',\"v\":0.0075958893514209364}]"}, {"source": 100, "prod": 0, "target": 93, "value": 4.4093366931055895, "supply": "[{\"l\":'Fossil Fuels',\"v\":4.4093366931055895}]"}, {"source": 101, "prod": 0, "target": 93, "value": 0.25356003920640607, "supply": "[{\"l\":'Renewables & Nuclear',\"v\":0.13908992723363817},{\"l\":'Biomass & Waste',\"v\":0.11447011197276791}]"}]}