{"nodes": [{"layer": 5, "name": "Fruits, Roots & Vegetables", "fill": "#98df8a"}, {"layer": 10, "name": "Feed", "fill": "#dbdb8d"}, {"layer": 5, "name": "Cereals", "fill": "#e7ba52"}, {"layer": 13, "name": "Other Processed", "fill": "#9c9ede"}, {"layer": 16, "name": "Food", "fill": "#b5cf6b"}, {"layer": 13, "name": "Animal Products", "fill": "#17becf"}, {"layer": 5, "name": "Oilcrops", "fill": "#ff9896"}, {"layer": 13, "name": "Sugar", "fill": "#d6616b"}, {"layer": 13, "name": "Aquatic Products", "fill": "#1f77b4"}, {"layer": 13, "name": "Vegetable Oils", "fill": "#f7b6d2"}, {"layer": 5, "name": "Sugar Crops", "fill": "#ffbb78"}, {"layer": 10, "name": "Processing", "fill": "#9edae5"}, {"name": "Waste", "fill": "#c7c7c7"}, {"layer": 2, "name": "Import", "fill": "#aec7e8"}, {"layer": 16, "name": "Export", "fill": "#aec7e8"}, {"layer": 16, "name": "Stock Deposit", "fill": "#c7c7c7"}, {"layer": 0, "name": "Stock Draw", "fill": "#c7c7c7"}, {"layer": 2, "name": "Electricity", "fill": "#bcbd22"}, {"layer": 0, "name": "Fossil Fuels", "fill": "#c49c94"}, {"layer": 0, "name": "Renewables & Nuclear", "fill": "#2ca02c"}, {"layer": 2, "name": "Fertilizers", "fill": "#c5b0d5"}, {"layer": 0, "name": "Labor", "fill": "#7f7f7f"}], "links": [{"source": 0, "prod": 11.0, "target": 1, "value": 0.040181837073297713, "supply": [{"l": "Pulses, Other", "v": 0.040181837073297713}]}, {"source": 2, "prod": 98.0, "target": 1, "value": 0.29980696813818014, "supply": [{"l": "Sorghum", "v": 0.057179935824643924}, {"l": "Millet", "v": 0.24262703231353622}]}, {"source": 3, "prod": 7.0, "target": 4, "value": 0.045046822575789222, "supply": [{"l": "Beer", "v": 0.00051602889643282161}, {"l": "Butter, Ghee", "v": 0.025111366149169013}, {"l": "Wine", "v": 0.00078276902923617023}, {"l": "Fats, Animals, Raw", "v": 0.018636658500951218}]}, {"source": 5, "prod": 295.0, "target": 4, "value": 0.25881475831160772, "supply": [{"l": "Pigmeat", "v": 0.0032653974296538461}, {"l": "Milk - Excluding Butter", "v": 0.12538291078849867}, {"l": "Meat, Other", "v": 0.01369360212435484}, {"l": "Bovine Meat", "v": 0.053097276771439737}, {"l": "Eggs", "v": 0.0036385857073285718}, {"l": "Poultry Meat", "v": 0.0067920266536800004}, {"l": "Offals, Edible", "v": 0.013112020566949809}, {"l": "Mutton & Goat Meat", "v": 0.039832938269702259}]}, {"source": 2, "prod": 685.0, "target": 4, "value": 2.1012054413754715, "supply": [{"l": "Maize", "v": 0.011755430746753845}, {"l": "Rice", "v": 0.036161253017277774}, {"l": "Sorghum", "v": 0.6470361159104443}, {"l": "Wheat", "v": 0.0088437847053125015}, {"l": "Millet", "v": 1.3974088569956833}]}, {"source": 6, "prod": 9.0, "target": 4, "value": 0.058250004372928259, "supply": [{"l": "Groundnuts", "v": 0.058250004372928259}]}, {"source": 0, "prod": 295.0, "target": 4, "value": 0.45045193013435864, "supply": [{"l": "Dates", "v": 0.013943485374799272}, {"l": "Pimento", "v": 0.0040428730081428577}, {"l": "Fruits, Other", "v": 0.011452073338481744}, {"l": "Pulses, Other", "v": 0.20090918536648858}, {"l": "Tomatoes", "v": 0.0017687569410625001}, {"l": "Spices, Other", "v": 0.0032653974296538461}, {"l": "Vegetables, Other", "v": 0.0063709874810212071}, {"l": "Sweet potatoes", "v": 0.019803965404898489}, {"l": "Onions", "v": 0.016271766222175875}, {"l": "Cassava", "v": 0.17262343956763426}]}, {"source": 7, "prod": 11.0, "target": 4, "value": 0.046534718696819591, "supply": [{"l": "Sugar", "v": 0.046534718696819591}]}, {"source": 8, "prod": 8.0, "target": 4, "value": 0.0063248688952754675, "supply": [{"l": "Freshwater Fish", "v": 0.0030594714656216214}, {"l": "Fish, Seafood", "v": 0.0032653974296538461}]}, {"source": 9, "prod": 4.0, "target": 4, "value": 0.041678345374854542, "supply": [{"l": "Groundnut Oil", "v": 0.041678345374854542}]}, {"source": 10, "prod": 41.0, "target": 11, "value": 0.011526204172221855, "supply": [{"l": "Sugar cane", "v": 0.011526204172221855}]}, {"source": 6, "prod": 25.0, "target": 11, "value": 0.16180556770257851, "supply": [{"l": "Cottonseed", "v": 0.0064722227081031401}, {"l": "Groundnuts", "v": 0.15533334499447538}]}, {"source": 0, "prod": 27.0, "target": 0, "value": 0.098628145543548942, "supply": [{"l": "Pulses, Other", "v": 0.098628145543548942}]}, {"source": 5, "prod": 1.0, "target": 5, "value": 0.0012128619024428574, "supply": [{"l": "Eggs", "v": 0.0012128619024428574}]}, {"source": 2, "prod": 37.0, "target": 2, "value": 0.1129561080576299, "supply": [{"l": "Sorghum", "v": 0.033104173372162274}, {"l": "Millet", "v": 0.079851934685467627}]}, {"source": 6, "prod": 15.0, "target": 6, "value": 0.097083340621547082, "supply": [{"l": "Groundnuts", "v": 0.097083340621547082}]}, {"source": 0, "prod": 32.0, "target": 12, "value": 0.049760691279376837, "supply": [{"l": "Dates", "v": 0.0027886970749598544}, {"l": "Vegetables, Other", "v": 0.00055399891139314855}, {"l": "Fruits, Other", "v": 0.00120548140405071}, {"l": "Sweet potatoes", "v": 0.0022004406005442768}, {"l": "Pulses, Other", "v": 0.021917365676344211}, {"l": "Onions", "v": 0.0019143254379030438}, {"l": "Cassava", "v": 0.019180382174181589}]}, {"source": 5, "prod": 16.0, "target": 12, "value": 0.009920008484977488, "supply": [{"l": "Eggs", "v": 0.0012128619024428574}, {"l": "Milk - Excluding Butter", "v": 0.0087071465825346306}]}, {"source": 2, "prod": 107.0, "target": 12, "value": 0.32790064759258158, "supply": [{"l": "Sorghum", "v": 0.081255698277125588}, {"l": "Millet", "v": 0.24262703231353622}, {"l": "Rice", "v": 0.0040179170019197536}]}, {"source": 6, "prod": 6.0, "target": 12, "value": 0.038833336248618844, "supply": [{"l": "Groundnuts", "v": 0.038833336248618844}]}, {"source": 13, "prod": 9.0, "target": 11, "value": 0.030911800732736004, "supply": [{"l": "Sugar", "v": 0.02961300280706701}, {"l": "Beer", "v": 0.00051602889643282161}, {"l": "Wine", "v": 0.00078276902923617023}]}, {"source": 13, "prod": 4.0, "target": 2, "value": 0.013931690474047841, "supply": [{"l": "Wheat", "v": 0.0058958564702083337}, {"l": "Rice", "v": 0.0080358340038395072}]}, {"source": 13, "prod": 1.0, "target": 1, "value": 0.000580476438835642, "supply": [{"l": "Milk - Excluding Butter", "v": 0.000580476438835642}]}, {"source": 13, "prod": 1.0, "target": 0, "value": 0.0027886970749598544, "supply": [{"l": "Dates", "v": 0.0027886970749598544}]}, {"source": 0, "prod": 18.0, "target": 14, "value": 0.05305484534937286, "supply": [{"l": "Pulses, Other", "v": 0.051140519911469819}, {"l": "Onions", "v": 0.0019143254379030438}]}, {"source": 8, "prod": 2.0, "target": 14, "value": 0.0015812172238188669, "supply": [{"l": "Fish, Seafood", "v": 0.00081634935741346152}, {"l": "Freshwater Fish", "v": 0.00076486786640540534}]}, {"source": 9, "prod": 5.0, "target": 14, "value": 0.052097931718568177, "supply": [{"l": "Groundnut Oil", "v": 0.052097931718568177}]}, {"source": 2, "prod": 40.0, "target": 14, "value": 0.12284913028533478, "supply": [{"l": "Millet", "v": 0.12284913028533478}]}, {"source": 6, "prod": 87.0, "target": 14, "value": 0.56308337560497324, "supply": [{"l": "Groundnuts", "v": 0.54366670748066381}, {"l": "Cottonseed", "v": 0.019416668124309422}]}, {"source": 2, "prod": 110.0, "target": 15, "value": 0.33783510828467073, "supply": [{"l": "Millet", "v": 0.33783510828467073}]}, {"source": 16, "prod": 8.0, "target": 0, "value": 0.029223154235125611, "supply": [{"l": "Pulses, Other", "v": 0.029223154235125611}]}, {"source": 9, "prod": 1.0, "target": 15, "value": 0.010419586343713635, "supply": [{"l": "Groundnut Oil", "v": 0.010419586343713635}]}, {"source": 6, "prod": 56.0, "target": 15, "value": 0.36244447165377586, "supply": [{"l": "Groundnuts", "v": 0.36244447165377586}]}, {"source": 16, "prod": 7.0, "target": 2, "value": 0.021066292145921449, "supply": [{"l": "Sorghum", "v": 0.021066292145921449}]}, {"source": 1, "prod": 10.0, "target": 8, "value": 0.0079060861190943348, "supply": [{"l": "Freshwater Fish", "v": 0.0038243393320270269}, {"l": "Fish, Seafood", "v": 0.0040817467870673078}]}, {"source": 1, "prod": 311.0, "target": 5, "value": 0.2687347667965852, "supply": [{"l": "Poultry Meat", "v": 0.0067920266536800004}, {"l": "Pigmeat", "v": 0.0032653974296538461}, {"l": "Bovine Meat", "v": 0.053097276771439737}, {"l": "Eggs", "v": 0.006064309512214287}, {"l": "Milk - Excluding Butter", "v": 0.1340900573710333}, {"l": "Offals, Edible", "v": 0.013112020566949809}, {"l": "Meat, Other", "v": 0.01369360212435484}, {"l": "Mutton & Goat Meat", "v": 0.039832938269702259}]}, {"source": 11, "prod": 7.0, "target": 3, "value": 0.045046822575789222, "supply": [{"l": "Fats, Animals, Raw", "v": 0.018636658500951218}, {"l": "Beer", "v": 0.00051602889643282161}, {"l": "Butter, Ghee", "v": 0.025111366149169013}, {"l": "Wine", "v": 0.00078276902923617023}]}, {"source": 11, "prod": 10.0, "target": 9, "value": 0.10419586343713635, "supply": [{"l": "Groundnut Oil", "v": 0.10419586343713635}]}, {"source": 11, "prod": 11.0, "target": 7, "value": 0.046534718696819591, "supply": [{"l": "Sugar", "v": 0.046534718696819591}]}, {"source": 17, "prod": 0, "target": 0, "value": 0.0010472281941106575, "supply": "[{\"l\":'Energy for power irrigation',\"v\":0.0010472281941106575}]"}, {"source": 17, "prod": 0, "target": 10, "value": 0.00011328853814917403, "supply": "[{\"l\":'Energy for power irrigation',\"v\":0.00011328853814917403}]"}, {"source": 17, "prod": 0, "target": 2, "value": 0.0029634623698777843, "supply": "[{\"l\":'Energy for power irrigation',\"v\":0.0029634623698777843}]"}, {"source": 17, "prod": 0, "target": 6, "value": 0.00054710074520820625, "supply": "[{\"l\":'Energy for power irrigation',\"v\":0.00054710074520820625}]"}, {"source": 17, "prod": 0, "target": 11, "value": 0.00097118984068383083, "supply": "[{\"l\":'Electricity',\"v\":0.00097118984068383083}]"}, {"source": 18, "prod": 0, "target": 17, "value": 0.0043047989677820059, "supply": [{"l": "Coal", "v": 0.00030034346668825321}, {"l": "Natural gas", "v": 0.0005502727994728811}, {"l": "Oil", "v": 0.0034541827016208722}]}, {"source": 19, "prod": 0, "target": 17, "value": 0.0039942714322810597, "supply": [{"l": "Nuclear", "v": 0.0}, {"l": "Hydroelectric", "v": 0.0039711364746321705}, {"l": "Renewable", "v": 2.3134957648889115e-05}]}, {"source": 18, "prod": 0, "target": 0, "value": 0.010255012882647662, "supply": [{"l": "Other fossil fuels", "v": 0.010255012882647662}]}, {"source": 18, "prod": 0, "target": 10, "value": 0.0011093813408668974, "supply": [{"l": "Other fossil fuels", "v": 0.0011093813408668974}]}, {"source": 18, "prod": 0, "target": 2, "value": 0.029019792392188968, "supply": [{"l": "Other fossil fuels", "v": 0.029019792392188968}]}, {"source": 18, "prod": 0, "target": 6, "value": 0.0053575001339425778, "supply": [{"l": "Other fossil fuels", "v": 0.0053575001339425778}]}, {"source": 20, "prod": 0.052040178847072606, "target": 0, "value": 0.00051964413926716474, "supply": [{"l": "Potash", "v": 0.0001136598100334719}, {"l": "Phosphate", "v": 0.00036945020224260163}, {"l": "Nitrogen", "v": 0.0018347222236899999}]}, {"source": 20, "prod": 0.0056296763396569312, "target": 10, "value": 5.6214801345524409e-05, "supply": [{"l": "Potash", "v": 0.0001136598100334719}, {"l": "Phosphate", "v": 0.00036945020224260163}, {"l": "Nitrogen", "v": 0.0018347222236899999}]}, {"source": 20, "prod": 0.14726409449468436, "target": 2, "value": 0.001470496937635974, "supply": [{"l": "Potash", "v": 0.0001136598100334719}, {"l": "Phosphate", "v": 0.00036945020224260163}, {"l": "Nitrogen", "v": 0.0018347222236899999}]}, {"source": 20, "prod": 0.027187217445172496, "target": 6, "value": 0.00027147635771741058, "supply": [{"l": "Potash", "v": 0.0001136598100334719}, {"l": "Phosphate", "v": 0.00036945020224260163}, {"l": "Nitrogen", "v": 0.0018347222236899999}]}, {"source": 18, "prod": 0, "target": 20, "value": 0.0028318720468486964, "supply": [{"l": "Natural gas (including LNG)", "v": 0.0019094075515693498}, {"l": "Fuel oil", "v": 0.00059813847100858631}, {"l": "Liquefied petroleum gas (LPG)", "v": 0.00016216301213538013}, {"l": "Coal", "v": 0.00016216301213538013}]}, {"source": 21, "prod": 0, "target": 2, "value": 0.3634189834750039, "supply": "[{\"l\":'Labor',\"v\":0.3634189834750039}]"}, {"source": 21, "prod": 0, "target": 6, "value": 0.067092735410769946, "supply": "[{\"l\":'Labor',\"v\":0.067092735410769946}]"}, {"source": 21, "prod": 0, "target": 0, "value": 0.12842498343778691, "supply": "[{\"l\":'Labor',\"v\":0.12842498343778691}]"}, {"source": 21, "prod": 0, "target": 10, "value": 0.013892940160815999, "supply": "[{\"l\":'Labor',\"v\":0.013892940160815999}]"}, {"source": 18, "prod": 0, "target": 13, "value": 0.010483761407119471, "supply": "[{\"l\":'Fossil Fuels',\"v\":0.010483761407119471}]"}, {"source": 19, "prod": 0, "target": 13, "value": 0.06086555416447903, "supply": "[{\"l\":'Renewables & Nuclear',\"v\":0.00074773649169406094},{\"l\":'Biomass & Waste',\"v\":0.060117817672784971}]"}]}