{"nodes": [{"layer": 5, "name": "Potatoes"}, {"layer": 10, "name": "Feed", "fill": "#dbdb8d"}, {"layer": 5, "name": "Barley"}, {"layer": 5, "name": "Oranges, Mandarines"}, {"layer": 5, "name": "Fruits, Other"}, {"layer": 16, "name": "Food", "fill": "#b5cf6b"}, {"layer": 13, "name": "Sugar", "fill": "#d6616b"}, {"layer": 5, "name": "Citrus, Other"}, {"layer": 5, "name": "Rice"}, {"layer": 13, "name": "Butter, Ghee"}, {"layer": 5, "name": "Nuts"}, {"layer": 13, "name": "Fats, Animals, Raw"}, {"layer": 5, "name": "Coffee"}, {"layer": 5, "name": "Wheat"}, {"layer": 5, "name": "Treenuts"}, {"layer": 13, "name": "Eggs"}, {"layer": 5, "name": "Vegetables, Other"}, {"layer": 5, "name": "Tomatoes"}, {"layer": 5, "name": "Grapes"}, {"layer": 5, "name": "Dates"}, {"layer": 5, "name": "Cereals, Other"}, {"layer": 13, "name": "Milk - Excluding Butter"}, {"layer": 5, "name": "Pulses, Other"}, {"layer": 13, "name": "Fish, Seafood"}, {"layer": 13, "name": "Meat, Other"}, {"layer": 5, "name": "Lemons, Limes"}, {"layer": 13, "name": "Mutton & Goat Meat"}, {"layer": 13, "name": "Sweeteners, Other"}, {"layer": 13, "name": "Pelagic Fish"}, {"layer": 5, "name": "Bananas"}, {"layer": 13, "name": "Maize Germ Oil"}, {"layer": 5, "name": "Tea"}, {"layer": 13, "name": "Poultry Meat"}, {"layer": 13, "name": "Offals, Edible"}, {"layer": 13, "name": "Bovine Meat"}, {"layer": 5, "name": "Onions"}, {"layer": 5, "name": "Apples"}, {"layer": 16, "name": "Biofuels & Other", "fill": "#e7ba52"}, {"layer": 13, "name": "Beer"}, {"layer": 13, "name": "Beverages, Alcoholic"}, {"layer": 13, "name": "Marine Fish, Other"}, {"layer": 13, "name": "Oilcrops Oil, Other"}, {"layer": 5, "name": "Spices, Other"}, {"layer": 13, "name": "Demersal Fish"}, {"name": "Waste", "fill": "#c7c7c7"}, {"layer": 2, "name": "Import", "fill": "#aec7e8"}, {"layer": 10, "name": "Processing", "fill": "#9edae5"}, {"layer": 16, "name": "Export", "fill": "#aec7e8"}, {"layer": 0, "name": "Stock Draw", "fill": "#c7c7c7"}, {"layer": 2, "name": "Electricity", "fill": "#bcbd22"}, {"layer": 0, "name": "Fossil Fuels", "fill": "#c49c94"}, {"layer": 2, "name": "Fertilizers", "fill": "#c5b0d5"}, {"layer": 0, "name": "Labor", "fill": "#7f7f7f"}], "links": [{"source": 0, "prod": 1.0, "target": 1, "value": 0.0007784820193673139, "supply": [{"l": "Potatoes", "v": 0.0007784820193673139}]}, {"source": 2, "prod": 3.0, "target": 1, "value": 0.010175065870555184, "supply": [{"l": "Barley", "v": 0.010175065870555184}]}, {"source": 3, "prod": 1.0, "target": 1, "value": 0.00039056308089451143, "supply": [{"l": "Oranges, Mandarines", "v": 0.00039056308089451143}]}, {"source": 4, "prod": 29.0, "target": 5, "value": 0.013463960965871311, "supply": [{"l": "Fruits, Other", "v": 0.013463960965871311}]}, {"source": 6, "prod": 21.0, "target": 5, "value": 0.07865766161430883, "supply": [{"l": "Sugar", "v": 0.07865766161430883}]}, {"source": 7, "prod": 1.0, "target": 5, "value": 0.00039305709801388888, "supply": [{"l": "Citrus, Other", "v": 0.00039305709801388888}]}, {"source": 8, "prod": 28.0, "target": 5, "value": 0.11714504763017204, "supply": [{"l": "Rice", "v": 0.11714504763017204}]}, {"source": 9, "prod": 3.0, "target": 5, "value": 0.025098273674638686, "supply": [{"l": "Butter, Ghee", "v": 0.025098273674638686}]}, {"source": 10, "prod": 1.0, "target": 5, "value": 0.003144456784111111, "supply": [{"l": "Nuts", "v": 0.003144456784111111}]}, {"source": 11, "prod": 1.0, "target": 5, "value": 0.0096278728338247428, "supply": [{"l": "Fats, Animals, Raw", "v": 0.0096278728338247428}]}, {"source": 12, "prod": 2.0, "target": 5, "value": 0.0011207964775049506, "supply": [{"l": "Coffee", "v": 0.0011207964775049506}]}, {"source": 13, "prod": 57.0, "target": 5, "value": 0.1933262515405485, "supply": [{"l": "Wheat", "v": 0.1933262515405485}]}, {"source": 14, "prod": 1.0, "target": 5, "value": 0.0018063900674680853, "supply": [{"l": "Treenuts", "v": 0.0018063900674680853}]}, {"source": 15, "prod": 7.0, "target": 5, "value": 0.011273451541317465, "supply": [{"l": "Eggs", "v": 0.011273451541317465}]}, {"source": 16, "prod": 36.0, "target": 5, "value": 0.0096608141538303445, "supply": [{"l": "Vegetables, Other", "v": 0.0096608141538303445}]}, {"source": 17, "prod": 17.0, "target": 5, "value": 0.0044725926988131385, "supply": [{"l": "Tomatoes", "v": 0.0044725926988131385}]}, {"source": 18, "prod": 2.0, "target": 5, "value": 0.001230439611173913, "supply": [{"l": "Grapes", "v": 0.001230439611173913}]}, {"source": 19, "prod": 7.0, "target": 5, "value": 0.012673621707171363, "supply": [{"l": "Dates", "v": 0.012673621707171363}]}, {"source": 20, "prod": 1.0, "target": 5, "value": 0.0025884247917987799, "supply": [{"l": "Cereals, Other", "v": 0.0025884247917987799}]}, {"source": 0, "prod": 10.0, "target": 5, "value": 0.0077848201936731396, "supply": [{"l": "Potatoes", "v": 0.0077848201936731396}]}, {"source": 21, "prod": 73.0, "target": 5, "value": 0.052492408096672598, "supply": [{"l": "Milk - Excluding Butter", "v": 0.052492408096672598}]}, {"source": 22, "prod": 4.0, "target": 5, "value": 0.015790641676731883, "supply": [{"l": "Pulses, Other", "v": 0.015790641676731883}]}, {"source": 23, "prod": 10.0, "target": 5, "value": 0.0072409665817484, "supply": [{"l": "Fish, Seafood", "v": 0.0072409665817484}]}, {"source": 24, "prod": 6.0, "target": 5, "value": 0.012936520374931725, "supply": [{"l": "Meat, Other", "v": 0.012936520374931725}]}, {"source": 25, "prod": 3.0, "target": 5, "value": 0.00048514476097714297, "supply": [{"l": "Lemons, Limes", "v": 0.00048514476097714297}]}, {"source": 26, "prod": 12.0, "target": 5, "value": 0.03402061436059662, "supply": [{"l": "Mutton & Goat Meat", "v": 0.03402061436059662}]}, {"source": 27, "prod": 2.0, "target": 5, "value": 0.0037413706143152536, "supply": [{"l": "Sweeteners, Other", "v": 0.0037413706143152536}]}, {"source": 28, "prod": 10.0, "target": 5, "value": 0.0073268895940453074, "supply": [{"l": "Pelagic Fish", "v": 0.0073268895940453074}]}, {"source": 29, "prod": 15.0, "target": 5, "value": 0.010479647564935602, "supply": [{"l": "Bananas", "v": 0.010479647564935602}]}, {"source": 30, "prod": 1.0, "target": 5, "value": 0.010277408752278947, "supply": [{"l": "Maize Germ Oil", "v": 0.010277408752278947}]}, {"source": 31, "prod": 1.0, "target": 5, "value": 0.00036594971194396549, "supply": [{"l": "Tea", "v": 0.00036594971194396549}]}, {"source": 32, "prod": 12.0, "target": 5, "value": 0.0169800666342, "supply": [{"l": "Poultry Meat", "v": 0.0169800666342}]}, {"source": 33, "prod": 2.0, "target": 5, "value": 0.0025385481679036548, "supply": [{"l": "Offals, Edible", "v": 0.0025385481679036548}]}, {"source": 3, "prod": 17.0, "target": 5, "value": 0.0066395723752066945, "supply": [{"l": "Oranges, Mandarines", "v": 0.0066395723752066945}]}, {"source": 34, "prod": 4.0, "target": 5, "value": 0.010420979522794225, "supply": [{"l": "Bovine Meat", "v": 0.010420979522794225}]}, {"source": 35, "prod": 13.0, "target": 5, "value": 0.0047749878359462303, "supply": [{"l": "Onions", "v": 0.0047749878359462303}]}, {"source": 36, "prod": 8.0, "target": 5, "value": 0.004433437763498695, "supply": [{"l": "Apples", "v": 0.004433437763498695}]}, {"source": 4, "prod": 3.0, "target": 37, "value": 0.0013928235481935841, "supply": [{"l": "Fruits, Other", "v": 0.0013928235481935841}]}, {"source": 6, "prod": 18.0, "target": 37, "value": 0.067420852812264717, "supply": [{"l": "Sugar", "v": 0.067420852812264717}]}, {"source": 38, "prod": 2.0, "target": 37, "value": 0.017993964058704306, "supply": [{"l": "Beer", "v": 0.017993964058704306}]}, {"source": 39, "prod": 10.0, "target": 37, "value": 0.089969820293521532, "supply": [{"l": "Beverages, Alcoholic", "v": 0.089969820293521532}]}, {"source": 8, "prod": 9.0, "target": 37, "value": 0.037653765309698162, "supply": [{"l": "Rice", "v": 0.037653765309698162}]}, {"source": 17, "prod": 1.0, "target": 37, "value": 0.00026309368816547875, "supply": [{"l": "Tomatoes", "v": 0.00026309368816547875}]}, {"source": 13, "prod": 41.0, "target": 37, "value": 0.13905923356425418, "supply": [{"l": "Wheat", "v": 0.13905923356425418}]}, {"source": 16, "prod": 1.0, "target": 37, "value": 0.00026835594871750962, "supply": [{"l": "Vegetables, Other", "v": 0.00026835594871750962}]}, {"source": 40, "prod": 7.0, "target": 37, "value": 0.0062339405475209785, "supply": [{"l": "Marine Fish, Other", "v": 0.0062339405475209785}]}, {"source": 19, "prod": 16.0, "target": 37, "value": 0.028968278187820259, "supply": [{"l": "Dates", "v": 0.028968278187820259}]}, {"source": 0, "prod": 1.0, "target": 37, "value": 0.0007784820193673139, "supply": [{"l": "Potatoes", "v": 0.0007784820193673139}]}, {"source": 36, "prod": 1.0, "target": 37, "value": 0.00055417972043733687, "supply": [{"l": "Apples", "v": 0.00055417972043733687}]}, {"source": 23, "prod": 59.0, "target": 37, "value": 0.042721702832315571, "supply": [{"l": "Fish, Seafood", "v": 0.042721702832315571}]}, {"source": 41, "prod": 9.0, "target": 37, "value": 0.090964642683214289, "supply": [{"l": "Oilcrops Oil, Other", "v": 0.090964642683214289}]}, {"source": 26, "prod": 1.0, "target": 37, "value": 0.0028350511967163848, "supply": [{"l": "Mutton & Goat Meat", "v": 0.0028350511967163848}]}, {"source": 28, "prod": 40.0, "target": 37, "value": 0.029307558376181229, "supply": [{"l": "Pelagic Fish", "v": 0.029307558376181229}]}, {"source": 29, "prod": 1.0, "target": 37, "value": 0.00069864317099570662, "supply": [{"l": "Bananas", "v": 0.00069864317099570662}]}, {"source": 42, "prod": 2.0, "target": 37, "value": 0.0091431128030307705, "supply": [{"l": "Spices, Other", "v": 0.0091431128030307705}]}, {"source": 31, "prod": 5.0, "target": 37, "value": 0.001829748559719828, "supply": [{"l": "Tea", "v": 0.001829748559719828}]}, {"source": 43, "prod": 12.0, "target": 37, "value": 0.008107193618450928, "supply": [{"l": "Demersal Fish", "v": 0.008107193618450928}]}, {"source": 3, "prod": 2.0, "target": 37, "value": 0.00078112616178902287, "supply": [{"l": "Oranges, Mandarines", "v": 0.00078112616178902287}]}, {"source": 22, "prod": 1.0, "target": 37, "value": 0.0039476604191829709, "supply": [{"l": "Pulses, Other", "v": 0.0039476604191829709}]}, {"source": 19, "prod": 1.0, "target": 44, "value": 0.0018105173867387662, "supply": [{"l": "Dates", "v": 0.0018105173867387662}]}, {"source": 13, "prod": 6.0, "target": 44, "value": 0.020350131741110368, "supply": [{"l": "Wheat", "v": 0.020350131741110368}]}, {"source": 29, "prod": 1.0, "target": 44, "value": 0.00069864317099570662, "supply": [{"l": "Bananas", "v": 0.00069864317099570662}]}, {"source": 0, "prod": 1.0, "target": 44, "value": 0.0007784820193673139, "supply": [{"l": "Potatoes", "v": 0.0007784820193673139}]}, {"source": 36, "prod": 1.0, "target": 44, "value": 0.00055417972043733687, "supply": [{"l": "Apples", "v": 0.00055417972043733687}]}, {"source": 16, "prod": 9.0, "target": 44, "value": 0.0024152035384575861, "supply": [{"l": "Vegetables, Other", "v": 0.0024152035384575861}]}, {"source": 4, "prod": 2.0, "target": 44, "value": 0.00092854903212905601, "supply": [{"l": "Fruits, Other", "v": 0.00092854903212905601}]}, {"source": 21, "prod": 1.0, "target": 44, "value": 0.00071907408351606309, "supply": [{"l": "Milk - Excluding Butter", "v": 0.00071907408351606309}]}, {"source": 22, "prod": 1.0, "target": 44, "value": 0.0039476604191829709, "supply": [{"l": "Pulses, Other", "v": 0.0039476604191829709}]}, {"source": 3, "prod": 2.0, "target": 44, "value": 0.00078112616178902287, "supply": [{"l": "Oranges, Mandarines", "v": 0.00078112616178902287}]}, {"source": 8, "prod": 6.0, "target": 44, "value": 0.025102510206465437, "supply": [{"l": "Rice", "v": 0.025102510206465437}]}, {"source": 35, "prod": 1.0, "target": 44, "value": 0.00036730675661124856, "supply": [{"l": "Onions", "v": 0.00036730675661124856}]}, {"source": 17, "prod": 1.0, "target": 44, "value": 0.00026309368816547875, "supply": [{"l": "Tomatoes", "v": 0.00026309368816547875}]}, {"source": 26, "prod": 1.0, "target": 44, "value": 0.0028350511967163848, "supply": [{"l": "Mutton & Goat Meat", "v": 0.0028350511967163848}]}, {"source": 45, "prod": 14.0, "target": 0, "value": 0.010898748271142393, "supply": [{"l": "Potatoes", "v": 0.010898748271142393}]}, {"source": 45, "prod": 1.0, "target": 20, "value": 0.0025884247917987799, "supply": [{"l": "Cereals, Other", "v": 0.0025884247917987799}]}, {"source": 45, "prod": 57.0, "target": 8, "value": 0.23847384696142168, "supply": [{"l": "Rice", "v": 0.23847384696142168}]}, {"source": 45, "prod": 104.0, "target": 13, "value": 0.35273561684591309, "supply": [{"l": "Wheat", "v": 0.35273561684591309}]}, {"source": 45, "prod": 91.0, "target": 1, "value": 0.10857407138262595, "supply": [{"l": "Milk - Excluding Butter", "v": 0.041706296843931651}, {"l": "Meat, Other", "v": 0.0064682601874658623}, {"l": "Mutton & Goat Meat", "v": 0.028350511967163851}, {"l": "Eggs", "v": 0.011273451541317465}, {"l": "Poultry Meat", "v": 0.015565061081349999}, {"l": "Bovine Meat", "v": 0.0052104897613971125}]}, {"source": 45, "prod": 2.0, "target": 7, "value": 0.00078611419602777775, "supply": [{"l": "Citrus, Other", "v": 0.00078611419602777775}]}, {"source": 45, "prod": 15.0, "target": 17, "value": 0.0039464053224821808, "supply": [{"l": "Tomatoes", "v": 0.0039464053224821808}]}, {"source": 45, "prod": 3.0, "target": 2, "value": 0.010175065870555184, "supply": [{"l": "Barley", "v": 0.010175065870555184}]}, {"source": 45, "prod": 2.0, "target": 19, "value": 0.0036210347734775324, "supply": [{"l": "Dates", "v": 0.0036210347734775324}]}, {"source": 45, "prod": 64.0, "target": 46, "value": 0.37663278863521715, "supply": [{"l": "Sugar", "v": 0.13858730855854415}, {"l": "Beer", "v": 0.017993964058704306}, {"l": "Beverages, Alcoholic", "v": 0.089969820293521532}, {"l": "Oilcrops Oil, Other", "v": 0.090964642683214289}, {"l": "Sweeteners, Other", "v": 0.0037413706143152536}, {"l": "Maize Germ Oil", "v": 0.010277408752278947}, {"l": "Butter, Ghee", "v": 0.025098273674638686}]}, {"source": 45, "prod": 2.0, "target": 42, "value": 0.0091431128030307705, "supply": [{"l": "Spices, Other", "v": 0.0091431128030307705}]}, {"source": 45, "prod": 17.0, "target": 29, "value": 0.011876933906927012, "supply": [{"l": "Bananas", "v": 0.011876933906927012}]}, {"source": 45, "prod": 2.0, "target": 12, "value": 0.0011207964775049506, "supply": [{"l": "Coffee", "v": 0.0011207964775049506}]}, {"source": 45, "prod": 22.0, "target": 3, "value": 0.0085923877796792534, "supply": [{"l": "Oranges, Mandarines", "v": 0.0085923877796792534}]}, {"source": 45, "prod": 6.0, "target": 31, "value": 0.0021956982716637933, "supply": [{"l": "Tea", "v": 0.0021956982716637933}]}, {"source": 45, "prod": 33.0, "target": 4, "value": 0.015321059030129423, "supply": [{"l": "Fruits, Other", "v": 0.015321059030129423}]}, {"source": 45, "prod": 6.0, "target": 22, "value": 0.023685962515097823, "supply": [{"l": "Pulses, Other", "v": 0.023685962515097823}]}, {"source": 45, "prod": 14.0, "target": 35, "value": 0.0051422945925574792, "supply": [{"l": "Onions", "v": 0.0051422945925574792}]}, {"source": 45, "prod": 10.0, "target": 36, "value": 0.0055417972043733691, "supply": [{"l": "Apples", "v": 0.0055417972043733691}]}, {"source": 45, "prod": 3.0, "target": 18, "value": 0.0018456594167608694, "supply": [{"l": "Grapes", "v": 0.0018456594167608694}]}, {"source": 45, "prod": 23.0, "target": 16, "value": 0.0061721868205027201, "supply": [{"l": "Vegetables, Other", "v": 0.0061721868205027201}]}, {"source": 8, "prod": 15.0, "target": 47, "value": 0.062756275516163598, "supply": [{"l": "Rice", "v": 0.062756275516163598}]}, {"source": 48, "prod": 1.0, "target": 46, "value": 0.0037456029340147061, "supply": [{"l": "Sugar", "v": 0.0037456029340147061}]}, {"source": 1, "prod": 12.0, "target": 32, "value": 0.0169800666342, "supply": [{"l": "Poultry Meat", "v": 0.0169800666342}]}, {"source": 1, "prod": 50.0, "target": 28, "value": 0.036634447970226539, "supply": [{"l": "Pelagic Fish", "v": 0.036634447970226539}]}, {"source": 1, "prod": 4.0, "target": 34, "value": 0.010420979522794225, "supply": [{"l": "Bovine Meat", "v": 0.010420979522794225}]}, {"source": 1, "prod": 7.0, "target": 15, "value": 0.011273451541317465, "supply": [{"l": "Eggs", "v": 0.011273451541317465}]}, {"source": 1, "prod": 74.0, "target": 21, "value": 0.05321148218018866, "supply": [{"l": "Milk - Excluding Butter", "v": 0.05321148218018866}]}, {"source": 1, "prod": 2.0, "target": 33, "value": 0.0025385481679036548, "supply": [{"l": "Offals, Edible", "v": 0.0025385481679036548}]}, {"source": 1, "prod": 7.0, "target": 40, "value": 0.0062339405475209785, "supply": [{"l": "Marine Fish, Other", "v": 0.0062339405475209785}]}, {"source": 1, "prod": 69.0, "target": 23, "value": 0.049962669414063972, "supply": [{"l": "Fish, Seafood", "v": 0.049962669414063972}]}, {"source": 1, "prod": 12.0, "target": 43, "value": 0.008107193618450928, "supply": [{"l": "Demersal Fish", "v": 0.008107193618450928}]}, {"source": 1, "prod": 6.0, "target": 24, "value": 0.012936520374931725, "supply": [{"l": "Meat, Other", "v": 0.012936520374931725}]}, {"source": 1, "prod": 14.0, "target": 26, "value": 0.039690716754029388, "supply": [{"l": "Mutton & Goat Meat", "v": 0.039690716754029388}]}, {"source": 46, "prod": 1.0, "target": 11, "value": 0.0096278728338247428, "supply": [{"l": "Fats, Animals, Raw", "v": 0.0096278728338247428}]}, {"source": 46, "prod": 2.0, "target": 27, "value": 0.0037413706143152536, "supply": [{"l": "Sweeteners, Other", "v": 0.0037413706143152536}]}, {"source": 46, "prod": 39.0, "target": 6, "value": 0.14607851442657355, "supply": [{"l": "Sugar", "v": 0.14607851442657355}]}, {"source": 46, "prod": 1.0, "target": 30, "value": 0.010277408752278947, "supply": [{"l": "Maize Germ Oil", "v": 0.010277408752278947}]}, {"source": 46, "prod": 2.0, "target": 38, "value": 0.017993964058704306, "supply": [{"l": "Beer", "v": 0.017993964058704306}]}, {"source": 46, "prod": 10.0, "target": 39, "value": 0.089969820293521532, "supply": [{"l": "Beverages, Alcoholic", "v": 0.089969820293521532}]}, {"source": 46, "prod": 9.0, "target": 41, "value": 0.090964642683214289, "supply": [{"l": "Oilcrops Oil, Other", "v": 0.090964642683214289}]}, {"source": 46, "prod": 3.0, "target": 9, "value": 0.025098273674638686, "supply": [{"l": "Butter, Ghee", "v": 0.025098273674638686}]}, {"source": 49, "prod": 0, "target": 19, "value": 0.0025222018909423021, "supply": "[{\"l\":'Energy for power irrigation',\"v\":0.0025222018909423021}]"}, {"source": 49, "prod": 0, "target": 16, "value": 0.003838133312303503, "supply": "[{\"l\":'Energy for power irrigation',\"v\":0.003838133312303503}]"}, {"source": 49, "prod": 0, "target": 4, "value": 0.0019738971320418012, "supply": "[{\"l\":'Energy for power irrigation',\"v\":0.0019738971320418012}]"}, {"source": 49, "prod": 0, "target": 17, "value": 0.0013159314213612009, "supply": "[{\"l\":'Energy for power irrigation',\"v\":0.0013159314213612009}]"}, {"source": 49, "prod": 0, "target": 25, "value": 0.00038381333123035027, "supply": "[{\"l\":'Energy for power irrigation',\"v\":0.00038381333123035027}]"}, {"source": 49, "prod": 0, "target": 46, "value": 0.13131149115958055, "supply": "[{\"l\":'Electricity',\"v\":0.13131149115958055}]"}, {"source": 50, "prod": 0, "target": 49, "value": 0.36224624048033222, "supply": [{"l": "Coal", "v": 0.0}, {"l": "Natural gas", "v": 0.36224624048033222}, {"l": "Oil", "v": 0.0}]}, {"source": 50, "prod": 0, "target": 19, "value": 0.0060421751991566099, "supply": [{"l": "Other fossil fuels", "v": 0.0060421751991566099}]}, {"source": 50, "prod": 0, "target": 16, "value": 0.0091946144334991882, "supply": [{"l": "Other fossil fuels", "v": 0.0091946144334991882}]}, {"source": 50, "prod": 0, "target": 4, "value": 0.0047286588515138683, "supply": [{"l": "Other fossil fuels", "v": 0.0047286588515138683}]}, {"source": 50, "prod": 0, "target": 17, "value": 0.0031524392343425791, "supply": [{"l": "Other fossil fuels", "v": 0.0031524392343425791}]}, {"source": 50, "prod": 0, "target": 25, "value": 0.00091946144334991884, "supply": [{"l": "Other fossil fuels", "v": 0.00091946144334991884}]}, {"source": 51, "prod": 0.10071702019938961, "target": 19, "value": 0.0015774898312398214, "supply": [{"l": "Potash", "v": 0.00019618158839609533}, {"l": "Phosphate", "v": 0.00042083333367000001}, {"l": "Nitrogen", "v": 0.014677777789519999}]}, {"source": 51, "prod": 0.15326503073820158, "target": 16, "value": 0.0024005280040605976, "supply": [{"l": "Potash", "v": 0.00019618158839609533}, {"l": "Phosphate", "v": 0.00042083333367000001}, {"l": "Nitrogen", "v": 0.014677777789519999}]}, {"source": 51, "prod": 0.078822015808217946, "target": 4, "value": 0.0012345572592311644, "supply": [{"l": "Potash", "v": 0.00019618158839609533}, {"l": "Phosphate", "v": 0.00042083333367000001}, {"l": "Nitrogen", "v": 0.014677777789519999}]}, {"source": 51, "prod": 0.052548010538811973, "target": 17, "value": 0.00082303817282077636, "supply": [{"l": "Potash", "v": 0.00019618158839609533}, {"l": "Phosphate", "v": 0.00042083333367000001}, {"l": "Nitrogen", "v": 0.014677777789519999}]}, {"source": 51, "prod": 0.015326503073820158, "target": 25, "value": 0.00024005280040605977, "supply": [{"l": "Potash", "v": 0.00019618158839609533}, {"l": "Phosphate", "v": 0.00042083333367000001}, {"l": "Nitrogen", "v": 0.014677777789519999}]}, {"source": 50, "prod": 0, "target": 51, "value": 0.018208481455414132, "supply": [{"l": "Natural gas (including LNG)", "v": 0.012336554162951929}, {"l": "Fuel oil", "v": 0.0032773190982961194}, {"l": "Liquefied petroleum gas (LPG)", "v": 0.001297304097083041}, {"l": "Coal", "v": 0.001297304097083041}]}, {"source": 52, "prod": 0, "target": 10, "value": 2.693848344918705e-05, "supply": "[{\"l\":'Labor',\"v\":2.693848344918705e-05}]"}, {"source": 52, "prod": 0, "target": 4, "value": 0.0009697854041707338, "supply": "[{\"l\":'Labor',\"v\":0.0009697854041707338}]"}, {"source": 52, "prod": 0, "target": 7, "value": 2.693848344918705e-05, "supply": "[{\"l\":'Labor',\"v\":2.693848344918705e-05}]"}, {"source": 52, "prod": 0, "target": 2, "value": 8.0815450347561154e-05, "supply": "[{\"l\":'Labor',\"v\":8.0815450347561154e-05}]"}, {"source": 52, "prod": 0, "target": 8, "value": 0.0015624320400528489, "supply": "[{\"l\":'Labor',\"v\":0.0015624320400528489}]"}, {"source": 52, "prod": 0, "target": 17, "value": 0.00064652360278048924, "supply": "[{\"l\":'Labor',\"v\":0.00064652360278048924}]"}, {"source": 52, "prod": 0, "target": 12, "value": 5.3876966898374101e-05, "supply": "[{\"l\":'Labor',\"v\":5.3876966898374101e-05}]"}, {"source": 52, "prod": 0, "target": 13, "value": 0.0028016022787154533, "supply": "[{\"l\":'Labor',\"v\":0.0028016022787154533}]"}, {"source": 52, "prod": 0, "target": 14, "value": 2.693848344918705e-05, "supply": "[{\"l\":'Labor',\"v\":2.693848344918705e-05}]"}, {"source": 52, "prod": 0, "target": 16, "value": 0.0018856938414430937, "supply": "[{\"l\":'Labor',\"v\":0.0018856938414430937}]"}, {"source": 52, "prod": 0, "target": 18, "value": 5.3876966898374101e-05, "supply": "[{\"l\":'Labor',\"v\":5.3876966898374101e-05}]"}, {"source": 52, "prod": 0, "target": 19, "value": 0.0012391702386626044, "supply": "[{\"l\":'Labor',\"v\":0.0012391702386626044}]"}, {"source": 52, "prod": 0, "target": 20, "value": 2.693848344918705e-05, "supply": "[{\"l\":'Labor',\"v\":2.693848344918705e-05}]"}, {"source": 52, "prod": 0, "target": 0, "value": 0.00035020028483943166, "supply": "[{\"l\":'Labor',\"v\":0.00035020028483943166}]"}, {"source": 52, "prod": 0, "target": 22, "value": 0.00016163090069512231, "supply": "[{\"l\":'Labor',\"v\":0.00016163090069512231}]"}, {"source": 52, "prod": 0, "target": 25, "value": 0.00018856938414430936, "supply": "[{\"l\":'Labor',\"v\":0.00018856938414430936}]"}, {"source": 52, "prod": 0, "target": 29, "value": 0.00045795421863617985, "supply": "[{\"l\":'Labor',\"v\":0.00045795421863617985}]"}, {"source": 52, "prod": 0, "target": 42, "value": 5.3876966898374101e-05, "supply": "[{\"l\":'Labor',\"v\":5.3876966898374101e-05}]"}, {"source": 52, "prod": 0, "target": 31, "value": 0.00016163090069512231, "supply": "[{\"l\":'Labor',\"v\":0.00016163090069512231}]"}, {"source": 52, "prod": 0, "target": 3, "value": 0.00059264663588211514, "supply": "[{\"l\":'Labor',\"v\":0.00059264663588211514}]"}, {"source": 52, "prod": 0, "target": 35, "value": 0.00037713876828861871, "supply": "[{\"l\":'Labor',\"v\":0.00037713876828861871}]"}, {"source": 52, "prod": 0, "target": 36, "value": 0.00026938483449187052, "supply": "[{\"l\":'Labor',\"v\":0.00026938483449187052}]"}, {"source": 50, "prod": 0, "target": 45, "value": 0.45499414048643094, "supply": "[{\"l\":'Fossil Fuels',\"v\":0.45499414048643094}]"}]}