{"nodes": [{"layer": 5, "name": "Cereals", "fill": "#e7ba52"}, {"layer": 10, "name": "Feed", "fill": "#dbdb8d"}, {"layer": 13, "name": "Other Processed", "fill": "#9c9ede"}, {"layer": 16, "name": "Food", "fill": "#b5cf6b"}, {"layer": 13, "name": "Animal Products", "fill": "#17becf"}, {"layer": 5, "name": "Oilcrops", "fill": "#ff9896"}, {"layer": 13, "name": "Sugar", "fill": "#d6616b"}, {"layer": 5, "name": "Starchy Roots"}, {"layer": 5, "name": "Fruits & Vegetables"}, {"layer": 5, "name": "Others"}, {"layer": 13, "name": "Aquatic Products", "fill": "#1f77b4"}, {"layer": 16, "name": "Biofuels & Other", "fill": "#e7ba52"}, {"layer": 13, "name": "Vegetable Oils", "fill": "#f7b6d2"}, {"name": "Waste", "fill": "#c7c7c7"}, {"layer": 2, "name": "Import", "fill": "#aec7e8"}, {"layer": 10, "name": "Processing", "fill": "#9edae5"}, {"layer": 16, "name": "Export", "fill": "#aec7e8"}, {"layer": 16, "name": "Stock Deposit", "fill": "#c7c7c7"}, {"layer": 0, "name": "Stock Draw", "fill": "#c7c7c7"}, {"name": "Crop Residue", "fill": "#bd9e39"}, {"layer": 2, "name": "Electricity", "fill": "#bcbd22"}, {"layer": 0, "name": "Fossil Fuels", "fill": "#c49c94"}, {"layer": 2, "name": "Fertilizers", "fill": "#c5b0d5"}, {"layer": 0, "name": "Labor", "fill": "#7f7f7f"}], "links": [{"source": 0, "prod": 4.0, "target": 1, "value": 0.01357454487040009, "supply": [{"l": "Barley", "v": 0.01357454487040009}]}, {"source": 2, "prod": 7.0, "target": 3, "value": 0.060000414071193747, "supply": [{"l": "Fats, Animals, Raw", "v": 0.009988274490705884}, {"l": "Butter, Ghee", "v": 0.050012139580487863}]}, {"source": 4, "prod": 79.0, "target": 3, "value": 0.09014555504211412, "supply": [{"l": "Milk - Excluding Butter", "v": 0.040321745976756279}, {"l": "Meat, Other", "v": 0.012381298587437502}, {"l": "Mutton & Goat Meat", "v": 0.018154480464807495}, {"l": "Bovine Meat", "v": 0.0078369538311692313}, {"l": "Eggs", "v": 0.003188744907830986}, {"l": "Poultry Meat", "v": 0.0056600222113999997}, {"l": "Offals, Edible", "v": 0.0026023090627126438}]}, {"source": 0, "prod": 73.0, "target": 3, "value": 0.26099917198376876, "supply": [{"l": "Cereals, Other", "v": 0.004981397099318878}, {"l": "Rice", "v": 0.07954869156924875}, {"l": "Wheat", "v": 0.17646908331520117}]}, {"source": 5, "prod": 1.0, "target": 3, "value": 0.0015848062191919999, "supply": [{"l": "Coconuts - Incl Copra", "v": 0.0015848062191919999}]}, {"source": 6, "prod": 18.0, "target": 3, "value": 0.051467167487799316, "supply": [{"l": "Sugar", "v": 0.049769160824379315}, {"l": "Sweeteners, Other", "v": 0.0016980066634200003}]}, {"source": 7, "prod": 3.0, "target": 3, "value": 0.0023729906786925463, "supply": [{"l": "Potatoes", "v": 0.0023729906786925463}]}, {"source": 8, "prod": 78.0, "target": 3, "value": 0.046349063380609949, "supply": [{"l": "Dates", "v": 0.01081947142778064}, {"l": "Fruits, Other", "v": 0.017118558954655437}, {"l": "Pulses, Other", "v": 0.004025446831383621}, {"l": "Lemons, Limes", "v": 0.00055450145031857778}, {"l": "Tomatoes", "v": 0.002639549495074982}, {"l": "Bananas", "v": 0.0028779773956271186}, {"l": "Vegetables, Other", "v": 0.0038270072371151061}, {"l": "Oranges, Mandarines", "v": 0.0016309562402113129}, {"l": "Onions", "v": 0.0017836204447689076}, {"l": "Apples", "v": 0.0010719739036742426}]}, {"source": 9, "prod": 2.0, "target": 3, "value": 0.001027849069866828, "supply": [{"l": "Coffee", "v": 0.001027849069866828}]}, {"source": 10, "prod": 14.0, "target": 3, "value": 0.0096780357027134757, "supply": [{"l": "Pelagic Fish", "v": 0.0049639307700786285}, {"l": "Fish, Seafood", "v": 0.0047141049326348463}]}, {"source": 2, "prod": 7.0, "target": 11, "value": 0.064132708806088512, "supply": [{"l": "Beverages, Alcoholic", "v": 0.064132708806088512}]}, {"source": 4, "prod": 1.0, "target": 11, "value": 0.0025934972092582138, "supply": [{"l": "Mutton & Goat Meat", "v": 0.0025934972092582138}]}, {"source": 0, "prod": 9.0, "target": 11, "value": 0.035301548095720725, "supply": [{"l": "Wheat", "v": 0.010180908652800066}, {"l": "Rice", "v": 0.025120639442920662}]}, {"source": 6, "prod": 10.0, "target": 11, "value": 0.029275976955517247, "supply": [{"l": "Sugar", "v": 0.029275976955517247}]}, {"source": 8, "prod": 18.0, "target": 11, "value": 0.019685635603948384, "supply": [{"l": "Dates", "v": 0.01442596190370752}, {"l": "Vegetables, Other", "v": 0.00027335765979393618}, {"l": "Fruits, Other", "v": 0.00472236109093943}, {"l": "Tomatoes", "v": 0.00026395494950749824}]}, {"source": 9, "prod": 4.0, "target": 11, "value": 0.0062266520288568033, "supply": [{"l": "Spices, Other", "v": 0.0050364604423474577}, {"l": "Tea", "v": 0.0011901915865093456}]}, {"source": 10, "prod": 40.0, "target": 11, "value": 0.028105701764390471, "supply": [{"l": "Pelagic Fish", "v": 0.006382196704386809}, {"l": "Marine Fish, Other", "v": 0.0035873380213098595}, {"l": "Fish, Seafood", "v": 0.013468871236099564}, {"l": "Demersal Fish", "v": 0.0046672958025942403}]}, {"source": 12, "prod": 1.0, "target": 11, "value": 0.0096477651330681823, "supply": [{"l": "Oilcrops Oil, Other", "v": 0.0096477651330681823}]}, {"source": 2, "prod": 1.0, "target": 13, "value": 0.0083353565967479778, "supply": [{"l": "Butter, Ghee", "v": 0.0083353565967479778}]}, {"source": 8, "prod": 8.0, "target": 13, "value": 0.0044245875285413858, "supply": [{"l": "Dates", "v": 0.0018032452379634399}, {"l": "Fruits, Other", "v": 0.0011805902727348575}, {"l": "Vegetables, Other", "v": 0.00082007297938180854}, {"l": "Onions", "v": 0.00035672408895378151}, {"l": "Tomatoes", "v": 0.00026395494950749824}]}, {"source": 4, "prod": 2.0, "target": 13, "value": 0.0033266198633810553, "supply": [{"l": "Milk - Excluding Butter", "v": 0.0007331226541228414}, {"l": "Mutton & Goat Meat", "v": 0.0025934972092582138}]}, {"source": 0, "prod": 6.0, "target": 13, "value": 0.022741228374260396, "supply": [{"l": "Rice", "v": 0.012560319721460331}, {"l": "Wheat", "v": 0.010180908652800066}]}, {"source": 14, "prod": 7.0, "target": 9, "value": 0.0076512316275600799, "supply": [{"l": "Coffee", "v": 0.001027849069866828}, {"l": "Spices, Other", "v": 0.0050364604423474577}, {"l": "Tea", "v": 0.0015869221153457943}]}, {"source": 14, "prod": 48.0, "target": 1, "value": 0.047729961024654724, "supply": [{"l": "Milk - Excluding Butter", "v": 0.027858660856667973}, {"l": "Meat, Other", "v": 0.0020635497645729163}, {"l": "Mutton & Goat Meat", "v": 0.010373988837032855}, {"l": "Eggs", "v": 0.003188744907830986}, {"l": "Poultry Meat", "v": 0.00424501665855}]}, {"source": 14, "prod": 42.0, "target": 15, "value": 0.20453575796296111, "supply": [{"l": "Sugar", "v": 0.079045137779896565}, {"l": "Beverages, Alcoholic", "v": 0.064132708806088512}, {"l": "Oilcrops Oil, Other", "v": 0.0096477651330681823}, {"l": "Sweeteners, Other", "v": 0.0016980066634200003}, {"l": "Butter, Ghee", "v": 0.050012139580487863}]}, {"source": 14, "prod": 97.0, "target": 0, "value": 0.35355035952658392, "supply": [{"l": "Rice", "v": 0.13816351693606363}, {"l": "Cereals, Other", "v": 0.004981397099318878}, {"l": "Wheat", "v": 0.1968309006208013}, {"l": "Barley", "v": 0.01357454487040009}]}, {"source": 14, "prod": 78.0, "target": 8, "value": 0.04511396271431771, "supply": [{"l": "Dates", "v": 0.0054097357138903198}, {"l": "Fruits, Other", "v": 0.022431215181962293}, {"l": "Apples", "v": 0.0010719739036742426}, {"l": "Tomatoes", "v": 0.0021116395960599859}, {"l": "Bananas", "v": 0.0028779773956271186}, {"l": "Vegetables, Other", "v": 0.0030069342577332975}, {"l": "Oranges, Mandarines", "v": 0.0020386953002641409}, {"l": "Pulses, Other", "v": 0.004025446831383621}, {"l": "Onions", "v": 0.0021403445337226891}]}, {"source": 14, "prod": 2.0, "target": 5, "value": 0.0031696124383839997, "supply": [{"l": "Coconuts - Incl Copra", "v": 0.0031696124383839997}]}, {"source": 14, "prod": 4.0, "target": 7, "value": 0.0031639875715900622, "supply": [{"l": "Potatoes", "v": 0.0031639875715900622}]}, {"source": 10, "prod": 32.0, "target": 16, "value": 0.022121224463345086, "supply": [{"l": "Fish, Seafood", "v": 0.010775096988879651}, {"l": "Pelagic Fish", "v": 0.011346127474465437}]}, {"source": 0, "prod": 10.0, "target": 16, "value": 0.041867732404867769, "supply": [{"l": "Rice", "v": 0.041867732404867769}]}, {"source": 6, "prod": 1.0, "target": 17, "value": 0.002927597695551724, "supply": [{"l": "Sugar", "v": 0.002927597695551724}]}, {"source": 18, "prod": 5.0, "target": 0, "value": 0.020933866202433885, "supply": [{"l": "Rice", "v": 0.020933866202433885}]}, {"source": 1, "prod": 86.0, "target": 10, "value": 0.059904961930449037, "supply": [{"l": "Demersal Fish", "v": 0.0046672958025942403}, {"l": "Pelagic Fish", "v": 0.022692254948930873}, {"l": "Marine Fish, Other", "v": 0.0035873380213098595}, {"l": "Fish, Seafood", "v": 0.028958073157614062}]}, {"source": 1, "prod": 82.0, "target": 4, "value": 0.096065672114753378, "supply": [{"l": "Poultry Meat", "v": 0.0056600222113999997}, {"l": "Bovine Meat", "v": 0.0078369538311692313}, {"l": "Eggs", "v": 0.003188744907830986}, {"l": "Milk - Excluding Butter", "v": 0.041054868630879121}, {"l": "Offals, Edible", "v": 0.0026023090627126438}, {"l": "Meat, Other", "v": 0.012381298587437502}, {"l": "Mutton & Goat Meat", "v": 0.023341474883323925}]}, {"source": 15, "prod": 15.0, "target": 2, "value": 0.13246847947403023, "supply": [{"l": "Fats, Animals, Raw", "v": 0.009988274490705884}, {"l": "Beverages, Alcoholic", "v": 0.064132708806088512}, {"l": "Butter, Ghee", "v": 0.058347496177235843}]}, {"source": 15, "prod": 1.0, "target": 12, "value": 0.0096477651330681823, "supply": [{"l": "Oilcrops Oil, Other", "v": 0.0096477651330681823}]}, {"source": 15, "prod": 29.0, "target": 6, "value": 0.083670742138868284, "supply": [{"l": "Sweeteners, Other", "v": 0.0016980066634200003}, {"l": "Sugar", "v": 0.081972735475448283}]}, {"source": 7, "prod": 0.75, "target": 19, "value": 0.0026149999949999997, "supply": [{"l": "Potatoes", "v": 0.0026149999949999997}]}, {"source": 8, "prod": 65.0, "target": 19, "value": 0.3070719115979676, "supply": [{"l": "Tomatoes", "v": 0.027893333279999998}, {"l": "Vegetables, Other", "v": 0.043583333249999995}, {"l": "Pulses, Other", "v": 0.0017433333300000003}, {"l": "Onions", "v": 0.010459999979999999}]}, {"source": 0, "prod": 102.0, "target": 19, "value": 0.38475003825503484, "supply": [{"l": "Barley", "v": 0.013946666640000001}, {"l": "Rice", "v": 0.13249333308000003}, {"l": "Wheat", "v": 0.20222666628000005}, {"l": "Cereals, Other", "v": 0.0069733333200000004}]}, {"source": 5, "prod": 0.5, "target": 19, "value": 0.00068087267394849782, "supply": [{"l": "Coconuts - Incl Copra", "v": 0.0017433333299999999}]}, {"source": 20, "prod": 0, "target": 8, "value": 0.01782211821107953, "supply": "[{\"l\":'Energy for power irrigation',\"v\":0.01782211821107953}]"}, {"source": 20, "prod": 0, "target": 15, "value": 0.17814645836563173, "supply": "[{\"l\":'Electricity',\"v\":0.17814645836563173}]"}, {"source": 21, "prod": 0, "target": 20, "value": 0.49918822885427078, "supply": [{"l": "Coal", "v": 0.0}, {"l": "Natural gas", "v": 0.49918822885427078}, {"l": "Oil", "v": 0.0}]}, {"source": 21, "prod": 0, "target": 8, "value": 0.016305204265936724, "supply": [{"l": "Other fossil fuels", "v": 0.016305204265936724}]}, {"source": 22, "prod": 0.2847107438016529, "target": 8, "value": 0.0049507497743921875, "supply": [{"l": "Potash", "v": 2.0511111127519998e-05}, {"l": "Phosphate", "v": 0.0001136250000909}, {"l": "Nitrogen", "v": 0.0090818750072654986}]}, {"source": 21, "prod": 0, "target": 22, "value": 0.010876625338310344, "supply": [{"l": "Natural gas (including LNG)", "v": 0.0073968808259297905}, {"l": "Fuel oil", "v": 0.0018743306922402898}, {"l": "Liquefied petroleum gas (LPG)", "v": 0.0008027069100701316}, {"l": "Coal", "v": 0.0008027069100701316}]}, {"source": 23, "prod": 0, "target": 0, "value": 0.0038693935423723029, "supply": "[{\"l\":'Labor',\"v\":0.0038693935423723029}]"}, {"source": 23, "prod": 0, "target": 5, "value": 3.7935230807571598e-05, "supply": "[{\"l\":'Labor',\"v\":3.7935230807571598e-05}]"}, {"source": 23, "prod": 0, "target": 7, "value": 0.0001138056924227148, "supply": "[{\"l\":'Labor',\"v\":0.0001138056924227148}]"}, {"source": 23, "prod": 0, "target": 8, "value": 0.0049315800049843077, "supply": "[{\"l\":'Labor',\"v\":0.0049315800049843077}]"}, {"source": 23, "prod": 0, "target": 9, "value": 0.0002276113848454296, "supply": "[{\"l\":'Labor',\"v\":0.0002276113848454296}]"}, {"source": 21, "prod": 0, "target": 14, "value": 0.075151228229697553, "supply": "[{\"l\":'Fossil Fuels',\"v\":0.075151228229697553}]"}]}