{"nodes": [{"layer": 5, "name": "Starchy Roots"}, {"layer": 10, "name": "Feed", "fill": "#dbdb8d"}, {"layer": 5, "name": "Cereals - Excluding Beer"}, {"layer": 5, "name": "Fruits - Excluding Wine"}, {"layer": 13, "name": "Milk - Excluding Butter"}, {"layer": 16, "name": "Food", "fill": "#b5cf6b"}, {"layer": 13, "name": "Meat"}, {"layer": 5, "name": "Treenuts"}, {"layer": 5, "name": "Vegetables"}, {"layer": 5, "name": "Others"}, {"layer": 13, "name": "Animal Fats"}, {"layer": 5, "name": "Pulses"}, {"layer": 13, "name": "Fish, Seafood"}, {"layer": 13, "name": "Sugar & Sweeteners"}, {"layer": 13, "name": "Vegetable Oils", "fill": "#f7b6d2"}, {"layer": 5, "name": "Spices"}, {"layer": 5, "name": "Stimulants"}, {"layer": 13, "name": "Eggs"}, {"layer": 5, "name": "Oilcrops", "fill": "#ff9896"}, {"layer": 16, "name": "Biofuels & Other", "fill": "#e7ba52"}, {"layer": 13, "name": "Alcoholic Beverages"}, {"name": "Waste", "fill": "#c7c7c7"}, {"layer": 0, "name": "Import", "fill": "#aec7e8"}, {"layer": 10, "name": "Processing", "fill": "#9edae5"}, {"layer": 16, "name": "Export", "fill": "#aec7e8"}, {"layer": 0, "name": "Stock Draw", "fill": "#c7c7c7"}, {"layer": 0, "name": "Production", "fill": "#b5cf6b"}], "links": [{"source": 0, "prod": 0.0007775810704263908, "target": 1, "value": 1.0, "supply": [{"l": "Potatoes", "v": 1.0}]}, {"source": 2, "prod": 0.018539290247741126, "target": 1, "value": 6.0, "supply": [{"l": "Barley", "v": 6.0}]}, {"source": 3, "prod": 0.00039042795354556862, "target": 1, "value": 1.0, "supply": [{"l": "Oranges, Mandarines", "v": 1.0}]}, {"source": 4, "prod": 0.091503459206994209, "target": 5, "value": 126.0, "supply": [{"l": "Milk - Excluding Butter", "v": 126.0}]}, {"source": 6, "prod": 0.10083353512999407, "target": 5, "value": 48.0, "supply": [{"l": "Meat, Other", "v": 5.0}, {"l": "Mutton & Goat Meat", "v": 16.0}, {"l": "Poultry Meat", "v": 22.0}, {"l": "Offals, Edible", "v": 1.0}, {"l": "Bovine Meat", "v": 4.0}]}, {"source": 7, "prod": 0.0023729906786925468, "target": 5, "value": 1.0, "supply": [{"l": "Treenuts", "v": 1.0}]}, {"source": 8, "prod": 0.030642902830241434, "target": 5, "value": 103.0, "supply": [{"l": "Tomatoes", "v": 28.0}, {"l": "Vegetables, Other", "v": 56.0}, {"l": "Onions", "v": 19.0}]}, {"source": 9, "prod": 0.0031574504071859512, "target": 5, "value": 1.0, "supply": [{"l": "Nuts", "v": 1.0}]}, {"source": 10, "prod": 0.041617810377941183, "target": 5, "value": 5.0, "supply": [{"l": "Butter, Ghee", "v": 5.0}]}, {"source": 0, "prod": 0.0069982296338375171, "target": 5, "value": 9.0, "supply": [{"l": "Potatoes", "v": 9.0}]}, {"source": 2, "prod": 0.27448798936526375, "target": 5, "value": 75.0, "supply": [{"l": "Cereals, Other", "v": 2.0}, {"l": "Wheat", "v": 47.0}, {"l": "Rice", "v": 26.0}]}, {"source": 11, "prod": 0.031714835201067777, "target": 5, "value": 8.0, "supply": [{"l": "Pulses, Other", "v": 8.0}]}, {"source": 12, "prod": 0.015165265949899837, "target": 5, "value": 24.0, "supply": [{"l": "Pelagic Fish", "v": 12.0}, {"l": "Fish, Seafood", "v": 12.0}]}, {"source": 13, "prod": 0.080577554800989493, "target": 5, "value": 23.0, "supply": [{"l": "Sugar", "v": 20.0}, {"l": "Sweeteners, Other", "v": 3.0}]}, {"source": 3, "prod": 0.067670253873025707, "target": 5, "value": 109.0, "supply": [{"l": "Dates", "v": 9.0}, {"l": "Grapes", "v": 2.0}, {"l": "Citrus, Other", "v": 2.0}, {"l": "Lemons, Limes", "v": 3.0}, {"l": "Pineapples", "v": 1.0}, {"l": "Bananas", "v": 24.0}, {"l": "Fruits, Other", "v": 44.0}, {"l": "Oranges, Mandarines", "v": 15.0}, {"l": "Apples", "v": 9.0}]}, {"source": 14, "prod": 0.030664509037863323, "target": 5, "value": 3.0, "supply": [{"l": "Olive Oil", "v": 1.0}, {"l": "Maize Germ Oil", "v": 2.0}]}, {"source": 15, "prod": 0.0051144779018674705, "target": 5, "value": 1.0, "supply": [{"l": "Spices, Other", "v": 1.0}]}, {"source": 16, "prod": 0.0016899075672451845, "target": 5, "value": 3.0, "supply": [{"l": "Coffee", "v": 2.0}, {"l": "Tea", "v": 1.0}]}, {"source": 17, "prod": 0.016116858613542472, "target": 5, "value": 10.0, "supply": [{"l": "Eggs", "v": 10.0}]}, {"source": 18, "prod": 0.0092301047815680701, "target": 5, "value": 6.0, "supply": [{"l": "Coconuts - Incl Copra", "v": 6.0}]}, {"source": 6, "prod": 0.0029287453230294001, "target": 19, "value": 1.0, "supply": [{"l": "Mutton & Goat Meat", "v": 1.0}]}, {"source": 13, "prod": 0.014982411736058824, "target": 19, "value": 4.0, "supply": [{"l": "Sugar", "v": 4.0}]}, {"source": 16, "prod": 0.004306538639108696, "target": 19, "value": 7.0, "supply": [{"l": "Tea", "v": 7.0}]}, {"source": 8, "prod": 0.0011130729293962968, "target": 19, "value": 4.0, "supply": [{"l": "Tomatoes", "v": 2.0}, {"l": "Vegetables, Other", "v": 2.0}]}, {"source": 0, "prod": 0.0007775810704263908, "target": 19, "value": 1.0, "supply": [{"l": "Potatoes", "v": 1.0}]}, {"source": 11, "prod": 0.0039643544001334722, "target": 19, "value": 1.0, "supply": [{"l": "Pulses, Other", "v": 1.0}]}, {"source": 12, "prod": 0.072862203181010499, "target": 19, "value": 104.0, "supply": [{"l": "Fish, Seafood", "v": 52.0}, {"l": "Pelagic Fish", "v": 35.0}, {"l": "Demersal Fish", "v": 11.0}, {"l": "Marine Fish, Other", "v": 6.0}]}, {"source": 20, "prod": 0.12683828055184845, "target": 19, "value": 14.0, "supply": [{"l": "Beer", "v": 3.0}, {"l": "Beverages, Alcoholic", "v": 11.0}]}, {"source": 3, "prod": 0.037843795661987867, "target": 19, "value": 32.0, "supply": [{"l": "Dates", "v": 17.0}, {"l": "Fruits, Other", "v": 11.0}, {"l": "Bananas", "v": 1.0}, {"l": "Oranges, Mandarines", "v": 2.0}, {"l": "Apples", "v": 1.0}]}, {"source": 14, "prod": 0.12164823857337312, "target": 19, "value": 12.0, "supply": [{"l": "Oilcrops Oil, Other", "v": 12.0}]}, {"source": 15, "prod": 0.010228955803734941, "target": 19, "value": 2.0, "supply": [{"l": "Spices, Other", "v": 2.0}]}, {"source": 2, "prod": 0.25183808671757896, "target": 19, "value": 72.0, "supply": [{"l": "Rice", "v": 8.0}, {"l": "Wheat", "v": 64.0}]}, {"source": 18, "prod": 0.0015383507969280116, "target": 19, "value": 1.0, "supply": [{"l": "Coconuts - Incl Copra", "v": 1.0}]}, {"source": 4, "prod": 0.00072621793021423976, "target": 21, "value": 1.0, "supply": [{"l": "Milk - Excluding Butter", "v": 1.0}]}, {"source": 6, "prod": 0.0029287453230294001, "target": 21, "value": 1.0, "supply": [{"l": "Mutton & Goat Meat", "v": 1.0}]}, {"source": 8, "prod": 0.0051121065686430874, "target": 21, "value": 17.0, "supply": [{"l": "Vegetables, Other", "v": 14.0}, {"l": "Onions", "v": 2.0}, {"l": "Tomatoes", "v": 1.0}]}, {"source": 10, "prod": 0.0083235620755882367, "target": 21, "value": 1.0, "supply": [{"l": "Butter, Ghee", "v": 1.0}]}, {"source": 0, "prod": 0.0007775810704263908, "target": 21, "value": 1.0, "supply": [{"l": "Potatoes", "v": 1.0}]}, {"source": 11, "prod": 0.0039643544001334722, "target": 21, "value": 1.0, "supply": [{"l": "Pulses, Other", "v": 1.0}]}, {"source": 2, "prod": 0.048238026893769936, "target": 21, "value": 13.0, "supply": [{"l": "Wheat", "v": 8.0}, {"l": "Rice", "v": 5.0}]}, {"source": 3, "prod": 0.0045957668967140921, "target": 21, "value": 7.0, "supply": [{"l": "Dates", "v": 1.0}, {"l": "Bananas", "v": 1.0}, {"l": "Fruits, Other", "v": 1.0}, {"l": "Citrus, Other", "v": 1.0}, {"l": "Oranges, Mandarines", "v": 2.0}, {"l": "Apples", "v": 1.0}]}, {"source": 22, "prod": 0.0031574504071859512, "target": 9, "value": 1.0, "supply": [{"l": "Nuts", "v": 1.0}]}, {"source": 22, "prod": 0.18179499548339667, "target": 1, "value": 164.0, "supply": [{"l": "Milk - Excluding Butter", "v": 114.0}, {"l": "Meat, Other", "v": 2.0}, {"l": "Mutton & Goat Meat", "v": 14.0}, {"l": "Poultry Meat", "v": 22.0}, {"l": "Bovine Meat", "v": 3.0}, {"l": "Eggs", "v": 9.0}]}, {"source": 22, "prod": 0.65871538005226726, "target": 2, "value": 182.0, "supply": [{"l": "Maize", "v": 1.0}, {"l": "Rice", "v": 54.0}, {"l": "Cereals, Other", "v": 2.0}, {"l": "Wheat", "v": 119.0}, {"l": "Barley", "v": 6.0}]}, {"source": 22, "prod": 0.035679189601201242, "target": 11, "value": 9.0, "supply": [{"l": "Pulses, Other", "v": 9.0}]}, {"source": 22, "prod": 0.42355291156606628, "target": 23, "value": 60.0, "supply": [{"l": "Olive Oil", "v": 1.0}, {"l": "Sugar", "v": 21.0}, {"l": "Beer", "v": 3.0}, {"l": "Beverages, Alcoholic", "v": 11.0}, {"l": "Oilcrops Oil, Other", "v": 13.0}, {"l": "Sweeteners, Other", "v": 3.0}, {"l": "Butter, Ghee", "v": 6.0}, {"l": "Maize Germ Oil", "v": 2.0}]}, {"source": 22, "prod": 0.0023729906786925468, "target": 7, "value": 1.0, "supply": [{"l": "Treenuts", "v": 1.0}]}, {"source": 22, "prod": 0.028471340850791241, "target": 8, "value": 95.0, "supply": [{"l": "Tomatoes", "v": 26.0}, {"l": "Vegetables, Other", "v": 48.0}, {"l": "Onions", "v": 21.0}]}, {"source": 22, "prod": 0.015746511986035775, "target": 16, "value": 13.0, "supply": [{"l": "Cocoa Beans", "v": 1.0}, {"l": "Coffee", "v": 3.0}, {"l": "Tea", "v": 9.0}]}, {"source": 22, "prod": 0.066517767684646942, "target": 3, "value": 126.0, "supply": [{"l": "Dates", "v": 1.0}, {"l": "Grapes", "v": 3.0}, {"l": "Citrus, Other", "v": 3.0}, {"l": "Apples", "v": 13.0}, {"l": "Pineapples", "v": 1.0}, {"l": "Bananas", "v": 28.0}, {"l": "Fruits, Other", "v": 56.0}, {"l": "Oranges, Mandarines", "v": 21.0}]}, {"source": 22, "prod": 0.010768455578496081, "target": 18, "value": 7.0, "supply": [{"l": "Coconuts - Incl Copra", "v": 7.0}]}, {"source": 22, "prod": 0.015343433705602412, "target": 15, "value": 3.0, "supply": [{"l": "Spices, Other", "v": 3.0}]}, {"source": 22, "prod": 0.01010855391554308, "target": 0, "value": 13.0, "supply": [{"l": "Potatoes", "v": 13.0}]}, {"source": 4, "prod": 0.0014524358604284795, "target": 24, "value": 2.0, "supply": [{"l": "Milk - Excluding Butter", "v": 2.0}]}, {"source": 2, "prod": 0.062843497702772144, "target": 24, "value": 15.0, "supply": [{"l": "Rice", "v": 15.0}]}, {"source": 8, "prod": 0.00059095359515777264, "target": 24, "value": 2.0, "supply": [{"l": "Vegetables, Other", "v": 2.0}]}, {"source": 3, "prod": 0.0016553564760717126, "target": 24, "value": 3.0, "supply": [{"l": "Bananas", "v": 1.0}, {"l": "Oranges, Mandarines", "v": 1.0}, {"l": "Apples", "v": 1.0}]}, {"source": 25, "prod": 0.01123680880204412, "target": 23, "value": 3.0, "supply": [{"l": "Sugar", "v": 3.0}]}, {"source": 26, "prod": 0.0098052912044647653, "target": 8, "value": 34.0, "supply": [{"l": "Vegetables, Other", "v": 27.0}, {"l": "Tomatoes", "v": 7.0}]}, {"source": 26, "prod": 0.048617494732086874, "target": 3, "value": 32.0, "supply": [{"l": "Dates", "v": 26.0}, {"l": "Fruits, Other", "v": 2.0}, {"l": "Lemons, Limes", "v": 4.0}]}, {"source": 1, "prod": 0.093682112997636929, "target": 4, "value": 129.0, "supply": [{"l": "Milk - Excluding Butter", "v": 129.0}]}, {"source": 1, "prod": 0.016116858613542472, "target": 17, "value": 10.0, "supply": [{"l": "Eggs", "v": 10.0}]}, {"source": 1, "prod": 0.10669102577605288, "target": 6, "value": 50.0, "supply": [{"l": "Poultry Meat", "v": 22.0}, {"l": "Bovine Meat", "v": 4.0}, {"l": "Meat, Other", "v": 5.0}, {"l": "Offals, Edible", "v": 1.0}, {"l": "Mutton & Goat Meat", "v": 18.0}]}, {"source": 1, "prod": 0.088027469130910335, "target": 12, "value": 128.0, "supply": [{"l": "Marine Fish, Other", "v": 6.0}, {"l": "Pelagic Fish", "v": 47.0}, {"l": "Demersal Fish", "v": 11.0}, {"l": "Fish, Seafood", "v": 64.0}]}, {"source": 23, "prod": 0.095559966537048319, "target": 13, "value": 27.0, "supply": [{"l": "Sweeteners, Other", "v": 3.0}, {"l": "Sugar", "v": 24.0}]}, {"source": 23, "prod": 0.15231274761123645, "target": 14, "value": 15.0, "supply": [{"l": "Olive Oil", "v": 1.0}, {"l": "Maize Germ Oil", "v": 2.0}, {"l": "Oilcrops Oil, Other", "v": 12.0}]}, {"source": 23, "prod": 0.12683828055184845, "target": 20, "value": 14.0, "supply": [{"l": "Beer", "v": 3.0}, {"l": "Beverages, Alcoholic", "v": 11.0}]}, {"source": 23, "prod": 0.04994137245352942, "target": 10, "value": 6.0, "supply": [{"l": "Butter, Ghee", "v": 6.0}]}]}