{"nodes": [{"layer": 5, "name": "Dates"}, {"layer": 16, "name": "Food", "fill": "#b5cf6b"}, {"layer": 5, "name": "Lemons, Limes"}, {"layer": 5, "name": "Wheat"}, {"layer": 13, "name": "Sugar", "fill": "#d6616b"}, {"layer": 13, "name": "Milk - Excluding Butter"}, {"layer": 13, "name": "Offals, Edible"}, {"layer": 13, "name": "Marine Fish, Other"}, {"layer": 13, "name": "Fish, Seafood"}, {"layer": 13, "name": "Meat, Other"}, {"layer": 5, "name": "Rice"}, {"layer": 13, "name": "Butter, Ghee"}, {"layer": 5, "name": "Tomatoes"}, {"layer": 13, "name": "Mutton & Goat Meat"}, {"layer": 16, "name": "Biofuels & Other", "fill": "#e7ba52"}, {"layer": 13, "name": "Pelagic Fish"}, {"layer": 13, "name": "Demersal Fish"}, {"name": "Waste", "fill": "#c7c7c7"}, {"layer": 2, "name": "Import", "fill": "#aec7e8"}, {"layer": 10, "name": "Processing", "fill": "#9edae5"}, {"layer": 16, "name": "Stock Deposit", "fill": "#c7c7c7"}, {"layer": 10, "name": "Feed", "fill": "#dbdb8d"}, {"name": "Crop Residue", "fill": "#bd9e39"}, {"layer": 2, "name": "Electricity", "fill": "#bcbd22"}, {"layer": 0, "name": "Fossil Fuels", "fill": "#c49c94"}, {"layer": 2, "name": "Fertilizers", "fill": "#c5b0d5"}, {"layer": 0, "name": "Labor", "fill": "#7f7f7f"}], "links": [{"source": 0, "prod": 2.0, "target": 1, "value": 0.0036393980729698587, "supply": [{"l": "Dates", "v": 0.0036393980729698587}]}, {"source": 2, "prod": 2.0, "target": 1, "value": 0.000355529033379397, "supply": [{"l": "Lemons, Limes", "v": 0.000355529033379397}]}, {"source": 3, "prod": 10.0, "target": 1, "value": 0.030454902360680321, "supply": [{"l": "Wheat", "v": 0.030454902360680321}]}, {"source": 4, "prod": 5.0, "target": 1, "value": 0.020683086742568243, "supply": [{"l": "Sugar", "v": 0.020683086742568243}]}, {"source": 5, "prod": 14.0, "target": 1, "value": 0.011376384613265698, "supply": [{"l": "Milk - Excluding Butter", "v": 0.011376384613265698}]}, {"source": 6, "prod": 1.0, "target": 1, "value": 0.0012671691518059702, "supply": [{"l": "Offals, Edible", "v": 0.0012671691518059702}]}, {"source": 7, "prod": 2.0, "target": 1, "value": 0.0013887731707360959, "supply": [{"l": "Marine Fish, Other", "v": 0.0013887731707360959}]}, {"source": 8, "prod": 2.0, "target": 1, "value": 0.0017059678467046216, "supply": [{"l": "Fish, Seafood", "v": 0.0017059678467046216}]}, {"source": 9, "prod": 6.0, "target": 1, "value": 0.01214946753156124, "supply": [{"l": "Meat, Other", "v": 0.01214946753156124}]}, {"source": 10, "prod": 11.0, "target": 1, "value": 0.046027694608491793, "supply": [{"l": "Rice", "v": 0.046027694608491793}]}, {"source": 11, "prod": 2.0, "target": 1, "value": 0.016692877346517969, "supply": [{"l": "Butter, Ghee", "v": 0.016692877346517969}]}, {"source": 12, "prod": 1.0, "target": 1, "value": 0.00020086829614589908, "supply": [{"l": "Tomatoes", "v": 0.00020086829614589908}]}, {"source": 13, "prod": 1.0, "target": 1, "value": 0.0018720574060351613, "supply": [{"l": "Mutton & Goat Meat", "v": 0.0018720574060351613}]}, {"source": 0, "prod": 5.0, "target": 14, "value": 0.0090984951824246482, "supply": [{"l": "Dates", "v": 0.0090984951824246482}]}, {"source": 15, "prod": 22.0, "target": 14, "value": 0.02439300617226493, "supply": [{"l": "Pelagic Fish", "v": 0.02439300617226493}]}, {"source": 3, "prod": 1.0, "target": 14, "value": 0.003045490236068032, "supply": [{"l": "Wheat", "v": 0.003045490236068032}]}, {"source": 16, "prod": 6.0, "target": 14, "value": 0.0042592140386789297, "supply": [{"l": "Demersal Fish", "v": 0.0042592140386789297}]}, {"source": 8, "prod": 32.0, "target": 14, "value": 0.027295485547273946, "supply": [{"l": "Fish, Seafood", "v": 0.027295485547273946}]}, {"source": 7, "prod": 4.0, "target": 14, "value": 0.0027775463414721918, "supply": [{"l": "Marine Fish, Other", "v": 0.0027775463414721918}]}, {"source": 10, "prod": 2.0, "target": 14, "value": 0.0083686717469985076, "supply": [{"l": "Rice", "v": 0.0083686717469985076}]}, {"source": 5, "prod": 1.0, "target": 17, "value": 0.00081259890094754984, "supply": [{"l": "Milk - Excluding Butter", "v": 0.00081259890094754984}]}, {"source": 10, "prod": 1.0, "target": 17, "value": 0.0041843358734992538, "supply": [{"l": "Rice", "v": 0.0041843358734992538}]}, {"source": 3, "prod": 1.0, "target": 17, "value": 0.003045490236068032, "supply": [{"l": "Wheat", "v": 0.003045490236068032}]}, {"source": 18, "prod": 14.0, "target": 10, "value": 0.058580702228989569, "supply": [{"l": "Rice", "v": 0.058580702228989569}]}, {"source": 18, "prod": 11.0, "target": 3, "value": 0.033500392596748356, "supply": [{"l": "Wheat", "v": 0.033500392596748356}]}, {"source": 18, "prod": 7.0, "target": 19, "value": 0.037375964089086208, "supply": [{"l": "Butter, Ghee", "v": 0.016692877346517969}, {"l": "Sugar", "v": 0.020683086742568243}]}, {"source": 4, "prod": 1.0, "target": 20, "value": 0.0041366173485136489, "supply": [{"l": "Sugar", "v": 0.0041366173485136489}]}, {"source": 21, "prod": 22.0, "target": 15, "value": 0.02439300617226493, "supply": [{"l": "Pelagic Fish", "v": 0.02439300617226493}]}, {"source": 21, "prod": 15.0, "target": 5, "value": 0.012188983514213249, "supply": [{"l": "Milk - Excluding Butter", "v": 0.012188983514213249}]}, {"source": 21, "prod": 1.0, "target": 6, "value": 0.0012671691518059702, "supply": [{"l": "Offals, Edible", "v": 0.0012671691518059702}]}, {"source": 21, "prod": 6.0, "target": 7, "value": 0.0041663195122082879, "supply": [{"l": "Marine Fish, Other", "v": 0.0041663195122082879}]}, {"source": 21, "prod": 34.0, "target": 8, "value": 0.029001453393978568, "supply": [{"l": "Fish, Seafood", "v": 0.029001453393978568}]}, {"source": 21, "prod": 6.0, "target": 16, "value": 0.0042592140386789297, "supply": [{"l": "Demersal Fish", "v": 0.0042592140386789297}]}, {"source": 21, "prod": 6.0, "target": 9, "value": 0.01214946753156124, "supply": [{"l": "Meat, Other", "v": 0.01214946753156124}]}, {"source": 21, "prod": 1.0, "target": 13, "value": 0.0018720574060351613, "supply": [{"l": "Mutton & Goat Meat", "v": 0.0018720574060351613}]}, {"source": 19, "prod": 2.0, "target": 11, "value": 0.016692877346517969, "supply": [{"l": "Butter, Ghee", "v": 0.016692877346517969}]}, {"source": 19, "prod": 6.0, "target": 4, "value": 0.02481970409108189, "supply": [{"l": "Sugar", "v": 0.02481970409108189}]}, {"source": 10, "prod": 14.0, "target": 22, "value": 0.048813333239999993, "supply": [{"l": "Rice", "v": 0.048813333239999993}]}, {"source": 3, "prod": 12.0, "target": 22, "value": 0.041839999920000009, "supply": [{"l": "Wheat", "v": 0.041839999920000009}]}, {"source": 12, "prod": 1.0, "target": 22, "value": 0.0034866666600000006, "supply": [{"l": "Tomatoes", "v": 0.0034866666600000006}]}, {"source": 23, "prod": 0, "target": 0, "value": 0.0062512014098302007, "supply": "[{\"l\":'Energy for power irrigation',\"v\":0.0062512014098302007}]"}, {"source": 23, "prod": 0, "target": 2, "value": 0.0016669870426213867, "supply": "[{\"l\":'Energy for power irrigation',\"v\":0.0016669870426213867}]"}, {"source": 23, "prod": 0, "target": 12, "value": 0.00083349352131069333, "supply": "[{\"l\":'Energy for power irrigation',\"v\":0.00083349352131069333}]"}, {"source": 23, "prod": 0, "target": 19, "value": 0.10517583046725174, "supply": "[{\"l\":'Electricity',\"v\":0.10517583046725174}]"}, {"source": 24, "prod": 0, "target": 23, "value": 0.31719388530013487, "supply": [{"l": "Coal", "v": 0.0}, {"l": "Natural gas", "v": 0.31719388530013487}, {"l": "Oil", "v": 0.0}]}, {"source": 24, "prod": 0, "target": 0, "value": 0.0058338094263691766, "supply": [{"l": "Other fossil fuels", "v": 0.0058338094263691766}]}, {"source": 24, "prod": 0, "target": 2, "value": 0.0015556825136984469, "supply": [{"l": "Other fossil fuels", "v": 0.0015556825136984469}]}, {"source": 24, "prod": 0, "target": 12, "value": 0.00077784125684922346, "supply": [{"l": "Other fossil fuels", "v": 0.00077784125684922346}]}, {"source": 25, "prod": 0.11297150579793468, "target": 0, "value": 0.0018715801816133843, "supply": [{"l": "Potash", "v": 3.9351667319949356e-05}, {"l": "Phosphate", "v": 0.00011547568164138455}, {"l": "Nitrogen", "v": 0.0057094572200939372}]}, {"source": 25, "prod": 0.030125734879449244, "target": 2, "value": 0.0004990880484302358, "supply": [{"l": "Potash", "v": 3.9351667319949356e-05}, {"l": "Phosphate", "v": 0.00011547568164138455}, {"l": "Nitrogen", "v": 0.0057094572200939372}]}, {"source": 25, "prod": 0.015062867439724622, "target": 12, "value": 0.0002495440242151179, "supply": [{"l": "Potash", "v": 3.9351667319949356e-05}, {"l": "Phosphate", "v": 0.00011547568164138455}, {"l": "Nitrogen", "v": 0.0057094572200939372}]}, {"source": 24, "prod": 0, "target": 25, "value": 0.0069462740973836685, "supply": [{"l": "Natural gas (including LNG)", "v": 0.0047168520231645724}, {"l": "Fuel oil", "v": 0.0012201545474907953}, {"l": "Liquefied petroleum gas (LPG)", "v": 0.0005046337633641502}, {"l": "Coal", "v": 0.0005046337633641502}]}, {"source": 26, "prod": 0, "target": 0, "value": 0.00080471805009197067, "supply": "[{\"l\":'Labor',\"v\":0.00080471805009197067}]"}, {"source": 26, "prod": 0, "target": 10, "value": 0.0007510701800858392, "supply": "[{\"l\":'Labor',\"v\":0.0007510701800858392}]"}, {"source": 26, "prod": 0, "target": 3, "value": 0.00064377444007357649, "supply": "[{\"l\":'Labor',\"v\":0.00064377444007357649}]"}, {"source": 26, "prod": 0, "target": 2, "value": 0.00021459148002452551, "supply": "[{\"l\":'Labor',\"v\":0.00021459148002452551}]"}, {"source": 26, "prod": 0, "target": 12, "value": 0.00010729574001226275, "supply": "[{\"l\":'Labor',\"v\":0.00010729574001226275}]"}, {"source": 24, "prod": 0, "target": 18, "value": 0.00068187937681325815, "supply": "[{\"l\":'Fossil Fuels',\"v\":0.00068187937681325815}]"}]}