{"nodes": [{"layer": 13, "name": "Other Processed", "fill": "#9c9ede"}, {"layer": 16, "name": "Food", "fill": "#b5cf6b"}, {"layer": 13, "name": "Animal Products", "fill": "#17becf"}, {"layer": 5, "name": "Cereals", "fill": "#e7ba52"}, {"layer": 13, "name": "Sugar", "fill": "#d6616b"}, {"layer": 5, "name": "Fruits & Vegetables"}, {"layer": 5, "name": "Others"}, {"layer": 13, "name": "Aquatic Products", "fill": "#1f77b4"}, {"layer": 16, "name": "Biofuels & Other", "fill": "#e7ba52"}, {"name": "Waste", "fill": "#c7c7c7"}, {"layer": 2, "name": "Import", "fill": "#aec7e8"}, {"layer": 10, "name": "Processing", "fill": "#9edae5"}, {"layer": 10, "name": "Feed", "fill": "#dbdb8d"}, {"layer": 0, "name": "Stock Draw", "fill": "#c7c7c7"}, {"layer": 16, "name": "Stock Deposit", "fill": "#c7c7c7"}, {"name": "Crop Residue", "fill": "#bd9e39"}, {"layer": 2, "name": "Electricity", "fill": "#bcbd22"}, {"layer": 0, "name": "Fossil Fuels", "fill": "#c49c94"}, {"layer": 2, "name": "Fertilizers", "fill": "#c5b0d5"}, {"layer": 0, "name": "Labor", "fill": "#7f7f7f"}], "links": [{"source": 0, "prod": 2.0, "target": 1, "value": 0.016710355631032459, "supply": [{"l": "Butter, Ghee", "v": 0.016710355631032459}]}, {"source": 2, "prod": 27.0, "target": 1, "value": 0.031157025301017854, "supply": [{"l": "Milk - Excluding Butter", "v": 0.013929134469659925}, {"l": "Offals, Edible", "v": 0.0012526278664573771}, {"l": "Meat, Other", "v": 0.014136456243993994}, {"l": "Mutton & Goat Meat", "v": 0.0018388067209065594}]}, {"source": 3, "prod": 24.0, "target": 1, "value": 0.0917147581824862, "supply": [{"l": "Wheat", "v": 0.037268133291525701}, {"l": "Rice", "v": 0.054446624890960499}]}, {"source": 4, "prod": 5.0, "target": 1, "value": 0.021112855489483641, "supply": [{"l": "Sugar", "v": 0.021112855489483641}]}, {"source": 5, "prod": 9.0, "target": 1, "value": 0.0054739115152606134, "supply": [{"l": "Dates", "v": 0.0036510040885822533}, {"l": "Lemons, Limes", "v": 0.0003173844230691589}, {"l": "Vegetables, Other", "v": 0.00029343433123617512}, {"l": "Fruits, Other", "v": 0.0003781752034342984}, {"l": "Tomatoes", "v": 0.00083391346893872784}]}, {"source": 6, "prod": 1.0, "target": 1, "value": 0.00051611144784802438, "supply": [{"l": "Coffee", "v": 0.00051611144784802438}]}, {"source": 7, "prod": 6.0, "target": 1, "value": 0.0039617934121004318, "supply": [{"l": "Marine Fish, Other", "v": 0.0020292112598563187}, {"l": "Fish, Seafood", "v": 0.0019325821522441131}]}, {"source": 7, "prod": 70.0, "target": 8, "value": 0.05693473159095179, "supply": [{"l": "Demersal Fish", "v": 0.0039921786757523515}, {"l": "Pelagic Fish", "v": 0.027013742372590913}, {"l": "Fish, Seafood", "v": 0.022546791776181321}, {"l": "Marine Fish, Other", "v": 0.0033820187664271974}]}, {"source": 5, "prod": 6.0, "target": 8, "value": 0.0095056854248899321, "supply": [{"l": "Dates", "v": 0.0091275102214556335}, {"l": "Fruits, Other", "v": 0.0003781752034342984}]}, {"source": 3, "prod": 4.0, "target": 8, "value": 0.015952617861479234, "supply": [{"l": "Wheat", "v": 0.0033880121174114271}, {"l": "Rice", "v": 0.012564605744067807}]}, {"source": 6, "prod": 3.0, "target": 8, "value": 0.0051369451483489438, "supply": [{"l": "Spices, Other", "v": 0.0044684385879473687}, {"l": "Tea", "v": 0.00066850656040157478}]}, {"source": 2, "prod": 1.0, "target": 9, "value": 0.00077384080386999577, "supply": [{"l": "Milk - Excluding Butter", "v": 0.00077384080386999577}]}, {"source": 3, "prod": 3.0, "target": 9, "value": 0.011764415946789964, "supply": [{"l": "Rice", "v": 0.0083764038293785373}, {"l": "Wheat", "v": 0.0033880121174114271}]}, {"source": 10, "prod": 5.0, "target": 11, "value": 0.033510675642342141, "supply": [{"l": "Sugar", "v": 0.0084451421957934571}, {"l": "Butter, Ghee", "v": 0.025065533446548688}]}, {"source": 10, "prod": 4.0, "target": 6, "value": 0.0056530565961969686, "supply": [{"l": "Coffee", "v": 0.00051611144784802438}, {"l": "Spices, Other", "v": 0.0044684385879473687}, {"l": "Tea", "v": 0.00066850656040157478}]}, {"source": 10, "prod": 34.0, "target": 3, "value": 0.13279658753210102, "supply": [{"l": "Wheat", "v": 0.040656145408937118}, {"l": "Rice", "v": 0.092140442123163913}]}, {"source": 10, "prod": 7.0, "target": 5, "value": 0.0022618734104777982, "supply": [{"l": "Vegetables, Other", "v": 0.00029343433123617512}, {"l": "Fruits, Other", "v": 0.0011345256103028952}, {"l": "Tomatoes", "v": 0.00083391346893872784}]}, {"source": 10, "prod": 3.0, "target": 12, "value": 0.0023215224116099873, "supply": [{"l": "Milk - Excluding Butter", "v": 0.0023215224116099873}]}, {"source": 13, "prod": 3.0, "target": 11, "value": 0.012667713293690186, "supply": [{"l": "Sugar", "v": 0.012667713293690186}]}, {"source": 3, "prod": 4.0, "target": 14, "value": 0.016752807658757075, "supply": [{"l": "Rice", "v": 0.016752807658757075}]}, {"source": 12, "prod": 76.0, "target": 7, "value": 0.060896525003052218, "supply": [{"l": "Demersal Fish", "v": 0.0039921786757523515}, {"l": "Pelagic Fish", "v": 0.027013742372590913}, {"l": "Marine Fish, Other", "v": 0.0054112300262835165}, {"l": "Fish, Seafood", "v": 0.024479373928425432}]}, {"source": 12, "prod": 28.0, "target": 2, "value": 0.031930866104887851, "supply": [{"l": "Milk - Excluding Butter", "v": 0.014702975273529921}, {"l": "Offals, Edible", "v": 0.0012526278664573771}, {"l": "Meat, Other", "v": 0.014136456243993994}, {"l": "Mutton & Goat Meat", "v": 0.0018388067209065594}]}, {"source": 11, "prod": 2.0, "target": 0, "value": 0.016710355631032459, "supply": [{"l": "Butter, Ghee", "v": 0.016710355631032459}]}, {"source": 11, "prod": 5.0, "target": 4, "value": 0.021112855489483641, "supply": [{"l": "Sugar", "v": 0.021112855489483641}]}, {"source": 5, "prod": 13.0, "target": 15, "value": 0.15667437576999174, "supply": [{"l": "Vegetables, Other", "v": 0.0017433333300000001}, {"l": "Tomatoes", "v": 0.0069733333200000004}]}, {"source": 3, "prod": 35.0, "target": 15, "value": 0.12534764756949301, "supply": [{"l": "Wheat", "v": 0.045326666580000001}, {"l": "Rice", "v": 0.076706666520000008}]}, {"source": 16, "prod": 0, "target": 5, "value": 0.0088082196488412593, "supply": "[{\"l\":'Energy for power irrigation',\"v\":0.0088082196488412593}]"}, {"source": 16, "prod": 0, "target": 11, "value": 0.11824260902396133, "supply": "[{\"l\":'Electricity',\"v\":0.11824260902396133}]"}, {"source": 17, "prod": 0, "target": 16, "value": 0.35065789536516123, "supply": [{"l": "Coal", "v": 0.0}, {"l": "Natural gas", "v": 0.35065789536516123}, {"l": "Oil", "v": 0.0}]}, {"source": 17, "prod": 0, "target": 5, "value": 0.0073117078143827008, "supply": [{"l": "Other fossil fuels", "v": 0.0073117078143827008}]}, {"source": 18, "prod": 0.159181855117284, "target": 5, "value": 0.0026371393671855295, "supply": [{"l": "Potash", "v": 4.4240618711373723e-05}, {"l": "Phosphate", "v": 0.00012982208759786411}, {"l": "Nitrogen", "v": 0.0064187857116545857}]}, {"source": 17, "prod": 0, "target": 18, "value": 0.0078092615824502257, "supply": [{"l": "Natural gas (including LNG)", "v": 0.005302861761311113}, {"l": "Fuel oil", "v": 0.0013717434553814603}, {"l": "Liquefied petroleum gas (LPG)", "v": 0.00056732818287882631}, {"l": "Coal", "v": 0.00056732818287882631}]}, {"source": 19, "prod": 0, "target": 3, "value": 0.0016289639984400075, "supply": "[{\"l\":'Labor',\"v\":0.0016289639984400075}]"}, {"source": 19, "prod": 0, "target": 5, "value": 0.0012100875416982916, "supply": "[{\"l\":'Labor',\"v\":0.0012100875416982916}]"}, {"source": 19, "prod": 0, "target": 6, "value": 0.00018616731410742946, "supply": "[{\"l\":'Labor',\"v\":0.00018616731410742946}]"}, {"source": 17, "prod": 0, "target": 10, "value": 0.0025426758708597076, "supply": "[{\"l\":'Fossil Fuels',\"v\":0.0025426758708597076}]"}]}