{"nodes": [{"layer": 5, "name": "Cereals", "fill": "#e7ba52"}, {"layer": 10, "name": "Feed", "fill": "#dbdb8d"}, {"layer": 13, "name": "Other Processed", "fill": "#9c9ede"}, {"layer": 16, "name": "Food", "fill": "#b5cf6b"}, {"layer": 13, "name": "Animal Products", "fill": "#17becf"}, {"layer": 5, "name": "Oilcrops", "fill": "#ff9896"}, {"layer": 5, "name": "Fruits, Roots & Vegetables", "fill": "#98df8a"}, {"layer": 13, "name": "Sugar", "fill": "#d6616b"}, {"layer": 13, "name": "Aquatic Products", "fill": "#1f77b4"}, {"layer": 16, "name": "Biofuels & Other", "fill": "#e7ba52"}, {"layer": 13, "name": "Vegetable Oils", "fill": "#f7b6d2"}, {"name": "Waste", "fill": "#c7c7c7"}, {"layer": 0, "name": "Import", "fill": "#aec7e8"}, {"layer": 10, "name": "Processing", "fill": "#9edae5"}, {"layer": 16, "name": "Export", "fill": "#aec7e8"}, {"layer": 16, "name": "Stock Deposit", "fill": "#c7c7c7"}, {"layer": 0, "name": "Stock Draw", "fill": "#c7c7c7"}, {"layer": 0, "name": "Production", "fill": "#b5cf6b"}], "links": [{"source": 0, "prod": 0.01357454487040009, "target": 1, "value": 4.0, "supply": [{"l": "Barley", "v": 4.0}]}, {"source": 2, "prod": 0.060000414071193747, "target": 3, "value": 7.0, "supply": [{"l": "Fats, Animals, Raw", "v": 1.0}, {"l": "Butter, Ghee", "v": 6.0}]}, {"source": 4, "prod": 0.09014555504211412, "target": 3, "value": 79.0, "supply": [{"l": "Milk - Excluding Butter", "v": 55.0}, {"l": "Meat, Other", "v": 6.0}, {"l": "Mutton & Goat Meat", "v": 7.0}, {"l": "Bovine Meat", "v": 3.0}, {"l": "Eggs", "v": 2.0}, {"l": "Poultry Meat", "v": 4.0}, {"l": "Offals, Edible", "v": 2.0}]}, {"source": 0, "prod": 0.26099917198376876, "target": 3, "value": 73.0, "supply": [{"l": "Cereals, Other", "v": 2.0}, {"l": "Rice", "v": 19.0}, {"l": "Wheat", "v": 52.0}]}, {"source": 5, "prod": 0.0015848062191919999, "target": 3, "value": 1.0, "supply": [{"l": "Coconuts - Incl Copra", "v": 1.0}]}, {"source": 6, "prod": 0.049749903129169319, "target": 3, "value": 83.0, "supply": [{"l": "Dates", "v": 6.0}, {"l": "Potatoes", "v": 3.0}, {"l": "Fruits, Other", "v": 29.0}, {"l": "Coffee", "v": 2.0}, {"l": "Pulses, Other", "v": 1.0}, {"l": "Lemons, Limes", "v": 3.0}, {"l": "Tomatoes", "v": 10.0}, {"l": "Bananas", "v": 4.0}, {"l": "Vegetables, Other", "v": 14.0}, {"l": "Oranges, Mandarines", "v": 4.0}, {"l": "Onions", "v": 5.0}, {"l": "Apples", "v": 2.0}]}, {"source": 7, "prod": 0.051467167487799316, "target": 3, "value": 18.0, "supply": [{"l": "Sugar", "v": 17.0}, {"l": "Sweeteners, Other", "v": 1.0}]}, {"source": 8, "prod": 0.0096780357027134757, "target": 3, "value": 14.0, "supply": [{"l": "Pelagic Fish", "v": 7.0}, {"l": "Fish, Seafood", "v": 7.0}]}, {"source": 2, "prod": 0.064132708806088512, "target": 9, "value": 7.0, "supply": [{"l": "Beverages, Alcoholic", "v": 7.0}]}, {"source": 4, "prod": 0.0025934972092582138, "target": 9, "value": 1.0, "supply": [{"l": "Mutton & Goat Meat", "v": 1.0}]}, {"source": 0, "prod": 0.035301548095720725, "target": 9, "value": 9.0, "supply": [{"l": "Wheat", "v": 3.0}, {"l": "Rice", "v": 6.0}]}, {"source": 6, "prod": 0.025912287632805186, "target": 9, "value": 22.0, "supply": [{"l": "Dates", "v": 8.0}, {"l": "Spices, Other", "v": 1.0}, {"l": "Tea", "v": 3.0}, {"l": "Vegetables, Other", "v": 1.0}, {"l": "Fruits, Other", "v": 8.0}, {"l": "Tomatoes", "v": 1.0}]}, {"source": 7, "prod": 0.029275976955517247, "target": 9, "value": 10.0, "supply": [{"l": "Sugar", "v": 10.0}]}, {"source": 8, "prod": 0.028105701764390471, "target": 9, "value": 40.0, "supply": [{"l": "Pelagic Fish", "v": 9.0}, {"l": "Marine Fish, Other", "v": 4.0}, {"l": "Fish, Seafood", "v": 20.0}, {"l": "Demersal Fish", "v": 7.0}]}, {"source": 10, "prod": 0.0096477651330681823, "target": 9, "value": 1.0, "supply": [{"l": "Oilcrops Oil, Other", "v": 1.0}]}, {"source": 6, "prod": 0.0044245875285413858, "target": 11, "value": 8.0, "supply": [{"l": "Dates", "v": 1.0}, {"l": "Fruits, Other", "v": 2.0}, {"l": "Vegetables, Other", "v": 3.0}, {"l": "Onions", "v": 1.0}, {"l": "Tomatoes", "v": 1.0}]}, {"source": 2, "prod": 0.0083353565967479778, "target": 11, "value": 1.0, "supply": [{"l": "Butter, Ghee", "v": 1.0}]}, {"source": 4, "prod": 0.0033266198633810553, "target": 11, "value": 2.0, "supply": [{"l": "Milk - Excluding Butter", "v": 1.0}, {"l": "Mutton & Goat Meat", "v": 1.0}]}, {"source": 0, "prod": 0.022741228374260396, "target": 11, "value": 6.0, "supply": [{"l": "Rice", "v": 3.0}, {"l": "Wheat", "v": 3.0}]}, {"source": 12, "prod": 0.20453575796296111, "target": 13, "value": 42.0, "supply": [{"l": "Sugar", "v": 27.0}, {"l": "Beverages, Alcoholic", "v": 7.0}, {"l": "Oilcrops Oil, Other", "v": 1.0}, {"l": "Sweeteners, Other", "v": 1.0}, {"l": "Butter, Ghee", "v": 6.0}]}, {"source": 12, "prod": 0.35355035952658392, "target": 0, "value": 97.0, "supply": [{"l": "Rice", "v": 33.0}, {"l": "Cereals, Other", "v": 2.0}, {"l": "Wheat", "v": 58.0}, {"l": "Barley", "v": 4.0}]}, {"source": 12, "prod": 0.0031696124383839997, "target": 5, "value": 2.0, "supply": [{"l": "Coconuts - Incl Copra", "v": 2.0}]}, {"source": 12, "prod": 0.055929181913467844, "target": 6, "value": 89.0, "supply": [{"l": "Dates", "v": 3.0}, {"l": "Potatoes", "v": 4.0}, {"l": "Fruits, Other", "v": 38.0}, {"l": "Coffee", "v": 2.0}, {"l": "Apples", "v": 2.0}, {"l": "Tomatoes", "v": 8.0}, {"l": "Bananas", "v": 4.0}, {"l": "Spices, Other", "v": 1.0}, {"l": "Tea", "v": 4.0}, {"l": "Vegetables, Other", "v": 11.0}, {"l": "Oranges, Mandarines", "v": 5.0}, {"l": "Pulses, Other", "v": 1.0}, {"l": "Onions", "v": 6.0}]}, {"source": 12, "prod": 0.047729961024654724, "target": 1, "value": 48.0, "supply": [{"l": "Milk - Excluding Butter", "v": 38.0}, {"l": "Meat, Other", "v": 1.0}, {"l": "Mutton & Goat Meat", "v": 4.0}, {"l": "Eggs", "v": 2.0}, {"l": "Poultry Meat", "v": 3.0}]}, {"source": 8, "prod": 0.022121224463345086, "target": 14, "value": 32.0, "supply": [{"l": "Fish, Seafood", "v": 16.0}, {"l": "Pelagic Fish", "v": 16.0}]}, {"source": 0, "prod": 0.041867732404867769, "target": 14, "value": 10.0, "supply": [{"l": "Rice", "v": 10.0}]}, {"source": 7, "prod": 0.002927597695551724, "target": 15, "value": 1.0, "supply": [{"l": "Sugar", "v": 1.0}]}, {"source": 16, "prod": 0.020933866202433885, "target": 0, "value": 5.0, "supply": [{"l": "Rice", "v": 5.0}]}, {"source": 17, "prod": 0.023949817620871391, "target": 6, "value": 26.0, "supply": [{"l": "Dates", "v": 11.0}, {"l": "Vegetables, Other", "v": 7.0}, {"l": "Fruits, Other", "v": 1.0}, {"l": "Lemons, Limes", "v": 3.0}, {"l": "Tomatoes", "v": 4.0}]}, {"source": 1, "prod": 0.059904961930449037, "target": 8, "value": 86.0, "supply": [{"l": "Demersal Fish", "v": 7.0}, {"l": "Pelagic Fish", "v": 32.0}, {"l": "Marine Fish, Other", "v": 4.0}, {"l": "Fish, Seafood", "v": 43.0}]}, {"source": 1, "prod": 0.096065672114753378, "target": 4, "value": 82.0, "supply": [{"l": "Poultry Meat", "v": 4.0}, {"l": "Bovine Meat", "v": 3.0}, {"l": "Eggs", "v": 2.0}, {"l": "Milk - Excluding Butter", "v": 56.0}, {"l": "Offals, Edible", "v": 2.0}, {"l": "Meat, Other", "v": 6.0}, {"l": "Mutton & Goat Meat", "v": 9.0}]}, {"source": 13, "prod": 0.13246847947403023, "target": 2, "value": 15.0, "supply": [{"l": "Fats, Animals, Raw", "v": 1.0}, {"l": "Beverages, Alcoholic", "v": 7.0}, {"l": "Butter, Ghee", "v": 7.0}]}, {"source": 13, "prod": 0.0096477651330681823, "target": 10, "value": 1.0, "supply": [{"l": "Oilcrops Oil, Other", "v": 1.0}]}, {"source": 13, "prod": 0.083670742138868284, "target": 7, "value": 29.0, "supply": [{"l": "Sweeteners, Other", "v": 1.0}, {"l": "Sugar", "v": 28.0}]}]}