{"nodes": [{"name": "Balance", "fill": "#9edae5"}, {"name": "Food", "fill": "#b5cf6b"}, {"name": "Stock Deposit", "fill": "#c7c7c7"}, {"name": "Biofuels & Other", "fill": "#e7ba52"}, {"name": "Crop Residue", "fill": "#bd9e39"}, {"name": "Fossil Fuels", "fill": "#c49c94"}, {"name": "Stock Draw", "fill": "#c7c7c7"}, {"name": "Labor", "fill": "#7f7f7f"}], "links": [{"source": 0, "target": 1, "value": 0.19003701294957664}, {"source": 0, "target": 2, "value": 0.0041670370184388635}, {"source": 0, "target": 3, "value": 0.10843405780034225}, {"source": 0, "target": 4, "value": 0.26810926676972457}, {"source": 5, "target": 0, "value": 0.39887511887888405}, {"source": 6, "target": 0, "value": 0.016740043945278723}, {"source": 7, "target": 0, "value": 0.003324572313703561}]}