{"nodes": [{"layer": 5, "name": "Fruits, Roots & Vegetables", "fill": "#98df8a"}, {"layer": 10, "name": "Feed", "fill": "#dbdb8d"}, {"layer": 5, "name": "Sugar Crops", "fill": "#ffbb78"}, {"layer": 13, "name": "Other Processed", "fill": "#9c9ede"}, {"layer": 16, "name": "Food", "fill": "#b5cf6b"}, {"layer": 13, "name": "Animal Products", "fill": "#17becf"}, {"layer": 5, "name": "Cereals", "fill": "#e7ba52"}, {"layer": 5, "name": "Oilcrops", "fill": "#ff9896"}, {"layer": 13, "name": "Sugar", "fill": "#d6616b"}, {"layer": 13, "name": "Aquatic Products", "fill": "#1f77b4"}, {"layer": 10, "name": "Processing", "fill": "#9edae5"}, {"layer": 16, "name": "Biofuels & Other", "fill": "#e7ba52"}, {"layer": 13, "name": "Vegetable Oils", "fill": "#f7b6d2"}, {"name": "Waste", "fill": "#c7c7c7"}, {"layer": 2, "name": "Import", "fill": "#aec7e8"}, {"layer": 16, "name": "Export", "fill": "#aec7e8"}, {"layer": 16, "name": "Stock Deposit", "fill": "#c7c7c7"}, {"layer": 0, "name": "Stock Draw", "fill": "#c7c7c7"}, {"name": "Crop Residue", "fill": "#bd9e39"}, {"layer": 2, "name": "Electricity", "fill": "#bcbd22"}, {"layer": 0, "name": "Fossil Fuels", "fill": "#c49c94"}, {"layer": 0, "name": "Renewables & Nuclear", "fill": "#2ca02c"}, {"layer": 2, "name": "Fertilizers", "fill": "#c5b0d5"}, {"layer": 0, "name": "Labor", "fill": "#7f7f7f"}], "links": [{"source": 0, "prod": 11.0, "target": 1, "value": 0.011455876047207542, "supply": [{"l": "Plantains", "v": 0.00086810156616564424}, {"l": "Roots, Other", "v": 0.008687475952381396}, {"l": "Bananas", "v": 0.0007162906009271151}, {"l": "Yams", "v": 0.0011840079277333881}]}, {"source": 2, "prod": 2.0, "target": 1, "value": 0.00072317149208688241, "supply": [{"l": "Sugar cane", "v": 0.00072317149208688241}]}, {"source": 3, "prod": 2.0, "target": 4, "value": 0.0038713147029576039, "supply": [{"l": "Beer", "v": 0.00042497385903170199}, {"l": "Beverages, Alcoholic", "v": 0.0034463408439259018}]}, {"source": 5, "prod": 8.0, "target": 4, "value": 0.009110230810204888, "supply": [{"l": "Milk - Excluding Butter", "v": 0.0047119684909905004}, {"l": "Pigmeat", "v": 0.0025587551005093879}, {"l": "Poultry Meat", "v": 0.0018395072187049998}]}, {"source": 6, "prod": 6.0, "target": 4, "value": 0.018298781649808249, "supply": [{"l": "Wheat", "v": 0.018298781649808249}]}, {"source": 7, "prod": 2.0, "target": 4, "value": 0.0031483873550912506, "supply": [{"l": "Coconuts - Incl Copra", "v": 0.0031483873550912506}]}, {"source": 0, "prod": 29.0, "target": 4, "value": 0.015429928727487843, "supply": [{"l": "Roots, Other", "v": 0.006515606964286047}, {"l": "Bananas", "v": 0.0021488718027813454}, {"l": "Plantains", "v": 0.00086810156616564424}, {"l": "Vegetables, Other", "v": 0.0013143370691808863}, {"l": "Fruits, Other", "v": 0.00074872734764976382}, {"l": "Yams", "v": 0.0011840079277333881}, {"l": "Grapefruit", "v": 0.0012874833886416812}, {"l": "Oranges, Mandarines", "v": 0.0006223827787438552}, {"l": "Lemons, Limes", "v": 0.0007404098823052326}]}, {"source": 8, "prod": 1.0, "target": 4, "value": 0.0041887498692614149, "supply": [{"l": "Sugar", "v": 0.0041887498692614149}]}, {"source": 9, "prod": 2.0, "target": 4, "value": 0.0016363727091728624, "supply": [{"l": "Marine Fish, Other", "v": 0.00072255602698723413}, {"l": "Fish, Seafood", "v": 0.00091381668218562843}]}, {"source": 2, "prod": 2.0, "target": 10, "value": 0.00072317149208688241, "supply": [{"l": "Sugar cane", "v": 0.00072317149208688241}]}, {"source": 7, "prod": 14.0, "target": 10, "value": 0.022038711485638754, "supply": [{"l": "Coconuts - Incl Copra", "v": 0.022038711485638754}]}, {"source": 3, "prod": 1.0, "target": 11, "value": 0.0085374636708268163, "supply": [{"l": "Fats, Animals, Raw", "v": 0.0085374636708268163}]}, {"source": 12, "prod": 1.0, "target": 11, "value": 0.010395959163795921, "supply": [{"l": "Coconut Oil", "v": 0.010395959163795921}]}, {"source": 0, "prod": 2.0, "target": 0, "value": 0.002171868988095349, "supply": [{"l": "Roots, Other", "v": 0.002171868988095349}]}, {"source": 0, "prod": 11.0, "target": 13, "value": 0.0080124403757256945, "supply": [{"l": "Roots, Other", "v": 0.0032578034821430235}, {"l": "Grapefruit", "v": 0.00025749667772833625}, {"l": "Yams", "v": 0.0011840079277333881}, {"l": "Vegetables, Other", "v": 0.00026286741383617726}, {"l": "Lemons, Limes", "v": 0.00018510247057630815}, {"l": "Bananas", "v": 0.0028651624037084604}]}, {"source": 14, "prod": 3.0, "target": 10, "value": 0.013151187399119933, "supply": [{"l": "Fats, Animals, Raw", "v": 0.0085374636708268163}, {"l": "Beer", "v": 0.00042497385903170199}, {"l": "Sugar", "v": 0.0041887498692614149}]}, {"source": 14, "prod": 4.0, "target": 6, "value": 0.012199187766538833, "supply": [{"l": "Wheat", "v": 0.012199187766538833}]}, {"source": 14, "prod": 4.0, "target": 1, "value": 0.0041954914642002503, "supply": [{"l": "Poultry Meat", "v": 0.0018395072187049998}, {"l": "Milk - Excluding Butter", "v": 0.0023559842454952502}]}, {"source": 14, "prod": 1.0, "target": 0, "value": 0.00018510247057630815, "supply": [{"l": "Lemons, Limes", "v": 0.00018510247057630815}]}, {"source": 0, "prod": 19.0, "target": 15, "value": 0.012088351233714795, "supply": [{"l": "Lemons, Limes", "v": 0.0003702049411526163}, {"l": "Grapefruit", "v": 0.00025749667772833625}, {"l": "Bananas", "v": 0.011460649614833842}]}, {"source": 12, "prod": 1.0, "target": 15, "value": 0.010395959163795921, "supply": [{"l": "Coconut Oil", "v": 0.010395959163795921}]}, {"source": 7, "prod": 1.0, "target": 15, "value": 0.0015741936775456253, "supply": [{"l": "Coconuts - Incl Copra", "v": 0.0015741936775456253}]}, {"source": 7, "prod": 1.0, "target": 16, "value": 0.0015741936775456253, "supply": [{"l": "Coconuts - Incl Copra", "v": 0.0015741936775456253}]}, {"source": 17, "prod": 2.0, "target": 6, "value": 0.0060995938832694163, "supply": [{"l": "Wheat", "v": 0.0060995938832694163}]}, {"source": 1, "prod": 2.0, "target": 9, "value": 0.0016363727091728624, "supply": [{"l": "Marine Fish, Other", "v": 0.00072255602698723413}, {"l": "Fish, Seafood", "v": 0.00091381668218562843}]}, {"source": 1, "prod": 8.0, "target": 5, "value": 0.009110230810204888, "supply": [{"l": "Milk - Excluding Butter", "v": 0.0047119684909905004}, {"l": "Poultry Meat", "v": 0.0018395072187049998}, {"l": "Pigmeat", "v": 0.0025587551005093879}]}, {"source": 10, "prod": 3.0, "target": 3, "value": 0.012408778373784421, "supply": [{"l": "Fats, Animals, Raw", "v": 0.0085374636708268163}, {"l": "Beer", "v": 0.00042497385903170199}, {"l": "Beverages, Alcoholic", "v": 0.0034463408439259018}]}, {"source": 10, "prod": 2.0, "target": 12, "value": 0.020791918327591842, "supply": [{"l": "Coconut Oil", "v": 0.020791918327591842}]}, {"source": 10, "prod": 1.0, "target": 8, "value": 0.0041887498692614149, "supply": [{"l": "Sugar", "v": 0.0041887498692614149}]}, {"source": 0, "prod": 73.5, "target": 18, "value": 0.22360306396773161, "supply": [{"l": "Roots, Other", "v": 0.033123333269999999}, {"l": "Yams", "v": 0.0052299999900000003}, {"l": "Vegetables, Other", "v": 0.022663333290000004}, {"l": "Sweet potatoes", "v": 0.0017433333299999999}, {"l": "Cassava", "v": 0.00087166666500000005}]}, {"source": 2, "prod": 1.6000000000000001, "target": 18, "value": 0.0055786666560000003, "supply": [{"l": "Sugar cane", "v": 0.0055786666560000003}]}, {"source": 6, "prod": 6.0, "target": 18, "value": 0.018339350371848685, "supply": [{"l": "Wheat", "v": 0.020919999960000001}]}, {"source": 7, "prod": 18.0, "target": 18, "value": 0.062759999880000014, "supply": [{"l": "Coconuts - Incl Copra", "v": 0.062759999880000014}]}, {"source": 19, "prod": 0, "target": 10, "value": 0.00024811148074403656, "supply": "[{\"l\":'Electricity',\"v\":0.00024811148074403656}]"}, {"source": 20, "prod": 0, "target": 19, "value": 0.00043208236462546608, "supply": [{"l": "Coal", "v": 0.00023771923031130164}, {"l": "Natural gas", "v": 5.8573816234209789e-05}, {"l": "Oil", "v": 0.00013578931807995469}]}, {"source": 21, "prod": 0, "target": 19, "value": 7.7833314855079778e-05, "supply": [{"l": "Nuclear", "v": 2.2016996725660433e-05}, {"l": "Hydroelectric", "v": 5.4923591362278342e-05}, {"l": "Renewable", "v": 8.9272676714100753e-07}]}, {"source": 20, "prod": 0, "target": 0, "value": 0.0033255459702338074, "supply": [{"l": "Other fossil fuels", "v": 0.0033255459702338074}]}, {"source": 20, "prod": 0, "target": 2, "value": 0.00018098209361816636, "supply": [{"l": "Other fossil fuels", "v": 0.00018098209361816636}]}, {"source": 20, "prod": 0, "target": 7, "value": 0.00081441942128174867, "supply": [{"l": "Other fossil fuels", "v": 0.00081441942128174867}]}, {"source": 22, "prod": 1.268527918781726, "target": 0, "value": 0.0096318993308865675, "supply": [{"l": "Potash", "v": 0.002051111112752}, {"l": "Phosphate", "v": 0.00168333333468}, {"l": "Nitrogen", "v": 0.009173611118449998}]}, {"source": 22, "prod": 0.069035532994923862, "target": 2, "value": 0.00052418499759926895, "supply": [{"l": "Potash", "v": 0.002051111112752}, {"l": "Phosphate", "v": 0.00168333333468}, {"l": "Nitrogen", "v": 0.009173611118449998}]}, {"source": 22, "prod": 0.31065989847715736, "target": 7, "value": 0.0023588324891967104, "supply": [{"l": "Potash", "v": 0.002051111112752}, {"l": "Phosphate", "v": 0.00168333333468}, {"l": "Nitrogen", "v": 0.009173611118449998}]}, {"source": 20, "prod": 0, "target": 22, "value": 0.017269429806625484, "supply": [{"l": "Natural gas (including LNG)", "v": 0.011055805457919562}, {"l": "Fuel oil", "v": 0.0045919942273521218}, {"l": "Liquefied petroleum gas (LPG)", "v": 0.00081081506067690046}, {"l": "Coal", "v": 0.00081081506067690046}]}, {"source": 23, "prod": 0, "target": 6, "value": 0.00015379581455727694, "supply": "[{\"l\":'Labor',\"v\":0.00015379581455727694}]"}, {"source": 23, "prod": 0, "target": 7, "value": 0.00092277488734366156, "supply": "[{\"l\":'Labor',\"v\":0.00092277488734366156}]"}, {"source": 23, "prod": 0, "target": 0, "value": 0.003767997456653285, "supply": "[{\"l\":'Labor',\"v\":0.003767997456653285}]"}, {"source": 23, "prod": 0, "target": 2, "value": 0.00020506108607636924, "supply": "[{\"l\":'Labor',\"v\":0.00020506108607636924}]"}, {"source": 20, "prod": 0, "target": 14, "value": 0.022793702988702071, "supply": "[{\"l\":'Fossil Fuels',\"v\":0.022793702988702071}]"}, {"source": 21, "prod": 0, "target": 14, "value": 0.00097993874056729593, "supply": "[{\"l\":'Renewables & Nuclear',\"v\":3.7989268108416509e-05},{\"l\":'Biomass & Waste',\"v\":0.0009419494724588794}]"}]}