{"nodes": [{"layer": 5, "name": "Starchy Roots"}, {"layer": 10, "name": "Feed", "fill": "#dbdb8d"}, {"layer": 5, "name": "Fruits & Vegetables"}, {"layer": 5, "name": "Sugar Crops", "fill": "#ffbb78"}, {"layer": 13, "name": "Other Processed", "fill": "#9c9ede"}, {"layer": 16, "name": "Food", "fill": "#b5cf6b"}, {"layer": 13, "name": "Animal Products", "fill": "#17becf"}, {"layer": 5, "name": "Cereals", "fill": "#e7ba52"}, {"layer": 5, "name": "Oilcrops", "fill": "#ff9896"}, {"layer": 13, "name": "Sugar", "fill": "#d6616b"}, {"layer": 13, "name": "Aquatic Products", "fill": "#1f77b4"}, {"layer": 10, "name": "Processing", "fill": "#9edae5"}, {"layer": 16, "name": "Biofuels & Other", "fill": "#e7ba52"}, {"name": "Waste", "fill": "#c7c7c7"}, {"layer": 2, "name": "Import", "fill": "#aec7e8"}, {"layer": 16, "name": "Export", "fill": "#aec7e8"}, {"layer": 13, "name": "Vegetable Oils", "fill": "#f7b6d2"}, {"layer": 0, "name": "Stock Draw", "fill": "#c7c7c7"}, {"name": "Crop Residue", "fill": "#bd9e39"}, {"layer": 2, "name": "Electricity", "fill": "#bcbd22"}, {"layer": 0, "name": "Fossil Fuels", "fill": "#c49c94"}, {"layer": 0, "name": "Renewables & Nuclear", "fill": "#2ca02c"}, {"layer": 2, "name": "Fertilizers", "fill": "#c5b0d5"}, {"layer": 0, "name": "Labor", "fill": "#7f7f7f"}], "links": [{"source": 0, "prod": 10.0, "target": 1, "value": 0.011190948955897626, "supply": [{"l": "Roots, Other", "v": 0.0088326063678142927}, {"l": "Yams", "v": 0.0023583425880833331}]}, {"source": 2, "prod": 1.0, "target": 1, "value": 0.00072126893074842425, "supply": [{"l": "Bananas", "v": 0.00072126893074842425}]}, {"source": 3, "prod": 1.0, "target": 1, "value": 0.00031398052208210064, "supply": [{"l": "Sugar cane", "v": 0.00031398052208210064}]}, {"source": 4, "prod": 2.0, "target": 5, "value": 0.0038658128763993742, "supply": [{"l": "Beer", "v": 0.00041314030740145996}, {"l": "Beverages, Alcoholic", "v": 0.0034526725689979143}]}, {"source": 6, "prod": 11.0, "target": 5, "value": 0.013161566509262673, "supply": [{"l": "Milk - Excluding Butter", "v": 0.0065338152990724267}, {"l": "Pigmeat", "v": 0.0029807623026138013}, {"l": "Poultry Meat", "v": 0.003646988907576444}]}, {"source": 7, "prod": 7.0, "target": 5, "value": 0.022562185749793011, "supply": [{"l": "Wheat", "v": 0.018325395867713069}, {"l": "Rice", "v": 0.0042367898820799424}]}, {"source": 8, "prod": 2.0, "target": 5, "value": 0.0031832389348771585, "supply": [{"l": "Coconuts - Incl Copra", "v": 0.0031832389348771585}]}, {"source": 3, "prod": 1.0, "target": 5, "value": 0.00031398052208210064, "supply": [{"l": "Sugar cane", "v": 0.00031398052208210064}]}, {"source": 9, "prod": 3.0, "target": 5, "value": 0.012459959950763027, "supply": [{"l": "Sugar", "v": 0.012459959950763027}]}, {"source": 0, "prod": 4.0, "target": 5, "value": 0.0044913986819720263, "supply": [{"l": "Roots, Other", "v": 0.0033122273879303598}, {"l": "Yams", "v": 0.0011791712940416666}]}, {"source": 2, "prod": 23.0, "target": 5, "value": 0.0075750453705659988, "supply": [{"l": "Bananas", "v": 0.0021638067922452727}, {"l": "Vegetables, Other", "v": 0.0015575002572353633}, {"l": "Fruits, Other", "v": 0.0011683532087752293}, {"l": "Grapefruit", "v": 0.0010353699167195123}, {"l": "Oranges, Mandarines", "v": 0.00064440480585199245}, {"l": "Lemons, Limes", "v": 0.0010056103897386293}]}, {"source": 10, "prod": 4.0, "target": 5, "value": 0.0026035237203866357, "supply": [{"l": "Pelagic Fish", "v": 0.00078306132536359234}, {"l": "Marine Fish, Other", "v": 0.00072112400768120047}, {"l": "Fish, Seafood", "v": 0.0010993383873418427}]}, {"source": 3, "prod": 3.0, "target": 11, "value": 0.00094194156624630187, "supply": [{"l": "Sugar cane", "v": 0.00094194156624630187}]}, {"source": 8, "prod": 15.0, "target": 11, "value": 0.023874292011578688, "supply": [{"l": "Coconuts - Incl Copra", "v": 0.023874292011578688}]}, {"source": 4, "prod": 4.0, "target": 12, "value": 0.034271694124073396, "supply": [{"l": "Fats, Animals, Raw", "v": 0.034271694124073396}]}, {"source": 6, "prod": 1.0, "target": 12, "value": 0.00081672691238405333, "supply": [{"l": "Milk - Excluding Butter", "v": 0.00081672691238405333}]}, {"source": 7, "prod": 1.0, "target": 12, "value": 0.0030542326446188449, "supply": [{"l": "Wheat", "v": 0.0030542326446188449}]}, {"source": 8, "prod": 1.0, "target": 12, "value": 0.0015916194674385792, "supply": [{"l": "Coconuts - Incl Copra", "v": 0.0015916194674385792}]}, {"source": 0, "prod": 1.0, "target": 12, "value": 0.0011791712940416666, "supply": [{"l": "Yams", "v": 0.0011791712940416666}]}, {"source": 2, "prod": 2.0, "target": 12, "value": 0.00045996455712760391, "supply": [{"l": "Grapefruit", "v": 0.00025884247917987808}, {"l": "Lemons, Limes", "v": 0.00020112207794772583}]}, {"source": 0, "prod": 2.0, "target": 0, "value": 0.0022081515919535732, "supply": [{"l": "Roots, Other", "v": 0.0022081515919535732}]}, {"source": 0, "prod": 3.0, "target": 13, "value": 0.0033873228859952398, "supply": [{"l": "Roots, Other", "v": 0.0022081515919535732}, {"l": "Yams", "v": 0.0011791712940416666}]}, {"source": 2, "prod": 9.0, "target": 13, "value": 0.0047153436566673623, "supply": [{"l": "Grapefruit", "v": 0.00025884247917987808}, {"l": "Vegetables, Other", "v": 0.00025958337620589383}, {"l": "Fruits, Other", "v": 0.00038945106959174314}, {"l": "Lemons, Limes", "v": 0.00020112207794772583}, {"l": "Bananas", "v": 0.0036063446537421212}]}, {"source": 14, "prod": 6.0, "target": 11, "value": 0.038838154415062526, "supply": [{"l": "Fats, Animals, Raw", "v": 0.034271694124073396}, {"l": "Beer", "v": 0.00041314030740145996}, {"l": "Sugar", "v": 0.0041533199835876748}]}, {"source": 14, "prod": 8.0, "target": 7, "value": 0.025616418394411856, "supply": [{"l": "Wheat", "v": 0.021379628512331914}, {"l": "Rice", "v": 0.0042367898820799424}]}, {"source": 14, "prod": 1.0, "target": 8, "value": 0.0015916194674385792, "supply": [{"l": "Coconuts - Incl Copra", "v": 0.0015916194674385792}]}, {"source": 14, "prod": 9.0, "target": 1, "value": 0.0090633539885312253, "supply": [{"l": "Poultry Meat", "v": 0.003646988907576444}, {"l": "Pelagic Fish", "v": 0.00078306132536359234}, {"l": "Fish, Seafood", "v": 0.00054966919367092134}, {"l": "Milk - Excluding Butter", "v": 0.0040836345619202664}]}, {"source": 2, "prod": 39.0, "target": 15, "value": 0.026402674893776196, "supply": [{"l": "Grapefruit", "v": 0.00051768495835975616}, {"l": "Bananas", "v": 0.024523143645446423}, {"l": "Oranges, Mandarines", "v": 0.00032220240292599623}, {"l": "Plantains", "v": 0.00083852180909629631}, {"l": "Lemons, Limes", "v": 0.00020112207794772583}]}, {"source": 16, "prod": 1.0, "target": 15, "value": 0.010219484548361111, "supply": [{"l": "Coconut Oil", "v": 0.010219484548361111}]}, {"source": 17, "prod": 2.0, "target": 11, "value": 0.0083066399671753496, "supply": [{"l": "Sugar", "v": 0.0083066399671753496}]}, {"source": 1, "prod": 4.0, "target": 10, "value": 0.0026035237203866357, "supply": [{"l": "Pelagic Fish", "v": 0.00078306132536359234}, {"l": "Marine Fish, Other", "v": 0.00072112400768120047}, {"l": "Fish, Seafood", "v": 0.0010993383873418427}]}, {"source": 1, "prod": 12.0, "target": 6, "value": 0.013978293421646727, "supply": [{"l": "Milk - Excluding Butter", "v": 0.0073505422114564798}, {"l": "Poultry Meat", "v": 0.003646988907576444}, {"l": "Pigmeat", "v": 0.0029807623026138013}]}, {"source": 11, "prod": 6.0, "target": 4, "value": 0.038137507000472769, "supply": [{"l": "Fats, Animals, Raw", "v": 0.034271694124073396}, {"l": "Beer", "v": 0.00041314030740145996}, {"l": "Beverages, Alcoholic", "v": 0.0034526725689979143}]}, {"source": 11, "prod": 1.0, "target": 16, "value": 0.010219484548361111, "supply": [{"l": "Coconut Oil", "v": 0.010219484548361111}]}, {"source": 11, "prod": 3.0, "target": 9, "value": 0.012459959950763027, "supply": [{"l": "Sugar", "v": 0.012459959950763027}]}, {"source": 0, "prod": 11.5, "target": 18, "value": 0.041881460211873445, "supply": [{"l": "Roots, Other", "v": 0.027893333279999998}, {"l": "Yams", "v": 0.009588333315000001}, {"l": "Sweet potatoes", "v": 0.0017433333300000001}, {"l": "Cassava", "v": 0.00087166666500000005}]}, {"source": 3, "prod": 2.0, "target": 18, "value": 0.0069733333200000022, "supply": [{"l": "Sugar cane", "v": 0.0069733333200000022}]}, {"source": 2, "prod": 73.5, "target": 18, "value": 0.39285682186272325, "supply": [{"l": "Vegetables, Other", "v": 0.024406666620000003}]}, {"source": 7, "prod": 8.0, "target": 18, "value": 0.025729084471393514, "supply": [{"l": "Rice", "v": 0.0034866666600000002}, {"l": "Wheat", "v": 0.02440666662}]}, {"source": 8, "prod": 17.0, "target": 18, "value": 0.027353462313290326, "supply": [{"l": "Coconuts - Incl Copra", "v": 0.059273333220000002}]}, {"source": 19, "prod": 0, "target": 11, "value": 0.00063321592889400318, "supply": "[{\"l\":'Electricity',\"v\":0.00063321592889400318}]"}, {"source": 20, "prod": 0, "target": 19, "value": 0.00098365509468489312, "supply": [{"l": "Coal", "v": 0.00067205887963989674}, {"l": "Natural gas", "v": 0.00013115789361578084}, {"l": "Oil", "v": 0.00018043832142921552}]}, {"source": 21, "prod": 0, "target": 19, "value": 0.00024177657964936298, "supply": [{"l": "Nuclear", "v": 0.00010295209040730266}, {"l": "Hydroelectric", "v": 0.00013460133728344294}, {"l": "Renewable", "v": 4.2231519586174117e-06}]}, {"source": 20, "prod": 0, "target": 0, "value": 0.0010401776969860197, "supply": [{"l": "Other fossil fuels", "v": 0.0010401776969860197}]}, {"source": 20, "prod": 0, "target": 2, "value": 0.0033240461186292368, "supply": [{"l": "Other fossil fuels", "v": 0.0033240461186292368}]}, {"source": 20, "prod": 0, "target": 3, "value": 0.00022612558630130862, "supply": [{"l": "Other fossil fuels", "v": 0.00022612558630130862}]}, {"source": 20, "prod": 0, "target": 8, "value": 0.00076882699342444927, "supply": [{"l": "Other fossil fuels", "v": 0.00076882699342444927}]}, {"source": 22, "prod": 0.50693877551020416, "target": 0, "value": 0.0042755487562549056, "supply": [{"l": "Potash", "v": 0.002051111112752}, {"l": "Phosphate", "v": 0.0042083333366999993}, {"l": "Nitrogen", "v": 0.016512500013209998}]}, {"source": 22, "prod": 1.6200000000000001, "target": 2, "value": 0.013663166677597198, "supply": [{"l": "Potash", "v": 0.002051111112752}, {"l": "Phosphate", "v": 0.0042083333366999993}, {"l": "Nitrogen", "v": 0.016512500013209998}]}, {"source": 22, "prod": 0.11020408163265306, "target": 3, "value": 0.00092946712092497946, "supply": [{"l": "Potash", "v": 0.002051111112752}, {"l": "Phosphate", "v": 0.0042083333366999993}, {"l": "Nitrogen", "v": 0.016512500013209998}]}, {"source": 22, "prod": 0.3746938775510204, "target": 8, "value": 0.0031601882111449301, "supply": [{"l": "Potash", "v": 0.002051111112752}, {"l": "Phosphate", "v": 0.0042083333366999993}, {"l": "Nitrogen", "v": 0.016512500013209998}]}, {"source": 20, "prod": 0, "target": 22, "value": 0.028768930241072643, "supply": [{"l": "Natural gas (including LNG)", "v": 0.019075022205116178}, {"l": "Fuel oil", "v": 0.0067749738175196215}, {"l": "Liquefied petroleum gas (LPG)", "v": 0.0014594671092184211}, {"l": "Coal", "v": 0.0014594671092184211}]}, {"source": 23, "prod": 0, "target": 7, "value": 0.00019961132676702206, "supply": "[{\"l\":'Labor',\"v\":0.00019961132676702206}]"}, {"source": 23, "prod": 0, "target": 8, "value": 0.00084834813875984375, "supply": "[{\"l\":'Labor',\"v\":0.00084834813875984375}]"}, {"source": 23, "prod": 0, "target": 3, "value": 0.00024951415845877756, "supply": "[{\"l\":'Labor',\"v\":0.00024951415845877756}]"}, {"source": 23, "prod": 0, "target": 0, "value": 0.0011477651289103768, "supply": "[{\"l\":'Labor',\"v\":0.0011477651289103768}]"}, {"source": 23, "prod": 0, "target": 2, "value": 0.0036678581293440298, "supply": "[{\"l\":'Labor',\"v\":0.0036678581293440298}]"}, {"source": 20, "prod": 0, "target": 14, "value": 0.02696767749391139, "supply": "[{\"l\":'Fossil Fuels',\"v\":0.02696767749391139}]"}, {"source": 21, "prod": 0, "target": 14, "value": 0.0012184331032552064, "supply": "[{\"l\":'Renewables & Nuclear',\"v\":5.335080387761585e-05},{\"l\":'Biomass & Waste',\"v\":0.0011650822993775904}]"}]}