{"nodes": [{"layer": 5, "name": "Roots, Other"}, {"layer": 10, "name": "Feed", "fill": "#dbdb8d"}, {"layer": 5, "name": "Yams"}, {"layer": 5, "name": "Sugar cane"}, {"layer": 13, "name": "Pigmeat"}, {"layer": 16, "name": "Food", "fill": "#b5cf6b"}, {"layer": 5, "name": "Wheat"}, {"layer": 5, "name": "Bananas"}, {"layer": 5, "name": "Coconuts - Incl Copra"}, {"layer": 5, "name": "Vegetables, Other"}, {"layer": 5, "name": "Fruits, Other"}, {"layer": 13, "name": "Sugar", "fill": "#d6616b"}, {"layer": 13, "name": "Milk - Excluding Butter"}, {"layer": 13, "name": "Pelagic Fish"}, {"layer": 5, "name": "Grapefruit"}, {"layer": 5, "name": "Oranges, Mandarines"}, {"layer": 13, "name": "Marine Fish, Other"}, {"layer": 5, "name": "Lemons, Limes"}, {"layer": 13, "name": "Fish, Seafood"}, {"layer": 10, "name": "Processing", "fill": "#9edae5"}, {"name": "Seed", "fill": "#dbdb8d"}, {"name": "Waste", "fill": "#c7c7c7"}, {"layer": 0, "name": "Import", "fill": "#aec7e8"}, {"layer": 16, "name": "Export", "fill": "#aec7e8"}, {"layer": 0, "name": "Production", "fill": "#b5cf6b"}, {"layer": 5, "name": "Cassava"}, {"layer": 5, "name": "Sweet potatoes"}], "links": [{"source": 0, "prod": 0.0066092048673009286, "target": 1, "value": 6.0, "supply": [{"l": "Roots, Other", "v": 6.0}]}, {"source": 2, "prod": 0.0011511909582508474, "target": 1, "value": 1.0, "supply": [{"l": "Yams", "v": 1.0}]}, {"source": 3, "prod": 0.0012949526508446141, "target": 1, "value": 4.0, "supply": [{"l": "Sugar cane", "v": 4.0}]}, {"source": 4, "prod": 0.0028129628460271091, "target": 5, "value": 1.0, "supply": [{"l": "Pigmeat", "v": 1.0}]}, {"source": 0, "prod": 0.0033046024336504643, "target": 5, "value": 3.0, "supply": [{"l": "Roots, Other", "v": 3.0}]}, {"source": 6, "prod": 0.012200111601121874, "target": 5, "value": 4.0, "supply": [{"l": "Wheat", "v": 4.0}]}, {"source": 7, "prod": 0.00070593403412694017, "target": 5, "value": 1.0, "supply": [{"l": "Bananas", "v": 1.0}]}, {"source": 8, "prod": 0.0015774604332936771, "target": 5, "value": 1.0, "supply": [{"l": "Coconuts - Incl Copra", "v": 1.0}]}, {"source": 9, "prod": 0.0010650579430053762, "target": 5, "value": 3.0, "supply": [{"l": "Vegetables, Other", "v": 3.0}]}, {"source": 10, "prod": 0.00077416717177203646, "target": 5, "value": 2.0, "supply": [{"l": "Fruits, Other", "v": 2.0}]}, {"source": 2, "prod": 0.0011511909582508474, "target": 5, "value": 1.0, "supply": [{"l": "Yams", "v": 1.0}]}, {"source": 11, "prod": 0.0082823634374011527, "target": 5, "value": 2.0, "supply": [{"l": "Sugar", "v": 2.0}]}, {"source": 12, "prod": 0.0017865577885937789, "target": 5, "value": 2.0, "supply": [{"l": "Milk - Excluding Butter", "v": 2.0}]}, {"source": 13, "prod": 0.00072475894170365856, "target": 5, "value": 1.0, "supply": [{"l": "Pelagic Fish", "v": 1.0}]}, {"source": 14, "prod": 0.0010325217875146954, "target": 5, "value": 4.0, "supply": [{"l": "Grapefruit", "v": 4.0}]}, {"source": 15, "prod": 0.00025407558269406079, "target": 5, "value": 1.0, "supply": [{"l": "Oranges, Mandarines", "v": 1.0}]}, {"source": 16, "prod": 0.00072475894170365856, "target": 5, "value": 1.0, "supply": [{"l": "Marine Fish, Other", "v": 1.0}]}, {"source": 17, "prod": 0.00031577113750681877, "target": 5, "value": 2.0, "supply": [{"l": "Lemons, Limes", "v": 2.0}]}, {"source": 18, "prod": 0.00090622496522872829, "target": 5, "value": 2.0, "supply": [{"l": "Fish, Seafood", "v": 2.0}]}, {"source": 3, "prod": 0.00032373816271115353, "target": 5, "value": 1.0, "supply": [{"l": "Sugar cane", "v": 1.0}]}, {"source": 3, "prod": 0.00064747632542230707, "target": 19, "value": 2.0, "supply": [{"l": "Sugar cane", "v": 2.0}]}, {"source": 8, "prod": 0.0015774604332936771, "target": 19, "value": 1.0, "supply": [{"l": "Coconuts - Incl Copra", "v": 1.0}]}, {"source": 0, "prod": 0.00220306828910031, "target": 20, "value": 2.0, "supply": [{"l": "Roots, Other", "v": 2.0}]}, {"source": 0, "prod": 0.00220306828910031, "target": 21, "value": 2.0, "supply": [{"l": "Roots, Other", "v": 2.0}]}, {"source": 14, "prod": 0.00025813044687867385, "target": 21, "value": 1.0, "supply": [{"l": "Grapefruit", "v": 1.0}]}, {"source": 17, "prod": 0.00015788556875340938, "target": 21, "value": 1.0, "supply": [{"l": "Lemons, Limes", "v": 1.0}]}, {"source": 22, "prod": 0.0082823634374011527, "target": 19, "value": 2.0, "supply": [{"l": "Sugar", "v": 2.0}]}, {"source": 22, "prod": 0.012200111601121874, "target": 6, "value": 4.0, "supply": [{"l": "Wheat", "v": 4.0}]}, {"source": 22, "prod": 0.0029644292129118017, "target": 1, "value": 4.0, "supply": [{"l": "Milk - Excluding Butter", "v": 2.0}, {"l": "Pelagic Fish", "v": 1.0}, {"l": "Fish, Seafood", "v": 1.0}]}, {"source": 17, "prod": 0.00094731341252045635, "target": 23, "value": 6.0, "supply": [{"l": "Lemons, Limes", "v": 6.0}]}, {"source": 14, "prod": 0.00025813044687867385, "target": 23, "value": 1.0, "supply": [{"l": "Grapefruit", "v": 1.0}]}, {"source": 7, "prod": 0.019766152955554325, "target": 23, "value": 28.0, "supply": [{"l": "Bananas", "v": 28.0}]}, {"source": 8, "prod": 0.012619683466349417, "target": 23, "value": 8.0, "supply": [{"l": "Coconuts - Incl Copra", "v": 8.0}]}, {"source": 24, "prod": 0.0010634697265678498, "target": 25, "value": 1.0, "supply": [{"l": "Cassava", "v": 1.0}]}, {"source": 24, "prod": 0.0010650579430053762, "target": 9, "value": 3.0, "supply": [{"l": "Vegetables, Other", "v": 3.0}]}, {"source": 24, "prod": 0.020472086989681264, "target": 7, "value": 29.0, "supply": [{"l": "Bananas", "v": 29.0}]}, {"source": 24, "prod": 0.01577460433293677, "target": 8, "value": 10.0, "supply": [{"l": "Coconuts - Incl Copra", "v": 10.0}]}, {"source": 24, "prod": 0.00050815116538812158, "target": 15, "value": 2.0, "supply": [{"l": "Oranges, Mandarines", "v": 2.0}]}, {"source": 24, "prod": 0.014319943879152013, "target": 0, "value": 13.0, "supply": [{"l": "Roots, Other", "v": 13.0}]}, {"source": 24, "prod": 0.00077416717177203646, "target": 10, "value": 2.0, "supply": [{"l": "Fruits, Other", "v": 2.0}]}, {"source": 24, "prod": 0.0023023819165016949, "target": 2, "value": 2.0, "supply": [{"l": "Yams", "v": 2.0}]}, {"source": 24, "prod": 0.0010353699167195123, "target": 26, "value": 1.0, "supply": [{"l": "Sweet potatoes", "v": 1.0}]}, {"source": 24, "prod": 0.0015487826812720432, "target": 14, "value": 6.0, "supply": [{"l": "Grapefruit", "v": 6.0}]}, {"source": 24, "prod": 0.0014209701187806844, "target": 17, "value": 9.0, "supply": [{"l": "Lemons, Limes", "v": 9.0}]}, {"source": 24, "prod": 0.0019424289762669214, "target": 3, "value": 6.0, "supply": [{"l": "Sugar cane", "v": 6.0}]}, {"source": 1, "prod": 0.0017865577885937789, "target": 12, "value": 2.0, "supply": [{"l": "Milk - Excluding Butter", "v": 2.0}]}, {"source": 1, "prod": 0.0028129628460271091, "target": 4, "value": 1.0, "supply": [{"l": "Pigmeat", "v": 1.0}]}, {"source": 1, "prod": 0.00072475894170365856, "target": 13, "value": 1.0, "supply": [{"l": "Pelagic Fish", "v": 1.0}]}, {"source": 1, "prod": 0.00072475894170365856, "target": 16, "value": 1.0, "supply": [{"l": "Marine Fish, Other", "v": 1.0}]}, {"source": 1, "prod": 0.00090622496522872829, "target": 18, "value": 2.0, "supply": [{"l": "Fish, Seafood", "v": 2.0}]}, {"source": 19, "prod": 0.0082823634374011527, "target": 11, "value": 2.0, "supply": [{"l": "Sugar", "v": 2.0}]}]}