{"nodes": [{"name": "Balance", "fill": "#9edae5"}, {"name": "Food", "fill": "#b5cf6b"}, {"name": "Stock Deposit", "fill": "#c7c7c7"}, {"name": "Export", "fill": "#aec7e8"}, {"name": "Biofuels & Other", "fill": "#e7ba52"}, {"name": "Crop Residue", "fill": "#bd9e39"}, {"name": "Renewables & Nuclear", "fill": "#2ca02c"}, {"name": "Fossil Fuels", "fill": "#c49c94"}, {"name": "Stock Draw", "fill": "#c7c7c7"}, {"name": "Labor", "fill": "#7f7f7f"}], "links": [{"source": 0, "target": 1, "value": 0.055683765823984113}, {"source": 0, "target": 2, "value": 0.0015741936775456253}, {"source": 0, "target": 3, "value": 0.024058504075056341}, {"source": 0, "target": 4, "value": 0.018933422834622737}, {"source": 0, "target": 5, "value": 0.31028108087558032}, {"source": 6, "target": 0, "value": 0.0010577720554223757}, {"source": 7, "target": 0, "value": 0.044951899215300364}, {"source": 8, "target": 0, "value": 0.0060995938832694163}, {"source": 9, "target": 0, "value": 0.0050496292446305926}]}