{"nodes": [{"layer": 5, "name": "Maize"}, {"layer": 10, "name": "Feed", "fill": "#dbdb8d"}, {"layer": 5, "name": "Cereals, Other"}, {"layer": 16, "name": "Food", "fill": "#b5cf6b"}, {"layer": 5, "name": "Vegetables, Other"}, {"layer": 5, "name": "Fruits, Other"}, {"layer": 5, "name": "Yams"}, {"layer": 13, "name": "Sugar", "fill": "#d6616b"}, {"layer": 13, "name": "Beer"}, {"layer": 5, "name": "Grapefruit"}, {"layer": 13, "name": "Beverages, Alcoholic"}, {"layer": 5, "name": "Rice"}, {"layer": 13, "name": "Butter, Ghee"}, {"layer": 13, "name": "Fats, Animals, Raw"}, {"layer": 5, "name": "Wheat"}, {"layer": 5, "name": "Coconuts - Incl Copra"}, {"layer": 13, "name": "Eggs"}, {"layer": 5, "name": "Roots, Other"}, {"layer": 13, "name": "Marine Fish, Other"}, {"layer": 13, "name": "Pigmeat"}, {"layer": 5, "name": "Potatoes"}, {"layer": 13, "name": "Coconut Oil"}, {"layer": 13, "name": "Milk - Excluding Butter"}, {"layer": 5, "name": "Pulses, Other"}, {"layer": 13, "name": "Fish, Seafood"}, {"layer": 13, "name": "Mutton & Goat Meat"}, {"layer": 13, "name": "Pelagic Fish"}, {"layer": 5, "name": "Bananas"}, {"layer": 13, "name": "Bovine Meat"}, {"layer": 13, "name": "Poultry Meat"}, {"layer": 5, "name": "Sweet potatoes"}, {"layer": 5, "name": "Oranges, Mandarines"}, {"layer": 5, "name": "Onions"}, {"layer": 5, "name": "Cassava"}, {"layer": 5, "name": "Barley"}, {"layer": 10, "name": "Processing", "fill": "#9edae5"}, {"layer": 5, "name": "Sugar cane"}, {"layer": 16, "name": "Biofuels & Other", "fill": "#e7ba52"}, {"name": "Waste", "fill": "#c7c7c7"}, {"layer": 2, "name": "Import", "fill": "#aec7e8"}, {"layer": 5, "name": "Oilcrops, Other"}, {"layer": 16, "name": "Export", "fill": "#aec7e8"}, {"layer": 16, "name": "Stock Deposit", "fill": "#c7c7c7"}, {"name": "Crop Residue", "fill": "#bd9e39"}, {"layer": 2, "name": "Electricity", "fill": "#bcbd22"}, {"layer": 0, "name": "Fossil Fuels", "fill": "#c49c94"}, {"layer": 0, "name": "Renewables & Nuclear", "fill": "#2ca02c"}, {"layer": 2, "name": "Fertilizers", "fill": "#c5b0d5"}, {"layer": 0, "name": "Labor", "fill": "#7f7f7f"}], "links": [{"source": 0, "prod": 3.0, "target": 1, "value": 0.011432962571655859, "supply": [{"l": "Maize", "v": 0.011432962571655859}]}, {"source": 2, "prod": 1.0, "target": 1, "value": 0.0028300111057000003, "supply": [{"l": "Cereals, Other", "v": 0.0028300111057000003}]}, {"source": 0, "prod": 2.0, "target": 3, "value": 0.0076219750477705735, "supply": [{"l": "Maize", "v": 0.0076219750477705735}]}, {"source": 4, "prod": 4.0, "target": 3, "value": 0.001266381601059043, "supply": [{"l": "Vegetables, Other", "v": 0.001266381601059043}]}, {"source": 5, "prod": 5.0, "target": 3, "value": 0.0023778709972394059, "supply": [{"l": "Fruits, Other", "v": 0.0023778709972394059}]}, {"source": 6, "prod": 13.0, "target": 3, "value": 0.013612080494497313, "supply": [{"l": "Yams", "v": 0.013612080494497313}]}, {"source": 7, "prod": 12.0, "target": 3, "value": 0.049580728319642081, "supply": [{"l": "Sugar", "v": 0.049580728319642081}]}, {"source": 8, "prod": 6.0, "target": 3, "value": 0.0025348053766498348, "supply": [{"l": "Beer", "v": 0.0025348053766498348}]}, {"source": 9, "prod": 1.0, "target": 3, "value": 0.00015635420473480665, "supply": [{"l": "Grapefruit", "v": 0.00015635420473480665}]}, {"source": 10, "prod": 1.0, "target": 3, "value": 0.0034381126656024795, "supply": [{"l": "Beverages, Alcoholic", "v": 0.0034381126656024795}]}, {"source": 11, "prod": 7.0, "target": 3, "value": 0.029675810900048612, "supply": [{"l": "Rice", "v": 0.029675810900048612}]}, {"source": 12, "prod": 1.0, "target": 3, "value": 0.008323562075588235, "supply": [{"l": "Butter, Ghee", "v": 0.008323562075588235}]}, {"source": 13, "prod": 1.0, "target": 3, "value": 0.0083384255792946435, "supply": [{"l": "Fats, Animals, Raw", "v": 0.0083384255792946435}]}, {"source": 14, "prod": 15.0, "target": 3, "value": 0.045822376080609815, "supply": [{"l": "Wheat", "v": 0.045822376080609815}]}, {"source": 15, "prod": 1.0, "target": 3, "value": 0.0015695859913966389, "supply": [{"l": "Coconuts - Incl Copra", "v": 0.0015695859913966389}]}, {"source": 16, "prod": 1.0, "target": 3, "value": 0.0015565061081350001, "supply": [{"l": "Eggs", "v": 0.0015565061081350001}]}, {"source": 17, "prod": 1.0, "target": 3, "value": 0.00089368771758947373, "supply": [{"l": "Roots, Other", "v": 0.00089368771758947373}]}, {"source": 18, "prod": 3.0, "target": 3, "value": 0.0029702740467988336, "supply": [{"l": "Marine Fish, Other", "v": 0.0029702740467988336}]}, {"source": 19, "prod": 7.0, "target": 3, "value": 0.02001083367645996, "supply": [{"l": "Pigmeat", "v": 0.02001083367645996}]}, {"source": 20, "prod": 5.0, "target": 3, "value": 0.0038905447990784121, "supply": [{"l": "Potatoes", "v": 0.0038905447990784121}]}, {"source": 21, "prod": 1.0, "target": 3, "value": 0.010343607842470761, "supply": [{"l": "Coconut Oil", "v": 0.010343607842470761}]}, {"source": 22, "prod": 28.0, "target": 3, "value": 0.025466476377541104, "supply": [{"l": "Milk - Excluding Butter", "v": 0.025466476377541104}]}, {"source": 23, "prod": 2.0, "target": 3, "value": 0.0078727390084805064, "supply": [{"l": "Pulses, Other", "v": 0.0078727390084805064}]}, {"source": 24, "prod": 5.0, "target": 3, "value": 0.0051742473695615288, "supply": [{"l": "Fish, Seafood", "v": 0.0051742473695615288}]}, {"source": 25, "prod": 1.0, "target": 3, "value": 0.0023124604365642024, "supply": [{"l": "Mutton & Goat Meat", "v": 0.0023124604365642024}]}, {"source": 26, "prod": 2.0, "target": 3, "value": 0.0020290645663509437, "supply": [{"l": "Pelagic Fish", "v": 0.0020290645663509437}]}, {"source": 27, "prod": 1.0, "target": 3, "value": 0.00069590437025409844, "supply": [{"l": "Bananas", "v": 0.00069590437025409844}]}, {"source": 28, "prod": 5.0, "target": 3, "value": 0.010080806783091076, "supply": [{"l": "Bovine Meat", "v": 0.010080806783091076}]}, {"source": 29, "prod": 3.0, "target": 3, "value": 0.005443990829285498, "supply": [{"l": "Poultry Meat", "v": 0.005443990829285498}]}, {"source": 30, "prod": 5.0, "target": 3, "value": 0.0050606790459572235, "supply": [{"l": "Sweet potatoes", "v": 0.0050606790459572235}]}, {"source": 31, "prod": 7.0, "target": 3, "value": 0.00091524999825000005, "supply": [{"l": "Oranges, Mandarines", "v": 0.00091524999825000005}]}, {"source": 32, "prod": 2.0, "target": 3, "value": 0.00099622294464015641, "supply": [{"l": "Onions", "v": 0.00099622294464015641}]}, {"source": 33, "prod": 1.0, "target": 3, "value": 0.0010679287191320756, "supply": [{"l": "Cassava", "v": 0.0010679287191320756}]}, {"source": 34, "prod": 1.0, "target": 35, "value": 0.0029789590586315794, "supply": [{"l": "Barley", "v": 0.0029789590586315794}]}, {"source": 36, "prod": 1456.0, "target": 35, "value": 0.40529470523598699, "supply": [{"l": "Sugar cane", "v": 0.40529470523598699}]}, {"source": 22, "prod": 2.0, "target": 37, "value": 0.0018190340269672216, "supply": [{"l": "Milk - Excluding Butter", "v": 0.0018190340269672216}]}, {"source": 20, "prod": 1.0, "target": 37, "value": 0.00077810895981568235, "supply": [{"l": "Potatoes", "v": 0.00077810895981568235}]}, {"source": 7, "prod": 5.0, "target": 37, "value": 0.020658636799850867, "supply": [{"l": "Sugar", "v": 0.020658636799850867}]}, {"source": 14, "prod": 1.0, "target": 37, "value": 0.0030548250720406544, "supply": [{"l": "Wheat", "v": 0.0030548250720406544}]}, {"source": 13, "prod": 2.0, "target": 37, "value": 0.016676851158589287, "supply": [{"l": "Fats, Animals, Raw", "v": 0.016676851158589287}]}, {"source": 6, "prod": 1.0, "target": 38, "value": 0.001047083114961332, "supply": [{"l": "Yams", "v": 0.001047083114961332}]}, {"source": 7, "prod": 1.0, "target": 38, "value": 0.0041317273599701734, "supply": [{"l": "Sugar", "v": 0.0041317273599701734}]}, {"source": 39, "prod": 2.0, "target": 2, "value": 0.0056600222114000006, "supply": [{"l": "Cereals, Other", "v": 0.0056600222114000006}]}, {"source": 39, "prod": 6.0, "target": 20, "value": 0.0046686537588940943, "supply": [{"l": "Potatoes", "v": 0.0046686537588940943}]}, {"source": 39, "prod": 8.0, "target": 11, "value": 0.033915212457198411, "supply": [{"l": "Rice", "v": 0.033915212457198411}]}, {"source": 39, "prod": 18.0, "target": 14, "value": 0.054986851296731781, "supply": [{"l": "Wheat", "v": 0.054986851296731781}]}, {"source": 39, "prod": 42.0, "target": 1, "value": 0.053756146162218639, "supply": [{"l": "Pigmeat", "v": 0.011434762100834262}, {"l": "Milk - Excluding Butter", "v": 0.022737925337090271}, {"l": "Fish, Seafood", "v": 0.0031045484217369166}, {"l": "Bovine Meat", "v": 0.008064645426472861}, {"l": "Poultry Meat", "v": 0.005443990829285498}, {"l": "Marine Fish, Other", "v": 0.0029702740467988336}]}, {"source": 39, "prod": 2.0, "target": 32, "value": 0.00099622294464015641, "supply": [{"l": "Onions", "v": 0.00099622294464015641}]}, {"source": 39, "prod": 1.0, "target": 34, "value": 0.0029789590586315794, "supply": [{"l": "Barley", "v": 0.0029789590586315794}]}, {"source": 39, "prod": 9.0, "target": 35, "value": 0.058505278561804541, "supply": [{"l": "Coconut Oil", "v": 0.020687215684941522}, {"l": "Sugar", "v": 0.01239518207991052}, {"l": "Beer", "v": 0.00042246756277497239}, {"l": "Butter, Ghee", "v": 0.008323562075588235}, {"l": "Fats, Animals, Raw", "v": 0.016676851158589287}]}, {"source": 39, "prod": 1.0, "target": 40, "value": 0.0041736718407592438, "supply": [{"l": "Oilcrops, Other", "v": 0.0041736718407592438}]}, {"source": 39, "prod": 1.0, "target": 9, "value": 0.00015635420473480665, "supply": [{"l": "Grapefruit", "v": 0.00015635420473480665}]}, {"source": 39, "prod": 7.0, "target": 31, "value": 0.00091524999825000005, "supply": [{"l": "Oranges, Mandarines", "v": 0.00091524999825000005}]}, {"source": 39, "prod": 4.0, "target": 0, "value": 0.015243950095541147, "supply": [{"l": "Maize", "v": 0.015243950095541147}]}, {"source": 39, "prod": 4.0, "target": 5, "value": 0.0019022967977915248, "supply": [{"l": "Fruits, Other", "v": 0.0019022967977915248}]}, {"source": 39, "prod": 1.0, "target": 4, "value": 0.00031659540026476076, "supply": [{"l": "Vegetables, Other", "v": 0.00031659540026476076}]}, {"source": 39, "prod": 2.0, "target": 23, "value": 0.0078727390084805064, "supply": [{"l": "Pulses, Other", "v": 0.0078727390084805064}]}, {"source": 14, "prod": 1.0, "target": 41, "value": 0.0030548250720406544, "supply": [{"l": "Wheat", "v": 0.0030548250720406544}]}, {"source": 21, "prod": 1.0, "target": 41, "value": 0.010343607842470761, "supply": [{"l": "Coconut Oil", "v": 0.010343607842470761}]}, {"source": 5, "prod": 1.0, "target": 41, "value": 0.00047557419944788121, "supply": [{"l": "Fruits, Other", "v": 0.00047557419944788121}]}, {"source": 6, "prod": 2.0, "target": 41, "value": 0.002094166229922664, "supply": [{"l": "Yams", "v": 0.002094166229922664}]}, {"source": 7, "prod": 139.0, "target": 41, "value": 0.57431010303585417, "supply": [{"l": "Sugar", "v": 0.57431010303585417}]}, {"source": 10, "prod": 2.0, "target": 41, "value": 0.006876225331204959, "supply": [{"l": "Beverages, Alcoholic", "v": 0.006876225331204959}]}, {"source": 7, "prod": 3.0, "target": 42, "value": 0.01239518207991052, "supply": [{"l": "Sugar", "v": 0.01239518207991052}]}, {"source": 1, "prod": 3.0, "target": 29, "value": 0.005443990829285498, "supply": [{"l": "Poultry Meat", "v": 0.005443990829285498}]}, {"source": 1, "prod": 7.0, "target": 19, "value": 0.02001083367645996, "supply": [{"l": "Pigmeat", "v": 0.02001083367645996}]}, {"source": 1, "prod": 2.0, "target": 26, "value": 0.0020290645663509437, "supply": [{"l": "Pelagic Fish", "v": 0.0020290645663509437}]}, {"source": 1, "prod": 5.0, "target": 28, "value": 0.010080806783091076, "supply": [{"l": "Bovine Meat", "v": 0.010080806783091076}]}, {"source": 1, "prod": 1.0, "target": 16, "value": 0.0015565061081350001, "supply": [{"l": "Eggs", "v": 0.0015565061081350001}]}, {"source": 1, "prod": 30.0, "target": 22, "value": 0.027285510404508325, "supply": [{"l": "Milk - Excluding Butter", "v": 0.027285510404508325}]}, {"source": 1, "prod": 3.0, "target": 18, "value": 0.0029702740467988336, "supply": [{"l": "Marine Fish, Other", "v": 0.0029702740467988336}]}, {"source": 1, "prod": 5.0, "target": 24, "value": 0.0051742473695615288, "supply": [{"l": "Fish, Seafood", "v": 0.0051742473695615288}]}, {"source": 1, "prod": 1.0, "target": 25, "value": 0.0023124604365642024, "supply": [{"l": "Mutton & Goat Meat", "v": 0.0023124604365642024}]}, {"source": 35, "prod": 3.0, "target": 13, "value": 0.025015276737883931, "supply": [{"l": "Fats, Animals, Raw", "v": 0.025015276737883931}]}, {"source": 35, "prod": 2.0, "target": 21, "value": 0.020687215684941522, "supply": [{"l": "Coconut Oil", "v": 0.020687215684941522}]}, {"source": 35, "prod": 160.0, "target": 7, "value": 0.66107637759522786, "supply": [{"l": "Sugar", "v": 0.66107637759522786}]}, {"source": 35, "prod": 6.0, "target": 8, "value": 0.0025348053766498348, "supply": [{"l": "Beer", "v": 0.0025348053766498348}]}, {"source": 35, "prod": 3.0, "target": 10, "value": 0.010314337996807438, "supply": [{"l": "Beverages, Alcoholic", "v": 0.010314337996807438}]}, {"source": 35, "prod": 1.0, "target": 12, "value": 0.008323562075588235, "supply": [{"l": "Butter, Ghee", "v": 0.008323562075588235}]}, {"source": 0, "prod": 7.0, "target": 43, "value": 0.02440666662, "supply": [{"l": "Maize", "v": 0.02440666662}]}, {"source": 33, "prod": 0.5, "target": 43, "value": 0.0017433333300000001, "supply": [{"l": "Cassava", "v": 0.0017433333300000001}]}, {"source": 17, "prod": 0.5, "target": 43, "value": 0.0017433333300000003, "supply": [{"l": "Roots, Other", "v": 0.0017433333300000003}]}, {"source": 14, "prod": 17.0, "target": 43, "value": 0.059273333220000009, "supply": [{"l": "Wheat", "v": 0.059273333220000009}]}, {"source": 15, "prod": 1.5, "target": 43, "value": 0.0052299999900000003, "supply": [{"l": "Coconuts - Incl Copra", "v": 0.0052299999900000003}]}, {"source": 20, "prod": 1.5, "target": 43, "value": 0.0052299999900000012, "supply": [{"l": "Potatoes", "v": 0.0052299999900000012}]}, {"source": 4, "prod": 3.5, "target": 43, "value": 0.012203333310000002, "supply": [{"l": "Vegetables, Other", "v": 0.012203333310000002}]}, {"source": 6, "prod": 7.75, "target": 43, "value": 0.027021666615000002, "supply": [{"l": "Yams", "v": 0.027021666615000002}]}, {"source": 30, "prod": 2.75, "target": 43, "value": 0.009588333315000001, "supply": [{"l": "Sweet potatoes", "v": 0.009588333315000001}]}, {"source": 34, "prod": 1.0, "target": 43, "value": 0.003400075940943268, "supply": [{"l": "Barley", "v": 0.003400075940943268}]}, {"source": 11, "prod": 7.0, "target": 43, "value": 0.024406666620000003, "supply": [{"l": "Rice", "v": 0.024406666620000003}]}, {"source": 32, "prod": 1.5, "target": 43, "value": 0.0052299999900000003, "supply": [{"l": "Onions", "v": 0.0052299999900000003}]}, {"source": 2, "prod": 1.0, "target": 43, "value": 0.0034866666599999998, "supply": [{"l": "Cereals, Other", "v": 0.0034866666599999998}]}, {"source": 23, "prod": 1.5, "target": 43, "value": 0.0052299999900000012, "supply": [{"l": "Pulses, Other", "v": 0.0052299999900000012}]}, {"source": 36, "prod": 582.39999999999998, "target": 43, "value": 0.16211788209439482, "supply": [{"l": "Sugar cane", "v": 0.16211788209439482}]}, {"source": 44, "prod": 0, "target": 0, "value": 6.3451175489013336e-07, "supply": "[{\"l\":'Energy for power irrigation',\"v\":6.3451175489013336e-07}]"}, {"source": 44, "prod": 0, "target": 17, "value": 1.8128907282575238e-07, "supply": "[{\"l\":'Energy for power irrigation',\"v\":1.8128907282575238e-07}]"}, {"source": 44, "prod": 0, "target": 27, "value": 1.8128907282575238e-07, "supply": "[{\"l\":'Energy for power irrigation',\"v\":1.8128907282575238e-07}]"}, {"source": 44, "prod": 0, "target": 15, "value": 2.719336092386286e-07, "supply": "[{\"l\":'Energy for power irrigation',\"v\":2.719336092386286e-07}]"}, {"source": 44, "prod": 0, "target": 4, "value": 6.3451175489013336e-07, "supply": "[{\"l\":'Energy for power irrigation',\"v\":6.3451175489013336e-07}]"}, {"source": 44, "prod": 0, "target": 5, "value": 6.3451175489013336e-07, "supply": "[{\"l\":'Energy for power irrigation',\"v\":6.3451175489013336e-07}]"}, {"source": 44, "prod": 0, "target": 6, "value": 2.8099806287991618e-06, "supply": "[{\"l\":'Energy for power irrigation',\"v\":2.8099806287991618e-06}]"}, {"source": 44, "prod": 0, "target": 30, "value": 9.9708990054163813e-07, "supply": "[{\"l\":'Energy for power irrigation',\"v\":9.9708990054163813e-07}]"}, {"source": 44, "prod": 0, "target": 23, "value": 2.719336092386286e-07, "supply": "[{\"l\":'Energy for power irrigation',\"v\":2.719336092386286e-07}]"}, {"source": 44, "prod": 0, "target": 33, "value": 1.8128907282575238e-07, "supply": "[{\"l\":'Energy for power irrigation',\"v\":1.8128907282575238e-07}]"}, {"source": 44, "prod": 0, "target": 32, "value": 2.719336092386286e-07, "supply": "[{\"l\":'Energy for power irrigation',\"v\":2.719336092386286e-07}]"}, {"source": 44, "prod": 0, "target": 36, "value": 0.00026395689003429548, "supply": "[{\"l\":'Energy for power irrigation',\"v\":0.00026395689003429548}]"}, {"source": 44, "prod": 0, "target": 35, "value": 0.002640852465711606, "supply": "[{\"l\":'Electricity',\"v\":0.002640852465711606}]"}, {"source": 45, "prod": 0, "target": 44, "value": 0.0054869307010555774, "supply": [{"l": "Coal", "v": 0.002858075401957857}, {"l": "Natural gas", "v": 0.00083510187985704333}, {"l": "Oil", "v": 0.0017937534192406764}]}, {"source": 46, "prod": 0, "target": 44, "value": 0.00077405426129335483, "supply": [{"l": "Nuclear", "v": 8.8377955397322654e-05}, {"l": "Hydroelectric", "v": 0.00067687082514494195}, {"l": "Renewable", "v": 8.8054807510902496e-06}]}, {"source": 45, "prod": 0, "target": 0, "value": 0.00013322814024535476, "supply": [{"l": "Gas-Diesel oil", "v": 2.7594426131353135e-05}, {"l": "Fuel oil", "v": 5.185185189333333e-05}, {"l": "Other fossil fuels", "v": 5.3781862220668309e-05}]}, {"source": 45, "prod": 0, "target": 17, "value": 3.8065182927244223e-05, "supply": [{"l": "Gas-Diesel oil", "v": 7.8841217518151805e-06}, {"l": "Fuel oil", "v": 1.4814814826666666e-05}, {"l": "Other fossil fuels", "v": 1.5366246348762375e-05}]}, {"source": 45, "prod": 0, "target": 27, "value": 3.8065182927244223e-05, "supply": [{"l": "Gas-Diesel oil", "v": 7.8841217518151805e-06}, {"l": "Fuel oil", "v": 1.4814814826666666e-05}, {"l": "Other fossil fuels", "v": 1.5366246348762375e-05}]}, {"source": 45, "prod": 0, "target": 15, "value": 5.7097774390866331e-05, "supply": [{"l": "Gas-Diesel oil", "v": 1.1826182627722773e-05}, {"l": "Fuel oil", "v": 2.2222222239999998e-05}, {"l": "Other fossil fuels", "v": 2.3049369523143562e-05}]}, {"source": 45, "prod": 0, "target": 4, "value": 0.00013322814024535476, "supply": [{"l": "Gas-Diesel oil", "v": 2.7594426131353135e-05}, {"l": "Fuel oil", "v": 5.185185189333333e-05}, {"l": "Other fossil fuels", "v": 5.3781862220668309e-05}]}, {"source": 45, "prod": 0, "target": 5, "value": 0.00013322814024535476, "supply": [{"l": "Gas-Diesel oil", "v": 2.7594426131353135e-05}, {"l": "Fuel oil", "v": 5.185185189333333e-05}, {"l": "Other fossil fuels", "v": 5.3781862220668309e-05}]}, {"source": 45, "prod": 0, "target": 6, "value": 0.00059001033537228536, "supply": [{"l": "Gas-Diesel oil", "v": 0.00012220388715313531}, {"l": "Fuel oil", "v": 0.00022962962981333329}, {"l": "Other fossil fuels", "v": 0.00023817681840581677}]}, {"source": 45, "prod": 0, "target": 30, "value": 0.00020935850609984322, "supply": [{"l": "Gas-Diesel oil", "v": 4.3362669634983493e-05}, {"l": "Fuel oil", "v": 8.1481481546666665e-05}, {"l": "Other fossil fuels", "v": 8.4514354918193059e-05}]}, {"source": 45, "prod": 0, "target": 23, "value": 5.7097774390866331e-05, "supply": [{"l": "Gas-Diesel oil", "v": 1.1826182627722773e-05}, {"l": "Fuel oil", "v": 2.2222222239999998e-05}, {"l": "Other fossil fuels", "v": 2.3049369523143562e-05}]}, {"source": 45, "prod": 0, "target": 33, "value": 3.8065182927244223e-05, "supply": [{"l": "Gas-Diesel oil", "v": 7.8841217518151805e-06}, {"l": "Fuel oil", "v": 1.4814814826666666e-05}, {"l": "Other fossil fuels", "v": 1.5366246348762375e-05}]}, {"source": 45, "prod": 0, "target": 32, "value": 5.7097774390866331e-05, "supply": [{"l": "Gas-Diesel oil", "v": 1.1826182627722773e-05}, {"l": "Fuel oil", "v": 2.2222222239999998e-05}, {"l": "Other fossil fuels", "v": 2.3049369523143562e-05}]}, {"source": 45, "prod": 0, "target": 36, "value": 0.055422906342067584, "supply": [{"l": "Gas-Diesel oil", "v": 0.011479281270642905}, {"l": "Fuel oil", "v": 0.021570370387626665}, {"l": "Other fossil fuels", "v": 0.022373254683798017}]}, {"source": 47, "prod": 0.01316831683168317, "target": 0, "value": 0.00012757929969868975, "supply": [{"l": "Potash", "v": 0.0064097222273500004}, {"l": "Phosphate", "v": 0.0029458333356899998}, {"l": "Nitrogen", "v": 0.045868055592249997}]}, {"source": 47, "prod": 0.0037623762376237627, "target": 17, "value": 3.6451228485339929e-05, "supply": [{"l": "Potash", "v": 0.0064097222273500004}, {"l": "Phosphate", "v": 0.0029458333356899998}, {"l": "Nitrogen", "v": 0.045868055592249997}]}, {"source": 47, "prod": 0.0037623762376237627, "target": 27, "value": 3.6451228485339929e-05, "supply": [{"l": "Potash", "v": 0.0064097222273500004}, {"l": "Phosphate", "v": 0.0029458333356899998}, {"l": "Nitrogen", "v": 0.045868055592249997}]}, {"source": 47, "prod": 0.0056435643564356442, "target": 15, "value": 5.4676842728009896e-05, "supply": [{"l": "Potash", "v": 0.0064097222273500004}, {"l": "Phosphate", "v": 0.0029458333356899998}, {"l": "Nitrogen", "v": 0.045868055592249997}]}, {"source": 47, "prod": 0.01316831683168317, "target": 4, "value": 0.00012757929969868975, "supply": [{"l": "Potash", "v": 0.0064097222273500004}, {"l": "Phosphate", "v": 0.0029458333356899998}, {"l": "Nitrogen", "v": 0.045868055592249997}]}, {"source": 47, "prod": 0.01316831683168317, "target": 5, "value": 0.00012757929969868975, "supply": [{"l": "Potash", "v": 0.0064097222273500004}, {"l": "Phosphate", "v": 0.0029458333356899998}, {"l": "Nitrogen", "v": 0.045868055592249997}]}, {"source": 47, "prod": 0.058316831683168313, "target": 6, "value": 0.00056499404152276893, "supply": [{"l": "Potash", "v": 0.0064097222273500004}, {"l": "Phosphate", "v": 0.0029458333356899998}, {"l": "Nitrogen", "v": 0.045868055592249997}]}, {"source": 47, "prod": 0.020693069306930694, "target": 30, "value": 0.00020048175666936962, "supply": [{"l": "Potash", "v": 0.0064097222273500004}, {"l": "Phosphate", "v": 0.0029458333356899998}, {"l": "Nitrogen", "v": 0.045868055592249997}]}, {"source": 47, "prod": 0.0056435643564356442, "target": 23, "value": 5.4676842728009896e-05, "supply": [{"l": "Potash", "v": 0.0064097222273500004}, {"l": "Phosphate", "v": 0.0029458333356899998}, {"l": "Nitrogen", "v": 0.045868055592249997}]}, {"source": 47, "prod": 0.0037623762376237627, "target": 33, "value": 3.6451228485339929e-05, "supply": [{"l": "Potash", "v": 0.0064097222273500004}, {"l": "Phosphate", "v": 0.0029458333356899998}, {"l": "Nitrogen", "v": 0.045868055592249997}]}, {"source": 47, "prod": 0.0056435643564356442, "target": 32, "value": 5.4676842728009896e-05, "supply": [{"l": "Potash", "v": 0.0064097222273500004}, {"l": "Phosphate", "v": 0.0029458333356899998}, {"l": "Nitrogen", "v": 0.045868055592249997}]}, {"source": 47, "prod": 5.4780198019801984, "target": 36, "value": 0.053072988674654945, "supply": [{"l": "Potash", "v": 0.0064097222273500004}, {"l": "Phosphate", "v": 0.0029458333356899998}, {"l": "Nitrogen", "v": 0.045868055592249997}]}, {"source": 45, "prod": 0, "target": 47, "value": 0.07162410541322474, "supply": [{"l": "Natural gas (including LNG)", "v": 0.046373318650454132}, {"l": "Fuel oil", "v": 0.017142636156001603}, {"l": "Liquefied petroleum gas (LPG)", "v": 0.0040540753033845031}, {"l": "Coal", "v": 0.0040540753033845031}]}, {"source": 48, "prod": 0, "target": 0, "value": 1.8656431900062717e-05, "supply": "[{\"l\":'Labor',\"v\":1.8656431900062717e-05}]"}, {"source": 48, "prod": 0, "target": 4, "value": 1.8656431900062717e-05, "supply": "[{\"l\":'Labor',\"v\":1.8656431900062717e-05}]"}, {"source": 48, "prod": 0, "target": 5, "value": 1.8656431900062717e-05, "supply": "[{\"l\":'Labor',\"v\":1.8656431900062717e-05}]"}, {"source": 48, "prod": 0, "target": 6, "value": 8.2621341271706309e-05, "supply": "[{\"l\":'Labor',\"v\":8.2621341271706309e-05}]"}, {"source": 48, "prod": 0, "target": 9, "value": 2.6652045571518165e-06, "supply": "[{\"l\":'Labor',\"v\":2.6652045571518165e-06}]"}, {"source": 48, "prod": 0, "target": 34, "value": 2.6652045571518165e-06, "supply": "[{\"l\":'Labor',\"v\":2.6652045571518165e-06}]"}, {"source": 48, "prod": 0, "target": 11, "value": 1.8656431900062717e-05, "supply": "[{\"l\":'Labor',\"v\":1.8656431900062717e-05}]"}, {"source": 48, "prod": 0, "target": 14, "value": 4.5308477471580883e-05, "supply": "[{\"l\":'Labor',\"v\":4.5308477471580883e-05}]"}, {"source": 48, "prod": 0, "target": 15, "value": 7.9956136714554508e-06, "supply": "[{\"l\":'Labor',\"v\":7.9956136714554508e-06}]"}, {"source": 48, "prod": 0, "target": 17, "value": 5.330409114303633e-06, "supply": "[{\"l\":'Labor',\"v\":5.330409114303633e-06}]"}, {"source": 48, "prod": 0, "target": 36, "value": 0.0077610756704260906, "supply": "[{\"l\":'Labor',\"v\":0.0077610756704260906}]"}, {"source": 48, "prod": 0, "target": 2, "value": 2.6652045571518165e-06, "supply": "[{\"l\":'Labor',\"v\":2.6652045571518165e-06}]"}, {"source": 48, "prod": 0, "target": 20, "value": 1.5991227342910902e-05, "supply": "[{\"l\":'Labor',\"v\":1.5991227342910902e-05}]"}, {"source": 48, "prod": 0, "target": 23, "value": 7.9956136714554508e-06, "supply": "[{\"l\":'Labor',\"v\":7.9956136714554508e-06}]"}, {"source": 48, "prod": 0, "target": 27, "value": 5.330409114303633e-06, "supply": "[{\"l\":'Labor',\"v\":5.330409114303633e-06}]"}, {"source": 48, "prod": 0, "target": 30, "value": 2.9317250128669984e-05, "supply": "[{\"l\":'Labor',\"v\":2.9317250128669984e-05}]"}, {"source": 48, "prod": 0, "target": 31, "value": 1.8656431900062717e-05, "supply": "[{\"l\":'Labor',\"v\":1.8656431900062717e-05}]"}, {"source": 48, "prod": 0, "target": 32, "value": 7.9956136714554508e-06, "supply": "[{\"l\":'Labor',\"v\":7.9956136714554508e-06}]"}, {"source": 48, "prod": 0, "target": 33, "value": 5.330409114303633e-06, "supply": "[{\"l\":'Labor',\"v\":5.330409114303633e-06}]"}, {"source": 45, "prod": 0, "target": 39, "value": 0.40797012689702689, "supply": "[{\"l\":'Fossil Fuels',\"v\":0.40797012689702689}]"}, {"source": 46, "prod": 0, "target": 39, "value": 0.025789563819421456, "supply": "[{\"l\":'Renewables & Nuclear',\"v\":0.00089259577989600101},{\"l\":'Biomass & Waste',\"v\":0.024896968039525454}]"}]}