{"nodes": [{"layer": 5, "name": "Cereals", "fill": "#e7ba52"}, {"layer": 10, "name": "Feed", "fill": "#dbdb8d"}, {"layer": 13, "name": "Other Processed", "fill": "#9c9ede"}, {"layer": 16, "name": "Food", "fill": "#b5cf6b"}, {"layer": 13, "name": "Animal Products", "fill": "#17becf"}, {"layer": 5, "name": "Oilcrops", "fill": "#ff9896"}, {"layer": 13, "name": "Sugar", "fill": "#d6616b"}, {"layer": 5, "name": "Starchy Roots"}, {"layer": 5, "name": "Fruits & Vegetables"}, {"layer": 13, "name": "Aquatic Products", "fill": "#1f77b4"}, {"layer": 13, "name": "Vegetable Oils", "fill": "#f7b6d2"}, {"layer": 5, "name": "Sugar Crops", "fill": "#ffbb78"}, {"layer": 10, "name": "Processing", "fill": "#9edae5"}, {"layer": 16, "name": "Biofuels & Other", "fill": "#e7ba52"}, {"name": "Waste", "fill": "#c7c7c7"}, {"layer": 0, "name": "Import", "fill": "#aec7e8"}, {"layer": 16, "name": "Export", "fill": "#aec7e8"}, {"layer": 16, "name": "Stock Deposit", "fill": "#c7c7c7"}, {"layer": 0, "name": "Production", "fill": "#b5cf6b"}], "links": [{"source": 0, "prod": 0.01025455237898467, "target": 1, "value": 3.0, "supply": [{"l": "Maize", "v": 2.0}, {"l": "Oats", "v": 1.0}]}, {"source": 2, "prod": 0.021852344119037206, "target": 3, "value": 7.0, "supply": [{"l": "Beer", "v": 4.0}, {"l": "Beverages, Alcoholic", "v": 1.0}, {"l": "Butter, Ghee", "v": 1.0}, {"l": "Fats, Animals, Raw", "v": 1.0}]}, {"source": 4, "prod": 0.053383051717249122, "target": 3, "value": 37.0, "supply": [{"l": "Pigmeat", "v": 6.0}, {"l": "Milk - Excluding Butter", "v": 25.0}, {"l": "Bovine Meat", "v": 5.0}, {"l": "Poultry Meat", "v": 1.0}]}, {"source": 0, "prod": 0.083908123723592978, "target": 3, "value": 24.0, "supply": [{"l": "Maize", "v": 2.0}, {"l": "Rice", "v": 8.0}, {"l": "Wheat", "v": 14.0}]}, {"source": 5, "prod": 0.0015664268112730627, "target": 3, "value": 1.0, "supply": [{"l": "Coconuts - Incl Copra", "v": 1.0}]}, {"source": 6, "prod": 0.049543084908189074, "target": 3, "value": 12.0, "supply": [{"l": "Sugar", "v": 12.0}]}, {"source": 7, "prod": 0.02155446763540432, "target": 3, "value": 22.0, "supply": [{"l": "Roots, Other", "v": 1.0}, {"l": "Potatoes", "v": 4.0}, {"l": "Yams", "v": 10.0}, {"l": "Sweet potatoes", "v": 6.0}, {"l": "Cassava", "v": 1.0}]}, {"source": 8, "prod": 0.013637003855040035, "target": 3, "value": 15.0, "supply": [{"l": "Fruits, Other", "v": 4.0}, {"l": "Grapefruit", "v": 2.0}, {"l": "Pulses, Other", "v": 2.0}, {"l": "Bananas", "v": 2.0}, {"l": "Vegetables, Other", "v": 1.0}, {"l": "Oranges, Mandarines", "v": 2.0}, {"l": "Onions", "v": 2.0}]}, {"source": 9, "prod": 0.0089837925797906157, "target": 3, "value": 10.0, "supply": [{"l": "Fish, Seafood", "v": 5.0}, {"l": "Pelagic Fish", "v": 1.0}, {"l": "Marine Fish, Other", "v": 4.0}]}, {"source": 10, "prod": 0.010321521308723037, "target": 3, "value": 1.0, "supply": [{"l": "Coconut Oil", "v": 1.0}]}, {"source": 11, "prod": 0.49478339861245035, "target": 12, "value": 1760.0, "supply": [{"l": "Sugar cane", "v": 1760.0}]}, {"source": 0, "prod": 0.0029829846789810812, "target": 12, "value": 1.0, "supply": [{"l": "Barley", "v": 1.0}]}, {"source": 5, "prod": 0.020363548546549818, "target": 12, "value": 13.0, "supply": [{"l": "Coconuts - Incl Copra", "v": 13.0}]}, {"source": 2, "prod": 0.0084524667979977881, "target": 13, "value": 1.0, "supply": [{"l": "Fats, Animals, Raw", "v": 1.0}]}, {"source": 4, "prod": 0.0019154051476818952, "target": 13, "value": 2.0, "supply": [{"l": "Milk - Excluding Butter", "v": 2.0}]}, {"source": 0, "prod": 0.0030337062594788505, "target": 13, "value": 1.0, "supply": [{"l": "Wheat", "v": 1.0}]}, {"source": 6, "prod": 0.04541449449917332, "target": 13, "value": 11.0, "supply": [{"l": "Sugar", "v": 11.0}]}, {"source": 7, "prod": 0.001049967019181301, "target": 14, "value": 1.0, "supply": [{"l": "Yams", "v": 1.0}]}, {"source": 6, "prod": 0.0041285904090157559, "target": 14, "value": 1.0, "supply": [{"l": "Sugar", "v": 1.0}]}, {"source": 15, "prod": 0.049734476680605655, "target": 1, "value": 38.0, "supply": [{"l": "Pigmeat", "v": 4.0}, {"l": "Milk - Excluding Butter", "v": 22.0}, {"l": "Fish, Seafood", "v": 3.0}, {"l": "Bovine Meat", "v": 5.0}, {"l": "Poultry Meat", "v": 1.0}, {"l": "Marine Fish, Other", "v": 3.0}]}, {"source": 15, "prod": 0.030636784170981871, "target": 12, "value": 4.0, "supply": [{"l": "Sugar", "v": 1.0}, {"l": "Butter, Ghee", "v": 1.0}, {"l": "Fats, Animals, Raw", "v": 1.0}, {"l": "Palm Oil", "v": 1.0}]}, {"source": 15, "prod": 0.099412364816820975, "target": 0, "value": 29.0, "supply": [{"l": "Maize", "v": 3.0}, {"l": "Oats", "v": 1.0}, {"l": "Barley", "v": 1.0}, {"l": "Rice", "v": 8.0}, {"l": "Wheat", "v": 16.0}]}, {"source": 15, "prod": 0.0077842452998169338, "target": 8, "value": 11.0, "supply": [{"l": "Fruits, Other", "v": 3.0}, {"l": "Grapefruit", "v": 2.0}, {"l": "Vegetables, Other", "v": 1.0}, {"l": "Oranges, Mandarines", "v": 2.0}, {"l": "Onions", "v": 2.0}, {"l": "Pulses, Other", "v": 1.0}]}, {"source": 15, "prod": 0.020363548546549818, "target": 5, "value": 13.0, "supply": [{"l": "Coconuts - Incl Copra", "v": 13.0}]}, {"source": 15, "prod": 0.0030693470997908328, "target": 7, "value": 4.0, "supply": [{"l": "Potatoes", "v": 4.0}]}, {"source": 2, "prod": 0.01719165624957944, "target": 16, "value": 5.0, "supply": [{"l": "Beverages, Alcoholic", "v": 5.0}]}, {"source": 4, "prod": 0.0018759011053175276, "target": 16, "value": 1.0, "supply": [{"l": "Bovine Meat", "v": 1.0}]}, {"source": 0, "prod": 0.0030337062594788505, "target": 16, "value": 1.0, "supply": [{"l": "Wheat", "v": 1.0}]}, {"source": 6, "prod": 0.70598895994169442, "target": 16, "value": 171.0, "supply": [{"l": "Sugar", "v": 171.0}]}, {"source": 8, "prod": 0.00077050697265906463, "target": 16, "value": 2.0, "supply": [{"l": "Vegetables, Other", "v": 1.0}, {"l": "Fruits, Other", "v": 1.0}]}, {"source": 9, "prod": 0.0018848905713071179, "target": 16, "value": 2.0, "supply": [{"l": "Fish, Seafood", "v": 1.0}, {"l": "Crustaceans", "v": 1.0}]}, {"source": 10, "prod": 0.010321521308723037, "target": 16, "value": 1.0, "supply": [{"l": "Coconut Oil", "v": 1.0}]}, {"source": 6, "prod": 0.02064295204507878, "target": 17, "value": 5.0, "supply": [{"l": "Sugar", "v": 5.0}]}, {"source": 18, "prod": 0.0038007084836954603, "target": 0, "value": 1.0, "supply": [{"l": "Maize", "v": 1.0}]}, {"source": 18, "prod": 0.0015664268112730627, "target": 5, "value": 1.0, "supply": [{"l": "Coconuts - Incl Copra", "v": 1.0}]}, {"source": 18, "prod": 0.49478339861245035, "target": 11, "value": 1760.0, "supply": [{"l": "Sugar cane", "v": 1760.0}]}, {"source": 18, "prod": 0.019491371973357357, "target": 7, "value": 19.0, "supply": [{"l": "Roots, Other", "v": 1.0}, {"l": "Yams", "v": 10.0}, {"l": "Sweet potatoes", "v": 7.0}, {"l": "Cassava", "v": 1.0}]}, {"source": 18, "prod": 0.0025024444765355596, "target": 8, "value": 5.0, "supply": [{"l": "Vegetables, Other", "v": 2.0}, {"l": "Bananas", "v": 2.0}, {"l": "Fruits, Other", "v": 1.0}]}, {"source": 1, "prod": 0.010868683151097734, "target": 9, "value": 12.0, "supply": [{"l": "Crustaceans", "v": 1.0}, {"l": "Pelagic Fish", "v": 1.0}, {"l": "Marine Fish, Other", "v": 4.0}, {"l": "Fish, Seafood", "v": 6.0}]}, {"source": 1, "prod": 0.057174357970248543, "target": 4, "value": 40.0, "supply": [{"l": "Milk - Excluding Butter", "v": 27.0}, {"l": "Bovine Meat", "v": 6.0}, {"l": "Pigmeat", "v": 6.0}, {"l": "Poultry Meat", "v": 1.0}]}, {"source": 12, "prod": 0.047496467166614431, "target": 2, "value": 13.0, "supply": [{"l": "Fats, Animals, Raw", "v": 2.0}, {"l": "Beer", "v": 4.0}, {"l": "Beverages, Alcoholic", "v": 6.0}, {"l": "Butter, Ghee", "v": 1.0}]}, {"source": 12, "prod": 0.020643042617446074, "target": 10, "value": 2.0, "supply": [{"l": "Coconut Oil", "v": 2.0}]}, {"source": 12, "prod": 0.82571808180315143, "target": 6, "value": 200.0, "supply": [{"l": "Sugar", "v": 200.0}]}]}