{"nodes": [{"layer": 5, "name": "Cereals", "fill": "#e7ba52"}, {"layer": 10, "name": "Feed", "fill": "#dbdb8d"}, {"layer": 13, "name": "Other Processed", "fill": "#9c9ede"}, {"layer": 16, "name": "Food", "fill": "#b5cf6b"}, {"layer": 13, "name": "Animal Products", "fill": "#17becf"}, {"layer": 5, "name": "Oilcrops", "fill": "#ff9896"}, {"layer": 5, "name": "Fruits, Roots & Vegetables", "fill": "#98df8a"}, {"layer": 13, "name": "Sugar", "fill": "#d6616b"}, {"layer": 13, "name": "Aquatic Products", "fill": "#1f77b4"}, {"layer": 13, "name": "Vegetable Oils", "fill": "#f7b6d2"}, {"layer": 5, "name": "Sugar Crops", "fill": "#ffbb78"}, {"layer": 10, "name": "Processing", "fill": "#9edae5"}, {"layer": 16, "name": "Biofuels & Other", "fill": "#e7ba52"}, {"name": "Waste", "fill": "#c7c7c7"}, {"layer": 2, "name": "Import", "fill": "#aec7e8"}, {"layer": 16, "name": "Export", "fill": "#aec7e8"}, {"layer": 16, "name": "Stock Deposit", "fill": "#c7c7c7"}, {"layer": 2, "name": "Electricity", "fill": "#bcbd22"}, {"layer": 0, "name": "Fossil Fuels", "fill": "#c49c94"}, {"layer": 0, "name": "Renewables & Nuclear", "fill": "#2ca02c"}, {"layer": 2, "name": "Fertilizers", "fill": "#c5b0d5"}, {"layer": 0, "name": "Labor", "fill": "#7f7f7f"}], "links": [{"source": 0, "prod": 6.0, "target": 1, "value": 0.021422759680164723, "supply": [{"l": "Maize", "v": 0.018997035875279008}, {"l": "Cereals, Other", "v": 0.0024257238048857148}]}, {"source": 2, "prod": 12.0, "target": 3, "value": 0.026925378135717718, "supply": [{"l": "Beer", "v": 0.0033078051884805199}, {"l": "Beverages, Alcoholic", "v": 0.0068231193494496445}, {"l": "Butter, Ghee", "v": 0.008366091224879562}, {"l": "Fats, Animals, Raw", "v": 0.008428362372907991}]}, {"source": 4, "prod": 47.0, "target": 3, "value": 0.071518761100990605, "supply": [{"l": "Pigmeat", "v": 0.022305176288712425}, {"l": "Milk - Excluding Butter", "v": 0.024554045188498325}, {"l": "Mutton & Goat Meat", "v": 0.0023583425880833331}, {"l": "Bovine Meat", "v": 0.010500728335396246}, {"l": "Eggs", "v": 0.0015513349914966776}, {"l": "Poultry Meat", "v": 0.009075396383858899}, {"l": "Offals, Edible", "v": 0.0011737373249447005}]}, {"source": 0, "prod": 23.0, "target": 3, "value": 0.079021598444967978, "supply": [{"l": "Maize", "v": 0.0075988143501116026}, {"l": "Rice", "v": 0.025360700849595866}, {"l": "Wheat", "v": 0.046062083245260517}]}, {"source": 5, "prod": 2.0, "target": 3, "value": 0.0031394013873520905, "supply": [{"l": "Coconuts - Incl Copra", "v": 0.0031394013873520905}]}, {"source": 6, "prod": 51.0, "target": 3, "value": 0.039822040334530372, "supply": [{"l": "Roots, Other", "v": 0.00093092470582236851}, {"l": "Potatoes", "v": 0.0039463722705113061}, {"l": "Fruits, Other", "v": 0.0025512620986277131}, {"l": "Yams", "v": 0.011501276661096063}, {"l": "Grapefruit", "v": 0.00023102131475102042}, {"l": "Pulses, Other", "v": 0.0078954385612525838}, {"l": "Bananas", "v": 0.00067920266536800002}, {"l": "Vegetables, Other", "v": 0.001950071455225011}, {"l": "Sweet potatoes", "v": 0.0070874357399852679}, {"l": "Oranges, Mandarines", "v": 0.001089663242018702}, {"l": "Onions", "v": 0.00092714872417628711}, {"l": "Cassava", "v": 0.0010322228956960488}]}, {"source": 7, "prod": 12.0, "target": 3, "value": 0.049447811233578519, "supply": [{"l": "Sugar", "v": 0.049447811233578519}]}, {"source": 8, "prod": 10.0, "target": 3, "value": 0.0094776048008660616, "supply": [{"l": "Fish, Seafood", "v": 0.004705319669718073}, {"l": "Pelagic Fish", "v": 0.0020470892515850256}, {"l": "Marine Fish, Other", "v": 0.0027251958795629625}]}, {"source": 9, "prod": 1.0, "target": 3, "value": 0.010321216973729412, "supply": [{"l": "Coconut Oil", "v": 0.010321216973729412}]}, {"source": 10, "prod": 1060.0, "target": 11, "value": 0.37812753429100843, "supply": [{"l": "Sugar cane", "v": 0.37812753429100843}]}, {"source": 0, "prod": 1.0, "target": 11, "value": 0.0029762109414188192, "supply": [{"l": "Barley", "v": 0.0029762109414188192}]}, {"source": 2, "prod": 1.0, "target": 12, "value": 0.008428362372907991, "supply": [{"l": "Fats, Animals, Raw", "v": 0.008428362372907991}]}, {"source": 4, "prod": 3.0, "target": 12, "value": 0.003703851983579344, "supply": [{"l": "Poultry Meat", "v": 0.00181507927677178}, {"l": "Milk - Excluding Butter", "v": 0.0018887727068075638}]}, {"source": 0, "prod": 1.0, "target": 12, "value": 0.0030708055496840342, "supply": [{"l": "Wheat", "v": 0.0030708055496840342}]}, {"source": 6, "prod": 1.0, "target": 12, "value": 0.00078927445410226129, "supply": [{"l": "Potatoes", "v": 0.00078927445410226129}]}, {"source": 7, "prod": 3.0, "target": 12, "value": 0.01236195280839463, "supply": [{"l": "Sugar", "v": 0.01236195280839463}]}, {"source": 9, "prod": 1.0, "target": 12, "value": 0.012676091410947918, "supply": [{"l": "Oilcrops Oil, Other", "v": 0.012676091410947918}]}, {"source": 6, "prod": 1.0, "target": 13, "value": 0.0010455706055541873, "supply": [{"l": "Yams", "v": 0.0010455706055541873}]}, {"source": 7, "prod": 1.0, "target": 13, "value": 0.004120650936131543, "supply": [{"l": "Sugar", "v": 0.004120650936131543}]}, {"source": 14, "prod": 8.0, "target": 11, "value": 0.067323196951833822, "supply": [{"l": "Fats, Animals, Raw", "v": 0.008428362372907991}, {"l": "Coconut Oil", "v": 0.020642433947458825}, {"l": "Sugar", "v": 0.004120650936131543}, {"l": "Beer", "v": 0.00041347564856006498}, {"l": "Oilcrops Oil, Other", "v": 0.025352182821895837}, {"l": "Butter, Ghee", "v": 0.008366091224879562}]}, {"source": 14, "prod": 32.0, "target": 0, "value": 0.10810497691517607, "supply": [{"l": "Maize", "v": 0.018997035875279008}, {"l": "Barley", "v": 0.0029762109414188192}, {"l": "Rice", "v": 0.025360700849595866}, {"l": "Cereals, Other", "v": 0.0024257238048857148}, {"l": "Wheat", "v": 0.058345305443996652}]}, {"source": 14, "prod": 44.0, "target": 1, "value": 0.059485636338007485, "supply": [{"l": "Pigmeat", "v": 0.011152588144356212}, {"l": "Milk - Excluding Butter", "v": 0.022665272481690767}, {"l": "Fish, Seafood", "v": 0.0028231918018308431}, {"l": "Mutton & Goat Meat", "v": 0.0023583425880833331}, {"l": "Bovine Meat", "v": 0.010500728335396246}, {"l": "Poultry Meat", "v": 0.0072603171070871201}, {"l": "Marine Fish, Other", "v": 0.0027251958795629625}]}, {"source": 14, "prod": 25.0, "target": 6, "value": 0.017191419771988781, "supply": [{"l": "Potatoes", "v": 0.0047356467246135684}, {"l": "Fruits, Other", "v": 0.0021260517488564273}, {"l": "Grapefruit", "v": 0.00023102131475102042}, {"l": "Vegetables, Other", "v": 0.00065002381840833688}, {"l": "Oranges, Mandarines", "v": 0.001089663242018702}, {"l": "Onions", "v": 0.00046357436208814356}, {"l": "Pulses, Other", "v": 0.0078954385612525838}]}, {"source": 2, "prod": 2.0, "target": 15, "value": 0.0068231193494496445, "supply": [{"l": "Beverages, Alcoholic", "v": 0.0068231193494496445}]}, {"source": 4, "prod": 1.0, "target": 15, "value": 0.0009443863534037819, "supply": [{"l": "Milk - Excluding Butter", "v": 0.0009443863534037819}]}, {"source": 0, "prod": 2.0, "target": 15, "value": 0.0061416110993680684, "supply": [{"l": "Wheat", "v": 0.0061416110993680684}]}, {"source": 6, "prod": 3.0, "target": 15, "value": 0.0019343553174136165, "supply": [{"l": "Fruits, Other", "v": 0.00042521034977128553}, {"l": "Onions", "v": 0.00046357436208814356}, {"l": "Yams", "v": 0.0010455706055541873}]}, {"source": 7, "prod": 95.0, "target": 15, "value": 0.39146183893249664, "supply": [{"l": "Sugar", "v": 0.39146183893249664}]}, {"source": 9, "prod": 1.0, "target": 15, "value": 0.012676091410947918, "supply": [{"l": "Oilcrops Oil, Other", "v": 0.012676091410947918}]}, {"source": 7, "prod": 3.0, "target": 16, "value": 0.01236195280839463, "supply": [{"l": "Sugar", "v": 0.01236195280839463}]}, {"source": 1, "prod": 10.0, "target": 8, "value": 0.0094776048008660616, "supply": [{"l": "Pelagic Fish", "v": 0.0020470892515850256}, {"l": "Marine Fish, Other", "v": 0.0027251958795629625}, {"l": "Fish, Seafood", "v": 0.004705319669718073}]}, {"source": 1, "prod": 51.0, "target": 4, "value": 0.07616699943797374, "supply": [{"l": "Poultry Meat", "v": 0.010890475660630679}, {"l": "Pigmeat", "v": 0.022305176288712425}, {"l": "Bovine Meat", "v": 0.010500728335396246}, {"l": "Eggs", "v": 0.0015513349914966776}, {"l": "Milk - Excluding Butter", "v": 0.027387204248709669}, {"l": "Offals, Edible", "v": 0.0011737373249447005}, {"l": "Mutton & Goat Meat", "v": 0.0023583425880833331}]}, {"source": 11, "prod": 15.0, "target": 2, "value": 0.042176859858075351, "supply": [{"l": "Fats, Animals, Raw", "v": 0.016856724745815982}, {"l": "Beer", "v": 0.0033078051884805199}, {"l": "Beverages, Alcoholic", "v": 0.013646238698899289}, {"l": "Butter, Ghee", "v": 0.008366091224879562}]}, {"source": 11, "prod": 3.0, "target": 9, "value": 0.035673399795625255, "supply": [{"l": "Coconut Oil", "v": 0.010321216973729412}, {"l": "Oilcrops Oil, Other", "v": 0.025352182821895837}]}, {"source": 11, "prod": 114.0, "target": 7, "value": 0.46975420671899598, "supply": [{"l": "Sugar", "v": 0.46975420671899598}]}, {"source": 17, "prod": 0, "target": 6, "value": 1.0638827356989445e-05, "supply": "[{\"l\":'Energy for power irrigation',\"v\":1.0638827356989445e-05}]"}, {"source": 17, "prod": 0, "target": 10, "value": 0.00025924498846916806, "supply": "[{\"l\":'Energy for power irrigation',\"v\":0.00025924498846916806}]"}, {"source": 17, "prod": 0, "target": 0, "value": 4.2799880171796613e-06, "supply": "[{\"l\":'Energy for power irrigation',\"v\":4.2799880171796613e-06}]"}, {"source": 17, "prod": 0, "target": 5, "value": 4.8914148767767564e-07, "supply": "[{\"l\":'Energy for power irrigation',\"v\":4.8914148767767564e-07}]"}, {"source": 17, "prod": 0, "target": 11, "value": 0.0033957672787604254, "supply": "[{\"l\":'Electricity',\"v\":0.0033957672787604254}]"}, {"source": 18, "prod": 0, "target": 17, "value": 0.0068699450350668042, "supply": [{"l": "Coal", "v": 0.0035456301222625609}, {"l": "Natural gas", "v": 0.0010496092612796708}, {"l": "Oil", "v": 0.0022747056515245718}]}, {"source": 19, "prod": 0, "target": 17, "value": 0.00098240043909224263, "supply": [{"l": "Nuclear", "v": 0.0001100143213754316}, {"l": "Hydroelectric", "v": 0.0008616100508092359}, {"l": "Renewable", "v": 1.0776066907575022e-05}]}, {"source": 18, "prod": 0, "target": 6, "value": 0.0022628404435393553, "supply": [{"l": "Gas-Diesel oil", "v": 0.00046267438446037396}, {"l": "Fuel oil", "v": 0.00086939744800926082}, {"l": "Other fossil fuels", "v": 0.00093076861106972044}]}, {"source": 18, "prod": 0, "target": 10, "value": 0.055140479773602681, "supply": [{"l": "Gas-Diesel oil", "v": 0.011274364310988423}, {"l": "Fuel oil", "v": 0.021185317123903827}, {"l": "Other fossil fuels", "v": 0.02268079833871043}]}, {"source": 18, "prod": 0, "target": 0, "value": 0.0009103381094698555, "supply": [{"l": "Gas-Diesel oil", "v": 0.00018613337305877113}, {"l": "Fuel oil", "v": 0.00034975759402671412}, {"l": "Other fossil fuels", "v": 0.00037444714238437027}]}, {"source": 18, "prod": 0, "target": 5, "value": 0.0001040386410822692, "supply": [{"l": "Gas-Diesel oil", "v": 2.1272385492430988e-05}, {"l": "Fuel oil", "v": 3.99722964601959e-05}, {"l": "Other fossil fuels", "v": 4.2793959129642321e-05}]}, {"source": 20, "prod": 0.17663401602849513, "target": 6, "value": 0.0017861813608827887, "supply": [{"l": "Potash", "v": 0.005640555560068}, {"l": "Phosphate", "v": 0.00084166666734000002}, {"l": "Nitrogen", "v": 0.039630000031703999}]}, {"source": 20, "prod": 4.3041852181656282, "target": 10, "value": 0.043525338908867957, "supply": [{"l": "Potash", "v": 0.005640555560068}, {"l": "Phosphate", "v": 0.00084166666734000002}, {"l": "Nitrogen", "v": 0.039630000031703999}]}, {"source": 20, "prod": 0.071059661620658951, "target": 0, "value": 0.00071857870840112193, "supply": [{"l": "Potash", "v": 0.005640555560068}, {"l": "Phosphate", "v": 0.00084166666734000002}, {"l": "Nitrogen", "v": 0.039630000031703999}]}, {"source": 20, "prod": 0.008121104185218166, "target": 5, "value": 8.2123280960128223e-05, "supply": [{"l": "Potash", "v": 0.005640555560068}, {"l": "Phosphate", "v": 0.00084166666734000002}, {"l": "Nitrogen", "v": 0.039630000031703999}]}, {"source": 18, "prod": 0, "target": 20, "value": 0.060187784224216223, "supply": [{"l": "Natural gas (including LNG)", "v": 0.038737989865697348}, {"l": "Fuel oil", "v": 0.014444352234270453}, {"l": "Liquefied petroleum gas (LPG)", "v": 0.003502721062124211}, {"l": "Coal", "v": 0.003502721062124211}]}, {"source": 21, "prod": 0, "target": 0, "value": 0.00013104550434359327, "supply": "[{\"l\":'Labor',\"v\":0.00013104550434359327}]"}, {"source": 21, "prod": 0, "target": 5, "value": 1.497662906783923e-05, "supply": "[{\"l\":'Labor',\"v\":1.497662906783923e-05}]"}, {"source": 21, "prod": 0, "target": 6, "value": 0.00032574168222550325, "supply": "[{\"l\":'Labor',\"v\":0.00032574168222550325}]"}, {"source": 21, "prod": 0, "target": 10, "value": 0.007937613405954792, "supply": "[{\"l\":'Labor',\"v\":0.007937613405954792}]"}, {"source": 18, "prod": 0, "target": 14, "value": 0.44864613799257841, "supply": "[{\"l\":'Fossil Fuels',\"v\":0.44864613799257841}]"}, {"source": 19, "prod": 0, "target": 14, "value": 0.029149207101228574, "supply": "[{\"l\":'Renewables & Nuclear',\"v\":0.0011034658524089814},{\"l\":'Biomass & Waste',\"v\":0.028045741248819592}]"}]}