{"nodes": [{"layer": 13, "name": "Other Processed", "fill": "#9c9ede"}, {"layer": 16, "name": "Food", "fill": "#b5cf6b"}, {"layer": 13, "name": "Animal Products", "fill": "#17becf"}, {"layer": 5, "name": "Cereals", "fill": "#e7ba52"}, {"layer": 5, "name": "Oilcrops", "fill": "#ff9896"}, {"layer": 13, "name": "Sugar", "fill": "#d6616b"}, {"layer": 5, "name": "Starchy Roots"}, {"layer": 5, "name": "Fruits & Vegetables"}, {"layer": 5, "name": "Others"}, {"layer": 13, "name": "Aquatic Products", "fill": "#1f77b4"}, {"layer": 13, "name": "Vegetable Oils", "fill": "#f7b6d2"}, {"layer": 10, "name": "Processing", "fill": "#9edae5"}, {"layer": 5, "name": "Sugar Crops", "fill": "#ffbb78"}, {"layer": 16, "name": "Biofuels & Other", "fill": "#e7ba52"}, {"name": "Seed", "fill": "#dbdb8d"}, {"name": "Waste", "fill": "#c7c7c7"}, {"layer": 0, "name": "Import", "fill": "#aec7e8"}, {"layer": 10, "name": "Feed", "fill": "#dbdb8d"}, {"layer": 16, "name": "Export", "fill": "#aec7e8"}, {"layer": 0, "name": "Stock Draw", "fill": "#c7c7c7"}, {"layer": 0, "name": "Production", "fill": "#b5cf6b"}], "links": [{"source": 0, "prod": 0.0092268378854606804, "target": 1, "value": 12.0, "supply": [{"l": "Beer", "v": 3.0}, {"l": "Beverages, Alcoholic", "v": 1.0}, {"l": "Wine", "v": 3.0}, {"l": "Beverages, Fermented", "v": 5.0}]}, {"source": 2, "prod": 0.037454774984153769, "target": 1, "value": 24.0, "supply": [{"l": "Pigmeat", "v": 6.0}, {"l": "Mutton & Goat Meat", "v": 1.0}, {"l": "Milk - Excluding Butter", "v": 14.0}, {"l": "Bovine Meat", "v": 2.0}, {"l": "Offals, Edible", "v": 1.0}]}, {"source": 3, "prod": 0.22585912893407606, "target": 1, "value": 57.0, "supply": [{"l": "Maize", "v": 2.0}, {"l": "Rice", "v": 39.0}, {"l": "Sorghum", "v": 2.0}, {"l": "Cereals, Other", "v": 7.0}, {"l": "Wheat", "v": 3.0}, {"l": "Millet", "v": 4.0}]}, {"source": 4, "prod": 0.0085807500890852338, "target": 1, "value": 3.0, "supply": [{"l": "Coconuts - Incl Copra", "v": 2.0}, {"l": "Groundnuts", "v": 1.0}]}, {"source": 5, "prod": 0.014296852896014922, "target": 1, "value": 4.0, "supply": [{"l": "Sugar", "v": 3.0}, {"l": "Sweeteners, Other", "v": 1.0}]}, {"source": 6, "prod": 0.045523029985670892, "target": 1, "value": 38.0, "supply": [{"l": "Potatoes", "v": 2.0}, {"l": "Roots, Other", "v": 36.0}]}, {"source": 7, "prod": 0.043192306190745579, "target": 1, "value": 51.0, "supply": [{"l": "Vegetables, Other", "v": 17.0}, {"l": "Fruits, Other", "v": 12.0}, {"l": "Pulses, Other", "v": 1.0}, {"l": "Treenuts", "v": 1.0}, {"l": "Plantains", "v": 20.0}]}, {"source": 8, "prod": 0.006332345291759669, "target": 1, "value": 1.0, "supply": [{"l": "Nuts", "v": 1.0}]}, {"source": 9, "prod": 0.0036875681942323303, "target": 1, "value": 4.0, "supply": [{"l": "Fish, Seafood", "v": 2.0}, {"l": "Marine Fish, Other", "v": 2.0}]}, {"source": 10, "prod": 0.072062963353736381, "target": 1, "value": 7.0, "supply": [{"l": "Groundnut Oil", "v": 3.0}, {"l": "Palm Oil", "v": 3.0}, {"l": "Palmkernel Oil", "v": 1.0}]}, {"source": 3, "prod": 0.0038190461287993076, "target": 11, "value": 1.0, "supply": [{"l": "Millet", "v": 1.0}]}, {"source": 12, "prod": 0.001426896355815126, "target": 11, "value": 4.0, "supply": [{"l": "Sugar cane", "v": 4.0}]}, {"source": 4, "prod": 0.20478569011680167, "target": 11, "value": 70.329896907216494, "supply": [{"l": "Coconuts - Incl Copra", "v": 35.0}, {"l": "Palm kernels", "v": 3.0}, {"l": "Groundnuts", "v": 8.0}, {"l": "Oil Palm", "v": 24.329896907216494}]}, {"source": 10, "prod": 0.06310633011988763, "target": 13, "value": 6.0, "supply": [{"l": "Palm Oil", "v": 2.0}, {"l": "Coconut Oil", "v": 4.0}]}, {"source": 3, "prod": 0.0084884642848846812, "target": 14, "value": 2.0, "supply": [{"l": "Rice", "v": 2.0}]}, {"source": 4, "prod": 0.025185744768430621, "target": 14, "value": 4.0, "supply": [{"l": "Groundnuts", "v": 4.0}]}, {"source": 6, "prod": 0.0048834223992905938, "target": 15, "value": 4.0, "supply": [{"l": "Roots, Other", "v": 4.0}]}, {"source": 7, "prod": 0.0077074690082099325, "target": 15, "value": 12.0, "supply": [{"l": "Vegetables, Other", "v": 4.0}, {"l": "Plantains", "v": 5.0}, {"l": "Fruits, Other", "v": 3.0}]}, {"source": 3, "prod": 0.0073399985367894934, "target": 15, "value": 2.0, "supply": [{"l": "Cereals, Other", "v": 1.0}, {"l": "Rice", "v": 1.0}]}, {"source": 4, "prod": 0.0062964361921076552, "target": 15, "value": 1.0, "supply": [{"l": "Groundnuts", "v": 1.0}]}, {"source": 16, "prod": 0.018180672436282568, "target": 11, "value": 10.0, "supply": [{"l": "Sweeteners, Other", "v": 1.0}, {"l": "Wine", "v": 3.0}, {"l": "Beer", "v": 3.0}, {"l": "Sugar", "v": 3.0}]}, {"source": 16, "prod": 0.093981107117168228, "target": 3, "value": 23.0, "supply": [{"l": "Wheat", "v": 3.0}, {"l": "Rice", "v": 20.0}]}, {"source": 16, "prod": 0.0032704288586671805, "target": 17, "value": 5.0, "supply": [{"l": "Milk - Excluding Butter", "v": 5.0}]}, {"source": 16, "prod": 0.0015722283920555555, "target": 6, "value": 2.0, "supply": [{"l": "Potatoes", "v": 2.0}]}, {"source": 16, "prod": 0.000257608293106632, "target": 7, "value": 1.0, "supply": [{"l": "Vegetables, Other", "v": 1.0}]}, {"source": 7, "prod": 0.0082457158115719423, "target": 18, "value": 1.0, "supply": [{"l": "Treenuts", "v": 1.0}]}, {"source": 4, "prod": 0.080418687824078877, "target": 18, "value": 14.0, "supply": [{"l": "Palm kernels", "v": 3.0}, {"l": "Groundnuts", "v": 11.0}]}, {"source": 8, "prod": 0.006332345291759669, "target": 18, "value": 1.0, "supply": [{"l": "Nuts", "v": 1.0}]}, {"source": 19, "prod": 0.01259287238421531, "target": 4, "value": 2.0, "supply": [{"l": "Groundnuts", "v": 2.0}]}, {"source": 20, "prod": 0.15448013508697872, "target": 3, "value": 40.0, "supply": [{"l": "Maize", "v": 2.0}, {"l": "Rice", "v": 21.0}, {"l": "Sorghum", "v": 3.0}, {"l": "Cereals, Other", "v": 8.0}, {"l": "Millet", "v": 6.0}]}, {"source": 20, "prod": 0.31267443660628874, "target": 4, "value": 90.329896907216494, "supply": [{"l": "Coconuts - Incl Copra", "v": 37.0}, {"l": "Groundnuts", "v": 23.0}, {"l": "Palm kernels", "v": 6.0}, {"l": "Oil Palm", "v": 24.329896907216494}]}, {"source": 20, "prod": 0.001426896355815126, "target": 12, "value": 4.0, "supply": [{"l": "Sugar cane", "v": 4.0}]}, {"source": 20, "prod": 0.048834223992905941, "target": 6, "value": 40.0, "supply": [{"l": "Roots, Other", "v": 40.0}]}, {"source": 20, "prod": 0.070496364172912648, "target": 7, "value": 64.0, "supply": [{"l": "Plantains", "v": 25.0}, {"l": "Pulses, Other", "v": 2.0}, {"l": "Treenuts", "v": 3.0}, {"l": "Fruits, Other", "v": 14.0}, {"l": "Vegetables, Other", "v": 20.0}]}, {"source": 20, "prod": 0.018997035875279008, "target": 8, "value": 3.0, "supply": [{"l": "Nuts", "v": 3.0}]}, {"source": 17, "prod": 0.0036875681942323303, "target": 9, "value": 4.0, "supply": [{"l": "Marine Fish, Other", "v": 2.0}, {"l": "Fish, Seafood", "v": 2.0}]}, {"source": 17, "prod": 0.037454774984153769, "target": 2, "value": 24.0, "supply": [{"l": "Milk - Excluding Butter", "v": 14.0}, {"l": "Bovine Meat", "v": 2.0}, {"l": "Pigmeat", "v": 6.0}, {"l": "Offals, Edible", "v": 1.0}, {"l": "Mutton & Goat Meat", "v": 1.0}]}, {"source": 11, "prod": 0.0092268378854606804, "target": 0, "value": 12.0, "supply": [{"l": "Beer", "v": 3.0}, {"l": "Beverages, Alcoholic", "v": 1.0}, {"l": "Beverages, Fermented", "v": 5.0}, {"l": "Wine", "v": 3.0}]}, {"source": 11, "prod": 0.135169293473624, "target": 10, "value": 13.0, "supply": [{"l": "Palm Oil", "v": 5.0}, {"l": "Palmkernel Oil", "v": 1.0}, {"l": "Coconut Oil", "v": 4.0}, {"l": "Groundnut Oil", "v": 3.0}]}, {"source": 11, "prod": 0.014296852896014922, "target": 5, "value": 4.0, "supply": [{"l": "Sweeteners, Other", "v": 1.0}, {"l": "Sugar", "v": 3.0}]}]}