{"nodes": [{"layer": 5, "name": "Cereals", "fill": "#e7ba52"}, {"layer": 10, "name": "Feed", "fill": "#dbdb8d"}, {"layer": 13, "name": "Other Processed", "fill": "#9c9ede"}, {"layer": 16, "name": "Food", "fill": "#b5cf6b"}, {"layer": 13, "name": "Animal Products", "fill": "#17becf"}, {"layer": 5, "name": "Oilcrops", "fill": "#ff9896"}, {"layer": 13, "name": "Sugar", "fill": "#d6616b"}, {"layer": 5, "name": "Starchy Roots"}, {"layer": 5, "name": "Fruits & Vegetables"}, {"layer": 5, "name": "Others"}, {"layer": 13, "name": "Aquatic Products", "fill": "#1f77b4"}, {"layer": 13, "name": "Vegetable Oils", "fill": "#f7b6d2"}, {"layer": 5, "name": "Sugar Crops", "fill": "#ffbb78"}, {"layer": 10, "name": "Processing", "fill": "#9edae5"}, {"layer": 16, "name": "Biofuels & Other", "fill": "#e7ba52"}, {"name": "Waste", "fill": "#c7c7c7"}, {"layer": 2, "name": "Import", "fill": "#aec7e8"}, {"layer": 16, "name": "Export", "fill": "#aec7e8"}, {"layer": 0, "name": "Stock Draw", "fill": "#c7c7c7"}, {"layer": 2, "name": "Electricity", "fill": "#bcbd22"}, {"layer": 0, "name": "Fossil Fuels", "fill": "#c49c94"}, {"layer": 0, "name": "Renewables & Nuclear", "fill": "#2ca02c"}, {"layer": 2, "name": "Fertilizers", "fill": "#c5b0d5"}, {"layer": 0, "name": "Labor", "fill": "#7f7f7f"}], "links": [{"source": 0, "prod": 4.0, "target": 1, "value": 0.015218212350537792, "supply": [{"l": "Maize", "v": 0.0036955471483367695}, {"l": "Millet", "v": 0.011522665202201021}]}, {"source": 2, "prod": 27.0, "target": 3, "value": 0.023403727741221153, "supply": [{"l": "Fats, Animals, Raw", "v": 0.0086339321868813563}, {"l": "Beer", "v": 0.0018456594167608694}, {"l": "Beverages, Alcoholic", "v": 0.0035082782302066117}, {"l": "Wine", "v": 0.0005895856470208334}, {"l": "Beverages, Fermented", "v": 0.0088262722603514848}]}, {"source": 4, "prod": 30.0, "target": 3, "value": 0.054744144953649279, "supply": [{"l": "Pigmeat", "v": 0.03257491730613632}, {"l": "Milk - Excluding Butter", "v": 0.011204989359643506}, {"l": "Bovine Meat", "v": 0.0065870948149913799}, {"l": "Poultry Meat", "v": 0.0015160773780535715}, {"l": "Offals, Edible", "v": 0.001358405330736}, {"l": "Mutton & Goat Meat", "v": 0.0015026607640884959}]}, {"source": 0, "prod": 138.0, "target": 3, "value": 0.54557540080833133, "supply": [{"l": "Maize", "v": 0.029564377186694156}, {"l": "Rice", "v": 0.36896690170276314}, {"l": "Sorghum", "v": 0.061003105308128983}, {"l": "Cereals, Other", "v": 0.015612884330651096}, {"l": "Wheat", "v": 0.024337471471289965}, {"l": "Millet", "v": 0.046090660808804085}]}, {"source": 5, "prod": 3.0, "target": 3, "value": 0.0088759439224227292, "supply": [{"l": "Coconuts - Incl Copra", "v": 0.0023154636319363637}, {"l": "Groundnuts", "v": 0.0065604802904863646}]}, {"source": 6, "prod": 3.0, "target": 3, "value": 0.012653415039908654, "supply": [{"l": "Sugar", "v": 0.012653415039908654}]}, {"source": 7, "prod": 49.0, "target": 3, "value": 0.060441542320246192, "supply": [{"l": "Roots, Other", "v": 0.048852518075468643}, {"l": "Cassava", "v": 0.011589024244777552}]}, {"source": 8, "prod": 63.0, "target": 3, "value": 0.075671183603403122, "supply": [{"l": "Plantains", "v": 0.023766759933617196}, {"l": "Pulses, Other", "v": 0.0077182121064545452}, {"l": "Lemons, Limes", "v": 0.00036753390983116881}, {"l": "Treenuts", "v": 0.03208892373949454}, {"l": "Fruits, Other", "v": 0.0071843129479825397}, {"l": "Vegetables, Other", "v": 0.0042546864003690206}, {"l": "Oranges, Mandarines", "v": 0.0002907545656541096}]}, {"source": 9, "prod": 5.0, "target": 3, "value": 0.031571360453373651, "supply": [{"l": "Nuts", "v": 0.031571360453373651}]}, {"source": 10, "prod": 4.0, "target": 3, "value": 0.0034616986076268078, "supply": [{"l": "Pelagic Fish", "v": 0.0011171096469868424}, {"l": "Fish, Seafood", "v": 0.0015436424212909091}, {"l": "Marine Fish, Other", "v": 0.00080094653934905671}]}, {"source": 11, "prod": 13.0, "target": 3, "value": 0.13384206189539216, "supply": [{"l": "Groundnut Oil", "v": 0.041302864785891895}, {"l": "Oilcrops Oil, Other", "v": 0.030727010115667155}, {"l": "Soyabean Oil", "v": 0.020625504668661018}, {"l": "Palm Oil", "v": 0.030977148589418923}, {"l": "Palmkernel Oil", "v": 0.010209533735753167}]}, {"source": 12, "prod": 5.0, "target": 13, "value": 0.0018350216103242079, "supply": [{"l": "Sugar cane", "v": 0.0018350216103242079}]}, {"source": 0, "prod": 6.0, "target": 13, "value": 0.021391265296660814, "supply": [{"l": "Barley", "v": 0.0035423042771719677}, {"l": "Millet", "v": 0.0076817768014673486}, {"l": "Sorghum", "v": 0.010167184218021496}]}, {"source": 5, "prod": 62.45945945945946, "target": 13, "value": 0.1945198051153747, "supply": [{"l": "Groundnuts", "v": 0.065604802904863646}, {"l": "Coconuts - Incl Copra", "v": 0.034731954479045458}, {"l": "Palm kernels", "v": 0.011577318159681819}, {"l": "Oil Palm", "v": 0.08260572957178379}]}, {"source": 11, "prod": 5.0, "target": 14, "value": 0.050754446277901558, "supply": [{"l": "Palm Oil", "v": 0.010325716196472974}, {"l": "Coconut Oil", "v": 0.040428730081428582}]}, {"source": 5, "prod": 3.0, "target": 14, "value": 0.011577318159681819, "supply": [{"l": "Cottonseed", "v": 0.011577318159681819}]}, {"source": 0, "prod": 4.0, "target": 0, "value": 0.016112058016447276, "supply": [{"l": "Rice", "v": 0.012722996610440112}, {"l": "Sorghum", "v": 0.003389061406007165}]}, {"source": 5, "prod": 3.0, "target": 5, "value": 0.019681440871459094, "supply": [{"l": "Groundnuts", "v": 0.019681440871459094}]}, {"source": 4, "prod": 1.0, "target": 15, "value": 0.00074699929064290041, "supply": [{"l": "Milk - Excluding Butter", "v": 0.00074699929064290041}]}, {"source": 0, "prod": 8.0, "target": 15, "value": 0.031278553841671587, "supply": [{"l": "Maize", "v": 0.0036955471483367695}, {"l": "Millet", "v": 0.0038408884007336743}, {"l": "Rice", "v": 0.016963995480586812}, {"l": "Sorghum", "v": 0.00677812281201433}]}, {"source": 5, "prod": 1.0, "target": 15, "value": 0.0065604802904863646, "supply": [{"l": "Groundnuts", "v": 0.0065604802904863646}]}, {"source": 7, "prod": 5.0, "target": 15, "value": 0.0061065647594335803, "supply": [{"l": "Roots, Other", "v": 0.0061065647594335803}]}, {"source": 8, "prod": 14.0, "target": 15, "value": 0.015220976310210542, "supply": [{"l": "Treenuts", "v": 0.0064177847478989079}, {"l": "Plantains", "v": 0.0062000243305088357}, {"l": "Fruits, Other", "v": 0.0015394956317105442}, {"l": "Vegetables, Other", "v": 0.0010636716000922552}]}, {"source": 9, "prod": 1.0, "target": 15, "value": 0.0063142720906747309, "supply": [{"l": "Nuts", "v": 0.0063142720906747309}]}, {"source": 16, "prod": 9.0, "target": 13, "value": 0.064595515471257664, "supply": [{"l": "Soyabean Oil", "v": 0.020625504668661018}, {"l": "Sugar", "v": 0.012653415039908654}, {"l": "Oilcrops Oil, Other", "v": 0.030727010115667155}, {"l": "Wine", "v": 0.0005895856470208334}]}, {"source": 16, "prod": 31.0, "target": 0, "value": 0.11862593849927079, "supply": [{"l": "Wheat", "v": 0.024337471471289965}, {"l": "Barley", "v": 0.0035423042771719677}, {"l": "Rice", "v": 0.080578978532787351}, {"l": "Sorghum", "v": 0.010167184218021496}]}, {"source": 16, "prod": 5.0, "target": 1, "value": 0.0041299287295609981, "supply": [{"l": "Pelagic Fish", "v": 0.0011171096469868424}, {"l": "Milk - Excluding Butter", "v": 0.0022409978719287013}, {"l": "Fish, Seafood", "v": 0.00077182121064545454}]}, {"source": 10, "prod": 4.0, "target": 17, "value": 0.0029360199535729452, "supply": [{"l": "Demersal Fish", "v": 0.00088701840626417903}, {"l": "Fish, Seafood", "v": 0.0015436424212909091}, {"l": "Crustaceans", "v": 0.00050535912601785721}]}, {"source": 8, "prod": 7.0, "target": 17, "value": 0.044924493235292358, "supply": [{"l": "Treenuts", "v": 0.044924493235292358}]}, {"source": 5, "prod": 6.0, "target": 17, "value": 0.033960133268400007, "supply": [{"l": "Groundnuts", "v": 0.026241921161945458}, {"l": "Palm kernels", "v": 0.007718212106454546}]}, {"source": 9, "prod": 7.0, "target": 17, "value": 0.044199904634723113, "supply": [{"l": "Nuts", "v": 0.044199904634723113}]}, {"source": 18, "prod": 3.0, "target": 0, "value": 0.012722996610440112, "supply": [{"l": "Rice", "v": 0.012722996610440112}]}, {"source": 1, "prod": 8.0, "target": 10, "value": 0.0063977185611997535, "supply": [{"l": "Demersal Fish", "v": 0.00088701840626417903}, {"l": "Pelagic Fish", "v": 0.0011171096469868424}, {"l": "Marine Fish, Other", "v": 0.00080094653934905671}, {"l": "Fish, Seafood", "v": 0.0030872848425818182}, {"l": "Crustaceans", "v": 0.00050535912601785721}]}, {"source": 1, "prod": 31.0, "target": 4, "value": 0.055491144244292183, "supply": [{"l": "Poultry Meat", "v": 0.0015160773780535715}, {"l": "Pigmeat", "v": 0.03257491730613632}, {"l": "Bovine Meat", "v": 0.0065870948149913799}, {"l": "Milk - Excluding Butter", "v": 0.011951988650286407}, {"l": "Offals, Edible", "v": 0.001358405330736}, {"l": "Mutton & Goat Meat", "v": 0.0015026607640884959}]}, {"source": 13, "prod": 27.0, "target": 2, "value": 0.023403727741221153, "supply": [{"l": "Fats, Animals, Raw", "v": 0.0086339321868813563}, {"l": "Beer", "v": 0.0018456594167608694}, {"l": "Beverages, Alcoholic", "v": 0.0035082782302066117}, {"l": "Beverages, Fermented", "v": 0.0088262722603514848}, {"l": "Wine", "v": 0.0005895856470208334}]}, {"source": 13, "prod": 18.0, "target": 11, "value": 0.18459650817329371, "supply": [{"l": "Soyabean Oil", "v": 0.020625504668661018}, {"l": "Coconut Oil", "v": 0.040428730081428582}, {"l": "Groundnut Oil", "v": 0.041302864785891895}, {"l": "Palm Oil", "v": 0.041302864785891895}, {"l": "Palmkernel Oil", "v": 0.010209533735753167}, {"l": "Oilcrops Oil, Other", "v": 0.030727010115667155}]}, {"source": 13, "prod": 3.0, "target": 6, "value": 0.012653415039908654, "supply": [{"l": "Sugar", "v": 0.012653415039908654}]}, {"source": 19, "prod": 0, "target": 0, "value": 0.0015481061969176877, "supply": "[{\"l\":'Energy for power irrigation',\"v\":0.0015481061969176877}]"}, {"source": 19, "prod": 0, "target": 5, "value": 0.0008583998261201504, "supply": "[{\"l\":'Energy for power irrigation',\"v\":0.0008583998261201504}]"}, {"source": 19, "prod": 0, "target": 12, "value": 5.4703399184370598e-05, "supply": "[{\"l\":'Energy for power irrigation',\"v\":5.4703399184370598e-05}]"}, {"source": 19, "prod": 0, "target": 7, "value": 0.00059079671119120238, "supply": "[{\"l\":'Energy for power irrigation',\"v\":0.00059079671119120238}]"}, {"source": 19, "prod": 0, "target": 8, "value": 0.00091901710629742599, "supply": "[{\"l\":'Energy for power irrigation',\"v\":0.00091901710629742599}]"}, {"source": 19, "prod": 0, "target": 9, "value": 0.00014222883787936354, "supply": "[{\"l\":'Energy for power irrigation',\"v\":0.00014222883787936354}]"}, {"source": 19, "prod": 0, "target": 13, "value": 0.00025623276060727232, "supply": "[{\"l\":'Electricity',\"v\":0.00025623276060727232}]"}, {"source": 20, "prod": 0, "target": 19, "value": 0.0029779212913023517, "supply": [{"l": "Coal", "v": 7.1661215735965283e-05}, {"l": "Natural gas", "v": 0.0011577385781989392}, {"l": "Oil", "v": 0.001748521497367447}]}, {"source": 21, "prod": 0, "target": 19, "value": 0.0031406799204953084, "supply": [{"l": "Nuclear", "v": 0.0}, {"l": "Hydroelectric", "v": 0.0031321152493888004}, {"l": "Renewable", "v": 8.5646711065080897e-06}]}, {"source": 20, "prod": 0, "target": 0, "value": 0.0031688900828430191, "supply": [{"l": "Other fossil fuels", "v": 0.0031688900828430191}]}, {"source": 20, "prod": 0, "target": 5, "value": 0.0017570982543201766, "supply": [{"l": "Other fossil fuels", "v": 0.0017570982543201766}]}, {"source": 20, "prod": 0, "target": 12, "value": 0.00011197491458809255, "supply": [{"l": "Other fossil fuels", "v": 0.00011197491458809255}]}, {"source": 20, "prod": 0, "target": 7, "value": 0.0012093290775513994, "supply": [{"l": "Other fossil fuels", "v": 0.0012093290775513994}]}, {"source": 20, "prod": 0, "target": 8, "value": 0.0018811785650799549, "supply": [{"l": "Other fossil fuels", "v": 0.0018811785650799549}]}, {"source": 20, "prod": 0, "target": 9, "value": 0.0002911347779290406, "supply": [{"l": "Other fossil fuels", "v": 0.0002911347779290406}]}, {"source": 22, "prod": 0.25365778488361512, "target": 0, "value": 0.0029573956897755715, "supply": [{"l": "Potash", "v": 0.00022537664659051147}, {"l": "Phosphate", "v": 0.00092869196816082391}, {"l": "Nitrogen", "v": 0.0067036054837345954}]}, {"source": 22, "prod": 0.14064913561591724, "target": 5, "value": 0.0016398280369436509, "supply": [{"l": "Potash", "v": 0.00022537664659051147}, {"l": "Phosphate", "v": 0.00092869196816082391}, {"l": "Nitrogen", "v": 0.0067036054837345954}]}, {"source": 22, "prod": 0.0089631726107284506, "target": 12, "value": 0.00010450161447970218, "supply": [{"l": "Potash", "v": 0.00022537664659051147}, {"l": "Phosphate", "v": 0.00092869196816082391}, {"l": "Nitrogen", "v": 0.0067036054837345954}]}, {"source": 22, "prod": 0.096802264195867252, "target": 7, "value": 0.0011286174363807834, "supply": [{"l": "Potash", "v": 0.00022537664659051147}, {"l": "Phosphate", "v": 0.00092869196816082391}, {"l": "Nitrogen", "v": 0.0067036054837345954}]}, {"source": 22, "prod": 0.15058129986023797, "target": 8, "value": 0.0017556271232589966, "supply": [{"l": "Potash", "v": 0.00022537664659051147}, {"l": "Phosphate", "v": 0.00092869196816082391}, {"l": "Nitrogen", "v": 0.0067036054837345954}]}, {"source": 22, "prod": 0.023304248787893968, "target": 9, "value": 0.00027170419764722568, "supply": [{"l": "Potash", "v": 0.00022537664659051147}, {"l": "Phosphate", "v": 0.00092869196816082391}, {"l": "Nitrogen", "v": 0.0067036054837345954}]}, {"source": 20, "prod": 0, "target": 22, "value": 0.009449388814215684, "supply": [{"l": "Natural gas (including LNG)", "v": 0.006408830358320591}, {"l": "Fuel oil", "v": 0.0018555541611050943}, {"l": "Liquefied petroleum gas (LPG)", "v": 0.0005925021473949997}, {"l": "Coal", "v": 0.0005925021473949997}]}, {"source": 23, "prod": 0, "target": 0, "value": 0.074004948553079528, "supply": "[{\"l\":'Labor',\"v\":0.074004948553079528}]"}, {"source": 23, "prod": 0, "target": 5, "value": 0.041034546012718914, "supply": "[{\"l\":'Labor',\"v\":0.041034546012718914}]"}, {"source": 23, "prod": 0, "target": 12, "value": 0.002615015849932139, "supply": "[{\"l\":'Labor',\"v\":0.002615015849932139}]"}, {"source": 23, "prod": 0, "target": 7, "value": 0.028242171179267101, "supply": "[{\"l\":'Labor',\"v\":0.028242171179267101}]"}, {"source": 23, "prod": 0, "target": 8, "value": 0.043932266278859933, "supply": "[{\"l\":'Labor',\"v\":0.043932266278859933}]"}, {"source": 23, "prod": 0, "target": 9, "value": 0.0067990412098235609, "supply": "[{\"l\":'Labor',\"v\":0.0067990412098235609}]"}, {"source": 20, "prod": 0, "target": 16, "value": 0.0098290088307759586, "supply": "[{\"l\":'Fossil Fuels',\"v\":0.0098290088307759586}]"}, {"source": 21, "prod": 0, "target": 16, "value": 0.052830434191592397, "supply": "[{\"l\":'Renewables & Nuclear',\"v\":0.0011812602478146928},{\"l\":'Biomass & Waste',\"v\":0.051649173943777701}]"}]}