{"nodes": [{"layer": 13, "name": "Other Processed", "fill": "#9c9ede"}, {"layer": 16, "name": "Food", "fill": "#b5cf6b"}, {"layer": 13, "name": "Animal Products", "fill": "#17becf"}, {"layer": 5, "name": "Cereals", "fill": "#e7ba52"}, {"layer": 5, "name": "Oilcrops", "fill": "#ff9896"}, {"layer": 5, "name": "Fruits, Roots & Vegetables", "fill": "#98df8a"}, {"layer": 13, "name": "Sugar", "fill": "#d6616b"}, {"layer": 13, "name": "Aquatic Products", "fill": "#1f77b4"}, {"layer": 13, "name": "Vegetable Oils", "fill": "#f7b6d2"}, {"layer": 10, "name": "Processing", "fill": "#9edae5"}, {"layer": 5, "name": "Sugar Crops", "fill": "#ffbb78"}, {"layer": 16, "name": "Biofuels & Other", "fill": "#e7ba52"}, {"name": "Waste", "fill": "#c7c7c7"}, {"layer": 2, "name": "Import", "fill": "#aec7e8"}, {"layer": 10, "name": "Feed", "fill": "#dbdb8d"}, {"layer": 16, "name": "Export", "fill": "#aec7e8"}, {"layer": 2, "name": "Electricity", "fill": "#bcbd22"}, {"layer": 0, "name": "Fossil Fuels", "fill": "#c49c94"}, {"layer": 0, "name": "Renewables & Nuclear", "fill": "#2ca02c"}, {"layer": 2, "name": "Fertilizers", "fill": "#c5b0d5"}, {"layer": 0, "name": "Labor", "fill": "#7f7f7f"}], "links": [{"source": 0, "prod": 9.0, "target": 1, "value": 0.0077968029000463554, "supply": [{"l": "Beverages, Alcoholic", "v": 0.0034512330557317072}, {"l": "Wine", "v": 0.0023983144963559324}, {"l": "Beverages, Fermented", "v": 0.001947255347958716}]}, {"source": 2, "prod": 19.0, "target": 1, "value": 0.032533417078897772, "supply": [{"l": "Pigmeat", "v": 0.01806390067468085}, {"l": "Mutton & Goat Meat", "v": 0.0018258136165806452}, {"l": "Milk - Excluding Butter", "v": 0.0071949434890677963}, {"l": "Bovine Meat", "v": 0.0043316496515816332}, {"l": "Offals, Edible", "v": 0.0011171096469868422}]}, {"source": 3, "prod": 59.0, "target": 1, "value": 0.22353168982233879, "supply": [{"l": "Maize", "v": 0.0074912058680294122}, {"l": "Rice", "v": 0.13137425451271281}, {"l": "Sorghum", "v": 0.0067152805897966105}, {"l": "Cereals, Other", "v": 0.052651616923271527}, {"l": "Wheat", "v": 0.0060311712088688529}, {"l": "Millet", "v": 0.019268160719659578}]}, {"source": 4, "prod": 2.0, "target": 1, "value": 0.0074042602714918682, "supply": [{"l": "Coconuts - Incl Copra", "v": 0.0010047376706627219}, {"l": "Groundnuts", "v": 0.0063995226008291464}]}, {"source": 5, "prod": 83.0, "target": 1, "value": 0.091943282610554677, "supply": [{"l": "Vegetables, Other", "v": 0.003445486986127992}, {"l": "Potatoes", "v": 0.0017267864373762712}, {"l": "Fruits, Other", "v": 0.0054296724702383725}, {"l": "Pulses, Other", "v": 0.003985931134788733}, {"l": "Nuts", "v": 0.0063358457590298525}, {"l": "Treenuts", "v": 0.008323562075588235}, {"l": "Roots, Other", "v": 0.04401100408176091}, {"l": "Plantains", "v": 0.018684993665644314}]}, {"source": 6, "prod": 1.0, "target": 1, "value": 0.0041822824222167492, "supply": [{"l": "Sugar", "v": 0.0041822824222167492}]}, {"source": 7, "prod": 4.0, "target": 1, "value": 0.0031634657997379528, "supply": [{"l": "Fish, Seafood", "v": 0.0013277292830671955}, {"l": "Demersal Fish", "v": 0.00091290680829032259}, {"l": "Marine Fish, Other", "v": 0.00092282970838043483}]}, {"source": 8, "prod": 6.0, "target": 1, "value": 0.061670689931262658, "supply": [{"l": "Groundnut Oil", "v": 0.020581898950545456}, {"l": "Palm Oil", "v": 0.041088790980717202}]}, {"source": 3, "prod": 1.0, "target": 9, "value": 0.0038536321439319155, "supply": [{"l": "Millet", "v": 0.0038536321439319155}]}, {"source": 10, "prod": 4.0, "target": 9, "value": 0.0014091341605145227, "supply": [{"l": "Sugar cane", "v": 0.0014091341605145227}]}, {"source": 4, "prod": 53.037900874635568, "target": 9, "value": 0.17435400168888904, "supply": [{"l": "Coconuts - Incl Copra", "v": 0.019090015742591716}, {"l": "Groundnuts", "v": 0.031997613004145734}, {"l": "Oil Palm", "v": 0.12326637294215161}]}, {"source": 8, "prod": 4.0, "target": 11, "value": 0.039411136195025273, "supply": [{"l": "Palm Oil", "v": 0.020544395490358601}, {"l": "Coconut Oil", "v": 0.018866740704666669}]}, {"source": 3, "prod": 4.0, "target": 3, "value": 0.016951516711317782, "supply": [{"l": "Rice", "v": 0.016951516711317782}]}, {"source": 4, "prod": 5.0, "target": 4, "value": 0.031997613004145734, "supply": [{"l": "Groundnuts", "v": 0.031997613004145734}]}, {"source": 5, "prod": 14.0, "target": 12, "value": 0.011318264525252345, "supply": [{"l": "Vegetables, Other", "v": 0.00079511238141415216}, {"l": "Roots, Other", "v": 0.0048901115646401011}, {"l": "Plantains", "v": 0.0041522208145876255}, {"l": "Fruits, Other", "v": 0.0014808197646104652}]}, {"source": 3, "prod": 3.0, "target": 12, "value": 0.011572912292321923, "supply": [{"l": "Cereals, Other", "v": 0.0030971539366630315}, {"l": "Rice", "v": 0.0084757583556588911}]}, {"source": 4, "prod": 2.0, "target": 12, "value": 0.012799045201658293, "supply": [{"l": "Groundnuts", "v": 0.012799045201658293}]}, {"source": 13, "prod": 4.0, "target": 9, "value": 0.0065805969185726816, "supply": [{"l": "Wine", "v": 0.0023983144963559324}, {"l": "Sugar", "v": 0.0041822824222167492}]}, {"source": 13, "prod": 5.0, "target": 3, "value": 0.018744808742357188, "supply": [{"l": "Rice", "v": 0.012713637533488335}, {"l": "Wheat", "v": 0.0060311712088688529}]}, {"source": 13, "prod": 4.0, "target": 14, "value": 0.0030157601476374796, "supply": [{"l": "Milk - Excluding Butter", "v": 0.0014389886978135593}, {"l": "Demersal Fish", "v": 0.00091290680829032259}, {"l": "Fish, Seafood", "v": 0.00066386464153359774}]}, {"source": 13, "prod": 3.0, "target": 5, "value": 0.0019918238978476549, "supply": [{"l": "Potatoes", "v": 0.0017267864373762712}, {"l": "Vegetables, Other", "v": 0.00026503746047138398}]}, {"source": 5, "prod": 2.0, "target": 15, "value": 0.014659407834618087, "supply": [{"l": "Treenuts", "v": 0.008323562075588235}, {"l": "Nuts", "v": 0.0063358457590298525}]}, {"source": 4, "prod": 42.0, "target": 15, "value": 0.23641123965382563, "supply": [{"l": "Palm kernels", "v": 0.044425561628951199}, {"l": "Groundnuts", "v": 0.19198567802487443}]}, {"source": 14, "prod": 4.0, "target": 7, "value": 0.0031634657997379528, "supply": [{"l": "Marine Fish, Other", "v": 0.00092282970838043483}, {"l": "Demersal Fish", "v": 0.00091290680829032259}, {"l": "Fish, Seafood", "v": 0.0013277292830671955}]}, {"source": 14, "prod": 19.0, "target": 2, "value": 0.032533417078897772, "supply": [{"l": "Milk - Excluding Butter", "v": 0.0071949434890677963}, {"l": "Bovine Meat", "v": 0.0043316496515816332}, {"l": "Pigmeat", "v": 0.01806390067468085}, {"l": "Offals, Edible", "v": 0.0011171096469868422}, {"l": "Mutton & Goat Meat", "v": 0.0018258136165806452}]}, {"source": 9, "prod": 9.0, "target": 0, "value": 0.0077968029000463554, "supply": [{"l": "Beverages, Alcoholic", "v": 0.0034512330557317072}, {"l": "Beverages, Fermented", "v": 0.001947255347958716}, {"l": "Wine", "v": 0.0023983144963559324}]}, {"source": 9, "prod": 10.0, "target": 8, "value": 0.10108182612628794, "supply": [{"l": "Palm Oil", "v": 0.061633186471075803}, {"l": "Coconut Oil", "v": 0.018866740704666669}, {"l": "Groundnut Oil", "v": 0.020581898950545456}]}, {"source": 9, "prod": 1.0, "target": 6, "value": 0.0041822824222167492, "supply": [{"l": "Sugar", "v": 0.0041822824222167492}]}, {"source": 16, "prod": 0, "target": 5, "value": 0.0014775164902184508, "supply": "[{\"l\":'Energy for power irrigation',\"v\":0.0014775164902184508}]"}, {"source": 16, "prod": 0, "target": 10, "value": 6.0928515060554682e-05, "supply": "[{\"l\":'Energy for power irrigation',\"v\":6.0928515060554682e-05}]"}, {"source": 16, "prod": 0, "target": 3, "value": 0.00099008836973401367, "supply": "[{\"l\":'Energy for power irrigation',\"v\":0.00099008836973401367}]"}, {"source": 16, "prod": 0, "target": 4, "value": 0.0015847187025771821, "supply": "[{\"l\":'Energy for power irrigation',\"v\":0.0015847187025771821}]"}, {"source": 16, "prod": 0, "target": 9, "value": 6.6697161527185279e-05, "supply": "[{\"l\":'Electricity',\"v\":6.6697161527185279e-05}]"}, {"source": 17, "prod": 0, "target": 16, "value": 0.0031960824858041962, "supply": [{"l": "Coal", "v": 0.00022250273639363202}, {"l": "Natural gas", "v": 0.00041462579050211825}, {"l": "Oil", "v": 0.0025589539589084458}]}, {"source": 18, "prod": 0, "target": 16, "value": 0.0029590666092428339, "supply": [{"l": "Nuclear", "v": 0.0}, {"l": "Hydroelectric", "v": 0.0029419275935685836}, {"l": "Renewable", "v": 1.71390156742502e-05}]}, {"source": 17, "prod": 0, "target": 5, "value": 0.0022449130527343029, "supply": [{"l": "Other fossil fuels", "v": 0.0022449130527343029}]}, {"source": 17, "prod": 0, "target": 10, "value": 9.2573734133373324e-05, "supply": [{"l": "Other fossil fuels", "v": 9.2573734133373324e-05}]}, {"source": 17, "prod": 0, "target": 3, "value": 0.0015043231796673165, "supply": [{"l": "Other fossil fuels", "v": 0.0015043231796673165}]}, {"source": 17, "prod": 0, "target": 4, "value": 0.0024077942438406903, "supply": [{"l": "Other fossil fuels", "v": 0.0024077942438406903}]}, {"source": 19, "prod": 0.061563097503753168, "target": 5, "value": 0.00068336047854323958, "supply": [{"l": "Potash", "v": 0.00010509728572487185}, {"l": "Phosphate", "v": 0.00017711470873800147}, {"l": "Nitrogen", "v": 0.0016201924299340635}]}, {"source": 19, "prod": 0.0025386844331444607, "target": 10, "value": 2.8179813548174831e-05, "supply": [{"l": "Potash", "v": 0.00010509728572487185}, {"l": "Phosphate", "v": 0.00017711470873800147}, {"l": "Nitrogen", "v": 0.0016201924299340635}]}, {"source": 19, "prod": 0.041253622038597483, "target": 3, "value": 0.00045792197015784102, "supply": [{"l": "Potash", "v": 0.00010509728572487185}, {"l": "Phosphate", "v": 0.00017711470873800147}, {"l": "Nitrogen", "v": 0.0016201924299340635}]}, {"source": 19, "prod": 0.066029849851865954, "target": 4, "value": 0.00073294216214768134, "supply": [{"l": "Potash", "v": 0.00010509728572487185}, {"l": "Phosphate", "v": 0.00017711470873800147}, {"l": "Nitrogen", "v": 0.0016201924299340635}]}, {"source": 17, "prod": 0, "target": 19, "value": 0.0023428733307202828, "supply": [{"l": "Natural gas (including LNG)", "v": 0.001565112725967847}, {"l": "Fuel oil", "v": 0.00049135726665078651}, {"l": "Liquefied petroleum gas (LPG)", "v": 0.00014320166905082472}, {"l": "Coal", "v": 0.00014320166905082472}]}, {"source": 20, "prod": 0, "target": 3, "value": 0.023551863458813486, "supply": "[{\"l\":'Labor',\"v\":0.023551863458813486}]"}, {"source": 20, "prod": 0, "target": 4, "value": 0.037696714399092141, "supply": "[{\"l\":'Labor',\"v\":0.037696714399092141}]"}, {"source": 20, "prod": 0, "target": 5, "value": 0.035146627007767814, "supply": "[{\"l\":'Labor',\"v\":0.035146627007767814}]"}, {"source": 20, "prod": 0, "target": 10, "value": 0.0014493454436192914, "supply": "[{\"l\":'Labor',\"v\":0.0014493454436192914}]"}, {"source": 17, "prod": 0, "target": 13, "value": 0.0064135388736036381, "supply": "[{\"l\":'Fossil Fuels',\"v\":0.0064135388736036381}]"}, {"source": 18, "prod": 0, "target": 13, "value": 0.037235070747815763, "supply": "[{\"l\":'Renewables & Nuclear',\"v\":0.00045743477655216095},{\"l\":'Biomass & Waste',\"v\":0.0367776359712636}]"}]}