{"nodes": [{"layer": 13, "name": "Animal Products", "fill": "#17becf"}, {"layer": 10, "name": "Feed", "fill": "#dbdb8d"}, {"layer": 5, "name": "Cereals", "fill": "#e7ba52"}, {"layer": 5, "name": "Oilcrops", "fill": "#ff9896"}, {"layer": 5, "name": "Starchy Roots"}, {"layer": 5, "name": "Fruits & Vegetables"}, {"layer": 13, "name": "Aquatic Products", "fill": "#1f77b4"}, {"layer": 13, "name": "Other Processed", "fill": "#9c9ede"}, {"layer": 16, "name": "Food", "fill": "#b5cf6b"}, {"layer": 13, "name": "Sugar", "fill": "#d6616b"}, {"layer": 5, "name": "Others"}, {"layer": 13, "name": "Vegetable Oils", "fill": "#f7b6d2"}, {"layer": 5, "name": "Sugar Crops", "fill": "#ffbb78"}, {"layer": 10, "name": "Processing", "fill": "#9edae5"}, {"layer": 16, "name": "Biofuels & Other", "fill": "#e7ba52"}, {"name": "Waste", "fill": "#c7c7c7"}, {"layer": 2, "name": "Import", "fill": "#aec7e8"}, {"layer": 16, "name": "Export", "fill": "#aec7e8"}, {"layer": 0, "name": "Stock Draw", "fill": "#c7c7c7"}, {"layer": 16, "name": "Stock Deposit", "fill": "#c7c7c7"}, {"name": "Crop Residue", "fill": "#bd9e39"}, {"layer": 2, "name": "Electricity", "fill": "#bcbd22"}, {"layer": 0, "name": "Fossil Fuels", "fill": "#c49c94"}, {"layer": 0, "name": "Renewables & Nuclear", "fill": "#2ca02c"}, {"layer": 2, "name": "Fertilizers", "fill": "#c5b0d5"}, {"layer": 0, "name": "Labor", "fill": "#7f7f7f"}], "links": [{"source": 0, "prod": 94.0, "target": 1, "value": 0.050953542892555499, "supply": [{"l": "Milk - Excluding Butter", "v": 0.050953542892555499}]}, {"source": 2, "prod": 257.0, "target": 1, "value": 0.93938676737266968, "supply": [{"l": "Maize", "v": 0.492858497027862}, {"l": "Wheat", "v": 0.046067106513337654}, {"l": "Oats", "v": 0.0050940199902600007}, {"l": "Rye", "v": 0.024257238048857141}, {"l": "Barley", "v": 0.36282694645859676}, {"l": "Rice", "v": 0.0082829593337560969}]}, {"source": 3, "prod": 1.0, "target": 1, "value": 0.0070750277642500003, "supply": [{"l": "Oilcrops, Other", "v": 0.0070750277642500003}]}, {"source": 4, "prod": 32.0, "target": 1, "value": 0.024519124559506077, "supply": [{"l": "Potatoes", "v": 0.024519124559506077}]}, {"source": 5, "prod": 53.0, "target": 1, "value": 0.06075485337085898, "supply": [{"l": "Vegetables, Other", "v": 0.011986976221029046}, {"l": "Beans", "v": 0.0078520539348901734}, {"l": "Pulses, Other", "v": 0.040915823214939764}]}, {"source": 6, "prod": 4.0, "target": 1, "value": 0.0034654398967337834, "supply": [{"l": "Fish, Seafood", "v": 0.0017842451804763572}, {"l": "Marine Fish, Other", "v": 0.001681194716257426}]}, {"source": 7, "prod": 79.0, "target": 8, "value": 0.18233564511545647, "supply": [{"l": "Beer", "v": 0.033030477698507248}, {"l": "Beverages, Alcoholic", "v": 0.013741094386057806}, {"l": "Butter, Ghee", "v": 0.075334098447507047}, {"l": "Fats, Animals, Raw", "v": 0.058860614370948881}, {"l": "Wine", "v": 0.0013693602124354839}]}, {"source": 0, "prod": 426.0, "target": 8, "value": 0.36869450980316298, "supply": [{"l": "Eggs", "v": 0.032411580001654297}, {"l": "Mutton & Goat Meat", "v": 0.0061745696851636363}, {"l": "Pigmeat", "v": 0.049889886502546395}, {"l": "Milk - Excluding Butter", "v": 0.17400092838840764}, {"l": "Bovine Meat", "v": 0.043085209353752596}, {"l": "Poultry Meat", "v": 0.052265093225750424}, {"l": "Offals, Edible", "v": 0.010867242645888}]}, {"source": 2, "prod": 273.0, "target": 8, "value": 0.87663778258541702, "supply": [{"l": "Maize", "v": 0.17818730277161163}, {"l": "Rye", "v": 0.0034653197212653059}, {"l": "Rice", "v": 0.02070739833439024}, {"l": "Wheat", "v": 0.67257975509472989}, {"l": "Oats", "v": 0.0016980066634200001}]}, {"source": 3, "prod": 11.0, "target": 8, "value": 0.040984934036435328, "supply": [{"l": "Olives", "v": 0.010856108175963934}, {"l": "Soyabeans", "v": 0.0035974717445338982}, {"l": "Groundnuts", "v": 0.026531354115937499}]}, {"source": 9, "prod": 83.0, "target": 8, "value": 0.24281330751376598, "supply": [{"l": "Sugar", "v": 0.23100788327923255}, {"l": "Honey", "v": 0.0029616395292209304}, {"l": "Sweeteners, Other", "v": 0.0088437847053125015}]}, {"source": 4, "prod": 125.0, "target": 8, "value": 0.095777830310570605, "supply": [{"l": "Potatoes", "v": 0.095777830310570605}]}, {"source": 5, "prod": 660.0, "target": 8, "value": 0.32455535676636749, "supply": [{"l": "Vegetables, Other", "v": 0.082154641905101508}, {"l": "Plantains", "v": 0.012863686844090909}, {"l": "Grapefruit", "v": 0.00057587435290406977}, {"l": "Tomatoes", "v": 0.021465886506768235}, {"l": "Treenuts", "v": 0.026779310696460282}, {"l": "Peas", "v": 0.0079144378379745767}, {"l": "Grapes", "v": 0.061768483644021523}, {"l": "Beans", "v": 0.043186296641895952}, {"l": "Pulses, Other", "v": 0.0081831646429879525}, {"l": "Lemons, Limes", "v": 0.00085326968011055276}, {"l": "Pineapples", "v": 0.00046141485419021742}, {"l": "Fruits, Other", "v": 0.030528204406963574}, {"l": "Oranges, Mandarines", "v": 0.0089277826604511543}, {"l": "Onions", "v": 0.012558284210502176}, {"l": "Apples", "v": 0.0063346178819447688}]}, {"source": 10, "prod": 29.0, "target": 8, "value": 0.082602469162318365, "supply": [{"l": "Nuts", "v": 0.026842025709800939}, {"l": "Coffee", "v": 0.0043813245329071106}, {"l": "Cocoa Beans", "v": 0.031715641701810349}, {"l": "Pimento", "v": 0.014836951427941747}, {"l": "Spices, Other", "v": 0.00424501665855}, {"l": "Tea", "v": 0.0005815091313082192}]}, {"source": 6, "prod": 24.0, "target": 8, "value": 0.021632790782352831, "supply": [{"l": "Marine Fish, Other", "v": 0.001681194716257426}, {"l": "Freshwater Fish", "v": 0.0026716888060804196}, {"l": "Pelagic Fish", "v": 0.0048056792360943405}, {"l": "Fish, Seafood", "v": 0.010705471082858145}, {"l": "Demersal Fish", "v": 0.0017687569410625001}]}, {"source": 11, "prod": 35.0, "target": 8, "value": 0.35973772149757755, "supply": [{"l": "Sunflowerseed Oil", "v": 0.33957389236946506}, {"l": "Olive Oil", "v": 0.020163829128112501}]}, {"source": 12, "prod": 8.0, "target": 13, "value": 0.0092977777600000006, "supply": [{"l": "Sugar beet", "v": 0.0092977777600000006}]}, {"source": 5, "prod": 107.0, "target": 13, "value": 0.065882886627932055, "supply": [{"l": "Grapes", "v": 0.063621538153342164}, {"l": "Fruits, Other", "v": 0.0022613484745898946}]}, {"source": 2, "prod": 18.0, "target": 13, "value": 0.065797699592509418, "supply": [{"l": "Maize", "v": 0.011373657623719891}, {"l": "Barley", "v": 0.05442404196878952}]}, {"source": 3, "prod": 20.166666666666668, "target": 13, "value": 0.083587065811409983, "supply": [{"l": "Sunflower seed", "v": 0.039797031173906254}, {"l": "Olives", "v": 0.014474810901285247}, {"l": "Sesame seed", "v": 0.0073826376670434787}, {"l": "Oil Palm", "v": 0.021932586069175003}]}, {"source": 7, "prod": 2.0, "target": 13, "value": 0.0027387204248709679, "supply": [{"l": "Wine", "v": 0.0027387204248709679}]}, {"source": 7, "prod": 6.0, "target": 14, "value": 0.015255460258027261, "supply": [{"l": "Fats, Animals, Raw", "v": 0.0084086591958498404}, {"l": "Alcohol, Non-Food", "v": 0.0068468010621774199}]}, {"source": 2, "prod": 78.0, "target": 14, "value": 0.23954895386935582, "supply": [{"l": "Wheat", "v": 0.23954895386935582}]}, {"source": 9, "prod": 1.0, "target": 14, "value": 0.0022109461763281254, "supply": [{"l": "Sweeteners, Other", "v": 0.0022109461763281254}]}, {"source": 4, "prod": 3.0, "target": 14, "value": 0.0022986679274536949, "supply": [{"l": "Potatoes", "v": 0.0022986679274536949}]}, {"source": 5, "prod": 11.0, "target": 14, "value": 0.0067945332008423663, "supply": [{"l": "Grapes", "v": 0.0067945332008423663}]}, {"source": 11, "prod": 8.0, "target": 14, "value": 0.084617332060430012, "supply": [{"l": "Palm Oil", "v": 0.032898879103762504}, {"l": "Oilcrops Oil, Other", "v": 0.040752159922080006}, {"l": "Rape and Mustard Oil", "v": 0.0109662930345875}]}, {"source": 4, "prod": 28.0, "target": 4, "value": 0.021454233989567816, "supply": [{"l": "Potatoes", "v": 0.021454233989567816}]}, {"source": 5, "prod": 3.0, "target": 5, "value": 0.011943636256384151, "supply": [{"l": "Beans", "v": 0.0078520539348901734}, {"l": "Pulses, Other", "v": 0.0040915823214939763}]}, {"source": 2, "prod": 35.0, "target": 2, "value": 0.11331553999363894, "supply": [{"l": "Maize", "v": 0.0037912192079066305}, {"l": "Rice", "v": 0.0041414796668780484}, {"l": "Wheat", "v": 0.067565089552895238}, {"l": "Barley", "v": 0.032654425181273712}, {"l": "Oats", "v": 0.0016980066634200001}, {"l": "Rye", "v": 0.0034653197212653059}]}, {"source": 7, "prod": 3.0, "target": 15, "value": 0.0017084729844055477, "supply": [{"l": "Beer", "v": 0.0017084729844055477}]}, {"source": 0, "prod": 38.0, "target": 15, "value": 0.020598240743799033, "supply": [{"l": "Milk - Excluding Butter", "v": 0.020598240743799033}]}, {"source": 2, "prod": 54.0, "target": 15, "value": 0.17819538312784813, "supply": [{"l": "Maize", "v": 0.030329753663253044}, {"l": "Wheat", "v": 0.092134213026675307}, {"l": "Oats", "v": 0.0033960133268400002}, {"l": "Barley", "v": 0.039910964110445653}, {"l": "Rice", "v": 0.012424439000634146}]}, {"source": 3, "prod": 1.0, "target": 15, "value": 0.0066328385289843748, "supply": [{"l": "Sunflower seed", "v": 0.0066328385289843748}]}, {"source": 4, "prod": 20.0, "target": 15, "value": 0.015324452849691299, "supply": [{"l": "Potatoes", "v": 0.015324452849691299}]}, {"source": 5, "prod": 105.0, "target": 15, "value": 0.041589797397261423, "supply": [{"l": "Grapes", "v": 0.003088424182201076}, {"l": "Vegetables, Other", "v": 0.015495359505232668}, {"l": "Fruits, Other", "v": 0.0045226969491797891}, {"l": "Beans", "v": 0.0039260269674450867}, {"l": "Oranges, Mandarines", "v": 0.0005759859780936228}, {"l": "Plantains", "v": 0.0017151582458787879}, {"l": "Onions", "v": 0.0018468065015444376}, {"l": "Tomatoes", "v": 0.0035088468328371152}, {"l": "Apples", "v": 0.0069104922348488373}]}, {"source": 16, "prod": 22.0, "target": 10, "value": 0.070998330630740944, "supply": [{"l": "Nuts", "v": 0.0089473419032669796}, {"l": "Coffee", "v": 0.0043813245329071106}, {"l": "Cocoa Beans", "v": 0.057088155063258636}, {"l": "Tea", "v": 0.0005815091313082192}]}, {"source": 16, "prod": 148.0, "target": 1, "value": 0.17983318580438246, "supply": [{"l": "Eggs", "v": 0.0016205790000827149}, {"l": "Marine Fish, Other", "v": 0.003362389432514852}, {"l": "Pigmeat", "v": 0.04490089785229176}, {"l": "Freshwater Fish", "v": 0.00089056293536013973}, {"l": "Milk - Excluding Butter", "v": 0.02927118421487231}, {"l": "Pelagic Fish", "v": 0.0048056792360943405}, {"l": "Fish, Seafood", "v": 0.010705471082858145}, {"l": "Bovine Meat", "v": 0.026329850160626583}, {"l": "Poultry Meat", "v": 0.0480273829642031}, {"l": "Offals, Edible", "v": 0.0081504319844159998}, {"l": "Demersal Fish", "v": 0.0017687569410625001}]}, {"source": 16, "prod": 157.0, "target": 13, "value": 0.83864615212987192, "supply": [{"l": "Sugar", "v": 0.23989280186689538}, {"l": "Beer", "v": 0.0039864369636129441}, {"l": "Beverages, Alcoholic", "v": 0.006870547193028903}, {"l": "Butter, Ghee", "v": 0.008370455383056339}, {"l": "Fats, Animals, Raw", "v": 0.02522597758754952}, {"l": "Palm Oil", "v": 0.032898879103762504}, {"l": "Sunflowerseed Oil", "v": 0.43218495392477374}, {"l": "Rape and Mustard Oil", "v": 0.0109662930345875}, {"l": "Oilcrops Oil, Other", "v": 0.040752159922080006}, {"l": "Sweeteners, Other", "v": 0.026531354115937499}, {"l": "Palmkernel Oil", "v": 0.0109662930345875}]}, {"source": 16, "prod": 213.0, "target": 2, "value": 0.69867548034853755, "supply": [{"l": "Maize", "v": 0.21230827564277133}, {"l": "Barley", "v": 0.036282694645859676}, {"l": "Wheat", "v": 0.4483865033964865}, {"l": "Oats", "v": 0.0016980066634200001}]}, {"source": 16, "prod": 97.0, "target": 5, "value": 0.063625914715018439, "supply": [{"l": "Vegetables, Other", "v": 0.0032160180105199883}, {"l": "Plantains", "v": 0.013721265967030303}, {"l": "Grapefruit", "v": 0.00057587435290406977}, {"l": "Tomatoes", "v": 0.0012384165292366289}, {"l": "Treenuts", "v": 0.0089264368988200924}, {"l": "Grapes", "v": 0.00061768483644021512}, {"l": "Beans", "v": 0.01177808090233526}, {"l": "Apples", "v": 0.0028793717645203493}, {"l": "Lemons, Limes", "v": 0.0010665871001381911}, {"l": "Pineapples", "v": 0.00046141485419021742}, {"l": "Fruits, Other", "v": 0.0045226969491797891}, {"l": "Oranges, Mandarines", "v": 0.0097917616275915876}, {"l": "Onions", "v": 0.00073872260061777506}, {"l": "Pulses, Other", "v": 0.0040915823214939763}]}, {"source": 16, "prod": 13.0, "target": 3, "value": 0.069913060966699969, "supply": [{"l": "Olives", "v": 0.0054280540879819671}, {"l": "Sunflower seed", "v": 0.019898515586953127}, {"l": "Sesame seed", "v": 0.0073826376670434787}, {"l": "Groundnuts", "v": 0.026531354115937499}, {"l": "Oilcrops, Other", "v": 0.0070750277642500003}, {"l": "Soyabeans", "v": 0.0035974717445338982}]}, {"source": 16, "prod": 10.0, "target": 4, "value": 0.0076622264248456494, "supply": [{"l": "Potatoes", "v": 0.0076622264248456494}]}, {"source": 7, "prod": 78.0, "target": 17, "value": 0.10041114282889867, "supply": [{"l": "Beer", "v": 0.0045559279584147933}, {"l": "Wine", "v": 0.095855214870483874}]}, {"source": 0, "prod": 21.0, "target": 17, "value": 0.030733528081814333, "supply": [{"l": "Pigmeat", "v": 0.014966965950763919}, {"l": "Milk - Excluding Butter", "v": 0.0065047076033049574}, {"l": "Mutton & Goat Meat", "v": 0.0092618545277454549}]}, {"source": 2, "prod": 32.0, "target": 17, "value": 0.10367210888646941, "supply": [{"l": "Barley", "v": 0.0072565389291719363}, {"l": "Rice", "v": 0.016565918667512194}, {"l": "Wheat", "v": 0.079849651289785273}]}, {"source": 3, "prod": 4.0, "target": 17, "value": 0.026531354115937499, "supply": [{"l": "Rape and Mustardseed", "v": 0.026531354115937499}]}, {"source": 9, "prod": 14.0, "target": 17, "value": 0.033956019880164973, "supply": [{"l": "Sugar", "v": 0.011846558116883722}, {"l": "Sweeteners, Other", "v": 0.022109461763281255}]}, {"source": 4, "prod": 4.0, "target": 17, "value": 0.0030648905699382596, "supply": [{"l": "Potatoes", "v": 0.0030648905699382596}]}, {"source": 5, "prod": 429.0, "target": 17, "value": 0.17195013796095582, "supply": [{"l": "Oranges, Mandarines", "v": 0.0025919369014213022}, {"l": "Fruits, Other", "v": 0.015264102203481787}, {"l": "Vegetables, Other", "v": 0.055841767273574344}, {"l": "Treenuts", "v": 0.0029754789662733644}, {"l": "Tomatoes", "v": 0.010939346008256889}, {"l": "Grapes", "v": 0.0203835996025271}, {"l": "Onions", "v": 0.0040629743033977631}, {"l": "Apples", "v": 0.059890932702023267}]}, {"source": 10, "prod": 5.0, "target": 17, "value": 0.026256848980725202, "supply": [{"l": "Cocoa Beans", "v": 0.019029385021086209}, {"l": "Nuts", "v": 0.0029824473010889936}, {"l": "Spices, Other", "v": 0.00424501665855}]}, {"source": 11, "prod": 10.0, "target": 17, "value": 0.10357735458989617, "supply": [{"l": "Palm Oil", "v": 0.0109662930345875}, {"l": "Sunflowerseed Oil", "v": 0.092611061555308669}]}, {"source": 18, "prod": 13.0, "target": 5, "value": 0.0054185108694691179, "supply": [{"l": "Apples", "v": 0.00057587435290406977}, {"l": "Oranges, Mandarines", "v": 0.0020159509233276798}, {"l": "Fruits, Other", "v": 0.0028266855932373679}]}, {"source": 11, "prod": 3.0, "target": 19, "value": 0.030870353851769554, "supply": [{"l": "Sunflowerseed Oil", "v": 0.030870353851769554}]}, {"source": 7, "prod": 4.0, "target": 19, "value": 0.0054774408497419358, "supply": [{"l": "Wine", "v": 0.0054774408497419358}]}, {"source": 2, "prod": 2.0, "target": 19, "value": 0.0082829593337560969, "supply": [{"l": "Rice", "v": 0.0082829593337560969}]}, {"source": 5, "prod": 3.0, "target": 19, "value": 0.0018530545093206454, "supply": [{"l": "Grapes", "v": 0.0018530545093206454}]}, {"source": 3, "prod": 4.0, "target": 19, "value": 0.026531354115937499, "supply": [{"l": "Sunflower seed", "v": 0.026531354115937499}]}, {"source": 18, "prod": 1.0, "target": 13, "value": 0.0022109461763281254, "supply": [{"l": "Sweeteners, Other", "v": 0.0022109461763281254}]}, {"source": 1, "prod": 28.0, "target": 6, "value": 0.025098230679086612, "supply": [{"l": "Demersal Fish", "v": 0.0017687569410625001}, {"l": "Freshwater Fish", "v": 0.0026716888060804196}, {"l": "Pelagic Fish", "v": 0.0048056792360943405}, {"l": "Marine Fish, Other", "v": 0.003362389432514852}, {"l": "Fish, Seafood", "v": 0.012489716263334501}]}, {"source": 1, "prod": 579.0, "target": 0, "value": 0.47097982152133183, "supply": [{"l": "Poultry Meat", "v": 0.052265093225750424}, {"l": "Pigmeat", "v": 0.064856852453310312}, {"l": "Bovine Meat", "v": 0.043085209353752596}, {"l": "Eggs", "v": 0.032411580001654297}, {"l": "Milk - Excluding Butter", "v": 0.2520574196280671}, {"l": "Offals, Edible", "v": 0.010867242645888}, {"l": "Mutton & Goat Meat", "v": 0.01543642421290909}]}, {"source": 13, "prod": 172.0, "target": 7, "value": 0.30792688246140087, "supply": [{"l": "Fats, Animals, Raw", "v": 0.067269273566798723}, {"l": "Alcohol, Non-Food", "v": 0.0068468010621774199}, {"l": "Beer", "v": 0.039294878641327587}, {"l": "Beverages, Alcoholic", "v": 0.013741094386057806}, {"l": "Butter, Ghee", "v": 0.075334098447507047}, {"l": "Wine", "v": 0.10544073635753226}]}, {"source": 13, "prod": 56.0, "target": 11, "value": 0.57880276199967318, "supply": [{"l": "Olive Oil", "v": 0.020163829128112501}, {"l": "Palm Oil", "v": 0.043865172138350006}, {"l": "Oilcrops Oil, Other", "v": 0.040752159922080006}, {"l": "Sunflowerseed Oil", "v": 0.4630553077765433}, {"l": "Rape and Mustard Oil", "v": 0.0109662930345875}]}, {"source": 13, "prod": 98.0, "target": 9, "value": 0.27898027357025912, "supply": [{"l": "Honey", "v": 0.0029616395292209304}, {"l": "Sweeteners, Other", "v": 0.033164192644921882}, {"l": "Sugar", "v": 0.24285444139611628}]}, {"source": 4, "prod": 103.5, "target": 20, "value": 0.36086999930999997, "supply": [{"l": "Potatoes", "v": 0.36086999930999997}]}, {"source": 12, "prod": 3.2000000000000002, "target": 20, "value": 0.0037191111040000002, "supply": [{"l": "Sugar beet", "v": 0.0037191111040000002}]}, {"source": 5, "prod": 1313.0, "target": 20, "value": 3.7926185336878109, "supply": [{"l": "Tomatoes", "v": 0.5962199988600001}, {"l": "Vegetables, Other", "v": 1.9525333296}, {"l": "Peas", "v": 0.0087166666500000014}, {"l": "Beans", "v": 0.048813333239999999}, {"l": "Pulses, Other", "v": 0.043583333250000002}, {"l": "Onions", "v": 0.16910333301000002}]}, {"source": 2, "prod": 1281.0, "target": 20, "value": 4.169476735949047, "supply": [{"l": "Maize", "v": 1.1192199978600001}, {"l": "Rye", "v": 0.06275999988}, {"l": "Barley", "v": 0.91699333157999996}, {"l": "Rice", "v": 0.11854666644}, {"l": "Wheat", "v": 2.2070599957800003}, {"l": "Oats", "v": 0.041839999920000003}]}, {"source": 3, "prod": 31.0, "target": 20, "value": 0.073842221543040876, "supply": [{"l": "Olives", "v": 0.045326666580000001}, {"l": "Sunflower seed", "v": 0.033123333269999999}, {"l": "Sesame seed", "v": 0.0017433333299999999}, {"l": "Rape and Mustardseed", "v": 0.01568999997}, {"l": "Oilcrops, Other", "v": 0.0017433333299999999}, {"l": "Soyabeans", "v": 0.0034866666600000002}, {"l": "Groundnuts", "v": 0.0069733333200000004}]}, {"source": 21, "prod": 0, "target": 2, "value": 0.0080911375375965957, "supply": "[{\"l\":'Energy for power irrigation',\"v\":0.0080911375375965957}]"}, {"source": 21, "prod": 0, "target": 3, "value": 0.00045687661869853272, "supply": "[{\"l\":'Energy for power irrigation',\"v\":0.00045687661869853272}]"}, {"source": 21, "prod": 0, "target": 12, "value": 0.00010106026588723303, "supply": "[{\"l\":'Energy for power irrigation',\"v\":0.00010106026588723303}]"}, {"source": 21, "prod": 0, "target": 4, "value": 0.0026149343798321546, "supply": "[{\"l\":'Energy for power irrigation',\"v\":0.0026149343798321546}]"}, {"source": 21, "prod": 0, "target": 5, "value": 0.016586516138742121, "supply": "[{\"l\":'Energy for power irrigation',\"v\":0.016586516138742121}]"}, {"source": 21, "prod": 0, "target": 10, "value": 0.00029686453104374704, "supply": "[{\"l\":'Energy for power irrigation',\"v\":0.00029686453104374704}]"}, {"source": 21, "prod": 0, "target": 13, "value": 0.015000000011999999, "supply": "[{\"l\":'Electricity',\"v\":0.015000000011999999}]"}, {"source": 22, "prod": 0, "target": 21, "value": 0.073503874928285876, "supply": [{"l": "Coal", "v": 0.072278049135291816}, {"l": "Natural gas", "v": 0.00027179115528497532}, {"l": "Oil", "v": 0.00095403463770908452}]}, {"source": 23, "prod": 0, "target": 21, "value": 0.014447837993818009, "supply": [{"l": "Nuclear", "v": 0.0}, {"l": "Hydroelectric", "v": 0.014447837993818009}, {"l": "Renewable", "v": 0.0}]}, {"source": 22, "prod": 0, "target": 2, "value": 0.11630027033008294, "supply": [{"l": "Motor Gasoline", "v": 0.0035373064580620983}, {"l": "Gas-Diesel oil", "v": 0.0018540915565734071}, {"l": "Fuel oil", "v": 0.051840144405298876}, {"l": "Liquefied petroleum gas (LPG)", "v": 5.6652797561965221e-05}, {"l": "Other fossil fuels", "v": 0.059012075112586604}]}, {"source": 22, "prod": 0, "target": 3, "value": 0.0065670462299318244, "supply": [{"l": "Motor Gasoline", "v": 0.0001997386160290074}, {"l": "Gas-Diesel oil", "v": 0.00010469369445132172}, {"l": "Fuel oil", "v": 0.0029272212687873685}, {"l": "Liquefied petroleum gas (LPG)", "v": 3.1989739971237191e-06}, {"l": "Other fossil fuels", "v": 0.0033321936766670035}]}, {"source": 22, "prod": 0, "target": 12, "value": 0.0014526185209065786, "supply": [{"l": "Motor Gasoline", "v": 4.4181813683835733e-05}, {"l": "Gas-Diesel oil", "v": 2.3158052228863789e-05}, {"l": "Fuel oil", "v": 0.00064749594885619207}, {"l": "Liquefied petroleum gas (LPG)", "v": 7.076071514375047e-07}, {"l": "Other fossil fuels", "v": 0.00073707509898624955}]}, {"source": 22, "prod": 0, "target": 4, "value": 0.037586504228457718, "supply": [{"l": "Motor Gasoline", "v": 0.0011432044290692494}, {"l": "Gas-Diesel oil", "v": 0.00059921460142185051}, {"l": "Fuel oil", "v": 0.016753957676653969}, {"l": "Liquefied petroleum gas (LPG)", "v": 1.8309335043445431e-05}, {"l": "Other fossil fuels", "v": 0.019071818186269206}]}, {"source": 22, "prod": 0, "target": 5, "value": 0.2384110147437922, "supply": [{"l": "Motor Gasoline", "v": 0.0072513401708595394}, {"l": "Gas-Diesel oil", "v": 0.0038008153220622691}, {"l": "Fuel oil", "v": 0.10627027260602251}, {"l": "Liquefied petroleum gas (LPG)", "v": 0.00011613602372968045}, {"l": "Other fossil fuels", "v": 0.12097245062111819}]}, {"source": 22, "prod": 0, "target": 10, "value": 0.0042670669051630737, "supply": [{"l": "Motor Gasoline", "v": 0.00012978407769626745}, {"l": "Gas-Diesel oil", "v": 6.8026778422287378e-05}, {"l": "Fuel oil", "v": 0.0019020193497650639}, {"l": "Liquefied petroleum gas (LPG)", "v": 2.0785960073476697e-06}, {"l": "Other fossil fuels", "v": 0.0021651581032721078}]}, {"source": 24, "prod": 7.9771929837684201, "target": 2, "value": 0.11078618093798191, "supply": [{"l": "Potash", "v": 0.0098222583411911382}, {"l": "Phosphate", "v": 0.018836500015069198}, {"l": "Nitrogen", "v": 0.3567433891742835}]}, {"source": 24, "prod": 0.45044259106889079, "target": 3, "value": 0.0062556859910335881, "supply": [{"l": "Potash", "v": 0.0098222583411911382}, {"l": "Phosphate", "v": 0.018836500015069198}, {"l": "Nitrogen", "v": 0.3567433891742835}]}, {"source": 24, "prod": 0.099637070835514999, "target": 12, "value": 0.0013837462099982128, "supply": [{"l": "Potash", "v": 0.0098222583411911382}, {"l": "Phosphate", "v": 0.018836500015069198}, {"l": "Nitrogen", "v": 0.3567433891742835}]}, {"source": 24, "prod": 2.5781092078689505, "target": 4, "value": 0.035804433183703757, "supply": [{"l": "Potash", "v": 0.0098222583411911382}, {"l": "Phosphate", "v": 0.018836500015069198}, {"l": "Nitrogen", "v": 0.3567433891742835}]}, {"source": 24, "prod": 16.352934250878899, "target": 5, "value": 0.22710734671595667, "supply": [{"l": "Potash", "v": 0.0098222583411911382}, {"l": "Phosphate", "v": 0.018836500015069198}, {"l": "Nitrogen", "v": 0.3567433891742835}]}, {"source": 24, "prod": 0.29268389557932528, "target": 10, "value": 0.0040647544918697501, "supply": [{"l": "Potash", "v": 0.0098222583411911382}, {"l": "Phosphate", "v": 0.018836500015069198}, {"l": "Nitrogen", "v": 0.3567433891742835}]}, {"source": 22, "prod": 0, "target": 24, "value": 0.46350727129895919, "supply": [{"l": "Natural gas (including LNG)", "v": 0.31274473227703903}, {"l": "Fuel oil", "v": 0.087700586862713564}, {"l": "Liquefied petroleum gas (LPG)", "v": 0.031530976079603305}, {"l": "Coal", "v": 0.031530976079603305}]}, {"source": 25, "prod": 0, "target": 2, "value": 0.016380102956763003, "supply": "[{\"l\":'Labor',\"v\":0.016380102956763003}]"}, {"source": 25, "prod": 0, "target": 3, "value": 0.00092492384637459586, "supply": "[{\"l\":'Labor',\"v\":0.00092492384637459586}]"}, {"source": 25, "prod": 0, "target": 12, "value": 0.00020459144988931152, "supply": "[{\"l\":'Labor',\"v\":0.00020459144988931152}]"}, {"source": 25, "prod": 0, "target": 4, "value": 0.0052938037658859351, "supply": "[{\"l\":'Labor',\"v\":0.0052938037658859351}]"}, {"source": 25, "prod": 0, "target": 5, "value": 0.033578571713083254, "supply": "[{\"l\":'Labor',\"v\":0.033578571713083254}]"}, {"source": 25, "prod": 0, "target": 10, "value": 0.00060098738404985256, "supply": "[{\"l\":'Labor',\"v\":0.00060098738404985256}]"}, {"source": 22, "prod": 0, "target": 16, "value": 2.0700633381791902, "supply": "[{\"l\":'Fossil Fuels',\"v\":2.0700633381791902}]"}, {"source": 23, "prod": 0, "target": 16, "value": 0.37205290605334385, "supply": "[{\"l\":'Renewables & Nuclear',\"v\":0.19554663319153207},{\"l\":'Biomass & Waste',\"v\":0.17650627286181181}]"}]}