{"nodes": [{"layer": 13, "name": "Milk - Excluding Butter"}, {"layer": 10, "name": "Feed", "fill": "#dbdb8d"}, {"layer": 5, "name": "Oilcrops", "fill": "#ff9896"}, {"layer": 5, "name": "Vegetables"}, {"layer": 5, "name": "Starchy Roots"}, {"layer": 5, "name": "Pulses"}, {"layer": 13, "name": "Fish, Seafood"}, {"layer": 5, "name": "Cereals - Excluding Beer"}, {"layer": 16, "name": "Food", "fill": "#b5cf6b"}, {"layer": 5, "name": "Treenuts"}, {"layer": 13, "name": "Alcoholic Beverages"}, {"layer": 13, "name": "Animal Fats"}, {"layer": 13, "name": "Sugar & Sweeteners"}, {"layer": 5, "name": "Others"}, {"layer": 13, "name": "Vegetable Oils", "fill": "#f7b6d2"}, {"layer": 5, "name": "Spices"}, {"layer": 5, "name": "Stimulants"}, {"layer": 13, "name": "Eggs"}, {"layer": 5, "name": "Fruits - Excluding Wine"}, {"layer": 13, "name": "Meat"}, {"layer": 10, "name": "Processing", "fill": "#9edae5"}, {"layer": 5, "name": "Sugar Crops", "fill": "#ffbb78"}, {"layer": 16, "name": "Biofuels & Other", "fill": "#e7ba52"}, {"name": "Waste", "fill": "#c7c7c7"}, {"layer": 2, "name": "Import", "fill": "#aec7e8"}, {"layer": 16, "name": "Export", "fill": "#aec7e8"}, {"layer": 16, "name": "Stock Deposit", "fill": "#c7c7c7"}, {"layer": 0, "name": "Stock Draw", "fill": "#c7c7c7"}, {"layer": 2, "name": "Electricity", "fill": "#bcbd22"}, {"layer": 0, "name": "Fossil Fuels", "fill": "#c49c94"}, {"layer": 0, "name": "Renewables & Nuclear", "fill": "#2ca02c"}, {"layer": 2, "name": "Fertilizers", "fill": "#c5b0d5"}, {"layer": 0, "name": "Labor", "fill": "#7f7f7f"}], "links": [{"source": 0, "prod": 94.0, "target": 1, "value": 0.050953542892555499, "supply": [{"l": "Milk - Excluding Butter", "v": 0.050953542892555499}]}, {"source": 2, "prod": 1.0, "target": 1, "value": 0.0070750277642500003, "supply": [{"l": "Oilcrops, Other", "v": 0.0070750277642500003}]}, {"source": 3, "prod": 41.0, "target": 1, "value": 0.011986976221029046, "supply": [{"l": "Vegetables, Other", "v": 0.011986976221029046}]}, {"source": 4, "prod": 32.0, "target": 1, "value": 0.024519124559506077, "supply": [{"l": "Potatoes", "v": 0.024519124559506077}]}, {"source": 5, "prod": 12.0, "target": 1, "value": 0.048767877149829941, "supply": [{"l": "Beans", "v": 0.0078520539348901734}, {"l": "Pulses, Other", "v": 0.040915823214939764}]}, {"source": 6, "prod": 4.0, "target": 1, "value": 0.0034654398967337834, "supply": [{"l": "Fish, Seafood", "v": 0.0017842451804763572}, {"l": "Marine Fish, Other", "v": 0.001681194716257426}]}, {"source": 7, "prod": 257.0, "target": 1, "value": 0.93938676737266968, "supply": [{"l": "Maize", "v": 0.492858497027862}, {"l": "Wheat", "v": 0.046067106513337654}, {"l": "Oats", "v": 0.0050940199902600007}, {"l": "Rye", "v": 0.024257238048857141}, {"l": "Barley", "v": 0.36282694645859676}, {"l": "Rice", "v": 0.0082829593337560969}]}, {"source": 0, "prod": 321.0, "target": 8, "value": 0.17400092838840764, "supply": [{"l": "Milk - Excluding Butter", "v": 0.17400092838840764}]}, {"source": 6, "prod": 24.0, "target": 8, "value": 0.021632790782352831, "supply": [{"l": "Marine Fish, Other", "v": 0.001681194716257426}, {"l": "Freshwater Fish", "v": 0.0026716888060804196}, {"l": "Pelagic Fish", "v": 0.0048056792360943405}, {"l": "Fish, Seafood", "v": 0.010705471082858145}, {"l": "Demersal Fish", "v": 0.0017687569410625001}]}, {"source": 2, "prod": 11.0, "target": 8, "value": 0.040984934036435328, "supply": [{"l": "Olives", "v": 0.010856108175963934}, {"l": "Soyabeans", "v": 0.0035974717445338982}, {"l": "Groundnuts", "v": 0.026531354115937499}]}, {"source": 9, "prod": 9.0, "target": 8, "value": 0.026779310696460282, "supply": [{"l": "Treenuts", "v": 0.026779310696460282}]}, {"source": 3, "prod": 419.0, "target": 8, "value": 0.11617881262237192, "supply": [{"l": "Vegetables, Other", "v": 0.082154641905101508}, {"l": "Tomatoes", "v": 0.021465886506768235}, {"l": "Onions", "v": 0.012558284210502176}]}, {"source": 10, "prod": 63.0, "target": 8, "value": 0.04814093229700054, "supply": [{"l": "Beer", "v": 0.033030477698507248}, {"l": "Beverages, Alcoholic", "v": 0.013741094386057806}, {"l": "Wine", "v": 0.0013693602124354839}]}, {"source": 11, "prod": 16.0, "target": 8, "value": 0.13419471281845594, "supply": [{"l": "Butter, Ghee", "v": 0.075334098447507047}, {"l": "Fats, Animals, Raw", "v": 0.058860614370948881}]}, {"source": 4, "prod": 125.0, "target": 8, "value": 0.095777830310570605, "supply": [{"l": "Potatoes", "v": 0.095777830310570605}]}, {"source": 5, "prod": 15.0, "target": 8, "value": 0.059283899122858481, "supply": [{"l": "Peas", "v": 0.0079144378379745767}, {"l": "Beans", "v": 0.043186296641895952}, {"l": "Pulses, Other", "v": 0.0081831646429879525}]}, {"source": 12, "prod": 83.0, "target": 8, "value": 0.24281330751376598, "supply": [{"l": "Sugar", "v": 0.23100788327923255}, {"l": "Honey", "v": 0.0029616395292209304}, {"l": "Sweeteners, Other", "v": 0.0088437847053125015}]}, {"source": 13, "prod": 9.0, "target": 8, "value": 0.026842025709800939, "supply": [{"l": "Nuts", "v": 0.026842025709800939}]}, {"source": 7, "prod": 273.0, "target": 8, "value": 0.87663778258541702, "supply": [{"l": "Maize", "v": 0.17818730277161163}, {"l": "Rye", "v": 0.0034653197212653059}, {"l": "Rice", "v": 0.02070739833439024}, {"l": "Wheat", "v": 0.67257975509472989}, {"l": "Oats", "v": 0.0016980066634200001}]}, {"source": 14, "prod": 35.0, "target": 8, "value": 0.35973772149757755, "supply": [{"l": "Sunflowerseed Oil", "v": 0.33957389236946506}, {"l": "Olive Oil", "v": 0.020163829128112501}]}, {"source": 15, "prod": 5.0, "target": 8, "value": 0.019081968086491749, "supply": [{"l": "Pimento", "v": 0.014836951427941747}, {"l": "Spices, Other", "v": 0.00424501665855}]}, {"source": 16, "prod": 15.0, "target": 8, "value": 0.036678475366025684, "supply": [{"l": "Coffee", "v": 0.0043813245329071106}, {"l": "Cocoa Beans", "v": 0.031715641701810349}, {"l": "Tea", "v": 0.0005815091313082192}]}, {"source": 17, "prod": 20.0, "target": 8, "value": 0.032411580001654297, "supply": [{"l": "Eggs", "v": 0.032411580001654297}]}, {"source": 18, "prod": 217.0, "target": 8, "value": 0.12231333432467677, "supply": [{"l": "Plantains", "v": 0.012863686844090909}, {"l": "Grapefruit", "v": 0.00057587435290406977}, {"l": "Grapes", "v": 0.061768483644021523}, {"l": "Lemons, Limes", "v": 0.00085326968011055276}, {"l": "Pineapples", "v": 0.00046141485419021742}, {"l": "Fruits, Other", "v": 0.030528204406963574}, {"l": "Oranges, Mandarines", "v": 0.0089277826604511543}, {"l": "Apples", "v": 0.0063346178819447688}]}, {"source": 19, "prod": 85.0, "target": 8, "value": 0.16228200141310106, "supply": [{"l": "Mutton & Goat Meat", "v": 0.0061745696851636363}, {"l": "Pigmeat", "v": 0.049889886502546395}, {"l": "Bovine Meat", "v": 0.043085209353752596}, {"l": "Poultry Meat", "v": 0.052265093225750424}, {"l": "Offals, Edible", "v": 0.010867242645888}]}, {"source": 7, "prod": 18.0, "target": 20, "value": 0.065797699592509418, "supply": [{"l": "Maize", "v": 0.011373657623719891}, {"l": "Barley", "v": 0.05442404196878952}]}, {"source": 10, "prod": 2.0, "target": 20, "value": 0.0027387204248709679, "supply": [{"l": "Wine", "v": 0.0027387204248709679}]}, {"source": 21, "prod": 8.0, "target": 20, "value": 0.0092977777600000006, "supply": [{"l": "Sugar beet", "v": 0.0092977777600000006}]}, {"source": 2, "prod": 20.166666666666668, "target": 20, "value": 0.083587065811409983, "supply": [{"l": "Sunflower seed", "v": 0.039797031173906254}, {"l": "Olives", "v": 0.014474810901285247}, {"l": "Sesame seed", "v": 0.0073826376670434787}, {"l": "Oil Palm", "v": 0.021932586069175003}]}, {"source": 18, "prod": 107.0, "target": 20, "value": 0.065882886627932055, "supply": [{"l": "Grapes", "v": 0.063621538153342164}, {"l": "Fruits, Other", "v": 0.0022613484745898946}]}, {"source": 10, "prod": 5.0, "target": 22, "value": 0.0068468010621774199, "supply": [{"l": "Alcohol, Non-Food", "v": 0.0068468010621774199}]}, {"source": 11, "prod": 1.0, "target": 22, "value": 0.0084086591958498404, "supply": [{"l": "Fats, Animals, Raw", "v": 0.0084086591958498404}]}, {"source": 4, "prod": 3.0, "target": 22, "value": 0.0022986679274536949, "supply": [{"l": "Potatoes", "v": 0.0022986679274536949}]}, {"source": 7, "prod": 78.0, "target": 22, "value": 0.23954895386935582, "supply": [{"l": "Wheat", "v": 0.23954895386935582}]}, {"source": 12, "prod": 1.0, "target": 22, "value": 0.0022109461763281254, "supply": [{"l": "Sweeteners, Other", "v": 0.0022109461763281254}]}, {"source": 14, "prod": 8.0, "target": 22, "value": 0.084617332060430012, "supply": [{"l": "Palm Oil", "v": 0.032898879103762504}, {"l": "Oilcrops Oil, Other", "v": 0.040752159922080006}, {"l": "Rape and Mustard Oil", "v": 0.0109662930345875}]}, {"source": 18, "prod": 11.0, "target": 22, "value": 0.0067945332008423663, "supply": [{"l": "Grapes", "v": 0.0067945332008423663}]}, {"source": 4, "prod": 28.0, "target": 4, "value": 0.021454233989567816, "supply": [{"l": "Potatoes", "v": 0.021454233989567816}]}, {"source": 7, "prod": 35.0, "target": 7, "value": 0.11331553999363894, "supply": [{"l": "Maize", "v": 0.0037912192079066305}, {"l": "Rice", "v": 0.0041414796668780484}, {"l": "Wheat", "v": 0.067565089552895238}, {"l": "Barley", "v": 0.032654425181273712}, {"l": "Oats", "v": 0.0016980066634200001}, {"l": "Rye", "v": 0.0034653197212653059}]}, {"source": 5, "prod": 3.0, "target": 5, "value": 0.011943636256384151, "supply": [{"l": "Beans", "v": 0.0078520539348901734}, {"l": "Pulses, Other", "v": 0.0040915823214939763}]}, {"source": 0, "prod": 38.0, "target": 23, "value": 0.020598240743799033, "supply": [{"l": "Milk - Excluding Butter", "v": 0.020598240743799033}]}, {"source": 2, "prod": 1.0, "target": 23, "value": 0.0066328385289843748, "supply": [{"l": "Sunflower seed", "v": 0.0066328385289843748}]}, {"source": 3, "prod": 75.0, "target": 23, "value": 0.020851012839614221, "supply": [{"l": "Vegetables, Other", "v": 0.015495359505232668}, {"l": "Onions", "v": 0.0018468065015444376}, {"l": "Tomatoes", "v": 0.0035088468328371152}]}, {"source": 10, "prod": 3.0, "target": 23, "value": 0.0017084729844055477, "supply": [{"l": "Beer", "v": 0.0017084729844055477}]}, {"source": 4, "prod": 20.0, "target": 23, "value": 0.015324452849691299, "supply": [{"l": "Potatoes", "v": 0.015324452849691299}]}, {"source": 5, "prod": 1.0, "target": 23, "value": 0.0039260269674450867, "supply": [{"l": "Beans", "v": 0.0039260269674450867}]}, {"source": 18, "prod": 29.0, "target": 23, "value": 0.016812757590202114, "supply": [{"l": "Grapes", "v": 0.003088424182201076}, {"l": "Fruits, Other", "v": 0.0045226969491797891}, {"l": "Oranges, Mandarines", "v": 0.0005759859780936228}, {"l": "Plantains", "v": 0.0017151582458787879}, {"l": "Apples", "v": 0.0069104922348488373}]}, {"source": 7, "prod": 54.0, "target": 23, "value": 0.17819538312784813, "supply": [{"l": "Maize", "v": 0.030329753663253044}, {"l": "Wheat", "v": 0.092134213026675307}, {"l": "Oats", "v": 0.0033960133268400002}, {"l": "Barley", "v": 0.039910964110445653}, {"l": "Rice", "v": 0.012424439000634146}]}, {"source": 24, "prod": 3.0, "target": 13, "value": 0.0089473419032669796, "supply": [{"l": "Nuts", "v": 0.0089473419032669796}]}, {"source": 24, "prod": 148.0, "target": 1, "value": 0.17983318580438246, "supply": [{"l": "Eggs", "v": 0.0016205790000827149}, {"l": "Marine Fish, Other", "v": 0.003362389432514852}, {"l": "Pigmeat", "v": 0.04490089785229176}, {"l": "Freshwater Fish", "v": 0.00089056293536013973}, {"l": "Milk - Excluding Butter", "v": 0.02927118421487231}, {"l": "Pelagic Fish", "v": 0.0048056792360943405}, {"l": "Fish, Seafood", "v": 0.010705471082858145}, {"l": "Bovine Meat", "v": 0.026329850160626583}, {"l": "Poultry Meat", "v": 0.0480273829642031}, {"l": "Offals, Edible", "v": 0.0081504319844159998}, {"l": "Demersal Fish", "v": 0.0017687569410625001}]}, {"source": 24, "prod": 213.0, "target": 7, "value": 0.69867548034853755, "supply": [{"l": "Maize", "v": 0.21230827564277133}, {"l": "Barley", "v": 0.036282694645859676}, {"l": "Wheat", "v": 0.4483865033964865}, {"l": "Oats", "v": 0.0016980066634200001}]}, {"source": 24, "prod": 4.0, "target": 5, "value": 0.015869663223829236, "supply": [{"l": "Beans", "v": 0.01177808090233526}, {"l": "Pulses, Other", "v": 0.0040915823214939763}]}, {"source": 24, "prod": 157.0, "target": 20, "value": 0.83864615212987192, "supply": [{"l": "Sugar", "v": 0.23989280186689538}, {"l": "Beer", "v": 0.0039864369636129441}, {"l": "Beverages, Alcoholic", "v": 0.006870547193028903}, {"l": "Butter, Ghee", "v": 0.008370455383056339}, {"l": "Fats, Animals, Raw", "v": 0.02522597758754952}, {"l": "Palm Oil", "v": 0.032898879103762504}, {"l": "Sunflowerseed Oil", "v": 0.43218495392477374}, {"l": "Rape and Mustard Oil", "v": 0.0109662930345875}, {"l": "Oilcrops Oil, Other", "v": 0.040752159922080006}, {"l": "Sweeteners, Other", "v": 0.026531354115937499}, {"l": "Palmkernel Oil", "v": 0.0109662930345875}]}, {"source": 24, "prod": 3.0, "target": 9, "value": 0.0089264368988200924, "supply": [{"l": "Treenuts", "v": 0.0089264368988200924}]}, {"source": 24, "prod": 19.0, "target": 3, "value": 0.0051931571403743921, "supply": [{"l": "Vegetables, Other", "v": 0.0032160180105199883}, {"l": "Tomatoes", "v": 0.0012384165292366289}, {"l": "Onions", "v": 0.00073872260061777506}]}, {"source": 24, "prod": 19.0, "target": 16, "value": 0.062050988727473971, "supply": [{"l": "Coffee", "v": 0.0043813245329071106}, {"l": "Cocoa Beans", "v": 0.057088155063258636}, {"l": "Tea", "v": 0.0005815091313082192}]}, {"source": 24, "prod": 71.0, "target": 18, "value": 0.03363665745199472, "supply": [{"l": "Plantains", "v": 0.013721265967030303}, {"l": "Grapefruit", "v": 0.00057587435290406977}, {"l": "Grapes", "v": 0.00061768483644021512}, {"l": "Apples", "v": 0.0028793717645203493}, {"l": "Lemons, Limes", "v": 0.0010665871001381911}, {"l": "Pineapples", "v": 0.00046141485419021742}, {"l": "Fruits, Other", "v": 0.0045226969491797891}, {"l": "Oranges, Mandarines", "v": 0.0097917616275915876}]}, {"source": 24, "prod": 13.0, "target": 2, "value": 0.069913060966699969, "supply": [{"l": "Olives", "v": 0.0054280540879819671}, {"l": "Sunflower seed", "v": 0.019898515586953127}, {"l": "Sesame seed", "v": 0.0073826376670434787}, {"l": "Groundnuts", "v": 0.026531354115937499}, {"l": "Oilcrops, Other", "v": 0.0070750277642500003}, {"l": "Soyabeans", "v": 0.0035974717445338982}]}, {"source": 24, "prod": 10.0, "target": 4, "value": 0.0076622264248456494, "supply": [{"l": "Potatoes", "v": 0.0076622264248456494}]}, {"source": 0, "prod": 12.0, "target": 25, "value": 0.0065047076033049574, "supply": [{"l": "Milk - Excluding Butter", "v": 0.0065047076033049574}]}, {"source": 19, "prod": 9.0, "target": 25, "value": 0.024228820478509376, "supply": [{"l": "Pigmeat", "v": 0.014966965950763919}, {"l": "Mutton & Goat Meat", "v": 0.0092618545277454549}]}, {"source": 9, "prod": 1.0, "target": 25, "value": 0.0029754789662733644, "supply": [{"l": "Treenuts", "v": 0.0029754789662733644}]}, {"source": 3, "prod": 255.0, "target": 25, "value": 0.07084408758522899, "supply": [{"l": "Vegetables, Other", "v": 0.055841767273574344}, {"l": "Tomatoes", "v": 0.010939346008256889}, {"l": "Onions", "v": 0.0040629743033977631}]}, {"source": 10, "prod": 78.0, "target": 25, "value": 0.10041114282889867, "supply": [{"l": "Beer", "v": 0.0045559279584147933}, {"l": "Wine", "v": 0.095855214870483874}]}, {"source": 13, "prod": 1.0, "target": 25, "value": 0.0029824473010889936, "supply": [{"l": "Nuts", "v": 0.0029824473010889936}]}, {"source": 4, "prod": 4.0, "target": 25, "value": 0.0030648905699382596, "supply": [{"l": "Potatoes", "v": 0.0030648905699382596}]}, {"source": 12, "prod": 14.0, "target": 25, "value": 0.033956019880164973, "supply": [{"l": "Sugar", "v": 0.011846558116883722}, {"l": "Sweeteners, Other", "v": 0.022109461763281255}]}, {"source": 18, "prod": 173.0, "target": 25, "value": 0.098130571409453457, "supply": [{"l": "Oranges, Mandarines", "v": 0.0025919369014213022}, {"l": "Fruits, Other", "v": 0.015264102203481787}, {"l": "Grapes", "v": 0.0203835996025271}, {"l": "Apples", "v": 0.059890932702023267}]}, {"source": 7, "prod": 32.0, "target": 25, "value": 0.10367210888646941, "supply": [{"l": "Barley", "v": 0.0072565389291719363}, {"l": "Rice", "v": 0.016565918667512194}, {"l": "Wheat", "v": 0.079849651289785273}]}, {"source": 15, "prod": 1.0, "target": 25, "value": 0.00424501665855, "supply": [{"l": "Spices, Other", "v": 0.00424501665855}]}, {"source": 16, "prod": 3.0, "target": 25, "value": 0.019029385021086209, "supply": [{"l": "Cocoa Beans", "v": 0.019029385021086209}]}, {"source": 14, "prod": 10.0, "target": 25, "value": 0.10357735458989617, "supply": [{"l": "Palm Oil", "v": 0.0109662930345875}, {"l": "Sunflowerseed Oil", "v": 0.092611061555308669}]}, {"source": 2, "prod": 4.0, "target": 25, "value": 0.026531354115937499, "supply": [{"l": "Rape and Mustardseed", "v": 0.026531354115937499}]}, {"source": 10, "prod": 4.0, "target": 26, "value": 0.0054774408497419358, "supply": [{"l": "Wine", "v": 0.0054774408497419358}]}, {"source": 14, "prod": 3.0, "target": 26, "value": 0.030870353851769554, "supply": [{"l": "Sunflowerseed Oil", "v": 0.030870353851769554}]}, {"source": 7, "prod": 2.0, "target": 26, "value": 0.0082829593337560969, "supply": [{"l": "Rice", "v": 0.0082829593337560969}]}, {"source": 18, "prod": 3.0, "target": 26, "value": 0.0018530545093206454, "supply": [{"l": "Grapes", "v": 0.0018530545093206454}]}, {"source": 2, "prod": 4.0, "target": 26, "value": 0.026531354115937499, "supply": [{"l": "Sunflower seed", "v": 0.026531354115937499}]}, {"source": 27, "prod": 1.0, "target": 20, "value": 0.0022109461763281254, "supply": [{"l": "Sweeteners, Other", "v": 0.0022109461763281254}]}, {"source": 27, "prod": 13.0, "target": 18, "value": 0.0054185108694691179, "supply": [{"l": "Apples", "v": 0.00057587435290406977}, {"l": "Oranges, Mandarines", "v": 0.0020159509233276798}, {"l": "Fruits, Other", "v": 0.0028266855932373679}]}, {"source": 1, "prod": 465.0, "target": 0, "value": 0.2520574196280671, "supply": [{"l": "Milk - Excluding Butter", "v": 0.2520574196280671}]}, {"source": 1, "prod": 20.0, "target": 17, "value": 0.032411580001654297, "supply": [{"l": "Eggs", "v": 0.032411580001654297}]}, {"source": 1, "prod": 94.0, "target": 19, "value": 0.18651082189161045, "supply": [{"l": "Poultry Meat", "v": 0.052265093225750424}, {"l": "Bovine Meat", "v": 0.043085209353752596}, {"l": "Pigmeat", "v": 0.064856852453310312}, {"l": "Offals, Edible", "v": 0.010867242645888}, {"l": "Mutton & Goat Meat", "v": 0.01543642421290909}]}, {"source": 1, "prod": 28.0, "target": 6, "value": 0.025098230679086612, "supply": [{"l": "Demersal Fish", "v": 0.0017687569410625001}, {"l": "Freshwater Fish", "v": 0.0026716888060804196}, {"l": "Pelagic Fish", "v": 0.0048056792360943405}, {"l": "Marine Fish, Other", "v": 0.003362389432514852}, {"l": "Fish, Seafood", "v": 0.012489716263334501}]}, {"source": 20, "prod": 98.0, "target": 12, "value": 0.27898027357025912, "supply": [{"l": "Honey", "v": 0.0029616395292209304}, {"l": "Sweeteners, Other", "v": 0.033164192644921882}, {"l": "Sugar", "v": 0.24285444139611628}]}, {"source": 20, "prod": 56.0, "target": 14, "value": 0.57880276199967318, "supply": [{"l": "Olive Oil", "v": 0.020163829128112501}, {"l": "Palm Oil", "v": 0.043865172138350006}, {"l": "Oilcrops Oil, Other", "v": 0.040752159922080006}, {"l": "Sunflowerseed Oil", "v": 0.4630553077765433}, {"l": "Rape and Mustard Oil", "v": 0.0109662930345875}]}, {"source": 20, "prod": 17.0, "target": 11, "value": 0.14260337201430578, "supply": [{"l": "Fats, Animals, Raw", "v": 0.067269273566798723}, {"l": "Butter, Ghee", "v": 0.075334098447507047}]}, {"source": 20, "prod": 155.0, "target": 10, "value": 0.16532351044709509, "supply": [{"l": "Beer", "v": 0.039294878641327587}, {"l": "Beverages, Alcoholic", "v": 0.013741094386057806}, {"l": "Alcohol, Non-Food", "v": 0.0068468010621774199}, {"l": "Wine", "v": 0.10544073635753226}]}, {"source": 28, "prod": 0, "target": 2, "value": 0.00045687661869853261, "supply": "[{\"l\":'Energy for power irrigation',\"v\":0.00045687661869853261}]"}, {"source": 28, "prod": 0, "target": 9, "value": 0.00010737653250518507, "supply": "[{\"l\":'Energy for power irrigation',\"v\":0.00010737653250518507}]"}, {"source": 28, "prod": 0, "target": 3, "value": 0.0098470596573872662, "supply": "[{\"l\":'Energy for power irrigation',\"v\":0.0098470596573872662}]"}, {"source": 28, "prod": 0, "target": 21, "value": 0.00010106026588723302, "supply": "[{\"l\":'Energy for power irrigation',\"v\":0.00010106026588723302}]"}, {"source": 28, "prod": 0, "target": 4, "value": 0.0026149343798321542, "supply": "[{\"l\":'Energy for power irrigation',\"v\":0.0026149343798321542}]"}, {"source": 28, "prod": 0, "target": 5, "value": 0.00036634346384121965, "supply": "[{\"l\":'Energy for power irrigation',\"v\":0.00036634346384121965}]"}, {"source": 28, "prod": 0, "target": 13, "value": 0.00010737653250518507, "supply": "[{\"l\":'Energy for power irrigation',\"v\":0.00010737653250518507}]"}, {"source": 28, "prod": 0, "target": 7, "value": 0.008091137537596594, "supply": "[{\"l\":'Energy for power irrigation',\"v\":0.008091137537596594}]"}, {"source": 28, "prod": 0, "target": 15, "value": 7.5795199415424754e-05, "supply": "[{\"l\":'Energy for power irrigation',\"v\":7.5795199415424754e-05}]"}, {"source": 28, "prod": 0, "target": 18, "value": 0.0062657364850084466, "supply": "[{\"l\":'Energy for power irrigation',\"v\":0.0062657364850084466}]"}, {"source": 28, "prod": 0, "target": 20, "value": 0.015000000011999999, "supply": "[{\"l\":'Electricity',\"v\":0.015000000011999999}]"}, {"source": 29, "prod": 0, "target": 28, "value": 0.073503874928285876, "supply": [{"l": "Coal", "v": 0.072278049135291816}, {"l": "Natural gas", "v": 0.00027179115528497532}, {"l": "Oil", "v": 0.00095403463770908452}]}, {"source": 30, "prod": 0, "target": 28, "value": 0.014447837993818009, "supply": [{"l": "Nuclear", "v": 0.0}, {"l": "Hydroelectric", "v": 0.014447837993818009}, {"l": "Renewable", "v": 0.0}]}, {"source": 29, "prod": 0, "target": 2, "value": 0.0065670462299318227, "supply": [{"l": "Motor Gasoline", "v": 0.00019973861602900735}, {"l": "Gas-Diesel oil", "v": 0.00010469369445132171}, {"l": "Fuel oil", "v": 0.0029272212687873676}, {"l": "Liquefied petroleum gas (LPG)", "v": 3.1989739971237187e-06}, {"l": "Other fossil fuels", "v": 0.0033321936766670026}]}, {"source": 29, "prod": 0, "target": 9, "value": 0.0015434071784632393, "supply": [{"l": "Motor Gasoline", "v": 4.6943177039075451e-05}, {"l": "Gas-Diesel oil", "v": 2.4605430493167768e-05}, {"l": "Fuel oil", "v": 0.0006879644456597038}, {"l": "Liquefied petroleum gas (LPG)", "v": 7.5183259840234852e-07}, {"l": "Other fossil fuels", "v": 0.00078314229267288985}]}, {"source": 29, "prod": 0, "target": 3, "value": 0.14153951713083471, "supply": [{"l": "Motor Gasoline", "v": 0.0043049654708187434}, {"l": "Gas-Diesel oil", "v": 0.002256462714049915}, {"l": "Fuel oil", "v": 0.063090386516675187}, {"l": "Liquefied petroleum gas (LPG)", "v": 6.8947471818191846e-05}, {"l": "Other fossil fuels", "v": 0.071818754957472669}]}, {"source": 29, "prod": 0, "target": 21, "value": 0.0014526185209065782, "supply": [{"l": "Motor Gasoline", "v": 4.4181813683835726e-05}, {"l": "Gas-Diesel oil", "v": 2.3158052228863782e-05}, {"l": "Fuel oil", "v": 0.00064749594885619185}, {"l": "Liquefied petroleum gas (LPG)", "v": 7.0760715143750449e-07}, {"l": "Other fossil fuels", "v": 0.00073707509898624933}]}, {"source": 29, "prod": 0, "target": 4, "value": 0.037586504228457711, "supply": [{"l": "Motor Gasoline", "v": 0.0011432044290692494}, {"l": "Gas-Diesel oil", "v": 0.0005992146014218504}, {"l": "Fuel oil", "v": 0.016753957676653965}, {"l": "Liquefied petroleum gas (LPG)", "v": 1.8309335043445428e-05}, {"l": "Other fossil fuels", "v": 0.019071818186269202}]}, {"source": 29, "prod": 0, "target": 5, "value": 0.0052657421382863454, "supply": [{"l": "Motor Gasoline", "v": 0.00016015907460390448}, {"l": "Gas-Diesel oil", "v": 8.3947939329631209e-05}, {"l": "Fuel oil", "v": 0.0023471728146036955}, {"l": "Liquefied petroleum gas (LPG)", "v": 2.5650759239609536e-06}, {"l": "Other fossil fuels", "v": 0.0026718972338251536}]}, {"source": 29, "prod": 0, "target": 13, "value": 0.0015434071784632393, "supply": [{"l": "Motor Gasoline", "v": 4.6943177039075451e-05}, {"l": "Gas-Diesel oil", "v": 2.4605430493167768e-05}, {"l": "Fuel oil", "v": 0.0006879644456597038}, {"l": "Liquefied petroleum gas (LPG)", "v": 7.5183259840234852e-07}, {"l": "Other fossil fuels", "v": 0.00078314229267288985}]}, {"source": 29, "prod": 0, "target": 7, "value": 0.11630027033008293, "supply": [{"l": "Motor Gasoline", "v": 0.0035373064580620978}, {"l": "Gas-Diesel oil", "v": 0.0018540915565734067}, {"l": "Fuel oil", "v": 0.051840144405298862}, {"l": "Liquefied petroleum gas (LPG)", "v": 5.6652797561965207e-05}, {"l": "Other fossil fuels", "v": 0.05901207511258659}]}, {"source": 29, "prod": 0, "target": 15, "value": 0.0010894638906799336, "supply": [{"l": "Motor Gasoline", "v": 3.3136360262876791e-05}, {"l": "Gas-Diesel oil", "v": 1.7368539171647837e-05}, {"l": "Fuel oil", "v": 0.00048562196164214389}, {"l": "Liquefied petroleum gas (LPG)", "v": 5.3070536357812839e-07}, {"l": "Other fossil fuels", "v": 0.00055280632423968694}]}, {"source": 29, "prod": 0, "target": 18, "value": 0.09006234829620785, "supply": [{"l": "Motor Gasoline", "v": 0.002739272448397815}, {"l": "Gas-Diesel oil", "v": 0.0014357992381895546}, {"l": "Fuel oil", "v": 0.0401447488290839}, {"l": "Liquefied petroleum gas (LPG)", "v": 4.3871643389125282e-05}, {"l": "Other fossil fuels", "v": 0.045698656137147457}]}, {"source": 31, "prod": 0.45044259106889067, "target": 2, "value": 0.0062556859910335863, "supply": [{"l": "Potash", "v": 0.0098222583411911382}, {"l": "Phosphate", "v": 0.018836500015069198}, {"l": "Nitrogen", "v": 0.3567433891742835}]}, {"source": 31, "prod": 0.10586438776273466, "target": 9, "value": 0.0014702303481231008, "supply": [{"l": "Potash", "v": 0.0098222583411911382}, {"l": "Phosphate", "v": 0.018836500015069198}, {"l": "Nitrogen", "v": 0.3567433891742835}]}, {"source": 31, "prod": 9.7083870895354902, "target": 3, "value": 0.13482877133670082, "supply": [{"l": "Potash", "v": 0.0098222583411911382}, {"l": "Phosphate", "v": 0.018836500015069198}, {"l": "Nitrogen", "v": 0.3567433891742835}]}, {"source": 31, "prod": 0.099637070835514971, "target": 21, "value": 0.0013837462099982125, "supply": [{"l": "Potash", "v": 0.0098222583411911382}, {"l": "Phosphate", "v": 0.018836500015069198}, {"l": "Nitrogen", "v": 0.3567433891742835}]}, {"source": 31, "prod": 2.57810920786895, "target": 4, "value": 0.03580443318370375, "supply": [{"l": "Potash", "v": 0.0098222583411911382}, {"l": "Phosphate", "v": 0.018836500015069198}, {"l": "Nitrogen", "v": 0.3567433891742835}]}, {"source": 31, "prod": 0.36118438177874179, "target": 5, "value": 0.00501608001124352, "supply": [{"l": "Potash", "v": 0.0098222583411911382}, {"l": "Phosphate", "v": 0.018836500015069198}, {"l": "Nitrogen", "v": 0.3567433891742835}]}, {"source": 31, "prod": 0.10586438776273466, "target": 13, "value": 0.0014702303481231008, "supply": [{"l": "Potash", "v": 0.0098222583411911382}, {"l": "Phosphate", "v": 0.018836500015069198}, {"l": "Nitrogen", "v": 0.3567433891742835}]}, {"source": 31, "prod": 7.9771929837684183, "target": 7, "value": 0.1107861809379819, "supply": [{"l": "Potash", "v": 0.0098222583411911382}, {"l": "Phosphate", "v": 0.018836500015069198}, {"l": "Nitrogen", "v": 0.3567433891742835}]}, {"source": 31, "prod": 0.074727803126636225, "target": 15, "value": 0.0010378096574986592, "supply": [{"l": "Potash", "v": 0.0098222583411911382}, {"l": "Phosphate", "v": 0.018836500015069198}, {"l": "Nitrogen", "v": 0.3567433891742835}]}, {"source": 31, "prod": 6.1774983918019286, "target": 18, "value": 0.08579226501988918, "supply": [{"l": "Potash", "v": 0.0098222583411911382}, {"l": "Phosphate", "v": 0.018836500015069198}, {"l": "Nitrogen", "v": 0.3567433891742835}]}, {"source": 29, "prod": 0, "target": 31, "value": 0.46350727129895919, "supply": [{"l": "Natural gas (including LNG)", "v": 0.31274473227703903}, {"l": "Fuel oil", "v": 0.087700586862713564}, {"l": "Liquefied petroleum gas (LPG)", "v": 0.031530976079603305}, {"l": "Coal", "v": 0.031530976079603305}]}, {"source": 32, "prod": 0, "target": 4, "value": 0.0052938037658859342, "supply": "[{\"l\":'Labor',\"v\":0.0052938037658859342}]"}, {"source": 32, "prod": 0, "target": 2, "value": 0.00092492384637459576, "supply": "[{\"l\":'Labor',\"v\":0.00092492384637459576}]"}, {"source": 32, "prod": 0, "target": 9, "value": 0.00021737841550739342, "supply": "[{\"l\":'Labor',\"v\":0.00021737841550739342}]"}, {"source": 32, "prod": 0, "target": 3, "value": 0.019934879398589785, "supply": "[{\"l\":'Labor',\"v\":0.019934879398589785}]"}, {"source": 32, "prod": 0, "target": 13, "value": 0.00021737841550739342, "supply": "[{\"l\":'Labor',\"v\":0.00021737841550739342}]"}, {"source": 32, "prod": 0, "target": 21, "value": 0.00020459144988931147, "supply": "[{\"l\":'Labor',\"v\":0.00020459144988931147}]"}, {"source": 32, "prod": 0, "target": 5, "value": 0.00074164400584875406, "supply": "[{\"l\":'Labor',\"v\":0.00074164400584875406}]"}, {"source": 32, "prod": 0, "target": 7, "value": 0.016380102956762999, "supply": "[{\"l\":'Labor',\"v\":0.016380102956762999}]"}, {"source": 32, "prod": 0, "target": 15, "value": 0.00015344358741698359, "supply": "[{\"l\":'Labor',\"v\":0.00015344358741698359}]"}, {"source": 32, "prod": 0, "target": 16, "value": 0.00023016538112547542, "supply": "[{\"l\":'Labor',\"v\":0.00023016538112547542}]"}, {"source": 32, "prod": 0, "target": 18, "value": 0.012684669893137311, "supply": "[{\"l\":'Labor',\"v\":0.012684669893137311}]"}, {"source": 29, "prod": 0, "target": 24, "value": 2.0700633381791902, "supply": "[{\"l\":'Fossil Fuels',\"v\":2.0700633381791902}]"}, {"source": 30, "prod": 0, "target": 24, "value": 0.37205290605334385, "supply": "[{\"l\":'Renewables & Nuclear',\"v\":0.19554663319153207},{\"l\":'Biomass & Waste',\"v\":0.17650627286181181}]"}]}