{"nodes": [{"layer": 3, "name": "Maize"}, {"layer": 5, "name": "Production", "fill": "#b5cf6b"}, {"layer": 3, "name": "Rye"}, {"layer": 3, "name": "Nuts"}, {"layer": 3, "name": "Barley"}, {"layer": 3, "name": "Rice"}, {"layer": 3, "name": "Tomatoes"}, {"layer": 3, "name": "Sunflower seed"}, {"layer": 3, "name": "Wheat"}, {"layer": 3, "name": "Treenuts"}, {"layer": 3, "name": "Vegetables, Other"}, {"layer": 3, "name": "Peas"}, {"layer": 3, "name": "Grapes"}, {"layer": 3, "name": "Pimento"}, {"layer": 3, "name": "Oats"}, {"layer": 3, "name": "Potatoes"}, {"layer": 3, "name": "Beans"}, {"layer": 3, "name": "Apples"}, {"layer": 3, "name": "Sugar beet"}, {"layer": 3, "name": "Spices, Other"}, {"layer": 3, "name": "Fruits, Other"}, {"layer": 3, "name": "Rape and Mustardseed"}, {"layer": 3, "name": "Onions"}, {"layer": 3, "name": "Pulses, Other"}, {"layer": 1, "name": "Electricity", "fill": "#bcbd22"}, {"layer": 0, "name": "Fossil Fuels", "fill": "#c49c94"}, {"layer": 0, "name": "Renewables & Nuclear", "fill": "#2ca02c"}, {"layer": 1, "name": "Fertilizers", "fill": "#c5b0d5"}, {"layer": 0, "name": "Labor", "fill": "#7f7f7f"}], "links": [{"source": 0, "prod": 141.0, "target": 1, "value": 0.53555578721629959, "supply": [{"l": "Maize", "v": 0.53555578721629959}]}, {"source": 2, "prod": 14.0, "target": 1, "value": 0.045715564015153844, "supply": [{"l": "Rye", "v": 0.045715564015153844}]}, {"source": 3, "prod": 4.0, "target": 1, "value": 0.012780695316064518, "supply": [{"l": "Nuts", "v": 0.012780695316064518}]}, {"source": 4, "prod": 142.0, "target": 1, "value": 0.50152024511079363, "supply": [{"l": "Barley", "v": 0.50152024511079363}]}, {"source": 5, "prod": 15.0, "target": 1, "value": 0.061157019657076282, "supply": [{"l": "Rice", "v": 0.061157019657076282}]}, {"source": 6, "prod": 126.0, "target": 1, "value": 0.02534438376200434, "supply": [{"l": "Tomatoes", "v": 0.02534438376200434}]}, {"source": 7, "prod": 14.0, "target": 1, "value": 0.099050388699500017, "supply": [{"l": "Sunflower seed", "v": 0.099050388699500017}]}, {"source": 8, "prod": 337.0, "target": 1, "value": 1.0056541202607405, "supply": [{"l": "Wheat", "v": 1.0056541202607405}]}, {"source": 9, "prod": 4.0, "target": 1, "value": 0.01194577552154774, "supply": [{"l": "Treenuts", "v": 0.01194577552154774}]}, {"source": 10, "prod": 365.0, "target": 1, "value": 0.10794677025522643, "supply": [{"l": "Vegetables, Other", "v": 0.10794677025522643}]}, {"source": 11, "prod": 3.0, "target": 1, "value": 0.01207634049415086, "supply": [{"l": "Peas", "v": 0.01207634049415086}]}, {"source": 12, "prod": 244.0, "target": 1, "value": 0.14730777027231615, "supply": [{"l": "Grapes", "v": 0.14730777027231615}]}, {"source": 13, "prod": 5.0, "target": 1, "value": 0.018866740704666665, "supply": [{"l": "Pimento", "v": 0.018866740704666665}]}, {"source": 14, "prod": 4.0, "target": 1, "value": 0.0097961922889615409, "supply": [{"l": "Oats", "v": 0.0097961922889615409}]}, {"source": 15, "prod": 180.0, "target": 1, "value": 0.14020238505302754, "supply": [{"l": "Potatoes", "v": 0.14020238505302754}]}, {"source": 16, "prod": 14.0, "target": 1, "value": 0.055504318041177676, "supply": [{"l": "Beans", "v": 0.055504318041177676}]}, {"source": 17, "prod": 62.0, "target": 1, "value": 0.029945882370049311, "supply": [{"l": "Apples", "v": 0.029945882370049311}]}, {"source": 18, "prod": 58.0, "target": 1, "value": 0.067408888760000008, "supply": [{"l": "Sugar beet", "v": 0.067408888760000008}]}, {"source": 19, "prod": 1.0, "target": 1, "value": 0.0047166851761666672, "supply": [{"l": "Spices, Other", "v": 0.0047166851761666672}]}, {"source": 20, "prod": 54.0, "target": 1, "value": 0.027841809663364372, "supply": [{"l": "Fruits, Other", "v": 0.027841809663364372}]}, {"source": 21, "prod": 1.0, "target": 1, "value": 0.0070750277642500003, "supply": [{"l": "Rape and Mustardseed", "v": 0.0070750277642500003}]}, {"source": 22, "prod": 36.0, "target": 1, "value": 0.013360240727648957, "supply": [{"l": "Onions", "v": 0.013360240727648957}]}, {"source": 23, "prod": 18.0, "target": 1, "value": 0.066443739003391317, "supply": [{"l": "Pulses, Other", "v": 0.066443739003391317}]}, {"source": 24, "prod": 0, "target": 0, "value": 0.0010108725316069506, "supply": "[{\"l\":'Energy for power irrigation',\"v\":0.0010108725316069506}]"}, {"source": 24, "prod": 0, "target": 2, "value": 8.0750172643158773e-05, "supply": "[{\"l\":'Energy for power irrigation',\"v\":8.0750172643158773e-05}]"}, {"source": 24, "prod": 0, "target": 20, "value": 0.0003588896561918168, "supply": "[{\"l\":'Energy for power irrigation',\"v\":0.0003588896561918168}]"}, {"source": 24, "prod": 0, "target": 4, "value": 0.00086432592199529217, "supply": "[{\"l\":'Energy for power irrigation',\"v\":0.00086432592199529217}]"}, {"source": 24, "prod": 0, "target": 5, "value": 8.9722414047954199e-05, "supply": "[{\"l\":'Energy for power irrigation',\"v\":8.9722414047954199e-05}]"}, {"source": 24, "prod": 0, "target": 3, "value": 2.3925977079454453e-05, "supply": "[{\"l\":'Energy for power irrigation',\"v\":2.3925977079454453e-05}]"}, {"source": 24, "prod": 0, "target": 7, "value": 8.3740919778090586e-05, "supply": "[{\"l\":'Energy for power irrigation',\"v\":8.3740919778090586e-05}]"}, {"source": 24, "prod": 0, "target": 8, "value": 0.00263185747873999, "supply": "[{\"l\":'Energy for power irrigation',\"v\":0.00263185747873999}]"}, {"source": 24, "prod": 0, "target": 9, "value": 2.3925977079454453e-05, "supply": "[{\"l\":'Energy for power irrigation',\"v\":2.3925977079454453e-05}]"}, {"source": 24, "prod": 0, "target": 10, "value": 0.0022041806384447415, "supply": "[{\"l\":'Energy for power irrigation',\"v\":0.0022041806384447415}]"}, {"source": 24, "prod": 0, "target": 11, "value": 1.4953735674659032e-05, "supply": "[{\"l\":'Energy for power irrigation',\"v\":1.4953735674659032e-05}]"}, {"source": 24, "prod": 0, "target": 6, "value": 0.0007596497722726789, "supply": "[{\"l\":'Energy for power irrigation',\"v\":0.0007596497722726789}]"}, {"source": 24, "prod": 0, "target": 12, "value": 0.0014684568432515169, "supply": "[{\"l\":'Energy for power irrigation',\"v\":0.0014684568432515169}]"}, {"source": 24, "prod": 0, "target": 13, "value": 2.9907471349318063e-05, "supply": "[{\"l\":'Energy for power irrigation',\"v\":2.9907471349318063e-05}]"}, {"source": 24, "prod": 0, "target": 14, "value": 2.691672421438626e-05, "supply": "[{\"l\":'Energy for power irrigation',\"v\":2.691672421438626e-05}]"}, {"source": 24, "prod": 0, "target": 15, "value": 0.0010886319571151778, "supply": "[{\"l\":'Energy for power irrigation',\"v\":0.0010886319571151778}]"}, {"source": 24, "prod": 0, "target": 16, "value": 8.3740919778090586e-05, "supply": "[{\"l\":'Energy for power irrigation',\"v\":8.3740919778090586e-05}]"}, {"source": 24, "prod": 0, "target": 17, "value": 0.0003947786218109985, "supply": "[{\"l\":'Energy for power irrigation',\"v\":0.0003947786218109985}]"}, {"source": 24, "prod": 0, "target": 18, "value": 0.0003469266676520896, "supply": "[{\"l\":'Energy for power irrigation',\"v\":0.0003469266676520896}]"}, {"source": 24, "prod": 0, "target": 19, "value": 5.9814942698636133e-06, "supply": "[{\"l\":'Energy for power irrigation',\"v\":5.9814942698636133e-06}]"}, {"source": 24, "prod": 0, "target": 21, "value": 5.9814942698636133e-06, "supply": "[{\"l\":'Energy for power irrigation',\"v\":5.9814942698636133e-06}]"}, {"source": 24, "prod": 0, "target": 22, "value": 0.00022131528798495368, "supply": "[{\"l\":'Energy for power irrigation',\"v\":0.00022131528798495368}]"}, {"source": 24, "prod": 0, "target": 23, "value": 0.00011065764399247684, "supply": "[{\"l\":'Energy for power irrigation',\"v\":0.00011065764399247684}]"}, {"source": 25, "prod": 0, "target": 24, "value": 0.026252165861410454, "supply": [{"l": "Coal", "v": 0.025986858548379219}, {"l": "Natural gas", "v": 3.386901868483847e-06}, {"l": "Oil", "v": 0.00026192041116275051}]}, {"source": 26, "prod": 0, "target": 24, "value": 0.0018584607932744532, "supply": [{"l": "Nuclear", "v": 0.0}, {"l": "Hydroelectric", "v": 0.0018584607932744532}, {"l": "Renewable", "v": 0.0}]}, {"source": 25, "prod": 0, "target": 0, "value": 0.10972452135542649, "supply": [{"l": "Motor Gasoline", "v": 0.0010285058805898117}, {"l": "Gas-Diesel oil", "v": 0.01697150787158358}, {"l": "Fuel oil", "v": 0.024386965620125021}, {"l": "Liquefied petroleum gas (LPG)", "v": 2.6721805531140421e-05}, {"l": "Other fossil fuels", "v": 0.067310820177596931}]}, {"source": 25, "prod": 0, "target": 2, "value": 0.0087649765579778556, "supply": [{"l": "Motor Gasoline", "v": 8.21587537749258e-05}, {"l": "Gas-Diesel oil", "v": 0.0013557121672566764}, {"l": "Fuel oil", "v": 0.0019480712181756674}, {"l": "Liquefied petroleum gas (LPG)", "v": 2.1345820986413945e-06}, {"l": "Other fossil fuels", "v": 0.0053768998366719445}]}, {"source": 25, "prod": 0, "target": 20, "value": 0.038955451368790472, "supply": [{"l": "Motor Gasoline", "v": 0.00036515001677744799}, {"l": "Gas-Diesel oil", "v": 0.0060253874100296735}, {"l": "Fuel oil", "v": 0.0086580943030029663}, {"l": "Liquefied petroleum gas (LPG)", "v": 9.4870315495173092e-06}, {"l": "Other fossil fuels", "v": 0.023897332607430866}]}, {"source": 25, "prod": 0, "target": 4, "value": 0.093817712046503715, "supply": [{"l": "Motor Gasoline", "v": 0.00087940295707235393}, {"l": "Gas-Diesel oil", "v": 0.014511141345821463}, {"l": "Fuel oil", "v": 0.020851577113065477}, {"l": "Liquefied petroleum gas (LPG)", "v": 2.284793431508752e-05}, {"l": "Other fossil fuels", "v": 0.057552742696229335}]}, {"source": 25, "prod": 0, "target": 5, "value": 0.0097388628421976181, "supply": [{"l": "Motor Gasoline", "v": 9.1287504194361997e-05}, {"l": "Gas-Diesel oil", "v": 0.0015063468525074184}, {"l": "Fuel oil", "v": 0.0021645235757507416}, {"l": "Liquefied petroleum gas (LPG)", "v": 2.3717578873793273e-06}, {"l": "Other fossil fuels", "v": 0.0059743331518577166}]}, {"source": 25, "prod": 0, "target": 3, "value": 0.0025970300912526978, "supply": [{"l": "Motor Gasoline", "v": 2.4343334451829865e-05}, {"l": "Gas-Diesel oil", "v": 0.0004016924940019782}, {"l": "Fuel oil", "v": 0.00057720628686686439}, {"l": "Liquefied petroleum gas (LPG)", "v": 6.3246876996782067e-07}, {"l": "Other fossil fuels", "v": 0.0015931555071620578}]}, {"source": 25, "prod": 0, "target": 7, "value": 0.0090896053193844431, "supply": [{"l": "Motor Gasoline", "v": 8.5201670581404532e-05}, {"l": "Gas-Diesel oil", "v": 0.0014059237290069237}, {"l": "Fuel oil", "v": 0.0020202220040340256}, {"l": "Liquefied petroleum gas (LPG)", "v": 2.2136406948873724e-06}, {"l": "Other fossil fuels", "v": 0.0055760442750672021}]}, {"source": 25, "prod": 0, "target": 8, "value": 0.28567331003779678, "supply": [{"l": "Motor Gasoline", "v": 0.0026777667897012855}, {"l": "Gas-Diesel oil", "v": 0.044186174340217606}, {"l": "Fuel oil", "v": 0.063492691555355085}, {"l": "Liquefied petroleum gas (LPG)", "v": 6.9571564696460276e-05}, {"l": "Other fossil fuels", "v": 0.17524710578782635}]}, {"source": 25, "prod": 0, "target": 9, "value": 0.0025970300912526978, "supply": [{"l": "Motor Gasoline", "v": 2.4343334451829865e-05}, {"l": "Gas-Diesel oil", "v": 0.0004016924940019782}, {"l": "Fuel oil", "v": 0.00057720628686686439}, {"l": "Liquefied petroleum gas (LPG)", "v": 6.3246876996782067e-07}, {"l": "Other fossil fuels", "v": 0.0015931555071620578}]}, {"source": 25, "prod": 0, "target": 10, "value": 0.2392513971566548, "supply": [{"l": "Motor Gasoline", "v": 0.0022426296863748262}, {"l": "Gas-Diesel oil", "v": 0.037005921009932247}, {"l": "Fuel oil", "v": 0.053175129177609887}, {"l": "Liquefied petroleum gas (LPG)", "v": 5.8266185433285474e-05}, {"l": "Other fossil fuels", "v": 0.14676945109730458}]}, {"source": 25, "prod": 0, "target": 11, "value": 0.0016231438070329362, "supply": [{"l": "Motor Gasoline", "v": 1.5214584032393665e-05}, {"l": "Gas-Diesel oil", "v": 0.00025105780875123634}, {"l": "Fuel oil", "v": 0.00036075392929179023}, {"l": "Liquefied petroleum gas (LPG)", "v": 3.9529298122988787e-07}, {"l": "Other fossil fuels", "v": 0.0009957221919762861}]}, {"source": 25, "prod": 0, "target": 6, "value": 0.082455705397273163, "supply": [{"l": "Motor Gasoline", "v": 0.0007729008688455982}, {"l": "Gas-Diesel oil", "v": 0.012753736684562809}, {"l": "Fuel oil", "v": 0.018326299608022945}, {"l": "Liquefied petroleum gas (LPG)", "v": 2.0080883446478307e-05}, {"l": "Other fossil fuels", "v": 0.050582687352395329}]}, {"source": 25, "prod": 0, "target": 12, "value": 0.15939272185063433, "supply": [{"l": "Motor Gasoline", "v": 0.0014940721519810579}, {"l": "Gas-Diesel oil", "v": 0.024653876819371413}, {"l": "Fuel oil", "v": 0.035426035856453805}, {"l": "Liquefied petroleum gas (LPG)", "v": 3.8817770756774991e-05}, {"l": "Other fossil fuels", "v": 0.097779919252071287}]}, {"source": 25, "prod": 0, "target": 13, "value": 0.0032462876140658724, "supply": [{"l": "Motor Gasoline", "v": 3.042916806478733e-05}, {"l": "Gas-Diesel oil", "v": 0.00050211561750247268}, {"l": "Fuel oil", "v": 0.00072150785858358045}, {"l": "Liquefied petroleum gas (LPG)", "v": 7.9058596245977573e-07}, {"l": "Other fossil fuels", "v": 0.0019914443839525722}]}, {"source": 25, "prod": 0, "target": 14, "value": 0.0029216588526592853, "supply": [{"l": "Motor Gasoline", "v": 2.7386251258308601e-05}, {"l": "Gas-Diesel oil", "v": 0.00045190405575222552}, {"l": "Fuel oil", "v": 0.00064935707272522247}, {"l": "Liquefied petroleum gas (LPG)", "v": 7.1152736621379826e-07}, {"l": "Other fossil fuels", "v": 0.001792299945557315}]}, {"source": 25, "prod": 0, "target": 15, "value": 0.11816486915199777, "supply": [{"l": "Motor Gasoline", "v": 0.0011076217175582589}, {"l": "Gas-Diesel oil", "v": 0.018277008477090011}, {"l": "Fuel oil", "v": 0.026262886052442334}, {"l": "Liquefied petroleum gas (LPG)", "v": 2.8777329033535839e-05}, {"l": "Other fossil fuels", "v": 0.072488575575873626}]}, {"source": 25, "prod": 0, "target": 16, "value": 0.0090896053193844431, "supply": [{"l": "Motor Gasoline", "v": 8.5201670581404532e-05}, {"l": "Gas-Diesel oil", "v": 0.0014059237290069237}, {"l": "Fuel oil", "v": 0.0020202220040340256}, {"l": "Liquefied petroleum gas (LPG)", "v": 2.2136406948873724e-06}, {"l": "Other fossil fuels", "v": 0.0055760442750672021}]}, {"source": 25, "prod": 0, "target": 17, "value": 0.042850996505669522, "supply": [{"l": "Motor Gasoline", "v": 0.00040166501845519283}, {"l": "Gas-Diesel oil", "v": 0.0066279261510326414}, {"l": "Fuel oil", "v": 0.0095239037333032638}, {"l": "Liquefied petroleum gas (LPG)", "v": 1.0435734704469042e-05}, {"l": "Other fossil fuels", "v": 0.026287065868173955}]}, {"source": 25, "prod": 0, "target": 18, "value": 0.037656936323164122, "supply": [{"l": "Motor Gasoline", "v": 0.00035297834955153306}, {"l": "Gas-Diesel oil", "v": 0.0058245411630286842}, {"l": "Fuel oil", "v": 0.0083694911595695344}, {"l": "Liquefied petroleum gas (LPG)", "v": 9.1707971645333993e-06}, {"l": "Other fossil fuels", "v": 0.023100754853849836}]}, {"source": 25, "prod": 0, "target": 19, "value": 0.00064925752281317446, "supply": [{"l": "Motor Gasoline", "v": 6.0858336129574663e-06}, {"l": "Gas-Diesel oil", "v": 0.00010042312350049455}, {"l": "Fuel oil", "v": 0.0001443015717167161}, {"l": "Liquefied petroleum gas (LPG)", "v": 1.5811719249195517e-07}, {"l": "Other fossil fuels", "v": 0.00039828887679051444}]}, {"source": 25, "prod": 0, "target": 21, "value": 0.00064925752281317446, "supply": [{"l": "Motor Gasoline", "v": 6.0858336129574663e-06}, {"l": "Gas-Diesel oil", "v": 0.00010042312350049455}, {"l": "Fuel oil", "v": 0.0001443015717167161}, {"l": "Liquefied petroleum gas (LPG)", "v": 1.5811719249195517e-07}, {"l": "Other fossil fuels", "v": 0.00039828887679051444}]}, {"source": 25, "prod": 0, "target": 22, "value": 0.024022528344087458, "supply": [{"l": "Motor Gasoline", "v": 0.00022517584367942625}, {"l": "Gas-Diesel oil", "v": 0.0037156555695182984}, {"l": "Fuel oil", "v": 0.0053391581535184958}, {"l": "Liquefied petroleum gas (LPG)", "v": 5.850336122202341e-06}, {"l": "Other fossil fuels", "v": 0.014736688441249033}]}, {"source": 25, "prod": 0, "target": 23, "value": 0.012011264172043729, "supply": [{"l": "Motor Gasoline", "v": 0.00011258792183971312}, {"l": "Gas-Diesel oil", "v": 0.0018578277847591492}, {"l": "Fuel oil", "v": 0.0026695790767592479}, {"l": "Liquefied petroleum gas (LPG)", "v": 2.9251680611011705e-06}, {"l": "Other fossil fuels", "v": 0.0073683442206245167}]}, {"source": 27, "prod": 3.2763600395647874, "target": 0, "value": 0.042949291165252923, "supply": [{"l": "Potash", "v": 0.01153750000923}, {"l": "Phosphate", "v": 0.039979166698650002}, {"l": "Nitrogen", "v": 0.46235000036987989}]}, {"source": 27, "prod": 0.26172106824925817, "target": 2, "value": 0.0034308605368693164, "supply": [{"l": "Potash", "v": 0.01153750000923}, {"l": "Phosphate", "v": 0.039979166698650002}, {"l": "Nitrogen", "v": 0.46235000036987989}]}, {"source": 27, "prod": 1.1632047477744809, "target": 20, "value": 0.015248269052752518, "supply": [{"l": "Potash", "v": 0.01153750000923}, {"l": "Phosphate", "v": 0.039979166698650002}, {"l": "Nitrogen", "v": 0.46235000036987989}]}, {"source": 27, "prod": 2.8013847675568746, "target": 4, "value": 0.036722914635378981, "supply": [{"l": "Potash", "v": 0.01153750000923}, {"l": "Phosphate", "v": 0.039979166698650002}, {"l": "Nitrogen", "v": 0.46235000036987989}]}, {"source": 27, "prod": 0.29080118694362023, "target": 5, "value": 0.0038120672631881294, "supply": [{"l": "Potash", "v": 0.01153750000923}, {"l": "Phosphate", "v": 0.039979166698650002}, {"l": "Nitrogen", "v": 0.46235000036987989}]}, {"source": 27, "prod": 0.07754698318496539, "target": 3, "value": 0.0010165512701835011, "supply": [{"l": "Potash", "v": 0.01153750000923}, {"l": "Phosphate", "v": 0.039979166698650002}, {"l": "Nitrogen", "v": 0.46235000036987989}]}, {"source": 27, "prod": 0.27141444114737884, "target": 7, "value": 0.003557929445642254, "supply": [{"l": "Potash", "v": 0.01153750000923}, {"l": "Phosphate", "v": 0.039979166698650002}, {"l": "Nitrogen", "v": 0.46235000036987989}]}, {"source": 27, "prod": 8.5301681503461921, "target": 8, "value": 0.11182063972018513, "supply": [{"l": "Potash", "v": 0.01153750000923}, {"l": "Phosphate", "v": 0.039979166698650002}, {"l": "Nitrogen", "v": 0.46235000036987989}]}, {"source": 27, "prod": 0.07754698318496539, "target": 9, "value": 0.0010165512701835011, "supply": [{"l": "Potash", "v": 0.01153750000923}, {"l": "Phosphate", "v": 0.039979166698650002}, {"l": "Nitrogen", "v": 0.46235000036987989}]}, {"source": 27, "prod": 7.144015825914936, "target": 10, "value": 0.093649785765655053, "supply": [{"l": "Potash", "v": 0.01153750000923}, {"l": "Phosphate", "v": 0.039979166698650002}, {"l": "Nitrogen", "v": 0.46235000036987989}]}, {"source": 27, "prod": 0.048466864490603362, "target": 11, "value": 0.00063534454386468824, "supply": [{"l": "Potash", "v": 0.01153750000923}, {"l": "Phosphate", "v": 0.039979166698650002}, {"l": "Nitrogen", "v": 0.46235000036987989}]}, {"source": 27, "prod": 2.4621167161226509, "target": 6, "value": 0.032275502828326162, "supply": [{"l": "Potash", "v": 0.01153750000923}, {"l": "Phosphate", "v": 0.039979166698650002}, {"l": "Nitrogen", "v": 0.46235000036987989}]}, {"source": 27, "prod": 4.7594460929772504, "target": 12, "value": 0.062390834207512381, "supply": [{"l": "Potash", "v": 0.01153750000923}, {"l": "Phosphate", "v": 0.039979166698650002}, {"l": "Nitrogen", "v": 0.46235000036987989}]}, {"source": 27, "prod": 0.096933728981206724, "target": 13, "value": 0.0012706890877293765, "supply": [{"l": "Potash", "v": 0.01153750000923}, {"l": "Phosphate", "v": 0.039979166698650002}, {"l": "Nitrogen", "v": 0.46235000036987989}]}, {"source": 27, "prod": 0.087240356083086057, "target": 14, "value": 0.0011436201789564388, "supply": [{"l": "Potash", "v": 0.01153750000923}, {"l": "Phosphate", "v": 0.039979166698650002}, {"l": "Nitrogen", "v": 0.46235000036987989}]}, {"source": 27, "prod": 3.5283877349159254, "target": 15, "value": 0.046253082793349304, "supply": [{"l": "Potash", "v": 0.01153750000923}, {"l": "Phosphate", "v": 0.039979166698650002}, {"l": "Nitrogen", "v": 0.46235000036987989}]}, {"source": 27, "prod": 0.27141444114737884, "target": 16, "value": 0.003557929445642254, "supply": [{"l": "Potash", "v": 0.01153750000923}, {"l": "Phosphate", "v": 0.039979166698650002}, {"l": "Nitrogen", "v": 0.46235000036987989}]}, {"source": 27, "prod": 1.2795252225519289, "target": 17, "value": 0.01677309595802777, "supply": [{"l": "Potash", "v": 0.01153750000923}, {"l": "Phosphate", "v": 0.039979166698650002}, {"l": "Nitrogen", "v": 0.46235000036987989}]}, {"source": 27, "prod": 1.124431256181998, "target": 18, "value": 0.014739993417660767, "supply": [{"l": "Potash", "v": 0.01153750000923}, {"l": "Phosphate", "v": 0.039979166698650002}, {"l": "Nitrogen", "v": 0.46235000036987989}]}, {"source": 27, "prod": 0.019386745796241348, "target": 19, "value": 0.00025413781754587527, "supply": [{"l": "Potash", "v": 0.01153750000923}, {"l": "Phosphate", "v": 0.039979166698650002}, {"l": "Nitrogen", "v": 0.46235000036987989}]}, {"source": 27, "prod": 0.019386745796241348, "target": 21, "value": 0.00025413781754587527, "supply": [{"l": "Potash", "v": 0.01153750000923}, {"l": "Phosphate", "v": 0.039979166698650002}, {"l": "Nitrogen", "v": 0.46235000036987989}]}, {"source": 27, "prod": 0.71730959446092979, "target": 22, "value": 0.0094030992491973848, "supply": [{"l": "Potash", "v": 0.01153750000923}, {"l": "Phosphate", "v": 0.039979166698650002}, {"l": "Nitrogen", "v": 0.46235000036987989}]}, {"source": 27, "prod": 0.35865479723046489, "target": 23, "value": 0.0047015496245986924, "supply": [{"l": "Potash", "v": 0.01153750000923}, {"l": "Phosphate", "v": 0.039979166698650002}, {"l": "Nitrogen", "v": 0.46235000036987989}]}, {"source": 25, "prod": 0, "target": 27, "value": 0.61564437853759157, "supply": [{"l": "Natural gas (including LNG)", "v": 0.41718282122160233}, {"l": "Fuel oil", "v": 0.11673139919975775}, {"l": "Liquefied petroleum gas (LPG)", "v": 0.040865079058115782}, {"l": "Coal", "v": 0.040865079058115782}]}, {"source": 28, "prod": 0, "target": 0, "value": 0.0077898354543562212, "supply": "[{\"l\":'Labor',\"v\":0.0077898354543562212}]"}, {"source": 28, "prod": 0, "target": 2, "value": 0.00062226496233023067, "supply": "[{\"l\":'Labor',\"v\":0.00062226496233023067}]"}, {"source": 28, "prod": 0, "target": 20, "value": 0.0027656220548010254, "supply": "[{\"l\":'Labor',\"v\":0.0027656220548010254}]"}, {"source": 28, "prod": 0, "target": 4, "value": 0.006660539781979136, "supply": "[{\"l\":'Labor',\"v\":0.006660539781979136}]"}, {"source": 28, "prod": 0, "target": 5, "value": 0.00069140551370025635, "supply": "[{\"l\":'Labor',\"v\":0.00069140551370025635}]"}, {"source": 28, "prod": 0, "target": 3, "value": 0.00018437480365340167, "supply": "[{\"l\":'Labor',\"v\":0.00018437480365340167}]"}, {"source": 28, "prod": 0, "target": 7, "value": 0.0006453118127869059, "supply": "[{\"l\":'Labor',\"v\":0.0006453118127869059}]"}, {"source": 28, "prod": 0, "target": 8, "value": 0.020281228401874189, "supply": "[{\"l\":'Labor',\"v\":0.020281228401874189}]"}, {"source": 28, "prod": 0, "target": 9, "value": 0.00018437480365340167, "supply": "[{\"l\":'Labor',\"v\":0.00018437480365340167}]"}, {"source": 28, "prod": 0, "target": 10, "value": 0.016985528786569632, "supply": "[{\"l\":'Labor',\"v\":0.016985528786569632}]"}, {"source": 28, "prod": 0, "target": 11, "value": 0.00011523425228337605, "supply": "[{\"l\":'Labor',\"v\":0.00011523425228337605}]"}, {"source": 28, "prod": 0, "target": 6, "value": 0.005853900015995504, "supply": "[{\"l\":'Labor',\"v\":0.005853900015995504}]"}, {"source": 28, "prod": 0, "target": 12, "value": 0.011316003574227528, "supply": "[{\"l\":'Labor',\"v\":0.011316003574227528}]"}, {"source": 28, "prod": 0, "target": 13, "value": 0.0002304685045667521, "supply": "[{\"l\":'Labor',\"v\":0.0002304685045667521}]"}, {"source": 28, "prod": 0, "target": 14, "value": 0.0002074216541100769, "supply": "[{\"l\":'Labor',\"v\":0.0002074216541100769}]"}, {"source": 28, "prod": 0, "target": 15, "value": 0.0083890535662297771, "supply": "[{\"l\":'Labor',\"v\":0.0083890535662297771}]"}, {"source": 28, "prod": 0, "target": 16, "value": 0.0006453118127869059, "supply": "[{\"l\":'Labor',\"v\":0.0006453118127869059}]"}, {"source": 28, "prod": 0, "target": 17, "value": 0.0030421842602811281, "supply": "[{\"l\":'Labor',\"v\":0.0030421842602811281}]"}, {"source": 28, "prod": 0, "target": 18, "value": 0.0026734346529743245, "supply": "[{\"l\":'Labor',\"v\":0.0026734346529743245}]"}, {"source": 28, "prod": 0, "target": 19, "value": 4.6093700913350418e-05, "supply": "[{\"l\":'Labor',\"v\":4.6093700913350418e-05}]"}, {"source": 28, "prod": 0, "target": 21, "value": 4.6093700913350418e-05, "supply": "[{\"l\":'Labor',\"v\":4.6093700913350418e-05}]"}, {"source": 28, "prod": 0, "target": 22, "value": 0.0017054669337939656, "supply": "[{\"l\":'Labor',\"v\":0.0017054669337939656}]"}, {"source": 28, "prod": 0, "target": 23, "value": 0.00085273346689698282, "supply": "[{\"l\":'Labor',\"v\":0.00085273346689698282}]"}]}