{"nodes": [{"layer": 3, "name": "Maize"}, {"layer": 5, "name": "Production", "fill": "#b5cf6b"}, {"layer": 3, "name": "Olives"}, {"layer": 3, "name": "Rye"}, {"layer": 3, "name": "Nuts"}, {"layer": 3, "name": "Barley"}, {"layer": 3, "name": "Rice"}, {"layer": 3, "name": "Tomatoes"}, {"layer": 3, "name": "Sunflower seed"}, {"layer": 3, "name": "Wheat"}, {"layer": 3, "name": "Treenuts"}, {"layer": 3, "name": "Vegetables, Other"}, {"layer": 3, "name": "Peas"}, {"layer": 3, "name": "Grapes"}, {"layer": 3, "name": "Pimento"}, {"layer": 3, "name": "Oats"}, {"layer": 3, "name": "Potatoes"}, {"layer": 3, "name": "Beans"}, {"layer": 3, "name": "Apples"}, {"layer": 3, "name": "Sugar beet"}, {"layer": 3, "name": "Spices, Other"}, {"layer": 3, "name": "Fruits, Other"}, {"layer": 3, "name": "Rape and Mustardseed"}, {"layer": 3, "name": "Onions"}, {"layer": 3, "name": "Pulses, Other"}, {"layer": 1, "name": "Electricity", "fill": "#bcbd22"}, {"layer": 0, "name": "Fossil Fuels", "fill": "#c49c94"}, {"layer": 0, "name": "Renewables & Nuclear", "fill": "#2ca02c"}, {"layer": 1, "name": "Fertilizers", "fill": "#c5b0d5"}, {"layer": 0, "name": "Labor", "fill": "#7f7f7f"}], "links": [{"source": 0, "prod": 125.0, "target": 1, "value": 0.47524058739117558, "supply": [{"l": "Maize", "v": 0.47524058739117558}]}, {"source": 2, "prod": 15.0, "target": 1, "value": 0.015160773780535717, "supply": [{"l": "Olives", "v": 0.015160773780535717}]}, {"source": 3, "prod": 8.0, "target": 1, "value": 0.026123179437230769, "supply": [{"l": "Rye", "v": 0.026123179437230769}]}, {"source": 4, "prod": 5.0, "target": 1, "value": 0.015852759305788385, "supply": [{"l": "Nuts", "v": 0.015852759305788385}]}, {"source": 5, "prod": 110.0, "target": 1, "value": 0.41821171690423448, "supply": [{"l": "Barley", "v": 0.41821171690423448}]}, {"source": 6, "prod": 12.0, "target": 1, "value": 0.050940199902600007, "supply": [{"l": "Rice", "v": 0.050940199902600007}]}, {"source": 7, "prod": 135.0, "target": 1, "value": 0.027456748222702661, "supply": [{"l": "Tomatoes", "v": 0.027456748222702661}]}, {"source": 8, "prod": 7.0, "target": 1, "value": 0.045715564015153844, "supply": [{"l": "Sunflower seed", "v": 0.045715564015153844}]}, {"source": 9, "prod": 299.0, "target": 1, "value": 0.89543434271002798, "supply": [{"l": "Wheat", "v": 0.89543434271002798}]}, {"source": 10, "prod": 5.0, "target": 1, "value": 0.015657848330717216, "supply": [{"l": "Treenuts", "v": 0.015657848330717216}]}, {"source": 11, "prod": 369.0, "target": 1, "value": 0.10878776493131694, "supply": [{"l": "Vegetables, Other", "v": 0.10878776493131694}]}, {"source": 12, "prod": 3.0, "target": 1, "value": 0.01212861902442857, "supply": [{"l": "Peas", "v": 0.01212861902442857}]}, {"source": 13, "prod": 264.0, "target": 1, "value": 0.16123448922833411, "supply": [{"l": "Grapes", "v": 0.16123448922833411}]}, {"source": 14, "prod": 4.0, "target": 1, "value": 0.014389886978135593, "supply": [{"l": "Pimento", "v": 0.014389886978135593}]}, {"source": 15, "prod": 2.0, "target": 1, "value": 0.0050940199902600007, "supply": [{"l": "Oats", "v": 0.0050940199902600007}]}, {"source": 16, "prod": 164.0, "target": 1, "value": 0.12721198496450906, "supply": [{"l": "Potatoes", "v": 0.12721198496450906}]}, {"source": 17, "prod": 13.0, "target": 1, "value": 0.051939027351670594, "supply": [{"l": "Beans", "v": 0.051939027351670594}]}, {"source": 18, "prod": 84.0, "target": 1, "value": 0.046098923042534594, "supply": [{"l": "Apples", "v": 0.046098923042534594}]}, {"source": 19, "prod": 56.0, "target": 1, "value": 0.065084444320000004, "supply": [{"l": "Sugar beet", "v": 0.065084444320000004}]}, {"source": 20, "prod": 1.0, "target": 1, "value": 0.0036913188335217393, "supply": [{"l": "Spices, Other", "v": 0.0036913188335217393}]}, {"source": 21, "prod": 59.0, "target": 1, "value": 0.032501921439127106, "supply": [{"l": "Fruits, Other", "v": 0.032501921439127106}]}, {"source": 22, "prod": 3.0, "target": 1, "value": 0.019592384577923075, "supply": [{"l": "Rape and Mustardseed", "v": 0.019592384577923075}]}, {"source": 23, "prod": 36.0, "target": 1, "value": 0.013472848840738034, "supply": [{"l": "Onions", "v": 0.013472848840738034}]}, {"source": 24, "prod": 16.0, "target": 1, "value": 0.0679202665368, "supply": [{"l": "Pulses, Other", "v": 0.0679202665368}]}, {"source": 25, "prod": 0, "target": 0, "value": 0.0010432730532397385, "supply": "[{\"l\":'Energy for power irrigation',\"v\":0.0010432730532397385}]"}, {"source": 25, "prod": 0, "target": 2, "value": 0.0001015575538551958, "supply": "[{\"l\":'Energy for power irrigation',\"v\":0.0001015575538551958}]"}, {"source": 25, "prod": 0, "target": 3, "value": 5.231752774358571e-05, "supply": "[{\"l\":'Energy for power irrigation',\"v\":5.231752774358571e-05}]"}, {"source": 25, "prod": 0, "target": 21, "value": 0.00037545519910102686, "supply": "[{\"l\":'Energy for power irrigation',\"v\":0.00037545519910102686}]"}, {"source": 25, "prod": 0, "target": 5, "value": 0.00072321288351427312, "supply": "[{\"l\":'Energy for power irrigation',\"v\":0.00072321288351427312}]"}, {"source": 25, "prod": 0, "target": 6, "value": 7.3860039167415121e-05, "supply": "[{\"l\":'Energy for power irrigation',\"v\":7.3860039167415121e-05}]"}, {"source": 25, "prod": 0, "target": 4, "value": 3.3852517951731927e-05, "supply": "[{\"l\":'Energy for power irrigation',\"v\":3.3852517951731927e-05}]"}, {"source": 25, "prod": 0, "target": 8, "value": 4.3085022847658822e-05, "supply": "[{\"l\":'Energy for power irrigation',\"v\":4.3085022847658822e-05}]"}, {"source": 25, "prod": 0, "target": 9, "value": 0.0022865837125578929, "supply": "[{\"l\":'Energy for power irrigation',\"v\":0.0022865837125578929}]"}, {"source": 25, "prod": 0, "target": 10, "value": 3.3852517951731927e-05, "supply": "[{\"l\":'Energy for power irrigation',\"v\":3.3852517951731927e-05}]"}, {"source": 25, "prod": 0, "target": 11, "value": 0.0023019712207177712, "supply": "[{\"l\":'Energy for power irrigation',\"v\":0.0023019712207177712}]"}, {"source": 25, "prod": 0, "target": 12, "value": 1.5387508159878153e-05, "supply": "[{\"l\":'Energy for power irrigation',\"v\":1.5387508159878153e-05}]"}, {"source": 25, "prod": 0, "target": 7, "value": 0.00083400294226539584, "supply": "[{\"l\":'Energy for power irrigation',\"v\":0.00083400294226539584}]"}, {"source": 25, "prod": 0, "target": 13, "value": 0.0016279983633151083, "supply": "[{\"l\":'Energy for power irrigation',\"v\":0.0016279983633151083}]"}, {"source": 25, "prod": 0, "target": 14, "value": 2.4620013055805041e-05, "supply": "[{\"l\":'Energy for power irrigation',\"v\":2.4620013055805041e-05}]"}, {"source": 25, "prod": 0, "target": 15, "value": 1.2310006527902521e-05, "supply": "[{\"l\":'Energy for power irrigation',\"v\":1.2310006527902521e-05}]"}, {"source": 25, "prod": 0, "target": 16, "value": 0.001030963046711836, "supply": "[{\"l\":'Energy for power irrigation',\"v\":0.001030963046711836}]"}, {"source": 25, "prod": 0, "target": 17, "value": 8.6170045695317644e-05, "supply": "[{\"l\":'Energy for power irrigation',\"v\":8.6170045695317644e-05}]"}, {"source": 25, "prod": 0, "target": 18, "value": 0.00052625277906783276, "supply": "[{\"l\":'Energy for power irrigation',\"v\":0.00052625277906783276}]"}, {"source": 25, "prod": 0, "target": 19, "value": 0.0004154627203167101, "supply": "[{\"l\":'Energy for power irrigation',\"v\":0.0004154627203167101}]"}, {"source": 25, "prod": 0, "target": 20, "value": 6.1550032639512604e-06, "supply": "[{\"l\":'Energy for power irrigation',\"v\":6.1550032639512604e-06}]"}, {"source": 25, "prod": 0, "target": 22, "value": 1.846500979185378e-05, "supply": "[{\"l\":'Energy for power irrigation',\"v\":1.846500979185378e-05}]"}, {"source": 25, "prod": 0, "target": 23, "value": 0.00022773512076619662, "supply": "[{\"l\":'Energy for power irrigation',\"v\":0.00022773512076619662}]"}, {"source": 25, "prod": 0, "target": 24, "value": 0.0001015575538551958, "supply": "[{\"l\":'Energy for power irrigation',\"v\":0.0001015575538551958}]"}, {"source": 26, "prod": 0, "target": 25, "value": 0.025735068809880909, "supply": [{"l": "Coal", "v": 0.023717543861467308}, {"l": "Natural gas", "v": 3.4592384207548858e-06}, {"l": "Oil", "v": 0.0020140657099928447}]}, {"source": 27, "prod": 0, "target": 25, "value": 0.0020776185955053749, "supply": [{"l": "Nuclear", "v": 0.0}, {"l": "Hydroelectric", "v": 0.0020776185955053749}, {"l": "Renewable", "v": 0.0}]}, {"source": 26, "prod": 0, "target": 0, "value": 0.095006790413925263, "supply": [{"l": "Motor Gasoline", "v": 0.0010614715869390837}, {"l": "Gas-Diesel oil", "v": 0.012363867694369464}, {"l": "Fuel oil", "v": 0.028072688741711749}, {"l": "Liquefied petroleum gas (LPG)", "v": 2.7578293773829667e-05}, {"l": "Other fossil fuels", "v": 0.053481184097131144}]}, {"source": 26, "prod": 0, "target": 2, "value": 0.0092484486243644085, "supply": [{"l": "Motor Gasoline", "v": 0.00010332909253389312}, {"l": "Gas-Diesel oil", "v": 0.0012035623419297708}, {"l": "Fuel oil", "v": 0.0027327396120250379}, {"l": "Liquefied petroleum gas (LPG)", "v": 2.684612668248906e-06}, {"l": "Other fossil fuels", "v": 0.005206132965207457}]}, {"source": 26, "prod": 0, "target": 3, "value": 0.0047643523216422705, "supply": [{"l": "Motor Gasoline", "v": 5.3230138578066147e-05}, {"l": "Gas-Diesel oil", "v": 0.00062001696402442738}, {"l": "Fuel oil", "v": 0.0014077749516492617}, {"l": "Liquefied petroleum gas (LPG)", "v": 1.3829822836433757e-06}, {"l": "Other fossil fuels", "v": 0.0026819472851068713}]}, {"source": 26, "prod": 0, "target": 21, "value": 0.034191234308256296, "supply": [{"l": "Motor Gasoline", "v": 0.0003820045239131806}, {"l": "Gas-Diesel oil", "v": 0.0044495335065282433}, {"l": "Fuel oil", "v": 0.010102855535365291}, {"l": "Liquefied petroleum gas (LPG)", "v": 9.9249316826171677e-06}, {"l": "Other fossil fuels", "v": 0.01924691581076696}]}, {"source": 26, "prod": 0, "target": 5, "value": 0.065860164446231384, "supply": [{"l": "Motor Gasoline", "v": 0.00073582838622620857}, {"l": "Gas-Diesel oil", "v": 0.0085708227379847311}, {"l": "Fuel oil", "v": 0.019460418449269209}, {"l": "Liquefied petroleum gas (LPG)", "v": 1.9117696273893725e-05}, {"l": "Other fossil fuels", "v": 0.037073977176477348}]}, {"source": 26, "prod": 0, "target": 6, "value": 0.0067261444540832049, "supply": [{"l": "Motor Gasoline", "v": 7.5148430933740453e-05}, {"l": "Gas-Diesel oil", "v": 0.00087531806685801515}, {"l": "Fuel oil", "v": 0.0019874469905636636}, {"l": "Liquefied petroleum gas (LPG)", "v": 1.9524455769082953e-06}, {"l": "Other fossil fuels", "v": 0.0037862785201508778}]}, {"source": 26, "prod": 0, "target": 4, "value": 0.0030828162081214688, "supply": [{"l": "Motor Gasoline", "v": 3.4443030844631037e-05}, {"l": "Gas-Diesel oil", "v": 0.00040118744730992359}, {"l": "Fuel oil", "v": 0.00091091320400834587}, {"l": "Liquefied petroleum gas (LPG)", "v": 8.9487088941630194e-07}, {"l": "Other fossil fuels", "v": 0.0017353776550691523}]}, {"source": 26, "prod": 0, "target": 8, "value": 0.0039235842648818698, "supply": [{"l": "Motor Gasoline", "v": 4.3836584711348599e-05}, {"l": "Gas-Diesel oil", "v": 0.00051060220566717554}, {"l": "Fuel oil", "v": 0.0011593440778288038}, {"l": "Liquefied petroleum gas (LPG)", "v": 1.1389265865298389e-06}, {"l": "Other fossil fuels", "v": 0.002208662470088012}]}, {"source": 26, "prod": 0, "target": 9, "value": 0.20823022205765923, "supply": [{"l": "Motor Gasoline", "v": 0.0023264701743237145}, {"l": "Gas-Diesel oil", "v": 0.027098388486479386}, {"l": "Fuel oil", "v": 0.061528046416200091}, {"l": "Liquefied petroleum gas (LPG)", "v": 6.0444460985119305e-05}, {"l": "Other fossil fuels", "v": 0.11721687251967092}]}, {"source": 26, "prod": 0, "target": 10, "value": 0.0030828162081214688, "supply": [{"l": "Motor Gasoline", "v": 3.4443030844631037e-05}, {"l": "Gas-Diesel oil", "v": 0.00040118744730992359}, {"l": "Fuel oil", "v": 0.00091091320400834587}, {"l": "Liquefied petroleum gas (LPG)", "v": 8.9487088941630194e-07}, {"l": "Other fossil fuels", "v": 0.0017353776550691523}]}, {"source": 26, "prod": 0, "target": 11, "value": 0.2096315021522599, "supply": [{"l": "Motor Gasoline", "v": 0.0023421260974349108}, {"l": "Gas-Diesel oil", "v": 0.027280746417074807}, {"l": "Fuel oil", "v": 0.06194209787256752}, {"l": "Liquefied petroleum gas (LPG)", "v": 6.0851220480308534e-05}, {"l": "Other fossil fuels", "v": 0.11800568054470237}]}, {"source": 26, "prod": 0, "target": 12, "value": 0.001401280094600668, "supply": [{"l": "Motor Gasoline", "v": 1.5655923111195927e-05}, {"l": "Gas-Diesel oil", "v": 0.00018235793059541983}, {"l": "Fuel oil", "v": 0.00041405145636742998}, {"l": "Liquefied petroleum gas (LPG)", "v": 4.0675949518922821e-07}, {"l": "Other fossil fuels", "v": 0.00078880802503143287}]}, {"source": 26, "prod": 0, "target": 7, "value": 0.075949381127356205, "supply": [{"l": "Motor Gasoline", "v": 0.00084855103262681934}, {"l": "Gas-Diesel oil", "v": 0.0098837998382717545}, {"l": "Fuel oil", "v": 0.022441588935114706}, {"l": "Liquefied petroleum gas (LPG)", "v": 2.204636463925617e-05}, {"l": "Other fossil fuels", "v": 0.042753394956703668}]}, {"source": 26, "prod": 0, "target": 13, "value": 0.14825543400875066, "supply": [{"l": "Motor Gasoline", "v": 0.0016563966651645292}, {"l": "Gas-Diesel oil", "v": 0.019293469056995419}, {"l": "Fuel oil", "v": 0.043806644083674094}, {"l": "Liquefied petroleum gas (LPG)", "v": 4.3035154591020341e-05}, {"l": "Other fossil fuels", "v": 0.083455889048325599}]}, {"source": 26, "prod": 0, "target": 14, "value": 0.0022420481513610686, "supply": [{"l": "Motor Gasoline", "v": 2.5049476977913482e-05}, {"l": "Gas-Diesel oil", "v": 0.0002917726889526717}, {"l": "Fuel oil", "v": 0.00066248233018788793}, {"l": "Liquefied petroleum gas (LPG)", "v": 6.5081519230276507e-07}, {"l": "Other fossil fuels", "v": 0.0012620928400502926}]}, {"source": 26, "prod": 0, "target": 15, "value": 0.0011210240756805343, "supply": [{"l": "Motor Gasoline", "v": 1.2524738488956741e-05}, {"l": "Gas-Diesel oil", "v": 0.00014588634447633585}, {"l": "Fuel oil", "v": 0.00033124116509394396}, {"l": "Liquefied petroleum gas (LPG)", "v": 3.2540759615138254e-07}, {"l": "Other fossil fuels", "v": 0.0006310464200251463}]}, {"source": 26, "prod": 0, "target": 16, "value": 0.093885766338244733, "supply": [{"l": "Motor Gasoline", "v": 0.001048946848450127}, {"l": "Gas-Diesel oil", "v": 0.012217981349893128}, {"l": "Fuel oil", "v": 0.027741447576617805}, {"l": "Liquefied petroleum gas (LPG)", "v": 2.7252886177678286e-05}, {"l": "Other fossil fuels", "v": 0.052850137677106002}]}, {"source": 26, "prod": 0, "target": 17, "value": 0.0078471685297637397, "supply": [{"l": "Motor Gasoline", "v": 8.7673169422697198e-05}, {"l": "Gas-Diesel oil", "v": 0.0010212044113343511}, {"l": "Fuel oil", "v": 0.0023186881556576076}, {"l": "Liquefied petroleum gas (LPG)", "v": 2.2778531730596778e-06}, {"l": "Other fossil fuels", "v": 0.0044173249401760241}]}, {"source": 26, "prod": 0, "target": 18, "value": 0.047923779235342835, "supply": [{"l": "Motor Gasoline", "v": 0.00053543257040290066}, {"l": "Gas-Diesel oil", "v": 0.006236641226363358}, {"l": "Fuel oil", "v": 0.014160559807766104}, {"l": "Liquefied petroleum gas (LPG)", "v": 1.3911174735471604e-05}, {"l": "Other fossil fuels", "v": 0.026977234456075003}]}, {"source": 26, "prod": 0, "target": 19, "value": 0.037834562554218035, "supply": [{"l": "Motor Gasoline", "v": 0.00042270992400229005}, {"l": "Gas-Diesel oil", "v": 0.0049236641260763355}, {"l": "Fuel oil", "v": 0.01117938932192061}, {"l": "Liquefied petroleum gas (LPG)", "v": 1.0982506370109161e-05}, {"l": "Other fossil fuels", "v": 0.02129781667584869}]}, {"source": 26, "prod": 0, "target": 20, "value": 0.00056051203784026715, "supply": [{"l": "Motor Gasoline", "v": 6.2623692444783705e-06}, {"l": "Gas-Diesel oil", "v": 7.2943172238167924e-05}, {"l": "Fuel oil", "v": 0.00016562058254697198}, {"l": "Liquefied petroleum gas (LPG)", "v": 1.6270379807569127e-07}, {"l": "Other fossil fuels", "v": 0.00031552321001257315}]}, {"source": 26, "prod": 0, "target": 22, "value": 0.0016815361135208012, "supply": [{"l": "Motor Gasoline", "v": 1.8787107733435113e-05}, {"l": "Gas-Diesel oil", "v": 0.00021882951671450379}, {"l": "Fuel oil", "v": 0.00049686174764091589}, {"l": "Liquefied petroleum gas (LPG)", "v": 4.8811139422707383e-07}, {"l": "Other fossil fuels", "v": 0.00094656963003771945}]}, {"source": 26, "prod": 0, "target": 23, "value": 0.02073894540008988, "supply": [{"l": "Motor Gasoline", "v": 0.0002317076620456997}, {"l": "Gas-Diesel oil", "v": 0.002698897372812213}, {"l": "Fuel oil", "v": 0.0061279615542379623}, {"l": "Liquefied petroleum gas (LPG)", "v": 6.0200405288005762e-06}, {"l": "Other fossil fuels", "v": 0.011674358770465205}]}, {"source": 26, "prod": 0, "target": 24, "value": 0.0092484486243644085, "supply": [{"l": "Motor Gasoline", "v": 0.00010332909253389312}, {"l": "Gas-Diesel oil", "v": 0.0012035623419297708}, {"l": "Fuel oil", "v": 0.0027327396120250379}, {"l": "Liquefied petroleum gas (LPG)", "v": 2.684612668248906e-06}, {"l": "Other fossil fuels", "v": 0.005206132965207457}]}, {"source": 28, "prod": 3.4417557251908395, "target": 0, "value": 0.0366240044822254, "supply": [{"l": "Potash", "v": 0.023075000018459999}, {"l": "Phosphate", "v": 0.049237500039389995}, {"l": "Nitrogen", "v": 0.35226666694847991}]}, {"source": 28, "prod": 0.33503816793893132, "target": 2, "value": 0.0035651685779157474, "supply": [{"l": "Potash", "v": 0.023075000018459999}, {"l": "Phosphate", "v": 0.049237500039389995}, {"l": "Nitrogen", "v": 0.35226666694847991}]}, {"source": 28, "prod": 0.17259541984732824, "target": 3, "value": 0.0018366019946838698, "supply": [{"l": "Potash", "v": 0.023075000018459999}, {"l": "Phosphate", "v": 0.049237500039389995}, {"l": "Nitrogen", "v": 0.35226666694847991}]}, {"source": 28, "prod": 1.2386259541984732, "target": 21, "value": 0.013180320197143066, "supply": [{"l": "Potash", "v": 0.023075000018459999}, {"l": "Phosphate", "v": 0.049237500039389995}, {"l": "Nitrogen", "v": 0.35226666694847991}]}, {"source": 28, "prod": 2.3858778625954198, "target": 5, "value": 0.025388321691218203, "supply": [{"l": "Potash", "v": 0.023075000018459999}, {"l": "Phosphate", "v": 0.049237500039389995}, {"l": "Nitrogen", "v": 0.35226666694847991}]}, {"source": 28, "prod": 0.24366412213740457, "target": 6, "value": 0.0025928498748478161, "supply": [{"l": "Potash", "v": 0.023075000018459999}, {"l": "Phosphate", "v": 0.049237500039389995}, {"l": "Nitrogen", "v": 0.35226666694847991}]}, {"source": 28, "prod": 0.11167938931297709, "target": 4, "value": 0.0011883895259719157, "supply": [{"l": "Potash", "v": 0.023075000018459999}, {"l": "Phosphate", "v": 0.049237500039389995}, {"l": "Nitrogen", "v": 0.35226666694847991}]}, {"source": 28, "prod": 0.14213740458015267, "target": 8, "value": 0.0015124957603278929, "supply": [{"l": "Potash", "v": 0.023075000018459999}, {"l": "Phosphate", "v": 0.049237500039389995}, {"l": "Nitrogen", "v": 0.35226666694847991}]}, {"source": 28, "prod": 7.5434351145038168, "target": 9, "value": 0.080270310708830311, "supply": [{"l": "Potash", "v": 0.023075000018459999}, {"l": "Phosphate", "v": 0.049237500039389995}, {"l": "Nitrogen", "v": 0.35226666694847991}]}, {"source": 28, "prod": 0.11167938931297709, "target": 10, "value": 0.0011883895259719157, "supply": [{"l": "Potash", "v": 0.023075000018459999}, {"l": "Phosphate", "v": 0.049237500039389995}, {"l": "Nitrogen", "v": 0.35226666694847991}]}, {"source": 28, "prod": 7.594198473282443, "target": 11, "value": 0.080810487766090275, "supply": [{"l": "Potash", "v": 0.023075000018459999}, {"l": "Phosphate", "v": 0.049237500039389995}, {"l": "Nitrogen", "v": 0.35226666694847991}]}, {"source": 28, "prod": 0.050763358778625957, "target": 12, "value": 0.00054017705725996172, "supply": [{"l": "Potash", "v": 0.023075000018459999}, {"l": "Phosphate", "v": 0.049237500039389995}, {"l": "Nitrogen", "v": 0.35226666694847991}]}, {"source": 28, "prod": 2.7513740458015268, "target": 7, "value": 0.029277596503489926, "supply": [{"l": "Potash", "v": 0.023075000018459999}, {"l": "Phosphate", "v": 0.049237500039389995}, {"l": "Nitrogen", "v": 0.35226666694847991}]}, {"source": 28, "prod": 5.3707633587786265, "target": 13, "value": 0.057150732658103956, "supply": [{"l": "Potash", "v": 0.023075000018459999}, {"l": "Phosphate", "v": 0.049237500039389995}, {"l": "Nitrogen", "v": 0.35226666694847991}]}, {"source": 28, "prod": 0.081221374045801528, "target": 14, "value": 0.00086428329161593873, "supply": [{"l": "Potash", "v": 0.023075000018459999}, {"l": "Phosphate", "v": 0.049237500039389995}, {"l": "Nitrogen", "v": 0.35226666694847991}]}, {"source": 28, "prod": 0.040610687022900764, "target": 15, "value": 0.00043214164580796937, "supply": [{"l": "Potash", "v": 0.023075000018459999}, {"l": "Phosphate", "v": 0.049237500039389995}, {"l": "Nitrogen", "v": 0.35226666694847991}]}, {"source": 28, "prod": 3.4011450381679387, "target": 16, "value": 0.036191862836417434, "supply": [{"l": "Potash", "v": 0.023075000018459999}, {"l": "Phosphate", "v": 0.049237500039389995}, {"l": "Nitrogen", "v": 0.35226666694847991}]}, {"source": 28, "prod": 0.28427480916030534, "target": 17, "value": 0.0030249915206557857, "supply": [{"l": "Potash", "v": 0.023075000018459999}, {"l": "Phosphate", "v": 0.049237500039389995}, {"l": "Nitrogen", "v": 0.35226666694847991}]}, {"source": 28, "prod": 1.7361068702290077, "target": 18, "value": 0.018474055358290692, "supply": [{"l": "Potash", "v": 0.023075000018459999}, {"l": "Phosphate", "v": 0.049237500039389995}, {"l": "Nitrogen", "v": 0.35226666694847991}]}, {"source": 28, "prod": 1.3706106870229007, "target": 19, "value": 0.014584780546018966, "supply": [{"l": "Potash", "v": 0.023075000018459999}, {"l": "Phosphate", "v": 0.049237500039389995}, {"l": "Nitrogen", "v": 0.35226666694847991}]}, {"source": 28, "prod": 0.020305343511450382, "target": 20, "value": 0.00021607082290398468, "supply": [{"l": "Potash", "v": 0.023075000018459999}, {"l": "Phosphate", "v": 0.049237500039389995}, {"l": "Nitrogen", "v": 0.35226666694847991}]}, {"source": 28, "prod": 0.060916030534351143, "target": 22, "value": 0.00064821246871195402, "supply": [{"l": "Potash", "v": 0.023075000018459999}, {"l": "Phosphate", "v": 0.049237500039389995}, {"l": "Nitrogen", "v": 0.35226666694847991}]}, {"source": 28, "prod": 0.75129770992366407, "target": 23, "value": 0.0079946204474474324, "supply": [{"l": "Potash", "v": 0.023075000018459999}, {"l": "Phosphate", "v": 0.049237500039389995}, {"l": "Nitrogen", "v": 0.35226666694847991}]}, {"source": 28, "prod": 0.33503816793893132, "target": 24, "value": 0.0035651685779157474, "supply": [{"l": "Potash", "v": 0.023075000018459999}, {"l": "Phosphate", "v": 0.049237500039389995}, {"l": "Nitrogen", "v": 0.35226666694847991}]}, {"source": 26, "prod": 0, "target": 28, "value": 0.52200581473629726, "supply": [{"l": "Natural gas (including LNG)", "v": 0.34962530482286286}, {"l": "Fuel oil", "v": 0.11010991325344849}, {"l": "Liquefied petroleum gas (LPG)", "v": 0.03113529832999298}, {"l": "Coal", "v": 0.03113529832999298}]}, {"source": 29, "prod": 0, "target": 0, "value": 0.0070585924747536494, "supply": "[{\"l\":'Labor',\"v\":0.0070585924747536494}]"}, {"source": 29, "prod": 0, "target": 2, "value": 0.00068711962143619605, "supply": "[{\"l\":'Labor',\"v\":0.00068711962143619605}]"}, {"source": 29, "prod": 0, "target": 3, "value": 0.00035397071407319185, "supply": "[{\"l\":'Labor',\"v\":0.00035397071407319185}]"}, {"source": 29, "prod": 0, "target": 21, "value": 0.0025402604186429063, "supply": "[{\"l\":'Labor',\"v\":0.0025402604186429063}]"}, {"source": 29, "prod": 0, "target": 5, "value": 0.0048931245768941232, "supply": "[{\"l\":'Labor',\"v\":0.0048931245768941232}]"}, {"source": 29, "prod": 0, "target": 6, "value": 0.00049972336104450613, "supply": "[{\"l\":'Labor',\"v\":0.00049972336104450613}]"}, {"source": 29, "prod": 0, "target": 4, "value": 0.00022903987381206532, "supply": "[{\"l\":'Labor',\"v\":0.00022903987381206532}]"}, {"source": 29, "prod": 0, "target": 8, "value": 0.0002915052939426286, "supply": "[{\"l\":'Labor',\"v\":0.0002915052939426286}]"}, {"source": 29, "prod": 0, "target": 9, "value": 0.015470602385669503, "supply": "[{\"l\":'Labor',\"v\":0.015470602385669503}]"}, {"source": 29, "prod": 0, "target": 10, "value": 0.00022903987381206532, "supply": "[{\"l\":'Labor',\"v\":0.00022903987381206532}]"}, {"source": 29, "prod": 0, "target": 11, "value": 0.015574711419220443, "supply": "[{\"l\":'Labor',\"v\":0.015574711419220443}]"}, {"source": 29, "prod": 0, "target": 12, "value": 0.00010410903355093879, "supply": "[{\"l\":'Labor',\"v\":0.00010410903355093879}]"}, {"source": 29, "prod": 0, "target": 7, "value": 0.0056427096184608824, "supply": "[{\"l\":'Labor',\"v\":0.0056427096184608824}]"}, {"source": 29, "prod": 0, "target": 13, "value": 0.011014735749689324, "supply": "[{\"l\":'Labor',\"v\":0.011014735749689324}]"}, {"source": 29, "prod": 0, "target": 14, "value": 0.00016657445368150207, "supply": "[{\"l\":'Labor',\"v\":0.00016657445368150207}]"}, {"source": 29, "prod": 0, "target": 15, "value": 8.3287226840751035e-05, "supply": "[{\"l\":'Labor',\"v\":8.3287226840751035e-05}]"}, {"source": 29, "prod": 0, "target": 16, "value": 0.0069753052479128988, "supply": "[{\"l\":'Labor',\"v\":0.0069753052479128988}]"}, {"source": 29, "prod": 0, "target": 17, "value": 0.0005830105878852572, "supply": "[{\"l\":'Labor',\"v\":0.0005830105878852572}]"}, {"source": 29, "prod": 0, "target": 18, "value": 0.0035605289474421064, "supply": "[{\"l\":'Labor',\"v\":0.0035605289474421064}]"}, {"source": 29, "prod": 0, "target": 19, "value": 0.0028109439058753472, "supply": "[{\"l\":'Labor',\"v\":0.0028109439058753472}]"}, {"source": 29, "prod": 0, "target": 20, "value": 4.1643613420375517e-05, "supply": "[{\"l\":'Labor',\"v\":4.1643613420375517e-05}]"}, {"source": 29, "prod": 0, "target": 22, "value": 0.00012493084026112653, "supply": "[{\"l\":'Labor',\"v\":0.00012493084026112653}]"}, {"source": 29, "prod": 0, "target": 23, "value": 0.0015408136965538938, "supply": "[{\"l\":'Labor',\"v\":0.0015408136965538938}]"}, {"source": 29, "prod": 0, "target": 24, "value": 0.00068711962143619605, "supply": "[{\"l\":'Labor',\"v\":0.00068711962143619605}]"}]}