{"nodes": [{"layer": 13, "name": "Other Processed", "fill": "#9c9ede"}, {"layer": 10, "name": "Feed", "fill": "#dbdb8d"}, {"layer": 13, "name": "Animal Products", "fill": "#17becf"}, {"layer": 5, "name": "Cereals", "fill": "#e7ba52"}, {"layer": 5, "name": "Oilcrops", "fill": "#ff9896"}, {"layer": 5, "name": "Fruits, Roots & Vegetables", "fill": "#98df8a"}, {"layer": 5, "name": "Sugar Crops", "fill": "#ffbb78"}, {"layer": 13, "name": "Sugar", "fill": "#d6616b"}, {"layer": 13, "name": "Aquatic Products", "fill": "#1f77b4"}, {"layer": 13, "name": "Vegetable Oils", "fill": "#f7b6d2"}, {"layer": 16, "name": "Food", "fill": "#b5cf6b"}, {"layer": 10, "name": "Processing", "fill": "#9edae5"}, {"layer": 16, "name": "Biofuels & Other", "fill": "#e7ba52"}, {"name": "Waste", "fill": "#c7c7c7"}, {"layer": 2, "name": "Import", "fill": "#aec7e8"}, {"layer": 16, "name": "Export", "fill": "#aec7e8"}, {"layer": 0, "name": "Stock Draw", "fill": "#c7c7c7"}, {"layer": 16, "name": "Stock Deposit", "fill": "#c7c7c7"}, {"layer": 2, "name": "Electricity", "fill": "#bcbd22"}, {"layer": 0, "name": "Fossil Fuels", "fill": "#c49c94"}, {"layer": 0, "name": "Renewables & Nuclear", "fill": "#2ca02c"}, {"layer": 2, "name": "Fertilizers", "fill": "#c5b0d5"}, {"layer": 0, "name": "Labor", "fill": "#7f7f7f"}], "links": [{"source": 0, "prod": 245.0, "target": 1, "value": 1.6376727581592356, "supply": [{"l": "Fats, Animals, Raw", "v": 0.65188555634040224}, {"l": "Fish, Body Oil", "v": 0.67448598019183337}, {"l": "Fish, Liver Oil", "v": 0.31130122162700002}]}, {"source": 2, "prod": 46912.0, "target": 1, "value": 29.332276875836353, "supply": [{"l": "Eggs", "v": 0.0049538619449871922}, {"l": "Milk - Excluding Butter", "v": 29.306533756464564}, {"l": "Meat, Other", "v": 0.0039271079220066082}, {"l": "Offals, Edible", "v": 0.016862149504795833}]}, {"source": 3, "prod": 81626.0, "target": 1, "value": 236.19651830471813, "supply": [{"l": "Maize", "v": 74.305919245532493}, {"l": "Rye", "v": 24.875617745515775}, {"l": "Barley", "v": 52.183882314778991}, {"l": "Rice", "v": 0.26033059149745696}, {"l": "Wheat", "v": 30.069234579811951}, {"l": "Oats", "v": 36.622365144262076}, {"l": "Sorghum", "v": 5.4595753108045653}, {"l": "Cereals, Other", "v": 12.139378283240568}, {"l": "Millet", "v": 0.28021508927423322}]}, {"source": 4, "prod": 119.0, "target": 1, "value": 0.33887154388400526, "supply": [{"l": "Sunflower seed", "v": 0.058368979055062498}, {"l": "Cottonseed", "v": 0.034653197212653059}, {"l": "Rape and Mustardseed", "v": 0.09529629233479589}, {"l": "Oilcrops, Other", "v": 0.054578785609928585}, {"l": "Soyabeans", "v": 0.095974289671565224}]}, {"source": 5, "prod": 56965.0, "target": 1, "value": 48.25918353440639, "supply": [{"l": "Roots, Other", "v": 0.49123581591472049}, {"l": "Fruits, Other", "v": 0.022155653090182807}, {"l": "Tomatoes", "v": 0.0074394068765718906}, {"l": "Vegetables, Other", "v": 0.87026897617748378}, {"l": "Peas", "v": 0.60388785368404851}, {"l": "Potatoes", "v": 38.876923910859929}, {"l": "Beans", "v": 0.15451860637122003}, {"l": "Apples", "v": 0.066315334026399511}, {"l": "Bananas", "v": 0.00066775542943483146}, {"l": "Sweet potatoes", "v": 0.065604802904863646}, {"l": "Pulses, Other", "v": 5.5934337147952942}, {"l": "Cassava", "v": 1.5067317042762434}]}, {"source": 6, "prod": 958.0, "target": 1, "value": 1.11340888676, "supply": [{"l": "Sugar beet", "v": 1.11340888676}]}, {"source": 7, "prod": 25.0, "target": 1, "value": 0.088437847053125004, "supply": [{"l": "Sugar", "v": 0.084900333171}, {"l": "Sweeteners, Other", "v": 0.0035375138821250002}]}, {"source": 8, "prod": 10132.0, "target": 1, "value": 9.7564079257611453, "supply": [{"l": "Crustaceans", "v": 0.022235801544785719}, {"l": "Marine Fish, Other", "v": 0.011026017294935067}, {"l": "Freshwater Fish", "v": 0.0006632838528984375}, {"l": "Fish, Seafood", "v": 3.8417400759877496}, {"l": "Pelagic Fish", "v": 5.8276062381420424}, {"l": "Demersal Fish", "v": 0.053136508938734367}]}, {"source": 9, "prod": 4.0, "target": 1, "value": 0.043563469870241039, "supply": [{"l": "Soyabean Oil", "v": 0.010256416087771811}, {"l": "Palmkernel Oil", "v": 0.033307053782469231}]}, {"source": 0, "prod": 40988.0, "target": 10, "value": 64.264786529777396, "supply": [{"l": "Beverages, Alcoholic", "v": 3.4474178254396293}, {"l": "Butter, Ghee", "v": 18.028835455724117}, {"l": "Fats, Animals, Raw", "v": 17.209778687386621}, {"l": "Wine", "v": 12.297706950203057}, {"l": "Fish, Body Oil", "v": 0.48581857314516674}, {"l": "Cream", "v": 1.4760002021467642}, {"l": "Beer", "v": 10.49338014034141}, {"l": "Beverages, Fermented", "v": 0.65604802904863635}, {"l": "Fish, Liver Oil", "v": 0.169800666342}]}, {"source": 2, "prod": 94535.0, "target": 10, "value": 93.302994862469973, "supply": [{"l": "Eggs", "v": 6.7207393720326243}, {"l": "Pigmeat", "v": 23.937474289522921}, {"l": "Offals, Edible", "v": 1.8055470854366}, {"l": "Milk - Excluding Butter", "v": 43.12578341895032}, {"l": "Meat, Other", "v": 1.1493335851739341}, {"l": "Mutton & Goat Meat", "v": 3.2824523716431213}, {"l": "Bovine Meat", "v": 10.002308359212277}, {"l": "Poultry Meat", "v": 3.279356380498168}]}, {"source": 3, "prod": 54668.0, "target": 10, "value": 169.74212406125713, "supply": [{"l": "Maize", "v": 8.5278537420148854}, {"l": "Barley", "v": 1.47984504780338}, {"l": "Cereals, Other", "v": 0.81476932639911293}, {"l": "Rye", "v": 19.515204972573038}, {"l": "Rice", "v": 4.7565487734620113}, {"l": "Wheat", "v": 133.15143599238593}, {"l": "Oats", "v": 1.4810697731421527}, {"l": "Millet", "v": 0.015396433476606221}]}, {"source": 4, "prod": 538.0, "target": 10, "value": 1.6175623759931399, "supply": [{"l": "Coconuts - Incl Copra", "v": 0.32747271365957142}, {"l": "Sesame seed", "v": 0.025470099951300004}, {"l": "Olives", "v": 0.16544680310246154}, {"l": "Groundnuts", "v": 0.97961922889615383}, {"l": "Oilcrops, Other", "v": 0.060643095122142866}, {"l": "Rape and Mustardseed", "v": 0.058910435261510206}]}, {"source": 5, "prod": 108476.0, "target": 10, "value": 70.822639452787229, "supply": [{"l": "Vegetables, Other", "v": 7.5432196097466431}, {"l": "Nuts", "v": 2.7902172672281536}, {"l": "Infant food", "v": 0.011622222200000001}, {"l": "Tomatoes", "v": 1.1482193127783242}, {"l": "Cloves", "v": 0.0060137735996125012}, {"l": "Pepper", "v": 0.019757777740000003}, {"l": "Treenuts", "v": 2.7876120223474548}, {"l": "Roots, Other", "v": 0.0041280320665102559}, {"l": "Peas", "v": 1.4789090294303231}, {"l": "Grapes", "v": 2.295289891580091}, {"l": "Pimento", "v": 0.16272563857775002}, {"l": "Pulses, Other", "v": 1.6480652909664704}, {"l": "Pineapples", "v": 0.16421511810706579}, {"l": "Citrus, Other", "v": 0.047495882411423891}, {"l": "Tea", "v": 0.16449439551881251}, {"l": "Grapefruit", "v": 0.20687555516}, {"l": "Fruits, Other", "v": 6.0670561381008703}, {"l": "Yams", "v": 0.001032008016627564}, {"l": "Coffee", "v": 0.49227924275621854}, {"l": "Dates", "v": 0.16272563857775002}, {"l": "Cocoa Beans", "v": 1.3098908546382857}, {"l": "Potatoes", "v": 32.631638052277403}, {"l": "Beans", "v": 2.29400700228042}, {"l": "Apples", "v": 3.1156871037873346}, {"l": "Lemons, Limes", "v": 0.16412071447492604}, {"l": "Bananas", "v": 1.1485393386279101}, {"l": "Spices, Other", "v": 0.169800666342}, {"l": "Sweet potatoes", "v": 0.16336882291995458}, {"l": "Oranges, Mandarines", "v": 1.4755489996937732}, {"l": "Onions", "v": 1.1480840508351138}]}, {"source": 6, "prod": 45.0, "target": 10, "value": 0.052299999900000005, "supply": [{"l": "Sugar beet", "v": 0.052299999900000005}]}, {"source": 7, "prod": 12583.0, "target": 10, "value": 44.429759353937158, "supply": [{"l": "Sugar", "v": 43.603396111072755}, {"l": "Sweeteners, Other", "v": 0.49525194349750001}, {"l": "Honey", "v": 0.33111129936689998}]}, {"source": 8, "prod": 11252.0, "target": 10, "value": 8.5872705695620617, "supply": [{"l": "Crustaceans", "v": 0.14352199178907146}, {"l": "Aquatic Products, Other", "v": 0.0018439291110576564}, {"l": "Marine Fish, Other", "v": 0.16373635682978574}, {"l": "Fish, Seafood", "v": 4.2632095870866422}, {"l": "Aquatic Animals, Others", "v": 0.0018439291110576564}, {"l": "Demersal Fish", "v": 1.4761322183180405}, {"l": "Freshwater Fish", "v": 0.16515767937171094}, {"l": "Cephalopods", "v": 0.077868888740000003}, {"l": "Pelagic Fish", "v": 2.1292493428529551}, {"l": "Molluscs, Other", "v": 0.16470664635174004}]}, {"source": 9, "prod": 3747.0, "target": 10, "value": 39.355869732929179, "supply": [{"l": "Ricebran Oil", "v": 0.010612541646375}, {"l": "Sunflowerseed Oil", "v": 3.7600009254348192}, {"l": "Rape and Mustard Oil", "v": 1.8181316029066279}, {"l": "Sesameseed Oil", "v": 0.14857558304925}, {"l": "Palmkernel Oil", "v": 2.7977925177274154}, {"l": "Oilcrops Oil, Other", "v": 2.4674159327821878}, {"l": "Maize Germ Oil", "v": 0.48817691573325001}, {"l": "Groundnut Oil", "v": 4.4297322482869061}, {"l": "Soyabean Oil", "v": 5.8974392504687918}, {"l": "Palm Oil", "v": 2.6090007145881908}, {"l": "Coconut Oil", "v": 4.6045045557605393}, {"l": "Olive Oil", "v": 9.4967086961275715}, {"l": "Cottonseed Oil", "v": 0.82777824841725012}]}, {"source": 0, "prod": 1310.0, "target": 11, "value": 2.0276345927507089, "supply": [{"l": "Fats, Animals, Raw", "v": 1.1000568763244289}, {"l": "Wine", "v": 0.92757771642628017}]}, {"source": 2, "prod": 118.0, "target": 11, "value": 0.17283806462568713, "supply": [{"l": "Milk - Excluding Butter", "v": 0.0024998642660068299}, {"l": "Meat, Other", "v": 0.0026180719480044055}, {"l": "Bovine Meat", "v": 0.14665706865551176}, {"l": "Poultry Meat", "v": 0.021063059756164123}]}, {"source": 3, "prod": 5951.0, "target": 11, "value": 15.552108005606275, "supply": [{"l": "Maize", "v": 3.095797402170811}, {"l": "Rye", "v": 0.25991733354257418}, {"l": "Barley", "v": 11.357568937144567}, {"l": "Rice", "v": 0.17649531626946235}, {"l": "Cereals, Other", "v": 0.17459342708552419}, {"l": "Wheat", "v": 0.40338655708708304}, {"l": "Oats", "v": 0.084349032306253249}]}, {"source": 4, "prod": 16490.4126984127, "target": 11, "value": 40.918554094466813, "supply": [{"l": "Olives", "v": 6.8355652860753846}, {"l": "Sunflower seed", "v": 4.6854371368745626}, {"l": "Coconuts - Incl Copra", "v": 5.8563903289383665}, {"l": "Sesame seed", "v": 0.2716810661472}, {"l": "Cottonseed", "v": 0.80741949505481625}, {"l": "Groundnuts", "v": 5.1527971439937694}, {"l": "Oilcrops, Other", "v": 5.1607273948943577}, {"l": "Soyabeans", "v": 8.8216367923113701}, {"l": "Rape and Mustardseed", "v": 1.2804356370075305}, {"l": "Palm kernels", "v": 1.1192982699686937}, {"l": "Oil Palm", "v": 0.92716554320076128}]}, {"source": 5, "prod": 26075.0, "target": 11, "value": 19.690283823988192, "supply": [{"l": "Vegetables, Other", "v": 0.0010661794501408682}, {"l": "Nuts", "v": 0.0026052448806985562}, {"l": "Treenuts", "v": 0.0026052448806985562}, {"l": "Cocoa Beans", "v": 0.020791918327591835}, {"l": "Grapes", "v": 16.795030277379979}, {"l": "Potatoes", "v": 1.447979363551321}, {"l": "Apples", "v": 1.0293046717259959}, {"l": "Fruits, Other", "v": 0.39041853553511324}, {"l": "Onions", "v": 0.00048238825665340913}]}, {"source": 6, "prod": 72131.0, "target": 11, "value": 83.555852479226559, "supply": [{"l": "Sugar beet", "v": 83.45685317376001}, {"l": "Sugar cane", "v": 0.098999305466545132}]}, {"source": 7, "prod": 5.0, "target": 11, "value": 0.015565061081350001, "supply": [{"l": "Sugar", "v": 0.0070750277642500003}, {"l": "Honey", "v": 0.0084900333171}]}, {"source": 9, "prod": 59.0, "target": 11, "value": 0.65578422714866902, "supply": [{"l": "Groundnut Oil", "v": 0.020651432392945947}, {"l": "Oilcrops Oil, Other", "v": 0.4661937937514733}, {"l": "Soyabean Oil", "v": 0.030769248263315438}, {"l": "Palm Oil", "v": 0.053904973441904758}, {"l": "Sunflowerseed Oil", "v": 0.020773485775882977}, {"l": "Coconut Oil", "v": 0.021416300259351352}, {"l": "Rape and Mustard Oil", "v": 0.019870290742148938}, {"l": "Palmkernel Oil", "v": 0.022204702521646157}]}, {"source": 0, "prod": 2678.0, "target": 12, "value": 11.392714759813799, "supply": [{"l": "Alcohol, Non-Food", "v": 0.55187145046884889}, {"l": "Beer", "v": 0.025229985036886452}, {"l": "Beverages, Alcoholic", "v": 1.4555764151856212}, {"l": "Butter, Ghee", "v": 0.04994137245352942}, {"l": "Fats, Animals, Raw", "v": 7.8552209539018474}, {"l": "Wine", "v": 0.13420273344039796}, {"l": "Fish, Body Oil", "v": 1.3065217937981668}, {"l": "Fish, Liver Oil", "v": 0.014150055528500001}]}, {"source": 2, "prod": 2771.0, "target": 12, "value": 2.0316095806318586, "supply": [{"l": "Mutton & Goat Meat", "v": 0.01622299359955414}, {"l": "Eggs", "v": 0.014861585834961577}, {"l": "Pigmeat", "v": 0.24978234041241307}, {"l": "Milk - Excluding Butter", "v": 1.5836640125153263}, {"l": "Bovine Meat", "v": 0.0059255381274954241}, {"l": "Poultry Meat", "v": 0.014582118292729009}, {"l": "Offals, Edible", "v": 0.14657099184937916}]}, {"source": 3, "prod": 1098.0, "target": 12, "value": 3.7193220435541274, "supply": [{"l": "Maize", "v": 3.0144182809746458}, {"l": "Rye", "v": 0.0030578509828538135}, {"l": "Barley", "v": 0.014508284782386078}, {"l": "Rice", "v": 0.2162067624300914}, {"l": "Wheat", "v": 0.47113086438415031}]}, {"source": 4, "prod": 149.0, "target": 12, "value": 0.88192386906202058, "supply": [{"l": "Coconuts - Incl Copra", "v": 0.0051979795818979588}, {"l": "Oilcrops, Other", "v": 0.87326056975885735}, {"l": "Cottonseed", "v": 0.0017326598606326529}, {"l": "Palm kernels", "v": 0.0017326598606326529}]}, {"source": 5, "prod": 3204.0, "target": 12, "value": 2.5618958379532701, "supply": [{"l": "Nuts", "v": 0.065131122017463905}, {"l": "Citrus, Other", "v": 0.010132454914437096}, {"l": "Tomatoes", "v": 0.001700435857502146}, {"l": "Treenuts", "v": 0.065131122017463905}, {"l": "Vegetables, Other", "v": 0.012261063676619983}, {"l": "Grapes", "v": 0.02473039613823667}, {"l": "Potatoes", "v": 2.2886161476538871}, {"l": "Beans", "v": 0.0039620155479800009}, {"l": "Pulses, Other", "v": 0.020808905188970588}, {"l": "Lemons, Limes", "v": 0.0020926138457640847}, {"l": "Fruits, Other", "v": 0.022754454525052613}, {"l": "Oranges, Mandarines", "v": 0.0065340799673858155}, {"l": "Cassava", "v": 0.033024256532082047}, {"l": "Onions", "v": 0.00048238825665340913}, {"l": "Apples", "v": 0.0045343818137709071}]}, {"source": 6, "prod": 3307.0, "target": 12, "value": 3.8263544250945851, "supply": [{"l": "Sugar beet", "v": 3.8202244371400003}, {"l": "Sugar cane", "v": 0.0061299879545848391}]}, {"source": 7, "prod": 536.0, "target": 12, "value": 1.8961074408190002, "supply": [{"l": "Sugar", "v": 0.44926426302987499}, {"l": "Sweeteners, Other", "v": 1.4468431777891251}]}, {"source": 8, "prod": 775.0, "target": 12, "value": 0.51532382038651292, "supply": [{"l": "Freshwater Fish", "v": 0.0059695546760859374}, {"l": "Crustaceans", "v": 0.0080857460162857154}, {"l": "Aquatic Products, Other", "v": 0.12231396436682454}, {"l": "Marine Fish, Other", "v": 0.028116344102084422}, {"l": "Aquatic Plants", "v": 0.12047003525576688}, {"l": "Fish, Seafood", "v": 0.14251127353703572}, {"l": "Pelagic Fish", "v": 0.039079659796522531}, {"l": "Molluscs, Other", "v": 0.0028300111056999999}, {"l": "Aquatic Animals, Others", "v": 0.0018439291110576564}, {"l": "Demersal Fish", "v": 0.044103302419149525}]}, {"source": 9, "prod": 1189.0, "target": 12, "value": 12.877253043004727, "supply": [{"l": "Groundnut Oil", "v": 1.0119201872543515}, {"l": "Soyabean Oil", "v": 0.34871814698424158}, {"l": "Palm Oil", "v": 1.8435500917131429}, {"l": "Sunflowerseed Oil", "v": 0.15580114331912231}, {"l": "Olive Oil", "v": 0.62069991477957986}, {"l": "Coconut Oil", "v": 0.97444166180048641}, {"l": "Rape and Mustard Oil", "v": 1.1723471537867873}, {"l": "Oilcrops Oil, Other", "v": 5.1508728919370093}, {"l": "Cottonseed Oil", "v": 1.199217206040375}, {"l": "Palmkernel Oil", "v": 0.39968464538963078}]}, {"source": 5, "prod": 16952.0, "target": 5, "value": 14.808251117308938, "supply": [{"l": "Vegetables, Other", "v": 0.0023989037628169537}, {"l": "Potatoes", "v": 12.79229888851731}, {"l": "Beans", "v": 0.60618837884094001}, {"l": "Roots, Other", "v": 0.001032008016627564}, {"l": "Peas", "v": 0.345078773533742}, {"l": "Pulses, Other", "v": 1.0612541646375}]}, {"source": 2, "prod": 148.0, "target": 2, "value": 0.24439052261936817, "supply": [{"l": "Eggs", "v": 0.24439052261936817}]}, {"source": 3, "prod": 9626.0, "target": 3, "value": 27.923228756430984, "supply": [{"l": "Maize", "v": 1.4749965716805071}, {"l": "Oats", "v": 3.2995356755093184}, {"l": "Rye", "v": 4.7152062155605812}, {"l": "Barley", "v": 4.2896162006588172}, {"l": "Rice", "v": 0.15443340173577957}, {"l": "Sorghum", "v": 0.0061585733906424876}, {"l": "Cereals, Other", "v": 1.0133265572022581}, {"l": "Wheat", "v": 12.963796987302437}, {"l": "Millet", "v": 0.0061585733906424876}]}, {"source": 4, "prod": 133.0, "target": 4, "value": 0.42455261223607488, "supply": [{"l": "Soyabeans", "v": 0.0079978574726304354}, {"l": "Sunflower seed", "v": 0.074287791524625002}, {"l": "Cottonseed", "v": 0.090098312752897952}, {"l": "Rape and Mustardseed", "v": 0.057177775400877547}, {"l": "Groundnuts", "v": 0.013061589718615384}, {"l": "Oilcrops, Other", "v": 0.18192928536642861}]}, {"source": 0, "prod": 202.0, "target": 13, "value": 0.32528521278873201, "supply": [{"l": "Beer", "v": 0.033831116299461374}, {"l": "Fats, Animals, Raw", "v": 0.18741709744786564}, {"l": "Wine", "v": 0.089205346345676284}, {"l": "Beverages, Fermented", "v": 0.00059370862357342659}, {"l": "Cream", "v": 0.014237944072155282}]}, {"source": 2, "prod": 1080.0, "target": 13, "value": 0.82592935860599459, "supply": [{"l": "Pigmeat", "v": 0.052037987585919397}, {"l": "Eggs", "v": 0.090820802324765193}, {"l": "Mutton & Goat Meat", "v": 0.010815329066369428}, {"l": "Milk - Excluding Butter", "v": 0.58996796677761187}, {"l": "Meat, Other", "v": 0.0013090359740022027}, {"l": "Bovine Meat", "v": 0.059255381274954243}, {"l": "Poultry Meat", "v": 0.004860706097576337}, {"l": "Offals, Edible", "v": 0.016862149504795833}]}, {"source": 3, "prod": 3248.0, "target": 13, "value": 9.5501009159572483, "supply": [{"l": "Maize", "v": 1.6750535779544149}, {"l": "Rye", "v": 1.7429750602266738}, {"l": "Barley", "v": 1.2888192981686299}, {"l": "Rice", "v": 0.026474297440419358}, {"l": "Cereals, Other", "v": 0.20540403186532261}, {"l": "Wheat", "v": 3.470356105627042}, {"l": "Oats", "v": 1.1163842511121753}, {"l": "Sorghum", "v": 0.018475720171927466}, {"l": "Millet", "v": 0.0061585733906424876}]}, {"source": 4, "prod": 85.0, "target": 13, "value": 0.30198455309545436, "supply": [{"l": "Olives", "v": 0.0076192606691923067}, {"l": "Sunflower seed", "v": 0.084900333171}, {"l": "Coconuts - Incl Copra", "v": 0.0086632993031632646}, {"l": "Cottonseed", "v": 0.024257238048857141}, {"l": "Oilcrops, Other", "v": 0.030321547561071433}, {"l": "Soyabeans", "v": 0.10797107588051089}, {"l": "Groundnuts", "v": 0.026123179437230769}, {"l": "Rape and Mustardseed", "v": 0.01212861902442857}]}, {"source": 5, "prod": 20382.0, "target": 13, "value": 12.996620444779548, "supply": [{"l": "Nuts", "v": 0.070341611778861016}, {"l": "Grapefruit", "v": 0.0092977777600000006}, {"l": "Tomatoes", "v": 0.15133879131769101}, {"l": "Coffee", "v": 0.0010701722668613445}, {"l": "Treenuts", "v": 0.065131122017463905}, {"l": "Vegetables, Other", "v": 1.1687992222169268}, {"l": "Peas", "v": 0.049296967647677423}, {"l": "Grapes", "v": 0.093511810397707423}, {"l": "Pimento", "v": 0.010612541646375}, {"l": "Dates", "v": 0.017687569410625003}, {"l": "Potatoes", "v": 9.5199588445731855}, {"l": "Beans", "v": 0.14659457527526001}, {"l": "Apples", "v": 0.50388317905529201}, {"l": "Lemons, Limes", "v": 0.029595538675806336}, {"l": "Pineapples", "v": 0.0011171096469868424}, {"l": "Bananas", "v": 0.090146982973702258}, {"l": "Fruits, Other", "v": 0.600597839174415}, {"l": "Sweet potatoes", "v": 0.021868267634954548}, {"l": "Oranges, Mandarines", "v": 0.13337210286369869}, {"l": "Onions", "v": 0.12928005278311366}, {"l": "Pulses, Other", "v": 0.18311836566294115}]}, {"source": 6, "prod": 214.0, "target": 13, "value": 0.24871555508000001, "supply": [{"l": "Sugar beet", "v": 0.24871555508000001}]}, {"source": 7, "prod": 10.0, "target": 13, "value": 0.035375138821250006, "supply": [{"l": "Sugar", "v": 0.035375138821250006}]}, {"source": 9, "prod": 1.0, "target": 13, "value": 0.010612541646375, "supply": [{"l": "Cottonseed Oil", "v": 0.010612541646375}]}, {"source": 14, "prod": 23407.0, "target": 1, "value": 22.777450187572562, "supply": [{"l": "Crustaceans", "v": 0.062664531626214298}, {"l": "Eggs", "v": 0.77775632536298911}, {"l": "Marine Fish, Other", "v": 0.007718212106454546}, {"l": "Pigmeat", "v": 2.1621783841949505}, {"l": "Fish, Seafood", "v": 5.1349540794674464}, {"l": "Offals, Edible", "v": 0.20883123617477917}, {"l": "Demersal Fish", "v": 0.39905518212989505}, {"l": "Freshwater Fish", "v": 0.050409572820281252}, {"l": "Milk - Excluding Butter", "v": 4.2653934038741532}, {"l": "Meat, Other", "v": 0.15053913701025332}, {"l": "Cephalopods", "v": 0.0023244444400000001}, {"l": "Mutton & Goat Meat", "v": 1.0517907517044267}, {"l": "Pelagic Fish", "v": 6.8353877680463055}, {"l": "Bovine Meat", "v": 1.2295491614553005}, {"l": "Molluscs, Other", "v": 0.054902215450580008}, {"l": "Poultry Meat", "v": 0.38399578170853055}]}, {"source": 14, "prod": 11106.0, "target": 11, "value": 53.745768964504151, "supply": [{"l": "Sugar", "v": 14.747895374579125}, {"l": "Beverages, Alcoholic", "v": 0.26465025730647657}, {"l": "Butter, Ghee", "v": 3.9370448617532356}, {"l": "Fats, Animals, Raw", "v": 8.2219065793433224}, {"l": "Sunflowerseed Oil", "v": 1.4125970327600426}, {"l": "Rape and Mustard Oil", "v": 0.13909203519504257}, {"l": "Wine", "v": 1.7896329218198952}, {"l": "Sweeteners, Other", "v": 0.18395072187050002}, {"l": "Fish, Body Oil", "v": 2.3819260139641671}, {"l": "Honey", "v": 0.18395072187050002}, {"l": "Palmkernel Oil", "v": 0.33307053782469231}, {"l": "Alcohol, Non-Food", "v": 0.029045865814149939}, {"l": "Oilcrops Oil, Other", "v": 4.6164556161731252}, {"l": "Maize Germ Oil", "v": 0.031837624939125002}, {"l": "Beer", "v": 0.24025826660125962}, {"l": "Groundnut Oil", "v": 2.0857946716875402}, {"l": "Soyabean Oil", "v": 2.9025657528394224}, {"l": "Palm Oil", "v": 5.8756421051676195}, {"l": "Coconut Oil", "v": 1.4027676669875135}, {"l": "Olive Oil", "v": 1.4793347968913322}, {"l": "Beverages, Fermented", "v": 0.00059370862357342659}, {"l": "Cottonseed Oil", "v": 1.2735049975650001}, {"l": "Fish, Liver Oil", "v": 0.21225083292749999}]}, {"source": 14, "prod": 36648.0, "target": 3, "value": 113.01846643051343, "supply": [{"l": "Maize", "v": 33.382393674010558}, {"l": "Barley", "v": 11.667079012502137}, {"l": "Cereals, Other", "v": 0.33549325204669356}, {"l": "Sorghum", "v": 5.3548795631636441}, {"l": "Rye", "v": 3.9354542149328582}, {"l": "Rice", "v": 2.6827288072958275}, {"l": "Wheat", "v": 53.379434863393769}, {"l": "Oats", "v": 2.1732280088317015}, {"l": "Millet", "v": 0.10777503433624354}]}, {"source": 14, "prod": 19454.0, "target": 5, "value": 16.830024842262663, "supply": [{"l": "Roots, Other", "v": 0.50361991211425117}, {"l": "Nuts", "v": 0.83628360670423663}, {"l": "Infant food", "v": 0.023244444400000001}, {"l": "Tomatoes", "v": 0.19066137052242813}, {"l": "Pepper", "v": 0.019757777740000003}, {"l": "Treenuts", "v": 0.83888885158493509}, {"l": "Vegetables, Other", "v": 0.35530430175944433}, {"l": "Peas", "v": 0.73945451471516155}, {"l": "Grapes", "v": 1.0355853382886606}, {"l": "Pimento", "v": 0.02122508329275}, {"l": "Pulses, Other", "v": 0.54935509698882345}, {"l": "Pineapples", "v": 0.16533222775405268}, {"l": "Citrus, Other", "v": 0.023431301989635785}, {"l": "Tea", "v": 0.17333818022412506}, {"l": "Grapefruit", "v": 0.21384888848000003}, {"l": "Fruits, Other", "v": 1.2479021902686747}, {"l": "Coffee", "v": 0.51368268809344542}, {"l": "Cloves", "v": 0.0060137735996125012}, {"l": "Dates", "v": 0.18041320798837501}, {"l": "Cocoa Beans", "v": 2.0826571524804489}, {"l": "Potatoes", "v": 1.7722583080201182}, {"l": "Beans", "v": 0.57845427000507998}, {"l": "Apples", "v": 0.6291454766607133}, {"l": "Lemons, Limes", "v": 0.10104335426689438}, {"l": "Bananas", "v": 1.0764217522489483}, {"l": "Spices, Other", "v": 0.19527076629330001}, {"l": "Sweet potatoes", "v": 0.002572737368818182}, {"l": "Oranges, Mandarines", "v": 0.98011199510787217}, {"l": "Cassava", "v": 1.5407879688249531}, {"l": "Onions", "v": 0.23395830447690344}]}, {"source": 14, "prod": 8946.0, "target": 4, "value": 28.65523007787451, "supply": [{"l": "Sunflower seed", "v": 0.96574128982012508}, {"l": "Coconuts - Incl Copra", "v": 6.8803923065722641}, {"l": "Sesame seed", "v": 0.2377209328788}, {"l": "Cottonseed", "v": 0.27202759811932653}, {"l": "Olives", "v": 0.035919371726192306}, {"l": "Groundnuts", "v": 6.5895720130414626}, {"l": "Oilcrops, Other", "v": 3.6749715644018579}, {"l": "Soyabeans", "v": 8.5936978543414018}, {"l": "Rape and Mustardseed", "v": 0.27549291784059182}, {"l": "Palm kernels", "v": 1.1296942291324896}]}, {"source": 14, "prod": 97.0, "target": 6, "value": 0.11273555534000002, "supply": [{"l": "Sugar beet", "v": 0.11273555534000002}]}, {"source": 0, "prod": 2821.0, "target": 15, "value": 8.8168358821885136, "supply": [{"l": "Beverages, Alcoholic", "v": 0.703412525998793}, {"l": "Butter, Ghee", "v": 2.4554508122985292}, {"l": "Fats, Animals, Raw", "v": 3.9846504631307091}, {"l": "Wine", "v": 0.88968517992546181}, {"l": "Fish, Body Oil", "v": 0.27356774021766672}, {"l": "Cream", "v": 0.014237944072155282}, {"l": "Alcohol, Non-Food", "v": 0.022821751711117812}, {"l": "Beer", "v": 0.33200366673539217}, {"l": "Beverages, Fermented", "v": 0.01365529834218881}, {"l": "Fish, Liver Oil", "v": 0.12735049975650001}]}, {"source": 2, "prod": 9613.0, "target": 15, "value": 8.918235035011401, "supply": [{"l": "Eggs", "v": 0.72656641859812154}, {"l": "Pigmeat", "v": 2.3651265357800368}, {"l": "Offals, Edible", "v": 0.080419482253641664}, {"l": "Milk - Excluding Butter", "v": 4.7047445486248538}, {"l": "Meat, Other", "v": 0.068069870648114539}, {"l": "Mutton & Goat Meat", "v": 0.059484309865031851}, {"l": "Bovine Meat", "v": 0.6221815033870195}, {"l": "Poultry Meat", "v": 0.29164236585458014}]}, {"source": 3, "prod": 9788.0, "target": 15, "value": 29.050042433815385, "supply": [{"l": "Maize", "v": 6.5374560694253283}, {"l": "Barley", "v": 7.4669305680013682}, {"l": "Cereals, Other", "v": 0.17459342708552419}, {"l": "Sorghum", "v": 0.052347873820461154}, {"l": "Rye", "v": 1.1772726283987183}, {"l": "Rice", "v": 1.5796330806116883}, {"l": "Wheat", "v": 11.498056520329525}, {"l": "Oats", "v": 0.56067297944744809}, {"l": "Millet", "v": 0.0030792866953212438}]}, {"source": 4, "prod": 388.0, "target": 15, "value": 1.2109897798821823, "supply": [{"l": "Sunflower seed", "v": 0.48817691573325001}, {"l": "Coconuts - Incl Copra", "v": 0.079702353589102035}, {"l": "Sesame seed", "v": 0.0084900333171}, {"l": "Cottonseed", "v": 0.0086632993031632646}, {"l": "Olives", "v": 0.075104140882038456}, {"l": "Groundnuts", "v": 0.03918476915584615}, {"l": "Oilcrops, Other", "v": 0.30321547561071432}, {"l": "Soyabeans", "v": 0.0039989287363152177}, {"l": "Rape and Mustardseed", "v": 0.20445386355465303}]}, {"source": 5, "prod": 13348.0, "target": 15, "value": 9.9595565614165267, "supply": [{"l": "Roots, Other", "v": 0.016512128266041023}, {"l": "Nuts", "v": 0.85191507598842786}, {"l": "Infant food", "v": 0.027893333280000002}, {"l": "Tomatoes", "v": 0.3866366030995505}, {"l": "Treenuts", "v": 0.85191507598842786}, {"l": "Vegetables, Other", "v": 0.42060779308057256}, {"l": "Peas", "v": 0.52172624093791942}, {"l": "Grapes", "v": 0.69863369090518601}, {"l": "Pimento", "v": 0.035375138821250006}, {"l": "Pulses, Other", "v": 0.19976548981411768}, {"l": "Pineapples", "v": 0.0022342192939736848}, {"l": "Citrus, Other", "v": 0.00063327843215231852}, {"l": "Tea", "v": 0.0088437847053125015}, {"l": "Grapefruit", "v": 0.013946666640000001}, {"l": "Fruits, Other", "v": 0.93173503265741742}, {"l": "Coffee", "v": 0.019798186936934872}, {"l": "Dates", "v": 0.0424501665855}, {"l": "Cocoa Beans", "v": 0.63415350899155098}, {"l": "Potatoes", "v": 2.2232937703508195}, {"l": "Beans", "v": 0.38827752370204011}, {"l": "Apples", "v": 0.69716120386727698}, {"l": "Lemons, Limes", "v": 0.10492963712331338}, {"l": "Bananas", "v": 0.071449830949526963}, {"l": "Spices, Other", "v": 0.1188604664394}, {"l": "Sweet potatoes", "v": 0.001286368684409091}, {"l": "Oranges, Mandarines", "v": 0.49505264694076057}, {"l": "Cassava", "v": 0.001032008016627564}, {"l": "Onions", "v": 0.19343769091801705}]}, {"source": 6, "prod": 106.0, "target": 15, "value": 0.12319555532000001, "supply": [{"l": "Sugar beet", "v": 0.12319555532000001}]}, {"source": 7, "prod": 3218.0, "target": 15, "value": 11.375937142137577, "supply": [{"l": "Sugar", "v": 11.022893256701501}, {"l": "Sweeteners, Other", "v": 0.32191376327337501}, {"l": "Honey", "v": 0.031130122162699999}]}, {"source": 8, "prod": 3371.0, "target": 15, "value": 2.8094131294477678, "supply": [{"l": "Crustaceans", "v": 0.016171492032571431}, {"l": "Marine Fish, Other", "v": 0.0022052034589870131}, {"l": "Fish, Seafood", "v": 1.2780532296991607}, {"l": "Demersal Fish", "v": 0.30925448202343397}, {"l": "Freshwater Fish", "v": 0.015255528616664063}, {"l": "Cephalopods", "v": 0.0023244444400000001}, {"l": "Pelagic Fish", "v": 1.1250205092938304}, {"l": "Molluscs, Other", "v": 0.061128239883120009}]}, {"source": 9, "prod": 735.0, "target": 15, "value": 7.8374989543845031, "supply": [{"l": "Sunflowerseed Oil", "v": 0.63359131616443076}, {"l": "Rape and Mustard Oil", "v": 0.1887677620504149}, {"l": "Palmkernel Oil", "v": 0.38858229412880774}, {"l": "Oilcrops Oil, Other", "v": 1.500916604273036}, {"l": "Maize Germ Oil", "v": 0.074287791524625002}, {"l": "Groundnut Oil", "v": 0.32009720209066217}, {"l": "Soyabean Oil", "v": 0.96410311225055034}, {"l": "Palm Oil", "v": 1.6387111926339049}, {"l": "Coconut Oil", "v": 0.52469935635410814}, {"l": "Olive Oil", "v": 1.5931297812675882}, {"l": "Cottonseed Oil", "v": 0.010612541646375}]}, {"source": 16, "prod": 2293.0, "target": 5, "value": 2.4438934045308982, "supply": [{"l": "Nuts", "v": 0.41423393603107039}, {"l": "Grapefruit", "v": 0.0011622222200000001}, {"l": "Cocoa Beans", "v": 0.12475150996555101}, {"l": "Tomatoes", "v": 0.00085021792875107302}, {"l": "Coffee", "v": 0.00053508613343067227}, {"l": "Treenuts", "v": 0.41683918091176897}, {"l": "Vegetables, Other", "v": 0.012261063676619983}, {"l": "Grapes", "v": 0.05255209179375292}, {"l": "Potatoes", "v": 0.80953089014872448}, {"l": "Beans", "v": 0.22583488623486006}, {"l": "Lemons, Limes", "v": 0.034378656037552816}, {"l": "Spices, Other", "v": 0.0084900333171}, {"l": "Fruits, Other", "v": 0.12874230849700821}, {"l": "Oranges, Mandarines", "v": 0.14298104399220724}, {"l": "Pulses, Other", "v": 0.070750277642500012}]}, {"source": 16, "prod": 623.0, "target": 4, "value": 1.7665827861412253, "supply": [{"l": "Olives", "v": 0.041361700775615386}, {"l": "Sunflower seed", "v": 0.46164556161731257}, {"l": "Coconuts - Incl Copra", "v": 0.60296563150016314}, {"l": "Groundnuts", "v": 0.51593279388530777}, {"l": "Oilcrops, Other", "v": 0.030321547561071433}, {"l": "Rape and Mustardseed", "v": 0.10569225149859184}, {"l": "Palm kernels", "v": 0.0086632993031632646}]}, {"source": 2, "prod": 3.0, "target": 17, "value": 0.0049538619449871922, "supply": [{"l": "Eggs", "v": 0.0049538619449871922}]}, {"source": 16, "prod": 84.0, "target": 6, "value": 0.097626666479999999, "supply": [{"l": "Sugar beet", "v": 0.097626666479999999}]}, {"source": 0, "prod": 1171.0, "target": 17, "value": 1.0078971889536541, "supply": [{"l": "Beverages, Alcoholic", "v": 0.1079494470592207}, {"l": "Wine", "v": 0.89994774189443349}]}, {"source": 3, "prod": 2655.0, "target": 17, "value": 7.324401825166996, "supply": [{"l": "Maize", "v": 2.4990171800655947}, {"l": "Rye", "v": 0.88066108306189828}, {"l": "Barley", "v": 3.9293271285628966}, {"l": "Sorghum", "v": 0.015396433476606221}]}, {"source": 16, "prod": 780.0, "target": 1, "value": 0.50975633384116648, "supply": [{"l": "Meat, Other", "v": 0.0013090359740022027}, {"l": "Demersal Fish", "v": 0.0031881905363240616}, {"l": "Pigmeat", "v": 0.0052037987585919401}, {"l": "Milk - Excluding Butter", "v": 0.46247488921126356}, {"l": "Fish, Seafood", "v": 0.0068223482012410705}, {"l": "Pelagic Fish", "v": 0.0047369284601845498}, {"l": "Poultry Meat", "v": 0.0032404707317175573}, {"l": "Offals, Edible", "v": 0.0064854421172291666}, {"l": "Bovine Meat", "v": 0.016295229850612415}]}, {"source": 5, "prod": 95.0, "target": 17, "value": 0.067611656250829572, "supply": [{"l": "Peas", "v": 0.01643232254922581}, {"l": "Apples", "v": 0.04817780677131589}, {"l": "Tea", "v": 0.0005895856470208334}, {"l": "Onions", "v": 0.0024119412832670456}]}, {"source": 9, "prod": 67.0, "target": 17, "value": 0.69180323194121585, "supply": [{"l": "Soyabean Oil", "v": 0.34871814698424158}, {"l": "Palm Oil", "v": 0.19405790439085713}, {"l": "Rape and Mustard Oil", "v": 0.14902718056611705}]}, {"source": 4, "prod": 106.0, "target": 17, "value": 0.42388644604941306, "supply": [{"l": "Soyabeans", "v": 0.42388644604941306}]}, {"source": 16, "prod": 474.0, "target": 11, "value": 3.5340792764929603, "supply": [{"l": "Alcohol, Non-Food", "v": 0.0020747047010107101}, {"l": "Beer", "v": 0.05676746633299451}, {"l": "Fats, Animals, Raw", "v": 0.22001137526488573}, {"l": "Butter, Ghee", "v": 0.32461892094794115}, {"l": "Sunflowerseed Oil", "v": 0.28044205797442023}, {"l": "Olive Oil", "v": 2.1103797102505717}, {"l": "Coconut Oil", "v": 0.31053635376059457}, {"l": "Oilcrops Oil, Other", "v": 0.10233522301861608}, {"l": "Sweeteners, Other", "v": 0.053062708231874998}, {"l": "Beverages, Fermented", "v": 0.0089056293536013981}, {"l": "Fish, Body Oil", "v": 0.0094333703523333343}, {"l": "Palmkernel Oil", "v": 0.055511756304115381}]}, {"source": 7, "prod": 751.0, "target": 17, "value": 2.6566729254758754, "supply": [{"l": "Sugar", "v": 2.6566729254758754}]}, {"source": 16, "prod": 1464.0, "target": 3, "value": 4.352798040622166, "supply": [{"l": "Rice", "v": 0.20738199661661827}, {"l": "Cereals, Other", "v": 0.24306143770729841}, {"l": "Wheat", "v": 2.8976087802972912}, {"l": "Oats", "v": 1.0047458260009579}]}, {"source": 1, "prod": 25530.0, "target": 8, "value": 21.668415445157489, "supply": [{"l": "Pelagic Fish", "v": 9.1209557500853506}, {"l": "Crustaceans", "v": 0.19001503138271433}, {"l": "Freshwater Fish", "v": 0.18704604651735937}, {"l": "Molluscs, Other", "v": 0.22866489734056006}, {"l": "Aquatic Animals, Others", "v": 0.0036878582221153127}, {"l": "Aquatic Plants", "v": 0.12047003525576688}, {"l": "Demersal Fish", "v": 1.8826265116993584}, {"l": "Aquatic Products, Other", "v": 0.1241578934778822}, {"l": "Fish, Seafood", "v": 9.5255141663105878}, {"l": "Marine Fish, Other", "v": 0.20508392168579223}, {"l": "Cephalopods", "v": 0.080193333180000007}]}, {"source": 1, "prod": 155032.0, "target": 2, "value": 134.58883763912624, "supply": [{"l": "Poultry Meat", "v": 3.6115046304992173}, {"l": "Pigmeat", "v": 26.604421153301288}, {"l": "Bovine Meat", "v": 10.836327850657259}, {"l": "Eggs", "v": 7.8072864252998144}, {"l": "Milk - Excluding Butter", "v": 79.313193567598688}, {"l": "Offals, Edible", "v": 2.0662618585492125}, {"l": "Meat, Other", "v": 1.2252576716660619}, {"l": "Mutton & Goat Meat", "v": 3.3689750041740765}]}, {"source": 11, "prod": 49415.0, "target": 0, "value": 89.472826924432042, "supply": [{"l": "Fats, Animals, Raw", "v": 30.989009634531875}, {"l": "Alcohol, Non-Food", "v": 0.57469320217996667}, {"l": "Beverages, Fermented", "v": 0.67029703601439861}, {"l": "Fish, Body Oil", "v": 2.7403940873528336}, {"l": "Beer", "v": 10.884444908413151}, {"l": "Beverages, Alcoholic", "v": 5.7143562136832644}, {"l": "Fish, Liver Oil", "v": 0.62260244325400005}, {"l": "Cream", "v": 1.5044760902910745}, {"l": "Butter, Ghee", "v": 20.534227640476175}, {"l": "Wine", "v": 15.238325668235305}]}, {"source": 11, "prod": 5802.0, "target": 9, "value": 61.472385200924911, "supply": [{"l": "Olive Oil", "v": 11.71053839217474}, {"l": "Ricebran Oil", "v": 0.010612541646375}, {"l": "Sesameseed Oil", "v": 0.14857558304925}, {"l": "Soyabean Oil", "v": 7.6000043210389112}, {"l": "Coconut Oil", "v": 6.1250618741744844}, {"l": "Cottonseed Oil", "v": 2.048220537750375}, {"l": "Rape and Mustard Oil", "v": 3.3481439900520957}, {"l": "Maize Germ Oil", "v": 0.56246470725787501}, {"l": "Groundnut Oil", "v": 5.782401070024866}, {"l": "Palm Oil", "v": 6.3392248767680002}, {"l": "Palmkernel Oil", "v": 3.6415712135499696}, {"l": "Oilcrops Oil, Other", "v": 9.585399222743705}, {"l": "Sunflowerseed Oil", "v": 4.5701668706942549}]}, {"source": 11, "prod": 17128.0, "target": 7, "value": 60.497854909325326, "supply": [{"l": "Honey", "v": 0.3707314548467}, {"l": "Sweeteners, Other", "v": 2.2675463984421249}, {"l": "Sugar", "v": 57.859577056036507}]}, {"source": 18, "prod": 0, "target": 5, "value": 0.19845070278777246, "supply": "[{\"l\":'Energy for power irrigation',\"v\":0.19845070278777246}]"}, {"source": 18, "prod": 0, "target": 6, "value": 0.064322233075919721, "supply": "[{\"l\":'Energy for power irrigation',\"v\":0.064322233075919721}]"}, {"source": 18, "prod": 0, "target": 3, "value": 0.12443215809951569, "supply": "[{\"l\":'Energy for power irrigation',\"v\":0.12443215809951569}]"}, {"source": 18, "prod": 0, "target": 4, "value": 0.011424062981339113, "supply": "[{\"l\":'Energy for power irrigation',\"v\":0.011424062981339113}]"}, {"source": 18, "prod": 0, "target": 11, "value": 7.6239507090234913, "supply": "[{\"l\":'Electricity',\"v\":7.6239507090234913}]"}, {"source": 19, "prod": 0, "target": 18, "value": 14.282312531267609, "supply": [{"l": "Coal", "v": 11.962232737203221}, {"l": "Natural gas", "v": 0.34824371187392744}, {"l": "Oil", "v": 1.9718360821904599}]}, {"source": 20, "prod": 0, "target": 18, "value": 2.4745179643414015, "supply": [{"l": "Nuclear", "v": 0.039587418536616514}, {"l": "Hydroelectric", "v": 2.402065519095141}, {"l": "Renewable", "v": 0.032865026709643905}]}, {"source": 19, "prod": 0, "target": 5, "value": 77.538660988868713, "supply": [{"l": "Motor Gasoline", "v": 1.7112267865781314}, {"l": "Gas-Diesel oil", "v": 61.350343298866811}, {"l": "Natural gas (including LNG)", "v": 0.18009565543998557}, {"l": "Fuel oil", "v": 8.5310302487461467}, {"l": "Liquefied petroleum gas (LPG)", "v": 0.32268790026672001}, {"l": "Coal", "v": 5.443277098970924}]}, {"source": 19, "prod": 0, "target": 6, "value": 25.131983683899762, "supply": [{"l": "Motor Gasoline", "v": 0.5546462001182576}, {"l": "Gas-Diesel oil", "v": 19.884994235457782}, {"l": "Natural gas (including LNG)", "v": 0.058372958938621808}, {"l": "Fuel oil", "v": 2.7650943449890439}, {"l": "Liquefied petroleum gas (LPG)", "v": 0.10459023848321683}, {"l": "Coal", "v": 1.7642857059128381}]}, {"source": 19, "prod": 0, "target": 3, "value": 48.618134314746015, "supply": [{"l": "Motor Gasoline", "v": 1.072969957074579}, {"l": "Gas-Diesel oil", "v": 38.467768113615996}, {"l": "Natural gas (including LNG)", "v": 0.11292321345271124}, {"l": "Fuel oil", "v": 5.34910932413759}, {"l": "Liquefied petroleum gas (LPG)", "v": 0.2023311142703762}, {"l": "Coal", "v": 3.4130325921947611}]}, {"source": 19, "prod": 0, "target": 4, "value": 4.4636100259762719, "supply": [{"l": "Motor Gasoline", "v": 0.098508910830763963}, {"l": "Gas-Diesel oil", "v": 3.5317092654620446}, {"l": "Natural gas (including LNG)", "v": 0.010367431717347948}, {"l": "Fuel oil", "v": 0.49109942916962041}, {"l": "Liquefied petroleum gas (LPG)", "v": 0.018575932683420164}, {"l": "Coal", "v": 0.31334905611307401}]}, {"source": 19, "prod": 0, "target": 1, "value": 9.8882124523550132, "supply": [{"l": "Gas-diesel oils used in fisheries", "v": 9.7023687114655974}, {"l": "Fuel oil used in fisheries", "v": 0.18584374088941572}]}, {"source": 21, "prod": 275.47360920025972, "target": 5, "value": 3.4216925103624476, "supply": [{"l": "Potash", "v": 0.29153462875303954}, {"l": "Phosphate", "v": 0.44184656335220124}, {"l": "Nitrogen", "v": 6.1397937655462336}]}, {"source": 21, "prod": 89.287049369601377, "target": 6, "value": 1.1090457230631845, "supply": [{"l": "Potash", "v": 0.29153462875303954}, {"l": "Phosphate", "v": 0.44184656335220124}, {"l": "Nitrogen", "v": 6.1397937655462336}]}, {"source": 21, "prod": 172.72690502340183, "target": 3, "value": 2.1454627140961811, "supply": [{"l": "Potash", "v": 0.29153462875303954}, {"l": "Phosphate", "v": 0.44184656335220124}, {"l": "Nitrogen", "v": 6.1397937655462336}]}, {"source": 21, "prod": 15.857982949881841, "target": 4, "value": 0.19697401012966048, "supply": [{"l": "Potash", "v": 0.29153462875303954}, {"l": "Phosphate", "v": 0.44184656335220124}, {"l": "Nitrogen", "v": 6.1397937655462336}]}, {"source": 19, "prod": 0, "target": 21, "value": 8.3823046099464626, "supply": [{"l": "Natural gas (including LNG)", "v": 5.6182734148821503}, {"l": "Fuel oil", "v": 1.6786925666276276}, {"l": "Liquefied petroleum gas (LPG)", "v": 0.54266931421834275}, {"l": "Coal", "v": 0.54266931421834275}]}, {"source": 22, "prod": 0, "target": 3, "value": 5.6801573366796161, "supply": "[{\"l\":'Labor',\"v\":5.6801573366796161}]"}, {"source": 22, "prod": 0, "target": 4, "value": 0.52149280498893746, "supply": "[{\"l\":'Labor',\"v\":0.52149280498893746}]"}, {"source": 22, "prod": 0, "target": 5, "value": 9.0590023722619897, "supply": "[{\"l\":'Labor',\"v\":9.0590023722619897}]"}, {"source": 22, "prod": 0, "target": 6, "value": 2.9362217106738724, "supply": "[{\"l\":'Labor',\"v\":2.9362217106738724}]"}, {"source": 19, "prod": 0, "target": 14, "value": 360.99070284366354, "supply": "[{\"l\":'Fossil Fuels',\"v\":360.99070284366354}]"}, {"source": 20, "prod": 0, "target": 14, "value": 16.782653777999386, "supply": "[{\"l\":'Renewables & Nuclear',\"v\":10.866156825384572},{\"l\":'Biomass & Waste',\"v\":5.9164969526148159}]"}]}