{"nodes": [{"layer": 13, "name": "Other Processed", "fill": "#9c9ede"}, {"layer": 10, "name": "Feed", "fill": "#dbdb8d"}, {"layer": 13, "name": "Animal Products", "fill": "#17becf"}, {"layer": 5, "name": "Cereals", "fill": "#e7ba52"}, {"layer": 5, "name": "Oilcrops", "fill": "#ff9896"}, {"layer": 5, "name": "Sugar Crops", "fill": "#ffbb78"}, {"layer": 13, "name": "Sugar", "fill": "#d6616b"}, {"layer": 5, "name": "Starchy Roots"}, {"layer": 5, "name": "Fruits & Vegetables"}, {"layer": 13, "name": "Aquatic Products", "fill": "#1f77b4"}, {"layer": 13, "name": "Vegetable Oils", "fill": "#f7b6d2"}, {"layer": 16, "name": "Food", "fill": "#b5cf6b"}, {"layer": 5, "name": "Others"}, {"layer": 10, "name": "Processing", "fill": "#9edae5"}, {"layer": 16, "name": "Biofuels & Other", "fill": "#e7ba52"}, {"name": "Waste", "fill": "#c7c7c7"}, {"layer": 0, "name": "Import", "fill": "#aec7e8"}, {"layer": 16, "name": "Export", "fill": "#aec7e8"}, {"layer": 0, "name": "Stock Draw", "fill": "#c7c7c7"}, {"layer": 16, "name": "Stock Deposit", "fill": "#c7c7c7"}, {"layer": 0, "name": "Production", "fill": "#b5cf6b"}], "links": [{"source": 0, "prod": 4.6673752259546291, "target": 1, "value": 546.0, "supply": [{"l": "Fats, Animals, Raw", "v": 179.0}, {"l": "Fish, Body Oil", "v": 348.0}, {"l": "Fish, Liver Oil", "v": 19.0}]}, {"source": 2, "prod": 27.932009048851899, "target": 1, "value": 46500.0, "supply": [{"l": "Meat, Other", "v": 3.0}, {"l": "Eggs", "v": 3.0}, {"l": "Milk - Excluding Butter", "v": 46480.0}, {"l": "Offals, Edible", "v": 14.0}]}, {"source": 3, "prod": 321.3403089690791, "target": 1, "value": 109780.0, "supply": [{"l": "Maize", "v": 33629.0}, {"l": "Rye", "v": 7845.0}, {"l": "Barley", "v": 32239.0}, {"l": "Rice", "v": 72.0}, {"l": "Wheat", "v": 15915.0}, {"l": "Oats", "v": 14766.0}, {"l": "Sorghum", "v": 1397.0}, {"l": "Cereals, Other", "v": 3699.0}, {"l": "Millet", "v": 218.0}]}, {"source": 4, "prod": 0.45969863062865796, "target": 1, "value": 168.0, "supply": [{"l": "Sunflower seed", "v": 7.0}, {"l": "Oilcrops, Other", "v": 13.0}, {"l": "Soyabeans", "v": 52.0}, {"l": "Rape and Mustardseed", "v": 96.0}]}, {"source": 5, "prod": 1.60619110804, "target": 1, "value": 1382.0, "supply": [{"l": "Sugar beet", "v": 1382.0}]}, {"source": 6, "prod": 1.8591600736056948, "target": 1, "value": 473.0, "supply": [{"l": "Sugar", "v": 470.0}, {"l": "Sweeteners, Other", "v": 3.0}]}, {"source": 7, "prod": 45.487946812771774, "target": 1, "value": 58375.0, "supply": [{"l": "Roots, Other", "v": 31.0}, {"l": "Potatoes", "v": 55469.0}, {"l": "Sweet potatoes", "v": 73.0}, {"l": "Cassava", "v": 2802.0}]}, {"source": 8, "prod": 7.9219827647267076, "target": 1, "value": 4115.0, "supply": [{"l": "Fruits, Other", "v": 53.0}, {"l": "Tomatoes", "v": 45.0}, {"l": "Vegetables, Other", "v": 2053.0}, {"l": "Peas", "v": 280.0}, {"l": "Beans", "v": 130.0}, {"l": "Apples", "v": 154.0}, {"l": "Bananas", "v": 1.0}, {"l": "Pulses, Other", "v": 1399.0}]}, {"source": 9, "prod": 19.245785844143771, "target": 1, "value": 20221.0, "supply": [{"l": "Crustaceans", "v": 24.0}, {"l": "Marine Fish, Other", "v": 15.0}, {"l": "Demersal Fish", "v": 270.0}, {"l": "Fish, Seafood", "v": 10111.0}, {"l": "Pelagic Fish", "v": 9801.0}]}, {"source": 10, "prod": 0.091696536043626431, "target": 1, "value": 9.0, "supply": [{"l": "Groundnut Oil", "v": 1.0}, {"l": "Soyabean Oil", "v": 4.0}, {"l": "Oilcrops Oil, Other", "v": 4.0}]}, {"source": 0, "prod": 74.582461884929486, "target": 11, "value": 49789.0, "supply": [{"l": "Beverages, Alcoholic", "v": 1387.0}, {"l": "Butter, Ghee", "v": 2434.0}, {"l": "Fats, Animals, Raw", "v": 2328.0}, {"l": "Wine", "v": 17351.0}, {"l": "Fish, Body Oil", "v": 56.0}, {"l": "Cream", "v": 778.0}, {"l": "Beer", "v": 24201.0}, {"l": "Beverages, Fermented", "v": 1246.0}, {"l": "Fish, Liver Oil", "v": 8.0}]}, {"source": 2, "prod": 110.00452336149996, "target": 11, "value": 111551.0, "supply": [{"l": "Eggs", "v": 4676.0}, {"l": "Pigmeat", "v": 11395.0}, {"l": "Offals, Edible", "v": 1702.0}, {"l": "Milk - Excluding Butter", "v": 80058.0}, {"l": "Meat, Other", "v": 986.0}, {"l": "Mutton & Goat Meat", "v": 1287.0}, {"l": "Bovine Meat", "v": 8268.0}, {"l": "Poultry Meat", "v": 3179.0}]}, {"source": 3, "prod": 167.81334450465835, "target": 11, "value": 54458.0, "supply": [{"l": "Maize", "v": 2349.0}, {"l": "Barley", "v": 490.0}, {"l": "Cereals, Other", "v": 242.0}, {"l": "Rye", "v": 5468.0}, {"l": "Rice", "v": 1164.0}, {"l": "Wheat", "v": 44211.0}, {"l": "Oats", "v": 525.0}, {"l": "Millet", "v": 9.0}]}, {"source": 4, "prod": 2.3975353675936244, "target": 11, "value": 704.0, "supply": [{"l": "Coconuts - Incl Copra", "v": 223.0}, {"l": "Sesame seed", "v": 4.0}, {"l": "Olives", "v": 171.0}, {"l": "Groundnuts", "v": 268.0}, {"l": "Oilcrops, Other", "v": 9.0}, {"l": "Rape and Mustardseed", "v": 29.0}]}, {"source": 5, "prod": 0.053462222120000007, "target": 11, "value": 46.0, "supply": [{"l": "Sugar beet", "v": 46.0}]}, {"source": 6, "prod": 57.703745034254688, "target": 11, "value": 14708.0, "supply": [{"l": "Sugar", "v": 14324.0}, {"l": "Sweeteners, Other", "v": 223.0}, {"l": "Honey", "v": 161.0}]}, {"source": 7, "prod": 32.191008213723975, "target": 11, "value": 41302.0, "supply": [{"l": "Roots, Other", "v": 13.0}, {"l": "Yams", "v": 1.0}, {"l": "Potatoes", "v": 41217.0}, {"l": "Sweet potatoes", "v": 71.0}]}, {"source": 8, "prod": 39.086693301260645, "target": 11, "value": 77754.0, "supply": [{"l": "Vegetables, Other", "v": 30801.0}, {"l": "Tomatoes", "v": 7158.0}, {"l": "Treenuts", "v": 1150.0}, {"l": "Peas", "v": 363.0}, {"l": "Grapes", "v": 3727.0}, {"l": "Pulses, Other", "v": 385.0}, {"l": "Pineapples", "v": 201.0}, {"l": "Citrus, Other", "v": 85.0}, {"l": "Grapefruit", "v": 416.0}, {"l": "Fruits, Other", "v": 12006.0}, {"l": "Dates", "v": 51.0}, {"l": "Beans", "v": 645.0}, {"l": "Apples", "v": 9520.0}, {"l": "Lemons, Limes", "v": 838.0}, {"l": "Bananas", "v": 2380.0}, {"l": "Oranges, Mandarines", "v": 5266.0}, {"l": "Onions", "v": 2762.0}]}, {"source": 12, "prod": 5.9418657883418673, "target": 11, "value": 3421.0, "supply": [{"l": "Nuts", "v": 1150.0}, {"l": "Infant food", "v": 9.0}, {"l": "Cloves", "v": 1.0}, {"l": "Pepper", "v": 24.0}, {"l": "Pimento", "v": 80.0}, {"l": "Tea", "v": 302.0}, {"l": "Coffee", "v": 1330.0}, {"l": "Cocoa Beans", "v": 497.0}, {"l": "Spices, Other", "v": 28.0}]}, {"source": 9, "prod": 10.24435943933425, "target": 11, "value": 13983.0, "supply": [{"l": "Crustaceans", "v": 225.0}, {"l": "Aquatic Products, Other", "v": 2.0}, {"l": "Marine Fish, Other", "v": 377.0}, {"l": "Fish, Seafood", "v": 6992.0}, {"l": "Aquatic Animals, Others", "v": 2.0}, {"l": "Demersal Fish", "v": 3627.0}, {"l": "Freshwater Fish", "v": 352.0}, {"l": "Cephalopods", "v": 140.0}, {"l": "Pelagic Fish", "v": 1873.0}, {"l": "Molluscs, Other", "v": 393.0}]}, {"source": 10, "prod": 50.22392471424434, "target": 11, "value": 4863.0, "supply": [{"l": "Sunflowerseed Oil", "v": 700.0}, {"l": "Rape and Mustard Oil", "v": 450.0}, {"l": "Sesameseed Oil", "v": 29.0}, {"l": "Palmkernel Oil", "v": 137.0}, {"l": "Oilcrops Oil, Other", "v": 206.0}, {"l": "Maize Germ Oil", "v": 62.0}, {"l": "Groundnut Oil", "v": 727.0}, {"l": "Soyabean Oil", "v": 886.0}, {"l": "Palm Oil", "v": 247.0}, {"l": "Coconut Oil", "v": 333.0}, {"l": "Olive Oil", "v": 1039.0}, {"l": "Cottonseed Oil", "v": 47.0}]}, {"source": 0, "prod": 2.1659692893008007, "target": 13, "value": 1748.0, "supply": [{"l": "Fats, Animals, Raw", "v": 105.0}, {"l": "Wine", "v": 1643.0}]}, {"source": 2, "prod": 0.17947236087996407, "target": 13, "value": 117.0, "supply": [{"l": "Poultry Meat", "v": 14.0}, {"l": "Pigmeat", "v": 1.0}, {"l": "Meat, Other", "v": 2.0}, {"l": "Bovine Meat", "v": 99.0}, {"l": "Milk - Excluding Butter", "v": 1.0}]}, {"source": 3, "prod": 20.278419470836564, "target": 13, "value": 7610.0, "supply": [{"l": "Maize", "v": 1315.0}, {"l": "Oats", "v": 33.0}, {"l": "Rye", "v": 98.0}, {"l": "Barley", "v": 5828.0}, {"l": "Rice", "v": 37.0}, {"l": "Cereals, Other", "v": 45.0}, {"l": "Wheat", "v": 254.0}]}, {"source": 4, "prod": 49.884215117108532, "target": 13, "value": 18320.0, "supply": [{"l": "Olives", "v": 5236.0}, {"l": "Soyabeans", "v": 4694.0}, {"l": "Oilcrops, Other", "v": 929.0}, {"l": "Sunflower seed", "v": 1463.0}, {"l": "Coconuts - Incl Copra", "v": 2637.0}, {"l": "Sesame seed", "v": 66.0}, {"l": "Cottonseed", "v": 313.0}, {"l": "Rape and Mustardseed", "v": 1575.0}, {"l": "Groundnuts", "v": 981.0}, {"l": "Palm kernels", "v": 356.0}, {"l": "Oil Palm", "v": 70.000000000000369}]}, {"source": 5, "prod": 113.78671169487698, "target": 13, "value": 98193.0, "supply": [{"l": "Sugar beet", "v": 97758.0}, {"l": "Sugar cane", "v": 435.0}]}, {"source": 6, "prod": 0.086412091240284192, "target": 13, "value": 23.0, "supply": [{"l": "Sugar", "v": 10.0}, {"l": "Sweeteners, Other", "v": 7.0}, {"l": "Honey", "v": 6.0}]}, {"source": 7, "prod": 2.0123837400369324, "target": 13, "value": 2584.0, "supply": [{"l": "Potatoes", "v": 2584.0}]}, {"source": 8, "prod": 24.193328059452394, "target": 13, "value": 31407.0, "supply": [{"l": "Tomatoes", "v": 1.0}, {"l": "Treenuts", "v": 1.0}, {"l": "Fruits, Other", "v": 545.0}, {"l": "Vegetables, Other", "v": 21.0}, {"l": "Grapes", "v": 28782.0}, {"l": "Onions", "v": 2.0}, {"l": "Apples", "v": 2055.0}]}, {"source": 12, "prod": 0.026924812503211951, "target": 13, "value": 8.0, "supply": [{"l": "Nuts", "v": 1.0}, {"l": "Cocoa Beans", "v": 7.0}]}, {"source": 10, "prod": 0.51959003900652001, "target": 13, "value": 51.0, "supply": [{"l": "Oilcrops Oil, Other", "v": 51.0}]}, {"source": 0, "prod": 16.311104557645631, "target": 14, "value": 3675.0, "supply": [{"l": "Alcohol, Non-Food", "v": 1094.0}, {"l": "Beer", "v": 53.0}, {"l": "Beverages, Alcoholic", "v": 887.0}, {"l": "Butter, Ghee", "v": 10.0}, {"l": "Fats, Animals, Raw", "v": 1117.0}, {"l": "Wine", "v": 172.0}, {"l": "Fish, Body Oil", "v": 339.0}, {"l": "Fish, Liver Oil", "v": 3.0}]}, {"source": 2, "prod": 2.3241714024740339, "target": 14, "value": 3089.0, "supply": [{"l": "Mutton & Goat Meat", "v": 8.0}, {"l": "Eggs", "v": 12.0}, {"l": "Pigmeat", "v": 143.0}, {"l": "Milk - Excluding Butter", "v": 2722.0}, {"l": "Bovine Meat", "v": 10.0}, {"l": "Poultry Meat", "v": 15.0}, {"l": "Offals, Edible", "v": 179.0}]}, {"source": 3, "prod": 7.0153153476504375, "target": 14, "value": 2122.0, "supply": [{"l": "Maize", "v": 1852.0}, {"l": "Rye", "v": 6.0}, {"l": "Barley", "v": 7.0}, {"l": "Rice", "v": 33.0}, {"l": "Wheat", "v": 224.0}]}, {"source": 4, "prod": 0.60224106464935334, "target": 14, "value": 109.0, "supply": [{"l": "Coconuts - Incl Copra", "v": 1.0}, {"l": "Oilcrops, Other", "v": 96.0}, {"l": "Cottonseed", "v": 10.0}, {"l": "Palm kernels", "v": 2.0}]}, {"source": 5, "prod": 4.2189357492296686, "target": 14, "value": 3642.0, "supply": [{"l": "Sugar beet", "v": 3624.0}, {"l": "Sugar cane", "v": 18.0}]}, {"source": 6, "prod": 4.2371555165897226, "target": 14, "value": 1078.0, "supply": [{"l": "Sugar", "v": 454.0}, {"l": "Sweeteners, Other", "v": 624.0}]}, {"source": 7, "prod": 2.7950639485265287, "target": 14, "value": 3589.0, "supply": [{"l": "Roots, Other", "v": 1.0}, {"l": "Potatoes", "v": 3513.0}, {"l": "Cassava", "v": 75.0}]}, {"source": 8, "prod": 0.1496652697983149, "target": 14, "value": 200.0, "supply": [{"l": "Citrus, Other", "v": 13.0}, {"l": "Tomatoes", "v": 14.0}, {"l": "Treenuts", "v": 21.0}, {"l": "Vegetables, Other", "v": 45.0}, {"l": "Grapes", "v": 33.0}, {"l": "Beans", "v": 1.0}, {"l": "Pulses, Other", "v": 2.0}, {"l": "Lemons, Limes", "v": 5.0}, {"l": "Bananas", "v": 1.0}, {"l": "Fruits, Other", "v": 30.0}, {"l": "Oranges, Mandarines", "v": 23.0}, {"l": "Onions", "v": 2.0}, {"l": "Apples", "v": 10.0}]}, {"source": 12, "prod": 0.054453814019433229, "target": 14, "value": 22.0, "supply": [{"l": "Nuts", "v": 21.0}, {"l": "Coffee", "v": 1.0}]}, {"source": 9, "prod": 1.0564303875858805, "target": 14, "value": 1394.0, "supply": [{"l": "Freshwater Fish", "v": 9.0}, {"l": "Crustaceans", "v": 3.0}, {"l": "Aquatic Products, Other", "v": 283.0}, {"l": "Marine Fish, Other", "v": 71.0}, {"l": "Aquatic Plants", "v": 279.0}, {"l": "Pelagic Fish", "v": 64.0}, {"l": "Fish, Seafood", "v": 415.0}, {"l": "Molluscs, Other", "v": 59.0}, {"l": "Aquatic Animals, Others", "v": 2.0}, {"l": "Demersal Fish", "v": 209.0}]}, {"source": 10, "prod": 15.264361723538789, "target": 14, "value": 1473.0, "supply": [{"l": "Groundnut Oil", "v": 52.0}, {"l": "Soyabean Oil", "v": 23.0}, {"l": "Palm Oil", "v": 206.0}, {"l": "Sunflowerseed Oil", "v": 77.0}, {"l": "Olive Oil", "v": 77.0}, {"l": "Coconut Oil", "v": 148.0}, {"l": "Rape and Mustard Oil", "v": 126.0}, {"l": "Oilcrops Oil, Other", "v": 626.0}, {"l": "Sesameseed Oil", "v": 2.0}, {"l": "Cottonseed Oil", "v": 66.0}, {"l": "Palmkernel Oil", "v": 70.0}]}, {"source": 7, "prod": 10.889768512746295, "target": 7, "value": 13983.0, "supply": [{"l": "Potatoes", "v": 13981.0}, {"l": "Roots, Other", "v": 2.0}]}, {"source": 8, "prod": 1.505700564487678, "target": 8, "value": 393.0, "supply": [{"l": "Vegetables, Other", "v": 10.0}, {"l": "Beans", "v": 109.0}, {"l": "Peas", "v": 83.0}, {"l": "Pulses, Other", "v": 191.0}]}, {"source": 2, "prod": 0.36735721083605766, "target": 2, "value": 225.0, "supply": [{"l": "Eggs", "v": 225.0}]}, {"source": 3, "prod": 28.676752392426103, "target": 3, "value": 9916.0, "supply": [{"l": "Maize", "v": 442.0}, {"l": "Oats", "v": 1181.0}, {"l": "Rye", "v": 1264.0}, {"l": "Barley", "v": 2359.0}, {"l": "Rice", "v": 48.0}, {"l": "Sorghum", "v": 5.0}, {"l": "Cereals, Other", "v": 232.0}, {"l": "Wheat", "v": 4383.0}, {"l": "Millet", "v": 2.0}]}, {"source": 4, "prod": 0.29870107749283492, "target": 4, "value": 98.0, "supply": [{"l": "Soyabeans", "v": 9.0}, {"l": "Sunflower seed", "v": 17.0}, {"l": "Cottonseed", "v": 29.0}, {"l": "Rape and Mustardseed", "v": 24.0}, {"l": "Groundnuts", "v": 1.0}, {"l": "Oilcrops, Other", "v": 18.0}]}, {"source": 0, "prod": 0.5384615924882874, "target": 15, "value": 530.0, "supply": [{"l": "Beer", "v": 77.0}, {"l": "Fats, Animals, Raw", "v": 17.0}, {"l": "Wine", "v": 428.0}, {"l": "Beverages, Fermented", "v": 1.0}, {"l": "Cream", "v": 7.0}]}, {"source": 2, "prod": 0.99665773291268767, "target": 15, "value": 1339.0, "supply": [{"l": "Pigmeat", "v": 24.0}, {"l": "Meat, Other", "v": 1.0}, {"l": "Eggs", "v": 77.0}, {"l": "Mutton & Goat Meat", "v": 5.0}, {"l": "Milk - Excluding Butter", "v": 1171.0}, {"l": "Bovine Meat", "v": 44.0}, {"l": "Poultry Meat", "v": 3.0}, {"l": "Offals, Edible", "v": 14.0}]}, {"source": 3, "prod": 12.23184139789341, "target": 15, "value": 4177.0, "supply": [{"l": "Maize", "v": 698.0}, {"l": "Rye", "v": 571.0}, {"l": "Barley", "v": 953.0}, {"l": "Rice", "v": 8.0}, {"l": "Cereals, Other", "v": 71.0}, {"l": "Wheat", "v": 1435.0}, {"l": "Oats", "v": 434.0}, {"l": "Sorghum", "v": 4.0}, {"l": "Millet", "v": 3.0}]}, {"source": 4, "prod": 0.32250264724612543, "target": 15, "value": 102.0, "supply": [{"l": "Olives", "v": 4.0}, {"l": "Sunflower seed", "v": 36.0}, {"l": "Coconuts - Incl Copra", "v": 17.0}, {"l": "Sesame seed", "v": 1.0}, {"l": "Cottonseed", "v": 10.0}, {"l": "Groundnuts", "v": 3.0}, {"l": "Oilcrops, Other", "v": 8.0}, {"l": "Soyabeans", "v": 11.0}, {"l": "Rape and Mustardseed", "v": 12.0}]}, {"source": 5, "prod": 0.79147333182000013, "target": 15, "value": 681.0, "supply": [{"l": "Sugar beet", "v": 681.0}]}, {"source": 6, "prod": 0.035375138821250006, "target": 15, "value": 9.0, "supply": [{"l": "Sugar", "v": 9.0}]}, {"source": 7, "prod": 9.0075108448746697, "target": 15, "value": 11561.0, "supply": [{"l": "Roots, Other", "v": 1.0}, {"l": "Potatoes", "v": 11549.0}, {"l": "Sweet potatoes", "v": 11.0}]}, {"source": 8, "prod": 4.2531268989551494, "target": 15, "value": 10128.0, "supply": [{"l": "Grapefruit", "v": 18.0}, {"l": "Tomatoes", "v": 1081.0}, {"l": "Treenuts", "v": 25.0}, {"l": "Vegetables, Other", "v": 4667.0}, {"l": "Peas", "v": 15.0}, {"l": "Grapes", "v": 338.0}, {"l": "Dates", "v": 5.0}, {"l": "Beans", "v": 32.0}, {"l": "Apples", "v": 1435.0}, {"l": "Lemons, Limes", "v": 149.0}, {"l": "Pineapples", "v": 3.0}, {"l": "Bananas", "v": 161.0}, {"l": "Fruits, Other", "v": 1244.0}, {"l": "Oranges, Mandarines", "v": 578.0}, {"l": "Onions", "v": 327.0}, {"l": "Pulses, Other", "v": 50.0}]}, {"source": 12, "prod": 0.082455841609501493, "target": 15, "value": 37.0, "supply": [{"l": "Nuts", "v": 25.0}, {"l": "Coffee", "v": 5.0}, {"l": "Pimento", "v": 7.0}]}, {"source": 10, "prod": 0.030538540247031967, "target": 15, "value": 3.0, "supply": [{"l": "Soyabean Oil", "v": 1.0}, {"l": "Sunflowerseed Oil", "v": 1.0}, {"l": "Oilcrops Oil, Other", "v": 1.0}]}, {"source": 16, "prod": 4.9178120634839066, "target": 12, "value": 3025.0, "supply": [{"l": "Nuts", "v": 404.0}, {"l": "Infant food", "v": 35.0}, {"l": "Pepper", "v": 25.0}, {"l": "Pimento", "v": 15.0}, {"l": "Tea", "v": 347.0}, {"l": "Coffee", "v": 1404.0}, {"l": "Cloves", "v": 1.0}, {"l": "Cocoa Beans", "v": 764.0}, {"l": "Spices, Other", "v": 30.0}]}, {"source": 16, "prod": 37.930429423312809, "target": 1, "value": 41080.0, "supply": [{"l": "Crustaceans", "v": 137.0}, {"l": "Eggs", "v": 233.0}, {"l": "Marine Fish, Other", "v": 37.0}, {"l": "Pigmeat", "v": 1177.0}, {"l": "Fish, Seafood", "v": 12312.0}, {"l": "Offals, Edible", "v": 268.0}, {"l": "Demersal Fish", "v": 996.0}, {"l": "Freshwater Fish", "v": 136.0}, {"l": "Milk - Excluding Butter", "v": 12614.0}, {"l": "Meat, Other", "v": 158.0}, {"l": "Cephalopods", "v": 14.0}, {"l": "Mutton & Goat Meat", "v": 437.0}, {"l": "Pelagic Fish", "v": 10848.0}, {"l": "Bovine Meat", "v": 1293.0}, {"l": "Molluscs, Other", "v": 139.0}, {"l": "Poultry Meat", "v": 281.0}]}, {"source": 16, "prod": 72.859698813224952, "target": 13, "value": 12917.0, "supply": [{"l": "Sugar", "v": 4908.0}, {"l": "Beverages, Alcoholic", "v": 145.0}, {"l": "Butter, Ghee", "v": 553.0}, {"l": "Fats, Animals, Raw", "v": 1165.0}, {"l": "Sunflowerseed Oil", "v": 535.0}, {"l": "Rape and Mustard Oil", "v": 140.0}, {"l": "Wine", "v": 1594.0}, {"l": "Sweeteners, Other", "v": 108.0}, {"l": "Fish, Body Oil", "v": 712.0}, {"l": "Honey", "v": 85.0}, {"l": "Palmkernel Oil", "v": 78.0}, {"l": "Cream", "v": 1.0}, {"l": "Alcohol, Non-Food", "v": 78.0}, {"l": "Oilcrops Oil, Other", "v": 558.0}, {"l": "Maize Germ Oil", "v": 16.0}, {"l": "Beer", "v": 655.0}, {"l": "Groundnut Oil", "v": 405.0}, {"l": "Soyabean Oil", "v": 142.0}, {"l": "Palm Oil", "v": 657.0}, {"l": "Coconut Oil", "v": 206.0}, {"l": "Olive Oil", "v": 87.0}, {"l": "Beverages, Fermented", "v": 10.0}, {"l": "Cottonseed Oil", "v": 67.0}, {"l": "Fish, Liver Oil", "v": 12.0}]}, {"source": 16, "prod": 129.62610168321348, "target": 3, "value": 41384.0, "supply": [{"l": "Maize", "v": 19754.0}, {"l": "Barley", "v": 4937.0}, {"l": "Cereals, Other", "v": 250.0}, {"l": "Sorghum", "v": 1087.0}, {"l": "Rye", "v": 303.0}, {"l": "Rice", "v": 773.0}, {"l": "Wheat", "v": 13230.0}, {"l": "Oats", "v": 867.0}, {"l": "Millet", "v": 183.0}]}, {"source": 16, "prod": 13.447405578076228, "target": 8, "value": 18644.0, "supply": [{"l": "Tomatoes", "v": 1431.0}, {"l": "Treenuts", "v": 403.0}, {"l": "Vegetables, Other", "v": 2413.0}, {"l": "Peas", "v": 372.0}, {"l": "Grapes", "v": 1568.0}, {"l": "Pulses, Other", "v": 295.0}, {"l": "Pineapples", "v": 204.0}, {"l": "Citrus, Other", "v": 56.0}, {"l": "Grapefruit", "v": 430.0}, {"l": "Fruits, Other", "v": 2541.0}, {"l": "Dates", "v": 51.0}, {"l": "Beans", "v": 318.0}, {"l": "Apples", "v": 2123.0}, {"l": "Lemons, Limes", "v": 459.0}, {"l": "Bananas", "v": 2169.0}, {"l": "Oranges, Mandarines", "v": 3251.0}, {"l": "Onions", "v": 560.0}]}, {"source": 16, "prod": 0.09413999982, "target": 5, "value": 81.0, "supply": [{"l": "Sugar beet", "v": 81.0}]}, {"source": 16, "prod": 38.343582741837793, "target": 4, "value": 10794.0, "supply": [{"l": "Sunflower seed", "v": 386.0}, {"l": "Coconuts - Incl Copra", "v": 2903.0}, {"l": "Sesame seed", "v": 67.0}, {"l": "Cottonseed", "v": 34.0}, {"l": "Olives", "v": 56.0}, {"l": "Groundnuts", "v": 1245.0}, {"l": "Oilcrops, Other", "v": 649.0}, {"l": "Soyabeans", "v": 4670.0}, {"l": "Rape and Mustardseed", "v": 427.0}, {"l": "Palm kernels", "v": 357.0}]}, {"source": 16, "prod": 4.7887672855746857, "target": 7, "value": 6143.0, "supply": [{"l": "Roots, Other", "v": 33.0}, {"l": "Potatoes", "v": 3209.0}, {"l": "Sweet potatoes", "v": 13.0}, {"l": "Cassava", "v": 2888.0}]}, {"source": 0, "prod": 13.900575693745861, "target": 17, "value": 4195.0, "supply": [{"l": "Beverages, Alcoholic", "v": 413.0}, {"l": "Butter, Ghee", "v": 392.0}, {"l": "Fats, Animals, Raw", "v": 802.0}, {"l": "Wine", "v": 1620.0}, {"l": "Fish, Body Oil", "v": 89.0}, {"l": "Cream", "v": 5.0}, {"l": "Alcohol, Non-Food", "v": 52.0}, {"l": "Beer", "v": 789.0}, {"l": "Beverages, Fermented", "v": 22.0}, {"l": "Fish, Liver Oil", "v": 11.0}]}, {"source": 2, "prod": 15.499977648004133, "target": 17, "value": 18569.0, "supply": [{"l": "Eggs", "v": 353.0}, {"l": "Pigmeat", "v": 1359.0}, {"l": "Offals, Edible", "v": 96.0}, {"l": "Milk - Excluding Butter", "v": 15527.0}, {"l": "Meat, Other", "v": 50.0}, {"l": "Mutton & Goat Meat", "v": 37.0}, {"l": "Bovine Meat", "v": 796.0}, {"l": "Poultry Meat", "v": 351.0}]}, {"source": 3, "prod": 60.158311238514514, "target": 17, "value": 20212.0, "supply": [{"l": "Maize", "v": 3244.0}, {"l": "Barley", "v": 4964.0}, {"l": "Cereals, Other", "v": 119.0}, {"l": "Sorghum", "v": 103.0}, {"l": "Rye", "v": 263.0}, {"l": "Rice", "v": 434.0}, {"l": "Wheat", "v": 10576.0}, {"l": "Oats", "v": 505.0}, {"l": "Millet", "v": 4.0}]}, {"source": 4, "prod": 1.7897878705724479, "target": 17, "value": 791.0, "supply": [{"l": "Sunflower seed", "v": 117.0}, {"l": "Coconuts - Incl Copra", "v": 7.0}, {"l": "Cottonseed", "v": 4.0}, {"l": "Olives", "v": 100.0}, {"l": "Groundnuts", "v": 13.0}, {"l": "Oilcrops, Other", "v": 50.0}, {"l": "Soyabeans", "v": 25.0}, {"l": "Rape and Mustardseed", "v": 475.0}]}, {"source": 5, "prod": 0.10227555536000001, "target": 17, "value": 88.0, "supply": [{"l": "Sugar beet", "v": 88.0}]}, {"source": 6, "prod": 11.939562879592662, "target": 17, "value": 3041.0, "supply": [{"l": "Sugar", "v": 2812.0}, {"l": "Sweeteners, Other", "v": 209.0}, {"l": "Honey", "v": 20.0}]}, {"source": 7, "prod": 2.8903778231309714, "target": 17, "value": 3710.0, "supply": [{"l": "Roots, Other", "v": 13.0}, {"l": "Potatoes", "v": 3683.0}, {"l": "Sweet potatoes", "v": 3.0}, {"l": "Cassava", "v": 11.0}]}, {"source": 8, "prod": 7.6200009029549998, "target": 17, "value": 13433.0, "supply": [{"l": "Tomatoes", "v": 2479.0}, {"l": "Treenuts", "v": 330.0}, {"l": "Vegetables, Other", "v": 2778.0}, {"l": "Peas", "v": 165.0}, {"l": "Grapes", "v": 1011.0}, {"l": "Pulses, Other", "v": 161.0}, {"l": "Pineapples", "v": 4.0}, {"l": "Citrus, Other", "v": 3.0}, {"l": "Grapefruit", "v": 49.0}, {"l": "Fruits, Other", "v": 2245.0}, {"l": "Dates", "v": 10.0}, {"l": "Beans", "v": 60.0}, {"l": "Apples", "v": 1470.0}, {"l": "Lemons, Limes", "v": 489.0}, {"l": "Bananas", "v": 53.0}, {"l": "Oranges, Mandarines", "v": 1574.0}, {"l": "Onions", "v": 552.0}]}, {"source": 12, "prod": 1.9850020098601986, "target": 17, "value": 777.0, "supply": [{"l": "Nuts", "v": 331.0}, {"l": "Infant food", "v": 45.0}, {"l": "Pimento", "v": 18.0}, {"l": "Tea", "v": 50.0}, {"l": "Coffee", "v": 63.0}, {"l": "Cocoa Beans", "v": 254.0}, {"l": "Spices, Other", "v": 16.0}]}, {"source": 9, "prod": 4.5990929951888582, "target": 17, "value": 5907.0, "supply": [{"l": "Crustaceans", "v": 28.0}, {"l": "Marine Fish, Other", "v": 16.0}, {"l": "Fish, Seafood", "v": 2955.0}, {"l": "Demersal Fish", "v": 1312.0}, {"l": "Freshwater Fish", "v": 34.0}, {"l": "Cephalopods", "v": 14.0}, {"l": "Pelagic Fish", "v": 1407.0}, {"l": "Molluscs, Other", "v": 141.0}]}, {"source": 10, "prod": 14.556488711150143, "target": 17, "value": 1409.0, "supply": [{"l": "Sunflowerseed Oil", "v": 333.0}, {"l": "Rape and Mustard Oil", "v": 208.0}, {"l": "Sesameseed Oil", "v": 1.0}, {"l": "Palmkernel Oil", "v": 36.0}, {"l": "Oilcrops Oil, Other", "v": 203.0}, {"l": "Maize Germ Oil", "v": 19.0}, {"l": "Groundnut Oil", "v": 55.0}, {"l": "Soyabean Oil", "v": 138.0}, {"l": "Palm Oil", "v": 214.0}, {"l": "Coconut Oil", "v": 88.0}, {"l": "Olive Oil", "v": 112.0}, {"l": "Cottonseed Oil", "v": 2.0}]}, {"source": 18, "prod": 0.41216375778897152, "target": 8, "value": 577.0, "supply": [{"l": "Tomatoes", "v": 178.0}, {"l": "Treenuts", "v": 65.0}, {"l": "Vegetables, Other", "v": 53.0}, {"l": "Grapes", "v": 133.0}, {"l": "Fruits, Other", "v": 143.0}, {"l": "Grapefruit", "v": 5.0}]}, {"source": 18, "prod": 0.43453534159339102, "target": 4, "value": 132.0, "supply": [{"l": "Sunflower seed", "v": 97.0}, {"l": "Coconuts - Incl Copra", "v": 18.0}, {"l": "Sesame seed", "v": 1.0}, {"l": "Rape and Mustardseed", "v": 16.0}]}, {"source": 2, "prod": 0.0063293307505372758, "target": 19, "value": 4.0, "supply": [{"l": "Poultry Meat", "v": 4.0}]}, {"source": 18, "prod": 1.4890393618229931, "target": 7, "value": 1912.0, "supply": [{"l": "Potatoes", "v": 1912.0}]}, {"source": 0, "prod": 0.43318601362177717, "target": 19, "value": 62.0, "supply": [{"l": "Alcohol, Non-Food", "v": 1.0}, {"l": "Fats, Animals, Raw", "v": 35.0}, {"l": "Beverages, Fermented", "v": 10.0}, {"l": "Fish, Body Oil", "v": 15.0}, {"l": "Fish, Liver Oil", "v": 1.0}]}, {"source": 9, "prod": 0.006258658266472949, "target": 19, "value": 6.0, "supply": [{"l": "Fish, Seafood", "v": 2.0}, {"l": "Pelagic Fish", "v": 4.0}]}, {"source": 12, "prod": 0.0028682544990202702, "target": 19, "value": 5.0, "supply": [{"l": "Tea", "v": 5.0}]}, {"source": 3, "prod": 0.37650400051625499, "target": 19, "value": 112.0, "supply": [{"l": "Rice", "v": 27.0}, {"l": "Sorghum", "v": 85.0}]}, {"source": 8, "prod": 1.109440738573914, "target": 19, "value": 1212.0, "supply": [{"l": "Peas", "v": 81.0}, {"l": "Beans", "v": 48.0}, {"l": "Apples", "v": 1050.0}, {"l": "Oranges, Mandarines", "v": 10.0}, {"l": "Onions", "v": 9.0}, {"l": "Pulses, Other", "v": 14.0}]}, {"source": 18, "prod": 0.21197144181055139, "target": 1, "value": 323.0, "supply": [{"l": "Eggs", "v": 1.0}, {"l": "Demersal Fish", "v": 3.0}, {"l": "Mutton & Goat Meat", "v": 2.0}, {"l": "Pigmeat", "v": 3.0}, {"l": "Milk - Excluding Butter", "v": 305.0}, {"l": "Meat, Other", "v": 4.0}, {"l": "Bovine Meat", "v": 5.0}]}, {"source": 10, "prod": 0.8770805512345865, "target": 19, "value": 86.0, "supply": [{"l": "Soyabean Oil", "v": 80.0}, {"l": "Palm Oil", "v": 4.0}, {"l": "Rape and Mustard Oil", "v": 2.0}]}, {"source": 4, "prod": 0.50377160078525862, "target": 19, "value": 139.0, "supply": [{"l": "Olives", "v": 14.0}, {"l": "Cottonseed", "v": 24.0}, {"l": "Groundnuts", "v": 6.0}, {"l": "Oilcrops, Other", "v": 19.0}, {"l": "Soyabeans", "v": 75.0}, {"l": "Palm kernels", "v": 1.0}]}, {"source": 18, "prod": 0.19712247731396992, "target": 12, "value": 79.0, "supply": [{"l": "Nuts", "v": 65.0}, {"l": "Cocoa Beans", "v": 6.0}, {"l": "Coffee", "v": 5.0}, {"l": "Pimento", "v": 3.0}]}, {"source": 18, "prod": 2.7085310723198295, "target": 13, "value": 396.0, "supply": [{"l": "Beer", "v": 35.0}, {"l": "Groundnut Oil", "v": 20.0}, {"l": "Beverages, Alcoholic", "v": 15.0}, {"l": "Butter, Ghee", "v": 124.0}, {"l": "Sunflowerseed Oil", "v": 18.0}, {"l": "Olive Oil", "v": 105.0}, {"l": "Wine", "v": 58.0}, {"l": "Sweeteners, Other", "v": 21.0}]}, {"source": 5, "prod": 0.21152444404000001, "target": 19, "value": 182.0, "supply": [{"l": "Sugar beet", "v": 182.0}]}, {"source": 6, "prod": 0.15589249210458547, "target": 19, "value": 40.0, "supply": [{"l": "Sugar", "v": 38.0}, {"l": "Honey", "v": 2.0}]}, {"source": 18, "prod": 12.711314696404282, "target": 3, "value": 4196.0, "supply": [{"l": "Maize", "v": 1411.0}, {"l": "Rye", "v": 865.0}, {"l": "Barley", "v": 781.0}, {"l": "Cereals, Other", "v": 70.0}, {"l": "Wheat", "v": 1044.0}, {"l": "Oats", "v": 25.0}]}, {"source": 20, "prod": 500.02269160957337, "target": 3, "value": 170920.0, "supply": [{"l": "Maize", "v": 25186.0}, {"l": "Barley", "v": 42685.0}, {"l": "Cereals, Other", "v": 4178.0}, {"l": "Sorghum", "v": 337.0}, {"l": "Rye", "v": 16076.0}, {"l": "Rice", "v": 992.0}, {"l": "Wheat", "v": 64813.0}, {"l": "Oats", "v": 16601.0}, {"l": "Millet", "v": 52.0}]}, {"source": 20, "prod": 17.052504248959643, "target": 4, "value": 9424.0, "supply": [{"l": "Sunflower seed", "v": 1350.0}, {"l": "Sesame seed", "v": 6.0}, {"l": "Cottonseed", "v": 309.0}, {"l": "Olives", "v": 5442.0}, {"l": "Groundnuts", "v": 14.0}, {"l": "Rape and Mustardseed", "v": 1800.0}, {"l": "Oilcrops, Other", "v": 455.0}, {"l": "Soyabeans", "v": 48.0}]}, {"source": 20, "prod": 120.25454743980666, "target": 5, "value": 103770.0, "supply": [{"l": "Sugar cane", "v": 453.0}, {"l": "Sugar beet", "v": 103317.0}]}, {"source": 20, "prod": 101.97079828569889, "target": 7, "value": 130868.0, "supply": [{"l": "Roots, Other", "v": 21.0}, {"l": "Yams", "v": 2.0}, {"l": "Potatoes", "v": 130699.0}, {"l": "Sweet potatoes", "v": 146.0}]}, {"source": 20, "prod": 70.577715351055559, "target": 8, "value": 118113.0, "supply": [{"l": "Tomatoes", "v": 9525.0}, {"l": "Treenuts", "v": 1189.0}, {"l": "Vegetables, Other", "v": 37984.0}, {"l": "Peas", "v": 452.0}, {"l": "Grapes", "v": 32456.0}, {"l": "Pulses, Other", "v": 1879.0}, {"l": "Pineapples", "v": 4.0}, {"l": "Citrus, Other", "v": 46.0}, {"l": "Grapefruit", "v": 56.0}, {"l": "Fruits, Other", "v": 13724.0}, {"l": "Dates", "v": 16.0}, {"l": "Beans", "v": 612.0}, {"l": "Apples", "v": 11472.0}, {"l": "Lemons, Limes", "v": 1021.0}, {"l": "Bananas", "v": 427.0}, {"l": "Oranges, Mandarines", "v": 4175.0}, {"l": "Onions", "v": 3075.0}]}, {"source": 20, "prod": 3.3407337670928454, "target": 12, "value": 1296.0, "supply": [{"l": "Nuts", "v": 1189.0}, {"l": "Pimento", "v": 93.0}, {"l": "Tea", "v": 1.0}, {"l": "Spices, Other", "v": 13.0}]}, {"source": 1, "prod": 35.151927324519235, "target": 9, "value": 41511.0, "supply": [{"l": "Pelagic Fish", "v": 13149.0}, {"l": "Crustaceans", "v": 280.0}, {"l": "Freshwater Fish", "v": 395.0}, {"l": "Molluscs, Other", "v": 593.0}, {"l": "Aquatic Animals, Others", "v": 4.0}, {"l": "Aquatic Plants", "v": 279.0}, {"l": "Demersal Fish", "v": 5418.0}, {"l": "Aquatic Products, Other", "v": 285.0}, {"l": "Fish, Seafood", "v": 20475.0}, {"l": "Marine Fish, Other", "v": 479.0}, {"l": "Cephalopods", "v": 154.0}]}, {"source": 1, "prod": 156.94314088537323, "target": 2, "value": 181169.0, "supply": [{"l": "Poultry Meat", "v": 3566.0}, {"l": "Pigmeat", "v": 12922.0}, {"l": "Bovine Meat", "v": 9217.0}, {"l": "Eggs", "v": 5346.0}, {"l": "Milk - Excluding Butter", "v": 145959.0}, {"l": "Offals, Edible", "v": 2005.0}, {"l": "Meat, Other", "v": 1042.0}, {"l": "Mutton & Goat Meat", "v": 1337.0}]}, {"source": 13, "prod": 112.59913425768649, "target": 0, "value": 60545.0, "supply": [{"l": "Fats, Animals, Raw", "v": 4583.0}, {"l": "Alcohol, Non-Food", "v": 1147.0}, {"l": "Beverages, Fermented", "v": 1279.0}, {"l": "Fish, Body Oil", "v": 847.0}, {"l": "Beer", "v": 25120.0}, {"l": "Beverages, Alcoholic", "v": 2687.0}, {"l": "Fish, Liver Oil", "v": 42.0}, {"l": "Cream", "v": 790.0}, {"l": "Butter, Ghee", "v": 2836.0}, {"l": "Wine", "v": 21214.0}]}, {"source": 13, "prod": 81.563680815465034, "target": 10, "value": 7894.0, "supply": [{"l": "Olive Oil", "v": 1228.0}, {"l": "Sesameseed Oil", "v": 32.0}, {"l": "Soyabean Oil", "v": 1132.0}, {"l": "Coconut Oil", "v": 569.0}, {"l": "Cottonseed Oil", "v": 115.0}, {"l": "Rape and Mustard Oil", "v": 786.0}, {"l": "Maize Germ Oil", "v": 81.0}, {"l": "Groundnut Oil", "v": 835.0}, {"l": "Palm Oil", "v": 671.0}, {"l": "Palmkernel Oil", "v": 243.0}, {"l": "Oilcrops Oil, Other", "v": 1091.0}, {"l": "Sunflowerseed Oil", "v": 1111.0}]}, {"source": 13, "prod": 76.017303226208881, "target": 6, "value": 19372.0, "supply": [{"l": "Honey", "v": 189.0}, {"l": "Sweeteners, Other", "v": 1066.0}, {"l": "Sugar", "v": 18117.0}]}]}