{"nodes": [{"layer": 13, "name": "Other Processed", "fill": "#9c9ede"}, {"layer": 10, "name": "Feed", "fill": "#dbdb8d"}, {"layer": 13, "name": "Animal Products", "fill": "#17becf"}, {"layer": 5, "name": "Cereals", "fill": "#e7ba52"}, {"layer": 5, "name": "Oilcrops", "fill": "#ff9896"}, {"layer": 5, "name": "Sugar Crops", "fill": "#ffbb78"}, {"layer": 13, "name": "Sugar", "fill": "#d6616b"}, {"layer": 5, "name": "Starchy Roots"}, {"layer": 5, "name": "Fruits & Vegetables"}, {"layer": 13, "name": "Aquatic Products", "fill": "#1f77b4"}, {"layer": 13, "name": "Vegetable Oils", "fill": "#f7b6d2"}, {"layer": 16, "name": "Food", "fill": "#b5cf6b"}, {"layer": 5, "name": "Others"}, {"layer": 10, "name": "Processing", "fill": "#9edae5"}, {"layer": 16, "name": "Biofuels & Other", "fill": "#e7ba52"}, {"name": "Waste", "fill": "#c7c7c7"}, {"layer": 2, "name": "Import", "fill": "#aec7e8"}, {"layer": 16, "name": "Export", "fill": "#aec7e8"}, {"layer": 0, "name": "Stock Draw", "fill": "#c7c7c7"}, {"layer": 16, "name": "Stock Deposit", "fill": "#c7c7c7"}, {"name": "Crop Residue", "fill": "#bd9e39"}, {"layer": 2, "name": "Electricity", "fill": "#bcbd22"}, {"layer": 0, "name": "Fossil Fuels", "fill": "#c49c94"}, {"layer": 0, "name": "Renewables & Nuclear", "fill": "#2ca02c"}, {"layer": 2, "name": "Fertilizers", "fill": "#c5b0d5"}, {"layer": 0, "name": "Labor", "fill": "#7f7f7f"}], "links": [{"source": 0, "prod": 496.0, "target": 1, "value": 3.9236425160383055, "supply": [{"l": "Fats, Animals, Raw", "v": 1.6879337425353051}, {"l": "Fish, Body Oil", "v": 1.9810077739900001}, {"l": "Fish, Liver Oil", "v": 0.25470099951300001}]}, {"source": 2, "prod": 38690.0, "target": 1, "value": 22.684394504879364, "supply": [{"l": "Milk - Excluding Butter", "v": 22.661283537586655}, {"l": "Meat, Other", "v": 0.0038300902182406018}, {"l": "Offals, Edible", "v": 0.012780695316064515}, {"l": "Eggs", "v": 0.0065001817584046887}]}, {"source": 3, "prod": 142410.0, "target": 1, "value": 416.17548641673272, "supply": [{"l": "Maize", "v": 154.0227476500412}, {"l": "Oats", "v": 35.445181596116079}, {"l": "Rye", "v": 24.908259511197798}, {"l": "Barley", "v": 108.37350653584045}, {"l": "Rice", "v": 0.50814110298880688}, {"l": "Sorghum", "v": 8.4779468397882347}, {"l": "Cereals, Other", "v": 13.309759923269077}, {"l": "Wheat", "v": 70.76427610492324}, {"l": "Millet", "v": 0.36566715256788684}]}, {"source": 4, "prod": 157.0, "target": 1, "value": 0.58329175354367702, "supply": [{"l": "Soyabeans", "v": 0.10099255318380392}, {"l": "Sunflower seed", "v": 0.038205149926950004}, {"l": "Rape and Mustardseed", "v": 0.12571780104167307}, {"l": "Oilcrops, Other", "v": 0.31837624939125003}]}, {"source": 5, "prod": 1609.0, "target": 1, "value": 1.8700155519800001, "supply": [{"l": "Sugar beet", "v": 1.8700155519800001}]}, {"source": 6, "prod": 118.0, "target": 1, "value": 0.4531427421054578, "supply": [{"l": "Sugar", "v": 0.42450166585499999}, {"l": "Sweeteners, Other", "v": 0.028641076250457833}]}, {"source": 7, "prod": 52082.0, "target": 1, "value": 40.543237706152368, "supply": [{"l": "Potatoes", "v": 35.254501927955786}, {"l": "Roots, Other", "v": 0.0062137525705269168}, {"l": "Sweet potatoes", "v": 0.2773443300666249}, {"l": "Cassava", "v": 5.005177695559432}]}, {"source": 8, "prod": 3933.0, "target": 1, "value": 6.6403124749434399, "supply": [{"l": "Vegetables, Other", "v": 0.55717907269663913}, {"l": "Fruits, Other", "v": 0.040513539841069861}, {"l": "Beans", "v": 0.44670636837664618}, {"l": "Tomatoes", "v": 0.018883005136308625}, {"l": "Bananas", "v": 0.0014197380128929769}, {"l": "Apples", "v": 0.19145310030507384}, {"l": "Peas", "v": 0.50663350990085876}, {"l": "Pulses, Other", "v": 4.87752414067395}]}, {"source": 9, "prod": 11764.0, "target": 1, "value": 11.456641529124868, "supply": [{"l": "Fish, Seafood", "v": 4.3500327501029794}, {"l": "Marine Fish, Other", "v": 0.0097175080135481935}, {"l": "Pelagic Fish", "v": 6.9581721197680633}, {"l": "Crustaceans", "v": 0.017687569410625003}, {"l": "Demersal Fish", "v": 0.12103158182965078}]}, {"source": 10, "prod": 12.0, "target": 1, "value": 0.12311830792169187, "supply": [{"l": "Soyabean Oil", "v": 0.12311830792169187}]}, {"source": 0, "prod": 57860.0, "target": 11, "value": 82.44898422098268, "supply": [{"l": "Beverages, Alcoholic", "v": 6.6632858646248483}, {"l": "Butter, Ghee", "v": 19.97175337435726}, {"l": "Fats, Animals, Raw", "v": 20.702010901094773}, {"l": "Wine", "v": 14.582073798054605}, {"l": "Fish, Body Oil", "v": 0.17687569410625004}, {"l": "Cream", "v": 2.1605670993171726}, {"l": "Beer", "v": 17.460526676121308}, {"l": "Beverages, Fermented", "v": 0.54086506367172349}, {"l": "Fish, Liver Oil", "v": 0.19102574963475}]}, {"source": 2, "prod": 125589.0, "target": 11, "value": 125.28351915635137, "supply": [{"l": "Eggs", "v": 8.8191216007155599}, {"l": "Pigmeat", "v": 36.357513412429711}, {"l": "Offals, Edible", "v": 2.5216311858595288}, {"l": "Milk - Excluding Butter", "v": 51.482301581084691}, {"l": "Meat, Other", "v": 1.4413906187978798}, {"l": "Mutton & Goat Meat", "v": 3.2428426226655152}, {"l": "Bovine Meat", "v": 14.03924327929791}, {"l": "Poultry Meat", "v": 7.3794748555005727}]}, {"source": 3, "prod": 53451.0, "target": 11, "value": 165.77184134879084, "supply": [{"l": "Maize", "v": 8.2763990310590785}, {"l": "Barley", "v": 1.2628924559186252}, {"l": "Cereals, Other", "v": 0.90124969058446158}, {"l": "Rye", "v": 13.496253152562669}, {"l": "Rice", "v": 5.5721797874755499}, {"l": "Wheat", "v": 135.00492729470682}, {"l": "Oats", "v": 1.2579399364836501}]}, {"source": 4, "prod": 746.0, "target": 11, "value": 2.1551380507682878, "supply": [{"l": "Coconuts - Incl Copra", "v": 0.35919371726192312}, {"l": "Sesame seed", "v": 0.038591060532272729}, {"l": "Olives", "v": 0.36018323163454546}, {"l": "Groundnuts", "v": 1.2561390203254774}, {"l": "Oilcrops, Other", "v": 0.063675249878250004}, {"l": "Soyabeans", "v": 0.0038843289686078431}, {"l": "Rape and Mustardseed", "v": 0.073471442167211534}]}, {"source": 5, "prod": 45.0, "target": 11, "value": 0.052299999900000005, "supply": [{"l": "Sugar beet", "v": 0.052299999900000005}]}, {"source": 6, "prod": 16823.0, "target": 11, "value": 64.823264186204639, "supply": [{"l": "Sugar", "v": 63.019201849201373}, {"l": "Sweeteners, Other", "v": 1.2637874895514518}, {"l": "Honey", "v": 0.5402748474518182}]}, {"source": 7, "prod": 40164.0, "target": 11, "value": 31.220834540645935, "supply": [{"l": "Roots, Other", "v": 0.0023301572139475938}, {"l": "Yams", "v": 0.0015534381426317292}, {"l": "Potatoes", "v": 31.14099772626696}, {"l": "Sweet potatoes", "v": 0.075953219022395199}]}, {"source": 8, "prod": 81620.0, "target": 11, "value": 39.09407486398932, "supply": [{"l": "Vegetables, Other", "v": 8.9996114122279884}, {"l": "Tomatoes", "v": 2.1596888200085069}, {"l": "Treenuts", "v": 3.2447846083791565}, {"l": "Peas", "v": 1.6154134045199513}, {"l": "Grapes", "v": 2.8788660342615575}, {"l": "Pulses, Other", "v": 1.4433056639070001}, {"l": "Pineapples", "v": 0.17974992413547658}, {"l": "Citrus, Other", "v": 0.036519247180682689}, {"l": "Grapefruit", "v": 0.17980677703715359}, {"l": "Fruits, Other", "v": 5.9406544124701153}, {"l": "Dates", "v": 0.173338180224125}, {"l": "Beans", "v": 2.1629992574027077}, {"l": "Apples", "v": 4.3203180382029585}, {"l": "Lemons, Limes", "v": 0.17990033422851301}, {"l": "Bananas", "v": 1.7995179313418479}, {"l": "Oranges, Mandarines", "v": 2.3397093770681709}, {"l": "Onions", "v": 1.439891441393421}]}, {"source": 12, "prod": 3787.0, "target": 11, "value": 6.4861986336880211, "supply": [{"l": "Nuts", "v": 3.2362009349887062}, {"l": "Infant food", "v": 0.019757777740000003}, {"l": "Cloves", "v": 0.00424501665855}, {"l": "Pepper", "v": 0.169800666342}, {"l": "Pimento", "v": 0.17751887844845457}, {"l": "Tea", "v": 0.18041320798837501}, {"l": "Coffee", "v": 0.71999276957306146}, {"l": "Cocoa Beans", "v": 1.7957336656312228}, {"l": "Spices, Other", "v": 0.18253571631765003}]}, {"source": 9, "prod": 14603.0, "target": 11, "value": 10.806023521545145, "supply": [{"l": "Crustaceans", "v": 0.18100279363539584}, {"l": "Aquatic Products, Other", "v": 0.0019937033813021564}, {"l": "Marine Fish, Other", "v": 0.17951817435554823}, {"l": "Fish, Seafood", "v": 5.3987145657517424}, {"l": "Aquatic Animals, Others", "v": 0.0013291355875347708}, {"l": "Demersal Fish", "v": 1.6200733423221927}, {"l": "Freshwater Fish", "v": 0.36230723574136048}, {"l": "Cephalopods", "v": 0.17906252086974547}, {"l": "Pelagic Fish", "v": 2.7015252785918991}, {"l": "Molluscs, Other", "v": 0.18049677130842517}]}, {"source": 10, "prod": 5458.0, "target": 11, "value": 56.170370846504298, "supply": [{"l": "Sunflowerseed Oil", "v": 9.523375043434708}, {"l": "Rape and Mustard Oil", "v": 4.3016168806639996}, {"l": "Sesameseed Oil", "v": 0.169800666342}, {"l": "Palmkernel Oil", "v": 1.0848375905183334}, {"l": "Oilcrops Oil, Other", "v": 2.716810661472}, {"l": "Maize Germ Oil", "v": 1.2735049975650001}, {"l": "Groundnut Oil", "v": 3.0670245358023753}, {"l": "Soyabean Oil", "v": 14.394582167844474}, {"l": "Palm Oil", "v": 3.7731287602274648}, {"l": "Coconut Oil", "v": 1.6237188718953752}, {"l": "Olive Oil", "v": 13.502838358426327}, {"l": "Cottonseed Oil", "v": 0.73913231231223553}]}, {"source": 0, "prod": 3466.0, "target": 13, "value": 4.3854018811711608, "supply": [{"l": "Fats, Animals, Raw", "v": 1.8037723327092967}, {"l": "Wine", "v": 2.5816295484618643}]}, {"source": 2, "prod": 124.0, "target": 13, "value": 0.19226427704795124, "supply": [{"l": "Pigmeat", "v": 0.0025658089917028732}, {"l": "Poultry Meat", "v": 0.024841489099097239}, {"l": "Milk - Excluding Butter", "v": 0.00058597169957300068}, {"l": "Meat, Other", "v": 0.001276696739413534}, {"l": "Bovine Meat", "v": 0.1629943105181646}]}, {"source": 3, "prod": 9682.0, "target": 13, "value": 26.262002808585496, "supply": [{"l": "Maize", "v": 7.3955034644186357}, {"l": "Rye", "v": 0.34435381812715854}, {"l": "Barley", "v": 17.187718699080737}, {"l": "Rice", "v": 0.17372345401326733}, {"l": "Cereals, Other", "v": 0.16653526891234616}, {"l": "Wheat", "v": 0.93721413053113845}, {"l": "Oats", "v": 0.056953973502212499}]}, {"source": 4, "prod": 24318.627906976744, "target": 13, "value": 75.505075124350611, "supply": [{"l": "Olives", "v": 6.6569579418170459}, {"l": "Sunflower seed", "v": 7.7980956017563505}, {"l": "Coconuts - Incl Copra", "v": 2.5649696809930962}, {"l": "Sesame seed", "v": 0.25470099951300001}, {"l": "Cottonseed", "v": 0.59430233219700002}, {"l": "Groundnuts", "v": 2.5460452186166935}, {"l": "Oilcrops, Other", "v": 5.5609718227005001}, {"l": "Soyabeans", "v": 43.931760634954706}, {"l": "Rape and Mustardseed", "v": 3.5854063777599237}, {"l": "Palm kernels", "v": 0.51919819131496159}, {"l": "Oil Palm", "v": 1.4926663227273487}]}, {"source": 5, "prod": 102291.0, "target": 13, "value": 118.60065564688091, "supply": [{"l": "Sugar beet", "v": 118.47112199570002}, {"l": "Sugar cane", "v": 0.12953365118089716}]}, {"source": 6, "prod": 40.0, "target": 13, "value": 0.15101658386605038, "supply": [{"l": "Sugar", "v": 0.084900333171}, {"l": "Sweeteners, Other", "v": 0.042961614375686755}, {"l": "Honey", "v": 0.023154636319363639}]}, {"source": 7, "prod": 3426.0, "target": 13, "value": 2.6610395383281524, "supply": [{"l": "Potatoes", "v": 2.6610395383281524}]}, {"source": 8, "prod": 35778.0, "target": 13, "value": 27.777169085777491, "supply": [{"l": "Vegetables, Other", "v": 0.0016509009561381904}, {"l": "Grapefruit", "v": 0.00030321547561071435}, {"l": "Treenuts", "v": 0.0053062708231875}, {"l": "Grapes", "v": 26.406287484792621}, {"l": "Dates", "v": 0.0035375138821250002}, {"l": "Apples", "v": 0.95568759135801984}, {"l": "Lemons, Limes", "v": 0.00015780731072676579}, {"l": "Fruits, Other", "v": 0.40342355869910407}, {"l": "Oranges, Mandarines", "v": 0.00035951281147328991}, {"l": "Onions", "v": 0.00045522966847721182}]}, {"source": 12, "prod": 6.0, "target": 13, "value": 0.017503785300894227, "supply": [{"l": "Nuts", "v": 0.0052879100244913498}, {"l": "Cocoa Beans", "v": 0.012215875276402877}]}, {"source": 10, "prod": 61.0, "target": 13, "value": 0.64736504042887499, "supply": [{"l": "Oilcrops Oil, Other", "v": 0.64736504042887499}]}, {"source": 0, "prod": 4593.0, "target": 14, "value": 20.20283545655527, "supply": [{"l": "Alcohol, Non-Food", "v": 0.88586447656156286}, {"l": "Beer", "v": 0.040554070921672701}, {"l": "Beverages, Alcoholic", "v": 3.9540754513188121}, {"l": "Butter, Ghee", "v": 0.099900392035134275}, {"l": "Fats, Animals, Raw", "v": 13.602760160431576}, {"l": "Wine", "v": 0.1693002136152639}, {"l": "Fish, Body Oil", "v": 1.4291556083785}, {"l": "Fish, Liver Oil", "v": 0.02122508329275}]}, {"source": 2, "prod": 4376.0, "target": 14, "value": 3.0470186789954261, "supply": [{"l": "Mutton & Goat Meat", "v": 0.021006268001072165}, {"l": "Eggs", "v": 0.030875863352422268}, {"l": "Pigmeat", "v": 0.34895002287159071}, {"l": "Milk - Excluding Butter", "v": 2.3286515341031047}, {"l": "Bovine Meat", "v": 0.015523267668396628}, {"l": "Poultry Meat", "v": 0.052788164335581637}, {"l": "Offals, Edible", "v": 0.24922355866325804}]}, {"source": 3, "prod": 3211.0, "target": 14, "value": 10.615712243380894, "supply": [{"l": "Maize", "v": 8.7955580152007879}, {"l": "Rye", "v": 0.015103237637156075}, {"l": "Barley", "v": 0.037143895762312501}, {"l": "Rice", "v": 0.10857715875829207}, {"l": "Wheat", "v": 1.5794362724360829}, {"l": "Sorghum", "v": 0.079893663586261002}]}, {"source": 4, "prod": 35.0, "target": 14, "value": 0.16599103600740389, "supply": [{"l": "Coconuts - Incl Copra", "v": 0.001632698714826923}, {"l": "Oilcrops, Other", "v": 0.14150055528500002}, {"l": "Cottonseed", "v": 0.02122508329275}, {"l": "Palm kernels", "v": 0.001632698714826923}]}, {"source": 5, "prod": 1004.0, "target": 14, "value": 1.16128256333513, "supply": [{"l": "Sugar beet", "v": 1.1587355533400001}, {"l": "Sugar cane", "v": 0.0025470099951300004}]}, {"source": 6, "prod": 1347.0, "target": 14, "value": 4.9384933667895758, "supply": [{"l": "Sugar", "v": 1.6053881181425456}, {"l": "Sweeteners, Other", "v": 3.3331052486470303}]}, {"source": 7, "prod": 4928.0, "target": 14, "value": 3.8276715834445807, "supply": [{"l": "Roots, Other", "v": 0.0031068762852634584}, {"l": "Potatoes", "v": 3.7305816995300978}, {"l": "Cassava", "v": 0.093983007629219628}]}, {"source": 8, "prod": 295.0, "target": 14, "value": 0.19712509305254833, "supply": [{"l": "Citrus, Other", "v": 0.0079885853207743388}, {"l": "Tomatoes", "v": 0.0076849439508232765}, {"l": "Treenuts", "v": 0.037143895762312501}, {"l": "Vegetables, Other", "v": 0.011556306692967333}, {"l": "Grapes", "v": 0.088177188135494744}, {"l": "Apples", "v": 0.0042077604462653594}, {"l": "Lemons, Limes", "v": 0.001578073107267658}, {"l": "Fruits, Other", "v": 0.013694717692756007}, {"l": "Grapefruit", "v": 0.00030321547561071435}, {"l": "Oranges, Mandarines", "v": 0.011144897155671988}, {"l": "Onions", "v": 0.00091045933695442364}, {"l": "Pulses, Other", "v": 0.012735049975650002}]}, {"source": 12, "prod": 15.0, "target": 14, "value": 0.037489673708707608, "supply": [{"l": "Nuts", "v": 0.037015370171439452}, {"l": "Coffee", "v": 0.00047430353726815653}]}, {"source": 9, "prod": 1484.0, "target": 14, "value": 1.0298428436325426, "supply": [{"l": "Freshwater Fish", "v": 0.0029616395292209304}, {"l": "Aquatic Products, Other", "v": 0.12693244860957062}, {"l": "Marine Fish, Other", "v": 0.031198315201391571}, {"l": "Aquatic Plants", "v": 0.12427417743450105}, {"l": "Fish, Seafood", "v": 0.4074920172231794}, {"l": "Pelagic Fish", "v": 0.19065192233605188}, {"l": "Molluscs, Other", "v": 0.04111315346469685}, {"l": "Aquatic Animals, Others", "v": 0.0026582711750695416}, {"l": "Demersal Fish", "v": 0.1025608986588607}]}, {"source": 10, "prod": 1777.0, "target": 14, "value": 18.436309175176934, "supply": [{"l": "Groundnut Oil", "v": 1.5069809137852501}, {"l": "Soyabean Oil", "v": 0.63611125759540788}, {"l": "Palm Oil", "v": 3.5139853014206337}, {"l": "Sunflowerseed Oil", "v": 0.11300660785089728}, {"l": "Olive Oil", "v": 0.80873709652439718}, {"l": "Coconut Oil", "v": 1.9951578295185002}, {"l": "Rape and Mustard Oil", "v": 2.2434269856094544}, {"l": "Oilcrops Oil, Other", "v": 5.4442338645903749}, {"l": "Cottonseed Oil", "v": 0.93889780212635321}, {"l": "Palmkernel Oil", "v": 1.2357715161556668}]}, {"source": 7, "prod": 12817.0, "target": 7, "value": 9.9552083370554385, "supply": [{"l": "Potatoes", "v": 9.9544316179841221}, {"l": "Roots, Other", "v": 0.00077671907131586461}]}, {"source": 8, "prod": 284.0, "target": 8, "value": 1.1368950158129891, "supply": [{"l": "Vegetables, Other", "v": 0.0027515015935636504}, {"l": "Beans", "v": 0.27037490717533846}, {"l": "Peas", "v": 0.29069135813983704}, {"l": "Pulses, Other", "v": 0.57307724890425005}]}, {"source": 2, "prod": 292.0, "target": 2, "value": 0.47451326836354218, "supply": [{"l": "Eggs", "v": 0.47451326836354218}]}, {"source": 3, "prod": 9839.0, "target": 3, "value": 28.107260411764802, "supply": [{"l": "Maize", "v": 1.7450440692763174}, {"l": "Oats", "v": 2.5530237687296129}, {"l": "Rye", "v": 2.7487892499624058}, {"l": "Barley", "v": 7.0944840906016884}, {"l": "Rice", "v": 0.20412505846558912}, {"l": "Sorghum", "v": 0.012291332859424768}, {"l": "Cereals, Other", "v": 0.70532584480523086}, {"l": "Wheat", "v": 13.041104163849681}, {"l": "Millet", "v": 0.0030728332148561919}]}, {"source": 4, "prod": 137.0, "target": 4, "value": 0.45540837119415595, "supply": [{"l": "Soyabeans", "v": 0.11264554008962743}, {"l": "Sunflower seed", "v": 0.076410299853900007}, {"l": "Cottonseed", "v": 0.035919371726192306}, {"l": "Rape and Mustardseed", "v": 0.07510414088203847}, {"l": "Groundnuts", "v": 0.0067534355931477283}, {"l": "Oilcrops, Other", "v": 0.14857558304925}]}, {"source": 0, "prod": 255.0, "target": 15, "value": 0.38577759469225825, "supply": [{"l": "Beer", "v": 0.022276179802045569}, {"l": "Fats, Animals, Raw", "v": 0.19858044029827121}, {"l": "Wine", "v": 0.14466027642243204}, {"l": "Beverages, Fermented", "v": 0.00049941372453529416}, {"l": "Cream", "v": 0.019761284444974141}]}, {"source": 2, "prod": 1564.0, "target": 15, "value": 1.2015947677078191, "supply": [{"l": "Pigmeat", "v": 0.11289559563492642}, {"l": "Eggs", "v": 0.13975390780570079}, {"l": "Mutton & Goat Meat", "v": 0.013128917500670103}, {"l": "Milk - Excluding Butter", "v": 0.77465458683550692}, {"l": "Meat, Other", "v": 0.001276696739413534}, {"l": "Bovine Meat", "v": 0.13350010194821096}, {"l": "Poultry Meat", "v": 0.0046577792060807323}, {"l": "Offals, Edible", "v": 0.021727182037309677}]}, {"source": 3, "prod": 5330.0, "target": 15, "value": 15.650567302245442, "supply": [{"l": "Maize", "v": 3.6140164121864613}, {"l": "Rye", "v": 1.724789738163224}, {"l": "Barley", "v": 3.1819937369714375}, {"l": "Rice", "v": 0.034744690802653466}, {"l": "Cereals, Other", "v": 0.3134781532467692}, {"l": "Wheat", "v": 5.669377281409675}, {"l": "Oats", "v": 1.0722204576720875}, {"l": "Sorghum", "v": 0.036873998578274308}, {"l": "Millet", "v": 0.0030728332148561919}]}, {"source": 4, "prod": 114.0, "target": 15, "value": 0.31980648570454134, "supply": [{"l": "Olives", "v": 0.030872848425818184}, {"l": "Sunflower seed", "v": 0.11037043312230001}, {"l": "Coconuts - Incl Copra", "v": 0.027755878152057691}, {"l": "Sesame seed", "v": 0.007718212106454546}, {"l": "Cottonseed", "v": 0.014694288433442308}, {"l": "Oilcrops, Other", "v": 0.049525194349750008}, {"l": "Soyabeans", "v": 0.042727618654686272}, {"l": "Groundnuts", "v": 0.0067534355931477283}, {"l": "Rape and Mustardseed", "v": 0.029388576866884616}]}, {"source": 5, "prod": 489.0, "target": 15, "value": 0.56832666558000011, "supply": [{"l": "Sugar beet", "v": 0.56832666558000011}]}, {"source": 6, "prod": 13.0, "target": 15, "value": 0.050168378691954549, "supply": [{"l": "Sugar", "v": 0.050168378691954549}]}, {"source": 7, "prod": 10315.0, "target": 15, "value": 8.0159721806757371, "supply": [{"l": "Potatoes", "v": 8.0033133108386707}, {"l": "Sweet potatoes", "v": 0.012658869837065864}]}, {"source": 8, "prod": 10198.0, "target": 15, "value": 4.1117362531884654, "supply": [{"l": "Grapefruit", "v": 0.010006110695153572}, {"l": "Tomatoes", "v": 0.28939303220528795}, {"l": "Treenuts", "v": 0.047756437408687499}, {"l": "Vegetables, Other", "v": 1.3240225668228285}, {"l": "Peas", "v": 0.041527336877119569}, {"l": "Grapes", "v": 0.18509265617630877}, {"l": "Dates", "v": 0.014150055528500001}, {"l": "Beans", "v": 0.11363583055195385}, {"l": "Apples", "v": 0.52228826539268769}, {"l": "Lemons, Limes", "v": 0.019252491908665428}, {"l": "Pineapples", "v": 0.0053062708231875}, {"l": "Bananas", "v": 0.1639797404891388}, {"l": "Fruits, Other", "v": 0.69614814938176361}, {"l": "Oranges, Mandarines", "v": 0.26999412141644075}, {"l": "Onions", "v": 0.16297222131484182}, {"l": "Pulses, Other", "v": 0.24621096619590002}]}, {"source": 12, "prod": 34.0, "target": 15, "value": 0.066081195227763054, "supply": [{"l": "Nuts", "v": 0.050235145232667824}, {"l": "Coffee", "v": 0.0042687318354134082}, {"l": "Pimento", "v": 0.011577318159681819}]}, {"source": 10, "prod": 1.0, "target": 15, "value": 0.010290949475272726, "supply": [{"l": "Rape and Mustard Oil", "v": 0.010290949475272726}]}, {"source": 16, "prod": 3616.0, "target": 12, "value": 5.629410996763955, "supply": [{"l": "Nuts", "v": 1.308757731061609}, {"l": "Infant food", "v": 0.081355555400000001}, {"l": "Pepper", "v": 0.17510693716518752}, {"l": "Pimento", "v": 0.040520613558886372}, {"l": "Tea", "v": 0.21755710375068751}, {"l": "Coffee", "v": 0.80916183457947499}, {"l": "Cloves", "v": 0.00424501665855}, {"l": "Cocoa Beans", "v": 2.797435438296259}, {"l": "Spices, Other", "v": 0.19527076629330001}]}, {"source": 16, "prod": 36120.0, "target": 1, "value": 32.920378607083506, "supply": [{"l": "Crustaceans", "v": 0.12676091410947918}, {"l": "Eggs", "v": 0.58014122193761841}, {"l": "Aquatic Products, Other", "v": 0.00066456779376738539}, {"l": "Marine Fish, Other", "v": 0.031709762991578322}, {"l": "Pigmeat", "v": 3.7922656897368459}, {"l": "Fish, Seafood", "v": 6.4540523308651299}, {"l": "Aquatic Animals, Others", "v": 0.00066456779376738539}, {"l": "Offals, Edible", "v": 0.36424981650783872}, {"l": "Demersal Fish", "v": 0.49773630439181688}, {"l": "Freshwater Fish", "v": 0.11649115481602326}, {"l": "Milk - Excluding Butter", "v": 8.4110377756708505}, {"l": "Meat, Other", "v": 0.25278595440387969}, {"l": "Cephalopods", "v": 0.052483842323890917}, {"l": "Mutton & Goat Meat", "v": 0.80611553454114426}, {"l": "Pelagic Fish", "v": 8.7375900615712148}, {"l": "Bovine Meat", "v": 2.0692515801972702}, {"l": "Molluscs, Other", "v": 0.075206988045177156}, {"l": "Poultry Meat", "v": 0.55117053938621996}]}, {"source": 16, "prod": 16657.0, "target": 13, "value": 90.163680863830891, "supply": [{"l": "Sugar", "v": 22.622079684018278}, {"l": "Beverages, Alcoholic", "v": 1.2723000801728355}, {"l": "Butter, Ghee", "v": 5.7192974440114366}, {"l": "Fats, Animals, Raw", "v": 11.046036991591334}, {"l": "Sunflowerseed Oil", "v": 5.0544773693310425}, {"l": "Rape and Mustard Oil", "v": 1.1834591896563635}, {"l": "Sesameseed Oil", "v": 0.0084900333171}, {"l": "Wine", "v": 1.8686610432370205}, {"l": "Sweeteners, Other", "v": 0.93083497813987959}, {"l": "Fish, Body Oil", "v": 3.5658139931820001}, {"l": "Honey", "v": 0.28171474188559098}, {"l": "Palmkernel Oil", "v": 1.5659394784873337}, {"l": "Cream", "v": 0.021956982716637933}, {"l": "Alcohol, Non-Food", "v": 0.10928166249024676}, {"l": "Oilcrops Oil, Other", "v": 6.473650404288751}, {"l": "Maize Germ Oil", "v": 0.6155274154897501}, {"l": "Beer", "v": 0.55633331095365091}, {"l": "Groundnut Oil", "v": 3.4066258684863753}, {"l": "Soyabean Oil", "v": 6.8638456666343215}, {"l": "Palm Oil", "v": 11.132802990341476}, {"l": "Coconut Oil", "v": 2.1543459542141252}, {"l": "Olive Oil", "v": 2.4057369326991558}, {"l": "Beverages, Fermented", "v": 0.0034958960717470585}, {"l": "Cottonseed Oil", "v": 1.0887219194869413}, {"l": "Fish, Liver Oil", "v": 0.21225083292749999}]}, {"source": 16, "prod": 56714.0, "target": 3, "value": 177.63254463899608, "supply": [{"l": "Maize", "v": 92.550974514862205}, {"l": "Barley", "v": 20.812962925482438}, {"l": "Cereals, Other", "v": 1.3714669204546155}, {"l": "Sorghum", "v": 9.4489621356827893}, {"l": "Rye", "v": 0.98171044641514482}, {"l": "Rice", "v": 3.839288333693208}, {"l": "Wheat", "v": 46.405927210758207}, {"l": "Oats", "v": 1.8893861644429626}, {"l": "Millet", "v": 0.33186598720446875}]}, {"source": 16, "prod": 22959.0, "target": 8, "value": 14.47925923411168, "supply": [{"l": "Tomatoes", "v": 0.44418976035758534}, {"l": "Treenuts", "v": 1.3106488933273126}, {"l": "Vegetables, Other", "v": 1.0087004842004343}, {"l": "Peas", "v": 1.0381834219279893}, {"l": "Grapes", "v": 1.1812565653827087}, {"l": "Pulses, Other", "v": 1.02304901471055}, {"l": "Pineapples", "v": 0.18837261422315627}, {"l": "Citrus, Other", "v": 0.026248208911115681}, {"l": "Grapefruit", "v": 0.1928450424884143}, {"l": "Fruits, Other", "v": 1.5600565904997885}, {"l": "Dates", "v": 0.16272563857775002}, {"l": "Beans", "v": 1.2343202284091539}, {"l": "Apples", "v": 1.4532552641288985}, {"l": "Lemons, Limes", "v": 0.086162791656814119}, {"l": "Bananas", "v": 1.6802599382588381}, {"l": "Oranges, Mandarines", "v": 1.5584880377367119}, {"l": "Onions", "v": 0.33049673931445578}]}, {"source": 16, "prod": 18.0, "target": 5, "value": 0.020919999960000001, "supply": [{"l": "Sugar beet", "v": 0.020919999960000001}]}, {"source": 16, "prod": 15258.0, "target": 4, "value": 56.350209763422612, "supply": [{"l": "Sunflower seed", "v": 1.3881204473458502}, {"l": "Coconuts - Incl Copra", "v": 2.974777058414654}, {"l": "Sesame seed", "v": 0.26241921161945458}, {"l": "Cottonseed", "v": 0.048980961444807694}, {"l": "Olives", "v": 0.12477776238768183}, {"l": "Groundnuts", "v": 3.8832254660599439}, {"l": "Oilcrops, Other", "v": 3.11301221627}, {"l": "Soyabeans", "v": 43.252003065448335}, {"l": "Rape and Mustardseed", "v": 0.7755318895427884}, {"l": "Palm kernels", "v": 0.52736168488909618}]}, {"source": 16, "prod": 11347.0, "target": 7, "value": 8.8837597103926775, "supply": [{"l": "Roots, Other", "v": 0.0046603144278951876}, {"l": "Potatoes", "v": 3.391932184436381}, {"l": "Sweet potatoes", "v": 0.21635159357894387}, {"l": "Cassava", "v": 5.2708156179494576}]}, {"source": 0, "prod": 7121.0, "target": 17, "value": 21.219410857979536, "supply": [{"l": "Beverages, Alcoholic", "v": 2.9184026097765035}, {"l": "Butter, Ghee", "v": 6.3270248288918376}, {"l": "Fats, Animals, Raw", "v": 7.7446371716325766}, {"l": "Wine", "v": 2.458429862497705}, {"l": "Fish, Body Oil", "v": 0.82777824841725012}, {"l": "Cream", "v": 0.030739775803293106}, {"l": "Alcohol, Non-Food", "v": 0.11884380795814335}, {"l": "Beer", "v": 0.65172105523420498}, {"l": "Beverages, Fermented", "v": 0.014482998011523529}, {"l": "Fish, Liver Oil", "v": 0.12735049975650001}]}, {"source": 2, "prod": 26992.0, "target": 17, "value": 21.882788745077796, "supply": [{"l": "Eggs", "v": 0.75564612941454501}, {"l": "Pigmeat", "v": 4.5799690501896277}, {"l": "Offals, Edible", "v": 0.17637359536169034}, {"l": "Milk - Excluding Butter", "v": 13.261711504736152}, {"l": "Meat, Other", "v": 0.097028952195428578}, {"l": "Mutton & Goat Meat", "v": 0.16805014400857732}, {"l": "Bovine Meat", "v": 1.988530588321608}, {"l": "Poultry Meat", "v": 0.85547878085016127}]}, {"source": 3, "prod": 32582.0, "target": 17, "value": 97.784934585872591, "supply": [{"l": "Maize", "v": 24.219603963410847}, {"l": "Barley", "v": 20.055227451931263}, {"l": "Cereals, Other", "v": 0.54205597332253841}, {"l": "Sorghum", "v": 2.2646780793490136}, {"l": "Rye", "v": 1.9513383027205649}, {"l": "Rice", "v": 2.5537347739950298}, {"l": "Wheat", "v": 45.130701426592893}, {"l": "Oats", "v": 1.0276477827573125}, {"l": "Millet", "v": 0.039946831793130501}]}, {"source": 4, "prod": 1032.0, "target": 17, "value": 2.4497415083909244, "supply": [{"l": "Sunflower seed", "v": 0.32262126604980002}, {"l": "Coconuts - Incl Copra", "v": 0.011428891003788461}, {"l": "Sesame seed", "v": 0.007718212106454546}, {"l": "Olives", "v": 0.16594156028877274}, {"l": "Groundnuts", "v": 0.12156184067665912}, {"l": "Oilcrops, Other", "v": 0.45280177691200002}, {"l": "Soyabeans", "v": 0.28355601470837255}, {"l": "Rape and Mustardseed", "v": 1.0775811517857692}, {"l": "Palm kernels", "v": 0.0065307948593076922}]}, {"source": 5, "prod": 20.0, "target": 17, "value": 0.023244444400000001, "supply": [{"l": "Sugar beet", "v": 0.023244444400000001}]}, {"source": 6, "prod": 3805.0, "target": 17, "value": 14.581237012463195, "supply": [{"l": "Sugar", "v": 13.159551641504999}, {"l": "Sweeteners, Other", "v": 1.3174895075210606}, {"l": "Honey", "v": 0.10419586343713638}]}, {"source": 7, "prod": 4952.0, "target": 17, "value": 3.8474351029886873, "supply": [{"l": "Roots, Other", "v": 0.0046603144278951876}, {"l": "Potatoes", "v": 3.6661140166108819}, {"l": "Sweet potatoes", "v": 0.0034524190464725085}, {"l": "Cassava", "v": 0.17320835290343783}]}, {"source": 8, "prod": 17513.0, "target": 17, "value": 8.7689291304668213, "supply": [{"l": "Tomatoes", "v": 0.61018454969536817}, {"l": "Treenuts", "v": 0.67124325913321881}, {"l": "Vegetables, Other", "v": 1.1116066437997147}, {"l": "Peas", "v": 0.52324444465170661}, {"l": "Grapes", "v": 0.84840753989827367}, {"l": "Pulses, Other", "v": 0.43299169917210001}, {"l": "Pineapples", "v": 0.0046429869702890626}, {"l": "Citrus, Other", "v": 0.010271038269567006}, {"l": "Grapefruit", "v": 0.029411901134239287}, {"l": "Fruits, Other", "v": 1.7072748056969156}, {"l": "Dates", "v": 0.031837624939125002}, {"l": "Beans", "v": 0.30564119941560003}, {"l": "Apples", "v": 1.1976338170182779}, {"l": "Lemons, Limes", "v": 0.082217608888644989}, {"l": "Bananas", "v": 0.019166463174055189}, {"l": "Oranges, Mandarines", "v": 0.8890751827734461}, {"l": "Onions", "v": 0.29407836583627883}]}, {"source": 12, "prod": 946.0, "target": 17, "value": 2.0291798349071093, "supply": [{"l": "Nuts", "v": 0.67685248313489277}, {"l": "Infant food", "v": 0.091815555380000011}, {"l": "Pepper", "v": 0.0053062708231875}, {"l": "Pimento", "v": 0.048238825665340906}, {"l": "Tea", "v": 0.040460315026804687}, {"l": "Coffee", "v": 0.083477422559195547}, {"l": "Cocoa Beans", "v": 1.0108636791223382}, {"l": "Spices, Other", "v": 0.072165283195350011}]}, {"source": 9, "prod": 7901.0, "target": 17, "value": 6.2989062291992068, "supply": [{"l": "Crustaceans", "v": 0.028300111057000001}, {"l": "Marine Fish, Other", "v": 0.026595285089710846}, {"l": "Fish, Seafood", "v": 2.9219618149705662}, {"l": "Demersal Fish", "v": 0.7922950939049429}, {"l": "Freshwater Fish", "v": 0.048373445643941866}, {"l": "Cephalopods", "v": 0.058658412009054549}, {"l": "Pelagic Fish", "v": 2.3538658908026275}, {"l": "Molluscs, Other", "v": 0.068856175721362198}]}, {"source": 10, "prod": 2708.0, "target": 17, "value": 27.933668527402272, "supply": [{"l": "Sunflowerseed Oil", "v": 3.3080116116353571}, {"l": "Rape and Mustard Oil", "v": 3.6327051647712727}, {"l": "Sesameseed Oil", "v": 0.0084900333171}, {"l": "Palmkernel Oil", "v": 0.62260244325400005}, {"l": "Oilcrops Oil, Other", "v": 2.3772093287880001}, {"l": "Maize Germ Oil", "v": 0.53062708231875}, {"l": "Groundnut Oil", "v": 0.66859012372162507}, {"l": "Soyabean Oil", "v": 9.9212836466896697}, {"l": "Palm Oil", "v": 4.2914156778411279}, {"l": "Coconut Oil", "v": 0.98696637311287505}, {"l": "Olive Oil", "v": 1.5458139439896703}, {"l": "Cottonseed Oil", "v": 0.039953097962823536}]}, {"source": 18, "prod": 825.0, "target": 8, "value": 0.37817214892143297, "supply": [{"l": "Tomatoes", "v": 0.12471566183050346}, {"l": "Treenuts", "v": 0.063675249878250004}, {"l": "Apples", "v": 0.035239993737472386}, {"l": "Peas", "v": 0.02491640212627174}, {"l": "Grapes", "v": 0.090560355382399996}, {"l": "Beans", "v": 0.019592384577923075}, {"l": "Fruits, Other", "v": 0.0039942926603871694}, {"l": "Onions", "v": 0.015477808728225202}]}, {"source": 5, "prod": 120.0, "target": 19, "value": 0.13946666639999999, "supply": [{"l": "Sugar beet", "v": 0.13946666639999999}]}, {"source": 10, "prod": 235.0, "target": 19, "value": 2.407682916796567, "supply": [{"l": "Groundnut Oil", "v": 0.010612541646375}, {"l": "Palm Oil", "v": 0.30060641221592443}, {"l": "Sunflowerseed Oil", "v": 0.12327993583734249}, {"l": "Olive Oil", "v": 1.5867626577377409}, {"l": "Coconut Oil", "v": 0.244088457866625}, {"l": "Sesameseed Oil", "v": 0.0424501665855}, {"l": "Cottonseed Oil", "v": 0.099882744907058854}]}, {"source": 2, "prod": 5.0, "target": 19, "value": 0.0063848564892605882, "supply": [{"l": "Meat, Other", "v": 0.005106786957654136}, {"l": "Offals, Edible", "v": 0.0012780695316064517}]}, {"source": 0, "prod": 23.0, "target": 19, "value": 0.19147575140067402, "supply": [{"l": "Butter, Ghee", "v": 0.19147575140067402}]}, {"source": 12, "prod": 14.0, "target": 19, "value": 0.028553307051424497, "supply": [{"l": "Cocoa Beans", "v": 0.021377781733705036}, {"l": "Pimento", "v": 0.003859106053227273}, {"l": "Tea", "v": 0.0033164192644921874}]}, {"source": 3, "prod": 1077.0, "target": 19, "value": 3.6073175865846334, "supply": [{"l": "Maize", "v": 3.6073175865846334}]}, {"source": 8, "prod": 158.0, "target": 19, "value": 0.083790696514781535, "supply": [{"l": "Vegetables, Other", "v": 0.031642268325981979}, {"l": "Pulses, Other", "v": 0.046695183244050004}, {"l": "Lemons, Limes", "v": 0.0047342193218029736}, {"l": "Oranges, Mandarines", "v": 0.00071902562294657983}]}, {"source": 18, "prod": 1470.0, "target": 1, "value": 1.3094959965856325, "supply": [{"l": "Demersal Fish", "v": 0.00048607060975763367}, {"l": "Mutton & Goat Meat", "v": 0.018380484500938141}, {"l": "Pigmeat", "v": 0.33355516892137355}, {"l": "Poultry Meat", "v": 0.0062103722747743097}, {"l": "Milk - Excluding Butter", "v": 0.66976565261193988}, {"l": "Pelagic Fish", "v": 0.0049843639826418797}, {"l": "Fish, Seafood", "v": 0.0044372996430836233}, {"l": "Cephalopods", "v": 0.00077182121064545454}, {"l": "Bovine Meat", "v": 0.253029262994865}, {"l": "Eggs", "v": 0.017875499835612891}]}, {"source": 18, "prod": 91.0, "target": 4, "value": 0.35430968774332766, "supply": [{"l": "Coconuts - Incl Copra", "v": 0.0097961922889615374}, {"l": "Groundnuts", "v": 0.033767177965738637}, {"l": "Soyabeans", "v": 0.31074631748862747}]}, {"source": 4, "prod": 238.0, "target": 19, "value": 0.80347577542564452, "supply": [{"l": "Olives", "v": 0.050168378691954549}, {"l": "Sunflower seed", "v": 0.32262126604980002}, {"l": "Sesame seed", "v": 0.015436424212909092}, {"l": "Cottonseed", "v": 0.0081634935741346157}, {"l": "Oilcrops, Other", "v": 0.28300111057000005}, {"l": "Rape and Mustardseed", "v": 0.12245240361201923}, {"l": "Palm kernels", "v": 0.001632698714826923}]}, {"source": 18, "prod": 28.0, "target": 12, "value": 0.071292499039228172, "supply": [{"l": "Nuts", "v": 0.066098875306141863}, {"l": "Coffee", "v": 0.00094860707453631307}, {"l": "Spices, Other", "v": 0.00424501665855}]}, {"source": 18, "prod": 4516.0, "target": 7, "value": 3.5080374133399532, "supply": [{"l": "Potatoes", "v": 3.5068866069911291}, {"l": "Sweet potatoes", "v": 0.0011508063488241695}]}, {"source": 18, "prod": 1240.0, "target": 13, "value": 4.7288694811856011, "supply": [{"l": "Beer", "v": 0.043409991409114446}, {"l": "Beverages, Alcoholic", "v": 1.1557011509925756}, {"l": "Fats, Animals, Raw", "v": 0.074467665111851697}, {"l": "Soyabean Oil", "v": 2.4623661584338374}, {"l": "Rape and Mustard Oil", "v": 0.22640088845600001}, {"l": "Oilcrops Oil, Other", "v": 0.20163829128112501}, {"l": "Wine", "v": 0.40139252523806696}, {"l": "Sweeteners, Other", "v": 0.064442421563530125}, {"l": "Fish, Body Oil", "v": 0.099050388699500017}]}, {"source": 7, "prod": 2.0, "target": 19, "value": 0.0015534381426317292, "supply": [{"l": "Roots, Other", "v": 0.00077671907131586461}, {"l": "Cassava", "v": 0.00077671907131586461}]}, {"source": 6, "prod": 567.0, "target": 19, "value": 2.1881131321798639, "supply": [{"l": "Sugar", "v": 2.1765358140201823}, {"l": "Honey", "v": 0.011577318159681819}]}, {"source": 18, "prod": 7325.0, "target": 3, "value": 21.342554491367039, "supply": [{"l": "Rye", "v": 0.20238338433789141}, {"l": "Barley", "v": 4.1427825073565883}, {"l": "Rice", "v": 0.034744690802653466}, {"l": "Cereals, Other", "v": 0.48980961444807691}, {"l": "Wheat", "v": 15.591555732180318}, {"l": "Oats", "v": 0.84440456366323757}, {"l": "Sorghum", "v": 0.036873998578274308}]}, {"source": 1, "prod": 35752.0, "target": 9, "value": 29.591414123501764, "supply": [{"l": "Pelagic Fish", "v": 12.204215211498642}, {"l": "Crustaceans", "v": 0.22699047410302084}, {"l": "Freshwater Fish", "v": 0.41364232091452324}, {"l": "Molluscs, Other", "v": 0.29046610049448424}, {"l": "Aquatic Animals, Others", "v": 0.0039874067626043119}, {"l": "Aquatic Plants", "v": 0.12427417743450105}, {"l": "Demersal Fish", "v": 2.6359609167156473}, {"l": "Aquatic Products, Other", "v": 0.12892615199087279}, {"l": "Fish, Seafood", "v": 13.078201148048468}, {"l": "Marine Fish, Other", "v": 0.24702928266019886}, {"l": "Cephalopods", "v": 0.23772093287880003}]}, {"source": 1, "prod": 197340.0, "target": 2, "value": 174.29796498654898, "supply": [{"l": "Poultry Meat", "v": 8.3172410689914944}, {"l": "Pigmeat", "v": 41.401893890117556}, {"l": "Bovine Meat", "v": 16.339791547754292}, {"l": "Eggs", "v": 10.226410951410177}, {"l": "Milk - Excluding Butter", "v": 90.509188716045699}, {"l": "Offals, Edible", "v": 2.9830142867694578}, {"l": "Meat, Other", "v": 1.5499098416480304}, {"l": "Mutton & Goat Meat", "v": 3.4450279521758347}]}, {"source": 13, "prod": 73814.0, "target": 0, "value": 132.75752827881988, "supply": [{"l": "Fats, Animals, Raw", "v": 45.739694748701794}, {"l": "Alcohol, Non-Food", "v": 1.0047082845197062}, {"l": "Beverages, Fermented", "v": 0.55584747540778234}, {"l": "Fish, Body Oil", "v": 4.4148173248919997}, {"l": "Beer", "v": 18.17507798207923}, {"l": "Beverages, Alcoholic", "v": 13.535763925720165}, {"l": "Fish, Liver Oil", "v": 0.59430233219700002}, {"l": "Cream", "v": 2.21106815956544}, {"l": "Butter, Ghee", "v": 26.590154346684905}, {"l": "Wine", "v": 19.93609369905187}]}, {"source": 13, "prod": 10252.0, "target": 10, "value": 105.72880576370591, "supply": [{"l": "Olive Oil", "v": 17.444152056678135}, {"l": "Sesameseed Oil", "v": 0.22074086624459999}, {"l": "Soyabean Oil", "v": 25.075095380051245}, {"l": "Coconut Oil", "v": 4.8499315323933763}, {"l": "Cottonseed Oil", "v": 1.8178659573084712}, {"l": "Rape and Mustard Oil", "v": 10.188039980519999}, {"l": "Maize Germ Oil", "v": 1.8041320798837501}, {"l": "Groundnut Oil", "v": 5.2532081149556253}, {"l": "Palm Oil", "v": 11.879136151705151}, {"l": "Palmkernel Oil", "v": 2.9432115499280007}, {"l": "Oilcrops Oil, Other", "v": 11.18561889527925}, {"l": "Sunflowerseed Oil", "v": 13.067673198758303}]}, {"source": 13, "prod": 22713.0, "target": 6, "value": 87.185435402300726, "supply": [{"l": "Honey", "v": 0.679202665368}, {"l": "Sweeteners, Other", "v": 5.9859849363456874}, {"l": "Sugar", "v": 80.520247800587057}]}, {"source": 7, "prod": 62633.75, "target": 20, "value": 218.57444419727094, "supply": [{"l": "Roots, Other", "v": 0.032251666605}, {"l": "Yams", "v": 0.0034866666599999998}, {"l": "Potatoes", "v": 212.03204459458496}, {"l": "Sweet potatoes", "v": 0.58891628073594748}, {"l": "Cassava", "v": 5.9177449886849995}]}, {"source": 5, "prod": 42179.400000000001, "target": 20, "value": 48.90591350439442, "supply": [{"l": "Sugar beet", "v": 48.853081239924009}, {"l": "Sugar cane", "v": 0.052832264470410867}]}, {"source": 8, "prod": 138530.0, "target": 20, "value": 455.92336791733948, "supply": [{"l": "Pulses, Other", "v": 5.8105299888899999}, {"l": "Vegetables, Other", "v": 145.73220638801999}, {"l": "Beans", "v": 2.3935966620900002}, {"l": "Onions", "v": 13.33301330784}, {"l": "Tomatoes", "v": 46.463319911159999}, {"l": "Peas", "v": 2.07630999603}]}, {"source": 3, "prod": 463508.0, "target": 20, "value": 1547.7803408497055, "supply": [{"l": "Sorghum", "v": 13.995479973240004}, {"l": "Rice", "v": 11.635006644420002}, {"l": "Wheat", "v": 582.58364555273999}, {"l": "Oats", "v": 115.14716644650002}, {"l": "Maize", "v": 336.84337935593999}, {"l": "Barley", "v": 419.19495919848003}, {"l": "Cereals, Other", "v": 32.715393270779998}, {"l": "Rye", "v": 103.42499313558}, {"l": "Millet", "v": 0.55786666559999998}]}, {"source": 4, "prod": 18605.0, "target": 20, "value": 111.36128712614914, "supply": [{"l": "Coconuts - Incl Copra", "v": 3.1658933272800001}, {"l": "Sesame seed", "v": 0.37085454474545465}, {"l": "Groundnuts", "v": 1.0407699980100003}, {"l": "Oilcrops, Other", "v": 11.06726108995}, {"l": "Soyabeans", "v": 49.127589012819612}, {"l": "Palm kernels", "v": 0.56483999892000025}, {"l": "Sunflower seed", "v": 16.340263302090001}, {"l": "Cottonseed", "v": 1.3720033307100001}, {"l": "Olives", "v": 19.38237996294}, {"l": "Rape and Mustardseed", "v": 9.7766133146400005}]}, {"source": 21, "prod": 0, "target": 3, "value": 0.37111090477888325, "supply": "[{\"l\":'Energy for power irrigation',\"v\":0.37111090477888325}]"}, {"source": 21, "prod": 0, "target": 4, "value": 0.030073978696216436, "supply": "[{\"l\":'Energy for power irrigation',\"v\":0.030073978696216436}]"}, {"source": 21, "prod": 0, "target": 5, "value": 0.16885615023937481, "supply": "[{\"l\":'Energy for power irrigation',\"v\":0.16885615023937481}]"}, {"source": 21, "prod": 0, "target": 7, "value": 0.20059259069698368, "supply": "[{\"l\":'Energy for power irrigation',\"v\":0.20059259069698368}]"}, {"source": 21, "prod": 0, "target": 8, "value": 0.22183001647876066, "supply": "[{\"l\":'Energy for power irrigation',\"v\":0.22183001647876066}]"}, {"source": 21, "prod": 0, "target": 12, "value": 0.0047719154631250035, "supply": "[{\"l\":'Energy for power irrigation',\"v\":0.0047719154631250035}]"}, {"source": 21, "prod": 0, "target": 13, "value": 25.054000020043198, "supply": "[{\"l\":'Electricity',\"v\":25.054000020043198}]"}, {"source": 22, "prod": 0, "target": 21, "value": 51.79333312204561, "supply": [{"l": "Coal", "v": 28.072661375803008}, {"l": "Natural gas", "v": 6.6729708021256613}, {"l": "Oil", "v": 17.04770094411694}]}, {"source": 23, "prod": 0, "target": 21, "value": 5.777637072161987, "supply": [{"l": "Nuclear", "v": 1.310542842245084}, {"l": "Hydroelectric", "v": 4.3493531429029915}, {"l": "Renewable", "v": 0.11774108701391124}]}, {"source": 22, "prod": 0, "target": 3, "value": 55.757262062279587, "supply": [{"l": "Motor Gasoline", "v": 1.4333476027544805}, {"l": "Gas-Diesel oil", "v": 42.547554785721317}, {"l": "Natural gas (including LNG)", "v": 0.52006518072810215}, {"l": "Fuel oil", "v": 6.3854618004102628}, {"l": "Liquefied petroleum gas (LPG)", "v": 0.80187827866110806}, {"l": "Coal", "v": 4.0689544140043141}]}, {"source": 22, "prod": 0, "target": 4, "value": 4.5184409561326584, "supply": [{"l": "Motor Gasoline", "v": 0.11615521051636844}, {"l": "Gas-Diesel oil", "v": 3.4479564995921788}, {"l": "Natural gas (including LNG)", "v": 0.042144892441734735}, {"l": "Fuel oil", "v": 0.51746321565371922}, {"l": "Liquefied petroleum gas (LPG)", "v": 0.064982381166572192}, {"l": "Coal", "v": 0.32973875676208525}]}, {"source": 22, "prod": 0, "target": 5, "value": 25.369657691234188, "supply": [{"l": "Motor Gasoline", "v": 0.65217581870887165}, {"l": "Gas-Diesel oil", "v": 19.359216370902484}, {"l": "Natural gas (including LNG)", "v": 0.23663062216836508}, {"l": "Fuel oil", "v": 2.9053969668724662}, {"l": "Liquefied petroleum gas (LPG)", "v": 0.36485610460831674}, {"l": "Coal", "v": 1.851381807973687}]}, {"source": 22, "prod": 0, "target": 7, "value": 30.137873889497516, "supply": [{"l": "Motor Gasoline", "v": 0.7747519819638361}, {"l": "Gas-Diesel oil", "v": 22.997772720731227}, {"l": "Natural gas (including LNG)", "v": 0.28110524533279918}, {"l": "Fuel oil", "v": 3.4514650710792156}, {"l": "Liquefied petroleum gas (LPG)", "v": 0.43343065177809376}, {"l": "Coal", "v": 2.1993482186123448}]}, {"source": 22, "prod": 0, "target": 8, "value": 33.328673996943273, "supply": [{"l": "Motor Gasoline", "v": 0.85677763235835491}, {"l": "Gas-Diesel oil", "v": 25.432625820766738}, {"l": "Natural gas (including LNG)", "v": 0.31086682208835226}, {"l": "Fuel oil", "v": 3.8168835196407991}, {"l": "Liquefied petroleum gas (LPG)", "v": 0.47931944192084402}, {"l": "Coal", "v": 2.4322007601681852}]}, {"source": 22, "prod": 0, "target": 12, "value": 0.7169526348869627, "supply": [{"l": "Motor Gasoline", "v": 0.018430645668287716}, {"l": "Gas-Diesel oil", "v": 0.54709611597404795}, {"l": "Natural gas (including LNG)", "v": 0.0066872383586464284}, {"l": "Fuel oil", "v": 0.082107217848333067}, {"l": "Liquefied petroleum gas (LPG)", "v": 0.010310921366665091}, {"l": "Coal", "v": 0.052320495670982396}]}, {"source": 22, "prod": 0, "target": 1, "value": 9.8882124523550132, "supply": [{"l": "Gas-diesel oils used in fisheries", "v": 9.7023687114655974}, {"l": "Fuel oil used in fisheries", "v": 0.18584374088941572}]}, {"source": 24, "prod": 870.98461464742616, "target": 3, "value": 10.818609961339305, "supply": [{"l": "Potash", "v": 1.2330998688370873}, {"l": "Phosphate", "v": 1.8688721187123696}, {"l": "Nitrogen", "v": 25.969398281654019}]}, {"source": 24, "prod": 70.582600533514295, "target": 4, "value": 0.87671540046458529, "supply": [{"l": "Potash", "v": 1.2330998688370873}, {"l": "Phosphate", "v": 1.8688721187123696}, {"l": "Nitrogen", "v": 25.969398281654019}]}, {"source": 24, "prod": 396.29961570306921, "target": 5, "value": 4.9224876054276843, "supply": [{"l": "Potash", "v": 1.2330998688370873}, {"l": "Phosphate", "v": 1.8688721187123696}, {"l": "Nitrogen", "v": 25.969398281654019}]}, {"source": 24, "prod": 470.78395719317228, "target": 7, "value": 5.8476670233612849, "supply": [{"l": "Potash", "v": 1.2330998688370873}, {"l": "Phosphate", "v": 1.8688721187123696}, {"l": "Nitrogen", "v": 25.969398281654019}]}, {"source": 24, "prod": 520.62746993410224, "target": 8, "value": 6.4667795936395223, "supply": [{"l": "Potash", "v": 1.2330998688370873}, {"l": "Phosphate", "v": 1.8688721187123696}, {"l": "Nitrogen", "v": 25.969398281654019}]}, {"source": 24, "prod": 11.199522561204249, "target": 12, "value": 0.13911068497109488, "supply": [{"l": "Potash", "v": 1.2330998688370873}, {"l": "Phosphate", "v": 1.8688721187123696}, {"l": "Nitrogen", "v": 25.969398281654019}]}, {"source": 22, "prod": 0, "target": 24, "value": 35.454514474962629, "supply": [{"l": "Natural gas (including LNG)", "v": 23.763531079015408}, {"l": "Fuel oil", "v": 7.1003420505487354}, {"l": "Liquefied petroleum gas (LPG)", "v": 2.2953206726992423}, {"l": "Coal", "v": 2.2953206726992423}]}, {"source": 25, "prod": 0, "target": 3, "value": 8.0019635533409232, "supply": "[{\"l\":'Labor',\"v\":8.0019635533409232}]"}, {"source": 25, "prod": 0, "target": 4, "value": 0.64846081948052925, "supply": "[{\"l\":'Labor',\"v\":0.64846081948052925}]"}, {"source": 25, "prod": 0, "target": 5, "value": 3.6409082637385768, "supply": "[{\"l\":'Labor',\"v\":3.6409082637385768}]"}, {"source": 25, "prod": 0, "target": 7, "value": 4.325215398302225, "supply": "[{\"l\":'Labor',\"v\":4.325215398302225}]"}, {"source": 25, "prod": 0, "target": 8, "value": 4.7831407917201769, "supply": "[{\"l\":'Labor',\"v\":4.7831407917201769}]"}, {"source": 25, "prod": 0, "target": 12, "value": 0.10289294419494786, "supply": "[{\"l\":'Labor',\"v\":0.10289294419494786}]"}, {"source": 22, "prod": 0, "target": 16, "value": 566.04608533943758, "supply": "[{\"l\":'Fossil Fuels',\"v\":566.04608533943758}]"}, {"source": 23, "prod": 0, "target": 16, "value": 31.752721660654935, "supply": "[{\"l\":'Renewables & Nuclear',\"v\":20.134925066250336},{\"l\":'Biomass & Waste',\"v\":11.617796594404599}]"}]}