{"nodes": [{"layer": 13, "name": "Other Processed", "fill": "#9c9ede"}, {"layer": 10, "name": "Feed", "fill": "#dbdb8d"}, {"layer": 13, "name": "Animal Products", "fill": "#17becf"}, {"layer": 5, "name": "Cereals", "fill": "#e7ba52"}, {"layer": 5, "name": "Oilcrops", "fill": "#ff9896"}, {"layer": 5, "name": "Fruits, Roots & Vegetables", "fill": "#98df8a"}, {"layer": 5, "name": "Sugar Crops", "fill": "#ffbb78"}, {"layer": 13, "name": "Sugar", "fill": "#d6616b"}, {"layer": 13, "name": "Aquatic Products", "fill": "#1f77b4"}, {"layer": 13, "name": "Vegetable Oils", "fill": "#f7b6d2"}, {"layer": 16, "name": "Food", "fill": "#b5cf6b"}, {"layer": 10, "name": "Processing", "fill": "#9edae5"}, {"layer": 16, "name": "Biofuels & Other", "fill": "#e7ba52"}, {"name": "Waste", "fill": "#c7c7c7"}, {"layer": 2, "name": "Import", "fill": "#aec7e8"}, {"layer": 16, "name": "Export", "fill": "#aec7e8"}, {"layer": 0, "name": "Stock Draw", "fill": "#c7c7c7"}, {"layer": 16, "name": "Stock Deposit", "fill": "#c7c7c7"}, {"name": "Crop Residue", "fill": "#bd9e39"}, {"layer": 2, "name": "Electricity", "fill": "#bcbd22"}, {"layer": 0, "name": "Fossil Fuels", "fill": "#c49c94"}, {"layer": 0, "name": "Renewables & Nuclear", "fill": "#2ca02c"}, {"layer": 2, "name": "Fertilizers", "fill": "#c5b0d5"}, {"layer": 0, "name": "Labor", "fill": "#7f7f7f"}], "links": [{"source": 0, "prod": 788.0, "target": 1, "value": 8.9223442903286756, "supply": [{"l": "Fats, Animals, Raw", "v": 3.1161726347636756}, {"l": "Fish, Body Oil", "v": 5.8015227666850002}, {"l": "Fish, Liver Oil", "v": 0.0046488888800000003}]}, {"source": 2, "prod": 39703.0, "target": 1, "value": 22.596825886762403, "supply": [{"l": "Eggs", "v": 0.016434323075467494}, {"l": "Milk - Excluding Butter", "v": 22.561429448833483}, {"l": "Meat, Other", "v": 0.0039797031173906252}, {"l": "Offals, Edible", "v": 0.014982411736058823}]}, {"source": 3, "prod": 151298.0, "target": 1, "value": 444.44650629146656, "supply": [{"l": "Maize", "v": 180.71341862593911}, {"l": "Rye", "v": 21.169838026986938}, {"l": "Barley", "v": 127.2171747888537}, {"l": "Rice", "v": 0.54145620644770398}, {"l": "Cereals, Other", "v": 11.568121992065617}, {"l": "Wheat", "v": 72.460868427365128}, {"l": "Oats", "v": 25.831419973864953}, {"l": "Sorghum", "v": 4.6650997197046502}, {"l": "Millet", "v": 0.27910853023873977}]}, {"source": 4, "prod": 311.0, "target": 1, "value": 0.83665617900945577, "supply": [{"l": "Sunflower seed", "v": 0.17687569410625004}, {"l": "Cottonseed", "v": 0.018192928536642859}, {"l": "Oilcrops, Other", "v": 0.078836023658785725}, {"l": "Soyabeans", "v": 0.32927561648752701}, {"l": "Rape and Mustardseed", "v": 0.23347591622025007}]}, {"source": 5, "prod": 45389.0, "target": 1, "value": 47.218716304513578, "supply": [{"l": "Roots, Other", "v": 0.016232579745480313}, {"l": "Fruits, Other", "v": 0.037154890936003319}, {"l": "Tomatoes", "v": 0.0075716234372155237}, {"l": "Vegetables, Other", "v": 0.53396607384740269}, {"l": "Peas", "v": 1.4799909930549631}, {"l": "Potatoes", "v": 20.866434181410774}, {"l": "Beans", "v": 0.31439654627385938}, {"l": "Apples", "v": 0.08326324154483275}, {"l": "Bananas", "v": 0.00073698205877604172}, {"l": "Sweet potatoes", "v": 0.61359786246313641}, {"l": "Pulses, Other", "v": 3.3750502816125927}, {"l": "Cassava", "v": 19.890321048128541}]}, {"source": 6, "prod": 530.0, "target": 1, "value": 0.61597777660000008, "supply": [{"l": "Sugar beet", "v": 0.61597777660000008}]}, {"source": 7, "prod": 156.0, "target": 1, "value": 0.58335962258829333, "supply": [{"l": "Sugar", "v": 0.53581543601253334}, {"l": "Sweeteners, Other", "v": 0.047544186575760004}]}, {"source": 8, "prod": 12299.0, "target": 1, "value": 12.43624119288328, "supply": [{"l": "Marine Fish, Other", "v": 0.069260798113184224}, {"l": "Demersal Fish", "v": 0.12137697332081589}, {"l": "Freshwater Fish", "v": 0.0424501665855}, {"l": "Fish, Seafood", "v": 4.6457356398834095}, {"l": "Cephalopods", "v": 0.0071949434890677963}, {"l": "Pelagic Fish", "v": 7.5502226714913014}]}, {"source": 9, "prod": 120.0, "target": 1, "value": 1.2463105836028687, "supply": [{"l": "Soyabean Oil", "v": 0.42122758385771403}, {"l": "Rape and Mustard Oil", "v": 0.82508299974515475}]}, {"source": 0, "prod": 59926.0, "target": 10, "value": 85.824368064323707, "supply": [{"l": "Beverages, Alcoholic", "v": 8.1201550273660477}, {"l": "Butter, Ghee", "v": 20.123144519992582}, {"l": "Fats, Animals, Raw", "v": 21.404939836117332}, {"l": "Wine", "v": 13.846498594020353}, {"l": "Fish, Body Oil", "v": 0.169800666342}, {"l": "Cream", "v": 2.9580447115854622}, {"l": "Beer", "v": 18.461427156863007}, {"l": "Beverages, Fermented", "v": 0.7391953298169085}, {"l": "Fish, Liver Oil", "v": 0.0011622222200000001}]}, {"source": 2, "prod": 141141.0, "target": 10, "value": 139.92435049067132, "supply": [{"l": "Eggs", "v": 9.7849959591333473}, {"l": "Pigmeat", "v": 42.269554806046308}, {"l": "Offals, Edible", "v": 2.7667520339255294}, {"l": "Milk - Excluding Butter", "v": 55.750237202992274}, {"l": "Meat, Other", "v": 1.6648424707750784}, {"l": "Mutton & Goat Meat", "v": 3.5020696062246204}, {"l": "Bovine Meat", "v": 15.139536365840886}, {"l": "Poultry Meat", "v": 9.046362045733245}]}, {"source": 3, "prod": 54392.0, "target": 10, "value": 168.54186180741789, "supply": [{"l": "Maize", "v": 6.4650456407916899}, {"l": "Barley", "v": 1.4766369058185775}, {"l": "Cereals, Other", "v": 0.74061992766191498}, {"l": "Rye", "v": 12.179363899454609}, {"l": "Rice", "v": 6.4671529298113777}, {"l": "Wheat", "v": 139.92538745078622}, {"l": "Oats", "v": 1.2876550530935}]}, {"source": 4, "prod": 897.0, "target": 10, "value": 2.2303542341259353, "supply": [{"l": "Coconuts - Incl Copra", "v": 0.36992288024507153}, {"l": "Sesame seed", "v": 0.050940199902600007}, {"l": "Olives", "v": 0.36821942251692136}, {"l": "Groundnuts", "v": 1.3024072386444894}, {"l": "Oilcrops, Other", "v": 0.060643095122142866}, {"l": "Soyabeans", "v": 0.016062225194513512}, {"l": "Rape and Mustardseed", "v": 0.062159172500196432}]}, {"source": 5, "prod": 127741.0, "target": 10, "value": 77.632647524181223, "supply": [{"l": "Vegetables, Other", "v": 9.2306080096183205}, {"l": "Nuts", "v": 3.6938603973087543}, {"l": "Infant food", "v": 0.18799359487864289}, {"l": "Tomatoes", "v": 2.2155411468785648}, {"l": "Cloves", "v": 0.0047166851761666672}, {"l": "Pepper", "v": 0.18866740704666671}, {"l": "Treenuts", "v": 3.6938603973087543}, {"l": "Roots, Other", "v": 0.0027054299575800518}, {"l": "Peas", "v": 1.4757983840094815}, {"l": "Grapes", "v": 2.5827157427252803}, {"l": "Pimento", "v": 0.18306634339996875}, {"l": "Pulses, Other", "v": 1.4841836021004446}, {"l": "Pineapples", "v": 0.18376453692933556}, {"l": "Citrus, Other", "v": 0.028958187158461164}, {"l": "Tea", "v": 0.18571947881156251}, {"l": "Grapefruit", "v": 0.18478307807805883}, {"l": "Fruits, Other", "v": 5.9081906117174974}, {"l": "Yams", "v": 0.0040581449363700783}, {"l": "Coffee", "v": 0.92352238927534502}, {"l": "Dates", "v": 0.061745696851636368}, {"l": "Cocoa Beans", "v": 2.2110214425809365}, {"l": "Potatoes", "v": 29.5360830080295}, {"l": "Beans", "v": 2.2087352301517971}, {"l": "Apples", "v": 4.9844871388999259}, {"l": "Lemons, Limes", "v": 0.18464226593768235}, {"l": "Bananas", "v": 1.8468770392927607}, {"l": "Spices, Other", "v": 0.17923403669433335}, {"l": "Sweet potatoes", "v": 0.18137798450168183}, {"l": "Oranges, Mandarines", "v": 2.399858373364947}, {"l": "Onions", "v": 1.4758717405607484}]}, {"source": 6, "prod": 39.0, "target": 10, "value": 0.045326666580000001, "supply": [{"l": "Sugar beet", "v": 0.045326666580000001}]}, {"source": 7, "prod": 16744.0, "target": 10, "value": 63.016423292843029, "supply": [{"l": "Sugar", "v": 60.788638550435991}, {"l": "Sweeteners, Other", "v": 1.48066181050224}, {"l": "Honey", "v": 0.74712293190479995}]}, {"source": 8, "prod": 14462.0, "target": 10, "value": 10.998656072478102, "supply": [{"l": "Crustaceans", "v": 0.18535171746738122}, {"l": "Marine Fish, Other", "v": 0.36939092327031581}, {"l": "Fish, Seafood", "v": 5.461572142497082}, {"l": "Aquatic Animals, Others", "v": 0.00073211705678233731}, {"l": "Demersal Fish", "v": 1.8454383797049703}, {"l": "Freshwater Fish", "v": 0.36790144374100003}, {"l": "Cephalopods", "v": 0.18491004766904237}, {"l": "Pelagic Fish", "v": 2.3987347670330057}, {"l": "Molluscs, Other", "v": 0.18462453403852383}]}, {"source": 9, "prod": 6104.0, "target": 10, "value": 62.441397455749922, "supply": [{"l": "Sunflowerseed Oil", "v": 12.719910405748879}, {"l": "Rape and Mustard Oil", "v": 5.7129164665898688}, {"l": "Sesameseed Oil", "v": 0.092618545277454556}, {"l": "Palmkernel Oil", "v": 0.90843356492970007}, {"l": "Oilcrops Oil, Other", "v": 2.2041432650163464}, {"l": "Maize Germ Oil", "v": 1.8359697048228751}, {"l": "Groundnut Oil", "v": 3.3243442144229221}, {"l": "Soyabean Oil", "v": 16.808007980273668}, {"l": "Palm Oil", "v": 4.0780460033136992}, {"l": "Coconut Oil", "v": 1.8678073297619999}, {"l": "Olive Oil", "v": 12.532618576274306}, {"l": "Cottonseed Oil", "v": 0.35658139931820004}]}, {"source": 0, "prod": 3948.0, "target": 11, "value": 4.057287379413081, "supply": [{"l": "Fats, Animals, Raw", "v": 1.0081734994823657}, {"l": "Wine", "v": 3.0491138799307151}]}, {"source": 2, "prod": 135.0, "target": 11, "value": 0.21078582371183371, "supply": [{"l": "Poultry Meat", "v": 0.031768161030166914}, {"l": "Pigmeat", "v": 0.0025262703087524691}, {"l": "Meat, Other", "v": 0.001326567705796875}, {"l": "Bovine Meat", "v": 0.17459621159567149}, {"l": "Milk - Excluding Butter", "v": 0.00056861307144597721}]}, {"source": 3, "prod": 10493.0, "target": 11, "value": 29.13668227801077, "supply": [{"l": "Maize", "v": 8.3557033980625519}, {"l": "Oats", "v": 0.029945466351011633}, {"l": "Rye", "v": 0.79874676887537122}, {"l": "Barley", "v": 17.430352845684709}, {"l": "Rice", "v": 0.17759763571484694}, {"l": "Cereals, Other", "v": 0.27095851012021277}, {"l": "Wheat", "v": 2.0733776532020669}]}, {"source": 4, "prod": 33178.0, "target": 11, "value": 99.605109692980591, "supply": [{"l": "Olives", "v": 6.9580115747109437}, {"l": "Soyabeans", "v": 64.730767533889448}, {"l": "Oilcrops, Other", "v": 5.3608496087974302}, {"l": "Sunflower seed", "v": 14.079305250857502}, {"l": "Coconuts - Incl Copra", "v": 1.6889101991516791}, {"l": "Sesame seed", "v": 0.18678073297620001}, {"l": "Cottonseed", "v": 0.4320820527452679}, {"l": "Rape and Mustardseed", "v": 4.7756437408687509}, {"l": "Groundnuts", "v": 1.1759599339217235}, {"l": "Palm kernels", "v": 0.21679906506166075}]}, {"source": 5, "prod": 40633.0, "target": 11, "value": 31.376431099663296, "supply": [{"l": "Potatoes", "v": 2.1996110992897879}, {"l": "Nuts", "v": 0.0027836174810163938}, {"l": "Treenuts", "v": 0.0027836174810163938}, {"l": "Fruits, Other", "v": 0.57421195082914223}, {"l": "Cocoa Beans", "v": 0.043353361619234046}, {"l": "Grapes", "v": 27.418840308944638}, {"l": "Apples", "v": 1.1348471440184611}]}, {"source": 6, "prod": 122659.0, "target": 11, "value": 142.4991315077549, "supply": [{"l": "Sugar beet", "v": 142.47798417202}, {"l": "Sugar cane", "v": 0.021147335734901102}]}, {"source": 7, "prod": 22.0, "target": 11, "value": 0.083013659100533321, "supply": [{"l": "Sugar", "v": 0.056600222113999996}, {"l": "Honey", "v": 0.026413436986533333}]}, {"source": 9, "prod": 67.0, "target": 11, "value": 0.65634488336042307, "supply": [{"l": "Oilcrops Oil, Other", "v": 0.65634488336042307}]}, {"source": 0, "prod": 4562.0, "target": 12, "value": 22.310140731756444, "supply": [{"l": "Alcohol, Non-Food", "v": 1.0256331389353499}, {"l": "Beer", "v": 0.04990801148328658}, {"l": "Beverages, Alcoholic", "v": 2.5029991606553277}, {"l": "Butter, Ghee", "v": 0.35142289806224047}, {"l": "Fats, Animals, Raw", "v": 14.606017723905676}, {"l": "Wine", "v": 0.15058336119856419}, {"l": "Fish, Body Oil", "v": 3.6224142152960002}, {"l": "Fish, Liver Oil", "v": 0.0011622222200000001}]}, {"source": 2, "prod": 5137.0, "target": 12, "value": 3.4511601472458202, "supply": [{"l": "Mutton & Goat Meat", "v": 0.044662553117643319}, {"l": "Eggs", "v": 0.047659536918855744}, {"l": "Pigmeat", "v": 0.32083632921156358}, {"l": "Milk - Excluding Butter", "v": 2.6571288828670516}, {"l": "Bovine Meat", "v": 0.023594082648063716}, {"l": "Poultry Meat", "v": 0.072612939497524384}, {"l": "Offals, Edible", "v": 0.28466582298511767}]}, {"source": 3, "prod": 4359.0, "target": 12, "value": 14.425012493847198, "supply": [{"l": "Maize", "v": 11.899431831602094}, {"l": "Rye", "v": 0.030486517896006527}, {"l": "Barley", "v": 0.047795743118488894}, {"l": "Rice", "v": 0.25123567979173467}, {"l": "Wheat", "v": 2.1960627214388753}]}, {"source": 4, "prod": 93.0, "target": 12, "value": 0.42753382061110717, "supply": [{"l": "Coconuts - Incl Copra", "v": 0.0015160773780535715}, {"l": "Oilcrops, Other", "v": 0.38205149926949999}, {"l": "Cottonseed", "v": 0.042450166585500007}, {"l": "Palm kernels", "v": 0.0015160773780535715}]}, {"source": 5, "prod": 4368.0, "target": 12, "value": 3.4176136719191796, "supply": [{"l": "Roots, Other", "v": 0.0013527149787900259}, {"l": "Nuts", "v": 0.041754262215245905}, {"l": "Citrus, Other", "v": 0.0080439408773503238}, {"l": "Tomatoes", "v": 0.0071509776907035501}, {"l": "Coffee", "v": 0.00051392453493341399}, {"l": "Treenuts", "v": 0.041754262215245905}, {"l": "Vegetables, Other", "v": 0.014173678325709513}, {"l": "Grapes", "v": 0.15631182836156074}, {"l": "Potatoes", "v": 3.0282476615619189}, {"l": "Apples", "v": 0.0061676475218394632}, {"l": "Lemons, Limes", "v": 0.0014362838318402258}, {"l": "Fruits, Other", "v": 0.013510869431273935}, {"l": "Oranges, Mandarines", "v": 0.01187529976632342}, {"l": "Cassava", "v": 0.067635748939501292}, {"l": "Onions", "v": 0.00091413548501749671}, {"l": "Pulses, Other", "v": 0.016770436181925929}]}, {"source": 6, "prod": 3012.0, "target": 12, "value": 3.2418388021042639, "supply": [{"l": "Sugar beet", "v": 3.1472977717600004}, {"l": "Sugar cane", "v": 0.094541030344263741}]}, {"source": 7, "prod": 1634.0, "target": 12, "value": 5.7279424779368, "supply": [{"l": "Sugar", "v": 1.7885670188023997}, {"l": "Sweeteners, Other", "v": 3.9393754591344003}]}, {"source": 8, "prod": 690.0, "target": 12, "value": 0.48921102365959079, "supply": [{"l": "Aquatic Products, Other", "v": 0.094443100324921508}, {"l": "Marine Fish, Other", "v": 0.11766888281594738}, {"l": "Pelagic Fish", "v": 0.007809228758653303}, {"l": "Fish, Seafood", "v": 0.1631673005227344}, {"l": "Molluscs, Other", "v": 0.0116794109124127}, {"l": "Aquatic Plants", "v": 0.094443100324921508}]}, {"source": 9, "prod": 2180.0, "target": 12, "value": 22.028599977893048, "supply": [{"l": "Groundnut Oil", "v": 0.69463908958090914}, {"l": "Soyabean Oil", "v": 2.0547687017449467}, {"l": "Palm Oil", "v": 4.0054090516007328}, {"l": "Sunflowerseed Oil", "v": 1.1368035869872186}, {"l": "Olive Oil", "v": 1.366260877577445}, {"l": "Coconut Oil", "v": 3.4809136600110002}, {"l": "Rape and Mustard Oil", "v": 2.7781275687621667}, {"l": "Oilcrops Oil, Other", "v": 5.1332047594158476}, {"l": "Sesameseed Oil", "v": 0.011577318159681819}, {"l": "Cottonseed Oil", "v": 0.12735049975650001}, {"l": "Palmkernel Oil", "v": 1.2395448642966}]}, {"source": 5, "prod": 11116.0, "target": 5, "value": 9.3636995089830286, "supply": [{"l": "Vegetables, Other", "v": 0.0032708488443945033}, {"l": "Potatoes", "v": 8.4438686397074978}, {"l": "Peas", "v": 0.31025306936562969}, {"l": "Beans", "v": 0.18704604651735937}, {"l": "Pulses, Other", "v": 0.41926090454814818}]}, {"source": 2, "prod": 371.0, "target": 2, "value": 0.60971338609984405, "supply": [{"l": "Eggs", "v": 0.60971338609984405}]}, {"source": 3, "prod": 9905.0, "target": 3, "value": 28.317875621052224, "supply": [{"l": "Maize", "v": 1.686533645423919}, {"l": "Wheat", "v": 12.99234872627804}, {"l": "Oats", "v": 2.0247742248107095}, {"l": "Rye", "v": 2.8565867268558116}, {"l": "Millet", "v": 0.0030671267059202171}, {"l": "Barley", "v": 7.7278169926314657}, {"l": "Rice", "v": 0.19492423432117345}, {"l": "Sorghum", "v": 0.015335633529601086}, {"l": "Cereals, Other", "v": 0.81648831049557458}]}, {"source": 4, "prod": 178.0, "target": 4, "value": 0.54030940282516915, "supply": [{"l": "Sunflower seed", "v": 0.074287791524625002}, {"l": "Soyabeans", "v": 0.24896449051495945}, {"l": "Cottonseed", "v": 0.030321547561071433}, {"l": "Groundnuts", "v": 0.0063223652361382989}, {"l": "Rape and Mustardseed", "v": 0.089448565305160738}, {"l": "Oilcrops, Other", "v": 0.090964642683214303}]}, {"source": 0, "prod": 234.0, "target": 13, "value": 0.30948303768450369, "supply": [{"l": "Beer", "v": 0.020416913788617236}, {"l": "Fats, Animals, Raw", "v": 0.12498018588624366}, {"l": "Wine", "v": 0.13544535134262387}, {"l": "Beverages, Fermented", "v": 0.0005356487897223974}, {"l": "Cream", "v": 0.028104937877296555}]}, {"source": 2, "prod": 2239.0, "target": 13, "value": 1.5529022757237068, "supply": [{"l": "Pigmeat", "v": 0.12378724512887099}, {"l": "Eggs", "v": 0.15776950152448793}, {"l": "Mutton & Goat Meat", "v": 0.015763254041521173}, {"l": "Milk - Excluding Butter", "v": 1.1451867258921982}, {"l": "Meat, Other", "v": 0.001326567705796875}, {"l": "Bovine Meat", "v": 0.081792819846620887}, {"l": "Poultry Meat", "v": 0.0060510782914603659}, {"l": "Offals, Edible", "v": 0.02122508329275}]}, {"source": 3, "prod": 7132.0, "target": 13, "value": 21.484477672477677, "supply": [{"l": "Maize", "v": 8.7003719803614867}, {"l": "Rye", "v": 1.6340773592259499}, {"l": "Barley", "v": 4.0525759033624}, {"l": "Rice", "v": 0.034653197212653059}, {"l": "Cereals, Other", "v": 0.33237577241412763}, {"l": "Wheat", "v": 5.8735476418372166}, {"l": "Oats", "v": 0.8384730578283256}, {"l": "Sorghum", "v": 0.018402760235521301}]}, {"source": 4, "prod": 99.0, "target": 13, "value": 0.28306588245221831, "supply": [{"l": "Olives", "v": 0.012401172260932585}, {"l": "Sunflower seed", "v": 0.13796304140287499}, {"l": "Coconuts - Incl Copra", "v": 0.0075803868902678583}, {"l": "Cottonseed", "v": 0.012128619024428572}, {"l": "Oilcrops, Other", "v": 0.042450166585500007}, {"l": "Soyabeans", "v": 0.032124450389027025}, {"l": "Groundnuts", "v": 0.012644730472276598}, {"l": "Rape and Mustardseed", "v": 0.025773315426910717}]}, {"source": 5, "prod": 17624.0, "target": 13, "value": 9.656544204792203, "supply": [{"l": "Nuts", "v": 0.05288873213931148}, {"l": "Grapefruit", "v": 0.008046110006401961}, {"l": "Tomatoes", "v": 0.28688039912116597}, {"l": "Coffee", "v": 0.0077088680240012097}, {"l": "Treenuts", "v": 0.05288873213931148}, {"l": "Vegetables, Other", "v": 1.3710308072753628}, {"l": "Peas", "v": 0.046118699500296297}, {"l": "Grapes", "v": 0.17535489374571028}, {"l": "Pimento", "v": 0.014592244763765624}, {"l": "Dates", "v": 0.0057886590798409097}, {"l": "Potatoes", "v": 5.4326902706268401}, {"l": "Beans", "v": 0.099492577934765639}, {"l": "Apples", "v": 0.53709930502685321}, {"l": "Lemons, Limes", "v": 0.018671689813922934}, {"l": "Pineapples", "v": 0.0061441030584276322}, {"l": "Bananas", "v": 0.13044582440335939}, {"l": "Fruits, Other", "v": 0.72395742035909505}, {"l": "Sweet potatoes", "v": 0.023154636319363639}, {"l": "Oranges, Mandarines", "v": 0.28430864734668421}, {"l": "Onions", "v": 0.16545852278816692}, {"l": "Pulses, Other", "v": 0.21382306131955556}]}, {"source": 6, "prod": 489.0, "target": 13, "value": 0.56832666558000011, "supply": [{"l": "Sugar beet", "v": 0.56832666558000011}]}, {"source": 7, "prod": 25.0, "target": 13, "value": 0.094333703523333326, "supply": [{"l": "Sugar", "v": 0.094333703523333326}]}, {"source": 9, "prod": 6.0, "target": 13, "value": 0.062260244325399998, "supply": [{"l": "Palm Oil", "v": 0.062260244325399998}]}, {"source": 14, "prod": 45197.0, "target": 1, "value": 40.009001989263126, "supply": [{"l": "Crustaceans", "v": 0.17526454916983666}, {"l": "Eggs", "v": 0.78884750762243971}, {"l": "Aquatic Products, Other", "v": 0.0058569364542586985}, {"l": "Marine Fish, Other", "v": 0.30608804327439476}, {"l": "Pigmeat", "v": 4.5776017994594733}, {"l": "Fish, Seafood", "v": 7.3599028194120422}, {"l": "Offals, Edible", "v": 0.48443131279923535}, {"l": "Demersal Fish", "v": 0.90047733610259739}, {"l": "Aquatic Plants", "v": 0.0058569364542586985}, {"l": "Freshwater Fish", "v": 0.13756998430486111}, {"l": "Milk - Excluding Butter", "v": 11.479729299422834}, {"l": "Meat, Other", "v": 0.3701123899173282}, {"l": "Cephalopods", "v": 0.08561982751990678}, {"l": "Mutton & Goat Meat", "v": 0.80129874711065963}, {"l": "Pelagic Fish", "v": 8.9571853861753379}, {"l": "Bovine Meat", "v": 2.8548840004157099}, {"l": "Molluscs, Other", "v": 0.072322506034555561}, {"l": "Poultry Meat", "v": 0.64595260761339401}]}, {"source": 14, "prod": 17160.0, "target": 11, "value": 100.61785797697677, "supply": [{"l": "Sugar", "v": 14.112322047090668}, {"l": "Beverages, Alcoholic", "v": 1.7819705958574965}, {"l": "Butter, Ghee", "v": 5.4805237673992266}, {"l": "Fats, Animals, Raw", "v": 12.947947257814844}, {"l": "Sunflowerseed Oil", "v": 4.7110779280551398}, {"l": "Rape and Mustard Oil", "v": 2.6632425941141076}, {"l": "Sesameseed Oil", "v": 0.011577318159681819}, {"l": "Wine", "v": 2.2898231750511822}, {"l": "Sweeteners, Other", "v": 2.2447648090412402}, {"l": "Fish, Body Oil", "v": 8.9994353161260001}, {"l": "Honey", "v": 0.49053525832133332}, {"l": "Palmkernel Oil", "v": 2.1649584958605002}, {"l": "Cream", "v": 0.096025204414096552}, {"l": "Alcohol, Non-Food", "v": 0.11865702538214819}, {"l": "Oilcrops Oil, Other", "v": 6.2499706803574622}, {"l": "Maize Germ Oil", "v": 1.029416539698375}, {"l": "Beer", "v": 0.61761164210567143}, {"l": "Groundnut Oil", "v": 4.2571452775744287}, {"l": "Soyabean Oil", "v": 8.3423609290844851}, {"l": "Palm Oil", "v": 15.066979126746801}, {"l": "Coconut Oil", "v": 4.5952305328803753}, {"l": "Olive Oil", "v": 2.1161634645184488}, {"l": "Beverages, Fermented", "v": 0.0085703806355583584}, {"l": "Cottonseed Oil", "v": 0.21225083292749999}, {"l": "Fish, Liver Oil", "v": 0.0092977777600000006}]}, {"source": 14, "prod": 60871.0, "target": 3, "value": 192.80068154784152, "supply": [{"l": "Maize", "v": 105.51208804337617}, {"l": "Barley", "v": 18.645370947065246}, {"l": "Cereals, Other", "v": 1.1452513027747662}, {"l": "Sorghum", "v": 3.6713506669864997}, {"l": "Rye", "v": 1.7773639933371808}, {"l": "Rice", "v": 5.8130738324225515}, {"l": "Wheat", "v": 54.512042944320022}, {"l": "Oats", "v": 1.4235614003788606}, {"l": "Millet", "v": 0.3005784171801813}]}, {"source": 14, "prod": 52677.0, "target": 5, "value": 51.926224040742312, "supply": [{"l": "Roots, Other", "v": 0.0040581449363700783}, {"l": "Nuts", "v": 1.9234796793823281}, {"l": "Infant food", "v": 0.41540520158667865}, {"l": "Tomatoes", "v": 0.44357093969687611}, {"l": "Pepper", "v": 0.19810077739900003}, {"l": "Treenuts", "v": 1.9206960619013116}, {"l": "Vegetables, Other", "v": 1.241287136447714}, {"l": "Peas", "v": 1.7860514533751113}, {"l": "Grapes", "v": 1.4091868384270654}, {"l": "Pimento", "v": 0.041123598879703127}, {"l": "Pulses, Other", "v": 1.2829383679173336}, {"l": "Pineapples", "v": 0.20219684610461844}, {"l": "Citrus, Other", "v": 0.013406568128917207}, {"l": "Tea", "v": 0.21291411678039845}, {"l": "Grapefruit", "v": 0.21141847671994118}, {"l": "Fruits, Other", "v": 1.7654202723531274}, {"l": "Coffee", "v": 1.0761579761505689}, {"l": "Cloves", "v": 0.0094333703523333343}, {"l": "Dates", "v": 0.073323015011318188}, {"l": "Cocoa Beans", "v": 3.8548364039768939}, {"l": "Potatoes", "v": 3.8087798541141327}, {"l": "Beans", "v": 1.2138094508041406}, {"l": "Apples", "v": 1.7377346892782686}, {"l": "Lemons, Limes", "v": 0.10245491333793609}, {"l": "Bananas", "v": 1.6294673319538282}, {"l": "Spices, Other", "v": 0.23111757363216673}, {"l": "Sweet potatoes", "v": 0.69077998352768188}, {"l": "Oranges, Mandarines", "v": 1.6876896609080814}, {"l": "Cassava", "v": 22.319797150035427}, {"l": "Onions", "v": 0.41958818762303096}]}, {"source": 14, "prod": 21510.0, "target": 4, "value": 81.23370468803401, "supply": [{"l": "Sunflower seed", "v": 5.8368979055062509}, {"l": "Coconuts - Incl Copra", "v": 2.0770260079333931}, {"l": "Sesame seed", "v": 0.2377209328788}, {"l": "Cottonseed", "v": 0.046998398719660724}, {"l": "Olives", "v": 0.1020711870707528}, {"l": "Groundnuts", "v": 2.5036566335107664}, {"l": "Oilcrops, Other", "v": 3.5900712312308576}, {"l": "Soyabeans", "v": 65.156416501544058}, {"l": "Rape and Mustardseed", "v": 1.461498592443643}, {"l": "Palm kernels", "v": 0.22134729719582147}]}, {"source": 14, "prod": 111.0, "target": 6, "value": 0.12900666642, "supply": [{"l": "Sugar beet", "v": 0.12900666642}]}, {"source": 0, "prod": 9383.0, "target": 15, "value": 28.947018641237381, "supply": [{"l": "Beverages, Alcoholic", "v": 3.7115803740307394}, {"l": "Butter, Ghee", "v": 9.3629100698011243}, {"l": "Fats, Animals, Raw", "v": 9.4901621149621018}, {"l": "Wine", "v": 3.3383295419152592}, {"l": "Fish, Body Oil", "v": 1.9810077739900001}, {"l": "Cream", "v": 0.096025204414096552}, {"l": "Alcohol, Non-Food", "v": 0.098198917557639862}, {"l": "Beer", "v": 0.8404962842980761}, {"l": "Beverages, Fermented", "v": 0.022497249168340692}, {"l": "Fish, Liver Oil", "v": 0.0058111111000000003}]}, {"source": 2, "prod": 42307.0, "target": 15, "value": 32.544495821740618, "supply": [{"l": "Eggs", "v": 1.1175339691317896}, {"l": "Pigmeat", "v": 5.7068446274718276}, {"l": "Offals, Edible", "v": 0.25969513675835293}, {"l": "Milk - Excluding Butter", "v": 20.472345024340964}, {"l": "Meat, Other", "v": 0.17245380175359376}, {"l": "Mutton & Goat Meat", "v": 0.26797531870585994}, {"l": "Bovine Meat", "v": 3.249691650059976}, {"l": "Poultry Meat", "v": 1.2979562935182483}]}, {"source": 3, "prod": 43177.0, "target": 15, "value": 129.36238115524955, "supply": [{"l": "Maize", "v": 24.317539685110354}, {"l": "Barley", "v": 26.363125677987554}, {"l": "Cereals, Other", "v": 0.339601332684}, {"l": "Sorghum", "v": 0.69010350883204896}, {"l": "Rye", "v": 1.5883475823819404}, {"l": "Rice", "v": 4.0154392270161727}, {"l": "Wheat", "v": 70.390557900868984}, {"l": "Oats", "v": 1.5963237062500817}, {"l": "Millet", "v": 0.061342534118404346}]}, {"source": 4, "prod": 1516.0, "target": 15, "value": 3.9832621124069303, "supply": [{"l": "Sunflower seed", "v": 0.68627769313225007}, {"l": "Coconuts - Incl Copra", "v": 0.050030553475767868}, {"l": "Sesame seed", "v": 0.0084900333171}, {"l": "Olives", "v": 0.15835343040883146}, {"l": "Groundnuts", "v": 0.11380257425048938}, {"l": "Oilcrops, Other", "v": 0.53365923707485718}, {"l": "Soyabeans", "v": 1.4335535986103309}, {"l": "Rape and Mustardseed", "v": 0.9945467600031429}, {"l": "Palm kernels", "v": 0.0045482321341607148}]}, {"source": 5, "prod": 30042.0, "target": 15, "value": 21.45164827093031, "supply": [{"l": "Roots, Other", "v": 0.0027054299575800518}, {"l": "Nuts", "v": 0.89910844636829523}, {"l": "Infant food", "v": 0.52456277280653585}, {"l": "Tomatoes", "v": 0.76599590439830378}, {"l": "Pepper", "v": 0.0094333703523333343}, {"l": "Treenuts", "v": 0.89910844636829523}, {"l": "Vegetables, Other", "v": 1.3527685678941601}, {"l": "Peas", "v": 1.3332496764631114}, {"l": "Grapes", "v": 0.92517559324659815}, {"l": "Pimento", "v": 0.033164192644921875}, {"l": "Pulses, Other", "v": 0.6288913568222223}, {"l": "Pineapples", "v": 0.013405315763842109}, {"l": "Citrus, Other", "v": 0.0048263645264101937}, {"l": "Tea", "v": 0.028521205674632816}, {"l": "Grapefruit", "v": 0.036346221063401962}, {"l": "Fruits, Other", "v": 1.6759107623709375}, {"l": "Coffee", "v": 0.12950898280322035}, {"l": "Dates", "v": 0.023154636319363639}, {"l": "Cocoa Beans", "v": 1.6510405216658297}, {"l": "Potatoes", "v": 4.6723308782797535}, {"l": "Beans", "v": 0.27061981198256252}, {"l": "Apples", "v": 1.6626949777625553}, {"l": "Lemons, Limes", "v": 0.096231016733295108}, {"l": "Bananas", "v": 0.030953246468593751}, {"l": "Spices, Other", "v": 0.10376707387566668}, {"l": "Sweet potatoes", "v": 0.081041227117772743}, {"l": "Oranges, Mandarines", "v": 0.8431462834089628}, {"l": "Cassava", "v": 2.3631930679461752}, {"l": "Onions", "v": 0.39079291984497982}]}, {"source": 6, "prod": 113.0, "target": 15, "value": 0.13133111086000002, "supply": [{"l": "Sugar beet", "v": 0.13133111086000002}]}, {"source": 7, "prod": 6804.0, "target": 15, "value": 25.343315453764639, "supply": [{"l": "Sugar", "v": 22.228793898238266}, {"l": "Sweeteners, Other", "v": 2.9749076743118401}, {"l": "Honey", "v": 0.13961388121453333}]}, {"source": 8, "prod": 9075.0, "target": 15, "value": 7.6670763253719398, "supply": [{"l": "Crustaceans", "v": 0.055059126957430704}, {"l": "Aquatic Products, Other", "v": 0.0021963511703470117}, {"l": "Marine Fish, Other", "v": 0.044684385879473688}, {"l": "Fish, Seafood", "v": 3.4242470984701625}, {"l": "Demersal Fish", "v": 1.1819956564226048}, {"l": "Aquatic Plants", "v": 0.0021963511703470117}, {"l": "Freshwater Fish", "v": 0.052669651133861121}, {"l": "Cephalopods", "v": 0.039572189189872889}, {"l": "Pelagic Fish", "v": 2.8204331200002843}, {"l": "Molluscs, Other", "v": 0.044022394977555557}]}, {"source": 9, "prod": 4075.0, "target": 15, "value": 41.730350163846055, "supply": [{"l": "Sunflowerseed Oil", "v": 5.8069156200157916}, {"l": "Rape and Mustard Oil", "v": 5.462258340085012}, {"l": "Sesameseed Oil", "v": 0.011577318159681819}, {"l": "Palmkernel Oil", "v": 0.59430233219700002}, {"l": "Oilcrops Oil, Other", "v": 3.2523358399352311}, {"l": "Maize Germ Oil", "v": 0.77471554018537503}, {"l": "Groundnut Oil", "v": 0.84349032306253269}, {"l": "Soyabean Oil", "v": 15.266931453964956}, {"l": "Palm Oil", "v": 6.7344830945307663}, {"l": "Coconut Oil", "v": 0.95512874817375004}, {"l": "Olive Oil", "v": 1.9518012536820641}, {"l": "Cottonseed Oil", "v": 0.076410299853900007}]}, {"source": 16, "prod": 233.0, "target": 5, "value": 0.18493913098259707, "supply": [{"l": "Nuts", "v": 0.016701704886098363}, {"l": "Coffee", "v": 0.014903811513069007}, {"l": "Treenuts", "v": 0.016701704886098363}, {"l": "Grapes", "v": 0.0031738442306915885}, {"l": "Pimento", "v": 0.01326567705796875}, {"l": "Grapefruit", "v": 0.0019421644843039215}, {"l": "Fruits, Other", "v": 0.050102807474307502}, {"l": "Sweet potatoes", "v": 0.048238825665340906}, {"l": "Oranges, Mandarines", "v": 0.019908590784718672}]}, {"source": 16, "prod": 573.0, "target": 4, "value": 1.3832348385027196, "supply": [{"l": "Olives", "v": 0.0066775542943483153}, {"l": "Sunflower seed", "v": 0.010612541646375}, {"l": "Cottonseed", "v": 0.030321547561071433}, {"l": "Soyabeans", "v": 0.82318904121881753}, {"l": "Rape and Mustardseed", "v": 0.51243415378210722}]}, {"source": 2, "prod": 2212.0, "target": 17, "value": 1.309789681348789, "supply": [{"l": "Meat, Other", "v": 0.001326567705796875}, {"l": "Eggs", "v": 0.0032868646150934987}, {"l": "Pigmeat", "v": 0.0050525406175049381}, {"l": "Milk - Excluding Butter", "v": 1.2293414604662027}, {"l": "Bovine Meat", "v": 0.070782247944191148}]}, {"source": 16, "prod": 245.0, "target": 6, "value": 0.28474444390000003, "supply": [{"l": "Sugar beet", "v": 0.28474444390000003}]}, {"source": 0, "prod": 68.0, "target": 17, "value": 0.62101599941536167, "supply": [{"l": "Butter, Ghee", "v": 0.49366549965886164}, {"l": "Fish, Body Oil", "v": 0.12735049975650001}]}, {"source": 3, "prod": 161.0, "target": 17, "value": 0.69613107095898152, "supply": [{"l": "Rice", "v": 0.69306394425306128}, {"l": "Millet", "v": 0.0030671267059202171}]}, {"source": 16, "prod": 84.0, "target": 1, "value": 0.089679650405369682, "supply": [{"l": "Crustaceans", "v": 0.0004202986790643565}, {"l": "Marine Fish, Other", "v": 0.0081921374112368436}, {"l": "Mutton & Goat Meat", "v": 0.0052544180138403909}, {"l": "Poultry Meat", "v": 0.015127695728650914}, {"l": "Pelagic Fish", "v": 0.026030762528844339}, {"l": "Fish, Seafood", "v": 0.023417529241688731}, {"l": "Offals, Edible", "v": 0.011236808802044118}]}, {"source": 5, "prod": 4803.0, "target": 17, "value": 3.4810367762930561, "supply": [{"l": "Cocoa Beans", "v": 0.050578921889106392}, {"l": "Tomatoes", "v": 0.077819463104715117}, {"l": "Vegetables, Other", "v": 0.063236410991627065}, {"l": "Peas", "v": 0.0083852180909629644}, {"l": "Potatoes", "v": 3.1942853247887317}, {"l": "Beans", "v": 0.015918812469562501}, {"l": "Pulses, Other", "v": 0.046118699500296297}, {"l": "Tea", "v": 0.001326567705796875}, {"l": "Onions", "v": 0.02285338712543742}, {"l": "Apples", "v": 0.00051397062681995519}]}, {"source": 9, "prod": 23.0, "target": 17, "value": 0.22449607328870191, "supply": [{"l": "Coconut Oil", "v": 0.074287791524625002}, {"l": "Oilcrops Oil, Other", "v": 0.10775811517857693}, {"l": "Cottonseed Oil", "v": 0.0169800666342}, {"l": "Palmkernel Oil", "v": 0.025470099951300004}]}, {"source": 4, "prod": 33.0, "target": 17, "value": 0.068223482012410713, "supply": [{"l": "Coconuts - Incl Copra", "v": 0.042450166585500007}, {"l": "Oilcrops, Other", "v": 0.024257238048857144}, {"l": "Palm kernels", "v": 0.0015160773780535715}]}, {"source": 16, "prod": 2385.0, "target": 11, "value": 11.042544665738159, "supply": [{"l": "Beer", "v": 0.045938056024388781}, {"l": "Groundnut Oil", "v": 0.1686980646125065}, {"l": "Beverages, Alcoholic", "v": 1.1570791730327097}, {"l": "Fats, Animals, Raw", "v": 0.11664817349382743}, {"l": "Soyabean Oil", "v": 2.8458546519167514}, {"l": "Palm Oil", "v": 0.57071890631616662}, {"l": "Sunflowerseed Oil", "v": 1.14704506074386}, {"l": "Olive Oil", "v": 3.2769715785504125}, {"l": "Rape and Mustard Oil", "v": 0.83552708834952394}, {"l": "Wine", "v": 0.84932202665433565}, {"l": "Sesameseed Oil", "v": 0.011577318159681819}, {"l": "Beverages, Fermented", "v": 0.013391219743059936}, {"l": "Honey", "v": 0.0037733481409333329}]}, {"source": 7, "prod": 1178.0, "target": 17, "value": 4.4144399900779074, "supply": [{"l": "Sugar", "v": 4.1393629106038672}, {"l": "Sweeteners, Other", "v": 0.27507707947404003}]}, {"source": 16, "prod": 8658.0, "target": 3, "value": 25.662679371240344, "supply": [{"l": "Maize", "v": 1.8538484912001012}, {"l": "Rye", "v": 0.34449765222487377}, {"l": "Barley", "v": 4.5808446430930667}, {"l": "Cereals, Other", "v": 0.13006008485770212}, {"l": "Wheat", "v": 18.344484828108818}, {"l": "Oats", "v": 0.18197629551768607}, {"l": "Sorghum", "v": 0.22696737623809607}]}, {"source": 1, "prod": 36526.0, "target": 8, "value": 31.591184614392912, "supply": [{"l": "Pelagic Fish", "v": 12.777199787283244}, {"l": "Crustaceans", "v": 0.24041084442481192}, {"l": "Freshwater Fish", "v": 0.46302126146036116}, {"l": "Molluscs, Other", "v": 0.24032633992849209}, {"l": "Aquatic Animals, Others", "v": 0.00073211705678233731}, {"l": "Aquatic Plants", "v": 0.096639451495268522}, {"l": "Demersal Fish", "v": 3.1488110094483908}, {"l": "Aquatic Products, Other", "v": 0.096639451495268522}, {"l": "Fish, Seafood", "v": 13.69472218137339}, {"l": "Marine Fish, Other", "v": 0.60100499007892105}, {"l": "Cephalopods", "v": 0.23167718034798307}]}, {"source": 1, "prod": 232874.0, "target": 2, "value": 201.59031012720448, "supply": [{"l": "Poultry Meat", "v": 10.454750518070645}, {"l": "Pigmeat", "v": 48.428601818784834}, {"l": "Bovine Meat", "v": 18.739993377935409}, {"l": "Eggs", "v": 11.737393540498886}, {"l": "Milk - Excluding Butter", "v": 103.81623735846364}, {"l": "Offals, Edible", "v": 3.3473204886978087}, {"l": "Meat, Other", "v": 1.8452556787634538}, {"l": "Mutton & Goat Meat", "v": 3.8304707320896449}]}, {"source": 11, "prod": 78909.0, "target": 0, "value": 150.99165814415917, "supply": [{"l": "Fats, Animals, Raw", "v": 49.750445995117396}, {"l": "Alcohol, Non-Food", "v": 1.1238320564929898}, {"l": "Beverages, Fermented", "v": 0.76222822777497157}, {"l": "Fish, Body Oil", "v": 11.7020959220695}, {"l": "Beer", "v": 19.372248366432988}, {"l": "Beverages, Alcoholic", "v": 14.334734562052116}, {"l": "Fish, Liver Oil", "v": 0.012784444420000001}, {"l": "Cream", "v": 3.0821748538768552}, {"l": "Butter, Ghee", "v": 30.331142987514806}, {"l": "Wine", "v": 20.519970728407515}]}, {"source": 11, "prod": 12575.0, "target": 9, "value": 128.38975938206642, "supply": [{"l": "Olive Oil", "v": 15.850680707533815}, {"l": "Sesameseed Oil", "v": 0.11577318159681821}, {"l": "Soyabean Oil", "v": 34.550935719841284}, {"l": "Coconut Oil", "v": 6.3781375294713749}, {"l": "Cottonseed Oil", "v": 0.57732226556280009}, {"l": "Rape and Mustard Oil", "v": 14.7783853751822}, {"l": "Maize Germ Oil", "v": 2.6106852450082503}, {"l": "Groundnut Oil", "v": 4.8624736270663638}, {"l": "Palm Oil", "v": 14.880198393770597}, {"l": "Palmkernel Oil", "v": 2.7677508613746}, {"l": "Oilcrops Oil, Other", "v": 11.353786862906425}, {"l": "Sunflowerseed Oil", "v": 19.66362961275189}]}, {"source": 11, "prod": 26563.0, "target": 7, "value": 99.26282819983453, "supply": [{"l": "Honey", "v": 0.91315025010586659}, {"l": "Sweeteners, Other", "v": 8.7175662099982798}, {"l": "Sugar", "v": 89.632111739730391}]}, {"source": 5, "prod": 250584.5, "target": 18, "value": 781.77931481739529, "supply": [{"l": "Vegetables, Other", "v": 152.00471970935996}, {"l": "Pulses, Other", "v": 4.57101999126}, {"l": "Beans", "v": 2.1669633291899997}, {"l": "Onions", "v": 13.910056640070003}, {"l": "Roots, Other", "v": 0.027893333280000005}, {"l": "Tomatoes", "v": 50.75017656963}, {"l": "Peas", "v": 3.1205666606999998}, {"l": "Yams", "v": 0.0052299999900000012}, {"l": "Potatoes", "v": 162.39498635616002}, {"l": "Sweet potatoes", "v": 0.522128332335}, {"l": "Cassava", "v": 14.383371639165}]}, {"source": 6, "prod": 50763.400000000001, "target": 18, "value": 58.871688122843672, "supply": [{"l": "Sugar beet", "v": 58.825412776412008}, {"l": "Sugar cane", "v": 0.046275346431665941}]}, {"source": 3, "prod": 509293.0, "target": 18, "value": 1710.0309021460989, "supply": [{"l": "Sorghum", "v": 8.3331333174000015}, {"l": "Rice", "v": 14.127973306319999}, {"l": "Wheat", "v": 654.40200541542004}, {"l": "Oats", "v": 93.81225315396}, {"l": "Maize", "v": 396.59089924170001}, {"l": "Barley", "v": 491.44566572700001}, {"l": "Cereals, Other", "v": 26.146513283339996}, {"l": "Rye", "v": 90.437159827079995}, {"l": "Millet", "v": 0.43931999916000009}]}, {"source": 4, "prod": 25804.5, "target": 18, "value": 156.36217741892838, "supply": [{"l": "Coconuts - Incl Copra", "v": 2.4842499952500003}, {"l": "Sesame seed", "v": 0.302642666088}, {"l": "Groundnuts", "v": 0.74963333190000003}, {"l": "Oilcrops, Other", "v": 10.941159979080004}, {"l": "Soyabeans", "v": 79.628398946845948}, {"l": "Palm kernels", "v": 0.25801333284}, {"l": "Sunflower seed", "v": 28.157157723939999}, {"l": "Cottonseed", "v": 1.2098733310199998}, {"l": "Olives", "v": 27.22563661461}, {"l": "Rape and Mustardseed", "v": 13.123813308240001}]}, {"source": 19, "prod": 0, "target": 5, "value": 0.39214619747462015, "supply": "[{\"l\":'Energy for power irrigation',\"v\":0.39214619747462015}]"}, {"source": 19, "prod": 0, "target": 6, "value": 0.19860241037337839, "supply": "[{\"l\":'Energy for power irrigation',\"v\":0.19860241037337839}]"}, {"source": 19, "prod": 0, "target": 3, "value": 0.39850292685788974, "supply": "[{\"l\":'Energy for power irrigation',\"v\":0.39850292685788974}]"}, {"source": 19, "prod": 0, "target": 4, "value": 0.040382132784485221, "supply": "[{\"l\":'Energy for power irrigation',\"v\":0.040382132784485221}]"}, {"source": 19, "prod": 0, "target": 11, "value": 31.849000025479196, "supply": "[{\"l\":'Electricity',\"v\":31.849000025479196}]"}, {"source": 20, "prod": 0, "target": 19, "value": 61.144747434606103, "supply": [{"l": "Coal", "v": 38.774975244263373}, {"l": "Natural gas", "v": 6.1080806708266246}, {"l": "Oil", "v": 16.261691519516109}]}, {"source": 21, "prod": 0, "target": 19, "value": 8.848674537321509, "supply": [{"l": "Nuclear", "v": 3.6801889626592494}, {"l": "Hydroelectric", "v": 4.9887028021214146}, {"l": "Renewable", "v": 0.17978277254084538}]}, {"source": 20, "prod": 0, "target": 5, "value": 62.292729360721154, "supply": [{"l": "Motor Gasoline", "v": 1.9402908701519916}, {"l": "Gas-Diesel oil", "v": 47.29306916512931}, {"l": "Natural gas (including LNG)", "v": 0.57319418187825055}, {"l": "Fuel oil", "v": 5.6888200121133332}, {"l": "Liquefied petroleum gas (LPG)", "v": 1.5512636192101861}, {"l": "Coal", "v": 5.2460915122380838}]}, {"source": 20, "prod": 0, "target": 6, "value": 31.548147806728196, "supply": [{"l": "Motor Gasoline", "v": 0.98266015613369562}, {"l": "Gas-Diesel oil", "v": 23.951571099340995}, {"l": "Natural gas (including LNG)", "v": 0.29029414760647992}, {"l": "Fuel oil", "v": 2.8811024405231969}, {"l": "Liquefied petroleum gas (LPG)", "v": 0.78563733598261631}, {"l": "Coal", "v": 2.6568826271412114}]}, {"source": 20, "prod": 0, "target": 3, "value": 63.3025007817917, "supply": [{"l": "Motor Gasoline", "v": 1.9717431807081411}, {"l": "Gas-Diesel oil", "v": 48.059694582698057}, {"l": "Natural gas (including LNG)", "v": 0.58248571733550936}, {"l": "Fuel oil", "v": 5.78103635785381}, {"l": "Liquefied petroleum gas (LPG)", "v": 1.576409758820704}, {"l": "Coal", "v": 5.3311311843754714}]}, {"source": 20, "prod": 0, "target": 4, "value": 6.4147332927165452, "supply": [{"l": "Motor Gasoline", "v": 0.19980579708177112}, {"l": "Gas-Diesel oil", "v": 4.8701096966156303}, {"l": "Natural gas (including LNG)", "v": 0.059025954383760043}, {"l": "Fuel oil", "v": 0.58581897923685833}, {"l": "Liquefied petroleum gas (LPG)", "v": 0.15974484480049345}, {"l": "Coal", "v": 0.54022802059803243}]}, {"source": 20, "prod": 0, "target": 1, "value": 9.8882124523550132, "supply": [{"l": "Gas-diesel oils used in fisheries", "v": 9.7023687114655974}, {"l": "Fuel oil used in fisheries", "v": 0.18584374088941572}]}, {"source": 22, "prod": 2082.551704770915, "target": 5, "value": 25.867637888596956, "supply": [{"l": "Potash", "v": 2.8808738969636938}, {"l": "Phosphate", "v": 4.3662196709494676}, {"l": "Nitrogen", "v": 60.671940302797253}]}, {"source": 22, "prod": 1054.7081444579362, "target": 6, "value": 13.100663141515165, "supply": [{"l": "Potash", "v": 2.8808738969636938}, {"l": "Phosphate", "v": 4.3662196709494676}, {"l": "Nitrogen", "v": 60.671940302797253}]}, {"source": 22, "prod": 2116.3100777939053, "target": 3, "value": 26.286954905824604, "supply": [{"l": "Potash", "v": 2.8808738969636938}, {"l": "Phosphate", "v": 4.3662196709494676}, {"l": "Nitrogen", "v": 60.671940302797253}]}, {"source": 22, "prod": 214.45542507920916, "target": 4, "value": 2.6637779347736998, "supply": [{"l": "Potash", "v": 2.8808738969636938}, {"l": "Phosphate", "v": 4.3662196709494676}, {"l": "Nitrogen", "v": 60.671940302797253}]}, {"source": 20, "prod": 0, "target": 22, "value": 82.831883987440165, "supply": [{"l": "Natural gas (including LNG)", "v": 55.518403752474676}, {"l": "Fuel oil", "v": 16.588429363982026}, {"l": "Liquefied petroleum gas (LPG)", "v": 5.3625254354917287}, {"l": "Coal", "v": 5.3625254354917287}]}, {"source": 23, "prod": 0, "target": 3, "value": 8.9331992768888622, "supply": "[{\"l\":'Labor',\"v\":8.9331992768888622}]"}, {"source": 23, "prod": 0, "target": 4, "value": 0.90524213268385256, "supply": "[{\"l\":'Labor',\"v\":0.90524213268385256}]"}, {"source": 23, "prod": 0, "target": 5, "value": 8.7907011256764065, "supply": "[{\"l\":'Labor',\"v\":8.7907011256764065}]"}, {"source": 23, "prod": 0, "target": 6, "value": 4.4520498826060848, "supply": "[{\"l\":'Labor',\"v\":4.4520498826060848}]"}, {"source": 20, "prod": 0, "target": 14, "value": 508.62718875443892, "supply": "[{\"l\":'Fossil Fuels',\"v\":508.62718875443892}]"}, {"source": 21, "prod": 0, "target": 14, "value": 41.53897684777543, "supply": "[{\"l\":'Renewables & Nuclear',\"v\":31.32429186307132},{\"l\":'Biomass & Waste',\"v\":10.21468498470411}]"}]}