{"nodes": [{"layer": 3, "name": "Maize"}, {"layer": 5, "name": "Production", "fill": "#b5cf6b"}, {"layer": 3, "name": "Fruits, Other"}, {"layer": 3, "name": "Grapefruit"}, {"layer": 3, "name": "Barley"}, {"layer": 3, "name": "Tomatoes"}, {"layer": 3, "name": "Cereals, Other"}, {"layer": 3, "name": "Wheat"}, {"layer": 3, "name": "Vegetables, Other"}, {"layer": 3, "name": "Peas"}, {"layer": 3, "name": "Grapes"}, {"layer": 3, "name": "Oilcrops, Other"}, {"layer": 3, "name": "Oats"}, {"layer": 3, "name": "Potatoes"}, {"layer": 3, "name": "Apples"}, {"layer": 3, "name": "Lemons, Limes"}, {"layer": 3, "name": "Sweet potatoes"}, {"layer": 3, "name": "Oranges, Mandarines"}, {"layer": 1, "name": "Electricity", "fill": "#bcbd22"}, {"layer": 0, "name": "Fossil Fuels", "fill": "#c49c94"}, {"layer": 0, "name": "Renewables & Nuclear", "fill": "#2ca02c"}, {"layer": 1, "name": "Fertilizers", "fill": "#c5b0d5"}, {"layer": 0, "name": "Labor", "fill": "#7f7f7f"}], "links": [{"source": 0, "prod": 14.0, "target": 1, "value": 0.052438441076205891, "supply": [{"l": "Maize", "v": 0.052438441076205891}]}, {"source": 2, "prod": 45.0, "target": 1, "value": 0.021819046217561398, "supply": [{"l": "Fruits, Other", "v": 0.021819046217561398}]}, {"source": 3, "prod": 4.0, "target": 1, "value": 0.0012215875276402879, "supply": [{"l": "Grapefruit", "v": 0.0012215875276402879}]}, {"source": 4, "prod": 81.0, "target": 1, "value": 0.23517792761636677, "supply": [{"l": "Barley", "v": 0.23517792761636677}]}, {"source": 5, "prod": 45.0, "target": 1, "value": 0.0092674711769436032, "supply": [{"l": "Tomatoes", "v": 0.0092674711769436032}]}, {"source": 6, "prod": 5.0, "target": 1, "value": 0.018844700119731307, "supply": [{"l": "Cereals, Other", "v": 0.018844700119731307}]}, {"source": 7, "prod": 213.0, "target": 1, "value": 0.72139818188400084, "supply": [{"l": "Wheat", "v": 0.72139818188400084}]}, {"source": 8, "prod": 191.0, "target": 1, "value": 0.060507326998735088, "supply": [{"l": "Vegetables, Other", "v": 0.060507326998735088}]}, {"source": 9, "prod": 21.0, "target": 1, "value": 0.084534383459056048, "supply": [{"l": "Peas", "v": 0.084534383459056048}]}, {"source": 10, "prod": 7.0, "target": 1, "value": 0.0058925160416133148, "supply": [{"l": "Grapes", "v": 0.0058925160416133148}]}, {"source": 11, "prod": 8.0, "target": 1, "value": 0.048514476097714289, "supply": [{"l": "Oilcrops, Other", "v": 0.048514476097714289}]}, {"source": 12, "prod": 34.0, "target": 1, "value": 0.085777855994472865, "supply": [{"l": "Oats", "v": 0.085777855994472865}]}, {"source": 13, "prod": 234.0, "target": 1, "value": 0.1605923583493519, "supply": [{"l": "Potatoes", "v": 0.1605923583493519}]}, {"source": 14, "prod": 93.0, "target": 1, "value": 0.051398124824229091, "supply": [{"l": "Apples", "v": 0.051398124824229091}]}, {"source": 15, "prod": 3.0, "target": 1, "value": 0.0034866666600000002, "supply": [{"l": "Lemons, Limes", "v": 0.0034866666600000002}]}, {"source": 16, "prod": 3.0, "target": 1, "value": 0.0021403445337226891, "supply": [{"l": "Sweet potatoes", "v": 0.0021403445337226891}]}, {"source": 17, "prod": 1.0, "target": 1, "value": 0.00042535237059619234, "supply": [{"l": "Oranges, Mandarines", "v": 0.00042535237059619234}]}, {"source": 18, "prod": 0, "target": 0, "value": 5.8762310594445626e-06, "supply": "[{\"l\":'Energy for power irrigation',\"v\":5.8762310594445626e-06}]"}, {"source": 18, "prod": 0, "target": 7, "value": 0.00012822775633287956, "supply": "[{\"l\":'Energy for power irrigation',\"v\":0.00012822775633287956}]"}, {"source": 18, "prod": 0, "target": 17, "value": 2.9381155297222813e-06, "supply": "[{\"l\":'Energy for power irrigation',\"v\":2.9381155297222813e-06}]"}, {"source": 18, "prod": 0, "target": 6, "value": 2.5183847397619554e-06, "supply": "[{\"l\":'Energy for power irrigation',\"v\":2.5183847397619554e-06}]"}, {"source": 18, "prod": 0, "target": 13, "value": 9.8846601035656746e-05, "supply": "[{\"l\":'Energy for power irrigation',\"v\":9.8846601035656746e-05}]"}, {"source": 18, "prod": 0, "target": 12, "value": 1.4480712253631242e-05, "supply": "[{\"l\":'Energy for power irrigation',\"v\":1.4480712253631242e-05}]"}, {"source": 18, "prod": 0, "target": 8, "value": 8.0378446277402398e-05, "supply": "[{\"l\":'Energy for power irrigation',\"v\":8.0378446277402398e-05}]"}, {"source": 18, "prod": 0, "target": 2, "value": 2.0986539498016291e-05, "supply": "[{\"l\":'Energy for power irrigation',\"v\":2.0986539498016291e-05}]"}, {"source": 18, "prod": 0, "target": 9, "value": 8.8143465891668434e-06, "supply": "[{\"l\":'Energy for power irrigation',\"v\":8.8143465891668434e-06}]"}, {"source": 18, "prod": 0, "target": 16, "value": 1.2591923698809777e-06, "supply": "[{\"l\":'Energy for power irrigation',\"v\":1.2591923698809777e-06}]"}, {"source": 18, "prod": 0, "target": 3, "value": 1.4690577648611406e-06, "supply": "[{\"l\":'Energy for power irrigation',\"v\":1.4690577648611406e-06}]"}, {"source": 18, "prod": 0, "target": 4, "value": 3.3998193986786394e-05, "supply": "[{\"l\":'Energy for power irrigation',\"v\":3.3998193986786394e-05}]"}, {"source": 18, "prod": 0, "target": 10, "value": 8.1847504042263552e-06, "supply": "[{\"l\":'Energy for power irrigation',\"v\":8.1847504042263552e-06}]"}, {"source": 18, "prod": 0, "target": 11, "value": 3.3578463196826072e-06, "supply": "[{\"l\":'Energy for power irrigation',\"v\":3.3578463196826072e-06}]"}, {"source": 18, "prod": 0, "target": 15, "value": 1.2591923698809777e-06, "supply": "[{\"l\":'Energy for power irrigation',\"v\":1.2591923698809777e-06}]"}, {"source": 18, "prod": 0, "target": 5, "value": 1.9097750943194828e-05, "supply": "[{\"l\":'Energy for power irrigation',\"v\":1.9097750943194828e-05}]"}, {"source": 18, "prod": 0, "target": 14, "value": 3.9244828861290467e-05, "supply": "[{\"l\":'Energy for power irrigation',\"v\":3.9244828861290467e-05}]"}, {"source": 19, "prod": 0, "target": 18, "value": 6.9236935373334803e-05, "supply": [{"l": "Coal", "v": 6.9236935373334803e-05}, {"l": "Natural gas", "v": 0.0}, {"l": "Oil", "v": 0.0}]}, {"source": 20, "prod": 0, "target": 18, "value": 0.00046072477313829804, "supply": [{"l": "Nuclear", "v": 0.0}, {"l": "Hydroelectric", "v": 0.00041183177737254452}, {"l": "Renewable", "v": 4.889299576575353e-05}]}, {"source": 19, "prod": 0, "target": 0, "value": 0.037436189231198388, "supply": [{"l": "Motor Gasoline", "v": 0.021596497116786344}, {"l": "Gas-Diesel oil", "v": 0.014342927276088354}, {"l": "Natural gas (including LNG)", "v": 0.00034582775574297183}, {"l": "Fuel oil", "v": 0.00067603748380722886}, {"l": "Liquefied petroleum gas (LPG)", "v": 0.00015829986625783132}, {"l": "Coal", "v": 0.00031659973251566269}]}, {"source": 19, "prod": 0, "target": 7, "value": 0.81691112929507914, "supply": [{"l": "Motor Gasoline", "v": 0.47126641922701629}, {"l": "Gas-Diesel oil", "v": 0.31298316306035656}, {"l": "Natural gas (including LNG)", "v": 0.0075464556699627074}, {"l": "Fuel oil", "v": 0.014752103664507746}, {"l": "Liquefied petroleum gas (LPG)", "v": 0.003454329224411962}, {"l": "Coal", "v": 0.0069086584488239249}]}, {"source": 19, "prod": 0, "target": 17, "value": 0.018718094615599194, "supply": [{"l": "Motor Gasoline", "v": 0.010798248558393172}, {"l": "Gas-Diesel oil", "v": 0.0071714636380441768}, {"l": "Natural gas (including LNG)", "v": 0.00017291387787148592}, {"l": "Fuel oil", "v": 0.00033801874190361443}, {"l": "Liquefied petroleum gas (LPG)", "v": 7.914993312891566e-05}, {"l": "Coal", "v": 0.00015829986625783135}]}, {"source": 19, "prod": 0, "target": 6, "value": 0.016044081099085023, "supply": [{"l": "Motor Gasoline", "v": 0.0092556416214798626}, {"l": "Gas-Diesel oil", "v": 0.0061469688326092941}, {"l": "Natural gas (including LNG)", "v": 0.0001482118953184165}, {"l": "Fuel oil", "v": 0.00028973035020309811}, {"l": "Liquefied petroleum gas (LPG)", "v": 6.7842799824784845e-05}, {"l": "Coal", "v": 0.00013568559964956972}]}, {"source": 19, "prod": 0, "target": 13, "value": 0.62973018313908713, "supply": [{"l": "Motor Gasoline", "v": 0.36328393364308453}, {"l": "Gas-Diesel oil", "v": 0.24126852667991477}, {"l": "Natural gas (including LNG)", "v": 0.0058173168912478476}, {"l": "Fuel oil", "v": 0.011371916245471599}, {"l": "Liquefied petroleum gas (LPG)", "v": 0.0026628298931228051}, {"l": "Coal", "v": 0.0053256597862456111}]}, {"source": 19, "prod": 0, "target": 12, "value": 0.09225346631973888, "supply": [{"l": "Motor Gasoline", "v": 0.053219939323509199}, {"l": "Gas-Diesel oil", "v": 0.035345070787503437}, {"l": "Natural gas (including LNG)", "v": 0.00085221839808089482}, {"l": "Fuel oil", "v": 0.0016659495136678139}, {"l": "Liquefied petroleum gas (LPG)", "v": 0.00039009609899251285}, {"l": "Coal", "v": 0.00078019219798502581}]}, {"source": 19, "prod": 0, "target": 8, "value": 0.51207358841246364, "supply": [{"l": "Motor Gasoline", "v": 0.29540922841889888}, {"l": "Gas-Diesel oil", "v": 0.19619075524077995}, {"l": "Natural gas (including LNG)", "v": 0.0047304296589127928}, {"l": "Fuel oil", "v": 0.0092472270106488796}, {"l": "Liquefied petroleum gas (LPG)", "v": 0.0021653160277410495}, {"l": "Coal", "v": 0.0043306320554820999}]}, {"source": 19, "prod": 0, "target": 2, "value": 0.13370067582570852, "supply": [{"l": "Motor Gasoline", "v": 0.077130346845665512}, {"l": "Gas-Diesel oil", "v": 0.051224740271744111}, {"l": "Natural gas (including LNG)", "v": 0.0012350991276534708}, {"l": "Fuel oil", "v": 0.0024144195850258174}, {"l": "Liquefied petroleum gas (LPG)", "v": 0.00056535666520654039}, {"l": "Coal", "v": 0.0011307133304130808}]}, {"source": 19, "prod": 0, "target": 9, "value": 0.056154283846797576, "supply": [{"l": "Motor Gasoline", "v": 0.032394745675179512}, {"l": "Gas-Diesel oil", "v": 0.021514390914132528}, {"l": "Natural gas (including LNG)", "v": 0.00051874163361445775}, {"l": "Fuel oil", "v": 0.0010140562257108432}, {"l": "Liquefied petroleum gas (LPG)", "v": 0.00023744979938674694}, {"l": "Coal", "v": 0.00047489959877349398}]}, {"source": 19, "prod": 0, "target": 16, "value": 0.0080220405495425116, "supply": [{"l": "Motor Gasoline", "v": 0.0046278208107399313}, {"l": "Gas-Diesel oil", "v": 0.003073484416304647}, {"l": "Natural gas (including LNG)", "v": 7.410594765920825e-05}, {"l": "Fuel oil", "v": 0.00014486517510154905}, {"l": "Liquefied petroleum gas (LPG)", "v": 3.3921399912392423e-05}, {"l": "Coal", "v": 6.7842799824784859e-05}]}, {"source": 19, "prod": 0, "target": 3, "value": 0.0093590473077995971, "supply": [{"l": "Motor Gasoline", "v": 0.0053991242791965859}, {"l": "Gas-Diesel oil", "v": 0.0035857318190220884}, {"l": "Natural gas (including LNG)", "v": 8.6456938935742958e-05}, {"l": "Fuel oil", "v": 0.00016900937095180722}, {"l": "Liquefied petroleum gas (LPG)", "v": 3.957496656445783e-05}, {"l": "Coal", "v": 7.9149933128915673e-05}]}, {"source": 19, "prod": 0, "target": 4, "value": 0.2165950948376478, "supply": [{"l": "Motor Gasoline", "v": 0.12495116188997811}, {"l": "Gas-Diesel oil", "v": 0.082984079240225467}, {"l": "Natural gas (including LNG)", "v": 0.0020008605867986224}, {"l": "Fuel oil", "v": 0.0039113597277418239}, {"l": "Liquefied petroleum gas (LPG)", "v": 0.00091587779763459536}, {"l": "Coal", "v": 0.0018317555952691909}]}, {"source": 19, "prod": 0, "target": 10, "value": 0.052143263572026331, "supply": [{"l": "Motor Gasoline", "v": 0.03008083526980955}, {"l": "Gas-Diesel oil", "v": 0.019977648705980205}, {"l": "Natural gas (including LNG)", "v": 0.00048168865978485368}, {"l": "Fuel oil", "v": 0.00094162363816006889}, {"l": "Liquefied petroleum gas (LPG)", "v": 0.00022048909943055077}, {"l": "Coal", "v": 0.0004409781988611016}]}, {"source": 19, "prod": 0, "target": 11, "value": 0.021392108132113365, "supply": [{"l": "Motor Gasoline", "v": 0.012340855495306481}, {"l": "Gas-Diesel oil", "v": 0.0081959584434790587}, {"l": "Natural gas (including LNG)", "v": 0.00019761586042455533}, {"l": "Fuel oil", "v": 0.00038630713360413081}, {"l": "Liquefied petroleum gas (LPG)", "v": 9.045706643304646e-05}, {"l": "Coal", "v": 0.00018091413286609295}]}, {"source": 19, "prod": 0, "target": 15, "value": 0.0080220405495425116, "supply": [{"l": "Motor Gasoline", "v": 0.0046278208107399313}, {"l": "Gas-Diesel oil", "v": 0.003073484416304647}, {"l": "Natural gas (including LNG)", "v": 7.410594765920825e-05}, {"l": "Fuel oil", "v": 0.00014486517510154905}, {"l": "Liquefied petroleum gas (LPG)", "v": 3.3921399912392423e-05}, {"l": "Coal", "v": 6.7842799824784859e-05}]}, {"source": 19, "prod": 0, "target": 5, "value": 0.12166761500139477, "supply": [{"l": "Motor Gasoline", "v": 0.070188615629555612}, {"l": "Gas-Diesel oil", "v": 0.046614513647287144}, {"l": "Natural gas (including LNG)", "v": 0.0011239402061646584}, {"l": "Fuel oil", "v": 0.0021971218223734938}, {"l": "Liquefied petroleum gas (LPG)", "v": 0.00051447456533795181}, {"l": "Coal", "v": 0.0010289491306759036}]}, {"source": 19, "prod": 0, "target": 14, "value": 0.25002026379407494, "supply": [{"l": "Motor Gasoline", "v": 0.14423374860139448}, {"l": "Gas-Diesel oil", "v": 0.095790264308161496}, {"l": "Natural gas (including LNG)", "v": 0.0023096353687119902}, {"l": "Fuel oil", "v": 0.0045149646239982782}, {"l": "Liquefied petroleum gas (LPG)", "v": 0.0010572169639362305}, {"l": "Coal", "v": 0.0021144339278724614}]}, {"source": 21, "prod": 3.4547228915662656, "target": 0, "value": 0.014066452353957313, "supply": [{"l": "Potash", "v": 0.13704498899852488}, {"l": "Phosphate", "v": 0.96726437577381141}, {"l": "Nitrogen", "v": 0.063206180606120488}]}, {"source": 21, "prod": 75.386988812392445, "target": 7, "value": 0.30695008529528278, "supply": [{"l": "Potash", "v": 0.13704498899852488}, {"l": "Phosphate", "v": 0.96726437577381141}, {"l": "Nitrogen", "v": 0.063206180606120488}]}, {"source": 21, "prod": 1.7273614457831328, "target": 17, "value": 0.0070332261769786566, "supply": [{"l": "Potash", "v": 0.13704498899852488}, {"l": "Phosphate", "v": 0.96726437577381141}, {"l": "Nitrogen", "v": 0.063206180606120488}]}, {"source": 21, "prod": 1.4805955249569709, "target": 6, "value": 0.0060284795802674198, "supply": [{"l": "Potash", "v": 0.13704498899852488}, {"l": "Phosphate", "v": 0.96726437577381141}, {"l": "Nitrogen", "v": 0.063206180606120488}]}, {"source": 21, "prod": 58.113374354561103, "target": 13, "value": 0.23661782352549621, "supply": [{"l": "Potash", "v": 0.13704498899852488}, {"l": "Phosphate", "v": 0.96726437577381141}, {"l": "Nitrogen", "v": 0.063206180606120488}]}, {"source": 21, "prod": 8.5134242685025825, "target": 12, "value": 0.034663757586537662, "supply": [{"l": "Potash", "v": 0.13704498899852488}, {"l": "Phosphate", "v": 0.96726437577381141}, {"l": "Nitrogen", "v": 0.063206180606120488}]}, {"source": 21, "prod": 47.255673838209987, "target": 8, "value": 0.19240897327020179, "supply": [{"l": "Potash", "v": 0.13704498899852488}, {"l": "Phosphate", "v": 0.96726437577381141}, {"l": "Nitrogen", "v": 0.063206180606120488}]}, {"source": 21, "prod": 12.338296041308089, "target": 2, "value": 0.050237329835561825, "supply": [{"l": "Potash", "v": 0.13704498899852488}, {"l": "Phosphate", "v": 0.96726437577381141}, {"l": "Nitrogen", "v": 0.063206180606120488}]}, {"source": 21, "prod": 5.1820843373493979, "target": 9, "value": 0.021099678530935969, "supply": [{"l": "Potash", "v": 0.13704498899852488}, {"l": "Phosphate", "v": 0.96726437577381141}, {"l": "Nitrogen", "v": 0.063206180606120488}]}, {"source": 21, "prod": 0.74029776247848544, "target": 16, "value": 0.0030142397901337099, "supply": [{"l": "Potash", "v": 0.13704498899852488}, {"l": "Phosphate", "v": 0.96726437577381141}, {"l": "Nitrogen", "v": 0.063206180606120488}]}, {"source": 21, "prod": 0.86368072289156639, "target": 3, "value": 0.0035166130884893283, "supply": [{"l": "Potash", "v": 0.13704498899852488}, {"l": "Phosphate", "v": 0.96726437577381141}, {"l": "Nitrogen", "v": 0.063206180606120488}]}, {"source": 21, "prod": 19.988039586919104, "target": 4, "value": 0.081384474333610152, "supply": [{"l": "Potash", "v": 0.13704498899852488}, {"l": "Phosphate", "v": 0.96726437577381141}, {"l": "Nitrogen", "v": 0.063206180606120488}]}, {"source": 21, "prod": 4.8119354561101559, "target": 10, "value": 0.019592558635869114, "supply": [{"l": "Potash", "v": 0.13704498899852488}, {"l": "Phosphate", "v": 0.96726437577381141}, {"l": "Nitrogen", "v": 0.063206180606120488}]}, {"source": 21, "prod": 1.9741273666092944, "target": 11, "value": 0.0080379727736898925, "supply": [{"l": "Potash", "v": 0.13704498899852488}, {"l": "Phosphate", "v": 0.96726437577381141}, {"l": "Nitrogen", "v": 0.063206180606120488}]}, {"source": 21, "prod": 0.74029776247848544, "target": 15, "value": 0.0030142397901337099, "supply": [{"l": "Potash", "v": 0.13704498899852488}, {"l": "Phosphate", "v": 0.96726437577381141}, {"l": "Nitrogen", "v": 0.063206180606120488}]}, {"source": 21, "prod": 11.227849397590363, "target": 5, "value": 0.045715970150361267, "supply": [{"l": "Potash", "v": 0.13704498899852488}, {"l": "Phosphate", "v": 0.96726437577381141}, {"l": "Nitrogen", "v": 0.063206180606120488}]}, {"source": 21, "prod": 23.072613597246129, "target": 14, "value": 0.093943806792500612, "supply": [{"l": "Potash", "v": 0.13704498899852488}, {"l": "Phosphate", "v": 0.96726437577381141}, {"l": "Nitrogen", "v": 0.063206180606120488}]}, {"source": 19, "prod": 0, "target": 21, "value": 1.4711039792295111, "supply": [{"l": "Natural gas (including LNG)", "v": 1.0219777980394265}, {"l": "Fuel oil", "v": 0.43795314965395676}, {"l": "Liquefied petroleum gas (LPG)", "v": 0.0055865157680638445}, {"l": "Coal", "v": 0.0055865157680638445}]}, {"source": 22, "prod": 0, "target": 0, "value": 0.001163172504679929, "supply": "[{\"l\":'Labor',\"v\":0.001163172504679929}]"}, {"source": 22, "prod": 0, "target": 7, "value": 0.025382085727122736, "supply": "[{\"l\":'Labor',\"v\":0.025382085727122736}]"}, {"source": 22, "prod": 0, "target": 17, "value": 0.0005815862523399645, "supply": "[{\"l\":'Labor',\"v\":0.0005815862523399645}]"}, {"source": 22, "prod": 0, "target": 6, "value": 0.00049850250200568383, "supply": "[{\"l\":'Labor',\"v\":0.00049850250200568383}]"}, {"source": 22, "prod": 0, "target": 13, "value": 0.019566223203723088, "supply": "[{\"l\":'Labor',\"v\":0.019566223203723088}]"}, {"source": 22, "prod": 0, "target": 12, "value": 0.0028663893865326817, "supply": "[{\"l\":'Labor',\"v\":0.0028663893865326817}]"}, {"source": 22, "prod": 0, "target": 8, "value": 0.01591053818901474, "supply": "[{\"l\":'Labor',\"v\":0.01591053818901474}]"}, {"source": 22, "prod": 0, "target": 2, "value": 0.0041541875167140311, "supply": "[{\"l\":'Labor',\"v\":0.0041541875167140311}]"}, {"source": 22, "prod": 0, "target": 9, "value": 0.0017447587570198933, "supply": "[{\"l\":'Labor',\"v\":0.0017447587570198933}]"}, {"source": 22, "prod": 0, "target": 16, "value": 0.00024925125100284191, "supply": "[{\"l\":'Labor',\"v\":0.00024925125100284191}]"}, {"source": 22, "prod": 0, "target": 3, "value": 0.00029079312616998225, "supply": "[{\"l\":'Labor',\"v\":0.00029079312616998225}]"}, {"source": 22, "prod": 0, "target": 4, "value": 0.0067297837770767307, "supply": "[{\"l\":'Labor',\"v\":0.0067297837770767307}]"}, {"source": 22, "prod": 0, "target": 10, "value": 0.0016201331315184725, "supply": "[{\"l\":'Labor',\"v\":0.0016201331315184725}]"}, {"source": 22, "prod": 0, "target": 11, "value": 0.00066467000267424507, "supply": "[{\"l\":'Labor',\"v\":0.00066467000267424507}]"}, {"source": 22, "prod": 0, "target": 15, "value": 0.00024925125100284191, "supply": "[{\"l\":'Labor',\"v\":0.00024925125100284191}]"}, {"source": 22, "prod": 0, "target": 5, "value": 0.0037803106402097687, "supply": "[{\"l\":'Labor',\"v\":0.0037803106402097687}]"}, {"source": 22, "prod": 0, "target": 14, "value": 0.0077683306562552389, "supply": "[{\"l\":'Labor',\"v\":0.0077683306562552389}]"}]}