{"nodes": [{"layer": 5, "name": "Maize"}, {"layer": 10, "name": "Feed", "fill": "#dbdb8d"}, {"layer": 5, "name": "Wheat"}, {"layer": 5, "name": "Oats"}, {"layer": 5, "name": "Potatoes"}, {"layer": 5, "name": "Roots, Other"}, {"layer": 5, "name": "Peas"}, {"layer": 5, "name": "Millet"}, {"layer": 13, "name": "Milk - Excluding Butter"}, {"layer": 13, "name": "Offals, Edible"}, {"layer": 5, "name": "Rape and Mustardseed"}, {"layer": 5, "name": "Barley"}, {"layer": 5, "name": "Oilcrops, Other"}, {"layer": 16, "name": "Food", "fill": "#b5cf6b"}, {"layer": 5, "name": "Rye"}, {"layer": 5, "name": "Nuts"}, {"layer": 13, "name": "Sugar", "fill": "#d6616b"}, {"layer": 5, "name": "Citrus, Other"}, {"layer": 13, "name": "Beer"}, {"layer": 5, "name": "Grapefruit"}, {"layer": 13, "name": "Beverages, Alcoholic"}, {"layer": 5, "name": "Cocoa Beans"}, {"layer": 13, "name": "Honey"}, {"layer": 5, "name": "Rice"}, {"layer": 13, "name": "Butter, Ghee"}, {"layer": 5, "name": "Tomatoes"}, {"layer": 13, "name": "Fats, Animals, Raw"}, {"layer": 5, "name": "Coffee"}, {"layer": 13, "name": "Soyabean Oil"}, {"layer": 5, "name": "Coconuts - Incl Copra"}, {"layer": 5, "name": "Treenuts"}, {"layer": 13, "name": "Crustaceans"}, {"layer": 13, "name": "Eggs"}, {"layer": 5, "name": "Vegetables, Other"}, {"layer": 13, "name": "Marine Fish, Other"}, {"layer": 5, "name": "Grapes"}, {"layer": 5, "name": "Groundnuts"}, {"layer": 13, "name": "Palm Oil"}, {"layer": 13, "name": "Wine"}, {"layer": 13, "name": "Sunflowerseed Oil"}, {"layer": 13, "name": "Pigmeat"}, {"layer": 5, "name": "Cereals, Other"}, {"layer": 13, "name": "Freshwater Fish"}, {"layer": 13, "name": "Rape and Mustard Oil"}, {"layer": 5, "name": "Pineapples"}, {"layer": 5, "name": "Beans"}, {"layer": 5, "name": "Apples"}, {"layer": 13, "name": "Fish, Seafood"}, {"layer": 13, "name": "Meat, Other"}, {"layer": 5, "name": "Lemons, Limes"}, {"layer": 13, "name": "Mutton & Goat Meat"}, {"layer": 13, "name": "Sweeteners, Other"}, {"layer": 13, "name": "Pelagic Fish"}, {"layer": 5, "name": "Bananas"}, {"layer": 13, "name": "Bovine Meat"}, {"layer": 5, "name": "Fruits, Other"}, {"layer": 13, "name": "Molluscs, Other"}, {"layer": 13, "name": "Poultry Meat"}, {"layer": 5, "name": "Sweet potatoes"}, {"layer": 13, "name": "Demersal Fish"}, {"layer": 5, "name": "Oranges, Mandarines"}, {"layer": 5, "name": "Tea"}, {"layer": 5, "name": "Pulses, Other"}, {"layer": 13, "name": "Cream"}, {"layer": 10, "name": "Processing", "fill": "#9edae5"}, {"layer": 13, "name": "Oilcrops Oil, Other"}, {"layer": 16, "name": "Biofuels & Other", "fill": "#e7ba52"}, {"layer": 13, "name": "Alcohol, Non-Food"}, {"layer": 13, "name": "Coconut Oil"}, {"name": "Seed", "fill": "#dbdb8d"}, {"name": "Waste", "fill": "#c7c7c7"}, {"layer": 0, "name": "Import", "fill": "#aec7e8"}, {"layer": 5, "name": "Infant food"}, {"layer": 16, "name": "Export", "fill": "#aec7e8"}, {"layer": 13, "name": "Maize Germ Oil"}, {"layer": 13, "name": "Cephalopods"}, {"layer": 13, "name": "Fish, Body Oil"}, {"layer": 0, "name": "Stock Draw", "fill": "#c7c7c7"}, {"layer": 16, "name": "Stock Deposit", "fill": "#c7c7c7"}, {"layer": 0, "name": "Production", "fill": "#b5cf6b"}, {"layer": 5, "name": "Oil Palm"}], "links": [{"source": 0, "prod": 0.26531354115937505, "target": 1, "value": 75.0, "supply": [{"l": "Maize", "v": 75.0}]}, {"source": 2, "prod": 0.22021301482330075, "target": 1, "value": 65.0, "supply": [{"l": "Wheat", "v": 65.0}]}, {"source": 3, "prod": 0.090397477045381314, "target": 1, "value": 37.0, "supply": [{"l": "Oats", "v": 37.0}]}, {"source": 4, "prod": 0.00620783078996715, "target": 1, "value": 9.0, "supply": [{"l": "Potatoes", "v": 9.0}]}, {"source": 5, "prod": 0.0190271581346531, "target": 1, "value": 23.0, "supply": [{"l": "Roots, Other", "v": 23.0}]}, {"source": 6, "prod": 0.023404956712005404, "target": 1, "value": 6.0, "supply": [{"l": "Peas", "v": 6.0}]}, {"source": 7, "prod": 0.0035375138821250006, "target": 1, "value": 1.0, "supply": [{"l": "Millet", "v": 1.0}]}, {"source": 8, "prod": 0.52545693149624817, "target": 1, "value": 796.0, "supply": [{"l": "Milk - Excluding Butter", "v": 796.0}]}, {"source": 9, "prod": 0.096869041396932046, "target": 1, "value": 75.0, "supply": [{"l": "Offals, Edible", "v": 75.0}]}, {"source": 10, "prod": 0.0041270995291458343, "target": 1, "value": 1.0, "supply": [{"l": "Rape and Mustardseed", "v": 1.0}]}, {"source": 11, "prod": 1.005398682288158, "target": 1, "value": 300.0, "supply": [{"l": "Barley", "v": 300.0}]}, {"source": 12, "prod": 0.0060643095122142861, "target": 1, "value": 1.0, "supply": [{"l": "Oilcrops, Other", "v": 1.0}]}, {"source": 0, "prod": 0.035375138821250006, "target": 13, "value": 10.0, "supply": [{"l": "Maize", "v": 10.0}]}, {"source": 14, "prod": 0.0041080806373064525, "target": 13, "value": 1.0, "supply": [{"l": "Rye", "v": 1.0}]}, {"source": 15, "prod": 0.0093468256702018346, "target": 13, "value": 4.0, "supply": [{"l": "Nuts", "v": 4.0}]}, {"source": 16, "prod": 0.59993739501601584, "target": 13, "value": 145.0, "supply": [{"l": "Sugar", "v": 145.0}]}, {"source": 17, "prod": 0.0029150328985751072, "target": 13, "value": 8.0, "supply": [{"l": "Citrus, Other", "v": 8.0}]}, {"source": 18, "prod": 0.16240820387197757, "target": 13, "value": 387.0, "supply": [{"l": "Beer", "v": 387.0}]}, {"source": 19, "prod": 0.0013422977576442688, "target": 13, "value": 8.0, "supply": [{"l": "Grapefruit", "v": 8.0}]}, {"source": 20, "prod": 0.031362436507197763, "target": 13, "value": 9.0, "supply": [{"l": "Beverages, Alcoholic", "v": 9.0}]}, {"source": 11, "prod": 0.013405315763842107, "target": 13, "value": 4.0, "supply": [{"l": "Barley", "v": 4.0}]}, {"source": 21, "prod": 0.017687569410625003, "target": 13, "value": 2.0, "supply": [{"l": "Cocoa Beans", "v": 2.0}]}, {"source": 22, "prod": 0.0290709312025214, "target": 13, "value": 8.0, "supply": [{"l": "Honey", "v": 8.0}]}, {"source": 23, "prod": 0.037647410511958031, "target": 13, "value": 9.0, "supply": [{"l": "Rice", "v": 9.0}]}, {"source": 24, "prod": 0.35048599078284626, "target": 13, "value": 42.0, "supply": [{"l": "Butter, Ghee", "v": 42.0}]}, {"source": 25, "prod": 0.012503503612456364, "target": 13, "value": 54.0, "supply": [{"l": "Tomatoes", "v": 54.0}]}, {"source": 26, "prod": 0.096269051003480322, "target": 13, "value": 13.0, "supply": [{"l": "Fats, Animals, Raw", "v": 13.0}]}, {"source": 27, "prod": 0.0040892362307133022, "target": 13, "value": 7.0, "supply": [{"l": "Coffee", "v": 7.0}]}, {"source": 2, "prod": 0.7419484653277364, "target": 13, "value": 219.0, "supply": [{"l": "Wheat", "v": 219.0}]}, {"source": 28, "prod": 0.11299417519697232, "target": 13, "value": 11.0, "supply": [{"l": "Soyabean Oil", "v": 11.0}]}, {"source": 29, "prod": 0.012735049975650002, "target": 13, "value": 8.0, "supply": [{"l": "Coconuts - Incl Copra", "v": 8.0}]}, {"source": 30, "prod": 0.0083508524430491796, "target": 13, "value": 4.0, "supply": [{"l": "Treenuts", "v": 4.0}]}, {"source": 31, "prod": 0.001380493222292683, "target": 13, "value": 4.0, "supply": [{"l": "Crustaceans", "v": 4.0}]}, {"source": 32, "prod": 0.068358718961626763, "target": 13, "value": 42.0, "supply": [{"l": "Eggs", "v": 42.0}]}, {"source": 33, "prod": 0.087456377460601878, "target": 13, "value": 252.0, "supply": [{"l": "Vegetables, Other", "v": 252.0}]}, {"source": 6, "prod": 0.023404956712005404, "target": 13, "value": 6.0, "supply": [{"l": "Peas", "v": 6.0}]}, {"source": 34, "prod": 0.0016980066634200001, "target": 13, "value": 1.0, "supply": [{"l": "Marine Fish, Other", "v": 1.0}]}, {"source": 35, "prod": 0.026627420786857824, "target": 13, "value": 31.0, "supply": [{"l": "Grapes", "v": 31.0}]}, {"source": 36, "prod": 0.03918476915584615, "target": 13, "value": 6.0, "supply": [{"l": "Groundnuts", "v": 6.0}]}, {"source": 37, "prod": 0.0079594062347812505, "target": 13, "value": 1.0, "supply": [{"l": "Palm Oil", "v": 1.0}]}, {"source": 38, "prod": 0.033621313826735236, "target": 13, "value": 43.0, "supply": [{"l": "Wine", "v": 43.0}]}, {"source": 39, "prod": 0.020898543549784616, "target": 13, "value": 2.0, "supply": [{"l": "Sunflowerseed Oil", "v": 2.0}]}, {"source": 3, "prod": 0.034204450773928065, "target": 13, "value": 14.0, "supply": [{"l": "Oats", "v": 14.0}]}, {"source": 40, "prod": 0.076987347878817308, "target": 13, "value": 49.0, "supply": [{"l": "Pigmeat", "v": 49.0}]}, {"source": 41, "prod": 0.0082541990582916686, "target": 13, "value": 2.0, "supply": [{"l": "Cereals, Other", "v": 2.0}]}, {"source": 4, "prod": 0.1276054106826581, "target": 13, "value": 185.0, "supply": [{"l": "Potatoes", "v": 185.0}]}, {"source": 42, "prod": 0.0030321547561071431, "target": 13, "value": 3.0, "supply": [{"l": "Freshwater Fish", "v": 3.0}]}, {"source": 43, "prod": 0.010612541646375, "target": 13, "value": 1.0, "supply": [{"l": "Rape and Mustard Oil", "v": 1.0}]}, {"source": 8, "prod": 0.5703452120763296, "target": 13, "value": 864.0, "supply": [{"l": "Milk - Excluding Butter", "v": 864.0}]}, {"source": 44, "prod": 0.009760439762359489, "target": 13, "value": 9.0, "supply": [{"l": "Pineapples", "v": 9.0}]}, {"source": 45, "prod": 0.0070750277642500003, "target": 13, "value": 2.0, "supply": [{"l": "Beans", "v": 2.0}]}, {"source": 46, "prod": 0.024786338878781882, "target": 13, "value": 58.0, "supply": [{"l": "Apples", "v": 58.0}]}, {"source": 47, "prod": 0.031925957628214922, "target": 13, "value": 55.0, "supply": [{"l": "Fish, Seafood", "v": 55.0}]}, {"source": 48, "prod": 0.0010107182520357144, "target": 13, "value": 1.0, "supply": [{"l": "Meat, Other", "v": 1.0}]}, {"source": 49, "prod": 0.0018456594167608694, "target": 13, "value": 5.0, "supply": [{"l": "Lemons, Limes", "v": 5.0}]}, {"source": 50, "prod": 0.25613998821081357, "target": 13, "value": 89.0, "supply": [{"l": "Mutton & Goat Meat", "v": 89.0}]}, {"source": 51, "prod": 0.012735049975650002, "target": 13, "value": 3.0, "supply": [{"l": "Sweeteners, Other", "v": 3.0}]}, {"source": 52, "prod": 0.0080537865458656134, "target": 13, "value": 8.0, "supply": [{"l": "Pelagic Fish", "v": 8.0}]}, {"source": 53, "prod": 0.038852694840966102, "target": 13, "value": 54.0, "supply": [{"l": "Bananas", "v": 54.0}]}, {"source": 54, "prod": 0.19136375626946511, "target": 13, "value": 160.0, "supply": [{"l": "Bovine Meat", "v": 160.0}]}, {"source": 55, "prod": 0.062279023972091035, "target": 13, "value": 113.0, "supply": [{"l": "Fruits, Other", "v": 113.0}]}, {"source": 56, "prod": 0.00035974717445338983, "target": 13, "value": 1.0, "supply": [{"l": "Molluscs, Other", "v": 1.0}]}, {"source": 57, "prod": 0.078328175078945114, "target": 13, "value": 46.0, "supply": [{"l": "Poultry Meat", "v": 46.0}]}, {"source": 9, "prod": 0.020665395498012173, "target": 13, "value": 16.0, "supply": [{"l": "Offals, Edible", "v": 16.0}]}, {"source": 58, "prod": 0.0067534355931477283, "target": 13, "value": 7.0, "supply": [{"l": "Sweet potatoes", "v": 7.0}]}, {"source": 59, "prod": 0.018124790227516858, "target": 13, "value": 38.0, "supply": [{"l": "Demersal Fish", "v": 38.0}]}, {"source": 60, "prod": 0.011218972597596431, "target": 13, "value": 37.0, "supply": [{"l": "Oranges, Mandarines", "v": 37.0}]}, {"source": 61, "prod": 0.0027535243190594592, "target": 13, "value": 6.0, "supply": [{"l": "Tea", "v": 6.0}]}, {"source": 62, "prod": 0.0041080806373064525, "target": 13, "value": 1.0, "supply": [{"l": "Pulses, Other", "v": 1.0}]}, {"source": 63, "prod": 0.01326567705796875, "target": 13, "value": 6.0, "supply": [{"l": "Cream", "v": 6.0}]}, {"source": 2, "prod": 0.18972198200161294, "target": 64, "value": 56.0, "supply": [{"l": "Wheat", "v": 56.0}]}, {"source": 4, "prod": 0.020692769299890501, "target": 64, "value": 30.0, "supply": [{"l": "Potatoes", "v": 30.0}]}, {"source": 46, "prod": 0.01923078016457215, "target": 64, "value": 45.0, "supply": [{"l": "Apples", "v": 45.0}]}, {"source": 57, "prod": 0.0034055728295193529, "target": 64, "value": 2.0, "supply": [{"l": "Poultry Meat", "v": 2.0}]}, {"source": 11, "prod": 0.18767442069378948, "target": 64, "value": 56.0, "supply": [{"l": "Barley", "v": 56.0}]}, {"source": 35, "prod": 0.066998026495964855, "target": 64, "value": 78.0, "supply": [{"l": "Grapes", "v": 78.0}]}, {"source": 65, "prod": 0.020214365040714291, "target": 64, "value": 2.0, "supply": [{"l": "Oilcrops Oil, Other", "v": 2.0}]}, {"source": 38, "prod": 0.0039094550961320034, "target": 64, "value": 5.0, "supply": [{"l": "Wine", "v": 5.0}]}, {"source": 0, "prod": 0.021225083292750004, "target": 66, "value": 6.0, "supply": [{"l": "Maize", "v": 6.0}]}, {"source": 67, "prod": 0.0062551281538112055, "target": 66, "value": 8.0, "supply": [{"l": "Alcohol, Non-Food", "v": 8.0}]}, {"source": 26, "prod": 0.12589029746608968, "target": 66, "value": 17.0, "supply": [{"l": "Fats, Animals, Raw", "v": 17.0}]}, {"source": 68, "prod": 0.0339601332684, "target": 66, "value": 4.0, "supply": [{"l": "Coconut Oil", "v": 4.0}]}, {"source": 16, "prod": 0.037237493483752715, "target": 66, "value": 9.0, "supply": [{"l": "Sugar", "v": 9.0}]}, {"source": 9, "prod": 0.091702692522428991, "target": 66, "value": 71.0, "supply": [{"l": "Offals, Edible", "v": 71.0}]}, {"source": 11, "prod": 0.0033513289409605267, "target": 66, "value": 1.0, "supply": [{"l": "Barley", "v": 1.0}]}, {"source": 37, "prod": 0.039797031173906254, "target": 66, "value": 5.0, "supply": [{"l": "Palm Oil", "v": 5.0}]}, {"source": 65, "prod": 0.040428730081428582, "target": 66, "value": 4.0, "supply": [{"l": "Oilcrops Oil, Other", "v": 4.0}]}, {"source": 39, "prod": 0.020898543549784616, "target": 66, "value": 2.0, "supply": [{"l": "Sunflowerseed Oil", "v": 2.0}]}, {"source": 50, "prod": 0.12663100540759323, "target": 66, "value": 44.0, "supply": [{"l": "Mutton & Goat Meat", "v": 44.0}]}, {"source": 0, "prod": 0.0035375138821250006, "target": 69, "value": 1.0, "supply": [{"l": "Maize", "v": 1.0}]}, {"source": 2, "prod": 0.047430495500403236, "target": 69, "value": 14.0, "supply": [{"l": "Wheat", "v": 14.0}]}, {"source": 3, "prod": 0.0048863501105611516, "target": 69, "value": 2.0, "supply": [{"l": "Oats", "v": 2.0}]}, {"source": 4, "prod": 0.018623492369901448, "target": 69, "value": 27.0, "supply": [{"l": "Potatoes", "v": 27.0}]}, {"source": 32, "prod": 0.0065103541868215967, "target": 32, "value": 4.0, "supply": [{"l": "Eggs", "v": 4.0}]}, {"source": 6, "prod": 0.019504130593337835, "target": 69, "value": 5.0, "supply": [{"l": "Peas", "v": 5.0}]}, {"source": 58, "prod": 0.00096477651330681825, "target": 69, "value": 1.0, "supply": [{"l": "Sweet potatoes", "v": 1.0}]}, {"source": 11, "prod": 0.16756644704802631, "target": 69, "value": 50.0, "supply": [{"l": "Barley", "v": 50.0}]}, {"source": 0, "prod": 0.017687569410625003, "target": 70, "value": 5.0, "supply": [{"l": "Maize", "v": 5.0}]}, {"source": 2, "prod": 0.050818388036146321, "target": 70, "value": 15.0, "supply": [{"l": "Wheat", "v": 15.0}]}, {"source": 53, "prod": 0.0043169660934406781, "target": 70, "value": 6.0, "supply": [{"l": "Bananas", "v": 6.0}]}, {"source": 3, "prod": 0.0048863501105611516, "target": 70, "value": 2.0, "supply": [{"l": "Oats", "v": 2.0}]}, {"source": 4, "prod": 0.0034487948833150832, "target": 70, "value": 5.0, "supply": [{"l": "Potatoes", "v": 5.0}]}, {"source": 32, "prod": 0.0016275885467053992, "target": 70, "value": 1.0, "supply": [{"l": "Eggs", "v": 1.0}]}, {"source": 33, "prod": 0.0076350805719573069, "target": 70, "value": 22.0, "supply": [{"l": "Vegetables, Other", "v": 22.0}]}, {"source": 55, "prod": 0.0044091344405020197, "target": 70, "value": 8.0, "supply": [{"l": "Fruits, Other", "v": 8.0}]}, {"source": 6, "prod": 0.01560330447467027, "target": 70, "value": 4.0, "supply": [{"l": "Peas", "v": 4.0}]}, {"source": 8, "prod": 0.052149620085682906, "target": 70, "value": 79.0, "supply": [{"l": "Milk - Excluding Butter", "v": 79.0}]}, {"source": 19, "prod": 0.0001677872197055336, "target": 70, "value": 1.0, "supply": [{"l": "Grapefruit", "v": 1.0}]}, {"source": 11, "prod": 0.0033513289409605267, "target": 70, "value": 1.0, "supply": [{"l": "Barley", "v": 1.0}]}, {"source": 60, "prod": 0.0006064309512214287, "target": 70, "value": 2.0, "supply": [{"l": "Oranges, Mandarines", "v": 2.0}]}, {"source": 25, "prod": 0.0013892781791618183, "target": 70, "value": 6.0, "supply": [{"l": "Tomatoes", "v": 6.0}]}, {"source": 46, "prod": 0.0059829093845335567, "target": 70, "value": 14.0, "supply": [{"l": "Apples", "v": 14.0}]}, {"source": 71, "prod": 0.0023367064175504586, "target": 72, "value": 1.0, "supply": [{"l": "Infant food", "v": 1.0}]}, {"source": 71, "prod": 0.00023154636319363636, "target": 25, "value": 1.0, "supply": [{"l": "Tomatoes", "v": 1.0}]}, {"source": 71, "prod": 0.00036913188335217393, "target": 49, "value": 1.0, "supply": [{"l": "Lemons, Limes", "v": 1.0}]}, {"source": 71, "prod": 0.0083508524430491796, "target": 30, "value": 4.0, "supply": [{"l": "Treenuts", "v": 4.0}]}, {"source": 71, "prod": 0.0041080806373064525, "target": 14, "value": 1.0, "supply": [{"l": "Rye", "v": 1.0}]}, {"source": 71, "prod": 0.0013881964676286012, "target": 33, "value": 4.0, "supply": [{"l": "Vegetables, Other", "v": 4.0}]}, {"source": 71, "prod": 0.0027535243190594592, "target": 61, "value": 6.0, "supply": [{"l": "Tea", "v": 6.0}]}, {"source": 71, "prod": 0.0029914546922667784, "target": 46, "value": 7.0, "supply": [{"l": "Apples", "v": 7.0}]}, {"source": 71, "prod": 0.037647410511958031, "target": 23, "value": 9.0, "supply": [{"l": "Rice", "v": 9.0}]}, {"source": 71, "prod": 0.23037669243053002, "target": 2, "value": 68.0, "supply": [{"l": "Wheat", "v": 68.0}]}, {"source": 71, "prod": 0.0001677872197055336, "target": 19, "value": 1.0, "supply": [{"l": "Grapefruit", "v": 1.0}]}, {"source": 71, "prod": 0.0040892362307133022, "target": 27, "value": 7.0, "supply": [{"l": "Coffee", "v": 7.0}]}, {"source": 71, "prod": 0.0035375138821250006, "target": 7, "value": 1.0, "supply": [{"l": "Millet", "v": 1.0}]}, {"source": 71, "prod": 0.028214353257164138, "target": 1, "value": 38.0, "supply": [{"l": "Crustaceans", "v": 4.0}, {"l": "Marine Fish, Other", "v": 2.0}, {"l": "Pigmeat", "v": 1.0}, {"l": "Freshwater Fish", "v": 2.0}, {"l": "Milk - Excluding Butter", "v": 7.0}, {"l": "Pelagic Fish", "v": 6.0}, {"l": "Fish, Seafood", "v": 15.0}, {"l": "Demersal Fish", "v": 1.0}]}, {"source": 71, "prod": 0.0093468256702018346, "target": 15, "value": 4.0, "supply": [{"l": "Nuts", "v": 4.0}]}, {"source": 71, "prod": 0.0060643095122142861, "target": 12, "value": 1.0, "supply": [{"l": "Oilcrops, Other", "v": 1.0}]}, {"source": 71, "prod": 0.061906492937187502, "target": 21, "value": 7.0, "supply": [{"l": "Cocoa Beans", "v": 7.0}]}, {"source": 71, "prod": 0.0078836023658785722, "target": 60, "value": 26.0, "supply": [{"l": "Oranges, Mandarines", "v": 26.0}]}, {"source": 71, "prod": 0.009760439762359489, "target": 44, "value": 9.0, "supply": [{"l": "Pineapples", "v": 9.0}]}, {"source": 71, "prod": 0.0013795179533260332, "target": 4, "value": 2.0, "supply": [{"l": "Potatoes", "v": 2.0}]}, {"source": 71, "prod": 0.04316966093440678, "target": 53, "value": 60.0, "supply": [{"l": "Bananas", "v": 60.0}]}, {"source": 71, "prod": 0.026627420786857824, "target": 35, "value": 31.0, "supply": [{"l": "Grapes", "v": 31.0}]}, {"source": 71, "prod": 1.106632837738986, "target": 64, "value": 230.0, "supply": [{"l": "Alcohol, Non-Food", "v": 1.0}, {"l": "Sugar", "v": 173.0}, {"l": "Beer", "v": 7.0}, {"l": "Beverages, Alcoholic", "v": 4.0}, {"l": "Fats, Animals, Raw", "v": 5.0}, {"l": "Soyabean Oil", "v": 13.0}, {"l": "Palm Oil", "v": 7.0}, {"l": "Coconut Oil", "v": 5.0}, {"l": "Rape and Mustard Oil", "v": 1.0}, {"l": "Oilcrops Oil, Other", "v": 4.0}, {"l": "Wine", "v": 4.0}, {"l": "Sweeteners, Other", "v": 2.0}, {"l": "Sunflowerseed Oil", "v": 4.0}]}, {"source": 71, "prod": 0.010612541646375, "target": 45, "value": 3.0, "supply": [{"l": "Beans", "v": 3.0}]}, {"source": 71, "prod": 0.0060625598556902785, "target": 55, "value": 11.0, "supply": [{"l": "Fruits, Other", "v": 11.0}]}, {"source": 71, "prod": 0.03918476915584615, "target": 36, "value": 6.0, "supply": [{"l": "Groundnuts", "v": 6.0}]}, {"source": 71, "prod": 0.012735049975650002, "target": 29, "value": 8.0, "supply": [{"l": "Coconuts - Incl Copra", "v": 8.0}]}, {"source": 71, "prod": 0.0190271581346531, "target": 5, "value": 23.0, "supply": [{"l": "Roots, Other", "v": 23.0}]}, {"source": 0, "prod": 0.16272563857775005, "target": 73, "value": 46.0, "supply": [{"l": "Maize", "v": 46.0}]}, {"source": 55, "prod": 0.043540202599957452, "target": 73, "value": 79.0, "supply": [{"l": "Fruits, Other", "v": 79.0}]}, {"source": 16, "prod": 0.024824995655835146, "target": 73, "value": 6.0, "supply": [{"l": "Sugar", "v": 6.0}]}, {"source": 74, "prod": 0.014150055528500001, "target": 73, "value": 1.0, "supply": [{"l": "Maize Germ Oil", "v": 1.0}]}, {"source": 18, "prod": 0.0025179566491779471, "target": 73, "value": 6.0, "supply": [{"l": "Beer", "v": 6.0}]}, {"source": 72, "prod": 0.0023367064175504586, "target": 73, "value": 1.0, "supply": [{"l": "Infant food", "v": 1.0}]}, {"source": 20, "prod": 0.0034847151674664185, "target": 73, "value": 1.0, "supply": [{"l": "Beverages, Alcoholic", "v": 1.0}]}, {"source": 11, "prod": 1.7963123123548421, "target": 73, "value": 536.0, "supply": [{"l": "Barley", "v": 536.0}]}, {"source": 22, "prod": 0.00726773280063035, "target": 73, "value": 2.0, "supply": [{"l": "Honey", "v": 2.0}]}, {"source": 24, "prod": 1.810844285711372, "target": 73, "value": 217.0, "supply": [{"l": "Butter, Ghee", "v": 217.0}]}, {"source": 25, "prod": 0.00023154636319363636, "target": 73, "value": 1.0, "supply": [{"l": "Tomatoes", "v": 1.0}]}, {"source": 41, "prod": 0.016508398116583337, "target": 73, "value": 4.0, "supply": [{"l": "Cereals, Other", "v": 4.0}]}, {"source": 2, "prod": 0.023715247750201618, "target": 73, "value": 7.0, "supply": [{"l": "Wheat", "v": 7.0}]}, {"source": 26, "prod": 1.3921985837426387, "target": 73, "value": 188.0, "supply": [{"l": "Fats, Animals, Raw", "v": 188.0}]}, {"source": 28, "prod": 0.0102721977451793, "target": 73, "value": 1.0, "supply": [{"l": "Soyabean Oil", "v": 1.0}]}, {"source": 31, "prod": 0.0020707398334390247, "target": 73, "value": 6.0, "supply": [{"l": "Crustaceans", "v": 6.0}]}, {"source": 32, "prod": 0.0032551770934107984, "target": 73, "value": 2.0, "supply": [{"l": "Eggs", "v": 2.0}]}, {"source": 33, "prod": 0.047198679899372438, "target": 73, "value": 136.0, "supply": [{"l": "Vegetables, Other", "v": 136.0}]}, {"source": 6, "prod": 0.19504130593337837, "target": 73, "value": 50.0, "supply": [{"l": "Peas", "v": 50.0}]}, {"source": 34, "prod": 0.0067920266536800004, "target": 73, "value": 4.0, "supply": [{"l": "Marine Fish, Other", "v": 4.0}]}, {"source": 37, "prod": 0.015918812469562501, "target": 73, "value": 2.0, "supply": [{"l": "Palm Oil", "v": 2.0}]}, {"source": 50, "prod": 1.4274767882310508, "target": 73, "value": 496.0, "supply": [{"l": "Mutton & Goat Meat", "v": 496.0}]}, {"source": 40, "prod": 0.0015711703648738226, "target": 73, "value": 1.0, "supply": [{"l": "Pigmeat", "v": 1.0}]}, {"source": 21, "prod": 0.044218923526562509, "target": 73, "value": 5.0, "supply": [{"l": "Cocoa Beans", "v": 5.0}]}, {"source": 4, "prod": 0.011036143626608265, "target": 73, "value": 16.0, "supply": [{"l": "Potatoes", "v": 16.0}]}, {"source": 42, "prod": 0.0010107182520357144, "target": 73, "value": 1.0, "supply": [{"l": "Freshwater Fish", "v": 1.0}]}, {"source": 8, "prod": 4.0749317061888686, "target": 73, "value": 6173.0, "supply": [{"l": "Milk - Excluding Butter", "v": 6173.0}]}, {"source": 45, "prod": 0.0035375138821250002, "target": 73, "value": 1.0, "supply": [{"l": "Beans", "v": 1.0}]}, {"source": 46, "prod": 0.069230808592459739, "target": 73, "value": 162.0, "supply": [{"l": "Apples", "v": 162.0}]}, {"source": 47, "prod": 0.10100212049653451, "target": 73, "value": 174.0, "supply": [{"l": "Fish, Seafood", "v": 174.0}]}, {"source": 48, "prod": 0.0030321547561071431, "target": 73, "value": 3.0, "supply": [{"l": "Meat, Other", "v": 3.0}]}, {"source": 75, "prod": 0.0023583425880833336, "target": 73, "value": 2.0, "supply": [{"l": "Cephalopods", "v": 2.0}]}, {"source": 38, "prod": 0.00078189101922640069, "target": 73, "value": 1.0, "supply": [{"l": "Wine", "v": 1.0}]}, {"source": 51, "prod": 0.038205149926950004, "target": 73, "value": 9.0, "supply": [{"l": "Sweeteners, Other", "v": 9.0}]}, {"source": 52, "prod": 0.016107573091731227, "target": 73, "value": 16.0, "supply": [{"l": "Pelagic Fish", "v": 16.0}]}, {"source": 54, "prod": 0.39109967687571923, "target": 73, "value": 327.0, "supply": [{"l": "Bovine Meat", "v": 327.0}]}, {"source": 56, "prod": 0.0086339321868813563, "target": 73, "value": 24.0, "supply": [{"l": "Molluscs, Other", "v": 24.0}]}, {"source": 76, "prod": 0.014810623231304667, "target": 73, "value": 2.0, "supply": [{"l": "Fish, Body Oil", "v": 2.0}]}, {"source": 57, "prod": 0.0017027864147596764, "target": 73, "value": 1.0, "supply": [{"l": "Poultry Meat", "v": 1.0}]}, {"source": 9, "prod": 0.061996186494036515, "target": 73, "value": 48.0, "supply": [{"l": "Offals, Edible", "v": 48.0}]}, {"source": 59, "prod": 0.057713147829724726, "target": 73, "value": 121.0, "supply": [{"l": "Demersal Fish", "v": 121.0}]}, {"source": 60, "prod": 0.00030321547561071435, "target": 73, "value": 1.0, "supply": [{"l": "Oranges, Mandarines", "v": 1.0}]}, {"source": 77, "prod": 0.0097727002211223032, "target": 3, "value": 4.0, "supply": [{"l": "Oats", "v": 4.0}]}, {"source": 8, "prod": 0.21916042871451555, "target": 78, "value": 332.0, "supply": [{"l": "Milk - Excluding Butter", "v": 332.0}]}, {"source": 46, "prod": 0.0017094026812953023, "target": 78, "value": 4.0, "supply": [{"l": "Apples", "v": 4.0}]}, {"source": 0, "prod": 0.11320044422800002, "target": 78, "value": 32.0, "supply": [{"l": "Maize", "v": 32.0}]}, {"source": 6, "prod": 0.019504130593337835, "target": 78, "value": 5.0, "supply": [{"l": "Peas", "v": 5.0}]}, {"source": 77, "prod": 0.28486295998164474, "target": 11, "value": 85.0, "supply": [{"l": "Barley", "v": 85.0}]}, {"source": 51, "prod": 0.00424501665855, "target": 78, "value": 1.0, "supply": [{"l": "Sweeteners, Other", "v": 1.0}]}, {"source": 24, "prod": 0.15855318630652565, "target": 78, "value": 19.0, "supply": [{"l": "Butter, Ghee", "v": 19.0}]}, {"source": 50, "prod": 0.28779773956271187, "target": 78, "value": 100.0, "supply": [{"l": "Mutton & Goat Meat", "v": 100.0}]}, {"source": 33, "prod": 0.0013881964676286012, "target": 78, "value": 4.0, "supply": [{"l": "Vegetables, Other", "v": 4.0}]}, {"source": 77, "prod": 0.074053116156523338, "target": 64, "value": 10.0, "supply": [{"l": "Fats, Animals, Raw", "v": 10.0}]}, {"source": 16, "prod": 0.057924989863615328, "target": 78, "value": 14.0, "supply": [{"l": "Sugar", "v": 14.0}]}, {"source": 38, "prod": 0.011728365288396013, "target": 78, "value": 15.0, "supply": [{"l": "Wine", "v": 15.0}]}, {"source": 2, "prod": 0.0067757850714861767, "target": 78, "value": 2.0, "supply": [{"l": "Wheat", "v": 2.0}]}, {"source": 79, "prod": 0.61906492937187518, "target": 0, "value": 175.0, "supply": [{"l": "Maize", "v": 175.0}]}, {"source": 79, "prod": 0.10416580115686022, "target": 55, "value": 189.0, "supply": [{"l": "Fruits, Other", "v": 189.0}]}, {"source": 79, "prod": 0.0015100849773498023, "target": 19, "value": 9.0, "supply": [{"l": "Grapefruit", "v": 9.0}]}, {"source": 79, "prod": 2.158255837978579, "target": 11, "value": 644.0, "supply": [{"l": "Barley", "v": 644.0}]}, {"source": 79, "prod": 0.013892781791618181, "target": 25, "value": 60.0, "supply": [{"l": "Tomatoes", "v": 60.0}]}, {"source": 79, "prod": 0.016508398116583337, "target": 41, "value": 4.0, "supply": [{"l": "Cereals, Other", "v": 4.0}]}, {"source": 79, "prod": 1.0502466860803574, "target": 2, "value": 310.0, "supply": [{"l": "Wheat", "v": 310.0}]}, {"source": 79, "prod": 0.14194308881502449, "target": 33, "value": 409.0, "supply": [{"l": "Vegetables, Other", "v": 409.0}]}, {"source": 79, "prod": 0.29646278501873513, "target": 6, "value": 76.0, "supply": [{"l": "Peas", "v": 76.0}]}, {"source": 79, "prod": 0.066998026495964855, "target": 35, "value": 78.0, "supply": [{"l": "Grapes", "v": 78.0}]}, {"source": 79, "prod": 0.0041270995291458343, "target": 10, "value": 1.0, "supply": [{"l": "Rape and Mustardseed", "v": 1.0}]}, {"source": 79, "prod": 0.12460192781930937, "target": 3, "value": 51.0, "supply": [{"l": "Oats", "v": 51.0}]}, {"source": 79, "prod": 0.18761444165234054, "target": 4, "value": 272.0, "supply": [{"l": "Potatoes", "v": 272.0}]}, {"source": 79, "prod": 0.11837613567969969, "target": 46, "value": 277.0, "supply": [{"l": "Apples", "v": 277.0}]}, {"source": 79, "prod": 0.0014765275334086957, "target": 49, "value": 4.0, "supply": [{"l": "Lemons, Limes", "v": 4.0}]}, {"source": 79, "prod": 0.0029150328985751072, "target": 17, "value": 8.0, "supply": [{"l": "Citrus, Other", "v": 8.0}]}, {"source": 79, "prod": 0.007718212106454546, "target": 58, "value": 8.0, "supply": [{"l": "Sweet potatoes", "v": 8.0}]}, {"source": 79, "prod": 0.00424501665855, "target": 60, "value": 14.0, "supply": [{"l": "Oranges, Mandarines", "v": 14.0}]}, {"source": 79, "prod": 0.0041080806373064525, "target": 62, "value": 1.0, "supply": [{"l": "Pulses, Other", "v": 1.0}]}, {"source": 1, "prod": 0.083436534323224149, "target": 57, "value": 49.0, "supply": [{"l": "Poultry Meat", "v": 49.0}]}, {"source": 1, "prod": 0.078558518243691131, "target": 40, "value": 50.0, "supply": [{"l": "Pigmeat", "v": 50.0}]}, {"source": 1, "prod": 0.02416135963759684, "target": 52, "value": 24.0, "supply": [{"l": "Pelagic Fish", "v": 24.0}]}, {"source": 1, "prod": 0.0034512330557317076, "target": 31, "value": 10.0, "supply": [{"l": "Crustaceans", "v": 10.0}]}, {"source": 1, "prod": 0.07324148460174297, "target": 32, "value": 45.0, "supply": [{"l": "Eggs", "v": 49.0}]}, {"source": 1, "prod": 0.0089936793613347461, "target": 56, "value": 25.0, "supply": [{"l": "Molluscs, Other", "v": 25.0}]}, {"source": 1, "prod": 0.0023583425880833336, "target": 75, "value": 2.0, "supply": [{"l": "Cephalopods", "v": 2.0}]}, {"source": 1, "prod": 5.4420438985616455, "target": 8, "value": 8244.0, "supply": [{"l": "Milk - Excluding Butter", "v": 8244.0}]}, {"source": 1, "prod": 0.27123331591140976, "target": 9, "value": 210.0, "supply": [{"l": "Offals, Edible", "v": 210.0}]}, {"source": 1, "prod": 0.0084900333171, "target": 34, "value": 5.0, "supply": [{"l": "Marine Fish, Other", "v": 5.0}]}, {"source": 1, "prod": 0.13292807812474944, "target": 47, "value": 229.0, "supply": [{"l": "Fish, Seafood", "v": 229.0}]}, {"source": 1, "prod": 0.58246343314518434, "target": 54, "value": 487.0, "supply": [{"l": "Bovine Meat", "v": 487.0}]}, {"source": 1, "prod": 0.07583793805724158, "target": 59, "value": 159.0, "supply": [{"l": "Demersal Fish", "v": 159.0}]}, {"source": 1, "prod": 0.0040428730081428577, "target": 48, "value": 4.0, "supply": [{"l": "Meat, Other", "v": 4.0}]}, {"source": 1, "prod": 0.0040428730081428577, "target": 42, "value": 4.0, "supply": [{"l": "Freshwater Fish", "v": 4.0}]}, {"source": 1, "prod": 2.0980455214121694, "target": 50, "value": 729.0, "supply": [{"l": "Mutton & Goat Meat", "v": 729.0}]}, {"source": 64, "prod": 1.6143579322122088, "target": 26, "value": 218.0, "supply": [{"l": "Fats, Animals, Raw", "v": 218.0}]}, {"source": 64, "prod": 0.055185216561150011, "target": 51, "value": 13.0, "supply": [{"l": "Sweeteners, Other", "v": 13.0}]}, {"source": 64, "prod": 0.01326567705796875, "target": 63, "value": 6.0, "supply": [{"l": "Cream", "v": 6.0}]}, {"source": 64, "prod": 0.0062551281538112055, "target": 67, "value": 8.0, "supply": [{"l": "Alcohol, Non-Food", "v": 8.0}]}, {"source": 64, "prod": 0.12326637294215162, "target": 28, "value": 12.0, "supply": [{"l": "Soyabean Oil", "v": 12.0}]}, {"source": 64, "prod": 0.0339601332684, "target": 68, "value": 4.0, "supply": [{"l": "Coconut Oil", "v": 4.0}]}, {"source": 64, "prod": 0.014810623231304667, "target": 76, "value": 2.0, "supply": [{"l": "Fish, Body Oil", "v": 2.0}]}, {"source": 64, "prod": 0.71992487401921901, "target": 16, "value": 174.0, "supply": [{"l": "Sugar", "v": 174.0}]}, {"source": 64, "prod": 0.036338664003151749, "target": 22, "value": 10.0, "supply": [{"l": "Honey", "v": 10.0}]}, {"source": 64, "prod": 0.014150055528500001, "target": 74, "value": 1.0, "supply": [{"l": "Maize Germ Oil", "v": 1.0}]}, {"source": 64, "prod": 0.16492616052115552, "target": 18, "value": 393.0, "supply": [{"l": "Beer", "v": 393.0}]}, {"source": 64, "prod": 0.034847151674664179, "target": 20, "value": 10.0, "supply": [{"l": "Beverages, Alcoholic", "v": 10.0}]}, {"source": 64, "prod": 0.041797087099569231, "target": 39, "value": 4.0, "supply": [{"l": "Sunflowerseed Oil", "v": 4.0}]}, {"source": 64, "prod": 0.063675249878250004, "target": 37, "value": 8.0, "supply": [{"l": "Palm Oil", "v": 8.0}]}, {"source": 64, "prod": 0.060643095122142873, "target": 65, "value": 6.0, "supply": [{"l": "Oilcrops Oil, Other", "v": 6.0}]}, {"source": 64, "prod": 0.010612541646375, "target": 43, "value": 1.0, "supply": [{"l": "Rape and Mustard Oil", "v": 1.0}]}, {"source": 64, "prod": 2.3198834628007439, "target": 24, "value": 278.0, "supply": [{"l": "Butter, Ghee", "v": 278.0}]}, {"source": 64, "prod": 0.050041025230489651, "target": 38, "value": 64.0, "supply": [{"l": "Wine", "v": 64.0}]}, {"source": 79, "prod": 0.015918812469562504, "target": 80, "value": 3.7500000000000009, "supply": [{"l": "Oil Palm", "v": 3.7500000000000009}]}, {"source": 80, "prod": 0.015918812469562504, "target": 64, "value": 3.7500000000000009, "supply": [{"l": "Oil Palm", "v": 3.7500000000000009}]}]}