{"nodes": [{"layer": 5, "name": "Maize"}, {"layer": 10, "name": "Feed", "fill": "#dbdb8d"}, {"layer": 5, "name": "Wheat"}, {"layer": 5, "name": "Oats"}, {"layer": 5, "name": "Potatoes"}, {"layer": 5, "name": "Roots, Other"}, {"layer": 5, "name": "Peas"}, {"layer": 5, "name": "Millet"}, {"layer": 13, "name": "Milk - Excluding Butter"}, {"layer": 13, "name": "Offals, Edible"}, {"layer": 5, "name": "Rape and Mustardseed"}, {"layer": 5, "name": "Barley"}, {"layer": 16, "name": "Food", "fill": "#b5cf6b"}, {"layer": 5, "name": "Nuts"}, {"layer": 5, "name": "Dates"}, {"layer": 13, "name": "Sugar", "fill": "#d6616b"}, {"layer": 5, "name": "Citrus, Other"}, {"layer": 13, "name": "Beer"}, {"layer": 5, "name": "Grapefruit"}, {"layer": 13, "name": "Beverages, Alcoholic"}, {"layer": 5, "name": "Cocoa Beans"}, {"layer": 5, "name": "Rice"}, {"layer": 13, "name": "Butter, Ghee"}, {"layer": 5, "name": "Tomatoes"}, {"layer": 13, "name": "Fats, Animals, Raw"}, {"layer": 5, "name": "Coffee"}, {"layer": 13, "name": "Soyabean Oil"}, {"layer": 5, "name": "Coconuts - Incl Copra"}, {"layer": 5, "name": "Treenuts"}, {"layer": 13, "name": "Crustaceans"}, {"layer": 13, "name": "Eggs"}, {"layer": 5, "name": "Vegetables, Other"}, {"layer": 13, "name": "Marine Fish, Other"}, {"layer": 5, "name": "Grapes"}, {"layer": 5, "name": "Groundnuts"}, {"layer": 13, "name": "Wine"}, {"layer": 13, "name": "Sunflowerseed Oil"}, {"layer": 13, "name": "Pigmeat"}, {"layer": 13, "name": "Poultry Meat"}, {"layer": 5, "name": "Cereals, Other"}, {"layer": 13, "name": "Freshwater Fish"}, {"layer": 5, "name": "Pineapples"}, {"layer": 13, "name": "Pelagic Fish"}, {"layer": 5, "name": "Beans"}, {"layer": 5, "name": "Apples"}, {"layer": 13, "name": "Fish, Seafood"}, {"layer": 13, "name": "Meat, Other"}, {"layer": 5, "name": "Lemons, Limes"}, {"layer": 13, "name": "Mutton & Goat Meat"}, {"layer": 13, "name": "Sweeteners, Other"}, {"layer": 13, "name": "Sesameseed Oil"}, {"layer": 5, "name": "Bananas"}, {"layer": 13, "name": "Bovine Meat"}, {"layer": 5, "name": "Fruits, Other"}, {"layer": 13, "name": "Molluscs, Other"}, {"layer": 13, "name": "Honey"}, {"layer": 5, "name": "Sweet potatoes"}, {"layer": 13, "name": "Demersal Fish"}, {"layer": 5, "name": "Oranges, Mandarines"}, {"layer": 5, "name": "Tea"}, {"layer": 13, "name": "Cottonseed Oil"}, {"layer": 13, "name": "Cream"}, {"layer": 10, "name": "Processing", "fill": "#9edae5"}, {"layer": 5, "name": "Oilcrops, Other"}, {"layer": 13, "name": "Oilcrops Oil, Other"}, {"layer": 16, "name": "Biofuels & Other", "fill": "#e7ba52"}, {"layer": 13, "name": "Alcohol, Non-Food"}, {"layer": 13, "name": "Coconut Oil"}, {"layer": 13, "name": "Palm Oil"}, {"name": "Waste", "fill": "#c7c7c7"}, {"layer": 2, "name": "Import", "fill": "#aec7e8"}, {"layer": 16, "name": "Export", "fill": "#aec7e8"}, {"layer": 13, "name": "Cephalopods"}, {"layer": 16, "name": "Stock Deposit", "fill": "#c7c7c7"}, {"layer": 0, "name": "Stock Draw", "fill": "#c7c7c7"}, {"layer": 2, "name": "Electricity", "fill": "#bcbd22"}, {"layer": 0, "name": "Fossil Fuels", "fill": "#c49c94"}, {"layer": 0, "name": "Renewables & Nuclear", "fill": "#2ca02c"}, {"layer": 2, "name": "Fertilizers", "fill": "#c5b0d5"}, {"layer": 0, "name": "Labor", "fill": "#7f7f7f"}], "links": [{"source": 0, "prod": 95.0, "target": 1, "value": 0.31718382898154496, "supply": [{"l": "Maize", "v": 0.31718382898154496}]}, {"source": 2, "prod": 45.0, "target": 1, "value": 0.15235486451221791, "supply": [{"l": "Wheat", "v": 0.15235486451221791}]}, {"source": 3, "prod": 36.0, "target": 1, "value": 0.086269693383435472, "supply": [{"l": "Oats", "v": 0.086269693383435472}]}, {"source": 4, "prod": 6.0, "target": 1, "value": 0.0041242844014976136, "supply": [{"l": "Potatoes", "v": 0.0041242844014976136}]}, {"source": 5, "prod": 15.0, "target": 1, "value": 0.011760671879283842, "supply": [{"l": "Roots, Other", "v": 0.011760671879283842}]}, {"source": 6, "prod": 5.0, "target": 1, "value": 0.019295530266136365, "supply": [{"l": "Peas", "v": 0.019295530266136365}]}, {"source": 7, "prod": 1.0, "target": 1, "value": 0.0033846862932776626, "supply": [{"l": "Millet", "v": 0.0033846862932776626}]}, {"source": 8, "prod": 715.0, "target": 1, "value": 0.44592137603239401, "supply": [{"l": "Milk - Excluding Butter", "v": 0.44592137603239401}]}, {"source": 9, "prod": 75.0, "target": 1, "value": 0.09315656178401463, "supply": [{"l": "Offals, Edible", "v": 0.09315656178401463}]}, {"source": 10, "prod": 1.0, "target": 1, "value": 0.0065307948593076922, "supply": [{"l": "Rape and Mustardseed", "v": 0.0065307948593076922}]}, {"source": 11, "prod": 120.0, "target": 1, "value": 0.40604507168739135, "supply": [{"l": "Barley", "v": 0.40604507168739135}]}, {"source": 0, "prod": 3.0, "target": 12, "value": 0.010016331441522473, "supply": [{"l": "Maize", "v": 0.010016331441522473}]}, {"source": 13, "prod": 2.0, "target": 12, "value": 0.0040428730081428568, "supply": [{"l": "Nuts", "v": 0.0040428730081428568}]}, {"source": 14, "prod": 1.0, "target": 12, "value": 0.0011791712940416668, "supply": [{"l": "Dates", "v": 0.0011791712940416668}]}, {"source": 15, "prod": 147.0, "target": 12, "value": 0.60886235950902712, "supply": [{"l": "Sugar", "v": 0.60886235950902712}]}, {"source": 16, "prod": 5.0, "target": 12, "value": 0.0012633978150446432, "supply": [{"l": "Citrus, Other", "v": 0.0012633978150446432}]}, {"source": 17, "prod": 373.0, "target": 12, "value": 0.15574339806286722, "supply": [{"l": "Beer", "v": 0.15574339806286722}]}, {"source": 18, "prod": 5.0, "target": 12, "value": 0.0012485343113382353, "supply": [{"l": "Grapefruit", "v": 0.0012485343113382353}]}, {"source": 19, "prod": 10.0, "target": 12, "value": 0.033797903332404462, "supply": [{"l": "Beverages, Alcoholic", "v": 0.033797903332404462}]}, {"source": 11, "prod": 4.0, "target": 12, "value": 0.013534835722913044, "supply": [{"l": "Barley", "v": 0.013534835722913044}]}, {"source": 20, "prod": 2.0, "target": 12, "value": 0.017873754351789475, "supply": [{"l": "Cocoa Beans", "v": 0.017873754351789475}]}, {"source": 21, "prod": 7.0, "target": 12, "value": 0.030241047877280974, "supply": [{"l": "Rice", "v": 0.030241047877280974}]}, {"source": 22, "prod": 45.0, "target": 12, "value": 0.37558974029665437, "supply": [{"l": "Butter, Ghee", "v": 0.37558974029665437}]}, {"source": 23, "prod": 44.0, "target": 12, "value": 0.0093725098984473124, "supply": [{"l": "Tomatoes", "v": 0.0093725098984473124}]}, {"source": 24, "prod": 21.0, "target": 12, "value": 0.16183724628662632, "supply": [{"l": "Fats, Animals, Raw", "v": 0.16183724628662632}]}, {"source": 25, "prod": 6.0, "target": 12, "value": 0.0025989897909489794, "supply": [{"l": "Coffee", "v": 0.0025989897909489794}]}, {"source": 2, "prod": 242.0, "target": 12, "value": 0.81933060471014973, "supply": [{"l": "Wheat", "v": 0.81933060471014973}]}, {"source": 26, "prod": 6.0, "target": 12, "value": 0.062091288438492549, "supply": [{"l": "Soyabean Oil", "v": 0.062091288438492549}]}, {"source": 27, "prod": 7.0, "target": 12, "value": 0.011266394923165876, "supply": [{"l": "Coconuts - Incl Copra", "v": 0.011266394923165876}]}, {"source": 28, "prod": 2.0, "target": 12, "value": 0.0039797031173906252, "supply": [{"l": "Treenuts", "v": 0.0039797031173906252}]}, {"source": 29, "prod": 5.0, "target": 12, "value": 0.0013605822623557692, "supply": [{"l": "Crustaceans", "v": 0.0013605822623557692}]}, {"source": 30, "prod": 52.0, "target": 12, "value": 0.085053675133379886, "supply": [{"l": "Eggs", "v": 0.085053675133379886}]}, {"source": 31, "prod": 242.0, "target": 12, "value": 0.09724126593613111, "supply": [{"l": "Vegetables, Other", "v": 0.09724126593613111}]}, {"source": 6, "prod": 7.0, "target": 12, "value": 0.027013742372590913, "supply": [{"l": "Peas", "v": 0.027013742372590913}]}, {"source": 32, "prod": 10.0, "target": 12, "value": 0.0068912608093344161, "supply": [{"l": "Marine Fish, Other", "v": 0.0068912608093344161}]}, {"source": 33, "prod": 25.0, "target": 12, "value": 0.022245771638517264, "supply": [{"l": "Grapes", "v": 0.022245771638517264}]}, {"source": 34, "prod": 4.0, "target": 12, "value": 0.026123179437230769, "supply": [{"l": "Groundnuts", "v": 0.026123179437230769}]}, {"source": 35, "prod": 35.0, "target": 12, "value": 0.027709478188581261, "supply": [{"l": "Wine", "v": 0.027709478188581261}]}, {"source": 36, "prod": 2.0, "target": 12, "value": 0.020163829128112501, "supply": [{"l": "Sunflowerseed Oil", "v": 0.020163829128112501}]}, {"source": 3, "prod": 12.0, "target": 12, "value": 0.028756564461145166, "supply": [{"l": "Oats", "v": 0.028756564461145166}]}, {"source": 37, "prod": 36.0, "target": 12, "value": 0.057191347149133147, "supply": [{"l": "Pigmeat", "v": 0.057191347149133147}]}, {"source": 38, "prod": 33.0, "target": 12, "value": 0.056464425035991368, "supply": [{"l": "Poultry Meat", "v": 0.056464425035991368}]}, {"source": 39, "prod": 14.0, "target": 12, "value": 0.051904133816331875, "supply": [{"l": "Cereals, Other", "v": 0.051904133816331875}]}, {"source": 4, "prod": 151.0, "target": 12, "value": 0.10379449077102326, "supply": [{"l": "Potatoes", "v": 0.10379449077102326}]}, {"source": 40, "prod": 2.0, "target": 12, "value": 0.002612317943723077, "supply": [{"l": "Freshwater Fish", "v": 0.002612317943723077}]}, {"source": 41, "prod": 5.0, "target": 12, "value": 0.0049360658820348843, "supply": [{"l": "Pineapples", "v": 0.0049360658820348843}]}, {"source": 8, "prod": 619.0, "target": 12, "value": 0.38604941505461804, "supply": [{"l": "Milk - Excluding Butter", "v": 0.38604941505461804}]}, {"source": 42, "prod": 3.0, "target": 12, "value": 0.0037456029340147056, "supply": [{"l": "Pelagic Fish", "v": 0.0037456029340147056}]}, {"source": 43, "prod": 1.0, "target": 12, "value": 0.0045482321341607148, "supply": [{"l": "Beans", "v": 0.0045482321341607148}]}, {"source": 44, "prod": 72.0, "target": 12, "value": 0.037079521592880423, "supply": [{"l": "Apples", "v": 0.037079521592880423}]}, {"source": 45, "prod": 44.0, "target": 12, "value": 0.026625906340156807, "supply": [{"l": "Fish, Seafood", "v": 0.026625906340156807}]}, {"source": 46, "prod": 2.0, "target": 12, "value": 0.0034419053988243241, "supply": [{"l": "Meat, Other", "v": 0.0034419053988243241}]}, {"source": 47, "prod": 3.0, "target": 12, "value": 0.0034866666600000002, "supply": [{"l": "Lemons, Limes", "v": 0.0034866666600000002}]}, {"source": 48, "prod": 98.0, "target": 12, "value": 0.28105311057372467, "supply": [{"l": "Mutton & Goat Meat", "v": 0.28105311057372467}]}, {"source": 49, "prod": 4.0, "target": 12, "value": 0.017565586173310346, "supply": [{"l": "Sweeteners, Other", "v": 0.017565586173310346}]}, {"source": 50, "prod": 1.0, "target": 12, "value": 0.011171096469868422, "supply": [{"l": "Sesameseed Oil", "v": 0.011171096469868422}]}, {"source": 51, "prod": 31.0, "target": 12, "value": 0.022734997754632624, "supply": [{"l": "Bananas", "v": 0.022734997754632624}]}, {"source": 52, "prod": 153.0, "target": 12, "value": 0.18355372051735552, "supply": [{"l": "Bovine Meat", "v": 0.18355372051735552}]}, {"source": 53, "prod": 59.0, "target": 12, "value": 0.030722600563479207, "supply": [{"l": "Fruits, Other", "v": 0.030722600563479207}]}, {"source": 54, "prod": 3.0, "target": 12, "value": 0.0034866666600000002, "supply": [{"l": "Molluscs, Other", "v": 0.0034866666600000002}]}, {"source": 55, "prod": 7.0, "target": 12, "value": 0.025317812358168167, "supply": [{"l": "Honey", "v": 0.025317812358168167}]}, {"source": 9, "prod": 18.0, "target": 12, "value": 0.022357574828163515, "supply": [{"l": "Offals, Edible", "v": 0.022357574828163515}]}, {"source": 56, "prod": 8.0, "target": 12, "value": 0.0070456708025726147, "supply": [{"l": "Sweet potatoes", "v": 0.0070456708025726147}]}, {"source": 57, "prod": 21.0, "target": 12, "value": 0.01054974554195858, "supply": [{"l": "Demersal Fish", "v": 0.01054974554195858}]}, {"source": 58, "prod": 22.0, "target": 12, "value": 0.0092465709394158428, "supply": [{"l": "Oranges, Mandarines", "v": 0.0092465709394158428}]}, {"source": 59, "prod": 7.0, "target": 12, "value": 0.002790151794352113, "supply": [{"l": "Tea", "v": 0.002790151794352113}]}, {"source": 60, "prod": 2.0, "target": 12, "value": 0.020934328727095889, "supply": [{"l": "Cottonseed Oil", "v": 0.020934328727095889}]}, {"source": 61, "prod": 8.0, "target": 12, "value": 0.018019662550579595, "supply": [{"l": "Cream", "v": 0.018019662550579595}]}, {"source": 2, "prod": 61.0, "target": 62, "value": 0.20652548300545095, "supply": [{"l": "Wheat", "v": 0.20652548300545095}]}, {"source": 51, "prod": 1.0, "target": 62, "value": 0.00073338702434298786, "supply": [{"l": "Bananas", "v": 0.00073338702434298786}]}, {"source": 27, "prod": 26.0, "target": 62, "value": 0.041846609714616116, "supply": [{"l": "Coconuts - Incl Copra", "v": 0.041846609714616116}]}, {"source": 4, "prod": 12.0, "target": 62, "value": 0.0082485688029952271, "supply": [{"l": "Potatoes", "v": 0.0082485688029952271}]}, {"source": 44, "prod": 14.0, "target": 62, "value": 0.0072099069763934143, "supply": [{"l": "Apples", "v": 0.0072099069763934143}]}, {"source": 53, "prod": 5.0, "target": 62, "value": 0.0026036102172440003, "supply": [{"l": "Fruits, Other", "v": 0.0026036102172440003}]}, {"source": 38, "prod": 2.0, "target": 62, "value": 0.0034220863658176587, "supply": [{"l": "Poultry Meat", "v": 0.0034220863658176587}]}, {"source": 11, "prod": 57.0, "target": 62, "value": 0.19287140905151084, "supply": [{"l": "Barley", "v": 0.19287140905151084}]}, {"source": 33, "prod": 40.0, "target": 62, "value": 0.035593234621627626, "supply": [{"l": "Grapes", "v": 0.035593234621627626}]}, {"source": 63, "prod": 3.0, "target": 62, "value": 0.018192928536642859, "supply": [{"l": "Oilcrops, Other", "v": 0.018192928536642859}]}, {"source": 64, "prod": 2.0, "target": 62, "value": 0.014150055528500001, "supply": [{"l": "Oilcrops Oil, Other", "v": 0.014150055528500001}]}, {"source": 35, "prod": 8.0, "target": 62, "value": 0.0063335950145328602, "supply": [{"l": "Wine", "v": 0.0063335950145328602}]}, {"source": 0, "prod": 2.0, "target": 65, "value": 0.0066775542943483153, "supply": [{"l": "Maize", "v": 0.0066775542943483153}]}, {"source": 66, "prod": 12.0, "target": 65, "value": 0.0095003925217992894, "supply": [{"l": "Alcohol, Non-Food", "v": 0.0095003925217992894}]}, {"source": 26, "prod": 1.0, "target": 65, "value": 0.010348548073082092, "supply": [{"l": "Soyabean Oil", "v": 0.010348548073082092}]}, {"source": 3, "prod": 2.0, "target": 65, "value": 0.0047927607435241937, "supply": [{"l": "Oats", "v": 0.0047927607435241937}]}, {"source": 67, "prod": 4.0, "target": 65, "value": 0.043663028487942866, "supply": [{"l": "Coconut Oil", "v": 0.043663028487942866}]}, {"source": 15, "prod": 9.0, "target": 65, "value": 0.03727728731687921, "supply": [{"l": "Sugar", "v": 0.03727728731687921}]}, {"source": 9, "prod": 44.0, "target": 65, "value": 0.054651849579955253, "supply": [{"l": "Offals, Edible", "v": 0.054651849579955253}]}, {"source": 11, "prod": 1.0, "target": 65, "value": 0.003383708930728261, "supply": [{"l": "Barley", "v": 0.003383708930728261}]}, {"source": 68, "prod": 1.0, "target": 65, "value": 0.010612541646375, "supply": [{"l": "Palm Oil", "v": 0.010612541646375}]}, {"source": 64, "prod": 2.0, "target": 65, "value": 0.014150055528500001, "supply": [{"l": "Oilcrops Oil, Other", "v": 0.014150055528500001}]}, {"source": 24, "prod": 27.0, "target": 65, "value": 0.20807645951137668, "supply": [{"l": "Fats, Animals, Raw", "v": 0.20807645951137668}]}, {"source": 36, "prod": 2.0, "target": 65, "value": 0.020163829128112501, "supply": [{"l": "Sunflowerseed Oil", "v": 0.020163829128112501}]}, {"source": 48, "prod": 17.0, "target": 65, "value": 0.048754111017891025, "supply": [{"l": "Mutton & Goat Meat", "v": 0.048754111017891025}]}, {"source": 0, "prod": 1.0, "target": 0, "value": 0.0033387771471741576, "supply": [{"l": "Maize", "v": 0.0033387771471741576}]}, {"source": 2, "prod": 11.0, "target": 2, "value": 0.037242300214097718, "supply": [{"l": "Wheat", "v": 0.037242300214097718}]}, {"source": 3, "prod": 3.0, "target": 3, "value": 0.0071891411152862914, "supply": [{"l": "Oats", "v": 0.0071891411152862914}]}, {"source": 4, "prod": 20.0, "target": 4, "value": 0.013747614671658713, "supply": [{"l": "Potatoes", "v": 0.013747614671658713}]}, {"source": 30, "prod": 2.0, "target": 30, "value": 0.0032712951974376886, "supply": [{"l": "Eggs", "v": 0.0032712951974376886}]}, {"source": 6, "prod": 4.0, "target": 6, "value": 0.015436424212909092, "supply": [{"l": "Peas", "v": 0.015436424212909092}]}, {"source": 56, "prod": 1.0, "target": 56, "value": 0.00088070885032157683, "supply": [{"l": "Sweet potatoes", "v": 0.00088070885032157683}]}, {"source": 11, "prod": 7.0, "target": 11, "value": 0.023685962515097823, "supply": [{"l": "Barley", "v": 0.023685962515097823}]}, {"source": 0, "prod": 5.0, "target": 69, "value": 0.016693885735870787, "supply": [{"l": "Maize", "v": 0.016693885735870787}]}, {"source": 2, "prod": 13.0, "target": 69, "value": 0.044013627525751851, "supply": [{"l": "Wheat", "v": 0.044013627525751851}]}, {"source": 51, "prod": 4.0, "target": 69, "value": 0.0029335480973719514, "supply": [{"l": "Bananas", "v": 0.0029335480973719514}]}, {"source": 3, "prod": 3.0, "target": 69, "value": 0.0071891411152862914, "supply": [{"l": "Oats", "v": 0.0071891411152862914}]}, {"source": 4, "prod": 4.0, "target": 69, "value": 0.0027495229343317425, "supply": [{"l": "Potatoes", "v": 0.0027495229343317425}]}, {"source": 30, "prod": 1.0, "target": 69, "value": 0.0016356475987188443, "supply": [{"l": "Eggs", "v": 0.0016356475987188443}]}, {"source": 31, "prod": 19.0, "target": 69, "value": 0.0076346448462251693, "supply": [{"l": "Vegetables, Other", "v": 0.0076346448462251693}]}, {"source": 53, "prod": 6.0, "target": 69, "value": 0.0031243322606928003, "supply": [{"l": "Fruits, Other", "v": 0.0031243322606928003}]}, {"source": 6, "prod": 3.0, "target": 69, "value": 0.011577318159681819, "supply": [{"l": "Peas", "v": 0.011577318159681819}]}, {"source": 8, "prod": 64.0, "target": 69, "value": 0.039914640651850658, "supply": [{"l": "Milk - Excluding Butter", "v": 0.039914640651850658}]}, {"source": 18, "prod": 1.0, "target": 69, "value": 0.00024970686226764708, "supply": [{"l": "Grapefruit", "v": 0.00024970686226764708}]}, {"source": 11, "prod": 10.0, "target": 69, "value": 0.033837089307282603, "supply": [{"l": "Barley", "v": 0.033837089307282603}]}, {"source": 58, "prod": 2.0, "target": 69, "value": 0.00084059735812871299, "supply": [{"l": "Oranges, Mandarines", "v": 0.00084059735812871299}]}, {"source": 23, "prod": 5.0, "target": 69, "value": 0.0010650579430053764, "supply": [{"l": "Tomatoes", "v": 0.0010650579430053764}]}, {"source": 44, "prod": 9.0, "target": 69, "value": 0.0046349401991100528, "supply": [{"l": "Apples", "v": 0.0046349401991100528}]}, {"source": 70, "prod": 1.0, "target": 47, "value": 0.0011622222200000001, "supply": [{"l": "Lemons, Limes", "v": 0.0011622222200000001}]}, {"source": 70, "prod": 2.0, "target": 28, "value": 0.0039797031173906252, "supply": [{"l": "Treenuts", "v": 0.0039797031173906252}]}, {"source": 70, "prod": 4.0, "target": 31, "value": 0.0016072936518368777, "supply": [{"l": "Vegetables, Other", "v": 0.0016072936518368777}]}, {"source": 70, "prod": 7.0, "target": 59, "value": 0.002790151794352113, "supply": [{"l": "Tea", "v": 0.002790151794352113}]}, {"source": 70, "prod": 3.0, "target": 44, "value": 0.0015449800663700176, "supply": [{"l": "Apples", "v": 0.0015449800663700176}]}, {"source": 70, "prod": 7.0, "target": 21, "value": 0.030241047877280974, "supply": [{"l": "Rice", "v": 0.030241047877280974}]}, {"source": 70, "prod": 32.0, "target": 2, "value": 0.10834123698646608, "supply": [{"l": "Wheat", "v": 0.10834123698646608}]}, {"source": 70, "prod": 1.0, "target": 18, "value": 0.00024970686226764708, "supply": [{"l": "Grapefruit", "v": 0.00024970686226764708}]}, {"source": 70, "prod": 6.0, "target": 25, "value": 0.0025989897909489794, "supply": [{"l": "Coffee", "v": 0.0025989897909489794}]}, {"source": 70, "prod": 1.0, "target": 7, "value": 0.0033846862932776626, "supply": [{"l": "Millet", "v": 0.0033846862932776626}]}, {"source": 70, "prod": 1.0, "target": 14, "value": 0.0011791712940416668, "supply": [{"l": "Dates", "v": 0.0011791712940416668}]}, {"source": 70, "prod": 27.0, "target": 1, "value": 0.019237842311552025, "supply": [{"l": "Pigmeat", "v": 0.0015886485319203656}, {"l": "Crustaceans", "v": 0.0010884658098846154}, {"l": "Marine Fish, Other", "v": 0.00068912608093344167}, {"l": "Freshwater Fish", "v": 0.002612317943723077}, {"l": "Milk - Excluding Butter", "v": 0.0012473325203703331}, {"l": "Pelagic Fish", "v": 0.0037456029340147056}, {"l": "Fish, Seafood", "v": 0.0072616108200427654}, {"l": "Demersal Fish", "v": 0.0010047376706627219}]}, {"source": 70, "prod": 2.0, "target": 13, "value": 0.0040428730081428568, "supply": [{"l": "Nuts", "v": 0.0040428730081428568}]}, {"source": 70, "prod": 5.0, "target": 20, "value": 0.044684385879473681, "supply": [{"l": "Cocoa Beans", "v": 0.044684385879473681}]}, {"source": 70, "prod": 16.0, "target": 58, "value": 0.0067247788650297039, "supply": [{"l": "Oranges, Mandarines", "v": 0.0067247788650297039}]}, {"source": 70, "prod": 5.0, "target": 41, "value": 0.0049360658820348843, "supply": [{"l": "Pineapples", "v": 0.0049360658820348843}]}, {"source": 70, "prod": 2.0, "target": 4, "value": 0.0013747614671658713, "supply": [{"l": "Potatoes", "v": 0.0013747614671658713}]}, {"source": 70, "prod": 35.0, "target": 51, "value": 0.025668545852004575, "supply": [{"l": "Bananas", "v": 0.025668545852004575}]}, {"source": 70, "prod": 25.0, "target": 33, "value": 0.022245771638517264, "supply": [{"l": "Grapes", "v": 0.022245771638517264}]}, {"source": 70, "prod": 211.0, "target": 62, "value": 0.97904370130145357, "supply": [{"l": "Alcohol, Non-Food", "v": 0.0039584968840830374}, {"l": "Sugar", "v": 0.71241037983369149}, {"l": "Beer", "v": 0.00041754262215245902}, {"l": "Beverages, Alcoholic", "v": 0.020278741999442681}, {"l": "Sesameseed Oil", "v": 0.011171096469868422}, {"l": "Fats, Animals, Raw", "v": 0.01541307107491679}, {"l": "Soyabean Oil", "v": 0.082788384584656732}, {"l": "Palm Oil", "v": 0.02122508329275}, {"l": "Sunflowerseed Oil", "v": 0.050409572820281252}, {"l": "Rape and Mustard Oil", "v": 0.012128619024428572}, {"l": "Oilcrops Oil, Other", "v": 0.0070750277642500003}, {"l": "Wine", "v": 0.001583398753633215}, {"l": "Sweeteners, Other", "v": 0.0087827930866551732}, {"l": "Cottonseed Oil", "v": 0.031401493090643835}]}, {"source": 70, "prod": 2.0, "target": 43, "value": 0.0090964642683214296, "supply": [{"l": "Beans", "v": 0.0090964642683214296}]}, {"source": 70, "prod": 6.0, "target": 53, "value": 0.0031243322606928003, "supply": [{"l": "Fruits, Other", "v": 0.0031243322606928003}]}, {"source": 70, "prod": 4.0, "target": 34, "value": 0.026123179437230769, "supply": [{"l": "Groundnuts", "v": 0.026123179437230769}]}, {"source": 70, "prod": 33.0, "target": 27, "value": 0.053113004637781992, "supply": [{"l": "Coconuts - Incl Copra", "v": 0.053113004637781992}]}, {"source": 70, "prod": 15.0, "target": 5, "value": 0.011760671879283842, "supply": [{"l": "Roots, Other", "v": 0.011760671879283842}]}, {"source": 0, "prod": 58.0, "target": 71, "value": 0.19364907453610114, "supply": [{"l": "Maize", "v": 0.19364907453610114}]}, {"source": 53, "prod": 16.0, "target": 71, "value": 0.0083315526951808008, "supply": [{"l": "Fruits, Other", "v": 0.0083315526951808008}]}, {"source": 15, "prod": 1.0, "target": 71, "value": 0.0041419208129865786, "supply": [{"l": "Sugar", "v": 0.0041419208129865786}]}, {"source": 17, "prod": 4.0, "target": 71, "value": 0.0016701704886098361, "supply": [{"l": "Beer", "v": 0.0016701704886098361}]}, {"source": 11, "prod": 14.0, "target": 71, "value": 0.047371925030195647, "supply": [{"l": "Barley", "v": 0.047371925030195647}]}, {"source": 22, "prod": 192.0, "target": 71, "value": 1.6025162252657252, "supply": [{"l": "Butter, Ghee", "v": 1.6025162252657252}]}, {"source": 39, "prod": 1.0, "target": 71, "value": 0.0037074381297379911, "supply": [{"l": "Cereals, Other", "v": 0.0037074381297379911}]}, {"source": 2, "prod": 4.0, "target": 71, "value": 0.01354265462330826, "supply": [{"l": "Wheat", "v": 0.01354265462330826}]}, {"source": 24, "prod": 126.0, "target": 71, "value": 0.97102347771975783, "supply": [{"l": "Fats, Animals, Raw", "v": 0.97102347771975783}]}, {"source": 29, "prod": 4.0, "target": 71, "value": 0.0010884658098846154, "supply": [{"l": "Crustaceans", "v": 0.0010884658098846154}]}, {"source": 30, "prod": 4.0, "target": 71, "value": 0.0065425903948753772, "supply": [{"l": "Eggs", "v": 0.0065425903948753772}]}, {"source": 31, "prod": 72.0, "target": 71, "value": 0.028931285733063795, "supply": [{"l": "Vegetables, Other", "v": 0.028931285733063795}]}, {"source": 6, "prod": 36.0, "target": 71, "value": 0.13892781791618183, "supply": [{"l": "Peas", "v": 0.13892781791618183}]}, {"source": 32, "prod": 1.0, "target": 71, "value": 0.00068912608093344167, "supply": [{"l": "Marine Fish, Other", "v": 0.00068912608093344167}]}, {"source": 68, "prod": 1.0, "target": 71, "value": 0.010612541646375, "supply": [{"l": "Palm Oil", "v": 0.010612541646375}]}, {"source": 63, "prod": 4.0, "target": 71, "value": 0.024257238048857144, "supply": [{"l": "Oilcrops, Other", "v": 0.024257238048857144}]}, {"source": 37, "prod": 1.0, "target": 71, "value": 0.0015886485319203656, "supply": [{"l": "Pigmeat", "v": 0.0015886485319203656}]}, {"source": 20, "prod": 5.0, "target": 71, "value": 0.044684385879473681, "supply": [{"l": "Cocoa Beans", "v": 0.044684385879473681}]}, {"source": 4, "prod": 12.0, "target": 71, "value": 0.0082485688029952271, "supply": [{"l": "Potatoes", "v": 0.0082485688029952271}]}, {"source": 40, "prod": 2.0, "target": 71, "value": 0.002612317943723077, "supply": [{"l": "Freshwater Fish", "v": 0.002612317943723077}]}, {"source": 8, "prod": 4786.0, "target": 71, "value": 2.9848667212462066, "supply": [{"l": "Milk - Excluding Butter", "v": 2.9848667212462066}]}, {"source": 43, "prod": 1.0, "target": 71, "value": 0.0045482321341607148, "supply": [{"l": "Beans", "v": 0.0045482321341607148}]}, {"source": 44, "prod": 87.0, "target": 71, "value": 0.044804421924730511, "supply": [{"l": "Apples", "v": 0.044804421924730511}]}, {"source": 45, "prod": 87.0, "target": 71, "value": 0.052646678445310041, "supply": [{"l": "Fish, Seafood", "v": 0.052646678445310041}]}, {"source": 46, "prod": 2.0, "target": 71, "value": 0.0034419053988243241, "supply": [{"l": "Meat, Other", "v": 0.0034419053988243241}]}, {"source": 72, "prod": 1.0, "target": 71, "value": 0.0012485343113382355, "supply": [{"l": "Cephalopods", "v": 0.0012485343113382355}]}, {"source": 48, "prod": 462.0, "target": 71, "value": 1.3249646641332733, "supply": [{"l": "Mutton & Goat Meat", "v": 1.3249646641332733}]}, {"source": 49, "prod": 11.0, "target": 71, "value": 0.048305361976603456, "supply": [{"l": "Sweeteners, Other", "v": 0.048305361976603456}]}, {"source": 42, "prod": 19.0, "target": 71, "value": 0.023722151915426471, "supply": [{"l": "Pelagic Fish", "v": 0.023722151915426471}]}, {"source": 52, "prod": 359.0, "target": 71, "value": 0.43069140957993879, "supply": [{"l": "Bovine Meat", "v": 0.43069140957993879}]}, {"source": 54, "prod": 12.0, "target": 71, "value": 0.013946666640000001, "supply": [{"l": "Molluscs, Other", "v": 0.013946666640000001}]}, {"source": 55, "prod": 2.0, "target": 71, "value": 0.0072336606737623335, "supply": [{"l": "Honey", "v": 0.0072336606737623335}]}, {"source": 9, "prod": 43.0, "target": 71, "value": 0.053409762089501725, "supply": [{"l": "Offals, Edible", "v": 0.053409762089501725}]}, {"source": 57, "prod": 48.0, "target": 71, "value": 0.024113704095905329, "supply": [{"l": "Demersal Fish", "v": 0.024113704095905329}]}, {"source": 24, "prod": 6.0, "target": 73, "value": 0.046239213224750379, "supply": [{"l": "Fats, Animals, Raw", "v": 0.046239213224750379}]}, {"source": 8, "prod": 337.0, "target": 73, "value": 0.21017552968240108, "supply": [{"l": "Milk - Excluding Butter", "v": 0.21017552968240108}]}, {"source": 11, "prod": 51.0, "target": 73, "value": 0.1725691554671413, "supply": [{"l": "Barley", "v": 0.1725691554671413}]}, {"source": 0, "prod": 15.0, "target": 73, "value": 0.050081657207612366, "supply": [{"l": "Maize", "v": 0.050081657207612366}]}, {"source": 6, "prod": 8.0, "target": 73, "value": 0.030872848425818184, "supply": [{"l": "Peas", "v": 0.030872848425818184}]}, {"source": 3, "prod": 2.0, "target": 73, "value": 0.0047927607435241937, "supply": [{"l": "Oats", "v": 0.0047927607435241937}]}, {"source": 74, "prod": 48.0, "target": 2, "value": 0.1625118554796991, "supply": [{"l": "Wheat", "v": 0.1625118554796991}]}, {"source": 22, "prod": 18.0, "target": 73, "value": 0.15023589611866173, "supply": [{"l": "Butter, Ghee", "v": 0.15023589611866173}]}, {"source": 74, "prod": 62.0, "target": 1, "value": 0.17780911077113193, "supply": [{"l": "Mutton & Goat Meat", "v": 0.17780911077113193}]}, {"source": 74, "prod": 6.0, "target": 62, "value": 0.030245825743673668, "supply": [{"l": "Sweeteners, Other", "v": 0.0087827930866551732}, {"l": "Honey", "v": 0.010850491010643499}, {"l": "Palm Oil", "v": 0.010612541646375}]}, {"source": 15, "prod": 16.0, "target": 73, "value": 0.066270733007785257, "supply": [{"l": "Sugar", "v": 0.066270733007785257}]}, {"source": 1, "prod": 35.0, "target": 38, "value": 0.059886511401809027, "supply": [{"l": "Poultry Meat", "v": 0.059886511401809027}]}, {"source": 1, "prod": 37.0, "target": 37, "value": 0.058779995681053514, "supply": [{"l": "Pigmeat", "v": 0.058779995681053514}]}, {"source": 1, "prod": 22.0, "target": 42, "value": 0.027467754849441178, "supply": [{"l": "Pelagic Fish", "v": 0.027467754849441178}]}, {"source": 1, "prod": 9.0, "target": 29, "value": 0.0024490480722403844, "supply": [{"l": "Crustaceans", "v": 0.0024490480722403844}]}, {"source": 1, "prod": 57.0, "target": 30, "value": 0.093231913126974111, "supply": [{"l": "Eggs", "v": 0.096503208324411796}]}, {"source": 1, "prod": 15.0, "target": 54, "value": 0.017433333299999999, "supply": [{"l": "Molluscs, Other", "v": 0.017433333299999999}]}, {"source": 1, "prod": 1.0, "target": 72, "value": 0.0012485343113382355, "supply": [{"l": "Cephalopods", "v": 0.0012485343113382355}]}, {"source": 1, "prod": 6521.0, "target": 8, "value": 4.0669276826674707, "supply": [{"l": "Milk - Excluding Butter", "v": 4.0669276826674707}]}, {"source": 1, "prod": 180.0, "target": 9, "value": 0.22357574828163512, "supply": [{"l": "Offals, Edible", "v": 0.22357574828163512}]}, {"source": 1, "prod": 11.0, "target": 32, "value": 0.0075803868902678574, "supply": [{"l": "Marine Fish, Other", "v": 0.0075803868902678574}]}, {"source": 1, "prod": 131.0, "target": 45, "value": 0.079272584785466851, "supply": [{"l": "Fish, Seafood", "v": 0.079272584785466851}]}, {"source": 1, "prod": 512.0, "target": 52, "value": 0.61424513009729431, "supply": [{"l": "Bovine Meat", "v": 0.61424513009729431}]}, {"source": 1, "prod": 69.0, "target": 57, "value": 0.034663449637863906, "supply": [{"l": "Demersal Fish", "v": 0.034663449637863906}]}, {"source": 1, "prod": 4.0, "target": 46, "value": 0.0068838107976486483, "supply": [{"l": "Meat, Other", "v": 0.0068838107976486483}]}, {"source": 1, "prod": 4.0, "target": 40, "value": 0.0052246358874461539, "supply": [{"l": "Freshwater Fish", "v": 0.0052246358874461539}]}, {"source": 1, "prod": 577.0, "target": 48, "value": 1.654771885724889, "supply": [{"l": "Mutton & Goat Meat", "v": 1.654771885724889}]}, {"source": 62, "prod": 180.0, "target": 24, "value": 1.3871763967425113, "supply": [{"l": "Fats, Animals, Raw", "v": 1.3871763967425113}]}, {"source": 62, "prod": 15.0, "target": 49, "value": 0.065870948149913802, "supply": [{"l": "Sweeteners, Other", "v": 0.065870948149913802}]}, {"source": 62, "prod": 1.0, "target": 50, "value": 0.011171096469868422, "supply": [{"l": "Sesameseed Oil", "v": 0.011171096469868422}]}, {"source": 62, "prod": 12.0, "target": 66, "value": 0.0095003925217992894, "supply": [{"l": "Alcohol, Non-Food", "v": 0.0095003925217992894}]}, {"source": 62, "prod": 7.0, "target": 26, "value": 0.072439836511574637, "supply": [{"l": "Soyabean Oil", "v": 0.072439836511574637}]}, {"source": 62, "prod": 4.0, "target": 67, "value": 0.043663028487942866, "supply": [{"l": "Coconut Oil", "v": 0.043663028487942866}]}, {"source": 62, "prod": 173.0, "target": 15, "value": 0.71655230064667819, "supply": [{"l": "Sugar", "v": 0.71655230064667819}]}, {"source": 62, "prod": 9.0, "target": 55, "value": 0.032551473031930497, "supply": [{"l": "Honey", "v": 0.032551473031930497}]}, {"source": 62, "prod": 2.0, "target": 68, "value": 0.02122508329275, "supply": [{"l": "Palm Oil", "v": 0.02122508329275}]}, {"source": 62, "prod": 377.0, "target": 17, "value": 0.15741356855147706, "supply": [{"l": "Beer", "v": 0.15741356855147706}]}, {"source": 62, "prod": 10.0, "target": 19, "value": 0.033797903332404462, "supply": [{"l": "Beverages, Alcoholic", "v": 0.033797903332404462}]}, {"source": 62, "prod": 4.0, "target": 36, "value": 0.040327658256225002, "supply": [{"l": "Sunflowerseed Oil", "v": 0.040327658256225002}]}, {"source": 62, "prod": 2.0, "target": 60, "value": 0.020934328727095889, "supply": [{"l": "Cottonseed Oil", "v": 0.020934328727095889}]}, {"source": 62, "prod": 4.0, "target": 64, "value": 0.028300111057000001, "supply": [{"l": "Oilcrops Oil, Other", "v": 0.028300111057000001}]}, {"source": 62, "prod": 8.0, "target": 61, "value": 0.018019662550579595, "supply": [{"l": "Cream", "v": 0.018019662550579595}]}, {"source": 62, "prod": 255.0, "target": 22, "value": 2.1283418616810414, "supply": [{"l": "Butter, Ghee", "v": 2.1283418616810414}]}, {"source": 62, "prod": 43.0, "target": 35, "value": 0.034043073203114123, "supply": [{"l": "Wine", "v": 0.034043073203114123}]}, {"source": 75, "prod": 0, "target": 0, "value": 0.00015331808397938808, "supply": "[{\"l\":'Energy for power irrigation',\"v\":0.00015331808397938808}]"}, {"source": 75, "prod": 0, "target": 2, "value": 0.00028736434176024968, "supply": "[{\"l\":'Energy for power irrigation',\"v\":0.00028736434176024968}]"}, {"source": 75, "prod": 0, "target": 58, "value": 1.413267254558605e-05, "supply": "[{\"l\":'Energy for power irrigation',\"v\":1.413267254558605e-05}]"}, {"source": 75, "prod": 0, "target": 39, "value": 1.2847884132350957e-05, "supply": "[{\"l\":'Energy for power irrigation',\"v\":1.2847884132350957e-05}]"}, {"source": 75, "prod": 0, "target": 4, "value": 0.00017473122419997303, "supply": "[{\"l\":'Energy for power irrigation',\"v\":0.00017473122419997303}]"}, {"source": 75, "prod": 0, "target": 3, "value": 4.967848531175703e-05, "supply": "[{\"l\":'Energy for power irrigation',\"v\":4.967848531175703e-05}]"}, {"source": 75, "prod": 0, "target": 31, "value": 0.00028350997652054443, "supply": "[{\"l\":'Energy for power irrigation',\"v\":0.00028350997652054443}]"}, {"source": 75, "prod": 0, "target": 53, "value": 7.0663362727930263e-05, "supply": "[{\"l\":'Energy for power irrigation',\"v\":7.0663362727930263e-05}]"}, {"source": 75, "prod": 0, "target": 6, "value": 5.3961113355874018e-05, "supply": "[{\"l\":'Energy for power irrigation',\"v\":5.3961113355874018e-05}]"}, {"source": 75, "prod": 0, "target": 56, "value": 7.2804676749988757e-06, "supply": "[{\"l\":'Energy for power irrigation',\"v\":7.2804676749988757e-06}]"}, {"source": 75, "prod": 0, "target": 16, "value": 4.710890848528684e-06, "supply": "[{\"l\":'Energy for power irrigation',\"v\":4.710890848528684e-06}]"}, {"source": 75, "prod": 0, "target": 18, "value": 4.710890848528684e-06, "supply": "[{\"l\":'Energy for power irrigation',\"v\":4.710890848528684e-06}]"}, {"source": 75, "prod": 0, "target": 10, "value": 8.5652560882339714e-07, "supply": "[{\"l\":'Energy for power irrigation',\"v\":8.5652560882339714e-07}]"}, {"source": 75, "prod": 0, "target": 11, "value": 0.0002261227607293768, "supply": "[{\"l\":'Energy for power irrigation',\"v\":0.0002261227607293768}]"}, {"source": 75, "prod": 0, "target": 33, "value": 4.4967594463228349e-05, "supply": "[{\"l\":'Energy for power irrigation',\"v\":4.4967594463228349e-05}]"}, {"source": 75, "prod": 0, "target": 63, "value": 5.9956792617637799e-06, "supply": "[{\"l\":'Energy for power irrigation',\"v\":5.9956792617637799e-06}]"}, {"source": 75, "prod": 0, "target": 47, "value": 2.5695768264701913e-06, "supply": "[{\"l\":'Energy for power irrigation',\"v\":2.5695768264701913e-06}]"}, {"source": 75, "prod": 0, "target": 23, "value": 4.196975483234646e-05, "supply": "[{\"l\":'Energy for power irrigation',\"v\":4.196975483234646e-05}]"}, {"source": 75, "prod": 0, "target": 44, "value": 0.00015503113519703488, "supply": "[{\"l\":'Energy for power irrigation',\"v\":0.00015503113519703488}]"}, {"source": 75, "prod": 0, "target": 62, "value": 0.40800000032639994, "supply": "[{\"l\":'Electricity',\"v\":0.40800000032639994}]"}, {"source": 76, "prod": 0, "target": 75, "value": 0.085692796150299733, "supply": [{"l": "Coal", "v": 0.016648579552572807}, {"l": "Natural gas", "v": 0.066115068014793069}, {"l": "Oil", "v": 0.0029291485829338625}]}, {"source": 77, "prod": 0, "target": 75, "value": 0.37273220441261284, "supply": [{"l": "Nuclear", "v": 0.0}, {"l": "Hydroelectric", "v": 0.34676042031059923}, {"l": "Renewable", "v": 0.025971784102013621}]}, {"source": 76, "prod": 0, "target": 0, "value": 0.25935951240730098, "supply": [{"l": "Motor Gasoline", "v": 0.12469160978266391}, {"l": "Gas-Diesel oil", "v": 0.12103248805089273}, {"l": "Natural gas (including LNG)", "v": 0.002668378585859949}, {"l": "Fuel oil", "v": 0.0073027496523986489}, {"l": "Liquefied petroleum gas (LPG)", "v": 0.0012214287784952477}, {"l": "Coal", "v": 0.0024428575569904959}]}, {"source": 76, "prod": 0, "target": 2, "value": 0.48611796878575125, "supply": [{"l": "Motor Gasoline", "v": 0.23370969319599855}, {"l": "Gas-Diesel oil", "v": 0.22685139520153358}, {"l": "Natural gas (including LNG)", "v": 0.0050013464556201842}, {"l": "Fuel oil", "v": 0.013687555912736016}, {"l": "Liquefied petroleum gas (LPG)", "v": 0.0022893260066209811}, {"l": "Coal", "v": 0.004578652013241963}]}, {"source": 76, "prod": 0, "target": 58, "value": 0.023907441087823833, "supply": [{"l": "Motor Gasoline", "v": 0.011493919337508126}, {"l": "Gas-Diesel oil", "v": 0.011156625993518045}, {"l": "Natural gas (including LNG)", "v": 0.00024596785847312379}, {"l": "Fuel oil", "v": 0.00067315848751160734}, {"l": "Liquefied petroleum gas (LPG)", "v": 0.00011258980360431055}, {"l": "Coal", "v": 0.00022517960720862113}]}, {"source": 76, "prod": 0, "target": 39, "value": 0.021734037352567123, "supply": [{"l": "Motor Gasoline", "v": 0.010449017579552843}, {"l": "Gas-Diesel oil", "v": 0.010142387266834588}, {"l": "Natural gas (including LNG)", "v": 0.00022360714406647621}, {"l": "Fuel oil", "v": 0.00061196226137418853}, {"l": "Liquefied petroleum gas (LPG)", "v": 0.00010235436691300959}, {"l": "Coal", "v": 0.00020470873382601922}]}, {"source": 76, "prod": 0, "target": 4, "value": 0.29558290799491288, "supply": [{"l": "Motor Gasoline", "v": 0.14210663908191867}, {"l": "Gas-Diesel oil", "v": 0.13793646682895039}, {"l": "Natural gas (including LNG)", "v": 0.0030410571593040767}, {"l": "Fuel oil", "v": 0.0083226867546889634}, {"l": "Liquefied petroleum gas (LPG)", "v": 0.0013920193900169306}, {"l": "Coal", "v": 0.0027840387800338617}]}, {"source": 76, "prod": 0, "target": 3, "value": 0.084038277763259547, "supply": [{"l": "Motor Gasoline", "v": 0.040402867974270992}, {"l": "Gas-Diesel oil", "v": 0.039217230765093737}, {"l": "Natural gas (including LNG)", "v": 0.0008646142903903746}, {"l": "Fuel oil", "v": 0.0023662540773135288}, {"l": "Liquefied petroleum gas (LPG)", "v": 0.00039577021873030377}, {"l": "Coal", "v": 0.00079154043746060764}]}, {"source": 76, "prod": 0, "target": 31, "value": 0.47959775757998113, "supply": [{"l": "Motor Gasoline", "v": 0.23057498792213271}, {"l": "Gas-Diesel oil", "v": 0.22380867902148321}, {"l": "Natural gas (including LNG)", "v": 0.0049342643124002409}, {"l": "Fuel oil", "v": 0.013503967234323759}, {"l": "Liquefied petroleum gas (LPG)", "v": 0.0022586196965470782}, {"l": "Coal", "v": 0.0045172393930941572}]}, {"source": 76, "prod": 0, "target": 53, "value": 0.11953720543911917, "supply": [{"l": "Motor Gasoline", "v": 0.057469596687540633}, {"l": "Gas-Diesel oil", "v": 0.055783129967590231}, {"l": "Natural gas (including LNG)", "v": 0.0012298392923656191}, {"l": "Fuel oil", "v": 0.0033657924375580365}, {"l": "Liquefied petroleum gas (LPG)", "v": 0.00056294901802155276}, {"l": "Coal", "v": 0.0011258980360431057}]}, {"source": 76, "prod": 0, "target": 6, "value": 0.091282956880781918, "supply": [{"l": "Motor Gasoline", "v": 0.043885873834121937}, {"l": "Gas-Diesel oil", "v": 0.042598026520705268}, {"l": "Natural gas (including LNG)", "v": 0.00093915000507920011}, {"l": "Fuel oil", "v": 0.0025702414977715918}, {"l": "Liquefied petroleum gas (LPG)", "v": 0.00042988834103464032}, {"l": "Coal", "v": 0.00085977668206928075}]}, {"source": 76, "prod": 0, "target": 56, "value": 0.012315954499788036, "supply": [{"l": "Motor Gasoline", "v": 0.0059211099617466111}, {"l": "Gas-Diesel oil", "v": 0.0057473527845395998}, {"l": "Natural gas (including LNG)", "v": 0.00012671071497100318}, {"l": "Fuel oil", "v": 0.00034677861477870684}, {"l": "Liquefied petroleum gas (LPG)", "v": 5.8000807917372109e-05}, {"l": "Coal", "v": 0.00011600161583474423}]}, {"source": 76, "prod": 0, "target": 16, "value": 0.0079691470292746116, "supply": [{"l": "Motor Gasoline", "v": 0.0038313064458360422}, {"l": "Gas-Diesel oil", "v": 0.0037188753311726821}, {"l": "Natural gas (including LNG)", "v": 8.1989286157707939e-05}, {"l": "Fuel oil", "v": 0.00022438616250386911}, {"l": "Liquefied petroleum gas (LPG)", "v": 3.7529934534770186e-05}, {"l": "Coal", "v": 7.5059869069540373e-05}]}, {"source": 76, "prod": 0, "target": 18, "value": 0.0079691470292746116, "supply": [{"l": "Motor Gasoline", "v": 0.0038313064458360422}, {"l": "Gas-Diesel oil", "v": 0.0037188753311726821}, {"l": "Natural gas (including LNG)", "v": 8.1989286157707939e-05}, {"l": "Fuel oil", "v": 0.00022438616250386911}, {"l": "Liquefied petroleum gas (LPG)", "v": 3.7529934534770186e-05}, {"l": "Coal", "v": 7.5059869069540373e-05}]}, {"source": 76, "prod": 0, "target": 10, "value": 0.0014489358235044748, "supply": [{"l": "Motor Gasoline", "v": 0.00069660117197018943}, {"l": "Gas-Diesel oil", "v": 0.00067615915112230582}, {"l": "Natural gas (including LNG)", "v": 1.490714293776508e-05}, {"l": "Fuel oil", "v": 4.0797484091612569e-05}, {"l": "Liquefied petroleum gas (LPG)", "v": 6.8236244608673062e-06}, {"l": "Coal", "v": 1.3647248921734614e-05}]}, {"source": 76, "prod": 0, "target": 11, "value": 0.38251905740518133, "supply": [{"l": "Motor Gasoline", "v": 0.18390270940013001}, {"l": "Gas-Diesel oil", "v": 0.17850601589628873}, {"l": "Natural gas (including LNG)", "v": 0.0039354857355699806}, {"l": "Fuel oil", "v": 0.010770535800185718}, {"l": "Liquefied petroleum gas (LPG)", "v": 0.0018014368576689688}, {"l": "Coal", "v": 0.0036028737153379381}]}, {"source": 76, "prod": 0, "target": 33, "value": 0.076069130733984927, "supply": [{"l": "Motor Gasoline", "v": 0.036571561528434944}, {"l": "Gas-Diesel oil", "v": 0.035498355433921054}, {"l": "Natural gas (including LNG)", "v": 0.00078262500423266664}, {"l": "Fuel oil", "v": 0.0021418679148096599}, {"l": "Liquefied petroleum gas (LPG)", "v": 0.0003582402841955336}, {"l": "Coal", "v": 0.00071648056839106731}]}, {"source": 76, "prod": 0, "target": 63, "value": 0.010142550764531324, "supply": [{"l": "Motor Gasoline", "v": 0.0048762082037913266}, {"l": "Gas-Diesel oil", "v": 0.004733114057856141}, {"l": "Natural gas (including LNG)", "v": 0.00010435000056435556}, {"l": "Fuel oil", "v": 0.00028558238864128798}, {"l": "Liquefied petroleum gas (LPG)", "v": 4.7765371226071145e-05}, {"l": "Coal", "v": 9.5530742452142303e-05}]}, {"source": 76, "prod": 0, "target": 47, "value": 0.0043468074705134245, "supply": [{"l": "Motor Gasoline", "v": 0.0020898035159105685}, {"l": "Gas-Diesel oil", "v": 0.0020284774533669177}, {"l": "Natural gas (including LNG)", "v": 4.4721428813295244e-05}, {"l": "Fuel oil", "v": 0.0001223924522748377}, {"l": "Liquefied petroleum gas (LPG)", "v": 2.047087338260192e-05}, {"l": "Coal", "v": 4.0941746765203846e-05}]}, {"source": 76, "prod": 0, "target": 23, "value": 0.070997855351719263, "supply": [{"l": "Motor Gasoline", "v": 0.034133457426539282}, {"l": "Gas-Diesel oil", "v": 0.033131798404992988}, {"l": "Natural gas (including LNG)", "v": 0.00073045000395048892}, {"l": "Fuel oil", "v": 0.0019990767204890159}, {"l": "Liquefied petroleum gas (LPG)", "v": 0.00033435759858249805}, {"l": "Coal", "v": 0.00066871519716499609}]}, {"source": 76, "prod": 0, "target": 44, "value": 0.26225738405430998, "supply": [{"l": "Motor Gasoline", "v": 0.1260848121266043}, {"l": "Gas-Diesel oil", "v": 0.12238480635313737}, {"l": "Natural gas (including LNG)", "v": 0.0026981928717354797}, {"l": "Fuel oil", "v": 0.0073843446205818751}, {"l": "Liquefied petroleum gas (LPG)", "v": 0.0012350760274169826}, {"l": "Coal", "v": 0.0024701520548339653}]}, {"source": 76, "prod": 0, "target": 1, "value": 1.3551524640470849, "supply": [{"l": "Gas-diesel oils used in fisheries", "v": 1.3247065751338394}, {"l": "Fuel oil used in fisheries", "v": 0.030445888913245601}]}, {"source": 78, "prod": 50.785614126200976, "target": 0, "value": 0.22656938316980105, "supply": [{"l": "Potash", "v": 0.27613083355423801}, {"l": "Phosphate", "v": 1.7519291680682101}, {"l": "Nitrogen", "v": 0.40914305588286998}]}, {"source": 78, "prod": 95.187561672292901, "target": 2, "value": 0.42465937460038128, "supply": [{"l": "Potash", "v": 0.27613083355423801}, {"l": "Phosphate", "v": 1.7519291680682101}, {"l": "Nitrogen", "v": 0.40914305588286998}]}, {"source": 78, "prod": 4.6813554920799785, "target": 58, "value": 0.020884887275428587, "supply": [{"l": "Potash", "v": 0.27613083355423801}, {"l": "Phosphate", "v": 1.7519291680682101}, {"l": "Nitrogen", "v": 0.40914305588286998}]}, {"source": 78, "prod": 4.2557777200727083, "target": 39, "value": 0.018986261159480537, "supply": [{"l": "Potash", "v": 0.27613083355423801}, {"l": "Phosphate", "v": 1.7519291680682101}, {"l": "Nitrogen", "v": 0.40914305588286998}]}, {"source": 78, "prod": 57.878576992988833, "target": 4, "value": 0.25821315176893528, "supply": [{"l": "Potash", "v": 0.27613083355423801}, {"l": "Phosphate", "v": 1.7519291680682101}, {"l": "Nitrogen", "v": 0.40914305588286998}]}, {"source": 78, "prod": 16.455673850947804, "target": 3, "value": 0.073413543149991406, "supply": [{"l": "Potash", "v": 0.27613083355423801}, {"l": "Phosphate", "v": 1.7519291680682101}, {"l": "Nitrogen", "v": 0.40914305588286998}]}, {"source": 78, "prod": 93.910828356271082, "target": 31, "value": 0.41896349625253715, "supply": [{"l": "Potash", "v": 0.27613083355423801}, {"l": "Phosphate", "v": 1.7519291680682101}, {"l": "Nitrogen", "v": 0.40914305588286998}]}, {"source": 78, "prod": 23.406777460399894, "target": 53, "value": 0.10442443637714294, "supply": [{"l": "Potash", "v": 0.27613083355423801}, {"l": "Phosphate", "v": 1.7519291680682101}, {"l": "Nitrogen", "v": 0.40914305588286998}]}, {"source": 78, "prod": 17.874266424305375, "target": 6, "value": 0.079742296869818249, "supply": [{"l": "Potash", "v": 0.27613083355423801}, {"l": "Phosphate", "v": 1.7519291680682101}, {"l": "Nitrogen", "v": 0.40914305588286998}]}, {"source": 78, "prod": 2.4116073747078679, "target": 56, "value": 0.010758881323705637, "supply": [{"l": "Potash", "v": 0.27613083355423801}, {"l": "Phosphate", "v": 1.7519291680682101}, {"l": "Nitrogen", "v": 0.40914305588286998}]}, {"source": 78, "prod": 1.5604518306933262, "target": 16, "value": 0.0069616290918095292, "supply": [{"l": "Potash", "v": 0.27613083355423801}, {"l": "Phosphate", "v": 1.7519291680682101}, {"l": "Nitrogen", "v": 0.40914305588286998}]}, {"source": 78, "prod": 1.5604518306933262, "target": 18, "value": 0.0069616290918095292, "supply": [{"l": "Potash", "v": 0.27613083355423801}, {"l": "Phosphate", "v": 1.7519291680682101}, {"l": "Nitrogen", "v": 0.40914305588286998}]}, {"source": 78, "prod": 0.28371851467151388, "target": 10, "value": 0.0012657507439653691, "supply": [{"l": "Potash", "v": 0.27613083355423801}, {"l": "Phosphate", "v": 1.7519291680682101}, {"l": "Nitrogen", "v": 0.40914305588286998}]}, {"source": 78, "prod": 74.901687873279656, "target": 11, "value": 0.3341581964068574, "supply": [{"l": "Potash", "v": 0.27613083355423801}, {"l": "Phosphate", "v": 1.7519291680682101}, {"l": "Nitrogen", "v": 0.40914305588286998}]}, {"source": 78, "prod": 14.895222020254478, "target": 33, "value": 0.066451914058181877, "supply": [{"l": "Potash", "v": 0.27613083355423801}, {"l": "Phosphate", "v": 1.7519291680682101}, {"l": "Nitrogen", "v": 0.40914305588286998}]}, {"source": 78, "prod": 1.986029602700597, "target": 63, "value": 0.0088602552077575829, "supply": [{"l": "Potash", "v": 0.27613083355423801}, {"l": "Phosphate", "v": 1.7519291680682101}, {"l": "Nitrogen", "v": 0.40914305588286998}]}, {"source": 78, "prod": 0.85115554401454163, "target": 47, "value": 0.0037972522318961074, "supply": [{"l": "Potash", "v": 0.27613083355423801}, {"l": "Phosphate", "v": 1.7519291680682101}, {"l": "Nitrogen", "v": 0.40914305588286998}]}, {"source": 78, "prod": 13.902207218904179, "target": 23, "value": 0.062021786454303084, "supply": [{"l": "Potash", "v": 0.27613083355423801}, {"l": "Phosphate", "v": 1.7519291680682101}, {"l": "Nitrogen", "v": 0.40914305588286998}]}, {"source": 78, "prod": 51.353051155544016, "target": 44, "value": 0.22910088465773182, "supply": [{"l": "Potash", "v": 0.27613083355423801}, {"l": "Phosphate", "v": 1.7519291680682101}, {"l": "Nitrogen", "v": 0.40914305588286998}]}, {"source": 76, "prod": 0, "target": 78, "value": 3.0737733085739776, "supply": [{"l": "Natural gas (including LNG)", "v": 2.1181724345301292}, {"l": "Fuel oil", "v": 0.88327617063146857}, {"l": "Liquefied petroleum gas (LPG)", "v": 0.036162351706189769}, {"l": "Coal", "v": 0.036162351706189769}]}, {"source": 79, "prod": 0, "target": 0, "value": 0.011692504572037913, "supply": "[{\"l\":'Labor',\"v\":0.011692504572037913}]"}, {"source": 79, "prod": 0, "target": 5, "value": 0.00048990940944292939, "supply": "[{\"l\":'Labor',\"v\":0.00048990940944292939}]"}, {"source": 79, "prod": 0, "target": 13, "value": 6.5321254592390579e-05, "supply": "[{\"l\":'Labor',\"v\":6.5321254592390579e-05}]"}, {"source": 79, "prod": 0, "target": 16, "value": 0.00035926690025814821, "supply": "[{\"l\":'Labor',\"v\":0.00035926690025814821}]"}, {"source": 79, "prod": 0, "target": 18, "value": 0.00035926690025814821, "supply": "[{\"l\":'Labor',\"v\":0.00035926690025814821}]"}, {"source": 79, "prod": 0, "target": 11, "value": 0.017244811212391114, "supply": "[{\"l\":'Labor',\"v\":0.017244811212391114}]"}, {"source": 79, "prod": 0, "target": 21, "value": 0.00022862439107336702, "supply": "[{\"l\":'Labor',\"v\":0.00022862439107336702}]"}, {"source": 79, "prod": 0, "target": 23, "value": 0.0032007414750271387, "supply": "[{\"l\":'Labor',\"v\":0.0032007414750271387}]"}, {"source": 79, "prod": 0, "target": 25, "value": 0.00019596376377717175, "supply": "[{\"l\":'Labor',\"v\":0.00019596376377717175}]"}, {"source": 79, "prod": 0, "target": 2, "value": 0.021915280915747039, "supply": "[{\"l\":'Labor',\"v\":0.021915280915747039}]"}, {"source": 79, "prod": 0, "target": 27, "value": 0.0010778007007744446, "supply": "[{\"l\":'Labor',\"v\":0.0010778007007744446}]"}, {"source": 79, "prod": 0, "target": 28, "value": 6.5321254592390579e-05, "supply": "[{\"l\":'Labor',\"v\":6.5321254592390579e-05}]"}, {"source": 79, "prod": 0, "target": 3, "value": 0.0037886327663586537, "supply": "[{\"l\":'Labor',\"v\":0.0037886327663586537}]"}, {"source": 79, "prod": 0, "target": 6, "value": 0.0041152390393206072, "supply": "[{\"l\":'Labor',\"v\":0.0041152390393206072}]"}, {"source": 79, "prod": 0, "target": 33, "value": 0.0034293658661005057, "supply": "[{\"l\":'Labor',\"v\":0.0034293658661005057}]"}, {"source": 79, "prod": 0, "target": 34, "value": 0.00013064250918478116, "supply": "[{\"l\":'Labor',\"v\":0.00013064250918478116}]"}, {"source": 79, "prod": 0, "target": 63, "value": 0.00045724878214673404, "supply": "[{\"l\":'Labor',\"v\":0.00045724878214673404}]"}, {"source": 79, "prod": 0, "target": 14, "value": 3.266062729619529e-05, "supply": "[{\"l\":'Labor',\"v\":3.266062729619529e-05}]"}, {"source": 79, "prod": 0, "target": 20, "value": 0.00022862439107336702, "supply": "[{\"l\":'Labor',\"v\":0.00022862439107336702}]"}, {"source": 79, "prod": 0, "target": 4, "value": 0.013325535936847679, "supply": "[{\"l\":'Labor',\"v\":0.013325535936847679}]"}, {"source": 79, "prod": 0, "target": 31, "value": 0.021621335270081282, "supply": "[{\"l\":'Labor',\"v\":0.021621335270081282}]"}, {"source": 79, "prod": 0, "target": 43, "value": 6.5321254592390579e-05, "supply": "[{\"l\":'Labor',\"v\":6.5321254592390579e-05}]"}, {"source": 79, "prod": 0, "target": 44, "value": 0.011823147081222696, "supply": "[{\"l\":'Labor',\"v\":0.011823147081222696}]"}, {"source": 79, "prod": 0, "target": 47, "value": 0.00019596376377717175, "supply": "[{\"l\":'Labor',\"v\":0.00019596376377717175}]"}, {"source": 79, "prod": 0, "target": 39, "value": 0.00097981881888585878, "supply": "[{\"l\":'Labor',\"v\":0.00097981881888585878}]"}, {"source": 79, "prod": 0, "target": 41, "value": 0.00016330313648097645, "supply": "[{\"l\":'Labor',\"v\":0.00016330313648097645}]"}, {"source": 79, "prod": 0, "target": 51, "value": 0.0011757825826630305, "supply": "[{\"l\":'Labor',\"v\":0.0011757825826630305}]"}, {"source": 79, "prod": 0, "target": 53, "value": 0.0053890035038722233, "supply": "[{\"l\":'Labor',\"v\":0.0053890035038722233}]"}, {"source": 79, "prod": 0, "target": 7, "value": 3.266062729619529e-05, "supply": "[{\"l\":'Labor',\"v\":3.266062729619529e-05}]"}, {"source": 79, "prod": 0, "target": 56, "value": 0.00055523066403531998, "supply": "[{\"l\":'Labor',\"v\":0.00055523066403531998}]"}, {"source": 79, "prod": 0, "target": 10, "value": 6.5321254592390579e-05, "supply": "[{\"l\":'Labor',\"v\":6.5321254592390579e-05}]"}, {"source": 79, "prod": 0, "target": 58, "value": 0.0010778007007744446, "supply": "[{\"l\":'Labor',\"v\":0.0010778007007744446}]"}, {"source": 79, "prod": 0, "target": 59, "value": 0.00022862439107336702, "supply": "[{\"l\":'Labor',\"v\":0.00022862439107336702}]"}, {"source": 76, "prod": 0, "target": 70, "value": 0.89962993564614535, "supply": "[{\"l\":'Fossil Fuels',\"v\":0.89962993564614535}]"}, {"source": 77, "prod": 0, "target": 70, "value": 0.46809307041466525, "supply": "[{\"l\":'Renewables & Nuclear',\"v\":0.39466373013166284},{\"l\":'Biomass & Waste',\"v\":0.073429340283002423}]"}]}