{"nodes": [{"layer": 13, "name": "Aquatic Products", "fill": "#1f77b4"}, {"layer": 10, "name": "Feed", "fill": "#dbdb8d"}, {"layer": 5, "name": "Starchy Roots"}, {"layer": 5, "name": "Fruits & Vegetables"}, {"layer": 13, "name": "Animal Products", "fill": "#17becf"}, {"layer": 5, "name": "Cereals", "fill": "#e7ba52"}, {"layer": 13, "name": "Other Processed", "fill": "#9c9ede"}, {"layer": 16, "name": "Food", "fill": "#b5cf6b"}, {"layer": 5, "name": "Oilcrops", "fill": "#ff9896"}, {"layer": 13, "name": "Sugar", "fill": "#d6616b"}, {"layer": 5, "name": "Others"}, {"layer": 13, "name": "Vegetable Oils", "fill": "#f7b6d2"}, {"layer": 10, "name": "Processing", "fill": "#9edae5"}, {"layer": 16, "name": "Biofuels & Other", "fill": "#e7ba52"}, {"name": "Waste", "fill": "#c7c7c7"}, {"layer": 2, "name": "Import", "fill": "#aec7e8"}, {"layer": 16, "name": "Export", "fill": "#aec7e8"}, {"layer": 16, "name": "Stock Deposit", "fill": "#c7c7c7"}, {"layer": 0, "name": "Stock Draw", "fill": "#c7c7c7"}, {"name": "Crop Residue", "fill": "#bd9e39"}, {"layer": 2, "name": "Electricity", "fill": "#bcbd22"}, {"layer": 0, "name": "Fossil Fuels", "fill": "#c49c94"}, {"layer": 0, "name": "Renewables & Nuclear", "fill": "#2ca02c"}, {"layer": 2, "name": "Fertilizers", "fill": "#c5b0d5"}, {"layer": 0, "name": "Labor", "fill": "#7f7f7f"}], "links": [{"source": 0, "prod": 8.0, "target": 1, "value": 0.0058703094064756212, "supply": [{"l": "Pelagic Fish", "v": 0.0039260269674450867}, {"l": "Fish, Seafood", "v": 0.0019442824390305347}]}, {"source": 2, "prod": 19.0, "target": 1, "value": 0.01369068036707384, "supply": [{"l": "Potatoes", "v": 0.0068279220151309739}, {"l": "Roots, Other", "v": 0.0068627583519428673}]}, {"source": 3, "prod": 3.0, "target": 1, "value": 0.011867788507774195, "supply": [{"l": "Peas", "v": 0.011867788507774195}]}, {"source": 4, "prod": 1135.0, "target": 1, "value": 0.75210240274476192, "supply": [{"l": "Milk - Excluding Butter", "v": 0.67023422432986901}, {"l": "Offals, Edible", "v": 0.08186817841489287}]}, {"source": 5, "prod": 362.0, "target": 1, "value": 1.2686833969895623, "supply": [{"l": "Cereals, Other", "v": 0.0036747905402373139}, {"l": "Wheat", "v": 0.25722325619833442}, {"l": "Maize", "v": 0.42064255980177273}, {"l": "Barley", "v": 0.50586448514387505}, {"l": "Oats", "v": 0.08127830530534301}]}, {"source": 6, "prod": 487.0, "target": 7, "value": 0.74087567887580097, "supply": [{"l": "Beer", "v": 0.15735383740517986}, {"l": "Beverages, Alcoholic", "v": 0.027569111878405904}, {"l": "Fats, Animals, Raw", "v": 0.11861075957713237}, {"l": "Butter, Ghee", "v": 0.38315841365243353}, {"l": "Wine", "v": 0.020534034069265114}, {"l": "Cream", "v": 0.033649522293384145}]}, {"source": 4, "prod": 1147.0, "target": 7, "value": 1.2088729033932006, "supply": [{"l": "Pigmeat", "v": 0.056457652284997481}, {"l": "Meat, Other", "v": 0.0011473017996081081}, {"l": "Eggs", "v": 0.085212290302493235}, {"l": "Mutton & Goat Meat", "v": 0.36543838494919451}, {"l": "Poultry Meat", "v": 0.034213567098761201}, {"l": "Milk - Excluding Butter", "v": 0.46709494586132133}, {"l": "Bovine Meat", "v": 0.17698107607458102}, {"l": "Offals, Edible", "v": 0.022327685022243506}]}, {"source": 5, "prod": 245.0, "target": 7, "value": 0.82900700490671442, "supply": [{"l": "Maize", "v": 0.003859106053227273}, {"l": "Barley", "v": 0.010612541646375}, {"l": "Rice", "v": 0.024565071019020307}, {"l": "Cereals, Other", "v": 0.036747905402373132}, {"l": "Wheat", "v": 0.73105557024789791}, {"l": "Oats", "v": 0.022166810537820821}]}, {"source": 8, "prod": 12.0, "target": 7, "value": 0.038351958546323089, "supply": [{"l": "Coconuts - Incl Copra", "v": 0.012624584858141266}, {"l": "Groundnuts", "v": 0.025727373688181822}]}, {"source": 9, "prod": 146.0, "target": 7, "value": 0.60254092870309162, "supply": [{"l": "Sugar", "v": 0.56679246734231448}, {"l": "Sweeteners, Other", "v": 0.021358574382641514}, {"l": "Honey", "v": 0.014389886978135593}]}, {"source": 2, "prod": 203.0, "target": 7, "value": 0.13988260097529209, "supply": [{"l": "Potatoes", "v": 0.13314447929505399}, {"l": "Sweet potatoes", "v": 0.0067381216802380947}]}, {"source": 3, "prod": 488.0, "target": 7, "value": 0.26463262249052688, "supply": [{"l": "Vegetables, Other", "v": 0.081169397572622481}, {"l": "Citrus, Other", "v": 0.0011622222200000001}, {"l": "Tomatoes", "v": 0.01260035650951382}, {"l": "Treenuts", "v": 0.003859106053227273}, {"l": "Peas", "v": 0.031647436020731189}, {"l": "Grapes", "v": 0.028974529171218073}, {"l": "Dates", "v": 0.0018063900674680853}, {"l": "Beans", "v": 0.0037456029340147061}, {"l": "Apples", "v": 0.029022295607248734}, {"l": "Lemons, Limes", "v": 0.0034866666600000002}, {"l": "Pineapples", "v": 0.0063223652361382998}, {"l": "Bananas", "v": 0.021671256214819818}, {"l": "Fruits, Other", "v": 0.030304368214011331}, {"l": "Grapefruit", "v": 0.0011791712940416668}, {"l": "Oranges, Mandarines", "v": 0.007681458715471429}]}, {"source": 10, "prod": 15.0, "target": 7, "value": 0.020143027310661778, "supply": [{"l": "Nuts", "v": 0.0043913965433275866}, {"l": "Coffee", "v": 0.0025572389509337353}, {"l": "Cocoa Beans", "v": 0.0095296292334795928}, {"l": "Tea", "v": 0.0036647625829208637}]}, {"source": 0, "prod": 94.0, "target": 7, "value": 0.045486766791052874, "supply": [{"l": "Marine Fish, Other", "v": 0.0014150055528499999}, {"l": "Demersal Fish", "v": 0.011323691344327966}, {"l": "Freshwater Fish", "v": 0.0024608792223478259}, {"l": "Pelagic Fish", "v": 0.0049075337093063588}, {"l": "Fish, Seafood", "v": 0.022845318658608785}, {"l": "Molluscs, Other", "v": 0.0025343383036119404}]}, {"source": 11, "prod": 5.0, "target": 7, "value": 0.05177573258507296, "supply": [{"l": "Groundnut Oil", "v": 0.010188039980520001}, {"l": "Soyabean Oil", "v": 0.020934328727095889}, {"l": "Oilcrops Oil, Other", "v": 0.0096477651330681823}, {"l": "Cottonseed Oil", "v": 0.011005598744388889}]}, {"source": 6, "prod": 10.0, "target": 12, "value": 0.0078977054112558138, "supply": [{"l": "Wine", "v": 0.0078977054112558138}]}, {"source": 4, "prod": 1.0, "target": 12, "value": 0.00171067835493806, "supply": [{"l": "Poultry Meat", "v": 0.00171067835493806}]}, {"source": 5, "prod": 111.0, "target": 12, "value": 0.38424918648989992, "supply": [{"l": "Wheat", "v": 0.18614840909089991}, {"l": "Barley", "v": 0.19810077739900003}]}, {"source": 8, "prod": 38.0, "target": 12, "value": 0.10097695295128928, "supply": [{"l": "Coconuts - Incl Copra", "v": 0.042607973896226774}, {"l": "Oilcrops, Other", "v": 0.058368979055062498}]}, {"source": 2, "prod": 24.0, "target": 12, "value": 0.01638701283631434, "supply": [{"l": "Potatoes", "v": 0.01638701283631434}]}, {"source": 3, "prod": 40.0, "target": 12, "value": 0.029833832582285148, "supply": [{"l": "Grapes", "v": 0.021072384851794964}, {"l": "Apples", "v": 0.0087614477304901843}]}, {"source": 11, "prod": 2.0, "target": 12, "value": 0.019295530266136365, "supply": [{"l": "Oilcrops Oil, Other", "v": 0.019295530266136365}]}, {"source": 6, "prod": 49.0, "target": 13, "value": 0.31688163767785155, "supply": [{"l": "Alcohol, Non-Food", "v": 0.0055283937878790705}, {"l": "Fats, Animals, Raw", "v": 0.31135324388997249}]}, {"source": 4, "prod": 574.0, "target": 13, "value": 0.40139758174845708, "supply": [{"l": "Milk - Excluding Butter", "v": 0.32414508323530616}, {"l": "Offals, Edible", "v": 0.065742628121050334}, {"l": "Mutton & Goat Meat", "v": 0.011509870392100614}]}, {"source": 5, "prod": 4.0, "target": 13, "value": 0.01511483204180682, "supply": [{"l": "Maize", "v": 0.011577318159681819}, {"l": "Barley", "v": 0.0035375138821250002}]}, {"source": 9, "prod": 10.0, "target": 13, "value": 0.041506256526753341, "supply": [{"l": "Sweeteners, Other", "v": 0.0042717148765283024}, {"l": "Sugar", "v": 0.037234541650225036}]}, {"source": 0, "prod": 2.0, "target": 13, "value": 0.0014738411481364008, "supply": [{"l": "Aquatic Products, Other", "v": 0.00073692057406820038}, {"l": "Aquatic Plants", "v": 0.00073692057406820038}]}, {"source": 11, "prod": 10.0, "target": 13, "value": 0.10012078669766933, "supply": [{"l": "Soyabean Oil", "v": 0.010467164363547945}, {"l": "Coconut Oil", "v": 0.041414796668780479}, {"l": "Oilcrops Oil, Other", "v": 0.048238825665340906}]}, {"source": 2, "prod": 28.0, "target": 2, "value": 0.019277654650883394, "supply": [{"l": "Sweet potatoes", "v": 0.00084226521002976184}, {"l": "Potatoes", "v": 0.018435389440853631}]}, {"source": 3, "prod": 6.0, "target": 3, "value": 0.02373557701554839, "supply": [{"l": "Peas", "v": 0.02373557701554839}]}, {"source": 4, "prod": 1.0, "target": 4, "value": 0.0016077790623111928, "supply": [{"l": "Eggs", "v": 0.0016077790623111928}]}, {"source": 5, "prod": 21.0, "target": 5, "value": 0.069687210545394354, "supply": [{"l": "Wheat", "v": 0.030460648760329077}, {"l": "Barley", "v": 0.031837624939125002}, {"l": "Oats", "v": 0.0073889368459402723}]}, {"source": 2, "prod": 5.0, "target": 14, "value": 0.0034139610075654869, "supply": [{"l": "Potatoes", "v": 0.0034139610075654869}]}, {"source": 3, "prod": 43.0, "target": 14, "value": 0.029257652320042547, "supply": [{"l": "Bananas", "v": 0.002167125621481982}, {"l": "Vegetables, Other", "v": 0.005910393027132704}, {"l": "Fruits, Other", "v": 0.0033671520237790369}, {"l": "Peas", "v": 0.011867788507774195}, {"l": "Oranges, Mandarines", "v": 0.00080857460162857145}, {"l": "Tomatoes", "v": 0.0013034851561566022}, {"l": "Apples", "v": 0.0038331333820894558}]}, {"source": 4, "prod": 62.0, "target": 14, "value": 0.03985313704558717, "supply": [{"l": "Eggs", "v": 0.0016077790623111928}, {"l": "Milk - Excluding Butter", "v": 0.038245357983275975}]}, {"source": 5, "prod": 28.0, "target": 14, "value": 0.096967262152437658, "supply": [{"l": "Maize", "v": 0.015436424212909092}, {"l": "Wheat", "v": 0.050767747933881793}, {"l": "Oats", "v": 0.0024629789486467577}, {"l": "Barley", "v": 0.028300111057000001}]}, {"source": 15, "prod": 19.0, "target": 10, "value": 0.058261544244580153, "supply": [{"l": "Nuts", "v": 0.0043913965433275866}, {"l": "Coffee", "v": 0.0025572389509337353}, {"l": "Cocoa Beans", "v": 0.047648146167397966}, {"l": "Tea", "v": 0.0036647625829208637}]}, {"source": 15, "prod": 26.0, "target": 1, "value": 0.016188482169345278, "supply": [{"l": "Freshwater Fish", "v": 0.0024608792223478259}, {"l": "Fish, Seafood", "v": 0.0058328473170916042}, {"l": "Milk - Excluding Butter", "v": 0.00062697308169304866}, {"l": "Pelagic Fish", "v": 0.0049075337093063588}, {"l": "Pigmeat", "v": 0.0015682681190277079}, {"l": "Molluscs, Other", "v": 0.00079198071987873135}]}, {"source": 15, "prod": 192.0, "target": 12, "value": 0.84541538338280631, "supply": [{"l": "Rape and Mustard Oil", "v": 0.011320044422799999}, {"l": "Cottonseed Oil", "v": 0.011005598744388889}, {"l": "Groundnut Oil", "v": 0.010188039980520001}, {"l": "Oilcrops Oil, Other", "v": 0.019295530266136365}, {"l": "Sugar", "v": 0.70745629135427579}, {"l": "Fats, Animals, Raw", "v": 0.0074131724735707729}, {"l": "Wine", "v": 0.0015795410822511628}, {"l": "Sweeteners, Other", "v": 0.021358574382641514}, {"l": "Soyabean Oil", "v": 0.031401493090643835}, {"l": "Palm Oil", "v": 0.010612541646375}, {"l": "Beverages, Alcoholic", "v": 0.013784555939202952}]}, {"source": 15, "prod": 10.0, "target": 5, "value": 0.037946463090057107, "supply": [{"l": "Maize", "v": 0.003859106053227273}, {"l": "Oats", "v": 0.0024629789486467577}, {"l": "Cereals, Other", "v": 0.0036747905402373139}, {"l": "Rice", "v": 0.024565071019020307}, {"l": "Wheat", "v": 0.0033845165289254531}]}, {"source": 15, "prod": 104.0, "target": 3, "value": 0.079766339735813971, "supply": [{"l": "Dates", "v": 0.0018063900674680853}, {"l": "Grapes", "v": 0.028096513135726617}, {"l": "Pineapples", "v": 0.0063223652361382998}, {"l": "Beans", "v": 0.0037456029340147061}, {"l": "Apples", "v": 0.00054759048315563652}, {"l": "Tomatoes", "v": 0.00021724752602610034}, {"l": "Bananas", "v": 0.023838381836301804}, {"l": "Treenuts", "v": 0.003859106053227273}, {"l": "Fruits, Other", "v": 0.0033671520237790369}, {"l": "Vegetables, Other", "v": 0.00039402620180884693}, {"l": "Grapefruit", "v": 0.0002947928235104167}, {"l": "Oranges, Mandarines", "v": 0.0072771714146571435}]}, {"source": 15, "prod": 39.0, "target": 8, "value": 0.080959932442549856, "supply": [{"l": "Coconuts - Incl Copra", "v": 0.055232558754368034}, {"l": "Groundnuts", "v": 0.025727373688181822}]}, {"source": 15, "prod": 13.0, "target": 2, "value": 0.0096736636622535895, "supply": [{"l": "Roots, Other", "v": 0.0076252870577142974}, {"l": "Potatoes", "v": 0.0020483766045392925}]}, {"source": 6, "prod": 285.0, "target": 16, "value": 2.2469708537337443, "supply": [{"l": "Beer", "v": 0.0016739769936721261}, {"l": "Butter, Ghee", "v": 1.4743269394887115}, {"l": "Fats, Animals, Raw", "v": 0.77096993725136043}]}, {"source": 4, "prod": 4610.0, "target": 16, "value": 4.0927239404987645, "supply": [{"l": "Pigmeat", "v": 0.0015682681190277079}, {"l": "Milk - Excluding Butter", "v": 2.3931562528223669}, {"l": "Meat, Other", "v": 0.0068838107976486483}, {"l": "Mutton & Goat Meat", "v": 1.2747181459251431}, {"l": "Bovine Meat", "v": 0.35998191664149481}, {"l": "Eggs", "v": 0.0080388953115559641}, {"l": "Offals, Edible", "v": 0.048376650881527601}]}, {"source": 5, "prod": 85.0, "target": 16, "value": 0.29854969432966361, "supply": [{"l": "Maize", "v": 0.038591060532272729}, {"l": "Barley", "v": 0.14150055528500002}, {"l": "Wheat", "v": 0.11845807851239085}]}, {"source": 9, "prod": 11.0, "target": 16, "value": 0.045505833795763666, "supply": [{"l": "Sugar", "v": 0.0041371712944694491}, {"l": "Sweeteners, Other", "v": 0.03417371901222642}, {"l": "Honey", "v": 0.0071949434890677963}]}, {"source": 2, "prod": 11.0, "target": 16, "value": 0.0075107142166440724, "supply": [{"l": "Potatoes", "v": 0.0075107142166440724}]}, {"source": 3, "prod": 156.0, "target": 16, "value": 0.2129534420873325, "supply": [{"l": "Dates", "v": 0.0018063900674680853}, {"l": "Fruits, Other", "v": 0.0048102171768271956}, {"l": "Vegetables, Other", "v": 0.01536702187054503}, {"l": "Peas", "v": 0.15428125060106454}, {"l": "Apples", "v": 0.036688562371427647}]}, {"source": 10, "prod": 4.0, "target": 16, "value": 0.038118516933918371, "supply": [{"l": "Cocoa Beans", "v": 0.038118516933918371}]}, {"source": 0, "prod": 50.0, "target": 16, "value": 0.025970900217286725, "supply": [{"l": "Molluscs, Other", "v": 0.00079198071987873135}, {"l": "Freshwater Fish", "v": 0.0024608792223478259}, {"l": "Fish, Seafood", "v": 0.01215176524394084}, {"l": "Pelagic Fish", "v": 0.0019630134837225434}, {"l": "Demersal Fish", "v": 0.0059080128753015472}, {"l": "Crustaceans", "v": 0.0026952486720952383}]}, {"source": 4, "prod": 1.0, "target": 17, "value": 0.0011473017996081081, "supply": [{"l": "Meat, Other", "v": 0.0011473017996081081}]}, {"source": 6, "prod": 23.0, "target": 17, "value": 0.1842483407621858, "supply": [{"l": "Fats, Animals, Raw", "v": 0.059305379788566183}, {"l": "Butter, Ghee", "v": 0.12494296097361962}]}, {"source": 5, "prod": 27.0, "target": 17, "value": 0.095512874817374999, "supply": [{"l": "Barley", "v": 0.095512874817374999}]}, {"source": 18, "prod": 153.0, "target": 1, "value": 0.12968429924401803, "supply": [{"l": "Milk - Excluding Butter", "v": 0.086522285273640712}, {"l": "Mutton & Goat Meat", "v": 0.043162013970377305}]}, {"source": 9, "prod": 25.0, "target": 17, "value": 0.10342928236173619, "supply": [{"l": "Sugar", "v": 0.10342928236173619}]}, {"source": 18, "prod": 37.0, "target": 5, "value": 0.12902382776465635, "supply": [{"l": "Maize", "v": 0.030872848425818184}, {"l": "Wheat", "v": 0.098150979338838151}]}, {"source": 1, "prod": 154.0, "target": 0, "value": 0.078801817562951626, "supply": [{"l": "Pelagic Fish", "v": 0.010796574160473988}, {"l": "Crustaceans", "v": 0.0026952486720952383}, {"l": "Freshwater Fish", "v": 0.0049217584446956519}, {"l": "Molluscs, Other", "v": 0.0033263190234906715}, {"l": "Aquatic Plants", "v": 0.00073692057406820038}, {"l": "Demersal Fish", "v": 0.017231704219629513}, {"l": "Aquatic Products, Other", "v": 0.00073692057406820038}, {"l": "Fish, Seafood", "v": 0.036941366341580163}, {"l": "Marine Fish, Other", "v": 0.0014150055528499999}]}, {"source": 1, "prod": 7530.0, "target": 4, "value": 6.4978079455853175, "supply": [{"l": "Poultry Meat", "v": 0.035924245453699259}, {"l": "Pigmeat", "v": 0.05802592040402519}, {"l": "Bovine Meat", "v": 0.53696299271607584}, {"l": "Eggs", "v": 0.096466743738671576}, {"l": "Milk - Excluding Butter", "v": 3.8928758642321393}, {"l": "Offals, Edible", "v": 0.21831514243971431}, {"l": "Meat, Other", "v": 0.0091784143968648649}, {"l": "Mutton & Goat Meat", "v": 1.6516664012664382}]}, {"source": 12, "prod": 854.0, "target": 6, "value": 3.4968742164608386, "supply": [{"l": "Fats, Animals, Raw", "v": 1.2602393205070315}, {"l": "Alcohol, Non-Food", "v": 0.0055283937878790705}, {"l": "Beer", "v": 0.159027814398852}, {"l": "Beverages, Alcoholic", "v": 0.027569111878405904}, {"l": "Wine", "v": 0.028431739480520926}, {"l": "Butter, Ghee", "v": 1.9824283141147647}, {"l": "Cream", "v": 0.033649522293384145}]}, {"source": 12, "prod": 17.0, "target": 11, "value": 0.17119204954887865, "supply": [{"l": "Cottonseed Oil", "v": 0.011005598744388889}, {"l": "Oilcrops Oil, Other", "v": 0.077182121064545445}, {"l": "Groundnut Oil", "v": 0.010188039980520001}, {"l": "Coconut Oil", "v": 0.041414796668780479}, {"l": "Soyabean Oil", "v": 0.031401493090643835}]}, {"source": 12, "prod": 192.0, "target": 9, "value": 0.79298230138734482, "supply": [{"l": "Honey", "v": 0.02158483046720339}, {"l": "Sweeteners, Other", "v": 0.059804008271396238}, {"l": "Sugar", "v": 0.71159346264874512}]}, {"source": 2, "prod": 142.25, "target": 19, "value": 0.44803401098767004, "supply": [{"l": "Roots, Other", "v": 0.007844999985}, {"l": "Sweet potatoes", "v": 0.014818333305}, {"l": "Potatoes", "v": 0.47331499909500002}]}, {"source": 3, "prod": 686.5, "target": 19, "value": 2.5814186654722238, "supply": [{"l": "Vegetables, Other", "v": 0.90478999827000017}, {"l": "Tomatoes", "v": 0.22314666623999999}, {"l": "Peas", "v": 0.20745666627000003}, {"l": "Beans", "v": 0.0017433333300000001}]}, {"source": 5, "prod": 1717.0, "target": 19, "value": 5.7446331712851597, "supply": [{"l": "Maize", "v": 0.85423333169999993}, {"l": "Barley", "v": 1.9943733295200001}, {"l": "Rice", "v": 0.020919999960000001}, {"l": "Cereals, Other", "v": 0.073219999859999982}, {"l": "Wheat", "v": 2.7265733281200002}, {"l": "Oats", "v": 0.31728666606}]}, {"source": 8, "prod": 31.0, "target": 19, "value": 0.088366444109646253, "supply": [{"l": "Coconuts - Incl Copra", "v": 0.061016666550000001}, {"l": "Groundnuts", "v": 0.0069733333200000004}, {"l": "Oilcrops, Other", "v": 0.053125090943198498}]}, {"source": 20, "prod": 0, "target": 2, "value": 0.00015554321066764168, "supply": "[{\"l\":'Energy for power irrigation',\"v\":0.00015554321066764168}]"}, {"source": 20, "prod": 0, "target": 3, "value": 0.00037532658742824612, "supply": "[{\"l\":'Energy for power irrigation',\"v\":0.00037532658742824612}]"}, {"source": 20, "prod": 0, "target": 5, "value": 0.00046936325609198728, "supply": "[{\"l\":'Energy for power irrigation',\"v\":0.00046936325609198728}]"}, {"source": 20, "prod": 0, "target": 8, "value": 1.6948469352185912e-05, "supply": "[{\"l\":'Energy for power irrigation',\"v\":1.6948469352185912e-05}]"}, {"source": 20, "prod": 0, "target": 12, "value": 0.3620000002896, "supply": "[{\"l\":'Electricity',\"v\":0.3620000002896}]"}, {"source": 21, "prod": 0, "target": 20, "value": 0.14974597286855301, "supply": [{"l": "Coal", "v": 0.07926417255809444}, {"l": "Natural gas", "v": 0.012124207586578379}, {"l": "Oil", "v": 0.058357592723880192}]}, {"source": 22, "prod": 0, "target": 20, "value": 0.30480088195452648, "supply": [{"l": "Nuclear", "v": 0.0}, {"l": "Hydroelectric", "v": 0.28045050620611872}, {"l": "Renewable", "v": 0.024350375748407774}]}, {"source": 21, "prod": 0, "target": 2, "value": 0.36476602079092152, "supply": [{"l": "Motor Gasoline", "v": 0.16474967333441412}, {"l": "Gas-Diesel oil", "v": 0.18111588942989962}, {"l": "Natural gas (including LNG)", "v": 0.0043669538557415321}, {"l": "Fuel oil", "v": 0.0085366904405786079}, {"l": "Liquefied petroleum gas (LPG)", "v": 0.001998937910095882}, {"l": "Coal", "v": 0.0039978758201917649}]}, {"source": 21, "prod": 0, "target": 3, "value": 0.8801823313636824, "supply": [{"l": "Motor Gasoline", "v": 0.39754183038339297}, {"l": "Gas-Diesel oil", "v": 0.43703359611116377}, {"l": "Natural gas (including LNG)", "v": 0.010537482678265596}, {"l": "Fuel oil", "v": 0.020599079042028876}, {"l": "Liquefied petroleum gas (LPG)", "v": 0.0048234477162770583}, {"l": "Coal", "v": 0.0096468954325541183}]}, {"source": 21, "prod": 0, "target": 5, "value": 1.1007087130017792, "supply": [{"l": "Motor Gasoline", "v": 0.49714444484216003}, {"l": "Gas-Diesel oil", "v": 0.54653072434294847}, {"l": "Natural gas (including LNG)", "v": 0.013177609438151513}, {"l": "Fuel oil", "v": 0.025760101030709089}, {"l": "Liquefied petroleum gas (LPG)", "v": 0.0060319444492699997}, {"l": "Coal", "v": 0.012063888898540001}]}, {"source": 21, "prod": 0, "target": 8, "value": 0.039746033899889524, "supply": [{"l": "Motor Gasoline", "v": 0.017951634001289414}, {"l": "Gas-Diesel oil", "v": 0.019734947530147238}, {"l": "Natural gas (including LNG)", "v": 0.00047583679974688053}, {"l": "Fuel oil", "v": 0.00093018419563422456}, {"l": "Liquefied petroleum gas (LPG)", "v": 0.00021781045769058823}, {"l": "Coal", "v": 0.00043562091538117652}]}, {"source": 21, "prod": 0, "target": 1, "value": 1.3551524640470849, "supply": [{"l": "Gas-diesel oils used in fisheries", "v": 1.3247065751338394}, {"l": "Fuel oil used in fisheries", "v": 0.030445888913245601}]}, {"source": 23, "prod": 100.24502032085562, "target": 2, "value": 0.44656300212047084, "supply": [{"l": "Potash", "v": 0.46215891981417156}, {"l": "Phosphate", "v": 1.87775833483554}, {"l": "Nitrogen", "v": 0.59531231992069422}]}, {"source": 23, "prod": 241.89176256684493, "target": 3, "value": 1.0775588785789219, "supply": [{"l": "Potash", "v": 0.46215891981417156}, {"l": "Phosphate", "v": 1.87775833483554}, {"l": "Nitrogen", "v": 0.59531231992069422}]}, {"source": 23, "prod": 302.49683636363636, "target": 5, "value": 1.3475372137800501, "supply": [{"l": "Potash", "v": 0.46215891981417156}, {"l": "Phosphate", "v": 1.87775833483554}, {"l": "Nitrogen", "v": 0.59531231992069422}]}, {"source": 23, "prod": 10.923007486631017, "target": 8, "value": 0.048658885995552188, "supply": [{"l": "Potash", "v": 0.46215891981417156}, {"l": "Phosphate", "v": 1.87775833483554}, {"l": "Nitrogen", "v": 0.59531231992069422}]}, {"source": 21, "prod": 0, "target": 23, "value": 3.848629988655663, "supply": [{"l": "Natural gas (including LNG)", "v": 2.5806083056617006}, {"l": "Fuel oil", "v": 1.1627876178988288}, {"l": "Liquefied petroleum gas (LPG)", "v": 0.052617032547566785}, {"l": "Coal", "v": 0.052617032547566785}]}, {"source": 24, "prod": 0, "target": 5, "value": 0.055722470762140867, "supply": "[{\"l\":'Labor',\"v\":0.055722470762140867}]"}, {"source": 24, "prod": 0, "target": 8, "value": 0.0020121101847715398, "supply": "[{\"l\":'Labor',\"v\":0.0020121101847715398}]"}, {"source": 24, "prod": 0, "target": 2, "value": 0.018465978953790419, "supply": "[{\"l\":'Labor',\"v\":0.018465978953790419}]"}, {"source": 24, "prod": 0, "target": 3, "value": 0.04455850457566652, "supply": "[{\"l\":'Labor',\"v\":0.04455850457566652}]"}, {"source": 24, "prod": 0, "target": 10, "value": 0.00061661441146224603, "supply": "[{\"l\":'Labor',\"v\":0.00061661441146224603}]"}, {"source": 21, "prod": 0, "target": 15, "value": 0.72465536999330804, "supply": "[{\"l\":'Fossil Fuels',\"v\":0.72465536999330804}]"}, {"source": 22, "prod": 0, "target": 15, "value": 0.2913646837438354, "supply": "[{\"l\":'Renewables & Nuclear',\"v\":0.2913646837438354},{\"l\":'Biomass & Waste',\"v\":0.0}]"}]}