{"nodes": [{"layer": 5, "name": "Fruits, Roots & Vegetables", "fill": "#98df8a"}, {"layer": 10, "name": "Feed", "fill": "#dbdb8d"}, {"layer": 13, "name": "Animal Products", "fill": "#17becf"}, {"layer": 5, "name": "Cereals", "fill": "#e7ba52"}, {"layer": 5, "name": "Oilcrops", "fill": "#ff9896"}, {"layer": 13, "name": "Other Processed", "fill": "#9c9ede"}, {"layer": 16, "name": "Food", "fill": "#b5cf6b"}, {"layer": 13, "name": "Sugar", "fill": "#d6616b"}, {"layer": 13, "name": "Aquatic Products", "fill": "#1f77b4"}, {"layer": 13, "name": "Vegetable Oils", "fill": "#f7b6d2"}, {"layer": 10, "name": "Processing", "fill": "#9edae5"}, {"layer": 16, "name": "Biofuels & Other", "fill": "#e7ba52"}, {"name": "Seed", "fill": "#dbdb8d"}, {"name": "Waste", "fill": "#c7c7c7"}, {"layer": 0, "name": "Import", "fill": "#aec7e8"}, {"layer": 16, "name": "Export", "fill": "#aec7e8"}, {"layer": 16, "name": "Stock Deposit", "fill": "#c7c7c7"}, {"layer": 0, "name": "Stock Draw", "fill": "#c7c7c7"}, {"layer": 0, "name": "Production", "fill": "#b5cf6b"}], "links": [{"source": 0, "prod": 0.030842432219800004, "target": 1, "value": 21.0, "supply": [{"l": "Potatoes", "v": 6.0}, {"l": "Roots, Other", "v": 10.0}, {"l": "Peas", "v": 5.0}]}, {"source": 2, "prod": 0.56059213325202839, "target": 1, "value": 808.0, "supply": [{"l": "Milk - Excluding Butter", "v": 725.0}, {"l": "Offals, Edible", "v": 83.0}]}, {"source": 3, "prod": 1.1587054680018365, "target": 1, "value": 339.0, "supply": [{"l": "Maize", "v": 143.0}, {"l": "Wheat", "v": 50.0}, {"l": "Barley", "v": 110.0}, {"l": "Oats", "v": 36.0}]}, {"source": 4, "prod": 0.0060643095122142861, "target": 1, "value": 1.0, "supply": [{"l": "Rape and Mustardseed", "v": 1.0}]}, {"source": 5, "prod": 0.6990179454214176, "target": 6, "value": 512.0, "supply": [{"l": "Beer", "v": 403.0}, {"l": "Beverages, Alcoholic", "v": 9.0}, {"l": "Butter, Ghee", "v": 38.0}, {"l": "Fats, Animals, Raw", "v": 18.0}, {"l": "Wine", "v": 36.0}, {"l": "Cream", "v": 8.0}]}, {"source": 2, "prod": 1.2363595351571122, "target": 6, "value": 1165.0, "supply": [{"l": "Pigmeat", "v": 38.0}, {"l": "Eggs", "v": 52.0}, {"l": "Mutton & Goat Meat", "v": 104.0}, {"l": "Milk - Excluding Butter", "v": 687.0}, {"l": "Meat, Other", "v": 1.0}, {"l": "Bovine Meat", "v": 228.0}, {"l": "Poultry Meat", "v": 35.0}, {"l": "Offals, Edible", "v": 20.0}]}, {"source": 3, "prod": 0.93504113005446021, "target": 6, "value": 276.0, "supply": [{"l": "Maize", "v": 3.0}, {"l": "Barley", "v": 4.0}, {"l": "Rice", "v": 6.0}, {"l": "Cereals, Other", "v": 15.0}, {"l": "Wheat", "v": 237.0}, {"l": "Oats", "v": 11.0}]}, {"source": 4, "prod": 0.04089969543752689, "target": 6, "value": 11.0, "supply": [{"l": "Coconuts - Incl Copra", "v": 6.0}, {"l": "Groundnuts", "v": 5.0}]}, {"source": 0, "prod": 0.43635389753682069, "target": 6, "value": 760.0, "supply": [{"l": "Vegetables, Other", "v": 258.0}, {"l": "Nuts", "v": 2.0}, {"l": "Citrus, Other", "v": 4.0}, {"l": "Grapefruit", "v": 6.0}, {"l": "Tomatoes", "v": 56.0}, {"l": "Coffee", "v": 4.0}, {"l": "Treenuts", "v": 2.0}, {"l": "Cocoa Beans", "v": 1.0}, {"l": "Peas", "v": 7.0}, {"l": "Grapes", "v": 28.0}, {"l": "Dates", "v": 1.0}, {"l": "Potatoes", "v": 177.0}, {"l": "Beans", "v": 1.0}, {"l": "Apples", "v": 80.0}, {"l": "Lemons, Limes", "v": 3.0}, {"l": "Pineapples", "v": 5.0}, {"l": "Bananas", "v": 34.0}, {"l": "Fruits, Other", "v": 46.0}, {"l": "Sweet potatoes", "v": 14.0}, {"l": "Oranges, Mandarines", "v": 24.0}, {"l": "Tea", "v": 7.0}]}, {"source": 7, "prod": 0.65531371141122141, "target": 6, "value": 159.0, "supply": [{"l": "Sugar", "v": 148.0}, {"l": "Honey", "v": 7.0}, {"l": "Sweeteners, Other", "v": 4.0}]}, {"source": 8, "prod": 0.064551766434495977, "target": 6, "value": 116.0, "supply": [{"l": "Crustaceans", "v": 3.0}, {"l": "Marine Fish, Other", "v": 3.0}, {"l": "Freshwater Fish", "v": 2.0}, {"l": "Pelagic Fish", "v": 8.0}, {"l": "Fish, Seafood", "v": 58.0}, {"l": "Molluscs, Other", "v": 11.0}, {"l": "Demersal Fish", "v": 31.0}]}, {"source": 9, "prod": 0.10176005308754098, "target": 6, "value": 10.0, "supply": [{"l": "Soyabean Oil", "v": 5.0}, {"l": "Sunflowerseed Oil", "v": 2.0}, {"l": "Cottonseed Oil", "v": 3.0}]}, {"source": 5, "prod": 0.0046349401991100528, "target": 10, "value": 6.0, "supply": [{"l": "Wine", "v": 6.0}]}, {"source": 2, "prod": 0.0034111741006205361, "target": 10, "value": 2.0, "supply": [{"l": "Poultry Meat", "v": 2.0}]}, {"source": 3, "prod": 0.40843874706375471, "target": 10, "value": 120.0, "supply": [{"l": "Wheat", "v": 60.0}, {"l": "Barley", "v": 60.0}]}, {"source": 4, "prod": 0.071726143541017251, "target": 10, "value": 27.0, "supply": [{"l": "Coconuts - Incl Copra", "v": 20.0}, {"l": "Oilcrops, Other", "v": 7.0}]}, {"source": 0, "prod": 0.051412405731009067, "target": 10, "value": 71.0, "supply": [{"l": "Potatoes", "v": 16.0}, {"l": "Apples", "v": 15.0}, {"l": "Fruits, Other", "v": 5.0}, {"l": "Grapes", "v": 35.0}]}, {"source": 9, "prod": 0.020376079961040003, "target": 10, "value": 2.0, "supply": [{"l": "Oilcrops Oil, Other", "v": 2.0}]}, {"source": 5, "prod": 0.34741681103158351, "target": 11, "value": 53.0, "supply": [{"l": "Alcohol, Non-Food", "v": 8.0}, {"l": "Fats, Animals, Raw", "v": 45.0}]}, {"source": 9, "prod": 0.10881856229124902, "target": 11, "value": 11.0, "supply": [{"l": "Soyabean Oil", "v": 1.0}, {"l": "Coconut Oil", "v": 3.0}, {"l": "Palm Oil", "v": 2.0}, {"l": "Oilcrops Oil, Other", "v": 3.0}, {"l": "Sunflowerseed Oil", "v": 2.0}]}, {"source": 2, "prod": 0.097351810073405723, "target": 11, "value": 61.0, "supply": [{"l": "Offals, Edible", "v": 48.0}, {"l": "Mutton & Goat Meat", "v": 13.0}]}, {"source": 3, "prod": 0.010760466360681302, "target": 11, "value": 3.0, "supply": [{"l": "Maize", "v": 2.0}, {"l": "Barley", "v": 1.0}]}, {"source": 7, "prod": 0.033079446700402276, "target": 11, "value": 8.0, "supply": [{"l": "Sugar", "v": 8.0}]}, {"source": 0, "prod": 0.033334711740246652, "target": 12, "value": 30.0, "supply": [{"l": "Sweet potatoes", "v": 2.0}, {"l": "Potatoes", "v": 24.0}, {"l": "Peas", "v": 4.0}]}, {"source": 2, "prod": 0.00487429008788548, "target": 2, "value": 3.0, "supply": [{"l": "Eggs", "v": 3.0}]}, {"source": 3, "prod": 0.085910270440444206, "target": 12, "value": 26.0, "supply": [{"l": "Maize", "v": 1.0}, {"l": "Wheat", "v": 11.0}, {"l": "Barley", "v": 11.0}, {"l": "Oats", "v": 3.0}]}, {"source": 0, "prod": 0.034564663893898631, "target": 13, "value": 54.0, "supply": [{"l": "Bananas", "v": 4.0}, {"l": "Potatoes", "v": 5.0}, {"l": "Vegetables, Other", "v": 19.0}, {"l": "Fruits, Other", "v": 5.0}, {"l": "Peas", "v": 3.0}, {"l": "Grapefruit", "v": 1.0}, {"l": "Oranges, Mandarines", "v": 2.0}, {"l": "Tomatoes", "v": 6.0}, {"l": "Apples", "v": 9.0}]}, {"source": 2, "prod": 0.040072750824791593, "target": 13, "value": 62.0, "supply": [{"l": "Eggs", "v": 1.0}, {"l": "Milk - Excluding Butter", "v": 61.0}]}, {"source": 3, "prod": 0.092174490637004627, "target": 13, "value": 27.0, "supply": [{"l": "Maize", "v": 5.0}, {"l": "Wheat", "v": 13.0}, {"l": "Oats", "v": 1.0}, {"l": "Barley", "v": 8.0}]}, {"source": 14, "prod": 0.92930166503847267, "target": 10, "value": 198.0, "supply": [{"l": "Rape and Mustard Oil", "v": 1.0}, {"l": "Maize Germ Oil", "v": 1.0}, {"l": "Beer", "v": 1.0}, {"l": "Oilcrops Oil, Other", "v": 1.0}, {"l": "Sugar", "v": 166.0}, {"l": "Fats, Animals, Raw", "v": 2.0}, {"l": "Wine", "v": 2.0}, {"l": "Sweeteners, Other", "v": 2.0}, {"l": "Soyabean Oil", "v": 7.0}, {"l": "Cottonseed Oil", "v": 4.0}, {"l": "Palm Oil", "v": 2.0}, {"l": "Beverages, Alcoholic", "v": 5.0}, {"l": "Sunflowerseed Oil", "v": 4.0}]}, {"source": 14, "prod": 0.029577688351815866, "target": 3, "value": 7.0, "supply": [{"l": "Cereals, Other", "v": 1.0}, {"l": "Rice", "v": 6.0}]}, {"source": 14, "prod": 0.070175672393044133, "target": 4, "value": 31.0, "supply": [{"l": "Coconuts - Incl Copra", "v": 26.0}, {"l": "Groundnuts", "v": 5.0}]}, {"source": 14, "prod": 0.14156158692835216, "target": 0, "value": 135.0, "supply": [{"l": "Dates", "v": 1.0}, {"l": "Roots, Other", "v": 10.0}, {"l": "Grapes", "v": 28.0}, {"l": "Cocoa Beans", "v": 5.0}, {"l": "Potatoes", "v": 2.0}, {"l": "Pineapples", "v": 5.0}, {"l": "Nuts", "v": 2.0}, {"l": "Coffee", "v": 4.0}, {"l": "Grapefruit", "v": 2.0}, {"l": "Beans", "v": 1.0}, {"l": "Apples", "v": 2.0}, {"l": "Bananas", "v": 39.0}, {"l": "Treenuts", "v": 2.0}, {"l": "Tea", "v": 7.0}, {"l": "Fruits, Other", "v": 5.0}, {"l": "Vegetables, Other", "v": 2.0}, {"l": "Oranges, Mandarines", "v": 18.0}]}, {"source": 14, "prod": 0.015504032122477565, "target": 1, "value": 22.0, "supply": [{"l": "Freshwater Fish", "v": 2.0}, {"l": "Milk - Excluding Butter", "v": 6.0}, {"l": "Fish, Seafood", "v": 8.0}, {"l": "Pelagic Fish", "v": 2.0}, {"l": "Marine Fish, Other", "v": 1.0}, {"l": "Crustaceans", "v": 3.0}]}, {"source": 5, "prod": 2.4565242137885344, "target": 15, "value": 311.0, "supply": [{"l": "Beer", "v": 4.0}, {"l": "Butter, Ghee", "v": 177.0}, {"l": "Fats, Animals, Raw", "v": 129.0}, {"l": "Beverages, Alcoholic", "v": 1.0}]}, {"source": 2, "prod": 5.0369034306250011, "target": 15, "value": 6296.0, "supply": [{"l": "Pigmeat", "v": 1.0}, {"l": "Milk - Excluding Butter", "v": 5535.0}, {"l": "Meat, Other", "v": 3.0}, {"l": "Mutton & Goat Meat", "v": 376.0}, {"l": "Bovine Meat", "v": 334.0}, {"l": "Eggs", "v": 5.0}, {"l": "Offals, Edible", "v": 42.0}]}, {"source": 3, "prod": 0.27100594475076895, "target": 15, "value": 78.0, "supply": [{"l": "Maize", "v": 21.0}, {"l": "Oats", "v": 1.0}, {"l": "Barley", "v": 51.0}, {"l": "Wheat", "v": 5.0}]}, {"source": 4, "prod": 0.024257238048857144, "target": 15, "value": 4.0, "supply": [{"l": "Oilcrops, Other", "v": 4.0}]}, {"source": 0, "prod": 0.23925777889435981, "target": 15, "value": 194.0, "supply": [{"l": "Potatoes", "v": 11.0}, {"l": "Fruits, Other", "v": 11.0}, {"l": "Infant food", "v": 1.0}, {"l": "Beans", "v": 1.0}, {"l": "Cocoa Beans", "v": 4.0}, {"l": "Bananas", "v": 1.0}, {"l": "Vegetables, Other", "v": 49.0}, {"l": "Peas", "v": 32.0}, {"l": "Apples", "v": 84.0}]}, {"source": 7, "prod": 0.035034440173440581, "target": 15, "value": 8.0, "supply": [{"l": "Sweeteners, Other", "v": 7.0}, {"l": "Honey", "v": 1.0}]}, {"source": 8, "prod": 0.060126702985657726, "target": 15, "value": 100.0, "supply": [{"l": "Molluscs, Other", "v": 5.0}, {"l": "Fish, Seafood", "v": 50.0}, {"l": "Freshwater Fish", "v": 2.0}, {"l": "Pelagic Fish", "v": 14.0}, {"l": "Cephalopods", "v": 1.0}, {"l": "Demersal Fish", "v": 24.0}, {"l": "Crustaceans", "v": 4.0}]}, {"source": 9, "prod": 0.0084900333171, "target": 16, "value": 1.0, "supply": [{"l": "Maize Germ Oil", "v": 1.0}]}, {"source": 2, "prod": 0.025907651397117992, "target": 16, "value": 9.0, "supply": [{"l": "Mutton & Goat Meat", "v": 9.0}]}, {"source": 5, "prod": 0.14074911012445029, "target": 16, "value": 17.0, "supply": [{"l": "Fats, Animals, Raw", "v": 1.0}, {"l": "Butter, Ghee", "v": 16.0}]}, {"source": 8, "prod": 0.0018358854039624891, "target": 16, "value": 2.0, "supply": [{"l": "Fish, Seafood", "v": 1.0}, {"l": "Cephalopods", "v": 1.0}]}, {"source": 3, "prod": 0.047927607435241937, "target": 16, "value": 14.0, "supply": [{"l": "Barley", "v": 14.0}]}, {"source": 17, "prod": 0.24266352742512776, "target": 1, "value": 385.0, "supply": [{"l": "Milk - Excluding Butter", "v": 385.0}]}, {"source": 0, "prod": 0.030321547561071433, "target": 16, "value": 8.0, "supply": [{"l": "Peas", "v": 8.0}]}, {"source": 7, "prod": 0.037214377537952564, "target": 16, "value": 9.0, "supply": [{"l": "Sugar", "v": 9.0}]}, {"source": 17, "prod": 0.15565994831879795, "target": 3, "value": 46.0, "supply": [{"l": "Wheat", "v": 46.0}]}, {"source": 18, "prod": 2.8250415533249549, "target": 3, "value": 830.0, "supply": [{"l": "Maize", "v": 175.0}, {"l": "Barley", "v": 259.0}, {"l": "Cereals, Other", "v": 15.0}, {"l": "Wheat", "v": 329.0}, {"l": "Oats", "v": 52.0}]}, {"source": 18, "prod": 0.072771714146571437, "target": 4, "value": 12.0, "supply": [{"l": "Oilcrops, Other", "v": 11.0}, {"l": "Rape and Mustardseed", "v": 1.0}]}, {"source": 18, "prod": 0.70593348797146172, "target": 0, "value": 1000.0, "supply": [{"l": "Fruits, Other", "v": 62.0}, {"l": "Citrus, Other", "v": 5.0}, {"l": "Grapefruit", "v": 5.0}, {"l": "Tomatoes", "v": 62.0}, {"l": "Vegetables, Other", "v": 324.0}, {"l": "Peas", "v": 59.0}, {"l": "Grapes", "v": 35.0}, {"l": "Potatoes", "v": 237.0}, {"l": "Apples", "v": 185.0}, {"l": "Lemons, Limes", "v": 3.0}, {"l": "Sweet potatoes", "v": 15.0}, {"l": "Oranges, Mandarines", "v": 8.0}]}, {"source": 1, "prod": 0.12651435482411619, "target": 8, "value": 218.0, "supply": [{"l": "Pelagic Fish", "v": 22.0}, {"l": "Crustaceans", "v": 7.0}, {"l": "Freshwater Fish", "v": 4.0}, {"l": "Molluscs, Other", "v": 16.0}, {"l": "Marine Fish, Other", "v": 3.0}, {"l": "Fish, Seafood", "v": 109.0}, {"l": "Demersal Fish", "v": 55.0}, {"l": "Cephalopods", "v": 2.0}]}, {"source": 1, "prod": 7.0005984854300767, "target": 2, "value": 8403.0, "supply": [{"l": "Poultry Meat", "v": 37.0}, {"l": "Pigmeat", "v": 39.0}, {"l": "Bovine Meat", "v": 562.0}, {"l": "Eggs", "v": 61.0}, {"l": "Milk - Excluding Butter", "v": 7008.0}, {"l": "Offals, Edible", "v": 193.0}, {"l": "Meat, Other", "v": 4.0}, {"l": "Mutton & Goat Meat", "v": 502.0}]}, {"source": 10, "prod": 3.648343020565096, "target": 5, "value": 899.0, "supply": [{"l": "Fats, Animals, Raw", "v": 193.0}, {"l": "Alcohol, Non-Food", "v": 8.0}, {"l": "Beer", "v": 407.0}, {"l": "Beverages, Alcoholic", "v": 10.0}, {"l": "Wine", "v": 42.0}, {"l": "Butter, Ghee", "v": 231.0}, {"l": "Cream", "v": 8.0}]}, {"source": 10, "prod": 0.23944472865692998, "target": 9, "value": 24.0, "supply": [{"l": "Soyabean Oil", "v": 6.0}, {"l": "Maize Germ Oil", "v": 1.0}, {"l": "Coconut Oil", "v": 3.0}, {"l": "Palm Oil", "v": 2.0}, {"l": "Cottonseed Oil", "v": 3.0}, {"l": "Oilcrops Oil, Other", "v": 5.0}, {"l": "Sunflowerseed Oil", "v": 4.0}]}, {"source": 10, "prod": 0.76064197582301685, "target": 7, "value": 184.0, "supply": [{"l": "Honey", "v": 8.0}, {"l": "Sweeteners, Other", "v": 11.0}, {"l": "Sugar", "v": 165.0}]}]}