{"nodes": [{"name": "Balance", "fill": "#9edae5"}, {"name": "Food", "fill": "#b5cf6b"}, {"name": "Stock Deposit", "fill": "#c7c7c7"}, {"name": "Export", "fill": "#aec7e8"}, {"name": "Biofuels & Other", "fill": "#e7ba52"}, {"name": "Crop Residue", "fill": "#bd9e39"}, {"name": "Renewables & Nuclear", "fill": "#2ca02c"}, {"name": "Fossil Fuels", "fill": "#c49c94"}, {"name": "Stock Draw", "fill": "#c7c7c7"}, {"name": "Labor", "fill": "#7f7f7f"}], "links": [{"source": 0, "target": 1, "value": 3.8207223512420159}, {"source": 0, "target": 2, "value": 0.62900705014465697}, {"source": 0, "target": 3, "value": 7.1062305389304754}, {"source": 0, "target": 4, "value": 0.53624204340481452}, {"source": 0, "target": 5, "value": 9.2435400976109623}, {"source": 6, "target": 0, "value": 0.64872509275677537}, {"source": 7, "target": 0, "value": 8.2300389834797887}, {"source": 8, "target": 0, "value": 0.015470172997787069}, {"source": 9, "target": 0, "value": 0.11759266145324716}]}