{"nodes": [{"layer": 3, "name": "Cereals", "fill": "#e7ba52"}, {"layer": 5, "name": "Production", "fill": "#b5cf6b"}, {"layer": 3, "name": "Oilcrops", "fill": "#ff9896"}, {"layer": 3, "name": "Starchy Roots"}, {"layer": 3, "name": "Fruits & Vegetables"}, {"layer": 1, "name": "Electricity", "fill": "#bcbd22"}, {"layer": 0, "name": "Fossil Fuels", "fill": "#c49c94"}, {"layer": 0, "name": "Renewables & Nuclear", "fill": "#2ca02c"}, {"layer": 1, "name": "Fertilizers", "fill": "#c5b0d5"}, {"layer": 0, "name": "Labor", "fill": "#7f7f7f"}], "links": [{"source": 0, "prod": 750.0, "target": 1, "value": 2.5218656296353612, "supply": [{"l": "Maize", "v": 0.30624763036682146}, {"l": "Barley", "v": 0.94577145338877411}, {"l": "Cereals, Other", "v": 0.014554342829314289}, {"l": "Wheat", "v": 1.1033652910602407}, {"l": "Oats", "v": 0.15192691199021055}]}, {"source": 2, "prod": 12.0, "target": 1, "value": 0.084900333171, "supply": [{"l": "Oilcrops, Other", "v": 0.084900333171}]}, {"source": 3, "prod": 256.0, "target": 1, "value": 0.1767332090132456, "supply": [{"l": "Potatoes", "v": 0.17112658323780219}, {"l": "Sweet potatoes", "v": 0.0056066257754433958}]}, {"source": 4, "prod": 537.0, "target": 1, "value": 0.41770483174944301, "supply": [{"l": "Fruits, Other", "v": 0.034788429201775613}, {"l": "Citrus, Other", "v": 0.0011622222200000001}, {"l": "Grapefruit", "v": 0.0011791712940416668}, {"l": "Tomatoes", "v": 0.0094262454502545331}, {"l": "Vegetables, Other", "v": 0.08397477277200141}, {"l": "Peas", "v": 0.1992848824641465}, {"l": "Grapes", "v": 0.015754701000804127}, {"l": "Apples", "v": 0.070051600264533526}, {"l": "Lemons, Limes", "v": 0.0012863686844090908}, {"l": "Oranges, Mandarines", "v": 0.00079643839747654788}]}, {"source": 5, "prod": 0, "target": 3, "value": 9.8213720737197452e-05, "supply": "[{\"l\":'Energy for power irrigation',\"v\":9.8213720737197452e-05}]"}, {"source": 5, "prod": 0, "target": 4, "value": 0.00021708424698317451, "supply": "[{\"l\":'Energy for power irrigation',\"v\":0.00021708424698317451}]"}, {"source": 5, "prod": 0, "target": 0, "value": 0.00030327946269708203, "supply": "[{\"l\":'Energy for power irrigation',\"v\":0.00030327946269708203}]"}, {"source": 5, "prod": 0, "target": 2, "value": 9.9528244724119804e-06, "supply": "[{\"l\":'Energy for power irrigation',\"v\":9.9528244724119804e-06}]"}, {"source": 6, "prod": 0, "target": 5, "value": 0.00011627498149675147, "supply": [{"l": "Coal", "v": 7.7930430960068231e-05}, {"l": "Natural gas", "v": 4.804033985957758e-06}, {"l": "Oil", "v": 3.3540516550725493e-05}]}, {"source": 7, "prod": 0, "target": 5, "value": 0.00058714609251845934, "supply": [{"l": "Nuclear", "v": 0.0}, {"l": "Hydroelectric", "v": 0.00053583770232829822}, {"l": "Renewable", "v": 5.130839019016109e-05}]}, {"source": 6, "prod": 0, "target": 3, "value": 0.49283986773413918, "supply": [{"l": "Motor Gasoline", "v": 0.28862686060776183}, {"l": "Gas-Diesel oil", "v": 0.18491598756392019}, {"l": "Natural gas (including LNG)", "v": 0.0044585794621463211}, {"l": "Fuel oil", "v": 0.0087158037227763573}, {"l": "Liquefied petroleum gas (LPG)", "v": 0.0020408787925114934}, {"l": "Coal", "v": 0.0040817575850229876}]}, {"source": 6, "prod": 0, "target": 4, "value": 1.0893363042077724, "supply": [{"l": "Motor Gasoline", "v": 0.63795917946954628}, {"l": "Gas-Diesel oil", "v": 0.40872443905141825}, {"l": "Natural gas (including LNG)", "v": 0.0098549098627937811}, {"l": "Fuel oil", "v": 0.019264759280171073}, {"l": "Liquefied petroleum gas (LPG)", "v": 0.0045110055146143149}, {"l": "Coal", "v": 0.0090220110292286316}]}, {"source": 6, "prod": 0, "target": 0, "value": 1.5218668955843877, "supply": [{"l": "Motor Gasoline", "v": 0.89126650072951319}, {"l": "Gas-Diesel oil", "v": 0.57101208396889314}, {"l": "Natural gas (including LNG)", "v": 0.013767888778903076}, {"l": "Fuel oil", "v": 0.026914001935533113}, {"l": "Liquefied petroleum gas (LPG)", "v": 0.006302140057181764}, {"l": "Coal", "v": 0.01260428011436353}]}, {"source": 6, "prod": 0, "target": 2, "value": 0.049943619483574335, "supply": [{"l": "Motor Gasoline", "v": 0.029248993522392696}, {"l": "Gas-Diesel oil", "v": 0.018739096254087515}, {"l": "Natural gas (including LNG)", "v": 0.00045182545218691215}, {"l": "Fuel oil", "v": 0.00088324588395247996}, {"l": "Liquefied petroleum gas (LPG)", "v": 0.00020681945698491238}, {"l": "Coal", "v": 0.00041363891396982482}]}, {"source": 8, "prod": 73.503168696168686, "target": 3, "value": 0.30133146959475948, "supply": [{"l": "Potash", "v": 0.29832641968310558}, {"l": "Phosphate", "v": 1.4600938761680751}, {"l": "Nitrogen", "v": 0.18150906958965168}]}, {"source": 8, "prod": 162.46589486189487, "target": 4, "value": 0.66604049493602679, "supply": [{"l": "Potash", "v": 0.29832641968310558}, {"l": "Phosphate", "v": 1.4600938761680751}, {"l": "Nitrogen", "v": 0.18150906958965168}]}, {"source": 8, "prod": 226.97441193941194, "target": 0, "value": 0.93049775027827275, "supply": [{"l": "Potash", "v": 0.29832641968310558}, {"l": "Phosphate", "v": 1.4600938761680751}, {"l": "Nitrogen", "v": 0.18150906958965168}]}, {"source": 8, "prod": 7.4486958716958718, "target": 2, "value": 0.03053645867786282, "supply": [{"l": "Potash", "v": 0.29832641968310558}, {"l": "Phosphate", "v": 1.4600938761680751}, {"l": "Nitrogen", "v": 0.18150906958965168}]}, {"source": 6, "prod": 0, "target": 8, "value": 2.5253445091660458, "supply": [{"l": "Natural gas (including LNG)", "v": 1.713298214379404}, {"l": "Fuel oil", "v": 0.77996072120553561}, {"l": "Liquefied petroleum gas (LPG)", "v": 0.016042786790553154}, {"l": "Coal", "v": 0.016042786790553154}]}, {"source": 9, "prod": 0, "target": 3, "value": 0.017745545611587817, "supply": "[{\"l\":'Labor',\"v\":0.017745545611587817}]"}, {"source": 9, "prod": 0, "target": 4, "value": 0.039223423952190285, "supply": "[{\"l\":'Labor',\"v\":0.039223423952190285}]"}, {"source": 9, "prod": 0, "target": 0, "value": 0.054797430521442307, "supply": "[{\"l\":'Labor',\"v\":0.054797430521442307}]"}, {"source": 9, "prod": 0, "target": 2, "value": 0.0017983057694343299, "supply": "[{\"l\":'Labor',\"v\":0.0017983057694343299}]"}]}