{"nodes": [{"layer": 5, "name": "Cereals, Other"}, {"layer": 10, "name": "Feed", "fill": "#dbdb8d"}, {"layer": 5, "name": "Wheat"}, {"layer": 5, "name": "Maize"}, {"layer": 5, "name": "Potatoes"}, {"layer": 5, "name": "Roots, Other"}, {"layer": 5, "name": "Peas"}, {"layer": 13, "name": "Milk - Excluding Butter"}, {"layer": 13, "name": "Offals, Edible"}, {"layer": 5, "name": "Barley"}, {"layer": 5, "name": "Oats"}, {"layer": 16, "name": "Food", "fill": "#b5cf6b"}, {"layer": 5, "name": "Nuts"}, {"layer": 5, "name": "Dates"}, {"layer": 13, "name": "Sugar", "fill": "#d6616b"}, {"layer": 13, "name": "Beer"}, {"layer": 13, "name": "Groundnut Oil"}, {"layer": 13, "name": "Beverages, Alcoholic"}, {"layer": 5, "name": "Cocoa Beans"}, {"layer": 5, "name": "Rice"}, {"layer": 13, "name": "Butter, Ghee"}, {"layer": 5, "name": "Tomatoes"}, {"layer": 13, "name": "Fats, Animals, Raw"}, {"layer": 5, "name": "Coffee"}, {"layer": 13, "name": "Soyabean Oil"}, {"layer": 5, "name": "Coconuts - Incl Copra"}, {"layer": 5, "name": "Treenuts"}, {"layer": 13, "name": "Crustaceans"}, {"layer": 13, "name": "Eggs"}, {"layer": 5, "name": "Vegetables, Other"}, {"layer": 13, "name": "Marine Fish, Other"}, {"layer": 5, "name": "Grapes"}, {"layer": 5, "name": "Groundnuts"}, {"layer": 13, "name": "Wine"}, {"layer": 13, "name": "Pigmeat"}, {"layer": 13, "name": "Poultry Meat"}, {"layer": 13, "name": "Freshwater Fish"}, {"layer": 5, "name": "Grapefruit"}, {"layer": 5, "name": "Pineapples"}, {"layer": 5, "name": "Beans"}, {"layer": 5, "name": "Apples"}, {"layer": 13, "name": "Fish, Seafood"}, {"layer": 13, "name": "Meat, Other"}, {"layer": 5, "name": "Lemons, Limes"}, {"layer": 13, "name": "Mutton & Goat Meat"}, {"layer": 13, "name": "Sweeteners, Other"}, {"layer": 13, "name": "Pelagic Fish"}, {"layer": 5, "name": "Bananas"}, {"layer": 13, "name": "Bovine Meat"}, {"layer": 5, "name": "Fruits, Other"}, {"layer": 13, "name": "Molluscs, Other"}, {"layer": 13, "name": "Honey"}, {"layer": 5, "name": "Sweet potatoes"}, {"layer": 13, "name": "Demersal Fish"}, {"layer": 5, "name": "Oranges, Mandarines"}, {"layer": 5, "name": "Tea"}, {"layer": 13, "name": "Cream"}, {"layer": 10, "name": "Processing", "fill": "#9edae5"}, {"layer": 5, "name": "Oilcrops, Other"}, {"layer": 13, "name": "Oilcrops Oil, Other"}, {"layer": 16, "name": "Biofuels & Other", "fill": "#e7ba52"}, {"layer": 13, "name": "Alcohol, Non-Food"}, {"layer": 13, "name": "Coconut Oil"}, {"name": "Waste", "fill": "#c7c7c7"}, {"layer": 2, "name": "Import", "fill": "#aec7e8"}, {"layer": 16, "name": "Export", "fill": "#aec7e8"}, {"layer": 16, "name": "Stock Deposit", "fill": "#c7c7c7"}, {"layer": 0, "name": "Stock Draw", "fill": "#c7c7c7"}, {"name": "Crop Residue", "fill": "#bd9e39"}, {"layer": 2, "name": "Electricity", "fill": "#bcbd22"}, {"layer": 0, "name": "Fossil Fuels", "fill": "#c49c94"}, {"layer": 0, "name": "Renewables & Nuclear", "fill": "#2ca02c"}, {"layer": 2, "name": "Fertilizers", "fill": "#c5b0d5"}, {"layer": 0, "name": "Labor", "fill": "#7f7f7f"}], "links": [{"source": 0, "prod": 2.0, "target": 1, "value": 0.0074015675072153864, "supply": [{"l": "Cereals, Other", "v": 0.0074015675072153864}]}, {"source": 2, "prod": 128.0, "target": 1, "value": 0.4335301897262967, "supply": [{"l": "Wheat", "v": 0.4335301897262967}]}, {"source": 3, "prod": 17.0, "target": 1, "value": 0.058910435261510206, "supply": [{"l": "Maize", "v": 0.058910435261510206}]}, {"source": 4, "prod": 20.0, "target": 1, "value": 0.01378252161866883, "supply": [{"l": "Potatoes", "v": 0.01378252161866883}]}, {"source": 5, "prod": 2.0, "target": 1, "value": 0.0017161462402600547, "supply": [{"l": "Roots, Other", "v": 0.0017161462402600547}]}, {"source": 6, "prod": 1.0, "target": 1, "value": 0.0038804861421648205, "supply": [{"l": "Peas", "v": 0.0038804861421648205}]}, {"source": 7, "prod": 1470.0, "target": 1, "value": 0.84397622986236753, "supply": [{"l": "Milk - Excluding Butter", "v": 0.84397622986236753}]}, {"source": 8, "prod": 45.0, "target": 1, "value": 0.056439426028448862, "supply": [{"l": "Offals, Edible", "v": 0.056439426028448862}]}, {"source": 9, "prod": 72.0, "target": 1, "value": 0.22923089956170004, "supply": [{"l": "Barley", "v": 0.22923089956170004}]}, {"source": 10, "prod": 14.0, "target": 1, "value": 0.034958960717470594, "supply": [{"l": "Oats", "v": 0.034958960717470594}]}, {"source": 3, "prod": 1.0, "target": 11, "value": 0.0034653197212653059, "supply": [{"l": "Maize", "v": 0.0034653197212653059}]}, {"source": 12, "prod": 1.0, "target": 11, "value": 0.0041080806373064525, "supply": [{"l": "Nuts", "v": 0.0041080806373064525}]}, {"source": 13, "prod": 2.0, "target": 11, "value": 0.001286368684409091, "supply": [{"l": "Dates", "v": 0.001286368684409091}]}, {"source": 14, "prod": 104.0, "target": 11, "value": 0.42996481772861223, "supply": [{"l": "Sugar", "v": 0.42996481772861223}]}, {"source": 15, "prod": 270.0, "target": 11, "value": 0.11288383369121772, "supply": [{"l": "Beer", "v": 0.11288383369121772}]}, {"source": 16, "prod": 1.0, "target": 11, "value": 0.009988274490705884, "supply": [{"l": "Groundnut Oil", "v": 0.009988274490705884}]}, {"source": 17, "prod": 6.0, "target": 11, "value": 0.020769609402347639, "supply": [{"l": "Beverages, Alcoholic", "v": 0.020769609402347639}]}, {"source": 9, "prod": 2.0, "target": 11, "value": 0.0063675249878250009, "supply": [{"l": "Barley", "v": 0.0063675249878250009}]}, {"source": 18, "prod": 2.0, "target": 11, "value": 0.018706853071576272, "supply": [{"l": "Cocoa Beans", "v": 0.018706853071576272}]}, {"source": 19, "prod": 5.0, "target": 11, "value": 0.019295530266136365, "supply": [{"l": "Rice", "v": 0.019295530266136365}]}, {"source": 20, "prod": 53.0, "target": 11, "value": 0.44158171325446516, "supply": [{"l": "Butter, Ghee", "v": 0.44158171325446516}]}, {"source": 21, "prod": 42.0, "target": 11, "value": 0.0077565873064866387, "supply": [{"l": "Tomatoes", "v": 0.0077565873064866387}]}, {"source": 22, "prod": 3.0, "target": 11, "value": 0.022778138167829268, "supply": [{"l": "Fats, Animals, Raw", "v": 0.022778138167829268}]}, {"source": 23, "prod": 4.0, "target": 11, "value": 0.0023583425880833336, "supply": [{"l": "Coffee", "v": 0.0023583425880833336}]}, {"source": 2, "prod": 218.0, "target": 11, "value": 0.73835610437759902, "supply": [{"l": "Wheat", "v": 0.73835610437759902}]}, {"source": 24, "prod": 1.0, "target": 11, "value": 0.010107182520357146, "supply": [{"l": "Soyabean Oil", "v": 0.010107182520357146}]}, {"source": 25, "prod": 7.0, "target": 11, "value": 0.010766346597771738, "supply": [{"l": "Coconuts - Incl Copra", "v": 0.010766346597771738}]}, {"source": 26, "prod": 1.0, "target": 11, "value": 0.0032653974296538461, "supply": [{"l": "Treenuts", "v": 0.0032653974296538461}]}, {"source": 27, "prod": 1.0, "target": 11, "value": 0.00090319503373404266, "supply": [{"l": "Crustaceans", "v": 0.00090319503373404266}]}, {"source": 28, "prod": 44.0, "target": 11, "value": 0.071542413927242199, "supply": [{"l": "Eggs", "v": 0.071542413927242199}]}, {"source": 29, "prod": 209.0, "target": 11, "value": 0.063528508561658148, "supply": [{"l": "Vegetables, Other", "v": 0.063528508561658148}]}, {"source": 6, "prod": 9.0, "target": 11, "value": 0.034924375279483381, "supply": [{"l": "Peas", "v": 0.034924375279483381}]}, {"source": 30, "prod": 1.0, "target": 11, "value": 0.0013693602124354839, "supply": [{"l": "Marine Fish, Other", "v": 0.0013693602124354839}]}, {"source": 31, "prod": 30.0, "target": 11, "value": 0.025581323095192142, "supply": [{"l": "Grapes", "v": 0.025581323095192142}]}, {"source": 32, "prod": 2.0, "target": 11, "value": 0.013405315763842107, "supply": [{"l": "Groundnuts", "v": 0.013405315763842107}]}, {"source": 33, "prod": 8.0, "target": 11, "value": 0.0067694617810764128, "supply": [{"l": "Wine", "v": 0.0067694617810764128}]}, {"source": 10, "prod": 14.0, "target": 11, "value": 0.034958960717470594, "supply": [{"l": "Oats", "v": 0.034958960717470594}]}, {"source": 34, "prod": 41.0, "target": 11, "value": 0.064582989289512269, "supply": [{"l": "Pigmeat", "v": 0.064582989289512269}]}, {"source": 35, "prod": 8.0, "target": 11, "value": 0.014380512458931597, "supply": [{"l": "Poultry Meat", "v": 0.014380512458931597}]}, {"source": 0, "prod": 5.0, "target": 11, "value": 0.018503918768038464, "supply": [{"l": "Cereals, Other", "v": 0.018503918768038464}]}, {"source": 4, "prod": 167.0, "target": 11, "value": 0.11508405551588473, "supply": [{"l": "Potatoes", "v": 0.11508405551588473}]}, {"source": 36, "prod": 2.0, "target": 11, "value": 0.0022640088845600004, "supply": [{"l": "Freshwater Fish", "v": 0.0022640088845600004}]}, {"source": 37, "prod": 4.0, "target": 11, "value": 0.0011630182626164384, "supply": [{"l": "Grapefruit", "v": 0.0011630182626164384}]}, {"source": 7, "prod": 399.0, "target": 11, "value": 0.22907926239121401, "supply": [{"l": "Milk - Excluding Butter", "v": 0.22907926239121401}]}, {"source": 38, "prod": 5.0, "target": 11, "value": 0.0047166851761666663, "supply": [{"l": "Pineapples", "v": 0.0047166851761666663}]}, {"source": 39, "prod": 1.0, "target": 11, "value": 0.0034419053988243241, "supply": [{"l": "Beans", "v": 0.0034419053988243241}]}, {"source": 40, "prod": 65.0, "target": 11, "value": 0.034968850098154453, "supply": [{"l": "Apples", "v": 0.034968850098154453}]}, {"source": 41, "prod": 46.0, "target": 11, "value": 0.023011706465540405, "supply": [{"l": "Fish, Seafood", "v": 0.023011706465540405}]}, {"source": 42, "prod": 2.0, "target": 11, "value": 0.0036913188335217393, "supply": [{"l": "Meat, Other", "v": 0.0036913188335217393}]}, {"source": 43, "prod": 2.0, "target": 11, "value": 0.0023244444400000001, "supply": [{"l": "Lemons, Limes", "v": 0.0023244444400000001}]}, {"source": 44, "prod": 111.0, "target": 11, "value": 0.31794510714365037, "supply": [{"l": "Mutton & Goat Meat", "v": 0.31794510714365037}]}, {"source": 45, "prod": 6.0, "target": 11, "value": 0.026348379259965519, "supply": [{"l": "Sweeteners, Other", "v": 0.026348379259965519}]}, {"source": 46, "prod": 6.0, "target": 11, "value": 0.0058686866247235027, "supply": [{"l": "Pelagic Fish", "v": 0.0058686866247235027}]}, {"source": 47, "prod": 27.0, "target": 11, "value": 0.019592384577923075, "supply": [{"l": "Bananas", "v": 0.019592384577923075}]}, {"source": 48, "prod": 127.0, "target": 11, "value": 0.1529410257122979, "supply": [{"l": "Bovine Meat", "v": 0.1529410257122979}]}, {"source": 49, "prod": 50.0, "target": 11, "value": 0.024269845760940746, "supply": [{"l": "Fruits, Other", "v": 0.024269845760940746}]}, {"source": 50, "prod": 11.0, "target": 11, "value": 0.002187128020798595, "supply": [{"l": "Molluscs, Other", "v": 0.002187128020798595}]}, {"source": 51, "prod": 4.0, "target": 11, "value": 0.014234786399928145, "supply": [{"l": "Honey", "v": 0.014234786399928145}]}, {"source": 8, "prod": 11.0, "target": 11, "value": 0.013796304140287501, "supply": [{"l": "Offals, Edible", "v": 0.013796304140287501}]}, {"source": 52, "prod": 3.0, "target": 11, "value": 0.0030810604779798389, "supply": [{"l": "Sweet potatoes", "v": 0.0030810604779798389}]}, {"source": 53, "prod": 25.0, "target": 11, "value": 0.011936396534777606, "supply": [{"l": "Demersal Fish", "v": 0.011936396534777606}]}, {"source": 54, "prod": 14.0, "target": 11, "value": 0.005472397165718232, "supply": [{"l": "Oranges, Mandarines", "v": 0.005472397165718232}]}, {"source": 55, "prod": 8.0, "target": 11, "value": 0.0033185797982149836, "supply": [{"l": "Tea", "v": 0.0033185797982149836}]}, {"source": 56, "prod": 13.0, "target": 11, "value": 0.029162919320932925, "supply": [{"l": "Cream", "v": 0.029162919320932925}]}, {"source": 2, "prod": 54.0, "target": 57, "value": 0.18289554879078143, "supply": [{"l": "Wheat", "v": 0.18289554879078143}]}, {"source": 25, "prod": 13.0, "target": 57, "value": 0.019994643681576087, "supply": [{"l": "Coconuts - Incl Copra", "v": 0.019994643681576087}]}, {"source": 4, "prod": 23.0, "target": 57, "value": 0.015849899861469154, "supply": [{"l": "Potatoes", "v": 0.015849899861469154}]}, {"source": 49, "prod": 7.0, "target": 57, "value": 0.0033977784065317039, "supply": [{"l": "Fruits, Other", "v": 0.0033977784065317039}]}, {"source": 9, "prod": 40.0, "target": 57, "value": 0.12735049975650001, "supply": [{"l": "Barley", "v": 0.12735049975650001}]}, {"source": 31, "prod": 7.0, "target": 57, "value": 0.0059689753888781671, "supply": [{"l": "Grapes", "v": 0.0059689753888781671}]}, {"source": 58, "prod": 9.0, "target": 57, "value": 0.047756437408687499, "supply": [{"l": "Oilcrops, Other", "v": 0.047756437408687499}]}, {"source": 59, "prod": 1.0, "target": 57, "value": 0.0096477651330681823, "supply": [{"l": "Oilcrops Oil, Other", "v": 0.0096477651330681823}]}, {"source": 40, "prod": 3.0, "target": 57, "value": 0.0016139469276071289, "supply": [{"l": "Apples", "v": 0.0016139469276071289}]}, {"source": 3, "prod": 2.0, "target": 60, "value": 0.0069306394425306117, "supply": [{"l": "Maize", "v": 0.0069306394425306117}]}, {"source": 45, "prod": 1.0, "target": 60, "value": 0.0043913965433275866, "supply": [{"l": "Sweeteners, Other", "v": 0.0043913965433275866}]}, {"source": 61, "prod": 7.0, "target": 60, "value": 0.0059232790584418616, "supply": [{"l": "Alcohol, Non-Food", "v": 0.0059232790584418616}]}, {"source": 18, "prod": 1.0, "target": 60, "value": 0.0093534265357881358, "supply": [{"l": "Cocoa Beans", "v": 0.0093534265357881358}]}, {"source": 62, "prod": 2.0, "target": 60, "value": 0.020302253584369566, "supply": [{"l": "Coconut Oil", "v": 0.020302253584369566}]}, {"source": 14, "prod": 6.0, "target": 60, "value": 0.024805662561266088, "supply": [{"l": "Sugar", "v": 0.024805662561266088}]}, {"source": 8, "prod": 47.0, "target": 60, "value": 0.058947844963046593, "supply": [{"l": "Offals, Edible", "v": 0.058947844963046593}]}, {"source": 59, "prod": 5.0, "target": 60, "value": 0.048238825665340906, "supply": [{"l": "Oilcrops Oil, Other", "v": 0.048238825665340906}]}, {"source": 22, "prod": 3.0, "target": 60, "value": 0.022778138167829268, "supply": [{"l": "Fats, Animals, Raw", "v": 0.022778138167829268}]}, {"source": 44, "prod": 4.0, "target": 60, "value": 0.011457481338509925, "supply": [{"l": "Mutton & Goat Meat", "v": 0.011457481338509925}]}, {"source": 2, "prod": 9.0, "target": 2, "value": 0.030482591465130236, "supply": [{"l": "Wheat", "v": 0.030482591465130236}]}, {"source": 10, "prod": 4.0, "target": 10, "value": 0.0099882744907058823, "supply": [{"l": "Oats", "v": 0.0099882744907058823}]}, {"source": 4, "prod": 24.0, "target": 4, "value": 0.016539025942402596, "supply": [{"l": "Potatoes", "v": 0.016539025942402596}]}, {"source": 28, "prod": 1.0, "target": 28, "value": 0.0016259639528918681, "supply": [{"l": "Eggs", "v": 0.0016259639528918681}]}, {"source": 6, "prod": 4.0, "target": 6, "value": 0.015521944568659282, "supply": [{"l": "Peas", "v": 0.015521944568659282}]}, {"source": 9, "prod": 5.0, "target": 9, "value": 0.015918812469562501, "supply": [{"l": "Barley", "v": 0.015918812469562501}]}, {"source": 3, "prod": 1.0, "target": 63, "value": 0.0034653197212653059, "supply": [{"l": "Maize", "v": 0.0034653197212653059}]}, {"source": 2, "prod": 18.0, "target": 63, "value": 0.060965182930260473, "supply": [{"l": "Wheat", "v": 0.060965182930260473}]}, {"source": 47, "prod": 3.0, "target": 63, "value": 0.0021769316197692307, "supply": [{"l": "Bananas", "v": 0.0021769316197692307}]}, {"source": 4, "prod": 5.0, "target": 63, "value": 0.0034456304046672076, "supply": [{"l": "Potatoes", "v": 0.0034456304046672076}]}, {"source": 28, "prod": 1.0, "target": 63, "value": 0.0016259639528918681, "supply": [{"l": "Eggs", "v": 0.0016259639528918681}]}, {"source": 29, "prod": 18.0, "target": 63, "value": 0.0054713548043533334, "supply": [{"l": "Vegetables, Other", "v": 0.0054713548043533334}]}, {"source": 49, "prod": 6.0, "target": 63, "value": 0.00291238149131289, "supply": [{"l": "Fruits, Other", "v": 0.00291238149131289}]}, {"source": 6, "prod": 2.0, "target": 63, "value": 0.0077609722843296411, "supply": [{"l": "Peas", "v": 0.0077609722843296411}]}, {"source": 7, "prod": 55.0, "target": 63, "value": 0.031577341933625998, "supply": [{"l": "Milk - Excluding Butter", "v": 0.031577341933625998}]}, {"source": 9, "prod": 4.0, "target": 63, "value": 0.012735049975650002, "supply": [{"l": "Barley", "v": 0.012735049975650002}]}, {"source": 54, "prod": 2.0, "target": 63, "value": 0.00078177102367403312, "supply": [{"l": "Oranges, Mandarines", "v": 0.00078177102367403312}]}, {"source": 21, "prod": 5.0, "target": 63, "value": 0.0009234032507722188, "supply": [{"l": "Tomatoes", "v": 0.0009234032507722188}]}, {"source": 40, "prod": 5.0, "target": 63, "value": 0.0026899115460118812, "supply": [{"l": "Apples", "v": 0.0026899115460118812}]}, {"source": 64, "prod": 1.0, "target": 26, "value": 0.0032653974296538461, "supply": [{"l": "Treenuts", "v": 0.0032653974296538461}]}, {"source": 64, "prod": 8.0, "target": 55, "value": 0.0033185797982149836, "supply": [{"l": "Tea", "v": 0.0033185797982149836}]}, {"source": 64, "prod": 1.0, "target": 29, "value": 0.00030396415579740741, "supply": [{"l": "Vegetables, Other", "v": 0.00030396415579740741}]}, {"source": 64, "prod": 5.0, "target": 19, "value": 0.019295530266136365, "supply": [{"l": "Rice", "v": 0.019295530266136365}]}, {"source": 64, "prod": 177.0, "target": 2, "value": 0.59949096548089464, "supply": [{"l": "Wheat", "v": 0.59949096548089464}]}, {"source": 64, "prod": 1.0, "target": 37, "value": 0.0002907545656541096, "supply": [{"l": "Grapefruit", "v": 0.0002907545656541096}]}, {"source": 64, "prod": 4.0, "target": 23, "value": 0.0023583425880833336, "supply": [{"l": "Coffee", "v": 0.0023583425880833336}]}, {"source": 64, "prod": 1.0, "target": 12, "value": 0.0041080806373064525, "supply": [{"l": "Nuts", "v": 0.0041080806373064525}]}, {"source": 64, "prod": 2.0, "target": 0, "value": 0.0074015675072153864, "supply": [{"l": "Cereals, Other", "v": 0.0074015675072153864}]}, {"source": 64, "prod": 12.0, "target": 1, "value": 0.0083987089472822296, "supply": [{"l": "Freshwater Fish", "v": 0.0022640088845600004}, {"l": "Pelagic Fish", "v": 0.0029343433123617513}, {"l": "Molluscs, Other", "v": 0.00019882982007259954}, {"l": "Fish, Seafood", "v": 0.0030015269302878789}]}, {"source": 64, "prod": 2.0, "target": 13, "value": 0.001286368684409091, "supply": [{"l": "Dates", "v": 0.001286368684409091}]}, {"source": 64, "prod": 3.0, "target": 18, "value": 0.028060279607364406, "supply": [{"l": "Cocoa Beans", "v": 0.028060279607364406}]}, {"source": 64, "prod": 15.0, "target": 54, "value": 0.0058632826775552489, "supply": [{"l": "Oranges, Mandarines", "v": 0.0058632826775552489}]}, {"source": 64, "prod": 2.0, "target": 32, "value": 0.013405315763842107, "supply": [{"l": "Groundnuts", "v": 0.013405315763842107}]}, {"source": 64, "prod": 3.0, "target": 4, "value": 0.0020673782428003245, "supply": [{"l": "Potatoes", "v": 0.0020673782428003245}]}, {"source": 64, "prod": 30.0, "target": 47, "value": 0.021769316197692307, "supply": [{"l": "Bananas", "v": 0.021769316197692307}]}, {"source": 64, "prod": 28.0, "target": 31, "value": 0.023875901555512669, "supply": [{"l": "Grapes", "v": 0.023875901555512669}]}, {"source": 64, "prod": 5.0, "target": 10, "value": 0.012485343113382355, "supply": [{"l": "Oats", "v": 0.012485343113382355}]}, {"source": 64, "prod": 1.0, "target": 39, "value": 0.0034419053988243241, "supply": [{"l": "Beans", "v": 0.0034419053988243241}]}, {"source": 64, "prod": 1.0, "target": 3, "value": 0.0034653197212653059, "supply": [{"l": "Maize", "v": 0.0034653197212653059}]}, {"source": 64, "prod": 8.0, "target": 49, "value": 0.0038831753217505195, "supply": [{"l": "Fruits, Other", "v": 0.0038831753217505195}]}, {"source": 64, "prod": 5.0, "target": 38, "value": 0.0047166851761666663, "supply": [{"l": "Pineapples", "v": 0.0047166851761666663}]}, {"source": 64, "prod": 20.0, "target": 25, "value": 0.030760990279347825, "supply": [{"l": "Coconuts - Incl Copra", "v": 0.030760990279347825}]}, {"source": 64, "prod": 144.0, "target": 57, "value": 0.61349658114546912, "supply": [{"l": "Sugar", "v": 0.53745602216076538}, {"l": "Oilcrops Oil, Other", "v": 0.019295530266136365}, {"l": "Wine", "v": 0.0008461827226345516}, {"l": "Sweeteners, Other", "v": 0.021956982716637933}, {"l": "Soyabean Oil", "v": 0.010107182520357146}, {"l": "Groundnut Oil", "v": 0.009988274490705884}, {"l": "Beverages, Alcoholic", "v": 0.013846406268231762}]}, {"source": 64, "prod": 2.0, "target": 5, "value": 0.0017161462402600547, "supply": [{"l": "Roots, Other", "v": 0.0017161462402600547}]}, {"source": 22, "prod": 115.0, "target": 65, "value": 0.87316196310012206, "supply": [{"l": "Fats, Animals, Raw", "v": 0.87316196310012206}]}, {"source": 45, "prod": 4.0, "target": 65, "value": 0.017565586173310346, "supply": [{"l": "Sweeteners, Other", "v": 0.017565586173310346}]}, {"source": 58, "prod": 2.0, "target": 65, "value": 0.010612541646375, "supply": [{"l": "Oilcrops, Other", "v": 0.010612541646375}]}, {"source": 48, "prod": 160.0, "target": 65, "value": 0.19268160719659577, "supply": [{"l": "Bovine Meat", "v": 0.19268160719659577}]}, {"source": 28, "prod": 1.0, "target": 65, "value": 0.0016259639528918681, "supply": [{"l": "Eggs", "v": 0.0016259639528918681}]}, {"source": 29, "prod": 16.0, "target": 65, "value": 0.0048634264927585186, "supply": [{"l": "Vegetables, Other", "v": 0.0048634264927585186}]}, {"source": 49, "prod": 4.0, "target": 65, "value": 0.0019415876608752597, "supply": [{"l": "Fruits, Other", "v": 0.0019415876608752597}]}, {"source": 6, "prod": 14.0, "target": 65, "value": 0.054326805990307488, "supply": [{"l": "Peas", "v": 0.054326805990307488}]}, {"source": 7, "prod": 3145.0, "target": 65, "value": 1.8056498251137045, "supply": [{"l": "Milk - Excluding Butter", "v": 1.8056498251137045}]}, {"source": 15, "prod": 1.0, "target": 65, "value": 0.00041808827293043601, "supply": [{"l": "Beer", "v": 0.00041808827293043601}]}, {"source": 34, "prod": 7.0, "target": 65, "value": 0.011026364025038682, "supply": [{"l": "Pigmeat", "v": 0.011026364025038682}]}, {"source": 53, "prod": 1.0, "target": 65, "value": 0.00047745586139110439, "supply": [{"l": "Demersal Fish", "v": 0.00047745586139110439}]}, {"source": 40, "prod": 36.0, "target": 65, "value": 0.019367363131285543, "supply": [{"l": "Apples", "v": 0.019367363131285543}]}, {"source": 41, "prod": 5.0, "target": 65, "value": 0.0025012724419065657, "supply": [{"l": "Fish, Seafood", "v": 0.0025012724419065657}]}, {"source": 4, "prod": 4.0, "target": 65, "value": 0.0027565043237337663, "supply": [{"l": "Potatoes", "v": 0.0027565043237337663}]}, {"source": 42, "prod": 2.0, "target": 65, "value": 0.0036913188335217393, "supply": [{"l": "Meat, Other", "v": 0.0036913188335217393}]}, {"source": 51, "prod": 3.0, "target": 65, "value": 0.010676089799946109, "supply": [{"l": "Honey", "v": 0.010676089799946109}]}, {"source": 8, "prod": 25.0, "target": 65, "value": 0.031355236682471588, "supply": [{"l": "Offals, Edible", "v": 0.031355236682471588}]}, {"source": 44, "prod": 369.0, "target": 65, "value": 1.0569526534775404, "supply": [{"l": "Mutton & Goat Meat", "v": 1.0569526534775404}]}, {"source": 20, "prod": 185.0, "target": 65, "value": 1.5413701311712467, "supply": [{"l": "Butter, Ghee", "v": 1.5413701311712467}]}, {"source": 27, "prod": 4.0, "target": 65, "value": 0.0036127801349361706, "supply": [{"l": "Crustaceans", "v": 0.0036127801349361706}]}, {"source": 7, "prod": 450.0, "target": 66, "value": 0.25836007036603087, "supply": [{"l": "Milk - Excluding Butter", "v": 0.25836007036603087}]}, {"source": 14, "prod": 19.0, "target": 66, "value": 0.078551264777342616, "supply": [{"l": "Sugar", "v": 0.078551264777342616}]}, {"source": 67, "prod": 1.0, "target": 3, "value": 0.0034653197212653059, "supply": [{"l": "Maize", "v": 0.0034653197212653059}]}, {"source": 67, "prod": 13.0, "target": 57, "value": 0.095071339445593817, "supply": [{"l": "Honey", "v": 0.0071173931999640727}, {"l": "Fats, Animals, Raw", "v": 0.037963563613048777}, {"l": "Butter, Ghee", "v": 0.049990382632580967}]}, {"source": 9, "prod": 8.0, "target": 66, "value": 0.025470099951300004, "supply": [{"l": "Barley", "v": 0.025470099951300004}]}, {"source": 44, "prod": 5.0, "target": 66, "value": 0.014321851673137405, "supply": [{"l": "Mutton & Goat Meat", "v": 0.014321851673137405}]}, {"source": 2, "prod": 23.0, "target": 66, "value": 0.077899955966443932, "supply": [{"l": "Wheat", "v": 0.077899955966443932}]}, {"source": 1, "prod": 8.0, "target": 35, "value": 0.014380512458931597, "supply": [{"l": "Poultry Meat", "v": 0.014380512458931597}]}, {"source": 1, "prod": 48.0, "target": 34, "value": 0.075609353314550945, "supply": [{"l": "Pigmeat", "v": 0.075609353314550945}]}, {"source": 1, "prod": 6.0, "target": 46, "value": 0.0058686866247235027, "supply": [{"l": "Pelagic Fish", "v": 0.0058686866247235027}]}, {"source": 1, "prod": 5.0, "target": 27, "value": 0.0045159751686702134, "supply": [{"l": "Crustaceans", "v": 0.0045159751686702134}]}, {"source": 1, "prod": 46.0, "target": 28, "value": 0.07479434183302594, "supply": [{"l": "Eggs", "v": 0.076420305785917811}]}, {"source": 1, "prod": 11.0, "target": 50, "value": 0.002187128020798595, "supply": [{"l": "Molluscs, Other", "v": 0.002187128020798595}]}, {"source": 1, "prod": 5519.0, "target": 7, "value": 3.168642729666943, "supply": [{"l": "Milk - Excluding Butter", "v": 3.168642729666943}]}, {"source": 1, "prod": 128.0, "target": 8, "value": 0.16053881181425456, "supply": [{"l": "Offals, Edible", "v": 0.16053881181425456}]}, {"source": 1, "prod": 1.0, "target": 30, "value": 0.0013693602124354839, "supply": [{"l": "Marine Fish, Other", "v": 0.0013693602124354839}]}, {"source": 1, "prod": 51.0, "target": 41, "value": 0.02551297890744697, "supply": [{"l": "Fish, Seafood", "v": 0.02551297890744697}]}, {"source": 1, "prod": 287.0, "target": 48, "value": 0.34562263290889367, "supply": [{"l": "Bovine Meat", "v": 0.34562263290889367}]}, {"source": 1, "prod": 26.0, "target": 53, "value": 0.01241385239616871, "supply": [{"l": "Demersal Fish", "v": 0.01241385239616871}]}, {"source": 1, "prod": 4.0, "target": 42, "value": 0.0073826376670434787, "supply": [{"l": "Meat, Other", "v": 0.0073826376670434787}]}, {"source": 1, "prod": 2.0, "target": 36, "value": 0.0022640088845600004, "supply": [{"l": "Freshwater Fish", "v": 0.0022640088845600004}]}, {"source": 1, "prod": 489.0, "target": 44, "value": 1.4006770936328381, "supply": [{"l": "Mutton & Goat Meat", "v": 1.4006770936328381}]}, {"source": 57, "prod": 121.0, "target": 22, "value": 0.91871823943578057, "supply": [{"l": "Fats, Animals, Raw", "v": 0.91871823943578057}]}, {"source": 57, "prod": 11.0, "target": 45, "value": 0.048305361976603456, "supply": [{"l": "Sweeteners, Other", "v": 0.048305361976603456}]}, {"source": 57, "prod": 7.0, "target": 61, "value": 0.0059232790584418616, "supply": [{"l": "Alcohol, Non-Food", "v": 0.0059232790584418616}]}, {"source": 57, "prod": 1.0, "target": 24, "value": 0.010107182520357146, "supply": [{"l": "Soyabean Oil", "v": 0.010107182520357146}]}, {"source": 57, "prod": 2.0, "target": 62, "value": 0.020302253584369566, "supply": [{"l": "Coconut Oil", "v": 0.020302253584369566}]}, {"source": 57, "prod": 129.0, "target": 14, "value": 0.53332174506722096, "supply": [{"l": "Sugar", "v": 0.53332174506722096}]}, {"source": 57, "prod": 7.0, "target": 51, "value": 0.024910876199874254, "supply": [{"l": "Honey", "v": 0.024910876199874254}]}, {"source": 57, "prod": 271.0, "target": 15, "value": 0.11330192196414816, "supply": [{"l": "Beer", "v": 0.11330192196414816}]}, {"source": 57, "prod": 1.0, "target": 16, "value": 0.009988274490705884, "supply": [{"l": "Groundnut Oil", "v": 0.009988274490705884}]}, {"source": 57, "prod": 6.0, "target": 17, "value": 0.020769609402347639, "supply": [{"l": "Beverages, Alcoholic", "v": 0.020769609402347639}]}, {"source": 57, "prod": 6.0, "target": 59, "value": 0.05788659079840909, "supply": [{"l": "Oilcrops Oil, Other", "v": 0.05788659079840909}]}, {"source": 57, "prod": 13.0, "target": 56, "value": 0.029162919320932925, "supply": [{"l": "Cream", "v": 0.029162919320932925}]}, {"source": 57, "prod": 238.0, "target": 20, "value": 1.9829518444257119, "supply": [{"l": "Butter, Ghee", "v": 1.9829518444257119}]}, {"source": 57, "prod": 8.0, "target": 33, "value": 0.0067694617810764128, "supply": [{"l": "Wine", "v": 0.0067694617810764128}]}, {"source": 3, "prod": 40.0, "target": 68, "value": 0.13946666640000002, "supply": [{"l": "Maize", "v": 0.13946666640000002}]}, {"source": 4, "prod": 121.0, "target": 68, "value": 0.42188666586000001, "supply": [{"l": "Potatoes", "v": 0.42188666586000001}]}, {"source": 5, "prod": 0.5, "target": 68, "value": 0.0017433333300000003, "supply": [{"l": "Roots, Other", "v": 0.0017433333300000003}]}, {"source": 2, "prod": 724.0, "target": 68, "value": 2.5243466618400006, "supply": [{"l": "Wheat", "v": 2.5243466618400006}]}, {"source": 0, "prod": 12.0, "target": 68, "value": 0.041839999919999996, "supply": [{"l": "Cereals, Other", "v": 0.041839999919999996}]}, {"source": 25, "prod": 10.0, "target": 68, "value": 0.034866666600000006, "supply": [{"l": "Coconuts - Incl Copra", "v": 0.034866666600000006}]}, {"source": 10, "prod": 60.0, "target": 68, "value": 0.20919999960000005, "supply": [{"l": "Oats", "v": 0.20919999960000005}]}, {"source": 29, "prod": 243.0, "target": 68, "value": 0.8472599983800001, "supply": [{"l": "Vegetables, Other", "v": 0.8472599983800001}]}, {"source": 6, "prod": 30.0, "target": 68, "value": 0.1045999998, "supply": [{"l": "Peas", "v": 0.1045999998}]}, {"source": 52, "prod": 1.75, "target": 68, "value": 0.0061016666550000008, "supply": [{"l": "Sweet potatoes", "v": 0.0061016666550000008}]}, {"source": 39, "prod": 0.5, "target": 68, "value": 0.0017433333300000001, "supply": [{"l": "Beans", "v": 0.0017433333300000001}]}, {"source": 9, "prod": 262.0, "target": 68, "value": 0.91350666491999999, "supply": [{"l": "Barley", "v": 0.91350666491999999}]}, {"source": 32, "prod": 1.0, "target": 68, "value": 0.0034866666600000002, "supply": [{"l": "Groundnuts", "v": 0.0034866666600000002}]}, {"source": 58, "prod": 11.0, "target": 68, "value": 0.049392161005756385, "supply": [{"l": "Oilcrops, Other", "v": 0.049392161005756385}]}, {"source": 19, "prod": 5.0, "target": 68, "value": 0.017433333299999999, "supply": [{"l": "Rice", "v": 0.017433333299999999}]}, {"source": 21, "prod": 46.5, "target": 68, "value": 0.16212999968999997, "supply": [{"l": "Tomatoes", "v": 0.16212999968999997}]}, {"source": 69, "prod": 0, "target": 3, "value": 8.487964841237401e-06, "supply": "[{\"l\":'Energy for power irrigation',\"v\":8.487964841237401e-06}]"}, {"source": 69, "prod": 0, "target": 2, "value": 0.00015363216362639697, "supply": "[{\"l\":'Energy for power irrigation',\"v\":0.00015363216362639697}]"}, {"source": 69, "prod": 0, "target": 54, "value": 3.6073850575258959e-06, "supply": "[{\"l\":'Energy for power irrigation',\"v\":3.6073850575258959e-06}]"}, {"source": 69, "prod": 0, "target": 0, "value": 2.5463894523712204e-06, "supply": "[{\"l\":'Energy for power irrigation',\"v\":2.5463894523712204e-06}]"}, {"source": 69, "prod": 0, "target": 4, "value": 0.00010270437457897256, "supply": "[{\"l\":'Energy for power irrigation',\"v\":0.00010270437457897256}]"}, {"source": 69, "prod": 0, "target": 10, "value": 1.2731947261856103e-05, "supply": "[{\"l\":'Energy for power irrigation',\"v\":1.2731947261856103e-05}]"}, {"source": 69, "prod": 0, "target": 29, "value": 0.00010312877282103443, "supply": "[{\"l\":'Energy for power irrigation',\"v\":0.00010312877282103443}]"}, {"source": 69, "prod": 0, "target": 49, "value": 2.6524890128866878e-05, "supply": "[{\"l\":'Energy for power irrigation',\"v\":2.6524890128866878e-05}]"}, {"source": 69, "prod": 0, "target": 6, "value": 1.2731947261856103e-05, "supply": "[{\"l\":'Energy for power irrigation',\"v\":1.2731947261856103e-05}]"}, {"source": 69, "prod": 0, "target": 52, "value": 1.4853938472165455e-06, "supply": "[{\"l\":'Energy for power irrigation',\"v\":1.4853938472165455e-06}]"}, {"source": 69, "prod": 0, "target": 37, "value": 1.6975929682474801e-06, "supply": "[{\"l\":'Energy for power irrigation',\"v\":1.6975929682474801e-06}]"}, {"source": 69, "prod": 0, "target": 9, "value": 5.5596169710104979e-05, "supply": "[{\"l\":'Energy for power irrigation',\"v\":5.5596169710104979e-05}]"}, {"source": 69, "prod": 0, "target": 31, "value": 9.5489604463920774e-06, "supply": "[{\"l\":'Energy for power irrigation',\"v\":9.5489604463920774e-06}]"}, {"source": 69, "prod": 0, "target": 58, "value": 4.6683806626805702e-06, "supply": "[{\"l\":'Energy for power irrigation',\"v\":4.6683806626805702e-06}]"}, {"source": 69, "prod": 0, "target": 43, "value": 8.4879648412374006e-07, "supply": "[{\"l\":'Energy for power irrigation',\"v\":8.4879648412374006e-07}]"}, {"source": 69, "prod": 0, "target": 21, "value": 1.9734518255876959e-05, "supply": "[{\"l\":'Energy for power irrigation',\"v\":1.9734518255876959e-05}]"}, {"source": 69, "prod": 0, "target": 40, "value": 4.625940838474384e-05, "supply": "[{\"l\":'Energy for power irrigation',\"v\":4.625940838474384e-05}]"}, {"source": 69, "prod": 0, "target": 57, "value": 0.32204212347709343, "supply": "[{\"l\":'Electricity',\"v\":0.32204212347709343}]"}, {"source": 70, "prod": 0, "target": 69, "value": 0.06707173073221305, "supply": [{"l": "Coal", "v": 0.06707173073221305}, {"l": "Natural gas", "v": 0.0}, {"l": "Oil", "v": 0.0}]}, {"source": 71, "prod": 0, "target": 69, "value": 0.29646790827348646, "supply": [{"l": "Nuclear", "v": 0.0}, {"l": "Hydroelectric", "v": 0.25499953697009703}, {"l": "Renewable", "v": 0.041468371303389456}]}, {"source": 70, "prod": 0, "target": 3, "value": 0.045179261449501511, "supply": [{"l": "Motor Gasoline", "v": 0.026063384379400457}, {"l": "Gas-Diesel oil", "v": 0.017309530554930327}, {"l": "Natural gas (including LNG)", "v": 0.00041735665178722881}, {"l": "Fuel oil", "v": 0.00081586493865503447}, {"l": "Liquefied petroleum gas (LPG)", "v": 0.0001910416415761541}, {"l": "Coal", "v": 0.00038208328315230826}]}, {"source": 70, "prod": 0, "target": 2, "value": 0.81774463223597726, "supply": [{"l": "Motor Gasoline", "v": 0.47174725726714828}, {"l": "Gas-Diesel oil", "v": 0.3133025030442389}, {"l": "Natural gas (including LNG)", "v": 0.0075541553973488412}, {"l": "Fuel oil", "v": 0.014767155389656124}, {"l": "Liquefied petroleum gas (LPG)", "v": 0.003457853712528389}, {"l": "Coal", "v": 0.0069157074250567798}]}, {"source": 70, "prod": 0, "target": 54, "value": 0.019201186116038143, "supply": [{"l": "Motor Gasoline", "v": 0.011076938361245195}, {"l": "Gas-Diesel oil", "v": 0.007356550485845389}, {"l": "Natural gas (including LNG)", "v": 0.00017737657700957226}, {"l": "Fuel oil", "v": 0.00034674259892838967}, {"l": "Liquefied petroleum gas (LPG)", "v": 8.1192697669865501e-05}, {"l": "Coal", "v": 0.00016238539533973103}]}, {"source": 70, "prod": 0, "target": 0, "value": 0.013553778434850453, "supply": [{"l": "Motor Gasoline", "v": 0.0078190153138201369}, {"l": "Gas-Diesel oil", "v": 0.0051928591664790981}, {"l": "Natural gas (including LNG)", "v": 0.00012520699553616866}, {"l": "Fuel oil", "v": 0.00024475948159651033}, {"l": "Liquefied petroleum gas (LPG)", "v": 5.7312492472846231e-05}, {"l": "Coal", "v": 0.00011462498494569249}]}, {"source": 70, "prod": 0, "target": 4, "value": 0.54666906353896827, "supply": [{"l": "Motor Gasoline", "v": 0.31536695099074558}, {"l": "Gas-Diesel oil", "v": 0.20944531971465696}, {"l": "Natural gas (including LNG)", "v": 0.0050500154866254688}, {"l": "Fuel oil", "v": 0.0098719657577259184}, {"l": "Liquefied petroleum gas (LPG)", "v": 0.0023116038630714647}, {"l": "Coal", "v": 0.0046232077261429303}]}, {"source": 70, "prod": 0, "target": 10, "value": 0.067768892174252263, "supply": [{"l": "Motor Gasoline", "v": 0.039095076569100683}, {"l": "Gas-Diesel oil", "v": 0.025964295832395491}, {"l": "Natural gas (including LNG)", "v": 0.00062603497768084322}, {"l": "Fuel oil", "v": 0.0012237974079825518}, {"l": "Liquefied petroleum gas (LPG)", "v": 0.00028656246236423118}, {"l": "Coal", "v": 0.00057312492472846237}]}, {"source": 70, "prod": 0, "target": 29, "value": 0.54892802661144335, "supply": [{"l": "Motor Gasoline", "v": 0.31667012020971558}, {"l": "Gas-Diesel oil", "v": 0.21031079624240348}, {"l": "Natural gas (including LNG)", "v": 0.0050708833192148299}, {"l": "Fuel oil", "v": 0.0099127590046586694}, {"l": "Liquefied petroleum gas (LPG)", "v": 0.0023211559451502724}, {"l": "Coal", "v": 0.0046423118903005456}]}, {"source": 70, "prod": 0, "target": 49, "value": 0.14118519202969221, "supply": [{"l": "Motor Gasoline", "v": 0.081448076185626425}, {"l": "Gas-Diesel oil", "v": 0.054092282984157268}, {"l": "Natural gas (including LNG)", "v": 0.0013042395368350901}, {"l": "Fuel oil", "v": 0.0025495779332969826}, {"l": "Liquefied petroleum gas (LPG)", "v": 0.00059700512992548157}, {"l": "Coal", "v": 0.0011940102598509634}]}, {"source": 70, "prod": 0, "target": 6, "value": 0.067768892174252263, "supply": [{"l": "Motor Gasoline", "v": 0.039095076569100683}, {"l": "Gas-Diesel oil", "v": 0.025964295832395491}, {"l": "Natural gas (including LNG)", "v": 0.00062603497768084322}, {"l": "Fuel oil", "v": 0.0012237974079825518}, {"l": "Liquefied petroleum gas (LPG)", "v": 0.00028656246236423118}, {"l": "Coal", "v": 0.00057312492472846237}]}, {"source": 70, "prod": 0, "target": 52, "value": 0.0079063707536627652, "supply": [{"l": "Motor Gasoline", "v": 0.0045610922663950806}, {"l": "Gas-Diesel oil", "v": 0.0030291678471128076}, {"l": "Natural gas (including LNG)", "v": 7.3037414062765045e-05}, {"l": "Fuel oil", "v": 0.00014277636426463105}, {"l": "Liquefied petroleum gas (LPG)", "v": 3.3432287275826968e-05}, {"l": "Coal", "v": 6.686457455165395e-05}]}, {"source": 70, "prod": 0, "target": 37, "value": 0.0090358522899003004, "supply": [{"l": "Motor Gasoline", "v": 0.005212676875880091}, {"l": "Gas-Diesel oil", "v": 0.0034619061109860652}, {"l": "Natural gas (including LNG)", "v": 8.3471330357445759e-05}, {"l": "Fuel oil", "v": 0.00016317298773100688}, {"l": "Liquefied petroleum gas (LPG)", "v": 3.8208328315230821e-05}, {"l": "Coal", "v": 7.6416656630461642e-05}]}, {"source": 70, "prod": 0, "target": 9, "value": 0.29592416249423487, "supply": [{"l": "Motor Gasoline", "v": 0.17071516768507297}, {"l": "Gas-Diesel oil", "v": 0.11337742513479364}, {"l": "Natural gas (including LNG)", "v": 0.0027336860692063485}, {"l": "Fuel oil", "v": 0.0053439153481904759}, {"l": "Liquefied petroleum gas (LPG)", "v": 0.0012513227523238094}, {"l": "Coal", "v": 0.0025026455046476188}]}, {"source": 70, "prod": 0, "target": 31, "value": 0.0508266691306892, "supply": [{"l": "Motor Gasoline", "v": 0.029321307426825517}, {"l": "Gas-Diesel oil", "v": 0.01947322187429662}, {"l": "Natural gas (including LNG)", "v": 0.00046952623326063244}, {"l": "Fuel oil", "v": 0.00091784805598691386}, {"l": "Liquefied petroleum gas (LPG)", "v": 0.00021492184677317339}, {"l": "Coal", "v": 0.00042984369354634683}]}, {"source": 70, "prod": 0, "target": 58, "value": 0.024848593797225826, "supply": [{"l": "Motor Gasoline", "v": 0.01433486140867025}, {"l": "Gas-Diesel oil", "v": 0.0095202418052116791}, {"l": "Natural gas (including LNG)", "v": 0.00022954615848297583}, {"l": "Fuel oil", "v": 0.00044872571626026895}, {"l": "Liquefied petroleum gas (LPG)", "v": 0.00010507290286688474}, {"l": "Coal", "v": 0.00021014580573376951}]}, {"source": 70, "prod": 0, "target": 43, "value": 0.0045179261449501502, "supply": [{"l": "Motor Gasoline", "v": 0.0026063384379400455}, {"l": "Gas-Diesel oil", "v": 0.0017309530554930326}, {"l": "Natural gas (including LNG)", "v": 4.173566517872288e-05}, {"l": "Fuel oil", "v": 8.1586493865503439e-05}, {"l": "Liquefied petroleum gas (LPG)", "v": 1.910416415761541e-05}, {"l": "Coal", "v": 3.8208328315230821e-05}]}, {"source": 70, "prod": 0, "target": 21, "value": 0.10504178287009101, "supply": [{"l": "Motor Gasoline", "v": 0.060597368682106065}, {"l": "Gas-Diesel oil", "v": 0.040244658540213016}, {"l": "Natural gas (including LNG)", "v": 0.00097035421540530708}, {"l": "Fuel oil", "v": 0.0018968859823729552}, {"l": "Liquefied petroleum gas (LPG)", "v": 0.00044417181666455834}, {"l": "Coal", "v": 0.00088834363332911679}]}, {"source": 70, "prod": 0, "target": 40, "value": 0.24622697489978324, "supply": [{"l": "Motor Gasoline", "v": 0.14204544486773249}, {"l": "Gas-Diesel oil", "v": 0.094336941524370291}, {"l": "Natural gas (including LNG)", "v": 0.0022745937522403972}, {"l": "Fuel oil", "v": 0.0044464639156699386}, {"l": "Liquefied petroleum gas (LPG)", "v": 0.0010411769465900399}, {"l": "Coal", "v": 0.0020823538931800801}]}, {"source": 70, "prod": 0, "target": 1, "value": 1.3551524640470849, "supply": [{"l": "Gas-diesel oils used in fisheries", "v": 1.3247065751338394}, {"l": "Fuel oil used in fisheries", "v": 0.030445888913245601}]}, {"source": 72, "prod": 6.7180516175936029, "target": 3, "value": 0.027297945738547436, "supply": [{"l": "Potash", "v": 0.23466249463217442}, {"l": "Phosphate", "v": 1.53435833456082}, {"l": "Nitrogen", "v": 0.1083953889756052}]}, {"source": 72, "prod": 121.59673427844422, "target": 2, "value": 0.49409281786770859, "supply": [{"l": "Potash", "v": 0.23466249463217442}, {"l": "Phosphate", "v": 1.53435833456082}, {"l": "Nitrogen", "v": 0.1083953889756052}]}, {"source": 72, "prod": 2.8551719374772815, "target": 54, "value": 0.011601626938882659, "supply": [{"l": "Potash", "v": 0.23466249463217442}, {"l": "Phosphate", "v": 1.53435833456082}, {"l": "Nitrogen", "v": 0.1083953889756052}]}, {"source": 72, "prod": 2.0154154852780808, "target": 0, "value": 0.00818938372156423, "supply": [{"l": "Potash", "v": 0.23466249463217442}, {"l": "Phosphate", "v": 1.53435833456082}, {"l": "Nitrogen", "v": 0.1083953889756052}]}, {"source": 72, "prod": 81.288424572882604, "target": 4, "value": 0.33030514343642398, "supply": [{"l": "Potash", "v": 0.23466249463217442}, {"l": "Phosphate", "v": 1.53435833456082}, {"l": "Nitrogen", "v": 0.1083953889756052}]}, {"source": 72, "prod": 10.077077426390405, "target": 10, "value": 0.040946918607821153, "supply": [{"l": "Potash", "v": 0.23466249463217442}, {"l": "Phosphate", "v": 1.53435833456082}, {"l": "Nitrogen", "v": 0.1083953889756052}]}, {"source": 72, "prod": 81.62432715376228, "target": 29, "value": 0.33167004072335132, "supply": [{"l": "Potash", "v": 0.23466249463217442}, {"l": "Phosphate", "v": 1.53435833456082}, {"l": "Nitrogen", "v": 0.1083953889756052}]}, {"source": 72, "prod": 20.99391130498001, "target": 49, "value": 0.085306080432960729, "supply": [{"l": "Potash", "v": 0.23466249463217442}, {"l": "Phosphate", "v": 1.53435833456082}, {"l": "Nitrogen", "v": 0.1083953889756052}]}, {"source": 72, "prod": 10.077077426390405, "target": 6, "value": 0.040946918607821153, "supply": [{"l": "Potash", "v": 0.23466249463217442}, {"l": "Phosphate", "v": 1.53435833456082}, {"l": "Nitrogen", "v": 0.1083953889756052}]}, {"source": 72, "prod": 1.1756590330788805, "target": 52, "value": 0.0047771405042458014, "supply": [{"l": "Potash", "v": 0.23466249463217442}, {"l": "Phosphate", "v": 1.53435833456082}, {"l": "Nitrogen", "v": 0.1083953889756052}]}, {"source": 72, "prod": 1.3436103235187205, "target": 37, "value": 0.0054595891477094869, "supply": [{"l": "Potash", "v": 0.23466249463217442}, {"l": "Phosphate", "v": 1.53435833456082}, {"l": "Nitrogen", "v": 0.1083953889756052}]}, {"source": 72, "prod": 44.003238095238096, "target": 9, "value": 0.17880154458748568, "supply": [{"l": "Potash", "v": 0.23466249463217442}, {"l": "Phosphate", "v": 1.53435833456082}, {"l": "Nitrogen", "v": 0.1083953889756052}]}, {"source": 72, "prod": 7.5578080697928041, "target": 31, "value": 0.030710188955865865, "supply": [{"l": "Potash", "v": 0.23466249463217442}, {"l": "Phosphate", "v": 1.53435833456082}, {"l": "Nitrogen", "v": 0.1083953889756052}]}, {"source": 72, "prod": 3.6949283896764813, "target": 58, "value": 0.015013870156201087, "supply": [{"l": "Potash", "v": 0.23466249463217442}, {"l": "Phosphate", "v": 1.53435833456082}, {"l": "Nitrogen", "v": 0.1083953889756052}]}, {"source": 72, "prod": 0.67180516175936023, "target": 43, "value": 0.0027297945738547435, "supply": [{"l": "Potash", "v": 0.23466249463217442}, {"l": "Phosphate", "v": 1.53435833456082}, {"l": "Nitrogen", "v": 0.1083953889756052}]}, {"source": 72, "prod": 15.619470010905127, "target": 21, "value": 0.063467723842122792, "supply": [{"l": "Potash", "v": 0.23466249463217442}, {"l": "Phosphate", "v": 1.53435833456082}, {"l": "Nitrogen", "v": 0.1083953889756052}]}, {"source": 72, "prod": 36.613381315885142, "target": 40, "value": 0.14877380427508352, "supply": [{"l": "Potash", "v": 0.23466249463217442}, {"l": "Phosphate", "v": 1.53435833456082}, {"l": "Nitrogen", "v": 0.1083953889756052}]}, {"source": 70, "prod": 0, "target": 72, "value": 2.3815534755358105, "supply": [{"l": "Natural gas (including LNG)", "v": 1.6468551693719331}, {"l": "Fuel oil", "v": 0.71553712464996078}, {"l": "Liquefied petroleum gas (LPG)", "v": 0.0095805907569582582}, {"l": "Coal", "v": 0.0095805907569582582}]}, {"source": 73, "prod": 0, "target": 3, "value": 0.0014598042731696853, "supply": "[{\"l\":'Labor',\"v\":0.0014598042731696853}]"}, {"source": 73, "prod": 0, "target": 29, "value": 0.017736621919011677, "supply": "[{\"l\":'Labor',\"v\":0.017736621919011677}]"}, {"source": 73, "prod": 0, "target": 12, "value": 3.649510682924213e-05, "supply": "[{\"l\":'Labor',\"v\":3.649510682924213e-05}]"}, {"source": 73, "prod": 0, "target": 9, "value": 0.0095617179892614375, "supply": "[{\"l\":'Labor',\"v\":0.0095617179892614375}]"}, {"source": 73, "prod": 0, "target": 19, "value": 0.00018247553414621066, "supply": "[{\"l\":'Labor',\"v\":0.00018247553414621066}]"}, {"source": 73, "prod": 0, "target": 21, "value": 0.0033940449351195184, "supply": "[{\"l\":'Labor',\"v\":0.0033940449351195184}]"}, {"source": 73, "prod": 0, "target": 0, "value": 0.00043794128195090562, "supply": "[{\"l\":'Labor',\"v\":0.00043794128195090562}]"}, {"source": 73, "prod": 0, "target": 23, "value": 0.00014598042731696852, "supply": "[{\"l\":'Labor',\"v\":0.00014598042731696852}]"}, {"source": 73, "prod": 0, "target": 2, "value": 0.026422457344371302, "supply": "[{\"l\":'Labor',\"v\":0.026422457344371302}]"}, {"source": 73, "prod": 0, "target": 25, "value": 0.00072990213658484266, "supply": "[{\"l\":'Labor',\"v\":0.00072990213658484266}]"}, {"source": 73, "prod": 0, "target": 26, "value": 3.649510682924213e-05, "supply": "[{\"l\":'Labor',\"v\":3.649510682924213e-05}]"}, {"source": 73, "prod": 0, "target": 5, "value": 7.299021365848426e-05, "supply": "[{\"l\":'Labor',\"v\":7.299021365848426e-05}]"}, {"source": 73, "prod": 0, "target": 6, "value": 0.0021897064097545281, "supply": "[{\"l\":'Labor',\"v\":0.0021897064097545281}]"}, {"source": 73, "prod": 0, "target": 52, "value": 0.00025546574780469492, "supply": "[{\"l\":'Labor',\"v\":0.00025546574780469492}]"}, {"source": 73, "prod": 0, "target": 31, "value": 0.001642279807315896, "supply": "[{\"l\":'Labor',\"v\":0.001642279807315896}]"}, {"source": 73, "prod": 0, "target": 32, "value": 7.299021365848426e-05, "supply": "[{\"l\":'Labor',\"v\":7.299021365848426e-05}]"}, {"source": 73, "prod": 0, "target": 58, "value": 0.00080289235024332689, "supply": "[{\"l\":'Labor',\"v\":0.00080289235024332689}]"}, {"source": 73, "prod": 0, "target": 10, "value": 0.0021897064097545281, "supply": "[{\"l\":'Labor',\"v\":0.0021897064097545281}]"}, {"source": 73, "prod": 0, "target": 13, "value": 7.299021365848426e-05, "supply": "[{\"l\":'Labor',\"v\":7.299021365848426e-05}]"}, {"source": 73, "prod": 0, "target": 18, "value": 0.0001094853204877264, "supply": "[{\"l\":'Labor',\"v\":0.0001094853204877264}]"}, {"source": 73, "prod": 0, "target": 4, "value": 0.017663631705353192, "supply": "[{\"l\":'Labor',\"v\":0.017663631705353192}]"}, {"source": 73, "prod": 0, "target": 39, "value": 3.649510682924213e-05, "supply": "[{\"l\":'Labor',\"v\":3.649510682924213e-05}]"}, {"source": 73, "prod": 0, "target": 40, "value": 0.0079559332887747854, "supply": "[{\"l\":'Labor',\"v\":0.0079559332887747854}]"}, {"source": 73, "prod": 0, "target": 43, "value": 0.00014598042731696852, "supply": "[{\"l\":'Labor',\"v\":0.00014598042731696852}]"}, {"source": 73, "prod": 0, "target": 38, "value": 0.00018247553414621066, "supply": "[{\"l\":'Labor',\"v\":0.00018247553414621066}]"}, {"source": 73, "prod": 0, "target": 47, "value": 0.001094853204877264, "supply": "[{\"l\":'Labor',\"v\":0.001094853204877264}]"}, {"source": 73, "prod": 0, "target": 49, "value": 0.0045618883536552666, "supply": "[{\"l\":'Labor',\"v\":0.0045618883536552666}]"}, {"source": 73, "prod": 0, "target": 37, "value": 0.00029196085463393704, "supply": "[{\"l\":'Labor',\"v\":0.00029196085463393704}]"}, {"source": 73, "prod": 0, "target": 54, "value": 0.00062041681609711625, "supply": "[{\"l\":'Labor',\"v\":0.00062041681609711625}]"}, {"source": 73, "prod": 0, "target": 55, "value": 0.00029196085463393704, "supply": "[{\"l\":'Labor',\"v\":0.00029196085463393704}]"}, {"source": 70, "prod": 0, "target": 64, "value": 0.63557980563808525, "supply": "[{\"l\":'Fossil Fuels',\"v\":0.63557980563808525}]"}, {"source": 71, "prod": 0, "target": 64, "value": 0.28331811925772177, "supply": "[{\"l\":'Renewables & Nuclear',\"v\":0.28331811925772177},{\"l\":'Biomass & Waste',\"v\":0.0}]"}]}