{"nodes": [{"layer": 5, "name": "Maize"}, {"layer": 10, "name": "Feed", "fill": "#dbdb8d"}, {"layer": 5, "name": "Wheat"}, {"layer": 5, "name": "Oats"}, {"layer": 5, "name": "Potatoes"}, {"layer": 5, "name": "Roots, Other"}, {"layer": 5, "name": "Peas"}, {"layer": 5, "name": "Millet"}, {"layer": 13, "name": "Milk - Excluding Butter"}, {"layer": 13, "name": "Offals, Edible"}, {"layer": 5, "name": "Barley"}, {"layer": 16, "name": "Food", "fill": "#b5cf6b"}, {"layer": 5, "name": "Nuts"}, {"layer": 5, "name": "Dates"}, {"layer": 13, "name": "Sugar", "fill": "#d6616b"}, {"layer": 5, "name": "Citrus, Other"}, {"layer": 13, "name": "Beer"}, {"layer": 5, "name": "Grapefruit"}, {"layer": 13, "name": "Beverages, Alcoholic"}, {"layer": 5, "name": "Cocoa Beans"}, {"layer": 5, "name": "Rice"}, {"layer": 13, "name": "Butter, Ghee"}, {"layer": 5, "name": "Tomatoes"}, {"layer": 13, "name": "Fats, Animals, Raw"}, {"layer": 5, "name": "Coffee"}, {"layer": 13, "name": "Soyabean Oil"}, {"layer": 5, "name": "Coconuts - Incl Copra"}, {"layer": 5, "name": "Treenuts"}, {"layer": 13, "name": "Crustaceans"}, {"layer": 13, "name": "Eggs"}, {"layer": 5, "name": "Vegetables, Other"}, {"layer": 13, "name": "Marine Fish, Other"}, {"layer": 5, "name": "Grapes"}, {"layer": 5, "name": "Groundnuts"}, {"layer": 13, "name": "Wine"}, {"layer": 13, "name": "Sunflowerseed Oil"}, {"layer": 13, "name": "Pigmeat"}, {"layer": 13, "name": "Poultry Meat"}, {"layer": 5, "name": "Cereals, Other"}, {"layer": 13, "name": "Freshwater Fish"}, {"layer": 13, "name": "Rape and Mustard Oil"}, {"layer": 5, "name": "Pineapples"}, {"layer": 5, "name": "Beans"}, {"layer": 5, "name": "Apples"}, {"layer": 13, "name": "Fish, Seafood"}, {"layer": 13, "name": "Meat, Other"}, {"layer": 5, "name": "Lemons, Limes"}, {"layer": 13, "name": "Mutton & Goat Meat"}, {"layer": 13, "name": "Sweeteners, Other"}, {"layer": 13, "name": "Pelagic Fish"}, {"layer": 5, "name": "Bananas"}, {"layer": 13, "name": "Bovine Meat"}, {"layer": 5, "name": "Fruits, Other"}, {"layer": 13, "name": "Molluscs, Other"}, {"layer": 13, "name": "Honey"}, {"layer": 5, "name": "Sweet potatoes"}, {"layer": 13, "name": "Demersal Fish"}, {"layer": 5, "name": "Oranges, Mandarines"}, {"layer": 5, "name": "Tea"}, {"layer": 13, "name": "Cream"}, {"layer": 10, "name": "Processing", "fill": "#9edae5"}, {"layer": 5, "name": "Oilcrops, Other"}, {"layer": 13, "name": "Oilcrops Oil, Other"}, {"layer": 16, "name": "Biofuels & Other", "fill": "#e7ba52"}, {"layer": 13, "name": "Alcohol, Non-Food"}, {"layer": 13, "name": "Coconut Oil"}, {"layer": 13, "name": "Palm Oil"}, {"layer": 13, "name": "Palmkernel Oil"}, {"name": "Waste", "fill": "#c7c7c7"}, {"layer": 2, "name": "Import", "fill": "#aec7e8"}, {"layer": 5, "name": "Infant food"}, {"layer": 16, "name": "Export", "fill": "#aec7e8"}, {"layer": 13, "name": "Cephalopods"}, {"layer": 16, "name": "Stock Deposit", "fill": "#c7c7c7"}, {"layer": 0, "name": "Stock Draw", "fill": "#c7c7c7"}, {"layer": 2, "name": "Electricity", "fill": "#bcbd22"}, {"layer": 5, "name": "Rape and Mustardseed"}, {"layer": 0, "name": "Fossil Fuels", "fill": "#c49c94"}, {"layer": 0, "name": "Renewables & Nuclear", "fill": "#2ca02c"}, {"layer": 2, "name": "Fertilizers", "fill": "#c5b0d5"}, {"layer": 0, "name": "Labor", "fill": "#7f7f7f"}], "links": [{"source": 0, "prod": 100.0, "target": 1, "value": 0.35050596263256883, "supply": [{"l": "Maize", "v": 0.35050596263256883}]}, {"source": 2, "prod": 73.0, "target": 1, "value": 0.24721259934005221, "supply": [{"l": "Wheat", "v": 0.24721259934005221}]}, {"source": 3, "prod": 50.0, "target": 1, "value": 0.1212861902442857, "supply": [{"l": "Oats", "v": 0.1212861902442857}]}, {"source": 4, "prod": 6.0, "target": 1, "value": 0.0041378230540695749, "supply": [{"l": "Potatoes", "v": 0.0041378230540695749}]}, {"source": 5, "prod": 17.0, "target": 1, "value": 0.013225720400954006, "supply": [{"l": "Roots, Other", "v": 0.013225720400954006}]}, {"source": 6, "prod": 5.0, "target": 1, "value": 0.019222716944377362, "supply": [{"l": "Peas", "v": 0.019222716944377362}]}, {"source": 7, "prod": 1.0, "target": 1, "value": 0.0035361502579317515, "supply": [{"l": "Millet", "v": 0.0035361502579317515}]}, {"source": 8, "prod": 646.0, "target": 1, "value": 0.40508072360013292, "supply": [{"l": "Milk - Excluding Butter", "v": 0.40508072360013292}]}, {"source": 9, "prod": 78.0, "target": 1, "value": 0.10168485201286756, "supply": [{"l": "Offals, Edible", "v": 0.10168485201286756}]}, {"source": 10, "prod": 264.0, "target": 1, "value": 0.9417515948379831, "supply": [{"l": "Barley", "v": 0.9417515948379831}]}, {"source": 0, "prod": 7.0, "target": 11, "value": 0.024535417384279813, "supply": [{"l": "Maize", "v": 0.024535417384279813}]}, {"source": 12, "prod": 3.0, "target": 11, "value": 0.0074912058680294113, "supply": [{"l": "Nuts", "v": 0.0074912058680294113}]}, {"source": 13, "prod": 1.0, "target": 11, "value": 0.0018063900674680853, "supply": [{"l": "Dates", "v": 0.0018063900674680853}]}, {"source": 14, "prod": 135.0, "target": 11, "value": 0.55890026653364067, "supply": [{"l": "Sugar", "v": 0.55890026653364067}]}, {"source": 15, "prod": 7.0, "target": 11, "value": 0.0025616479836077588, "supply": [{"l": "Citrus, Other", "v": 0.0025616479836077588}]}, {"source": 16, "prod": 368.0, "target": 11, "value": 0.15410281338205431, "supply": [{"l": "Beer", "v": 0.15410281338205431}]}, {"source": 17, "prod": 8.0, "target": 11, "value": 0.0013918087405081967, "supply": [{"l": "Grapefruit", "v": 0.0013918087405081967}]}, {"source": 18, "prod": 7.0, "target": 11, "value": 0.024202357419787331, "supply": [{"l": "Beverages, Alcoholic", "v": 0.024202357419787331}]}, {"source": 10, "prod": 4.0, "target": 11, "value": 0.01426896355815126, "supply": [{"l": "Barley", "v": 0.01426896355815126}]}, {"source": 19, "prod": 2.0, "target": 11, "value": 0.017687569410625003, "supply": [{"l": "Cocoa Beans", "v": 0.017687569410625003}]}, {"source": 20, "prod": 8.0, "target": 11, "value": 0.033679471009983468, "supply": [{"l": "Rice", "v": 0.033679471009983468}]}, {"source": 21, "prod": 45.0, "target": 11, "value": 0.37493592693353511, "supply": [{"l": "Butter, Ghee", "v": 0.37493592693353511}]}, {"source": 22, "prod": 54.0, "target": 11, "value": 0.012390859435767567, "supply": [{"l": "Tomatoes", "v": 0.012390859435767567}]}, {"source": 23, "prod": 20.0, "target": 11, "value": 0.15593938745693878, "supply": [{"l": "Fats, Animals, Raw", "v": 0.15593938745693878}]}, {"source": 24, "prod": 7.0, "target": 11, "value": 0.0040337262366312221, "supply": [{"l": "Coffee", "v": 0.0040337262366312221}]}, {"source": 2, "prod": 229.0, "target": 11, "value": 0.77550253765578026, "supply": [{"l": "Wheat", "v": 0.77550253765578026}]}, {"source": 25, "prod": 14.0, "target": 11, "value": 0.14340473909161949, "supply": [{"l": "Soyabean Oil", "v": 0.14340473909161949}]}, {"source": 26, "prod": 8.0, "target": 11, "value": 0.012842067202336134, "supply": [{"l": "Coconuts - Incl Copra", "v": 0.012842067202336134}]}, {"source": 27, "prod": 3.0, "target": 11, "value": 0.0068468010621774199, "supply": [{"l": "Treenuts", "v": 0.0068468010621774199}]}, {"source": 28, "prod": 2.0, "target": 11, "value": 0.0011791712940416668, "supply": [{"l": "Crustaceans", "v": 0.0011791712940416668}]}, {"source": 29, "prod": 48.0, "target": 11, "value": 0.078577967934861701, "supply": [{"l": "Eggs", "v": 0.078577967934861701}]}, {"source": 30, "prod": 221.0, "target": 11, "value": 0.076550089124602663, "supply": [{"l": "Vegetables, Other", "v": 0.076550089124602663}]}, {"source": 6, "prod": 9.0, "target": 11, "value": 0.034600890499879244, "supply": [{"l": "Peas", "v": 0.034600890499879244}]}, {"source": 31, "prod": 2.0, "target": 11, "value": 0.0015436424212909091, "supply": [{"l": "Marine Fish, Other", "v": 0.0015436424212909091}]}, {"source": 32, "prod": 30.0, "target": 11, "value": 0.026130232131463281, "supply": [{"l": "Grapes", "v": 0.026130232131463281}]}, {"source": 33, "prod": 5.0, "target": 11, "value": 0.033244106362138565, "supply": [{"l": "Groundnuts", "v": 0.033244106362138565}]}, {"source": 34, "prod": 38.0, "target": 11, "value": 0.029697355033872809, "supply": [{"l": "Wine", "v": 0.029697355033872809}]}, {"source": 35, "prod": 4.0, "target": 11, "value": 0.041302864785891895, "supply": [{"l": "Sunflowerseed Oil", "v": 0.041302864785891895}]}, {"source": 3, "prod": 15.0, "target": 11, "value": 0.036385857073285711, "supply": [{"l": "Oats", "v": 0.036385857073285711}]}, {"source": 36, "prod": 40.0, "target": 11, "value": 0.063540058264920388, "supply": [{"l": "Pigmeat", "v": 0.063540058264920388}]}, {"source": 37, "prod": 32.0, "target": 11, "value": 0.055163668253238589, "supply": [{"l": "Poultry Meat", "v": 0.055163668253238589}]}, {"source": 38, "prod": 2.0, "target": 11, "value": 0.0072255602698723413, "supply": [{"l": "Cereals, Other", "v": 0.0072255602698723413}]}, {"source": 4, "prod": 182.0, "target": 11, "value": 0.12551396597344378, "supply": [{"l": "Potatoes", "v": 0.12551396597344378}]}, {"source": 39, "prod": 3.0, "target": 11, "value": 0.0030321547561071431, "supply": [{"l": "Freshwater Fish", "v": 0.0030321547561071431}]}, {"source": 40, "prod": 1.0, "target": 11, "value": 0.009988274490705884, "supply": [{"l": "Rape and Mustard Oil", "v": 0.009988274490705884}]}, {"source": 8, "prod": 762.0, "target": 11, "value": 0.47781967706393402, "supply": [{"l": "Milk - Excluding Butter", "v": 0.47781967706393402}]}, {"source": 41, "prod": 7.0, "target": 11, "value": 0.0066328385289843748, "supply": [{"l": "Pineapples", "v": 0.0066328385289843748}]}, {"source": 42, "prod": 1.0, "target": 11, "value": 0.003859106053227273, "supply": [{"l": "Beans", "v": 0.003859106053227273}]}, {"source": 43, "prod": 91.0, "target": 11, "value": 0.045285204353909946, "supply": [{"l": "Apples", "v": 0.045285204353909946}]}, {"source": 44, "prod": 62.0, "target": 11, "value": 0.034127467949961104, "supply": [{"l": "Fish, Seafood", "v": 0.034127467949961104}]}, {"source": 45, "prod": 1.0, "target": 11, "value": 0.0011171096469868424, "supply": [{"l": "Meat, Other", "v": 0.0011171096469868424}]}, {"source": 46, "prod": 5.0, "target": 11, "value": 0.001343359702072785, "supply": [{"l": "Lemons, Limes", "v": 0.001343359702072785}]}, {"source": 47, "prod": 90.0, "target": 11, "value": 0.25862368682641657, "supply": [{"l": "Mutton & Goat Meat", "v": 0.25862368682641657}]}, {"source": 48, "prod": 3.0, "target": 11, "value": 0.013809090335042171, "supply": [{"l": "Sweeteners, Other", "v": 0.013809090335042171}]}, {"source": 49, "prod": 4.0, "target": 11, "value": 0.0046309272638727274, "supply": [{"l": "Pelagic Fish", "v": 0.0046309272638727274}]}, {"source": 50, "prod": 35.0, "target": 11, "value": 0.025851062984759619, "supply": [{"l": "Bananas", "v": 0.025851062984759619}]}, {"source": 51, "prod": 125.0, "target": 11, "value": 0.14933734049249614, "supply": [{"l": "Bovine Meat", "v": 0.14933734049249614}]}, {"source": 52, "prod": 58.0, "target": 11, "value": 0.030009092832741276, "supply": [{"l": "Fruits, Other", "v": 0.030009092832741276}]}, {"source": 53, "prod": 1.0, "target": 11, "value": 0.00040428730081428573, "supply": [{"l": "Molluscs, Other", "v": 0.00040428730081428573}]}, {"source": 54, "prod": 4.0, "target": 11, "value": 0.014592244763765624, "supply": [{"l": "Honey", "v": 0.014592244763765624}]}, {"source": 9, "prod": 17.0, "target": 11, "value": 0.022162083131009598, "supply": [{"l": "Offals, Edible", "v": 0.022162083131009598}]}, {"source": 55, "prod": 6.0, "target": 11, "value": 0.0051979795818979588, "supply": [{"l": "Sweet potatoes", "v": 0.0051979795818979588}]}, {"source": 56, "prod": 50.0, "target": 11, "value": 0.024365529290146692, "supply": [{"l": "Demersal Fish", "v": 0.024365529290146692}]}, {"source": 57, "prod": 29.0, "target": 11, "value": 0.010967080899594655, "supply": [{"l": "Oranges, Mandarines", "v": 0.010967080899594655}]}, {"source": 58, "prod": 6.0, "target": 11, "value": 0.0025598090403316583, "supply": [{"l": "Tea", "v": 0.0025598090403316583}]}, {"source": 59, "prod": 6.0, "target": 11, "value": 0.013476243360476193, "supply": [{"l": "Cream", "v": 0.013476243360476193}]}, {"source": 2, "prod": 58.0, "target": 60, "value": 0.19641548988661683, "supply": [{"l": "Wheat", "v": 0.19641548988661683}]}, {"source": 50, "prod": 1.0, "target": 60, "value": 0.00073860179956456047, "supply": [{"l": "Bananas", "v": 0.00073860179956456047}]}, {"source": 26, "prod": 14.0, "target": 60, "value": 0.022473617604088236, "supply": [{"l": "Coconuts - Incl Copra", "v": 0.022473617604088236}]}, {"source": 4, "prod": 27.0, "target": 60, "value": 0.018620203743313087, "supply": [{"l": "Potatoes", "v": 0.018620203743313087}]}, {"source": 43, "prod": 30.0, "target": 60, "value": 0.014929188248541742, "supply": [{"l": "Apples", "v": 0.014929188248541742}]}, {"source": 52, "prod": 8.0, "target": 60, "value": 0.0041391852183091417, "supply": [{"l": "Fruits, Other", "v": 0.0041391852183091417}]}, {"source": 37, "prod": 2.0, "target": 60, "value": 0.0034477292658274118, "supply": [{"l": "Poultry Meat", "v": 0.0034477292658274118}]}, {"source": 10, "prod": 55.0, "target": 60, "value": 0.19619824892457982, "supply": [{"l": "Barley", "v": 0.19619824892457982}]}, {"source": 32, "prod": 68.0, "target": 60, "value": 0.059228526164650123, "supply": [{"l": "Grapes", "v": 0.059228526164650123}]}, {"source": 61, "prod": 1.0, "target": 60, "value": 0.0053062708231875, "supply": [{"l": "Oilcrops, Other", "v": 0.0053062708231875}]}, {"source": 62, "prod": 2.0, "target": 60, "value": 0.019295530266136365, "supply": [{"l": "Oilcrops Oil, Other", "v": 0.019295530266136365}]}, {"source": 34, "prod": 6.0, "target": 60, "value": 0.0046890560579799165, "supply": [{"l": "Wine", "v": 0.0046890560579799165}]}, {"source": 0, "prod": 4.0, "target": 63, "value": 0.014020238505302754, "supply": [{"l": "Maize", "v": 0.014020238505302754}]}, {"source": 64, "prod": 8.0, "target": 63, "value": 0.0062520747439732231, "supply": [{"l": "Alcohol, Non-Food", "v": 0.0062520747439732231}]}, {"source": 19, "prod": 1.0, "target": 63, "value": 0.0088437847053125015, "supply": [{"l": "Cocoa Beans", "v": 0.0088437847053125015}]}, {"source": 65, "prod": 3.0, "target": 63, "value": 0.030977148589418923, "supply": [{"l": "Coconut Oil", "v": 0.030977148589418923}]}, {"source": 3, "prod": 4.0, "target": 63, "value": 0.0097028952195428557, "supply": [{"l": "Oats", "v": 0.0097028952195428557}]}, {"source": 14, "prod": 8.0, "target": 63, "value": 0.033120015794586115, "supply": [{"l": "Sugar", "v": 0.033120015794586115}]}, {"source": 8, "prod": 350.0, "target": 63, "value": 0.21947098027870982, "supply": [{"l": "Milk - Excluding Butter", "v": 0.21947098027870982}]}, {"source": 9, "prod": 56.0, "target": 63, "value": 0.073004509137443385, "supply": [{"l": "Offals, Edible", "v": 0.073004509137443385}]}, {"source": 10, "prod": 1.0, "target": 63, "value": 0.0035672408895378151, "supply": [{"l": "Barley", "v": 0.0035672408895378151}]}, {"source": 66, "prod": 3.0, "target": 63, "value": 0.023154636319363639, "supply": [{"l": "Palm Oil", "v": 0.023154636319363639}]}, {"source": 67, "prod": 1.0, "target": 63, "value": 0.012128619024428572, "supply": [{"l": "Palmkernel Oil", "v": 0.012128619024428572}]}, {"source": 62, "prod": 3.0, "target": 63, "value": 0.028943295399204545, "supply": [{"l": "Oilcrops Oil, Other", "v": 0.028943295399204545}]}, {"source": 23, "prod": 10.0, "target": 63, "value": 0.077969693728469389, "supply": [{"l": "Fats, Animals, Raw", "v": 0.077969693728469389}]}, {"source": 35, "prod": 4.0, "target": 63, "value": 0.041302864785891895, "supply": [{"l": "Sunflowerseed Oil", "v": 0.041302864785891895}]}, {"source": 47, "prod": 85.0, "target": 63, "value": 0.24425570422494897, "supply": [{"l": "Mutton & Goat Meat", "v": 0.24425570422494897}]}, {"source": 0, "prod": 1.0, "target": 0, "value": 0.0035050596263256884, "supply": [{"l": "Maize", "v": 0.0035050596263256884}]}, {"source": 2, "prod": 12.0, "target": 2, "value": 0.040637687562748305, "supply": [{"l": "Wheat", "v": 0.040637687562748305}]}, {"source": 3, "prod": 2.0, "target": 3, "value": 0.0048514476097714278, "supply": [{"l": "Oats", "v": 0.0048514476097714278}]}, {"source": 4, "prod": 26.0, "target": 4, "value": 0.017930566567634823, "supply": [{"l": "Potatoes", "v": 0.017930566567634823}]}, {"source": 29, "prod": 3.0, "target": 29, "value": 0.0049111229959288563, "supply": [{"l": "Eggs", "v": 0.0049111229959288563}]}, {"source": 6, "prod": 4.0, "target": 6, "value": 0.015378173555501886, "supply": [{"l": "Peas", "v": 0.015378173555501886}]}, {"source": 55, "prod": 1.0, "target": 55, "value": 0.00086632993031632646, "supply": [{"l": "Sweet potatoes", "v": 0.00086632993031632646}]}, {"source": 10, "prod": 42.0, "target": 10, "value": 0.14982411736058823, "supply": [{"l": "Barley", "v": 0.14982411736058823}]}, {"source": 0, "prod": 5.0, "target": 68, "value": 0.017525298131628439, "supply": [{"l": "Maize", "v": 0.017525298131628439}]}, {"source": 2, "prod": 15.0, "target": 68, "value": 0.0507971094534354, "supply": [{"l": "Wheat", "v": 0.0507971094534354}]}, {"source": 50, "prod": 4.0, "target": 68, "value": 0.0029544071982582419, "supply": [{"l": "Bananas", "v": 0.0029544071982582419}]}, {"source": 3, "prod": 5.0, "target": 68, "value": 0.01212861902442857, "supply": [{"l": "Oats", "v": 0.01212861902442857}]}, {"source": 4, "prod": 5.0, "target": 68, "value": 0.0034481858783913127, "supply": [{"l": "Potatoes", "v": 0.0034481858783913127}]}, {"source": 29, "prod": 1.0, "target": 68, "value": 0.0016370409986429522, "supply": [{"l": "Eggs", "v": 0.0016370409986429522}]}, {"source": 30, "prod": 20.0, "target": 68, "value": 0.0069276098755296526, "supply": [{"l": "Vegetables, Other", "v": 0.0069276098755296526}]}, {"source": 52, "prod": 6.0, "target": 68, "value": 0.0031043889137318563, "supply": [{"l": "Fruits, Other", "v": 0.0031043889137318563}]}, {"source": 6, "prod": 4.0, "target": 68, "value": 0.015378173555501886, "supply": [{"l": "Peas", "v": 0.015378173555501886}]}, {"source": 8, "prod": 69.0, "target": 68, "value": 0.043267136112088503, "supply": [{"l": "Milk - Excluding Butter", "v": 0.043267136112088503}]}, {"source": 17, "prod": 1.0, "target": 68, "value": 0.00017397609256352458, "supply": [{"l": "Grapefruit", "v": 0.00017397609256352458}]}, {"source": 10, "prod": 2.0, "target": 68, "value": 0.0071344817790756302, "supply": [{"l": "Barley", "v": 0.0071344817790756302}]}, {"source": 57, "prod": 2.0, "target": 68, "value": 0.00075635040686859679, "supply": [{"l": "Oranges, Mandarines", "v": 0.00075635040686859679}]}, {"source": 22, "prod": 6.0, "target": 68, "value": 0.0013767621595297296, "supply": [{"l": "Tomatoes", "v": 0.0013767621595297296}]}, {"source": 43, "prod": 12.0, "target": 68, "value": 0.0059716752994166955, "supply": [{"l": "Apples", "v": 0.0059716752994166955}]}, {"source": 69, "prod": 1.0, "target": 70, "value": 0.0024970686226764706, "supply": [{"l": "Infant food", "v": 0.0024970686226764706}]}, {"source": 69, "prod": 1.0, "target": 46, "value": 0.00026867194041455699, "supply": [{"l": "Lemons, Limes", "v": 0.00026867194041455699}]}, {"source": 69, "prod": 3.0, "target": 27, "value": 0.0068468010621774199, "supply": [{"l": "Treenuts", "v": 0.0068468010621774199}]}, {"source": 69, "prod": 4.0, "target": 30, "value": 0.0013855219751059305, "supply": [{"l": "Vegetables, Other", "v": 0.0013855219751059305}]}, {"source": 69, "prod": 6.0, "target": 58, "value": 0.0025598090403316583, "supply": [{"l": "Tea", "v": 0.0025598090403316583}]}, {"source": 69, "prod": 6.0, "target": 43, "value": 0.0029858376497083478, "supply": [{"l": "Apples", "v": 0.0029858376497083478}]}, {"source": 69, "prod": 8.0, "target": 20, "value": 0.033679471009983468, "supply": [{"l": "Rice", "v": 0.033679471009983468}]}, {"source": 69, "prod": 72.0, "target": 2, "value": 0.24382612537648987, "supply": [{"l": "Wheat", "v": 0.24382612537648987}]}, {"source": 69, "prod": 4.0, "target": 10, "value": 0.01426896355815126, "supply": [{"l": "Barley", "v": 0.01426896355815126}]}, {"source": 69, "prod": 1.0, "target": 17, "value": 0.00017397609256352458, "supply": [{"l": "Grapefruit", "v": 0.00017397609256352458}]}, {"source": 69, "prod": 7.0, "target": 24, "value": 0.0040337262366312221, "supply": [{"l": "Coffee", "v": 0.0040337262366312221}]}, {"source": 69, "prod": 1.0, "target": 7, "value": 0.0035361502579317515, "supply": [{"l": "Millet", "v": 0.0035361502579317515}]}, {"source": 69, "prod": 1.0, "target": 13, "value": 0.0018063900674680853, "supply": [{"l": "Dates", "v": 0.0018063900674680853}]}, {"source": 69, "prod": 45.0, "target": 1, "value": 0.033821507570646829, "supply": [{"l": "Pigmeat", "v": 0.0015885014566230096}, {"l": "Meat, Other", "v": 0.0011171096469868424}, {"l": "Crustaceans", "v": 0.0035375138821250002}, {"l": "Marine Fish, Other", "v": 0.0015436424212909091}, {"l": "Freshwater Fish", "v": 0.0020214365040714288}, {"l": "Milk - Excluding Butter", "v": 0.0031352997182672831}, {"l": "Pelagic Fish", "v": 0.010419586343713635}, {"l": "Fish, Seafood", "v": 0.010458417597568723}]}, {"source": 69, "prod": 3.0, "target": 12, "value": 0.0074912058680294113, "supply": [{"l": "Nuts", "v": 0.0074912058680294113}]}, {"source": 69, "prod": 7.0, "target": 19, "value": 0.061906492937187502, "supply": [{"l": "Cocoa Beans", "v": 0.061906492937187502}]}, {"source": 69, "prod": 18.0, "target": 57, "value": 0.0068071536618173716, "supply": [{"l": "Oranges, Mandarines", "v": 0.0068071536618173716}]}, {"source": 69, "prod": 7.0, "target": 41, "value": 0.0066328385289843748, "supply": [{"l": "Pineapples", "v": 0.0066328385289843748}]}, {"source": 69, "prod": 1.0, "target": 4, "value": 0.00068963717567826252, "supply": [{"l": "Potatoes", "v": 0.00068963717567826252}]}, {"source": 69, "prod": 40.0, "target": 50, "value": 0.02954407198258242, "supply": [{"l": "Bananas", "v": 0.02954407198258242}]}, {"source": 69, "prod": 30.0, "target": 32, "value": 0.026130232131463281, "supply": [{"l": "Grapes", "v": 0.026130232131463281}]}, {"source": 69, "prod": 210.0, "target": 60, "value": 1.061419344773064, "supply": [{"l": "Sugar", "v": 0.64998030996875245}, {"l": "Beer", "v": 0.0020937882252996505}, {"l": "Beverages, Alcoholic", "v": 0.01037243889419457}, {"l": "Fats, Animals, Raw", "v": 0.007796969372846939}, {"l": "Soyabean Oil", "v": 0.1536479347410209}, {"l": "Butter, Ghee", "v": 0.058323366411883244}, {"l": "Palm Oil", "v": 0.038591060532272729}, {"l": "Coconut Oil", "v": 0.010325716196472974}, {"l": "Rape and Mustard Oil", "v": 0.009988274490705884}, {"l": "Oilcrops Oil, Other", "v": 0.028943295399204545}, {"l": "Wine", "v": 0.0023445280289899582}, {"l": "Sweeteners, Other", "v": 0.004603030111680723}, {"l": "Sunflowerseed Oil", "v": 0.072280013375310814}, {"l": "Palmkernel Oil", "v": 0.012128619024428572}]}, {"source": 69, "prod": 2.0, "target": 42, "value": 0.007718212106454546, "supply": [{"l": "Beans", "v": 0.007718212106454546}]}, {"source": 69, "prod": 8.0, "target": 52, "value": 0.0041391852183091417, "supply": [{"l": "Fruits, Other", "v": 0.0041391852183091417}]}, {"source": 69, "prod": 5.0, "target": 33, "value": 0.033244106362138565, "supply": [{"l": "Groundnuts", "v": 0.033244106362138565}]}, {"source": 69, "prod": 22.0, "target": 26, "value": 0.035315684806424365, "supply": [{"l": "Coconuts - Incl Copra", "v": 0.035315684806424365}]}, {"source": 69, "prod": 18.0, "target": 5, "value": 0.014003703953951299, "supply": [{"l": "Roots, Other", "v": 0.014003703953951299}]}, {"source": 0, "prod": 54.0, "target": 71, "value": 0.18927321982158715, "supply": [{"l": "Maize", "v": 0.18927321982158715}]}, {"source": 52, "prod": 42.0, "target": 71, "value": 0.021730722396122993, "supply": [{"l": "Fruits, Other", "v": 0.021730722396122993}]}, {"source": 14, "prod": 3.0, "target": 71, "value": 0.012420005922969792, "supply": [{"l": "Sugar", "v": 0.012420005922969792}]}, {"source": 16, "prod": 5.0, "target": 71, "value": 0.0020937882252996505, "supply": [{"l": "Beer", "v": 0.0020937882252996505}]}, {"source": 10, "prod": 47.0, "target": 71, "value": 0.16766032180827728, "supply": [{"l": "Barley", "v": 0.16766032180827728}]}, {"source": 21, "prod": 228.0, "target": 71, "value": 1.8996753631299115, "supply": [{"l": "Butter, Ghee", "v": 1.8996753631299115}]}, {"source": 22, "prod": 1.0, "target": 71, "value": 0.0002294603599216216, "supply": [{"l": "Tomatoes", "v": 0.0002294603599216216}]}, {"source": 38, "prod": 1.0, "target": 71, "value": 0.0036127801349361706, "supply": [{"l": "Cereals, Other", "v": 0.0036127801349361706}]}, {"source": 2, "prod": 4.0, "target": 71, "value": 0.013545895854249437, "supply": [{"l": "Wheat", "v": 0.013545895854249437}]}, {"source": 23, "prod": 163.0, "target": 71, "value": 1.270906007774051, "supply": [{"l": "Fats, Animals, Raw", "v": 1.270906007774051}]}, {"source": 25, "prod": 1.0, "target": 71, "value": 0.010243195649401394, "supply": [{"l": "Soyabean Oil", "v": 0.010243195649401394}]}, {"source": 28, "prod": 5.0, "target": 71, "value": 0.0029479282351041673, "supply": [{"l": "Crustaceans", "v": 0.0029479282351041673}]}, {"source": 29, "prod": 4.0, "target": 71, "value": 0.0065481639945718087, "supply": [{"l": "Eggs", "v": 0.0065481639945718087}]}, {"source": 30, "prod": 97.0, "target": 71, "value": 0.033598907896318815, "supply": [{"l": "Vegetables, Other", "v": 0.033598907896318815}]}, {"source": 6, "prod": 41.0, "target": 71, "value": 0.15762627894389433, "supply": [{"l": "Peas", "v": 0.15762627894389433}]}, {"source": 31, "prod": 6.0, "target": 71, "value": 0.0046309272638727274, "supply": [{"l": "Marine Fish, Other", "v": 0.0046309272638727274}]}, {"source": 66, "prod": 2.0, "target": 71, "value": 0.015436424212909092, "supply": [{"l": "Palm Oil", "v": 0.015436424212909092}]}, {"source": 34, "prod": 1.0, "target": 71, "value": 0.00078150934299665289, "supply": [{"l": "Wine", "v": 0.00078150934299665289}]}, {"source": 36, "prod": 1.0, "target": 71, "value": 0.0015885014566230096, "supply": [{"l": "Pigmeat", "v": 0.0015885014566230096}]}, {"source": 19, "prod": 4.0, "target": 71, "value": 0.035375138821250006, "supply": [{"l": "Cocoa Beans", "v": 0.035375138821250006}]}, {"source": 4, "prod": 13.0, "target": 71, "value": 0.0089652832838174115, "supply": [{"l": "Potatoes", "v": 0.0089652832838174115}]}, {"source": 39, "prod": 1.0, "target": 71, "value": 0.0010107182520357144, "supply": [{"l": "Freshwater Fish", "v": 0.0010107182520357144}]}, {"source": 8, "prod": 5074.0, "target": 71, "value": 3.1817021540976391, "supply": [{"l": "Milk - Excluding Butter", "v": 3.1817021540976391}]}, {"source": 42, "prod": 1.0, "target": 71, "value": 0.003859106053227273, "supply": [{"l": "Beans", "v": 0.003859106053227273}]}, {"source": 43, "prod": 104.0, "target": 71, "value": 0.05175451926161137, "supply": [{"l": "Apples", "v": 0.05175451926161137}]}, {"source": 44, "prod": 153.0, "target": 71, "value": 0.084217783812000777, "supply": [{"l": "Fish, Seafood", "v": 0.084217783812000777}]}, {"source": 45, "prod": 3.0, "target": 71, "value": 0.0033513289409605272, "supply": [{"l": "Meat, Other", "v": 0.0033513289409605272}]}, {"source": 72, "prod": 1.0, "target": 71, "value": 0.0012128619024428574, "supply": [{"l": "Cephalopods", "v": 0.0012128619024428574}]}, {"source": 47, "prod": 506.0, "target": 71, "value": 1.4540398392685197, "supply": [{"l": "Mutton & Goat Meat", "v": 1.4540398392685197}]}, {"source": 48, "prod": 10.0, "target": 71, "value": 0.04603030111680724, "supply": [{"l": "Sweeteners, Other", "v": 0.04603030111680724}]}, {"source": 49, "prod": 16.0, "target": 71, "value": 0.01852370905549091, "supply": [{"l": "Pelagic Fish", "v": 0.01852370905549091}]}, {"source": 51, "prod": 388.0, "target": 71, "value": 0.46354310488870809, "supply": [{"l": "Bovine Meat", "v": 0.46354310488870809}]}, {"source": 53, "prod": 23.0, "target": 71, "value": 0.0092986079187285728, "supply": [{"l": "Molluscs, Other", "v": 0.0092986079187285728}]}, {"source": 54, "prod": 1.0, "target": 71, "value": 0.0036480611909414061, "supply": [{"l": "Honey", "v": 0.0036480611909414061}]}, {"source": 9, "prod": 53.0, "target": 71, "value": 0.069093553290794626, "supply": [{"l": "Offals, Edible", "v": 0.069093553290794626}]}, {"source": 56, "prod": 101.0, "target": 71, "value": 0.049218369166096308, "supply": [{"l": "Demersal Fish", "v": 0.049218369166096308}]}, {"source": 23, "prod": 3.0, "target": 73, "value": 0.023390908118540818, "supply": [{"l": "Fats, Animals, Raw", "v": 0.023390908118540818}]}, {"source": 49, "prod": 5.0, "target": 73, "value": 0.0057886590798409097, "supply": [{"l": "Pelagic Fish", "v": 0.0057886590798409097}]}, {"source": 74, "prod": 28.0, "target": 0, "value": 0.098141669537119253, "supply": [{"l": "Maize", "v": 0.098141669537119253}]}, {"source": 43, "prod": 4.0, "target": 73, "value": 0.0019905584331388988, "supply": [{"l": "Apples", "v": 0.0019905584331388988}]}, {"source": 8, "prod": 20.0, "target": 73, "value": 0.012541198873069133, "supply": [{"l": "Milk - Excluding Butter", "v": 0.012541198873069133}]}, {"source": 6, "prod": 15.0, "target": 73, "value": 0.057668150833132079, "supply": [{"l": "Peas", "v": 0.057668150833132079}]}, {"source": 44, "prod": 8.0, "target": 73, "value": 0.0044035442516078835, "supply": [{"l": "Fish, Seafood", "v": 0.0044035442516078835}]}, {"source": 3, "prod": 4.0, "target": 73, "value": 0.0097028952195428557, "supply": [{"l": "Oats", "v": 0.0097028952195428557}]}, {"source": 74, "prod": 63.0, "target": 10, "value": 0.22473617604088234, "supply": [{"l": "Barley", "v": 0.22473617604088234}]}, {"source": 74, "prod": 18.0, "target": 2, "value": 0.060956531344122468, "supply": [{"l": "Wheat", "v": 0.060956531344122468}]}, {"source": 28, "prod": 3.0, "target": 73, "value": 0.0017687569410625001, "supply": [{"l": "Crustaceans", "v": 0.0017687569410625001}]}, {"source": 30, "prod": 22.0, "target": 73, "value": 0.007620370863082618, "supply": [{"l": "Vegetables, Other", "v": 0.007620370863082618}]}, {"source": 74, "prod": 18.0, "target": 60, "value": 0.14251661202195173, "supply": [{"l": "Sweeteners, Other", "v": 0.0092060602233614459}, {"l": "Butter, Ghee", "v": 0.13331055179859028}]}, {"source": 14, "prod": 12.0, "target": 73, "value": 0.049680023691879169, "supply": [{"l": "Sugar", "v": 0.049680023691879169}]}, {"source": 34, "prod": 15.0, "target": 73, "value": 0.011722640144949791, "supply": [{"l": "Wine", "v": 0.011722640144949791}]}, {"source": 1, "prod": 34.0, "target": 37, "value": 0.058611397519066001, "supply": [{"l": "Poultry Meat", "v": 0.058611397519066001}]}, {"source": 1, "prod": 41.0, "target": 36, "value": 0.065128559721543397, "supply": [{"l": "Pigmeat", "v": 0.065128559721543397}]}, {"source": 1, "prod": 25.0, "target": 49, "value": 0.028943295399204549, "supply": [{"l": "Pelagic Fish", "v": 0.028943295399204549}]}, {"source": 1, "prod": 10.0, "target": 28, "value": 0.0058958564702083346, "supply": [{"l": "Crustaceans", "v": 0.0058958564702083346}]}, {"source": 1, "prod": 53.0, "target": 29, "value": 0.086763172928076462, "supply": [{"l": "Eggs", "v": 0.09167429592400532}]}, {"source": 1, "prod": 24.0, "target": 53, "value": 0.0097028952195428592, "supply": [{"l": "Molluscs, Other", "v": 0.0097028952195428592}]}, {"source": 1, "prod": 1.0, "target": 72, "value": 0.0012128619024428574, "supply": [{"l": "Cephalopods", "v": 0.0012128619024428574}]}, {"source": 1, "prod": 6921.0, "target": 8, "value": 4.3398818700255726, "supply": [{"l": "Milk - Excluding Butter", "v": 4.3398818700255726}]}, {"source": 1, "prod": 204.0, "target": 9, "value": 0.26594499757211515, "supply": [{"l": "Offals, Edible", "v": 0.26594499757211515}]}, {"source": 1, "prod": 8.0, "target": 31, "value": 0.0061745696851636363, "supply": [{"l": "Marine Fish, Other", "v": 0.0061745696851636363}]}, {"source": 1, "prod": 223.0, "target": 44, "value": 0.12274879601356976, "supply": [{"l": "Fish, Seafood", "v": 0.12274879601356976}]}, {"source": 1, "prod": 513.0, "target": 51, "value": 0.61288044538120423, "supply": [{"l": "Bovine Meat", "v": 0.61288044538120423}]}, {"source": 1, "prod": 151.0, "target": 56, "value": 0.073583898456242997, "supply": [{"l": "Demersal Fish", "v": 0.073583898456242997}]}, {"source": 1, "prod": 4.0, "target": 45, "value": 0.0044684385879473695, "supply": [{"l": "Meat, Other", "v": 0.0044684385879473695}]}, {"source": 1, "prod": 4.0, "target": 39, "value": 0.0040428730081428577, "supply": [{"l": "Freshwater Fish", "v": 0.0040428730081428577}]}, {"source": 1, "prod": 681.0, "target": 47, "value": 1.9569192303198852, "supply": [{"l": "Mutton & Goat Meat", "v": 1.9569192303198852}]}, {"source": 60, "prod": 196.0, "target": 23, "value": 1.528205997078, "supply": [{"l": "Fats, Animals, Raw", "v": 1.528205997078}]}, {"source": 60, "prod": 13.0, "target": 48, "value": 0.059839391451849411, "supply": [{"l": "Sweeteners, Other", "v": 0.059839391451849411}]}, {"source": 60, "prod": 6.0, "target": 59, "value": 0.013476243360476193, "supply": [{"l": "Cream", "v": 0.013476243360476193}]}, {"source": 60, "prod": 8.0, "target": 64, "value": 0.0062520747439732231, "supply": [{"l": "Alcohol, Non-Food", "v": 0.0062520747439732231}]}, {"source": 60, "prod": 15.0, "target": 25, "value": 0.1536479347410209, "supply": [{"l": "Soyabean Oil", "v": 0.1536479347410209}]}, {"source": 60, "prod": 3.0, "target": 65, "value": 0.030977148589418923, "supply": [{"l": "Coconut Oil", "v": 0.030977148589418923}]}, {"source": 60, "prod": 158.0, "target": 14, "value": 0.65412031194307574, "supply": [{"l": "Sugar", "v": 0.65412031194307574}]}, {"source": 60, "prod": 5.0, "target": 54, "value": 0.018240305954707031, "supply": [{"l": "Honey", "v": 0.018240305954707031}]}, {"source": 60, "prod": 373.0, "target": 16, "value": 0.15619660160735396, "supply": [{"l": "Beer", "v": 0.15619660160735396}]}, {"source": 60, "prod": 7.0, "target": 18, "value": 0.024202357419787331, "supply": [{"l": "Beverages, Alcoholic", "v": 0.024202357419787331}]}, {"source": 60, "prod": 8.0, "target": 35, "value": 0.08260572957178379, "supply": [{"l": "Sunflowerseed Oil", "v": 0.08260572957178379}]}, {"source": 60, "prod": 5.0, "target": 66, "value": 0.038591060532272729, "supply": [{"l": "Palm Oil", "v": 0.038591060532272729}]}, {"source": 60, "prod": 1.0, "target": 67, "value": 0.012128619024428572, "supply": [{"l": "Palmkernel Oil", "v": 0.012128619024428572}]}, {"source": 60, "prod": 5.0, "target": 62, "value": 0.048238825665340906, "supply": [{"l": "Oilcrops Oil, Other", "v": 0.048238825665340906}]}, {"source": 60, "prod": 1.0, "target": 40, "value": 0.009988274490705884, "supply": [{"l": "Rape and Mustard Oil", "v": 0.009988274490705884}]}, {"source": 60, "prod": 273.0, "target": 21, "value": 2.2746112900634468, "supply": [{"l": "Butter, Ghee", "v": 2.2746112900634468}]}, {"source": 60, "prod": 60.0, "target": 34, "value": 0.046890560579799165, "supply": [{"l": "Wine", "v": 0.046890560579799165}]}, {"source": 75, "prod": 0, "target": 0, "value": 0.00013352537733590122, "supply": "[{\"l\":'Energy for power irrigation',\"v\":0.00013352537733590122}]"}, {"source": 75, "prod": 0, "target": 2, "value": 0.0002942661182052345, "supply": "[{\"l\":'Energy for power irrigation',\"v\":0.0002942661182052345}]"}, {"source": 75, "prod": 0, "target": 57, "value": 1.9135802484444441e-05, "supply": "[{\"l\":'Energy for power irrigation',\"v\":1.9135802484444441e-05}]"}, {"source": 75, "prod": 0, "target": 38, "value": 2.5514403312592587e-06, "supply": "[{\"l\":'Energy for power irrigation',\"v\":2.5514403312592587e-06}]"}, {"source": 75, "prod": 0, "target": 4, "value": 0.00021984910854350615, "supply": "[{\"l\":'Energy for power irrigation',\"v\":0.00021984910854350615}]"}, {"source": 75, "prod": 0, "target": 3, "value": 6.8038408833580232e-05, "supply": "[{\"l\":'Energy for power irrigation',\"v\":6.8038408833580232e-05}]"}, {"source": 75, "prod": 0, "target": 30, "value": 0.00030489711958548148, "supply": "[{\"l\":'Energy for power irrigation',\"v\":0.00030489711958548148}]"}, {"source": 75, "prod": 0, "target": 52, "value": 9.3552812146172824e-05, "supply": "[{\"l\":'Energy for power irrigation',\"v\":9.3552812146172824e-05}]"}, {"source": 75, "prod": 0, "target": 6, "value": 6.5912208557530853e-05, "supply": "[{\"l\":'Energy for power irrigation',\"v\":6.5912208557530853e-05}]"}, {"source": 75, "prod": 0, "target": 55, "value": 5.9533607729382703e-06, "supply": "[{\"l\":'Energy for power irrigation',\"v\":5.9533607729382703e-06}]"}, {"source": 75, "prod": 0, "target": 15, "value": 6.3786008281481472e-06, "supply": "[{\"l\":'Energy for power irrigation',\"v\":6.3786008281481472e-06}]"}, {"source": 75, "prod": 0, "target": 17, "value": 7.2290809385679001e-06, "supply": "[{\"l\":'Energy for power irrigation',\"v\":7.2290809385679001e-06}]"}, {"source": 75, "prod": 0, "target": 76, "value": 4.2524005520987645e-07, "supply": "[{\"l\":'Energy for power irrigation',\"v\":4.2524005520987645e-07}]"}, {"source": 75, "prod": 0, "target": 10, "value": 0.00032360768201471603, "supply": "[{\"l\":'Energy for power irrigation',\"v\":0.00032360768201471603}]"}, {"source": 75, "prod": 0, "target": 32, "value": 7.058984916483949e-05, "supply": "[{\"l\":'Energy for power irrigation',\"v\":7.058984916483949e-05}]"}, {"source": 75, "prod": 0, "target": 61, "value": 8.504801104197529e-07, "supply": "[{\"l\":'Energy for power irrigation',\"v\":8.504801104197529e-07}]"}, {"source": 75, "prod": 0, "target": 46, "value": 4.2524005520987645e-06, "supply": "[{\"l\":'Energy for power irrigation',\"v\":4.2524005520987645e-06}]"}, {"source": 75, "prod": 0, "target": 22, "value": 5.1454046680395049e-05, "supply": "[{\"l\":'Energy for power irrigation',\"v\":5.1454046680395049e-05}]"}, {"source": 75, "prod": 0, "target": 43, "value": 0.00020156378616948144, "supply": "[{\"l\":'Energy for power irrigation',\"v\":0.00020156378616948144}]"}, {"source": 75, "prod": 0, "target": 60, "value": 0.49900000039920001, "supply": "[{\"l\":'Electricity',\"v\":0.49900000039920001}]"}, {"source": 77, "prod": 0, "target": 75, "value": 0.20303419929648961, "supply": [{"l": "Coal", "v": 0.030689092224684193}, {"l": "Natural gas", "v": 0.16408530898988119}, {"l": "Oil", "v": 0.0082597980819242231}]}, {"source": 78, "prod": 0, "target": 75, "value": 0.41088912894549479, "supply": [{"l": "Nuclear", "v": 0.0}, {"l": "Hydroelectric", "v": 0.38190320861631327}, {"l": "Renewable", "v": 0.028985920329181524}]}, {"source": 77, "prod": 0, "target": 0, "value": 0.28754874606582181, "supply": [{"l": "Motor Gasoline", "v": 0.091146837717440296}, {"l": "Gas-Diesel oil", "v": 0.18025156784947263}, {"l": "Natural gas (including LNG)", "v": 0.0017690574186208111}, {"l": "Fuel oil", "v": 0.011652704300915341}, {"l": "Liquefied petroleum gas (LPG)", "v": 0.00090952625979091699}, {"l": "Coal", "v": 0.0018190525195818342}]}, {"source": 77, "prod": 0, "target": 2, "value": 0.63370615375015515, "supply": [{"l": "Motor Gasoline", "v": 0.20087137484225695}, {"l": "Gas-Diesel oil", "v": 0.39724230876380595}, {"l": "Natural gas (including LNG)", "v": 0.0038986870499541442}, {"l": "Fuel oil", "v": 0.02568048208991534}, {"l": "Liquefied petroleum gas (LPG)", "v": 0.0020044336680742499}, {"l": "Coal", "v": 0.0040088673361485007}]}, {"source": 77, "prod": 0, "target": 57, "value": 0.041209215200515868, "supply": [{"l": "Motor Gasoline", "v": 0.013062444895811508}, {"l": "Gas-Diesel oil", "v": 0.025832231061230154}, {"l": "Natural gas (including LNG)", "v": 0.00025352733706349205}, {"l": "Fuel oil", "v": 0.0016699735463095234}, {"l": "Liquefied petroleum gas (LPG)", "v": 0.00013034612003373015}, {"l": "Coal", "v": 0.0002606922400674603}]}, {"source": 77, "prod": 0, "target": 38, "value": 0.0054945620267354486, "supply": [{"l": "Motor Gasoline", "v": 0.0017416593194415342}, {"l": "Gas-Diesel oil", "v": 0.0034442974748306872}, {"l": "Natural gas (including LNG)", "v": 3.3803644941798936e-05}, {"l": "Fuel oil", "v": 0.00022266313950793646}, {"l": "Liquefied petroleum gas (LPG)", "v": 1.7379482671164017e-05}, {"l": "Coal", "v": 3.4758965342328042e-05}]}, {"source": 77, "prod": 0, "target": 4, "value": 0.47344809463703785, "supply": [{"l": "Motor Gasoline", "v": 0.15007297802521222}, {"l": "Gas-Diesel oil", "v": 0.29678363241457756}, {"l": "Natural gas (including LNG)", "v": 0.0029127474058183419}, {"l": "Fuel oil", "v": 0.019186140520933859}, {"l": "Liquefied petroleum gas (LPG)", "v": 0.0014975320901652997}, {"l": "Coal", "v": 0.0029950641803305998}]}, {"source": 77, "prod": 0, "target": 3, "value": 0.14652165404627865, "supply": [{"l": "Motor Gasoline", "v": 0.046444248518440916}, {"l": "Gas-Diesel oil", "v": 0.09184793266215166}, {"l": "Natural gas (including LNG)", "v": 0.00090143053178130502}, {"l": "Fuel oil", "v": 0.0059376837202116386}, {"l": "Liquefied petroleum gas (LPG)", "v": 0.00046345287123104048}, {"l": "Coal", "v": 0.00092690574246208108}]}, {"source": 77, "prod": 0, "target": 30, "value": 0.65660016219488626, "supply": [{"l": "Motor Gasoline", "v": 0.20812828867326338}, {"l": "Gas-Diesel oil", "v": 0.41159354824226718}, {"l": "Natural gas (including LNG)", "v": 0.0040395355705449736}, {"l": "Fuel oil", "v": 0.026608245171198412}, {"l": "Liquefied petroleum gas (LPG)", "v": 0.0020768481792041004}, {"l": "Coal", "v": 0.0041536963584082017}]}, {"source": 77, "prod": 0, "target": 52, "value": 0.20146727431363312, "supply": [{"l": "Motor Gasoline", "v": 0.063860841712856262}, {"l": "Gas-Diesel oil", "v": 0.12629090741045854}, {"l": "Natural gas (including LNG)", "v": 0.0012394669811992944}, {"l": "Fuel oil", "v": 0.0081643151152910043}, {"l": "Liquefied petroleum gas (LPG)", "v": 0.00063724769794268072}, {"l": "Coal", "v": 0.0012744953958853614}]}, {"source": 77, "prod": 0, "target": 6, "value": 0.14194285235733242, "supply": [{"l": "Motor Gasoline", "v": 0.044992865752239639}, {"l": "Gas-Diesel oil", "v": 0.088977684766459425}, {"l": "Natural gas (including LNG)", "v": 0.00087326082766313925}, {"l": "Fuel oil", "v": 0.0057521311039550249}, {"l": "Liquefied petroleum gas (LPG)", "v": 0.00044896996900507048}, {"l": "Coal", "v": 0.00089793993801014107}]}, {"source": 77, "prod": 0, "target": 55, "value": 0.012820644729049381, "supply": [{"l": "Motor Gasoline", "v": 0.00406387174536358}, {"l": "Gas-Diesel oil", "v": 0.0080366941079382699}, {"l": "Natural gas (including LNG)", "v": 7.8875171530864185e-05}, {"l": "Fuel oil", "v": 0.00051954732551851837}, {"l": "Liquefied petroleum gas (LPG)", "v": 4.055212623271604e-05}, {"l": "Coal", "v": 8.1104252465432093e-05}]}, {"source": 77, "prod": 0, "target": 15, "value": 0.013736405066838622, "supply": [{"l": "Motor Gasoline", "v": 0.0043541482986038356}, {"l": "Gas-Diesel oil", "v": 0.008610743687076719}, {"l": "Natural gas (including LNG)", "v": 8.4509112354497342e-05}, {"l": "Fuel oil", "v": 0.0005566578487698412}, {"l": "Liquefied petroleum gas (LPG)", "v": 4.3448706677910045e-05}, {"l": "Coal", "v": 8.6897413355820104e-05}]}, {"source": 77, "prod": 0, "target": 17, "value": 0.015567925742417105, "supply": [{"l": "Motor Gasoline", "v": 0.0049347014050843468}, {"l": "Gas-Diesel oil", "v": 0.0097588428453536137}, {"l": "Natural gas (including LNG)", "v": 9.5776994001763656e-05}, {"l": "Fuel oil", "v": 0.00063087889527248665}, {"l": "Liquefied petroleum gas (LPG)", "v": 4.924186756829805e-05}, {"l": "Coal", "v": 9.8483735136596114e-05}]}, {"source": 77, "prod": 0, "target": 76, "value": 0.00091576033778924151, "supply": [{"l": "Motor Gasoline", "v": 0.0002902765532402557}, {"l": "Gas-Diesel oil", "v": 0.0005740495791384479}, {"l": "Natural gas (including LNG)", "v": 5.6339408236331562e-06}, {"l": "Fuel oil", "v": 3.7110523251322745e-05}, {"l": "Liquefied petroleum gas (LPG)", "v": 2.8965804451940032e-06}, {"l": "Coal", "v": 5.7931608903880072e-06}]}, {"source": 77, "prod": 0, "target": 10, "value": 0.69689361705761288, "supply": [{"l": "Motor Gasoline", "v": 0.22090045701583463}, {"l": "Gas-Diesel oil", "v": 0.43685172972435887}, {"l": "Natural gas (including LNG)", "v": 0.0042874289667848321}, {"l": "Fuel oil", "v": 0.028241108194256612}, {"l": "Liquefied petroleum gas (LPG)", "v": 0.0022042977187926365}, {"l": "Coal", "v": 0.004408595437585274}]}, {"source": 77, "prod": 0, "target": 32, "value": 0.15201621607301408, "supply": [{"l": "Motor Gasoline", "v": 0.048185907837882451}, {"l": "Gas-Diesel oil", "v": 0.095292230136982348}, {"l": "Natural gas (including LNG)", "v": 0.00093523417672310399}, {"l": "Fuel oil", "v": 0.0061603468597195756}, {"l": "Liquefied petroleum gas (LPG)", "v": 0.00048083235390220452}, {"l": "Coal", "v": 0.00096166470780440915}]}, {"source": 77, "prod": 0, "target": 61, "value": 0.001831520675578483, "supply": [{"l": "Motor Gasoline", "v": 0.0005805531064805114}, {"l": "Gas-Diesel oil", "v": 0.0011480991582768958}, {"l": "Natural gas (including LNG)", "v": 1.1267881647266312e-05}, {"l": "Fuel oil", "v": 7.4221046502645491e-05}, {"l": "Liquefied petroleum gas (LPG)", "v": 5.7931608903880064e-06}, {"l": "Coal", "v": 1.1586321780776014e-05}]}, {"source": 77, "prod": 0, "target": 46, "value": 0.0091576033778924155, "supply": [{"l": "Motor Gasoline", "v": 0.0029027655324025572}, {"l": "Gas-Diesel oil", "v": 0.0057404957913844788}, {"l": "Natural gas (including LNG)", "v": 5.6339408236331564e-05}, {"l": "Fuel oil", "v": 0.00037110523251322741}, {"l": "Liquefied petroleum gas (LPG)", "v": 2.896580445194003e-05}, {"l": "Coal", "v": 5.7931608903880067e-05}]}, {"source": 77, "prod": 0, "target": 22, "value": 0.11080700087249822, "supply": [{"l": "Motor Gasoline", "v": 0.035123462942070943}, {"l": "Gas-Diesel oil", "v": 0.069459999075752191}, {"l": "Natural gas (including LNG)", "v": 0.00068170683965961194}, {"l": "Fuel oil", "v": 0.004490373313410052}, {"l": "Liquefied petroleum gas (LPG)", "v": 0.00035048623386847434}, {"l": "Coal", "v": 0.00070097246773694879}]}, {"source": 77, "prod": 0, "target": 43, "value": 0.43407040011210046, "supply": [{"l": "Motor Gasoline", "v": 0.1375910862358812}, {"l": "Gas-Diesel oil", "v": 0.27209950051162429}, {"l": "Natural gas (including LNG)", "v": 0.002670487950402116}, {"l": "Fuel oil", "v": 0.017590388021126981}, {"l": "Liquefied petroleum gas (LPG)", "v": 0.0013729791310219575}, {"l": "Coal", "v": 0.0027459582620439154}]}, {"source": 77, "prod": 0, "target": 1, "value": 1.3551524640470849, "supply": [{"l": "Gas-diesel oils used in fisheries", "v": 1.3247065751338394}, {"l": "Fuel oil used in fisheries", "v": 0.030445888913245601}]}, {"source": 79, "prod": 35.373249118165781, "target": 0, "value": 0.16699285803703343, "supply": [{"l": "Potash", "v": 0.32221930025777545}, {"l": "Phosphate", "v": 1.4820908345190058}, {"l": "Nitrogen", "v": 0.60804529215310277}]}, {"source": 79, "prod": 77.956332451499122, "target": 2, "value": 0.36802247694785706, "supply": [{"l": "Potash", "v": 0.32221930025777545}, {"l": "Phosphate", "v": 1.4820908345190058}, {"l": "Nitrogen", "v": 0.60804529215310277}]}, {"source": 79, "prod": 5.0694146825396826, "target": 57, "value": 0.023932097489383769, "supply": [{"l": "Potash", "v": 0.32221930025777545}, {"l": "Phosphate", "v": 1.4820908345190058}, {"l": "Nitrogen", "v": 0.60804529215310277}]}, {"source": 79, "prod": 0.67592195767195762, "target": 38, "value": 0.0031909463319178362, "supply": [{"l": "Potash", "v": 0.32221930025777545}, {"l": "Phosphate", "v": 1.4820908345190058}, {"l": "Nitrogen", "v": 0.60804529215310277}]}, {"source": 79, "prod": 58.241942019400355, "target": 4, "value": 0.27495320893358688, "supply": [{"l": "Potash", "v": 0.32221930025777545}, {"l": "Phosphate", "v": 1.4820908345190058}, {"l": "Nitrogen", "v": 0.60804529215310277}]}, {"source": 79, "prod": 18.02458553791887, "target": 3, "value": 0.085091902184475626, "supply": [{"l": "Potash", "v": 0.32221930025777545}, {"l": "Phosphate", "v": 1.4820908345190058}, {"l": "Nitrogen", "v": 0.60804529215310277}]}, {"source": 79, "prod": 80.772673941798956, "target": 30, "value": 0.38131808666418143, "supply": [{"l": "Potash", "v": 0.32221930025777545}, {"l": "Phosphate", "v": 1.4820908345190058}, {"l": "Nitrogen", "v": 0.60804529215310277}]}, {"source": 79, "prod": 24.783805114638447, "target": 52, "value": 0.11700136550365399, "supply": [{"l": "Potash", "v": 0.32221930025777545}, {"l": "Phosphate", "v": 1.4820908345190058}, {"l": "Nitrogen", "v": 0.60804529215310277}]}, {"source": 79, "prod": 17.461317239858907, "target": 6, "value": 0.082432780241210757, "supply": [{"l": "Potash", "v": 0.32221930025777545}, {"l": "Phosphate", "v": 1.4820908345190058}, {"l": "Nitrogen", "v": 0.60804529215310277}]}, {"source": 79, "prod": 1.5771512345679013, "target": 55, "value": 0.0074455414411416171, "supply": [{"l": "Potash", "v": 0.32221930025777545}, {"l": "Phosphate", "v": 1.4820908345190058}, {"l": "Nitrogen", "v": 0.60804529215310277}]}, {"source": 79, "prod": 1.6898048941798942, "target": 15, "value": 0.0079773658297945908, "supply": [{"l": "Potash", "v": 0.32221930025777545}, {"l": "Phosphate", "v": 1.4820908345190058}, {"l": "Nitrogen", "v": 0.60804529215310277}]}, {"source": 79, "prod": 1.91511221340388, "target": 17, "value": 0.0090410146071005348, "supply": [{"l": "Potash", "v": 0.32221930025777545}, {"l": "Phosphate", "v": 1.4820908345190058}, {"l": "Nitrogen", "v": 0.60804529215310277}]}, {"source": 79, "prod": 0.11265365961199295, "target": 76, "value": 0.00053182438865297262, "supply": [{"l": "Potash", "v": 0.32221930025777545}, {"l": "Phosphate", "v": 1.4820908345190058}, {"l": "Nitrogen", "v": 0.60804529215310277}]}, {"source": 79, "prod": 85.729434964726636, "target": 10, "value": 0.40471835976491227, "supply": [{"l": "Potash", "v": 0.32221930025777545}, {"l": "Phosphate", "v": 1.4820908345190058}, {"l": "Nitrogen", "v": 0.60804529215310277}]}, {"source": 79, "prod": 18.700507495590827, "target": 32, "value": 0.088282848516393467, "supply": [{"l": "Potash", "v": 0.32221930025777545}, {"l": "Phosphate", "v": 1.4820908345190058}, {"l": "Nitrogen", "v": 0.60804529215310277}]}, {"source": 79, "prod": 0.22530731922398589, "target": 61, "value": 0.0010636487773059452, "supply": [{"l": "Potash", "v": 0.32221930025777545}, {"l": "Phosphate", "v": 1.4820908345190058}, {"l": "Nitrogen", "v": 0.60804529215310277}]}, {"source": 79, "prod": 1.1265365961199294, "target": 46, "value": 0.0053182438865297266, "supply": [{"l": "Potash", "v": 0.32221930025777545}, {"l": "Phosphate", "v": 1.4820908345190058}, {"l": "Nitrogen", "v": 0.60804529215310277}]}, {"source": 79, "prod": 13.631092813051145, "target": 22, "value": 0.064350751027009698, "supply": [{"l": "Potash", "v": 0.32221930025777545}, {"l": "Phosphate", "v": 1.4820908345190058}, {"l": "Nitrogen", "v": 0.60804529215310277}]}, {"source": 79, "prod": 53.397834656084655, "target": 43, "value": 0.25208476022150905, "supply": [{"l": "Potash", "v": 0.32221930025777545}, {"l": "Phosphate", "v": 1.4820908345190058}, {"l": "Nitrogen", "v": 0.60804529215310277}]}, {"source": 77, "prod": 0, "target": 79, "value": 3.1059371690392568, "supply": [{"l": "Natural gas (including LNG)", "v": 2.1002825401523446}, {"l": "Fuel oil", "v": 0.89816974118333959}, {"l": "Liquefied petroleum gas (LPG)", "v": 0.053742443851786323}, {"l": "Coal", "v": 0.053742443851786323}]}, {"source": 80, "prod": 0, "target": 0, "value": 0.0090390992693967238, "supply": "[{\"l\":'Labor',\"v\":0.0090390992693967238}]"}, {"source": 80, "prod": 0, "target": 5, "value": 0.00048937798592275255, "supply": "[{\"l\":'Labor',\"v\":0.00048937798592275255}]"}, {"source": 80, "prod": 0, "target": 12, "value": 8.6360821045191626e-05, "supply": "[{\"l\":'Labor',\"v\":8.6360821045191626e-05}]"}, {"source": 80, "prod": 0, "target": 15, "value": 0.00043180410522595814, "supply": "[{\"l\":'Labor',\"v\":0.00043180410522595814}]"}, {"source": 80, "prod": 0, "target": 17, "value": 0.00048937798592275255, "supply": "[{\"l\":'Labor',\"v\":0.00048937798592275255}]"}, {"source": 80, "prod": 0, "target": 10, "value": 0.021906861605130279, "supply": "[{\"l\":'Labor',\"v\":0.021906861605130279}]"}, {"source": 80, "prod": 0, "target": 20, "value": 0.00023029552278717769, "supply": "[{\"l\":'Labor',\"v\":0.00023029552278717769}]"}, {"source": 80, "prod": 0, "target": 22, "value": 0.0034832197821560622, "supply": "[{\"l\":'Labor',\"v\":0.0034832197821560622}]"}, {"source": 80, "prod": 0, "target": 24, "value": 0.00020150858243878048, "supply": "[{\"l\":'Labor',\"v\":0.00020150858243878048}]"}, {"source": 80, "prod": 0, "target": 2, "value": 0.01992056272109087, "supply": "[{\"l\":'Labor',\"v\":0.01992056272109087}]"}, {"source": 80, "prod": 0, "target": 26, "value": 0.00063331268766473865, "supply": "[{\"l\":'Labor',\"v\":0.00063331268766473865}]"}, {"source": 80, "prod": 0, "target": 27, "value": 8.6360821045191626e-05, "supply": "[{\"l\":'Labor',\"v\":8.6360821045191626e-05}]"}, {"source": 80, "prod": 0, "target": 3, "value": 0.0046059104557435535, "supply": "[{\"l\":'Labor',\"v\":0.0046059104557435535}]"}, {"source": 80, "prod": 0, "target": 6, "value": 0.0044619757540015677, "supply": "[{\"l\":'Labor',\"v\":0.0044619757540015677}]"}, {"source": 80, "prod": 0, "target": 32, "value": 0.0047786320978339368, "supply": "[{\"l\":'Labor',\"v\":0.0047786320978339368}]"}, {"source": 80, "prod": 0, "target": 33, "value": 0.00014393470174198605, "supply": "[{\"l\":'Labor',\"v\":0.00014393470174198605}]"}, {"source": 80, "prod": 0, "target": 76, "value": 2.8786940348397211e-05, "supply": "[{\"l\":'Labor',\"v\":2.8786940348397211e-05}]"}, {"source": 80, "prod": 0, "target": 61, "value": 5.7573880696794422e-05, "supply": "[{\"l\":'Labor',\"v\":5.7573880696794422e-05}]"}, {"source": 80, "prod": 0, "target": 13, "value": 2.8786940348397211e-05, "supply": "[{\"l\":'Labor',\"v\":2.8786940348397211e-05}]"}, {"source": 80, "prod": 0, "target": 19, "value": 0.00020150858243878048, "supply": "[{\"l\":'Labor',\"v\":0.00020150858243878048}]"}, {"source": 80, "prod": 0, "target": 4, "value": 0.014882848160121358, "supply": "[{\"l\":'Labor',\"v\":0.014882848160121358}]"}, {"source": 80, "prod": 0, "target": 30, "value": 0.020640236229800803, "supply": "[{\"l\":'Labor',\"v\":0.020640236229800803}]"}, {"source": 80, "prod": 0, "target": 42, "value": 5.7573880696794422e-05, "supply": "[{\"l\":'Labor',\"v\":5.7573880696794422e-05}]"}, {"source": 80, "prod": 0, "target": 43, "value": 0.013645009725140277, "supply": "[{\"l\":'Labor',\"v\":0.013645009725140277}]"}, {"source": 80, "prod": 0, "target": 46, "value": 0.0002878694034839721, "supply": "[{\"l\":'Labor',\"v\":0.0002878694034839721}]"}, {"source": 80, "prod": 0, "target": 38, "value": 0.00017272164209038325, "supply": "[{\"l\":'Labor',\"v\":0.00017272164209038325}]"}, {"source": 80, "prod": 0, "target": 41, "value": 0.00020150858243878048, "supply": "[{\"l\":'Labor',\"v\":0.00020150858243878048}]"}, {"source": 80, "prod": 0, "target": 50, "value": 0.0011514776139358884, "supply": "[{\"l\":'Labor',\"v\":0.0011514776139358884}]"}, {"source": 80, "prod": 0, "target": 52, "value": 0.0063331268766473863, "supply": "[{\"l\":'Labor',\"v\":0.0063331268766473863}]"}, {"source": 80, "prod": 0, "target": 7, "value": 2.8786940348397211e-05, "supply": "[{\"l\":'Labor',\"v\":2.8786940348397211e-05}]"}, {"source": 80, "prod": 0, "target": 55, "value": 0.00040301716487756097, "supply": "[{\"l\":'Labor',\"v\":0.00040301716487756097}]"}, {"source": 80, "prod": 0, "target": 57, "value": 0.0012954123156778744, "supply": "[{\"l\":'Labor',\"v\":0.0012954123156778744}]"}, {"source": 80, "prod": 0, "target": 58, "value": 0.00017272164209038325, "supply": "[{\"l\":'Labor',\"v\":0.00017272164209038325}]"}, {"source": 77, "prod": 0, "target": 69, "value": 1.1006160906946829, "supply": "[{\"l\":'Fossil Fuels',\"v\":1.1006160906946829}]"}, {"source": 78, "prod": 0, "target": 69, "value": 0.54353390623521292, "supply": "[{\"l\":'Renewables & Nuclear',\"v\":0.45927535757712756},{\"l\":'Biomass & Waste',\"v\":0.084258548658085297}]"}]}