{"nodes": [{"layer": 13, "name": "Other Processed", "fill": "#9c9ede"}, {"layer": 10, "name": "Feed", "fill": "#dbdb8d"}, {"layer": 13, "name": "Animal Products", "fill": "#17becf"}, {"layer": 5, "name": "Cereals", "fill": "#e7ba52"}, {"layer": 5, "name": "Oilcrops", "fill": "#ff9896"}, {"layer": 5, "name": "Sugar Crops", "fill": "#ffbb78"}, {"layer": 13, "name": "Sugar", "fill": "#d6616b"}, {"layer": 5, "name": "Starchy Roots"}, {"layer": 5, "name": "Fruits & Vegetables"}, {"layer": 13, "name": "Aquatic Products", "fill": "#1f77b4"}, {"layer": 16, "name": "Food", "fill": "#b5cf6b"}, {"layer": 5, "name": "Others"}, {"layer": 13, "name": "Vegetable Oils", "fill": "#f7b6d2"}, {"layer": 10, "name": "Processing", "fill": "#9edae5"}, {"layer": 16, "name": "Biofuels & Other", "fill": "#e7ba52"}, {"name": "Seed", "fill": "#dbdb8d"}, {"name": "Waste", "fill": "#c7c7c7"}, {"layer": 0, "name": "Import", "fill": "#aec7e8"}, {"layer": 16, "name": "Export", "fill": "#aec7e8"}, {"layer": 0, "name": "Stock Draw", "fill": "#c7c7c7"}, {"layer": 16, "name": "Stock Deposit", "fill": "#c7c7c7"}, {"layer": 0, "name": "Production", "fill": "#b5cf6b"}], "links": [{"source": 0, "prod": 0.57401210587722851, "target": 1, "value": 61.0, "supply": [{"l": "Fats, Animals, Raw", "v": 9.0}, {"l": "Butter, Ghee", "v": 9.0}, {"l": "Fish, Body Oil", "v": 43.0}]}, {"source": 2, "prod": 2.695109830034061, "target": 1, "value": 4048.0, "supply": [{"l": "Milk - Excluding Butter", "v": 3976.0}, {"l": "Meat, Other", "v": 5.0}, {"l": "Offals, Edible", "v": 67.0}]}, {"source": 3, "prod": 82.604887610867195, "target": 1, "value": 23549.0, "supply": [{"l": "Maize", "v": 18022.0}, {"l": "Oats", "v": 552.0}, {"l": "Rye", "v": 82.0}, {"l": "Barley", "v": 62.0}, {"l": "Sorghum", "v": 4258.0}, {"l": "Cereals, Other", "v": 33.0}, {"l": "Rice", "v": 178.0}, {"l": "Wheat", "v": 289.0}, {"l": "Millet", "v": 73.0}]}, {"source": 4, "prod": 0.80089975508858047, "target": 1, "value": 334.0, "supply": [{"l": "Soyabeans", "v": 332.0}, {"l": "Oilcrops, Other", "v": 2.0}]}, {"source": 5, "prod": 1.2778403337269235, "target": 1, "value": 3537.0, "supply": [{"l": "Sugar beet", "v": 5.0}, {"l": "Sugar cane", "v": 3532.0}]}, {"source": 6, "prod": 0.32803564856130879, "target": 1, "value": 80.0, "supply": [{"l": "Sugar", "v": 18.0}, {"l": "Sugar non-centrifugal", "v": 62.0}]}, {"source": 7, "prod": 14.256734970045116, "target": 1, "value": 13806.0, "supply": [{"l": "Potatoes", "v": 338.0}, {"l": "Yams", "v": 83.0}, {"l": "Roots, Other", "v": 6.0}, {"l": "Sweet potatoes", "v": 300.0}, {"l": "Cassava", "v": 13079.0}]}, {"source": 8, "prod": 0.52296041045411146, "target": 1, "value": 545.0, "supply": [{"l": "Vegetables, Other", "v": 32.0}, {"l": "Bananas", "v": 143.0}, {"l": "Plantains", "v": 358.0}, {"l": "Pulses, Other", "v": 12.0}]}, {"source": 9, "prod": 1.7076895310702078, "target": 1, "value": 1841.0, "supply": [{"l": "Fish, Seafood", "v": 921.0}, {"l": "Pelagic Fish", "v": 878.0}, {"l": "Demersal Fish", "v": 32.0}, {"l": "Marine Fish, Other", "v": 10.0}]}, {"source": 0, "prod": 14.184923723260235, "target": 10, "value": 10722.0, "supply": [{"l": "Beverages, Alcoholic", "v": 961.0}, {"l": "Butter, Ghee", "v": 135.0}, {"l": "Fats, Animals, Raw", "v": 490.0}, {"l": "Wine", "v": 2915.0}, {"l": "Fish, Body Oil", "v": 77.0}, {"l": "Beer", "v": 6140.0}, {"l": "Beverages, Fermented", "v": 4.0}]}, {"source": 2, "prod": 40.207592279134275, "target": 10, "value": 36099.0, "supply": [{"l": "Eggs", "v": 1422.0}, {"l": "Pigmeat", "v": 1640.0}, {"l": "Offals, Edible", "v": 757.0}, {"l": "Milk - Excluding Butter", "v": 23035.0}, {"l": "Meat, Other", "v": 103.0}, {"l": "Mutton & Goat Meat", "v": 288.0}, {"l": "Bovine Meat", "v": 6419.0}, {"l": "Poultry Meat", "v": 2435.0}]}, {"source": 3, "prod": 101.30971864551704, "target": 10, "value": 28835.0, "supply": [{"l": "Maize", "v": 5482.0}, {"l": "Barley", "v": 124.0}, {"l": "Cereals, Other", "v": 29.0}, {"l": "Rye", "v": 8.0}, {"l": "Rice", "v": 7896.0}, {"l": "Wheat", "v": 15127.0}, {"l": "Oats", "v": 169.0}]}, {"source": 4, "prod": 1.7870417971137333, "target": 10, "value": 794.0, "supply": [{"l": "Sunflower seed", "v": 4.0}, {"l": "Coconuts - Incl Copra", "v": 401.0}, {"l": "Sesame seed", "v": 3.0}, {"l": "Olives", "v": 54.0}, {"l": "Groundnuts", "v": 56.0}, {"l": "Soyabeans", "v": 276.0}]}, {"source": 5, "prod": 0.21857319816363835, "target": 10, "value": 605.0, "supply": [{"l": "Sugar cane", "v": 605.0}]}, {"source": 6, "prod": 48.512423560967726, "target": 10, "value": 11706.0, "supply": [{"l": "Sugar", "v": 10304.0}, {"l": "Sweeteners, Other", "v": 198.0}, {"l": "Honey", "v": 27.0}, {"l": "Sugar non-centrifugal", "v": 1177.0}]}, {"source": 7, "prod": 17.371997237319064, "target": 10, "value": 17978.0, "supply": [{"l": "Roots, Other", "v": 263.0}, {"l": "Yams", "v": 188.0}, {"l": "Potatoes", "v": 6707.0}, {"l": "Sweet potatoes", "v": 792.0}, {"l": "Cassava", "v": 10028.0}]}, {"source": 8, "prod": 26.7896536474206, "target": 10, "value": 34675.0, "supply": [{"l": "Plantains", "v": 3238.0}, {"l": "Tomatoes", "v": 2742.0}, {"l": "Treenuts", "v": 77.0}, {"l": "Vegetables, Other", "v": 5822.0}, {"l": "Peas", "v": 142.0}, {"l": "Grapes", "v": 489.0}, {"l": "Pulses, Other", "v": 161.0}, {"l": "Pineapples", "v": 939.0}, {"l": "Citrus, Other", "v": 22.0}, {"l": "Grapefruit", "v": 271.0}, {"l": "Fruits, Other", "v": 2714.0}, {"l": "Beans", "v": 2524.0}, {"l": "Apples", "v": 1045.0}, {"l": "Lemons, Limes", "v": 675.0}, {"l": "Bananas", "v": 5764.0}, {"l": "Oranges, Mandarines", "v": 6435.0}, {"l": "Onions", "v": 1615.0}]}, {"source": 11, "prod": 0.82504157035172876, "target": 10, "value": 1204.0, "supply": [{"l": "Nuts", "v": 78.0}, {"l": "Infant food", "v": 2.0}, {"l": "Pepper", "v": 8.0}, {"l": "Pimento", "v": 2.0}, {"l": "Tea", "v": 300.0}, {"l": "Coffee", "v": 698.0}, {"l": "Cocoa Beans", "v": 104.0}, {"l": "Spices, Other", "v": 12.0}]}, {"source": 9, "prod": 2.7994083761748301, "target": 10, "value": 3655.0, "supply": [{"l": "Crustaceans", "v": 121.0}, {"l": "Marine Fish, Other", "v": 258.0}, {"l": "Fish, Seafood", "v": 1820.0}, {"l": "Aquatic Animals, Others", "v": 6.0}, {"l": "Demersal Fish", "v": 606.0}, {"l": "Aquatic Products, Other", "v": 6.0}, {"l": "Freshwater Fish", "v": 293.0}, {"l": "Cephalopods", "v": 10.0}, {"l": "Pelagic Fish", "v": 472.0}, {"l": "Molluscs, Other", "v": 63.0}]}, {"source": 12, "prod": 28.704538271341956, "target": 10, "value": 2804.0, "supply": [{"l": "Ricebran Oil", "v": 5.0}, {"l": "Sunflowerseed Oil", "v": 347.0}, {"l": "Rape and Mustard Oil", "v": 3.0}, {"l": "Sesameseed Oil", "v": 29.0}, {"l": "Palmkernel Oil", "v": 12.0}, {"l": "Oilcrops Oil, Other", "v": 1.0}, {"l": "Maize Germ Oil", "v": 64.0}, {"l": "Groundnut Oil", "v": 19.0}, {"l": "Soyabean Oil", "v": 1883.0}, {"l": "Palm Oil", "v": 164.0}, {"l": "Coconut Oil", "v": 20.0}, {"l": "Olive Oil", "v": 22.0}, {"l": "Cottonseed Oil", "v": 235.0}]}, {"source": 0, "prod": 0.023625092711011483, "target": 13, "value": 30.0, "supply": [{"l": "Wine", "v": 30.0}]}, {"source": 2, "prod": 0.0017500597218123679, "target": 13, "value": 1.0, "supply": [{"l": "Poultry Meat", "v": 1.0}]}, {"source": 3, "prod": 5.3334042308945451, "target": 13, "value": 1495.0, "supply": [{"l": "Maize", "v": 349.0}, {"l": "Rice", "v": 54.0}, {"l": "Barley", "v": 1092.0}]}, {"source": 4, "prod": 64.790736491586202, "target": 13, "value": 22457.3125, "supply": [{"l": "Olives", "v": 75.0}, {"l": "Soyabeans", "v": 15500.0}, {"l": "Oilcrops, Other", "v": 1080.0}, {"l": "Sunflower seed", "v": 2360.0}, {"l": "Coconuts - Incl Copra", "v": 161.0}, {"l": "Sesame seed", "v": 61.0}, {"l": "Cottonseed", "v": 1679.0}, {"l": "Rape and Mustardseed", "v": 15.0}, {"l": "Groundnuts", "v": 300.0}, {"l": "Palm kernels", "v": 256.0}, {"l": "Oil Palm", "v": 970.31250000000011}]}, {"source": 5, "prod": 57.638294272771667, "target": 13, "value": 159540.0, "supply": [{"l": "Sugar beet", "v": 2037.0}, {"l": "Sugar cane", "v": 157503.0}]}, {"source": 6, "prod": 0.13268460762372622, "target": 13, "value": 32.0, "supply": [{"l": "Sugar", "v": 32.0}]}, {"source": 7, "prod": 0.002070208329375, "target": 13, "value": 2.0, "supply": [{"l": "Cassava", "v": 2.0}]}, {"source": 8, "prod": 3.0441325928442442, "target": 13, "value": 4542.0, "supply": [{"l": "Apples", "v": 5.0}, {"l": "Grapes", "v": 4537.0}]}, {"source": 12, "prod": 0.048238825665340906, "target": 13, "value": 5.0, "supply": [{"l": "Oilcrops Oil, Other", "v": 5.0}]}, {"source": 0, "prod": 11.047309512350484, "target": 14, "value": 7538.0, "supply": [{"l": "Alcohol, Non-Food", "v": 6872.0}, {"l": "Beverages, Alcoholic", "v": 8.0}, {"l": "Fats, Animals, Raw", "v": 621.0}, {"l": "Fish, Body Oil", "v": 35.0}, {"l": "Fish, Liver Oil", "v": 2.0}]}, {"source": 2, "prod": 0.72103095006932172, "target": 14, "value": 588.0, "supply": [{"l": "Pigmeat", "v": 11.0}, {"l": "Milk - Excluding Butter", "v": 110.0}, {"l": "Poultry Meat", "v": 35.0}, {"l": "Offals, Edible", "v": 432.0}]}, {"source": 3, "prod": 0.60658013465637906, "target": 14, "value": 167.0, "supply": [{"l": "Maize", "v": 119.0}, {"l": "Barley", "v": 7.0}, {"l": "Rice", "v": 27.0}, {"l": "Wheat", "v": 14.0}]}, {"source": 4, "prod": 0.2435582122559686, "target": 14, "value": 107.0, "supply": [{"l": "Cottonseed", "v": 55.0}, {"l": "Oilcrops, Other", "v": 9.0}, {"l": "Coconuts - Incl Copra", "v": 35.0}, {"l": "Palm kernels", "v": 8.0}]}, {"source": 5, "prod": 42.940420849810842, "target": 14, "value": 118857.0, "supply": [{"l": "Sugar cane", "v": 118857.0}]}, {"source": 6, "prod": 0.14927018357669197, "target": 14, "value": 36.0, "supply": [{"l": "Sugar", "v": 36.0}]}, {"source": 7, "prod": 1.4870685735348865, "target": 14, "value": 1437.0, "supply": [{"l": "Potatoes", "v": 2.0}, {"l": "Cassava", "v": 1435.0}]}, {"source": 9, "prod": 0.52581975786773005, "target": 14, "value": 630.0, "supply": [{"l": "Pelagic Fish", "v": 91.0}, {"l": "Fish, Seafood", "v": 106.0}, {"l": "Aquatic Products, Other", "v": 209.0}, {"l": "Molluscs, Other", "v": 15.0}, {"l": "Aquatic Animals, Others", "v": 7.0}, {"l": "Aquatic Plants", "v": 202.0}]}, {"source": 12, "prod": 4.4137009136819421, "target": 14, "value": 458.0, "supply": [{"l": "Olive Oil", "v": 1.0}, {"l": "Coconut Oil", "v": 5.0}, {"l": "Rape and Mustard Oil", "v": 3.0}, {"l": "Cottonseed Oil", "v": 29.0}, {"l": "Oilcrops Oil, Other", "v": 101.0}, {"l": "Soyabean Oil", "v": 168.0}, {"l": "Palm Oil", "v": 26.0}, {"l": "Palmkernel Oil", "v": 123.0}, {"l": "Sunflowerseed Oil", "v": 2.0}]}, {"source": 2, "prod": 0.22568442994822785, "target": 2, "value": 147.0, "supply": [{"l": "Eggs", "v": 147.0}]}, {"source": 3, "prod": 6.5800436761684891, "target": 15, "value": 1948.0, "supply": [{"l": "Maize", "v": 472.0}, {"l": "Oats", "v": 162.0}, {"l": "Rye", "v": 46.0}, {"l": "Barley", "v": 68.0}, {"l": "Rice", "v": 380.0}, {"l": "Sorghum", "v": 52.0}, {"l": "Cereals, Other", "v": 5.0}, {"l": "Wheat", "v": 760.0}, {"l": "Millet", "v": 3.0}]}, {"source": 4, "prod": 2.1223949061349918, "target": 15, "value": 836.0, "supply": [{"l": "Soyabeans", "v": 577.0}, {"l": "Sunflower seed", "v": 16.0}, {"l": "Cottonseed", "v": 201.0}, {"l": "Groundnuts", "v": 17.0}, {"l": "Oilcrops, Other", "v": 25.0}]}, {"source": 5, "prod": 0.22905026055495323, "target": 15, "value": 634.0, "supply": [{"l": "Sugar cane", "v": 634.0}]}, {"source": 7, "prod": 1.1220985547870048, "target": 15, "value": 1294.0, "supply": [{"l": "Potatoes", "v": 1127.0}, {"l": "Yams", "v": 15.0}, {"l": "Roots, Other", "v": 65.0}, {"l": "Sweet potatoes", "v": 87.0}]}, {"source": 8, "prod": 1.1338000074194423, "target": 15, "value": 307.0, "supply": [{"l": "Vegetables, Other", "v": 21.0}, {"l": "Beans", "v": 256.0}, {"l": "Peas", "v": 8.0}, {"l": "Pulses, Other", "v": 22.0}]}, {"source": 0, "prod": 0.12556659223242245, "target": 16, "value": 140.0, "supply": [{"l": "Fats, Animals, Raw", "v": 2.0}, {"l": "Wine", "v": 138.0}]}, {"source": 2, "prod": 1.2746725202990179, "target": 16, "value": 1348.0, "supply": [{"l": "Mutton & Goat Meat", "v": 8.0}, {"l": "Eggs", "v": 75.0}, {"l": "Pigmeat", "v": 14.0}, {"l": "Milk - Excluding Butter", "v": 1016.0}, {"l": "Meat, Other", "v": 12.0}, {"l": "Poultry Meat", "v": 50.0}, {"l": "Offals, Edible", "v": 11.0}, {"l": "Bovine Meat", "v": 162.0}]}, {"source": 3, "prod": 15.491759954268469, "target": 16, "value": 4329.0, "supply": [{"l": "Maize", "v": 2348.0}, {"l": "Rye", "v": 3.0}, {"l": "Barley", "v": 55.0}, {"l": "Cereals, Other", "v": 5.0}, {"l": "Rice", "v": 749.0}, {"l": "Wheat", "v": 874.0}, {"l": "Oats", "v": 27.0}, {"l": "Sorghum", "v": 261.0}, {"l": "Millet", "v": 7.0}]}, {"source": 4, "prod": 0.64445036573362957, "target": 16, "value": 274.0, "supply": [{"l": "Olives", "v": 3.0}, {"l": "Sunflower seed", "v": 3.0}, {"l": "Coconuts - Incl Copra", "v": 105.0}, {"l": "Sesame seed", "v": 1.0}, {"l": "Cottonseed", "v": 1.0}, {"l": "Groundnuts", "v": 11.0}, {"l": "Oilcrops, Other", "v": 8.0}, {"l": "Soyabeans", "v": 135.0}, {"l": "Palm kernels", "v": 7.0}]}, {"source": 5, "prod": 0.33526599652207667, "target": 16, "value": 928.0, "supply": [{"l": "Sugar cane", "v": 928.0}]}, {"source": 6, "prod": 0.11485397876014528, "target": 16, "value": 28.0, "supply": [{"l": "Sugar", "v": 7.0}, {"l": "Sugar non-centrifugal", "v": 21.0}]}, {"source": 7, "prod": 3.9431918107963146, "target": 16, "value": 3983.0, "supply": [{"l": "Roots, Other", "v": 42.0}, {"l": "Yams", "v": 36.0}, {"l": "Potatoes", "v": 985.0}, {"l": "Sweet potatoes", "v": 141.0}, {"l": "Cassava", "v": 2779.0}]}, {"source": 8, "prod": 3.2620617720961422, "target": 16, "value": 6130.0, "supply": [{"l": "Plantains", "v": 449.0}, {"l": "Citrus, Other", "v": 6.0}, {"l": "Grapefruit", "v": 30.0}, {"l": "Tomatoes", "v": 366.0}, {"l": "Treenuts", "v": 1.0}, {"l": "Vegetables, Other", "v": 944.0}, {"l": "Peas", "v": 3.0}, {"l": "Grapes", "v": 122.0}, {"l": "Beans", "v": 87.0}, {"l": "Apples", "v": 184.0}, {"l": "Lemons, Limes", "v": 102.0}, {"l": "Pineapples", "v": 230.0}, {"l": "Bananas", "v": 1178.0}, {"l": "Fruits, Other", "v": 641.0}, {"l": "Oranges, Mandarines", "v": 1580.0}, {"l": "Pulses, Other", "v": 5.0}, {"l": "Onions", "v": 202.0}]}, {"source": 11, "prod": 0.049791728831110826, "target": 16, "value": 60.0, "supply": [{"l": "Nuts", "v": 1.0}, {"l": "Cocoa Beans", "v": 32.0}, {"l": "Coffee", "v": 15.0}, {"l": "Pepper", "v": 2.0}, {"l": "Tea", "v": 10.0}]}, {"source": 17, "prod": 0.12640361033290401, "target": 11, "value": 127.0, "supply": [{"l": "Nuts", "v": 12.0}, {"l": "Infant food", "v": 3.0}, {"l": "Cocoa Beans", "v": 18.0}, {"l": "Coffee", "v": 45.0}, {"l": "Pimento", "v": 1.0}, {"l": "Pepper", "v": 3.0}, {"l": "Spices, Other", "v": 9.0}, {"l": "Tea", "v": 36.0}]}, {"source": 17, "prod": 1.7271561281506949, "target": 1, "value": 2281.0, "supply": [{"l": "Meat, Other", "v": 1.0}, {"l": "Crustaceans", "v": 1.0}, {"l": "Eggs", "v": 2.0}, {"l": "Marine Fish, Other", "v": 14.0}, {"l": "Mutton & Goat Meat", "v": 3.0}, {"l": "Pigmeat", "v": 2.0}, {"l": "Poultry Meat", "v": 6.0}, {"l": "Milk - Excluding Butter", "v": 1550.0}, {"l": "Pelagic Fish", "v": 219.0}, {"l": "Fish, Seafood", "v": 322.0}, {"l": "Cephalopods", "v": 1.0}, {"l": "Molluscs, Other", "v": 1.0}, {"l": "Offals, Edible", "v": 10.0}, {"l": "Demersal Fish", "v": 87.0}, {"l": "Bovine Meat", "v": 62.0}]}, {"source": 17, "prod": 12.797177644457014, "target": 13, "value": 1887.0, "supply": [{"l": "Alcohol, Non-Food", "v": 3.0}, {"l": "Sugar", "v": 890.0}, {"l": "Maize Germ Oil", "v": 2.0}, {"l": "Beer", "v": 7.0}, {"l": "Beverages, Alcoholic", "v": 41.0}, {"l": "Fats, Animals, Raw", "v": 185.0}, {"l": "Soyabean Oil", "v": 453.0}, {"l": "Butter, Ghee", "v": 14.0}, {"l": "Palm Oil", "v": 10.0}, {"l": "Sunflowerseed Oil", "v": 69.0}, {"l": "Olive Oil", "v": 11.0}, {"l": "Coconut Oil", "v": 8.0}, {"l": "Oilcrops Oil, Other", "v": 9.0}, {"l": "Wine", "v": 19.0}, {"l": "Sweeteners, Other", "v": 20.0}, {"l": "Beverages, Fermented", "v": 3.0}, {"l": "Fish, Body Oil", "v": 65.0}, {"l": "Fish, Liver Oil", "v": 2.0}, {"l": "Honey", "v": 1.0}, {"l": "Cottonseed Oil", "v": 72.0}, {"l": "Palmkernel Oil", "v": 3.0}]}, {"source": 17, "prod": 42.977254236296886, "target": 3, "value": 13142.0, "supply": [{"l": "Maize", "v": 2311.0}, {"l": "Barley", "v": 902.0}, {"l": "Rice", "v": 511.0}, {"l": "Cereals, Other", "v": 32.0}, {"l": "Wheat", "v": 8775.0}, {"l": "Oats", "v": 95.0}, {"l": "Sorghum", "v": 512.0}, {"l": "Millet", "v": 4.0}]}, {"source": 17, "prod": 1.3173088531169457, "target": 8, "value": 797.0, "supply": [{"l": "Pulses, Other", "v": 75.0}, {"l": "Tomatoes", "v": 7.0}, {"l": "Treenuts", "v": 11.0}, {"l": "Vegetables, Other", "v": 45.0}, {"l": "Peas", "v": 80.0}, {"l": "Grapes", "v": 51.0}, {"l": "Beans", "v": 91.0}, {"l": "Apples", "v": 154.0}, {"l": "Lemons, Limes", "v": 2.0}, {"l": "Pineapples", "v": 12.0}, {"l": "Bananas", "v": 157.0}, {"l": "Fruits, Other", "v": 103.0}, {"l": "Oranges, Mandarines", "v": 6.0}, {"l": "Onions", "v": 3.0}]}, {"source": 17, "prod": 1.2742862162997717, "target": 4, "value": 395.0, "supply": [{"l": "Olives", "v": 25.0}, {"l": "Sunflower seed", "v": 1.0}, {"l": "Coconuts - Incl Copra", "v": 10.0}, {"l": "Groundnuts", "v": 6.0}, {"l": "Oilcrops, Other", "v": 112.0}, {"l": "Soyabeans", "v": 241.0}]}, {"source": 17, "prod": 0.060045624533437647, "target": 7, "value": 70.0, "supply": [{"l": "Potatoes", "v": 66.0}, {"l": "Cassava", "v": 4.0}]}, {"source": 0, "prod": 1.3351926273356871, "target": 18, "value": 506.0, "supply": [{"l": "Alcohol, Non-Food", "v": 337.0}, {"l": "Beer", "v": 7.0}, {"l": "Beverages, Alcoholic", "v": 15.0}, {"l": "Fats, Animals, Raw", "v": 72.0}, {"l": "Butter, Ghee", "v": 23.0}, {"l": "Wine", "v": 31.0}, {"l": "Beverages, Fermented", "v": 1.0}, {"l": "Fish, Body Oil", "v": 20.0}]}, {"source": 2, "prod": 3.2490184397328608, "target": 18, "value": 1979.0, "supply": [{"l": "Mutton & Goat Meat", "v": 27.0}, {"l": "Meat, Other", "v": 80.0}, {"l": "Pigmeat", "v": 3.0}, {"l": "Poultry Meat", "v": 293.0}, {"l": "Milk - Excluding Butter", "v": 420.0}, {"l": "Offals, Edible", "v": 45.0}, {"l": "Bovine Meat", "v": 1109.0}, {"l": "Eggs", "v": 2.0}]}, {"source": 3, "prod": 80.770066834550548, "target": 18, "value": 24046.0, "supply": [{"l": "Maize", "v": 7334.0}, {"l": "Barley", "v": 167.0}, {"l": "Rice", "v": 471.0}, {"l": "Cereals, Other", "v": 73.0}, {"l": "Wheat", "v": 10391.0}, {"l": "Oats", "v": 182.0}, {"l": "Sorghum", "v": 5332.0}, {"l": "Millet", "v": 96.0}]}, {"source": 4, "prod": 8.5653436838746497, "target": 18, "value": 3419.0, "supply": [{"l": "Olives", "v": 21.0}, {"l": "Sunflower seed", "v": 3.0}, {"l": "Coconuts - Incl Copra", "v": 1.0}, {"l": "Sesame seed", "v": 1.0}, {"l": "Groundnuts", "v": 100.0}, {"l": "Oilcrops, Other", "v": 28.0}, {"l": "Soyabeans", "v": 3265.0}]}, {"source": 5, "prod": 0.022760514850097877, "target": 18, "value": 63.0, "supply": [{"l": "Sugar cane", "v": 63.0}]}, {"source": 6, "prod": 17.494537350944242, "target": 18, "value": 4221.0, "supply": [{"l": "Sugar", "v": 4178.0}, {"l": "Sweeteners, Other", "v": 9.0}, {"l": "Honey", "v": 34.0}]}, {"source": 7, "prod": 0.042349925203826494, "target": 18, "value": 42.0, "supply": [{"l": "Roots, Other", "v": 10.0}, {"l": "Yams", "v": 10.0}, {"l": "Potatoes", "v": 2.0}, {"l": "Cassava", "v": 20.0}]}, {"source": 8, "prod": 5.5080279941712629, "target": 18, "value": 10550.0, "supply": [{"l": "Plantains", "v": 14.0}, {"l": "Tomatoes", "v": 37.0}, {"l": "Treenuts", "v": 107.0}, {"l": "Apples", "v": 428.0}, {"l": "Vegetables, Other", "v": 84.0}, {"l": "Peas", "v": 2.0}, {"l": "Grapes", "v": 203.0}, {"l": "Beans", "v": 224.0}, {"l": "Pulses, Other", "v": 10.0}, {"l": "Lemons, Limes", "v": 67.0}, {"l": "Pineapples", "v": 28.0}, {"l": "Bananas", "v": 1824.0}, {"l": "Fruits, Other", "v": 361.0}, {"l": "Grapefruit", "v": 43.0}, {"l": "Oranges, Mandarines", "v": 7113.0}, {"l": "Onions", "v": 5.0}]}, {"source": 11, "prod": 1.6333052532051617, "target": 18, "value": 2413.0, "supply": [{"l": "Infant food", "v": 1.0}, {"l": "Nuts", "v": 107.0}, {"l": "Cocoa Beans", "v": 371.0}, {"l": "Coffee", "v": 1816.0}, {"l": "Cloves", "v": 1.0}, {"l": "Pimento", "v": 1.0}, {"l": "Pepper", "v": 30.0}, {"l": "Spices, Other", "v": 4.0}, {"l": "Tea", "v": 82.0}]}, {"source": 9, "prod": 9.814779421076496, "target": 18, "value": 10724.0, "supply": [{"l": "Crustaceans", "v": 98.0}, {"l": "Aquatic Products, Other", "v": 1.0}, {"l": "Marine Fish, Other", "v": 8.0}, {"l": "Freshwater Fish", "v": 25.0}, {"l": "Pelagic Fish", "v": 4820.0}, {"l": "Fish, Seafood", "v": 5361.0}, {"l": "Cephalopods", "v": 26.0}, {"l": "Molluscs, Other", "v": 41.0}, {"l": "Aquatic Animals, Others", "v": 1.0}, {"l": "Demersal Fish", "v": 343.0}]}, {"source": 12, "prod": 26.205816873513921, "target": 18, "value": 2569.0, "supply": [{"l": "Ricebran Oil", "v": 1.0}, {"l": "Maize Germ Oil", "v": 10.0}, {"l": "Groundnut Oil", "v": 104.0}, {"l": "Soyabean Oil", "v": 1373.0}, {"l": "Palm Oil", "v": 27.0}, {"l": "Sunflowerseed Oil", "v": 615.0}, {"l": "Olive Oil", "v": 6.0}, {"l": "Oilcrops Oil, Other", "v": 318.0}, {"l": "Cottonseed Oil", "v": 100.0}, {"l": "Palmkernel Oil", "v": 15.0}]}, {"source": 19, "prod": 3.5203780350629632, "target": 8, "value": 894.0, "supply": [{"l": "Beans", "v": 894.0}]}, {"source": 12, "prod": 0.54944686035716039, "target": 20, "value": 54.0, "supply": [{"l": "Groundnut Oil", "v": 10.0}, {"l": "Sunflowerseed Oil", "v": 20.0}, {"l": "Oilcrops Oil, Other", "v": 20.0}, {"l": "Palmkernel Oil", "v": 4.0}]}, {"source": 2, "prod": 0.040509782066355263, "target": 20, "value": 20.0, "supply": [{"l": "Bovine Meat", "v": 20.0}]}, {"source": 19, "prod": 0.1016458324994321, "target": 7, "value": 120.0, "supply": [{"l": "Potatoes", "v": 120.0}]}, {"source": 11, "prod": 0.10621418064972214, "target": 20, "value": 221.0, "supply": [{"l": "Nuts", "v": 1.0}, {"l": "Coffee", "v": 220.0}]}, {"source": 9, "prod": 0.012406138273292618, "target": 20, "value": 18.0, "supply": [{"l": "Cephalopods", "v": 4.0}, {"l": "Demersal Fish", "v": 14.0}]}, {"source": 3, "prod": 0.21179698031419794, "target": 20, "value": 58.0, "supply": [{"l": "Cereals, Other", "v": 20.0}, {"l": "Sorghum", "v": 35.0}, {"l": "Millet", "v": 3.0}]}, {"source": 8, "prod": 0.11368925735399747, "target": 20, "value": 31.0, "supply": [{"l": "Treenuts", "v": 1.0}, {"l": "Peas", "v": 18.0}, {"l": "Pulses, Other", "v": 10.0}, {"l": "Fruits, Other", "v": 2.0}]}, {"source": 19, "prod": 0.41187626331556504, "target": 1, "value": 435.0, "supply": [{"l": "Milk - Excluding Butter", "v": 6.0}, {"l": "Fish, Seafood", "v": 204.0}, {"l": "Pelagic Fish", "v": 225.0}]}, {"source": 19, "prod": 1.6834610003095487, "target": 4, "value": 634.0, "supply": [{"l": "Coconuts - Incl Copra", "v": 1.0}, {"l": "Cottonseed", "v": 354.0}, {"l": "Groundnuts", "v": 70.0}, {"l": "Soyabeans", "v": 209.0}]}, {"source": 4, "prod": 0.82718866277022918, "target": 20, "value": 164.0, "supply": [{"l": "Sunflower seed", "v": 73.0}, {"l": "Oilcrops, Other", "v": 91.0}]}, {"source": 19, "prod": 0.011870237441691026, "target": 11, "value": 14.0, "supply": [{"l": "Pepper", "v": 5.0}, {"l": "Cocoa Beans", "v": 4.0}, {"l": "Tea", "v": 5.0}]}, {"source": 0, "prod": 0.11733796046469035, "target": 20, "value": 149.0, "supply": [{"l": "Wine", "v": 149.0}]}, {"source": 19, "prod": 1.5424263539826799, "target": 13, "value": 177.0, "supply": [{"l": "Beer", "v": 10.0}, {"l": "Beverages, Alcoholic", "v": 19.0}, {"l": "Butter, Ghee", "v": 4.0}, {"l": "Soyabean Oil", "v": 80.0}, {"l": "Palm Oil", "v": 2.0}, {"l": "Coconut Oil", "v": 1.0}, {"l": "Rape and Mustard Oil", "v": 1.0}, {"l": "Fish, Body Oil", "v": 30.0}, {"l": "Honey", "v": 4.0}, {"l": "Cottonseed Oil", "v": 26.0}]}, {"source": 6, "prod": 2.8949750425817258, "target": 20, "value": 698.0, "supply": [{"l": "Sugar", "v": 695.0}, {"l": "Sweeteners, Other", "v": 3.0}]}, {"source": 19, "prod": 12.815591926315982, "target": 3, "value": 3716.0, "supply": [{"l": "Maize", "v": 662.0}, {"l": "Barley", "v": 53.0}, {"l": "Rice", "v": 905.0}, {"l": "Wheat", "v": 1990.0}, {"l": "Oats", "v": 106.0}]}, {"source": 21, "prod": 237.09032025438668, "target": 3, "value": 67562.0, "supply": [{"l": "Maize", "v": 31153.0}, {"l": "Barley", "v": 620.0}, {"l": "Cereals, Other", "v": 128.0}, {"l": "Sorghum", "v": 9426.0}, {"l": "Rye", "v": 139.0}, {"l": "Rice", "v": 8338.0}, {"l": "Wheat", "v": 16689.0}, {"l": "Oats", "v": 890.0}, {"l": "Millet", "v": 179.0}]}, {"source": 21, "prod": 76.8028390591777, "target": 4, "value": 27352.3125, "supply": [{"l": "Sunflower seed", "v": 2459.0}, {"l": "Coconuts - Incl Copra", "v": 693.0}, {"l": "Sesame seed", "v": 65.0}, {"l": "Cottonseed", "v": 1582.0}, {"l": "Olives", "v": 127.0}, {"l": "Groundnuts", "v": 409.0}, {"l": "Oilcrops, Other", "v": 1127.0}, {"l": "Soyabeans", "v": 19635.0}, {"l": "Rape and Mustardseed", "v": 15.0}, {"l": "Palm kernels", "v": 270.0}, {"l": "Oil Palm", "v": 970.31250000000011}]}, {"source": 21, "prod": 102.66184414838671, "target": 5, "value": 284163.0, "supply": [{"l": "Sugar cane", "v": 282121.0}, {"l": "Sugar beet", "v": 2042.0}]}, {"source": 21, "prod": 38.058968017161369, "target": 7, "value": 38346.0, "supply": [{"l": "Roots, Other", "v": 379.0}, {"l": "Yams", "v": 331.0}, {"l": "Potatoes", "v": 8975.0}, {"l": "Sweet potatoes", "v": 1321.0}, {"l": "Cassava", "v": 27340.0}]}, {"source": 21, "prod": 35.522250044956124, "target": 8, "value": 55074.0, "supply": [{"l": "Plantains", "v": 4059.0}, {"l": "Tomatoes", "v": 3137.0}, {"l": "Treenuts", "v": 176.0}, {"l": "Vegetables, Other", "v": 6854.0}, {"l": "Peas", "v": 93.0}, {"l": "Grapes", "v": 5300.0}, {"l": "Pulses, Other", "v": 141.0}, {"l": "Pineapples", "v": 1185.0}, {"l": "Citrus, Other", "v": 28.0}, {"l": "Grapefruit", "v": 344.0}, {"l": "Fruits, Other", "v": 3607.0}, {"l": "Beans", "v": 2107.0}, {"l": "Apples", "v": 1508.0}, {"l": "Lemons, Limes", "v": 842.0}, {"l": "Bananas", "v": 8753.0}, {"l": "Oranges, Mandarines", "v": 15122.0}, {"l": "Onions", "v": 1818.0}]}, {"source": 21, "prod": 2.4618689078633023, "target": 11, "value": 3751.0, "supply": [{"l": "Nuts", "v": 175.0}, {"l": "Pepper", "v": 32.0}, {"l": "Pimento", "v": 2.0}, {"l": "Tea", "v": 351.0}, {"l": "Coffee", "v": 2703.0}, {"l": "Cocoa Beans", "v": 485.0}, {"l": "Spices, Other", "v": 3.0}]}, {"source": 1, "prod": 14.860103224462556, "target": 9, "value": 16868.0, "supply": [{"l": "Pelagic Fish", "v": 6261.0}, {"l": "Crustaceans", "v": 219.0}, {"l": "Freshwater Fish", "v": 318.0}, {"l": "Molluscs, Other", "v": 119.0}, {"l": "Aquatic Animals, Others", "v": 14.0}, {"l": "Aquatic Plants", "v": 202.0}, {"l": "Marine Fish, Other", "v": 276.0}, {"l": "Aquatic Products, Other", "v": 216.0}, {"l": "Fish, Seafood", "v": 8208.0}, {"l": "Demersal Fish", "v": 995.0}, {"l": "Cephalopods", "v": 40.0}]}, {"source": 1, "prod": 48.189683861057709, "target": 2, "value": 44083.0, "supply": [{"l": "Poultry Meat", "v": 2814.0}, {"l": "Pigmeat", "v": 1668.0}, {"l": "Bovine Meat", "v": 7710.0}, {"l": "Eggs", "v": 1646.0}, {"l": "Milk - Excluding Butter", "v": 28557.0}, {"l": "Offals, Edible", "v": 1312.0}, {"l": "Meat, Other", "v": 200.0}, {"l": "Mutton & Goat Meat", "v": 323.0}]}, {"source": 13, "prod": 27.407967614231762, "target": 0, "value": 19146.0, "supply": [{"l": "Fats, Animals, Raw", "v": 1194.0}, {"l": "Alcohol, Non-Food", "v": 7209.0}, {"l": "Beverages, Fermented", "v": 5.0}, {"l": "Fish, Body Oil", "v": 175.0}, {"l": "Beer", "v": 6147.0}, {"l": "Beverages, Alcoholic", "v": 984.0}, {"l": "Fish, Liver Oil", "v": 2.0}, {"l": "Butter, Ghee", "v": 167.0}, {"l": "Wine", "v": 3263.0}]}, {"source": 13, "prod": 59.921741744560315, "target": 12, "value": 5890.0, "supply": [{"l": "Olive Oil", "v": 29.0}, {"l": "Ricebran Oil", "v": 6.0}, {"l": "Sesameseed Oil", "v": 29.0}, {"l": "Soyabean Oil", "v": 3424.0}, {"l": "Coconut Oil", "v": 25.0}, {"l": "Cottonseed Oil", "v": 364.0}, {"l": "Rape and Mustard Oil", "v": 6.0}, {"l": "Maize Germ Oil", "v": 74.0}, {"l": "Groundnut Oil", "v": 133.0}, {"l": "Palm Oil", "v": 217.0}, {"l": "Palmkernel Oil", "v": 154.0}, {"l": "Oilcrops Oil, Other", "v": 445.0}, {"l": "Sunflowerseed Oil", "v": 984.0}]}, {"source": 13, "prod": 69.626780373015563, "target": 6, "value": 16801.0, "supply": [{"l": "Honey", "v": 61.0}, {"l": "Sweeteners, Other", "v": 210.0}, {"l": "Sugar non-centrifugal", "v": 1260.0}, {"l": "Sugar", "v": 15270.0}]}]}