{"nodes": [{"layer": 13, "name": "Milk - Excluding Butter"}, {"layer": 10, "name": "Feed", "fill": "#dbdb8d"}, {"layer": 5, "name": "Oilcrops", "fill": "#ff9896"}, {"layer": 5, "name": "Vegetables"}, {"layer": 5, "name": "Sugar Crops", "fill": "#ffbb78"}, {"layer": 13, "name": "Animal Fats"}, {"layer": 5, "name": "Starchy Roots"}, {"layer": 13, "name": "Fish, Seafood"}, {"layer": 13, "name": "Sugar & Sweeteners"}, {"layer": 5, "name": "Cereals - Excluding Beer"}, {"layer": 5, "name": "Fruits - Excluding Wine"}, {"layer": 13, "name": "Meat"}, {"layer": 16, "name": "Food", "fill": "#b5cf6b"}, {"layer": 5, "name": "Treenuts"}, {"layer": 5, "name": "Others"}, {"layer": 13, "name": "Alcoholic Beverages"}, {"layer": 5, "name": "Pulses"}, {"layer": 13, "name": "Aquatic Products, Other"}, {"layer": 13, "name": "Vegetable Oils", "fill": "#f7b6d2"}, {"layer": 5, "name": "Spices"}, {"layer": 5, "name": "Stimulants"}, {"layer": 13, "name": "Eggs"}, {"layer": 10, "name": "Processing", "fill": "#9edae5"}, {"layer": 16, "name": "Biofuels & Other", "fill": "#e7ba52"}, {"name": "Waste", "fill": "#c7c7c7"}, {"layer": 2, "name": "Import", "fill": "#aec7e8"}, {"layer": 16, "name": "Export", "fill": "#aec7e8"}, {"layer": 16, "name": "Stock Deposit", "fill": "#c7c7c7"}, {"layer": 0, "name": "Stock Draw", "fill": "#c7c7c7"}, {"name": "Crop Residue", "fill": "#bd9e39"}, {"layer": 2, "name": "Electricity", "fill": "#bcbd22"}, {"layer": 0, "name": "Fossil Fuels", "fill": "#c49c94"}, {"layer": 0, "name": "Renewables & Nuclear", "fill": "#2ca02c"}, {"layer": 2, "name": "Fertilizers", "fill": "#c5b0d5"}, {"layer": 0, "name": "Labor", "fill": "#7f7f7f"}], "links": [{"source": 0, "prod": 1606.0, "target": 1, "value": 1.0495852329600428, "supply": [{"l": "Milk - Excluding Butter", "v": 1.0495852329600428}]}, {"source": 2, "prod": 51.0, "target": 1, "value": 0.21831514243971428, "supply": [{"l": "Soyabeans", "v": 0.21225083292749999}, {"l": "Oilcrops, Other", "v": 0.0060643095122142861}]}, {"source": 3, "prod": 41.0, "target": 1, "value": 0.012175283875519414, "supply": [{"l": "Vegetables, Other", "v": 0.012175283875519414}]}, {"source": 4, "prod": 14463.0, "target": 1, "value": 4.2341845470764587, "supply": [{"l": "Sugar beet", "v": 0.00087827930866551734}, {"l": "Sugar cane", "v": 4.2333062677677935}]}, {"source": 5, "prod": 10.0, "target": 1, "value": 0.18603161238939706, "supply": [{"l": "Butter, Ghee", "v": 0.016230946047397058}, {"l": "Fish, Body Oil", "v": 0.169800666342}]}, {"source": 6, "prod": 16222.0, "target": 1, "value": 16.453320016546662, "supply": [{"l": "Potatoes", "v": 0.16980066634200003}, {"l": "Yams", "v": 0.066543504377270274}, {"l": "Roots, Other", "v": 0.0047518843192723885}, {"l": "Sweet potatoes", "v": 0.9441889475338745}, {"l": "Cassava", "v": 15.268035013974247}]}, {"source": 7, "prod": 1161.0, "target": 1, "value": 0.8983099388214586, "supply": [{"l": "Pelagic Fish", "v": 0.40293239202236752}, {"l": "Fish, Seafood", "v": 0.40735587784974553}, {"l": "Demersal Fish", "v": 0.088021668949345599}]}, {"source": 8, "prod": 30.0, "target": 1, "value": 0.12396951303730087, "supply": [{"l": "Sugar non-centrifugal", "v": 0.12396951303730087}]}, {"source": 9, "prod": 14491.0, "target": 1, "value": 50.428808864766587, "supply": [{"l": "Maize", "v": 43.902037102127181}, {"l": "Oats", "v": 0.39418011829392863}, {"l": "Rye", "v": 0.34286673011365387}, {"l": "Barley", "v": 0.95302536154113515}, {"l": "Sorghum", "v": 3.7504722178289249}, {"l": "Cereals, Other", "v": 0.079594062347812508}, {"l": "Rice", "v": 0.064573452030554715}, {"l": "Wheat", "v": 0.88793585808687026}, {"l": "Millet", "v": 0.054123962396512501}]}, {"source": 10, "prod": 361.0, "target": 1, "value": 0.32390646973637882, "supply": [{"l": "Bananas", "v": 0.085195032970583784}, {"l": "Plantains", "v": 0.23871143676579501}]}, {"source": 11, "prod": 40.0, "target": 1, "value": 0.052906641442957723, "supply": [{"l": "Meat, Other", "v": 0.002497068622676471}, {"l": "Offals, Edible", "v": 0.050409572820281252}]}, {"source": 0, "prod": 15154.0, "target": 12, "value": 9.90374509357191, "supply": [{"l": "Milk - Excluding Butter", "v": 9.90374509357191}]}, {"source": 11, "prod": 7271.0, "target": 12, "value": 15.50128589838404, "supply": [{"l": "Mutton & Goat Meat", "v": 0.90752686234243685}, {"l": "Pigmeat", "v": 2.8747946399898967}, {"l": "Meat, Other", "v": 0.15107265167192649}, {"l": "Poultry Meat", "v": 1.1333839741560376}, {"l": "Offals, Edible", "v": 0.68052923307379687}, {"l": "Bovine Meat", "v": 9.7539785371499459}]}, {"source": 8, "prod": 6617.0, "target": 12, "value": 27.439962457398579, "supply": [{"l": "Sugar", "v": 23.812174142842125}, {"l": "Sugar non-centrifugal", "v": 3.3223829493996635}, {"l": "Sweeteners, Other", "v": 0.23111757363216673}, {"l": "Honey", "v": 0.074287791524625002}]}, {"source": 13, "prod": 50.0, "target": 12, "value": 0.15160773780535716, "supply": [{"l": "Treenuts", "v": 0.15160773780535716}]}, {"source": 3, "prod": 7424.0, "target": 12, "value": 2.2677444617711342, "supply": [{"l": "Tomatoes", "v": 0.37808747662144504}, {"l": "Vegetables, Other", "v": 1.5118139075675447}, {"l": "Onions", "v": 0.37784307758214447}]}, {"source": 14, "prod": 67.0, "target": 12, "value": 0.23010685538013098, "supply": [{"l": "Nuts", "v": 0.15463989256146432}, {"l": "Infant food", "v": 0.075466962818666675}]}, {"source": 4, "prod": 258.0, "target": 12, "value": 0.075532020545234502, "supply": [{"l": "Sugar cane", "v": 0.075532020545234502}]}, {"source": 15, "prod": 5812.0, "target": 12, "value": 4.9894920208262539, "supply": [{"l": "Beer", "v": 1.058282652976515}, {"l": "Beverages, Alcoholic", "v": 1.7376367140435263}, {"l": "Wine", "v": 2.1927920229685585}, {"l": "Beverages, Fermented", "v": 0.00078063083765345608}]}, {"source": 5, "prod": 492.0, "target": 12, "value": 4.086344754771563, "supply": [{"l": "Fats, Animals, Raw", "v": 3.1043725189040412}, {"l": "Butter, Ghee", "v": 0.98197223586752214}]}, {"source": 6, "prod": 18457.0, "target": 12, "value": 17.990496984820467, "supply": [{"l": "Roots, Other", "v": 0.22714007046122017}, {"l": "Yams", "v": 0.22601845452279729}, {"l": "Potatoes", "v": 4.8384437295802893}, {"l": "Sweet potatoes", "v": 1.6631302049697987}, {"l": "Cassava", "v": 11.035764525286362}]}, {"source": 16, "prod": 2915.0, "target": 12, "value": 11.414081330113607, "supply": [{"l": "Peas", "v": 0.45188887010370971}, {"l": "Beans", "v": 10.201948567524123}, {"l": "Pulses, Other", "v": 0.76024389248577284}]}, {"source": 17, "prod": 8.0, "target": 12, "value": 0.0056824929057802719, "supply": [{"l": "Aquatic Products, Other", "v": 0.0028412464528901359}, {"l": "Aquatic Animals, Others", "v": 0.0028412464528901359}]}, {"source": 7, "prod": 2372.0, "target": 12, "value": 1.7139066049897282, "supply": [{"l": "Freshwater Fish", "v": 0.075148267874331084}, {"l": "Crustaceans", "v": 0.076410299853900007}, {"l": "Marine Fish, Other", "v": 0.076266400984118646}, {"l": "Demersal Fish", "v": 0.30214530334385298}, {"l": "Fish, Seafood", "v": 0.8322399776379481}, {"l": "Pelagic Fish", "v": 0.30288767509654052}, {"l": "Cephalopods", "v": 0.010246591934431035}, {"l": "Molluscs, Other", "v": 0.038562088264605852}]}, {"source": 10, "prod": 16554.0, "target": 12, "value": 10.187096215836098, "supply": [{"l": "Plantains", "v": 2.6456358821636452}, {"l": "Apples", "v": 0.30222382751437737}, {"l": "Grapes", "v": 0.30227446206571557}, {"l": "Dates", "v": 0.00051913201624475896}, {"l": "Pineapples", "v": 0.15104361599026744}, {"l": "Lemons, Limes", "v": 0.075614359230421882}, {"l": "Bananas", "v": 4.0070063840497907}, {"l": "Citrus, Other", "v": 0.052299999900000005}, {"l": "Fruits, Other", "v": 1.285459866281951}, {"l": "Grapefruit", "v": 0.15573777748000001}, {"l": "Oranges, Mandarines", "v": 1.209280909143684}]}, {"source": 9, "prod": 17792.0, "target": 12, "value": 62.899173301050517, "supply": [{"l": "Maize", "v": 13.681298842038009}, {"l": "Rye", "v": 0.07510414088203847}, {"l": "Barley", "v": 0.53273046895136489}, {"l": "Cereals, Other", "v": 0.22604713706778751}, {"l": "Rice", "v": 20.108172962314736}, {"l": "Wheat", "v": 28.047397424836515}, {"l": "Oats", "v": 0.22842232496007142}]}, {"source": 18, "prod": 1078.0, "target": 12, "value": 11.098517362712062, "supply": [{"l": "Maize Germ Oil", "v": 0.60491487384337506}, {"l": "Groundnut Oil", "v": 1.4293347230054434}, {"l": "Soyabean Oil", "v": 1.3550093174091602}, {"l": "Palm Oil", "v": 0.44572674914775001}, {"l": "Sunflowerseed Oil", "v": 3.1079586250098221}, {"l": "Olive Oil", "v": 0.15282059970780001}, {"l": "Coconut Oil", "v": 0.38028274232843751}, {"l": "Rape and Mustard Oil", "v": 0.29432115499280004}, {"l": "Oilcrops Oil, Other", "v": 0.0096477651330681823}, {"l": "Sesameseed Oil", "v": 0.44827375914288004}, {"l": "Cottonseed Oil", "v": 2.4904097730159998}, {"l": "Palmkernel Oil", "v": 0.37981727997552639}]}, {"source": 19, "prod": 11.0, "target": 12, "value": 0.024625437861411768, "supply": [{"l": "Pimento", "v": 0.0074912058680294122}, {"l": "Pepper", "v": 0.0046488888800000003}, {"l": "Spices, Other", "v": 0.012485343113382357}]}, {"source": 20, "prod": 1034.0, "target": 12, "value": 0.60516164554008278, "supply": [{"l": "Cocoa Beans", "v": 0.15217984247632077}, {"l": "Coffee", "v": 0.37751484024509546}, {"l": "Tea", "v": 0.075466962818666661}]}, {"source": 21, "prod": 620.0, "target": 12, "value": 0.90755528562103449, "supply": [{"l": "Eggs", "v": 0.90755528562103449}]}, {"source": 2, "prod": 787.0, "target": 12, "value": 2.3586743895297091, "supply": [{"l": "Olives", "v": 0.072771714146571437}, {"l": "Coconuts - Incl Copra", "v": 0.83170881939738894}, {"l": "Sesame seed", "v": 0.015436424212909092}, {"l": "Groundnuts", "v": 1.3562828224067252}, {"l": "Oilcrops, Other", "v": 0.0060643095122142861}, {"l": "Soyabeans", "v": 0.076410299853900007}]}, {"source": 2, "prod": 5347.0, "target": 22, "value": 24.0567054220881, "supply": [{"l": "Sunflower seed", "v": 4.5807588851807735}, {"l": "Coconuts - Incl Copra", "v": 0.68391935054416664}, {"l": "Soyabeans", "v": 2.08430317934805}, {"l": "Olives", "v": 0.22741160670803573}, {"l": "Sesame seed", "v": 0.71007551379381828}, {"l": "Cottonseed", "v": 5.081284940284351}, {"l": "Rape and Mustardseed", "v": 0.25470099951300001}, {"l": "Groundnuts", "v": 2.8653862445212503}, {"l": "Palm kernels", "v": 0.56458721558715008}, {"l": "Oilcrops, Other", "v": 5.9854734885555017}, {"l": "Oil Palm", "v": 1.0188039980520001}]}, {"source": 4, "prod": 86460.0, "target": 22, "value": 25.312009675740207, "supply": [{"l": "Sugar cane", "v": 24.899218400667415}, {"l": "Sugar beet", "v": 0.41279127507279312}]}, {"source": 6, "prod": 3.0, "target": 22, "value": 0.0030440689201782912, "supply": [{"l": "Cassava", "v": 0.0030440689201782912}]}, {"source": 8, "prod": 1.0, "target": 22, "value": 0.004146295340909302, "supply": [{"l": "Sugar", "v": 0.004146295340909302}]}, {"source": 15, "prod": 3.0, "target": 22, "value": 0.0023418925129603681, "supply": [{"l": "Wine", "v": 0.0023418925129603681}]}, {"source": 9, "prod": 563.0, "target": 22, "value": 1.6699854038401889, "supply": [{"l": "Maize", "v": 0.35994039672983563}, {"l": "Barley", "v": 1.1163246510186893}, {"l": "Rice", "v": 0.19372035609166413}]}, {"source": 10, "prod": 4741.0, "target": 22, "value": 3.4695392985240372, "supply": [{"l": "Apples", "v": 0.0010679287191320756}, {"l": "Grapes", "v": 3.468471369804905}]}, {"source": 0, "prod": 687.0, "target": 23, "value": 0.4489819769885115, "supply": [{"l": "Milk - Excluding Butter", "v": 0.4489819769885115}]}, {"source": 2, "prod": 370.0, "target": 23, "value": 1.6317709273032595, "supply": [{"l": "Cottonseed", "v": 1.0782342312716999}, {"l": "Oilcrops, Other", "v": 0.23044376146414292}, {"l": "Coconuts - Incl Copra", "v": 0.0047166851761666663}, {"l": "Palm kernels", "v": 0.31837624939125003}]}, {"source": 4, "prod": 11251.0, "target": 23, "value": 3.2938401672652451, "supply": [{"l": "Sugar cane", "v": 3.2938401672652451}]}, {"source": 5, "prod": 399.0, "target": 23, "value": 3.9558248986862816, "supply": [{"l": "Fats, Animals, Raw", "v": 2.9370209006342818}, {"l": "Fish, Body Oil", "v": 1.0188039980520001}]}, {"source": 6, "prod": 2037.0, "target": 23, "value": 2.0667833683277115, "supply": [{"l": "Potatoes", "v": 0.00087526116671134038}, {"l": "Cassava", "v": 2.0659081071609999}]}, {"source": 7, "prod": 30.0, "target": 23, "value": 0.021033866326148648, "supply": [{"l": "Fish, Seafood", "v": 0.010516933163074324}, {"l": "Molluscs, Other", "v": 0.010516933163074324}]}, {"source": 17, "prod": 87.0, "target": 23, "value": 0.061797110350360451, "supply": [{"l": "Aquatic Products, Other", "v": 0.031253710981791499}, {"l": "Aquatic Animals, Others", "v": 0.0021309348396676016}, {"l": "Aquatic Plants", "v": 0.028412464528901355}]}, {"source": 8, "prod": 14.0, "target": 23, "value": 0.058048134772730228, "supply": [{"l": "Sugar", "v": 0.058048134772730228}]}, {"source": 15, "prod": 690.0, "target": 23, "value": 0.55180124672035347, "supply": [{"l": "Alcohol, Non-Food", "v": 0.53473212379261748}, {"l": "Beverages, Alcoholic", "v": 0.017069122927736016}]}, {"source": 9, "prod": 71.0, "target": 23, "value": 0.25052526995617519, "supply": [{"l": "Maize", "v": 0.23520857608088266}, {"l": "Barley", "v": 0.002677037532418919}, {"l": "Wheat", "v": 0.012639656342873597}]}, {"source": 18, "prod": 126.0, "target": 23, "value": 1.2878168808531842, "supply": [{"l": "Olive Oil", "v": 0.0084900333171}, {"l": "Coconut Oil", "v": 0.026531354115937499}, {"l": "Cottonseed Oil", "v": 0.010376707387566665}, {"l": "Oilcrops Oil, Other", "v": 0.59816143825022738}, {"l": "Soyabean Oil", "v": 0.040752159922080013}, {"l": "Palm Oil", "v": 0.053062708231874998}, {"l": "Palmkernel Oil", "v": 0.44684385879473687}, {"l": "Sunflowerseed Oil", "v": 0.10359862083366073}]}, {"source": 11, "prod": 376.0, "target": 23, "value": 0.50770013909481126, "supply": [{"l": "Pigmeat", "v": 0.01952322336156127}, {"l": "Offals, Edible", "v": 0.48817691573325001}]}, {"source": 2, "prod": 255.0, "target": 2, "value": 1.2061084668497095, "supply": [{"l": "Soyabeans", "v": 0.14857558304925}, {"l": "Sunflower seed", "v": 0.038591060532272729}, {"l": "Sesame seed", "v": 0.007718212106454546}, {"l": "Cottonseed", "v": 0.62401744880685006}, {"l": "Groundnuts", "v": 0.23559842454952501}, {"l": "Oilcrops, Other", "v": 0.15160773780535716}]}, {"source": 3, "prod": 18.0, "target": 3, "value": 0.0053452465794963273, "supply": [{"l": "Vegetables, Other", "v": 0.0053452465794963273}]}, {"source": 4, "prod": 283.0, "target": 4, "value": 0.082851014784113788, "supply": [{"l": "Sugar cane", "v": 0.082851014784113788}]}, {"source": 6, "prod": 1495.0, "target": 6, "value": 1.3432485822119185, "supply": [{"l": "Potatoes", "v": 1.0993280253894435}, {"l": "Yams", "v": 0.01262031979568919}, {"l": "Roots, Other", "v": 0.038965451418033592}, {"l": "Sweet potatoes", "v": 0.19233478560875222}]}, {"source": 16, "prod": 213.0, "target": 16, "value": 0.83394801705667976, "supply": [{"l": "Beans", "v": 0.68456326660917244}, {"l": "Peas", "v": 0.045188887010370972}, {"l": "Pulses, Other", "v": 0.10419586343713638}]}, {"source": 9, "prod": 2170.0, "target": 9, "value": 7.139863769429609, "supply": [{"l": "Maize", "v": 1.5252919782214815}, {"l": "Oats", "v": 0.32747271365957142}, {"l": "Rye", "v": 0.49960580673703847}, {"l": "Barley", "v": 0.38817044220074315}, {"l": "Rice", "v": 1.3043837310172051}, {"l": "Sorghum", "v": 0.16237188718953749}, {"l": "Cereals, Other", "v": 0.0095512874817375009}, {"l": "Wheat", "v": 2.9102808729466458}, {"l": "Millet", "v": 0.012735049975650002}]}, {"source": 21, "prod": 38.0, "target": 21, "value": 0.055624356215482756, "supply": [{"l": "Eggs", "v": 0.055624356215482756}]}, {"source": 0, "prod": 656.0, "target": 24, "value": 0.42872223712440105, "supply": [{"l": "Milk - Excluding Butter", "v": 0.42872223712440105}]}, {"source": 2, "prod": 212.0, "target": 24, "value": 0.89498080290235194, "supply": [{"l": "Olives", "v": 0.0030321547561071431}, {"l": "Sunflower seed", "v": 0.023154636319363639}, {"l": "Coconuts - Incl Copra", "v": 0.12577827136444447}, {"l": "Sesame seed", "v": 0.007718212106454546}, {"l": "Cottonseed", "v": 0.0084900333171}, {"l": "Groundnuts", "v": 0.108247924793025}, {"l": "Oilcrops, Other", "v": 0.57610940366035723}, {"l": "Soyabeans", "v": 0.0084900333171}, {"l": "Rape and Mustardseed", "v": 0.0084900333171}, {"l": "Palm kernels", "v": 0.025470099951300004}]}, {"source": 3, "prod": 987.0, "target": 24, "value": 0.29915133242958292, "supply": [{"l": "Tomatoes", "v": 0.050930164402225177}, {"l": "Vegetables, Other", "v": 0.20430720259408186}, {"l": "Onions", "v": 0.043913965433275866}]}, {"source": 15, "prod": 27.0, "target": 24, "value": 0.021077032616643315, "supply": [{"l": "Wine", "v": 0.021077032616643315}]}, {"source": 4, "prod": 13725.0, "target": 24, "value": 4.0181278371447418, "supply": [{"l": "Sugar cane", "v": 4.0181278371447418}]}, {"source": 5, "prod": 1.0, "target": 24, "value": 0.0083675809134879826, "supply": [{"l": "Fats, Animals, Raw", "v": 0.0083675809134879826}]}, {"source": 6, "prod": 4238.0, "target": 24, "value": 4.1982417451553697, "supply": [{"l": "Roots, Other", "v": 0.035163943962615678}, {"l": "Yams", "v": 0.034419053988243242}, {"l": "Potatoes", "v": 0.67570162070115469}, {"l": "Sweet potatoes", "v": 0.29930172519864651}, {"l": "Cassava", "v": 3.1536554013047091}]}, {"source": 16, "prod": 97.0, "target": 24, "value": 0.37966372254164166, "supply": [{"l": "Peas", "v": 0.012324241911919356}, {"l": "Beans", "v": 0.34032573825713142}, {"l": "Pulses, Other", "v": 0.027013742372590913}]}, {"source": 8, "prod": 30.0, "target": 24, "value": 0.1242490778306197, "supply": [{"l": "Sugar", "v": 0.082925906818186054}, {"l": "Sugar non-centrifugal", "v": 0.041323171012433636}]}, {"source": 9, "prod": 2818.0, "target": 24, "value": 10.181326640784556, "supply": [{"l": "Maize", "v": 5.6271869944199056}, {"l": "Rye", "v": 0.019592384577923075}, {"l": "Barley", "v": 0.099050388699499975}, {"l": "Cereals, Other", "v": 0.0063675249878250009}, {"l": "Rice", "v": 2.5398891132018182}, {"l": "Wheat", "v": 1.7000337781164989}, {"l": "Oats", "v": 0.036385857073285711}, {"l": "Sorghum", "v": 0.12098297476867501}, {"l": "Millet", "v": 0.031837624939125002}]}, {"source": 19, "prod": 1.0, "target": 24, "value": 0.0011622222200000001, "supply": [{"l": "Pepper", "v": 0.0011622222200000001}]}, {"source": 20, "prod": 41.0, "target": 24, "value": 0.04073826507343583, "supply": [{"l": "Cocoa Beans", "v": 0.030435968495264153}, {"l": "Coffee", "v": 0.0081011768292938938}, {"l": "Tea", "v": 0.002201119748877778}]}, {"source": 21, "prod": 29.0, "target": 24, "value": 0.0424501665855, "supply": [{"l": "Eggs", "v": 0.0424501665855}]}, {"source": 10, "prod": 3201.0, "target": 24, "value": 1.9994401641824928, "supply": [{"l": "Plantains", "v": 0.26743604948865002}, {"l": "Fruits, Other", "v": 0.25517563449928099}, {"l": "Citrus, Other", "v": 0.0023244444400000001}, {"l": "Grapefruit", "v": 0.017433333299999999}, {"l": "Grapes", "v": 0.062211451030474138}, {"l": "Apples", "v": 0.050726614158773595}, {"l": "Lemons, Limes", "v": 0.0095512874817375009}, {"l": "Pineapples", "v": 0.034223390115441864}, {"l": "Bananas", "v": 1.1515528623190574}, {"l": "Oranges, Mandarines", "v": 0.14880509734907757}]}, {"source": 11, "prod": 70.0, "target": 24, "value": 0.1414648393390715, "supply": [{"l": "Pigmeat", "v": 0.0024404029201951587}, {"l": "Meat, Other", "v": 0.0074912058680294122}, {"l": "Poultry Meat", "v": 0.0017736838406197772}, {"l": "Offals, Edible", "v": 0.0092859739405781253}, {"l": "Bovine Meat", "v": 0.12047357276964903}]}, {"source": 25, "prod": 28.0, "target": 14, "value": 0.11185281989195239, "supply": [{"l": "Infant food", "v": 0.075466962818666675}, {"l": "Nuts", "v": 0.036385857073285718}]}, {"source": 25, "prod": 1617.0, "target": 1, "value": 1.1951594641227206, "supply": [{"l": "Meat, Other", "v": 0.0012485343113382355}, {"l": "Crustaceans", "v": 0.0010612541646375}, {"l": "Eggs", "v": 0.002927597695551724}, {"l": "Mutton & Goat Meat", "v": 0.01978260190392233}, {"l": "Pigmeat", "v": 0.024404029201951588}, {"l": "Milk - Excluding Butter", "v": 0.64569751566906741}, {"l": "Pelagic Fish", "v": 0.14777247178952432}, {"l": "Fish, Seafood", "v": 0.20052285897595046}, {"l": "Cephalopods", "v": 0.001463798847775862}, {"l": "Molluscs, Other", "v": 0.00070112887753828832}, {"l": "Poultry Meat", "v": 0.0017736838406197772}, {"l": "Offals, Edible", "v": 0.0053062708231875}, {"l": "Demersal Fish", "v": 0.076784860147301487}, {"l": "Bovine Meat", "v": 0.065712857874354005}]}, {"source": 25, "prod": 5382.0, "target": 9, "value": 16.926938954894645, "supply": [{"l": "Maize", "v": 0.32073896738302182}, {"l": "Barley", "v": 0.5969793697294189}, {"l": "Rice", "v": 0.30134277614258864}, {"l": "Cereals, Other", "v": 0.13690178723823751}, {"l": "Wheat", "v": 15.36034237067714}, {"l": "Oats", "v": 0.15969348382164283}, {"l": "Sorghum", "v": 0.050940199902600007}]}, {"source": 25, "prod": 76.0, "target": 16, "value": 0.30121675960541761, "supply": [{"l": "Pulses, Other", "v": 0.05788659079840909}, {"l": "Peas", "v": 0.098593935295354845}, {"l": "Beans", "v": 0.14473623351165363}]}, {"source": 25, "prod": 570.0, "target": 22, "value": 4.0988200904139855, "supply": [{"l": "Sugar", "v": 0.94120904238641179}, {"l": "Beer", "v": 0.00084900333171000005}, {"l": "Groundnut Oil", "v": 0.10209533735753165}, {"l": "Beverages, Alcoholic", "v": 0.054621193368755254}, {"l": "Fats, Animals, Raw", "v": 1.2049316515422694}, {"l": "Soyabean Oil", "v": 0.47883787908444009}, {"l": "Butter, Ghee", "v": 0.13796304140287499}, {"l": "Palm Oil", "v": 0.053062708231874998}, {"l": "Sunflowerseed Oil", "v": 0.26935641416751788}, {"l": "Olive Oil", "v": 0.10188039980520001}, {"l": "Coconut Oil", "v": 0.035375138821250006}, {"l": "Rape and Mustard Oil", "v": 0.011320044422799999}, {"l": "Oilcrops Oil, Other", "v": 0.10612541646375}, {"l": "Wine", "v": 0.0054644158635741924}, {"l": "Sweeteners, Other", "v": 0.014150055528500001}, {"l": "Beverages, Fermented", "v": 0.00078063083765345608}, {"l": "Fish, Body Oil", "v": 0.38205149926949999}, {"l": "Cottonseed Oil", "v": 0.17640402558863333}, {"l": "Palmkernel Oil", "v": 0.022342192939736844}]}, {"source": 25, "prod": 11.0, "target": 13, "value": 0.033353702317178574, "supply": [{"l": "Treenuts", "v": 0.033353702317178574}]}, {"source": 25, "prod": 55.0, "target": 3, "value": 0.018325247125750357, "supply": [{"l": "Tomatoes", "v": 0.0022579875843351063}, {"l": "Vegetables, Other", "v": 0.0092057024424658969}, {"l": "Onions", "v": 0.0068615570989493547}]}, {"source": 25, "prod": 103.0, "target": 20, "value": 0.075338113912562732, "supply": [{"l": "Cocoa Beans", "v": 0.041649220046150945}, {"l": "Coffee", "v": 0.022683295122022905}, {"l": "Tea", "v": 0.011005598744388889}]}, {"source": 25, "prod": 498.0, "target": 10, "value": 0.3124450223323092, "supply": [{"l": "Plantains", "v": 0.0029715116609850003}, {"l": "Grapes", "v": 0.030739775803293106}, {"l": "Apples", "v": 0.066745544945754728}, {"l": "Pineapples", "v": 0.0032907105880232556}, {"l": "Bananas", "v": 0.16613031429263839}, {"l": "Fruits, Other", "v": 0.038326775142184494}, {"l": "Grapefruit", "v": 0.0023244444400000001}, {"l": "Oranges, Mandarines", "v": 0.0019159454594301834}]}, {"source": 25, "prod": 312.0, "target": 2, "value": 0.6063472351641892, "supply": [{"l": "Olives", "v": 0.039418011829392863}, {"l": "Coconuts - Incl Copra", "v": 0.42292943746294442}, {"l": "Sesame seed", "v": 0.015436424212909092}, {"l": "Groundnuts", "v": 0.012735049975650002}, {"l": "Oilcrops, Other", "v": 0.018192928536642859}, {"l": "Soyabeans", "v": 0.097635383146650004}]}, {"source": 25, "prod": 7.0, "target": 19, "value": 0.014809787553382357, "supply": [{"l": "Pepper", "v": 0.0023244444400000001}, {"l": "Spices, Other", "v": 0.012485343113382357}]}, {"source": 25, "prod": 108.0, "target": 6, "value": 0.094817865872459134, "supply": [{"l": "Roots, Other", "v": 0.0019007537277089554}, {"l": "Potatoes", "v": 0.091902422504690745}, {"l": "Cassava", "v": 0.0010146896400594304}]}, {"source": 0, "prod": 78.0, "target": 26, "value": 0.050976119658084275, "supply": [{"l": "Milk - Excluding Butter", "v": 0.050976119658084275}]}, {"source": 11, "prod": 1001.0, "target": 26, "value": 2.0904291329868516, "supply": [{"l": "Mutton & Goat Meat", "v": 0.15331516475539805}, {"l": "Meat, Other", "v": 0.10487688215241178}, {"l": "Pigmeat", "v": 0.017082820441366112}, {"l": "Offals, Edible", "v": 0.065001817584046884}, {"l": "Bovine Meat", "v": 1.7501524480536288}]}, {"source": 8, "prod": 2162.0, "target": 26, "value": 8.9478534276587354, "supply": [{"l": "Sugar", "v": 8.8523405528413601}, {"l": "Honey", "v": 0.095512874817374999}]}, {"source": 13, "prod": 37.0, "target": 26, "value": 0.1121897259759643, "supply": [{"l": "Treenuts", "v": 0.1121897259759643}]}, {"source": 3, "prod": 71.0, "target": 26, "value": 0.024887917015441428, "supply": [{"l": "Tomatoes", "v": 0.0020071000749645389}, {"l": "Vegetables, Other", "v": 0.010987451302298008}, {"l": "Onions", "v": 0.011893365638178881}]}, {"source": 14, "prod": 37.0, "target": 26, "value": 0.1121897259759643, "supply": [{"l": "Nuts", "v": 0.1121897259759643}]}, {"source": 4, "prod": 45.0, "target": 26, "value": 0.01317418962998276, "supply": [{"l": "Sugar cane", "v": 0.01317418962998276}]}, {"source": 15, "prod": 15.0, "target": 26, "value": 0.04067459379163306, "supply": [{"l": "Beverages, Alcoholic", "v": 0.037552070441019235}, {"l": "Wine", "v": 0.0031225233506138243}]}, {"source": 5, "prod": 345.0, "target": 26, "value": 5.5339482579425932, "supply": [{"l": "Fats, Animals, Raw", "v": 1.1128882614939017}, {"l": "Butter, Ghee", "v": 0.048692838142191185}, {"l": "Fish, Body Oil", "v": 4.3723671583065}]}, {"source": 6, "prod": 151.0, "target": 26, "value": 0.15167760612834558, "supply": [{"l": "Yams", "v": 0.0011473017996081081}, {"l": "Potatoes", "v": 0.010503134000536086}, {"l": "Cassava", "v": 0.14002717032820139}]}, {"source": 16, "prod": 42.0, "target": 26, "value": 0.1642662927375369, "supply": [{"l": "Pulses, Other", "v": 0.030872848425818184}, {"l": "Peas", "v": 0.0082161612746129049}, {"l": "Beans", "v": 0.12517728303710582}]}, {"source": 17, "prod": 59.0, "target": 26, "value": 0.041908385180129501, "supply": [{"l": "Aquatic Products, Other", "v": 0.023440283236343618}, {"l": "Aquatic Plants", "v": 0.018468101943785883}]}, {"source": 7, "prod": 18812.0, "target": 26, "value": 15.228084107798797, "supply": [{"l": "Meat, Aquatic Mammals", "v": 0.0049079021427680175}, {"l": "Crustaceans", "v": 0.047756437408687499}, {"l": "Freshwater Fish", "v": 0.0028682544990202702}, {"l": "Pelagic Fish", "v": 8.5717212052320981}, {"l": "Fish, Seafood", "v": 6.5920137066149858}, {"l": "Molluscs, Other", "v": 0.00070112887753828832}, {"l": "Demersal Fish", "v": 0.0081154730236985308}]}, {"source": 10, "prod": 2551.0, "target": 26, "value": 1.6160170141188317, "supply": [{"l": "Plantains", "v": 0.018819573852904999}, {"l": "Grapes", "v": 0.014637988477758624}, {"l": "Apples", "v": 0.14150055528500002}, {"l": "Lemons, Limes", "v": 0.000265313541159375}, {"l": "Pineapples", "v": 0.0069104922348488373}, {"l": "Bananas", "v": 1.267986074045522}, {"l": "Fruits, Other", "v": 0.049421367946501052}, {"l": "Grapefruit", "v": 0.010459999980000001}, {"l": "Oranges, Mandarines", "v": 0.1060156487551368}]}, {"source": 9, "prod": 8224.0, "target": 26, "value": 28.018396510821667, "supply": [{"l": "Maize", "v": 16.959963841953346}, {"l": "Rye", "v": 0.0097961922889615374}, {"l": "Barley", "v": 0.27038079077431082}, {"l": "Rice", "v": 1.3861767702559078}, {"l": "Cereals, Other", "v": 0.095512874817374999}, {"l": "Wheat", "v": 6.5915807828085811}, {"l": "Oats", "v": 0.40630873731835715}, {"l": "Sorghum", "v": 1.6205351094014626}, {"l": "Millet", "v": 0.67814141120336258}]}, {"source": 18, "prod": 553.0, "target": 26, "value": 5.4444473033993326, "supply": [{"l": "Groundnut Oil", "v": 0.7146673615027217}, {"l": "Palm Oil", "v": 0.063675249878250004}, {"l": "Sunflowerseed Oil", "v": 0.83914882875265195}, {"l": "Olive Oil", "v": 0.084900333171}, {"l": "Oilcrops Oil, Other", "v": 3.5696730992352275}, {"l": "Cottonseed Oil", "v": 0.083013659100533321}, {"l": "Palmkernel Oil", "v": 0.089368771758947377}]}, {"source": 19, "prod": 10.0, "target": 26, "value": 0.011622222200000001, "supply": [{"l": "Pepper", "v": 0.011622222200000001}]}, {"source": 20, "prod": 1769.0, "target": 26, "value": 1.1499499019836241, "supply": [{"l": "Cocoa Beans", "v": 0.30916536418873586}, {"l": "Coffee", "v": 0.82632003658797715}, {"l": "Tea", "v": 0.014464501206911111}]}, {"source": 21, "prod": 1.0, "target": 26, "value": 0.001463798847775862, "supply": [{"l": "Eggs", "v": 0.001463798847775862}]}, {"source": 2, "prod": 353.0, "target": 26, "value": 1.5528797735579991, "supply": [{"l": "Olives", "v": 0.027289392804964292}, {"l": "Coconuts - Incl Copra", "v": 0.0047166851761666663}, {"l": "Sesame seed", "v": 0.030872848425818184}, {"l": "Cottonseed", "v": 0.00424501665855}, {"l": "Groundnuts", "v": 0.10188039980520001}, {"l": "Oilcrops, Other", "v": 0.084900333171000014}, {"l": "Soyabeans", "v": 1.2989750975162999}]}, {"source": 15, "prod": 769.0, "target": 27, "value": 0.6003051141555078, "supply": [{"l": "Wine", "v": 0.6003051141555078}]}, {"source": 28, "prod": 55.0, "target": 2, "value": 0.20674803355530558, "supply": [{"l": "Soyabeans", "v": 0.17404568300055001}, {"l": "Coconuts - Incl Copra", "v": 0.015722283920555559}, {"l": "Cottonseed", "v": 0.0169800666342}]}, {"source": 5, "prod": 70.0, "target": 27, "value": 1.4857558304925, "supply": [{"l": "Fish, Body Oil", "v": 1.4857558304925}]}, {"source": 16, "prod": 22.0, "target": 27, "value": 0.086059382088010242, "supply": [{"l": "Beans", "v": 0.086059382088010242}]}, {"source": 28, "prod": 45.0, "target": 20, "value": 0.02430353048788168, "supply": [{"l": "Coffee", "v": 0.02430353048788168}]}, {"source": 9, "prod": 4171.0, "target": 27, "value": 13.798681079150583, "supply": [{"l": "Maize", "v": 5.7697376465901371}, {"l": "Oats", "v": 0.51748774504228567}, {"l": "Rye", "v": 0.29388576866884614}, {"l": "Barley", "v": 0.32659857895510813}, {"l": "Rice", "v": 1.1494074461438739}, {"l": "Wheat", "v": 5.7415638937503317}]}, {"source": 7, "prod": 2228.0, "target": 27, "value": 1.8035329333883992, "supply": [{"l": "Fish, Seafood", "v": 0.78105756957765304}, {"l": "Pelagic Fish", "v": 1.022475363810746}]}, {"source": 28, "prod": 2.0, "target": 1, "value": 0.00130707999123293, "supply": [{"l": "Milk - Excluding Butter", "v": 0.00130707999123293}]}, {"source": 28, "prod": 1.0, "target": 19, "value": 0.0011622222200000001, "supply": [{"l": "Pepper", "v": 0.0011622222200000001}]}, {"source": 18, "prod": 34.0, "target": 27, "value": 0.35223531083444648, "supply": [{"l": "Sunflowerseed Oil", "v": 0.35223531083444648}]}, {"source": 2, "prod": 238.0, "target": 27, "value": 1.3886166181241222, "supply": [{"l": "Olives", "v": 0.018192928536642859}, {"l": "Sunflower seed", "v": 0.10419586343713638}, {"l": "Groundnuts", "v": 0.48393189907470002}, {"l": "Oilcrops, Other", "v": 0.78229592707564288}]}, {"source": 20, "prod": 15.0, "target": 27, "value": 0.024028396180471701, "supply": [{"l": "Cocoa Beans", "v": 0.024028396180471701}]}, {"source": 8, "prod": 230.0, "target": 27, "value": 0.95421831824439696, "supply": [{"l": "Sugar", "v": 0.94950163306823032}, {"l": "Sweeteners, Other", "v": 0.0047166851761666672}]}, {"source": 28, "prod": 157.0, "target": 22, "value": 1.5098510701570738, "supply": [{"l": "Coconut Oil", "v": 0.035375138821250006}, {"l": "Maize Germ Oil", "v": 0.116737958110125}, {"l": "Groundnut Oil", "v": 0.18377160724355701}, {"l": "Oilcrops Oil, Other", "v": 0.60780920338329547}, {"l": "Fats, Animals, Raw", "v": 0.04183790456743991}, {"l": "Soyabean Oil", "v": 0.071316279863640017}, {"l": "Honey", "v": 0.0070750277642500003}, {"l": "Cottonseed Oil", "v": 0.42544500289023335}, {"l": "Beverages, Alcoholic", "v": 0.020482947513283216}]}, {"source": 28, "prod": 22.0, "target": 9, "value": 0.070042774866075005, "supply": [{"l": "Cereals, Other", "v": 0.0063675249878250009}, {"l": "Millet", "v": 0.063675249878250004}]}, {"source": 1, "prod": 18181.0, "target": 0, "value": 11.882010660302949, "supply": [{"l": "Milk - Excluding Butter", "v": 11.882010660302949}]}, {"source": 1, "prod": 650.0, "target": 21, "value": 0.95146925105431035, "supply": [{"l": "Eggs", "v": 1.0070936072697931}]}, {"source": 1, "prod": 8758.0, "target": 11, "value": 18.293786651247732, "supply": [{"l": "Pigmeat", "v": 2.9138410867130191}, {"l": "Bovine Meat", "v": 11.624604557973225}, {"l": "Poultry Meat", "v": 1.1351576579966574}, {"l": "Offals, Edible", "v": 1.293403513151953}, {"l": "Meat, Other", "v": 0.26593780831504416}, {"l": "Mutton & Goat Meat", "v": 1.0608420270978349}]}, {"source": 1, "prod": 24603.0, "target": 7, "value": 19.664867451324533, "supply": [{"l": "Pelagic Fish", "v": 10.300016636161754}, {"l": "Crustaceans", "v": 0.12416673726258751}, {"l": "Freshwater Fish", "v": 0.078016522373351355}, {"l": "Molluscs, Other", "v": 0.049780150305218464}, {"l": "Meat, Aquatic Mammals", "v": 0.0049079021427680175}, {"l": "Demersal Fish", "v": 0.3982824453168971}, {"l": "Fish, Seafood", "v": 8.6231840648434073}, {"l": "Marine Fish, Other", "v": 0.076266400984118646}, {"l": "Cephalopods", "v": 0.010246591934431035}]}, {"source": 1, "prod": 154.0, "target": 17, "value": 0.10938798843627022, "supply": [{"l": "Aquatic Plants", "v": 0.046880566472687235}, {"l": "Aquatic Products, Other", "v": 0.057535240671025251}, {"l": "Aquatic Animals, Others", "v": 0.0049721812925577376}]}, {"source": 22, "prod": 9084.0, "target": 8, "value": 37.652447224283272, "supply": [{"l": "Honey", "v": 0.169800666342}, {"l": "Sweeteners, Other", "v": 0.23583425880833339}, {"l": "Sugar non-centrifugal", "v": 3.4876756334493981}, {"l": "Sugar", "v": 33.759136665683542}]}, {"source": 22, "prod": 1791.0, "target": 18, "value": 18.183016857799025, "supply": [{"l": "Olive Oil", "v": 0.24621096619589999}, {"l": "Sesameseed Oil", "v": 0.44827375914288004}, {"l": "Soyabean Oil", "v": 1.3957614773312401}, {"l": "Coconut Oil", "v": 0.406814096444375}, {"l": "Cottonseed Oil", "v": 2.5838001395040999}, {"l": "Rape and Mustard Oil", "v": 0.29432115499280004}, {"l": "Maize Germ Oil", "v": 0.60491487384337506}, {"l": "Groundnut Oil", "v": 2.1440020845081653}, {"l": "Palm Oil", "v": 0.56246470725787501}, {"l": "Palmkernel Oil", "v": 0.91602991052921068}, {"l": "Oilcrops Oil, Other", "v": 4.1774823026185235}, {"l": "Sunflowerseed Oil", "v": 4.402941385430581}]}, {"source": 22, "prod": 7316.0, "target": 15, "value": 6.2056919006233526, "supply": [{"l": "Beer", "v": 1.058282652976515}, {"l": "Beverages, Alcoholic", "v": 1.7922579074122815}, {"l": "Alcohol, Non-Food", "v": 0.53473212379261748}, {"l": "Beverages, Fermented", "v": 0.00078063083765345608}, {"l": "Wine", "v": 2.8196385856042836}]}, {"source": 22, "prod": 1317.0, "target": 5, "value": 15.256272935195824, "supply": [{"l": "Fats, Animals, Raw", "v": 7.1626492619457132}, {"l": "Fish, Body Oil", "v": 7.0467276531929999}, {"l": "Butter, Ghee", "v": 1.0468960200571105}]}, {"source": 2, "prod": 7193.0, "target": 29, "value": 26.193430248938927, "supply": [{"l": "Coconuts - Incl Copra", "v": 3.1763533272599997}, {"l": "Sesame seed", "v": 0.62759999880000006}, {"l": "Groundnuts", "v": 2.81548332795}, {"l": "Oilcrops, Other", "v": 6.417957130585715}, {"l": "Soyabeans", "v": 3.0333999941999998}, {"l": "Palm kernels", "v": 0.74614666524000006}, {"l": "Sunflower seed", "v": 3.8971424167909099}, {"l": "Cottonseed", "v": 5.5751799893400005}, {"l": "Olives", "v": 0.28017857089285719}, {"l": "Rape and Mustardseed", "v": 0.21617333292000002}]}, {"source": 3, "prod": 8514.0, "target": 29, "value": 30.530445707869706, "supply": [{"l": "Onions", "v": 3.2792099937300003}, {"l": "Vegetables, Other", "v": 20.43012329427}, {"l": "Tomatoes", "v": 5.97614665524}]}, {"source": 4, "prod": 50593.800000000003, "target": 29, "value": 176.40371566270801, "supply": [{"l": "Sugar beet", "v": 1.9706639962320001}, {"l": "Sugar cane", "v": 174.43305166647602}]}, {"source": 6, "prod": 21274.0, "target": 29, "value": 72.432128294331605, "supply": [{"l": "Roots, Other", "v": 0.55960999893000007}, {"l": "Yams", "v": 0.51689833234500004}, {"l": "Potatoes", "v": 13.441099974299998}, {"l": "Sweet potatoes", "v": 5.2526633232900002}, {"l": "Cassava", "v": 54.405074895975005}]}, {"source": 16, "prod": 3251.5, "target": 29, "value": 11.346058470395167, "supply": [{"l": "Pulses, Other", "v": 0.80716333178999999}, {"l": "Beans", "v": 10.13050998063}, {"l": "Peas", "v": 0.39922333257000003}]}, {"source": 9, "prod": 95196.0, "target": 29, "value": 363.3444806499449, "supply": [{"l": "Sorghum", "v": 12.33233997642}, {"l": "Wheat", "v": 84.321546505440011}, {"l": "Oats", "v": 6.3108666546000007}, {"l": "Maize", "v": 171.99726633779997}, {"l": "Barley", "v": 8.8317266497800002}, {"l": "Cereals, Other", "v": 0.75311999855999989}, {"l": "Rye", "v": 2.6533533282600001}, {"l": "Rice", "v": 43.084739917619999}, {"l": "Millet", "v": 1.6317599968800001}]}, {"source": 30, "prod": 0, "target": 2, "value": 0.00039219394980122686, "supply": "[{\"l\":'Energy for power irrigation',\"v\":0.00039219394980122686}]"}, {"source": 30, "prod": 0, "target": 13, "value": 4.3002565463204621e-06, "supply": "[{\"l\":'Energy for power irrigation',\"v\":4.3002565463204621e-06}]"}, {"source": 30, "prod": 0, "target": 3, "value": 0.00044923170840947748, "supply": "[{\"l\":'Energy for power irrigation',\"v\":0.00044923170840947748}]"}, {"source": 30, "prod": 0, "target": 4, "value": 0.0066738134862953423, "supply": "[{\"l\":'Energy for power irrigation',\"v\":0.0066738134862953423}]"}, {"source": 30, "prod": 0, "target": 6, "value": 0.002244997736599301, "supply": "[{\"l\":'Energy for power irrigation',\"v\":0.002244997736599301}]"}, {"source": 30, "prod": 0, "target": 16, "value": 0.00017156176883878504, "supply": "[{\"l\":'Energy for power irrigation',\"v\":0.00017156176883878504}]"}, {"source": 30, "prod": 0, "target": 14, "value": 4.7487495603538837e-06, "supply": "[{\"l\":'Energy for power irrigation',\"v\":4.7487495603538837e-06}]"}, {"source": 30, "prod": 0, "target": 9, "value": 0.0025114553508191573, "supply": "[{\"l\":'Energy for power irrigation',\"v\":0.0025114553508191573}]"}, {"source": 30, "prod": 0, "target": 19, "value": 8.9698602806684475e-07, "supply": "[{\"l\":'Energy for power irrigation',\"v\":8.9698602806684475e-07}]"}, {"source": 30, "prod": 0, "target": 20, "value": 0.00014697379889295272, "supply": "[{\"l\":'Energy for power irrigation',\"v\":0.00014697379889295272}]"}, {"source": 30, "prod": 0, "target": 10, "value": 0.0014328824159527806, "supply": "[{\"l\":'Energy for power irrigation',\"v\":0.0014328824159527806}]"}, {"source": 30, "prod": 0, "target": 22, "value": 0.50819983999836804, "supply": "[{\"l\":'Electricity',\"v\":0.50819983999836804}]"}, {"source": 31, "prod": 0, "target": 30, "value": 0.59945597112963311, "supply": [{"l": "Coal", "v": 0.038354182110714924}, {"l": "Natural gas", "v": 0.14821274725193731}, {"l": "Oil", "v": 0.41288904176698088}]}, {"source": 32, "prod": 0, "target": 30, "value": 0.29059778791986551, "supply": [{"l": "Nuclear", "v": 0.0}, {"l": "Hydroelectric", "v": 0.28414521033254075}, {"l": "Renewable", "v": 0.0064525775873247645}]}, {"source": 31, "prod": 0, "target": 2, "value": 0.63693441436105769, "supply": [{"l": "Motor Gasoline", "v": 0.0033245019649118597}, {"l": "Gas-Diesel oil", "v": 0.37165483941826216}, {"l": "Natural gas (including LNG)", "v": 0.013616820533483464}, {"l": "Fuel oil", "v": 0.23501876613351225}, {"l": "Liquefied petroleum gas (LPG)", "v": 0.00036720388325756428}, {"l": "Coal", "v": 0.012952282427630451}]}, {"source": 31, "prod": 0, "target": 13, "value": 0.0069837420651723669, "supply": [{"l": "Motor Gasoline", "v": 3.6451891583521673e-05}, {"l": "Gas-Diesel oil", "v": 0.0040750530623689446}, {"l": "Natural gas (including LNG)", "v": 0.00014930322527632214}, {"l": "Fuel oil", "v": 0.0025768908166125724}, {"l": "Liquefied petroleum gas (LPG)", "v": 4.0262500316818907e-06}, {"l": "Coal", "v": 0.00014201681929932488}]}, {"source": 31, "prod": 0, "target": 3, "value": 0.72956539807211707, "supply": [{"l": "Motor Gasoline", "v": 0.003807992698676117}, {"l": "Gas-Diesel oil", "v": 0.42570554322710674}, {"l": "Natural gas (including LNG)", "v": 0.015597149202485972}, {"l": "Fuel oil", "v": 0.26919814003238579}, {"l": "Liquefied petroleum gas (LPG)", "v": 0.00042060727324833887}, {"l": "Coal", "v": 0.014835965638214136}]}, {"source": 31, "prod": 0, "target": 4, "value": 10.838467769844101, "supply": [{"l": "Motor Gasoline", "v": 0.056571770318968671}, {"l": "Gas-Diesel oil", "v": 6.3243073505178495}, {"l": "Natural gas (including LNG)", "v": 0.2317121938339014}, {"l": "Fuel oil", "v": 3.999223883359913}, {"l": "Liquefied petroleum gas (LPG)", "v": 0.0062485671427272155}, {"l": "Coal", "v": 0.22040400467074178}]}, {"source": 31, "prod": 0, "target": 6, "value": 3.6459418084534221, "supply": [{"l": "Motor Gasoline", "v": 0.019030123718965401}, {"l": "Gas-Diesel oil", "v": 2.1274277018119494}, {"l": "Natural gas (including LNG)", "v": 0.077945443301312325}, {"l": "Fuel oil", "v": 1.3452950977329048}, {"l": "Liquefied petroleum gas (LPG)", "v": 0.0021019495257423447}, {"l": "Coal", "v": 0.074141492362548161}]}, {"source": 31, "prod": 0, "target": 16, "value": 0.27862131687003622, "supply": [{"l": "Motor Gasoline", "v": 0.0014542739323168184}, {"l": "Gas-Diesel oil", "v": 0.16257711696064567}, {"l": "Natural gas (including LNG)", "v": 0.0059565575090302011}, {"l": "Fuel oil", "v": 0.1028068771805617}, {"l": "Liquefied petroleum gas (LPG)", "v": 0.00016063008561979959}, {"l": "Coal", "v": 0.0056658612018620222}]}, {"source": 31, "prod": 0, "target": 14, "value": 0.0077121078020308343, "supply": [{"l": "Motor Gasoline", "v": 4.025362260756994e-05}, {"l": "Gas-Diesel oil", "v": 0.0045000585964810429}, {"l": "Natural gas (including LNG)", "v": 0.00016487472729900603}, {"l": "Fuel oil", "v": 0.0028456463005537606}, {"l": "Liquefied petroleum gas (LPG)", "v": 4.4461656791579153e-06}, {"l": "Coal", "v": 0.00015682838941029741}]}, {"source": 31, "prod": 0, "target": 9, "value": 4.0786767462340405, "supply": [{"l": "Motor Gasoline", "v": 0.021288799209723489}, {"l": "Gas-Diesel oil", "v": 2.3799309897256076}, {"l": "Natural gas (including LNG)", "v": 0.087196747444200987}, {"l": "Fuel oil", "v": 1.5049674734861989}, {"l": "Liquefied petroleum gas (LPG)", "v": 0.0023514288221839828}, {"l": "Coal", "v": 0.082941307546125956}]}, {"source": 31, "prod": 0, "target": 19, "value": 0.0014567314737169354, "supply": [{"l": "Motor Gasoline", "v": 7.6034620480965436e-06}, {"l": "Gas-Diesel oil", "v": 0.00085001106822419693}, {"l": "Natural gas (including LNG)", "v": 3.1143004045367804e-05}, {"l": "Fuel oil", "v": 0.00053751096788237694}, {"l": "Liquefied petroleum gas (LPG)", "v": 8.3983129495205064e-07}, {"l": "Coal", "v": 2.9623140221945062e-05}]}, {"source": 31, "prod": 0, "target": 20, "value": 0.23868973647285435, "supply": [{"l": "Motor Gasoline", "v": 0.0012458496197042897}, {"l": "Gas-Diesel oil", "v": 0.13927681356108829}, {"l": "Natural gas (including LNG)", "v": 0.005102872809904237}, {"l": "Fuel oil", "v": 0.088072753002138904}, {"l": "Liquefied petroleum gas (LPG)", "v": 0.0001376088277699375}, {"l": "Coal", "v": 0.0048538386522487048}]}, {"source": 31, "prod": 0, "target": 10, "value": 2.3270428391761153, "supply": [{"l": "Motor Gasoline", "v": 0.012146083359360812}, {"l": "Gas-Diesel oil", "v": 1.3578426808370827}, {"l": "Natural gas (including LNG)", "v": 0.049749117021060635}, {"l": "Fuel oil", "v": 0.85864215289986889}, {"l": "Liquefied petroleum gas (LPG)", "v": 0.0013415810918450215}, {"l": "Coal", "v": 0.047321223966897127}]}, {"source": 31, "prod": 0, "target": 1, "value": 2.9159166134438443, "supply": [{"l": "Gas-diesel oils used in fisheries", "v": 0.53461342635361664}, {"l": "Fuel oil used in fisheries", "v": 2.3813031870902277}]}, {"source": 33, "prod": 21.595990487383116, "target": 2, "value": 0.1775026323842589, "supply": [{"l": "Potash", "v": 0.66507372960374622}, {"l": "Phosphate", "v": 1.1107819628639097}, {"l": "Nitrogen", "v": 4.5753499253987915}]}, {"source": 33, "prod": 0.23679176977286748, "target": 13, "value": 0.0019462484245011571, "supply": [{"l": "Potash", "v": 0.66507372960374622}, {"l": "Phosphate", "v": 1.1107819628639097}, {"l": "Nitrogen", "v": 4.5753499253987915}]}, {"source": 33, "prod": 24.736750034922625, "target": 3, "value": 0.20331728940126201, "supply": [{"l": "Potash", "v": 0.66507372960374622}, {"l": "Phosphate", "v": 1.1107819628639097}, {"l": "Nitrogen", "v": 4.5753499253987915}]}, {"source": 33, "prod": 367.49065771578228, "target": 4, "value": 3.0204939736051117, "supply": [{"l": "Potash", "v": 0.66507372960374622}, {"l": "Phosphate", "v": 1.1107819628639097}, {"l": "Nitrogen", "v": 4.5753499253987915}]}, {"source": 33, "prod": 123.61983092387689, "target": 6, "value": 1.0160610793334386, "supply": [{"l": "Potash", "v": 0.66507372960374622}, {"l": "Phosphate", "v": 1.1107819628639097}, {"l": "Nitrogen", "v": 4.5753499253987915}]}, {"source": 33, "prod": 9.4469747167666078, "target": 16, "value": 0.07764695401552775, "supply": [{"l": "Potash", "v": 0.66507372960374622}, {"l": "Phosphate", "v": 1.1107819628639097}, {"l": "Nitrogen", "v": 4.5753499253987915}]}, {"source": 33, "prod": 0.26148784392095797, "target": 14, "value": 0.0021492313890196825, "supply": [{"l": "Potash", "v": 0.66507372960374622}, {"l": "Phosphate", "v": 1.1107819628639097}, {"l": "Nitrogen", "v": 4.5753499253987915}]}, {"source": 33, "prod": 138.29220438833062, "target": 9, "value": 1.1366568406062094, "supply": [{"l": "Potash", "v": 0.66507372960374622}, {"l": "Phosphate", "v": 1.1107819628639097}, {"l": "Nitrogen", "v": 4.5753499253987915}]}, {"source": 33, "prod": 0.049392148296180945, "target": 19, "value": 0.00040596592903705117, "supply": [{"l": "Potash", "v": 0.66507372960374622}, {"l": "Phosphate", "v": 1.1107819628639097}, {"l": "Nitrogen", "v": 4.5753499253987915}]}, {"source": 33, "prod": 8.0930487693536488, "target": 20, "value": 0.066518711490159185, "supply": [{"l": "Potash", "v": 0.66507372960374622}, {"l": "Phosphate", "v": 1.1107819628639097}, {"l": "Nitrogen", "v": 4.5753499253987915}]}, {"source": 33, "prod": 78.901051482661046, "target": 10, "value": 0.64850669128792238, "supply": [{"l": "Potash", "v": 0.66507372960374622}, {"l": "Phosphate", "v": 1.1107819628639097}, {"l": "Nitrogen", "v": 4.5753499253987915}]}, {"source": 31, "prod": 0, "target": 33, "value": 8.1239838537179807, "supply": [{"l": "Natural gas (including LNG)", "v": 5.3460671354291982}, {"l": "Fuel oil", "v": 1.9691266835947698}, {"l": "Liquefied petroleum gas (LPG)", "v": 0.40439501734700595}, {"l": "Coal", "v": 0.40439501734700595}]}, {"source": 34, "prod": 0, "target": 6, "value": 2.1056917915211435, "supply": "[{\"l\":'Labor',\"v\":2.1056917915211435}]"}, {"source": 34, "prod": 0, "target": 2, "value": 0.36785764516256125, "supply": "[{\"l\":'Labor',\"v\":0.36785764516256125}]"}, {"source": 34, "prod": 0, "target": 13, "value": 0.00403341828074112, "supply": "[{\"l\":'Labor',\"v\":0.00403341828074112}]"}, {"source": 34, "prod": 0, "target": 3, "value": 0.42135611340159385, "supply": "[{\"l\":'Labor',\"v\":0.42135611340159385}]"}, {"source": 34, "prod": 0, "target": 14, "value": 0.0044540815370147334, "supply": "[{\"l\":'Labor',\"v\":0.0044540815370147334}]"}, {"source": 34, "prod": 0, "target": 4, "value": 6.259691957428223, "supply": "[{\"l\":'Labor',\"v\":6.259691957428223}]"}, {"source": 34, "prod": 0, "target": 16, "value": 0.16091606797337119, "supply": "[{\"l\":'Labor',\"v\":0.16091606797337119}]"}, {"source": 34, "prod": 0, "target": 9, "value": 2.3556152555425256, "supply": "[{\"l\":'Labor',\"v\":2.3556152555425256}]"}, {"source": 34, "prod": 0, "target": 19, "value": 0.00084132651254722741, "supply": "[{\"l\":'Labor',\"v\":0.00084132651254722741}]"}, {"source": 34, "prod": 0, "target": 20, "value": 0.13785382357060602, "supply": "[{\"l\":'Labor',\"v\":0.13785382357060602}]"}, {"source": 34, "prod": 0, "target": 10, "value": 1.3439696139993402, "supply": "[{\"l\":'Labor',\"v\":1.3439696139993402}]"}, {"source": 31, "prod": 0, "target": 25, "value": 12.602038560476831, "supply": "[{\"l\":'Fossil Fuels',\"v\":12.602038560476831}]"}, {"source": 32, "prod": 0, "target": 25, "value": 5.7553187913172916, "supply": "[{\"l\":'Renewables & Nuclear',\"v\":0.62366002730839987},{\"l\":'Biomass & Waste',\"v\":5.1316587640088915}]"}]}