{"nodes": [{"layer": 13, "name": "Milk - Excluding Butter"}, {"layer": 10, "name": "Feed", "fill": "#dbdb8d"}, {"layer": 5, "name": "Oilcrops", "fill": "#ff9896"}, {"layer": 5, "name": "Vegetables"}, {"layer": 5, "name": "Sugar Crops", "fill": "#ffbb78"}, {"layer": 13, "name": "Animal Fats"}, {"layer": 5, "name": "Starchy Roots"}, {"layer": 13, "name": "Fish, Seafood"}, {"layer": 13, "name": "Sugar & Sweeteners"}, {"layer": 5, "name": "Cereals - Excluding Beer"}, {"layer": 5, "name": "Fruits - Excluding Wine"}, {"layer": 13, "name": "Meat"}, {"layer": 16, "name": "Food", "fill": "#b5cf6b"}, {"layer": 5, "name": "Treenuts"}, {"layer": 5, "name": "Others"}, {"layer": 13, "name": "Alcoholic Beverages"}, {"layer": 5, "name": "Pulses"}, {"layer": 13, "name": "Aquatic Products, Other"}, {"layer": 13, "name": "Vegetable Oils", "fill": "#f7b6d2"}, {"layer": 5, "name": "Spices"}, {"layer": 5, "name": "Stimulants"}, {"layer": 13, "name": "Eggs"}, {"layer": 10, "name": "Processing", "fill": "#9edae5"}, {"layer": 16, "name": "Biofuels & Other", "fill": "#e7ba52"}, {"name": "Waste", "fill": "#c7c7c7"}, {"layer": 2, "name": "Import", "fill": "#aec7e8"}, {"layer": 16, "name": "Export", "fill": "#aec7e8"}, {"layer": 16, "name": "Stock Deposit", "fill": "#c7c7c7"}, {"layer": 0, "name": "Stock Draw", "fill": "#c7c7c7"}, {"layer": 2, "name": "Electricity", "fill": "#bcbd22"}, {"layer": 0, "name": "Fossil Fuels", "fill": "#c49c94"}, {"layer": 0, "name": "Renewables & Nuclear", "fill": "#2ca02c"}, {"layer": 2, "name": "Fertilizers", "fill": "#c5b0d5"}, {"layer": 0, "name": "Labor", "fill": "#7f7f7f"}], "links": [{"source": 0, "prod": 1276.0, "target": 1, "value": 0.84673092063322342, "supply": [{"l": "Milk - Excluding Butter", "v": 0.84673092063322342}]}, {"source": 2, "prod": 69.0, "target": 1, "value": 0.3254512771555001, "supply": [{"l": "Soyabeans", "v": 0.3254512771555001}]}, {"source": 3, "prod": 38.0, "target": 1, "value": 0.011400044736742053, "supply": [{"l": "Vegetables, Other", "v": 0.011400044736742053}]}, {"source": 4, "prod": 13465.0, "target": 1, "value": 3.9693853685677616, "supply": [{"l": "Sugar beet", "v": 0.00088437847053125004}, {"l": "Sugar cane", "v": 3.9685009900972301}]}, {"source": 5, "prod": 11.0, "target": 1, "value": 0.14433056639070002, "supply": [{"l": "Butter, Ghee", "v": 0.0169800666342}, {"l": "Fish, Body Oil", "v": 0.12735049975650001}]}, {"source": 6, "prod": 14881.0, "target": 1, "value": 15.116181361506053, "supply": [{"l": "Potatoes", "v": 0.16259864039553129}, {"l": "Yams", "v": 0.059127017744089294}, {"l": "Roots, Other", "v": 0.0063675249878250018}, {"l": "Sweet potatoes", "v": 0.73626118887563563}, {"l": "Cassava", "v": 14.151826989502972}]}, {"source": 7, "prod": 1211.0, "target": 1, "value": 1.0110663708991601, "supply": [{"l": "Pelagic Fish", "v": 0.54037193188083021}, {"l": "Fish, Seafood", "v": 0.42171347757352218}, {"l": "Demersal Fish", "v": 0.048980961444807687}]}, {"source": 8, "prod": 34.0, "target": 1, "value": 0.13898498985771113, "supply": [{"l": "Sugar non-centrifugal", "v": 0.13898498985771113}]}, {"source": 9, "prod": 13422.0, "target": 1, "value": 46.435512674383524, "supply": [{"l": "Maize", "v": 40.271224054618102}, {"l": "Oats", "v": 0.98353770581173849}, {"l": "Rye", "v": 0.5546821767172001}, {"l": "Barley", "v": 0.80620804181892691}, {"l": "Sorghum", "v": 2.9546880125695392}, {"l": "Cereals, Other", "v": 0.097385676284382369}, {"l": "Rice", "v": 0.077617686081839721}, {"l": "Wheat", "v": 0.62337874108033331}, {"l": "Millet", "v": 0.066790579401464281}]}, {"source": 10, "prod": 350.0, "target": 1, "value": 0.31983015812697579, "supply": [{"l": "Bananas", "v": 0.07029598386919568}, {"l": "Plantains", "v": 0.2495341742577801}]}, {"source": 11, "prod": 55.0, "target": 1, "value": 0.066576284428687654, "supply": [{"l": "Meat, Other", "v": 0.0022946035992162162}, {"l": "Offals, Edible", "v": 0.064281680829471444}]}, {"source": 0, "prod": 15051.0, "target": 12, "value": 9.9875760865600665, "supply": [{"l": "Milk - Excluding Butter", "v": 9.9875760865600665}]}, {"source": 11, "prod": 6639.0, "target": 12, "value": 13.935729308265866, "supply": [{"l": "Mutton & Goat Meat", "v": 0.86130772782173903}, {"l": "Pigmeat", "v": 2.5845364746820723}, {"l": "Meat, Other", "v": 0.14456002675062163}, {"l": "Poultry Meat", "v": 1.0056030316138262}, {"l": "Offals, Edible", "v": 0.57489654175791438}, {"l": "Bovine Meat", "v": 8.7648255056396938}]}, {"source": 8, "prod": 6608.0, "target": 12, "value": 27.376655391217227, "supply": [{"l": "Sugar", "v": 23.353335030011614}, {"l": "Sugar non-centrifugal", "v": 3.7321557570614776}, {"l": "Sweeteners, Other", "v": 0.22041432650163464}, {"l": "Honey", "v": 0.070750277642500012}]}, {"source": 13, "prod": 48.0, "target": 12, "value": 0.14554342829314287, "supply": [{"l": "Treenuts", "v": 0.14554342829314287}]}, {"source": 3, "prod": 6803.0, "target": 12, "value": 2.0831402933181287, "supply": [{"l": "Tomatoes", "v": 0.28755424910344252}, {"l": "Vegetables, Other", "v": 1.4367056380067811}, {"l": "Onions", "v": 0.35888040620790518}]}, {"source": 14, "prod": 51.0, "target": 12, "value": 0.14903009495314287, "supply": [{"l": "Nuts", "v": 0.14554342829314287}, {"l": "Infant food", "v": 0.0034866666600000002}]}, {"source": 4, "prod": 243.0, "target": 12, "value": 0.07163465611303127, "supply": [{"l": "Sugar cane", "v": 0.07163465611303127}]}, {"source": 15, "prod": 5662.0, "target": 12, "value": 4.9565890114917952, "supply": [{"l": "Beer", "v": 1.0057738712129547}, {"l": "Beverages, Alcoholic", "v": 1.7943573704726155}, {"l": "Wine", "v": 2.1556558145180857}, {"l": "Beverages, Fermented", "v": 0.0008019552881391688}]}, {"source": 5, "prod": 460.0, "target": 12, "value": 3.8910104352142385, "supply": [{"l": "Fats, Animals, Raw", "v": 3.0250270368700387}, {"l": "Butter, Ghee", "v": 0.86598339834420002}]}, {"source": 6, "prod": 17493.0, "target": 12, "value": 16.88669540719323, "supply": [{"l": "Roots, Other", "v": 0.21649584958605003}, {"l": "Yams", "v": 0.21604102637263395}, {"l": "Potatoes", "v": 5.0293738187951105}, {"l": "Sweet potatoes", "v": 1.293097382142923}, {"l": "Cassava", "v": 10.131687330296511}]}, {"source": 16, "prod": 2597.0, "target": 12, "value": 10.277045112543908, "supply": [{"l": "Peas", "v": 0.42854453886314281}, {"l": "Beans", "v": 9.1268477417272642}, {"l": "Pulses, Other", "v": 0.72165283195350005}]}, {"source": 17, "prod": 6.0, "target": 12, "value": 0.0062898722440710361, "supply": [{"l": "Aquatic Products, Other", "v": 0.0031449361220355181}, {"l": "Aquatic Animals, Others", "v": 0.0031449361220355181}]}, {"source": 7, "prod": 2057.0, "target": 12, "value": 1.5454845049535468, "supply": [{"l": "Freshwater Fish", "v": 0.14288104850729269}, {"l": "Crustaceans", "v": 0.072165283195350011}, {"l": "Marine Fish, Other", "v": 0.071558852244128571}, {"l": "Demersal Fish", "v": 0.21600603997160192}, {"l": "Fish, Seafood", "v": 0.71795848248054184}, {"l": "Pelagic Fish", "v": 0.28727282544652832}, {"l": "Cephalopods", "v": 0.0034866666600000002}, {"l": "Molluscs, Other", "v": 0.034155306448103454}]}, {"source": 10, "prod": 14982.0, "target": 12, "value": 9.2930392036781448, "supply": [{"l": "Plantains", "v": 2.4424404976351517}, {"l": "Apples", "v": 0.35919371726192312}, {"l": "Grapes", "v": 0.35874552545785299}, {"l": "Dates", "v": 0.00056705060180674445}, {"l": "Pineapples", "v": 0.1434522870820345}, {"l": "Lemons, Limes", "v": 0.071669112417077935}, {"l": "Bananas", "v": 3.5204228721693203}, {"l": "Citrus, Other", "v": 0.043002222140000004}, {"l": "Fruits, Other", "v": 1.149160883544017}, {"l": "Grapefruit", "v": 0.12668222198000001}, {"l": "Oranges, Mandarines", "v": 1.0777028133889606}]}, {"source": 9, "prod": 16920.0, "target": 12, "value": 60.214514951920449, "supply": [{"l": "Maize", "v": 13.436876127812891}, {"l": "Rye", "v": 0.070750277642500012}, {"l": "Barley", "v": 0.57704616691834154}, {"l": "Cereals, Other", "v": 0.21349936723883828}, {"l": "Rice", "v": 19.40442152045993}, {"l": "Wheat", "v": 26.296405261490793}, {"l": "Oats", "v": 0.21551623035715387}]}, {"source": 18, "prod": 929.0, "target": 12, "value": 9.5905456085348, "supply": [{"l": "Maize Germ Oil", "v": 0.49878945737962505}, {"l": "Groundnut Oil", "v": 1.4359685980774075}, {"l": "Soyabean Oil", "v": 1.149419895238154}, {"l": "Palm Oil", "v": 0.28965996023047064}, {"l": "Sunflowerseed Oil", "v": 2.3092890622512003}, {"l": "Olive Oil", "v": 0.21225083292749999}, {"l": "Coconut Oil", "v": 0.5107285667317969}, {"l": "Rape and Mustard Oil", "v": 0.29432115499280004}, {"l": "Oilcrops Oil, Other", "v": 0.022147913001130438}, {"l": "Sesameseed Oil", "v": 0.42450166585499999}, {"l": "Cottonseed Oil", "v": 2.0927932126651503}, {"l": "Palmkernel Oil", "v": 0.35067528918456525}]}, {"source": 19, "prod": 11.0, "target": 12, "value": 0.033892336972233338, "supply": [{"l": "Pimento", "v": 0.0056600222113999997}, {"l": "Pepper", "v": 0.0046488888800000003}, {"l": "Spices, Other", "v": 0.023583425880833338}]}, {"source": 20, "prod": 1039.0, "target": 12, "value": 0.64631017272839486, "supply": [{"l": "Cocoa Beans", "v": 0.14335630027234428}, {"l": "Coffee", "v": 0.35894571239384809}, {"l": "Tea", "v": 0.14400816006220257}]}, {"source": 21, "prod": 589.0, "target": 12, "value": 0.8621775213399826, "supply": [{"l": "Eggs", "v": 0.8621775213399826}]}, {"source": 2, "prod": 625.0, "target": 12, "value": 2.1795849971395422, "supply": [{"l": "Olives", "v": 0.03918476915584615}, {"l": "Coconuts - Incl Copra", "v": 0.57556845586349303}, {"l": "Sesame seed", "v": 0.038591060532272729}, {"l": "Groundnuts", "v": 1.4401612071228889}, {"l": "Oilcrops, Other", "v": 0.010612541646375}, {"l": "Soyabeans", "v": 0.075466962818666675}]}, {"source": 9, "prod": 552.0, "target": 22, "value": 1.667957303195388, "supply": [{"l": "Maize", "v": 0.33672790083028836}, {"l": "Barley", "v": 1.145809374502927}, {"l": "Rice", "v": 0.18542002786217268}]}, {"source": 4, "prod": 92739.0, "target": 22, "value": 27.338791659532536, "supply": [{"l": "Sugar beet", "v": 0.3157231139796563}, {"l": "Sugar cane", "v": 27.023068545552878}]}, {"source": 2, "prod": 5413.0, "target": 22, "value": 24.988014077231163, "supply": [{"l": "Sunflower seed", "v": 3.8502301093048503}, {"l": "Olives", "v": 0.2253124226461154}, {"l": "Coconuts - Incl Copra", "v": 0.88328233946918322}, {"l": "Soyabeans", "v": 1.7546068855340002}, {"l": "Sesame seed", "v": 0.64832981694218195}, {"l": "Cottonseed", "v": 5.8062394518611677}, {"l": "Rape and Mustardseed", "v": 0.35375138821250007}, {"l": "Groundnuts", "v": 2.9620782906326668}, {"l": "Palm kernels", "v": 0.65090255431100019}, {"l": "Oilcrops, Other", "v": 7.1740781529495008}, {"l": "Oil Palm", "v": 0.67920266536800011}]}, {"source": 8, "prod": 1.0, "target": 22, "value": 0.0041480168792205358, "supply": [{"l": "Sugar", "v": 0.0041480168792205358}]}, {"source": 10, "prod": 3301.0, "target": 22, "value": 2.7242373983711685, "supply": [{"l": "Pineapples", "v": 0.023420781564413792}, {"l": "Apples", "v": 0.00065307948593076924}, {"l": "Grapes", "v": 2.7001635373208241}]}, {"source": 0, "prod": 786.0, "target": 23, "value": 0.52157562979444638, "supply": [{"l": "Milk - Excluding Butter", "v": 0.52157562979444638}]}, {"source": 2, "prod": 182.0, "target": 23, "value": 0.85909271989493408, "supply": [{"l": "Cottonseed", "v": 0.47166851761666673}, {"l": "Oilcrops, Other", "v": 0.090206603994187506}, {"l": "Coconuts - Incl Copra", "v": 0.0047831173617464799}, {"l": "Palm kernels", "v": 0.29243448092233337}]}, {"source": 4, "prod": 10934.0, "target": 23, "value": 3.2232647322628964, "supply": [{"l": "Sugar cane", "v": 3.2232647322628964}]}, {"source": 5, "prod": 353.0, "target": 23, "value": 3.1195842799751805, "supply": [{"l": "Fats, Animals, Raw", "v": 2.7799829472911806}, {"l": "Fish, Body Oil", "v": 0.339601332684}]}, {"source": 6, "prod": 1623.0, "target": 23, "value": 1.6499919560008067, "supply": [{"l": "Potatoes", "v": 0.00086031026664302275}, {"l": "Cassava", "v": 1.6491316457341636}]}, {"source": 7, "prod": 20.0, "target": 23, "value": 0.013940941407389164, "supply": [{"l": "Fish, Seafood", "v": 0.0069704707036945821}, {"l": "Molluscs, Other", "v": 0.0069704707036945821}]}, {"source": 17, "prod": 56.0, "target": 23, "value": 0.058705474277996335, "supply": [{"l": "Aquatic Products, Other", "v": 0.029352737138998171}, {"l": "Aquatic Animals, Others", "v": 0.0031449361220355181}, {"l": "Aquatic Plants", "v": 0.026207801016962649}]}, {"source": 8, "prod": 12.0, "target": 23, "value": 0.04977620255064643, "supply": [{"l": "Sugar", "v": 0.04977620255064643}]}, {"source": 15, "prod": 559.0, "target": 23, "value": 0.46173806786326893, "supply": [{"l": "Alcohol, Non-Food", "v": 0.4442832296290995}, {"l": "Beverages, Alcoholic", "v": 0.01745483823416941}]}, {"source": 9, "prod": 122.0, "target": 23, "value": 0.41009758802481122, "supply": [{"l": "Maize", "v": 0.20060385581378881}, {"l": "Barley", "v": 0.0027609864445853659}, {"l": "Wheat", "v": 0.20673274576643708}]}, {"source": 18, "prod": 142.0, "target": 23, "value": 1.4974315923622803, "supply": [{"l": "Olive Oil", "v": 0.010612541646375}, {"l": "Coconut Oil", "v": 0.027857921821734376}, {"l": "Cottonseed Oil", "v": 0.0102587902581625}, {"l": "Oilcrops Oil, Other", "v": 1.0077300415514348}, {"l": "Soyabean Oil", "v": 0.062695630649353851}, {"l": "Palm Oil", "v": 0.039953097962823536}, {"l": "Palmkernel Oil", "v": 0.28607720959793481}, {"l": "Sunflowerseed Oil", "v": 0.052246358874461538}]}, {"source": 11, "prod": 299.0, "target": 23, "value": 0.37092282595147413, "supply": [{"l": "Pigmeat", "v": 0.016767150438159874}, {"l": "Offals, Edible", "v": 0.35415567551331428}]}, {"source": 2, "prod": 271.0, "target": 2, "value": 1.361603386215295, "supply": [{"l": "Soyabeans", "v": 0.11320044422800001}, {"l": "Sunflower seed", "v": 0.0424501665855}, {"l": "Sesame seed", "v": 0.007718212106454546}, {"l": "Cottonseed", "v": 0.75466962818666683}, {"l": "Groundnuts", "v": 0.25784545629711109}, {"l": "Oilcrops, Other", "v": 0.18571947881156251}]}, {"source": 3, "prod": 19.0, "target": 3, "value": 0.0057000223683710263, "supply": [{"l": "Vegetables, Other", "v": 0.0057000223683710263}]}, {"source": 4, "prod": 229.0, "target": 4, "value": 0.067507556583885422, "supply": [{"l": "Sugar cane", "v": 0.067507556583885422}]}, {"source": 6, "prod": 1420.0, "target": 6, "value": 1.257187055296503, "supply": [{"l": "Potatoes", "v": 1.0229089070385542}, {"l": "Yams", "v": 0.011370580335401788}, {"l": "Roots, Other", "v": 0.037295503500117864}, {"l": "Sweet potatoes", "v": 0.18561206442242917}]}, {"source": 16, "prod": 195.0, "target": 16, "value": 0.77540800382807173, "supply": [{"l": "Beans", "v": 0.63309887394144315}, {"l": "Peas", "v": 0.040428730081428575}, {"l": "Pulses, Other", "v": 0.10188039980520001}]}, {"source": 9, "prod": 1919.0, "target": 9, "value": 6.2862603822527117, "supply": [{"l": "Maize", "v": 1.3469116033211534}, {"l": "Oats", "v": 0.29584500712663847}, {"l": "Rye", "v": 0.40186157700940001}, {"l": "Barley", "v": 0.37549415646360979}, {"l": "Rice", "v": 1.2246346026245825}, {"l": "Sorghum", "v": 0.13358115880292856}, {"l": "Cereals, Other", "v": 0.01123680880204412}, {"l": "Wheat", "v": 2.4871539567592889}, {"l": "Millet", "v": 0.0095415113430663261}]}, {"source": 21, "prod": 33.0, "target": 21, "value": 0.048305361976603442, "supply": [{"l": "Eggs", "v": 0.048305361976603442}]}, {"source": 0, "prod": 645.0, "target": 24, "value": 0.4280105359000228, "supply": [{"l": "Milk - Excluding Butter", "v": 0.4280105359000228}]}, {"source": 2, "prod": 175.0, "target": 24, "value": 0.66966869438778365, "supply": [{"l": "Olives", "v": 0.0032653974296538461}, {"l": "Sunflower seed", "v": 0.025470099951300004}, {"l": "Coconuts - Incl Copra", "v": 0.11320044422800002}, {"l": "Sesame seed", "v": 0.007718212106454546}, {"l": "Cottonseed", "v": 0.0094333703523333343}, {"l": "Groundnuts", "v": 0.11320044422800001}, {"l": "Oilcrops, Other", "v": 0.35021387433037504}, {"l": "Soyabeans", "v": 0.0094333703523333343}, {"l": "Rape and Mustardseed", "v": 0.0094333703523333343}, {"l": "Palm kernels", "v": 0.028300111057000001}]}, {"source": 3, "prod": 909.0, "target": 24, "value": 0.27542649641648531, "supply": [{"l": "Tomatoes", "v": 0.040742739635459095}, {"l": "Vegetables, Other", "v": 0.19350075934733219}, {"l": "Onions", "v": 0.041182997433694038}]}, {"source": 15, "prod": 20.0, "target": 24, "value": 0.016039105762783376, "supply": [{"l": "Wine", "v": 0.016039105762783376}]}, {"source": 4, "prod": 11521.0, "target": 24, "value": 3.3963081196635114, "supply": [{"l": "Sugar cane", "v": 3.3963081196635114}]}, {"source": 5, "prod": 1.0, "target": 24, "value": 0.0084497961923744088, "supply": [{"l": "Fats, Animals, Raw", "v": 0.0084497961923744088}]}, {"source": 6, "prod": 3961.0, "target": 24, "value": 3.9044835287312214, "supply": [{"l": "Roots, Other", "v": 0.035476210646453579}, {"l": "Yams", "v": 0.031837624939125002}, {"l": "Potatoes", "v": 0.68910852358106123}, {"l": "Sweet potatoes", "v": 0.23717097120643729}, {"l": "Cassava", "v": 2.9108901983581443}]}, {"source": 16, "prod": 86.0, "target": 24, "value": 0.34038513694772315, "supply": [{"l": "Peas", "v": 0.01212861902442857}, {"l": "Beans", "v": 0.30278641797199457}, {"l": "Pulses, Other", "v": 0.025470099951300004}]}, {"source": 8, "prod": 40.0, "target": 24, "value": 0.16525822151018443, "supply": [{"l": "Sugar", "v": 0.12029248949739553}, {"l": "Sugar non-centrifugal", "v": 0.044965732012788889}]}, {"source": 9, "prod": 2809.0, "target": 24, "value": 10.199800456920791, "supply": [{"l": "Maize", "v": 5.1619670754941014}, {"l": "Rye", "v": 0.039620155479800002}, {"l": "Barley", "v": 0.091112552671317085}, {"l": "Cereals, Other", "v": 0.01123680880204412}, {"l": "Rice", "v": 2.7942366989462299}, {"l": "Wheat", "v": 1.9560098253285969}, {"l": "Oats", "v": 0.047021722987015381}, {"l": "Sorghum", "v": 0.079512594525552718}, {"l": "Millet", "v": 0.019083022686132652}]}, {"source": 20, "prod": 33.0, "target": 24, "value": 0.026276996664151588, "supply": [{"l": "Cocoa Beans", "v": 0.013918087405081967}, {"l": "Coffee", "v": 0.0080601582124367084}, {"l": "Tea", "v": 0.0042987510466329119}]}, {"source": 21, "prod": 28.0, "target": 24, "value": 0.040986367737724141, "supply": [{"l": "Eggs", "v": 0.040986367737724141}]}, {"source": 10, "prod": 3741.0, "target": 24, "value": 2.407072558272775, "supply": [{"l": "Plantains", "v": 0.23855467059043778}, {"l": "Fruits, Other", "v": 0.22559918559319547}, {"l": "Citrus, Other", "v": 0.0023244444400000001}, {"l": "Grapefruit", "v": 0.015108888860000001}, {"l": "Grapes", "v": 0.063259071774470599}, {"l": "Apples", "v": 0.0594302332197}, {"l": "Lemons, Limes", "v": 0.0090964642683214296}, {"l": "Pineapples", "v": 0.037640541799950744}, {"l": "Bananas", "v": 1.6238372273784205}, {"l": "Oranges, Mandarines", "v": 0.13222183034827867}]}, {"source": 11, "prod": 53.0, "target": 24, "value": 0.10083445063255275, "supply": [{"l": "Pigmeat", "v": 0.0023953072054514108}, {"l": "Meat, Other", "v": 0.0057365089980405404}, {"l": "Poultry Meat", "v": 0.0018118973542591464}, {"l": "Offals, Edible", "v": 0.010915757121985717}, {"l": "Bovine Meat", "v": 0.079974979952815939}]}, {"source": 25, "prod": 12.0, "target": 14, "value": 0.030776059464964291, "supply": [{"l": "Nuts", "v": 0.027289392804964292}, {"l": "Infant food", "v": 0.0034866666600000002}]}, {"source": 25, "prod": 1599.0, "target": 1, "value": 1.1967444615922747, "supply": [{"l": "Meat, Other", "v": 0.0011473017996081081}, {"l": "Eggs", "v": 0.011710390782206896}, {"l": "Mutton & Goat Meat", "v": 0.0098435168893913037}, {"l": "Pigmeat", "v": 0.023953072054514107}, {"l": "Milk - Excluding Butter", "v": 0.7093693998094952}, {"l": "Pelagic Fish", "v": 0.18261581097158491}, {"l": "Fish, Seafood", "v": 0.16729129688866998}, {"l": "Cephalopods", "v": 0.0011622222200000001}, {"l": "Molluscs, Other", "v": 0.0006970470703694581}, {"l": "Poultry Meat", "v": 0.0054356920627774384}, {"l": "Offals, Edible", "v": 0.0036385857073285718}, {"l": "Demersal Fish", "v": 0.032327434553573078}, {"l": "Bovine Meat", "v": 0.047552690782755425}]}, {"source": 25, "prod": 4276.0, "target": 9, "value": 13.605691918058824, "supply": [{"l": "Maize", "v": 0.32956347740836733}, {"l": "Barley", "v": 0.52458742447121953}, {"l": "Rice", "v": 0.46570611649103838}, {"l": "Cereals, Other", "v": 0.12735049975650004}, {"l": "Wheat", "v": 11.987318750672328}, {"l": "Oats", "v": 0.14890212279221537}, {"l": "Sorghum", "v": 0.022263526467154762}]}, {"source": 25, "prod": 53.0, "target": 16, "value": 0.21479908143952531, "supply": [{"l": "Pulses, Other", "v": 0.055185216561150004}, {"l": "Peas", "v": 0.084900333171}, {"l": "Beans", "v": 0.074713531707375283}]}, {"source": 25, "prod": 540.0, "target": 22, "value": 3.7898334386659207, "supply": [{"l": "Sugar", "v": 0.99137603413370801}, {"l": "Beer", "v": 0.00081803486881899519}, {"l": "Groundnut Oil", "v": 0.09433370352333334}, {"l": "Beverages, Alcoholic", "v": 0.045382579408840461}, {"l": "Fats, Animals, Raw", "v": 0.90412819258406174}, {"l": "Soyabean Oil", "v": 0.63740557826843092}, {"l": "Butter, Ghee", "v": 0.10188039980520001}, {"l": "Palm Oil", "v": 0.049941372453529427}, {"l": "Sunflowerseed Oil", "v": 0.062695630649353851}, {"l": "Olive Oil", "v": 0.10612541646375}, {"l": "Coconut Oil", "v": 0.046429869702890626}, {"l": "Oilcrops Oil, Other", "v": 0.25470099951300001}, {"l": "Wine", "v": 0.004009776440695844}, {"l": "Sweeteners, Other", "v": 0.0097961922889615409}, {"l": "Fish, Body Oil", "v": 0.22640088845600001}, {"l": "Cottonseed Oil", "v": 0.23595217593773751}, {"l": "Palmkernel Oil", "v": 0.018456594167608701}]}, {"source": 25, "prod": 9.0, "target": 13, "value": 0.027289392804964292, "supply": [{"l": "Treenuts", "v": 0.027289392804964292}]}, {"source": 25, "prod": 40.0, "target": 3, "value": 0.012416801992334378, "supply": [{"l": "Tomatoes", "v": 0.00070652149656865479}, {"l": "Vegetables, Other", "v": 0.0099000388503286234}, {"l": "Onions", "v": 0.0018102416454371004}]}, {"source": 25, "prod": 129.0, "target": 20, "value": 0.095805771277007262, "supply": [{"l": "Cocoa Beans", "v": 0.043146070955754096}, {"l": "Coffee", "v": 0.02149375523316456}, {"l": "Tea", "v": 0.031165945088088613}]}, {"source": 25, "prod": 483.0, "target": 10, "value": 0.31158095430982807, "supply": [{"l": "Plantains", "v": 0.0049906834851556016}, {"l": "Grapes", "v": 0.028300111057000001}, {"l": "Apples", "v": 0.060736392191561538}, {"l": "Lemons, Limes", "v": 0.00027565043237337664}, {"l": "Pineapples", "v": 0.0096192495710985225}, {"l": "Bananas", "v": 0.17152220064083751}, {"l": "Fruits, Other", "v": 0.028861303060963177}, {"l": "Oranges, Mandarines", "v": 0.0072753638708383016}]}, {"source": 25, "prod": 419.0, "target": 2, "value": 0.77618933977099913, "supply": [{"l": "Olives", "v": 0.0097961922889615374}, {"l": "Coconuts - Incl Copra", "v": 0.6138333947574649}, {"l": "Sesame seed", "v": 0.007718212106454546}, {"l": "Groundnuts", "v": 0.006288913568222222}, {"l": "Oilcrops, Other", "v": 0.015918812469562501}, {"l": "Soyabeans", "v": 0.12263381458033334}]}, {"source": 25, "prod": 7.0, "target": 19, "value": 0.025907870320833339, "supply": [{"l": "Pepper", "v": 0.0023244444400000001}, {"l": "Spices, Other", "v": 0.023583425880833338}]}, {"source": 25, "prod": 75.0, "target": 6, "value": 0.064778359330466356, "supply": [{"l": "Roots, Other", "v": 0.0018192928536642861}, {"l": "Potatoes", "v": 0.061942339198297641}, {"l": "Cassava", "v": 0.0010167272785044166}]}, {"source": 0, "prod": 79.0, "target": 26, "value": 0.052422995869925285, "supply": [{"l": "Milk - Excluding Butter", "v": 0.052422995869925285}]}, {"source": 19, "prod": 7.0, "target": 26, "value": 0.0081355555400000005, "supply": [{"l": "Pepper", "v": 0.0081355555400000005}]}, {"source": 11, "prod": 868.0, "target": 26, "value": 1.7761669275252272, "supply": [{"l": "Mutton & Goat Meat", "v": 0.11073956500565217}, {"l": "Meat, Other", "v": 0.084900333171}, {"l": "Pigmeat", "v": 0.0047906144109028216}, {"l": "Offals, Edible", "v": 0.049727338000157141}, {"l": "Bovine Meat", "v": 1.5260090769375152}]}, {"source": 8, "prod": 1716.0, "target": 26, "value": 7.1009028808237638, "supply": [{"l": "Sugar", "v": 7.0018524921242635}, {"l": "Honey", "v": 0.099050388699500017}]}, {"source": 13, "prod": 33.0, "target": 26, "value": 0.10006110695153574, "supply": [{"l": "Treenuts", "v": 0.10006110695153574}]}, {"source": 21, "prod": 6.0, "target": 26, "value": 0.0087827930866551714, "supply": [{"l": "Eggs", "v": 0.0087827930866551714}]}, {"source": 15, "prod": 12.0, "target": 26, "value": 0.028446549968533019, "supply": [{"l": "Beverages, Alcoholic", "v": 0.024436773527837175}, {"l": "Wine", "v": 0.004009776440695844}]}, {"source": 4, "prod": 44.0, "target": 26, "value": 0.012970884234458335, "supply": [{"l": "Sugar cane", "v": 0.012970884234458335}]}, {"source": 14, "prod": 32.0, "target": 26, "value": 0.097028952195428578, "supply": [{"l": "Nuts", "v": 0.097028952195428578}]}, {"source": 6, "prod": 409.0, "target": 26, "value": 0.40723852125592974, "supply": [{"l": "Potatoes", "v": 0.047317064665366254}, {"l": "Cassava", "v": 0.35992145659056346}]}, {"source": 16, "prod": 51.0, "target": 26, "value": 0.20650765315313163, "supply": [{"l": "Pulses, Other", "v": 0.076410299853900007}, {"l": "Peas", "v": 0.01212861902442857}, {"l": "Beans", "v": 0.11796873427480307}]}, {"source": 17, "prod": 42.0, "target": 26, "value": 0.044029105708497253, "supply": [{"l": "Aquatic Products, Other", "v": 0.026207801016962649}, {"l": "Aquatic Plants", "v": 0.017821304691534604}]}, {"source": 7, "prod": 17041.0, "target": 26, "value": 15.02636659217065, "supply": [{"l": "Meat, Aquatic Mammals", "v": 0.0055763765629556648}, {"l": "Crustaceans", "v": 0.040327658256225002}, {"l": "Freshwater Fish", "v": 0.0062122195003170731}, {"l": "Pelagic Fish", "v": 9.0282693915425671}, {"l": "Fish, Seafood", "v": 5.9367498983366751}, {"l": "Molluscs, Other", "v": 0.0013940941407389162}, {"l": "Demersal Fish", "v": 0.0078369538311692313}]}, {"source": 10, "prod": 2364.0, "target": 26, "value": 1.5382541616422851, "supply": [{"l": "Plantains", "v": 0.013973913758435685}, {"l": "Fruits, Other", "v": 0.044253998026810203}, {"l": "Grapes", "v": 0.017479480358735297}, {"l": "Apples", "v": 0.17829069965910002}, {"l": "Lemons, Limes", "v": 0.0011026017294935065}, {"l": "Pineapples", "v": 0.010037477813320199}, {"l": "Bananas", "v": 1.1858932478733313}, {"l": "Grapefruit", "v": 0.011622222200000001}, {"l": "Oranges, Mandarines", "v": 0.075600520223058867}]}, {"source": 9, "prod": 11673.0, "target": 26, "value": 38.366254592768264, "supply": [{"l": "Maize", "v": 12.082800101069815}, {"l": "Rye", "v": 0.2716810661472}, {"l": "Barley", "v": 0.92216947249151238}, {"l": "Rice", "v": 1.7636463115262471}, {"l": "Cereals, Other", "v": 0.21349936723883828}, {"l": "Wheat", "v": 21.493844552147412}, {"l": "Oats", "v": 0.69944812943185386}, {"l": "Sorghum", "v": 0.53114413143069217}, {"l": "Millet", "v": 0.38802146128469728}]}, {"source": 18, "prod": 568.0, "target": 26, "value": 6.1945521993973429, "supply": [{"l": "Groundnut Oil", "v": 0.64985440204962974}, {"l": "Palm Oil", "v": 0.049941372453529427}, {"l": "Sunflowerseed Oil", "v": 0.3761737838961231}, {"l": "Olive Oil", "v": 0.053062708231874998}, {"l": "Oilcrops Oil, Other", "v": 4.9168366862509574}, {"l": "Cottonseed Oil", "v": 0.0102587902581625}, {"l": "Palmkernel Oil", "v": 0.13842445625706523}]}, {"source": 5, "prod": 212.0, "target": 26, "value": 2.6980199242251484, "supply": [{"l": "Fats, Animals, Raw", "v": 0.38024082865684838}, {"l": "Butter, Ghee", "v": 0.0679202665368}, {"l": "Fish, Body Oil", "v": 2.2498588290315}]}, {"source": 20, "prod": 1480.0, "target": 26, "value": 0.92600206715798827, "supply": [{"l": "Cocoa Beans", "v": 0.21294673729775407}, {"l": "Coffee", "v": 0.67544125820219625}, {"l": "Tea", "v": 0.037614071658037984}]}, {"source": 3, "prod": 80.0, "target": 26, "value": 0.029146185340016079, "supply": [{"l": "Vegetables, Other", "v": 0.012600049445872794}, {"l": "Tomatoes", "v": 0.00070652149656865479}, {"l": "Onions", "v": 0.015839614397574631}]}, {"source": 2, "prod": 148.0, "target": 26, "value": 0.72909664351718673, "supply": [{"l": "Olives", "v": 0.029388576866884616}, {"l": "Coconuts - Incl Copra", "v": 0.0047831173617464799}, {"l": "Groundnuts", "v": 0.11948935779622223}, {"l": "Oilcrops, Other", "v": 0.21225083292749999}, {"l": "Soyabeans", "v": 0.3631847585648334}]}, {"source": 15, "prod": 15.0, "target": 27, "value": 0.05236451470250824, "supply": [{"l": "Beverages, Alcoholic", "v": 0.05236451470250824}]}, {"source": 28, "prod": 120.0, "target": 2, "value": 0.54564791049515771, "supply": [{"l": "Olives", "v": 0.0065307948593076922}, {"l": "Sunflower seed", "v": 0.34809136600110002}, {"l": "Oilcrops, Other", "v": 0.19102574963475}]}, {"source": 11, "prod": 13.0, "target": 27, "value": 0.015929107539967999, "supply": [{"l": "Meat, Other", "v": 0.013767621595297297}, {"l": "Bovine Meat", "v": 0.0021614859446707009}]}, {"source": 16, "prod": 15.0, "target": 27, "value": 0.060807198610766597, "supply": [{"l": "Peas", "v": 0.032342984065142855}, {"l": "Beans", "v": 0.015729164569973742}, {"l": "Pulses, Other", "v": 0.012735049975650002}]}, {"source": 28, "prod": 1.0, "target": 20, "value": 0.00053734388082911399, "supply": [{"l": "Tea", "v": 0.00053734388082911399}]}, {"source": 0, "prod": 66.0, "target": 27, "value": 0.04379642692930466, "supply": [{"l": "Milk - Excluding Butter", "v": 0.04379642692930466}]}, {"source": 9, "prod": 786.0, "target": 27, "value": 3.3893056255736678, "supply": [{"l": "Rice", "v": 3.3893056255736678}]}, {"source": 5, "prod": 2.0, "target": 27, "value": 0.016899592384748818, "supply": [{"l": "Fats, Animals, Raw", "v": 0.016899592384748818}]}, {"source": 28, "prod": 1989.0, "target": 1, "value": 1.7550829818348941, "supply": [{"l": "Fish, Seafood", "v": 0.69356183501761082}, {"l": "Pelagic Fish", "v": 1.0615211468172832}]}, {"source": 28, "prod": 1.0, "target": 19, "value": 0.0011622222200000001, "supply": [{"l": "Pepper", "v": 0.0011622222200000001}]}, {"source": 18, "prod": 112.0, "target": 27, "value": 1.1893513646213367, "supply": [{"l": "Groundnut Oil", "v": 0.031444567841111118}, {"l": "Soyabean Oil", "v": 0.041797087099569231}, {"l": "Palm Oil", "v": 0.009988274490705884}, {"l": "Sunflowerseed Oil", "v": 0.57470994761907701}, {"l": "Rape and Mustard Oil", "v": 0.056600222114000003}, {"l": "Oilcrops Oil, Other", "v": 0.33221869501695656}, {"l": "Cottonseed Oil", "v": 0.13336427335611251}, {"l": "Palmkernel Oil", "v": 0.0092282970838043505}]}, {"source": 2, "prod": 192.0, "target": 27, "value": 1.036098510364611, "supply": [{"l": "Cottonseed", "v": 0.1320671849326667}, {"l": "Groundnuts", "v": 0.52197982616244443}, {"l": "Soyabeans", "v": 0.38205149926949999}]}, {"source": 20, "prod": 1083.0, "target": 27, "value": 0.59476039583311668, "supply": [{"l": "Cocoa Beans", "v": 0.020877131107622952}, {"l": "Coffee", "v": 0.57388326472549378}]}, {"source": 8, "prod": 1453.0, "target": 27, "value": 6.0278186047726976, "supply": [{"l": "Sugar", "v": 6.0229205086282169}, {"l": "Sweeteners, Other", "v": 0.0048980961444807705}]}, {"source": 28, "prod": 250.0, "target": 22, "value": 0.56165941048936863, "supply": [{"l": "Maize Germ Oil", "v": 0.02122508329275}, {"l": "Coconut Oil", "v": 0.046429869702890626}, {"l": "Wine", "v": 0.17562820810247795}, {"l": "Fish, Body Oil", "v": 0.31130122162700002}, {"l": "Honey", "v": 0.0070750277642500003}]}, {"source": 28, "prod": 5116.0, "target": 9, "value": 15.61947489221545, "supply": [{"l": "Maize", "v": 0.13612404501649955}, {"l": "Rye", "v": 0.56600222114000009}, {"l": "Barley", "v": 0.78135916381765869}, {"l": "Cereals, Other", "v": 0.07491205868029413}, {"l": "Wheat", "v": 13.148202630745397}, {"l": "Oats", "v": 0.78565462157471544}, {"l": "Millet", "v": 0.12722015124088434}]}, {"source": 1, "prod": 17903.0, "target": 0, "value": 11.88011259568699, "supply": [{"l": "Milk - Excluding Butter", "v": 11.88011259568699}]}, {"source": 1, "prod": 623.0, "target": 21, "value": 0.91194668216436192, "supply": [{"l": "Eggs", "v": 0.96025204414096532}]}, {"source": 1, "prod": 7927.0, "target": 11, "value": 16.266158904343776, "supply": [{"l": "Pigmeat", "v": 2.6084895467365863}, {"l": "Bovine Meat", "v": 10.372971048474694}, {"l": "Poultry Meat", "v": 1.0074149289680854}, {"l": "Offals, Edible", "v": 1.0539769932228429}, {"l": "Meat, Other", "v": 0.25125909411417569}, {"l": "Mutton & Goat Meat", "v": 0.97204729282739122}]}, {"source": 1, "prod": 20329.0, "target": 7, "value": 17.596858409430745, "supply": [{"l": "Pelagic Fish", "v": 9.8559141488699264}, {"l": "Crustaceans", "v": 0.11249294145157501}, {"l": "Freshwater Fish", "v": 0.14909326800760977}, {"l": "Molluscs, Other", "v": 0.042519871292536954}, {"l": "Meat, Aquatic Mammals", "v": 0.0055763765629556648}, {"l": "Demersal Fish", "v": 0.27282395524757885}, {"l": "Fish, Seafood", "v": 7.0833923290944334}, {"l": "Marine Fish, Other", "v": 0.071558852244128571}, {"l": "Cephalopods", "v": 0.0034866666600000002}]}, {"source": 1, "prod": 104.0, "target": 17, "value": 0.10902445223056462, "supply": [{"l": "Aquatic Plants", "v": 0.044029105708497253}, {"l": "Aquatic Products, Other", "v": 0.058705474277996335}, {"l": "Aquatic Animals, Others", "v": 0.0062898722440710361}]}, {"source": 22, "prod": 9864.0, "target": 8, "value": 40.863544307611456, "supply": [{"l": "Honey", "v": 0.16980066634200003}, {"l": "Sweeteners, Other", "v": 0.22531242264611542}, {"l": "Sugar non-centrifugal", "v": 3.9161064789319777}, {"l": "Sugar", "v": 36.552324739691358}]}, {"source": 22, "prod": 1751.0, "target": 18, "value": 18.47188076491576, "supply": [{"l": "Olive Oil", "v": 0.27592608280574998}, {"l": "Sesameseed Oil", "v": 0.42450166585499999}, {"l": "Soyabean Oil", "v": 1.253912612987077}, {"l": "Coconut Oil", "v": 0.53858648855353131}, {"l": "Cottonseed Oil", "v": 2.2466750665375876}, {"l": "Rape and Mustard Oil", "v": 0.35092137710680005}, {"l": "Maize Germ Oil", "v": 0.49878945737962505}, {"l": "Groundnut Oil", "v": 2.1172675679681485}, {"l": "Palm Oil", "v": 0.38954270513752948}, {"l": "Palmkernel Oil", "v": 0.78440525212336965}, {"l": "Oilcrops Oil, Other", "v": 6.2789333358204793}, {"l": "Sunflowerseed Oil", "v": 3.312419152640862}]}, {"source": 22, "prod": 6268.0, "target": 15, "value": 5.5151772497888887, "supply": [{"l": "Beer", "v": 1.0057738712129547}, {"l": "Beverages, Alcoholic", "v": 1.8886134969371304}, {"l": "Alcohol, Non-Food", "v": 0.4442832296290995}, {"l": "Beverages, Fermented", "v": 0.0008019552881391688}, {"l": "Wine", "v": 2.175704696721565}]}, {"source": 22, "prod": 1039.0, "target": 5, "value": 9.8782945943823925, "supply": [{"l": "Fats, Animals, Raw", "v": 6.2106002013951915}, {"l": "Fish, Body Oil", "v": 2.716810661472}, {"l": "Butter, Ghee", "v": 0.95088373151520011}]}, {"source": 29, "prod": 0, "target": 2, "value": 0.00032951901998345501, "supply": "[{\"l\":'Energy for power irrigation',\"v\":0.00032951901998345501}]"}, {"source": 29, "prod": 0, "target": 13, "value": 3.6779917049115258e-06, "supply": "[{\"l\":'Energy for power irrigation',\"v\":3.6779917049115258e-06}]"}, {"source": 29, "prod": 0, "target": 3, "value": 0.00037888154023358337, "supply": "[{\"l\":'Energy for power irrigation',\"v\":0.00037888154023358337}]"}, {"source": 29, "prod": 0, "target": 4, "value": 0.0062513760326571889, "supply": "[{\"l\":'Energy for power irrigation',\"v\":0.0062513760326571889}]"}, {"source": 29, "prod": 0, "target": 6, "value": 0.0019236864509241203, "supply": "[{\"l\":'Energy for power irrigation',\"v\":0.0019236864509241203}]"}, {"source": 29, "prod": 0, "target": 16, "value": 0.00014123972093137222, "supply": "[{\"l\":'Energy for power irrigation',\"v\":0.00014123972093137222}]"}, {"source": 29, "prod": 0, "target": 14, "value": 3.72638633260773e-06, "supply": "[{\"l\":'Energy for power irrigation',\"v\":3.72638633260773e-06}]"}, {"source": 29, "prod": 0, "target": 9, "value": 0.0021055534618064559, "supply": "[{\"l\":'Energy for power irrigation',\"v\":0.0021055534618064559}]"}, {"source": 29, "prod": 0, "target": 19, "value": 7.017221015949622e-07, "supply": "[{\"l\":'Energy for power irrigation',\"v\":7.017221015949622e-07}]"}, {"source": 29, "prod": 0, "target": 20, "value": 0.00017279301818929742, "supply": "[{\"l\":'Energy for power irrigation',\"v\":0.00017279301818929742}]"}, {"source": 29, "prod": 0, "target": 10, "value": 0.0011854989973600683, "supply": "[{\"l\":'Energy for power irrigation',\"v\":0.0011854989973600683}]"}, {"source": 29, "prod": 0, "target": 22, "value": 0.45255984464232135, "supply": "[{\"l\":'Electricity',\"v\":0.45255984464232135}]"}, {"source": 30, "prod": 0, "target": 29, "value": 0.53604309361201663, "supply": [{"l": "Coal", "v": 0.034154994416102501}, {"l": "Natural gas", "v": 0.13420399957639864}, {"l": "Oil", "v": 0.36768409961951554}]}, {"source": 31, "prod": 0, "target": 29, "value": 0.25878184014154526, "supply": [{"l": "Nuclear", "v": 0.0}, {"l": "Hydroelectric", "v": 0.25303571965777732}, {"l": "Renewable", "v": 0.0057461204837679558}]}, {"source": 30, "prod": 0, "target": 2, "value": 0.60094236239507226, "supply": [{"l": "Motor Gasoline", "v": 0.0031366401619000676}, {"l": "Gas-Diesel oil", "v": 0.35065327317824219}, {"l": "Natural gas (including LNG)", "v": 0.012847357773735623}, {"l": "Fuel oil", "v": 0.22173826589214185}, {"l": "Liquefied petroleum gas (LPG)", "v": 0.00034645383278089788}, {"l": "Coal", "v": 0.012220371556271672}]}, {"source": 30, "prod": 0, "target": 13, "value": 0.0067075370160119691, "supply": [{"l": "Motor Gasoline", "v": 3.5010229446968002e-05}, {"l": "Gas-Diesel oil", "v": 0.0039138858513065658}, {"l": "Natural gas (including LNG)", "v": 0.00014339832439475803}, {"l": "Fuel oil", "v": 0.0024749755041566721}, {"l": "Liquefied petroleum gas (LPG)", "v": 3.8670129668597802e-06}, {"l": "Coal", "v": 0.00013640009374014497}]}, {"source": 30, "prod": 0, "target": 3, "value": 0.6909645697152329, "supply": [{"l": "Motor Gasoline", "v": 0.0036065142939514798}, {"l": "Gas-Diesel oil", "v": 0.40318174118261979}, {"l": "Natural gas (including LNG)", "v": 0.014771914232717901}, {"l": "Fuel oil", "v": 0.2549550423952972}, {"l": "Liquefied petroleum gas (LPG)", "v": 0.00039835321733612127}, {"l": "Coal", "v": 0.014051004393310459}]}, {"source": 30, "prod": 0, "target": 4, "value": 11.400606500570342, "supply": [{"l": "Motor Gasoline", "v": 0.059505873537001208}, {"l": "Gas-Diesel oil", "v": 6.6523184847700749}, {"l": "Natural gas (including LNG)", "v": 0.24372998096964299}, {"l": "Fuel oil", "v": 4.2066442203873438}, {"l": "Liquefied petroleum gas (LPG)", "v": 0.0065726499999225274}, {"l": "Coal", "v": 0.23183529090635824}]}, {"source": 30, "prod": 0, "target": 6, "value": 3.5082183735062595, "supply": [{"l": "Motor Gasoline", "v": 0.018311271322591815}, {"l": "Gas-Diesel oil", "v": 2.047065297229421}, {"l": "Natural gas (including LNG)", "v": 0.075001097298574099}, {"l": "Fuel oil", "v": 1.2944773196082593}, {"l": "Liquefied petroleum gas (LPG)", "v": 0.0020225495451667926}, {"l": "Coal", "v": 0.071340838502246873}]}, {"source": 30, "prod": 0, "target": 16, "value": 0.2575782471214596, "supply": [{"l": "Motor Gasoline", "v": 0.001344438876854949}, {"l": "Gas-Diesel oil", "v": 0.1502983665399765}, {"l": "Natural gas (including LNG)", "v": 0.0055066843387644908}, {"l": "Fuel oil", "v": 0.095042315906332206}, {"l": "Liquefied petroleum gas (LPG)", "v": 0.00014849838610237194}, {"l": "Coal", "v": 0.0052379430734291197}]}, {"source": 30, "prod": 0, "target": 14, "value": 0.0067957940820121262, "supply": [{"l": "Motor Gasoline", "v": 3.5470890360743897e-05}, {"l": "Gas-Diesel oil", "v": 0.0039653843493500729}, {"l": "Natural gas (including LNG)", "v": 0.00014528514445258378}, {"l": "Fuel oil", "v": 0.0025075409713166282}, {"l": "Liquefied petroleum gas (LPG)", "v": 3.9178947164237241e-06}, {"l": "Coal", "v": 0.00013819483181567318}]}, {"source": 30, "prod": 0, "target": 9, "value": 3.8398884275348513, "supply": [{"l": "Motor Gasoline", "v": 0.02004243503656163}, {"l": "Gas-Diesel oil", "v": 2.2405966528769219}, {"l": "Natural gas (including LNG)", "v": 0.08209176707588331}, {"l": "Fuel oil", "v": 1.4168583451953749}, {"l": "Liquefied petroleum gas (LPG)", "v": 0.0022137631600280959}, {"l": "Coal", "v": 0.07808546419008193}]}, {"source": 30, "prod": 0, "target": 19, "value": 0.0012797274570022835, "supply": [{"l": "Motor Gasoline", "v": 6.6795832497504747e-06}, {"l": "Gas-Diesel oil", "v": 0.00074672822163085798}, {"l": "Natural gas (including LNG)", "v": 2.735889083847357e-05}, {"l": "Fuel oil", "v": 0.0004721992738193651}, {"l": "Liquefied petroleum gas (LPG)", "v": 7.3778536867719482e-07}, {"l": "Coal", "v": 2.6023702095159237e-05}]}, {"source": 30, "prod": 0, "target": 20, "value": 0.31512185415356231, "supply": [{"l": "Motor Gasoline", "v": 0.0016447897926368323}, {"l": "Gas-Diesel oil", "v": 0.18387538726434335}, {"l": "Natural gas (including LNG)", "v": 0.0067368910164668887}, {"l": "Fuel oil", "v": 0.11627500049462366}, {"l": "Liquefied petroleum gas (LPG)", "v": 0.00018167328681806375}, {"l": "Coal", "v": 0.0064081122986735213}]}, {"source": 30, "prod": 0, "target": 10, "value": 2.1619892172728576, "supply": [{"l": "Motor Gasoline", "v": 0.011284580074311205}, {"l": "Gas-Diesel oil", "v": 1.26153295732278}, {"l": "Natural gas (including LNG)", "v": 0.046220487546528813}, {"l": "Fuel oil", "v": 0.79773996628386734}, {"l": "Liquefied petroleum gas (LPG)", "v": 0.0012464247781931656}, {"l": "Coal", "v": 0.043964801267177119}]}, {"source": 30, "prod": 0, "target": 1, "value": 2.9159166134438443, "supply": [{"l": "Gas-diesel oils used in fisheries", "v": 0.53461342635361664}, {"l": "Fuel oil used in fisheries", "v": 2.3813031870902277}]}, {"source": 32, "prod": 18.144822541452267, "target": 2, "value": 0.14913665419211292, "supply": [{"l": "Potash", "v": 0.59225847797615827}, {"l": "Phosphate", "v": 0.98916857696530969}, {"l": "Nitrogen", "v": 4.0744201167583656}]}, {"source": 32, "prod": 0.20252702498903985, "target": 13, "value": 0.0016646182579821681, "supply": [{"l": "Potash", "v": 0.59225847797615827}, {"l": "Phosphate", "v": 0.98916857696530969}, {"l": "Nitrogen", "v": 4.0744201167583656}]}, {"source": 32, "prod": 20.862948403147275, "target": 3, "value": 0.17147758344397887, "supply": [{"l": "Potash", "v": 0.59225847797615827}, {"l": "Phosphate", "v": 0.98916857696530969}, {"l": "Nitrogen", "v": 4.0744201167583656}]}, {"source": 32, "prod": 344.22932174946345, "target": 4, "value": 2.8293034667742969, "supply": [{"l": "Potash", "v": 0.59225847797615827}, {"l": "Phosphate", "v": 0.98916857696530969}, {"l": "Nitrogen", "v": 4.0744201167583656}]}, {"source": 32, "prod": 105.92696372782018, "target": 6, "value": 0.87063915466830499, "supply": [{"l": "Potash", "v": 0.59225847797615827}, {"l": "Phosphate", "v": 0.98916857696530969}, {"l": "Nitrogen", "v": 4.0744201167583656}]}, {"source": 32, "prod": 7.777304242506748, "target": 16, "value": 0.063923531393696817, "supply": [{"l": "Potash", "v": 0.59225847797615827}, {"l": "Phosphate", "v": 0.98916857696530969}, {"l": "Nitrogen", "v": 4.0744201167583656}]}, {"source": 32, "prod": 0.20519185426521142, "target": 14, "value": 0.0016865211297977228, "supply": [{"l": "Potash", "v": 0.59225847797615827}, {"l": "Phosphate", "v": 0.98916857696530969}, {"l": "Nitrogen", "v": 4.0744201167583656}]}, {"source": 32, "prod": 115.94139214767297, "target": 9, "value": 0.95295014695115998, "supply": [{"l": "Potash", "v": 0.59225847797615827}, {"l": "Phosphate", "v": 0.98916857696530969}, {"l": "Nitrogen", "v": 4.0744201167583656}]}, {"source": 32, "prod": 0.03864002450448787, "target": 19, "value": 0.00031759164132554523, "supply": [{"l": "Potash", "v": 0.59225847797615827}, {"l": "Phosphate", "v": 0.98916857696530969}, {"l": "Nitrogen", "v": 4.0744201167583656}]}, {"source": 32, "prod": 9.514772930570615, "target": 20, "value": 0.078204203817438561, "supply": [{"l": "Potash", "v": 0.59225847797615827}, {"l": "Phosphate", "v": 0.98916857696530969}, {"l": "Nitrogen", "v": 4.0744201167583656}]}, {"source": 32, "prod": 65.278990363737037, "target": 10, "value": 0.53654369942973912, "supply": [{"l": "Potash", "v": 0.59225847797615827}, {"l": "Phosphate", "v": 0.98916857696530969}, {"l": "Nitrogen", "v": 4.0744201167583656}]}, {"source": 30, "prod": 0, "target": 32, "value": 7.2345337037633506, "supply": [{"l": "Natural gas (including LNG)", "v": 4.7607557536126475}, {"l": "Fuel oil", "v": 1.753537872053561}, {"l": "Liquefied petroleum gas (LPG)", "v": 0.36012003904857098}, {"l": "Coal", "v": 0.36012003904857098}]}, {"source": 33, "prod": 0, "target": 6, "value": 1.916202627655943, "supply": "[{\"l\":'Labor',\"v\":1.916202627655943}]"}, {"source": 33, "prod": 0, "target": 2, "value": 0.32823707400526581, "supply": "[{\"l\":'Labor',\"v\":0.32823707400526581}]"}, {"source": 33, "prod": 0, "target": 13, "value": 0.0036636830113673377, "supply": "[{\"l\":'Labor',\"v\":0.0036636830113673377}]"}, {"source": 33, "prod": 0, "target": 3, "value": 0.37740755652624852, "supply": "[{\"l\":'Labor',\"v\":0.37740755652624852}]"}, {"source": 33, "prod": 0, "target": 14, "value": 0.0037118893667800659, "supply": "[{\"l\":'Labor',\"v\":0.0037118893667800659}]"}, {"source": 33, "prod": 0, "target": 4, "value": 6.2270559604391558, "supply": "[{\"l\":'Labor',\"v\":6.2270559604391558}]"}, {"source": 33, "prod": 0, "target": 16, "value": 0.14069024827204704, "supply": "[{\"l\":'Labor',\"v\":0.14069024827204704}]"}, {"source": 33, "prod": 0, "target": 9, "value": 2.0973621112969751, "supply": "[{\"l\":'Labor',\"v\":2.0973621112969751}]"}, {"source": 33, "prod": 0, "target": 19, "value": 0.00069899215348455791, "supply": "[{\"l\":'Labor',\"v\":0.00069899215348455791}]"}, {"source": 33, "prod": 0, "target": 20, "value": 0.17212079200114577, "supply": "[{\"l\":'Labor',\"v\":0.17212079200114577}]"}, {"source": 33, "prod": 0, "target": 10, "value": 1.1808869853678945, "supply": "[{\"l\":'Labor',\"v\":1.1808869853678945}]"}, {"source": 30, "prod": 0, "target": 25, "value": 11.439995773452464, "supply": "[{\"l\":'Fossil Fuels',\"v\":11.439995773452464}]"}, {"source": 31, "prod": 0, "target": 25, "value": 5.2246168214430622, "supply": "[{\"l\":'Renewables & Nuclear',\"v\":0.56615190012633843},{\"l\":'Biomass & Waste',\"v\":4.6584649213167237}]"}]}