{"nodes": [{"layer": 13, "name": "Other Processed", "fill": "#9c9ede"}, {"layer": 10, "name": "Feed", "fill": "#dbdb8d"}, {"layer": 13, "name": "Animal Products", "fill": "#17becf"}, {"layer": 5, "name": "Cereals", "fill": "#e7ba52"}, {"layer": 5, "name": "Oilcrops", "fill": "#ff9896"}, {"layer": 5, "name": "Sugar Crops", "fill": "#ffbb78"}, {"layer": 13, "name": "Sugar", "fill": "#d6616b"}, {"layer": 5, "name": "Starchy Roots"}, {"layer": 5, "name": "Fruits & Vegetables"}, {"layer": 13, "name": "Aquatic Products", "fill": "#1f77b4"}, {"layer": 16, "name": "Food", "fill": "#b5cf6b"}, {"layer": 5, "name": "Others"}, {"layer": 13, "name": "Vegetable Oils", "fill": "#f7b6d2"}, {"layer": 10, "name": "Processing", "fill": "#9edae5"}, {"layer": 16, "name": "Biofuels & Other", "fill": "#e7ba52"}, {"name": "Waste", "fill": "#c7c7c7"}, {"layer": 2, "name": "Import", "fill": "#aec7e8"}, {"layer": 16, "name": "Export", "fill": "#aec7e8"}, {"layer": 16, "name": "Stock Deposit", "fill": "#c7c7c7"}, {"layer": 0, "name": "Stock Draw", "fill": "#c7c7c7"}, {"name": "Crop Residue", "fill": "#bd9e39"}, {"layer": 2, "name": "Electricity", "fill": "#bcbd22"}, {"layer": 0, "name": "Fossil Fuels", "fill": "#c49c94"}, {"layer": 0, "name": "Renewables & Nuclear", "fill": "#2ca02c"}, {"layer": 2, "name": "Fertilizers", "fill": "#c5b0d5"}, {"layer": 0, "name": "Labor", "fill": "#7f7f7f"}], "links": [{"source": 0, "prod": 93.0, "target": 1, "value": 0.91540349944334054, "supply": [{"l": "Fats, Animals, Raw", "v": 0.074451061396107701}, {"l": "Butter, Ghee", "v": 0.072458042964905184}, {"l": "Fish, Body Oil", "v": 0.76849439508232764}]}, {"source": 2, "prod": 4558.0, "target": 1, "value": 3.0436709208830122, "supply": [{"l": "Milk - Excluding Butter", "v": 2.9521032223758219}, {"l": "Meat, Other", "v": 0.0031061097501585365}, {"l": "Offals, Edible", "v": 0.088461588757031889}]}, {"source": 3, "prod": 28625.0, "target": 1, "value": 101.42412117900736, "supply": [{"l": "Maize", "v": 81.409347580688532}, {"l": "Oats", "v": 1.1593286874384829}, {"l": "Rye", "v": 0.22534294037910282}, {"l": "Barley", "v": 0.33096740049711859}, {"l": "Sorghum", "v": 15.782754734385774}, {"l": "Cereals, Other", "v": 0.14857558304925}, {"l": "Rice", "v": 1.0436195313487284}, {"l": "Wheat", "v": 1.0233561762490917}, {"l": "Millet", "v": 0.30082854497127409}]}, {"source": 4, "prod": 347.0, "target": 1, "value": 0.85264191741732864, "supply": [{"l": "Soyabeans", "v": 0.83444898888068575}, {"l": "Oilcrops, Other", "v": 0.018192928536642859}]}, {"source": 5, "prod": 5551.0, "target": 1, "value": 2.356408747161105, "supply": [{"l": "Sugar beet", "v": 0.002122508329275}, {"l": "Sugar cane", "v": 2.35428623883183}]}, {"source": 6, "prod": 77.0, "target": 1, "value": 0.31557374688184842, "supply": [{"l": "Sugar", "v": 0.074642935634838328}, {"l": "Sugar non-centrifugal", "v": 0.24093081124701007}]}, {"source": 7, "prod": 15013.0, "target": 1, "value": 15.348732244044585, "supply": [{"l": "Potatoes", "v": 0.34435217423734765}, {"l": "Yams", "v": 0.096655763917753851}, {"l": "Roots, Other", "v": 0.0035082782302066117}, {"l": "Sweet potatoes", "v": 0.35680096914536635}, {"l": "Cassava", "v": 14.547415058513911}]}, {"source": 8, "prod": 529.0, "target": 1, "value": 0.49539601667226368, "supply": [{"l": "Vegetables, Other", "v": 0.010010316710578187}, {"l": "Bananas", "v": 0.10284411387931386}, {"l": "Plantains", "v": 0.33953286467337823}, {"l": "Pulses, Other", "v": 0.043008721408993422}]}, {"source": 9, "prod": 2775.0, "target": 1, "value": 2.4551127957228616, "supply": [{"l": "Fish, Seafood", "v": 1.0158764003564484}, {"l": "Pelagic Fish", "v": 1.4303405883981282}, {"l": "Demersal Fish", "v": 0.0088958069682849288}]}, {"source": 0, "prod": 10547.0, "target": 10, "value": 14.022338097349984, "supply": [{"l": "Beverages, Alcoholic", "v": 3.202744275719025}, {"l": "Butter, Ghee", "v": 1.1754304747640172}, {"l": "Fats, Animals, Raw", "v": 4.0534466760103083}, {"l": "Wine", "v": 2.3527791154678219}, {"l": "Fish, Body Oil", "v": 0.75824780314789664}, {"l": "Cream", "v": 0.016544680310246154}, {"l": "Beer", "v": 2.4592276907860309}, {"l": "Beverages, Fermented", "v": 0.003917381144635068}]}, {"source": 2, "prod": 36219.0, "target": 10, "value": 40.729585387999144, "supply": [{"l": "Eggs", "v": 2.2436920818586064}, {"l": "Pigmeat", "v": 3.9572694295110025}, {"l": "Offals, Edible", "v": 0.96153900822860738}, {"l": "Milk - Excluding Butter", "v": 15.181023013149318}, {"l": "Meat, Other", "v": 0.10767847133882925}, {"l": "Mutton & Goat Meat", "v": 0.64019440418132434}, {"l": "Bovine Meat", "v": 13.254358121616081}, {"l": "Poultry Meat", "v": 4.3838308581153766}]}, {"source": 3, "prod": 28124.0, "target": 10, "value": 99.029498518973767, "supply": [{"l": "Maize", "v": 19.561773162918243}, {"l": "Barley", "v": 0.53602328993555093}, {"l": "Cereals, Other", "v": 0.32262126604980002}, {"l": "Rye", "v": 0.031738442306915887}, {"l": "Rice", "v": 33.245509432800439}, {"l": "Wheat", "v": 45.009065279028235}, {"l": "Oats", "v": 0.32276764593457763}]}, {"source": 4, "prod": 787.0, "target": 10, "value": 1.8369990934151095, "supply": [{"l": "Sunflower seed", "v": 0.010612541646375}, {"l": "Coconuts - Incl Copra", "v": 0.64001789621215399}, {"l": "Sesame seed", "v": 0.015436424212909092}, {"l": "Olives", "v": 0.10704824617213045}, {"l": "Groundnuts", "v": 0.42135720907088897}, {"l": "Soyabeans", "v": 0.64039108448982862}, {"l": "Rape and Mustardseed", "v": 0.002135691610823292}]}, {"source": 5, "prod": 505.0, "target": 10, "value": 0.21437334125677501, "supply": [{"l": "Sugar cane", "v": 0.21437334125677501}]}, {"source": 6, "prod": 11494.0, "target": 10, "value": 47.573605542546296, "supply": [{"l": "Sugar", "v": 42.438655738163078}, {"l": "Sweeteners, Other", "v": 0.42647609220781391}, {"l": "Honey", "v": 0.11037043312230001}, {"l": "Sugar non-centrifugal", "v": 4.5981032790531078}]}, {"source": 7, "prod": 19643.0, "target": 10, "value": 18.81467980498639, "supply": [{"l": "Roots, Other", "v": 0.21400497204260333}, {"l": "Yams", "v": 0.21290391241343079}, {"l": "Potatoes", "v": 6.5213823888365017}, {"l": "Sweet potatoes", "v": 0.96171584298874135}, {"l": "Cassava", "v": 10.904672688705112}]}, {"source": 8, "prod": 35699.0, "target": 10, "value": 27.079655307949437, "supply": [{"l": "Plantains", "v": 3.0994783728370958}, {"l": "Tomatoes", "v": 0.74860705083940882}, {"l": "Treenuts", "v": 0.21371463177527589}, {"l": "Vegetables, Other", "v": 1.8173274973658762}, {"l": "Peas", "v": 0.53794607655762938}, {"l": "Grapes", "v": 0.32140840414735722}, {"l": "Pulses, Other", "v": 0.75069768277515792}, {"l": "Pineapples", "v": 0.32069495596944964}, {"l": "Citrus, Other", "v": 0.023244444400000001}, {"l": "Grapefruit", "v": 0.10669906736355406}, {"l": "Fruits, Other", "v": 1.4965308526314463}, {"l": "Dates", "v": 0.00047888987284206287}, {"l": "Beans", "v": 9.6236309079041931}, {"l": "Apples", "v": 0.64160394639227147}, {"l": "Lemons, Limes", "v": 0.10701597939911014}, {"l": "Bananas", "v": 4.2763014064783222}, {"l": "Oranges, Mandarines", "v": 2.2451666370276131}, {"l": "Onions", "v": 0.74910850421283159}]}, {"source": 11, "prod": 1254.0, "target": 10, "value": 1.0288285621423017, "supply": [{"l": "Nuts", "v": 0.21664222947082759}, {"l": "Infant food", "v": 0.0034866666600000002}, {"l": "Pepper", "v": 0.011622222200000001}, {"l": "Pimento", "v": 0.0074912058680294122}, {"l": "Tea", "v": 0.10682132083400411}, {"l": "Coffee", "v": 0.42806391759644058}, {"l": "Cocoa Beans", "v": 0.21225083292749999}, {"l": "Spices, Other", "v": 0.0424501665855}]}, {"source": 9, "prod": 3812.0, "target": 10, "value": 2.8576894494682645, "supply": [{"l": "Crustaceans", "v": 0.10661902305195348}, {"l": "Aquatic Products, Other", "v": 0.0050730281496407965}, {"l": "Marine Fish, Other", "v": 0.21365028896878019}, {"l": "Fish, Seafood", "v": 1.3906089053870689}, {"l": "Aquatic Animals, Others", "v": 0.0050730281496407965}, {"l": "Demersal Fish", "v": 0.32071725122500921}, {"l": "Freshwater Fish", "v": 0.21376691030555361}, {"l": "Cephalopods", "v": 0.013733877424720589}, {"l": "Pelagic Fish", "v": 0.53428657943818969}, {"l": "Molluscs, Other", "v": 0.054160557367706898}]}, {"source": 12, "prod": 2675.0, "target": 10, "value": 27.553724030332049, "supply": [{"l": "Ricebran Oil", "v": 0.035375138821250006}, {"l": "Sunflowerseed Oil", "v": 2.9867501823233846}, {"l": "Rape and Mustard Oil", "v": 0.12735049975650001}, {"l": "Sesameseed Oil", "v": 0.32898879103762502}, {"l": "Palmkernel Oil", "v": 0.10612541646375}, {"l": "Oilcrops Oil, Other", "v": 0.0096477651330681823}, {"l": "Maize Germ Oil", "v": 0.64228947703278261}, {"l": "Groundnut Oil", "v": 0.33111129936689998}, {"l": "Soyabean Oil", "v": 18.706078615853489}, {"l": "Palm Oil", "v": 1.4000693831254722}, {"l": "Coconut Oil", "v": 0.21225083292749999}, {"l": "Olive Oil", "v": 0.20163829128112501}, {"l": "Cottonseed Oil", "v": 2.4660483372092008}]}, {"source": 0, "prod": 30.0, "target": 13, "value": 0.02350428686781041, "supply": [{"l": "Wine", "v": 0.02350428686781041}]}, {"source": 2, "prod": 1.0, "target": 13, "value": 0.0017669612487365483, "supply": [{"l": "Poultry Meat", "v": 0.0017669612487365483}]}, {"source": 3, "prod": 1290.0, "target": 13, "value": 4.7164138398942788, "supply": [{"l": "Maize", "v": 0.72728298254698753}, {"l": "Rice", "v": 0.50677820863847711}, {"l": "Barley", "v": 3.4823526487088139}]}, {"source": 4, "prod": 21067.407407407409, "target": 13, "value": 59.292463447731336, "supply": [{"l": "Olives", "v": 0.11073956500565219}, {"l": "Soyabeans", "v": 35.609625455722288}, {"l": "Oilcrops, Other", "v": 6.2704960356295727}, {"l": "Sunflower seed", "v": 6.5090255431099999}, {"l": "Coconuts - Incl Copra", "v": 0.3134781532467692}, {"l": "Sesame seed", "v": 0.46309272638727272}, {"l": "Cottonseed", "v": 3.7118320196108812}, {"l": "Rape and Mustardseed", "v": 0.046985215438112425}, {"l": "Groundnuts", "v": 2.1067860453544447}, {"l": "Palm kernels", "v": 0.55314412720323258}, {"l": "Oil Palm", "v": 3.5972585610231111}]}, {"source": 5, "prod": 156183.0, "target": 13, "value": 66.299943678231472, "supply": [{"l": "Sugar beet", "v": 0.56458721558715008}, {"l": "Sugar cane", "v": 65.735356462644319}]}, {"source": 6, "prod": 35.0, "target": 13, "value": 0.14513904151218565, "supply": [{"l": "Sugar", "v": 0.14513904151218565}]}, {"source": 7, "prod": 2.0, "target": 13, "value": 0.0020482104975028384, "supply": [{"l": "Cassava", "v": 0.0020482104975028384}]}, {"source": 8, "prod": 4934.0, "target": 13, "value": 4.2734322802643758, "supply": [{"l": "Apples", "v": 0.0024257238048857148}, {"l": "Grapes", "v": 4.2710065564594899}]}, {"source": 12, "prod": 3.0, "target": 13, "value": 0.028943295399204545, "supply": [{"l": "Oilcrops Oil, Other", "v": 0.028943295399204545}]}, {"source": 0, "prod": 7035.0, "target": 14, "value": 10.704382231784214, "supply": [{"l": "Alcohol, Non-Food", "v": 4.975857529915463}, {"l": "Beverages, Alcoholic", "v": 0.034512330557317082}, {"l": "Fats, Animals, Raw", "v": 5.0792168552455701}, {"l": "Fish, Body Oil", "v": 0.61479551606586225}]}, {"source": 2, "prod": 583.0, "target": 14, "value": 0.72734057207200542, "supply": [{"l": "Pigmeat", "v": 0.026953537909982058}, {"l": "Milk - Excluding Butter", "v": 0.052645621442279474}, {"l": "Poultry Meat", "v": 0.061843643705779189}, {"l": "Offals, Edible", "v": 0.58589776901396473}]}, {"source": 3, "prod": 226.0, "target": 14, "value": 0.88288887113555348, "supply": [{"l": "Maize", "v": 0.4135530685071106}, {"l": "Barley", "v": 0.0035974717445338982}, {"l": "Rice", "v": 0.45953617223997512}, {"l": "Wheat", "v": 0.006202158643933889}]}, {"source": 4, "prod": 120.0, "target": 14, "value": 0.26435724619783352, "supply": [{"l": "Cottonseed", "v": 0.14095564631433727}, {"l": "Oilcrops, Other", "v": 0.030321547561071433}, {"l": "Coconuts - Incl Copra", "v": 0.037552070441019235}, {"l": "Palm kernels", "v": 0.055527981881405591}]}, {"source": 5, "prod": 90172.0, "target": 14, "value": 38.278164213477062, "supply": [{"l": "Sugar cane", "v": 38.278164213477062}]}, {"source": 6, "prod": 38.0, "target": 14, "value": 0.15757953078465869, "supply": [{"l": "Sugar", "v": 0.15757953078465869}]}, {"source": 7, "prod": 1731.0, "target": 14, "value": 1.7723826888250518, "supply": [{"l": "Potatoes", "v": 0.0017047137338482557}, {"l": "Cassava", "v": 1.7706779750912036}]}, {"source": 9, "prod": 409.0, "target": 14, "value": 0.34353931351280365, "supply": [{"l": "Fish, Seafood", "v": 0.0073189942388793118}, {"l": "Aquatic Products, Other", "v": 0.16402791017171911}, {"l": "Molluscs, Other", "v": 0.0073189942388793118}, {"l": "Aquatic Animals, Others", "v": 0.0067640375328543957}, {"l": "Aquatic Plants", "v": 0.15810937733047151}]}, {"source": 12, "prod": 481.0, "target": 14, "value": 4.4529477412642349, "supply": [{"l": "Olive Oil", "v": 0.010612541646375}, {"l": "Coconut Oil", "v": 0.050940199902600007}, {"l": "Rape and Mustard Oil", "v": 0.0424501665855}, {"l": "Cottonseed Oil", "v": 0.3120306059325928}, {"l": "Oilcrops Oil, Other", "v": 1.0033675738390908}, {"l": "Soyabean Oil", "v": 1.8468770392927605}, {"l": "Palm Oil", "v": 0.16351175277377777}, {"l": "Palmkernel Oil", "v": 0.96220377593800011}, {"l": "Sunflowerseed Oil", "v": 0.060954085353538467}]}, {"source": 2, "prod": 149.0, "target": 2, "value": 0.22436920818586065, "supply": [{"l": "Eggs", "v": 0.22436920818586065}]}, {"source": 3, "prod": 2005.0, "target": 3, "value": 6.7876239477625848, "supply": [{"l": "Maize", "v": 1.5579542322207529}, {"l": "Oats", "v": 0.34692032692287939}, {"l": "Rye", "v": 0.16186605576527102}, {"l": "Barley", "v": 0.27700532432911013}, {"l": "Rice", "v": 1.5675766623139336}, {"l": "Sorghum", "v": 0.18980848670806583}, {"l": "Cereals, Other", "v": 0.02122508329275}, {"l": "Wheat", "v": 2.6545238996037046}, {"l": "Millet", "v": 0.010743876606116934}]}, {"source": 4, "prod": 727.0, "target": 4, "value": 1.8829192765738387, "supply": [{"l": "Soyabeans", "v": 1.1861789405891145}, {"l": "Sunflower seed", "v": 0.049525194349750008}, {"l": "Cottonseed", "v": 0.38869587316983917}, {"l": "Groundnuts", "v": 0.10691153065977778}, {"l": "Oilcrops, Other", "v": 0.15160773780535716}]}, {"source": 5, "prod": 572.0, "target": 5, "value": 0.24281495286906002, "supply": [{"l": "Sugar cane", "v": 0.24281495286906002}]}, {"source": 7, "prod": 1271.0, "target": 7, "value": 1.1019927098942213, "supply": [{"l": "Potatoes", "v": 0.95719676155579558}, {"l": "Yams", "v": 0.018286225606061541}, {"l": "Roots, Other", "v": 0.036486093594148762}, {"l": "Sweet potatoes", "v": 0.090023629138215516}]}, {"source": 8, "prod": 252.0, "target": 8, "value": 0.90766860070312549, "supply": [{"l": "Vegetables, Other", "v": 0.0063702015430952101}, {"l": "Beans", "v": 0.80946428197324993}, {"l": "Peas", "v": 0.029275976955517247}, {"l": "Pulses, Other", "v": 0.06255814023126316}]}, {"source": 0, "prod": 153.0, "target": 15, "value": 0.13484959087822521, "supply": [{"l": "Fats, Animals, Raw", "v": 0.016544680310246154}, {"l": "Wine", "v": 0.11830491056797905}]}, {"source": 2, "prod": 1270.0, "target": 15, "value": 1.1236336715279536, "supply": [{"l": "Mutton & Goat Meat", "v": 0.016062225194513512}, {"l": "Eggs", "v": 0.11745502173488008}, {"l": "Pigmeat", "v": 0.031854181166342428}, {"l": "Milk - Excluding Butter", "v": 0.66662518151286387}, {"l": "Meat, Other", "v": 0.012424439000634146}, {"l": "Poultry Meat", "v": 0.086581101188090856}, {"l": "Offals, Edible", "v": 0.015384624131657719}, {"l": "Bovine Meat", "v": 0.17724689759897105}]}, {"source": 3, "prod": 4885.0, "target": 15, "value": 17.670509841761366, "supply": [{"l": "Maize", "v": 9.9038829682133898}, {"l": "Rye", "v": 0.012695376922766354}, {"l": "Barley", "v": 0.23383566339470341}, {"l": "Cereals, Other", "v": 0.025470099951300004}, {"l": "Rice", "v": 3.9039100987489475}, {"l": "Wheat", "v": 2.5242785680810926}, {"l": "Oats", "v": 0.063675249878250004}, {"l": "Sorghum", "v": 0.97411147895460193}, {"l": "Millet", "v": 0.028650337616311819}]}, {"source": 4, "prod": 278.0, "target": 15, "value": 0.70529172397318929, "supply": [{"l": "Olives", "v": 0.0092282970838043505}, {"l": "Sunflower seed", "v": 0.017687569410625003}, {"l": "Coconuts - Incl Copra", "v": 0.15510637790855769}, {"l": "Sesame seed", "v": 0.007718212106454546}, {"l": "Cottonseed", "v": 0.004271383221646584}, {"l": "Groundnuts", "v": 0.075466962818666661}, {"l": "Oilcrops, Other", "v": 0.090964642683214303}, {"l": "Soyabeans", "v": 0.32989843746445713}, {"l": "Palm kernels", "v": 0.014949841275763043}]}, {"source": 5, "prod": 1239.0, "target": 15, "value": 0.52595756399434501, "supply": [{"l": "Sugar cane", "v": 0.52595756399434501}]}, {"source": 6, "prod": 27.0, "target": 15, "value": 0.11069926974210156, "supply": [{"l": "Sugar", "v": 0.029027808302437133}, {"l": "Sugar non-centrifugal", "v": 0.081671461439664431}]}, {"source": 7, "prod": 4366.0, "target": 15, "value": 4.2810944067534562, "supply": [{"l": "Roots, Other", "v": 0.032977815363942155}, {"l": "Yams", "v": 0.03918476915584615}, {"l": "Potatoes", "v": 0.96572033022503689}, {"l": "Sweet potatoes", "v": 0.16577521951061638}, {"l": "Cassava", "v": 3.0774362724980149}]}, {"source": 8, "prod": 6546.0, "target": 15, "value": 3.6152513091981806, "supply": [{"l": "Plantains", "v": 0.47653735392754837}, {"l": "Citrus, Other", "v": 0.0069733333200000004}, {"l": "Grapefruit", "v": 0.011855451929283785}, {"l": "Tomatoes", "v": 0.10006890169383935}, {"l": "Treenuts", "v": 0.002927597695551724}, {"l": "Vegetables, Other", "v": 0.29545601442736824}, {"l": "Peas", "v": 0.010978491358318966}, {"l": "Grapes", "v": 0.20445386355465306}, {"l": "Beans", "v": 0.39886645778392021}, {"l": "Apples", "v": 0.11825403548817859}, {"l": "Lemons, Limes", "v": 0.015881705680589161}, {"l": "Pineapples", "v": 0.073841886413432783}, {"l": "Bananas", "v": 0.86806185631001265}, {"l": "Fruits, Other", "v": 0.39316858560333356}, {"l": "Oranges, Mandarines", "v": 0.52012475994763407}, {"l": "Pulses, Other", "v": 0.019549418822269737}, {"l": "Onions", "v": 0.098251595242245984}]}, {"source": 11, "prod": 69.0, "target": 15, "value": 0.088069736575516561, "supply": [{"l": "Nuts", "v": 0.002927597695551724}, {"l": "Cocoa Beans", "v": 0.069618273200220002}, {"l": "Coffee", "v": 0.0089056293536013981}, {"l": "Pepper", "v": 0.0034866666600000002}, {"l": "Tea", "v": 0.0031315696661434428}]}, {"source": 16, "prod": 157.0, "target": 11, "value": 0.20037023739213305, "supply": [{"l": "Nuts", "v": 0.055624356215482756}, {"l": "Infant food", "v": 0.0046488888800000003}, {"l": "Cocoa Beans", "v": 0.054336213229440003}, {"l": "Coffee", "v": 0.030279139802244757}, {"l": "Pimento", "v": 0.0037456029340147061}, {"l": "Pepper", "v": 0.0034866666600000002}, {"l": "Spices, Other", "v": 0.035375138821250006}, {"l": "Tea", "v": 0.012874230849700819}]}, {"source": 16, "prod": 2910.0, "target": 1, "value": 2.2268670790794549, "supply": [{"l": "Pigmeat", "v": 0.019602573025441498}, {"l": "Meat, Other", "v": 0.0010353699167195121}, {"l": "Crustaceans", "v": 0.0029616395292209304}, {"l": "Eggs", "v": 0.0075291680599282092}, {"l": "Marine Fish, Other", "v": 0.015860501801175826}, {"l": "Demersal Fish", "v": 0.058993246210731626}, {"l": "Mutton & Goat Meat", "v": 0.0022946035992162162}, {"l": "Poultry Meat", "v": 0.022970496233575124}, {"l": "Milk - Excluding Butter", "v": 1.1805780608431173}, {"l": "Fish, Seafood", "v": 0.36229021482452589}, {"l": "Pelagic Fish", "v": 0.362813000127303}, {"l": "Cephalopods", "v": 0.0012485343113382355}, {"l": "Molluscs, Other", "v": 0.00073189942388793099}, {"l": "Offals, Edible", "v": 0.023076936197486578}, {"l": "Bovine Meat", "v": 0.16488083497578704}]}, {"source": 16, "prod": 1690.0, "target": 13, "value": 11.260806706578254, "supply": [{"l": "Alcohol, Non-Food", "v": 0.0047008573735620816}, {"l": "Sugar", "v": 3.0520667015133891}, {"l": "Maize Germ Oil", "v": 0.011073956500565219}, {"l": "Beer", "v": 0.0054195558535715194}, {"l": "Beverages, Alcoholic", "v": 0.22087891556682929}, {"l": "Fats, Animals, Raw", "v": 1.4890212279221542}, {"l": "Soyabean Oil", "v": 4.137417277968698}, {"l": "Butter, Ghee", "v": 0.12881429860427587}, {"l": "Palm Oil", "v": 0.081755876386888887}, {"l": "Sunflowerseed Oil", "v": 0.37588352634682054}, {"l": "Olive Oil", "v": 0.116737958110125}, {"l": "Coconut Oil", "v": 0.093390366488100007}, {"l": "Sesameseed Oil", "v": 0.02122508329275}, {"l": "Oilcrops Oil, Other", "v": 0.086829886197613643}, {"l": "Wine", "v": 0.027421668012445471}, {"l": "Sweeteners, Other", "v": 0.094772464935069772}, {"l": "Beverages, Fermented", "v": 0.0031339049157080544}, {"l": "Fish, Body Oil", "v": 0.33813753383622419}, {"l": "Fish, Liver Oil", "v": 0.0082723401551230771}, {"l": "Honey", "v": 0.00424501665855}, {"l": "Cottonseed Oil", "v": 0.91596081096341753}, {"l": "Palmkernel Oil", "v": 0.035375138821250006}, {"l": "Cream", "v": 0.0082723401551230771}]}, {"source": 16, "prod": 12059.0, "target": 3, "value": 39.302249958027858, "supply": [{"l": "Maize", "v": 7.1658764456835549}, {"l": "Barley", "v": 3.0002914349412713}, {"l": "Rice", "v": 0.85894611633640205}, {"l": "Cereals, Other", "v": 0.29290614943995003}, {"l": "Wheat", "v": 25.329615901825999}, {"l": "Oats", "v": 0.20859133580806039}, {"l": "Sorghum", "v": 2.4388599895885439}, {"l": "Millet", "v": 0.0071625844040779547}]}, {"source": 16, "prod": 974.0, "target": 8, "value": 1.3144007746536619, "supply": [{"l": "Pulses, Other", "v": 0.19940407198715132}, {"l": "Tomatoes", "v": 0.0020370259886786633}, {"l": "Treenuts", "v": 0.052696758519931039}, {"l": "Vegetables, Other", "v": 0.017290547045544138}, {"l": "Peas", "v": 0.26714328971909485}, {"l": "Grapes", "v": 0.041583836655183684}, {"l": "Dates", "v": 0.00047888987284206287}, {"l": "Beans", "v": 0.35194099216228253}, {"l": "Apples", "v": 0.11764760453695715}, {"l": "Pineapples", "v": 0.0053508613343067231}, {"l": "Bananas", "v": 0.17763983306426936}, {"l": "Fruits, Other", "v": 0.073749040417677672}, {"l": "Oranges, Mandarines", "v": 0.0026452626062181011}, {"l": "Onions", "v": 0.0047927607435241945}]}, {"source": 16, "prod": 1496.0, "target": 4, "value": 3.7300033891628845, "supply": [{"l": "Olives", "v": 0.057215441919586968}, {"l": "Coconuts - Incl Copra", "v": 0.022857782007576922}, {"l": "Groundnuts", "v": 0.088044789955111113}, {"l": "Oilcrops, Other", "v": 0.12735049975650004}, {"l": "Soyabeans", "v": 3.4323991839132861}, {"l": "Rape and Mustardseed", "v": 0.002135691610823292}]}, {"source": 16, "prod": 61.0, "target": 7, "value": 0.052056910365205253, "supply": [{"l": "Roots, Other", "v": 0.0021049669381239667}, {"l": "Potatoes", "v": 0.046879627680827027}, {"l": "Cassava", "v": 0.0030723157462542575}]}, {"source": 0, "prod": 563.0, "target": 17, "value": 2.2698916192476988, "supply": [{"l": "Alcohol, Non-Food", "v": 0.24052720228059316}, {"l": "Beer", "v": 0.0029182223826923568}, {"l": "Beverages, Alcoholic", "v": 0.048317262780243918}, {"l": "Fats, Animals, Raw", "v": 0.47979572899713857}, {"l": "Butter, Ghee", "v": 0.080508936627672417}, {"l": "Wine", "v": 0.02350428686781041}, {"l": "Beverages, Fermented", "v": 0.00078347622892701359}, {"l": "Fish, Body Oil", "v": 1.3935365030826208}]}, {"source": 2, "prod": 2010.0, "target": 17, "value": 3.2769253683216131, "supply": [{"l": "Mutton & Goat Meat", "v": 0.08260572957178379}, {"l": "Meat, Other", "v": 0.083864963254280486}, {"l": "Pigmeat", "v": 0.0098012865127207489}, {"l": "Poultry Meat", "v": 0.53008837462096448}, {"l": "Milk - Excluding Butter", "v": 0.31192530704550592}, {"l": "Offals, Edible", "v": 0.060256444515659396}, {"l": "Bovine Meat", "v": 2.1908540947407702}, {"l": "Eggs", "v": 0.0075291680599282092}]}, {"source": 3, "prod": 16082.0, "target": 17, "value": 55.859002071476986, "supply": [{"l": "Maize", "v": 20.802432368439572}, {"l": "Rye", "v": 0.11108454807420562}, {"l": "Barley", "v": 0.43169660934406778}, {"l": "Rice", "v": 2.1044179850241851}, {"l": "Cereals, Other", "v": 0.28866113278140004}, {"l": "Wheat", "v": 12.395014049901876}, {"l": "Oats", "v": 0.1646773703747845}, {"l": "Sorghum", "v": 19.199307495130959}, {"l": "Millet", "v": 0.36171051240593677}]}, {"source": 4, "prod": 3063.0, "target": 17, "value": 7.7985698379579151, "supply": [{"l": "Olives", "v": 0.044295826002260875}, {"l": "Sunflower seed", "v": 0.084900333171}, {"l": "Coconuts - Incl Copra", "v": 0.052246358874461538}, {"l": "Sesame seed", "v": 0.061745696851636368}, {"l": "Groundnuts", "v": 0.3836237276615555}, {"l": "Oilcrops, Other", "v": 0.17586497585421429}, {"l": "Soyabeans", "v": 6.9788073866562002}, {"l": "Rape and Mustardseed", "v": 0.017085532886586336}]}, {"source": 5, "prod": 45.0, "target": 17, "value": 0.019102574963475002, "supply": [{"l": "Sugar cane", "v": 0.019102574963475002}]}, {"source": 6, "prod": 3822.0, "target": 17, "value": 15.851333825455498, "supply": [{"l": "Sugar", "v": 15.683310142831031}, {"l": "Sweeteners, Other", "v": 0.023693116233767443}, {"l": "Honey", "v": 0.14433056639070002}]}, {"source": 7, "prod": 36.0, "target": 17, "value": 0.038810235558360343, "supply": [{"l": "Roots, Other", "v": 0.0014033112920826445}, {"l": "Yams", "v": 0.014367748690476925}, {"l": "Potatoes", "v": 0.0025570706007723835}, {"l": "Cassava", "v": 0.020482104975028385}]}, {"source": 8, "prod": 10408.0, "target": 17, "value": 5.557421311411896, "supply": [{"l": "Plantains", "v": 0.006949503078110081}, {"l": "Tomatoes", "v": 0.008657360451884321}, {"l": "Treenuts", "v": 0.27519418338186208}, {"l": "Apples", "v": 0.27592608280574998}, {"l": "Vegetables, Other", "v": 0.023660748588639348}, {"l": "Peas", "v": 0.0036594971194396559}, {"l": "Grapes", "v": 0.13514746912934694}, {"l": "Beans", "v": 0.79773291556784043}, {"l": "Pulses, Other", "v": 0.035188953880085527}, {"l": "Lemons, Limes", "v": 0.0050465233003741264}, {"l": "Pineapples", "v": 0.0067777576901218491}, {"l": "Bananas", "v": 1.5671141548463277}, {"l": "Fruits, Other", "v": 0.15228697956377599}, {"l": "Grapefruit", "v": 0.021416300259351352}, {"l": "Oranges, Mandarines", "v": 2.2230125627005366}, {"l": "Onions", "v": 0.019650319048449195}]}, {"source": 11, "prod": 2322.0, "target": 17, "value": 2.0412673188754051, "supply": [{"l": "Infant food", "v": 0.0011622222200000001}, {"l": "Nuts", "v": 0.27519418338186208}, {"l": "Cocoa Beans", "v": 0.65203455875328009}, {"l": "Coffee", "v": 1.0217725411698673}, {"l": "Cloves", "v": 0.0011622222200000001}, {"l": "Pepper", "v": 0.054624444340000002}, {"l": "Spices, Other", "v": 0.010612541646375}, {"l": "Tea", "v": 0.024704605144020494}]}, {"source": 9, "prod": 14836.0, "target": 17, "value": 12.92811406397, "supply": [{"l": "Crustaceans", "v": 0.057258364231604658}, {"l": "Aquatic Products, Other", "v": 0.00084550469160679946}, {"l": "Marine Fish, Other", "v": 0.0093297069418681305}, {"l": "Demersal Fish", "v": 0.19617595366902027}, {"l": "Freshwater Fish", "v": 0.016676851158589287}, {"l": "Pelagic Fish", "v": 7.1412472359350989}, {"l": "Fish, Seafood", "v": 5.4277661275528963}, {"l": "Cephalopods", "v": 0.048692838142191185}, {"l": "Molluscs, Other", "v": 0.029275976955517247}, {"l": "Aquatic Animals, Others", "v": 0.00084550469160679946}]}, {"source": 12, "prod": 2021.0, "target": 17, "value": 20.797280912934024, "supply": [{"l": "Ricebran Oil", "v": 0.0070750277642500003}, {"l": "Maize Germ Oil", "v": 0.11073956500565219}, {"l": "Groundnut Oil", "v": 1.4390606472484502}, {"l": "Soyabean Oil", "v": 10.606645789904793}, {"l": "Palm Oil", "v": 0.31680402099919447}, {"l": "Sunflowerseed Oil", "v": 4.043287661784718}, {"l": "Olive Oil", "v": 0.063675249878250004}, {"l": "Oilcrops Oil, Other", "v": 3.1065803728479553}, {"l": "Cottonseed Oil", "v": 1.046812355386763}, {"l": "Palmkernel Oil", "v": 0.056600222114000003}]}, {"source": 12, "prod": 44.0, "target": 18, "value": 0.46122213192536116, "supply": [{"l": "Groundnut Oil", "v": 0.076410299853900007}, {"l": "Soyabean Oil", "v": 0.31985021350880205}, {"l": "Oilcrops Oil, Other", "v": 0.05788659079840909}, {"l": "Palmkernel Oil", "v": 0.0070750277642500003}]}, {"source": 2, "prod": 5.0, "target": 18, "value": 0.0088348062436827413, "supply": [{"l": "Poultry Meat", "v": 0.0088348062436827413}]}, {"source": 0, "prod": 427.0, "target": 18, "value": 0.75755926854446043, "supply": [{"l": "Butter, Ghee", "v": 0.016101787325534484}, {"l": "Fats, Animals, Raw", "v": 0.033089360620492309}, {"l": "Wine", "v": 0.29850444322119218}, {"l": "Fish, Body Oil", "v": 0.40986367737724144}]}, {"source": 9, "prod": 26.0, "target": 18, "value": 0.013211235154858073, "supply": [{"l": "Crustaceans", "v": 0.0019744263528139534}, {"l": "Demersal Fish", "v": 0.01123680880204412}]}, {"source": 3, "prod": 6559.0, "target": 18, "value": 20.908668988524965, "supply": [{"l": "Barley", "v": 0.34895475921978814}, {"l": "Rice", "v": 1.8939761865217664}, {"l": "Cereals, Other", "v": 0.0084900333171}, {"l": "Wheat", "v": 18.637486725021336}, {"l": "Oats", "v": 0.019761284444974141}]}, {"source": 8, "prod": 683.0, "target": 18, "value": 2.6690832331136352, "supply": [{"l": "Peas", "v": 0.02561647983607759}, {"l": "Beans", "v": 2.6356469857486498}, {"l": "Pulses, Other", "v": 0.0078197675289078949}]}, {"source": 19, "prod": 1561.0, "target": 1, "value": 1.3524662157478222, "supply": [{"l": "Milk - Excluding Butter", "v": 0.10792352395667294}, {"l": "Fish, Seafood", "v": 0.5013511053632328}, {"l": "Pelagic Fish", "v": 0.74026398873236476}, {"l": "Molluscs, Other", "v": 0.002927597695551724}]}, {"source": 19, "prod": 94.0, "target": 4, "value": 0.41599964773649256, "supply": [{"l": "Sesame seed", "v": 0.069463908958090917}, {"l": "Oilcrops, Other", "v": 0.25470099951300007}, {"l": "Cottonseed", "v": 0.09183473926540156}]}, {"source": 4, "prod": 808.0, "target": 18, "value": 2.1612723977567083, "supply": [{"l": "Sunflower seed", "v": 0.63321498490037509}, {"l": "Coconuts - Incl Copra", "v": 0.0032653974296538461}, {"l": "Soyabeans", "v": 1.5185031018584574}, {"l": "Groundnuts", "v": 0.006288913568222222}]}, {"source": 19, "prod": 434.0, "target": 11, "value": 0.27130933457301942, "supply": [{"l": "Pepper", "v": 0.0058111111000000003}, {"l": "Cocoa Beans", "v": 0.0169800666342}, {"l": "Coffee", "v": 0.24817020465369233}, {"l": "Tea", "v": 0.00034795218512704917}]}, {"source": 19, "prod": 225.0, "target": 13, "value": 1.8988067679090714, "supply": [{"l": "Beverages, Alcoholic", "v": 0.18291535195378053}, {"l": "Honey", "v": 0.02122508329275}, {"l": "Palm Oil", "v": 0.010219484548361111}, {"l": "Sunflowerseed Oil", "v": 1.6457603045455387}, {"l": "Coconut Oil", "v": 0.0084900333171}, {"l": "Cottonseed Oil", "v": 0.030196510251541239}]}, {"source": 7, "prod": 110.0, "target": 18, "value": 0.093759255361654054, "supply": [{"l": "Potatoes", "v": 0.093759255361654054}]}, {"source": 6, "prod": 994.0, "target": 18, "value": 4.1217508018942093, "supply": [{"l": "Sugar", "v": 4.1178019491885811}, {"l": "Sweeteners, Other", "v": 0.0039488527056279069}]}, {"source": 19, "prod": 645.0, "target": 3, "value": 2.2962747826267251, "supply": [{"l": "Maize", "v": 1.932291061472879}, {"l": "Rye", "v": 0.038086130768299059}, {"l": "Sorghum", "v": 0.18622719450602684}, {"l": "Millet", "v": 0.13967039587952013}]}, {"source": 1, "prod": 21858.0, "target": 9, "value": 18.597666857828788, "supply": [{"l": "Pelagic Fish", "v": 9.1058744037714163}, {"l": "Crustaceans", "v": 0.16585181363637208}, {"l": "Freshwater Fish", "v": 0.23044376146414292}, {"l": "Molluscs, Other", "v": 0.090755528562103463}, {"l": "Aquatic Animals, Others", "v": 0.012682570374101993}, {"l": "Aquatic Plants", "v": 0.15810937733047151}, {"l": "Demersal Fish", "v": 0.53702582066435856}, {"l": "Aquatic Products, Other", "v": 0.16994644301296671}, {"l": "Fish, Seafood", "v": 7.8415704275352933}, {"l": "Marine Fish, Other", "v": 0.22297999591064832}, {"l": "Cephalopods", "v": 0.062426715566911775}]}, {"source": 1, "prod": 44646.0, "target": 2, "value": 48.911757688296142, "supply": [{"l": "Poultry Meat", "v": 5.0729457451226301}, {"l": "Pigmeat", "v": 4.0258784351000481}, {"l": "Bovine Meat", "v": 15.622459113955822}, {"l": "Eggs", "v": 2.5930454798392755}, {"l": "Milk - Excluding Butter", "v": 19.16432234552579}, {"l": "Offals, Edible", "v": 1.7115394346469213}, {"l": "Meat, Other", "v": 0.20707398334390242}, {"l": "Mutton & Goat Meat", "v": 0.73886235894762164}]}, {"source": 13, "prod": 18848.0, "target": 0, "value": 28.827928594115736, "supply": [{"l": "Fats, Animals, Raw", "v": 9.7365443625798651}, {"l": "Alcohol, Non-Food", "v": 5.2163847321960564}, {"l": "Beverages, Fermented", "v": 0.0047008573735620816}, {"l": "Fish, Body Oil", "v": 3.9449378947559492}, {"l": "Beer", "v": 2.4621459131687233}, {"l": "Beverages, Alcoholic", "v": 3.2855738690565857}, {"l": "Wine", "v": 2.8165970429926137}, {"l": "Butter, Ghee", "v": 1.3444992416821291}, {"l": "Cream", "v": 0.016544680310246154}]}, {"source": 13, "prod": 5224.0, "target": 12, "value": 53.294118111854878, "supply": [{"l": "Olive Oil", "v": 0.27592608280575004}, {"l": "Ricebran Oil", "v": 0.042450166585500007}, {"l": "Sesameseed Oil", "v": 0.32898879103762502}, {"l": "Soyabean Oil", "v": 31.479451658559842}, {"l": "Coconut Oil", "v": 0.26319103283009998}, {"l": "Cottonseed Oil", "v": 3.8248912985285566}, {"l": "Rape and Mustard Oil", "v": 0.169800666342}, {"l": "Maize Germ Oil", "v": 0.75302904203843479}, {"l": "Groundnut Oil", "v": 1.8465822464692501}, {"l": "Palm Oil", "v": 1.8803851568984444}, {"l": "Palmkernel Oil", "v": 1.1320044422800002}, {"l": "Oilcrops Oil, Other", "v": 4.2064255980177281}, {"l": "Sunflowerseed Oil", "v": 7.0909919294616408}]}, {"source": 13, "prod": 16487.0, "target": 6, "value": 68.275681758816788, "supply": [{"l": "Honey", "v": 0.25470099951300001}, {"l": "Sweeteners, Other", "v": 0.45411806114720926}, {"l": "Sugar non-centrifugal", "v": 4.9207055517397817}, {"l": "Sugar", "v": 62.646157146416819}]}, {"source": 7, "prod": 21071.0, "target": 20, "value": 70.52320010873639, "supply": [{"l": "Roots, Other", "v": 0.71389499863500017}, {"l": "Yams", "v": 0.50992499902499999}, {"l": "Potatoes", "v": 18.127179965340005}, {"l": "Sweet potatoes", "v": 2.4999399952200001}, {"l": "Cassava", "v": 51.616613234639999}]}, {"source": 5, "prod": 101706.8, "target": 20, "value": 354.61770865528803, "supply": [{"l": "Sugar beet", "v": 1.8618799964400006}, {"l": "Sugar cane", "v": 352.75582865884803}]}, {"source": 8, "prod": 58556.0, "target": 20, "value": 282.16951878861039, "supply": [{"l": "Vegetables, Other", "v": 24.635043286230001}, {"l": "Pulses, Other", "v": 0.72522666528000002}, {"l": "Beans", "v": 12.562459975980001}, {"l": "Onions", "v": 6.2864599879800007}, {"l": "Tomatoes", "v": 11.725659977580001}, {"l": "Peas", "v": 0.45152333247000004}]}, {"source": 3, "prod": 162889.0, "target": 20, "value": 557.82222855722932, "supply": [{"l": "Sorghum", "v": 67.826126536979999}, {"l": "Wheat", "v": 156.47462636748003}, {"l": "Oats", "v": 6.2690266546800002}, {"l": "Maize", "v": 253.94439284777997}, {"l": "Barley", "v": 8.03327998464}, {"l": "Cereals, Other", "v": 1.0982999978999999}, {"l": "Rye", "v": 1.0196948360628462}, {"l": "Rice", "v": 71.922959862479999}, {"l": "Millet", "v": 1.220333331}]}, {"source": 4, "prod": 25551.5, "target": 20, "value": 112.81866366056016, "supply": [{"l": "Coconuts - Incl Copra", "v": 2.5400366618100003}, {"l": "Sesame seed", "v": 0.85053535190909091}, {"l": "Groundnuts", "v": 1.69451999676}, {"l": "Oilcrops, Other", "v": 10.642942366481483}, {"l": "Soyabeans", "v": 65.232046541939994}, {"l": "Palm kernels", "v": 1.0181066647199999}, {"l": "Sunflower seed", "v": 11.925870690503086}, {"l": "Cottonseed", "v": 6.8547866535599997}, {"l": "Olives", "v": 0.46023999912000002}, {"l": "Rape and Mustardseed", "v": 0.10634333313000002}]}, {"source": 21, "prod": 0, "target": 3, "value": 0.015210820247374662, "supply": "[{\"l\":'Energy for power irrigation',\"v\":0.015210820247374662}]"}, {"source": 21, "prod": 0, "target": 4, "value": 0.0049303394986912746, "supply": "[{\"l\":'Energy for power irrigation',\"v\":0.0049303394986912746}]"}, {"source": 21, "prod": 0, "target": 5, "value": 0.047487671136040036, "supply": "[{\"l\":'Energy for power irrigation',\"v\":0.047487671136040036}]"}, {"source": 21, "prod": 0, "target": 7, "value": 0.0078705669120058813, "supply": "[{\"l\":'Energy for power irrigation',\"v\":0.0078705669120058813}]"}, {"source": 21, "prod": 0, "target": 8, "value": 0.010936095014461021, "supply": "[{\"l\":'Energy for power irrigation',\"v\":0.010936095014461021}]"}, {"source": 21, "prod": 0, "target": 11, "value": 0.00062546933198015509, "supply": "[{\"l\":'Energy for power irrigation',\"v\":0.00062546933198015509}]"}, {"source": 21, "prod": 0, "target": 13, "value": 3.2870000026296, "supply": "[{\"l\":'Electricity',\"v\":3.2870000026296}]"}, {"source": 22, "prod": 0, "target": 21, "value": 3.0905481470461647, "supply": [{"l": "Coal", "v": 0.21055120923902265}, {"l": "Natural gas", "v": 0.72964707853497501}, {"l": "Oil", "v": 2.150349859272167}]}, {"source": 23, "prod": 0, "target": 21, "value": 2.1440397043743227, "supply": [{"l": "Nuclear", "v": 0.015846748905884347}, {"l": "Hydroelectric", "v": 2.0709667012644615}, {"l": "Renewable", "v": 0.057226254203976777}]}, {"source": 22, "prod": 0, "target": 3, "value": 11.388159013758456, "supply": [{"l": "Motor Gasoline", "v": 0.023649560958436983}, {"l": "Gas-Diesel oil", "v": 10.743200106717511}, {"l": "Natural gas (including LNG)", "v": 0.08512483053785852}, {"l": "Fuel oil", "v": 0.45291845411146575}, {"l": "Liquefied petroleum gas (LPG)", "v": 0.0022955555783584422}, {"l": "Coal", "v": 0.080970505854825056}]}, {"source": 22, "prod": 0, "target": 4, "value": 3.6912861561559285, "supply": [{"l": "Motor Gasoline", "v": 0.0076656197774879215}, {"l": "Gas-Diesel oil", "v": 3.4822332370692304}, {"l": "Natural gas (including LNG)", "v": 0.027591826574417836}, {"l": "Fuel oil", "v": 0.14680613587405761}, {"l": "Liquefied petroleum gas (LPG)", "v": 0.00074406693099769868}, {"l": "Coal", "v": 0.026245269929737011}]}, {"source": 22, "prod": 0, "target": 5, "value": 35.553450852437194, "supply": [{"l": "Motor Gasoline", "v": 0.073833136875036315}, {"l": "Gas-Diesel oil", "v": 33.539910755603394}, {"l": "Natural gas (including LNG)", "v": 0.26575686862059034}, {"l": "Fuel oil", "v": 1.4139962375797019}, {"l": "Liquefied petroleum gas (LPG)", "v": 0.0071666475973511529}, {"l": "Coal", "v": 0.25278720616111339}]}, {"source": 22, "prod": 0, "target": 7, "value": 5.8925992198099175, "supply": [{"l": "Motor Gasoline", "v": 0.012237042377452758}, {"l": "Gas-Diesel oil", "v": 5.5588767675814736}, {"l": "Natural gas (including LNG)", "v": 0.04404632121906861}, {"l": "Fuel oil", "v": 0.23435455424449028}, {"l": "Liquefied petroleum gas (LPG)", "v": 0.0011877941811071523}, {"l": "Coal", "v": 0.041896740206325014}]}, {"source": 22, "prod": 0, "target": 8, "value": 8.1877234093111273, "supply": [{"l": "Motor Gasoline", "v": 0.017003280657162063}, {"l": "Gas-Diesel oil", "v": 7.7240185089103681}, {"l": "Natural gas (including LNG)", "v": 0.06120204037074134}, {"l": "Fuel oil", "v": 0.32563393475251223}, {"l": "Liquefied petroleum gas (LPG)", "v": 0.001650431305322728}, {"l": "Coal", "v": 0.058215213315019866}]}, {"source": 22, "prod": 0, "target": 11, "value": 0.46828140067256924, "supply": [{"l": "Motor Gasoline", "v": 0.00097247057382395918}, {"l": "Gas-Diesel oil", "v": 0.4417606733100079}, {"l": "Natural gas (including LNG)", "v": 0.0035003352893232587}, {"l": "Fuel oil", "v": 0.018624018844971713}, {"l": "Liquefied petroleum gas (LPG)", "v": 9.4393306262822193e-05}, {"l": "Coal", "v": 0.0033295093481795469}]}, {"source": 22, "prod": 0, "target": 1, "value": 3.1838578914359745, "supply": [{"l": "Gas-diesel oils used in fisheries", "v": 1.7507688902895038}, {"l": "Fuel oil used in fisheries", "v": 1.433089001146471}]}, {"source": 24, "prod": 837.57724853758066, "target": 3, "value": 6.8842485612059798, "supply": [{"l": "Potash", "v": 4.1261117989220706}, {"l": "Phosphate", "v": 6.8912819120570168}, {"l": "Nitrogen", "v": 28.385432277761144}]}, {"source": 24, "prod": 271.48701546076967, "target": 4, "value": 2.2314169813413343, "supply": [{"l": "Potash", "v": 4.1261117989220706}, {"l": "Phosphate", "v": 6.8912819120570168}, {"l": "Nitrogen", "v": 28.385432277761144}]}, {"source": 24, "prod": 2614.8881048309586, "target": 5, "value": 21.492393334260271, "supply": [{"l": "Potash", "v": 4.1261117989220706}, {"l": "Phosphate", "v": 6.8912819120570168}, {"l": "Nitrogen", "v": 28.385432277761144}]}, {"source": 24, "prod": 433.38936831671538, "target": 7, "value": 3.5621313024985404, "supply": [{"l": "Potash", "v": 4.1261117989220706}, {"l": "Phosphate", "v": 6.8912819120570168}, {"l": "Nitrogen", "v": 28.385432277761144}]}, {"source": 24, "prod": 602.19134951244803, "target": 8, "value": 4.9495553260192802, "supply": [{"l": "Potash", "v": 4.1261117989220706}, {"l": "Phosphate", "v": 6.8912819120570168}, {"l": "Nitrogen", "v": 28.385432277761144}]}, {"source": 24, "prod": 34.441198673358635, "target": 11, "value": 0.28308048341482633, "supply": [{"l": "Potash", "v": 4.1261117989220706}, {"l": "Phosphate", "v": 6.8912819120570168}, {"l": "Nitrogen", "v": 28.385432277761144}]}, {"source": 22, "prod": 0, "target": 24, "value": 50.401127184875854, "supply": [{"l": "Natural gas (including LNG)", "v": 33.166955336615771}, {"l": "Fuel oil", "v": 12.216445306888726}, {"l": "Liquefied petroleum gas (LPG)", "v": 2.5088632706856768}, {"l": "Coal", "v": 2.5088632706856768}]}, {"source": 25, "prod": 0, "target": 3, "value": 3.4379088046031598, "supply": "[{\"l\":'Labor',\"v\":3.4379088046031598}]"}, {"source": 25, "prod": 0, "target": 4, "value": 1.1143421128232047, "supply": "[{\"l\":'Labor',\"v\":1.1143421128232047}]"}, {"source": 25, "prod": 0, "target": 5, "value": 10.733036092308646, "supply": "[{\"l\":'Labor',\"v\":10.733036092308646}]"}, {"source": 25, "prod": 0, "target": 7, "value": 1.7788844285812591, "supply": "[{\"l\":'Labor',\"v\":1.7788844285812591}]"}, {"source": 25, "prod": 0, "target": 8, "value": 2.4717468701059322, "supply": "[{\"l\":'Labor',\"v\":2.4717468701059322}]"}, {"source": 25, "prod": 0, "target": 11, "value": 0.14136690122250098, "supply": "[{\"l\":'Labor',\"v\":0.14136690122250098}]"}, {"source": 22, "prod": 0, "target": 16, "value": 24.530868393961715, "supply": "[{\"l\":'Fossil Fuels',\"v\":24.530868393961715}]"}, {"source": 23, "prod": 0, "target": 16, "value": 8.8654189758428092, "supply": "[{\"l\":'Renewables & Nuclear',\"v\":2.0142301660634403},{\"l\":'Biomass & Waste',\"v\":6.8511888097793694}]"}]}