{"nodes": [{"layer": 5, "name": "Oilcrops", "fill": "#ff9896"}, {"layer": 16, "name": "Food", "fill": "#b5cf6b"}, {"layer": 13, "name": "Sugar & Sweeteners"}, {"layer": 5, "name": "Vegetables"}, {"layer": 5, "name": "Starchy Roots"}, {"layer": 13, "name": "Fish, Seafood"}, {"layer": 5, "name": "Fruits - Excluding Wine"}, {"layer": 5, "name": "Cereals - Excluding Beer"}, {"layer": 10, "name": "Processing", "fill": "#9edae5"}, {"layer": 16, "name": "Biofuels & Other", "fill": "#e7ba52"}, {"layer": 2, "name": "Import", "fill": "#aec7e8"}, {"layer": 16, "name": "Export", "fill": "#aec7e8"}, {"layer": 16, "name": "Stock Deposit", "fill": "#c7c7c7"}, {"layer": 10, "name": "Feed", "fill": "#dbdb8d"}, {"layer": 2, "name": "Electricity", "fill": "#bcbd22"}, {"layer": 0, "name": "Fossil Fuels", "fill": "#c49c94"}, {"layer": 0, "name": "Renewables & Nuclear", "fill": "#2ca02c"}, {"layer": 0, "name": "Labor", "fill": "#7f7f7f"}], "links": [{"source": 0, "prod": 5.0, "target": 1, "value": 0.010697441979546, "supply": [{"l": "Coconuts - Incl Copra", "v": 0.010697441979546}]}, {"source": 2, "prod": 1.0, "target": 1, "value": 0.0043475532928144928, "supply": [{"l": "Sugar", "v": 0.0043475532928144928}]}, {"source": 3, "prod": 2.0, "target": 1, "value": 0.00050902692655380253, "supply": [{"l": "Vegetables, Other", "v": 0.00050902692655380253}]}, {"source": 4, "prod": 6.0, "target": 1, "value": 0.0063081905225142228, "supply": [{"l": "Roots, Other", "v": 0.0063081905225142228}]}, {"source": 5, "prod": 4.0, "target": 1, "value": 0.0023229331073091018, "supply": [{"l": "Fish, Seafood", "v": 0.0010825442005822849}, {"l": "Marine Fish, Other", "v": 0.00074558366240821549}, {"l": "Demersal Fish", "v": 0.00049480524431860134}]}, {"source": 6, "prod": 2.0, "target": 1, "value": 0.0013961388121453333, "supply": [{"l": "Bananas", "v": 0.0013961388121453333}]}, {"source": 7, "prod": 2.0, "target": 1, "value": 0.0060988021089764064, "supply": [{"l": "Wheat", "v": 0.0060988021089764064}]}, {"source": 0, "prod": 3.0, "target": 8, "value": 0.0064184651877276008, "supply": [{"l": "Coconuts - Incl Copra", "v": 0.0064184651877276008}]}, {"source": 0, "prod": 4.0, "target": 9, "value": 0.0085579535836368022, "supply": [{"l": "Coconuts - Incl Copra", "v": 0.0085579535836368022}]}, {"source": 5, "prod": 6.0, "target": 9, "value": 0.0031082320338292318, "supply": [{"l": "Demersal Fish", "v": 0.0014844157329558039}, {"l": "Fish, Seafood", "v": 0.0016238163008734277}]}, {"source": 10, "prod": 2.0, "target": 7, "value": 0.0060988021089764064, "supply": [{"l": "Wheat", "v": 0.0060988021089764064}]}, {"source": 10, "prod": 1.0, "target": 8, "value": 0.0043475532928144928, "supply": [{"l": "Sugar", "v": 0.0043475532928144928}]}, {"source": 0, "prod": 41.0, "target": 11, "value": 0.087719024232277218, "supply": [{"l": "Coconuts - Incl Copra", "v": 0.087719024232277218}]}, {"source": 0, "prod": 9.0, "target": 12, "value": 0.019255395563182801, "supply": [{"l": "Coconuts - Incl Copra", "v": 0.019255395563182801}]}, {"source": 13, "prod": 10.0, "target": 5, "value": 0.0054311651411383336, "supply": [{"l": "Demersal Fish", "v": 0.0019792209772744053}, {"l": "Marine Fish, Other", "v": 0.00074558366240821549}, {"l": "Fish, Seafood", "v": 0.0027063605014557126}]}, {"source": 8, "prod": 1.0, "target": 2, "value": 0.0043475532928144928, "supply": [{"l": "Sugar", "v": 0.0043475532928144928}]}, {"source": 14, "prod": 0, "target": 8, "value": 1.3207429928756644e-05, "supply": "[{\"l\":'Electricity',\"v\":1.3207429928756644e-05}]"}, {"source": 15, "prod": 0, "target": 14, "value": 1.0121480021322121e-05, "supply": [{"l": "Coal", "v": 7.0304425526852152e-07}, {"l": "Natural gas", "v": 1.3328818107777857e-06}, {"l": "Oil", "v": 8.0855539552758135e-06}]}, {"source": 16, "prod": 0, "target": 14, "value": 9.3497941387322925e-06, "supply": [{"l": "Nuclear", "v": 0.0}, {"l": "Hydroelectric", "v": 9.2956398091899271e-06}, {"l": "Renewable", "v": 5.4154329542365134e-08}]}, {"source": 15, "prod": 0, "target": 4, "value": 4.8619206494405583e-05, "supply": [{"l": "Other fossil fuels", "v": 4.8619206494405583e-05}]}, {"source": 15, "prod": 0, "target": 6, "value": 1.6206402164801861e-05, "supply": [{"l": "Other fossil fuels", "v": 1.6206402164801861e-05}]}, {"source": 15, "prod": 0, "target": 3, "value": 2.0258002706002328e-05, "supply": [{"l": "Other fossil fuels", "v": 2.0258002706002328e-05}]}, {"source": 15, "prod": 0, "target": 0, "value": 0.00050239846710885771, "supply": [{"l": "Other fossil fuels", "v": 0.00050239846710885771}]}, {"source": 17, "prod": 0, "target": 0, "value": 0.0027108410887456123, "supply": "[{\"l\":'Labor',\"v\":0.0027108410887456123}]"}, {"source": 17, "prod": 0, "target": 3, "value": 0.0001093081084171618, "supply": "[{\"l\":'Labor',\"v\":0.0001093081084171618}]"}, {"source": 17, "prod": 0, "target": 4, "value": 0.00026233946020118824, "supply": "[{\"l\":'Labor',\"v\":0.00026233946020118824}]"}, {"source": 17, "prod": 0, "target": 6, "value": 8.7446486733729428e-05, "supply": "[{\"l\":'Labor',\"v\":8.7446486733729428e-05}]"}, {"source": 17, "prod": 0, "target": 7, "value": 4.3723243366864714e-05, "supply": "[{\"l\":'Labor',\"v\":4.3723243366864714e-05}]"}, {"source": 15, "prod": 0, "target": 10, "value": 0.0016358290013165247, "supply": "[{\"l\":'Fossil Fuels',\"v\":0.0016358290013165247}]"}, {"source": 16, "prod": 0, "target": 10, "value": 0.0094971294001256097, "supply": "[{\"l\":'Renewables & Nuclear',\"v\":0.0001166727275598975},{\"l\":'Biomass & Waste',\"v\":0.009380456672565712}]"}]}