{"nodes": [{"layer": 3, "name": "Vegetables, Other"}, {"layer": 5, "name": "Production", "fill": "#b5cf6b"}, {"layer": 3, "name": "Bananas"}, {"layer": 3, "name": "Coconuts - Incl Copra"}, {"layer": 3, "name": "Roots, Other"}, {"layer": 3, "name": "Fruits, Other"}, {"layer": 0, "name": "Fossil Fuels", "fill": "#c49c94"}, {"layer": 0, "name": "Labor", "fill": "#7f7f7f"}], "links": [{"source": 0, "prod": 3.0, "target": 1, "value": 0.00081568185998303342, "supply": [{"l": "Vegetables, Other", "v": 0.00081568185998303342}]}, {"source": 2, "prod": 3.0, "target": 1, "value": 0.0020888673937206966, "supply": [{"l": "Bananas", "v": 0.0020888673937206966}]}, {"source": 3, "prod": 69.0, "target": 1, "value": 0.14766324719700308, "supply": [{"l": "Coconuts - Incl Copra", "v": 0.14766324719700308}]}, {"source": 4, "prod": 9.0, "target": 1, "value": 0.0094437753934482442, "supply": [{"l": "Roots, Other", "v": 0.0094437753934482442}]}, {"source": 5, "prod": 1.0, "target": 1, "value": 0.00045415533791913156, "supply": [{"l": "Fruits, Other", "v": 0.00045415533791913156}]}, {"source": 6, "prod": 0, "target": 4, "value": 5.7381180749094604e-05, "supply": [{"l": "Other fossil fuels", "v": 5.7381180749094604e-05}]}, {"source": 6, "prod": 0, "target": 0, "value": 2.0252181440856919e-05, "supply": [{"l": "Other fossil fuels", "v": 2.0252181440856919e-05}]}, {"source": 6, "prod": 0, "target": 5, "value": 6.750727146952306e-06, "supply": [{"l": "Other fossil fuels", "v": 6.750727146952306e-06}]}, {"source": 6, "prod": 0, "target": 2, "value": 2.0252181440856919e-05, "supply": [{"l": "Other fossil fuels", "v": 2.0252181440856919e-05}]}, {"source": 6, "prod": 0, "target": 3, "value": 0.00046242480956623297, "supply": [{"l": "Other fossil fuels", "v": 0.00046242480956623297}]}, {"source": 7, "prod": 0, "target": 4, "value": 0.00051352885891642992, "supply": "[{\"l\":'Labor',\"v\":0.00051352885891642992}]"}, {"source": 7, "prod": 0, "target": 0, "value": 0.00018124547961756351, "supply": "[{\"l\":'Labor',\"v\":0.00018124547961756351}]"}, {"source": 7, "prod": 0, "target": 5, "value": 6.041515987252117e-05, "supply": "[{\"l\":'Labor',\"v\":6.041515987252117e-05}]"}, {"source": 7, "prod": 0, "target": 2, "value": 0.00018124547961756351, "supply": "[{\"l\":'Labor',\"v\":0.00018124547961756351}]"}, {"source": 7, "prod": 0, "target": 3, "value": 0.0041384384512676998, "supply": "[{\"l\":'Labor',\"v\":0.0041384384512676998}]"}]}