{"nodes": [{"layer": 3, "name": "Fruits, Roots & Vegetables", "fill": "#98df8a"}, {"layer": 5, "name": "Production", "fill": "#b5cf6b"}, {"layer": 3, "name": "Oilcrops", "fill": "#ff9896"}, {"layer": 0, "name": "Fossil Fuels", "fill": "#c49c94"}, {"layer": 0, "name": "Labor", "fill": "#7f7f7f"}], "links": [{"source": 0, "prod": 14.0, "target": 1, "value": 0.010657750004877189, "supply": [{"l": "Roots, Other", "v": 0.0073499651875227646}, {"l": "Bananas", "v": 0.002081365066335804}, {"l": "Vegetables, Other", "v": 0.00076469122255635102}, {"l": "Fruits, Other", "v": 0.00046172852846227053}]}, {"source": 2, "prod": 54.0, "target": 1, "value": 0.11553602188505106, "supply": [{"l": "Coconuts - Incl Copra", "v": 0.11553602188505106}]}, {"source": 3, "prod": 0, "target": 0, "value": 0.00011737812078850108, "supply": [{"l": "Other fossil fuels", "v": 0.00011737812078850108}]}, {"source": 3, "prod": 0, "target": 2, "value": 0.0004651651453470228, "supply": [{"l": "Other fossil fuels", "v": 0.0004651651453470228}]}, {"source": 4, "prod": 0, "target": 0, "value": 0.00084756962838132381, "supply": "[{\"l\":'Labor',\"v\":0.00084756962838132381}]"}, {"source": 4, "prod": 0, "target": 2, "value": 0.0033588870458074686, "supply": "[{\"l\":'Labor',\"v\":0.0033588870458074686}]"}]}