{"nodes": [{"layer": 13, "name": "Animal Products", "fill": "#17becf"}, {"layer": 16, "name": "Food", "fill": "#b5cf6b"}, {"layer": 5, "name": "Cereals", "fill": "#e7ba52"}, {"layer": 5, "name": "Oilcrops", "fill": "#ff9896"}, {"layer": 13, "name": "Sugar", "fill": "#d6616b"}, {"layer": 5, "name": "Starchy Roots"}, {"layer": 5, "name": "Fruits & Vegetables"}, {"layer": 13, "name": "Aquatic Products", "fill": "#1f77b4"}, {"layer": 10, "name": "Processing", "fill": "#9edae5"}, {"layer": 16, "name": "Biofuels & Other", "fill": "#e7ba52"}, {"layer": 2, "name": "Import", "fill": "#aec7e8"}, {"layer": 16, "name": "Export", "fill": "#aec7e8"}, {"layer": 0, "name": "Stock Draw", "fill": "#c7c7c7"}, {"layer": 10, "name": "Feed", "fill": "#dbdb8d"}, {"name": "Crop Residue", "fill": "#bd9e39"}, {"layer": 2, "name": "Electricity", "fill": "#bcbd22"}, {"layer": 0, "name": "Fossil Fuels", "fill": "#c49c94"}, {"layer": 0, "name": "Renewables & Nuclear", "fill": "#2ca02c"}, {"layer": 0, "name": "Labor", "fill": "#7f7f7f"}], "links": [{"source": 0, "prod": 1.0, "target": 1, "value": 0.0038004372112018579, "supply": [{"l": "Pigmeat", "v": 0.0038004372112018579}]}, {"source": 2, "prod": 3.0, "target": 1, "value": 0.010295268453245965, "supply": [{"l": "Wheat", "v": 0.0061018629394807671}, {"l": "Rice", "v": 0.0041934055137651978}]}, {"source": 3, "prod": 6.0, "target": 1, "value": 0.012840797721592528, "supply": [{"l": "Coconuts - Incl Copra", "v": 0.012840797721592528}]}, {"source": 4, "prod": 1.0, "target": 1, "value": 0.0043428844777672919, "supply": [{"l": "Sugar", "v": 0.0043428844777672919}]}, {"source": 5, "prod": 7.0, "target": 1, "value": 0.0073578222669641365, "supply": [{"l": "Roots, Other", "v": 0.0073578222669641365}]}, {"source": 6, "prod": 6.0, "target": 1, "value": 0.002620224153719018, "supply": [{"l": "Bananas", "v": 0.0013942006211010122}, {"l": "Vegetables, Other", "v": 0.00077783172854787002}, {"l": "Fruits, Other", "v": 0.00044819180407013574}]}, {"source": 7, "prod": 6.0, "target": 1, "value": 0.0040015005513958585, "supply": [{"l": "Pelagic Fish", "v": 0.00098551547532975078}, {"l": "Demersal Fish", "v": 0.00048042289028406521}, {"l": "Fish, Seafood", "v": 0.0017887844311504947}, {"l": "Marine Fish, Other", "v": 0.00074677775463154812}]}, {"source": 3, "prod": 3.0, "target": 8, "value": 0.006420398860796264, "supply": [{"l": "Coconuts - Incl Copra", "v": 0.006420398860796264}]}, {"source": 7, "prod": 10.0, "target": 9, "value": 0.0053834218366711501, "supply": [{"l": "Demersal Fish", "v": 0.0024021144514203264}, {"l": "Fish, Seafood", "v": 0.0029813073852508242}]}, {"source": 3, "prod": 4.0, "target": 9, "value": 0.0085605318143950181, "supply": [{"l": "Coconuts - Incl Copra", "v": 0.0085605318143950181}]}, {"source": 10, "prod": 3.0, "target": 8, "value": 0.0092406730939071334, "supply": [{"l": "Beer", "v": 0.00055490413837254915}, {"l": "Sugar", "v": 0.0086857689555345837}]}, {"source": 10, "prod": 4.0, "target": 2, "value": 0.013346199922986348, "supply": [{"l": "Rice", "v": 0.0041934055137651978}, {"l": "Wheat", "v": 0.0091527944092211506}]}, {"source": 3, "prod": 53.0, "target": 11, "value": 0.11342704654073399, "supply": [{"l": "Coconuts - Incl Copra", "v": 0.11342704654073399}]}, {"source": 12, "prod": 11.0, "target": 3, "value": 0.023541462489586301, "supply": [{"l": "Coconuts - Incl Copra", "v": 0.023541462489586301}]}, {"source": 13, "prod": 16.0, "target": 7, "value": 0.0093849223880670095, "supply": [{"l": "Marine Fish, Other", "v": 0.00074677775463154812}, {"l": "Pelagic Fish", "v": 0.00098551547532975078}, {"l": "Demersal Fish", "v": 0.0028825373417043915}, {"l": "Fish, Seafood", "v": 0.0047700918164013187}]}, {"source": 13, "prod": 1.0, "target": 0, "value": 0.0038004372112018579, "supply": [{"l": "Pigmeat", "v": 0.0038004372112018579}]}, {"source": 8, "prod": 1.0, "target": 4, "value": 0.0043428844777672919, "supply": [{"l": "Sugar", "v": 0.0043428844777672919}]}, {"source": 5, "prod": 3.5, "target": 14, "value": 0.01220333331, "supply": [{"l": "Roots, Other", "v": 0.01220333331}]}, {"source": 6, "prod": 6.5, "target": 14, "value": 0.023095304979327682, "supply": [{"l": "Vegetables, Other", "v": 0.010459999980000001}]}, {"source": 2, "prod": 3.0, "target": 14, "value": 0.0099101323843475038, "supply": [{"l": "Wheat", "v": 0.0069733333200000013}, {"l": "Rice", "v": 0.0034866666599999998}]}, {"source": 3, "prod": 60.5, "target": 14, "value": 0.21094333293, "supply": [{"l": "Coconuts - Incl Copra", "v": 0.21094333293}]}, {"source": 15, "prod": 0, "target": 8, "value": 1.3207429928756644e-05, "supply": "[{\"l\":'Electricity',\"v\":1.3207429928756644e-05}]"}, {"source": 16, "prod": 0, "target": 15, "value": 1.0034788521434136e-05, "supply": [{"l": "Coal", "v": 7.0304425526852152e-07}, {"l": "Natural gas", "v": 1.2461903108897995e-06}, {"l": "Oil", "v": 8.0855539552758135e-06}]}, {"source": 17, "prod": 0, "target": 15, "value": 9.3497941387322925e-06, "supply": [{"l": "Nuclear", "v": 0.0}, {"l": "Hydroelectric", "v": 9.2956398091899271e-06}, {"l": "Renewable", "v": 5.4154329542365134e-08}]}, {"source": 16, "prod": 0, "target": 5, "value": 5.5219827243646076e-05, "supply": [{"l": "Other fossil fuels", "v": 5.5219827243646076e-05}]}, {"source": 16, "prod": 0, "target": 6, "value": 5.1275553869099923e-05, "supply": [{"l": "Other fossil fuels", "v": 5.1275553869099923e-05}]}, {"source": 16, "prod": 0, "target": 3, "value": 0.00047725707832008395, "supply": [{"l": "Other fossil fuels", "v": 0.00047725707832008395}]}, {"source": 18, "prod": 0, "target": 2, "value": 8.7044302484776812e-05, "supply": "[{\"l\":'Labor',\"v\":8.7044302484776812e-05}]"}, {"source": 18, "prod": 0, "target": 3, "value": 0.003510786866885998, "supply": "[{\"l\":'Labor',\"v\":0.003510786866885998}]"}, {"source": 18, "prod": 0, "target": 5, "value": 0.00040620674492895846, "supply": "[{\"l\":'Labor',\"v\":0.00040620674492895846}]"}, {"source": 18, "prod": 0, "target": 6, "value": 0.00037719197743403283, "supply": "[{\"l\":'Labor',\"v\":0.00037719197743403283}]"}, {"source": 16, "prod": 0, "target": 10, "value": 0.00076060560128542426, "supply": "[{\"l\":'Fossil Fuels',\"v\":0.00076060560128542426}]"}, {"source": 17, "prod": 0, "target": 10, "value": 0.0044158465292242948, "supply": "[{\"l\":'Renewables & Nuclear',\"v\":5.4248903783883466e-05},{\"l\":'Biomass & Waste',\"v\":0.0043615976254404113}]"}]}