{"nodes": [{"layer": 13, "name": "Animal Products", "fill": "#17becf"}, {"layer": 16, "name": "Food", "fill": "#b5cf6b"}, {"layer": 5, "name": "Cereals", "fill": "#e7ba52"}, {"layer": 5, "name": "Oilcrops", "fill": "#ff9896"}, {"layer": 13, "name": "Sugar", "fill": "#d6616b"}, {"layer": 5, "name": "Starchy Roots"}, {"layer": 5, "name": "Fruits & Vegetables"}, {"layer": 13, "name": "Aquatic Products", "fill": "#1f77b4"}, {"layer": 10, "name": "Processing", "fill": "#9edae5"}, {"layer": 16, "name": "Biofuels & Other", "fill": "#e7ba52"}, {"layer": 0, "name": "Import", "fill": "#aec7e8"}, {"layer": 16, "name": "Export", "fill": "#aec7e8"}, {"layer": 0, "name": "Stock Draw", "fill": "#c7c7c7"}, {"layer": 0, "name": "Production", "fill": "#b5cf6b"}, {"layer": 10, "name": "Feed", "fill": "#dbdb8d"}], "links": [{"source": 0, "prod": 0.0038048479716353257, "target": 1, "value": 1.0, "supply": [{"l": "Pigmeat", "v": 1.0}]}, {"source": 2, "prod": 0.013334649816165228, "target": 1, "value": 4.0, "supply": [{"l": "Wheat", "v": 3.0}, {"l": "Rice", "v": 1.0}]}, {"source": 3, "prod": 0.012837251306737867, "target": 1, "value": 6.0, "supply": [{"l": "Coconuts - Incl Copra", "v": 6.0}]}, {"source": 4, "prod": 0.004344754739037335, "target": 1, "value": 1.0, "supply": [{"l": "Sugar", "v": 1.0}]}, {"source": 5, "prod": 0.0084076152786951592, "target": 1, "value": 8.0, "supply": [{"l": "Roots, Other", "v": 8.0}]}, {"source": 6, "prod": 0.002644722560856406, "target": 1, "value": 6.0, "supply": [{"l": "Bananas", "v": 2.0}, {"l": "Vegetables, Other", "v": 3.0}, {"l": "Fruits, Other", "v": 1.0}]}, {"source": 7, "prod": 0.0037503833952964713, "target": 1, "value": 6.0, "supply": [{"l": "Pelagic Fish", "v": 1.0}, {"l": "Demersal Fish", "v": 2.0}, {"l": "Fish, Seafood", "v": 3.0}]}, {"source": 3, "prod": 0.0085581675378252446, "target": 8, "value": 4.0, "supply": [{"l": "Coconuts - Incl Copra", "v": 4.0}]}, {"source": 7, "prod": 0.0084726101636312667, "target": 9, "value": 14.0, "supply": [{"l": "Marine Fish, Other", "v": 2.0}, {"l": "Demersal Fish", "v": 5.0}, {"l": "Fish, Seafood", "v": 7.0}]}, {"source": 3, "prod": 0.010697709422281558, "target": 9, "value": 5.0, "supply": [{"l": "Coconuts - Incl Copra", "v": 5.0}]}, {"source": 10, "prod": 0.0092420062232221756, "target": 8, "value": 3.0, "supply": [{"l": "Beer", "v": 1.0}, {"l": "Sugar", "v": 2.0}]}, {"source": 10, "prod": 0.013334649816165228, "target": 2, "value": 4.0, "supply": [{"l": "Rice", "v": 1.0}, {"l": "Wheat", "v": 3.0}]}, {"source": 3, "prod": 0.12837251306737868, "target": 11, "value": 60.0, "supply": [{"l": "Coconuts - Incl Copra", "v": 60.0}]}, {"source": 12, "prod": 0.0064186256533689335, "target": 3, "value": 3.0, "supply": [{"l": "Coconuts - Incl Copra", "v": 3.0}]}, {"source": 13, "prod": 0.0084076152786951592, "target": 5, "value": 8.0, "supply": [{"l": "Roots, Other", "v": 8.0}]}, {"source": 13, "prod": 0.0033429952953881702, "target": 6, "value": 7.0, "supply": [{"l": "Bananas", "v": 3.0}, {"l": "Vegetables, Other", "v": 3.0}, {"l": "Fruits, Other", "v": 1.0}]}, {"source": 13, "prod": 0.1519074737963981, "target": 3, "value": 71.0, "supply": [{"l": "Coconuts - Incl Copra", "v": 71.0}]}, {"source": 14, "prod": 0.012222993558927739, "target": 7, "value": 20.0, "supply": [{"l": "Marine Fish, Other", "v": 2.0}, {"l": "Pelagic Fish", "v": 1.0}, {"l": "Demersal Fish", "v": 7.0}, {"l": "Fish, Seafood", "v": 10.0}]}, {"source": 14, "prod": 0.0038048479716353257, "target": 0, "value": 1.0, "supply": [{"l": "Pigmeat", "v": 1.0}]}, {"source": 8, "prod": 0.004344754739037335, "target": 4, "value": 1.0, "supply": [{"l": "Sugar", "v": 1.0}]}]}