{"nodes": [{"layer": 5, "name": "Fruits, Roots & Vegetables", "fill": "#98df8a"}, {"layer": 10, "name": "Feed", "fill": "#dbdb8d"}, {"layer": 13, "name": "Other Processed", "fill": "#9c9ede"}, {"layer": 16, "name": "Food", "fill": "#b5cf6b"}, {"layer": 13, "name": "Animal Products", "fill": "#17becf"}, {"layer": 5, "name": "Cereals", "fill": "#e7ba52"}, {"layer": 5, "name": "Oilcrops", "fill": "#ff9896"}, {"layer": 13, "name": "Sugar", "fill": "#d6616b"}, {"layer": 13, "name": "Aquatic Products", "fill": "#1f77b4"}, {"layer": 13, "name": "Vegetable Oils", "fill": "#f7b6d2"}, {"layer": 10, "name": "Processing", "fill": "#9edae5"}, {"layer": 16, "name": "Biofuels & Other", "fill": "#e7ba52"}, {"name": "Waste", "fill": "#c7c7c7"}, {"layer": 2, "name": "Import", "fill": "#aec7e8"}, {"layer": 16, "name": "Export", "fill": "#aec7e8"}, {"layer": 16, "name": "Stock Deposit", "fill": "#c7c7c7"}, {"layer": 0, "name": "Stock Draw", "fill": "#c7c7c7"}, {"layer": 2, "name": "Electricity", "fill": "#bcbd22"}, {"layer": 0, "name": "Fossil Fuels", "fill": "#c49c94"}, {"layer": 2, "name": "Fertilizers", "fill": "#c5b0d5"}, {"layer": 0, "name": "Labor", "fill": "#7f7f7f"}, {"layer": 0, "name": "Renewables & Nuclear", "fill": "#2ca02c"}], "links": [{"source": 0, "prod": 108.0, "target": 1, "value": 0.13184906025301468, "supply": [{"l": "Yams", "v": 0.063972354687569732}, {"l": "Cassava", "v": 0.06787670556544495}]}, {"source": 2, "prod": 20.0, "target": 3, "value": 0.018591647109773242, "supply": [{"l": "Fats, Animals, Raw", "v": 0.0092282970838043505}, {"l": "Beer", "v": 0.0031837624939125004}, {"l": "Wine", "v": 0.0019078726555280898}, {"l": "Beverages, Fermented", "v": 0.0042717148765283016}]}, {"source": 4, "prod": 38.0, "target": 3, "value": 0.057901138221762016, "supply": [{"l": "Pigmeat", "v": 0.014052468938648277}, {"l": "Milk - Excluding Butter", "v": 0.0076783247053875967}, {"l": "Meat, Other", "v": 0.0076849439508232765}, {"l": "Bovine Meat", "v": 0.013705883381865472}, {"l": "Eggs", "v": 0.0048980961444807687}, {"l": "Poultry Meat", "v": 0.0032240632849746837}, {"l": "Offals, Edible", "v": 0.002149375523316456}, {"l": "Mutton & Goat Meat", "v": 0.0045079822922654868}]}, {"source": 5, "prod": 204.0, "target": 3, "value": 0.7095957164150325, "supply": [{"l": "Maize", "v": 0.49502570714457339}, {"l": "Rice", "v": 0.024994023316696264}, {"l": "Sorghum", "v": 0.15731673002784169}, {"l": "Cereals, Other", "v": 0.0055369782502826094}, {"l": "Wheat", "v": 0.012655950286360249}, {"l": "Millet", "v": 0.014066327389278106}]}, {"source": 6, "prod": 13.0, "target": 3, "value": 0.064362231430202935, "supply": [{"l": "Coconuts - Incl Copra", "v": 0.0065729290196903231}, {"l": "Groundnuts", "v": 0.057789302410512618}]}, {"source": 0, "prod": 710.0, "target": 3, "value": 0.77382647623839906, "supply": [{"l": "Dates", "v": 0.002122508329275}, {"l": "Roots, Other", "v": 0.0075228143316075956}, {"l": "Fruits, Other", "v": 0.042887387402391862}, {"l": "Yams", "v": 0.30241476761396607}, {"l": "Beans", "v": 0.04293809953475862}, {"l": "Pulses, Other", "v": 0.0064598079586630445}, {"l": "Tomatoes", "v": 0.0022833830437188262}, {"l": "Pineapples", "v": 0.0012245240361201922}, {"l": "Bananas", "v": 0.0069400817305994558}, {"l": "Vegetables, Other", "v": 0.011090833856433703}, {"l": "Sweet potatoes", "v": 0.021652433963073828}, {"l": "Oranges, Mandarines", "v": 0.0031401493090643835}, {"l": "Onions", "v": 0.000415160553403423}, {"l": "Cassava", "v": 0.32273452457532315}]}, {"source": 7, "prod": 5.0, "target": 3, "value": 0.02050732685289855, "supply": [{"l": "Sugar", "v": 0.02050732685289855}]}, {"source": 8, "prod": 58.0, "target": 3, "value": 0.044287877857631539, "supply": [{"l": "Fish, Seafood", "v": 0.02196351170347012}, {"l": "Marine Fish, Other", "v": 0.0034986401032005491}, {"l": "Freshwater Fish", "v": 0.018825726050960872}]}, {"source": 9, "prod": 15.0, "target": 3, "value": 0.15422907446579071, "supply": [{"l": "Coconut Oil", "v": 0.020680850387807693}, {"l": "Palm Oil", "v": 0.133548224077983}]}, {"source": 5, "prod": 3.0, "target": 10, "value": 0.0097315585483805714, "supply": [{"l": "Sorghum", "v": 0.0068398578272974653}, {"l": "Barley", "v": 0.0028917007210831065}]}, {"source": 6, "prod": 156.68000000000001, "target": 10, "value": 0.61545925817430258, "supply": [{"l": "Palm kernels", "v": 0.019263100803504206}, {"l": "Oilcrops, Other", "v": 0.0053062708231875}, {"l": "Coconuts - Incl Copra", "v": 0.036151109608296782}, {"l": "Oil Palm", "v": 0.55473877693931406}]}, {"source": 9, "prod": 1.0, "target": 11, "value": 0.010272940313691001, "supply": [{"l": "Palm Oil", "v": 0.010272940313691001}]}, {"source": 6, "prod": 2.0, "target": 11, "value": 0.012842067202336136, "supply": [{"l": "Cottonseed", "v": 0.012842067202336136}]}, {"source": 0, "prod": 183.0, "target": 0, "value": 0.2155938009238452, "supply": [{"l": "Beans", "v": 0.0039034635940689653}, {"l": "Yams", "v": 0.21169033732977624}]}, {"source": 4, "prod": 1.0, "target": 4, "value": 0.001632698714826923, "supply": [{"l": "Eggs", "v": 0.001632698714826923}]}, {"source": 5, "prod": 10.0, "target": 5, "value": 0.03472863006079456, "supply": [{"l": "Maize", "v": 0.027888772233497092}, {"l": "Sorghum", "v": 0.0068398578272974653}]}, {"source": 6, "prod": 5.0, "target": 6, "value": 0.032105168005840339, "supply": [{"l": "Groundnuts", "v": 0.025684134404672272}, {"l": "Cottonseed", "v": 0.0064210336011680681}]}, {"source": 0, "prod": 124.0, "target": 12, "value": 0.15242352232033873, "supply": [{"l": "Roots, Other", "v": 0.00094035179145094945}, {"l": "Bananas", "v": 0.00069400817305994558}, {"l": "Vegetables, Other", "v": 0.0011090833856433704}, {"l": "Fruits, Other", "v": 0.0046504395978497195}, {"l": "Yams", "v": 0.063972354687569732}, {"l": "Sweet potatoes", "v": 0.0022792035750604026}, {"l": "Beans", "v": 0.019517317970344828}, {"l": "Oranges, Mandarines", "v": 0.00034890547878493156}, {"l": "Cassava", "v": 0.058911857660574857}]}, {"source": 5, "prod": 69.0, "target": 12, "value": 0.24013845784140839, "supply": [{"l": "Maize", "v": 0.20916579175122821}, {"l": "Millet", "v": 0.0070331636946390531}, {"l": "Sorghum", "v": 0.023939502395541129}]}, {"source": 6, "prod": 4.0, "target": 12, "value": 0.0065729290196903231, "supply": [{"l": "Coconuts - Incl Copra", "v": 0.0065729290196903231}]}, {"source": 13, "prod": 8.0, "target": 10, "value": 0.026883638096374007, "supply": [{"l": "Sugar", "v": 0.02050732685289855}, {"l": "Beverages, Alcoholic", "v": 0.0044684385879473695}, {"l": "Wine", "v": 0.0019078726555280898}]}, {"source": 13, "prod": 10.0, "target": 5, "value": 0.036376003771356906, "supply": [{"l": "Wheat", "v": 0.012655950286360249}, {"l": "Barley", "v": 0.0028917007210831065}, {"l": "Rice", "v": 0.020828352763913548}]}, {"source": 13, "prod": 8.0, "target": 1, "value": 0.0060762908835647255, "supply": [{"l": "Marine Fish, Other", "v": 0.00069972802064010989}, {"l": "Freshwater Fish", "v": 0.0015688105042467393}, {"l": "Milk - Excluding Butter", "v": 0.0015356649410775195}, {"l": "Fish, Seafood", "v": 0.002272087417600357}]}, {"source": 13, "prod": 6.0, "target": 0, "value": 0.011659571997574586, "supply": [{"l": "Beans", "v": 0.0078069271881379305}, {"l": "Pulses, Other", "v": 0.0032299039793315222}, {"l": "Tomatoes", "v": 0.00062274083010513447}]}, {"source": 0, "prod": 1.0, "target": 14, "value": 0.00035672408895378151, "supply": [{"l": "Coffee", "v": 0.00035672408895378151}]}, {"source": 2, "prod": 1.0, "target": 14, "value": 0.00063675249878250009, "supply": [{"l": "Beer", "v": 0.00063675249878250009}]}, {"source": 9, "prod": 13.0, "target": 14, "value": 0.13176531708139202, "supply": [{"l": "Palm Oil", "v": 0.12327528376429202}, {"l": "Palmkernel Oil", "v": 0.0084900333171}]}, {"source": 6, "prod": 79.0, "target": 14, "value": 0.45056553880597794, "supply": [{"l": "Coconuts - Incl Copra", "v": 0.01643232254922581}, {"l": "Cottonseed", "v": 0.0064210336011680681}, {"l": "Palm kernels", "v": 0.35957788166541182}, {"l": "Groundnuts", "v": 0.025684134404672272}, {"l": "Oilcrops, Other", "v": 0.0424501665855}]}, {"source": 9, "prod": 1.0, "target": 15, "value": 0.010272940313691001, "supply": [{"l": "Palm Oil", "v": 0.010272940313691001}]}, {"source": 6, "prod": 1.0, "target": 15, "value": 0.0064210336011680681, "supply": [{"l": "Palm kernels", "v": 0.0064210336011680681}]}, {"source": 5, "prod": 18.0, "target": 15, "value": 0.062749737525368457, "supply": [{"l": "Maize", "v": 0.062749737525368457}]}, {"source": 16, "prod": 5.0, "target": 6, "value": 0.026531354115937499, "supply": [{"l": "Oilcrops, Other", "v": 0.026531354115937499}]}, {"source": 1, "prod": 58.0, "target": 8, "value": 0.044287877857631539, "supply": [{"l": "Freshwater Fish", "v": 0.018825726050960872}, {"l": "Marine Fish, Other", "v": 0.0034986401032005491}, {"l": "Fish, Seafood", "v": 0.02196351170347012}]}, {"source": 1, "prod": 38.0, "target": 4, "value": 0.057901138221762016, "supply": [{"l": "Poultry Meat", "v": 0.0032240632849746837}, {"l": "Pigmeat", "v": 0.014052468938648277}, {"l": "Bovine Meat", "v": 0.013705883381865472}, {"l": "Eggs", "v": 0.0065307948593076922}, {"l": "Milk - Excluding Butter", "v": 0.0076783247053875967}, {"l": "Offals, Edible", "v": 0.002149375523316456}, {"l": "Meat, Other", "v": 0.0076849439508232765}, {"l": "Mutton & Goat Meat", "v": 0.0045079822922654868}]}, {"source": 10, "prod": 21.0, "target": 2, "value": 0.019228399608555741, "supply": [{"l": "Fats, Animals, Raw", "v": 0.0092282970838043505}, {"l": "Beer", "v": 0.0038205149926950005}, {"l": "Beverages, Fermented", "v": 0.0042717148765283016}, {"l": "Wine", "v": 0.0019078726555280898}]}, {"source": 10, "prod": 30.0, "target": 9, "value": 0.30654027217456475, "supply": [{"l": "Palm Oil", "v": 0.27736938846965703}, {"l": "Palmkernel Oil", "v": 0.0084900333171}, {"l": "Coconut Oil", "v": 0.020680850387807693}]}, {"source": 10, "prod": 5.0, "target": 7, "value": 0.02050732685289855, "supply": [{"l": "Sugar", "v": 0.02050732685289855}]}, {"source": 17, "prod": 0, "target": 0, "value": 0.0012764962302478306, "supply": "[{\"l\":'Energy for power irrigation',\"v\":0.0012764962302478306}]"}, {"source": 17, "prod": 0, "target": 5, "value": 0.00033926433141697897, "supply": "[{\"l\":'Energy for power irrigation',\"v\":0.00033926433141697897}]"}, {"source": 17, "prod": 0, "target": 6, "value": 0.00029351470652489673, "supply": "[{\"l\":'Energy for power irrigation',\"v\":0.00029351470652489673}]"}, {"source": 17, "prod": 0, "target": 10, "value": 0.00030240000000000003, "supply": "[{\"l\":'Electricity',\"v\":0.00030240000000000003}]"}, {"source": 18, "prod": 0, "target": 17, "value": 0.0058201980741834384, "supply": [{"l": "Coal", "v": 0.0}, {"l": "Natural gas", "v": 0.0}, {"l": "Oil", "v": 0.0058201980741834384}]}, {"source": 18, "prod": 0, "target": 0, "value": 0.064282774381661328, "supply": [{"l": "Other fossil fuels", "v": 0.064282774381661328}]}, {"source": 18, "prod": 0, "target": 5, "value": 0.017084932924548209, "supply": [{"l": "Other fossil fuels", "v": 0.017084932924548209}]}, {"source": 18, "prod": 0, "target": 6, "value": 0.01478103829070947, "supply": [{"l": "Other fossil fuels", "v": 0.01478103829070947}]}, {"source": 19, "prod": 0.54154681817101291, "target": 0, "value": 0.0029561881961985967, "supply": [{"l": "Potash", "v": 0.0013306583343978599}, {"l": "Phosphate", "v": 0.00066912500053530001}, {"l": "Nitrogen", "v": 0.0024218333352707998}]}, {"source": 19, "prod": 0.1439311098961181, "target": 5, "value": 0.00078568912947856037, "supply": [{"l": "Potash", "v": 0.0013306583343978599}, {"l": "Phosphate", "v": 0.00066912500053530001}, {"l": "Nitrogen", "v": 0.0024218333352707998}]}, {"source": 19, "prod": 0.124522071932869, "target": 6, "value": 0.00067973934452680265, "supply": [{"l": "Potash", "v": 0.0013306583343978599}, {"l": "Phosphate", "v": 0.00066912500053530001}, {"l": "Nitrogen", "v": 0.0024218333352707998}]}, {"source": 18, "prod": 0, "target": 19, "value": 0.0065665512447486132, "supply": [{"l": "Natural gas (including LNG)", "v": 0.0039858739723896384}, {"l": "Fuel oil", "v": 0.0021525669203215714}, {"l": "Liquefied petroleum gas (LPG)", "v": 0.00021405517601870178}, {"l": "Coal", "v": 0.00021405517601870178}]}, {"source": 20, "prod": 0, "target": 5, "value": 0.045491371678400547, "supply": "[{\"l\":'Labor',\"v\":0.045491371678400547}]"}, {"source": 20, "prod": 0, "target": 6, "value": 0.039356883029326599, "supply": "[{\"l\":'Labor',\"v\":0.039356883029326599}]"}, {"source": 20, "prod": 0, "target": 0, "value": 0.17116318775317929, "supply": "[{\"l\":'Labor',\"v\":0.17116318775317929}]"}, {"source": 18, "prod": 0, "target": 13, "value": 0.031903225901050623, "supply": "[{\"l\":'Fossil Fuels',\"v\":0.031903225901050623}]"}, {"source": 21, "prod": 0, "target": 13, "value": 0.26710764279546895, "supply": "[{\"l\":'Renewables & Nuclear',\"v\":0.0},{\"l\":'Biomass & Waste',\"v\":0.26710764279546895}]"}]}