{"nodes": [{"layer": 5, "name": "Starchy Roots"}, {"layer": 10, "name": "Feed", "fill": "#dbdb8d"}, {"layer": 13, "name": "Milk - Excluding Butter"}, {"layer": 16, "name": "Food", "fill": "#b5cf6b"}, {"layer": 13, "name": "Fish, Seafood"}, {"layer": 13, "name": "Meat"}, {"layer": 5, "name": "Vegetables"}, {"layer": 13, "name": "Alcoholic Beverages"}, {"layer": 13, "name": "Animal Fats"}, {"layer": 5, "name": "Pulses"}, {"layer": 13, "name": "Sugar & Sweeteners"}, {"layer": 5, "name": "Fruits - Excluding Wine"}, {"layer": 5, "name": "Cereals - Excluding Beer"}, {"layer": 13, "name": "Vegetable Oils", "fill": "#f7b6d2"}, {"layer": 13, "name": "Eggs"}, {"layer": 5, "name": "Oilcrops", "fill": "#ff9896"}, {"layer": 10, "name": "Processing", "fill": "#9edae5"}, {"layer": 16, "name": "Biofuels & Other", "fill": "#e7ba52"}, {"name": "Seed", "fill": "#dbdb8d"}, {"name": "Waste", "fill": "#c7c7c7"}, {"layer": 0, "name": "Import", "fill": "#aec7e8"}, {"layer": 16, "name": "Export", "fill": "#aec7e8"}, {"layer": 5, "name": "Stimulants"}, {"layer": 16, "name": "Stock Deposit", "fill": "#c7c7c7"}, {"layer": 0, "name": "Stock Draw", "fill": "#c7c7c7"}, {"layer": 0, "name": "Production", "fill": "#b5cf6b"}, {"layer": 5, "name": "Treenuts"}, {"layer": 5, "name": "Others"}], "links": [{"source": 0, "prod": 0.13955778513539285, "target": 1, "value": 114.0, "supply": [{"l": "Yams", "v": 54.0}, {"l": "Cassava", "v": 60.0}]}, {"source": 2, "prod": 0.0089368771758947373, "target": 3, "value": 11.0, "supply": [{"l": "Milk - Excluding Butter", "v": 11.0}]}, {"source": 4, "prod": 0.04011273169364149, "target": 3, "value": 52.0, "supply": [{"l": "Fish, Seafood", "v": 26.0}, {"l": "Marine Fish, Other", "v": 5.0}, {"l": "Freshwater Fish", "v": 21.0}]}, {"source": 5, "prod": 0.047337843505438341, "target": 3, "value": 26.0, "supply": [{"l": "Pigmeat", "v": 4.0}, {"l": "Meat, Other", "v": 6.0}, {"l": "Bovine Meat", "v": 7.0}, {"l": "Poultry Meat", "v": 4.0}, {"l": "Offals, Edible", "v": 2.0}, {"l": "Mutton & Goat Meat", "v": 3.0}]}, {"source": 6, "prod": 0.015020485329836363, "target": 3, "value": 56.0, "supply": [{"l": "Tomatoes", "v": 14.0}, {"l": "Vegetables, Other", "v": 41.0}, {"l": "Onions", "v": 1.0}]}, {"source": 7, "prod": 0.01247842103510122, "target": 3, "value": 20.0, "supply": [{"l": "Beer", "v": 5.0}, {"l": "Wine", "v": 2.0}, {"l": "Beverages, Fermented", "v": 12.0}, {"l": "Beverages, Alcoholic", "v": 1.0}]}, {"source": 8, "prod": 0.0088437847053125015, "target": 3, "value": 1.0, "supply": [{"l": "Fats, Animals, Raw", "v": 1.0}]}, {"source": 0, "prod": 0.7297819315267372, "target": 3, "value": 601.0, "supply": [{"l": "Roots, Other", "v": 6.0}, {"l": "Yams", "v": 273.0}, {"l": "Sweet potatoes", "v": 34.0}, {"l": "Cassava", "v": 288.0}]}, {"source": 9, "prod": 0.050638897741937243, "target": 3, "value": 13.0, "supply": [{"l": "Beans", "v": 12.0}, {"l": "Pulses, Other", "v": 1.0}]}, {"source": 10, "prod": 0.025015276737883934, "target": 3, "value": 6.0, "supply": [{"l": "Sugar", "v": 6.0}]}, {"source": 11, "prod": 0.056243109900284062, "target": 3, "value": 105.0, "supply": [{"l": "Dates", "v": 1.0}, {"l": "Fruits, Other", "v": 82.0}, {"l": "Pineapples", "v": 3.0}, {"l": "Bananas", "v": 10.0}, {"l": "Oranges, Mandarines", "v": 9.0}]}, {"source": 12, "prod": 0.77902148434771323, "target": 3, "value": 224.0, "supply": [{"l": "Maize", "v": 159.0}, {"l": "Rice", "v": 7.0}, {"l": "Sorghum", "v": 45.0}, {"l": "Cereals, Other", "v": 2.0}, {"l": "Wheat", "v": 7.0}, {"l": "Millet", "v": 4.0}]}, {"source": 13, "prod": 0.15402093204513498, "target": 3, "value": 15.0, "supply": [{"l": "Coconut Oil", "v": 2.0}, {"l": "Palm Oil", "v": 13.0}]}, {"source": 14, "prod": 0.0047166851761666663, "target": 3, "value": 3.0, "supply": [{"l": "Eggs", "v": 3.0}]}, {"source": 15, "prod": 0.11569632884469132, "target": 3, "value": 21.0, "supply": [{"l": "Coconuts - Incl Copra", "v": 4.0}, {"l": "Groundnuts", "v": 17.0}]}, {"source": 12, "prod": 0.0097947555961892217, "target": 16, "value": 3.0, "supply": [{"l": "Sorghum", "v": 2.0}, {"l": "Barley", "v": 1.0}]}, {"source": 15, "prod": 0.83826068272824683, "target": 16, "value": 190.53719008264463, "supply": [{"l": "Palm kernels", "v": 38.0}, {"l": "Oilcrops, Other", "v": 1.0}, {"l": "Coconuts - Incl Copra", "v": 21.0}, {"l": "Oil Palm", "v": 130.53719008264463}]}, {"source": 13, "prod": 0.01026171382335434, "target": 17, "value": 1.0, "supply": [{"l": "Palm Oil", "v": 1.0}]}, {"source": 15, "prod": 0.019234177228724166, "target": 17, "value": 3.0, "supply": [{"l": "Cottonseed", "v": 3.0}]}, {"source": 0, "prod": 0.18706547966031248, "target": 18, "value": 161.0, "supply": [{"l": "Yams", "v": 161.0}]}, {"source": 12, "prod": 0.027807703071990819, "target": 18, "value": 8.0, "supply": [{"l": "Maize", "v": 7.0}, {"l": "Sorghum", "v": 1.0}]}, {"source": 14, "prod": 0.0015722283920555555, "target": 14, "value": 1.0, "supply": [{"l": "Eggs", "v": 1.0}]}, {"source": 9, "prod": 0.0039424560759751624, "target": 18, "value": 1.0, "supply": [{"l": "Beans", "v": 1.0}]}, {"source": 15, "prod": 0.032056962047873609, "target": 18, "value": 5.0, "supply": [{"l": "Groundnuts", "v": 4.0}, {"l": "Cottonseed", "v": 1.0}]}, {"source": 15, "prod": 0.0067026578819210534, "target": 19, "value": 4.0, "supply": [{"l": "Coconuts - Incl Copra", "v": 4.0}]}, {"source": 6, "prod": 0.0016109824257729466, "target": 19, "value": 6.0, "supply": [{"l": "Vegetables, Other", "v": 5.0}, {"l": "Tomatoes", "v": 1.0}]}, {"source": 0, "prod": 0.13477565511961548, "target": 19, "value": 111.0, "supply": [{"l": "Roots, Other", "v": 1.0}, {"l": "Yams", "v": 54.0}, {"l": "Sweet potatoes", "v": 4.0}, {"l": "Cassava", "v": 52.0}]}, {"source": 9, "prod": 0.023654736455850974, "target": 19, "value": 6.0, "supply": [{"l": "Beans", "v": 6.0}]}, {"source": 11, "prod": 0.0057400698411090465, "target": 19, "value": 11.0, "supply": [{"l": "Bananas", "v": 1.0}, {"l": "Fruits, Other", "v": 9.0}, {"l": "Oranges, Mandarines", "v": 1.0}]}, {"source": 12, "prod": 0.23651275213106274, "target": 19, "value": 68.0, "supply": [{"l": "Maize", "v": 60.0}, {"l": "Millet", "v": 1.0}, {"l": "Sorghum", "v": 7.0}]}, {"source": 20, "prod": 0.054438400530323623, "target": 12, "value": 15.0, "supply": [{"l": "Wheat", "v": 7.0}, {"l": "Barley", "v": 1.0}, {"l": "Rice", "v": 7.0}]}, {"source": 20, "prod": 0.0297319619140506, "target": 16, "value": 9.0, "supply": [{"l": "Sugar", "v": 6.0}, {"l": "Beverages, Alcoholic", "v": 1.0}, {"l": "Wine", "v": 2.0}]}, {"source": 20, "prod": 0.00072221455438468811, "target": 6, "value": 3.0, "supply": [{"l": "Tomatoes", "v": 3.0}]}, {"source": 20, "prod": 0.012449307711295862, "target": 1, "value": 16.0, "supply": [{"l": "Freshwater Fish", "v": 6.0}, {"l": "Milk - Excluding Butter", "v": 2.0}, {"l": "Marine Fish, Other", "v": 1.0}, {"l": "Fish, Seafood", "v": 7.0}]}, {"source": 13, "prod": 0.29376957569327311, "target": 21, "value": 30.0, "supply": [{"l": "Palm Oil", "v": 13.0}, {"l": "Palmkernel Oil", "v": 17.0}]}, {"source": 22, "prod": 0.00036282193662820516, "target": 21, "value": 1.0, "supply": [{"l": "Coffee", "v": 1.0}]}, {"source": 15, "prod": 0.17319151148271483, "target": 21, "value": 36.0, "supply": [{"l": "Coconuts - Incl Copra", "v": 11.0}, {"l": "Cottonseed", "v": 1.0}, {"l": "Palm kernels", "v": 17.0}, {"l": "Groundnuts", "v": 2.0}, {"l": "Oilcrops, Other", "v": 5.0}]}, {"source": 12, "prod": 0.01021765637581221, "target": 23, "value": 3.0, "supply": [{"l": "Sorghum", "v": 3.0}]}, {"source": 24, "prod": 0.032056962047873616, "target": 15, "value": 5.0, "supply": [{"l": "Palm kernels", "v": 5.0}]}, {"source": 15, "prod": 0.010612541646375, "target": 23, "value": 2.0, "supply": [{"l": "Oilcrops, Other", "v": 2.0}]}, {"source": 24, "prod": 0.027887791558156291, "target": 12, "value": 8.0, "supply": [{"l": "Maize", "v": 8.0}]}, {"source": 25, "prod": 0.003068686741120482, "target": 26, "value": 1.0, "supply": [{"l": "Treenuts", "v": 1.0}]}, {"source": 25, "prod": 0.015394466168234115, "target": 6, "value": 57.0, "supply": [{"l": "Tomatoes", "v": 11.0}, {"l": "Vegetables, Other", "v": 45.0}, {"l": "Onions", "v": 1.0}]}, {"source": 25, "prod": 0.0047166851761666672, "target": 27, "value": 1.0, "supply": [{"l": "Nuts", "v": 1.0}]}, {"source": 25, "prod": 1.191327194606719, "target": 0, "value": 987.0, "supply": [{"l": "Roots, Other", "v": 6.0}, {"l": "Yams", "v": 543.0}, {"l": "Sweet potatoes", "v": 38.0}, {"l": "Cassava", "v": 400.0}]}, {"source": 25, "prod": 0.081565515103998676, "target": 9, "value": 21.0, "supply": [{"l": "Beans", "v": 19.0}, {"l": "Pulses, Other", "v": 2.0}]}, {"source": 25, "prod": 0.99573967471143288, "target": 12, "value": 287.0, "supply": [{"l": "Maize", "v": 219.0}, {"l": "Rice", "v": 1.0}, {"l": "Cereals, Other", "v": 2.0}, {"l": "Sorghum", "v": 59.0}, {"l": "Millet", "v": 6.0}]}, {"source": 25, "prod": 0.00036282193662820516, "target": 22, "value": 1.0, "supply": [{"l": "Coffee", "v": 1.0}]}, {"source": 25, "prod": 0.061277636806454053, "target": 11, "value": 115.0, "supply": [{"l": "Fruits, Other", "v": 91.0}, {"l": "Dates", "v": 1.0}, {"l": "Pineapples", "v": 3.0}, {"l": "Bananas", "v": 10.0}, {"l": "Oranges, Mandarines", "v": 10.0}]}, {"source": 25, "prod": 1.1636978998126732, "target": 15, "value": 256.53719008264466, "supply": [{"l": "Coconuts - Incl Copra", "v": 40.0}, {"l": "Groundnuts", "v": 23.0}, {"l": "Oilcrops, Other", "v": 8.0}, {"l": "Cottonseed", "v": 5.0}, {"l": "Palm kernels", "v": 50.0}, {"l": "Oil Palm", "v": 130.53719008264463}]}, {"source": 1, "prod": 0.0089368771758947373, "target": 2, "value": 11.0, "supply": [{"l": "Milk - Excluding Butter", "v": 11.0}]}, {"source": 1, "prod": 0.0047166851761666663, "target": 14, "value": 3.0, "supply": [{"l": "Eggs", "v": 4.0}]}, {"source": 1, "prod": 0.047337843505438341, "target": 5, "value": 26.0, "supply": [{"l": "Pigmeat", "v": 4.0}, {"l": "Bovine Meat", "v": 7.0}, {"l": "Poultry Meat", "v": 4.0}, {"l": "Offals, Edible", "v": 2.0}, {"l": "Meat, Other", "v": 6.0}, {"l": "Mutton & Goat Meat", "v": 3.0}]}, {"source": 1, "prod": 0.04011273169364149, "target": 4, "value": 52.0, "supply": [{"l": "Freshwater Fish", "v": 21.0}, {"l": "Marine Fish, Other", "v": 5.0}, {"l": "Fish, Seafood", "v": 26.0}]}, {"source": 16, "prod": 0.025015276737883934, "target": 10, "value": 6.0, "supply": [{"l": "Sugar", "v": 6.0}]}, {"source": 16, "prod": 0.4580522215617624, "target": 13, "value": 46.0, "supply": [{"l": "Palm Oil", "v": 27.0}, {"l": "Palmkernel Oil", "v": 17.0}, {"l": "Coconut Oil", "v": 2.0}]}, {"source": 16, "prod": 0.0088437847053125015, "target": 8, "value": 1.0, "supply": [{"l": "Fats, Animals, Raw", "v": 1.0}]}, {"source": 16, "prod": 0.01247842103510122, "target": 7, "value": 20.0, "supply": [{"l": "Beer", "v": 5.0}, {"l": "Beverages, Alcoholic", "v": 1.0}, {"l": "Beverages, Fermented", "v": 12.0}, {"l": "Wine", "v": 2.0}]}]}