{"nodes": [{"layer": 5, "name": "Fruits, Roots & Vegetables", "fill": "#98df8a"}, {"layer": 10, "name": "Feed", "fill": "#dbdb8d"}, {"layer": 13, "name": "Other Processed", "fill": "#9c9ede"}, {"layer": 16, "name": "Food", "fill": "#b5cf6b"}, {"layer": 13, "name": "Animal Products", "fill": "#17becf"}, {"layer": 5, "name": "Cereals", "fill": "#e7ba52"}, {"layer": 5, "name": "Oilcrops", "fill": "#ff9896"}, {"layer": 13, "name": "Sugar", "fill": "#d6616b"}, {"layer": 13, "name": "Aquatic Products", "fill": "#1f77b4"}, {"layer": 13, "name": "Vegetable Oils", "fill": "#f7b6d2"}, {"layer": 10, "name": "Processing", "fill": "#9edae5"}, {"layer": 16, "name": "Biofuels & Other", "fill": "#e7ba52"}, {"name": "Waste", "fill": "#c7c7c7"}, {"layer": 2, "name": "Import", "fill": "#aec7e8"}, {"layer": 16, "name": "Export", "fill": "#aec7e8"}, {"layer": 16, "name": "Stock Deposit", "fill": "#c7c7c7"}, {"name": "Crop Residue", "fill": "#bd9e39"}, {"layer": 2, "name": "Electricity", "fill": "#bcbd22"}, {"layer": 0, "name": "Fossil Fuels", "fill": "#c49c94"}, {"layer": 2, "name": "Fertilizers", "fill": "#c5b0d5"}, {"layer": 0, "name": "Labor", "fill": "#7f7f7f"}, {"layer": 0, "name": "Renewables & Nuclear", "fill": "#2ca02c"}], "links": [{"source": 0, "prod": 103.0, "target": 1, "value": 0.12467781721213861, "supply": [{"l": "Yams", "v": 0.071027037865180068}, {"l": "Cassava", "v": 0.053650779346958541}]}, {"source": 2, "prod": 22.0, "target": 3, "value": 0.010595728363886517, "supply": [{"l": "Beer", "v": 0.004402239497755556}, {"l": "Wine", "v": 0.0011026017294935065}, {"l": "Beverages, Fermented", "v": 0.0050908871366374545}]}, {"source": 4, "prod": 33.0, "target": 3, "value": 0.051330113911099762, "supply": [{"l": "Pigmeat", "v": 0.010419586343713635}, {"l": "Milk - Excluding Butter", "v": 0.0073370658295925928}, {"l": "Meat, Other", "v": 0.0062734236333251234}, {"l": "Bovine Meat", "v": 0.013006008485770215}, {"l": "Eggs", "v": 0.0046309272638727274}, {"l": "Poultry Meat", "v": 0.0041926090454814822}, {"l": "Offals, Edible", "v": 0.0023260365252328768}, {"l": "Mutton & Goat Meat", "v": 0.003144456784111111}]}, {"source": 5, "prod": 203.0, "target": 3, "value": 0.70269377332514227, "supply": [{"l": "Maize", "v": 0.48197756659766411}, {"l": "Rice", "v": 0.012950898280322034}, {"l": "Sorghum", "v": 0.17030527456292721}, {"l": "Cereals, Other", "v": 0.0052246358874461539}, {"l": "Wheat", "v": 0.015083815537994925}, {"l": "Millet", "v": 0.017151582458787878}]}, {"source": 6, "prod": 6.0, "target": 3, "value": 0.019442486313025038, "supply": [{"l": "Coconuts - Incl Copra", "v": 0.006288913568222222}, {"l": "Groundnuts", "v": 0.013153572744802817}]}, {"source": 0, "prod": 725.0, "target": 3, "value": 0.82988526949934416, "supply": [{"l": "Roots, Other", "v": 0.0074554056010376346}, {"l": "Fruits, Other", "v": 0.044225555727379871}, {"l": "Yams", "v": 0.36794334369503118}, {"l": "Beans", "v": 0.093671028746516533}, {"l": "Pulses, Other", "v": 0.0067920266536800012}, {"l": "Tomatoes", "v": 0.0022342192939736843}, {"l": "Pineapples", "v": 0.0011630182626164384}, {"l": "Bananas", "v": 0.0066156103769610397}, {"l": "Vegetables, Other", "v": 0.0093653575884376349}, {"l": "Sweet potatoes", "v": 0.029320418666265658}, {"l": "Oranges, Mandarines", "v": 0.0030645842187393053}, {"l": "Cassava", "v": 0.25803470066870532}]}, {"source": 7, "prod": 6.0, "target": 3, "value": 0.025684134404672269, "supply": [{"l": "Sugar", "v": 0.025684134404672269}]}, {"source": 8, "prod": 42.0, "target": 3, "value": 0.03142473095403038, "supply": [{"l": "Fish, Seafood", "v": 0.015694603843230636}, {"l": "Marine Fish, Other", "v": 0.0042099338762479335}, {"l": "Freshwater Fish", "v": 0.011520193234551812}]}, {"source": 9, "prod": 16.0, "target": 3, "value": 0.16407090617807482, "supply": [{"l": "Coconut Oil", "v": 0.030977148589418923}, {"l": "Palm Oil", "v": 0.13309375758865591}]}, {"source": 5, "prod": 4.0, "target": 10, "value": 0.013228230485950451, "supply": [{"l": "Sorghum", "v": 0.010218316473775633}, {"l": "Barley", "v": 0.003009914012174817}]}, {"source": 6, "prod": 150.58823529411768, "target": 10, "value": 0.55906591941034323, "supply": [{"l": "Coconuts - Incl Copra", "v": 0.047166851761666663}, {"l": "Oil Palm", "v": 0.51189906764867654}]}, {"source": 9, "prod": 1.0, "target": 11, "value": 0.010237981352973531, "supply": [{"l": "Palm Oil", "v": 0.010237981352973531}]}, {"source": 0, "prod": 177.0, "target": 0, "value": 0.21157201129838207, "supply": [{"l": "Beans", "v": 0.007805919062209711}, {"l": "Yams", "v": 0.20376609223617237}]}, {"source": 4, "prod": 1.0, "target": 4, "value": 0.0015436424212909091, "supply": [{"l": "Eggs", "v": 0.0015436424212909091}]}, {"source": 5, "prod": 11.0, "target": 5, "value": 0.038245530543234312, "supply": [{"l": "Maize", "v": 0.031433319560717224}, {"l": "Sorghum", "v": 0.0068122109825170885}]}, {"source": 6, "prod": 5.0, "target": 6, "value": 0.031967167701005633, "supply": [{"l": "Groundnuts", "v": 0.026307145489605634}, {"l": "Cottonseed", "v": 0.0056600222113999997}]}, {"source": 0, "prod": 128.0, "target": 12, "value": 0.17164054182882685, "supply": [{"l": "Roots, Other", "v": 0.0010650579430053764}, {"l": "Bananas", "v": 0.00066156103769610401}, {"l": "Vegetables, Other", "v": 0.0011018067751103102}, {"l": "Fruits, Other", "v": 0.0051425064799278915}, {"l": "Yams", "v": 0.071027037865180068}, {"l": "Sweet potatoes", "v": 0.003383125230722961}, {"l": "Beans", "v": 0.042932554842153407}, {"l": "Oranges, Mandarines", "v": 0.00034050935763770061}, {"l": "Cassava", "v": 0.045986382297393026}]}, {"source": 5, "prod": 67.0, "target": 12, "value": 0.23327365303583597, "supply": [{"l": "Maize", "v": 0.20257028161351101}, {"l": "Millet", "v": 0.0068606329835151515}, {"l": "Sorghum", "v": 0.02384273843880981}]}, {"source": 6, "prod": 4.0, "target": 12, "value": 0.006288913568222222, "supply": [{"l": "Coconuts - Incl Copra", "v": 0.006288913568222222}]}, {"source": 13, "prod": 8.0, "target": 10, "value": 0.026786736134165774, "supply": [{"l": "Wine", "v": 0.0011026017294935065}, {"l": "Sugar", "v": 0.025684134404672269}]}, {"source": 13, "prod": 9.0, "target": 5, "value": 0.031044627830491778, "supply": [{"l": "Barley", "v": 0.003009914012174817}, {"l": "Wheat", "v": 0.015083815537994925}, {"l": "Rice", "v": 0.012950898280322034}]}, {"source": 13, "prod": 4.0, "target": 1, "value": 0.0033496414274744898, "supply": [{"l": "Milk - Excluding Butter", "v": 0.0018342664573981482}, {"l": "Fish, Seafood", "v": 0.00074736208777288749}, {"l": "Freshwater Fish", "v": 0.00076801288230345403}]}, {"source": 13, "prod": 4.0, "target": 0, "value": 0.0048604820856650056, "supply": [{"l": "Beans", "v": 0.0039029595311048555}, {"l": "Tomatoes", "v": 0.00095752255456015044}]}, {"source": 0, "prod": 2.0, "target": 14, "value": 0.00077182121064545454, "supply": [{"l": "Coffee", "v": 0.00077182121064545454}]}, {"source": 8, "prod": 16.0, "target": 14, "value": 0.012122999760610733, "supply": [{"l": "Fish, Seafood", "v": 0.0059788967021830999}, {"l": "Freshwater Fish", "v": 0.0061441030584276322}]}, {"source": 9, "prod": 11.0, "target": 14, "value": 0.11261779488270882, "supply": [{"l": "Palm Oil", "v": 0.11261779488270882}]}, {"source": 6, "prod": 67.0, "target": 14, "value": 0.38417669652057224, "supply": [{"l": "Coconuts - Incl Copra", "v": 0.003144456784111111}, {"l": "Cottonseed", "v": 0.0056600222113999997}, {"l": "Palm kernels", "v": 0.2716810661472}, {"l": "Groundnuts", "v": 0.085498222841218302}, {"l": "Oilcrops, Other", "v": 0.018192928536642859}]}, {"source": 5, "prod": 15.0, "target": 15, "value": 0.052388865934528718, "supply": [{"l": "Maize", "v": 0.052388865934528718}]}, {"source": 6, "prod": 7.0, "target": 15, "value": 0.040428730081428575, "supply": [{"l": "Palm kernels", "v": 0.028300111057000001}, {"l": "Oilcrops, Other", "v": 0.012128619024428572}]}, {"source": 1, "prod": 58.0, "target": 8, "value": 0.043547730714641117, "supply": [{"l": "Freshwater Fish", "v": 0.017664296292979442}, {"l": "Marine Fish, Other", "v": 0.0042099338762479335}, {"l": "Fish, Seafood", "v": 0.021673500545413737}]}, {"source": 1, "prod": 33.0, "target": 4, "value": 0.051330113911099762, "supply": [{"l": "Poultry Meat", "v": 0.0041926090454814822}, {"l": "Pigmeat", "v": 0.010419586343713635}, {"l": "Bovine Meat", "v": 0.013006008485770215}, {"l": "Eggs", "v": 0.0061745696851636363}, {"l": "Milk - Excluding Butter", "v": 0.0073370658295925928}, {"l": "Offals, Edible", "v": 0.0023260365252328768}, {"l": "Meat, Other", "v": 0.0062734236333251234}, {"l": "Mutton & Goat Meat", "v": 0.003144456784111111}]}, {"source": 10, "prod": 22.0, "target": 2, "value": 0.010595728363886517, "supply": [{"l": "Beer", "v": 0.004402239497755556}, {"l": "Beverages, Fermented", "v": 0.0050908871366374545}, {"l": "Wine", "v": 0.0011026017294935065}]}, {"source": 10, "prod": 28.0, "target": 9, "value": 0.28692668241375718, "supply": [{"l": "Palm Oil", "v": 0.25594953382433827}, {"l": "Coconut Oil", "v": 0.030977148589418923}]}, {"source": 10, "prod": 6.0, "target": 7, "value": 0.025684134404672269, "supply": [{"l": "Sugar", "v": 0.025684134404672269}]}, {"source": 0, "prod": 1133.5, "target": 16, "value": 4.2638989689166333, "supply": [{"l": "Vegetables, Other", "v": 0.13249333308}, {"l": "Yams", "v": 1.0695349979550002}, {"l": "Tomatoes", "v": 0.017433333300000003}, {"l": "Roots, Other", "v": 0.013946666640000001}, {"l": "Beans", "v": 0.12726333308999999}, {"l": "Pulses, Other", "v": 0.0069733333200000004}, {"l": "Sweet potatoes", "v": 0.050556666569999999}, {"l": "Cassava", "v": 0.48813333240000006}]}, {"source": 5, "prod": 591.0, "target": 16, "value": 2.09057169794501, "supply": [{"l": "Maize", "v": 1.5341333304}, {"l": "Barley", "v": 0.0030701928177601272}, {"l": "Rice", "v": 0.013946666640000001}, {"l": "Cereals, Other", "v": 0.013946666639999999}, {"l": "Wheat", "v": 0.017433333299999999}, {"l": "Sorghum", "v": 0.42885999918000012}, {"l": "Millet", "v": 0.048813333239999999}]}, {"source": 6, "prod": 119.5, "target": 16, "value": 0.32774822502352785, "supply": [{"l": "Coconuts - Incl Copra", "v": 0.13946666639999999}, {"l": "Groundnuts", "v": 0.06450333321}, {"l": "Oilcrops, Other", "v": 0.02054642853214286}, {"l": "Cottonseed", "v": 0.0069733333199999996}, {"l": "Palm kernels", "v": 0.18653666631000002}]}, {"source": 17, "prod": 0, "target": 0, "value": 0.0011325027387349999, "supply": "[{\"l\":'Energy for power irrigation',\"v\":0.0011325027387349999}]"}, {"source": 17, "prod": 0, "target": 5, "value": 0.00029524001702354869, "supply": "[{\"l\":'Energy for power irrigation',\"v\":0.00029524001702354869}]"}, {"source": 17, "prod": 0, "target": 6, "value": 0.00023987700397762801, "supply": "[{\"l\":'Energy for power irrigation',\"v\":0.00023987700397762801}]"}, {"source": 17, "prod": 0, "target": 10, "value": 0.00030240000000000003, "supply": "[{\"l\":'Electricity',\"v\":0.00030240000000000003}]"}, {"source": 18, "prod": 0, "target": 17, "value": 0.0051842625256215179, "supply": [{"l": "Coal", "v": 0.0}, {"l": "Natural gas", "v": 0.0}, {"l": "Oil", "v": 0.0051842625256215179}]}, {"source": 18, "prod": 0, "target": 0, "value": 0.065295890792078481, "supply": [{"l": "Other fossil fuels", "v": 0.065295890792078481}]}, {"source": 18, "prod": 0, "target": 5, "value": 0.017022439990347762, "supply": [{"l": "Other fossil fuels", "v": 0.017022439990347762}]}, {"source": 18, "prod": 0, "target": 6, "value": 0.013830414814492768, "supply": [{"l": "Other fossil fuels", "v": 0.013830414814492768}]}, {"source": 19, "prod": 0.40135595340887076, "target": 0, "value": 0.0013284983935454855, "supply": [{"l": "Potash", "v": 0.0013127111121612799}, {"l": "Phosphate", "v": 0.00023987500019189998}, {"l": "Nitrogen", "v": 0.0004036388892117999}]}, {"source": 19, "prod": 0.10463227545859841, "target": 5, "value": 0.0003463354876865381, "supply": [{"l": "Potash", "v": 0.0013127111121612799}, {"l": "Phosphate", "v": 0.00023987500019189998}, {"l": "Nitrogen", "v": 0.0004036388892117999}]}, {"source": 19, "prod": 0.085011771132531, "target": 6, "value": 0.00028139112033295625, "supply": [{"l": "Potash", "v": 0.0013127111121612799}, {"l": "Phosphate", "v": 0.00023987500019189998}, {"l": "Nitrogen", "v": 0.0004036388892117999}]}, {"source": 18, "prod": 0, "target": 19, "value": 0.0036636405868531795, "supply": [{"l": "Natural gas (including LNG)", "v": 0.0019851490171140422}, {"l": "Fuel oil", "v": 0.0016071398443995701}, {"l": "Liquefied petroleum gas (LPG)", "v": 3.5675862669783623e-05}, {"l": "Coal", "v": 3.5675862669783623e-05}]}, {"source": 20, "prod": 0, "target": 5, "value": 0.044956811476961699, "supply": "[{\"l\":'Labor',\"v\":0.044956811476961699}]"}, {"source": 20, "prod": 0, "target": 6, "value": 0.036526570328101769, "supply": "[{\"l\":'Labor',\"v\":0.036526570328101769}]"}, {"source": 20, "prod": 0, "target": 0, "value": 0.17244854757744871, "supply": "[{\"l\":'Labor',\"v\":0.17244854757744871}]"}, {"source": 18, "prod": 0, "target": 13, "value": 0.030511940805469644, "supply": "[{\"l\":'Fossil Fuels',\"v\":0.030511940805469644}]"}, {"source": 21, "prod": 0, "target": 13, "value": 0.25545920061317334, "supply": "[{\"l\":'Renewables & Nuclear',\"v\":0.0},{\"l\":'Biomass & Waste',\"v\":0.25545920061317334}]"}]}