{"nodes": [{"layer": 3, "name": "Oilcrops", "fill": "#ff9896"}, {"layer": 5, "name": "Production", "fill": "#b5cf6b"}, {"layer": 3, "name": "Treenuts"}, {"layer": 3, "name": "Vegetables"}, {"layer": 3, "name": "Starchy Roots"}, {"layer": 3, "name": "Pulses"}, {"layer": 3, "name": "Others"}, {"layer": 3, "name": "Cereals - Excluding Beer"}, {"layer": 3, "name": "Stimulants"}, {"layer": 3, "name": "Fruits - Excluding Wine"}, {"layer": 1, "name": "Electricity", "fill": "#bcbd22"}, {"layer": 0, "name": "Fossil Fuels", "fill": "#c49c94"}, {"layer": 1, "name": "Fertilizers", "fill": "#c5b0d5"}, {"layer": 0, "name": "Labor", "fill": "#7f7f7f"}], "links": [{"source": 0, "prod": 240.58823529411768, "target": 1, "value": 1.0465174589458099, "supply": [{"l": "Cottonseed", "v": 0.011320044422799999}, {"l": "Oilcrops, Other", "v": 0.036385857073285718}, {"l": "Coconuts - Incl Copra", "v": 0.062889135682222236}, {"l": "Groundnuts", "v": 0.11838215470322534}, {"l": "Palm kernels", "v": 0.30564119941560003}, {"l": "Oil Palm", "v": 0.51189906764867654}]}, {"source": 2, "prod": 1.0, "target": 1, "value": 0.0029616395292209304, "supply": [{"l": "Treenuts", "v": 0.0029616395292209304}]}, {"source": 3, "prod": 41.0, "target": 1, "value": 0.011424686918108095, "supply": [{"l": "Tomatoes", "v": 0.00095752255456015044}, {"l": "Vegetables, Other", "v": 0.010467164363547945}]}, {"source": 4, "prod": 931.0, "target": 1, "value": 1.1138237590855733, "supply": [{"l": "Roots, Other", "v": 0.008520463544043011}, {"l": "Yams", "v": 0.71492788933148477}, {"l": "Sweet potatoes", "v": 0.032703543896988617}, {"l": "Cassava", "v": 0.35767186231305687}]}, {"source": 5, "prod": 38.0, "target": 1, "value": 0.14729856977345482, "supply": [{"l": "Beans", "v": 0.14050654311977481}, {"l": "Pulses, Other", "v": 0.0067920266536800012}]}, {"source": 6, "prod": 1.0, "target": 1, "value": 0.0044684385879473695, "supply": [{"l": "Nuts", "v": 0.0044684385879473695}]}, {"source": 7, "prod": 291.0, "target": 1, "value": 1.0096962860963821, "supply": [{"l": "Maize", "v": 0.7683700337064211}, {"l": "Rice", "v": 0.0043169660934406781}, {"l": "Sorghum", "v": 0.2077724349667712}, {"l": "Cereals, Other", "v": 0.0052246358874461539}, {"l": "Millet", "v": 0.024012215442303031}]}, {"source": 8, "prod": 2.0, "target": 1, "value": 0.00077182121064545454, "supply": [{"l": "Coffee", "v": 0.00077182121064545454}]}, {"source": 9, "prod": 118.0, "target": 1, "value": 0.062271753069243138, "supply": [{"l": "Dates", "v": 0.0022342192939736848}, {"l": "Fruits, Other", "v": 0.048853811559314966}, {"l": "Pineapples", "v": 0.0011630182626164384}, {"l": "Bananas", "v": 0.0066156103769610397}, {"l": "Oranges, Mandarines", "v": 0.0034050935763770057}]}, {"source": 10, "prod": 0, "target": 0, "value": 0.00023987700397762801, "supply": "[{\"l\":'Energy for power irrigation',\"v\":0.00023987700397762801}]"}, {"source": 10, "prod": 0, "target": 2, "value": 4.9956009648654603e-07, "supply": "[{\"l\":'Energy for power irrigation',\"v\":4.9956009648654603e-07}]"}, {"source": 10, "prod": 0, "target": 3, "value": 4.296216829784296e-05, "supply": "[{\"l\":'Energy for power irrigation',\"v\":4.296216829784296e-05}]"}, {"source": 10, "prod": 0, "target": 4, "value": 0.00092968133956146219, "supply": "[{\"l\":'Energy for power irrigation',\"v\":0.00092968133956146219}]"}, {"source": 10, "prod": 0, "target": 5, "value": 3.8466127429464049e-05, "supply": "[{\"l\":'Energy for power irrigation',\"v\":3.8466127429464049e-05}]"}, {"source": 10, "prod": 0, "target": 6, "value": 4.9956009648654603e-07, "supply": "[{\"l\":'Energy for power irrigation',\"v\":4.9956009648654603e-07}]"}, {"source": 10, "prod": 0, "target": 7, "value": 0.00029524001702354869, "supply": "[{\"l\":'Energy for power irrigation',\"v\":0.00029524001702354869}]"}, {"source": 10, "prod": 0, "target": 8, "value": 1.9982403859461841e-06, "supply": "[{\"l\":'Energy for power irrigation',\"v\":1.9982403859461841e-06}]"}, {"source": 10, "prod": 0, "target": 9, "value": 0.00011839574286731141, "supply": "[{\"l\":'Energy for power irrigation',\"v\":0.00011839574286731141}]"}, {"source": 11, "prod": 0, "target": 10, "value": 0.0043884730519373073, "supply": [{"l": "Coal", "v": 0.0}, {"l": "Natural gas", "v": 0.0}, {"l": "Oil", "v": 0.0043884730519373073}]}, {"source": 11, "prod": 0, "target": 0, "value": 0.013830414814492768, "supply": [{"l": "Other fossil fuels", "v": 0.013830414814492768}]}, {"source": 11, "prod": 0, "target": 2, "value": 2.8802774941366777e-05, "supply": [{"l": "Other fossil fuels", "v": 2.8802774941366777e-05}]}, {"source": 11, "prod": 0, "target": 3, "value": 0.0024770386449575431, "supply": [{"l": "Other fossil fuels", "v": 0.0024770386449575431}]}, {"source": 11, "prod": 0, "target": 4, "value": 0.053601964165883566, "supply": [{"l": "Other fossil fuels", "v": 0.053601964165883566}]}, {"source": 11, "prod": 0, "target": 5, "value": 0.0022178136704852419, "supply": [{"l": "Other fossil fuels", "v": 0.0022178136704852419}]}, {"source": 11, "prod": 0, "target": 6, "value": 2.8802774941366777e-05, "supply": [{"l": "Other fossil fuels", "v": 2.8802774941366777e-05}]}, {"source": 11, "prod": 0, "target": 7, "value": 0.017022439990347762, "supply": [{"l": "Other fossil fuels", "v": 0.017022439990347762}]}, {"source": 11, "prod": 0, "target": 8, "value": 0.00011521109976546711, "supply": [{"l": "Other fossil fuels", "v": 0.00011521109976546711}]}, {"source": 11, "prod": 0, "target": 9, "value": 0.0068262576611039264, "supply": [{"l": "Other fossil fuels", "v": 0.0068262576611039264}]}, {"source": 12, "prod": 0.085011771132531, "target": 0, "value": 0.00028139112033295625, "supply": [{"l": "Potash", "v": 0.0013127111121612799}, {"l": "Phosphate", "v": 0.00023987500019189998}, {"l": "Nitrogen", "v": 0.0004036388892117999}]}, {"source": 12, "prod": 0.00017704276727343216, "target": 2, "value": 5.8601605361512367e-07, "supply": [{"l": "Potash", "v": 0.0013127111121612799}, {"l": "Phosphate", "v": 0.00023987500019189998}, {"l": "Nitrogen", "v": 0.0004036388892117999}]}, {"source": 12, "prod": 0.015225677985515168, "target": 3, "value": 5.0397380610900644e-05, "supply": [{"l": "Potash", "v": 0.0013127111121612799}, {"l": "Phosphate", "v": 0.00023987500019189998}, {"l": "Nitrogen", "v": 0.0004036388892117999}]}, {"source": 12, "prod": 0.32947658989585726, "target": 4, "value": 0.0010905758757777451, "supply": [{"l": "Potash", "v": 0.0013127111121612799}, {"l": "Phosphate", "v": 0.00023987500019189998}, {"l": "Nitrogen", "v": 0.0004036388892117999}]}, {"source": 12, "prod": 0.013632293080054278, "target": 5, "value": 4.512323612836453e-05, "supply": [{"l": "Potash", "v": 0.0013127111121612799}, {"l": "Phosphate", "v": 0.00023987500019189998}, {"l": "Nitrogen", "v": 0.0004036388892117999}]}, {"source": 12, "prod": 0.00017704276727343216, "target": 6, "value": 5.8601605361512367e-07, "supply": [{"l": "Potash", "v": 0.0013127111121612799}, {"l": "Phosphate", "v": 0.00023987500019189998}, {"l": "Nitrogen", "v": 0.0004036388892117999}]}, {"source": 12, "prod": 0.10463227545859841, "target": 7, "value": 0.0003463354876865381, "supply": [{"l": "Potash", "v": 0.0013127111121612799}, {"l": "Phosphate", "v": 0.00023987500019189998}, {"l": "Nitrogen", "v": 0.0004036388892117999}]}, {"source": 12, "prod": 0.00070817106909372863, "target": 8, "value": 2.3440642144604947e-06, "supply": [{"l": "Potash", "v": 0.0013127111121612799}, {"l": "Phosphate", "v": 0.00023987500019189998}, {"l": "Nitrogen", "v": 0.0004036388892117999}]}, {"source": 12, "prod": 0.041959135843803425, "target": 9, "value": 0.00013888580470678433, "supply": [{"l": "Potash", "v": 0.0013127111121612799}, {"l": "Phosphate", "v": 0.00023987500019189998}, {"l": "Nitrogen", "v": 0.0004036388892117999}]}, {"source": 11, "prod": 0, "target": 12, "value": 0.0036636405868531795, "supply": [{"l": "Natural gas (including LNG)", "v": 0.0019851490171140422}, {"l": "Fuel oil", "v": 0.0016071398443995701}, {"l": "Liquefied petroleum gas (LPG)", "v": 3.5675862669783623e-05}, {"l": "Coal", "v": 3.5675862669783623e-05}]}, {"source": 13, "prod": 0, "target": 0, "value": 0.036526570328101769, "supply": "[{\"l\":'Labor',\"v\":0.036526570328101769}]"}, {"source": 13, "prod": 0, "target": 2, "value": 7.6069054952557864e-05, "supply": "[{\"l\":'Labor',\"v\":7.6069054952557864e-05}]"}, {"source": 13, "prod": 0, "target": 3, "value": 0.0065419387259199767, "supply": "[{\"l\":'Labor',\"v\":0.0065419387259199767}]"}, {"source": 13, "prod": 0, "target": 4, "value": 0.14156451126671019, "supply": "[{\"l\":'Labor',\"v\":0.14156451126671019}]"}, {"source": 13, "prod": 0, "target": 5, "value": 0.0058573172313469563, "supply": "[{\"l\":'Labor',\"v\":0.0058573172313469563}]"}, {"source": 13, "prod": 0, "target": 6, "value": 7.6069054952557864e-05, "supply": "[{\"l\":'Labor',\"v\":7.6069054952557864e-05}]"}, {"source": 13, "prod": 0, "target": 7, "value": 0.044956811476961699, "supply": "[{\"l\":'Labor',\"v\":0.044956811476961699}]"}, {"source": 13, "prod": 0, "target": 8, "value": 0.00030427621981023146, "supply": "[{\"l\":'Labor',\"v\":0.00030427621981023146}]"}, {"source": 13, "prod": 0, "target": 9, "value": 0.018028366023756216, "supply": "[{\"l\":'Labor',\"v\":0.018028366023756216}]"}]}