{"nodes": [{"layer": 3, "name": "Maize"}, {"layer": 5, "name": "Production", "fill": "#b5cf6b"}, {"layer": 3, "name": "Roots, Other"}, {"layer": 3, "name": "Fruits, Other"}, {"layer": 3, "name": "Dates"}, {"layer": 3, "name": "Yams"}, {"layer": 3, "name": "Rice"}, {"layer": 3, "name": "Tomatoes"}, {"layer": 3, "name": "Coconuts - Incl Copra"}, {"layer": 3, "name": "Treenuts"}, {"layer": 3, "name": "Vegetables, Other"}, {"layer": 3, "name": "Sesame seed"}, {"layer": 3, "name": "Pimento"}, {"layer": 3, "name": "Oilcrops, Other"}, {"layer": 3, "name": "Cereals, Other"}, {"layer": 3, "name": "Cottonseed"}, {"layer": 3, "name": "Nuts"}, {"layer": 3, "name": "Groundnuts"}, {"layer": 3, "name": "Beans"}, {"layer": 3, "name": "Pulses, Other"}, {"layer": 3, "name": "Sorghum"}, {"layer": 3, "name": "Pineapples"}, {"layer": 3, "name": "Bananas"}, {"layer": 3, "name": "Millet"}, {"layer": 3, "name": "Sweet potatoes"}, {"layer": 3, "name": "Oranges, Mandarines"}, {"layer": 3, "name": "Palm kernels"}, {"layer": 3, "name": "Onions"}, {"layer": 3, "name": "Cassava"}, {"layer": 3, "name": "Oil Palm"}, {"layer": 1, "name": "Electricity", "fill": "#bcbd22"}, {"layer": 0, "name": "Fossil Fuels", "fill": "#c49c94"}, {"layer": 1, "name": "Fertilizers", "fill": "#c5b0d5"}, {"layer": 0, "name": "Labor", "fill": "#7f7f7f"}], "links": [{"source": 0, "prod": 227.0, "target": 1, "value": 0.79143369473407166, "supply": [{"l": "Maize", "v": 0.79143369473407166}]}, {"source": 2, "prod": 8.0, "target": 1, "value": 0.0085757912293939406, "supply": [{"l": "Roots, Other", "v": 0.0085757912293939406}]}, {"source": 3, "prod": 105.0, "target": 1, "value": 0.054111814846240905, "supply": [{"l": "Fruits, Other", "v": 0.054111814846240905}]}, {"source": 4, "prod": 1.0, "target": 1, "value": 0.0018456594167608697, "supply": [{"l": "Dates", "v": 0.0018456594167608697}]}, {"source": 5, "prod": 446.0, "target": 1, "value": 0.51951948286919258, "supply": [{"l": "Yams", "v": 0.51951948286919258}]}, {"source": 6, "prod": 9.0, "target": 1, "value": 0.038205149926950004, "supply": [{"l": "Rice", "v": 0.038205149926950004}]}, {"source": 7, "prod": 22.0, "target": 1, "value": 0.0049609756434581681, "supply": [{"l": "Tomatoes", "v": 0.0049609756434581681}]}, {"source": 8, "prod": 20.0, "target": 1, "value": 0.027836174810163934, "supply": [{"l": "Coconuts - Incl Copra", "v": 0.027836174810163934}]}, {"source": 9, "prod": 2.0, "target": 1, "value": 0.0057886590798409097, "supply": [{"l": "Treenuts", "v": 0.0057886590798409097}]}, {"source": 10, "prod": 58.0, "target": 1, "value": 0.01551423857567108, "supply": [{"l": "Vegetables, Other", "v": 0.01551423857567108}]}, {"source": 11, "prod": 1.0, "target": 1, "value": 0.0074912058680294122, "supply": [{"l": "Sesame seed", "v": 0.0074912058680294122}]}, {"source": 12, "prod": 1.0, "target": 1, "value": 0.0044684385879473695, "supply": [{"l": "Pimento", "v": 0.0044684385879473695}]}, {"source": 13, "prod": 8.0, "target": 1, "value": 0.037733481409333337, "supply": [{"l": "Oilcrops, Other", "v": 0.037733481409333337}]}, {"source": 14, "prod": 2.0, "target": 1, "value": 0.0048056792360943405, "supply": [{"l": "Cereals, Other", "v": 0.0048056792360943405}]}, {"source": 15, "prod": 14.0, "target": 1, "value": 0.089963197075692655, "supply": [{"l": "Cottonseed", "v": 0.089963197075692655}]}, {"source": 16, "prod": 2.0, "target": 1, "value": 0.0094333703523333343, "supply": [{"l": "Nuts", "v": 0.0094333703523333343}]}, {"source": 17, "prod": 24.0, "target": 1, "value": 0.15422262355833027, "supply": [{"l": "Groundnuts", "v": 0.15422262355833027}]}, {"source": 18, "prod": 20.0, "target": 1, "value": 0.078819937957161801, "supply": [{"l": "Beans", "v": 0.078819937957161801}]}, {"source": 19, "prod": 4.0, "target": 1, "value": 0.012644730472276598, "supply": [{"l": "Pulses, Other", "v": 0.012644730472276598}]}, {"source": 20, "prod": 52.0, "target": 1, "value": 0.17733378942911515, "supply": [{"l": "Sorghum", "v": 0.17733378942911515}]}, {"source": 21, "prod": 3.0, "target": 1, "value": 0.0016120316424873421, "supply": [{"l": "Pineapples", "v": 0.0016120316424873421}]}, {"source": 22, "prod": 12.0, "target": 1, "value": 0.0076257784285329346, "supply": [{"l": "Bananas", "v": 0.0076257784285329346}]}, {"source": 23, "prod": 5.0, "target": 1, "value": 0.016883588982869319, "supply": [{"l": "Millet", "v": 0.016883588982869319}]}, {"source": 24, "prod": 55.0, "target": 1, "value": 0.060825388995255511, "supply": [{"l": "Sweet potatoes", "v": 0.060825388995255511}]}, {"source": 25, "prod": 12.0, "target": 1, "value": 0.0048208391075015775, "supply": [{"l": "Oranges, Mandarines", "v": 0.0048208391075015775}]}, {"source": 26, "prod": 47.0, "target": 1, "value": 0.30201930446839681, "supply": [{"l": "Palm kernels", "v": 0.30201930446839681}]}, {"source": 27, "prod": 4.0, "target": 1, "value": 0.0016056800599716311, "supply": [{"l": "Onions", "v": 0.0016056800599716311}]}, {"source": 28, "prod": 562.0, "target": 1, "value": 0.71841651875500856, "supply": [{"l": "Cassava", "v": 0.71841651875500856}]}, {"source": 29, "prod": 188.23140495867773, "target": 1, "value": 0.79904544971185798, "supply": [{"l": "Oil Palm", "v": 0.79904544971185798}]}, {"source": 30, "prod": 0, "target": 0, "value": 0.00059720155743015358, "supply": "[{\"l\":'Energy for power irrigation',\"v\":0.00059720155743015358}]"}, {"source": 30, "prod": 0, "target": 2, "value": 1.951639076569129e-05, "supply": "[{\"l\":'Energy for power irrigation',\"v\":1.951639076569129e-05}]"}, {"source": 30, "prod": 0, "target": 16, "value": 5.2043708708510116e-06, "supply": "[{\"l\":'Energy for power irrigation',\"v\":5.2043708708510116e-06}]"}, {"source": 30, "prod": 0, "target": 5, "value": 0.0011605747041997755, "supply": "[{\"l\":'Energy for power irrigation',\"v\":0.0011605747041997755}]"}, {"source": 30, "prod": 0, "target": 6, "value": 2.9925132507393315e-05, "supply": "[{\"l\":'Energy for power irrigation',\"v\":2.9925132507393315e-05}]"}, {"source": 30, "prod": 0, "target": 7, "value": 6.2452450450212128e-05, "supply": "[{\"l\":'Energy for power irrigation',\"v\":6.2452450450212128e-05}]"}, {"source": 30, "prod": 0, "target": 14, "value": 5.2043708708510116e-06, "supply": "[{\"l\":'Energy for power irrigation',\"v\":5.2043708708510116e-06}]"}, {"source": 30, "prod": 0, "target": 8, "value": 5.2043708708510107e-05, "supply": "[{\"l\":'Energy for power irrigation',\"v\":5.2043708708510107e-05}]"}, {"source": 30, "prod": 0, "target": 9, "value": 5.2043708708510116e-06, "supply": "[{\"l\":'Energy for power irrigation',\"v\":5.2043708708510116e-06}]"}, {"source": 30, "prod": 0, "target": 10, "value": 0.00015222784797239207, "supply": "[{\"l\":'Energy for power irrigation',\"v\":0.00015222784797239207}]"}, {"source": 30, "prod": 0, "target": 11, "value": 2.6021854354255058e-06, "supply": "[{\"l\":'Energy for power irrigation',\"v\":2.6021854354255058e-06}]"}, {"source": 30, "prod": 0, "target": 17, "value": 6.2452450450212128e-05, "supply": "[{\"l\":'Energy for power irrigation',\"v\":6.2452450450212128e-05}]"}, {"source": 30, "prod": 0, "target": 29, "value": 0.00024490651023657573, "supply": "[{\"l\":'Energy for power irrigation',\"v\":0.00024490651023657573}]"}, {"source": 30, "prod": 0, "target": 13, "value": 2.2118576201116799e-05, "supply": "[{\"l\":'Energy for power irrigation',\"v\":2.2118576201116799e-05}]"}, {"source": 30, "prod": 0, "target": 4, "value": 2.6021854354255058e-06, "supply": "[{\"l\":'Energy for power irrigation',\"v\":2.6021854354255058e-06}]"}, {"source": 30, "prod": 0, "target": 15, "value": 3.6430596095957082e-05, "supply": "[{\"l\":'Energy for power irrigation',\"v\":3.6430596095957082e-05}]"}, {"source": 30, "prod": 0, "target": 3, "value": 0.00027192837800196534, "supply": "[{\"l\":'Energy for power irrigation',\"v\":0.00027192837800196534}]"}, {"source": 30, "prod": 0, "target": 12, "value": 2.6021854354255058e-06, "supply": "[{\"l\":'Energy for power irrigation',\"v\":2.6021854354255058e-06}]"}, {"source": 30, "prod": 0, "target": 18, "value": 5.0742615990797361e-05, "supply": "[{\"l\":'Energy for power irrigation',\"v\":5.0742615990797361e-05}]"}, {"source": 30, "prod": 0, "target": 19, "value": 9.1076490239892704e-06, "supply": "[{\"l\":'Energy for power irrigation',\"v\":9.1076490239892704e-06}]"}, {"source": 30, "prod": 0, "target": 20, "value": 0.0001535289406901048, "supply": "[{\"l\":'Energy for power irrigation',\"v\":0.0001535289406901048}]"}, {"source": 30, "prod": 0, "target": 21, "value": 7.8065563062765161e-06, "supply": "[{\"l\":'Energy for power irrigation',\"v\":7.8065563062765161e-06}]"}, {"source": 30, "prod": 0, "target": 22, "value": 3.1226225225106064e-05, "supply": "[{\"l\":'Energy for power irrigation',\"v\":3.1226225225106064e-05}]"}, {"source": 30, "prod": 0, "target": 23, "value": 1.6914205330265785e-05, "supply": "[{\"l\":'Energy for power irrigation',\"v\":1.6914205330265785e-05}]"}, {"source": 30, "prod": 0, "target": 24, "value": 0.00014442129166611557, "supply": "[{\"l\":'Energy for power irrigation',\"v\":0.00014442129166611557}]"}, {"source": 30, "prod": 0, "target": 25, "value": 2.9925132507393315e-05, "supply": "[{\"l\":'Energy for power irrigation',\"v\":2.9925132507393315e-05}]"}, {"source": 30, "prod": 0, "target": 26, "value": 0.00012230271546499877, "supply": "[{\"l\":'Energy for power irrigation',\"v\":0.00012230271546499877}]"}, {"source": 30, "prod": 0, "target": 27, "value": 1.0408741741702023e-05, "supply": "[{\"l\":'Energy for power irrigation',\"v\":1.0408741741702023e-05}]"}, {"source": 30, "prod": 0, "target": 28, "value": 0.0014624282147091341, "supply": "[{\"l\":'Energy for power irrigation',\"v\":0.0014624282147091341}]"}, {"source": 31, "prod": 0, "target": 30, "value": 0.012604272034755845, "supply": [{"l": "Coal", "v": 0.0}, {"l": "Natural gas", "v": 0.0}, {"l": "Oil", "v": 0.012604272034755845}]}, {"source": 31, "prod": 0, "target": 0, "value": 0.014245982917918981, "supply": [{"l": "Other fossil fuels", "v": 0.014245982917918981}]}, {"source": 31, "prod": 0, "target": 2, "value": 0.00046555499731761372, "supply": [{"l": "Other fossil fuels", "v": 0.00046555499731761372}]}, {"source": 31, "prod": 0, "target": 16, "value": 0.000124147999284697, "supply": [{"l": "Other fossil fuels", "v": 0.000124147999284697}]}, {"source": 31, "prod": 0, "target": 5, "value": 0.027685003840487429, "supply": [{"l": "Other fossil fuels", "v": 0.027685003840487429}]}, {"source": 31, "prod": 0, "target": 6, "value": 0.00071385099588700777, "supply": [{"l": "Other fossil fuels", "v": 0.00071385099588700777}]}, {"source": 31, "prod": 0, "target": 7, "value": 0.001489775991416364, "supply": [{"l": "Other fossil fuels", "v": 0.001489775991416364}]}, {"source": 31, "prod": 0, "target": 14, "value": 0.000124147999284697, "supply": [{"l": "Other fossil fuels", "v": 0.000124147999284697}]}, {"source": 31, "prod": 0, "target": 8, "value": 0.00124147999284697, "supply": [{"l": "Other fossil fuels", "v": 0.00124147999284697}]}, {"source": 31, "prod": 0, "target": 9, "value": 0.000124147999284697, "supply": [{"l": "Other fossil fuels", "v": 0.000124147999284697}]}, {"source": 31, "prod": 0, "target": 10, "value": 0.0036313289790773874, "supply": [{"l": "Other fossil fuels", "v": 0.0036313289790773874}]}, {"source": 31, "prod": 0, "target": 11, "value": 6.2073999642348499e-05, "supply": [{"l": "Other fossil fuels", "v": 6.2073999642348499e-05}]}, {"source": 31, "prod": 0, "target": 17, "value": 0.001489775991416364, "supply": [{"l": "Other fossil fuels", "v": 0.001489775991416364}]}, {"source": 31, "prod": 0, "target": 29, "value": 0.0058421380820418587, "supply": [{"l": "Other fossil fuels", "v": 0.0058421380820418587}]}, {"source": 31, "prod": 0, "target": 13, "value": 0.00052762899695996232, "supply": [{"l": "Other fossil fuels", "v": 0.00052762899695996232}]}, {"source": 31, "prod": 0, "target": 4, "value": 6.2073999642348499e-05, "supply": [{"l": "Other fossil fuels", "v": 6.2073999642348499e-05}]}, {"source": 31, "prod": 0, "target": 15, "value": 0.00086903599499287899, "supply": [{"l": "Other fossil fuels", "v": 0.00086903599499287899}]}, {"source": 31, "prod": 0, "target": 3, "value": 0.006486732962625418, "supply": [{"l": "Other fossil fuels", "v": 0.006486732962625418}]}, {"source": 31, "prod": 0, "target": 12, "value": 6.2073999642348499e-05, "supply": [{"l": "Other fossil fuels", "v": 6.2073999642348499e-05}]}, {"source": 31, "prod": 0, "target": 18, "value": 0.0012104429930257959, "supply": [{"l": "Other fossil fuels", "v": 0.0012104429930257959}]}, {"source": 31, "prod": 0, "target": 19, "value": 0.00021725899874821975, "supply": [{"l": "Other fossil fuels", "v": 0.00021725899874821975}]}, {"source": 31, "prod": 0, "target": 20, "value": 0.0036623659788985611, "supply": [{"l": "Other fossil fuels", "v": 0.0036623659788985611}]}, {"source": 31, "prod": 0, "target": 21, "value": 0.0001862219989270455, "supply": [{"l": "Other fossil fuels", "v": 0.0001862219989270455}]}, {"source": 31, "prod": 0, "target": 22, "value": 0.00074488799570818199, "supply": [{"l": "Other fossil fuels", "v": 0.00074488799570818199}]}, {"source": 31, "prod": 0, "target": 23, "value": 0.00040348099767526527, "supply": [{"l": "Other fossil fuels", "v": 0.00040348099767526527}]}, {"source": 31, "prod": 0, "target": 24, "value": 0.0034451069801503418, "supply": [{"l": "Other fossil fuels", "v": 0.0034451069801503418}]}, {"source": 31, "prod": 0, "target": 25, "value": 0.00071385099588700777, "supply": [{"l": "Other fossil fuels", "v": 0.00071385099588700777}]}, {"source": 31, "prod": 0, "target": 26, "value": 0.0029174779831903793, "supply": [{"l": "Other fossil fuels", "v": 0.0029174779831903793}]}, {"source": 31, "prod": 0, "target": 27, "value": 0.000248295998569394, "supply": [{"l": "Other fossil fuels", "v": 0.000248295998569394}]}, {"source": 31, "prod": 0, "target": 28, "value": 0.034885587798999855, "supply": [{"l": "Other fossil fuels", "v": 0.034885587798999855}]}, {"source": 32, "prod": 0.30099330308534022, "target": 0, "value": 0.0024924090876170006, "supply": [{"l": "Potash", "v": 0.0021100805572436196}, {"l": "Phosphate", "v": 0.0033666666693600001}, {"l": "Nitrogen", "v": 0.0145126527893879}]}, {"source": 32, "prod": 0.0098363824537692889, "target": 2, "value": 8.1451277373104591e-05, "supply": [{"l": "Potash", "v": 0.0021100805572436196}, {"l": "Phosphate", "v": 0.0033666666693600001}, {"l": "Nitrogen", "v": 0.0145126527893879}]}, {"source": 32, "prod": 0.0026230353210051436, "target": 16, "value": 2.1720340632827892e-05, "supply": [{"l": "Potash", "v": 0.0021100805572436196}, {"l": "Phosphate", "v": 0.0033666666693600001}, {"l": "Nitrogen", "v": 0.0145126527893879}]}, {"source": 32, "prod": 0.58493687658414706, "target": 5, "value": 0.0048436359611206195, "supply": [{"l": "Potash", "v": 0.0021100805572436196}, {"l": "Phosphate", "v": 0.0033666666693600001}, {"l": "Nitrogen", "v": 0.0145126527893879}]}, {"source": 32, "prod": 0.015082453095779576, "target": 6, "value": 0.00012489195863876038, "supply": [{"l": "Potash", "v": 0.0021100805572436196}, {"l": "Phosphate", "v": 0.0033666666693600001}, {"l": "Nitrogen", "v": 0.0145126527893879}]}, {"source": 32, "prod": 0.031476423852061723, "target": 7, "value": 0.00026064408759393469, "supply": [{"l": "Potash", "v": 0.0021100805572436196}, {"l": "Phosphate", "v": 0.0033666666693600001}, {"l": "Nitrogen", "v": 0.0145126527893879}]}, {"source": 32, "prod": 0.0026230353210051436, "target": 14, "value": 2.1720340632827892e-05, "supply": [{"l": "Potash", "v": 0.0021100805572436196}, {"l": "Phosphate", "v": 0.0033666666693600001}, {"l": "Nitrogen", "v": 0.0145126527893879}]}, {"source": 32, "prod": 0.026230353210051436, "target": 8, "value": 0.00021720340632827893, "supply": [{"l": "Potash", "v": 0.0021100805572436196}, {"l": "Phosphate", "v": 0.0033666666693600001}, {"l": "Nitrogen", "v": 0.0145126527893879}]}, {"source": 32, "prod": 0.0026230353210051436, "target": 9, "value": 2.1720340632827892e-05, "supply": [{"l": "Potash", "v": 0.0021100805572436196}, {"l": "Phosphate", "v": 0.0033666666693600001}, {"l": "Nitrogen", "v": 0.0145126527893879}]}, {"source": 32, "prod": 0.076723783139400453, "target": 10, "value": 0.00063531996351021581, "supply": [{"l": "Potash", "v": 0.0021100805572436196}, {"l": "Phosphate", "v": 0.0033666666693600001}, {"l": "Nitrogen", "v": 0.0145126527893879}]}, {"source": 32, "prod": 0.0013115176605025718, "target": 11, "value": 1.0860170316413946e-05, "supply": [{"l": "Potash", "v": 0.0021100805572436196}, {"l": "Phosphate", "v": 0.0033666666693600001}, {"l": "Nitrogen", "v": 0.0145126527893879}]}, {"source": 32, "prod": 0.031476423852061723, "target": 17, "value": 0.00026064408759393469, "supply": [{"l": "Potash", "v": 0.0021100805572436196}, {"l": "Phosphate", "v": 0.0033666666693600001}, {"l": "Nitrogen", "v": 0.0145126527893879}]}, {"source": 32, "prod": 0.1234344059322586, "target": 29, "value": 0.0010221125583745624, "supply": [{"l": "Potash", "v": 0.0021100805572436196}, {"l": "Phosphate", "v": 0.0033666666693600001}, {"l": "Nitrogen", "v": 0.0145126527893879}]}, {"source": 32, "prod": 0.011147900114271862, "target": 13, "value": 9.2311447689518545e-05, "supply": [{"l": "Potash", "v": 0.0021100805572436196}, {"l": "Phosphate", "v": 0.0033666666693600001}, {"l": "Nitrogen", "v": 0.0145126527893879}]}, {"source": 32, "prod": 0.0013115176605025718, "target": 4, "value": 1.0860170316413946e-05, "supply": [{"l": "Potash", "v": 0.0021100805572436196}, {"l": "Phosphate", "v": 0.0033666666693600001}, {"l": "Nitrogen", "v": 0.0145126527893879}]}, {"source": 32, "prod": 0.018361247247036007, "target": 15, "value": 0.00015204238442979525, "supply": [{"l": "Potash", "v": 0.0021100805572436196}, {"l": "Phosphate", "v": 0.0033666666693600001}, {"l": "Nitrogen", "v": 0.0145126527893879}]}, {"source": 32, "prod": 0.13705359552251875, "target": 3, "value": 0.0011348877980652573, "supply": [{"l": "Potash", "v": 0.0021100805572436196}, {"l": "Phosphate", "v": 0.0033666666693600001}, {"l": "Nitrogen", "v": 0.0145126527893879}]}, {"source": 32, "prod": 0.0013115176605025718, "target": 12, "value": 1.0860170316413946e-05, "supply": [{"l": "Potash", "v": 0.0021100805572436196}, {"l": "Phosphate", "v": 0.0033666666693600001}, {"l": "Nitrogen", "v": 0.0145126527893879}]}, {"source": 32, "prod": 0.025574594379800152, "target": 18, "value": 0.00021177332117007196, "supply": [{"l": "Potash", "v": 0.0021100805572436196}, {"l": "Phosphate", "v": 0.0033666666693600001}, {"l": "Nitrogen", "v": 0.0145126527893879}]}, {"source": 32, "prod": 0.0045903118117590017, "target": 19, "value": 3.8010596107448813e-05, "supply": [{"l": "Potash", "v": 0.0021100805572436196}, {"l": "Phosphate", "v": 0.0033666666693600001}, {"l": "Nitrogen", "v": 0.0145126527893879}]}, {"source": 32, "prod": 0.07737954196965173, "target": 20, "value": 0.00064075004866842274, "supply": [{"l": "Potash", "v": 0.0021100805572436196}, {"l": "Phosphate", "v": 0.0033666666693600001}, {"l": "Nitrogen", "v": 0.0145126527893879}]}, {"source": 32, "prod": 0.0039345529815077154, "target": 21, "value": 3.2580510949241836e-05, "supply": [{"l": "Potash", "v": 0.0021100805572436196}, {"l": "Phosphate", "v": 0.0033666666693600001}, {"l": "Nitrogen", "v": 0.0145126527893879}]}, {"source": 32, "prod": 0.015738211926030862, "target": 22, "value": 0.00013032204379696734, "supply": [{"l": "Potash", "v": 0.0021100805572436196}, {"l": "Phosphate", "v": 0.0033666666693600001}, {"l": "Nitrogen", "v": 0.0145126527893879}]}, {"source": 32, "prod": 0.0085248647932667163, "target": 23, "value": 7.059110705669065e-05, "supply": [{"l": "Potash", "v": 0.0021100805572436196}, {"l": "Phosphate", "v": 0.0033666666693600001}, {"l": "Nitrogen", "v": 0.0145126527893879}]}, {"source": 32, "prod": 0.072789230157892737, "target": 24, "value": 0.00060273945256097397, "supply": [{"l": "Potash", "v": 0.0021100805572436196}, {"l": "Phosphate", "v": 0.0033666666693600001}, {"l": "Nitrogen", "v": 0.0145126527893879}]}, {"source": 32, "prod": 0.015082453095779576, "target": 25, "value": 0.00012489195863876038, "supply": [{"l": "Potash", "v": 0.0021100805572436196}, {"l": "Phosphate", "v": 0.0033666666693600001}, {"l": "Nitrogen", "v": 0.0145126527893879}]}, {"source": 32, "prod": 0.061641330043620872, "target": 26, "value": 0.00051042800487145551, "supply": [{"l": "Potash", "v": 0.0021100805572436196}, {"l": "Phosphate", "v": 0.0033666666693600001}, {"l": "Nitrogen", "v": 0.0145126527893879}]}, {"source": 32, "prod": 0.0052460706420102872, "target": 27, "value": 4.3440681265655784e-05, "supply": [{"l": "Potash", "v": 0.0021100805572436196}, {"l": "Phosphate", "v": 0.0033666666693600001}, {"l": "Nitrogen", "v": 0.0145126527893879}]}, {"source": 32, "prod": 0.73707292520244527, "target": 28, "value": 0.0061034157178246375, "supply": [{"l": "Potash", "v": 0.0021100805572436196}, {"l": "Phosphate", "v": 0.0033666666693600001}, {"l": "Nitrogen", "v": 0.0145126527893879}]}, {"source": 31, "prod": 0, "target": 32, "value": 0.025592935523388646, "supply": [{"l": "Natural gas (including LNG)", "v": 0.016825239202036896}, {"l": "Fuel oil", "v": 0.0062022774693700367}, {"l": "Liquefied petroleum gas (LPG)", "v": 0.0012827094259908569}, {"l": "Coal", "v": 0.0012827094259908569}]}, {"source": 33, "prod": 0, "target": 0, "value": 0.038516254467693363, "supply": "[{\"l\":'Labor',\"v\":0.038516254467693363}]"}, {"source": 33, "prod": 0, "target": 2, "value": 0.0012587011263952078, "supply": "[{\"l\":'Labor',\"v\":0.0012587011263952078}]"}, {"source": 33, "prod": 0, "target": 16, "value": 0.00033565363370538878, "supply": "[{\"l\":'Labor',\"v\":0.00033565363370538878}]"}, {"source": 33, "prod": 0, "target": 5, "value": 0.074850760316301695, "supply": "[{\"l\":'Labor',\"v\":0.074850760316301695}]"}, {"source": 33, "prod": 0, "target": 6, "value": 0.0019300083938059854, "supply": "[{\"l\":'Labor',\"v\":0.0019300083938059854}]"}, {"source": 33, "prod": 0, "target": 7, "value": 0.0040278436044646647, "supply": "[{\"l\":'Labor',\"v\":0.0040278436044646647}]"}, {"source": 33, "prod": 0, "target": 14, "value": 0.00033565363370538878, "supply": "[{\"l\":'Labor',\"v\":0.00033565363370538878}]"}, {"source": 33, "prod": 0, "target": 8, "value": 0.0033565363370538876, "supply": "[{\"l\":'Labor',\"v\":0.0033565363370538876}]"}, {"source": 33, "prod": 0, "target": 9, "value": 0.00033565363370538878, "supply": "[{\"l\":'Labor',\"v\":0.00033565363370538878}]"}, {"source": 33, "prod": 0, "target": 10, "value": 0.0098178687858826216, "supply": "[{\"l\":'Labor',\"v\":0.0098178687858826216}]"}, {"source": 33, "prod": 0, "target": 11, "value": 0.00016782681685269439, "supply": "[{\"l\":'Labor',\"v\":0.00016782681685269439}]"}, {"source": 33, "prod": 0, "target": 17, "value": 0.0040278436044646647, "supply": "[{\"l\":'Labor',\"v\":0.0040278436044646647}]"}, {"source": 33, "prod": 0, "target": 29, "value": 0.015795138762962679, "supply": "[{\"l\":'Labor',\"v\":0.015795138762962679}]"}, {"source": 33, "prod": 0, "target": 13, "value": 0.0014265279432479022, "supply": "[{\"l\":'Labor',\"v\":0.0014265279432479022}]"}, {"source": 33, "prod": 0, "target": 4, "value": 0.00016782681685269439, "supply": "[{\"l\":'Labor',\"v\":0.00016782681685269439}]"}, {"source": 33, "prod": 0, "target": 15, "value": 0.0023495754359377213, "supply": "[{\"l\":'Labor',\"v\":0.0023495754359377213}]"}, {"source": 33, "prod": 0, "target": 3, "value": 0.017537902361106562, "supply": "[{\"l\":'Labor',\"v\":0.017537902361106562}]"}, {"source": 33, "prod": 0, "target": 12, "value": 0.00016782681685269439, "supply": "[{\"l\":'Labor',\"v\":0.00016782681685269439}]"}, {"source": 33, "prod": 0, "target": 18, "value": 0.0032726229286275405, "supply": "[{\"l\":'Labor',\"v\":0.0032726229286275405}]"}, {"source": 33, "prod": 0, "target": 19, "value": 0.00058739385898443032, "supply": "[{\"l\":'Labor',\"v\":0.00058739385898443032}]"}, {"source": 33, "prod": 0, "target": 20, "value": 0.0099017821943089678, "supply": "[{\"l\":'Labor',\"v\":0.0099017821943089678}]"}, {"source": 33, "prod": 0, "target": 21, "value": 0.00050348045055808308, "supply": "[{\"l\":'Labor',\"v\":0.00050348045055808308}]"}, {"source": 33, "prod": 0, "target": 22, "value": 0.0020139218022323323, "supply": "[{\"l\":'Labor',\"v\":0.0020139218022323323}]"}, {"source": 33, "prod": 0, "target": 23, "value": 0.0010908743095425135, "supply": "[{\"l\":'Labor',\"v\":0.0010908743095425135}]"}, {"source": 33, "prod": 0, "target": 24, "value": 0.0093143883353245388, "supply": "[{\"l\":'Labor',\"v\":0.0093143883353245388}]"}, {"source": 33, "prod": 0, "target": 25, "value": 0.0019300083938059854, "supply": "[{\"l\":'Labor',\"v\":0.0019300083938059854}]"}, {"source": 33, "prod": 0, "target": 26, "value": 0.0078878603920766368, "supply": "[{\"l\":'Labor',\"v\":0.0078878603920766368}]"}, {"source": 33, "prod": 0, "target": 27, "value": 0.00067130726741077755, "supply": "[{\"l\":'Labor',\"v\":0.00067130726741077755}]"}, {"source": 33, "prod": 0, "target": 28, "value": 0.094318671071214236, "supply": "[{\"l\":'Labor',\"v\":0.094318671071214236}]"}]}