{"nodes": [{"layer": 3, "name": "Starchy Roots"}, {"layer": 5, "name": "Production", "fill": "#b5cf6b"}, {"layer": 3, "name": "Vegetables"}, {"layer": 3, "name": "Sugar Crops", "fill": "#ffbb78"}, {"layer": 3, "name": "Cereals - Excluding Beer"}, {"layer": 3, "name": "Fruits - Excluding Wine"}, {"layer": 3, "name": "Oilcrops", "fill": "#ff9896"}, {"layer": 1, "name": "Electricity", "fill": "#bcbd22"}, {"layer": 0, "name": "Fossil Fuels", "fill": "#c49c94"}, {"layer": 0, "name": "Renewables & Nuclear", "fill": "#2ca02c"}, {"layer": 1, "name": "Fertilizers", "fill": "#c5b0d5"}, {"layer": 0, "name": "Labor", "fill": "#7f7f7f"}], "links": [{"source": 0, "prod": 1.0, "target": 1, "value": 0.0010524834690619836, "supply": [{"l": "Cassava", "v": 0.0010524834690619836}]}, {"source": 2, "prod": 5.0, "target": 1, "value": 0.0014875117830052749, "supply": [{"l": "Tomatoes", "v": 0.0001821895561609442}, {"l": "Vegetables, Other", "v": 0.0013053222268443307}]}, {"source": 3, "prod": 230.0, "target": 1, "value": 0.07831715225667113, "supply": [{"l": "Sugar cane", "v": 0.07831715225667113}]}, {"source": 4, "prod": 78.0, "target": 1, "value": 0.30705147523107784, "supply": [{"l": "Maize", "v": 0.0041714036529104052}, {"l": "Rice", "v": 0.30288007157816743}]}, {"source": 5, "prod": 67.0, "target": 1, "value": 0.043594106795544083, "supply": [{"l": "Plantains", "v": 0.0060503685708068952}, {"l": "Grapefruit", "v": 0.0016059331621248426}, {"l": "Lemons, Limes", "v": 0.00040817467870673076}, {"l": "Bananas", "v": 0.032757123132312729}, {"l": "Oranges, Mandarines", "v": 0.0027725072515928885}]}, {"source": 6, "prod": 7.0, "target": 1, "value": 0.011356095519687899, "supply": [{"l": "Coconuts - Incl Copra", "v": 0.011356095519687899}]}, {"source": 7, "prod": 0, "target": 6, "value": 8.8273956386196089e-06, "supply": "[{\"l\":'Energy for power irrigation',\"v\":8.8273956386196089e-06}]"}, {"source": 7, "prod": 0, "target": 2, "value": 7.172258956378432e-06, "supply": "[{\"l\":'Energy for power irrigation',\"v\":7.172258956378432e-06}]"}, {"source": 7, "prod": 0, "target": 3, "value": 0.00025378762461031372, "supply": "[{\"l\":'Energy for power irrigation',\"v\":0.00025378762461031372}]"}, {"source": 7, "prod": 0, "target": 0, "value": 2.7585611370686276e-06, "supply": "[{\"l\":'Energy for power irrigation',\"v\":2.7585611370686276e-06}]"}, {"source": 7, "prod": 0, "target": 5, "value": 7.4481150700852954e-05, "supply": "[{\"l\":'Energy for power irrigation',\"v\":7.4481150700852954e-05}]"}, {"source": 7, "prod": 0, "target": 4, "value": 0.00010537703543602159, "supply": "[{\"l\":'Energy for power irrigation',\"v\":0.00010537703543602159}]"}, {"source": 8, "prod": 0, "target": 7, "value": 0.00085458177912101465, "supply": [{"l": "Coal", "v": 0.0004440333569849977}, {"l": "Natural gas", "v": 0.00013186915713022274}, {"l": "Oil", "v": 0.00027867926500579421}]}, {"source": 9, "prod": 0, "target": 7, "value": 0.00012025781821402726, "supply": [{"l": "Nuclear", "v": 1.3730484574221253e-05}, {"l": "Hydroelectric", "v": 0.00010515930563918189}, {"l": "Renewable", "v": 1.3680280006241189e-06}]}, {"source": 8, "prod": 0, "target": 6, "value": 0.0049327305493515163, "supply": [{"l": "Motor Gasoline", "v": 0.00023981594280925693}, {"l": "Gas-Diesel oil", "v": 0.0020950060918099875}, {"l": "Fuel oil", "v": 0.0025979085147322715}]}, {"source": 8, "prod": 0, "target": 2, "value": 0.0040078435713481074, "supply": [{"l": "Motor Gasoline", "v": 0.00019485045353252124}, {"l": "Gas-Diesel oil", "v": 0.0017021924495956148}, {"l": "Fuel oil", "v": 0.0021108006682199702}]}, {"source": 8, "prod": 0, "target": 3, "value": 0.1418160032938561, "supply": [{"l": "Motor Gasoline", "v": 0.0068947083557661364}, {"l": "Gas-Diesel oil", "v": 0.060231425139537144}, {"l": "Fuel oil", "v": 0.074689869798552799}]}, {"source": 8, "prod": 0, "target": 0, "value": 0.001541478296672349, "supply": [{"l": "Motor Gasoline", "v": 7.4942482127892787e-05}, {"l": "Gas-Diesel oil", "v": 0.00065468940369062115}, {"l": "Fuel oil", "v": 0.00081184641085383475}]}, {"source": 8, "prod": 0, "target": 5, "value": 0.041619914010153428, "supply": [{"l": "Motor Gasoline", "v": 0.0020234470174531056}, {"l": "Gas-Diesel oil", "v": 0.017676613899646771}, {"l": "Fuel oil", "v": 0.02191985309305354}]}, {"source": 8, "prod": 0, "target": 4, "value": 0.058884470932883737, "supply": [{"l": "Motor Gasoline", "v": 0.0028628028172855051}, {"l": "Gas-Diesel oil", "v": 0.025009135220981731}, {"l": "Fuel oil", "v": 0.031012532894616491}]}, {"source": 10, "prod": 0.035079171741778319, "target": 6, "value": 0.00055773717733074773, "supply": [{"l": "Potash", "v": 0.000256388889094}, {"l": "Phosphate", "v": 0.00084166666734000002}, {"l": "Nitrogen", "v": 0.027520833355349994}]}, {"source": 10, "prod": 0.028501827040194883, "target": 2, "value": 0.00045316145658123251, "supply": [{"l": "Potash", "v": 0.000256388889094}, {"l": "Phosphate", "v": 0.00084166666734000002}, {"l": "Nitrogen", "v": 0.027520833355349994}]}, {"source": 10, "prod": 1.0085261875761267, "target": 3, "value": 0.016034943848258997, "supply": [{"l": "Potash", "v": 0.000256388889094}, {"l": "Phosphate", "v": 0.00084166666734000002}, {"l": "Nitrogen", "v": 0.027520833355349994}]}, {"source": 10, "prod": 0.010962241169305725, "target": 0, "value": 0.00017429286791585867, "supply": [{"l": "Potash", "v": 0.000256388889094}, {"l": "Phosphate", "v": 0.00084166666734000002}, {"l": "Nitrogen", "v": 0.027520833355349994}]}, {"source": 10, "prod": 0.2959805115712546, "target": 5, "value": 0.0047059074337281841, "supply": [{"l": "Potash", "v": 0.000256388889094}, {"l": "Phosphate", "v": 0.00084166666734000002}, {"l": "Nitrogen", "v": 0.027520833355349994}]}, {"source": 10, "prod": 0.41875761266747874, "target": 4, "value": 0.0066579875543858018, "supply": [{"l": "Potash", "v": 0.000256388889094}, {"l": "Phosphate", "v": 0.00084166666734000002}, {"l": "Nitrogen", "v": 0.027520833355349994}]}, {"source": 8, "prod": 0, "target": 10, "value": 0.033952624331916093, "supply": [{"l": "Natural gas (including LNG)", "v": 0.023051747807322862}, {"l": "Fuel oil", "v": 0.006035986160531831}, {"l": "Liquefied petroleum gas (LPG)", "v": 0.0024324451820307018}, {"l": "Coal", "v": 0.0024324451820307018}]}, {"source": 11, "prod": 0, "target": 6, "value": 0.00029221288366379028, "supply": "[{\"l\":'Labor',\"v\":0.00029221288366379028}]"}, {"source": 11, "prod": 0, "target": 2, "value": 0.0002374229679768296, "supply": "[{\"l\":'Labor',\"v\":0.0002374229679768296}]"}, {"source": 11, "prod": 0, "target": 3, "value": 0.008401120405333971, "supply": "[{\"l\":'Labor',\"v\":0.008401120405333971}]"}, {"source": 11, "prod": 0, "target": 0, "value": 9.1316526144934469e-05, "supply": "[{\"l\":'Labor',\"v\":9.1316526144934469e-05}]"}, {"source": 11, "prod": 0, "target": 5, "value": 0.0024655462059132308, "supply": "[{\"l\":'Labor',\"v\":0.0024655462059132308}]"}, {"source": 11, "prod": 0, "target": 4, "value": 0.003488291298736497, "supply": "[{\"l\":'Labor',\"v\":0.003488291298736497}]"}]}