{"nodes": [{"layer": 5, "name": "Maize"}, {"layer": 10, "name": "Feed", "fill": "#dbdb8d"}, {"layer": 5, "name": "Rice"}, {"layer": 5, "name": "Bananas"}, {"layer": 5, "name": "Sugar cane"}, {"layer": 5, "name": "Plantains"}, {"layer": 16, "name": "Food", "fill": "#b5cf6b"}, {"layer": 5, "name": "Fruits, Other"}, {"layer": 13, "name": "Sugar", "fill": "#d6616b"}, {"layer": 13, "name": "Beer"}, {"layer": 5, "name": "Grapefruit"}, {"layer": 13, "name": "Beverages, Alcoholic"}, {"layer": 5, "name": "Wheat"}, {"layer": 5, "name": "Coconuts - Incl Copra"}, {"layer": 13, "name": "Crustaceans"}, {"layer": 13, "name": "Eggs"}, {"layer": 5, "name": "Vegetables, Other"}, {"layer": 5, "name": "Peas"}, {"layer": 13, "name": "Marine Fish, Other"}, {"layer": 13, "name": "Pigmeat"}, {"layer": 5, "name": "Potatoes"}, {"layer": 13, "name": "Coconut Oil"}, {"layer": 13, "name": "Milk - Excluding Butter"}, {"layer": 13, "name": "Fish, Seafood"}, {"layer": 13, "name": "Pelagic Fish"}, {"layer": 13, "name": "Bovine Meat"}, {"layer": 13, "name": "Poultry Meat"}, {"layer": 13, "name": "Demersal Fish"}, {"layer": 5, "name": "Oranges, Mandarines"}, {"layer": 5, "name": "Onions"}, {"layer": 5, "name": "Cassava"}, {"layer": 10, "name": "Processing", "fill": "#9edae5"}, {"layer": 5, "name": "Barley"}, {"layer": 16, "name": "Biofuels & Other", "fill": "#e7ba52"}, {"name": "Seed", "fill": "#dbdb8d"}, {"name": "Waste", "fill": "#c7c7c7"}, {"layer": 0, "name": "Import", "fill": "#aec7e8"}, {"layer": 16, "name": "Export", "fill": "#aec7e8"}, {"layer": 0, "name": "Stock Draw", "fill": "#c7c7c7"}, {"layer": 16, "name": "Stock Deposit", "fill": "#c7c7c7"}, {"layer": 0, "name": "Production", "fill": "#b5cf6b"}], "links": [{"source": 0, "prod": 0.052438441076205891, "target": 1, "value": 12.0, "supply": [{"l": "Maize", "v": 12.0}]}, {"source": 2, "prod": 0.019674009749887877, "target": 1, "value": 5.0, "supply": [{"l": "Rice", "v": 5.0}]}, {"source": 3, "prod": 0.002168069203848631, "target": 1, "value": 3.0, "supply": [{"l": "Bananas", "v": 3.0}]}, {"source": 4, "prod": 0.014389886978135591, "target": 1, "value": 44.0, "supply": [{"l": "Sugar cane", "v": 44.0}]}, {"source": 5, "prod": 0.0021000082409787985, "target": 6, "value": 2.0, "supply": [{"l": "Plantains", "v": 2.0}]}, {"source": 7, "prod": 0.00033425328020078739, "target": 6, "value": 1.0, "supply": [{"l": "Fruits, Other", "v": 1.0}]}, {"source": 8, "prod": 0.044295826002260875, "target": 6, "value": 12.0, "supply": [{"l": "Sugar", "v": 12.0}]}, {"source": 9, "prod": 0.0042309136131727576, "target": 6, "value": 10.0, "supply": [{"l": "Beer", "v": 10.0}]}, {"source": 10, "prod": 0.0010117219444409136, "target": 6, "value": 4.0, "supply": [{"l": "Grapefruit", "v": 4.0}]}, {"source": 11, "prod": 0.006880302229454128, "target": 6, "value": 2.0, "supply": [{"l": "Beverages, Alcoholic", "v": 2.0}]}, {"source": 2, "prod": 0.12197886044930482, "target": 6, "value": 31.0, "supply": [{"l": "Rice", "v": 31.0}]}, {"source": 12, "prod": 0.057412748210321933, "target": 6, "value": 18.0, "supply": [{"l": "Wheat", "v": 18.0}]}, {"source": 13, "prod": 0.001632698714826923, "target": 6, "value": 1.0, "supply": [{"l": "Coconuts - Incl Copra", "v": 1.0}]}, {"source": 14, "prod": 0.0010463069228820424, "target": 6, "value": 2.0, "supply": [{"l": "Crustaceans", "v": 2.0}]}, {"source": 15, "prod": 0.003060922827796964, "target": 6, "value": 2.0, "supply": [{"l": "Eggs", "v": 2.0}]}, {"source": 16, "prod": 0.0013006008485770212, "target": 6, "value": 4.0, "supply": [{"l": "Vegetables, Other", "v": 4.0}]}, {"source": 17, "prod": 0.0039870322207375694, "target": 6, "value": 1.0, "supply": [{"l": "Peas", "v": 1.0}]}, {"source": 18, "prod": 0.0025361408201863443, "target": 6, "value": 3.0, "supply": [{"l": "Marine Fish, Other", "v": 3.0}]}, {"source": 19, "prod": 0.0039386752502010309, "target": 6, "value": 1.0, "supply": [{"l": "Pigmeat", "v": 1.0}]}, {"source": 20, "prod": 0.0017218476306131046, "target": 6, "value": 2.0, "supply": [{"l": "Potatoes", "v": 2.0}]}, {"source": 21, "prod": 0.020250301689675555, "target": 6, "value": 2.0, "supply": [{"l": "Coconut Oil", "v": 2.0}]}, {"source": 22, "prod": 0.013507267805622608, "target": 6, "value": 18.0, "supply": [{"l": "Milk - Excluding Butter", "v": 18.0}]}, {"source": 23, "prod": 0.0069121159407310858, "target": 6, "value": 9.0, "supply": [{"l": "Fish, Seafood", "v": 9.0}]}, {"source": 4, "prod": 0.00065408577173343594, "target": 6, "value": 2.0, "supply": [{"l": "Sugar cane", "v": 2.0}]}, {"source": 24, "prod": 0.0020963045227407411, "target": 6, "value": 2.0, "supply": [{"l": "Pelagic Fish", "v": 2.0}]}, {"source": 3, "prod": 0.0036134486730810518, "target": 6, "value": 5.0, "supply": [{"l": "Bananas", "v": 5.0}]}, {"source": 25, "prod": 0.0060293902635834944, "target": 6, "value": 4.0, "supply": [{"l": "Bovine Meat", "v": 4.0}]}, {"source": 26, "prod": 0.0088287462224911732, "target": 6, "value": 6.0, "supply": [{"l": "Poultry Meat", "v": 6.0}]}, {"source": 27, "prod": 0.0013833048174501019, "target": 6, "value": 2.0, "supply": [{"l": "Demersal Fish", "v": 2.0}]}, {"source": 28, "prod": 0.0025254692281837269, "target": 6, "value": 8.0, "supply": [{"l": "Oranges, Mandarines", "v": 8.0}]}, {"source": 29, "prod": 0.00046648534709340663, "target": 6, "value": 1.0, "supply": [{"l": "Onions", "v": 1.0}]}, {"source": 30, "prod": 0.0020877131107622949, "target": 6, "value": 2.0, "supply": [{"l": "Cassava", "v": 2.0}]}, {"source": 4, "prod": 0.035974717445338984, "target": 31, "value": 110.0, "supply": [{"l": "Sugar cane", "v": 110.0}]}, {"source": 32, "prod": 0.0061299879545848391, "target": 31, "value": 2.0, "supply": [{"l": "Barley", "v": 2.0}]}, {"source": 13, "prod": 0.0081634935741346157, "target": 31, "value": 5.0, "supply": [{"l": "Coconuts - Incl Copra", "v": 5.0}]}, {"source": 21, "prod": 0.020250301689675555, "target": 33, "value": 2.0, "supply": [{"l": "Coconut Oil", "v": 2.0}]}, {"source": 2, "prod": 0.015739207799910299, "target": 34, "value": 4.0, "supply": [{"l": "Rice", "v": 4.0}]}, {"source": 12, "prod": 0.0031895971227956627, "target": 35, "value": 1.0, "supply": [{"l": "Wheat", "v": 1.0}]}, {"source": 3, "prod": 0.0007226897346162103, "target": 35, "value": 1.0, "supply": [{"l": "Bananas", "v": 1.0}]}, {"source": 22, "prod": 0.00075040376697903396, "target": 35, "value": 1.0, "supply": [{"l": "Milk - Excluding Butter", "v": 1.0}]}, {"source": 10, "prod": 0.00025293048611022841, "target": 35, "value": 1.0, "supply": [{"l": "Grapefruit", "v": 1.0}]}, {"source": 28, "prod": 0.00031568365352296587, "target": 35, "value": 1.0, "supply": [{"l": "Oranges, Mandarines", "v": 1.0}]}, {"source": 2, "prod": 0.05902202924966362, "target": 35, "value": 15.0, "supply": [{"l": "Rice", "v": 15.0}]}, {"source": 4, "prod": 0.00098112865760015397, "target": 35, "value": 3.0, "supply": [{"l": "Sugar cane", "v": 3.0}]}, {"source": 36, "prod": 0.0017218476306131046, "target": 20, "value": 2.0, "supply": [{"l": "Potatoes", "v": 2.0}]}, {"source": 36, "prod": 0.00046648534709340663, "target": 29, "value": 1.0, "supply": [{"l": "Onions", "v": 1.0}]}, {"source": 36, "prod": 0.063791942455913256, "target": 12, "value": 20.0, "supply": [{"l": "Wheat", "v": 20.0}]}, {"source": 36, "prod": 0.020078548770840688, "target": 1, "value": 23.0, "supply": [{"l": "Pelagic Fish", "v": 2.0}, {"l": "Milk - Excluding Butter", "v": 12.0}, {"l": "Fish, Seafood", "v": 4.0}, {"l": "Bovine Meat", "v": 3.0}, {"l": "Demersal Fish", "v": 2.0}]}, {"source": 36, "prod": 0.0061299879545848391, "target": 32, "value": 2.0, "supply": [{"l": "Barley", "v": 2.0}]}, {"source": 36, "prod": 0.041621332677601153, "target": 31, "value": 7.0, "supply": [{"l": "Coconut Oil", "v": 3.0}, {"l": "Sugar", "v": 2.0}, {"l": "Beer", "v": 1.0}, {"l": "Beverages, Alcoholic", "v": 1.0}]}, {"source": 36, "prod": 0.0039870322207375694, "target": 17, "value": 1.0, "supply": [{"l": "Peas", "v": 1.0}]}, {"source": 36, "prod": 0.052438441076205891, "target": 0, "value": 12.0, "supply": [{"l": "Maize", "v": 12.0}]}, {"source": 36, "prod": 0.00033425328020078739, "target": 7, "value": 1.0, "supply": [{"l": "Fruits, Other", "v": 1.0}]}, {"source": 36, "prod": 0.00065030042428851061, "target": 16, "value": 2.0, "supply": [{"l": "Vegetables, Other", "v": 2.0}]}, {"source": 23, "prod": 0.0015360257646069081, "target": 37, "value": 2.0, "supply": [{"l": "Fish, Seafood", "v": 2.0}]}, {"source": 3, "prod": 0.021680692038486309, "target": 37, "value": 30.0, "supply": [{"l": "Bananas", "v": 30.0}]}, {"source": 14, "prod": 0.0010463069228820424, "target": 37, "value": 2.0, "supply": [{"l": "Crustaceans", "v": 2.0}]}, {"source": 16, "prod": 0.0003251502121442553, "target": 37, "value": 1.0, "supply": [{"l": "Vegetables, Other", "v": 1.0}]}, {"source": 10, "prod": 0.00050586097222045682, "target": 37, "value": 2.0, "supply": [{"l": "Grapefruit", "v": 2.0}]}, {"source": 11, "prod": 0.006880302229454128, "target": 37, "value": 2.0, "supply": [{"l": "Beverages, Alcoholic", "v": 2.0}]}, {"source": 28, "prod": 0.00063136730704593173, "target": 37, "value": 2.0, "supply": [{"l": "Oranges, Mandarines", "v": 2.0}]}, {"source": 2, "prod": 0.18887049359892358, "target": 37, "value": 48.0, "supply": [{"l": "Rice", "v": 48.0}]}, {"source": 38, "prod": 0.0036913188335217393, "target": 31, "value": 1.0, "supply": [{"l": "Sugar", "v": 1.0}]}, {"source": 2, "prod": 0.023608811699865447, "target": 39, "value": 6.0, "supply": [{"l": "Rice", "v": 6.0}]}, {"source": 25, "prod": 0.0015073475658958736, "target": 39, "value": 1.0, "supply": [{"l": "Bovine Meat", "v": 1.0}]}, {"source": 40, "prod": 0.4288934125475557, "target": 2, "value": 109.0, "supply": [{"l": "Rice", "v": 109.0}]}, {"source": 40, "prod": 0.028184899650032201, "target": 3, "value": 39.0, "supply": [{"l": "Bananas", "v": 39.0}]}, {"source": 40, "prod": 0.0020877131107622949, "target": 30, "value": 2.0, "supply": [{"l": "Cassava", "v": 2.0}]}, {"source": 40, "prod": 0.0097961922889615374, "target": 13, "value": 6.0, "supply": [{"l": "Coconuts - Incl Copra", "v": 6.0}]}, {"source": 40, "prod": 0.00097545063643276596, "target": 16, "value": 3.0, "supply": [{"l": "Vegetables, Other", "v": 3.0}]}, {"source": 40, "prod": 0.0017705134027715991, "target": 10, "value": 7.0, "supply": [{"l": "Grapefruit", "v": 7.0}]}, {"source": 40, "prod": 0.003150012361468198, "target": 5, "value": 3.0, "supply": [{"l": "Plantains", "v": 3.0}]}, {"source": 40, "prod": 0.0037882038422755908, "target": 28, "value": 12.0, "supply": [{"l": "Oranges, Mandarines", "v": 12.0}]}, {"source": 40, "prod": 0.052326861738674874, "target": 4, "value": 160.0, "supply": [{"l": "Sugar cane", "v": 160.0}]}, {"source": 1, "prod": 0.0088287462224911732, "target": 26, "value": 6.0, "supply": [{"l": "Poultry Meat", "v": 6.0}]}, {"source": 1, "prod": 0.0039386752502010309, "target": 19, "value": 1.0, "supply": [{"l": "Pigmeat", "v": 1.0}]}, {"source": 1, "prod": 0.0020963045227407411, "target": 24, "value": 2.0, "supply": [{"l": "Pelagic Fish", "v": 2.0}]}, {"source": 1, "prod": 0.0020926138457640847, "target": 14, "value": 4.0, "supply": [{"l": "Crustaceans", "v": 4.0}]}, {"source": 1, "prod": 0.003060922827796964, "target": 15, "value": 2.0, "supply": [{"l": "Eggs", "v": 2.0}]}, {"source": 1, "prod": 0.014257671572601643, "target": 22, "value": 19.0, "supply": [{"l": "Milk - Excluding Butter", "v": 19.0}]}, {"source": 1, "prod": 0.0025361408201863443, "target": 18, "value": 3.0, "supply": [{"l": "Marine Fish, Other", "v": 3.0}]}, {"source": 1, "prod": 0.0084481417053379939, "target": 23, "value": 11.0, "supply": [{"l": "Fish, Seafood", "v": 11.0}]}, {"source": 1, "prod": 0.007536737829479368, "target": 25, "value": 5.0, "supply": [{"l": "Bovine Meat", "v": 5.0}]}, {"source": 1, "prod": 0.0013833048174501019, "target": 27, "value": 2.0, "supply": [{"l": "Demersal Fish", "v": 2.0}]}, {"source": 31, "prod": 0.0042309136131727576, "target": 9, "value": 10.0, "supply": [{"l": "Beer", "v": 10.0}]}, {"source": 31, "prod": 0.013760604458908256, "target": 11, "value": 4.0, "supply": [{"l": "Beverages, Alcoholic", "v": 4.0}]}, {"source": 31, "prod": 0.040500603379351109, "target": 21, "value": 4.0, "supply": [{"l": "Coconut Oil", "v": 4.0}]}, {"source": 31, "prod": 0.044295826002260875, "target": 8, "value": 12.0, "supply": [{"l": "Sugar", "v": 12.0}]}]}