{"nodes": [{"layer": 5, "name": "Cereals - Excluding Beer"}, {"layer": 10, "name": "Feed", "fill": "#dbdb8d"}, {"layer": 5, "name": "Sugar Crops", "fill": "#ffbb78"}, {"layer": 5, "name": "Fruits - Excluding Wine"}, {"layer": 13, "name": "Milk - Excluding Butter"}, {"layer": 16, "name": "Food", "fill": "#b5cf6b"}, {"layer": 5, "name": "Oilcrops", "fill": "#ff9896"}, {"layer": 5, "name": "Vegetables"}, {"layer": 13, "name": "Alcoholic Beverages"}, {"layer": 5, "name": "Starchy Roots"}, {"layer": 5, "name": "Pulses"}, {"layer": 13, "name": "Fish, Seafood"}, {"layer": 13, "name": "Sugar & Sweeteners"}, {"layer": 13, "name": "Vegetable Oils", "fill": "#f7b6d2"}, {"layer": 13, "name": "Eggs"}, {"layer": 13, "name": "Meat"}, {"layer": 10, "name": "Processing", "fill": "#9edae5"}, {"name": "Waste", "fill": "#c7c7c7"}, {"layer": 2, "name": "Import", "fill": "#aec7e8"}, {"layer": 16, "name": "Export", "fill": "#aec7e8"}, {"layer": 16, "name": "Stock Deposit", "fill": "#c7c7c7"}, {"layer": 0, "name": "Stock Draw", "fill": "#c7c7c7"}, {"name": "Crop Residue", "fill": "#bd9e39"}, {"layer": 2, "name": "Electricity", "fill": "#bcbd22"}, {"layer": 0, "name": "Fossil Fuels", "fill": "#c49c94"}, {"layer": 0, "name": "Renewables & Nuclear", "fill": "#2ca02c"}, {"layer": 2, "name": "Fertilizers", "fill": "#c5b0d5"}, {"layer": 0, "name": "Labor", "fill": "#7f7f7f"}], "links": [{"source": 0, "prod": 6.0, "target": 1, "value": 0.023842938937825846, "supply": [{"l": "Maize", "v": 0.00416567055278271}, {"l": "Rice", "v": 0.019677268385043134}]}, {"source": 2, "prod": 15.0, "target": 1, "value": 0.0051402825330575178, "supply": [{"l": "Sugar cane", "v": 0.0051402825330575178}]}, {"source": 3, "prod": 1.0, "target": 1, "value": 0.0010123806175818257, "supply": [{"l": "Plantains", "v": 0.0010123806175818257}]}, {"source": 4, "prod": 15.0, "target": 5, "value": 0.010146357646405037, "supply": [{"l": "Milk - Excluding Butter", "v": 0.010146357646405037}]}, {"source": 6, "prod": 1.0, "target": 5, "value": 0.0015617118141822745, "supply": [{"l": "Coconuts - Incl Copra", "v": 0.0015617118141822745}]}, {"source": 7, "prod": 7.0, "target": 5, "value": 0.0022270689284600007, "supply": [{"l": "Tomatoes", "v": 0.00024824658821929828}, {"l": "Vegetables, Other", "v": 0.001485215752037214}, {"l": "Onions", "v": 0.00049360658820348836}]}, {"source": 8, "prod": 7.0, "target": 5, "value": 0.0088770664510062335, "supply": [{"l": "Beer", "v": 0.0020343530312539938}, {"l": "Beverages, Alcoholic", "v": 0.0068427134197522402}]}, {"source": 2, "prod": 3.0, "target": 5, "value": 0.0010280565066115037, "supply": [{"l": "Sugar cane", "v": 0.0010280565066115037}]}, {"source": 9, "prod": 4.0, "target": 5, "value": 0.0037844658774534522, "supply": [{"l": "Potatoes", "v": 0.0016957456691944076}, {"l": "Cassava", "v": 0.0020887202082590446}]}, {"source": 10, "prod": 1.0, "target": 5, "value": 0.0041474300686982759, "supply": [{"l": "Peas", "v": 0.0041474300686982759}]}, {"source": 11, "prod": 14.0, "target": 5, "value": 0.011445573951564677, "supply": [{"l": "Crustaceans", "v": 0.00059370862357342659}, {"l": "Fish, Seafood", "v": 0.0057592750235980613}, {"l": "Pelagic Fish", "v": 0.0010270201593266131}, {"l": "Demersal Fish", "v": 0.0021722899745245201}, {"l": "Marine Fish, Other", "v": 0.00098037336225173218}, {"l": "Freshwater Fish", "v": 0.00091290680829032259}]}, {"source": 12, "prod": 9.0, "target": 5, "value": 0.037832156831428869, "supply": [{"l": "Sugar", "v": 0.037832156831428869}]}, {"source": 0, "prod": 45.0, "target": 5, "value": 0.16487645467412609, "supply": [{"l": "Maize", "v": 0.00416567055278271}, {"l": "Rice", "v": 0.11019270295624155}, {"l": "Wheat", "v": 0.050518081165101855}]}, {"source": 13, "prod": 3.0, "target": 5, "value": 0.030688653608376602, "supply": [{"l": "Coconut Oil", "v": 0.030688653608376602}]}, {"source": 14, "prod": 1.0, "target": 5, "value": 0.0016062225194513513, "supply": [{"l": "Eggs", "v": 0.0016062225194513513}]}, {"source": 3, "prod": 13.0, "target": 5, "value": 0.0071030115302678698, "supply": [{"l": "Fruits, Other", "v": 0.00041213753966504852}, {"l": "Grapefruit", "v": 0.00044920811201587307}, {"l": "Bananas", "v": 0.00068468010621774197}, {"l": "Oranges, Mandarines", "v": 0.0015074633020419033}, {"l": "Plantains", "v": 0.004049522470327303}]}, {"source": 15, "prod": 9.0, "target": 5, "value": 0.012655219027952237, "supply": [{"l": "Bovine Meat", "v": 0.00676221769404909}, {"l": "Poultry Meat", "v": 0.0058930013339031475}]}, {"source": 0, "prod": 1.0, "target": 16, "value": 0.0028917007210831065, "supply": [{"l": "Barley", "v": 0.0028917007210831065}]}, {"source": 2, "prod": 132.0, "target": 16, "value": 0.045234486290906165, "supply": [{"l": "Sugar cane", "v": 0.045234486290906165}]}, {"source": 6, "prod": 22.0, "target": 16, "value": 0.034357659912010036, "supply": [{"l": "Coconuts - Incl Copra", "v": 0.034357659912010036}]}, {"source": 0, "prod": 3.0, "target": 0, "value": 0.011806361031025881, "supply": [{"l": "Rice", "v": 0.011806361031025881}]}, {"source": 4, "prod": 1.0, "target": 17, "value": 0.0006764238430936692, "supply": [{"l": "Milk - Excluding Butter", "v": 0.0006764238430936692}]}, {"source": 3, "prod": 3.0, "target": 17, "value": 0.0015384773339981428, "supply": [{"l": "Grapefruit", "v": 0.00022460405600793654}, {"l": "Oranges, Mandarines", "v": 0.0003014926604083807}, {"l": "Plantains", "v": 0.0010123806175818257}]}, {"source": 2, "prod": 3.0, "target": 17, "value": 0.0010280565066115037, "supply": [{"l": "Sugar cane", "v": 0.0010280565066115037}]}, {"source": 0, "prod": 9.0, "target": 17, "value": 0.034641009488887875, "supply": [{"l": "Wheat", "v": 0.003157380072818866}, {"l": "Rice", "v": 0.031483629416069012}]}, {"source": 18, "prod": 18.0, "target": 1, "value": 0.015958641646851311, "supply": [{"l": "Pelagic Fish", "v": 0.0010270201593266131}, {"l": "Milk - Excluding Butter", "v": 0.004058543058562015}, {"l": "Demersal Fish", "v": 0.0021722899745245201}, {"l": "Fish, Seafood", "v": 0.0032910142991988928}, {"l": "Bovine Meat", "v": 0.005409774155239272}]}, {"source": 18, "prod": 19.0, "target": 0, "value": 0.060732832511786537, "supply": [{"l": "Maize", "v": 0.00416567055278271}, {"l": "Wheat", "v": 0.053675461237920719}, {"l": "Barley", "v": 0.0028917007210831065}]}, {"source": 18, "prod": 1.0, "target": 10, "value": 0.0041474300686982759, "supply": [{"l": "Peas", "v": 0.0041474300686982759}]}, {"source": 18, "prod": 2.0, "target": 16, "value": 0.008896903923350798, "supply": [{"l": "Fats, Animals, Raw", "v": 0.0084900333171}, {"l": "Beer", "v": 0.00040687060625079873}]}, {"source": 18, "prod": 2.0, "target": 7, "value": 0.00079064973861093114, "supply": [{"l": "Vegetables, Other", "v": 0.00029704315040744278}, {"l": "Onions", "v": 0.00049360658820348836}]}, {"source": 18, "prod": 1.0, "target": 3, "value": 0.00041213753966504852, "supply": [{"l": "Fruits, Other", "v": 0.00041213753966504852}]}, {"source": 18, "prod": 18.0, "target": 6, "value": 0.02811081265528094, "supply": [{"l": "Coconuts - Incl Copra", "v": 0.02811081265528094}]}, {"source": 18, "prod": 3.0, "target": 9, "value": 0.002543618503791611, "supply": [{"l": "Potatoes", "v": 0.002543618503791611}]}, {"source": 3, "prod": 6.0, "target": 19, "value": 0.0024215536452681184, "supply": [{"l": "Grapefruit", "v": 0.00044920811201587307}, {"l": "Bananas", "v": 0.0013693602124354839}, {"l": "Oranges, Mandarines", "v": 0.0006029853208167614}]}, {"source": 0, "prod": 15.0, "target": 19, "value": 0.059031805155129409, "supply": [{"l": "Rice", "v": 0.059031805155129409}]}, {"source": 12, "prod": 1.0, "target": 19, "value": 0.0042035729812698744, "supply": [{"l": "Sugar", "v": 0.0042035729812698744}]}, {"source": 11, "prod": 2.0, "target": 19, "value": 0.0014164621983731498, "supply": [{"l": "Crustaceans", "v": 0.00059370862357342659}, {"l": "Fish, Seafood", "v": 0.00082275357479972319}]}, {"source": 8, "prod": 1.0, "target": 19, "value": 0.0034213567098761201, "supply": [{"l": "Beverages, Alcoholic", "v": 0.0034213567098761201}]}, {"source": 12, "prod": 1.0, "target": 20, "value": 0.0042035729812698744, "supply": [{"l": "Sugar", "v": 0.0042035729812698744}]}, {"source": 21, "prod": 1.0, "target": 1, "value": 0.0006764238430936692, "supply": [{"l": "Milk - Excluding Butter", "v": 0.0006764238430936692}]}, {"source": 1, "prod": 16.0, "target": 4, "value": 0.010822781489498706, "supply": [{"l": "Milk - Excluding Butter", "v": 0.010822781489498706}]}, {"source": 1, "prod": 1.0, "target": 14, "value": 0.0016062225194513513, "supply": [{"l": "Eggs", "v": 0.0016062225194513513}]}, {"source": 1, "prod": 9.0, "target": 15, "value": 0.012655219027952237, "supply": [{"l": "Poultry Meat", "v": 0.0058930013339031475}, {"l": "Bovine Meat", "v": 0.00676221769404909}]}, {"source": 1, "prod": 16.0, "target": 11, "value": 0.012862036149937826, "supply": [{"l": "Pelagic Fish", "v": 0.0010270201593266131}, {"l": "Crustaceans", "v": 0.0011874172471468532}, {"l": "Freshwater Fish", "v": 0.00091290680829032259}, {"l": "Demersal Fish", "v": 0.0021722899745245201}, {"l": "Fish, Seafood", "v": 0.0065820285983977846}, {"l": "Marine Fish, Other", "v": 0.00098037336225173218}]}, {"source": 16, "prod": 11.0, "target": 12, "value": 0.046239302793968616, "supply": [{"l": "Sugar", "v": 0.046239302793968616}]}, {"source": 16, "prod": 3.0, "target": 13, "value": 0.030688653608376602, "supply": [{"l": "Coconut Oil", "v": 0.030688653608376602}]}, {"source": 16, "prod": 8.0, "target": 8, "value": 0.012298423160882354, "supply": [{"l": "Beer", "v": 0.0020343530312539938}, {"l": "Beverages, Alcoholic", "v": 0.01026407012962836}]}, {"source": 6, "prod": 14.0, "target": 22, "value": 0.017958082462876255, "supply": [{"l": "Coconuts - Incl Copra", "v": 0.048813333240000006}]}, {"source": 7, "prod": 6.0, "target": 22, "value": 0.021500852424796931, "supply": [{"l": "Tomatoes", "v": 0.0034866666599999998}, {"l": "Vegetables, Other", "v": 0.01568999997}, {"l": "Onions", "v": 0.0017433333299999999}]}, {"source": 2, "prod": 61.200000000000003, "target": 22, "value": 0.21338399959200005, "supply": [{"l": "Sugar cane", "v": 0.21338399959200005}]}, {"source": 9, "prod": 1.5, "target": 22, "value": 0.0049020069878334769, "supply": [{"l": "Potatoes", "v": 0.0017433333300000003}, {"l": "Cassava", "v": 0.0034866666599999998}]}, {"source": 10, "prod": 0.5, "target": 22, "value": 0.0018224846708448277, "supply": [{"l": "Peas", "v": 0.0017433333300000003}]}, {"source": 0, "prod": 139.0, "target": 22, "value": 0.47261497384024259, "supply": [{"l": "Maize", "v": 0.010459999980000001}, {"l": "Barley", "v": 0.002561940076642484}, {"l": "Rice", "v": 0.41142666588000004}, {"l": "Wheat", "v": 0.059273333220000002}]}, {"source": 23, "prod": 0, "target": 6, "value": 1.3011090188451193e-05, "supply": "[{\"l\":'Energy for power irrigation',\"v\":1.3011090188451193e-05}]"}, {"source": 23, "prod": 0, "target": 7, "value": 5.5761815093362245e-06, "supply": "[{\"l\":'Energy for power irrigation',\"v\":5.5761815093362245e-06}]"}, {"source": 23, "prod": 0, "target": 2, "value": 0.00014219262848807373, "supply": "[{\"l\":'Energy for power irrigation',\"v\":0.00014219262848807373}]"}, {"source": 23, "prod": 0, "target": 9, "value": 2.7880907546681122e-06, "supply": "[{\"l\":'Energy for power irrigation',\"v\":2.7880907546681122e-06}]"}, {"source": 23, "prod": 0, "target": 3, "value": 1.9516635282676786e-05, "supply": "[{\"l\":'Energy for power irrigation',\"v\":1.9516635282676786e-05}]"}, {"source": 23, "prod": 0, "target": 0, "value": 6.4590769149811282e-05, "supply": "[{\"l\":'Energy for power irrigation',\"v\":6.4590769149811282e-05}]"}, {"source": 23, "prod": 0, "target": 16, "value": 0.0012986086060765912, "supply": "[{\"l\":'Electricity',\"v\":0.0012986086060765912}]"}, {"source": 24, "prod": 0, "target": 23, "value": 0.0029334818230881631, "supply": [{"l": "Coal", "v": 0.0015162806242242271}, {"l": "Natural gas", "v": 0.00046557005842326129}, {"l": "Oil", "v": 0.00095163114044067481}]}, {"source": 25, "prod": 0, "target": 23, "value": 0.00041065518344733209, "supply": [{"l": "Nuclear", "v": 4.6886720093429239e-05}, {"l": "Hydroelectric", "v": 0.00035909693514974447}, {"l": "Renewable", "v": 4.6715282041584192e-06}]}, {"source": 24, "prod": 0, "target": 6, "value": 0.013271724001462157, "supply": [{"l": "Motor Gasoline", "v": 0.00064523512327940066}, {"l": "Gas-Diesel oil", "v": 0.0056367041243595506}, {"l": "Fuel oil", "v": 0.006989784753823205}]}, {"source": 24, "prod": 0, "target": 7, "value": 0.0056878817149123529, "supply": [{"l": "Motor Gasoline", "v": 0.00027652933854831451}, {"l": "Gas-Diesel oil", "v": 0.0024157303390112358}, {"l": "Fuel oil", "v": 0.0029956220373528017}]}, {"source": 24, "prod": 0, "target": 2, "value": 0.145040983730265, "supply": [{"l": "Motor Gasoline", "v": 0.0070514981329820202}, {"l": "Gas-Diesel oil", "v": 0.06160112364478651}, {"l": "Fuel oil", "v": 0.076388361952496445}]}, {"source": 24, "prod": 0, "target": 9, "value": 0.0028439408574561765, "supply": [{"l": "Motor Gasoline", "v": 0.00013826466927415726}, {"l": "Gas-Diesel oil", "v": 0.0012078651695056179}, {"l": "Fuel oil", "v": 0.0014978110186764009}]}, {"source": 24, "prod": 0, "target": 3, "value": 0.019907586002193233, "supply": [{"l": "Motor Gasoline", "v": 0.00096785268491910088}, {"l": "Gas-Diesel oil", "v": 0.0084550561865393246}, {"l": "Fuel oil", "v": 0.010484677130734806}]}, {"source": 24, "prod": 0, "target": 0, "value": 0.065884629864401426, "supply": [{"l": "Motor Gasoline", "v": 0.0032031315048513102}, {"l": "Gas-Diesel oil", "v": 0.027982209760213483}, {"l": "Fuel oil", "v": 0.034699288599336624}]}, {"source": 26, "prod": 0.059880149812734096, "target": 6, "value": 0.0010164451527066227, "supply": [{"l": "Potash", "v": 0.00015126944456545998}, {"l": "Phosphate", "v": 0.00018937500015149997}, {"l": "Nitrogen", "v": 0.019044416681902199}]}, {"source": 26, "prod": 0.025662921348314608, "target": 7, "value": 0.00043561935115998108, "supply": [{"l": "Potash", "v": 0.00015126944456545998}, {"l": "Phosphate", "v": 0.00018937500015149997}, {"l": "Nitrogen", "v": 0.019044416681902199}]}, {"source": 26, "prod": 0.65440449438202253, "target": 2, "value": 0.011108293454579516, "supply": [{"l": "Potash", "v": 0.00015126944456545998}, {"l": "Phosphate", "v": 0.00018937500015149997}, {"l": "Nitrogen", "v": 0.019044416681902199}]}, {"source": 26, "prod": 0.012831460674157304, "target": 9, "value": 0.00021780967557999054, "supply": [{"l": "Potash", "v": 0.00015126944456545998}, {"l": "Phosphate", "v": 0.00018937500015149997}, {"l": "Nitrogen", "v": 0.019044416681902199}]}, {"source": 26, "prod": 0.08982022471910113, "target": 3, "value": 0.0015246677290599337, "supply": [{"l": "Potash", "v": 0.00015126944456545998}, {"l": "Phosphate", "v": 0.00018937500015149997}, {"l": "Nitrogen", "v": 0.019044416681902199}]}, {"source": 26, "prod": 0.29726217228464424, "target": 0, "value": 0.0050459241509364476, "supply": [{"l": "Potash", "v": 0.00015126944456545998}, {"l": "Phosphate", "v": 0.00018937500015149997}, {"l": "Nitrogen", "v": 0.019044416681902199}]}, {"source": 24, "prod": 0, "target": 26, "value": 0.022993325684835211, "supply": [{"l": "Natural gas (including LNG)", "v": 0.0155899204217447}, {"l": "Fuel oil", "v": 0.0040369011311600176}, {"l": "Liquefied petroleum gas (LPG)", "v": 0.001683252065965246}, {"l": "Coal", "v": 0.001683252065965246}]}, {"source": 27, "prod": 0, "target": 9, "value": 0.00015238047498614975, "supply": "[{\"l\":'Labor',\"v\":0.00015238047498614975}]"}, {"source": 27, "prod": 0, "target": 6, "value": 0.00071110888326869897, "supply": "[{\"l\":'Labor',\"v\":0.00071110888326869897}]"}, {"source": 27, "prod": 0, "target": 7, "value": 0.0003047609499722995, "supply": "[{\"l\":'Labor',\"v\":0.0003047609499722995}]"}, {"source": 27, "prod": 0, "target": 2, "value": 0.0077714042242936375, "supply": "[{\"l\":'Labor',\"v\":0.0077714042242936375}]"}, {"source": 27, "prod": 0, "target": 10, "value": 2.539674583102496e-05, "supply": "[{\"l\":'Labor',\"v\":2.539674583102496e-05}]"}, {"source": 27, "prod": 0, "target": 3, "value": 0.0010666633249030483, "supply": "[{\"l\":'Labor',\"v\":0.0010666633249030483}]"}, {"source": 27, "prod": 0, "target": 0, "value": 0.0035301476705124697, "supply": "[{\"l\":'Labor',\"v\":0.0035301476705124697}]"}, {"source": 24, "prod": 0, "target": 18, "value": 0.33185602811274323, "supply": "[{\"l\":'Fossil Fuels',\"v\":0.33185602811274323}]"}, {"source": 25, "prod": 0, "target": 18, "value": 0.02097806101875074, "supply": "[{\"l\":'Renewables & Nuclear',\"v\":0.00072606612763401819},{\"l\":'Biomass & Waste',\"v\":0.020251994891116721}]"}]}