{"nodes": [{"layer": 5, "name": "Fruits, Roots & Vegetables", "fill": "#98df8a"}, {"layer": 10, "name": "Feed", "fill": "#dbdb8d"}, {"layer": 5, "name": "Sugar Crops", "fill": "#ffbb78"}, {"layer": 5, "name": "Cereals", "fill": "#e7ba52"}, {"layer": 13, "name": "Other Processed", "fill": "#9c9ede"}, {"layer": 16, "name": "Food", "fill": "#b5cf6b"}, {"layer": 13, "name": "Animal Products", "fill": "#17becf"}, {"layer": 5, "name": "Oilcrops", "fill": "#ff9896"}, {"layer": 13, "name": "Sugar", "fill": "#d6616b"}, {"layer": 13, "name": "Aquatic Products", "fill": "#1f77b4"}, {"layer": 13, "name": "Vegetable Oils", "fill": "#f7b6d2"}, {"layer": 10, "name": "Processing", "fill": "#9edae5"}, {"layer": 16, "name": "Biofuels & Other", "fill": "#e7ba52"}, {"name": "Seed", "fill": "#dbdb8d"}, {"name": "Waste", "fill": "#c7c7c7"}, {"layer": 0, "name": "Import", "fill": "#aec7e8"}, {"layer": 16, "name": "Export", "fill": "#aec7e8"}, {"layer": 16, "name": "Stock Deposit", "fill": "#c7c7c7"}, {"layer": 0, "name": "Stock Draw", "fill": "#c7c7c7"}, {"layer": 0, "name": "Production", "fill": "#b5cf6b"}], "links": [{"source": 0, "prod": 0.0017100408095318926, "target": 1, "value": 2.0, "supply": [{"l": "Plantains", "v": 1.0}, {"l": "Bananas", "v": 1.0}]}, {"source": 2, "prod": 0.015011160881385693, "target": 1, "value": 43.0, "supply": [{"l": "Sugar cane", "v": 43.0}]}, {"source": 3, "prod": 0.087598010586418834, "target": 1, "value": 23.0, "supply": [{"l": "Maize", "v": 18.0}, {"l": "Rice", "v": 5.0}]}, {"source": 4, "prod": 0.016556233316035052, "target": 5, "value": 18.0, "supply": [{"l": "Beer", "v": 15.0}, {"l": "Beverages, Alcoholic", "v": 3.0}]}, {"source": 6, "prod": 0.04662364439011768, "target": 5, "value": 48.0, "supply": [{"l": "Pigmeat", "v": 1.0}, {"l": "Milk - Excluding Butter", "v": 30.0}, {"l": "Bovine Meat", "v": 6.0}, {"l": "Eggs", "v": 2.0}, {"l": "Poultry Meat", "v": 9.0}]}, {"source": 3, "prod": 0.19169215361262548, "target": 5, "value": 55.0, "supply": [{"l": "Rice", "v": 23.0}, {"l": "Wheat", "v": 32.0}]}, {"source": 7, "prod": 0.0015903520622809802, "target": 5, "value": 1.0, "supply": [{"l": "Coconuts - Incl Copra", "v": 1.0}]}, {"source": 0, "prod": 0.031072078889512172, "target": 5, "value": 35.0, "supply": [{"l": "Potatoes", "v": 6.0}, {"l": "Fruits, Other", "v": 1.0}, {"l": "Grapefruit", "v": 2.0}, {"l": "Pulses, Other", "v": 1.0}, {"l": "Bananas", "v": 3.0}, {"l": "Vegetables, Other", "v": 5.0}, {"l": "Peas", "v": 2.0}, {"l": "Oranges, Mandarines", "v": 7.0}, {"l": "Plantains", "v": 3.0}, {"l": "Onions", "v": 2.0}, {"l": "Cassava", "v": 3.0}]}, {"source": 2, "prod": 0.0017454838234169409, "target": 5, "value": 5.0, "supply": [{"l": "Sugar cane", "v": 5.0}]}, {"source": 8, "prod": 0.061918053440070266, "target": 5, "value": 15.0, "supply": [{"l": "Sugar", "v": 14.0}, {"l": "Sweeteners, Other", "v": 1.0}]}, {"source": 9, "prod": 0.010632533236112201, "target": 5, "value": 10.0, "supply": [{"l": "Fish, Seafood", "v": 5.0}, {"l": "Marine Fish, Other", "v": 5.0}]}, {"source": 10, "prod": 0.03031360439083005, "target": 5, "value": 3.0, "supply": [{"l": "Coconut Oil", "v": 1.0}, {"l": "Soyabean Oil", "v": 1.0}, {"l": "Palmkernel Oil", "v": 1.0}]}, {"source": 2, "prod": 0.027578644409987665, "target": 11, "value": 79.0, "supply": [{"l": "Sugar cane", "v": 79.0}]}, {"source": 3, "prod": 0.010062376976903153, "target": 11, "value": 3.0, "supply": [{"l": "Rice", "v": 1.0}, {"l": "Barley", "v": 2.0}]}, {"source": 7, "prod": 0.15389199775875739, "target": 11, "value": 39.179190751445091, "supply": [{"l": "Coconuts - Incl Copra", "v": 5.0}, {"l": "Palm kernels", "v": 1.0}, {"l": "Oil Palm", "v": 33.179190751445091}]}, {"source": 10, "prod": 0.040241776416312137, "target": 12, "value": 4.0, "supply": [{"l": "Palm Oil", "v": 4.0}]}, {"source": 3, "prod": 0.027548841669466393, "target": 13, "value": 7.0, "supply": [{"l": "Rice", "v": 7.0}]}, {"source": 0, "prod": 0.001002726876768023, "target": 14, "value": 2.0, "supply": [{"l": "Bananas", "v": 1.0}, {"l": "Oranges, Mandarines", "v": 1.0}]}, {"source": 2, "prod": 0.0010472902940501646, "target": 14, "value": 3.0, "supply": [{"l": "Sugar cane", "v": 3.0}]}, {"source": 6, "prod": 0.00059685730028946724, "target": 14, "value": 1.0, "supply": [{"l": "Milk - Excluding Butter", "v": 1.0}]}, {"source": 3, "prod": 0.11180938133780353, "target": 14, "value": 29.0, "supply": [{"l": "Wheat", "v": 3.0}, {"l": "Rice", "v": 26.0}]}, {"source": 15, "prod": 0.060655174668012193, "target": 11, "value": 12.0, "supply": [{"l": "Sweeteners, Other", "v": 1.0}, {"l": "Soyabean Oil", "v": 2.0}, {"l": "Sugar", "v": 8.0}, {"l": "Beverages, Alcoholic", "v": 1.0}]}, {"source": 15, "prod": 0.18470673796794365, "target": 3, "value": 55.0, "supply": [{"l": "Maize", "v": 18.0}, {"l": "Wheat", "v": 35.0}, {"l": "Barley", "v": 2.0}]}, {"source": 15, "prod": 0.018801488661300367, "target": 0, "value": 13.0, "supply": [{"l": "Potatoes", "v": 6.0}, {"l": "Vegetables, Other", "v": 1.0}, {"l": "Fruits, Other", "v": 1.0}, {"l": "Peas", "v": 2.0}, {"l": "Onions", "v": 2.0}, {"l": "Pulses, Other", "v": 1.0}]}, {"source": 15, "prod": 0.032608366604496113, "target": 1, "value": 40.0, "supply": [{"l": "Milk - Excluding Butter", "v": 25.0}, {"l": "Fish, Seafood", "v": 5.0}, {"l": "Bovine Meat", "v": 5.0}, {"l": "Marine Fish, Other", "v": 5.0}]}, {"source": 0, "prod": 0.024282086751279026, "target": 16, "value": 35.0, "supply": [{"l": "Vegetables, Other", "v": 1.0}, {"l": "Bananas", "v": 32.0}, {"l": "Oranges, Mandarines", "v": 1.0}, {"l": "Roots, Other", "v": 1.0}]}, {"source": 9, "prod": 0.0042530132944448799, "target": 16, "value": 4.0, "supply": [{"l": "Marine Fish, Other", "v": 2.0}, {"l": "Fish, Seafood", "v": 2.0}]}, {"source": 10, "prod": 0.030181332312234108, "target": 16, "value": 3.0, "supply": [{"l": "Palm Oil", "v": 3.0}]}, {"source": 3, "prod": 0.53917018695955665, "target": 16, "value": 137.0, "supply": [{"l": "Rice", "v": 137.0}]}, {"source": 9, "prod": 0.0021265066472224399, "target": 17, "value": 2.0, "supply": [{"l": "Marine Fish, Other", "v": 1.0}, {"l": "Fish, Seafood", "v": 1.0}]}, {"source": 10, "prod": 0.010219484548361111, "target": 17, "value": 1.0, "supply": [{"l": "Soyabean Oil", "v": 1.0}]}, {"source": 6, "prod": 0.0017905719008684015, "target": 17, "value": 3.0, "supply": [{"l": "Milk - Excluding Butter", "v": 3.0}]}, {"source": 18, "prod": 0.078710976198475405, "target": 3, "value": 20.0, "supply": [{"l": "Rice", "v": 20.0}]}, {"source": 4, "prod": 0.0034075643925775504, "target": 17, "value": 1.0, "supply": [{"l": "Beverages, Alcoholic", "v": 1.0}]}, {"source": 19, "prod": 0.70446323697635493, "target": 3, "value": 179.0, "supply": [{"l": "Rice", "v": 179.0}]}, {"source": 19, "prod": 0.15707270188331937, "target": 7, "value": 41.179190751445091, "supply": [{"l": "Coconuts - Incl Copra", "v": 7.0}, {"l": "Palm kernels", "v": 1.0}, {"l": "Oil Palm", "v": 33.179190751445091}]}, {"source": 19, "prod": 0.039408383224839479, "target": 0, "value": 61.0, "supply": [{"l": "Vegetables, Other", "v": 5.0}, {"l": "Plantains", "v": 3.0}, {"l": "Citrus, Other", "v": 1.0}, {"l": "Grapefruit", "v": 2.0}, {"l": "Bananas", "v": 37.0}, {"l": "Roots, Other", "v": 1.0}, {"l": "Oranges, Mandarines", "v": 9.0}, {"l": "Cassava", "v": 3.0}]}, {"source": 19, "prod": 0.045033482644157082, "target": 2, "value": 129.0, "supply": [{"l": "Sugar cane", "v": 129.0}]}, {"source": 1, "prod": 0.017012053177779519, "target": 9, "value": 16.0, "supply": [{"l": "Marine Fish, Other", "v": 8.0}, {"l": "Fish, Seafood", "v": 8.0}]}, {"source": 1, "prod": 0.049011073591275545, "target": 6, "value": 52.0, "supply": [{"l": "Milk - Excluding Butter", "v": 34.0}, {"l": "Bovine Meat", "v": 6.0}, {"l": "Pigmeat", "v": 1.0}, {"l": "Eggs", "v": 2.0}, {"l": "Poultry Meat", "v": 9.0}]}, {"source": 11, "prod": 0.019963797708612604, "target": 4, "value": 19.0, "supply": [{"l": "Beer", "v": 15.0}, {"l": "Beverages, Alcoholic", "v": 4.0}]}, {"source": 11, "prod": 0.1109561976677374, "target": 10, "value": 11.0, "supply": [{"l": "Palm Oil", "v": 7.0}, {"l": "Palmkernel Oil", "v": 1.0}, {"l": "Coconut Oil", "v": 1.0}, {"l": "Soyabean Oil", "v": 2.0}]}, {"source": 11, "prod": 0.061918053440070266, "target": 8, "value": 15.0, "supply": [{"l": "Sweeteners, Other", "v": 1.0}, {"l": "Sugar", "v": 14.0}]}]}