{"nodes": [{"layer": 5, "name": "Maize"}, {"layer": 10, "name": "Feed", "fill": "#dbdb8d"}, {"layer": 5, "name": "Sugar cane"}, {"layer": 5, "name": "Rice"}, {"layer": 5, "name": "Bananas"}, {"layer": 5, "name": "Plantains"}, {"layer": 16, "name": "Food", "fill": "#b5cf6b"}, {"layer": 5, "name": "Fruits, Other"}, {"layer": 13, "name": "Sugar", "fill": "#d6616b"}, {"layer": 13, "name": "Beer"}, {"layer": 5, "name": "Grapefruit"}, {"layer": 13, "name": "Beverages, Alcoholic"}, {"layer": 5, "name": "Wheat"}, {"layer": 13, "name": "Soyabean Oil"}, {"layer": 5, "name": "Coconuts - Incl Copra"}, {"layer": 13, "name": "Eggs"}, {"layer": 5, "name": "Vegetables, Other"}, {"layer": 5, "name": "Peas"}, {"layer": 13, "name": "Marine Fish, Other"}, {"layer": 13, "name": "Pigmeat"}, {"layer": 5, "name": "Potatoes"}, {"layer": 13, "name": "Coconut Oil"}, {"layer": 13, "name": "Milk - Excluding Butter"}, {"layer": 5, "name": "Pulses, Other"}, {"layer": 13, "name": "Fish, Seafood"}, {"layer": 13, "name": "Sweeteners, Other"}, {"layer": 13, "name": "Bovine Meat"}, {"layer": 13, "name": "Poultry Meat"}, {"layer": 5, "name": "Oranges, Mandarines"}, {"layer": 13, "name": "Palmkernel Oil"}, {"layer": 5, "name": "Onions"}, {"layer": 5, "name": "Cassava"}, {"layer": 5, "name": "Palm kernels"}, {"layer": 10, "name": "Processing", "fill": "#9edae5"}, {"layer": 5, "name": "Barley"}, {"layer": 13, "name": "Palm Oil"}, {"layer": 16, "name": "Biofuels & Other", "fill": "#e7ba52"}, {"name": "Waste", "fill": "#c7c7c7"}, {"layer": 2, "name": "Import", "fill": "#aec7e8"}, {"layer": 5, "name": "Roots, Other"}, {"layer": 16, "name": "Export", "fill": "#aec7e8"}, {"layer": 16, "name": "Stock Deposit", "fill": "#c7c7c7"}, {"layer": 0, "name": "Stock Draw", "fill": "#c7c7c7"}, {"layer": 5, "name": "Oil Palm"}, {"layer": 2, "name": "Electricity", "fill": "#bcbd22"}, {"layer": 5, "name": "Citrus, Other"}, {"layer": 0, "name": "Fossil Fuels", "fill": "#c49c94"}, {"layer": 0, "name": "Renewables & Nuclear", "fill": "#2ca02c"}, {"layer": 2, "name": "Fertilizers", "fill": "#c5b0d5"}, {"layer": 0, "name": "Labor", "fill": "#7f7f7f"}], "links": [{"source": 0, "prod": 18.0, "target": 1, "value": 0.067920266536799986, "supply": [{"l": "Maize", "v": 0.067920266536799986}]}, {"source": 2, "prod": 43.0, "target": 1, "value": 0.015011160881385693, "supply": [{"l": "Sugar cane", "v": 0.015011160881385693}]}, {"source": 3, "prod": 5.0, "target": 1, "value": 0.019677744049618851, "supply": [{"l": "Rice", "v": 0.019677744049618851}]}, {"source": 4, "prod": 1.0, "target": 1, "value": 0.00069075714858062129, "supply": [{"l": "Bananas", "v": 0.00069075714858062129}]}, {"source": 5, "prod": 1.0, "target": 1, "value": 0.0010192836609512713, "supply": [{"l": "Plantains", "v": 0.0010192836609512713}]}, {"source": 5, "prod": 3.0, "target": 6, "value": 0.0030578509828538135, "supply": [{"l": "Plantains", "v": 0.0030578509828538135}]}, {"source": 7, "prod": 1.0, "target": 6, "value": 0.00054774408497419355, "supply": [{"l": "Fruits, Other", "v": 0.00054774408497419355}]}, {"source": 8, "prod": 14.0, "target": 6, "value": 0.058588628609834971, "supply": [{"l": "Sugar", "v": 0.058588628609834971}]}, {"source": 9, "prod": 15.0, "target": 6, "value": 0.0063335401383024011, "supply": [{"l": "Beer", "v": 0.0063335401383024011}]}, {"source": 10, "prod": 2.0, "target": 6, "value": 0.00061226201806009631, "supply": [{"l": "Grapefruit", "v": 0.00061226201806009631}]}, {"source": 11, "prod": 3.0, "target": 6, "value": 0.010222693177732651, "supply": [{"l": "Beverages, Alcoholic", "v": 0.010222693177732651}]}, {"source": 3, "prod": 23.0, "target": 6, "value": 0.090517622628246724, "supply": [{"l": "Rice", "v": 0.090517622628246724}]}, {"source": 12, "prod": 32.0, "target": 6, "value": 0.10117453098437876, "supply": [{"l": "Wheat", "v": 0.10117453098437876}]}, {"source": 13, "prod": 1.0, "target": 6, "value": 0.010219484548361111, "supply": [{"l": "Soyabean Oil", "v": 0.010219484548361111}]}, {"source": 14, "prod": 1.0, "target": 6, "value": 0.0015903520622809802, "supply": [{"l": "Coconuts - Incl Copra", "v": 0.0015903520622809802}]}, {"source": 15, "prod": 2.0, "target": 6, "value": 0.0030548845518800606, "supply": [{"l": "Eggs", "v": 0.0030548845518800606}]}, {"source": 16, "prod": 5.0, "target": 6, "value": 0.001468299382280938, "supply": [{"l": "Vegetables, Other", "v": 0.001468299382280938}]}, {"source": 17, "prod": 2.0, "target": 6, "value": 0.0079659571864148151, "supply": [{"l": "Peas", "v": 0.0079659571864148151}]}, {"source": 18, "prod": 5.0, "target": 6, "value": 0.0051338069944671218, "supply": [{"l": "Marine Fish, Other", "v": 0.0051338069944671218}]}, {"source": 19, "prod": 1.0, "target": 6, "value": 0.0038096303345961542, "supply": [{"l": "Pigmeat", "v": 0.0038096303345961542}]}, {"source": 20, "prod": 6.0, "target": 6, "value": 0.0051237709181719661, "supply": [{"l": "Potatoes", "v": 0.0051237709181719661}]}, {"source": 21, "prod": 1.0, "target": 6, "value": 0.010033675738390908, "supply": [{"l": "Coconut Oil", "v": 0.010033675738390908}]}, {"source": 22, "prod": 30.0, "target": 6, "value": 0.017905719008684019, "supply": [{"l": "Milk - Excluding Butter", "v": 0.017905719008684019}]}, {"source": 23, "prod": 1.0, "target": 6, "value": 0.003959082893984456, "supply": [{"l": "Pulses, Other", "v": 0.003959082893984456}]}, {"source": 24, "prod": 5.0, "target": 6, "value": 0.0054987262416450787, "supply": [{"l": "Fish, Seafood", "v": 0.0054987262416450787}]}, {"source": 2, "prod": 5.0, "target": 6, "value": 0.0017454838234169409, "supply": [{"l": "Sugar cane", "v": 0.0017454838234169409}]}, {"source": 25, "prod": 1.0, "target": 6, "value": 0.0033294248302352942, "supply": [{"l": "Sweeteners, Other", "v": 0.0033294248302352942}]}, {"source": 4, "prod": 3.0, "target": 6, "value": 0.0020722714457418637, "supply": [{"l": "Bananas", "v": 0.0020722714457418637}]}, {"source": 26, "prod": 6.0, "target": 6, "value": 0.008465281033376678, "supply": [{"l": "Bovine Meat", "v": 0.008465281033376678}]}, {"source": 27, "prod": 9.0, "target": 6, "value": 0.013388129461580769, "supply": [{"l": "Poultry Meat", "v": 0.013388129461580769}]}, {"source": 28, "prod": 7.0, "target": 6, "value": 0.0021837880973118113, "supply": [{"l": "Oranges, Mandarines", "v": 0.0021837880973118113}]}, {"source": 29, "prod": 1.0, "target": 6, "value": 0.010060444104078034, "supply": [{"l": "Palmkernel Oil", "v": 0.010060444104078034}]}, {"source": 30, "prod": 2.0, "target": 6, "value": 0.00091127370129874779, "supply": [{"l": "Onions", "v": 0.00091127370129874779}]}, {"source": 31, "prod": 3.0, "target": 6, "value": 0.003169778178419473, "supply": [{"l": "Cassava", "v": 0.003169778178419473}]}, {"source": 32, "prod": 1.0, "target": 33, "value": 0.0050940199902600007, "supply": [{"l": "Palm kernels", "v": 0.0050940199902600007}]}, {"source": 3, "prod": 1.0, "target": 33, "value": 0.0039355488099237709, "supply": [{"l": "Rice", "v": 0.0039355488099237709}]}, {"source": 2, "prod": 79.0, "target": 33, "value": 0.027578644409987665, "supply": [{"l": "Sugar cane", "v": 0.027578644409987665}]}, {"source": 34, "prod": 2.0, "target": 33, "value": 0.0061268281669793825, "supply": [{"l": "Barley", "v": 0.0061268281669793825}]}, {"source": 14, "prod": 5.0, "target": 33, "value": 0.0079517603114049006, "supply": [{"l": "Coconuts - Incl Copra", "v": 0.0079517603114049006}]}, {"source": 35, "prod": 4.0, "target": 36, "value": 0.040241776416312137, "supply": [{"l": "Palm Oil", "v": 0.040241776416312137}]}, {"source": 3, "prod": 7.0, "target": 3, "value": 0.027548841669466393, "supply": [{"l": "Rice", "v": 0.027548841669466393}]}, {"source": 12, "prod": 3.0, "target": 37, "value": 0.0094851122797855094, "supply": [{"l": "Wheat", "v": 0.0094851122797855094}]}, {"source": 4, "prod": 1.0, "target": 37, "value": 0.00069075714858062129, "supply": [{"l": "Bananas", "v": 0.00069075714858062129}]}, {"source": 22, "prod": 1.0, "target": 37, "value": 0.00059685730028946724, "supply": [{"l": "Milk - Excluding Butter", "v": 0.00059685730028946724}]}, {"source": 28, "prod": 1.0, "target": 37, "value": 0.00031196972818740159, "supply": [{"l": "Oranges, Mandarines", "v": 0.00031196972818740159}]}, {"source": 3, "prod": 26.0, "target": 37, "value": 0.10232426905801803, "supply": [{"l": "Rice", "v": 0.10232426905801803}]}, {"source": 2, "prod": 3.0, "target": 37, "value": 0.0010472902940501646, "supply": [{"l": "Sugar cane", "v": 0.0010472902940501646}]}, {"source": 38, "prod": 6.0, "target": 20, "value": 0.0051237709181719661, "supply": [{"l": "Potatoes", "v": 0.0051237709181719661}]}, {"source": 38, "prod": 2.0, "target": 30, "value": 0.00091127370129874779, "supply": [{"l": "Onions", "v": 0.00091127370129874779}]}, {"source": 38, "prod": 35.0, "target": 12, "value": 0.11065964326416428, "supply": [{"l": "Wheat", "v": 0.11065964326416428}]}, {"source": 38, "prod": 40.0, "target": 1, "value": 0.032608366604496113, "supply": [{"l": "Milk - Excluding Butter", "v": 0.01492143250723668}, {"l": "Fish, Seafood", "v": 0.0054987262416450787}, {"l": "Bovine Meat", "v": 0.0070544008611472305}, {"l": "Marine Fish, Other", "v": 0.0051338069944671218}]}, {"source": 38, "prod": 2.0, "target": 34, "value": 0.0061268281669793825, "supply": [{"l": "Barley", "v": 0.0061268281669793825}]}, {"source": 38, "prod": 12.0, "target": 33, "value": 0.060655174668012193, "supply": [{"l": "Sweeteners, Other", "v": 0.0033294248302352942}, {"l": "Soyabean Oil", "v": 0.020438969096722222}, {"l": "Sugar", "v": 0.033479216348477128}, {"l": "Beverages, Alcoholic", "v": 0.0034075643925775504}]}, {"source": 38, "prod": 2.0, "target": 17, "value": 0.0079659571864148151, "supply": [{"l": "Peas", "v": 0.0079659571864148151}]}, {"source": 38, "prod": 18.0, "target": 0, "value": 0.067920266536799986, "supply": [{"l": "Maize", "v": 0.067920266536799986}]}, {"source": 38, "prod": 1.0, "target": 7, "value": 0.00054774408497419355, "supply": [{"l": "Fruits, Other", "v": 0.00054774408497419355}]}, {"source": 38, "prod": 1.0, "target": 16, "value": 0.00029365987645618762, "supply": [{"l": "Vegetables, Other", "v": 0.00029365987645618762}]}, {"source": 38, "prod": 1.0, "target": 23, "value": 0.003959082893984456, "supply": [{"l": "Pulses, Other", "v": 0.003959082893984456}]}, {"source": 39, "prod": 1.0, "target": 40, "value": 0.0015722283920555555, "supply": [{"l": "Roots, Other", "v": 0.0015722283920555555}]}, {"source": 24, "prod": 2.0, "target": 40, "value": 0.0021994904966580312, "supply": [{"l": "Fish, Seafood", "v": 0.0021994904966580312}]}, {"source": 4, "prod": 32.0, "target": 40, "value": 0.022104228754579881, "supply": [{"l": "Bananas", "v": 0.022104228754579881}]}, {"source": 16, "prod": 1.0, "target": 40, "value": 0.00029365987645618762, "supply": [{"l": "Vegetables, Other", "v": 0.00029365987645618762}]}, {"source": 18, "prod": 2.0, "target": 40, "value": 0.0020535227977868482, "supply": [{"l": "Marine Fish, Other", "v": 0.0020535227977868482}]}, {"source": 28, "prod": 1.0, "target": 40, "value": 0.00031196972818740159, "supply": [{"l": "Oranges, Mandarines", "v": 0.00031196972818740159}]}, {"source": 35, "prod": 3.0, "target": 40, "value": 0.030181332312234108, "supply": [{"l": "Palm Oil", "v": 0.030181332312234108}]}, {"source": 3, "prod": 137.0, "target": 40, "value": 0.53917018695955665, "supply": [{"l": "Rice", "v": 0.53917018695955665}]}, {"source": 22, "prod": 3.0, "target": 41, "value": 0.0017905719008684015, "supply": [{"l": "Milk - Excluding Butter", "v": 0.0017905719008684015}]}, {"source": 24, "prod": 1.0, "target": 41, "value": 0.0010997452483290156, "supply": [{"l": "Fish, Seafood", "v": 0.0010997452483290156}]}, {"source": 42, "prod": 20.0, "target": 3, "value": 0.078710976198475405, "supply": [{"l": "Rice", "v": 0.078710976198475405}]}, {"source": 18, "prod": 1.0, "target": 41, "value": 0.0010267613988934241, "supply": [{"l": "Marine Fish, Other", "v": 0.0010267613988934241}]}, {"source": 13, "prod": 1.0, "target": 41, "value": 0.010219484548361111, "supply": [{"l": "Soyabean Oil", "v": 0.010219484548361111}]}, {"source": 11, "prod": 1.0, "target": 41, "value": 0.0034075643925775504, "supply": [{"l": "Beverages, Alcoholic", "v": 0.0034075643925775504}]}, {"source": 1, "prod": 9.0, "target": 27, "value": 0.013388129461580769, "supply": [{"l": "Poultry Meat", "v": 0.013388129461580769}]}, {"source": 1, "prod": 1.0, "target": 19, "value": 0.0038096303345961542, "supply": [{"l": "Pigmeat", "v": 0.0038096303345961542}]}, {"source": 1, "prod": 6.0, "target": 26, "value": 0.008465281033376678, "supply": [{"l": "Bovine Meat", "v": 0.008465281033376678}]}, {"source": 1, "prod": 2.0, "target": 15, "value": 0.0030548845518800606, "supply": [{"l": "Eggs", "v": 0.0030548845518800606}]}, {"source": 1, "prod": 34.0, "target": 22, "value": 0.020293148209841887, "supply": [{"l": "Milk - Excluding Butter", "v": 0.020293148209841887}]}, {"source": 1, "prod": 8.0, "target": 18, "value": 0.0082140911911473945, "supply": [{"l": "Marine Fish, Other", "v": 0.0082140911911473945}]}, {"source": 1, "prod": 8.0, "target": 24, "value": 0.0087979619866321267, "supply": [{"l": "Fish, Seafood", "v": 0.0087979619866321267}]}, {"source": 33, "prod": 1.0, "target": 25, "value": 0.0033294248302352942, "supply": [{"l": "Sweeteners, Other", "v": 0.0033294248302352942}]}, {"source": 33, "prod": 2.0, "target": 13, "value": 0.020438969096722222, "supply": [{"l": "Soyabean Oil", "v": 0.020438969096722222}]}, {"source": 33, "prod": 1.0, "target": 21, "value": 0.010033675738390908, "supply": [{"l": "Coconut Oil", "v": 0.010033675738390908}]}, {"source": 33, "prod": 14.0, "target": 8, "value": 0.058588628609834971, "supply": [{"l": "Sugar", "v": 0.058588628609834971}]}, {"source": 33, "prod": 15.0, "target": 9, "value": 0.0063335401383024011, "supply": [{"l": "Beer", "v": 0.0063335401383024011}]}, {"source": 33, "prod": 4.0, "target": 11, "value": 0.013630257570310202, "supply": [{"l": "Beverages, Alcoholic", "v": 0.013630257570310202}]}, {"source": 33, "prod": 7.0, "target": 35, "value": 0.070423108728546249, "supply": [{"l": "Palm Oil", "v": 0.070423108728546249}]}, {"source": 33, "prod": 1.0, "target": 29, "value": 0.010060444104078034, "supply": [{"l": "Palmkernel Oil", "v": 0.010060444104078034}]}, {"source": 43, "prod": 33.179190751445091, "target": 33, "value": 0.1408462174570925, "supply": [{"l": "Oil Palm", "v": 0.1408462174570925}]}, {"source": 44, "prod": 0, "target": 31, "value": 1.2438277247498829e-05, "supply": "[{\"l\":'Energy for power irrigation',\"v\":1.2438277247498829e-05}]"}, {"source": 44, "prod": 0, "target": 39, "value": 4.1460924158329427e-06, "supply": "[{\"l\":'Energy for power irrigation',\"v\":4.1460924158329427e-06}]"}, {"source": 44, "prod": 0, "target": 4, "value": 0.00015340541938581889, "supply": "[{\"l\":'Energy for power irrigation',\"v\":0.00015340541938581889}]"}, {"source": 44, "prod": 0, "target": 14, "value": 2.694960070291413e-05, "supply": "[{\"l\":'Energy for power irrigation',\"v\":2.694960070291413e-05}]"}, {"source": 44, "prod": 0, "target": 5, "value": 1.45113234554153e-05, "supply": "[{\"l\":'Energy for power irrigation',\"v\":1.45113234554153e-05}]"}, {"source": 44, "prod": 0, "target": 16, "value": 2.2803508287081188e-05, "supply": "[{\"l\":'Energy for power irrigation',\"v\":2.2803508287081188e-05}]"}, {"source": 44, "prod": 0, "target": 45, "value": 2.0730462079164713e-06, "supply": "[{\"l\":'Energy for power irrigation',\"v\":2.0730462079164713e-06}]"}, {"source": 44, "prod": 0, "target": 10, "value": 8.2921848316658853e-06, "supply": "[{\"l\":'Energy for power irrigation',\"v\":8.2921848316658853e-06}]"}, {"source": 44, "prod": 0, "target": 28, "value": 3.7314831742496493e-05, "supply": "[{\"l\":'Energy for power irrigation',\"v\":3.7314831742496493e-05}]"}, {"source": 44, "prod": 0, "target": 43, "value": 6.8781995569020511e-05, "supply": "[{\"l\":'Energy for power irrigation',\"v\":6.8781995569020511e-05}]"}, {"source": 44, "prod": 0, "target": 32, "value": 4.1460924158329427e-06, "supply": "[{\"l\":'Energy for power irrigation',\"v\":4.1460924158329427e-06}]"}, {"source": 44, "prod": 0, "target": 3, "value": 0.00078361146659242618, "supply": "[{\"l\":'Energy for power irrigation',\"v\":0.00078361146659242618}]"}, {"source": 44, "prod": 0, "target": 2, "value": 0.00053691896785036609, "supply": "[{\"l\":'Energy for power irrigation',\"v\":0.00053691896785036609}]"}, {"source": 44, "prod": 0, "target": 33, "value": 0.0094948329692120473, "supply": "[{\"l\":'Electricity',\"v\":0.0094948329692120473}]"}, {"source": 46, "prod": 0, "target": 44, "value": 0.018335391385246053, "supply": [{"l": "Coal", "v": 0.011778957275153717}, {"l": "Natural gas", "v": 0.0023399752818088586}, {"l": "Oil", "v": 0.0042164588282834784}]}, {"source": 47, "prod": 0, "target": 44, "value": 0.004044483467763019, "supply": [{"l": "Nuclear", "v": 0.0014126313591823437}, {"l": "Hydroelectric", "v": 0.0025622228782871464}, {"l": "Renewable", "v": 6.9629230293528761e-05}]}, {"source": 46, "prod": 0, "target": 31, "value": 0.0031894789065179344, "supply": [{"l": "Motor Gasoline", "v": 8.4363675659387345e-05}, {"l": "Gas-Diesel oil", "v": 0.0021912097216491154}, {"l": "Fuel oil", "v": 0.00091390550920943201}]}, {"source": 46, "prod": 0, "target": 39, "value": 0.0010631596355059781, "supply": [{"l": "Motor Gasoline", "v": 2.8121225219795779e-05}, {"l": "Gas-Diesel oil", "v": 0.00073040324054970507}, {"l": "Fuel oil", "v": 0.00030463516973647736}]}, {"source": 46, "prod": 0, "target": 4, "value": 0.039336906513721195, "supply": [{"l": "Motor Gasoline", "v": 0.001040485333132444}, {"l": "Gas-Diesel oil", "v": 0.027024919900339089}, {"l": "Fuel oil", "v": 0.011271501280249663}]}, {"source": 46, "prod": 0, "target": 14, "value": 0.0069105376307888574, "supply": [{"l": "Motor Gasoline", "v": 0.00018278796392867257}, {"l": "Gas-Diesel oil", "v": 0.004747621063573083}, {"l": "Fuel oil", "v": 0.0019801286032871028}]}, {"source": 46, "prod": 0, "target": 5, "value": 0.0037210587242709234, "supply": [{"l": "Motor Gasoline", "v": 9.8424288269285238e-05}, {"l": "Gas-Diesel oil", "v": 0.0025564113419239676}, {"l": "Fuel oil", "v": 0.0010662230940776706}]}, {"source": 46, "prod": 0, "target": 16, "value": 0.0058473779952828795, "supply": [{"l": "Motor Gasoline", "v": 0.00015466673870887681}, {"l": "Gas-Diesel oil", "v": 0.0040172178230233778}, {"l": "Fuel oil", "v": 0.0016754934335506254}]}, {"source": 46, "prod": 0, "target": 45, "value": 0.00053157981775298904, "supply": [{"l": "Motor Gasoline", "v": 1.406061260989789e-05}, {"l": "Gas-Diesel oil", "v": 0.00036520162027485253}, {"l": "Fuel oil", "v": 0.00015231758486823868}]}, {"source": 46, "prod": 0, "target": 10, "value": 0.0021263192710119561, "supply": [{"l": "Motor Gasoline", "v": 5.6242450439591559e-05}, {"l": "Gas-Diesel oil", "v": 0.0014608064810994101}, {"l": "Fuel oil", "v": 0.00060927033947295471}]}, {"source": 46, "prod": 0, "target": 28, "value": 0.0095684367195538033, "supply": [{"l": "Motor Gasoline", "v": 0.00025309102697816205}, {"l": "Gas-Diesel oil", "v": 0.0065736291649473467}, {"l": "Fuel oil", "v": 0.0027417165276282965}]}, {"source": 46, "prod": 0, "target": 43, "value": 0.017637388172844843, "supply": [{"l": "Motor Gasoline", "v": 0.00046651974786597632}, {"l": "Gas-Diesel oil", "v": 0.01211709422183615}, {"l": "Fuel oil", "v": 0.0050537742031427175}]}, {"source": 46, "prod": 0, "target": 32, "value": 0.0010631596355059781, "supply": [{"l": "Motor Gasoline", "v": 2.8121225219795779e-05}, {"l": "Gas-Diesel oil", "v": 0.00073040324054970507}, {"l": "Fuel oil", "v": 0.00030463516973647736}]}, {"source": 46, "prod": 0, "target": 3, "value": 0.20093717111062986, "supply": [{"l": "Motor Gasoline", "v": 0.0053149115665414026}, {"l": "Gas-Diesel oil", "v": 0.13804621246389426}, {"l": "Fuel oil", "v": 0.057576047080194218}]}, {"source": 46, "prod": 0, "target": 2, "value": 0.13767917279802416, "supply": [{"l": "Motor Gasoline", "v": 0.0036416986659635535}, {"l": "Gas-Diesel oil", "v": 0.094587219651186799}, {"l": "Fuel oil", "v": 0.039450254480873817}]}, {"source": 48, "prod": 0.063340171459519451, "target": 31, "value": 0.00094569286618681014, "supply": [{"l": "Potash", "v": 0.00222032777955404}, {"l": "Phosphate", "v": 0.0053277500042621991}, {"l": "Nitrogen", "v": 0.13039370843764828}]}, {"source": 48, "prod": 0.02111339048650648, "target": 39, "value": 0.00031523095539560334, "supply": [{"l": "Potash", "v": 0.00222032777955404}, {"l": "Phosphate", "v": 0.0053277500042621991}, {"l": "Nitrogen", "v": 0.13039370843764828}]}, {"source": 48, "prod": 0.78119544800073992, "target": 4, "value": 0.011663545349637327, "supply": [{"l": "Potash", "v": 0.00222032777955404}, {"l": "Phosphate", "v": 0.0053277500042621991}, {"l": "Nitrogen", "v": 0.13039370843764828}]}, {"source": 48, "prod": 0.13723703816229213, "target": 14, "value": 0.002049001210071422, "supply": [{"l": "Potash", "v": 0.00222032777955404}, {"l": "Phosphate", "v": 0.0053277500042621991}, {"l": "Nitrogen", "v": 0.13039370843764828}]}, {"source": 48, "prod": 0.073896866702772679, "target": 5, "value": 0.0011033083438846119, "supply": [{"l": "Potash", "v": 0.00222032777955404}, {"l": "Phosphate", "v": 0.0053277500042621991}, {"l": "Nitrogen", "v": 0.13039370843764828}]}, {"source": 48, "prod": 0.11612364767578565, "target": 16, "value": 0.0017337702546758188, "supply": [{"l": "Potash", "v": 0.00222032777955404}, {"l": "Phosphate", "v": 0.0053277500042621991}, {"l": "Nitrogen", "v": 0.13039370843764828}]}, {"source": 48, "prod": 0.01055669524325324, "target": 45, "value": 0.00015761547769780167, "supply": [{"l": "Potash", "v": 0.00222032777955404}, {"l": "Phosphate", "v": 0.0053277500042621991}, {"l": "Nitrogen", "v": 0.13039370843764828}]}, {"source": 48, "prod": 0.04222678097301296, "target": 10, "value": 0.00063046191079120669, "supply": [{"l": "Potash", "v": 0.00222032777955404}, {"l": "Phosphate", "v": 0.0053277500042621991}, {"l": "Nitrogen", "v": 0.13039370843764828}]}, {"source": 48, "prod": 0.19002051437855835, "target": 28, "value": 0.0028370785985604306, "supply": [{"l": "Potash", "v": 0.00222032777955404}, {"l": "Phosphate", "v": 0.0053277500042621991}, {"l": "Nitrogen", "v": 0.13039370843764828}]}, {"source": 48, "prod": 0.35026260518077229, "target": 43, "value": 0.0052295539999155016, "supply": [{"l": "Potash", "v": 0.00222032777955404}, {"l": "Phosphate", "v": 0.0053277500042621991}, {"l": "Nitrogen", "v": 0.13039370843764828}]}, {"source": 48, "prod": 0.02111339048650648, "target": 32, "value": 0.00031523095539560334, "supply": [{"l": "Potash", "v": 0.00222032777955404}, {"l": "Phosphate", "v": 0.0053277500042621991}, {"l": "Nitrogen", "v": 0.13039370843764828}]}, {"source": 48, "prod": 3.9904308019497252, "target": 3, "value": 0.059578650569769041, "supply": [{"l": "Potash", "v": 0.00222032777955404}, {"l": "Phosphate", "v": 0.0053277500042621991}, {"l": "Nitrogen", "v": 0.13039370843764828}]}, {"source": 48, "prod": 2.7341840680025893, "target": 2, "value": 0.040822408723730635, "supply": [{"l": "Potash", "v": 0.00222032777955404}, {"l": "Phosphate", "v": 0.0053277500042621991}, {"l": "Nitrogen", "v": 0.13039370843764828}]}, {"source": 46, "prod": 0, "target": 48, "value": 0.16461493364954391, "supply": [{"l": "Natural gas (including LNG)", "v": 0.11147108788310832}, {"l": "Fuel oil", "v": 0.030093995221512657}, {"l": "Liquefied petroleum gas (LPG)", "v": 0.011524925272461463}, {"l": "Coal", "v": 0.011524925272461463}]}, {"source": 49, "prod": 0, "target": 0, "value": 0.00035986185567842395, "supply": "[{\"l\":'Labor',\"v\":0.00035986185567842395}]"}, {"source": 49, "prod": 0, "target": 39, "value": 3.9984650630935984e-05, "supply": "[{\"l\":'Labor',\"v\":3.9984650630935984e-05}]"}, {"source": 49, "prod": 0, "target": 5, "value": 0.00013994627720827595, "supply": "[{\"l\":'Labor',\"v\":0.00013994627720827595}]"}, {"source": 49, "prod": 0, "target": 7, "value": 1.9992325315467992e-05, "supply": "[{\"l\":'Labor',\"v\":1.9992325315467992e-05}]"}, {"source": 49, "prod": 0, "target": 45, "value": 1.9992325315467992e-05, "supply": "[{\"l\":'Labor',\"v\":1.9992325315467992e-05}]"}, {"source": 49, "prod": 0, "target": 10, "value": 7.9969301261871968e-05, "supply": "[{\"l\":'Labor',\"v\":7.9969301261871968e-05}]"}, {"source": 49, "prod": 0, "target": 34, "value": 3.9984650630935984e-05, "supply": "[{\"l\":'Labor',\"v\":3.9984650630935984e-05}]"}, {"source": 49, "prod": 0, "target": 3, "value": 0.0075570989692469023, "supply": "[{\"l\":'Labor',\"v\":0.0075570989692469023}]"}, {"source": 49, "prod": 0, "target": 12, "value": 0.00069973138604137984, "supply": "[{\"l\":'Labor',\"v\":0.00069973138604137984}]"}, {"source": 49, "prod": 0, "target": 14, "value": 0.00025990022910108394, "supply": "[{\"l\":'Labor',\"v\":0.00025990022910108394}]"}, {"source": 49, "prod": 0, "target": 16, "value": 0.00021991557847014795, "supply": "[{\"l\":'Labor',\"v\":0.00021991557847014795}]"}, {"source": 49, "prod": 0, "target": 17, "value": 3.9984650630935984e-05, "supply": "[{\"l\":'Labor',\"v\":3.9984650630935984e-05}]"}, {"source": 49, "prod": 0, "target": 20, "value": 0.00011995395189280797, "supply": "[{\"l\":'Labor',\"v\":0.00011995395189280797}]"}, {"source": 49, "prod": 0, "target": 43, "value": 0.00066332917520685721, "supply": "[{\"l\":'Labor',\"v\":0.00066332917520685721}]"}, {"source": 49, "prod": 0, "target": 23, "value": 1.9992325315467992e-05, "supply": "[{\"l\":'Labor',\"v\":1.9992325315467992e-05}]"}, {"source": 49, "prod": 0, "target": 2, "value": 0.0051780122567062102, "supply": "[{\"l\":'Labor',\"v\":0.0051780122567062102}]"}, {"source": 49, "prod": 0, "target": 4, "value": 0.0014794320733446317, "supply": "[{\"l\":'Labor',\"v\":0.0014794320733446317}]"}, {"source": 49, "prod": 0, "target": 28, "value": 0.00035986185567842395, "supply": "[{\"l\":'Labor',\"v\":0.00035986185567842395}]"}, {"source": 49, "prod": 0, "target": 32, "value": 3.9984650630935984e-05, "supply": "[{\"l\":'Labor',\"v\":3.9984650630935984e-05}]"}, {"source": 49, "prod": 0, "target": 30, "value": 3.9984650630935984e-05, "supply": "[{\"l\":'Labor',\"v\":3.9984650630935984e-05}]"}, {"source": 49, "prod": 0, "target": 31, "value": 0.00011995395189280797, "supply": "[{\"l\":'Labor',\"v\":0.00011995395189280797}]"}, {"source": 46, "prod": 0, "target": 38, "value": 0.32348485525897863, "supply": "[{\"l\":'Fossil Fuels',\"v\":0.32348485525897863}]"}, {"source": 47, "prod": 0, "target": 38, "value": 0.014330770983528853, "supply": "[{\"l\":'Renewables & Nuclear',\"v\":0.00069848883951351029},{\"l\":'Biomass & Waste',\"v\":0.013632282144015344}]"}]}