{"nodes": [{"layer": 5, "name": "Cereals - Excluding Beer"}, {"layer": 10, "name": "Feed", "fill": "#dbdb8d"}, {"layer": 5, "name": "Sugar Crops", "fill": "#ffbb78"}, {"layer": 5, "name": "Fruits - Excluding Wine"}, {"layer": 13, "name": "Milk - Excluding Butter"}, {"layer": 16, "name": "Food", "fill": "#b5cf6b"}, {"layer": 13, "name": "Meat"}, {"layer": 5, "name": "Vegetables"}, {"layer": 13, "name": "Alcoholic Beverages"}, {"layer": 5, "name": "Starchy Roots"}, {"layer": 5, "name": "Pulses"}, {"layer": 13, "name": "Fish, Seafood"}, {"layer": 13, "name": "Sugar & Sweeteners"}, {"layer": 13, "name": "Vegetable Oils", "fill": "#f7b6d2"}, {"layer": 13, "name": "Eggs"}, {"layer": 5, "name": "Oilcrops", "fill": "#ff9896"}, {"layer": 10, "name": "Processing", "fill": "#9edae5"}, {"layer": 16, "name": "Biofuels & Other", "fill": "#e7ba52"}, {"name": "Waste", "fill": "#c7c7c7"}, {"layer": 2, "name": "Import", "fill": "#aec7e8"}, {"layer": 16, "name": "Export", "fill": "#aec7e8"}, {"layer": 16, "name": "Stock Deposit", "fill": "#c7c7c7"}, {"layer": 0, "name": "Stock Draw", "fill": "#c7c7c7"}, {"name": "Crop Residue", "fill": "#bd9e39"}, {"layer": 2, "name": "Electricity", "fill": "#bcbd22"}, {"layer": 0, "name": "Fossil Fuels", "fill": "#c49c94"}, {"layer": 0, "name": "Renewables & Nuclear", "fill": "#2ca02c"}, {"layer": 2, "name": "Fertilizers", "fill": "#c5b0d5"}, {"layer": 0, "name": "Labor", "fill": "#7f7f7f"}], "links": [{"source": 0, "prod": 10.0, "target": 1, "value": 0.039961272990713614, "supply": [{"l": "Maize", "v": 0.020288682559246322}, {"l": "Rice", "v": 0.019672590431467296}]}, {"source": 2, "prod": 33.0, "target": 1, "value": 0.012288206116855264, "supply": [{"l": "Sugar cane", "v": 0.012288206116855264}]}, {"source": 3, "prod": 9.0, "target": 1, "value": 0.0064345515666442117, "supply": [{"l": "Bananas", "v": 0.0064345515666442117}]}, {"source": 4, "prod": 18.0, "target": 5, "value": 0.012665513821336778, "supply": [{"l": "Milk - Excluding Butter", "v": 0.012665513821336778}]}, {"source": 6, "prod": 9.0, "target": 5, "value": 0.015799694100605575, "supply": [{"l": "Pigmeat", "v": 0.0040986367737724134}, {"l": "Bovine Meat", "v": 0.0057268352897807762}, {"l": "Poultry Meat", "v": 0.005974222037052385}]}, {"source": 7, "prod": 9.0, "target": 5, "value": 0.0030250145849486584, "supply": [{"l": "Tomatoes", "v": 0.00032159217110227275}, {"l": "Vegetables, Other", "v": 0.0022246611365663105}, {"l": "Onions", "v": 0.00047876127728007528}]}, {"source": 8, "prod": 9.0, "target": 5, "value": 0.0099020038972876308, "supply": [{"l": "Beer", "v": 0.0029969860423449323}, {"l": "Beverages, Alcoholic", "v": 0.0069050178549426985}]}, {"source": 2, "prod": 3.0, "target": 5, "value": 0.0011171096469868424, "supply": [{"l": "Sugar cane", "v": 0.0011171096469868424}]}, {"source": 9, "prod": 4.0, "target": 5, "value": 0.0036103629134015122, "supply": [{"l": "Potatoes", "v": 0.0026132113493125856}, {"l": "Cassava", "v": 0.00099715156408892633}]}, {"source": 10, "prod": 1.0, "target": 5, "value": 0.0040542293929971916, "supply": [{"l": "Peas", "v": 0.0040542293929971916}]}, {"source": 11, "prod": 14.0, "target": 5, "value": 0.011890416667250719, "supply": [{"l": "Crustaceans", "v": 0.00054076645331847144}, {"l": "Fish, Seafood", "v": 0.0061099286910925284}, {"l": "Pelagic Fish", "v": 0.0011197885670035973}, {"l": "Demersal Fish", "v": 0.0013774390337477876}, {"l": "Marine Fish, Other", "v": 0.0018456594167608697}, {"l": "Freshwater Fish", "v": 0.00089683450532746488}]}, {"source": 12, "prod": 12.0, "target": 5, "value": 0.036385857073285718, "supply": [{"l": "Sugar", "v": 0.036385857073285718}]}, {"source": 3, "prod": 17.0, "target": 5, "value": 0.0085568144976286217, "supply": [{"l": "Fruits, Other", "v": 0.00033425328020078739}, {"l": "Grapefruit", "v": 0.00049552723640661472}, {"l": "Bananas", "v": 0.0035747508703578958}, {"l": "Oranges, Mandarines", "v": 0.0021398307688322129}, {"l": "Plantains", "v": 0.0020124523418311112}]}, {"source": 13, "prod": 2.0, "target": 5, "value": 0.020365897012533732, "supply": [{"l": "Coconut Oil", "v": 0.020365897012533732}]}, {"source": 0, "prod": 47.0, "target": 5, "value": 0.1690576349914506, "supply": [{"l": "Rice", "v": 0.10229747024362995}, {"l": "Wheat", "v": 0.066760164747820636}]}, {"source": 14, "prod": 1.0, "target": 5, "value": 0.0014790998810278746, "supply": [{"l": "Eggs", "v": 0.0014790998810278746}]}, {"source": 15, "prod": 2.0, "target": 5, "value": 0.0080744372805986019, "supply": [{"l": "Groundnuts", "v": 0.0065307948593076922}, {"l": "Coconuts - Incl Copra", "v": 0.0015436424212909091}]}, {"source": 0, "prod": 1.0, "target": 16, "value": 0.0031094071065812102, "supply": [{"l": "Barley", "v": 0.0031094071065812102}]}, {"source": 2, "prod": 200.0, "target": 16, "value": 0.074473976465789488, "supply": [{"l": "Sugar cane", "v": 0.074473976465789488}]}, {"source": 15, "prod": 16.0, "target": 16, "value": 0.024698278740654545, "supply": [{"l": "Coconuts - Incl Copra", "v": 0.024698278740654545}]}, {"source": 13, "prod": 2.0, "target": 17, "value": 0.020795490152641864, "supply": [{"l": "Coconut Oil", "v": 0.010182948506266866}, {"l": "Oilcrops Oil, Other", "v": 0.010612541646375}]}, {"source": 0, "prod": 3.0, "target": 0, "value": 0.011803554258880378, "supply": [{"l": "Rice", "v": 0.011803554258880378}]}, {"source": 4, "prod": 1.0, "target": 18, "value": 0.00070363965674093208, "supply": [{"l": "Milk - Excluding Butter", "v": 0.00070363965674093208}]}, {"source": 3, "prod": 3.0, "target": 18, "value": 0.0012684039021080597, "supply": [{"l": "Grapefruit", "v": 0.00024776361820330736}, {"l": "Bananas", "v": 0.00071495017407157899}, {"l": "Oranges, Mandarines", "v": 0.00030569010983317333}]}, {"source": 2, "prod": 5.0, "target": 18, "value": 0.001861849411644737, "supply": [{"l": "Sugar cane", "v": 0.001861849411644737}]}, {"source": 0, "prod": 12.0, "target": 18, "value": 0.046458754413409985, "supply": [{"l": "Wheat", "v": 0.0031790554641819352}, {"l": "Rice", "v": 0.043279698949228049}]}, {"source": 19, "prod": 14.0, "target": 1, "value": 0.01292909321940271, "supply": [{"l": "Pelagic Fish", "v": 0.0011197885670035973}, {"l": "Milk - Excluding Butter", "v": 0.0035181982837046606}, {"l": "Demersal Fish", "v": 0.0013774390337477876}, {"l": "Fish, Seafood", "v": 0.0026185408676110832}, {"l": "Bovine Meat", "v": 0.0042951264673355824}]}, {"source": 19, "prod": 28.0, "target": 0, "value": 0.093337309877830107, "supply": [{"l": "Maize", "v": 0.020288682559246322}, {"l": "Wheat", "v": 0.069939220212002579}, {"l": "Barley", "v": 0.0031094071065812102}]}, {"source": 19, "prod": 1.0, "target": 10, "value": 0.0040542293929971916, "supply": [{"l": "Peas", "v": 0.0040542293929971916}]}, {"source": 19, "prod": 2.0, "target": 16, "value": 0.020795490152641864, "supply": [{"l": "Coconut Oil", "v": 0.010182948506266866}, {"l": "Oilcrops Oil, Other", "v": 0.010612541646375}]}, {"source": 19, "prod": 3.0, "target": 7, "value": 0.0011143787448704497, "supply": [{"l": "Vegetables, Other", "v": 0.00063561746759037451}, {"l": "Onions", "v": 0.00047876127728007528}]}, {"source": 19, "prod": 1.0, "target": 3, "value": 0.00033425328020078739, "supply": [{"l": "Fruits, Other", "v": 0.00033425328020078739}]}, {"source": 19, "prod": 11.0, "target": 15, "value": 0.0169800666342, "supply": [{"l": "Coconuts - Incl Copra", "v": 0.0169800666342}]}, {"source": 19, "prod": 3.0, "target": 9, "value": 0.0026132113493125856, "supply": [{"l": "Potatoes", "v": 0.0026132113493125856}]}, {"source": 3, "prod": 27.0, "target": 20, "value": 0.016207128283744331, "supply": [{"l": "Grapefruit", "v": 0.00099105447281322943}, {"l": "Bananas", "v": 0.014299003481431583}, {"l": "Oranges, Mandarines", "v": 0.00091707032949951987}]}, {"source": 0, "prod": 27.0, "target": 20, "value": 0.10623198832992338, "supply": [{"l": "Rice", "v": 0.10623198832992338}]}, {"source": 12, "prod": 8.0, "target": 20, "value": 0.024257238048857144, "supply": [{"l": "Sugar", "v": 0.024257238048857144}]}, {"source": 11, "prod": 2.0, "target": 20, "value": 0.0014136134091888325, "supply": [{"l": "Crustaceans", "v": 0.00054076645331847144}, {"l": "Fish, Seafood", "v": 0.00087284695587036109}]}, {"source": 8, "prod": 1.0, "target": 20, "value": 0.0034525089274713493, "supply": [{"l": "Beverages, Alcoholic", "v": 0.0034525089274713493}]}, {"source": 0, "prod": 8.0, "target": 21, "value": 0.031476144690347672, "supply": [{"l": "Rice", "v": 0.031476144690347672}]}, {"source": 22, "prod": 4.0, "target": 16, "value": 0.019699766945952501, "supply": [{"l": "Coconut Oil", "v": 0.010182948506266866}, {"l": "Beverages, Alcoholic", "v": 0.0034525089274713493}, {"l": "Sugar", "v": 0.0060643095122142861}]}, {"source": 22, "prod": 2.0, "target": 1, "value": 0.0014072793134818642, "supply": [{"l": "Milk - Excluding Butter", "v": 0.0014072793134818642}]}, {"source": 1, "prod": 19.0, "target": 4, "value": 0.013369153478077709, "supply": [{"l": "Milk - Excluding Butter", "v": 0.013369153478077709}]}, {"source": 1, "prod": 1.0, "target": 14, "value": 0.0014790998810278746, "supply": [{"l": "Eggs", "v": 0.0014790998810278746}]}, {"source": 1, "prod": 9.0, "target": 6, "value": 0.015799694100605575, "supply": [{"l": "Poultry Meat", "v": 0.005974222037052385}, {"l": "Bovine Meat", "v": 0.0057268352897807762}, {"l": "Pigmeat", "v": 0.0040986367737724134}]}, {"source": 1, "prod": 16.0, "target": 11, "value": 0.013304030076439552, "supply": [{"l": "Pelagic Fish", "v": 0.0011197885670035973}, {"l": "Crustaceans", "v": 0.0010815329066369429}, {"l": "Freshwater Fish", "v": 0.00089683450532746488}, {"l": "Demersal Fish", "v": 0.0013774390337477876}, {"l": "Fish, Seafood", "v": 0.0069827756469628896}, {"l": "Marine Fish, Other", "v": 0.0018456594167608697}]}, {"source": 16, "prod": 20.0, "target": 12, "value": 0.060643095122142859, "supply": [{"l": "Sugar", "v": 0.060643095122142859}]}, {"source": 16, "prod": 4.0, "target": 13, "value": 0.041161387165175596, "supply": [{"l": "Coconut Oil", "v": 0.030548845518800598}, {"l": "Oilcrops Oil, Other", "v": 0.010612541646375}]}, {"source": 16, "prod": 10.0, "target": 8, "value": 0.013354512824758981, "supply": [{"l": "Beer", "v": 0.0029969860423449323}, {"l": "Beverages, Alcoholic", "v": 0.010357526782414047}]}, {"source": 15, "prod": 12.0, "target": 23, "value": 0.015536391578685315, "supply": [{"l": "Coconuts - Incl Copra", "v": 0.040096666590000003}, {"l": "Groundnuts", "v": 0.0017433333300000001}]}, {"source": 7, "prod": 7.5, "target": 23, "value": 0.026755887314314022, "supply": [{"l": "Tomatoes", "v": 0.0034866666599999998}, {"l": "Vegetables, Other", "v": 0.020919999960000001}, {"l": "Onions", "v": 0.0017433333300000001}]}, {"source": 2, "prod": 96.400000000000006, "target": 23, "value": 0.33611466602399998, "supply": [{"l": "Sugar cane", "v": 0.33611466602399998}]}, {"source": 9, "prod": 1.25, "target": 23, "value": 0.0040276893936408058, "supply": [{"l": "Potatoes", "v": 0.0026149999950000002}, {"l": "Cassava", "v": 0.0017433333300000001}]}, {"source": 10, "prod": 0.5, "target": 23, "value": 0.0017433333300000001, "supply": [{"l": "Peas", "v": 0.0017433333300000001}]}, {"source": 0, "prod": 188.0, "target": 23, "value": 0.64057973981837224, "supply": [{"l": "Maize", "v": 0.017433333299999999}, {"l": "Barley", "v": 0.0027554749662104245}, {"l": "Rice", "v": 0.55786666560000009}, {"l": "Wheat", "v": 0.076706666519999994}]}, {"source": 24, "prod": 0, "target": 15, "value": 1.1825161850072089e-05, "supply": "[{\"l\":'Energy for power irrigation',\"v\":1.1825161850072089e-05}]"}, {"source": 24, "prod": 0, "target": 7, "value": 7.3907261562950561e-06, "supply": "[{\"l\":'Energy for power irrigation',\"v\":7.3907261562950561e-06}]"}, {"source": 24, "prod": 0, "target": 2, "value": 0.00023748866715561445, "supply": "[{\"l\":'Energy for power irrigation',\"v\":0.00023748866715561445}]"}, {"source": 24, "prod": 0, "target": 9, "value": 2.4635753854316852e-06, "supply": "[{\"l\":'Energy for power irrigation',\"v\":2.4635753854316852e-06}]"}, {"source": 24, "prod": 0, "target": 0, "value": 9.2630434492231364e-05, "supply": "[{\"l\":'Energy for power irrigation',\"v\":9.2630434492231364e-05}]"}, {"source": 24, "prod": 0, "target": 3, "value": 5.5184088633669752e-05, "supply": "[{\"l\":'Energy for power irrigation',\"v\":5.5184088633669752e-05}]"}, {"source": 24, "prod": 0, "target": 16, "value": 0.0021324689935945346, "supply": "[{\"l\":'Electricity',\"v\":0.0021324689935945346}]"}, {"source": 25, "prod": 0, "target": 24, "value": 0.0047981691987903224, "supply": [{"l": "Coal", "v": 0.0024899122041977485}, {"l": "Natural gas", "v": 0.00074556605689748241}, {"l": "Oil", "v": 0.001562690937695092}]}, {"source": 26, "prod": 0, "target": 24, "value": 0.00067434440343502736, "supply": [{"l": "Nuclear", "v": 7.6993542428970067e-05}, {"l": "Hydroelectric", "v": 0.00058967965891987414}, {"l": "Renewable", "v": 7.6712020861831892e-06}]}, {"source": 25, "prod": 0, "target": 15, "value": 0.0073454143549291327, "supply": [{"l": "Motor Gasoline", "v": 0.0003571140671941958}, {"l": "Gas-Diesel oil", "v": 0.0031197097969334945}, {"l": "Fuel oil", "v": 0.0038685904908014419}]}, {"source": 25, "prod": 0, "target": 7, "value": 0.0045908839718307084, "supply": [{"l": "Motor Gasoline", "v": 0.00022319629199637239}, {"l": "Gas-Diesel oil", "v": 0.0019498186230834341}, {"l": "Fuel oil", "v": 0.0024178690567509013}]}, {"source": 25, "prod": 0, "target": 2, "value": 0.14752040496149341, "supply": [{"l": "Motor Gasoline", "v": 0.0071720408494834317}, {"l": "Gas-Diesel oil", "v": 0.062654171755081006}, {"l": "Fuel oil", "v": 0.077694192356928954}]}, {"source": 25, "prod": 0, "target": 9, "value": 0.0015302946572769026, "supply": [{"l": "Motor Gasoline", "v": 7.4398763998790787e-05}, {"l": "Gas-Diesel oil", "v": 0.0006499395410278113}, {"l": "Fuel oil", "v": 0.00080595635225030036}]}, {"source": 25, "prod": 0, "target": 0, "value": 0.057539079113611544, "supply": [{"l": "Motor Gasoline", "v": 0.0027973935263545338}, {"l": "Gas-Diesel oil", "v": 0.024437726742645709}, {"l": "Fuel oil", "v": 0.030303958844611296}]}, {"source": 25, "prod": 0, "target": 3, "value": 0.034278600323002624, "supply": [{"l": "Motor Gasoline", "v": 0.0016665323135729138}, {"l": "Gas-Diesel oil", "v": 0.014558645719022975}, {"l": "Fuel oil", "v": 0.018053422290406729}]}, {"source": 27, "prod": 0.049334945586457075, "target": 15, "value": 0.00081832325740596843, "supply": [{"l": "Potash", "v": 0.000256388889094}, {"l": "Phosphate", "v": 0.00042083333367000001}, {"l": "Nitrogen", "v": 0.027520833355349994}]}, {"source": 27, "prod": 0.030834340991535671, "target": 7, "value": 0.00051145203587873024, "supply": [{"l": "Potash", "v": 0.000256388889094}, {"l": "Phosphate", "v": 0.00042083333367000001}, {"l": "Nitrogen", "v": 0.027520833355349994}]}, {"source": 27, "prod": 0.99081015719467946, "target": 2, "value": 0.016434658752903196, "supply": [{"l": "Potash", "v": 0.000256388889094}, {"l": "Phosphate", "v": 0.00042083333367000001}, {"l": "Nitrogen", "v": 0.027520833355349994}]}, {"source": 27, "prod": 0.010278113663845224, "target": 9, "value": 0.00017048401195957674, "supply": [{"l": "Potash", "v": 0.000256388889094}, {"l": "Phosphate", "v": 0.00042083333367000001}, {"l": "Nitrogen", "v": 0.027520833355349994}]}, {"source": 27, "prod": 0.38645707376058042, "target": 0, "value": 0.0064101988496800856, "supply": [{"l": "Potash", "v": 0.000256388889094}, {"l": "Phosphate", "v": 0.00042083333367000001}, {"l": "Nitrogen", "v": 0.027520833355349994}]}, {"source": 27, "prod": 0.23022974607013302, "target": 3, "value": 0.0038188418678945192, "supply": [{"l": "Potash", "v": 0.000256388889094}, {"l": "Phosphate", "v": 0.00042083333367000001}, {"l": "Nitrogen", "v": 0.027520833355349994}]}, {"source": 25, "prod": 0, "target": 27, "value": 0.03347748992293384, "supply": [{"l": "Natural gas (including LNG)", "v": 0.022695397000586169}, {"l": "Fuel oil", "v": 0.0059172025582862669}, {"l": "Liquefied petroleum gas (LPG)", "v": 0.0024324451820307018}, {"l": "Coal", "v": 0.0024324451820307018}]}, {"source": 28, "prod": 0, "target": 9, "value": 8.7183442941082557e-05, "supply": "[{\"l\":'Labor',\"v\":8.7183442941082557e-05}]"}, {"source": 28, "prod": 0, "target": 7, "value": 0.0002615503288232477, "supply": "[{\"l\":'Labor',\"v\":0.0002615503288232477}]"}, {"source": 28, "prod": 0, "target": 2, "value": 0.0084044838995203583, "supply": "[{\"l\":'Labor',\"v\":0.0084044838995203583}]"}, {"source": 28, "prod": 0, "target": 10, "value": 1.7436688588216513e-05, "supply": "[{\"l\":'Labor',\"v\":1.7436688588216513e-05}]"}, {"source": 28, "prod": 0, "target": 3, "value": 0.0019529091218802495, "supply": "[{\"l\":'Labor',\"v\":0.0019529091218802495}]"}, {"source": 28, "prod": 0, "target": 0, "value": 0.0032780974545847047, "supply": "[{\"l\":'Labor',\"v\":0.0032780974545847047}]"}, {"source": 28, "prod": 0, "target": 15, "value": 0.0004184805261171963, "supply": "[{\"l\":'Labor',\"v\":0.0004184805261171963}]"}, {"source": 25, "prod": 0, "target": 19, "value": 0.26802216689297376, "supply": "[{\"l\":'Fossil Fuels',\"v\":0.26802216689297376}]"}, {"source": 26, "prod": 0, "target": 19, "value": 0.016942845376153322, "supply": "[{\"l\":'Renewables & Nuclear',\"v\":0.00058640434510940048},{\"l\":'Biomass & Waste',\"v\":0.01635644103104392}]"}]}