{"nodes": [{"layer": 5, "name": "Fruits, Roots & Vegetables", "fill": "#98df8a"}, {"layer": 10, "name": "Feed", "fill": "#dbdb8d"}, {"layer": 13, "name": "Aquatic Products", "fill": "#1f77b4"}, {"layer": 5, "name": "Cereals", "fill": "#e7ba52"}, {"layer": 13, "name": "Other Processed", "fill": "#9c9ede"}, {"layer": 16, "name": "Food", "fill": "#b5cf6b"}, {"layer": 13, "name": "Animal Products", "fill": "#17becf"}, {"layer": 5, "name": "Oilcrops", "fill": "#ff9896"}, {"layer": 5, "name": "Sugar Crops", "fill": "#ffbb78"}, {"layer": 13, "name": "Sugar", "fill": "#d6616b"}, {"layer": 13, "name": "Vegetable Oils", "fill": "#f7b6d2"}, {"layer": 10, "name": "Processing", "fill": "#9edae5"}, {"layer": 16, "name": "Biofuels & Other", "fill": "#e7ba52"}, {"name": "Waste", "fill": "#c7c7c7"}, {"layer": 2, "name": "Import", "fill": "#aec7e8"}, {"layer": 16, "name": "Export", "fill": "#aec7e8"}, {"layer": 2, "name": "Electricity", "fill": "#bcbd22"}, {"layer": 0, "name": "Fossil Fuels", "fill": "#c49c94"}, {"layer": 0, "name": "Renewables & Nuclear", "fill": "#2ca02c"}, {"layer": 2, "name": "Fertilizers", "fill": "#c5b0d5"}, {"layer": 0, "name": "Labor", "fill": "#7f7f7f"}], "links": [{"source": 0, "prod": 946.0, "target": 1, "value": 1.1306269754920513, "supply": [{"l": "Sweet potatoes", "v": 0.11881760716152572}, {"l": "Cassava", "v": 1.0118093683305256}]}, {"source": 2, "prod": 8.0, "target": 1, "value": 0.0059114805579261369, "supply": [{"l": "Marine Fish, Other", "v": 0.0029724405486564551}, {"l": "Fish, Seafood", "v": 0.0029390400092696818}]}, {"source": 3, "prod": 103.0, "target": 1, "value": 0.40334897282760873, "supply": [{"l": "Maize", "v": 0.14414318025636674}, {"l": "Rice", "v": 0.25920579257124199}]}, {"source": 4, "prod": 184.0, "target": 5, "value": 0.40717647591522688, "supply": [{"l": "Beer", "v": 0.070405154336926831}, {"l": "Beverages, Alcoholic", "v": 0.10754042201660001}, {"l": "Fats, Animals, Raw", "v": 0.22923089956170004}]}, {"source": 6, "prod": 724.0, "target": 5, "value": 1.7573179817356166, "supply": [{"l": "Eggs", "v": 0.10584976603137664}, {"l": "Mutton & Goat Meat", "v": 0.0069590437025409835}, {"l": "Pigmeat", "v": 1.2169453200227149}, {"l": "Milk - Excluding Butter", "v": 0.088157091983115082}, {"l": "Meat, Other", "v": 0.0031061097501585365}, {"l": "Bovine Meat", "v": 0.12306260414180305}, {"l": "Poultry Meat", "v": 0.14215869740260467}, {"l": "Offals, Edible", "v": 0.071079348701302336}]}, {"source": 3, "prod": 6610.0, "target": 5, "value": 26.548785457959866, "supply": [{"l": "Maize", "v": 0.88287697907024631}, {"l": "Rice", "v": 24.1596256187037}, {"l": "Wheat", "v": 1.4988643844719483}, {"l": "Cereals, Other", "v": 0.0074184757139708736}]}, {"source": 7, "prod": 65.0, "target": 5, "value": 0.33081328611758654, "supply": [{"l": "Coconuts - Incl Copra", "v": 0.034364420569214293}, {"l": "Soyabeans", "v": 0.051736140526078132}, {"l": "Groundnuts", "v": 0.24471272502229413}]}, {"source": 0, "prod": 4534.0, "target": 5, "value": 2.8810120224862112, "supply": [{"l": "Nuts", "v": 0.0086829886197613646}, {"l": "Coffee", "v": 0.0027836174810163933}, {"l": "Treenuts", "v": 0.0086829886197613646}, {"l": "Vegetables, Other", "v": 0.45849760526203825}, {"l": "Grapes", "v": 0.0022407712567126103}, {"l": "Pimento", "v": 0.088165730600653858}, {"l": "Potatoes", "v": 0.052647692636765379}, {"l": "Beans", "v": 0.088104119328396222}, {"l": "Pulses, Other", "v": 0.21258508620770081}, {"l": "Pineapples", "v": 0.035305089041405939}, {"l": "Bananas", "v": 0.29963796927976771}, {"l": "Spices, Other", "v": 0.00265313541159375}, {"l": "Fruits, Other", "v": 0.44096853199835195}, {"l": "Sweet potatoes", "v": 1.0049526587026241}, {"l": "Grapefruit", "v": 0.019757777740000003}, {"l": "Oranges, Mandarines", "v": 0.017710996654877485}, {"l": "Tea", "v": 0.012784444420000001}, {"l": "Cassava", "v": 0.088035856839247154}, {"l": "Onions", "v": 0.035283255343792203}, {"l": "Apples", "v": 0.0015317070417448452}]}, {"source": 8, "prod": 80.0, "target": 5, "value": 0.035191847946528493, "supply": [{"l": "Sugar cane", "v": 0.035191847946528493}]}, {"source": 9, "prod": 321.0, "target": 5, "value": 1.302792321798407, "supply": [{"l": "Sugar", "v": 1.302792321798407}]}, {"source": 2, "prod": 1487.0, "target": 5, "value": 1.098044417556955, "supply": [{"l": "Crustaceans", "v": 0.017601288584231708}, {"l": "Marine Fish, Other", "v": 0.42282966804638078}, {"l": "Freshwater Fish", "v": 0.10593069092895412}, {"l": "Fish, Seafood", "v": 0.54666144172416087}, {"l": "Cephalopods", "v": 0.003859106053227273}, {"l": "Molluscs, Other", "v": 0.0011622222200000001}]}, {"source": 10, "prod": 36.0, "target": 5, "value": 0.37226115894725831, "supply": [{"l": "Ricebran Oil", "v": 0.02122508329275}, {"l": "Groundnut Oil", "v": 0.037733481409333337}, {"l": "Soyabean Oil", "v": 0.1567390766233846}, {"l": "Coconut Oil", "v": 0.14241346209329034}, {"l": "Cottonseed Oil", "v": 0.014150055528500001}]}, {"source": 8, "prod": 670.0, "target": 11, "value": 0.29473172655217611, "supply": [{"l": "Sugar cane", "v": 0.29473172655217611}]}, {"source": 3, "prod": 91.0, "target": 11, "value": 0.36776799105247598, "supply": [{"l": "Barley", "v": 0.046846533583319187}, {"l": "Rice", "v": 0.32092145746915679}]}, {"source": 7, "prod": 92.0, "target": 11, "value": 0.23658015896933327, "supply": [{"l": "Cottonseed", "v": 0.0039797031173906252}, {"l": "Groundnuts", "v": 0.062926129291447072}, {"l": "Soyabeans", "v": 0.0079594062347812505}, {"l": "Coconuts - Incl Copra", "v": 0.16171492032571433}]}, {"source": 2, "prod": 2.0, "target": 12, "value": 0.0023244444400000001, "supply": [{"l": "Aquatic Plants", "v": 0.0011622222200000001}, {"l": "Aquatic Products, Other", "v": 0.0011622222200000001}]}, {"source": 4, "prod": 3.0, "target": 12, "value": 0.025470099951300004, "supply": [{"l": "Fats, Animals, Raw", "v": 0.025470099951300004}]}, {"source": 3, "prod": 63.0, "target": 12, "value": 0.25920579257124199, "supply": [{"l": "Rice", "v": 0.25920579257124199}]}, {"source": 7, "prod": 5.0, "target": 12, "value": 0.019898515586953124, "supply": [{"l": "Oilcrops, Other", "v": 0.0079594062347812505}, {"l": "Sesame seed", "v": 0.011939109352171875}]}, {"source": 8, "prod": 189.0, "target": 12, "value": 0.08314074077367356, "supply": [{"l": "Sugar cane", "v": 0.08314074077367356}]}, {"source": 0, "prod": 17.0, "target": 0, "value": 0.048358631493596517, "supply": [{"l": "Beans", "v": 0.020023663483726417}, {"l": "Pulses, Other", "v": 0.024066236174456693}, {"l": "Potatoes", "v": 0.0042687318354134082}]}, {"source": 8, "prod": 11.0, "target": 8, "value": 0.0048388790926476681, "supply": [{"l": "Sugar cane", "v": 0.0048388790926476681}]}, {"source": 6, "prod": 4.0, "target": 6, "value": 0.0066156103769610397, "supply": [{"l": "Eggs", "v": 0.0066156103769610397}]}, {"source": 3, "prod": 173.0, "target": 3, "value": 0.70872254623523934, "supply": [{"l": "Maize", "v": 0.02162147703845501}, {"l": "Rice", "v": 0.68710106919678438}]}, {"source": 7, "prod": 4.0, "target": 7, "value": 0.024955079547872981, "supply": [{"l": "Groundnuts", "v": 0.020975376430482355}, {"l": "Soyabeans", "v": 0.0039797031173906252}]}, {"source": 0, "prod": 467.0, "target": 13, "value": 0.27393998614871573, "supply": [{"l": "Pineapples", "v": 0.0039227876712673269}, {"l": "Bananas", "v": 0.033375516380172152}, {"l": "Cassava", "v": 0.05788659079840909}, {"l": "Potatoes", "v": 0.0028458212236089392}, {"l": "Vegetables, Other", "v": 0.050944178362448696}, {"l": "Fruits, Other", "v": 0.046976029181955023}, {"l": "Grapefruit", "v": 0.0011622222200000001}, {"l": "Sweet potatoes", "v": 0.058853581117391238}, {"l": "Beans", "v": 0.0040047326967452826}, {"l": "Oranges, Mandarines", "v": 0.00084338079308940396}, {"l": "Onions", "v": 0.0018376695491558442}, {"l": "Pimento", "v": 0.0032653974296538461}, {"l": "Pulses, Other", "v": 0.0080220787248188978}]}, {"source": 8, "prod": 50.0, "target": 13, "value": 0.021994904966580311, "supply": [{"l": "Sugar cane", "v": 0.021994904966580311}]}, {"source": 6, "prod": 1.0, "target": 13, "value": 0.0005615101400198413, "supply": [{"l": "Milk - Excluding Butter", "v": 0.0005615101400198413}]}, {"source": 3, "prod": 614.0, "target": 13, "value": 2.5142790036310561, "supply": [{"l": "Maize", "v": 0.04324295407691002}, {"l": "Wheat", "v": 0.015263384770590104}, {"l": "Barley", "v": 0.0036035795064091685}, {"l": "Rice", "v": 2.4521690852771467}]}, {"source": 7, "prod": 2.0, "target": 13, "value": 0.013983584286988237, "supply": [{"l": "Groundnuts", "v": 0.013983584286988237}]}, {"source": 14, "prod": 283.0, "target": 11, "value": 1.2883783561800684, "supply": [{"l": "Fats, Animals, Raw", "v": 0.0594302332197}, {"l": "Soyabean Oil", "v": 0.1567390766233846}, {"l": "Coconut Oil", "v": 0.010954881699483872}, {"l": "Sugar", "v": 1.0471041091090001}, {"l": "Cottonseed Oil", "v": 0.014150055528500001}]}, {"source": 14, "prod": 1815.0, "target": 3, "value": 6.912087724553575, "supply": [{"l": "Maize", "v": 0.14774675976277593}, {"l": "Wheat", "v": 1.5141277692425381}, {"l": "Cereals, Other", "v": 0.0074184757139708736}, {"l": "Barley", "v": 0.050450113089728361}, {"l": "Rice", "v": 5.1923446067445616}]}, {"source": 14, "prod": 211.0, "target": 1, "value": 0.13712174621033238, "supply": [{"l": "Bovine Meat", "v": 0.0015007634651439394}, {"l": "Milk - Excluding Butter", "v": 0.075803868902678581}, {"l": "Poultry Meat", "v": 0.0019744263528139534}, {"l": "Marine Fish, Other", "v": 0.026751964937908101}, {"l": "Fish, Seafood", "v": 0.026451360083427137}, {"l": "Mutton & Goat Meat", "v": 0.0046393624683606551}]}, {"source": 14, "prod": 12.0, "target": 0, "value": 0.0063101524522043047, "supply": [{"l": "Vegetables, Other", "v": 0.00051719978032942833}, {"l": "Fruits, Other", "v": 0.0020204743734174207}, {"l": "Grapes", "v": 0.0022407712567126103}, {"l": "Apples", "v": 0.0015317070417448452}]}, {"source": 4, "prod": 3.0, "target": 15, "value": 0.0084900333171, "supply": [{"l": "Beverages, Alcoholic", "v": 0.0084900333171}]}, {"source": 3, "prod": 2.0, "target": 15, "value": 0.0082287553197219684, "supply": [{"l": "Rice", "v": 0.0082287553197219684}]}, {"source": 7, "prod": 1.0, "target": 15, "value": 0.0069917921434941186, "supply": [{"l": "Groundnuts", "v": 0.0069917921434941186}]}, {"source": 0, "prod": 6.0, "target": 15, "value": 0.0056201535422898, "supply": [{"l": "Coffee", "v": 0.0013918087405081967}, {"l": "Bananas", "v": 0.00074167814178160334}, {"l": "Tea", "v": 0.0034866666600000002}]}, {"source": 9, "prod": 4.0, "target": 15, "value": 0.016234172234248063, "supply": [{"l": "Sugar", "v": 0.016234172234248063}]}, {"source": 10, "prod": 1.0, "target": 15, "value": 0.0094333703523333343, "supply": [{"l": "Groundnut Oil", "v": 0.0094333703523333343}]}, {"source": 1, "prod": 1497.0, "target": 2, "value": 1.1062803425548811, "supply": [{"l": "Crustaceans", "v": 0.017601288584231708}, {"l": "Freshwater Fish", "v": 0.10593069092895412}, {"l": "Molluscs, Other", "v": 0.0011622222200000001}, {"l": "Marine Fish, Other", "v": 0.42580210859503725}, {"l": "Aquatic Products, Other", "v": 0.0011622222200000001}, {"l": "Fish, Seafood", "v": 0.54960048173343057}, {"l": "Aquatic Plants", "v": 0.0011622222200000001}, {"l": "Cephalopods", "v": 0.003859106053227273}]}, {"source": 1, "prod": 725.0, "target": 6, "value": 1.7578794918756364, "supply": [{"l": "Poultry Meat", "v": 0.14215869740260467}, {"l": "Pigmeat", "v": 1.2169453200227149}, {"l": "Bovine Meat", "v": 0.12306260414180305}, {"l": "Eggs", "v": 0.11246537640833768}, {"l": "Milk - Excluding Butter", "v": 0.088718602123134926}, {"l": "Offals, Edible", "v": 0.071079348701302336}, {"l": "Meat, Other", "v": 0.0031061097501585365}, {"l": "Mutton & Goat Meat", "v": 0.0069590437025409835}]}, {"source": 11, "prod": 190.0, "target": 4, "value": 0.4411366091836269, "supply": [{"l": "Fats, Animals, Raw", "v": 0.25470099951300001}, {"l": "Beer", "v": 0.070405154336926831}, {"l": "Beverages, Alcoholic", "v": 0.11603045533370002}]}, {"source": 11, "prod": 37.0, "target": 10, "value": 0.38169452929959163, "supply": [{"l": "Cottonseed Oil", "v": 0.014150055528500001}, {"l": "Ricebran Oil", "v": 0.02122508329275}, {"l": "Groundnut Oil", "v": 0.04716685176166667}, {"l": "Coconut Oil", "v": 0.14241346209329034}, {"l": "Soyabean Oil", "v": 0.1567390766233846}]}, {"source": 11, "prod": 325.0, "target": 9, "value": 1.319026494032655, "supply": [{"l": "Sugar", "v": 1.319026494032655}]}, {"source": 16, "prod": 0, "target": 0, "value": 4.510681641532224e-05, "supply": "[{\"l\":'Energy for power irrigation',\"v\":4.510681641532224e-05}]"}, {"source": 16, "prod": 0, "target": 8, "value": 7.5631818268481288e-06, "supply": "[{\"l\":'Energy for power irrigation',\"v\":7.5631818268481288e-06}]"}, {"source": 16, "prod": 0, "target": 3, "value": 5.1043914149398017e-05, "supply": "[{\"l\":'Energy for power irrigation',\"v\":5.1043914149398017e-05}]"}, {"source": 16, "prod": 0, "target": 7, "value": 1.289522501477606e-06, "supply": "[{\"l\":'Energy for power irrigation',\"v\":1.289522501477606e-06}]"}, {"source": 16, "prod": 0, "target": 11, "value": 0.19066525599473608, "supply": "[{\"l\":'Electricity',\"v\":0.19066525599473608}]"}, {"source": 17, "prod": 0, "target": 16, "value": 0.38520948621843937, "supply": [{"l": "Coal", "v": 0.38520948621843937}, {"l": "Natural gas", "v": 0.0}, {"l": "Oil", "v": 0.0}]}, {"source": 18, "prod": 0, "target": 16, "value": 0.040538559804437754, "supply": [{"l": "Nuclear", "v": 0.0}, {"l": "Hydroelectric", "v": 0.040538559804437754}, {"l": "Renewable", "v": 0.0}]}, {"source": 17, "prod": 0, "target": 0, "value": 1.082309416919276, "supply": [{"l": "Motor Gasoline", "v": 0.37884111065388892}, {"l": "Gas-Diesel oil", "v": 0.55415133115963888}, {"l": "Fuel oil", "v": 0.061063244587731678}, {"l": "Coal", "v": 0.088253730518016577}]}, {"source": 17, "prod": 0, "target": 8, "value": 0.1814737452916291, "supply": [{"l": "Motor Gasoline", "v": 0.063521312986902903}, {"l": "Gas-Diesel oil", "v": 0.092916051502286878}, {"l": "Fuel oil", "v": 0.010238639266889954}, {"l": "Coal", "v": 0.014797741535549391}]}, {"source": 17, "prod": 0, "target": 3, "value": 1.2247663069732049, "supply": [{"l": "Motor Gasoline", "v": 0.42870534134860772}, {"l": "Gas-Diesel oil", "v": 0.62709043158893407}, {"l": "Fuel oil", "v": 0.069100576412240294}, {"l": "Coal", "v": 0.09986995762342285}]}, {"source": 17, "prod": 0, "target": 7, "value": 0.030941273572222761, "supply": [{"l": "Motor Gasoline", "v": 0.010830383864266945}, {"l": "Gas-Diesel oil", "v": 0.015842186781139911}, {"l": "Fuel oil", "v": 0.0017456879950047369}, {"l": "Coal", "v": 0.0025230149318111713}]}, {"source": 19, "prod": 48.754148161486654, "target": 0, "value": 0.70242886521902992, "supply": [{"l": "Potash", "v": 0.033725394471424759}, {"l": "Phosphate", "v": 0.071289166723698005}, {"l": "Nitrogen", "v": 1.5301583345574599}]}, {"source": 19, "prod": 8.1747397990420279, "target": 8, "value": 0.11777814641499496, "supply": [{"l": "Potash", "v": 0.033725394471424759}, {"l": "Phosphate", "v": 0.071289166723698005}, {"l": "Nitrogen", "v": 1.5301583345574599}]}, {"source": 19, "prod": 55.171318903734644, "target": 3, "value": 0.794884710154801, "supply": [{"l": "Potash", "v": 0.033725394471424759}, {"l": "Phosphate", "v": 0.071289166723698005}, {"l": "Nitrogen", "v": 1.5301583345574599}]}, {"source": 19, "prod": 1.3937931357366657, "target": 7, "value": 0.020081173963756641, "supply": [{"l": "Potash", "v": 0.033725394471424759}, {"l": "Phosphate", "v": 0.071289166723698005}, {"l": "Nitrogen", "v": 1.5301583345574599}]}, {"source": 17, "prod": 0, "target": 19, "value": 1.9586857848746324, "supply": [{"l": "Natural gas (including LNG)", "v": 1.3240503197478917}, {"l": "Fuel oil", "v": 0.36414756088492656}, {"l": "Liquefied petroleum gas (LPG)", "v": 0.13524395212090703}, {"l": "Coal", "v": 0.13524395212090703}]}, {"source": 20, "prod": 0, "target": 3, "value": 3.5410083654039739, "supply": "[{\"l\":'Labor',\"v\":3.5410083654039739}]"}, {"source": 20, "prod": 0, "target": 7, "value": 0.089456501155930873, "supply": "[{\"l\":'Labor',\"v\":0.089456501155930873}]"}, {"source": 20, "prod": 0, "target": 0, "value": 3.1291411899939692, "supply": "[{\"l\":'Labor',\"v\":3.1291411899939692}]"}, {"source": 20, "prod": 0, "target": 8, "value": 0.52467156103185264, "supply": "[{\"l\":'Labor',\"v\":0.52467156103185264}]"}, {"source": 17, "prod": 0, "target": 14, "value": 6.9351849005978234, "supply": "[{\"l\":'Fossil Fuels',\"v\":6.9351849005978234}]"}, {"source": 18, "prod": 0, "target": 14, "value": 11.765449690112323, "supply": "[{\"l\":'Renewables & Nuclear',\"v\":0.057979205148854795},{\"l\":'Biomass & Waste',\"v\":11.707470484963469}]"}]}