{"nodes": [{"layer": 5, "name": "Fruits, Roots & Vegetables", "fill": "#98df8a"}, {"layer": 10, "name": "Feed", "fill": "#dbdb8d"}, {"layer": 5, "name": "Cereals", "fill": "#e7ba52"}, {"layer": 13, "name": "Other Processed", "fill": "#9c9ede"}, {"layer": 16, "name": "Food", "fill": "#b5cf6b"}, {"layer": 13, "name": "Animal Products", "fill": "#17becf"}, {"layer": 5, "name": "Oilcrops", "fill": "#ff9896"}, {"layer": 13, "name": "Sugar", "fill": "#d6616b"}, {"layer": 13, "name": "Aquatic Products", "fill": "#1f77b4"}, {"layer": 13, "name": "Vegetable Oils", "fill": "#f7b6d2"}, {"layer": 10, "name": "Processing", "fill": "#9edae5"}, {"layer": 16, "name": "Biofuels & Other", "fill": "#e7ba52"}, {"layer": 5, "name": "Sugar Crops", "fill": "#ffbb78"}, {"name": "Waste", "fill": "#c7c7c7"}, {"layer": 2, "name": "Import", "fill": "#aec7e8"}, {"layer": 16, "name": "Export", "fill": "#aec7e8"}, {"layer": 16, "name": "Stock Deposit", "fill": "#c7c7c7"}, {"layer": 0, "name": "Stock Draw", "fill": "#c7c7c7"}, {"layer": 2, "name": "Electricity", "fill": "#bcbd22"}, {"layer": 0, "name": "Fossil Fuels", "fill": "#c49c94"}, {"layer": 0, "name": "Renewables & Nuclear", "fill": "#2ca02c"}, {"layer": 2, "name": "Fertilizers", "fill": "#c5b0d5"}, {"layer": 0, "name": "Labor", "fill": "#7f7f7f"}], "links": [{"source": 0, "prod": 2.0, "target": 1, "value": 0.0025630289259169809, "supply": [{"l": "Cassava", "v": 0.0025630289259169809}]}, {"source": 2, "prod": 94.0, "target": 1, "value": 0.32863242264874437, "supply": [{"l": "Maize", "v": 0.073995703222431194}, {"l": "Sorghum", "v": 0.10525010060688827}, {"l": "Cereals, Other", "v": 0.0074836159937963524}, {"l": "Millet", "v": 0.14190300282562857}]}, {"source": 3, "prod": 30.0, "target": 4, "value": 0.028899207081029284, "supply": [{"l": "Fats, Animals, Raw", "v": 0.019102574963475002}, {"l": "Beer", "v": 0.00051602889643282161}, {"l": "Beverages, Fermented", "v": 0.0092806032211214581}]}, {"source": 5, "prod": 434.0, "target": 4, "value": 0.48346389868706702, "supply": [{"l": "Pigmeat", "v": 0.0028300111056999999}, {"l": "Milk - Excluding Butter", "v": 0.29428548061163684}, {"l": "Meat, Other", "v": 0.021078703407972414}, {"l": "Mutton & Goat Meat", "v": 0.060164333844862791}, {"l": "Bovine Meat", "v": 0.065656257652240008}, {"l": "Eggs", "v": 0.0067920266536800012}, {"l": "Poultry Meat", "v": 0.014229106118044694}, {"l": "Offals, Edible", "v": 0.018427979292930233}]}, {"source": 2, "prod": 690.0, "target": 4, "value": 2.45732554974794, "supply": [{"l": "Maize", "v": 0.25898496127850917}, {"l": "Rice", "v": 0.35803761862501654}, {"l": "Sorghum", "v": 0.72996037517680579}, {"l": "Cereals, Other", "v": 0.067352543944167162}, {"l": "Wheat", "v": 0.06351322634166412}, {"l": "Millet", "v": 0.97947682438177763}]}, {"source": 6, "prod": 10.0, "target": 4, "value": 0.064598079586630441, "supply": [{"l": "Groundnuts", "v": 0.064598079586630441}]}, {"source": 0, "prod": 363.0, "target": 4, "value": 0.32257595209927764, "supply": [{"l": "Dates", "v": 0.0022342192939736848}, {"l": "Fruits, Other", "v": 0.022633929953095756}, {"l": "Pimento", "v": 0.0036913188335217393}, {"l": "Nuts", "v": 0.019078726555280898}, {"l": "Yams", "v": 0.0092408525900408173}, {"l": "Pulses, Other", "v": 0.11428891003788463}, {"l": "Tomatoes", "v": 0.0022579875843351063}, {"l": "Bananas", "v": 0.015954425025422821}, {"l": "Treenuts", "v": 0.018258136165806453}, {"l": "Vegetables, Other", "v": 0.038796056245820165}, {"l": "Sweet potatoes", "v": 0.034295466720780966}, {"l": "Oranges, Mandarines", "v": 0.0021849350448419121}, {"l": "Onions", "v": 0.0024970686226764701}, {"l": "Cassava", "v": 0.037163919425796228}]}, {"source": 7, "prod": 31.0, "target": 4, "value": 0.12838586967321952, "supply": [{"l": "Sugar", "v": 0.12838586967321952}]}, {"source": 8, "prod": 104.0, "target": 4, "value": 0.072972187188297524, "supply": [{"l": "Freshwater Fish", "v": 0.036486093594148762}, {"l": "Fish, Seafood", "v": 0.036486093594148762}]}, {"source": 9, "prod": 39.0, "target": 4, "value": 0.37703965504763359, "supply": [{"l": "Groundnut Oil", "v": 0.27792523894755211}, {"l": "Oilcrops Oil, Other", "v": 0.099114416100081468}]}, {"source": 2, "prod": 6.0, "target": 10, "value": 0.02076629309643345, "supply": [{"l": "Millet", "v": 0.02076629309643345}]}, {"source": 6, "prod": 141.0, "target": 10, "value": 0.825471174146299, "supply": [{"l": "Oilcrops, Other", "v": 0.39266404091587503}, {"l": "Groundnuts", "v": 0.43280713323042391}]}, {"source": 9, "prod": 3.0, "target": 11, "value": 0.024778604025020367, "supply": [{"l": "Oilcrops Oil, Other", "v": 0.024778604025020367}]}, {"source": 12, "prod": 25.0, "target": 11, "value": 0.0070281732757450331, "supply": [{"l": "Sugar cane", "v": 0.0070281732757450331}]}, {"source": 5, "prod": 1.0, "target": 5, "value": 0.0016980066634200003, "supply": [{"l": "Eggs", "v": 0.0016980066634200003}]}, {"source": 2, "prod": 47.0, "target": 2, "value": 0.17330425450531114, "supply": [{"l": "Maize", "v": 0.018498925805607799}, {"l": "Rice", "v": 0.051764474981930111}, {"l": "Sorghum", "v": 0.040741974428472882}, {"l": "Millet", "v": 0.062298879289300342}]}, {"source": 6, "prod": 10.0, "target": 6, "value": 0.064598079586630441, "supply": [{"l": "Groundnuts", "v": 0.038758847751978263}, {"l": "Cottonseed", "v": 0.025839231834652178}]}, {"source": 0, "prod": 13.0, "target": 13, "value": 0.0052782390587634478, "supply": [{"l": "Vegetables, Other", "v": 0.0020783601560260805}, {"l": "Fruits, Other", "v": 0.00046191693781828076}, {"l": "Sweet potatoes", "v": 0.002286364448052065}, {"l": "Tomatoes", "v": 0.00045159751686702133}]}, {"source": 5, "prod": 9.0, "target": 13, "value": 0.009754032969684006, "supply": [{"l": "Eggs", "v": 0.0033960133268400006}, {"l": "Milk - Excluding Butter", "v": 0.0063580196428440049}]}, {"source": 2, "prod": 76.0, "target": 13, "value": 0.26928925835753798, "supply": [{"l": "Maize", "v": 0.02219871096672936}, {"l": "Cereals, Other", "v": 0.0074836159937963524}, {"l": "Millet", "v": 0.12113670972919512}, {"l": "Rice", "v": 0.030195943739459229}, {"l": "Sorghum", "v": 0.088274277928357917}]}, {"source": 6, "prod": 2.0, "target": 13, "value": 0.012919615917326089, "supply": [{"l": "Groundnuts", "v": 0.012919615917326089}]}, {"source": 14, "prod": 32.0, "target": 10, "value": 0.12890189856965234, "supply": [{"l": "Beer", "v": 0.00051602889643282161}, {"l": "Sugar", "v": 0.12838586967321952}]}, {"source": 14, "prod": 21.0, "target": 2, "value": 0.06423059498895925, "supply": [{"l": "Cereals, Other", "v": 0.0037418079968981762}, {"l": "Wheat", "v": 0.060488786992061075}]}, {"source": 14, "prod": 2.0, "target": 1, "value": 0.0018165770408125727, "supply": [{"l": "Milk - Excluding Butter", "v": 0.0018165770408125727}]}, {"source": 14, "prod": 9.0, "target": 0, "value": 0.032103709470843567, "supply": [{"l": "Dates", "v": 0.0022342192939736848}, {"l": "Treenuts", "v": 0.014606508932645161}, {"l": "Nuts", "v": 0.015262981244224719}]}, {"source": 8, "prod": 76.0, "target": 15, "value": 0.053325829099140493, "supply": [{"l": "Fish, Seafood", "v": 0.026662914549570246}, {"l": "Freshwater Fish", "v": 0.026662914549570246}]}, {"source": 5, "prod": 1.0, "target": 15, "value": 0.0018237849347844445, "supply": [{"l": "Bovine Meat", "v": 0.0018237849347844445}]}, {"source": 2, "prod": 4.0, "target": 15, "value": 0.017254824993976701, "supply": [{"l": "Rice", "v": 0.017254824993976701}]}, {"source": 6, "prod": 30.0, "target": 15, "value": 0.19379423875989132, "supply": [{"l": "Groundnuts", "v": 0.14211577509058698}, {"l": "Cottonseed", "v": 0.051678463669304356}]}, {"source": 2, "prod": 57.0, "target": 16, "value": 0.19832241739829504, "supply": [{"l": "Rice", "v": 0.012941118745482528}, {"l": "Sorghum", "v": 0.078088784321239696}, {"l": "Millet", "v": 0.1072925143315728}]}, {"source": 17, "prod": 2.0, "target": 6, "value": 0.012919615917326089, "supply": [{"l": "Cottonseed", "v": 0.012919615917326089}]}, {"source": 17, "prod": 13.0, "target": 2, "value": 0.048097207094580277, "supply": [{"l": "Maize", "v": 0.048097207094580277}]}, {"source": 1, "prod": 180.0, "target": 8, "value": 0.12629801628743803, "supply": [{"l": "Freshwater Fish", "v": 0.063149008143719015}, {"l": "Fish, Seafood", "v": 0.063149008143719015}]}, {"source": 1, "prod": 444.0, "target": 5, "value": 0.49504171659153551, "supply": [{"l": "Poultry Meat", "v": 0.014229106118044694}, {"l": "Pigmeat", "v": 0.0028300111056999999}, {"l": "Bovine Meat", "v": 0.067480042587024447}, {"l": "Eggs", "v": 0.011886046643940003}, {"l": "Milk - Excluding Butter", "v": 0.30064350025448083}, {"l": "Offals, Edible", "v": 0.018427979292930233}, {"l": "Meat, Other", "v": 0.021078703407972414}, {"l": "Mutton & Goat Meat", "v": 0.060164333844862791}]}, {"source": 10, "prod": 30.0, "target": 3, "value": 0.028899207081029284, "supply": [{"l": "Fats, Animals, Raw", "v": 0.019102574963475002}, {"l": "Beer", "v": 0.00051602889643282161}, {"l": "Beverages, Fermented", "v": 0.0092806032211214581}]}, {"source": 10, "prod": 42.0, "target": 9, "value": 0.40181825907265395, "supply": [{"l": "Oilcrops Oil, Other", "v": 0.12389302012510184}, {"l": "Groundnut Oil", "v": 0.27792523894755211}]}, {"source": 10, "prod": 31.0, "target": 7, "value": 0.12838586967321952, "supply": [{"l": "Sugar", "v": 0.12838586967321952}]}, {"source": 18, "prod": 0, "target": 0, "value": 5.9487142962982002e-06, "supply": "[{\"l\":'Energy for power irrigation',\"v\":5.9487142962982002e-06}]"}, {"source": 18, "prod": 0, "target": 12, "value": 3.9817364767725569e-07, "supply": "[{\"l\":'Energy for power irrigation',\"v\":3.9817364767725569e-07}]"}, {"source": 18, "prod": 0, "target": 2, "value": 1.5226160287178258e-05, "supply": "[{\"l\":'Energy for power irrigation',\"v\":1.5226160287178258e-05}]"}, {"source": 18, "prod": 0, "target": 6, "value": 3.0579736141613238e-06, "supply": "[{\"l\":'Energy for power irrigation',\"v\":3.0579736141613238e-06}]"}, {"source": 18, "prod": 0, "target": 10, "value": 0.00026114599466078549, "supply": "[{\"l\":'Electricity',\"v\":0.00026114599466078549}]"}, {"source": 19, "prod": 0, "target": 18, "value": 0.00021803505923888015, "supply": [{"l": "Coal", "v": 1.5212186687808202e-05}, {"l": "Natural gas", "v": 2.7870932726141117e-05}, {"l": "Oil", "v": 0.00017495193982493084}]}, {"source": 20, "prod": 0, "target": 18, "value": 0.0002023070565830123, "supply": [{"l": "Nuclear", "v": 0.0}, {"l": "Hydroelectric", "v": 0.0002011352871463402}, {"l": "Renewable", "v": 1.1717694366720912e-06}]}, {"source": 19, "prod": 0, "target": 0, "value": 0.0052452885444524396, "supply": [{"l": "Other fossil fuels", "v": 0.0052452885444524396}]}, {"source": 19, "prod": 0, "target": 12, "value": 0.0003510902640195743, "supply": [{"l": "Other fossil fuels", "v": 0.0003510902640195743}]}, {"source": 19, "prod": 0, "target": 2, "value": 0.01342569169610852, "supply": [{"l": "Other fossil fuels", "v": 0.01342569169610852}]}, {"source": 19, "prod": 0, "target": 6, "value": 0.0026963732276703302, "supply": [{"l": "Other fossil fuels", "v": 0.0026963732276703302}]}, {"source": 21, "prod": 0.15879610038882322, "target": 0, "value": 0.0019218198136920766, "supply": [{"l": "Potash", "v": 0.00019615067484800964}, {"l": "Phosphate", "v": 0.00086270833402349995}, {"l": "Nitrogen", "v": 0.0068985555610743985}]}, {"source": 21, "prod": 0.010628922382116683, "target": 12, "value": 0.00012863586437028625, "supply": [{"l": "Potash", "v": 0.00019615067484800964}, {"l": "Phosphate", "v": 0.00086270833402349995}, {"l": "Nitrogen", "v": 0.0068985555610743985}]}, {"source": 21, "prod": 0.40644999189214193, "target": 2, "value": 0.0049190354535197465, "supply": [{"l": "Potash", "v": 0.00019615067484800964}, {"l": "Phosphate", "v": 0.00086270833402349995}, {"l": "Nitrogen", "v": 0.0068985555610743985}]}, {"source": 21, "prod": 0.081630123894656126, "target": 6, "value": 0.00098792343836379853, "supply": [{"l": "Potash", "v": 0.00019615067484800964}, {"l": "Phosphate", "v": 0.00086270833402349995}, {"l": "Nitrogen", "v": 0.0068985555610743985}]}, {"source": 19, "prod": 0, "target": 21, "value": 0.0095396882686851533, "supply": [{"l": "Natural gas (including LNG)", "v": 0.006476709540455654}, {"l": "Fuel oil", "v": 0.00184351287697144}, {"l": "Liquefied petroleum gas (LPG)", "v": 0.00060973292562902924}, {"l": "Coal", "v": 0.00060973292562902924}]}, {"source": 22, "prod": 0, "target": 2, "value": 0.36833954039541206, "supply": "[{\"l\":'Labor',\"v\":0.36833954039541206}]"}, {"source": 22, "prod": 0, "target": 6, "value": 0.073976142004099493, "supply": "[{\"l\":'Labor',\"v\":0.073976142004099493}]"}, {"source": 22, "prod": 0, "target": 0, "value": 0.14390671374234978, "supply": "[{\"l\":'Labor',\"v\":0.14390671374234978}]"}, {"source": 22, "prod": 0, "target": 12, "value": 0.0096323101567837872, "supply": "[{\"l\":'Labor',\"v\":0.0096323101567837872}]"}, {"source": 19, "prod": 0, "target": 14, "value": 0.0160670355425266, "supply": "[{\"l\":'Fossil Fuels',\"v\":0.0160670355425266}]"}, {"source": 20, "prod": 0, "target": 14, "value": 0.093280358461053481, "supply": "[{\"l\":'Renewables & Nuclear',\"v\":0.0011459540447318877},{\"l\":'Biomass & Waste',\"v\":0.092134404416321591}]"}]}