{"nodes": [{"layer": 3, "name": "Maize"}, {"layer": 5, "name": "Production", "fill": "#b5cf6b"}, {"layer": 3, "name": "Nuts"}, {"layer": 3, "name": "Yams"}, {"layer": 3, "name": "Rice"}, {"layer": 3, "name": "Tomatoes"}, {"layer": 3, "name": "Wheat"}, {"layer": 3, "name": "Treenuts"}, {"layer": 3, "name": "Vegetables, Other"}, {"layer": 3, "name": "Pimento"}, {"layer": 3, "name": "Oilcrops, Other"}, {"layer": 3, "name": "Cereals, Other"}, {"layer": 3, "name": "Cottonseed"}, {"layer": 3, "name": "Fruits, Other"}, {"layer": 3, "name": "Groundnuts"}, {"layer": 3, "name": "Pulses, Other"}, {"layer": 3, "name": "Sorghum"}, {"layer": 3, "name": "Sugar cane"}, {"layer": 3, "name": "Bananas"}, {"layer": 3, "name": "Millet"}, {"layer": 3, "name": "Sweet potatoes"}, {"layer": 3, "name": "Oranges, Mandarines"}, {"layer": 3, "name": "Onions"}, {"layer": 3, "name": "Cassava"}, {"layer": 1, "name": "Electricity", "fill": "#bcbd22"}, {"layer": 0, "name": "Fossil Fuels", "fill": "#c49c94"}, {"layer": 0, "name": "Renewables & Nuclear", "fill": "#2ca02c"}, {"layer": 1, "name": "Fertilizers", "fill": "#c5b0d5"}, {"layer": 0, "name": "Labor", "fill": "#7f7f7f"}], "links": [{"source": 0, "prod": 88.0, "target": 1, "value": 0.32558109417869724, "supply": [{"l": "Maize", "v": 0.32558109417869724}]}, {"source": 2, "prod": 1.0, "target": 1, "value": 0.0038157453110561797, "supply": [{"l": "Nuts", "v": 0.0038157453110561797}]}, {"source": 3, "prod": 8.0, "target": 1, "value": 0.0092408525900408173, "supply": [{"l": "Yams", "v": 0.0092408525900408173}]}, {"source": 4, "prod": 108.0, "target": 1, "value": 0.46588027483737093, "supply": [{"l": "Rice", "v": 0.46588027483737093}]}, {"source": 5, "prod": 6.0, "target": 1, "value": 0.0027095851012021279, "supply": [{"l": "Tomatoes", "v": 0.0027095851012021279}]}, {"source": 6, "prod": 2.0, "target": 1, "value": 0.0060488786992061068, "supply": [{"l": "Wheat", "v": 0.0060488786992061068}]}, {"source": 7, "prod": 1.0, "target": 1, "value": 0.0036516272331612904, "supply": [{"l": "Treenuts", "v": 0.0036516272331612904}]}, {"source": 8, "prod": 177.0, "target": 1, "value": 0.040874416401846247, "supply": [{"l": "Vegetables, Other", "v": 0.040874416401846247}]}, {"source": 9, "prod": 1.0, "target": 1, "value": 0.0036913188335217393, "supply": [{"l": "Pimento", "v": 0.0036913188335217393}]}, {"source": 10, "prod": 74.0, "target": 1, "value": 0.39266404091587503, "supply": [{"l": "Oilcrops, Other", "v": 0.39266404091587503}]}, {"source": 11, "prod": 20.0, "target": 1, "value": 0.074836159937963512, "supply": [{"l": "Cereals, Other", "v": 0.074836159937963512}]}, {"source": 12, "prod": 10.0, "target": 1, "value": 0.064598079586630441, "supply": [{"l": "Cottonseed", "v": 0.064598079586630441}]}, {"source": 13, "prod": 51.0, "target": 1, "value": 0.023557763828732318, "supply": [{"l": "Fruits, Other", "v": 0.023557763828732318}]}, {"source": 14, "prod": 107.0, "target": 1, "value": 0.69119945157694573, "supply": [{"l": "Groundnuts", "v": 0.69119945157694573}]}, {"source": 15, "prod": 28.0, "target": 1, "value": 0.11428891003788463, "supply": [{"l": "Pulses, Other", "v": 0.11428891003788463}]}, {"source": 16, "prod": 306.0, "target": 1, "value": 1.0389203479260587, "supply": [{"l": "Sorghum", "v": 1.0389203479260587}]}, {"source": 17, "prod": 25.0, "target": 1, "value": 0.0070281732757450331, "supply": [{"l": "Sugar cane", "v": 0.0070281732757450331}]}, {"source": 18, "prod": 24.0, "target": 1, "value": 0.015954425025422821, "supply": [{"l": "Bananas", "v": 0.015954425025422821}]}, {"source": 19, "prod": 414.0, "target": 1, "value": 1.432874223653908, "supply": [{"l": "Millet", "v": 1.432874223653908}]}, {"source": 20, "prod": 32.0, "target": 1, "value": 0.03658183116883304, "supply": [{"l": "Sweet potatoes", "v": 0.03658183116883304}]}, {"source": 21, "prod": 7.0, "target": 1, "value": 0.0021849350448419121, "supply": [{"l": "Oranges, Mandarines", "v": 0.0021849350448419121}]}, {"source": 22, "prod": 3.0, "target": 1, "value": 0.0024970686226764701, "supply": [{"l": "Onions", "v": 0.0024970686226764701}]}, {"source": 23, "prod": 30.0, "target": 1, "value": 0.03844543388875471, "supply": [{"l": "Cassava", "v": 0.03844543388875471}]}, {"source": 24, "prod": 0, "target": 0, "value": 1.5050963882200266e-06, "supply": "[{\"l\":'Energy for power irrigation',\"v\":1.5050963882200266e-06}]"}, {"source": 24, "prod": 0, "target": 13, "value": 8.0431076830805653e-07, "supply": "[{\"l\":'Energy for power irrigation',\"v\":8.0431076830805653e-07}]"}, {"source": 24, "prod": 0, "target": 3, "value": 1.2741556725672184e-07, "supply": "[{\"l\":'Energy for power irrigation',\"v\":1.2741556725672184e-07}]"}, {"source": 24, "prod": 0, "target": 4, "value": 1.72807363091929e-06, "supply": "[{\"l\":'Energy for power irrigation',\"v\":1.72807363091929e-06}]"}, {"source": 24, "prod": 0, "target": 5, "value": 9.5561675442541368e-08, "supply": "[{\"l\":'Energy for power irrigation',\"v\":9.5561675442541368e-08}]"}, {"source": 24, "prod": 0, "target": 11, "value": 3.344658640488948e-07, "supply": "[{\"l\":'Energy for power irrigation',\"v\":3.344658640488948e-07}]"}, {"source": 24, "prod": 0, "target": 6, "value": 1.8315987793153762e-07, "supply": "[{\"l\":'Energy for power irrigation',\"v\":1.8315987793153762e-07}]"}, {"source": 24, "prod": 0, "target": 7, "value": 4.7780837721270684e-08, "supply": "[{\"l\":'Energy for power irrigation',\"v\":4.7780837721270684e-08}]"}, {"source": 24, "prod": 0, "target": 8, "value": 2.8190694255549703e-06, "supply": "[{\"l\":'Energy for power irrigation',\"v\":2.8190694255549703e-06}]"}, {"source": 24, "prod": 0, "target": 14, "value": 1.7041832120586545e-06, "supply": "[{\"l\":'Energy for power irrigation',\"v\":1.7041832120586545e-06}]"}, {"source": 24, "prod": 0, "target": 10, "value": 1.1785939971246769e-06, "supply": "[{\"l\":'Energy for power irrigation',\"v\":1.1785939971246769e-06}]"}, {"source": 24, "prod": 0, "target": 12, "value": 1.7519640497799251e-07, "supply": "[{\"l\":'Energy for power irrigation',\"v\":1.7519640497799251e-07}]"}, {"source": 24, "prod": 0, "target": 2, "value": 4.7780837721270684e-08, "supply": "[{\"l\":'Energy for power irrigation',\"v\":4.7780837721270684e-08}]"}, {"source": 24, "prod": 0, "target": 9, "value": 1.592694590709023e-08, "supply": "[{\"l\":'Energy for power irrigation',\"v\":1.592694590709023e-08}]"}, {"source": 24, "prod": 0, "target": 15, "value": 4.4595448539852642e-07, "supply": "[{\"l\":'Energy for power irrigation',\"v\":4.4595448539852642e-07}]"}, {"source": 24, "prod": 0, "target": 16, "value": 4.8816089205231557e-06, "supply": "[{\"l\":'Energy for power irrigation',\"v\":4.8816089205231557e-06}]"}, {"source": 24, "prod": 0, "target": 17, "value": 3.9817364767725569e-07, "supply": "[{\"l\":'Energy for power irrigation',\"v\":3.9817364767725569e-07}]"}, {"source": 24, "prod": 0, "target": 18, "value": 3.8224670177016547e-07, "supply": "[{\"l\":'Energy for power irrigation',\"v\":3.8224670177016547e-07}]"}, {"source": 24, "prod": 0, "target": 19, "value": 6.5937556055353546e-06, "supply": "[{\"l\":'Energy for power irrigation',\"v\":6.5937556055353546e-06}]"}, {"source": 24, "prod": 0, "target": 20, "value": 5.0966226902688736e-07, "supply": "[{\"l\":'Energy for power irrigation',\"v\":5.0966226902688736e-07}]"}, {"source": 24, "prod": 0, "target": 21, "value": 1.114886213496316e-07, "supply": "[{\"l\":'Energy for power irrigation',\"v\":1.114886213496316e-07}]"}, {"source": 24, "prod": 0, "target": 22, "value": 4.7780837721270684e-08, "supply": "[{\"l\":'Energy for power irrigation',\"v\":4.7780837721270684e-08}]"}, {"source": 24, "prod": 0, "target": 23, "value": 4.8577185016625195e-07, "supply": "[{\"l\":'Energy for power irrigation',\"v\":4.8577185016625195e-07}]"}, {"source": 25, "prod": 0, "target": 24, "value": 1.8792366065039283e-05, "supply": [{"l": "Coal", "v": 1.3111330897193259e-06}, {"l": "Natural gas", "v": 2.4021860162859987e-06}, {"l": "Oil", "v": 1.5079046959033961e-05}]}, {"source": 26, "prod": 0, "target": 24, "value": 1.743677497609815e-05, "supply": [{"l": "Nuclear", "v": 0.0}, {"l": "Hydroelectric", "v": 1.7335780575130546e-05}, {"l": "Renewable", "v": 1.0099440096760424e-07}]}, {"source": 25, "prod": 0, "target": 0, "value": 0.0013271211979939909, "supply": [{"l": "Other fossil fuels", "v": 0.0013271211979939909}]}, {"source": 25, "prod": 0, "target": 13, "value": 0.00070920233331953997, "supply": [{"l": "Other fossil fuels", "v": 0.00070920233331953997}]}, {"source": 25, "prod": 0, "target": 3, "value": 0.00011234888448626377, "supply": [{"l": "Other fossil fuels", "v": 0.00011234888448626377}]}, {"source": 25, "prod": 0, "target": 4, "value": 0.0015237317458449524, "supply": [{"l": "Other fossil fuels", "v": 0.0015237317458449524}]}, {"source": 25, "prod": 0, "target": 5, "value": 8.426166336469782e-05, "supply": [{"l": "Other fossil fuels", "v": 8.426166336469782e-05}]}, {"source": 25, "prod": 0, "target": 11, "value": 0.00029491582177644239, "supply": [{"l": "Other fossil fuels", "v": 0.00029491582177644239}]}, {"source": 25, "prod": 0, "target": 6, "value": 0.00016150152144900416, "supply": [{"l": "Other fossil fuels", "v": 0.00016150152144900416}]}, {"source": 25, "prod": 0, "target": 7, "value": 4.213083168234891e-05, "supply": [{"l": "Other fossil fuels", "v": 4.213083168234891e-05}]}, {"source": 25, "prod": 0, "target": 8, "value": 0.0024857190692585858, "supply": [{"l": "Other fossil fuels", "v": 0.0024857190692585858}]}, {"source": 25, "prod": 0, "target": 14, "value": 0.0015026663300037779, "supply": [{"l": "Other fossil fuels", "v": 0.0015026663300037779}]}, {"source": 25, "prod": 0, "target": 10, "value": 0.0010392271814979399, "supply": [{"l": "Other fossil fuels", "v": 0.0010392271814979399}]}, {"source": 25, "prod": 0, "target": 12, "value": 0.00015447971616861268, "supply": [{"l": "Other fossil fuels", "v": 0.00015447971616861268}]}, {"source": 25, "prod": 0, "target": 2, "value": 4.213083168234891e-05, "supply": [{"l": "Other fossil fuels", "v": 4.213083168234891e-05}]}, {"source": 25, "prod": 0, "target": 9, "value": 1.4043610560782972e-05, "supply": [{"l": "Other fossil fuels", "v": 1.4043610560782972e-05}]}, {"source": 25, "prod": 0, "target": 15, "value": 0.00039322109570192324, "supply": [{"l": "Other fossil fuels", "v": 0.00039322109570192324}]}, {"source": 25, "prod": 0, "target": 16, "value": 0.0043043666368799806, "supply": [{"l": "Other fossil fuels", "v": 0.0043043666368799806}]}, {"source": 25, "prod": 0, "target": 17, "value": 0.0003510902640195743, "supply": [{"l": "Other fossil fuels", "v": 0.0003510902640195743}]}, {"source": 25, "prod": 0, "target": 18, "value": 0.00033704665345879128, "supply": [{"l": "Other fossil fuels", "v": 0.00033704665345879128}]}, {"source": 25, "prod": 0, "target": 19, "value": 0.0058140547721641503, "supply": [{"l": "Other fossil fuels", "v": 0.0058140547721641503}]}, {"source": 25, "prod": 0, "target": 20, "value": 0.00044939553794505509, "supply": [{"l": "Other fossil fuels", "v": 0.00044939553794505509}]}, {"source": 25, "prod": 0, "target": 21, "value": 9.830527392548081e-05, "supply": [{"l": "Other fossil fuels", "v": 9.830527392548081e-05}]}, {"source": 25, "prod": 0, "target": 22, "value": 4.213083168234891e-05, "supply": [{"l": "Other fossil fuels", "v": 4.213083168234891e-05}]}, {"source": 25, "prod": 0, "target": 23, "value": 0.00042833012210388065, "supply": [{"l": "Other fossil fuels", "v": 0.00042833012210388065}]}, {"source": 27, "prod": 0.040177326604401063, "target": 0, "value": 0.00048624356731968209, "supply": [{"l": "Potash", "v": 0.00019615067484800964}, {"l": "Phosphate", "v": 0.00086270833402349995}, {"l": "Nitrogen", "v": 0.0068985555610743985}]}, {"source": 27, "prod": 0.021470423211875696, "target": 13, "value": 0.00025984444602797824, "supply": [{"l": "Potash", "v": 0.00019615067484800964}, {"l": "Phosphate", "v": 0.00086270833402349995}, {"l": "Nitrogen", "v": 0.0068985555610743985}]}, {"source": 27, "prod": 0.0034012551622773384, "target": 3, "value": 4.1163476598491601e-05, "supply": [{"l": "Potash", "v": 0.00019615067484800964}, {"l": "Phosphate", "v": 0.00086270833402349995}, {"l": "Nitrogen", "v": 0.0068985555610743985}]}, {"source": 27, "prod": 0.046129523138386405, "target": 4, "value": 0.0005582796513670424, "supply": [{"l": "Potash", "v": 0.00019615067484800964}, {"l": "Phosphate", "v": 0.00086270833402349995}, {"l": "Nitrogen", "v": 0.0068985555610743985}]}, {"source": 27, "prod": 0.0025509413717080039, "target": 5, "value": 3.0872607448868704e-05, "supply": [{"l": "Potash", "v": 0.00019615067484800964}, {"l": "Phosphate", "v": 0.00086270833402349995}, {"l": "Nitrogen", "v": 0.0068985555610743985}]}, {"source": 27, "prod": 0.0089282948009780129, "target": 11, "value": 0.00010805412607104045, "supply": [{"l": "Potash", "v": 0.00019615067484800964}, {"l": "Phosphate", "v": 0.00086270833402349995}, {"l": "Nitrogen", "v": 0.0068985555610743985}]}, {"source": 27, "prod": 0.0048893042957736735, "target": 6, "value": 5.9172497610331679e-05, "supply": [{"l": "Potash", "v": 0.00019615067484800964}, {"l": "Phosphate", "v": 0.00086270833402349995}, {"l": "Nitrogen", "v": 0.0068985555610743985}]}, {"source": 27, "prod": 0.001275470685854002, "target": 7, "value": 1.5436303724434352e-05, "supply": [{"l": "Potash", "v": 0.00019615067484800964}, {"l": "Phosphate", "v": 0.00086270833402349995}, {"l": "Nitrogen", "v": 0.0068985555610743985}]}, {"source": 27, "prod": 0.075252770465386115, "target": 8, "value": 0.00091074191974162668, "supply": [{"l": "Potash", "v": 0.00019615067484800964}, {"l": "Phosphate", "v": 0.00086270833402349995}, {"l": "Nitrogen", "v": 0.0068985555610743985}]}, {"source": 27, "prod": 0.045491787795459399, "target": 14, "value": 0.00055056149950482517, "supply": [{"l": "Potash", "v": 0.00019615067484800964}, {"l": "Phosphate", "v": 0.00086270833402349995}, {"l": "Nitrogen", "v": 0.0068985555610743985}]}, {"source": 27, "prod": 0.031461610251065378, "target": 10, "value": 0.00038076215853604728, "supply": [{"l": "Potash", "v": 0.00019615067484800964}, {"l": "Phosphate", "v": 0.00086270833402349995}, {"l": "Nitrogen", "v": 0.0068985555610743985}]}, {"source": 27, "prod": 0.00467672584813134, "target": 12, "value": 5.6599780322925949e-05, "supply": [{"l": "Potash", "v": 0.00019615067484800964}, {"l": "Phosphate", "v": 0.00086270833402349995}, {"l": "Nitrogen", "v": 0.0068985555610743985}]}, {"source": 27, "prod": 0.001275470685854002, "target": 2, "value": 1.5436303724434352e-05, "supply": [{"l": "Potash", "v": 0.00019615067484800964}, {"l": "Phosphate", "v": 0.00086270833402349995}, {"l": "Nitrogen", "v": 0.0068985555610743985}]}, {"source": 27, "prod": 0.0004251568952846673, "target": 9, "value": 5.1454345748114501e-06, "supply": [{"l": "Potash", "v": 0.00019615067484800964}, {"l": "Phosphate", "v": 0.00086270833402349995}, {"l": "Nitrogen", "v": 0.0068985555610743985}]}, {"source": 27, "prod": 0.011904393067970686, "target": 15, "value": 0.00014407216809472062, "supply": [{"l": "Potash", "v": 0.00019615067484800964}, {"l": "Phosphate", "v": 0.00086270833402349995}, {"l": "Nitrogen", "v": 0.0068985555610743985}]}, {"source": 27, "prod": 0.13031058840475054, "target": 16, "value": 0.0015770756971797096, "supply": [{"l": "Potash", "v": 0.00019615067484800964}, {"l": "Phosphate", "v": 0.00086270833402349995}, {"l": "Nitrogen", "v": 0.0068985555610743985}]}, {"source": 27, "prod": 0.010628922382116683, "target": 17, "value": 0.00012863586437028625, "supply": [{"l": "Potash", "v": 0.00019615067484800964}, {"l": "Phosphate", "v": 0.00086270833402349995}, {"l": "Nitrogen", "v": 0.0068985555610743985}]}, {"source": 27, "prod": 0.010203765486832016, "target": 18, "value": 0.00012349042979547482, "supply": [{"l": "Potash", "v": 0.00019615067484800964}, {"l": "Phosphate", "v": 0.00086270833402349995}, {"l": "Nitrogen", "v": 0.0068985555610743985}]}, {"source": 27, "prod": 0.17601495464785225, "target": 19, "value": 0.0021302099139719403, "supply": [{"l": "Potash", "v": 0.00019615067484800964}, {"l": "Phosphate", "v": 0.00086270833402349995}, {"l": "Nitrogen", "v": 0.0068985555610743985}]}, {"source": 27, "prod": 0.013605020649109354, "target": 20, "value": 0.0001646539063939664, "supply": [{"l": "Potash", "v": 0.00019615067484800964}, {"l": "Phosphate", "v": 0.00086270833402349995}, {"l": "Nitrogen", "v": 0.0068985555610743985}]}, {"source": 27, "prod": 0.0029760982669926714, "target": 21, "value": 3.6018042023680156e-05, "supply": [{"l": "Potash", "v": 0.00019615067484800964}, {"l": "Phosphate", "v": 0.00086270833402349995}, {"l": "Nitrogen", "v": 0.0068985555610743985}]}, {"source": 27, "prod": 0.001275470685854002, "target": 22, "value": 1.5436303724434352e-05, "supply": [{"l": "Potash", "v": 0.00019615067484800964}, {"l": "Phosphate", "v": 0.00086270833402349995}, {"l": "Nitrogen", "v": 0.0068985555610743985}]}, {"source": 27, "prod": 0.012967285306182352, "target": 23, "value": 0.00015693575453174923, "supply": [{"l": "Potash", "v": 0.00019615067484800964}, {"l": "Phosphate", "v": 0.00086270833402349995}, {"l": "Nitrogen", "v": 0.0068985555610743985}]}, {"source": 25, "prod": 0, "target": 27, "value": 0.0095396882686851533, "supply": [{"l": "Natural gas (including LNG)", "v": 0.006476709540455654}, {"l": "Fuel oil", "v": 0.00184351287697144}, {"l": "Liquefied petroleum gas (LPG)", "v": 0.00060973292562902924}, {"l": "Coal", "v": 0.00060973292562902924}]}, {"source": 28, "prod": 0, "target": 0, "value": 0.036410132392642722, "supply": "[{\"l\":'Labor',\"v\":0.036410132392642722}]"}, {"source": 28, "prod": 0, "target": 13, "value": 0.01945726651670325, "supply": "[{\"l\":'Labor',\"v\":0.01945726651670325}]"}, {"source": 28, "prod": 0, "target": 3, "value": 0.0030823392501708124, "supply": "[{\"l\":'Labor',\"v\":0.0030823392501708124}]"}, {"source": 28, "prod": 0, "target": 4, "value": 0.041804226080441646, "supply": "[{\"l\":'Labor',\"v\":0.041804226080441646}]"}, {"source": 28, "prod": 0, "target": 5, "value": 0.0023117544376281092, "supply": "[{\"l\":'Labor',\"v\":0.0023117544376281092}]"}, {"source": 28, "prod": 0, "target": 11, "value": 0.0080911405316983816, "supply": "[{\"l\":'Labor',\"v\":0.0080911405316983816}]"}, {"source": 28, "prod": 0, "target": 6, "value": 0.0044308626721205422, "supply": "[{\"l\":'Labor',\"v\":0.0044308626721205422}]"}, {"source": 28, "prod": 0, "target": 7, "value": 0.0011558772188140546, "supply": "[{\"l\":'Labor',\"v\":0.0011558772188140546}]"}, {"source": 28, "prod": 0, "target": 8, "value": 0.068196755910029216, "supply": "[{\"l\":'Labor',\"v\":0.068196755910029216}]"}, {"source": 28, "prod": 0, "target": 14, "value": 0.041226287471034614, "supply": "[{\"l\":'Labor',\"v\":0.041226287471034614}]"}, {"source": 28, "prod": 0, "target": 10, "value": 0.028511638064080011, "supply": "[{\"l\":'Labor',\"v\":0.028511638064080011}]"}, {"source": 28, "prod": 0, "target": 12, "value": 0.0042382164689848669, "supply": "[{\"l\":'Labor',\"v\":0.0042382164689848669}]"}, {"source": 28, "prod": 0, "target": 2, "value": 0.0011558772188140546, "supply": "[{\"l\":'Labor',\"v\":0.0011558772188140546}]"}, {"source": 28, "prod": 0, "target": 9, "value": 0.00038529240627135155, "supply": "[{\"l\":'Labor',\"v\":0.00038529240627135155}]"}, {"source": 28, "prod": 0, "target": 15, "value": 0.010788187375597844, "supply": "[{\"l\":'Labor',\"v\":0.010788187375597844}]"}, {"source": 28, "prod": 0, "target": 16, "value": 0.11809212252216925, "supply": "[{\"l\":'Labor',\"v\":0.11809212252216925}]"}, {"source": 28, "prod": 0, "target": 17, "value": 0.0096323101567837872, "supply": "[{\"l\":'Labor',\"v\":0.0096323101567837872}]"}, {"source": 28, "prod": 0, "target": 18, "value": 0.0092470177505124367, "supply": "[{\"l\":'Labor',\"v\":0.0092470177505124367}]"}, {"source": 28, "prod": 0, "target": 19, "value": 0.15951105619633954, "supply": "[{\"l\":'Labor',\"v\":0.15951105619633954}]"}, {"source": 28, "prod": 0, "target": 20, "value": 0.012329357000683249, "supply": "[{\"l\":'Labor',\"v\":0.012329357000683249}]"}, {"source": 28, "prod": 0, "target": 21, "value": 0.002697046843899461, "supply": "[{\"l\":'Labor',\"v\":0.002697046843899461}]"}, {"source": 28, "prod": 0, "target": 22, "value": 0.0011558772188140546, "supply": "[{\"l\":'Labor',\"v\":0.0011558772188140546}]"}, {"source": 28, "prod": 0, "target": 23, "value": 0.011751418391276221, "supply": "[{\"l\":'Labor',\"v\":0.011751418391276221}]"}]}