{"nodes": [{"layer": 5, "name": "Maize"}, {"layer": 10, "name": "Feed", "fill": "#dbdb8d"}, {"layer": 5, "name": "Millet"}, {"layer": 5, "name": "Sorghum"}, {"layer": 5, "name": "Cereals, Other"}, {"layer": 5, "name": "Cassava"}, {"layer": 16, "name": "Food", "fill": "#b5cf6b"}, {"layer": 5, "name": "Fruits, Other"}, {"layer": 5, "name": "Yams"}, {"layer": 13, "name": "Sugar", "fill": "#d6616b"}, {"layer": 13, "name": "Beer"}, {"layer": 13, "name": "Groundnut Oil"}, {"layer": 5, "name": "Rice"}, {"layer": 13, "name": "Meat, Other"}, {"layer": 5, "name": "Tomatoes"}, {"layer": 13, "name": "Fats, Animals, Raw"}, {"layer": 5, "name": "Wheat"}, {"layer": 5, "name": "Treenuts"}, {"layer": 13, "name": "Eggs"}, {"layer": 5, "name": "Vegetables, Other"}, {"layer": 5, "name": "Pimento"}, {"layer": 13, "name": "Pigmeat"}, {"layer": 5, "name": "Nuts"}, {"layer": 13, "name": "Freshwater Fish"}, {"layer": 5, "name": "Groundnuts"}, {"layer": 13, "name": "Milk - Excluding Butter"}, {"layer": 5, "name": "Pulses, Other"}, {"layer": 13, "name": "Fish, Seafood"}, {"layer": 13, "name": "Oilcrops Oil, Other"}, {"layer": 13, "name": "Mutton & Goat Meat"}, {"layer": 5, "name": "Bananas"}, {"layer": 13, "name": "Beverages, Fermented"}, {"layer": 13, "name": "Bovine Meat"}, {"layer": 13, "name": "Poultry Meat"}, {"layer": 13, "name": "Offals, Edible"}, {"layer": 5, "name": "Sweet potatoes"}, {"layer": 5, "name": "Oranges, Mandarines"}, {"layer": 5, "name": "Onions"}, {"layer": 10, "name": "Processing", "fill": "#9edae5"}, {"layer": 5, "name": "Oilcrops, Other"}, {"layer": 5, "name": "Sugar cane"}, {"layer": 5, "name": "Cottonseed"}, {"layer": 16, "name": "Biofuels & Other", "fill": "#e7ba52"}, {"layer": 13, "name": "Palm Oil"}, {"name": "Waste", "fill": "#c7c7c7"}, {"layer": 2, "name": "Import", "fill": "#aec7e8"}, {"layer": 16, "name": "Export", "fill": "#aec7e8"}, {"layer": 0, "name": "Stock Draw", "fill": "#c7c7c7"}, {"name": "Crop Residue", "fill": "#bd9e39"}, {"layer": 2, "name": "Electricity", "fill": "#bcbd22"}, {"layer": 0, "name": "Fossil Fuels", "fill": "#c49c94"}, {"layer": 0, "name": "Renewables & Nuclear", "fill": "#2ca02c"}, {"layer": 2, "name": "Fertilizers", "fill": "#c5b0d5"}, {"layer": 0, "name": "Labor", "fill": "#7f7f7f"}], "links": [{"source": 0, "prod": 19.0, "target": 1, "value": 0.070164111299148707, "supply": [{"l": "Maize", "v": 0.070164111299148707}]}, {"source": 2, "prod": 49.0, "target": 1, "value": 0.1695835626019418, "supply": [{"l": "Millet", "v": 0.1695835626019418}]}, {"source": 3, "prod": 36.0, "target": 1, "value": 0.12215923858129968, "supply": [{"l": "Sorghum", "v": 0.12215923858129968}]}, {"source": 4, "prod": 3.0, "target": 1, "value": 0.011139405416053192, "supply": [{"l": "Cereals, Other", "v": 0.011139405416053192}]}, {"source": 5, "prod": 2.0, "target": 1, "value": 0.0025635979820728245, "supply": [{"l": "Cassava", "v": 0.0025635979820728245}]}, {"source": 0, "prod": 67.0, "target": 6, "value": 0.24742081352857703, "supply": [{"l": "Maize", "v": 0.24742081352857703}]}, {"source": 7, "prod": 51.0, "target": 6, "value": 0.023583425880833331, "supply": [{"l": "Fruits, Other", "v": 0.023583425880833331}]}, {"source": 8, "prod": 8.0, "target": 6, "value": 0.0089368771758947391, "supply": [{"l": "Yams", "v": 0.0089368771758947391}]}, {"source": 9, "prod": 37.0, "target": 6, "value": 0.1532347476744878, "supply": [{"l": "Sugar", "v": 0.1532347476744878}]}, {"source": 10, "prod": 1.0, "target": 6, "value": 0.00053896825773609442, "supply": [{"l": "Beer", "v": 0.00053896825773609442}]}, {"source": 11, "prod": 15.0, "target": 6, "value": 0.15346193315981116, "supply": [{"l": "Groundnut Oil", "v": 0.15346193315981116}]}, {"source": 12, "prod": 95.0, "target": 6, "value": 0.40778114168552032, "supply": [{"l": "Rice", "v": 0.40778114168552032}]}, {"source": 13, "prod": 18.0, "target": 6, "value": 0.0234387422864724, "supply": [{"l": "Meat, Other", "v": 0.0234387422864724}]}, {"source": 14, "prod": 5.0, "target": 6, "value": 0.0022109461763281254, "supply": [{"l": "Tomatoes", "v": 0.0022109461763281254}]}, {"source": 15, "prod": 3.0, "target": 6, "value": 0.029563508872044647, "supply": [{"l": "Fats, Animals, Raw", "v": 0.029563508872044647}]}, {"source": 16, "prod": 12.0, "target": 6, "value": 0.036735721083605767, "supply": [{"l": "Wheat", "v": 0.036735721083605767}]}, {"source": 17, "prod": 7.0, "target": 6, "value": 0.025941768468916666, "supply": [{"l": "Treenuts", "v": 0.025941768468916666}]}, {"source": 18, "prod": 4.0, "target": 6, "value": 0.0067920266536800012, "supply": [{"l": "Eggs", "v": 0.0067920266536800012}]}, {"source": 19, "prod": 184.0, "target": 6, "value": 0.040213240787233193, "supply": [{"l": "Vegetables, Other", "v": 0.040213240787233193}]}, {"source": 20, "prod": 1.0, "target": 6, "value": 0.003144456784111111, "supply": [{"l": "Pimento", "v": 0.003144456784111111}]}, {"source": 21, "prod": 1.0, "target": 6, "value": 0.002497068622676471, "supply": [{"l": "Pigmeat", "v": 0.002497068622676471}]}, {"source": 4, "prod": 24.0, "target": 6, "value": 0.089115243328425534, "supply": [{"l": "Cereals, Other", "v": 0.089115243328425534}]}, {"source": 22, "prod": 7.0, "target": 6, "value": 0.027238856892362499, "supply": [{"l": "Nuts", "v": 0.027238856892362499}]}, {"source": 23, "prod": 65.0, "target": 6, "value": 0.045117001491473754, "supply": [{"l": "Freshwater Fish", "v": 0.045117001491473754}]}, {"source": 24, "prod": 6.0, "target": 6, "value": 0.038591060532272722, "supply": [{"l": "Groundnuts", "v": 0.038591060532272722}]}, {"source": 25, "prod": 339.0, "target": 6, "value": 0.30950081232892296, "supply": [{"l": "Milk - Excluding Butter", "v": 0.30950081232892296}]}, {"source": 26, "prod": 28.0, "target": 6, "value": 0.11320044422800001, "supply": [{"l": "Pulses, Other", "v": 0.11320044422800001}]}, {"source": 27, "prod": 65.0, "target": 6, "value": 0.04488523607285317, "supply": [{"l": "Fish, Seafood", "v": 0.04488523607285317}]}, {"source": 28, "prod": 13.0, "target": 6, "value": 0.10844256529483626, "supply": [{"l": "Oilcrops Oil, Other", "v": 0.10844256529483626}]}, {"source": 3, "prod": 280.0, "target": 6, "value": 0.95012741118788624, "supply": [{"l": "Sorghum", "v": 0.95012741118788624}]}, {"source": 29, "prod": 33.0, "target": 6, "value": 0.069207511792714657, "supply": [{"l": "Mutton & Goat Meat", "v": 0.069207511792714657}]}, {"source": 30, "prod": 24.0, "target": 6, "value": 0.016508398116583337, "supply": [{"l": "Bananas", "v": 0.016508398116583337}]}, {"source": 31, "prod": 35.0, "target": 6, "value": 0.011924204097050563, "supply": [{"l": "Beverages, Fermented", "v": 0.011924204097050563}]}, {"source": 32, "prod": 44.0, "target": 6, "value": 0.080590671588715745, "supply": [{"l": "Bovine Meat", "v": 0.080590671588715745}]}, {"source": 2, "prod": 370.0, "target": 6, "value": 1.2805289420962953, "supply": [{"l": "Millet", "v": 1.2805289420962953}]}, {"source": 33, "prod": 10.0, "target": 6, "value": 0.014150055528500001, "supply": [{"l": "Poultry Meat", "v": 0.014150055528500001}]}, {"source": 34, "prod": 16.0, "target": 6, "value": 0.021006268001072165, "supply": [{"l": "Offals, Edible", "v": 0.021006268001072165}]}, {"source": 35, "prod": 32.0, "target": 6, "value": 0.035131172346620693, "supply": [{"l": "Sweet potatoes", "v": 0.035131172346620693}]}, {"source": 36, "prod": 8.0, "target": 6, "value": 0.002497068622676471, "supply": [{"l": "Oranges, Mandarines", "v": 0.002497068622676471}]}, {"source": 37, "prod": 3.0, "target": 6, "value": 0.0025989897909489794, "supply": [{"l": "Onions", "v": 0.0025989897909489794}]}, {"source": 5, "prod": 31.0, "target": 6, "value": 0.039735768722128778, "supply": [{"l": "Cassava", "v": 0.039735768722128778}]}, {"source": 2, "prod": 8.0, "target": 38, "value": 0.027687112261541514, "supply": [{"l": "Millet", "v": 0.027687112261541514}]}, {"source": 39, "prod": 78.0, "target": 38, "value": 0.47301614195271435, "supply": [{"l": "Oilcrops, Other", "v": 0.47301614195271435}]}, {"source": 24, "prod": 39.0, "target": 38, "value": 0.2508418934597727, "supply": [{"l": "Groundnuts", "v": 0.2508418934597727}]}, {"source": 40, "prod": 37.0, "target": 38, "value": 0.014476093674317972, "supply": [{"l": "Sugar cane", "v": 0.014476093674317972}]}, {"source": 41, "prod": 11.0, "target": 42, "value": 0.070750277642500012, "supply": [{"l": "Cottonseed", "v": 0.070750277642500012}]}, {"source": 23, "prod": 23.0, "target": 42, "value": 0.015964477450829177, "supply": [{"l": "Freshwater Fish", "v": 0.015964477450829177}]}, {"source": 27, "prod": 23.0, "target": 42, "value": 0.015882468148855737, "supply": [{"l": "Fish, Seafood", "v": 0.015882468148855737}]}, {"source": 43, "prod": 3.0, "target": 42, "value": 0.031837624939125002, "supply": [{"l": "Palm Oil", "v": 0.031837624939125002}]}, {"source": 28, "prod": 2.0, "target": 42, "value": 0.016683471583820962, "supply": [{"l": "Oilcrops Oil, Other", "v": 0.016683471583820962}]}, {"source": 40, "prod": 13.0, "target": 42, "value": 0.005086195074760368, "supply": [{"l": "Sugar cane", "v": 0.005086195074760368}]}, {"source": 0, "prod": 4.0, "target": 0, "value": 0.01477139185245236, "supply": [{"l": "Maize", "v": 0.01477139185245236}]}, {"source": 41, "prod": 5.0, "target": 41, "value": 0.032159217110227276, "supply": [{"l": "Cottonseed", "v": 0.032159217110227276}]}, {"source": 18, "prod": 1.0, "target": 18, "value": 0.0016980066634200003, "supply": [{"l": "Eggs", "v": 0.0016980066634200003}]}, {"source": 2, "prod": 19.0, "target": 2, "value": 0.065756891621161093, "supply": [{"l": "Millet", "v": 0.065756891621161093}]}, {"source": 24, "prod": 10.0, "target": 24, "value": 0.064318434220454551, "supply": [{"l": "Groundnuts", "v": 0.064318434220454551}]}, {"source": 12, "prod": 9.0, "target": 12, "value": 0.038631897633365081, "supply": [{"l": "Rice", "v": 0.038631897633365081}]}, {"source": 3, "prod": 13.0, "target": 3, "value": 0.044113058376580437, "supply": [{"l": "Sorghum", "v": 0.044113058376580437}]}, {"source": 0, "prod": 6.0, "target": 44, "value": 0.022157087778678541, "supply": [{"l": "Maize", "v": 0.022157087778678541}]}, {"source": 4, "prod": 2.0, "target": 44, "value": 0.0074262702773687942, "supply": [{"l": "Cereals, Other", "v": 0.0074262702773687942}]}, {"source": 18, "prod": 2.0, "target": 44, "value": 0.0033960133268400006, "supply": [{"l": "Eggs", "v": 0.0033960133268400006}]}, {"source": 19, "prod": 9.0, "target": 44, "value": 0.0019669519950277106, "supply": [{"l": "Vegetables, Other", "v": 0.0019669519950277106}]}, {"source": 7, "prod": 2.0, "target": 44, "value": 0.00092484023062091507, "supply": [{"l": "Fruits, Other", "v": 0.00092484023062091507}]}, {"source": 2, "prod": 42.0, "target": 44, "value": 0.14535733937309295, "supply": [{"l": "Millet", "v": 0.14535733937309295}]}, {"source": 25, "prod": 7.0, "target": 44, "value": 0.0063908722309807108, "supply": [{"l": "Milk - Excluding Butter", "v": 0.0063908722309807108}]}, {"source": 35, "prod": 2.0, "target": 44, "value": 0.0021956982716637933, "supply": [{"l": "Sweet potatoes", "v": 0.0021956982716637933}]}, {"source": 24, "prod": 1.0, "target": 44, "value": 0.0064318434220454546, "supply": [{"l": "Groundnuts", "v": 0.0064318434220454546}]}, {"source": 12, "prod": 7.0, "target": 44, "value": 0.030047031492617286, "supply": [{"l": "Rice", "v": 0.030047031492617286}]}, {"source": 3, "prod": 31.0, "target": 44, "value": 0.10519267766723027, "supply": [{"l": "Sorghum", "v": 0.10519267766723027}]}, {"source": 14, "prod": 1.0, "target": 44, "value": 0.00044218923526562502, "supply": [{"l": "Tomatoes", "v": 0.00044218923526562502}]}, {"source": 45, "prod": 1.0, "target": 4, "value": 0.0037131351386843971, "supply": [{"l": "Cereals, Other", "v": 0.0037131351386843971}]}, {"source": 45, "prod": 10.0, "target": 16, "value": 0.030613100903004811, "supply": [{"l": "Wheat", "v": 0.030613100903004811}]}, {"source": 45, "prod": 1.0, "target": 1, "value": 0.00091298174728295849, "supply": [{"l": "Milk - Excluding Butter", "v": 0.00091298174728295849}]}, {"source": 45, "prod": 6.0, "target": 22, "value": 0.023347591622025002, "supply": [{"l": "Nuts", "v": 0.023347591622025002}]}, {"source": 45, "prod": 38.0, "target": 38, "value": 0.17889992516118491, "supply": [{"l": "Beer", "v": 0.00053896825773609442}, {"l": "Fats, Animals, Raw", "v": 0.0098545029573482157}, {"l": "Palm Oil", "v": 0.031837624939125002}, {"l": "Sugar", "v": 0.13666882900697561}]}, {"source": 45, "prod": 6.0, "target": 17, "value": 0.022235801544785713, "supply": [{"l": "Treenuts", "v": 0.022235801544785713}]}, {"source": 41, "prod": 10.0, "target": 46, "value": 0.064318434220454551, "supply": [{"l": "Cottonseed", "v": 0.064318434220454551}]}, {"source": 32, "prod": 1.0, "target": 46, "value": 0.0018316061724708121, "supply": [{"l": "Bovine Meat", "v": 0.0018316061724708121}]}, {"source": 23, "prod": 18.0, "target": 46, "value": 0.012493938874561966, "supply": [{"l": "Freshwater Fish", "v": 0.012493938874561966}]}, {"source": 27, "prod": 18.0, "target": 46, "value": 0.012429757681713187, "supply": [{"l": "Fish, Seafood", "v": 0.012429757681713187}]}, {"source": 24, "prod": 11.0, "target": 46, "value": 0.070750277642500012, "supply": [{"l": "Groundnuts", "v": 0.070750277642500012}]}, {"source": 39, "prod": 2.0, "target": 46, "value": 0.012128619024428572, "supply": [{"l": "Oilcrops, Other", "v": 0.012128619024428572}]}, {"source": 37, "prod": 1.0, "target": 46, "value": 0.00086632993031632646, "supply": [{"l": "Onions", "v": 0.00086632993031632646}]}, {"source": 28, "prod": 1.0, "target": 46, "value": 0.0083417357919104811, "supply": [{"l": "Oilcrops Oil, Other", "v": 0.0083417357919104811}]}, {"source": 47, "prod": 51.0, "target": 2, "value": 0.17650534066732718, "supply": [{"l": "Millet", "v": 0.17650534066732718}]}, {"source": 47, "prod": 20.0, "target": 12, "value": 0.085848661407477961, "supply": [{"l": "Rice", "v": 0.085848661407477961}]}, {"source": 47, "prod": 39.0, "target": 3, "value": 0.1323391751297413, "supply": [{"l": "Sorghum", "v": 0.1323391751297413}]}, {"source": 47, "prod": 5.0, "target": 0, "value": 0.018464239815565452, "supply": [{"l": "Maize", "v": 0.018464239815565452}]}, {"source": 1, "prod": 10.0, "target": 33, "value": 0.014150055528500001, "supply": [{"l": "Poultry Meat", "v": 0.014150055528500001}]}, {"source": 1, "prod": 1.0, "target": 21, "value": 0.002497068622676471, "supply": [{"l": "Pigmeat", "v": 0.002497068622676471}]}, {"source": 1, "prod": 45.0, "target": 32, "value": 0.08242227776118656, "supply": [{"l": "Bovine Meat", "v": 0.08242227776118656}]}, {"source": 1, "prod": 106.0, "target": 23, "value": 0.073575417816864899, "supply": [{"l": "Freshwater Fish", "v": 0.073575417816864899}]}, {"source": 1, "prod": 346.0, "target": 25, "value": 0.31589168455990368, "supply": [{"l": "Milk - Excluding Butter", "v": 0.31589168455990368}]}, {"source": 1, "prod": 16.0, "target": 34, "value": 0.021006268001072165, "supply": [{"l": "Offals, Edible", "v": 0.021006268001072165}]}, {"source": 1, "prod": 106.0, "target": 27, "value": 0.073197461903422092, "supply": [{"l": "Fish, Seafood", "v": 0.073197461903422092}]}, {"source": 1, "prod": 18.0, "target": 13, "value": 0.0234387422864724, "supply": [{"l": "Meat, Other", "v": 0.0234387422864724}]}, {"source": 1, "prod": 6.0, "target": 18, "value": 0.010188039980520001, "supply": [{"l": "Eggs", "v": 0.011886046643940003}]}, {"source": 1, "prod": 33.0, "target": 29, "value": 0.069207511792714657, "supply": [{"l": "Mutton & Goat Meat", "v": 0.069207511792714657}]}, {"source": 38, "prod": 3.0, "target": 15, "value": 0.029563508872044647, "supply": [{"l": "Fats, Animals, Raw", "v": 0.029563508872044647}]}, {"source": 38, "prod": 35.0, "target": 31, "value": 0.011924204097050563, "supply": [{"l": "Beverages, Fermented", "v": 0.011924204097050563}]}, {"source": 38, "prod": 37.0, "target": 9, "value": 0.1532347476744878, "supply": [{"l": "Sugar", "v": 0.1532347476744878}]}, {"source": 38, "prod": 1.0, "target": 10, "value": 0.00053896825773609442, "supply": [{"l": "Beer", "v": 0.00053896825773609442}]}, {"source": 38, "prod": 15.0, "target": 11, "value": 0.15346193315981116, "supply": [{"l": "Groundnut Oil", "v": 0.15346193315981116}]}, {"source": 38, "prod": 3.0, "target": 43, "value": 0.031837624939125002, "supply": [{"l": "Palm Oil", "v": 0.031837624939125002}]}, {"source": 38, "prod": 16.0, "target": 28, "value": 0.1334677726705677, "supply": [{"l": "Oilcrops Oil, Other", "v": 0.1334677726705677}]}, {"source": 0, "prod": 187.0, "target": 48, "value": 0.65200666541999996, "supply": [{"l": "Maize", "v": 0.65200666541999996}]}, {"source": 5, "prod": 16.5, "target": 48, "value": 0.05752999989000001, "supply": [{"l": "Cassava", "v": 0.05752999989000001}]}, {"source": 16, "prod": 14.0, "target": 48, "value": 0.048813333239999993, "supply": [{"l": "Wheat", "v": 0.048813333239999993}]}, {"source": 4, "prod": 57.0, "target": 48, "value": 0.19873999962000002, "supply": [{"l": "Cereals, Other", "v": 0.19873999962000002}]}, {"source": 41, "prod": 26.0, "target": 48, "value": 0.090653333160000016, "supply": [{"l": "Cottonseed", "v": 0.090653333160000016}]}, {"source": 37, "prod": 4.0, "target": 48, "value": 0.013946666640000001, "supply": [{"l": "Onions", "v": 0.013946666640000001}]}, {"source": 19, "prod": 193.0, "target": 48, "value": 0.6729266653799999, "supply": [{"l": "Vegetables, Other", "v": 0.6729266653799999}]}, {"source": 8, "prod": 4.25, "target": 48, "value": 0.014818333305, "supply": [{"l": "Yams", "v": 0.014818333305}]}, {"source": 2, "prod": 924.0, "target": 48, "value": 3.22167999384, "supply": [{"l": "Millet", "v": 3.22167999384}]}, {"source": 35, "prod": 17.0, "target": 48, "value": 0.059273333220000002, "supply": [{"l": "Sweet potatoes", "v": 0.059273333220000002}]}, {"source": 26, "prod": 28.0, "target": 48, "value": 0.097626666480000013, "supply": [{"l": "Pulses, Other", "v": 0.097626666480000013}]}, {"source": 24, "prod": 67.0, "target": 48, "value": 0.23360666622000001, "supply": [{"l": "Groundnuts", "v": 0.23360666622000001}]}, {"source": 39, "prod": 80.0, "target": 48, "value": 0.26299428521142865, "supply": [{"l": "Oilcrops, Other", "v": 0.26299428521142865}]}, {"source": 12, "prod": 202.0, "target": 48, "value": 0.70430666531999997, "supply": [{"l": "Rice", "v": 0.70430666531999997}]}, {"source": 3, "prod": 681.0, "target": 48, "value": 2.3744199954599998, "supply": [{"l": "Sorghum", "v": 2.3744199954599998}]}, {"source": 14, "prod": 6.0, "target": 48, "value": 0.020919999960000001, "supply": [{"l": "Tomatoes", "v": 0.020919999960000001}]}, {"source": 40, "prod": 20.0, "target": 48, "value": 0.0078249154996313363, "supply": [{"l": "Sugar cane", "v": 0.0078249154996313363}]}, {"source": 49, "prod": 0, "target": 0, "value": 2.0645080126982708e-06, "supply": "[{\"l\":'Energy for power irrigation',\"v\":2.0645080126982708e-06}]"}, {"source": 49, "prod": 0, "target": 7, "value": 1.1702558788557043e-06, "supply": "[{\"l\":'Energy for power irrigation',\"v\":1.1702558788557043e-06}]"}, {"source": 49, "prod": 0, "target": 8, "value": 1.876825466089337e-07, "supply": "[{\"l\":'Energy for power irrigation',\"v\":1.876825466089337e-07}]"}, {"source": 49, "prod": 0, "target": 12, "value": 2.2301102597061533e-06, "supply": "[{\"l\":'Energy for power irrigation',\"v\":2.2301102597061533e-06}]"}, {"source": 49, "prod": 0, "target": 14, "value": 1.3248179760630614e-07, "supply": "[{\"l\":'Energy for power irrigation',\"v\":1.3248179760630614e-07}]"}, {"source": 49, "prod": 0, "target": 4, "value": 6.2928853862995416e-07, "supply": "[{\"l\":'Energy for power irrigation',\"v\":6.2928853862995416e-07}]"}, {"source": 49, "prod": 0, "target": 16, "value": 1.5456209720735715e-07, "supply": "[{\"l\":'Energy for power irrigation',\"v\":1.5456209720735715e-07}]"}, {"source": 49, "prod": 0, "target": 17, "value": 8.8321198404204087e-08, "supply": "[{\"l\":'Energy for power irrigation',\"v\":8.8321198404204087e-08}]"}, {"source": 49, "prod": 0, "target": 19, "value": 4.2614978230028469e-06, "supply": "[{\"l\":'Energy for power irrigation',\"v\":4.2614978230028469e-06}]"}, {"source": 49, "prod": 0, "target": 24, "value": 1.4793800732704187e-06, "supply": "[{\"l\":'Energy for power irrigation',\"v\":1.4793800732704187e-06}]"}, {"source": 49, "prod": 0, "target": 39, "value": 1.7664239680840818e-06, "supply": "[{\"l\":'Energy for power irrigation',\"v\":1.7664239680840818e-06}]"}, {"source": 49, "prod": 0, "target": 41, "value": 5.7408778962732668e-07, "supply": "[{\"l\":'Energy for power irrigation',\"v\":5.7408778962732668e-07}]"}, {"source": 49, "prod": 0, "target": 22, "value": 8.8321198404204087e-08, "supply": "[{\"l\":'Energy for power irrigation',\"v\":8.8321198404204087e-08}]"}, {"source": 49, "prod": 0, "target": 20, "value": 3.3120449401576536e-08, "supply": "[{\"l\":'Energy for power irrigation',\"v\":3.3120449401576536e-08}]"}, {"source": 49, "prod": 0, "target": 26, "value": 6.1824838882942858e-07, "supply": "[{\"l\":'Energy for power irrigation',\"v\":6.1824838882942858e-07}]"}, {"source": 49, "prod": 0, "target": 3, "value": 7.5183420141578732e-06, "supply": "[{\"l\":'Energy for power irrigation',\"v\":7.5183420141578732e-06}]"}, {"source": 49, "prod": 0, "target": 40, "value": 1.1040149800525513e-06, "supply": "[{\"l\":'Energy for power irrigation',\"v\":1.1040149800525513e-06}]"}, {"source": 49, "prod": 0, "target": 30, "value": 5.2992719042522457e-07, "supply": "[{\"l\":'Energy for power irrigation',\"v\":5.2992719042522457e-07}]"}, {"source": 49, "prod": 0, "target": 2, "value": 1.0201098415685574e-05, "supply": "[{\"l\":'Energy for power irrigation',\"v\":1.0201098415685574e-05}]"}, {"source": 49, "prod": 0, "target": 35, "value": 7.507301864357348e-07, "supply": "[{\"l\":'Energy for power irrigation',\"v\":7.507301864357348e-07}]"}, {"source": 49, "prod": 0, "target": 36, "value": 1.7664239680840817e-07, "supply": "[{\"l\":'Energy for power irrigation',\"v\":1.7664239680840817e-07}]"}, {"source": 49, "prod": 0, "target": 37, "value": 8.8321198404204087e-08, "supply": "[{\"l\":'Energy for power irrigation',\"v\":8.8321198404204087e-08}]"}, {"source": 49, "prod": 0, "target": 5, "value": 7.2864988683468375e-07, "supply": "[{\"l\":'Energy for power irrigation',\"v\":7.2864988683468375e-07}]"}, {"source": 49, "prod": 0, "target": 38, "value": 0.00028078560061172857, "supply": "[{\"l\":'Electricity',\"v\":0.00028078560061172857}]"}, {"source": 50, "prod": 0, "target": 49, "value": 0.00024137159714563125, "supply": [{"l": "Coal", "v": 1.6893465481810834e-05}, {"l": "Natural gas", "v": 3.0190182333233084e-05}, {"l": "Oil", "v": 0.00019428794933058733}]}, {"source": 51, "prod": 0, "target": 49, "value": 0.00022466640380182539, "supply": [{"l": "Nuclear", "v": 0.0}, {"l": "Hydroelectric", "v": 0.0002233651282562836}, {"l": "Renewable", "v": 1.3012755455417719e-06}]}, {"source": 50, "prod": 0, "target": 0, "value": 0.0013180756462968918, "supply": [{"l": "Other fossil fuels", "v": 0.0013180756462968918}]}, {"source": 50, "prod": 0, "target": 7, "value": 0.00074714448399716856, "supply": [{"l": "Other fossil fuels", "v": 0.00074714448399716856}]}, {"source": 50, "prod": 0, "target": 8, "value": 0.00011982505875426289, "supply": [{"l": "Other fossil fuels", "v": 0.00011982505875426289}]}, {"source": 50, "prod": 0, "target": 12, "value": 0.0014238036393153591, "supply": [{"l": "Other fossil fuels", "v": 0.0014238036393153591}]}, {"source": 50, "prod": 0, "target": 14, "value": 8.4582394414773801e-05, "supply": [{"l": "Other fossil fuels", "v": 8.4582394414773801e-05}]}, {"source": 50, "prod": 0, "target": 4, "value": 0.00040176637347017559, "supply": [{"l": "Other fossil fuels", "v": 0.00040176637347017559}]}, {"source": 50, "prod": 0, "target": 16, "value": 9.867946015056943e-05, "supply": [{"l": "Other fossil fuels", "v": 9.867946015056943e-05}]}, {"source": 50, "prod": 0, "target": 17, "value": 5.638826294318253e-05, "supply": [{"l": "Other fossil fuels", "v": 5.638826294318253e-05}]}, {"source": 50, "prod": 0, "target": 19, "value": 0.0027207336870085572, "supply": [{"l": "Other fossil fuels", "v": 0.0027207336870085572}]}, {"source": 50, "prod": 0, "target": 24, "value": 0.00094450340429830758, "supply": [{"l": "Other fossil fuels", "v": 0.00094450340429830758}]}, {"source": 50, "prod": 0, "target": 39, "value": 0.0011277652588636508, "supply": [{"l": "Other fossil fuels", "v": 0.0011277652588636508}]}, {"source": 50, "prod": 0, "target": 41, "value": 0.00036652370913068652, "supply": [{"l": "Other fossil fuels", "v": 0.00036652370913068652}]}, {"source": 50, "prod": 0, "target": 22, "value": 5.638826294318253e-05, "supply": [{"l": "Other fossil fuels", "v": 5.638826294318253e-05}]}, {"source": 50, "prod": 0, "target": 20, "value": 2.114559860369345e-05, "supply": [{"l": "Other fossil fuels", "v": 2.114559860369345e-05}]}, {"source": 50, "prod": 0, "target": 26, "value": 0.00039471784060227772, "supply": [{"l": "Other fossil fuels", "v": 0.00039471784060227772}]}, {"source": 50, "prod": 0, "target": 3, "value": 0.0048000508830384134, "supply": [{"l": "Other fossil fuels", "v": 0.0048000508830384134}]}, {"source": 50, "prod": 0, "target": 40, "value": 0.00070485328678978178, "supply": [{"l": "Other fossil fuels", "v": 0.00070485328678978178}]}, {"source": 50, "prod": 0, "target": 30, "value": 0.00033832957765909521, "supply": [{"l": "Other fossil fuels", "v": 0.00033832957765909521}]}, {"source": 50, "prod": 0, "target": 2, "value": 0.0065128443699375834, "supply": [{"l": "Other fossil fuels", "v": 0.0065128443699375834}]}, {"source": 50, "prod": 0, "target": 35, "value": 0.00047930023501705155, "supply": [{"l": "Other fossil fuels", "v": 0.00047930023501705155}]}, {"source": 50, "prod": 0, "target": 36, "value": 0.00011277652588636506, "supply": [{"l": "Other fossil fuels", "v": 0.00011277652588636506}]}, {"source": 50, "prod": 0, "target": 37, "value": 5.638826294318253e-05, "supply": [{"l": "Other fossil fuels", "v": 5.638826294318253e-05}]}, {"source": 50, "prod": 0, "target": 5, "value": 0.00046520316928125592, "supply": [{"l": "Other fossil fuels", "v": 0.00046520316928125592}]}, {"source": 52, "prod": 0.13747614968627297, "target": 0, "value": 0.001304609752736937, "supply": [{"l": "Potash", "v": 0.00029127538124170099}, {"l": "Phosphate", "v": 0.0058874583380432999}, {"l": "Nitrogen", "v": 0.016934486124658699}]}, {"source": 52, "prod": 0.077927657041416756, "target": 7, "value": 0.00073951141064232786, "supply": [{"l": "Potash", "v": 0.00029127538124170099}, {"l": "Phosphate", "v": 0.0058874583380432999}, {"l": "Nitrogen", "v": 0.016934486124658699}]}, {"source": 52, "prod": 0.012497831789661179, "target": 8, "value": 0.00011860088661244881, "supply": [{"l": "Potash", "v": 0.00029127538124170099}, {"l": "Phosphate", "v": 0.0058874583380432999}, {"l": "Nitrogen", "v": 0.016934486124658699}]}, {"source": 52, "prod": 0.14850364832420929, "target": 12, "value": 0.0014092575938655682, "supply": [{"l": "Potash", "v": 0.00029127538124170099}, {"l": "Phosphate", "v": 0.0058874583380432999}, {"l": "Nitrogen", "v": 0.016934486124658699}]}, {"source": 52, "prod": 0.008821998910349068, "target": 14, "value": 8.3718272902905041e-05, "supply": [{"l": "Potash", "v": 0.00029127538124170099}, {"l": "Phosphate", "v": 0.0058874583380432999}, {"l": "Nitrogen", "v": 0.016934486124658699}]}, {"source": 52, "prod": 0.041904494824158076, "target": 4, "value": 0.000397661796288799, "supply": [{"l": "Potash", "v": 0.00029127538124170099}, {"l": "Phosphate", "v": 0.0058874583380432999}, {"l": "Nitrogen", "v": 0.016934486124658699}]}, {"source": 52, "prod": 0.010292332062073912, "target": 16, "value": 9.7671318386722552e-05, "supply": [{"l": "Potash", "v": 0.00029127538124170099}, {"l": "Phosphate", "v": 0.0058874583380432999}, {"l": "Nitrogen", "v": 0.016934486124658699}]}, {"source": 52, "prod": 0.0058813326068993775, "target": 17, "value": 5.5812181935270025e-05, "supply": [{"l": "Potash", "v": 0.00029127538124170099}, {"l": "Phosphate", "v": 0.0058874583380432999}, {"l": "Nitrogen", "v": 0.016934486124658699}]}, {"source": 52, "prod": 0.28377429828289497, "target": 19, "value": 0.0026929377783767787, "supply": [{"l": "Potash", "v": 0.00029127538124170099}, {"l": "Phosphate", "v": 0.0058874583380432999}, {"l": "Nitrogen", "v": 0.016934486124658699}]}, {"source": 52, "prod": 0.09851232116556459, "target": 24, "value": 0.00093485404741577307, "supply": [{"l": "Potash", "v": 0.00029127538124170099}, {"l": "Phosphate", "v": 0.0058874583380432999}, {"l": "Nitrogen", "v": 0.016934486124658699}]}, {"source": 52, "prod": 0.11762665213798756, "target": 39, "value": 0.0011162436387054007, "supply": [{"l": "Potash", "v": 0.00029127538124170099}, {"l": "Phosphate", "v": 0.0058874583380432999}, {"l": "Nitrogen", "v": 0.016934486124658699}]}, {"source": 52, "prod": 0.038228661944845962, "target": 41, "value": 0.00036277918257925524, "supply": [{"l": "Potash", "v": 0.00029127538124170099}, {"l": "Phosphate", "v": 0.0058874583380432999}, {"l": "Nitrogen", "v": 0.016934486124658699}]}, {"source": 52, "prod": 0.0058813326068993775, "target": 22, "value": 5.5812181935270025e-05, "supply": [{"l": "Potash", "v": 0.00029127538124170099}, {"l": "Phosphate", "v": 0.0058874583380432999}, {"l": "Nitrogen", "v": 0.016934486124658699}]}, {"source": 52, "prod": 0.002205499727587267, "target": 20, "value": 2.092956822572626e-05, "supply": [{"l": "Potash", "v": 0.00029127538124170099}, {"l": "Phosphate", "v": 0.0058874583380432999}, {"l": "Nitrogen", "v": 0.016934486124658699}]}, {"source": 52, "prod": 0.041169328248295646, "target": 26, "value": 0.00039068527354689021, "supply": [{"l": "Potash", "v": 0.00029127538124170099}, {"l": "Phosphate", "v": 0.0058874583380432999}, {"l": "Nitrogen", "v": 0.016934486124658699}]}, {"source": 52, "prod": 0.50064843816230964, "target": 3, "value": 0.0047510119872398613, "supply": [{"l": "Potash", "v": 0.00029127538124170099}, {"l": "Phosphate", "v": 0.0058874583380432999}, {"l": "Nitrogen", "v": 0.016934486124658699}]}, {"source": 52, "prod": 0.073516657586242234, "target": 40, "value": 0.0006976522741908754, "supply": [{"l": "Potash", "v": 0.00029127538124170099}, {"l": "Phosphate", "v": 0.0058874583380432999}, {"l": "Nitrogen", "v": 0.016934486124658699}]}, {"source": 52, "prod": 0.035287995641396272, "target": 30, "value": 0.00033487309161162016, "supply": [{"l": "Potash", "v": 0.00029127538124170099}, {"l": "Phosphate", "v": 0.0058874583380432999}, {"l": "Nitrogen", "v": 0.016934486124658699}]}, {"source": 52, "prod": 0.67929391609687817, "target": 2, "value": 0.0064463070135236883, "supply": [{"l": "Potash", "v": 0.00029127538124170099}, {"l": "Phosphate", "v": 0.0058874583380432999}, {"l": "Nitrogen", "v": 0.016934486124658699}]}, {"source": 52, "prod": 0.049991327158644717, "target": 35, "value": 0.00047440354644979522, "supply": [{"l": "Potash", "v": 0.00029127538124170099}, {"l": "Phosphate", "v": 0.0058874583380432999}, {"l": "Nitrogen", "v": 0.016934486124658699}]}, {"source": 52, "prod": 0.011762665213798755, "target": 36, "value": 0.00011162436387054005, "supply": [{"l": "Potash", "v": 0.00029127538124170099}, {"l": "Phosphate", "v": 0.0058874583380432999}, {"l": "Nitrogen", "v": 0.016934486124658699}]}, {"source": 52, "prod": 0.0058813326068993775, "target": 37, "value": 5.5812181935270025e-05, "supply": [{"l": "Potash", "v": 0.00029127538124170099}, {"l": "Phosphate", "v": 0.0058874583380432999}, {"l": "Nitrogen", "v": 0.016934486124658699}]}, {"source": 52, "prod": 0.048520994006919865, "target": 5, "value": 0.00046045050096597774, "supply": [{"l": "Potash", "v": 0.00029127538124170099}, {"l": "Phosphate", "v": 0.0058874583380432999}, {"l": "Nitrogen", "v": 0.016934486124658699}]}, {"source": 50, "prod": 0, "target": 52, "value": 0.027251270366770792, "supply": [{"l": "Natural gas (including LNG)", "v": 0.018879652823623784}, {"l": "Fuel oil", "v": 0.0053780883391278921}, {"l": "Liquefied petroleum gas (LPG)", "v": 0.0014967646020095586}, {"l": "Coal", "v": 0.0014967646020095586}]}, {"source": 53, "prod": 0, "target": 0, "value": 0.038198655337292504, "supply": "[{\"l\":'Labor',\"v\":0.038198655337292504}]"}, {"source": 53, "prod": 0, "target": 22, "value": 0.0016341670732531552, "supply": "[{\"l\":'Labor',\"v\":0.0016341670732531552}]"}, {"source": 53, "prod": 0, "target": 8, "value": 0.0034726050306629554, "supply": "[{\"l\":'Labor',\"v\":0.0034726050306629554}]"}, {"source": 53, "prod": 0, "target": 12, "value": 0.041262718599642173, "supply": "[{\"l\":'Labor',\"v\":0.041262718599642173}]"}, {"source": 53, "prod": 0, "target": 14, "value": 0.002451250609879733, "supply": "[{\"l\":'Labor',\"v\":0.002451250609879733}]"}, {"source": 53, "prod": 0, "target": 16, "value": 0.0028597923781930219, "supply": "[{\"l\":'Labor',\"v\":0.0028597923781930219}]"}, {"source": 53, "prod": 0, "target": 17, "value": 0.0016341670732531552, "supply": "[{\"l\":'Labor',\"v\":0.0016341670732531552}]"}, {"source": 53, "prod": 0, "target": 19, "value": 0.078848561284464741, "supply": "[{\"l\":'Labor',\"v\":0.078848561284464741}]"}, {"source": 53, "prod": 0, "target": 20, "value": 0.00061281265246993324, "supply": "[{\"l\":'Labor',\"v\":0.00061281265246993324}]"}, {"source": 53, "prod": 0, "target": 39, "value": 0.032683341465063111, "supply": "[{\"l\":'Labor',\"v\":0.032683341465063111}]"}, {"source": 53, "prod": 0, "target": 40, "value": 0.020427088415664443, "supply": "[{\"l\":'Labor',\"v\":0.020427088415664443}]"}, {"source": 53, "prod": 0, "target": 4, "value": 0.011643440396928733, "supply": "[{\"l\":'Labor',\"v\":0.011643440396928733}]"}, {"source": 53, "prod": 0, "target": 41, "value": 0.010622085976145512, "supply": "[{\"l\":'Labor',\"v\":0.010622085976145512}]"}, {"source": 53, "prod": 0, "target": 7, "value": 0.021652713720604309, "supply": "[{\"l\":'Labor',\"v\":0.021652713720604309}]"}, {"source": 53, "prod": 0, "target": 24, "value": 0.027372298476990357, "supply": "[{\"l\":'Labor',\"v\":0.027372298476990357}]"}, {"source": 53, "prod": 0, "target": 26, "value": 0.011439169512772088, "supply": "[{\"l\":'Labor',\"v\":0.011439169512772088}]"}, {"source": 53, "prod": 0, "target": 3, "value": 0.13910847211067487, "supply": "[{\"l\":'Labor',\"v\":0.13910847211067487}]"}, {"source": 53, "prod": 0, "target": 30, "value": 0.0098050024395189318, "supply": "[{\"l\":'Labor',\"v\":0.0098050024395189318}]"}, {"source": 53, "prod": 0, "target": 2, "value": 0.18874629696073944, "supply": "[{\"l\":'Labor',\"v\":0.18874629696073944}]"}, {"source": 53, "prod": 0, "target": 35, "value": 0.013890420122651822, "supply": "[{\"l\":'Labor',\"v\":0.013890420122651822}]"}, {"source": 53, "prod": 0, "target": 36, "value": 0.0032683341465063105, "supply": "[{\"l\":'Labor',\"v\":0.0032683341465063105}]"}, {"source": 53, "prod": 0, "target": 37, "value": 0.0016341670732531552, "supply": "[{\"l\":'Labor',\"v\":0.0016341670732531552}]"}, {"source": 53, "prod": 0, "target": 5, "value": 0.013481878354338532, "supply": "[{\"l\":'Labor',\"v\":0.013481878354338532}]"}, {"source": 50, "prod": 0, "target": 45, "value": 0.01787840943092078, "supply": "[{\"l\":'Fossil Fuels',\"v\":0.01787840943092078}]"}, {"source": 51, "prod": 0, "target": 45, "value": 0.10379664848662658, "supply": "[{\"l\":'Renewables & Nuclear',\"v\":0.0012751472134675198},{\"l\":'Biomass & Waste',\"v\":0.10252150127315905}]"}]}