{"nodes": [{"layer": 3, "name": "Oilcrops", "fill": "#ff9896"}, {"layer": 5, "name": "Production", "fill": "#b5cf6b"}, {"layer": 3, "name": "Treenuts"}, {"layer": 3, "name": "Vegetables"}, {"layer": 3, "name": "Others"}, {"layer": 3, "name": "Sugar Crops", "fill": "#ffbb78"}, {"layer": 3, "name": "Starchy Roots"}, {"layer": 3, "name": "Pulses"}, {"layer": 3, "name": "Fruits - Excluding Wine"}, {"layer": 3, "name": "Cereals - Excluding Beer"}, {"layer": 3, "name": "Spices"}, {"layer": 1, "name": "Electricity", "fill": "#bcbd22"}, {"layer": 0, "name": "Fossil Fuels", "fill": "#c49c94"}, {"layer": 0, "name": "Renewables & Nuclear", "fill": "#2ca02c"}, {"layer": 1, "name": "Fertilizers", "fill": "#c5b0d5"}, {"layer": 0, "name": "Labor", "fill": "#7f7f7f"}], "links": [{"source": 0, "prod": 275.0, "target": 1, "value": 1.7177815857424379, "supply": [{"l": "Cottonseed", "v": 0.47459813573850929}, {"l": "Groundnuts", "v": 0.72771714146571431}, {"l": "Oilcrops, Other", "v": 0.51546630853821429}]}, {"source": 2, "prod": 1.0, "target": 1, "value": 0.0036913188335217393, "supply": [{"l": "Treenuts", "v": 0.0036913188335217393}]}, {"source": 3, "prod": 283.0, "target": 1, "value": 0.063936129357608423, "supply": [{"l": "Tomatoes", "v": 0.0012233477402161382}, {"l": "Vegetables, Other", "v": 0.060917848569379603}, {"l": "Onions", "v": 0.0017949330480126853}]}, {"source": 4, "prod": 1.0, "target": 1, "value": 0.0038015074554179108, "supply": [{"l": "Nuts", "v": 0.0038015074554179108}]}, {"source": 5, "prod": 150.0, "target": 1, "value": 0.054578785609928578, "supply": [{"l": "Sugar cane", "v": 0.054578785609928578}]}, {"source": 6, "prod": 28.0, "target": 1, "value": 0.031971097780063691, "supply": [{"l": "Yams", "v": 0.014522425410828948}, {"l": "Sweet potatoes", "v": 0.014554342829314287}, {"l": "Cassava", "v": 0.0028943295399204549}]}, {"source": 7, "prod": 28.0, "target": 1, "value": 0.11280738712998613, "supply": [{"l": "Pulses, Other", "v": 0.11280738712998613}]}, {"source": 8, "prod": 117.0, "target": 1, "value": 0.061734713129372495, "supply": [{"l": "Fruits, Other", "v": 0.034612635828989845}, {"l": "Bananas", "v": 0.024214531643841554}, {"l": "Oranges, Mandarines", "v": 0.0029075456565410963}]}, {"source": 9, "prod": 1160.0, "target": 1, "value": 4.1000180777506996, "supply": [{"l": "Maize", "v": 0.38020583985273915}, {"l": "Rice", "v": 0.44949610854857669}, {"l": "Sorghum", "v": 1.3116251338071994}, {"l": "Cereals, Other", "v": 0.14437992704952035}, {"l": "Wheat", "v": 0.0061892477430522987}, {"l": "Millet", "v": 1.8081218207496115}]}, {"source": 10, "prod": 3.0, "target": 1, "value": 0.0095512874817375009, "supply": [{"l": "Pimento", "v": 0.0095512874817375009}]}, {"source": 11, "prod": 0, "target": 0, "value": 1.6848284553076111e-05, "supply": "[{\"l\":'Energy for power irrigation',\"v\":1.6848284553076111e-05}]"}, {"source": 11, "prod": 0, "target": 2, "value": 3.0689042901777984e-07, "supply": "[{\"l\":'Energy for power irrigation',\"v\":3.0689042901777984e-07}]"}, {"source": 11, "prod": 0, "target": 3, "value": 1.7400687325308115e-05, "supply": "[{\"l\":'Energy for power irrigation',\"v\":1.7400687325308115e-05}]"}, {"source": 11, "prod": 0, "target": 5, "value": 9.2067128705333959e-06, "supply": "[{\"l\":'Energy for power irrigation',\"v\":9.2067128705333959e-06}]"}, {"source": 11, "prod": 0, "target": 6, "value": 1.7492754454013451e-06, "supply": "[{\"l\":'Energy for power irrigation',\"v\":1.7492754454013451e-06}]"}, {"source": 11, "prod": 0, "target": 7, "value": 1.7185864024995671e-06, "supply": "[{\"l\":'Energy for power irrigation',\"v\":1.7185864024995671e-06}]"}, {"source": 11, "prod": 0, "target": 4, "value": 3.0689042901777984e-07, "supply": "[{\"l\":'Energy for power irrigation',\"v\":3.0689042901777984e-07}]"}, {"source": 11, "prod": 0, "target": 8, "value": 7.396059339328494e-06, "supply": "[{\"l\":'Energy for power irrigation',\"v\":7.396059339328494e-06}]"}, {"source": 11, "prod": 0, "target": 9, "value": 7.4942642766141827e-05, "supply": "[{\"l\":'Energy for power irrigation',\"v\":7.4942642766141827e-05}]"}, {"source": 11, "prod": 0, "target": 10, "value": 1.8413425741066792e-07, "supply": "[{\"l\":'Energy for power irrigation',\"v\":1.8413425741066792e-07}]"}, {"source": 12, "prod": 0, "target": 11, "value": 6.8090844381305091e-05, "supply": [{"l": "Coal", "v": 1.8707341510013919e-06}, {"l": "Natural gas", "v": 1.5135939949011279e-05}, {"l": "Oil", "v": 5.1084170281292417e-05}]}, {"source": 13, "prod": 0, "target": 11, "value": 0.00010328946825729025, "supply": [{"l": "Nuclear", "v": 0.0}, {"l": "Hydroelectric", "v": 0.00010296520767111667}, {"l": "Renewable", "v": 3.242605861735754e-07}]}, {"source": 12, "prod": 0, "target": 0, "value": 0.013005895164050972, "supply": [{"l": "Other fossil fuels", "v": 0.013005895164050972}]}, {"source": 12, "prod": 0, "target": 2, "value": 0.00023690155125775906, "supply": [{"l": "Other fossil fuels", "v": 0.00023690155125775906}]}, {"source": 12, "prod": 0, "target": 3, "value": 0.013432317956314938, "supply": [{"l": "Other fossil fuels", "v": 0.013432317956314938}]}, {"source": 12, "prod": 0, "target": 5, "value": 0.007107046537732772, "supply": [{"l": "Other fossil fuels", "v": 0.007107046537732772}]}, {"source": 12, "prod": 0, "target": 6, "value": 0.0013503388421692267, "supply": [{"l": "Other fossil fuels", "v": 0.0013503388421692267}]}, {"source": 12, "prod": 0, "target": 7, "value": 0.0013266486870434507, "supply": [{"l": "Other fossil fuels", "v": 0.0013266486870434507}]}, {"source": 12, "prod": 0, "target": 4, "value": 0.00023690155125775906, "supply": [{"l": "Other fossil fuels", "v": 0.00023690155125775906}]}, {"source": 12, "prod": 0, "target": 8, "value": 0.0057093273853119934, "supply": [{"l": "Other fossil fuels", "v": 0.0057093273853119934}]}, {"source": 12, "prod": 0, "target": 9, "value": 0.057851358817144753, "supply": [{"l": "Other fossil fuels", "v": 0.057851358817144753}]}, {"source": 12, "prod": 0, "target": 10, "value": 0.00014214093075465544, "supply": [{"l": "Other fossil fuels", "v": 0.00014214093075465544}]}, {"source": 14, "prod": 1.5051847133757961, "target": 0, "value": 0.015875040635488426, "supply": [{"l": "Potash", "v": 0.0066302166719708396}, {"l": "Phosphate", "v": 0.014834375011867499}, {"l": "Nitrogen", "v": 0.10111154174755589}]}, {"source": 14, "prod": 0.027416843595187545, "target": 2, "value": 0.00028916285310543583, "supply": [{"l": "Potash", "v": 0.0066302166719708396}, {"l": "Phosphate", "v": 0.014834375011867499}, {"l": "Nitrogen", "v": 0.10111154174755589}]}, {"source": 14, "prod": 1.5545350318471338, "target": 3, "value": 0.016395533771078209, "supply": [{"l": "Potash", "v": 0.0066302166719708396}, {"l": "Phosphate", "v": 0.014834375011867499}, {"l": "Nitrogen", "v": 0.10111154174755589}]}, {"source": 14, "prod": 0.82250530785562637, "target": 5, "value": 0.0086748855931630744, "supply": [{"l": "Potash", "v": 0.0066302166719708396}, {"l": "Phosphate", "v": 0.014834375011867499}, {"l": "Nitrogen", "v": 0.10111154174755589}]}, {"source": 14, "prod": 0.15627600849256901, "target": 6, "value": 0.0016482282627009841, "supply": [{"l": "Potash", "v": 0.0066302166719708396}, {"l": "Phosphate", "v": 0.014834375011867499}, {"l": "Nitrogen", "v": 0.10111154174755589}]}, {"source": 14, "prod": 0.15353432413305024, "target": 7, "value": 0.0016193119773904405, "supply": [{"l": "Potash", "v": 0.0066302166719708396}, {"l": "Phosphate", "v": 0.014834375011867499}, {"l": "Nitrogen", "v": 0.10111154174755589}]}, {"source": 14, "prod": 0.027416843595187545, "target": 4, "value": 0.00028916285310543583, "supply": [{"l": "Potash", "v": 0.0066302166719708396}, {"l": "Phosphate", "v": 0.014834375011867499}, {"l": "Nitrogen", "v": 0.10111154174755589}]}, {"source": 14, "prod": 0.66074593064401976, "target": 8, "value": 0.0069688247598410019, "supply": [{"l": "Potash", "v": 0.0066302166719708396}, {"l": "Phosphate", "v": 0.014834375011867499}, {"l": "Nitrogen", "v": 0.10111154174755589}]}, {"source": 14, "prod": 6.6951932059447978, "target": 9, "value": 0.070613568728347412, "supply": [{"l": "Potash", "v": 0.0066302166719708396}, {"l": "Phosphate", "v": 0.014834375011867499}, {"l": "Nitrogen", "v": 0.10111154174755589}]}, {"source": 14, "prod": 0.016450106157112527, "target": 10, "value": 0.00017349771186326148, "supply": [{"l": "Potash", "v": 0.0066302166719708396}, {"l": "Phosphate", "v": 0.014834375011867499}, {"l": "Nitrogen", "v": 0.10111154174755589}]}, {"source": 12, "prod": 0, "target": 14, "value": 0.15063968406030379, "supply": [{"l": "Natural gas (including LNG)", "v": 0.10095529264638196}, {"l": "Fuel oil", "v": 0.03181078421636023}, {"l": "Liquefied petroleum gas (LPG)", "v": 0.0089368035987807976}, {"l": "Coal", "v": 0.0089368035987807976}]}, {"source": 15, "prod": 0, "target": 0, "value": 0.091402637376123627, "supply": "[{\"l\":'Labor',\"v\":0.091402637376123627}]"}, {"source": 15, "prod": 0, "target": 2, "value": 0.0016648932126798477, "supply": "[{\"l\":'Labor',\"v\":0.0016648932126798477}]"}, {"source": 15, "prod": 0, "target": 3, "value": 0.094399445158947354, "supply": "[{\"l\":'Labor',\"v\":0.094399445158947354}]"}, {"source": 15, "prod": 0, "target": 5, "value": 0.049946796380395425, "supply": "[{\"l\":'Labor',\"v\":0.049946796380395425}]"}, {"source": 15, "prod": 0, "target": 6, "value": 0.0094898913122751297, "supply": "[{\"l\":'Labor',\"v\":0.0094898913122751297}]"}, {"source": 15, "prod": 0, "target": 7, "value": 0.0093234019910071464, "supply": "[{\"l\":'Labor',\"v\":0.0093234019910071464}]"}, {"source": 15, "prod": 0, "target": 4, "value": 0.0016648932126798477, "supply": "[{\"l\":'Labor',\"v\":0.0016648932126798477}]"}, {"source": 15, "prod": 0, "target": 8, "value": 0.040123926425584322, "supply": "[{\"l\":'Labor',\"v\":0.040123926425584322}]"}, {"source": 15, "prod": 0, "target": 9, "value": 0.40656692253641868, "supply": "[{\"l\":'Labor',\"v\":0.40656692253641868}]"}, {"source": 15, "prod": 0, "target": 10, "value": 0.00099893592760790851, "supply": "[{\"l\":'Labor',\"v\":0.00099893592760790851}]"}]}