{"nodes": [{"layer": 5, "name": "Maize"}, {"layer": 10, "name": "Feed", "fill": "#dbdb8d"}, {"layer": 5, "name": "Millet"}, {"layer": 5, "name": "Sorghum"}, {"layer": 5, "name": "Cereals, Other"}, {"layer": 5, "name": "Cassava"}, {"layer": 16, "name": "Food", "fill": "#b5cf6b"}, {"layer": 5, "name": "Fruits, Other"}, {"layer": 5, "name": "Yams"}, {"layer": 13, "name": "Sugar", "fill": "#d6616b"}, {"layer": 13, "name": "Beer"}, {"layer": 13, "name": "Groundnut Oil"}, {"layer": 5, "name": "Rice"}, {"layer": 13, "name": "Meat, Other"}, {"layer": 5, "name": "Tomatoes"}, {"layer": 13, "name": "Fats, Animals, Raw"}, {"layer": 5, "name": "Wheat"}, {"layer": 5, "name": "Treenuts"}, {"layer": 13, "name": "Eggs"}, {"layer": 5, "name": "Vegetables, Other"}, {"layer": 5, "name": "Pimento"}, {"layer": 13, "name": "Pigmeat"}, {"layer": 5, "name": "Nuts"}, {"layer": 13, "name": "Freshwater Fish"}, {"layer": 5, "name": "Groundnuts"}, {"layer": 13, "name": "Milk - Excluding Butter"}, {"layer": 5, "name": "Pulses, Other"}, {"layer": 13, "name": "Fish, Seafood"}, {"layer": 13, "name": "Oilcrops Oil, Other"}, {"layer": 13, "name": "Mutton & Goat Meat"}, {"layer": 5, "name": "Bananas"}, {"layer": 13, "name": "Beverages, Fermented"}, {"layer": 13, "name": "Bovine Meat"}, {"layer": 13, "name": "Poultry Meat"}, {"layer": 13, "name": "Offals, Edible"}, {"layer": 5, "name": "Sweet potatoes"}, {"layer": 5, "name": "Oranges, Mandarines"}, {"layer": 5, "name": "Tea"}, {"layer": 5, "name": "Onions"}, {"layer": 10, "name": "Processing", "fill": "#9edae5"}, {"layer": 5, "name": "Oilcrops, Other"}, {"layer": 5, "name": "Sugar cane"}, {"layer": 5, "name": "Cottonseed"}, {"layer": 16, "name": "Biofuels & Other", "fill": "#e7ba52"}, {"name": "Seed", "fill": "#dbdb8d"}, {"name": "Waste", "fill": "#c7c7c7"}, {"layer": 0, "name": "Import", "fill": "#aec7e8"}, {"layer": 16, "name": "Export", "fill": "#aec7e8"}, {"layer": 16, "name": "Stock Deposit", "fill": "#c7c7c7"}, {"layer": 0, "name": "Stock Draw", "fill": "#c7c7c7"}, {"layer": 0, "name": "Production", "fill": "#b5cf6b"}], "links": [{"source": 0, "prod": 0.073768061996919446, "target": 1, "value": 20.0, "supply": [{"l": "Maize", "v": 20.0}]}, {"source": 2, "prod": 0.16949649084405358, "target": 1, "value": 49.0, "supply": [{"l": "Millet", "v": 49.0}]}, {"source": 3, "prod": 0.1221084695001792, "target": 1, "value": 36.0, "supply": [{"l": "Sorghum", "v": 36.0}]}, {"source": 4, "prod": 0.01109808276745098, "target": 1, "value": 3.0, "supply": [{"l": "Cereals, Other", "v": 3.0}]}, {"source": 5, "prod": 0.0026099559925985534, "target": 1, "value": 2.0, "supply": [{"l": "Cassava", "v": 2.0}]}, {"source": 0, "prod": 0.25818821698921807, "target": 6, "value": 70.0, "supply": [{"l": "Maize", "v": 70.0}]}, {"source": 7, "prod": 0.023304181871480086, "target": 6, "value": 51.0, "supply": [{"l": "Fruits, Other", "v": 51.0}]}, {"source": 8, "prod": 0.0090560355382400017, "target": 6, "value": 8.0, "supply": [{"l": "Yams", "v": 8.0}]}, {"source": 9, "prod": 0.074774605361614677, "target": 6, "value": 18.0, "supply": [{"l": "Sugar", "v": 18.0}]}, {"source": 10, "prod": 0.00052150081800368545, "target": 6, "value": 1.0, "supply": [{"l": "Beer", "v": 1.0}]}, {"source": 11, "prod": 0.17473983666798584, "target": 6, "value": 17.0, "supply": [{"l": "Groundnut Oil", "v": 17.0}]}, {"source": 12, "prod": 0.37634923808637316, "target": 6, "value": 88.0, "supply": [{"l": "Rice", "v": 88.0}]}, {"source": 13, "prod": 0.0235066069040228, "target": 6, "value": 17.0, "supply": [{"l": "Meat, Other", "v": 17.0}]}, {"source": 14, "prod": 0.0022342192939736843, "target": 6, "value": 5.0, "supply": [{"l": "Tomatoes", "v": 5.0}]}, {"source": 15, "prod": 0.036913188335217388, "target": 6, "value": 4.0, "supply": [{"l": "Fats, Animals, Raw", "v": 4.0}]}, {"source": 16, "prod": 0.033674410993305294, "target": 6, "value": 11.0, "supply": [{"l": "Wheat", "v": 11.0}]}, {"source": 17, "prod": 0.02336706417550459, "target": 6, "value": 6.0, "supply": [{"l": "Treenuts", "v": 6.0}]}, {"source": 18, "prod": 0.0047166851761666672, "target": 6, "value": 4.0, "supply": [{"l": "Eggs", "v": 4.0}]}, {"source": 19, "prod": 0.03736281852711984, "target": 6, "value": 168.0, "supply": [{"l": "Vegetables, Other", "v": 168.0}]}, {"source": 20, "prod": 0.0032653974296538461, "target": 6, "value": 1.0, "supply": [{"l": "Pimento", "v": 1.0}]}, {"source": 21, "prod": 0.0028300111056999999, "target": 6, "value": 1.0, "supply": [{"l": "Pigmeat", "v": 1.0}]}, {"source": 4, "prod": 0.092484023062091511, "target": 6, "value": 25.0, "supply": [{"l": "Cereals, Other", "v": 25.0}]}, {"source": 22, "prod": 0.022539911461327434, "target": 6, "value": 6.0, "supply": [{"l": "Nuts", "v": 6.0}]}, {"source": 23, "prod": 0.042005662223348166, "target": 6, "value": 63.0, "supply": [{"l": "Freshwater Fish", "v": 63.0}]}, {"source": 24, "prod": 0.044455686266704729, "target": 6, "value": 7.0, "supply": [{"l": "Groundnuts", "v": 7.0}]}, {"source": 25, "prod": 0.30581715147683886, "target": 6, "value": 337.0, "supply": [{"l": "Milk - Excluding Butter", "v": 337.0}]}, {"source": 26, "prod": 0.1141992716770706, "target": 6, "value": 28.0, "supply": [{"l": "Pulses, Other", "v": 28.0}]}, {"source": 27, "prod": 0.042005662223348166, "target": 6, "value": 63.0, "supply": [{"l": "Fish, Seafood", "v": 63.0}]}, {"source": 28, "prod": 0.10006110695153574, "target": 6, "value": 12.0, "supply": [{"l": "Oilcrops Oil, Other", "v": 12.0}]}, {"source": 3, "prod": 0.84797548264013312, "target": 6, "value": 250.0, "supply": [{"l": "Sorghum", "v": 250.0}]}, {"source": 29, "prod": 0.063675249878250004, "target": 6, "value": 30.0, "supply": [{"l": "Mutton & Goat Meat", "v": 30.0}]}, {"source": 30, "prod": 0.016356944922853212, "target": 6, "value": 24.0, "supply": [{"l": "Bananas", "v": 24.0}]}, {"source": 31, "prod": 0.011707786157922596, "target": 6, "value": 31.0, "supply": [{"l": "Beverages, Fermented", "v": 31.0}]}, {"source": 32, "prod": 0.081716570677087499, "target": 6, "value": 44.0, "supply": [{"l": "Bovine Meat", "v": 44.0}]}, {"source": 2, "prod": 1.1415069791538301, "target": 6, "value": 330.0, "supply": [{"l": "Millet", "v": 330.0}]}, {"source": 33, "prod": 0.013327377881494185, "target": 6, "value": 9.0, "supply": [{"l": "Poultry Meat", "v": 9.0}]}, {"source": 34, "prod": 0.018389963863754515, "target": 6, "value": 15.0, "supply": [{"l": "Offals, Edible", "v": 15.0}]}, {"source": 35, "prod": 0.034630399056592105, "target": 6, "value": 31.0, "supply": [{"l": "Sweet potatoes", "v": 31.0}]}, {"source": 36, "prod": 0.0024608792223478259, "target": 6, "value": 8.0, "supply": [{"l": "Oranges, Mandarines", "v": 8.0}]}, {"source": 37, "prod": 0.0011622222200000001, "target": 6, "value": 1.0, "supply": [{"l": "Tea", "v": 1.0}]}, {"source": 38, "prod": 0.0025470099951300004, "target": 6, "value": 3.0, "supply": [{"l": "Onions", "v": 3.0}]}, {"source": 5, "prod": 0.039149339888978306, "target": 6, "value": 30.0, "supply": [{"l": "Cassava", "v": 30.0}]}, {"source": 2, "prod": 0.024213784406293369, "target": 39, "value": 7.0, "supply": [{"l": "Millet", "v": 7.0}]}, {"source": 40, "prod": 0.46695183244050015, "target": 39, "value": 77.0, "supply": [{"l": "Oilcrops, Other", "v": 77.0}]}, {"source": 24, "prod": 0.29213736689548819, "target": 39, "value": 46.0, "supply": [{"l": "Groundnuts", "v": 46.0}]}, {"source": 41, "prod": 0.012396951303730091, "target": 39, "value": 33.0, "supply": [{"l": "Sugar cane", "v": 33.0}]}, {"source": 42, "prod": 0.025403249295259847, "target": 43, "value": 4.0, "supply": [{"l": "Cottonseed", "v": 4.0}]}, {"source": 28, "prod": 0.025015276737883934, "target": 43, "value": 3.0, "supply": [{"l": "Oilcrops Oil, Other", "v": 3.0}]}, {"source": 23, "prod": 0.012668374321327225, "target": 43, "value": 19.0, "supply": [{"l": "Freshwater Fish", "v": 19.0}]}, {"source": 27, "prod": 0.012668374321327225, "target": 43, "value": 19.0, "supply": [{"l": "Fish, Seafood", "v": 19.0}]}, {"source": 0, "prod": 0.014753612399383886, "target": 44, "value": 4.0, "supply": [{"l": "Maize", "v": 4.0}]}, {"source": 42, "prod": 0.038104873942889771, "target": 44, "value": 6.0, "supply": [{"l": "Cottonseed", "v": 6.0}]}, {"source": 18, "prod": 0.0011791712940416668, "target": 18, "value": 1.0, "supply": [{"l": "Eggs", "v": 1.0}]}, {"source": 2, "prod": 0.062264017044754379, "target": 44, "value": 18.0, "supply": [{"l": "Millet", "v": 18.0}]}, {"source": 24, "prod": 0.063508123238149611, "target": 44, "value": 10.0, "supply": [{"l": "Groundnuts", "v": 10.0}]}, {"source": 12, "prod": 0.047043654760796645, "target": 44, "value": 11.0, "supply": [{"l": "Rice", "v": 11.0}]}, {"source": 3, "prod": 0.040702823166726396, "target": 44, "value": 12.0, "supply": [{"l": "Sorghum", "v": 12.0}]}, {"source": 0, "prod": 0.02213041859907583, "target": 45, "value": 6.0, "supply": [{"l": "Maize", "v": 6.0}]}, {"source": 4, "prod": 0.01109808276745098, "target": 45, "value": 3.0, "supply": [{"l": "Cereals, Other", "v": 3.0}]}, {"source": 18, "prod": 0.0023583425880833336, "target": 45, "value": 2.0, "supply": [{"l": "Eggs", "v": 2.0}]}, {"source": 19, "prod": 0.0020015795639528487, "target": 45, "value": 9.0, "supply": [{"l": "Vegetables, Other", "v": 9.0}]}, {"source": 7, "prod": 0.00091388948515608174, "target": 45, "value": 2.0, "supply": [{"l": "Fruits, Other", "v": 2.0}]}, {"source": 2, "prod": 0.14182359437971828, "target": 45, "value": 41.0, "supply": [{"l": "Millet", "v": 41.0}]}, {"source": 25, "prod": 0.0063522850455129728, "target": 45, "value": 7.0, "supply": [{"l": "Milk - Excluding Butter", "v": 7.0}]}, {"source": 35, "prod": 0.0022342192939736843, "target": 45, "value": 2.0, "supply": [{"l": "Sweet potatoes", "v": 2.0}]}, {"source": 24, "prod": 0.012701624647629924, "target": 45, "value": 2.0, "supply": [{"l": "Groundnuts", "v": 2.0}]}, {"source": 12, "prod": 0.029936871211416048, "target": 45, "value": 7.0, "supply": [{"l": "Rice", "v": 7.0}]}, {"source": 3, "prod": 0.10514895984737653, "target": 45, "value": 31.0, "supply": [{"l": "Sorghum", "v": 31.0}]}, {"source": 14, "prod": 0.00044684385879473687, "target": 45, "value": 1.0, "supply": [{"l": "Tomatoes", "v": 1.0}]}, {"source": 46, "prod": 0.01109808276745098, "target": 4, "value": 3.0, "supply": [{"l": "Cereals, Other", "v": 3.0}]}, {"source": 46, "prod": 0.030613100903004811, "target": 16, "value": 10.0, "supply": [{"l": "Wheat", "v": 10.0}]}, {"source": 46, "prod": 0.0018149385844322783, "target": 1, "value": 2.0, "supply": [{"l": "Milk - Excluding Butter", "v": 2.0}]}, {"source": 46, "prod": 0.022539911461327434, "target": 22, "value": 6.0, "supply": [{"l": "Nuts", "v": 6.0}]}, {"source": 46, "prod": 0.067907824294175009, "target": 39, "value": 16.0, "supply": [{"l": "Beer", "v": 1.0}, {"l": "Fats, Animals, Raw", "v": 1.0}, {"l": "Sugar", "v": 14.0}]}, {"source": 46, "prod": 0.02336706417550459, "target": 17, "value": 6.0, "supply": [{"l": "Treenuts", "v": 6.0}]}, {"source": 46, "prod": 0.0011622222200000001, "target": 37, "value": 1.0, "supply": [{"l": "Tea", "v": 1.0}]}, {"source": 42, "prod": 0.038104873942889771, "target": 47, "value": 6.0, "supply": [{"l": "Cottonseed", "v": 6.0}]}, {"source": 32, "prod": 0.001857194788115625, "target": 47, "value": 1.0, "supply": [{"l": "Bovine Meat", "v": 1.0}]}, {"source": 23, "prod": 0.012001617778099478, "target": 47, "value": 18.0, "supply": [{"l": "Freshwater Fish", "v": 18.0}]}, {"source": 11, "prod": 0.010278813921646226, "target": 47, "value": 1.0, "supply": [{"l": "Groundnut Oil", "v": 1.0}]}, {"source": 27, "prod": 0.012001617778099478, "target": 47, "value": 18.0, "supply": [{"l": "Fish, Seafood", "v": 18.0}]}, {"source": 24, "prod": 0.10796380950485433, "target": 47, "value": 17.0, "supply": [{"l": "Groundnuts", "v": 17.0}]}, {"source": 40, "prod": 0.0060643095122142861, "target": 47, "value": 1.0, "supply": [{"l": "Oilcrops, Other", "v": 1.0}]}, {"source": 38, "prod": 0.00084900333171000005, "target": 47, "value": 1.0, "supply": [{"l": "Onions", "v": 1.0}]}, {"source": 42, "prod": 0.0063508123238149618, "target": 48, "value": 1.0, "supply": [{"l": "Cottonseed", "v": 1.0}]}, {"source": 12, "prod": 0.029936871211416048, "target": 48, "value": 7.0, "supply": [{"l": "Rice", "v": 7.0}]}, {"source": 3, "prod": 0.11871656756961865, "target": 48, "value": 35.0, "supply": [{"l": "Sorghum", "v": 35.0}]}, {"source": 2, "prod": 0.16603737878601166, "target": 48, "value": 48.0, "supply": [{"l": "Millet", "v": 48.0}]}, {"source": 49, "prod": 0.0073768061996919432, "target": 0, "value": 2.0, "supply": [{"l": "Maize", "v": 2.0}]}, {"source": 50, "prod": 0.36146350378490522, "target": 0, "value": 98.0, "supply": [{"l": "Maize", "v": 98.0}]}, {"source": 50, "prod": 0.0037566519102212393, "target": 22, "value": 1.0, "supply": [{"l": "Nuts", "v": 1.0}]}, {"source": 50, "prod": 0.010188039980520001, "target": 8, "value": 9.0, "supply": [{"l": "Yams", "v": 9.0}]}, {"source": 50, "prod": 0.48326663527000191, "target": 12, "value": 113.0, "supply": [{"l": "Rice", "v": 113.0}]}, {"source": 50, "prod": 0.0026810631527684208, "target": 14, "value": 6.0, "supply": [{"l": "Tomatoes", "v": 6.0}]}, {"source": 50, "prod": 0.0061226201806009618, "target": 16, "value": 2.0, "supply": [{"l": "Wheat", "v": 2.0}]}, {"source": 50, "prod": 0.0038945106959174321, "target": 17, "value": 1.0, "supply": [{"l": "Treenuts", "v": 1.0}]}, {"source": 50, "prod": 0.039364398091072693, "target": 19, "value": 177.0, "supply": [{"l": "Vegetables, Other", "v": 177.0}]}, {"source": 50, "prod": 0.0065307948593076922, "target": 20, "value": 2.0, "supply": [{"l": "Pimento", "v": 2.0}]}, {"source": 50, "prod": 0.47301614195271435, "target": 40, "value": 78.0, "supply": [{"l": "Oilcrops, Other", "v": 78.0}]}, {"source": 50, "prod": 0.1035821058295425, "target": 4, "value": 28.0, "supply": [{"l": "Cereals, Other", "v": 28.0}]}, {"source": 50, "prod": 0.10161299718103939, "target": 42, "value": 16.0, "supply": [{"l": "Cottonseed", "v": 16.0}]}, {"source": 50, "prod": 0.023761126614058124, "target": 7, "value": 52.0, "supply": [{"l": "Fruits, Other", "v": 52.0}]}, {"source": 50, "prod": 0.51441579822901184, "target": 24, "value": 81.0, "supply": [{"l": "Groundnuts", "v": 81.0}]}, {"source": 50, "prod": 0.1141992716770706, "target": 26, "value": 28.0, "supply": [{"l": "Pulses, Other", "v": 28.0}]}, {"source": 50, "prod": 1.2346523027240339, "target": 3, "value": 364.0, "supply": [{"l": "Sorghum", "v": 364.0}]}, {"source": 50, "prod": 0.012396951303730091, "target": 41, "value": 33.0, "supply": [{"l": "Sugar cane", "v": 33.0}]}, {"source": 50, "prod": 0.016356944922853212, "target": 30, "value": 24.0, "supply": [{"l": "Bananas", "v": 24.0}]}, {"source": 50, "prod": 1.7053422446146616, "target": 2, "value": 493.0, "supply": [{"l": "Millet", "v": 493.0}]}, {"source": 50, "prod": 0.036864618350565787, "target": 35, "value": 33.0, "supply": [{"l": "Sweet potatoes", "v": 33.0}]}, {"source": 50, "prod": 0.0024608792223478259, "target": 36, "value": 8.0, "supply": [{"l": "Oranges, Mandarines", "v": 8.0}]}, {"source": 50, "prod": 0.0033960133268400002, "target": 38, "value": 4.0, "supply": [{"l": "Onions", "v": 4.0}]}, {"source": 50, "prod": 0.041759295881576855, "target": 5, "value": 32.0, "supply": [{"l": "Cassava", "v": 32.0}]}, {"source": 1, "prod": 0.013327377881494185, "target": 33, "value": 9.0, "supply": [{"l": "Poultry Meat", "v": 9.0}]}, {"source": 1, "prod": 0.0028300111056999999, "target": 21, "value": 1.0, "supply": [{"l": "Pigmeat", "v": 1.0}]}, {"source": 1, "prod": 0.08357376546520312, "target": 32, "value": 45.0, "supply": [{"l": "Bovine Meat", "v": 45.0}]}, {"source": 1, "prod": 0.066675654322774863, "target": 23, "value": 100.0, "supply": [{"l": "Freshwater Fish", "v": 100.0}]}, {"source": 1, "prod": 0.31216943652235185, "target": 25, "value": 344.0, "supply": [{"l": "Milk - Excluding Butter", "v": 344.0}]}, {"source": 1, "prod": 0.018389963863754515, "target": 34, "value": 15.0, "supply": [{"l": "Offals, Edible", "v": 15.0}]}, {"source": 1, "prod": 0.066675654322774863, "target": 27, "value": 100.0, "supply": [{"l": "Fish, Seafood", "v": 100.0}]}, {"source": 1, "prod": 0.0235066069040228, "target": 13, "value": 17.0, "supply": [{"l": "Meat, Other", "v": 17.0}]}, {"source": 1, "prod": 0.0070750277642500012, "target": 18, "value": 6.0, "supply": [{"l": "Eggs", "v": 7.0}]}, {"source": 1, "prod": 0.063675249878250004, "target": 29, "value": 30.0, "supply": [{"l": "Mutton & Goat Meat", "v": 30.0}]}, {"source": 39, "prod": 0.036913188335217388, "target": 15, "value": 4.0, "supply": [{"l": "Fats, Animals, Raw", "v": 4.0}]}, {"source": 39, "prod": 0.011707786157922596, "target": 31, "value": 31.0, "supply": [{"l": "Beverages, Fermented", "v": 31.0}]}, {"source": 39, "prod": 0.074774605361614677, "target": 9, "value": 18.0, "supply": [{"l": "Sugar", "v": 18.0}]}, {"source": 39, "prod": 0.00052150081800368545, "target": 10, "value": 1.0, "supply": [{"l": "Beer", "v": 1.0}]}, {"source": 39, "prod": 0.18501865058963207, "target": 11, "value": 18.0, "supply": [{"l": "Groundnut Oil", "v": 18.0}]}, {"source": 39, "prod": 0.12507638368941967, "target": 28, "value": 15.0, "supply": [{"l": "Oilcrops Oil, Other", "v": 15.0}]}]}