{"nodes": [{"layer": 5, "name": "Cereals - Excluding Beer"}, {"layer": 10, "name": "Feed", "fill": "#dbdb8d"}, {"layer": 5, "name": "Pulses"}, {"layer": 5, "name": "Oilcrops", "fill": "#ff9896"}, {"layer": 13, "name": "Milk - Excluding Butter"}, {"layer": 16, "name": "Food", "fill": "#b5cf6b"}, {"layer": 13, "name": "Meat"}, {"layer": 5, "name": "Treenuts"}, {"layer": 5, "name": "Stimulants"}, {"layer": 5, "name": "Vegetables"}, {"layer": 13, "name": "Alcoholic Beverages"}, {"layer": 5, "name": "Sugar Crops", "fill": "#ffbb78"}, {"layer": 13, "name": "Animal Fats"}, {"layer": 5, "name": "Starchy Roots"}, {"layer": 13, "name": "Fish, Seafood"}, {"layer": 5, "name": "Others"}, {"layer": 13, "name": "Sugar & Sweeteners"}, {"layer": 13, "name": "Vegetable Oils", "fill": "#f7b6d2"}, {"layer": 5, "name": "Spices"}, {"layer": 13, "name": "Eggs"}, {"layer": 5, "name": "Fruits - Excluding Wine"}, {"layer": 10, "name": "Processing", "fill": "#9edae5"}, {"layer": 16, "name": "Biofuels & Other", "fill": "#e7ba52"}, {"name": "Waste", "fill": "#c7c7c7"}, {"layer": 2, "name": "Import", "fill": "#aec7e8"}, {"layer": 16, "name": "Export", "fill": "#aec7e8"}, {"layer": 16, "name": "Stock Deposit", "fill": "#c7c7c7"}, {"layer": 0, "name": "Stock Draw", "fill": "#c7c7c7"}, {"name": "Crop Residue", "fill": "#bd9e39"}, {"layer": 2, "name": "Electricity", "fill": "#bcbd22"}, {"layer": 0, "name": "Fossil Fuels", "fill": "#c49c94"}, {"layer": 0, "name": "Renewables & Nuclear", "fill": "#2ca02c"}, {"layer": 2, "name": "Fertilizers", "fill": "#c5b0d5"}, {"layer": 0, "name": "Labor", "fill": "#7f7f7f"}], "links": [{"source": 0, "prod": 187.0, "target": 1, "value": 0.62384952328590704, "supply": [{"l": "Maize", "v": 0.30715703935005484}, {"l": "Wheat", "v": 0.04779627859375208}, {"l": "Barley", "v": 0.22954534524011114}, {"l": "Sorghum", "v": 0.039350860101988981}]}, {"source": 2, "prod": 3.0, "target": 1, "value": 0.012338983828081938, "supply": [{"l": "Pulses, Other", "v": 0.012338983828081938}]}, {"source": 3, "prod": 6.0, "target": 1, "value": 0.023632051501206189, "supply": [{"l": "Cottonseed", "v": 0.0039386752502010318}, {"l": "Soyabeans", "v": 0.019693376251005156}]}, {"source": 4, "prod": 235.0, "target": 5, "value": 0.12385416079485204, "supply": [{"l": "Milk - Excluding Butter", "v": 0.12385416079485204}]}, {"source": 6, "prod": 81.0, "target": 5, "value": 0.18142213091961196, "supply": [{"l": "Mutton & Goat Meat", "v": 0.041698836203455755}, {"l": "Pigmeat", "v": 0.0069104922348488373}, {"l": "Meat, Other", "v": 0.0028300111056999999}, {"l": "Poultry Meat", "v": 0.05168802667146373}, {"l": "Offals, Edible", "v": 0.0041754262215245898}, {"l": "Bovine Meat", "v": 0.074119338482619049}]}, {"source": 7, "prod": 10.0, "target": 5, "value": 0.032058719556757813, "supply": [{"l": "Treenuts", "v": 0.032058719556757813}]}, {"source": 8, "prod": 8.0, "target": 5, "value": 0.0095457924894581606, "supply": [{"l": "Cocoa Beans", "v": 0.005992964694423529}, {"l": "Coffee", "v": 0.0022052034589870131}, {"l": "Tea", "v": 0.0013476243360476192}]}, {"source": 9, "prod": 311.0, "target": 5, "value": 0.08291851795615908, "supply": [{"l": "Tomatoes", "v": 0.015439097649731557}, {"l": "Vegetables, Other", "v": 0.055411082688681008}, {"l": "Onions", "v": 0.012068337617746522}]}, {"source": 10, "prod": 20.0, "target": 5, "value": 0.017094590641570165, "supply": [{"l": "Beer", "v": 0.0067791140554790885}, {"l": "Beverages, Alcoholic", "v": 0.0073189942388793118}, {"l": "Wine", "v": 0.0029964823472117645}]}, {"source": 11, "prod": 1.0, "target": 5, "value": 0.00036385857073285719, "supply": [{"l": "Sugar cane", "v": 0.00036385857073285719}]}, {"source": 12, "prod": 10.0, "target": 5, "value": 0.089443951773813646, "supply": [{"l": "Fats, Animals, Raw", "v": 0.044119555159087075}, {"l": "Butter, Ghee", "v": 0.045324396614726564}]}, {"source": 13, "prod": 46.0, "target": 5, "value": 0.040431146394330576, "supply": [{"l": "Roots, Other", "v": 0.00077182121064545454}, {"l": "Potatoes", "v": 0.039659325183685125}]}, {"source": 2, "prod": 24.0, "target": 5, "value": 0.099268674492589387, "supply": [{"l": "Beans", "v": 0.0087827930866551732}, {"l": "Pulses, Other", "v": 0.090485881405934221}]}, {"source": 14, "prod": 4.0, "target": 5, "value": 0.0036753390983116883, "supply": [{"l": "Marine Fish, Other", "v": 0.001286368684409091}, {"l": "Pelagic Fish", "v": 0.001286368684409091}, {"l": "Fish, Seafood", "v": 0.0011026017294935065}]}, {"source": 15, "prod": 11.0, "target": 5, "value": 0.035263566027194104, "supply": [{"l": "Infant food", "v": 0.003859106053227273}, {"l": "Nuts", "v": 0.031404459973966833}]}, {"source": 16, "prod": 103.0, "target": 5, "value": 0.37029819581748863, "supply": [{"l": "Sugar", "v": 0.34153717089962543}, {"l": "Sweeteners, Other", "v": 0.028761024917863195}]}, {"source": 17, "prod": 32.0, "target": 5, "value": 0.32752944691447317, "supply": [{"l": "Maize Germ Oil", "v": 0.010107182520357146}, {"l": "Groundnut Oil", "v": 0.010325716196472974}, {"l": "Soyabean Oil", "v": 0.11320044422800001}, {"l": "Sunflowerseed Oil", "v": 0.0099351453710744692}, {"l": "Olive Oil", "v": 0.081858301689302929}, {"l": "Coconut Oil", "v": 0.010107182520357146}, {"l": "Oilcrops Oil, Other", "v": 0.040915823214939764}, {"l": "Sesameseed Oil", "v": 0.01005398682288158}, {"l": "Cottonseed Oil", "v": 0.041025664351087246}]}, {"source": 18, "prod": 2.0, "target": 5, "value": 0.007718212106454546, "supply": [{"l": "Spices, Other", "v": 0.007718212106454546}]}, {"source": 0, "prod": 363.0, "target": 5, "value": 1.2594947214051651, "supply": [{"l": "Barley", "v": 0.006288913568222222}, {"l": "Rice", "v": 0.099536644903228499}, {"l": "Wheat", "v": 1.1505247061496033}, {"l": "Oats", "v": 0.003144456784111111}]}, {"source": 19, "prod": 12.0, "target": 5, "value": 0.020205924804789145, "supply": [{"l": "Eggs", "v": 0.020205924804789145}]}, {"source": 20, "prod": 344.0, "target": 5, "value": 0.17620484028838831, "supply": [{"l": "Grapes", "v": 0.061119349795876958}, {"l": "Dates", "v": 0.0016980066634200001}, {"l": "Apples", "v": 0.0035873380213098595}, {"l": "Lemons, Limes", "v": 0.0066358881099172415}, {"l": "Bananas", "v": 0.015771593858062725}, {"l": "Fruits, Other", "v": 0.047461468379066202}, {"l": "Grapefruit", "v": 0.0011957793404366198}, {"l": "Oranges, Mandarines", "v": 0.038735416120298689}]}, {"source": 3, "prod": 18.0, "target": 5, "value": 0.055946944370173703, "supply": [{"l": "Olives", "v": 0.013644696402482146}, {"l": "Coconuts - Incl Copra", "v": 0.0026952486720952383}, {"l": "Sesame seed", "v": 0.021423448557168222}, {"l": "Groundnuts", "v": 0.0063675249878250009}, {"l": "Soyabeans", "v": 0.011816025750603094}]}, {"source": 0, "prod": 3.0, "target": 21, "value": 0.0094333703523333326, "supply": [{"l": "Barley", "v": 0.0094333703523333326}]}, {"source": 11, "prod": 118.0, "target": 21, "value": 0.13714222196, "supply": [{"l": "Sugar beet", "v": 0.13714222196}]}, {"source": 3, "prod": 121.0, "target": 21, "value": 0.37703741551436543, "supply": [{"l": "Cottonseed", "v": 0.082712180254221668}, {"l": "Soyabeans", "v": 0.16148568525824231}, {"l": "Olives", "v": 0.075803868902678581}, {"l": "Groundnuts", "v": 0.0063675249878250009}, {"l": "Oilcrops, Other", "v": 0.036385857073285718}, {"l": "Sesame seed", "v": 0.014282299038112149}]}, {"source": 20, "prod": 6.0, "target": 21, "value": 0.0048895479836701568, "supply": [{"l": "Grapes", "v": 0.0048895479836701568}]}, {"source": 6, "prod": 1.0, "target": 22, "value": 0.0029647735393047618, "supply": [{"l": "Bovine Meat", "v": 0.0029647735393047618}]}, {"source": 10, "prod": 1.0, "target": 22, "value": 0.0004842224325342206, "supply": [{"l": "Beer", "v": 0.0004842224325342206}]}, {"source": 12, "prod": 9.0, "target": 22, "value": 0.07941519928635675, "supply": [{"l": "Fats, Animals, Raw", "v": 0.07941519928635675}]}, {"source": 4, "prod": 9.0, "target": 22, "value": 0.0047433508389517799, "supply": [{"l": "Milk - Excluding Butter", "v": 0.0047433508389517799}]}, {"source": 2, "prod": 1.0, "target": 22, "value": 0.0041129946093606453, "supply": [{"l": "Pulses, Other", "v": 0.0041129946093606453}]}, {"source": 16, "prod": 8.0, "target": 22, "value": 0.028761024917863195, "supply": [{"l": "Sugar", "v": 0.028761024917863195}]}, {"source": 0, "prod": 51.0, "target": 22, "value": 0.17411501487723971, "supply": [{"l": "Wheat", "v": 0.17411501487723971}]}, {"source": 17, "prod": 9.0, "target": 22, "value": 0.09206726604847032, "supply": [{"l": "Olive Oil", "v": 0.020464575422325732}, {"l": "Palm Oil", "v": 0.061373734822409647}, {"l": "Oilcrops Oil, Other", "v": 0.010228955803734941}]}, {"source": 20, "prod": 26.0, "target": 22, "value": 0.021188041262570678, "supply": [{"l": "Grapes", "v": 0.021188041262570678}]}, {"source": 3, "prod": 3.0, "target": 22, "value": 0.0045482321341607148, "supply": [{"l": "Olives", "v": 0.0045482321341607148}]}, {"source": 13, "prod": 7.0, "target": 13, "value": 0.0061692283619065756, "supply": [{"l": "Potatoes", "v": 0.0061692283619065756}]}, {"source": 0, "prod": 7.0, "target": 0, "value": 0.02389813929687604, "supply": [{"l": "Wheat", "v": 0.02389813929687604}]}, {"source": 19, "prod": 2.0, "target": 19, "value": 0.0033676541341315243, "supply": [{"l": "Eggs", "v": 0.0033676541341315243}]}, {"source": 2, "prod": 1.0, "target": 2, "value": 0.0041129946093606453, "supply": [{"l": "Pulses, Other", "v": 0.0041129946093606453}]}, {"source": 4, "prod": 4.0, "target": 23, "value": 0.0021081559284230134, "supply": [{"l": "Milk - Excluding Butter", "v": 0.0021081559284230134}]}, {"source": 3, "prod": 5.0, "target": 23, "value": 0.012425582634562778, "supply": [{"l": "Olives", "v": 0.0045482321341607148}, {"l": "Soyabeans", "v": 0.0078773505004020635}]}, {"source": 9, "prod": 37.0, "target": 23, "value": 0.010042054208195629, "supply": [{"l": "Vegetables, Other", "v": 0.0063326951644206864}, {"l": "Onions", "v": 0.0018566673258071573}, {"l": "Tomatoes", "v": 0.0018526917179677868}]}, {"source": 13, "prod": 4.0, "target": 23, "value": 0.0035252733496609003, "supply": [{"l": "Potatoes", "v": 0.0035252733496609003}]}, {"source": 2, "prod": 1.0, "target": 23, "value": 0.0041129946093606453, "supply": [{"l": "Pulses, Other", "v": 0.0041129946093606453}]}, {"source": 20, "prod": 60.0, "target": 23, "value": 0.027371969289418725, "supply": [{"l": "Bananas", "v": 0.0021506718897358261}, {"l": "Apples", "v": 0.0029894483510915499}, {"l": "Fruits, Other", "v": 0.0060008753122957267}, {"l": "Grapes", "v": 0.0057044726476151832}, {"l": "Grapefruit", "v": 0.00059788967021830988}, {"l": "Oranges, Mandarines", "v": 0.0087575723402414426}, {"l": "Lemons, Limes", "v": 0.0011710390782206897}]}, {"source": 0, "prod": 16.0, "target": 23, "value": 0.053968431050834584, "supply": [{"l": "Maize", "v": 0.006980841803410338}, {"l": "Wheat", "v": 0.037554218895090911}, {"l": "Barley", "v": 0.0094333703523333326}]}, {"source": 19, "prod": 2.0, "target": 23, "value": 0.0033676541341315243, "supply": [{"l": "Eggs", "v": 0.0033676541341315243}]}, {"source": 24, "prod": 4.0, "target": 15, "value": 0.013280444045417322, "supply": [{"l": "Nuts", "v": 0.009421337992190049}, {"l": "Infant food", "v": 0.003859106053227273}]}, {"source": 24, "prod": 206.0, "target": 1, "value": 0.18586598182655137, "supply": [{"l": "Pigmeat", "v": 0.0069104922348488373}, {"l": "Meat, Other", "v": 0.0028300111056999999}, {"l": "Milk - Excluding Butter", "v": 0.086434393065343548}, {"l": "Mutton & Goat Meat", "v": 0.0083397672406911524}, {"l": "Poultry Meat", "v": 0.023628812192669137}, {"l": "Offals, Edible", "v": 0.0013918087405081967}, {"l": "Bovine Meat", "v": 0.056330697246790483}]}, {"source": 24, "prod": 599.0, "target": 0, "value": 2.0426823326974652, "supply": [{"l": "Maize", "v": 0.41885050820462028}, {"l": "Barley", "v": 0.31759013519522222}, {"l": "Rice", "v": 0.082225924050493115}, {"l": "Wheat", "v": 1.1846649051451406}, {"l": "Sorghum", "v": 0.039350860101988981}]}, {"source": 24, "prod": 20.0, "target": 2, "value": 0.082259892187212913, "supply": [{"l": "Pulses, Other", "v": 0.082259892187212913}]}, {"source": 24, "prod": 129.0, "target": 21, "value": 0.68569569693786891, "supply": [{"l": "Sugar", "v": 0.28401512106389903}, {"l": "Maize Germ Oil", "v": 0.010107182520357146}, {"l": "Beer", "v": 0.0009684448650684412}, {"l": "Beverages, Alcoholic", "v": 0.0073189942388793118}, {"l": "Fats, Animals, Raw", "v": 0.1147108434136264}, {"l": "Soyabean Oil", "v": 0.041163797901090905}, {"l": "Butter, Ghee", "v": 0.045324396614726564}, {"l": "Palm Oil", "v": 0.061373734822409647}, {"l": "Olive Oil", "v": 0.040929150844651464}, {"l": "Coconut Oil", "v": 0.010107182520357146}, {"l": "Oilcrops Oil, Other", "v": 0.040915823214939764}, {"l": "Sweeteners, Other", "v": 0.028761024917863195}]}, {"source": 24, "prod": 3.0, "target": 7, "value": 0.0096176158670273453, "supply": [{"l": "Treenuts", "v": 0.0096176158670273453}]}, {"source": 24, "prod": 62.0, "target": 9, "value": 0.01918456293609146, "supply": [{"l": "Tomatoes", "v": 0.002058546353297541}, {"l": "Vegetables, Other", "v": 0.0092351804481135003}, {"l": "Onions", "v": 0.0078908361346804179}]}, {"source": 24, "prod": 8.0, "target": 8, "value": 0.0095457924894581606, "supply": [{"l": "Coffee", "v": 0.0022052034589870131}, {"l": "Cocoa Beans", "v": 0.005992964694423529}, {"l": "Tea", "v": 0.0013476243360476192}]}, {"source": 24, "prod": 6.0, "target": 20, "value": 0.0055032394384997158, "supply": [{"l": "Grapes", "v": 0.0032596986557801044}, {"l": "Dates", "v": 0.0016980066634200001}, {"l": "Fruits, Other", "v": 0.0005455341192996115}]}, {"source": 24, "prod": 85.0, "target": 3, "value": 0.35762589257557487, "supply": [{"l": "Coconuts - Incl Copra", "v": 0.0026952486720952383}, {"l": "Sesame seed", "v": 0.042846897114336445}, {"l": "Cottonseed", "v": 0.086650855504422697}, {"l": "Groundnuts", "v": 0.0063675249878250009}, {"l": "Oilcrops, Other", "v": 0.018192928536642859}, {"l": "Soyabeans", "v": 0.2008724377602526}]}, {"source": 24, "prod": 2.0, "target": 18, "value": 0.007718212106454546, "supply": [{"l": "Spices, Other", "v": 0.007718212106454546}]}, {"source": 24, "prod": 27.0, "target": 13, "value": 0.023686097983441304, "supply": [{"l": "Roots, Other", "v": 0.00077182121064545454}, {"l": "Potatoes", "v": 0.022914276772795849}]}, {"source": 3, "prod": 2.0, "target": 25, "value": 0.012431834500039287, "supply": [{"l": "Groundnuts", "v": 0.0063675249878250009}, {"l": "Oilcrops, Other", "v": 0.0060643095122142861}]}, {"source": 9, "prod": 21.0, "target": 25, "value": 0.0076864504679571947, "supply": [{"l": "Tomatoes", "v": 0.00020585463532975408}, {"l": "Vegetables, Other", "v": 0.0023747606866577572}, {"l": "Onions", "v": 0.0051058351459696829}]}, {"source": 13, "prod": 40.0, "target": 25, "value": 0.035252733496608998, "supply": [{"l": "Potatoes", "v": 0.035252733496608998}]}, {"source": 2, "prod": 15.0, "target": 25, "value": 0.061694919140409692, "supply": [{"l": "Pulses, Other", "v": 0.061694919140409692}]}, {"source": 16, "prod": 1.0, "target": 25, "value": 0.0035951281147328993, "supply": [{"l": "Sweeteners, Other", "v": 0.0035951281147328993}]}, {"source": 0, "prod": 68.0, "target": 25, "value": 0.23070505926062679, "supply": [{"l": "Maize", "v": 0.11169346885456541}, {"l": "Rice", "v": 0.017310720852735394}, {"l": "Wheat", "v": 0.013656079598214878}, {"l": "Barley", "v": 0.088044789955111113}]}, {"source": 17, "prod": 1.0, "target": 25, "value": 0.010232287711162866, "supply": [{"l": "Olive Oil", "v": 0.010232287711162866}]}, {"source": 18, "prod": 1.0, "target": 25, "value": 0.003859106053227273, "supply": [{"l": "Spices, Other", "v": 0.003859106053227273}]}, {"source": 19, "prod": 6.0, "target": 25, "value": 0.010102962402394573, "supply": [{"l": "Eggs", "v": 0.010102962402394573}]}, {"source": 20, "prod": 267.0, "target": 25, "value": 0.12125202037519667, "supply": [{"l": "Oranges, Mandarines", "v": 0.039072245825692596}, {"l": "Fruits, Other", "v": 0.008728545908793784}, {"l": "Grapefruit", "v": 0.0038862828564190138}, {"l": "Apples", "v": 0.047831173617464799}, {"l": "Lemons, Limes", "v": 0.0039034635940689653}, {"l": "Bananas", "v": 0.00071689062991194203}, {"l": "Grapes", "v": 0.01711341794284555}]}, {"source": 17, "prod": 6.0, "target": 26, "value": 0.061387062452121346, "supply": [{"l": "Olive Oil", "v": 0.040929150844651464}, {"l": "Oilcrops Oil, Other", "v": 0.020457911607469882}]}, {"source": 27, "prod": 3.0, "target": 3, "value": 0.018192928536642859, "supply": [{"l": "Oilcrops, Other", "v": 0.018192928536642859}]}, {"source": 27, "prod": 2.0, "target": 1, "value": 0.0055598448271274347, "supply": [{"l": "Mutton & Goat Meat", "v": 0.0055598448271274347}]}, {"source": 9, "prod": 2.0, "target": 26, "value": 0.00072802912996931791, "supply": [{"l": "Vegetables, Other", "v": 0.00026386229851752858}, {"l": "Onions", "v": 0.00046416683145178932}]}, {"source": 27, "prod": 17.0, "target": 2, "value": 0.070199310293097908, "supply": [{"l": "Beans", "v": 0.0043913965433275866}, {"l": "Pulses, Other", "v": 0.065807913749770325}]}, {"source": 12, "prod": 1.0, "target": 26, "value": 0.008823911031817417, "supply": [{"l": "Fats, Animals, Raw", "v": 0.008823911031817417}]}, {"source": 27, "prod": 11.0, "target": 21, "value": 0.04588642651840346, "supply": [{"l": "Sugar", "v": 0.035951281147328991}, {"l": "Sunflowerseed Oil", "v": 0.0099351453710744692}]}, {"source": 27, "prod": 40.0, "target": 0, "value": 0.14387007849118982, "supply": [{"l": "Wheat", "v": 0.10924863678571903}, {"l": "Rice", "v": 0.034621441705470789}]}, {"source": 1, "prod": 248.0, "target": 4, "value": 0.13070566756222682, "supply": [{"l": "Milk - Excluding Butter", "v": 0.13070566756222682}]}, {"source": 1, "prod": 20.0, "target": 19, "value": 0.033676541341315244, "supply": [{"l": "Eggs", "v": 0.037044195475446767}]}, {"source": 1, "prod": 82.0, "target": 6, "value": 0.18438690445891673, "supply": [{"l": "Pigmeat", "v": 0.0069104922348488373}, {"l": "Bovine Meat", "v": 0.077084112021923806}, {"l": "Poultry Meat", "v": 0.05168802667146373}, {"l": "Offals, Edible", "v": 0.0041754262215245898}, {"l": "Meat, Other", "v": 0.0028300111056999999}, {"l": "Mutton & Goat Meat", "v": 0.041698836203455755}]}, {"source": 1, "prod": 4.0, "target": 14, "value": 0.0036753390983116883, "supply": [{"l": "Pelagic Fish", "v": 0.001286368684409091}, {"l": "Marine Fish, Other", "v": 0.001286368684409091}, {"l": "Fish, Seafood", "v": 0.0011026017294935065}]}, {"source": 21, "prod": 112.0, "target": 16, "value": 0.40265434885008472, "supply": [{"l": "Sweeteners, Other", "v": 0.032356153032596091}, {"l": "Sugar", "v": 0.37029819581748863}]}, {"source": 21, "prod": 48.0, "target": 17, "value": 0.49121606312622768, "supply": [{"l": "Olive Oil", "v": 0.153484315667443}, {"l": "Sesameseed Oil", "v": 0.01005398682288158}, {"l": "Soyabean Oil", "v": 0.11320044422800001}, {"l": "Coconut Oil", "v": 0.010107182520357146}, {"l": "Maize Germ Oil", "v": 0.010107182520357146}, {"l": "Groundnut Oil", "v": 0.010325716196472974}, {"l": "Cottonseed Oil", "v": 0.041025664351087246}, {"l": "Oilcrops Oil, Other", "v": 0.071602690626144577}, {"l": "Palm Oil", "v": 0.061373734822409647}, {"l": "Sunflowerseed Oil", "v": 0.0099351453710744692}]}, {"source": 21, "prod": 20.0, "target": 12, "value": 0.17768306209198784, "supply": [{"l": "Fats, Animals, Raw", "v": 0.13235866547726124}, {"l": "Butter, Ghee", "v": 0.045324396614726564}]}, {"source": 21, "prod": 21.0, "target": 10, "value": 0.017578813074104385, "supply": [{"l": "Beer", "v": 0.007263336488013309}, {"l": "Beverages, Alcoholic", "v": 0.0073189942388793118}, {"l": "Wine", "v": 0.0029964823472117645}]}, {"source": 3, "prod": 112.0, "target": 28, "value": 0.26893912399197639, "supply": [{"l": "Olives", "v": 0.22663333290000001}, {"l": "Sunflower seed", "v": 0.0017433333300000001}, {"l": "Coconuts - Incl Copra", "v": 0.0034866666600000002}, {"l": "Sesame seed", "v": 0.0087166666499999997}, {"l": "Soyabeans", "v": 0.088909999830000003}, {"l": "Groundnuts", "v": 0.010459999980000001}, {"l": "Oilcrops, Other", "v": 0.018789259223333334}, {"l": "Cottonseed", "v": 0.038353333260000004}]}, {"source": 9, "prod": 339.5, "target": 28, "value": 1.2110708009563744, "supply": [{"l": "Tomatoes", "v": 0.27893333280000004}, {"l": "Vegetables, Other", "v": 0.78798666516000004}, {"l": "Onions", "v": 0.11680333311}]}, {"source": 11, "prod": 47.600000000000001, "target": 28, "value": 0.055002432212293145, "supply": [{"l": "Sugar cane", "v": 0.00014554342829314288}, {"l": "Sugar beet", "v": 0.054856888784000003}]}, {"source": 13, "prod": 42.0, "target": 28, "value": 0.15590863728940227, "supply": [{"l": "Roots, Other", "v": 0.0017433333299999999}, {"l": "Potatoes", "v": 0.14469666639000003}]}, {"source": 2, "prod": 26.5, "target": 28, "value": 0.089714366721605932, "supply": [{"l": "Beans", "v": 0.0052299999900000003}, {"l": "Pulses, Other", "v": 0.087166666500000003}]}, {"source": 0, "prod": 751.0, "target": 28, "value": 2.7265857943135212, "supply": [{"l": "Maize", "v": 0.46018973978793437}, {"l": "Barley", "v": 0.40793999922000002}, {"l": "Rice", "v": 0.09413999982}, {"l": "Wheat", "v": 1.6352466635399996}, {"l": "Oats", "v": 0.0069733333199999996}, {"l": "Sorghum", "v": 0.041839999920000009}]}, {"source": 29, "prod": 0, "target": 3, "value": 0.00075356916996942411, "supply": "[{\"l\":'Energy for power irrigation',\"v\":0.00075356916996942411}]"}, {"source": 29, "prod": 0, "target": 7, "value": 5.7190517363750934e-05, "supply": "[{\"l\":'Energy for power irrigation',\"v\":5.7190517363750934e-05}]"}, {"source": 29, "prod": 0, "target": 9, "value": 0.002284256546469817, "supply": "[{\"l\":'Energy for power irrigation',\"v\":0.002284256546469817}]"}, {"source": 29, "prod": 0, "target": 11, "value": 0.00080066724309251316, "supply": "[{\"l\":'Energy for power irrigation',\"v\":0.00080066724309251316}]"}, {"source": 29, "prod": 0, "target": 13, "value": 0.00056517687747706803, "supply": "[{\"l\":'Energy for power irrigation',\"v\":0.00056517687747706803}]"}, {"source": 29, "prod": 0, "target": 2, "value": 0.0001782998482516941, "supply": "[{\"l\":'Energy for power irrigation',\"v\":0.0001782998482516941}]"}, {"source": 29, "prod": 0, "target": 15, "value": 6.0554665443971583e-05, "supply": "[{\"l\":'Energy for power irrigation',\"v\":6.0554665443971583e-05}]"}, {"source": 29, "prod": 0, "target": 0, "value": 0.002526475208245703, "supply": "[{\"l\":'Energy for power irrigation',\"v\":0.002526475208245703}]"}, {"source": 29, "prod": 0, "target": 20, "value": 0.0046963507199880182, "supply": "[{\"l\":'Energy for power irrigation',\"v\":0.0046963507199880182}]"}, {"source": 29, "prod": 0, "target": 21, "value": 0.041665500000000001, "supply": "[{\"l\":'Electricity',\"v\":0.041665500000000001}]"}, {"source": 30, "prod": 0, "target": 29, "value": 0.092033832537501775, "supply": [{"l": "Coal", "v": 0.0}, {"l": "Natural gas", "v": 0.0}, {"l": "Oil", "v": 0.092033832537501775}]}, {"source": 31, "prod": 0, "target": 29, "value": 0.018652190060933715, "supply": [{"l": "Nuclear", "v": 0.0}, {"l": "Hydroelectric", "v": 0.018652190060933715}, {"l": "Renewable", "v": 0.0}]}, {"source": 30, "prod": 0, "target": 3, "value": 0.031206708835379991, "supply": [{"l": "Other fossil fuels", "v": 0.031206708835379991}]}, {"source": 30, "prod": 0, "target": 7, "value": 0.0023683662955422311, "supply": [{"l": "Other fossil fuels", "v": 0.0023683662955422311}]}, {"source": 30, "prod": 0, "target": 9, "value": 0.094595336157245594, "supply": [{"l": "Other fossil fuels", "v": 0.094595336157245594}]}, {"source": 30, "prod": 0, "target": 11, "value": 0.033157128137591238, "supply": [{"l": "Other fossil fuels", "v": 0.033157128137591238}]}, {"source": 30, "prod": 0, "target": 13, "value": 0.02340503162653499, "supply": [{"l": "Other fossil fuels", "v": 0.02340503162653499}]}, {"source": 30, "prod": 0, "target": 2, "value": 0.0073837302155140153, "supply": [{"l": "Other fossil fuels", "v": 0.0073837302155140153}]}, {"source": 30, "prod": 0, "target": 15, "value": 0.0025076819599858919, "supply": [{"l": "Other fossil fuels", "v": 0.0025076819599858919}]}, {"source": 30, "prod": 0, "target": 0, "value": 0.10462606399718916, "supply": [{"l": "Other fossil fuels", "v": 0.10462606399718916}]}, {"source": 30, "prod": 0, "target": 20, "value": 0.19448466756335031, "supply": [{"l": "Other fossil fuels", "v": 0.19448466756335031}]}, {"source": 32, "prod": 1.9848101265822786, "target": 3, "value": 0.020445872183882871, "supply": [{"l": "Potash", "v": 0.018203611125673997}, {"l": "Phosphate", "v": 0.042083333366999993}, {"l": "Nitrogen", "v": 0.26420000021135998}]}, {"source": 32, "prod": 0.15063291139240506, "target": 7, "value": 0.0015516956568125391, "supply": [{"l": "Potash", "v": 0.018203611125673997}, {"l": "Phosphate", "v": 0.042083333366999993}, {"l": "Nitrogen", "v": 0.26420000021135998}]}, {"source": 32, "prod": 6.0164556962025317, "target": 9, "value": 0.061976550057394948, "supply": [{"l": "Potash", "v": 0.018203611125673997}, {"l": "Phosphate", "v": 0.042083333366999993}, {"l": "Nitrogen", "v": 0.26420000021135998}]}, {"source": 32, "prod": 2.108860759493671, "target": 11, "value": 0.021723739195375551, "supply": [{"l": "Potash", "v": 0.018203611125673997}, {"l": "Phosphate", "v": 0.042083333366999993}, {"l": "Nitrogen", "v": 0.26420000021135998}]}, {"source": 32, "prod": 1.4886075949367088, "target": 13, "value": 0.015334404137912152, "supply": [{"l": "Potash", "v": 0.018203611125673997}, {"l": "Phosphate", "v": 0.042083333366999993}, {"l": "Nitrogen", "v": 0.26420000021135998}]}, {"source": 32, "prod": 0.46962025316455697, "target": 2, "value": 0.0048376394006508575, "supply": [{"l": "Potash", "v": 0.018203611125673997}, {"l": "Phosphate", "v": 0.042083333366999993}, {"l": "Nitrogen", "v": 0.26420000021135998}]}, {"source": 32, "prod": 0.15949367088607594, "target": 15, "value": 0.0016429718719191593, "supply": [{"l": "Potash", "v": 0.018203611125673997}, {"l": "Phosphate", "v": 0.042083333366999993}, {"l": "Nitrogen", "v": 0.26420000021135998}]}, {"source": 32, "prod": 6.6544303797468354, "target": 0, "value": 0.068548437545071589, "supply": [{"l": "Potash", "v": 0.018203611125673997}, {"l": "Phosphate", "v": 0.042083333366999993}, {"l": "Nitrogen", "v": 0.26420000021135998}]}, {"source": 32, "prod": 12.369620253164557, "target": 20, "value": 0.12742159628884148, "supply": [{"l": "Potash", "v": 0.018203611125673997}, {"l": "Phosphate", "v": 0.042083333366999993}, {"l": "Nitrogen", "v": 0.26420000021135998}]}, {"source": 30, "prod": 0, "target": 32, "value": 0.39931889336632009, "supply": [{"l": "Natural gas (including LNG)", "v": 0.26758134390170385}, {"l": "Fuel oil", "v": 0.085034601969626755}, {"l": "Liquefied petroleum gas (LPG)", "v": 0.023351473747494737}, {"l": "Coal", "v": 0.023351473747494737}]}, {"source": 33, "prod": 0, "target": 13, "value": 0.0037271784977891656, "supply": "[{\"l\":'Labor',\"v\":0.0037271784977891656}]"}, {"source": 33, "prod": 0, "target": 3, "value": 0.0049695713303855547, "supply": "[{\"l\":'Labor',\"v\":0.0049695713303855547}]"}, {"source": 33, "prod": 0, "target": 7, "value": 0.00037715496703818937, "supply": "[{\"l\":'Labor',\"v\":0.00037715496703818937}]"}, {"source": 33, "prod": 0, "target": 9, "value": 0.015064013095231211, "supply": "[{\"l\":'Labor',\"v\":0.015064013095231211}]"}, {"source": 33, "prod": 0, "target": 15, "value": 0.00039934055333455351, "supply": "[{\"l\":'Labor',\"v\":0.00039934055333455351}]"}, {"source": 33, "prod": 0, "target": 11, "value": 0.0052801695385346521, "supply": "[{\"l\":'Labor',\"v\":0.0052801695385346521}]"}, {"source": 33, "prod": 0, "target": 2, "value": 0.0011758360737072963, "supply": "[{\"l\":'Labor',\"v\":0.0011758360737072963}]"}, {"source": 33, "prod": 0, "target": 0, "value": 0.016661375308569426, "supply": "[{\"l\":'Labor',\"v\":0.016661375308569426}]"}, {"source": 33, "prod": 0, "target": 18, "value": 6.6556758889092251e-05, "supply": "[{\"l\":'Labor',\"v\":6.6556758889092251e-05}]"}, {"source": 33, "prod": 0, "target": 8, "value": 0.00017748469037091267, "supply": "[{\"l\":'Labor',\"v\":0.00017748469037091267}]"}, {"source": 33, "prod": 0, "target": 20, "value": 0.030971078469724262, "supply": "[{\"l\":'Labor',\"v\":0.030971078469724262}]"}, {"source": 30, "prod": 0, "target": 24, "value": 6.7201652566710415, "supply": "[{\"l\":'Fossil Fuels',\"v\":6.7201652566710415}]"}, {"source": 31, "prod": 0, "target": 24, "value": 0.60969512496581002, "supply": "[{\"l\":'Renewables & Nuclear',\"v\":0.23375196904808401},{\"l\":'Biomass & Waste',\"v\":0.37594315591772604}]"}]}