{"nodes": [{"layer": 5, "name": "Fruits, Roots & Vegetables", "fill": "#98df8a"}, {"layer": 10, "name": "Feed", "fill": "#dbdb8d"}, {"layer": 5, "name": "Cereals", "fill": "#e7ba52"}, {"layer": 5, "name": "Oilcrops", "fill": "#ff9896"}, {"layer": 13, "name": "Other Processed", "fill": "#9c9ede"}, {"layer": 16, "name": "Food", "fill": "#b5cf6b"}, {"layer": 13, "name": "Animal Products", "fill": "#17becf"}, {"layer": 13, "name": "Sugar", "fill": "#d6616b"}, {"layer": 13, "name": "Aquatic Products", "fill": "#1f77b4"}, {"layer": 13, "name": "Vegetable Oils", "fill": "#f7b6d2"}, {"layer": 10, "name": "Processing", "fill": "#9edae5"}, {"layer": 5, "name": "Sugar Crops", "fill": "#ffbb78"}, {"layer": 16, "name": "Biofuels & Other", "fill": "#e7ba52"}, {"name": "Waste", "fill": "#c7c7c7"}, {"layer": 2, "name": "Import", "fill": "#aec7e8"}, {"layer": 16, "name": "Export", "fill": "#aec7e8"}, {"layer": 0, "name": "Stock Draw", "fill": "#c7c7c7"}, {"layer": 16, "name": "Stock Deposit", "fill": "#c7c7c7"}, {"name": "Crop Residue", "fill": "#bd9e39"}, {"layer": 2, "name": "Electricity", "fill": "#bcbd22"}, {"layer": 0, "name": "Fossil Fuels", "fill": "#c49c94"}, {"layer": 0, "name": "Renewables & Nuclear", "fill": "#2ca02c"}, {"layer": 2, "name": "Fertilizers", "fill": "#c5b0d5"}, {"layer": 0, "name": "Labor", "fill": "#7f7f7f"}], "links": [{"source": 0, "prod": 6.0, "target": 1, "value": 0.024119412832670453, "supply": [{"l": "Pulses, Other", "v": 0.024119412832670453}]}, {"source": 2, "prod": 130.0, "target": 1, "value": 0.42668556960580079, "supply": [{"l": "Maize", "v": 0.19488169766338381}, {"l": "Wheat", "v": 0.027313845665900637}, {"l": "Barley", "v": 0.15294545313893385}, {"l": "Oats", "v": 0.018866740704666669}, {"l": "Sorghum", "v": 0.032677832432915839}]}, {"source": 3, "prod": 2.0, "target": 1, "value": 0.0065307948593076922, "supply": [{"l": "Cottonseed", "v": 0.0032653974296538461}, {"l": "Soyabeans", "v": 0.0032653974296538461}]}, {"source": 4, "prod": 20.0, "target": 5, "value": 0.066789084666205562, "supply": [{"l": "Beer", "v": 0.004860706097576337}, {"l": "Beverages, Alcoholic", "v": 0.0036385857073285722}, {"l": "Butter, Ghee", "v": 0.026379746378132146}, {"l": "Fats, Animals, Raw", "v": 0.029080035377468505}, {"l": "Wine", "v": 0.0028300111056999999}]}, {"source": 6, "prod": 270.0, "target": 5, "value": 0.28620102542080933, "supply": [{"l": "Pigmeat", "v": 0.0059788967021830999}, {"l": "Eggs", "v": 0.026303837662937757}, {"l": "Mutton & Goat Meat", "v": 0.056822009818208459}, {"l": "Milk - Excluding Butter", "v": 0.11079000434293557}, {"l": "Poultry Meat", "v": 0.023928549186406505}, {"l": "Offals, Edible", "v": 0.0064318434220454555}, {"l": "Bovine Meat", "v": 0.055945884286092491}]}, {"source": 2, "prod": 324.0, "target": 5, "value": 1.1231919323223605, "supply": [{"l": "Barley", "v": 0.0031213357783455888}, {"l": "Rice", "v": 0.086614580068182789}, {"l": "Wheat", "v": 1.0310976738877489}, {"l": "Oats", "v": 0.0023583425880833336}]}, {"source": 3, "prod": 8.0, "target": 5, "value": 0.027315709378790201, "supply": [{"l": "Olives", "v": 0.0058841815069009904}, {"l": "Coconuts - Incl Copra", "v": 0.0015160773780535715}, {"l": "Sesame seed", "v": 0.013547925506010638}, {"l": "Groundnuts", "v": 0.0063675249878250009}]}, {"source": 0, "prod": 586.0, "target": 5, "value": 0.3880899631117235, "supply": [{"l": "Roots, Other", "v": 0.0015722283920555555}, {"l": "Nuts", "v": 0.039953097962823522}, {"l": "Cocoa Beans", "v": 0.0034419053988243241}, {"l": "Tomatoes", "v": 0.012058991767066112}, {"l": "Coffee", "v": 0.0016980066634200001}, {"l": "Treenuts", "v": 0.040604507168739132}, {"l": "Vegetables, Other", "v": 0.049821638488650913}, {"l": "Peas", "v": 0.0036385857073285722}, {"l": "Grapes", "v": 0.040295335794357873}, {"l": "Dates", "v": 0.0095608483300675656}, {"l": "Potatoes", "v": 0.029361590111267644}, {"l": "Beans", "v": 0.0083967362476813183}, {"l": "Apples", "v": 0.014087444663329647}, {"l": "Lemons, Limes", "v": 0.0026887821445710169}, {"l": "Bananas", "v": 0.010407544556623329}, {"l": "Spices, Other", "v": 0.0080311125972567562}, {"l": "Tea", "v": 0.0010481522613703706}, {"l": "Fruits, Other", "v": 0.03252161120656466}, {"l": "Grapefruit", "v": 0.0011622222200000001}, {"l": "Oranges, Mandarines", "v": 0.024098347843296938}, {"l": "Onions", "v": 0.0094223500598656553}, {"l": "Pulses, Other", "v": 0.044218923526562509}]}, {"source": 7, "prod": 62.0, "target": 5, "value": 0.20700418312479779, "supply": [{"l": "Sugar", "v": 0.20032662883044947}, {"l": "Sweeteners, Other", "v": 0.0066775542943483153}]}, {"source": 8, "prod": 16.0, "target": 5, "value": 0.014726923969582834, "supply": [{"l": "Marine Fish, Other", "v": 0.0015436424212909091}, {"l": "Pelagic Fish", "v": 0.0051268317132246374}, {"l": "Fish, Seafood", "v": 0.0073826376670434787}, {"l": "Demersal Fish", "v": 0.00067381216802380958}]}, {"source": 9, "prod": 20.0, "target": 5, "value": 0.20544603920019694, "supply": [{"l": "Groundnut Oil", "v": 0.010290949475272728}, {"l": "Soyabean Oil", "v": 0.0097961922889615374}, {"l": "Olive Oil", "v": 0.082580651936819668}, {"l": "Coconut Oil", "v": 0.010612541646375}, {"l": "Oilcrops Oil, Other", "v": 0.030810604779798391}, {"l": "Sesameseed Oil", "v": 0.0097961922889615374}, {"l": "Cottonseed Oil", "v": 0.051558906784008103}]}, {"source": 0, "prod": 5.0, "target": 10, "value": 0.0039505231170939093, "supply": [{"l": "Grapes", "v": 0.0039505231170939093}]}, {"source": 11, "prod": 110.0, "target": 10, "value": 0.12784444420000002, "supply": [{"l": "Sugar beet", "v": 0.12784444420000002}]}, {"source": 2, "prod": 2.0, "target": 10, "value": 0.0062426715566911775, "supply": [{"l": "Barley", "v": 0.0062426715566911775}]}, {"source": 3, "prod": 115.7165991902834, "target": 10, "value": 0.30103303632991413, "supply": [{"l": "Cottonseed", "v": 0.11102351260823076}, {"l": "Soyabeans", "v": 0.016326987148269231}, {"l": "Olives", "v": 0.088262722603514851}, {"l": "Groundnuts", "v": 0.0063675249878250009}, {"l": "Oilcrops, Other", "v": 0.024257238048857144}, {"l": "Sesame seed", "v": 0.013547925506010638}, {"l": "Oil Palm", "v": 0.041247125427206488}]}, {"source": 0, "prod": 23.0, "target": 12, "value": 0.018172406338631982, "supply": [{"l": "Grapes", "v": 0.018172406338631982}]}, {"source": 4, "prod": 5.0, "target": 12, "value": 0.04846672562911418, "supply": [{"l": "Fats, Animals, Raw", "v": 0.04846672562911418}]}, {"source": 9, "prod": 5.0, "target": 12, "value": 0.051538927291074295, "supply": [{"l": "Olive Oil", "v": 0.020645162984204917}, {"l": "Palm Oil", "v": 0.010311781356801622}, {"l": "Cottonseed Oil", "v": 0.010311781356801622}, {"l": "Oilcrops Oil, Other", "v": 0.01027020159326613}]}, {"source": 0, "prod": 9.0, "target": 0, "value": 0.010928511576723737, "supply": [{"l": "Potatoes", "v": 0.006908609437945328}, {"l": "Pulses, Other", "v": 0.0040199021387784094}]}, {"source": 6, "prod": 1.0, "target": 6, "value": 0.0016439898539336098, "supply": [{"l": "Eggs", "v": 0.0016439898539336098}]}, {"source": 2, "prod": 12.0, "target": 2, "value": 0.040677873568958967, "supply": [{"l": "Wheat", "v": 0.037556537790613374}, {"l": "Barley", "v": 0.0031213357783455888}]}, {"source": 0, "prod": 84.0, "target": 13, "value": 0.041843104467348138, "supply": [{"l": "Bananas", "v": 0.002081508911324666}, {"l": "Potatoes", "v": 0.003454304718972664}, {"l": "Apples", "v": 0.0045079822922654868}, {"l": "Vegetables, Other", "v": 0.005649876529640825}, {"l": "Fruits, Other", "v": 0.0042157644156657886}, {"l": "Grapes", "v": 0.0031604184936751272}, {"l": "Oranges, Mandarines", "v": 0.0058524559048006852}, {"l": "Lemons, Limes", "v": 0.0014666084424932821}, {"l": "Onions", "v": 0.0019836526441822429}, {"l": "Tomatoes", "v": 0.001430727836770556}, {"l": "Pulses, Other", "v": 0.0080398042775568189}]}, {"source": 6, "prod": 8.0, "target": 13, "value": 0.0078322314555949544, "supply": [{"l": "Milk - Excluding Butter", "v": 0.0029002618937941245}, {"l": "Eggs", "v": 0.0049319695618008294}]}, {"source": 2, "prod": 13.0, "target": 13, "value": 0.043928282232946682, "supply": [{"l": "Maize", "v": 0.0035433035938797052}, {"l": "Wheat", "v": 0.034142307082375797}, {"l": "Barley", "v": 0.0062426715566911775}]}, {"source": 3, "prod": 3.0, "target": 13, "value": 0.0044131361301757424, "supply": [{"l": "Olives", "v": 0.0044131361301757424}]}, {"source": 14, "prod": 51.0, "target": 10, "value": 0.25290178729768059, "supply": [{"l": "Coconut Oil", "v": 0.010612541646375}, {"l": "Sugar", "v": 0.11685720015109552}, {"l": "Beverages, Alcoholic", "v": 0.0036385857073285722}, {"l": "Oilcrops Oil, Other", "v": 0.01027020159326613}, {"l": "Butter, Ghee", "v": 0.026379746378132146}, {"l": "Fats, Animals, Raw", "v": 0.067853415880759854}, {"l": "Sweeteners, Other", "v": 0.0066775542943483153}, {"l": "Sunflowerseed Oil", "v": 0.010612541646375}]}, {"source": 14, "prod": 433.0, "target": 2, "value": 1.4850344164623988, "supply": [{"l": "Maize", "v": 0.18070848328786496}, {"l": "Oats", "v": 0.023583425880833338}, {"l": "Barley", "v": 0.12485343113382355}, {"l": "Rice", "v": 0.11259895408863763}, {"l": "Sorghum", "v": 0.032677832432915839}, {"l": "Wheat", "v": 1.0106122896383234}]}, {"source": 14, "prod": 58.0, "target": 3, "value": 0.2404196002378361, "supply": [{"l": "Soyabeans", "v": 0.019592384577923075}, {"l": "Sesame seed", "v": 0.027095851012021277}, {"l": "Cottonseed", "v": 0.11428891003788461}, {"l": "Groundnuts", "v": 0.012735049975650002}, {"l": "Oilcrops, Other", "v": 0.066707404634357148}]}, {"source": 14, "prod": 195.0, "target": 0, "value": 0.36558231770191407, "supply": [{"l": "Dates", "v": 0.0095608483300675656}, {"l": "Potatoes", "v": 0.013817218875890656}, {"l": "Nuts", "v": 0.01664712415117647}, {"l": "Coffee", "v": 0.0016980066634200001}, {"l": "Cocoa Beans", "v": 0.0034419053988243241}, {"l": "Fruits, Other", "v": 0.0018067561781424807}, {"l": "Tomatoes", "v": 0.0022482866006394444}, {"l": "Treenuts", "v": 0.016918544653641301}, {"l": "Spices, Other", "v": 0.016062225194513512}, {"l": "Tea", "v": 0.0010481522613703706}, {"l": "Apples", "v": 0.00056349778653318585}, {"l": "Vegetables, Other", "v": 0.017206442158451601}, {"l": "Grapes", "v": 0.00079010462341878179}, {"l": "Onions", "v": 0.0024795658052278037}, {"l": "Pulses, Other", "v": 0.2612936390205966}]}, {"source": 14, "prod": 132.0, "target": 1, "value": 0.095456643818556494, "supply": [{"l": "Fish, Seafood", "v": 0.0064598079586630445}, {"l": "Milk - Excluding Butter", "v": 0.064965866420988394}, {"l": "Marine Fish, Other", "v": 0.0015436424212909091}, {"l": "Pelagic Fish", "v": 0.0041014653705797105}, {"l": "Pigmeat", "v": 0.0029894483510915499}, {"l": "Bovine Meat", "v": 0.014722601127919076}, {"l": "Demersal Fish", "v": 0.00067381216802380958}]}, {"source": 0, "prod": 359.0, "target": 15, "value": 0.34181616358712058, "supply": [{"l": "Pulses, Other", "v": 0.17285579196747161}, {"l": "Oranges, Mandarines", "v": 0.027885231075815028}, {"l": "Potatoes", "v": 0.044042385166901468}, {"l": "Fruits, Other", "v": 0.0090337808907124048}, {"l": "Grapefruit", "v": 0.0023244444400000001}, {"l": "Apples", "v": 0.047897311855320798}, {"l": "Lemons, Limes", "v": 0.0097773896166218812}, {"l": "Tomatoes", "v": 0.00081755876386888906}, {"l": "Bananas", "v": 0.006938363037748886}, {"l": "Spices, Other", "v": 0.0080311125972567562}, {"l": "Vegetables, Other", "v": 0.0023113131257621552}, {"l": "Grapes", "v": 0.0039505231170939093}, {"l": "Onions", "v": 0.0059509579325467297}]}, {"source": 9, "prod": 1.0, "target": 15, "value": 0.010311781356801622, "supply": [{"l": "Palm Oil", "v": 0.010311781356801622}]}, {"source": 6, "prod": 12.0, "target": 15, "value": 0.018663940772028532, "supply": [{"l": "Milk - Excluding Butter", "v": 0.00058005237875882493}, {"l": "Eggs", "v": 0.018083888393269708}]}, {"source": 2, "prod": 11.0, "target": 15, "value": 0.034078603920954777, "supply": [{"l": "Maize", "v": 0.0035433035938797052}, {"l": "Oats", "v": 0.0070750277642500003}, {"l": "Sorghum", "v": 0.0032677832432915837}, {"l": "Wheat", "v": 0.017071153541187899}, {"l": "Barley", "v": 0.0031213357783455888}]}, {"source": 3, "prod": 3.0, "target": 15, "value": 0.018799359487864289, "supply": [{"l": "Groundnuts", "v": 0.012735049975650002}, {"l": "Oilcrops, Other", "v": 0.0060643095122142861}]}, {"source": 16, "prod": 2.0, "target": 0, "value": 0.004800620183221486, "supply": [{"l": "Fruits, Other", "v": 0.00060225205938082703}, {"l": "Beans", "v": 0.0041983681238406591}]}, {"source": 9, "prod": 4.0, "target": 17, "value": 0.041580286122682379, "supply": [{"l": "Olive Oil", "v": 0.030967744476307377}, {"l": "Sunflowerseed Oil", "v": 0.010612541646375}]}, {"source": 6, "prod": 11.0, "target": 17, "value": 0.0063805761663470739, "supply": [{"l": "Milk - Excluding Butter", "v": 0.0063805761663470739}]}, {"source": 2, "prod": 33.0, "target": 17, "value": 0.11725210484769791, "supply": [{"l": "Wheat", "v": 0.09559845983065221}, {"l": "Rice", "v": 0.021653645017045697}]}, {"source": 16, "prod": 5.0, "target": 1, "value": 0.014006470425197412, "supply": [{"l": "Bovine Meat", "v": 0.0058890404511676309}, {"l": "Mutton & Goat Meat", "v": 0.0081174299740297811}]}, {"source": 0, "prod": 71.0, "target": 17, "value": 0.090294852936699671, "supply": [{"l": "Vegetables, Other", "v": 0.00051362513905825675}, {"l": "Pulses, Other", "v": 0.06029853208167614}, {"l": "Onions", "v": 0.0069427842546378512}, {"l": "Apples", "v": 0.022539911461327437}]}, {"source": 3, "prod": 6.0, "target": 17, "value": 0.036385857073285718, "supply": [{"l": "Oilcrops, Other", "v": 0.036385857073285718}]}, {"source": 16, "prod": 16.0, "target": 10, "value": 0.060393438564413988, "supply": [{"l": "Sugar", "v": 0.050081657207612366}, {"l": "Palm Oil", "v": 0.010311781356801622}]}, {"source": 1, "prod": 16.0, "target": 8, "value": 0.014726923969582834, "supply": [{"l": "Demersal Fish", "v": 0.00067381216802380958}, {"l": "Pelagic Fish", "v": 0.0051268317132246374}, {"l": "Marine Fish, Other", "v": 0.0015436424212909091}, {"l": "Fish, Seafood", "v": 0.0073826376670434787}]}, {"source": 1, "prod": 301.0, "target": 6, "value": 0.31907777381477992, "supply": [{"l": "Poultry Meat", "v": 0.023928549186406505}, {"l": "Pigmeat", "v": 0.0059788967021830999}, {"l": "Bovine Meat", "v": 0.055945884286092491}, {"l": "Eggs", "v": 0.050963685471941904}, {"l": "Milk - Excluding Butter", "v": 0.12065089478183559}, {"l": "Offals, Edible", "v": 0.0064318434220454555}, {"l": "Mutton & Goat Meat", "v": 0.056822009818208459}]}, {"source": 10, "prod": 25.0, "target": 4, "value": 0.11525581029531974, "supply": [{"l": "Fats, Animals, Raw", "v": 0.077546761006582685}, {"l": "Beer", "v": 0.004860706097576337}, {"l": "Beverages, Alcoholic", "v": 0.0036385857073285722}, {"l": "Butter, Ghee", "v": 0.026379746378132146}, {"l": "Wine", "v": 0.0028300111056999999}]}, {"source": 10, "prod": 30.0, "target": 9, "value": 0.30887703397075522, "supply": [{"l": "Olive Oil", "v": 0.13419355939733196}, {"l": "Sesameseed Oil", "v": 0.0097961922889615374}, {"l": "Soyabean Oil", "v": 0.0097961922889615374}, {"l": "Coconut Oil", "v": 0.010612541646375}, {"l": "Palm Oil", "v": 0.020623562713603244}, {"l": "Groundnut Oil", "v": 0.010290949475272728}, {"l": "Cottonseed Oil", "v": 0.061870688140809725}, {"l": "Oilcrops Oil, Other", "v": 0.041080806373064521}, {"l": "Sunflowerseed Oil", "v": 0.010612541646375}]}, {"source": 10, "prod": 62.0, "target": 7, "value": 0.20700418312479779, "supply": [{"l": "Sweeteners, Other", "v": 0.0066775542943483153}, {"l": "Sugar", "v": 0.20032662883044947}]}, {"source": 0, "prod": 1046.5, "target": 18, "value": 3.1129963970513934, "supply": [{"l": "Vegetables, Other", "v": 0.67641333204000009}, {"l": "Tomatoes", "v": 0.22488999957}, {"l": "Roots, Other", "v": 0.0017433333299999999}, {"l": "Peas", "v": 0.0034866666600000002}, {"l": "Potatoes", "v": 0.15515666637}, {"l": "Beans", "v": 0.0069733333199999996}, {"l": "Pulses, Other", "v": 0.15689999970000001}, {"l": "Onions", "v": 0.16212999969000005}]}, {"source": 11, "prod": 44.0, "target": 18, "value": 0.05113777768000001, "supply": [{"l": "Sugar beet", "v": 0.05113777768000001}]}, {"source": 2, "prod": 617.0, "target": 18, "value": 2.2405208702056036, "supply": [{"l": "Maize", "v": 0.23439980268239682}, {"l": "Barley", "v": 0.25103999952000006}, {"l": "Rice", "v": 0.087166666500000003}, {"l": "Wheat", "v": 1.5062399971200002}, {"l": "Oats", "v": 0.048813333240000006}, {"l": "Sorghum", "v": 0.041839999920000003}]}, {"source": 3, "prod": 99.5, "target": 18, "value": 0.25053018115448772, "supply": [{"l": "Olives", "v": 0.23534999955000002}, {"l": "Sunflower seed", "v": 0.0017433333300000001}, {"l": "Coconuts - Incl Copra", "v": 0.0017433333300000001}, {"l": "Sesame seed", "v": 0.0069733333200000004}, {"l": "Soyabeans", "v": 0.010459999980000001}, {"l": "Groundnuts", "v": 0.010459999980000001}, {"l": "Oilcrops, Other", "v": 0.035613809455714289}, {"l": "Cottonseed", "v": 0.061016666550000001}]}, {"source": 19, "prod": 0, "target": 0, "value": 0.0024497639924782656, "supply": "[{\"l\":'Energy for power irrigation',\"v\":0.0024497639924782656}]"}, {"source": 19, "prod": 0, "target": 11, "value": 0.0002575002763235635, "supply": "[{\"l\":'Energy for power irrigation',\"v\":0.0002575002763235635}]"}, {"source": 19, "prod": 0, "target": 2, "value": 0.0007221712295074486, "supply": "[{\"l\":'Energy for power irrigation',\"v\":0.0007221712295074486}]"}, {"source": 19, "prod": 0, "target": 3, "value": 0.00025566640427834419, "supply": "[{\"l\":'Energy for power irrigation',\"v\":0.00025566640427834419}]"}, {"source": 19, "prod": 0, "target": 10, "value": 0.025857900000000003, "supply": "[{\"l\":'Electricity',\"v\":0.025857900000000003}]"}, {"source": 20, "prod": 0, "target": 19, "value": 0.041479361489059369, "supply": [{"l": "Coal", "v": 0.0}, {"l": "Natural gas", "v": 0.0}, {"l": "Oil", "v": 0.041479361489059369}]}, {"source": 21, "prod": 0, "target": 19, "value": 0.013780844536745069, "supply": [{"l": "Nuclear", "v": 0.0}, {"l": "Hydroelectric", "v": 0.013780844536745069}, {"l": "Renewable", "v": 0.0}]}, {"source": 20, "prod": 0, "target": 0, "value": 0.28923748002128635, "supply": [{"l": "Other fossil fuels", "v": 0.28923748002128635}]}, {"source": 20, "prod": 0, "target": 11, "value": 0.030402410704578591, "supply": [{"l": "Other fossil fuels", "v": 0.030402410704578591}]}, {"source": 20, "prod": 0, "target": 2, "value": 0.085264942748749975, "supply": [{"l": "Other fossil fuels", "v": 0.085264942748749975}]}, {"source": 20, "prod": 0, "target": 3, "value": 0.030185890039457652, "supply": [{"l": "Other fossil fuels", "v": 0.030185890039457652}]}, {"source": 22, "prod": 14.97871259401566, "target": 0, "value": 0.17754639853218523, "supply": [{"l": "Potash", "v": 0.00769166667282}, {"l": "Phosphate", "v": 0.029458333356899995}, {"l": "Nitrogen", "v": 0.22992738907283078}]}, {"source": 22, "prod": 1.5744466176222862, "target": 11, "value": 0.018662306582456163, "supply": [{"l": "Potash", "v": 0.00769166667282}, {"l": "Phosphate", "v": 0.029458333356899995}, {"l": "Nitrogen", "v": 0.22992738907283078}]}, {"source": 22, "prod": 4.415607104877048, "target": 2, "value": 0.052339287097161152, "supply": [{"l": "Potash", "v": 0.00769166667282}, {"l": "Phosphate", "v": 0.029458333356899995}, {"l": "Nitrogen", "v": 0.22992738907283078}]}, {"source": 22, "prod": 1.5632336834850058, "target": 3, "value": 0.018529396890748204, "supply": [{"l": "Potash", "v": 0.00769166667282}, {"l": "Phosphate", "v": 0.029458333356899995}, {"l": "Nitrogen", "v": 0.22992738907283078}]}, {"source": 20, "prod": 0, "target": 22, "value": 0.32131558364576923, "supply": [{"l": "Natural gas (including LNG)", "v": 0.21774608881400817}, {"l": "Fuel oil", "v": 0.062924957470149423}, {"l": "Liquefied petroleum gas (LPG)", "v": 0.02032226868080584}, {"l": "Coal", "v": 0.02032226868080584}]}, {"source": 23, "prod": 0, "target": 2, "value": 0.01216368660496699, "supply": "[{\"l\":'Labor',\"v\":0.01216368660496699}]"}, {"source": 23, "prod": 0, "target": 3, "value": 0.0043062446826933505, "supply": "[{\"l\":'Labor',\"v\":0.0043062446826933505}]"}, {"source": 23, "prod": 0, "target": 0, "value": 0.041261906100803741, "supply": "[{\"l\":'Labor',\"v\":0.041261906100803741}]"}, {"source": 23, "prod": 0, "target": 11, "value": 0.0043371329871843391, "supply": "[{\"l\":'Labor',\"v\":0.0043371329871843391}]"}, {"source": 20, "prod": 0, "target": 14, "value": 6.9011583206962799, "supply": "[{\"l\":'Fossil Fuels',\"v\":6.9011583206962799}]"}, {"source": 21, "prod": 0, "target": 14, "value": 0.59880486061781724, "supply": "[{\"l\":'Renewables & Nuclear',\"v\":0.23180615646245703},{\"l\":'Biomass & Waste',\"v\":0.36699870415536023}]"}]}