{"nodes": [{"layer": 5, "name": "Fruits, Roots & Vegetables", "fill": "#98df8a"}, {"layer": 10, "name": "Feed", "fill": "#dbdb8d"}, {"layer": 5, "name": "Cereals", "fill": "#e7ba52"}, {"layer": 5, "name": "Oilcrops", "fill": "#ff9896"}, {"layer": 13, "name": "Other Processed", "fill": "#9c9ede"}, {"layer": 16, "name": "Food", "fill": "#b5cf6b"}, {"layer": 13, "name": "Animal Products", "fill": "#17becf"}, {"layer": 5, "name": "Sugar Crops", "fill": "#ffbb78"}, {"layer": 13, "name": "Sugar", "fill": "#d6616b"}, {"layer": 13, "name": "Aquatic Products", "fill": "#1f77b4"}, {"layer": 13, "name": "Vegetable Oils", "fill": "#f7b6d2"}, {"layer": 10, "name": "Processing", "fill": "#9edae5"}, {"layer": 16, "name": "Biofuels & Other", "fill": "#e7ba52"}, {"name": "Waste", "fill": "#c7c7c7"}, {"layer": 2, "name": "Import", "fill": "#aec7e8"}, {"layer": 16, "name": "Export", "fill": "#aec7e8"}, {"layer": 0, "name": "Stock Draw", "fill": "#c7c7c7"}, {"layer": 16, "name": "Stock Deposit", "fill": "#c7c7c7"}, {"layer": 2, "name": "Electricity", "fill": "#bcbd22"}, {"layer": 0, "name": "Fossil Fuels", "fill": "#c49c94"}, {"layer": 0, "name": "Renewables & Nuclear", "fill": "#2ca02c"}, {"layer": 2, "name": "Fertilizers", "fill": "#c5b0d5"}, {"layer": 0, "name": "Labor", "fill": "#7f7f7f"}], "links": [{"source": 0, "prod": 2.0, "target": 1, "value": 0.008152680999864239, "supply": [{"l": "Pulses, Other", "v": 0.008152680999864239}]}, {"source": 2, "prod": 178.0, "target": 1, "value": 0.62130150273124563, "supply": [{"l": "Maize", "v": 0.50666538045870757}, {"l": "Wheat", "v": 0.037555556630445908}, {"l": "Barley", "v": 0.077080565642092105}]}, {"source": 3, "prod": 8.0, "target": 1, "value": 0.033218318886318023, "supply": [{"l": "Cottonseed", "v": 0.0051410433494518838}, {"l": "Soyabeans", "v": 0.028077275536866137}]}, {"source": 4, "prod": 37.0, "target": 5, "value": 0.14274498995584609, "supply": [{"l": "Beer", "v": 0.0076437598996398704}, {"l": "Beverages, Alcoholic", "v": 0.0073189942388793118}, {"l": "Fats, Animals, Raw", "v": 0.060073881954931407}, {"l": "Butter, Ghee", "v": 0.064069768155066917}, {"l": "Wine", "v": 0.0036385857073285718}]}, {"source": 6, "prod": 447.0, "target": 5, "value": 0.45374659945588003, "supply": [{"l": "Mutton & Goat Meat", "v": 0.035128166599500001}, {"l": "Pigmeat", "v": 0.012577827136444444}, {"l": "Meat, Other", "v": 0.0049360658820348834}, {"l": "Poultry Meat", "v": 0.076798512112932399}, {"l": "Eggs", "v": 0.054091347020294327}, {"l": "Milk - Excluding Butter", "v": 0.17251506420537122}, {"l": "Offals, Edible", "v": 0.0055490413837254891}, {"l": "Bovine Meat", "v": 0.092150575115577282}]}, {"source": 2, "prod": 355.0, "target": 5, "value": 1.2319568859475489, "supply": [{"l": "Barley", "v": 0.0067026578819210534}, {"l": "Rice", "v": 0.098857213879998296}, {"l": "Wheat", "v": 1.1232525574015186}, {"l": "Oats", "v": 0.003144456784111111}]}, {"source": 3, "prod": 10.0, "target": 5, "value": 0.048511587871919927, "supply": [{"l": "Coconuts - Incl Copra", "v": 0.003144456784111111}, {"l": "Sesame seed", "v": 0.020791918327591835}, {"l": "Groundnuts", "v": 0.012542094672988637}, {"l": "Soyabeans", "v": 0.012033118087228347}]}, {"source": 0, "prod": 808.0, "target": 5, "value": 0.5652894749870695, "supply": [{"l": "Roots, Other", "v": 0.00088437847053125004}, {"l": "Infant food", "v": 0.0036385857073285722}, {"l": "Nuts", "v": 0.034167207251743902}, {"l": "Cocoa Beans", "v": 0.010419586343713635}, {"l": "Tomatoes", "v": 0.018900431313067859}, {"l": "Coffee", "v": 0.0033139535252620827}, {"l": "Treenuts", "v": 0.033195627898613751}, {"l": "Vegetables, Other", "v": 0.063107298569637413}, {"l": "Peas", "v": 0.0045482321341607148}, {"l": "Grapes", "v": 0.061144623131423173}, {"l": "Dates", "v": 0.0016980066634200001}, {"l": "Potatoes", "v": 0.083206997777630673}, {"l": "Beans", "v": 0.0037733481409333329}, {"l": "Apples", "v": 0.0068334414503487817}, {"l": "Lemons, Limes", "v": 0.0043048056255718305}, {"l": "Bananas", "v": 0.015164458051199269}, {"l": "Spices, Other", "v": 0.0037733481409333329}, {"l": "Tea", "v": 0.0012735049975650002}, {"l": "Fruits, Other", "v": 0.040065325766089892}, {"l": "Grapefruit", "v": 0.003343330542533413}, {"l": "Oranges, Mandarines", "v": 0.031007078201582612}, {"l": "Onions", "v": 0.011159349785883281}, {"l": "Pulses, Other", "v": 0.12636655549789572}]}, {"source": 7, "prod": 1.0, "target": 5, "value": 0.00031099023139560442, "supply": [{"l": "Sugar cane", "v": 0.00031099023139560442}]}, {"source": 8, "prod": 91.0, "target": 5, "value": 0.37738402376828312, "supply": [{"l": "Sugar", "v": 0.35858176269692016}, {"l": "Sweeteners, Other", "v": 0.014333822483415587}, {"l": "Honey", "v": 0.0044684385879473695}]}, {"source": 9, "prod": 4.0, "target": 5, "value": 0.0036753390983116888, "supply": [{"l": "Marine Fish, Other", "v": 0.001286368684409091}, {"l": "Fish, Seafood", "v": 0.0011026017294935065}, {"l": "Pelagic Fish", "v": 0.001286368684409091}]}, {"source": 10, "prod": 35.0, "target": 5, "value": 0.3603605385790456, "supply": [{"l": "Maize Germ Oil", "v": 0.010151126792184783}, {"l": "Groundnut Oil", "v": 0.020540403186532261}, {"l": "Soyabean Oil", "v": 0.13340227970360641}, {"l": "Sunflowerseed Oil", "v": 0.02122508329275}, {"l": "Olive Oil", "v": 0.08257429664576714}, {"l": "Oilcrops Oil, Other", "v": 0.050650766948607956}, {"l": "Cottonseed Oil", "v": 0.041816582009597016}]}, {"source": 0, "prod": 6.0, "target": 11, "value": 0.0048272070893228816, "supply": [{"l": "Grapes", "v": 0.0048272070893228816}]}, {"source": 7, "prod": 43.0, "target": 11, "value": 0.049975555460000001, "supply": [{"l": "Sugar beet", "v": 0.049975555460000001}]}, {"source": 2, "prod": 3.0, "target": 11, "value": 0.01005398682288158, "supply": [{"l": "Barley", "v": 0.01005398682288158}]}, {"source": 3, "prod": 158.0, "target": 11, "value": 0.5040933571938726, "supply": [{"l": "Cottonseed", "v": 0.10796191033848956}, {"l": "Soyabeans", "v": 0.21659612557011024}, {"l": "Olives", "v": 0.14211577509058698}, {"l": "Groundnuts", "v": 0.031355236682471588}, {"l": "Oilcrops, Other", "v": 0.0060643095122142861}]}, {"source": 4, "prod": 13.0, "target": 12, "value": 0.10346153263075278, "supply": [{"l": "Fats, Animals, Raw", "v": 0.10298379763702528}, {"l": "Beer", "v": 0.0004777349937274919}]}, {"source": 6, "prod": 27.0, "target": 12, "value": 0.025327150980991808, "supply": [{"l": "Milk - Excluding Butter", "v": 0.011762390741275313}, {"l": "Bovine Meat", "v": 0.005945198394553374}, {"l": "Eggs", "v": 0.0049173951836631209}, {"l": "Mutton & Goat Meat", "v": 0.0027021666614999999}]}, {"source": 2, "prod": 30.0, "target": 12, "value": 0.10419224179987009, "supply": [{"l": "Wheat", "v": 0.095595962332044149}, {"l": "Rice", "v": 0.0085962794678259395}]}, {"source": 0, "prod": 39.0, "target": 12, "value": 0.041871897970417113, "supply": [{"l": "Treenuts", "v": 0.0030177843544194317}, {"l": "Potatoes", "v": 0.0061310419415096292}, {"l": "Vegetables, Other", "v": 0.00054638353739945805}, {"l": "Nuts", "v": 0.0031061097501585365}, {"l": "Pulses, Other", "v": 0.008152680999864239}, {"l": "Grapes", "v": 0.020917897387065822}]}, {"source": 8, "prod": 7.0, "target": 12, "value": 0.029186887661377225, "supply": [{"l": "Sugar", "v": 0.029186887661377225}]}, {"source": 10, "prod": 14.0, "target": 12, "value": 0.14500000686309353, "supply": [{"l": "Olive Oil", "v": 0.030965361242162669}, {"l": "Soyabean Oil", "v": 0.01026171382335434}, {"l": "Coconut Oil", "v": 0.031837624939125002}, {"l": "Cottonseed Oil", "v": 0.010454145502399254}, {"l": "Palm Oil", "v": 0.051351007966330658}, {"l": "Oilcrops Oil, Other", "v": 0.010130153389721593}]}, {"source": 0, "prod": 10.0, "target": 0, "value": 0.0119591087104445, "supply": [{"l": "Potatoes", "v": 0.0078827682105123802}, {"l": "Pulses, Other", "v": 0.0040763404999321195}]}, {"source": 6, "prod": 4.0, "target": 6, "value": 0.0065565269115508288, "supply": [{"l": "Eggs", "v": 0.0065565269115508288}]}, {"source": 2, "prod": 3.0, "target": 2, "value": 0.010242424535576156, "supply": [{"l": "Wheat", "v": 0.010242424535576156}]}, {"source": 0, "prod": 113.0, "target": 13, "value": 0.056172605132761927, "supply": [{"l": "Bananas", "v": 0.0014442341001142161}, {"l": "Potatoes", "v": 0.0087586313450137548}, {"l": "Apples", "v": 0.0031061097501585365}, {"l": "Vegetables, Other", "v": 0.0071029859861929555}, {"l": "Fruits, Other", "v": 0.0068683415599011229}, {"l": "Grapes", "v": 0.0056317416042100275}, {"l": "Grapefruit", "v": 0.00091181742069093086}, {"l": "Oranges, Mandarines", "v": 0.0086130772782173921}, {"l": "Lemons, Limes", "v": 0.0014349352085239436}, {"l": "Onions", "v": 0.001785495965741325}, {"l": "Tomatoes", "v": 0.0023625539141334823}, {"l": "Pulses, Other", "v": 0.008152680999864239}]}, {"source": 6, "prod": 12.0, "target": 13, "value": 0.012116455553196973, "supply": [{"l": "Milk - Excluding Butter", "v": 0.0039207969137584368}, {"l": "Eggs", "v": 0.0081956586394385349}]}, {"source": 2, "prod": 18.0, "target": 13, "value": 0.062017943090519251, "supply": [{"l": "Maize", "v": 0.021111057519112818}, {"l": "Wheat", "v": 0.037555556630445908}, {"l": "Barley", "v": 0.0033513289409605267}]}, {"source": 3, "prod": 6.0, "target": 13, "value": 0.015404716391862376, "supply": [{"l": "Olives", "v": 0.0073826376670434787}, {"l": "Soyabeans", "v": 0.0080220787248188978}]}, {"source": 14, "prod": 137.0, "target": 11, "value": 0.80402196660499425, "supply": [{"l": "Sugar", "v": 0.32105576427514948}, {"l": "Maize Germ Oil", "v": 0.010151126792184783}, {"l": "Beer", "v": 0.0028664099623649515}, {"l": "Beverages, Alcoholic", "v": 0.0073189942388793118}, {"l": "Fats, Animals, Raw", "v": 0.13731173018270038}, {"l": "Soyabean Oil", "v": 0.051308569116771702}, {"l": "Butter, Ghee", "v": 0.073222592177219339}, {"l": "Palm Oil", "v": 0.051351007966330658}, {"l": "Sunflowerseed Oil", "v": 0.031837624939125002}, {"l": "Olive Oil", "v": 0.010321787080720892}, {"l": "Coconut Oil", "v": 0.031837624939125002}, {"l": "Oilcrops Oil, Other", "v": 0.050650766948607956}, {"l": "Sweeteners, Other", "v": 0.014333822483415587}, {"l": "Cottonseed Oil", "v": 0.010454145502399254}]}, {"source": 14, "prod": 684.0, "target": 2, "value": 2.3857348157505727, "supply": [{"l": "Maize", "v": 1.0133307609174151}, {"l": "Barley", "v": 0.090485881405934221}, {"l": "Rice", "v": 0.10745349334782425}, {"l": "Wheat", "v": 1.1744646800793992}]}, {"source": 14, "prod": 100.0, "target": 3, "value": 0.4461181123558845, "supply": [{"l": "Coconuts - Incl Copra", "v": 0.003144456784111111}, {"l": "Sesame seed", "v": 0.027722557770122447}, {"l": "Cottonseed", "v": 0.11310295368794146}, {"l": "Groundnuts", "v": 0.031355236682471588}, {"l": "Oilcrops, Other", "v": 0.0060643095122142861}, {"l": "Soyabeans", "v": 0.26472859791902364}]}, {"source": 14, "prod": 263.0, "target": 0, "value": 0.38026146690787749, "supply": [{"l": "Roots, Other", "v": 0.00088437847053125004}, {"l": "Nuts", "v": 0.012424439000634146}, {"l": "Infant food", "v": 0.0036385857073285722}, {"l": "Tomatoes", "v": 0.0025773315426910713}, {"l": "Coffee", "v": 0.0033139535252620827}, {"l": "Treenuts", "v": 0.012071137417677727}, {"l": "Vegetables, Other", "v": 0.010654478979289433}, {"l": "Peas", "v": 0.0045482321341607148}, {"l": "Grapes", "v": 0.0016090690297742938}, {"l": "Dates", "v": 0.0016980066634200001}, {"l": "Cocoa Beans", "v": 0.010419586343713635}, {"l": "Potatoes", "v": 0.096344944795151322}, {"l": "Pulses, Other", "v": 0.19974068449667384}, {"l": "Bananas", "v": 0.0014442341001142161}, {"l": "Spices, Other", "v": 0.0075466962818666657}, {"l": "Tea", "v": 0.0012735049975650002}, {"l": "Fruits, Other", "v": 0.0011447235933168538}, {"l": "Onions", "v": 0.0089274798287066262}]}, {"source": 14, "prod": 261.0, "target": 1, "value": 0.22644567276923744, "supply": [{"l": "Pigmeat", "v": 0.0094333703523333326}, {"l": "Meat, Other", "v": 0.0049360658820348834}, {"l": "Eggs", "v": 0.0065565269115508288}, {"l": "Milk - Excluding Butter", "v": 0.12378515970580209}, {"l": "Mutton & Goat Meat", "v": 0.013510833307500001}, {"l": "Poultry Meat", "v": 0.0073844723185511928}, {"l": "Offals, Edible", "v": 0.0013872603459313723}, {"l": "Bovine Meat", "v": 0.059451983945533735}]}, {"source": 0, "prod": 511.0, "target": 15, "value": 0.33122909638498454, "supply": [{"l": "Grapes", "v": 0.021722431901952968}, {"l": "Spices, Other", "v": 0.0037733481409333329}, {"l": "Potatoes", "v": 0.10948289181267194}, {"l": "Apples", "v": 0.054046309652758542}, {"l": "Vegetables, Other", "v": 0.0024587259182975614}, {"l": "Fruits, Other", "v": 0.023466833662995502}, {"l": "Grapefruit", "v": 0.0036472696827637235}, {"l": "Oranges, Mandarines", "v": 0.046510617302373915}, {"l": "Lemons, Limes", "v": 0.0086096112511436611}, {"l": "Onions", "v": 0.0058028618886593062}, {"l": "Tomatoes", "v": 0.0027921091712486612}, {"l": "Pulses, Other", "v": 0.048916085999185427}]}, {"source": 6, "prod": 7.0, "target": 15, "value": 0.011473922095213949, "supply": [{"l": "Eggs", "v": 0.011473922095213949}]}, {"source": 2, "prod": 152.0, "target": 15, "value": 0.53324697740044602, "supply": [{"l": "Maize", "v": 0.49259134211263239}, {"l": "Wheat", "v": 0.023898990583011037}, {"l": "Barley", "v": 0.016756644704802634}]}, {"source": 3, "prod": 4.0, "target": 15, "value": 0.026196635733769829, "supply": [{"l": "Sesame seed", "v": 0.013861278885061223}, {"l": "Groundnuts", "v": 0.0062710473364943186}, {"l": "Oilcrops, Other", "v": 0.0060643095122142861}]}, {"source": 8, "prod": 1.0, "target": 15, "value": 0.0035834556208538967, "supply": [{"l": "Sweeteners, Other", "v": 0.0035834556208538967}]}, {"source": 16, "prod": 5.0, "target": 0, "value": 0.0022318699571766566, "supply": [{"l": "Onions", "v": 0.0022318699571766566}]}, {"source": 10, "prod": 12.0, "target": 17, "value": 0.12446365377681595, "supply": [{"l": "Olive Oil", "v": 0.072252509565046238}, {"l": "Soyabean Oil", "v": 0.01026171382335434}, {"l": "Groundnut Oil", "v": 0.01027020159326613}, {"l": "Cottonseed Oil", "v": 0.010454145502399254}, {"l": "Sunflowerseed Oil", "v": 0.02122508329275}]}, {"source": 6, "prod": 30.0, "target": 17, "value": 0.018945468161356383, "supply": [{"l": "Milk - Excluding Butter", "v": 0.016243301499856384}, {"l": "Mutton & Goat Meat", "v": 0.0027021666614999999}]}, {"source": 4, "prod": 2.0, "target": 17, "value": 0.0096305590158799088, "supply": [{"l": "Beer", "v": 0.0004777349937274919}, {"l": "Butter, Ghee", "v": 0.0091528240221524174}]}, {"source": 0, "prod": 10.0, "target": 17, "value": 0.036956433937048713, "supply": [{"l": "Fruits, Other", "v": 0.00057236179665842691}, {"l": "Beans", "v": 0.0037733481409333329}, {"l": "Pulses, Other", "v": 0.032610723999456956}]}, {"source": 16, "prod": 1.0, "target": 3, "value": 0.0069306394425306117, "supply": [{"l": "Sesame seed", "v": 0.0069306394425306117}]}, {"source": 16, "prod": 14.0, "target": 11, "value": 0.067198630835198503, "supply": [{"l": "Fats, Animals, Raw", "v": 0.017163966272837547}, {"l": "Sugar", "v": 0.050034664562360956}]}, {"source": 16, "prod": 25.0, "target": 2, "value": 0.085353537796467982, "supply": [{"l": "Wheat", "v": 0.085353537796467982}]}, {"source": 1, "prod": 4.0, "target": 9, "value": 0.0036753390983116888, "supply": [{"l": "Pelagic Fish", "v": 0.001286368684409091}, {"l": "Marine Fish, Other", "v": 0.001286368684409091}, {"l": "Fish, Seafood", "v": 0.0011026017294935065}]}, {"source": 1, "prod": 523.0, "target": 6, "value": 0.52160959624663905, "supply": [{"l": "Milk - Excluding Butter", "v": 0.20444155336026135}, {"l": "Pigmeat", "v": 0.012577827136444444}, {"l": "Bovine Meat", "v": 0.098095773510130657}, {"l": "Eggs", "v": 0.085234849850160763}, {"l": "Poultry Meat", "v": 0.076798512112932399}, {"l": "Offals, Edible", "v": 0.0055490413837254891}, {"l": "Meat, Other", "v": 0.0049360658820348834}, {"l": "Mutton & Goat Meat", "v": 0.0405324999225}]}, {"source": 11, "prod": 52.0, "target": 4, "value": 0.25583708160247876, "supply": [{"l": "Fats, Animals, Raw", "v": 0.16305767959195669}, {"l": "Beer", "v": 0.0085992298870948541}, {"l": "Beverages, Alcoholic", "v": 0.0073189942388793118}, {"l": "Butter, Ghee", "v": 0.073222592177219339}, {"l": "Wine", "v": 0.0036385857073285718}]}, {"source": 11, "prod": 61.0, "target": 10, "value": 0.62982419921895505, "supply": [{"l": "Olive Oil", "v": 0.18579216745297605}, {"l": "Soyabean Oil", "v": 0.15392570735031508}, {"l": "Coconut Oil", "v": 0.031837624939125002}, {"l": "Maize Germ Oil", "v": 0.010151126792184783}, {"l": "Groundnut Oil", "v": 0.030810604779798391}, {"l": "Cottonseed Oil", "v": 0.062724873014395527}, {"l": "Oilcrops Oil, Other", "v": 0.060780920338329547}, {"l": "Palm Oil", "v": 0.051351007966330658}, {"l": "Sunflowerseed Oil", "v": 0.0424501665855}]}, {"source": 11, "prod": 99.0, "target": 8, "value": 0.41015436705051422, "supply": [{"l": "Honey", "v": 0.0044684385879473695}, {"l": "Sweeteners, Other", "v": 0.017917278104269484}, {"l": "Sugar", "v": 0.38776865035829738}]}, {"source": 18, "prod": 0, "target": 0, "value": 0.010484278042044555, "supply": "[{\"l\":'Energy for power irrigation',\"v\":0.010484278042044555}]"}, {"source": 18, "prod": 0, "target": 7, "value": 0.00033807858838399437, "supply": "[{\"l\":'Energy for power irrigation',\"v\":0.00033807858838399437}]"}, {"source": 18, "prod": 0, "target": 2, "value": 0.0029543458462192242, "supply": "[{\"l\":'Energy for power irrigation',\"v\":0.0029543458462192242}]"}, {"source": 18, "prod": 0, "target": 3, "value": 0.0010372865779963464, "supply": "[{\"l\":'Energy for power irrigation',\"v\":0.0010372865779963464}]"}, {"source": 18, "prod": 0, "target": 11, "value": 0.051247400000000005, "supply": "[{\"l\":'Electricity',\"v\":0.051247400000000005}]"}, {"source": 19, "prod": 0, "target": 18, "value": 0.12015066743988406, "supply": [{"l": "Coal", "v": 0.0}, {"l": "Natural gas", "v": 0.0}, {"l": "Oil", "v": 0.12015066743988406}]}, {"source": 20, "prod": 0, "target": 18, "value": 0.020404135427488181, "supply": [{"l": "Nuclear", "v": 0.0}, {"l": "Hydroelectric", "v": 0.020404135427488181}, {"l": "Renewable", "v": 0.0}]}, {"source": 19, "prod": 0, "target": 0, "value": 0.41125440534646307, "supply": [{"l": "Other fossil fuels", "v": 0.41125440534646307}]}, {"source": 19, "prod": 0, "target": 7, "value": 0.013261409919563483, "supply": [{"l": "Other fossil fuels", "v": 0.013261409919563483}]}, {"source": 19, "prod": 0, "target": 2, "value": 0.11588663895618545, "supply": [{"l": "Other fossil fuels", "v": 0.11588663895618545}]}, {"source": 19, "prod": 0, "target": 3, "value": 0.040688416798660691, "supply": [{"l": "Other fossil fuels", "v": 0.040688416798660691}]}, {"source": 21, "prod": 18.82557053941909, "target": 0, "value": 0.21163393444201345, "supply": [{"l": "Potash", "v": 0.016921666680203999}, {"l": "Phosphate", "v": 0.0252500000202}, {"l": "Nitrogen", "v": 0.25686111131659994}]}, {"source": 21, "prod": 0.60705394190871365, "target": 7, "value": 0.0068243994983133681, "supply": [{"l": "Potash", "v": 0.016921666680203999}, {"l": "Phosphate", "v": 0.0252500000202}, {"l": "Nitrogen", "v": 0.25686111131659994}]}, {"source": 21, "prod": 5.3048236514522831, "target": 2, "value": 0.059635945615942959, "supply": [{"l": "Potash", "v": 0.016921666680203999}, {"l": "Phosphate", "v": 0.0252500000202}, {"l": "Nitrogen", "v": 0.25686111131659994}]}, {"source": 21, "prod": 1.8625518672199171, "target": 3, "value": 0.020938498460734197, "supply": [{"l": "Potash", "v": 0.016921666680203999}, {"l": "Phosphate", "v": 0.0252500000202}, {"l": "Nitrogen", "v": 0.25686111131659994}]}, {"source": 19, "prod": 0, "target": 21, "value": 0.36881605759209835, "supply": [{"l": "Natural gas (including LNG)", "v": 0.24602181700827078}, {"l": "Fuel oil", "v": 0.077388597185921157}, {"l": "Liquefied petroleum gas (LPG)", "v": 0.022702821698953216}, {"l": "Coal", "v": 0.022702821698953216}]}, {"source": 22, "prod": 0, "target": 2, "value": 0.017367060734445283, "supply": "[{\"l\":'Labor',\"v\":0.017367060734445283}]"}, {"source": 22, "prod": 0, "target": 3, "value": 0.0060976676180757167, "supply": "[{\"l\":'Labor',\"v\":0.0060976676180757167}]"}, {"source": 22, "prod": 0, "target": 0, "value": 0.061631610850846778, "supply": "[{\"l\":'Labor',\"v\":0.061631610850846778}]"}, {"source": 22, "prod": 0, "target": 7, "value": 0.0019873879644098629, "supply": "[{\"l\":'Labor',\"v\":0.0019873879644098629}]"}, {"source": 19, "prod": 0, "target": 14, "value": 9.6486300000481364, "supply": "[{\"l\":'Fossil Fuels',\"v\":9.6486300000481364}]"}, {"source": 20, "prod": 0, "target": 14, "value": 0.76133541811469441, "supply": "[{\"l\":'Renewables & Nuclear',\"v\":0.30836617592176485},{\"l\":'Biomass & Waste',\"v\":0.45296924219292956}]"}]}