{"nodes": [{"layer": 5, "name": "Fruits, Roots & Vegetables", "fill": "#98df8a"}, {"layer": 10, "name": "Feed", "fill": "#dbdb8d"}, {"layer": 5, "name": "Cereals", "fill": "#e7ba52"}, {"layer": 5, "name": "Oilcrops", "fill": "#ff9896"}, {"layer": 13, "name": "Other Processed", "fill": "#9c9ede"}, {"layer": 16, "name": "Food", "fill": "#b5cf6b"}, {"layer": 13, "name": "Animal Products", "fill": "#17becf"}, {"layer": 5, "name": "Sugar Crops", "fill": "#ffbb78"}, {"layer": 13, "name": "Sugar", "fill": "#d6616b"}, {"layer": 13, "name": "Aquatic Products", "fill": "#1f77b4"}, {"layer": 13, "name": "Vegetable Oils", "fill": "#f7b6d2"}, {"layer": 10, "name": "Processing", "fill": "#9edae5"}, {"layer": 16, "name": "Biofuels & Other", "fill": "#e7ba52"}, {"name": "Seed", "fill": "#dbdb8d"}, {"name": "Waste", "fill": "#c7c7c7"}, {"layer": 0, "name": "Import", "fill": "#aec7e8"}, {"layer": 16, "name": "Export", "fill": "#aec7e8"}, {"layer": 0, "name": "Stock Draw", "fill": "#c7c7c7"}, {"layer": 16, "name": "Stock Deposit", "fill": "#c7c7c7"}, {"layer": 0, "name": "Production", "fill": "#b5cf6b"}], "links": [{"source": 0, "prod": 0.011993625833232021, "target": 1, "value": 3.0, "supply": [{"l": "Pulses, Other", "v": 3.0}]}, {"source": 2, "prod": 0.28470770871432349, "target": 1, "value": 79.0, "supply": [{"l": "Maize", "v": 29.0}, {"l": "Wheat", "v": 2.0}, {"l": "Barley", "v": 44.0}, {"l": "Oats", "v": 2.0}, {"l": "Sorghum", "v": 2.0}]}, {"source": 3, "prod": 0.0080805628457624543, "target": 1, "value": 2.0, "supply": [{"l": "Cottonseed", "v": 2.0}]}, {"source": 4, "prod": 0.077248914013759398, "target": 5, "value": 20.0, "supply": [{"l": "Beer", "v": 8.0}, {"l": "Beverages, Alcoholic", "v": 1.0}, {"l": "Butter, Ghee", "v": 2.0}, {"l": "Fats, Animals, Raw", "v": 5.0}, {"l": "Wine", "v": 4.0}]}, {"source": 6, "prod": 0.19316355957524656, "target": 5, "value": 174.0, "supply": [{"l": "Pigmeat", "v": 1.0}, {"l": "Eggs", "v": 5.0}, {"l": "Mutton & Goat Meat", "v": 19.0}, {"l": "Milk - Excluding Butter", "v": 123.0}, {"l": "Poultry Meat", "v": 7.0}, {"l": "Offals, Edible", "v": 5.0}, {"l": "Bovine Meat", "v": 14.0}]}, {"source": 2, "prod": 0.96733303941007065, "target": 5, "value": 279.0, "supply": [{"l": "Barley", "v": 1.0}, {"l": "Rice", "v": 17.0}, {"l": "Wheat", "v": 260.0}, {"l": "Oats", "v": 1.0}]}, {"source": 3, "prod": 0.046881275785739959, "target": 5, "value": 17.0, "supply": [{"l": "Olives", "v": 12.0}, {"l": "Coconuts - Incl Copra", "v": 1.0}, {"l": "Sesame seed", "v": 3.0}, {"l": "Groundnuts", "v": 1.0}]}, {"source": 0, "prod": 0.35243680952716494, "target": 5, "value": 561.0, "supply": [{"l": "Roots, Other", "v": 1.0}, {"l": "Nuts", "v": 8.0}, {"l": "Grapefruit", "v": 2.0}, {"l": "Cocoa Beans", "v": 1.0}, {"l": "Tomatoes", "v": 23.0}, {"l": "Coffee", "v": 3.0}, {"l": "Treenuts", "v": 8.0}, {"l": "Vegetables, Other", "v": 175.0}, {"l": "Grapes", "v": 55.0}, {"l": "Dates", "v": 2.0}, {"l": "Potatoes", "v": 33.0}, {"l": "Beans", "v": 3.0}, {"l": "Apples", "v": 36.0}, {"l": "Lemons, Limes", "v": 33.0}, {"l": "Bananas", "v": 7.0}, {"l": "Spices, Other", "v": 2.0}, {"l": "Tea", "v": 1.0}, {"l": "Fruits, Other", "v": 62.0}, {"l": "Oranges, Mandarines", "v": 76.0}, {"l": "Onions", "v": 19.0}, {"l": "Pulses, Other", "v": 11.0}]}, {"source": 7, "prod": 0.00084900333171000015, "target": 5, "value": 3.0, "supply": [{"l": "Sugar cane", "v": 3.0}]}, {"source": 8, "prod": 0.16459077844490871, "target": 5, "value": 40.0, "supply": [{"l": "Sugar", "v": 38.0}, {"l": "Sweeteners, Other", "v": 2.0}]}, {"source": 9, "prod": 0.013240233324580545, "target": 5, "value": 14.0, "supply": [{"l": "Marine Fish, Other", "v": 3.0}, {"l": "Pelagic Fish", "v": 4.0}, {"l": "Fish, Seafood", "v": 7.0}]}, {"source": 10, "prod": 0.14446023284491222, "target": 5, "value": 14.0, "supply": [{"l": "Olive Oil", "v": 5.0}, {"l": "Coconut Oil", "v": 1.0}, {"l": "Oilcrops Oil, Other", "v": 1.0}, {"l": "Sesameseed Oil", "v": 1.0}, {"l": "Cottonseed Oil", "v": 6.0}]}, {"source": 0, "prod": 0.0038945106959174321, "target": 11, "value": 5.0, "supply": [{"l": "Grapes", "v": 5.0}]}, {"source": 7, "prod": 0.0070750277642500003, "target": 11, "value": 25.0, "supply": [{"l": "Sugar beet", "v": 25.0}]}, {"source": 2, "prod": 0.0036913188335217393, "target": 11, "value": 1.0, "supply": [{"l": "Barley", "v": 1.0}]}, {"source": 3, "prod": 0.26337210940031586, "target": 11, "value": 93.0, "supply": [{"l": "Cottonseed", "v": 38.0}, {"l": "Olives", "v": 50.0}, {"l": "Groundnuts", "v": 1.0}, {"l": "Oilcrops, Other", "v": 2.0}, {"l": "Sesame seed", "v": 2.0}]}, {"source": 0, "prod": 0.021809259897137619, "target": 12, "value": 28.0, "supply": [{"l": "Grapes", "v": 28.0}]}, {"source": 10, "prod": 0.061637548917593613, "target": 12, "value": 6.0, "supply": [{"l": "Cottonseed Oil", "v": 1.0}, {"l": "Palm Oil", "v": 2.0}, {"l": "Oilcrops Oil, Other", "v": 1.0}, {"l": "Olive Oil", "v": 2.0}]}, {"source": 0, "prod": 0.0092714829901004714, "target": 13, "value": 7.0, "supply": [{"l": "Potatoes", "v": 6.0}, {"l": "Pulses, Other", "v": 1.0}]}, {"source": 6, "prod": 0.0017042037680310219, "target": 6, "value": 1.0, "supply": [{"l": "Eggs", "v": 1.0}]}, {"source": 2, "prod": 0.04124713775774333, "target": 13, "value": 12.0, "supply": [{"l": "Wheat", "v": 11.0}, {"l": "Barley", "v": 1.0}]}, {"source": 0, "prod": 0.027678422744080198, "target": 14, "value": 68.0, "supply": [{"l": "Bananas", "v": 3.0}, {"l": "Potatoes", "v": 2.0}, {"l": "Vegetables, Other", "v": 20.0}, {"l": "Fruits, Other", "v": 8.0}, {"l": "Grapes", "v": 5.0}, {"l": "Oranges, Mandarines", "v": 14.0}, {"l": "Lemons, Limes", "v": 6.0}, {"l": "Onions", "v": 3.0}, {"l": "Tomatoes", "v": 3.0}, {"l": "Apples", "v": 4.0}]}, {"source": 6, "prod": 0.0034807384120944035, "target": 14, "value": 4.0, "supply": [{"l": "Eggs", "v": 1.0}, {"l": "Milk - Excluding Butter", "v": 3.0}]}, {"source": 2, "prod": 0.031421064094162995, "target": 14, "value": 9.0, "supply": [{"l": "Maize", "v": 1.0}, {"l": "Wheat", "v": 6.0}, {"l": "Barley", "v": 2.0}]}, {"source": 3, "prod": 0.0046493039593642864, "target": 14, "value": 3.0, "supply": [{"l": "Olives", "v": 3.0}]}, {"source": 15, "prod": 0.24714852564245327, "target": 11, "value": 48.0, "supply": [{"l": "Coconut Oil", "v": 1.0}, {"l": "Sugar", "v": 36.0}, {"l": "Beverages, Alcoholic", "v": 1.0}, {"l": "Oilcrops Oil, Other", "v": 1.0}, {"l": "Butter, Ghee", "v": 2.0}, {"l": "Fats, Animals, Raw", "v": 3.0}, {"l": "Sweeteners, Other", "v": 2.0}, {"l": "Palm Oil", "v": 2.0}]}, {"source": 15, "prod": 1.0256375754364422, "target": 2, "value": 291.0, "supply": [{"l": "Maize", "v": 18.0}, {"l": "Oats", "v": 1.0}, {"l": "Barley", "v": 54.0}, {"l": "Rice", "v": 17.0}, {"l": "Sorghum", "v": 1.0}, {"l": "Wheat", "v": 200.0}]}, {"source": 15, "prod": 0.25863418994490872, "target": 3, "value": 56.0, "supply": [{"l": "Cottonseed", "v": 40.0}, {"l": "Coconuts - Incl Copra", "v": 1.0}, {"l": "Sesame seed", "v": 5.0}, {"l": "Groundnuts", "v": 2.0}, {"l": "Oilcrops, Other", "v": 8.0}]}, {"source": 15, "prod": 0.13157060463804054, "target": 0, "value": 118.0, "supply": [{"l": "Dates", "v": 2.0}, {"l": "Potatoes", "v": 10.0}, {"l": "Nuts", "v": 4.0}, {"l": "Coffee", "v": 3.0}, {"l": "Cocoa Beans", "v": 1.0}, {"l": "Tomatoes", "v": 4.0}, {"l": "Spices, Other", "v": 4.0}, {"l": "Tea", "v": 1.0}, {"l": "Apples", "v": 1.0}, {"l": "Vegetables, Other", "v": 62.0}, {"l": "Treenuts", "v": 4.0}, {"l": "Grapes", "v": 3.0}, {"l": "Onions", "v": 4.0}, {"l": "Fruits, Other", "v": 3.0}, {"l": "Pulses, Other", "v": 12.0}]}, {"source": 15, "prod": 0.065323815102670824, "target": 1, "value": 86.0, "supply": [{"l": "Fish, Seafood", "v": 5.0}, {"l": "Milk - Excluding Butter", "v": 70.0}, {"l": "Pelagic Fish", "v": 3.0}, {"l": "Eggs", "v": 3.0}, {"l": "Pigmeat", "v": 1.0}, {"l": "Bovine Meat", "v": 2.0}, {"l": "Marine Fish, Other", "v": 2.0}]}, {"source": 0, "prod": 0.11161863751152104, "target": 16, "value": 192.0, "supply": [{"l": "Bananas", "v": 16.0}, {"l": "Spices, Other", "v": 3.0}, {"l": "Potatoes", "v": 19.0}, {"l": "Apples", "v": 45.0}, {"l": "Vegetables, Other", "v": 13.0}, {"l": "Fruits, Other", "v": 10.0}, {"l": "Oranges, Mandarines", "v": 50.0}, {"l": "Lemons, Limes", "v": 18.0}, {"l": "Onions", "v": 7.0}, {"l": "Tomatoes", "v": 8.0}, {"l": "Pulses, Other", "v": 3.0}]}, {"source": 6, "prod": 0.0017042037680310219, "target": 16, "value": 1.0, "supply": [{"l": "Eggs", "v": 1.0}]}, {"source": 2, "prod": 0.017764402667173329, "target": 16, "value": 5.0, "supply": [{"l": "Maize", "v": 1.0}, {"l": "Wheat", "v": 2.0}, {"l": "Barley", "v": 2.0}]}, {"source": 3, "prod": 0.025190208743043958, "target": 16, "value": 4.0, "supply": [{"l": "Groundnuts", "v": 2.0}, {"l": "Oilcrops, Other", "v": 2.0}]}, {"source": 17, "prod": 0.00047171891493663854, "target": 0, "value": 2.0, "supply": [{"l": "Vegetables, Other", "v": 2.0}]}, {"source": 10, "prod": 0.041254387245063383, "target": 18, "value": 4.0, "supply": [{"l": "Olive Oil", "v": 4.0}]}, {"source": 6, "prod": 0.015398878949228523, "target": 18, "value": 14.0, "supply": [{"l": "Milk - Excluding Butter", "v": 11.0}, {"l": "Bovine Meat", "v": 3.0}]}, {"source": 2, "prod": 0.055369782502826093, "target": 18, "value": 15.0, "supply": [{"l": "Barley", "v": 15.0}]}, {"source": 0, "prod": 0.0039978752777440072, "target": 18, "value": 1.0, "supply": [{"l": "Pulses, Other", "v": 1.0}]}, {"source": 3, "prod": 0.031104039111034563, "target": 18, "value": 5.0, "supply": [{"l": "Oilcrops, Other", "v": 4.0}, {"l": "Sesame seed", "v": 1.0}]}, {"source": 17, "prod": 0.040969984280969006, "target": 2, "value": 12.0, "supply": [{"l": "Wheat", "v": 12.0}]}, {"source": 19, "prod": 0.33847963635754452, "target": 2, "value": 98.0, "supply": [{"l": "Maize", "v": 13.0}, {"l": "Oats", "v": 2.0}, {"l": "Barley", "v": 12.0}, {"l": "Sorghum", "v": 2.0}, {"l": "Wheat", "v": 69.0}]}, {"source": 19, "prod": 0.10726571397886722, "target": 3, "value": 66.0, "supply": [{"l": "Olives", "v": 65.0}, {"l": "Groundnuts", "v": 1.0}]}, {"source": 19, "prod": 0.40313642847347436, "target": 0, "value": 744.0, "supply": [{"l": "Vegetables, Other", "v": 144.0}, {"l": "Grapes", "v": 90.0}, {"l": "Potatoes", "v": 50.0}, {"l": "Nuts", "v": 4.0}, {"l": "Grapefruit", "v": 3.0}, {"l": "Beans", "v": 3.0}, {"l": "Lemons, Limes", "v": 57.0}, {"l": "Tomatoes", "v": 30.0}, {"l": "Bananas", "v": 26.0}, {"l": "Treenuts", "v": 4.0}, {"l": "Apples", "v": 85.0}, {"l": "Roots, Other", "v": 1.0}, {"l": "Oranges, Mandarines", "v": 140.0}, {"l": "Onions", "v": 25.0}, {"l": "Fruits, Other", "v": 76.0}, {"l": "Pulses, Other", "v": 6.0}]}, {"source": 19, "prod": 0.0079240310959600001, "target": 7, "value": 28.0, "supply": [{"l": "Sugar beet", "v": 25.0}, {"l": "Sugar cane", "v": 3.0}]}, {"source": 1, "prod": 0.013240233324580545, "target": 9, "value": 14.0, "supply": [{"l": "Pelagic Fish", "v": 4.0}, {"l": "Marine Fish, Other", "v": 3.0}, {"l": "Fish, Seafood", "v": 7.0}]}, {"source": 1, "prod": 0.2137473807046005, "target": 6, "value": 193.0, "supply": [{"l": "Poultry Meat", "v": 7.0}, {"l": "Pigmeat", "v": 1.0}, {"l": "Bovine Meat", "v": 17.0}, {"l": "Eggs", "v": 8.0}, {"l": "Milk - Excluding Butter", "v": 137.0}, {"l": "Offals, Edible", "v": 5.0}, {"l": "Mutton & Goat Meat", "v": 19.0}]}, {"source": 11, "prod": 0.077248914013759398, "target": 4, "value": 20.0, "supply": [{"l": "Fats, Animals, Raw", "v": 5.0}, {"l": "Beer", "v": 8.0}, {"l": "Beverages, Alcoholic", "v": 1.0}, {"l": "Butter, Ghee", "v": 2.0}, {"l": "Wine", "v": 4.0}]}, {"source": 11, "prod": 0.24735216900756921, "target": 10, "value": 24.0, "supply": [{"l": "Olive Oil", "v": 11.0}, {"l": "Sesameseed Oil", "v": 1.0}, {"l": "Coconut Oil", "v": 1.0}, {"l": "Palm Oil", "v": 2.0}, {"l": "Cottonseed Oil", "v": 7.0}, {"l": "Oilcrops Oil, Other", "v": 2.0}]}, {"source": 11, "prod": 0.16459077844490871, "target": 8, "value": 40.0, "supply": [{"l": "Sweeteners, Other", "v": 2.0}, {"l": "Sugar", "v": 38.0}]}]}