{"nodes": [{"name": "Balance", "fill": "#9edae5"}, {"name": "Food", "fill": "#b5cf6b"}, {"name": "Stock Deposit", "fill": "#c7c7c7"}, {"name": "Export", "fill": "#aec7e8"}, {"name": "Biofuels & Other", "fill": "#e7ba52"}, {"name": "Renewables & Nuclear", "fill": "#2ca02c"}, {"name": "Fossil Fuels", "fill": "#c49c94"}, {"name": "Stock Draw", "fill": "#c7c7c7"}, {"name": "Labor", "fill": "#7f7f7f"}], "links": [{"source": 0, "target": 1, "value": 2.5673264903886794}, {"source": 0, "target": 2, "value": 0.15617036075872681}, {"source": 0, "target": 3, "value": 0.51230212961858246}, {"source": 0, "target": 4, "value": 0.33590946840521818}, {"source": 5, "target": 0, "value": 0.55648227726181809}, {"source": 6, "target": 0, "value": 6.8322232011783406}, {"source": 7, "target": 0, "value": 0.21922795854142157}, {"source": 8, "target": 0, "value": 0.068837689376535102}]}