{"nodes": [{"layer": 5, "name": "Fruits, Roots & Vegetables", "fill": "#98df8a"}, {"layer": 10, "name": "Feed", "fill": "#dbdb8d"}, {"layer": 5, "name": "Cereals", "fill": "#e7ba52"}, {"layer": 5, "name": "Oilcrops", "fill": "#ff9896"}, {"layer": 13, "name": "Other Processed", "fill": "#9c9ede"}, {"layer": 16, "name": "Food", "fill": "#b5cf6b"}, {"layer": 13, "name": "Animal Products", "fill": "#17becf"}, {"layer": 5, "name": "Sugar Crops", "fill": "#ffbb78"}, {"layer": 13, "name": "Sugar", "fill": "#d6616b"}, {"layer": 13, "name": "Aquatic Products", "fill": "#1f77b4"}, {"layer": 13, "name": "Vegetable Oils", "fill": "#f7b6d2"}, {"layer": 10, "name": "Processing", "fill": "#9edae5"}, {"layer": 16, "name": "Biofuels & Other", "fill": "#e7ba52"}, {"name": "Waste", "fill": "#c7c7c7"}, {"layer": 2, "name": "Import", "fill": "#aec7e8"}, {"layer": 16, "name": "Export", "fill": "#aec7e8"}, {"layer": 0, "name": "Stock Draw", "fill": "#c7c7c7"}, {"layer": 16, "name": "Stock Deposit", "fill": "#c7c7c7"}, {"layer": 2, "name": "Electricity", "fill": "#bcbd22"}, {"layer": 0, "name": "Fossil Fuels", "fill": "#c49c94"}, {"layer": 0, "name": "Renewables & Nuclear", "fill": "#2ca02c"}, {"layer": 2, "name": "Fertilizers", "fill": "#c5b0d5"}, {"layer": 0, "name": "Labor", "fill": "#7f7f7f"}], "links": [{"source": 0, "prod": 2.0, "target": 1, "value": 0.0081895533037952811, "supply": [{"l": "Pulses, Other", "v": 0.0081895533037952811}]}, {"source": 2, "prod": 199.0, "target": 1, "value": 0.68129654396312456, "supply": [{"l": "Maize", "v": 0.58993887895032604}, {"l": "Wheat", "v": 0.037587454004498456}, {"l": "Barley", "v": 0.053770211008300005}]}, {"source": 3, "prod": 3.0, "target": 1, "value": 0.011846558116883722, "supply": [{"l": "Cottonseed", "v": 0.0039488527056279069}, {"l": "Soyabeans", "v": 0.0078977054112558138}]}, {"source": 4, "prod": 38.0, "target": 5, "value": 0.154574284443802, "supply": [{"l": "Beer", "v": 0.0076849439508232757}, {"l": "Beverages, Alcoholic", "v": 0.0070750277642500003}, {"l": "Fats, Animals, Raw", "v": 0.07825151189857231}, {"l": "Butter, Ghee", "v": 0.05673434586308531}, {"l": "Wine", "v": 0.004828454967071091}]}, {"source": 6, "prod": 455.0, "target": 5, "value": 0.47097706156735997, "supply": [{"l": "Mutton & Goat Meat", "v": 0.037498999928300199}, {"l": "Pigmeat", "v": 0.012815144629584907}, {"l": "Meat, Other", "v": 0.0028943295399204549}, {"l": "Poultry Meat", "v": 0.078081367393259798}, {"l": "Eggs", "v": 0.056335115687236537}, {"l": "Milk - Excluding Butter", "v": 0.16879631907972328}, {"l": "Offals, Edible", "v": 0.0074912058680294113}, {"l": "Bovine Meat", "v": 0.10706457944130532}]}, {"source": 2, "prod": 367.0, "target": 5, "value": 1.2721316583558837, "supply": [{"l": "Barley", "v": 0.0028300111056999999}, {"l": "Rice", "v": 0.095410831147698313}, {"l": "Wheat", "v": 1.1720451566857246}, {"l": "Oats", "v": 0.0018456594167608697}]}, {"source": 3, "prod": 5.0, "target": 5, "value": 0.015801919197947652, "supply": [{"l": "Olives", "v": 0.0012485343113382355}, {"l": "Coconuts - Incl Copra", "v": 0.0033960133268400006}, {"l": "Sesame seed", "v": 0.0072085188541415098}, {"l": "Soyabeans", "v": 0.0039488527056279069}]}, {"source": 0, "prod": 1011.0, "target": 5, "value": 0.68985128251070116, "supply": [{"l": "Roots, Other", "v": 0.00084900333171000005}, {"l": "Infant food", "v": 0.0041414796668780484}, {"l": "Nuts", "v": 0.031279070115631573}, {"l": "Cocoa Beans", "v": 0.011073956500565219}, {"l": "Tomatoes", "v": 0.024797622064797031}, {"l": "Coffee", "v": 0.0056259256920542181}, {"l": "Treenuts", "v": 0.031527975182864723}, {"l": "Vegetables, Other", "v": 0.069847574293994089}, {"l": "Grapes", "v": 0.086906840306503697}, {"l": "Dates", "v": 0.0017326598606326529}, {"l": "Potatoes", "v": 0.10841595859982664}, {"l": "Beans", "v": 0.011901915865093459}, {"l": "Apples", "v": 0.021663618071525826}, {"l": "Lemons, Limes", "v": 0.0066922982870494599}, {"l": "Bananas", "v": 0.01370911895395751}, {"l": "Spices, Other", "v": 0.0040428730081428577}, {"l": "Tea", "v": 0.002109325047726708}, {"l": "Fruits, Other", "v": 0.045216342854229319}, {"l": "Grapefruit", "v": 0.0055369782502826086}, {"l": "Oranges, Mandarines", "v": 0.032670949002739126}, {"l": "Onions", "v": 0.014508284782386078}, {"l": "Pulses, Other", "v": 0.15560151277211035}]}, {"source": 7, "prod": 1.0, "target": 5, "value": 0.00037789465803115733, "supply": [{"l": "Sugar cane", "v": 0.00037789465803115733}]}, {"source": 8, "prod": 83.0, "target": 5, "value": 0.31156597614257753, "supply": [{"l": "Sugar", "v": 0.29301884899725666}, {"l": "Sweeteners, Other", "v": 0.011269955730663717}, {"l": "Honey", "v": 0.0072771714146571444}]}, {"source": 9, "prod": 4.0, "target": 5, "value": 0.0034635956816029853, "supply": [{"l": "Marine Fish, Other", "v": 0.0006335845759029851}, {"l": "Pelagic Fish", "v": 0.0016980066634200001}, {"l": "Fish, Seafood", "v": 0.0011320044422800002}]}, {"source": 10, "prod": 38.0, "target": 5, "value": 0.38756229272776105, "supply": [{"l": "Maize Germ Oil", "v": 0.020045911998708338}, {"l": "Groundnut Oil", "v": 0.010107182520357146}, {"l": "Soyabean Oil", "v": 0.14356741732848877}, {"l": "Sunflowerseed Oil", "v": 0.020457911607469882}, {"l": "Olive Oil", "v": 0.082012566736612252}, {"l": "Coconut Oil", "v": 0.0099050388699500006}, {"l": "Rape and Mustard Oil", "v": 0.0092282970838043505}, {"l": "Oilcrops Oil, Other", "v": 0.051529103947716773}, {"l": "Sesameseed Oil", "v": 0.0096477651330681823}, {"l": "Cottonseed Oil", "v": 0.031061097501585363}]}, {"source": 0, "prod": 7.0, "target": 11, "value": 0.0056328507606067217, "supply": [{"l": "Grapes", "v": 0.0056328507606067217}]}, {"source": 7, "prod": 61.0, "target": 11, "value": 0.070895555420000006, "supply": [{"l": "Sugar beet", "v": 0.070895555420000006}]}, {"source": 2, "prod": 2.0, "target": 11, "value": 0.0056600222113999997, "supply": [{"l": "Barley", "v": 0.0056600222113999997}]}, {"source": 3, "prod": 54.0, "target": 11, "value": 0.17136485607935248, "supply": [{"l": "Sunflower seed", "v": 0.0039488527056279069}, {"l": "Soyabeans", "v": 0.075028201406930228}, {"l": "Olives", "v": 0.022473617604088239}, {"l": "Groundnuts", "v": 0.0060643095122142861}, {"l": "Oilcrops, Other", "v": 0.0053062708231875}, {"l": "Sesame seed", "v": 0.0072085188541415098}, {"l": "Cottonseed", "v": 0.051335085173162792}]}, {"source": 4, "prod": 15.0, "target": 12, "value": 0.11405462082471421, "supply": [{"l": "Fats, Animals, Raw", "v": 0.1130299616312711}, {"l": "Beer", "v": 0.0010246591934431034}]}, {"source": 6, "prod": 27.0, "target": 12, "value": 0.025143605703102576, "supply": [{"l": "Milk - Excluding Butter", "v": 0.011546328015225371}, {"l": "Bovine Meat", "v": 0.0059480321911836286}, {"l": "Eggs", "v": 0.0049707455018149884}, {"l": "Mutton & Goat Meat", "v": 0.0026784999948785853}]}, {"source": 2, "prod": 31.0, "target": 12, "value": 0.10776790884346853, "supply": [{"l": "Wheat", "v": 0.099094196920950492}, {"l": "Rice", "v": 0.0086737119225180296}]}, {"source": 0, "prod": 43.0, "target": 12, "value": 0.046275222895124625, "supply": [{"l": "Treenuts", "v": 0.0031527975182864725}, {"l": "Potatoes", "v": 0.0043716112338639786}, {"l": "Vegetables, Other", "v": 0.0016118670990921712}, {"l": "Nuts", "v": 0.0031279070115631576}, {"l": "Pulses, Other", "v": 0.012284329955692922}, {"l": "Grapes", "v": 0.021726710076625924}]}, {"source": 8, "prod": 6.0, "target": 12, "value": 0.022539911461327434, "supply": [{"l": "Sugar", "v": 0.022539911461327434}]}, {"source": 10, "prod": 9.0, "target": 12, "value": 0.091419840207766265, "supply": [{"l": "Olive Oil", "v": 0.010251570842076532}, {"l": "Soyabean Oil", "v": 0.010254815523463483}, {"l": "Coconut Oil", "v": 0.0099050388699500006}, {"l": "Palm Oil", "v": 0.061008414972276249}]}, {"source": 0, "prod": 9.0, "target": 0, "value": 0.011089354626080006, "supply": [{"l": "Potatoes", "v": 0.0069945779741823651}, {"l": "Pulses, Other", "v": 0.0040947766518976405}]}, {"source": 6, "prod": 4.0, "target": 6, "value": 0.0066276606690866512, "supply": [{"l": "Eggs", "v": 0.0066276606690866512}]}, {"source": 2, "prod": 2.0, "target": 2, "value": 0.0068340825462724474, "supply": [{"l": "Wheat", "v": 0.0068340825462724474}]}, {"source": 0, "prod": 121.0, "target": 13, "value": 0.054522275648406733, "supply": [{"l": "Bananas", "v": 0.0014430651530481589}, {"l": "Potatoes", "v": 0.0078689002209551603}, {"l": "Apples", "v": 0.0038883417051456615}, {"l": "Vegetables, Other", "v": 0.0077906909789454935}, {"l": "Fruits, Other", "v": 0.0069154406718233089}, {"l": "Grapes", "v": 0.007242236692208642}, {"l": "Grapefruit", "v": 0.00092282970838043472}, {"l": "Oranges, Mandarines", "v": 0.0080835337738735975}, {"l": "Lemons, Limes", "v": 0.0011809938153616694}, {"l": "Onions", "v": 0.002149375523316456}, {"l": "Tomatoes", "v": 0.0029420907534504952}, {"l": "Pulses, Other", "v": 0.0040947766518976405}]}, {"source": 6, "prod": 11.0, "target": 13, "value": 0.011583526697851277, "supply": [{"l": "Milk - Excluding Butter", "v": 0.0032989508614929631}, {"l": "Eggs", "v": 0.0082845758363583148}]}, {"source": 2, "prod": 15.0, "target": 13, "value": 0.050889752902216076, "supply": [{"l": "Maize", "v": 0.01047228779201762}, {"l": "Wheat", "v": 0.037587454004498456}, {"l": "Barley", "v": 0.0028300111056999999}]}, {"source": 3, "prod": 2.0, "target": 13, "value": 0.0051973870169661424, "supply": [{"l": "Olives", "v": 0.0012485343113382355}, {"l": "Soyabeans", "v": 0.0039488527056279069}]}, {"source": 14, "prod": 136.0, "target": 11, "value": 0.81907140176958826, "supply": [{"l": "Sugar", "v": 0.24793902607460175}, {"l": "Maize Germ Oil", "v": 0.020045911998708338}, {"l": "Beer", "v": 0.0030739775803293105}, {"l": "Beverages, Alcoholic", "v": 0.0070750277642500003}, {"l": "Fats, Animals, Raw", "v": 0.18258686109666869}, {"l": "Soyabean Oil", "v": 0.092293339711171332}, {"l": "Butter, Ghee", "v": 0.0472786215525711}, {"l": "Palm Oil", "v": 0.061008414972276249}, {"l": "Sunflowerseed Oil", "v": 0.030686867411204823}, {"l": "Olive Oil", "v": 0.030754712526229598}, {"l": "Coconut Oil", "v": 0.019810077739900001}, {"l": "Rape and Mustard Oil", "v": 0.0092282970838043505}, {"l": "Oilcrops Oil, Other", "v": 0.041223283158173418}, {"l": "Wine", "v": 0.00080474249451184835}, {"l": "Sweeteners, Other", "v": 0.011269955730663717}, {"l": "Honey", "v": 0.0036385857073285722}, {"l": "Cottonseed Oil", "v": 0.01035369916719512}]}, {"source": 14, "prod": 412.0, "target": 2, "value": 1.4307574825873228, "supply": [{"l": "Maize", "v": 0.60041116674234363}, {"l": "Barley", "v": 0.048110188796900009}, {"l": "Rice", "v": 0.095410831147698313}, {"l": "Wheat", "v": 0.68682529590038099}]}, {"source": 14, "prod": 43.0, "target": 3, "value": 0.17529118147875739, "supply": [{"l": "Coconuts - Incl Copra", "v": 0.0033960133268400006}, {"l": "Sesame seed", "v": 0.01441703770828302}, {"l": "Cottonseed", "v": 0.055283937878790698}, {"l": "Groundnuts", "v": 0.0060643095122142861}, {"l": "Oilcrops, Other", "v": 0.0053062708231875}, {"l": "Soyabeans", "v": 0.090823612229441866}]}, {"source": 14, "prod": 247.0, "target": 0, "value": 0.35545564910749611, "supply": [{"l": "Roots, Other", "v": 0.00084900333171000005}, {"l": "Nuts", "v": 0.012511628046252631}, {"l": "Infant food", "v": 0.0041414796668780484}, {"l": "Tomatoes", "v": 0.0025217920743861389}, {"l": "Coffee", "v": 0.0056259256920542181}, {"l": "Treenuts", "v": 0.01261119007314589}, {"l": "Vegetables, Other", "v": 0.011283069693645198}, {"l": "Grapes", "v": 0.00080469296580096023}, {"l": "Dates", "v": 0.0017326598606326529}, {"l": "Cocoa Beans", "v": 0.011073956500565219}, {"l": "Potatoes", "v": 0.087432224677279569}, {"l": "Pulses, Other", "v": 0.18426494933539384}, {"l": "Bananas", "v": 0.0050507280356685558}, {"l": "Spices, Other", "v": 0.0080857460162857154}, {"l": "Tea", "v": 0.002109325047726708}, {"l": "Fruits, Other", "v": 0.0015958709242669174}, {"l": "Onions", "v": 0.0037614071658037974}]}, {"source": 14, "prod": 311.0, "target": 1, "value": 0.25275283765315126, "supply": [{"l": "Pigmeat", "v": 0.0096113584721886809}, {"l": "Meat, Other", "v": 0.0028943295399204549}, {"l": "Poultry Meat", "v": 0.0014732333470426379}, {"l": "Eggs", "v": 0.0049707455018149884}, {"l": "Mutton & Goat Meat", "v": 0.018749499964150099}, {"l": "Milk - Excluding Butter", "v": 0.15010226419792982}, {"l": "Offals, Edible", "v": 0.0024970686226764706}, {"l": "Bovine Meat", "v": 0.062454338007428098}]}, {"source": 0, "prod": 412.0, "target": 15, "value": 0.23583573743972153, "supply": [{"l": "Bananas", "v": 0.00072153257652407944}, {"l": "Spices, Other", "v": 0.0040428730081428577}, {"l": "Potatoes", "v": 0.07868900220955162}, {"l": "Vegetables, Other", "v": 0.0029550896816689805}, {"l": "Fruits, Other", "v": 0.020214365040714288}, {"l": "Grapes", "v": 0.017703245247621128}, {"l": "Grapefruit", "v": 0.0018456594167608694}, {"l": "Pulses, Other", "v": 0.012284329955692922}, {"l": "Oranges, Mandarines", "v": 0.040417668869367998}, {"l": "Lemons, Limes", "v": 0.0033461491435247299}, {"l": "Onions", "v": 0.0042987510466329119}, {"l": "Tomatoes", "v": 0.0021014933953217825}, {"l": "Apples", "v": 0.047215577848197327}]}, {"source": 6, "prod": 8.0, "target": 15, "value": 0.013255321338173302, "supply": [{"l": "Eggs", "v": 0.013255321338173302}]}, {"source": 3, "prod": 1.0, "target": 15, "value": 0.0053062708231875, "supply": [{"l": "Oilcrops, Other", "v": 0.0053062708231875}]}, {"source": 8, "prod": 2.0, "target": 15, "value": 0.0075133038204424785, "supply": [{"l": "Sweeteners, Other", "v": 0.0075133038204424785}]}, {"source": 16, "prod": 4.0, "target": 0, "value": 0.0055793369308518278, "supply": [{"l": "Beans", "v": 0.0039673052883644859}, {"l": "Onions", "v": 0.0016120316424873419}]}, {"source": 16, "prod": 1.0, "target": 3, "value": 0.0072085188541415098, "supply": [{"l": "Sesame seed", "v": 0.0072085188541415098}]}, {"source": 6, "prod": 68.0, "target": 17, "value": 0.048031484020069029, "supply": [{"l": "Milk - Excluding Butter", "v": 0.034638984045676106}, {"l": "Mutton & Goat Meat", "v": 0.013392499974392926}]}, {"source": 4, "prod": 1.0, "target": 17, "value": 0.0086946124331747001, "supply": [{"l": "Fats, Animals, Raw", "v": 0.0086946124331747001}]}, {"source": 0, "prod": 6.0, "target": 17, "value": 0.024568659911385845, "supply": [{"l": "Pulses, Other", "v": 0.024568659911385845}]}, {"source": 10, "prod": 1.0, "target": 17, "value": 0.010228955803734941, "supply": [{"l": "Sunflowerseed Oil", "v": 0.010228955803734941}]}, {"source": 16, "prod": 18.0, "target": 11, "value": 0.096063894242357631, "supply": [{"l": "Olive Oil", "v": 0.010251570842076532}, {"l": "Soyabean Oil", "v": 0.030764446570390448}, {"l": "Sugar", "v": 0.045079822922654868}, {"l": "Beer", "v": 0.00051232959672155168}, {"l": "Butter, Ghee", "v": 0.0094557243105142189}]}, {"source": 16, "prod": 177.0, "target": 2, "value": 0.60665593472135715, "supply": [{"l": "Wheat", "v": 0.59798222279883917}, {"l": "Rice", "v": 0.0086737119225180296}]}, {"source": 1, "prod": 4.0, "target": 9, "value": 0.0034635956816029853, "supply": [{"l": "Pelagic Fish", "v": 0.0016980066634200001}, {"l": "Marine Fish, Other", "v": 0.0006335845759029851}, {"l": "Fish, Seafood", "v": 0.0011320044422800002}]}, {"source": 1, "prod": 569.0, "target": 6, "value": 0.56899099932655617, "supply": [{"l": "Milk - Excluding Butter", "v": 0.21828058200211772}, {"l": "Pigmeat", "v": 0.012815144629584907}, {"l": "Bovine Meat", "v": 0.11301261163248895}, {"l": "Eggs", "v": 0.08947341903266981}, {"l": "Poultry Meat", "v": 0.078081367393259798}, {"l": "Offals, Edible", "v": 0.0074912058680294113}, {"l": "Meat, Other", "v": 0.0028943295399204549}, {"l": "Mutton & Goat Meat", "v": 0.053569999897571705}]}, {"source": 11, "prod": 54.0, "target": 4, "value": 0.27732351770169095, "supply": [{"l": "Fats, Animals, Raw", "v": 0.19997608596301814}, {"l": "Beer", "v": 0.0087096031442663799}, {"l": "Beverages, Alcoholic", "v": 0.0070750277642500003}, {"l": "Butter, Ghee", "v": 0.05673434586308531}, {"l": "Wine", "v": 0.004828454967071091}]}, {"source": 11, "prod": 48.0, "target": 10, "value": 0.48921108873926228, "supply": [{"l": "Olive Oil", "v": 0.092264137578688787}, {"l": "Sesameseed Oil", "v": 0.0096477651330681823}, {"l": "Soyabean Oil", "v": 0.15382223285195226}, {"l": "Coconut Oil", "v": 0.019810077739900001}, {"l": "Rape and Mustard Oil", "v": 0.0092282970838043505}, {"l": "Maize Germ Oil", "v": 0.020045911998708338}, {"l": "Groundnut Oil", "v": 0.010107182520357146}, {"l": "Cottonseed Oil", "v": 0.031061097501585363}, {"l": "Oilcrops Oil, Other", "v": 0.051529103947716773}, {"l": "Palm Oil", "v": 0.061008414972276249}, {"l": "Sunflowerseed Oil", "v": 0.030686867411204823}]}, {"source": 11, "prod": 91.0, "target": 8, "value": 0.34161919142434743, "supply": [{"l": "Honey", "v": 0.0072771714146571444}, {"l": "Sweeteners, Other", "v": 0.018783259551106195}, {"l": "Sugar", "v": 0.31555876045858411}]}, {"source": 18, "prod": 0, "target": 0, "value": 0.015862776212574616, "supply": "[{\"l\":'Energy for power irrigation',\"v\":0.015862776212574616}]"}, {"source": 18, "prod": 0, "target": 7, "value": 0.00066206134310308048, "supply": "[{\"l\":'Energy for power irrigation',\"v\":0.00066206134310308048}]"}, {"source": 18, "prod": 0, "target": 2, "value": 0.0034331084162522642, "supply": "[{\"l\":'Energy for power irrigation',\"v\":0.0034331084162522642}]"}, {"source": 18, "prod": 0, "target": 3, "value": 0.00046451078104812901, "supply": "[{\"l\":'Energy for power irrigation',\"v\":0.00046451078104812901}]"}, {"source": 18, "prod": 0, "target": 11, "value": 0.071089200000000005, "supply": "[{\"l\":'Electricity',\"v\":0.071089200000000005}]"}, {"source": 19, "prod": 0, "target": 18, "value": 0.20335923722884011, "supply": [{"l": "Coal", "v": 0.0}, {"l": "Natural gas", "v": 0.0}, {"l": "Oil", "v": 0.20335923722884011}]}, {"source": 20, "prod": 0, "target": 18, "value": 0.014235146606018849, "supply": [{"l": "Nuclear", "v": 0.0}, {"l": "Hydroelectric", "v": 0.014235146606018849}, {"l": "Renewable", "v": 0.0}]}, {"source": 19, "prod": 0, "target": 0, "value": 0.37934903636095663, "supply": [{"l": "Other fossil fuels", "v": 0.37934903636095663}]}, {"source": 19, "prod": 0, "target": 7, "value": 0.015832810672756183, "supply": [{"l": "Other fossil fuels", "v": 0.015832810672756183}]}, {"source": 19, "prod": 0, "target": 2, "value": 0.082100784375663108, "supply": [{"l": "Other fossil fuels", "v": 0.082100784375663108}]}, {"source": 19, "prod": 0, "target": 3, "value": 0.011108504262336998, "supply": [{"l": "Other fossil fuels", "v": 0.011108504262336998}]}, {"source": 21, "prod": 32.54507189542484, "target": 0, "value": 0.30960646466308095, "supply": [{"l": "Potash", "v": 0.028202777800339997}, {"l": "Phosphate", "v": 0.058495833380129994}, {"l": "Nitrogen", "v": 0.31190277802729993}]}, {"source": 21, "prod": 1.358326797385621, "target": 7, "value": 0.012921979676278032, "supply": [{"l": "Potash", "v": 0.028202777800339997}, {"l": "Phosphate", "v": 0.058495833380129994}, {"l": "Nitrogen", "v": 0.31190277802729993}]}, {"source": 21, "prod": 7.0435816993464044, "target": 2, "value": 0.067006717192312701, "supply": [{"l": "Potash", "v": 0.028202777800339997}, {"l": "Phosphate", "v": 0.058495833380129994}, {"l": "Nitrogen", "v": 0.31190277802729993}]}, {"source": 21, "prod": 0.95301960784313711, "target": 3, "value": 0.0090662276760982968, "supply": [{"l": "Potash", "v": 0.028202777800339997}, {"l": "Phosphate", "v": 0.058495833380129994}, {"l": "Nitrogen", "v": 0.31190277802729993}]}, {"source": 19, "prod": 0, "target": 21, "value": 0.49628601657837323, "supply": [{"l": "Natural gas (including LNG)", "v": 0.33081643795255516}, {"l": "Fuel oil", "v": 0.11033415449978883}, {"l": "Liquefied petroleum gas (LPG)", "v": 0.027567712063014619}, {"l": "Coal", "v": 0.027567712063014619}]}, {"source": 22, "prod": 0, "target": 2, "value": 0.013552538517721379, "supply": "[{\"l\":'Labor',\"v\":0.013552538517721379}]"}, {"source": 22, "prod": 0, "target": 3, "value": 0.0018337027232375736, "supply": "[{\"l\":'Labor',\"v\":0.0018337027232375736}]"}, {"source": 22, "prod": 0, "target": 0, "value": 0.062619894146423355, "supply": "[{\"l\":'Labor',\"v\":0.062619894146423355}]"}, {"source": 22, "prod": 0, "target": 7, "value": 0.0026135533066834384, "supply": "[{\"l\":'Labor',\"v\":0.0026135533066834384}]"}, {"source": 19, "prod": 0, "target": 14, "value": 4.9759057671568758, "supply": "[{\"l\":'Fossil Fuels',\"v\":4.9759057671568758}]"}, {"source": 20, "prod": 0, "target": 14, "value": 0.43434143450194551, "supply": "[{\"l\":'Renewables & Nuclear',\"v\":0.13488012048627321},{\"l\":'Biomass & Waste',\"v\":0.29946131401567233}]"}]}