{"nodes": [{"layer": 5, "name": "Fruits & Vegetables"}, {"layer": 10, "name": "Feed", "fill": "#dbdb8d"}, {"layer": 5, "name": "Cereals", "fill": "#e7ba52"}, {"layer": 5, "name": "Oilcrops", "fill": "#ff9896"}, {"layer": 13, "name": "Other Processed", "fill": "#9c9ede"}, {"layer": 16, "name": "Food", "fill": "#b5cf6b"}, {"layer": 13, "name": "Animal Products", "fill": "#17becf"}, {"layer": 5, "name": "Sugar Crops", "fill": "#ffbb78"}, {"layer": 13, "name": "Sugar", "fill": "#d6616b"}, {"layer": 5, "name": "Starchy Roots"}, {"layer": 5, "name": "Others"}, {"layer": 13, "name": "Aquatic Products", "fill": "#1f77b4"}, {"layer": 13, "name": "Vegetable Oils", "fill": "#f7b6d2"}, {"layer": 10, "name": "Processing", "fill": "#9edae5"}, {"layer": 16, "name": "Biofuels & Other", "fill": "#e7ba52"}, {"name": "Seed", "fill": "#dbdb8d"}, {"name": "Waste", "fill": "#c7c7c7"}, {"layer": 0, "name": "Import", "fill": "#aec7e8"}, {"layer": 16, "name": "Export", "fill": "#aec7e8"}, {"layer": 0, "name": "Stock Draw", "fill": "#c7c7c7"}, {"layer": 16, "name": "Stock Deposit", "fill": "#c7c7c7"}, {"layer": 0, "name": "Production", "fill": "#b5cf6b"}], "links": [{"source": 0, "prod": 0.019976548981411768, "target": 1, "value": 5.0, "supply": [{"l": "Pulses, Other", "v": 5.0}]}, {"source": 2, "prod": 0.3922964121691066, "target": 1, "value": 116.0, "supply": [{"l": "Maize", "v": 45.0}, {"l": "Wheat", "v": 6.0}, {"l": "Barley", "v": 57.0}, {"l": "Oats", "v": 1.0}, {"l": "Sorghum", "v": 7.0}]}, {"source": 3, "prod": 0.0084174689297743591, "target": 1, "value": 2.0, "supply": [{"l": "Cottonseed", "v": 2.0}]}, {"source": 4, "prod": 0.075856996527813997, "target": 5, "value": 20.0, "supply": [{"l": "Beer", "v": 8.0}, {"l": "Beverages, Alcoholic", "v": 1.0}, {"l": "Butter, Ghee", "v": 2.0}, {"l": "Fats, Animals, Raw", "v": 5.0}, {"l": "Wine", "v": 4.0}]}, {"source": 6, "prod": 0.26832211578203446, "target": 5, "value": 255.0, "supply": [{"l": "Mutton & Goat Meat", "v": 21.0}, {"l": "Pigmeat", "v": 1.0}, {"l": "Eggs", "v": 8.0}, {"l": "Milk - Excluding Butter", "v": 186.0}, {"l": "Poultry Meat", "v": 15.0}, {"l": "Offals, Edible", "v": 6.0}, {"l": "Bovine Meat", "v": 18.0}]}, {"source": 2, "prod": 1.0647754299365719, "target": 5, "value": 307.0, "supply": [{"l": "Barley", "v": 1.0}, {"l": "Rice", "v": 18.0}, {"l": "Wheat", "v": 287.0}, {"l": "Oats", "v": 1.0}]}, {"source": 3, "prod": 0.039071019575714065, "target": 5, "value": 8.0, "supply": [{"l": "Olives", "v": 2.0}, {"l": "Coconuts - Incl Copra", "v": 1.0}, {"l": "Sesame seed", "v": 2.0}, {"l": "Groundnuts", "v": 3.0}]}, {"source": 7, "prod": 0.0002811269310298013, "target": 5, "value": 1.0, "supply": [{"l": "Sugar cane", "v": 1.0}]}, {"source": 8, "prod": 0.23138616053975358, "target": 5, "value": 56.0, "supply": [{"l": "Sugar", "v": 54.0}, {"l": "Sweeteners, Other", "v": 2.0}]}, {"source": 9, "prod": 0.026534704034386486, "target": 5, "value": 30.0, "supply": [{"l": "Roots, Other", "v": 1.0}, {"l": "Potatoes", "v": 29.0}]}, {"source": 0, "prod": 0.28607528679157346, "target": 5, "value": 504.0, "supply": [{"l": "Tomatoes", "v": 42.0}, {"l": "Treenuts", "v": 8.0}, {"l": "Vegetables, Other", "v": 180.0}, {"l": "Peas", "v": 1.0}, {"l": "Grapes", "v": 50.0}, {"l": "Dates", "v": 3.0}, {"l": "Beans", "v": 3.0}, {"l": "Apples", "v": 30.0}, {"l": "Lemons, Limes", "v": 27.0}, {"l": "Bananas", "v": 14.0}, {"l": "Fruits, Other", "v": 55.0}, {"l": "Grapefruit", "v": 1.0}, {"l": "Oranges, Mandarines", "v": 63.0}, {"l": "Onions", "v": 15.0}, {"l": "Pulses, Other", "v": 12.0}]}, {"source": 10, "prod": 0.038543101270647175, "target": 5, "value": 15.0, "supply": [{"l": "Nuts", "v": 8.0}, {"l": "Cocoa Beans", "v": 1.0}, {"l": "Coffee", "v": 4.0}, {"l": "Spices, Other", "v": 1.0}, {"l": "Tea", "v": 1.0}]}, {"source": 11, "prod": 0.014791136277351551, "target": 5, "value": 16.0, "supply": [{"l": "Marine Fish, Other", "v": 4.0}, {"l": "Pelagic Fish", "v": 4.0}, {"l": "Fish, Seafood", "v": 8.0}]}, {"source": 12, "prod": 0.19512225273373099, "target": 5, "value": 19.0, "supply": [{"l": "Groundnut Oil", "v": 1.0}, {"l": "Olive Oil", "v": 7.0}, {"l": "Coconut Oil", "v": 1.0}, {"l": "Oilcrops Oil, Other", "v": 3.0}, {"l": "Sesameseed Oil", "v": 1.0}, {"l": "Cottonseed Oil", "v": 6.0}]}, {"source": 7, "prod": 0.080193333180000007, "target": 13, "value": 69.0, "supply": [{"l": "Sugar beet", "v": 69.0}]}, {"source": 0, "prod": 0.0038831753217505199, "target": 13, "value": 5.0, "supply": [{"l": "Grapes", "v": 5.0}]}, {"source": 2, "prod": 0.0032653974296538461, "target": 13, "value": 1.0, "supply": [{"l": "Barley", "v": 1.0}]}, {"source": 3, "prod": 0.30917724239798194, "target": 13, "value": 96.0, "supply": [{"l": "Cottonseed", "v": 42.0}, {"l": "Olives", "v": 45.0}, {"l": "Groundnuts", "v": 3.0}, {"l": "Oilcrops, Other", "v": 4.0}, {"l": "Sesame seed", "v": 2.0}]}, {"source": 4, "prod": 0.028756564461145166, "target": 14, "value": 3.0, "supply": [{"l": "Fats, Animals, Raw", "v": 3.0}]}, {"source": 12, "prod": 0.051544557623838083, "target": 14, "value": 5.0, "supply": [{"l": "Olive Oil", "v": 2.0}, {"l": "Palm Oil", "v": 1.0}, {"l": "Cottonseed Oil", "v": 1.0}, {"l": "Oilcrops Oil, Other", "v": 1.0}]}, {"source": 0, "prod": 0.020969146737452808, "target": 14, "value": 27.0, "supply": [{"l": "Grapes", "v": 27.0}]}, {"source": 9, "prod": 0.0052459722911058241, "target": 15, "value": 6.0, "supply": [{"l": "Potatoes", "v": 6.0}]}, {"source": 0, "prod": 0.0039953097962823533, "target": 15, "value": 1.0, "supply": [{"l": "Pulses, Other", "v": 1.0}]}, {"source": 6, "prod": 0.0015975869145080648, "target": 6, "value": 1.0, "supply": [{"l": "Eggs", "v": 1.0}]}, {"source": 2, "prod": 0.040844435971398224, "target": 15, "value": 12.0, "supply": [{"l": "Wheat", "v": 11.0}, {"l": "Barley", "v": 1.0}]}, {"source": 9, "prod": 0.0026229861455529121, "target": 16, "value": 3.0, "supply": [{"l": "Potatoes", "v": 3.0}]}, {"source": 0, "prod": 0.03514704514132528, "target": 16, "value": 73.0, "supply": [{"l": "Bananas", "v": 3.0}, {"l": "Apples", "v": 6.0}, {"l": "Vegetables, Other", "v": 20.0}, {"l": "Fruits, Other", "v": 7.0}, {"l": "Grapes", "v": 4.0}, {"l": "Oranges, Mandarines", "v": 16.0}, {"l": "Lemons, Limes", "v": 7.0}, {"l": "Onions", "v": 3.0}, {"l": "Tomatoes", "v": 5.0}, {"l": "Pulses, Other", "v": 2.0}]}, {"source": 6, "prod": 0.0062031149997353961, "target": 16, "value": 7.0, "supply": [{"l": "Milk - Excluding Butter", "v": 5.0}, {"l": "Eggs", "v": 2.0}]}, {"source": 2, "prod": 0.04408320290080802, "target": 16, "value": 13.0, "supply": [{"l": "Maize", "v": 1.0}, {"l": "Wheat", "v": 9.0}, {"l": "Barley", "v": 3.0}]}, {"source": 3, "prod": 0.0034419053988243241, "target": 16, "value": 2.0, "supply": [{"l": "Olives", "v": 2.0}]}, {"source": 17, "prod": 0.032293135169019459, "target": 10, "value": 13.0, "supply": [{"l": "Cocoa Beans", "v": 1.0}, {"l": "Nuts", "v": 4.0}, {"l": "Coffee", "v": 4.0}, {"l": "Spices, Other", "v": 3.0}, {"l": "Tea", "v": 1.0}]}, {"source": 17, "prod": 0.073028067104004502, "target": 1, "value": 100.0, "supply": [{"l": "Milk - Excluding Butter", "v": 86.0}, {"l": "Fish, Seafood", "v": 5.0}, {"l": "Pelagic Fish", "v": 3.0}, {"l": "Pigmeat", "v": 1.0}, {"l": "Bovine Meat", "v": 3.0}, {"l": "Marine Fish, Other", "v": 2.0}]}, {"source": 17, "prod": 0.48537905313179824, "target": 13, "value": 100.0, "supply": [{"l": "Coconut Oil", "v": 1.0}, {"l": "Sugar", "v": 84.0}, {"l": "Beverages, Alcoholic", "v": 1.0}, {"l": "Oilcrops Oil, Other", "v": 2.0}, {"l": "Butter, Ghee", "v": 2.0}, {"l": "Fats, Animals, Raw", "v": 6.0}, {"l": "Sweeteners, Other", "v": 2.0}, {"l": "Palm Oil", "v": 2.0}]}, {"source": 17, "prod": 1.3772218138157781, "target": 2, "value": 400.0, "supply": [{"l": "Maize", "v": 37.0}, {"l": "Barley", "v": 73.0}, {"l": "Rice", "v": 19.0}, {"l": "Sorghum", "v": 5.0}, {"l": "Wheat", "v": 266.0}]}, {"source": 17, "prod": 0.34580598961370551, "target": 0, "value": 158.0, "supply": [{"l": "Dates", "v": 4.0}, {"l": "Grapes", "v": 6.0}, {"l": "Tomatoes", "v": 5.0}, {"l": "Fruits, Other", "v": 4.0}, {"l": "Vegetables, Other", "v": 52.0}, {"l": "Treenuts", "v": 4.0}, {"l": "Oranges, Mandarines", "v": 1.0}, {"l": "Onions", "v": 7.0}, {"l": "Pulses, Other", "v": 75.0}]}, {"source": 17, "prod": 0.29286986724628716, "target": 3, "value": 63.0, "supply": [{"l": "Cottonseed", "v": 50.0}, {"l": "Coconuts - Incl Copra", "v": 1.0}, {"l": "Sesame seed", "v": 4.0}, {"l": "Groundnuts", "v": 8.0}]}, {"source": 17, "prod": 0.0096176158670273453, "target": 9, "value": 11.0, "supply": [{"l": "Potatoes", "v": 11.0}]}, {"source": 6, "prod": 0.010187109721192241, "target": 18, "value": 7.0, "supply": [{"l": "Milk - Excluding Butter", "v": 1.0}, {"l": "Eggs", "v": 6.0}]}, {"source": 2, "prod": 0.036922262335600982, "target": 18, "value": 11.0, "supply": [{"l": "Maize", "v": 2.0}, {"l": "Wheat", "v": 3.0}, {"l": "Barley", "v": 6.0}]}, {"source": 3, "prod": 0.032653974296538463, "target": 18, "value": 5.0, "supply": [{"l": "Groundnuts", "v": 5.0}]}, {"source": 9, "prod": 0.023606875309976211, "target": 18, "value": 27.0, "supply": [{"l": "Potatoes", "v": 27.0}]}, {"source": 0, "prod": 0.34712428788685823, "target": 18, "value": 306.0, "supply": [{"l": "Dates", "v": 1.0}, {"l": "Bananas", "v": 9.0}, {"l": "Apples", "v": 80.0}, {"l": "Vegetables, Other", "v": 6.0}, {"l": "Fruits, Other", "v": 9.0}, {"l": "Grapes", "v": 3.0}, {"l": "Grapefruit", "v": 1.0}, {"l": "Oranges, Mandarines", "v": 81.0}, {"l": "Lemons, Limes", "v": 35.0}, {"l": "Onions", "v": 17.0}, {"l": "Tomatoes", "v": 4.0}, {"l": "Pulses, Other", "v": 60.0}]}, {"source": 10, "prod": 0.011577318159681819, "target": 18, "value": 3.0, "supply": [{"l": "Spices, Other", "v": 3.0}]}, {"source": 12, "prod": 0.010275726049460126, "target": 18, "value": 1.0, "supply": [{"l": "Palm Oil", "v": 1.0}]}, {"source": 19, "prod": 0.0011971452385825785, "target": 0, "value": 3.0, "supply": [{"l": "Vegetables, Other", "v": 1.0}, {"l": "Onions", "v": 2.0}]}, {"source": 12, "prod": 0.041268831574377954, "target": 20, "value": 4.0, "supply": [{"l": "Olive Oil", "v": 2.0}, {"l": "Cottonseed Oil", "v": 1.0}, {"l": "Oilcrops Oil, Other", "v": 1.0}]}, {"source": 6, "prod": 0.0058723559872086752, "target": 20, "value": 2.0, "supply": [{"l": "Bovine Meat", "v": 2.0}]}, {"source": 2, "prod": 0.070399960081328011, "target": 20, "value": 21.0, "supply": [{"l": "Wheat", "v": 5.0}, {"l": "Barley", "v": 15.0}, {"l": "Rice", "v": 1.0}]}, {"source": 0, "prod": 0.02561922420985252, "target": 20, "value": 9.0, "supply": [{"l": "Fruits, Other", "v": 2.0}, {"l": "Beans", "v": 1.0}, {"l": "Oranges, Mandarines", "v": 1.0}, {"l": "Pulses, Other", "v": 5.0}]}, {"source": 19, "prod": 0.02122508329275, "target": 3, "value": 4.0, "supply": [{"l": "Oilcrops, Other", "v": 4.0}]}, {"source": 3, "prod": 0.021043672324435894, "target": 20, "value": 5.0, "supply": [{"l": "Cottonseed", "v": 5.0}]}, {"source": 8, "prod": 0.15774264463436088, "target": 20, "value": 38.0, "supply": [{"l": "Sugar", "v": 38.0}]}, {"source": 21, "prod": 0.27481503280352232, "target": 2, "value": 81.0, "supply": [{"l": "Maize", "v": 9.0}, {"l": "Barley", "v": 13.0}, {"l": "Wheat", "v": 55.0}, {"l": "Oats", "v": 2.0}, {"l": "Sorghum", "v": 2.0}]}, {"source": 21, "prod": 0.11044986170842672, "target": 3, "value": 53.0, "supply": [{"l": "Olives", "v": 49.0}, {"l": "Groundnuts", "v": 4.0}]}, {"source": 21, "prod": 0.080474460111029808, "target": 7, "value": 70.0, "supply": [{"l": "Sugar cane", "v": 1.0}, {"l": "Sugar beet", "v": 69.0}]}, {"source": 21, "prod": 0.048392921913994087, "target": 9, "value": 55.0, "supply": [{"l": "Roots, Other", "v": 1.0}, {"l": "Potatoes", "v": 54.0}]}, {"source": 21, "prod": 0.39156199320182683, "target": 0, "value": 766.0, "supply": [{"l": "Tomatoes", "v": 45.0}, {"l": "Treenuts", "v": 4.0}, {"l": "Vegetables, Other", "v": 153.0}, {"l": "Peas", "v": 1.0}, {"l": "Grapes", "v": 84.0}, {"l": "Beans", "v": 3.0}, {"l": "Apples", "v": 115.0}, {"l": "Lemons, Limes", "v": 69.0}, {"l": "Bananas", "v": 25.0}, {"l": "Fruits, Other", "v": 68.0}, {"l": "Grapefruit", "v": 3.0}, {"l": "Oranges, Mandarines", "v": 160.0}, {"l": "Onions", "v": 26.0}, {"l": "Pulses, Other", "v": 10.0}]}, {"source": 21, "prod": 0.013968178208082263, "target": 10, "value": 4.0, "supply": [{"l": "Nuts", "v": 4.0}]}, {"source": 1, "prod": 0.014791136277351551, "target": 11, "value": 16.0, "supply": [{"l": "Pelagic Fish", "v": 4.0}, {"l": "Marine Fish, Other", "v": 4.0}, {"l": "Fish, Seafood", "v": 8.0}]}, {"source": 1, "prod": 0.29058469649017082, "target": 6, "value": 271.0, "supply": [{"l": "Poultry Meat", "v": 15.0}, {"l": "Pigmeat", "v": 1.0}, {"l": "Bovine Meat", "v": 20.0}, {"l": "Eggs", "v": 17.0}, {"l": "Milk - Excluding Butter", "v": 192.0}, {"l": "Offals, Edible", "v": 6.0}, {"l": "Mutton & Goat Meat", "v": 21.0}]}, {"source": 13, "prod": 0.10461356098895916, "target": 4, "value": 23.0, "supply": [{"l": "Fats, Animals, Raw", "v": 8.0}, {"l": "Beer", "v": 8.0}, {"l": "Beverages, Alcoholic", "v": 1.0}, {"l": "Butter, Ghee", "v": 2.0}, {"l": "Wine", "v": 4.0}]}, {"source": 13, "prod": 0.29821136798140713, "target": 12, "value": 29.0, "supply": [{"l": "Olive Oil", "v": 11.0}, {"l": "Sesameseed Oil", "v": 1.0}, {"l": "Coconut Oil", "v": 1.0}, {"l": "Palm Oil", "v": 2.0}, {"l": "Groundnut Oil", "v": 1.0}, {"l": "Cottonseed Oil", "v": 8.0}, {"l": "Oilcrops Oil, Other", "v": 5.0}]}, {"source": 13, "prod": 0.38912880517411447, "target": 8, "value": 94.0, "supply": [{"l": "Sweeteners, Other", "v": 2.0}, {"l": "Sugar", "v": 92.0}]}]}