{"nodes": [{"name": "Balance", "fill": "#9edae5"}, {"name": "Food", "fill": "#b5cf6b"}, {"name": "Stock Deposit", "fill": "#c7c7c7"}, {"name": "Export", "fill": "#aec7e8"}, {"name": "Biofuels & Other", "fill": "#e7ba52"}, {"name": "Renewables & Nuclear", "fill": "#2ca02c"}, {"name": "Fossil Fuels", "fill": "#c49c94"}, {"name": "Stock Draw", "fill": "#c7c7c7"}, {"name": "Labor", "fill": "#7f7f7f"}], "links": [{"source": 0, "target": 1, "value": 8.0951094482372685}, {"source": 0, "target": 2, "value": 0.36587129525904066}, {"source": 0, "target": 3, "value": 0.89041613718565071}, {"source": 0, "target": 4, "value": 0.096002684431823082}, {"source": 5, "target": 0, "value": 1.5356501543707612}, {"source": 6, "target": 0, "value": 1.6411392471802726}, {"source": 7, "target": 0, "value": 0.029617090316974445}, {"source": 8, "target": 0, "value": 1.7630889600132993}]}