{"nodes": [{"name": "Balance", "fill": "#9edae5"}, {"name": "Food", "fill": "#b5cf6b"}, {"name": "Stock Deposit", "fill": "#c7c7c7"}, {"name": "Export", "fill": "#aec7e8"}, {"name": "Biofuels & Other", "fill": "#e7ba52"}, {"name": "Renewables & Nuclear", "fill": "#2ca02c"}, {"name": "Fossil Fuels", "fill": "#c49c94"}, {"name": "Stock Draw", "fill": "#c7c7c7"}, {"name": "Labor", "fill": "#7f7f7f"}], "links": [{"source": 0, "target": 1, "value": 9.5908971347338241}, {"source": 0, "target": 2, "value": 0.14821135830478346}, {"source": 0, "target": 3, "value": 0.72188175598018023}, {"source": 0, "target": 4, "value": 0.14367062682613552}, {"source": 5, "target": 0, "value": 2.0036101420048422}, {"source": 6, "target": 0, "value": 1.9166515131260093}, {"source": 7, "target": 0, "value": 0.15552187533916384}, {"source": 8, "target": 0, "value": 2.0820217610693947}]}