{"nodes": [{"layer": 13, "name": "Aquatic Products", "fill": "#1f77b4"}, {"layer": 10, "name": "Feed", "fill": "#dbdb8d"}, {"layer": 13, "name": "Other Processed", "fill": "#9c9ede"}, {"layer": 13, "name": "Animal Products", "fill": "#17becf"}, {"layer": 5, "name": "Cereals", "fill": "#e7ba52"}, {"layer": 16, "name": "Food", "fill": "#b5cf6b"}, {"layer": 5, "name": "Oilcrops", "fill": "#ff9896"}, {"layer": 5, "name": "Fruits, Roots & Vegetables", "fill": "#98df8a"}, {"layer": 5, "name": "Sugar Crops", "fill": "#ffbb78"}, {"layer": 13, "name": "Sugar", "fill": "#d6616b"}, {"layer": 13, "name": "Vegetable Oils", "fill": "#f7b6d2"}, {"layer": 10, "name": "Processing", "fill": "#9edae5"}, {"layer": 16, "name": "Biofuels & Other", "fill": "#e7ba52"}, {"name": "Seed", "fill": "#dbdb8d"}, {"name": "Waste", "fill": "#c7c7c7"}, {"layer": 0, "name": "Import", "fill": "#aec7e8"}, {"layer": 16, "name": "Export", "fill": "#aec7e8"}, {"layer": 0, "name": "Stock Draw", "fill": "#c7c7c7"}, {"layer": 16, "name": "Stock Deposit", "fill": "#c7c7c7"}, {"layer": 0, "name": "Production", "fill": "#b5cf6b"}], "links": [{"source": 0, "prod": 0.0077363466328053939, "target": 1, "value": 8.0, "supply": [{"l": "Pelagic Fish", "v": 4.0}, {"l": "Fish, Seafood", "v": 4.0}]}, {"source": 2, "prod": 0.0091080817194942529, "target": 1, "value": 1.0, "supply": [{"l": "Fish, Body Oil", "v": 1.0}]}, {"source": 3, "prod": 0.034715238743902976, "target": 1, "value": 48.0, "supply": [{"l": "Milk - Excluding Butter", "v": 48.0}]}, {"source": 4, "prod": 0.36691152703096913, "target": 1, "value": 104.0, "supply": [{"l": "Maize", "v": 71.0}, {"l": "Oats", "v": 1.0}, {"l": "Sorghum", "v": 22.0}, {"l": "Millet", "v": 10.0}]}, {"source": 2, "prod": 0.42654594919926936, "target": 5, "value": 576.0, "supply": [{"l": "Beer", "v": 156.0}, {"l": "Beverages, Alcoholic", "v": 22.0}, {"l": "Fats, Animals, Raw", "v": 8.0}, {"l": "Butter, Ghee", "v": 2.0}, {"l": "Wine", "v": 1.0}, {"l": "Beverages, Fermented", "v": 387.0}]}, {"source": 3, "prod": 1.1450660929432119, "target": 5, "value": 1154.0, "supply": [{"l": "Mutton & Goat Meat", "v": 25.0}, {"l": "Pigmeat", "v": 2.0}, {"l": "Meat, Other", "v": 19.0}, {"l": "Poultry Meat", "v": 23.0}, {"l": "Eggs", "v": 12.0}, {"l": "Milk - Excluding Butter", "v": 900.0}, {"l": "Offals, Edible", "v": 35.0}, {"l": "Bovine Meat", "v": 138.0}]}, {"source": 4, "prod": 7.0223409622780801, "target": 5, "value": 1950.0, "supply": [{"l": "Maize", "v": 1563.0}, {"l": "Barley", "v": 1.0}, {"l": "Rice", "v": 21.0}, {"l": "Wheat", "v": 168.0}, {"l": "Oats", "v": 4.0}, {"l": "Sorghum", "v": 117.0}, {"l": "Millet", "v": 76.0}]}, {"source": 6, "prod": 0.13268495564964267, "target": 5, "value": 56.0, "supply": [{"l": "Coconuts - Incl Copra", "v": 48.0}, {"l": "Sesame seed", "v": 5.0}, {"l": "Groundnuts", "v": 3.0}]}, {"source": 7, "prod": 2.7216689281972801, "target": 5, "value": 2092.0, "supply": [{"l": "Roots, Other", "v": 7.0}, {"l": "Plantains", "v": 9.0}, {"l": "Nuts", "v": 1.0}, {"l": "Grapefruit", "v": 4.0}, {"l": "Cocoa Beans", "v": 1.0}, {"l": "Tomatoes", "v": 42.0}, {"l": "Coffee", "v": 1.0}, {"l": "Treenuts", "v": 1.0}, {"l": "Vegetables, Other", "v": 264.0}, {"l": "Dates", "v": 1.0}, {"l": "Potatoes", "v": 214.0}, {"l": "Pimento", "v": 3.0}, {"l": "Beans", "v": 82.0}, {"l": "Pulses, Other", "v": 211.0}, {"l": "Pineapples", "v": 28.0}, {"l": "Bananas", "v": 341.0}, {"l": "Infant food", "v": 1.0}, {"l": "Spices, Other", "v": 1.0}, {"l": "Tea", "v": 4.0}, {"l": "Fruits, Other", "v": 87.0}, {"l": "Sweet potatoes", "v": 243.0}, {"l": "Oranges, Mandarines", "v": 10.0}, {"l": "Onions", "v": 3.0}, {"l": "Cassava", "v": 533.0}]}, {"source": 8, "prod": 0.055191524163911591, "target": 5, "value": 175.0, "supply": [{"l": "Sugar cane", "v": 175.0}]}, {"source": 9, "prod": 1.0592915649741055, "target": 5, "value": 257.0, "supply": [{"l": "Sugar", "v": 244.0}, {"l": "Sugar non-centrifugal", "v": 4.0}, {"l": "Sweeteners, Other", "v": 1.0}, {"l": "Honey", "v": 8.0}]}, {"source": 0, "prod": 0.057793551344281865, "target": 5, "value": 65.0, "supply": [{"l": "Freshwater Fish", "v": 24.0}, {"l": "Marine Fish, Other", "v": 3.0}, {"l": "Pelagic Fish", "v": 5.0}, {"l": "Fish, Seafood", "v": 33.0}]}, {"source": 10, "prod": 0.19960839401340533, "target": 5, "value": 20.0, "supply": [{"l": "Maize Germ Oil", "v": 3.0}, {"l": "Palm Oil", "v": 8.0}, {"l": "Sunflowerseed Oil", "v": 2.0}, {"l": "Coconut Oil", "v": 3.0}, {"l": "Oilcrops Oil, Other", "v": 1.0}, {"l": "Cottonseed Oil", "v": 2.0}, {"l": "Palmkernel Oil", "v": 1.0}]}, {"source": 8, "prod": 0.61467588911693527, "target": 11, "value": 1949.0, "supply": [{"l": "Sugar cane", "v": 1949.0}]}, {"source": 4, "prod": 0.47954588173079493, "target": 11, "value": 131.0, "supply": [{"l": "Maize", "v": 18.0}, {"l": "Oats", "v": 1.0}, {"l": "Millet", "v": 26.0}, {"l": "Barley", "v": 35.0}, {"l": "Sorghum", "v": 51.0}]}, {"source": 6, "prod": 0.21138802466356713, "target": 11, "value": 50.0, "supply": [{"l": "Sunflower seed", "v": 6.0}, {"l": "Cottonseed", "v": 22.0}, {"l": "Coconuts - Incl Copra", "v": 20.0}, {"l": "Oilcrops, Other", "v": 2.0}]}, {"source": 9, "prod": 0.073945451471516141, "target": 11, "value": 18.0, "supply": [{"l": "Sugar non-centrifugal", "v": 18.0}]}, {"source": 7, "prod": 0.11306781051849983, "target": 12, "value": 29.0, "supply": [{"l": "Beans", "v": 28.0}, {"l": "Cassava", "v": 1.0}]}, {"source": 2, "prod": 0.1146723888679171, "target": 12, "value": 14.0, "supply": [{"l": "Fats, Animals, Raw", "v": 13.0}, {"l": "Alcohol, Non-Food", "v": 1.0}]}, {"source": 10, "prod": 0.048287064491006254, "target": 12, "value": 5.0, "supply": [{"l": "Palm Oil", "v": 4.0}, {"l": "Oilcrops Oil, Other", "v": 1.0}]}, {"source": 7, "prod": 0.14052703955346232, "target": 13, "value": 64.0, "supply": [{"l": "Potatoes", "v": 36.0}, {"l": "Beans", "v": 3.0}, {"l": "Pulses, Other", "v": 25.0}]}, {"source": 3, "prod": 0.0013842445625706524, "target": 3, "value": 1.0, "supply": [{"l": "Eggs", "v": 1.0}]}, {"source": 4, "prod": 0.21662991029336795, "target": 13, "value": 60.0, "supply": [{"l": "Maize", "v": 44.0}, {"l": "Wheat", "v": 8.0}, {"l": "Millet", "v": 2.0}, {"l": "Barley", "v": 2.0}, {"l": "Sorghum", "v": 4.0}]}, {"source": 6, "prod": 0.01858373959409667, "target": 13, "value": 3.0, "supply": [{"l": "Cottonseed", "v": 2.0}, {"l": "Groundnuts", "v": 1.0}]}, {"source": 7, "prod": 0.3480486988349456, "target": 14, "value": 237.0, "supply": [{"l": "Roots, Other", "v": 1.0}, {"l": "Potatoes", "v": 28.0}, {"l": "Nuts", "v": 1.0}, {"l": "Beans", "v": 23.0}, {"l": "Tomatoes", "v": 5.0}, {"l": "Pineapples", "v": 4.0}, {"l": "Bananas", "v": 60.0}, {"l": "Treenuts", "v": 1.0}, {"l": "Fruits, Other", "v": 9.0}, {"l": "Vegetables, Other", "v": 31.0}, {"l": "Sweet potatoes", "v": 27.0}, {"l": "Oranges, Mandarines", "v": 1.0}, {"l": "Plantains", "v": 1.0}, {"l": "Cassava", "v": 17.0}, {"l": "Pulses, Other", "v": 28.0}]}, {"source": 3, "prod": 0.053394878959999816, "target": 14, "value": 72.0, "supply": [{"l": "Milk - Excluding Butter", "v": 70.0}, {"l": "Eggs", "v": 2.0}]}, {"source": 4, "prod": 0.28518455657901903, "target": 14, "value": 83.0, "supply": [{"l": "Maize", "v": 39.0}, {"l": "Oats", "v": 1.0}, {"l": "Barley", "v": 1.0}, {"l": "Sorghum", "v": 24.0}, {"l": "Wheat", "v": 4.0}, {"l": "Millet", "v": 14.0}]}, {"source": 6, "prod": 0.01279832258167175, "target": 14, "value": 5.0, "supply": [{"l": "Cottonseed", "v": 1.0}, {"l": "Coconuts - Incl Copra", "v": 4.0}]}, {"source": 15, "prod": 0.71251001353306809, "target": 11, "value": 120.0, "supply": [{"l": "Coconut Oil", "v": 3.0}, {"l": "Sugar", "v": 77.0}, {"l": "Cottonseed Oil", "v": 1.0}, {"l": "Oilcrops Oil, Other", "v": 1.0}, {"l": "Wine", "v": 1.0}, {"l": "Fats, Animals, Raw", "v": 15.0}, {"l": "Sweeteners, Other", "v": 1.0}, {"l": "Fish, Body Oil", "v": 1.0}, {"l": "Palm Oil", "v": 19.0}, {"l": "Palmkernel Oil", "v": 1.0}]}, {"source": 15, "prod": 0.062395536208571002, "target": 4, "value": 18.0, "supply": [{"l": "Maize", "v": 1.0}, {"l": "Barley", "v": 3.0}, {"l": "Wheat", "v": 14.0}]}, {"source": 15, "prod": 0.12726421893010673, "target": 6, "value": 23.0, "supply": [{"l": "Cottonseed", "v": 17.0}, {"l": "Sunflower seed", "v": 4.0}, {"l": "Coconuts - Incl Copra", "v": 2.0}]}, {"source": 15, "prod": 0.024757677167954566, "target": 7, "value": 14.0, "supply": [{"l": "Cocoa Beans", "v": 1.0}, {"l": "Potatoes", "v": 1.0}, {"l": "Fruits, Other", "v": 2.0}, {"l": "Coffee", "v": 1.0}, {"l": "Infant food", "v": 1.0}, {"l": "Tomatoes", "v": 1.0}, {"l": "Bananas", "v": 2.0}, {"l": "Tea", "v": 3.0}, {"l": "Pulses, Other", "v": 2.0}]}, {"source": 15, "prod": 0.025863481455858692, "target": 1, "value": 28.0, "supply": [{"l": "Milk - Excluding Butter", "v": 3.0}, {"l": "Fish, Seafood", "v": 13.0}, {"l": "Pelagic Fish", "v": 10.0}, {"l": "Freshwater Fish", "v": 2.0}]}, {"source": 2, "prod": 0.019858898187466334, "target": 16, "value": 4.0, "supply": [{"l": "Beer", "v": 2.0}, {"l": "Butter, Ghee", "v": 2.0}]}, {"source": 3, "prod": 0.067087161954604374, "target": 16, "value": 73.0, "supply": [{"l": "Pigmeat", "v": 1.0}, {"l": "Milk - Excluding Butter", "v": 65.0}, {"l": "Bovine Meat", "v": 7.0}]}, {"source": 4, "prod": 0.29215351196698414, "target": 16, "value": 81.0, "supply": [{"l": "Maize", "v": 61.0}, {"l": "Barley", "v": 2.0}, {"l": "Wheat", "v": 18.0}]}, {"source": 6, "prod": 0.025309042408699189, "target": 16, "value": 5.0, "supply": [{"l": "Cottonseed", "v": 1.0}, {"l": "Sunflower seed", "v": 3.0}, {"l": "Coconuts - Incl Copra", "v": 1.0}]}, {"source": 7, "prod": 0.36137510439580811, "target": 16, "value": 211.0, "supply": [{"l": "Potatoes", "v": 3.0}, {"l": "Nuts", "v": 21.0}, {"l": "Coffee", "v": 72.0}, {"l": "Pineapples", "v": 12.0}, {"l": "Spices, Other", "v": 1.0}, {"l": "Fruits, Other", "v": 3.0}, {"l": "Vegetables, Other", "v": 12.0}, {"l": "Treenuts", "v": 21.0}, {"l": "Tea", "v": 52.0}, {"l": "Pulses, Other", "v": 14.0}]}, {"source": 9, "prod": 0.012376713404891871, "target": 16, "value": 3.0, "supply": [{"l": "Sugar", "v": 2.0}, {"l": "Sugar non-centrifugal", "v": 1.0}]}, {"source": 0, "prod": 0.0091291107224545018, "target": 16, "value": 10.0, "supply": [{"l": "Pelagic Fish", "v": 2.0}, {"l": "Fish, Seafood", "v": 5.0}, {"l": "Freshwater Fish", "v": 3.0}]}, {"source": 10, "prod": 0.059083284742799294, "target": 16, "value": 6.0, "supply": [{"l": "Coconut Oil", "v": 4.0}, {"l": "Palm Oil", "v": 2.0}]}, {"source": 17, "prod": 0.05771733176098684, "target": 7, "value": 15.0, "supply": [{"l": "Coffee", "v": 3.0}, {"l": "Treenuts", "v": 6.0}, {"l": "Nuts", "v": 6.0}]}, {"source": 10, "prod": 0.049785305664612138, "target": 18, "value": 5.0, "supply": [{"l": "Palm Oil", "v": 4.0}, {"l": "Cottonseed Oil", "v": 1.0}]}, {"source": 4, "prod": 0.57284427775884483, "target": 18, "value": 155.0, "supply": [{"l": "Maize", "v": 155.0}]}, {"source": 17, "prod": 0.00072323414049797882, "target": 1, "value": 1.0, "supply": [{"l": "Milk - Excluding Butter", "v": 1.0}]}, {"source": 7, "prod": 0.059917699247476072, "target": 18, "value": 15.0, "supply": [{"l": "Beans", "v": 15.0}]}, {"source": 6, "prod": 0.011791712940416667, "target": 18, "value": 2.0, "supply": [{"l": "Oilcrops, Other", "v": 2.0}]}, {"source": 17, "prod": 0.019592384577923082, "target": 11, "value": 2.0, "supply": [{"l": "Coconut Oil", "v": 2.0}]}, {"source": 9, "prod": 0.037208847454134386, "target": 18, "value": 9.0, "supply": [{"l": "Sugar", "v": 9.0}]}, {"source": 17, "prod": 0.028300111057000001, "target": 4, "value": 6.0, "supply": [{"l": "Barley", "v": 6.0}]}, {"source": 19, "prod": 9.1115856884336903, "target": 4, "value": 2530.0, "supply": [{"l": "Maize", "v": 1950.0}, {"l": "Barley", "v": 31.0}, {"l": "Rice", "v": 22.0}, {"l": "Wheat", "v": 172.0}, {"l": "Oats", "v": 8.0}, {"l": "Sorghum", "v": 219.0}, {"l": "Millet", "v": 128.0}]}, {"source": 19, "prod": 0.29535767532053814, "target": 6, "value": 99.0, "supply": [{"l": "Sunflower seed", "v": 6.0}, {"l": "Coconuts - Incl Copra", "v": 70.0}, {"l": "Sesame seed", "v": 5.0}, {"l": "Oilcrops, Other", "v": 4.0}, {"l": "Cottonseed", "v": 10.0}, {"l": "Groundnuts", "v": 4.0}]}, {"source": 19, "prod": 3.6548075463333913, "target": 7, "value": 2618.0, "supply": [{"l": "Roots, Other", "v": 8.0}, {"l": "Plantains", "v": 10.0}, {"l": "Nuts", "v": 17.0}, {"l": "Grapefruit", "v": 4.0}, {"l": "Tomatoes", "v": 45.0}, {"l": "Coffee", "v": 70.0}, {"l": "Treenuts", "v": 17.0}, {"l": "Vegetables, Other", "v": 305.0}, {"l": "Pimento", "v": 3.0}, {"l": "Dates", "v": 1.0}, {"l": "Potatoes", "v": 280.0}, {"l": "Beans", "v": 150.0}, {"l": "Pulses, Other", "v": 275.0}, {"l": "Pineapples", "v": 44.0}, {"l": "Bananas", "v": 400.0}, {"l": "Spices, Other", "v": 2.0}, {"l": "Tea", "v": 53.0}, {"l": "Fruits, Other", "v": 98.0}, {"l": "Sweet potatoes", "v": 270.0}, {"l": "Oranges, Mandarines", "v": 12.0}, {"l": "Onions", "v": 4.0}, {"l": "Cassava", "v": 550.0}]}, {"source": 19, "prod": 0.66986741328084687, "target": 8, "value": 2124.0, "supply": [{"l": "Sugar cane", "v": 2124.0}]}, {"source": 1, "prod": 0.074659008699541757, "target": 0, "value": 83.0, "supply": [{"l": "Freshwater Fish", "v": 27.0}, {"l": "Pelagic Fish", "v": 11.0}, {"l": "Marine Fish, Other", "v": 3.0}, {"l": "Fish, Seafood", "v": 42.0}]}, {"source": 1, "prod": 1.300263372601719, "target": 3, "value": 1347.0, "supply": [{"l": "Poultry Meat", "v": 23.0}, {"l": "Pigmeat", "v": 3.0}, {"l": "Bovine Meat", "v": 145.0}, {"l": "Eggs", "v": 15.0}, {"l": "Milk - Excluding Butter", "v": 1083.0}, {"l": "Offals, Edible", "v": 35.0}, {"l": "Meat, Other", "v": 19.0}, {"l": "Mutton & Goat Meat", "v": 25.0}]}, {"source": 11, "prod": 0.57018531797414707, "target": 2, "value": 595.0, "supply": [{"l": "Fats, Animals, Raw", "v": 21.0}, {"l": "Alcohol, Non-Food", "v": 1.0}, {"l": "Beverages, Fermented", "v": 387.0}, {"l": "Fish, Body Oil", "v": 1.0}, {"l": "Beer", "v": 158.0}, {"l": "Beverages, Alcoholic", "v": 22.0}, {"l": "Butter, Ghee", "v": 4.0}, {"l": "Wine", "v": 1.0}]}, {"source": 11, "prod": 0.35676404891182301, "target": 10, "value": 36.0, "supply": [{"l": "Coconut Oil", "v": 7.0}, {"l": "Cottonseed Oil", "v": 3.0}, {"l": "Maize Germ Oil", "v": 3.0}, {"l": "Palm Oil", "v": 18.0}, {"l": "Palmkernel Oil", "v": 1.0}, {"l": "Oilcrops Oil, Other", "v": 2.0}, {"l": "Sunflowerseed Oil", "v": 2.0}]}, {"source": 11, "prod": 1.1828225773046477, "target": 9, "value": 287.0, "supply": [{"l": "Honey", "v": 8.0}, {"l": "Sweeteners, Other", "v": 1.0}, {"l": "Sugar non-centrifugal", "v": 23.0}, {"l": "Sugar", "v": 255.0}]}]}