{"nodes": [{"layer": 13, "name": "Animal Products", "fill": "#17becf"}, {"layer": 16, "name": "Food", "fill": "#b5cf6b"}, {"layer": 5, "name": "Cereals", "fill": "#e7ba52"}, {"layer": 5, "name": "Oilcrops", "fill": "#ff9896"}, {"layer": 5, "name": "Fruits, Roots & Vegetables", "fill": "#98df8a"}, {"layer": 13, "name": "Sugar", "fill": "#d6616b"}, {"layer": 13, "name": "Aquatic Products", "fill": "#1f77b4"}, {"layer": 5, "name": "Sugar Crops", "fill": "#ffbb78"}, {"layer": 10, "name": "Processing", "fill": "#9edae5"}, {"layer": 16, "name": "Biofuels & Other", "fill": "#e7ba52"}, {"layer": 2, "name": "Import", "fill": "#aec7e8"}, {"layer": 10, "name": "Feed", "fill": "#dbdb8d"}, {"layer": 16, "name": "Export", "fill": "#aec7e8"}, {"layer": 16, "name": "Stock Deposit", "fill": "#c7c7c7"}, {"layer": 2, "name": "Electricity", "fill": "#bcbd22"}, {"layer": 0, "name": "Fossil Fuels", "fill": "#c49c94"}, {"layer": 0, "name": "Renewables & Nuclear", "fill": "#2ca02c"}, {"layer": 2, "name": "Fertilizers", "fill": "#c5b0d5"}, {"layer": 0, "name": "Labor", "fill": "#7f7f7f"}], "links": [{"source": 0, "prod": 3.0, "target": 1, "value": 0.0028131631624105434, "supply": [{"l": "Milk - Excluding Butter", "v": 0.0028131631624105434}]}, {"source": 2, "prod": 4.0, "target": 1, "value": 0.013337233113917598, "supply": [{"l": "Rice", "v": 0.0041788515096472514}, {"l": "Wheat", "v": 0.0091583816042703475}]}, {"source": 3, "prod": 1.0, "target": 1, "value": 0.0021403445337226891, "supply": [{"l": "Coconuts - Incl Copra", "v": 0.0021403445337226891}]}, {"source": 4, "prod": 2.0, "target": 1, "value": 0.0016603202206047236, "supply": [{"l": "Roots, Other", "v": 0.0010569920997192772}, {"l": "Fruits, Other", "v": 0.00060332812088544627}]}, {"source": 5, "prod": 2.0, "target": 1, "value": 0.0083603044548692697, "supply": [{"l": "Sugar", "v": 0.0083603044548692697}]}, {"source": 6, "prod": 2.0, "target": 1, "value": 0.0013466919006923383, "supply": [{"l": "Fish, Seafood", "v": 0.00059845159660009404}, {"l": "Marine Fish, Other", "v": 0.00074824030409224428}]}, {"source": 7, "prod": 333.0, "target": 8, "value": 0.12509650861036728, "supply": [{"l": "Sugar cane", "v": 0.12509650861036728}]}, {"source": 0, "prod": 1.0, "target": 9, "value": 0.00093772105413684787, "supply": [{"l": "Milk - Excluding Butter", "v": 0.00093772105413684787}]}, {"source": 2, "prod": 1.0, "target": 9, "value": 0.0030527938680901152, "supply": [{"l": "Wheat", "v": 0.0030527938680901152}]}, {"source": 5, "prod": 1.0, "target": 9, "value": 0.0041801522274346348, "supply": [{"l": "Sugar", "v": 0.0041801522274346348}]}, {"source": 10, "prod": 6.0, "target": 2, "value": 0.019442820850097828, "supply": [{"l": "Rice", "v": 0.0041788515096472514}, {"l": "Wheat", "v": 0.015263969340450576}]}, {"source": 10, "prod": 4.0, "target": 11, "value": 0.0037508842165473915, "supply": [{"l": "Milk - Excluding Butter", "v": 0.0037508842165473915}]}, {"source": 5, "prod": 36.0, "target": 12, "value": 0.15048548018764685, "supply": [{"l": "Sugar", "v": 0.15048548018764685}]}, {"source": 5, "prod": 1.0, "target": 13, "value": 0.0041801522274346348, "supply": [{"l": "Sugar", "v": 0.0041801522274346348}]}, {"source": 11, "prod": 2.0, "target": 6, "value": 0.0013466919006923383, "supply": [{"l": "Marine Fish, Other", "v": 0.00074824030409224428}, {"l": "Fish, Seafood", "v": 0.00059845159660009404}]}, {"source": 11, "prod": 4.0, "target": 0, "value": 0.0037508842165473915, "supply": [{"l": "Milk - Excluding Butter", "v": 0.0037508842165473915}]}, {"source": 8, "prod": 40.0, "target": 5, "value": 0.16720608909738541, "supply": [{"l": "Sugar", "v": 0.16720608909738541}]}, {"source": 14, "prod": 0, "target": 4, "value": 1.3365870722008851e-08, "supply": "[{\"l\":'Energy for power irrigation',\"v\":1.3365870722008851e-08}]"}, {"source": 14, "prod": 0, "target": 7, "value": 2.2254174752144737e-06, "supply": "[{\"l\":'Energy for power irrigation',\"v\":2.2254174752144737e-06}]"}, {"source": 14, "prod": 0, "target": 3, "value": 1.0024403041506638e-08, "supply": "[{\"l\":'Energy for power irrigation',\"v\":1.0024403041506638e-08}]"}, {"source": 14, "prod": 0, "target": 8, "value": 0.00033843686199964252, "supply": "[{\"l\":'Electricity',\"v\":0.00033843686199964252}]"}, {"source": 15, "prod": 0, "target": 14, "value": 0.00064361553580817934, "supply": [{"l": "Coal", "v": 0.00033399117684805281}, {"l": "Natural gas", "v": 0.00010000854019725747}, {"l": "Oil", "v": 0.00020961581876286905}]}, {"source": 16, "prod": 0, "target": 14, "value": 9.0455029106831719e-05, "supply": [{"l": "Nuclear", "v": 1.032773918783118e-05}, {"l": "Hydroelectric", "v": 7.9098292266680076e-05}, {"l": "Renewable", "v": 1.0289976523204664e-06}]}, {"source": 15, "prod": 0, "target": 4, "value": 2.7122638987184836e-05, "supply": [{"l": "Other fossil fuels", "v": 2.7122638987184836e-05}]}, {"source": 15, "prod": 0, "target": 7, "value": 0.0045159193913662746, "supply": [{"l": "Other fossil fuels", "v": 0.0045159193913662746}]}, {"source": 15, "prod": 0, "target": 3, "value": 2.0341979240388627e-05, "supply": [{"l": "Other fossil fuels", "v": 2.0341979240388627e-05}]}, {"source": 17, "prod": 0.0073746312684365781, "target": 4, "value": 3.3845460531828905e-05, "supply": [{"l": "Potash", "v": 0.00256388889094}, {"l": "Phosphate", "v": 0.00042083333367000001}, {"l": "Nitrogen", "v": 0.0027520833355349993}]}, {"source": 17, "prod": 1.2278761061946901, "target": 7, "value": 0.005635269178549512, "supply": [{"l": "Potash", "v": 0.00256388889094}, {"l": "Phosphate", "v": 0.00042083333367000001}, {"l": "Nitrogen", "v": 0.0027520833355349993}]}, {"source": 17, "prod": 0.0055309734513274336, "target": 3, "value": 2.5384095398871677e-05, "supply": [{"l": "Potash", "v": 0.00256388889094}, {"l": "Phosphate", "v": 0.00042083333367000001}, {"l": "Nitrogen", "v": 0.0027520833355349993}]}, {"source": 15, "prod": 0, "target": 17, "value": 0.009415925520445418, "supply": [{"l": "Natural gas (including LNG)", "v": 0.0054105332061556415}, {"l": "Fuel oil", "v": 0.0035189032778836348}, {"l": "Liquefied petroleum gas (LPG)", "v": 0.00024324451820307015}, {"l": "Coal", "v": 0.00024324451820307015}]}, {"source": 18, "prod": 0, "target": 2, "value": 2.2041000630393573e-05, "supply": "[{\"l\":'Labor',\"v\":2.2041000630393573e-05}]"}, {"source": 18, "prod": 0, "target": 3, "value": 1.3224600378236142e-05, "supply": "[{\"l\":'Labor',\"v\":1.3224600378236142e-05}]"}, {"source": 18, "prod": 0, "target": 4, "value": 1.7632800504314857e-05, "supply": "[{\"l\":'Labor',\"v\":1.7632800504314857e-05}]"}, {"source": 18, "prod": 0, "target": 7, "value": 0.0029358612839684235, "supply": "[{\"l\":'Labor',\"v\":0.0029358612839684235}]"}, {"source": 15, "prod": 0, "target": 10, "value": 0.0057023785794320702, "supply": "[{\"l\":'Fossil Fuels',\"v\":0.0057023785794320702}]"}, {"source": 16, "prod": 0, "target": 10, "value": 0.00036047211940565488, "supply": "[{\"l\":'Renewables & Nuclear',\"v\":1.2476205290038633e-05},{\"l\":'Biomass & Waste',\"v\":0.00034799591411561624}]"}]}