{"nodes": [{"layer": 13, "name": "Other Processed", "fill": "#9c9ede"}, {"layer": 16, "name": "Food", "fill": "#b5cf6b"}, {"layer": 13, "name": "Animal Products", "fill": "#17becf"}, {"layer": 5, "name": "Cereals", "fill": "#e7ba52"}, {"layer": 5, "name": "Oilcrops", "fill": "#ff9896"}, {"layer": 13, "name": "Sugar", "fill": "#d6616b"}, {"layer": 5, "name": "Starchy Roots"}, {"layer": 5, "name": "Fruits & Vegetables"}, {"layer": 13, "name": "Aquatic Products", "fill": "#1f77b4"}, {"layer": 5, "name": "Sugar Crops", "fill": "#ffbb78"}, {"layer": 10, "name": "Processing", "fill": "#9edae5"}, {"layer": 16, "name": "Biofuels & Other", "fill": "#e7ba52"}, {"layer": 0, "name": "Import", "fill": "#aec7e8"}, {"layer": 10, "name": "Feed", "fill": "#dbdb8d"}, {"layer": 16, "name": "Export", "fill": "#aec7e8"}, {"layer": 16, "name": "Stock Deposit", "fill": "#c7c7c7"}, {"layer": 0, "name": "Production", "fill": "#b5cf6b"}], "links": [{"source": 0, "prod": 0.0005660022211400001, "target": 1, "value": 1.0, "supply": [{"l": "Beer", "v": 1.0}]}, {"source": 2, "prod": 0.0066535390715821482, "target": 1, "value": 5.0, "supply": [{"l": "Milk - Excluding Butter", "v": 3.0}, {"l": "Bovine Meat", "v": 1.0}, {"l": "Poultry Meat", "v": 1.0}]}, {"source": 3, "prod": 0.013358966592283536, "target": 1, "value": 4.0, "supply": [{"l": "Wheat", "v": 3.0}, {"l": "Rice", "v": 1.0}]}, {"source": 4, "prod": 0.0021362565147660688, "target": 1, "value": 1.0, "supply": [{"l": "Coconuts - Incl Copra", "v": 1.0}]}, {"source": 5, "prod": 0.0084029903887701089, "target": 1, "value": 2.0, "supply": [{"l": "Sugar", "v": 2.0}]}, {"source": 6, "prod": 0.0010661000740650687, "target": 1, "value": 1.0, "supply": [{"l": "Roots, Other", "v": 1.0}]}, {"source": 7, "prod": 0.00062202740207848719, "target": 1, "value": 2.0, "supply": [{"l": "Fruits, Other", "v": 1.0}, {"l": "Oranges, Mandarines", "v": 1.0}]}, {"source": 8, "prod": 0.0029403447044960085, "target": 1, "value": 4.0, "supply": [{"l": "Fish, Seafood", "v": 2.0}, {"l": "Marine Fish, Other", "v": 2.0}]}, {"source": 9, "prod": 0.10201733582644357, "target": 10, "value": 298.0, "supply": [{"l": "Sugar cane", "v": 298.0}]}, {"source": 2, "prod": 0.0012777244597343554, "target": 11, "value": 1.0, "supply": [{"l": "Milk - Excluding Butter", "v": 1.0}]}, {"source": 3, "prod": 0.0030582076390082624, "target": 11, "value": 1.0, "supply": [{"l": "Wheat", "v": 1.0}]}, {"source": 5, "prod": 0.0084029903887701089, "target": 11, "value": 2.0, "supply": [{"l": "Sugar", "v": 2.0}]}, {"source": 12, "prod": 0.013358966592283536, "target": 3, "value": 4.0, "supply": [{"l": "Wheat", "v": 3.0}, {"l": "Rice", "v": 1.0}]}, {"source": 12, "prod": 0.007995574146888014, "target": 13, "value": 7.0, "supply": [{"l": "Poultry Meat", "v": 1.0}, {"l": "Milk - Excluding Butter", "v": 4.0}, {"l": "Fish, Seafood", "v": 1.0}, {"l": "Marine Fish, Other", "v": 1.0}]}, {"source": 12, "prod": 0.00062202740207848719, "target": 7, "value": 2.0, "supply": [{"l": "Oranges, Mandarines", "v": 1.0}, {"l": "Fruits, Other", "v": 1.0}]}, {"source": 4, "prod": 0.0021362565147660688, "target": 14, "value": 1.0, "supply": [{"l": "Coconuts - Incl Copra", "v": 1.0}]}, {"source": 5, "prod": 0.10923887505401143, "target": 14, "value": 26.0, "supply": [{"l": "Sugar", "v": 26.0}]}, {"source": 5, "prod": 0.0042014951943850545, "target": 15, "value": 1.0, "supply": [{"l": "Sugar", "v": 1.0}]}, {"source": 16, "prod": 0.0042725130295321375, "target": 4, "value": 2.0, "supply": [{"l": "Coconuts - Incl Copra", "v": 2.0}]}, {"source": 16, "prod": 0.10201733582644357, "target": 9, "value": 298.0, "supply": [{"l": "Sugar cane", "v": 298.0}]}, {"source": 16, "prod": 0.0010661000740650687, "target": 6, "value": 1.0, "supply": [{"l": "Roots, Other", "v": 1.0}]}, {"source": 16, "prod": 0.00048822073041418458, "target": 7, "value": 1.0, "supply": [{"l": "Fruits, Other", "v": 1.0}]}, {"source": 13, "prod": 0.0029403447044960085, "target": 8, "value": 4.0, "supply": [{"l": "Marine Fish, Other", "v": 2.0}, {"l": "Fish, Seafood", "v": 2.0}]}, {"source": 13, "prod": 0.0079312635313165038, "target": 2, "value": 6.0, "supply": [{"l": "Milk - Excluding Butter", "v": 4.0}, {"l": "Bovine Meat", "v": 1.0}, {"l": "Poultry Meat", "v": 1.0}]}, {"source": 10, "prod": 0.0005660022211400001, "target": 0, "value": 1.0, "supply": [{"l": "Beer", "v": 1.0}]}, {"source": 10, "prod": 0.13024635102593671, "target": 5, "value": 31.0, "supply": [{"l": "Sugar", "v": 31.0}]}]}