{"nodes": [{"layer": 5, "name": "Wheat"}, {"layer": 16, "name": "Food", "fill": "#b5cf6b"}, {"layer": 5, "name": "Coconuts - Incl Copra"}, {"layer": 5, "name": "Roots, Other"}, {"layer": 5, "name": "Fruits, Other"}, {"layer": 13, "name": "Sugar", "fill": "#d6616b"}, {"layer": 13, "name": "Milk - Excluding Butter"}, {"layer": 13, "name": "Marine Fish, Other"}, {"layer": 13, "name": "Fish, Seafood"}, {"layer": 5, "name": "Rice"}, {"layer": 5, "name": "Sugar cane"}, {"layer": 10, "name": "Processing", "fill": "#9edae5"}, {"layer": 16, "name": "Biofuels & Other", "fill": "#e7ba52"}, {"layer": 2, "name": "Import", "fill": "#aec7e8"}, {"layer": 10, "name": "Feed", "fill": "#dbdb8d"}, {"layer": 16, "name": "Export", "fill": "#aec7e8"}, {"layer": 16, "name": "Stock Deposit", "fill": "#c7c7c7"}, {"name": "Crop Residue", "fill": "#bd9e39"}, {"layer": 2, "name": "Electricity", "fill": "#bcbd22"}, {"layer": 0, "name": "Fossil Fuels", "fill": "#c49c94"}, {"layer": 0, "name": "Renewables & Nuclear", "fill": "#2ca02c"}, {"layer": 2, "name": "Fertilizers", "fill": "#c5b0d5"}, {"layer": 0, "name": "Labor", "fill": "#7f7f7f"}], "links": [{"source": 0, "prod": 3.0, "target": 1, "value": 0.0091412610629572465, "supply": [{"l": "Wheat", "v": 0.0091412610629572465}]}, {"source": 2, "prod": 1.0, "target": 1, "value": 0.0021374205657804452, "supply": [{"l": "Coconuts - Incl Copra", "v": 0.0021374205657804452}]}, {"source": 3, "prod": 1.0, "target": 1, "value": 0.0010565374794613335, "supply": [{"l": "Roots, Other", "v": 0.0010565374794613335}]}, {"source": 4, "prod": 1.0, "target": 1, "value": 0.00060715375330870093, "supply": [{"l": "Fruits, Other", "v": 0.00060715375330870093}]}, {"source": 5, "prod": 2.0, "target": 1, "value": 0.008358250958573888, "supply": [{"l": "Sugar", "v": 0.008358250958573888}]}, {"source": 6, "prod": 3.0, "target": 1, "value": 0.0022617448756754406, "supply": [{"l": "Milk - Excluding Butter", "v": 0.0022617448756754406}]}, {"source": 7, "prod": 1.0, "target": 1, "value": 0.00073848520154739053, "supply": [{"l": "Marine Fish, Other", "v": 0.00073848520154739053}]}, {"source": 8, "prod": 1.0, "target": 1, "value": 0.0005910008790108017, "supply": [{"l": "Fish, Seafood", "v": 0.0005910008790108017}]}, {"source": 9, "prod": 1.0, "target": 1, "value": 0.0041770963920132005, "supply": [{"l": "Rice", "v": 0.0041770963920132005}]}, {"source": 10, "prod": 354.0, "target": 11, "value": 0.10968875161508761, "supply": [{"l": "Sugar cane", "v": 0.10968875161508761}]}, {"source": 6, "prod": 1.0, "target": 12, "value": 0.00075391495855848015, "supply": [{"l": "Milk - Excluding Butter", "v": 0.00075391495855848015}]}, {"source": 0, "prod": 1.0, "target": 12, "value": 0.0030470870209857487, "supply": [{"l": "Wheat", "v": 0.0030470870209857487}]}, {"source": 5, "prod": 1.0, "target": 12, "value": 0.004179125479286944, "supply": [{"l": "Sugar", "v": 0.004179125479286944}]}, {"source": 13, "prod": 1.0, "target": 9, "value": 0.0041770963920132005, "supply": [{"l": "Rice", "v": 0.0041770963920132005}]}, {"source": 13, "prod": 5.0, "target": 0, "value": 0.015235435104928745, "supply": [{"l": "Wheat", "v": 0.015235435104928745}]}, {"source": 13, "prod": 3.0, "target": 14, "value": 0.0022617448756754406, "supply": [{"l": "Milk - Excluding Butter", "v": 0.0022617448756754406}]}, {"source": 5, "prod": 35.0, "target": 15, "value": 0.14626939177504306, "supply": [{"l": "Sugar", "v": 0.14626939177504306}]}, {"source": 2, "prod": 1.0, "target": 15, "value": 0.0021374205657804452, "supply": [{"l": "Coconuts - Incl Copra", "v": 0.0021374205657804452}]}, {"source": 5, "prod": 1.0, "target": 16, "value": 0.004179125479286944, "supply": [{"l": "Sugar", "v": 0.004179125479286944}]}, {"source": 14, "prod": 4.0, "target": 6, "value": 0.0030156598342339206, "supply": [{"l": "Milk - Excluding Butter", "v": 0.0030156598342339206}]}, {"source": 14, "prod": 1.0, "target": 7, "value": 0.00073848520154739053, "supply": [{"l": "Marine Fish, Other", "v": 0.00073848520154739053}]}, {"source": 14, "prod": 1.0, "target": 8, "value": 0.0005910008790108017, "supply": [{"l": "Fish, Seafood", "v": 0.0005910008790108017}]}, {"source": 11, "prod": 39.0, "target": 5, "value": 0.16298589369219083, "supply": [{"l": "Sugar", "v": 0.16298589369219083}]}, {"source": 9, "prod": 1.0, "target": 17, "value": 0.0034866666600000006, "supply": [{"l": "Rice", "v": 0.0034866666600000006}]}, {"source": 10, "prod": 141.59999999999999, "target": 17, "value": 0.043875500646035043, "supply": [{"l": "Sugar cane", "v": 0.043875500646035043}]}, {"source": 3, "prod": 0.5, "target": 17, "value": 0.0017433333300000001, "supply": [{"l": "Roots, Other", "v": 0.0017433333300000001}]}, {"source": 0, "prod": 4.0, "target": 17, "value": 0.013946666640000001, "supply": [{"l": "Wheat", "v": 0.013946666640000001}]}, {"source": 2, "prod": 2.0, "target": 17, "value": 0.0069733333200000013, "supply": [{"l": "Coconuts - Incl Copra", "v": 0.0069733333200000013}]}, {"source": 18, "prod": 0, "target": 10, "value": 1.9226033634267208e-06, "supply": "[{\"l\":'Energy for power irrigation',\"v\":1.9226033634267208e-06}]"}, {"source": 18, "prod": 0, "target": 3, "value": 5.4310829475331091e-09, "supply": "[{\"l\":'Energy for power irrigation',\"v\":5.4310829475331091e-09}]"}, {"source": 18, "prod": 0, "target": 4, "value": 5.4310829475331091e-09, "supply": "[{\"l\":'Energy for power irrigation',\"v\":5.4310829475331091e-09}]"}, {"source": 18, "prod": 0, "target": 2, "value": 1.0862165895066218e-08, "supply": "[{\"l\":'Energy for power irrigation',\"v\":1.0862165895066218e-08}]"}, {"source": 18, "prod": 0, "target": 11, "value": 0.00029143438812083682, "supply": "[{\"l\":'Electricity',\"v\":0.00029143438812083682}]"}, {"source": 19, "prod": 0, "target": 18, "value": 0.00055496047392690733, "supply": [{"l": "Coal", "v": 0.00028761301353353414}, {"l": "Natural gas", "v": 8.6838987422197499e-05}, {"l": "Oil", "v": 0.00018050847297117569}]}, {"source": 20, "prod": 0, "target": 18, "value": 7.7894403547418433e-05, "supply": [{"l": "Nuclear", "v": 8.8936247323439371e-06}, {"l": "Hydroelectric", "v": 6.811466823426277e-05}, {"l": "Renewable", "v": 8.8611058081172959e-07}]}, {"source": 19, "prod": 0, "target": 10, "value": 0.0045143958589405038, "supply": [{"l": "Other fossil fuels", "v": 0.0045143958589405038}]}, {"source": 19, "prod": 0, "target": 3, "value": 1.2752530674973175e-05, "supply": [{"l": "Other fossil fuels", "v": 1.2752530674973175e-05}]}, {"source": 19, "prod": 0, "target": 4, "value": 1.2752530674973175e-05, "supply": [{"l": "Other fossil fuels", "v": 1.2752530674973175e-05}]}, {"source": 19, "prod": 0, "target": 2, "value": 2.550506134994635e-05, "supply": [{"l": "Other fossil fuels", "v": 2.550506134994635e-05}]}, {"source": 21, "prod": 1.1783633841886272, "target": 10, "value": 0.0047325473916732313, "supply": [{"l": "Potash", "v": 0.00256388889094}, {"l": "Phosphate", "v": 0.00042083333367000001}, {"l": "Nitrogen", "v": 0.0018347222236899999}]}, {"source": 21, "prod": 0.0033287101248266303, "target": 3, "value": 1.336877794257975e-05, "supply": [{"l": "Potash", "v": 0.00256388889094}, {"l": "Phosphate", "v": 0.00042083333367000001}, {"l": "Nitrogen", "v": 0.0018347222236899999}]}, {"source": 21, "prod": 0.0033287101248266303, "target": 4, "value": 1.336877794257975e-05, "supply": [{"l": "Potash", "v": 0.00256388889094}, {"l": "Phosphate", "v": 0.00042083333367000001}, {"l": "Nitrogen", "v": 0.0018347222236899999}]}, {"source": 21, "prod": 0.0066574202496532606, "target": 2, "value": 2.6737555885159499e-05, "supply": [{"l": "Potash", "v": 0.00256388889094}, {"l": "Phosphate", "v": 0.00042083333367000001}, {"l": "Nitrogen", "v": 0.0018347222236899999}]}, {"source": 19, "prod": 0, "target": 21, "value": 0.0083348387728762151, "supply": [{"l": "Natural gas (including LNG)", "v": 0.0046753942178085848}, {"l": "Fuel oil", "v": 0.0033351185307968706}, {"l": "Liquefied petroleum gas (LPG)", "v": 0.00016216301213538013}, {"l": "Coal", "v": 0.00016216301213538013}]}, {"source": 22, "prod": 0, "target": 0, "value": 1.6562178338167538e-05, "supply": "[{\"l\":'Labor',\"v\":1.6562178338167538e-05}]"}, {"source": 22, "prod": 0, "target": 2, "value": 1.6562178338167538e-05, "supply": "[{\"l\":'Labor',\"v\":1.6562178338167538e-05}]"}, {"source": 22, "prod": 0, "target": 3, "value": 8.2810891690837692e-06, "supply": "[{\"l\":'Labor',\"v\":8.2810891690837692e-06}]"}, {"source": 22, "prod": 0, "target": 4, "value": 8.2810891690837692e-06, "supply": "[{\"l\":'Labor',\"v\":8.2810891690837692e-06}]"}, {"source": 22, "prod": 0, "target": 9, "value": 4.1405445845418846e-06, "supply": "[{\"l\":'Labor',\"v\":4.1405445845418846e-06}]"}, {"source": 22, "prod": 0, "target": 10, "value": 0.002931505565855654, "supply": "[{\"l\":'Labor',\"v\":0.002931505565855654}]"}, {"source": 19, "prod": 0, "target": 13, "value": 0.0057081191367335318, "supply": "[{\"l\":'Fossil Fuels',\"v\":0.0057081191367335318}]"}, {"source": 20, "prod": 0, "target": 13, "value": 0.0003608350049679167, "supply": "[{\"l\":'Renewables & Nuclear',\"v\":1.248876502636175e-05},{\"l\":'Biomass & Waste',\"v\":0.00034834623994155493}]"}]}