{"nodes": [{"layer": 13, "name": "Poultry Meat"}, {"layer": 16, "name": "Food", "fill": "#b5cf6b"}, {"layer": 5, "name": "Roots, Other"}, {"layer": 5, "name": "Wheat"}, {"layer": 5, "name": "Coconuts - Incl Copra"}, {"layer": 13, "name": "Bovine Meat"}, {"layer": 5, "name": "Vegetables, Other"}, {"layer": 5, "name": "Fruits, Other"}, {"layer": 13, "name": "Sugar", "fill": "#d6616b"}, {"layer": 13, "name": "Milk - Excluding Butter"}, {"layer": 13, "name": "Beer"}, {"layer": 13, "name": "Marine Fish, Other"}, {"layer": 13, "name": "Fish, Seafood"}, {"layer": 5, "name": "Rice"}, {"layer": 5, "name": "Sugar cane"}, {"layer": 10, "name": "Processing", "fill": "#9edae5"}, {"layer": 16, "name": "Biofuels & Other", "fill": "#e7ba52"}, {"layer": 0, "name": "Import", "fill": "#aec7e8"}, {"layer": 10, "name": "Feed", "fill": "#dbdb8d"}, {"layer": 16, "name": "Export", "fill": "#aec7e8"}, {"layer": 16, "name": "Stock Deposit", "fill": "#c7c7c7"}, {"layer": 0, "name": "Production", "fill": "#b5cf6b"}], "links": [{"source": 0, "prod": 0.0014124467724650994, "target": 1, "value": 1.0, "supply": [{"l": "Poultry Meat", "v": 1.0}]}, {"source": 2, "prod": 0.0010559742931716418, "target": 1, "value": 1.0, "supply": [{"l": "Roots, Other", "v": 1.0}]}, {"source": 3, "prod": 0.0061124198613790167, "target": 1, "value": 2.0, "supply": [{"l": "Wheat", "v": 2.0}]}, {"source": 4, "prod": 0.0021373770391123034, "target": 1, "value": 1.0, "supply": [{"l": "Coconuts - Incl Copra", "v": 1.0}]}, {"source": 5, "prod": 0.0015108888860000001, "target": 1, "value": 1.0, "supply": [{"l": "Bovine Meat", "v": 1.0}]}, {"source": 6, "prod": 0.00034400459145461914, "target": 1, "value": 1.0, "supply": [{"l": "Vegetables, Other", "v": 1.0}]}, {"source": 7, "prod": 0.00051480044695624387, "target": 1, "value": 1.0, "supply": [{"l": "Fruits, Other", "v": 1.0}]}, {"source": 8, "prod": 0.0083410853641684227, "target": 1, "value": 2.0, "supply": [{"l": "Sugar", "v": 2.0}]}, {"source": 9, "prod": 0.0041254515795841754, "target": 1, "value": 4.0, "supply": [{"l": "Milk - Excluding Butter", "v": 4.0}]}, {"source": 10, "prod": 0.00056945345419573174, "target": 1, "value": 1.0, "supply": [{"l": "Beer", "v": 1.0}]}, {"source": 11, "prod": 0.0015811753720413866, "target": 1, "value": 2.0, "supply": [{"l": "Marine Fish, Other", "v": 2.0}]}, {"source": 12, "prod": 0.0013143031580976135, "target": 1, "value": 2.0, "supply": [{"l": "Fish, Seafood", "v": 2.0}]}, {"source": 13, "prod": 0.0041767181232020426, "target": 1, "value": 1.0, "supply": [{"l": "Rice", "v": 1.0}]}, {"source": 14, "prod": 0.10429892561659944, "target": 15, "value": 276.0, "supply": [{"l": "Sugar cane", "v": 276.0}]}, {"source": 9, "prod": 0.0010313628948960438, "target": 16, "value": 1.0, "supply": [{"l": "Milk - Excluding Butter", "v": 1.0}]}, {"source": 3, "prod": 0.0030562099306895084, "target": 16, "value": 1.0, "supply": [{"l": "Wheat", "v": 1.0}]}, {"source": 8, "prod": 0.012511628046252634, "target": 16, "value": 3.0, "supply": [{"l": "Sugar", "v": 3.0}]}, {"source": 17, "prod": 0.010048044750291222, "target": 15, "value": 1.0, "supply": [{"l": "Oilcrops Oil, Other", "v": 1.0}]}, {"source": 17, "prod": 0.015281049653447542, "target": 3, "value": 5.0, "supply": [{"l": "Wheat", "v": 5.0}]}, {"source": 17, "prod": 0.0095278893980148202, "target": 18, "value": 9.0, "supply": [{"l": "Poultry Meat", "v": 1.0}, {"l": "Milk - Excluding Butter", "v": 5.0}, {"l": "Fish, Seafood", "v": 1.0}, {"l": "Bovine Meat", "v": 1.0}, {"l": "Marine Fish, Other", "v": 1.0}]}, {"source": 17, "prod": 0.0041767181232020426, "target": 13, "value": 1.0, "supply": [{"l": "Rice", "v": 1.0}]}, {"source": 8, "prod": 0.09592248168793685, "target": 19, "value": 23.0, "supply": [{"l": "Sugar", "v": 23.0}]}, {"source": 3, "prod": 0.0061124198613790167, "target": 20, "value": 2.0, "supply": [{"l": "Wheat", "v": 2.0}]}, {"source": 21, "prod": 0.0042747540782246069, "target": 4, "value": 2.0, "supply": [{"l": "Coconuts - Incl Copra", "v": 2.0}]}, {"source": 21, "prod": 0.0010559742931716418, "target": 2, "value": 1.0, "supply": [{"l": "Roots, Other", "v": 1.0}]}, {"source": 21, "prod": 0.00051480044695624387, "target": 7, "value": 1.0, "supply": [{"l": "Fruits, Other", "v": 1.0}]}, {"source": 21, "prod": 0.10429892561659944, "target": 14, "value": 276.0, "supply": [{"l": "Sugar cane", "v": 276.0}]}, {"source": 18, "prod": 0.0014124467724650994, "target": 0, "value": 1.0, "supply": [{"l": "Poultry Meat", "v": 1.0}]}, {"source": 18, "prod": 0.0015108888860000001, "target": 5, "value": 1.0, "supply": [{"l": "Bovine Meat", "v": 1.0}]}, {"source": 18, "prod": 0.005156814474480219, "target": 9, "value": 5.0, "supply": [{"l": "Milk - Excluding Butter", "v": 5.0}]}, {"source": 18, "prod": 0.0013143031580976135, "target": 12, "value": 2.0, "supply": [{"l": "Fish, Seafood", "v": 2.0}]}, {"source": 18, "prod": 0.0015811753720413866, "target": 11, "value": 2.0, "supply": [{"l": "Marine Fish, Other", "v": 2.0}]}, {"source": 15, "prod": 0.00056945345419573174, "target": 10, "value": 1.0, "supply": [{"l": "Beer", "v": 1.0}]}, {"source": 15, "prod": 0.1167751950983579, "target": 8, "value": 28.0, "supply": [{"l": "Sugar", "v": 28.0}]}]}