{"nodes": [{"name": "Balance", "fill": "#9edae5"}, {"name": "Food", "fill": "#b5cf6b"}, {"name": "Stock Deposit", "fill": "#c7c7c7"}, {"name": "Export", "fill": "#aec7e8"}, {"name": "Biofuels & Other", "fill": "#e7ba52"}, {"name": "Crop Residue", "fill": "#bd9e39"}, {"name": "Renewables & Nuclear", "fill": "#2ca02c"}, {"name": "Fossil Fuels", "fill": "#c49c94"}, {"name": "Stock Draw", "fill": "#c7c7c7"}, {"name": "Labor", "fill": "#7f7f7f"}], "links": [{"source": 0, "target": 1, "value": 3.7393017906277688}, {"source": 0, "target": 2, "value": 0.31376406920587879}, {"source": 0, "target": 3, "value": 3.1818082855835219}, {"source": 0, "target": 4, "value": 0.13203157591380957}, {"source": 0, "target": 5, "value": 8.7452221177922063}, {"source": 6, "target": 0, "value": 0.34906591951290411}, {"source": 7, "target": 0, "value": 1.3351522680214498}, {"source": 8, "target": 0, "value": 0.16551121889373591}, {"source": 9, "target": 0, "value": 0.23445121672034983}]}