{"nodes": [{"layer": 13, "name": "Aquatic Products", "fill": "#1f77b4"}, {"layer": 10, "name": "Feed", "fill": "#dbdb8d"}, {"layer": 5, "name": "Fruits & Vegetables"}, {"layer": 5, "name": "Cereals", "fill": "#e7ba52"}, {"layer": 13, "name": "Other Processed", "fill": "#9c9ede"}, {"layer": 16, "name": "Food", "fill": "#b5cf6b"}, {"layer": 13, "name": "Animal Products", "fill": "#17becf"}, {"layer": 5, "name": "Oilcrops", "fill": "#ff9896"}, {"layer": 13, "name": "Sugar", "fill": "#d6616b"}, {"layer": 5, "name": "Starchy Roots"}, {"layer": 5, "name": "Others"}, {"layer": 13, "name": "Vegetable Oils", "fill": "#f7b6d2"}, {"layer": 10, "name": "Processing", "fill": "#9edae5"}, {"layer": 5, "name": "Sugar Crops", "fill": "#ffbb78"}, {"layer": 16, "name": "Biofuels & Other", "fill": "#e7ba52"}, {"name": "Seed", "fill": "#dbdb8d"}, {"name": "Waste", "fill": "#c7c7c7"}, {"layer": 0, "name": "Import", "fill": "#aec7e8"}, {"layer": 16, "name": "Export", "fill": "#aec7e8"}, {"layer": 16, "name": "Stock Deposit", "fill": "#c7c7c7"}, {"layer": 0, "name": "Stock Draw", "fill": "#c7c7c7"}, {"layer": 0, "name": "Production", "fill": "#b5cf6b"}], "links": [{"source": 0, "prod": 0.0057620562041046895, "target": 1, "value": 6.0, "supply": [{"l": "Fish, Seafood", "v": 3.0}, {"l": "Marine Fish, Other", "v": 3.0}]}, {"source": 2, "prod": 0.012008533687553044, "target": 1, "value": 25.0, "supply": [{"l": "Fruits, Other", "v": 25.0}]}, {"source": 3, "prod": 0.95464310124724339, "target": 1, "value": 248.0, "supply": [{"l": "Maize", "v": 206.0}, {"l": "Sorghum", "v": 42.0}]}, {"source": 4, "prod": 0.23826427276351481, "target": 5, "value": 129.0, "supply": [{"l": "Beer", "v": 91.0}, {"l": "Beverages, Alcoholic", "v": 27.0}, {"l": "Butter, Ghee", "v": 2.0}, {"l": "Fats, Animals, Raw", "v": 9.0}]}, {"source": 6, "prod": 0.63963729929535895, "target": 5, "value": 683.0, "supply": [{"l": "Poultry Meat", "v": 85.0}, {"l": "Eggs", "v": 11.0}, {"l": "Pigmeat", "v": 7.0}, {"l": "Milk - Excluding Butter", "v": 512.0}, {"l": "Mutton & Goat Meat", "v": 2.0}, {"l": "Bovine Meat", "v": 53.0}, {"l": "Offals, Edible", "v": 13.0}]}, {"source": 3, "prod": 2.1050201100875463, "target": 5, "value": 559.0, "supply": [{"l": "Maize", "v": 45.0}, {"l": "Barley", "v": 1.0}, {"l": "Rice", "v": 320.0}, {"l": "Wheat", "v": 186.0}, {"l": "Oats", "v": 7.0}]}, {"source": 7, "prod": 0.050358067256986196, "target": 5, "value": 30.0, "supply": [{"l": "Olives", "v": 1.0}, {"l": "Coconuts - Incl Copra", "v": 28.0}, {"l": "Groundnuts", "v": 1.0}]}, {"source": 8, "prod": 1.0742700654187656, "target": 5, "value": 259.0, "supply": [{"l": "Sugar", "v": 258.0}, {"l": "Honey", "v": 1.0}]}, {"source": 9, "prod": 0.15550675590878288, "target": 5, "value": 143.0, "supply": [{"l": "Roots, Other", "v": 5.0}, {"l": "Yams", "v": 6.0}, {"l": "Potatoes", "v": 7.0}, {"l": "Sweet potatoes", "v": 38.0}, {"l": "Cassava", "v": 87.0}]}, {"source": 2, "prod": 1.2135561837382931, "target": 5, "value": 1463.0, "supply": [{"l": "Plantains", "v": 549.0}, {"l": "Tomatoes", "v": 144.0}, {"l": "Treenuts", "v": 1.0}, {"l": "Vegetables, Other", "v": 45.0}, {"l": "Peas", "v": 1.0}, {"l": "Grapes", "v": 1.0}, {"l": "Pulses, Other", "v": 16.0}, {"l": "Beans", "v": 55.0}, {"l": "Apples", "v": 1.0}, {"l": "Lemons, Limes", "v": 8.0}, {"l": "Pineapples", "v": 17.0}, {"l": "Bananas", "v": 296.0}, {"l": "Fruits, Other", "v": 271.0}, {"l": "Grapefruit", "v": 3.0}, {"l": "Oranges, Mandarines", "v": 41.0}, {"l": "Onions", "v": 14.0}]}, {"source": 10, "prod": 0.04482485756957702, "target": 5, "value": 46.0, "supply": [{"l": "Nuts", "v": 1.0}, {"l": "Cocoa Beans", "v": 4.0}, {"l": "Coffee", "v": 37.0}, {"l": "Infant food", "v": 1.0}, {"l": "Spices, Other", "v": 3.0}]}, {"source": 0, "prod": 0.047372918599736517, "target": 5, "value": 63.0, "supply": [{"l": "Freshwater Fish", "v": 1.0}, {"l": "Marine Fish, Other", "v": 2.0}, {"l": "Demersal Fish", "v": 19.0}, {"l": "Pelagic Fish", "v": 8.0}, {"l": "Fish, Seafood", "v": 32.0}, {"l": "Molluscs, Other", "v": 1.0}]}, {"source": 11, "prod": 0.61746793318781368, "target": 5, "value": 60.0, "supply": [{"l": "Groundnut Oil", "v": 12.0}, {"l": "Soyabean Oil", "v": 34.0}, {"l": "Sunflowerseed Oil", "v": 7.0}, {"l": "Coconut Oil", "v": 2.0}, {"l": "Cottonseed Oil", "v": 5.0}]}, {"source": 3, "prod": 0.069432695426105362, "target": 12, "value": 21.0, "supply": [{"l": "Barley", "v": 20.0}, {"l": "Rice", "v": 1.0}]}, {"source": 13, "prod": 3.5161746854812139, "target": 12, "value": 10271.0, "supply": [{"l": "Sugar cane", "v": 10271.0}]}, {"source": 7, "prod": 0.37215763990166056, "target": 12, "value": 100.0, "supply": [{"l": "Cottonseed", "v": 4.0}, {"l": "Groundnuts", "v": 31.0}, {"l": "Soyabeans", "v": 23.0}, {"l": "Coconuts - Incl Copra", "v": 42.0}]}, {"source": 8, "prod": 0.049719246260259455, "target": 12, "value": 12.0, "supply": [{"l": "Sugar", "v": 12.0}]}, {"source": 4, "prod": 0.17962122726849628, "target": 14, "value": 21.0, "supply": [{"l": "Fats, Animals, Raw", "v": 21.0}]}, {"source": 11, "prod": 0.13772720714406667, "target": 14, "value": 13.0, "supply": [{"l": "Oilcrops Oil, Other", "v": 1.0}, {"l": "Soyabean Oil", "v": 12.0}]}, {"source": 3, "prod": 0.0079368583417648748, "target": 14, "value": 2.0, "supply": [{"l": "Maize", "v": 2.0}]}, {"source": 9, "prod": 0.00075803868902678576, "target": 15, "value": 1.0, "supply": [{"l": "Potatoes", "v": 1.0}]}, {"source": 2, "prod": 0.015703569608207658, "target": 15, "value": 4.0, "supply": [{"l": "Beans", "v": 3.0}, {"l": "Pulses, Other", "v": 1.0}]}, {"source": 6, "prod": 0.0092618545277454549, "target": 6, "value": 6.0, "supply": [{"l": "Eggs", "v": 6.0}]}, {"source": 3, "prod": 0.032841657002081463, "target": 15, "value": 8.0, "supply": [{"l": "Maize", "v": 1.0}, {"l": "Rice", "v": 7.0}]}, {"source": 7, "prod": 0.0053062708231875, "target": 15, "value": 1.0, "supply": [{"l": "Groundnuts", "v": 1.0}]}, {"source": 6, "prod": 0.015965068877734745, "target": 16, "value": 23.0, "supply": [{"l": "Milk - Excluding Butter", "v": 22.0}, {"l": "Eggs", "v": 1.0}]}, {"source": 3, "prod": 0.09213379003546622, "target": 16, "value": 24.0, "supply": [{"l": "Maize", "v": 8.0}, {"l": "Rice", "v": 10.0}, {"l": "Sorghum", "v": 2.0}, {"l": "Wheat", "v": 4.0}]}, {"source": 7, "prod": 0.010612541646375, "target": 16, "value": 2.0, "supply": [{"l": "Groundnuts", "v": 2.0}]}, {"source": 8, "prod": 0.14087119773740178, "target": 16, "value": 34.0, "supply": [{"l": "Sugar", "v": 34.0}]}, {"source": 9, "prod": 0.024085108712187303, "target": 16, "value": 22.0, "supply": [{"l": "Roots, Other", "v": 3.0}, {"l": "Potatoes", "v": 1.0}, {"l": "Yams", "v": 1.0}, {"l": "Sweet potatoes", "v": 5.0}, {"l": "Cassava", "v": 12.0}]}, {"source": 2, "prod": 0.1194715258475995, "target": 16, "value": 167.0, "supply": [{"l": "Fruits, Other", "v": 34.0}, {"l": "Beans", "v": 2.0}, {"l": "Pulses, Other", "v": 1.0}, {"l": "Tomatoes", "v": 16.0}, {"l": "Pineapples", "v": 3.0}, {"l": "Bananas", "v": 33.0}, {"l": "Vegetables, Other", "v": 8.0}, {"l": "Oranges, Mandarines", "v": 5.0}, {"l": "Plantains", "v": 62.0}, {"l": "Onions", "v": 2.0}, {"l": "Lemons, Limes", "v": 1.0}]}, {"source": 17, "prod": 0.0085988798980884615, "target": 10, "value": 2.0, "supply": [{"l": "Infant food", "v": 1.0}, {"l": "Spices, Other", "v": 1.0}]}, {"source": 17, "prod": 0.12629897459126377, "target": 1, "value": 182.0, "supply": [{"l": "Milk - Excluding Butter", "v": 135.0}, {"l": "Fish, Seafood", "v": 22.0}, {"l": "Pelagic Fish", "v": 6.0}, {"l": "Poultry Meat", "v": 1.0}, {"l": "Offals, Edible", "v": 2.0}, {"l": "Demersal Fish", "v": 13.0}, {"l": "Marine Fish, Other", "v": 3.0}]}, {"source": 17, "prod": 0.68610740676316728, "target": 12, "value": 72.0, "supply": [{"l": "Oilcrops Oil, Other", "v": 1.0}, {"l": "Fats, Animals, Raw", "v": 26.0}, {"l": "Sweeteners, Other", "v": 2.0}, {"l": "Soyabean Oil", "v": 27.0}, {"l": "Cottonseed Oil", "v": 5.0}, {"l": "Sunflowerseed Oil", "v": 11.0}]}, {"source": 17, "prod": 1.1995879736868582, "target": 3, "value": 335.0, "supply": [{"l": "Maize", "v": 179.0}, {"l": "Oats", "v": 7.0}, {"l": "Barley", "v": 21.0}, {"l": "Sorghum", "v": 2.0}, {"l": "Wheat", "v": 126.0}]}, {"source": 17, "prod": 0.0027376629100092703, "target": 2, "value": 5.0, "supply": [{"l": "Fruits, Other", "v": 2.0}, {"l": "Vegetables, Other", "v": 1.0}, {"l": "Grapes", "v": 1.0}, {"l": "Apples", "v": 1.0}]}, {"source": 17, "prod": 0.12416673726258751, "target": 7, "value": 24.0, "supply": [{"l": "Olives", "v": 1.0}, {"l": "Soyabeans", "v": 23.0}]}, {"source": 4, "prod": 0.0022719807468295776, "target": 18, "value": 4.0, "supply": [{"l": "Beer", "v": 4.0}]}, {"source": 3, "prod": 0.0031520233697036782, "target": 18, "value": 1.0, "supply": [{"l": "Wheat", "v": 1.0}]}, {"source": 7, "prod": 0.024531021774013544, "target": 18, "value": 16.0, "supply": [{"l": "Coconuts - Incl Copra", "v": 16.0}]}, {"source": 8, "prod": 3.769684657427558, "target": 18, "value": 911.0, "supply": [{"l": "Sugar", "v": 897.0}, {"l": "Sweeteners, Other", "v": 13.0}, {"l": "Honey", "v": 1.0}]}, {"source": 9, "prod": 0.057519197341321417, "target": 18, "value": 52.0, "supply": [{"l": "Roots, Other", "v": 20.0}, {"l": "Potatoes", "v": 3.0}, {"l": "Sweet potatoes", "v": 10.0}, {"l": "Cassava", "v": 19.0}]}, {"source": 2, "prod": 0.085073901609835079, "target": 18, "value": 75.0, "supply": [{"l": "Fruits, Other", "v": 17.0}, {"l": "Pulses, Other", "v": 14.0}, {"l": "Tomatoes", "v": 2.0}, {"l": "Pineapples", "v": 6.0}, {"l": "Bananas", "v": 1.0}, {"l": "Vegetables, Other", "v": 25.0}, {"l": "Oranges, Mandarines", "v": 5.0}, {"l": "Plantains", "v": 5.0}]}, {"source": 10, "prod": 0.070997180521328099, "target": 18, "value": 70.0, "supply": [{"l": "Cocoa Beans", "v": 34.0}, {"l": "Coffee", "v": 35.0}, {"l": "Spices, Other", "v": 1.0}]}, {"source": 0, "prod": 0.0032849273185871831, "target": 18, "value": 4.0, "supply": [{"l": "Pelagic Fish", "v": 1.0}, {"l": "Fish, Seafood", "v": 2.0}, {"l": "Molluscs, Other", "v": 1.0}]}, {"source": 11, "prod": 0.13876183486012905, "target": 18, "value": 14.0, "supply": [{"l": "Coconut Oil", "v": 13.0}, {"l": "Oilcrops Oil, Other", "v": 1.0}]}, {"source": 11, "prod": 0.051022799790300465, "target": 19, "value": 5.0, "supply": [{"l": "Groundnut Oil", "v": 1.0}, {"l": "Sunflowerseed Oil", "v": 4.0}]}, {"source": 6, "prod": 0.020976620300281947, "target": 19, "value": 32.0, "supply": [{"l": "Milk - Excluding Butter", "v": 32.0}]}, {"source": 10, "prod": 0.0071949434890677963, "target": 19, "value": 5.0, "supply": [{"l": "Cocoa Beans", "v": 5.0}]}, {"source": 3, "prod": 0.039684291708824371, "target": 19, "value": 10.0, "supply": [{"l": "Maize", "v": 10.0}]}, {"source": 2, "prod": 0.027355688478573077, "target": 19, "value": 7.0, "supply": [{"l": "Beans", "v": 7.0}]}, {"source": 20, "prod": 0.51645487144958091, "target": 12, "value": 93.0, "supply": [{"l": "Soyabean Oil", "v": 16.0}, {"l": "Coconut Oil", "v": 6.0}, {"l": "Sugar", "v": 71.0}]}, {"source": 20, "prod": 0.20488151903073909, "target": 3, "value": 65.0, "supply": [{"l": "Wheat", "v": 65.0}]}, {"source": 21, "prod": 1.9036404319307922, "target": 3, "value": 474.0, "supply": [{"l": "Maize", "v": 93.0}, {"l": "Rice", "v": 338.0}, {"l": "Sorghum", "v": 43.0}]}, {"source": 21, "prod": 0.33502572217732368, "target": 7, "value": 125.0, "supply": [{"l": "Coconuts - Incl Copra", "v": 87.0}, {"l": "Groundnuts", "v": 34.0}, {"l": "Cottonseed", "v": 4.0}]}, {"source": 21, "prod": 3.5161746854812139, "target": 13, "value": 10271.0, "supply": [{"l": "Sugar cane", "v": 10271.0}]}, {"source": 21, "prod": 0.23534699228000261, "target": 9, "value": 216.0, "supply": [{"l": "Roots, Other", "v": 27.0}, {"l": "Yams", "v": 6.0}, {"l": "Potatoes", "v": 13.0}, {"l": "Sweet potatoes", "v": 53.0}, {"l": "Cassava", "v": 117.0}]}, {"source": 21, "prod": 1.4707204817539379, "target": 2, "value": 1736.0, "supply": [{"l": "Plantains", "v": 615.0}, {"l": "Tomatoes", "v": 162.0}, {"l": "Treenuts", "v": 1.0}, {"l": "Vegetables, Other", "v": 77.0}, {"l": "Peas", "v": 1.0}, {"l": "Beans", "v": 67.0}, {"l": "Pulses, Other", "v": 32.0}, {"l": "Lemons, Limes", "v": 9.0}, {"l": "Pineapples", "v": 26.0}, {"l": "Bananas", "v": 330.0}, {"l": "Fruits, Other", "v": 345.0}, {"l": "Grapefruit", "v": 4.0}, {"l": "Oranges, Mandarines", "v": 51.0}, {"l": "Onions", "v": 16.0}]}, {"source": 21, "prod": 0.110064238442346, "target": 10, "value": 118.0, "supply": [{"l": "Nuts", "v": 1.0}, {"l": "Coffee", "v": 72.0}, {"l": "Cocoa Beans", "v": 43.0}, {"l": "Spices, Other", "v": 2.0}]}, {"source": 1, "prod": 0.056419902122428388, "target": 0, "value": 73.0, "supply": [{"l": "Pelagic Fish", "v": 9.0}, {"l": "Freshwater Fish", "v": 1.0}, {"l": "Molluscs, Other", "v": 2.0}, {"l": "Demersal Fish", "v": 19.0}, {"l": "Fish, Seafood", "v": 37.0}, {"l": "Marine Fish, Other", "v": 5.0}]}, {"source": 1, "prod": 0.67657898847337561, "target": 6, "value": 738.0, "supply": [{"l": "Milk - Excluding Butter", "v": 566.0}, {"l": "Pigmeat", "v": 7.0}, {"l": "Bovine Meat", "v": 53.0}, {"l": "Eggs", "v": 18.0}, {"l": "Poultry Meat", "v": 85.0}, {"l": "Offals, Edible", "v": 13.0}, {"l": "Mutton & Goat Meat", "v": 2.0}]}, {"source": 12, "prod": 0.42015748077884069, "target": 4, "value": 154.0, "supply": [{"l": "Fats, Animals, Raw", "v": 30.0}, {"l": "Beer", "v": 95.0}, {"l": "Beverages, Alcoholic", "v": 27.0}, {"l": "Butter, Ghee", "v": 2.0}]}, {"source": 12, "prod": 0.94497977498230989, "target": 11, "value": 92.0, "supply": [{"l": "Soyabean Oil", "v": 46.0}, {"l": "Coconut Oil", "v": 15.0}, {"l": "Groundnut Oil", "v": 13.0}, {"l": "Cottonseed Oil", "v": 5.0}, {"l": "Oilcrops Oil, Other", "v": 2.0}, {"l": "Sunflowerseed Oil", "v": 11.0}]}, {"source": 12, "prod": 5.0345451668439845, "target": 8, "value": 1216.0, "supply": [{"l": "Honey", "v": 2.0}, {"l": "Sweeteners, Other", "v": 13.0}, {"l": "Sugar", "v": 1201.0}]}]}