{"nodes": [{"layer": 3, "name": "Oilcrops", "fill": "#ff9896"}, {"layer": 5, "name": "Production", "fill": "#b5cf6b"}, {"layer": 3, "name": "Treenuts"}, {"layer": 3, "name": "Pulses"}, {"layer": 3, "name": "Vegetables"}, {"layer": 3, "name": "Sugar Crops", "fill": "#ffbb78"}, {"layer": 3, "name": "Starchy Roots"}, {"layer": 3, "name": "Others"}, {"layer": 3, "name": "Cereals - Excluding Beer"}, {"layer": 3, "name": "Spices"}, {"layer": 3, "name": "Stimulants"}, {"layer": 3, "name": "Fruits - Excluding Wine"}, {"layer": 1, "name": "Electricity", "fill": "#bcbd22"}, {"layer": 0, "name": "Fossil Fuels", "fill": "#c49c94"}, {"layer": 0, "name": "Renewables & Nuclear", "fill": "#2ca02c"}, {"layer": 1, "name": "Fertilizers", "fill": "#c5b0d5"}, {"layer": 0, "name": "Labor", "fill": "#7f7f7f"}], "links": [{"source": 0, "prod": 109.0, "target": 1, "value": 0.30246477616210687, "supply": [{"l": "Coconuts - Incl Copra", "v": 0.11143902652735685}, {"l": "Groundnuts", "v": 0.169800666342}, {"l": "Cottonseed", "v": 0.02122508329275}]}, {"source": 2, "prod": 1.0, "target": 1, "value": 0.002497068622676471, "supply": [{"l": "Treenuts", "v": 0.002497068622676471}]}, {"source": 3, "prod": 75.0, "target": 1, "value": 0.28962371905781614, "supply": [{"l": "Peas", "v": 0.0028300111056999999}, {"l": "Beans", "v": 0.19255106012716441}, {"l": "Pulses, Other", "v": 0.094242647824951731}]}, {"source": 4, "prod": 230.0, "target": 1, "value": 0.071812693323313068, "supply": [{"l": "Tomatoes", "v": 0.044418055102708603}, {"l": "Vegetables, Other", "v": 0.022115861028625183}, {"l": "Onions", "v": 0.0052787771919792746}]}, {"source": 5, "prod": 9056.0, "target": 1, "value": 2.8163275355185937, "supply": [{"l": "Sugar cane", "v": 2.8163275355185937}]}, {"source": 6, "prod": 201.0, "target": 1, "value": 0.22551741633773453, "supply": [{"l": "Roots, Other", "v": 0.049083005114484379}, {"l": "Yams", "v": 0.019034594269654804}, {"l": "Potatoes", "v": 0.012317146781284974}, {"l": "Sweet potatoes", "v": 0.050129284998217082}, {"l": "Cassava", "v": 0.094953385174093297}]}, {"source": 7, "prod": 1.0, "target": 1, "value": 0.002497068622676471, "supply": [{"l": "Nuts", "v": 0.002497068622676471}]}, {"source": 8, "prod": 320.0, "target": 1, "value": 1.3052144709177249, "supply": [{"l": "Maize", "v": 0.17615093516454636}, {"l": "Rice", "v": 1.0927085221946264}, {"l": "Sorghum", "v": 0.036355013558552231}]}, {"source": 9, "prod": 2.0, "target": 1, "value": 0.0067920266536800004, "supply": [{"l": "Spices, Other", "v": 0.0067920266536800004}]}, {"source": 10, "prod": 88.0, "target": 1, "value": 0.058913898272557448, "supply": [{"l": "Coffee", "v": 0.027634828156925861}, {"l": "Cocoa Beans", "v": 0.031279070115631587}]}, {"source": 11, "prod": 1341.0, "target": 1, "value": 0.94886182080063231, "supply": [{"l": "Plantains", "v": 0.52333935230312545}, {"l": "Lemons, Limes", "v": 0.0028445987918118559}, {"l": "Pineapples", "v": 0.0082427507933009719}, {"l": "Bananas", "v": 0.22852671839455399}, {"l": "Fruits, Other", "v": 0.15767204731757145}, {"l": "Grapefruit", "v": 0.0034866666600000002}, {"l": "Oranges, Mandarines", "v": 0.024749686540268705}]}, {"source": 12, "prod": 0, "target": 0, "value": 0.00084184282287282943, "supply": "[{\"l\":'Energy for power irrigation',\"v\":0.00084184282287282943}]"}, {"source": 12, "prod": 0, "target": 2, "value": 6.5768970536939799e-06, "supply": "[{\"l\":'Energy for power irrigation',\"v\":6.5768970536939799e-06}]"}, {"source": 12, "prod": 0, "target": 4, "value": 0.0015159747708764623, "supply": "[{\"l\":'Energy for power irrigation',\"v\":0.0015159747708764623}]"}, {"source": 12, "prod": 0, "target": 5, "value": 0.059560379718252683, "supply": "[{\"l\":'Energy for power irrigation',\"v\":0.059560379718252683}]"}, {"source": 12, "prod": 0, "target": 6, "value": 0.0013219563077924898, "supply": "[{\"l\":'Energy for power irrigation',\"v\":0.0013219563077924898}]"}, {"source": 12, "prod": 0, "target": 3, "value": 0.00051299797018813042, "supply": "[{\"l\":'Energy for power irrigation',\"v\":0.00051299797018813042}]"}, {"source": 12, "prod": 0, "target": 7, "value": 2.959603674162291e-05, "supply": "[{\"l\":'Energy for power irrigation',\"v\":2.959603674162291e-05}]"}, {"source": 12, "prod": 0, "target": 8, "value": 0.0034134095708671752, "supply": "[{\"l\":'Energy for power irrigation',\"v\":0.0034134095708671752}]"}, {"source": 12, "prod": 0, "target": 9, "value": 1.315379410738796e-05, "supply": "[{\"l\":'Energy for power irrigation',\"v\":1.315379410738796e-05}]"}, {"source": 12, "prod": 0, "target": 10, "value": 0.0005787669407250702, "supply": "[{\"l\":'Energy for power irrigation',\"v\":0.0005787669407250702}]"}, {"source": 12, "prod": 0, "target": 11, "value": 0.0088525034342720969, "supply": "[{\"l\":'Energy for power irrigation',\"v\":0.0088525034342720969}]"}, {"source": 13, "prod": 0, "target": 12, "value": 0.16251396598037446, "supply": [{"l": "Coal", "v": 0.0}, {"l": "Natural gas", "v": 0.0}, {"l": "Oil", "v": 0.16251396598037446}]}, {"source": 14, "prod": 0, "target": 12, "value": 0.014891851191207332, "supply": [{"l": "Nuclear", "v": 0.0}, {"l": "Hydroelectric", "v": 0.013127413846277549}, {"l": "Renewable", "v": 0.0017644373449297831}]}, {"source": 13, "prod": 0, "target": 0, "value": 0.0042098278164220352, "supply": [{"l": "Motor Gasoline", "v": 0.0026355471676024027}, {"l": "Gas-Diesel oil", "v": 0.0015742806488196325}]}, {"source": 13, "prod": 0, "target": 2, "value": 3.288927981579715e-05, "supply": [{"l": "Motor Gasoline", "v": 2.0590212246893771e-05}, {"l": "Gas-Diesel oil", "v": 1.2299067568903379e-05}]}, {"source": 13, "prod": 0, "target": 4, "value": 0.0075809789975412427, "supply": [{"l": "Motor Gasoline", "v": 0.0047460439229090141}, {"l": "Gas-Diesel oil", "v": 0.0028349350746322286}]}, {"source": 13, "prod": 0, "target": 5, "value": 0.29784531801185898, "supply": [{"l": "Motor Gasoline", "v": 0.18646496210787}, {"l": "Gas-Diesel oil", "v": 0.11138035590398901}]}, {"source": 13, "prod": 0, "target": 6, "value": 0.0066107452429752271, "supply": [{"l": "Motor Gasoline", "v": 0.0041386326616256481}, {"l": "Gas-Diesel oil", "v": 0.002472112581349579}]}, {"source": 13, "prod": 0, "target": 3, "value": 0.0025653638256321778, "supply": [{"l": "Motor Gasoline", "v": 0.0016060365552577141}, {"l": "Gas-Diesel oil", "v": 0.00095932727037446365}]}, {"source": 13, "prod": 0, "target": 7, "value": 0.00014800175917108717, "supply": [{"l": "Motor Gasoline", "v": 9.2655955111021969e-05}, {"l": "Gas-Diesel oil", "v": 5.5345804060065206e-05}]}, {"source": 13, "prod": 0, "target": 8, "value": 0.017069536224398718, "supply": [{"l": "Motor Gasoline", "v": 0.010686320156137866}, {"l": "Gas-Diesel oil", "v": 0.0063832160682608533}]}, {"source": 13, "prod": 0, "target": 9, "value": 6.57785596315943e-05, "supply": [{"l": "Motor Gasoline", "v": 4.1180424493787542e-05}, {"l": "Gas-Diesel oil", "v": 2.4598135137806758e-05}]}, {"source": 13, "prod": 0, "target": 10, "value": 0.0028942566237901489, "supply": [{"l": "Motor Gasoline", "v": 0.0018119386777266516}, {"l": "Gas-Diesel oil", "v": 0.0010823179460634972}]}, {"source": 13, "prod": 0, "target": 11, "value": 0.044268970632062962, "supply": [{"l": "Motor Gasoline", "v": 0.027714425684319016}, {"l": "Gas-Diesel oil", "v": 0.01655454494774395}]}, {"source": 15, "prod": 0.5667410331216749, "target": 0, "value": 0.0065330938404380371, "supply": [{"l": "Potash", "v": 0.032817777804032}, {"l": "Phosphate", "v": 0.044608333369019995}, {"l": "Nitrogen", "v": 0.51739166708057993}]}, {"source": 15, "prod": 0.0044276643212630851, "target": 2, "value": 5.1039795628422165e-05, "supply": [{"l": "Potash", "v": 0.032817777804032}, {"l": "Phosphate", "v": 0.044608333369019995}, {"l": "Nitrogen", "v": 0.51739166708057993}]}, {"source": 15, "prod": 1.0205766260511411, "target": 4, "value": 0.011764672892351308, "supply": [{"l": "Potash", "v": 0.032817777804032}, {"l": "Phosphate", "v": 0.044608333369019995}, {"l": "Nitrogen", "v": 0.51739166708057993}]}, {"source": 15, "prod": 40.0969280933585, "target": 5, "value": 0.46221638921099117, "supply": [{"l": "Potash", "v": 0.032817777804032}, {"l": "Phosphate", "v": 0.044608333369019995}, {"l": "Nitrogen", "v": 0.51739166708057993}]}, {"source": 15, "prod": 0.88996052857388008, "target": 6, "value": 0.010258998921312856, "supply": [{"l": "Potash", "v": 0.032817777804032}, {"l": "Phosphate", "v": 0.044608333369019995}, {"l": "Nitrogen", "v": 0.51739166708057993}]}, {"source": 15, "prod": 0.34535781705852064, "target": 3, "value": 0.0039811040590169294, "supply": [{"l": "Potash", "v": 0.032817777804032}, {"l": "Phosphate", "v": 0.044608333369019995}, {"l": "Nitrogen", "v": 0.51739166708057993}]}, {"source": 15, "prod": 0.019924489445683882, "target": 7, "value": 0.00022967908032789976, "supply": [{"l": "Potash", "v": 0.032817777804032}, {"l": "Phosphate", "v": 0.044608333369019995}, {"l": "Nitrogen", "v": 0.51739166708057993}]}, {"source": 15, "prod": 2.2979577827355411, "target": 8, "value": 0.026489653931151103, "supply": [{"l": "Potash", "v": 0.032817777804032}, {"l": "Phosphate", "v": 0.044608333369019995}, {"l": "Nitrogen", "v": 0.51739166708057993}]}, {"source": 15, "prod": 0.0088553286425261703, "target": 9, "value": 0.00010207959125684433, "supply": [{"l": "Potash", "v": 0.032817777804032}, {"l": "Phosphate", "v": 0.044608333369019995}, {"l": "Nitrogen", "v": 0.51739166708057993}]}, {"source": 15, "prod": 0.38963446027115151, "target": 10, "value": 0.0044915020153011506, "supply": [{"l": "Potash", "v": 0.032817777804032}, {"l": "Phosphate", "v": 0.044608333369019995}, {"l": "Nitrogen", "v": 0.51739166708057993}]}, {"source": 15, "prod": 5.9596361764201129, "target": 11, "value": 0.068699564915856243, "supply": [{"l": "Potash", "v": 0.032817777804032}, {"l": "Phosphate", "v": 0.044608333369019995}, {"l": "Nitrogen", "v": 0.51739166708057993}]}, {"source": 13, "prod": 0, "target": 15, "value": 0.73302556810121977, "supply": [{"l": "Natural gas (including LNG)", "v": 0.48885577250186496}, {"l": "Fuel oil", "v": 0.15270985675500037}, {"l": "Liquefied petroleum gas (LPG)", "v": 0.045729969422177191}, {"l": "Coal", "v": 0.045729969422177191}]}, {"source": 16, "prod": 0, "target": 0, "value": 0.003869594874331036, "supply": "[{\"l\":'Labor',\"v\":0.003869594874331036}]"}, {"source": 16, "prod": 0, "target": 2, "value": 3.0231209955711219e-05, "supply": "[{\"l\":'Labor',\"v\":3.0231209955711219e-05}]"}, {"source": 16, "prod": 0, "target": 4, "value": 0.0069682938947914358, "supply": "[{\"l\":'Labor',\"v\":0.0069682938947914358}]"}, {"source": 16, "prod": 0, "target": 5, "value": 0.2737738373589208, "supply": "[{\"l\":'Labor',\"v\":0.2737738373589208}]"}, {"source": 16, "prod": 0, "target": 6, "value": 0.0060764732010979549, "supply": "[{\"l\":'Labor',\"v\":0.0060764732010979549}]"}, {"source": 16, "prod": 0, "target": 3, "value": 0.0023580343765454751, "supply": "[{\"l\":'Labor',\"v\":0.0023580343765454751}]"}, {"source": 16, "prod": 0, "target": 7, "value": 0.00013604044480070048, "supply": "[{\"l\":'Labor',\"v\":0.00013604044480070048}]"}, {"source": 16, "prod": 0, "target": 8, "value": 0.015689997967014122, "supply": "[{\"l\":'Labor',\"v\":0.015689997967014122}]"}, {"source": 16, "prod": 0, "target": 9, "value": 6.0462419911422438e-05, "supply": "[{\"l\":'Labor',\"v\":6.0462419911422438e-05}]"}, {"source": 16, "prod": 0, "target": 10, "value": 0.0026603464761025871, "supply": "[{\"l\":'Labor',\"v\":0.0026603464761025871}]"}, {"source": 16, "prod": 0, "target": 11, "value": 0.040691208600387302, "supply": "[{\"l\":'Labor',\"v\":0.040691208600387302}]"}]}