{"nodes": [{"layer": 3, "name": "Cereals", "fill": "#e7ba52"}, {"layer": 5, "name": "Production", "fill": "#b5cf6b"}, {"layer": 3, "name": "Oilcrops", "fill": "#ff9896"}, {"layer": 3, "name": "Fruits, Roots & Vegetables", "fill": "#98df8a"}, {"layer": 3, "name": "Sugar Crops", "fill": "#ffbb78"}, {"layer": 1, "name": "Electricity", "fill": "#bcbd22"}, {"layer": 0, "name": "Fossil Fuels", "fill": "#c49c94"}, {"layer": 0, "name": "Renewables & Nuclear", "fill": "#2ca02c"}, {"layer": 1, "name": "Fertilizers", "fill": "#c5b0d5"}, {"layer": 0, "name": "Labor", "fill": "#7f7f7f"}], "links": [{"source": 0, "prod": 312.0, "target": 1, "value": 1.2678962367072102, "supply": [{"l": "Maize", "v": 0.26294375030630102}, {"l": "Rice", "v": 0.96605187748649801}, {"l": "Sorghum", "v": 0.038900608914411175}]}, {"source": 2, "prod": 121.0, "target": 1, "value": 0.42818171692651469, "supply": [{"l": "Coconuts - Incl Copra", "v": 0.10070900326694324}, {"l": "Groundnuts", "v": 0.3153440946351429}, {"l": "Cottonseed", "v": 0.012128619024428572}]}, {"source": 3, "prod": 1978.0, "target": 1, "value": 1.6816800875191713, "supply": [{"l": "Roots, Other", "v": 0.032329597068427154}, {"l": "Plantains", "v": 0.53307008703807579}, {"l": "Nuts", "v": 0.0023583425880833336}, {"l": "Yams", "v": 0.024714921785628032}, {"l": "Tomatoes", "v": 0.032383779958262367}, {"l": "Coffee", "v": 0.019698098883199643}, {"l": "Treenuts", "v": 0.0023583425880833336}, {"l": "Vegetables, Other", "v": 0.017284269782369709}, {"l": "Peas", "v": 0.0030321547561071431}, {"l": "Cocoa Beans", "v": 0.050127324372239365}, {"l": "Potatoes", "v": 0.0090964642683214296}, {"l": "Beans", "v": 0.16567929094534953}, {"l": "Pulses, Other", "v": 0.091577887465348326}, {"l": "Lemons, Limes", "v": 0.0051335085173162785}, {"l": "Pineapples", "v": 0.0079099689289751553}, {"l": "Bananas", "v": 0.23997849815197889}, {"l": "Spices, Other", "v": 0.0087827930866551732}, {"l": "Fruits, Other", "v": 0.16559666433715581}, {"l": "Sweet potatoes", "v": 0.063084296283092228}, {"l": "Grapefruit", "v": 0.0034866666600000002}, {"l": "Oranges, Mandarines", "v": 0.020963045227407412}, {"l": "Onions", "v": 0.010305820789543355}, {"l": "Cassava", "v": 0.17272826403755176}]}, {"source": 4, "prod": 11094.0, "target": 1, "value": 4.0366469837103169, "supply": [{"l": "Sugar cane", "v": 4.0366469837103169}]}, {"source": 5, "prod": 0, "target": 3, "value": 0.010444002951405624, "supply": "[{\"l\":'Energy for power irrigation',\"v\":0.010444002951405624}]"}, {"source": 5, "prod": 0, "target": 4, "value": 0.058297242134789429, "supply": "[{\"l\":'Energy for power irrigation',\"v\":0.058297242134789429}]"}, {"source": 5, "prod": 0, "target": 0, "value": 0.0025591091508601451, "supply": "[{\"l\":'Energy for power irrigation',\"v\":0.0025591091508601451}]"}, {"source": 5, "prod": 0, "target": 2, "value": 0.00070152170767932116, "supply": "[{\"l\":'Energy for power irrigation',\"v\":0.00070152170767932116}]"}, {"source": 6, "prod": 0, "target": 5, "value": 0.13515350482246069, "supply": [{"l": "Coal", "v": 0.0}, {"l": "Natural gas", "v": 0.0}, {"l": "Oil", "v": 0.13515350482246069}]}, {"source": 7, "prod": 0, "target": 5, "value": 0.020643544112199465, "supply": [{"l": "Nuclear", "v": 0.0}, {"l": "Hydroelectric", "v": 0.018639316528490782}, {"l": "Renewable", "v": 0.0020042275837086837}]}, {"source": 6, "prod": 0, "target": 3, "value": 0.05732971620652158, "supply": [{"l": "Motor Gasoline", "v": 0.034806392342835626}, {"l": "Gas-Diesel oil", "v": 0.022523323863685954}]}, {"source": 6, "prod": 0, "target": 4, "value": 0.32000798570825179, "supply": [{"l": "Motor Gasoline", "v": 0.19428534171140549}, {"l": "Gas-Diesel oil", "v": 0.12572264399684627}]}, {"source": 6, "prod": 0, "target": 0, "value": 0.014047583291862143, "supply": [{"l": "Motor Gasoline", "v": 0.0085286606646344399}, {"l": "Gas-Diesel oil", "v": 0.0055189226272277028}]}, {"source": 6, "prod": 0, "target": 2, "value": 0.0038508262206644684, "supply": [{"l": "Motor Gasoline", "v": 0.0023379388064244306}, {"l": "Gas-Diesel oil", "v": 0.0015128874142400378}]}, {"source": 8, "prod": 8.2792676251642092, "target": 3, "value": 0.088819817053369859, "supply": [{"l": "Potash", "v": 0.034356111138595997}, {"l": "Phosphate", "v": 0.066491666719859996}, {"l": "Nitrogen", "v": 0.51148386152029812}]}, {"source": 8, "prod": 46.213934608086412, "target": 4, "value": 0.49578216371828188, "supply": [{"l": "Potash", "v": 0.034356111138595997}, {"l": "Phosphate", "v": 0.066491666719859996}, {"l": "Nitrogen", "v": 0.51148386152029812}]}, {"source": 8, "prod": 2.0286809224930669, "target": 0, "value": 0.021763648254083584, "supply": [{"l": "Potash", "v": 0.034356111138595997}, {"l": "Phosphate", "v": 0.066491666719859996}, {"l": "Nitrogen", "v": 0.51148386152029812}]}, {"source": 8, "prod": 0.55611684425631291, "target": 2, "value": 0.0059660103530188059, "supply": [{"l": "Potash", "v": 0.034356111138595997}, {"l": "Phosphate", "v": 0.066491666719859996}, {"l": "Nitrogen", "v": 0.51148386152029812}]}, {"source": 6, "prod": 0, "target": 8, "value": 0.75418887723520478, "supply": [{"l": "Natural gas (including LNG)", "v": 0.50436097862784468}, {"l": "Fuel oil", "v": 0.15941228956115763}, {"l": "Liquefied petroleum gas (LPG)", "v": 0.045207804523101268}, {"l": "Coal", "v": 0.045207804523101268}]}, {"source": 9, "prod": 0, "target": 3, "value": 0.045666141731437494, "supply": "[{\"l\":'Labor',\"v\":0.045666141731437494}]"}, {"source": 9, "prod": 0, "target": 4, "value": 0.25490323339298998, "supply": "[{\"l\":'Labor',\"v\":0.25490323339298998}]"}, {"source": 9, "prod": 0, "target": 0, "value": 0.011189640766395, "supply": "[{\"l\":'Labor',\"v\":0.011189640766395}]"}, {"source": 9, "prod": 0, "target": 2, "value": 0.0030673861238475, "supply": "[{\"l\":'Labor',\"v\":0.0030673861238475}]"}]}