{"nodes": [{"layer": 5, "name": "Cereals - Excluding Beer"}, {"layer": 10, "name": "Feed", "fill": "#dbdb8d"}, {"layer": 5, "name": "Fruits - Excluding Wine"}, {"layer": 13, "name": "Milk - Excluding Butter"}, {"layer": 16, "name": "Food", "fill": "#b5cf6b"}, {"layer": 13, "name": "Fish, Seafood"}, {"layer": 5, "name": "Oilcrops", "fill": "#ff9896"}, {"layer": 5, "name": "Treenuts"}, {"layer": 5, "name": "Vegetables"}, {"layer": 13, "name": "Alcoholic Beverages"}, {"layer": 13, "name": "Animal Fats"}, {"layer": 5, "name": "Starchy Roots"}, {"layer": 5, "name": "Pulses"}, {"layer": 13, "name": "Sugar & Sweeteners"}, {"layer": 5, "name": "Others"}, {"layer": 13, "name": "Vegetable Oils", "fill": "#f7b6d2"}, {"layer": 5, "name": "Spices"}, {"layer": 5, "name": "Stimulants"}, {"layer": 13, "name": "Eggs"}, {"layer": 13, "name": "Meat"}, {"layer": 10, "name": "Processing", "fill": "#9edae5"}, {"layer": 5, "name": "Sugar Crops", "fill": "#ffbb78"}, {"layer": 16, "name": "Biofuels & Other", "fill": "#e7ba52"}, {"name": "Waste", "fill": "#c7c7c7"}, {"layer": 2, "name": "Import", "fill": "#aec7e8"}, {"layer": 16, "name": "Export", "fill": "#aec7e8"}, {"layer": 16, "name": "Stock Deposit", "fill": "#c7c7c7"}, {"layer": 0, "name": "Stock Draw", "fill": "#c7c7c7"}, {"layer": 2, "name": "Electricity", "fill": "#bcbd22"}, {"layer": 0, "name": "Fossil Fuels", "fill": "#c49c94"}, {"layer": 0, "name": "Renewables & Nuclear", "fill": "#2ca02c"}, {"layer": 2, "name": "Fertilizers", "fill": "#c5b0d5"}, {"layer": 0, "name": "Labor", "fill": "#7f7f7f"}], "links": [{"source": 0, "prod": 22.0, "target": 1, "value": 0.07958325736773543, "supply": [{"l": "Maize", "v": 0.060047386918585459}, {"l": "Sorghum", "v": 0.019535870449149974}]}, {"source": 2, "prod": 21.0, "target": 1, "value": 0.010338823677652502, "supply": [{"l": "Fruits, Other", "v": 0.010338823677652502}]}, {"source": 3, "prod": 225.0, "target": 4, "value": 0.16216669667537684, "supply": [{"l": "Milk - Excluding Butter", "v": 0.16216669667537684}]}, {"source": 5, "prod": 47.0, "target": 4, "value": 0.036496862144345089, "supply": [{"l": "Marine Fish, Other", "v": 0.0036913188335217393}, {"l": "Demersal Fish", "v": 0.0066328385289843748}, {"l": "Freshwater Fish", "v": 0.0010228955803734941}, {"l": "Pelagic Fish", "v": 0.0068223482012410731}, {"l": "Fish, Seafood", "v": 0.018327461000224407}]}, {"source": 6, "prod": 19.0, "target": 4, "value": 0.029329206004527274, "supply": [{"l": "Coconuts - Incl Copra", "v": 0.029329206004527274}]}, {"source": 7, "prod": 1.0, "target": 4, "value": 0.0020214365040714288, "supply": [{"l": "Treenuts", "v": 0.0020214365040714288}]}, {"source": 8, "prod": 64.0, "target": 4, "value": 0.021697272197367189, "supply": [{"l": "Tomatoes", "v": 0.0050675804401375431}, {"l": "Vegetables, Other", "v": 0.0099521374628813303}, {"l": "Onions", "v": 0.0066775542943483153}]}, {"source": 9, "prod": 28.0, "target": 4, "value": 0.038284094560268586, "supply": [{"l": "Beer", "v": 0.011517487058081397}, {"l": "Beverages, Alcoholic", "v": 0.026766607502187192}]}, {"source": 10, "prod": 4.0, "target": 4, "value": 0.036623673132588234, "supply": [{"l": "Fats, Animals, Raw", "v": 0.036623673132588234}]}, {"source": 11, "prod": 256.0, "target": 4, "value": 0.28307388738928008, "supply": [{"l": "Roots, Other", "v": 0.028199577802801069}, {"l": "Yams", "v": 0.021184344169347412}, {"l": "Potatoes", "v": 0.0097672949665752202}, {"l": "Sweet potatoes", "v": 0.069700046892226072}, {"l": "Cassava", "v": 0.15422262355833027}]}, {"source": 12, "prod": 55.0, "target": 4, "value": 0.21551851903383409, "supply": [{"l": "Peas", "v": 0.0047166851761666672}, {"l": "Pulses, Other", "v": 0.097393578400276917}, {"l": "Beans", "v": 0.11340825545739051}]}, {"source": 13, "prod": 102.0, "target": 4, "value": 0.42255217485222163, "supply": [{"l": "Sugar", "v": 0.42255217485222163}]}, {"source": 14, "prod": 1.0, "target": 4, "value": 0.0020214365040714288, "supply": [{"l": "Nuts", "v": 0.0020214365040714288}]}, {"source": 0, "prod": 197.0, "target": 4, "value": 0.74752057384691895, "supply": [{"l": "Maize", "v": 0.080063182558113941}, {"l": "Barley", "v": 0.0023583425880833336}, {"l": "Rice", "v": 0.4699168355580563}, {"l": "Cereals, Other", "v": 0.0065307948593076922}, {"l": "Wheat", "v": 0.18695341161993764}, {"l": "Oats", "v": 0.0016980066634200001}]}, {"source": 15, "prod": 17.0, "target": 4, "value": 0.17543275334177599, "supply": [{"l": "Groundnut Oil", "v": 0.12359261615712787}, {"l": "Soyabean Oil", "v": 0.031021275581711541}, {"l": "Coconut Oil", "v": 0.011171096469868422}, {"l": "Cottonseed Oil", "v": 0.0096477651330681823}]}, {"source": 16, "prod": 1.0, "target": 4, "value": 0.0045482321341607148, "supply": [{"l": "Spices, Other", "v": 0.0045482321341607148}]}, {"source": 17, "prod": 27.0, "target": 4, "value": 0.018729269478426635, "supply": [{"l": "Cocoa Beans", "v": 0.010239236161326633}, {"l": "Coffee", "v": 0.0084900333171000018}]}, {"source": 18, "prod": 12.0, "target": 4, "value": 0.017565586173310346, "supply": [{"l": "Eggs", "v": 0.017565586173310346}]}, {"source": 2, "prod": 907.0, "target": 4, "value": 0.64917845593120405, "supply": [{"l": "Plantains", "v": 0.36738119227676508}, {"l": "Grapes", "v": 0.00080967620190326999}, {"l": "Apples", "v": 0.00057924203917836259}, {"l": "Lemons, Limes", "v": 0.0034731954479045452}, {"l": "Pineapples", "v": 0.0017687569410625001}, {"l": "Bananas", "v": 0.14560252022505238}, {"l": "Fruits, Other", "v": 0.1107731108319911}, {"l": "Grapefruit", "v": 0.0023244444400000001}, {"l": "Oranges, Mandarines", "v": 0.016466317527346782}]}, {"source": 19, "prod": 63.0, "target": 4, "value": 0.1190241704856716, "supply": [{"l": "Pigmeat", "v": 0.014949841275763043}, {"l": "Mutton & Goat Meat", "v": 0.0019295530266136365}, {"l": "Bovine Meat", "v": 0.060996355870427184}, {"l": "Poultry Meat", "v": 0.032984926738733107}, {"l": "Offals, Edible", "v": 0.0081634935741346157}]}, {"source": 0, "prod": 3.0, "target": 20, "value": 0.0088387626810618979, "supply": [{"l": "Barley", "v": 0.0047166851761666672}, {"l": "Rice", "v": 0.0041220775048952298}]}, {"source": 21, "prod": 5544.0, "target": 20, "value": 1.5585677056292186, "supply": [{"l": "Sugar cane", "v": 1.5585677056292186}]}, {"source": 6, "prod": 39.0, "target": 20, "value": 0.22864284530597018, "supply": [{"l": "Groundnuts", "v": 0.19810077739900003}, {"l": "Cottonseed", "v": 0.018192928536642859}, {"l": "Coconuts - Incl Copra", "v": 0.012349139370327273}]}, {"source": 15, "prod": 2.0, "target": 22, "value": 0.022147913001130438, "supply": [{"l": "Oilcrops Oil, Other", "v": 0.022147913001130438}]}, {"source": 10, "prod": 3.0, "target": 22, "value": 0.027467754849441178, "supply": [{"l": "Fats, Animals, Raw", "v": 0.027467754849441178}]}, {"source": 11, "prod": 3.0, "target": 11, "value": 0.0022539911461327434, "supply": [{"l": "Potatoes", "v": 0.0022539911461327434}]}, {"source": 0, "prod": 6.0, "target": 0, "value": 0.02461354665238185, "supply": [{"l": "Maize", "v": 0.0040031591279056974}, {"l": "Rice", "v": 0.020610387524476151}]}, {"source": 18, "prod": 2.0, "target": 18, "value": 0.002927597695551724, "supply": [{"l": "Eggs", "v": 0.002927597695551724}]}, {"source": 12, "prod": 3.0, "target": 12, "value": 0.011717002133072491, "supply": [{"l": "Beans", "v": 0.0078212589970614154}, {"l": "Pulses, Other", "v": 0.0038957431360110767}]}, {"source": 6, "prod": 1.0, "target": 6, "value": 0.0070750277642500003, "supply": [{"l": "Groundnuts", "v": 0.0070750277642500003}]}, {"source": 3, "prod": 10.0, "target": 23, "value": 0.007207408741127859, "supply": [{"l": "Milk - Excluding Butter", "v": 0.007207408741127859}]}, {"source": 6, "prod": 2.0, "target": 23, "value": 0.014150055528500001, "supply": [{"l": "Groundnuts", "v": 0.014150055528500001}]}, {"source": 8, "prod": 8.0, "target": 23, "value": 0.0027207181322567225, "supply": [{"l": "Tomatoes", "v": 0.00066098875306141872}, {"l": "Vegetables, Other", "v": 0.0011057930514312591}, {"l": "Onions", "v": 0.00095393632776404492}]}, {"source": 11, "prod": 30.0, "target": 23, "value": 0.033072955142830603, "supply": [{"l": "Roots, Other", "v": 0.0038453969731092365}, {"l": "Potatoes", "v": 0.0015026607640884954}, {"l": "Yams", "v": 0.0021184344169347408}, {"l": "Sweet potatoes", "v": 0.0080811648570696896}, {"l": "Cassava", "v": 0.017525298131628439}]}, {"source": 12, "prod": 2.0, "target": 23, "value": 0.0078063726345417844, "supply": [{"l": "Beans", "v": 0.0039106294985307077}, {"l": "Pulses, Other", "v": 0.0038957431360110767}]}, {"source": 13, "prod": 20.0, "target": 23, "value": 0.082853367618082666, "supply": [{"l": "Sugar", "v": 0.082853367618082666}]}, {"source": 0, "prod": 5.0, "target": 23, "value": 0.019592726325693761, "supply": [{"l": "Maize", "v": 0.0040031591279056974}, {"l": "Rice", "v": 0.012366232514685689}, {"l": "Wheat", "v": 0.0032233346831023729}]}, {"source": 18, "prod": 1.0, "target": 23, "value": 0.001463798847775862, "supply": [{"l": "Eggs", "v": 0.001463798847775862}]}, {"source": 2, "prod": 110.0, "target": 23, "value": 0.077892935387273127, "supply": [{"l": "Fruits, Other", "v": 0.013785098236870004}, {"l": "Pineapples", "v": 0.00035375138821249998}, {"l": "Bananas", "v": 0.020475354406647991}, {"l": "Oranges, Mandarines", "v": 0.0019759581032816136}, {"l": "Plantains", "v": 0.040916862646938286}, {"l": "Lemons, Limes", "v": 0.00038591060532272727}]}, {"source": 24, "prod": 73.0, "target": 1, "value": 0.053821193802619197, "supply": [{"l": "Pelagic Fish", "v": 0.0068223482012410731}, {"l": "Fish, Seafood", "v": 0.015140076478446247}, {"l": "Milk - Excluding Butter", "v": 0.025225930593947499}, {"l": "Demersal Fish", "v": 0.0066328385289843748}]}, {"source": 24, "prod": 84.0, "target": 0, "value": 0.28659632577172178, "supply": [{"l": "Maize", "v": 0.0080063182558113948}, {"l": "Wheat", "v": 0.17083673820442577}, {"l": "Oats", "v": 0.0016980066634200001}, {"l": "Barley", "v": 0.0047166851761666672}, {"l": "Rice", "v": 0.094807782612590291}, {"l": "Cereals, Other", "v": 0.0065307948593076922}]}, {"source": 24, "prod": 2.0, "target": 12, "value": 0.0078212589970614154, "supply": [{"l": "Beans", "v": 0.0078212589970614154}]}, {"source": 24, "prod": 7.0, "target": 20, "value": 0.067644948714299769, "supply": [{"l": "Fats, Animals, Raw", "v": 0.036623673132588234}, {"l": "Soyabean Oil", "v": 0.031021275581711541}]}, {"source": 24, "prod": 5.0, "target": 8, "value": 0.0020597293791953042, "supply": [{"l": "Vegetables, Other", "v": 0.0011057930514312591}, {"l": "Onions", "v": 0.00095393632776404492}]}, {"source": 24, "prod": 3.0, "target": 2, "value": 0.0018812431781127042, "supply": [{"l": "Fruits, Other", "v": 0.00049232493703107148}, {"l": "Grapes", "v": 0.00080967620190326999}, {"l": "Apples", "v": 0.00057924203917836259}]}, {"source": 24, "prod": 2.0, "target": 11, "value": 0.0015026607640884954, "supply": [{"l": "Potatoes", "v": 0.0015026607640884954}]}, {"source": 6, "prod": 21.0, "target": 25, "value": 0.03241649084710909, "supply": [{"l": "Coconuts - Incl Copra", "v": 0.03241649084710909}]}, {"source": 8, "prod": 1.0, "target": 25, "value": 0.00036859768381041961, "supply": [{"l": "Vegetables, Other", "v": 0.00036859768381041961}]}, {"source": 11, "prod": 6.0, "target": 25, "value": 0.0071235650349125591, "supply": [{"l": "Roots, Other", "v": 0.0012817989910364122}, {"l": "Cassava", "v": 0.0058417660438761466}]}, {"source": 13, "prod": 521.0, "target": 25, "value": 2.1583302264510538, "supply": [{"l": "Sugar", "v": 2.1583302264510538}]}, {"source": 2, "prod": 60.0, "target": 25, "value": 0.042420754386810006, "supply": [{"l": "Bananas", "v": 0.035642283596757612}, {"l": "Plantains", "v": 0.00087057154567953812}, {"l": "Fruits, Other", "v": 0.0059078992443728582}]}, {"source": 0, "prod": 3.0, "target": 25, "value": 0.012009477383717094, "supply": [{"l": "Maize", "v": 0.012009477383717094}]}, {"source": 15, "prod": 1.0, "target": 25, "value": 0.011073956500565219, "supply": [{"l": "Oilcrops Oil, Other", "v": 0.011073956500565219}]}, {"source": 17, "prod": 48.0, "target": 25, "value": 0.040608900433682496, "supply": [{"l": "Coffee", "v": 0.011171096469868424}, {"l": "Cocoa Beans", "v": 0.029437803963814072}]}, {"source": 15, "prod": 1.0, "target": 26, "value": 0.011171096469868422, "supply": [{"l": "Coconut Oil", "v": 0.011171096469868422}]}, {"source": 27, "prod": 5.0, "target": 17, "value": 0.0063995226008291464, "supply": [{"l": "Cocoa Beans", "v": 0.0063995226008291464}]}, {"source": 0, "prod": 10.0, "target": 26, "value": 0.041220775048952302, "supply": [{"l": "Rice", "v": 0.041220775048952302}]}, {"source": 27, "prod": 7.0, "target": 12, "value": 0.027374406489714957, "supply": [{"l": "Beans", "v": 0.027374406489714957}]}, {"source": 13, "prod": 40.0, "target": 26, "value": 0.16570673523616533, "supply": [{"l": "Sugar", "v": 0.16570673523616533}]}, {"source": 27, "prod": 7.0, "target": 0, "value": 0.021698350686697572, "supply": [{"l": "Barley", "v": 0.0023583425880833336}, {"l": "Wheat", "v": 0.019340008098614237}]}, {"source": 1, "prod": 235.0, "target": 3, "value": 0.16937410541650469, "supply": [{"l": "Milk - Excluding Butter", "v": 0.16937410541650469}]}, {"source": 1, "prod": 13.0, "target": 18, "value": 0.019029385021086209, "supply": [{"l": "Eggs", "v": 0.021956982716637933}]}, {"source": 1, "prod": 63.0, "target": 19, "value": 0.1190241704856716, "supply": [{"l": "Poultry Meat", "v": 0.032984926738733107}, {"l": "Bovine Meat", "v": 0.060996355870427184}, {"l": "Pigmeat", "v": 0.014949841275763043}, {"l": "Offals, Edible", "v": 0.0081634935741346157}, {"l": "Mutton & Goat Meat", "v": 0.0019295530266136365}]}, {"source": 1, "prod": 47.0, "target": 5, "value": 0.036496862144345089, "supply": [{"l": "Demersal Fish", "v": 0.0066328385289843748}, {"l": "Freshwater Fish", "v": 0.0010228955803734941}, {"l": "Pelagic Fish", "v": 0.0068223482012410731}, {"l": "Marine Fish, Other", "v": 0.0036913188335217393}, {"l": "Fish, Seafood", "v": 0.018327461000224407}]}, {"source": 20, "prod": 683.0, "target": 13, "value": 2.8294425041575235, "supply": [{"l": "Sugar", "v": 2.8294425041575235}]}, {"source": 20, "prod": 21.0, "target": 15, "value": 0.21982571931334008, "supply": [{"l": "Cottonseed Oil", "v": 0.0096477651330681823}, {"l": "Coconut Oil", "v": 0.022342192939736844}, {"l": "Groundnut Oil", "v": 0.12359261615712787}, {"l": "Oilcrops Oil, Other", "v": 0.033221869501695658}, {"l": "Soyabean Oil", "v": 0.031021275581711541}]}, {"source": 20, "prod": 7.0, "target": 10, "value": 0.064091427982029409, "supply": [{"l": "Fats, Animals, Raw", "v": 0.064091427982029409}]}, {"source": 20, "prod": 28.0, "target": 9, "value": 0.038284094560268586, "supply": [{"l": "Beer", "v": 0.011517487058081397}, {"l": "Beverages, Alcoholic", "v": 0.026766607502187192}]}, {"source": 28, "prod": 0, "target": 6, "value": 0.00059416401754844674, "supply": "[{\"l\":'Energy for power irrigation',\"v\":0.00059416401754844674}]"}, {"source": 28, "prod": 0, "target": 7, "value": 7.2019880914963257e-06, "supply": "[{\"l\":'Energy for power irrigation',\"v\":7.2019880914963257e-06}]"}, {"source": 28, "prod": 0, "target": 8, "value": 0.00050413916640474276, "supply": "[{\"l\":'Energy for power irrigation',\"v\":0.00050413916640474276}]"}, {"source": 28, "prod": 0, "target": 21, "value": 0.039927821979255623, "supply": "[{\"l\":'Energy for power irrigation',\"v\":0.039927821979255623}]"}, {"source": 28, "prod": 0, "target": 11, "value": 0.0021173844988999196, "supply": "[{\"l\":'Energy for power irrigation',\"v\":0.0021173844988999196}]"}, {"source": 28, "prod": 0, "target": 12, "value": 0.00039610934503229788, "supply": "[{\"l\":'Energy for power irrigation',\"v\":0.00039610934503229788}]"}, {"source": 28, "prod": 0, "target": 14, "value": 7.2019880914963257e-06, "supply": "[{\"l\":'Energy for power irrigation',\"v\":7.2019880914963257e-06}]"}, {"source": 28, "prod": 0, "target": 0, "value": 0.0014512006004365095, "supply": "[{\"l\":'Energy for power irrigation',\"v\":0.0014512006004365095}]"}, {"source": 28, "prod": 0, "target": 16, "value": 7.2019880914963257e-06, "supply": "[{\"l\":'Energy for power irrigation',\"v\":7.2019880914963257e-06}]"}, {"source": 28, "prod": 0, "target": 17, "value": 0.0005149421485419872, "supply": "[{\"l\":'Energy for power irrigation',\"v\":0.0005149421485419872}]"}, {"source": 28, "prod": 0, "target": 2, "value": 0.0078933789482799731, "supply": "[{\"l\":'Energy for power irrigation',\"v\":0.0078933789482799731}]"}, {"source": 28, "prod": 0, "target": 20, "value": 0.016956717887496656, "supply": "[{\"l\":'Electricity',\"v\":0.016956717887496656}]"}, {"source": 29, "prod": 0, "target": 28, "value": 0.12307545304495962, "supply": [{"l": "Coal", "v": 0.0}, {"l": "Natural gas", "v": 0.0}, {"l": "Oil", "v": 0.12307545304495962}]}, {"source": 30, "prod": 0, "target": 28, "value": 0.023608792399085997, "supply": [{"l": "Nuclear", "v": 0.0}, {"l": "Hydroelectric", "v": 0.020759600660785808}, {"l": "Renewable", "v": 0.0028491917383001884}]}, {"source": 29, "prod": 0, "target": 6, "value": 0.0042188190499241321, "supply": [{"l": "Motor Gasoline", "v": 0.002668899563982103}, {"l": "Gas-Diesel oil", "v": 0.0015499194859420289}]}, {"source": 29, "prod": 0, "target": 7, "value": 5.1137200605141001e-05, "supply": [{"l": "Motor Gasoline", "v": 3.2350297745237618e-05}, {"l": "Gas-Diesel oil", "v": 1.8786902859903383e-05}]}, {"source": 29, "prod": 0, "target": 8, "value": 0.0035796040423598696, "supply": [{"l": "Motor Gasoline", "v": 0.0022645208421666332}, {"l": "Gas-Diesel oil", "v": 0.0013150832001932366}]}, {"source": 29, "prod": 0, "target": 21, "value": 0.28350464015490168, "supply": [{"l": "Motor Gasoline", "v": 0.17935005069959731}, {"l": "Gas-Diesel oil", "v": 0.10415458945530434}]}, {"source": 29, "prod": 0, "target": 11, "value": 0.015034336977911452, "supply": [{"l": "Motor Gasoline", "v": 0.0095109875370998579}, {"l": "Gas-Diesel oil", "v": 0.0055233494408115941}]}, {"source": 29, "prod": 0, "target": 12, "value": 0.002812546033282755, "supply": [{"l": "Motor Gasoline", "v": 0.0017792663759880689}, {"l": "Gas-Diesel oil", "v": 0.0010332796572946859}]}, {"source": 29, "prod": 0, "target": 14, "value": 5.1137200605141001e-05, "supply": [{"l": "Motor Gasoline", "v": 3.2350297745237618e-05}, {"l": "Gas-Diesel oil", "v": 1.8786902859903383e-05}]}, {"source": 29, "prod": 0, "target": 0, "value": 0.01030414592193591, "supply": [{"l": "Motor Gasoline", "v": 0.0065185849956653791}, {"l": "Gas-Diesel oil", "v": 0.0037855609262705311}]}, {"source": 29, "prod": 0, "target": 16, "value": 5.1137200605141001e-05, "supply": [{"l": "Motor Gasoline", "v": 3.2350297745237618e-05}, {"l": "Gas-Diesel oil", "v": 1.8786902859903383e-05}]}, {"source": 29, "prod": 0, "target": 17, "value": 0.0036563098432675811, "supply": [{"l": "Motor Gasoline", "v": 0.0023130462887844894}, {"l": "Gas-Diesel oil", "v": 0.0013432635544830917}]}, {"source": 29, "prod": 0, "target": 2, "value": 0.05604637186323453, "supply": [{"l": "Motor Gasoline", "v": 0.035455926328780425}, {"l": "Gas-Diesel oil", "v": 0.020590445534454108}]}, {"source": 31, "prod": 0.13346814964610718, "target": 6, "value": 0.002115964500063741, "supply": [{"l": "Potash", "v": 0.00256388889094}, {"l": "Phosphate", "v": 0.0042083333366999993}, {"l": "Nitrogen", "v": 0.18347222236899999}]}, {"source": 31, "prod": 0.0016177957532861479, "target": 7, "value": 2.5648054546227167e-05, "supply": [{"l": "Potash", "v": 0.00256388889094}, {"l": "Phosphate", "v": 0.0042083333366999993}, {"l": "Nitrogen", "v": 0.18347222236899999}]}, {"source": 31, "prod": 0.11324570273003035, "target": 8, "value": 0.0017953638182359017, "supply": [{"l": "Potash", "v": 0.00256388889094}, {"l": "Phosphate", "v": 0.0042083333366999993}, {"l": "Nitrogen", "v": 0.18347222236899999}]}, {"source": 31, "prod": 8.969059656218402, "target": 21, "value": 0.14219281440428339, "supply": [{"l": "Potash", "v": 0.00256388889094}, {"l": "Phosphate", "v": 0.0042083333366999993}, {"l": "Nitrogen", "v": 0.18347222236899999}]}, {"source": 31, "prod": 0.47563195146612736, "target": 11, "value": 0.0075405280365907863, "supply": [{"l": "Potash", "v": 0.00256388889094}, {"l": "Phosphate", "v": 0.0042083333366999993}, {"l": "Nitrogen", "v": 0.18347222236899999}]}, {"source": 31, "prod": 0.088978766430738127, "target": 12, "value": 0.0014106430000424941, "supply": [{"l": "Potash", "v": 0.00256388889094}, {"l": "Phosphate", "v": 0.0042083333366999993}, {"l": "Nitrogen", "v": 0.18347222236899999}]}, {"source": 31, "prod": 0.0016177957532861479, "target": 14, "value": 2.5648054546227167e-05, "supply": [{"l": "Potash", "v": 0.00256388889094}, {"l": "Phosphate", "v": 0.0042083333366999993}, {"l": "Nitrogen", "v": 0.18347222236899999}]}, {"source": 31, "prod": 0.32598584428715871, "target": 0, "value": 0.0051680829910647737, "supply": [{"l": "Potash", "v": 0.00256388889094}, {"l": "Phosphate", "v": 0.0042083333366999993}, {"l": "Nitrogen", "v": 0.18347222236899999}]}, {"source": 31, "prod": 0.0016177957532861479, "target": 16, "value": 2.5648054546227167e-05, "supply": [{"l": "Potash", "v": 0.00256388889094}, {"l": "Phosphate", "v": 0.0042083333366999993}, {"l": "Nitrogen", "v": 0.18347222236899999}]}, {"source": 31, "prod": 0.11567239635995956, "target": 17, "value": 0.0018338359000552424, "supply": [{"l": "Potash", "v": 0.00256388889094}, {"l": "Phosphate", "v": 0.0042083333366999993}, {"l": "Nitrogen", "v": 0.18347222236899999}]}, {"source": 31, "prod": 1.7731041456016179, "target": 2, "value": 0.028110267782664976, "supply": [{"l": "Potash", "v": 0.00256388889094}, {"l": "Phosphate", "v": 0.0042083333366999993}, {"l": "Nitrogen", "v": 0.18347222236899999}]}, {"source": 29, "prod": 0, "target": 31, "value": 0.2266662244724183, "supply": [{"l": "Natural gas (including LNG)", "v": 0.15344007117115604}, {"l": "Fuel oil", "v": 0.040793550874186249}, {"l": "Liquefied petroleum gas (LPG)", "v": 0.016216301213538013}, {"l": "Coal", "v": 0.016216301213538013}]}, {"source": 32, "prod": 0, "target": 11, "value": 0.0073246516148966654, "supply": "[{\"l\":'Labor',\"v\":0.0073246516148966654}]"}, {"source": 32, "prod": 0, "target": 6, "value": 0.0020553869327516153, "supply": "[{\"l\":'Labor',\"v\":0.0020553869327516153}]"}, {"source": 32, "prod": 0, "target": 7, "value": 2.4913781003049884e-05, "supply": "[{\"l\":'Labor',\"v\":2.4913781003049884e-05}]"}, {"source": 32, "prod": 0, "target": 8, "value": 0.0017439646702134919, "supply": "[{\"l\":'Labor',\"v\":0.0017439646702134919}]"}, {"source": 32, "prod": 0, "target": 21, "value": 0.13812200188090853, "supply": "[{\"l\":'Labor',\"v\":0.13812200188090853}]"}, {"source": 32, "prod": 0, "target": 12, "value": 0.0013702579551677437, "supply": "[{\"l\":'Labor',\"v\":0.0013702579551677437}]"}, {"source": 32, "prod": 0, "target": 2, "value": 0.027305503979342675, "supply": "[{\"l\":'Labor',\"v\":0.027305503979342675}]"}, {"source": 32, "prod": 0, "target": 0, "value": 0.0050201268721145513, "supply": "[{\"l\":'Labor',\"v\":0.0050201268721145513}]"}, {"source": 32, "prod": 0, "target": 16, "value": 2.4913781003049884e-05, "supply": "[{\"l\":'Labor',\"v\":2.4913781003049884e-05}]"}, {"source": 32, "prod": 0, "target": 17, "value": 0.0017813353417180668, "supply": "[{\"l\":'Labor',\"v\":0.0017813353417180668}]"}, {"source": 32, "prod": 0, "target": 14, "value": 2.4913781003049884e-05, "supply": "[{\"l\":'Labor',\"v\":2.4913781003049884e-05}]"}, {"source": 29, "prod": 0, "target": 24, "value": 0.30920402682009085, "supply": "[{\"l\":'Fossil Fuels',\"v\":0.30920402682009085}]"}, {"source": 30, "prod": 0, "target": 24, "value": 0.26894264983717331, "supply": "[{\"l\":'Renewables & Nuclear',\"v\":0.010357331386645097},{\"l\":'Biomass & Waste',\"v\":0.25858531845052823}]"}]}