{"nodes": [{"layer": 5, "name": "Maize"}, {"layer": 10, "name": "Feed", "fill": "#dbdb8d"}, {"layer": 5, "name": "Vegetables, Other"}, {"layer": 5, "name": "Barley"}, {"layer": 5, "name": "Pulses, Other"}, {"layer": 5, "name": "Olives"}, {"layer": 16, "name": "Food", "fill": "#b5cf6b"}, {"layer": 5, "name": "Nuts"}, {"layer": 13, "name": "Sugar", "fill": "#d6616b"}, {"layer": 13, "name": "Beer"}, {"layer": 5, "name": "Rice"}, {"layer": 13, "name": "Meat, Other"}, {"layer": 5, "name": "Tomatoes"}, {"layer": 13, "name": "Fats, Animals, Raw"}, {"layer": 5, "name": "Coffee"}, {"layer": 5, "name": "Wheat"}, {"layer": 13, "name": "Soyabean Oil"}, {"layer": 5, "name": "Coconuts - Incl Copra"}, {"layer": 5, "name": "Treenuts"}, {"layer": 13, "name": "Eggs"}, {"layer": 5, "name": "Sesame seed"}, {"layer": 13, "name": "Marine Fish, Other"}, {"layer": 5, "name": "Grapes"}, {"layer": 5, "name": "Groundnuts"}, {"layer": 13, "name": "Olive Oil"}, {"layer": 5, "name": "Dates"}, {"layer": 5, "name": "Potatoes"}, {"layer": 13, "name": "Milk - Excluding Butter"}, {"layer": 13, "name": "Sesameseed Oil"}, {"layer": 13, "name": "Fish, Seafood"}, {"layer": 13, "name": "Oilcrops Oil, Other"}, {"layer": 5, "name": "Lemons, Limes"}, {"layer": 13, "name": "Mutton & Goat Meat"}, {"layer": 13, "name": "Pelagic Fish"}, {"layer": 5, "name": "Bananas"}, {"layer": 13, "name": "Bovine Meat"}, {"layer": 5, "name": "Fruits, Other"}, {"layer": 13, "name": "Poultry Meat"}, {"layer": 13, "name": "Offals, Edible"}, {"layer": 5, "name": "Oranges, Mandarines"}, {"layer": 5, "name": "Tea"}, {"layer": 5, "name": "Onions"}, {"layer": 5, "name": "Apples"}, {"layer": 10, "name": "Processing", "fill": "#9edae5"}, {"layer": 13, "name": "Palm Oil"}, {"layer": 16, "name": "Biofuels & Other", "fill": "#e7ba52"}, {"name": "Seed", "fill": "#dbdb8d"}, {"name": "Waste", "fill": "#c7c7c7"}, {"layer": 0, "name": "Import", "fill": "#aec7e8"}, {"layer": 16, "name": "Export", "fill": "#aec7e8"}, {"layer": 0, "name": "Stock Draw", "fill": "#c7c7c7"}, {"layer": 16, "name": "Stock Deposit", "fill": "#c7c7c7"}, {"layer": 0, "name": "Production", "fill": "#b5cf6b"}], "links": [{"source": 0, "prod": 0.12681675918752894, "target": 1, "value": 36.0, "supply": [{"l": "Maize", "v": 36.0}]}, {"source": 2, "prod": 0.0021172152910473819, "target": 1, "value": 10.0, "supply": [{"l": "Vegetables, Other", "v": 10.0}]}, {"source": 3, "prod": 0.04597490965938629, "target": 1, "value": 15.0, "supply": [{"l": "Barley", "v": 15.0}]}, {"source": 4, "prod": 0.0040460315026804687, "target": 1, "value": 1.0, "supply": [{"l": "Pulses, Other", "v": 1.0}]}, {"source": 5, "prod": 0.0028300111056999999, "target": 6, "value": 2.0, "supply": [{"l": "Olives", "v": 2.0}]}, {"source": 7, "prod": 0.0063903476580322591, "target": 6, "value": 2.0, "supply": [{"l": "Nuts", "v": 2.0}]}, {"source": 8, "prod": 0.17061738965697529, "target": 6, "value": 41.0, "supply": [{"l": "Sugar", "v": 41.0}]}, {"source": 9, "prod": 0.00073826376670434787, "target": 6, "value": 2.0, "supply": [{"l": "Beer", "v": 2.0}]}, {"source": 10, "prod": 0.073734093699596728, "target": 6, "value": 17.0, "supply": [{"l": "Rice", "v": 17.0}]}, {"source": 11, "prod": 0.0018456594167608697, "target": 6, "value": 1.0, "supply": [{"l": "Meat, Other", "v": 1.0}]}, {"source": 12, "prod": 0.0070909445871167034, "target": 6, "value": 33.0, "supply": [{"l": "Tomatoes", "v": 33.0}]}, {"source": 13, "prod": 0.010612541646375, "target": 6, "value": 1.0, "supply": [{"l": "Fats, Animals, Raw", "v": 1.0}]}, {"source": 14, "prod": 0.001326567705796875, "target": 6, "value": 2.0, "supply": [{"l": "Coffee", "v": 2.0}]}, {"source": 15, "prod": 0.9167032368917778, "target": 6, "value": 260.0, "supply": [{"l": "Wheat", "v": 260.0}]}, {"source": 16, "prod": 0.020629987499495326, "target": 6, "value": 2.0, "supply": [{"l": "Soyabean Oil", "v": 2.0}]}, {"source": 17, "prod": 0.0018866740704666664, "target": 6, "value": 1.0, "supply": [{"l": "Coconuts - Incl Copra", "v": 1.0}]}, {"source": 18, "prod": 0.0055542274037102797, "target": 6, "value": 2.0, "supply": [{"l": "Treenuts", "v": 2.0}]}, {"source": 19, "prod": 0.01294444541620628, "target": 6, "value": 8.0, "supply": [{"l": "Eggs", "v": 8.0}]}, {"source": 2, "prod": 0.014397063979122195, "target": 6, "value": 68.0, "supply": [{"l": "Vegetables, Other", "v": 68.0}]}, {"source": 20, "prod": 0.0071949434890677963, "target": 6, "value": 1.0, "supply": [{"l": "Sesame seed", "v": 1.0}]}, {"source": 21, "prod": 0.0018063900674680853, "target": 6, "value": 3.0, "supply": [{"l": "Marine Fish, Other", "v": 3.0}]}, {"source": 22, "prod": 0.017426531490569976, "target": 6, "value": 22.0, "supply": [{"l": "Grapes", "v": 22.0}]}, {"source": 23, "prod": 0.006190649293718751, "target": 6, "value": 1.0, "supply": [{"l": "Groundnuts", "v": 1.0}]}, {"source": 24, "prod": 0.092219327409879315, "target": 6, "value": 9.0, "supply": [{"l": "Olive Oil", "v": 9.0}]}, {"source": 25, "prod": 0.0087706955755165288, "target": 6, "value": 5.0, "supply": [{"l": "Dates", "v": 5.0}]}, {"source": 26, "prod": 0.015885717225343036, "target": 6, "value": 18.0, "supply": [{"l": "Potatoes", "v": 18.0}]}, {"source": 27, "prod": 0.096261812602668237, "target": 6, "value": 128.0, "supply": [{"l": "Milk - Excluding Butter", "v": 128.0}]}, {"source": 28, "prod": 0.010612541646375, "target": 6, "value": 1.0, "supply": [{"l": "Sesameseed Oil", "v": 1.0}]}, {"source": 4, "prod": 0.048552378032165625, "target": 6, "value": 12.0, "supply": [{"l": "Pulses, Other", "v": 12.0}]}, {"source": 29, "prod": 0.0039747346990168537, "target": 6, "value": 5.0, "supply": [{"l": "Fish, Seafood", "v": 5.0}]}, {"source": 30, "prod": 0.059885056433116077, "target": 6, "value": 6.0, "supply": [{"l": "Oilcrops Oil, Other", "v": 6.0}]}, {"source": 31, "prod": 0.0011622222200000001, "target": 6, "value": 1.0, "supply": [{"l": "Lemons, Limes", "v": 1.0}]}, {"source": 32, "prod": 0.033855156040367852, "target": 6, "value": 12.0, "supply": [{"l": "Mutton & Goat Meat", "v": 12.0}]}, {"source": 33, "prod": 0.0019976548981411766, "target": 6, "value": 2.0, "supply": [{"l": "Pelagic Fish", "v": 2.0}]}, {"source": 34, "prod": 0.00055130086474675327, "target": 6, "value": 1.0, "supply": [{"l": "Bananas", "v": 1.0}]}, {"source": 35, "prod": 0.0064075723147924537, "target": 6, "value": 2.0, "supply": [{"l": "Bovine Meat", "v": 2.0}]}, {"source": 36, "prod": 0.003193742940601881, "target": 6, "value": 6.0, "supply": [{"l": "Fruits, Other", "v": 6.0}]}, {"source": 37, "prod": 0.0239155868087324, "target": 6, "value": 16.0, "supply": [{"l": "Poultry Meat", "v": 16.0}]}, {"source": 38, "prod": 0.0028300111056999999, "target": 6, "value": 2.0, "supply": [{"l": "Offals, Edible", "v": 2.0}]}, {"source": 39, "prod": 0.008848941431088192, "target": 6, "value": 26.0, "supply": [{"l": "Oranges, Mandarines", "v": 26.0}]}, {"source": 40, "prod": 0.00070165564604132225, "target": 6, "value": 2.0, "supply": [{"l": "Tea", "v": 2.0}]}, {"source": 41, "prod": 0.0047459813573850936, "target": 6, "value": 9.0, "supply": [{"l": "Onions", "v": 9.0}]}, {"source": 42, "prod": 0.0085418018129359771, "target": 6, "value": 15.0, "supply": [{"l": "Apples", "v": 15.0}]}, {"source": 5, "prod": 0.011320044422799999, "target": 43, "value": 8.0, "supply": [{"l": "Olives", "v": 8.0}]}, {"source": 20, "prod": 0.02158483046720339, "target": 43, "value": 3.0, "supply": [{"l": "Sesame seed", "v": 3.0}]}, {"source": 44, "prod": 0.02122508329275, "target": 45, "value": 2.0, "supply": [{"l": "Palm Oil", "v": 2.0}]}, {"source": 26, "prod": 0.0061777789209667353, "target": 45, "value": 7.0, "supply": [{"l": "Potatoes", "v": 7.0}]}, {"source": 35, "prod": 0.0032037861573962268, "target": 45, "value": 1.0, "supply": [{"l": "Bovine Meat", "v": 1.0}]}, {"source": 26, "prod": 0.0017650796917047817, "target": 46, "value": 2.0, "supply": [{"l": "Potatoes", "v": 2.0}]}, {"source": 19, "prod": 0.00323611135405157, "target": 19, "value": 2.0, "supply": [{"l": "Eggs", "v": 2.0}]}, {"source": 15, "prod": 0.070515633607059827, "target": 46, "value": 20.0, "supply": [{"l": "Wheat", "v": 20.0}]}, {"source": 3, "prod": 0.018389963863754515, "target": 46, "value": 6.0, "supply": [{"l": "Barley", "v": 6.0}]}, {"source": 4, "prod": 0.016184126010721875, "target": 46, "value": 4.0, "supply": [{"l": "Pulses, Other", "v": 4.0}]}, {"source": 0, "prod": 0.0070453755104182749, "target": 47, "value": 2.0, "supply": [{"l": "Maize", "v": 2.0}]}, {"source": 15, "prod": 0.035257816803529914, "target": 47, "value": 10.0, "supply": [{"l": "Wheat", "v": 10.0}]}, {"source": 39, "prod": 0.0030630951107612973, "target": 47, "value": 9.0, "supply": [{"l": "Oranges, Mandarines", "v": 9.0}]}, {"source": 26, "prod": 0.0017650796917047817, "target": 47, "value": 2.0, "supply": [{"l": "Potatoes", "v": 2.0}]}, {"source": 19, "prod": 0.001618055677025785, "target": 47, "value": 1.0, "supply": [{"l": "Eggs", "v": 1.0}]}, {"source": 2, "prod": 0.0021172152910473819, "target": 47, "value": 10.0, "supply": [{"l": "Vegetables, Other", "v": 10.0}]}, {"source": 36, "prod": 0.00053229049010031356, "target": 47, "value": 1.0, "supply": [{"l": "Fruits, Other", "v": 1.0}]}, {"source": 27, "prod": 0.0030081816438333824, "target": 47, "value": 4.0, "supply": [{"l": "Milk - Excluding Butter", "v": 4.0}]}, {"source": 42, "prod": 0.0011389069083914635, "target": 47, "value": 2.0, "supply": [{"l": "Apples", "v": 2.0}]}, {"source": 22, "prod": 0.0023763452032595422, "target": 47, "value": 3.0, "supply": [{"l": "Grapes", "v": 3.0}]}, {"source": 4, "prod": 0.0040460315026804687, "target": 47, "value": 1.0, "supply": [{"l": "Pulses, Other", "v": 1.0}]}, {"source": 10, "prod": 0.0043372996293880436, "target": 47, "value": 1.0, "supply": [{"l": "Rice", "v": 1.0}]}, {"source": 41, "prod": 0.00052733126193167711, "target": 47, "value": 1.0, "supply": [{"l": "Onions", "v": 1.0}]}, {"source": 12, "prod": 0.002578525304406074, "target": 47, "value": 12.0, "supply": [{"l": "Tomatoes", "v": 12.0}]}, {"source": 3, "prod": 0.0030649939772924195, "target": 47, "value": 1.0, "supply": [{"l": "Barley", "v": 1.0}]}, {"source": 48, "prod": 0.0055542274037102797, "target": 18, "value": 2.0, "supply": [{"l": "Treenuts", "v": 2.0}]}, {"source": 48, "prod": 0.010250162175523173, "target": 42, "value": 18.0, "supply": [{"l": "Apples", "v": 18.0}]}, {"source": 48, "prod": 0.0010524834690619834, "target": 40, "value": 3.0, "supply": [{"l": "Tea", "v": 3.0}]}, {"source": 48, "prod": 0.0012703291746284291, "target": 2, "value": 6.0, "supply": [{"l": "Vegetables, Other", "v": 6.0}]}, {"source": 48, "prod": 0.069396794070208698, "target": 10, "value": 16.0, "supply": [{"l": "Rice", "v": 16.0}]}, {"source": 48, "prod": 0.56765085053683173, "target": 15, "value": 161.0, "supply": [{"l": "Wheat", "v": 161.0}]}, {"source": 48, "prod": 0.018389963863754515, "target": 3, "value": 6.0, "supply": [{"l": "Barley", "v": 6.0}]}, {"source": 48, "prod": 0.0019898515586953126, "target": 14, "value": 3.0, "supply": [{"l": "Coffee", "v": 3.0}]}, {"source": 48, "prod": 0.0063903476580322591, "target": 7, "value": 2.0, "supply": [{"l": "Nuts", "v": 2.0}]}, {"source": 48, "prod": 0.071218854191816658, "target": 1, "value": 80.0, "supply": [{"l": "Bovine Meat", "v": 1.0}, {"l": "Milk - Excluding Butter", "v": 62.0}, {"l": "Fish, Seafood", "v": 5.0}, {"l": "Mutton & Goat Meat", "v": 2.0}, {"l": "Pelagic Fish", "v": 2.0}, {"l": "Poultry Meat", "v": 1.0}, {"l": "Marine Fish, Other", "v": 3.0}, {"l": "Eggs", "v": 4.0}]}, {"source": 48, "prod": 0.0087706955755165288, "target": 25, "value": 5.0, "supply": [{"l": "Dates", "v": 5.0}]}, {"source": 48, "prod": 0.025866136490873173, "target": 39, "value": 76.0, "supply": [{"l": "Oranges, Mandarines", "v": 76.0}]}, {"source": 48, "prod": 0.026476195375571727, "target": 26, "value": 30.0, "supply": [{"l": "Potatoes", "v": 30.0}]}, {"source": 48, "prod": 0.0063279751431801253, "target": 41, "value": 12.0, "supply": [{"l": "Onions", "v": 12.0}]}, {"source": 48, "prod": 0.00055130086474675327, "target": 34, "value": 1.0, "supply": [{"l": "Bananas", "v": 1.0}]}, {"source": 48, "prod": 0.0039605753387659034, "target": 22, "value": 5.0, "supply": [{"l": "Grapes", "v": 5.0}]}, {"source": 48, "prod": 0.028779773956271185, "target": 20, "value": 4.0, "supply": [{"l": "Sesame seed", "v": 4.0}]}, {"source": 48, "prod": 0.23656703156408262, "target": 43, "value": 35.0, "supply": [{"l": "Olive Oil", "v": 4.0}, {"l": "Sugar", "v": 20.0}, {"l": "Oilcrops Oil, Other", "v": 6.0}, {"l": "Soyabean Oil", "v": 2.0}, {"l": "Palm Oil", "v": 3.0}]}, {"source": 48, "prod": 0.13386213469794722, "target": 0, "value": 38.0, "supply": [{"l": "Maize", "v": 38.0}]}, {"source": 48, "prod": 0.003193742940601881, "target": 36, "value": 6.0, "supply": [{"l": "Fruits, Other", "v": 6.0}]}, {"source": 48, "prod": 0.006190649293718751, "target": 23, "value": 1.0, "supply": [{"l": "Groundnuts", "v": 1.0}]}, {"source": 48, "prod": 0.0018866740704666664, "target": 17, "value": 1.0, "supply": [{"l": "Coconuts - Incl Copra", "v": 1.0}]}, {"source": 48, "prod": 0.056644441037526569, "target": 4, "value": 14.0, "supply": [{"l": "Pulses, Other", "v": 14.0}]}, {"source": 12, "prod": 0.0081653301306192343, "target": 49, "value": 38.0, "supply": [{"l": "Tomatoes", "v": 38.0}]}, {"source": 15, "prod": 0.010577345041058976, "target": 49, "value": 3.0, "supply": [{"l": "Wheat", "v": 3.0}]}, {"source": 34, "prod": 0.00055130086474675327, "target": 49, "value": 1.0, "supply": [{"l": "Bananas", "v": 1.0}]}, {"source": 18, "prod": 0.0027771137018551399, "target": 49, "value": 1.0, "supply": [{"l": "Treenuts", "v": 1.0}]}, {"source": 26, "prod": 0.00088253984585239084, "target": 49, "value": 1.0, "supply": [{"l": "Potatoes", "v": 1.0}]}, {"source": 2, "prod": 0.0093157472806084784, "target": 49, "value": 44.0, "supply": [{"l": "Vegetables, Other", "v": 44.0}]}, {"source": 36, "prod": 0.0010645809802006271, "target": 49, "value": 2.0, "supply": [{"l": "Fruits, Other", "v": 2.0}]}, {"source": 27, "prod": 0.0015040908219166912, "target": 49, "value": 2.0, "supply": [{"l": "Milk - Excluding Butter", "v": 2.0}]}, {"source": 4, "prod": 0.020230157513402344, "target": 49, "value": 5.0, "supply": [{"l": "Pulses, Other", "v": 5.0}]}, {"source": 22, "prod": 0.0023763452032595422, "target": 49, "value": 3.0, "supply": [{"l": "Grapes", "v": 3.0}]}, {"source": 39, "prod": 0.017697882862176384, "target": 49, "value": 52.0, "supply": [{"l": "Oranges, Mandarines", "v": 52.0}]}, {"source": 31, "prod": 0.0034866666600000002, "target": 49, "value": 3.0, "supply": [{"l": "Lemons, Limes", "v": 3.0}]}, {"source": 41, "prod": 0.0015819937857950313, "target": 49, "value": 3.0, "supply": [{"l": "Onions", "v": 3.0}]}, {"source": 7, "prod": 0.0031951738290161296, "target": 49, "value": 1.0, "supply": [{"l": "Nuts", "v": 1.0}]}, {"source": 42, "prod": 0.00056945345419573174, "target": 49, "value": 1.0, "supply": [{"l": "Apples", "v": 1.0}]}, {"source": 50, "prod": 0.11812917050564631, "target": 43, "value": 24.0, "supply": [{"l": "Olive Oil", "v": 3.0}, {"l": "Sugar", "v": 21.0}]}, {"source": 50, "prod": 0.28558831610859237, "target": 15, "value": 81.0, "supply": [{"l": "Wheat", "v": 81.0}]}, {"source": 50, "prod": 0.0086745992587760872, "target": 10, "value": 2.0, "supply": [{"l": "Rice", "v": 2.0}]}, {"source": 44, "prod": 0.010612541646375, "target": 51, "value": 1.0, "supply": [{"l": "Palm Oil", "v": 1.0}]}, {"source": 50, "prod": 0.030649939772924194, "target": 3, "value": 10.0, "supply": [{"l": "Barley", "v": 10.0}]}, {"source": 52, "prod": 0.012735049975650002, "target": 5, "value": 9.0, "supply": [{"l": "Olives", "v": 9.0}]}, {"source": 52, "prod": 0.0015968714703009405, "target": 36, "value": 3.0, "supply": [{"l": "Fruits, Other", "v": 3.0}]}, {"source": 52, "prod": 0.018389963863754515, "target": 3, "value": 6.0, "supply": [{"l": "Barley", "v": 6.0}]}, {"source": 52, "prod": 0.017834800022142012, "target": 12, "value": 83.0, "supply": [{"l": "Tomatoes", "v": 83.0}]}, {"source": 52, "prod": 0.17628908401764959, "target": 15, "value": 50.0, "supply": [{"l": "Wheat", "v": 50.0}]}, {"source": 52, "prod": 0.025406583492568576, "target": 2, "value": 120.0, "supply": [{"l": "Vegetables, Other", "v": 120.0}]}, {"source": 52, "prod": 0.017426531490569976, "target": 22, "value": 22.0, "supply": [{"l": "Grapes", "v": 22.0}]}, {"source": 52, "prod": 0.036414283524124222, "target": 4, "value": 9.0, "supply": [{"l": "Pulses, Other", "v": 9.0}]}, {"source": 52, "prod": 0.0046488888800000003, "target": 31, "value": 4.0, "supply": [{"l": "Lemons, Limes", "v": 4.0}]}, {"source": 52, "prod": 0.0011026017294935065, "target": 34, "value": 2.0, "supply": [{"l": "Bananas", "v": 2.0}]}, {"source": 52, "prod": 0.0037437829131526969, "target": 39, "value": 11.0, "supply": [{"l": "Oranges, Mandarines", "v": 11.0}]}, {"source": 52, "prod": 0.0010546625238633542, "target": 41, "value": 2.0, "supply": [{"l": "Onions", "v": 2.0}]}, {"source": 1, "prod": 0.0239155868087324, "target": 37, "value": 16.0, "supply": [{"l": "Poultry Meat", "v": 16.0}]}, {"source": 1, "prod": 0.0019976548981411766, "target": 33, "value": 2.0, "supply": [{"l": "Pelagic Fish", "v": 2.0}]}, {"source": 1, "prod": 0.0096113584721886809, "target": 35, "value": 3.0, "supply": [{"l": "Bovine Meat", "v": 3.0}]}, {"source": 1, "prod": 0.014562501093232065, "target": 19, "value": 9.0, "supply": [{"l": "Eggs", "v": 11.0}]}, {"source": 1, "prod": 0.10077408506841831, "target": 27, "value": 134.0, "supply": [{"l": "Milk - Excluding Butter", "v": 134.0}]}, {"source": 1, "prod": 0.0028300111056999999, "target": 38, "value": 2.0, "supply": [{"l": "Offals, Edible", "v": 2.0}]}, {"source": 1, "prod": 0.0018063900674680853, "target": 21, "value": 3.0, "supply": [{"l": "Marine Fish, Other", "v": 3.0}]}, {"source": 1, "prod": 0.0039747346990168537, "target": 29, "value": 5.0, "supply": [{"l": "Fish, Seafood", "v": 5.0}]}, {"source": 1, "prod": 0.0018456594167608697, "target": 11, "value": 1.0, "supply": [{"l": "Meat, Other", "v": 1.0}]}, {"source": 1, "prod": 0.033855156040367852, "target": 32, "value": 12.0, "supply": [{"l": "Mutton & Goat Meat", "v": 12.0}]}, {"source": 43, "prod": 0.092219327409879315, "target": 24, "value": 9.0, "supply": [{"l": "Olive Oil", "v": 9.0}]}, {"source": 43, "prod": 0.010612541646375, "target": 13, "value": 1.0, "supply": [{"l": "Fats, Animals, Raw", "v": 1.0}]}, {"source": 43, "prod": 0.010612541646375, "target": 28, "value": 1.0, "supply": [{"l": "Sesameseed Oil", "v": 1.0}]}, {"source": 43, "prod": 0.020629987499495326, "target": 16, "value": 2.0, "supply": [{"l": "Soyabean Oil", "v": 2.0}]}, {"source": 43, "prod": 0.17061738965697529, "target": 8, "value": 41.0, "supply": [{"l": "Sugar", "v": 41.0}]}, {"source": 43, "prod": 0.00073826376670434787, "target": 9, "value": 2.0, "supply": [{"l": "Beer", "v": 2.0}]}, {"source": 43, "prod": 0.031837624939125002, "target": 44, "value": 3.0, "supply": [{"l": "Palm Oil", "v": 3.0}]}, {"source": 43, "prod": 0.059885056433116077, "target": 30, "value": 6.0, "supply": [{"l": "Oilcrops Oil, Other", "v": 6.0}]}]}