{"nodes": [{"layer": 5, "name": "Cereals, Other"}, {"layer": 10, "name": "Feed", "fill": "#dbdb8d"}, {"layer": 5, "name": "Maize"}, {"layer": 5, "name": "Vegetables, Other"}, {"layer": 5, "name": "Barley"}, {"layer": 5, "name": "Pulses, Other"}, {"layer": 5, "name": "Olives"}, {"layer": 16, "name": "Food", "fill": "#b5cf6b"}, {"layer": 5, "name": "Fruits, Other"}, {"layer": 13, "name": "Sugar", "fill": "#d6616b"}, {"layer": 13, "name": "Beer"}, {"layer": 5, "name": "Infant food"}, {"layer": 5, "name": "Rice"}, {"layer": 13, "name": "Meat, Other"}, {"layer": 5, "name": "Tomatoes"}, {"layer": 5, "name": "Coffee"}, {"layer": 5, "name": "Wheat"}, {"layer": 13, "name": "Soyabean Oil"}, {"layer": 13, "name": "Eggs"}, {"layer": 5, "name": "Sesame seed"}, {"layer": 13, "name": "Marine Fish, Other"}, {"layer": 5, "name": "Grapes"}, {"layer": 5, "name": "Groundnuts"}, {"layer": 13, "name": "Olive Oil"}, {"layer": 5, "name": "Dates"}, {"layer": 5, "name": "Potatoes"}, {"layer": 13, "name": "Milk - Excluding Butter"}, {"layer": 13, "name": "Sesameseed Oil"}, {"layer": 13, "name": "Fish, Seafood"}, {"layer": 13, "name": "Oilcrops Oil, Other"}, {"layer": 5, "name": "Lemons, Limes"}, {"layer": 13, "name": "Mutton & Goat Meat"}, {"layer": 13, "name": "Pelagic Fish"}, {"layer": 5, "name": "Bananas"}, {"layer": 13, "name": "Bovine Meat"}, {"layer": 13, "name": "Poultry Meat"}, {"layer": 13, "name": "Offals, Edible"}, {"layer": 5, "name": "Oranges, Mandarines"}, {"layer": 5, "name": "Tea"}, {"layer": 5, "name": "Onions"}, {"layer": 5, "name": "Apples"}, {"layer": 10, "name": "Processing", "fill": "#9edae5"}, {"layer": 13, "name": "Palm Oil"}, {"layer": 16, "name": "Biofuels & Other", "fill": "#e7ba52"}, {"name": "Waste", "fill": "#c7c7c7"}, {"layer": 2, "name": "Import", "fill": "#aec7e8"}, {"layer": 5, "name": "Treenuts"}, {"layer": 5, "name": "Nuts"}, {"layer": 13, "name": "Sweeteners, Other"}, {"layer": 16, "name": "Export", "fill": "#aec7e8"}, {"layer": 0, "name": "Stock Draw", "fill": "#c7c7c7"}, {"layer": 16, "name": "Stock Deposit", "fill": "#c7c7c7"}, {"name": "Crop Residue", "fill": "#bd9e39"}, {"layer": 2, "name": "Electricity", "fill": "#bcbd22"}, {"layer": 5, "name": "Grapefruit"}, {"layer": 0, "name": "Fossil Fuels", "fill": "#c49c94"}, {"layer": 2, "name": "Fertilizers", "fill": "#c5b0d5"}, {"layer": 0, "name": "Labor", "fill": "#7f7f7f"}, {"layer": 0, "name": "Renewables & Nuclear", "fill": "#2ca02c"}], "links": [{"source": 0, "prod": 1.0, "target": 1, "value": 0.0032342984065142858, "supply": [{"l": "Cereals, Other", "v": 0.0032342984065142858}]}, {"source": 2, "prod": 17.0, "target": 1, "value": 0.059989247759097537, "supply": [{"l": "Maize", "v": 0.059989247759097537}]}, {"source": 3, "prod": 1.0, "target": 1, "value": 0.00025146784155021158, "supply": [{"l": "Vegetables, Other", "v": 0.00025146784155021158}]}, {"source": 4, "prod": 29.0, "target": 1, "value": 0.086389812700315802, "supply": [{"l": "Barley", "v": 0.086389812700315802}]}, {"source": 5, "prod": 2.0, "target": 1, "value": 0.0081691042226391744, "supply": [{"l": "Pulses, Other", "v": 0.0081691042226391744}]}, {"source": 6, "prod": 2.0, "target": 7, "value": 0.0033960133268400002, "supply": [{"l": "Olives", "v": 0.0033960133268400002}]}, {"source": 8, "prod": 11.0, "target": 7, "value": 0.006938363037748886, "supply": [{"l": "Fruits, Other", "v": 0.006938363037748886}]}, {"source": 9, "prod": 44.0, "target": 7, "value": 0.18251505543537327, "supply": [{"l": "Sugar", "v": 0.18251505543537327}]}, {"source": 10, "prod": 2.0, "target": 7, "value": 0.00089368771758947373, "supply": [{"l": "Beer", "v": 0.00089368771758947373}]}, {"source": 11, "prod": 1.0, "target": 7, "value": 0.0043316496515816332, "supply": [{"l": "Infant food", "v": 0.0043316496515816332}]}, {"source": 12, "prod": 14.0, "target": 7, "value": 0.060321343983086508, "supply": [{"l": "Rice", "v": 0.060321343983086508}]}, {"source": 13, "prod": 1.0, "target": 7, "value": 0.0023583425880833336, "supply": [{"l": "Meat, Other", "v": 0.0023583425880833336}]}, {"source": 14, "prod": 64.0, "target": 7, "value": 0.013280010951368153, "supply": [{"l": "Tomatoes", "v": 0.013280010951368153}]}, {"source": 15, "prod": 3.0, "target": 7, "value": 0.0014554342829314287, "supply": [{"l": "Coffee", "v": 0.0014554342829314287}]}, {"source": 16, "prod": 234.0, "target": 7, "value": 0.82549496447296311, "supply": [{"l": "Wheat", "v": 0.82549496447296311}]}, {"source": 17, "prod": 2.0, "target": 7, "value": 0.020723703372448821, "supply": [{"l": "Soyabean Oil", "v": 0.020723703372448821}]}, {"source": 18, "prod": 9.0, "target": 7, "value": 0.014940561423946928, "supply": [{"l": "Eggs", "v": 0.014940561423946928}]}, {"source": 3, "prod": 59.0, "target": 7, "value": 0.014836602651462482, "supply": [{"l": "Vegetables, Other", "v": 0.014836602651462482}]}, {"source": 19, "prod": 1.0, "target": 7, "value": 0.0067534355931477283, "supply": [{"l": "Sesame seed", "v": 0.0067534355931477283}]}, {"source": 20, "prod": 1.0, "target": 7, "value": 0.00078611419602777775, "supply": [{"l": "Marine Fish, Other", "v": 0.00078611419602777775}]}, {"source": 21, "prod": 25.0, "target": 7, "value": 0.019613938356336635, "supply": [{"l": "Grapes", "v": 0.019613938356336635}]}, {"source": 22, "prod": 1.0, "target": 7, "value": 0.0061621209559596778, "supply": [{"l": "Groundnuts", "v": 0.0061621209559596778}]}, {"source": 23, "prod": 8.0, "target": 7, "value": 0.08258648761288051, "supply": [{"l": "Olive Oil", "v": 0.08258648761288051}]}, {"source": 24, "prod": 2.0, "target": 7, "value": 0.0039184769155846157, "supply": [{"l": "Dates", "v": 0.0039184769155846157}]}, {"source": 25, "prod": 15.0, "target": 7, "value": 0.012967092686889069, "supply": [{"l": "Potatoes", "v": 0.012967092686889069}]}, {"source": 26, "prod": 77.0, "target": 7, "value": 0.057603772151482283, "supply": [{"l": "Milk - Excluding Butter", "v": 0.057603772151482283}]}, {"source": 27, "prod": 1.0, "target": 7, "value": 0.01035369916719512, "supply": [{"l": "Sesameseed Oil", "v": 0.01035369916719512}]}, {"source": 5, "prod": 10.0, "target": 7, "value": 0.040845521113195879, "supply": [{"l": "Pulses, Other", "v": 0.040845521113195879}]}, {"source": 28, "prod": 2.0, "target": 7, "value": 0.0021049669381239667, "supply": [{"l": "Fish, Seafood", "v": 0.0021049669381239667}]}, {"source": 29, "prod": 5.0, "target": 7, "value": 0.050143400659247578, "supply": [{"l": "Oilcrops Oil, Other", "v": 0.050143400659247578}]}, {"source": 30, "prod": 1.0, "target": 7, "value": 0.0011622222200000001, "supply": [{"l": "Lemons, Limes", "v": 0.0011622222200000001}]}, {"source": 31, "prod": 10.0, "target": 7, "value": 0.028756564461145166, "supply": [{"l": "Mutton & Goat Meat", "v": 0.028756564461145166}]}, {"source": 32, "prod": 1.0, "target": 7, "value": 0.0011630182626164384, "supply": [{"l": "Pelagic Fish", "v": 0.0011630182626164384}]}, {"source": 33, "prod": 3.0, "target": 7, "value": 0.0018367860541802889, "supply": [{"l": "Bananas", "v": 0.0018367860541802889}]}, {"source": 34, "prod": 1.0, "target": 7, "value": 0.0028618089832921352, "supply": [{"l": "Bovine Meat", "v": 0.0028618089832921352}]}, {"source": 35, "prod": 9.0, "target": 7, "value": 0.01319947598243954, "supply": [{"l": "Poultry Meat", "v": 0.01319947598243954}]}, {"source": 36, "prod": 2.0, "target": 7, "value": 0.0029789590586315794, "supply": [{"l": "Offals, Edible", "v": 0.0029789590586315794}]}, {"source": 37, "prod": 21.0, "target": 7, "value": 0.006905139413597986, "supply": [{"l": "Oranges, Mandarines", "v": 0.006905139413597986}]}, {"source": 38, "prod": 2.0, "target": 7, "value": 0.0011396017875302015, "supply": [{"l": "Tea", "v": 0.0011396017875302015}]}, {"source": 39, "prod": 4.0, "target": 7, "value": 0.002224462877842795, "supply": [{"l": "Onions", "v": 0.002224462877842795}]}, {"source": 40, "prod": 8.0, "target": 7, "value": 0.0047073452055207922, "supply": [{"l": "Apples", "v": 0.0047073452055207922}]}, {"source": 6, "prod": 8.0, "target": 41, "value": 0.013584053307360001, "supply": [{"l": "Olives", "v": 0.013584053307360001}]}, {"source": 19, "prod": 2.0, "target": 41, "value": 0.013506871186295457, "supply": [{"l": "Sesame seed", "v": 0.013506871186295457}]}, {"source": 42, "prod": 2.0, "target": 43, "value": 0.021831514243971433, "supply": [{"l": "Palm Oil", "v": 0.021831514243971433}]}, {"source": 34, "prod": 2.0, "target": 43, "value": 0.0057236179665842704, "supply": [{"l": "Bovine Meat", "v": 0.0057236179665842704}]}, {"source": 18, "prod": 1.0, "target": 18, "value": 0.0016600623804385475, "supply": [{"l": "Eggs", "v": 0.0016600623804385475}]}, {"source": 16, "prod": 19.0, "target": 16, "value": 0.067027368910197851, "supply": [{"l": "Wheat", "v": 0.067027368910197851}]}, {"source": 4, "prod": 5.0, "target": 4, "value": 0.014894795293157896, "supply": [{"l": "Barley", "v": 0.014894795293157896}]}, {"source": 5, "prod": 3.0, "target": 5, "value": 0.012253656333958762, "supply": [{"l": "Pulses, Other", "v": 0.012253656333958762}]}, {"source": 2, "prod": 1.0, "target": 44, "value": 0.0035287792799469139, "supply": [{"l": "Maize", "v": 0.0035287792799469139}]}, {"source": 16, "prod": 8.0, "target": 44, "value": 0.02822205006745173, "supply": [{"l": "Wheat", "v": 0.02822205006745173}]}, {"source": 33, "prod": 1.0, "target": 44, "value": 0.00061226201806009631, "supply": [{"l": "Bananas", "v": 0.00061226201806009631}]}, {"source": 25, "prod": 2.0, "target": 44, "value": 0.0017289456915852092, "supply": [{"l": "Potatoes", "v": 0.0017289456915852092}]}, {"source": 18, "prod": 1.0, "target": 44, "value": 0.0016600623804385475, "supply": [{"l": "Eggs", "v": 0.0016600623804385475}]}, {"source": 3, "prod": 8.0, "target": 44, "value": 0.0020117427324016926, "supply": [{"l": "Vegetables, Other", "v": 0.0020117427324016926}]}, {"source": 8, "prod": 1.0, "target": 44, "value": 0.00063076027615898962, "supply": [{"l": "Fruits, Other", "v": 0.00063076027615898962}]}, {"source": 26, "prod": 2.0, "target": 44, "value": 0.0014962018740644748, "supply": [{"l": "Milk - Excluding Butter", "v": 0.0014962018740644748}]}, {"source": 40, "prod": 1.0, "target": 44, "value": 0.00058841815069009902, "supply": [{"l": "Apples", "v": 0.00058841815069009902}]}, {"source": 21, "prod": 3.0, "target": 44, "value": 0.0023536726027603956, "supply": [{"l": "Grapes", "v": 0.0023536726027603956}]}, {"source": 5, "prod": 1.0, "target": 44, "value": 0.0040845521113195872, "supply": [{"l": "Pulses, Other", "v": 0.0040845521113195872}]}, {"source": 37, "prod": 6.0, "target": 44, "value": 0.00197289697531371, "supply": [{"l": "Oranges, Mandarines", "v": 0.00197289697531371}]}, {"source": 30, "prod": 1.0, "target": 44, "value": 0.0011622222200000001, "supply": [{"l": "Lemons, Limes", "v": 0.0011622222200000001}]}, {"source": 39, "prod": 1.0, "target": 44, "value": 0.00055611571946069874, "supply": [{"l": "Onions", "v": 0.00055611571946069874}]}, {"source": 14, "prod": 19.0, "target": 44, "value": 0.0039425032511874198, "supply": [{"l": "Tomatoes", "v": 0.0039425032511874198}]}, {"source": 4, "prod": 2.0, "target": 44, "value": 0.0059579181172631588, "supply": [{"l": "Barley", "v": 0.0059579181172631588}]}, {"source": 45, "prod": 1.0, "target": 11, "value": 0.0043316496515816332, "supply": [{"l": "Infant food", "v": 0.0043316496515816332}]}, {"source": 45, "prod": 1.0, "target": 30, "value": 0.0011622222200000001, "supply": [{"l": "Lemons, Limes", "v": 0.0011622222200000001}]}, {"source": 45, "prod": 1.0, "target": 46, "value": 0.0028300111056999999, "supply": [{"l": "Treenuts", "v": 0.0028300111056999999}]}, {"source": 45, "prod": 1.0, "target": 3, "value": 0.00025146784155021158, "supply": [{"l": "Vegetables, Other", "v": 0.00025146784155021158}]}, {"source": 45, "prod": 2.0, "target": 38, "value": 0.0011396017875302015, "supply": [{"l": "Tea", "v": 0.0011396017875302015}]}, {"source": 45, "prod": 7.0, "target": 40, "value": 0.0041189270548306935, "supply": [{"l": "Apples", "v": 0.0041189270548306935}]}, {"source": 45, "prod": 15.0, "target": 12, "value": 0.064630011410449828, "supply": [{"l": "Rice", "v": 0.064630011410449828}]}, {"source": 45, "prod": 133.0, "target": 16, "value": 0.46919158237138497, "supply": [{"l": "Wheat", "v": 0.46919158237138497}]}, {"source": 45, "prod": 17.0, "target": 4, "value": 0.050642303996736845, "supply": [{"l": "Barley", "v": 0.050642303996736845}]}, {"source": 45, "prod": 3.0, "target": 15, "value": 0.0014554342829314287, "supply": [{"l": "Coffee", "v": 0.0014554342829314287}]}, {"source": 45, "prod": 1.0, "target": 47, "value": 0.0032653974296538461, "supply": [{"l": "Nuts", "v": 0.0032653974296538461}]}, {"source": 45, "prod": 56.0, "target": 1, "value": 0.057628151399027779, "supply": [{"l": "Bovine Meat", "v": 0.0057236179665842704}, {"l": "Milk - Excluding Butter", "v": 0.03067213841832173}, {"l": "Pelagic Fish", "v": 0.0011630182626164384}, {"l": "Fish, Seafood", "v": 0.0021049669381239667}, {"l": "Mutton & Goat Meat", "v": 0.0057513128922290326}, {"l": "Poultry Meat", "v": 0.0014666084424932821}, {"l": "Marine Fish, Other", "v": 0.00078611419602777775}, {"l": "Eggs", "v": 0.0099603742826312857}]}, {"source": 45, "prod": 2.0, "target": 24, "value": 0.0039184769155846157, "supply": [{"l": "Dates", "v": 0.0039184769155846157}]}, {"source": 45, "prod": 47.0, "target": 37, "value": 0.015454359639957395, "supply": [{"l": "Oranges, Mandarines", "v": 0.015454359639957395}]}, {"source": 45, "prod": 16.0, "target": 25, "value": 0.013831565532681674, "supply": [{"l": "Potatoes", "v": 0.013831565532681674}]}, {"source": 45, "prod": 4.0, "target": 39, "value": 0.002224462877842795, "supply": [{"l": "Onions", "v": 0.002224462877842795}]}, {"source": 45, "prod": 3.0, "target": 21, "value": 0.0023536726027603956, "supply": [{"l": "Grapes", "v": 0.0023536726027603956}]}, {"source": 45, "prod": 3.0, "target": 19, "value": 0.020260306779443186, "supply": [{"l": "Sesame seed", "v": 0.020260306779443186}]}, {"source": 45, "prod": 72.0, "target": 41, "value": 0.37255271763327985, "supply": [{"l": "Olive Oil", "v": 0.030969932854830188}, {"l": "Sugar", "v": 0.24888416650278175}, {"l": "Oilcrops Oil, Other", "v": 0.050143400659247578}, {"l": "Soyabean Oil", "v": 0.020723703372448821}, {"l": "Palm Oil", "v": 0.021831514243971433}]}, {"source": 45, "prod": 18.0, "target": 2, "value": 0.063518027039044439, "supply": [{"l": "Maize", "v": 0.063518027039044439}]}, {"source": 45, "prod": 4.0, "target": 8, "value": 0.0025230411046359585, "supply": [{"l": "Fruits, Other", "v": 0.0025230411046359585}]}, {"source": 45, "prod": 1.0, "target": 22, "value": 0.0061621209559596778, "supply": [{"l": "Groundnuts", "v": 0.0061621209559596778}]}, {"source": 45, "prod": 5.0, "target": 5, "value": 0.020422760556597939, "supply": [{"l": "Pulses, Other", "v": 0.020422760556597939}]}, {"source": 48, "prod": 1.0, "target": 49, "value": 0.0037826881115792083, "supply": [{"l": "Sweeteners, Other", "v": 0.0037826881115792083}]}, {"source": 16, "prod": 4.0, "target": 49, "value": 0.014111025033725865, "supply": [{"l": "Wheat", "v": 0.014111025033725865}]}, {"source": 33, "prod": 4.0, "target": 49, "value": 0.0024490480722403852, "supply": [{"l": "Bananas", "v": 0.0024490480722403852}]}, {"source": 25, "prod": 1.0, "target": 49, "value": 0.0008644728457926046, "supply": [{"l": "Potatoes", "v": 0.0008644728457926046}]}, {"source": 3, "prod": 30.0, "target": 49, "value": 0.0075440352465063467, "supply": [{"l": "Vegetables, Other", "v": 0.0075440352465063467}]}, {"source": 8, "prod": 1.0, "target": 49, "value": 0.00063076027615898962, "supply": [{"l": "Fruits, Other", "v": 0.00063076027615898962}]}, {"source": 26, "prod": 2.0, "target": 49, "value": 0.0014962018740644748, "supply": [{"l": "Milk - Excluding Butter", "v": 0.0014962018740644748}]}, {"source": 5, "prod": 11.0, "target": 49, "value": 0.04493007322451547, "supply": [{"l": "Pulses, Other", "v": 0.04493007322451547}]}, {"source": 21, "prod": 1.0, "target": 49, "value": 0.00078455753425346543, "supply": [{"l": "Grapes", "v": 0.00078455753425346543}]}, {"source": 37, "prod": 30.0, "target": 49, "value": 0.0098644848765685501, "supply": [{"l": "Oranges, Mandarines", "v": 0.0098644848765685501}]}, {"source": 30, "prod": 4.0, "target": 49, "value": 0.0046488888800000003, "supply": [{"l": "Lemons, Limes", "v": 0.0046488888800000003}]}, {"source": 39, "prod": 2.0, "target": 49, "value": 0.0011122314389213975, "supply": [{"l": "Onions", "v": 0.0011122314389213975}]}, {"source": 29, "prod": 1.0, "target": 49, "value": 0.010028680131849517, "supply": [{"l": "Oilcrops Oil, Other", "v": 0.010028680131849517}]}, {"source": 14, "prod": 54.0, "target": 49, "value": 0.01120500924021688, "supply": [{"l": "Tomatoes", "v": 0.01120500924021688}]}, {"source": 50, "prod": 13.0, "target": 5, "value": 0.053099177447154637, "supply": [{"l": "Pulses, Other", "v": 0.053099177447154637}]}, {"source": 50, "prod": 1.0, "target": 0, "value": 0.0032342984065142858, "supply": [{"l": "Cereals, Other", "v": 0.0032342984065142858}]}, {"source": 50, "prod": 13.0, "target": 4, "value": 0.038726467762210531, "supply": [{"l": "Barley", "v": 0.038726467762210531}]}, {"source": 50, "prod": 76.0, "target": 16, "value": 0.26810947564079141, "supply": [{"l": "Wheat", "v": 0.26810947564079141}]}, {"source": 50, "prod": 3.0, "target": 41, "value": 0.030969932854830188, "supply": [{"l": "Olive Oil", "v": 0.030969932854830188}]}, {"source": 9, "prod": 15.0, "target": 51, "value": 0.062221041625695438, "supply": [{"l": "Sugar", "v": 0.062221041625695438}]}, {"source": 1, "prod": 9.0, "target": 35, "value": 0.01319947598243954, "supply": [{"l": "Poultry Meat", "v": 0.01319947598243954}]}, {"source": 1, "prod": 1.0, "target": 32, "value": 0.0011630182626164384, "supply": [{"l": "Pelagic Fish", "v": 0.0011630182626164384}]}, {"source": 1, "prod": 3.0, "target": 34, "value": 0.0085854269498764051, "supply": [{"l": "Bovine Meat", "v": 0.0085854269498764051}]}, {"source": 1, "prod": 10.0, "target": 18, "value": 0.016600623804385477, "supply": [{"l": "Eggs", "v": 0.018260686184824026}]}, {"source": 1, "prod": 81.0, "target": 26, "value": 0.060596175899611235, "supply": [{"l": "Milk - Excluding Butter", "v": 0.060596175899611235}]}, {"source": 1, "prod": 2.0, "target": 36, "value": 0.0029789590586315794, "supply": [{"l": "Offals, Edible", "v": 0.0029789590586315794}]}, {"source": 1, "prod": 1.0, "target": 20, "value": 0.00078611419602777775, "supply": [{"l": "Marine Fish, Other", "v": 0.00078611419602777775}]}, {"source": 1, "prod": 2.0, "target": 28, "value": 0.0021049669381239667, "supply": [{"l": "Fish, Seafood", "v": 0.0021049669381239667}]}, {"source": 1, "prod": 1.0, "target": 13, "value": 0.0023583425880833336, "supply": [{"l": "Meat, Other", "v": 0.0023583425880833336}]}, {"source": 1, "prod": 10.0, "target": 31, "value": 0.028756564461145166, "supply": [{"l": "Mutton & Goat Meat", "v": 0.028756564461145166}]}, {"source": 41, "prod": 8.0, "target": 23, "value": 0.08258648761288051, "supply": [{"l": "Olive Oil", "v": 0.08258648761288051}]}, {"source": 41, "prod": 1.0, "target": 48, "value": 0.0037826881115792083, "supply": [{"l": "Sweeteners, Other", "v": 0.0037826881115792083}]}, {"source": 41, "prod": 1.0, "target": 27, "value": 0.01035369916719512, "supply": [{"l": "Sesameseed Oil", "v": 0.01035369916719512}]}, {"source": 41, "prod": 2.0, "target": 17, "value": 0.020723703372448821, "supply": [{"l": "Soyabean Oil", "v": 0.020723703372448821}]}, {"source": 41, "prod": 59.0, "target": 9, "value": 0.24473609706106872, "supply": [{"l": "Sugar", "v": 0.24473609706106872}]}, {"source": 41, "prod": 2.0, "target": 10, "value": 0.00089368771758947373, "supply": [{"l": "Beer", "v": 0.00089368771758947373}]}, {"source": 41, "prod": 2.0, "target": 42, "value": 0.021831514243971433, "supply": [{"l": "Palm Oil", "v": 0.021831514243971433}]}, {"source": 41, "prod": 6.0, "target": 29, "value": 0.060172080791097093, "supply": [{"l": "Oilcrops Oil, Other", "v": 0.060172080791097093}]}, {"source": 2, "prod": 18.0, "target": 52, "value": 0.056522259659714455, "supply": [{"l": "Maize", "v": 0.056522259659714455}]}, {"source": 6, "prod": 10.0, "target": 52, "value": 0.034866666600000006, "supply": [{"l": "Olives", "v": 0.034866666600000006}]}, {"source": 16, "prod": 319.0, "target": 52, "value": 1.1122466645400002, "supply": [{"l": "Wheat", "v": 1.1122466645400002}]}, {"source": 0, "prod": 1.0, "target": 52, "value": 0.0028780782853602832, "supply": [{"l": "Cereals, Other", "v": 0.0028780782853602832}]}, {"source": 25, "prod": 5.0, "target": 52, "value": 0.017433333299999999, "supply": [{"l": "Potatoes", "v": 0.017433333299999999}]}, {"source": 3, "prod": 97.0, "target": 52, "value": 0.33820666602000005, "supply": [{"l": "Vegetables, Other", "v": 0.33820666602000005}]}, {"source": 19, "prod": 1.5, "target": 52, "value": 0.0052299999900000012, "supply": [{"l": "Sesame seed", "v": 0.0052299999900000012}]}, {"source": 4, "prod": 42.0, "target": 52, "value": 0.11133618630209517, "supply": [{"l": "Barley", "v": 0.11133618630209517}]}, {"source": 22, "prod": 0.5, "target": 52, "value": 0.0017433333299999999, "supply": [{"l": "Groundnuts", "v": 0.0017433333299999999}]}, {"source": 12, "prod": 14.0, "target": 52, "value": 0.048813333239999999, "supply": [{"l": "Rice", "v": 0.048813333239999999}]}, {"source": 39, "prod": 4.5, "target": 52, "value": 0.01568999997, "supply": [{"l": "Onions", "v": 0.01568999997}]}, {"source": 14, "prod": 137.0, "target": 52, "value": 0.4776733324200001, "supply": [{"l": "Tomatoes", "v": 0.4776733324200001}]}, {"source": 5, "prod": 17.5, "target": 52, "value": 0.061016666550000008, "supply": [{"l": "Pulses, Other", "v": 0.061016666550000008}]}, {"source": 53, "prod": 0, "target": 6, "value": 6.4097813112007761e-06, "supply": "[{\"l\":'Energy for power irrigation',\"v\":6.4097813112007761e-06}]"}, {"source": 53, "prod": 0, "target": 16, "value": 0.00010223601191365239, "supply": "[{\"l\":'Energy for power irrigation',\"v\":0.00010223601191365239}]"}, {"source": 53, "prod": 0, "target": 33, "value": 5.1278250489606206e-06, "supply": "[{\"l\":'Energy for power irrigation',\"v\":5.1278250489606206e-06}]"}, {"source": 53, "prod": 0, "target": 25, "value": 6.4097813112007761e-06, "supply": "[{\"l\":'Energy for power irrigation',\"v\":6.4097813112007761e-06}]"}, {"source": 53, "prod": 0, "target": 3, "value": 6.2174878718647533e-05, "supply": "[{\"l\":'Energy for power irrigation',\"v\":6.2174878718647533e-05}]"}, {"source": 53, "prod": 0, "target": 8, "value": 7.0507594423208531e-06, "supply": "[{\"l\":'Energy for power irrigation',\"v\":7.0507594423208531e-06}]"}, {"source": 53, "prod": 0, "target": 54, "value": 3.2048906556003879e-07, "supply": "[{\"l\":'Energy for power irrigation',\"v\":3.2048906556003879e-07}]"}, {"source": 53, "prod": 0, "target": 4, "value": 1.346054075352163e-05, "supply": "[{\"l\":'Energy for power irrigation',\"v\":1.346054075352163e-05}]"}, {"source": 53, "prod": 0, "target": 21, "value": 1.7626898605802135e-05, "supply": "[{\"l\":'Energy for power irrigation',\"v\":1.7626898605802135e-05}]"}, {"source": 53, "prod": 0, "target": 5, "value": 1.1217117294601357e-05, "supply": "[{\"l\":'Energy for power irrigation',\"v\":1.1217117294601357e-05}]"}, {"source": 53, "prod": 0, "target": 37, "value": 2.1472767392522598e-05, "supply": "[{\"l\":'Energy for power irrigation',\"v\":2.1472767392522598e-05}]"}, {"source": 53, "prod": 0, "target": 30, "value": 3.5253797211604265e-06, "supply": "[{\"l\":'Energy for power irrigation',\"v\":3.5253797211604265e-06}]"}, {"source": 53, "prod": 0, "target": 39, "value": 2.8844015900403487e-06, "supply": "[{\"l\":'Energy for power irrigation',\"v\":2.8844015900403487e-06}]"}, {"source": 53, "prod": 0, "target": 14, "value": 8.7814003963450631e-05, "supply": "[{\"l\":'Energy for power irrigation',\"v\":8.7814003963450631e-05}]"}, {"source": 53, "prod": 0, "target": 40, "value": 3.5253797211604265e-06, "supply": "[{\"l\":'Energy for power irrigation',\"v\":3.5253797211604265e-06}]"}, {"source": 53, "prod": 0, "target": 41, "value": 0.01110594682699121, "supply": "[{\"l\":'Electricity',\"v\":0.01110594682699121}]"}, {"source": 55, "prod": 0, "target": 53, "value": 0.03018848644946109, "supply": [{"l": "Coal", "v": 0.0}, {"l": "Natural gas", "v": 0.0}, {"l": "Oil", "v": 0.03018848644946109}]}, {"source": 55, "prod": 0, "target": 6, "value": 0.010524231514245983, "supply": [{"l": "Gas-Diesel oil", "v": 0.0083747200378615234}, {"l": "Liquefied petroleum gas (LPG)", "v": 0.0021495114763844581}]}, {"source": 55, "prod": 0, "target": 16, "value": 0.16786149265222342, "supply": [{"l": "Gas-Diesel oil", "v": 0.13357678460389133}, {"l": "Liquefied petroleum gas (LPG)", "v": 0.034284708048332106}]}, {"source": 55, "prod": 0, "target": 33, "value": 0.0084193852113967852, "supply": [{"l": "Gas-Diesel oil", "v": 0.0066997760302892192}, {"l": "Liquefied petroleum gas (LPG)", "v": 0.0017196091811075666}]}, {"source": 55, "prod": 0, "target": 25, "value": 0.010524231514245983, "supply": [{"l": "Gas-Diesel oil", "v": 0.0083747200378615234}, {"l": "Liquefied petroleum gas (LPG)", "v": 0.0021495114763844581}]}, {"source": 55, "prod": 0, "target": 3, "value": 0.10208504568818604, "supply": [{"l": "Gas-Diesel oil", "v": 0.081234784367256785}, {"l": "Liquefied petroleum gas (LPG)", "v": 0.020850261320929243}]}, {"source": 55, "prod": 0, "target": 8, "value": 0.01157665466567058, "supply": [{"l": "Gas-Diesel oil", "v": 0.0092121920416476759}, {"l": "Liquefied petroleum gas (LPG)", "v": 0.0023644626240229036}]}, {"source": 55, "prod": 0, "target": 54, "value": 0.00052621157571229908, "supply": [{"l": "Gas-Diesel oil", "v": 0.0004187360018930762}, {"l": "Liquefied petroleum gas (LPG)", "v": 0.00010747557381922292}]}, {"source": 55, "prod": 0, "target": 4, "value": 0.022100886179916564, "supply": [{"l": "Gas-Diesel oil", "v": 0.017586912079509201}, {"l": "Liquefied petroleum gas (LPG)", "v": 0.0045139741004073626}]}, {"source": 55, "prod": 0, "target": 21, "value": 0.02894163666417645, "supply": [{"l": "Gas-Diesel oil", "v": 0.023030480104119191}, {"l": "Liquefied petroleum gas (LPG)", "v": 0.00591115656005726}]}, {"source": 55, "prod": 0, "target": 5, "value": 0.018417405149930469, "supply": [{"l": "Gas-Diesel oil", "v": 0.014655760066257666}, {"l": "Liquefied petroleum gas (LPG)", "v": 0.0037616450836728019}]}, {"source": 55, "prod": 0, "target": 37, "value": 0.035256175572724036, "supply": [{"l": "Gas-Diesel oil", "v": 0.028055312126836103}, {"l": "Liquefied petroleum gas (LPG)", "v": 0.0072008634458879343}]}, {"source": 55, "prod": 0, "target": 30, "value": 0.0057883273328352899, "supply": [{"l": "Gas-Diesel oil", "v": 0.0046060960208238379}, {"l": "Liquefied petroleum gas (LPG)", "v": 0.0011822313120114518}]}, {"source": 55, "prod": 0, "target": 39, "value": 0.0047359041814106911, "supply": [{"l": "Gas-Diesel oil", "v": 0.0037686240170376854}, {"l": "Liquefied petroleum gas (LPG)", "v": 0.00096728016437300603}]}, {"source": 55, "prod": 0, "target": 14, "value": 0.14418197174516995, "supply": [{"l": "Gas-Diesel oil", "v": 0.11473366451870287}, {"l": "Liquefied petroleum gas (LPG)", "v": 0.029448307226467074}]}, {"source": 55, "prod": 0, "target": 40, "value": 0.0057883273328352899, "supply": [{"l": "Gas-Diesel oil", "v": 0.0046060960208238379}, {"l": "Liquefied petroleum gas (LPG)", "v": 0.0011822313120114518}]}, {"source": 56, "prod": 0.047800175284837869, "target": 6, "value": 0.00052361549365095004, "supply": [{"l": "Potash", "v": 0.0013204027788340999}, {"l": "Phosphate", "v": 0.0035812916695316995}, {"l": "Nitrogen", "v": 0.024970569464420896}]}, {"source": 56, "prod": 0.76241279579316401, "target": 16, "value": 0.0083516671237326527, "supply": [{"l": "Potash", "v": 0.0013204027788340999}, {"l": "Phosphate", "v": 0.0035812916695316995}, {"l": "Nitrogen", "v": 0.024970569464420896}]}, {"source": 56, "prod": 0.038240140227870298, "target": 33, "value": 0.00041889239492076002, "supply": [{"l": "Potash", "v": 0.0013204027788340999}, {"l": "Phosphate", "v": 0.0035812916695316995}, {"l": "Nitrogen", "v": 0.024970569464420896}]}, {"source": 56, "prod": 0.047800175284837869, "target": 25, "value": 0.00052361549365095004, "supply": [{"l": "Potash", "v": 0.0013204027788340999}, {"l": "Phosphate", "v": 0.0035812916695316995}, {"l": "Nitrogen", "v": 0.024970569464420896}]}, {"source": 56, "prod": 0.4636617002629273, "target": 3, "value": 0.005079070288414215, "supply": [{"l": "Potash", "v": 0.0013204027788340999}, {"l": "Phosphate", "v": 0.0035812916695316995}, {"l": "Nitrogen", "v": 0.024970569464420896}]}, {"source": 56, "prod": 0.052580192813321651, "target": 8, "value": 0.00057597704301604491, "supply": [{"l": "Potash", "v": 0.0013204027788340999}, {"l": "Phosphate", "v": 0.0035812916695316995}, {"l": "Nitrogen", "v": 0.024970569464420896}]}, {"source": 56, "prod": 0.0023900087642418936, "target": 54, "value": 2.6180774682547501e-05, "supply": [{"l": "Potash", "v": 0.0013204027788340999}, {"l": "Phosphate", "v": 0.0035812916695316995}, {"l": "Nitrogen", "v": 0.024970569464420896}]}, {"source": 56, "prod": 0.10038036809815953, "target": 4, "value": 0.0010995925366669951, "supply": [{"l": "Potash", "v": 0.0013204027788340999}, {"l": "Phosphate", "v": 0.0035812916695316995}, {"l": "Nitrogen", "v": 0.024970569464420896}]}, {"source": 56, "prod": 0.13145048203330414, "target": 21, "value": 0.0014399426075401124, "supply": [{"l": "Potash", "v": 0.0013204027788340999}, {"l": "Phosphate", "v": 0.0035812916695316995}, {"l": "Nitrogen", "v": 0.024970569464420896}]}, {"source": 56, "prod": 0.083650306748466269, "target": 5, "value": 0.00091632711388916252, "supply": [{"l": "Potash", "v": 0.0013204027788340999}, {"l": "Phosphate", "v": 0.0035812916695316995}, {"l": "Nitrogen", "v": 0.024970569464420896}]}, {"source": 56, "prod": 0.16013058720420684, "target": 37, "value": 0.0017541119037306823, "supply": [{"l": "Potash", "v": 0.0013204027788340999}, {"l": "Phosphate", "v": 0.0035812916695316995}, {"l": "Nitrogen", "v": 0.024970569464420896}]}, {"source": 56, "prod": 0.026290096406660825, "target": 30, "value": 0.00028798852150802246, "supply": [{"l": "Potash", "v": 0.0013204027788340999}, {"l": "Phosphate", "v": 0.0035812916695316995}, {"l": "Nitrogen", "v": 0.024970569464420896}]}, {"source": 56, "prod": 0.02151007887817704, "target": 39, "value": 0.00023562697214292747, "supply": [{"l": "Potash", "v": 0.0013204027788340999}, {"l": "Phosphate", "v": 0.0035812916695316995}, {"l": "Nitrogen", "v": 0.024970569464420896}]}, {"source": 56, "prod": 0.6548624014022788, "target": 14, "value": 0.0071735322630180143, "supply": [{"l": "Potash", "v": 0.0013204027788340999}, {"l": "Phosphate", "v": 0.0035812916695316995}, {"l": "Nitrogen", "v": 0.024970569464420896}]}, {"source": 56, "prod": 0.026290096406660825, "target": 40, "value": 0.00028798852150802246, "supply": [{"l": "Potash", "v": 0.0013204027788340999}, {"l": "Phosphate", "v": 0.0035812916695316995}, {"l": "Nitrogen", "v": 0.024970569464420896}]}, {"source": 55, "prod": 0, "target": 56, "value": 0.036404803486681778, "supply": [{"l": "Natural gas (including LNG)", "v": 0.024510142826840699}, {"l": "Fuel oil", "v": 0.0074805834695160292}, {"l": "Liquefied petroleum gas (LPG)", "v": 0.0022070385951625236}, {"l": "Coal", "v": 0.0022070385951625236}]}, {"source": 57, "prod": 0, "target": 2, "value": 0.00050728301093348922, "supply": "[{\"l\":'Labor',\"v\":0.00050728301093348922}]"}, {"source": 57, "prod": 0, "target": 6, "value": 0.00056364778992609916, "supply": "[{\"l\":'Labor',\"v\":0.00056364778992609916}]"}, {"source": 57, "prod": 0, "target": 8, "value": 0.00062001256891870899, "supply": "[{\"l\":'Labor',\"v\":0.00062001256891870899}]"}, {"source": 57, "prod": 0, "target": 11, "value": 2.8182389496304959e-05, "supply": "[{\"l\":'Labor',\"v\":2.8182389496304959e-05}]"}, {"source": 57, "prod": 0, "target": 4, "value": 0.0011836603588448083, "supply": "[{\"l\":'Labor',\"v\":0.0011836603588448083}]"}, {"source": 57, "prod": 0, "target": 12, "value": 0.0003945534529482694, "supply": "[{\"l\":'Labor',\"v\":0.0003945534529482694}]"}, {"source": 57, "prod": 0, "target": 14, "value": 0.0077219747219875578, "supply": "[{\"l\":'Labor',\"v\":0.0077219747219875578}]"}, {"source": 57, "prod": 0, "target": 0, "value": 2.8182389496304959e-05, "supply": "[{\"l\":'Labor',\"v\":2.8182389496304959e-05}]"}, {"source": 57, "prod": 0, "target": 15, "value": 8.454716848891488e-05, "supply": "[{\"l\":'Labor',\"v\":8.454716848891488e-05}]"}, {"source": 57, "prod": 0, "target": 16, "value": 0.0089901822493212817, "supply": "[{\"l\":'Labor',\"v\":0.0089901822493212817}]"}, {"source": 57, "prod": 0, "target": 3, "value": 0.005467383562283162, "supply": "[{\"l\":'Labor',\"v\":0.005467383562283162}]"}, {"source": 57, "prod": 0, "target": 19, "value": 8.454716848891488e-05, "supply": "[{\"l\":'Labor',\"v\":8.454716848891488e-05}]"}, {"source": 57, "prod": 0, "target": 21, "value": 0.0015500314222967727, "supply": "[{\"l\":'Labor',\"v\":0.0015500314222967727}]"}, {"source": 57, "prod": 0, "target": 22, "value": 2.8182389496304959e-05, "supply": "[{\"l\":'Labor',\"v\":2.8182389496304959e-05}]"}, {"source": 57, "prod": 0, "target": 24, "value": 5.6364778992609917e-05, "supply": "[{\"l\":'Labor',\"v\":5.6364778992609917e-05}]"}, {"source": 57, "prod": 0, "target": 25, "value": 0.00056364778992609916, "supply": "[{\"l\":'Labor',\"v\":0.00056364778992609916}]"}, {"source": 57, "prod": 0, "target": 5, "value": 0.00098638363237067359, "supply": "[{\"l\":'Labor',\"v\":0.00098638363237067359}]"}, {"source": 57, "prod": 0, "target": 30, "value": 0.00031000628445935449, "supply": "[{\"l\":'Labor',\"v\":0.00031000628445935449}]"}, {"source": 57, "prod": 0, "target": 33, "value": 0.00045091823194087934, "supply": "[{\"l\":'Labor',\"v\":0.00045091823194087934}]"}, {"source": 57, "prod": 0, "target": 54, "value": 2.8182389496304959e-05, "supply": "[{\"l\":'Labor',\"v\":2.8182389496304959e-05}]"}, {"source": 57, "prod": 0, "target": 37, "value": 0.0018882200962524322, "supply": "[{\"l\":'Labor',\"v\":0.0018882200962524322}]"}, {"source": 57, "prod": 0, "target": 38, "value": 5.6364778992609917e-05, "supply": "[{\"l\":'Labor',\"v\":5.6364778992609917e-05}]"}, {"source": 57, "prod": 0, "target": 39, "value": 0.00025364150546674461, "supply": "[{\"l\":'Labor',\"v\":0.00025364150546674461}]"}, {"source": 57, "prod": 0, "target": 40, "value": 0.00031000628445935449, "supply": "[{\"l\":'Labor',\"v\":0.00031000628445935449}]"}, {"source": 55, "prod": 0, "target": 45, "value": 0.48329673383103489, "supply": "[{\"l\":'Fossil Fuels',\"v\":0.48329673383103489}]"}, {"source": 58, "prod": 0, "target": 45, "value": 0.00083357962278249732, "supply": "[{\"l\":'Renewables & Nuclear',\"v\":0.0},{\"l\":'Biomass & Waste',\"v\":0.00083357962278249732}]"}]}