{"nodes": [{"layer": 3, "name": "Cereals", "fill": "#e7ba52"}, {"layer": 5, "name": "Production", "fill": "#b5cf6b"}, {"layer": 3, "name": "Oilcrops", "fill": "#ff9896"}, {"layer": 3, "name": "Starchy Roots"}, {"layer": 3, "name": "Fruits & Vegetables"}, {"layer": 3, "name": "Others"}, {"layer": 1, "name": "Electricity", "fill": "#bcbd22"}, {"layer": 0, "name": "Fossil Fuels", "fill": "#c49c94"}, {"layer": 1, "name": "Fertilizers", "fill": "#c5b0d5"}, {"layer": 0, "name": "Labor", "fill": "#7f7f7f"}], "links": [{"source": 0, "prod": 154.0, "target": 1, "value": 0.52261315578697398, "supply": [{"l": "Maize", "v": 0.0035532641665512025}, {"l": "Sorghum", "v": 0.019600633101262224}, {"l": "Wheat", "v": 0.39493573513410868}, {"l": "Barley", "v": 0.1045235233850519}]}, {"source": 2, "prod": 9.0, "target": 1, "value": 0.024677967656163879, "supply": [{"l": "Olives", "v": 0.011171096469868422}, {"l": "Sesame seed", "v": 0.013506871186295457}]}, {"source": 3, "prod": 11.0, "target": 1, "value": 0.0095068037742377254, "supply": [{"l": "Potatoes", "v": 0.0095068037742377254}]}, {"source": 4, "prod": 679.0, "target": 1, "value": 0.34523972439491607, "supply": [{"l": "Oranges, Mandarines", "v": 0.0054676422077924872}, {"l": "Dates", "v": 0.0017094026812953023}, {"l": "Grapefruit", "v": 0.0023244444400000001}, {"l": "Apples", "v": 0.0023380470408537008}, {"l": "Lemons, Limes", "v": 0.0013693602124354839}, {"l": "Tomatoes", "v": 0.035715623064800035}, {"l": "Bananas", "v": 0.012145629710297335}, {"l": "Treenuts", "v": 0.0082890857829674546}, {"l": "Fruits, Other", "v": 0.024792980729690797}, {"l": "Vegetables, Other", "v": 0.07918538867805601}, {"l": "Grapes", "v": 0.061793743490745283}, {"l": "Pulses, Other", "v": 0.1054867856390124}, {"l": "Onions", "v": 0.0046215907169697588}]}, {"source": 5, "prod": 3.0, "target": 1, "value": 0.0082890857829674546, "supply": [{"l": "Nuts", "v": 0.0082890857829674546}]}, {"source": 6, "prod": 0, "target": 3, "value": 6.5342380079053228e-06, "supply": "[{\"l\":'Energy for power irrigation',\"v\":6.5342380079053228e-06}]"}, {"source": 6, "prod": 0, "target": 4, "value": 0.00027701209009271349, "supply": "[{\"l\":'Energy for power irrigation',\"v\":0.00027701209009271349}]"}, {"source": 6, "prod": 0, "target": 0, "value": 9.9399620605105204e-05, "supply": "[{\"l\":'Energy for power irrigation',\"v\":9.9399620605105204e-05}]"}, {"source": 6, "prod": 0, "target": 2, "value": 4.7521730966584163e-06, "supply": "[{\"l\":'Energy for power irrigation',\"v\":4.7521730966584163e-06}]"}, {"source": 6, "prod": 0, "target": 5, "value": 1.9800721236076734e-06, "supply": "[{\"l\":'Energy for power irrigation',\"v\":1.9800721236076734e-06}]"}, {"source": 7, "prod": 0, "target": 6, "value": 0.0010254689313841847, "supply": [{"l": "Coal", "v": 0.0}, {"l": "Natural gas", "v": 0.0}, {"l": "Oil", "v": 0.0010254689313841847}]}, {"source": 7, "prod": 0, "target": 3, "value": 0.010067807144458943, "supply": [{"l": "Gas-Diesel oil", "v": 0.0080115176215853658}, {"l": "Liquefied petroleum gas (LPG)", "v": 0.0020562895228735775}]}, {"source": 7, "prod": 0, "target": 4, "value": 0.42681400591206242, "supply": [{"l": "Gas-Diesel oil", "v": 0.33963979250296744}, {"l": "Liquefied petroleum gas (LPG)", "v": 0.087174213409094981}]}, {"source": 7, "prod": 0, "target": 0, "value": 0.15315270262176936, "supply": [{"l": "Gas-Diesel oil", "v": 0.12187217715260161}, {"l": "Liquefied petroleum gas (LPG)", "v": 0.03128052546916775}]}, {"source": 7, "prod": 0, "target": 2, "value": 0.007322041559606504, "supply": [{"l": "Gas-Diesel oil", "v": 0.0058265582702439018}, {"l": "Liquefied petroleum gas (LPG)", "v": 0.0014954832893626017}]}, {"source": 7, "prod": 0, "target": 5, "value": 0.003050850649836043, "supply": [{"l": "Gas-Diesel oil", "v": 0.0024277326126016258}, {"l": "Liquefied petroleum gas (LPG)", "v": 0.00062311803723441735}]}, {"source": 8, "prod": 0.035297256097560979, "target": 3, "value": 0.00027079325478980532, "supply": [{"l": "Potash", "v": 0.0009999166674666}, {"l": "Phosphate", "v": 0.0048564166705517995}, {"l": "Nitrogen", "v": 0.0102927916749009}]}, {"source": 8, "prod": 1.4963897357723577, "target": 4, "value": 0.011479992831846593, "supply": [{"l": "Potash", "v": 0.0009999166674666}, {"l": "Phosphate", "v": 0.0048564166705517995}, {"l": "Nitrogen", "v": 0.0102927916749009}]}, {"source": 8, "prod": 0.53694613821138204, "target": 0, "value": 0.0041193398152873408, "supply": [{"l": "Potash", "v": 0.0009999166674666}, {"l": "Phosphate", "v": 0.0048564166705517995}, {"l": "Nitrogen", "v": 0.0102927916749009}]}, {"source": 8, "prod": 0.025670731707317075, "target": 2, "value": 0.00019694054893804023, "supply": [{"l": "Potash", "v": 0.0009999166674666}, {"l": "Phosphate", "v": 0.0048564166705517995}, {"l": "Nitrogen", "v": 0.0102927916749009}]}, {"source": 8, "prod": 0.010696138211382114, "target": 5, "value": 8.2058562057516759e-05, "supply": [{"l": "Potash", "v": 0.0009999166674666}, {"l": "Phosphate", "v": 0.0048564166705517995}, {"l": "Nitrogen", "v": 0.0102927916749009}]}, {"source": 7, "prod": 0, "target": 8, "value": 0.019834881426196362, "supply": [{"l": "Natural gas (including LNG)", "v": 0.013471566278402753}, {"l": "Fuel oil", "v": 0.0045438461516346413}, {"l": "Liquefied petroleum gas (LPG)", "v": 0.00090973449807948254}, {"l": "Coal", "v": 0.00090973449807948254}]}, {"source": 9, "prod": 0, "target": 3, "value": 0.00031099173954123369, "supply": "[{\"l\":'Labor',\"v\":0.00031099173954123369}]"}, {"source": 9, "prod": 0, "target": 4, "value": 0.013184164958126845, "supply": "[{\"l\":'Labor',\"v\":0.013184164958126845}]"}, {"source": 9, "prod": 0, "target": 0, "value": 0.0047308440378696758, "supply": "[{\"l\":'Labor',\"v\":0.0047308440378696758}]"}, {"source": 9, "prod": 0, "target": 2, "value": 0.00022617581057544269, "supply": "[{\"l\":'Labor',\"v\":0.00022617581057544269}]"}, {"source": 9, "prod": 0, "target": 5, "value": 9.4239921073101108e-05, "supply": "[{\"l\":'Labor',\"v\":9.4239921073101108e-05}]"}]}