{"nodes": [{"layer": 5, "name": "Fruits, Roots & Vegetables", "fill": "#98df8a"}, {"layer": 10, "name": "Feed", "fill": "#dbdb8d"}, {"layer": 5, "name": "Cereals", "fill": "#e7ba52"}, {"layer": 13, "name": "Other Processed", "fill": "#9c9ede"}, {"layer": 16, "name": "Food", "fill": "#b5cf6b"}, {"layer": 13, "name": "Animal Products", "fill": "#17becf"}, {"layer": 5, "name": "Oilcrops", "fill": "#ff9896"}, {"layer": 13, "name": "Sugar", "fill": "#d6616b"}, {"layer": 13, "name": "Aquatic Products", "fill": "#1f77b4"}, {"layer": 13, "name": "Vegetable Oils", "fill": "#f7b6d2"}, {"layer": 10, "name": "Processing", "fill": "#9edae5"}, {"layer": 16, "name": "Biofuels & Other", "fill": "#e7ba52"}, {"name": "Seed", "fill": "#dbdb8d"}, {"name": "Waste", "fill": "#c7c7c7"}, {"layer": 0, "name": "Import", "fill": "#aec7e8"}, {"layer": 16, "name": "Export", "fill": "#aec7e8"}, {"layer": 0, "name": "Stock Draw", "fill": "#c7c7c7"}, {"layer": 16, "name": "Stock Deposit", "fill": "#c7c7c7"}, {"layer": 0, "name": "Production", "fill": "#b5cf6b"}], "links": [{"source": 0, "prod": 0.0061632467937278506, "target": 1, "value": 11.0, "supply": [{"l": "Vegetables, Other", "v": 10.0}, {"l": "Pulses, Other", "v": 1.0}]}, {"source": 2, "prod": 0.17279166884691521, "target": 1, "value": 51.0, "supply": [{"l": "Maize", "v": 36.0}, {"l": "Barley", "v": 15.0}]}, {"source": 3, "prod": 0.011350805413079347, "target": 4, "value": 3.0, "supply": [{"l": "Beer", "v": 2.0}, {"l": "Fats, Animals, Raw", "v": 1.0}]}, {"source": 5, "prod": 0.17806024370522811, "target": 4, "value": 169.0, "supply": [{"l": "Bovine Meat", "v": 2.0}, {"l": "Milk - Excluding Butter", "v": 128.0}, {"l": "Meat, Other", "v": 1.0}, {"l": "Mutton & Goat Meat", "v": 12.0}, {"l": "Poultry Meat", "v": 16.0}, {"l": "Offals, Edible", "v": 2.0}, {"l": "Eggs", "v": 8.0}]}, {"source": 2, "prod": 0.99043733059137451, "target": 4, "value": 277.0, "supply": [{"l": "Rice", "v": 17.0}, {"l": "Wheat", "v": 260.0}]}, {"source": 6, "prod": 0.018102277958953212, "target": 4, "value": 5.0, "supply": [{"l": "Olives", "v": 2.0}, {"l": "Coconuts - Incl Copra", "v": 1.0}, {"l": "Sesame seed", "v": 1.0}, {"l": "Groundnuts", "v": 1.0}]}, {"source": 0, "prod": 0.15314011993017274, "target": 4, "value": 224.0, "supply": [{"l": "Grapes", "v": 22.0}, {"l": "Potatoes", "v": 18.0}, {"l": "Nuts", "v": 2.0}, {"l": "Dates", "v": 5.0}, {"l": "Pulses, Other", "v": 12.0}, {"l": "Tomatoes", "v": 33.0}, {"l": "Coffee", "v": 2.0}, {"l": "Bananas", "v": 1.0}, {"l": "Treenuts", "v": 2.0}, {"l": "Tea", "v": 2.0}, {"l": "Fruits, Other", "v": 6.0}, {"l": "Vegetables, Other", "v": 68.0}, {"l": "Oranges, Mandarines", "v": 26.0}, {"l": "Onions", "v": 9.0}, {"l": "Lemons, Limes", "v": 1.0}, {"l": "Apples", "v": 15.0}]}, {"source": 7, "prod": 0.17061738965697529, "target": 4, "value": 41.0, "supply": [{"l": "Sugar", "v": 41.0}]}, {"source": 8, "prod": 0.0077787796646261159, "target": 4, "value": 10.0, "supply": [{"l": "Pelagic Fish", "v": 2.0}, {"l": "Fish, Seafood", "v": 5.0}, {"l": "Marine Fish, Other", "v": 3.0}]}, {"source": 9, "prod": 0.18334691298886574, "target": 4, "value": 18.0, "supply": [{"l": "Olive Oil", "v": 9.0}, {"l": "Oilcrops Oil, Other", "v": 6.0}, {"l": "Sesameseed Oil", "v": 1.0}, {"l": "Soyabean Oil", "v": 2.0}]}, {"source": 6, "prod": 0.032904874890003391, "target": 10, "value": 11.0, "supply": [{"l": "Olives", "v": 8.0}, {"l": "Sesame seed", "v": 3.0}]}, {"source": 0, "prod": 0.0061777789209667353, "target": 11, "value": 7.0, "supply": [{"l": "Potatoes", "v": 7.0}]}, {"source": 9, "prod": 0.02122508329275, "target": 11, "value": 2.0, "supply": [{"l": "Palm Oil", "v": 2.0}]}, {"source": 5, "prod": 0.0032037861573962268, "target": 11, "value": 1.0, "supply": [{"l": "Bovine Meat", "v": 1.0}]}, {"source": 0, "prod": 0.017949205702426658, "target": 12, "value": 6.0, "supply": [{"l": "Potatoes", "v": 2.0}, {"l": "Pulses, Other", "v": 4.0}]}, {"source": 5, "prod": 0.00323611135405157, "target": 5, "value": 2.0, "supply": [{"l": "Eggs", "v": 2.0}]}, {"source": 2, "prod": 0.088905597470814335, "target": 12, "value": 26.0, "supply": [{"l": "Wheat", "v": 20.0}, {"l": "Barley", "v": 6.0}]}, {"source": 0, "prod": 0.018144820764283, "target": 13, "value": 41.0, "supply": [{"l": "Grapes", "v": 3.0}, {"l": "Potatoes", "v": 2.0}, {"l": "Apples", "v": 2.0}, {"l": "Vegetables, Other", "v": 10.0}, {"l": "Fruits, Other", "v": 1.0}, {"l": "Oranges, Mandarines", "v": 9.0}, {"l": "Onions", "v": 1.0}, {"l": "Tomatoes", "v": 12.0}, {"l": "Pulses, Other", "v": 1.0}]}, {"source": 5, "prod": 0.0046262373208591674, "target": 13, "value": 5.0, "supply": [{"l": "Milk - Excluding Butter", "v": 4.0}, {"l": "Eggs", "v": 1.0}]}, {"source": 2, "prod": 0.049705485920628657, "target": 13, "value": 14.0, "supply": [{"l": "Maize", "v": 2.0}, {"l": "Wheat", "v": 10.0}, {"l": "Barley", "v": 1.0}, {"l": "Rice", "v": 1.0}]}, {"source": 14, "prod": 0.23656703156408262, "target": 10, "value": 35.0, "supply": [{"l": "Olive Oil", "v": 4.0}, {"l": "Sugar", "v": 20.0}, {"l": "Oilcrops Oil, Other", "v": 6.0}, {"l": "Soyabean Oil", "v": 2.0}, {"l": "Palm Oil", "v": 3.0}]}, {"source": 14, "prod": 0.78929974316874218, "target": 2, "value": 221.0, "supply": [{"l": "Maize", "v": 38.0}, {"l": "Rice", "v": 16.0}, {"l": "Wheat", "v": 161.0}, {"l": "Barley", "v": 6.0}]}, {"source": 14, "prod": 0.036857097320456604, "target": 6, "value": 6.0, "supply": [{"l": "Coconuts - Incl Copra", "v": 1.0}, {"l": "Sesame seed", "v": 4.0}, {"l": "Groundnuts", "v": 1.0}]}, {"source": 14, "prod": 0.15829846420643412, "target": 0, "value": 183.0, "supply": [{"l": "Dates", "v": 5.0}, {"l": "Grapes", "v": 5.0}, {"l": "Potatoes", "v": 30.0}, {"l": "Nuts", "v": 2.0}, {"l": "Apples", "v": 18.0}, {"l": "Pulses, Other", "v": 14.0}, {"l": "Coffee", "v": 3.0}, {"l": "Bananas", "v": 1.0}, {"l": "Treenuts", "v": 2.0}, {"l": "Tea", "v": 3.0}, {"l": "Fruits, Other", "v": 6.0}, {"l": "Vegetables, Other", "v": 6.0}, {"l": "Oranges, Mandarines", "v": 76.0}, {"l": "Onions", "v": 12.0}]}, {"source": 14, "prod": 0.071218854191816658, "target": 1, "value": 80.0, "supply": [{"l": "Bovine Meat", "v": 1.0}, {"l": "Milk - Excluding Butter", "v": 62.0}, {"l": "Fish, Seafood", "v": 5.0}, {"l": "Mutton & Goat Meat", "v": 2.0}, {"l": "Pelagic Fish", "v": 2.0}, {"l": "Poultry Meat", "v": 1.0}, {"l": "Marine Fish, Other", "v": 3.0}, {"l": "Eggs", "v": 4.0}]}, {"source": 0, "prod": 0.071894286111727795, "target": 15, "value": 155.0, "supply": [{"l": "Bananas", "v": 1.0}, {"l": "Treenuts", "v": 1.0}, {"l": "Potatoes", "v": 1.0}, {"l": "Fruits, Other", "v": 2.0}, {"l": "Vegetables, Other", "v": 44.0}, {"l": "Nuts", "v": 1.0}, {"l": "Grapes", "v": 3.0}, {"l": "Pulses, Other", "v": 5.0}, {"l": "Oranges, Mandarines", "v": 52.0}, {"l": "Lemons, Limes", "v": 3.0}, {"l": "Onions", "v": 3.0}, {"l": "Tomatoes", "v": 38.0}, {"l": "Apples", "v": 1.0}]}, {"source": 5, "prod": 0.0015040908219166912, "target": 15, "value": 2.0, "supply": [{"l": "Milk - Excluding Butter", "v": 2.0}]}, {"source": 2, "prod": 0.010577345041058976, "target": 15, "value": 3.0, "supply": [{"l": "Wheat", "v": 3.0}]}, {"source": 16, "prod": 0.11812917050564631, "target": 10, "value": 24.0, "supply": [{"l": "Olive Oil", "v": 3.0}, {"l": "Sugar", "v": 21.0}]}, {"source": 9, "prod": 0.010612541646375, "target": 17, "value": 1.0, "supply": [{"l": "Palm Oil", "v": 1.0}]}, {"source": 16, "prod": 0.32491285514029261, "target": 2, "value": 93.0, "supply": [{"l": "Wheat", "v": 81.0}, {"l": "Barley", "v": 10.0}, {"l": "Rice", "v": 2.0}]}, {"source": 18, "prod": 0.19467904788140411, "target": 2, "value": 56.0, "supply": [{"l": "Barley", "v": 6.0}, {"l": "Wheat", "v": 50.0}]}, {"source": 18, "prod": 0.012735049975650002, "target": 6, "value": 9.0, "supply": [{"l": "Olives", "v": 9.0}]}, {"source": 18, "prod": 0.10922900604621529, "target": 0, "value": 256.0, "supply": [{"l": "Oranges, Mandarines", "v": 11.0}, {"l": "Fruits, Other", "v": 3.0}, {"l": "Lemons, Limes", "v": 4.0}, {"l": "Tomatoes", "v": 83.0}, {"l": "Bananas", "v": 2.0}, {"l": "Vegetables, Other", "v": 120.0}, {"l": "Grapes", "v": 22.0}, {"l": "Onions", "v": 2.0}, {"l": "Pulses, Other", "v": 9.0}]}, {"source": 1, "prod": 0.0077787796646261159, "target": 8, "value": 10.0, "supply": [{"l": "Pelagic Fish", "v": 2.0}, {"l": "Marine Fish, Other", "v": 3.0}, {"l": "Fish, Seafood", "v": 5.0}]}, {"source": 1, "prod": 0.18739435800540019, "target": 5, "value": 177.0, "supply": [{"l": "Poultry Meat", "v": 16.0}, {"l": "Bovine Meat", "v": 3.0}, {"l": "Eggs", "v": 11.0}, {"l": "Milk - Excluding Butter", "v": 134.0}, {"l": "Offals, Edible", "v": 2.0}, {"l": "Meat, Other", "v": 1.0}, {"l": "Mutton & Goat Meat", "v": 12.0}]}, {"source": 10, "prod": 0.011350805413079347, "target": 3, "value": 3.0, "supply": [{"l": "Fats, Animals, Raw", "v": 1.0}, {"l": "Beer", "v": 2.0}]}, {"source": 10, "prod": 0.21518453792799075, "target": 9, "value": 21.0, "supply": [{"l": "Olive Oil", "v": 9.0}, {"l": "Palm Oil", "v": 3.0}, {"l": "Oilcrops Oil, Other", "v": 6.0}, {"l": "Sesameseed Oil", "v": 1.0}, {"l": "Soyabean Oil", "v": 2.0}]}, {"source": 10, "prod": 0.17061738965697529, "target": 7, "value": 41.0, "supply": [{"l": "Sugar", "v": 41.0}]}]}