{"nodes": [{"layer": 5, "name": "Maize"}, {"layer": 10, "name": "Feed", "fill": "#dbdb8d"}, {"layer": 5, "name": "Vegetables, Other"}, {"layer": 5, "name": "Sorghum"}, {"layer": 5, "name": "Barley"}, {"layer": 5, "name": "Pulses, Other"}, {"layer": 5, "name": "Olives"}, {"layer": 16, "name": "Food", "fill": "#b5cf6b"}, {"layer": 5, "name": "Nuts"}, {"layer": 13, "name": "Sugar", "fill": "#d6616b"}, {"layer": 13, "name": "Beer"}, {"layer": 5, "name": "Rice"}, {"layer": 13, "name": "Meat, Other"}, {"layer": 5, "name": "Tomatoes"}, {"layer": 5, "name": "Coffee"}, {"layer": 5, "name": "Wheat"}, {"layer": 13, "name": "Soyabean Oil"}, {"layer": 5, "name": "Coconuts - Incl Copra"}, {"layer": 5, "name": "Treenuts"}, {"layer": 13, "name": "Eggs"}, {"layer": 5, "name": "Sesame seed"}, {"layer": 13, "name": "Marine Fish, Other"}, {"layer": 5, "name": "Grapes"}, {"layer": 5, "name": "Groundnuts"}, {"layer": 13, "name": "Olive Oil"}, {"layer": 5, "name": "Dates"}, {"layer": 5, "name": "Potatoes"}, {"layer": 13, "name": "Milk - Excluding Butter"}, {"layer": 13, "name": "Sesameseed Oil"}, {"layer": 13, "name": "Fish, Seafood"}, {"layer": 13, "name": "Oilcrops Oil, Other"}, {"layer": 13, "name": "Mutton & Goat Meat"}, {"layer": 13, "name": "Pelagic Fish"}, {"layer": 5, "name": "Bananas"}, {"layer": 13, "name": "Bovine Meat"}, {"layer": 5, "name": "Fruits, Other"}, {"layer": 13, "name": "Poultry Meat"}, {"layer": 13, "name": "Offals, Edible"}, {"layer": 5, "name": "Oranges, Mandarines"}, {"layer": 5, "name": "Tea"}, {"layer": 5, "name": "Onions"}, {"layer": 5, "name": "Apples"}, {"layer": 10, "name": "Processing", "fill": "#9edae5"}, {"layer": 13, "name": "Palm Oil"}, {"layer": 16, "name": "Biofuels & Other", "fill": "#e7ba52"}, {"name": "Waste", "fill": "#c7c7c7"}, {"layer": 5, "name": "Lemons, Limes"}, {"layer": 2, "name": "Import", "fill": "#aec7e8"}, {"layer": 16, "name": "Export", "fill": "#aec7e8"}, {"layer": 16, "name": "Stock Deposit", "fill": "#c7c7c7"}, {"layer": 0, "name": "Stock Draw", "fill": "#c7c7c7"}, {"name": "Crop Residue", "fill": "#bd9e39"}, {"layer": 2, "name": "Electricity", "fill": "#bcbd22"}, {"layer": 0, "name": "Fossil Fuels", "fill": "#c49c94"}, {"layer": 2, "name": "Fertilizers", "fill": "#c5b0d5"}, {"layer": 0, "name": "Labor", "fill": "#7f7f7f"}, {"layer": 0, "name": "Renewables & Nuclear", "fill": "#2ca02c"}], "links": [{"source": 0, "prod": 37.0, "target": 1, "value": 0.13054804477203116, "supply": [{"l": "Maize", "v": 0.13054804477203116}]}, {"source": 2, "prod": 20.0, "target": 1, "value": 0.0048302863552626592, "supply": [{"l": "Vegetables, Other", "v": 0.0048302863552626592}]}, {"source": 3, "prod": 1.0, "target": 1, "value": 0.0039250141343388101, "supply": [{"l": "Sorghum", "v": 0.0039250141343388101}]}, {"source": 4, "prod": 26.0, "target": 1, "value": 0.077381484476889306, "supply": [{"l": "Barley", "v": 0.077381484476889306}]}, {"source": 5, "prod": 6.0, "target": 1, "value": 0.024467340110697639, "supply": [{"l": "Pulses, Other", "v": 0.024467340110697639}]}, {"source": 6, "prod": 5.0, "target": 7, "value": 0.0076902475698369561, "supply": [{"l": "Olives", "v": 0.0076902475698369561}]}, {"source": 8, "prod": 1.0, "target": 7, "value": 0.002572737368818182, "supply": [{"l": "Nuts", "v": 0.002572737368818182}]}, {"source": 9, "prod": 49.0, "target": 7, "value": 0.20385185396180383, "supply": [{"l": "Sugar", "v": 0.20385185396180383}]}, {"source": 10, "prod": 2.0, "target": 7, "value": 0.00087526116671134038, "supply": [{"l": "Beer", "v": 0.00087526116671134038}]}, {"source": 11, "prod": 18.0, "target": 7, "value": 0.077825305406750006, "supply": [{"l": "Rice", "v": 0.077825305406750006}]}, {"source": 12, "prod": 1.0, "target": 7, "value": 0.0022052034589870131, "supply": [{"l": "Meat, Other", "v": 0.0022052034589870131}]}, {"source": 13, "prod": 104.0, "target": 7, "value": 0.021603440247636493, "supply": [{"l": "Tomatoes", "v": 0.021603440247636493}]}, {"source": 14, "prod": 2.0, "target": 7, "value": 0.00073826376670434787, "supply": [{"l": "Coffee", "v": 0.00073826376670434787}]}, {"source": 15, "prod": 248.0, "target": 7, "value": 0.87454724725016075, "supply": [{"l": "Wheat", "v": 0.87454724725016075}]}, {"source": 16, "prod": 4.0, "target": 7, "value": 0.041227322280567906, "supply": [{"l": "Soyabean Oil", "v": 0.041227322280567906}]}, {"source": 17, "prod": 1.0, "target": 7, "value": 0.0017445273939246577, "supply": [{"l": "Coconuts - Incl Copra", "v": 0.0017445273939246577}]}, {"source": 18, "prod": 1.0, "target": 7, "value": 0.0030872848425818182, "supply": [{"l": "Treenuts", "v": 0.0030872848425818182}]}, {"source": 19, "prod": 9.0, "target": 7, "value": 0.014666084424932821, "supply": [{"l": "Eggs", "v": 0.014666084424932821}]}, {"source": 2, "prod": 96.0, "target": 7, "value": 0.023185374505260765, "supply": [{"l": "Vegetables, Other", "v": 0.023185374505260765}]}, {"source": 20, "prod": 1.0, "target": 7, "value": 0.0065307948593076922, "supply": [{"l": "Sesame seed", "v": 0.0065307948593076922}]}, {"source": 21, "prod": 1.0, "target": 7, "value": 0.00067381216802380958, "supply": [{"l": "Marine Fish, Other", "v": 0.00067381216802380958}]}, {"source": 22, "prod": 16.0, "target": 7, "value": 0.012702360078389438, "supply": [{"l": "Grapes", "v": 0.012702360078389438}]}, {"source": 23, "prod": 1.0, "target": 7, "value": 0.006288913568222222, "supply": [{"l": "Groundnuts", "v": 0.006288913568222222}]}, {"source": 24, "prod": 8.0, "target": 7, "value": 0.081972735475448283, "supply": [{"l": "Olive Oil", "v": 0.081972735475448283}]}, {"source": 25, "prod": 6.0, "target": 7, "value": 0.011106148234578488, "supply": [{"l": "Dates", "v": 0.011106148234578488}]}, {"source": 26, "prod": 8.0, "target": 7, "value": 0.0066733886335283857, "supply": [{"l": "Potatoes", "v": 0.0066733886335283857}]}, {"source": 27, "prod": 88.0, "target": 7, "value": 0.063067820070201369, "supply": [{"l": "Milk - Excluding Butter", "v": 0.063067820070201369}]}, {"source": 28, "prod": 1.0, "target": 7, "value": 0.010290949475272728, "supply": [{"l": "Sesameseed Oil", "v": 0.010290949475272728}]}, {"source": 5, "prod": 12.0, "target": 7, "value": 0.048934680221395278, "supply": [{"l": "Pulses, Other", "v": 0.048934680221395278}]}, {"source": 29, "prod": 2.0, "target": 7, "value": 0.0023154636319363637, "supply": [{"l": "Fish, Seafood", "v": 0.0023154636319363637}]}, {"source": 30, "prod": 6.0, "target": 7, "value": 0.060530793094138897, "supply": [{"l": "Oilcrops Oil, Other", "v": 0.060530793094138897}]}, {"source": 31, "prod": 11.0, "target": 7, "value": 0.032203574651068968, "supply": [{"l": "Mutton & Goat Meat", "v": 0.032203574651068968}]}, {"source": 32, "prod": 1.0, "target": 7, "value": 0.0011026017294935065, "supply": [{"l": "Pelagic Fish", "v": 0.0011026017294935065}]}, {"source": 33, "prod": 4.0, "target": 7, "value": 0.0030186785127466671, "supply": [{"l": "Bananas", "v": 0.0030186785127466671}]}, {"source": 34, "prod": 2.0, "target": 7, "value": 0.0060643095122142861, "supply": [{"l": "Bovine Meat", "v": 0.0060643095122142861}]}, {"source": 35, "prod": 6.0, "target": 7, "value": 0.0037456029340147056, "supply": [{"l": "Fruits, Other", "v": 0.0037456029340147056}]}, {"source": 36, "prod": 13.0, "target": 7, "value": 0.019513867242273691, "supply": [{"l": "Poultry Meat", "v": 0.019513867242273691}]}, {"source": 37, "prod": 2.0, "target": 7, "value": 0.0027609864445853659, "supply": [{"l": "Offals, Edible", "v": 0.0027609864445853659}]}, {"source": 38, "prod": 23.0, "target": 7, "value": 0.0076757376687617918, "supply": [{"l": "Oranges, Mandarines", "v": 0.0076757376687617918}]}, {"source": 39, "prod": 2.0, "target": 7, "value": 0.000638348369706767, "supply": [{"l": "Tea", "v": 0.000638348369706767}]}, {"source": 40, "prod": 7.0, "target": 7, "value": 0.0030634140834896913, "supply": [{"l": "Onions", "v": 0.0030634140834896913}]}, {"source": 41, "prod": 10.0, "target": 7, "value": 0.0058754555827681661, "supply": [{"l": "Apples", "v": 0.0058754555827681661}]}, {"source": 6, "prod": 30.0, "target": 42, "value": 0.046141485419021737, "supply": [{"l": "Olives", "v": 0.046141485419021737}]}, {"source": 20, "prod": 2.0, "target": 42, "value": 0.013061589718615384, "supply": [{"l": "Sesame seed", "v": 0.013061589718615384}]}, {"source": 43, "prod": 2.0, "target": 44, "value": 0.020214365040714291, "supply": [{"l": "Palm Oil", "v": 0.020214365040714291}]}, {"source": 26, "prod": 4.0, "target": 44, "value": 0.0033366943167641929, "supply": [{"l": "Potatoes", "v": 0.0033366943167641929}]}, {"source": 34, "prod": 3.0, "target": 44, "value": 0.0090964642683214296, "supply": [{"l": "Bovine Meat", "v": 0.0090964642683214296}]}, {"source": 19, "prod": 2.0, "target": 19, "value": 0.0032591298722072942, "supply": [{"l": "Eggs", "v": 0.0032591298722072942}]}, {"source": 15, "prod": 18.0, "target": 15, "value": 0.063475203429447152, "supply": [{"l": "Wheat", "v": 0.063475203429447152}]}, {"source": 4, "prod": 5.0, "target": 4, "value": 0.014881054707094096, "supply": [{"l": "Barley", "v": 0.014881054707094096}]}, {"source": 5, "prod": 4.0, "target": 5, "value": 0.016311560073798428, "supply": [{"l": "Pulses, Other", "v": 0.016311560073798428}]}, {"source": 0, "prod": 2.0, "target": 45, "value": 0.0070566510687584414, "supply": [{"l": "Maize", "v": 0.0070566510687584414}]}, {"source": 11, "prod": 1.0, "target": 45, "value": 0.004323628078152778, "supply": [{"l": "Rice", "v": 0.004323628078152778}]}, {"source": 15, "prod": 13.0, "target": 45, "value": 0.045843202476822942, "supply": [{"l": "Wheat", "v": 0.045843202476822942}]}, {"source": 33, "prod": 1.0, "target": 45, "value": 0.00075466962818666677, "supply": [{"l": "Bananas", "v": 0.00075466962818666677}]}, {"source": 26, "prod": 1.0, "target": 45, "value": 0.00083417357919104821, "supply": [{"l": "Potatoes", "v": 0.00083417357919104821}]}, {"source": 19, "prod": 1.0, "target": 45, "value": 0.0016295649361036471, "supply": [{"l": "Eggs", "v": 0.0016295649361036471}]}, {"source": 2, "prod": 13.0, "target": 45, "value": 0.0031396861309207279, "supply": [{"l": "Vegetables, Other", "v": 0.0031396861309207279}]}, {"source": 35, "prod": 1.0, "target": 45, "value": 0.00062426715566911764, "supply": [{"l": "Fruits, Other", "v": 0.00062426715566911764}]}, {"source": 27, "prod": 2.0, "target": 45, "value": 0.0014333595470500311, "supply": [{"l": "Milk - Excluding Butter", "v": 0.0014333595470500311}]}, {"source": 41, "prod": 1.0, "target": 45, "value": 0.00058754555827681668, "supply": [{"l": "Apples", "v": 0.00058754555827681668}]}, {"source": 22, "prod": 2.0, "target": 45, "value": 0.0015877950097986798, "supply": [{"l": "Grapes", "v": 0.0015877950097986798}]}, {"source": 5, "prod": 2.0, "target": 45, "value": 0.0081557800368992142, "supply": [{"l": "Pulses, Other", "v": 0.0081557800368992142}]}, {"source": 38, "prod": 7.0, "target": 45, "value": 0.002336094073101415, "supply": [{"l": "Oranges, Mandarines", "v": 0.002336094073101415}]}, {"source": 46, "prod": 1.0, "target": 45, "value": 0.0011622222200000001, "supply": [{"l": "Lemons, Limes", "v": 0.0011622222200000001}]}, {"source": 40, "prod": 1.0, "target": 45, "value": 0.00043763058335567019, "supply": [{"l": "Onions", "v": 0.00043763058335567019}]}, {"source": 13, "prod": 21.0, "target": 45, "value": 0.0043622331269265987, "supply": [{"l": "Tomatoes", "v": 0.0043622331269265987}]}, {"source": 4, "prod": 2.0, "target": 45, "value": 0.0059524218828376383, "supply": [{"l": "Barley", "v": 0.0059524218828376383}]}, {"source": 47, "prod": 1.0, "target": 18, "value": 0.0030872848425818182, "supply": [{"l": "Treenuts", "v": 0.0030872848425818182}]}, {"source": 47, "prod": 4.0, "target": 2, "value": 0.00096605727105253186, "supply": [{"l": "Vegetables, Other", "v": 0.00096605727105253186}]}, {"source": 47, "prod": 3.0, "target": 39, "value": 0.00095752255456015044, "supply": [{"l": "Tea", "v": 0.00095752255456015044}]}, {"source": 47, "prod": 9.0, "target": 41, "value": 0.0052879100244913498, "supply": [{"l": "Apples", "v": 0.0052879100244913498}]}, {"source": 47, "prod": 25.0, "target": 11, "value": 0.10809070195381945, "supply": [{"l": "Rice", "v": 0.10809070195381945}]}, {"source": 47, "prod": 187.0, "target": 15, "value": 0.65943683562814537, "supply": [{"l": "Wheat", "v": 0.65943683562814537}]}, {"source": 47, "prod": 4.0, "target": 4, "value": 0.011904843765675277, "supply": [{"l": "Barley", "v": 0.011904843765675277}]}, {"source": 47, "prod": 3.0, "target": 14, "value": 0.0011073956500565218, "supply": [{"l": "Coffee", "v": 0.0011073956500565218}]}, {"source": 47, "prod": 1.0, "target": 8, "value": 0.002572737368818182, "supply": [{"l": "Nuts", "v": 0.002572737368818182}]}, {"source": 47, "prod": 64.0, "target": 1, "value": 0.063809737483066689, "supply": [{"l": "Bovine Meat", "v": 0.0090964642683214296}, {"l": "Milk - Excluding Butter", "v": 0.035117308902725762}, {"l": "Fish, Seafood", "v": 0.0023154636319363637}, {"l": "Mutton & Goat Meat", "v": 0.0058551953911034479}, {"l": "Pelagic Fish", "v": 0.0011026017294935065}, {"l": "Poultry Meat", "v": 0.0015010667109441301}, {"l": "Marine Fish, Other", "v": 0.00067381216802380958}, {"l": "Eggs", "v": 0.0081478246805182352}]}, {"source": 47, "prod": 7.0, "target": 25, "value": 0.012957172940341568, "supply": [{"l": "Dates", "v": 0.012957172940341568}]}, {"source": 47, "prod": 60.0, "target": 38, "value": 0.020023663483726417, "supply": [{"l": "Oranges, Mandarines", "v": 0.020023663483726417}]}, {"source": 47, "prod": 14.0, "target": 26, "value": 0.011678430108674673, "supply": [{"l": "Potatoes", "v": 0.011678430108674673}]}, {"source": 47, "prod": 10.0, "target": 40, "value": 0.0043763058335567016, "supply": [{"l": "Onions", "v": 0.0043763058335567016}]}, {"source": 47, "prod": 3.0, "target": 22, "value": 0.0023816925146980198, "supply": [{"l": "Grapes", "v": 0.0023816925146980198}]}, {"source": 47, "prod": 3.0, "target": 20, "value": 0.019592384577923075, "supply": [{"l": "Sesame seed", "v": 0.019592384577923075}]}, {"source": 47, "prod": 89.0, "target": 42, "value": 0.47841097992852177, "supply": [{"l": "Olive Oil", "v": 0.030739775803293106}, {"l": "Sugar", "v": 0.29537717614873615}, {"l": "Oilcrops Oil, Other", "v": 0.060530793094138897}, {"l": "Soyabean Oil", "v": 0.041227322280567906}, {"l": "Palm Oil", "v": 0.050535912601785721}]}, {"source": 47, "prod": 39.0, "target": 0, "value": 0.13760469584078963, "supply": [{"l": "Maize", "v": 0.13760469584078963}]}, {"source": 47, "prod": 2.0, "target": 35, "value": 0.0012485343113382353, "supply": [{"l": "Fruits, Other", "v": 0.0012485343113382353}]}, {"source": 47, "prod": 1.0, "target": 23, "value": 0.006288913568222222, "supply": [{"l": "Groundnuts", "v": 0.006288913568222222}]}, {"source": 47, "prod": 1.0, "target": 17, "value": 0.0017445273939246577, "supply": [{"l": "Coconuts - Incl Copra", "v": 0.0017445273939246577}]}, {"source": 47, "prod": 7.0, "target": 5, "value": 0.028545230129147246, "supply": [{"l": "Pulses, Other", "v": 0.028545230129147246}]}, {"source": 24, "prod": 1.0, "target": 48, "value": 0.010246591934431035, "supply": [{"l": "Olive Oil", "v": 0.010246591934431035}]}, {"source": 13, "prod": 28.0, "target": 48, "value": 0.0058163108359021321, "supply": [{"l": "Tomatoes", "v": 0.0058163108359021321}]}, {"source": 15, "prod": 9.0, "target": 48, "value": 0.031737601714723576, "supply": [{"l": "Wheat", "v": 0.031737601714723576}]}, {"source": 33, "prod": 2.0, "target": 48, "value": 0.0015093392563733335, "supply": [{"l": "Bananas", "v": 0.0015093392563733335}]}, {"source": 18, "prod": 1.0, "target": 48, "value": 0.0030872848425818182, "supply": [{"l": "Treenuts", "v": 0.0030872848425818182}]}, {"source": 26, "prod": 2.0, "target": 48, "value": 0.0016683471583820964, "supply": [{"l": "Potatoes", "v": 0.0016683471583820964}]}, {"source": 2, "prod": 30.0, "target": 48, "value": 0.0072454295328939879, "supply": [{"l": "Vegetables, Other", "v": 0.0072454295328939879}]}, {"source": 35, "prod": 3.0, "target": 48, "value": 0.0018728014670073528, "supply": [{"l": "Fruits, Other", "v": 0.0018728014670073528}]}, {"source": 27, "prod": 3.0, "target": 48, "value": 0.0021500393205750468, "supply": [{"l": "Milk - Excluding Butter", "v": 0.0021500393205750468}]}, {"source": 4, "prod": 2.0, "target": 48, "value": 0.0059524218828376383, "supply": [{"l": "Barley", "v": 0.0059524218828376383}]}, {"source": 22, "prod": 3.0, "target": 48, "value": 0.0023816925146980198, "supply": [{"l": "Grapes", "v": 0.0023816925146980198}]}, {"source": 38, "prod": 40.0, "target": 48, "value": 0.013349108989150942, "supply": [{"l": "Oranges, Mandarines", "v": 0.013349108989150942}]}, {"source": 46, "prod": 5.0, "target": 48, "value": 0.0058111111000000003, "supply": [{"l": "Lemons, Limes", "v": 0.0058111111000000003}]}, {"source": 40, "prod": 3.0, "target": 48, "value": 0.0013128917500670107, "supply": [{"l": "Onions", "v": 0.0013128917500670107}]}, {"source": 8, "prod": 1.0, "target": 48, "value": 0.002572737368818182, "supply": [{"l": "Nuts", "v": 0.002572737368818182}]}, {"source": 5, "prod": 19.0, "target": 48, "value": 0.077479910350542538, "supply": [{"l": "Pulses, Other", "v": 0.077479910350542538}]}, {"source": 11, "prod": 7.0, "target": 49, "value": 0.030265396547069452, "supply": [{"l": "Rice", "v": 0.030265396547069452}]}, {"source": 50, "prod": 3.0, "target": 5, "value": 0.01223367005534882, "supply": [{"l": "Pulses, Other", "v": 0.01223367005534882}]}, {"source": 4, "prod": 3.0, "target": 49, "value": 0.0089286328242564588, "supply": [{"l": "Barley", "v": 0.0089286328242564588}]}, {"source": 24, "prod": 2.0, "target": 49, "value": 0.020493183868862071, "supply": [{"l": "Olive Oil", "v": 0.020493183868862071}]}, {"source": 43, "prod": 2.0, "target": 49, "value": 0.020214365040714291, "supply": [{"l": "Palm Oil", "v": 0.020214365040714291}]}, {"source": 9, "prod": 22.0, "target": 49, "value": 0.091525322186932337, "supply": [{"l": "Sugar", "v": 0.091525322186932337}]}, {"source": 15, "prod": 111.0, "target": 49, "value": 0.39143042114825738, "supply": [{"l": "Wheat", "v": 0.39143042114825738}]}, {"source": 1, "prod": 13.0, "target": 36, "value": 0.019513867242273691, "supply": [{"l": "Poultry Meat", "v": 0.019513867242273691}]}, {"source": 1, "prod": 1.0, "target": 32, "value": 0.0011026017294935065, "supply": [{"l": "Pelagic Fish", "v": 0.0011026017294935065}]}, {"source": 1, "prod": 5.0, "target": 34, "value": 0.015160773780535715, "supply": [{"l": "Bovine Meat", "v": 0.015160773780535715}]}, {"source": 1, "prod": 10.0, "target": 19, "value": 0.016295649361036467, "supply": [{"l": "Eggs", "v": 0.019554779233243762}]}, {"source": 1, "prod": 93.0, "target": 27, "value": 0.06665121893782644, "supply": [{"l": "Milk - Excluding Butter", "v": 0.06665121893782644}]}, {"source": 1, "prod": 2.0, "target": 37, "value": 0.0027609864445853659, "supply": [{"l": "Offals, Edible", "v": 0.0027609864445853659}]}, {"source": 1, "prod": 1.0, "target": 21, "value": 0.00067381216802380958, "supply": [{"l": "Marine Fish, Other", "v": 0.00067381216802380958}]}, {"source": 1, "prod": 2.0, "target": 29, "value": 0.0023154636319363637, "supply": [{"l": "Fish, Seafood", "v": 0.0023154636319363637}]}, {"source": 1, "prod": 1.0, "target": 12, "value": 0.0022052034589870131, "supply": [{"l": "Meat, Other", "v": 0.0022052034589870131}]}, {"source": 1, "prod": 11.0, "target": 31, "value": 0.032203574651068968, "supply": [{"l": "Mutton & Goat Meat", "v": 0.032203574651068968}]}, {"source": 42, "prod": 11.0, "target": 24, "value": 0.11271251127874138, "supply": [{"l": "Olive Oil", "v": 0.11271251127874138}]}, {"source": 42, "prod": 1.0, "target": 28, "value": 0.010290949475272728, "supply": [{"l": "Sesameseed Oil", "v": 0.010290949475272728}]}, {"source": 42, "prod": 4.0, "target": 16, "value": 0.041227322280567906, "supply": [{"l": "Soyabean Oil", "v": 0.041227322280567906}]}, {"source": 42, "prod": 71.0, "target": 9, "value": 0.29537717614873615, "supply": [{"l": "Sugar", "v": 0.29537717614873615}]}, {"source": 42, "prod": 2.0, "target": 10, "value": 0.00087526116671134038, "supply": [{"l": "Beer", "v": 0.00087526116671134038}]}, {"source": 42, "prod": 4.0, "target": 43, "value": 0.040428730081428582, "supply": [{"l": "Palm Oil", "v": 0.040428730081428582}]}, {"source": 42, "prod": 6.0, "target": 30, "value": 0.060530793094138897, "supply": [{"l": "Oilcrops Oil, Other", "v": 0.060530793094138897}]}, {"source": 0, "prod": 39.0, "target": 51, "value": 0.12223693694502928, "supply": [{"l": "Maize", "v": 0.12223693694502928}]}, {"source": 6, "prod": 35.0, "target": 51, "value": 0.12203333310000002, "supply": [{"l": "Olives", "v": 0.12203333310000002}]}, {"source": 15, "prod": 610.0, "target": 51, "value": 2.1268666625999999, "supply": [{"l": "Wheat", "v": 2.1268666625999999}]}, {"source": 17, "prod": 0.5, "target": 51, "value": 0.0017433333299999999, "supply": [{"l": "Coconuts - Incl Copra", "v": 0.0017433333299999999}]}, {"source": 26, "prod": 4.0, "target": 51, "value": 0.013946666640000004, "supply": [{"l": "Potatoes", "v": 0.013946666640000004}]}, {"source": 2, "prod": 157.0, "target": 51, "value": 0.54740666562000007, "supply": [{"l": "Vegetables, Other", "v": 0.54740666562000007}]}, {"source": 20, "prod": 1.5, "target": 51, "value": 0.0052299999899999994, "supply": [{"l": "Sesame seed", "v": 0.0052299999899999994}]}, {"source": 4, "prod": 72.0, "target": 51, "value": 0.19035549114807465, "supply": [{"l": "Barley", "v": 0.19035549114807465}]}, {"source": 23, "prod": 0.5, "target": 51, "value": 0.0017433333299999999, "supply": [{"l": "Groundnuts", "v": 0.0017433333299999999}]}, {"source": 40, "prod": 5.5, "target": 51, "value": 0.019176666630000002, "supply": [{"l": "Onions", "v": 0.019176666630000002}]}, {"source": 11, "prod": 26.0, "target": 51, "value": 0.090653333160000002, "supply": [{"l": "Rice", "v": 0.090653333160000002}]}, {"source": 3, "prod": 2.0, "target": 51, "value": 0.0069733333200000013, "supply": [{"l": "Sorghum", "v": 0.0069733333200000013}]}, {"source": 13, "prod": 153.0, "target": 51, "value": 0.53345999897999996, "supply": [{"l": "Tomatoes", "v": 0.53345999897999996}]}, {"source": 5, "prod": 37.0, "target": 51, "value": 0.12900666642000003, "supply": [{"l": "Pulses, Other", "v": 0.12900666642000003}]}, {"source": 52, "prod": 0, "target": 6, "value": 1.8169109142079551e-05, "supply": "[{\"l\":'Energy for power irrigation',\"v\":1.8169109142079551e-05}]"}, {"source": 52, "prod": 0, "target": 15, "value": 0.00015833080823812181, "supply": "[{\"l\":'Energy for power irrigation',\"v\":0.00015833080823812181}]"}, {"source": 52, "prod": 0, "target": 33, "value": 3.6338218284159099e-06, "supply": "[{\"l\":'Energy for power irrigation',\"v\":3.6338218284159099e-06}]"}, {"source": 52, "prod": 0, "target": 18, "value": 7.7867610608912363e-07, "supply": "[{\"l\":'Energy for power irrigation',\"v\":7.7867610608912363e-07}]"}, {"source": 52, "prod": 0, "target": 35, "value": 4.6720566365347424e-06, "supply": "[{\"l\":'Energy for power irrigation',\"v\":4.6720566365347424e-06}]"}, {"source": 52, "prod": 0, "target": 2, "value": 8.1501432437328274e-05, "supply": "[{\"l\":'Energy for power irrigation',\"v\":8.1501432437328274e-05}]"}, {"source": 52, "prod": 0, "target": 8, "value": 7.7867610608912363e-07, "supply": "[{\"l\":'Energy for power irrigation',\"v\":7.7867610608912363e-07}]"}, {"source": 52, "prod": 0, "target": 4, "value": 1.868822654613897e-05, "supply": "[{\"l\":'Energy for power irrigation',\"v\":1.868822654613897e-05}]"}, {"source": 52, "prod": 0, "target": 22, "value": 1.0122789379158607e-05, "supply": "[{\"l\":'Energy for power irrigation',\"v\":1.0122789379158607e-05}]"}, {"source": 52, "prod": 0, "target": 26, "value": 4.1529392324753266e-06, "supply": "[{\"l\":'Energy for power irrigation',\"v\":4.1529392324753266e-06}]"}, {"source": 52, "prod": 0, "target": 5, "value": 1.9207343950198385e-05, "supply": "[{\"l\":'Energy for power irrigation',\"v\":1.9207343950198385e-05}]"}, {"source": 52, "prod": 0, "target": 38, "value": 2.076469616237663e-05, "supply": "[{\"l\":'Energy for power irrigation',\"v\":2.076469616237663e-05}]"}, {"source": 52, "prod": 0, "target": 46, "value": 2.8551457223267866e-06, "supply": "[{\"l\":'Energy for power irrigation',\"v\":2.8551457223267866e-06}]"}, {"source": 52, "prod": 0, "target": 3, "value": 5.1911740405941583e-07, "supply": "[{\"l\":'Energy for power irrigation',\"v\":5.1911740405941583e-07}]"}, {"source": 52, "prod": 0, "target": 13, "value": 7.9424962821090614e-05, "supply": "[{\"l\":'Energy for power irrigation',\"v\":7.9424962821090614e-05}]"}, {"source": 52, "prod": 0, "target": 41, "value": 3.6338218284159099e-06, "supply": "[{\"l\":'Energy for power irrigation',\"v\":3.6338218284159099e-06}]"}, {"source": 52, "prod": 0, "target": 42, "value": 0.013692796087919117, "supply": "[{\"l\":'Electricity',\"v\":0.013692796087919117}]"}, {"source": 53, "prod": 0, "target": 52, "value": 0.037220130403538734, "supply": [{"l": "Coal", "v": 0.0}, {"l": "Natural gas", "v": 0.0}, {"l": "Oil", "v": 0.037220130403538734}]}, {"source": 53, "prod": 0, "target": 6, "value": 0.024196038314416423, "supply": [{"l": "Gas-Diesel oil", "v": 0.01925414189476108}, {"l": "Liquefied petroleum gas (LPG)", "v": 0.0049418964196553438}]}, {"source": 53, "prod": 0, "target": 15, "value": 0.21085119102562883, "supply": [{"l": "Gas-Diesel oil", "v": 0.16778609365434655}, {"l": "Liquefied petroleum gas (LPG)", "v": 0.043065097371282286}]}, {"source": 53, "prod": 0, "target": 33, "value": 0.0048392076628832846, "supply": [{"l": "Gas-Diesel oil", "v": 0.0038508283789522157}, {"l": "Liquefied petroleum gas (LPG)", "v": 0.00098837928393106893}]}, {"source": 53, "prod": 0, "target": 18, "value": 0.0010369730706178467, "supply": [{"l": "Gas-Diesel oil", "v": 0.00082517750977547483}, {"l": "Liquefied petroleum gas (LPG)", "v": 0.00021179556084237189}]}, {"source": 53, "prod": 0, "target": 35, "value": 0.0062218384237070811, "supply": [{"l": "Gas-Diesel oil", "v": 0.0049510650586528492}, {"l": "Liquefied petroleum gas (LPG)", "v": 0.0012707733650542314}]}, {"source": 53, "prod": 0, "target": 2, "value": 0.10853651472466797, "supply": [{"l": "Gas-Diesel oil", "v": 0.086368579356499706}, {"l": "Liquefied petroleum gas (LPG)", "v": 0.022167935368168259}]}, {"source": 53, "prod": 0, "target": 8, "value": 0.0010369730706178467, "supply": [{"l": "Gas-Diesel oil", "v": 0.00082517750977547483}, {"l": "Liquefied petroleum gas (LPG)", "v": 0.00021179556084237189}]}, {"source": 53, "prod": 0, "target": 4, "value": 0.024887353694828324, "supply": [{"l": "Gas-Diesel oil", "v": 0.019804260234611397}, {"l": "Liquefied petroleum gas (LPG)", "v": 0.0050830934602169257}]}, {"source": 53, "prod": 0, "target": 22, "value": 0.013480649918032009, "supply": [{"l": "Gas-Diesel oil", "v": 0.010727307627081174}, {"l": "Liquefied petroleum gas (LPG)", "v": 0.0027533422909508348}]}, {"source": 53, "prod": 0, "target": 26, "value": 0.0055305230432951833, "supply": [{"l": "Gas-Diesel oil", "v": 0.0044009467188025333}, {"l": "Liquefied petroleum gas (LPG)", "v": 0.0011295763244926502}]}, {"source": 53, "prod": 0, "target": 5, "value": 0.025578669075240219, "supply": [{"l": "Gas-Diesel oil", "v": 0.020354378574461714}, {"l": "Liquefied petroleum gas (LPG)", "v": 0.0052242905007785067}]}, {"source": 53, "prod": 0, "target": 38, "value": 0.027652615216475915, "supply": [{"l": "Gas-Diesel oil", "v": 0.022004733594012664}, {"l": "Liquefied petroleum gas (LPG)", "v": 0.0056478816224632506}]}, {"source": 53, "prod": 0, "target": 46, "value": 0.0038022345922654379, "supply": [{"l": "Gas-Diesel oil", "v": 0.003025650869176741}, {"l": "Liquefied petroleum gas (LPG)", "v": 0.00077658372308869695}]}, {"source": 53, "prod": 0, "target": 3, "value": 0.00069131538041189791, "supply": [{"l": "Gas-Diesel oil", "v": 0.00055011833985031666}, {"l": "Liquefied petroleum gas (LPG)", "v": 0.00014119704056158127}]}, {"source": 53, "prod": 0, "target": 13, "value": 0.10577125320302036, "supply": [{"l": "Gas-Diesel oil", "v": 0.084168105997098425}, {"l": "Liquefied petroleum gas (LPG)", "v": 0.021603147205921932}]}, {"source": 53, "prod": 0, "target": 41, "value": 0.0048392076628832846, "supply": [{"l": "Gas-Diesel oil", "v": 0.0038508283789522157}, {"l": "Liquefied petroleum gas (LPG)", "v": 0.00098837928393106893}]}, {"source": 54, "prod": 0.12130109383995392, "target": 6, "value": 0.0012384655866109347, "supply": [{"l": "Potash", "v": 0.0022562222240272}, {"l": "Phosphate", "v": 0.0031562500025249999}, {"l": "Nitrogen", "v": 0.025319166686921996}]}, {"source": 54, "prod": 1.0570523891767414, "target": 15, "value": 0.010792342969038147, "supply": [{"l": "Potash", "v": 0.0022562222240272}, {"l": "Phosphate", "v": 0.0031562500025249999}, {"l": "Nitrogen", "v": 0.025319166686921996}]}, {"source": 54, "prod": 0.024260218767990786, "target": 33, "value": 0.00024769311732218696, "supply": [{"l": "Potash", "v": 0.0022562222240272}, {"l": "Phosphate", "v": 0.0031562500025249999}, {"l": "Nitrogen", "v": 0.025319166686921996}]}, {"source": 54, "prod": 0.0051986183074265967, "target": 18, "value": 5.3077096569040064e-05, "supply": [{"l": "Potash", "v": 0.0022562222240272}, {"l": "Phosphate", "v": 0.0031562500025249999}, {"l": "Nitrogen", "v": 0.025319166686921996}]}, {"source": 54, "prod": 0.031191709844559583, "target": 35, "value": 0.00031846257941424042, "supply": [{"l": "Potash", "v": 0.0022562222240272}, {"l": "Phosphate", "v": 0.0031562500025249999}, {"l": "Nitrogen", "v": 0.025319166686921996}]}, {"source": 54, "prod": 0.54412204951065057, "target": 2, "value": 0.0055554027742261937, "supply": [{"l": "Potash", "v": 0.0022562222240272}, {"l": "Phosphate", "v": 0.0031562500025249999}, {"l": "Nitrogen", "v": 0.025319166686921996}]}, {"source": 54, "prod": 0.0051986183074265967, "target": 8, "value": 5.3077096569040064e-05, "supply": [{"l": "Potash", "v": 0.0022562222240272}, {"l": "Phosphate", "v": 0.0031562500025249999}, {"l": "Nitrogen", "v": 0.025319166686921996}]}, {"source": 54, "prod": 0.12476683937823833, "target": 4, "value": 0.0012738503176569617, "supply": [{"l": "Potash", "v": 0.0022562222240272}, {"l": "Phosphate", "v": 0.0031562500025249999}, {"l": "Nitrogen", "v": 0.025319166686921996}]}, {"source": 54, "prod": 0.067582037996545774, "target": 22, "value": 0.00069000225539752084, "supply": [{"l": "Potash", "v": 0.0022562222240272}, {"l": "Phosphate", "v": 0.0031562500025249999}, {"l": "Nitrogen", "v": 0.025319166686921996}]}, {"source": 54, "prod": 0.027725964306275188, "target": 26, "value": 0.00028307784836821369, "supply": [{"l": "Potash", "v": 0.0022562222240272}, {"l": "Phosphate", "v": 0.0031562500025249999}, {"l": "Nitrogen", "v": 0.025319166686921996}]}, {"source": 54, "prod": 0.12823258491652273, "target": 5, "value": 0.0013092350487029882, "supply": [{"l": "Potash", "v": 0.0022562222240272}, {"l": "Phosphate", "v": 0.0031562500025249999}, {"l": "Nitrogen", "v": 0.025319166686921996}]}, {"source": 54, "prod": 0.13862982153137593, "target": 38, "value": 0.0014153892418410684, "supply": [{"l": "Potash", "v": 0.0022562222240272}, {"l": "Phosphate", "v": 0.0031562500025249999}, {"l": "Nitrogen", "v": 0.025319166686921996}]}, {"source": 54, "prod": 0.019061600460564189, "target": 46, "value": 0.00019461602075314689, "supply": [{"l": "Potash", "v": 0.0022562222240272}, {"l": "Phosphate", "v": 0.0031562500025249999}, {"l": "Nitrogen", "v": 0.025319166686921996}]}, {"source": 54, "prod": 0.0034657455382843985, "target": 3, "value": 3.5384731046026712e-05, "supply": [{"l": "Potash", "v": 0.0022562222240272}, {"l": "Phosphate", "v": 0.0031562500025249999}, {"l": "Nitrogen", "v": 0.025319166686921996}]}, {"source": 54, "prod": 0.53025906735751283, "target": 13, "value": 0.0054138638500420859, "supply": [{"l": "Potash", "v": 0.0022562222240272}, {"l": "Phosphate", "v": 0.0031562500025249999}, {"l": "Nitrogen", "v": 0.025319166686921996}]}, {"source": 54, "prod": 0.024260218767990786, "target": 41, "value": 0.00024769311732218696, "supply": [{"l": "Potash", "v": 0.0022562222240272}, {"l": "Phosphate", "v": 0.0031562500025249999}, {"l": "Nitrogen", "v": 0.025319166686921996}]}, {"source": 53, "prod": 0, "target": 54, "value": 0.038415329464781767, "supply": [{"l": "Natural gas (including LNG)", "v": 0.025469380711156404}, {"l": "Fuel oil", "v": 0.0084702496186888684}, {"l": "Liquefied petroleum gas (LPG)", "v": 0.0022378495674682457}, {"l": "Coal", "v": 0.0022378495674682457}]}, {"source": 55, "prod": 0, "target": 0, "value": 0.00080107369580147603, "supply": "[{\"l\":'Labor',\"v\":0.00080107369580147603}]"}, {"source": 55, "prod": 0, "target": 6, "value": 0.0014378245822077773, "supply": "[{\"l\":'Labor',\"v\":0.0014378245822077773}]"}, {"source": 55, "prod": 0, "target": 8, "value": 6.1621053523190462e-05, "supply": "[{\"l\":'Labor',\"v\":6.1621053523190462e-05}]"}, {"source": 55, "prod": 0, "target": 4, "value": 0.001478905284556571, "supply": "[{\"l\":'Labor',\"v\":0.001478905284556571}]"}, {"source": 55, "prod": 0, "target": 11, "value": 0.00053404913053431739, "supply": "[{\"l\":'Labor',\"v\":0.00053404913053431739}]"}, {"source": 55, "prod": 0, "target": 13, "value": 0.0062853474593654261, "supply": "[{\"l\":'Labor',\"v\":0.0062853474593654261}]"}, {"source": 55, "prod": 0, "target": 14, "value": 4.1080702348793639e-05, "supply": "[{\"l\":'Labor',\"v\":4.1080702348793639e-05}]"}, {"source": 55, "prod": 0, "target": 15, "value": 0.01252961421638206, "supply": "[{\"l\":'Labor',\"v\":0.01252961421638206}]"}, {"source": 55, "prod": 0, "target": 17, "value": 2.054035117439682e-05, "supply": "[{\"l\":'Labor',\"v\":2.054035117439682e-05}]"}, {"source": 55, "prod": 0, "target": 18, "value": 6.1621053523190462e-05, "supply": "[{\"l\":'Labor',\"v\":6.1621053523190462e-05}]"}, {"source": 55, "prod": 0, "target": 2, "value": 0.0064496702687606017, "supply": "[{\"l\":'Labor',\"v\":0.0064496702687606017}]"}, {"source": 55, "prod": 0, "target": 20, "value": 6.1621053523190462e-05, "supply": "[{\"l\":'Labor',\"v\":6.1621053523190462e-05}]"}, {"source": 55, "prod": 0, "target": 22, "value": 0.00080107369580147603, "supply": "[{\"l\":'Labor',\"v\":0.00080107369580147603}]"}, {"source": 55, "prod": 0, "target": 23, "value": 2.054035117439682e-05, "supply": "[{\"l\":'Labor',\"v\":2.054035117439682e-05}]"}, {"source": 55, "prod": 0, "target": 25, "value": 0.00012324210704638092, "supply": "[{\"l\":'Labor',\"v\":0.00012324210704638092}]"}, {"source": 55, "prod": 0, "target": 26, "value": 0.00032864561879034912, "supply": "[{\"l\":'Labor',\"v\":0.00032864561879034912}]"}, {"source": 55, "prod": 0, "target": 5, "value": 0.0015199859869053647, "supply": "[{\"l\":'Labor',\"v\":0.0015199859869053647}]"}, {"source": 55, "prod": 0, "target": 46, "value": 0.00022594386291836501, "supply": "[{\"l\":'Labor',\"v\":0.00022594386291836501}]"}, {"source": 55, "prod": 0, "target": 3, "value": 4.1080702348793639e-05, "supply": "[{\"l\":'Labor',\"v\":4.1080702348793639e-05}]"}, {"source": 55, "prod": 0, "target": 33, "value": 0.00028756491644155543, "supply": "[{\"l\":'Labor',\"v\":0.00028756491644155543}]"}, {"source": 55, "prod": 0, "target": 35, "value": 0.00036972632113914275, "supply": "[{\"l\":'Labor',\"v\":0.00036972632113914275}]"}, {"source": 55, "prod": 0, "target": 38, "value": 0.0016432280939517455, "supply": "[{\"l\":'Labor',\"v\":0.0016432280939517455}]"}, {"source": 55, "prod": 0, "target": 39, "value": 4.1080702348793639e-05, "supply": "[{\"l\":'Labor',\"v\":4.1080702348793639e-05}]"}, {"source": 55, "prod": 0, "target": 40, "value": 0.00022594386291836501, "supply": "[{\"l\":'Labor',\"v\":0.00022594386291836501}]"}, {"source": 55, "prod": 0, "target": 41, "value": 0.00028756491644155543, "supply": "[{\"l\":'Labor',\"v\":0.00028756491644155543}]"}, {"source": 53, "prod": 0, "target": 47, "value": 0.72215022458559475, "supply": "[{\"l\":'Fossil Fuels',\"v\":0.72215022458559475}]"}, {"source": 56, "prod": 0, "target": 47, "value": 0.0012560682942074539, "supply": "[{\"l\":'Renewables & Nuclear',\"v\":0.0},{\"l\":'Biomass & Waste',\"v\":0.0012560682942074539}]"}]}