{"nodes": [{"layer": 5, "name": "Sugar cane"}, {"layer": 10, "name": "Feed", "fill": "#dbdb8d"}, {"layer": 5, "name": "Maize"}, {"layer": 16, "name": "Food", "fill": "#b5cf6b"}, {"layer": 5, "name": "Vegetables, Other"}, {"layer": 5, "name": "Fruits, Other"}, {"layer": 13, "name": "Sugar", "fill": "#d6616b"}, {"layer": 13, "name": "Beer"}, {"layer": 5, "name": "Rice"}, {"layer": 13, "name": "Fats, Animals, Raw"}, {"layer": 5, "name": "Wheat"}, {"layer": 5, "name": "Coconuts - Incl Copra"}, {"layer": 5, "name": "Roots, Other"}, {"layer": 13, "name": "Marine Fish, Other"}, {"layer": 5, "name": "Pimento"}, {"layer": 13, "name": "Pigmeat"}, {"layer": 5, "name": "Potatoes"}, {"layer": 13, "name": "Milk - Excluding Butter"}, {"layer": 5, "name": "Pulses, Other"}, {"layer": 13, "name": "Fish, Seafood"}, {"layer": 13, "name": "Wine"}, {"layer": 13, "name": "Pelagic Fish"}, {"layer": 5, "name": "Bananas"}, {"layer": 5, "name": "Sweet potatoes"}, {"layer": 5, "name": "Onions"}, {"layer": 5, "name": "Cassava"}, {"layer": 10, "name": "Processing", "fill": "#9edae5"}, {"layer": 16, "name": "Biofuels & Other", "fill": "#e7ba52"}, {"name": "Waste", "fill": "#c7c7c7"}, {"layer": 2, "name": "Import", "fill": "#aec7e8"}, {"layer": 16, "name": "Export", "fill": "#aec7e8"}, {"layer": 0, "name": "Stock Draw", "fill": "#c7c7c7"}, {"layer": 2, "name": "Electricity", "fill": "#bcbd22"}, {"layer": 0, "name": "Fossil Fuels", "fill": "#c49c94"}, {"layer": 0, "name": "Renewables & Nuclear", "fill": "#2ca02c"}, {"layer": 2, "name": "Fertilizers", "fill": "#c5b0d5"}, {"layer": 0, "name": "Labor", "fill": "#7f7f7f"}], "links": [{"source": 0, "prod": 5.0, "target": 1, "value": 0.0013918087405081969, "supply": [{"l": "Sugar cane", "v": 0.0013918087405081969}]}, {"source": 2, "prod": 25.0, "target": 3, "value": 0.09231922523224409, "supply": [{"l": "Maize", "v": 0.09231922523224409}]}, {"source": 4, "prod": 1.0, "target": 3, "value": 0.00024824658821929828, "supply": [{"l": "Vegetables, Other", "v": 0.00024824658821929828}]}, {"source": 5, "prod": 5.0, "target": 3, "value": 0.0025176736242044865, "supply": [{"l": "Fruits, Other", "v": 0.0025176736242044865}]}, {"source": 6, "prod": 5.0, "target": 3, "value": 0.020987085416888381, "supply": [{"l": "Sugar", "v": 0.020987085416888381}]}, {"source": 7, "prod": 1.0, "target": 3, "value": 0.00050059158709316032, "supply": [{"l": "Beer", "v": 0.00050059158709316032}]}, {"source": 8, "prod": 3.0, "target": 3, "value": 0.012668374321327225, "supply": [{"l": "Rice", "v": 0.012668374321327225}]}, {"source": 9, "prod": 1.0, "target": 3, "value": 0.008323562075588235, "supply": [{"l": "Fats, Animals, Raw", "v": 0.008323562075588235}]}, {"source": 10, "prod": 4.0, "target": 3, "value": 0.01212861902442857, "supply": [{"l": "Wheat", "v": 0.01212861902442857}]}, {"source": 11, "prod": 5.0, "target": 3, "value": 0.0053598695183712129, "supply": [{"l": "Coconuts - Incl Copra", "v": 0.0053598695183712129}]}, {"source": 12, "prod": 5.0, "target": 3, "value": 0.0024470020838759398, "supply": [{"l": "Roots, Other", "v": 0.0024470020838759398}]}, {"source": 13, "prod": 2.0, "target": 3, "value": 0.0015088921772097158, "supply": [{"l": "Marine Fish, Other", "v": 0.0015088921772097158}]}, {"source": 14, "prod": 1.0, "target": 3, "value": 0.0037161761994040409, "supply": [{"l": "Pimento", "v": 0.0037161761994040409}]}, {"source": 15, "prod": 1.0, "target": 3, "value": 0.003600014127392226, "supply": [{"l": "Pigmeat", "v": 0.003600014127392226}]}, {"source": 16, "prod": 3.0, "target": 3, "value": 0.0025068996015059053, "supply": [{"l": "Potatoes", "v": 0.0025068996015059053}]}, {"source": 17, "prod": 5.0, "target": 3, "value": 0.002918740826835809, "supply": [{"l": "Milk - Excluding Butter", "v": 0.002918740826835809}]}, {"source": 18, "prod": 2.0, "target": 3, "value": 0.0079490559015760725, "supply": [{"l": "Pulses, Other", "v": 0.0079490559015760725}]}, {"source": 19, "prod": 3.0, "target": 3, "value": 0.0024512928459087995, "supply": [{"l": "Fish, Seafood", "v": 0.0024512928459087995}]}, {"source": 20, "prod": 1.0, "target": 3, "value": 0.00075803868902678566, "supply": [{"l": "Wine", "v": 0.00075803868902678566}]}, {"source": 21, "prod": 1.0, "target": 3, "value": 0.0010059281181398108, "supply": [{"l": "Pelagic Fish", "v": 0.0010059281181398108}]}, {"source": 22, "prod": 2.0, "target": 3, "value": 0.0014245022344127516, "supply": [{"l": "Bananas", "v": 0.0014245022344127516}]}, {"source": 23, "prod": 2.0, "target": 3, "value": 0.0022138287658670145, "supply": [{"l": "Sweet potatoes", "v": 0.0022138287658670145}]}, {"source": 24, "prod": 1.0, "target": 3, "value": 0.00041822824222167488, "supply": [{"l": "Onions", "v": 0.00041822824222167488}]}, {"source": 25, "prod": 2.0, "target": 3, "value": 0.0025727373688181816, "supply": [{"l": "Cassava", "v": 0.0025727373688181816}]}, {"source": 0, "prod": 3.0, "target": 26, "value": 0.00083508524430491826, "supply": [{"l": "Sugar cane", "v": 0.00083508524430491826}]}, {"source": 2, "prod": 2.0, "target": 27, "value": 0.0073855380185795273, "supply": [{"l": "Maize", "v": 0.0073855380185795273}]}, {"source": 2, "prod": 1.0, "target": 28, "value": 0.0036927690092897637, "supply": [{"l": "Maize", "v": 0.0036927690092897637}]}, {"source": 5, "prod": 1.0, "target": 28, "value": 0.00050353472484089741, "supply": [{"l": "Fruits, Other", "v": 0.00050353472484089741}]}, {"source": 22, "prod": 1.0, "target": 28, "value": 0.0007122511172063758, "supply": [{"l": "Bananas", "v": 0.0007122511172063758}]}, {"source": 11, "prod": 5.0, "target": 28, "value": 0.0053598695183712129, "supply": [{"l": "Coconuts - Incl Copra", "v": 0.0053598695183712129}]}, {"source": 29, "prod": 1.0, "target": 16, "value": 0.00083563320050196845, "supply": [{"l": "Potatoes", "v": 0.00083563320050196845}]}, {"source": 29, "prod": 3.0, "target": 8, "value": 0.012668374321327225, "supply": [{"l": "Rice", "v": 0.012668374321327225}]}, {"source": 29, "prod": 4.0, "target": 10, "value": 0.01212861902442857, "supply": [{"l": "Wheat", "v": 0.01212861902442857}]}, {"source": 29, "prod": 2.0, "target": 1, "value": 0.0011674963307343235, "supply": [{"l": "Milk - Excluding Butter", "v": 0.0011674963307343235}]}, {"source": 29, "prod": 8.0, "target": 26, "value": 0.030569277768596564, "supply": [{"l": "Fats, Animals, Raw", "v": 0.008323562075588235}, {"l": "Sugar", "v": 0.020987085416888381}, {"l": "Beer", "v": 0.00050059158709316032}, {"l": "Wine", "v": 0.00075803868902678566}]}, {"source": 29, "prod": 17.0, "target": 2, "value": 0.062777073157925967, "supply": [{"l": "Maize", "v": 0.062777073157925967}]}, {"source": 29, "prod": 2.0, "target": 18, "value": 0.0079490559015760725, "supply": [{"l": "Pulses, Other", "v": 0.0079490559015760725}]}, {"source": 29, "prod": 5.0, "target": 12, "value": 0.0024470020838759398, "supply": [{"l": "Roots, Other", "v": 0.0024470020838759398}]}, {"source": 21, "prod": 1.0, "target": 30, "value": 0.0010059281181398108, "supply": [{"l": "Pelagic Fish", "v": 0.0010059281181398108}]}, {"source": 13, "prod": 1.0, "target": 30, "value": 0.00075444608860485791, "supply": [{"l": "Marine Fish, Other", "v": 0.00075444608860485791}]}, {"source": 22, "prod": 5.0, "target": 30, "value": 0.0035612555860318794, "supply": [{"l": "Bananas", "v": 0.0035612555860318794}]}, {"source": 19, "prod": 2.0, "target": 30, "value": 0.0016341952306058664, "supply": [{"l": "Fish, Seafood", "v": 0.0016341952306058664}]}, {"source": 31, "prod": 1.0, "target": 18, "value": 0.0039745279507880362, "supply": [{"l": "Pulses, Other", "v": 0.0039745279507880362}]}, {"source": 31, "prod": 10.0, "target": 2, "value": 0.036927690092897633, "supply": [{"l": "Maize", "v": 0.036927690092897633}]}, {"source": 1, "prod": 5.0, "target": 17, "value": 0.002918740826835809, "supply": [{"l": "Milk - Excluding Butter", "v": 0.002918740826835809}]}, {"source": 1, "prod": 1.0, "target": 15, "value": 0.003600014127392226, "supply": [{"l": "Pigmeat", "v": 0.003600014127392226}]}, {"source": 1, "prod": 2.0, "target": 21, "value": 0.0020118562362796215, "supply": [{"l": "Pelagic Fish", "v": 0.0020118562362796215}]}, {"source": 1, "prod": 3.0, "target": 13, "value": 0.0022633382658145736, "supply": [{"l": "Marine Fish, Other", "v": 0.0022633382658145736}]}, {"source": 1, "prod": 5.0, "target": 19, "value": 0.0040854880765146661, "supply": [{"l": "Fish, Seafood", "v": 0.0040854880765146661}]}, {"source": 26, "prod": 1.0, "target": 9, "value": 0.008323562075588235, "supply": [{"l": "Fats, Animals, Raw", "v": 0.008323562075588235}]}, {"source": 26, "prod": 1.0, "target": 7, "value": 0.00050059158709316032, "supply": [{"l": "Beer", "v": 0.00050059158709316032}]}, {"source": 26, "prod": 1.0, "target": 20, "value": 0.00075803868902678566, "supply": [{"l": "Wine", "v": 0.00075803868902678566}]}, {"source": 26, "prod": 5.0, "target": 6, "value": 0.020987085416888381, "supply": [{"l": "Sugar", "v": 0.020987085416888381}]}, {"source": 32, "prod": 0, "target": 2, "value": 2.0934451030916858e-06, "supply": "[{\"l\":'Energy for power irrigation',\"v\":2.0934451030916858e-06}]"}, {"source": 32, "prod": 0, "target": 22, "value": 1.1550041948092059e-06, "supply": "[{\"l\":'Energy for power irrigation',\"v\":1.1550041948092059e-06}]"}, {"source": 32, "prod": 0, "target": 11, "value": 1.4437552435115075e-06, "supply": "[{\"l\":'Energy for power irrigation',\"v\":1.4437552435115075e-06}]"}, {"source": 32, "prod": 0, "target": 16, "value": 3.6093881087787688e-07, "supply": "[{\"l\":'Energy for power irrigation',\"v\":3.6093881087787688e-07}]"}, {"source": 32, "prod": 0, "target": 4, "value": 1.4437552435115073e-07, "supply": "[{\"l\":'Energy for power irrigation',\"v\":1.4437552435115073e-07}]"}, {"source": 32, "prod": 0, "target": 5, "value": 8.662531461069045e-07, "supply": "[{\"l\":'Energy for power irrigation',\"v\":8.662531461069045e-07}]"}, {"source": 32, "prod": 0, "target": 23, "value": 2.8875104870230146e-07, "supply": "[{\"l\":'Energy for power irrigation',\"v\":2.8875104870230146e-07}]"}, {"source": 32, "prod": 0, "target": 14, "value": 1.4437552435115073e-07, "supply": "[{\"l\":'Energy for power irrigation',\"v\":1.4437552435115073e-07}]"}, {"source": 32, "prod": 0, "target": 0, "value": 1.1550041948092059e-06, "supply": "[{\"l\":'Energy for power irrigation',\"v\":1.1550041948092059e-06}]"}, {"source": 32, "prod": 0, "target": 25, "value": 2.8875104870230146e-07, "supply": "[{\"l\":'Energy for power irrigation',\"v\":2.8875104870230146e-07}]"}, {"source": 32, "prod": 0, "target": 26, "value": 0.0028500170281358038, "supply": "[{\"l\":'Electricity',\"v\":0.0028500170281358038}]"}, {"source": 33, "prod": 0, "target": 32, "value": 0.0053806647131773742, "supply": [{"l": "Coal", "v": 0.0028027227425993172}, {"l": "Natural gas", "v": 0.00081892837028002595}, {"l": "Oil", "v": 0.0017590136002980311}]}, {"source": 34, "prod": 0, "target": 32, "value": 0.00075906306763168794, "supply": [{"l": "Nuclear", "v": 8.666632985498702e-05}, {"l": "Hydroelectric", "v": 0.00066376179373579304}, {"l": "Renewable", "v": 8.6349440409077997e-06}]}, {"source": 33, "prod": 0, "target": 2, "value": 0.0014341908481473686, "supply": [{"l": "Other fossil fuels", "v": 0.0014341908481473686}]}, {"source": 33, "prod": 0, "target": 22, "value": 0.00079127770932268615, "supply": [{"l": "Other fossil fuels", "v": 0.00079127770932268615}]}, {"source": 33, "prod": 0, "target": 11, "value": 0.00098909713665335766, "supply": [{"l": "Other fossil fuels", "v": 0.00098909713665335766}]}, {"source": 33, "prod": 0, "target": 16, "value": 0.00024727428416333942, "supply": [{"l": "Other fossil fuels", "v": 0.00024727428416333942}]}, {"source": 33, "prod": 0, "target": 4, "value": 9.8909713665335769e-05, "supply": [{"l": "Other fossil fuels", "v": 9.8909713665335769e-05}]}, {"source": 33, "prod": 0, "target": 5, "value": 0.00059345828199201464, "supply": [{"l": "Other fossil fuels", "v": 0.00059345828199201464}]}, {"source": 33, "prod": 0, "target": 23, "value": 0.00019781942733067154, "supply": [{"l": "Other fossil fuels", "v": 0.00019781942733067154}]}, {"source": 33, "prod": 0, "target": 14, "value": 9.8909713665335769e-05, "supply": [{"l": "Other fossil fuels", "v": 9.8909713665335769e-05}]}, {"source": 33, "prod": 0, "target": 0, "value": 0.00079127770932268615, "supply": [{"l": "Other fossil fuels", "v": 0.00079127770932268615}]}, {"source": 33, "prod": 0, "target": 25, "value": 0.00019781942733067154, "supply": [{"l": "Other fossil fuels", "v": 0.00019781942733067154}]}, {"source": 35, "prod": 0.012728459443957127, "target": 2, "value": 0.00012209638260235204, "supply": [{"l": "Potash", "v": 4.7700984672513883e-05}, {"l": "Phosphate", "v": 5.5563149684255025e-05}, {"l": "Nitrogen", "v": 0.00042301337686026578}]}, {"source": 35, "prod": 0.0070225983139073807, "target": 22, "value": 6.736352143578043e-05, "supply": [{"l": "Potash", "v": 4.7700984672513883e-05}, {"l": "Phosphate", "v": 5.5563149684255025e-05}, {"l": "Nitrogen", "v": 0.00042301337686026578}]}, {"source": 35, "prod": 0.008778247892384225, "target": 11, "value": 8.4204401794725552e-05, "supply": [{"l": "Potash", "v": 4.7700984672513883e-05}, {"l": "Phosphate", "v": 5.5563149684255025e-05}, {"l": "Nitrogen", "v": 0.00042301337686026578}]}, {"source": 35, "prod": 0.0021945619730960562, "target": 16, "value": 2.1051100448681388e-05, "supply": [{"l": "Potash", "v": 4.7700984672513883e-05}, {"l": "Phosphate", "v": 5.5563149684255025e-05}, {"l": "Nitrogen", "v": 0.00042301337686026578}]}, {"source": 35, "prod": 0.00087782478923842258, "target": 4, "value": 8.4204401794725538e-06, "supply": [{"l": "Potash", "v": 4.7700984672513883e-05}, {"l": "Phosphate", "v": 5.5563149684255025e-05}, {"l": "Nitrogen", "v": 0.00042301337686026578}]}, {"source": 35, "prod": 0.0052669487354305355, "target": 5, "value": 5.052264107683533e-05, "supply": [{"l": "Potash", "v": 4.7700984672513883e-05}, {"l": "Phosphate", "v": 5.5563149684255025e-05}, {"l": "Nitrogen", "v": 0.00042301337686026578}]}, {"source": 35, "prod": 0.0017556495784768452, "target": 23, "value": 1.6840880358945108e-05, "supply": [{"l": "Potash", "v": 4.7700984672513883e-05}, {"l": "Phosphate", "v": 5.5563149684255025e-05}, {"l": "Nitrogen", "v": 0.00042301337686026578}]}, {"source": 35, "prod": 0.00087782478923842258, "target": 14, "value": 8.4204401794725538e-06, "supply": [{"l": "Potash", "v": 4.7700984672513883e-05}, {"l": "Phosphate", "v": 5.5563149684255025e-05}, {"l": "Nitrogen", "v": 0.00042301337686026578}]}, {"source": 35, "prod": 0.0070225983139073807, "target": 0, "value": 6.736352143578043e-05, "supply": [{"l": "Potash", "v": 4.7700984672513883e-05}, {"l": "Phosphate", "v": 5.5563149684255025e-05}, {"l": "Nitrogen", "v": 0.00042301337686026578}]}, {"source": 35, "prod": 0.0017556495784768452, "target": 25, "value": 1.6840880358945108e-05, "supply": [{"l": "Potash", "v": 4.7700984672513883e-05}, {"l": "Phosphate", "v": 5.5563149684255025e-05}, {"l": "Nitrogen", "v": 0.00042301337686026578}]}, {"source": 33, "prod": 0, "target": 35, "value": 0.00066724528656677857, "supply": [{"l": "Natural gas (including LNG)", "v": 0.00043903768218112732}, {"l": "Fuel oil", "v": 0.00015343102787778449}, {"l": "Liquefied petroleum gas (LPG)", "v": 3.7388288253933406e-05}, {"l": "Coal", "v": 3.7388288253933406e-05}]}, {"source": 36, "prod": 0, "target": 2, "value": 0.0033173623903971715, "supply": "[{\"l\":'Labor',\"v\":0.0033173623903971715}]"}, {"source": 36, "prod": 0, "target": 4, "value": 0.00022878361313083943, "supply": "[{\"l\":'Labor',\"v\":0.00022878361313083943}]"}, {"source": 36, "prod": 0, "target": 5, "value": 0.0013727016787850365, "supply": "[{\"l\":'Labor',\"v\":0.0013727016787850365}]"}, {"source": 36, "prod": 0, "target": 8, "value": 0.00034317541969625912, "supply": "[{\"l\":'Labor',\"v\":0.00034317541969625912}]"}, {"source": 36, "prod": 0, "target": 10, "value": 0.00045756722626167886, "supply": "[{\"l\":'Labor',\"v\":0.00045756722626167886}]"}, {"source": 36, "prod": 0, "target": 11, "value": 0.0022878361313083944, "supply": "[{\"l\":'Labor',\"v\":0.0022878361313083944}]"}, {"source": 36, "prod": 0, "target": 12, "value": 0.0005719590328270986, "supply": "[{\"l\":'Labor',\"v\":0.0005719590328270986}]"}, {"source": 36, "prod": 0, "target": 14, "value": 0.00022878361313083943, "supply": "[{\"l\":'Labor',\"v\":0.00022878361313083943}]"}, {"source": 36, "prod": 0, "target": 0, "value": 0.0018302689050467154, "supply": "[{\"l\":'Labor',\"v\":0.0018302689050467154}]"}, {"source": 36, "prod": 0, "target": 16, "value": 0.0005719590328270986, "supply": "[{\"l\":'Labor',\"v\":0.0005719590328270986}]"}, {"source": 36, "prod": 0, "target": 18, "value": 0.00022878361313083943, "supply": "[{\"l\":'Labor',\"v\":0.00022878361313083943}]"}, {"source": 36, "prod": 0, "target": 22, "value": 0.0018302689050467154, "supply": "[{\"l\":'Labor',\"v\":0.0018302689050467154}]"}, {"source": 36, "prod": 0, "target": 23, "value": 0.00045756722626167886, "supply": "[{\"l\":'Labor',\"v\":0.00045756722626167886}]"}, {"source": 36, "prod": 0, "target": 24, "value": 0.00011439180656541971, "supply": "[{\"l\":'Labor',\"v\":0.00011439180656541971}]"}, {"source": 36, "prod": 0, "target": 25, "value": 0.00045756722626167886, "supply": "[{\"l\":'Labor',\"v\":0.00045756722626167886}]"}, {"source": 33, "prod": 0, "target": 29, "value": 0.0090079466935401968, "supply": "[{\"l\":'Fossil Fuels',\"v\":0.0090079466935401968}]"}, {"source": 34, "prod": 0, "target": 29, "value": 0.00051133435945032075, "supply": "[{\"l\":'Renewables & Nuclear',\"v\":0.00028449218315284208},{\"l\":'Biomass & Waste',\"v\":0.00022684217629747864}]"}]}