{"nodes": [{"layer": 5, "name": "Sugar Crops", "fill": "#ffbb78"}, {"layer": 10, "name": "Feed", "fill": "#dbdb8d"}, {"layer": 13, "name": "Milk - Excluding Butter"}, {"layer": 16, "name": "Food", "fill": "#b5cf6b"}, {"layer": 13, "name": "Meat"}, {"layer": 5, "name": "Vegetables"}, {"layer": 13, "name": "Alcoholic Beverages"}, {"layer": 13, "name": "Animal Fats"}, {"layer": 5, "name": "Starchy Roots"}, {"layer": 5, "name": "Pulses"}, {"layer": 13, "name": "Fish, Seafood"}, {"layer": 13, "name": "Sugar & Sweeteners"}, {"layer": 5, "name": "Cereals - Excluding Beer"}, {"layer": 5, "name": "Spices"}, {"layer": 5, "name": "Fruits - Excluding Wine"}, {"layer": 5, "name": "Oilcrops", "fill": "#ff9896"}, {"layer": 10, "name": "Processing", "fill": "#9edae5"}, {"layer": 16, "name": "Biofuels & Other", "fill": "#e7ba52"}, {"name": "Waste", "fill": "#c7c7c7"}, {"layer": 2, "name": "Import", "fill": "#aec7e8"}, {"layer": 16, "name": "Export", "fill": "#aec7e8"}, {"layer": 16, "name": "Stock Deposit", "fill": "#c7c7c7"}, {"layer": 0, "name": "Stock Draw", "fill": "#c7c7c7"}, {"name": "Crop Residue", "fill": "#bd9e39"}, {"layer": 2, "name": "Electricity", "fill": "#bcbd22"}, {"layer": 0, "name": "Fossil Fuels", "fill": "#c49c94"}, {"layer": 0, "name": "Renewables & Nuclear", "fill": "#2ca02c"}, {"layer": 2, "name": "Fertilizers", "fill": "#c5b0d5"}, {"layer": 0, "name": "Labor", "fill": "#7f7f7f"}], "links": [{"source": 0, "prod": 9.0, "target": 1, "value": 0.0034731954479045452, "supply": [{"l": "Sugar cane", "v": 0.0034731954479045452}]}, {"source": 2, "prod": 14.0, "target": 3, "value": 0.0068873905224524192, "supply": [{"l": "Milk - Excluding Butter", "v": 0.0068873905224524192}]}, {"source": 4, "prod": 1.0, "target": 3, "value": 0.0035082782302066117, "supply": [{"l": "Pigmeat", "v": 0.0035082782302066117}]}, {"source": 5, "prod": 1.0, "target": 3, "value": 0.00025118441766568047, "supply": [{"l": "Vegetables, Other", "v": 0.00025118441766568047}]}, {"source": 6, "prod": 6.0, "target": 3, "value": 0.0038629341592064294, "supply": [{"l": "Beer", "v": 0.001457706032592612}, {"l": "Wine", "v": 0.0024052281266138172}]}, {"source": 7, "prod": 3.0, "target": 3, "value": 0.025095998116029992, "supply": [{"l": "Fats, Animals, Raw", "v": 0.025095998116029992}]}, {"source": 8, "prod": 6.0, "target": 3, "value": 0.0057681387860024722, "supply": [{"l": "Roots, Other", "v": 0.0004540124768502675}, {"l": "Potatoes", "v": 0.00161935240380654}, {"l": "Sweet potatoes", "v": 0.0011041950845939307}, {"l": "Cassava", "v": 0.002590578820751734}]}, {"source": 9, "prod": 5.0, "target": 3, "value": 0.019787212516547546, "supply": [{"l": "Pulses, Other", "v": 0.019787212516547546}]}, {"source": 10, "prod": 4.0, "target": 3, "value": 0.0040478433297049844, "supply": [{"l": "Fish, Seafood", "v": 0.0023286956665140505}, {"l": "Pelagic Fish", "v": 0.0010041974891193547}, {"l": "Marine Fish, Other", "v": 0.00071495017407157899}]}, {"source": 11, "prod": 3.0, "target": 3, "value": 0.012720085169568155, "supply": [{"l": "Sugar", "v": 0.012720085169568155}]}, {"source": 12, "prod": 37.0, "target": 3, "value": 0.13385797525476006, "supply": [{"l": "Maize", "v": 0.10714188120049005}, {"l": "Rice", "v": 0.0084226521002976201}, {"l": "Wheat", "v": 0.018293441953972381}]}, {"source": 13, "prod": 1.0, "target": 3, "value": 0.0037123719827623575, "supply": [{"l": "Pimento", "v": 0.0037123719827623575}]}, {"source": 14, "prod": 8.0, "target": 3, "value": 0.0046946380296703522, "supply": [{"l": "Fruits, Other", "v": 0.0026142331328313788}, {"l": "Bananas", "v": 0.0020804048968389734}]}, {"source": 15, "prod": 5.0, "target": 3, "value": 0.0054718667918894175, "supply": [{"l": "Coconuts - Incl Copra", "v": 0.0054718667918894175}]}, {"source": 0, "prod": 1.0, "target": 16, "value": 0.00038591060532272727, "supply": [{"l": "Sugar cane", "v": 0.00038591060532272727}]}, {"source": 12, "prod": 5.0, "target": 17, "value": 0.018472738138015529, "supply": [{"l": "Maize", "v": 0.018472738138015529}]}, {"source": 12, "prod": 1.0, "target": 18, "value": 0.0036945476276031061, "supply": [{"l": "Maize", "v": 0.0036945476276031061}]}, {"source": 15, "prod": 5.0, "target": 18, "value": 0.0054718667918894175, "supply": [{"l": "Coconuts - Incl Copra", "v": 0.0054718667918894175}]}, {"source": 14, "prod": 1.0, "target": 18, "value": 0.00052284662656627574, "supply": [{"l": "Fruits, Other", "v": 0.00052284662656627574}]}, {"source": 19, "prod": 41.0, "target": 12, "value": 0.14863616576517247, "supply": [{"l": "Maize", "v": 0.12192007171090248}, {"l": "Wheat", "v": 0.018293441953972381}, {"l": "Rice", "v": 0.0084226521002976201}]}, {"source": 19, "prod": 5.0, "target": 9, "value": 0.019787212516547546, "supply": [{"l": "Pulses, Other", "v": 0.019787212516547546}]}, {"source": 19, "prod": 8.0, "target": 16, "value": 0.020593599569893088, "supply": [{"l": "Beer", "v": 0.001457706032592612}, {"l": "Fats, Animals, Raw", "v": 0.01673066541068666}, {"l": "Wine", "v": 0.0024052281266138172}]}, {"source": 19, "prod": 12.0, "target": 1, "value": 0.0059034775906735013, "supply": [{"l": "Milk - Excluding Butter", "v": 0.0059034775906735013}]}, {"source": 19, "prod": 2.0, "target": 8, "value": 0.0012636886787535375, "supply": [{"l": "Roots, Other", "v": 0.0004540124768502675}, {"l": "Potatoes", "v": 0.00080967620190326999}]}, {"source": 10, "prod": 2.0, "target": 20, "value": 0.0018792980073286043, "supply": [{"l": "Marine Fish, Other", "v": 0.00071495017407157899}, {"l": "Fish, Seafood", "v": 0.0011643478332570253}]}, {"source": 12, "prod": 2.0, "target": 21, "value": 0.0073890952552062121, "supply": [{"l": "Maize", "v": 0.0073890952552062121}]}, {"source": 22, "prod": 2.0, "target": 16, "value": 0.0084800567797121036, "supply": [{"l": "Sugar", "v": 0.0084800567797121036}]}, {"source": 1, "prod": 14.0, "target": 2, "value": 0.0068873905224524192, "supply": [{"l": "Milk - Excluding Butter", "v": 0.0068873905224524192}]}, {"source": 1, "prod": 1.0, "target": 4, "value": 0.0035082782302066117, "supply": [{"l": "Pigmeat", "v": 0.0035082782302066117}]}, {"source": 1, "prod": 6.0, "target": 10, "value": 0.0059271413370335889, "supply": [{"l": "Pelagic Fish", "v": 0.0010041974891193547}, {"l": "Marine Fish, Other", "v": 0.001429900348143158}, {"l": "Fish, Seafood", "v": 0.0034930434997710756}]}, {"source": 16, "prod": 3.0, "target": 11, "value": 0.012720085169568155, "supply": [{"l": "Sugar", "v": 0.012720085169568155}]}, {"source": 16, "prod": 3.0, "target": 7, "value": 0.025095998116029992, "supply": [{"l": "Fats, Animals, Raw", "v": 0.025095998116029992}]}, {"source": 16, "prod": 6.0, "target": 6, "value": 0.0038629341592064294, "supply": [{"l": "Beer", "v": 0.001457706032592612}, {"l": "Wine", "v": 0.0024052281266138172}]}, {"source": 15, "prod": 9.5, "target": 23, "value": 0.033123333270000006, "supply": [{"l": "Coconuts - Incl Copra", "v": 0.033123333270000006}]}, {"source": 5, "prod": 1.0, "target": 23, "value": 0.0031345928278827366, "supply": [{"l": "Vegetables, Other", "v": 0.0034866666600000002}]}, {"source": 0, "prod": 4.0, "target": 23, "value": 0.0015436424212909091, "supply": [{"l": "Sugar cane", "v": 0.0015436424212909091}]}, {"source": 8, "prod": 2.75, "target": 23, "value": 0.010537107665691908, "supply": [{"l": "Roots, Other", "v": 0.00087166666500000005}, {"l": "Potatoes", "v": 0.0026149999950000006}, {"l": "Sweet potatoes", "v": 0.0017433333300000001}, {"l": "Cassava", "v": 0.0043583333250000007}]}, {"source": 9, "prod": 3.0, "target": 23, "value": 0.010459999980000001, "supply": [{"l": "Pulses, Other", "v": 0.010459999980000001}]}, {"source": 12, "prod": 49.0, "target": 23, "value": 0.16450264684915428, "supply": [{"l": "Maize", "v": 0.14295333305999997}, {"l": "Rice", "v": 0.0069733333200000004}, {"l": "Wheat", "v": 0.020919999960000001}]}, {"source": 24, "prod": 0, "target": 15, "value": 2.1389773817241714e-06, "supply": "[{\"l\":'Energy for power irrigation',\"v\":2.1389773817241714e-06}]"}, {"source": 24, "prod": 0, "target": 5, "value": 2.2515551386570226e-07, "supply": "[{\"l\":'Energy for power irrigation',\"v\":2.2515551386570226e-07}]"}, {"source": 24, "prod": 0, "target": 0, "value": 2.2515551386570226e-06, "supply": "[{\"l\":'Energy for power irrigation',\"v\":2.2515551386570226e-06}]"}, {"source": 24, "prod": 0, "target": 8, "value": 1.2383553262613624e-06, "supply": "[{\"l\":'Energy for power irrigation',\"v\":1.2383553262613624e-06}]"}, {"source": 24, "prod": 0, "target": 9, "value": 6.7546654159710677e-07, "supply": "[{\"l\":'Energy for power irrigation',\"v\":6.7546654159710677e-07}]"}, {"source": 24, "prod": 0, "target": 12, "value": 5.5163100897097057e-06, "supply": "[{\"l\":'Energy for power irrigation',\"v\":5.5163100897097057e-06}]"}, {"source": 24, "prod": 0, "target": 14, "value": 1.9138218678584692e-06, "supply": "[{\"l\":'Energy for power irrigation',\"v\":1.9138218678584692e-06}]"}, {"source": 24, "prod": 0, "target": 13, "value": 2.2515551386570226e-07, "supply": "[{\"l\":'Energy for power irrigation',\"v\":2.2515551386570226e-07}]"}, {"source": 24, "prod": 0, "target": 16, "value": 0.0022829006039529675, "supply": "[{\"l\":'Electricity',\"v\":0.0022829006039529675}]"}, {"source": 25, "prod": 0, "target": 24, "value": 0.0040660395273118457, "supply": [{"l": "Coal", "v": 0.002138949941747939}, {"l": "Natural gas", "v": 0.00058180175110090246}, {"l": "Oil", "v": 0.001345287834463004}]}, {"source": 26, "prod": 0, "target": 24, "value": 0.00070151079397548141, "supply": [{"l": "Nuclear", "v": 0.00014600488712645826}, {"l": "Hydroelectric", "v": 0.00054814602625685293}, {"l": "Renewable", "v": 7.3598805921702235e-06}]}, {"source": 25, "prod": 0, "target": 15, "value": 0.0009780299555770906, "supply": [{"l": "Other fossil fuels", "v": 0.0009780299555770906}]}, {"source": 25, "prod": 0, "target": 5, "value": 0.00010295052163969374, "supply": [{"l": "Other fossil fuels", "v": 0.00010295052163969374}]}, {"source": 25, "prod": 0, "target": 0, "value": 0.0010295052163969375, "supply": [{"l": "Other fossil fuels", "v": 0.0010295052163969375}]}, {"source": 25, "prod": 0, "target": 8, "value": 0.00056622786901831563, "supply": [{"l": "Other fossil fuels", "v": 0.00056622786901831563}]}, {"source": 25, "prod": 0, "target": 9, "value": 0.00030885156491908126, "supply": [{"l": "Other fossil fuels", "v": 0.00030885156491908126}]}, {"source": 25, "prod": 0, "target": 12, "value": 0.0025222877801724967, "supply": [{"l": "Other fossil fuels", "v": 0.0025222877801724967}]}, {"source": 25, "prod": 0, "target": 14, "value": 0.00087507943393739683, "supply": [{"l": "Other fossil fuels", "v": 0.00087507943393739683}]}, {"source": 25, "prod": 0, "target": 13, "value": 0.00010295052163969374, "supply": [{"l": "Other fossil fuels", "v": 0.00010295052163969374}]}, {"source": 27, "prod": 0.01507936507936508, "target": 15, "value": 0.00016262257508600634, "supply": [{"l": "Potash", "v": 7.6916666728199987e-05}, {"l": "Phosphate", "v": 8.4166666733999994e-05}, {"l": "Nitrogen", "v": 0.00091736111184499995}]}, {"source": 27, "prod": 0.0015873015873015873, "target": 5, "value": 1.7118165798526985e-05, "supply": [{"l": "Potash", "v": 7.6916666728199987e-05}, {"l": "Phosphate", "v": 8.4166666733999994e-05}, {"l": "Nitrogen", "v": 0.00091736111184499995}]}, {"source": 27, "prod": 0.015873015873015872, "target": 0, "value": 0.00017118165798526983, "supply": [{"l": "Potash", "v": 7.6916666728199987e-05}, {"l": "Phosphate", "v": 8.4166666733999994e-05}, {"l": "Nitrogen", "v": 0.00091736111184499995}]}, {"source": 27, "prod": 0.0087301587301587304, "target": 8, "value": 9.41499118918984e-05, "supply": [{"l": "Potash", "v": 7.6916666728199987e-05}, {"l": "Phosphate", "v": 8.4166666733999994e-05}, {"l": "Nitrogen", "v": 0.00091736111184499995}]}, {"source": 27, "prod": 0.0047619047619047623, "target": 9, "value": 5.135449739558095e-05, "supply": [{"l": "Potash", "v": 7.6916666728199987e-05}, {"l": "Phosphate", "v": 8.4166666733999994e-05}, {"l": "Nitrogen", "v": 0.00091736111184499995}]}, {"source": 27, "prod": 0.03888888888888889, "target": 12, "value": 0.00041939506206391112, "supply": [{"l": "Potash", "v": 7.6916666728199987e-05}, {"l": "Phosphate", "v": 8.4166666733999994e-05}, {"l": "Nitrogen", "v": 0.00091736111184499995}]}, {"source": 27, "prod": 0.013492063492063493, "target": 14, "value": 0.00014550440928747936, "supply": [{"l": "Potash", "v": 7.6916666728199987e-05}, {"l": "Phosphate", "v": 8.4166666733999994e-05}, {"l": "Nitrogen", "v": 0.00091736111184499995}]}, {"source": 27, "prod": 0.0015873015873015873, "target": 13, "value": 1.7118165798526985e-05, "supply": [{"l": "Potash", "v": 7.6916666728199987e-05}, {"l": "Phosphate", "v": 8.4166666733999994e-05}, {"l": "Nitrogen", "v": 0.00091736111184499995}]}, {"source": 25, "prod": 0, "target": 27, "value": 0.0013470395554283194, "supply": [{"l": "Natural gas (including LNG)", "v": 0.00089187211272572875}, {"l": "Fuel oil", "v": 0.00029300443056721039}, {"l": "Liquefied petroleum gas (LPG)", "v": 8.1081506067690065e-05}, {"l": "Coal", "v": 8.1081506067690065e-05}]}, {"source": 28, "prod": 0, "target": 8, "value": 0.001466556580303785, "supply": "[{\"l\":'Labor',\"v\":0.001466556580303785}]"}, {"source": 28, "prod": 0, "target": 5, "value": 0.00026664665096432454, "supply": "[{\"l\":'Labor',\"v\":0.00026664665096432454}]"}, {"source": 28, "prod": 0, "target": 0, "value": 0.0026664665096432453, "supply": "[{\"l\":'Labor',\"v\":0.0026664665096432453}]"}, {"source": 28, "prod": 0, "target": 9, "value": 0.00079993995289297367, "supply": "[{\"l\":'Labor',\"v\":0.00079993995289297367}]"}, {"source": 28, "prod": 0, "target": 12, "value": 0.0065328429486259517, "supply": "[{\"l\":'Labor',\"v\":0.0065328429486259517}]"}, {"source": 28, "prod": 0, "target": 13, "value": 0.00026664665096432454, "supply": "[{\"l\":'Labor',\"v\":0.00026664665096432454}]"}, {"source": 28, "prod": 0, "target": 14, "value": 0.0022664965331967587, "supply": "[{\"l\":'Labor',\"v\":0.0022664965331967587}]"}, {"source": 28, "prod": 0, "target": 15, "value": 0.0025331431841610834, "supply": "[{\"l\":'Labor',\"v\":0.0025331431841610834}]"}, {"source": 25, "prod": 0, "target": 19, "value": 0.023019055431782998, "supply": "[{\"l\":'Fossil Fuels',\"v\":0.023019055431782998}]"}, {"source": 26, "prod": 0, "target": 19, "value": 0.0045566522214299608, "supply": "[{\"l\":'Renewables & Nuclear',\"v\":0.0011432675507731486},{\"l\":'Biomass & Waste',\"v\":0.003413384670656812}]"}]}