{"nodes": [{"layer": 5, "name": "Cereals", "fill": "#e7ba52"}, {"layer": 10, "name": "Feed", "fill": "#dbdb8d"}, {"layer": 13, "name": "Other Processed", "fill": "#9c9ede"}, {"layer": 16, "name": "Food", "fill": "#b5cf6b"}, {"layer": 13, "name": "Animal Products", "fill": "#17becf"}, {"layer": 5, "name": "Oilcrops", "fill": "#ff9896"}, {"layer": 13, "name": "Sugar", "fill": "#d6616b"}, {"layer": 5, "name": "Starchy Roots"}, {"layer": 5, "name": "Fruits & Vegetables"}, {"layer": 5, "name": "Others"}, {"layer": 13, "name": "Aquatic Products", "fill": "#1f77b4"}, {"layer": 13, "name": "Vegetable Oils", "fill": "#f7b6d2"}, {"layer": 5, "name": "Sugar Crops", "fill": "#ffbb78"}, {"layer": 10, "name": "Processing", "fill": "#9edae5"}, {"layer": 16, "name": "Biofuels & Other", "fill": "#e7ba52"}, {"name": "Waste", "fill": "#c7c7c7"}, {"layer": 2, "name": "Import", "fill": "#aec7e8"}, {"layer": 16, "name": "Export", "fill": "#aec7e8"}, {"layer": 0, "name": "Stock Draw", "fill": "#c7c7c7"}, {"layer": 16, "name": "Stock Deposit", "fill": "#c7c7c7"}, {"name": "Crop Residue", "fill": "#bd9e39"}, {"layer": 2, "name": "Electricity", "fill": "#bcbd22"}, {"layer": 0, "name": "Fossil Fuels", "fill": "#c49c94"}, {"layer": 0, "name": "Renewables & Nuclear", "fill": "#2ca02c"}, {"layer": 2, "name": "Fertilizers", "fill": "#c5b0d5"}, {"layer": 0, "name": "Labor", "fill": "#7f7f7f"}], "links": [{"source": 0, "prod": 5.0, "target": 1, "value": 0.016885382247763939, "supply": [{"l": "Wheat", "v": 0.016885382247763939}]}, {"source": 2, "prod": 15.0, "target": 3, "value": 0.14949117487756472, "supply": [{"l": "Butter, Ghee", "v": 0.10987101939776471}, {"l": "Fats, Animals, Raw", "v": 0.039620155479800002}]}, {"source": 4, "prod": 1807.0, "target": 3, "value": 1.5980117355019803, "supply": [{"l": "Milk - Excluding Butter", "v": 1.2888645599146085}, {"l": "Meat, Other", "v": 0.027013742372590913}, {"l": "Mutton & Goat Meat", "v": 0.14507241396209708}, {"l": "Bovine Meat", "v": 0.10174978390801385}, {"l": "Eggs", "v": 0.0028300111056999999}, {"l": "Poultry Meat", "v": 0.0050940199902600007}, {"l": "Offals, Edible", "v": 0.02738720424870968}]}, {"source": 0, "prod": 665.0, "target": 3, "value": 2.5454335969891599, "supply": [{"l": "Maize", "v": 0.94423244872934364}, {"l": "Sorghum", "v": 0.70252137932568104}, {"l": "Rice", "v": 0.32795384895971408}, {"l": "Wheat", "v": 0.57072591997442113}]}, {"source": 5, "prod": 21.0, "target": 3, "value": 0.085179610582746729, "supply": [{"l": "Coconuts - Incl Copra", "v": 0.026810631527684214}, {"l": "Sesame seed", "v": 0.047048934632262507}, {"l": "Groundnuts", "v": 0.011320044422799999}]}, {"source": 6, "prod": 67.0, "target": 3, "value": 0.27644183249323739, "supply": [{"l": "Sugar", "v": 0.27644183249323739}]}, {"source": 7, "prod": 34.0, "target": 3, "value": 0.040466876544489272, "supply": [{"l": "Potatoes", "v": 0.00077597078704677428}, {"l": "Sweet potatoes", "v": 0.0025470099951300004}, {"l": "Cassava", "v": 0.037143895762312501}]}, {"source": 8, "prod": 176.0, "target": 3, "value": 0.14116211899616521, "supply": [{"l": "Dates", "v": 0.015282059970780002}, {"l": "Fruits, Other", "v": 0.04516819883449965}, {"l": "Beans", "v": 0.050940199902599993}, {"l": "Lemons, Limes", "v": 0.00077182121064545454}, {"l": "Bananas", "v": 0.015673907662338463}, {"l": "Vegetables, Other", "v": 0.0078836023658785722}, {"l": "Grapefruit", "v": 0.0028300111056999999}, {"l": "Oranges, Mandarines", "v": 0.002612317943723077}]}, {"source": 9, "prod": 2.0, "target": 3, "value": 0.0046309272638727274, "supply": [{"l": "Infant food", "v": 0.00424501665855}, {"l": "Coffee", "v": 0.00038591060532272727}]}, {"source": 10, "prod": 6.0, "target": 3, "value": 0.0050940199902600007, "supply": [{"l": "Fish, Seafood", "v": 0.0025470099951300004}, {"l": "Marine Fish, Other", "v": 0.0025470099951300004}]}, {"source": 11, "prod": 53.0, "target": 3, "value": 0.54236094035232596, "supply": [{"l": "Oilcrops Oil, Other", "v": 0.11154960441634167}, {"l": "Coconut Oil", "v": 0.019810077739900001}, {"l": "Rape and Mustard Oil", "v": 0.0594302332197}, {"l": "Maize Germ Oil", "v": 0.033111129936690006}, {"l": "Sesameseed Oil", "v": 0.18443865481975863}, {"l": "Soyabean Oil", "v": 0.13402124021993572}]}, {"source": 12, "prod": 483.0, "target": 13, "value": 0.14140296869514829, "supply": [{"l": "Sugar cane", "v": 0.14140296869514829}]}, {"source": 5, "prod": 42.0, "target": 13, "value": 0.28017109946430002, "supply": [{"l": "Cottonseed", "v": 0.011320044422799999}, {"l": "Sesame seed", "v": 0.26885105504150003}]}, {"source": 11, "prod": 2.0, "target": 14, "value": 0.020045911998708334, "supply": [{"l": "Coconut Oil", "v": 0.0099050388699500006}, {"l": "Oilcrops Oil, Other", "v": 0.010140873128758334}]}, {"source": 4, "prod": 392.0, "target": 14, "value": 0.30611838348359244, "supply": [{"l": "Milk - Excluding Butter", "v": 0.30225927743036518}, {"l": "Meat, Other", "v": 0.003859106053227273}]}, {"source": 8, "prod": 2.0, "target": 8, "value": 0.0084900333170999983, "supply": [{"l": "Beans", "v": 0.0084900333170999983}]}, {"source": 0, "prod": 14.0, "target": 0, "value": 0.054707962969413354, "supply": [{"l": "Maize", "v": 0.028126072940874068}, {"l": "Sorghum", "v": 0.026581890028539289}]}, {"source": 5, "prod": 2.0, "target": 5, "value": 0.0123812985874375, "supply": [{"l": "Cottonseed", "v": 0.0056600222113999997}, {"l": "Sesame seed", "v": 0.0067212763760375006}]}, {"source": 7, "prod": 9.0, "target": 15, "value": 0.010754042201660001, "supply": [{"l": "Sweet potatoes", "v": 0.00084900333171000005}, {"l": "Cassava", "v": 0.0099050388699500006}]}, {"source": 8, "prod": 18.0, "target": 15, "value": 0.012958728021576445, "supply": [{"l": "Bananas", "v": 0.002612317943723077}, {"l": "Vegetables, Other", "v": 0.00090964642683214294}, {"l": "Fruits, Other", "v": 0.0051917469924712238}, {"l": "Beans", "v": 0.0042450166585499991}]}, {"source": 4, "prod": 393.0, "target": 15, "value": 0.30458434879521412, "supply": [{"l": "Milk - Excluding Butter", "v": 0.30458434879521412}]}, {"source": 0, "prod": 55.0, "target": 15, "value": 0.21062447546655327, "supply": [{"l": "Maize", "v": 0.076342197982372462}, {"l": "Wheat", "v": 0.023639535146869516}, {"l": "Rice", "v": 0.0043151822231541322}, {"l": "Sorghum", "v": 0.10632756011415716}]}, {"source": 5, "prod": 3.0, "target": 15, "value": 0.020163829128112501, "supply": [{"l": "Sesame seed", "v": 0.020163829128112501}]}, {"source": 16, "prod": 2.0, "target": 9, "value": 0.0046309272638727274, "supply": [{"l": "Coffee", "v": 0.00038591060532272727}, {"l": "Infant food", "v": 0.00424501665855}]}, {"source": 16, "prod": 159.0, "target": 1, "value": 0.12322878233699502, "supply": [{"l": "Milk - Excluding Butter", "v": 0.12322878233699502}]}, {"source": 16, "prod": 36.0, "target": 13, "value": 0.30238704966544394, "supply": [{"l": "Soyabean Oil", "v": 0.14433056639070002}, {"l": "Sugar", "v": 0.045385972498889718}, {"l": "Rape and Mustard Oil", "v": 0.0594302332197}, {"l": "Maize Germ Oil", "v": 0.033111129936690006}, {"l": "Oilcrops Oil, Other", "v": 0.010140873128758334}, {"l": "Butter, Ghee", "v": 0.0099882744907058823}]}, {"source": 16, "prod": 403.0, "target": 0, "value": 1.5215607861204645, "supply": [{"l": "Maize", "v": 0.50225130251560834}, {"l": "Wheat", "v": 0.6416445254150297}, {"l": "Rice", "v": 0.36247530674494721}, {"l": "Sorghum", "v": 0.01518965144487959}]}, {"source": 16, "prod": 2.0, "target": 8, "value": 0.0045482321341607131, "supply": [{"l": "Vegetables, Other", "v": 0.00030321547561071435}, {"l": "Beans", "v": 0.0042450166585499991}]}, {"source": 16, "prod": 1.0, "target": 7, "value": 0.00077597078704677428, "supply": [{"l": "Potatoes", "v": 0.00077597078704677428}]}, {"source": 10, "prod": 10.0, "target": 17, "value": 0.0084900333171, "supply": [{"l": "Crustaceans", "v": 0.00084900333171000005}, {"l": "Marine Fish, Other", "v": 0.0033960133268400002}, {"l": "Fish, Seafood", "v": 0.00424501665855}]}, {"source": 8, "prod": 51.0, "target": 17, "value": 0.033307053782469231, "supply": [{"l": "Bananas", "v": 0.033307053782469231}]}, {"source": 18, "prod": 1.0, "target": 13, "value": 0.010309326170764285, "supply": [{"l": "Soyabean Oil", "v": 0.010309326170764285}]}, {"source": 11, "prod": 13.0, "target": 19, "value": 0.13135968215624166, "supply": [{"l": "Coconut Oil", "v": 0.019810077739900001}, {"l": "Oilcrops Oil, Other", "v": 0.11154960441634167}]}, {"source": 6, "prod": 5.0, "target": 19, "value": 0.020629987499495329, "supply": [{"l": "Sugar", "v": 0.020629987499495329}]}, {"source": 18, "prod": 65.0, "target": 0, "value": 0.2562928224848815, "supply": [{"l": "Maize", "v": 0.060270156301873004}, {"l": "Wheat", "v": 0.033770764495527877}, {"l": "Rice", "v": 0.086303644463082654}, {"l": "Sorghum", "v": 0.07594825722439795}]}, {"source": 18, "prod": 6.0, "target": 5, "value": 0.040327658256225002, "supply": [{"l": "Sesame seed", "v": 0.040327658256225002}]}, {"source": 1, "prod": 16.0, "target": 10, "value": 0.013584053307360001, "supply": [{"l": "Crustaceans", "v": 0.00084900333171000005}, {"l": "Marine Fish, Other", "v": 0.0059430233219700005}, {"l": "Fish, Seafood", "v": 0.0067920266536800004}]}, {"source": 1, "prod": 2592.0, "target": 4, "value": 2.2087144677807871, "supply": [{"l": "Poultry Meat", "v": 0.0050940199902600007}, {"l": "Bovine Meat", "v": 0.10174978390801385}, {"l": "Eggs", "v": 0.0028300111056999999}, {"l": "Milk - Excluding Butter", "v": 1.8957081861401877}, {"l": "Offals, Edible", "v": 0.02738720424870968}, {"l": "Meat, Other", "v": 0.030872848425818188}, {"l": "Mutton & Goat Meat", "v": 0.14507241396209708}]}, {"source": 13, "prod": 15.0, "target": 2, "value": 0.14949117487756472, "supply": [{"l": "Fats, Animals, Raw", "v": 0.039620155479800002}, {"l": "Butter, Ghee", "v": 0.10987101939776471}]}, {"source": 13, "prod": 68.0, "target": 11, "value": 0.69376653450727588, "supply": [{"l": "Sesameseed Oil", "v": 0.18443865481975863}, {"l": "Soyabean Oil", "v": 0.13402124021993572}, {"l": "Coconut Oil", "v": 0.049525194349750001}, {"l": "Rape and Mustard Oil", "v": 0.0594302332197}, {"l": "Maize Germ Oil", "v": 0.033111129936690006}, {"l": "Oilcrops Oil, Other", "v": 0.23324008196144166}]}, {"source": 13, "prod": 72.0, "target": 6, "value": 0.29707181999273274, "supply": [{"l": "Sugar", "v": 0.29707181999273274}]}, {"source": 7, "prod": 21.25, "target": 20, "value": 0.084919110462744668, "supply": [{"l": "Potatoes", "v": 0.00064815017189721164}, {"l": "Sweet potatoes", "v": 0.0069733333200000013}, {"l": "Cassava", "v": 0.066246666540000013}]}, {"source": 12, "prod": 193.20000000000002, "target": 20, "value": 0.05656118747805932, "supply": [{"l": "Sugar cane", "v": 0.05656118747805932}]}, {"source": 8, "prod": 246.5, "target": 20, "value": 1.3147249361880067, "supply": [{"l": "Vegetables, Other", "v": 0.099369999809999998}, {"l": "Beans", "v": 0.052299999900000005}]}, {"source": 0, "prod": 1137.0, "target": 20, "value": 3.9070343750207024, "supply": [{"l": "Maize", "v": 1.43301999726}, {"l": "Rice", "v": 0.31379999939999997}, {"l": "Wheat", "v": 0.63108666546000003}, {"l": "Sorghum", "v": 1.5864333302999998}]}, {"source": 5, "prod": 71.0, "target": 20, "value": 0.2575316223146053, "supply": [{"l": "Coconuts - Incl Copra", "v": 0.041839999920000009}, {"l": "Sesame seed", "v": 0.18827999964}, {"l": "Groundnuts", "v": 0.0069733333199999996}, {"l": "Cottonseed", "v": 0.010459999980000001}]}, {"source": 21, "prod": 0, "target": 7, "value": 0.0027690748194602456, "supply": "[{\"l\":'Energy for power irrigation',\"v\":0.0027690748194602456}]"}, {"source": 21, "prod": 0, "target": 12, "value": 0.031469720889395258, "supply": "[{\"l\":'Energy for power irrigation',\"v\":0.031469720889395258}]"}, {"source": 21, "prod": 0, "target": 8, "value": 0.016060633952869423, "supply": "[{\"l\":'Energy for power irrigation',\"v\":0.016060633952869423}]"}, {"source": 21, "prod": 0, "target": 0, "value": 0.03704044787913293, "supply": "[{\"l\":'Energy for power irrigation',\"v\":0.03704044787913293}]"}, {"source": 21, "prod": 0, "target": 5, "value": 0.0046259838160394688, "supply": "[{\"l\":'Energy for power irrigation',\"v\":0.0046259838160394688}]"}, {"source": 21, "prod": 0, "target": 13, "value": 0.0010815266968220124, "supply": "[{\"l\":'Electricity',\"v\":0.0010815266968220124}]"}, {"source": 22, "prod": 0, "target": 21, "value": 0.052558123844440259, "supply": [{"l": "Coal", "v": 0.0014131715065640843}, {"l": "Natural gas", "v": 0.01627790304010341}, {"l": "Oil", "v": 0.034867049297772762}]}, {"source": 23, "prod": 0, "target": 21, "value": 0.071932611089793166, "supply": [{"l": "Nuclear", "v": 0.0}, {"l": "Hydroelectric", "v": 0.071736569109654383}, {"l": "Renewable", "v": 0.00019604198013878945}]}, {"source": 22, "prod": 0, "target": 7, "value": 0.0023024205226936361, "supply": [{"l": "Other fossil fuels", "v": 0.0023024205226936361}]}, {"source": 22, "prod": 0, "target": 12, "value": 0.026166332057906503, "supply": [{"l": "Other fossil fuels", "v": 0.026166332057906503}]}, {"source": 22, "prod": 0, "target": 8, "value": 0.013354039031623091, "supply": [{"l": "Other fossil fuels", "v": 0.013354039031623091}]}, {"source": 22, "prod": 0, "target": 0, "value": 0.030798260403560759, "supply": [{"l": "Other fossil fuels", "v": 0.030798260403560759}]}, {"source": 22, "prod": 0, "target": 5, "value": 0.0038463966379117215, "supply": [{"l": "Other fossil fuels", "v": 0.0038463966379117215}]}, {"source": 22, "prod": 0, "target": 1, "value": 0.049576591698624557, "supply": [{"l": "Fossil fuels in fisheries", "v": 0.049576591698624557}]}, {"source": 24, "prod": 0.030088495575221239, "target": 7, "value": 0.00046200884992712919, "supply": [{"l": "Potash", "v": 0.000256388889094}, {"l": "Phosphate", "v": 0.00042083333367000001}, {"l": "Nitrogen", "v": 0.014677777789519999}]}, {"source": 24, "prod": 0.34194690265486727, "target": 12, "value": 0.0052505946944659621, "supply": [{"l": "Potash", "v": 0.000256388889094}, {"l": "Phosphate", "v": 0.00042083333367000001}, {"l": "Nitrogen", "v": 0.014677777789519999}]}, {"source": 24, "prod": 0.17451327433628319, "target": 8, "value": 0.0026796513295773493, "supply": [{"l": "Potash", "v": 0.000256388889094}, {"l": "Phosphate", "v": 0.00042083333367000001}, {"l": "Nitrogen", "v": 0.014677777789519999}]}, {"source": 24, "prod": 0.40247787610619468, "target": 0, "value": 0.0061800477925546575, "supply": [{"l": "Potash", "v": 0.000256388889094}, {"l": "Phosphate", "v": 0.00042083333367000001}, {"l": "Nitrogen", "v": 0.014677777789519999}]}, {"source": 24, "prod": 0.050265486725663715, "target": 5, "value": 0.0007718265492900275, "supply": [{"l": "Potash", "v": 0.000256388889094}, {"l": "Phosphate", "v": 0.00042083333367000001}, {"l": "Nitrogen", "v": 0.014677777789519999}]}, {"source": 22, "prod": 0, "target": 24, "value": 0.01834227545696503, "supply": [{"l": "Natural gas (including LNG)", "v": 0.012403451163727378}, {"l": "Residual fuel oil", "v": 0.0033442160990715692}, {"l": "Liquefied petroleum gas (LPG)", "v": 0.001297304097083041}, {"l": "Hard coal", "v": 0.001297304097083041}]}, {"source": 25, "prod": 0, "target": 0, "value": 0.40350378426871603, "supply": "[{\"l\":'Labor',\"v\":0.40350378426871603}]"}, {"source": 25, "prod": 0, "target": 5, "value": 0.05039361245924158, "supply": "[{\"l\":'Labor',\"v\":0.05039361245924158}]"}, {"source": 25, "prod": 0, "target": 12, "value": 0.34281851856075612, "supply": "[{\"l\":'Labor',\"v\":0.34281851856075612}]"}, {"source": 25, "prod": 0, "target": 7, "value": 0.03016519055658827, "supply": "[{\"l\":'Labor',\"v\":0.03016519055658827}]"}, {"source": 25, "prod": 0, "target": 8, "value": 0.17495810522821195, "supply": "[{\"l\":'Labor',\"v\":0.17495810522821195}]"}, {"source": 25, "prod": 0, "target": 9, "value": 0.0007097691895667828, "supply": "[{\"l\":'Labor',\"v\":0.0007097691895667828}]"}, {"source": 22, "prod": 0, "target": 16, "value": 0.3175615623513478, "supply": "[{\"l\":'Fossil Fuels',\"v\":0.3175615623513478}]"}, {"source": 23, "prod": 0, "target": 16, "value": 1.7712233839078841, "supply": "[{\"l\":'Renewables & Nuclear',\"v\":0.039639181448964209},{\"l\":'Biomass & Waste',\"v\":1.7315842024589199}]"}]}