{"nodes": [{"layer": 3, "name": "Starchy Roots"}, {"layer": 5, "name": "Production", "fill": "#b5cf6b"}, {"layer": 3, "name": "Oilcrops", "fill": "#ff9896"}, {"layer": 3, "name": "Sugar Crops", "fill": "#ffbb78"}, {"layer": 3, "name": "Pulses"}, {"layer": 3, "name": "Cereals - Excluding Beer"}, {"layer": 3, "name": "Vegetables"}, {"layer": 3, "name": "Fruits - Excluding Wine"}, {"layer": 1, "name": "Electricity", "fill": "#bcbd22"}, {"layer": 0, "name": "Fossil Fuels", "fill": "#c49c94"}, {"layer": 0, "name": "Renewables & Nuclear", "fill": "#2ca02c"}, {"layer": 1, "name": "Fertilizers", "fill": "#c5b0d5"}, {"layer": 0, "name": "Labor", "fill": "#7f7f7f"}], "links": [{"source": 0, "prod": 36.0, "target": 1, "value": 0.047174459318402431, "supply": [{"l": "Sweet potatoes", "v": 0.00424501665855}, {"l": "Cassava", "v": 0.042929442659852428}]}, {"source": 2, "prod": 51.0, "target": 1, "value": 0.31554623828554995, "supply": [{"l": "Cottonseed", "v": 0.011320044422799999}, {"l": "Coconuts - Incl Copra", "v": 0.0169800666342}, {"l": "Sesame seed", "v": 0.27592608280574998}, {"l": "Groundnuts", "v": 0.011320044422799999}]}, {"source": 3, "prod": 333.0, "target": 1, "value": 0.13252411380910784, "supply": [{"l": "Sugar cane", "v": 0.13252411380910784}]}, {"source": 4, "prod": 10.0, "target": 1, "value": 0.040091823997416662, "supply": [{"l": "Beans", "v": 0.040091823997416662}]}, {"source": 5, "prod": 250.0, "target": 1, "value": 0.97124698934603293, "supply": [{"l": "Maize", "v": 0.43226398203063432}, {"l": "Sorghum", "v": 0.53037339606425493}, {"l": "Rice", "v": 0.0086096112511436628}]}, {"source": 6, "prod": 26.0, "target": 1, "value": 0.0061316907290166669, "supply": [{"l": "Vegetables, Other", "v": 0.0061316907290166669}]}, {"source": 7, "prod": 222.0, "target": 1, "value": 0.13483920645357161, "supply": [{"l": "Dates", "v": 0.012381298587437502}, {"l": "Fruits, Other", "v": 0.052335275799776058}, {"l": "Grapefruit", "v": 0.0019976548981411766}, {"l": "Lemons, Limes", "v": 0.0023244444400000001}, {"l": "Bananas", "v": 0.064052584692343331}, {"l": "Oranges, Mandarines", "v": 0.0017479480358735292}]}, {"source": 8, "prod": 0, "target": 2, "value": 0.0030600504092612368, "supply": "[{\"l\":'Energy for power irrigation',\"v\":0.0030600504092612368}]"}, {"source": 8, "prod": 0, "target": 6, "value": 0.0015912262128158429, "supply": "[{\"l\":'Energy for power irrigation',\"v\":0.0015912262128158429}]"}, {"source": 8, "prod": 0, "target": 3, "value": 0.020379935725679834, "supply": "[{\"l\":'Energy for power irrigation',\"v\":0.020379935725679834}]"}, {"source": 8, "prod": 0, "target": 0, "value": 0.0022950378069459274, "supply": "[{\"l\":'Energy for power irrigation',\"v\":0.0022950378069459274}]"}, {"source": 8, "prod": 0, "target": 4, "value": 0.00064261058594485975, "supply": "[{\"l\":'Energy for power irrigation',\"v\":0.00064261058594485975}]"}, {"source": 8, "prod": 0, "target": 7, "value": 0.013647824825305115, "supply": "[{\"l\":'Energy for power irrigation',\"v\":0.013647824825305115}]"}, {"source": 8, "prod": 0, "target": 5, "value": 0.019553722115179303, "supply": "[{\"l\":'Energy for power irrigation',\"v\":0.019553722115179303}]"}, {"source": 9, "prod": 0, "target": 8, "value": 0.030545811662468413, "supply": [{"l": "Coal", "v": 0.001217436438299746}, {"l": "Natural gas", "v": 0.0059847496084141968}, {"l": "Oil", "v": 0.023343625615754468}]}, {"source": 10, "prod": 0, "target": 8, "value": 0.049415241263784715, "supply": [{"l": "Nuclear", "v": 0.0}, {"l": "Hydroelectric", "v": 0.049248242568903457}, {"l": "Renewable", "v": 0.00016699869488125479}]}, {"source": 9, "prod": 0, "target": 2, "value": 0.0032288856539236343, "supply": [{"l": "Other fossil fuels", "v": 0.0032288856539236343}]}, {"source": 9, "prod": 0, "target": 6, "value": 0.0016790205400402896, "supply": [{"l": "Other fossil fuels", "v": 0.0016790205400402896}]}, {"source": 9, "prod": 0, "target": 3, "value": 0.021504378455131402, "supply": [{"l": "Other fossil fuels", "v": 0.021504378455131402}]}, {"source": 9, "prod": 0, "target": 0, "value": 0.0024216642404427256, "supply": [{"l": "Other fossil fuels", "v": 0.0024216642404427256}]}, {"source": 9, "prod": 0, "target": 4, "value": 0.00067806598732396319, "supply": [{"l": "Other fossil fuels", "v": 0.00067806598732396319}]}, {"source": 9, "prod": 0, "target": 7, "value": 0.014400830016499408, "supply": [{"l": "Other fossil fuels", "v": 0.014400830016499408}]}, {"source": 9, "prod": 0, "target": 5, "value": 0.020632579328572022, "supply": [{"l": "Other fossil fuels", "v": 0.020632579328572022}]}, {"source": 11, "prod": 0.12614028090577961, "target": 2, "value": 0.0012634274221387872, "supply": [{"l": "Potash", "v": 0.0019155448036281752}, {"l": "Phosphate", "v": 0.0027616315889539074}, {"l": "Nitrogen", "v": 0.020654543421300599}]}, {"source": 11, "prod": 0.065592946071005395, "target": 6, "value": 0.00065698225951216931, "supply": [{"l": "Potash", "v": 0.0019155448036281752}, {"l": "Phosphate", "v": 0.0027616315889539074}, {"l": "Nitrogen", "v": 0.020654543421300599}]}, {"source": 11, "prod": 0.84009427083249211, "target": 3, "value": 0.0084144266314443231, "supply": [{"l": "Potash", "v": 0.0019155448036281752}, {"l": "Phosphate", "v": 0.0027616315889539074}, {"l": "Nitrogen", "v": 0.020654543421300599}]}, {"source": 11, "prod": 0.094605210679334709, "target": 0, "value": 0.00094757056660409037, "supply": [{"l": "Potash", "v": 0.0019155448036281752}, {"l": "Phosphate", "v": 0.0027616315889539074}, {"l": "Nitrogen", "v": 0.020654543421300599}]}, {"source": 11, "prod": 0.026489458990213717, "target": 4, "value": 0.00026531975864914532, "supply": [{"l": "Potash", "v": 0.0019155448036281752}, {"l": "Phosphate", "v": 0.0027616315889539074}, {"l": "Nitrogen", "v": 0.020654543421300599}]}, {"source": 11, "prod": 0.56258565283977702, "target": 7, "value": 0.0056348863027389905, "supply": [{"l": "Potash", "v": 0.0019155448036281752}, {"l": "Phosphate", "v": 0.0027616315889539074}, {"l": "Nitrogen", "v": 0.020654543421300599}]}, {"source": 11, "prod": 0.80603639498793167, "target": 5, "value": 0.0080733012274668489, "supply": [{"l": "Potash", "v": 0.0019155448036281752}, {"l": "Phosphate", "v": 0.0027616315889539074}, {"l": "Nitrogen", "v": 0.020654543421300599}]}, {"source": 9, "prod": 0, "target": 11, "value": 0.031715591685595811, "supply": [{"l": "Natural gas (including LNG)", "v": 0.021018642405171206}, {"l": "Residual fuel oil", "v": 0.0070458211344507976}, {"l": "Liquefied petroleum gas (LPG)", "v": 0.0018255640729869036}, {"l": "Hard coal", "v": 0.0018255640729869036}]}, {"source": 12, "prod": 0, "target": 2, "value": 0.030925155135076109, "supply": "[{\"l\":'Labor',\"v\":0.030925155135076109}]"}, {"source": 12, "prod": 0, "target": 6, "value": 0.016081080670239577, "supply": "[{\"l\":'Labor',\"v\":0.016081080670239577}]"}, {"source": 12, "prod": 0, "target": 3, "value": 0.20596153319960689, "supply": "[{\"l\":'Labor',\"v\":0.20596153319960689}]"}, {"source": 12, "prod": 0, "target": 0, "value": 0.023193866351307081, "supply": "[{\"l\":'Labor',\"v\":0.023193866351307081}]"}, {"source": 12, "prod": 0, "target": 4, "value": 0.0064942825783659832, "supply": "[{\"l\":'Labor',\"v\":0.0064942825783659832}]"}, {"source": 12, "prod": 0, "target": 7, "value": 0.13792619190243943, "supply": "[{\"l\":'Labor',\"v\":0.13792619190243943}]"}, {"source": 12, "prod": 0, "target": 5, "value": 0.19761174131313633, "supply": "[{\"l\":'Labor',\"v\":0.19761174131313633}]"}]}