{"nodes": [{"layer": 13, "name": "Other Processed", "fill": "#9c9ede"}, {"layer": 16, "name": "Food", "fill": "#b5cf6b"}, {"layer": 13, "name": "Animal Products", "fill": "#17becf"}, {"layer": 5, "name": "Cereals", "fill": "#e7ba52"}, {"layer": 5, "name": "Oilcrops", "fill": "#ff9896"}, {"layer": 13, "name": "Sugar", "fill": "#d6616b"}, {"layer": 5, "name": "Starchy Roots"}, {"layer": 5, "name": "Fruits & Vegetables"}, {"layer": 5, "name": "Others"}, {"layer": 13, "name": "Aquatic Products", "fill": "#1f77b4"}, {"layer": 13, "name": "Vegetable Oils", "fill": "#f7b6d2"}, {"layer": 5, "name": "Sugar Crops", "fill": "#ffbb78"}, {"layer": 10, "name": "Processing", "fill": "#9edae5"}, {"layer": 16, "name": "Biofuels & Other", "fill": "#e7ba52"}, {"name": "Waste", "fill": "#c7c7c7"}, {"layer": 2, "name": "Import", "fill": "#aec7e8"}, {"layer": 10, "name": "Feed", "fill": "#dbdb8d"}, {"layer": 16, "name": "Export", "fill": "#aec7e8"}, {"layer": 2, "name": "Electricity", "fill": "#bcbd22"}, {"layer": 0, "name": "Fossil Fuels", "fill": "#c49c94"}, {"layer": 0, "name": "Renewables & Nuclear", "fill": "#2ca02c"}, {"layer": 2, "name": "Fertilizers", "fill": "#c5b0d5"}, {"layer": 0, "name": "Labor", "fill": "#7f7f7f"}], "links": [{"source": 0, "prod": 8.0, "target": 1, "value": 0.082306156324108329, "supply": [{"l": "Beer", "v": 0.010376707387566665}, {"l": "Butter, Ghee", "v": 0.050704365643791667}, {"l": "Fats, Animals, Raw", "v": 0.02122508329275}]}, {"source": 2, "prod": 880.0, "target": 1, "value": 0.8348711657762895, "supply": [{"l": "Milk - Excluding Butter", "v": 0.63469440528075272}, {"l": "Meat, Other", "v": 0.019976548981411765}, {"l": "Mutton & Goat Meat", "v": 0.092771887239834427}, {"l": "Bovine Meat", "v": 0.067783330515556461}, {"l": "Eggs", "v": 0.0014150055528499999}, {"l": "Poultry Meat", "v": 0.0010612541646375}, {"l": "Offals, Edible", "v": 0.017168734041246664}]}, {"source": 3, "prod": 265.0, "target": 1, "value": 1.0339614066546277, "supply": [{"l": "Maize", "v": 0.44923640858985819}, {"l": "Sorghum", "v": 0.42860334428871588}, {"l": "Rice", "v": 0.098887118828017331}, {"l": "Wheat", "v": 0.057234534948036216}]}, {"source": 4, "prod": 4.0, "target": 1, "value": 0.0208713319045375, "supply": [{"l": "Coconuts - Incl Copra", "v": 0.0028300111056999999}, {"l": "Sesame seed", "v": 0.012735049975650002}, {"l": "Groundnuts", "v": 0.0053062708231875}]}, {"source": 5, "prod": 32.0, "target": 1, "value": 0.1333249676463111, "supply": [{"l": "Sugar", "v": 0.1333249676463111}]}, {"source": 6, "prod": 15.0, "target": 1, "value": 0.018866740704666665, "supply": [{"l": "Sweet potatoes", "v": 0.0016980066634200001}, {"l": "Cassava", "v": 0.017168734041246664}]}, {"source": 7, "prod": 151.0, "target": 1, "value": 0.093121626325945672, "supply": [{"l": "Dates", "v": 0.023829979878678412}, {"l": "Fruits, Other", "v": 0.042294671469802203}, {"l": "Grapefruit", "v": 0.0012735049975650002}, {"l": "Lemons, Limes", "v": 0.0011622222200000001}, {"l": "Bananas", "v": 0.017276230587122094}, {"l": "Vegetables, Other", "v": 0.0061058458787363011}, {"l": "Oranges, Mandarines", "v": 0.0011791712940416666}]}, {"source": 8, "prod": 4.0, "target": 1, "value": 0.0033960133268400002, "supply": [{"l": "Tea", "v": 0.0016980066634200001}, {"l": "Coffee", "v": 0.0016980066634200001}]}, {"source": 9, "prod": 2.0, "target": 1, "value": 0.0024762597174874997, "supply": [{"l": "Fish, Seafood", "v": 0.0014150055528499999}, {"l": "Marine Fish, Other", "v": 0.0010612541646375}]}, {"source": 10, "prod": 7.0, "target": 1, "value": 0.075053180891848426, "supply": [{"l": "Coconut Oil", "v": 0.012735049975650002}, {"l": "Maize Germ Oil", "v": 0.031258759031140913}, {"l": "Sesameseed Oil", "v": 0.0095512874817375009}, {"l": "Soyabean Oil", "v": 0.010188039980520001}, {"l": "Cottonseed Oil", "v": 0.011320044422799999}]}, {"source": 11, "prod": 117.0, "target": 12, "value": 0.041388912420862498, "supply": [{"l": "Sugar cane", "v": 0.041388912420862498}]}, {"source": 4, "prod": 4.0, "target": 12, "value": 0.024408845786662501, "supply": [{"l": "Cottonseed", "v": 0.0053062708231875}, {"l": "Sesame seed", "v": 0.019102574963475002}]}, {"source": 2, "prod": 257.0, "target": 13, "value": 0.20924480764287676, "supply": [{"l": "Milk - Excluding Butter", "v": 0.20724715274473557}, {"l": "Meat, Other", "v": 0.0019976548981411766}]}, {"source": 3, "prod": 12.0, "target": 3, "value": 0.046387757045299099, "supply": [{"l": "Maize", "v": 0.016044157449637796}, {"l": "Sorghum", "v": 0.030343599595661304}]}, {"source": 4, "prod": 1.0, "target": 4, "value": 0.0053062708231875, "supply": [{"l": "Cottonseed", "v": 0.0053062708231875}]}, {"source": 6, "prod": 3.0, "target": 14, "value": 0.0039620155479800001, "supply": [{"l": "Cassava", "v": 0.0039620155479800001}]}, {"source": 7, "prod": 17.0, "target": 14, "value": 0.0094859550125702685, "supply": [{"l": "Bananas", "v": 0.004146295340909302}, {"l": "Vegetables, Other", "v": 0.0005815091313082192}, {"l": "Fruits, Other", "v": 0.0047581505403527478}]}, {"source": 2, "prod": 216.0, "target": 14, "value": 0.17486478512837064, "supply": [{"l": "Milk - Excluding Butter", "v": 0.17486478512837064}]}, {"source": 3, "prod": 17.0, "target": 14, "value": 0.066224864444394557, "supply": [{"l": "Maize", "v": 0.032088314899275591}, {"l": "Sorghum", "v": 0.034136549545118966}]}, {"source": 15, "prod": 4.0, "target": 8, "value": 0.0033960133268400002, "supply": [{"l": "Coffee", "v": 0.0016980066634200001}, {"l": "Tea", "v": 0.0016980066634200001}]}, {"source": 15, "prod": 52.0, "target": 3, "value": 0.20317364528653842, "supply": [{"l": "Maize", "v": 0.036099354261685042}, {"l": "Wheat", "v": 0.060601272297920693}, {"l": "Rice", "v": 0.098887118828017331}, {"l": "Sorghum", "v": 0.007585899898915326}]}, {"source": 15, "prod": 1.0, "target": 16, "value": 0.00080955919040912332, "supply": [{"l": "Milk - Excluding Butter", "v": 0.00080955919040912332}]}, {"source": 15, "prod": 26.0, "target": 12, "value": 0.1550403003376748, "supply": [{"l": "Soyabean Oil", "v": 0.010188039980520001}, {"l": "Coconut Oil", "v": 0.012735049975650002}, {"l": "Sugar", "v": 0.079161699539997216}, {"l": "Maize Germ Oil", "v": 0.031258759031140913}, {"l": "Beer", "v": 0.010376707387566665}, {"l": "Cottonseed Oil", "v": 0.011320044422799999}]}, {"source": 15, "prod": 10.0, "target": 7, "value": 0.015484040961290274, "supply": [{"l": "Vegetables, Other", "v": 0.0002907545656541096}, {"l": "Fruits, Other", "v": 0.00052868339337252754}, {"l": "Dates", "v": 0.014664603002263637}]}, {"source": 9, "prod": 6.0, "target": 17, "value": 0.0074287791524625009, "supply": [{"l": "Marine Fish, Other", "v": 0.0031837624939125004}, {"l": "Fish, Seafood", "v": 0.00424501665855}]}, {"source": 7, "prod": 95.0, "target": 17, "value": 0.065649676231063964, "supply": [{"l": "Bananas", "v": 0.065649676231063964}]}, {"source": 2, "prod": 1.0, "target": 17, "value": 0.002510493722798387, "supply": [{"l": "Bovine Meat", "v": 0.002510493722798387}]}, {"source": 16, "prod": 8.0, "target": 9, "value": 0.0099050388699500006, "supply": [{"l": "Marine Fish, Other", "v": 0.00424501665855}, {"l": "Fish, Seafood", "v": 0.0056600222113999997}]}, {"source": 16, "prod": 1354.0, "target": 2, "value": 1.2214912522703354, "supply": [{"l": "Poultry Meat", "v": 0.0010612541646375}, {"l": "Bovine Meat", "v": 0.070293824238354854}, {"l": "Eggs", "v": 0.0014150055528499999}, {"l": "Milk - Excluding Butter", "v": 1.016806343153859}, {"l": "Offals, Edible", "v": 0.017168734041246664}, {"l": "Meat, Other", "v": 0.021974203879552942}, {"l": "Mutton & Goat Meat", "v": 0.092771887239834427}]}, {"source": 12, "prod": 8.0, "target": 0, "value": 0.082306156324108329, "supply": [{"l": "Fats, Animals, Raw", "v": 0.02122508329275}, {"l": "Beer", "v": 0.010376707387566665}, {"l": "Butter, Ghee", "v": 0.050704365643791667}]}, {"source": 12, "prod": 7.0, "target": 10, "value": 0.075053180891848426, "supply": [{"l": "Cottonseed Oil", "v": 0.011320044422799999}, {"l": "Maize Germ Oil", "v": 0.031258759031140913}, {"l": "Coconut Oil", "v": 0.012735049975650002}, {"l": "Sesameseed Oil", "v": 0.0095512874817375009}, {"l": "Soyabean Oil", "v": 0.010188039980520001}]}, {"source": 12, "prod": 32.0, "target": 5, "value": 0.1333249676463111, "supply": [{"l": "Sugar", "v": 0.1333249676463111}]}, {"source": 18, "prod": 0, "target": 6, "value": 0.0015156443297473323, "supply": "[{\"l\":'Energy for power irrigation',\"v\":0.0015156443297473323}]"}, {"source": 18, "prod": 0, "target": 11, "value": 0.0095854263016452897, "supply": "[{\"l\":'Energy for power irrigation',\"v\":0.0095854263016452897}]"}, {"source": 18, "prod": 0, "target": 7, "value": 0.02121902061646265, "supply": "[{\"l\":'Energy for power irrigation',\"v\":0.02121902061646265}]"}, {"source": 18, "prod": 0, "target": 3, "value": 0.02199732446146804, "supply": "[{\"l\":'Energy for power irrigation',\"v\":0.02199732446146804}]"}, {"source": 18, "prod": 0, "target": 4, "value": 0.00073734048474194533, "supply": "[{\"l\":'Energy for power irrigation',\"v\":0.00073734048474194533}]"}, {"source": 18, "prod": 0, "target": 12, "value": 0.00017654437258971082, "supply": "[{\"l\":'Electricity',\"v\":0.00017654437258971082}]"}, {"source": 19, "prod": 0, "target": 18, "value": 0.042356371188815765, "supply": [{"l": "Coal", "v": 0.0029487375670295131}, {"l": "Natural gas", "v": 0.0054948656566180367}, {"l": "Oil", "v": 0.033912767965168213}]}, {"source": 20, "prod": 0, "target": 18, "value": 0.039215296923722269, "supply": [{"l": "Nuclear", "v": 0.0}, {"l": "Hydroelectric", "v": 0.038988160573852119}, {"l": "Renewable", "v": 0.00022713634987014757}]}, {"source": 19, "prod": 0, "target": 6, "value": 0.00040300556524112209, "supply": [{"l": "Other fossil fuels", "v": 0.00040300556524112209}]}, {"source": 19, "prod": 0, "target": 11, "value": 0.002548737899092502, "supply": [{"l": "Other fossil fuels", "v": 0.002548737899092502}]}, {"source": 19, "prod": 0, "target": 7, "value": 0.005642077913375709, "supply": [{"l": "Other fossil fuels", "v": 0.005642077913375709}]}, {"source": 19, "prod": 0, "target": 3, "value": 0.0058490267171481779, "supply": [{"l": "Other fossil fuels", "v": 0.0058490267171481779}]}, {"source": 19, "prod": 0, "target": 4, "value": 0.00019605676146865398, "supply": [{"l": "Other fossil fuels", "v": 0.00019605676146865398}]}, {"source": 19, "prod": 0, "target": 16, "value": 0.031499920947536363, "supply": [{"l": "Fossil fuels in fisheries", "v": 0.031499920947536363}]}, {"source": 21, "prod": 0.029225036914561613, "target": 6, "value": 0.00029792734977558498, "supply": [{"l": "Potash", "v": 0.0010851545845054996}, {"l": "Phosphate", "v": 0.00059545233751716635}, {"l": "Nitrogen", "v": 0.009173611118449998}]}, {"source": 21, "prod": 0.18482861183803831, "target": 11, "value": 0.0018841891850672132, "supply": [{"l": "Potash", "v": 0.0010851545845054996}, {"l": "Phosphate", "v": 0.00059545233751716635}, {"l": "Nitrogen", "v": 0.009173611118449998}]}, {"source": 21, "prod": 0.40915051680386261, "target": 7, "value": 0.0041709828968581894, "supply": [{"l": "Potash", "v": 0.0010851545845054996}, {"l": "Phosphate", "v": 0.00059545233751716635}, {"l": "Nitrogen", "v": 0.009173611118449998}]}, {"source": 21, "prod": 0.4241579681924213, "target": 3, "value": 0.0043239726170132197, "supply": [{"l": "Potash", "v": 0.0010851545845054996}, {"l": "Phosphate", "v": 0.00059545233751716635}, {"l": "Nitrogen", "v": 0.009173611118449998}]}, {"source": 21, "prod": 0.014217585526002947, "target": 4, "value": 0.00014493762962055487, "supply": [{"l": "Potash", "v": 0.0010851545845054996}, {"l": "Phosphate", "v": 0.00059545233751716635}, {"l": "Nitrogen", "v": 0.009173611118449998}]}, {"source": 19, "prod": 0, "target": 21, "value": 0.013894607005123252, "supply": [{"l": "Natural gas (including LNG)", "v": 0.0090613308724853871}, {"l": "Residual fuel oil", "v": 0.0032116460112840634}, {"l": "Liquefied petroleum gas (LPG)", "v": 0.00081081506067690046}, {"l": "Hard coal", "v": 0.00081081506067690046}]}, {"source": 22, "prod": 0, "target": 3, "value": 0.17168980474688444, "supply": "[{\"l\":'Labor',\"v\":0.17168980474688444}]"}, {"source": 22, "prod": 0, "target": 4, "value": 0.0057549655222419371, "supply": "[{\"l\":'Labor',\"v\":0.0057549655222419371}]"}, {"source": 22, "prod": 0, "target": 11, "value": 0.074814551789145173, "supply": "[{\"l\":'Labor',\"v\":0.074814551789145173}]"}, {"source": 22, "prod": 0, "target": 6, "value": 0.011829651351275092, "supply": "[{\"l\":'Labor',\"v\":0.011829651351275092}]"}, {"source": 22, "prod": 0, "target": 7, "value": 0.1656151189178513, "supply": "[{\"l\":'Labor',\"v\":0.1656151189178513}]"}, {"source": 22, "prod": 0, "target": 8, "value": 0.001278881227164875, "supply": "[{\"l\":'Labor',\"v\":0.001278881227164875}]"}, {"source": 19, "prod": 0, "target": 15, "value": 0.02173814391039932, "supply": "[{\"l\":'Fossil Fuels',\"v\":0.02173814391039932}]"}, {"source": 20, "prod": 0, "target": 15, "value": 0.12620510179820918, "supply": "[{\"l\":'Renewables & Nuclear',\"v\":0.0015504362253479288},{\"l\":'Biomass & Waste',\"v\":0.12465466557286126}]"}]}