{"nodes": [{"layer": 5, "name": "Wheat"}, {"layer": 10, "name": "Feed", "fill": "#dbdb8d"}, {"layer": 5, "name": "Maize"}, {"layer": 16, "name": "Food", "fill": "#b5cf6b"}, {"layer": 5, "name": "Fruits, Other"}, {"layer": 13, "name": "Sugar", "fill": "#d6616b"}, {"layer": 13, "name": "Maize Germ Oil"}, {"layer": 5, "name": "Grapefruit"}, {"layer": 5, "name": "Rice"}, {"layer": 13, "name": "Butter, Ghee"}, {"layer": 13, "name": "Fats, Animals, Raw"}, {"layer": 5, "name": "Coffee"}, {"layer": 13, "name": "Soyabean Oil"}, {"layer": 5, "name": "Coconuts - Incl Copra"}, {"layer": 13, "name": "Crustaceans"}, {"layer": 13, "name": "Eggs"}, {"layer": 5, "name": "Vegetables, Other"}, {"layer": 5, "name": "Sesame seed"}, {"layer": 13, "name": "Marine Fish, Other"}, {"layer": 5, "name": "Groundnuts"}, {"layer": 5, "name": "Dates"}, {"layer": 5, "name": "Potatoes"}, {"layer": 13, "name": "Coconut Oil"}, {"layer": 13, "name": "Rape and Mustard Oil"}, {"layer": 13, "name": "Milk - Excluding Butter"}, {"layer": 5, "name": "Beans"}, {"layer": 13, "name": "Fish, Seafood"}, {"layer": 13, "name": "Meat, Other"}, {"layer": 5, "name": "Lemons, Limes"}, {"layer": 5, "name": "Sorghum"}, {"layer": 13, "name": "Mutton & Goat Meat"}, {"layer": 13, "name": "Sesameseed Oil"}, {"layer": 5, "name": "Bananas"}, {"layer": 5, "name": "Tea"}, {"layer": 13, "name": "Poultry Meat"}, {"layer": 13, "name": "Offals, Edible"}, {"layer": 5, "name": "Sweet potatoes"}, {"layer": 5, "name": "Oranges, Mandarines"}, {"layer": 13, "name": "Bovine Meat"}, {"layer": 5, "name": "Cassava"}, {"layer": 5, "name": "Cottonseed"}, {"layer": 10, "name": "Processing", "fill": "#9edae5"}, {"layer": 5, "name": "Sugar cane"}, {"layer": 16, "name": "Biofuels & Other", "fill": "#e7ba52"}, {"name": "Waste", "fill": "#c7c7c7"}, {"layer": 2, "name": "Import", "fill": "#aec7e8"}, {"layer": 16, "name": "Export", "fill": "#aec7e8"}, {"layer": 16, "name": "Stock Deposit", "fill": "#c7c7c7"}, {"layer": 0, "name": "Stock Draw", "fill": "#c7c7c7"}, {"layer": 2, "name": "Electricity", "fill": "#bcbd22"}, {"layer": 0, "name": "Fossil Fuels", "fill": "#c49c94"}, {"layer": 0, "name": "Renewables & Nuclear", "fill": "#2ca02c"}, {"layer": 2, "name": "Fertilizers", "fill": "#c5b0d5"}, {"layer": 0, "name": "Labor", "fill": "#7f7f7f"}], "links": [{"source": 0, "prod": 3.0, "target": 1, "value": 0.010126666245697594, "supply": [{"l": "Wheat", "v": 0.010126666245697594}]}, {"source": 2, "prod": 254.0, "target": 3, "value": 1.0203777603254136, "supply": [{"l": "Maize", "v": 1.0203777603254136}]}, {"source": 4, "prod": 89.0, "target": 3, "value": 0.047225810326368751, "supply": [{"l": "Fruits, Other", "v": 0.047225810326368751}]}, {"source": 5, "prod": 59.0, "target": 3, "value": 0.24518322532067216, "supply": [{"l": "Sugar", "v": 0.24518322532067216}]}, {"source": 6, "prod": 3.0, "target": 3, "value": 0.033111129936690006, "supply": [{"l": "Maize Germ Oil", "v": 0.033111129936690006}]}, {"source": 7, "prod": 8.0, "target": 3, "value": 0.002612317943723077, "supply": [{"l": "Grapefruit", "v": 0.002612317943723077}]}, {"source": 8, "prod": 88.0, "target": 3, "value": 0.38145360959928171, "supply": [{"l": "Rice", "v": 0.38145360959928171}]}, {"source": 9, "prod": 11.0, "target": 3, "value": 0.11261779488270882, "supply": [{"l": "Butter, Ghee", "v": 0.11261779488270882}]}, {"source": 10, "prod": 4.0, "target": 3, "value": 0.039620155479800002, "supply": [{"l": "Fats, Animals, Raw", "v": 0.039620155479800002}]}, {"source": 11, "prod": 1.0, "target": 3, "value": 0.00038591060532272727, "supply": [{"l": "Coffee", "v": 0.00038591060532272727}]}, {"source": 0, "prod": 103.0, "target": 3, "value": 0.34768220776895065, "supply": [{"l": "Wheat", "v": 0.34768220776895065}]}, {"source": 12, "prod": 18.0, "target": 3, "value": 0.18443865481975863, "supply": [{"l": "Soyabean Oil", "v": 0.18443865481975863}]}, {"source": 13, "prod": 13.0, "target": 3, "value": 0.027592608280575002, "supply": [{"l": "Coconuts - Incl Copra", "v": 0.027592608280575002}]}, {"source": 14, "prod": 1.0, "target": 3, "value": 0.00079594062347812511, "supply": [{"l": "Crustaceans", "v": 0.00079594062347812511}]}, {"source": 15, "prod": 2.0, "target": 3, "value": 0.0028300111056999999, "supply": [{"l": "Eggs", "v": 0.0028300111056999999}]}, {"source": 16, "prod": 34.0, "target": 3, "value": 0.0080183647994833337, "supply": [{"l": "Vegetables, Other", "v": 0.0080183647994833337}]}, {"source": 17, "prod": 7.0, "target": 3, "value": 0.048624736270663639, "supply": [{"l": "Sesame seed", "v": 0.048624736270663639}]}, {"source": 18, "prod": 9.0, "target": 3, "value": 0.0054578785609928583, "supply": [{"l": "Marine Fish, Other", "v": 0.0054578785609928583}]}, {"source": 19, "prod": 2.0, "target": 3, "value": 0.011320044422799999, "supply": [{"l": "Groundnuts", "v": 0.011320044422799999}]}, {"source": 20, "prod": 10.0, "target": 3, "value": 0.018571947881156251, "supply": [{"l": "Dates", "v": 0.018571947881156251}]}, {"source": 21, "prod": 1.0, "target": 3, "value": 0.00078033394458639719, "supply": [{"l": "Potatoes", "v": 0.00078033394458639719}]}, {"source": 22, "prod": 2.0, "target": 3, "value": 0.022640088845599999, "supply": [{"l": "Coconut Oil", "v": 0.022640088845599999}]}, {"source": 23, "prod": 6.0, "target": 3, "value": 0.061128239883120009, "supply": [{"l": "Rape and Mustard Oil", "v": 0.061128239883120009}]}, {"source": 24, "prod": 1627.0, "target": 3, "value": 1.2739385587176264, "supply": [{"l": "Milk - Excluding Butter", "v": 1.2739385587176264}]}, {"source": 25, "prod": 10.0, "target": 3, "value": 0.039797031173906254, "supply": [{"l": "Beans", "v": 0.039797031173906254}]}, {"source": 26, "prod": 10.0, "target": 3, "value": 0.0079594062347812505, "supply": [{"l": "Fish, Seafood", "v": 0.0079594062347812505}]}, {"source": 27, "prod": 11.0, "target": 3, "value": 0.022118771010339475, "supply": [{"l": "Meat, Other", "v": 0.022118771010339475}]}, {"source": 28, "prod": 2.0, "target": 3, "value": 0.00077182121064545454, "supply": [{"l": "Lemons, Limes", "v": 0.00077182121064545454}]}, {"source": 29, "prod": 184.0, "target": 3, "value": 0.69664165272204315, "supply": [{"l": "Sorghum", "v": 0.69664165272204315}]}, {"source": 30, "prod": 70.0, "target": 3, "value": 0.15918812469562502, "supply": [{"l": "Mutton & Goat Meat", "v": 0.15918812469562502}]}, {"source": 31, "prod": 14.0, "target": 3, "value": 0.14317283457473182, "supply": [{"l": "Sesameseed Oil", "v": 0.14317283457473182}]}, {"source": 32, "prod": 22.0, "target": 3, "value": 0.016009777112245716, "supply": [{"l": "Bananas", "v": 0.016009777112245716}]}, {"source": 33, "prod": 1.0, "target": 3, "value": 0.00084900333171000005, "supply": [{"l": "Tea", "v": 0.00084900333171000005}]}, {"source": 34, "prod": 3.0, "target": 3, "value": 0.0050940199902600007, "supply": [{"l": "Poultry Meat", "v": 0.0050940199902600007}]}, {"source": 35, "prod": 20.0, "target": 3, "value": 0.025727373688181822, "supply": [{"l": "Offals, Edible", "v": 0.025727373688181822}]}, {"source": 36, "prod": 3.0, "target": 3, "value": 0.0025470099951300004, "supply": [{"l": "Sweet potatoes", "v": 0.0025470099951300004}]}, {"source": 37, "prod": 8.0, "target": 3, "value": 0.002612317943723077, "supply": [{"l": "Oranges, Mandarines", "v": 0.002612317943723077}]}, {"source": 38, "prod": 42.0, "target": 3, "value": 0.1064422087517015, "supply": [{"l": "Bovine Meat", "v": 0.1064422087517015}]}, {"source": 39, "prod": 31.0, "target": 3, "value": 0.039478654924515008, "supply": [{"l": "Cassava", "v": 0.039478654924515008}]}, {"source": 40, "prod": 2.0, "target": 41, "value": 0.011320044422799999, "supply": [{"l": "Cottonseed", "v": 0.011320044422799999}]}, {"source": 17, "prod": 30.0, "target": 41, "value": 0.20839172687427271, "supply": [{"l": "Sesame seed", "v": 0.20839172687427271}]}, {"source": 42, "prod": 450.0, "target": 41, "value": 0.16855213203066177, "supply": [{"l": "Sugar cane", "v": 0.16855213203066177}]}, {"source": 24, "prod": 395.0, "target": 43, "value": 0.3092844073100568, "supply": [{"l": "Milk - Excluding Butter", "v": 0.3092844073100568}]}, {"source": 22, "prod": 1.0, "target": 43, "value": 0.011320044422799999, "supply": [{"l": "Coconut Oil", "v": 0.011320044422799999}]}, {"source": 27, "prod": 1.0, "target": 43, "value": 0.0020107973645763157, "supply": [{"l": "Meat, Other", "v": 0.0020107973645763157}]}, {"source": 40, "prod": 1.0, "target": 40, "value": 0.0056600222113999997, "supply": [{"l": "Cottonseed", "v": 0.0056600222113999997}]}, {"source": 2, "prod": 7.0, "target": 2, "value": 0.028120646938101953, "supply": [{"l": "Maize", "v": 0.028120646938101953}]}, {"source": 25, "prod": 3.0, "target": 25, "value": 0.011939109352171875, "supply": [{"l": "Beans", "v": 0.011939109352171875}]}, {"source": 17, "prod": 1.0, "target": 17, "value": 0.0069463908958090903, "supply": [{"l": "Sesame seed", "v": 0.0069463908958090903}]}, {"source": 29, "prod": 11.0, "target": 29, "value": 0.041647055325774326, "supply": [{"l": "Sorghum", "v": 0.041647055325774326}]}, {"source": 2, "prod": 40.0, "target": 44, "value": 0.16068941107486828, "supply": [{"l": "Maize", "v": 0.16068941107486828}]}, {"source": 0, "prod": 4.0, "target": 44, "value": 0.013502221660930123, "supply": [{"l": "Wheat", "v": 0.013502221660930123}]}, {"source": 32, "prod": 4.0, "target": 44, "value": 0.0029108685658628575, "supply": [{"l": "Bananas", "v": 0.0029108685658628575}]}, {"source": 16, "prod": 3.0, "target": 44, "value": 0.00070750277642499997, "supply": [{"l": "Vegetables, Other", "v": 0.00070750277642499997}]}, {"source": 4, "prod": 10.0, "target": 44, "value": 0.0053062708231875, "supply": [{"l": "Fruits, Other", "v": 0.0053062708231875}]}, {"source": 17, "prod": 2.0, "target": 44, "value": 0.013892781791618181, "supply": [{"l": "Sesame seed", "v": 0.013892781791618181}]}, {"source": 24, "prod": 394.0, "target": 44, "value": 0.30850140881053767, "supply": [{"l": "Milk - Excluding Butter", "v": 0.30850140881053767}]}, {"source": 36, "prod": 1.0, "target": 44, "value": 0.00084900333171000005, "supply": [{"l": "Sweet potatoes", "v": 0.00084900333171000005}]}, {"source": 25, "prod": 1.0, "target": 44, "value": 0.0039797031173906252, "supply": [{"l": "Beans", "v": 0.0039797031173906252}]}, {"source": 29, "prod": 26.0, "target": 44, "value": 0.098438494406375657, "supply": [{"l": "Sorghum", "v": 0.098438494406375657}]}, {"source": 39, "prod": 8.0, "target": 44, "value": 0.010188039980520001, "supply": [{"l": "Cassava", "v": 0.010188039980520001}]}, {"source": 45, "prod": 1.0, "target": 21, "value": 0.00078033394458639719, "supply": [{"l": "Potatoes", "v": 0.00078033394458639719}]}, {"source": 45, "prod": 61.0, "target": 8, "value": 0.2644167066540476, "supply": [{"l": "Rice", "v": 0.2644167066540476}]}, {"source": 45, "prod": 73.0, "target": 0, "value": 0.24641554531197471, "supply": [{"l": "Wheat", "v": 0.24641554531197471}]}, {"source": 45, "prod": 129.0, "target": 1, "value": 0.10100680643796793, "supply": [{"l": "Milk - Excluding Butter", "v": 0.10100680643796793}]}, {"source": 45, "prod": 1.0, "target": 25, "value": 0.0039797031173906252, "supply": [{"l": "Beans", "v": 0.0039797031173906252}]}, {"source": 45, "prod": 1.0, "target": 20, "value": 0.001857194788115625, "supply": [{"l": "Dates", "v": 0.001857194788115625}]}, {"source": 45, "prod": 29.0, "target": 41, "value": 0.26261693364113331, "supply": [{"l": "Soyabean Oil", "v": 0.13320569514760344}, {"l": "Sugar", "v": 0.02493388732074632}, {"l": "Rape and Mustard Oil", "v": 0.061128239883120009}, {"l": "Maize Germ Oil", "v": 0.033111129936690006}, {"l": "Butter, Ghee", "v": 0.010237981352973531}]}, {"source": 45, "prod": 1.0, "target": 33, "value": 0.00084900333171000005, "supply": [{"l": "Tea", "v": 0.00084900333171000005}]}, {"source": 45, "prod": 1.0, "target": 11, "value": 0.00038591060532272727, "supply": [{"l": "Coffee", "v": 0.00038591060532272727}]}, {"source": 45, "prod": 110.0, "target": 2, "value": 0.44189588045588779, "supply": [{"l": "Maize", "v": 0.44189588045588779}]}, {"source": 45, "prod": 1.0, "target": 4, "value": 0.00053062708231875, "supply": [{"l": "Fruits, Other", "v": 0.00053062708231875}]}, {"source": 45, "prod": 7.0, "target": 29, "value": 0.026502671570947302, "supply": [{"l": "Sorghum", "v": 0.026502671570947302}]}, {"source": 18, "prod": 2.0, "target": 46, "value": 0.0012128619024428574, "supply": [{"l": "Marine Fish, Other", "v": 0.0012128619024428574}]}, {"source": 32, "prod": 63.0, "target": 46, "value": 0.045846179912340003, "supply": [{"l": "Bananas", "v": 0.045846179912340003}]}, {"source": 26, "prod": 2.0, "target": 46, "value": 0.0015918812469562502, "supply": [{"l": "Fish, Seafood", "v": 0.0015918812469562502}]}, {"source": 8, "prod": 25.0, "target": 47, "value": 0.10836750272706867, "supply": [{"l": "Rice", "v": 0.10836750272706867}]}, {"source": 22, "prod": 3.0, "target": 47, "value": 0.0339601332684, "supply": [{"l": "Coconut Oil", "v": 0.0339601332684}]}, {"source": 48, "prod": 45.0, "target": 2, "value": 0.18077558745922684, "supply": [{"l": "Maize", "v": 0.18077558745922684}]}, {"source": 29, "prod": 93.0, "target": 47, "value": 0.35210692229972834, "supply": [{"l": "Sorghum", "v": 0.35210692229972834}]}, {"source": 17, "prod": 4.0, "target": 47, "value": 0.027785563583236361, "supply": [{"l": "Sesame seed", "v": 0.027785563583236361}]}, {"source": 12, "prod": 5.0, "target": 47, "value": 0.05123295967215518, "supply": [{"l": "Soyabean Oil", "v": 0.05123295967215518}]}, {"source": 5, "prod": 5.0, "target": 47, "value": 0.020778239433955265, "supply": [{"l": "Sugar", "v": 0.020778239433955265}]}, {"source": 0, "prod": 38.0, "target": 47, "value": 0.12827110577883619, "supply": [{"l": "Wheat", "v": 0.12827110577883619}]}, {"source": 1, "prod": 3.0, "target": 34, "value": 0.0050940199902600007, "supply": [{"l": "Poultry Meat", "v": 0.0050940199902600007}]}, {"source": 1, "prod": 1.0, "target": 14, "value": 0.00079594062347812511, "supply": [{"l": "Crustaceans", "v": 0.00079594062347812511}]}, {"source": 1, "prod": 2.0, "target": 15, "value": 0.0028300111056999999, "supply": [{"l": "Eggs", "v": 0.0028300111056999999}]}, {"source": 1, "prod": 2416.0, "target": 24, "value": 1.8917243748382209, "supply": [{"l": "Milk - Excluding Butter", "v": 1.8917243748382209}]}, {"source": 1, "prod": 20.0, "target": 35, "value": 0.025727373688181822, "supply": [{"l": "Offals, Edible", "v": 0.025727373688181822}]}, {"source": 1, "prod": 11.0, "target": 18, "value": 0.0066707404634357157, "supply": [{"l": "Marine Fish, Other", "v": 0.0066707404634357157}]}, {"source": 1, "prod": 12.0, "target": 26, "value": 0.0095512874817375009, "supply": [{"l": "Fish, Seafood", "v": 0.0095512874817375009}]}, {"source": 1, "prod": 42.0, "target": 38, "value": 0.1064422087517015, "supply": [{"l": "Bovine Meat", "v": 0.1064422087517015}]}, {"source": 1, "prod": 12.0, "target": 27, "value": 0.02412956837491579, "supply": [{"l": "Meat, Other", "v": 0.02412956837491579}]}, {"source": 1, "prod": 70.0, "target": 30, "value": 0.15918812469562502, "supply": [{"l": "Mutton & Goat Meat", "v": 0.15918812469562502}]}, {"source": 41, "prod": 4.0, "target": 10, "value": 0.039620155479800002, "supply": [{"l": "Fats, Animals, Raw", "v": 0.039620155479800002}]}, {"source": 41, "prod": 14.0, "target": 31, "value": 0.14317283457473182, "supply": [{"l": "Sesameseed Oil", "v": 0.14317283457473182}]}, {"source": 41, "prod": 23.0, "target": 12, "value": 0.23567161449191382, "supply": [{"l": "Soyabean Oil", "v": 0.23567161449191382}]}, {"source": 41, "prod": 6.0, "target": 22, "value": 0.0679202665368, "supply": [{"l": "Coconut Oil", "v": 0.0679202665368}]}, {"source": 41, "prod": 64.0, "target": 5, "value": 0.26596146475462745, "supply": [{"l": "Sugar", "v": 0.26596146475462745}]}, {"source": 41, "prod": 3.0, "target": 6, "value": 0.033111129936690006, "supply": [{"l": "Maize Germ Oil", "v": 0.033111129936690006}]}, {"source": 41, "prod": 6.0, "target": 23, "value": 0.061128239883120009, "supply": [{"l": "Rape and Mustard Oil", "v": 0.061128239883120009}]}, {"source": 41, "prod": 11.0, "target": 9, "value": 0.11261779488270882, "supply": [{"l": "Butter, Ghee", "v": 0.11261779488270882}]}, {"source": 49, "prod": 0, "target": 2, "value": 0.017207749172504009, "supply": "[{\"l\":'Energy for power irrigation',\"v\":0.017207749172504009}]"}, {"source": 49, "prod": 0, "target": 20, "value": 0.0006088402872953001, "supply": "[{\"l\":'Energy for power irrigation',\"v\":0.0006088402872953001}]"}, {"source": 49, "prod": 0, "target": 28, "value": 0.00012817690258848423, "supply": "[{\"l\":'Energy for power irrigation',\"v\":0.00012817690258848423}]"}, {"source": 49, "prod": 0, "target": 32, "value": 0.005703872165187549, "supply": "[{\"l\":'Energy for power irrigation',\"v\":0.005703872165187549}]"}, {"source": 49, "prod": 0, "target": 39, "value": 0.0024994496004754427, "supply": "[{\"l\":'Energy for power irrigation',\"v\":0.0024994496004754427}]"}, {"source": 49, "prod": 0, "target": 13, "value": 0.00083314986682514762, "supply": "[{\"l\":'Energy for power irrigation',\"v\":0.00083314986682514762}]"}, {"source": 49, "prod": 0, "target": 40, "value": 0.00019226535388272638, "supply": "[{\"l\":'Energy for power irrigation',\"v\":0.00019226535388272638}]"}, {"source": 49, "prod": 0, "target": 16, "value": 0.0023712726978869585, "supply": "[{\"l\":'Energy for power irrigation',\"v\":0.0023712726978869585}]"}, {"source": 49, "prod": 0, "target": 4, "value": 0.0063447566781299697, "supply": "[{\"l\":'Energy for power irrigation',\"v\":0.0063447566781299697}]"}, {"source": 49, "prod": 0, "target": 17, "value": 0.0025635380517696846, "supply": "[{\"l\":'Energy for power irrigation',\"v\":0.0025635380517696846}]"}, {"source": 49, "prod": 0, "target": 36, "value": 0.00025635380517696846, "supply": "[{\"l\":'Energy for power irrigation',\"v\":0.00025635380517696846}]"}, {"source": 49, "prod": 0, "target": 7, "value": 0.00051270761035393693, "supply": "[{\"l\":'Energy for power irrigation',\"v\":0.00051270761035393693}]"}, {"source": 49, "prod": 0, "target": 25, "value": 0.00086519409247226868, "supply": "[{\"l\":'Energy for power irrigation',\"v\":0.00086519409247226868}]"}, {"source": 49, "prod": 0, "target": 37, "value": 0.00051270761035393693, "supply": "[{\"l\":'Energy for power irrigation',\"v\":0.00051270761035393693}]"}, {"source": 49, "prod": 0, "target": 19, "value": 0.00012817690258848423, "supply": "[{\"l\":'Energy for power irrigation',\"v\":0.00012817690258848423}]"}, {"source": 49, "prod": 0, "target": 8, "value": 0.0037171301750660432, "supply": "[{\"l\":'Energy for power irrigation',\"v\":0.0037171301750660432}]"}, {"source": 49, "prod": 0, "target": 29, "value": 0.013907193930850541, "supply": "[{\"l\":'Energy for power irrigation',\"v\":0.013907193930850541}]"}, {"source": 49, "prod": 0, "target": 42, "value": 0.028839803082408952, "supply": "[{\"l\":'Energy for power irrigation',\"v\":0.028839803082408952}]"}, {"source": 49, "prod": 0, "target": 41, "value": 0.0011876797247460491, "supply": "[{\"l\":'Electricity',\"v\":0.0011876797247460491}]"}, {"source": 50, "prod": 0, "target": 49, "value": 0.056737368939052568, "supply": [{"l": "Coal", "v": 0.0016020137767094752}, {"l": "Natural gas", "v": 0.019067512324729256}, {"l": "Oil", "v": 0.036067842837613835}]}, {"source": 51, "prod": 0, "target": 49, "value": 0.070180632837108098, "supply": [{"l": "Nuclear", "v": 0.0}, {"l": "Hydroelectric", "v": 0.069990324648805891}, {"l": "Renewable", "v": 0.00019030818830221229}]}, {"source": 50, "prod": 0, "target": 2, "value": 0.015402620027308708, "supply": [{"l": "Other fossil fuels", "v": 0.015402620027308708}]}, {"source": 50, "prod": 0, "target": 20, "value": 0.00054497165832190957, "supply": [{"l": "Other fossil fuels", "v": 0.00054497165832190957}]}, {"source": 50, "prod": 0, "target": 28, "value": 0.00011473087543619148, "supply": [{"l": "Other fossil fuels", "v": 0.00011473087543619148}]}, {"source": 50, "prod": 0, "target": 32, "value": 0.0051055239569105211, "supply": [{"l": "Other fossil fuels", "v": 0.0051055239569105211}]}, {"source": 50, "prod": 0, "target": 39, "value": 0.0022372520710057337, "supply": [{"l": "Other fossil fuels", "v": 0.0022372520710057337}]}, {"source": 50, "prod": 0, "target": 13, "value": 0.00074575069033524469, "supply": [{"l": "Other fossil fuels", "v": 0.00074575069033524469}]}, {"source": 50, "prod": 0, "target": 40, "value": 0.00017209631315428725, "supply": [{"l": "Other fossil fuels", "v": 0.00017209631315428725}]}, {"source": 50, "prod": 0, "target": 16, "value": 0.0021225211955695424, "supply": [{"l": "Other fossil fuels", "v": 0.0021225211955695424}]}, {"source": 50, "prod": 0, "target": 4, "value": 0.0056791783340914784, "supply": [{"l": "Other fossil fuels", "v": 0.0056791783340914784}]}, {"source": 50, "prod": 0, "target": 17, "value": 0.0022946175087238297, "supply": [{"l": "Other fossil fuels", "v": 0.0022946175087238297}]}, {"source": 50, "prod": 0, "target": 36, "value": 0.00022946175087238297, "supply": [{"l": "Other fossil fuels", "v": 0.00022946175087238297}]}, {"source": 50, "prod": 0, "target": 7, "value": 0.00045892350174476593, "supply": [{"l": "Other fossil fuels", "v": 0.00045892350174476593}]}, {"source": 50, "prod": 0, "target": 25, "value": 0.00077443340919429253, "supply": [{"l": "Other fossil fuels", "v": 0.00077443340919429253}]}, {"source": 50, "prod": 0, "target": 37, "value": 0.00045892350174476593, "supply": [{"l": "Other fossil fuels", "v": 0.00045892350174476593}]}, {"source": 50, "prod": 0, "target": 19, "value": 0.00011473087543619148, "supply": [{"l": "Other fossil fuels", "v": 0.00011473087543619148}]}, {"source": 50, "prod": 0, "target": 8, "value": 0.0033271953876495533, "supply": [{"l": "Other fossil fuels", "v": 0.0033271953876495533}]}, {"source": 50, "prod": 0, "target": 29, "value": 0.012448299984826775, "supply": [{"l": "Other fossil fuels", "v": 0.012448299984826775}]}, {"source": 50, "prod": 0, "target": 42, "value": 0.025814446973143085, "supply": [{"l": "Other fossil fuels", "v": 0.025814446973143085}]}, {"source": 50, "prod": 0, "target": 1, "value": 0.064639069186116421, "supply": [{"l": "Fossil fuels in fisheries", "v": 0.064639069186116421}]}, {"source": 52, "prod": 0.44874651810584959, "target": 2, "value": 0.0065548154648538796, "supply": [{"l": "Potash", "v": 0.000769166667282}, {"l": "Phosphate", "v": 0.0012625000010099998}, {"l": "Nitrogen", "v": 0.033025000026419997}]}, {"source": 52, "prod": 0.01587743732590529, "target": 20, "value": 0.00023192084512518383, "supply": [{"l": "Potash", "v": 0.000769166667282}, {"l": "Phosphate", "v": 0.0012625000010099998}, {"l": "Nitrogen", "v": 0.033025000026419997}]}, {"source": 52, "prod": 0.0033426183844011141, "target": 28, "value": 4.8825441078986067e-05, "supply": [{"l": "Potash", "v": 0.000769166667282}, {"l": "Phosphate", "v": 0.0012625000010099998}, {"l": "Nitrogen", "v": 0.033025000026419997}]}, {"source": 52, "prod": 0.14874651810584957, "target": 32, "value": 0.0021727321280148801, "supply": [{"l": "Potash", "v": 0.000769166667282}, {"l": "Phosphate", "v": 0.0012625000010099998}, {"l": "Nitrogen", "v": 0.033025000026419997}]}, {"source": 52, "prod": 0.065181058495821717, "target": 39, "value": 0.00095209610104022831, "supply": [{"l": "Potash", "v": 0.000769166667282}, {"l": "Phosphate", "v": 0.0012625000010099998}, {"l": "Nitrogen", "v": 0.033025000026419997}]}, {"source": 52, "prod": 0.021727019498607242, "target": 13, "value": 0.00031736536701340947, "supply": [{"l": "Potash", "v": 0.000769166667282}, {"l": "Phosphate", "v": 0.0012625000010099998}, {"l": "Nitrogen", "v": 0.033025000026419997}]}, {"source": 52, "prod": 0.0050139275766016714, "target": 40, "value": 7.3238161618479104e-05, "supply": [{"l": "Potash", "v": 0.000769166667282}, {"l": "Phosphate", "v": 0.0012625000010099998}, {"l": "Nitrogen", "v": 0.033025000026419997}]}, {"source": 52, "prod": 0.06183844011142061, "target": 16, "value": 0.00090327065996124219, "supply": [{"l": "Potash", "v": 0.000769166667282}, {"l": "Phosphate", "v": 0.0012625000010099998}, {"l": "Nitrogen", "v": 0.033025000026419997}]}, {"source": 52, "prod": 0.16545961002785514, "target": 4, "value": 0.0024168593334098105, "supply": [{"l": "Potash", "v": 0.000769166667282}, {"l": "Phosphate", "v": 0.0012625000010099998}, {"l": "Nitrogen", "v": 0.033025000026419997}]}, {"source": 52, "prod": 0.066852367688022274, "target": 17, "value": 0.00097650882157972131, "supply": [{"l": "Potash", "v": 0.000769166667282}, {"l": "Phosphate", "v": 0.0012625000010099998}, {"l": "Nitrogen", "v": 0.033025000026419997}]}, {"source": 52, "prod": 0.0066852367688022283, "target": 36, "value": 9.7650882157972134e-05, "supply": [{"l": "Potash", "v": 0.000769166667282}, {"l": "Phosphate", "v": 0.0012625000010099998}, {"l": "Nitrogen", "v": 0.033025000026419997}]}, {"source": 52, "prod": 0.013370473537604457, "target": 7, "value": 0.00019530176431594427, "supply": [{"l": "Potash", "v": 0.000769166667282}, {"l": "Phosphate", "v": 0.0012625000010099998}, {"l": "Nitrogen", "v": 0.033025000026419997}]}, {"source": 52, "prod": 0.022562674094707521, "target": 25, "value": 0.00032957172728315597, "supply": [{"l": "Potash", "v": 0.000769166667282}, {"l": "Phosphate", "v": 0.0012625000010099998}, {"l": "Nitrogen", "v": 0.033025000026419997}]}, {"source": 52, "prod": 0.013370473537604457, "target": 37, "value": 0.00019530176431594427, "supply": [{"l": "Potash", "v": 0.000769166667282}, {"l": "Phosphate", "v": 0.0012625000010099998}, {"l": "Nitrogen", "v": 0.033025000026419997}]}, {"source": 52, "prod": 0.0033426183844011141, "target": 19, "value": 4.8825441078986067e-05, "supply": [{"l": "Potash", "v": 0.000769166667282}, {"l": "Phosphate", "v": 0.0012625000010099998}, {"l": "Nitrogen", "v": 0.033025000026419997}]}, {"source": 52, "prod": 0.096935933147632311, "target": 8, "value": 0.0014159377912905959, "supply": [{"l": "Potash", "v": 0.000769166667282}, {"l": "Phosphate", "v": 0.0012625000010099998}, {"l": "Nitrogen", "v": 0.033025000026419997}]}, {"source": 52, "prod": 0.36267409470752088, "target": 29, "value": 0.0052975603570699879, "supply": [{"l": "Potash", "v": 0.000769166667282}, {"l": "Phosphate", "v": 0.0012625000010099998}, {"l": "Nitrogen", "v": 0.033025000026419997}]}, {"source": 52, "prod": 0.75208913649025066, "target": 42, "value": 0.010985724242771864, "supply": [{"l": "Potash", "v": 0.000769166667282}, {"l": "Phosphate", "v": 0.0012625000010099998}, {"l": "Nitrogen", "v": 0.033025000026419997}]}, {"source": 50, "prod": 0, "target": 52, "value": 0.042053785400064679, "supply": [{"l": "Natural gas (including LNG)", "v": 0.028388685631017454}, {"l": "Residual fuel oil", "v": 0.0078272313321735357}, {"l": "Liquefied petroleum gas (LPG)", "v": 0.0029189342184368422}, {"l": "Hard coal", "v": 0.0029189342184368422}]}, {"source": 53, "prod": 0, "target": 2, "value": 0.17875923598243815, "supply": "[{\"l\":'Labor',\"v\":0.17875923598243815}]"}, {"source": 53, "prod": 0, "target": 4, "value": 0.065911226675088933, "supply": "[{\"l\":'Labor',\"v\":0.065911226675088933}]"}, {"source": 53, "prod": 0, "target": 7, "value": 0.0053261597313203173, "supply": "[{\"l\":'Labor',\"v\":0.0053261597313203173}]"}, {"source": 53, "prod": 0, "target": 8, "value": 0.038614658052072301, "supply": "[{\"l\":'Labor',\"v\":0.038614658052072301}]"}, {"source": 53, "prod": 0, "target": 11, "value": 0.00033288498320751983, "supply": "[{\"l\":'Labor',\"v\":0.00033288498320751983}]"}, {"source": 53, "prod": 0, "target": 0, "value": 0.049266977514712935, "supply": "[{\"l\":'Labor',\"v\":0.049266977514712935}]"}, {"source": 53, "prod": 0, "target": 13, "value": 0.008655009563395516, "supply": "[{\"l\":'Labor',\"v\":0.008655009563395516}]"}, {"source": 53, "prod": 0, "target": 16, "value": 0.024633488757356468, "supply": "[{\"l\":'Labor',\"v\":0.024633488757356468}]"}, {"source": 53, "prod": 0, "target": 17, "value": 0.026630798656601586, "supply": "[{\"l\":'Labor',\"v\":0.026630798656601586}]"}, {"source": 53, "prod": 0, "target": 19, "value": 0.0013315399328300793, "supply": "[{\"l\":'Labor',\"v\":0.0013315399328300793}]"}, {"source": 53, "prod": 0, "target": 42, "value": 0.29959648488676782, "supply": "[{\"l\":'Labor',\"v\":0.29959648488676782}]"}, {"source": 53, "prod": 0, "target": 20, "value": 0.0063248146809428765, "supply": "[{\"l\":'Labor',\"v\":0.0063248146809428765}]"}, {"source": 53, "prod": 0, "target": 40, "value": 0.001997309899245119, "supply": "[{\"l\":'Labor',\"v\":0.001997309899245119}]"}, {"source": 53, "prod": 0, "target": 21, "value": 0.00033288498320751983, "supply": "[{\"l\":'Labor',\"v\":0.00033288498320751983}]"}, {"source": 53, "prod": 0, "target": 25, "value": 0.0089878945466030351, "supply": "[{\"l\":'Labor',\"v\":0.0089878945466030351}]"}, {"source": 53, "prod": 0, "target": 28, "value": 0.0013315399328300793, "supply": "[{\"l\":'Labor',\"v\":0.0013315399328300793}]"}, {"source": 53, "prod": 0, "target": 29, "value": 0.1444720827120636, "supply": "[{\"l\":'Labor',\"v\":0.1444720827120636}]"}, {"source": 53, "prod": 0, "target": 32, "value": 0.059253527010938528, "supply": "[{\"l\":'Labor',\"v\":0.059253527010938528}]"}, {"source": 53, "prod": 0, "target": 33, "value": 0.00033288498320751983, "supply": "[{\"l\":'Labor',\"v\":0.00033288498320751983}]"}, {"source": 53, "prod": 0, "target": 36, "value": 0.0026630798656601586, "supply": "[{\"l\":'Labor',\"v\":0.0026630798656601586}]"}, {"source": 53, "prod": 0, "target": 37, "value": 0.0053261597313203173, "supply": "[{\"l\":'Labor',\"v\":0.0053261597313203173}]"}, {"source": 53, "prod": 0, "target": 39, "value": 0.025965028690186544, "supply": "[{\"l\":'Labor',\"v\":0.025965028690186544}]"}, {"source": 50, "prod": 0, "target": 45, "value": 0.18898975696144926, "supply": "[{\"l\":'Fossil Fuels',\"v\":0.18898975696144926}]"}, {"source": 51, "prod": 0, "target": 45, "value": 1.0597423613289216, "supply": "[{\"l\":'Renewables & Nuclear',\"v\":0.023214758561883788},{\"l\":'Biomass & Waste',\"v\":1.0365276027670378}]"}]}