{"nodes": [{"layer": 5, "name": "Starchy Roots"}, {"layer": 10, "name": "Feed", "fill": "#dbdb8d"}, {"layer": 5, "name": "Oilcrops", "fill": "#ff9896"}, {"layer": 5, "name": "Vegetables"}, {"layer": 5, "name": "Sugar Crops", "fill": "#ffbb78"}, {"layer": 13, "name": "Milk - Excluding Butter"}, {"layer": 5, "name": "Pulses"}, {"layer": 5, "name": "Fruits - Excluding Wine"}, {"layer": 5, "name": "Cereals - Excluding Beer"}, {"layer": 16, "name": "Food", "fill": "#b5cf6b"}, {"layer": 13, "name": "Meat"}, {"layer": 5, "name": "Treenuts"}, {"layer": 13, "name": "Eggs"}, {"layer": 13, "name": "Alcoholic Beverages"}, {"layer": 5, "name": "Others"}, {"layer": 13, "name": "Fish, Seafood"}, {"layer": 13, "name": "Sugar & Sweeteners"}, {"layer": 13, "name": "Animal Fats"}, {"layer": 5, "name": "Stimulants"}, {"layer": 13, "name": "Vegetable Oils", "fill": "#f7b6d2"}, {"layer": 10, "name": "Processing", "fill": "#9edae5"}, {"layer": 16, "name": "Biofuels & Other", "fill": "#e7ba52"}, {"name": "Waste", "fill": "#c7c7c7"}, {"layer": 2, "name": "Import", "fill": "#aec7e8"}, {"layer": 16, "name": "Export", "fill": "#aec7e8"}, {"layer": 0, "name": "Stock Draw", "fill": "#c7c7c7"}, {"layer": 2, "name": "Electricity", "fill": "#bcbd22"}, {"layer": 0, "name": "Fossil Fuels", "fill": "#c49c94"}, {"layer": 2, "name": "Fertilizers", "fill": "#c5b0d5"}, {"layer": 0, "name": "Labor", "fill": "#7f7f7f"}], "links": [{"source": 0, "prod": 18.0, "target": 1, "value": 0.014078487328572616, "supply": [{"l": "Potatoes", "v": 0.014078487328572616}]}, {"source": 2, "prod": 408.0, "target": 1, "value": 0.47418666576000001, "supply": [{"l": "Cottonseed", "v": 0.47418666576000001}]}, {"source": 3, "prod": 62.0, "target": 1, "value": 0.015187255481462414, "supply": [{"l": "Vegetables, Other", "v": 0.015187255481462414}]}, {"source": 4, "prod": 10.0, "target": 1, "value": 0.011622222200000001, "supply": [{"l": "Sugar beet", "v": 0.011622222200000001}]}, {"source": 5, "prod": 694.0, "target": 1, "value": 0.48411434074600757, "supply": [{"l": "Milk - Excluding Butter", "v": 0.48411434074600757}]}, {"source": 6, "prod": 8.0, "target": 1, "value": 0.0042435289769983883, "supply": [{"l": "Peas", "v": 0.0042435289769983883}]}, {"source": 7, "prod": 15.0, "target": 1, "value": 0.0083508524430491796, "supply": [{"l": "Apples", "v": 0.0083508524430491796}]}, {"source": 8, "prod": 1436.0, "target": 1, "value": 4.6882184493660395, "supply": [{"l": "Maize", "v": 0.046244187735587611}, {"l": "Wheat", "v": 4.5550524919553803}, {"l": "Barley", "v": 0.086921769675071439}]}, {"source": 5, "prod": 706.0, "target": 9, "value": 0.49248519390011725, "supply": [{"l": "Milk - Excluding Butter", "v": 0.49248519390011725}]}, {"source": 10, "prod": 214.0, "target": 9, "value": 0.56942191523119501, "supply": [{"l": "Pigmeat", "v": 0.002497068622676471}, {"l": "Meat, Other", "v": 0.00265313541159375}, {"l": "Poultry Meat", "v": 0.021485513762599696}, {"l": "Offals, Edible", "v": 0.0048056792360943405}, {"l": "Bovine Meat", "v": 0.25214252756353639}, {"l": "Mutton & Goat Meat", "v": 0.28583799063469439}]}, {"source": 11, "prod": 2.0, "target": 9, "value": 0.0039488527056279069, "supply": [{"l": "Treenuts", "v": 0.0039488527056279069}]}, {"source": 12, "prod": 33.0, "target": 9, "value": 0.052481618055272336, "supply": [{"l": "Eggs", "v": 0.052481618055272336}]}, {"source": 13, "prod": 56.0, "target": 9, "value": 0.04181829097898257, "supply": [{"l": "Beer", "v": 0.0077182121064545452}, {"l": "Wine", "v": 0.034100078872528021}]}, {"source": 3, "prod": 623.0, "target": 9, "value": 0.15148632656783045, "supply": [{"l": "Vegetables, Other", "v": 0.073731675805164293}, {"l": "Tomatoes", "v": 0.047849894233362035}, {"l": "Onions", "v": 0.029904756529304119}]}, {"source": 14, "prod": 2.0, "target": 9, "value": 0.0045892071984324325, "supply": [{"l": "Nuts", "v": 0.0045892071984324325}]}, {"source": 0, "prod": 130.0, "target": 9, "value": 0.10167796403969113, "supply": [{"l": "Potatoes", "v": 0.10167796403969113}]}, {"source": 15, "prod": 32.0, "target": 9, "value": 0.025490449300427431, "supply": [{"l": "Freshwater Fish", "v": 0.012364126189951459}, {"l": "Fish, Seafood", "v": 0.011950780035800588}, {"l": "Pelagic Fish", "v": 0.0011755430746753848}]}, {"source": 16, "prod": 44.0, "target": 9, "value": 0.14306522488670914, "supply": [{"l": "Sugar", "v": 0.13388129461580769}, {"l": "Sweeteners, Other", "v": 0.00265313541159375}, {"l": "Honey", "v": 0.0065307948593076922}]}, {"source": 7, "prod": 287.0, "target": 9, "value": 0.16955796696209424, "supply": [{"l": "Oranges, Mandarines", "v": 0.0023154636319363637}, {"l": "Fruits, Other", "v": 0.029745366134732786}, {"l": "Grapes", "v": 0.11355802685868412}, {"l": "Apples", "v": 0.023939110336740982}]}, {"source": 8, "prod": 995.0, "target": 9, "value": 3.3424556221199402, "supply": [{"l": "Barley", "v": 0.0020214365040714288}, {"l": "Rice", "v": 0.26849885746612001}, {"l": "Wheat", "v": 3.0719353281497486}]}, {"source": 17, "prod": 12.0, "target": 9, "value": 0.11580454922519345, "supply": [{"l": "Fats, Animals, Raw", "v": 0.082263676861341603}, {"l": "Butter, Ghee", "v": 0.033540872363851858}]}, {"source": 18, "prod": 6.0, "target": 9, "value": 0.037593502365395493, "supply": [{"l": "Cocoa Beans", "v": 0.036224142152960007}, {"l": "Tea", "v": 0.0013693602124354839}]}, {"source": 19, "prod": 33.0, "target": 9, "value": 0.33965646277047473, "supply": [{"l": "Oilcrops Oil, Other", "v": 0.050535912601785714}, {"l": "Soyabean Oil", "v": 0.010107182520357146}, {"l": "Cottonseed Oil", "v": 0.23711450192757863}, {"l": "Sunflowerseed Oil", "v": 0.041898865720753256}]}, {"source": 7, "prod": 70.0, "target": 20, "value": 0.043676164176416975, "supply": [{"l": "Grapes", "v": 0.043676164176416975}]}, {"source": 4, "prod": 220.0, "target": 20, "value": 0.25568888840000004, "supply": [{"l": "Sugar beet", "v": 0.25568888840000004}]}, {"source": 2, "prod": 144.0, "target": 20, "value": 0.16735999968000001, "supply": [{"l": "Cottonseed", "v": 0.16735999968000001}]}, {"source": 16, "prod": 86.0, "target": 21, "value": 0.28082417895023082, "supply": [{"l": "Sugar", "v": 0.28082417895023082}]}, {"source": 19, "prod": 3.0, "target": 21, "value": 0.030725834861885716, "supply": [{"l": "Cottonseed Oil", "v": 0.020618652341528571}, {"l": "Oilcrops Oil, Other", "v": 0.010107182520357144}]}, {"source": 12, "prod": 2.0, "target": 21, "value": 0.0031807041245619605, "supply": [{"l": "Eggs", "v": 0.0031807041245619605}]}, {"source": 10, "prod": 24.0, "target": 21, "value": 0.038445433888754724, "supply": [{"l": "Offals, Edible", "v": 0.038445433888754724}]}, {"source": 0, "prod": 5.0, "target": 0, "value": 0.0039106909246035045, "supply": [{"l": "Potatoes", "v": 0.0039106909246035045}]}, {"source": 8, "prod": 158.0, "target": 8, "value": 0.5089178623849937, "supply": [{"l": "Maize", "v": 0.0033031562668276865}, {"l": "Wheat", "v": 0.44592609602173766}, {"l": "Barley", "v": 0.030321547561071433}, {"l": "Rice", "v": 0.02936706253535688}]}, {"source": 12, "prod": 1.0, "target": 12, "value": 0.0015903520622809802, "supply": [{"l": "Eggs", "v": 0.0015903520622809802}]}, {"source": 2, "prod": 40.0, "target": 2, "value": 0.046488888800000003, "supply": [{"l": "Cottonseed", "v": 0.046488888800000003}]}, {"source": 5, "prod": 7.0, "target": 22, "value": 0.0048829976732306241, "supply": [{"l": "Milk - Excluding Butter", "v": 0.0048829976732306241}]}, {"source": 2, "prod": 20.0, "target": 22, "value": 0.023244444400000001, "supply": [{"l": "Cottonseed", "v": 0.023244444400000001}]}, {"source": 3, "prod": 39.0, "target": 22, "value": 0.0094566711243172612, "supply": [{"l": "Vegetables, Other", "v": 0.0063688490728713342}, {"l": "Onions", "v": 0.0010940764583891752}, {"l": "Tomatoes", "v": 0.001993745593056752}]}, {"source": 0, "prod": 16.0, "target": 22, "value": 0.012514210958731216, "supply": [{"l": "Potatoes", "v": 0.012514210958731216}]}, {"source": 7, "prod": 40.0, "target": 22, "value": 0.023835759136064366, "supply": [{"l": "Fruits, Other", "v": 0.0030249524882779103}, {"l": "Grapes", "v": 0.017470465670566787}, {"l": "Apples", "v": 0.0033403409772196722}]}, {"source": 8, "prod": 168.0, "target": 22, "value": 0.55415109006369978, "supply": [{"l": "Wheat", "v": 0.54171762775974064}, {"l": "Barley", "v": 0.0040428730081428577}, {"l": "Rice", "v": 0.0083905892958162503}]}, {"source": 10, "prod": 11.0, "target": 22, "value": 0.029332847624998673, "supply": [{"l": "Mutton & Goat Meat", "v": 0.014733917043025487}, {"l": "Offals, Edible", "v": 0.0016018930786981134}, {"l": "Bovine Meat", "v": 0.012997037503275076}]}, {"source": 23, "prod": 15.0, "target": 1, "value": 0.018798450876649987, "supply": [{"l": "Pigmeat", "v": 0.002497068622676471}, {"l": "Milk - Excluding Butter", "v": 0.0048829976732306241}, {"l": "Fish, Seafood", "v": 0.00074692375223753672}, {"l": "Pelagic Fish", "v": 0.0011755430746753848}, {"l": "Poultry Meat", "v": 0.0042971027525199393}, {"l": "Bovine Meat", "v": 0.0051988150013100301}]}, {"source": 23, "prod": 9.0, "target": 8, "value": 0.02844668663869292, "supply": [{"l": "Wheat", "v": 0.026425250134621492}, {"l": "Barley", "v": 0.0020214365040714288}]}, {"source": 23, "prod": 113.0, "target": 20, "value": 0.41302291301255417, "supply": [{"l": "Sugar", "v": 0.28082417895023082}, {"l": "Beer", "v": 0.0077182121064545452}, {"l": "Oilcrops Oil, Other", "v": 0.060643095122142866}, {"l": "Butter, Ghee", "v": 0.0083852180909629644}, {"l": "Wine", "v": 0.0007930250900587912}, {"l": "Sweeteners, Other", "v": 0.00265313541159375}, {"l": "Soyabean Oil", "v": 0.010107182520357146}, {"l": "Sunflowerseed Oil", "v": 0.041898865720753256}]}, {"source": 23, "prod": 1.0, "target": 3, "value": 0.00024495573357197442, "supply": [{"l": "Vegetables, Other", "v": 0.00024495573357197442}]}, {"source": 23, "prod": 6.0, "target": 18, "value": 0.037593502365395493, "supply": [{"l": "Cocoa Beans", "v": 0.036224142152960007}, {"l": "Tea", "v": 0.0013693602124354839}]}, {"source": 23, "prod": 24.0, "target": 7, "value": 0.013954092304048257, "supply": [{"l": "Fruits, Other", "v": 0.00050415874804631835}, {"l": "Apples", "v": 0.011134469924065573}, {"l": "Oranges, Mandarines", "v": 0.0023154636319363637}]}, {"source": 19, "prod": 1.0, "target": 24, "value": 0.010309326170764285, "supply": [{"l": "Cottonseed Oil", "v": 0.010309326170764285}]}, {"source": 2, "prod": 48.0, "target": 24, "value": 0.055786666560000003, "supply": [{"l": "Cottonseed", "v": 0.055786666560000003}]}, {"source": 3, "prod": 2.0, "target": 24, "value": 0.00048991146714394884, "supply": [{"l": "Vegetables, Other", "v": 0.00048991146714394884}]}, {"source": 25, "prod": 11.0, "target": 20, "value": 0.035919371726192306, "supply": [{"l": "Sugar", "v": 0.035919371726192306}]}, {"source": 1, "prod": 1407.0, "target": 5, "value": 0.98148253231935545, "supply": [{"l": "Milk - Excluding Butter", "v": 0.98148253231935545}]}, {"source": 1, "prod": 35.0, "target": 12, "value": 0.055662322179834293, "supply": [{"l": "Eggs", "v": 0.057252674242115276}]}, {"source": 1, "prod": 249.0, "target": 10, "value": 0.63720019674494843, "supply": [{"l": "Pigmeat", "v": 0.002497068622676471}, {"l": "Bovine Meat", "v": 0.26513956506681147}, {"l": "Poultry Meat", "v": 0.021485513762599696}, {"l": "Offals, Edible", "v": 0.044853006203547173}, {"l": "Meat, Other", "v": 0.00265313541159375}, {"l": "Mutton & Goat Meat", "v": 0.30057190767771991}]}, {"source": 1, "prod": 32.0, "target": 15, "value": 0.025490449300427431, "supply": [{"l": "Freshwater Fish", "v": 0.012364126189951459}, {"l": "Pelagic Fish", "v": 0.0011755430746753848}, {"l": "Fish, Seafood", "v": 0.011950780035800588}]}, {"source": 20, "prod": 130.0, "target": 16, "value": 0.42388940383693996, "supply": [{"l": "Honey", "v": 0.0065307948593076922}, {"l": "Sweeteners, Other", "v": 0.00265313541159375}, {"l": "Sugar", "v": 0.41470547356603848}]}, {"source": 20, "prod": 37.0, "target": 19, "value": 0.38069162380312477, "supply": [{"l": "Cottonseed Oil", "v": 0.2680424804398715}, {"l": "Oilcrops Oil, Other", "v": 0.060643095122142859}, {"l": "Sunflowerseed Oil", "v": 0.041898865720753256}, {"l": "Soyabean Oil", "v": 0.010107182520357146}]}, {"source": 20, "prod": 12.0, "target": 17, "value": 0.11580454922519345, "supply": [{"l": "Fats, Animals, Raw", "v": 0.082263676861341603}, {"l": "Butter, Ghee", "v": 0.033540872363851858}]}, {"source": 20, "prod": 56.0, "target": 13, "value": 0.04181829097898257, "supply": [{"l": "Beer", "v": 0.0077182121064545452}, {"l": "Wine", "v": 0.034100078872528021}]}, {"source": 26, "prod": 0, "target": 2, "value": 0.00012854065707644587, "supply": "[{\"l\":'Energy for power irrigation',\"v\":0.00012854065707644587}]"}, {"source": 26, "prod": 0, "target": 11, "value": 3.8951714265589659e-07, "supply": "[{\"l\":'Energy for power irrigation',\"v\":3.8951714265589659e-07}]"}, {"source": 26, "prod": 0, "target": 3, "value": 0.00014129734349842648, "supply": "[{\"l\":'Energy for power irrigation',\"v\":0.00014129734349842648}]"}, {"source": 26, "prod": 0, "target": 4, "value": 4.4794471405428099e-05, "supply": "[{\"l\":'Energy for power irrigation',\"v\":4.4794471405428099e-05}]"}, {"source": 26, "prod": 0, "target": 0, "value": 3.2816819268759284e-05, "supply": "[{\"l\":'Energy for power irrigation',\"v\":3.2816819268759284e-05}]"}, {"source": 26, "prod": 0, "target": 6, "value": 1.5580685706235864e-06, "supply": "[{\"l\":'Energy for power irrigation',\"v\":1.5580685706235864e-06}]"}, {"source": 26, "prod": 0, "target": 14, "value": 3.8951714265589659e-07, "supply": "[{\"l\":'Energy for power irrigation',\"v\":3.8951714265589659e-07}]"}, {"source": 26, "prod": 0, "target": 7, "value": 7.8000807816843297e-05, "supply": "[{\"l\":'Energy for power irrigation',\"v\":7.8000807816843297e-05}]"}, {"source": 26, "prod": 0, "target": 8, "value": 0.00053607296758017761, "supply": "[{\"l\":'Energy for power irrigation',\"v\":0.00053607296758017761}]"}, {"source": 26, "prod": 0, "target": 20, "value": 2.2030000017623999, "supply": "[{\"l\":'Electricity',\"v\":2.2030000017623999}]"}, {"source": 27, "prod": 0, "target": 26, "value": 4.1847426193815496, "supply": [{"l": "Coal", "v": 0.0}, {"l": "Natural gas", "v": 4.1847426193815496}, {"l": "Oil", "v": 0.0}]}, {"source": 27, "prod": 0, "target": 2, "value": 0.53921351376837789, "supply": [{"l": "Other fossil fuels", "v": 0.53921351376837789}]}, {"source": 27, "prod": 0, "target": 11, "value": 0.0016339803447526606, "supply": [{"l": "Other fossil fuels", "v": 0.0016339803447526606}]}, {"source": 27, "prod": 0, "target": 3, "value": 0.59272637005902751, "supply": [{"l": "Other fossil fuels", "v": 0.59272637005902751}]}, {"source": 27, "prod": 0, "target": 4, "value": 0.18790773964655594, "supply": [{"l": "Other fossil fuels", "v": 0.18790773964655594}]}, {"source": 27, "prod": 0, "target": 0, "value": 0.13766284404541165, "supply": [{"l": "Other fossil fuels", "v": 0.13766284404541165}]}, {"source": 27, "prod": 0, "target": 6, "value": 0.0065359213790106424, "supply": [{"l": "Other fossil fuels", "v": 0.0065359213790106424}]}, {"source": 27, "prod": 0, "target": 14, "value": 0.0016339803447526606, "supply": [{"l": "Other fossil fuels", "v": 0.0016339803447526606}]}, {"source": 27, "prod": 0, "target": 7, "value": 0.32720456403672027, "supply": [{"l": "Other fossil fuels", "v": 0.32720456403672027}]}, {"source": 27, "prod": 0, "target": 8, "value": 2.2487654494658491, "supply": [{"l": "Other fossil fuels", "v": 2.2487654494658491}]}, {"source": 27, "prod": 0, "target": 1, "value": 0.072947137387043184, "supply": [{"l": "Fossil fuels in fisheries", "v": 0.072947137387043184}]}, {"source": 28, "prod": 30.6972188309228, "target": 2, "value": 0.46254148179230398, "supply": [{"l": "Potash", "v": 0.092955150990877311}, {"l": "Phosphate", "v": 0.054491198634568604}, {"l": "Nitrogen", "v": 3.3230164046707502}]}, {"source": 28, "prod": 0.093021875245220612, "target": 11, "value": 0.0014016408539160728, "supply": [{"l": "Potash", "v": 0.092955150990877311}, {"l": "Phosphate", "v": 0.054491198634568604}, {"l": "Nitrogen", "v": 3.3230164046707502}]}, {"source": 28, "prod": 33.743685245203771, "target": 3, "value": 0.50844521975805534, "supply": [{"l": "Potash", "v": 0.092955150990877311}, {"l": "Phosphate", "v": 0.054491198634568604}, {"l": "Nitrogen", "v": 3.3230164046707502}]}, {"source": 28, "prod": 10.697515653200369, "target": 4, "value": 0.16118869820034837, "supply": [{"l": "Potash", "v": 0.092955150990877311}, {"l": "Phosphate", "v": 0.054491198634568604}, {"l": "Nitrogen", "v": 3.3230164046707502}]}, {"source": 28, "prod": 7.837092989409836, "target": 0, "value": 0.11808824194242912, "supply": [{"l": "Potash", "v": 0.092955150990877311}, {"l": "Phosphate", "v": 0.054491198634568604}, {"l": "Nitrogen", "v": 3.3230164046707502}]}, {"source": 28, "prod": 0.37208750098088245, "target": 6, "value": 0.0056065634156642914, "supply": [{"l": "Potash", "v": 0.092955150990877311}, {"l": "Phosphate", "v": 0.054491198634568604}, {"l": "Nitrogen", "v": 3.3230164046707502}]}, {"source": 28, "prod": 0.093021875245220612, "target": 14, "value": 0.0014016408539160728, "supply": [{"l": "Potash", "v": 0.092955150990877311}, {"l": "Phosphate", "v": 0.054491198634568604}, {"l": "Nitrogen", "v": 3.3230164046707502}]}, {"source": 28, "prod": 18.62763051785543, "target": 7, "value": 0.28067858099669357, "supply": [{"l": "Potash", "v": 0.092955150990877311}, {"l": "Phosphate", "v": 0.054491198634568604}, {"l": "Nitrogen", "v": 3.3230164046707502}]}, {"source": 28, "prod": 128.02135580623488, "target": 8, "value": 1.9290082252019951, "supply": [{"l": "Potash", "v": 0.092955150990877311}, {"l": "Phosphate", "v": 0.054491198634568604}, {"l": "Nitrogen", "v": 3.3230164046707502}]}, {"source": 27, "prod": 0, "target": 28, "value": 4.1841796726775424, "supply": [{"l": "Natural gas (including LNG)", "v": 2.8123666794971101}, {"l": "Fuel oil", "v": 0.78439944076494794}, {"l": "Liquefied petroleum gas (LPG)", "v": 0.29370677620774233}, {"l": "Coal", "v": 0.29370677620774233}]}, {"source": 29, "prod": 0, "target": 2, "value": 0.066793165139378205, "supply": "[{\"l\":'Labor',\"v\":0.066793165139378205}]"}, {"source": 29, "prod": 0, "target": 11, "value": 0.0002024035307253885, "supply": "[{\"l\":'Labor',\"v\":0.0002024035307253885}]"}, {"source": 29, "prod": 0, "target": 3, "value": 0.073421880770634676, "supply": "[{\"l\":'Labor',\"v\":0.073421880770634676}]"}, {"source": 29, "prod": 0, "target": 4, "value": 0.023276406033419676, "supply": "[{\"l\":'Labor',\"v\":0.023276406033419676}]"}, {"source": 29, "prod": 0, "target": 14, "value": 0.0002024035307253885, "supply": "[{\"l\":'Labor',\"v\":0.0002024035307253885}]"}, {"source": 29, "prod": 0, "target": 0, "value": 0.01705249746361398, "supply": "[{\"l\":'Labor',\"v\":0.01705249746361398}]"}, {"source": 29, "prod": 0, "target": 6, "value": 0.00080961412290155401, "supply": "[{\"l\":'Labor',\"v\":0.00080961412290155401}]"}, {"source": 29, "prod": 0, "target": 8, "value": 0.27855785916081593, "supply": "[{\"l\":'Labor',\"v\":0.27855785916081593}]"}, {"source": 29, "prod": 0, "target": 7, "value": 0.040531307027759048, "supply": "[{\"l\":'Labor',\"v\":0.040531307027759048}]"}, {"source": 29, "prod": 0, "target": 18, "value": 0.00030360529608808274, "supply": "[{\"l\":'Labor',\"v\":0.00030360529608808274}]"}]}