{"nodes": [{"layer": 5, "name": "Fruits, Roots & Vegetables", "fill": "#98df8a"}, {"layer": 10, "name": "Feed", "fill": "#dbdb8d"}, {"layer": 5, "name": "Sugar Crops", "fill": "#ffbb78"}, {"layer": 13, "name": "Animal Products", "fill": "#17becf"}, {"layer": 5, "name": "Cereals", "fill": "#e7ba52"}, {"layer": 5, "name": "Oilcrops", "fill": "#ff9896"}, {"layer": 13, "name": "Other Processed", "fill": "#9c9ede"}, {"layer": 16, "name": "Food", "fill": "#b5cf6b"}, {"layer": 13, "name": "Sugar", "fill": "#d6616b"}, {"layer": 13, "name": "Aquatic Products", "fill": "#1f77b4"}, {"layer": 13, "name": "Vegetable Oils", "fill": "#f7b6d2"}, {"layer": 10, "name": "Processing", "fill": "#9edae5"}, {"layer": 16, "name": "Biofuels & Other", "fill": "#e7ba52"}, {"name": "Seed", "fill": "#dbdb8d"}, {"name": "Waste", "fill": "#c7c7c7"}, {"layer": 0, "name": "Import", "fill": "#aec7e8"}, {"layer": 16, "name": "Export", "fill": "#aec7e8"}, {"layer": 16, "name": "Stock Deposit", "fill": "#c7c7c7"}, {"layer": 0, "name": "Production", "fill": "#b5cf6b"}], "links": [{"source": 0, "prod": 0.070404416108951817, "target": 1, "value": 153.0, "supply": [{"l": "Potatoes", "v": 48.0}, {"l": "Vegetables, Other", "v": 84.0}, {"l": "Peas", "v": 10.0}, {"l": "Apples", "v": 11.0}]}, {"source": 2, "prod": 0.016271111080000001, "target": 1, "value": 14.0, "supply": [{"l": "Sugar beet", "v": 14.0}]}, {"source": 3, "prod": 0.93280825270218459, "target": 1, "value": 1348.0, "supply": [{"l": "Milk - Excluding Butter", "v": 1348.0}]}, {"source": 4, "prod": 5.8148036916476347, "target": 1, "value": 1760.0, "supply": [{"l": "Maize", "v": 15.0}, {"l": "Wheat", "v": 1702.0}, {"l": "Barley", "v": 43.0}]}, {"source": 5, "prod": 0.026731111060000003, "target": 1, "value": 23.0, "supply": [{"l": "Cottonseed", "v": 23.0}]}, {"source": 6, "prod": 0.16010384906120492, "target": 7, "value": 58.0, "supply": [{"l": "Beer", "v": 6.0}, {"l": "Wine", "v": 39.0}, {"l": "Fats, Animals, Raw", "v": 9.0}, {"l": "Butter, Ghee", "v": 4.0}]}, {"source": 3, "prod": 1.3171719190059383, "target": 7, "value": 1038.0, "supply": [{"l": "Pigmeat", "v": 1.0}, {"l": "Milk - Excluding Butter", "v": 709.0}, {"l": "Meat, Other", "v": 1.0}, {"l": "Poultry Meat", "v": 25.0}, {"l": "Eggs", "v": 42.0}, {"l": "Offals, Edible", "v": 3.0}, {"l": "Bovine Meat", "v": 130.0}, {"l": "Mutton & Goat Meat", "v": 127.0}]}, {"source": 4, "prod": 3.4167735963038077, "target": 7, "value": 1017.0, "supply": [{"l": "Barley", "v": 3.0}, {"l": "Rice", "v": 64.0}, {"l": "Wheat", "v": 950.0}]}, {"source": 0, "prod": 0.51287408824209635, "target": 7, "value": 1174.0, "supply": [{"l": "Cocoa Beans", "v": 5.0}, {"l": "Potatoes", "v": 160.0}, {"l": "Fruits, Other", "v": 83.0}, {"l": "Nuts", "v": 1.0}, {"l": "Treenuts", "v": 1.0}, {"l": "Tea", "v": 5.0}, {"l": "Vegetables, Other", "v": 342.0}, {"l": "Tomatoes", "v": 295.0}, {"l": "Grapes", "v": 134.0}, {"l": "Onions", "v": 104.0}, {"l": "Apples", "v": 44.0}]}, {"source": 8, "prod": 0.10882573485803969, "target": 7, "value": 44.0, "supply": [{"l": "Sugar", "v": 41.0}, {"l": "Sweeteners, Other", "v": 2.0}, {"l": "Honey", "v": 1.0}]}, {"source": 9, "prod": 0.029820531725382144, "target": 7, "value": 34.0, "supply": [{"l": "Freshwater Fish", "v": 15.0}, {"l": "Fish, Seafood", "v": 17.0}, {"l": "Pelagic Fish", "v": 2.0}]}, {"source": 10, "prod": 0.38700296181583793, "target": 7, "value": 38.0, "supply": [{"l": "Oilcrops Oil, Other", "v": 8.0}, {"l": "Soyabean Oil", "v": 2.0}, {"l": "Cottonseed Oil", "v": 25.0}, {"l": "Sunflowerseed Oil", "v": 3.0}]}, {"source": 0, "prod": 0.040399133646522693, "target": 11, "value": 65.0, "supply": [{"l": "Grapes", "v": 65.0}]}, {"source": 2, "prod": 0.25568888840000004, "target": 11, "value": 220.0, "supply": [{"l": "Sugar beet", "v": 220.0}]}, {"source": 5, "prod": 0.40793999922000007, "target": 11, "value": 351.0, "supply": [{"l": "Cottonseed", "v": 351.0}]}, {"source": 10, "prod": 0.39057495791462005, "target": 12, "value": 38.0, "supply": [{"l": "Cottonseed Oil", "v": 38.0}]}, {"source": 3, "prod": 0.062893503286617136, "target": 12, "value": 38.0, "supply": [{"l": "Offals, Edible", "v": 32.0}, {"l": "Eggs", "v": 6.0}]}, {"source": 8, "prod": 0.20725669568214708, "target": 12, "value": 83.0, "supply": [{"l": "Sugar", "v": 83.0}]}, {"source": 0, "prod": 0.0039148631957116511, "target": 13, "value": 5.0, "supply": [{"l": "Potatoes", "v": 5.0}]}, {"source": 3, "prod": 0.0016037843338087368, "target": 3, "value": 1.0, "supply": [{"l": "Eggs", "v": 1.0}]}, {"source": 4, "prod": 0.50857976606961419, "target": 13, "value": 152.0, "supply": [{"l": "Maize", "v": 1.0}, {"l": "Wheat", "v": 129.0}, {"l": "Barley", "v": 15.0}, {"l": "Rice", "v": 7.0}]}, {"source": 5, "prod": 0.046488888800000003, "target": 13, "value": 40.0, "supply": [{"l": "Cottonseed", "v": 40.0}]}, {"source": 0, "prod": 0.057125305562914959, "target": 14, "value": 119.0, "supply": [{"l": "Potatoes", "v": 28.0}, {"l": "Vegetables, Other", "v": 33.0}, {"l": "Fruits, Other", "v": 8.0}, {"l": "Peas", "v": 1.0}, {"l": "Grapes", "v": 22.0}, {"l": "Onions", "v": 6.0}, {"l": "Tomatoes", "v": 15.0}, {"l": "Apples", "v": 6.0}]}, {"source": 3, "prod": 0.044997243962382832, "target": 14, "value": 25.0, "supply": [{"l": "Milk - Excluding Butter", "v": 10.0}, {"l": "Mutton & Goat Meat", "v": 6.0}, {"l": "Poultry Meat", "v": 1.0}, {"l": "Offals, Edible", "v": 2.0}, {"l": "Bovine Meat", "v": 6.0}]}, {"source": 4, "prod": 0.62616130420265514, "target": 14, "value": 189.0, "supply": [{"l": "Wheat", "v": 185.0}, {"l": "Barley", "v": 2.0}, {"l": "Rice", "v": 2.0}]}, {"source": 5, "prod": 0.023244444400000001, "target": 14, "value": 20.0, "supply": [{"l": "Cottonseed", "v": 20.0}]}, {"source": 15, "prod": 0.38129022105043109, "target": 11, "value": 116.0, "supply": [{"l": "Sweeteners, Other", "v": 2.0}, {"l": "Soyabean Oil", "v": 2.0}, {"l": "Sugar", "v": 94.0}, {"l": "Beer", "v": 6.0}, {"l": "Butter, Ghee", "v": 1.0}, {"l": "Oilcrops Oil, Other", "v": 8.0}, {"l": "Sunflowerseed Oil", "v": 3.0}]}, {"source": 15, "prod": 1.5526547758906621, "target": 4, "value": 470.0, "supply": [{"l": "Wheat", "v": 467.0}, {"l": "Barley", "v": 3.0}]}, {"source": 15, "prod": 0.017322193616557895, "target": 1, "value": 14.0, "supply": [{"l": "Milk - Excluding Butter", "v": 2.0}, {"l": "Pelagic Fish", "v": 2.0}, {"l": "Eggs", "v": 1.0}, {"l": "Poultry Meat", "v": 7.0}, {"l": "Fish, Seafood", "v": 2.0}]}, {"source": 15, "prod": 0.050340817027414039, "target": 0, "value": 18.0, "supply": [{"l": "Cocoa Beans", "v": 5.0}, {"l": "Potatoes", "v": 1.0}, {"l": "Vegetables, Other", "v": 1.0}, {"l": "Fruits, Other", "v": 2.0}, {"l": "Tea", "v": 5.0}, {"l": "Onions", "v": 4.0}]}, {"source": 0, "prod": 0.00082577146933189138, "target": 16, "value": 2.0, "supply": [{"l": "Vegetables, Other", "v": 1.0}, {"l": "Apples", "v": 1.0}]}, {"source": 10, "prod": 0.020556576732348425, "target": 16, "value": 2.0, "supply": [{"l": "Cottonseed Oil", "v": 2.0}]}, {"source": 5, "prod": 0.054624444340000002, "target": 16, "value": 47.0, "supply": [{"l": "Cottonseed", "v": 47.0}]}, {"source": 5, "prod": 0.20919999960000002, "target": 17, "value": 180.0, "supply": [{"l": "Cottonseed", "v": 180.0}]}, {"source": 18, "prod": 8.8169670202732995, "target": 4, "value": 2649.0, "supply": [{"l": "Maize", "v": 16.0}, {"l": "Barley", "v": 60.0}, {"l": "Rice", "v": 73.0}, {"l": "Wheat", "v": 2500.0}]}, {"source": 18, "prod": 0.76822888742000006, "target": 5, "value": 661.0, "supply": [{"l": "Cottonseed", "v": 661.0}]}, {"source": 18, "prod": 0.6428993140953887, "target": 0, "value": 1503.0, "supply": [{"l": "Potatoes", "v": 240.0}, {"l": "Fruits, Other", "v": 89.0}, {"l": "Nuts", "v": 2.0}, {"l": "Treenuts", "v": 2.0}, {"l": "Vegetables, Other", "v": 459.0}, {"l": "Peas", "v": 11.0}, {"l": "Tomatoes", "v": 310.0}, {"l": "Grapes", "v": 222.0}, {"l": "Onions", "v": 106.0}, {"l": "Apples", "v": 62.0}]}, {"source": 18, "prod": 0.27195999947999999, "target": 2, "value": 234.0, "supply": [{"l": "Sugar beet", "v": 234.0}]}, {"source": 1, "prod": 0.029820531725382144, "target": 9, "value": 34.0, "supply": [{"l": "Freshwater Fish", "v": 15.0}, {"l": "Pelagic Fish", "v": 2.0}, {"l": "Fish, Seafood", "v": 17.0}]}, {"source": 1, "prod": 2.357870918957123, "target": 3, "value": 2449.0, "supply": [{"l": "Poultry Meat", "v": 26.0}, {"l": "Pigmeat", "v": 1.0}, {"l": "Bovine Meat", "v": 136.0}, {"l": "Eggs", "v": 49.0}, {"l": "Milk - Excluding Butter", "v": 2067.0}, {"l": "Offals, Edible", "v": 37.0}, {"l": "Meat, Other", "v": 1.0}, {"l": "Mutton & Goat Meat", "v": 133.0}]}, {"source": 11, "prod": 0.16010384906120492, "target": 6, "value": 58.0, "supply": [{"l": "Fats, Animals, Raw", "v": 9.0}, {"l": "Beer", "v": 6.0}, {"l": "Butter, Ghee", "v": 4.0}, {"l": "Wine", "v": 39.0}]}, {"source": 11, "prod": 0.79813449646280643, "target": 10, "value": 78.0, "supply": [{"l": "Cottonseed Oil", "v": 65.0}, {"l": "Oilcrops Oil, Other", "v": 8.0}, {"l": "Sunflowerseed Oil", "v": 3.0}, {"l": "Soyabean Oil", "v": 2.0}]}, {"source": 11, "prod": 0.31608243054018675, "target": 8, "value": 127.0, "supply": [{"l": "Honey", "v": 1.0}, {"l": "Sweeteners, Other", "v": 2.0}, {"l": "Sugar", "v": 124.0}]}]}