{"nodes": [{"layer": 5, "name": "Fruits, Roots & Vegetables", "fill": "#98df8a"}, {"layer": 10, "name": "Feed", "fill": "#dbdb8d"}, {"layer": 13, "name": "Animal Products", "fill": "#17becf"}, {"layer": 5, "name": "Cereals", "fill": "#e7ba52"}, {"layer": 5, "name": "Oilcrops", "fill": "#ff9896"}, {"layer": 13, "name": "Other Processed", "fill": "#9c9ede"}, {"layer": 16, "name": "Food", "fill": "#b5cf6b"}, {"layer": 13, "name": "Sugar", "fill": "#d6616b"}, {"layer": 13, "name": "Aquatic Products", "fill": "#1f77b4"}, {"layer": 13, "name": "Vegetable Oils", "fill": "#f7b6d2"}, {"layer": 10, "name": "Processing", "fill": "#9edae5"}, {"layer": 16, "name": "Biofuels & Other", "fill": "#e7ba52"}, {"name": "Waste", "fill": "#c7c7c7"}, {"layer": 2, "name": "Import", "fill": "#aec7e8"}, {"layer": 16, "name": "Export", "fill": "#aec7e8"}, {"layer": 0, "name": "Stock Draw", "fill": "#c7c7c7"}, {"layer": 16, "name": "Stock Deposit", "fill": "#c7c7c7"}, {"layer": 2, "name": "Electricity", "fill": "#bcbd22"}, {"layer": 0, "name": "Fossil Fuels", "fill": "#c49c94"}, {"layer": 0, "name": "Renewables & Nuclear", "fill": "#2ca02c"}, {"layer": 2, "name": "Fertilizers", "fill": "#c5b0d5"}, {"layer": 0, "name": "Labor", "fill": "#7f7f7f"}], "links": [{"source": 0, "prod": 51.0, "target": 1, "value": 0.017947161249762405, "supply": [{"l": "Vegetables, Other", "v": 0.006844501162593216}, {"l": "Peas", "v": 0.0025964244164106026}, {"l": "Apples", "v": 0.0085062356707585867}]}, {"source": 2, "prod": 167.0, "target": 1, "value": 0.116972745379993, "supply": [{"l": "Milk - Excluding Butter", "v": 0.116972745379993}]}, {"source": 3, "prod": 132.0, "target": 1, "value": 0.42517960092675045, "supply": [{"l": "Maize", "v": 0.015146140051574924}, {"l": "Wheat", "v": 0.31715104509835501}, {"l": "Barley", "v": 0.092882415776820521}]}, {"source": 4, "prod": 168.0, "target": 1, "value": 0.19525333296, "supply": [{"l": "Cottonseed", "v": 0.19525333296}]}, {"source": 5, "prod": 47.0, "target": 6, "value": 0.087656596367585202, "supply": [{"l": "Beer", "v": 0.0020408733935336539}, {"l": "Wine", "v": 0.027584945795631768}, {"l": "Fats, Animals, Raw", "v": 0.041050710544219778}, {"l": "Butter, Ghee", "v": 0.0169800666342}]}, {"source": 2, "prod": 717.0, "target": 6, "value": 0.74629025644040325, "supply": [{"l": "Pigmeat", "v": 0.003859106053227273}, {"l": "Milk - Excluding Butter", "v": 0.41045526223159229}, {"l": "Meat, Other", "v": 0.0036913188335217393}, {"l": "Poultry Meat", "v": 0.0021769316197692307}, {"l": "Eggs", "v": 0.023855280934214698}, {"l": "Offals, Edible", "v": 0.0078977054112558138}, {"l": "Bovine Meat", "v": 0.12609412711316234}, {"l": "Mutton & Goat Meat", "v": 0.16826052424365986}]}, {"source": 3, "prod": 874.0, "target": 6, "value": 2.9018823218765166, "supply": [{"l": "Rice", "v": 0.06404119959019397}, {"l": "Wheat", "v": 2.8378411222863225}]}, {"source": 0, "prod": 543.0, "target": 6, "value": 0.20755263195655663, "supply": [{"l": "Oranges, Mandarines", "v": 0.0037566519102212397}, {"l": "Cocoa Beans", "v": 0.017415452958153846}, {"l": "Potatoes", "v": 0.020231881821512133}, {"l": "Fruits, Other", "v": 0.01126562113230577}, {"l": "Infant food", "v": 0.0036913188335217393}, {"l": "Apples", "v": 0.013042894695163168}, {"l": "Nuts", "v": 0.0048514476097714296}, {"l": "Treenuts", "v": 0.0036913188335217393}, {"l": "Tea", "v": 0.00075803868902678576}, {"l": "Vegetables, Other", "v": 0.058862709998301656}, {"l": "Tomatoes", "v": 0.016561838391978324}, {"l": "Grapes", "v": 0.035012173703115636}, {"l": "Onions", "v": 0.018411283379963176}]}, {"source": 7, "prod": 69.0, "target": 6, "value": 0.23288388821346517, "supply": [{"l": "Sugar", "v": 0.19989444640965492}, {"l": "Sweeteners, Other", "v": 0.002497068622676471}, {"l": "Honey", "v": 0.030492373181133802}]}, {"source": 8, "prod": 18.0, "target": 6, "value": 0.015026571337716128, "supply": [{"l": "Freshwater Fish", "v": 0.0076794271209949753}, {"l": "Fish, Seafood", "v": 0.0073471442167211539}]}, {"source": 9, "prod": 43.0, "target": 6, "value": 0.44208018436993474, "supply": [{"l": "Oilcrops Oil, Other", "v": 0.010612541646375}, {"l": "Soyabean Oil", "v": 0.020214365040714291}, {"l": "Cottonseed Oil", "v": 0.35957481401354113}, {"l": "Sunflowerseed Oil", "v": 0.051678463669304342}]}, {"source": 0, "prod": 60.0, "target": 10, "value": 0.038195098585217059, "supply": [{"l": "Grapes", "v": 0.038195098585217059}]}, {"source": 4, "prod": 130.0, "target": 10, "value": 0.1510888886, "supply": [{"l": "Cottonseed", "v": 0.1510888886}]}, {"source": 9, "prod": 21.0, "target": 11, "value": 0.21811771713004147, "supply": [{"l": "Cottonseed Oil", "v": 0.14382992560541646}, {"l": "Oilcrops Oil, Other", "v": 0.074287791524625002}]}, {"source": 2, "prod": 8.0, "target": 11, "value": 0.010530273881674419, "supply": [{"l": "Offals, Edible", "v": 0.010530273881674419}]}, {"source": 7, "prod": 32.0, "target": 11, "value": 0.10841732686625352, "supply": [{"l": "Sugar", "v": 0.10841732686625352}]}, {"source": 0, "prod": 1.0, "target": 0, "value": 0.00080927527286048532, "supply": [{"l": "Potatoes", "v": 0.00080927527286048532}]}, {"source": 3, "prod": 92.0, "target": 3, "value": 0.30298646984322386, "supply": [{"l": "Maize", "v": 0.0075730700257874619}, {"l": "Wheat", "v": 0.24777425398308989}, {"l": "Barley", "v": 0.034830905916307692}, {"l": "Rice", "v": 0.012808239918038795}]}, {"source": 4, "prod": 35.0, "target": 4, "value": 0.040677777700000001, "supply": [{"l": "Cottonseed", "v": 0.040677777700000001}]}, {"source": 0, "prod": 50.0, "target": 12, "value": 0.019415185880343432, "supply": [{"l": "Potatoes", "v": 0.00080927527286048532}, {"l": "Vegetables, Other", "v": 0.0054756009300745735}, {"l": "Fruits, Other", "v": 0.00097961922889615392}, {"l": "Grapes", "v": 0.0082756046934636968}, {"l": "Onions", "v": 0.0010421481158469723}, {"l": "Tomatoes", "v": 0.00056460812699926112}, {"l": "Apples", "v": 0.00226832951220229}]}, {"source": 2, "prod": 11.0, "target": 12, "value": 0.020854726649548943, "supply": [{"l": "Mutton & Goat Meat", "v": 0.0088558170654557834}, {"l": "Milk - Excluding Butter", "v": 0.0028017424043112098}, {"l": "Offals, Edible", "v": 0.0013162842352093024}, {"l": "Bovine Meat", "v": 0.0078808829445726463}]}, {"source": 3, "prod": 71.0, "target": 12, "value": 0.23512430246348123, "supply": [{"l": "Wheat", "v": 0.22795231366444266}, {"l": "Barley", "v": 0.0029025754930256413}, {"l": "Rice", "v": 0.0042694133060129317}]}, {"source": 4, "prod": 11.0, "target": 12, "value": 0.012784444420000001, "supply": [{"l": "Cottonseed", "v": 0.012784444420000001}]}, {"source": 13, "prod": 112.0, "target": 10, "value": 0.46964287717313719, "supply": [{"l": "Sweeteners, Other", "v": 0.002497068622676471}, {"l": "Soyabean Oil", "v": 0.020214365040714291}, {"l": "Sugar", "v": 0.30831177327590847}, {"l": "Beer", "v": 0.0020408733935336539}, {"l": "Oilcrops Oil, Other", "v": 0.084900333171}, {"l": "Sunflowerseed Oil", "v": 0.051678463669304342}]}, {"source": 13, "prod": 243.0, "target": 3, "value": 0.80278858290521116, "supply": [{"l": "Wheat", "v": 0.80278858290521116}]}, {"source": 13, "prod": 55.0, "target": 0, "value": 0.050947066334565964, "supply": [{"l": "Grapes", "v": 0.0006365849764202843}, {"l": "Cocoa Beans", "v": 0.017415452958153846}, {"l": "Potatoes", "v": 0.0080927527286048535}, {"l": "Vegetables, Other", "v": 0.00022815003875310721}, {"l": "Fruits, Other", "v": 0.00048980961444807696}, {"l": "Infant food", "v": 0.0036913188335217393}, {"l": "Apples", "v": 0.01587830658541603}, {"l": "Oranges, Mandarines", "v": 0.0037566519102212397}, {"l": "Tea", "v": 0.00075803868902678576}]}, {"source": 13, "prod": 5.0, "target": 1, "value": 0.011208279527174665, "supply": [{"l": "Milk - Excluding Butter", "v": 0.00070043560107780245}, {"l": "Bovine Meat", "v": 0.010507843926096862}]}, {"source": 0, "prod": 5.0, "target": 14, "value": 0.001140750193765536, "supply": [{"l": "Vegetables, Other", "v": 0.001140750193765536}]}, {"source": 9, "prod": 1.0, "target": 14, "value": 0.010273566114672603, "supply": [{"l": "Cottonseed Oil", "v": 0.010273566114672603}]}, {"source": 4, "prod": 35.0, "target": 14, "value": 0.040677777700000001, "supply": [{"l": "Cottonseed", "v": 0.040677777700000001}]}, {"source": 15, "prod": 26.0, "target": 10, "value": 0.2671127189814877, "supply": [{"l": "Cottonseed Oil", "v": 0.2671127189814877}]}, {"source": 15, "prod": 100.0, "target": 0, "value": 0.02281500387531072, "supply": [{"l": "Vegetables, Other", "v": 0.02281500387531072}]}, {"source": 2, "prod": 8.0, "target": 16, "value": 0.021015687852193723, "supply": [{"l": "Bovine Meat", "v": 0.021015687852193723}]}, {"source": 15, "prod": 9.0, "target": 1, "value": 0.026567451196367345, "supply": [{"l": "Mutton & Goat Meat", "v": 0.026567451196367345}]}, {"source": 15, "prod": 175.0, "target": 3, "value": 0.56811289529182085, "supply": [{"l": "Wheat", "v": 0.49554850796617977}, {"l": "Barley", "v": 0.072564387325641036}]}, {"source": 1, "prod": 18.0, "target": 8, "value": 0.015026571337716128, "supply": [{"l": "Freshwater Fish", "v": 0.0076794271209949753}, {"l": "Fish, Seafood", "v": 0.0073471442167211539}]}, {"source": 1, "prod": 911.0, "target": 2, "value": 0.91566369020381333, "supply": [{"l": "Poultry Meat", "v": 0.0021769316197692307}, {"l": "Pigmeat", "v": 0.003859106053227273}, {"l": "Bovine Meat", "v": 0.1549906979099287}, {"l": "Eggs", "v": 0.023855280934214698}, {"l": "Milk - Excluding Butter", "v": 0.53022975001589645}, {"l": "Offals, Edible", "v": 0.019744263528139534}, {"l": "Meat, Other", "v": 0.0036913188335217393}, {"l": "Mutton & Goat Meat", "v": 0.17711634130911566}]}, {"source": 10, "prod": 47.0, "target": 5, "value": 0.087656596367585202, "supply": [{"l": "Fats, Animals, Raw", "v": 0.041050710544219778}, {"l": "Beer", "v": 0.0020408733935336539}, {"l": "Butter, Ghee", "v": 0.0169800666342}, {"l": "Wine", "v": 0.027584945795631768}]}, {"source": 10, "prod": 65.0, "target": 9, "value": 0.67047146761464871, "supply": [{"l": "Cottonseed Oil", "v": 0.51367830573363016}, {"l": "Oilcrops Oil, Other", "v": 0.084900333171}, {"l": "Sunflowerseed Oil", "v": 0.051678463669304342}, {"l": "Soyabean Oil", "v": 0.020214365040714291}]}, {"source": 10, "prod": 101.0, "target": 7, "value": 0.34130121507971867, "supply": [{"l": "Honey", "v": 0.030492373181133802}, {"l": "Sweeteners, Other", "v": 0.002497068622676471}, {"l": "Sugar", "v": 0.30831177327590842}]}, {"source": 17, "prod": 0, "target": 0, "value": 0.00030965931210840878, "supply": "[{\"l\":'Energy for power irrigation',\"v\":0.00030965931210840878}]"}, {"source": 17, "prod": 0, "target": 3, "value": 0.00046938090042340953, "supply": "[{\"l\":'Energy for power irrigation',\"v\":0.00046938090042340953}]"}, {"source": 17, "prod": 0, "target": 4, "value": 0.00018540423268418156, "supply": "[{\"l\":'Energy for power irrigation',\"v\":0.00018540423268418156}]"}, {"source": 17, "prod": 0, "target": 10, "value": 1.2400000009919998, "supply": "[{\"l\":'Electricity',\"v\":1.2400000009919998}]"}, {"source": 18, "prod": 0, "target": 17, "value": 2.4641943749472848, "supply": [{"l": "Coal", "v": 0.0}, {"l": "Natural gas", "v": 2.4641943749472848}, {"l": "Oil", "v": 0.0}]}, {"source": 19, "prod": 0, "target": 17, "value": 0.00065327671374879829, "supply": [{"l": "Nuclear", "v": 0.0}, {"l": "Hydroelectric", "v": 0.00065327671374879829}, {"l": "Renewable", "v": 0.0}]}, {"source": 18, "prod": 0, "target": 0, "value": 0.59033102279311089, "supply": [{"l": "Other fossil fuels", "v": 0.59033102279311089}]}, {"source": 18, "prod": 0, "target": 3, "value": 0.89482245872036315, "supply": [{"l": "Other fossil fuels", "v": 0.89482245872036315}]}, {"source": 18, "prod": 0, "target": 4, "value": 0.35345253971341078, "supply": [{"l": "Other fossil fuels", "v": 0.35345253971341078}]}, {"source": 18, "prod": 0, "target": 1, "value": 0.052431626596750339, "supply": [{"l": "Fossil fuels in fisheries", "v": 0.052431626596750339}]}, {"source": 20, "prod": 57.151407557697183, "target": 0, "value": 0.95492438997689055, "supply": [{"l": "Potash", "v": 0.035894444473159995}, {"l": "Phosphate", "v": 0.021041666683499997}, {"l": "Nitrogen", "v": 2.9172083356670995}]}, {"source": 20, "prod": 86.629977174740048, "target": 3, "value": 1.4474722783298997, "supply": [{"l": "Potash", "v": 0.035894444473159995}, {"l": "Phosphate", "v": 0.021041666683499997}, {"l": "Nitrogen", "v": 2.9172083356670995}]}, {"source": 20, "prod": 34.218615267562768, "target": 4, "value": 0.57174777851696934, "supply": [{"l": "Potash", "v": 0.035894444473159995}, {"l": "Phosphate", "v": 0.021041666683499997}, {"l": "Nitrogen", "v": 2.9172083356670995}]}, {"source": 18, "prod": 0, "target": 20, "value": 3.5413780098817491, "supply": [{"l": "Natural gas (including LNG)", "v": 2.3954422393617634}, {"l": "Fuel oil", "v": 0.63025739192947705}, {"l": "Liquefied petroleum gas (LPG)", "v": 0.25783918929525435}, {"l": "Coal", "v": 0.25783918929525435}]}, {"source": 21, "prod": 0, "target": 3, "value": 0.19937158788271217, "supply": "[{\"l\":'Labor',\"v\":0.19937158788271217}]"}, {"source": 21, "prod": 0, "target": 4, "value": 0.078751257746271924, "supply": "[{\"l\":'Labor',\"v\":0.078751257746271924}]"}, {"source": 21, "prod": 0, "target": 0, "value": 0.13152914552345679, "supply": "[{\"l\":'Labor',\"v\":0.13152914552345679}]"}, {"source": 19, "prod": 0, "target": 13, "value": 8.7303468959603592, "supply": "[{\"l\":'Renewables & Nuclear',\"v\":8.7303468959603592},{\"l\":'Biomass & Waste',\"v\":0}]"}]}