{"nodes": [{"layer": 5, "name": "Maize"}, {"layer": 10, "name": "Feed", "fill": "#dbdb8d"}, {"layer": 5, "name": "Cassava"}, {"layer": 13, "name": "Pelagic Fish"}, {"layer": 5, "name": "Wheat"}, {"layer": 5, "name": "Oats"}, {"layer": 5, "name": "Soyabeans"}, {"layer": 5, "name": "Potatoes"}, {"layer": 5, "name": "Rye"}, {"layer": 5, "name": "Millet"}, {"layer": 13, "name": "Milk - Excluding Butter"}, {"layer": 13, "name": "Offals, Edible"}, {"layer": 13, "name": "Demersal Fish"}, {"layer": 5, "name": "Barley"}, {"layer": 13, "name": "Fish, Seafood"}, {"layer": 5, "name": "Oilcrops, Other"}, {"layer": 13, "name": "Sugar", "fill": "#d6616b"}, {"layer": 5, "name": "Sorghum"}, {"layer": 5, "name": "Cereals, Other"}, {"layer": 5, "name": "Pulses, Other"}, {"layer": 16, "name": "Food", "fill": "#b5cf6b"}, {"layer": 5, "name": "Nuts"}, {"layer": 5, "name": "Dates"}, {"layer": 13, "name": "Oilcrops Oil, Other"}, {"layer": 13, "name": "Beer"}, {"layer": 13, "name": "Groundnut Oil"}, {"layer": 13, "name": "Beverages, Alcoholic"}, {"layer": 13, "name": "Honey"}, {"layer": 5, "name": "Rice"}, {"layer": 13, "name": "Butter, Ghee"}, {"layer": 5, "name": "Tomatoes"}, {"layer": 13, "name": "Fats, Animals, Raw"}, {"layer": 5, "name": "Coffee"}, {"layer": 13, "name": "Soyabean Oil"}, {"layer": 5, "name": "Coconuts - Incl Copra"}, {"layer": 5, "name": "Treenuts"}, {"layer": 13, "name": "Crustaceans"}, {"layer": 13, "name": "Eggs"}, {"layer": 5, "name": "Vegetables, Other"}, {"layer": 13, "name": "Coconut Oil"}, {"layer": 5, "name": "Grapes"}, {"layer": 13, "name": "Palm Oil"}, {"layer": 5, "name": "Rape and Mustardseed"}, {"layer": 13, "name": "Wine"}, {"layer": 13, "name": "Sunflowerseed Oil"}, {"layer": 13, "name": "Pigmeat"}, {"layer": 5, "name": "Cocoa Beans"}, {"layer": 13, "name": "Freshwater Fish"}, {"layer": 13, "name": "Rape and Mustard Oil"}, {"layer": 5, "name": "Pineapples"}, {"layer": 5, "name": "Apples"}, {"layer": 13, "name": "Meat, Other"}, {"layer": 5, "name": "Lemons, Limes"}, {"layer": 13, "name": "Mutton & Goat Meat"}, {"layer": 13, "name": "Sweeteners, Other"}, {"layer": 5, "name": "Bananas"}, {"layer": 13, "name": "Beverages, Fermented"}, {"layer": 5, "name": "Spices, Other"}, {"layer": 5, "name": "Tea"}, {"layer": 5, "name": "Fruits, Other"}, {"layer": 13, "name": "Molluscs, Other"}, {"layer": 13, "name": "Fish, Body Oil"}, {"layer": 13, "name": "Poultry Meat"}, {"layer": 5, "name": "Grapefruit"}, {"layer": 5, "name": "Oranges, Mandarines"}, {"layer": 13, "name": "Bovine Meat"}, {"layer": 13, "name": "Palmkernel Oil"}, {"layer": 5, "name": "Onions"}, {"layer": 13, "name": "Cream"}, {"layer": 5, "name": "Sunflower seed"}, {"layer": 10, "name": "Processing", "fill": "#9edae5"}, {"layer": 5, "name": "Sesame seed"}, {"layer": 5, "name": "Groundnuts"}, {"layer": 5, "name": "Sugar beet"}, {"layer": 5, "name": "Palm kernels"}, {"layer": 16, "name": "Biofuels & Other", "fill": "#e7ba52"}, {"layer": 13, "name": "Alcohol, Non-Food"}, {"layer": 13, "name": "Aquatic Products, Other"}, {"layer": 13, "name": "Marine Fish, Other"}, {"layer": 13, "name": "Aquatic Animals, Others"}, {"name": "Waste", "fill": "#c7c7c7"}, {"layer": 5, "name": "Peas"}, {"layer": 2, "name": "Import", "fill": "#aec7e8"}, {"layer": 5, "name": "Infant food"}, {"layer": 5, "name": "Pepper"}, {"layer": 16, "name": "Export", "fill": "#aec7e8"}, {"layer": 13, "name": "Sesameseed Oil"}, {"layer": 0, "name": "Stock Draw", "fill": "#c7c7c7"}, {"layer": 16, "name": "Stock Deposit", "fill": "#c7c7c7"}, {"layer": 5, "name": "Oil Palm"}, {"layer": 2, "name": "Electricity", "fill": "#bcbd22"}, {"layer": 0, "name": "Fossil Fuels", "fill": "#c49c94"}, {"layer": 0, "name": "Renewables & Nuclear", "fill": "#2ca02c"}, {"layer": 2, "name": "Fertilizers", "fill": "#c5b0d5"}, {"layer": 0, "name": "Labor", "fill": "#7f7f7f"}], "links": [{"source": 0, "prod": 278.0, "target": 1, "value": 0.77384565972255748, "supply": [{"l": "Maize", "v": 0.77384565972255748}]}, {"source": 2, "prod": 11.0, "target": 1, "value": 0.0086147400344487087, "supply": [{"l": "Cassava", "v": 0.0086147400344487087}]}, {"source": 3, "prod": 3.0, "target": 1, "value": 0.0034492651395203132, "supply": [{"l": "Pelagic Fish", "v": 0.0034492651395203132}]}, {"source": 4, "prod": 131.0, "target": 1, "value": 0.41910342655990129, "supply": [{"l": "Wheat", "v": 0.41910342655990129}]}, {"source": 5, "prod": 439.0, "target": 1, "value": 1.2302245098726932, "supply": [{"l": "Oats", "v": 1.2302245098726932}]}, {"source": 6, "prod": 10.0, "target": 1, "value": 0.015722283920555559, "supply": [{"l": "Soyabeans", "v": 0.015722283920555559}]}, {"source": 7, "prod": 108.0, "target": 1, "value": 0.084581083974587315, "supply": [{"l": "Potatoes", "v": 0.084581083974587315}]}, {"source": 8, "prod": 27.0, "target": 1, "value": 0.10408772035105736, "supply": [{"l": "Rye", "v": 0.10408772035105736}]}, {"source": 9, "prod": 2.0, "target": 1, "value": 0.0068905816316889258, "supply": [{"l": "Millet", "v": 0.0068905816316889258}]}, {"source": 10, "prod": 2108.0, "target": 1, "value": 1.0810494728210354, "supply": [{"l": "Milk - Excluding Butter", "v": 1.0810494728210354}]}, {"source": 11, "prod": 1.0, "target": 1, "value": 0.0011886046643940001, "supply": [{"l": "Offals, Edible", "v": 0.0011886046643940001}]}, {"source": 12, "prod": 176.0, "target": 1, "value": 0.086372593283791904, "supply": [{"l": "Demersal Fish", "v": 0.086372593283791904}]}, {"source": 13, "prod": 4363.0, "target": 1, "value": 16.10522407065535, "supply": [{"l": "Barley", "v": 16.10522407065535}]}, {"source": 14, "prod": 179.0, "target": 1, "value": 0.16359745830683078, "supply": [{"l": "Fish, Seafood", "v": 0.16359745830683078}]}, {"source": 15, "prod": 3.0, "target": 1, "value": 0.0047166851761666663, "supply": [{"l": "Oilcrops, Other", "v": 0.0047166851761666663}]}, {"source": 16, "prod": 1.0, "target": 1, "value": 0.0035375138821250002, "supply": [{"l": "Sugar", "v": 0.0035375138821250002}]}, {"source": 17, "prod": 4.0, "target": 1, "value": 0.013781163263377852, "supply": [{"l": "Sorghum", "v": 0.013781163263377852}]}, {"source": 18, "prod": 153.0, "target": 1, "value": 0.52712949482420279, "supply": [{"l": "Cereals, Other", "v": 0.52712949482420279}]}, {"source": 19, "prod": 9.0, "target": 1, "value": 0.036618354562571891, "supply": [{"l": "Pulses, Other", "v": 0.036618354562571891}]}, {"source": 0, "prod": 25.0, "target": 20, "value": 0.069590437025409846, "supply": [{"l": "Maize", "v": 0.069590437025409846}]}, {"source": 8, "prod": 97.0, "target": 20, "value": 0.3739447731130579, "supply": [{"l": "Rye", "v": 0.3739447731130579}]}, {"source": 21, "prod": 7.0, "target": 20, "value": 0.02409333779177027, "supply": [{"l": "Nuts", "v": 0.02409333779177027}]}, {"source": 22, "prod": 1.0, "target": 20, "value": 0.0035375138821250002, "supply": [{"l": "Dates", "v": 0.0035375138821250002}]}, {"source": 16, "prod": 265.0, "target": 20, "value": 0.93744117876312505, "supply": [{"l": "Sugar", "v": 0.93744117876312505}]}, {"source": 23, "prod": 2.0, "target": 20, "value": 0.016508398116583337, "supply": [{"l": "Oilcrops Oil, Other", "v": 0.016508398116583337}]}, {"source": 24, "prod": 630.0, "target": 20, "value": 0.35920415985044135, "supply": [{"l": "Beer", "v": 0.35920415985044135}]}, {"source": 25, "prod": 1.0, "target": 20, "value": 0.0084900333171, "supply": [{"l": "Groundnut Oil", "v": 0.0084900333171}]}, {"source": 26, "prod": 19.0, "target": 20, "value": 0.064181949479403186, "supply": [{"l": "Beverages, Alcoholic", "v": 0.064181949479403186}]}, {"source": 13, "prod": 1.0, "target": 20, "value": 0.0036913188335217393, "supply": [{"l": "Barley", "v": 0.0036913188335217393}]}, {"source": 27, "prod": 1.0, "target": 20, "value": 0.0035375138821250002, "supply": [{"l": "Honey", "v": 0.0035375138821250002}]}, {"source": 28, "prod": 8.0, "target": 20, "value": 0.03417371901222642, "supply": [{"l": "Rice", "v": 0.03417371901222642}]}, {"source": 29, "prod": 42.0, "target": 20, "value": 0.35009810114877821, "supply": [{"l": "Butter, Ghee", "v": 0.35009810114877821}]}, {"source": 30, "prod": 36.0, "target": 20, "value": 0.0086096112511436611, "supply": [{"l": "Tomatoes", "v": 0.0086096112511436611}]}, {"source": 31, "prod": 45.0, "target": 20, "value": 0.40409293191966356, "supply": [{"l": "Fats, Animals, Raw", "v": 0.40409293191966356}]}, {"source": 32, "prod": 59.0, "target": 20, "value": 0.029765566722939726, "supply": [{"l": "Coffee", "v": 0.029765566722939726}]}, {"source": 4, "prod": 259.0, "target": 20, "value": 0.82860906472530105, "supply": [{"l": "Wheat", "v": 0.82860906472530105}]}, {"source": 33, "prod": 42.0, "target": 20, "value": 0.37902654678122211, "supply": [{"l": "Soyabean Oil", "v": 0.37902654678122211}]}, {"source": 34, "prod": 7.0, "target": 20, "value": 0.011005598744388889, "supply": [{"l": "Coconuts - Incl Copra", "v": 0.011005598744388889}]}, {"source": 35, "prod": 7.0, "target": 20, "value": 0.025653338080446043, "supply": [{"l": "Treenuts", "v": 0.025653338080446043}]}, {"source": 36, "prod": 25.0, "target": 20, "value": 0.0084730871428143721, "supply": [{"l": "Crustaceans", "v": 0.0084730871428143721}]}, {"source": 37, "prod": 58.0, "target": 20, "value": 0.096511267237068821, "supply": [{"l": "Eggs", "v": 0.096511267237068821}]}, {"source": 38, "prod": 164.0, "target": 20, "value": 0.045039548281103514, "supply": [{"l": "Vegetables, Other", "v": 0.045039548281103514}]}, {"source": 39, "prod": 5.0, "target": 20, "value": 0.044471603089571439, "supply": [{"l": "Coconut Oil", "v": 0.044471603089571439}]}, {"source": 40, "prod": 19.0, "target": 20, "value": 0.015095914855271396, "supply": [{"l": "Grapes", "v": 0.015095914855271396}]}, {"source": 41, "prod": 4.0, "target": 20, "value": 0.034830905916307692, "supply": [{"l": "Palm Oil", "v": 0.034830905916307692}]}, {"source": 42, "prod": 1.0, "target": 20, "value": 0.0015722283920555555, "supply": [{"l": "Rape and Mustardseed", "v": 0.0015722283920555555}]}, {"source": 43, "prod": 41.0, "target": 20, "value": 0.036126698547122714, "supply": [{"l": "Wine", "v": 0.036126698547122714}]}, {"source": 44, "prod": 2.0, "target": 20, "value": 0.018192928536642859, "supply": [{"l": "Sunflowerseed Oil", "v": 0.018192928536642859}]}, {"source": 5, "prod": 21.0, "target": 20, "value": 0.058849008444935215, "supply": [{"l": "Oats", "v": 0.058849008444935215}]}, {"source": 45, "prod": 179.0, "target": 20, "value": 0.32543931599275405, "supply": [{"l": "Pigmeat", "v": 0.32543931599275405}]}, {"source": 46, "prod": 10.0, "target": 20, "value": 0.038984846864234694, "supply": [{"l": "Cocoa Beans", "v": 0.038984846864234694}]}, {"source": 7, "prod": 429.0, "target": 20, "value": 0.33597486134349963, "supply": [{"l": "Potatoes", "v": 0.33597486134349963}]}, {"source": 47, "prod": 3.0, "target": 20, "value": 0.0043913965433275866, "supply": [{"l": "Freshwater Fish", "v": 0.0043913965433275866}]}, {"source": 48, "prod": 2.0, "target": 20, "value": 0.017415452958153846, "supply": [{"l": "Rape and Mustard Oil", "v": 0.017415452958153846}]}, {"source": 10, "prod": 1043.0, "target": 20, "value": 0.53488358641002842, "supply": [{"l": "Milk - Excluding Butter", "v": 0.53488358641002842}]}, {"source": 49, "prod": 3.0, "target": 20, "value": 0.00380150745541791, "supply": [{"l": "Pineapples", "v": 0.00380150745541791}]}, {"source": 50, "prod": 96.0, "target": 20, "value": 0.05550320366548351, "supply": [{"l": "Apples", "v": 0.05550320366548351}]}, {"source": 14, "prod": 110.0, "target": 20, "value": 0.10053475091481219, "supply": [{"l": "Fish, Seafood", "v": 0.10053475091481219}]}, {"source": 51, "prod": 2.0, "target": 20, "value": 0.002572737368818182, "supply": [{"l": "Meat, Other", "v": 0.002572737368818182}]}, {"source": 52, "prod": 7.0, "target": 20, "value": 0.002153269319554348, "supply": [{"l": "Lemons, Limes", "v": 0.002153269319554348}]}, {"source": 53, "prod": 1.0, "target": 20, "value": 0.0032653974296538461, "supply": [{"l": "Mutton & Goat Meat", "v": 0.0032653974296538461}]}, {"source": 54, "prod": 8.0, "target": 20, "value": 0.018112071076480003, "supply": [{"l": "Sweeteners, Other", "v": 0.018112071076480003}]}, {"source": 3, "prod": 71.0, "target": 20, "value": 0.081632608301980755, "supply": [{"l": "Pelagic Fish", "v": 0.081632608301980755}]}, {"source": 55, "prod": 34.0, "target": 20, "value": 0.023590434328346212, "supply": [{"l": "Bananas", "v": 0.023590434328346212}]}, {"source": 56, "prod": 3.0, "target": 20, "value": 0.0024028396180471702, "supply": [{"l": "Beverages, Fermented", "v": 0.0024028396180471702}]}, {"source": 57, "prod": 1.0, "target": 20, "value": 0.00424501665855, "supply": [{"l": "Spices, Other", "v": 0.00424501665855}]}, {"source": 58, "prod": 2.0, "target": 20, "value": 0.0023244444400000001, "supply": [{"l": "Tea", "v": 0.0023244444400000001}]}, {"source": 59, "prod": 69.0, "target": 20, "value": 0.038653304178292526, "supply": [{"l": "Fruits, Other", "v": 0.038653304178292526}]}, {"source": 60, "prod": 2.0, "target": 20, "value": 0.0023244444400000001, "supply": [{"l": "Molluscs, Other", "v": 0.0023244444400000001}]}, {"source": 61, "prod": 18.0, "target": 20, "value": 0.18890324130547501, "supply": [{"l": "Fish, Body Oil", "v": 0.18890324130547501}]}, {"source": 62, "prod": 37.0, "target": 20, "value": 0.05951065302107985, "supply": [{"l": "Poultry Meat", "v": 0.05951065302107985}]}, {"source": 11, "prod": 13.0, "target": 20, "value": 0.015451860637122001, "supply": [{"l": "Offals, Edible", "v": 0.015451860637122001}]}, {"source": 63, "prod": 4.0, "target": 20, "value": 0.0019295530266136365, "supply": [{"l": "Grapefruit", "v": 0.0019295530266136365}]}, {"source": 12, "prod": 9.0, "target": 20, "value": 0.0044167803383757228, "supply": [{"l": "Demersal Fish", "v": 0.0044167803383757228}]}, {"source": 64, "prod": 84.0, "target": 20, "value": 0.019356047007622435, "supply": [{"l": "Oranges, Mandarines", "v": 0.019356047007622435}]}, {"source": 65, "prod": 73.0, "target": 20, "value": 0.089267634260043208, "supply": [{"l": "Bovine Meat", "v": 0.089267634260043208}]}, {"source": 66, "prod": 8.0, "target": 20, "value": 0.072036646326909093, "supply": [{"l": "Palmkernel Oil", "v": 0.072036646326909093}]}, {"source": 67, "prod": 32.0, "target": 20, "value": 0.015093392563733335, "supply": [{"l": "Onions", "v": 0.015093392563733335}]}, {"source": 68, "prod": 40.0, "target": 20, "value": 0.090964642683214303, "supply": [{"l": "Cream", "v": 0.090964642683214303}]}, {"source": 69, "prod": 1.0, "target": 70, "value": 0.0015722283920555555, "supply": [{"l": "Sunflower seed", "v": 0.0015722283920555555}]}, {"source": 34, "prod": 22.0, "target": 70, "value": 0.034589024625222217, "supply": [{"l": "Coconuts - Incl Copra", "v": 0.034589024625222217}]}, {"source": 6, "prod": 444.0, "target": 70, "value": 0.69806940607266665, "supply": [{"l": "Soyabeans", "v": 0.69806940607266665}]}, {"source": 7, "prod": 181.0, "target": 70, "value": 0.14175163147592876, "supply": [{"l": "Potatoes", "v": 0.14175163147592876}]}, {"source": 8, "prod": 2.0, "target": 70, "value": 0.0077102015074857304, "supply": [{"l": "Rye", "v": 0.0077102015074857304}]}, {"source": 71, "prod": 1.0, "target": 70, "value": 0.0015722283920555555, "supply": [{"l": "Sesame seed", "v": 0.0015722283920555555}]}, {"source": 62, "prod": 1.0, "target": 70, "value": 0.0016083960275967526, "supply": [{"l": "Poultry Meat", "v": 0.0016083960275967526}]}, {"source": 42, "prod": 13.0, "target": 70, "value": 0.020438969096722222, "supply": [{"l": "Rape and Mustardseed", "v": 0.020438969096722222}]}, {"source": 13, "prod": 162.0, "target": 70, "value": 0.59799365103052182, "supply": [{"l": "Barley", "v": 0.59799365103052182}]}, {"source": 72, "prod": 1.0, "target": 70, "value": 0.006416885646645349, "supply": [{"l": "Groundnuts", "v": 0.006416885646645349}]}, {"source": 73, "prod": 2811.0, "target": 70, "value": 3.2670066604200003, "supply": [{"l": "Sugar beet", "v": 3.2670066604200003}]}, {"source": 74, "prod": 22.0, "target": 70, "value": 0.034589024625222217, "supply": [{"l": "Palm kernels", "v": 0.034589024625222217}]}, {"source": 15, "prod": 19.0, "target": 70, "value": 0.029872339449055558, "supply": [{"l": "Oilcrops, Other", "v": 0.029872339449055558}]}, {"source": 50, "prod": 9.0, "target": 70, "value": 0.0052034253436390784, "supply": [{"l": "Apples", "v": 0.0052034253436390784}]}, {"source": 0, "prod": 16.0, "target": 75, "value": 0.044537879696262293, "supply": [{"l": "Maize", "v": 0.044537879696262293}]}, {"source": 76, "prod": 38.0, "target": 75, "value": 0.031959625037762111, "supply": [{"l": "Alcohol, Non-Food", "v": 0.031959625037762111}]}, {"source": 16, "prod": 4.0, "target": 75, "value": 0.014150055528500001, "supply": [{"l": "Sugar", "v": 0.014150055528500001}]}, {"source": 26, "prod": 1.0, "target": 75, "value": 0.0033779973410212201, "supply": [{"l": "Beverages, Alcoholic", "v": 0.0033779973410212201}]}, {"source": 77, "prod": 3.0, "target": 75, "value": 0.0027418568431312419, "supply": [{"l": "Aquatic Products, Other", "v": 0.0027418568431312419}]}, {"source": 29, "prod": 2.0, "target": 75, "value": 0.01667133814994182, "supply": [{"l": "Butter, Ghee", "v": 0.01667133814994182}]}, {"source": 31, "prod": 52.0, "target": 75, "value": 0.46695183244049998, "supply": [{"l": "Fats, Animals, Raw", "v": 0.46695183244049998}]}, {"source": 4, "prod": 1.0, "target": 75, "value": 0.0031992627981671856, "supply": [{"l": "Wheat", "v": 0.0031992627981671856}]}, {"source": 33, "prod": 1.0, "target": 75, "value": 0.0090244415900290979, "supply": [{"l": "Soyabean Oil", "v": 0.0090244415900290979}]}, {"source": 78, "prod": 28.0, "target": 75, "value": 0.024762597174875004, "supply": [{"l": "Marine Fish, Other", "v": 0.024762597174875004}]}, {"source": 41, "prod": 6.0, "target": 75, "value": 0.052246358874461538, "supply": [{"l": "Palm Oil", "v": 0.052246358874461538}]}, {"source": 15, "prod": 1.0, "target": 75, "value": 0.0015722283920555555, "supply": [{"l": "Oilcrops, Other", "v": 0.0015722283920555555}]}, {"source": 39, "prod": 1.0, "target": 75, "value": 0.0088943206179142864, "supply": [{"l": "Coconut Oil", "v": 0.0088943206179142864}]}, {"source": 48, "prod": 1.0, "target": 75, "value": 0.0087077264790769229, "supply": [{"l": "Rape and Mustard Oil", "v": 0.0087077264790769229}]}, {"source": 10, "prod": 28.0, "target": 75, "value": 0.014359290910336333, "supply": [{"l": "Milk - Excluding Butter", "v": 0.014359290910336333}]}, {"source": 14, "prod": 221.0, "target": 75, "value": 0.20198345411066815, "supply": [{"l": "Fish, Seafood", "v": 0.20198345411066815}]}, {"source": 23, "prod": 8.0, "target": 75, "value": 0.066033592466333349, "supply": [{"l": "Oilcrops Oil, Other", "v": 0.066033592466333349}]}, {"source": 54, "prod": 21.0, "target": 75, "value": 0.047544186575760004, "supply": [{"l": "Sweeteners, Other", "v": 0.047544186575760004}]}, {"source": 3, "prod": 42.0, "target": 75, "value": 0.048289711953284388, "supply": [{"l": "Pelagic Fish", "v": 0.048289711953284388}]}, {"source": 60, "prod": 23.0, "target": 75, "value": 0.026731111060000003, "supply": [{"l": "Molluscs, Other", "v": 0.026731111060000003}]}, {"source": 61, "prod": 7.0, "target": 75, "value": 0.073462371618795833, "supply": [{"l": "Fish, Body Oil", "v": 0.073462371618795833}]}, {"source": 79, "prod": 3.0, "target": 75, "value": 0.0027418568431312419, "supply": [{"l": "Aquatic Animals, Others", "v": 0.0027418568431312419}]}, {"source": 11, "prod": 12.0, "target": 75, "value": 0.014263255972728001, "supply": [{"l": "Offals, Edible", "v": 0.014263255972728001}]}, {"source": 12, "prod": 128.0, "target": 75, "value": 0.062816431479121387, "supply": [{"l": "Demersal Fish", "v": 0.062816431479121387}]}, {"source": 18, "prod": 2.0, "target": 18, "value": 0.0068905816316889258, "supply": [{"l": "Cereals, Other", "v": 0.0068905816316889258}]}, {"source": 4, "prod": 19.0, "target": 4, "value": 0.060785993165176529, "supply": [{"l": "Wheat", "v": 0.060785993165176529}]}, {"source": 5, "prod": 22.0, "target": 5, "value": 0.061651342180408318, "supply": [{"l": "Oats", "v": 0.061651342180408318}]}, {"source": 7, "prod": 78.0, "target": 7, "value": 0.06108633842609084, "supply": [{"l": "Potatoes", "v": 0.06108633842609084}]}, {"source": 37, "prod": 5.0, "target": 37, "value": 0.0083199368307817958, "supply": [{"l": "Eggs", "v": 0.0083199368307817958}]}, {"source": 8, "prod": 9.0, "target": 8, "value": 0.034695906783685782, "supply": [{"l": "Rye", "v": 0.034695906783685782}]}, {"source": 42, "prod": 4.0, "target": 42, "value": 0.006288913568222222, "supply": [{"l": "Rape and Mustardseed", "v": 0.006288913568222222}]}, {"source": 13, "prod": 262.0, "target": 13, "value": 0.96712553438269577, "supply": [{"l": "Barley", "v": 0.96712553438269577}]}, {"source": 38, "prod": 21.0, "target": 80, "value": 0.0057672592311169132, "supply": [{"l": "Vegetables, Other", "v": 0.0057672592311169132}]}, {"source": 4, "prod": 18.0, "target": 80, "value": 0.057586730367009349, "supply": [{"l": "Wheat", "v": 0.057586730367009349}]}, {"source": 55, "prod": 2.0, "target": 80, "value": 0.0013876726075497771, "supply": [{"l": "Bananas", "v": 0.0013876726075497771}]}, {"source": 5, "prod": 15.0, "target": 80, "value": 0.042035006032096575, "supply": [{"l": "Oats", "v": 0.042035006032096575}]}, {"source": 7, "prod": 90.0, "target": 80, "value": 0.070484236645489431, "supply": [{"l": "Potatoes", "v": 0.070484236645489431}]}, {"source": 37, "prod": 1.0, "target": 80, "value": 0.0016639873661563592, "supply": [{"l": "Eggs", "v": 0.0016639873661563592}]}, {"source": 8, "prod": 5.0, "target": 80, "value": 0.019275503768714328, "supply": [{"l": "Rye", "v": 0.019275503768714328}]}, {"source": 59, "prod": 2.0, "target": 80, "value": 0.0011203856283563051, "supply": [{"l": "Fruits, Other", "v": 0.0011203856283563051}]}, {"source": 81, "prod": 1.0, "target": 80, "value": 0.0040215947291526314, "supply": [{"l": "Peas", "v": 0.0040215947291526314}]}, {"source": 13, "prod": 179.0, "target": 80, "value": 0.66074607120039142, "supply": [{"l": "Barley", "v": 0.66074607120039142}]}, {"source": 64, "prod": 1.0, "target": 80, "value": 0.00023042913104312425, "supply": [{"l": "Oranges, Mandarines", "v": 0.00023042913104312425}]}, {"source": 65, "prod": 52.0, "target": 80, "value": 0.063587903856469133, "supply": [{"l": "Bovine Meat", "v": 0.063587903856469133}]}, {"source": 67, "prod": 4.0, "target": 80, "value": 0.0018866740704666669, "supply": [{"l": "Onions", "v": 0.0018866740704666669}]}, {"source": 30, "prod": 1.0, "target": 80, "value": 0.00023915586808732393, "supply": [{"l": "Tomatoes", "v": 0.00023915586808732393}]}, {"source": 50, "prod": 6.0, "target": 80, "value": 0.0034689502290927193, "supply": [{"l": "Apples", "v": 0.0034689502290927193}]}, {"source": 82, "prod": 2.0, "target": 83, "value": 0.012128619024428572, "supply": [{"l": "Infant food", "v": 0.012128619024428572}]}, {"source": 82, "prod": 1.0, "target": 57, "value": 0.00424501665855, "supply": [{"l": "Spices, Other", "v": 0.00424501665855}]}, {"source": 82, "prod": 19.0, "target": 30, "value": 0.0045439614936591552, "supply": [{"l": "Tomatoes", "v": 0.0045439614936591552}]}, {"source": 82, "prod": 12.0, "target": 2, "value": 0.0093978982193985913, "supply": [{"l": "Cassava", "v": 0.0093978982193985913}]}, {"source": 82, "prod": 7.0, "target": 52, "value": 0.002153269319554348, "supply": [{"l": "Lemons, Limes", "v": 0.002153269319554348}]}, {"source": 82, "prod": 8.0, "target": 35, "value": 0.02931810066336691, "supply": [{"l": "Treenuts", "v": 0.02931810066336691}]}, {"source": 82, "prod": 4.0, "target": 8, "value": 0.015420403014971461, "supply": [{"l": "Rye", "v": 0.015420403014971461}]}, {"source": 82, "prod": 23.0, "target": 50, "value": 0.013297642544855423, "supply": [{"l": "Apples", "v": 0.013297642544855423}]}, {"source": 82, "prod": 2.0, "target": 58, "value": 0.0023244444400000001, "supply": [{"l": "Tea", "v": 0.0023244444400000001}]}, {"source": 82, "prod": 33.0, "target": 38, "value": 0.0090628359346122921, "supply": [{"l": "Vegetables, Other", "v": 0.0090628359346122921}]}, {"source": 82, "prod": 12.0, "target": 28, "value": 0.051260578518339629, "supply": [{"l": "Rice", "v": 0.051260578518339629}]}, {"source": 82, "prod": 29.0, "target": 4, "value": 0.0927786211468484, "supply": [{"l": "Wheat", "v": 0.0927786211468484}]}, {"source": 82, "prod": 22.0, "target": 74, "value": 0.034589024625222217, "supply": [{"l": "Palm kernels", "v": 0.034589024625222217}]}, {"source": 82, "prod": 247.0, "target": 13, "value": 0.91175575187986968, "supply": [{"l": "Barley", "v": 0.91175575187986968}]}, {"source": 82, "prod": 1.0, "target": 84, "value": 0.0047166851761666672, "supply": [{"l": "Pepper", "v": 0.0047166851761666672}]}, {"source": 82, "prod": 5.0, "target": 63, "value": 0.0024119412832670456, "supply": [{"l": "Grapefruit", "v": 0.0024119412832670456}]}, {"source": 82, "prod": 61.0, "target": 32, "value": 0.030774568984734296, "supply": [{"l": "Coffee", "v": 0.030774568984734296}]}, {"source": 82, "prod": 1.0, "target": 69, "value": 0.0015722283920555555, "supply": [{"l": "Sunflower seed", "v": 0.0015722283920555555}]}, {"source": 82, "prod": 2.0, "target": 9, "value": 0.0068905816316889258, "supply": [{"l": "Millet", "v": 0.0068905816316889258}]}, {"source": 82, "prod": 1.0, "target": 22, "value": 0.0035375138821250002, "supply": [{"l": "Dates", "v": 0.0035375138821250002}]}, {"source": 82, "prod": 94.0, "target": 18, "value": 0.32385733668937944, "supply": [{"l": "Cereals, Other", "v": 0.32385733668937944}]}, {"source": 82, "prod": 993.0, "target": 1, "value": 0.83874818169567, "supply": [{"l": "Freshwater Fish", "v": 0.0087827930866551732}, {"l": "Pigmeat", "v": 0.0018180967373896872}, {"l": "Crustaceans", "v": 0.011184475028514971}, {"l": "Eggs", "v": 0.0033279747323127183}, {"l": "Demersal Fish", "v": 0.027482188772115612}, {"l": "Mutton & Goat Meat", "v": 0.0032653974296538461}, {"l": "Milk - Excluding Butter", "v": 0.12718229092012179}, {"l": "Pelagic Fish", "v": 0.30353533227778756}, {"l": "Fish, Seafood", "v": 0.3381623439861865}, {"l": "Molluscs, Other", "v": 0.012784444420000001}, {"l": "Bovine Meat", "v": 0.0012228443049320989}]}, {"source": 82, "prod": 8.0, "target": 21, "value": 0.027535243190594593, "supply": [{"l": "Nuts", "v": 0.027535243190594593}]}, {"source": 82, "prod": 2.0, "target": 81, "value": 0.0080431894583052627, "supply": [{"l": "Peas", "v": 0.0080431894583052627}]}, {"source": 82, "prod": 23.0, "target": 15, "value": 0.036161253017277774, "supply": [{"l": "Oilcrops, Other", "v": 0.036161253017277774}]}, {"source": 82, "prod": 12.0, "target": 46, "value": 0.046781816237081636, "supply": [{"l": "Cocoa Beans", "v": 0.046781816237081636}]}, {"source": 82, "prod": 89.0, "target": 64, "value": 0.020508192662838057, "supply": [{"l": "Oranges, Mandarines", "v": 0.020508192662838057}]}, {"source": 82, "prod": 4.0, "target": 17, "value": 0.013781163263377852, "supply": [{"l": "Sorghum", "v": 0.013781163263377852}]}, {"source": 82, "prod": 4.0, "target": 49, "value": 0.0050686766072238808, "supply": [{"l": "Pineapples", "v": 0.0050686766072238808}]}, {"source": 82, "prod": 31.0, "target": 7, "value": 0.024277903733446359, "supply": [{"l": "Potatoes", "v": 0.024277903733446359}]}, {"source": 82, "prod": 10.0, "target": 67, "value": 0.0047166851761666672, "supply": [{"l": "Onions", "v": 0.0047166851761666672}]}, {"source": 82, "prod": 1.0, "target": 42, "value": 0.0015722283920555555, "supply": [{"l": "Rape and Mustardseed", "v": 0.0015722283920555555}]}, {"source": 82, "prod": 36.0, "target": 55, "value": 0.024978106935895989, "supply": [{"l": "Bananas", "v": 0.024978106935895989}]}, {"source": 82, "prod": 20.0, "target": 40, "value": 0.015890436689759362, "supply": [{"l": "Grapes", "v": 0.015890436689759362}]}, {"source": 82, "prod": 164.0, "target": 70, "value": 0.77026226365134509, "supply": [{"l": "Alcohol, Non-Food", "v": 0.015979812518881056}, {"l": "Sugar", "v": 0.0424501665855}, {"l": "Beer", "v": 0.0011403306661918772}, {"l": "Groundnut Oil", "v": 0.0084900333171}, {"l": "Beverages, Alcoholic", "v": 0.01013399202306366}, {"l": "Butter, Ghee", "v": 0.0083356690749709101}, {"l": "Fats, Animals, Raw", "v": 0.19755654449405771}, {"l": "Soyabean Oil", "v": 0.11731774067037827}, {"l": "Palm Oil", "v": 0.13932362366523077}, {"l": "Sunflowerseed Oil", "v": 0.018192928536642859}, {"l": "Coconut Oil", "v": 0.035577282471657146}, {"l": "Oilcrops Oil, Other", "v": 0.041270995291458341}, {"l": "Wine", "v": 0.037007837536076928}, {"l": "Sweeteners, Other", "v": 0.0339601332684}, {"l": "Fish, Body Oil", "v": 0.041978498067883334}, {"l": "Honey", "v": 0.0035375138821250002}, {"l": "Palmkernel Oil", "v": 0.018009161581727273}]}, {"source": 82, "prod": 471.0, "target": 6, "value": 0.7405195726581667, "supply": [{"l": "Soyabeans", "v": 0.7405195726581667}]}, {"source": 82, "prod": 352.0, "target": 0, "value": 0.97983335331777055, "supply": [{"l": "Maize", "v": 0.97983335331777055}]}, {"source": 82, "prod": 51.0, "target": 59, "value": 0.028569833523085779, "supply": [{"l": "Fruits, Other", "v": 0.028569833523085779}]}, {"source": 82, "prod": 1.0, "target": 72, "value": 0.006416885646645349, "supply": [{"l": "Groundnuts", "v": 0.006416885646645349}]}, {"source": 82, "prod": 35.0, "target": 34, "value": 0.055027993721944446, "supply": [{"l": "Coconuts - Incl Copra", "v": 0.055027993721944446}]}, {"source": 82, "prod": 29.0, "target": 5, "value": 0.081267678328720047, "supply": [{"l": "Oats", "v": 0.081267678328720047}]}, {"source": 82, "prod": 1.0, "target": 19, "value": 0.0040687060625079876, "supply": [{"l": "Pulses, Other", "v": 0.0040687060625079876}]}, {"source": 0, "prod": 2.0, "target": 85, "value": 0.0055672349620327867, "supply": [{"l": "Maize", "v": 0.0055672349620327867}]}, {"source": 8, "prod": 7.0, "target": 85, "value": 0.026985705276200055, "supply": [{"l": "Rye", "v": 0.026985705276200055}]}, {"source": 59, "prod": 14.0, "target": 85, "value": 0.0078426993984941368, "supply": [{"l": "Fruits, Other", "v": 0.0078426993984941368}]}, {"source": 16, "prod": 154.0, "target": 85, "value": 0.54477713784725001, "supply": [{"l": "Sugar", "v": 0.54477713784725001}]}, {"source": 24, "prod": 194.0, "target": 85, "value": 0.11061207462061211, "supply": [{"l": "Beer", "v": 0.11061207462061211}]}, {"source": 83, "prod": 1.0, "target": 85, "value": 0.0060643095122142861, "supply": [{"l": "Infant food", "v": 0.0060643095122142861}]}, {"source": 26, "prod": 1.0, "target": 85, "value": 0.0033779973410212201, "supply": [{"l": "Beverages, Alcoholic", "v": 0.0033779973410212201}]}, {"source": 13, "prod": 542.0, "target": 85, "value": 2.0006948077687827, "supply": [{"l": "Barley", "v": 2.0006948077687827}]}, {"source": 46, "prod": 3.0, "target": 85, "value": 0.011695454059270409, "supply": [{"l": "Cocoa Beans", "v": 0.011695454059270409}]}, {"source": 28, "prod": 3.0, "target": 85, "value": 0.012815144629584907, "supply": [{"l": "Rice", "v": 0.012815144629584907}]}, {"source": 29, "prod": 101.0, "target": 85, "value": 0.84190257657206191, "supply": [{"l": "Butter, Ghee", "v": 0.84190257657206191}]}, {"source": 30, "prod": 2.0, "target": 85, "value": 0.00047831173617464786, "supply": [{"l": "Tomatoes", "v": 0.00047831173617464786}]}, {"source": 31, "prod": 38.0, "target": 85, "value": 0.34123403139882696, "supply": [{"l": "Fats, Animals, Raw", "v": 0.34123403139882696}]}, {"source": 32, "prod": 1.0, "target": 85, "value": 0.00050450113089728355, "supply": [{"l": "Coffee", "v": 0.00050450113089728355}]}, {"source": 4, "prod": 190.0, "target": 85, "value": 0.60785993165176533, "supply": [{"l": "Wheat", "v": 0.60785993165176533}]}, {"source": 33, "prod": 42.0, "target": 85, "value": 0.37902654678122211, "supply": [{"l": "Soyabean Oil", "v": 0.37902654678122211}]}, {"source": 36, "prod": 11.0, "target": 85, "value": 0.0037281583428383242, "supply": [{"l": "Crustaceans", "v": 0.0037281583428383242}]}, {"source": 37, "prod": 11.0, "target": 85, "value": 0.018303861027719949, "supply": [{"l": "Eggs", "v": 0.018303861027719949}]}, {"source": 38, "prod": 21.0, "target": 85, "value": 0.0057672592311169132, "supply": [{"l": "Vegetables, Other", "v": 0.0057672592311169132}]}, {"source": 81, "prod": 2.0, "target": 85, "value": 0.0080431894583052627, "supply": [{"l": "Peas", "v": 0.0080431894583052627}]}, {"source": 51, "prod": 3.0, "target": 85, "value": 0.003859106053227273, "supply": [{"l": "Meat, Other", "v": 0.003859106053227273}]}, {"source": 78, "prod": 3.0, "target": 85, "value": 0.00265313541159375, "supply": [{"l": "Marine Fish, Other", "v": 0.00265313541159375}]}, {"source": 40, "prod": 1.0, "target": 85, "value": 0.00079452183448796817, "supply": [{"l": "Grapes", "v": 0.00079452183448796817}]}, {"source": 41, "prod": 11.0, "target": 85, "value": 0.095784991269846159, "supply": [{"l": "Palm Oil", "v": 0.095784991269846159}]}, {"source": 42, "prod": 150.0, "target": 85, "value": 0.23583425880833331, "supply": [{"l": "Rape and Mustardseed", "v": 0.23583425880833331}]}, {"source": 15, "prod": 1.0, "target": 85, "value": 0.0015722283920555555, "supply": [{"l": "Oilcrops, Other", "v": 0.0015722283920555555}]}, {"source": 39, "prod": 1.0, "target": 85, "value": 0.0088943206179142864, "supply": [{"l": "Coconut Oil", "v": 0.0088943206179142864}]}, {"source": 5, "prod": 16.0, "target": 85, "value": 0.044837339767569685, "supply": [{"l": "Oats", "v": 0.044837339767569685}]}, {"source": 45, "prod": 560.0, "target": 85, "value": 1.0181341729382247, "supply": [{"l": "Pigmeat", "v": 1.0181341729382247}]}, {"source": 18, "prod": 1.0, "target": 85, "value": 0.0034452908158444629, "supply": [{"l": "Cereals, Other", "v": 0.0034452908158444629}]}, {"source": 7, "prod": 57.0, "target": 85, "value": 0.044640016542143307, "supply": [{"l": "Potatoes", "v": 0.044640016542143307}]}, {"source": 47, "prod": 21.0, "target": 85, "value": 0.030739775803293106, "supply": [{"l": "Freshwater Fish", "v": 0.030739775803293106}]}, {"source": 48, "prod": 5.0, "target": 85, "value": 0.043538632395384615, "supply": [{"l": "Rape and Mustard Oil", "v": 0.043538632395384615}]}, {"source": 10, "prod": 1834.0, "target": 85, "value": 0.94053355462702981, "supply": [{"l": "Milk - Excluding Butter", "v": 0.94053355462702981}]}, {"source": 86, "prod": 1.0, "target": 85, "value": 0.010612541646375, "supply": [{"l": "Sesameseed Oil", "v": 0.010612541646375}]}, {"source": 50, "prod": 16.0, "target": 85, "value": 0.0092505339442472499, "supply": [{"l": "Apples", "v": 0.0092505339442472499}]}, {"source": 14, "prod": 1688.0, "target": 85, "value": 1.5427514504018454, "supply": [{"l": "Fish, Seafood", "v": 1.5427514504018454}]}, {"source": 23, "prod": 2.0, "target": 85, "value": 0.016508398116583337, "supply": [{"l": "Oilcrops Oil, Other", "v": 0.016508398116583337}]}, {"source": 43, "prod": 1.0, "target": 85, "value": 0.00088113898895421264, "supply": [{"l": "Wine", "v": 0.00088113898895421264}]}, {"source": 54, "prod": 10.0, "target": 85, "value": 0.022640088845599999, "supply": [{"l": "Sweeteners, Other", "v": 0.022640088845599999}]}, {"source": 3, "prod": 552.0, "target": 85, "value": 0.63466478567173767, "supply": [{"l": "Pelagic Fish", "v": 0.63466478567173767}]}, {"source": 55, "prod": 1.0, "target": 85, "value": 0.00069383630377488857, "supply": [{"l": "Bananas", "v": 0.00069383630377488857}]}, {"source": 56, "prod": 4.0, "target": 85, "value": 0.0032037861573962268, "supply": [{"l": "Beverages, Fermented", "v": 0.0032037861573962268}]}, {"source": 57, "prod": 1.0, "target": 85, "value": 0.00424501665855, "supply": [{"l": "Spices, Other", "v": 0.00424501665855}]}, {"source": 65, "prod": 115.0, "target": 85, "value": 0.14062709506719137, "supply": [{"l": "Bovine Meat", "v": 0.14062709506719137}]}, {"source": 60, "prod": 14.0, "target": 85, "value": 0.016271111080000001, "supply": [{"l": "Molluscs, Other", "v": 0.016271111080000001}]}, {"source": 61, "prod": 75.0, "target": 85, "value": 0.78709683877281256, "supply": [{"l": "Fish, Body Oil", "v": 0.78709683877281256}]}, {"source": 62, "prod": 57.0, "target": 85, "value": 0.091678573573014899, "supply": [{"l": "Poultry Meat", "v": 0.091678573573014899}]}, {"source": 11, "prod": 24.0, "target": 85, "value": 0.028526511945456003, "supply": [{"l": "Offals, Edible", "v": 0.028526511945456003}]}, {"source": 12, "prod": 1087.0, "target": 85, "value": 0.53344891420160123, "supply": [{"l": "Demersal Fish", "v": 0.53344891420160123}]}, {"source": 64, "prod": 4.0, "target": 85, "value": 0.00092171652417249702, "supply": [{"l": "Oranges, Mandarines", "v": 0.00092171652417249702}]}, {"source": 66, "prod": 2.0, "target": 85, "value": 0.018009161581727273, "supply": [{"l": "Palmkernel Oil", "v": 0.018009161581727273}]}, {"source": 74, "prod": 1.0, "target": 85, "value": 0.0015722283920555555, "supply": [{"l": "Palm kernels", "v": 0.0015722283920555555}]}, {"source": 67, "prod": 1.0, "target": 85, "value": 0.00047166851761666672, "supply": [{"l": "Onions", "v": 0.00047166851761666672}]}, {"source": 87, "prod": 11.0, "target": 5, "value": 0.030825671090204159, "supply": [{"l": "Oats", "v": 0.030825671090204159}]}, {"source": 14, "prod": 5.0, "target": 88, "value": 0.0045697614052187365, "supply": [{"l": "Fish, Seafood", "v": 0.0045697614052187365}]}, {"source": 87, "prod": 120.0, "target": 73, "value": 0.13946666639999999, "supply": [{"l": "Sugar beet", "v": 0.13946666639999999}]}, {"source": 34, "prod": 6.0, "target": 88, "value": 0.0094333703523333326, "supply": [{"l": "Coconuts - Incl Copra", "v": 0.0094333703523333326}]}, {"source": 10, "prod": 53.0, "target": 88, "value": 0.027180086365993773, "supply": [{"l": "Milk - Excluding Butter", "v": 0.027180086365993773}]}, {"source": 13, "prod": 705.0, "target": 88, "value": 2.6023797776328261, "supply": [{"l": "Barley", "v": 2.6023797776328261}]}, {"source": 8, "prod": 24.0, "target": 88, "value": 0.092522418089828751, "supply": [{"l": "Rye", "v": 0.092522418089828751}]}, {"source": 6, "prod": 17.0, "target": 88, "value": 0.026727882664944445, "supply": [{"l": "Soyabeans", "v": 0.026727882664944445}]}, {"source": 16, "prod": 3.0, "target": 88, "value": 0.010612541646375, "supply": [{"l": "Sugar", "v": 0.010612541646375}]}, {"source": 7, "prod": 16.0, "target": 88, "value": 0.01253053095919812, "supply": [{"l": "Potatoes", "v": 0.01253053095919812}]}, {"source": 3, "prod": 5.0, "target": 88, "value": 0.0057487752325338561, "supply": [{"l": "Pelagic Fish", "v": 0.0057487752325338561}]}, {"source": 0, "prod": 31.0, "target": 88, "value": 0.086292141911508191, "supply": [{"l": "Maize", "v": 0.086292141911508191}]}, {"source": 87, "prod": 1.0, "target": 71, "value": 0.0015722283920555555, "supply": [{"l": "Sesame seed", "v": 0.0015722283920555555}]}, {"source": 45, "prod": 6.0, "target": 88, "value": 0.010908580424338123, "supply": [{"l": "Pigmeat", "v": 0.010908580424338123}]}, {"source": 54, "prod": 1.0, "target": 88, "value": 0.0022640088845600004, "supply": [{"l": "Sweeteners, Other", "v": 0.0022640088845600004}]}, {"source": 87, "prod": 27.0, "target": 42, "value": 0.0424501665855, "supply": [{"l": "Rape and Mustardseed", "v": 0.0424501665855}]}, {"source": 24, "prod": 18.0, "target": 88, "value": 0.010262975995726896, "supply": [{"l": "Beer", "v": 0.010262975995726896}]}, {"source": 33, "prod": 7.0, "target": 88, "value": 0.06317109113020368, "supply": [{"l": "Soyabean Oil", "v": 0.06317109113020368}]}, {"source": 31, "prod": 2.0, "target": 88, "value": 0.017959685863096157, "supply": [{"l": "Fats, Animals, Raw", "v": 0.017959685863096157}]}, {"source": 81, "prod": 5.0, "target": 88, "value": 0.020107973645763159, "supply": [{"l": "Peas", "v": 0.020107973645763159}]}, {"source": 87, "prod": 16.0, "target": 70, "value": 0.12605976356037726, "supply": [{"l": "Rape and Mustard Oil", "v": 0.026123179437230769}, {"l": "Beverages, Alcoholic", "v": 0.0067559946820424403}, {"l": "Butter, Ghee", "v": 0.058349683524796372}, {"l": "Palm Oil", "v": 0.034830905916307692}]}, {"source": 4, "prod": 3.0, "target": 88, "value": 0.0095977883945015576, "supply": [{"l": "Wheat", "v": 0.0095977883945015576}]}, {"source": 1, "prod": 95.0, "target": 62, "value": 0.1527976226216915, "supply": [{"l": "Poultry Meat", "v": 0.1527976226216915}]}, {"source": 1, "prod": 745.0, "target": 45, "value": 1.3544820693553168, "supply": [{"l": "Pigmeat", "v": 1.3544820693553168}]}, {"source": 1, "prod": 673.0, "target": 3, "value": 0.77378514629905693, "supply": [{"l": "Pelagic Fish", "v": 0.77378514629905693}]}, {"source": 1, "prod": 36.0, "target": 36, "value": 0.012201245485652696, "supply": [{"l": "Crustaceans", "v": 0.012201245485652696}]}, {"source": 1, "prod": 70.0, "target": 37, "value": 0.11647911563094512, "supply": [{"l": "Eggs", "v": 0.12479905246172693}]}, {"source": 1, "prod": 39.0, "target": 60, "value": 0.045326666580000008, "supply": [{"l": "Molluscs, Other", "v": 0.045326666580000008}]}, {"source": 1, "prod": 3.0, "target": 79, "value": 0.0027418568431312419, "supply": [{"l": "Aquatic Animals, Others", "v": 0.0027418568431312419}]}, {"source": 1, "prod": 5066.0, "target": 10, "value": 2.5980059911344235, "supply": [{"l": "Milk - Excluding Butter", "v": 2.5980059911344235}]}, {"source": 1, "prod": 50.0, "target": 11, "value": 0.059430233219700007, "supply": [{"l": "Offals, Edible", "v": 0.059430233219700007}]}, {"source": 1, "prod": 1400.0, "target": 12, "value": 0.68705471930289019, "supply": [{"l": "Demersal Fish", "v": 0.68705471930289019}]}, {"source": 1, "prod": 3.0, "target": 77, "value": 0.0027418568431312419, "supply": [{"l": "Aquatic Products, Other", "v": 0.0027418568431312419}]}, {"source": 1, "prod": 2203.0, "target": 14, "value": 2.0134368751393756, "supply": [{"l": "Fish, Seafood", "v": 2.0134368751393756}]}, {"source": 1, "prod": 240.0, "target": 65, "value": 0.29348263318370371, "supply": [{"l": "Bovine Meat", "v": 0.29348263318370371}]}, {"source": 1, "prod": 31.0, "target": 78, "value": 0.027415732586468754, "supply": [{"l": "Marine Fish, Other", "v": 0.027415732586468754}]}, {"source": 1, "prod": 5.0, "target": 51, "value": 0.0064318434220454555, "supply": [{"l": "Meat, Other", "v": 0.0064318434220454555}]}, {"source": 1, "prod": 24.0, "target": 47, "value": 0.035131172346620693, "supply": [{"l": "Freshwater Fish", "v": 0.035131172346620693}]}, {"source": 1, "prod": 1.0, "target": 53, "value": 0.0032653974296538461, "supply": [{"l": "Mutton & Goat Meat", "v": 0.0032653974296538461}]}, {"source": 70, "prod": 38.0, "target": 76, "value": 0.031959625037762111, "supply": [{"l": "Alcohol, Non-Food", "v": 0.031959625037762111}]}, {"source": 70, "prod": 137.0, "target": 31, "value": 1.2302384816220866, "supply": [{"l": "Fats, Animals, Raw", "v": 1.2302384816220866}]}, {"source": 70, "prod": 40.0, "target": 54, "value": 0.09056035538240001, "supply": [{"l": "Sweeteners, Other", "v": 0.09056035538240001}]}, {"source": 70, "prod": 40.0, "target": 68, "value": 0.090964642683214303, "supply": [{"l": "Cream", "v": 0.090964642683214303}]}, {"source": 70, "prod": 7.0, "target": 56, "value": 0.0056066257754433975, "supply": [{"l": "Beverages, Fermented", "v": 0.0056066257754433975}]}, {"source": 70, "prod": 92.0, "target": 33, "value": 0.83024862628267693, "supply": [{"l": "Soyabean Oil", "v": 0.83024862628267693}]}, {"source": 70, "prod": 7.0, "target": 39, "value": 0.062260244325400012, "supply": [{"l": "Coconut Oil", "v": 0.062260244325400012}]}, {"source": 70, "prod": 100.0, "target": 61, "value": 1.0494624516970834, "supply": [{"l": "Fish, Body Oil", "v": 1.0494624516970834}]}, {"source": 70, "prod": 427.0, "target": 16, "value": 1.5105184276673751, "supply": [{"l": "Sugar", "v": 1.5105184276673751}]}, {"source": 70, "prod": 1.0, "target": 27, "value": 0.0035375138821250002, "supply": [{"l": "Honey", "v": 0.0035375138821250002}]}, {"source": 70, "prod": 842.0, "target": 24, "value": 0.48007921046678037, "supply": [{"l": "Beer", "v": 0.48007921046678037}]}, {"source": 70, "prod": 1.0, "target": 25, "value": 0.0084900333171, "supply": [{"l": "Groundnut Oil", "v": 0.0084900333171}]}, {"source": 70, "prod": 21.0, "target": 26, "value": 0.070937944161445624, "supply": [{"l": "Beverages, Alcoholic", "v": 0.070937944161445624}]}, {"source": 70, "prod": 2.0, "target": 44, "value": 0.018192928536642859, "supply": [{"l": "Sunflowerseed Oil", "v": 0.018192928536642859}]}, {"source": 70, "prod": 1.0, "target": 86, "value": 0.010612541646375, "supply": [{"l": "Sesameseed Oil", "v": 0.010612541646375}]}, {"source": 70, "prod": 21.0, "target": 41, "value": 0.1828622560606154, "supply": [{"l": "Palm Oil", "v": 0.1828622560606154}]}, {"source": 70, "prod": 10.0, "target": 66, "value": 0.090045807908636366, "supply": [{"l": "Palmkernel Oil", "v": 0.090045807908636366}]}, {"source": 70, "prod": 12.0, "target": 23, "value": 0.099050388699500017, "supply": [{"l": "Oilcrops Oil, Other", "v": 0.099050388699500017}]}, {"source": 70, "prod": 8.0, "target": 48, "value": 0.069661811832615383, "supply": [{"l": "Rape and Mustard Oil", "v": 0.069661811832615383}]}, {"source": 70, "prod": 145.0, "target": 29, "value": 1.208672015870782, "supply": [{"l": "Butter, Ghee", "v": 1.208672015870782}]}, {"source": 70, "prod": 42.0, "target": 43, "value": 0.037007837536076928, "supply": [{"l": "Wine", "v": 0.037007837536076928}]}, {"source": 89, "prod": 20.512820512820522, "target": 70, "value": 0.087077264790769271, "supply": [{"l": "Oil Palm", "v": 0.087077264790769271}]}, {"source": 90, "prod": 0, "target": 19, "value": 6.2364432205624481e-05, "supply": "[{\"l\":'Energy for power irrigation',\"v\":6.2364432205624481e-05}]"}, {"source": 90, "prod": 0, "target": 18, "value": 0.00079973213063683159, "supply": "[{\"l\":'Energy for power irrigation',\"v\":0.00079973213063683159}]"}, {"source": 90, "prod": 0, "target": 8, "value": 0.0012436201481003941, "supply": "[{\"l\":'Energy for power irrigation',\"v\":0.0012436201481003941}]"}, {"source": 90, "prod": 0, "target": 4, "value": 0.004449885662671911, "supply": "[{\"l\":'Energy for power irrigation',\"v\":0.004449885662671911}]"}, {"source": 90, "prod": 0, "target": 5, "value": 0.0036171370679262196, "supply": "[{\"l\":'Energy for power irrigation',\"v\":0.0036171370679262196}]"}, {"source": 90, "prod": 0, "target": 57, "value": 1.1005488036286673e-05, "supply": "[{\"l\":'Energy for power irrigation',\"v\":1.1005488036286673e-05}]"}, {"source": 90, "prod": 0, "target": 7, "value": 0.0069224519748243164, "supply": "[{\"l\":'Energy for power irrigation',\"v\":0.0069224519748243164}]"}, {"source": 90, "prod": 0, "target": 38, "value": 0.0013866914925721207, "supply": "[{\"l\":'Energy for power irrigation',\"v\":0.0013866914925721207}]"}, {"source": 90, "prod": 0, "target": 59, "value": 0.00043655102543937134, "supply": "[{\"l\":'Energy for power irrigation',\"v\":0.00043655102543937134}]"}, {"source": 90, "prod": 0, "target": 81, "value": 5.1358944169337798e-05, "supply": "[{\"l\":'Energy for power irrigation',\"v\":5.1358944169337798e-05}]"}, {"source": 90, "prod": 0, "target": 89, "value": 7.5251200248114031e-05, "supply": "[{\"l\":'Energy for power irrigation',\"v\":7.5251200248114031e-05}]"}, {"source": 90, "prod": 0, "target": 42, "value": 0.0011298967717254316, "supply": "[{\"l\":'Energy for power irrigation',\"v\":0.0011298967717254316}]"}, {"source": 90, "prod": 0, "target": 13, "value": 0.044685949923335987, "supply": "[{\"l\":'Energy for power irrigation',\"v\":0.044685949923335987}]"}, {"source": 90, "prod": 0, "target": 73, "value": 0.020184065058549756, "supply": "[{\"l\":'Energy for power irrigation',\"v\":0.020184065058549756}]"}, {"source": 90, "prod": 0, "target": 15, "value": 9.1712400302388953e-05, "supply": "[{\"l\":'Energy for power irrigation',\"v\":9.1712400302388953e-05}]"}, {"source": 90, "prod": 0, "target": 67, "value": 0.00023111524876202012, "supply": "[{\"l\":'Energy for power irrigation',\"v\":0.00023111524876202012}]"}, {"source": 90, "prod": 0, "target": 30, "value": 0.00021644126471363789, "supply": "[{\"l\":'Energy for power irrigation',\"v\":0.00021644126471363789}]"}, {"source": 90, "prod": 0, "target": 50, "value": 0.00084742257879407378, "supply": "[{\"l\":'Energy for power irrigation',\"v\":0.00084742257879407378}]"}, {"source": 90, "prod": 0, "target": 70, "value": 0.95700000076559988, "supply": "[{\"l\":'Electricity',\"v\":0.95700000076559988}]"}, {"source": 91, "prod": 0, "target": 90, "value": 2.7317023087899668, "supply": [{"l": "Coal", "v": 0.82884175765588708}, {"l": "Natural gas", "v": 0.0}, {"l": "Oil", "v": 1.9028605511340797}]}, {"source": 92, "prod": 0, "target": 90, "value": 0.0013738195239346707, "supply": [{"l": "Nuclear", "v": 0.0}, {"l": "Hydroelectric", "v": 0.0013738195239346707}, {"l": "Renewable", "v": 0.0}]}, {"source": 91, "prod": 0, "target": 19, "value": 0.0076832968894533192, "supply": [{"l": "Motor Gasoline", "v": 0.00061760404985180921}, {"l": "Gas-Diesel oil", "v": 0.0048122659476687235}, {"l": "Natural gas (including LNG)", "v": 9.4629644299938588e-05}, {"l": "Fuel oil", "v": 0.001635689157416981}, {"l": "Liquefied petroleum gas (LPG)", "v": 0.00011743242841580675}, {"l": "Coal", "v": 0.00040567566180005961}]}, {"source": 91, "prod": 0, "target": 18, "value": 0.098526983641224919, "supply": [{"l": "Motor Gasoline", "v": 0.007919863698099671}, {"l": "Gas-Diesel oil", "v": 0.06171023391716364}, {"l": "Natural gas (including LNG)", "v": 0.0012134860269050951}, {"l": "Fuel oil", "v": 0.020975308018641284}, {"l": "Liquefied petroleum gas (LPG)", "v": 0.0015058981996850514}, {"l": "Coal", "v": 0.0052021937807301766}]}, {"source": 91, "prod": 0, "target": 8, "value": 0.15321397914851032, "supply": [{"l": "Motor Gasoline", "v": 0.012315751347044901}, {"l": "Gas-Diesel oil", "v": 0.095962244485864559}, {"l": "Natural gas (including LNG)", "v": 0.0018870264363340698}, {"l": "Fuel oil", "v": 0.032617566139079797}, {"l": "Liquefied petroleum gas (LPG)", "v": 0.0023417407784093228}, {"l": "Coal", "v": 0.0080896499617776601}]}, {"source": 91, "prod": 0, "target": 4, "value": 0.54822583099452216, "supply": [{"l": "Motor Gasoline", "v": 0.044067865439426146}, {"l": "Gas-Diesel oil", "v": 0.34336932908953893}, {"l": "Natural gas (including LNG)", "v": 0.0067521034432838538}, {"l": "Fuel oil", "v": 0.11671123223216458}, {"l": "Liquefied petroleum gas (LPG)", "v": 0.0083791491569631515}, {"l": "Coal", "v": 0.028946151633145428}]}, {"source": 91, "prod": 0, "target": 5, "value": 0.44563121958829249, "supply": [{"l": "Motor Gasoline", "v": 0.035821034891404931}, {"l": "Gas-Diesel oil", "v": 0.27911142496478597}, {"l": "Natural gas (including LNG)", "v": 0.0054885193693964386}, {"l": "Fuel oil", "v": 0.094869971130184888}, {"l": "Liquefied petroleum gas (LPG)", "v": 0.0068110808481167918}, {"l": "Coal", "v": 0.023529188384403456}]}, {"source": 91, "prod": 0, "target": 57, "value": 0.0013558759216682329, "supply": [{"l": "Motor Gasoline", "v": 0.00010898894997384868}, {"l": "Gas-Diesel oil", "v": 0.00084922340252977489}, {"l": "Natural gas (including LNG)", "v": 1.6699348994106811e-05}, {"l": "Fuel oil", "v": 0.00028865102777946727}, {"l": "Liquefied petroleum gas (LPG)", "v": 2.0723369720436488e-05}, {"l": "Coal", "v": 7.1589822670598766e-05}]}, {"source": 91, "prod": 0, "target": 7, "value": 0.85284595472931846, "supply": [{"l": "Motor Gasoline", "v": 0.06855404953355082}, {"l": "Gas-Diesel oil", "v": 0.53416152019122831}, {"l": "Natural gas (including LNG)", "v": 0.010503890517293184}, {"l": "Fuel oil", "v": 0.18156149647328487}, {"l": "Liquefied petroleum gas (LPG)", "v": 0.013034999554154549}, {"l": "Coal", "v": 0.045029998459806618}]}, {"source": 91, "prod": 0, "target": 38, "value": 0.17084036613019735, "supply": [{"l": "Motor Gasoline", "v": 0.013732607696704934}, {"l": "Gas-Diesel oil", "v": 0.10700214871875163}, {"l": "Natural gas (including LNG)", "v": 0.0021041179732574581}, {"l": "Fuel oil", "v": 0.036370029500212869}, {"l": "Liquefied petroleum gas (LPG)", "v": 0.0026111445847749972}, {"l": "Coal", "v": 0.009020317656495443}]}, {"source": 91, "prod": 0, "target": 59, "value": 0.053783078226173231, "supply": [{"l": "Motor Gasoline", "v": 0.0043232283489626645}, {"l": "Gas-Diesel oil", "v": 0.033685861633681063}, {"l": "Natural gas (including LNG)", "v": 0.00066240751009957017}, {"l": "Fuel oil", "v": 0.011449824101918867}, {"l": "Liquefied petroleum gas (LPG)", "v": 0.00082202699891064724}, {"l": "Coal", "v": 0.0028397296326004174}]}, {"source": 91, "prod": 0, "target": 81, "value": 0.0063274209677850858, "supply": [{"l": "Motor Gasoline", "v": 0.00050861509987796042}, {"l": "Gas-Diesel oil", "v": 0.0039630425451389487}, {"l": "Natural gas (including LNG)", "v": 7.7930295305831784e-05}, {"l": "Fuel oil", "v": 0.0013470381296375137}, {"l": "Liquefied petroleum gas (LPG)", "v": 9.6709058695370259e-05}, {"l": "Coal", "v": 0.00033408583912946082}]}, {"source": 91, "prod": 0, "target": 89, "value": 0.0092709464729451851, "supply": [{"l": "Motor Gasoline", "v": 0.00074522358956477758}, {"l": "Gas-Diesel oil", "v": 0.0058066557437933342}, {"l": "Natural gas (including LNG)", "v": 0.00011418358286568764}, {"l": "Fuel oil", "v": 0.0019736822412271273}, {"l": "Liquefied petroleum gas (LPG)", "v": 0.00014169825449871108}, {"l": "Coal", "v": 0.00048950306099554723}]}, {"source": 91, "prod": 0, "target": 42, "value": 0.13920326129127189, "supply": [{"l": "Motor Gasoline", "v": 0.011189532197315132}, {"l": "Gas-Diesel oil", "v": 0.08718693599305688}, {"l": "Natural gas (including LNG)", "v": 0.0017144664967282993}, {"l": "Fuel oil", "v": 0.029634838852025301}, {"l": "Liquefied petroleum gas (LPG)", "v": 0.0021275992912981457}, {"l": "Coal", "v": 0.0073498884608481389}]}, {"source": 91, "prod": 0, "target": 13, "value": 5.5053082006135812, "supply": [{"l": "Motor Gasoline", "v": 0.44253146654381692}, {"l": "Gas-Diesel oil", "v": 3.4481300887383957}, {"l": "Natural gas (including LNG)", "v": 0.067804923365738359}, {"l": "Fuel oil", "v": 1.1720193897938966}, {"l": "Liquefied petroleum gas (LPG)", "v": 0.084143788854878943}, {"l": "Coal", "v": 0.2906785433168545}]}, {"source": 91, "prod": 0, "target": 73, "value": 2.4866764403395392, "supply": [{"l": "Motor Gasoline", "v": 0.19988573425203848}, {"l": "Gas-Diesel oil", "v": 1.557475720239607}, {"l": "Natural gas (including LNG)", "v": 0.030626606055191893}, {"l": "Fuel oil", "v": 0.52938598494754296}, {"l": "Liquefied petroleum gas (LPG)", "v": 0.038006660067280519}, {"l": "Coal", "v": 0.13129573477787812}]}, {"source": 91, "prod": 0, "target": 15, "value": 0.011298966013901941, "supply": [{"l": "Motor Gasoline", "v": 0.00090824124978207247}, {"l": "Gas-Diesel oil", "v": 0.0070768616877481243}, {"l": "Natural gas (including LNG)", "v": 0.00013916124161755678}, {"l": "Fuel oil", "v": 0.0024054252314955607}, {"l": "Liquefied petroleum gas (LPG)", "v": 0.00017269474767030407}, {"l": "Coal", "v": 0.00059658185558832306}]}, {"source": 91, "prod": 0, "target": 67, "value": 0.028473394355032891, "supply": [{"l": "Motor Gasoline", "v": 0.0022887679494508224}, {"l": "Gas-Diesel oil", "v": 0.017833691453125272}, {"l": "Natural gas (including LNG)", "v": 0.00035068632887624303}, {"l": "Fuel oil", "v": 0.0060616715833688118}, {"l": "Liquefied petroleum gas (LPG)", "v": 0.0004351907641291662}, {"l": "Coal", "v": 0.0015033862760825739}]}, {"source": 91, "prod": 0, "target": 30, "value": 0.026665559792808578, "supply": [{"l": "Motor Gasoline", "v": 0.0021434493494856908}, {"l": "Gas-Diesel oil", "v": 0.016701393583085571}, {"l": "Natural gas (including LNG)", "v": 0.00032842053021743393}, {"l": "Fuel oil", "v": 0.0056768035463295218}, {"l": "Liquefied petroleum gas (LPG)", "v": 0.00040755960450191754}, {"l": "Coal", "v": 0.0014079331791884422}]}, {"source": 91, "prod": 0, "target": 50, "value": 0.10440244596845392, "supply": [{"l": "Motor Gasoline", "v": 0.0083921491479863487}, {"l": "Gas-Diesel oil", "v": 0.06539020199479266}, {"l": "Natural gas (including LNG)", "v": 0.0012858498725462244}, {"l": "Fuel oil", "v": 0.022226129139018974}, {"l": "Liquefied petroleum gas (LPG)", "v": 0.0015956994684736094}, {"l": "Coal", "v": 0.005512416345636104}]}, {"source": 91, "prod": 0, "target": 1, "value": 2.9537087431037072, "supply": [{"l": "Gas-diesel oils used in fisheries", "v": 2.8965277800949996}, {"l": "Fuel oil used in fisheries", "v": 0.057180963008707723}]}, {"source": 93, "prod": 0.39476981937793332, "target": 19, "value": 0.0044013402312931228, "supply": [{"l": "Potash", "v": 0.40942741699420859}, {"l": "Phosphate", "v": 0.4799940837173286}, {"l": "Nitrogen", "v": 5.5123311849654195}]}, {"source": 93, "prod": 5.0623423896699693, "target": 18, "value": 0.05644071590717064, "supply": [{"l": "Potash", "v": 0.40942741699420859}, {"l": "Phosphate", "v": 0.4799940837173286}, {"l": "Nitrogen", "v": 5.5123311849654195}]}, {"source": 93, "prod": 7.8721746334776128, "target": 8, "value": 0.087767902259315814, "supply": [{"l": "Potash", "v": 0.40942741699420859}, {"l": "Phosphate", "v": 0.4799940837173286}, {"l": "Nitrogen", "v": 5.5123311849654195}]}, {"source": 93, "prod": 28.167987700319596, "target": 4, "value": 0.31404857062109165, "supply": [{"l": "Potash", "v": 0.40942741699420859}, {"l": "Phosphate", "v": 0.4799940837173286}, {"l": "Nitrogen", "v": 5.5123311849654195}]}, {"source": 93, "prod": 22.896649523920136, "target": 5, "value": 0.25527773341500115, "supply": [{"l": "Potash", "v": 0.40942741699420859}, {"l": "Phosphate", "v": 0.4799940837173286}, {"l": "Nitrogen", "v": 5.5123311849654195}]}, {"source": 93, "prod": 0.069665262243164716, "target": 57, "value": 0.00077670709963996291, "supply": [{"l": "Potash", "v": 0.40942741699420859}, {"l": "Phosphate", "v": 0.4799940837173286}, {"l": "Nitrogen", "v": 5.5123311849654195}]}, {"source": 93, "prod": 43.819449950950599, "target": 7, "value": 0.48854876567353667, "supply": [{"l": "Potash", "v": 0.40942741699420859}, {"l": "Phosphate", "v": 0.4799940837173286}, {"l": "Nitrogen", "v": 5.5123311849654195}]}, {"source": 93, "prod": 8.7778230426387527, "target": 38, "value": 0.097865094554635323, "supply": [{"l": "Potash", "v": 0.40942741699420859}, {"l": "Phosphate", "v": 0.4799940837173286}, {"l": "Nitrogen", "v": 5.5123311849654195}]}, {"source": 93, "prod": 2.7633887356455333, "target": 59, "value": 0.030809381619051862, "supply": [{"l": "Potash", "v": 0.40942741699420859}, {"l": "Phosphate", "v": 0.4799940837173286}, {"l": "Nitrogen", "v": 5.5123311849654195}]}, {"source": 93, "prod": 0.3251045571347686, "target": 81, "value": 0.0036246331316531601, "supply": [{"l": "Potash", "v": 0.40942741699420859}, {"l": "Phosphate", "v": 0.4799940837173286}, {"l": "Nitrogen", "v": 5.5123311849654195}]}, {"source": 93, "prod": 0.4763436734575367, "target": 89, "value": 0.0053108177753159874, "supply": [{"l": "Potash", "v": 0.40942741699420859}, {"l": "Phosphate", "v": 0.4799940837173286}, {"l": "Nitrogen", "v": 5.5123311849654195}]}, {"source": 93, "prod": 7.1523002569649101, "target": 42, "value": 0.079741928896369524, "supply": [{"l": "Potash", "v": 0.40942741699420859}, {"l": "Phosphate", "v": 0.4799940837173286}, {"l": "Nitrogen", "v": 5.5123311849654195}]}, {"source": 93, "prod": 282.86418646132978, "target": 13, "value": 3.1536897269047959, "supply": [{"l": "Potash", "v": 0.40942741699420859}, {"l": "Phosphate", "v": 0.4799940837173286}, {"l": "Nitrogen", "v": 5.5123311849654195}]}, {"source": 93, "prod": 127.76609095396408, "target": 73, "value": 1.424480820739692, "supply": [{"l": "Potash", "v": 0.40942741699420859}, {"l": "Phosphate", "v": 0.4799940837173286}, {"l": "Nitrogen", "v": 5.5123311849654195}]}, {"source": 93, "prod": 0.5805438520263726, "target": 15, "value": 0.0064725591636663584, "supply": [{"l": "Potash", "v": 0.40942741699420859}, {"l": "Phosphate", "v": 0.4799940837173286}, {"l": "Nitrogen", "v": 5.5123311849654195}]}, {"source": 93, "prod": 1.4629705071064589, "target": 67, "value": 0.016310849092439222, "supply": [{"l": "Potash", "v": 0.40942741699420859}, {"l": "Phosphate", "v": 0.4799940837173286}, {"l": "Nitrogen", "v": 5.5123311849654195}]}, {"source": 93, "prod": 1.3700834907822392, "target": 30, "value": 0.015275239626252603, "supply": [{"l": "Potash", "v": 0.40942741699420859}, {"l": "Phosphate", "v": 0.4799940837173286}, {"l": "Nitrogen", "v": 5.5123311849654195}]}, {"source": 93, "prod": 5.3642251927236826, "target": 50, "value": 0.059806446672277143, "supply": [{"l": "Potash", "v": 0.40942741699420859}, {"l": "Phosphate", "v": 0.4799940837173286}, {"l": "Nitrogen", "v": 5.5123311849654195}]}, {"source": 91, "prod": 0, "target": 93, "value": 7.9479096660971296, "supply": [{"l": "Natural gas (including LNG)", "v": 5.2787426224421532}, {"l": "Fuel oil", "v": 1.6947457200346903}, {"l": "Liquefied petroleum gas (LPG)", "v": 0.48721066181014278}, {"l": "Coal", "v": 0.48721066181014278}]}, {"source": 94, "prod": 0, "target": 0, "value": 0.002103790800801053, "supply": "[{\"l\":'Labor',\"v\":0.002103790800801053}]"}, {"source": 94, "prod": 0, "target": 8, "value": 0.0020260939814532868, "supply": "[{\"l\":'Labor',\"v\":0.0020260939814532868}]"}, {"source": 94, "prod": 0, "target": 21, "value": 4.1836748879566388e-05, "supply": "[{\"l\":'Labor',\"v\":4.1836748879566388e-05}]"}, {"source": 94, "prod": 0, "target": 13, "value": 0.072801919728856884, "supply": "[{\"l\":'Labor',\"v\":0.072801919728856884}]"}, {"source": 94, "prod": 0, "target": 46, "value": 7.7696819347766158e-05, "supply": "[{\"l\":'Labor',\"v\":7.7696819347766158e-05}]"}, {"source": 94, "prod": 0, "target": 28, "value": 6.5743462525032906e-05, "supply": "[{\"l\":'Labor',\"v\":6.5743462525032906e-05}]"}, {"source": 94, "prod": 0, "target": 30, "value": 0.00035262402627063102, "supply": "[{\"l\":'Labor',\"v\":0.00035262402627063102}]"}, {"source": 94, "prod": 0, "target": 69, "value": 5.9766784113666276e-06, "supply": "[{\"l\":'Labor',\"v\":5.9766784113666276e-06}]"}, {"source": 94, "prod": 0, "target": 18, "value": 0.0013029158936779248, "supply": "[{\"l\":'Labor',\"v\":0.0013029158936779248}]"}, {"source": 94, "prod": 0, "target": 32, "value": 0.00035860070468199764, "supply": "[{\"l\":'Labor',\"v\":0.00035860070468199764}]"}, {"source": 94, "prod": 0, "target": 4, "value": 0.0072497109129877188, "supply": "[{\"l\":'Labor',\"v\":0.0072497109129877188}]"}, {"source": 94, "prod": 0, "target": 34, "value": 0.000209183744397832, "supply": "[{\"l\":'Labor',\"v\":0.000209183744397832}]"}, {"source": 94, "prod": 0, "target": 35, "value": 4.1836748879566388e-05, "supply": "[{\"l\":'Labor',\"v\":4.1836748879566388e-05}]"}, {"source": 94, "prod": 0, "target": 38, "value": 0.0022591844394965854, "supply": "[{\"l\":'Labor',\"v\":0.0022591844394965854}]"}, {"source": 94, "prod": 0, "target": 81, "value": 8.3673497759132777e-05, "supply": "[{\"l\":'Labor',\"v\":8.3673497759132777e-05}]"}, {"source": 94, "prod": 0, "target": 71, "value": 5.9766784113666276e-06, "supply": "[{\"l\":'Labor',\"v\":5.9766784113666276e-06}]"}, {"source": 94, "prod": 0, "target": 40, "value": 0.00011953356822733256, "supply": "[{\"l\":'Labor',\"v\":0.00011953356822733256}]"}, {"source": 94, "prod": 0, "target": 72, "value": 5.9766784113666276e-06, "supply": "[{\"l\":'Labor',\"v\":5.9766784113666276e-06}]"}, {"source": 94, "prod": 0, "target": 42, "value": 0.0018408169507009213, "supply": "[{\"l\":'Labor',\"v\":0.0018408169507009213}]"}, {"source": 94, "prod": 0, "target": 15, "value": 0.0001494169602841657, "supply": "[{\"l\":'Labor',\"v\":0.0001494169602841657}]"}, {"source": 94, "prod": 0, "target": 22, "value": 5.9766784113666276e-06, "supply": "[{\"l\":'Labor',\"v\":5.9766784113666276e-06}]"}, {"source": 94, "prod": 0, "target": 5, "value": 0.0058930049136074946, "supply": "[{\"l\":'Labor',\"v\":0.0058930049136074946}]"}, {"source": 94, "prod": 0, "target": 6, "value": 0.002815015531753682, "supply": "[{\"l\":'Labor',\"v\":0.002815015531753682}]"}, {"source": 94, "prod": 0, "target": 7, "value": 0.011277992162248826, "supply": "[{\"l\":'Labor',\"v\":0.011277992162248826}]"}, {"source": 94, "prod": 0, "target": 89, "value": 0.00012259853151521294, "supply": "[{\"l\":'Labor',\"v\":0.00012259853151521294}]"}, {"source": 94, "prod": 0, "target": 49, "value": 1.7930035234099885e-05, "supply": "[{\"l\":'Labor',\"v\":1.7930035234099885e-05}]"}, {"source": 94, "prod": 0, "target": 19, "value": 0.00010160353299323266, "supply": "[{\"l\":'Labor',\"v\":0.00010160353299323266}]"}, {"source": 94, "prod": 0, "target": 73, "value": 0.032883684619339187, "supply": "[{\"l\":'Labor',\"v\":0.032883684619339187}]"}, {"source": 94, "prod": 0, "target": 52, "value": 4.1836748879566388e-05, "supply": "[{\"l\":'Labor',\"v\":4.1836748879566388e-05}]"}, {"source": 94, "prod": 0, "target": 17, "value": 2.3906713645466511e-05, "supply": "[{\"l\":'Labor',\"v\":2.3906713645466511e-05}]"}, {"source": 94, "prod": 0, "target": 55, "value": 0.00022113710122056521, "supply": "[{\"l\":'Labor',\"v\":0.00022113710122056521}]"}, {"source": 94, "prod": 0, "target": 83, "value": 5.9766784113666276e-06, "supply": "[{\"l\":'Labor',\"v\":5.9766784113666276e-06}]"}, {"source": 94, "prod": 0, "target": 57, "value": 1.7930035234099885e-05, "supply": "[{\"l\":'Labor',\"v\":1.7930035234099885e-05}]"}, {"source": 94, "prod": 0, "target": 58, "value": 1.1953356822733255e-05, "supply": "[{\"l\":'Labor',\"v\":1.1953356822733255e-05}]"}, {"source": 94, "prod": 0, "target": 59, "value": 0.00071122473095262871, "supply": "[{\"l\":'Labor',\"v\":0.00071122473095262871}]"}, {"source": 94, "prod": 0, "target": 50, "value": 0.0013806127130256908, "supply": "[{\"l\":'Labor',\"v\":0.0013806127130256908}]"}, {"source": 94, "prod": 0, "target": 9, "value": 1.1953356822733255e-05, "supply": "[{\"l\":'Labor',\"v\":1.1953356822733255e-05}]"}, {"source": 94, "prod": 0, "target": 63, "value": 2.3906713645466511e-05, "supply": "[{\"l\":'Labor',\"v\":2.3906713645466511e-05}]"}, {"source": 94, "prod": 0, "target": 64, "value": 0.00053192437861162992, "supply": "[{\"l\":'Labor',\"v\":0.00053192437861162992}]"}, {"source": 94, "prod": 0, "target": 74, "value": 0.00013746360346143243, "supply": "[{\"l\":'Labor',\"v\":0.00013746360346143243}]"}, {"source": 94, "prod": 0, "target": 67, "value": 0.00037653073991609755, "supply": "[{\"l\":'Labor',\"v\":0.00037653073991609755}]"}, {"source": 94, "prod": 0, "target": 2, "value": 6.5743462525032906e-05, "supply": "[{\"l\":'Labor',\"v\":6.5743462525032906e-05}]"}, {"source": 91, "prod": 0, "target": 82, "value": 6.3967958085354528, "supply": "[{\"l\":'Fossil Fuels',\"v\":6.3967958085354528}]"}, {"source": 92, "prod": 0, "target": 82, "value": 0.13212763350191109, "supply": "[{\"l\":'Renewables & Nuclear',\"v\":0.00076508914597509057},{\"l\":'Biomass & Waste',\"v\":0.131362544355936}]"}]}