{"nodes": [{"layer": 3, "name": "Vegetables"}, {"layer": 5, "name": "Production", "fill": "#b5cf6b"}, {"layer": 3, "name": "Sugar Crops", "fill": "#ffbb78"}, {"layer": 3, "name": "Starchy Roots"}, {"layer": 3, "name": "Pulses"}, {"layer": 3, "name": "Cereals - Excluding Beer"}, {"layer": 3, "name": "Spices"}, {"layer": 3, "name": "Fruits - Excluding Wine"}, {"layer": 3, "name": "Oilcrops", "fill": "#ff9896"}, {"layer": 1, "name": "Electricity", "fill": "#bcbd22"}, {"layer": 0, "name": "Fossil Fuels", "fill": "#c49c94"}, {"layer": 0, "name": "Renewables & Nuclear", "fill": "#2ca02c"}, {"layer": 1, "name": "Fertilizers", "fill": "#c5b0d5"}, {"layer": 0, "name": "Labor", "fill": "#7f7f7f"}], "links": [{"source": 0, "prod": 218.0, "target": 1, "value": 0.064283098236546918, "supply": [{"l": "Tomatoes", "v": 0.0047831173617464782}, {"l": "Vegetables, Other", "v": 0.047236599416767104}, {"l": "Onions", "v": 0.012263381458033335}]}, {"source": 2, "prod": 2691.0, "target": 1, "value": 3.1275399940200002, "supply": [{"l": "Sugar beet", "v": 3.1275399940200002}]}, {"source": 3, "prod": 928.0, "target": 1, "value": 0.72677079563349112, "supply": [{"l": "Potatoes", "v": 0.72677079563349112}]}, {"source": 4, "prod": 14.0, "target": 1, "value": 0.05667921687497969, "supply": [{"l": "Peas", "v": 0.024129568374915786}, {"l": "Pulses, Other", "v": 0.0325496485000639}]}, {"source": 5, "prod": 7262.0, "target": 1, "value": 26.106831870229133, "supply": [{"l": "Rye", "v": 0.64765692662880125}, {"l": "Barley", "v": 22.026099479624222}, {"l": "Wheat", "v": 1.893963576514974}, {"l": "Oats", "v": 1.3255038568787787}, {"l": "Cereals, Other", "v": 0.21360803058235672}]}, {"source": 6, "prod": 1.0, "target": 1, "value": 0.00424501665855, "supply": [{"l": "Spices, Other", "v": 0.00424501665855}]}, {"source": 7, "prod": 138.0, "target": 1, "value": 0.079175026319664318, "supply": [{"l": "Fruits, Other", "v": 0.019046555682057188}, {"l": "Apples", "v": 0.06012847063760713}]}, {"source": 8, "prod": 161.51282051282053, "target": 1, "value": 0.30876146807060262, "supply": [{"l": "Rape and Mustardseed", "v": 0.22011197488777778}, {"l": "Oilcrops, Other", "v": 0.0015722283920555555}, {"l": "Oil Palm", "v": 0.087077264790769271}]}, {"source": 9, "prod": 0, "target": 8, "value": 0.0033209963919092959, "supply": "[{\"l\":'Energy for power irrigation',\"v\":0.0033209963919092959}]"}, {"source": 9, "prod": 0, "target": 0, "value": 0.0018327275970632872, "supply": "[{\"l\":'Energy for power irrigation',\"v\":0.0018327275970632872}]"}, {"source": 9, "prod": 0, "target": 2, "value": 0.020167334478084414, "supply": "[{\"l\":'Energy for power irrigation',\"v\":0.020167334478084414}]"}, {"source": 9, "prod": 0, "target": 3, "value": 0.0069570339584522391, "supply": "[{\"l\":'Energy for power irrigation',\"v\":0.0069570339584522391}]"}, {"source": 9, "prod": 0, "target": 4, "value": 0.00011362911101792382, "supply": "[{\"l\":'Energy for power irrigation',\"v\":0.00011362911101792382}]"}, {"source": 9, "prod": 0, "target": 7, "value": 0.0018730476041986797, "supply": "[{\"l\":'Energy for power irrigation',\"v\":0.0018730476041986797}]"}, {"source": 9, "prod": 0, "target": 5, "value": 0.056103457201301353, "supply": "[{\"l\":'Energy for power irrigation',\"v\":0.056103457201301353}]"}, {"source": 9, "prod": 0, "target": 6, "value": 1.0996365582379723e-05, "supply": "[{\"l\":'Energy for power irrigation',\"v\":1.0996365582379723e-05}]"}, {"source": 10, "prod": 0, "target": 9, "value": 0.23650676684891966, "supply": [{"l": "Coal", "v": 0.07175989993558321}, {"l": "Natural gas", "v": 0.0}, {"l": "Oil", "v": 0.16474686691333645}]}, {"source": 11, "prod": 0, "target": 9, "value": 0.00011894327313565739, "supply": [{"l": "Nuclear", "v": 0.0}, {"l": "Hydroelectric", "v": 0.00011894327313565739}, {"l": "Renewable", "v": 0.0}]}, {"source": 10, "prod": 0, "target": 8, "value": 0.4091466938031571, "supply": [{"l": "Motor Gasoline", "v": 0.032888310670796866}, {"l": "Gas-Diesel oil", "v": 0.2562601355276104}, {"l": "Natural gas (including LNG)", "v": 0.0050391656938618525}, {"l": "Fuel oil", "v": 0.087102818031862747}, {"l": "Liquefied petroleum gas (LPG)", "v": 0.0062534469932505618}, {"l": "Coal", "v": 0.021602816885774662}]}, {"source": 10, "prod": 0, "target": 0, "value": 0.22579200591938764, "supply": [{"l": "Motor Gasoline", "v": 0.018149768164158447}, {"l": "Gas-Diesel oil", "v": 0.14141991347922461}, {"l": "Natural gas (including LNG)", "v": 0.0027809178160550759}, {"l": "Fuel oil", "v": 0.0480686274691191}, {"l": "Liquefied petroleum gas (LPG)", "v": 0.0034510320183496796}, {"l": "Coal", "v": 0.011921746972480709}]}, {"source": 10, "prod": 0, "target": 2, "value": 2.4846152331369415, "supply": [{"l": "Motor Gasoline", "v": 0.19972004887839956}, {"l": "Gas-Diesel oil", "v": 1.5561847279253878}, {"l": "Natural gas (including LNG)", "v": 0.030601219647870055}, {"l": "Fuel oil", "v": 0.52894717667018654}, {"l": "Liquefied petroleum gas (LPG)", "v": 0.037975156329919879}, {"l": "Coal", "v": 0.13118690368517774}]}, {"source": 10, "prod": 0, "target": 3, "value": 0.85710645446999556, "supply": [{"l": "Motor Gasoline", "v": 0.068896519951145471}, {"l": "Gas-Diesel oil", "v": 0.53682999156713673}, {"l": "Natural gas (including LNG)", "v": 0.010556364029745068}, {"l": "Fuel oil", "v": 0.1824685098727761}, {"l": "Liquefied petroleum gas (LPG)", "v": 0.013100117541655385}, {"l": "Coal", "v": 0.045254951507536778}]}, {"source": 10, "prod": 0, "target": 4, "value": 0.013999104367002035, "supply": [{"l": "Motor Gasoline", "v": 0.0011252856261778237}, {"l": "Gas-Diesel oil", "v": 0.0087680346357119285}, {"l": "Natural gas (including LNG)", "v": 0.00017241690459541471}, {"l": "Fuel oil", "v": 0.0029802549030853846}, {"l": "Liquefied petroleum gas (LPG)", "v": 0.00021396398513768016}, {"l": "Coal", "v": 0.00073914831229380401}]}, {"source": 10, "prod": 0, "target": 7, "value": 0.23075943004961419, "supply": [{"l": "Motor Gasoline", "v": 0.018549063063769935}, {"l": "Gas-Diesel oil", "v": 0.14453115157576757}, {"l": "Natural gas (including LNG)", "v": 0.0028420980080082875}, {"l": "Fuel oil", "v": 0.049126137273439723}, {"l": "Liquefied petroleum gas (LPG)", "v": 0.0035269547227533729}, {"l": "Coal", "v": 0.012184025405875286}]}, {"source": 10, "prod": 0, "target": 5, "value": 6.9119448852042948, "supply": [{"l": "Motor Gasoline", "v": 0.55560070304121845}, {"l": "Gas-Diesel oil", "v": 4.3291463914260246}, {"l": "Natural gas (including LNG)", "v": 0.085129456185077987}, {"l": "Fuel oil", "v": 1.4714768240846738}, {"l": "Liquefied petroleum gas (LPG)", "v": 0.1056429921457204}, {"l": "Coal", "v": 0.36494851832157948}]}, {"source": 10, "prod": 0, "target": 6, "value": 0.0013547520355163259, "supply": [{"l": "Motor Gasoline", "v": 0.0001088986089849507}, {"l": "Gas-Diesel oil", "v": 0.00084851948087534784}, {"l": "Natural gas (including LNG)", "v": 1.6685506896330456e-05}, {"l": "Fuel oil", "v": 0.00028841176481471463}, {"l": "Liquefied petroleum gas (LPG)", "v": 2.0706192110098081e-05}, {"l": "Coal", "v": 7.1530481834884262e-05}]}, {"source": 12, "prod": 21.02206497232509, "target": 8, "value": 0.23437774562744171, "supply": [{"l": "Potash", "v": 0.40942741699420859}, {"l": "Phosphate", "v": 0.4799940837173286}, {"l": "Nitrogen", "v": 5.5123311849654195}]}, {"source": 12, "prod": 11.601252779406797, "target": 0, "value": 0.12934388113018572, "supply": [{"l": "Potash", "v": 0.40942741699420859}, {"l": "Phosphate", "v": 0.4799940837173286}, {"l": "Nitrogen", "v": 5.5123311849654195}]}, {"source": 12, "prod": 127.6601855845924, "target": 2, "value": 1.4233000679565637, "supply": [{"l": "Potash", "v": 0.40942741699420859}, {"l": "Phosphate", "v": 0.4799940837173286}, {"l": "Nitrogen", "v": 5.5123311849654195}]}, {"source": 12, "prod": 44.038355550628204, "target": 3, "value": 0.49098937277018501, "supply": [{"l": "Potash", "v": 0.40942741699420859}, {"l": "Phosphate", "v": 0.4799940837173286}, {"l": "Nitrogen", "v": 5.5123311849654195}]}, {"source": 12, "prod": 0.71927767232322148, "target": 4, "value": 0.0080193206300715157, "supply": [{"l": "Potash", "v": 0.40942741699420859}, {"l": "Phosphate", "v": 0.4799940837173286}, {"l": "Nitrogen", "v": 5.5123311849654195}]}, {"source": 12, "prod": 11.856480340553746, "target": 7, "value": 0.1321894465150498, "supply": [{"l": "Potash", "v": 0.40942741699420859}, {"l": "Phosphate", "v": 0.4799940837173286}, {"l": "Nitrogen", "v": 5.5123311849654195}]}, {"source": 12, "prod": 355.13755008320089, "target": 5, "value": 3.9594748891572453, "supply": [{"l": "Potash", "v": 0.40942741699420859}, {"l": "Phosphate", "v": 0.4799940837173286}, {"l": "Nitrogen", "v": 5.5123311849654195}]}, {"source": 12, "prod": 0.069607516676440787, "target": 6, "value": 0.00077606328678111439, "supply": [{"l": "Potash", "v": 0.40942741699420859}, {"l": "Phosphate", "v": 0.4799940837173286}, {"l": "Nitrogen", "v": 5.5123311849654195}]}, {"source": 10, "prod": 0, "target": 12, "value": 7.9479096660971296, "supply": [{"l": "Natural gas (including LNG)", "v": 5.2787426224421532}, {"l": "Fuel oil", "v": 1.6947457200346903}, {"l": "Liquefied petroleum gas (LPG)", "v": 0.48721066181014278}, {"l": "Coal", "v": 0.48721066181014278}]}, {"source": 13, "prod": 0, "target": 8, "value": 0.0054105353731630917, "supply": "[{\"l\":'Labor',\"v\":0.0054105353731630917}]"}, {"source": 13, "prod": 0, "target": 0, "value": 0.0029858621699923667, "supply": "[{\"l\":'Labor',\"v\":0.0029858621699923667}]"}, {"source": 13, "prod": 0, "target": 2, "value": 0.032856427318596004, "supply": "[{\"l\":'Labor',\"v\":0.032856427318596004}]"}, {"source": 13, "prod": 0, "target": 3, "value": 0.011334332797291024, "supply": "[{\"l\":'Labor',\"v\":0.011334332797291024}]"}, {"source": 13, "prod": 0, "target": 4, "value": 0.00018512345453952674, "supply": "[{\"l\":'Labor',\"v\":0.00018512345453952674}]"}, {"source": 13, "prod": 0, "target": 7, "value": 0.0030515511377321989, "supply": "[{\"l\":'Labor',\"v\":0.0030515511377321989}]"}, {"source": 13, "prod": 0, "target": 5, "value": 0.091403212747806328, "supply": "[{\"l\":'Labor',\"v\":0.091403212747806328}]"}, {"source": 13, "prod": 0, "target": 6, "value": 1.7915173019954199e-05, "supply": "[{\"l\":'Labor',\"v\":1.7915173019954199e-05}]"}]}