{"nodes": [{"layer": 13, "name": "Milk - Excluding Butter"}, {"layer": 10, "name": "Feed", "fill": "#dbdb8d"}, {"layer": 5, "name": "Oilcrops", "fill": "#ff9896"}, {"layer": 13, "name": "Animal Fats"}, {"layer": 5, "name": "Starchy Roots"}, {"layer": 5, "name": "Pulses"}, {"layer": 13, "name": "Fish, Seafood"}, {"layer": 13, "name": "Sugar & Sweeteners"}, {"layer": 5, "name": "Cereals - Excluding Beer"}, {"layer": 13, "name": "Meat"}, {"layer": 16, "name": "Food", "fill": "#b5cf6b"}, {"layer": 5, "name": "Treenuts"}, {"layer": 5, "name": "Vegetables"}, {"layer": 5, "name": "Others"}, {"layer": 13, "name": "Alcoholic Beverages"}, {"layer": 13, "name": "Vegetable Oils", "fill": "#f7b6d2"}, {"layer": 5, "name": "Spices"}, {"layer": 5, "name": "Stimulants"}, {"layer": 13, "name": "Eggs"}, {"layer": 5, "name": "Fruits - Excluding Wine"}, {"layer": 10, "name": "Processing", "fill": "#9edae5"}, {"layer": 5, "name": "Sugar Crops", "fill": "#ffbb78"}, {"layer": 16, "name": "Biofuels & Other", "fill": "#e7ba52"}, {"name": "Waste", "fill": "#c7c7c7"}, {"layer": 2, "name": "Import", "fill": "#aec7e8"}, {"layer": 16, "name": "Export", "fill": "#aec7e8"}, {"layer": 16, "name": "Stock Deposit", "fill": "#c7c7c7"}, {"layer": 0, "name": "Stock Draw", "fill": "#c7c7c7"}, {"name": "Crop Residue", "fill": "#bd9e39"}, {"layer": 2, "name": "Electricity", "fill": "#bcbd22"}, {"layer": 0, "name": "Fossil Fuels", "fill": "#c49c94"}, {"layer": 0, "name": "Renewables & Nuclear", "fill": "#2ca02c"}, {"layer": 2, "name": "Fertilizers", "fill": "#c5b0d5"}, {"layer": 0, "name": "Labor", "fill": "#7f7f7f"}], "links": [{"source": 0, "prod": 1750.0, "target": 1, "value": 0.97436843812638285, "supply": [{"l": "Milk - Excluding Butter", "v": 0.97436843812638285}]}, {"source": 2, "prod": 50.0, "target": 1, "value": 0.072475894170365845, "supply": [{"l": "Soyabeans", "v": 0.068127340520143895}, {"l": "Oilcrops, Other", "v": 0.0043485536502219516}]}, {"source": 3, "prod": 1.0, "target": 1, "value": 0.0097829644580268889, "supply": [{"l": "Fish, Liver Oil", "v": 0.0097829644580268889}]}, {"source": 4, "prod": 339.0, "target": 1, "value": 0.25364281834921693, "supply": [{"l": "Roots, Other", "v": 0.00074820890368500561}, {"l": "Potatoes", "v": 0.039655071895305302}, {"l": "Cassava", "v": 0.21323953755022662}]}, {"source": 5, "prod": 3.0, "target": 1, "value": 0.012295910321317242, "supply": [{"l": "Pulses, Other", "v": 0.012295910321317242}]}, {"source": 6, "prod": 722.0, "target": 1, "value": 1.0313253463832186, "supply": [{"l": "Pelagic Fish", "v": 0.67971514222818707}, {"l": "Demersal Fish", "v": 0.010365738352273257}, {"l": "Fish, Seafood", "v": 0.34124446580275825}]}, {"source": 7, "prod": 1.0, "target": 1, "value": 0.0031061097501585365, "supply": [{"l": "Sugar", "v": 0.0031061097501585365}]}, {"source": 8, "prod": 6073.0, "target": 1, "value": 19.638793956335693, "supply": [{"l": "Maize", "v": 0.66808937974744298}, {"l": "Wheat", "v": 0.43042424575396859}, {"l": "Oats", "v": 0.33706699438038812}, {"l": "Rye", "v": 0.18533562092222552}, {"l": "Millet", "v": 0.0095429621058545303}, {"l": "Barley", "v": 17.959685863096155}, {"l": "Rice", "v": 0.0041150671690025516}, {"l": "Cereals, Other", "v": 0.044533823160654469}]}, {"source": 9, "prod": 1.0, "target": 1, "value": 0.0011630182626164386, "supply": [{"l": "Offals, Edible", "v": 0.0011630182626164386}]}, {"source": 0, "prod": 1098.0, "target": 10, "value": 0.61134659717872486, "supply": [{"l": "Milk - Excluding Butter", "v": 0.61134659717872486}]}, {"source": 9, "prod": 395.0, "target": 10, "value": 0.65562731060250912, "supply": [{"l": "Pigmeat", "v": 0.47174780513135589}, {"l": "Meat, Other", "v": 0.0018866740704666664}, {"l": "Poultry Meat", "v": 0.074347212250528552}, {"l": "Mutton & Goat Meat", "v": 0.0074912058680294113}, {"l": "Offals, Edible", "v": 0.012793200888780824}, {"l": "Bovine Meat", "v": 0.08736121239334782}]}, {"source": 11, "prod": 9.0, "target": 10, "value": 0.032561207324105113, "supply": [{"l": "Treenuts", "v": 0.032561207324105113}]}, {"source": 12, "prod": 339.0, "target": 10, "value": 0.1025826371917937, "supply": [{"l": "Vegetables, Other", "v": 0.074091666525000002}, {"l": "Tomatoes", "v": 0.010954881699483872}, {"l": "Onions", "v": 0.017536088967309821}]}, {"source": 13, "prod": 13.0, "target": 10, "value": 0.048258197110730872, "supply": [{"l": "Nuts", "v": 0.031487760928804939}, {"l": "Infant food", "v": 0.016770436181925929}]}, {"source": 14, "prod": 779.0, "target": 10, "value": 0.52307388443225122, "supply": [{"l": "Beer", "v": 0.38724522861021221}, {"l": "Beverages, Alcoholic", "v": 0.06926079811318421}, {"l": "Wine", "v": 0.065265039297023653}, {"l": "Beverages, Fermented", "v": 0.001302818411831202}]}, {"source": 3, "prod": 137.0, "target": 10, "value": 1.0187897710068432, "supply": [{"l": "Fats, Animals, Raw", "v": 0.5827212268871188}, {"l": "Butter, Ghee", "v": 0.33439005903667524}, {"l": "Cream", "v": 0.10167848508304927}]}, {"source": 4, "prod": 407.0, "target": 10, "value": 0.30452102379979729, "supply": [{"l": "Potatoes", "v": 0.30452102379979729}]}, {"source": 5, "prod": 6.0, "target": 10, "value": 0.023154636319363639, "supply": [{"l": "Peas", "v": 0.023154636319363639}]}, {"source": 6, "prod": 214.0, "target": 10, "value": 0.23183402398380926, "supply": [{"l": "Freshwater Fish", "v": 0.0015722283920555555}, {"l": "Crustaceans", "v": 0.0086193231645685289}, {"l": "Marine Fish, Other", "v": 0.00087827930866551734}, {"l": "Pelagic Fish", "v": 0.10018922616658248}, {"l": "Fish, Seafood", "v": 0.10114448155372614}, {"l": "Molluscs, Other", "v": 0.0042274024815435688}, {"l": "Demersal Fish", "v": 0.015203082916667443}]}, {"source": 7, "prod": 244.0, "target": 10, "value": 0.75254255788266289, "supply": [{"l": "Sugar", "v": 0.72993579128725616}, {"l": "Sweeteners, Other", "v": 0.016394547095089657}, {"l": "Honey", "v": 0.0062122195003170731}]}, {"source": 8, "prod": 451.0, "target": 10, "value": 1.4598789972798922, "supply": [{"l": "Maize", "v": 0.096659740048566214}, {"l": "Rye", "v": 0.37067124184445105}, {"l": "Barley", "v": 0.0032653974296538461}, {"l": "Rice", "v": 0.041150671690025516}, {"l": "Wheat", "v": 0.89491084189134473}, {"l": "Oats", "v": 0.053221104375850752}]}, {"source": 15, "prod": 72.0, "target": 10, "value": 0.59004006183994318, "supply": [{"l": "Maize Germ Oil", "v": 0.020581898950545456}, {"l": "Groundnut Oil", "v": 0.0090964642683214296}, {"l": "Soyabean Oil", "v": 0.30880081020830924}, {"l": "Palm Oil", "v": 0.049152824467421051}, {"l": "Sunflowerseed Oil", "v": 0.0084900333171}, {"l": "Coconut Oil", "v": 0.016565918667512194}, {"l": "Rape and Mustard Oil", "v": 0.064685968130285723}, {"l": "Oilcrops Oil, Other", "v": 0.016171492032571431}, {"l": "Palmkernel Oil", "v": 0.096494651797876682}]}, {"source": 16, "prod": 2.0, "target": 10, "value": 0.007718212106454546, "supply": [{"l": "Pepper", "v": 0.003859106053227273}, {"l": "Spices, Other", "v": 0.003859106053227273}]}, {"source": 17, "prod": 74.0, "target": 10, "value": 0.070064969328004212, "supply": [{"l": "Cocoa Beans", "v": 0.037522915106825892}, {"l": "Coffee", "v": 0.030696394804417448}, {"l": "Tea", "v": 0.0018456594167608697}]}, {"source": 18, "prod": 73.0, "target": 10, "value": 0.12264048127316185, "supply": [{"l": "Eggs", "v": 0.12264048127316185}]}, {"source": 19, "prod": 256.0, "target": 10, "value": 0.14364218114368002, "supply": [{"l": "Grapes", "v": 0.017309776665932038}, {"l": "Dates", "v": 0.0035375138821250002}, {"l": "Apples", "v": 0.041173693044817133}, {"l": "Lemons, Limes", "v": 0.0023154636319363637}, {"l": "Pineapples", "v": 0.0047166851761666663}, {"l": "Bananas", "v": 0.017641627671896101}, {"l": "Fruits, Other", "v": 0.039352944130763949}, {"l": "Grapefruit", "v": 0.0022741160670803574}, {"l": "Oranges, Mandarines", "v": 0.015320360872962407}]}, {"source": 2, "prod": 10.0, "target": 10, "value": 0.014495178834073173, "supply": [{"l": "Coconuts - Incl Copra", "v": 0.014495178834073173}]}, {"source": 2, "prod": 295.00000000000006, "target": 20, "value": 0.43262685453478006, "supply": [{"l": "Sunflower seed", "v": 0.0028990357668146343}, {"l": "Coconuts - Incl Copra", "v": 0.069576858403551226}, {"l": "Soyabeans", "v": 0.2362714149953927}, {"l": "Sesame seed", "v": 0.0014495178834073171}, {"l": "Rape and Mustardseed", "v": 0.026091321901331708}, {"l": "Groundnuts", "v": 0.0064685968130285716}, {"l": "Palm kernels", "v": 0.05653119745288538}, {"l": "Oilcrops, Other", "v": 0.033338911318368296}, {"l": "Oil Palm", "v": 2.2204460492503131e-16}]}, {"source": 21, "prod": 3352.0, "target": 20, "value": 3.89576888144, "supply": [{"l": "Sugar beet", "v": 3.89576888144}]}, {"source": 4, "prod": 58.0, "target": 20, "value": 0.043396116413730326, "supply": [{"l": "Potatoes", "v": 0.043396116413730326}]}, {"source": 19, "prod": 6.0, "target": 20, "value": 0.0033841391543685323, "supply": [{"l": "Apples", "v": 0.0033841391543685323}]}, {"source": 8, "prod": 173.0, "target": 20, "value": 0.56610527800923383, "supply": [{"l": "Rye", "v": 0.0077223175384260644}, {"l": "Barley", "v": 0.55838296047080771}]}, {"source": 9, "prod": 1.0, "target": 20, "value": 0.0016162437445767079, "supply": [{"l": "Poultry Meat", "v": 0.0016162437445767079}]}, {"source": 9, "prod": 1.0, "target": 22, "value": 0.0011630182626164386, "supply": [{"l": "Offals, Edible", "v": 0.0011630182626164386}]}, {"source": 7, "prod": 38.0, "target": 22, "value": 0.09281912791335821, "supply": [{"l": "Sweeteners, Other", "v": 0.077288579162565527}, {"l": "Sugar", "v": 0.015530548750792683}]}, {"source": 3, "prod": 100.0, "target": 22, "value": 1.159960132527984, "supply": [{"l": "Fats, Animals, Raw", "v": 0.72840153360889848}, {"l": "Fish, Body Oil", "v": 0.339601332684}, {"l": "Butter, Ghee", "v": 0.091957266235085683}]}, {"source": 0, "prod": 81.0, "target": 22, "value": 0.045099339136135438, "supply": [{"l": "Milk - Excluding Butter", "v": 0.045099339136135438}]}, {"source": 6, "prod": 120.0, "target": 22, "value": 0.086269476416677829, "supply": [{"l": "Molluscs, Other", "v": 0.015500475765659749}, {"l": "Fish, Seafood", "v": 0.056716531712369796}, {"l": "Marine Fish, Other", "v": 0.014052468938648277}]}, {"source": 14, "prod": 40.0, "target": 22, "value": 0.041348176819411928, "supply": [{"l": "Alcohol, Non-Food", "v": 0.030959057102434295}, {"l": "Beverages, Alcoholic", "v": 0.010389119716977631}]}, {"source": 8, "prod": 14.0, "target": 22, "value": 0.040054713208504886, "supply": [{"l": "Maize", "v": 0.036958135900922381}, {"l": "Wheat", "v": 0.0030965773075825077}]}, {"source": 15, "prod": 75.0, "target": 22, "value": 0.61300459299310428, "supply": [{"l": "Soyabean Oil", "v": 0.13002139377191968}, {"l": "Coconut Oil", "v": 0.074546634003804874}, {"l": "Palm Oil", "v": 0.31949335903823683}, {"l": "Oilcrops Oil, Other", "v": 0.088943206179142878}]}, {"source": 2, "prod": 1.0, "target": 22, "value": 0.0014495178834073171, "supply": [{"l": "Oilcrops, Other", "v": 0.0014495178834073171}]}, {"source": 4, "prod": 88.0, "target": 4, "value": 0.065842383524280498, "supply": [{"l": "Potatoes", "v": 0.065842383524280498}]}, {"source": 8, "prod": 323.0, "target": 8, "value": 1.0495941954689281, "supply": [{"l": "Cereals, Other", "v": 0.0031809873686181774}, {"l": "Wheat", "v": 0.083607587304727712}, {"l": "Barley", "v": 0.90778048544376932}, {"l": "Oats", "v": 0.020274706428895523}, {"l": "Rye", "v": 0.034750428922917291}]}, {"source": 18, "prod": 6.0, "target": 18, "value": 0.010080039556698235, "supply": [{"l": "Eggs", "v": 0.010080039556698235}]}, {"source": 5, "prod": 1.0, "target": 5, "value": 0.003859106053227273, "supply": [{"l": "Peas", "v": 0.003859106053227273}]}, {"source": 2, "prod": 8.0, "target": 2, "value": 0.011596143067258537, "supply": [{"l": "Rape and Mustardseed", "v": 0.011596143067258537}]}, {"source": 9, "prod": 4.0, "target": 23, "value": 0.0049217584446956519, "supply": [{"l": "Bovine Meat", "v": 0.0049217584446956519}]}, {"source": 18, "prod": 1.0, "target": 23, "value": 0.001680006592783039, "supply": [{"l": "Eggs", "v": 0.001680006592783039}]}, {"source": 4, "prod": 105.0, "target": 23, "value": 0.078561934886925588, "supply": [{"l": "Potatoes", "v": 0.078561934886925588}]}, {"source": 5, "prod": 1.0, "target": 23, "value": 0.003859106053227273, "supply": [{"l": "Peas", "v": 0.003859106053227273}]}, {"source": 19, "prod": 6.0, "target": 23, "value": 0.0032928802501828195, "supply": [{"l": "Bananas", "v": 0.00073506781966233762}, {"l": "Fruits, Other", "v": 0.00054656866848283266}, {"l": "Oranges, Mandarines", "v": 0.0003191741848533835}, {"l": "Apples", "v": 0.0016920695771842661}]}, {"source": 8, "prod": 217.0, "target": 23, "value": 0.70429001159024684, "supply": [{"l": "Rye", "v": 0.023166952615278191}, {"l": "Wheat", "v": 0.07741443268956269}, {"l": "Oats", "v": 0.012671691518059705}, {"l": "Barley", "v": 0.5910369347673462}]}, {"source": 12, "prod": 33.0, "target": 23, "value": 0.010237331300902807, "supply": [{"l": "Vegetables, Other", "v": 0.0082982666507999993}, {"l": "Onions", "v": 0.0017108379480302266}, {"l": "Tomatoes", "v": 0.00022822670207258065}]}, {"source": 24, "prod": 15.0, "target": 13, "value": 0.056643415201693831, "supply": [{"l": "Nuts", "v": 0.031487760928804939}, {"l": "Infant food", "v": 0.025155654272888888}]}, {"source": 24, "prod": 1035.0, "target": 1, "value": 1.0125805769274243, "supply": [{"l": "Freshwater Fish", "v": 0.012577827136444444}, {"l": "Pigmeat", "v": 0.0018005641417227324}, {"l": "Meat, Other", "v": 0.00094333703523333322}, {"l": "Crustaceans", "v": 0.018962510962050764}, {"l": "Eggs", "v": 0.0067200263711321559}, {"l": "Marine Fish, Other", "v": 0.00087827930866551734}, {"l": "Demersal Fish", "v": 0.068413873125003494}, {"l": "Mutton & Goat Meat", "v": 0.0049941372453529411}, {"l": "Poultry Meat", "v": 0.0016162437445767079}, {"l": "Milk - Excluding Butter", "v": 0.18373804833240359}, {"l": "Pelagic Fish", "v": 0.38111195835915695}, {"l": "Fish, Seafood", "v": 0.32801060840320528}, {"l": "Molluscs, Other", "v": 0.00035228354012863068}, {"l": "Bovine Meat", "v": 0.0024608792223478259}]}, {"source": 24, "prod": 626.0, "target": 8, "value": 1.9171467658918371, "supply": [{"l": "Maize", "v": 0.86709472690625589}, {"l": "Rye", "v": 0.073362016615047612}, {"l": "Barley", "v": 0.66940647307903844}, {"l": "Rice", "v": 0.053495873197033167}, {"l": "Cereals, Other", "v": 0.0063619747372363547}, {"l": "Wheat", "v": 0.20747067960802798}, {"l": "Oats", "v": 0.030412059643343287}, {"l": "Millet", "v": 0.0095429621058545303}]}, {"source": 24, "prod": 2.0, "target": 5, "value": 0.007718212106454546, "supply": [{"l": "Peas", "v": 0.007718212106454546}]}, {"source": 24, "prod": 371.0, "target": 20, "value": 2.0357733488647489, "supply": [{"l": "Alcohol, Non-Food", "v": 0.018408088006852827}, {"l": "Sugar", "v": 0.024848878001268292}, {"l": "Maize Germ Oil", "v": 0.020581898950545456}, {"l": "Beverages, Alcoholic", "v": 0.027704319245273681}, {"l": "Fats, Animals, Raw", "v": 0.38101003296465463}, {"l": "Soyabean Oil", "v": 0.33317982154054421}, {"l": "Butter, Ghee", "v": 0.15047552656650384}, {"l": "Palm Oil", "v": 0.5406810691416315}, {"l": "Sunflowerseed Oil", "v": 0.0084900333171}, {"l": "Coconut Oil", "v": 0.049697756002536585}, {"l": "Rape and Mustard Oil", "v": 0.032342984065142862}, {"l": "Oilcrops Oil, Other", "v": 0.23448663447228571}, {"l": "Wine", "v": 0.066938501843101184}, {"l": "Sweeteners, Other", "v": 0.10305143888342071}, {"l": "Beverages, Fermented", "v": 0.00065140920591560101}, {"l": "Fish, Liver Oil", "v": 0.0097829644580268889}, {"l": "Honey", "v": 0.0093183292504756092}, {"l": "Palmkernel Oil", "v": 0.024123662949469171}]}, {"source": 24, "prod": 9.0, "target": 11, "value": 0.032561207324105113, "supply": [{"l": "Treenuts", "v": 0.032561207324105113}]}, {"source": 24, "prod": 117.0, "target": 12, "value": 0.034265080613500955, "supply": [{"l": "Tomatoes", "v": 0.0075314811683951611}, {"l": "Vegetables, Other", "v": 0.020745666626999996}, {"l": "Onions", "v": 0.0059879328181057937}]}, {"source": 24, "prod": 90.0, "target": 17, "value": 0.093075865409063957, "supply": [{"l": "Cocoa Beans", "v": 0.054578785609928578}, {"l": "Coffee", "v": 0.035728590673994073}, {"l": "Tea", "v": 0.0027684891251413047}]}, {"source": 24, "prod": 309.0, "target": 19, "value": 0.16185186808852614, "supply": [{"l": "Grapefruit", "v": 0.0026531354115937504}, {"l": "Grapes", "v": 0.018958326824592232}, {"l": "Dates", "v": 0.0035375138821250002}, {"l": "Apples", "v": 0.04230173942960664}, {"l": "Lemons, Limes", "v": 0.0023154636319363637}, {"l": "Pineapples", "v": 0.0047166851761666663}, {"l": "Bananas", "v": 0.018376695491558442}, {"l": "Fruits, Other", "v": 0.037713238125315449}, {"l": "Oranges, Mandarines", "v": 0.03127907011563158}]}, {"source": 24, "prod": 359.0, "target": 2, "value": 0.52539599907284817, "supply": [{"l": "Sunflower seed", "v": 0.0028990357668146343}, {"l": "Coconuts - Incl Copra", "v": 0.085521555121031712}, {"l": "Sesame seed", "v": 0.0014495178834073171}, {"l": "Groundnuts", "v": 0.0064685968130285716}, {"l": "Oilcrops, Other", "v": 0.062329268986514634}, {"l": "Soyabeans", "v": 0.30439875551553658}, {"l": "Rape and Mustardseed", "v": 0.0043485536502219516}, {"l": "Palm kernels", "v": 0.05798071533629269}]}, {"source": 24, "prod": 2.0, "target": 16, "value": 0.007718212106454546, "supply": [{"l": "Pepper", "v": 0.003859106053227273}, {"l": "Spices, Other", "v": 0.003859106053227273}]}, {"source": 24, "prod": 334.0, "target": 4, "value": 0.2499017738307919, "supply": [{"l": "Roots, Other", "v": 0.00074820890368500561}, {"l": "Potatoes", "v": 0.035914027376880278}, {"l": "Cassava", "v": 0.21323953755022662}]}, {"source": 0, "prod": 2321.0, "target": 25, "value": 1.2922909399379057, "supply": [{"l": "Milk - Excluding Butter", "v": 1.2922909399379057}]}, {"source": 6, "prod": 3348.0, "target": 25, "value": 3.1679783033539803, "supply": [{"l": "Crustaceans", "v": 0.014652849379766499}, {"l": "Marine Fish, Other", "v": 0.0026348379259965517}, {"l": "Demersal Fish", "v": 0.8603562832386803}, {"l": "Freshwater Fish", "v": 0.048739080153722227}, {"l": "Fish, Seafood", "v": 1.5823912347751172}, {"l": "Pelagic Fish", "v": 0.64828322813671024}, {"l": "Molluscs, Other", "v": 0.010920789743987554}]}, {"source": 13, "prod": 2.0, "target": 25, "value": 0.0083852180909629644, "supply": [{"l": "Infant food", "v": 0.0083852180909629644}]}, {"source": 12, "prod": 38.0, "target": 25, "value": 0.01112565338374516, "supply": [{"l": "Vegetables, Other", "v": 0.010669199979599999}, {"l": "Tomatoes", "v": 0.00045645340414516129}]}, {"source": 9, "prod": 999.0, "target": 25, "value": 1.6610128838865612, "supply": [{"l": "Pigmeat", "v": 1.307209566890704}, {"l": "Meat, Other", "v": 0.0028300111056999999}, {"l": "Bovine Meat", "v": 0.20302253584369567}, {"l": "Poultry Meat", "v": 0.092125893440872353}, {"l": "Offals, Edible", "v": 0.055824876605589047}]}, {"source": 21, "prod": 13.0, "target": 25, "value": 0.015108888860000001, "supply": [{"l": "Sugar beet", "v": 0.015108888860000001}]}, {"source": 3, "prod": 218.0, "target": 25, "value": 2.4895418417346633, "supply": [{"l": "Fats, Animals, Raw", "v": 0.6387521140878033}, {"l": "Butter, Ghee", "v": 0.59354235479009854}, {"l": "Fish, Body Oil", "v": 1.2452048865080001}, {"l": "Fish, Liver Oil", "v": 0.0097829644580268889}, {"l": "Cream", "v": 0.0022595218907344285}]}, {"source": 4, "prod": 319.0, "target": 25, "value": 0.23867864027551683, "supply": [{"l": "Potatoes", "v": 0.23867864027551683}]}, {"source": 5, "prod": 5.0, "target": 25, "value": 0.019295530266136365, "supply": [{"l": "Peas", "v": 0.019295530266136365}]}, {"source": 7, "prod": 296.0, "target": 25, "value": 0.91329623329718967, "supply": [{"l": "Sugar", "v": 0.89455960804565859}, {"l": "Sweeteners, Other", "v": 0.018736625251531035}]}, {"source": 14, "prod": 142.0, "target": 25, "value": 0.096305823121802983, "supply": [{"l": "Beer", "v": 0.074711524223766992}, {"l": "Beverages, Alcoholic", "v": 0.017315199528296053}, {"l": "Wine", "v": 0.0016734625460775297}, {"l": "Beverages, Fermented", "v": 0.0026056368236624041}]}, {"source": 8, "prod": 650.0, "target": 25, "value": 2.1001653866791874, "supply": [{"l": "Maize", "v": 0.0085288005925205496}, {"l": "Rye", "v": 0.1660298270761604}, {"l": "Barley", "v": 1.0808465492154233}, {"l": "Rice", "v": 0.0082301343380051031}, {"l": "Cereals, Other", "v": 0.0063619747372363547}, {"l": "Wheat", "v": 0.8174964092017819}, {"l": "Oats", "v": 0.012671691518059705}]}, {"source": 15, "prod": 59.0, "target": 25, "value": 0.47876431590223301, "supply": [{"l": "Oilcrops Oil, Other", "v": 0.16980066634200003}, {"l": "Soyabean Oil", "v": 0.13002139377191968}, {"l": "Palm Oil", "v": 0.090113511523605277}, {"l": "Coconut Oil", "v": 0.0082829593337560969}, {"l": "Rape and Mustard Oil", "v": 0.024257238048857144}, {"l": "Palmkernel Oil", "v": 0.056288546882094732}]}, {"source": 16, "prod": 1.0, "target": 25, "value": 0.003859106053227273, "supply": [{"l": "Spices, Other", "v": 0.003859106053227273}]}, {"source": 17, "prod": 14.0, "target": 25, "value": 0.018676892272058775, "supply": [{"l": "Coffee", "v": 0.00503219586957663}, {"l": "Cocoa Beans", "v": 0.013644696402482144}]}, {"source": 18, "prod": 3.0, "target": 25, "value": 0.0050400197783491175, "supply": [{"l": "Eggs", "v": 0.0050400197783491175}]}, {"source": 19, "prod": 94.0, "target": 25, "value": 0.041708677782648876, "supply": [{"l": "Fruits, Other", "v": 0.011477942038139486}, {"l": "Grapefruit", "v": 0.00037901934451339288}, {"l": "Grapes", "v": 0.00082427507933009703}, {"l": "Apples", "v": 0.014664603002263637}, {"l": "Oranges, Mandarines", "v": 0.014362838318402259}]}, {"source": 2, "prod": 267.0, "target": 25, "value": 0.38702127486975363, "supply": [{"l": "Oilcrops, Other", "v": 0.0014495178834073171}, {"l": "Rape and Mustardseed", "v": 0.38412223910293902}, {"l": "Palm kernels", "v": 0.0014495178834073171}]}, {"source": 14, "prod": 146.0, "target": 26, "value": 0.083266278905877733, "supply": [{"l": "Beer", "v": 0.083266278905877733}]}, {"source": 15, "prod": 14.0, "target": 26, "value": 0.11426435817751129, "supply": [{"l": "Palm Oil", "v": 0.081921374112368425}, {"l": "Oilcrops Oil, Other", "v": 0.032342984065142862}]}, {"source": 27, "prod": 141.0, "target": 21, "value": 0.16387333302000001, "supply": [{"l": "Sugar beet", "v": 0.16387333302000001}]}, {"source": 0, "prod": 116.0, "target": 26, "value": 0.064586707898663095, "supply": [{"l": "Milk - Excluding Butter", "v": 0.064586707898663095}]}, {"source": 8, "prod": 213.0, "target": 26, "value": 0.66364987953817112, "supply": [{"l": "Maize", "v": 0.056858670616803657}, {"l": "Wheat", "v": 0.47996948267528866}, {"l": "Oats", "v": 0.038015074554179108}, {"l": "Rye", "v": 0.088806651691899746}]}, {"source": 6, "prod": 4.0, "target": 26, "value": 0.0027524833735358459, "supply": [{"l": "Fish, Seafood", "v": 0.0018905510570789929}, {"l": "Crustaceans", "v": 0.00086193231645685295}]}, {"source": 27, "prod": 2.0, "target": 1, "value": 0.0023260365252328772, "supply": [{"l": "Offals, Edible", "v": 0.0023260365252328772}]}, {"source": 27, "prod": 22.0, "target": 2, "value": 0.031889393434960979, "supply": [{"l": "Rape and Mustardseed", "v": 0.031889393434960979}]}, {"source": 2, "prod": 16.0, "target": 26, "value": 0.023192286134517074, "supply": [{"l": "Oilcrops, Other", "v": 0.023192286134517074}]}, {"source": 19, "prod": 14.0, "target": 26, "value": 0.0069169286633610867, "supply": [{"l": "Oranges, Mandarines", "v": 0.001276696739413534}, {"l": "Apples", "v": 0.0056402319239475529}]}, {"source": 3, "prod": 7.0, "target": 26, "value": 0.075889172489167517, "supply": [{"l": "Fish, Body Oil", "v": 0.0424501665855}, {"l": "Butter, Ghee", "v": 0.033439005903667524}]}, {"source": 4, "prod": 70.0, "target": 26, "value": 0.052374623257950399, "supply": [{"l": "Potatoes", "v": 0.052374623257950399}]}, {"source": 27, "prod": 214.0, "target": 8, "value": 0.69879504994592312, "supply": [{"l": "Barley", "v": 0.69879504994592312}]}, {"source": 1, "prod": 5366.0, "target": 0, "value": 2.9876920222778121, "supply": [{"l": "Milk - Excluding Butter", "v": 2.9876920222778121}]}, {"source": 1, "prod": 77.0, "target": 18, "value": 0.12936050764429402, "supply": [{"l": "Eggs", "v": 0.13944054720099222}]}, {"source": 1, "prod": 1401.0, "target": 9, "value": 2.3255042332035756, "supply": [{"l": "Pigmeat", "v": 1.7789573720220599}, {"l": "Bovine Meat", "v": 0.29530550668173916}, {"l": "Poultry Meat", "v": 0.16808934943597761}, {"l": "Offals, Edible", "v": 0.070944114019602753}, {"l": "Meat, Other", "v": 0.0047166851761666663}, {"l": "Mutton & Goat Meat", "v": 0.0074912058680294113}]}, {"source": 1, "prod": 4408.0, "target": 6, "value": 4.5201596335112217, "supply": [{"l": "Pelagic Fish", "v": 1.4281875965314796}, {"l": "Crustaceans", "v": 0.024134104860791882}, {"l": "Freshwater Fish", "v": 0.050311308545777783}, {"l": "Molluscs, Other", "v": 0.03064866799119087}, {"l": "Demersal Fish", "v": 0.88592510450762096}, {"l": "Fish, Seafood", "v": 2.0833872649010505}, {"l": "Marine Fish, Other", "v": 0.017565586173310346}]}, {"source": 20, "prod": 579.0, "target": 7, "value": 1.7617640288433694, "supply": [{"l": "Honey", "v": 0.0062122195003170731}, {"l": "Sweeteners, Other", "v": 0.11241975150918622}, {"l": "Sugar", "v": 1.643132057833866}]}, {"source": 20, "prod": 220.0, "target": 15, "value": 1.7960733289127919, "supply": [{"l": "Soyabean Oil", "v": 0.56884359775214866}, {"l": "Coconut Oil", "v": 0.099395512005073169}, {"l": "Rape and Mustard Oil", "v": 0.088943206179142864}, {"l": "Maize Germ Oil", "v": 0.020581898950545456}, {"l": "Groundnut Oil", "v": 0.0090964642683214296}, {"l": "Palm Oil", "v": 0.54068106914163161}, {"l": "Palmkernel Oil", "v": 0.15278319867997142}, {"l": "Oilcrops Oil, Other", "v": 0.3072583486188572}, {"l": "Sunflowerseed Oil", "v": 0.0084900333171}]}, {"source": 20, "prod": 1107.0, "target": 14, "value": 0.74399416327934387, "supply": [{"l": "Beer", "v": 0.54522303173985698}, {"l": "Beverages, Alcoholic", "v": 0.096965117358457892}, {"l": "Alcohol, Non-Food", "v": 0.030959057102434295}, {"l": "Beverages, Fermented", "v": 0.0039084552354936063}, {"l": "Wine", "v": 0.066938501843101184}]}, {"source": 20, "prod": 463.0, "target": 3, "value": 4.7539638822166852, "supply": [{"l": "Fats, Animals, Raw", "v": 1.9498748745838208}, {"l": "Cream", "v": 0.10393800697378371}, {"l": "Fish, Body Oil", "v": 1.6272563857775}, {"l": "Fish, Liver Oil", "v": 0.019565928916053778}, {"l": "Butter, Ghee", "v": 1.0533286859655269}]}, {"source": 2, "prod": 456.5, "target": 28, "value": 1.5976997701877549, "supply": [{"l": "Sunflower seed", "v": 0.0034866666599999998}, {"l": "Coconuts - Incl Copra", "v": 0.10111333314}, {"l": "Sesame seed", "v": 0.0017433333299999999}, {"l": "Groundnuts", "v": 0.0077797732277551015}, {"l": "Rape and Mustardseed", "v": 0.97103666480999995}, {"l": "Oilcrops, Other", "v": 0.076706666520000008}, {"l": "Soyabeans", "v": 0.36609999929999998}, {"l": "Palm kernels", "v": 0.069733333200000011}]}, {"source": 12, "prod": 351.5, "target": 28, "value": 1.257797917201867, "supply": [{"l": "Vegetables, Other", "v": 0.97277999814000005}, {"l": "Tomatoes", "v": 0.11854666644}, {"l": "Onions", "v": 0.13423666640999998}]}, {"source": 21, "prod": 1318.0, "target": 28, "value": 1.5318088859600001, "supply": [{"l": "Sugar beet", "v": 1.5318088859600001}]}, {"source": 4, "prod": 609.75, "target": 28, "value": 2.1259949959350002, "supply": [{"l": "Roots, Other", "v": 0.00087166666499999994}, {"l": "Potatoes", "v": 1.8766983297449999}, {"l": "Cassava", "v": 0.24842499952500002}]}, {"source": 5, "prod": 15.5, "target": 28, "value": 0.054692574608068971, "supply": [{"l": "Peas", "v": 0.043583333250000002}, {"l": "Pulses, Other", "v": 0.077205212971414236}]}, {"source": 8, "prod": 15391.0, "target": 28, "value": 54.627147474659786, "supply": [{"l": "Maize", "v": 1.0634333313}, {"l": "Rye", "v": 1.5166999970999999}, {"l": "Barley", "v": 43.604253249960003}, {"l": "Rice", "v": 0.045326666580000008}, {"l": "Cereals, Other", "v": 0.10808666645999999}, {"l": "Wheat", "v": 6.0493666551000018}, {"l": "Oats", "v": 1.26565999758}, {"l": "Millet", "v": 0.010459999980000001}]}, {"source": 29, "prod": 0, "target": 2, "value": 0.0075421453133720576, "supply": "[{\"l\":'Energy for power irrigation',\"v\":0.0075421453133720576}]"}, {"source": 29, "prod": 0, "target": 12, "value": 0.0058073692829140816, "supply": "[{\"l\":'Energy for power irrigation',\"v\":0.0058073692829140816}]"}, {"source": 29, "prod": 0, "target": 21, "value": 0.054438924003419341, "supply": "[{\"l\":'Energy for power irrigation',\"v\":0.054438924003419341}]"}, {"source": 29, "prod": 0, "target": 4, "value": 0.020148184468033351, "supply": "[{\"l\":'Energy for power irrigation',\"v\":0.020148184468033351}]"}, {"source": 29, "prod": 0, "target": 5, "value": 0.00025608598544855834, "supply": "[{\"l\":'Energy for power irrigation',\"v\":0.00025608598544855834}]"}, {"source": 29, "prod": 0, "target": 19, "value": 0.0036760730169228544, "supply": "[{\"l\":'Energy for power irrigation',\"v\":0.0036760730169228544}]"}, {"source": 29, "prod": 0, "target": 8, "value": 0.12714256135608909, "supply": "[{\"l\":'Energy for power irrigation',\"v\":0.12714256135608909}]"}, {"source": 29, "prod": 0, "target": 16, "value": 3.3043352961104302e-05, "supply": "[{\"l\":'Energy for power irrigation',\"v\":3.3043352961104302e-05}]"}, {"source": 29, "prod": 0, "target": 20, "value": 0.39000000031199994, "supply": "[{\"l\":'Electricity',\"v\":0.39000000031199994}]"}, {"source": 30, "prod": 0, "target": 29, "value": 1.5662155194047653, "supply": [{"l": "Coal", "v": 1.3449677873252319}, {"l": "Natural gas", "v": 0.0}, {"l": "Oil", "v": 0.22124773207953349}]}, {"source": 31, "prod": 0, "target": 29, "value": 0.0013580257270080008, "supply": [{"l": "Nuclear", "v": 0.0}, {"l": "Hydroelectric", "v": 0.0010185192952560007}, {"l": "Renewable", "v": 0.00033950643175200004}]}, {"source": 30, "prod": 0, "target": 2, "value": 0.4034195795459426, "supply": [{"l": "Motor Gasoline", "v": 0.008438464947581643}, {"l": "Gas-Diesel oil", "v": 0.26579259739521549}, {"l": "Natural gas (including LNG)", "v": 0.0047192543809556481}, {"l": "Fuel oil", "v": 0.096579469474556312}, {"l": "Liquefied petroleum gas (LPG)", "v": 0.0076584307724045135}, {"l": "Coal", "v": 0.020231362575229034}]}, {"source": 30, "prod": 0, "target": 12, "value": 0.31062865763504671, "supply": [{"l": "Motor Gasoline", "v": 0.0064975255839538832}, {"l": "Gas-Diesel oil", "v": 0.20465738879390633}, {"l": "Natural gas (including LNG)", "v": 0.0036337741838026508}, {"l": "Fuel oil", "v": 0.074365133669893849}, {"l": "Liquefied petroleum gas (LPG)", "v": 0.0058969078127057758}, {"l": "Coal", "v": 0.015577927590784239}]}, {"source": 30, "prod": 0, "target": 21, "value": 2.9118675018704949, "supply": [{"l": "Motor Gasoline", "v": 0.060908525744318757}, {"l": "Gas-Diesel oil", "v": 1.9184810699172727}, {"l": "Natural gas (including LNG)", "v": 0.03406340237732499}, {"l": "Fuel oil", "v": 0.69710701406059816}, {"l": "Liquefied petroleum gas (LPG)", "v": 0.055278268116260403}, {"l": "Coal", "v": 0.14602922165471996}]}, {"source": 30, "prod": 0, "target": 4, "value": 1.0777002787651195, "supply": [{"l": "Motor Gasoline", "v": 0.022542624323276701}, {"l": "Gas-Diesel oil", "v": 0.71004177989806194}, {"l": "Natural gas (including LNG)", "v": 0.012607077146934091}, {"l": "Fuel oil", "v": 0.25800364298843687}, {"l": "Liquefied petroleum gas (LPG)", "v": 0.020458830946215346}, {"l": "Coal", "v": 0.054046323462194533}]}, {"source": 30, "prod": 0, "target": 5, "value": 0.01369770752017987, "supply": [{"l": "Motor Gasoline", "v": 0.00028651962034505028}, {"l": "Gas-Diesel oil", "v": 0.0090247212697170641}, {"l": "Natural gas (including LNG)", "v": 0.00016023755291306142}, {"l": "Fuel oil", "v": 0.0032792590949739819}, {"l": "Liquefied petroleum gas (LPG)", "v": 0.00026003434166981372}, {"l": "Coal", "v": 0.00068693564056089812}]}, {"source": 30, "prod": 0, "target": 19, "value": 0.1966283821445175, "supply": [{"l": "Motor Gasoline", "v": 0.0041129429372112059}, {"l": "Gas-Diesel oil", "v": 0.12954841822658367}, {"l": "Natural gas (including LNG)", "v": 0.0023001842273003979}, {"l": "Fuel oil", "v": 0.047073235395594264}, {"l": "Liquefied petroleum gas (LPG)", "v": 0.0037327510336473261}, {"l": "Coal", "v": 0.0098608503241806346}]}, {"source": 30, "prod": 0, "target": 8, "value": 6.8006908530028509, "supply": [{"l": "Motor Gasoline", "v": 0.14225237021711837}, {"l": "Gas-Diesel oil", "v": 4.4806285503940435}, {"l": "Natural gas (including LNG)", "v": 0.079555360544675116}, {"l": "Fuel oil", "v": 1.6280992493788569}, {"l": "Liquefied petroleum gas (LPG)", "v": 0.12910285653677753}, {"l": "Coal", "v": 0.34105246593138011}]}, {"source": 30, "prod": 0, "target": 16, "value": 0.0017674461316361122, "supply": [{"l": "Motor Gasoline", "v": 3.6970273592909714e-05}, {"l": "Gas-Diesel oil", "v": 0.00116448016383446}, {"l": "Natural gas (including LNG)", "v": 2.06758132791047e-05}, {"l": "Fuel oil", "v": 0.00042313020580309448}, {"l": "Liquefied petroleum gas (LPG)", "v": 3.3552818279975964e-05}, {"l": "Coal", "v": 8.8636856846567504e-05}]}, {"source": 30, "prod": 0, "target": 1, "value": 2.9537087431037072, "supply": [{"l": "Gas-diesel oils used in fisheries", "v": 2.8965277800949996}, {"l": "Fuel oil used in fisheries", "v": 0.057180963008707723}]}, {"source": 32, "prod": 21.178116418807271, "target": 2, "value": 0.26369802981763807, "supply": [{"l": "Potash", "v": 0.34974777527979822}, {"l": "Phosphate", "v": 0.44306595868778609}, {"l": "Nitrogen", "v": 6.898041838851765}]}, {"source": 32, "prod": 16.306917680636925, "target": 12, "value": 0.20304459470076622, "supply": [{"l": "Potash", "v": 0.34974777527979822}, {"l": "Phosphate", "v": 0.44306595868778609}, {"l": "Nitrogen", "v": 6.898041838851765}]}, {"source": 32, "prod": 152.86285564067899, "target": 21, "value": 1.9033625591437402, "supply": [{"l": "Potash", "v": 0.34974777527979822}, {"l": "Phosphate", "v": 0.44306595868778609}, {"l": "Nitrogen", "v": 6.898041838851765}]}, {"source": 32, "prod": 56.575493916178466, "target": 4, "value": 0.70444632500024007, "supply": [{"l": "Potash", "v": 0.34974777527979822}, {"l": "Phosphate", "v": 0.44306595868778609}, {"l": "Nitrogen", "v": 6.898041838851765}]}, {"source": 32, "prod": 0.71908171849181313, "target": 5, "value": 0.0089536023267763193, "supply": [{"l": "Potash", "v": 0.34974777527979822}, {"l": "Phosphate", "v": 0.44306595868778609}, {"l": "Nitrogen", "v": 6.898041838851765}]}, {"source": 32, "prod": 10.322302088027641, "target": 19, "value": 0.12852751727146652, "supply": [{"l": "Potash", "v": 0.34974777527979822}, {"l": "Phosphate", "v": 0.44306595868778609}, {"l": "Nitrogen", "v": 6.898041838851765}]}, {"source": 32, "prod": 357.01247513895152, "target": 8, "value": 4.4453191423036884, "supply": [{"l": "Potash", "v": 0.34974777527979822}, {"l": "Phosphate", "v": 0.44306595868778609}, {"l": "Nitrogen", "v": 6.898041838851765}]}, {"source": 32, "prod": 0.092784737869911371, "target": 16, "value": 0.0011553035260356542, "supply": [{"l": "Potash", "v": 0.34974777527979822}, {"l": "Phosphate", "v": 0.44306595868778609}, {"l": "Nitrogen", "v": 6.898041838851765}]}, {"source": 30, "prod": 0, "target": 32, "value": 9.4066199713500929, "supply": [{"l": "Natural gas (including LNG)", "v": 6.2916189735927599}, {"l": "Fuel oil", "v": 1.8956259577860712}, {"l": "Liquefied petroleum gas (LPG)", "v": 0.6096875199856312}, {"l": "Coal", "v": 0.6096875199856312}]}, {"source": 33, "prod": 0, "target": 4, "value": 0.014257307114660287, "supply": "[{\"l\":'Labor',\"v\":0.014257307114660287}]"}, {"source": 33, "prod": 0, "target": 2, "value": 0.005336991142142207, "supply": "[{\"l\":'Labor',\"v\":0.005336991142142207}]"}, {"source": 33, "prod": 0, "target": 11, "value": 5.2609989352989992e-05, "supply": "[{\"l\":'Labor',\"v\":5.2609989352989992e-05}]"}, {"source": 33, "prod": 0, "target": 12, "value": 0.0041094247239057734, "supply": "[{\"l\":'Labor',\"v\":0.0041094247239057734}]"}, {"source": 33, "prod": 0, "target": 13, "value": 8.7683315588316649e-05, "supply": "[{\"l\":'Labor',\"v\":8.7683315588316649e-05}]"}, {"source": 33, "prod": 0, "target": 21, "value": 0.038522203315133778, "supply": "[{\"l\":'Labor',\"v\":0.038522203315133778}]"}, {"source": 33, "prod": 0, "target": 5, "value": 0.00018121218554918774, "supply": "[{\"l\":'Labor',\"v\":0.00018121218554918774}]"}, {"source": 33, "prod": 0, "target": 8, "value": 0.089968927347985436, "supply": "[{\"l\":'Labor',\"v\":0.089968927347985436}]"}, {"source": 33, "prod": 0, "target": 16, "value": 2.3382217490217771e-05, "supply": "[{\"l\":'Labor',\"v\":2.3382217490217771e-05}]"}, {"source": 33, "prod": 0, "target": 17, "value": 0.00051440878478479102, "supply": "[{\"l\":'Labor',\"v\":0.00051440878478479102}]"}, {"source": 33, "prod": 0, "target": 19, "value": 0.0026012716957867273, "supply": "[{\"l\":'Labor',\"v\":0.0026012716957867273}]"}, {"source": 30, "prod": 0, "target": 24, "value": 7.1970615743660007, "supply": "[{\"l\":'Fossil Fuels',\"v\":7.1970615743660007}]"}, {"source": 31, "prod": 0, "target": 24, "value": 0.34488090854058745, "supply": "[{\"l\":'Renewables & Nuclear',\"v\":0.0022291550027786814},{\"l\":'Biomass & Waste',\"v\":0.34265175353780875}]"}]}