{"nodes": [{"layer": 13, "name": "Other Processed", "fill": "#9c9ede"}, {"layer": 10, "name": "Feed", "fill": "#dbdb8d"}, {"layer": 13, "name": "Animal Products", "fill": "#17becf"}, {"layer": 5, "name": "Cereals", "fill": "#e7ba52"}, {"layer": 5, "name": "Oilcrops", "fill": "#ff9896"}, {"layer": 13, "name": "Sugar", "fill": "#d6616b"}, {"layer": 5, "name": "Starchy Roots"}, {"layer": 5, "name": "Fruits & Vegetables"}, {"layer": 13, "name": "Aquatic Products", "fill": "#1f77b4"}, {"layer": 16, "name": "Food", "fill": "#b5cf6b"}, {"layer": 5, "name": "Others"}, {"layer": 13, "name": "Vegetable Oils", "fill": "#f7b6d2"}, {"layer": 10, "name": "Processing", "fill": "#9edae5"}, {"layer": 5, "name": "Sugar Crops", "fill": "#ffbb78"}, {"layer": 16, "name": "Biofuels & Other", "fill": "#e7ba52"}, {"name": "Waste", "fill": "#c7c7c7"}, {"layer": 2, "name": "Import", "fill": "#aec7e8"}, {"layer": 16, "name": "Export", "fill": "#aec7e8"}, {"layer": 0, "name": "Stock Draw", "fill": "#c7c7c7"}, {"layer": 16, "name": "Stock Deposit", "fill": "#c7c7c7"}, {"layer": 2, "name": "Electricity", "fill": "#bcbd22"}, {"layer": 0, "name": "Fossil Fuels", "fill": "#c49c94"}, {"layer": 0, "name": "Renewables & Nuclear", "fill": "#2ca02c"}, {"layer": 2, "name": "Fertilizers", "fill": "#c5b0d5"}, {"layer": 0, "name": "Labor", "fill": "#7f7f7f"}], "links": [{"source": 0, "prod": 2.0, "target": 1, "value": 0.01796419785016759, "supply": [{"l": "Fish, Liver Oil", "v": 0.01796419785016759}]}, {"source": 2, "prod": 2120.0, "target": 1, "value": 1.2188379093409925, "supply": [{"l": "Milk - Excluding Butter", "v": 1.2136750512427559}, {"l": "Offals, Edible", "v": 0.0051628580982364869}]}, {"source": 3, "prod": 4957.0, "target": 1, "value": 18.40211790428069, "supply": [{"l": "Maize", "v": 0.80310936021938506}, {"l": "Rye", "v": 0.18523709055490908}, {"l": "Wheat", "v": 0.32176823900561752}, {"l": "Oats", "v": 0.63437211560948126}, {"l": "Millet", "v": 0.010520544947570576}, {"l": "Barley", "v": 16.327877711204593}, {"l": "Cereals, Other", "v": 0.1192328427391332}]}, {"source": 4, "prod": 16.0, "target": 1, "value": 0.023583425880833338, "supply": [{"l": "Soyabeans", "v": 0.022109461763281255}, {"l": "Oilcrops, Other", "v": 0.0014739641175520834}]}, {"source": 5, "prod": 1.0, "target": 1, "value": 0.0033960133268400002, "supply": [{"l": "Sugar", "v": 0.0033960133268400002}]}, {"source": 6, "prod": 273.0, "target": 1, "value": 0.19148318677467996, "supply": [{"l": "Potatoes", "v": 0.072945975914163796}, {"l": "Roots, Other", "v": 0.0021042108436778017}, {"l": "Cassava", "v": 0.11643300001683837}]}, {"source": 7, "prod": 6.0, "target": 1, "value": 0.024402490971305389, "supply": [{"l": "Pulses, Other", "v": 0.024402490971305389}]}, {"source": 8, "prod": 534.0, "target": 1, "value": 0.90664138293741159, "supply": [{"l": "Pelagic Fish", "v": 0.47765795911021164}, {"l": "Demersal Fish", "v": 0.047544186575760004}, {"l": "Fish, Seafood", "v": 0.38143923725143991}]}, {"source": 0, "prod": 891.0, "target": 9, "value": 1.4158698934737044, "supply": [{"l": "Beer", "v": 0.38750819534926206}, {"l": "Beverages, Alcoholic", "v": 0.076015414583337215}, {"l": "Fats, Animals, Raw", "v": 0.43345637602411913}, {"l": "Butter, Ghee", "v": 0.34160519147934038}, {"l": "Wine", "v": 0.049702222654463765}, {"l": "Beverages, Fermented", "v": 0.0023154636319363637}, {"l": "Fish, Body Oil", "v": 0.041926090454814817}, {"l": "Cream", "v": 0.083340939296430619}]}, {"source": 2, "prod": 1506.0, "target": 9, "value": 1.3064514695038429, "supply": [{"l": "Pigmeat", "v": 0.3844853358630308}, {"l": "Meat, Other", "v": 0.0022741160670803574}, {"l": "Poultry Meat", "v": 0.069832342583735621}, {"l": "Eggs", "v": 0.10432014513496943}, {"l": "Mutton & Goat Meat", "v": 0.0054191702024042557}, {"l": "Milk - Excluding Butter", "v": 0.62519177970444417}, {"l": "Offals, Edible", "v": 0.019360717868386824}, {"l": "Bovine Meat", "v": 0.095567862079791455}]}, {"source": 3, "prod": 421.0, "target": 9, "value": 1.3747210651454296, "supply": [{"l": "Maize", "v": 0.084970614903757458}, {"l": "Rye", "v": 0.34346043873722726}, {"l": "Barley", "v": 0.003859106053227273}, {"l": "Rice", "v": 0.037113574214751428}, {"l": "Wheat", "v": 0.84858486561285407}, {"l": "Oats", "v": 0.056732465623612151}]}, {"source": 4, "prod": 8.0, "target": 9, "value": 0.011791712940416669, "supply": [{"l": "Coconuts - Incl Copra", "v": 0.010317748822864585}, {"l": "Rape and Mustardseed", "v": 0.0014739641175520834}]}, {"source": 5, "prod": 234.0, "target": 9, "value": 0.78993229220756189, "supply": [{"l": "Sugar", "v": 0.77429103851951997}, {"l": "Sweeteners, Other", "v": 0.012245240361201924}, {"l": "Honey", "v": 0.0033960133268400002}]}, {"source": 6, "prod": 426.0, "target": 9, "value": 0.29879793980224789, "supply": [{"l": "Potatoes", "v": 0.29879793980224789}]}, {"source": 7, "prod": 672.0, "target": 9, "value": 0.30079971100962938, "supply": [{"l": "Vegetables, Other", "v": 0.062759658049935288}, {"l": "Tomatoes", "v": 0.010843249073470108}, {"l": "Treenuts", "v": 0.034653197212653059}, {"l": "Grapes", "v": 0.012896253139898735}, {"l": "Dates", "v": 0.0028300111056999999}, {"l": "Apples", "v": 0.066805601331053829}, {"l": "Lemons, Limes", "v": 0.0020457911607469881}, {"l": "Pineapples", "v": 0.0041414796668780484}, {"l": "Bananas", "v": 0.021751325027280992}, {"l": "Fruits, Other", "v": 0.043179165483269485}, {"l": "Grapefruit", "v": 0.0020408733935336539}, {"l": "Oranges, Mandarines", "v": 0.021660415166188097}, {"l": "Onions", "v": 0.015192691199021053}]}, {"source": 10, "prod": 76.0, "target": 9, "value": 0.11699682956229035, "supply": [{"l": "Nuts", "v": 0.034830905916307692}, {"l": "Pepper", "v": 0.003859106053227273}, {"l": "Cocoa Beans", "v": 0.037456029340147058}, {"l": "Coffee", "v": 0.026123179437230776}, {"l": "Infant food", "v": 0.0129949489547449}, {"l": "Tea", "v": 0.0017326598606326529}]}, {"source": 8, "prod": 212.0, "target": 9, "value": 0.304867228390161, "supply": [{"l": "Freshwater Fish", "v": 0.0020214365040714288}, {"l": "Crustaceans", "v": 0.0063675249878250018}, {"l": "Marine Fish, Other", "v": 0.015122196748015269}, {"l": "Demersal Fish", "v": 0.0081504319844159998}, {"l": "Pelagic Fish", "v": 0.11941448977755291}, {"l": "Fish, Seafood", "v": 0.15143280580019711}, {"l": "Molluscs, Other", "v": 0.0023583425880833331}]}, {"source": 11, "prod": 72.0, "target": 9, "value": 0.60295085273113469, "supply": [{"l": "Maize Germ Oil", "v": 0.009988274490705884}, {"l": "Groundnut Oil", "v": 0.0084900333171}, {"l": "Soyabean Oil", "v": 0.40951145077949536}, {"l": "Palm Oil", "v": 0.075546906635211866}, {"l": "Sunflowerseed Oil", "v": 0.007718212106454546}, {"l": "Coconut Oil", "v": 0.016508398116583337}, {"l": "Oilcrops Oil, Other", "v": 0.016565918667512194}, {"l": "Palmkernel Oil", "v": 0.058621658618071448}]}, {"source": 2, "prod": 1.0, "target": 12, "value": 0.0016626748234222768, "supply": [{"l": "Poultry Meat", "v": 0.0016626748234222768}]}, {"source": 3, "prod": 158.0, "target": 12, "value": 0.60973875640990916, "supply": [{"l": "Rye", "v": 0.0077182121064545452}, {"l": "Barley", "v": 0.60202054430345464}]}, {"source": 4, "prod": 576.72881355932202, "target": 12, "value": 0.92056962123601638, "supply": [{"l": "Sunflower seed", "v": 0.0014739641175520834}, {"l": "Coconuts - Incl Copra", "v": 0.14444848352010417}, {"l": "Soyabeans", "v": 0.56895014937510424}, {"l": "Sesame seed", "v": 0.0029479282351041669}, {"l": "Rape and Mustardseed", "v": 0.014739641175520835}, {"l": "Groundnuts", "v": 0.0062122195003170731}, {"l": "Palm kernels", "v": 0.036849102938802086}, {"l": "Oilcrops, Other", "v": 0.044218923526562509}, {"l": "Oil Palm", "v": 0.10072920884694925}]}, {"source": 13, "prod": 3619.0, "target": 12, "value": 4.2060822141800003, "supply": [{"l": "Sugar beet", "v": 4.2060822141800003}]}, {"source": 6, "prod": 167.0, "target": 12, "value": 0.11713440363139763, "supply": [{"l": "Potatoes", "v": 0.11713440363139763}]}, {"source": 7, "prod": 9.0, "target": 12, "value": 0.0051831932067196943, "supply": [{"l": "Apples", "v": 0.0051831932067196943}]}, {"source": 0, "prod": 126.0, "target": 14, "value": 0.86077912839494575, "supply": [{"l": "Alcohol, Non-Food", "v": 0.032284635282218838}, {"l": "Butter, Ghee", "v": 0.02499550181556149}, {"l": "Fats, Animals, Raw", "v": 0.67426547381529645}, {"l": "Fish, Body Oil", "v": 0.12577827136444447}, {"l": "Beverages, Alcoholic", "v": 0.0034552461174244186}]}, {"source": 2, "prod": 33.0, "target": 14, "value": 0.022513544945478574, "supply": [{"l": "Milk - Excluding Butter", "v": 0.016059972322682966}, {"l": "Offals, Edible", "v": 0.0064535726227956088}]}, {"source": 3, "prod": 15.0, "target": 14, "value": 0.041528416664054324, "supply": [{"l": "Maize", "v": 0.038373826085567879}, {"l": "Wheat", "v": 0.0031545905784864459}]}, {"source": 4, "prod": 2.0, "target": 14, "value": 0.0029479282351041669, "supply": [{"l": "Oilcrops, Other", "v": 0.0029479282351041669}]}, {"source": 5, "prod": 24.0, "target": 14, "value": 0.063511980006767318, "supply": [{"l": "Sweeteners, Other", "v": 0.046531913372567318}, {"l": "Sugar", "v": 0.0169800666342}]}, {"source": 8, "prod": 88.0, "target": 14, "value": 0.087836806994909644, "supply": [{"l": "Molluscs, Other", "v": 0.013206718493266666}, {"l": "Aquatic Animals, Others", "v": 0.0020214365040714288}, {"l": "Aquatic Products, Other", "v": 0.0020214365040714288}, {"l": "Fish, Seafood", "v": 0.060001677769889426}, {"l": "Marine Fish, Other", "v": 0.010585537723610688}]}, {"source": 11, "prod": 44.0, "target": 14, "value": 0.36759203965539294, "supply": [{"l": "Coconut Oil", "v": 0.14032138399095836}, {"l": "Rape and Mustard Oil", "v": 0.010246591934431035}, {"l": "Palm Oil", "v": 0.12591151105868645}, {"l": "Oilcrops Oil, Other", "v": 0.091112552671317071}]}, {"source": 6, "prod": 93.0, "target": 6, "value": 0.065230536154011864, "supply": [{"l": "Potatoes", "v": 0.065230536154011864}]}, {"source": 2, "prod": 5.0, "target": 2, "value": 0.0084129149302394693, "supply": [{"l": "Eggs", "v": 0.0084129149302394693}]}, {"source": 3, "prod": 329.0, "target": 3, "value": 1.2352934445679897, "supply": [{"l": "Cereals, Other", "v": 0.0035068483158568588}, {"l": "Wheat", "v": 0.066246402148215366}, {"l": "Barley", "v": 1.0651132706907274}, {"l": "Oats", "v": 0.038681226561553733}, {"l": "Rye", "v": 0.061745696851636361}]}, {"source": 4, "prod": 2.0, "target": 4, "value": 0.0029479282351041669, "supply": [{"l": "Rape and Mustardseed", "v": 0.0029479282351041669}]}, {"source": 6, "prod": 95.0, "target": 15, "value": 0.0666333433831304, "supply": [{"l": "Potatoes", "v": 0.0666333433831304}]}, {"source": 7, "prod": 45.0, "target": 15, "value": 0.019656259154947078, "supply": [{"l": "Bananas", "v": 0.0014033112920826449}, {"l": "Vegetables, Other", "v": 0.0085194105950138418}, {"l": "Fruits, Other", "v": 0.0011215367657992073}, {"l": "Peas", "v": 0.0039488527056279069}, {"l": "Oranges, Mandarines", "v": 0.00021235701143321664}, {"l": "Onions", "v": 0.0013405315763842104}, {"l": "Tomatoes", "v": 0.00023070742709510868}, {"l": "Apples", "v": 0.0028795517815109412}]}, {"source": 2, "prod": 2.0, "target": 15, "value": 0.0028923027592098116, "supply": [{"l": "Eggs", "v": 0.0016825829860478941}, {"l": "Bovine Meat", "v": 0.0012097197731619172}]}, {"source": 3, "prod": 220.0, "target": 15, "value": 0.82607919223834236, "supply": [{"l": "Rye", "v": 0.038591060532272722}, {"l": "Wheat", "v": 0.056782630412756024}, {"l": "Oats", "v": 0.020629987499495326}, {"l": "Barley", "v": 0.71007551379381828}]}, {"source": 16, "prod": 86.0, "target": 10, "value": 0.14346129682264763, "supply": [{"l": "Nuts", "v": 0.034830905916307692}, {"l": "Cocoa Beans", "v": 0.052438441076205884}, {"l": "Coffee", "v": 0.027690570203464618}, {"l": "Pepper", "v": 0.003859106053227273}, {"l": "Infant food", "v": 0.017326598606326533}, {"l": "Spices, Other", "v": 0.0047166851761666672}, {"l": "Tea", "v": 0.0025989897909489794}]}, {"source": 16, "prod": 692.0, "target": 1, "value": 0.92981237778561687, "supply": [{"l": "Freshwater Fish", "v": 0.0070750277642500003}, {"l": "Meat, Other", "v": 0.00075803868902678576}, {"l": "Crustaceans", "v": 0.011886046643940003}, {"l": "Eggs", "v": 0.0050477489581436828}, {"l": "Demersal Fish", "v": 0.059769834552383994}, {"l": "Mutton & Goat Meat", "v": 0.0054191702024042557}, {"l": "Poultry Meat", "v": 0.0016626748234222768}, {"l": "Milk - Excluding Butter", "v": 0.09349198173561872}, {"l": "Pelagic Fish", "v": 0.36853782189968909}, {"l": "Fish, Seafood", "v": 0.36858173487217788}, {"l": "Offals, Edible", "v": 0.0051628580982364869}, {"l": "Bovine Meat", "v": 0.0024194395463238345}]}, {"source": 16, "prod": 251.0, "target": 12, "value": 1.1860459016726661, "supply": [{"l": "Alcohol, Non-Food", "v": 0.016949433523164893}, {"l": "Sugar", "v": 0.10867242645888001}, {"l": "Maize Germ Oil", "v": 0.009988274490705884}, {"l": "Beer", "v": 0.0017095949794820387}, {"l": "Groundnut Oil", "v": 0.0084900333171}, {"l": "Beverages, Alcoholic", "v": 0.034552461174244188}, {"l": "Fats, Animals, Raw", "v": 0.37566219255423661}, {"l": "Soyabean Oil", "v": 0.041786882732601567}, {"l": "Palm Oil", "v": 0.31058172727809319}, {"l": "Sunflowerseed Oil", "v": 0.007718212106454546}, {"l": "Coconut Oil", "v": 0.0082541990582916686}, {"l": "Oilcrops Oil, Other", "v": 0.13252734934009755}, {"l": "Wine", "v": 0.051387043761394739}, {"l": "Sweeteners, Other", "v": 0.046531913372567318}, {"l": "Fish, Body Oil", "v": 0.010481522613703704}, {"l": "Fish, Liver Oil", "v": 0.0089820989250837951}, {"l": "Honey", "v": 0.0033960133268400002}, {"l": "Palmkernel Oil", "v": 0.0083745226597244909}]}, {"source": 16, "prod": 749.0, "target": 3, "value": 2.3958350986150401, "supply": [{"l": "Maize", "v": 1.0443162670429544}, {"l": "Rye", "v": 0.011577318159681818}, {"l": "Barley", "v": 1.0728314827971819}, {"l": "Rice", "v": 0.049484765619668573}, {"l": "Cereals, Other", "v": 0.0070136966317137176}, {"l": "Wheat", "v": 0.10725607966853916}, {"l": "Oats", "v": 0.092834943747728965}, {"l": "Millet", "v": 0.010520544947570576}]}, {"source": 16, "prod": 377.0, "target": 7, "value": 0.18980785249979662, "supply": [{"l": "Tomatoes", "v": 0.0071519302399483684}, {"l": "Treenuts", "v": 0.034653197212653059}, {"l": "Vegetables, Other", "v": 0.013631056952022144}, {"l": "Peas", "v": 0.0039488527056279069}, {"l": "Grapes", "v": 0.013702268961142407}, {"l": "Dates", "v": 0.0028300111056999999}, {"l": "Apples", "v": 0.014973669263856893}, {"l": "Lemons, Limes", "v": 0.0023015150558403615}, {"l": "Pineapples", "v": 0.0041414796668780484}, {"l": "Bananas", "v": 0.023154636319363639}, {"l": "Fruits, Other", "v": 0.038132250037173049}, {"l": "Grapefruit", "v": 0.0020408733935336539}, {"l": "Oranges, Mandarines", "v": 0.02378398528052026}, {"l": "Onions", "v": 0.0053621263055368415}]}, {"source": 16, "prod": 1.0, "target": 13, "value": 0.0011622222200000001, "supply": [{"l": "Sugar beet", "v": 0.0011622222200000001}]}, {"source": 16, "prod": 572.0, "target": 4, "value": 0.84784573062255664, "supply": [{"l": "Sunflower seed", "v": 0.0014739641175520834}, {"l": "Coconuts - Incl Copra", "v": 0.15918812469562502}, {"l": "Sesame seed", "v": 0.0044218923526562507}, {"l": "Groundnuts", "v": 0.0062122195003170731}, {"l": "Oilcrops, Other", "v": 0.04716685176166667}, {"l": "Soyabeans", "v": 0.59105961113838545}, {"l": "Rape and Mustardseed", "v": 0.0014739641175520834}, {"l": "Palm kernels", "v": 0.036849102938802086}]}, {"source": 16, "prod": 215.0, "target": 6, "value": 0.15080177713024248, "supply": [{"l": "Roots, Other", "v": 0.0021042108436778017}, {"l": "Potatoes", "v": 0.032264566269726298}, {"l": "Cassava", "v": 0.11643300001683837}]}, {"source": 0, "prod": 387.0, "target": 17, "value": 1.8882164678322277, "supply": [{"l": "Alcohol, Non-Food", "v": 0.0016142317641109419}, {"l": "Beer", "v": 0.10485515874156501}, {"l": "Beverages, Alcoholic", "v": 0.017276230587122094}, {"l": "Fats, Animals, Raw", "v": 0.23117673387953019}, {"l": "Butter, Ghee", "v": 0.74986505446684459}, {"l": "Wine", "v": 0.0016848211069309751}, {"l": "Beverages, Fermented", "v": 0.0038591060532272726}, {"l": "Fish, Body Oil", "v": 0.77563267341407416}, {"l": "Cream", "v": 0.0022524578188224489}]}, {"source": 2, "prod": 2773.0, "target": 17, "value": 2.4432479352392105, "supply": [{"l": "Meat, Other", "v": 0.0022741160670803574}, {"l": "Eggs", "v": 0.0067303319441915765}, {"l": "Pigmeat", "v": 0.97475155570909222}, {"l": "Milk - Excluding Butter", "v": 1.1385373235902034}, {"l": "Poultry Meat", "v": 0.10142316422875888}, {"l": "Offals, Edible", "v": 0.028395719540300676}, {"l": "Bovine Meat", "v": 0.19113572415958291}]}, {"source": 3, "prod": 795.0, "target": 17, "value": 2.8413700140317872, "supply": [{"l": "Maize", "v": 0.021927900620324504}, {"l": "Rye", "v": 0.2508418934597727}, {"l": "Barley", "v": 1.6015290120893184}, {"l": "Rice", "v": 0.0082474609366114289}, {"l": "Cereals, Other", "v": 0.0070136966317137176}, {"l": "Wheat", "v": 0.9337588112319879}, {"l": "Oats", "v": 0.018051239062058411}]}, {"source": 4, "prod": 79.0, "target": 17, "value": 0.11644316528661459, "supply": [{"l": "Oilcrops, Other", "v": 0.0014739641175520834}, {"l": "Rape and Mustardseed", "v": 0.11496920116906251}]}, {"source": 5, "prod": 285.0, "target": 17, "value": 0.9631289718764019, "supply": [{"l": "Sugar", "v": 0.9508837315152}, {"l": "Sweeteners, Other", "v": 0.012245240361201924}]}, {"source": 6, "prod": 115.0, "target": 17, "value": 0.080661415674315742, "supply": [{"l": "Potatoes", "v": 0.080661415674315742}]}, {"source": 7, "prod": 87.0, "target": 17, "value": 0.056492869529431639, "supply": [{"l": "Vegetables, Other", "v": 0.0062475677696768161}, {"l": "Fruits, Other", "v": 0.011776136040891678}, {"l": "Tomatoes", "v": 0.00046141485419021736}, {"l": "Peas", "v": 0.019744263528139537}, {"l": "Grapes", "v": 0.00080601582124367093}, {"l": "Apples", "v": 0.014397758907554705}, {"l": "Bananas", "v": 0.00070165564604132247}, {"l": "Oranges, Mandarines", "v": 0.0019112131028989495}, {"l": "Onions", "v": 0.00044684385879473687}]}, {"source": 10, "prod": 10.0, "target": 17, "value": 0.022270245672935243, "supply": [{"l": "Infant food", "v": 0.0043316496515816332}, {"l": "Coffee", "v": 0.0020898543549784619}, {"l": "Cocoa Beans", "v": 0.014982411736058823}, {"l": "Tea", "v": 0.00086632993031632646}]}, {"source": 8, "prod": 3298.0, "target": 17, "value": 4.7359054602513071, "supply": [{"l": "Crustaceans", "v": 0.010188039980520003}, {"l": "Marine Fish, Other", "v": 0.0037805491870038172}, {"l": "Demersal Fish", "v": 1.7835861992563682}, {"l": "Freshwater Fish", "v": 0.023246519796821432}, {"l": "Fish, Seafood", "v": 2.3557801581558966}, {"l": "Pelagic Fish", "v": 0.55177729759283067}, {"l": "Molluscs, Other", "v": 0.0075466962818666657}]}, {"source": 11, "prod": 69.0, "target": 17, "value": 0.58337302057869, "supply": [{"l": "Soyabean Oil", "v": 0.21729179020952813}, {"l": "Palm Oil", "v": 0.15948791400766948}, {"l": "Coconut Oil", "v": 0.041270995291458341}, {"l": "Rape and Mustard Oil", "v": 0.040986367737724141}, {"l": "Oilcrops Oil, Other", "v": 0.11596143067258537}, {"l": "Palmkernel Oil", "v": 0.0083745226597244909}]}, {"source": 18, "prod": 10.0, "target": 4, "value": 0.014739641175520835, "supply": [{"l": "Rape and Mustardseed", "v": 0.014739641175520835}]}, {"source": 2, "prod": 95.0, "target": 19, "value": 0.063962245731808726, "supply": [{"l": "Milk - Excluding Butter", "v": 0.046459205647761445}, {"l": "Bovine Meat", "v": 0.0084680384121334201}, {"l": "Offals, Edible", "v": 0.0090350016719138518}]}, {"source": 18, "prod": 76.0, "target": 13, "value": 0.088328888719999998, "supply": [{"l": "Sugar beet", "v": 0.088328888719999998}]}, {"source": 0, "prod": 20.0, "target": 19, "value": 0.18623715355889278, "supply": [{"l": "Beverages, Alcoholic", "v": 0.0069104922348488373}, {"l": "Fats, Animals, Raw", "v": 0.10595600302811801}, {"l": "Fish, Body Oil", "v": 0.073370658295925928}]}, {"source": 3, "prod": 1298.0, "target": 19, "value": 4.9597426495136432, "supply": [{"l": "Maize", "v": 0.095934565213919715}, {"l": "Oats", "v": 0.020629987499495326}, {"l": "Rye", "v": 0.37819239321627274}, {"l": "Barley", "v": 4.4649857035839551}]}, {"source": 7, "prod": 2.0, "target": 19, "value": 0.0078977054112558138, "supply": [{"l": "Peas", "v": 0.0078977054112558138}]}, {"source": 18, "prod": 13.0, "target": 1, "value": 0.019952085344475321, "supply": [{"l": "Pigmeat", "v": 0.016245859261818204}, {"l": "Fish, Seafood", "v": 0.0028572227509471152}, {"l": "Crustaceans", "v": 0.00084900333171000015}]}, {"source": 11, "prod": 2.0, "target": 19, "value": 0.016749045319448982, "supply": [{"l": "Palmkernel Oil", "v": 0.016749045319448982}]}, {"source": 4, "prod": 4.0, "target": 19, "value": 0.0058958564702083337, "supply": [{"l": "Coconuts - Incl Copra", "v": 0.0029479282351041669}, {"l": "Sesame seed", "v": 0.0014739641175520834}, {"l": "Oilcrops, Other", "v": 0.0014739641175520834}]}, {"source": 18, "prod": 37.0, "target": 12, "value": 0.18561175477943601, "supply": [{"l": "Coconut Oil", "v": 0.082541990582916683}, {"l": "Beer", "v": 0.0091178398905708731}, {"l": "Oilcrops Oil, Other", "v": 0.0082829593337560969}, {"l": "Rape and Mustard Oil", "v": 0.010246591934431035}, {"l": "Butter, Ghee", "v": 0.016663667877040992}, {"l": "Palm Oil", "v": 0.058758705160720327}]}, {"source": 5, "prod": 83.0, "target": 19, "value": 0.28186910612771998, "supply": [{"l": "Sugar", "v": 0.28186910612771998}]}, {"source": 18, "prod": 68.0, "target": 3, "value": 0.21451215933707832, "supply": [{"l": "Wheat", "v": 0.21451215933707832}]}, {"source": 1, "prod": 4132.0, "target": 8, "value": 6.0352508785737893, "supply": [{"l": "Pelagic Fish", "v": 1.1488497464805953}, {"l": "Crustaceans", "v": 0.016555564968345003}, {"l": "Freshwater Fish", "v": 0.02526795630089286}, {"l": "Molluscs, Other", "v": 0.023111757363216665}, {"l": "Aquatic Animals, Others", "v": 0.0020214365040714288}, {"l": "Demersal Fish", "v": 1.8392808178165443}, {"l": "Aquatic Products, Other", "v": 0.0020214365040714288}, {"l": "Fish, Seafood", "v": 2.948653878977423}, {"l": "Marine Fish, Other", "v": 0.029488283658629773}]}, {"source": 1, "prod": 6530.0, "target": 2, "value": 5.059568082343965, "supply": [{"l": "Poultry Meat", "v": 0.17291818163591677}, {"l": "Pigmeat", "v": 1.3592368915721229}, {"l": "Bovine Meat", "v": 0.29638134442466968}, {"l": "Eggs", "v": 0.12114597499544837}, {"l": "Milk - Excluding Butter", "v": 3.0399233325078479}, {"l": "Offals, Edible", "v": 0.068407869801633436}, {"l": "Meat, Other", "v": 0.0045482321341607148}, {"l": "Mutton & Goat Meat", "v": 0.0054191702024042557}]}, {"source": 12, "prod": 1426.0, "target": 0, "value": 4.3690668411099383, "supply": [{"l": "Fats, Animals, Raw", "v": 1.4448545867470635}, {"l": "Alcohol, Non-Food", "v": 0.033898867046329779}, {"l": "Beverages, Fermented", "v": 0.0061745696851636363}, {"l": "Fish, Body Oil", "v": 1.0167076935292594}, {"l": "Beer", "v": 0.4923633540908271}, {"l": "Beverages, Alcoholic", "v": 0.10365738352273256}, {"l": "Fish, Liver Oil", "v": 0.01796419785016759}, {"l": "Cream", "v": 0.085593397115253073}, {"l": "Butter, Ghee", "v": 1.1164657477617466}, {"l": "Wine", "v": 0.051387043761394739}]}, {"source": 12, "prod": 187.0, "target": 11, "value": 1.5706649582846666, "supply": [{"l": "Soyabean Oil", "v": 0.62680324098902351}, {"l": "Coconut Oil", "v": 0.19810077739900003}, {"l": "Rape and Mustard Oil", "v": 0.051232959672155173}, {"l": "Maize Germ Oil", "v": 0.009988274490705884}, {"l": "Groundnut Oil", "v": 0.0084900333171}, {"l": "Palm Oil", "v": 0.36094633170156781}, {"l": "Palmkernel Oil", "v": 0.083745226597244926}, {"l": "Oilcrops Oil, Other", "v": 0.22363990201141465}, {"l": "Sunflowerseed Oil", "v": 0.007718212106454546}]}, {"source": 12, "prod": 627.0, "target": 5, "value": 2.1018383635452911, "supply": [{"l": "Honey", "v": 0.0033960133268400002}, {"l": "Sweeteners, Other", "v": 0.071022394094971159}, {"l": "Sugar", "v": 2.02741995612348}]}, {"source": 20, "prod": 0, "target": 6, "value": 0.013148722943757856, "supply": "[{\"l\":'Energy for power irrigation',\"v\":0.013148722943757856}]"}, {"source": 20, "prod": 0, "target": 13, "value": 0.044357585361843511, "supply": "[{\"l\":'Energy for power irrigation',\"v\":0.044357585361843511}]"}, {"source": 20, "prod": 0, "target": 7, "value": 0.0078533116781370534, "supply": "[{\"l\":'Energy for power irrigation',\"v\":0.0078533116781370534}]"}, {"source": 20, "prod": 0, "target": 3, "value": 0.096432226205515711, "supply": "[{\"l\":'Energy for power irrigation',\"v\":0.096432226205515711}]"}, {"source": 20, "prod": 0, "target": 4, "value": 0.004920444290880047, "supply": "[{\"l\":'Energy for power irrigation',\"v\":0.004920444290880047}]"}, {"source": 20, "prod": 0, "target": 12, "value": 1.7300000013839998, "supply": "[{\"l\":'Electricity',\"v\":1.7300000013839998}]"}, {"source": 21, "prod": 0, "target": 20, "value": 4.9263032878444246, "supply": [{"l": "Coal", "v": 2.3357938660353366}, {"l": "Natural gas", "v": 0.0}, {"l": "Oil", "v": 2.5905094218090885}]}, {"source": 22, "prod": 0, "target": 20, "value": 0.0018917416811953152, "supply": [{"l": "Nuclear", "v": 0.0}, {"l": "Hydroelectric", "v": 0.0018917416811953152}, {"l": "Renewable", "v": 0.0}]}, {"source": 21, "prod": 0, "target": 6, "value": 1.0422748159408479, "supply": [{"l": "Motor Gasoline", "v": 0.02805626412575158}, {"l": "Gas-Diesel oil", "v": 0.7709739958211318}, {"l": "Natural gas (including LNG)", "v": 0.010821109110539353}, {"l": "Fuel oil", "v": 0.18086866933095241}, {"l": "Liquefied petroleum gas (LPG)", "v": 0.0051648684251111134}, {"l": "Coal", "v": 0.046389909127361635}]}, {"source": 21, "prod": 0, "target": 13, "value": 3.5161433027641791, "supply": [{"l": "Motor Gasoline", "v": 0.094648593343680087}, {"l": "Gas-Diesel oil", "v": 2.6009023825110438}, {"l": "Natural gas (including LNG)", "v": 0.036505314860896303}, {"l": "Fuel oil", "v": 0.61016552508162092}, {"l": "Liquefied petroleum gas (LPG)", "v": 0.017423828384665944}, {"l": "Coal", "v": 0.15649765858227227}]}, {"source": 21, "prod": 0, "target": 7, "value": 0.62251741244135428, "supply": [{"l": "Motor Gasoline", "v": 0.016757109237613286}, {"l": "Gas-Diesel oil", "v": 0.46047810960960678}, {"l": "Natural gas (including LNG)", "v": 0.0064631023797286392}, {"l": "Fuel oil", "v": 0.10802707146097394}, {"l": "Liquefied petroleum gas (LPG)", "v": 0.003084810722110642}, {"l": "Coal", "v": 0.027707209031321036}]}, {"source": 21, "prod": 0, "target": 3, "value": 7.64400324267499, "supply": [{"l": "Motor Gasoline", "v": 0.20576355743662372}, {"l": "Gas-Diesel oil", "v": 5.6542935067993518}, {"l": "Natural gas (including LNG)", "v": 0.07936159625581618}, {"l": "Fuel oil", "v": 1.3264838348953978}, {"l": "Liquefied petroleum gas (LPG)", "v": 0.037878945538850704}, {"l": "Coal", "v": 0.34022180174894995}]}, {"source": 21, "prod": 0, "target": 4, "value": 0.39003446871308878, "supply": [{"l": "Motor Gasoline", "v": 0.010499064071200442}, {"l": "Gas-Diesel oil", "v": 0.28850973683006864}, {"l": "Natural gas (including LNG)", "v": 0.0040494171769905963}, {"l": "Fuel oil", "v": 0.067683699414401846}, {"l": "Liquefied petroleum gas (LPG)", "v": 0.0019327692479480846}, {"l": "Coal", "v": 0.017359781972479157}]}, {"source": 21, "prod": 0, "target": 1, "value": 2.9537087431037072, "supply": [{"l": "Gas-diesel oils used in fisheries", "v": 2.8965277800949996}, {"l": "Fuel oil used in fisheries", "v": 0.057180963008707723}]}, {"source": 23, "prod": 54.363068251146743, "target": 6, "value": 0.62128345591651457, "supply": [{"l": "Potash", "v": 0.45429290869676758}, {"l": "Phosphate", "v": 0.59156962547325564}, {"l": "Nitrogen", "v": 6.8565404221518973}]}, {"source": 23, "prod": 183.39533434513095, "target": 13, "value": 2.0959171508591981, "supply": [{"l": "Potash", "v": 0.45429290869676758}, {"l": "Phosphate", "v": 0.59156962547325564}, {"l": "Nitrogen", "v": 6.8565404221518973}]}, {"source": 23, "prod": 32.469321970067867, "target": 7, "value": 0.37107273768353299, "supply": [{"l": "Potash", "v": 0.45429290869676758}, {"l": "Phosphate", "v": 0.59156962547325564}, {"l": "Nitrogen", "v": 6.8565404221518973}]}, {"source": 23, "prod": 398.69664280280494, "target": 3, "value": 4.5564688688742976, "supply": [{"l": "Potash", "v": 0.45429290869676758}, {"l": "Phosphate", "v": 0.59156962547325564}, {"l": "Nitrogen", "v": 6.8565404221518973}]}, {"source": 23, "prod": 20.343454642343353, "target": 4, "value": 0.232493349107633, "supply": [{"l": "Potash", "v": 0.45429290869676758}, {"l": "Phosphate", "v": 0.59156962547325564}, {"l": "Nitrogen", "v": 6.8565404221518973}]}, {"source": 21, "prod": 0, "target": 23, "value": 9.7576995558360995, "supply": [{"l": "Natural gas (including LNG)", "v": 6.5002716177933717}, {"l": "Fuel oil", "v": 2.0453891527404688}, {"l": "Liquefied petroleum gas (LPG)", "v": 0.60601939265112892}, {"l": "Coal", "v": 0.60601939265112892}]}, {"source": 24, "prod": 0, "target": 3, "value": 0.085419221256628847, "supply": "[{\"l\":'Labor',\"v\":0.085419221256628847}]"}, {"source": 24, "prod": 0, "target": 4, "value": 0.004358506861262928, "supply": "[{\"l\":'Labor',\"v\":0.004358506861262928}]"}, {"source": 24, "prod": 0, "target": 13, "value": 0.039291744549773647, "supply": "[{\"l\":'Labor',\"v\":0.039291744549773647}]"}, {"source": 24, "prod": 0, "target": 6, "value": 0.011647078145653373, "supply": "[{\"l\":'Labor',\"v\":0.011647078145653373}]"}, {"source": 24, "prod": 0, "target": 7, "value": 0.006956427267399189, "supply": "[{\"l\":'Labor',\"v\":0.006956427267399189}]"}, {"source": 24, "prod": 0, "target": 10, "value": 0.000471808158514456, "supply": "[{\"l\":'Labor',\"v\":0.000471808158514456}]"}, {"source": 21, "prod": 0, "target": 16, "value": 7.8049868752684004, "supply": "[{\"l\":'Fossil Fuels',\"v\":7.8049868752684004}]"}, {"source": 22, "prod": 0, "target": 16, "value": 0.16361082064956417, "supply": "[{\"l\":'Renewables & Nuclear',\"v\":0.0007757409599763801},{\"l\":'Biomass & Waste',\"v\":0.1628350796895878}]"}]}