{"nodes": [{"layer": 13, "name": "Animal Products", "fill": "#17becf"}, {"layer": 10, "name": "Feed", "fill": "#dbdb8d"}, {"layer": 5, "name": "Cereals", "fill": "#e7ba52"}, {"layer": 5, "name": "Oilcrops", "fill": "#ff9896"}, {"layer": 5, "name": "Fruits, Roots & Vegetables", "fill": "#98df8a"}, {"layer": 5, "name": "Sugar Crops", "fill": "#ffbb78"}, {"layer": 13, "name": "Aquatic Products", "fill": "#1f77b4"}, {"layer": 13, "name": "Other Processed", "fill": "#9c9ede"}, {"layer": 16, "name": "Food", "fill": "#b5cf6b"}, {"layer": 13, "name": "Sugar", "fill": "#d6616b"}, {"layer": 13, "name": "Vegetable Oils", "fill": "#f7b6d2"}, {"layer": 10, "name": "Processing", "fill": "#9edae5"}, {"layer": 16, "name": "Biofuels & Other", "fill": "#e7ba52"}, {"name": "Waste", "fill": "#c7c7c7"}, {"layer": 2, "name": "Import", "fill": "#aec7e8"}, {"layer": 16, "name": "Export", "fill": "#aec7e8"}, {"layer": 0, "name": "Stock Draw", "fill": "#c7c7c7"}, {"layer": 16, "name": "Stock Deposit", "fill": "#c7c7c7"}, {"name": "Crop Residue", "fill": "#bd9e39"}, {"layer": 2, "name": "Electricity", "fill": "#bcbd22"}, {"layer": 0, "name": "Fossil Fuels", "fill": "#c49c94"}, {"layer": 0, "name": "Renewables & Nuclear", "fill": "#2ca02c"}, {"layer": 2, "name": "Fertilizers", "fill": "#c5b0d5"}, {"layer": 0, "name": "Labor", "fill": "#7f7f7f"}], "links": [{"source": 0, "prod": 11.0, "target": 1, "value": 0.0074262219135115678, "supply": [{"l": "Milk - Excluding Butter", "v": 0.0074262219135115678}]}, {"source": 2, "prod": 4754.0, "target": 1, "value": 16.910882617266651, "supply": [{"l": "Maize", "v": 14.726547451358361}, {"l": "Wheat", "v": 0.99553556328874238}, {"l": "Oats", "v": 0.21842817210189794}, {"l": "Rye", "v": 0.002927597695551724}, {"l": "Millet", "v": 0.0032601219716701184}, {"l": "Barley", "v": 0.46858453115532694}, {"l": "Sorghum", "v": 0.022820853801690827}, {"l": "Cereals, Other", "v": 0.47277832589341173}]}, {"source": 3, "prod": 166.0, "target": 1, "value": 0.98247645164710096, "supply": [{"l": "Sunflower seed", "v": 0.37878610183984618}, {"l": "Soyabeans", "v": 0.59777181696600723}, {"l": "Rape and Mustardseed", "v": 0.0059185328412475965}]}, {"source": 4, "prod": 400.0, "target": 1, "value": 0.59091980140788913, "supply": [{"l": "Vegetables, Other", "v": 0.00086248586943916408}, {"l": "Potatoes", "v": 0.2716810661472}, {"l": "Pulses, Other", "v": 0.31837624939125003}]}, {"source": 5, "prod": 1.0, "target": 1, "value": 0.0011622222200000001, "supply": [{"l": "Sugar beet", "v": 0.0011622222200000001}]}, {"source": 6, "prod": 18.0, "target": 1, "value": 0.017236960631248785, "supply": [{"l": "Pelagic Fish", "v": 0.010188039980520001}, {"l": "Fish, Seafood", "v": 0.0070489206507287827}]}, {"source": 7, "prod": 765.0, "target": 8, "value": 0.83512318026967625, "supply": [{"l": "Beer", "v": 0.24874682953897256}, {"l": "Beverages, Alcoholic", "v": 0.23305502221727767}, {"l": "Butter, Ghee", "v": 0.014150055528500001}, {"l": "Fats, Animals, Raw", "v": 0.14879900497864734}, {"l": "Wine", "v": 0.18349764127475987}, {"l": "Beverages, Fermented", "v": 0.0015683559083312809}, {"l": "Cream", "v": 0.0053062708231875}]}, {"source": 0, "prod": 2012.0, "target": 8, "value": 2.4182382530989619, "supply": [{"l": "Eggs", "v": 0.10624739970106466}, {"l": "Mutton & Goat Meat", "v": 0.073648481786891568}, {"l": "Pigmeat", "v": 0.82847389936275162}, {"l": "Poultry Meat", "v": 0.15544479182399454}, {"l": "Milk - Excluding Butter", "v": 0.94110484976682951}, {"l": "Bovine Meat", "v": 0.19942305200542534}, {"l": "Offals, Edible", "v": 0.11389577865200491}]}, {"source": 2, "prod": 1290.0, "target": 8, "value": 4.2337319805904139, "supply": [{"l": "Maize", "v": 0.89229819532860988}, {"l": "Rye", "v": 0.023420781564413792}, {"l": "Barley", "v": 0.028572227509471151}, {"l": "Rice", "v": 0.058183445110195811}, {"l": "Cereals, Other", "v": 0.04994137245352942}, {"l": "Wheat", "v": 3.1780558366525238}, {"l": "Oats", "v": 0.0032601219716701184}]}, {"source": 3, "prod": 14.0, "target": 8, "value": 0.073325665496244849, "supply": [{"l": "Olives", "v": 0.0059185328412475965}, {"l": "Coconuts - Incl Copra", "v": 0.0045482321341607148}, {"l": "Sesame seed", "v": 0.010612541646375}, {"l": "Oilcrops, Other", "v": 0.0065307948593076922}, {"l": "Groundnuts", "v": 0.045715564015153844}]}, {"source": 4, "prod": 2583.0, "target": 8, "value": 1.7471366555549583, "supply": [{"l": "Vegetables, Other", "v": 0.23632112822633095}, {"l": "Nuts", "v": 0.096238814148234528}, {"l": "Citrus, Other", "v": 0.00097748060450449895}, {"l": "Grapefruit", "v": 0.0019549612090089979}, {"l": "Tomatoes", "v": 0.040670818285508989}, {"l": "Coffee", "v": 0.024230404820926994}, {"l": "Treenuts", "v": 0.097832171998370854}, {"l": "Cocoa Beans", "v": 0.070405154336926831}, {"l": "Peas", "v": 0.17266892084102026}, {"l": "Grapes", "v": 0.012038106942156717}, {"l": "Pimento", "v": 0.0028300111056999999}, {"l": "Potatoes", "v": 0.2932920600452727}, {"l": "Beans", "v": 0.18088239404010953}, {"l": "Apples", "v": 0.012167245199665605}, {"l": "Lemons, Limes", "v": 0.0040915823214939763}, {"l": "Pineapples", "v": 0.0013358444030402098}, {"l": "Bananas", "v": 0.036926910710063196}, {"l": "Fruits, Other", "v": 0.37860161610935728}, {"l": "Infant food", "v": 0.0032653974296538461}, {"l": "Oranges, Mandarines", "v": 0.032504215291788631}, {"l": "Onions", "v": 0.040826389721573771}, {"l": "Pulses, Other", "v": 0.0070750277642500003}]}, {"source": 9, "prod": 277.0, "target": 8, "value": 1.0617365528941536, "supply": [{"l": "Sugar", "v": 1.0342404222649093}, {"l": "Sweeteners, Other", "v": 0.015918812469562501}, {"l": "Honey", "v": 0.011577318159681819}]}, {"source": 6, "prod": 104.0, "target": 8, "value": 0.086257930198377117, "supply": [{"l": "Freshwater Fish", "v": 0.011886046643940003}, {"l": "Marine Fish, Other", "v": 0.012371191404917143}, {"l": "Pelagic Fish", "v": 0.015848062191920004}, {"l": "Fish, Seafood", "v": 0.040727097093099636}, {"l": "Cephalopods", "v": 0.00078321340563653136}, {"l": "Molluscs, Other", "v": 0.00078321340563653136}, {"l": "Demersal Fish", "v": 0.0038591060532272726}]}, {"source": 10, "prod": 68.0, "target": 8, "value": 0.70164791696019557, "supply": [{"l": "Soyabean Oil", "v": 0.02122508329275}, {"l": "Sunflowerseed Oil", "v": 0.66283633608202419}, {"l": "Olive Oil", "v": 0.0084900333171}, {"l": "Coconut Oil", "v": 0.0090964642683214296}]}, {"source": 4, "prod": 442.0, "target": 11, "value": 0.27072531974714953, "supply": [{"l": "Grapes", "v": 0.18944178819499258}, {"l": "Fruits, Other", "v": 0.080066807032190365}, {"l": "Apples", "v": 0.0012167245199665607}]}, {"source": 5, "prod": 2400.0, "target": 11, "value": 2.7893333280000001, "supply": [{"l": "Sugar beet", "v": 2.7893333280000001}]}, {"source": 0, "prod": 13.0, "target": 11, "value": 0.040796063226196104, "supply": [{"l": "Pigmeat", "v": 0.040796063226196104}]}, {"source": 2, "prod": 242.0, "target": 11, "value": 0.79462866756584016, "supply": [{"l": "Maize", "v": 0.48604861046355169}, {"l": "Barley", "v": 0.30858005710228847}]}, {"source": 3, "prod": 726.58261617900177, "target": 11, "value": 4.2926339934003668, "supply": [{"l": "Sunflower seed", "v": 2.1661830198966201}, {"l": "Rape and Mustardseed", "v": 0.26633397785614188}, {"l": "Soyabeans", "v": 1.8406637136280026}, {"l": "Oil Palm", "v": 0.019453282019603113}]}, {"source": 7, "prod": 29.0, "target": 12, "value": 0.17238982934154343, "supply": [{"l": "Alcohol, Non-Food", "v": 0.0070576015874907645}, {"l": "Fats, Animals, Raw", "v": 0.16533222775405265}]}, {"source": 2, "prod": 4.0, "target": 12, "value": 0.012198896689136509, "supply": [{"l": "Maize", "v": 0.0036272284362951625}, {"l": "Barley", "v": 0.0085716682528413461}]}, {"source": 3, "prod": 12.0, "target": 12, "value": 0.071022394094971159, "supply": [{"l": "Soyabeans", "v": 0.053266795571228362}, {"l": "Rape and Mustardseed", "v": 0.01775559852374279}]}, {"source": 4, "prod": 1.0, "target": 12, "value": 0.00077182121064545454, "supply": [{"l": "Potatoes", "v": 0.00077182121064545454}]}, {"source": 9, "prod": 15.0, "target": 12, "value": 0.039797031173906254, "supply": [{"l": "Sweeteners, Other", "v": 0.039797031173906254}]}, {"source": 10, "prod": 29.0, "target": 12, "value": 0.290931595649979, "supply": [{"l": "Soyabean Oil", "v": 0.10612541646375}, {"l": "Rape and Mustard Oil", "v": 0.058359846058809166}, {"l": "Palm Oil", "v": 0.11671969211761833}, {"l": "Palmkernel Oil", "v": 0.0097266410098015271}]}, {"source": 4, "prod": 152.0, "target": 4, "value": 0.12047722876485732, "supply": [{"l": "Potatoes", "v": 0.11654500280746363}, {"l": "Beans", "v": 0.0039322259573936853}]}, {"source": 0, "prod": 4.0, "target": 0, "value": 0.0063431283403620684, "supply": [{"l": "Eggs", "v": 0.0063431283403620684}]}, {"source": 2, "prod": 147.0, "target": 2, "value": 0.48064400849199507, "supply": [{"l": "Maize", "v": 0.13783468057921616}, {"l": "Wheat", "v": 0.28398290106633994}, {"l": "Barley", "v": 0.042858341264206734}, {"l": "Oats", "v": 0.013040487886680474}, {"l": "Rye", "v": 0.002927597695551724}]}, {"source": 3, "prod": 9.0, "target": 3, "value": 0.053266795571228369, "supply": [{"l": "Sunflower seed", "v": 0.011837065682495193}, {"l": "Soyabeans", "v": 0.041429729888733176}]}, {"source": 4, "prod": 235.0, "target": 13, "value": 0.12588904930932696, "supply": [{"l": "Vegetables, Other", "v": 0.027887043111866305}, {"l": "Potatoes", "v": 0.020839172687427271}, {"l": "Apples", "v": 0.0036501735598996822}, {"l": "Fruits, Other", "v": 0.018872890229016299}, {"l": "Beans", "v": 0.019661129786968424}, {"l": "Grapes", "v": 0.0171067835493806}, {"l": "Onions", "v": 0.0064951074557049173}, {"l": "Tomatoes", "v": 0.0043017211648134499}, {"l": "Pulses, Other", "v": 0.0070750277642500003}]}, {"source": 0, "prod": 29.0, "target": 13, "value": 0.019578221408348678, "supply": [{"l": "Milk - Excluding Butter", "v": 0.019578221408348678}]}, {"source": 2, "prod": 436.0, "target": 13, "value": 1.5303982572954511, "supply": [{"l": "Maize", "v": 1.1752220133596325}, {"l": "Wheat", "v": 0.33184518776291411}, {"l": "Oats", "v": 0.0032601219716701184}, {"l": "Rye", "v": 0.002927597695551724}, {"l": "Barley", "v": 0.017143336505682692}]}, {"source": 3, "prod": 41.0, "target": 13, "value": 0.24265984649115147, "supply": [{"l": "Sunflower seed", "v": 0.082859459777466352}, {"l": "Soyabeans", "v": 0.15388185387243752}, {"l": "Rape and Mustardseed", "v": 0.0059185328412475965}]}, {"source": 14, "prod": 193.0, "target": 1, "value": 0.1932159109628333, "supply": [{"l": "Freshwater Fish", "v": 0.0016980066634200003}, {"l": "Eggs", "v": 0.0015857820850905171}, {"l": "Marine Fish, Other", "v": 0.012371191404917143}, {"l": "Pigmeat", "v": 0.047072380645610895}, {"l": "Milk - Excluding Butter", "v": 0.043882220398022892}, {"l": "Pelagic Fish", "v": 0.027168106614720005}, {"l": "Fish, Seafood", "v": 0.040727097093099636}, {"l": "Cephalopods", "v": 0.00078321340563653136}, {"l": "Molluscs, Other", "v": 0.0023496402169095941}, {"l": "Poultry Meat", "v": 0.0087987618013581816}, {"l": "Offals, Edible", "v": 0.0029204045808206387}, {"l": "Demersal Fish", "v": 0.0038591060532272726}]}, {"source": 14, "prod": 140.0, "target": 11, "value": 0.6141793117472758, "supply": [{"l": "Alcohol, Non-Food", "v": 0.0015683559083312809}, {"l": "Sugar", "v": 0.007718212106454546}, {"l": "Beer", "v": 0.0039663503571134573}, {"l": "Beverages, Alcoholic", "v": 0.020563678430936264}, {"l": "Butter, Ghee", "v": 0.014150055528500001}, {"l": "Fats, Animals, Raw", "v": 0.057866279713918424}, {"l": "Soyabean Oil", "v": 0.13796304140287499}, {"l": "Palm Oil", "v": 0.15562625615682443}, {"l": "Sunflowerseed Oil", "v": 0.020713635502563256}, {"l": "Olive Oil", "v": 0.0084900333171}, {"l": "Coconut Oil", "v": 0.0090964642683214296}, {"l": "Oilcrops Oil, Other", "v": 0.019592384577923082}, {"l": "Wine", "v": 0.019604448854141011}, {"l": "Sweeteners, Other", "v": 0.11939109352171876}, {"l": "Beverages, Fermented", "v": 0.0054892456791594832}, {"l": "Palmkernel Oil", "v": 0.0097266410098015271}, {"l": "Cream", "v": 0.00265313541159375}]}, {"source": 14, "prod": 81.0, "target": 2, "value": 0.26150950329827866, "supply": [{"l": "Maize", "v": 0.01450891374518065}, {"l": "Barley", "v": 0.1057172417850433}, {"l": "Rice", "v": 0.058183445110195811}, {"l": "Wheat", "v": 0.076579658714518647}, {"l": "Oats", "v": 0.0065202439433402369}]}, {"source": 14, "prod": 498.0, "target": 4, "value": 0.46435225264542596, "supply": [{"l": "Vegetables, Other", "v": 0.014087269200839678}, {"l": "Nuts", "v": 0.019911478789289904}, {"l": "Citrus, Other", "v": 0.00097748060450449895}, {"l": "Grapefruit", "v": 0.0024437015112612477}, {"l": "Tomatoes", "v": 0.008016843988970521}, {"l": "Coffee", "v": 0.024793902607460182}, {"l": "Treenuts", "v": 0.020241139034145695}, {"l": "Cocoa Beans", "v": 0.14961095296596949}, {"l": "Peas", "v": 0.0080311125972567562}, {"l": "Grapes", "v": 0.013938860669865674}, {"l": "Potatoes", "v": 0.022382815108718184}, {"l": "Beans", "v": 0.05111893744611791}, {"l": "Apples", "v": 0.018250867799498405}, {"l": "Lemons, Limes", "v": 0.0040915823214939763}, {"l": "Pineapples", "v": 0.0013358444030402098}, {"l": "Bananas", "v": 0.036926910710063196}, {"l": "Fruits, Other", "v": 0.018300984464500653}, {"l": "Infant food", "v": 0.0032653974296538461}, {"l": "Oranges, Mandarines", "v": 0.033519972019657035}, {"l": "Onions", "v": 0.0060311712088688529}, {"l": "Pulses, Other", "v": 0.0070750277642500003}]}, {"source": 14, "prod": 51.0, "target": 3, "value": 0.28852118717727199, "supply": [{"l": "Olives", "v": 0.0059185328412475965}, {"l": "Sunflower seed", "v": 0.17755598523742791}, {"l": "Coconuts - Incl Copra", "v": 0.0060643095122142861}, {"l": "Sesame seed", "v": 0.010612541646375}, {"l": "Groundnuts", "v": 0.052246358874461538}, {"l": "Oilcrops, Other", "v": 0.0065307948593076922}, {"l": "Soyabeans", "v": 0.029592664206237983}]}, {"source": 14, "prod": 11.0, "target": 5, "value": 0.012784444420000001, "supply": [{"l": "Sugar beet", "v": 0.012784444420000001}]}, {"source": 7, "prod": 146.0, "target": 15, "value": 0.13097777384459286, "supply": [{"l": "Alcohol, Non-Food", "v": 0.0015683559083312809}, {"l": "Beer", "v": 0.065161470152578227}, {"l": "Beverages, Alcoholic", "v": 0.0068545594769787548}, {"l": "Butter, Ghee", "v": 0.0070750277642500003}, {"l": "Fats, Animals, Raw", "v": 0.033066445550810529}, {"l": "Wine", "v": 0.011762669312484606}, {"l": "Beverages, Fermented", "v": 0.0054892456791594832}]}, {"source": 0, "prod": 121.0, "target": 15, "value": 0.11396161007630713, "supply": [{"l": "Pigmeat", "v": 0.031381587097073928}, {"l": "Milk - Excluding Butter", "v": 0.070211552636836622}, {"l": "Bovine Meat", "v": 0.0050486848608968446}, {"l": "Poultry Meat", "v": 0.0043993809006790908}, {"l": "Offals, Edible", "v": 0.0029204045808206387}]}, {"source": 2, "prod": 2233.0, "target": 15, "value": 7.8559086931623705, "supply": [{"l": "Maize", "v": 6.0973710014121671}, {"l": "Barley", "v": 0.025715004758524042}, {"l": "Cereals, Other", "v": 0.0033294248302352942}, {"l": "Wheat", "v": 1.7262331401897746}, {"l": "Oats", "v": 0.0032601219716701184}]}, {"source": 3, "prod": 106.0, "target": 15, "value": 0.61917183226391725, "supply": [{"l": "Sunflower seed", "v": 0.094696525459961545}, {"l": "Coconuts - Incl Copra", "v": 0.0030321547561071431}, {"l": "Soyabeans", "v": 0.42021583172857929}, {"l": "Groundnuts", "v": 0.0065307948593076922}, {"l": "Rape and Mustardseed", "v": 0.094696525459961545}]}, {"source": 4, "prod": 691.0, "target": 15, "value": 0.40606117236625772, "supply": [{"l": "Vegetables, Other", "v": 0.023287118474857427}, {"l": "Nuts", "v": 0.0033185797982149836}, {"l": "Tomatoes", "v": 0.0015642622417503455}, {"l": "Coffee", "v": 0.00056349778653318585}, {"l": "Treenuts", "v": 0.0033735231723576158}, {"l": "Cocoa Beans", "v": 0.079205798629042687}, {"l": "Grapes", "v": 0.0006335845759029851}, {"l": "Pimento", "v": 0.0056600222113999997}, {"l": "Potatoes", "v": 0.0077182121064545452}, {"l": "Apples", "v": 0.10909963195700162}, {"l": "Bananas", "v": 0.00071013289827044624}, {"l": "Spices, Other", "v": 0.0028300111056999999}, {"l": "Fruits, Other", "v": 0.14240453536439573}, {"l": "Oranges, Mandarines", "v": 0.0020315134557367894}, {"l": "Onions", "v": 0.023660748588639344}]}, {"source": 5, "prod": 433.0, "target": 15, "value": 0.50324222126000007, "supply": [{"l": "Sugar beet", "v": 0.50324222126000007}]}, {"source": 9, "prod": 343.0, "target": 15, "value": 1.1644852515613295, "supply": [{"l": "Sugar", "v": 0.81041227117772729}, {"l": "Honey", "v": 0.003859106053227273}, {"l": "Sweeteners, Other", "v": 0.35021387433037504}]}, {"source": 6, "prod": 6.0, "target": 15, "value": 0.0046992804338191882, "supply": [{"l": "Fish, Seafood", "v": 0.0023496402169095941}, {"l": "Molluscs, Other", "v": 0.0023496402169095941}]}, {"source": 10, "prod": 176.0, "target": 15, "value": 1.8310104878573144, "supply": [{"l": "Soyabean Oil", "v": 0.78532808183175007}, {"l": "Palm Oil", "v": 0.048633205049007644}, {"l": "Sunflowerseed Oil", "v": 0.88032950885893835}, {"l": "Rape and Mustard Oil", "v": 0.11671969211761833}]}, {"source": 16, "prod": 17.0, "target": 11, "value": 0.18041320798837501, "supply": [{"l": "Soyabean Oil", "v": 0.18041320798837501}]}, {"source": 16, "prod": 5.0, "target": 4, "value": 0.0021595682568996853, "supply": [{"l": "Oranges, Mandarines", "v": 0.0010157567278683947}, {"l": "Fruits, Other", "v": 0.0011438115290312908}]}, {"source": 16, "prod": 100.0, "target": 3, "value": 0.59185328412475968, "supply": [{"l": "Rape and Mustardseed", "v": 0.11837065682495193}, {"l": "Soyabeans", "v": 0.47348262729980772}]}, {"source": 2, "prod": 59.0, "target": 17, "value": 0.18825832767319167, "supply": [{"l": "Wheat", "v": 0.18825832767319167}]}, {"source": 1, "prod": 128.0, "target": 6, "value": 0.10819417126344509, "supply": [{"l": "Pelagic Fish", "v": 0.026036102172440005}, {"l": "Freshwater Fish", "v": 0.011886046643940003}, {"l": "Molluscs, Other", "v": 0.0031328536225461254}, {"l": "Marine Fish, Other", "v": 0.012371191404917143}, {"l": "Fish, Seafood", "v": 0.050125657960738014}, {"l": "Demersal Fish", "v": 0.0038591060532272726}, {"l": "Cephalopods", "v": 0.00078321340563653136}]}, {"source": 1, "prod": 2186.0, "target": 0, "value": 2.6000003697233254, "supply": [{"l": "Poultry Meat", "v": 0.15984417272467363}, {"l": "Pigmeat", "v": 0.90065154968602168}, {"l": "Bovine Meat", "v": 0.2044717368663222}, {"l": "Eggs", "v": 0.11259052804142672}, {"l": "Milk - Excluding Butter", "v": 1.0383208457255264}, {"l": "Offals, Edible", "v": 0.11681618323282555}, {"l": "Mutton & Goat Meat", "v": 0.073648481786891568}]}, {"source": 11, "prod": 940.0, "target": 7, "value": 1.1384907834558127, "supply": [{"l": "Fats, Animals, Raw", "v": 0.3471976782835105}, {"l": "Alcohol, Non-Food", "v": 0.0086259574958220449}, {"l": "Beverages, Fermented", "v": 0.0070576015874907645}, {"l": "Beer", "v": 0.31390829969155076}, {"l": "Beverages, Alcoholic", "v": 0.23990958169425641}, {"l": "Cream", "v": 0.0053062708231875}, {"l": "Butter, Ghee", "v": 0.02122508329275}, {"l": "Wine", "v": 0.19526031058724447}]}, {"source": 11, "prod": 273.0, "target": 10, "value": 2.823590000467489, "supply": [{"l": "Olive Oil", "v": 0.0084900333171}, {"l": "Soyabean Oil", "v": 0.9126785815882501}, {"l": "Coconut Oil", "v": 0.0090964642683214296}, {"l": "Rape and Mustard Oil", "v": 0.17507953817642749}, {"l": "Palm Oil", "v": 0.16535289716662599}, {"l": "Palmkernel Oil", "v": 0.0097266410098015271}, {"l": "Sunflowerseed Oil", "v": 1.5431658449409626}]}, {"source": 11, "prod": 635.0, "target": 9, "value": 2.2660188356293895, "supply": [{"l": "Honey", "v": 0.015436424212909092}, {"l": "Sweeteners, Other", "v": 0.40592971797384381}, {"l": "Sugar", "v": 1.8446526934426366}]}, {"source": 4, "prod": 4255.0, "target": 18, "value": 14.889247020249664, "supply": [{"l": "Tomatoes", "v": 0.76183666521000004}, {"l": "Vegetables, Other", "v": 3.4117033268100001}, {"l": "Peas", "v": 0.14643999972000002}, {"l": "Potatoes", "v": 1.5803316636449996}, {"l": "Beans", "v": 0.16038666636000004}, {"l": "Pulses, Other", "v": 0.16212999969}, {"l": "Onions", "v": 0.51079666569000004}]}, {"source": 5, "prod": 1131.2, "target": 18, "value": 1.3147057752640003, "supply": [{"l": "Sugar beet", "v": 1.3147057752640003}]}, {"source": 2, "prod": 18247.0, "target": 18, "value": 68.174122434765394, "supply": [{"l": "Maize", "v": 45.201146580240007}, {"l": "Rye", "v": 0.080193333180000007}, {"l": "Barley", "v": 2.0710799960399999}, {"l": "Rice", "v": 0.048813333240000006}, {"l": "Cereals, Other", "v": 1.0982999978999999}, {"l": "Wheat", "v": 14.563806638820003}, {"l": "Oats", "v": 0.50556666569999997}, {"l": "Sorghum", "v": 0.048813333239999999}, {"l": "Millet", "v": 0.0034866666600000002}]}, {"source": 3, "prod": 995.5, "target": 18, "value": 3.4659355927161579, "supply": [{"l": "Olives", "v": 0.0017433333300000003}, {"l": "Sunflower seed", "v": 1.5585399970200002}, {"l": "Coconuts - Incl Copra", "v": 0.0087166666499999997}, {"l": "Sesame seed", "v": 0.0034866666599999998}, {"l": "Oilcrops, Other", "v": 0.0034866666600000002}, {"l": "Soyabeans", "v": 1.6840599967800001}, {"l": "Groundnuts", "v": 0.013946666640000001}, {"l": "Rape and Mustardseed", "v": 0.19699666629000004}]}, {"source": 19, "prod": 0, "target": 4, "value": 0.0088552613516065803, "supply": "[{\"l\":'Energy for power irrigation',\"v\":0.0088552613516065803}]"}, {"source": 19, "prod": 0, "target": 5, "value": 0.0058854709993756546, "supply": "[{\"l\":'Energy for power irrigation',\"v\":0.0058854709993756546}]"}, {"source": 19, "prod": 0, "target": 2, "value": 0.018987303628997095, "supply": "[{\"l\":'Energy for power irrigation',\"v\":0.018987303628997095}]"}, {"source": 19, "prod": 0, "target": 3, "value": 0.0020813144393568772, "supply": "[{\"l\":'Energy for power irrigation',\"v\":0.0020813144393568772}]"}, {"source": 19, "prod": 0, "target": 11, "value": 0.32100000025679992, "supply": "[{\"l\":'Electricity',\"v\":0.32100000025679992}]"}, {"source": 20, "prod": 0, "target": 19, "value": 0.70289718753213515, "supply": [{"l": "Coal", "v": 0.69259611737880644}, {"l": "Natural gas", "v": 0.0085477824861209077}, {"l": "Oil", "v": 0.0017532876672078099}]}, {"source": 21, "prod": 0, "target": 19, "value": 0.081329335217496135, "supply": [{"l": "Nuclear", "v": 0.0}, {"l": "Hydroelectric", "v": 0.081329335217496135}, {"l": "Renewable", "v": 0.0}]}, {"source": 20, "prod": 0, "target": 4, "value": 0.77270937309776333, "supply": [{"l": "Motor Gasoline", "v": 0.0091290885759402023}, {"l": "Gas-Diesel oil", "v": 0.15950145728617868}, {"l": "Natural gas (including LNG)", "v": 0.044374651768678483}, {"l": "Fuel oil", "v": 0.005550266041655141}, {"l": "Liquefied petroleum gas (LPG)", "v": 0.025992830076266155}, {"l": "Other fossil fuels", "v": 0.52816107934904466}]}, {"source": 20, "prod": 0, "target": 5, "value": 0.51356571260175665, "supply": [{"l": "Motor Gasoline", "v": 0.006067464745654263}, {"l": "Gas-Diesel oil", "v": 0.1060094291904379}, {"l": "Natural gas (including LNG)", "v": 0.029492718026280316}, {"l": "Fuel oil", "v": 0.0036888724713985284}, {"l": "Liquefied petroleum gas (LPG)", "v": 0.017275610682886178}, {"l": "Other fossil fuels", "v": 0.35103161748509948}]}, {"source": 20, "prod": 0, "target": 2, "value": 1.6568305441733124, "supply": [{"l": "Motor Gasoline", "v": 0.019574439394263322}, {"l": "Gas-Diesel oil", "v": 0.34200036323159844}, {"l": "Natural gas (including LNG)", "v": 0.095147387875802153}, {"l": "Fuel oil", "v": 0.011900787833382064}, {"l": "Liquefied petroleum gas (LPG)", "v": 0.05573339252663085}, {"l": "Other fossil fuels", "v": 1.1324741733116357}]}, {"source": 20, "prod": 0, "target": 3, "value": 0.18161532582694417, "supply": [{"l": "Motor Gasoline", "v": 0.0021456739803422126}, {"l": "Gas-Diesel oil", "v": 0.037488750807784924}, {"l": "Natural gas (including LNG)", "v": 0.010429686917239046}, {"l": "Fuel oil", "v": 0.0013045181159642644}, {"l": "Liquefied petroleum gas (LPG)", "v": 0.0061092779094168029}, {"l": "Other fossil fuels", "v": 0.12413741809619692}]}, {"source": 22, "prod": 103.32034545479007, "target": 4, "value": 1.2516941870084626, "supply": [{"l": "Potash", "v": 0.20383685849640282}, {"l": "Phosphate", "v": 0.40158020865459748}, {"l": "Nitrogen", "v": 4.4562467257872189}]}, {"source": 22, "prod": 68.669785416250605, "target": 5, "value": 0.83191331630080667, "supply": [{"l": "Potash", "v": 0.20383685849640282}, {"l": "Phosphate", "v": 0.40158020865459748}, {"l": "Nitrogen", "v": 4.4562467257872189}]}, {"source": 22, "prod": 221.53776069489479, "target": 2, "value": 2.6838617896995793, "supply": [{"l": "Potash", "v": 0.20383685849640282}, {"l": "Phosphate", "v": 0.40158020865459748}, {"l": "Nitrogen", "v": 4.4562467257872189}]}, {"source": 22, "prod": 24.284108434064553, "target": 3, "value": 0.29419449992937058, "supply": [{"l": "Potash", "v": 0.20383685849640282}, {"l": "Phosphate", "v": 0.40158020865459748}, {"l": "Nitrogen", "v": 4.4562467257872189}]}, {"source": 20, "prod": 0, "target": 22, "value": 6.1579412783619487, "supply": [{"l": "Natural gas (including LNG)", "v": 4.1376031165715563}, {"l": "Fuel oil", "v": 1.2326021410005989}, {"l": "Liquefied petroleum gas (LPG)", "v": 0.39386801039489666}, {"l": "Coal", "v": 0.39386801039489666}]}, {"source": 23, "prod": 0, "target": 2, "value": 0.22585122483450984, "supply": "[{\"l\":'Labor',\"v\":0.22585122483450984}]"}, {"source": 23, "prod": 0, "target": 3, "value": 0.02475693361097479, "supply": "[{\"l\":'Labor',\"v\":0.02475693361097479}]"}, {"source": 23, "prod": 0, "target": 4, "value": 0.10533205038316866, "supply": "[{\"l\":'Labor',\"v\":0.10533205038316866}]"}, {"source": 23, "prod": 0, "target": 5, "value": 0.070006824555487887, "supply": "[{\"l\":'Labor',\"v\":0.070006824555487887}]"}, {"source": 20, "prod": 0, "target": 14, "value": 4.9086863104079361, "supply": "[{\"l\":'Fossil Fuels',\"v\":4.9086863104079361}]"}, {"source": 21, "prod": 0, "target": 14, "value": 0.60937868036488008, "supply": "[{\"l\":'Renewables & Nuclear',\"v\":0.2559191036158579},{\"l\":'Biomass & Waste',\"v\":0.35345957674902218}]"}]}