{"nodes": [{"layer": 13, "name": "Milk - Excluding Butter"}, {"layer": 10, "name": "Feed", "fill": "#dbdb8d"}, {"layer": 13, "name": "Eggs"}, {"layer": 13, "name": "Animal Fats"}, {"layer": 5, "name": "Starchy Roots"}, {"layer": 5, "name": "Pulses"}, {"layer": 13, "name": "Fish, Seafood"}, {"layer": 13, "name": "Sugar & Sweeteners"}, {"layer": 5, "name": "Cereals - Excluding Beer"}, {"layer": 5, "name": "Vegetables"}, {"layer": 16, "name": "Food", "fill": "#b5cf6b"}, {"layer": 13, "name": "Meat"}, {"layer": 13, "name": "Alcoholic Beverages"}, {"layer": 13, "name": "Vegetable Oils", "fill": "#f7b6d2"}, {"layer": 5, "name": "Spices"}, {"layer": 5, "name": "Stimulants"}, {"layer": 5, "name": "Fruits - Excluding Wine"}, {"layer": 5, "name": "Oilcrops", "fill": "#ff9896"}, {"layer": 10, "name": "Processing", "fill": "#9edae5"}, {"layer": 5, "name": "Sugar Crops", "fill": "#ffbb78"}, {"layer": 16, "name": "Biofuels & Other", "fill": "#e7ba52"}, {"name": "Seed", "fill": "#dbdb8d"}, {"name": "Waste", "fill": "#c7c7c7"}, {"layer": 0, "name": "Import", "fill": "#aec7e8"}, {"layer": 16, "name": "Export", "fill": "#aec7e8"}, {"layer": 0, "name": "Stock Draw", "fill": "#c7c7c7"}, {"layer": 16, "name": "Stock Deposit", "fill": "#c7c7c7"}, {"layer": 0, "name": "Production", "fill": "#b5cf6b"}], "links": [{"source": 0, "prod": 2.5329064195211162, "target": 1, "value": 4247.0, "supply": [{"l": "Milk - Excluding Butter", "v": 4247.0}]}, {"source": 2, "prod": 0.0064935974923303495, "target": 1, "value": 4.0, "supply": [{"l": "Eggs", "v": 4.0}]}, {"source": 3, "prod": 0.21638315002874337, "target": 1, "value": 27.0, "supply": [{"l": "Fish, Body Oil", "v": 27.0}]}, {"source": 4, "prod": 13.141131042645375, "target": 1, "value": 16835.0, "supply": [{"l": "Potatoes", "v": 16835.0}]}, {"source": 5, "prod": 0.96112254245907802, "target": 1, "value": 235.0, "supply": [{"l": "Pulses, Other", "v": 235.0}]}, {"source": 6, "prod": 0.65759977042124573, "target": 1, "value": 604.0, "supply": [{"l": "Cephalopods", "v": 40.0}, {"l": "Pelagic Fish", "v": 126.0}, {"l": "Demersal Fish", "v": 136.0}, {"l": "Fish, Seafood", "v": 302.0}]}, {"source": 7, "prod": 0.18223527642464701, "target": 1, "value": 44.0, "supply": [{"l": "Sugar", "v": 44.0}]}, {"source": 8, "prod": 43.494700851067101, "target": 1, "value": 16258.0, "supply": [{"l": "Maize", "v": 122.0}, {"l": "Rye", "v": 4636.0}, {"l": "Wheat", "v": 3535.0}, {"l": "Oats", "v": 2193.0}, {"l": "Barley", "v": 3244.0}, {"l": "Cereals, Other", "v": 2528.0}]}, {"source": 9, "prod": 0.0044774367499019804, "target": 1, "value": 17.0, "supply": [{"l": "Vegetables, Other", "v": 17.0}]}, {"source": 0, "prod": 5.6186746829075673, "target": 10, "value": 9421.0, "supply": [{"l": "Milk - Excluding Butter", "v": 9421.0}]}, {"source": 6, "prod": 1.1000437606480649, "target": 10, "value": 1054.0, "supply": [{"l": "Marine Fish, Other", "v": 2.0}, {"l": "Freshwater Fish", "v": 32.0}, {"l": "Pelagic Fish", "v": 196.0}, {"l": "Fish, Seafood", "v": 527.0}, {"l": "Cephalopods", "v": 6.0}, {"l": "Demersal Fish", "v": 291.0}]}, {"source": 11, "prod": 4.9708189949859172, "target": 10, "value": 2445.0, "supply": [{"l": "Meat, Other", "v": 24.0}, {"l": "Mutton & Goat Meat", "v": 32.0}, {"l": "Pigmeat", "v": 1375.0}, {"l": "Poultry Meat", "v": 262.0}, {"l": "Offals, Edible", "v": 79.0}, {"l": "Bovine Meat", "v": 673.0}]}, {"source": 9, "prod": 1.1078979354450726, "target": 10, "value": 4025.0, "supply": [{"l": "Vegetables, Other", "v": 3425.0}, {"l": "Tomatoes", "v": 281.0}, {"l": "Onions", "v": 319.0}]}, {"source": 3, "prod": 5.4919911795117695, "target": 10, "value": 932.0, "supply": [{"l": "Fats, Animals, Raw", "v": 253.0}, {"l": "Butter, Ghee", "v": 316.0}, {"l": "Cream", "v": 363.0}]}, {"source": 4, "prod": 4.1784659620600353, "target": 10, "value": 5353.0, "supply": [{"l": "Potatoes", "v": 5353.0}]}, {"source": 5, "prod": 0.33326548692497016, "target": 10, "value": 83.0, "supply": [{"l": "Peas", "v": 50.0}, {"l": "Beans", "v": 33.0}]}, {"source": 7, "prod": 6.9355048425611363, "target": 10, "value": 1675.0, "supply": [{"l": "Sugar", "v": 1670.0}, {"l": "Honey", "v": 2.0}, {"l": "Sweeteners, Other", "v": 3.0}]}, {"source": 12, "prod": 1.9325760328777672, "target": 10, "value": 1767.0, "supply": [{"l": "Beer", "v": 1089.0}, {"l": "Beverages, Alcoholic", "v": 324.0}, {"l": "Wine", "v": 86.0}, {"l": "Beverages, Fermented", "v": 268.0}]}, {"source": 8, "prod": 17.981425841971042, "target": 10, "value": 6610.0, "supply": [{"l": "Rye", "v": 2120.0}, {"l": "Barley", "v": 230.0}, {"l": "Rice", "v": 65.0}, {"l": "Wheat", "v": 4133.0}, {"l": "Oats", "v": 62.0}]}, {"source": 13, "prod": 2.6725685763820364, "target": 10, "value": 260.0, "supply": [{"l": "Groundnut Oil", "v": 1.0}, {"l": "Soyabean Oil", "v": 56.0}, {"l": "Palm Oil", "v": 11.0}, {"l": "Sunflowerseed Oil", "v": 16.0}, {"l": "Rape and Mustard Oil", "v": 126.0}, {"l": "Oilcrops Oil, Other", "v": 49.0}, {"l": "Sesameseed Oil", "v": 1.0}]}, {"source": 14, "prod": 0.01142090870832143, "target": 10, "value": 4.0, "supply": [{"l": "Pepper", "v": 2.0}, {"l": "Spices, Other", "v": 2.0}]}, {"source": 15, "prod": 0.062538449169775204, "target": 10, "value": 92.0, "supply": [{"l": "Cocoa Beans", "v": 26.0}, {"l": "Coffee", "v": 37.0}, {"l": "Tea", "v": 29.0}]}, {"source": 2, "prod": 0.7435169128718252, "target": 10, "value": 458.0, "supply": [{"l": "Eggs", "v": 458.0}]}, {"source": 16, "prod": 0.63767043529678924, "target": 10, "value": 1066.0, "supply": [{"l": "Fruits, Other", "v": 545.0}, {"l": "Grapes", "v": 14.0}, {"l": "Apples", "v": 438.0}, {"l": "Lemons, Limes", "v": 20.0}, {"l": "Grapefruit", "v": 25.0}, {"l": "Oranges, Mandarines", "v": 24.0}]}, {"source": 17, "prod": 1.1271864291545945, "target": 18, "value": 776.0, "supply": [{"l": "Soyabeans", "v": 35.0}, {"l": "Sesame seed", "v": 1.0}, {"l": "Rape and Mustardseed", "v": 715.0}, {"l": "Oilcrops, Other", "v": 25.0}]}, {"source": 19, "prod": 16.619777746, "target": 18, "value": 14300.0, "supply": [{"l": "Sugar beet", "v": 14300.0}]}, {"source": 3, "prod": 0.088156098159858406, "target": 18, "value": 11.0, "supply": [{"l": "Fats, Animals, Raw", "v": 11.0}]}, {"source": 4, "prod": 1.2583013508015648, "target": 18, "value": 1612.0, "supply": [{"l": "Potatoes", "v": 1612.0}]}, {"source": 7, "prod": 0.05255734910585716, "target": 18, "value": 13.0, "supply": [{"l": "Honey", "v": 13.0}]}, {"source": 8, "prod": 1.1117051352762732, "target": 18, "value": 445.0, "supply": [{"l": "Maize", "v": 19.0}, {"l": "Wheat", "v": 15.0}, {"l": "Oats", "v": 1.0}, {"l": "Rye", "v": 105.0}, {"l": "Barley", "v": 256.0}, {"l": "Cereals, Other", "v": 49.0}]}, {"source": 16, "prod": 0.17095577291575512, "target": 18, "value": 296.0, "supply": [{"l": "Apples", "v": 296.0}]}, {"source": 0, "prod": 0.27374712657409761, "target": 20, "value": 459.0, "supply": [{"l": "Milk - Excluding Butter", "v": 459.0}]}, {"source": 11, "prod": 0.28531770777521248, "target": 20, "value": 155.0, "supply": [{"l": "Pigmeat", "v": 71.0}, {"l": "Offals, Edible", "v": 84.0}]}, {"source": 3, "prod": 1.0819157501437169, "target": 20, "value": 135.0, "supply": [{"l": "Fats, Animals, Raw", "v": 135.0}]}, {"source": 4, "prod": 0.970265867894755, "target": 20, "value": 1243.0, "supply": [{"l": "Potatoes", "v": 1243.0}]}, {"source": 7, "prod": 0.068159422404887329, "target": 20, "value": 19.0, "supply": [{"l": "Sweeteners, Other", "v": 19.0}]}, {"source": 12, "prod": 0.14552288334088612, "target": 20, "value": 214.0, "supply": [{"l": "Alcohol, Non-Food", "v": 212.0}, {"l": "Beverages, Alcoholic", "v": 2.0}]}, {"source": 8, "prod": 0.05149117111153597, "target": 20, "value": 19.0, "supply": [{"l": "Maize", "v": 19.0}]}, {"source": 13, "prod": 1.5616300692525515, "target": 20, "value": 152.0, "supply": [{"l": "Rape and Mustard Oil", "v": 139.0}, {"l": "Palmkernel Oil", "v": 4.0}, {"l": "Oilcrops Oil, Other", "v": 9.0}]}, {"source": 4, "prod": 3.9364849330597345, "target": 21, "value": 5043.0, "supply": [{"l": "Potatoes", "v": 5043.0}]}, {"source": 8, "prod": 4.7699897527388799, "target": 21, "value": 1801.0, "supply": [{"l": "Maize", "v": 17.0}, {"l": "Wheat", "v": 450.0}, {"l": "Oats", "v": 257.0}, {"l": "Rye", "v": 597.0}, {"l": "Barley", "v": 301.0}, {"l": "Cereals, Other", "v": 179.0}]}, {"source": 2, "prod": 0.030844588088569162, "target": 2, "value": 19.0, "supply": [{"l": "Eggs", "v": 19.0}]}, {"source": 5, "prod": 0.12623612954273647, "target": 21, "value": 31.0, "supply": [{"l": "Peas", "v": 5.0}, {"l": "Beans", "v": 3.0}, {"l": "Pulses, Other", "v": 23.0}]}, {"source": 17, "prod": 0.071401952244428579, "target": 21, "value": 53.0, "supply": [{"l": "Rape and Mustardseed", "v": 51.0}, {"l": "Oilcrops, Other", "v": 2.0}]}, {"source": 0, "prod": 0.57910339848245906, "target": 22, "value": 971.0, "supply": [{"l": "Milk - Excluding Butter", "v": 971.0}]}, {"source": 17, "prod": 0.003888564878061068, "target": 22, "value": 1.0, "supply": [{"l": "Soyabeans", "v": 1.0}]}, {"source": 9, "prod": 0.17385602682706205, "target": 22, "value": 632.0, "supply": [{"l": "Tomatoes", "v": 27.0}, {"l": "Vegetables, Other", "v": 559.0}, {"l": "Onions", "v": 46.0}]}, {"source": 19, "prod": 0.42304888808000002, "target": 22, "value": 364.0, "supply": [{"l": "Sugar beet", "v": 364.0}]}, {"source": 3, "prod": 0.0022663333290000001, "target": 22, "value": 1.0, "supply": [{"l": "Cream", "v": 1.0}]}, {"source": 4, "prod": 4.6725756115993597, "target": 22, "value": 5986.0, "supply": [{"l": "Potatoes", "v": 5986.0}]}, {"source": 5, "prod": 0.052994537133969392, "target": 22, "value": 13.0, "supply": [{"l": "Beans", "v": 1.0}, {"l": "Peas", "v": 2.0}, {"l": "Pulses, Other", "v": 10.0}]}, {"source": 16, "prod": 0.13723601120062617, "target": 22, "value": 233.0, "supply": [{"l": "Oranges, Mandarines", "v": 3.0}, {"l": "Fruits, Other", "v": 91.0}, {"l": "Grapefruit", "v": 3.0}, {"l": "Apples", "v": 134.0}, {"l": "Lemons, Limes", "v": 1.0}, {"l": "Grapes", "v": 1.0}]}, {"source": 8, "prod": 3.5534349699429768, "target": 22, "value": 1340.0, "supply": [{"l": "Maize", "v": 4.0}, {"l": "Oats", "v": 140.0}, {"l": "Rye", "v": 449.0}, {"l": "Cereals, Other", "v": 88.0}, {"l": "Wheat", "v": 462.0}, {"l": "Barley", "v": 197.0}]}, {"source": 2, "prod": 0.0016233993730825874, "target": 22, "value": 1.0, "supply": [{"l": "Eggs", "v": 1.0}]}, {"source": 11, "prod": 0.03124441297226244, "target": 22, "value": 19.0, "supply": [{"l": "Meat, Other", "v": 2.0}, {"l": "Mutton & Goat Meat", "v": 2.0}, {"l": "Poultry Meat", "v": 7.0}, {"l": "Offals, Edible", "v": 8.0}]}, {"source": 23, "prod": 0.82389362155086054, "target": 1, "value": 695.0, "supply": [{"l": "Pigmeat", "v": 27.0}, {"l": "Milk - Excluding Butter", "v": 101.0}, {"l": "Fish, Seafood", "v": 267.0}, {"l": "Pelagic Fish", "v": 169.0}, {"l": "Poultry Meat", "v": 7.0}, {"l": "Demersal Fish", "v": 98.0}, {"l": "Bovine Meat", "v": 8.0}, {"l": "Mutton & Goat Meat", "v": 18.0}]}, {"source": 23, "prod": 6.5405761019607507, "target": 8, "value": 2432.0, "supply": [{"l": "Maize", "v": 165.0}, {"l": "Barley", "v": 383.0}, {"l": "Rice", "v": 65.0}, {"l": "Wheat", "v": 1819.0}]}, {"source": 23, "prod": 0.01142090870832143, "target": 14, "value": 4.0, "supply": [{"l": "Pepper", "v": 2.0}, {"l": "Spices, Other", "v": 2.0}]}, {"source": 23, "prod": 0.016933309307755686, "target": 9, "value": 70.0, "supply": [{"l": "Tomatoes", "v": 40.0}, {"l": "Vegetables, Other", "v": 30.0}]}, {"source": 23, "prod": 0.065762512454749886, "target": 15, "value": 98.0, "supply": [{"l": "Cocoa Beans", "v": 26.0}, {"l": "Coffee", "v": 37.0}, {"l": "Tea", "v": 35.0}]}, {"source": 23, "prod": 0.084253520380333666, "target": 16, "value": 107.0, "supply": [{"l": "Grapes", "v": 15.0}, {"l": "Fruits, Other", "v": 15.0}, {"l": "Lemons, Limes", "v": 21.0}, {"l": "Grapefruit", "v": 28.0}, {"l": "Oranges, Mandarines", "v": 27.0}, {"l": "Apples", "v": 1.0}]}, {"source": 23, "prod": 0.15157996234194243, "target": 17, "value": 35.0, "supply": [{"l": "Soyabeans", "v": 29.0}, {"l": "Sesame seed", "v": 1.0}, {"l": "Oilcrops, Other", "v": 5.0}]}, {"source": 23, "prod": 1.8376282101733028, "target": 18, "value": 286.0, "supply": [{"l": "Rape and Mustard Oil", "v": 1.0}, {"l": "Beer", "v": 8.0}, {"l": "Groundnut Oil", "v": 1.0}, {"l": "Beverages, Alcoholic", "v": 7.0}, {"l": "Oilcrops Oil, Other", "v": 44.0}, {"l": "Wine", "v": 86.0}, {"l": "Fats, Animals, Raw", "v": 27.0}, {"l": "Soyabean Oil", "v": 50.0}, {"l": "Sugar", "v": 3.0}, {"l": "Fish, Body Oil", "v": 26.0}, {"l": "Palm Oil", "v": 11.0}, {"l": "Palmkernel Oil", "v": 6.0}, {"l": "Sunflowerseed Oil", "v": 16.0}]}, {"source": 23, "prod": 0.015611679290341995, "target": 4, "value": 20.0, "supply": [{"l": "Potatoes", "v": 20.0}]}, {"source": 0, "prod": 0.86120011061655088, "target": 24, "value": 1444.0, "supply": [{"l": "Milk - Excluding Butter", "v": 1444.0}]}, {"source": 11, "prod": 0.22313588768678116, "target": 24, "value": 117.0, "supply": [{"l": "Pigmeat", "v": 55.0}, {"l": "Meat, Other", "v": 21.0}, {"l": "Bovine Meat", "v": 25.0}, {"l": "Poultry Meat", "v": 14.0}, {"l": "Offals, Edible", "v": 2.0}]}, {"source": 9, "prod": 0.071861402218365414, "target": 24, "value": 207.0, "supply": [{"l": "Tomatoes", "v": 1.0}, {"l": "Vegetables, Other", "v": 111.0}, {"l": "Onions", "v": 95.0}]}, {"source": 12, "prod": 0.14150959620260092, "target": 24, "value": 110.0, "supply": [{"l": "Alcohol, Non-Food", "v": 56.0}, {"l": "Beer", "v": 28.0}, {"l": "Beverages, Alcoholic", "v": 26.0}]}, {"source": 3, "prod": 0.032056762967221243, "target": 24, "value": 4.0, "supply": [{"l": "Fats, Animals, Raw", "v": 4.0}]}, {"source": 4, "prod": 0.15767796083245414, "target": 24, "value": 202.0, "supply": [{"l": "Potatoes", "v": 202.0}]}, {"source": 5, "prod": 0.30636493249458596, "target": 24, "value": 75.0, "supply": [{"l": "Beans", "v": 2.0}, {"l": "Peas", "v": 3.0}, {"l": "Pulses, Other", "v": 70.0}]}, {"source": 6, "prod": 0.2276776981374464, "target": 24, "value": 238.0, "supply": [{"l": "Fish, Seafood", "v": 119.0}, {"l": "Demersal Fish", "v": 65.0}, {"l": "Cephalopods", "v": 54.0}]}, {"source": 7, "prod": 0.82834216556657747, "target": 24, "value": 200.0, "supply": [{"l": "Sugar", "v": 200.0}]}, {"source": 8, "prod": 1.1725786857397902, "target": 24, "value": 436.0, "supply": [{"l": "Oats", "v": 7.0}, {"l": "Rye", "v": 409.0}, {"l": "Cereals, Other", "v": 1.0}, {"l": "Wheat", "v": 5.0}, {"l": "Barley", "v": 14.0}]}, {"source": 13, "prod": 0.43336088046959509, "target": 24, "value": 42.0, "supply": [{"l": "Oilcrops Oil, Other", "v": 4.0}, {"l": "Rape and Mustard Oil", "v": 38.0}]}, {"source": 16, "prod": 0.35310445737473473, "target": 24, "value": 610.0, "supply": [{"l": "Fruits, Other", "v": 224.0}, {"l": "Apples", "v": 386.0}]}, {"source": 17, "prod": 0.31415696765328577, "target": 24, "value": 245.0, "supply": [{"l": "Rape and Mustardseed", "v": 239.0}, {"l": "Oilcrops, Other", "v": 6.0}]}, {"source": 25, "prod": 0.027219954146427482, "target": 17, "value": 7.0, "supply": [{"l": "Soyabeans", "v": 7.0}]}, {"source": 11, "prod": 0.10993804759568007, "target": 26, "value": 55.0, "supply": [{"l": "Pigmeat", "v": 12.0}, {"l": "Mutton & Goat Meat", "v": 10.0}, {"l": "Bovine Meat", "v": 33.0}]}, {"source": 8, "prod": 0.69654496653799103, "target": 26, "value": 303.0, "supply": [{"l": "Maize", "v": 53.0}, {"l": "Oats", "v": 22.0}, {"l": "Barley", "v": 228.0}]}, {"source": 15, "prod": 0.00268671940414557, "target": 26, "value": 5.0, "supply": [{"l": "Tea", "v": 5.0}]}, {"source": 16, "prod": 0.057213353632102046, "target": 26, "value": 99.0, "supply": [{"l": "Fruits, Other", "v": 10.0}, {"l": "Apples", "v": 89.0}]}, {"source": 25, "prod": 0.026337863234717537, "target": 9, "value": 100.0, "supply": [{"l": "Vegetables, Other", "v": 100.0}]}, {"source": 13, "prod": 0.0169800666342, "target": 26, "value": 2.0, "supply": [{"l": "Palmkernel Oil", "v": 2.0}]}, {"source": 17, "prod": 0.077868888740000003, "target": 26, "value": 67.0, "supply": [{"l": "Rape and Mustardseed", "v": 67.0}]}, {"source": 25, "prod": 0.012049274902960292, "target": 1, "value": 10.0, "supply": [{"l": "Fish, Seafood", "v": 4.0}, {"l": "Eggs", "v": 2.0}, {"l": "Cephalopods", "v": 4.0}]}, {"source": 25, "prod": 0.66146381077160876, "target": 18, "value": 129.0, "supply": [{"l": "Sugar", "v": 100.0}, {"l": "Beverages, Alcoholic", "v": 5.0}, {"l": "Rape and Mustard Oil", "v": 15.0}, {"l": "Butter, Ghee", "v": 9.0}]}, {"source": 4, "prod": 0.22793051763899314, "target": 26, "value": 292.0, "supply": [{"l": "Potatoes", "v": 292.0}]}, {"source": 25, "prod": 2.8234808268164082, "target": 8, "value": 1038.0, "supply": [{"l": "Rye", "v": 716.0}, {"l": "Cereals, Other", "v": 2.0}, {"l": "Wheat", "v": 320.0}]}, {"source": 27, "prod": 1.3153055304167833, "target": 9, "value": 4712.0, "supply": [{"l": "Tomatoes", "v": 268.0}, {"l": "Vegetables, Other", "v": 3983.0}, {"l": "Onions", "v": 461.0}]}, {"source": 27, "prod": 17.042826634080001, "target": 19, "value": 14664.0, "supply": [{"l": "Sugar beet", "v": 14664.0}]}, {"source": 27, "prod": 28.527221567241927, "target": 4, "value": 36546.0, "supply": [{"l": "Potatoes", "v": 36546.0}]}, {"source": 27, "prod": 1.7799836285553399, "target": 5, "value": 437.0, "supply": [{"l": "Peas", "v": 60.0}, {"l": "Beans", "v": 39.0}, {"l": "Pulses, Other", "v": 338.0}]}, {"source": 27, "prod": 63.469054721621958, "target": 8, "value": 23742.0, "supply": [{"l": "Maize", "v": 69.0}, {"l": "Rye", "v": 7600.0}, {"l": "Barley", "v": 4086.0}, {"l": "Wheat", "v": 6461.0}, {"l": "Oats", "v": 2682.0}, {"l": "Cereals, Other", "v": 2844.0}]}, {"source": 27, "prod": 1.2725040633265512, "target": 16, "value": 2198.0, "supply": [{"l": "Fruits, Other", "v": 855.0}, {"l": "Apples", "v": 1343.0}]}, {"source": 27, "prod": 1.4168651084020001, "target": 17, "value": 1101.0, "supply": [{"l": "Rape and Mustardseed", "v": 1073.0}, {"l": "Oilcrops, Other", "v": 28.0}]}, {"source": 1, "prod": 9.8656317381017899, "target": 0, "value": 16542.0, "supply": [{"l": "Milk - Excluding Butter", "v": 16542.0}]}, {"source": 1, "prod": 0.75163390973723809, "target": 2, "value": 463.0, "supply": [{"l": "Eggs", "v": 482.0}]}, {"source": 1, "prod": 5.6204550510158535, "target": 11, "value": 2791.0, "supply": [{"l": "Pigmeat", "v": 1513.0}, {"l": "Bovine Meat", "v": 731.0}, {"l": "Poultry Meat", "v": 283.0}, {"l": "Offals, Edible", "v": 173.0}, {"l": "Meat, Other", "v": 47.0}, {"l": "Mutton & Goat Meat", "v": 44.0}]}, {"source": 1, "prod": 1.985321229206757, "target": 6, "value": 1896.0, "supply": [{"l": "Pelagic Fish", "v": 322.0}, {"l": "Freshwater Fish", "v": 32.0}, {"l": "Marine Fish, Other", "v": 2.0}, {"l": "Fish, Seafood", "v": 948.0}, {"l": "Demersal Fish", "v": 492.0}, {"l": "Cephalopods", "v": 100.0}]}, {"source": 18, "prod": 8.0667990560631058, "target": 7, "value": 1951.0, "supply": [{"l": "Honey", "v": 15.0}, {"l": "Sweeteners, Other", "v": 22.0}, {"l": "Sugar", "v": 1914.0}]}, {"source": 18, "prod": 4.6845395927383828, "target": 13, "value": 456.0, "supply": [{"l": "Sesameseed Oil", "v": 1.0}, {"l": "Soyabean Oil", "v": 56.0}, {"l": "Rape and Mustard Oil", "v": 303.0}, {"l": "Groundnut Oil", "v": 1.0}, {"l": "Palm Oil", "v": 11.0}, {"l": "Palmkernel Oil", "v": 6.0}, {"l": "Oilcrops Oil, Other", "v": 62.0}, {"l": "Sunflowerseed Oil", "v": 16.0}]}, {"source": 18, "prod": 2.2196085124212539, "target": 12, "value": 2091.0, "supply": [{"l": "Beer", "v": 1117.0}, {"l": "Beverages, Alcoholic", "v": 352.0}, {"l": "Alcohol, Non-Food", "v": 268.0}, {"l": "Beverages, Fermented", "v": 268.0}, {"l": "Wine", "v": 86.0}]}, {"source": 18, "prod": 6.9127692741403086, "target": 3, "value": 1110.0, "supply": [{"l": "Fats, Animals, Raw", "v": 403.0}, {"l": "Fish, Body Oil", "v": 27.0}, {"l": "Butter, Ghee", "v": 316.0}, {"l": "Cream", "v": 364.0}]}]}