{"nodes": [{"layer": 13, "name": "Milk - Excluding Butter"}, {"layer": 10, "name": "Feed", "fill": "#dbdb8d"}, {"layer": 5, "name": "Vegetables"}, {"layer": 13, "name": "Animal Fats"}, {"layer": 5, "name": "Starchy Roots"}, {"layer": 5, "name": "Pulses"}, {"layer": 13, "name": "Fish, Seafood"}, {"layer": 5, "name": "Cereals - Excluding Beer"}, {"layer": 13, "name": "Eggs"}, {"layer": 16, "name": "Food", "fill": "#b5cf6b"}, {"layer": 13, "name": "Meat"}, {"layer": 5, "name": "Treenuts"}, {"layer": 5, "name": "Others"}, {"layer": 13, "name": "Sugar & Sweeteners"}, {"layer": 13, "name": "Alcoholic Beverages"}, {"layer": 13, "name": "Vegetable Oils", "fill": "#f7b6d2"}, {"layer": 5, "name": "Spices"}, {"layer": 5, "name": "Stimulants"}, {"layer": 5, "name": "Fruits - Excluding Wine"}, {"layer": 5, "name": "Oilcrops", "fill": "#ff9896"}, {"layer": 10, "name": "Processing", "fill": "#9edae5"}, {"layer": 5, "name": "Sugar Crops", "fill": "#ffbb78"}, {"layer": 16, "name": "Biofuels & Other", "fill": "#e7ba52"}, {"name": "Waste", "fill": "#c7c7c7"}, {"layer": 2, "name": "Import", "fill": "#aec7e8"}, {"layer": 16, "name": "Export", "fill": "#aec7e8"}, {"layer": 16, "name": "Stock Deposit", "fill": "#c7c7c7"}, {"layer": 0, "name": "Stock Draw", "fill": "#c7c7c7"}, {"name": "Crop Residue", "fill": "#bd9e39"}, {"layer": 2, "name": "Electricity", "fill": "#bcbd22"}, {"layer": 0, "name": "Fossil Fuels", "fill": "#c49c94"}, {"layer": 0, "name": "Renewables & Nuclear", "fill": "#2ca02c"}, {"layer": 2, "name": "Fertilizers", "fill": "#c5b0d5"}, {"layer": 0, "name": "Labor", "fill": "#7f7f7f"}], "links": [{"source": 0, "prod": 5590.0, "target": 1, "value": 3.530061881067835, "supply": [{"l": "Milk - Excluding Butter", "v": 3.530061881067835}]}, {"source": 2, "prod": 10.0, "target": 1, "value": 0.0023020103248431244, "supply": [{"l": "Vegetables, Other", "v": 0.0023020103248431244}]}, {"source": 3, "prod": 5.0, "target": 1, "value": 0.070750277642500012, "supply": [{"l": "Fish, Liver Oil", "v": 0.070750277642500012}]}, {"source": 4, "prod": 26630.0, "target": 1, "value": 20.773258655897713, "supply": [{"l": "Potatoes", "v": 20.773258655897713}]}, {"source": 5, "prod": 329.0, "target": 1, "value": 1.335593763995008, "supply": [{"l": "Peas", "v": 0.12556687931173108}, {"l": "Pulses, Other", "v": 1.2100268846832769}]}, {"source": 6, "prod": 824.0, "target": 1, "value": 0.97746138059642917, "supply": [{"l": "Pelagic Fish", "v": 0.56417640752341935}, {"l": "Fish, Seafood", "v": 0.41328497307300976}]}, {"source": 7, "prod": 9306.0, "target": 1, "value": 24.613032650460802, "supply": [{"l": "Maize", "v": 0.7800080591034303}, {"l": "Wheat", "v": 3.3011055358484462}, {"l": "Oats", "v": 5.2657950829548144}, {"l": "Rye", "v": 11.200796400287434}, {"l": "Millet", "v": 0.072429319773889958}, {"l": "Barley", "v": 2.206449336647458}, {"l": "Sorghum", "v": 0.20614498704876372}, {"l": "Cereals, Other", "v": 1.5803039287965681}]}, {"source": 8, "prod": 2.0, "target": 1, "value": 0.0032722003409656254, "supply": [{"l": "Eggs", "v": 0.0032722003409656254}]}, {"source": 0, "prod": 7745.0, "target": 9, "value": 4.8909354684920183, "supply": [{"l": "Milk - Excluding Butter", "v": 4.8909354684920183}]}, {"source": 6, "prod": 594.0, "target": 9, "value": 0.59595441331588472, "supply": [{"l": "Marine Fish, Other", "v": 0.027442531934060606}, {"l": "Freshwater Fish", "v": 0.013918087405081967}, {"l": "Pelagic Fish", "v": 0.20266531144045163}, {"l": "Fish, Seafood", "v": 0.29792630340457255}, {"l": "Demersal Fish", "v": 0.054002179131718037}]}, {"source": 10, "prod": 1730.0, "target": 9, "value": 3.4425547680120845, "supply": [{"l": "Pigmeat", "v": 2.4940468643432006}, {"l": "Meat, Other", "v": 0.012863686844090911}, {"l": "Mutton & Goat Meat", "v": 0.055715843643468752}, {"l": "Bovine Meat", "v": 0.62225889107121402}, {"l": "Poultry Meat", "v": 0.16225397006013331}, {"l": "Offals, Edible", "v": 0.095415512049977072}]}, {"source": 11, "prod": 4.0, "target": 9, "value": 0.013061589718615384, "supply": [{"l": "Treenuts", "v": 0.013061589718615384}]}, {"source": 2, "prod": 3031.0, "target": 9, "value": 0.74533034732331693, "supply": [{"l": "Vegetables, Other", "v": 0.56905695230122033}, {"l": "Tomatoes", "v": 0.067802349407395837}, {"l": "Onions", "v": 0.10847104561470079}]}, {"source": 12, "prod": 4.0, "target": 9, "value": 0.014150055528500001, "supply": [{"l": "Nuts", "v": 0.014150055528500001}]}, {"source": 3, "prod": 735.0, "target": 9, "value": 4.3280956523717791, "supply": [{"l": "Fats, Animals, Raw", "v": 2.1984866141592248}, {"l": "Butter, Ghee", "v": 1.5207455108591075}, {"l": "Fish, Liver Oil", "v": 0.014150055528500001}, {"l": "Cream", "v": 0.59471347182494672}]}, {"source": 4, "prod": 6600.0, "target": 9, "value": 5.1484606507294357, "supply": [{"l": "Potatoes", "v": 5.1484606507294357}]}, {"source": 5, "prod": 76.0, "target": 9, "value": 0.295756699205317, "supply": [{"l": "Peas", "v": 0.14911066918268065}, {"l": "Beans", "v": 0.14664603002263638}]}, {"source": 13, "prod": 1206.0, "target": 9, "value": 4.9929434172779583, "supply": [{"l": "Sugar", "v": 4.9850199335729286}, {"l": "Honey", "v": 0.003859106053227273}, {"l": "Sweeteners, Other", "v": 0.0040643776518031914}]}, {"source": 14, "prod": 1238.0, "target": 9, "value": 1.2204908250127908, "supply": [{"l": "Beer", "v": 0.50124911504640224}, {"l": "Beverages, Alcoholic", "v": 0.62459190624570471}, {"l": "Wine", "v": 0.013534835722913044}, {"l": "Beverages, Fermented", "v": 0.081114967997770696}]}, {"source": 7, "prod": 6378.0, "target": 9, "value": 17.709563381247026, "supply": [{"l": "Rye", "v": 7.1265067096828796}, {"l": "Barley", "v": 0.62442516227123046}, {"l": "Rice", "v": 0.25894601617155}, {"l": "Wheat", "v": 9.605242099245098}, {"l": "Oats", "v": 0.094443393876267448}]}, {"source": 15, "prod": 149.0, "target": 9, "value": 1.5744563618426777, "supply": [{"l": "Soyabean Oil", "v": 0.26186791075470783}, {"l": "Palm Oil", "v": 0.024257238048857144}, {"l": "Sunflowerseed Oil", "v": 0.26919617834707316}, {"l": "Rape and Mustard Oil", "v": 0.83157460477855483}, {"l": "Oilcrops Oil, Other", "v": 0.16633534662073468}, {"l": "Sesameseed Oil", "v": 0.02122508329275}]}, {"source": 16, "prod": 1.0, "target": 9, "value": 0.0011622222200000001, "supply": [{"l": "Pepper", "v": 0.0011622222200000001}]}, {"source": 17, "prod": 46.0, "target": 9, "value": 0.047402063401428565, "supply": [{"l": "Cocoa Beans", "v": 0.026952486720952379}, {"l": "Coffee", "v": 0.013476243360476189}, {"l": "Tea", "v": 0.0069733333200000004}]}, {"source": 8, "prod": 306.0, "target": 9, "value": 0.50064665216774062, "supply": [{"l": "Eggs", "v": 0.50064665216774062}]}, {"source": 18, "prod": 972.0, "target": 9, "value": 0.54553611033885474, "supply": [{"l": "Grapefruit", "v": 0.0011622222200000001}, {"l": "Grapes", "v": 0.013476243360476189}, {"l": "Dates", "v": 0.00056789520515719072}, {"l": "Apples", "v": 0.27088601285997993}, {"l": "Lemons, Limes", "v": 0.01359731898441797}, {"l": "Bananas", "v": 0.0021260517488564273}, {"l": "Fruits, Other", "v": 0.23019229089425836}, {"l": "Oranges, Mandarines", "v": 0.013528075065708791}]}, {"source": 19, "prod": 3.0, "target": 9, "value": 0.014150055528500001, "supply": [{"l": "Groundnuts", "v": 0.014150055528500001}]}, {"source": 19, "prod": 504.0, "target": 20, "value": 2.4689320101602412, "supply": [{"l": "Sunflower seed", "v": 0.014150055528500001}, {"l": "Soyabeans", "v": 0.17055870503102682}, {"l": "Sesame seed", "v": 0.0094333703523333343}, {"l": "Rape and Mustardseed", "v": 1.6272563857775}, {"l": "Oilcrops, Other", "v": 0.60036664170921439}, {"l": "Palm kernels", "v": 0.047166851761666677}]}, {"source": 21, "prod": 15080.0, "target": 20, "value": 17.526311077599999, "supply": [{"l": "Sugar beet", "v": 17.526311077599999}]}, {"source": 4, "prod": 972.0, "target": 20, "value": 0.75822784128924414, "supply": [{"l": "Potatoes", "v": 0.75822784128924414}]}, {"source": 13, "prod": 4.0, "target": 20, "value": 0.015436424212909092, "supply": [{"l": "Honey", "v": 0.015436424212909092}]}, {"source": 7, "prod": 257.0, "target": 20, "value": 0.63292592863477504, "supply": [{"l": "Maize", "v": 0.011142972272906147}, {"l": "Wheat", "v": 0.0055714861364530733}, {"l": "Oats", "v": 0.016124481881313955}, {"l": "Rye", "v": 0.070004977501796462}, {"l": "Barley", "v": 0.40157377926983728}, {"l": "Cereals, Other", "v": 0.12850823157246818}]}, {"source": 18, "prod": 180.0, "target": 20, "value": 0.10257007094390326, "supply": [{"l": "Fruits, Other", "v": 0.026472113452839712}, {"l": "Apples", "v": 0.076097957491063545}]}, {"source": 0, "prod": 316.0, "target": 22, "value": 0.19955269309793131, "supply": [{"l": "Milk - Excluding Butter", "v": 0.19955269309793131}]}, {"source": 10, "prod": 190.0, "target": 22, "value": 0.36535216517770236, "supply": [{"l": "Pigmeat", "v": 0.27538896810200969}, {"l": "Offals, Edible", "v": 0.089963197075692669}]}, {"source": 3, "prod": 45.0, "target": 22, "value": 0.34232490531891047, "supply": [{"l": "Fats, Animals, Raw", "v": 0.34232490531891047}]}, {"source": 4, "prod": 1109.0, "target": 22, "value": 0.86509740328165818, "supply": [{"l": "Potatoes", "v": 0.86509740328165818}]}, {"source": 13, "prod": 10.0, "target": 22, "value": 0.040643776518031915, "supply": [{"l": "Sweeteners, Other", "v": 0.040643776518031915}]}, {"source": 14, "prod": 199.0, "target": 22, "value": 0.12047394910791004, "supply": [{"l": "Alcohol, Non-Food", "v": 0.11704212544721936}, {"l": "Beverages, Alcoholic", "v": 0.0034318236606906854}]}, {"source": 7, "prod": 5.0, "target": 22, "value": 0.013928715341132682, "supply": [{"l": "Maize", "v": 0.013928715341132682}]}, {"source": 15, "prod": 81.0, "target": 22, "value": 0.84072682876461347, "supply": [{"l": "Coconut Oil", "v": 0.13796304140287499}, {"l": "Rape and Mustard Oil", "v": 0.05263130409990853}, {"l": "Palmkernel Oil", "v": 0.047166851761666677}, {"l": "Oilcrops Oil, Other", "v": 0.60296563150016325}]}, {"source": 4, "prod": 6092.0, "target": 4, "value": 4.7521851945823821, "supply": [{"l": "Potatoes", "v": 4.7521851945823821}]}, {"source": 7, "prod": 1555.0, "target": 7, "value": 4.1920221992352502, "supply": [{"l": "Maize", "v": 0.016714458409359222}, {"l": "Wheat", "v": 0.96108135853815513}, {"l": "Oats", "v": 0.58739183996215127}, {"l": "Rye", "v": 2.2205578863569837}, {"l": "Barley", "v": 0.23609007902127799}, {"l": "Cereals, Other", "v": 0.17018657694732273}]}, {"source": 8, "prod": 8.0, "target": 8, "value": 0.013088801363862501, "supply": [{"l": "Eggs", "v": 0.013088801363862501}]}, {"source": 5, "prod": 32.0, "target": 5, "value": 0.12816123632230406, "supply": [{"l": "Peas", "v": 0.035315684806424372}, {"l": "Beans", "v": 0.015436424212909092}, {"l": "Pulses, Other", "v": 0.077409127302970587}]}, {"source": 19, "prod": 42.0, "target": 19, "value": 0.20618652341528576, "supply": [{"l": "Rape and Mustardseed", "v": 0.16980066634200003}, {"l": "Oilcrops, Other", "v": 0.036385857073285718}]}, {"source": 0, "prod": 377.0, "target": 23, "value": 0.23807394081620281, "supply": [{"l": "Milk - Excluding Butter", "v": 0.23807394081620281}]}, {"source": 19, "prod": 2.0, "target": 23, "value": 0.0098545029573482157, "supply": [{"l": "Soyabeans", "v": 0.0037901934451339291}, {"l": "Oilcrops, Other", "v": 0.0060643095122142861}]}, {"source": 2, "prod": 446.0, "target": 23, "value": 0.10901477404171984, "supply": [{"l": "Tomatoes", "v": 0.0075803868902678566}, {"l": "Vegetables, Other", "v": 0.087246191311554422}, {"l": "Onions", "v": 0.014188195839897572}]}, {"source": 21, "prod": 441.0, "target": 23, "value": 0.51253999902000003, "supply": [{"l": "Sugar beet", "v": 0.51253999902000003}]}, {"source": 3, "prod": 1.0, "target": 23, "value": 0.0022612679537070217, "supply": [{"l": "Cream", "v": 0.0022612679537070217}]}, {"source": 4, "prod": 5756.0, "target": 23, "value": 4.49008174327252, "supply": [{"l": "Potatoes", "v": 4.49008174327252}]}, {"source": 5, "prod": 13.0, "target": 23, "value": 0.052448681959142346, "supply": [{"l": "Beans", "v": 0.003859106053227273}, {"l": "Peas", "v": 0.0078479299569831924}, {"l": "Pulses, Other", "v": 0.040741645948931884}]}, {"source": 18, "prod": 54.0, "target": 23, "value": 0.030207916527944363, "supply": [{"l": "Grapes", "v": 0.00067381216802380958}, {"l": "Fruits, Other", "v": 0.016113460362598083}, {"l": "Apples", "v": 0.011357904103143815}, {"l": "Lemons, Limes", "v": 0.0006632838528984375}, {"l": "Oranges, Mandarines", "v": 0.0013994560412802198}]}, {"source": 7, "prod": 702.0, "target": 23, "value": 1.8888171765621737, "supply": [{"l": "Maize", "v": 0.0055714861364530733}, {"l": "Oats", "v": 0.23956373080809307}, {"l": "Rye", "v": 0.8708619201223482}, {"l": "Sorghum", "v": 0.0055714861364530733}, {"l": "Cereals, Other", "v": 0.065990713510186358}, {"l": "Wheat", "v": 0.56829158591821349}, {"l": "Millet", "v": 0.0027857430682265366}, {"l": "Barley", "v": 0.13018051086220001}]}, {"source": 8, "prod": 1.0, "target": 23, "value": 0.0016361001704828127, "supply": [{"l": "Eggs", "v": 0.0016361001704828127}]}, {"source": 10, "prod": 11.0, "target": 23, "value": 0.01725440344193388, "supply": [{"l": "Meat, Other", "v": 0.001286368684409091}, {"l": "Mutton & Goat Meat", "v": 0.00265313541159375}, {"l": "Poultry Meat", "v": 0.0037733481409333329}, {"l": "Offals, Edible", "v": 0.0095415512049977069}]}, {"source": 24, "prod": 4.0, "target": 12, "value": 0.014150055528500001, "supply": [{"l": "Nuts", "v": 0.014150055528500001}]}, {"source": 24, "prod": 936.0, "target": 1, "value": 1.1502842455434952, "supply": [{"l": "Pigmeat", "v": 0.082172514675599662}, {"l": "Mutton & Goat Meat", "v": 0.00265313541159375}, {"l": "Milk - Excluding Butter", "v": 0.0037889751854037583}, {"l": "Fish, Seafood", "v": 0.44137230134010752}, {"l": "Pelagic Fish", "v": 0.6025184934716129}, {"l": "Bovine Meat", "v": 0.017778825459177541}]}, {"source": 24, "prod": 2124.0, "target": 7, "value": 5.7691440348275229, "supply": [{"l": "Maize", "v": 0.57943455819111966}, {"l": "Barley", "v": 0.9222958227186373}, {"l": "Rice", "v": 0.27592608280574998}, {"l": "Wheat", "v": 3.7746818574469567}, {"l": "Oats", "v": 0.0023034974116162791}, {"l": "Sorghum", "v": 0.21450221625344329}]}, {"source": 24, "prod": 193.0, "target": 20, "value": 1.4613660743266199, "supply": [{"l": "Sugar", "v": 0.099369168111088257}, {"l": "Beer", "v": 0.0017010716573972926}, {"l": "Beverages, Alcoholic", "v": 0.0068636473213813708}, {"l": "Butter, Ghee", "v": 0.02506723369547979}, {"l": "Fats, Animals, Raw", "v": 0.37275378579170243}, {"l": "Soyabean Oil", "v": 0.062848298581129877}, {"l": "Palm Oil", "v": 0.024257238048857144}, {"l": "Sunflowerseed Oil", "v": 0.46591646252378038}, {"l": "Coconut Oil", "v": 0.031837624939125002}, {"l": "Oilcrops Oil, Other", "v": 0.34306665240526535}, {"l": "Wine", "v": 0.013534835722913044}, {"l": "Fish, Liver Oil", "v": 0.014150055528500001}]}, {"source": 24, "prod": 4.0, "target": 11, "value": 0.013061589718615384, "supply": [{"l": "Treenuts", "v": 0.013061589718615384}]}, {"source": 24, "prod": 52.0, "target": 2, "value": 0.011895281388381859, "supply": [{"l": "Vegetables, Other", "v": 0.0052946237471391865}, {"l": "Tomatoes", "v": 0.0056852901677008931}, {"l": "Onions", "v": 0.00091536747354177897}]}, {"source": 24, "prod": 47.0, "target": 17, "value": 0.048564285621428567, "supply": [{"l": "Cocoa Beans", "v": 0.026952486720952379}, {"l": "Coffee", "v": 0.013476243360476189}, {"l": "Tea", "v": 0.0081355555400000005}]}, {"source": 24, "prod": 149.0, "target": 18, "value": 0.074726407289188584, "supply": [{"l": "Grapefruit", "v": 0.0011622222200000001}, {"l": "Grapes", "v": 0.014150055528500001}, {"l": "Dates", "v": 0.00056789520515719072}, {"l": "Apples", "v": 0.0068147424618862883}, {"l": "Lemons, Limes", "v": 0.014260602837316408}, {"l": "Bananas", "v": 0.0021260517488564273}, {"l": "Fruits, Other", "v": 0.020717306180483255}, {"l": "Oranges, Mandarines", "v": 0.014927531106989012}]}, {"source": 24, "prod": 69.0, "target": 19, "value": 0.28552790620008928, "supply": [{"l": "Sunflower seed", "v": 0.014150055528500001}, {"l": "Sesame seed", "v": 0.0094333703523333343}, {"l": "Groundnuts", "v": 0.014150055528500001}, {"l": "Oilcrops, Other", "v": 0.012128619024428572}, {"l": "Soyabeans", "v": 0.17434889847616072}, {"l": "Rape and Mustardseed", "v": 0.014150055528500001}, {"l": "Palm kernels", "v": 0.047166851761666677}]}, {"source": 24, "prod": 1.0, "target": 16, "value": 0.0011622222200000001, "supply": [{"l": "Pepper", "v": 0.0011622222200000001}]}, {"source": 24, "prod": 33.0, "target": 4, "value": 0.025742303253647177, "supply": [{"l": "Potatoes", "v": 0.025742303253647177}]}, {"source": 0, "prod": 480.0, "target": 25, "value": 0.30311801483230066, "supply": [{"l": "Milk - Excluding Butter", "v": 0.30311801483230066}]}, {"source": 10, "prod": 218.0, "target": 25, "value": 0.41280657319576802, "supply": [{"l": "Pigmeat", "v": 0.25540105912686384}, {"l": "Meat, Other", "v": 0.016722792897318185}, {"l": "Poultry Meat", "v": 0.035846807338866665}, {"l": "Bovine Meat", "v": 0.10074667760200606}, {"l": "Offals, Edible", "v": 0.0040892362307133031}]}, {"source": 13, "prod": 388.0, "target": 25, "value": 1.6056243899417229, "supply": [{"l": "Sugar", "v": 1.594047071782041}, {"l": "Honey", "v": 0.011577318159681819}]}, {"source": 8, "prod": 42.0, "target": 25, "value": 0.068716207160278125, "supply": [{"l": "Eggs", "v": 0.068716207160278125}]}, {"source": 14, "prod": 23.0, "target": 25, "value": 0.027260518517914677, "supply": [{"l": "Beer", "v": 0.0079383344011873663}, {"l": "Beverages, Fermented", "v": 0.0021630658132738853}, {"l": "Beverages, Alcoholic", "v": 0.017159118303453427}]}, {"source": 3, "prod": 44.0, "target": 25, "value": 0.35193374748083661, "supply": [{"l": "Fats, Animals, Raw", "v": 0.15975162248215818}, {"l": "Butter, Ghee", "v": 0.1921821249986784}]}, {"source": 4, "prod": 952.0, "target": 25, "value": 0.74262644537794287, "supply": [{"l": "Potatoes", "v": 0.74262644537794287}]}, {"source": 5, "prod": 7.0, "target": 25, "value": 0.027143460223119559, "supply": [{"l": "Beans", "v": 0.019295530266136365}, {"l": "Peas", "v": 0.0078479299569831924}]}, {"source": 6, "prod": 140.0, "target": 25, "value": 0.12734533490718403, "supply": [{"l": "Freshwater Fish", "v": 0.0013918087405081967}, {"l": "Pelagic Fish", "v": 0.030125924673580644}, {"l": "Fish, Seafood", "v": 0.070218320667744361}, {"l": "Demersal Fish", "v": 0.025609280825350824}]}, {"source": 18, "prod": 142.0, "target": 25, "value": 0.08160448043628489, "supply": [{"l": "Fruits, Other", "v": 0.073086052358927026}, {"l": "Apples", "v": 0.0085184280773578595}]}, {"source": 7, "prod": 173.0, "target": 25, "value": 0.42090321962602067, "supply": [{"l": "Rye", "v": 0.18481314060474269}, {"l": "Barley", "v": 0.23609007902127799}]}, {"source": 15, "prod": 57.0, "target": 25, "value": 0.59986656508277147, "supply": [{"l": "Rape and Mustard Oil", "v": 0.5894706059189756}, {"l": "Oilcrops Oil, Other", "v": 0.010395959163795918}]}, {"source": 16, "prod": 2.0, "target": 25, "value": 0.004994137245352942, "supply": [{"l": "Spices, Other", "v": 0.004994137245352942}]}, {"source": 19, "prod": 112.0, "target": 25, "value": 0.53635448574695244, "supply": [{"l": "Rape and Mustardseed", "v": 0.4999686286736667}, {"l": "Oilcrops, Other", "v": 0.036385857073285718}]}, {"source": 2, "prod": 247.0, "target": 25, "value": 0.065731480490801686, "supply": [{"l": "Vegetables, Other", "v": 0.047881814756736994}, {"l": "Onions", "v": 0.017849665734064688}]}, {"source": 12, "prod": 2.0, "target": 25, "value": 0.0048851382181726195, "supply": [{"l": "Infant food", "v": 0.0048851382181726195}]}, {"source": 2, "prod": 2.0, "target": 26, "value": 0.00046040206496862494, "supply": [{"l": "Vegetables, Other", "v": 0.00046040206496862494}]}, {"source": 7, "prod": 184.0, "target": 26, "value": 0.43977539273448957, "supply": [{"l": "Wheat", "v": 0.07800080591034303}, {"l": "Oats", "v": 0.17506580328283722}, {"l": "Barley", "v": 0.1654837002485593}, {"l": "Rice", "v": 0.02122508329275}]}, {"source": 27, "prod": 127.0, "target": 18, "value": 0.072350256717316874, "supply": [{"l": "Fruits, Other", "v": 0.017264421817069376}, {"l": "Apples", "v": 0.055085834900247495}]}, {"source": 27, "prod": 22.0, "target": 1, "value": 0.042084358711714509, "supply": [{"l": "Pigmeat", "v": 0.026650545300194485}, {"l": "Eggs", "v": 0.0065444006819312507}, {"l": "Bovine Meat", "v": 0.0088894127295887707}]}, {"source": 15, "prod": 20.0, "target": 26, "value": 0.20707398334390245, "supply": [{"l": "Sunflowerseed Oil", "v": 0.20707398334390245}]}, {"source": 19, "prod": 167.0, "target": 26, "value": 0.7876864244198335, "supply": [{"l": "Rape and Mustardseed", "v": 0.7876864244198335}]}, {"source": 17, "prod": 1.0, "target": 26, "value": 0.0011622222200000001, "supply": [{"l": "Tea", "v": 0.0011622222200000001}]}, {"source": 13, "prod": 347.0, "target": 26, "value": 1.4367125556061513, "supply": [{"l": "Sugar", "v": 1.4367125556061513}]}, {"source": 27, "prod": 29.0, "target": 20, "value": 0.28115036094760321, "supply": [{"l": "Soyabean Oil", "v": 0.10474716430188312}, {"l": "Coconut Oil", "v": 0.10612541646375}, {"l": "Butter, Ghee", "v": 0.066845956521279448}, {"l": "Beverages, Alcoholic", "v": 0.0034318236606906854}]}, {"source": 4, "prod": 137.0, "target": 26, "value": 0.10686956199241404, "supply": [{"l": "Potatoes", "v": 0.10686956199241404}]}, {"source": 27, "prod": 169.0, "target": 7, "value": 0.47214944552374499, "supply": [{"l": "Maize", "v": 0.20893073011699026}, {"l": "Rye", "v": 0.26321871540675473}]}, {"source": 1, "prod": 14508.0, "target": 0, "value": 9.1617419983062884, "supply": [{"l": "Milk - Excluding Butter", "v": 9.1617419983062884}]}, {"source": 1, "prod": 351.0, "target": 8, "value": 0.57427115983946719, "supply": [{"l": "Eggs", "v": 0.58735996120332967}]}, {"source": 1, "prod": 2149.0, "target": 10, "value": 4.2379679098274892, "supply": [{"l": "Pigmeat", "v": 3.024836891572074}, {"l": "Bovine Meat", "v": 0.72300556867322008}, {"l": "Poultry Meat", "v": 0.20187412553993331}, {"l": "Offals, Edible", "v": 0.19900949656138073}, {"l": "Meat, Other", "v": 0.030872848425818188}, {"l": "Mutton & Goat Meat", "v": 0.058368979055062505}]}, {"source": 1, "prod": 1558.0, "target": 6, "value": 1.7007611288194979, "supply": [{"l": "Demersal Fish", "v": 0.079611459957068864}, {"l": "Freshwater Fish", "v": 0.015309896145590163}, {"l": "Pelagic Fish", "v": 0.79696764363745165}, {"l": "Marine Fish, Other", "v": 0.027442531934060606}, {"l": "Fish, Seafood", "v": 0.78142959714532667}]}, {"source": 20, "prod": 1955.0, "target": 13, "value": 8.0913605635567745, "supply": [{"l": "Honey", "v": 0.030872848425818184}, {"l": "Sweeteners, Other", "v": 0.044708154169835104}, {"l": "Sugar", "v": 8.0157795609611213}]}, {"source": 20, "prod": 307.0, "target": 15, "value": 3.2221237390339654, "supply": [{"l": "Sesameseed Oil", "v": 0.02122508329275}, {"l": "Soyabean Oil", "v": 0.26186791075470783}, {"l": "Coconut Oil", "v": 0.13796304140287499}, {"l": "Rape and Mustard Oil", "v": 1.4736765147974391}, {"l": "Palm Oil", "v": 0.024257238048857144}, {"l": "Palmkernel Oil", "v": 0.047166851761666677}, {"l": "Oilcrops Oil, Other", "v": 0.7796969372846938}, {"l": "Sunflowerseed Oil", "v": 0.47627016169097558}]}, {"source": 20, "prod": 1460.0, "target": 14, "value": 1.3682252926386156, "supply": [{"l": "Beer", "v": 0.50918744944758965}, {"l": "Beverages, Alcoholic", "v": 0.64518284820984884}, {"l": "Alcohol, Non-Food", "v": 0.11704212544721936}, {"l": "Beverages, Fermented", "v": 0.08327803381104458}, {"l": "Wine", "v": 0.013534835722913044}]}, {"source": 20, "prod": 830.0, "target": 3, "value": 5.0953658507677329, "supply": [{"l": "Fats, Animals, Raw", "v": 2.7005631419602936}, {"l": "Cream", "v": 0.59697473977865378}, {"l": "Fish, Liver Oil", "v": 0.084900333171000014}, {"l": "Butter, Ghee", "v": 1.7129276358577858}]}, {"source": 19, "prod": 795.5, "target": 28, "value": 2.8684682088010716, "supply": [{"l": "Sunflower seed", "v": 0.0052299999900000003}, {"l": "Sesame seed", "v": 0.0034866666600000002}, {"l": "Groundnuts", "v": 0.0052299999900000003}, {"l": "Rape and Mustardseed", "v": 2.2750499956499999}, {"l": "Oilcrops, Other", "v": 0.4975971419057143}, {"l": "Soyabeans", "v": 0.064441071305357159}, {"l": "Palm kernels", "v": 0.017433333300000003}]}, {"source": 2, "prod": 3708.5, "target": 28, "value": 13.88045057375343, "supply": [{"l": "Tomatoes", "v": 1.20115666437}, {"l": "Vegetables, Other", "v": 10.66396997961}, {"l": "Onions", "v": 1.06517666463}]}, {"source": 21, "prod": 6208.4000000000005, "target": 28, "value": 7.2155404306479998, "supply": [{"l": "Sugar beet", "v": 7.2155404306479998}]}, {"source": 4, "prod": 24115.5, "target": 28, "value": 84.082709839229992, "supply": [{"l": "Potatoes", "v": 84.082709839229992}]}, {"source": 5, "prod": 457.5, "target": 28, "value": 1.6494953550332236, "supply": [{"l": "Peas", "v": 0.28939333278000007}, {"l": "Beans", "v": 0.16910333301}, {"l": "Pulses, Other", "v": 8.1545199121687588}]}, {"source": 7, "prod": 34826.0, "target": 28, "value": 117.12195682649939, "supply": [{"l": "Maize", "v": 1.0843533312600002}, {"l": "Rye", "v": 53.642366564100008}, {"l": "Barley", "v": 11.181739978620001}, {"l": "Rice", "v": 0.23011999956000007}, {"l": "Cereals, Other", "v": 4.8687403727910148}, {"l": "Wheat", "v": 31.624066606200007}, {"l": "Oats", "v": 19.30567329642}, {"l": "Sorghum", "v": 0.26498666616000005}, {"l": "Millet", "v": 0.18827999964000003}]}, {"source": 29, "prod": 0, "target": 19, "value": 4.0199137259897707e-06, "supply": "[{\"l\":'Energy for power irrigation',\"v\":4.0199137259897707e-06}]"}, {"source": 29, "prod": 0, "target": 2, "value": 1.8740226339199326e-05, "supply": "[{\"l\":'Energy for power irrigation',\"v\":1.8740226339199326e-05}]"}, {"source": 29, "prod": 0, "target": 21, "value": 7.8432534181127877e-05, "supply": "[{\"l\":'Energy for power irrigation',\"v\":7.8432534181127877e-05}]"}, {"source": 29, "prod": 0, "target": 4, "value": 0.00024372653540944388, "supply": "[{\"l\":'Energy for power irrigation',\"v\":0.00024372653540944388}]"}, {"source": 29, "prod": 0, "target": 5, "value": 2.3118925576873916e-06, "supply": "[{\"l\":'Energy for power irrigation',\"v\":2.3118925576873916e-06}]"}, {"source": 29, "prod": 0, "target": 18, "value": 6.1170403083728683e-06, "supply": "[{\"l\":'Energy for power irrigation',\"v\":6.1170403083728683e-06}]"}, {"source": 29, "prod": 0, "target": 7, "value": 8.7993410069968415e-05, "supply": "[{\"l\":'Energy for power irrigation',\"v\":8.7993410069968415e-05}]"}, {"source": 29, "prod": 0, "target": 16, "value": 1.2633292664958424e-08, "supply": "[{\"l\":'Energy for power irrigation',\"v\":1.2633292664958424e-08}]"}, {"source": 29, "prod": 0, "target": 20, "value": 1.1273294671894576, "supply": "[{\"l\":'Electricity',\"v\":1.1273294671894576}]"}, {"source": 30, "prod": 0, "target": 29, "value": 2.8356251889719988, "supply": [{"l": "Coal", "v": 2.8110982439676011}, {"l": "Natural gas", "v": 0.0028407590556459171}, {"l": "Oil", "v": 0.021686185948751709}]}, {"source": 31, "prod": 0, "target": 29, "value": 0.022056126767877503, "supply": [{"l": "Nuclear", "v": 0.0}, {"l": "Hydroelectric", "v": 0.021086626690168603}, {"l": "Renewable", "v": 0.0009695000777089005}]}, {"source": 30, "prod": 0, "target": 19, "value": 0.1749133269003853, "supply": [{"l": "Motor Gasoline", "v": 0.0024276222964850613}, {"l": "Gas-Diesel oil", "v": 0.057967017273631995}, {"l": "Natural gas (including LNG)", "v": 0.0080648150332266345}, {"l": "Fuel oil", "v": 0.004904648540382528}, {"l": "Liquefied petroleum gas (LPG)", "v": 0.0019938623827703314}, {"l": "Coal", "v": 0.09955536137388879}]}, {"source": 30, "prod": 0, "target": 2, "value": 0.8154193247141156, "supply": [{"l": "Motor Gasoline", "v": 0.011317205891282024}, {"l": "Gas-Diesel oil", "v": 0.27023341742207951}, {"l": "Natural gas (including LNG)", "v": 0.037596940981421717}, {"l": "Fuel oil", "v": 0.022864725470783918}, {"l": "Liquefied petroleum gas (LPG)", "v": 0.0092950831508532682}, {"l": "Coal", "v": 0.46411195179769532}]}, {"source": 30, "prod": 0, "target": 21, "value": 3.4127338112141805, "supply": [{"l": "Motor Gasoline", "v": 0.047365337100873206}, {"l": "Gas-Diesel oil", "v": 1.1309944375915049}, {"l": "Natural gas (including LNG)", "v": 0.15735260104426221}, {"l": "Fuel oil", "v": 0.095694594588657728}, {"l": "Liquefied petroleum gas (LPG)", "v": 0.038902247697018624}, {"l": "Coal", "v": 1.9424245931918642}]}, {"source": 30, "prod": 0, "target": 4, "value": 10.604958730021979, "supply": [{"l": "Motor Gasoline", "v": 0.14718623630643743}, {"l": "Gas-Diesel oil", "v": 3.5145282339717721}, {"l": "Natural gas (including LNG)", "v": 0.48896806268705689}, {"l": "Fuel oil", "v": 0.29736782369728437}, {"l": "Liquefied petroleum gas (LPG)", "v": 0.12088746270697154}, {"l": "Coal", "v": 6.036020910652458}]}, {"source": 30, "prod": 0, "target": 5, "value": 0.10059440233428824, "supply": [{"l": "Motor Gasoline", "v": 0.0013961498436730554}, {"l": "Gas-Diesel oil", "v": 0.033337410939895215}, {"l": "Natural gas (including LNG)", "v": 0.0046381557230687435}, {"l": "Fuel oil", "v": 0.0028207123912319383}, {"l": "Liquefied petroleum gas (LPG)", "v": 0.0011466901824229124}, {"l": "Coal", "v": 0.05725528325399639}]}, {"source": 30, "prod": 0, "target": 18, "value": 0.26616289404514948, "supply": [{"l": "Motor Gasoline", "v": 0.0036940751601447727}, {"l": "Gas-Diesel oil", "v": 0.088207510257362079}, {"l": "Natural gas (including LNG)", "v": 0.012272103831201558}, {"l": "Fuel oil", "v": 0.0074633275400792587}, {"l": "Liquefied petroleum gas (LPG)", "v": 0.0030340294334927549}, {"l": "Coal", "v": 0.15149184782286912}]}, {"source": 30, "prod": 0, "target": 7, "value": 3.8287438860042862, "supply": [{"l": "Motor Gasoline", "v": 0.05313914148170254}, {"l": "Gas-Diesel oil", "v": 1.2688619381341972}, {"l": "Natural gas (including LNG)", "v": 0.17653378274490933}, {"l": "Fuel oil", "v": 0.1073597046306486}, {"l": "Liquefied petroleum gas (LPG)", "v": 0.043644406877661579}, {"l": "Coal", "v": 2.1792049121351673}]}, {"source": 30, "prod": 0, "target": 16, "value": 0.00054969618761906136, "supply": [{"l": "Motor Gasoline", "v": 7.629234118431997e-06}, {"l": "Gas-Diesel oil", "v": 0.00018217164448030169}, {"l": "Natural gas (including LNG)", "v": 2.5345113240812806e-05}, {"l": "Fuel oil", "v": 1.5413728913835726e-05}, {"l": "Liquefied petroleum gas (LPG)", "v": 6.2660665706170073e-06}, {"l": "Coal", "v": 0.00031287040029506221}]}, {"source": 30, "prod": 0, "target": 1, "value": 0.063616157458300335, "supply": [{"l": "Gas-diesel oils used in fisheries", "v": 0.024300972241662996}, {"l": "Fuel oil used in fisheries", "v": 0.039315185216637336}]}, {"source": 32, "prod": 16.653482195998535, "target": 19, "value": 0.13635859309779552, "supply": [{"l": "Potash", "v": 1.98303217103087}, {"l": "Phosphate", "v": 1.8971166681843599}, {"l": "Nitrogen", "v": 11.095812897765537}]}, {"source": 32, "prod": 77.636000909944144, "target": 2, "value": 0.6356830201171273, "supply": [{"l": "Potash", "v": 1.98303217103087}, {"l": "Phosphate", "v": 1.8971166681843599}, {"l": "Nitrogen", "v": 11.095812897765537}]}, {"source": 32, "prod": 324.92608065882246, "target": 21, "value": 2.6604924242248704, "supply": [{"l": "Potash", "v": 1.98303217103087}, {"l": "Phosphate", "v": 1.8971166681843599}, {"l": "Nitrogen", "v": 11.095812897765537}]}, {"source": 32, "prod": 1009.6971713327533, "target": 4, "value": 8.2673932164673491, "supply": [{"l": "Potash", "v": 1.98303217103087}, {"l": "Phosphate", "v": 1.8971166681843599}, {"l": "Nitrogen", "v": 11.095812897765537}]}, {"source": 32, "prod": 9.5775840410676683, "target": 5, "value": 0.078421189619411011, "supply": [{"l": "Potash", "v": 1.98303217103087}, {"l": "Phosphate", "v": 1.8971166681843599}, {"l": "Nitrogen", "v": 11.095812897765537}]}, {"source": 32, "prod": 25.341345315218387, "target": 18, "value": 0.20749475417332683, "supply": [{"l": "Potash", "v": 1.98303217103087}, {"l": "Phosphate", "v": 1.8971166681843599}, {"l": "Nitrogen", "v": 11.095812897765537}]}, {"source": 32, "prod": 364.53436263849466, "target": 7, "value": 2.9848047537547626, "supply": [{"l": "Potash", "v": 1.98303217103087}, {"l": "Phosphate", "v": 1.8971166681843599}, {"l": "Nitrogen", "v": 11.095812897765537}]}, {"source": 32, "prod": 0.052336524814577422, "target": 16, "value": 0.00042853109081645365, "supply": [{"l": "Potash", "v": 1.98303217103087}, {"l": "Phosphate", "v": 1.8971166681843599}, {"l": "Nitrogen", "v": 11.095812897765537}]}, {"source": 30, "prod": 0, "target": 32, "value": 19.624777476617005, "supply": [{"l": "Natural gas (including LNG)", "v": 12.701569229785658}, {"l": "Fuel oil", "v": 4.9617882363695571}, {"l": "Liquefied petroleum gas (LPG)", "v": 0.98071000523089547}, {"l": "Coal", "v": 0.98071000523089547}]}, {"source": 33, "prod": 0, "target": 4, "value": 2.3692769310999999, "supply": "[{\"l\":'Labor',\"v\":2.3692769310999999}]"}, {"source": 33, "prod": 0, "target": 11, "value": 9.8247058161763189e-05, "supply": "[{\"l\":'Labor',\"v\":9.8247058161763189e-05}]"}, {"source": 33, "prod": 0, "target": 2, "value": 0.18217460759644941, "supply": "[{\"l\":'Labor',\"v\":0.18217460759644941}]"}, {"source": 33, "prod": 0, "target": 21, "value": 0.76244629486436322, "supply": "[{\"l\":'Labor',\"v\":0.76244629486436322}]"}, {"source": 33, "prod": 0, "target": 5, "value": 0.022474014554503329, "supply": "[{\"l\":'Labor',\"v\":0.022474014554503329}]"}, {"source": 33, "prod": 0, "target": 12, "value": 0.00014737058724264478, "supply": "[{\"l\":'Labor',\"v\":0.00014737058724264478}]"}, {"source": 33, "prod": 0, "target": 7, "value": 0.85538801188539115, "supply": "[{\"l\":'Labor',\"v\":0.85538801188539115}]"}, {"source": 33, "prod": 0, "target": 16, "value": 0.00012280882270220399, "supply": "[{\"l\":'Labor',\"v\":0.00012280882270220399}]"}, {"source": 33, "prod": 0, "target": 17, "value": 0.0011544029334007175, "supply": "[{\"l\":'Labor',\"v\":0.0011544029334007175}]"}, {"source": 33, "prod": 0, "target": 18, "value": 0.059464031952407168, "supply": "[{\"l\":'Labor',\"v\":0.059464031952407168}]"}, {"source": 33, "prod": 0, "target": 19, "value": 0.039077767383841305, "supply": "[{\"l\":'Labor',\"v\":0.039077767383841305}]"}, {"source": 30, "prod": 0, "target": 24, "value": 48.219174351048608, "supply": "[{\"l\":'Fossil Fuels',\"v\":48.219174351048608}]"}, {"source": 31, "prod": 0, "target": 24, "value": 0.80547926842533935, "supply": "[{\"l\":'Renewables & Nuclear',\"v\":0.057383531889906567},{\"l\":'Biomass & Waste',\"v\":0.74809573653543282}]"}]}