{"nodes": [{"layer": 3, "name": "Maize"}, {"layer": 5, "name": "Production", "fill": "#b5cf6b"}, {"layer": 3, "name": "Rye"}, {"layer": 3, "name": "Fruits, Other"}, {"layer": 3, "name": "Barley"}, {"layer": 3, "name": "Tomatoes"}, {"layer": 3, "name": "Wheat"}, {"layer": 3, "name": "Vegetables, Other"}, {"layer": 3, "name": "Peas"}, {"layer": 3, "name": "Rape and Mustardseed"}, {"layer": 3, "name": "Oilcrops, Other"}, {"layer": 3, "name": "Oats"}, {"layer": 3, "name": "Potatoes"}, {"layer": 3, "name": "Cereals, Other"}, {"layer": 3, "name": "Beans"}, {"layer": 3, "name": "Apples"}, {"layer": 3, "name": "Sugar beet"}, {"layer": 3, "name": "Millet"}, {"layer": 3, "name": "Onions"}, {"layer": 3, "name": "Pulses, Other"}, {"layer": 1, "name": "Electricity", "fill": "#bcbd22"}, {"layer": 0, "name": "Fossil Fuels", "fill": "#c49c94"}, {"layer": 0, "name": "Renewables & Nuclear", "fill": "#2ca02c"}, {"layer": 1, "name": "Fertilizers", "fill": "#c5b0d5"}, {"layer": 0, "name": "Labor", "fill": "#7f7f7f"}], "links": [{"source": 0, "prod": 19.0, "target": 1, "value": 0.053073451845608938, "supply": [{"l": "Maize", "v": 0.053073451845608938}]}, {"source": 2, "prod": 7882.0, "target": 1, "value": 22.017102497215241, "supply": [{"l": "Rye", "v": 22.017102497215241}]}, {"source": 3, "prod": 551.0, "target": 1, "value": 0.31396029246457052, "supply": [{"l": "Fruits, Other", "v": 0.31396029246457052}]}, {"source": 4, "prod": 3909.0, "target": 1, "value": 8.855633354096847, "supply": [{"l": "Barley", "v": 8.855633354096847}]}, {"source": 5, "prod": 222.0, "target": 1, "value": 0.054005369524246422, "supply": [{"l": "Tomatoes", "v": 0.054005369524246422}]}, {"source": 6, "prod": 6408.0, "target": 1, "value": 18.181621716571019, "supply": [{"l": "Wheat", "v": 18.181621716571019}]}, {"source": 7, "prod": 3000.0, "target": 1, "value": 0.71695096746916731, "supply": [{"l": "Vegetables, Other", "v": 0.71695096746916731}]}, {"source": 8, "prod": 41.0, "target": 1, "value": 0.15967493853261472, "supply": [{"l": "Peas", "v": 0.15967493853261472}]}, {"source": 9, "prod": 523.0, "target": 1, "value": 3.5054900722447111, "supply": [{"l": "Rape and Mustardseed", "v": 3.5054900722447111}]}, {"source": 10, "prod": 54.0, "target": 1, "value": 0.38205149926949999, "supply": [{"l": "Oilcrops, Other", "v": 0.38205149926949999}]}, {"source": 11, "prod": 3244.0, "target": 1, "value": 7.7582163607527885, "supply": [{"l": "Oats", "v": 7.7582163607527885}]}, {"source": 12, "prod": 48519.0, "target": 1, "value": 37.84389872131441, "supply": [{"l": "Potatoes", "v": 37.84389872131441}]}, {"source": 13, "prod": 1503.0, "target": 1, "value": 4.861150504990972, "supply": [{"l": "Cereals, Other", "v": 4.861150504990972}]}, {"source": 14, "prod": 13.0, "target": 1, "value": 0.059127017744089294, "supply": [{"l": "Beans", "v": 0.059127017744089294}]}, {"source": 15, "prod": 594.0, "target": 1, "value": 0.33699825643111558, "supply": [{"l": "Apples", "v": 0.33699825643111558}]}, {"source": 16, "prod": 12971.0, "target": 1, "value": 15.075184415620001, "supply": [{"l": "Sugar beet", "v": 15.075184415620001}]}, {"source": 17, "prod": 13.0, "target": 1, "value": 0.036313414420679792, "supply": [{"l": "Millet", "v": 0.036313414420679792}]}, {"source": 18, "prod": 352.0, "target": 1, "value": 0.15439968742005053, "supply": [{"l": "Onions", "v": 0.15439968742005053}]}, {"source": 19, "prod": 268.0, "target": 1, "value": 1.0904132247521408, "supply": [{"l": "Pulses, Other", "v": 1.0904132247521408}]}, {"source": 20, "prod": 0, "target": 19, "value": 2.4795520953935196e-06, "supply": "[{\"l\":'Energy for power irrigation',\"v\":2.4795520953935196e-06}]"}, {"source": 20, "prod": 0, "target": 0, "value": 3.8534830139231377e-06, "supply": "[{\"l\":'Energy for power irrigation',\"v\":3.8534830139231377e-06}]"}, {"source": 20, "prod": 0, "target": 7, "value": 2.786720489300478e-05, "supply": "[{\"l\":'Energy for power irrigation',\"v\":2.786720489300478e-05}]"}, {"source": 20, "prod": 0, "target": 6, "value": 6.7993389362115586e-05, "supply": "[{\"l\":'Energy for power irrigation',\"v\":6.7993389362115586e-05}]"}, {"source": 20, "prod": 0, "target": 11, "value": 3.0369887138541895e-05, "supply": "[{\"l\":'Energy for power irrigation',\"v\":3.0369887138541895e-05}]"}, {"source": 20, "prod": 0, "target": 12, "value": 0.00044891458001694503, "supply": "[{\"l\":'Energy for power irrigation',\"v\":0.00044891458001694503}]"}, {"source": 20, "prod": 0, "target": 2, "value": 7.4104375030053718e-05, "supply": "[{\"l\":'Energy for power irrigation',\"v\":7.4104375030053718e-05}]"}, {"source": 20, "prod": 0, "target": 3, "value": 5.3476907131994569e-06, "supply": "[{\"l\":'Energy for power irrigation',\"v\":5.3476907131994569e-06}]"}, {"source": 20, "prod": 0, "target": 8, "value": 3.8858652241241727e-07, "supply": "[{\"l\":'Energy for power irrigation',\"v\":3.8858652241241727e-07}]"}, {"source": 20, "prod": 0, "target": 17, "value": 1.1565075071798132e-07, "supply": "[{\"l\":'Energy for power irrigation',\"v\":1.1565075071798132e-07}]"}, {"source": 20, "prod": 0, "target": 9, "value": 4.8388274100403385e-06, "supply": "[{\"l\":'Energy for power irrigation',\"v\":4.8388274100403385e-06}]"}, {"source": 20, "prod": 0, "target": 4, "value": 4.1412220817094755e-05, "supply": "[{\"l\":'Energy for power irrigation',\"v\":4.1412220817094755e-05}]"}, {"source": 20, "prod": 0, "target": 16, "value": 0.00012000847100503487, "supply": "[{\"l\":'Energy for power irrigation',\"v\":0.00012000847100503487}]"}, {"source": 20, "prod": 0, "target": 14, "value": 1.2027678074670058e-07, "supply": "[{\"l\":'Energy for power irrigation',\"v\":1.2027678074670058e-07}]"}, {"source": 20, "prod": 0, "target": 10, "value": 5.8750581364734515e-07, "supply": "[{\"l\":'Energy for power irrigation',\"v\":5.8750581364734515e-07}]"}, {"source": 20, "prod": 0, "target": 18, "value": 3.2567251402183543e-06, "supply": "[{\"l\":'Energy for power irrigation',\"v\":3.2567251402183543e-06}]"}, {"source": 20, "prod": 0, "target": 13, "value": 1.3919724356416232e-05, "supply": "[{\"l\":'Energy for power irrigation',\"v\":1.3919724356416232e-05}]"}, {"source": 20, "prod": 0, "target": 5, "value": 2.2251204438139608e-06, "supply": "[{\"l\":'Energy for power irrigation',\"v\":2.2251204438139608e-06}]"}, {"source": 20, "prod": 0, "target": 15, "value": 5.9814568271339943e-06, "supply": "[{\"l\":'Energy for power irrigation',\"v\":5.9814568271339943e-06}]"}, {"source": 21, "prod": 0, "target": 20, "value": 0.0021428738478556685, "supply": [{"l": "Coal", "v": 0.0020788835998512036}, {"l": "Natural gas", "v": 1.0715455783229682e-05}, {"l": "Oil", "v": 5.3274792221235199e-05}]}, {"source": 22, "prod": 0, "target": 20, "value": 2.2172909108211688e-05, "supply": [{"l": "Nuclear", "v": 0.0}, {"l": "Hydroelectric", "v": 1.996220327858515e-05}, {"l": "Renewable", "v": 2.210705829626539e-06}]}, {"source": 21, "prod": 0, "target": 19, "value": 0.055532300561792591, "supply": [{"l": "Motor Gasoline", "v": 0.00077073287329154682}, {"l": "Gas-Diesel oil", "v": 0.018403639579408534}, {"l": "Natural gas (including LNG)", "v": 0.0025604551713516014}, {"l": "Fuel oil", "v": 0.0015571507427195354}, {"l": "Liquefied petroleum gas (LPG)", "v": 0.00063302074850998726}, {"l": "Coal", "v": 0.031607301446511395}]}, {"source": 21, "prod": 0, "target": 0, "value": 0.086302996955173947, "supply": [{"l": "Motor Gasoline", "v": 0.0011977994094251093}, {"l": "Gas-Diesel oil", "v": 0.028601178674715132}, {"l": "Natural gas (including LNG)", "v": 0.0039792148465221718}, {"l": "Fuel oil", "v": 0.0024199749415771887}, {"l": "Liquefied petroleum gas (LPG)", "v": 0.00098378037968063314}, {"l": "Coal", "v": 0.04912104870325372}]}, {"source": 21, "prod": 0, "target": 7, "value": 0.62411675108999742, "supply": [{"l": "Motor Gasoline", "v": 0.0086621172177393253}, {"l": "Gas-Diesel oil", "v": 0.20683493437753178}, {"l": "Natural gas (including LNG)", "v": 0.028776458866085913}, {"l": "Fuel oil", "v": 0.017500515063698662}, {"l": "Liquefied petroleum gas (LPG)", "v": 0.0071143973675823948}, {"l": "Coal", "v": 0.35522832819735944}]}, {"source": 21, "prod": 0, "target": 6, "value": 1.5227868538381113, "supply": [{"l": "Motor Gasoline", "v": 0.021134760767983502}, {"l": "Gas-Diesel oil", "v": 0.50465801219803486}, {"l": "Natural gas (including LNG)", "v": 0.070211884530831797}, {"l": "Fuel oil", "v": 0.042699629881514427}, {"l": "Liquefied petroleum gas (LPG)", "v": 0.017358468211939915}, {"l": "Coal", "v": 0.86672409824780694}]}, {"source": 21, "prod": 0, "target": 11, "value": 0.68016707684359778, "supply": [{"l": "Motor Gasoline", "v": 0.0094400397633563529}, {"l": "Gas-Diesel oil", "v": 0.22541024969928553}, {"l": "Natural gas (including LNG)", "v": 0.031360798880453851}, {"l": "Fuel oil", "v": 0.019072191466331625}, {"l": "Liquefied petroleum gas (LPG)", "v": 0.007753323160388184}, {"l": "Coal", "v": 0.3871304738737823}]}, {"source": 21, "prod": 0, "target": 12, "value": 10.053936527643499, "supply": [{"l": "Motor Gasoline", "v": 0.13953859842739738}, {"l": "Gas-Diesel oil", "v": 3.3319171425846714}, {"l": "Natural gas (including LNG)", "v": 0.46356181022972159}, {"l": "Fuel oil", "v": 0.28191691273180308}, {"l": "Liquefied petroleum gas (LPG)", "v": 0.11460628070178672}, {"l": "Coal", "v": 5.7223957829681202}]}, {"source": 21, "prod": 0, "target": 2, "value": 1.6596491095137231, "supply": [{"l": "Motor Gasoline", "v": 0.023034272196375542}, {"l": "Gas-Diesel oil", "v": 0.55001474332564437}, {"l": "Natural gas (including LNG)", "v": 0.076522260055748706}, {"l": "Fuel oil", "v": 0.04653730923064224}, {"l": "Liquefied petroleum gas (LPG)", "v": 0.018918580914890834}, {"l": "Coal", "v": 0.94462194379042175}]}, {"source": 21, "prod": 0, "target": 3, "value": 0.11976742434595568, "supply": [{"l": "Motor Gasoline", "v": 0.0016622522416511721}, {"l": "Gas-Diesel oil", "v": 0.03969143163021692}, {"l": "Natural gas (including LNG)", "v": 0.0055221757053777083}, {"l": "Fuel oil", "v": 0.00335833257198467}, {"l": "Liquefied petroleum gas (LPG)", "v": 0.0013652462411894502}, {"l": "Coal", "v": 0.068167985955535776}]}, {"source": 21, "prod": 0, "target": 8, "value": 0.0087028232223704816, "supply": [{"l": "Motor Gasoline", "v": 0.00012078649506807825}, {"l": "Gas-Diesel oil", "v": 0.0028841524713998454}, {"l": "Natural gas (including LNG)", "v": 0.00040126536267450473}, {"l": "Fuel oil", "v": 0.00024403108654559886}, {"l": "Liquefied petroleum gas (LPG)", "v": 9.9204744169475629e-05}, {"l": "Coal", "v": 0.0049533830625129805}]}, {"source": 21, "prod": 0, "target": 17, "value": 0.0025901259590388336, "supply": [{"l": "Motor Gasoline", "v": 3.5948361627404239e-05}, {"l": "Gas-Diesel oil", "v": 0.00085837871172614441}, {"l": "Natural gas (including LNG)", "v": 0.00011942421508169783}, {"l": "Fuel oil", "v": 7.2628299567142505e-05}, {"l": "Liquefied petroleum gas (LPG)", "v": 2.95252214790106e-05}, {"l": "Coal", "v": 0.0014742211495574345}]}, {"source": 21, "prod": 0, "target": 9, "value": 0.10837087012618481, "supply": [{"l": "Motor Gasoline", "v": 0.0015040794504905934}, {"l": "Gas-Diesel oil", "v": 0.035914565298621887}, {"l": "Natural gas (including LNG)", "v": 0.0049967091590182372}, {"l": "Fuel oil", "v": 0.0030387680538892427}, {"l": "Liquefied petroleum gas (LPG)", "v": 0.0012353352666818035}, {"l": "Coal", "v": 0.061681412897483065}]}, {"source": 21, "prod": 0, "target": 4, "value": 0.92747230341262565, "supply": [{"l": "Motor Gasoline", "v": 0.012872389331540911}, {"l": "Gas-Diesel oil", "v": 0.30736824909489779}, {"l": "Natural gas (including LNG)", "v": 0.042763422936454361}, {"l": "Fuel oil", "v": 0.026006741509002392}, {"l": "Liquefied petroleum gas (LPG)", "v": 0.010572391307204117}, {"l": "Coal", "v": 0.52788910923352617}]}, {"source": 21, "prod": 0, "target": 16, "value": 2.6877219051754171, "supply": [{"l": "Motor Gasoline", "v": 0.037302895893524833}, {"l": "Gas-Diesel oil", "v": 0.89072242158398562}, {"l": "Natural gas (including LNG)", "v": 0.12392411950597622}, {"l": "Fuel oil", "v": 0.075364933894832453}, {"l": "Liquefied petroleum gas (LPG)", "v": 0.030637731824339723}, {"l": "Coal", "v": 1.5297698024727588}]}, {"source": 21, "prod": 0, "target": 14, "value": 0.0026937309974003872, "supply": [{"l": "Motor Gasoline", "v": 3.738629609250041e-05}, {"l": "Gas-Diesel oil", "v": 0.0008927138601951902}, {"l": "Natural gas (including LNG)", "v": 0.00012420118368496576}, {"l": "Fuel oil", "v": 7.5533431549828218e-05}, {"l": "Liquefied petroleum gas (LPG)", "v": 3.0706230338171022e-05}, {"l": "Coal", "v": 0.0015331899955397319}]}, {"source": 21, "prod": 0, "target": 10, "value": 0.013157839871917276, "supply": [{"l": "Motor Gasoline", "v": 0.00018261767706721354}, {"l": "Gas-Diesel oil", "v": 0.0043605638555688142}, {"l": "Natural gas (including LNG)", "v": 0.00060667501261502501}, {"l": "Fuel oil", "v": 0.00036895176180108398}, {"l": "Liquefied petroleum gas (LPG)", "v": 0.00014998812511337386}, {"l": "Coal", "v": 0.0074890434397517679}]}, {"source": 21, "prod": 0, "target": 18, "value": 0.072937947006533568, "supply": [{"l": "Motor Gasoline", "v": 0.0010123058634277035}, {"l": "Gas-Diesel oil", "v": 0.024171944522208229}, {"l": "Natural gas (including LNG)", "v": 0.0033629858967006111}, {"l": "Fuel oil", "v": 0.0020452129158107335}, {"l": "Liquefied petroleum gas (LPG)", "v": 0.00083143023684893855}, {"l": "Coal", "v": 0.041514067571537361}]}, {"source": 21, "prod": 0, "target": 13, "value": 0.31174756042991403, "supply": [{"l": "Motor Gasoline", "v": 0.0043267448054743743}, {"l": "Gas-Diesel oil", "v": 0.10331446174335875}, {"l": "Natural gas (including LNG)", "v": 0.014373898527233151}, {"l": "Fuel oil", "v": 0.0087415421359012726}, {"l": "Liquefied petroleum gas (LPG)", "v": 0.0035536556572137159}, {"l": "Coal", "v": 0.17743725756073281}]}, {"source": 21, "prod": 0, "target": 5, "value": 0.049834023451907163, "supply": [{"l": "Motor Gasoline", "v": 0.00069164647771125757}, {"l": "Gas-Diesel oil", "v": 0.016515206413611021}, {"l": "Natural gas (including LNG)", "v": 0.0022977218981718663}, {"l": "Fuel oil", "v": 0.001397368483671822}, {"l": "Liquefied petroleum gas (LPG)", "v": 0.00056806526125616403}, {"l": "Coal", "v": 0.028364014917485043}]}, {"source": 21, "prod": 0, "target": 15, "value": 0.1339613146014885, "supply": [{"l": "Motor Gasoline", "v": 0.0018592492633693473}, {"l": "Gas-Diesel oil", "v": 0.044395346970476195}, {"l": "Natural gas (including LNG)", "v": 0.0061766204040254128}, {"l": "Fuel oil", "v": 0.0037563356536126111}, {"l": "Liquefied petroleum gas (LPG)", "v": 0.0015270444548944285}, {"l": "Coal", "v": 0.076246717855110516}]}, {"source": 23, "prod": 10.002671916038809, "target": 19, "value": 0.082009498566240679, "supply": [{"l": "Potash", "v": 3.6678404779342721}, {"l": "Phosphate", "v": 3.7314786696518496}, {"l": "Nitrogen", "v": 20.970306252887355}]}, {"source": 23, "prod": 15.545197212799119, "target": 0, "value": 0.12745132892850464, "supply": [{"l": "Potash", "v": 3.6678404779342721}, {"l": "Phosphate", "v": 3.7314786696518496}, {"l": "Nitrogen", "v": 20.970306252887355}]}, {"source": 23, "prod": 112.41808884742125, "target": 7, "value": 0.92168884209521262, "supply": [{"l": "Potash", "v": 3.6678404779342721}, {"l": "Phosphate", "v": 3.7314786696518496}, {"l": "Nitrogen", "v": 20.970306252887355}]}, {"source": 23, "prod": 274.28968623495973, "target": 6, "value": 2.2488350931466523, "supply": [{"l": "Potash", "v": 3.6678404779342721}, {"l": "Phosphate", "v": 3.7314786696518496}, {"l": "Nitrogen", "v": 20.970306252887355}]}, {"source": 23, "prod": 122.51406927013952, "target": 11, "value": 1.0044633546406159, "supply": [{"l": "Potash", "v": 3.6678404779342721}, {"l": "Phosphate", "v": 3.7314786696518496}, {"l": "Nitrogen", "v": 20.970306252887355}]}, {"source": 23, "prod": 1810.9501593364218, "target": 12, "value": 14.847544310385377, "supply": [{"l": "Potash", "v": 3.6678404779342721}, {"l": "Phosphate", "v": 3.7314786696518496}, {"l": "Nitrogen", "v": 20.970306252887355}]}, {"source": 23, "prod": 298.9417936996748, "target": 2, "value": 2.4509517864414359, "supply": [{"l": "Potash", "v": 3.6678404779342721}, {"l": "Phosphate", "v": 3.7314786696518496}, {"l": "Nitrogen", "v": 20.970306252887355}]}, {"source": 23, "prod": 21.572926744292658, "target": 3, "value": 0.17687123198241464, "supply": [{"l": "Potash", "v": 3.6678404779342721}, {"l": "Phosphate", "v": 3.7314786696518496}, {"l": "Nitrogen", "v": 20.970306252887355}]}, {"source": 23, "prod": 1.5675829122150373, "target": 8, "value": 0.012852234849933242, "supply": [{"l": "Potash", "v": 3.6678404779342721}, {"l": "Phosphate", "v": 3.7314786696518496}, {"l": "Nitrogen", "v": 20.970306252887355}]}, {"source": 23, "prod": 0.46654253339733248, "target": 17, "value": 0.0038250698958134646, "supply": [{"l": "Potash", "v": 3.6678404779342721}, {"l": "Phosphate", "v": 3.7314786696518496}, {"l": "Nitrogen", "v": 20.970306252887355}]}, {"source": 23, "prod": 19.520139597344393, "target": 9, "value": 0.16004092444083537, "supply": [{"l": "Potash", "v": 3.6678404779342721}, {"l": "Phosphate", "v": 3.7314786696518496}, {"l": "Nitrogen", "v": 20.970306252887355}]}, {"source": 23, "prod": 167.05955035891682, "target": 4, "value": 1.3696810282928855, "supply": [{"l": "Potash", "v": 3.6678404779342721}, {"l": "Phosphate", "v": 3.7314786696518496}, {"l": "Nitrogen", "v": 20.970306252887355}]}, {"source": 23, "prod": 484.12185605574405, "target": 16, "value": 3.9691985294877163, "supply": [{"l": "Potash", "v": 3.6678404779342721}, {"l": "Phosphate", "v": 3.7314786696518496}, {"l": "Nitrogen", "v": 20.970306252887355}]}, {"source": 23, "prod": 0.48520423473322583, "target": 14, "value": 0.0039780726916460035, "supply": [{"l": "Potash", "v": 3.6678404779342721}, {"l": "Phosphate", "v": 3.7314786696518496}, {"l": "Nitrogen", "v": 20.970306252887355}]}, {"source": 23, "prod": 2.3700360696584495, "target": 10, "value": 0.019431355070732403, "supply": [{"l": "Potash", "v": 3.6678404779342721}, {"l": "Phosphate", "v": 3.7314786696518496}, {"l": "Nitrogen", "v": 20.970306252887355}]}, {"source": 23, "prod": 13.137837740468884, "target": 18, "value": 0.10771396826610717, "supply": [{"l": "Potash", "v": 3.6678404779342721}, {"l": "Phosphate", "v": 3.7314786696518496}, {"l": "Nitrogen", "v": 20.970306252887355}]}, {"source": 23, "prod": 56.15305931970294, "target": 13, "value": 0.46038541266010863, "supply": [{"l": "Potash", "v": 3.6678404779342721}, {"l": "Phosphate", "v": 3.7314786696518496}, {"l": "Nitrogen", "v": 20.970306252887355}]}, {"source": 23, "prod": 8.9762783425646777, "target": 5, "value": 0.073594344795451072, "supply": [{"l": "Potash", "v": 3.6678404779342721}, {"l": "Phosphate", "v": 3.7314786696518496}, {"l": "Nitrogen", "v": 20.970306252887355}]}, {"source": 23, "prod": 24.129579827310039, "target": 15, "value": 0.19783261501147242, "supply": [{"l": "Potash", "v": 3.6678404779342721}, {"l": "Phosphate", "v": 3.7314786696518496}, {"l": "Nitrogen", "v": 20.970306252887355}]}, {"source": 21, "prod": 0, "target": 23, "value": 37.076689181596755, "supply": [{"l": "Natural gas (including LNG)", "v": 24.039919637494251}, {"l": "Fuel oil", "v": 9.3298236277552427}, {"l": "Liquefied petroleum gas (LPG)", "v": 1.8534729581736329}, {"l": "Coal", "v": 1.8534729581736329}]}, {"source": 24, "prod": 0, "target": 19, "value": 0.01364471108275055, "supply": "[{\"l\":'Labor',\"v\":0.01364471108275055}]"}, {"source": 24, "prod": 0, "target": 0, "value": 0.021205306589423899, "supply": "[{\"l\":'Labor',\"v\":0.021205306589423899}]"}, {"source": 24, "prod": 0, "target": 7, "value": 0.1533502603777786, "supply": "[{\"l\":'Labor',\"v\":0.1533502603777786}]"}, {"source": 24, "prod": 0, "target": 6, "value": 0.37416037965348437, "supply": "[{\"l\":'Labor',\"v\":0.37416037965348437}]"}, {"source": 24, "prod": 0, "target": 11, "value": 0.16712225421316673, "supply": "[{\"l\":'Labor',\"v\":0.16712225421316673}]"}, {"source": 24, "prod": 0, "target": 12, "value": 2.470329119741038, "supply": "[{\"l\":'Labor',\"v\":2.470329119741038}]"}, {"source": 24, "prod": 0, "target": 2, "value": 0.40778848290033787, "supply": "[{\"l\":'Labor',\"v\":0.40778848290033787}]"}, {"source": 24, "prod": 0, "target": 3, "value": 0.029427772409812758, "supply": "[{\"l\":'Labor',\"v\":0.029427772409812758}]"}, {"source": 24, "prod": 0, "target": 8, "value": 0.0021383502443116536, "supply": "[{\"l\":'Labor',\"v\":0.0021383502443116536}]"}, {"source": 24, "prod": 0, "target": 17, "value": 0.00063641376318799214, "supply": "[{\"l\":'Labor',\"v\":0.00063641376318799214}]"}, {"source": 24, "prod": 0, "target": 9, "value": 0.026627551851785593, "supply": "[{\"l\":'Labor',\"v\":0.026627551851785593}]"}, {"source": 24, "prod": 0, "target": 4, "value": 0.22788704032235624, "supply": "[{\"l\":'Labor',\"v\":0.22788704032235624}]"}, {"source": 24, "prod": 0, "target": 16, "value": 0.66039383378491567, "supply": "[{\"l\":'Labor',\"v\":0.66039383378491567}]"}, {"source": 24, "prod": 0, "target": 14, "value": 0.00066187031371551185, "supply": "[{\"l\":'Labor',\"v\":0.00066187031371551185}]"}, {"source": 24, "prod": 0, "target": 10, "value": 0.0032329819169950001, "supply": "[{\"l\":'Labor',\"v\":0.0032329819169950001}]"}, {"source": 24, "prod": 0, "target": 18, "value": 0.01792141157137386, "supply": "[{\"l\":'Labor',\"v\":0.01792141157137386}]"}, {"source": 24, "prod": 0, "target": 13, "value": 0.076598760537306729, "supply": "[{\"l\":'Labor',\"v\":0.076598760537306729}]"}, {"source": 24, "prod": 0, "target": 5, "value": 0.012244600803736969, "supply": "[{\"l\":'Labor',\"v\":0.012244600803736969}]"}, {"source": 24, "prod": 0, "target": 15, "value": 0.032915319832082957, "supply": "[{\"l\":'Labor',\"v\":0.032915319832082957}]"}]}