{"nodes": [{"layer": 5, "name": "Maize"}, {"layer": 10, "name": "Feed", "fill": "#dbdb8d"}, {"layer": 5, "name": "Rye"}, {"layer": 5, "name": "Wheat"}, {"layer": 5, "name": "Oats"}, {"layer": 5, "name": "Potatoes"}, {"layer": 13, "name": "Eggs"}, {"layer": 5, "name": "Vegetables, Other"}, {"layer": 5, "name": "Peas"}, {"layer": 5, "name": "Millet"}, {"layer": 13, "name": "Milk - Excluding Butter"}, {"layer": 13, "name": "Pelagic Fish"}, {"layer": 13, "name": "Fish, Liver Oil"}, {"layer": 13, "name": "Fish, Seafood"}, {"layer": 5, "name": "Sorghum"}, {"layer": 5, "name": "Cereals, Other"}, {"layer": 5, "name": "Pulses, Other"}, {"layer": 5, "name": "Barley"}, {"layer": 16, "name": "Food", "fill": "#b5cf6b"}, {"layer": 5, "name": "Nuts"}, {"layer": 5, "name": "Dates"}, {"layer": 13, "name": "Sugar", "fill": "#d6616b"}, {"layer": 13, "name": "Oilcrops Oil, Other"}, {"layer": 13, "name": "Beer"}, {"layer": 13, "name": "Groundnut Oil"}, {"layer": 13, "name": "Beverages, Alcoholic"}, {"layer": 13, "name": "Honey"}, {"layer": 5, "name": "Rice"}, {"layer": 13, "name": "Butter, Ghee"}, {"layer": 5, "name": "Tomatoes"}, {"layer": 13, "name": "Fats, Animals, Raw"}, {"layer": 5, "name": "Pepper"}, {"layer": 13, "name": "Soyabean Oil"}, {"layer": 5, "name": "Treenuts"}, {"layer": 13, "name": "Marine Fish, Other"}, {"layer": 5, "name": "Grapes"}, {"layer": 5, "name": "Groundnuts"}, {"layer": 13, "name": "Palm Oil"}, {"layer": 13, "name": "Wine"}, {"layer": 13, "name": "Sunflowerseed Oil"}, {"layer": 13, "name": "Olive Oil"}, {"layer": 13, "name": "Pigmeat"}, {"layer": 5, "name": "Cocoa Beans"}, {"layer": 13, "name": "Freshwater Fish"}, {"layer": 5, "name": "Coffee"}, {"layer": 13, "name": "Rape and Mustard Oil"}, {"layer": 5, "name": "Beans"}, {"layer": 5, "name": "Apples"}, {"layer": 13, "name": "Meat, Other"}, {"layer": 5, "name": "Lemons, Limes"}, {"layer": 13, "name": "Mutton & Goat Meat"}, {"layer": 13, "name": "Sweeteners, Other"}, {"layer": 5, "name": "Bananas"}, {"layer": 13, "name": "Beverages, Fermented"}, {"layer": 5, "name": "Spices, Other"}, {"layer": 13, "name": "Bovine Meat"}, {"layer": 5, "name": "Fruits, Other"}, {"layer": 13, "name": "Poultry Meat"}, {"layer": 13, "name": "Offals, Edible"}, {"layer": 5, "name": "Grapefruit"}, {"layer": 13, "name": "Demersal Fish"}, {"layer": 5, "name": "Oranges, Mandarines"}, {"layer": 5, "name": "Tea"}, {"layer": 5, "name": "Onions"}, {"layer": 13, "name": "Cream"}, {"layer": 10, "name": "Processing", "fill": "#9edae5"}, {"layer": 5, "name": "Soyabeans"}, {"layer": 5, "name": "Rape and Mustardseed"}, {"layer": 5, "name": "Sugar beet"}, {"layer": 5, "name": "Oilcrops, Other"}, {"layer": 5, "name": "Coconuts - Incl Copra"}, {"layer": 5, "name": "Palm kernels"}, {"layer": 16, "name": "Biofuels & Other", "fill": "#e7ba52"}, {"layer": 13, "name": "Alcohol, Non-Food"}, {"layer": 13, "name": "Coconut Oil"}, {"layer": 13, "name": "Cottonseed Oil"}, {"layer": 13, "name": "Palmkernel Oil"}, {"name": "Waste", "fill": "#c7c7c7"}, {"layer": 2, "name": "Import", "fill": "#aec7e8"}, {"layer": 16, "name": "Export", "fill": "#aec7e8"}, {"layer": 0, "name": "Stock Draw", "fill": "#c7c7c7"}, {"layer": 16, "name": "Stock Deposit", "fill": "#c7c7c7"}, {"name": "Crop Residue", "fill": "#bd9e39"}, {"layer": 2, "name": "Electricity", "fill": "#bcbd22"}, {"layer": 0, "name": "Fossil Fuels", "fill": "#c49c94"}, {"layer": 0, "name": "Renewables & Nuclear", "fill": "#2ca02c"}, {"layer": 2, "name": "Fertilizers", "fill": "#c5b0d5"}, {"layer": 0, "name": "Labor", "fill": "#7f7f7f"}], "links": [{"source": 0, "prod": 130.0, "target": 1, "value": 0.39367946615384314, "supply": [{"l": "Maize", "v": 0.39367946615384314}]}, {"source": 2, "prod": 3476.0, "target": 1, "value": 10.551546211482316, "supply": [{"l": "Rye", "v": 10.551546211482316}]}, {"source": 3, "prod": 736.0, "target": 1, "value": 2.2288314391479118, "supply": [{"l": "Wheat", "v": 2.2288314391479118}]}, {"source": 4, "prod": 2273.0, "target": 1, "value": 5.15985179940329, "supply": [{"l": "Oats", "v": 5.15985179940329}]}, {"source": 5, "prod": 18400.0, "target": 1, "value": 14.322042315162387, "supply": [{"l": "Potatoes", "v": 14.322042315162387}]}, {"source": 6, "prod": 2.0, "target": 1, "value": 0.0032458908739211472, "supply": [{"l": "Eggs", "v": 0.0032458908739211472}]}, {"source": 7, "prod": 7.0, "target": 1, "value": 0.0016972969922037476, "supply": [{"l": "Vegetables, Other", "v": 0.0016972969922037476}]}, {"source": 8, "prod": 19.0, "target": 1, "value": 0.073323015011318174, "supply": [{"l": "Peas", "v": 0.073323015011318174}]}, {"source": 9, "prod": 28.0, "target": 1, "value": 0.084792500402366217, "supply": [{"l": "Millet", "v": 0.084792500402366217}]}, {"source": 10, "prod": 5493.0, "target": 1, "value": 3.6996583033681389, "supply": [{"l": "Milk - Excluding Butter", "v": 3.6996583033681389}]}, {"source": 11, "prod": 79.0, "target": 1, "value": 0.107314021128144, "supply": [{"l": "Pelagic Fish", "v": 0.107314021128144}]}, {"source": 12, "prod": 3.0, "target": 1, "value": 0.0034866666600000002, "supply": [{"l": "Fish, Liver Oil", "v": 0.0034866666600000002}]}, {"source": 13, "prod": 79.0, "target": 1, "value": 0.091804466544809171, "supply": [{"l": "Fish, Seafood", "v": 0.091804466544809171}]}, {"source": 14, "prod": 67.0, "target": 1, "value": 0.20289634024851919, "supply": [{"l": "Sorghum", "v": 0.20289634024851919}]}, {"source": 15, "prod": 435.0, "target": 1, "value": 1.5517497869489494, "supply": [{"l": "Cereals, Other", "v": 1.5517497869489494}]}, {"source": 16, "prod": 298.0, "target": 1, "value": 1.1970034070302709, "supply": [{"l": "Pulses, Other", "v": 1.1970034070302709}]}, {"source": 17, "prod": 750.0, "target": 1, "value": 1.7017195059784984, "supply": [{"l": "Barley", "v": 1.7017195059784984}]}, {"source": 2, "prod": 2723.0, "target": 18, "value": 8.2657826046796146, "supply": [{"l": "Rye", "v": 8.2657826046796146}]}, {"source": 19, "prod": 1.0, "target": 18, "value": 0.0030321547561071431, "supply": [{"l": "Nuts", "v": 0.0030321547561071431}]}, {"source": 20, "prod": 1.0, "target": 18, "value": 0.0005960241798276131, "supply": [{"l": "Dates", "v": 0.0005960241798276131}]}, {"source": 21, "prod": 974.0, "target": 18, "value": 4.0275042845252651, "supply": [{"l": "Sugar", "v": 4.0275042845252651}]}, {"source": 22, "prod": 39.0, "target": 18, "value": 0.41388912420862506, "supply": [{"l": "Oilcrops Oil, Other", "v": 0.41388912420862506}]}, {"source": 23, "prod": 653.0, "target": 18, "value": 0.37424525355196159, "supply": [{"l": "Beer", "v": 0.37424525355196159}]}, {"source": 24, "prod": 2.0, "target": 18, "value": 0.024257238048857144, "supply": [{"l": "Groundnut Oil", "v": 0.024257238048857144}]}, {"source": 25, "prod": 137.0, "target": 18, "value": 0.46629002583449003, "supply": [{"l": "Beverages, Alcoholic", "v": 0.46629002583449003}]}, {"source": 17, "prod": 313.0, "target": 18, "value": 0.71018427382836014, "supply": [{"l": "Barley", "v": 0.71018427382836014}]}, {"source": 26, "prod": 1.0, "target": 18, "value": 0.003859106053227273, "supply": [{"l": "Honey", "v": 0.003859106053227273}]}, {"source": 27, "prod": 55.0, "target": 18, "value": 0.23478025094773744, "supply": [{"l": "Rice", "v": 0.23478025094773744}]}, {"source": 28, "prod": 139.0, "target": 18, "value": 1.1569751285067649, "supply": [{"l": "Butter, Ghee", "v": 1.1569751285067649}]}, {"source": 29, "prod": 140.0, "target": 18, "value": 0.025839231834652178, "supply": [{"l": "Tomatoes", "v": 0.025839231834652178}]}, {"source": 30, "prod": 269.0, "target": 18, "value": 2.0363622801545382, "supply": [{"l": "Fats, Animals, Raw", "v": 2.0363622801545382}]}, {"source": 31, "prod": 1.0, "target": 18, "value": 0.0011622222200000001, "supply": [{"l": "Pepper", "v": 0.0011622222200000001}]}, {"source": 3, "prod": 2874.0, "target": 18, "value": 8.7033445055857328, "supply": [{"l": "Wheat", "v": 8.7033445055857328}]}, {"source": 32, "prod": 19.0, "target": 18, "value": 0.20483889907923811, "supply": [{"l": "Soyabean Oil", "v": 0.20483889907923811}]}, {"source": 33, "prod": 1.0, "target": 18, "value": 0.0030321547561071431, "supply": [{"l": "Treenuts", "v": 0.0030321547561071431}]}, {"source": 6, "prod": 254.0, "target": 18, "value": 0.41222814098798571, "supply": [{"l": "Eggs", "v": 0.41222814098798571}]}, {"source": 7, "prod": 2183.0, "target": 18, "value": 0.52931419056868301, "supply": [{"l": "Vegetables, Other", "v": 0.52931419056868301}]}, {"source": 8, "prod": 30.0, "target": 18, "value": 0.11577318159681818, "supply": [{"l": "Peas", "v": 0.11577318159681818}]}, {"source": 34, "prod": 2.0, "target": 18, "value": 0.0015722283920555555, "supply": [{"l": "Marine Fish, Other", "v": 0.0015722283920555555}]}, {"source": 35, "prod": 38.0, "target": 18, "value": 0.026017844036274194, "supply": [{"l": "Grapes", "v": 0.026017844036274194}]}, {"source": 36, "prod": 11.0, "target": 18, "value": 0.073729236701131573, "supply": [{"l": "Groundnuts", "v": 0.073729236701131573}]}, {"source": 37, "prod": 1.0, "target": 18, "value": 0.014150055528500001, "supply": [{"l": "Palm Oil", "v": 0.014150055528500001}]}, {"source": 38, "prod": 12.0, "target": 18, "value": 0.013061589718615384, "supply": [{"l": "Wine", "v": 0.013061589718615384}]}, {"source": 39, "prod": 2.0, "target": 18, "value": 0.024257238048857144, "supply": [{"l": "Sunflowerseed Oil", "v": 0.024257238048857144}]}, {"source": 4, "prod": 57.0, "target": 18, "value": 0.12939355590232623, "supply": [{"l": "Oats", "v": 0.12939355590232623}]}, {"source": 40, "prod": 1.0, "target": 18, "value": 0.02122508329275, "supply": [{"l": "Olive Oil", "v": 0.02122508329275}]}, {"source": 41, "prod": 1005.0, "target": 18, "value": 2.2195813054959261, "supply": [{"l": "Pigmeat", "v": 2.2195813054959261}]}, {"source": 42, "prod": 12.0, "target": 18, "value": 0.013405315763842109, "supply": [{"l": "Cocoa Beans", "v": 0.013405315763842109}]}, {"source": 5, "prod": 6702.0, "target": 18, "value": 5.2166482389249085, "supply": [{"l": "Potatoes", "v": 5.2166482389249085}]}, {"source": 43, "prod": 19.0, "target": 18, "value": 0.012802431192452382, "supply": [{"l": "Freshwater Fish", "v": 0.012802431192452382}]}, {"source": 44, "prod": 7.0, "target": 18, "value": 0.0025839231834652175, "supply": [{"l": "Coffee", "v": 0.0025839231834652175}]}, {"source": 45, "prod": 56.0, "target": 18, "value": 0.57824010700248651, "supply": [{"l": "Rape and Mustard Oil", "v": 0.57824010700248651}]}, {"source": 10, "prod": 6365.0, "target": 18, "value": 4.2869697980954307, "supply": [{"l": "Milk - Excluding Butter", "v": 4.2869697980954307}]}, {"source": 46, "prod": 11.0, "target": 18, "value": 0.038912652703375003, "supply": [{"l": "Beans", "v": 0.038912652703375003}]}, {"source": 47, "prod": 195.0, "target": 18, "value": 0.11622471506638454, "supply": [{"l": "Apples", "v": 0.11622471506638454}]}, {"source": 13, "prod": 189.0, "target": 18, "value": 0.2196334705945435, "supply": [{"l": "Fish, Seafood", "v": 0.2196334705945435}]}, {"source": 48, "prod": 16.0, "target": 18, "value": 0.013317699320941177, "supply": [{"l": "Meat, Other", "v": 0.013317699320941177}]}, {"source": 49, "prod": 24.0, "target": 18, "value": 0.027893333280000002, "supply": [{"l": "Lemons, Limes", "v": 0.027893333280000002}]}, {"source": 50, "prod": 23.0, "target": 18, "value": 0.065090255431100016, "supply": [{"l": "Mutton & Goat Meat", "v": 0.065090255431100016}]}, {"source": 51, "prod": 1.0, "target": 18, "value": 0.0041852276915281695, "supply": [{"l": "Sweeteners, Other", "v": 0.0041852276915281695}]}, {"source": 11, "prod": 114.0, "target": 18, "value": 0.15485820770390402, "supply": [{"l": "Pelagic Fish", "v": 0.15485820770390402}]}, {"source": 52, "prod": 2.0, "target": 18, "value": 0.0015160773780535713, "supply": [{"l": "Bananas", "v": 0.0015160773780535713}]}, {"source": 53, "prod": 148.0, "target": 18, "value": 0.077563267341407421, "supply": [{"l": "Beverages, Fermented", "v": 0.077563267341407421}]}, {"source": 54, "prod": 1.0, "target": 18, "value": 0.00424501665855, "supply": [{"l": "Spices, Other", "v": 0.00424501665855}]}, {"source": 55, "prod": 316.0, "target": 18, "value": 0.42564455495537884, "supply": [{"l": "Bovine Meat", "v": 0.42564455495537884}]}, {"source": 56, "prod": 312.0, "target": 18, "value": 0.1805475439585823, "supply": [{"l": "Fruits, Other", "v": 0.1805475439585823}]}, {"source": 57, "prod": 60.0, "target": 18, "value": 0.12928984746852792, "supply": [{"l": "Poultry Meat", "v": 0.12928984746852792}]}, {"source": 58, "prod": 58.0, "target": 18, "value": 0.078162211490761913, "supply": [{"l": "Offals, Edible", "v": 0.078162211490761913}]}, {"source": 59, "prod": 1.0, "target": 18, "value": 0.0011622222200000001, "supply": [{"l": "Grapefruit", "v": 0.0011622222200000001}]}, {"source": 60, "prod": 54.0, "target": 18, "value": 0.038634421274443824, "supply": [{"l": "Demersal Fish", "v": 0.038634421274443824}]}, {"source": 61, "prod": 9.0, "target": 18, "value": 0.0032432215557682514, "supply": [{"l": "Oranges, Mandarines", "v": 0.0032432215557682514}]}, {"source": 62, "prod": 4.0, "target": 18, "value": 0.0046488888800000003, "supply": [{"l": "Tea", "v": 0.0046488888800000003}]}, {"source": 63, "prod": 145.0, "target": 18, "value": 0.064520693447562893, "supply": [{"l": "Onions", "v": 0.064520693447562893}]}, {"source": 64, "prod": 217.0, "target": 18, "value": 0.49163493492139465, "supply": [{"l": "Cream", "v": 0.49163493492139465}]}, {"source": 0, "prod": 5.0, "target": 65, "value": 0.015141517928993965, "supply": [{"l": "Maize", "v": 0.015141517928993965}]}, {"source": 3, "prod": 1.0, "target": 65, "value": 0.0030283035857987931, "supply": [{"l": "Wheat", "v": 0.0030283035857987931}]}, {"source": 30, "prod": 12.0, "target": 65, "value": 0.090841440006893925, "supply": [{"l": "Fats, Animals, Raw", "v": 0.090841440006893925}]}, {"source": 4, "prod": 7.0, "target": 65, "value": 0.015890436689759362, "supply": [{"l": "Oats", "v": 0.015890436689759362}]}, {"source": 66, "prod": 10.0, "target": 65, "value": 0.03998928736315218, "supply": [{"l": "Soyabeans", "v": 0.03998928736315218}]}, {"source": 5, "prod": 921.0, "target": 65, "value": 0.71688048762307377, "supply": [{"l": "Potatoes", "v": 0.71688048762307377}]}, {"source": 2, "prod": 17.0, "target": 65, "value": 0.051604224854775421, "supply": [{"l": "Rye", "v": 0.051604224854775421}]}, {"source": 56, "prod": 20.0, "target": 65, "value": 0.011573560510165533, "supply": [{"l": "Fruits, Other", "v": 0.011573560510165533}]}, {"source": 15, "prod": 36.0, "target": 65, "value": 0.12842067202336133, "supply": [{"l": "Cereals, Other", "v": 0.12842067202336133}]}, {"source": 26, "prod": 5.0, "target": 65, "value": 0.019295530266136365, "supply": [{"l": "Honey", "v": 0.019295530266136365}]}, {"source": 67, "prod": 234.0, "target": 65, "value": 1.5684219443695266, "supply": [{"l": "Rape and Mustardseed", "v": 1.5684219443695266}]}, {"source": 17, "prod": 130.0, "target": 65, "value": 0.29496471436960642, "supply": [{"l": "Barley", "v": 0.29496471436960642}]}, {"source": 68, "prod": 9360.0, "target": 65, "value": 10.878399979200001, "supply": [{"l": "Sugar beet", "v": 10.878399979200001}]}, {"source": 69, "prod": 81.0, "target": 65, "value": 0.49120907048935719, "supply": [{"l": "Oilcrops, Other", "v": 0.49120907048935719}]}, {"source": 70, "prod": 18.0, "target": 65, "value": 0.028653862445212504, "supply": [{"l": "Coconuts - Incl Copra", "v": 0.028653862445212504}]}, {"source": 71, "prod": 10.0, "target": 65, "value": 0.067026578819210536, "supply": [{"l": "Palm kernels", "v": 0.067026578819210536}]}, {"source": 47, "prod": 151.0, "target": 65, "value": 0.089999651153969573, "supply": [{"l": "Apples", "v": 0.089999651153969573}]}, {"source": 0, "prod": 4.0, "target": 72, "value": 0.012113214343195173, "supply": [{"l": "Maize", "v": 0.012113214343195173}]}, {"source": 51, "prod": 10.0, "target": 72, "value": 0.041852276915281691, "supply": [{"l": "Sweeteners, Other", "v": 0.041852276915281691}]}, {"source": 73, "prod": 189.0, "target": 72, "value": 0.15701955419590377, "supply": [{"l": "Alcohol, Non-Food", "v": 0.15701955419590377}]}, {"source": 30, "prod": 42.0, "target": 72, "value": 0.31794504002412866, "supply": [{"l": "Fats, Animals, Raw", "v": 0.31794504002412866}]}, {"source": 5, "prod": 1027.0, "target": 72, "value": 0.79938790530824844, "supply": [{"l": "Potatoes", "v": 0.79938790530824844}]}, {"source": 74, "prod": 8.0, "target": 72, "value": 0.077182121064545459, "supply": [{"l": "Coconut Oil", "v": 0.077182121064545459}]}, {"source": 41, "prod": 88.0, "target": 72, "value": 0.19435139789417061, "supply": [{"l": "Pigmeat", "v": 0.19435139789417061}]}, {"source": 45, "prod": 36.0, "target": 72, "value": 0.37172578307302706, "supply": [{"l": "Rape and Mustard Oil", "v": 0.37172578307302706}]}, {"source": 10, "prod": 265.0, "target": 72, "value": 0.17848342442973908, "supply": [{"l": "Milk - Excluding Butter", "v": 0.17848342442973908}]}, {"source": 58, "prod": 58.0, "target": 72, "value": 0.078162211490761913, "supply": [{"l": "Offals, Edible", "v": 0.078162211490761913}]}, {"source": 25, "prod": 3.0, "target": 72, "value": 0.010210730492726059, "supply": [{"l": "Beverages, Alcoholic", "v": 0.010210730492726059}]}, {"source": 75, "prod": 6.0, "target": 72, "value": 0.072771714146571437, "supply": [{"l": "Cottonseed Oil", "v": 0.072771714146571437}]}, {"source": 76, "prod": 5.0, "target": 72, "value": 0.047166851761666677, "supply": [{"l": "Palmkernel Oil", "v": 0.047166851761666677}]}, {"source": 22, "prod": 19.0, "target": 72, "value": 0.20163829128112501, "supply": [{"l": "Oilcrops Oil, Other", "v": 0.20163829128112501}]}, {"source": 0, "prod": 6.0, "target": 0, "value": 0.01816982151479276, "supply": [{"l": "Maize", "v": 0.01816982151479276}]}, {"source": 3, "prod": 288.0, "target": 3, "value": 0.87215143271005258, "supply": [{"l": "Wheat", "v": 0.87215143271005258}]}, {"source": 4, "prod": 251.0, "target": 4, "value": 0.56978565844708562, "supply": [{"l": "Oats", "v": 0.56978565844708562}]}, {"source": 5, "prod": 6362.0, "target": 5, "value": 4.9520018048403855, "supply": [{"l": "Potatoes", "v": 4.9520018048403855}]}, {"source": 6, "prod": 5.0, "target": 6, "value": 0.0081147271848028679, "supply": [{"l": "Eggs", "v": 0.0081147271848028679}]}, {"source": 2, "prod": 806.0, "target": 2, "value": 2.4466473666440582, "supply": [{"l": "Rye", "v": 2.4466473666440582}]}, {"source": 8, "prod": 12.0, "target": 8, "value": 0.046309272638727271, "supply": [{"l": "Peas", "v": 0.046309272638727271}]}, {"source": 9, "prod": 1.0, "target": 9, "value": 0.0030283035857987931, "supply": [{"l": "Millet", "v": 0.0030283035857987931}]}, {"source": 46, "prod": 3.0, "target": 46, "value": 0.010612541646375, "supply": [{"l": "Beans", "v": 0.010612541646375}]}, {"source": 17, "prod": 263.0, "target": 17, "value": 0.59673630676312694, "supply": [{"l": "Barley", "v": 0.59673630676312694}]}, {"source": 67, "prod": 19.0, "target": 67, "value": 0.12735049975650001, "supply": [{"l": "Rape and Mustardseed", "v": 0.12735049975650001}]}, {"source": 69, "prod": 6.0, "target": 69, "value": 0.036385857073285718, "supply": [{"l": "Oilcrops, Other", "v": 0.036385857073285718}]}, {"source": 15, "prod": 67.0, "target": 15, "value": 0.23900513959903361, "supply": [{"l": "Cereals, Other", "v": 0.23900513959903361}]}, {"source": 16, "prod": 28.0, "target": 16, "value": 0.11247011878136774, "supply": [{"l": "Pulses, Other", "v": 0.11247011878136774}]}, {"source": 0, "prod": 2.0, "target": 77, "value": 0.0060566071715975863, "supply": [{"l": "Maize", "v": 0.0060566071715975863}]}, {"source": 2, "prod": 262.0, "target": 77, "value": 0.79531217129124476, "supply": [{"l": "Rye", "v": 0.79531217129124476}]}, {"source": 56, "prod": 18.0, "target": 77, "value": 0.010416204459148979, "supply": [{"l": "Fruits, Other", "v": 0.010416204459148979}]}, {"source": 17, "prod": 56.0, "target": 77, "value": 0.12706172311306121, "supply": [{"l": "Barley", "v": 0.12706172311306121}]}, {"source": 29, "prod": 16.0, "target": 77, "value": 0.0029530550668173915, "supply": [{"l": "Tomatoes", "v": 0.0029530550668173915}]}, {"source": 15, "prod": 19.0, "target": 77, "value": 0.067777576901218495, "supply": [{"l": "Cereals, Other", "v": 0.067777576901218495}]}, {"source": 3, "prod": 129.0, "target": 77, "value": 0.39065116256804439, "supply": [{"l": "Wheat", "v": 0.39065116256804439}]}, {"source": 6, "prod": 1.0, "target": 77, "value": 0.0016229454369605736, "supply": [{"l": "Eggs", "v": 0.0016229454369605736}]}, {"source": 7, "prod": 328.0, "target": 77, "value": 0.079530487634689895, "supply": [{"l": "Vegetables, Other", "v": 0.079530487634689895}]}, {"source": 8, "prod": 2.0, "target": 77, "value": 0.0077182121064545452, "supply": [{"l": "Peas", "v": 0.0077182121064545452}]}, {"source": 35, "prod": 3.0, "target": 77, "value": 0.0020540403186532262, "supply": [{"l": "Grapes", "v": 0.0020540403186532262}]}, {"source": 69, "prod": 1.0, "target": 77, "value": 0.0060643095122142861, "supply": [{"l": "Oilcrops, Other", "v": 0.0060643095122142861}]}, {"source": 4, "prod": 152.0, "target": 77, "value": 0.34504948240620331, "supply": [{"l": "Oats", "v": 0.34504948240620331}]}, {"source": 5, "prod": 4800.0, "target": 77, "value": 3.736184951781492, "supply": [{"l": "Potatoes", "v": 3.736184951781492}]}, {"source": 10, "prod": 305.0, "target": 77, "value": 0.20542431868328459, "supply": [{"l": "Milk - Excluding Butter", "v": 0.20542431868328459}]}, {"source": 46, "prod": 1.0, "target": 77, "value": 0.0035375138821250002, "supply": [{"l": "Beans", "v": 0.0035375138821250002}]}, {"source": 47, "prod": 8.0, "target": 77, "value": 0.0047681934386209048, "supply": [{"l": "Apples", "v": 0.0047681934386209048}]}, {"source": 68, "prod": 715.0, "target": 77, "value": 0.83098888729999998, "supply": [{"l": "Sugar beet", "v": 0.83098888729999998}]}, {"source": 48, "prod": 1.0, "target": 77, "value": 0.00083235620755882356, "supply": [{"l": "Meat, Other", "v": 0.00083235620755882356}]}, {"source": 49, "prod": 1.0, "target": 77, "value": 0.0011622222200000001, "supply": [{"l": "Lemons, Limes", "v": 0.0011622222200000001}]}, {"source": 14, "prod": 2.0, "target": 77, "value": 0.0060566071715975863, "supply": [{"l": "Sorghum", "v": 0.0060566071715975863}]}, {"source": 50, "prod": 1.0, "target": 77, "value": 0.0028300111057000003, "supply": [{"l": "Mutton & Goat Meat", "v": 0.0028300111057000003}]}, {"source": 9, "prod": 1.0, "target": 77, "value": 0.0030283035857987931, "supply": [{"l": "Millet", "v": 0.0030283035857987931}]}, {"source": 57, "prod": 1.0, "target": 77, "value": 0.0021548307911421322, "supply": [{"l": "Poultry Meat", "v": 0.0021548307911421322}]}, {"source": 58, "prod": 6.0, "target": 77, "value": 0.0080857460162857137, "supply": [{"l": "Offals, Edible", "v": 0.0080857460162857137}]}, {"source": 61, "prod": 1.0, "target": 77, "value": 0.00036035795064091679, "supply": [{"l": "Oranges, Mandarines", "v": 0.00036035795064091679}]}, {"source": 63, "prod": 18.0, "target": 77, "value": 0.0080094653934905669, "supply": [{"l": "Onions", "v": 0.0080094653934905669}]}, {"source": 16, "prod": 10.0, "target": 77, "value": 0.040167899564774193, "supply": [{"l": "Pulses, Other", "v": 0.040167899564774193}]}, {"source": 78, "prod": 56.0, "target": 29, "value": 0.01033569273386087, "supply": [{"l": "Tomatoes", "v": 0.01033569273386087}]}, {"source": 78, "prod": 25.0, "target": 49, "value": 0.029055555500000003, "supply": [{"l": "Lemons, Limes", "v": 0.029055555500000003}]}, {"source": 78, "prod": 1.0, "target": 33, "value": 0.0030321547561071431, "supply": [{"l": "Treenuts", "v": 0.0030321547561071431}]}, {"source": 78, "prod": 247.0, "target": 2, "value": 0.74977903171350169, "supply": [{"l": "Rye", "v": 0.74977903171350169}]}, {"source": 78, "prod": 27.0, "target": 7, "value": 0.0065467169699287408, "supply": [{"l": "Vegetables, Other", "v": 0.0065467169699287408}]}, {"source": 78, "prod": 4.0, "target": 62, "value": 0.0046488888800000003, "supply": [{"l": "Tea", "v": 0.0046488888800000003}]}, {"source": 78, "prod": 1.0, "target": 47, "value": 0.0005960241798276131, "supply": [{"l": "Apples", "v": 0.0005960241798276131}]}, {"source": 78, "prod": 50.0, "target": 27, "value": 0.21343659177067043, "supply": [{"l": "Rice", "v": 0.21343659177067043}]}, {"source": 78, "prod": 1508.0, "target": 3, "value": 4.5666818073845805, "supply": [{"l": "Wheat", "v": 4.5666818073845805}]}, {"source": 78, "prod": 11.0, "target": 71, "value": 0.073729236701131573, "supply": [{"l": "Palm kernels", "v": 0.073729236701131573}]}, {"source": 78, "prod": 278.0, "target": 17, "value": 0.63077069688269682, "supply": [{"l": "Barley", "v": 0.63077069688269682}]}, {"source": 78, "prod": 1.0, "target": 31, "value": 0.0011622222200000001, "supply": [{"l": "Pepper", "v": 0.0011622222200000001}]}, {"source": 78, "prod": 1.0, "target": 59, "value": 0.0011622222200000001, "supply": [{"l": "Grapefruit", "v": 0.0011622222200000001}]}, {"source": 78, "prod": 7.0, "target": 44, "value": 0.0025839231834652175, "supply": [{"l": "Coffee", "v": 0.0025839231834652175}]}, {"source": 78, "prod": 1.0, "target": 20, "value": 0.0005960241798276131, "supply": [{"l": "Dates", "v": 0.0005960241798276131}]}, {"source": 78, "prod": 200.0, "target": 1, "value": 0.25072221909810111, "supply": [{"l": "Milk - Excluding Butter", "v": 0.0020205670690159145}, {"l": "Fish, Seafood", "v": 0.11155985807976812}, {"l": "Pelagic Fish", "v": 0.130406911750656}, {"l": "Bovine Meat", "v": 0.0067348821986610583}]}, {"source": 78, "prod": 1.0, "target": 19, "value": 0.0030321547561071431, "supply": [{"l": "Nuts", "v": 0.0030321547561071431}]}, {"source": 78, "prod": 12.0, "target": 69, "value": 0.072771714146571437, "supply": [{"l": "Oilcrops, Other", "v": 0.072771714146571437}]}, {"source": 78, "prod": 12.0, "target": 42, "value": 0.013405315763842109, "supply": [{"l": "Cocoa Beans", "v": 0.013405315763842109}]}, {"source": 78, "prod": 10.0, "target": 61, "value": 0.0036035795064091685, "supply": [{"l": "Oranges, Mandarines", "v": 0.0036035795064091685}]}, {"source": 78, "prod": 69.0, "target": 14, "value": 0.20895294742011675, "supply": [{"l": "Sorghum", "v": 0.20895294742011675}]}, {"source": 78, "prod": 13.0, "target": 5, "value": 0.010118834244408207, "supply": [{"l": "Potatoes", "v": 0.010118834244408207}]}, {"source": 78, "prod": 1.0, "target": 63, "value": 0.00044497029963836484, "supply": [{"l": "Onions", "v": 0.00044497029963836484}]}, {"source": 78, "prod": 2.0, "target": 52, "value": 0.0015160773780535713, "supply": [{"l": "Bananas", "v": 0.0015160773780535713}]}, {"source": 78, "prod": 41.0, "target": 35, "value": 0.028071884354927419, "supply": [{"l": "Grapes", "v": 0.028071884354927419}]}, {"source": 78, "prod": 285.0, "target": 65, "value": 1.7466325137086898, "supply": [{"l": "Sugar", "v": 0.62438721454139123}, {"l": "Beer", "v": 0.0017193503225970668}, {"l": "Groundnut Oil", "v": 0.024257238048857144}, {"l": "Beverages, Alcoholic", "v": 0.0034035768309086862}, {"l": "Fats, Animals, Raw", "v": 0.35579564002700115}, {"l": "Soyabean Oil", "v": 0.26952486720952384}, {"l": "Palm Oil", "v": 0.014150055528500001}, {"l": "Sunflowerseed Oil", "v": 0.012128619024428572}, {"l": "Olive Oil", "v": 0.02122508329275}, {"l": "Coconut Oil", "v": 0.048238825665340906}, {"l": "Oilcrops Oil, Other", "v": 0.27592608280574998}, {"l": "Wine", "v": 0.013061589718615384}, {"l": "Honey", "v": 0.007718212106454546}, {"l": "Cottonseed Oil", "v": 0.072771714146571437}, {"l": "Fish, Liver Oil", "v": 0.0023244444400000001}]}, {"source": 78, "prod": 1.0, "target": 54, "value": 0.00424501665855, "supply": [{"l": "Spices, Other", "v": 0.00424501665855}]}, {"source": 78, "prod": 156.0, "target": 0, "value": 0.47241535938461182, "supply": [{"l": "Maize", "v": 0.47241535938461182}]}, {"source": 78, "prod": 57.0, "target": 56, "value": 0.032984647453971762, "supply": [{"l": "Fruits, Other", "v": 0.032984647453971762}]}, {"source": 78, "prod": 12.0, "target": 36, "value": 0.080431894583052638, "supply": [{"l": "Groundnuts", "v": 0.080431894583052638}]}, {"source": 78, "prod": 18.0, "target": 70, "value": 0.028653862445212504, "supply": [{"l": "Coconuts - Incl Copra", "v": 0.028653862445212504}]}, {"source": 0, "prod": 5.0, "target": 79, "value": 0.015141517928993965, "supply": [{"l": "Maize", "v": 0.015141517928993965}]}, {"source": 56, "prod": 46.0, "target": 79, "value": 0.026619189173380721, "supply": [{"l": "Fruits, Other", "v": 0.026619189173380721}]}, {"source": 21, "prod": 784.0, "target": 79, "value": 3.2418514980162301, "supply": [{"l": "Sugar", "v": 3.2418514980162301}]}, {"source": 23, "prod": 7.0, "target": 79, "value": 0.0040118174193931565, "supply": [{"l": "Beer", "v": 0.0040118174193931565}]}, {"source": 25, "prod": 1.0, "target": 79, "value": 0.0034035768309086862, "supply": [{"l": "Beverages, Alcoholic", "v": 0.0034035768309086862}]}, {"source": 17, "prod": 52.0, "target": 79, "value": 0.11798588574784258, "supply": [{"l": "Barley", "v": 0.11798588574784258}]}, {"source": 28, "prod": 27.0, "target": 79, "value": 0.22473617604088236, "supply": [{"l": "Butter, Ghee", "v": 0.22473617604088236}]}, {"source": 30, "prod": 30.0, "target": 79, "value": 0.22710360001723476, "supply": [{"l": "Fats, Animals, Raw", "v": 0.22710360001723476}]}, {"source": 6, "prod": 80.0, "target": 79, "value": 0.12983563495684589, "supply": [{"l": "Eggs", "v": 0.12983563495684589}]}, {"source": 7, "prod": 69.0, "target": 79, "value": 0.016730498923151225, "supply": [{"l": "Vegetables, Other", "v": 0.016730498923151225}]}, {"source": 69, "prod": 4.0, "target": 79, "value": 0.024257238048857144, "supply": [{"l": "Oilcrops, Other", "v": 0.024257238048857144}]}, {"source": 41, "prod": 125.0, "target": 79, "value": 0.27606732655421962, "supply": [{"l": "Pigmeat", "v": 0.27606732655421962}]}, {"source": 57, "prod": 14.0, "target": 79, "value": 0.03016763107598985, "supply": [{"l": "Poultry Meat", "v": 0.03016763107598985}]}, {"source": 5, "prod": 763.0, "target": 79, "value": 0.59389773296026638, "supply": [{"l": "Potatoes", "v": 0.59389773296026638}]}, {"source": 43, "prod": 2.0, "target": 79, "value": 0.0013476243360476192, "supply": [{"l": "Freshwater Fish", "v": 0.0013476243360476192}]}, {"source": 10, "prod": 376.0, "target": 79, "value": 0.25324440598332792, "supply": [{"l": "Milk - Excluding Butter", "v": 0.25324440598332792}]}, {"source": 46, "prod": 4.0, "target": 79, "value": 0.014150055528500001, "supply": [{"l": "Beans", "v": 0.014150055528500001}]}, {"source": 13, "prod": 9.0, "target": 79, "value": 0.01045873669497826, "supply": [{"l": "Fish, Seafood", "v": 0.01045873669497826}]}, {"source": 48, "prod": 7.0, "target": 79, "value": 0.0058264934529117639, "supply": [{"l": "Meat, Other", "v": 0.0058264934529117639}]}, {"source": 50, "prod": 1.0, "target": 79, "value": 0.0028300111057000003, "supply": [{"l": "Mutton & Goat Meat", "v": 0.0028300111057000003}]}, {"source": 11, "prod": 7.0, "target": 79, "value": 0.0095088373151520009, "supply": [{"l": "Pelagic Fish", "v": 0.0095088373151520009}]}, {"source": 53, "prod": 1.0, "target": 79, "value": 0.00052407613068518528, "supply": [{"l": "Beverages, Fermented", "v": 0.00052407613068518528}]}, {"source": 54, "prod": 1.0, "target": 79, "value": 0.00424501665855, "supply": [{"l": "Spices, Other", "v": 0.00424501665855}]}, {"source": 55, "prod": 62.0, "target": 79, "value": 0.08351253926339712, "supply": [{"l": "Bovine Meat", "v": 0.08351253926339712}]}, {"source": 26, "prod": 1.0, "target": 79, "value": 0.003859106053227273, "supply": [{"l": "Honey", "v": 0.003859106053227273}]}, {"source": 67, "prod": 1.0, "target": 79, "value": 0.0067026578819210534, "supply": [{"l": "Rape and Mustardseed", "v": 0.0067026578819210534}]}, {"source": 63, "prod": 13.0, "target": 79, "value": 0.0057846138952987423, "supply": [{"l": "Onions", "v": 0.0057846138952987423}]}, {"source": 80, "prod": 351.0, "target": 2, "value": 1.0654754661191865, "supply": [{"l": "Rye", "v": 1.0654754661191865}]}, {"source": 55, "prod": 13.0, "target": 81, "value": 0.017510693716518751, "supply": [{"l": "Bovine Meat", "v": 0.017510693716518751}]}, {"source": 80, "prod": 1.0, "target": 1, "value": 0.0016229454369605736, "supply": [{"l": "Eggs", "v": 0.0016229454369605736}]}, {"source": 10, "prod": 80.0, "target": 81, "value": 0.05388178850709105, "supply": [{"l": "Milk - Excluding Butter", "v": 0.05388178850709105}]}, {"source": 80, "prod": 4.0, "target": 27, "value": 0.017074927341653633, "supply": [{"l": "Rice", "v": 0.017074927341653633}]}, {"source": 0, "prod": 23.0, "target": 81, "value": 0.069650982473372244, "supply": [{"l": "Maize", "v": 0.069650982473372244}]}, {"source": 80, "prod": 1144.0, "target": 5, "value": 0.89045741350792218, "supply": [{"l": "Potatoes", "v": 0.89045741350792218}]}, {"source": 41, "prod": 21.0, "target": 81, "value": 0.046379310861108899, "supply": [{"l": "Pigmeat", "v": 0.046379310861108899}]}, {"source": 80, "prod": 10.0, "target": 66, "value": 0.03998928736315218, "supply": [{"l": "Soyabeans", "v": 0.03998928736315218}]}, {"source": 67, "prod": 107.0, "target": 81, "value": 0.71718439336555262, "supply": [{"l": "Rape and Mustardseed", "v": 0.71718439336555262}]}, {"source": 45, "prod": 1.0, "target": 81, "value": 0.010325716196472974, "supply": [{"l": "Rape and Mustard Oil", "v": 0.010325716196472974}]}, {"source": 32, "prod": 8.0, "target": 81, "value": 0.086247957507047626, "supply": [{"l": "Soyabean Oil", "v": 0.086247957507047626}]}, {"source": 7, "prod": 31.0, "target": 81, "value": 0.00751660096547374, "supply": [{"l": "Vegetables, Other", "v": 0.00751660096547374}]}, {"source": 80, "prod": 298.0, "target": 65, "value": 1.3123138013869329, "supply": [{"l": "Fats, Animals, Raw", "v": 0.11355180000861738}, {"l": "Sugar", "v": 1.1495340771026938}, {"l": "Butter, Ghee", "v": 0.024970686226764714}, {"l": "Sunflowerseed Oil", "v": 0.024257238048857144}]}, {"source": 80, "prod": 194.0, "target": 47, "value": 0.11562869088655693, "supply": [{"l": "Apples", "v": 0.11562869088655693}]}, {"source": 17, "prod": 29.0, "target": 81, "value": 0.065799820897835287, "supply": [{"l": "Barley", "v": 0.065799820897835287}]}, {"source": 80, "prod": 50.0, "target": 56, "value": 0.028933901275413832, "supply": [{"l": "Fruits, Other", "v": 0.028933901275413832}]}, {"source": 3, "prod": 180.0, "target": 81, "value": 0.54509464544378283, "supply": [{"l": "Wheat", "v": 0.54509464544378283}]}, {"source": 1, "prod": 75.0, "target": 57, "value": 0.1616123093356599, "supply": [{"l": "Poultry Meat", "v": 0.1616123093356599}]}, {"source": 1, "prod": 1239.0, "target": 41, "value": 2.7363793408054251, "supply": [{"l": "Pigmeat", "v": 2.7363793408054251}]}, {"source": 1, "prod": 200.0, "target": 11, "value": 0.27168106614720006, "supply": [{"l": "Pelagic Fish", "v": 0.27168106614720006}]}, {"source": 1, "prod": 391.0, "target": 55, "value": 0.52666778793529467, "supply": [{"l": "Bovine Meat", "v": 0.52666778793529467}]}, {"source": 1, "prod": 337.0, "target": 6, "value": 0.54693261225571332, "supply": [{"l": "Eggs", "v": 0.55504733944051621}]}, {"source": 1, "prod": 12884.0, "target": 10, "value": 8.6776620390670125, "supply": [{"l": "Milk - Excluding Butter", "v": 8.6776620390670125}]}, {"source": 1, "prod": 122.0, "target": 58, "value": 0.16441016899780952, "supply": [{"l": "Offals, Edible", "v": 0.16441016899780952}]}, {"source": 1, "prod": 2.0, "target": 34, "value": 0.0015722283920555555, "supply": [{"l": "Marine Fish, Other", "v": 0.0015722283920555555}]}, {"source": 1, "prod": 277.0, "target": 13, "value": 0.3218966738343309, "supply": [{"l": "Fish, Seafood", "v": 0.3218966738343309}]}, {"source": 1, "prod": 54.0, "target": 60, "value": 0.038634421274443824, "supply": [{"l": "Demersal Fish", "v": 0.038634421274443824}]}, {"source": 1, "prod": 24.0, "target": 48, "value": 0.019976548981411765, "supply": [{"l": "Meat, Other", "v": 0.019976548981411765}]}, {"source": 1, "prod": 21.0, "target": 43, "value": 0.014150055528500001, "supply": [{"l": "Freshwater Fish", "v": 0.014150055528500001}]}, {"source": 1, "prod": 25.0, "target": 50, "value": 0.070750277642500012, "supply": [{"l": "Mutton & Goat Meat", "v": 0.070750277642500012}]}, {"source": 65, "prod": 189.0, "target": 73, "value": 0.15701955419590377, "supply": [{"l": "Alcohol, Non-Food", "v": 0.15701955419590377}]}, {"source": 65, "prod": 1758.0, "target": 21, "value": 7.2693557825414956, "supply": [{"l": "Sugar", "v": 7.2693557825414956}]}, {"source": 65, "prod": 660.0, "target": 23, "value": 0.37825707097135475, "supply": [{"l": "Beer", "v": 0.37825707097135475}]}, {"source": 65, "prod": 2.0, "target": 24, "value": 0.024257238048857144, "supply": [{"l": "Groundnut Oil", "v": 0.024257238048857144}]}, {"source": 65, "prod": 141.0, "target": 25, "value": 0.47990433315812481, "supply": [{"l": "Beverages, Alcoholic", "v": 0.47990433315812481}]}, {"source": 65, "prod": 166.0, "target": 28, "value": 1.3817113045476472, "supply": [{"l": "Butter, Ghee", "v": 1.3817113045476472}]}, {"source": 65, "prod": 353.0, "target": 30, "value": 2.6722523602027954, "supply": [{"l": "Fats, Animals, Raw", "v": 2.6722523602027954}]}, {"source": 65, "prod": 27.0, "target": 32, "value": 0.29108685658628575, "supply": [{"l": "Soyabean Oil", "v": 0.29108685658628575}]}, {"source": 65, "prod": 1.0, "target": 37, "value": 0.014150055528500001, "supply": [{"l": "Palm Oil", "v": 0.014150055528500001}]}, {"source": 65, "prod": 2.0, "target": 39, "value": 0.024257238048857144, "supply": [{"l": "Sunflowerseed Oil", "v": 0.024257238048857144}]}, {"source": 65, "prod": 1.0, "target": 40, "value": 0.02122508329275, "supply": [{"l": "Olive Oil", "v": 0.02122508329275}]}, {"source": 65, "prod": 8.0, "target": 74, "value": 0.077182121064545459, "supply": [{"l": "Coconut Oil", "v": 0.077182121064545459}]}, {"source": 65, "prod": 93.0, "target": 45, "value": 0.96029160627198651, "supply": [{"l": "Rape and Mustard Oil", "v": 0.96029160627198651}]}, {"source": 65, "prod": 3.0, "target": 12, "value": 0.0034866666600000002, "supply": [{"l": "Fish, Liver Oil", "v": 0.0034866666600000002}]}, {"source": 65, "prod": 58.0, "target": 22, "value": 0.6155274154897501, "supply": [{"l": "Oilcrops Oil, Other", "v": 0.6155274154897501}]}, {"source": 65, "prod": 12.0, "target": 38, "value": 0.013061589718615384, "supply": [{"l": "Wine", "v": 0.013061589718615384}]}, {"source": 65, "prod": 11.0, "target": 51, "value": 0.046037504606809859, "supply": [{"l": "Sweeteners, Other", "v": 0.046037504606809859}]}, {"source": 65, "prod": 149.0, "target": 53, "value": 0.078087343472092605, "supply": [{"l": "Beverages, Fermented", "v": 0.078087343472092605}]}, {"source": 65, "prod": 7.0, "target": 26, "value": 0.027013742372590913, "supply": [{"l": "Honey", "v": 0.027013742372590913}]}, {"source": 65, "prod": 6.0, "target": 75, "value": 0.072771714146571437, "supply": [{"l": "Cottonseed Oil", "v": 0.072771714146571437}]}, {"source": 65, "prod": 5.0, "target": 76, "value": 0.047166851761666677, "supply": [{"l": "Palmkernel Oil", "v": 0.047166851761666677}]}, {"source": 65, "prod": 217.0, "target": 64, "value": 0.49163493492139465, "supply": [{"l": "Cream", "v": 0.49163493492139465}]}, {"source": 0, "prod": 194.0, "target": 82, "value": 0.67641333204000009, "supply": [{"l": "Maize", "v": 0.67641333204000009}]}, {"source": 2, "prod": 13969.0, "target": 82, "value": 48.705246573540002, "supply": [{"l": "Rye", "v": 48.705246573540002}]}, {"source": 17, "prod": 2908.0, "target": 82, "value": 10.139226647280001, "supply": [{"l": "Barley", "v": 10.139226647280001}]}, {"source": 27, "prod": 55.0, "target": 82, "value": 0.19176666629999997, "supply": [{"l": "Rice", "v": 0.19176666629999997}]}, {"source": 29, "prod": 127.5, "target": 82, "value": 0.4445499991500001, "supply": [{"l": "Tomatoes", "v": 0.4445499991500001}]}, {"source": 15, "prod": 1113.0, "target": 82, "value": 4.5712883836490832, "supply": [{"l": "Cereals, Other", "v": 4.5712883836490832}]}, {"source": 3, "prod": 6908.0, "target": 82, "value": 24.085893287280001, "supply": [{"l": "Wheat", "v": 24.085893287280001}]}, {"source": 70, "prod": 9.0, "target": 82, "value": 0.0074527499857500006, "supply": [{"l": "Coconuts - Incl Copra", "v": 0.0074527499857500006}]}, {"source": 7, "prod": 2604.5, "target": 82, "value": 9.0810233159700022, "supply": [{"l": "Vegetables, Other", "v": 9.0810233159700022}]}, {"source": 8, "prod": 63.0, "target": 82, "value": 0.21965999958000001, "supply": [{"l": "Peas", "v": 0.21965999958000001}]}, {"source": 36, "prod": 5.5, "target": 82, "value": 0.019176666629999999, "supply": [{"l": "Groundnuts", "v": 0.019176666629999999}]}, {"source": 69, "prod": 86.0, "target": 82, "value": 0.27129587249714288, "supply": [{"l": "Oilcrops, Other", "v": 0.27129587249714288}]}, {"source": 4, "prod": 5480.0, "target": 82, "value": 19.106933296800001, "supply": [{"l": "Oats", "v": 19.106933296800001}]}, {"source": 66, "prod": 5.0, "target": 82, "value": 0.010401046678985509, "supply": [{"l": "Soyabeans", "v": 0.010401046678985509}]}, {"source": 5, "prod": 19198.0, "target": 82, "value": 66.937026538680001, "supply": [{"l": "Potatoes", "v": 66.937026538680001}]}, {"source": 46, "prod": 19.0, "target": 82, "value": 0.066246666539999985, "supply": [{"l": "Beans", "v": 0.066246666539999985}]}, {"source": 16, "prod": 336.0, "target": 82, "value": 8.011817360075991, "supply": [{"l": "Pulses, Other", "v": 8.011817360075991}]}, {"source": 68, "prod": 4030.0, "target": 82, "value": 4.6837555466000005, "supply": [{"l": "Sugar beet", "v": 4.6837555466000005}]}, {"source": 14, "prod": 69.0, "target": 82, "value": 0.24057999954000006, "supply": [{"l": "Sorghum", "v": 0.24057999954000006}]}, {"source": 9, "prod": 60.0, "target": 82, "value": 0.20919999960000002, "supply": [{"l": "Millet", "v": 0.20919999960000002}]}, {"source": 67, "prod": 361.0, "target": 82, "value": 1.2586866642600003, "supply": [{"l": "Rape and Mustardseed", "v": 1.2586866642600003}]}, {"source": 71, "prod": 5.0, "target": 82, "value": 0.017433333300000003, "supply": [{"l": "Palm kernels", "v": 0.017433333300000003}]}, {"source": 63, "prod": 175.5, "target": 82, "value": 0.61190999883000008, "supply": [{"l": "Onions", "v": 0.61190999883000008}]}, {"source": 83, "prod": 0, "target": 16, "value": 1.3515229249006929e-06, "supply": "[{\"l\":'Energy for power irrigation',\"v\":1.3515229249006929e-06}]"}, {"source": 83, "prod": 0, "target": 0, "value": 3.9017179677192628e-07, "supply": "[{\"l\":'Energy for power irrigation',\"v\":3.9017179677192628e-07}]"}, {"source": 83, "prod": 0, "target": 7, "value": 1.0476313862809092e-05, "supply": "[{\"l\":'Energy for power irrigation',\"v\":1.0476313862809092e-05}]"}, {"source": 83, "prod": 0, "target": 3, "value": 1.3893333876806528e-05, "supply": "[{\"l\":'Energy for power irrigation',\"v\":1.3893333876806528e-05}]"}, {"source": 83, "prod": 0, "target": 4, "value": 1.1021347661392556e-05, "supply": "[{\"l\":'Energy for power irrigation',\"v\":1.1021347661392556e-05}]"}, {"source": 83, "prod": 0, "target": 54, "value": 6.0335844861638082e-09, "supply": "[{\"l\":'Energy for power irrigation',\"v\":6.0335844861638082e-09}]"}, {"source": 83, "prod": 0, "target": 5, "value": 0.00015444367328716369, "supply": "[{\"l\":'Energy for power irrigation',\"v\":0.00015444367328716369}]"}, {"source": 83, "prod": 0, "target": 2, "value": 2.8094380562407409e-05, "supply": "[{\"l\":'Energy for power irrigation',\"v\":2.8094380562407409e-05}]"}, {"source": 83, "prod": 0, "target": 56, "value": 1.3776684576740694e-06, "supply": "[{\"l\":'Energy for power irrigation',\"v\":1.3776684576740694e-06}]"}, {"source": 83, "prod": 0, "target": 8, "value": 2.5341054841887994e-07, "supply": "[{\"l\":'Energy for power irrigation',\"v\":2.5341054841887994e-07}]"}, {"source": 83, "prod": 0, "target": 9, "value": 1.2067168972327616e-07, "supply": "[{\"l\":'Energy for power irrigation',\"v\":1.2067168972327616e-07}]"}, {"source": 83, "prod": 0, "target": 67, "value": 1.4520826663367564e-06, "supply": "[{\"l\":'Energy for power irrigation',\"v\":1.4520826663367564e-06}]"}, {"source": 83, "prod": 0, "target": 17, "value": 5.8485545619214516e-06, "supply": "[{\"l\":'Energy for power irrigation',\"v\":5.8485545619214516e-06}]"}, {"source": 83, "prod": 0, "target": 68, "value": 4.0525575798733572e-05, "supply": "[{\"l\":'Energy for power irrigation',\"v\":4.0525575798733572e-05}]"}, {"source": 83, "prod": 0, "target": 46, "value": 7.6425403491408233e-08, "supply": "[{\"l\":'Energy for power irrigation',\"v\":7.6425403491408233e-08}]"}, {"source": 83, "prod": 0, "target": 69, "value": 3.459255105400583e-07, "supply": "[{\"l\":'Energy for power irrigation',\"v\":3.459255105400583e-07}]"}, {"source": 83, "prod": 0, "target": 63, "value": 7.0592938488116558e-07, "supply": "[{\"l\":'Energy for power irrigation',\"v\":7.0592938488116558e-07}]"}, {"source": 83, "prod": 0, "target": 15, "value": 2.2384598443667727e-06, "supply": "[{\"l\":'Energy for power irrigation',\"v\":2.2384598443667727e-06}]"}, {"source": 83, "prod": 0, "target": 29, "value": 5.1285468132392364e-07, "supply": "[{\"l\":'Energy for power irrigation',\"v\":5.1285468132392364e-07}]"}, {"source": 83, "prod": 0, "target": 47, "value": 1.0337541419627323e-06, "supply": "[{\"l\":'Energy for power irrigation',\"v\":1.0337541419627323e-06}]"}, {"source": 83, "prod": 0, "target": 65, "value": 0.70149852069636465, "supply": "[{\"l\":'Electricity',\"v\":0.70149852069636465}]"}, {"source": 84, "prod": 0, "target": 83, "value": 1.7604913365505364, "supply": [{"l": "Coal", "v": 1.7259718940507722}, {"l": "Natural gas", "v": 0.03034039866124548}, {"l": "Oil", "v": 0.0041790438385186871}]}, {"source": 85, "prod": 0, "target": 83, "value": 0.015324553755848055, "supply": [{"l": "Nuclear", "v": 0.0}, {"l": "Hydroelectric", "v": 0.014967245507654707}, {"l": "Renewable", "v": 0.00035730824819334774}]}, {"source": 84, "prod": 0, "target": 16, "value": 0.094504760121154455, "supply": [{"l": "Motor Gasoline", "v": 0.0013116316913047144}, {"l": "Gas-Diesel oil", "v": 0.031319277721492705}, {"l": "Natural gas (including LNG)", "v": 0.0043573775860465003}, {"l": "Fuel oil", "v": 0.0026499560782546642}, {"l": "Liquefied petroleum gas (LPG)", "v": 0.0010772734675935577}, {"l": "Coal", "v": 0.05378924357646233}]}, {"source": 84, "prod": 0, "target": 0, "value": 0.027282624201642805, "supply": [{"l": "Motor Gasoline", "v": 0.0003786555775492777}, {"l": "Gas-Diesel oil", "v": 0.0090415771993595014}, {"l": "Natural gas (including LNG)", "v": 0.0012579334102574718}, {"l": "Fuel oil", "v": 0.00076501708211518585}, {"l": "Liquefied petroleum gas (LPG)", "v": 0.00031099859034694976}, {"l": "Coal", "v": 0.015528442342014424}]}, {"source": 84, "prod": 0, "target": 7, "value": 0.73255252302246066, "supply": [{"l": "Motor Gasoline", "v": 0.010167097440485504}, {"l": "Gas-Diesel oil", "v": 0.24277100840960641}, {"l": "Natural gas (including LNG)", "v": 0.033776160484696761}, {"l": "Fuel oil", "v": 0.020541102993494861}, {"l": "Liquefied petroleum gas (LPG)", "v": 0.0083504724593673266}, {"l": "Coal", "v": 0.41694668123480993}]}, {"source": 84, "prod": 0, "target": 3, "value": 0.97148643291210568, "supply": [{"l": "Motor Gasoline", "v": 0.013483261493352631}, {"l": "Gas-Diesel oil", "v": 0.32195471800605896}, {"l": "Natural gas (including LNG)", "v": 0.044792804113704204}, {"l": "Fuel oil", "v": 0.027240917542534555}, {"l": "Liquefied petroleum gas (LPG)", "v": 0.011074114753179015}, {"l": "Coal", "v": 0.55294061700327646}]}, {"source": 84, "prod": 0, "target": 4, "value": 0.77066381765465242, "supply": [{"l": "Motor Gasoline", "v": 0.010696044149330113}, {"l": "Gas-Diesel oil", "v": 0.25540125284788695}, {"l": "Natural gas (including LNG)", "v": 0.03553337674335539}, {"l": "Fuel oil", "v": 0.021609760876243396}, {"l": "Liquefied petroleum gas (LPG)", "v": 0.0087849086345427041}, {"l": "Coal", "v": 0.43863847440329401}]}, {"source": 84, "prod": 0, "target": 54, "value": 0.00042189625054086811, "supply": [{"l": "Motor Gasoline", "v": 5.8554986218960474e-06}, {"l": "Gas-Diesel oil", "v": 0.00013981820411380672}, {"l": "Natural gas (including LNG)", "v": 1.9452578509136164e-05}, {"l": "Fuel oil", "v": 1.1830161063636895e-05}, {"l": "Liquefied petroleum gas (LPG)", "v": 4.8092565517569547e-06}, {"l": "Coal", "v": 0.00024013055168063541}]}, {"source": 84, "prod": 0, "target": 5, "value": 10.799418957178114, "supply": [{"l": "Motor Gasoline", "v": 0.14988515005754707}, {"l": "Gas-Diesel oil", "v": 3.5789731767691482}, {"l": "Natural gas (including LNG)", "v": 0.49793413629119465}, {"l": "Fuel oil", "v": 0.30282057613293478}, {"l": "Liquefied petroleum gas (LPG)", "v": 0.12310414304084001}, {"l": "Coal", "v": 6.1467017748864503}]}, {"source": 84, "prod": 0, "target": 2, "value": 1.9644895746017954, "supply": [{"l": "Motor Gasoline", "v": 0.027265153416421956}, {"l": "Gas-Diesel oil", "v": 0.65104016442192203}, {"l": "Natural gas (including LNG)", "v": 0.090577689731374339}, {"l": "Fuel oil", "v": 0.055085173299314588}, {"l": "Liquefied petroleum gas (LPG)", "v": 0.022393501590497633}, {"l": "Coal", "v": 1.1181278921422653}]}, {"source": 84, "prod": 0, "target": 56, "value": 0.096332977206831552, "supply": [{"l": "Motor Gasoline", "v": 0.0013370055186662641}, {"l": "Gas-Diesel oil", "v": 0.031925156605985869}, {"l": "Natural gas (including LNG)", "v": 0.0044416720929194237}, {"l": "Fuel oil", "v": 0.0027012201095304245}, {"l": "Liquefied petroleum gas (LPG)", "v": 0.001098113579317838}, {"l": "Coal", "v": 0.054829809300411751}]}, {"source": 84, "prod": 0, "target": 8, "value": 0.017719642522716461, "supply": [{"l": "Motor Gasoline", "v": 0.00024593094211963399}, {"l": "Gas-Diesel oil", "v": 0.0058723645727798823}, {"l": "Natural gas (including LNG)", "v": 0.00081700829738371881}, {"l": "Fuel oil", "v": 0.0004968667646727496}, {"l": "Liquefied petroleum gas (LPG)", "v": 0.0002019887751737921}, {"l": "Coal", "v": 0.010085483170586686}]}, {"source": 84, "prod": 0, "target": 9, "value": 0.0084379250108173633, "supply": [{"l": "Motor Gasoline", "v": 0.00011710997243792094}, {"l": "Gas-Diesel oil", "v": 0.0027963640822761347}, {"l": "Natural gas (including LNG)", "v": 0.00038905157018272326}, {"l": "Fuel oil", "v": 0.0002366032212727379}, {"l": "Liquefied petroleum gas (LPG)", "v": 9.6185131035139094e-05}, {"l": "Coal", "v": 0.0048026110336127081}]}, {"source": 84, "prod": 0, "target": 67, "value": 0.10153636429683559, "supply": [{"l": "Motor Gasoline", "v": 0.001409223335002982}, {"l": "Gas-Diesel oil", "v": 0.033649581123389484}, {"l": "Natural gas (including LNG)", "v": 0.0046815872278654358}, {"l": "Fuel oil", "v": 0.0028471254293152789}, {"l": "Liquefied petroleum gas (LPG)", "v": 0.0011574277434561737}, {"l": "Coal", "v": 0.057791419437806253}]}, {"source": 84, "prod": 0, "target": 17, "value": 0.40895809885761486, "supply": [{"l": "Motor Gasoline", "v": 0.0056759299974912351}, {"l": "Gas-Diesel oil", "v": 0.13553044585431664}, {"l": "Natural gas (including LNG)", "v": 0.018856032768189319}, {"l": "Fuel oil", "v": 0.011467369457685363}, {"l": "Liquefied petroleum gas (LPG)", "v": 0.0046617726841697415}, {"l": "Coal", "v": 0.23276654809576258}]}, {"source": 84, "prod": 0, "target": 68, "value": 2.8337364827994973, "supply": [{"l": "Motor Gasoline", "v": 0.03932943241040178}, {"l": "Gas-Diesel oil", "v": 0.93911227096440175}, {"l": "Natural gas (including LNG)", "v": 0.13065648565303123}, {"l": "Fuel oil", "v": 0.079459248477427802}, {"l": "Liquefied petroleum gas (LPG)", "v": 0.032302173172634209}, {"l": "Coal", "v": 1.6128768721216011}]}, {"source": 84, "prod": 0, "target": 46, "value": 0.0053440191735176631, "supply": [{"l": "Motor Gasoline", "v": 7.416964921068326e-05}, {"l": "Gas-Diesel oil", "v": 0.0017710305854415518}, {"l": "Natural gas (including LNG)", "v": 0.00024639932778239141}, {"l": "Fuel oil", "v": 0.00014984870680606732}, {"l": "Liquefied petroleum gas (LPG)", "v": 6.0917249655588093e-05}, {"l": "Coal", "v": 0.0030416536546213819}]}, {"source": 84, "prod": 0, "target": 69, "value": 0.024188718364343102, "supply": [{"l": "Motor Gasoline", "v": 0.00033571525432203998}, {"l": "Gas-Diesel oil", "v": 0.0080162437025249177}, {"l": "Natural gas (including LNG)", "v": 0.0011152811678571399}, {"l": "Fuel oil", "v": 0.00067826256764851522}, {"l": "Liquefied petroleum gas (LPG)", "v": 0.00027573070896739875}, {"l": "Coal", "v": 0.013767484963023095}]}, {"source": 84, "prod": 0, "target": 63, "value": 0.049361861313281574, "supply": [{"l": "Motor Gasoline", "v": 0.00068509333876183749}, {"l": "Gas-Diesel oil", "v": 0.016358729881315388}, {"l": "Natural gas (including LNG)", "v": 0.0022759516855689311}, {"l": "Fuel oil", "v": 0.0013841288444455166}, {"l": "Liquefied petroleum gas (LPG)", "v": 0.00056268301655556369}, {"l": "Coal", "v": 0.028095274546634342}]}, {"source": 84, "prod": 0, "target": 15, "value": 0.15652350895066208, "supply": [{"l": "Motor Gasoline", "v": 0.0021723899887234337}, {"l": "Gas-Diesel oil", "v": 0.051872553726222299}, {"l": "Natural gas (including LNG)", "v": 0.0072169066268895164}, {"l": "Fuel oil", "v": 0.0043889897546092885}, {"l": "Liquefied petroleum gas (LPG)", "v": 0.0017842341807018304}, {"l": "Coal", "v": 0.089088434673515737}]}, {"source": 84, "prod": 0, "target": 29, "value": 0.035861181295973786, "supply": [{"l": "Motor Gasoline", "v": 0.00049771738286116395}, {"l": "Gas-Diesel oil", "v": 0.01188454734967357}, {"l": "Natural gas (including LNG)", "v": 0.0016534691732765737}, {"l": "Fuel oil", "v": 0.001005563690409136}, {"l": "Liquefied petroleum gas (LPG)", "v": 0.00040878680689934114}, {"l": "Coal", "v": 0.020411096892854006}]}, {"source": 84, "prod": 0, "target": 47, "value": 0.072284890926002071, "supply": [{"l": "Motor Gasoline", "v": 0.0010032420972181893}, {"l": "Gas-Diesel oil", "v": 0.023955518971498883}, {"l": "Natural gas (including LNG)", "v": 0.0033328751178986621}, {"l": "Fuel oil", "v": 0.002026900928903121}, {"l": "Liquefied petroleum gas (LPG)", "v": 0.00082398595586769148}, {"l": "Coal", "v": 0.04114236785461553}]}, {"source": 84, "prod": 0, "target": 1, "value": 0.063616157458300335, "supply": [{"l": "Gas-diesel oils used in fisheries", "v": 0.024300972241662996}, {"l": "Fuel oil used in fisheries", "v": 0.039315185216637336}]}, {"source": 86, "prod": 4.5180636017569542, "target": 16, "value": 0.038142124692299932, "supply": [{"l": "Potash", "v": 0.90629113683614393}, {"l": "Phosphate", "v": 1.0470249175042865}, {"l": "Nitrogen", "v": 5.7999789351955382}]}, {"source": 86, "prod": 1.3043219326500732, "target": 0, "value": 0.011011268140336587, "supply": [{"l": "Potash", "v": 0.90629113683614393}, {"l": "Phosphate", "v": 1.0470249175042865}, {"l": "Nitrogen", "v": 5.7999789351955382}]}, {"source": 86, "prod": 35.021716222547589, "target": 7, "value": 0.29565822547944992, "supply": [{"l": "Potash", "v": 0.90629113683614393}, {"l": "Phosphate", "v": 1.0470249175042865}, {"l": "Nitrogen", "v": 5.7999789351955382}]}, {"source": 86, "prod": 46.444618096632503, "target": 3, "value": 0.39209196037858324, "supply": [{"l": "Potash", "v": 0.90629113683614393}, {"l": "Phosphate", "v": 1.0470249175042865}, {"l": "Nitrogen", "v": 5.7999789351955382}]}, {"source": 86, "prod": 36.843732942898974, "target": 4, "value": 0.31103994540744589, "supply": [{"l": "Potash", "v": 0.90629113683614393}, {"l": "Phosphate", "v": 1.0470249175042865}, {"l": "Nitrogen", "v": 5.7999789351955382}]}, {"source": 86, "prod": 0.020169926793557835, "target": 54, "value": 0.00017027734237633899, "supply": [{"l": "Potash", "v": 0.90629113683614393}, {"l": "Phosphate", "v": 1.0470249175042865}, {"l": "Nitrogen", "v": 5.7999789351955382}]}, {"source": 86, "prod": 516.29633944363104, "target": 5, "value": 4.3586458919212738, "supply": [{"l": "Potash", "v": 0.90629113683614393}, {"l": "Phosphate", "v": 1.0470249175042865}, {"l": "Nitrogen", "v": 5.7999789351955382}]}, {"source": 86, "prod": 93.917902459736453, "target": 2, "value": 0.79286806521835973, "supply": [{"l": "Potash", "v": 0.90629113683614393}, {"l": "Phosphate", "v": 1.0470249175042865}, {"l": "Nitrogen", "v": 5.7999789351955382}]}, {"source": 86, "prod": 4.6054666178623718, "target": 56, "value": 0.038879993175930737, "supply": [{"l": "Potash", "v": 0.90629113683614393}, {"l": "Phosphate", "v": 1.0470249175042865}, {"l": "Nitrogen", "v": 5.7999789351955382}]}, {"source": 86, "prod": 0.84713692532942897, "target": 8, "value": 0.0071516483798062377, "supply": [{"l": "Potash", "v": 0.90629113683614393}, {"l": "Phosphate", "v": 1.0470249175042865}, {"l": "Nitrogen", "v": 5.7999789351955382}]}, {"source": 86, "prod": 0.4033985358711567, "target": 9, "value": 0.0034055468475267798, "supply": [{"l": "Potash", "v": 0.90629113683614393}, {"l": "Phosphate", "v": 1.0470249175042865}, {"l": "Nitrogen", "v": 5.7999789351955382}]}, {"source": 86, "prod": 4.8542290483162516, "target": 67, "value": 0.040980080398572247, "supply": [{"l": "Potash", "v": 0.90629113683614393}, {"l": "Phosphate", "v": 1.0470249175042865}, {"l": "Nitrogen", "v": 5.7999789351955382}]}, {"source": 86, "prod": 19.551382371888728, "target": 17, "value": 0.16505550387679793, "supply": [{"l": "Potash", "v": 0.90629113683614393}, {"l": "Phosphate", "v": 1.0470249175042865}, {"l": "Nitrogen", "v": 5.7999789351955382}]}, {"source": 86, "prod": 135.47467496339678, "target": 68, "value": 1.1436961496277434, "supply": [{"l": "Potash", "v": 0.90629113683614393}, {"l": "Phosphate", "v": 1.0470249175042865}, {"l": "Nitrogen", "v": 5.7999789351955382}]}, {"source": 86, "prod": 0.25548573938506591, "target": 46, "value": 0.0021568463367669603, "supply": [{"l": "Potash", "v": 0.90629113683614393}, {"l": "Phosphate", "v": 1.0470249175042865}, {"l": "Nitrogen", "v": 5.7999789351955382}]}, {"source": 86, "prod": 1.1564091361639823, "target": 69, "value": 0.0097625676295767672, "supply": [{"l": "Potash", "v": 0.90629113683614393}, {"l": "Phosphate", "v": 1.0470249175042865}, {"l": "Nitrogen", "v": 5.7999789351955382}]}, {"source": 86, "prod": 2.3598814348462667, "target": 63, "value": 0.019922449058031661, "supply": [{"l": "Potash", "v": 0.90629113683614393}, {"l": "Phosphate", "v": 1.0470249175042865}, {"l": "Nitrogen", "v": 5.7999789351955382}]}, {"source": 86, "prod": 7.4830428404099569, "target": 15, "value": 0.063172894021621767, "supply": [{"l": "Potash", "v": 0.90629113683614393}, {"l": "Phosphate", "v": 1.0470249175042865}, {"l": "Nitrogen", "v": 5.7999789351955382}]}, {"source": 86, "prod": 1.7144437774524157, "target": 29, "value": 0.014473574101988813, "supply": [{"l": "Potash", "v": 0.90629113683614393}, {"l": "Phosphate", "v": 1.0470249175042865}, {"l": "Nitrogen", "v": 5.7999789351955382}]}, {"source": 86, "prod": 3.4557807906295754, "target": 47, "value": 0.02917418466047941, "supply": [{"l": "Potash", "v": 0.90629113683614393}, {"l": "Phosphate", "v": 1.0470249175042865}, {"l": "Nitrogen", "v": 5.7999789351955382}]}, {"source": 84, "prod": 0, "target": 86, "value": 10.031232928976369, "supply": [{"l": "Natural gas (including LNG)", "v": 6.5414706804496507}, {"l": "Fuel oil", "v": 2.4644930908212626}, {"l": "Liquefied petroleum gas (LPG)", "v": 0.51263457885272767}, {"l": "Coal", "v": 0.51263457885272767}]}, {"source": 87, "prod": 0, "target": 0, "value": 0.0056319494819800893, "supply": "[{\"l\":'Labor',\"v\":0.0056319494819800893}]"}, {"source": 87, "prod": 0, "target": 2, "value": 0.40552939336999927, "supply": "[{\"l\":'Labor',\"v\":0.40552939336999927}]"}, {"source": 87, "prod": 0, "target": 19, "value": 2.9030667432887056e-05, "supply": "[{\"l\":'Labor',\"v\":2.9030667432887056e-05}]"}, {"source": 87, "prod": 0, "target": 17, "value": 0.084421180894835565, "supply": "[{\"l\":'Labor',\"v\":0.084421180894835565}]"}, {"source": 87, "prod": 0, "target": 42, "value": 0.00034836800919464472, "supply": "[{\"l\":'Labor',\"v\":0.00034836800919464472}]"}, {"source": 87, "prod": 0, "target": 27, "value": 0.0015966867088087881, "supply": "[{\"l\":'Labor',\"v\":0.0015966867088087881}]"}, {"source": 87, "prod": 0, "target": 29, "value": 0.0074028201953861986, "supply": "[{\"l\":'Labor',\"v\":0.0074028201953861986}]"}, {"source": 87, "prod": 0, "target": 15, "value": 0.0323111328528033, "supply": "[{\"l\":'Labor',\"v\":0.0323111328528033}]"}, {"source": 87, "prod": 0, "target": 31, "value": 2.9030667432887056e-05, "supply": "[{\"l\":'Labor',\"v\":2.9030667432887056e-05}]"}, {"source": 87, "prod": 0, "target": 3, "value": 0.2005438506263838, "supply": "[{\"l\":'Labor',\"v\":0.2005438506263838}]"}, {"source": 87, "prod": 0, "target": 70, "value": 0.00052255201379196705, "supply": "[{\"l\":'Labor',\"v\":0.00052255201379196705}]"}, {"source": 87, "prod": 0, "target": 33, "value": 2.9030667432887056e-05, "supply": "[{\"l\":'Labor',\"v\":2.9030667432887056e-05}]"}, {"source": 87, "prod": 0, "target": 7, "value": 0.15122074665790869, "supply": "[{\"l\":'Labor',\"v\":0.15122074665790869}]"}, {"source": 87, "prod": 0, "target": 8, "value": 0.0036578640965437693, "supply": "[{\"l\":'Labor',\"v\":0.0036578640965437693}]"}, {"source": 87, "prod": 0, "target": 35, "value": 0.0011902573647483692, "supply": "[{\"l\":'Labor',\"v\":0.0011902573647483692}]"}, {"source": 87, "prod": 0, "target": 36, "value": 0.00031933734176175762, "supply": "[{\"l\":'Labor',\"v\":0.00031933734176175762}]"}, {"source": 87, "prod": 0, "target": 67, "value": 0.020960141886544454, "supply": "[{\"l\":'Labor',\"v\":0.020960141886544454}]"}, {"source": 87, "prod": 0, "target": 69, "value": 0.0049932747984565732, "supply": "[{\"l\":'Labor',\"v\":0.0049932747984565732}]"}, {"source": 87, "prod": 0, "target": 20, "value": 2.9030667432887056e-05, "supply": "[{\"l\":'Labor',\"v\":2.9030667432887056e-05}]"}, {"source": 87, "prod": 0, "target": 4, "value": 0.15908805753222108, "supply": "[{\"l\":'Labor',\"v\":0.15908805753222108}]"}, {"source": 87, "prod": 0, "target": 66, "value": 0.00029030667432887057, "supply": "[{\"l\":'Labor',\"v\":0.00029030667432887057}]"}, {"source": 87, "prod": 0, "target": 5, "value": 2.2293230135062627, "supply": "[{\"l\":'Labor',\"v\":2.2293230135062627}]"}, {"source": 87, "prod": 0, "target": 44, "value": 0.00020321467203020938, "supply": "[{\"l\":'Labor',\"v\":0.00020321467203020938}]"}, {"source": 87, "prod": 0, "target": 46, "value": 0.0011031653624497082, "supply": "[{\"l\":'Labor',\"v\":0.0011031653624497082}]"}, {"source": 87, "prod": 0, "target": 68, "value": 0.58496794877267422, "supply": "[{\"l\":'Labor',\"v\":0.58496794877267422}]"}, {"source": 87, "prod": 0, "target": 49, "value": 0.00072576668582217648, "supply": "[{\"l\":'Labor',\"v\":0.00072576668582217648}]"}, {"source": 87, "prod": 0, "target": 14, "value": 0.0020031160528692069, "supply": "[{\"l\":'Labor',\"v\":0.0020031160528692069}]"}, {"source": 87, "prod": 0, "target": 52, "value": 5.8061334865774113e-05, "supply": "[{\"l\":'Labor',\"v\":5.8061334865774113e-05}]"}, {"source": 87, "prod": 0, "target": 54, "value": 8.7092002298661179e-05, "supply": "[{\"l\":'Labor',\"v\":8.7092002298661179e-05}]"}, {"source": 87, "prod": 0, "target": 56, "value": 0.019886007191527635, "supply": "[{\"l\":'Labor',\"v\":0.019886007191527635}]"}, {"source": 87, "prod": 0, "target": 47, "value": 0.014921763060503947, "supply": "[{\"l\":'Labor',\"v\":0.014921763060503947}]"}, {"source": 87, "prod": 0, "target": 9, "value": 0.0017418400459732234, "supply": "[{\"l\":'Labor',\"v\":0.0017418400459732234}]"}, {"source": 87, "prod": 0, "target": 59, "value": 2.9030667432887056e-05, "supply": "[{\"l\":'Labor',\"v\":2.9030667432887056e-05}]"}, {"source": 87, "prod": 0, "target": 61, "value": 0.00029030667432887057, "supply": "[{\"l\":'Labor',\"v\":0.00029030667432887057}]"}, {"source": 87, "prod": 0, "target": 62, "value": 0.00011612266973154823, "supply": "[{\"l\":'Labor',\"v\":0.00011612266973154823}]"}, {"source": 87, "prod": 0, "target": 71, "value": 0.00029030667432887057, "supply": "[{\"l\":'Labor',\"v\":0.00029030667432887057}]"}, {"source": 87, "prod": 0, "target": 63, "value": 0.010189764268943358, "supply": "[{\"l\":'Labor',\"v\":0.010189764268943358}]"}, {"source": 87, "prod": 0, "target": 16, "value": 0.019508608514900102, "supply": "[{\"l\":'Labor',\"v\":0.019508608514900102}]"}, {"source": 84, "prod": 0, "target": 78, "value": 58.992507761574828, "supply": "[{\"l\":'Fossil Fuels',\"v\":58.992507761574828}]"}, {"source": 85, "prod": 0, "target": 78, "value": 0.96369569603488991, "supply": "[{\"l\":'Renewables & Nuclear',\"v\":0.064886397935018422},{\"l\":'Biomass & Waste',\"v\":0.89880929809987153}]"}]}