{"nodes": [{"name": "Balance", "fill": "#9edae5"}, {"name": "Food", "fill": "#b5cf6b"}, {"name": "Stock Deposit", "fill": "#c7c7c7"}, {"name": "Export", "fill": "#aec7e8"}, {"name": "Biofuels & Other", "fill": "#e7ba52"}, {"name": "Crop Residue", "fill": "#bd9e39"}, {"name": "Renewables & Nuclear", "fill": "#2ca02c"}, {"name": "Fossil Fuels", "fill": "#c49c94"}, {"name": "Stock Draw", "fill": "#c7c7c7"}, {"name": "Labor", "fill": "#7f7f7f"}], "links": [{"source": 0, "target": 1, "value": 52.897157185375221}, {"source": 0, "target": 2, "value": 6.3537549059352418}, {"source": 0, "target": 3, "value": 5.9704998427429148}, {"source": 0, "target": 4, "value": 3.9859584671440706}, {"source": 0, "target": 5, "value": 415.52796921144756}, {"source": 6, "target": 0, "value": 1.6953600964603592}, {"source": 7, "target": 0, "value": 186.69382361029238}, {"source": 8, "target": 0, "value": 2.0745502829969449}, {"source": 9, "target": 0, "value": 4.907498012946796}]}