{"nodes": [{"layer": 5, "name": "Starchy Roots"}, {"layer": 10, "name": "Feed", "fill": "#dbdb8d"}, {"layer": 5, "name": "Cereals - Excluding Beer"}, {"layer": 5, "name": "Pulses"}, {"layer": 13, "name": "Milk - Excluding Butter"}, {"layer": 16, "name": "Food", "fill": "#b5cf6b"}, {"layer": 13, "name": "Meat"}, {"layer": 13, "name": "Sugar & Sweeteners"}, {"layer": 5, "name": "Vegetables"}, {"layer": 13, "name": "Alcoholic Beverages"}, {"layer": 13, "name": "Animal Fats"}, {"layer": 13, "name": "Fish, Seafood"}, {"layer": 5, "name": "Fruits - Excluding Wine"}, {"layer": 13, "name": "Vegetable Oils", "fill": "#f7b6d2"}, {"layer": 5, "name": "Spices"}, {"layer": 13, "name": "Eggs"}, {"layer": 5, "name": "Oilcrops", "fill": "#ff9896"}, {"layer": 10, "name": "Processing", "fill": "#9edae5"}, {"layer": 5, "name": "Sugar Crops", "fill": "#ffbb78"}, {"layer": 16, "name": "Biofuels & Other", "fill": "#e7ba52"}, {"name": "Waste", "fill": "#c7c7c7"}, {"layer": 2, "name": "Import", "fill": "#aec7e8"}, {"layer": 16, "name": "Export", "fill": "#aec7e8"}, {"layer": 5, "name": "Stimulants"}, {"layer": 0, "name": "Stock Draw", "fill": "#c7c7c7"}, {"layer": 16, "name": "Stock Deposit", "fill": "#c7c7c7"}, {"layer": 2, "name": "Electricity", "fill": "#bcbd22"}, {"layer": 0, "name": "Fossil Fuels", "fill": "#c49c94"}, {"layer": 0, "name": "Renewables & Nuclear", "fill": "#2ca02c"}, {"layer": 2, "name": "Fertilizers", "fill": "#c5b0d5"}, {"layer": 0, "name": "Labor", "fill": "#7f7f7f"}], "links": [{"source": 0, "prod": 10.0, "target": 1, "value": 0.0082451765586904063, "supply": [{"l": "Potatoes", "v": 0.0082451765586904063}]}, {"source": 2, "prod": 125.0, "target": 1, "value": 0.46243775301354789, "supply": [{"l": "Maize", "v": 0.44346714747987237}, {"l": "Sorghum", "v": 0.018970605533675518}]}, {"source": 3, "prod": 5.0, "target": 1, "value": 0.020035476854513276, "supply": [{"l": "Pulses, Other", "v": 0.020035476854513276}]}, {"source": 4, "prod": 37.0, "target": 5, "value": 0.030249674263148892, "supply": [{"l": "Milk - Excluding Butter", "v": 0.030249674263148892}]}, {"source": 6, "prod": 29.0, "target": 5, "value": 0.07545646814094123, "supply": [{"l": "Pigmeat", "v": 0.036913188335217388}, {"l": "Mutton & Goat Meat", "v": 0.0046309272638727274}, {"l": "Bovine Meat", "v": 0.020966240813570122}, {"l": "Poultry Meat", "v": 0.010924675224209559}, {"l": "Offals, Edible", "v": 0.0020214365040714288}]}, {"source": 7, "prod": 36.0, "target": 5, "value": 0.14841454296356904, "supply": [{"l": "Sugar", "v": 0.14841454296356904}]}, {"source": 8, "prod": 174.0, "target": 5, "value": 0.04405069711792084, "supply": [{"l": "Tomatoes", "v": 0.0045730858616697895}, {"l": "Vegetables, Other", "v": 0.034812757785316985}, {"l": "Onions", "v": 0.0046648534709340652}]}, {"source": 9, "prod": 259.0, "target": 5, "value": 0.10752606281189761, "supply": [{"l": "Beer", "v": 0.0044980308964768208}, {"l": "Beverages, Fermented", "v": 0.095309819808966245}, {"l": "Beverages, Alcoholic", "v": 0.007718212106454546}]}, {"source": 10, "prod": 5.0, "target": 5, "value": 0.0424501665855, "supply": [{"l": "Fats, Animals, Raw", "v": 0.0424501665855}]}, {"source": 0, "prod": 424.0, "target": 5, "value": 0.33493744816058679, "supply": [{"l": "Potatoes", "v": 0.15336028399164156}, {"l": "Cassava", "v": 0.1815771641689452}]}, {"source": 3, "prod": 110.0, "target": 5, "value": 0.43755465778228519, "supply": [{"l": "Beans", "v": 0.14102960033548867}, {"l": "Pulses, Other", "v": 0.29652505744679652}]}, {"source": 11, "prod": 148.0, "target": 5, "value": 0.11738402139010697, "supply": [{"l": "Freshwater Fish", "v": 0.058469097372481134}, {"l": "Fish, Seafood", "v": 0.058129391697390821}, {"l": "Pelagic Fish", "v": 0.00078553232023501117}]}, {"source": 12, "prod": 303.0, "target": 5, "value": 0.20789927025393973, "supply": [{"l": "Fruits, Other", "v": 0.086191379559716064}, {"l": "Citrus, Other", "v": 0.00068884651660040569}, {"l": "Bananas", "v": 0.037197711896421903}, {"l": "Plantains", "v": 0.083821332281201338}]}, {"source": 2, "prod": 974.0, "target": 5, "value": 3.6182357185841942, "supply": [{"l": "Maize", "v": 3.1707901044810876}, {"l": "Rice", "v": 0.21769777901111137}, {"l": "Sorghum", "v": 0.15935308648287436}, {"l": "Wheat", "v": 0.070394748609120608}]}, {"source": 13, "prod": 7.0, "target": 5, "value": 0.072058882604945557, "supply": [{"l": "Groundnut Oil", "v": 0.052466498027022475}, {"l": "Cottonseed Oil", "v": 0.019592384577923075}]}, {"source": 14, "prod": 1.0, "target": 5, "value": 0.0044684385879473695, "supply": [{"l": "Spices, Other", "v": 0.0044684385879473695}]}, {"source": 15, "prod": 8.0, "target": 5, "value": 0.011098082767450978, "supply": [{"l": "Eggs", "v": 0.011098082767450978}]}, {"source": 16, "prod": 51.0, "target": 5, "value": 0.3023556108291317, "supply": [{"l": "Groundnuts", "v": 0.3023556108291317}]}, {"source": 2, "prod": 52.0, "target": 17, "value": 0.19478340418243797, "supply": [{"l": "Maize", "v": 0.029564476498658156}, {"l": "Barley", "v": 0.0058658412009054547}, {"l": "Sorghum", "v": 0.15935308648287436}]}, {"source": 18, "prod": 950.0, "target": 17, "value": 0.3780717961521094, "supply": [{"l": "Sugar cane", "v": 0.3780717961521094}]}, {"source": 16, "prod": 33.0, "target": 17, "value": 0.19564186583061463, "supply": [{"l": "Sunflower seed", "v": 0.0059285413888065042}, {"l": "Groundnuts", "v": 0.10671374499851707}, {"l": "Cottonseed", "v": 0.07707103805448455}, {"l": "Oilcrops, Other", "v": 0.0059285413888065042}]}, {"source": 13, "prod": 1.0, "target": 19, "value": 0.010493299605404495, "supply": [{"l": "Groundnut Oil", "v": 0.010493299605404495}]}, {"source": 0, "prod": 29.0, "target": 0, "value": 0.023911012020202179, "supply": [{"l": "Potatoes", "v": 0.023911012020202179}]}, {"source": 2, "prod": 36.0, "target": 2, "value": 0.13421913970853019, "supply": [{"l": "Maize", "v": 0.11825790599463262}, {"l": "Rice", "v": 0.0083729915004273608}, {"l": "Sorghum", "v": 0.0075882422134702079}]}, {"source": 15, "prod": 1.0, "target": 15, "value": 0.0013872603459313723, "supply": [{"l": "Eggs", "v": 0.0013872603459313723}]}, {"source": 3, "prod": 23.0, "target": 3, "value": 0.091446341749203977, "supply": [{"l": "Beans", "v": 0.031339911185664149}, {"l": "Pulses, Other", "v": 0.060106430563539828}]}, {"source": 16, "prod": 15.0, "target": 16, "value": 0.088928120832097557, "supply": [{"l": "Groundnuts", "v": 0.082999579443291047}, {"l": "Cottonseed", "v": 0.0059285413888065042}]}, {"source": 4, "prod": 2.0, "target": 20, "value": 0.0016351175277377781, "supply": [{"l": "Milk - Excluding Butter", "v": 0.0016351175277377781}]}, {"source": 16, "prod": 11.0, "target": 20, "value": 0.065213955276871544, "supply": [{"l": "Groundnuts", "v": 0.065213955276871544}]}, {"source": 15, "prod": 1.0, "target": 20, "value": 0.0013872603459313723, "supply": [{"l": "Eggs", "v": 0.0013872603459313723}]}, {"source": 0, "prod": 53.0, "target": 20, "value": 0.041974960710719565, "supply": [{"l": "Potatoes", "v": 0.020612941396726016}, {"l": "Cassava", "v": 0.021362019313993549}]}, {"source": 3, "prod": 48.0, "target": 20, "value": 0.19099648071290792, "supply": [{"l": "Beans", "v": 0.058762333473120279}, {"l": "Pulses, Other", "v": 0.13223414723978763}]}, {"source": 12, "prod": 33.0, "target": 20, "value": 0.022679034628419338, "supply": [{"l": "Plantains", "v": 0.0091999023235464893}, {"l": "Bananas", "v": 0.0041330790996024344}, {"l": "Fruits, Other", "v": 0.0093460532052704152}]}, {"source": 2, "prod": 154.0, "target": 20, "value": 0.57118222196336355, "supply": [{"l": "Maize", "v": 0.52107389828884998}, {"l": "Sorghum", "v": 0.041735332174086148}, {"l": "Rice", "v": 0.0083729915004273608}]}, {"source": 8, "prod": 20.0, "target": 20, "value": 0.0050133586694748357, "supply": [{"l": "Vegetables, Other", "v": 0.0039503838621636304}, {"l": "Onions", "v": 0.00046648534709340663}, {"l": "Tomatoes", "v": 0.00059648946021779862}]}, {"source": 21, "prod": 43.0, "target": 2, "value": 0.14773465871813643, "supply": [{"l": "Maize", "v": 0.077606750808977665}, {"l": "Wheat", "v": 0.067194987308706031}, {"l": "Barley", "v": 0.0029329206004527274}]}, {"source": 21, "prod": 5.0, "target": 17, "value": 0.043393503620733333, "supply": [{"l": "Fats, Animals, Raw", "v": 0.0339601332684}, {"l": "Oilcrops Oil, Other", "v": 0.0094333703523333343}]}, {"source": 21, "prod": 7.0, "target": 1, "value": 0.0056588584598144679, "supply": [{"l": "Milk - Excluding Butter", "v": 0.0040877938193444449}, {"l": "Pelagic Fish", "v": 0.00078553232023501117}, {"l": "Fish, Seafood", "v": 0.00078553232023501117}]}, {"source": 16, "prod": 33.0, "target": 22, "value": 0.1956418658306146, "supply": [{"l": "Sunflower seed", "v": 0.029642706944032517}, {"l": "Groundnuts", "v": 0.16599915888658209}]}, {"source": 0, "prod": 2.0, "target": 22, "value": 0.0015566527197556034, "supply": [{"l": "Roots, Other", "v": 0.00079372345854154802}, {"l": "Cassava", "v": 0.00076292926121405535}]}, {"source": 3, "prod": 5.0, "target": 22, "value": 0.020035476854513276, "supply": [{"l": "Pulses, Other", "v": 0.020035476854513276}]}, {"source": 11, "prod": 4.0, "target": 22, "value": 0.0031729577191681358, "supply": [{"l": "Freshwater Fish", "v": 0.0016018930786981134}, {"l": "Fish, Seafood", "v": 0.0015710646404700223}]}, {"source": 2, "prod": 5.0, "target": 22, "value": 0.020932478751068403, "supply": [{"l": "Rice", "v": 0.020932478751068403}]}, {"source": 7, "prod": 42.0, "target": 22, "value": 0.17315030012416385, "supply": [{"l": "Sugar", "v": 0.17315030012416385}]}, {"source": 13, "prod": 1.0, "target": 22, "value": 0.0094333703523333343, "supply": [{"l": "Oilcrops Oil, Other", "v": 0.0094333703523333343}]}, {"source": 23, "prod": 30.0, "target": 22, "value": 0.034866666599999999, "supply": [{"l": "Tea", "v": 0.034866666599999999}]}, {"source": 24, "prod": 7.0, "target": 16, "value": 0.041499789721645523, "supply": [{"l": "Groundnuts", "v": 0.041499789721645523}]}, {"source": 24, "prod": 1.0, "target": 23, "value": 0.0011622222200000001, "supply": [{"l": "Tea", "v": 0.0011622222200000001}]}, {"source": 2, "prod": 3.0, "target": 25, "value": 0.011382363320205311, "supply": [{"l": "Sorghum", "v": 0.011382363320205311}]}, {"source": 16, "prod": 1.0, "target": 25, "value": 0.0059285413888065042, "supply": [{"l": "Sunflower seed", "v": 0.0059285413888065042}]}, {"source": 7, "prod": 6.0, "target": 25, "value": 0.024735757160594837, "supply": [{"l": "Sugar", "v": 0.024735757160594837}]}, {"source": 24, "prod": 41.0, "target": 2, "value": 0.15075530309374349, "supply": [{"l": "Maize", "v": 0.14782238249329077}, {"l": "Barley", "v": 0.0029329206004527274}]}, {"source": 1, "prod": 39.0, "target": 4, "value": 0.031884791790886671, "supply": [{"l": "Milk - Excluding Butter", "v": 0.031884791790886671}]}, {"source": 1, "prod": 9.0, "target": 15, "value": 0.01248534311338235, "supply": [{"l": "Eggs", "v": 0.013872603459313721}]}, {"source": 1, "prod": 29.0, "target": 6, "value": 0.07545646814094123, "supply": [{"l": "Poultry Meat", "v": 0.010924675224209559}, {"l": "Bovine Meat", "v": 0.020966240813570122}, {"l": "Pigmeat", "v": 0.036913188335217388}, {"l": "Offals, Edible", "v": 0.0020214365040714288}, {"l": "Mutton & Goat Meat", "v": 0.0046309272638727274}]}, {"source": 1, "prod": 152.0, "target": 11, "value": 0.1205569791092751, "supply": [{"l": "Freshwater Fish", "v": 0.060070990451179244}, {"l": "Pelagic Fish", "v": 0.00078553232023501117}, {"l": "Fish, Seafood", "v": 0.059700456337860842}]}, {"source": 17, "prod": 84.0, "target": 7, "value": 0.34630060024832776, "supply": [{"l": "Sugar", "v": 0.34630060024832776}]}, {"source": 17, "prod": 9.0, "target": 13, "value": 0.091985552562683384, "supply": [{"l": "Cottonseed Oil", "v": 0.019592384577923075}, {"l": "Oilcrops Oil, Other", "v": 0.0094333703523333343}, {"l": "Groundnut Oil", "v": 0.06295979763242697}]}, {"source": 17, "prod": 5.0, "target": 10, "value": 0.0424501665855, "supply": [{"l": "Fats, Animals, Raw", "v": 0.0424501665855}]}, {"source": 17, "prod": 259.0, "target": 9, "value": 0.10752606281189761, "supply": [{"l": "Beer", "v": 0.0044980308964768208}, {"l": "Beverages, Alcoholic", "v": 0.007718212106454546}, {"l": "Beverages, Fermented", "v": 0.095309819808966245}]}, {"source": 26, "prod": 0, "target": 16, "value": 2.0811852147633725e-05, "supply": "[{\"l\":'Energy for power irrigation',\"v\":2.0811852147633725e-05}]"}, {"source": 26, "prod": 0, "target": 8, "value": 2.8533564075201007e-05, "supply": "[{\"l\":'Energy for power irrigation',\"v\":2.8533564075201007e-05}]"}, {"source": 26, "prod": 0, "target": 18, "value": 0.00013972621583216986, "supply": "[{\"l\":'Energy for power irrigation',\"v\":0.00013972621583216986}]"}, {"source": 26, "prod": 0, "target": 0, "value": 7.6187557685330527e-05, "supply": "[{\"l\":'Energy for power irrigation',\"v\":7.6187557685330527e-05}]"}, {"source": 26, "prod": 0, "target": 3, "value": 2.8092323393625733e-05, "supply": "[{\"l\":'Energy for power irrigation',\"v\":2.8092323393625733e-05}]"}, {"source": 26, "prod": 0, "target": 12, "value": 4.9418956336430606e-05, "supply": "[{\"l\":'Energy for power irrigation',\"v\":4.9418956336430606e-05}]"}, {"source": 26, "prod": 0, "target": 2, "value": 0.0001921603168260315, "supply": "[{\"l\":'Energy for power irrigation',\"v\":0.0001921603168260315}]"}, {"source": 26, "prod": 0, "target": 14, "value": 1.4708022719175777e-07, "supply": "[{\"l\":'Energy for power irrigation',\"v\":1.4708022719175777e-07}]"}, {"source": 26, "prod": 0, "target": 23, "value": 4.3388667021568542e-06, "supply": "[{\"l\":'Energy for power irrigation',\"v\":4.3388667021568542e-06}]"}, {"source": 26, "prod": 0, "target": 17, "value": 0.044525585597442179, "supply": "[{\"l\":'Electricity',\"v\":0.044525585597442179}]"}, {"source": 27, "prod": 0, "target": 26, "value": 0.022436138370228353, "supply": [{"l": "Coal", "v": 0.0008942166175997363}, {"l": "Natural gas", "v": 0.0043958455518971849}, {"l": "Oil", "v": 0.017146076200731431}]}, {"source": 28, "prod": 0, "target": 26, "value": 0.036295882487703997, "supply": [{"l": "Nuclear", "v": 0.0}, {"l": "Hydroelectric", "v": 0.036173220635813935}, {"l": "Renewable", "v": 0.00012266185189006038}]}, {"source": 27, "prod": 0, "target": 16, "value": 0.0032258956323618269, "supply": [{"l": "Gas-Diesel oil", "v": 0.0032258956323618269}]}, {"source": 27, "prod": 0, "target": 8, "value": 0.0044227827044395363, "supply": [{"l": "Gas-Diesel oil", "v": 0.0044227827044395363}]}, {"source": 27, "prod": 0, "target": 18, "value": 0.021657956542358553, "supply": [{"l": "Gas-Diesel oil", "v": 0.021657956542358553}]}, {"source": 27, "prod": 0, "target": 0, "value": 0.011809285777833401, "supply": [{"l": "Gas-Diesel oil", "v": 0.011809285777833401}]}, {"source": 27, "prod": 0, "target": 3, "value": 0.0043543891574636673, "supply": [{"l": "Gas-Diesel oil", "v": 0.0043543891574636673}]}, {"source": 27, "prod": 0, "target": 12, "value": 0.0076600772612973409, "supply": [{"l": "Gas-Diesel oil", "v": 0.0076600772612973409}]}, {"source": 27, "prod": 0, "target": 2, "value": 0.029785389707990998, "supply": [{"l": "Gas-Diesel oil", "v": 0.029785389707990998}]}, {"source": 27, "prod": 0, "target": 14, "value": 2.2797848991956373e-05, "supply": [{"l": "Gas-Diesel oil", "v": 2.2797848991956373e-05}]}, {"source": 27, "prod": 0, "target": 23, "value": 0.00067253654526271296, "supply": [{"l": "Gas-Diesel oil", "v": 0.00067253654526271296}]}, {"source": 29, "prod": 1.0377824130879347, "target": 16, "value": 0.014367907225006405, "supply": [{"l": "Potash", "v": 0.01222205834311098}, {"l": "Phosphate", "v": 0.0136518333442548}, {"l": "Nitrogen", "v": 0.34652398638833026}]}, {"source": 29, "prod": 1.4228253578732108, "target": 8, "value": 0.01969875619541514, "supply": [{"l": "Potash", "v": 0.01222205834311098}, {"l": "Phosphate", "v": 0.0136518333442548}, {"l": "Nitrogen", "v": 0.34652398638833026}]}, {"source": 29, "prod": 6.9674437627811869, "target": 18, "value": 0.09646298136930094, "supply": [{"l": "Potash", "v": 0.01222205834311098}, {"l": "Phosphate", "v": 0.0136518333442548}, {"l": "Nitrogen", "v": 0.34652398638833026}]}, {"source": 29, "prod": 3.7990903885480578, "target": 0, "value": 0.052597709841366205, "supply": [{"l": "Potash", "v": 0.01222205834311098}, {"l": "Phosphate", "v": 0.0136518333442548}, {"l": "Nitrogen", "v": 0.34652398638833026}]}, {"source": 29, "prod": 1.4008229038854807, "target": 3, "value": 0.019394136254248927, "supply": [{"l": "Potash", "v": 0.01222205834311098}, {"l": "Phosphate", "v": 0.0136518333442548}, {"l": "Nitrogen", "v": 0.34652398638833026}]}, {"source": 29, "prod": 2.4642748466257673, "target": 12, "value": 0.034117433410615912, "supply": [{"l": "Potash", "v": 0.01222205834311098}, {"l": "Phosphate", "v": 0.0136518333442548}, {"l": "Nitrogen", "v": 0.34652398638833026}]}, {"source": 29, "prod": 9.5820687116564418, "target": 2, "value": 0.13266198437788598, "supply": [{"l": "Potash", "v": 0.01222205834311098}, {"l": "Phosphate", "v": 0.0136518333442548}, {"l": "Nitrogen", "v": 0.34652398638833026}]}, {"source": 29, "prod": 0.0073341513292433554, "target": 14, "value": 0.00010153998038873785, "supply": [{"l": "Potash", "v": 0.01222205834311098}, {"l": "Phosphate", "v": 0.0136518333442548}, {"l": "Nitrogen", "v": 0.34652398638833026}]}, {"source": 29, "prod": 0.21635746421267898, "target": 23, "value": 0.0029954294214677665, "supply": [{"l": "Potash", "v": 0.01222205834311098}, {"l": "Phosphate", "v": 0.0136518333442548}, {"l": "Nitrogen", "v": 0.34652398638833026}]}, {"source": 27, "prod": 0, "target": 29, "value": 0.45094319790553211, "supply": [{"l": "Natural gas (including LNG)", "v": 0.30283148645443436}, {"l": "Fuel oil", "v": 0.086856255247079267}, {"l": "Liquefied petroleum gas (LPG)", "v": 0.030627728102009241}, {"l": "Coal", "v": 0.030627728102009241}]}, {"source": 30, "prod": 0, "target": 8, "value": 0.075773401237650501, "supply": "[{\"l\":'Labor',\"v\":0.075773401237650501}]"}, {"source": 30, "prod": 0, "target": 18, "value": 0.37105531533901021, "supply": "[{\"l\":'Labor',\"v\":0.37105531533901021}]"}, {"source": 30, "prod": 0, "target": 0, "value": 0.20232279299537609, "supply": "[{\"l\":'Labor',\"v\":0.20232279299537609}]"}, {"source": 30, "prod": 0, "target": 3, "value": 0.074601647610264152, "supply": "[{\"l\":'Labor',\"v\":0.074601647610264152}]"}, {"source": 30, "prod": 0, "target": 2, "value": 0.51029870472675454, "supply": "[{\"l\":'Labor',\"v\":0.51029870472675454}]"}, {"source": 30, "prod": 0, "target": 14, "value": 0.000390584542462116, "supply": "[{\"l\":'Labor',\"v\":0.000390584542462116}]"}, {"source": 30, "prod": 0, "target": 23, "value": 0.011522244002632423, "supply": "[{\"l\":'Labor',\"v\":0.011522244002632423}]"}, {"source": 30, "prod": 0, "target": 12, "value": 0.13123640626727098, "supply": "[{\"l\":'Labor',\"v\":0.13123640626727098}]"}, {"source": 30, "prod": 0, "target": 16, "value": 0.055267712758389417, "supply": "[{\"l\":'Labor',\"v\":0.055267712758389417}]"}, {"source": 27, "prod": 0, "target": 21, "value": 0.034335461563584926, "supply": "[{\"l\":'Fossil Fuels',\"v\":0.034335461563584926}]"}, {"source": 28, "prod": 0, "target": 21, "value": 0.20731156438037618, "supply": "[{\"l\":'Renewables & Nuclear',\"v\":0.0040391563578740909},{\"l\":'Biomass & Waste',\"v\":0.2032724080225021}]"}]}