{"nodes": [{"layer": 5, "name": "Fruits, Roots & Vegetables", "fill": "#98df8a"}, {"layer": 10, "name": "Feed", "fill": "#dbdb8d"}, {"layer": 5, "name": "Cereals", "fill": "#e7ba52"}, {"layer": 13, "name": "Other Processed", "fill": "#9c9ede"}, {"layer": 16, "name": "Food", "fill": "#b5cf6b"}, {"layer": 13, "name": "Animal Products", "fill": "#17becf"}, {"layer": 5, "name": "Oilcrops", "fill": "#ff9896"}, {"layer": 13, "name": "Sugar", "fill": "#d6616b"}, {"layer": 13, "name": "Aquatic Products", "fill": "#1f77b4"}, {"layer": 13, "name": "Vegetable Oils", "fill": "#f7b6d2"}, {"layer": 10, "name": "Processing", "fill": "#9edae5"}, {"layer": 16, "name": "Biofuels & Other", "fill": "#e7ba52"}, {"name": "Seed", "fill": "#dbdb8d"}, {"name": "Waste", "fill": "#c7c7c7"}, {"layer": 0, "name": "Import", "fill": "#aec7e8"}, {"layer": 16, "name": "Export", "fill": "#aec7e8"}, {"layer": 16, "name": "Stock Deposit", "fill": "#c7c7c7"}, {"layer": 0, "name": "Stock Draw", "fill": "#c7c7c7"}, {"layer": 0, "name": "Production", "fill": "#b5cf6b"}], "links": [{"source": 0, "prod": 0.017723926174330263, "target": 1, "value": 6.0, "supply": [{"l": "Pulses, Other", "v": 4.0}, {"l": "Potatoes", "v": 2.0}]}, {"source": 2, "prod": 0.19607520068729004, "target": 1, "value": 53.0, "supply": [{"l": "Maize", "v": 50.0}, {"l": "Sorghum", "v": 3.0}]}, {"source": 3, "prod": 0.062545853168888818, "target": 4, "value": 103.0, "supply": [{"l": "Beer", "v": 2.0}, {"l": "Fats, Animals, Raw", "v": 3.0}, {"l": "Beverages, Fermented", "v": 98.0}]}, {"source": 5, "prod": 0.057302578929363371, "target": 4, "value": 34.0, "supply": [{"l": "Pigmeat", "v": 5.0}, {"l": "Milk - Excluding Butter", "v": 14.0}, {"l": "Mutton & Goat Meat", "v": 2.0}, {"l": "Bovine Meat", "v": 5.0}, {"l": "Eggs", "v": 3.0}, {"l": "Poultry Meat", "v": 3.0}, {"l": "Offals, Edible", "v": 2.0}]}, {"source": 2, "prod": 2.363199640041453, "target": 4, "value": 640.0, "supply": [{"l": "Maize", "v": 610.0}, {"l": "Rice", "v": 2.0}, {"l": "Sorghum", "v": 19.0}, {"l": "Wheat", "v": 9.0}]}, {"source": 6, "prod": 0.28390238799219747, "target": 4, "value": 48.0, "supply": [{"l": "Groundnuts", "v": 48.0}]}, {"source": 0, "prod": 0.52368541075881325, "target": 4, "value": 501.0, "supply": [{"l": "Potatoes", "v": 47.0}, {"l": "Fruits, Other", "v": 118.0}, {"l": "Citrus, Other", "v": 1.0}, {"l": "Beans", "v": 22.0}, {"l": "Pulses, Other", "v": 42.0}, {"l": "Tomatoes", "v": 13.0}, {"l": "Bananas", "v": 32.0}, {"l": "Spices, Other", "v": 1.0}, {"l": "Vegetables, Other", "v": 91.0}, {"l": "Plantains", "v": 52.0}, {"l": "Onions", "v": 6.0}, {"l": "Cassava", "v": 76.0}]}, {"source": 7, "prod": 0.041182997433694031, "target": 4, "value": 10.0, "supply": [{"l": "Sugar", "v": 10.0}]}, {"source": 8, "prod": 0.034993515702039957, "target": 4, "value": 42.0, "supply": [{"l": "Freshwater Fish", "v": 21.0}, {"l": "Fish, Seafood", "v": 21.0}]}, {"source": 9, "prod": 0.041944807459482147, "target": 4, "value": 4.0, "supply": [{"l": "Groundnut Oil", "v": 3.0}, {"l": "Cottonseed Oil", "v": 1.0}]}, {"source": 2, "prod": 0.075824493496860185, "target": 10, "value": 20.0, "supply": [{"l": "Maize", "v": 1.0}, {"l": "Sorghum", "v": 19.0}]}, {"source": 6, "prod": 0.11237802858024484, "target": 10, "value": 19.0, "supply": [{"l": "Cottonseed", "v": 5.0}, {"l": "Oilcrops, Other", "v": 4.0}, {"l": "Groundnuts", "v": 10.0}]}, {"source": 9, "prod": 0.010612541646375, "target": 11, "value": 1.0, "supply": [{"l": "Groundnut Oil", "v": 1.0}]}, {"source": 0, "prod": 0.075105051328586969, "target": 12, "value": 26.0, "supply": [{"l": "Beans", "v": 5.0}, {"l": "Pulses, Other", "v": 12.0}, {"l": "Potatoes", "v": 9.0}]}, {"source": 2, "prod": 0.099833144795060086, "target": 12, "value": 27.0, "supply": [{"l": "Maize", "v": 26.0}, {"l": "Sorghum", "v": 1.0}]}, {"source": 6, "prod": 0.065060963914878589, "target": 12, "value": 11.0, "supply": [{"l": "Groundnuts", "v": 10.0}, {"l": "Cottonseed", "v": 1.0}]}, {"source": 0, "prod": 0.15725923986956231, "target": 13, "value": 80.0, "supply": [{"l": "Plantains", "v": 6.0}, {"l": "Bananas", "v": 4.0}, {"l": "Potatoes", "v": 6.0}, {"l": "Vegetables, Other", "v": 10.0}, {"l": "Fruits, Other", "v": 13.0}, {"l": "Beans", "v": 9.0}, {"l": "Pulses, Other", "v": 23.0}, {"l": "Tomatoes", "v": 1.0}, {"l": "Cassava", "v": 8.0}]}, {"source": 5, "prod": 0.00068838107976486481, "target": 13, "value": 1.0, "supply": [{"l": "Milk - Excluding Butter", "v": 1.0}]}, {"source": 2, "prod": 0.42159754870188276, "target": 13, "value": 114.0, "supply": [{"l": "Maize", "v": 109.0}, {"l": "Sorghum", "v": 5.0}]}, {"source": 6, "prod": 0.059146330831707811, "target": 13, "value": 10.0, "supply": [{"l": "Groundnuts", "v": 10.0}]}, {"source": 14, "prod": 0.04354519200347573, "target": 10, "value": 9.0, "supply": [{"l": "Fats, Animals, Raw", "v": 3.0}, {"l": "Beer", "v": 2.0}, {"l": "Sugar", "v": 4.0}]}, {"source": 14, "prod": 0.025658767358346664, "target": 2, "value": 8.0, "supply": [{"l": "Wheat", "v": 8.0}]}, {"source": 14, "prod": 0.0020651432392945947, "target": 1, "value": 3.0, "supply": [{"l": "Milk - Excluding Butter", "v": 3.0}]}, {"source": 14, "prod": 0.0040191771789697926, "target": 0, "value": 1.0, "supply": [{"l": "Pulses, Other", "v": 1.0}]}, {"source": 0, "prod": 0.04717627895033237, "target": 15, "value": 26.0, "supply": [{"l": "Pulses, Other", "v": 7.0}, {"l": "Tea", "v": 11.0}, {"l": "Cassava", "v": 8.0}]}, {"source": 9, "prod": 0.010612541646375, "target": 15, "value": 1.0, "supply": [{"l": "Oilcrops Oil, Other", "v": 1.0}]}, {"source": 2, "prod": 0.045249557850650171, "target": 15, "value": 12.0, "supply": [{"l": "Maize", "v": 10.0}, {"l": "Rice", "v": 1.0}, {"l": "Sorghum", "v": 1.0}]}, {"source": 6, "prod": 0.18926825866146499, "target": 15, "value": 32.0, "supply": [{"l": "Groundnuts", "v": 32.0}]}, {"source": 0, "prod": 0.059694053820309796, "target": 16, "value": 51.0, "supply": [{"l": "Pulses, Other", "v": 6.0}, {"l": "Tea", "v": 1.0}, {"l": "Cassava", "v": 44.0}]}, {"source": 2, "prod": 0.011389069083914634, "target": 16, "value": 3.0, "supply": [{"l": "Sorghum", "v": 3.0}]}, {"source": 17, "prod": 0.29549781056540064, "target": 2, "value": 80.0, "supply": [{"l": "Maize", "v": 80.0}]}, {"source": 17, "prod": 0.028828098203585825, "target": 10, "value": 7.0, "supply": [{"l": "Sugar", "v": 7.0}]}, {"source": 18, "prod": 2.8850083744522657, "target": 2, "value": 779.0, "supply": [{"l": "Maize", "v": 726.0}, {"l": "Rice", "v": 3.0}, {"l": "Sorghum", "v": 50.0}]}, {"source": 18, "prod": 0.70384133689732298, "target": 6, "value": 119.0, "supply": [{"l": "Cottonseed", "v": 6.0}, {"l": "Groundnuts", "v": 109.0}, {"l": "Oilcrops, Other", "v": 4.0}]}, {"source": 18, "prod": 0.87640989175976347, "target": 0, "value": 689.0, "supply": [{"l": "Plantains", "v": 58.0}, {"l": "Fruits, Other", "v": 131.0}, {"l": "Citrus, Other", "v": 1.0}, {"l": "Beans", "v": 36.0}, {"l": "Pulses, Other", "v": 93.0}, {"l": "Tomatoes", "v": 14.0}, {"l": "Bananas", "v": 35.0}, {"l": "Spices, Other", "v": 1.0}, {"l": "Tea", "v": 12.0}, {"l": "Vegetables, Other", "v": 101.0}, {"l": "Potatoes", "v": 64.0}, {"l": "Onions", "v": 7.0}, {"l": "Cassava", "v": 136.0}]}, {"source": 1, "prod": 0.034993515702039957, "target": 8, "value": 42.0, "supply": [{"l": "Freshwater Fish", "v": 21.0}, {"l": "Fish, Seafood", "v": 21.0}]}, {"source": 1, "prod": 0.057990960009128234, "target": 5, "value": 35.0, "supply": [{"l": "Poultry Meat", "v": 3.0}, {"l": "Pigmeat", "v": 5.0}, {"l": "Bovine Meat", "v": 5.0}, {"l": "Eggs", "v": 3.0}, {"l": "Milk - Excluding Butter", "v": 15.0}, {"l": "Offals, Edible", "v": 2.0}, {"l": "Mutton & Goat Meat", "v": 2.0}]}, {"source": 10, "prod": 0.062545853168888818, "target": 3, "value": 103.0, "supply": [{"l": "Fats, Animals, Raw", "v": 3.0}, {"l": "Beer", "v": 2.0}, {"l": "Beverages, Fermented", "v": 98.0}]}, {"source": 10, "prod": 0.063169890752232144, "target": 9, "value": 6.0, "supply": [{"l": "Cottonseed Oil", "v": 1.0}, {"l": "Oilcrops Oil, Other", "v": 1.0}, {"l": "Groundnut Oil", "v": 4.0}]}, {"source": 10, "prod": 0.041182997433694031, "target": 7, "value": 10.0, "supply": [{"l": "Sugar", "v": 10.0}]}]}