{"nodes": [{"layer": 5, "name": "Starchy Roots"}, {"layer": 10, "name": "Feed", "fill": "#dbdb8d"}, {"layer": 5, "name": "Cereals - Excluding Beer"}, {"layer": 5, "name": "Pulses"}, {"layer": 13, "name": "Fish, Seafood"}, {"layer": 13, "name": "Milk - Excluding Butter"}, {"layer": 16, "name": "Food", "fill": "#b5cf6b"}, {"layer": 13, "name": "Meat"}, {"layer": 13, "name": "Sugar & Sweeteners"}, {"layer": 5, "name": "Vegetables"}, {"layer": 13, "name": "Alcoholic Beverages"}, {"layer": 13, "name": "Animal Fats"}, {"layer": 5, "name": "Fruits - Excluding Wine"}, {"layer": 13, "name": "Vegetable Oils", "fill": "#f7b6d2"}, {"layer": 5, "name": "Spices"}, {"layer": 13, "name": "Eggs"}, {"layer": 5, "name": "Oilcrops", "fill": "#ff9896"}, {"layer": 10, "name": "Processing", "fill": "#9edae5"}, {"layer": 5, "name": "Sugar Crops", "fill": "#ffbb78"}, {"layer": 16, "name": "Biofuels & Other", "fill": "#e7ba52"}, {"name": "Waste", "fill": "#c7c7c7"}, {"layer": 2, "name": "Import", "fill": "#aec7e8"}, {"layer": 16, "name": "Export", "fill": "#aec7e8"}, {"layer": 5, "name": "Stimulants"}, {"layer": 0, "name": "Stock Draw", "fill": "#c7c7c7"}, {"layer": 16, "name": "Stock Deposit", "fill": "#c7c7c7"}, {"name": "Crop Residue", "fill": "#bd9e39"}, {"layer": 2, "name": "Electricity", "fill": "#bcbd22"}, {"layer": 0, "name": "Fossil Fuels", "fill": "#c49c94"}, {"layer": 0, "name": "Renewables & Nuclear", "fill": "#2ca02c"}, {"layer": 2, "name": "Fertilizers", "fill": "#c5b0d5"}, {"layer": 0, "name": "Labor", "fill": "#7f7f7f"}], "links": [{"source": 0, "prod": 10.0, "target": 1, "value": 0.0082607062481222775, "supply": [{"l": "Potatoes", "v": 0.0082607062481222775}]}, {"source": 2, "prod": 125.0, "target": 1, "value": 0.46251117334642827, "supply": [{"l": "Maize", "v": 0.44336072225522527}, {"l": "Sorghum", "v": 0.019150451091203009}]}, {"source": 3, "prod": 5.0, "target": 1, "value": 0.020147430057135759, "supply": [{"l": "Pulses, Other", "v": 0.020147430057135759}]}, {"source": 4, "prod": 2.0, "target": 1, "value": 0.0015684398899060243, "supply": [{"l": "Pelagic Fish", "v": 0.00078421994495301217}, {"l": "Fish, Seafood", "v": 0.00078421994495301217}]}, {"source": 5, "prod": 29.0, "target": 6, "value": 0.022505572778418647, "supply": [{"l": "Milk - Excluding Butter", "v": 0.022505572778418647}]}, {"source": 7, "prod": 27.0, "target": 6, "value": 0.06309251969503539, "supply": [{"l": "Pigmeat", "v": 0.028300111057000001}, {"l": "Mutton & Goat Meat", "v": 0.0047166851761666663}, {"l": "Bovine Meat", "v": 0.019209293259360338}, {"l": "Poultry Meat", "v": 0.0089368771758947373}, {"l": "Offals, Edible", "v": 0.0019295530266136365}]}, {"source": 8, "prod": 31.0, "target": 6, "value": 0.1282212724044077, "supply": [{"l": "Sugar", "v": 0.1282212724044077}]}, {"source": 9, "prod": 170.0, "target": 6, "value": 0.043136592561770284, "supply": [{"l": "Tomatoes", "v": 0.0045946062657247063}, {"l": "Vegetables, Other", "v": 0.033798950923364011}, {"l": "Onions", "v": 0.004743035372681564}]}, {"source": 10, "prod": 259.0, "target": 6, "value": 0.10426574302544003, "supply": [{"l": "Beer", "v": 0.0044392331069803923}, {"l": "Beverages, Fermented", "v": 0.096682053134348522}, {"l": "Beverages, Alcoholic", "v": 0.003144456784111111}]}, {"source": 11, "prod": 5.0, "target": 6, "value": 0.041956559997296514, "supply": [{"l": "Fats, Animals, Raw", "v": 0.041956559997296514}]}, {"source": 0, "prod": 417.0, "target": 6, "value": 0.33041324988175508, "supply": [{"l": "Potatoes", "v": 0.15034485371582545}, {"l": "Cassava", "v": 0.18006839616592962}]}, {"source": 3, "prod": 107.0, "target": 6, "value": 0.4274428498834254, "supply": [{"l": "Beans", "v": 0.13731985706067046}, {"l": "Pulses, Other", "v": 0.29012299282275494}]}, {"source": 4, "prod": 132.0, "target": 6, "value": 0.10380968993457973, "supply": [{"l": "Freshwater Fish", "v": 0.052051173567680929}, {"l": "Fish, Seafood", "v": 0.0517585163668988}]}, {"source": 12, "prod": 289.0, "target": 6, "value": 0.19889858087661144, "supply": [{"l": "Fruits, Other", "v": 0.083130991130056231}, {"l": "Citrus, Other", "v": 0.00070165564604132225}, {"l": "Bananas", "v": 0.035784437948107442}, {"l": "Plantains", "v": 0.079281496152406442}]}, {"source": 2, "prod": 947.0, "target": 6, "value": 3.5174414631024309, "supply": [{"l": "Maize", "v": 3.125693091899338}, {"l": "Rice", "v": 0.18005989279176329}, {"l": "Sorghum", "v": 0.16086378916610528}, {"l": "Wheat", "v": 0.0508246892452245}]}, {"source": 13, "prod": 9.0, "target": 6, "value": 0.095065091768415835, "supply": [{"l": "Groundnut Oil", "v": 0.052466498027022475}, {"l": "Oilcrops Oil, Other", "v": 0.011577318159681819}, {"l": "Cottonseed Oil", "v": 0.02122508329275}, {"l": "Sunflowerseed Oil", "v": 0.0097961922889615409}]}, {"source": 14, "prod": 1.0, "target": 6, "value": 0.0047166851761666672, "supply": [{"l": "Spices, Other", "v": 0.0047166851761666672}]}, {"source": 15, "prod": 8.0, "target": 6, "value": 0.011098082767450978, "supply": [{"l": "Eggs", "v": 0.011098082767450978}]}, {"source": 16, "prod": 53.0, "target": 6, "value": 0.31502492045028951, "supply": [{"l": "Groundnuts", "v": 0.31502492045028951}]}, {"source": 2, "prod": 52.0, "target": 17, "value": 0.19650617746409071, "supply": [{"l": "Maize", "v": 0.029557381483681686}, {"l": "Barley", "v": 0.0060850068143037551}, {"l": "Sorghum", "v": 0.16086378916610528}]}, {"source": 18, "prod": 700.0, "target": 17, "value": 0.2701374237259091, "supply": [{"l": "Sugar cane", "v": 0.2701374237259091}]}, {"source": 16, "prod": 32.0, "target": 17, "value": 0.19020372555489179, "supply": [{"l": "Sunflower seed", "v": 0.017831599270771104}, {"l": "Groundnuts", "v": 0.10104572920103626}, {"l": "Cottonseed", "v": 0.065382530659494051}, {"l": "Oilcrops, Other", "v": 0.0059438664235903684}]}, {"source": 13, "prod": 1.0, "target": 19, "value": 0.010493299605404495, "supply": [{"l": "Groundnut Oil", "v": 0.010493299605404495}]}, {"source": 0, "prod": 28.0, "target": 0, "value": 0.023129977494742375, "supply": [{"l": "Potatoes", "v": 0.023129977494742375}]}, {"source": 2, "prod": 36.0, "target": 2, "value": 0.13426458510570857, "supply": [{"l": "Maize", "v": 0.11822952593472674}, {"l": "Rice", "v": 0.0083748787345006188}, {"l": "Sorghum", "v": 0.0076601804364812044}]}, {"source": 15, "prod": 1.0, "target": 15, "value": 0.0013872603459313723, "supply": [{"l": "Eggs", "v": 0.0013872603459313723}]}, {"source": 3, "prod": 23.0, "target": 3, "value": 0.091829686070989097, "supply": [{"l": "Beans", "v": 0.031387395899581817}, {"l": "Pulses, Other", "v": 0.060442290171407287}]}, {"source": 16, "prod": 14.0, "target": 16, "value": 0.083214129930265154, "supply": [{"l": "Groundnuts", "v": 0.077270263506674791}, {"l": "Cottonseed", "v": 0.0059438664235903684}]}, {"source": 5, "prod": 1.0, "target": 20, "value": 0.00077605423373857405, "supply": [{"l": "Milk - Excluding Butter", "v": 0.00077605423373857405}]}, {"source": 16, "prod": 11.0, "target": 20, "value": 0.065382530659494051, "supply": [{"l": "Groundnuts", "v": 0.065382530659494051}]}, {"source": 15, "prod": 1.0, "target": 20, "value": 0.0013872603459313723, "supply": [{"l": "Eggs", "v": 0.0013872603459313723}]}, {"source": 0, "prod": 53.0, "target": 20, "value": 0.042106723461352635, "supply": [{"l": "Potatoes", "v": 0.020651765620305695}, {"l": "Cassava", "v": 0.021454957841046937}]}, {"source": 3, "prod": 46.0, "target": 20, "value": 0.18387149518993706, "supply": [{"l": "Beans", "v": 0.054927942824268182}, {"l": "Pulses, Other", "v": 0.12894355236566887}]}, {"source": 12, "prod": 33.0, "target": 20, "value": 0.022828838759829363, "supply": [{"l": "Plantains", "v": 0.0092666683814501046}, {"l": "Bananas", "v": 0.0042099338762479335}, {"l": "Fruits, Other", "v": 0.0093522365021313277}]}, {"source": 2, "prod": 156.0, "target": 20, "value": 0.57870864762317697, "supply": [{"l": "Maize", "v": 0.53203286670627037}, {"l": "Sorghum", "v": 0.038300902182406019}, {"l": "Rice", "v": 0.0083748787345006188}]}, {"source": 9, "prod": 19.0, "target": 20, "value": 0.0047742150713124092, "supply": [{"l": "Vegetables, Other", "v": 0.0037006150646018993}, {"l": "Onions", "v": 0.00047430353726815653}, {"l": "Tomatoes", "v": 0.00059929646944235297}]}, {"source": 21, "prod": 43.0, "target": 2, "value": 0.14785754190591291, "supply": [{"l": "Maize", "v": 0.077588126394664433}, {"l": "Wheat", "v": 0.060354318478704094}, {"l": "Barley", "v": 0.0060850068143037551}, {"l": "Sorghum", "v": 0.0038300902182406022}]}, {"source": 21, "prod": 1.0, "target": 3, "value": 0.0040294860114271523, "supply": [{"l": "Pulses, Other", "v": 0.0040294860114271523}]}, {"source": 21, "prod": 6.0, "target": 17, "value": 0.045697470295891579, "supply": [{"l": "Fats, Animals, Raw", "v": 0.033565247997837208}, {"l": "Beer", "v": 0.00055490413837254904}, {"l": "Oilcrops Oil, Other", "v": 0.011577318159681819}]}, {"source": 21, "prod": 7.0, "target": 1, "value": 0.005448711058598895, "supply": [{"l": "Pelagic Fish", "v": 0.00078421994495301217}, {"l": "Milk - Excluding Butter", "v": 0.0038802711686928702}, {"l": "Fish, Seafood", "v": 0.00078421994495301217}]}, {"source": 21, "prod": 1.0, "target": 12, "value": 0.00051956869456285155, "supply": [{"l": "Fruits, Other", "v": 0.00051956869456285155}]}, {"source": 16, "prod": 30.0, "target": 22, "value": 0.17831599270771106, "supply": [{"l": "Cottonseed", "v": 0.011887732847180737}, {"l": "Groundnuts", "v": 0.16642825986053034}]}, {"source": 0, "prod": 17.0, "target": 22, "value": 0.013026224403492784, "supply": [{"l": "Cassava", "v": 0.013026224403492784}]}, {"source": 3, "prod": 5.0, "target": 22, "value": 0.020147430057135759, "supply": [{"l": "Pulses, Other", "v": 0.020147430057135759}]}, {"source": 4, "prod": 10.0, "target": 22, "value": 0.0078643704495893734, "supply": [{"l": "Fish, Seafood", "v": 0.0039210997247650604}, {"l": "Freshwater Fish", "v": 0.003943270724824313}]}, {"source": 8, "prod": 31.0, "target": 22, "value": 0.1282212724044077, "supply": [{"l": "Sugar", "v": 0.1282212724044077}]}, {"source": 2, "prod": 9.0, "target": 22, "value": 0.033643369147557667, "supply": [{"l": "Wheat", "v": 0.012706172311306125}, {"l": "Rice", "v": 0.020937196836251545}]}, {"source": 23, "prod": 25.0, "target": 22, "value": 0.029055555500000003, "supply": [{"l": "Tea", "v": 0.029055555500000003}]}, {"source": 24, "prod": 7.0, "target": 16, "value": 0.041607064965132584, "supply": [{"l": "Groundnuts", "v": 0.041607064965132584}]}, {"source": 24, "prod": 20.0, "target": 0, "value": 0.015324969886462097, "supply": [{"l": "Cassava", "v": 0.015324969886462097}]}, {"source": 2, "prod": 1.0, "target": 25, "value": 0.0030425034071518775, "supply": [{"l": "Barley", "v": 0.0030425034071518775}]}, {"source": 16, "prod": 1.0, "target": 25, "value": 0.0059438664235903684, "supply": [{"l": "Sunflower seed", "v": 0.0059438664235903684}]}, {"source": 23, "prod": 2.0, "target": 25, "value": 0.0023244444400000001, "supply": [{"l": "Tea", "v": 0.0023244444400000001}]}, {"source": 8, "prod": 3.0, "target": 25, "value": 0.012408510232684617, "supply": [{"l": "Sugar", "v": 0.012408510232684617}]}, {"source": 24, "prod": 130.0, "target": 2, "value": 0.48030744910982742, "supply": [{"l": "Maize", "v": 0.48030744910982742}]}, {"source": 1, "prod": 30.0, "target": 5, "value": 0.023281627012157222, "supply": [{"l": "Milk - Excluding Butter", "v": 0.023281627012157222}]}, {"source": 1, "prod": 9.0, "target": 15, "value": 0.01248534311338235, "supply": [{"l": "Eggs", "v": 0.013872603459313721}]}, {"source": 1, "prod": 27.0, "target": 7, "value": 0.06309251969503539, "supply": [{"l": "Poultry Meat", "v": 0.0089368771758947373}, {"l": "Bovine Meat", "v": 0.019209293259360338}, {"l": "Pigmeat", "v": 0.028300111057000001}, {"l": "Offals, Edible", "v": 0.0019295530266136365}, {"l": "Mutton & Goat Meat", "v": 0.0047166851761666663}]}, {"source": 1, "prod": 144.0, "target": 4, "value": 0.11324250027407513, "supply": [{"l": "Freshwater Fish", "v": 0.05599444429250524}, {"l": "Pelagic Fish", "v": 0.00078421994495301217}, {"l": "Fish, Seafood", "v": 0.056463836036616873}]}, {"source": 17, "prod": 65.0, "target": 8, "value": 0.26885105504150003, "supply": [{"l": "Sugar", "v": 0.26885105504150003}]}, {"source": 17, "prod": 10.0, "target": 13, "value": 0.10555839137382034, "supply": [{"l": "Cottonseed Oil", "v": 0.02122508329275}, {"l": "Oilcrops Oil, Other", "v": 0.011577318159681819}, {"l": "Groundnut Oil", "v": 0.06295979763242697}, {"l": "Sunflowerseed Oil", "v": 0.0097961922889615409}]}, {"source": 17, "prod": 5.0, "target": 11, "value": 0.041956559997296514, "supply": [{"l": "Fats, Animals, Raw", "v": 0.041956559997296514}]}, {"source": 17, "prod": 259.0, "target": 10, "value": 0.10426574302544003, "supply": [{"l": "Beer", "v": 0.0044392331069803923}, {"l": "Beverages, Alcoholic", "v": 0.003144456784111111}, {"l": "Beverages, Fermented", "v": 0.096682053134348522}]}, {"source": 16, "prod": 138.0, "target": 26, "value": 0.48115999908000001, "supply": [{"l": "Sunflower seed", "v": 0.013946666640000003}, {"l": "Groundnuts", "v": 0.41491333254000001}, {"l": "Oilcrops, Other", "v": 0.0034866666600000006}, {"l": "Cottonseed", "v": 0.048813333240000013}]}, {"source": 9, "prod": 188.0, "target": 26, "value": 0.67234994344441756, "supply": [{"l": "Tomatoes", "v": 0.088909999830000017}, {"l": "Vegetables, Other", "v": 0.5299733323200001}, {"l": "Onions", "v": 0.036609999929999998}]}, {"source": 18, "prod": 280.0, "target": 26, "value": 0.10805496949036364, "supply": [{"l": "Sugar cane", "v": 0.10805496949036364}]}, {"source": 0, "prod": 257.75, "target": 26, "value": 0.89705094133468466, "supply": [{"l": "Roots, Other", "v": 0.00087166666500000005}, {"l": "Potatoes", "v": 0.42711666585000008}, {"l": "Cassava", "v": 0.47069999909999993}]}, {"source": 3, "prod": 185.5, "target": 26, "value": 0.65010133309007767, "supply": [{"l": "Beans", "v": 0.19873999962000002}, {"l": "Pulses, Other", "v": 0.4480366658099999}]}, {"source": 2, "prod": 2478.0, "target": 26, "value": 8.5448364011214029, "supply": [{"l": "Maize", "v": 7.4963333189999988}, {"l": "Barley", "v": 0.0084586281282847259}, {"l": "Rice", "v": 0.35912666598000004}, {"l": "Wheat", "v": 0.073219999859999996}, {"l": "Sorghum", "v": 0.70081999866}]}, {"source": 27, "prod": 0, "target": 16, "value": 2.0542092710834971e-05, "supply": "[{\"l\":'Energy for power irrigation',\"v\":2.0542092710834971e-05}]"}, {"source": 27, "prod": 0, "target": 9, "value": 2.7984879924905615e-05, "supply": "[{\"l\":'Energy for power irrigation',\"v\":2.7984879924905615e-05}]"}, {"source": 27, "prod": 0, "target": 18, "value": 0.000104199020996989, "supply": "[{\"l\":'Energy for power irrigation',\"v\":0.000104199020996989}]"}, {"source": 27, "prod": 0, "target": 0, "value": 7.6735136177068323e-05, "supply": "[{\"l\":'Energy for power irrigation',\"v\":7.6735136177068323e-05}]"}, {"source": 27, "prod": 0, "target": 3, "value": 2.7612740564202087e-05, "supply": "[{\"l\":'Energy for power irrigation',\"v\":2.7612740564202087e-05}]"}, {"source": 27, "prod": 0, "target": 12, "value": 4.778269391433353e-05, "supply": "[{\"l\":'Energy for power irrigation',\"v\":4.778269391433353e-05}]"}, {"source": 27, "prod": 0, "target": 2, "value": 0.00018443226716467054, "supply": "[{\"l\":'Energy for power irrigation',\"v\":0.00018443226716467054}]"}, {"source": 27, "prod": 0, "target": 14, "value": 1.4885574428141287e-07, "supply": "[{\"l\":'Energy for power irrigation',\"v\":1.4885574428141287e-07}]"}, {"source": 27, "prod": 0, "target": 23, "value": 4.0191050955981473e-06, "supply": "[{\"l\":'Energy for power irrigation',\"v\":4.0191050955981473e-06}]"}, {"source": 27, "prod": 0, "target": 17, "value": 0.040731870723557884, "supply": "[{\"l\":'Electricity',\"v\":0.040731870723557884}]"}, {"source": 28, "prod": 0, "target": 27, "value": 0.022726717146132176, "supply": [{"l": "Coal", "v": 0.0015374113389286374}, {"l": "Natural gas", "v": 0.0041507611703254527}, {"l": "Oil", "v": 0.017038544636878084}]}, {"source": 29, "prod": 0, "target": 27, "value": 0.032366262828414975, "supply": [{"l": "Nuclear", "v": 0.0}, {"l": "Hydroelectric", "v": 0.032247739140309199}, {"l": "Renewable", "v": 0.00011852368810577764}]}, {"source": 28, "prod": 0, "target": 16, "value": 0.0034806435422515833, "supply": [{"l": "Gas-Diesel oil", "v": 0.0034806435422515833}]}, {"source": 28, "prod": 0, "target": 9, "value": 0.0047417462749514321, "supply": [{"l": "Gas-Diesel oil", "v": 0.0047417462749514321}]}, {"source": 28, "prod": 0, "target": 18, "value": 0.017655438257797886, "supply": [{"l": "Gas-Diesel oil", "v": 0.017655438257797886}]}, {"source": 28, "prod": 0, "target": 0, "value": 0.013001969174135444, "supply": [{"l": "Gas-Diesel oil", "v": 0.013001969174135444}]}, {"source": 28, "prod": 0, "target": 3, "value": 0.0046786911383164403, "supply": [{"l": "Gas-Diesel oil", "v": 0.0046786911383164403}]}, {"source": 28, "prod": 0, "target": 12, "value": 0.0080962795439330319, "supply": [{"l": "Gas-Diesel oil", "v": 0.0080962795439330319}]}, {"source": 28, "prod": 0, "target": 2, "value": 0.031250125716302257, "supply": [{"l": "Gas-Diesel oil", "v": 0.031250125716302257}]}, {"source": 28, "prod": 0, "target": 14, "value": 2.5222054653996982e-05, "supply": [{"l": "Gas-Diesel oil", "v": 2.5222054653996982e-05}]}, {"source": 28, "prod": 0, "target": 23, "value": 0.00068099547565791854, "supply": [{"l": "Gas-Diesel oil", "v": 0.00068099547565791854}]}, {"source": 30, "prod": 0.62530859728506782, "target": 16, "value": 0.010114534472646677, "supply": [{"l": "Potash", "v": 0.00384583333641}, {"l": "Phosphate", "v": 0.0026638750021310996}, {"l": "Nitrogen", "v": 0.23645900018916716}]}, {"source": 30, "prod": 0.85186968325791856, "target": 9, "value": 0.013779220875779532, "supply": [{"l": "Potash", "v": 0.00384583333641}, {"l": "Phosphate", "v": 0.0026638750021310996}, {"l": "Nitrogen", "v": 0.23645900018916716}]}, {"source": 30, "prod": 3.1718552036199097, "target": 18, "value": 0.05130560964385996, "supply": [{"l": "Potash", "v": 0.00384583333641}, {"l": "Phosphate", "v": 0.0026638750021310996}, {"l": "Nitrogen", "v": 0.23645900018916716}]}, {"source": 30, "prod": 2.3358447963800906, "target": 0, "value": 0.037782916816299729, "supply": [{"l": "Potash", "v": 0.00384583333641}, {"l": "Phosphate", "v": 0.0026638750021310996}, {"l": "Nitrogen", "v": 0.23645900018916716}]}, {"source": 30, "prod": 0.84054162895927609, "target": 3, "value": 0.013595986555622891, "supply": [{"l": "Potash", "v": 0.00384583333641}, {"l": "Phosphate", "v": 0.0026638750021310996}, {"l": "Nitrogen", "v": 0.23645900018916716}]}, {"source": 30, "prod": 1.4545221719457015, "target": 12, "value": 0.023527286708112927, "supply": [{"l": "Potash", "v": 0.00384583333641}, {"l": "Phosphate", "v": 0.0026638750021310996}, {"l": "Nitrogen", "v": 0.23645900018916716}]}, {"source": 30, "prod": 5.6141837104072403, "target": 2, "value": 0.090810929069632132, "supply": [{"l": "Potash", "v": 0.00384583333641}, {"l": "Phosphate", "v": 0.0026638750021310996}, {"l": "Nitrogen", "v": 0.23645900018916716}]}, {"source": 30, "prod": 0.0045312217194570141, "target": 14, "value": 7.3293728062657096e-05, "supply": [{"l": "Potash", "v": 0.00384583333641}, {"l": "Phosphate", "v": 0.0026638750021310996}, {"l": "Nitrogen", "v": 0.23645900018916716}]}, {"source": 30, "prod": 0.12234298642533938, "target": 23, "value": 0.0019789306576917416, "supply": [{"l": "Potash", "v": 0.00384583333641}, {"l": "Phosphate", "v": 0.0026638750021310996}, {"l": "Nitrogen", "v": 0.23645900018916716}]}, {"source": 28, "prod": 0, "target": 30, "value": 0.29021481716542824, "supply": [{"l": "Natural gas (including LNG)", "v": 0.19601827439454725}, {"l": "Fuel oil", "v": 0.052397404762865418}, {"l": "Liquefied petroleum gas (LPG)", "v": 0.020899569004007787}, {"l": "Coal", "v": 0.020899569004007787}]}, {"source": 31, "prod": 0, "target": 9, "value": 0.078815993877871554, "supply": "[{\"l\":'Labor',\"v\":0.078815993877871554}]"}, {"source": 31, "prod": 0, "target": 18, "value": 0.29346380699207497, "supply": "[{\"l\":'Labor',\"v\":0.29346380699207497}]"}, {"source": 31, "prod": 0, "target": 0, "value": 0.21611513214916378, "supply": "[{\"l\":'Labor',\"v\":0.21611513214916378}]"}, {"source": 31, "prod": 0, "target": 3, "value": 0.077767908852899859, "supply": "[{\"l\":'Labor',\"v\":0.077767908852899859}]"}, {"source": 31, "prod": 0, "target": 2, "value": 0.51943093837597265, "supply": "[{\"l\":'Labor',\"v\":0.51943093837597265}]"}, {"source": 31, "prod": 0, "target": 14, "value": 0.0004192340099886785, "supply": "[{\"l\":'Labor',\"v\":0.0004192340099886785}]"}, {"source": 31, "prod": 0, "target": 23, "value": 0.011319318269694321, "supply": "[{\"l\":'Labor',\"v\":0.011319318269694321}]"}, {"source": 31, "prod": 0, "target": 12, "value": 0.13457411720636581, "supply": "[{\"l\":'Labor',\"v\":0.13457411720636581}]"}, {"source": 31, "prod": 0, "target": 16, "value": 0.05785429337843763, "supply": "[{\"l\":'Labor',\"v\":0.05785429337843763}]"}, {"source": 28, "prod": 0, "target": 21, "value": 0.037363056428067976, "supply": "[{\"l\":'Fossil Fuels',\"v\":0.037363056428067976}]"}, {"source": 29, "prod": 0, "target": 21, "value": 0.23486063636929236, "supply": "[{\"l\":'Renewables & Nuclear',\"v\":0.0043012902714669177},{\"l\":'Biomass & Waste',\"v\":0.23055934609782544}]"}]}