{"nodes": [{"layer": 5, "name": "Maize"}, {"layer": 10, "name": "Feed", "fill": "#dbdb8d"}, {"layer": 5, "name": "Vegetables, Other"}, {"layer": 5, "name": "Plantains"}, {"layer": 5, "name": "Fruits, Other"}, {"layer": 5, "name": "Yams"}, {"layer": 13, "name": "Sugar", "fill": "#d6616b"}, {"layer": 5, "name": "Barley"}, {"layer": 5, "name": "Rice"}, {"layer": 5, "name": "Cereals, Other"}, {"layer": 5, "name": "Wheat"}, {"layer": 5, "name": "Roots, Other"}, {"layer": 5, "name": "Oats"}, {"layer": 5, "name": "Potatoes"}, {"layer": 13, "name": "Fish, Seafood"}, {"layer": 13, "name": "Meat, Other"}, {"layer": 5, "name": "Sorghum"}, {"layer": 5, "name": "Sugar cane"}, {"layer": 13, "name": "Pelagic Fish"}, {"layer": 5, "name": "Bananas"}, {"layer": 13, "name": "Offals, Edible"}, {"layer": 5, "name": "Sweet potatoes"}, {"layer": 13, "name": "Demersal Fish"}, {"layer": 5, "name": "Cassava"}, {"layer": 16, "name": "Food", "fill": "#b5cf6b"}, {"layer": 5, "name": "Olives"}, {"layer": 5, "name": "Nuts"}, {"layer": 13, "name": "Oilcrops Oil, Other"}, {"layer": 5, "name": "Citrus, Other"}, {"layer": 13, "name": "Beer"}, {"layer": 13, "name": "Groundnut Oil"}, {"layer": 13, "name": "Beverages, Alcoholic"}, {"layer": 5, "name": "Apples"}, {"layer": 13, "name": "Honey"}, {"layer": 13, "name": "Butter, Ghee"}, {"layer": 5, "name": "Tomatoes"}, {"layer": 5, "name": "Coffee"}, {"layer": 13, "name": "Sugar non-centrifugal"}, {"layer": 13, "name": "Fats, Animals, Raw"}, {"layer": 13, "name": "Soyabean Oil"}, {"layer": 5, "name": "Coconuts - Incl Copra"}, {"layer": 5, "name": "Treenuts"}, {"layer": 13, "name": "Crustaceans"}, {"layer": 13, "name": "Eggs"}, {"layer": 5, "name": "Peas"}, {"layer": 5, "name": "Sesame seed"}, {"layer": 13, "name": "Coconut Oil"}, {"layer": 13, "name": "Marine Fish, Other"}, {"layer": 5, "name": "Grapes"}, {"layer": 5, "name": "Groundnuts"}, {"layer": 13, "name": "Wine"}, {"layer": 13, "name": "Sunflowerseed Oil"}, {"layer": 13, "name": "Olive Oil"}, {"layer": 13, "name": "Pigmeat"}, {"layer": 5, "name": "Cocoa Beans"}, {"layer": 13, "name": "Freshwater Fish"}, {"layer": 5, "name": "Pimento"}, {"layer": 5, "name": "Pepper"}, {"layer": 5, "name": "Grapefruit"}, {"layer": 13, "name": "Milk - Excluding Butter"}, {"layer": 5, "name": "Pineapples"}, {"layer": 5, "name": "Beans"}, {"layer": 5, "name": "Pulses, Other"}, {"layer": 5, "name": "Lemons, Limes"}, {"layer": 13, "name": "Mutton & Goat Meat"}, {"layer": 13, "name": "Sweeteners, Other"}, {"layer": 5, "name": "Spices, Other"}, {"layer": 5, "name": "Tea"}, {"layer": 13, "name": "Molluscs, Other"}, {"layer": 13, "name": "Aquatic Animals, Others"}, {"layer": 13, "name": "Poultry Meat"}, {"layer": 5, "name": "Infant food"}, {"layer": 5, "name": "Oranges, Mandarines"}, {"layer": 13, "name": "Bovine Meat"}, {"layer": 13, "name": "Cottonseed Oil"}, {"layer": 5, "name": "Onions"}, {"layer": 13, "name": "Aquatic Products, Other"}, {"layer": 10, "name": "Processing", "fill": "#9edae5"}, {"layer": 5, "name": "Cottonseed"}, {"layer": 5, "name": "Soyabeans"}, {"layer": 5, "name": "Oilcrops, Other"}, {"layer": 16, "name": "Biofuels & Other", "fill": "#e7ba52"}, {"name": "Waste", "fill": "#c7c7c7"}, {"layer": 2, "name": "Import", "fill": "#aec7e8"}, {"layer": 16, "name": "Export", "fill": "#aec7e8"}, {"layer": 16, "name": "Stock Deposit", "fill": "#c7c7c7"}, {"layer": 0, "name": "Stock Draw", "fill": "#c7c7c7"}, {"layer": 2, "name": "Electricity", "fill": "#bcbd22"}, {"layer": 0, "name": "Fossil Fuels", "fill": "#c49c94"}, {"layer": 0, "name": "Renewables & Nuclear", "fill": "#2ca02c"}, {"layer": 2, "name": "Fertilizers", "fill": "#c5b0d5"}, {"layer": 0, "name": "Labor", "fill": "#7f7f7f"}], "links": [{"source": 0, "prod": 434.0, "target": 1, "value": 1.7153363643716455, "supply": [{"l": "Maize", "v": 1.7153363643716455}]}, {"source": 2, "prod": 2.0, "target": 1, "value": 0.0005303508579135867, "supply": [{"l": "Vegetables, Other", "v": 0.0005303508579135867}]}, {"source": 3, "prod": 71.0, "target": 1, "value": 0.062485765132656947, "supply": [{"l": "Plantains", "v": 0.062485765132656947}]}, {"source": 4, "prod": 33.0, "target": 1, "value": 0.014685730315542806, "supply": [{"l": "Fruits, Other", "v": 0.014685730315542806}]}, {"source": 5, "prod": 2.0, "target": 1, "value": 0.002098297207648289, "supply": [{"l": "Yams", "v": 0.002098297207648289}]}, {"source": 6, "prod": 54.0, "target": 1, "value": 0.20638151729027651, "supply": [{"l": "Sugar", "v": 0.20638151729027651}]}, {"source": 7, "prod": 47.0, "target": 1, "value": 0.19951578295185002, "supply": [{"l": "Barley", "v": 0.19951578295185002}]}, {"source": 8, "prod": 12.0, "target": 1, "value": 0.049679228655383836, "supply": [{"l": "Rice", "v": 0.049679228655383836}]}, {"source": 9, "prod": 6.0, "target": 1, "value": 0.0169800666342, "supply": [{"l": "Cereals, Other", "v": 0.0169800666342}]}, {"source": 10, "prod": 138.0, "target": 1, "value": 0.43154386286396351, "supply": [{"l": "Wheat", "v": 0.43154386286396351}]}, {"source": 11, "prod": 12.0, "target": 1, "value": 0.012896253139898735, "supply": [{"l": "Roots, Other", "v": 0.012896253139898735}]}, {"source": 12, "prod": 14.0, "target": 1, "value": 0.042450166585500007, "supply": [{"l": "Oats", "v": 0.042450166585500007}]}, {"source": 13, "prod": 2.0, "target": 1, "value": 0.0015501465326165733, "supply": [{"l": "Potatoes", "v": 0.0015501465326165733}]}, {"source": 14, "prod": 285.0, "target": 1, "value": 0.19203646788678572, "supply": [{"l": "Fish, Seafood", "v": 0.19203646788678572}]}, {"source": 15, "prod": 1.0, "target": 1, "value": 0.0023983144963559324, "supply": [{"l": "Meat, Other", "v": 0.0023983144963559324}]}, {"source": 16, "prod": 78.0, "target": 1, "value": 0.29407911456928626, "supply": [{"l": "Sorghum", "v": 0.29407911456928626}]}, {"source": 17, "prod": 3407.0, "target": 1, "value": 1.1813232472550639, "supply": [{"l": "Sugar cane", "v": 1.1813232472550639}]}, {"source": 18, "prod": 271.0, "target": 1, "value": 0.25893236660030061, "supply": [{"l": "Pelagic Fish", "v": 0.25893236660030061}]}, {"source": 19, "prod": 9.0, "target": 1, "value": 0.0068255556992200287, "supply": [{"l": "Bananas", "v": 0.0068255556992200287}]}, {"source": 20, "prod": 1.0, "target": 1, "value": 0.001165298690582353, "supply": [{"l": "Offals, Edible", "v": 0.001165298690582353}]}, {"source": 21, "prod": 27.0, "target": 1, "value": 0.02951470809807296, "supply": [{"l": "Sweet potatoes", "v": 0.02951470809807296}]}, {"source": 22, "prod": 14.0, "target": 1, "value": 0.0077282487931989606, "supply": [{"l": "Demersal Fish", "v": 0.0077282487931989606}]}, {"source": 23, "prod": 75.0, "target": 1, "value": 0.083943881670751438, "supply": [{"l": "Cassava", "v": 0.083943881670751438}]}, {"source": 0, "prod": 248.0, "target": 24, "value": 0.98019220821236885, "supply": [{"l": "Maize", "v": 0.98019220821236885}]}, {"source": 25, "prod": 1.0, "target": 24, "value": 0.0066033592466333332, "supply": [{"l": "Olives", "v": 0.0066033592466333332}]}, {"source": 2, "prod": 427.0, "target": 24, "value": 0.11322990816455077, "supply": [{"l": "Vegetables, Other", "v": 0.11322990816455077}]}, {"source": 3, "prod": 686.0, "target": 24, "value": 0.60373570254933329, "supply": [{"l": "Plantains", "v": 0.60373570254933329}]}, {"source": 26, "prod": 2.0, "target": 24, "value": 0.010612541646375, "supply": [{"l": "Nuts", "v": 0.010612541646375}]}, {"source": 5, "prod": 234.0, "target": 24, "value": 0.24550077329484982, "supply": [{"l": "Yams", "v": 0.24550077329484982}]}, {"source": 6, "prod": 815.0, "target": 24, "value": 3.1148321591032477, "supply": [{"l": "Sugar", "v": 3.1148321591032477}]}, {"source": 27, "prod": 3.0, "target": 24, "value": 0.027289392804964289, "supply": [{"l": "Oilcrops Oil, Other", "v": 0.027289392804964289}]}, {"source": 28, "prod": 4.0, "target": 24, "value": 0.0017800885230960977, "supply": [{"l": "Citrus, Other", "v": 0.0017800885230960977}]}, {"source": 29, "prod": 268.0, "target": 24, "value": 0.12273558538081493, "supply": [{"l": "Beer", "v": 0.12273558538081493}]}, {"source": 30, "prod": 27.0, "target": 24, "value": 0.2795498775142683, "supply": [{"l": "Groundnut Oil", "v": 0.2795498775142683}]}, {"source": 31, "prod": 92.0, "target": 24, "value": 0.29102854591789906, "supply": [{"l": "Beverages, Alcoholic", "v": 0.29102854591789906}]}, {"source": 7, "prod": 2.0, "target": 24, "value": 0.0084900333171, "supply": [{"l": "Barley", "v": 0.0084900333171}]}, {"source": 32, "prod": 5.0, "target": 24, "value": 0.0027699945569657426, "supply": [{"l": "Apples", "v": 0.0027699945569657426}]}, {"source": 33, "prod": 3.0, "target": 24, "value": 0.010612541646375, "supply": [{"l": "Honey", "v": 0.010612541646375}]}, {"source": 8, "prod": 745.0, "target": 24, "value": 3.0842521123550797, "supply": [{"l": "Rice", "v": 3.0842521123550797}]}, {"source": 34, "prod": 27.0, "target": 24, "value": 0.22733642931738843, "supply": [{"l": "Butter, Ghee", "v": 0.22733642931738843}]}, {"source": 35, "prod": 154.0, "target": 24, "value": 0.037679110398657067, "supply": [{"l": "Tomatoes", "v": 0.037679110398657067}]}, {"source": 9, "prod": 10.0, "target": 24, "value": 0.028300111057000001, "supply": [{"l": "Cereals, Other", "v": 0.028300111057000001}]}, {"source": 36, "prod": 65.0, "target": 24, "value": 0.037927983890824746, "supply": [{"l": "Coffee", "v": 0.037927983890824746}]}, {"source": 37, "prod": 69.0, "target": 24, "value": 0.26370971653757552, "supply": [{"l": "Sugar non-centrifugal", "v": 0.26370971653757552}]}, {"source": 10, "prod": 1149.0, "target": 24, "value": 3.5930717277586526, "supply": [{"l": "Wheat", "v": 3.5930717277586526}]}, {"source": 38, "prod": 87.0, "target": 24, "value": 0.72544302539863392, "supply": [{"l": "Fats, Animals, Raw", "v": 0.72544302539863392}]}, {"source": 39, "prod": 30.0, "target": 24, "value": 0.3090122420562133, "supply": [{"l": "Soyabean Oil", "v": 0.3090122420562133}]}, {"source": 40, "prod": 107.0, "target": 24, "value": 0.16086844378963439, "supply": [{"l": "Coconuts - Incl Copra", "v": 0.16086844378963439}]}, {"source": 41, "prod": 2.0, "target": 24, "value": 0.0094333703523333343, "supply": [{"l": "Treenuts", "v": 0.0094333703523333343}]}, {"source": 42, "prod": 8.0, "target": 24, "value": 0.006288913568222222, "supply": [{"l": "Crustaceans", "v": 0.006288913568222222}]}, {"source": 43, "prod": 100.0, "target": 24, "value": 0.15093392563733335, "supply": [{"l": "Eggs", "v": 0.15093392563733335}]}, {"source": 11, "prod": 105.0, "target": 24, "value": 0.11284221497411392, "supply": [{"l": "Roots, Other", "v": 0.11284221497411392}]}, {"source": 44, "prod": 3.0, "target": 24, "value": 0.0090964642683214296, "supply": [{"l": "Peas", "v": 0.0090964642683214296}]}, {"source": 45, "prod": 1.0, "target": 24, "value": 0.0084900333171, "supply": [{"l": "Sesame seed", "v": 0.0084900333171}]}, {"source": 46, "prod": 18.0, "target": 24, "value": 0.18377160724355701, "supply": [{"l": "Coconut Oil", "v": 0.18377160724355701}]}, {"source": 21, "prod": 518.0, "target": 24, "value": 0.56624514054821473, "supply": [{"l": "Sweet potatoes", "v": 0.56624514054821473}]}, {"source": 47, "prod": 37.0, "target": 24, "value": 0.028557384793881816, "supply": [{"l": "Marine Fish, Other", "v": 0.028557384793881816}]}, {"source": 48, "prod": 6.0, "target": 24, "value": 0.0042735067032382548, "supply": [{"l": "Grapes", "v": 0.0042735067032382548}]}, {"source": 49, "prod": 10.0, "target": 24, "value": 0.066033592466333321, "supply": [{"l": "Groundnuts", "v": 0.066033592466333321}]}, {"source": 50, "prod": 6.0, "target": 24, "value": 0.0090964642683214296, "supply": [{"l": "Wine", "v": 0.0090964642683214296}]}, {"source": 51, "prod": 55.0, "target": 24, "value": 0.56486108762963716, "supply": [{"l": "Sunflowerseed Oil", "v": 0.56486108762963716}]}, {"source": 12, "prod": 6.0, "target": 24, "value": 0.018192928536642859, "supply": [{"l": "Oats", "v": 0.018192928536642859}]}, {"source": 52, "prod": 1.0, "target": 24, "value": 0.010612541646375, "supply": [{"l": "Olive Oil", "v": 0.010612541646375}]}, {"source": 53, "prod": 112.0, "target": 24, "value": 0.3012700931533307, "supply": [{"l": "Pigmeat", "v": 0.3012700931533307}]}, {"source": 54, "prod": 11.0, "target": 24, "value": 0.019456326351687502, "supply": [{"l": "Cocoa Beans", "v": 0.019456326351687502}]}, {"source": 13, "prod": 158.0, "target": 24, "value": 0.12246157607670929, "supply": [{"l": "Potatoes", "v": 0.12246157607670929}]}, {"source": 55, "prod": 3.0, "target": 24, "value": 0.0029108685658628575, "supply": [{"l": "Freshwater Fish", "v": 0.0029108685658628575}]}, {"source": 56, "prod": 2.0, "target": 24, "value": 0.012128619024428572, "supply": [{"l": "Pimento", "v": 0.012128619024428572}]}, {"source": 57, "prod": 1.0, "target": 24, "value": 0.0055292233787836145, "supply": [{"l": "Pepper", "v": 0.0055292233787836145}]}, {"source": 58, "prod": 44.0, "target": 24, "value": 0.0094333703523333326, "supply": [{"l": "Grapefruit", "v": 0.0094333703523333326}]}, {"source": 17, "prod": 190.0, "target": 24, "value": 0.065879488399900821, "supply": [{"l": "Sugar cane", "v": 0.065879488399900821}]}, {"source": 59, "prod": 2190.0, "target": 24, "value": 1.3679775115917929, "supply": [{"l": "Milk - Excluding Butter", "v": 1.3679775115917929}]}, {"source": 60, "prod": 42.0, "target": 24, "value": 0.018967095708414893, "supply": [{"l": "Pineapples", "v": 0.018967095708414893}]}, {"source": 61, "prod": 78.0, "target": 24, "value": 0.30273033084973716, "supply": [{"l": "Beans", "v": 0.30273033084973716}]}, {"source": 62, "prod": 166.0, "target": 24, "value": 0.65264994371854623, "supply": [{"l": "Pulses, Other", "v": 0.65264994371854623}]}, {"source": 14, "prod": 294.0, "target": 24, "value": 0.19810077739900003, "supply": [{"l": "Fish, Seafood", "v": 0.19810077739900003}]}, {"source": 15, "prod": 39.0, "target": 24, "value": 0.093534265357881341, "supply": [{"l": "Meat, Other", "v": 0.093534265357881341}]}, {"source": 63, "prod": 56.0, "target": 24, "value": 0.018941907002294821, "supply": [{"l": "Lemons, Limes", "v": 0.018941907002294821}]}, {"source": 16, "prod": 135.0, "target": 24, "value": 0.50898308290838001, "supply": [{"l": "Sorghum", "v": 0.50898308290838001}]}, {"source": 64, "prod": 15.0, "target": 24, "value": 0.037456029340147065, "supply": [{"l": "Mutton & Goat Meat", "v": 0.037456029340147065}]}, {"source": 65, "prod": 7.0, "target": 24, "value": 0.018571947881156251, "supply": [{"l": "Sweeteners, Other", "v": 0.018571947881156251}]}, {"source": 18, "prod": 69.0, "target": 24, "value": 0.065927429134393881, "supply": [{"l": "Pelagic Fish", "v": 0.065927429134393881}]}, {"source": 19, "prod": 473.0, "target": 24, "value": 0.35872087174789707, "supply": [{"l": "Bananas", "v": 0.35872087174789707}]}, {"source": 66, "prod": 4.0, "target": 24, "value": 0.019976548981411768, "supply": [{"l": "Spices, Other", "v": 0.019976548981411768}]}, {"source": 67, "prod": 1.0, "target": 24, "value": 0.0011761321927683634, "supply": [{"l": "Tea", "v": 0.0011761321927683634}]}, {"source": 4, "prod": 763.0, "target": 24, "value": 0.33955188578058065, "supply": [{"l": "Fruits, Other", "v": 0.33955188578058065}]}, {"source": 68, "prod": 7.0, "target": 24, "value": 0.0047166851761666663, "supply": [{"l": "Molluscs, Other", "v": 0.0047166851761666663}]}, {"source": 69, "prod": 1.0, "target": 24, "value": 0.00072281668933463206, "supply": [{"l": "Aquatic Animals, Others", "v": 0.00072281668933463206}]}, {"source": 70, "prod": 134.0, "target": 24, "value": 0.19842984845780232, "supply": [{"l": "Poultry Meat", "v": 0.19842984845780232}]}, {"source": 20, "prod": 57.0, "target": 24, "value": 0.066422025363194137, "supply": [{"l": "Offals, Edible", "v": 0.066422025363194137}]}, {"source": 71, "prod": 7.0, "target": 24, "value": 0.02971511660985, "supply": [{"l": "Infant food", "v": 0.02971511660985}]}, {"source": 22, "prod": 171.0, "target": 24, "value": 0.094395038831215861, "supply": [{"l": "Demersal Fish", "v": 0.094395038831215861}]}, {"source": 72, "prod": 240.0, "target": 24, "value": 0.075606975736697585, "supply": [{"l": "Oranges, Mandarines", "v": 0.075606975736697585}]}, {"source": 73, "prod": 279.0, "target": 24, "value": 0.68726752213583353, "supply": [{"l": "Bovine Meat", "v": 0.68726752213583353}]}, {"source": 74, "prod": 2.0, "target": 24, "value": 0.024257238048857144, "supply": [{"l": "Cottonseed Oil", "v": 0.024257238048857144}]}, {"source": 23, "prod": 463.0, "target": 24, "value": 0.5182135628474388, "supply": [{"l": "Cassava", "v": 0.5182135628474388}]}, {"source": 75, "prod": 55.0, "target": 24, "value": 0.02858888770043878, "supply": [{"l": "Onions", "v": 0.02858888770043878}]}, {"source": 76, "prod": 1.0, "target": 24, "value": 0.00072281668933463206, "supply": [{"l": "Aquatic Products, Other", "v": 0.00072281668933463206}]}, {"source": 40, "prod": 268.0, "target": 77, "value": 0.40292283117403754, "supply": [{"l": "Coconuts - Incl Copra", "v": 0.40292283117403754}]}, {"source": 78, "prod": 4.0, "target": 77, "value": 0.026413436986533333, "supply": [{"l": "Cottonseed", "v": 0.026413436986533333}]}, {"source": 6, "prod": 1.0, "target": 77, "value": 0.0038218799498199352, "supply": [{"l": "Sugar", "v": 0.0038218799498199352}]}, {"source": 79, "prod": 35.0, "target": 77, "value": 0.1342550449240211, "supply": [{"l": "Soyabeans", "v": 0.1342550449240211}]}, {"source": 7, "prod": 52.0, "target": 77, "value": 0.22074086624460001, "supply": [{"l": "Barley", "v": 0.22074086624460001}]}, {"source": 49, "prod": 55.0, "target": 77, "value": 0.36318475856483334, "supply": [{"l": "Groundnuts", "v": 0.36318475856483334}]}, {"source": 80, "prod": 1.0, "target": 77, "value": 0.0066033592466333332, "supply": [{"l": "Oilcrops, Other", "v": 0.0066033592466333332}]}, {"source": 17, "prod": 71705.0, "target": 77, "value": 24.862572187973097, "supply": [{"l": "Sugar cane", "v": 24.862572187973097}]}, {"source": 2, "prod": 7.0, "target": 81, "value": 0.0018562280026975537, "supply": [{"l": "Vegetables, Other", "v": 0.0018562280026975537}]}, {"source": 4, "prod": 7.0, "target": 81, "value": 0.0031151549154181711, "supply": [{"l": "Fruits, Other", "v": 0.0031151549154181711}]}, {"source": 6, "prod": 123.0, "target": 81, "value": 0.47009123382785206, "supply": [{"l": "Sugar", "v": 0.47009123382785206}]}, {"source": 29, "prod": 3.0, "target": 81, "value": 0.0013739058065016596, "supply": [{"l": "Beer", "v": 0.0013739058065016596}]}, {"source": 30, "prod": 6.0, "target": 81, "value": 0.062122195003170726, "supply": [{"l": "Groundnut Oil", "v": 0.062122195003170726}]}, {"source": 31, "prod": 1.0, "target": 81, "value": 0.0031633537599771639, "supply": [{"l": "Beverages, Alcoholic", "v": 0.0031633537599771639}]}, {"source": 8, "prod": 3.0, "target": 81, "value": 0.012419807163845959, "supply": [{"l": "Rice", "v": 0.012419807163845959}]}, {"source": 35, "prod": 2.0, "target": 81, "value": 0.0004893390960864554, "supply": [{"l": "Tomatoes", "v": 0.0004893390960864554}]}, {"source": 38, "prod": 97.0, "target": 81, "value": 0.80882728119158043, "supply": [{"l": "Fats, Animals, Raw", "v": 0.80882728119158043}]}, {"source": 10, "prod": 8.0, "target": 81, "value": 0.025017035528345711, "supply": [{"l": "Wheat", "v": 0.025017035528345711}]}, {"source": 39, "prod": 2.0, "target": 81, "value": 0.020600816137080886, "supply": [{"l": "Soyabean Oil", "v": 0.020600816137080886}]}, {"source": 40, "prod": 23.0, "target": 81, "value": 0.034579198197771881, "supply": [{"l": "Coconuts - Incl Copra", "v": 0.034579198197771881}]}, {"source": 11, "prod": 1.0, "target": 81, "value": 0.001074687761658228, "supply": [{"l": "Roots, Other", "v": 0.001074687761658228}]}, {"source": 47, "prod": 11.0, "target": 81, "value": 0.0084900333171, "supply": [{"l": "Marine Fish, Other", "v": 0.0084900333171}]}, {"source": 51, "prod": 8.0, "target": 81, "value": 0.082161612746129042, "supply": [{"l": "Sunflowerseed Oil", "v": 0.082161612746129042}]}, {"source": 53, "prod": 2.0, "target": 81, "value": 0.0053798230920237625, "supply": [{"l": "Pigmeat", "v": 0.0053798230920237625}]}, {"source": 13, "prod": 3.0, "target": 81, "value": 0.0023252197989248598, "supply": [{"l": "Potatoes", "v": 0.0023252197989248598}]}, {"source": 46, "prod": 9.0, "target": 81, "value": 0.091885803621778506, "supply": [{"l": "Coconut Oil", "v": 0.091885803621778506}]}, {"source": 59, "prod": 8.0, "target": 81, "value": 0.00499717812453623, "supply": [{"l": "Milk - Excluding Butter", "v": 0.00499717812453623}]}, {"source": 14, "prod": 11.0, "target": 81, "value": 0.0074119338482619042, "supply": [{"l": "Fish, Seafood", "v": 0.0074119338482619042}]}, {"source": 27, "prod": 8.0, "target": 81, "value": 0.072771714146571437, "supply": [{"l": "Oilcrops Oil, Other", "v": 0.072771714146571437}]}, {"source": 63, "prod": 11.0, "target": 81, "value": 0.0037207317325936256, "supply": [{"l": "Lemons, Limes", "v": 0.0037207317325936256}]}, {"source": 50, "prod": 1.0, "target": 81, "value": 0.0015160773780535715, "supply": [{"l": "Wine", "v": 0.0015160773780535715}]}, {"source": 19, "prod": 2.0, "target": 81, "value": 0.0015167901553822286, "supply": [{"l": "Bananas", "v": 0.0015167901553822286}]}, {"source": 73, "prod": 1.0, "target": 81, "value": 0.0024633244520997615, "supply": [{"l": "Bovine Meat", "v": 0.0024633244520997615}]}, {"source": 70, "prod": 2.0, "target": 81, "value": 0.0029616395292209304, "supply": [{"l": "Poultry Meat", "v": 0.0029616395292209304}]}, {"source": 72, "prod": 1.0, "target": 81, "value": 0.0003150290655695733, "supply": [{"l": "Oranges, Mandarines", "v": 0.0003150290655695733}]}, {"source": 74, "prod": 1.0, "target": 81, "value": 0.012128619024428572, "supply": [{"l": "Cottonseed Oil", "v": 0.012128619024428572}]}, {"source": 23, "prod": 13.0, "target": 81, "value": 0.014550272822930248, "supply": [{"l": "Cassava", "v": 0.014550272822930248}]}, {"source": 0, "prod": 11.0, "target": 0, "value": 0.043476267299742168, "supply": [{"l": "Maize", "v": 0.043476267299742168}]}, {"source": 13, "prod": 12.0, "target": 13, "value": 0.009300879195699439, "supply": [{"l": "Potatoes", "v": 0.009300879195699439}]}, {"source": 43, "prod": 9.0, "target": 43, "value": 0.013584053307360002, "supply": [{"l": "Eggs", "v": 0.013584053307360002}]}, {"source": 11, "prod": 2.0, "target": 11, "value": 0.002149375523316456, "supply": [{"l": "Roots, Other", "v": 0.002149375523316456}]}, {"source": 61, "prod": 7.0, "target": 61, "value": 0.027168106614720001, "supply": [{"l": "Beans", "v": 0.027168106614720001}]}, {"source": 62, "prod": 4.0, "target": 62, "value": 0.01572650466791678, "supply": [{"l": "Pulses, Other", "v": 0.01572650466791678}]}, {"source": 49, "prod": 3.0, "target": 49, "value": 0.019810077739900001, "supply": [{"l": "Groundnuts", "v": 0.019810077739900001}]}, {"source": 8, "prod": 15.0, "target": 8, "value": 0.062099035819229799, "supply": [{"l": "Rice", "v": 0.062099035819229799}]}, {"source": 16, "prod": 4.0, "target": 16, "value": 0.015080980234322371, "supply": [{"l": "Sorghum", "v": 0.015080980234322371}]}, {"source": 0, "prod": 36.0, "target": 82, "value": 0.14228596570824711, "supply": [{"l": "Maize", "v": 0.14228596570824711}]}, {"source": 2, "prod": 49.0, "target": 82, "value": 0.012993596018882874, "supply": [{"l": "Vegetables, Other", "v": 0.012993596018882874}]}, {"source": 3, "prod": 100.0, "target": 82, "value": 0.088008119905150631, "supply": [{"l": "Plantains", "v": 0.088008119905150631}]}, {"source": 4, "prod": 125.0, "target": 82, "value": 0.055627766346753066, "supply": [{"l": "Fruits, Other", "v": 0.055627766346753066}]}, {"source": 5, "prod": 34.0, "target": 82, "value": 0.035671052530020911, "supply": [{"l": "Yams", "v": 0.035671052530020911}]}, {"source": 6, "prod": 35.0, "target": 82, "value": 0.13376579824369775, "supply": [{"l": "Sugar", "v": 0.13376579824369775}]}, {"source": 58, "prod": 9.0, "target": 82, "value": 0.0019295530266136363, "supply": [{"l": "Grapefruit", "v": 0.0019295530266136363}]}, {"source": 7, "prod": 1.0, "target": 82, "value": 0.00424501665855, "supply": [{"l": "Barley", "v": 0.00424501665855}]}, {"source": 8, "prod": 37.0, "target": 82, "value": 0.15317762168743349, "supply": [{"l": "Rice", "v": 0.15317762168743349}]}, {"source": 35, "prod": 17.0, "target": 82, "value": 0.0041593823167348706, "supply": [{"l": "Tomatoes", "v": 0.0041593823167348706}]}, {"source": 36, "prod": 2.0, "target": 82, "value": 0.0011670148889484538, "supply": [{"l": "Coffee", "v": 0.0011670148889484538}]}, {"source": 10, "prod": 54.0, "target": 82, "value": 0.16886498981633352, "supply": [{"l": "Wheat", "v": 0.16886498981633352}]}, {"source": 40, "prod": 5.0, "target": 82, "value": 0.0075172169995156258, "supply": [{"l": "Coconuts - Incl Copra", "v": 0.0075172169995156258}]}, {"source": 43, "prod": 6.0, "target": 82, "value": 0.0090560355382400017, "supply": [{"l": "Eggs", "v": 0.0090560355382400017}]}, {"source": 11, "prod": 16.0, "target": 82, "value": 0.017195004186531648, "supply": [{"l": "Roots, Other", "v": 0.017195004186531648}]}, {"source": 49, "prod": 3.0, "target": 82, "value": 0.019810077739900001, "supply": [{"l": "Groundnuts", "v": 0.019810077739900001}]}, {"source": 13, "prod": 19.0, "target": 82, "value": 0.014726392059857445, "supply": [{"l": "Potatoes", "v": 0.014726392059857445}]}, {"source": 59, "prod": 53.0, "target": 82, "value": 0.033106305075052522, "supply": [{"l": "Milk - Excluding Butter", "v": 0.033106305075052522}]}, {"source": 61, "prod": 4.0, "target": 82, "value": 0.015524632351268573, "supply": [{"l": "Beans", "v": 0.015524632351268573}]}, {"source": 62, "prod": 7.0, "target": 82, "value": 0.027521383168854361, "supply": [{"l": "Pulses, Other", "v": 0.027521383168854361}]}, {"source": 63, "prod": 5.0, "target": 82, "value": 0.0016912416966334662, "supply": [{"l": "Lemons, Limes", "v": 0.0016912416966334662}]}, {"source": 16, "prod": 11.0, "target": 82, "value": 0.04147269564438652, "supply": [{"l": "Sorghum", "v": 0.04147269564438652}]}, {"source": 17, "prod": 280.0, "target": 82, "value": 0.097085561852485416, "supply": [{"l": "Sugar cane", "v": 0.097085561852485416}]}, {"source": 60, "prod": 4.0, "target": 82, "value": 0.0018063900674680853, "supply": [{"l": "Pineapples", "v": 0.0018063900674680853}]}, {"source": 19, "prod": 87.0, "target": 82, "value": 0.065980371759126938, "supply": [{"l": "Bananas", "v": 0.065980371759126938}]}, {"source": 21, "prod": 91.0, "target": 82, "value": 0.099475497663875548, "supply": [{"l": "Sweet potatoes", "v": 0.099475497663875548}]}, {"source": 72, "prod": 23.0, "target": 82, "value": 0.0072456685081001863, "supply": [{"l": "Oranges, Mandarines", "v": 0.0072456685081001863}]}, {"source": 75, "prod": 5.0, "target": 82, "value": 0.0025989897909489794, "supply": [{"l": "Onions", "v": 0.0025989897909489794}]}, {"source": 23, "prod": 68.0, "target": 82, "value": 0.076109119381481308, "supply": [{"l": "Cassava", "v": 0.076109119381481308}]}, {"source": 83, "prod": 7.0, "target": 71, "value": 0.02971511660985, "supply": [{"l": "Infant food", "v": 0.02971511660985}]}, {"source": 83, "prod": 2.0, "target": 21, "value": 0.0021862746739313306, "supply": [{"l": "Sweet potatoes", "v": 0.0021862746739313306}]}, {"source": 83, "prod": 2.0, "target": 66, "value": 0.009988274490705884, "supply": [{"l": "Spices, Other", "v": 0.009988274490705884}]}, {"source": 83, "prod": 1.0, "target": 35, "value": 0.0002446695480432277, "supply": [{"l": "Tomatoes", "v": 0.0002446695480432277}]}, {"source": 83, "prod": 1.0, "target": 63, "value": 0.00033824833932669329, "supply": [{"l": "Lemons, Limes", "v": 0.00033824833932669329}]}, {"source": 83, "prod": 1.0, "target": 41, "value": 0.0047166851761666672, "supply": [{"l": "Treenuts", "v": 0.0047166851761666672}]}, {"source": 83, "prod": 5.0, "target": 32, "value": 0.0027699945569657426, "supply": [{"l": "Apples", "v": 0.0027699945569657426}]}, {"source": 83, "prod": 1.0, "target": 67, "value": 0.0011761321927683634, "supply": [{"l": "Tea", "v": 0.0011761321927683634}]}, {"source": 83, "prod": 32.0, "target": 2, "value": 0.0084856137266173873, "supply": [{"l": "Vegetables, Other", "v": 0.0084856137266173873}]}, {"source": 83, "prod": 385.0, "target": 8, "value": 1.5938752526935647, "supply": [{"l": "Rice", "v": 1.5938752526935647}]}, {"source": 83, "prod": 1370.0, "target": 10, "value": 4.2841673342292026, "supply": [{"l": "Wheat", "v": 4.2841673342292026}]}, {"source": 83, "prod": 102.0, "target": 7, "value": 0.43299169917210001, "supply": [{"l": "Barley", "v": 0.43299169917210001}]}, {"source": 83, "prod": 1.0, "target": 57, "value": 0.0055292233787836145, "supply": [{"l": "Pepper", "v": 0.0055292233787836145}]}, {"source": 83, "prod": 4.0, "target": 58, "value": 0.00085757912293939393, "supply": [{"l": "Grapefruit", "v": 0.00085757912293939393}]}, {"source": 83, "prod": 15.0, "target": 36, "value": 0.0087526116671134031, "supply": [{"l": "Coffee", "v": 0.0087526116671134031}]}, {"source": 83, "prod": 1.0, "target": 25, "value": 0.0066033592466333332, "supply": [{"l": "Olives", "v": 0.0066033592466333332}]}, {"source": 83, "prod": 17.0, "target": 9, "value": 0.048110188796900009, "supply": [{"l": "Cereals, Other", "v": 0.048110188796900009}]}, {"source": 83, "prod": 2211.0, "target": 1, "value": 1.6943304259711274, "supply": [{"l": "Freshwater Fish", "v": 0.0019405790439085717}, {"l": "Meat, Other", "v": 0.079144378379745764}, {"l": "Crustaceans", "v": 0.0023583425880833331}, {"l": "Eggs", "v": 0.0060373570254933341}, {"l": "Marine Fish, Other", "v": 0.0084900333171}, {"l": "Demersal Fish", "v": 0.065690114742191164}, {"l": "Mutton & Goat Meat", "v": 0.014982411736058824}, {"l": "Pigmeat", "v": 0.06455787710428515}, {"l": "Milk - Excluding Butter", "v": 0.738957715165795}, {"l": "Fish, Seafood", "v": 0.30658453645083333}, {"l": "Pelagic Fish", "v": 0.30192851603577492}, {"l": "Molluscs, Other", "v": 0.0020214365040714284}, {"l": "Poultry Meat", "v": 0.028135575527598839}, {"l": "Offals, Edible", "v": 0.0069917921434941186}, {"l": "Bovine Meat", "v": 0.066509760206693566}]}, {"source": 83, "prod": 1.0, "target": 26, "value": 0.0053062708231875, "supply": [{"l": "Nuts", "v": 0.0053062708231875}]}, {"source": 83, "prod": 1.0, "target": 80, "value": 0.0066033592466333332, "supply": [{"l": "Oilcrops, Other", "v": 0.0066033592466333332}]}, {"source": 83, "prod": 5.0, "target": 54, "value": 0.0088437847053125015, "supply": [{"l": "Cocoa Beans", "v": 0.0088437847053125015}]}, {"source": 83, "prod": 20.0, "target": 72, "value": 0.0063005813113914668, "supply": [{"l": "Oranges, Mandarines", "v": 0.0063005813113914668}]}, {"source": 83, "prod": 73.0, "target": 13, "value": 0.056580348440504927, "supply": [{"l": "Potatoes", "v": 0.056580348440504927}]}, {"source": 83, "prod": 27.0, "target": 75, "value": 0.01403454487112449, "supply": [{"l": "Onions", "v": 0.01403454487112449}]}, {"source": 83, "prod": 1.0, "target": 19, "value": 0.00075839507769111432, "supply": [{"l": "Bananas", "v": 0.00075839507769111432}]}, {"source": 83, "prod": 6.0, "target": 48, "value": 0.0042735067032382548, "supply": [{"l": "Grapes", "v": 0.0042735067032382548}]}, {"source": 83, "prod": 406.0, "target": 77, "value": 3.0948770935953549, "supply": [{"l": "Sugar", "v": 0.13758767819351767}, {"l": "Beer", "v": 0.010991246452013277}, {"l": "Groundnut Oil", "v": 0.093183292504756099}, {"l": "Beverages, Alcoholic", "v": 0.044286952639680292}, {"l": "Fats, Animals, Raw", "v": 1.3925170717422055}, {"l": "Soyabean Oil", "v": 0.24720979364497059}, {"l": "Butter, Ghee", "v": 0.26101590032737187}, {"l": "Sunflowerseed Oil", "v": 0.67783330515556461}, {"l": "Olive Oil", "v": 0.010612541646375}, {"l": "Coconut Oil", "v": 0.081676269886025332}, {"l": "Oilcrops Oil, Other", "v": 0.08186817841489287}, {"l": "Wine", "v": 0.010612541646375002}, {"l": "Sweeteners, Other", "v": 0.02122508329275}, {"l": "Cottonseed Oil", "v": 0.024257238048857144}]}, {"source": 83, "prod": 35.0, "target": 79, "value": 0.1342550449240211, "supply": [{"l": "Soyabeans", "v": 0.1342550449240211}]}, {"source": 83, "prod": 5.0, "target": 3, "value": 0.0044004059952575322, "supply": [{"l": "Plantains", "v": 0.0044004059952575322}]}, {"source": 83, "prod": 9.0, "target": 61, "value": 0.034930422790354285, "supply": [{"l": "Beans", "v": 0.034930422790354285}]}, {"source": 83, "prod": 343.0, "target": 0, "value": 1.3556690621646876, "supply": [{"l": "Maize", "v": 1.3556690621646876}]}, {"source": 83, "prod": 65.0, "target": 4, "value": 0.028926438500311593, "supply": [{"l": "Fruits, Other", "v": 0.028926438500311593}]}, {"source": 83, "prod": 102.0, "target": 62, "value": 0.40102586903187776, "supply": [{"l": "Pulses, Other", "v": 0.40102586903187776}]}, {"source": 83, "prod": 2.0, "target": 49, "value": 0.013206718493266666, "supply": [{"l": "Groundnuts", "v": 0.013206718493266666}]}, {"source": 83, "prod": 8.0, "target": 40, "value": 0.012027547199225002, "supply": [{"l": "Coconuts - Incl Copra", "v": 0.012027547199225002}]}, {"source": 83, "prod": 20.0, "target": 12, "value": 0.060643095122142866, "supply": [{"l": "Oats", "v": 0.060643095122142866}]}, {"source": 83, "prod": 2.0, "target": 11, "value": 0.002149375523316456, "supply": [{"l": "Roots, Other", "v": 0.002149375523316456}]}, {"source": 0, "prod": 1.0, "target": 84, "value": 0.003952387936340198, "supply": [{"l": "Maize", "v": 0.003952387936340198}]}, {"source": 2, "prod": 17.0, "target": 84, "value": 0.0045079822922654868, "supply": [{"l": "Vegetables, Other", "v": 0.0045079822922654868}]}, {"source": 3, "prod": 5.0, "target": 84, "value": 0.0044004059952575322, "supply": [{"l": "Plantains", "v": 0.0044004059952575322}]}, {"source": 4, "prod": 20.0, "target": 84, "value": 0.0089004426154804892, "supply": [{"l": "Fruits, Other", "v": 0.0089004426154804892}]}, {"source": 5, "prod": 5.0, "target": 84, "value": 0.0052457430191207221, "supply": [{"l": "Yams", "v": 0.0052457430191207221}]}, {"source": 6, "prod": 7199.0, "target": 84, "value": 27.51371375875371, "supply": [{"l": "Sugar", "v": 27.51371375875371}]}, {"source": 29, "prod": 1.0, "target": 84, "value": 0.0004579686021672199, "supply": [{"l": "Beer", "v": 0.0004579686021672199}]}, {"source": 58, "prod": 46.0, "target": 84, "value": 0.0098621599138030303, "supply": [{"l": "Grapefruit", "v": 0.0098621599138030303}]}, {"source": 31, "prod": 22.0, "target": 84, "value": 0.069593782719497607, "supply": [{"l": "Beverages, Alcoholic", "v": 0.069593782719497607}]}, {"source": 35, "prod": 3.0, "target": 84, "value": 0.00073400864412968326, "supply": [{"l": "Tomatoes", "v": 0.00073400864412968326}]}, {"source": 38, "prod": 1.0, "target": 84, "value": 0.0083384255792946435, "supply": [{"l": "Fats, Animals, Raw", "v": 0.0083384255792946435}]}, {"source": 36, "prod": 60.0, "target": 84, "value": 0.035010446668453613, "supply": [{"l": "Coffee", "v": 0.035010446668453613}]}, {"source": 10, "prod": 6.0, "target": 84, "value": 0.018762776646259284, "supply": [{"l": "Wheat", "v": 0.018762776646259284}]}, {"source": 40, "prod": 30.0, "target": 84, "value": 0.045103301997093753, "supply": [{"l": "Coconuts - Incl Copra", "v": 0.045103301997093753}]}, {"source": 42, "prod": 13.0, "target": 84, "value": 0.010219484548361111, "supply": [{"l": "Crustaceans", "v": 0.010219484548361111}]}, {"source": 11, "prod": 12.0, "target": 84, "value": 0.012896253139898735, "supply": [{"l": "Roots, Other", "v": 0.012896253139898735}]}, {"source": 56, "prod": 2.0, "target": 84, "value": 0.012128619024428572, "supply": [{"l": "Pimento", "v": 0.012128619024428572}]}, {"source": 54, "prod": 39.0, "target": 84, "value": 0.068981520701437496, "supply": [{"l": "Cocoa Beans", "v": 0.068981520701437496}]}, {"source": 46, "prod": 10.0, "target": 84, "value": 0.10209533735753165, "supply": [{"l": "Coconut Oil", "v": 0.10209533735753165}]}, {"source": 59, "prod": 9.0, "target": 84, "value": 0.0056218253901032592, "supply": [{"l": "Milk - Excluding Butter", "v": 0.0056218253901032592}]}, {"source": 61, "prod": 1.0, "target": 84, "value": 0.0038811580878171433, "supply": [{"l": "Beans", "v": 0.0038811580878171433}]}, {"source": 62, "prod": 10.0, "target": 84, "value": 0.039316261669791942, "supply": [{"l": "Pulses, Other", "v": 0.039316261669791942}]}, {"source": 14, "prod": 23.0, "target": 84, "value": 0.01549767986454762, "supply": [{"l": "Fish, Seafood", "v": 0.01549767986454762}]}, {"source": 63, "prod": 7.0, "target": 84, "value": 0.0023677383752868527, "supply": [{"l": "Lemons, Limes", "v": 0.0023677383752868527}]}, {"source": 65, "prod": 1.0, "target": 84, "value": 0.00265313541159375, "supply": [{"l": "Sweeteners, Other", "v": 0.00265313541159375}]}, {"source": 18, "prod": 2.0, "target": 84, "value": 0.0019109399749099676, "supply": [{"l": "Pelagic Fish", "v": 0.0019109399749099676}]}, {"source": 19, "prod": 251.0, "target": 84, "value": 0.19035716450046966, "supply": [{"l": "Bananas", "v": 0.19035716450046966}]}, {"source": 66, "prod": 3.0, "target": 84, "value": 0.014982411736058824, "supply": [{"l": "Spices, Other", "v": 0.014982411736058824}]}, {"source": 73, "prod": 5.0, "target": 84, "value": 0.012316622260498809, "supply": [{"l": "Bovine Meat", "v": 0.012316622260498809}]}, {"source": 33, "prod": 4.0, "target": 84, "value": 0.014150055528500001, "supply": [{"l": "Honey", "v": 0.014150055528500001}]}, {"source": 21, "prod": 5.0, "target": 84, "value": 0.005465686684828326, "supply": [{"l": "Sweet potatoes", "v": 0.005465686684828326}]}, {"source": 22, "prod": 8.0, "target": 84, "value": 0.0044161421675422627, "supply": [{"l": "Demersal Fish", "v": 0.0044161421675422627}]}, {"source": 72, "prod": 54.0, "target": 84, "value": 0.017011569540756957, "supply": [{"l": "Oranges, Mandarines", "v": 0.017011569540756957}]}, {"source": 75, "prod": 1.0, "target": 84, "value": 0.00051979795818979596, "supply": [{"l": "Onions", "v": 0.00051979795818979596}]}, {"source": 23, "prod": 12.0, "target": 84, "value": 0.013431021067320231, "supply": [{"l": "Cassava", "v": 0.013431021067320231}]}, {"source": 19, "prod": 1.0, "target": 85, "value": 0.00075839507769111432, "supply": [{"l": "Bananas", "v": 0.00075839507769111432}]}, {"source": 46, "prod": 1.0, "target": 85, "value": 0.010209533735753167, "supply": [{"l": "Coconut Oil", "v": 0.010209533735753167}]}, {"source": 73, "prod": 2.0, "target": 85, "value": 0.004926648904199523, "supply": [{"l": "Bovine Meat", "v": 0.004926648904199523}]}, {"source": 86, "prod": 14.0, "target": 0, "value": 0.055333431108762758, "supply": [{"l": "Maize", "v": 0.055333431108762758}]}, {"source": 86, "prod": 1.0, "target": 58, "value": 0.00021439478073484848, "supply": [{"l": "Grapefruit", "v": 0.00021439478073484848}]}, {"source": 11, "prod": 2.0, "target": 85, "value": 0.002149375523316456, "supply": [{"l": "Roots, Other", "v": 0.002149375523316456}]}, {"source": 86, "prod": 10.0, "target": 1, "value": 0.0062464726556702875, "supply": [{"l": "Milk - Excluding Butter", "v": 0.0062464726556702875}]}, {"source": 86, "prod": 12.0, "target": 8, "value": 0.049679228655383836, "supply": [{"l": "Rice", "v": 0.049679228655383836}]}, {"source": 86, "prod": 30.0, "target": 40, "value": 0.045103301997093753, "supply": [{"l": "Coconuts - Incl Copra", "v": 0.045103301997093753}]}, {"source": 86, "prod": 15.0, "target": 10, "value": 0.0469069416156482, "supply": [{"l": "Wheat", "v": 0.0469069416156482}]}, {"source": 39, "prod": 2.0, "target": 85, "value": 0.020600816137080886, "supply": [{"l": "Soyabean Oil", "v": 0.020600816137080886}]}, {"source": 30, "prod": 1.0, "target": 85, "value": 0.01035369916719512, "supply": [{"l": "Groundnut Oil", "v": 0.01035369916719512}]}, {"source": 86, "prod": 13.0, "target": 77, "value": 0.1152786679545765, "supply": [{"l": "Butter, Ghee", "v": 0.033679471009983468}, {"l": "Oilcrops Oil, Other", "v": 0.0090964642683214296}, {"l": "Fats, Animals, Raw", "v": 0.041692127896473211}, {"l": "Sunflowerseed Oil", "v": 0.030810604779798391}]}, {"source": 7, "prod": 1.0, "target": 85, "value": 0.00424501665855, "supply": [{"l": "Barley", "v": 0.00424501665855}]}, {"source": 36, "prod": 3.0, "target": 85, "value": 0.0017505223334226801, "supply": [{"l": "Coffee", "v": 0.0017505223334226801}]}, {"source": 6, "prod": 186.0, "target": 85, "value": 0.71086967066650797, "supply": [{"l": "Sugar", "v": 0.71086967066650797}]}, {"source": 31, "prod": 1.0, "target": 85, "value": 0.0031633537599771639, "supply": [{"l": "Beverages, Alcoholic", "v": 0.0031633537599771639}]}, {"source": 1, "prod": 136.0, "target": 70, "value": 0.20139148798702325, "supply": [{"l": "Poultry Meat", "v": 0.20139148798702325}]}, {"source": 1, "prod": 114.0, "target": 53, "value": 0.30664991624535448, "supply": [{"l": "Pigmeat", "v": 0.30664991624535448}]}, {"source": 1, "prod": 342.0, "target": 18, "value": 0.32677073570960447, "supply": [{"l": "Pelagic Fish", "v": 0.32677073570960447}]}, {"source": 1, "prod": 21.0, "target": 42, "value": 0.016508398116583334, "supply": [{"l": "Crustaceans", "v": 0.016508398116583334}]}, {"source": 1, "prod": 106.0, "target": 43, "value": 0.15998996117557335, "supply": [{"l": "Eggs", "v": 0.17357401448293336}]}, {"source": 1, "prod": 7.0, "target": 68, "value": 0.0047166851761666663, "supply": [{"l": "Molluscs, Other", "v": 0.0047166851761666663}]}, {"source": 1, "prod": 1.0, "target": 69, "value": 0.00072281668933463206, "supply": [{"l": "Aquatic Animals, Others", "v": 0.00072281668933463206}]}, {"source": 1, "prod": 2260.0, "target": 59, "value": 1.4117028201814847, "supply": [{"l": "Milk - Excluding Butter", "v": 1.4117028201814847}]}, {"source": 1, "prod": 58.0, "target": 20, "value": 0.067587324053776487, "supply": [{"l": "Offals, Edible", "v": 0.067587324053776487}]}, {"source": 1, "prod": 193.0, "target": 22, "value": 0.10653942979195707, "supply": [{"l": "Demersal Fish", "v": 0.10653942979195707}]}, {"source": 1, "prod": 1.0, "target": 76, "value": 0.00072281668933463206, "supply": [{"l": "Aquatic Products, Other", "v": 0.00072281668933463206}]}, {"source": 1, "prod": 613.0, "target": 14, "value": 0.41304685899859528, "supply": [{"l": "Fish, Seafood", "v": 0.41304685899859528}]}, {"source": 1, "prod": 287.0, "target": 73, "value": 0.70697411775263153, "supply": [{"l": "Bovine Meat", "v": 0.70697411775263153}]}, {"source": 1, "prod": 48.0, "target": 47, "value": 0.03704741811098182, "supply": [{"l": "Marine Fish, Other", "v": 0.03704741811098182}]}, {"source": 1, "prod": 40.0, "target": 15, "value": 0.095932579854237268, "supply": [{"l": "Meat, Other", "v": 0.095932579854237268}]}, {"source": 1, "prod": 3.0, "target": 55, "value": 0.0029108685658628575, "supply": [{"l": "Freshwater Fish", "v": 0.0029108685658628575}]}, {"source": 1, "prod": 15.0, "target": 64, "value": 0.037456029340147065, "supply": [{"l": "Mutton & Goat Meat", "v": 0.037456029340147065}]}, {"source": 77, "prod": 1.0, "target": 52, "value": 0.010612541646375, "supply": [{"l": "Olive Oil", "v": 0.010612541646375}]}, {"source": 77, "prod": 185.0, "target": 38, "value": 1.542608732169509, "supply": [{"l": "Fats, Animals, Raw", "v": 1.542608732169509}]}, {"source": 77, "prod": 8.0, "target": 65, "value": 0.02122508329275, "supply": [{"l": "Sweeteners, Other", "v": 0.02122508329275}]}, {"source": 77, "prod": 34.0, "target": 39, "value": 0.35021387433037504, "supply": [{"l": "Soyabean Oil", "v": 0.35021387433037504}]}, {"source": 77, "prod": 38.0, "target": 46, "value": 0.38796228195862037, "supply": [{"l": "Coconut Oil", "v": 0.38796228195862037}]}, {"source": 77, "prod": 8413.0, "target": 6, "value": 32.153476017835111, "supply": [{"l": "Sugar", "v": 32.153476017835111}]}, {"source": 77, "prod": 7.0, "target": 33, "value": 0.024762597174875001, "supply": [{"l": "Honey", "v": 0.024762597174875001}]}, {"source": 77, "prod": 272.0, "target": 29, "value": 0.12456745978948382, "supply": [{"l": "Beer", "v": 0.12456745978948382}]}, {"source": 77, "prod": 34.0, "target": 30, "value": 0.35202577168463417, "supply": [{"l": "Groundnut Oil", "v": 0.35202577168463417}]}, {"source": 77, "prod": 116.0, "target": 31, "value": 0.36694903615735103, "supply": [{"l": "Beverages, Alcoholic", "v": 0.36694903615735103}]}, {"source": 77, "prod": 63.0, "target": 51, "value": 0.64702270037576626, "supply": [{"l": "Sunflowerseed Oil", "v": 0.64702270037576626}]}, {"source": 77, "prod": 3.0, "target": 74, "value": 0.036385857073285718, "supply": [{"l": "Cottonseed Oil", "v": 0.036385857073285718}]}, {"source": 77, "prod": 11.0, "target": 27, "value": 0.10006110695153572, "supply": [{"l": "Oilcrops Oil, Other", "v": 0.10006110695153572}]}, {"source": 77, "prod": 69.0, "target": 37, "value": 0.26370971653757552, "supply": [{"l": "Sugar non-centrifugal", "v": 0.26370971653757552}]}, {"source": 77, "prod": 27.0, "target": 34, "value": 0.22733642931738843, "supply": [{"l": "Butter, Ghee", "v": 0.22733642931738843}]}, {"source": 77, "prod": 7.0, "target": 50, "value": 0.010612541646375002, "supply": [{"l": "Wine", "v": 0.010612541646375002}]}, {"source": 87, "prod": 0, "target": 0, "value": 2.9793505090679589e-06, "supply": "[{\"l\":'Energy for power irrigation',\"v\":2.9793505090679589e-06}]"}, {"source": 87, "prod": 0, "target": 2, "value": 2.5578685626038796e-06, "supply": "[{\"l\":'Energy for power irrigation',\"v\":2.5578685626038796e-06}]"}, {"source": 87, "prod": 0, "target": 3, "value": 4.5309309244888499e-06, "supply": "[{\"l\":'Energy for power irrigation',\"v\":4.5309309244888499e-06}]"}, {"source": 87, "prod": 0, "target": 26, "value": 7.9027864962014819e-09, "supply": "[{\"l\":'Energy for power irrigation',\"v\":7.9027864962014819e-09}]"}, {"source": 87, "prod": 0, "target": 5, "value": 1.4488441909702718e-06, "supply": "[{\"l\":'Energy for power irrigation',\"v\":1.4488441909702718e-06}]"}, {"source": 87, "prod": 0, "target": 28, "value": 2.1074097323203952e-08, "supply": "[{\"l\":'Energy for power irrigation',\"v\":2.1074097323203952e-08}]"}, {"source": 87, "prod": 0, "target": 58, "value": 5.1104686008769587e-07, "supply": "[{\"l\":'Energy for power irrigation',\"v\":5.1104686008769587e-07}]"}, {"source": 87, "prod": 0, "target": 8, "value": 3.2928277067506173e-06, "supply": "[{\"l\":'Energy for power irrigation',\"v\":3.2928277067506173e-06}]"}, {"source": 87, "prod": 0, "target": 35, "value": 9.2462602005557346e-07, "supply": "[{\"l\":'Energy for power irrigation',\"v\":9.2462602005557346e-07}]"}, {"source": 87, "prod": 0, "target": 36, "value": 6.2958865753071804e-07, "supply": "[{\"l\":'Energy for power irrigation',\"v\":6.2958865753071804e-07}]"}, {"source": 87, "prod": 0, "target": 40, "value": 2.3365905407102382e-06, "supply": "[{\"l\":'Energy for power irrigation',\"v\":2.3365905407102382e-06}]"}, {"source": 87, "prod": 0, "target": 41, "value": 7.9027864962014819e-09, "supply": "[{\"l\":'Energy for power irrigation',\"v\":7.9027864962014819e-09}]"}, {"source": 87, "prod": 0, "target": 11, "value": 7.7710733879314575e-07, "supply": "[{\"l\":'Energy for power irrigation',\"v\":7.7710733879314575e-07}]"}, {"source": 87, "prod": 0, "target": 44, "value": 1.5805572992402964e-08, "supply": "[{\"l\":'Energy for power irrigation',\"v\":1.5805572992402964e-08}]"}, {"source": 87, "prod": 0, "target": 45, "value": 5.2685243308009879e-09, "supply": "[{\"l\":'Energy for power irrigation',\"v\":5.2685243308009879e-09}]"}, {"source": 87, "prod": 0, "target": 56, "value": 2.1074097323203952e-08, "supply": "[{\"l\":'Energy for power irrigation',\"v\":2.1074097323203952e-08}]"}, {"source": 87, "prod": 0, "target": 80, "value": 5.2685243308009879e-09, "supply": "[{\"l\":'Energy for power irrigation',\"v\":5.2685243308009879e-09}]"}, {"source": 87, "prod": 0, "target": 54, "value": 2.5288916787844742e-07, "supply": "[{\"l\":'Energy for power irrigation',\"v\":2.5288916787844742e-07}]"}, {"source": 87, "prod": 0, "target": 78, "value": 2.1074097323203952e-08, "supply": "[{\"l\":'Energy for power irrigation',\"v\":2.1074097323203952e-08}]"}, {"source": 87, "prod": 0, "target": 13, "value": 8.297925821011556e-07, "supply": "[{\"l\":'Energy for power irrigation',\"v\":8.297925821011556e-07}]"}, {"source": 87, "prod": 0, "target": 49, "value": 3.6879670315606918e-07, "supply": "[{\"l\":'Energy for power irrigation',\"v\":3.6879670315606918e-07}]"}, {"source": 87, "prod": 0, "target": 61, "value": 4.5045883028348442e-07, "supply": "[{\"l\":'Energy for power irrigation',\"v\":4.5045883028348442e-07}]"}, {"source": 87, "prod": 0, "target": 32, "value": 1.5805572992402964e-08, "supply": "[{\"l\":'Energy for power irrigation',\"v\":1.5805572992402964e-08}]"}, {"source": 87, "prod": 0, "target": 63, "value": 4.1094489780247708e-07, "supply": "[{\"l\":'Energy for power irrigation',\"v\":4.1094489780247708e-07}]"}, {"source": 87, "prod": 0, "target": 16, "value": 1.2012235474226254e-06, "supply": "[{\"l\":'Energy for power irrigation',\"v\":1.2012235474226254e-06}]"}, {"source": 87, "prod": 0, "target": 17, "value": 0.00039820560597060025, "supply": "[{\"l\":'Energy for power irrigation',\"v\":0.00039820560597060025}]"}, {"source": 87, "prod": 0, "target": 60, "value": 2.4235211921684542e-07, "supply": "[{\"l\":'Energy for power irrigation',\"v\":2.4235211921684542e-07}]"}, {"source": 87, "prod": 0, "target": 19, "value": 4.3280927377530118e-06, "supply": "[{\"l\":'Energy for power irrigation',\"v\":4.3280927377530118e-06}]"}, {"source": 87, "prod": 0, "target": 66, "value": 2.897688381940543e-08, "supply": "[{\"l\":'Energy for power irrigation',\"v\":2.897688381940543e-08}]"}, {"source": 87, "prod": 0, "target": 4, "value": 4.8233340248483041e-06, "supply": "[{\"l\":'Energy for power irrigation',\"v\":4.8233340248483041e-06}]"}, {"source": 87, "prod": 0, "target": 21, "value": 3.3744898338780326e-06, "supply": "[{\"l\":'Energy for power irrigation',\"v\":3.3744898338780326e-06}]"}, {"source": 87, "prod": 0, "target": 72, "value": 1.6227054938867042e-06, "supply": "[{\"l\":'Energy for power irrigation',\"v\":1.6227054938867042e-06}]"}, {"source": 87, "prod": 0, "target": 23, "value": 3.3244388527354234e-06, "supply": "[{\"l\":'Energy for power irrigation',\"v\":3.3244388527354234e-06}]"}, {"source": 87, "prod": 0, "target": 75, "value": 2.5025490571304691e-07, "supply": "[{\"l\":'Energy for power irrigation',\"v\":2.5025490571304691e-07}]"}, {"source": 87, "prod": 0, "target": 62, "value": 7.1388504682353384e-07, "supply": "[{\"l\":'Energy for power irrigation',\"v\":7.1388504682353384e-07}]"}, {"source": 87, "prod": 0, "target": 77, "value": 0.28737473435695948, "supply": "[{\"l\":'Electricity',\"v\":0.28737473435695948}]"}, {"source": 88, "prod": 0, "target": 87, "value": 0.53905311174503912, "supply": [{"l": "Coal", "v": 0.29139212862080321}, {"l": "Natural gas", "v": 0.085300164223668345}, {"l": "Oil", "v": 0.16236081890056756}]}, {"source": 89, "prod": 0, "target": 87, "value": 0.076937566053449549, "supply": [{"l": "Nuclear", "v": 0.0068624828360311918}, {"l": "Hydroelectric", "v": 0.069213767660917233}, {"l": "Renewable", "v": 0.00086131555650111806}]}, {"source": 88, "prod": 0, "target": 0, "value": 0.0062984020798626623, "supply": [{"l": "Motor Gasoline", "v": 0.0012369059549292921}, {"l": "Gas-Diesel oil", "v": 0.0008004056593221905}, {"l": "Natural gas (including LNG)", "v": 1.4891268080412848e-05}, {"l": "Fuel oil", "v": 0.0030832370560494797}, {"l": "Liquefied petroleum gas (LPG)", "v": 8.8044622525440945e-05}, {"l": "Other fossil fuels", "v": 0.0010749175189558465}]}, {"source": 88, "prod": 0, "target": 2, "value": 0.0054073814496433635, "supply": [{"l": "Motor Gasoline", "v": 0.0010619236801382339}, {"l": "Gas-Diesel oil", "v": 0.00068717408947997077}, {"l": "Natural gas (including LNG)", "v": 1.2784634222883177e-05}, {"l": "Fuel oil", "v": 0.0026470585158479614}, {"l": "Liquefied petroleum gas (LPG)", "v": 7.5589149842796778e-05}, {"l": "Other fossil fuels", "v": 0.00092285138011151803}]}, {"source": 88, "prod": 0, "target": 3, "value": 0.0095784717748574524, "supply": [{"l": "Motor Gasoline", "v": 0.0018810594540038747}, {"l": "Gas-Diesel oil", "v": 0.0012172393758038617}, {"l": "Natural gas (including LNG)", "v": 2.2646313968443939e-05}, {"l": "Fuel oil", "v": 0.0046889193071663173}, {"l": "Liquefied petroleum gas (LPG)", "v": 0.00013389633133842476}, {"l": "Other fossil fuels", "v": 0.0016347109925765305}]}, {"source": 88, "prod": 0, "target": 26, "value": 1.6706636816611832e-05, "supply": [{"l": "Motor Gasoline", "v": 3.2809176523323392e-06}, {"l": "Gas-Diesel oil", "v": 2.1230919345416189e-06}, {"l": "Natural gas (including LNG)", "v": 3.9499384828681289e-08}, {"l": "Fuel oil", "v": 8.1783476287784602e-06}, {"l": "Liquefied petroleum gas (LPG)", "v": 2.3354011279957808e-07}, {"l": "Other fossil fuels", "v": 2.8512401033311575e-06}]}, {"source": 88, "prod": 0, "target": 5, "value": 0.0030628834163788365, "supply": [{"l": "Motor Gasoline", "v": 0.00060150156959426233}, {"l": "Gas-Diesel oil", "v": 0.00038923352133263023}, {"l": "Natural gas (including LNG)", "v": 7.2415538852582372e-06}, {"l": "Fuel oil", "v": 0.0014993637319427179}, {"l": "Liquefied petroleum gas (LPG)", "v": 4.2815687346589316e-05}, {"l": "Other fossil fuels", "v": 0.00052272735227737888}]}, {"source": 88, "prod": 0, "target": 28, "value": 4.4551031510964893e-05, "supply": [{"l": "Motor Gasoline", "v": 8.7491137395529056e-06}, {"l": "Gas-Diesel oil", "v": 5.6615784921109847e-06}, {"l": "Natural gas (including LNG)", "v": 1.0533169287648344e-07}, {"l": "Fuel oil", "v": 2.1808927010075895e-05}, {"l": "Liquefied petroleum gas (LPG)", "v": 6.2277363413220825e-07}, {"l": "Other fossil fuels", "v": 7.60330694221642e-06}]}, {"source": 88, "prod": 0, "target": 58, "value": 0.0010803625141408986, "supply": [{"l": "Motor Gasoline", "v": 0.00021216600818415796}, {"l": "Gas-Diesel oil", "v": 0.00013729327843369139}, {"l": "Natural gas (including LNG)", "v": 2.5542935522547233e-06}, {"l": "Fuel oil", "v": 0.0005288664799943404}, {"l": "Liquefied petroleum gas (LPG)", "v": 1.5102260627706049e-05}, {"l": "Other fossil fuels", "v": 0.00018438019334874819}]}, {"source": 88, "prod": 0, "target": 8, "value": 0.0069610986735882639, "supply": [{"l": "Motor Gasoline", "v": 0.0013670490218051414}, {"l": "Gas-Diesel oil", "v": 0.0008846216393923413}, {"l": "Natural gas (including LNG)", "v": 1.6458077011950535e-05}, {"l": "Fuel oil", "v": 0.0034076448453243583}, {"l": "Liquefied petroleum gas (LPG)", "v": 9.730838033315753e-05}, {"l": "Other fossil fuels", "v": 0.0011880167097213156}]}, {"source": 88, "prod": 0, "target": 35, "value": 0.0019546765075435847, "supply": [{"l": "Motor Gasoline", "v": 0.00038386736532288374}, {"l": "Gas-Diesel oil", "v": 0.00024840175634136945}, {"l": "Natural gas (including LNG)", "v": 4.621428024955711e-06}, {"l": "Fuel oil", "v": 0.00095686667256707995}, {"l": "Liquefied petroleum gas (LPG)", "v": 2.7324193197550637e-05}, {"l": "Other fossil fuels", "v": 0.00033359509208974545}]}, {"source": 88, "prod": 0, "target": 36, "value": 0.0013309620663900761, "supply": [{"l": "Motor Gasoline", "v": 0.00026137977296914302}, {"l": "Gas-Diesel oil", "v": 0.00016913965745181565}, {"l": "Natural gas (including LNG)", "v": 3.1467843246849426e-06}, {"l": "Fuel oil", "v": 0.00065154169442601729}, {"l": "Liquefied petroleum gas (LPG)", "v": 1.860536231969972e-05}, {"l": "Other fossil fuels", "v": 0.00022714879489871555}]}, {"source": 88, "prod": 0, "target": 40, "value": 0.0049395956187782324, "supply": [{"l": "Motor Gasoline", "v": 0.0009700579858729283}, {"l": "Gas-Diesel oil", "v": 0.00062772751531280536}, {"l": "Natural gas (including LNG)", "v": 1.1678651447680101e-05}, {"l": "Fuel oil", "v": 0.0024180647822421649}, {"l": "Liquefied petroleum gas (LPG)", "v": 6.9050026684408587e-05}, {"l": "Other fossil fuels", "v": 0.00084301665721824557}]}, {"source": 88, "prod": 0, "target": 41, "value": 1.6706636816611832e-05, "supply": [{"l": "Motor Gasoline", "v": 3.2809176523323392e-06}, {"l": "Gas-Diesel oil", "v": 2.1230919345416189e-06}, {"l": "Natural gas (including LNG)", "v": 3.9499384828681289e-08}, {"l": "Fuel oil", "v": 8.1783476287784602e-06}, {"l": "Liquefied petroleum gas (LPG)", "v": 2.3354011279957808e-07}, {"l": "Other fossil fuels", "v": 2.8512401033311575e-06}]}, {"source": 88, "prod": 0, "target": 11, "value": 0.0016428192869668305, "supply": [{"l": "Motor Gasoline", "v": 0.00032262356914601338}, {"l": "Gas-Diesel oil", "v": 0.00020877070689659255}, {"l": "Natural gas (including LNG)", "v": 3.8841061748203272e-06}, {"l": "Fuel oil", "v": 0.00080420418349654867}, {"l": "Liquefied petroleum gas (LPG)", "v": 2.2964777758625179e-05}, {"l": "Other fossil fuels", "v": 0.00028037194349423051}]}, {"source": 88, "prod": 0, "target": 44, "value": 3.3413273633223664e-05, "supply": [{"l": "Motor Gasoline", "v": 6.5618353046646784e-06}, {"l": "Gas-Diesel oil", "v": 4.2461838690832379e-06}, {"l": "Natural gas (including LNG)", "v": 7.8998769657362578e-08}, {"l": "Fuel oil", "v": 1.635669525755692e-05}, {"l": "Liquefied petroleum gas (LPG)", "v": 4.6708022559915616e-07}, {"l": "Other fossil fuels", "v": 5.702480206662315e-06}]}, {"source": 88, "prod": 0, "target": 45, "value": 1.1137757877741223e-05, "supply": [{"l": "Motor Gasoline", "v": 2.1872784348882264e-06}, {"l": "Gas-Diesel oil", "v": 1.4153946230277462e-06}, {"l": "Natural gas (including LNG)", "v": 2.6332923219120859e-08}, {"l": "Fuel oil", "v": 5.4522317525189738e-06}, {"l": "Liquefied petroleum gas (LPG)", "v": 1.5569340853305206e-07}, {"l": "Other fossil fuels", "v": 1.900826735554105e-06}]}, {"source": 88, "prod": 0, "target": 56, "value": 4.4551031510964893e-05, "supply": [{"l": "Motor Gasoline", "v": 8.7491137395529056e-06}, {"l": "Gas-Diesel oil", "v": 5.6615784921109847e-06}, {"l": "Natural gas (including LNG)", "v": 1.0533169287648344e-07}, {"l": "Fuel oil", "v": 2.1808927010075895e-05}, {"l": "Liquefied petroleum gas (LPG)", "v": 6.2277363413220825e-07}, {"l": "Other fossil fuels", "v": 7.60330694221642e-06}]}, {"source": 88, "prod": 0, "target": 80, "value": 1.1137757877741223e-05, "supply": [{"l": "Motor Gasoline", "v": 2.1872784348882264e-06}, {"l": "Gas-Diesel oil", "v": 1.4153946230277462e-06}, {"l": "Natural gas (including LNG)", "v": 2.6332923219120859e-08}, {"l": "Fuel oil", "v": 5.4522317525189738e-06}, {"l": "Liquefied petroleum gas (LPG)", "v": 1.5569340853305206e-07}, {"l": "Other fossil fuels", "v": 1.900826735554105e-06}]}, {"source": 88, "prod": 0, "target": 54, "value": 0.00053461237813157863, "supply": [{"l": "Motor Gasoline", "v": 0.00010498936487463485}, {"l": "Gas-Diesel oil", "v": 6.7938941905331806e-05}, {"l": "Natural gas (including LNG)", "v": 1.2639803145178012e-06}, {"l": "Fuel oil", "v": 0.00026170712412091073}, {"l": "Liquefied petroleum gas (LPG)", "v": 7.4732836095864986e-06}, {"l": "Other fossil fuels", "v": 9.123968330659704e-05}]}, {"source": 88, "prod": 0, "target": 78, "value": 4.4551031510964893e-05, "supply": [{"l": "Motor Gasoline", "v": 8.7491137395529056e-06}, {"l": "Gas-Diesel oil", "v": 5.6615784921109847e-06}, {"l": "Natural gas (including LNG)", "v": 1.0533169287648344e-07}, {"l": "Fuel oil", "v": 2.1808927010075895e-05}, {"l": "Liquefied petroleum gas (LPG)", "v": 6.2277363413220825e-07}, {"l": "Other fossil fuels", "v": 7.60330694221642e-06}]}, {"source": 88, "prod": 0, "target": 13, "value": 0.0017541968657442428, "supply": [{"l": "Motor Gasoline", "v": 0.00034449635349489564}, {"l": "Gas-Diesel oil", "v": 0.00022292465312687002}, {"l": "Natural gas (including LNG)", "v": 4.1474354070115354e-06}, {"l": "Fuel oil", "v": 0.00085872650102173829}, {"l": "Liquefied petroleum gas (LPG)", "v": 2.45217118439557e-05}, {"l": "Other fossil fuels", "v": 0.00029938021084977153}]}, {"source": 88, "prod": 0, "target": 49, "value": 0.00077964305144188569, "supply": [{"l": "Motor Gasoline", "v": 0.00015310949044217584}, {"l": "Gas-Diesel oil", "v": 9.9077623611942237e-05}, {"l": "Natural gas (including LNG)", "v": 1.8433046253384603e-06}, {"l": "Fuel oil", "v": 0.00038165622267632819}, {"l": "Liquefied petroleum gas (LPG)", "v": 1.0898538597313645e-05}, {"l": "Other fossil fuels", "v": 0.00013305787148878737}]}, {"source": 88, "prod": 0, "target": 61, "value": 0.00095227829854687448, "supply": [{"l": "Motor Gasoline", "v": 0.00018701230618294333}, {"l": "Gas-Diesel oil", "v": 0.00012101624026887228}, {"l": "Natural gas (including LNG)", "v": 2.2514649352348335e-06}, {"l": "Fuel oil", "v": 0.0004661658148403722}, {"l": "Liquefied petroleum gas (LPG)", "v": 1.3311786429575949e-05}, {"l": "Other fossil fuels", "v": 0.00016252068588987596}]}, {"source": 88, "prod": 0, "target": 32, "value": 3.3413273633223664e-05, "supply": [{"l": "Motor Gasoline", "v": 6.5618353046646784e-06}, {"l": "Gas-Diesel oil", "v": 4.2461838690832379e-06}, {"l": "Natural gas (including LNG)", "v": 7.8998769657362578e-08}, {"l": "Fuel oil", "v": 1.635669525755692e-05}, {"l": "Liquefied petroleum gas (LPG)", "v": 4.6708022559915616e-07}, {"l": "Other fossil fuels", "v": 5.702480206662315e-06}]}, {"source": 88, "prod": 0, "target": 63, "value": 0.00086874511446381546, "supply": [{"l": "Motor Gasoline", "v": 0.00017060771792128167}, {"l": "Gas-Diesel oil", "v": 0.0001104007805961642}, {"l": "Natural gas (including LNG)", "v": 2.0539680110914273e-06}, {"l": "Fuel oil", "v": 0.00042527407669647996}, {"l": "Liquefied petroleum gas (LPG)", "v": 1.2144085865578061e-05}, {"l": "Other fossil fuels", "v": 0.00014826448537322022}]}, {"source": 88, "prod": 0, "target": 16, "value": 0.0025394087961249992, "supply": [{"l": "Motor Gasoline", "v": 0.00049869948315451565}, {"l": "Gas-Diesel oil", "v": 0.00032270997405032614}, {"l": "Natural gas (including LNG)", "v": 6.0039064939595562e-06}, {"l": "Fuel oil", "v": 0.001243108839574326}, {"l": "Liquefied petroleum gas (LPG)", "v": 3.5498097145535869e-05}, {"l": "Other fossil fuels", "v": 0.000433388495706336}]}, {"source": 88, "prod": 0, "target": 17, "value": 0.84181401591543714, "supply": [{"l": "Motor Gasoline", "v": 0.16531887866572192}, {"l": "Gas-Diesel oil", "v": 0.10697835639768311}, {"l": "Natural gas (including LNG)", "v": 0.0019902950027475929}, {"l": "Fuel oil", "v": 0.41209058031888907}, {"l": "Liquefied petroleum gas (LPG)", "v": 0.011767619203745141}, {"l": "Other fossil fuels", "v": 0.14366828632665038}]}, {"source": 88, "prod": 0, "target": 60, "value": 0.00051233686237609627, "supply": [{"l": "Motor Gasoline", "v": 0.00010061480800485841}, {"l": "Gas-Diesel oil", "v": 6.5108152659276321e-05}, {"l": "Natural gas (including LNG)", "v": 1.2113144680795596e-06}, {"l": "Fuel oil", "v": 0.00025080266061587277}, {"l": "Liquefied petroleum gas (LPG)", "v": 7.1618967925203952e-06}, {"l": "Other fossil fuels", "v": 8.7438029835488842e-05}]}, {"source": 88, "prod": 0, "target": 19, "value": 0.0091496680965644159, "supply": [{"l": "Motor Gasoline", "v": 0.001796849234260678}, {"l": "Gas-Diesel oil", "v": 0.0011627466828172935}, {"l": "Natural gas (including LNG)", "v": 2.1632496424507789e-05}, {"l": "Fuel oil", "v": 0.0044790083846943368}, {"l": "Liquefied petroleum gas (LPG)", "v": 0.00012790213510990227}, {"l": "Other fossil fuels", "v": 0.0015615291632576974}]}, {"source": 88, "prod": 0, "target": 66, "value": 6.1257668327576725e-05, "supply": [{"l": "Motor Gasoline", "v": 1.2030031391885244e-05}, {"l": "Gas-Diesel oil", "v": 7.7846704266526027e-06}, {"l": "Natural gas (including LNG)", "v": 1.4483107770516472e-07}, {"l": "Fuel oil", "v": 2.9987274638854352e-05}, {"l": "Liquefied petroleum gas (LPG)", "v": 8.5631374693178628e-07}, {"l": "Other fossil fuels", "v": 1.0454547045547577e-05}]}, {"source": 88, "prod": 0, "target": 4, "value": 0.010196617337072089, "supply": [{"l": "Motor Gasoline", "v": 0.0020024534071401714}, {"l": "Gas-Diesel oil", "v": 0.0012957937773819016}, {"l": "Natural gas (including LNG)", "v": 2.4107791207105148e-05}, {"l": "Fuel oil", "v": 0.0049915181694311205}, {"l": "Liquefied petroleum gas (LPG)", "v": 0.00014253731551200916}, {"l": "Other fossil fuels", "v": 0.0017402068763997833}]}, {"source": 88, "prod": 0, "target": 21, "value": 0.0071337339206932531, "supply": [{"l": "Motor Gasoline", "v": 0.0014009518375459088}, {"l": "Gas-Diesel oil", "v": 0.00090656025604927135}, {"l": "Natural gas (including LNG)", "v": 1.6866237321846908e-05}, {"l": "Fuel oil", "v": 0.0034921544374884022}, {"l": "Liquefied petroleum gas (LPG)", "v": 9.9721628165419843e-05}, {"l": "Other fossil fuels", "v": 0.0012174795241224042}]}, {"source": 88, "prod": 0, "target": 72, "value": 0.0034304294263442967, "supply": [{"l": "Motor Gasoline", "v": 0.00067368175794557368}, {"l": "Gas-Diesel oil", "v": 0.00043594154389254582}, {"l": "Natural gas (including LNG)", "v": 8.1105403514892243e-06}, {"l": "Fuel oil", "v": 0.0016792873797758438}, {"l": "Liquefied petroleum gas (LPG)", "v": 4.795356982818003e-05}, {"l": "Other fossil fuels", "v": 0.0005854546345506643}]}, {"source": 88, "prod": 0, "target": 23, "value": 0.0070279252208547121, "supply": [{"l": "Motor Gasoline", "v": 0.0013801726924144709}, {"l": "Gas-Diesel oil", "v": 0.00089311400713050786}, {"l": "Natural gas (including LNG)", "v": 1.6616074551265262e-05}, {"l": "Fuel oil", "v": 0.0034403582358394722}, {"l": "Liquefied petroleum gas (LPG)", "v": 9.8242540784355853e-05}, {"l": "Other fossil fuels", "v": 0.0011994216701346403}]}, {"source": 88, "prod": 0, "target": 75, "value": 0.00052904349919270809, "supply": [{"l": "Motor Gasoline", "v": 0.00010389572565719076}, {"l": "Gas-Diesel oil", "v": 6.7231244593817945e-05}, {"l": "Natural gas (including LNG)", "v": 1.2508138529082408e-06}, {"l": "Fuel oil", "v": 0.00025898100824465125}, {"l": "Liquefied petroleum gas (LPG)", "v": 7.3954369053199734e-06}, {"l": "Other fossil fuels", "v": 9.0289269938819997e-05}]}, {"source": 88, "prod": 0, "target": 62, "value": 0.0015091661924339357, "supply": [{"l": "Motor Gasoline", "v": 0.00029637622792735467}, {"l": "Gas-Diesel oil", "v": 0.00019178597142025959}, {"l": "Natural gas (including LNG)", "v": 3.5681110961908761e-06}, {"l": "Fuel oil", "v": 0.00073877740246632083}, {"l": "Liquefied petroleum gas (LPG)", "v": 2.1096456856228554e-05}, {"l": "Other fossil fuels", "v": 0.00025756202266758122}]}, {"source": 88, "prod": 0, "target": 1, "value": 0.32783946253143642, "supply": [{"l": "Fossil fuels in fisheries", "v": 0.32783946253143642}]}, {"source": 90, "prod": 0.089331615711579271, "target": 0, "value": 0.0011172174761525982, "supply": [{"l": "Potash", "v": 0.0086495880399511602}, {"l": "Phosphate", "v": 0.0073269538937530288}, {"l": "Nitrogen", "v": 0.1507456936167462}]}, {"source": 90, "prod": 0.076694075027359393, "target": 2, "value": 0.00095916725848291143, "supply": [{"l": "Potash", "v": 0.0086495880399511602}, {"l": "Phosphate", "v": 0.0073269538937530288}, {"l": "Nitrogen", "v": 0.1507456936167462}]}, {"source": 90, "prod": 0.13585356235536369, "target": 3, "value": 0.0016990398399491327, "supply": [{"l": "Potash", "v": 0.0086495880399511602}, {"l": "Phosphate", "v": 0.0073269538937530288}, {"l": "Nitrogen", "v": 0.1507456936167462}]}, {"source": 90, "prod": 0.00023695388782912273, "target": 26, "value": 2.9634415813066262e-06, "supply": [{"l": "Potash", "v": 0.0086495880399511602}, {"l": "Phosphate", "v": 0.0073269538937530288}, {"l": "Nitrogen", "v": 0.1507456936167462}]}, {"source": 90, "prod": 0.043441546102005839, "target": 5, "value": 0.00054329762323954828, "supply": [{"l": "Potash", "v": 0.0086495880399511602}, {"l": "Phosphate", "v": 0.0073269538937530288}, {"l": "Nitrogen", "v": 0.1507456936167462}]}, {"source": 90, "prod": 0.00063187703421099394, "target": 28, "value": 7.9025108834843376e-06, "supply": [{"l": "Potash", "v": 0.0086495880399511602}, {"l": "Phosphate", "v": 0.0073269538937530288}, {"l": "Nitrogen", "v": 0.1507456936167462}]}, {"source": 90, "prod": 0.015323018079616604, "target": 58, "value": 0.00019163588892449519, "supply": [{"l": "Potash", "v": 0.0086495880399511602}, {"l": "Phosphate", "v": 0.0073269538937530288}, {"l": "Nitrogen", "v": 0.1507456936167462}]}, {"source": 90, "prod": 0.098730786595467801, "target": 8, "value": 0.0012347673255444277, "supply": [{"l": "Potash", "v": 0.0086495880399511602}, {"l": "Phosphate", "v": 0.0073269538937530288}, {"l": "Nitrogen", "v": 0.1507456936167462}]}, {"source": 90, "prod": 0.027723604876007363, "target": 35, "value": 0.00034672266501287533, "supply": [{"l": "Potash", "v": 0.0086495880399511602}, {"l": "Phosphate", "v": 0.0073269538937530288}, {"l": "Nitrogen", "v": 0.1507456936167462}]}, {"source": 90, "prod": 0.018877326397053442, "target": 36, "value": 0.00023608751264409458, "supply": [{"l": "Potash", "v": 0.0086495880399511602}, {"l": "Phosphate", "v": 0.0073269538937530288}, {"l": "Nitrogen", "v": 0.1507456936167462}]}, {"source": 90, "prod": 0.070059366168143955, "target": 40, "value": 0.00087619089420632585, "supply": [{"l": "Potash", "v": 0.0086495880399511602}, {"l": "Phosphate", "v": 0.0073269538937530288}, {"l": "Nitrogen", "v": 0.1507456936167462}]}, {"source": 90, "prod": 0.00023695388782912273, "target": 41, "value": 2.9634415813066262e-06, "supply": [{"l": "Potash", "v": 0.0086495880399511602}, {"l": "Phosphate", "v": 0.0073269538937530288}, {"l": "Nitrogen", "v": 0.1507456936167462}]}, {"source": 90, "prod": 0.023300465636530404, "target": 11, "value": 0.00029140508882848494, "supply": [{"l": "Potash", "v": 0.0086495880399511602}, {"l": "Phosphate", "v": 0.0073269538937530288}, {"l": "Nitrogen", "v": 0.1507456936167462}]}, {"source": 90, "prod": 0.00047390777565824545, "target": 44, "value": 5.9268831626132523e-06, "supply": [{"l": "Potash", "v": 0.0086495880399511602}, {"l": "Phosphate", "v": 0.0073269538937530288}, {"l": "Nitrogen", "v": 0.1507456936167462}]}, {"source": 90, "prod": 0.00015796925855274848, "target": 45, "value": 1.9756277208710844e-06, "supply": [{"l": "Potash", "v": 0.0086495880399511602}, {"l": "Phosphate", "v": 0.0073269538937530288}, {"l": "Nitrogen", "v": 0.1507456936167462}]}, {"source": 90, "prod": 0.00063187703421099394, "target": 56, "value": 7.9025108834843376e-06, "supply": [{"l": "Potash", "v": 0.0086495880399511602}, {"l": "Phosphate", "v": 0.0073269538937530288}, {"l": "Nitrogen", "v": 0.1507456936167462}]}, {"source": 90, "prod": 0.00015796925855274848, "target": 80, "value": 1.9756277208710844e-06, "supply": [{"l": "Potash", "v": 0.0086495880399511602}, {"l": "Phosphate", "v": 0.0073269538937530288}, {"l": "Nitrogen", "v": 0.1507456936167462}]}, {"source": 90, "prod": 0.0075825244105319272, "target": 54, "value": 9.4830130601812038e-05, "supply": [{"l": "Potash", "v": 0.0086495880399511602}, {"l": "Phosphate", "v": 0.0073269538937530288}, {"l": "Nitrogen", "v": 0.1507456936167462}]}, {"source": 90, "prod": 0.00063187703421099394, "target": 78, "value": 7.9025108834843376e-06, "supply": [{"l": "Potash", "v": 0.0086495880399511602}, {"l": "Phosphate", "v": 0.0073269538937530288}, {"l": "Nitrogen", "v": 0.1507456936167462}]}, {"source": 90, "prod": 0.024880158222057889, "target": 13, "value": 0.00031116136603719579, "supply": [{"l": "Potash", "v": 0.0086495880399511602}, {"l": "Phosphate", "v": 0.0073269538937530288}, {"l": "Nitrogen", "v": 0.1507456936167462}]}, {"source": 90, "prod": 0.011057848098692395, "target": 49, "value": 0.00013829394046097591, "supply": [{"l": "Potash", "v": 0.0086495880399511602}, {"l": "Phosphate", "v": 0.0073269538937530288}, {"l": "Nitrogen", "v": 0.1507456936167462}]}, {"source": 90, "prod": 0.013506371606259995, "target": 61, "value": 0.00016891617013447771, "supply": [{"l": "Potash", "v": 0.0086495880399511602}, {"l": "Phosphate", "v": 0.0073269538937530288}, {"l": "Nitrogen", "v": 0.1507456936167462}]}, {"source": 90, "prod": 0.00047390777565824545, "target": 32, "value": 5.9268831626132523e-06, "supply": [{"l": "Potash", "v": 0.0086495880399511602}, {"l": "Phosphate", "v": 0.0073269538937530288}, {"l": "Nitrogen", "v": 0.1507456936167462}]}, {"source": 90, "prod": 0.012321602167114382, "target": 63, "value": 0.00015409896222794459, "supply": [{"l": "Potash", "v": 0.0086495880399511602}, {"l": "Phosphate", "v": 0.0073269538937530288}, {"l": "Nitrogen", "v": 0.1507456936167462}]}, {"source": 90, "prod": 0.03601699095002666, "target": 16, "value": 0.00045044312035860727, "supply": [{"l": "Potash", "v": 0.0086495880399511602}, {"l": "Phosphate", "v": 0.0073269538937530288}, {"l": "Nitrogen", "v": 0.1507456936167462}]}, {"source": 90, "prod": 11.939632499933836, "target": 17, "value": 0.1493218943988783, "supply": [{"l": "Potash", "v": 0.0086495880399511602}, {"l": "Phosphate", "v": 0.0073269538937530288}, {"l": "Nitrogen", "v": 0.1507456936167462}]}, {"source": 90, "prod": 0.0072665858934264308, "target": 60, "value": 9.0878875160069881e-05, "supply": [{"l": "Potash", "v": 0.0086495880399511602}, {"l": "Phosphate", "v": 0.0073269538937530288}, {"l": "Nitrogen", "v": 0.1507456936167462}]}, {"source": 90, "prod": 0.1297717459010829, "target": 19, "value": 0.0016229781726955959, "supply": [{"l": "Potash", "v": 0.0086495880399511602}, {"l": "Phosphate", "v": 0.0073269538937530288}, {"l": "Nitrogen", "v": 0.1507456936167462}]}, {"source": 90, "prod": 0.00086883092204011658, "target": 66, "value": 1.0865952464790964e-05, "supply": [{"l": "Potash", "v": 0.0086495880399511602}, {"l": "Phosphate", "v": 0.0073269538937530288}, {"l": "Nitrogen", "v": 0.1507456936167462}]}, {"source": 90, "prod": 0.14462085620504125, "target": 4, "value": 0.0018086871784574778, "supply": [{"l": "Potash", "v": 0.0086495880399511602}, {"l": "Phosphate", "v": 0.0073269538937530288}, {"l": "Nitrogen", "v": 0.1507456936167462}]}, {"source": 90, "prod": 0.10117931010303541, "target": 21, "value": 0.0012653895552179296, "supply": [{"l": "Potash", "v": 0.0086495880399511602}, {"l": "Phosphate", "v": 0.0073269538937530288}, {"l": "Nitrogen", "v": 0.1507456936167462}]}, {"source": 90, "prod": 0.048654531634246531, "target": 72, "value": 0.00060849333802829393, "supply": [{"l": "Potash", "v": 0.0086495880399511602}, {"l": "Phosphate", "v": 0.0073269538937530288}, {"l": "Nitrogen", "v": 0.1507456936167462}]}, {"source": 90, "prod": 0.099678602146784298, "target": 23, "value": 0.0012466210918696543, "supply": [{"l": "Potash", "v": 0.0086495880399511602}, {"l": "Phosphate", "v": 0.0073269538937530288}, {"l": "Nitrogen", "v": 0.1507456936167462}]}, {"source": 90, "prod": 0.0075035397812555533, "target": 75, "value": 9.3842316741376509e-05, "supply": [{"l": "Potash", "v": 0.0086495880399511602}, {"l": "Phosphate", "v": 0.0073269538937530288}, {"l": "Nitrogen", "v": 0.1507456936167462}]}, {"source": 90, "prod": 0.02140483453389742, "target": 62, "value": 0.00026769755617803192, "supply": [{"l": "Potash", "v": 0.0086495880399511602}, {"l": "Phosphate", "v": 0.0073269538937530288}, {"l": "Nitrogen", "v": 0.1507456936167462}]}, {"source": 88, "prod": 0, "target": 90, "value": 0.20514364146454672, "supply": [{"l": "Natural gas (including LNG)", "v": 0.13661690669086921}, {"l": "Fuel oil", "v": 0.041879239662222345}, {"l": "Liquefied petroleum gas (LPG)", "v": 0.013323747555727582}, {"l": "Coal", "v": 0.013323747555727582}]}, {"source": 91, "prod": 0, "target": 0, "value": 0.013376179156380303, "supply": "[{\"l\":'Labor',\"v\":0.013376179156380303}]"}, {"source": 91, "prod": 0, "target": 25, "value": 1.1826860438886209e-05, "supply": "[{\"l\":'Labor',\"v\":1.1826860438886209e-05}]"}, {"source": 91, "prod": 0, "target": 2, "value": 0.011483881486158509, "supply": "[{\"l\":'Labor',\"v\":0.011483881486158509}]"}, {"source": 91, "prod": 0, "target": 3, "value": 0.020342199954884281, "supply": "[{\"l\":'Labor',\"v\":0.020342199954884281}]"}, {"source": 91, "prod": 0, "target": 4, "value": 0.021654981463600651, "supply": "[{\"l\":'Labor',\"v\":0.021654981463600651}]"}, {"source": 91, "prod": 0, "target": 5, "value": 0.0065047732413874154, "supply": "[{\"l\":'Labor',\"v\":0.0065047732413874154}]"}, {"source": 91, "prod": 0, "target": 28, "value": 9.4614883511089673e-05, "supply": "[{\"l\":'Labor',\"v\":9.4614883511089673e-05}]"}, {"source": 91, "prod": 0, "target": 7, "value": 0.0012181666252052796, "supply": "[{\"l\":'Labor',\"v\":0.0012181666252052796}]"}, {"source": 91, "prod": 0, "target": 54, "value": 0.0011353786021330761, "supply": "[{\"l\":'Labor',\"v\":0.0011353786021330761}]"}, {"source": 91, "prod": 0, "target": 8, "value": 0.014783575548607762, "supply": "[{\"l\":'Labor',\"v\":0.014783575548607762}]"}, {"source": 91, "prod": 0, "target": 26, "value": 3.5480581316658627e-05, "supply": "[{\"l\":'Labor',\"v\":3.5480581316658627e-05}]"}, {"source": 91, "prod": 0, "target": 9, "value": 0.00018922976702217935, "supply": "[{\"l\":'Labor',\"v\":0.00018922976702217935}]"}, {"source": 91, "prod": 0, "target": 36, "value": 0.002826619644893804, "supply": "[{\"l\":'Labor',\"v\":0.002826619644893804}]"}, {"source": 91, "prod": 0, "target": 10, "value": 0.016025395894690812, "supply": "[{\"l\":'Labor',\"v\":0.016025395894690812}]"}, {"source": 91, "prod": 0, "target": 40, "value": 0.010490425209292067, "supply": "[{\"l\":'Labor',\"v\":0.010490425209292067}]"}, {"source": 91, "prod": 0, "target": 41, "value": 3.5480581316658627e-05, "supply": "[{\"l\":'Labor',\"v\":3.5480581316658627e-05}]"}, {"source": 91, "prod": 0, "target": 11, "value": 0.0034889238294714318, "supply": "[{\"l\":'Labor',\"v\":0.0034889238294714318}]"}, {"source": 91, "prod": 0, "target": 44, "value": 7.0961162633317255e-05, "supply": "[{\"l\":'Labor',\"v\":7.0961162633317255e-05}]"}, {"source": 91, "prod": 0, "target": 45, "value": 2.3653720877772418e-05, "supply": "[{\"l\":'Labor',\"v\":2.3653720877772418e-05}]"}, {"source": 91, "prod": 0, "target": 79, "value": 0.00041394011536101735, "supply": "[{\"l\":'Labor',\"v\":0.00041394011536101735}]"}, {"source": 91, "prod": 0, "target": 35, "value": 0.0041512280140490604, "supply": "[{\"l\":'Labor',\"v\":0.0041512280140490604}]"}, {"source": 91, "prod": 0, "target": 48, "value": 7.0961162633317255e-05, "supply": "[{\"l\":'Labor',\"v\":7.0961162633317255e-05}]"}, {"source": 91, "prod": 0, "target": 49, "value": 0.0016557604614440694, "supply": "[{\"l\":'Labor',\"v\":0.0016557604614440694}]"}, {"source": 91, "prod": 0, "target": 80, "value": 2.3653720877772418e-05, "supply": "[{\"l\":'Labor',\"v\":2.3653720877772418e-05}]"}, {"source": 91, "prod": 0, "target": 12, "value": 0.00023653720877772418, "supply": "[{\"l\":'Labor',\"v\":0.00023653720877772418}]"}, {"source": 91, "prod": 0, "target": 78, "value": 9.4614883511089673e-05, "supply": "[{\"l\":'Labor',\"v\":9.4614883511089673e-05}]"}, {"source": 91, "prod": 0, "target": 13, "value": 0.0037254610382491562, "supply": "[{\"l\":'Labor',\"v\":0.0037254610382491562}]"}, {"source": 91, "prod": 0, "target": 56, "value": 9.4614883511089673e-05, "supply": "[{\"l\":'Labor',\"v\":9.4614883511089673e-05}]"}, {"source": 91, "prod": 0, "target": 57, "value": 1.1826860438886209e-05, "supply": "[{\"l\":'Labor',\"v\":1.1826860438886209e-05}]"}, {"source": 91, "prod": 0, "target": 58, "value": 0.0022944109251439248, "supply": "[{\"l\":'Labor',\"v\":0.0022944109251439248}]"}, {"source": 91, "prod": 0, "target": 60, "value": 0.0010880711603775313, "supply": "[{\"l\":'Labor',\"v\":0.0010880711603775313}]"}, {"source": 91, "prod": 0, "target": 61, "value": 0.0020223931350495418, "supply": "[{\"l\":'Labor',\"v\":0.0020223931350495418}]"}, {"source": 91, "prod": 0, "target": 32, "value": 7.0961162633317255e-05, "supply": "[{\"l\":'Labor',\"v\":7.0961162633317255e-05}]"}, {"source": 91, "prod": 0, "target": 63, "value": 0.0018449902284662489, "supply": "[{\"l\":'Labor',\"v\":0.0018449902284662489}]"}, {"source": 91, "prod": 0, "target": 16, "value": 0.0053930483601321117, "supply": "[{\"l\":'Labor',\"v\":0.0053930483601321117}]"}, {"source": 91, "prod": 0, "target": 17, "value": 1.787795531383795, "supply": "[{\"l\":'Labor',\"v\":1.787795531383795}]"}, {"source": 91, "prod": 0, "target": 19, "value": 0.019431531701090046, "supply": "[{\"l\":'Labor',\"v\":0.019431531701090046}]"}, {"source": 91, "prod": 0, "target": 71, "value": 8.2788023072203457e-05, "supply": "[{\"l\":'Labor',\"v\":8.2788023072203457e-05}]"}, {"source": 91, "prod": 0, "target": 66, "value": 0.00013009546482774831, "supply": "[{\"l\":'Labor',\"v\":0.00013009546482774831}]"}, {"source": 91, "prod": 0, "target": 67, "value": 1.1826860438886209e-05, "supply": "[{\"l\":'Labor',\"v\":1.1826860438886209e-05}]"}, {"source": 91, "prod": 0, "target": 21, "value": 0.015150208222213234, "supply": "[{\"l\":'Labor',\"v\":0.015150208222213234}]"}, {"source": 91, "prod": 0, "target": 72, "value": 0.007285346030353905, "supply": "[{\"l\":'Labor',\"v\":0.007285346030353905}]"}, {"source": 91, "prod": 0, "target": 62, "value": 0.0032050791789381625, "supply": "[{\"l\":'Labor',\"v\":0.0032050791789381625}]"}, {"source": 91, "prod": 0, "target": 75, "value": 0.00112355174169419, "supply": "[{\"l\":'Labor',\"v\":0.00112355174169419}]"}, {"source": 91, "prod": 0, "target": 23, "value": 0.014925497873874398, "supply": "[{\"l\":'Labor',\"v\":0.014925497873874398}]"}, {"source": 88, "prod": 0, "target": 83, "value": 10.75579811403628, "supply": "[{\"l\":'Fossil Fuels',\"v\":10.75579811403628}]"}, {"source": 89, "prod": 0, "target": 83, "value": 0.78211587926377235, "supply": "[{\"l\":'Renewables & Nuclear',\"v\":0.026899064858275312},{\"l\":'Biomass & Waste',\"v\":0.75521681440549704}]"}]}