{"nodes": [{"layer": 5, "name": "Maize"}, {"layer": 10, "name": "Feed", "fill": "#dbdb8d"}, {"layer": 5, "name": "Vegetables, Other"}, {"layer": 5, "name": "Plantains"}, {"layer": 5, "name": "Fruits, Other"}, {"layer": 5, "name": "Yams"}, {"layer": 5, "name": "Barley"}, {"layer": 5, "name": "Rice"}, {"layer": 5, "name": "Cereals, Other"}, {"layer": 5, "name": "Wheat"}, {"layer": 5, "name": "Roots, Other"}, {"layer": 13, "name": "Marine Fish, Other"}, {"layer": 5, "name": "Oats"}, {"layer": 5, "name": "Potatoes"}, {"layer": 13, "name": "Fish, Seafood"}, {"layer": 13, "name": "Meat, Other"}, {"layer": 5, "name": "Sorghum"}, {"layer": 5, "name": "Sugar cane"}, {"layer": 13, "name": "Pelagic Fish"}, {"layer": 5, "name": "Bananas"}, {"layer": 13, "name": "Offals, Edible"}, {"layer": 5, "name": "Sweet potatoes"}, {"layer": 5, "name": "Cassava"}, {"layer": 16, "name": "Food", "fill": "#b5cf6b"}, {"layer": 5, "name": "Olives"}, {"layer": 5, "name": "Nuts"}, {"layer": 13, "name": "Sugar", "fill": "#d6616b"}, {"layer": 13, "name": "Oilcrops Oil, Other"}, {"layer": 5, "name": "Citrus, Other"}, {"layer": 13, "name": "Beer"}, {"layer": 13, "name": "Groundnut Oil"}, {"layer": 13, "name": "Beverages, Alcoholic"}, {"layer": 5, "name": "Apples"}, {"layer": 13, "name": "Honey"}, {"layer": 13, "name": "Butter, Ghee"}, {"layer": 5, "name": "Tomatoes"}, {"layer": 5, "name": "Coffee"}, {"layer": 13, "name": "Sugar non-centrifugal"}, {"layer": 13, "name": "Fats, Animals, Raw"}, {"layer": 13, "name": "Soyabean Oil"}, {"layer": 5, "name": "Coconuts - Incl Copra"}, {"layer": 5, "name": "Treenuts"}, {"layer": 13, "name": "Crustaceans"}, {"layer": 13, "name": "Eggs"}, {"layer": 5, "name": "Peas"}, {"layer": 5, "name": "Sesame seed"}, {"layer": 13, "name": "Coconut Oil"}, {"layer": 5, "name": "Grapes"}, {"layer": 5, "name": "Groundnuts"}, {"layer": 13, "name": "Wine"}, {"layer": 13, "name": "Sunflowerseed Oil"}, {"layer": 13, "name": "Olive Oil"}, {"layer": 13, "name": "Pigmeat"}, {"layer": 5, "name": "Cocoa Beans"}, {"layer": 13, "name": "Freshwater Fish"}, {"layer": 5, "name": "Pimento"}, {"layer": 5, "name": "Pepper"}, {"layer": 5, "name": "Grapefruit"}, {"layer": 13, "name": "Milk - Excluding Butter"}, {"layer": 5, "name": "Pineapples"}, {"layer": 5, "name": "Beans"}, {"layer": 5, "name": "Pulses, Other"}, {"layer": 5, "name": "Lemons, Limes"}, {"layer": 13, "name": "Cephalopods"}, {"layer": 13, "name": "Mutton & Goat Meat"}, {"layer": 13, "name": "Sweeteners, Other"}, {"layer": 13, "name": "Beverages, Fermented"}, {"layer": 5, "name": "Spices, Other"}, {"layer": 5, "name": "Tea"}, {"layer": 13, "name": "Molluscs, Other"}, {"layer": 13, "name": "Aquatic Animals, Others"}, {"layer": 13, "name": "Poultry Meat"}, {"layer": 5, "name": "Infant food"}, {"layer": 13, "name": "Demersal Fish"}, {"layer": 5, "name": "Oranges, Mandarines"}, {"layer": 13, "name": "Bovine Meat"}, {"layer": 13, "name": "Cottonseed Oil"}, {"layer": 5, "name": "Onions"}, {"layer": 13, "name": "Aquatic Products, Other"}, {"layer": 10, "name": "Processing", "fill": "#9edae5"}, {"layer": 5, "name": "Cottonseed"}, {"layer": 5, "name": "Soyabeans"}, {"layer": 5, "name": "Oilcrops, Other"}, {"layer": 16, "name": "Biofuels & Other", "fill": "#e7ba52"}, {"layer": 13, "name": "Fish, Body Oil"}, {"name": "Waste", "fill": "#c7c7c7"}, {"layer": 2, "name": "Import", "fill": "#aec7e8"}, {"layer": 16, "name": "Export", "fill": "#aec7e8"}, {"layer": 16, "name": "Stock Deposit", "fill": "#c7c7c7"}, {"layer": 0, "name": "Stock Draw", "fill": "#c7c7c7"}, {"layer": 2, "name": "Electricity", "fill": "#bcbd22"}, {"layer": 0, "name": "Fossil Fuels", "fill": "#c49c94"}, {"layer": 0, "name": "Renewables & Nuclear", "fill": "#2ca02c"}, {"layer": 2, "name": "Fertilizers", "fill": "#c5b0d5"}, {"layer": 0, "name": "Labor", "fill": "#7f7f7f"}], "links": [{"source": 0, "prod": 928.0, "target": 1, "value": 3.6517964858719814, "supply": [{"l": "Maize", "v": 3.6517964858719814}]}, {"source": 2, "prod": 2.0, "target": 1, "value": 0.00053540750648378385, "supply": [{"l": "Vegetables, Other", "v": 0.00053540750648378385}]}, {"source": 3, "prod": 88.0, "target": 1, "value": 0.076845619339302423, "supply": [{"l": "Plantains", "v": 0.076845619339302423}]}, {"source": 4, "prod": 33.0, "target": 1, "value": 0.014643088822175958, "supply": [{"l": "Fruits, Other", "v": 0.014643088822175958}]}, {"source": 5, "prod": 2.0, "target": 1, "value": 0.00211078176391989, "supply": [{"l": "Yams", "v": 0.00211078176391989}]}, {"source": 6, "prod": 68.0, "target": 1, "value": 0.21382306131955556, "supply": [{"l": "Barley", "v": 0.21382306131955556}]}, {"source": 7, "prod": 15.0, "target": 1, "value": 0.062117777896017495, "supply": [{"l": "Rice", "v": 0.062117777896017495}]}, {"source": 8, "prod": 6.0, "target": 1, "value": 0.018866740704666665, "supply": [{"l": "Cereals, Other", "v": 0.018866740704666665}]}, {"source": 9, "prod": 361.0, "target": 1, "value": 1.1309380772987427, "supply": [{"l": "Wheat", "v": 1.1309380772987427}]}, {"source": 10, "prod": 14.0, "target": 1, "value": 0.016762373472223077, "supply": [{"l": "Roots, Other", "v": 0.016762373472223077}]}, {"source": 11, "prod": 36.0, "target": 1, "value": 0.024257238048857141, "supply": [{"l": "Marine Fish, Other", "v": 0.024257238048857141}]}, {"source": 12, "prod": 28.0, "target": 1, "value": 0.0594302332197, "supply": [{"l": "Oats", "v": 0.0594302332197}]}, {"source": 13, "prod": 5.0, "target": 1, "value": 0.0037603494022588578, "supply": [{"l": "Potatoes", "v": 0.0037603494022588578}]}, {"source": 14, "prod": 348.0, "target": 1, "value": 0.26424686320854684, "supply": [{"l": "Fish, Seafood", "v": 0.26424686320854684}]}, {"source": 15, "prod": 1.0, "target": 1, "value": 0.0023196812341803276, "supply": [{"l": "Meat, Other", "v": 0.0023196812341803276}]}, {"source": 16, "prod": 22.0, "target": 1, "value": 0.082570750858381101, "supply": [{"l": "Sorghum", "v": 0.082570750858381101}]}, {"source": 17, "prod": 252.0, "target": 1, "value": 0.082925906818186054, "supply": [{"l": "Sugar cane", "v": 0.082925906818186054}]}, {"source": 18, "prod": 312.0, "target": 1, "value": 0.29762813426238205, "supply": [{"l": "Pelagic Fish", "v": 0.29762813426238205}]}, {"source": 19, "prod": 15.0, "target": 1, "value": 0.011523822657981323, "supply": [{"l": "Bananas", "v": 0.011523822657981323}]}, {"source": 20, "prod": 1.0, "target": 1, "value": 0.0012079315695060976, "supply": [{"l": "Offals, Edible", "v": 0.0012079315695060976}]}, {"source": 21, "prod": 32.0, "target": 1, "value": 0.034801161333970966, "supply": [{"l": "Sweet potatoes", "v": 0.034801161333970966}]}, {"source": 22, "prod": 91.0, "target": 1, "value": 0.10036335779678925, "supply": [{"l": "Cassava", "v": 0.10036335779678925}]}, {"source": 0, "prod": 216.0, "target": 23, "value": 0.84998711309089214, "supply": [{"l": "Maize", "v": 0.84998711309089214}]}, {"source": 24, "prod": 1.0, "target": 23, "value": 0.0062426715566911775, "supply": [{"l": "Olives", "v": 0.0062426715566911775}]}, {"source": 2, "prod": 554.0, "target": 23, "value": 0.14830787929600814, "supply": [{"l": "Vegetables, Other", "v": 0.14830787929600814}]}, {"source": 3, "prod": 813.0, "target": 23, "value": 0.70994873321423724, "supply": [{"l": "Plantains", "v": 0.70994873321423724}]}, {"source": 25, "prod": 2.0, "target": 23, "value": 0.012128619024428572, "supply": [{"l": "Nuts", "v": 0.012128619024428572}]}, {"source": 5, "prod": 271.0, "target": 23, "value": 0.28601092901114505, "supply": [{"l": "Yams", "v": 0.28601092901114505}]}, {"source": 26, "prod": 998.0, "target": 23, "value": 3.8020110739269621, "supply": [{"l": "Sugar", "v": 3.8020110739269621}]}, {"source": 27, "prod": 3.0, "target": 23, "value": 0.029388576866884623, "supply": [{"l": "Oilcrops Oil, Other", "v": 0.029388576866884623}]}, {"source": 28, "prod": 5.0, "target": 23, "value": 0.0017186302261336034, "supply": [{"l": "Citrus, Other", "v": 0.0017186302261336034}]}, {"source": 29, "prod": 442.0, "target": 23, "value": 0.20152430694461787, "supply": [{"l": "Beer", "v": 0.20152430694461787}]}, {"source": 30, "prod": 19.0, "target": 23, "value": 0.19357275962988002, "supply": [{"l": "Groundnut Oil", "v": 0.19357275962988002}]}, {"source": 31, "prod": 123.0, "target": 23, "value": 0.39346376401346334, "supply": [{"l": "Beverages, Alcoholic", "v": 0.39346376401346334}]}, {"source": 6, "prod": 7.0, "target": 23, "value": 0.022011197488777778, "supply": [{"l": "Barley", "v": 0.022011197488777778}]}, {"source": 32, "prod": 6.0, "target": 23, "value": 0.0030872848425818182, "supply": [{"l": "Apples", "v": 0.0030872848425818182}]}, {"source": 33, "prod": 3.0, "target": 23, "value": 0.0097961922889615374, "supply": [{"l": "Honey", "v": 0.0097961922889615374}]}, {"source": 7, "prod": 878.0, "target": 23, "value": 3.6359605995135582, "supply": [{"l": "Rice", "v": 3.6359605995135582}]}, {"source": 34, "prod": 38.0, "target": 23, "value": 0.3204847013739735, "supply": [{"l": "Butter, Ghee", "v": 0.3204847013739735}]}, {"source": 35, "prod": 270.0, "target": 23, "value": 0.06367524987824999, "supply": [{"l": "Tomatoes", "v": 0.06367524987824999}]}, {"source": 8, "prod": 20.0, "target": 23, "value": 0.062889135682222236, "supply": [{"l": "Cereals, Other", "v": 0.062889135682222236}]}, {"source": 36, "prod": 55.0, "target": 23, "value": 0.031837624939125002, "supply": [{"l": "Coffee", "v": 0.031837624939125002}]}, {"source": 37, "prod": 78.0, "target": 23, "value": 0.29715116609850001, "supply": [{"l": "Sugar non-centrifugal", "v": 0.29715116609850001}]}, {"source": 9, "prod": 1279.0, "target": 23, "value": 4.0068415536429134, "supply": [{"l": "Wheat", "v": 4.0068415536429134}]}, {"source": 38, "prod": 127.0, "target": 23, "value": 1.0633473681180474, "supply": [{"l": "Fats, Animals, Raw", "v": 1.0633473681180474}]}, {"source": 39, "prod": 46.0, "target": 23, "value": 0.47756437408687502, "supply": [{"l": "Soyabean Oil", "v": 0.47756437408687502}]}, {"source": 40, "prod": 145.0, "target": 23, "value": 0.22286337457387501, "supply": [{"l": "Coconuts - Incl Copra", "v": 0.22286337457387501}]}, {"source": 41, "prod": 1.0, "target": 23, "value": 0.0084900333171, "supply": [{"l": "Treenuts", "v": 0.0084900333171}]}, {"source": 42, "prod": 7.0, "target": 23, "value": 0.0041270995291458343, "supply": [{"l": "Crustaceans", "v": 0.0041270995291458343}]}, {"source": 43, "prod": 126.0, "target": 23, "value": 0.19140552249684695, "supply": [{"l": "Eggs", "v": 0.19140552249684695}]}, {"source": 10, "prod": 292.0, "target": 23, "value": 0.34961521813493845, "supply": [{"l": "Roots, Other", "v": 0.34961521813493845}]}, {"source": 44, "prod": 5.0, "target": 23, "value": 0.020214365040714291, "supply": [{"l": "Peas", "v": 0.020214365040714291}]}, {"source": 45, "prod": 5.0, "target": 23, "value": 0.035375138821250006, "supply": [{"l": "Sesame seed", "v": 0.035375138821250006}]}, {"source": 46, "prod": 17.0, "target": 23, "value": 0.17779852381463043, "supply": [{"l": "Coconut Oil", "v": 0.17779852381463043}]}, {"source": 21, "prod": 585.0, "target": 23, "value": 0.63620873063665673, "supply": [{"l": "Sweet potatoes", "v": 0.63620873063665673}]}, {"source": 11, "prod": 32.0, "target": 23, "value": 0.021561989376761907, "supply": [{"l": "Marine Fish, Other", "v": 0.021561989376761907}]}, {"source": 47, "prod": 6.0, "target": 23, "value": 0.0046141485419021735, "supply": [{"l": "Grapes", "v": 0.0046141485419021735}]}, {"source": 48, "prod": 25.0, "target": 23, "value": 0.15606678891727943, "supply": [{"l": "Groundnuts", "v": 0.15606678891727943}]}, {"source": 49, "prod": 7.0, "target": 23, "value": 0.010246591934431035, "supply": [{"l": "Wine", "v": 0.010246591934431035}]}, {"source": 50, "prod": 58.0, "target": 23, "value": 0.59430233219700002, "supply": [{"l": "Sunflowerseed Oil", "v": 0.59430233219700002}]}, {"source": 12, "prod": 5.0, "target": 23, "value": 0.010612541646375, "supply": [{"l": "Oats", "v": 0.010612541646375}]}, {"source": 51, "prod": 1.0, "target": 23, "value": 0.0070750277642500003, "supply": [{"l": "Olive Oil", "v": 0.0070750277642500003}]}, {"source": 52, "prod": 137.0, "target": 23, "value": 0.35085411907320929, "supply": [{"l": "Pigmeat", "v": 0.35085411907320929}]}, {"source": 53, "prod": 13.0, "target": 23, "value": 0.031837624939125009, "supply": [{"l": "Cocoa Beans", "v": 0.031837624939125009}]}, {"source": 13, "prod": 254.0, "target": 23, "value": 0.19102574963475, "supply": [{"l": "Potatoes", "v": 0.19102574963475}]}, {"source": 54, "prod": 5.0, "target": 23, "value": 0.0037456029340147056, "supply": [{"l": "Freshwater Fish", "v": 0.0037456029340147056}]}, {"source": 55, "prod": 1.0, "target": 23, "value": 0.0036385857073285722, "supply": [{"l": "Pimento", "v": 0.0036385857073285722}]}, {"source": 56, "prod": 1.0, "target": 23, "value": 0.0044684385879473695, "supply": [{"l": "Pepper", "v": 0.0044684385879473695}]}, {"source": 57, "prod": 53.0, "target": 23, "value": 0.010562717507190143, "supply": [{"l": "Grapefruit", "v": 0.010562717507190143}]}, {"source": 17, "prod": 225.0, "target": 23, "value": 0.074040988230523255, "supply": [{"l": "Sugar cane", "v": 0.074040988230523255}]}, {"source": 58, "prod": 2233.0, "target": 23, "value": 1.3567344754706421, "supply": [{"l": "Milk - Excluding Butter", "v": 1.3567344754706421}]}, {"source": 59, "prod": 41.0, "target": 23, "value": 0.010548223212154546, "supply": [{"l": "Pineapples", "v": 0.010548223212154546}]}, {"source": 60, "prod": 85.0, "target": 23, "value": 0.33761535997824565, "supply": [{"l": "Beans", "v": 0.33761535997824565}]}, {"source": 61, "prod": 184.0, "target": 23, "value": 0.72165283195350016, "supply": [{"l": "Pulses, Other", "v": 0.72165283195350016}]}, {"source": 14, "prod": 293.0, "target": 23, "value": 0.2224837095405294, "supply": [{"l": "Fish, Seafood", "v": 0.2224837095405294}]}, {"source": 15, "prod": 46.0, "target": 23, "value": 0.10670533677229509, "supply": [{"l": "Meat, Other", "v": 0.10670533677229509}]}, {"source": 62, "prod": 62.0, "target": 23, "value": 0.021311014804056682, "supply": [{"l": "Lemons, Limes", "v": 0.021311014804056682}]}, {"source": 16, "prod": 82.0, "target": 23, "value": 0.30776370774487505, "supply": [{"l": "Sorghum", "v": 0.30776370774487505}]}, {"source": 63, "prod": 4.0, "target": 23, "value": 0.005145474737636364, "supply": [{"l": "Cephalopods", "v": 0.005145474737636364}]}, {"source": 64, "prod": 13.0, "target": 23, "value": 0.033111129936690006, "supply": [{"l": "Mutton & Goat Meat", "v": 0.033111129936690006}]}, {"source": 65, "prod": 11.0, "target": 23, "value": 0.033353702317178574, "supply": [{"l": "Sweeteners, Other", "v": 0.033353702317178574}]}, {"source": 18, "prod": 111.0, "target": 23, "value": 0.10588693238180898, "supply": [{"l": "Pelagic Fish", "v": 0.10588693238180898}]}, {"source": 19, "prod": 648.0, "target": 23, "value": 0.49782913882479318, "supply": [{"l": "Bananas", "v": 0.49782913882479318}]}, {"source": 66, "prod": 2.0, "target": 23, "value": 0.002927597695551724, "supply": [{"l": "Beverages, Fermented", "v": 0.002927597695551724}]}, {"source": 67, "prod": 5.0, "target": 23, "value": 0.022342192939736844, "supply": [{"l": "Spices, Other", "v": 0.022342192939736844}]}, {"source": 68, "prod": 1.0, "target": 23, "value": 0.001513956990112238, "supply": [{"l": "Tea", "v": 0.001513956990112238}]}, {"source": 4, "prod": 860.0, "target": 23, "value": 0.38160776930519164, "supply": [{"l": "Fruits, Other", "v": 0.38160776930519164}]}, {"source": 69, "prod": 3.0, "target": 23, "value": 0.0022779902000736795, "supply": [{"l": "Molluscs, Other", "v": 0.0022779902000736795}]}, {"source": 70, "prod": 1.0, "target": 23, "value": 0.00071657111735751807, "supply": [{"l": "Aquatic Animals, Others", "v": 0.00071657111735751807}]}, {"source": 71, "prod": 224.0, "target": 23, "value": 0.32935637627900782, "supply": [{"l": "Poultry Meat", "v": 0.32935637627900782}]}, {"source": 20, "prod": 61.0, "target": 23, "value": 0.07368382573987195, "supply": [{"l": "Offals, Edible", "v": 0.07368382573987195}]}, {"source": 72, "prod": 10.0, "target": 23, "value": 0.0424501665855, "supply": [{"l": "Infant food", "v": 0.0424501665855}]}, {"source": 73, "prod": 135.0, "target": 23, "value": 0.074287791524625002, "supply": [{"l": "Demersal Fish", "v": 0.074287791524625002}]}, {"source": 74, "prod": 270.0, "target": 23, "value": 0.084979017446413355, "supply": [{"l": "Oranges, Mandarines", "v": 0.084979017446413355}]}, {"source": 75, "prod": 292.0, "target": 23, "value": 0.71104029030712512, "supply": [{"l": "Bovine Meat", "v": 0.71104029030712512}]}, {"source": 76, "prod": 12.0, "target": 23, "value": 0.11922174445289363, "supply": [{"l": "Cottonseed Oil", "v": 0.11922174445289363}]}, {"source": 22, "prod": 471.0, "target": 23, "value": 0.51946309365151355, "supply": [{"l": "Cassava", "v": 0.51946309365151355}]}, {"source": 77, "prod": 53.0, "target": 23, "value": 0.021125435014380287, "supply": [{"l": "Onions", "v": 0.021125435014380287}]}, {"source": 78, "prod": 1.0, "target": 23, "value": 0.00071657111735751807, "supply": [{"l": "Aquatic Products, Other", "v": 0.00071657111735751807}]}, {"source": 40, "prod": 192.0, "target": 79, "value": 0.2951018477116138, "supply": [{"l": "Coconuts - Incl Copra", "v": 0.2951018477116138}]}, {"source": 80, "prod": 5.0, "target": 79, "value": 0.031213357783455888, "supply": [{"l": "Cottonseed", "v": 0.031213357783455888}]}, {"source": 26, "prod": 2.0, "target": 79, "value": 0.0076192606691923084, "supply": [{"l": "Sugar", "v": 0.0076192606691923084}]}, {"source": 81, "prod": 75.0, "target": 79, "value": 0.29563508872044647, "supply": [{"l": "Soyabeans", "v": 0.29563508872044647}]}, {"source": 6, "prod": 85.0, "target": 79, "value": 0.26727882664944447, "supply": [{"l": "Barley", "v": 0.26727882664944447}]}, {"source": 48, "prod": 53.0, "target": 79, "value": 0.33086159250463237, "supply": [{"l": "Groundnuts", "v": 0.33086159250463237}]}, {"source": 82, "prod": 1.0, "target": 79, "value": 0.0062426715566911775, "supply": [{"l": "Oilcrops, Other", "v": 0.0062426715566911775}]}, {"source": 7, "prod": 3.0, "target": 79, "value": 0.0124235555792035, "supply": [{"l": "Rice", "v": 0.0124235555792035}]}, {"source": 17, "prod": 89332.0, "target": 79, "value": 29.39657582492935, "supply": [{"l": "Sugar cane", "v": 29.39657582492935}]}, {"source": 0, "prod": 3.0, "target": 83, "value": 0.011805376570706835, "supply": [{"l": "Maize", "v": 0.011805376570706835}]}, {"source": 2, "prod": 7.0, "target": 83, "value": 0.0018739262726932438, "supply": [{"l": "Vegetables, Other", "v": 0.0018739262726932438}]}, {"source": 3, "prod": 1.0, "target": 83, "value": 0.0008732456743102548, "supply": [{"l": "Plantains", "v": 0.0008732456743102548}]}, {"source": 4, "prod": 5.0, "target": 83, "value": 0.0022186498215418116, "supply": [{"l": "Fruits, Other", "v": 0.0022186498215418116}]}, {"source": 5, "prod": 1.0, "target": 83, "value": 0.001055390881959945, "supply": [{"l": "Yams", "v": 0.001055390881959945}]}, {"source": 26, "prod": 129.0, "target": 83, "value": 0.49144231316290388, "supply": [{"l": "Sugar", "v": 0.49144231316290388}]}, {"source": 29, "prod": 3.0, "target": 83, "value": 0.0013678120380856418, "supply": [{"l": "Beer", "v": 0.0013678120380856418}]}, {"source": 31, "prod": 1.0, "target": 83, "value": 0.0031988923903533608, "supply": [{"l": "Beverages, Alcoholic", "v": 0.0031988923903533608}]}, {"source": 6, "prod": 1.0, "target": 83, "value": 0.003144456784111111, "supply": [{"l": "Barley", "v": 0.003144456784111111}]}, {"source": 7, "prod": 3.0, "target": 83, "value": 0.0124235555792035, "supply": [{"l": "Rice", "v": 0.0124235555792035}]}, {"source": 35, "prod": 4.0, "target": 83, "value": 0.00094333703523333322, "supply": [{"l": "Tomatoes", "v": 0.00094333703523333322}]}, {"source": 38, "prod": 105.0, "target": 83, "value": 0.87914546182988174, "supply": [{"l": "Fats, Animals, Raw", "v": 0.87914546182988174}]}, {"source": 9, "prod": 10.0, "target": 83, "value": 0.031327924578912543, "supply": [{"l": "Wheat", "v": 0.031327924578912543}]}, {"source": 39, "prod": 7.0, "target": 83, "value": 0.072672839534959247, "supply": [{"l": "Soyabean Oil", "v": 0.072672839534959247}]}, {"source": 40, "prod": 69.0, "target": 83, "value": 0.10605222652136122, "supply": [{"l": "Coconuts - Incl Copra", "v": 0.10605222652136122}]}, {"source": 10, "prod": 1.0, "target": 83, "value": 0.0011973123908730768, "supply": [{"l": "Roots, Other", "v": 0.0011973123908730768}]}, {"source": 50, "prod": 8.0, "target": 83, "value": 0.081972735475448283, "supply": [{"l": "Sunflowerseed Oil", "v": 0.081972735475448283}]}, {"source": 52, "prod": 1.0, "target": 83, "value": 0.0025609789713372942, "supply": [{"l": "Pigmeat", "v": 0.0025609789713372942}]}, {"source": 13, "prod": 2.0, "target": 83, "value": 0.0015041397609035433, "supply": [{"l": "Potatoes", "v": 0.0015041397609035433}]}, {"source": 46, "prod": 4.0, "target": 83, "value": 0.041834946779913042, "supply": [{"l": "Coconut Oil", "v": 0.041834946779913042}]}, {"source": 58, "prod": 9.0, "target": 83, "value": 0.0054682535957168736, "supply": [{"l": "Milk - Excluding Butter", "v": 0.0054682535957168736}]}, {"source": 27, "prod": 10.0, "target": 83, "value": 0.097961922889615388, "supply": [{"l": "Oilcrops Oil, Other", "v": 0.097961922889615388}]}, {"source": 62, "prod": 12.0, "target": 83, "value": 0.0041247125427206479, "supply": [{"l": "Lemons, Limes", "v": 0.0041247125427206479}]}, {"source": 49, "prod": 1.0, "target": 83, "value": 0.001463798847775862, "supply": [{"l": "Wine", "v": 0.001463798847775862}]}, {"source": 65, "prod": 1.0, "target": 83, "value": 0.0030321547561071431, "supply": [{"l": "Sweeteners, Other", "v": 0.0030321547561071431}]}, {"source": 19, "prod": 2.0, "target": 83, "value": 0.0015365096877308431, "supply": [{"l": "Bananas", "v": 0.0015365096877308431}]}, {"source": 75, "prod": 1.0, "target": 83, "value": 0.002435069487353168, "supply": [{"l": "Bovine Meat", "v": 0.002435069487353168}]}, {"source": 84, "prod": 1.0, "target": 83, "value": 0.0084033109265416947, "supply": [{"l": "Fish, Body Oil", "v": 0.0084033109265416947}]}, {"source": 71, "prod": 3.0, "target": 83, "value": 0.0044110228965938544, "supply": [{"l": "Poultry Meat", "v": 0.0044110228965938544}]}, {"source": 74, "prod": 1.0, "target": 83, "value": 0.00031473710165338281, "supply": [{"l": "Oranges, Mandarines", "v": 0.00031473710165338281}]}, {"source": 22, "prod": 16.0, "target": 83, "value": 0.01764630466756734, "supply": [{"l": "Cassava", "v": 0.01764630466756734}]}, {"source": 0, "prod": 10.0, "target": 0, "value": 0.039351255235689456, "supply": [{"l": "Maize", "v": 0.039351255235689456}]}, {"source": 80, "prod": 1.0, "target": 80, "value": 0.0062426715566911775, "supply": [{"l": "Cottonseed", "v": 0.0062426715566911775}]}, {"source": 13, "prod": 17.0, "target": 13, "value": 0.012785187967680118, "supply": [{"l": "Potatoes", "v": 0.012785187967680118}]}, {"source": 43, "prod": 12.0, "target": 43, "value": 0.018229097380652089, "supply": [{"l": "Eggs", "v": 0.018229097380652089}]}, {"source": 10, "prod": 2.0, "target": 10, "value": 0.0023946247817461536, "supply": [{"l": "Roots, Other", "v": 0.0023946247817461536}]}, {"source": 60, "prod": 7.0, "target": 60, "value": 0.027803617880561408, "supply": [{"l": "Beans", "v": 0.027803617880561408}]}, {"source": 61, "prod": 4.0, "target": 61, "value": 0.015688105042467392, "supply": [{"l": "Pulses, Other", "v": 0.015688105042467392}]}, {"source": 48, "prod": 3.0, "target": 48, "value": 0.018728014670073529, "supply": [{"l": "Groundnuts", "v": 0.018728014670073529}]}, {"source": 7, "prod": 18.0, "target": 7, "value": 0.074541333475221003, "supply": [{"l": "Rice", "v": 0.074541333475221003}]}, {"source": 16, "prod": 3.0, "target": 16, "value": 0.011259647844324696, "supply": [{"l": "Sorghum", "v": 0.011259647844324696}]}, {"source": 0, "prod": 60.0, "target": 85, "value": 0.23610753141413673, "supply": [{"l": "Maize", "v": 0.23610753141413673}]}, {"source": 2, "prod": 62.0, "target": 85, "value": 0.016597632700997299, "supply": [{"l": "Vegetables, Other", "v": 0.016597632700997299}]}, {"source": 3, "prod": 121.0, "target": 85, "value": 0.10566272659154084, "supply": [{"l": "Plantains", "v": 0.10566272659154084}]}, {"source": 4, "prod": 143.0, "target": 85, "value": 0.06345338489609581, "supply": [{"l": "Fruits, Other", "v": 0.06345338489609581}]}, {"source": 5, "prod": 41.0, "target": 85, "value": 0.043271026160357745, "supply": [{"l": "Yams", "v": 0.043271026160357745}]}, {"source": 26, "prod": 37.0, "target": 85, "value": 0.14095632238005773, "supply": [{"l": "Sugar", "v": 0.14095632238005773}]}, {"source": 57, "prod": 13.0, "target": 85, "value": 0.0025908552376126765, "supply": [{"l": "Grapefruit", "v": 0.0025908552376126765}]}, {"source": 6, "prod": 2.0, "target": 85, "value": 0.006288913568222222, "supply": [{"l": "Barley", "v": 0.006288913568222222}]}, {"source": 7, "prod": 44.0, "target": 85, "value": 0.18221214849498465, "supply": [{"l": "Rice", "v": 0.18221214849498465}]}, {"source": 35, "prod": 30.0, "target": 85, "value": 0.0070750277642499994, "supply": [{"l": "Tomatoes", "v": 0.0070750277642499994}]}, {"source": 36, "prod": 2.0, "target": 85, "value": 0.0011577318159681819, "supply": [{"l": "Coffee", "v": 0.0011577318159681819}]}, {"source": 9, "prod": 71.0, "target": 85, "value": 0.22242826451027906, "supply": [{"l": "Wheat", "v": 0.22242826451027906}]}, {"source": 40, "prod": 5.0, "target": 85, "value": 0.0076849439508232765, "supply": [{"l": "Coconuts - Incl Copra", "v": 0.0076849439508232765}]}, {"source": 43, "prod": 7.0, "target": 85, "value": 0.010633640138713717, "supply": [{"l": "Eggs", "v": 0.010633640138713717}]}, {"source": 10, "prod": 39.0, "target": 85, "value": 0.046695183244049997, "supply": [{"l": "Roots, Other", "v": 0.046695183244049997}]}, {"source": 48, "prod": 4.0, "target": 85, "value": 0.02497068622676471, "supply": [{"l": "Groundnuts", "v": 0.02497068622676471}]}, {"source": 13, "prod": 32.0, "target": 85, "value": 0.024066236174456693, "supply": [{"l": "Potatoes", "v": 0.024066236174456693}]}, {"source": 58, "prod": 65.0, "target": 85, "value": 0.039492942635732976, "supply": [{"l": "Milk - Excluding Butter", "v": 0.039492942635732976}]}, {"source": 60, "prod": 5.0, "target": 85, "value": 0.019859727057543863, "supply": [{"l": "Beans", "v": 0.019859727057543863}]}, {"source": 61, "prod": 7.0, "target": 85, "value": 0.027454183824317937, "supply": [{"l": "Pulses, Other", "v": 0.027454183824317937}]}, {"source": 62, "prod": 5.0, "target": 85, "value": 0.0017186302261336034, "supply": [{"l": "Lemons, Limes", "v": 0.0017186302261336034}]}, {"source": 16, "prod": 6.0, "target": 85, "value": 0.022519295688649393, "supply": [{"l": "Sorghum", "v": 0.022519295688649393}]}, {"source": 17, "prod": 285.0, "target": 85, "value": 0.093785251758662813, "supply": [{"l": "Sugar cane", "v": 0.093785251758662813}]}, {"source": 59, "prod": 4.0, "target": 85, "value": 0.0010290949475272727, "supply": [{"l": "Pineapples", "v": 0.0010290949475272727}]}, {"source": 19, "prod": 122.0, "target": 85, "value": 0.093727090951581438, "supply": [{"l": "Bananas", "v": 0.093727090951581438}]}, {"source": 21, "prod": 105.0, "target": 85, "value": 0.11419131062709223, "supply": [{"l": "Sweet potatoes", "v": 0.11419131062709223}]}, {"source": 74, "prod": 26.0, "target": 85, "value": 0.0081831646429879525, "supply": [{"l": "Oranges, Mandarines", "v": 0.0081831646429879525}]}, {"source": 77, "prod": 5.0, "target": 85, "value": 0.0019929655673943665, "supply": [{"l": "Onions", "v": 0.0019929655673943665}]}, {"source": 22, "prod": 80.0, "target": 85, "value": 0.088231523337836695, "supply": [{"l": "Cassava", "v": 0.088231523337836695}]}, {"source": 86, "prod": 10.0, "target": 72, "value": 0.0424501665855, "supply": [{"l": "Infant food", "v": 0.0424501665855}]}, {"source": 86, "prod": 2.0, "target": 21, "value": 0.0021750725833731854, "supply": [{"l": "Sweet potatoes", "v": 0.0021750725833731854}]}, {"source": 86, "prod": 3.0, "target": 67, "value": 0.013405315763842109, "supply": [{"l": "Spices, Other", "v": 0.013405315763842109}]}, {"source": 86, "prod": 1.0, "target": 5, "value": 0.001055390881959945, "supply": [{"l": "Yams", "v": 0.001055390881959945}]}, {"source": 86, "prod": 1.0, "target": 22, "value": 0.0011028940417229587, "supply": [{"l": "Cassava", "v": 0.0011028940417229587}]}, {"source": 86, "prod": 1.0, "target": 62, "value": 0.00034372604522672068, "supply": [{"l": "Lemons, Limes", "v": 0.00034372604522672068}]}, {"source": 86, "prod": 6.0, "target": 32, "value": 0.0030872848425818182, "supply": [{"l": "Apples", "v": 0.0030872848425818182}]}, {"source": 86, "prod": 1.0, "target": 68, "value": 0.001513956990112238, "supply": [{"l": "Tea", "v": 0.001513956990112238}]}, {"source": 86, "prod": 1.0, "target": 56, "value": 0.0044684385879473695, "supply": [{"l": "Pepper", "v": 0.0044684385879473695}]}, {"source": 86, "prod": 41.0, "target": 2, "value": 0.01097585388291757, "supply": [{"l": "Vegetables, Other", "v": 0.01097585388291757}]}, {"source": 86, "prod": 304.0, "target": 7, "value": 1.2589202986926213, "supply": [{"l": "Rice", "v": 1.2589202986926213}]}, {"source": 86, "prod": 1752.0, "target": 9, "value": 5.4886523862254766, "supply": [{"l": "Wheat", "v": 5.4886523862254766}]}, {"source": 86, "prod": 156.0, "target": 6, "value": 0.49053525832133332, "supply": [{"l": "Barley", "v": 0.49053525832133332}]}, {"source": 86, "prod": 2.0, "target": 35, "value": 0.00047166851761666661, "supply": [{"l": "Tomatoes", "v": 0.00047166851761666661}]}, {"source": 86, "prod": 10.0, "target": 57, "value": 0.0019929655673943665, "supply": [{"l": "Grapefruit", "v": 0.0019929655673943665}]}, {"source": 86, "prod": 30.0, "target": 36, "value": 0.017365977239522729, "supply": [{"l": "Coffee", "v": 0.017365977239522729}]}, {"source": 86, "prod": 1.0, "target": 24, "value": 0.0062426715566911775, "supply": [{"l": "Olives", "v": 0.0062426715566911775}]}, {"source": 86, "prod": 24.0, "target": 8, "value": 0.075466962818666661, "supply": [{"l": "Cereals, Other", "v": 0.075466962818666661}]}, {"source": 86, "prod": 2069.0, "target": 1, "value": 1.6884911224344821, "supply": [{"l": "Freshwater Fish", "v": 0.00074912058680294113}, {"l": "Meat, Other", "v": 0.085828205664672128}, {"l": "Crustaceans", "v": 0.0005895856470208334}, {"l": "Eggs", "v": 0.0075954572419383711}, {"l": "Marine Fish, Other", "v": 0.0067381216802380947}, {"l": "Demersal Fish", "v": 0.05117603416140834}, {"l": "Mutton & Goat Meat", "v": 0.010188039980520001}, {"l": "Pigmeat", "v": 0.040975663541396708}, {"l": "Milk - Excluding Butter", "v": 0.60333064672742842}, {"l": "Fish, Seafood", "v": 0.34397652021112562}, {"l": "Pelagic Fish", "v": 0.33196984206188757}, {"l": "Poultry Meat", "v": 0.06910602537997039}, {"l": "Offals, Edible", "v": 0.012079315695060974}, {"l": "Bovine Meat", "v": 0.12418854385501156}]}, {"source": 86, "prod": 1.0, "target": 25, "value": 0.0060643095122142861, "supply": [{"l": "Nuts", "v": 0.0060643095122142861}]}, {"source": 86, "prod": 5.0, "target": 53, "value": 0.012245240361201924, "supply": [{"l": "Cocoa Beans", "v": 0.012245240361201924}]}, {"source": 86, "prod": 36.0, "target": 74, "value": 0.01133053565952178, "supply": [{"l": "Oranges, Mandarines", "v": 0.01133053565952178}]}, {"source": 86, "prod": 94.0, "target": 13, "value": 0.070694568762466534, "supply": [{"l": "Potatoes", "v": 0.070694568762466534}]}, {"source": 86, "prod": 18.0, "target": 77, "value": 0.0071746760426197199, "supply": [{"l": "Onions", "v": 0.0071746760426197199}]}, {"source": 86, "prod": 2.0, "target": 19, "value": 0.0015365096877308431, "supply": [{"l": "Bananas", "v": 0.0015365096877308431}]}, {"source": 86, "prod": 6.0, "target": 47, "value": 0.0046141485419021735, "supply": [{"l": "Grapes", "v": 0.0046141485419021735}]}, {"source": 86, "prod": 504.0, "target": 79, "value": 3.795680493632398, "supply": [{"l": "Sugar", "v": 0.30096079643309614}, {"l": "Beer", "v": 0.0082068722285138489}, {"l": "Groundnut Oil", "v": 0.020376079961040006}, {"l": "Beverages, Alcoholic", "v": 0.031988923903533605}, {"l": "Fats, Animals, Raw", "v": 1.7666637375819527}, {"l": "Soyabean Oil", "v": 0.41527336877119575}, {"l": "Butter, Ghee", "v": 0.21084519827235099}, {"l": "Sunflowerseed Oil", "v": 0.67627506767244838}, {"l": "Olive Oil", "v": 0.0070750277642500003}, {"l": "Coconut Oil", "v": 0.073211156864847832}, {"l": "Oilcrops Oil, Other", "v": 0.11755430746753849}, {"l": "Wine", "v": 0.010246591934431035}, {"l": "Sweeteners, Other", "v": 0.036385857073285718}, {"l": "Beverages, Fermented", "v": 0.002927597695551724}, {"l": "Fish, Body Oil", "v": 0.0084033109265416947}, {"l": "Cottonseed Oil", "v": 0.10928659908181915}]}, {"source": 86, "prod": 75.0, "target": 81, "value": 0.29563508872044647, "supply": [{"l": "Soyabeans", "v": 0.29563508872044647}]}, {"source": 86, "prod": 6.0, "target": 3, "value": 0.0052394740458615299, "supply": [{"l": "Plantains", "v": 0.0052394740458615299}]}, {"source": 86, "prod": 4.0, "target": 60, "value": 0.01588778164603509, "supply": [{"l": "Beans", "v": 0.01588778164603509}]}, {"source": 86, "prod": 888.0, "target": 0, "value": 3.4943914649292238, "supply": [{"l": "Maize", "v": 3.4943914649292238}]}, {"source": 86, "prod": 49.0, "target": 4, "value": 0.021742768251109757, "supply": [{"l": "Fruits, Other", "v": 0.021742768251109757}]}, {"source": 86, "prod": 125.0, "target": 61, "value": 0.49025328257710604, "supply": [{"l": "Pulses, Other", "v": 0.49025328257710604}]}, {"source": 86, "prod": 4.0, "target": 48, "value": 0.02497068622676471, "supply": [{"l": "Groundnuts", "v": 0.02497068622676471}]}, {"source": 86, "prod": 2.0, "target": 40, "value": 0.0030739775803293105, "supply": [{"l": "Coconuts - Incl Copra", "v": 0.0030739775803293105}]}, {"source": 86, "prod": 33.0, "target": 12, "value": 0.070042774866075005, "supply": [{"l": "Oats", "v": 0.070042774866075005}]}, {"source": 86, "prod": 3.0, "target": 10, "value": 0.0035919371726192304, "supply": [{"l": "Roots, Other", "v": 0.0035919371726192304}]}, {"source": 2, "prod": 24.0, "target": 87, "value": 0.0064248900778054062, "supply": [{"l": "Vegetables, Other", "v": 0.0064248900778054062}]}, {"source": 3, "prod": 2.0, "target": 87, "value": 0.0017464913486205096, "supply": [{"l": "Plantains", "v": 0.0017464913486205096}]}, {"source": 4, "prod": 34.0, "target": 87, "value": 0.015086818786484322, "supply": [{"l": "Fruits, Other", "v": 0.015086818786484322}]}, {"source": 5, "prod": 4.0, "target": 87, "value": 0.0042215635278397799, "supply": [{"l": "Yams", "v": 0.0042215635278397799}]}, {"source": 26, "prod": 8572.0, "target": 87, "value": 32.65615122815823, "supply": [{"l": "Sugar", "v": 32.65615122815823}]}, {"source": 29, "prod": 5.0, "target": 87, "value": 0.0022796867301427357, "supply": [{"l": "Beer", "v": 0.0022796867301427357}]}, {"source": 72, "prod": 1.0, "target": 87, "value": 0.00424501665855, "supply": [{"l": "Infant food", "v": 0.00424501665855}]}, {"source": 31, "prod": 36.0, "target": 87, "value": 0.115160126052721, "supply": [{"l": "Beverages, Alcoholic", "v": 0.115160126052721}]}, {"source": 7, "prod": 4.0, "target": 87, "value": 0.016564740772271335, "supply": [{"l": "Rice", "v": 0.016564740772271335}]}, {"source": 35, "prod": 3.0, "target": 87, "value": 0.00070750277642499997, "supply": [{"l": "Tomatoes", "v": 0.00070750277642499997}]}, {"source": 38, "prod": 1.0, "target": 87, "value": 0.008372813922189349, "supply": [{"l": "Fats, Animals, Raw", "v": 0.008372813922189349}]}, {"source": 36, "prod": 66.0, "target": 87, "value": 0.038205149926950004, "supply": [{"l": "Coffee", "v": 0.038205149926950004}]}, {"source": 9, "prod": 20.0, "target": 87, "value": 0.062655849157825086, "supply": [{"l": "Wheat", "v": 0.062655849157825086}]}, {"source": 40, "prod": 18.0, "target": 87, "value": 0.027665798222963792, "supply": [{"l": "Coconuts - Incl Copra", "v": 0.027665798222963792}]}, {"source": 42, "prod": 19.0, "target": 87, "value": 0.011202127293395835, "supply": [{"l": "Crustaceans", "v": 0.011202127293395835}]}, {"source": 10, "prod": 22.0, "target": 87, "value": 0.026340872599207688, "supply": [{"l": "Roots, Other", "v": 0.026340872599207688}]}, {"source": 21, "prod": 8.0, "target": 87, "value": 0.0087002903334927415, "supply": [{"l": "Sweet potatoes", "v": 0.0087002903334927415}]}, {"source": 11, "prod": 1.0, "target": 87, "value": 0.00067381216802380958, "supply": [{"l": "Marine Fish, Other", "v": 0.00067381216802380958}]}, {"source": 55, "prod": 3.0, "target": 87, "value": 0.010915757121985717, "supply": [{"l": "Pimento", "v": 0.010915757121985717}]}, {"source": 53, "prod": 38.0, "target": 87, "value": 0.093063826745134637, "supply": [{"l": "Cocoa Beans", "v": 0.093063826745134637}]}, {"source": 13, "prod": 15.0, "target": 87, "value": 0.011281048206776573, "supply": [{"l": "Potatoes", "v": 0.011281048206776573}]}, {"source": 46, "prod": 9.0, "target": 87, "value": 0.094128630254804349, "supply": [{"l": "Coconut Oil", "v": 0.094128630254804349}]}, {"source": 58, "prod": 12.0, "target": 87, "value": 0.0072910047942891651, "supply": [{"l": "Milk - Excluding Butter", "v": 0.0072910047942891651}]}, {"source": 60, "prod": 2.0, "target": 87, "value": 0.0079438908230175451, "supply": [{"l": "Beans", "v": 0.0079438908230175451}]}, {"source": 61, "prod": 11.0, "target": 87, "value": 0.043142288866785332, "supply": [{"l": "Pulses, Other", "v": 0.043142288866785332}]}, {"source": 14, "prod": 56.0, "target": 87, "value": 0.04252248373470869, "supply": [{"l": "Fish, Seafood", "v": 0.04252248373470869}]}, {"source": 27, "prod": 2.0, "target": 87, "value": 0.019592384577923082, "supply": [{"l": "Oilcrops Oil, Other", "v": 0.019592384577923082}]}, {"source": 62, "prod": 6.0, "target": 87, "value": 0.002062356271360324, "supply": [{"l": "Lemons, Limes", "v": 0.002062356271360324}]}, {"source": 65, "prod": 2.0, "target": 87, "value": 0.0060643095122142861, "supply": [{"l": "Sweeteners, Other", "v": 0.0060643095122142861}]}, {"source": 18, "prod": 2.0, "target": 87, "value": 0.0019078726555280898, "supply": [{"l": "Pelagic Fish", "v": 0.0019078726555280898}]}, {"source": 19, "prod": 218.0, "target": 87, "value": 0.16747955596266187, "supply": [{"l": "Bananas", "v": 0.16747955596266187}]}, {"source": 67, "prod": 4.0, "target": 87, "value": 0.017873754351789478, "supply": [{"l": "Spices, Other", "v": 0.017873754351789478}]}, {"source": 75, "prod": 2.0, "target": 87, "value": 0.004870138974706336, "supply": [{"l": "Bovine Meat", "v": 0.004870138974706336}]}, {"source": 33, "prod": 6.0, "target": 87, "value": 0.019592384577923075, "supply": [{"l": "Honey", "v": 0.019592384577923075}]}, {"source": 57, "prod": 53.0, "target": 87, "value": 0.010562717507190143, "supply": [{"l": "Grapefruit", "v": 0.010562717507190143}]}, {"source": 73, "prod": 34.0, "target": 87, "value": 0.018709517865461111, "supply": [{"l": "Demersal Fish", "v": 0.018709517865461111}]}, {"source": 74, "prod": 121.0, "target": 87, "value": 0.038083189300059314, "supply": [{"l": "Oranges, Mandarines", "v": 0.038083189300059314}]}, {"source": 22, "prod": 14.0, "target": 87, "value": 0.015440516584121423, "supply": [{"l": "Cassava", "v": 0.015440516584121423}]}, {"source": 7, "prod": 35.0, "target": 88, "value": 0.14494148175737417, "supply": [{"l": "Rice", "v": 0.14494148175737417}]}, {"source": 89, "prod": 5.0, "target": 53, "value": 0.012245240361201924, "supply": [{"l": "Cocoa Beans", "v": 0.012245240361201924}]}, {"source": 40, "prod": 13.0, "target": 88, "value": 0.019980854272140518, "supply": [{"l": "Coconuts - Incl Copra", "v": 0.019980854272140518}]}, {"source": 89, "prod": 9.0, "target": 0, "value": 0.035416129712120513, "supply": [{"l": "Maize", "v": 0.035416129712120513}]}, {"source": 19, "prod": 2.0, "target": 88, "value": 0.0015365096877308431, "supply": [{"l": "Bananas", "v": 0.0015365096877308431}]}, {"source": 6, "prod": 8.0, "target": 88, "value": 0.025155654272888888, "supply": [{"l": "Barley", "v": 0.025155654272888888}]}, {"source": 10, "prod": 1.0, "target": 88, "value": 0.0011973123908730768, "supply": [{"l": "Roots, Other", "v": 0.0011973123908730768}]}, {"source": 52, "prod": 1.0, "target": 88, "value": 0.0025609789713372942, "supply": [{"l": "Pigmeat", "v": 0.0025609789713372942}]}, {"source": 89, "prod": 16.0, "target": 1, "value": 0.010287994954893747, "supply": [{"l": "Milk - Excluding Butter", "v": 0.0024303349314297217}, {"l": "Fish, Seafood", "v": 0.0045559804001473591}, {"l": "Demersal Fish", "v": 0.0033016796233166666}]}, {"source": 89, "prod": 2.0, "target": 17, "value": 0.00065814211760465129, "supply": [{"l": "Sugar cane", "v": 0.00065814211760465129}]}, {"source": 89, "prod": 11.0, "target": 9, "value": 0.034460717036803798, "supply": [{"l": "Wheat", "v": 0.034460717036803798}]}, {"source": 75, "prod": 1.0, "target": 88, "value": 0.002435069487353168, "supply": [{"l": "Bovine Meat", "v": 0.002435069487353168}]}, {"source": 4, "prod": 1.0, "target": 88, "value": 0.0004437299643083624, "supply": [{"l": "Fruits, Other", "v": 0.0004437299643083624}]}, {"source": 8, "prod": 3.0, "target": 88, "value": 0.0094333703523333326, "supply": [{"l": "Cereals, Other", "v": 0.0094333703523333326}]}, {"source": 89, "prod": 17.0, "target": 79, "value": 0.13228802338234574, "supply": [{"l": "Beer", "v": 0.00091187469205709437}, {"l": "Groundnut Oil", "v": 0.061128239883120009}, {"l": "Fats, Animals, Raw", "v": 0.066982511377514792}, {"l": "Honey", "v": 0.0032653974296538461}]}, {"source": 36, "prod": 5.0, "target": 88, "value": 0.0028943295399204549, "supply": [{"l": "Coffee", "v": 0.0028943295399204549}]}, {"source": 26, "prod": 364.0, "target": 88, "value": 1.386705441793, "supply": [{"l": "Sugar", "v": 1.386705441793}]}, {"source": 49, "prod": 1.0, "target": 88, "value": 0.001463798847775862, "supply": [{"l": "Wine", "v": 0.001463798847775862}]}, {"source": 46, "prod": 3.0, "target": 88, "value": 0.031376210084934783, "supply": [{"l": "Coconut Oil", "v": 0.031376210084934783}]}, {"source": 1, "prod": 227.0, "target": 71, "value": 0.33376739917560166, "supply": [{"l": "Poultry Meat", "v": 0.33376739917560166}]}, {"source": 1, "prod": 139.0, "target": 52, "value": 0.35597607701588385, "supply": [{"l": "Pigmeat", "v": 0.35597607701588385}]}, {"source": 1, "prod": 425.0, "target": 18, "value": 0.40542293929971912, "supply": [{"l": "Pelagic Fish", "v": 0.40542293929971912}]}, {"source": 1, "prod": 26.0, "target": 42, "value": 0.015329226822541668, "supply": [{"l": "Crustaceans", "v": 0.015329226822541668}]}, {"source": 1, "prod": 133.0, "target": 43, "value": 0.20203916263556065, "supply": [{"l": "Eggs", "v": 0.22026826001621275}]}, {"source": 1, "prod": 3.0, "target": 69, "value": 0.0022779902000736795, "supply": [{"l": "Molluscs, Other", "v": 0.0022779902000736795}]}, {"source": 1, "prod": 1.0, "target": 70, "value": 0.00071657111735751807, "supply": [{"l": "Aquatic Animals, Others", "v": 0.00071657111735751807}]}, {"source": 1, "prod": 4.0, "target": 63, "value": 0.005145474737636364, "supply": [{"l": "Cephalopods", "v": 0.005145474737636364}]}, {"source": 1, "prod": 2319.0, "target": 58, "value": 1.408986676496381, "supply": [{"l": "Milk - Excluding Butter", "v": 1.408986676496381}]}, {"source": 1, "prod": 62.0, "target": 20, "value": 0.074891757309378054, "supply": [{"l": "Offals, Edible", "v": 0.074891757309378054}]}, {"source": 1, "prod": 69.0, "target": 11, "value": 0.046493039593642857, "supply": [{"l": "Marine Fish, Other", "v": 0.046493039593642857}]}, {"source": 1, "prod": 1.0, "target": 78, "value": 0.00071657111735751807, "supply": [{"l": "Aquatic Products, Other", "v": 0.00071657111735751807}]}, {"source": 1, "prod": 697.0, "target": 14, "value": 0.52925305648378496, "supply": [{"l": "Fish, Seafood", "v": 0.52925305648378496}]}, {"source": 1, "prod": 296.0, "target": 75, "value": 0.7207805682565378, "supply": [{"l": "Bovine Meat", "v": 0.7207805682565378}]}, {"source": 1, "prod": 169.0, "target": 73, "value": 0.092997309390086116, "supply": [{"l": "Demersal Fish", "v": 0.092997309390086116}]}, {"source": 1, "prod": 47.0, "target": 15, "value": 0.10902501800647542, "supply": [{"l": "Meat, Other", "v": 0.10902501800647542}]}, {"source": 1, "prod": 5.0, "target": 54, "value": 0.0037456029340147056, "supply": [{"l": "Freshwater Fish", "v": 0.0037456029340147056}]}, {"source": 1, "prod": 13.0, "target": 64, "value": 0.033111129936690006, "supply": [{"l": "Mutton & Goat Meat", "v": 0.033111129936690006}]}, {"source": 79, "prod": 1.0, "target": 51, "value": 0.0070750277642500003, "supply": [{"l": "Olive Oil", "v": 0.0070750277642500003}]}, {"source": 79, "prod": 233.0, "target": 38, "value": 1.9508656438701184, "supply": [{"l": "Fats, Animals, Raw", "v": 1.9508656438701184}]}, {"source": 79, "prod": 14.0, "target": 65, "value": 0.042450166585500007, "supply": [{"l": "Sweeteners, Other", "v": 0.042450166585500007}]}, {"source": 79, "prod": 2.0, "target": 66, "value": 0.002927597695551724, "supply": [{"l": "Beverages, Fermented", "v": 0.002927597695551724}]}, {"source": 79, "prod": 53.0, "target": 39, "value": 0.55023721362183431, "supply": [{"l": "Soyabean Oil", "v": 0.55023721362183431}]}, {"source": 79, "prod": 33.0, "target": 46, "value": 0.3451383109342826, "supply": [{"l": "Coconut Oil", "v": 0.3451383109342826}]}, {"source": 79, "prod": 1.0, "target": 84, "value": 0.0084033109265416947, "supply": [{"l": "Fish, Body Oil", "v": 0.0084033109265416947}]}, {"source": 79, "prod": 10102.0, "target": 26, "value": 38.48488564009034, "supply": [{"l": "Sugar", "v": 38.48488564009034}]}, {"source": 79, "prod": 9.0, "target": 33, "value": 0.029388576866884612, "supply": [{"l": "Honey", "v": 0.029388576866884612}]}, {"source": 79, "prod": 450.0, "target": 29, "value": 0.20517180571284624, "supply": [{"l": "Beer", "v": 0.20517180571284624}]}, {"source": 79, "prod": 19.0, "target": 30, "value": 0.19357275962988002, "supply": [{"l": "Groundnut Oil", "v": 0.19357275962988002}]}, {"source": 79, "prod": 160.0, "target": 31, "value": 0.51182278245653767, "supply": [{"l": "Beverages, Alcoholic", "v": 0.51182278245653767}]}, {"source": 79, "prod": 66.0, "target": 50, "value": 0.67627506767244827, "supply": [{"l": "Sunflowerseed Oil", "v": 0.67627506767244827}]}, {"source": 79, "prod": 12.0, "target": 76, "value": 0.11922174445289363, "supply": [{"l": "Cottonseed Oil", "v": 0.11922174445289363}]}, {"source": 79, "prod": 15.0, "target": 27, "value": 0.1469428843344231, "supply": [{"l": "Oilcrops Oil, Other", "v": 0.1469428843344231}]}, {"source": 79, "prod": 78.0, "target": 37, "value": 0.29715116609850001, "supply": [{"l": "Sugar non-centrifugal", "v": 0.29715116609850001}]}, {"source": 79, "prod": 38.0, "target": 34, "value": 0.3204847013739735, "supply": [{"l": "Butter, Ghee", "v": 0.3204847013739735}]}, {"source": 79, "prod": 9.0, "target": 49, "value": 0.01317418962998276, "supply": [{"l": "Wine", "v": 0.01317418962998276}]}, {"source": 90, "prod": 0, "target": 0, "value": 8.0510258083543004e-06, "supply": "[{\"l\":'Energy for power irrigation',\"v\":8.0510258083543004e-06}]"}, {"source": 90, "prod": 0, "target": 2, "value": 6.5184832750598479e-06, "supply": "[{\"l\":'Energy for power irrigation',\"v\":6.5184832750598479e-06}]"}, {"source": 90, "prod": 0, "target": 3, "value": 1.0582827493425203e-05, "supply": "[{\"l\":'Energy for power irrigation',\"v\":1.0582827493425203e-05}]"}, {"source": 90, "prod": 0, "target": 25, "value": 1.5532525675281607e-08, "supply": "[{\"l\":'Energy for power irrigation',\"v\":1.5532525675281607e-08}]"}, {"source": 90, "prod": 0, "target": 5, "value": 3.2980729517181277e-06, "supply": "[{\"l\":'Energy for power irrigation',\"v\":3.2980729517181277e-06}]"}, {"source": 90, "prod": 0, "target": 28, "value": 5.1775085584272027e-08, "supply": "[{\"l\":'Energy for power irrigation',\"v\":5.1775085584272027e-08}]"}, {"source": 90, "prod": 0, "target": 57, "value": 1.1804719513214022e-06, "supply": "[{\"l\":'Energy for power irrigation',\"v\":1.1804719513214022e-06}]"}, {"source": 90, "prod": 0, "target": 7, "value": 8.4186289160026313e-06, "supply": "[{\"l\":'Energy for power irrigation',\"v\":8.4186289160026313e-06}]"}, {"source": 90, "prod": 0, "target": 35, "value": 3.1634577291990207e-06, "supply": "[{\"l\":'Energy for power irrigation',\"v\":3.1634577291990207e-06}]"}, {"source": 90, "prod": 0, "target": 36, "value": 1.1235193571787029e-06, "supply": "[{\"l\":'Energy for power irrigation',\"v\":1.1235193571787029e-06}]"}, {"source": 90, "prod": 0, "target": 40, "value": 4.4319473260136853e-06, "supply": "[{\"l\":'Energy for power irrigation',\"v\":4.4319473260136853e-06}]"}, {"source": 90, "prod": 0, "target": 41, "value": 1.0355017116854405e-08, "supply": "[{\"l\":'Energy for power irrigation',\"v\":1.0355017116854405e-08}]"}, {"source": 90, "prod": 0, "target": 10, "value": 3.8158238075608481e-06, "supply": "[{\"l\":'Energy for power irrigation',\"v\":3.8158238075608481e-06}]"}, {"source": 90, "prod": 0, "target": 44, "value": 5.6952594142699227e-08, "supply": "[{\"l\":'Energy for power irrigation',\"v\":5.6952594142699227e-08}]"}, {"source": 90, "prod": 0, "target": 45, "value": 5.1775085584272027e-08, "supply": "[{\"l\":'Energy for power irrigation',\"v\":5.1775085584272027e-08}]"}, {"source": 90, "prod": 0, "target": 55, "value": 4.142006846741762e-08, "supply": "[{\"l\":'Energy for power irrigation',\"v\":4.142006846741762e-08}]"}, {"source": 90, "prod": 0, "target": 82, "value": 1.5532525675281607e-08, "supply": "[{\"l\":'Energy for power irrigation',\"v\":1.5532525675281607e-08}]"}, {"source": 90, "prod": 0, "target": 53, "value": 5.2810587295957471e-07, "supply": "[{\"l\":'Energy for power irrigation',\"v\":5.2810587295957471e-07}]"}, {"source": 90, "prod": 0, "target": 80, "value": 5.6952594142699227e-08, "supply": "[{\"l\":'Energy for power irrigation',\"v\":5.6952594142699227e-08}]"}, {"source": 90, "prod": 0, "target": 13, "value": 2.8786947584855247e-06, "supply": "[{\"l\":'Energy for power irrigation',\"v\":2.8786947584855247e-06}]"}, {"source": 90, "prod": 0, "target": 48, "value": 8.5946642069891551e-07, "supply": "[{\"l\":'Energy for power irrigation',\"v\":8.5946642069891551e-07}]"}, {"source": 90, "prod": 0, "target": 60, "value": 9.9925915177644996e-07, "supply": "[{\"l\":'Energy for power irrigation',\"v\":9.9925915177644996e-07}]"}, {"source": 90, "prod": 0, "target": 32, "value": 3.6242559908990414e-08, "supply": "[{\"l\":'Energy for power irrigation',\"v\":3.6242559908990414e-08}]"}, {"source": 90, "prod": 0, "target": 62, "value": 8.6464392925734285e-07, "supply": "[{\"l\":'Energy for power irrigation',\"v\":8.6464392925734285e-07}]"}, {"source": 90, "prod": 0, "target": 16, "value": 1.1701169342045479e-06, "supply": "[{\"l\":'Energy for power irrigation',\"v\":1.1701169342045479e-06}]"}, {"source": 90, "prod": 0, "target": 17, "value": 0.00093293526714299758, "supply": "[{\"l\":'Energy for power irrigation',\"v\":0.00093293526714299758}]"}, {"source": 90, "prod": 0, "target": 59, "value": 4.6597577025844823e-07, "supply": "[{\"l\":'Energy for power irrigation',\"v\":4.6597577025844823e-07}]"}, {"source": 90, "prod": 0, "target": 19, "value": 1.040161469388025e-05, "supply": "[{\"l\":'Energy for power irrigation',\"v\":1.040161469388025e-05}]"}, {"source": 90, "prod": 0, "target": 67, "value": 7.7662628376408034e-08, "supply": "[{\"l\":'Energy for power irrigation',\"v\":7.7662628376408034e-08}]"}, {"source": 90, "prod": 0, "target": 4, "value": 1.0877945481255553e-05, "supply": "[{\"l\":'Energy for power irrigation',\"v\":1.0877945481255553e-05}]"}, {"source": 90, "prod": 0, "target": 21, "value": 7.5539849867452886e-06, "supply": "[{\"l\":'Energy for power irrigation',\"v\":7.5539849867452886e-06}]"}, {"source": 90, "prod": 0, "target": 74, "value": 4.1368293381833346e-06, "supply": "[{\"l\":'Energy for power irrigation',\"v\":4.1368293381833346e-06}]"}, {"source": 90, "prod": 0, "target": 22, "value": 6.9533939939677334e-06, "supply": "[{\"l\":'Energy for power irrigation',\"v\":6.9533939939677334e-06}]"}, {"source": 90, "prod": 0, "target": 77, "value": 5.1257334728429301e-07, "supply": "[{\"l\":'Energy for power irrigation',\"v\":5.1257334728429301e-07}]"}, {"source": 90, "prod": 0, "target": 61, "value": 1.4911224648270343e-06, "supply": "[{\"l\":'Energy for power irrigation',\"v\":1.4911224648270343e-06}]"}, {"source": 90, "prod": 0, "target": 79, "value": 0.71300000057040003, "supply": "[{\"l\":'Electricity',\"v\":0.71300000057040003}]"}, {"source": 91, "prod": 0, "target": 90, "value": 1.2495291220343754, "supply": [{"l": "Coal", "v": 0.66544477160469173}, {"l": "Natural gas", "v": 0.16162933252716502}, {"l": "Oil", "v": 0.4224550179025186}]}, {"source": 92, "prod": 0, "target": 90, "value": 0.22287106624845526, "supply": [{"l": "Nuclear", "v": 0.0642436342570359}, {"l": "Hydroelectric", "v": 0.15629834483299457}, {"l": "Renewable", "v": 0.0023290871584248085}]}, {"source": 91, "prod": 0, "target": 0, "value": 0.011243753211097074, "supply": [{"l": "Motor Gasoline", "v": 0.0014229901964877519}, {"l": "Gas-Diesel oil", "v": 0.0037753675190487683}, {"l": "Natural gas (including LNG)", "v": 1.713155992761778e-05}, {"l": "Fuel oil", "v": 0.0037201182382822014}, {"l": "Liquefied petroleum gas (LPG)", "v": 0.0001012903480720401}, {"l": "Other fossil fuels", "v": 0.0022068553492786947}]}, {"source": 91, "prod": 0, "target": 2, "value": 0.0091034632107853484, "supply": [{"l": "Motor Gasoline", "v": 0.0011521187507254531}, {"l": "Gas-Diesel oil", "v": 0.0030567123514356268}, {"l": "Natural gas (including LNG)", "v": 1.3870504147183785e-05}, {"l": "Fuel oil", "v": 0.003011979975560959}, {"l": "Liquefied petroleum gas (LPG)", "v": 8.200935577022412e-05}, {"l": "Other fossil fuels", "v": 0.0017867722731459014}]}, {"source": 91, "prod": 0, "target": 3, "value": 0.01477957013728773, "supply": [{"l": "Motor Gasoline", "v": 0.001870477145736955}, {"l": "Gas-Diesel oil", "v": 0.0049626052790583174}, {"l": "Natural gas (including LNG)", "v": 2.2518912213537458e-05}, {"l": "Fuel oil", "v": 0.0048899817871696592}, {"l": "Liquefied petroleum gas (LPG)", "v": 0.0001331430684625402}, {"l": "Other fossil fuels", "v": 0.0029008439446467217}]}, {"source": 91, "prod": 0, "target": 25, "value": 2.1692128381537763e-05, "supply": [{"l": "Motor Gasoline", "v": 2.7453187070503252e-06}, {"l": "Gas-Diesel oil", "v": 7.283667239322383e-06}, {"l": "Natural gas (including LNG)", "v": 3.3051241017912116e-08}, {"l": "Fuel oil", "v": 7.1770769870396173e-06}, {"l": "Liquefied petroleum gas (LPG)", "v": 1.9541546251840538e-07}, {"l": "Other fossil fuels", "v": 4.2575987445891218e-06}]}, {"source": 91, "prod": 0, "target": 5, "value": 0.0046059619263465182, "supply": [{"l": "Motor Gasoline", "v": 0.00058292267213035239}, {"l": "Gas-Diesel oil", "v": 0.0015465653438161192}, {"l": "Natural gas (including LNG)", "v": 7.0178801761366724e-06}, {"l": "Fuel oil", "v": 0.0015239326802480785}, {"l": "Liquefied petroleum gas (LPG)", "v": 4.1493216541408073e-05}, {"l": "Other fossil fuels", "v": 0.00090403013343442334}]}, {"source": 91, "prod": 0, "target": 28, "value": 7.2307094605125882e-05, "supply": [{"l": "Motor Gasoline", "v": 9.151062356834417e-06}, {"l": "Gas-Diesel oil", "v": 2.4278890797741276e-05}, {"l": "Natural gas (including LNG)", "v": 1.101708033930404e-07}, {"l": "Fuel oil", "v": 2.3923589956798723e-05}, {"l": "Liquefied petroleum gas (LPG)", "v": 6.5138487506135123e-07}, {"l": "Other fossil fuels", "v": 1.4191995815297073e-05}]}, {"source": 91, "prod": 0, "target": 57, "value": 0.0016486017569968699, "supply": [{"l": "Motor Gasoline", "v": 0.00020864422173582471}, {"l": "Gas-Diesel oil", "v": 0.00055355871018850111}, {"l": "Natural gas (including LNG)", "v": 2.5118943173613206e-06}, {"l": "Fuel oil", "v": 0.0005454578510150108}, {"l": "Liquefied petroleum gas (LPG)", "v": 1.4851575151398806e-05}, {"l": "Other fossil fuels", "v": 0.00032357750458877319}]}, {"source": 91, "prod": 0, "target": 7, "value": 0.011757133582793467, "supply": [{"l": "Motor Gasoline", "v": 0.0014879627392212762}, {"l": "Gas-Diesel oil", "v": 0.0039477476437127313}, {"l": "Natural gas (including LNG)", "v": 1.7913772631708368e-05}, {"l": "Fuel oil", "v": 0.0038899757269754724}, {"l": "Liquefied petroleum gas (LPG)", "v": 0.00010591518068497571}, {"l": "Other fossil fuels", "v": 0.0023076185195673037}]}, {"source": 91, "prod": 0, "target": 35, "value": 0.0044179634803731913, "supply": [{"l": "Motor Gasoline", "v": 0.00055912991000258284}, {"l": "Gas-Diesel oil", "v": 0.0014834402277419919}, {"l": "Natural gas (including LNG)", "v": 6.7314360873147674e-06}, {"l": "Fuel oil", "v": 0.0014617313463604019}, {"l": "Liquefied petroleum gas (LPG)", "v": 3.9799615866248559e-05}, {"l": "Other fossil fuels", "v": 0.00086713094431465102}]}, {"source": 91, "prod": 0, "target": 36, "value": 0.0015690639529312316, "supply": [{"l": "Motor Gasoline", "v": 0.00019857805314330688}, {"l": "Gas-Diesel oil", "v": 0.00052685193031098575}, {"l": "Natural gas (including LNG)", "v": 2.3907064336289768e-06}, {"l": "Fuel oil", "v": 0.00051914190206253229}, {"l": "Liquefied petroleum gas (LPG)", "v": 1.4135051788831322e-05}, {"l": "Other fossil fuels", "v": 0.00030796630919194647}]}, {"source": 91, "prod": 0, "target": 40, "value": 0.0061894872981987752, "supply": [{"l": "Motor Gasoline", "v": 0.0007833309377450261}, {"l": "Gas-Diesel oil", "v": 0.0020782730522866531}, {"l": "Natural gas (including LNG)", "v": 9.4306207704442575e-06}, {"l": "Fuel oil", "v": 0.0020478593003019708}, {"l": "Liquefied petroleum gas (LPG)", "v": 5.5758545305251661e-05}, {"l": "Other fossil fuels", "v": 0.0012148348417894293}]}, {"source": 91, "prod": 0, "target": 41, "value": 1.4461418921025176e-05, "supply": [{"l": "Motor Gasoline", "v": 1.8302124713668835e-06}, {"l": "Gas-Diesel oil", "v": 4.855778159548255e-06}, {"l": "Natural gas (including LNG)", "v": 2.2034160678608078e-08}, {"l": "Fuel oil", "v": 4.7847179913597449e-06}, {"l": "Liquefied petroleum gas (LPG)", "v": 1.3027697501227024e-07}, {"l": "Other fossil fuels", "v": 2.8383991630594145e-06}]}, {"source": 91, "prod": 0, "target": 10, "value": 0.0053290328723977773, "supply": [{"l": "Motor Gasoline", "v": 0.00067443329569869654}, {"l": "Gas-Diesel oil", "v": 0.0017893542517935319}, {"l": "Natural gas (including LNG)", "v": 8.1195882100670761e-06}, {"l": "Fuel oil", "v": 0.0017631685798160659}, {"l": "Liquefied petroleum gas (LPG)", "v": 4.8007065292021582e-05}, {"l": "Other fossil fuels", "v": 0.0010459500915873941}]}, {"source": 91, "prod": 0, "target": 44, "value": 7.953780406563846e-05, "supply": [{"l": "Motor Gasoline", "v": 1.0066168592517859e-05}, {"l": "Gas-Diesel oil", "v": 2.6706779877515402e-05}, {"l": "Natural gas (including LNG)", "v": 1.2118788373234443e-07}, {"l": "Fuel oil", "v": 2.6315948952478593e-05}, {"l": "Liquefied petroleum gas (LPG)", "v": 7.1652336256748633e-07}, {"l": "Other fossil fuels", "v": 1.5611195396826777e-05}]}, {"source": 91, "prod": 0, "target": 45, "value": 7.2307094605125882e-05, "supply": [{"l": "Motor Gasoline", "v": 9.151062356834417e-06}, {"l": "Gas-Diesel oil", "v": 2.4278890797741276e-05}, {"l": "Natural gas (including LNG)", "v": 1.101708033930404e-07}, {"l": "Fuel oil", "v": 2.3923589956798723e-05}, {"l": "Liquefied petroleum gas (LPG)", "v": 6.5138487506135123e-07}, {"l": "Other fossil fuels", "v": 1.4191995815297073e-05}]}, {"source": 91, "prod": 0, "target": 55, "value": 5.7845675684100704e-05, "supply": [{"l": "Motor Gasoline", "v": 7.3208498854675341e-06}, {"l": "Gas-Diesel oil", "v": 1.942311263819302e-05}, {"l": "Natural gas (including LNG)", "v": 8.813664271443231e-08}, {"l": "Fuel oil", "v": 1.913887196543898e-05}, {"l": "Liquefied petroleum gas (LPG)", "v": 5.2110790004908094e-07}, {"l": "Other fossil fuels", "v": 1.1353596652237658e-05}]}, {"source": 91, "prod": 0, "target": 82, "value": 2.1692128381537763e-05, "supply": [{"l": "Motor Gasoline", "v": 2.7453187070503252e-06}, {"l": "Gas-Diesel oil", "v": 7.283667239322383e-06}, {"l": "Natural gas (including LNG)", "v": 3.3051241017912116e-08}, {"l": "Fuel oil", "v": 7.1770769870396173e-06}, {"l": "Liquefied petroleum gas (LPG)", "v": 1.9541546251840538e-07}, {"l": "Other fossil fuels", "v": 4.2575987445891218e-06}]}, {"source": 91, "prod": 0, "target": 53, "value": 0.000737532364972284, "supply": [{"l": "Motor Gasoline", "v": 9.3340836039711064e-05}, {"l": "Gas-Diesel oil", "v": 0.00024764468613696104}, {"l": "Natural gas (including LNG)", "v": 1.1237421946090121e-06}, {"l": "Fuel oil", "v": 0.00024402061755934699}, {"l": "Liquefied petroleum gas (LPG)", "v": 6.6441257256257825e-06}, {"l": "Other fossil fuels", "v": 0.00014475835731603013}]}, {"source": 91, "prod": 0, "target": 80, "value": 7.953780406563846e-05, "supply": [{"l": "Motor Gasoline", "v": 1.0066168592517859e-05}, {"l": "Gas-Diesel oil", "v": 2.6706779877515402e-05}, {"l": "Natural gas (including LNG)", "v": 1.2118788373234443e-07}, {"l": "Fuel oil", "v": 2.6315948952478593e-05}, {"l": "Liquefied petroleum gas (LPG)", "v": 7.1652336256748633e-07}, {"l": "Other fossil fuels", "v": 1.5611195396826777e-05}]}, {"source": 91, "prod": 0, "target": 13, "value": 0.0040202744600449985, "supply": [{"l": "Motor Gasoline", "v": 0.00050879906703999356}, {"l": "Gas-Diesel oil", "v": 0.0013499063283544149}, {"l": "Natural gas (including LNG)", "v": 6.1254966686530457e-06}, {"l": "Fuel oil", "v": 0.0013301516015980089}, {"l": "Liquefied petroleum gas (LPG)", "v": 3.6216999053411126e-05}, {"l": "Other fossil fuels", "v": 0.00078907496733051719}]}, {"source": 91, "prod": 0, "target": 48, "value": 0.0012002977704450896, "supply": [{"l": "Motor Gasoline", "v": 0.00015190763512345132}, {"l": "Gas-Diesel oil", "v": 0.00040302958724250517}, {"l": "Natural gas (including LNG)", "v": 1.8288353363244704e-06}, {"l": "Fuel oil", "v": 0.00039713159328285877}, {"l": "Liquefied petroleum gas (LPG)", "v": 1.0812988926018429e-05}, {"l": "Other fossil fuels", "v": 0.00023558713053393137}]}, {"source": 91, "prod": 0, "target": 60, "value": 0.0013955269258789295, "supply": [{"l": "Motor Gasoline", "v": 0.00017661550348690424}, {"l": "Gas-Diesel oil", "v": 0.00046858259239640661}, {"l": "Natural gas (including LNG)", "v": 2.1262965054856796e-06}, {"l": "Fuel oil", "v": 0.00046172528616621536}, {"l": "Liquefied petroleum gas (LPG)", "v": 1.2571728088684079e-05}, {"l": "Other fossil fuels", "v": 0.00027390551923523349}]}, {"source": 91, "prod": 0, "target": 32, "value": 5.0614966223588112e-05, "supply": [{"l": "Motor Gasoline", "v": 6.4057436497840914e-06}, {"l": "Gas-Diesel oil", "v": 1.699522355841889e-05}, {"l": "Natural gas (including LNG)", "v": 7.7119562375128265e-08}, {"l": "Fuel oil", "v": 1.6746512969759106e-05}, {"l": "Liquefied petroleum gas (LPG)", "v": 4.559694125429458e-07}, {"l": "Other fossil fuels", "v": 9.93439707070795e-06}]}, {"source": 91, "prod": 0, "target": 62, "value": 0.0012075284799056023, "supply": [{"l": "Motor Gasoline", "v": 0.00015282274135913478}, {"l": "Gas-Diesel oil", "v": 0.00040545747632227933}, {"l": "Natural gas (including LNG)", "v": 1.8398524166637745e-06}, {"l": "Fuel oil", "v": 0.00039952395227853867}, {"l": "Liquefied petroleum gas (LPG)", "v": 1.0878127413524565e-05}, {"l": "Other fossil fuels", "v": 0.00023700633011546109}]}, {"source": 91, "prod": 0, "target": 16, "value": 0.001634140338075845, "supply": [{"l": "Motor Gasoline", "v": 0.00020681400926445784}, {"l": "Gas-Diesel oil", "v": 0.00054870293202895291}, {"l": "Natural gas (including LNG)", "v": 2.4898601566827128e-06}, {"l": "Fuel oil", "v": 0.0005406731330236511}, {"l": "Liquefied petroleum gas (LPG)", "v": 1.4721298176386538e-05}, {"l": "Other fossil fuels", "v": 0.00032073910542571385}]}, {"source": 91, "prod": 0, "target": 17, "value": 1.3029015376897632, "supply": [{"l": "Motor Gasoline", "v": 0.16489299260779935}, {"l": "Gas-Diesel oil", "v": 0.43748133328450001}, {"l": "Natural gas (including LNG)", "v": 0.0019851677063391945}, {"l": "Fuel oil", "v": 0.43107916743155617}, {"l": "Liquefied petroleum gas (LPG)", "v": 0.011737304063730487}, {"l": "Other fossil fuels", "v": 0.25572557259583789}]}, {"source": 91, "prod": 0, "target": 59, "value": 0.00065076385144613295, "supply": [{"l": "Motor Gasoline", "v": 8.2359561211509748e-05}, {"l": "Gas-Diesel oil", "v": 0.00021851001717967147}, {"l": "Natural gas (including LNG)", "v": 9.9153723053736353e-07}, {"l": "Fuel oil", "v": 0.00021531230961118849}, {"l": "Liquefied petroleum gas (LPG)", "v": 5.862463875552161e-06}, {"l": "Other fossil fuels", "v": 0.00012772796233767364}]}, {"source": 91, "prod": 0, "target": 19, "value": 0.014526495306169788, "supply": [{"l": "Motor Gasoline", "v": 0.0018384484274880342}, {"l": "Gas-Diesel oil", "v": 0.0048776291612662222}, {"l": "Natural gas (including LNG)", "v": 2.2133314401661813e-05}, {"l": "Fuel oil", "v": 0.0048062492223208634}, {"l": "Liquefied petroleum gas (LPG)", "v": 0.00013086322139982544}, {"l": "Other fossil fuels", "v": 0.0028511719592931813}]}, {"source": 91, "prod": 0, "target": 67, "value": 0.00010846064190768882, "supply": [{"l": "Motor Gasoline", "v": 1.3726593535251626e-05}, {"l": "Gas-Diesel oil", "v": 3.6418336196611914e-05}, {"l": "Natural gas (including LNG)", "v": 1.6525620508956059e-07}, {"l": "Fuel oil", "v": 3.5885384935198082e-05}, {"l": "Liquefied petroleum gas (LPG)", "v": 9.770773125920269e-07}, {"l": "Other fossil fuels", "v": 2.1287993722945606e-05}]}, {"source": 91, "prod": 0, "target": 4, "value": 0.015191720576536947, "supply": [{"l": "Motor Gasoline", "v": 0.001922638201170911}, {"l": "Gas-Diesel oil", "v": 0.0051009949566054417}, {"l": "Natural gas (including LNG)", "v": 2.3146885792877787e-05}, {"l": "Fuel oil", "v": 0.0050263462499234119}, {"l": "Liquefied petroleum gas (LPG)", "v": 0.0001368559622503899}, {"l": "Other fossil fuels", "v": 0.0029817383207939147}]}, {"source": 91, "prod": 0, "target": 21, "value": 0.010549605102887867, "supply": [{"l": "Motor Gasoline", "v": 0.0013351399978621416}, {"l": "Gas-Diesel oil", "v": 0.0035422901673904522}, {"l": "Natural gas (including LNG)", "v": 1.6073920215044593e-05}, {"l": "Fuel oil", "v": 0.0034904517746969337}, {"l": "Liquefied petroleum gas (LPG)", "v": 9.5037053271451152e-05}, {"l": "Other fossil fuels", "v": 0.002070612189451843}]}, {"source": 91, "prod": 0, "target": 74, "value": 0.0057773368589495574, "supply": [{"l": "Motor Gasoline", "v": 0.00073116988231106995}, {"l": "Gas-Diesel oil", "v": 0.0019398833747395279}, {"l": "Natural gas (including LNG)", "v": 8.8026471911039275e-06}, {"l": "Fuel oil", "v": 0.001911494837548218}, {"l": "Liquefied petroleum gas (LPG)", "v": 5.2045651517401959e-05}, {"l": "Other fossil fuels", "v": 0.0011339404656422359}]}, {"source": 91, "prod": 0, "target": 22, "value": 0.0097108428054684063, "supply": [{"l": "Motor Gasoline", "v": 0.0012289876745228622}, {"l": "Gas-Diesel oil", "v": 0.0032606550341366535}, {"l": "Natural gas (including LNG)", "v": 1.4795938895685324e-05}, {"l": "Fuel oil", "v": 0.0032129381311980683}, {"l": "Liquefied petroleum gas (LPG)", "v": 8.7480988720739473e-05}, {"l": "Other fossil fuels", "v": 0.0019059850379943967}]}, {"source": 91, "prod": 0, "target": 77, "value": 0.00071584023659074616, "supply": [{"l": "Motor Gasoline", "v": 9.0595517332660728e-05}, {"l": "Gas-Diesel oil", "v": 0.00024036101889763861}, {"l": "Natural gas (including LNG)", "v": 1.0906909535910997e-06}, {"l": "Fuel oil", "v": 0.00023684354057230733}, {"l": "Liquefied petroleum gas (LPG)", "v": 6.4487102631073769e-06}, {"l": "Other fossil fuels", "v": 0.00014050075857144099}]}, {"source": 91, "prod": 0, "target": 61, "value": 0.0020824443246276253, "supply": [{"l": "Motor Gasoline", "v": 0.0002635505958768312}, {"l": "Gas-Diesel oil", "v": 0.00069923205497494868}, {"l": "Natural gas (including LNG)", "v": 3.172919137719563e-06}, {"l": "Fuel oil", "v": 0.00068899939075580318}, {"l": "Liquefied petroleum gas (LPG)", "v": 1.8759884401766913e-05}, {"l": "Other fossil fuels", "v": 0.00040872947948055567}]}, {"source": 91, "prod": 0, "target": 1, "value": 0.44800087995725169, "supply": [{"l": "Fossil fuels in fisheries", "v": 0.44800087995725169}]}, {"source": 93, "prod": 0.24139863416772228, "target": 0, "value": 0.0030190293846503089, "supply": [{"l": "Potash", "v": 0.020317010981731855}, {"l": "Phosphate", "v": 0.017210276609065399}, {"l": "Nitrogen", "v": 0.35408644880126694}]}, {"source": 93, "prod": 0.1954475115222909, "target": 2, "value": 0.0024443459776686423, "supply": [{"l": "Potash", "v": 0.020317010981731855}, {"l": "Phosphate", "v": 0.017210276609065399}, {"l": "Nitrogen", "v": 0.35408644880126694}]}, {"source": 93, "prod": 0.31731113070020861, "target": 3, "value": 0.0039684219049679944, "supply": [{"l": "Potash", "v": 0.020317010981731855}, {"l": "Phosphate", "v": 0.017210276609065399}, {"l": "Nitrogen", "v": 0.35408644880126694}]}, {"source": 93, "prod": 0.00046572083762261535, "target": 25, "value": 5.8244939896790528e-06, "supply": [{"l": "Potash", "v": 0.020317010981731855}, {"l": "Phosphate", "v": 0.017210276609065399}, {"l": "Nitrogen", "v": 0.35408644880126694}]}, {"source": 93, "prod": 0.09888805785520198, "target": 5, "value": 0.0012367342238085188, "supply": [{"l": "Potash", "v": 0.020317010981731855}, {"l": "Phosphate", "v": 0.017210276609065399}, {"l": "Nitrogen", "v": 0.35408644880126694}]}, {"source": 93, "prod": 0.0015524027920753845, "target": 28, "value": 1.9414979965596844e-05, "supply": [{"l": "Potash", "v": 0.020317010981731855}, {"l": "Phosphate", "v": 0.017210276609065399}, {"l": "Nitrogen", "v": 0.35408644880126694}]}, {"source": 93, "prod": 0.035394783659318765, "target": 57, "value": 0.00044266154321560798, "supply": [{"l": "Potash", "v": 0.020317010981731855}, {"l": "Phosphate", "v": 0.017210276609065399}, {"l": "Nitrogen", "v": 0.35408644880126694}]}, {"source": 93, "prod": 0.2524206939914575, "target": 7, "value": 0.0031568757424060463, "supply": [{"l": "Potash", "v": 0.020317010981731855}, {"l": "Phosphate", "v": 0.017210276609065399}, {"l": "Nitrogen", "v": 0.35408644880126694}]}, {"source": 93, "prod": 0.094851810595805983, "target": 35, "value": 0.001186255275897967, "supply": [{"l": "Potash", "v": 0.020317010981731855}, {"l": "Phosphate", "v": 0.017210276609065399}, {"l": "Nitrogen", "v": 0.35408644880126694}]}, {"source": 93, "prod": 0.033687140588035847, "target": 36, "value": 0.00042130506525345148, "supply": [{"l": "Potash", "v": 0.020317010981731855}, {"l": "Phosphate", "v": 0.017210276609065399}, {"l": "Nitrogen", "v": 0.35408644880126694}]}, {"source": 93, "prod": 0.13288567900165291, "target": 40, "value": 0.0016619222850550897, "supply": [{"l": "Potash", "v": 0.020317010981731855}, {"l": "Phosphate", "v": 0.017210276609065399}, {"l": "Nitrogen", "v": 0.35408644880126694}]}, {"source": 93, "prod": 0.0003104805584150769, "target": 41, "value": 3.8829959931193682e-06, "supply": [{"l": "Potash", "v": 0.020317010981731855}, {"l": "Phosphate", "v": 0.017210276609065399}, {"l": "Nitrogen", "v": 0.35408644880126694}]}, {"source": 93, "prod": 0.11441208577595584, "target": 10, "value": 0.0014308840234644872, "supply": [{"l": "Potash", "v": 0.020317010981731855}, {"l": "Phosphate", "v": 0.017210276609065399}, {"l": "Nitrogen", "v": 0.35408644880126694}]}, {"source": 93, "prod": 0.0017076430712829229, "target": 44, "value": 2.1356477962156524e-05, "supply": [{"l": "Potash", "v": 0.020317010981731855}, {"l": "Phosphate", "v": 0.017210276609065399}, {"l": "Nitrogen", "v": 0.35408644880126694}]}, {"source": 93, "prod": 0.0015524027920753845, "target": 45, "value": 1.9414979965596844e-05, "supply": [{"l": "Potash", "v": 0.020317010981731855}, {"l": "Phosphate", "v": 0.017210276609065399}, {"l": "Nitrogen", "v": 0.35408644880126694}]}, {"source": 93, "prod": 0.0012419222336603076, "target": 55, "value": 1.5531983972477473e-05, "supply": [{"l": "Potash", "v": 0.020317010981731855}, {"l": "Phosphate", "v": 0.017210276609065399}, {"l": "Nitrogen", "v": 0.35408644880126694}]}, {"source": 93, "prod": 0.00046572083762261535, "target": 82, "value": 5.8244939896790528e-06, "supply": [{"l": "Potash", "v": 0.020317010981731855}, {"l": "Phosphate", "v": 0.017210276609065399}, {"l": "Nitrogen", "v": 0.35408644880126694}]}, {"source": 93, "prod": 0.015834508479168924, "target": 53, "value": 0.0001980327956490878, "supply": [{"l": "Potash", "v": 0.020317010981731855}, {"l": "Phosphate", "v": 0.017210276609065399}, {"l": "Nitrogen", "v": 0.35408644880126694}]}, {"source": 93, "prod": 0.0017076430712829229, "target": 80, "value": 2.1356477962156524e-05, "supply": [{"l": "Potash", "v": 0.020317010981731855}, {"l": "Phosphate", "v": 0.017210276609065399}, {"l": "Nitrogen", "v": 0.35408644880126694}]}, {"source": 93, "prod": 0.086313595239391375, "target": 13, "value": 0.0010794728860871845, "supply": [{"l": "Potash", "v": 0.020317010981731855}, {"l": "Phosphate", "v": 0.017210276609065399}, {"l": "Nitrogen", "v": 0.35408644880126694}]}, {"source": 93, "prod": 0.025769886348451381, "target": 48, "value": 0.00032228866742890755, "supply": [{"l": "Potash", "v": 0.020317010981731855}, {"l": "Phosphate", "v": 0.017210276609065399}, {"l": "Nitrogen", "v": 0.35408644880126694}]}, {"source": 93, "prod": 0.029961373887054919, "target": 60, "value": 0.00037470911333601904, "supply": [{"l": "Potash", "v": 0.020317010981731855}, {"l": "Phosphate", "v": 0.017210276609065399}, {"l": "Nitrogen", "v": 0.35408644880126694}]}, {"source": 93, "prod": 0.0010866819544527691, "target": 32, "value": 1.3590485975917788e-05, "supply": [{"l": "Potash", "v": 0.020317010981731855}, {"l": "Phosphate", "v": 0.017210276609065399}, {"l": "Nitrogen", "v": 0.35408644880126694}]}, {"source": 93, "prod": 0.025925126627658921, "target": 62, "value": 0.00032423016542546727, "supply": [{"l": "Potash", "v": 0.020317010981731855}, {"l": "Phosphate", "v": 0.017210276609065399}, {"l": "Nitrogen", "v": 0.35408644880126694}]}, {"source": 93, "prod": 0.035084303100903692, "target": 16, "value": 0.00043877854722248864, "supply": [{"l": "Potash", "v": 0.020317010981731855}, {"l": "Phosphate", "v": 0.017210276609065399}, {"l": "Nitrogen", "v": 0.35408644880126694}]}, {"source": 93, "prod": 27.972745910406353, "target": 17, "value": 0.34983852400008947, "supply": [{"l": "Potash", "v": 0.020317010981731855}, {"l": "Phosphate", "v": 0.017210276609065399}, {"l": "Nitrogen", "v": 0.35408644880126694}]}, {"source": 93, "prod": 0.01397162512867846, "target": 59, "value": 0.00017473481969037158, "supply": [{"l": "Potash", "v": 0.020317010981731855}, {"l": "Phosphate", "v": 0.017210276609065399}, {"l": "Nitrogen", "v": 0.35408644880126694}]}, {"source": 93, "prod": 0.31187772092794469, "target": 19, "value": 0.003900469475088405, "supply": [{"l": "Potash", "v": 0.020317010981731855}, {"l": "Phosphate", "v": 0.017210276609065399}, {"l": "Nitrogen", "v": 0.35408644880126694}]}, {"source": 93, "prod": 0.0023286041881130765, "target": 67, "value": 2.9122469948395262e-05, "supply": [{"l": "Potash", "v": 0.020317010981731855}, {"l": "Phosphate", "v": 0.017210276609065399}, {"l": "Nitrogen", "v": 0.35408644880126694}]}, {"source": 93, "prod": 0.32615982661503828, "target": 4, "value": 0.0040790872907718965, "supply": [{"l": "Potash", "v": 0.020317010981731855}, {"l": "Phosphate", "v": 0.017210276609065399}, {"l": "Nitrogen", "v": 0.35408644880126694}]}, {"source": 93, "prod": 0.22649556736379861, "target": 21, "value": 0.0028326455769805792, "supply": [{"l": "Potash", "v": 0.020317010981731855}, {"l": "Phosphate", "v": 0.017210276609065399}, {"l": "Nitrogen", "v": 0.35408644880126694}]}, {"source": 93, "prod": 0.12403698308682322, "target": 74, "value": 0.0015512568992511876, "supply": [{"l": "Potash", "v": 0.020317010981731855}, {"l": "Phosphate", "v": 0.017210276609065399}, {"l": "Nitrogen", "v": 0.35408644880126694}]}, {"source": 93, "prod": 0.20848769497572414, "target": 22, "value": 0.0026074318093796556, "supply": [{"l": "Potash", "v": 0.020317010981731855}, {"l": "Phosphate", "v": 0.017210276609065399}, {"l": "Nitrogen", "v": 0.35408644880126694}]}, {"source": 93, "prod": 0.015368787641546306, "target": 77, "value": 0.00019220830165940872, "supply": [{"l": "Potash", "v": 0.020317010981731855}, {"l": "Phosphate", "v": 0.017210276609065399}, {"l": "Nitrogen", "v": 0.35408644880126694}]}, {"source": 93, "prod": 0.044709200411771073, "target": 61, "value": 0.00055915142300918901, "supply": [{"l": "Potash", "v": 0.020317010981731855}, {"l": "Phosphate", "v": 0.017210276609065399}, {"l": "Nitrogen", "v": 0.35408644880126694}]}, {"source": 91, "prod": 0, "target": 93, "value": 0.4818617484690278, "supply": [{"l": "Natural gas (including LNG)", "v": 0.32089935158857552}, {"l": "Fuel oil", "v": 0.098370115223285925}, {"l": "Liquefied petroleum gas (LPG)", "v": 0.031296140828583167}, {"l": "Coal", "v": 0.031296140828583167}]}, {"source": 94, "prod": 0, "target": 0, "value": 0.017877114833835948, "supply": "[{\"l\":'Labor',\"v\":0.017877114833835948}]"}, {"source": 94, "prod": 0, "target": 24, "value": 1.1496536870634051e-05, "supply": "[{\"l\":'Labor',\"v\":1.1496536870634051e-05}]"}, {"source": 94, "prod": 0, "target": 2, "value": 0.014474139920128269, "supply": "[{\"l\":'Labor',\"v\":0.014474139920128269}]"}, {"source": 94, "prod": 0, "target": 3, "value": 0.023498921363576002, "supply": "[{\"l\":'Labor',\"v\":0.023498921363576002}]"}, {"source": 94, "prod": 0, "target": 4, "value": 0.024154223965202139, "supply": "[{\"l\":'Labor',\"v\":0.024154223965202139}]"}, {"source": 94, "prod": 0, "target": 5, "value": 0.0073232939865938897, "supply": "[{\"l\":'Labor',\"v\":0.0073232939865938897}]"}, {"source": 94, "prod": 0, "target": 28, "value": 0.00011496536870634052, "supply": "[{\"l\":'Labor',\"v\":0.00011496536870634052}]"}, {"source": 94, "prod": 0, "target": 6, "value": 0.0019659078048784228, "supply": "[{\"l\":'Labor',\"v\":0.0019659078048784228}]"}, {"source": 94, "prod": 0, "target": 53, "value": 0.0011726467608046732, "supply": "[{\"l\":'Labor',\"v\":0.0011726467608046732}]"}, {"source": 94, "prod": 0, "target": 7, "value": 0.018693368951650968, "supply": "[{\"l\":'Labor',\"v\":0.018693368951650968}]"}, {"source": 94, "prod": 0, "target": 25, "value": 3.4489610611902154e-05, "supply": "[{\"l\":'Labor',\"v\":3.4489610611902154e-05}]"}, {"source": 94, "prod": 0, "target": 8, "value": 0.00033339956924838748, "supply": "[{\"l\":'Labor',\"v\":0.00033339956924838748}]"}, {"source": 94, "prod": 0, "target": 36, "value": 0.0024947485009275891, "supply": "[{\"l\":'Labor',\"v\":0.0024947485009275891}]"}, {"source": 94, "prod": 0, "target": 9, "value": 0.020015470691773885, "supply": "[{\"l\":'Labor',\"v\":0.020015470691773885}]"}, {"source": 94, "prod": 0, "target": 40, "value": 0.0098410355612627478, "supply": "[{\"l\":'Labor',\"v\":0.0098410355612627478}]"}, {"source": 94, "prod": 0, "target": 41, "value": 2.2993073741268102e-05, "supply": "[{\"l\":'Labor',\"v\":2.2993073741268102e-05}]"}, {"source": 94, "prod": 0, "target": 10, "value": 0.0084729476736572946, "supply": "[{\"l\":'Labor',\"v\":0.0084729476736572946}]"}, {"source": 94, "prod": 0, "target": 44, "value": 0.00012646190557697457, "supply": "[{\"l\":'Labor',\"v\":0.00012646190557697457}]"}, {"source": 94, "prod": 0, "target": 45, "value": 0.00011496536870634052, "supply": "[{\"l\":'Labor',\"v\":0.00011496536870634052}]"}, {"source": 94, "prod": 0, "target": 81, "value": 0.00086224026529755379, "supply": "[{\"l\":'Labor',\"v\":0.00086224026529755379}]"}, {"source": 94, "prod": 0, "target": 35, "value": 0.0070243840279574045, "supply": "[{\"l\":'Labor',\"v\":0.0070243840279574045}]"}, {"source": 94, "prod": 0, "target": 47, "value": 6.8979221223804308e-05, "supply": "[{\"l\":'Labor',\"v\":6.8979221223804308e-05}]"}, {"source": 94, "prod": 0, "target": 48, "value": 0.0019084251205252524, "supply": "[{\"l\":'Labor',\"v\":0.0019084251205252524}]"}, {"source": 94, "prod": 0, "target": 82, "value": 3.4489610611902154e-05, "supply": "[{\"l\":'Labor',\"v\":3.4489610611902154e-05}]"}, {"source": 94, "prod": 0, "target": 12, "value": 0.00037938571673092368, "supply": "[{\"l\":'Labor',\"v\":0.00037938571673092368}]"}, {"source": 94, "prod": 0, "target": 80, "value": 0.00012646190557697457, "supply": "[{\"l\":'Labor',\"v\":0.00012646190557697457}]"}, {"source": 94, "prod": 0, "target": 13, "value": 0.0063920745000725322, "supply": "[{\"l\":'Labor',\"v\":0.0063920745000725322}]"}, {"source": 94, "prod": 0, "target": 55, "value": 9.1972294965072407e-05, "supply": "[{\"l\":'Labor',\"v\":9.1972294965072407e-05}]"}, {"source": 94, "prod": 0, "target": 56, "value": 1.1496536870634051e-05, "supply": "[{\"l\":'Labor',\"v\":1.1496536870634051e-05}]"}, {"source": 94, "prod": 0, "target": 59, "value": 0.0010346883183570646, "supply": "[{\"l\":'Labor',\"v\":0.0010346883183570646}]"}, {"source": 94, "prod": 0, "target": 60, "value": 0.0022188316160323719, "supply": "[{\"l\":'Labor',\"v\":0.0022188316160323719}]"}, {"source": 94, "prod": 0, "target": 32, "value": 8.0475758094438344e-05, "supply": "[{\"l\":'Labor',\"v\":8.0475758094438344e-05}]"}, {"source": 94, "prod": 0, "target": 62, "value": 0.0019199216573958864, "supply": "[{\"l\":'Labor',\"v\":0.0019199216573958864}]"}, {"source": 94, "prod": 0, "target": 16, "value": 0.0025982173327632955, "supply": "[{\"l\":'Labor',\"v\":0.0025982173327632955}]"}, {"source": 94, "prod": 0, "target": 17, "value": 2.0715609787195497, "supply": "[{\"l\":'Labor',\"v\":2.0715609787195497}]"}, {"source": 94, "prod": 0, "target": 19, "value": 0.023096542573103805, "supply": "[{\"l\":'Labor',\"v\":0.023096542573103805}]"}, {"source": 94, "prod": 0, "target": 72, "value": 0.00012646190557697457, "supply": "[{\"l\":'Labor',\"v\":0.00012646190557697457}]"}, {"source": 94, "prod": 0, "target": 67, "value": 0.00017244805305951076, "supply": "[{\"l\":'Labor',\"v\":0.00017244805305951076}]"}, {"source": 94, "prod": 0, "target": 68, "value": 1.1496536870634051e-05, "supply": "[{\"l\":'Labor',\"v\":1.1496536870634051e-05}]"}, {"source": 94, "prod": 0, "target": 21, "value": 0.016773447294255082, "supply": "[{\"l\":'Labor',\"v\":0.016773447294255082}]"}, {"source": 94, "prod": 0, "target": 57, "value": 0.0026212104065045636, "supply": "[{\"l\":'Labor',\"v\":0.0026212104065045636}]"}, {"source": 94, "prod": 0, "target": 74, "value": 0.0091857329596366066, "supply": "[{\"l\":'Labor',\"v\":0.0091857329596366066}]"}, {"source": 94, "prod": 0, "target": 61, "value": 0.0033110026187426066, "supply": "[{\"l\":'Labor',\"v\":0.0033110026187426066}]"}, {"source": 94, "prod": 0, "target": 77, "value": 0.0011381571501927709, "supply": "[{\"l\":'Labor',\"v\":0.0011381571501927709}]"}, {"source": 94, "prod": 0, "target": 22, "value": 0.015439849017261531, "supply": "[{\"l\":'Labor',\"v\":0.015439849017261531}]"}, {"source": 91, "prod": 0, "target": 86, "value": 14.841763845106218, "supply": "[{\"l\":'Fossil Fuels',\"v\":14.841763845106218}]"}, {"source": 92, "prod": 0, "target": 86, "value": 0.74884579987432276, "supply": "[{\"l\":'Renewables & Nuclear',\"v\":0.025797174258703939},{\"l\":'Biomass & Waste',\"v\":0.72304862561561878}]"}]}