{"nodes": [{"layer": 13, "name": "Animal Products", "fill": "#17becf"}, {"layer": 10, "name": "Feed", "fill": "#dbdb8d"}, {"layer": 5, "name": "Cereals", "fill": "#e7ba52"}, {"layer": 5, "name": "Oilcrops", "fill": "#ff9896"}, {"layer": 5, "name": "Fruits, Roots & Vegetables", "fill": "#98df8a"}, {"layer": 5, "name": "Sugar Crops", "fill": "#ffbb78"}, {"layer": 13, "name": "Aquatic Products", "fill": "#1f77b4"}, {"layer": 13, "name": "Other Processed", "fill": "#9c9ede"}, {"layer": 16, "name": "Food", "fill": "#b5cf6b"}, {"layer": 13, "name": "Sugar", "fill": "#d6616b"}, {"layer": 13, "name": "Vegetable Oils", "fill": "#f7b6d2"}, {"layer": 10, "name": "Processing", "fill": "#9edae5"}, {"layer": 16, "name": "Biofuels & Other", "fill": "#e7ba52"}, {"name": "Waste", "fill": "#c7c7c7"}, {"layer": 0, "name": "Import", "fill": "#aec7e8"}, {"layer": 16, "name": "Export", "fill": "#aec7e8"}, {"layer": 0, "name": "Stock Draw", "fill": "#c7c7c7"}, {"layer": 16, "name": "Stock Deposit", "fill": "#c7c7c7"}, {"layer": 0, "name": "Production", "fill": "#b5cf6b"}], "links": [{"source": 0, "prod": 0.0034960884499152158, "target": 1, "value": 2.0, "supply": [{"l": "Meat, Other", "v": 1.0}, {"l": "Offals, Edible", "v": 1.0}]}, {"source": 2, "prod": 6.1061769793900691, "target": 1, "value": 1694.0, "supply": [{"l": "Maize", "v": 981.0}, {"l": "Oats", "v": 12.0}, {"l": "Rye", "v": 1.0}, {"l": "Barley", "v": 42.0}, {"l": "Rice", "v": 19.0}, {"l": "Sorghum", "v": 53.0}, {"l": "Cereals, Other", "v": 2.0}, {"l": "Wheat", "v": 584.0}]}, {"source": 3, "prod": 0.018833524611876765, "target": 1, "value": 3.0, "supply": [{"l": "Oilcrops, Other", "v": 3.0}]}, {"source": 4, "prod": 0.21168713701764968, "target": 1, "value": 237.0, "supply": [{"l": "Vegetables, Other", "v": 6.0}, {"l": "Potatoes", "v": 6.0}, {"l": "Fruits, Other", "v": 33.0}, {"l": "Yams", "v": 2.0}, {"l": "Bananas", "v": 21.0}, {"l": "Roots, Other", "v": 15.0}, {"l": "Sweet potatoes", "v": 17.0}, {"l": "Plantains", "v": 55.0}, {"l": "Cassava", "v": 82.0}]}, {"source": 5, "prod": 1.2502258739535967, "target": 1, "value": 3652.0, "supply": [{"l": "Sugar cane", "v": 3652.0}]}, {"source": 6, "prod": 0.1596531947030729, "target": 1, "value": 186.0, "supply": [{"l": "Fish, Seafood", "v": 93.0}, {"l": "Pelagic Fish", "v": 60.0}, {"l": "Marine Fish, Other", "v": 33.0}]}, {"source": 7, "prod": 1.8016744631213657, "target": 8, "value": 752.0, "supply": [{"l": "Beer", "v": 468.0}, {"l": "Beverages, Alcoholic", "v": 137.0}, {"l": "Fats, Animals, Raw", "v": 101.0}, {"l": "Butter, Ghee", "v": 37.0}, {"l": "Wine", "v": 8.0}, {"l": "Beverages, Fermented", "v": 1.0}]}, {"source": 0, "prod": 3.68974625180187, "target": 8, "value": 3725.0, "supply": [{"l": "Mutton & Goat Meat", "v": 16.0}, {"l": "Meat, Other", "v": 64.0}, {"l": "Pigmeat", "v": 130.0}, {"l": "Poultry Meat", "v": 327.0}, {"l": "Milk - Excluding Butter", "v": 2695.0}, {"l": "Offals, Edible", "v": 60.0}, {"l": "Bovine Meat", "v": 289.0}, {"l": "Eggs", "v": 144.0}]}, {"source": 2, "prod": 10.466816089506244, "target": 8, "value": 2927.0, "supply": [{"l": "Maize", "v": 266.0}, {"l": "Barley", "v": 2.0}, {"l": "Cereals, Other", "v": 9.0}, {"l": "Rice", "v": 1022.0}, {"l": "Wheat", "v": 1514.0}, {"l": "Oats", "v": 9.0}, {"l": "Sorghum", "v": 105.0}]}, {"source": 3, "prod": 0.4910606396914371, "target": 8, "value": 178.0, "supply": [{"l": "Olives", "v": 1.0}, {"l": "Coconuts - Incl Copra", "v": 134.0}, {"l": "Sesame seed", "v": 4.0}, {"l": "Groundnuts", "v": 39.0}]}, {"source": 4, "prod": 5.336608398745649, "target": 8, "value": 6354.0, "supply": [{"l": "Roots, Other", "v": 152.0}, {"l": "Plantains", "v": 908.0}, {"l": "Nuts", "v": 4.0}, {"l": "Yams", "v": 246.0}, {"l": "Citrus, Other", "v": 9.0}, {"l": "Cocoa Beans", "v": 10.0}, {"l": "Tomatoes", "v": 391.0}, {"l": "Coffee", "v": 73.0}, {"l": "Treenuts", "v": 4.0}, {"l": "Apples", "v": 12.0}, {"l": "Vegetables, Other", "v": 743.0}, {"l": "Peas", "v": 11.0}, {"l": "Grapes", "v": 7.0}, {"l": "Infant food", "v": 11.0}, {"l": "Potatoes", "v": 292.0}, {"l": "Pimento", "v": 4.0}, {"l": "Pepper", "v": 1.0}, {"l": "Beans", "v": 109.0}, {"l": "Pulses, Other", "v": 187.0}, {"l": "Lemons, Limes", "v": 78.0}, {"l": "Pineapples", "v": 46.0}, {"l": "Bananas", "v": 819.0}, {"l": "Spices, Other", "v": 7.0}, {"l": "Tea", "v": 1.0}, {"l": "Fruits, Other", "v": 937.0}, {"l": "Sweet potatoes", "v": 482.0}, {"l": "Grapefruit", "v": 49.0}, {"l": "Oranges, Mandarines", "v": 276.0}, {"l": "Onions", "v": 49.0}, {"l": "Cassava", "v": 436.0}]}, {"source": 5, "prod": 0.00034234005310887098, "target": 8, "value": 1.0, "supply": [{"l": "Sugar cane", "v": 1.0}]}, {"source": 9, "prod": 5.0648911994804564, "target": 8, "value": 1304.0, "supply": [{"l": "Sugar", "v": 1210.0}, {"l": "Sugar non-centrifugal", "v": 77.0}, {"l": "Sweeteners, Other", "v": 14.0}, {"l": "Honey", "v": 3.0}]}, {"source": 6, "prod": 0.50653134834939539, "target": 8, "value": 669.0, "supply": [{"l": "Freshwater Fish", "v": 17.0}, {"l": "Crustaceans", "v": 6.0}, {"l": "Aquatic Products, Other", "v": 1.0}, {"l": "Marine Fish, Other", "v": 51.0}, {"l": "Demersal Fish", "v": 147.0}, {"l": "Pelagic Fish", "v": 106.0}, {"l": "Fish, Seafood", "v": 334.0}, {"l": "Molluscs, Other", "v": 6.0}, {"l": "Aquatic Animals, Others", "v": 1.0}]}, {"source": 10, "prod": 2.3713045674645583, "target": 8, "value": 231.0, "supply": [{"l": "Groundnut Oil", "v": 14.0}, {"l": "Soyabean Oil", "v": 80.0}, {"l": "Sunflowerseed Oil", "v": 100.0}, {"l": "Olive Oil", "v": 1.0}, {"l": "Coconut Oil", "v": 16.0}, {"l": "Oilcrops Oil, Other", "v": 6.0}, {"l": "Maize Germ Oil", "v": 8.0}, {"l": "Cottonseed Oil", "v": 6.0}]}, {"source": 5, "prod": 31.08618852255103, "target": 11, "value": 90805.0, "supply": [{"l": "Sugar cane", "v": 90805.0}]}, {"source": 2, "prod": 0.29191004612101212, "target": 11, "value": 101.0, "supply": [{"l": "Maize", "v": 3.0}, {"l": "Barley", "v": 97.0}, {"l": "Rice", "v": 1.0}]}, {"source": 3, "prod": 0.94037386905609233, "target": 11, "value": 317.0, "supply": [{"l": "Cottonseed", "v": 7.0}, {"l": "Groundnuts", "v": 36.0}, {"l": "Soyabeans", "v": 94.0}, {"l": "Coconuts - Incl Copra", "v": 178.0}, {"l": "Oilcrops, Other", "v": 2.0}]}, {"source": 9, "prod": 0.085800336702848062, "target": 11, "value": 22.0, "supply": [{"l": "Sugar", "v": 22.0}]}, {"source": 7, "prod": 1.0810022411002307, "target": 12, "value": 140.0, "supply": [{"l": "Alcohol, Non-Food", "v": 2.0}, {"l": "Beer", "v": 9.0}, {"l": "Beverages, Alcoholic", "v": 2.0}, {"l": "Wine", "v": 1.0}, {"l": "Fats, Animals, Raw", "v": 125.0}, {"l": "Fish, Body Oil", "v": 1.0}]}, {"source": 0, "prod": 0.031121308114986819, "target": 12, "value": 26.0, "supply": [{"l": "Pigmeat", "v": 3.0}, {"l": "Milk - Excluding Butter", "v": 15.0}, {"l": "Bovine Meat", "v": 2.0}, {"l": "Poultry Meat", "v": 6.0}]}, {"source": 2, "prod": 0.063978209056582747, "target": 12, "value": 19.0, "supply": [{"l": "Maize", "v": 3.0}, {"l": "Rice", "v": 2.0}, {"l": "Wheat", "v": 14.0}]}, {"source": 3, "prod": 0.11525417094074175, "target": 12, "value": 59.0, "supply": [{"l": "Coconuts - Incl Copra", "v": 54.0}, {"l": "Oilcrops, Other", "v": 5.0}]}, {"source": 4, "prod": 0.033165671564774825, "target": 12, "value": 61.0, "supply": [{"l": "Roots, Other", "v": 1.0}, {"l": "Potatoes", "v": 4.0}, {"l": "Fruits, Other", "v": 7.0}, {"l": "Yams", "v": 1.0}, {"l": "Lemons, Limes", "v": 13.0}, {"l": "Tomatoes", "v": 5.0}, {"l": "Bananas", "v": 2.0}, {"l": "Vegetables, Other", "v": 14.0}, {"l": "Oranges, Mandarines", "v": 1.0}, {"l": "Cassava", "v": 13.0}]}, {"source": 9, "prod": 0.53679916536313943, "target": 12, "value": 138.0, "supply": [{"l": "Sugar", "v": 137.0}, {"l": "Sweeteners, Other", "v": 1.0}]}, {"source": 10, "prod": 0.39673652682495059, "target": 12, "value": 39.0, "supply": [{"l": "Coconut Oil", "v": 4.0}, {"l": "Oilcrops Oil, Other", "v": 7.0}, {"l": "Soyabean Oil", "v": 17.0}, {"l": "Sunflowerseed Oil", "v": 11.0}]}, {"source": 4, "prod": 0.062411016121885293, "target": 4, "value": 31.0, "supply": [{"l": "Roots, Other", "v": 2.0}, {"l": "Beans", "v": 8.0}, {"l": "Pulses, Other", "v": 4.0}, {"l": "Potatoes", "v": 17.0}]}, {"source": 0, "prod": 0.026017844036274194, "target": 0, "value": 17.0, "supply": [{"l": "Eggs", "v": 17.0}]}, {"source": 2, "prod": 0.1286739262536428, "target": 2, "value": 32.0, "supply": [{"l": "Maize", "v": 11.0}, {"l": "Rice", "v": 18.0}, {"l": "Sorghum", "v": 3.0}]}, {"source": 3, "prod": 0.02511136614916902, "target": 3, "value": 4.0, "supply": [{"l": "Groundnuts", "v": 3.0}, {"l": "Cottonseed", "v": 1.0}]}, {"source": 0, "prod": 0.066064103070089378, "target": 13, "value": 93.0, "supply": [{"l": "Milk - Excluding Butter", "v": 84.0}, {"l": "Eggs", "v": 9.0}]}, {"source": 2, "prod": 0.82813940163358368, "target": 13, "value": 230.0, "supply": [{"l": "Maize", "v": 63.0}, {"l": "Barley", "v": 1.0}, {"l": "Rice", "v": 53.0}, {"l": "Sorghum", "v": 8.0}, {"l": "Wheat", "v": 105.0}]}, {"source": 3, "prod": 0.029704908737431646, "target": 13, "value": 10.0, "supply": [{"l": "Coconuts - Incl Copra", "v": 7.0}, {"l": "Groundnuts", "v": 3.0}]}, {"source": 4, "prod": 0.67721542193840722, "target": 13, "value": 920.0, "supply": [{"l": "Roots, Other", "v": 26.0}, {"l": "Potatoes", "v": 37.0}, {"l": "Pineapples", "v": 5.0}, {"l": "Fruits, Other", "v": 157.0}, {"l": "Yams", "v": 39.0}, {"l": "Grapefruit", "v": 27.0}, {"l": "Beans", "v": 6.0}, {"l": "Plantains", "v": 132.0}, {"l": "Tomatoes", "v": 43.0}, {"l": "Coffee", "v": 2.0}, {"l": "Lemons, Limes", "v": 8.0}, {"l": "Bananas", "v": 143.0}, {"l": "Vegetables, Other", "v": 87.0}, {"l": "Sweet potatoes", "v": 98.0}, {"l": "Oranges, Mandarines", "v": 32.0}, {"l": "Cassava", "v": 66.0}, {"l": "Onions", "v": 5.0}, {"l": "Pulses, Other", "v": 7.0}]}, {"source": 5, "prod": 0.08558501327721775, "target": 13, "value": 250.0, "supply": [{"l": "Sugar cane", "v": 250.0}]}, {"source": 9, "prod": 0.13650053566362191, "target": 13, "value": 35.0, "supply": [{"l": "Sugar", "v": 35.0}]}, {"source": 14, "prod": 4.8986499801369066, "target": 11, "value": 698.0, "supply": [{"l": "Sugar", "v": 202.0}, {"l": "Beer", "v": 24.0}, {"l": "Beverages, Alcoholic", "v": 11.0}, {"l": "Fats, Animals, Raw", "v": 204.0}, {"l": "Soyabean Oil", "v": 58.0}, {"l": "Butter, Ghee", "v": 27.0}, {"l": "Sunflowerseed Oil", "v": 110.0}, {"l": "Olive Oil", "v": 1.0}, {"l": "Coconut Oil", "v": 6.0}, {"l": "Oilcrops Oil, Other", "v": 12.0}, {"l": "Wine", "v": 10.0}, {"l": "Sweeteners, Other", "v": 18.0}, {"l": "Beverages, Fermented", "v": 1.0}, {"l": "Maize Germ Oil", "v": 8.0}, {"l": "Fish, Body Oil", "v": 1.0}, {"l": "Cottonseed Oil", "v": 5.0}]}, {"source": 14, "prod": 12.52900762435018, "target": 2, "value": 3665.0, "supply": [{"l": "Maize", "v": 983.0}, {"l": "Rye", "v": 1.0}, {"l": "Barley", "v": 141.0}, {"l": "Rice", "v": 322.0}, {"l": "Cereals, Other", "v": 11.0}, {"l": "Wheat", "v": 2183.0}, {"l": "Oats", "v": 22.0}, {"l": "Sorghum", "v": 2.0}]}, {"source": 14, "prod": 0.4645922269737095, "target": 3, "value": 108.0, "supply": [{"l": "Olives", "v": 1.0}, {"l": "Coconuts - Incl Copra", "v": 1.0}, {"l": "Groundnuts", "v": 4.0}, {"l": "Oilcrops, Other", "v": 8.0}, {"l": "Soyabeans", "v": 94.0}]}, {"source": 14, "prod": 0.84517940580145401, "target": 4, "value": 541.0, "supply": [{"l": "Roots, Other", "v": 15.0}, {"l": "Pulses, Other", "v": 130.0}, {"l": "Infant food", "v": 11.0}, {"l": "Plantains", "v": 10.0}, {"l": "Nuts", "v": 3.0}, {"l": "Yams", "v": 3.0}, {"l": "Citrus, Other", "v": 1.0}, {"l": "Grapefruit", "v": 11.0}, {"l": "Cocoa Beans", "v": 2.0}, {"l": "Tomatoes", "v": 7.0}, {"l": "Coffee", "v": 6.0}, {"l": "Treenuts", "v": 3.0}, {"l": "Vegetables, Other", "v": 71.0}, {"l": "Peas", "v": 6.0}, {"l": "Grapes", "v": 8.0}, {"l": "Potatoes", "v": 85.0}, {"l": "Pepper", "v": 1.0}, {"l": "Beans", "v": 3.0}, {"l": "Apples", "v": 11.0}, {"l": "Lemons, Limes", "v": 1.0}, {"l": "Pineapples", "v": 1.0}, {"l": "Bananas", "v": 2.0}, {"l": "Spices, Other", "v": 4.0}, {"l": "Tea", "v": 1.0}, {"l": "Fruits, Other", "v": 71.0}, {"l": "Sweet potatoes", "v": 2.0}, {"l": "Oranges, Mandarines", "v": 56.0}, {"l": "Onions", "v": 15.0}, {"l": "Cassava", "v": 1.0}]}, {"source": 14, "prod": 1.4774498653190045, "target": 1, "value": 1785.0, "supply": [{"l": "Meat, Other", "v": 55.0}, {"l": "Crustaceans", "v": 2.0}, {"l": "Eggs", "v": 5.0}, {"l": "Marine Fish, Other", "v": 28.0}, {"l": "Mutton & Goat Meat", "v": 6.0}, {"l": "Pigmeat", "v": 24.0}, {"l": "Milk - Excluding Butter", "v": 1143.0}, {"l": "Pelagic Fish", "v": 89.0}, {"l": "Fish, Seafood", "v": 215.0}, {"l": "Poultry Meat", "v": 68.0}, {"l": "Offals, Edible", "v": 7.0}, {"l": "Demersal Fish", "v": 97.0}, {"l": "Bovine Meat", "v": 46.0}]}, {"source": 7, "prod": 0.1739436573361556, "target": 15, "value": 64.0, "supply": [{"l": "Beer", "v": 10.0}, {"l": "Beverages, Alcoholic", "v": 53.0}, {"l": "Fats, Animals, Raw", "v": 1.0}]}, {"source": 0, "prod": 0.0083262436806105997, "target": 15, "value": 9.0, "supply": [{"l": "Milk - Excluding Butter", "v": 7.0}, {"l": "Bovine Meat", "v": 1.0}, {"l": "Eggs", "v": 1.0}]}, {"source": 2, "prod": 0.085585370868659402, "target": 15, "value": 27.0, "supply": [{"l": "Maize", "v": 1.0}, {"l": "Wheat", "v": 26.0}]}, {"source": 3, "prod": 0.032614152376664637, "target": 15, "value": 21.0, "supply": [{"l": "Coconuts - Incl Copra", "v": 21.0}]}, {"source": 4, "prod": 0.59737096547064017, "target": 15, "value": 916.0, "supply": [{"l": "Roots, Other", "v": 46.0}, {"l": "Cocoa Beans", "v": 42.0}, {"l": "Potatoes", "v": 23.0}, {"l": "Pimento", "v": 3.0}, {"l": "Fruits, Other", "v": 44.0}, {"l": "Coffee", "v": 68.0}, {"l": "Yams", "v": 10.0}, {"l": "Grapefruit", "v": 130.0}, {"l": "Pulses, Other", "v": 15.0}, {"l": "Lemons, Limes", "v": 17.0}, {"l": "Tomatoes", "v": 3.0}, {"l": "Pineapples", "v": 6.0}, {"l": "Bananas", "v": 149.0}, {"l": "Spices, Other", "v": 4.0}, {"l": "Vegetables, Other", "v": 35.0}, {"l": "Sweet potatoes", "v": 14.0}, {"l": "Oranges, Mandarines", "v": 279.0}, {"l": "Plantains", "v": 9.0}, {"l": "Cassava", "v": 19.0}]}, {"source": 9, "prod": 31.255339565850377, "target": 15, "value": 8024.0, "supply": [{"l": "Sugar", "v": 7987.0}, {"l": "Sweeteners, Other", "v": 24.0}, {"l": "Honey", "v": 13.0}]}, {"source": 6, "prod": 0.055404851272099931, "target": 15, "value": 83.0, "supply": [{"l": "Fish, Seafood", "v": 42.0}, {"l": "Crustaceans", "v": 20.0}, {"l": "Molluscs, Other", "v": 1.0}, {"l": "Pelagic Fish", "v": 1.0}, {"l": "Demersal Fish", "v": 19.0}]}, {"source": 10, "prod": 0.19654359425471529, "target": 15, "value": 19.0, "supply": [{"l": "Coconut Oil", "v": 17.0}, {"l": "Oilcrops Oil, Other", "v": 2.0}]}, {"source": 16, "prod": 0.04361759648685562, "target": 4, "value": 14.0, "supply": [{"l": "Cocoa Beans", "v": 7.0}, {"l": "Beans", "v": 7.0}]}, {"source": 10, "prod": 0.34052693103020254, "target": 17, "value": 33.0, "supply": [{"l": "Soyabean Oil", "v": 24.0}, {"l": "Coconut Oil", "v": 8.0}, {"l": "Sunflowerseed Oil", "v": 1.0}]}, {"source": 0, "prod": 0.0051025228012080287, "target": 17, "value": 2.0, "supply": [{"l": "Bovine Meat", "v": 1.0}, {"l": "Pigmeat", "v": 1.0}]}, {"source": 7, "prod": 0.015190914483876742, "target": 17, "value": 5.0, "supply": [{"l": "Beverages, Alcoholic", "v": 5.0}]}, {"source": 2, "prod": 0.20166990820821123, "target": 17, "value": 64.0, "supply": [{"l": "Wheat", "v": 60.0}, {"l": "Barley", "v": 2.0}, {"l": "Sorghum", "v": 2.0}]}, {"source": 16, "prod": 0.016184984630596179, "target": 1, "value": 26.0, "supply": [{"l": "Milk - Excluding Butter", "v": 26.0}]}, {"source": 4, "prod": 0.0033893583493741913, "target": 17, "value": 6.0, "supply": [{"l": "Coffee", "v": 3.0}, {"l": "Bananas", "v": 2.0}, {"l": "Fruits, Other", "v": 1.0}]}, {"source": 16, "prod": 0.61158072254700391, "target": 11, "value": 154.0, "supply": [{"l": "Sugar", "v": 152.0}, {"l": "Groundnut Oil", "v": 1.0}, {"l": "Butter, Ghee", "v": 1.0}]}, {"source": 9, "prod": 0.017687569410625003, "target": 17, "value": 5.0, "supply": [{"l": "Honey", "v": 5.0}]}, {"source": 16, "prod": 0.18490923480340998, "target": 2, "value": 47.0, "supply": [{"l": "Maize", "v": 42.0}, {"l": "Rice", "v": 5.0}]}, {"source": 18, "prod": 5.4228101384270904, "target": 2, "value": 1348.0, "supply": [{"l": "Maize", "v": 386.0}, {"l": "Rice", "v": 797.0}, {"l": "Sorghum", "v": 165.0}]}, {"source": 18, "prod": 1.2025976523617772, "target": 3, "value": 486.0, "supply": [{"l": "Coconuts - Incl Copra", "v": 393.0}, {"l": "Sesame seed", "v": 5.0}, {"l": "Oilcrops, Other", "v": 2.0}, {"l": "Cottonseed", "v": 8.0}, {"l": "Groundnuts", "v": 78.0}]}, {"source": 18, "prod": 6.1099021580704225, "target": 4, "value": 7990.0, "supply": [{"l": "Roots, Other", "v": 227.0}, {"l": "Plantains", "v": 1094.0}, {"l": "Nuts", "v": 1.0}, {"l": "Yams", "v": 296.0}, {"l": "Citrus, Other", "v": 9.0}, {"l": "Tomatoes", "v": 436.0}, {"l": "Coffee", "v": 134.0}, {"l": "Treenuts", "v": 1.0}, {"l": "Vegetables, Other", "v": 815.0}, {"l": "Peas", "v": 5.0}, {"l": "Pimento", "v": 6.0}, {"l": "Cocoa Beans", "v": 57.0}, {"l": "Potatoes", "v": 294.0}, {"l": "Beans", "v": 127.0}, {"l": "Pulses, Other", "v": 82.0}, {"l": "Lemons, Limes", "v": 115.0}, {"l": "Pineapples", "v": 57.0}, {"l": "Bananas", "v": 1128.0}, {"l": "Spices, Other", "v": 7.0}, {"l": "Fruits, Other", "v": 1107.0}, {"l": "Sweet potatoes", "v": 609.0}, {"l": "Grapefruit", "v": 195.0}, {"l": "Oranges, Mandarines", "v": 532.0}, {"l": "Cassava", "v": 615.0}, {"l": "Onions", "v": 40.0}, {"l": "Apples", "v": 1.0}]}, {"source": 18, "prod": 32.422341749834956, "target": 5, "value": 94708.0, "supply": [{"l": "Sugar cane", "v": 94708.0}]}, {"source": 1, "prod": 0.72158939432456826, "target": 6, "value": 938.0, "supply": [{"l": "Pelagic Fish", "v": 167.0}, {"l": "Crustaceans", "v": 26.0}, {"l": "Freshwater Fish", "v": 17.0}, {"l": "Molluscs, Other", "v": 7.0}, {"l": "Aquatic Animals, Others", "v": 1.0}, {"l": "Marine Fish, Other", "v": 84.0}, {"l": "Aquatic Products, Other", "v": 1.0}, {"l": "Fish, Seafood", "v": 469.0}, {"l": "Demersal Fish", "v": 166.0}]}, {"source": 1, "prod": 3.8038565179186801, "target": 0, "value": 3857.0, "supply": [{"l": "Milk - Excluding Butter", "v": 2801.0}, {"l": "Pigmeat", "v": 134.0}, {"l": "Bovine Meat", "v": 293.0}, {"l": "Eggs", "v": 171.0}, {"l": "Poultry Meat", "v": 333.0}, {"l": "Offals, Edible", "v": 61.0}, {"l": "Meat, Other", "v": 65.0}, {"l": "Mutton & Goat Meat", "v": 16.0}]}, {"source": 11, "prod": 3.071811276041629, "target": 7, "value": 961.0, "supply": [{"l": "Fats, Animals, Raw", "v": 227.0}, {"l": "Alcohol, Non-Food", "v": 2.0}, {"l": "Beverages, Fermented", "v": 1.0}, {"l": "Fish, Body Oil", "v": 1.0}, {"l": "Beer", "v": 487.0}, {"l": "Beverages, Alcoholic", "v": 197.0}, {"l": "Butter, Ghee", "v": 37.0}, {"l": "Wine", "v": 9.0}]}, {"source": 11, "prod": 3.3051116195744266, "target": 10, "value": 322.0, "supply": [{"l": "Olive Oil", "v": 1.0}, {"l": "Soyabean Oil", "v": 121.0}, {"l": "Coconut Oil", "v": 45.0}, {"l": "Maize Germ Oil", "v": 8.0}, {"l": "Groundnut Oil", "v": 14.0}, {"l": "Cottonseed Oil", "v": 6.0}, {"l": "Oilcrops Oil, Other", "v": 15.0}, {"l": "Sunflowerseed Oil", "v": 112.0}]}, {"source": 11, "prod": 37.097018372471069, "target": 9, "value": 9528.0, "supply": [{"l": "Honey", "v": 21.0}, {"l": "Sweeteners, Other", "v": 39.0}, {"l": "Sugar non-centrifugal", "v": 77.0}, {"l": "Sugar", "v": 9391.0}]}]}