{"nodes": [{"layer": 13, "name": "Animal Products", "fill": "#17becf"}, {"layer": 10, "name": "Feed", "fill": "#dbdb8d"}, {"layer": 5, "name": "Cereals", "fill": "#e7ba52"}, {"layer": 5, "name": "Sugar Crops", "fill": "#ffbb78"}, {"layer": 13, "name": "Sugar", "fill": "#d6616b"}, {"layer": 5, "name": "Starchy Roots"}, {"layer": 5, "name": "Fruits & Vegetables"}, {"layer": 13, "name": "Aquatic Products", "fill": "#1f77b4"}, {"layer": 13, "name": "Other Processed", "fill": "#9c9ede"}, {"layer": 16, "name": "Food", "fill": "#b5cf6b"}, {"layer": 5, "name": "Oilcrops", "fill": "#ff9896"}, {"layer": 5, "name": "Others"}, {"layer": 13, "name": "Vegetable Oils", "fill": "#f7b6d2"}, {"layer": 10, "name": "Processing", "fill": "#9edae5"}, {"layer": 16, "name": "Biofuels & Other", "fill": "#e7ba52"}, {"name": "Waste", "fill": "#c7c7c7"}, {"layer": 2, "name": "Import", "fill": "#aec7e8"}, {"layer": 16, "name": "Export", "fill": "#aec7e8"}, {"layer": 0, "name": "Stock Draw", "fill": "#c7c7c7"}, {"layer": 16, "name": "Stock Deposit", "fill": "#c7c7c7"}, {"name": "Crop Residue", "fill": "#bd9e39"}, {"layer": 2, "name": "Electricity", "fill": "#bcbd22"}, {"layer": 0, "name": "Fossil Fuels", "fill": "#c49c94"}, {"layer": 0, "name": "Renewables & Nuclear", "fill": "#2ca02c"}, {"layer": 2, "name": "Fertilizers", "fill": "#c5b0d5"}, {"layer": 0, "name": "Labor", "fill": "#7f7f7f"}], "links": [{"source": 0, "prod": 2.0, "target": 1, "value": 0.0035223841782720199, "supply": [{"l": "Meat, Other", "v": 0.002221229646915698}, {"l": "Offals, Edible", "v": 0.0013011545313563219}]}, {"source": 2, "prod": 651.0, "target": 1, "value": 2.4614613114403237, "supply": [{"l": "Maize", "v": 1.57199830985184}, {"l": "Oats", "v": 0.034958960717470594}, {"l": "Barley", "v": 0.14857558304925}, {"l": "Rice", "v": 0.049685677805193132}, {"l": "Sorghum", "v": 0.29231943982047565}, {"l": "Cereals, Other", "v": 0.025182302211737291}, {"l": "Wheat", "v": 0.33874103798435728}]}, {"source": 3, "prod": 3469.0, "target": 1, "value": 1.2127263472890548, "supply": [{"l": "Sugar cane", "v": 1.2127263472890548}]}, {"source": 4, "prod": 85.0, "target": 1, "value": 0.32278401429230036, "supply": [{"l": "Sugar", "v": 0.32278401429230036}]}, {"source": 5, "prod": 116.0, "target": 1, "value": 0.1278473447540584, "supply": [{"l": "Roots, Other", "v": 0.011700387601014805}, {"l": "Potatoes", "v": 0.0015115786321246293}, {"l": "Yams", "v": 0.0020799636188886415}, {"l": "Sweet potatoes", "v": 0.027041344382806212}, {"l": "Cassava", "v": 0.085514070519224106}]}, {"source": 6, "prod": 112.0, "target": 1, "value": 0.082144996634445439, "supply": [{"l": "Fruits, Other", "v": 0.014857558304925}, {"l": "Bananas", "v": 0.0068754404051417804}, {"l": "Vegetables, Other", "v": 0.00027307124704122808}, {"l": "Plantains", "v": 0.060138926677337431}]}, {"source": 7, "prod": 403.0, "target": 1, "value": 0.32873357280783683, "supply": [{"l": "Fish, Seafood", "v": 0.14558461205893039}, {"l": "Pelagic Fish", "v": 0.17449129248404421}, {"l": "Demersal Fish", "v": 0.0078715540688344358}, {"l": "Marine Fish, Other", "v": 0.00078611419602777775}]}, {"source": 8, "prod": 429.0, "target": 9, "value": 1.2588024932687436, "supply": [{"l": "Beer", "v": 0.10183997107511857}, {"l": "Beverages, Alcoholic", "v": 0.28676989049284507}, {"l": "Fats, Animals, Raw", "v": 0.66516955244717368}, {"l": "Butter, Ghee", "v": 0.19628333907423856}, {"l": "Wine", "v": 0.0087397401793676485}]}, {"source": 0, "prod": 2945.0, "target": 9, "value": 2.890559409927798, "supply": [{"l": "Mutton & Goat Meat", "v": 0.028756564461145166}, {"l": "Meat, Other", "v": 0.084406726582796521}, {"l": "Eggs", "v": 0.14818967244392728}, {"l": "Pigmeat", "v": 0.26945835356203651}, {"l": "Poultry Meat", "v": 0.18548385399703377}, {"l": "Milk - Excluding Butter", "v": 1.3790116008611886}, {"l": "Offals, Edible", "v": 0.074165808287310356}, {"l": "Bovine Meat", "v": 0.72108682973236016}]}, {"source": 2, "prod": 2103.0, "target": 9, "value": 7.5598705513141642, "supply": [{"l": "Maize", "v": 0.95188842380475758}, {"l": "Barley", "v": 0.0084900333171}, {"l": "Cereals, Other", "v": 0.046767132678940684}, {"l": "Rice", "v": 2.7865384302412481}, {"l": "Wheat", "v": 3.2399952984985281}, {"l": "Oats", "v": 0.017479480358735297}, {"l": "Sorghum", "v": 0.50871175241485378}]}, {"source": 10, "prod": 119.0, "target": 9, "value": 0.24895469647520671, "supply": [{"l": "Olives", "v": 0.0067534355931477283}, {"l": "Coconuts - Incl Copra", "v": 0.16617687163348172}, {"l": "Sesame seed", "v": 0.0084900333171}, {"l": "Groundnuts", "v": 0.067534355931477275}]}, {"source": 3, "prod": 185.0, "target": 9, "value": 0.064674077327320598, "supply": [{"l": "Sugar cane", "v": 0.064674077327320598}]}, {"source": 4, "prod": 863.0, "target": 9, "value": 3.271208106709385, "supply": [{"l": "Sugar", "v": 2.9848027674558595}, {"l": "Sugar non-centrifugal", "v": 0.25822721143384025}, {"l": "Sweeteners, Other", "v": 0.017565586173310346}, {"l": "Honey", "v": 0.010612541646375}]}, {"source": 5, "prod": 1379.0, "target": 9, "value": 1.4534806626351822, "supply": [{"l": "Roots, Other", "v": 0.10211247360885649}, {"l": "Yams", "v": 0.20383643465108692}, {"l": "Potatoes", "v": 0.11110102946116024}, {"l": "Sweet potatoes", "v": 0.52784704235237723}, {"l": "Cassava", "v": 0.50858368256170128}]}, {"source": 6, "prod": 3010.0, "target": 9, "value": 2.4868777454703683, "supply": [{"l": "Pulses, Other", "v": 0.66699619898141205}, {"l": "Plantains", "v": 0.56478296357847324}, {"l": "Citrus, Other", "v": 0.001432917015544304}, {"l": "Tomatoes", "v": 0.027785563583236361}, {"l": "Treenuts", "v": 0.0094333703523333343}, {"l": "Vegetables, Other", "v": 0.10185557514637807}, {"l": "Peas", "v": 0.0084900333171}, {"l": "Grapes", "v": 0.0041754262215245906}, {"l": "Beans", "v": 0.28505853704150297}, {"l": "Apples", "v": 0.0027475835977669909}, {"l": "Lemons, Limes", "v": 0.018627921202075952}, {"l": "Pineapples", "v": 0.0093973651219809162}, {"l": "Bananas", "v": 0.34224414461150199}, {"l": "Fruits, Other", "v": 0.32371467943154775}, {"l": "Grapefruit", "v": 0.0093231674276565424}, {"l": "Oranges, Mandarines", "v": 0.092431814339395166}, {"l": "Onions", "v": 0.018380484500938148}]}, {"source": 11, "prod": 88.0, "target": 9, "value": 0.11474018472474995, "supply": [{"l": "Nuts", "v": 0.0094333703523333343}, {"l": "Cocoa Beans", "v": 0.019059258466959182}, {"l": "Coffee", "v": 0.036838110664027118}, {"l": "Infant food", "v": 0.029388576866884623}, {"l": "Spices, Other", "v": 0.018866740704666669}, {"l": "Tea", "v": 0.0011541276698790383}]}, {"source": 7, "prod": 517.0, "target": 9, "value": 0.37223718561791463, "supply": [{"l": "Freshwater Fish", "v": 0.0019744263528139534}, {"l": "Crustaceans", "v": 0.0048056792360943405}, {"l": "Aquatic Products, Other", "v": 0.00075341504865480567}, {"l": "Marine Fish, Other", "v": 0.027513996860972223}, {"l": "Demersal Fish", "v": 0.074217509791867545}, {"l": "Pelagic Fish", "v": 0.074111893044298341}, {"l": "Fish, Seafood", "v": 0.18522398662943126}, {"l": "Molluscs, Other", "v": 0.0028828636051273344}, {"l": "Aquatic Animals, Others", "v": 0.00075341504865480567}]}, {"source": 12, "prod": 130.0, "target": 9, "value": 1.334376827994938, "supply": [{"l": "Groundnut Oil", "v": 0.29013184721428348}, {"l": "Soyabean Oil", "v": 0.25397535563974361}, {"l": "Sunflowerseed Oil", "v": 0.53793992614230257}, {"l": "Olive Oil", "v": 0.010612541646375}, {"l": "Coconut Oil", "v": 0.20525355272109888}, {"l": "Oilcrops Oil, Other", "v": 0.029388576866884623}, {"l": "Cottonseed Oil", "v": 0.0070750277642500003}]}, {"source": 3, "prod": 98939.0, "target": 13, "value": 34.588046144258229, "supply": [{"l": "Sugar cane", "v": 34.588046144258229}]}, {"source": 2, "prod": 45.0, "target": 13, "value": 0.19102574963475, "supply": [{"l": "Barley", "v": 0.19102574963475}]}, {"source": 10, "prod": 341.0, "target": 13, "value": 0.86082086954918857, "supply": [{"l": "Cottonseed", "v": 0.027013742372590913}, {"l": "Groundnuts", "v": 0.34442521525053416}, {"l": "Soyabeans", "v": 0.066409769811671793}, {"l": "Coconuts - Incl Copra", "v": 0.41621870652124388}, {"l": "Oilcrops, Other", "v": 0.0067534355931477283}]}, {"source": 4, "prod": 1.0, "target": 13, "value": 0.0037974589916741214, "supply": [{"l": "Sugar", "v": 0.0037974589916741214}]}, {"source": 8, "prod": 89.0, "target": 14, "value": 0.70506275400866547, "supply": [{"l": "Beer", "v": 0.0017788641235828573}, {"l": "Beverages, Alcoholic", "v": 0.0031863321165871666}, {"l": "Wine", "v": 0.0012485343113382355}, {"l": "Fats, Animals, Raw", "v": 0.69884902345715716}]}, {"source": 0, "prod": 12.0, "target": 14, "value": 0.015098448041302106, "supply": [{"l": "Pigmeat", "v": 0.005283497128667383}, {"l": "Milk - Excluding Butter", "v": 0.004346276995060027}, {"l": "Bovine Meat", "v": 0.0024526762916066668}, {"l": "Poultry Meat", "v": 0.0030159976259680286}]}, {"source": 2, "prod": 11.0, "target": 14, "value": 0.038621873756982547, "supply": [{"l": "Barley", "v": 0.00424501665855}, {"l": "Rice", "v": 0.012421419451298283}, {"l": "Wheat", "v": 0.021955437647134268}]}, {"source": 10, "prod": 15.0, "target": 14, "value": 0.023295823126189025, "supply": [{"l": "Coconuts - Incl Copra", "v": 0.023295823126189025}]}, {"source": 4, "prod": 101.0, "target": 14, "value": 0.38267349686296387, "supply": [{"l": "Sugar", "v": 0.37974589916741214}, {"l": "Sweeteners, Other", "v": 0.002927597695551724}]}, {"source": 5, "prod": 17.0, "target": 14, "value": 0.018327842169968692, "supply": [{"l": "Roots, Other", "v": 0.0010636716000922552}, {"l": "Potatoes", "v": 0.0015115786321246293}, {"l": "Cassava", "v": 0.015752591937751807}]}, {"source": 6, "prod": 28.0, "target": 14, "value": 0.010790789729838456, "supply": [{"l": "Fruits, Other", "v": 0.0031516032768022732}, {"l": "Lemons, Limes", "v": 0.0039405217927468358}, {"l": "Tomatoes", "v": 0.00046309272638727272}, {"l": "Bananas", "v": 0.0015278756455870623}, {"l": "Vegetables, Other", "v": 0.0013653562352061404}, {"l": "Oranges, Mandarines", "v": 0.00034234005310887098}]}, {"source": 12, "prod": 20.0, "target": 14, "value": 0.20279628815922635, "supply": [{"l": "Coconut Oil", "v": 0.082101421088439555}, {"l": "Groundnut Oil", "v": 0.020723703372448821}, {"l": "Oilcrops Oil, Other", "v": 0.058777153733769245}, {"l": "Soyabean Oil", "v": 0.010159014225589744}, {"l": "Sunflowerseed Oil", "v": 0.031034995738978992}]}, {"source": 5, "prod": 21.0, "target": 5, "value": 0.016487340205368489, "supply": [{"l": "Roots, Other", "v": 0.0021273432001845103}, {"l": "Potatoes", "v": 0.014359997005183978}]}, {"source": 6, "prod": 11.0, "target": 6, "value": 0.043028408475581051, "supply": [{"l": "Beans", "v": 0.027334380264253711}, {"l": "Pulses, Other", "v": 0.015694028211327343}]}, {"source": 0, "prod": 8.0, "target": 0, "value": 0.012349139370327273, "supply": [{"l": "Eggs", "v": 0.012349139370327273}]}, {"source": 2, "prod": 30.0, "target": 2, "value": 0.12073971216997788, "supply": [{"l": "Maize", "v": 0.043447189468266936}, {"l": "Rice", "v": 0.062107097256491418}, {"l": "Sorghum", "v": 0.015185425445219516}]}, {"source": 10, "prod": 3.0, "target": 10, "value": 0.020260306779443186, "supply": [{"l": "Groundnuts", "v": 0.020260306779443186}]}, {"source": 0, "prod": 59.0, "target": 15, "value": 0.042169380347485658, "supply": [{"l": "Milk - Excluding Butter", "v": 0.032907525819740206}, {"l": "Eggs", "v": 0.0092618545277454549}]}, {"source": 2, "prod": 127.0, "target": 15, "value": 0.46867814664789553, "supply": [{"l": "Maize", "v": 0.13034156840480082}, {"l": "Barley", "v": 0.00424501665855}, {"l": "Rice", "v": 0.14491656026514665}, {"l": "Sorghum", "v": 0.04175991997435366}, {"l": "Wheat", "v": 0.14741508134504436}]}, {"source": 10, "prod": 8.0, "target": 15, "value": 0.028025581154839527, "supply": [{"l": "Coconuts - Incl Copra", "v": 0.0077652743753963416}, {"l": "Groundnuts", "v": 0.020260306779443186}]}, {"source": 3, "prod": 271.0, "target": 15, "value": 0.094738783544345284, "supply": [{"l": "Sugar cane", "v": 0.094738783544345284}]}, {"source": 4, "prod": 31.0, "target": 15, "value": 0.11772122874189776, "supply": [{"l": "Sugar", "v": 0.11772122874189776}]}, {"source": 5, "prod": 221.0, "target": 15, "value": 0.2344248947939207, "supply": [{"l": "Roots, Other", "v": 0.015955074001383827}, {"l": "Potatoes", "v": 0.014359997005183978}, {"l": "Yams", "v": 0.031199454283329618}, {"l": "Sweet potatoes", "v": 0.093022224676853379}, {"l": "Cassava", "v": 0.079888144827169882}]}, {"source": 6, "prod": 414.0, "target": 15, "value": 0.27548180290717339, "supply": [{"l": "Pineapples", "v": 0.00097214121951526701}, {"l": "Fruits, Other", "v": 0.054027484745181827}, {"l": "Grapefruit", "v": 0.0019836526441822429}, {"l": "Beans", "v": 0.015619645865287834}, {"l": "Plantains", "v": 0.082799971512276166}, {"l": "Tomatoes", "v": 0.0030101027215172732}, {"l": "Lemons, Limes", "v": 0.001432917015544304}, {"l": "Bananas", "v": 0.066462590583037204}, {"l": "Vegetables, Other", "v": 0.011742063622772808}, {"l": "Oranges, Mandarines", "v": 0.0082161612746129049}, {"l": "Onions", "v": 0.0017505223334226808}, {"l": "Pulses, Other", "v": 0.027464549369822847}]}, {"source": 11, "prod": 2.0, "target": 15, "value": 0.0011511909582508474, "supply": [{"l": "Coffee", "v": 0.0011511909582508474}]}, {"source": 16, "prod": 40.0, "target": 11, "value": 0.070729971662096533, "supply": [{"l": "Nuts", "v": 0.0047166851761666672}, {"l": "Cocoa Beans", "v": 0.0069306394425306117}, {"l": "Pepper", "v": 0.0047166851761666672}, {"l": "Coffee", "v": 0.014389886978135593}, {"l": "Infant food", "v": 0.029388576866884623}, {"l": "Spices, Other", "v": 0.0094333703523333343}, {"l": "Tea", "v": 0.0011541276698790383}]}, {"source": 16, "prod": 2026.0, "target": 1, "value": 1.5452888544215855, "supply": [{"l": "Freshwater Fish", "v": 0.00098721317640697672}, {"l": "Meat, Other", "v": 0.068858119054386629}, {"l": "Crustaceans", "v": 0.00080094653934905671}, {"l": "Eggs", "v": 0.0046309272638727274}, {"l": "Marine Fish, Other", "v": 0.0094333703523333326}, {"l": "Demersal Fish", "v": 0.056225386205960265}, {"l": "Mutton & Goat Meat", "v": 0.01027020159326613}, {"l": "Pigmeat", "v": 0.058118468415341198}, {"l": "Milk - Excluding Butter", "v": 0.75501040371328476}, {"l": "Fish, Seafood", "v": 0.2508091336460781}, {"l": "Pelagic Fish", "v": 0.21764505299085088}, {"l": "Molluscs, Other", "v": 0.00072071590128183359}, {"l": "Poultry Meat", "v": 0.025635979820728245}, {"l": "Offals, Edible", "v": 0.0052046181254252876}, {"l": "Bovine Meat", "v": 0.080938317623020006}]}, {"source": 16, "prod": 387.0, "target": 13, "value": 2.8537332707080028, "supply": [{"l": "Sugar", "v": 0.18607549059203199}, {"l": "Beer", "v": 0.011117900772392856}, {"l": "Groundnut Oil", "v": 0.051809258431122052}, {"l": "Beverages, Alcoholic", "v": 0.035049653282458834}, {"l": "Fats, Animals, Raw", "v": 1.3471788403993392}, {"l": "Soyabean Oil", "v": 0.21333929873738466}, {"l": "Butter, Ghee", "v": 0.22081875645851837}, {"l": "Sunflowerseed Oil", "v": 0.56897492188128151}, {"l": "Olive Oil", "v": 0.010612541646375}, {"l": "Coconut Oil", "v": 0.10262677636054944}, {"l": "Oilcrops Oil, Other", "v": 0.068573346022730783}, {"l": "Wine", "v": 0.009988274490705884}, {"l": "Sweeteners, Other", "v": 0.020493183868862071}, {"l": "Cottonseed Oil", "v": 0.0070750277642500003}]}, {"source": 16, "prod": 1904.0, "target": 2, "value": 6.6144084684137452, "supply": [{"l": "Maize", "v": 1.2165213051114745}, {"l": "Barley", "v": 0.39478654924515005}, {"l": "Rice", "v": 1.2090181599263663}, {"l": "Cereals, Other", "v": 0.071949434890677968}, {"l": "Wheat", "v": 3.6696945781638703}, {"l": "Oats", "v": 0.052438441076205891}]}, {"source": 16, "prod": 260.0, "target": 6, "value": 0.49842011517241291, "supply": [{"l": "Plantains", "v": 0.0043578932374882199}, {"l": "Tomatoes", "v": 0.00046309272638727272}, {"l": "Treenuts", "v": 0.0047166851761666672}, {"l": "Vegetables, Other", "v": 0.0087382799053192985}, {"l": "Grapes", "v": 0.0041754262215245906}, {"l": "Beans", "v": 0.039049114663219586}, {"l": "Apples", "v": 0.0027475835977669909}, {"l": "Lemons, Limes", "v": 0.00035822925388607601}, {"l": "Bananas", "v": 0.00076393782279353113}, {"l": "Fruits, Other", "v": 0.026113284293504551}, {"l": "Grapefruit", "v": 0.00079346105767289714}, {"l": "Oranges, Mandarines", "v": 0.0054774408497419358}, {"l": "Onions", "v": 0.0083149810837577325}, {"l": "Pulses, Other", "v": 0.39235070528318355}]}, {"source": 16, "prod": 38.0, "target": 10, "value": 0.11982544506061027, "supply": [{"l": "Olives", "v": 0.0067534355931477283}, {"l": "Coconuts - Incl Copra", "v": 0.026401932876347563}, {"l": "Groundnuts", "v": 0.013506871186295457}, {"l": "Oilcrops, Other", "v": 0.0067534355931477283}, {"l": "Soyabeans", "v": 0.066409769811671793}]}, {"source": 16, "prod": 76.0, "target": 5, "value": 0.058381617048045738, "supply": [{"l": "Roots, Other", "v": 0.0021273432001845103}, {"l": "Potatoes", "v": 0.055172620072548979}, {"l": "Sweet potatoes", "v": 0.0010816537753122486}]}, {"source": 8, "prod": 27.0, "target": 17, "value": 0.085781270612379307, "supply": [{"l": "Beer", "v": 0.00088943206179142864}, {"l": "Fats, Animals, Raw", "v": 0.0084198677524958687}, {"l": "Beverages, Alcoholic", "v": 0.076471970798092009}]}, {"source": 0, "prod": 16.0, "target": 17, "value": 0.019093245307413378, "supply": [{"l": "Milk - Excluding Butter", "v": 0.0068298638493800431}, {"l": "Bovine Meat", "v": 0.012263381458033335}]}, {"source": 2, "prod": 4.0, "target": 17, "value": 0.01254596436979101, "supply": [{"l": "Wheat", "v": 0.01254596436979101}]}, {"source": 10, "prod": 32.0, "target": 17, "value": 0.049697756002536585, "supply": [{"l": "Coconuts - Incl Copra", "v": 0.049697756002536585}]}, {"source": 4, "prod": 8374.0, "target": 17, "value": 31.798011954544776, "supply": [{"l": "Sugar", "v": 31.780934301320723}, {"l": "Sweeteners, Other", "v": 0.002927597695551724}, {"l": "Honey", "v": 0.014150055528500001}]}, {"source": 5, "prod": 29.0, "target": 17, "value": 0.031565656618983966, "supply": [{"l": "Roots, Other", "v": 0.011700387601014805}, {"l": "Yams", "v": 0.0020799636188886415}, {"l": "Sweet potatoes", "v": 0.0054082688765612428}, {"l": "Cassava", "v": 0.012377036522519279}]}, {"source": 6, "prod": 435.0, "target": 17, "value": 0.26605447719033376, "supply": [{"l": "Plantains", "v": 0.0043578932374882199}, {"l": "Fruits, Other", "v": 0.0076538936722340923}, {"l": "Grapefruit", "v": 0.010314993749747663}, {"l": "Beans", "v": 0.0078098229326439171}, {"l": "Pulses, Other", "v": 0.0039235070528318358}, {"l": "Lemons, Limes", "v": 0.0032240632849746837}, {"l": "Tomatoes", "v": 0.00046309272638727272}, {"l": "Pineapples", "v": 0.00097214121951526701}, {"l": "Bananas", "v": 0.20167958521749221}, {"l": "Vegetables, Other", "v": 0.0068267811760307018}, {"l": "Oranges, Mandarines", "v": 0.018828702920987907}]}, {"source": 11, "prod": 106.0, "target": 17, "value": 0.13096037095013072, "supply": [{"l": "Cocoa Beans", "v": 0.08316767331036734}, {"l": "Coffee", "v": 0.031082155872772882}, {"l": "Spices, Other", "v": 0.0094333703523333343}, {"l": "Pimento", "v": 0.0072771714146571444}]}, {"source": 7, "prod": 46.0, "target": 17, "value": 0.033124359417024955, "supply": [{"l": "Fish, Seafood", "v": 0.016576465729482171}, {"l": "Crustaceans", "v": 0.0096113584721886809}, {"l": "Pelagic Fish", "v": 0.0018762504568176797}, {"l": "Demersal Fish", "v": 0.0050602847585364237}]}, {"source": 12, "prod": 5.0, "target": 17, "value": 0.05131338818027472, "supply": [{"l": "Coconut Oil", "v": 0.05131338818027472}]}, {"source": 18, "prod": 2.0, "target": 10, "value": 0.0031061097501585365, "supply": [{"l": "Coconuts - Incl Copra", "v": 0.0031061097501585365}]}, {"source": 8, "prod": 3.0, "target": 19, "value": 0.0095589963497615012, "supply": [{"l": "Beverages, Alcoholic", "v": 0.0095589963497615012}]}, {"source": 11, "prod": 1.0, "target": 19, "value": 0.0017326598606326529, "supply": [{"l": "Cocoa Beans", "v": 0.0017326598606326529}]}, {"source": 2, "prod": 29.0, "target": 19, "value": 0.090958241680984819, "supply": [{"l": "Wheat", "v": 0.090958241680984819}]}, {"source": 6, "prod": 8.0, "target": 19, "value": 0.0021524946737211011, "supply": [{"l": "Bananas", "v": 0.00076393782279353113}, {"l": "Grapefruit", "v": 0.0013885568509275699}]}, {"source": 18, "prod": 6.0, "target": 1, "value": 0.0037253802814800228, "supply": [{"l": "Milk - Excluding Butter", "v": 0.0037253802814800228}]}, {"source": 12, "prod": 5.0, "target": 19, "value": 0.051403583509852718, "supply": [{"l": "Soyabean Oil", "v": 0.020318028451179488}, {"l": "Groundnut Oil", "v": 0.031085555058673227}]}, {"source": 18, "prod": 3.0, "target": 11, "value": 0.0017267864373762712, "supply": [{"l": "Coffee", "v": 0.0017267864373762712}]}, {"source": 18, "prod": 1010.0, "target": 13, "value": 3.9555577771117001, "supply": [{"l": "Coconut Oil", "v": 0.041050710544219778}, {"l": "Sugar", "v": 3.7291047298239874}, {"l": "Beer", "v": 0.00088943206179142864}, {"l": "Fats, Animals, Raw", "v": 0.15997748729742153}, {"l": "Butter, Ghee", "v": 0.02453541738427982}]}, {"source": 18, "prod": 15.0, "target": 2, "value": 0.062180530708158988, "supply": [{"l": "Maize", "v": 0.015798977988460704}, {"l": "Barley", "v": 0.0339601332684}, {"l": "Rice", "v": 0.012421419451298283}]}, {"source": 1, "prod": 966.0, "target": 7, "value": 0.73409511784277637, "supply": [{"l": "Pelagic Fish", "v": 0.2504794359851602}, {"l": "Crustaceans", "v": 0.014417037708283021}, {"l": "Freshwater Fish", "v": 0.0019744263528139534}, {"l": "Molluscs, Other", "v": 0.0028828636051273344}, {"l": "Aquatic Animals, Others", "v": 0.00075341504865480567}, {"l": "Marine Fish, Other", "v": 0.028300111057000001}, {"l": "Aquatic Products, Other", "v": 0.00075341504865480567}, {"l": "Fish, Seafood", "v": 0.34738506441784384}, {"l": "Demersal Fish", "v": 0.087149348619238412}]}, {"source": 1, "prod": 3034.0, "target": 0, "value": 2.9704428678022712, "supply": [{"l": "Milk - Excluding Butter", "v": 1.4230952675253687}, {"l": "Pigmeat", "v": 0.27474185069070389}, {"l": "Bovine Meat", "v": 0.73580288748200007}, {"l": "Eggs", "v": 0.169800666342}, {"l": "Poultry Meat", "v": 0.18849985162300179}, {"l": "Offals, Edible", "v": 0.075466962818666675}, {"l": "Meat, Other", "v": 0.086627956229712214}, {"l": "Mutton & Goat Meat", "v": 0.028756564461145166}]}, {"source": 13, "prod": 548.0, "target": 8, "value": 2.05920551423955, "supply": [{"l": "Fats, Animals, Raw", "v": 1.3724384436568267}, {"l": "Beer", "v": 0.10450826726049285}, {"l": "Beverages, Alcoholic", "v": 0.37598718975728568}, {"l": "Butter, Ghee", "v": 0.19628333907423856}, {"l": "Wine", "v": 0.009988274490705884}]}, {"source": 13, "prod": 160.0, "target": 12, "value": 1.6398900878442917, "supply": [{"l": "Olive Oil", "v": 0.010612541646375}, {"l": "Soyabean Oil", "v": 0.28445239831651281}, {"l": "Coconut Oil", "v": 0.33866836198981315}, {"l": "Groundnut Oil", "v": 0.34194110564540553}, {"l": "Cottonseed Oil", "v": 0.0070750277642500003}, {"l": "Oilcrops Oil, Other", "v": 0.088165730600653872}, {"l": "Sunflowerseed Oil", "v": 0.56897492188128151}]}, {"source": 13, "prod": 9455.0, "target": 4, "value": 35.896196260143, "supply": [{"l": "Honey", "v": 0.024762597174875001}, {"l": "Sweeteners, Other", "v": 0.023420781564413795}, {"l": "Sugar non-centrifugal", "v": 0.25822721143384025}, {"l": "Sugar", "v": 35.589785669969871}]}, {"source": 5, "prod": 872.75, "target": 20, "value": 3.0378529982182196, "supply": [{"l": "Yams", "v": 0.40096666590000007}, {"l": "Roots, Other", "v": 0.23534999955000002}, {"l": "Potatoes", "v": 0.26585833282499999}, {"l": "Sweet potatoes", "v": 1.0521016646550001}, {"l": "Cassava", "v": 1.0887116645850001}]}, {"source": 3, "prod": 41145.600000000006, "target": 20, "value": 143.46099172569603, "supply": [{"l": "Sugar cane", "v": 143.46099172569603}]}, {"source": 6, "prod": 3878.0, "target": 20, "value": 22.893066480746057, "supply": [{"l": "Vegetables, Other", "v": 1.5010099971299999}, {"l": "Peas", "v": 0.0087166666500000014}, {"l": "Tomatoes", "v": 0.47244333243000003}, {"l": "Beans", "v": 0.28241999946000002}, {"l": "Pulses, Other", "v": 0.45849666579000009}, {"l": "Onions", "v": 0.12900666642}]}, {"source": 2, "prod": 4057.0, "target": 20, "value": 13.93248208351538, "supply": [{"l": "Maize", "v": 3.7028399929199995}, {"l": "Barley", "v": 0.29287999943999998}, {"l": "Rice", "v": 4.1456466587399996}, {"l": "Cereals, Other", "v": 0.069733333200000025}, {"l": "Wheat", "v": 4.2816266584799996}, {"l": "Oats", "v": 0.07321999986000001}, {"l": "Sorghum", "v": 1.5794599969800003}]}, {"source": 10, "prod": 499.5, "target": 20, "value": 0.60638119386989242, "supply": [{"l": "Olives", "v": 0.0017433333300000003}, {"l": "Coconuts - Incl Copra", "v": 1.4591699972100001}, {"l": "Sesame seed", "v": 0.0034866666599999998}, {"l": "Soyabeans", "v": 0.017143032394916744}, {"l": "Groundnuts", "v": 0.23011999956000004}, {"l": "Oilcrops, Other", "v": 0.0034866666600000006}, {"l": "Cottonseed", "v": 0.013946666640000003}]}, {"source": 21, "prod": 0, "target": 2, "value": 7.4474610142802193e-06, "supply": "[{\"l\":'Energy for power irrigation',\"v\":7.4474610142802193e-06}]"}, {"source": 21, "prod": 0, "target": 10, "value": 1.8338707304081683e-06, "supply": "[{\"l\":'Energy for power irrigation',\"v\":1.8338707304081683e-06}]"}, {"source": 21, "prod": 0, "target": 3, "value": 0.00037765621383925086, "supply": "[{\"l\":'Energy for power irrigation',\"v\":0.00037765621383925086}]"}, {"source": 21, "prod": 0, "target": 5, "value": 6.408451171025941e-06, "supply": "[{\"l\":'Energy for power irrigation',\"v\":6.408451171025941e-06}]"}, {"source": 21, "prod": 0, "target": 6, "value": 1.4237739124169922e-05, "supply": "[{\"l\":'Energy for power irrigation',\"v\":1.4237739124169922e-05}]"}, {"source": 21, "prod": 0, "target": 11, "value": 6.5718290439051465e-07, "supply": "[{\"l\":'Energy for power irrigation',\"v\":6.5718290439051465e-07}]"}, {"source": 21, "prod": 0, "target": 13, "value": 0.26386859936603929, "supply": "[{\"l\":'Electricity',\"v\":0.26386859936603929}]"}, {"source": 22, "prod": 0, "target": 21, "value": 0.49736443741265191, "supply": [{"l": "Coal", "v": 0.25907108032259984}, {"l": "Natural gas", "v": 0.075698054028173034}, {"l": "Oil", "v": 0.16259530306187903}]}, {"source": 23, "prod": 0, "target": 21, "value": 0.070164374797183321, "supply": [{"l": "Nuclear", "v": 0.0080110456028565386}, {"l": "Hydroelectric", "v": 0.061355153817504282}, {"l": "Renewable", "v": 0.00079817537682249241}]}, {"source": 22, "prod": 0, "target": 2, "value": 0.019510186140339499, "supply": [{"l": "Motor Gasoline", "v": 0.0033673184551952524}, {"l": "Gas-Diesel oil", "v": 0.0021790021606229622}, {"l": "Natural gas (including LNG)", "v": 4.0539575081357439e-05}, {"l": "Fuel oil", "v": 0.0083937190205950578}, {"l": "Liquefied petroleum gas (LPG)", "v": 0.00023969023766852581}, {"l": "Other fossil fuels", "v": 0.0052899166911763466}]}, {"source": 22, "prod": 0, "target": 10, "value": 0.0048042090101550802, "supply": [{"l": "Motor Gasoline", "v": 0.0008291720820162822}, {"l": "Gas-Diesel oil", "v": 0.00053655981229044599}, {"l": "Natural gas (including LNG)", "v": 9.9825081356362057e-06}, {"l": "Fuel oil", "v": 0.002066878309483476}, {"l": "Liquefied petroleum gas (LPG)", "v": 5.9021579351949054e-05}, {"l": "Other fossil fuels", "v": 0.0013025947188772913}]}, {"source": 22, "prod": 0, "target": 3, "value": 0.98934966090208643, "supply": [{"l": "Motor Gasoline", "v": 0.17075466875780351}, {"l": "Gas-Diesel oil", "v": 0.11049587293582469}, {"l": "Natural gas (including LNG)", "v": 0.0020557371708990642}, {"l": "Fuel oil", "v": 0.4256403812346512}, {"l": "Liquefied petroleum gas (LPG)", "v": 0.012154546022940714}, {"l": "Other fossil fuels", "v": 0.26824845477996734}]}, {"source": 22, "prod": 0, "target": 5, "value": 0.016788281936387772, "supply": [{"l": "Motor Gasoline", "v": 0.0028975372755944352}, {"l": "Gas-Diesel oil", "v": 0.0018750053100159627}, {"l": "Natural gas (including LNG)", "v": 3.4883819721227214e-05}, {"l": "Fuel oil", "v": 0.0072226948732800941}, {"l": "Liquefied petroleum gas (LPG)", "v": 0.00020625058410175587}, {"l": "Other fossil fuels", "v": 0.0045519100736742969}]}, {"source": 22, "prod": 0, "target": 6, "value": 0.037298743826589389, "supply": [{"l": "Motor Gasoline", "v": 0.0064374961642825667}, {"l": "Gas-Diesel oil", "v": 0.0041657236277524512}, {"l": "Natural gas (including LNG)", "v": 7.7501834934929329e-05}, {"l": "Fuel oil", "v": 0.016046754923277114}, {"l": "Liquefied petroleum gas (LPG)", "v": 0.00045822959905276957}, {"l": "Other fossil fuels", "v": 0.010113037677289558}]}, {"source": 22, "prod": 0, "target": 11, "value": 0.0017216284540896081, "supply": [{"l": "Motor Gasoline", "v": 0.00029714074610793693}, {"l": "Gas-Diesel oil", "v": 0.00019228069349347312}, {"l": "Natural gas (including LNG)", "v": 3.5773152277855463e-06}, {"l": "Fuel oil", "v": 0.0007406831179129973}, {"l": "Liquefied petroleum gas (LPG)", "v": 2.115087628428204e-05}, {"l": "Other fossil fuels", "v": 0.0004667957050631333}]}, {"source": 22, "prod": 0, "target": 1, "value": 0.29580599473177444, "supply": [{"l": "Fossil fuels in fisheries", "v": 0.29580599473177444}]}, {"source": 24, "prod": 0.22330159654923423, "target": 2, "value": 0.0027927004804553621, "supply": [{"l": "Potash", "v": 0.0079420853969721476}, {"l": "Phosphate", "v": 0.0067276375770831173}, {"l": "Nitrogen", "v": 0.13841528248514795}]}, {"source": 24, "prod": 0.054986022911679817, "target": 10, "value": 0.00068767754004804213, "supply": [{"l": "Potash", "v": 0.0079420853969721476}, {"l": "Phosphate", "v": 0.0067276375770831173}, {"l": "Nitrogen", "v": 0.13841528248514795}]}, {"source": 24, "prod": 11.323488009583649, "target": 3, "value": 0.1416161411001037, "supply": [{"l": "Potash", "v": 0.0079420853969721476}, {"l": "Phosphate", "v": 0.0067276375770831173}, {"l": "Nitrogen", "v": 0.13841528248514795}]}, {"source": 24, "prod": 0.19214835433901323, "target": 5, "value": 0.0024030853776854, "supply": [{"l": "Potash", "v": 0.0079420853969721476}, {"l": "Phosphate", "v": 0.0067276375770831173}, {"l": "Nitrogen", "v": 0.13841528248514795}]}, {"source": 24, "prod": 0.42689849219518378, "target": 6, "value": 0.0053389659665791928, "supply": [{"l": "Potash", "v": 0.0079420853969721476}, {"l": "Phosphate", "v": 0.0067276375770831173}, {"l": "Nitrogen", "v": 0.13841528248514795}]}, {"source": 24, "prod": 0.019704700903284657, "target": 11, "value": 0.0002464349943315306, "supply": [{"l": "Potash", "v": 0.0079420853969721476}, {"l": "Phosphate", "v": 0.0067276375770831173}, {"l": "Nitrogen", "v": 0.13841528248514795}]}, {"source": 22, "prod": 0, "target": 24, "value": 0.1883636898811733, "supply": [{"l": "Natural gas (including LNG)", "v": 0.12544217534956556}, {"l": "Fuel oil", "v": 0.038453680825186541}, {"l": "Liquefied petroleum gas (LPG)", "v": 0.012233916853210599}, {"l": "Coal", "v": 0.012233916853210599}]}, {"source": 25, "prod": 0, "target": 2, "value": 0.034510366314889365, "supply": "[{\"l\":'Labor',\"v\":0.034510366314889365}]"}, {"source": 25, "prod": 0, "target": 10, "value": 0.0084978693489214871, "supply": "[{\"l\":'Labor',\"v\":0.0084978693489214871}]"}, {"source": 25, "prod": 0, "target": 3, "value": 1.7499996650799996, "supply": "[{\"l\":'Labor',\"v\":1.7499996650799996}]"}, {"source": 25, "prod": 0, "target": 5, "value": 0.029695757654739648, "supply": "[{\"l\":'Labor',\"v\":0.029695757654739648}]"}, {"source": 25, "prod": 0, "target": 6, "value": 0.065975450120355397, "supply": "[{\"l\":'Labor',\"v\":0.065975450120355397}]"}, {"source": 25, "prod": 0, "target": 11, "value": 0.0030452825094233154, "supply": "[{\"l\":'Labor',\"v\":0.0030452825094233154}]"}, {"source": 22, "prod": 0, "target": 16, "value": 10.684237575312425, "supply": "[{\"l\":'Fossil Fuels',\"v\":10.684237575312425}]"}, {"source": 23, "prod": 0, "target": 16, "value": 0.67539706621688078, "supply": "[{\"l\":'Renewables & Nuclear',\"v\":0.023375989422718811},{\"l\":'Biomass & Waste',\"v\":0.65202107679416199}]"}]}