{"nodes": [{"layer": 3, "name": "Cereals", "fill": "#e7ba52"}, {"layer": 5, "name": "Production", "fill": "#b5cf6b"}, {"layer": 3, "name": "Oilcrops", "fill": "#ff9896"}, {"layer": 3, "name": "Fruits, Roots & Vegetables", "fill": "#98df8a"}, {"layer": 3, "name": "Sugar Crops", "fill": "#ffbb78"}, {"layer": 1, "name": "Electricity", "fill": "#bcbd22"}, {"layer": 0, "name": "Fossil Fuels", "fill": "#c49c94"}, {"layer": 0, "name": "Renewables & Nuclear", "fill": "#2ca02c"}, {"layer": 1, "name": "Fertilizers", "fill": "#c5b0d5"}, {"layer": 0, "name": "Labor", "fill": "#7f7f7f"}], "links": [{"source": 0, "prod": 1023.0, "target": 1, "value": 4.1008739264994531, "supply": [{"l": "Maize", "v": 1.3262529270192283}, {"l": "Rice", "v": 2.199125703112244}, {"l": "Sorghum", "v": 0.57549529636798114}]}, {"source": 2, "prod": 438.0, "target": 1, "value": 0.97651669720463752, "supply": [{"l": "Coconuts - Incl Copra", "v": 0.56740321673688121}, {"l": "Sesame seed", "v": 0.022640088845599999}, {"l": "Oilcrops, Other", "v": 0.0056600222113999997}, {"l": "Cottonseed", "v": 0.022640088845599999}, {"l": "Groundnuts", "v": 0.35817328056515629}]}, {"source": 3, "prod": 6540.0, "target": 1, "value": 5.262164562858568, "supply": [{"l": "Roots, Other", "v": 0.21110353112789196}, {"l": "Plantains", "v": 0.75260607842209382}, {"l": "Nuts", "v": 0.0053062708231875}, {"l": "Yams", "v": 0.30611377324707012}, {"l": "Citrus, Other", "v": 0.0022347959881280324}, {"l": "Tomatoes", "v": 0.095372911118392537}, {"l": "Coffee", "v": 0.063334010597016072}, {"l": "Treenuts", "v": 0.0084900333171}, {"l": "Vegetables, Other", "v": 0.16828643259269968}, {"l": "Peas", "v": 0.012735049975650002}, {"l": "Pimento", "v": 0.018192928536642859}, {"l": "Cocoa Beans", "v": 0.072085188541415088}, {"l": "Potatoes", "v": 0.12794534285515033}, {"l": "Beans", "v": 0.32416490847109097}, {"l": "Pulses, Other", "v": 0.34880739290736151}, {"l": "Lemons, Limes", "v": 0.027140270439909835}, {"l": "Pineapples", "v": 0.022128278326484042}, {"l": "Bananas", "v": 0.65245174142489615}, {"l": "Spices, Other", "v": 0.026810631527684217}, {"l": "Fruits, Other", "v": 0.42551268500559247}, {"l": "Sweet potatoes", "v": 0.70115231909632403}, {"l": "Grapefruit", "v": 0.025289460944553196}, {"l": "Oranges, Mandarines", "v": 0.10474933051353241}, {"l": "Cassava", "v": 0.74471113512126041}, {"l": "Onions", "v": 0.014902718056611702}, {"l": "Apples", "v": 0.00053734388082911399}]}, {"source": 4, "prod": 70968.0, "target": 1, "value": 23.909550970156857, "supply": [{"l": "Sugar cane", "v": 23.909550970156857}]}, {"source": 5, "prod": 0, "target": 3, "value": 7.150046314369858e-05, "supply": "[{\"l\":'Energy for power irrigation',\"v\":7.150046314369858e-05}]"}, {"source": 5, "prod": 0, "target": 4, "value": 0.00075419279401760242, "supply": "[{\"l\":'Energy for power irrigation',\"v\":0.00075419279401760242}]"}, {"source": 5, "prod": 0, "target": 0, "value": 2.5723375600374913e-05, "supply": "[{\"l\":'Energy for power irrigation',\"v\":2.5723375600374913e-05}]"}, {"source": 5, "prod": 0, "target": 2, "value": 4.9842029153380857e-06, "supply": "[{\"l\":'Energy for power irrigation',\"v\":4.9842029153380857e-06}]"}, {"source": 6, "prod": 0, "target": 5, "value": 0.0015159034344455714, "supply": [{"l": "Coal", "v": 0.00079744467337889118}, {"l": "Natural gas", "v": 0.00021690769770833662}, {"l": "Oil", "v": 0.00050155106335834367}]}, {"source": 7, "prod": 0, "target": 5, "value": 0.00026153769896849127, "supply": [{"l": "Nuclear", "v": 5.4433634585732153e-05}, {"l": "Hydroelectric", "v": 0.00020436014903421447}, {"l": "Renewable", "v": 2.7439153485446357e-06}]}, {"source": 6, "prod": 0, "target": 3, "value": 0.10586825532074204, "supply": [{"l": "Motor Gasoline", "v": 0.015410767111251075}, {"l": "Gas-Diesel oil", "v": 0.014958532410469442}, {"l": "Natural gas (including LNG)", "v": 0.00018553218493605507}, {"l": "Fuel oil", "v": 0.038414438891010198}, {"l": "Liquefied petroleum gas (LPG)", "v": 0.0010969590434344255}, {"l": "Other fossil fuels", "v": 0.035802025679640852}]}, {"source": 6, "prod": 0, "target": 4, "value": 1.1167071060455946, "supply": [{"l": "Motor Gasoline", "v": 0.16255404503087256}, {"l": "Gas-Diesel oil", "v": 0.15778383603448129}, {"l": "Natural gas (including LNG)", "v": 0.001957008819032326}, {"l": "Fuel oil", "v": 0.40519867598064307}, {"l": "Liquefied petroleum gas (LPG)", "v": 0.011570814642528626}, {"l": "Other fossil fuels", "v": 0.37764272553803691}]}, {"source": 6, "prod": 0, "target": 0, "value": 0.038087709869776477, "supply": [{"l": "Motor Gasoline", "v": 0.0055442571035646893}, {"l": "Gas-Diesel oil", "v": 0.005381558813843829}, {"l": "Natural gas (including LNG)", "v": 6.6748016295737416e-05}, {"l": "Fuel oil", "v": 0.01382017677403243}, {"l": "Liquefied petroleum gas (LPG)", "v": 0.00039464764634854742}, {"l": "Other fossil fuels", "v": 0.012880321515691243}]}, {"source": 6, "prod": 0, "target": 2, "value": 0.0073799363474179583, "supply": [{"l": "Motor Gasoline", "v": 0.0010742642353116459}, {"l": "Gas-Diesel oil", "v": 0.0010427395512054352}, {"l": "Natural gas (including LNG)", "v": 1.2933203735881367e-05}, {"l": "Fuel oil", "v": 0.0026778198335142369}, {"l": "Liquefied petroleum gas (LPG)", "v": 7.6467567088398577e-05}, {"l": "Other fossil fuels", "v": 0.0024957119565623604}]}, {"source": 8, "prod": 2.1438403696753916, "target": 3, "value": 0.02681173857658475, "supply": [{"l": "Potash", "v": 0.016660771270191527}, {"l": "Phosphate", "v": 0.014113123349600319}, {"l": "Nitrogen", "v": 0.29036521851844865}]}, {"source": 8, "prod": 22.613405385692385, "target": 4, "value": 0.28281243422024055, "supply": [{"l": "Potash", "v": 0.016660771270191527}, {"l": "Phosphate", "v": 0.014113123349600319}, {"l": "Nitrogen", "v": 0.29036521851844865}]}, {"source": 8, "prod": 0.77127907473235513, "target": 0, "value": 0.0096459294329107291, "supply": [{"l": "Potash", "v": 0.016660771270191527}, {"l": "Phosphate", "v": 0.014113123349600319}, {"l": "Nitrogen", "v": 0.29036521851844865}]}, {"source": 8, "prod": 0.14944428260668233, "target": 2, "value": 0.001869010908504496, "supply": [{"l": "Potash", "v": 0.016660771270191527}, {"l": "Phosphate", "v": 0.014113123349600319}, {"l": "Nitrogen", "v": 0.29036521851844865}]}, {"source": 6, "prod": 0, "target": 8, "value": 0.39514613553714273, "supply": [{"l": "Natural gas (including LNG)", "v": 0.26315045566384243}, {"l": "Fuel oil", "v": 0.080667475694687435}, {"l": "Liquefied petroleum gas (LPG)", "v": 0.025664102089306442}, {"l": "Coal", "v": 0.025664102089306442}]}, {"source": 9, "prod": 0, "target": 3, "value": 0.17875217793128184, "supply": "[{\"l\":'Labor',\"v\":0.17875217793128184}]"}, {"source": 9, "prod": 0, "target": 4, "value": 1.885492744848134, "supply": "[{\"l\":'Labor',\"v\":1.885492744848134}]"}, {"source": 9, "prod": 0, "target": 0, "value": 0.06430880598731685, "supply": "[{\"l\":'Labor',\"v\":0.06430880598731685}]"}, {"source": 9, "prod": 0, "target": 2, "value": 0.01246057839622045, "supply": "[{\"l\":'Labor',\"v\":0.01246057839622045}]"}]}