{"nodes": [{"layer": 13, "name": "Animal Products", "fill": "#17becf"}, {"layer": 10, "name": "Feed", "fill": "#dbdb8d"}, {"layer": 5, "name": "Cereals", "fill": "#e7ba52"}, {"layer": 5, "name": "Oilcrops", "fill": "#ff9896"}, {"layer": 5, "name": "Sugar Crops", "fill": "#ffbb78"}, {"layer": 13, "name": "Sugar", "fill": "#d6616b"}, {"layer": 5, "name": "Starchy Roots"}, {"layer": 5, "name": "Fruits & Vegetables"}, {"layer": 13, "name": "Aquatic Products", "fill": "#1f77b4"}, {"layer": 13, "name": "Other Processed", "fill": "#9c9ede"}, {"layer": 16, "name": "Food", "fill": "#b5cf6b"}, {"layer": 5, "name": "Others"}, {"layer": 13, "name": "Vegetable Oils", "fill": "#f7b6d2"}, {"layer": 10, "name": "Processing", "fill": "#9edae5"}, {"layer": 16, "name": "Biofuels & Other", "fill": "#e7ba52"}, {"name": "Waste", "fill": "#c7c7c7"}, {"layer": 2, "name": "Import", "fill": "#aec7e8"}, {"layer": 16, "name": "Export", "fill": "#aec7e8"}, {"layer": 0, "name": "Stock Draw", "fill": "#c7c7c7"}, {"layer": 16, "name": "Stock Deposit", "fill": "#c7c7c7"}, {"name": "Crop Residue", "fill": "#bd9e39"}, {"layer": 2, "name": "Electricity", "fill": "#bcbd22"}, {"layer": 0, "name": "Fossil Fuels", "fill": "#c49c94"}, {"layer": 0, "name": "Renewables & Nuclear", "fill": "#2ca02c"}, {"layer": 2, "name": "Fertilizers", "fill": "#c5b0d5"}, {"layer": 0, "name": "Labor", "fill": "#7f7f7f"}], "links": [{"source": 0, "prod": 2.0, "target": 1, "value": 0.0034299986344103047, "supply": [{"l": "Meat, Other", "v": 0.0022342192939736848}, {"l": "Offals, Edible", "v": 0.0011957793404366198}]}, {"source": 2, "prod": 585.0, "target": 1, "value": 2.152017095696495, "supply": [{"l": "Maize", "v": 1.3351992396692602}, {"l": "Oats", "v": 0.025240639591378379}, {"l": "Barley", "v": 0.093000364957632517}, {"l": "Rice", "v": 0.02896542330088589}, {"l": "Sorghum", "v": 0.28255261435673534}, {"l": "Cereals, Other", "v": 0.011846558116883722}, {"l": "Wheat", "v": 0.37521225570371902}]}, {"source": 3, "prod": 1.0, "target": 1, "value": 0.0069104922348488373, "supply": [{"l": "Oilcrops, Other", "v": 0.0069104922348488373}]}, {"source": 4, "prod": 3565.0, "target": 1, "value": 1.2566357142836921, "supply": [{"l": "Sugar cane", "v": 1.2566357142836921}]}, {"source": 5, "prod": 94.0, "target": 1, "value": 0.36619985478504119, "supply": [{"l": "Sugar", "v": 0.36619985478504119}]}, {"source": 6, "prod": 114.0, "target": 1, "value": 0.12673102258865548, "supply": [{"l": "Roots, Other", "v": 0.013022561064077691}, {"l": "Potatoes", "v": 0.0022683295122022905}, {"l": "Yams", "v": 0.0010572893296513079}, {"l": "Sweet potatoes", "v": 0.027966295854492795}, {"l": "Cassava", "v": 0.082416546828231393}]}, {"source": 7, "prod": 115.0, "target": 1, "value": 0.084626561274985232, "supply": [{"l": "Fruits, Other", "v": 0.014668643951010472}, {"l": "Bananas", "v": 0.0076372113797001503}, {"l": "Vegetables, Other", "v": 0.00057014875755860821}, {"l": "Plantains", "v": 0.061750557186716001}]}, {"source": 8, "prod": 210.0, "target": 1, "value": 0.1660315830415186, "supply": [{"l": "Fish, Seafood", "v": 0.074786367306669474}, {"l": "Pelagic Fish", "v": 0.082190748069797884}, {"l": "Demersal Fish", "v": 0.0090544676650512468}]}, {"source": 9, "prod": 358.0, "target": 10, "value": 1.126012605659481, "supply": [{"l": "Beer", "v": 0.081638855786279704}, {"l": "Beverages, Alcoholic", "v": 0.2635678750399974}, {"l": "Fats, Animals, Raw", "v": 0.62095708795998839}, {"l": "Butter, Ghee", "v": 0.15581140689905115}, {"l": "Wine", "v": 0.0040373799741644026}]}, {"source": 0, "prod": 2527.0, "target": 10, "value": 2.6818377259774833, "supply": [{"l": "Mutton & Goat Meat", "v": 0.027592608280575002}, {"l": "Meat, Other", "v": 0.073729236701131601}, {"l": "Eggs", "v": 0.13590161244998203}, {"l": "Pigmeat", "v": 0.26438761470700672}, {"l": "Poultry Meat", "v": 0.16289017410715118}, {"l": "Milk - Excluding Butter", "v": 1.1900963320175828}, {"l": "Offals, Edible", "v": 0.072942539766633813}, {"l": "Bovine Meat", "v": 0.75429760794741985}]}, {"source": 2, "prod": 1963.0, "target": 10, "value": 6.9834688729897865, "supply": [{"l": "Maize", "v": 0.95484574706318015}, {"l": "Barley", "v": 0.0060000235456537099}, {"l": "Cereals, Other", "v": 0.026654755762988369}, {"l": "Rice", "v": 2.3172338640708712}, {"l": "Wheat", "v": 3.15178294791124}, {"l": "Oats", "v": 0.01835682879372973}, {"l": "Sorghum", "v": 0.50859470584212363}]}, {"source": 3, "prod": 122.0, "target": 10, "value": 0.24520001468738858, "supply": [{"l": "Coconuts - Incl Copra", "v": 0.17239304292737404}, {"l": "Sesame seed", "v": 0.010612541646375}, {"l": "Groundnuts", "v": 0.062194430113639537}]}, {"source": 4, "prod": 180.0, "target": 10, "value": 0.06344864756551602, "supply": [{"l": "Sugar cane", "v": 0.06344864756551602}]}, {"source": 5, "prod": 875.0, "target": 10, "value": 3.3997691752760022, "supply": [{"l": "Sugar", "v": 3.108803022536839}, {"l": "Sugar non-centrifugal", "v": 0.26491053324875324}, {"l": "Sweeteners, Other", "v": 0.017565586173310346}, {"l": "Honey", "v": 0.0084900333171}]}, {"source": 6, "prod": 1380.0, "target": 10, "value": 1.4628104599677274, "supply": [{"l": "Roots, Other", "v": 0.12785787226549006}, {"l": "Yams", "v": 0.18185376470002496}, {"l": "Potatoes", "v": 0.12702645268332824}, {"l": "Sweet potatoes", "v": 0.52705711418082568}, {"l": "Cassava", "v": 0.49901525613805858}]}, {"source": 7, "prod": 2977.0, "target": 10, "value": 2.4693405776801773, "supply": [{"l": "Pulses, Other", "v": 0.62539421096637982}, {"l": "Plantains", "v": 0.5998625555280982}, {"l": "Citrus, Other", "v": 0.0022147913001130436}, {"l": "Tomatoes", "v": 0.027132256186125719}, {"l": "Treenuts", "v": 0.010612541646375}, {"l": "Vegetables, Other", "v": 0.10006110695153574}, {"l": "Peas", "v": 0.007718212106454546}, {"l": "Grapes", "v": 0.0040300791062183542}, {"l": "Beans", "v": 0.29025754930256414}, {"l": "Apples", "v": 0.0027081445987559806}, {"l": "Lemons, Limes", "v": 0.018243046797074381}, {"l": "Pineapples", "v": 0.009228297083804347}, {"l": "Bananas", "v": 0.32687264705116648}, {"l": "Fruits, Other", "v": 0.32715521054374869}, {"l": "Grapefruit", "v": 0.0090964642683214296}, {"l": "Oranges, Mandarines", "v": 0.081772426159436848}, {"l": "Onions", "v": 0.02698103808400424}]}, {"source": 11, "prod": 91.0, "target": 10, "value": 0.11124150609953422, "supply": [{"l": "Nuts", "v": 0.012128619024428572}, {"l": "Cocoa Beans", "v": 0.018192928536642859}, {"l": "Coffee", "v": 0.036195753326821317}, {"l": "Pimento", "v": 0.0027387204248709679}, {"l": "Pepper", "v": 0.0028300111056999999}, {"l": "Infant food", "v": 0.029388576866884623}, {"l": "Spices, Other", "v": 0.0084900333171}, {"l": "Tea", "v": 0.0012768634970858712}]}, {"source": 8, "prod": 511.0, "target": 10, "value": 0.36818707012091922, "supply": [{"l": "Freshwater Fish", "v": 0.0020214365040714288}, {"l": "Crustaceans", "v": 0.0089368771758947391}, {"l": "Aquatic Products, Other", "v": 0.00073613005639595387}, {"l": "Marine Fish, Other", "v": 0.027236812086650287}, {"l": "Demersal Fish", "v": 0.099599144315563728}, {"l": "Pelagic Fish", "v": 0.045159751686702138}, {"l": "Fish, Seafood", "v": 0.18162403488762585}, {"l": "Molluscs, Other", "v": 0.0021367533516191274}, {"l": "Aquatic Animals, Others", "v": 0.00073613005639595387}]}, {"source": 12, "prod": 131.0, "target": 10, "value": 1.3472852859642144, "supply": [{"l": "Groundnut Oil", "v": 0.25023256092505264}, {"l": "Soyabean Oil", "v": 0.2965314556373978}, {"l": "Sunflowerseed Oil", "v": 0.53595518964738276}, {"l": "Olive Oil", "v": 0.0084900333171}, {"l": "Coconut Oil", "v": 0.19694902869319189}, {"l": "Oilcrops Oil, Other", "v": 0.031837624939125002}, {"l": "Cottonseed Oil", "v": 0.027289392804964289}]}, {"source": 4, "prod": 58883.0, "target": 13, "value": 20.755815081112665, "supply": [{"l": "Sugar cane", "v": 20.755815081112665}]}, {"source": 2, "prod": 35.0, "target": 13, "value": 0.10500041204893992, "supply": [{"l": "Barley", "v": 0.10500041204893992}]}, {"source": 3, "prod": 366.0, "target": 13, "value": 0.93692011152619092, "supply": [{"l": "Cottonseed", "v": 0.020731476704546514}, {"l": "Groundnuts", "v": 0.34552461174244187}, {"l": "Soyabeans", "v": 0.13892781791618183}, {"l": "Oilcrops, Other", "v": 0.0069104922348488373}, {"l": "Coconuts - Incl Copra", "v": 0.42482571292817178}]}, {"source": 9, "prod": 77.0, "target": 14, "value": 0.60163945136388508, "supply": [{"l": "Beer", "v": 0.001834581028905162}, {"l": "Beverages, Alcoholic", "v": 0.0032142423785365536}, {"l": "Wine", "v": 0.00080747599483288056}, {"l": "Fats, Animals, Raw", "v": 0.59578315196161047}]}, {"source": 0, "prod": 12.0, "target": 14, "value": 0.015525736936338146, "supply": [{"l": "Pigmeat", "v": 0.0055080753063959731}, {"l": "Milk - Excluding Butter", "v": 0.004574779969315255}, {"l": "Bovine Meat", "v": 0.0024812421314059862}, {"l": "Poultry Meat", "v": 0.0029616395292209308}]}, {"source": 2, "prod": 9.0, "target": 14, "value": 0.030163216811541483, "supply": [{"l": "Rice", "v": 0.0082758352288245414}, {"l": "Wheat", "v": 0.021887381582716942}]}, {"source": 3, "prod": 11.0, "target": 14, "value": 0.016931459573224235, "supply": [{"l": "Coconuts - Incl Copra", "v": 0.016931459573224235}]}, {"source": 5, "prod": 12.0, "target": 14, "value": 0.045780772191673563, "supply": [{"l": "Sugar", "v": 0.042853174496121839}, {"l": "Sweeteners, Other", "v": 0.002927597695551724}]}, {"source": 6, "prod": 16.0, "target": 14, "value": 0.017373008160623146, "supply": [{"l": "Roots, Other", "v": 0.0011838691876434263}, {"l": "Potatoes", "v": 0.0015122196748015267}, {"l": "Cassava", "v": 0.014676919298178192}]}, {"source": 7, "prod": 26.0, "target": 14, "value": 0.0098083858934333822, "supply": [{"l": "Fruits, Other", "v": 0.0022225218107591619}, {"l": "Lemons, Limes", "v": 0.0038591060532272726}, {"l": "Tomatoes", "v": 0.00048886948083109408}, {"l": "Bananas", "v": 0.0015274422759400303}, {"l": "Vegetables, Other", "v": 0.0017104462726758246}]}, {"source": 12, "prod": 26.0, "target": 14, "value": 0.27068566056961679, "supply": [{"l": "Coconut Oil", "v": 0.09329164517045932}, {"l": "Groundnut Oil", "v": 0.010426356705210527}, {"l": "Oilcrops Oil, Other", "v": 0.074287791524625002}, {"l": "Soyabean Oil", "v": 0.010225222608186132}, {"l": "Sunflowerseed Oil", "v": 0.082454644561135812}]}, {"source": 6, "prod": 18.0, "target": 6, "value": 0.014465495773699067, "supply": [{"l": "Roots, Other", "v": 0.0023677383752868527}, {"l": "Potatoes", "v": 0.012097757398412214}]}, {"source": 7, "prod": 11.0, "target": 7, "value": 0.042923469436164541, "supply": [{"l": "Beans", "v": 0.027090704601572653}, {"l": "Pulses, Other", "v": 0.015832764834591891}]}, {"source": 0, "prod": 7.0, "target": 0, "value": 0.010688890866852518, "supply": [{"l": "Eggs", "v": 0.010688890866852518}]}, {"source": 2, "prod": 32.0, "target": 2, "value": 0.12899624323848116, "supply": [{"l": "Maize", "v": 0.04358217102778001}, {"l": "Rice", "v": 0.070344599445008593}, {"l": "Sorghum", "v": 0.015069472765692553}]}, {"source": 3, "prod": 3.0, "target": 3, "value": 0.020731476704546514, "supply": [{"l": "Groundnuts", "v": 0.020731476704546514}]}, {"source": 0, "prod": 56.0, "target": 15, "value": 0.040965461824191515, "supply": [{"l": "Milk - Excluding Butter", "v": 0.033330539776439717}, {"l": "Eggs", "v": 0.0076349220477517996}]}, {"source": 2, "prod": 116.0, "target": 15, "value": 0.42198343739096933, "supply": [{"l": "Maize", "v": 0.11886046643940001}, {"l": "Barley", "v": 0.0030000117728268549}, {"l": "Rice", "v": 0.1117237755891313}, {"l": "Sorghum", "v": 0.04144105010565452}, {"l": "Wheat", "v": 0.14695813348395664}]}, {"source": 3, "prod": 8.0, "target": 15, "value": 0.028427594692375713, "supply": [{"l": "Coconuts - Incl Copra", "v": 0.0076961179878291984}, {"l": "Groundnuts", "v": 0.020731476704546514}]}, {"source": 4, "prod": 261.0, "target": 15, "value": 0.092000538969998227, "supply": [{"l": "Sugar cane", "v": 0.092000538969998227}]}, {"source": 5, "prod": 28.0, "target": 15, "value": 0.10908080780831016, "supply": [{"l": "Sugar", "v": 0.10908080780831016}]}, {"source": 6, "prod": 219.0, "target": 15, "value": 0.2341992581706531, "supply": [{"l": "Roots, Other", "v": 0.020125776189938251}, {"l": "Potatoes", "v": 0.015122196748015269}, {"l": "Yams", "v": 0.02854681190058531}, {"l": "Sweet potatoes", "v": 0.092503901672553082}, {"l": "Cassava", "v": 0.077900571659561185}]}, {"source": 7, "prod": 418.0, "target": 15, "value": 0.27887093048658951, "supply": [{"l": "Pineapples", "v": 0.0011073956500565218}, {"l": "Fruits, Other", "v": 0.053785027820371721}, {"l": "Grapefruit", "v": 0.0018950967225669646}, {"l": "Beans", "v": 0.015480402629470086}, {"l": "Plantains", "v": 0.089979383329214735}, {"l": "Tomatoes", "v": 0.0029332168849865643}, {"l": "Lemons, Limes", "v": 0.0014033112920826445}, {"l": "Bananas", "v": 0.066443739003391317}, {"l": "Vegetables, Other", "v": 0.011688049529951467}, {"l": "Oranges, Mandarines", "v": 0.0077080565642092111}, {"l": "Onions", "v": 0.0026981038084004237}, {"l": "Pulses, Other", "v": 0.023749147251887835}]}, {"source": 11, "prod": 2.0, "target": 15, "value": 0.0010645809802006271, "supply": [{"l": "Coffee", "v": 0.0010645809802006271}]}, {"source": 16, "prod": 29.0, "target": 11, "value": 0.059268450057003763, "supply": [{"l": "Nuts", "v": 0.0060643095122142861}, {"l": "Cocoa Beans", "v": 0.0060643095122142861}, {"l": "Pepper", "v": 0.0028300111056999999}, {"l": "Coffee", "v": 0.007984357351504703}, {"l": "Infant food", "v": 0.029388576866884623}, {"l": "Spices, Other", "v": 0.0056600222113999997}, {"l": "Tea", "v": 0.0012768634970858712}]}, {"source": 16, "prod": 1501.0, "target": 1, "value": 1.1922893985245411, "supply": [{"l": "Freshwater Fish", "v": 0.0020214365040714288}, {"l": "Meat, Other", "v": 0.060323920937289485}, {"l": "Eggs", "v": 0.0045809532286510794}, {"l": "Marine Fish, Other", "v": 0.0073613005639595382}, {"l": "Demersal Fish", "v": 0.082136956675822048}, {"l": "Mutton & Goat Meat", "v": 0.0084900333171}, {"l": "Pigmeat", "v": 0.055080753063959736}, {"l": "Milk - Excluding Butter", "v": 0.56465855621262573}, {"l": "Fish, Seafood", "v": 0.19017104829410236}, {"l": "Pelagic Fish", "v": 0.11651215935169151}, {"l": "Poultry Meat", "v": 0.019250656939936047}, {"l": "Offals, Edible", "v": 0.0047831173617464791}, {"l": "Bovine Meat", "v": 0.076918506073585566}]}, {"source": 16, "prod": 351.0, "target": 13, "value": 2.588743141551527, "supply": [{"l": "Sugar", "v": 0.20257864307257598}, {"l": "Beer", "v": 0.011007486173430971}, {"l": "Groundnut Oil", "v": 0.083410853641684213}, {"l": "Beverages, Alcoholic", "v": 0.03214242378536554}, {"l": "Fats, Animals, Raw", "v": 1.0321313759334942}, {"l": "Soyabean Oil", "v": 0.28630623302921171}, {"l": "Butter, Ghee", "v": 0.15581140689905115}, {"l": "Palm Oil", "v": 0.010325716196472974}, {"l": "Sunflowerseed Oil", "v": 0.57718251192795078}, {"l": "Olive Oil", "v": 0.0084900333171}, {"l": "Coconut Oil", "v": 0.051828691761366279}, {"l": "Oilcrops Oil, Other", "v": 0.084900333171}, {"l": "Wine", "v": 0.0048448559689972829}, {"l": "Sweeteners, Other", "v": 0.020493183868862071}, {"l": "Cottonseed Oil", "v": 0.027289392804964289}]}, {"source": 16, "prod": 1860.0, "target": 2, "value": 6.2644243578598298, "supply": [{"l": "Maize", "v": 0.96276977815914022}, {"l": "Barley", "v": 0.2460009653718021}, {"l": "Rice", "v": 1.1213756735057254}, {"l": "Cereals, Other", "v": 0.038501313879872094}, {"l": "Wheat", "v": 3.8521791585581822}, {"l": "Oats", "v": 0.043597468385108105}]}, {"source": 16, "prod": 231.0, "target": 7, "value": 0.45907581069356496, "supply": [{"l": "Plantains", "v": 0.0044107540847654284}, {"l": "Tomatoes", "v": 0.00024443474041554704}, {"l": "Vegetables, Other", "v": 0.0079820826058205133}, {"l": "Grapes", "v": 0.0040300791062183542}, {"l": "Beans", "v": 0.038701006573675222}, {"l": "Apples", "v": 0.0021665156790047846}, {"l": "Lemons, Limes", "v": 0.00035082782302066112}, {"l": "Bananas", "v": 0.00076372113797001516}, {"l": "Fruits, Other", "v": 0.022669722469743456}, {"l": "Grapefruit", "v": 0.00094754836128348229}, {"l": "Oranges, Mandarines", "v": 0.0040215947291526322}, {"l": "Onions", "v": 0.0086339321868813563}, {"l": "Pulses, Other", "v": 0.36415359119561352}]}, {"source": 16, "prod": 63.0, "target": 3, "value": 0.1912293923250255, "supply": [{"l": "Coconuts - Incl Copra", "v": 0.038480589939145993}, {"l": "Groundnuts", "v": 0.0069104922348488373}, {"l": "Oilcrops, Other", "v": 0.0069104922348488373}, {"l": "Soyabeans", "v": 0.13892781791618183}]}, {"source": 16, "prod": 79.0, "target": 6, "value": 0.061227229707612796, "supply": [{"l": "Roots, Other", "v": 0.0023677383752868527}, {"l": "Potatoes", "v": 0.056708237805057266}, {"l": "Sweet potatoes", "v": 0.0021512535272686763}]}, {"source": 9, "prod": 20.0, "target": 17, "value": 0.066706320070343564, "supply": [{"l": "Beer", "v": 0.00045864525722629049}, {"l": "Beverages, Alcoholic", "v": 0.057856362813657976}, {"l": "Fats, Animals, Raw", "v": 0.008391311999459302}]}, {"source": 0, "prod": 14.0, "target": 17, "value": 0.0255988791607362, "supply": [{"l": "Milk - Excluding Butter", "v": 0.003267699978082325}, {"l": "Bovine Meat", "v": 0.022331179182653874}]}, {"source": 2, "prod": 3.0, "target": 17, "value": 0.0093803063925929752, "supply": [{"l": "Wheat", "v": 0.0093803063925929752}]}, {"source": 3, "prod": 41.0, "target": 17, "value": 0.06310816750019943, "supply": [{"l": "Coconuts - Incl Copra", "v": 0.06310816750019943}]}, {"source": 5, "prod": 6147.0, "target": 17, "value": 23.941901983498383, "supply": [{"l": "Sugar", "v": 23.92765434138003}, {"l": "Sweeteners, Other", "v": 0.002927597695551724}, {"l": "Honey", "v": 0.011320044422799999}]}, {"source": 6, "prod": 28.0, "target": 17, "value": 0.031913453887236619, "supply": [{"l": "Roots, Other", "v": 0.014206430251721115}, {"l": "Yams", "v": 0.0021145786593026157}, {"l": "Sweet potatoes", "v": 0.0043025070545373526}, {"l": "Cassava", "v": 0.011289937921675533}]}, {"source": 7, "prod": 474.0, "target": 17, "value": 0.28758367374314525, "supply": [{"l": "Plantains", "v": 0.0035286032678123426}, {"l": "Fruits, Other", "v": 0.0066675654322774867}, {"l": "Grapefruit", "v": 0.0098545029573482157}, {"l": "Lemons, Limes", "v": 0.0031574504071859512}, {"l": "Tomatoes", "v": 0.00024443474041554704}, {"l": "Pineapples", "v": 0.00036913188335217393}, {"l": "Bananas", "v": 0.23751727390867472}, {"l": "Vegetables, Other", "v": 0.0051313388180274731}, {"l": "Oranges, Mandarines", "v": 0.021113372328051317}]}, {"source": 11, "prod": 97.0, "target": 17, "value": 0.11875388569380159, "supply": [{"l": "Cocoa Beans", "v": 0.072771714146571437}, {"l": "Coffee", "v": 0.029275976955517244}, {"l": "Spices, Other", "v": 0.0084900333171}, {"l": "Pimento", "v": 0.0082161612746129049}]}, {"source": 8, "prod": 34.0, "target": 17, "value": 0.028789855938274957, "supply": [{"l": "Fish, Seafood", "v": 0.012108268992508392}, {"l": "Crustaceans", "v": 0.012288206116855264}, {"l": "Pelagic Fish", "v": 0.0018063900674680855}, {"l": "Demersal Fish", "v": 0.0025869907614432136}]}, {"source": 12, "prod": 6.0, "target": 17, "value": 0.062441233407741277, "supply": [{"l": "Coconut Oil", "v": 0.051828691761366279}, {"l": "Oilcrops Oil, Other", "v": 0.010612541646375}]}, {"source": 18, "prod": 1.0, "target": 7, "value": 0.00076372113797001516, "supply": [{"l": "Bananas", "v": 0.00076372113797001516}]}, {"source": 18, "prod": 6.0, "target": 3, "value": 0.0092353415853950391, "supply": [{"l": "Coconuts - Incl Copra", "v": 0.0092353415853950391}]}, {"source": 11, "prod": 7.0, "target": 19, "value": 0.0096826174865866557, "supply": [{"l": "Coffee", "v": 0.0015968714703009405}, {"l": "Cocoa Beans", "v": 0.0080857460162857154}]}, {"source": 7, "prod": 15.0, "target": 19, "value": 0.002842645083850447, "supply": [{"l": "Grapefruit", "v": 0.002842645083850447}]}, {"source": 18, "prod": 5.0, "target": 1, "value": 0.0087508063854508881, "supply": [{"l": "Bovine Meat", "v": 0.0074437263942179581}, {"l": "Milk - Excluding Butter", "v": 0.00130707999123293}]}, {"source": 12, "prod": 4.0, "target": 19, "value": 0.041227322280567906, "supply": [{"l": "Sunflowerseed Oil", "v": 0.041227322280567906}]}, {"source": 18, "prod": 14.0, "target": 13, "value": 0.085358188796944373, "supply": [{"l": "Soyabean Oil", "v": 0.04090089043274453}, {"l": "Beer", "v": 0.0027518715433577428}, {"l": "Groundnut Oil", "v": 0.041705426820842106}]}, {"source": 6, "prod": 2.0, "target": 19, "value": 0.0023677383752868527, "supply": [{"l": "Roots, Other", "v": 0.0023677383752868527}]}, {"source": 5, "prod": 478.0, "target": 19, "value": 1.8621652190132947, "supply": [{"l": "Sugar", "v": 1.8621652190132947}]}, {"source": 18, "prod": 60.0, "target": 2, "value": 0.18595828653070576, "supply": [{"l": "Wheat", "v": 0.14695813348395664}, {"l": "Barley", "v": 0.039000153046749114}]}, {"source": 1, "prod": 755.0, "target": 8, "value": 0.56300850910071276, "supply": [{"l": "Pelagic Fish", "v": 0.12915688982396811}, {"l": "Crustaceans", "v": 0.021225083292750004}, {"l": "Freshwater Fish", "v": 0.0020214365040714288}, {"l": "Molluscs, Other", "v": 0.0021367533516191274}, {"l": "Aquatic Animals, Others", "v": 0.00073613005639595387}, {"l": "Demersal Fish", "v": 0.11124060274205819}, {"l": "Aquatic Products, Other", "v": 0.00073613005639595387}, {"l": "Fish, Seafood", "v": 0.26851867118680373}, {"l": "Marine Fish, Other", "v": 0.027236812086650287}]}, {"source": 1, "prod": 2611.0, "target": 0, "value": 2.7673578025331595, "supply": [{"l": "Milk - Excluding Butter", "v": 1.2312693517414199}, {"l": "Pigmeat", "v": 0.26989569001340269}, {"l": "Bovine Meat", "v": 0.77911002926147976}, {"l": "Eggs", "v": 0.15422542536458633}, {"l": "Poultry Meat", "v": 0.16585181363637211}, {"l": "Offals, Edible", "v": 0.07413831910707043}, {"l": "Meat, Other", "v": 0.075963455995105289}, {"l": "Mutton & Goat Meat", "v": 0.027592608280575002}]}, {"source": 13, "prod": 455.0, "target": 9, "value": 1.7943583770937095, "supply": [{"l": "Fats, Animals, Raw", "v": 1.2251315519210579}, {"l": "Beer", "v": 0.083932082072411152}, {"l": "Beverages, Alcoholic", "v": 0.32463848023219194}, {"l": "Butter, Ghee", "v": 0.15581140689905115}, {"l": "Wine", "v": 0.0048448559689972829}]}, {"source": 13, "prod": 167.0, "target": 12, "value": 1.7216395022221405, "supply": [{"l": "Olive Oil", "v": 0.0084900333171}, {"l": "Soyabean Oil", "v": 0.30675667824558395}, {"l": "Coconut Oil", "v": 0.3420693656250175}, {"l": "Groundnut Oil", "v": 0.26065891763026316}, {"l": "Cottonseed Oil", "v": 0.027289392804964289}, {"l": "Oilcrops Oil, Other", "v": 0.11673795811012501}, {"l": "Sunflowerseed Oil", "v": 0.6596371564890865}]}, {"source": 13, "prod": 7634.0, "target": 5, "value": 29.724897812572706, "supply": [{"l": "Honey", "v": 0.019810077739899998}, {"l": "Sweeteners, Other", "v": 0.023420781564413795}, {"l": "Sugar non-centrifugal", "v": 0.26491053324875324}, {"l": "Sugar", "v": 29.416756420019638}]}, {"source": 6, "prod": 867.75, "target": 20, "value": 3.0091946929178111, "supply": [{"l": "Yams", "v": 0.35302499932499998}, {"l": "Roots, Other", "v": 0.26062833283500009}, {"l": "Potatoes", "v": 0.29985333275999998}, {"l": "Sweet potatoes", "v": 1.0538449979850002}, {"l": "Cassava", "v": 1.0582033313099999}]}, {"source": 4, "prod": 25156.0, "target": 20, "value": 87.710586498960012, "supply": [{"l": "Sugar cane", "v": 87.710586498960012}]}, {"source": 7, "prod": 3906.0, "target": 20, "value": 20.88531012612464, "supply": [{"l": "Vegetables, Other", "v": 1.4051266639800002}, {"l": "Peas", "v": 0.0087166666499999997}, {"l": "Tomatoes", "v": 0.43757666583000004}, {"l": "Beans", "v": 0.28241999946000007}, {"l": "Pulses, Other", "v": 0.42711666584999997}, {"l": "Onions", "v": 0.16561666635000002}]}, {"source": 2, "prod": 3688.0, "target": 20, "value": 13.747590128496896, "supply": [{"l": "Maize", "v": 3.4692333267000008}, {"l": "Barley", "v": 0.2093787321264618}, {"l": "Rice", "v": 3.33325332696}, {"l": "Cereals, Other", "v": 0.045326666579999994}, {"l": "Wheat", "v": 4.1316999921000006}, {"l": "Oats", "v": 0.066246666540000013}, {"l": "Sorghum", "v": 1.5724866636600001}]}, {"source": 3, "prod": 522.0, "target": 20, "value": 0.61667616707375361, "supply": [{"l": "Coconuts - Incl Copra", "v": 1.51495666377}, {"l": "Sesame seed", "v": 0.0034866666599999998}, {"l": "Soyabeans", "v": 0.035047792140779223}, {"l": "Groundnuts", "v": 0.22314666623999999}, {"l": "Oilcrops, Other", "v": 0.0052299999899999994}, {"l": "Cottonseed", "v": 0.010459999980000001}]}, {"source": 21, "prod": 0, "target": 2, "value": 9.595495323276048e-06, "supply": "[{\"l\":'Energy for power irrigation',\"v\":9.595495323276048e-06}]"}, {"source": 21, "prod": 0, "target": 3, "value": 2.7162953138558014e-06, "supply": "[{\"l\":'Energy for power irrigation',\"v\":2.7162953138558014e-06}]"}, {"source": 21, "prod": 0, "target": 4, "value": 0.00032725634538006005, "supply": "[{\"l\":'Energy for power irrigation',\"v\":0.00032725634538006005}]"}, {"source": 21, "prod": 0, "target": 6, "value": 9.030901373940121e-06, "supply": "[{\"l\":'Energy for power irrigation',\"v\":9.030901373940121e-06}]"}, {"source": 21, "prod": 0, "target": 7, "value": 2.0325382176093411e-05, "supply": "[{\"l\":'Energy for power irrigation',\"v\":2.0325382176093411e-05}]"}, {"source": 21, "prod": 0, "target": 11, "value": 9.1323721758945034e-07, "supply": "[{\"l\":'Energy for power irrigation',\"v\":9.1323721758945034e-07}]"}, {"source": 21, "prod": 0, "target": 13, "value": 0.23904645516530026, "supply": "[{\"l\":'Electricity',\"v\":0.23904645516530026}]"}, {"source": 22, "prod": 0, "target": 21, "value": 0.45113485520242197, "supply": [{"l": "Coal", "v": 0.23470023919387528}, {"l": "Natural gas", "v": 0.069134668546619579}, {"l": "Oil", "v": 0.14729994746192709}]}, {"source": 23, "prod": 0, "target": 21, "value": 0.063564005396827397, "supply": [{"l": "Nuclear", "v": 0.0072574457822240195}, {"l": "Hydroelectric", "v": 0.055583468671277586}, {"l": "Renewable", "v": 0.00072309094332579109}]}, {"source": 22, "prod": 0, "target": 2, "value": 0.027747635216428607, "supply": [{"l": "Motor Gasoline", "v": 0.0047890431941660537}, {"l": "Gas-Diesel oil", "v": 0.0036155053961474349}, {"l": "Natural gas (including LNG)", "v": 5.7655900005008924e-05}, {"l": "Fuel oil", "v": 0.011937654096037097}, {"l": "Liquefied petroleum gas (LPG)", "v": 0.00034089050877961522}, {"l": "Other fossil fuels", "v": 0.0070068861212933993}]}, {"source": 22, "prod": 0, "target": 3, "value": 0.0078548077998783807, "supply": [{"l": "Motor Gasoline", "v": 0.0013556835940101303}, {"l": "Gas-Diesel oil", "v": 0.0010234782086708033}, {"l": "Natural gas (including LNG)", "v": 1.6321247181461312e-05}, {"l": "Fuel oil", "v": 0.0033793142289215649}, {"l": "Liquefied petroleum gas (LPG)", "v": 9.6499373960389997e-05}, {"l": "Other fossil fuels", "v": 0.0019835111471340318}]}, {"source": 22, "prod": 0, "target": 4, "value": 0.94633881711561563, "supply": [{"l": "Motor Gasoline", "v": 0.1633313050331362}, {"l": "Gas-Diesel oil", "v": 0.12330755659637321}, {"l": "Natural gas (including LNG)", "v": 0.0019663663510385097}, {"l": "Fuel oil", "v": 0.40713615298252337}, {"l": "Liquefied petroleum gas (LPG)", "v": 0.011626141050515187}, {"l": "Other fossil fuels", "v": 0.23897129510202925}]}, {"source": 22, "prod": 0, "target": 6, "value": 0.026114978805917486, "supply": [{"l": "Motor Gasoline", "v": 0.004507258385832531}, {"l": "Gas-Diesel oil", "v": 0.0034027709408968945}, {"l": "Natural gas (including LNG)", "v": 5.4263456864800974e-05}, {"l": "Fuel oil", "v": 0.01123524874385704}, {"l": "Liquefied petroleum gas (LPG)", "v": 0.00032083268871313568}, {"l": "Other fossil fuels", "v": 0.0065946045897530879}]}, {"source": 22, "prod": 0, "target": 7, "value": 0.058775630778400298, "supply": [{"l": "Motor Gasoline", "v": 0.010144253100006837}, {"l": "Gas-Diesel oil", "v": 0.0076584403890194589}, {"l": "Natural gas (including LNG)", "v": 0.00012212795304748639}, {"l": "Fuel oil", "v": 0.025286592678482052}, {"l": "Liquefied petroleum gas (LPG)", "v": 0.00072208152239326316}, {"l": "Other fossil fuels", "v": 0.014842135135451203}]}, {"source": 22, "prod": 0, "target": 11, "value": 0.0026408405534073861, "supply": [{"l": "Motor Gasoline", "v": 0.00045579017384823341}, {"l": "Gas-Diesel oil", "v": 0.00034410043222552866}, {"l": "Natural gas (including LNG)", "v": 5.4873158627326828e-06}, {"l": "Fuel oil", "v": 0.0011361487493788019}, {"l": "Liquefied petroleum gas (LPG)", "v": 3.2443755038406981e-05}, {"l": "Other fossil fuels", "v": 0.00066687012705368308}]}, {"source": 22, "prod": 0, "target": 1, "value": 0.25715753973389849, "supply": [{"l": "Fossil fuels in fisheries", "v": 0.25715753973389849}]}, {"source": 24, "prod": 0.28770737050650252, "target": 2, "value": 0.0035981852537579351, "supply": [{"l": "Potash", "v": 0.0071949726694560028}, {"l": "Phosphate", "v": 0.0060947680713144053}, {"l": "Nitrogen", "v": 0.12539454371711339}]}, {"source": 24, "prod": 0.081444277334270246, "target": 3, "value": 0.0010185752182546868, "supply": [{"l": "Potash", "v": 0.0071949726694560028}, {"l": "Phosphate", "v": 0.0060947680713144053}, {"l": "Nitrogen", "v": 0.12539454371711339}]}, {"source": 24, "prod": 9.8123191600617918, "target": 4, "value": 0.12271684957095258, "supply": [{"l": "Potash", "v": 0.0071949726694560028}, {"l": "Phosphate", "v": 0.0060947680713144053}, {"l": "Nitrogen", "v": 0.12539454371711339}]}, {"source": 24, "prod": 0.27077881860847891, "target": 6, "value": 0.0033864699066685987, "supply": [{"l": "Potash", "v": 0.0071949726694560028}, {"l": "Phosphate", "v": 0.0060947680713144053}, {"l": "Nitrogen", "v": 0.12539454371711339}]}, {"source": 24, "prod": 0.60942786832884976, "target": 7, "value": 0.0076217524952161041, "supply": [{"l": "Potash", "v": 0.0071949726694560028}, {"l": "Phosphate", "v": 0.0060947680713144053}, {"l": "Nitrogen", "v": 0.12539454371711339}]}, {"source": 24, "prod": 0.02738212772445292, "target": 11, "value": 0.00034245201303390326, "supply": [{"l": "Potash", "v": 0.0071949726694560028}, {"l": "Phosphate", "v": 0.0060947680713144053}, {"l": "Nitrogen", "v": 0.12539454371711339}]}, {"source": 22, "prod": 0, "target": 24, "value": 0.17064429968602632, "supply": [{"l": "Natural gas (including LNG)", "v": 0.11364181800177098}, {"l": "Fuel oil", "v": 0.034836339418193724}, {"l": "Liquefied petroleum gas (LPG)", "v": 0.0110830711330308}, {"l": "Coal", "v": 0.0110830711330308}]}, {"source": 25, "prod": 0, "target": 2, "value": 0.047036924615134458, "supply": "[{\"l\":'Labor',\"v\":0.047036924615134458}]"}, {"source": 25, "prod": 0, "target": 3, "value": 0.013315224863937195, "supply": "[{\"l\":'Labor',\"v\":0.013315224863937195}]"}, {"source": 25, "prod": 0, "target": 4, "value": 1.6042040070747323, "supply": "[{\"l\":'Labor',\"v\":1.6042040070747323}]"}, {"source": 25, "prod": 0, "target": 6, "value": 0.044269296458549809, "supply": "[{\"l\":'Labor',\"v\":0.044269296458549809}]"}, {"source": 25, "prod": 0, "target": 7, "value": 0.099634613637047287, "supply": "[{\"l\":'Labor',\"v\":0.099634613637047287}]"}, {"source": 25, "prod": 0, "target": 11, "value": 0.0044766704283926775, "supply": "[{\"l\":'Labor',\"v\":0.0044766704283926775}]"}, {"source": 22, "prod": 0, "target": 16, "value": 10.269929669426833, "supply": "[{\"l\":'Fossil Fuels',\"v\":10.269929669426833}]"}, {"source": 23, "prod": 0, "target": 16, "value": 0.64920686385820614, "supply": "[{\"l\":'Renewables & Nuclear',\"v\":0.022469527248187172},{\"l\":'Biomass & Waste',\"v\":0.62673733661001896}]"}]}