{"nodes": [{"layer": 13, "name": "Animal Products", "fill": "#17becf"}, {"layer": 10, "name": "Feed", "fill": "#dbdb8d"}, {"layer": 5, "name": "Cereals", "fill": "#e7ba52"}, {"layer": 5, "name": "Fruits, Roots & Vegetables", "fill": "#98df8a"}, {"layer": 5, "name": "Sugar Crops", "fill": "#ffbb78"}, {"layer": 13, "name": "Sugar", "fill": "#d6616b"}, {"layer": 13, "name": "Aquatic Products", "fill": "#1f77b4"}, {"layer": 13, "name": "Other Processed", "fill": "#9c9ede"}, {"layer": 16, "name": "Food", "fill": "#b5cf6b"}, {"layer": 5, "name": "Oilcrops", "fill": "#ff9896"}, {"layer": 13, "name": "Vegetable Oils", "fill": "#f7b6d2"}, {"layer": 10, "name": "Processing", "fill": "#9edae5"}, {"layer": 16, "name": "Biofuels & Other", "fill": "#e7ba52"}, {"name": "Waste", "fill": "#c7c7c7"}, {"layer": 0, "name": "Import", "fill": "#aec7e8"}, {"layer": 16, "name": "Export", "fill": "#aec7e8"}, {"layer": 0, "name": "Stock Draw", "fill": "#c7c7c7"}, {"layer": 16, "name": "Stock Deposit", "fill": "#c7c7c7"}, {"layer": 0, "name": "Production", "fill": "#b5cf6b"}], "links": [{"source": 0, "prod": 0.0035636131869382854, "target": 1, "value": 2.0, "supply": [{"l": "Meat, Other", "v": 1.0}, {"l": "Offals, Edible", "v": 1.0}]}, {"source": 2, "prod": 2.7495845866318289, "target": 1, "value": 729.0, "supply": [{"l": "Maize", "v": 434.0}, {"l": "Oats", "v": 14.0}, {"l": "Barley", "v": 47.0}, {"l": "Rice", "v": 12.0}, {"l": "Sorghum", "v": 78.0}, {"l": "Cereals, Other", "v": 6.0}, {"l": "Wheat", "v": 138.0}]}, {"source": 3, "prod": 0.21453068865432134, "target": 1, "value": 233.0, "supply": [{"l": "Roots, Other", "v": 12.0}, {"l": "Potatoes", "v": 2.0}, {"l": "Fruits, Other", "v": 33.0}, {"l": "Yams", "v": 2.0}, {"l": "Bananas", "v": 9.0}, {"l": "Vegetables, Other", "v": 2.0}, {"l": "Sweet potatoes", "v": 27.0}, {"l": "Plantains", "v": 71.0}, {"l": "Cassava", "v": 75.0}]}, {"source": 4, "prod": 1.1813232472550639, "target": 1, "value": 3407.0, "supply": [{"l": "Sugar cane", "v": 3407.0}]}, {"source": 5, "prod": 0.20638151729027651, "target": 1, "value": 54.0, "supply": [{"l": "Sugar", "v": 54.0}]}, {"source": 6, "prod": 0.4586970832802853, "target": 1, "value": 570.0, "supply": [{"l": "Fish, Seafood", "v": 285.0}, {"l": "Pelagic Fish", "v": 271.0}, {"l": "Demersal Fish", "v": 14.0}]}, {"source": 7, "prod": 1.3756400502830577, "target": 8, "value": 480.0, "supply": [{"l": "Beer", "v": 268.0}, {"l": "Beverages, Alcoholic", "v": 92.0}, {"l": "Fats, Animals, Raw", "v": 87.0}, {"l": "Butter, Ghee", "v": 27.0}, {"l": "Wine", "v": 6.0}]}, {"source": 0, "prod": 2.9032912210373154, "target": 8, "value": 2926.0, "supply": [{"l": "Mutton & Goat Meat", "v": 15.0}, {"l": "Meat, Other", "v": 39.0}, {"l": "Eggs", "v": 100.0}, {"l": "Pigmeat", "v": 112.0}, {"l": "Poultry Meat", "v": 134.0}, {"l": "Milk - Excluding Butter", "v": 2190.0}, {"l": "Offals, Edible", "v": 57.0}, {"l": "Bovine Meat", "v": 279.0}]}, {"source": 2, "prod": 8.2214822041452233, "target": 8, "value": 2295.0, "supply": [{"l": "Maize", "v": 248.0}, {"l": "Barley", "v": 2.0}, {"l": "Cereals, Other", "v": 10.0}, {"l": "Rice", "v": 745.0}, {"l": "Wheat", "v": 1149.0}, {"l": "Oats", "v": 6.0}, {"l": "Sorghum", "v": 135.0}]}, {"source": 9, "prod": 0.24199542881970104, "target": 8, "value": 119.0, "supply": [{"l": "Olives", "v": 1.0}, {"l": "Coconuts - Incl Copra", "v": 107.0}, {"l": "Sesame seed", "v": 1.0}, {"l": "Groundnuts", "v": 10.0}]}, {"source": 3, "prod": 4.2889751739308926, "target": 8, "value": 4775.0, "supply": [{"l": "Roots, Other", "v": 105.0}, {"l": "Pulses, Other", "v": 166.0}, {"l": "Plantains", "v": 686.0}, {"l": "Nuts", "v": 2.0}, {"l": "Yams", "v": 234.0}, {"l": "Citrus, Other", "v": 4.0}, {"l": "Cocoa Beans", "v": 11.0}, {"l": "Tomatoes", "v": 154.0}, {"l": "Coffee", "v": 65.0}, {"l": "Treenuts", "v": 2.0}, {"l": "Vegetables, Other", "v": 427.0}, {"l": "Peas", "v": 3.0}, {"l": "Grapes", "v": 6.0}, {"l": "Potatoes", "v": 158.0}, {"l": "Pimento", "v": 2.0}, {"l": "Pepper", "v": 1.0}, {"l": "Beans", "v": 78.0}, {"l": "Apples", "v": 5.0}, {"l": "Lemons, Limes", "v": 56.0}, {"l": "Pineapples", "v": 42.0}, {"l": "Bananas", "v": 473.0}, {"l": "Infant food", "v": 7.0}, {"l": "Spices, Other", "v": 4.0}, {"l": "Tea", "v": 1.0}, {"l": "Fruits, Other", "v": 763.0}, {"l": "Sweet potatoes", "v": 518.0}, {"l": "Grapefruit", "v": 44.0}, {"l": "Oranges, Mandarines", "v": 240.0}, {"l": "Onions", "v": 55.0}, {"l": "Cassava", "v": 463.0}]}, {"source": 4, "prod": 0.065879488399900821, "target": 8, "value": 190.0, "supply": [{"l": "Sugar cane", "v": 190.0}]}, {"source": 5, "prod": 3.4077263651683545, "target": 8, "value": 894.0, "supply": [{"l": "Sugar", "v": 815.0}, {"l": "Sugar non-centrifugal", "v": 69.0}, {"l": "Sweeteners, Other", "v": 7.0}, {"l": "Honey", "v": 3.0}]}, {"source": 6, "prod": 0.40234273084741262, "target": 8, "value": 591.0, "supply": [{"l": "Freshwater Fish", "v": 3.0}, {"l": "Crustaceans", "v": 8.0}, {"l": "Aquatic Products, Other", "v": 1.0}, {"l": "Marine Fish, Other", "v": 37.0}, {"l": "Demersal Fish", "v": 171.0}, {"l": "Pelagic Fish", "v": 69.0}, {"l": "Fish, Seafood", "v": 294.0}, {"l": "Molluscs, Other", "v": 7.0}, {"l": "Aquatic Animals, Others", "v": 1.0}]}, {"source": 10, "prod": 1.399353986943872, "target": 8, "value": 136.0, "supply": [{"l": "Groundnut Oil", "v": 27.0}, {"l": "Soyabean Oil", "v": 30.0}, {"l": "Sunflowerseed Oil", "v": 55.0}, {"l": "Olive Oil", "v": 1.0}, {"l": "Coconut Oil", "v": 18.0}, {"l": "Oilcrops Oil, Other", "v": 3.0}, {"l": "Cottonseed Oil", "v": 2.0}]}, {"source": 4, "prod": 24.862572187973097, "target": 11, "value": 71705.0, "supply": [{"l": "Sugar cane", "v": 71705.0}]}, {"source": 2, "prod": 0.22074086624460001, "target": 11, "value": 52.0, "supply": [{"l": "Barley", "v": 52.0}]}, {"source": 9, "prod": 0.93337943089605868, "target": 11, "value": 363.0, "supply": [{"l": "Cottonseed", "v": 4.0}, {"l": "Groundnuts", "v": 55.0}, {"l": "Soyabeans", "v": 35.0}, {"l": "Coconuts - Incl Copra", "v": 268.0}, {"l": "Oilcrops, Other", "v": 1.0}]}, {"source": 5, "prod": 0.0038218799498199352, "target": 11, "value": 1.0, "supply": [{"l": "Sugar", "v": 1.0}]}, {"source": 7, "prod": 0.81488061813611279, "target": 12, "value": 102.0, "supply": [{"l": "Beer", "v": 3.0}, {"l": "Beverages, Alcoholic", "v": 1.0}, {"l": "Wine", "v": 1.0}, {"l": "Fats, Animals, Raw", "v": 97.0}]}, {"source": 0, "prod": 0.015801965197880685, "target": 12, "value": 13.0, "supply": [{"l": "Pigmeat", "v": 2.0}, {"l": "Milk - Excluding Butter", "v": 8.0}, {"l": "Bovine Meat", "v": 1.0}, {"l": "Poultry Meat", "v": 2.0}]}, {"source": 2, "prod": 0.03743684269219167, "target": 12, "value": 11.0, "supply": [{"l": "Rice", "v": 3.0}, {"l": "Wheat", "v": 8.0}]}, {"source": 9, "prod": 0.034579198197771881, "target": 12, "value": 23.0, "supply": [{"l": "Coconuts - Incl Copra", "v": 23.0}]}, {"source": 3, "prod": 0.028963453351260944, "target": 12, "value": 47.0, "supply": [{"l": "Roots, Other", "v": 1.0}, {"l": "Potatoes", "v": 3.0}, {"l": "Fruits, Other", "v": 7.0}, {"l": "Lemons, Limes", "v": 11.0}, {"l": "Tomatoes", "v": 2.0}, {"l": "Bananas", "v": 2.0}, {"l": "Vegetables, Other", "v": 7.0}, {"l": "Oranges, Mandarines", "v": 1.0}, {"l": "Cassava", "v": 13.0}]}, {"source": 5, "prod": 0.47009123382785206, "target": 12, "value": 123.0, "supply": [{"l": "Sugar", "v": 123.0}]}, {"source": 6, "prod": 0.015901967165361904, "target": 12, "value": 22.0, "supply": [{"l": "Fish, Seafood", "v": 11.0}, {"l": "Marine Fish, Other", "v": 11.0}]}, {"source": 10, "prod": 0.34167076067915919, "target": 12, "value": 34.0, "supply": [{"l": "Coconut Oil", "v": 9.0}, {"l": "Groundnut Oil", "v": 6.0}, {"l": "Oilcrops Oil, Other", "v": 8.0}, {"l": "Soyabean Oil", "v": 2.0}, {"l": "Cottonseed Oil", "v": 1.0}, {"l": "Sunflowerseed Oil", "v": 8.0}]}, {"source": 3, "prod": 0.054344866001652677, "target": 3, "value": 25.0, "supply": [{"l": "Roots, Other", "v": 2.0}, {"l": "Beans", "v": 7.0}, {"l": "Pulses, Other", "v": 4.0}, {"l": "Potatoes", "v": 12.0}]}, {"source": 0, "prod": 0.013584053307360002, "target": 0, "value": 9.0, "supply": [{"l": "Eggs", "v": 9.0}]}, {"source": 2, "prod": 0.12065628335329434, "target": 2, "value": 30.0, "supply": [{"l": "Maize", "v": 11.0}, {"l": "Rice", "v": 15.0}, {"l": "Sorghum", "v": 4.0}]}, {"source": 9, "prod": 0.019810077739900001, "target": 9, "value": 3.0, "supply": [{"l": "Groundnuts", "v": 3.0}]}, {"source": 0, "prod": 0.04216234061329252, "target": 13, "value": 59.0, "supply": [{"l": "Milk - Excluding Butter", "v": 53.0}, {"l": "Eggs", "v": 6.0}]}, {"source": 2, "prod": 0.51004628951495068, "target": 13, "value": 139.0, "supply": [{"l": "Maize", "v": 36.0}, {"l": "Barley", "v": 1.0}, {"l": "Rice", "v": 37.0}, {"l": "Sorghum", "v": 11.0}, {"l": "Wheat", "v": 54.0}]}, {"source": 9, "prod": 0.027327294739415628, "target": 13, "value": 8.0, "supply": [{"l": "Coconuts - Incl Copra", "v": 5.0}, {"l": "Groundnuts", "v": 3.0}]}, {"source": 3, "prod": 0.52943117566725095, "target": 13, "value": 665.0, "supply": [{"l": "Roots, Other", "v": 16.0}, {"l": "Potatoes", "v": 19.0}, {"l": "Pineapples", "v": 4.0}, {"l": "Fruits, Other", "v": 125.0}, {"l": "Yams", "v": 34.0}, {"l": "Grapefruit", "v": 9.0}, {"l": "Beans", "v": 4.0}, {"l": "Plantains", "v": 100.0}, {"l": "Tomatoes", "v": 17.0}, {"l": "Coffee", "v": 2.0}, {"l": "Lemons, Limes", "v": 5.0}, {"l": "Bananas", "v": 87.0}, {"l": "Vegetables, Other", "v": 49.0}, {"l": "Sweet potatoes", "v": 91.0}, {"l": "Oranges, Mandarines", "v": 23.0}, {"l": "Cassava", "v": 68.0}, {"l": "Onions", "v": 5.0}, {"l": "Pulses, Other", "v": 7.0}]}, {"source": 4, "prod": 0.097085561852485416, "target": 13, "value": 280.0, "supply": [{"l": "Sugar cane", "v": 280.0}]}, {"source": 5, "prod": 0.13376579824369775, "target": 13, "value": 35.0, "supply": [{"l": "Sugar", "v": 35.0}]}, {"source": 14, "prod": 3.0948770935953549, "target": 11, "value": 406.0, "supply": [{"l": "Sugar", "v": 36.0}, {"l": "Beer", "v": 24.0}, {"l": "Groundnut Oil", "v": 9.0}, {"l": "Beverages, Alcoholic", "v": 14.0}, {"l": "Fats, Animals, Raw", "v": 167.0}, {"l": "Soyabean Oil", "v": 24.0}, {"l": "Butter, Ghee", "v": 31.0}, {"l": "Sunflowerseed Oil", "v": 66.0}, {"l": "Olive Oil", "v": 1.0}, {"l": "Coconut Oil", "v": 8.0}, {"l": "Oilcrops Oil, Other", "v": 9.0}, {"l": "Wine", "v": 7.0}, {"l": "Sweeteners, Other", "v": 8.0}, {"l": "Cottonseed Oil", "v": 2.0}]}, {"source": 14, "prod": 7.7754566321785976, "target": 2, "value": 2237.0, "supply": [{"l": "Maize", "v": 343.0}, {"l": "Barley", "v": 102.0}, {"l": "Rice", "v": 385.0}, {"l": "Cereals, Other", "v": 17.0}, {"l": "Wheat", "v": 1370.0}, {"l": "Oats", "v": 20.0}]}, {"source": 14, "prod": 0.17269602910977944, "target": 9, "value": 47.0, "supply": [{"l": "Olives", "v": 1.0}, {"l": "Coconuts - Incl Copra", "v": 8.0}, {"l": "Groundnuts", "v": 2.0}, {"l": "Oilcrops, Other", "v": 1.0}, {"l": "Soyabeans", "v": 35.0}]}, {"source": 14, "prod": 0.64229036725677957, "target": 3, "value": 388.0, "supply": [{"l": "Roots, Other", "v": 2.0}, {"l": "Plantains", "v": 5.0}, {"l": "Nuts", "v": 1.0}, {"l": "Cocoa Beans", "v": 5.0}, {"l": "Tomatoes", "v": 1.0}, {"l": "Pepper", "v": 1.0}, {"l": "Treenuts", "v": 1.0}, {"l": "Vegetables, Other", "v": 32.0}, {"l": "Grapes", "v": 6.0}, {"l": "Potatoes", "v": 73.0}, {"l": "Coffee", "v": 15.0}, {"l": "Beans", "v": 9.0}, {"l": "Apples", "v": 5.0}, {"l": "Lemons, Limes", "v": 1.0}, {"l": "Bananas", "v": 1.0}, {"l": "Infant food", "v": 7.0}, {"l": "Spices, Other", "v": 2.0}, {"l": "Tea", "v": 1.0}, {"l": "Fruits, Other", "v": 65.0}, {"l": "Sweet potatoes", "v": 2.0}, {"l": "Grapefruit", "v": 4.0}, {"l": "Oranges, Mandarines", "v": 20.0}, {"l": "Onions", "v": 27.0}, {"l": "Pulses, Other", "v": 102.0}]}, {"source": 14, "prod": 1.6943304259711274, "target": 1, "value": 2211.0, "supply": [{"l": "Freshwater Fish", "v": 2.0}, {"l": "Meat, Other", "v": 33.0}, {"l": "Crustaceans", "v": 3.0}, {"l": "Eggs", "v": 4.0}, {"l": "Marine Fish, Other", "v": 11.0}, {"l": "Demersal Fish", "v": 119.0}, {"l": "Mutton & Goat Meat", "v": 6.0}, {"l": "Pigmeat", "v": 24.0}, {"l": "Milk - Excluding Butter", "v": 1183.0}, {"l": "Fish, Seafood", "v": 455.0}, {"l": "Pelagic Fish", "v": 316.0}, {"l": "Molluscs, Other", "v": 3.0}, {"l": "Poultry Meat", "v": 19.0}, {"l": "Offals, Edible", "v": 6.0}, {"l": "Bovine Meat", "v": 27.0}]}, {"source": 7, "prod": 0.078390176900959466, "target": 15, "value": 24.0, "supply": [{"l": "Beer", "v": 1.0}, {"l": "Fats, Animals, Raw", "v": 1.0}, {"l": "Beverages, Alcoholic", "v": 22.0}]}, {"source": 0, "prod": 0.017938447650602068, "target": 15, "value": 14.0, "supply": [{"l": "Milk - Excluding Butter", "v": 9.0}, {"l": "Bovine Meat", "v": 5.0}]}, {"source": 2, "prod": 0.022715164582599482, "target": 15, "value": 7.0, "supply": [{"l": "Maize", "v": 1.0}, {"l": "Wheat", "v": 6.0}]}, {"source": 9, "prod": 0.045103301997093753, "target": 15, "value": 30.0, "supply": [{"l": "Coconuts - Incl Copra", "v": 30.0}]}, {"source": 3, "prod": 0.4500003916347951, "target": 15, "value": 553.0, "supply": [{"l": "Roots, Other", "v": 12.0}, {"l": "Cocoa Beans", "v": 39.0}, {"l": "Plantains", "v": 5.0}, {"l": "Fruits, Other", "v": 20.0}, {"l": "Coffee", "v": 60.0}, {"l": "Yams", "v": 5.0}, {"l": "Grapefruit", "v": 46.0}, {"l": "Beans", "v": 1.0}, {"l": "Pulses, Other", "v": 10.0}, {"l": "Lemons, Limes", "v": 7.0}, {"l": "Tomatoes", "v": 3.0}, {"l": "Bananas", "v": 251.0}, {"l": "Spices, Other", "v": 3.0}, {"l": "Vegetables, Other", "v": 17.0}, {"l": "Sweet potatoes", "v": 5.0}, {"l": "Oranges, Mandarines", "v": 54.0}, {"l": "Pimento", "v": 2.0}, {"l": "Onions", "v": 1.0}, {"l": "Cassava", "v": 12.0}]}, {"source": 5, "prod": 27.530516949693805, "target": 15, "value": 7204.0, "supply": [{"l": "Sugar", "v": 7199.0}, {"l": "Sweeteners, Other", "v": 1.0}, {"l": "Honey", "v": 4.0}]}, {"source": 6, "prod": 0.032044246555360964, "target": 15, "value": 46.0, "supply": [{"l": "Fish, Seafood", "v": 23.0}, {"l": "Crustaceans", "v": 13.0}, {"l": "Pelagic Fish", "v": 2.0}, {"l": "Demersal Fish", "v": 8.0}]}, {"source": 10, "prod": 0.10209533735753165, "target": 15, "value": 10.0, "supply": [{"l": "Coconut Oil", "v": 10.0}]}, {"source": 16, "prod": 0.00021439478073484848, "target": 3, "value": 1.0, "supply": [{"l": "Grapefruit", "v": 1.0}]}, {"source": 10, "prod": 0.041164049040029169, "target": 17, "value": 4.0, "supply": [{"l": "Soyabean Oil", "v": 2.0}, {"l": "Coconut Oil", "v": 1.0}, {"l": "Groundnut Oil", "v": 1.0}]}, {"source": 0, "prod": 0.004926648904199523, "target": 17, "value": 2.0, "supply": [{"l": "Bovine Meat", "v": 2.0}]}, {"source": 7, "prod": 0.0031633537599771639, "target": 17, "value": 1.0, "supply": [{"l": "Beverages, Alcoholic", "v": 1.0}]}, {"source": 2, "prod": 0.00424501665855, "target": 17, "value": 1.0, "supply": [{"l": "Barley", "v": 1.0}]}, {"source": 16, "prod": 0.0062464726556702875, "target": 1, "value": 10.0, "supply": [{"l": "Milk - Excluding Butter", "v": 10.0}]}, {"source": 3, "prod": 0.0046582929344302498, "target": 17, "value": 6.0, "supply": [{"l": "Coffee", "v": 3.0}, {"l": "Bananas", "v": 1.0}, {"l": "Roots, Other", "v": 2.0}]}, {"source": 16, "prod": 0.045103301997093753, "target": 9, "value": 30.0, "supply": [{"l": "Coconuts - Incl Copra", "v": 30.0}]}, {"source": 16, "prod": 0.1152786679545765, "target": 11, "value": 13.0, "supply": [{"l": "Butter, Ghee", "v": 4.0}, {"l": "Oilcrops Oil, Other", "v": 1.0}, {"l": "Fats, Animals, Raw", "v": 5.0}, {"l": "Sunflowerseed Oil", "v": 3.0}]}, {"source": 5, "prod": 0.71086967066650797, "target": 17, "value": 186.0, "supply": [{"l": "Sugar", "v": 186.0}]}, {"source": 16, "prod": 0.15191960137979479, "target": 2, "value": 41.0, "supply": [{"l": "Maize", "v": 14.0}, {"l": "Wheat", "v": 15.0}, {"l": "Rice", "v": 12.0}]}, {"source": 18, "prod": 4.2578152817503048, "target": 2, "value": 1067.0, "supply": [{"l": "Maize", "v": 401.0}, {"l": "Rice", "v": 438.0}, {"l": "Sorghum", "v": 228.0}]}, {"source": 18, "prod": 1.1797019211239854, "target": 9, "value": 529.0, "supply": [{"l": "Coconuts - Incl Copra", "v": 454.0}, {"l": "Sesame seed", "v": 1.0}, {"l": "Oilcrops, Other", "v": 1.0}, {"l": "Cottonseed", "v": 4.0}, {"l": "Groundnuts", "v": 69.0}]}, {"source": 18, "prod": 4.9151385640184779, "target": 3, "value": 5905.0, "supply": [{"l": "Roots, Other", "v": 145.0}, {"l": "Plantains", "v": 858.0}, {"l": "Nuts", "v": 1.0}, {"l": "Yams", "v": 275.0}, {"l": "Citrus, Other", "v": 4.0}, {"l": "Tomatoes", "v": 175.0}, {"l": "Coffee", "v": 109.0}, {"l": "Treenuts", "v": 1.0}, {"l": "Vegetables, Other", "v": 469.0}, {"l": "Peas", "v": 3.0}, {"l": "Pimento", "v": 4.0}, {"l": "Cocoa Beans", "v": 46.0}, {"l": "Potatoes", "v": 121.0}, {"l": "Beans", "v": 81.0}, {"l": "Pulses, Other", "v": 84.0}, {"l": "Lemons, Limes", "v": 77.0}, {"l": "Pineapples", "v": 46.0}, {"l": "Bananas", "v": 820.0}, {"l": "Spices, Other", "v": 4.0}, {"l": "Fruits, Other", "v": 883.0}, {"l": "Sweet potatoes", "v": 640.0}, {"l": "Grapefruit", "v": 95.0}, {"l": "Oranges, Mandarines", "v": 298.0}, {"l": "Cassava", "v": 631.0}, {"l": "Onions", "v": 34.0}, {"l": "Apples", "v": 1.0}]}, {"source": 18, "prod": 26.206860485480547, "target": 4, "value": 75582.0, "supply": [{"l": "Sugar cane", "v": 75582.0}]}, {"source": 1, "prod": 0.90898602784842075, "target": 6, "value": 1229.0, "supply": [{"l": "Pelagic Fish", "v": 342.0}, {"l": "Crustaceans", "v": 21.0}, {"l": "Freshwater Fish", "v": 3.0}, {"l": "Molluscs, Other", "v": 7.0}, {"l": "Aquatic Animals, Others", "v": 1.0}, {"l": "Demersal Fish", "v": 193.0}, {"l": "Aquatic Products, Other", "v": 1.0}, {"l": "Fish, Seafood", "v": 613.0}, {"l": "Marine Fish, Other", "v": 48.0}]}, {"source": 1, "prod": 2.9876842365902285, "target": 0, "value": 3016.0, "supply": [{"l": "Milk - Excluding Butter", "v": 2260.0}, {"l": "Pigmeat", "v": 114.0}, {"l": "Bovine Meat", "v": 287.0}, {"l": "Eggs", "v": 115.0}, {"l": "Poultry Meat", "v": 136.0}, {"l": "Offals, Edible", "v": 58.0}, {"l": "Meat, Other", "v": 40.0}, {"l": "Mutton & Goat Meat", "v": 15.0}]}, {"source": 11, "prod": 2.272074199080107, "target": 7, "value": 607.0, "supply": [{"l": "Fats, Animals, Raw", "v": 185.0}, {"l": "Beer", "v": 272.0}, {"l": "Beverages, Alcoholic", "v": 116.0}, {"l": "Butter, Ghee", "v": 27.0}, {"l": "Wine", "v": 7.0}]}, {"source": 11, "prod": 1.884284134020592, "target": 10, "value": 184.0, "supply": [{"l": "Olive Oil", "v": 1.0}, {"l": "Soyabean Oil", "v": 34.0}, {"l": "Coconut Oil", "v": 38.0}, {"l": "Groundnut Oil", "v": 34.0}, {"l": "Cottonseed Oil", "v": 3.0}, {"l": "Oilcrops Oil, Other", "v": 11.0}, {"l": "Sunflowerseed Oil", "v": 63.0}]}, {"source": 11, "prod": 32.463173414840313, "target": 5, "value": 8497.0, "supply": [{"l": "Honey", "v": 7.0}, {"l": "Sweeteners, Other", "v": 8.0}, {"l": "Sugar non-centrifugal", "v": 69.0}, {"l": "Sugar", "v": 8413.0}]}]}