{"nodes": [{"layer": 13, "name": "Meat"}, {"layer": 10, "name": "Feed", "fill": "#dbdb8d"}, {"layer": 5, "name": "Vegetables"}, {"layer": 5, "name": "Sugar Crops", "fill": "#ffbb78"}, {"layer": 5, "name": "Starchy Roots"}, {"layer": 13, "name": "Fish, Seafood"}, {"layer": 5, "name": "Fruits - Excluding Wine"}, {"layer": 5, "name": "Cereals - Excluding Beer"}, {"layer": 13, "name": "Milk - Excluding Butter"}, {"layer": 16, "name": "Food", "fill": "#b5cf6b"}, {"layer": 13, "name": "Sugar & Sweeteners"}, {"layer": 5, "name": "Treenuts"}, {"layer": 5, "name": "Others"}, {"layer": 13, "name": "Alcoholic Beverages"}, {"layer": 13, "name": "Animal Fats"}, {"layer": 5, "name": "Pulses"}, {"layer": 13, "name": "Vegetable Oils", "fill": "#f7b6d2"}, {"layer": 5, "name": "Spices"}, {"layer": 5, "name": "Stimulants"}, {"layer": 13, "name": "Eggs"}, {"layer": 5, "name": "Oilcrops", "fill": "#ff9896"}, {"layer": 10, "name": "Processing", "fill": "#9edae5"}, {"layer": 16, "name": "Biofuels & Other", "fill": "#e7ba52"}, {"name": "Waste", "fill": "#c7c7c7"}, {"layer": 0, "name": "Import", "fill": "#aec7e8"}, {"layer": 16, "name": "Export", "fill": "#aec7e8"}, {"layer": 0, "name": "Stock Draw", "fill": "#c7c7c7"}, {"layer": 16, "name": "Stock Deposit", "fill": "#c7c7c7"}, {"layer": 0, "name": "Production", "fill": "#b5cf6b"}], "links": [{"source": 0, "prod": 0.002371517686340782, "target": 1, "value": 1.0, "supply": [{"l": "Meat, Other", "v": 1.0}]}, {"source": 2, "prod": 0.00027629118186750355, "target": 1, "value": 1.0, "supply": [{"l": "Vegetables, Other", "v": 1.0}]}, {"source": 3, "prod": 0.15313699846495898, "target": 1, "value": 484.0, "supply": [{"l": "Sugar cane", "v": 484.0}]}, {"source": 4, "prod": 0.11009628802110136, "target": 1, "value": 99.0, "supply": [{"l": "Potatoes", "v": 3.0}, {"l": "Roots, Other", "v": 10.0}, {"l": "Yams", "v": 1.0}, {"l": "Sweet potatoes", "v": 28.0}, {"l": "Cassava", "v": 57.0}]}, {"source": 5, "prod": 0.078106927145538185, "target": 1, "value": 94.0, "supply": [{"l": "Pelagic Fish", "v": 47.0}, {"l": "Fish, Seafood", "v": 47.0}]}, {"source": 6, "prod": 0.07511696249028757, "target": 1, "value": 102.0, "supply": [{"l": "Bananas", "v": 10.0}, {"l": "Fruits, Other", "v": 31.0}, {"l": "Plantains", "v": 61.0}]}, {"source": 7, "prod": 2.3744867258322979, "target": 1, "value": 634.0, "supply": [{"l": "Maize", "v": 398.0}, {"l": "Wheat", "v": 90.0}, {"l": "Oats", "v": 33.0}, {"l": "Barley", "v": 47.0}, {"l": "Rice", "v": 4.0}, {"l": "Sorghum", "v": 57.0}, {"l": "Cereals, Other", "v": 5.0}]}, {"source": 8, "prod": 0.81316209200078793, "target": 9, "value": 1213.0, "supply": [{"l": "Milk - Excluding Butter", "v": 1213.0}]}, {"source": 0, "prod": 1.1325066724353829, "target": 9, "value": 508.0, "supply": [{"l": "Mutton & Goat Meat", "v": 10.0}, {"l": "Meat, Other", "v": 35.0}, {"l": "Pigmeat", "v": 89.0}, {"l": "Poultry Meat", "v": 76.0}, {"l": "Offals, Edible", "v": 48.0}, {"l": "Bovine Meat", "v": 250.0}]}, {"source": 10, "prod": 2.9079937796575765, "target": 9, "value": 759.0, "supply": [{"l": "Sugar", "v": 689.0}, {"l": "Sugar non-centrifugal", "v": 64.0}, {"l": "Sweeteners, Other", "v": 3.0}, {"l": "Honey", "v": 3.0}]}, {"source": 11, "prod": 0.0084900333171, "target": 9, "value": 1.0, "supply": [{"l": "Treenuts", "v": 1.0}]}, {"source": 2, "prod": 0.16405540315749334, "target": 9, "value": 591.0, "supply": [{"l": "Tomatoes", "v": 118.0}, {"l": "Vegetables, Other", "v": 416.0}, {"l": "Onions", "v": 57.0}]}, {"source": 12, "prod": 0.024415782088392159, "target": 9, "value": 5.0, "supply": [{"l": "Nuts", "v": 2.0}, {"l": "Infant food", "v": 3.0}]}, {"source": 3, "prod": 0.049358206116804963, "target": 9, "value": 156.0, "supply": [{"l": "Sugar cane", "v": 156.0}]}, {"source": 13, "prod": 0.34904535588823205, "target": 9, "value": 267.0, "supply": [{"l": "Beer", "v": 181.0}, {"l": "Beverages, Alcoholic", "v": 83.0}, {"l": "Wine", "v": 3.0}]}, {"source": 14, "prod": 0.679202665368, "target": 9, "value": 80.0, "supply": [{"l": "Fats, Animals, Raw", "v": 67.0}, {"l": "Butter, Ghee", "v": 13.0}]}, {"source": 4, "prod": 1.3394748494028212, "target": 9, "value": 1260.0, "supply": [{"l": "Roots, Other", "v": 102.0}, {"l": "Yams", "v": 158.0}, {"l": "Potatoes", "v": 160.0}, {"l": "Sweet potatoes", "v": 461.0}, {"l": "Cassava", "v": 379.0}]}, {"source": 15, "prod": 0.82242021080565209, "target": 9, "value": 209.0, "supply": [{"l": "Pulses, Other", "v": 124.0}, {"l": "Peas", "v": 2.0}, {"l": "Beans", "v": 83.0}]}, {"source": 5, "prod": 0.36396400137536816, "target": 9, "value": 478.0, "supply": [{"l": "Freshwater Fish", "v": 1.0}, {"l": "Crustaceans", "v": 10.0}, {"l": "Marine Fish, Other", "v": 36.0}, {"l": "Demersal Fish", "v": 109.0}, {"l": "Pelagic Fish", "v": 82.0}, {"l": "Fish, Seafood", "v": 238.0}, {"l": "Molluscs, Other", "v": 2.0}]}, {"source": 6, "prod": 1.2794319554218079, "target": 9, "value": 2061.0, "supply": [{"l": "Plantains", "v": 620.0}, {"l": "Citrus, Other", "v": 5.0}, {"l": "Grapes", "v": 5.0}, {"l": "Apples", "v": 7.0}, {"l": "Lemons, Limes", "v": 43.0}, {"l": "Pineapples", "v": 35.0}, {"l": "Bananas", "v": 371.0}, {"l": "Fruits, Other", "v": 716.0}, {"l": "Grapefruit", "v": 37.0}, {"l": "Oranges, Mandarines", "v": 222.0}]}, {"source": 7, "prod": 6.2272549019471501, "target": 9, "value": 1711.0, "supply": [{"l": "Maize", "v": 239.0}, {"l": "Barley", "v": 2.0}, {"l": "Cereals, Other", "v": 6.0}, {"l": "Rice", "v": 585.0}, {"l": "Wheat", "v": 739.0}, {"l": "Oats", "v": 5.0}, {"l": "Sorghum", "v": 135.0}]}, {"source": 16, "prod": 0.93582481503118453, "target": 9, "value": 91.0, "supply": [{"l": "Groundnut Oil", "v": 15.0}, {"l": "Soyabean Oil", "v": 16.0}, {"l": "Sunflowerseed Oil", "v": 35.0}, {"l": "Olive Oil", "v": 1.0}, {"l": "Coconut Oil", "v": 20.0}, {"l": "Oilcrops Oil, Other", "v": 2.0}, {"l": "Cottonseed Oil", "v": 2.0}]}, {"source": 17, "prod": 0.017873754351789478, "target": 9, "value": 4.0, "supply": [{"l": "Spices, Other", "v": 4.0}]}, {"source": 18, "prod": 0.050481538518606581, "target": 9, "value": 73.0, "supply": [{"l": "Cocoa Beans", "v": 11.0}, {"l": "Coffee", "v": 61.0}, {"l": "Tea", "v": 1.0}]}, {"source": 19, "prod": 0.08186817841489287, "target": 9, "value": 54.0, "supply": [{"l": "Eggs", "v": 54.0}]}, {"source": 20, "prod": 0.20044128727549002, "target": 9, "value": 98.0, "supply": [{"l": "Coconuts - Incl Copra", "v": 87.0}, {"l": "Sesame seed", "v": 1.0}, {"l": "Groundnuts", "v": 10.0}]}, {"source": 7, "prod": 0.18395072187050004, "target": 21, "value": 39.0, "supply": [{"l": "Barley", "v": 39.0}]}, {"source": 16, "prod": 0.010612541646375, "target": 21, "value": 1.0, "supply": [{"l": "Oilcrops Oil, Other", "v": 1.0}]}, {"source": 3, "prod": 17.734466737519455, "target": 21, "value": 56051.0, "supply": [{"l": "Sugar cane", "v": 56051.0}]}, {"source": 20, "prod": 0.8400184438872047, "target": 21, "value": 350.0, "supply": [{"l": "Cottonseed", "v": 5.0}, {"l": "Groundnuts", "v": 36.0}, {"l": "Soyabeans", "v": 53.0}, {"l": "Coconuts - Incl Copra", "v": 256.0}]}, {"source": 10, "prod": 0.0038358584264006029, "target": 21, "value": 1.0, "supply": [{"l": "Sugar", "v": 1.0}]}, {"source": 8, "prod": 0.0067037270568902543, "target": 22, "value": 10.0, "supply": [{"l": "Milk - Excluding Butter", "v": 10.0}]}, {"source": 0, "prod": 0.0096265708816758219, "target": 22, "value": 4.0, "supply": [{"l": "Pigmeat", "v": 2.0}, {"l": "Bovine Meat", "v": 1.0}, {"l": "Poultry Meat", "v": 1.0}]}, {"source": 2, "prod": 0.0022830359607132044, "target": 22, "value": 9.0, "supply": [{"l": "Tomatoes", "v": 3.0}, {"l": "Vegetables, Other", "v": 6.0}]}, {"source": 13, "prod": 0.0040948317079483824, "target": 22, "value": 3.0, "supply": [{"l": "Beer", "v": 2.0}, {"l": "Beverages, Alcoholic", "v": 1.0}]}, {"source": 14, "prod": 0.61977243214830002, "target": 22, "value": 73.0, "supply": [{"l": "Fats, Animals, Raw", "v": 73.0}]}, {"source": 4, "prod": 0.014021812877855776, "target": 22, "value": 13.0, "supply": [{"l": "Roots, Other", "v": 1.0}, {"l": "Potatoes", "v": 2.0}, {"l": "Cassava", "v": 10.0}]}, {"source": 10, "prod": 0.030686867411204823, "target": 22, "value": 8.0, "supply": [{"l": "Sugar", "v": 8.0}]}, {"source": 6, "prod": 0.0070336135195072759, "target": 22, "value": 16.0, "supply": [{"l": "Fruits, Other", "v": 3.0}, {"l": "Lemons, Limes", "v": 11.0}, {"l": "Bananas", "v": 2.0}]}, {"source": 16, "prod": 0.20980564558069098, "target": 22, "value": 20.0, "supply": [{"l": "Coconut Oil", "v": 5.0}, {"l": "Cottonseed Oil", "v": 1.0}, {"l": "Oilcrops Oil, Other", "v": 7.0}, {"l": "Soyabean Oil", "v": 2.0}, {"l": "Palm Oil", "v": 1.0}, {"l": "Sunflowerseed Oil", "v": 4.0}]}, {"source": 7, "prod": 0.020820037331386605, "target": 22, "value": 6.0, "supply": [{"l": "Rice", "v": 2.0}, {"l": "Wheat", "v": 4.0}]}, {"source": 20, "prod": 0.034637829941161859, "target": 22, "value": 23.0, "supply": [{"l": "Coconuts - Incl Copra", "v": 23.0}]}, {"source": 4, "prod": 0.011689612664408563, "target": 4, "value": 14.0, "supply": [{"l": "Roots, Other", "v": 2.0}, {"l": "Potatoes", "v": 12.0}]}, {"source": 7, "prod": 0.091893640313187752, "target": 7, "value": 23.0, "supply": [{"l": "Maize", "v": 10.0}, {"l": "Rice", "v": 9.0}, {"l": "Sorghum", "v": 4.0}]}, {"source": 19, "prod": 0.0075803868902678583, "target": 19, "value": 5.0, "supply": [{"l": "Eggs", "v": 5.0}]}, {"source": 15, "prod": 0.042900857818401736, "target": 15, "value": 11.0, "supply": [{"l": "Beans", "v": 8.0}, {"l": "Pulses, Other", "v": 3.0}]}, {"source": 20, "prod": 0.016475280223624291, "target": 20, "value": 3.0, "supply": [{"l": "Groundnuts", "v": 2.0}, {"l": "Cottonseed", "v": 1.0}]}, {"source": 8, "prod": 0.022122299287737839, "target": 23, "value": 33.0, "supply": [{"l": "Milk - Excluding Butter", "v": 33.0}]}, {"source": 20, "prod": 0.020107790167131802, "target": 23, "value": 7.0, "supply": [{"l": "Coconuts - Incl Copra", "v": 5.0}, {"l": "Groundnuts", "v": 2.0}]}, {"source": 2, "prod": 0.017724117334358032, "target": 23, "value": 64.0, "supply": [{"l": "Tomatoes", "v": 13.0}, {"l": "Vegetables, Other", "v": 45.0}, {"l": "Onions", "v": 6.0}]}, {"source": 3, "prod": 0.088908050761680735, "target": 23, "value": 281.0, "supply": [{"l": "Sugar cane", "v": 281.0}]}, {"source": 4, "prod": 0.20896177611020594, "target": 23, "value": 195.0, "supply": [{"l": "Roots, Other", "v": 15.0}, {"l": "Potatoes", "v": 19.0}, {"l": "Yams", "v": 25.0}, {"l": "Sweet potatoes", "v": 78.0}, {"l": "Cassava", "v": 58.0}]}, {"source": 15, "prod": 0.039191583935538801, "target": 23, "value": 10.0, "supply": [{"l": "Beans", "v": 5.0}, {"l": "Pulses, Other", "v": 5.0}]}, {"source": 10, "prod": 0.10356817751281627, "target": 23, "value": 27.0, "supply": [{"l": "Sugar", "v": 27.0}]}, {"source": 7, "prod": 0.37387343754052799, "target": 23, "value": 101.0, "supply": [{"l": "Maize", "v": 32.0}, {"l": "Barley", "v": 1.0}, {"l": "Rice", "v": 23.0}, {"l": "Sorghum", "v": 10.0}, {"l": "Wheat", "v": 35.0}]}, {"source": 18, "prod": 0.001074687761658228, "target": 23, "value": 2.0, "supply": [{"l": "Coffee", "v": 2.0}]}, {"source": 19, "prod": 0.0045482321341607148, "target": 23, "value": 3.0, "supply": [{"l": "Eggs", "v": 3.0}]}, {"source": 6, "prod": 0.2046830081844401, "target": 23, "value": 324.0, "supply": [{"l": "Pineapples", "v": 4.0}, {"l": "Fruits, Other", "v": 115.0}, {"l": "Grapefruit", "v": 9.0}, {"l": "Plantains", "v": 92.0}, {"l": "Lemons, Limes", "v": 4.0}, {"l": "Bananas", "v": 78.0}, {"l": "Oranges, Mandarines", "v": 22.0}]}, {"source": 24, "prod": 0.019699096912225492, "target": 12, "value": 4.0, "supply": [{"l": "Infant food", "v": 3.0}, {"l": "Nuts", "v": 1.0}]}, {"source": 24, "prod": 0.96942041263765455, "target": 1, "value": 1117.0, "supply": [{"l": "Meat, Other", "v": 30.0}, {"l": "Eggs", "v": 2.0}, {"l": "Marine Fish, Other", "v": 10.0}, {"l": "Mutton & Goat Meat", "v": 2.0}, {"l": "Pigmeat", "v": 23.0}, {"l": "Milk - Excluding Butter", "v": 572.0}, {"l": "Fish, Seafood", "v": 221.0}, {"l": "Pelagic Fish", "v": 121.0}, {"l": "Poultry Meat", "v": 8.0}, {"l": "Offals, Edible", "v": 3.0}, {"l": "Demersal Fish", "v": 92.0}, {"l": "Bovine Meat", "v": 33.0}]}, {"source": 24, "prod": 6.3541972530226829, "target": 7, "value": 1794.0, "supply": [{"l": "Maize", "v": 305.0}, {"l": "Barley", "v": 92.0}, {"l": "Rice", "v": 396.0}, {"l": "Cereals, Other", "v": 11.0}, {"l": "Wheat", "v": 952.0}, {"l": "Oats", "v": 38.0}]}, {"source": 24, "prod": 0.33147605777398814, "target": 15, "value": 84.0, "supply": [{"l": "Beans", "v": 15.0}, {"l": "Pulses, Other", "v": 69.0}]}, {"source": 24, "prod": 2.0365263993896732, "target": 21, "value": 263.0, "supply": [{"l": "Sugar", "v": 26.0}, {"l": "Beer", "v": 12.0}, {"l": "Beverages, Alcoholic", "v": 9.0}, {"l": "Fats, Animals, Raw", "v": 135.0}, {"l": "Soyabean Oil", "v": 8.0}, {"l": "Butter, Ghee", "v": 11.0}, {"l": "Palm Oil", "v": 1.0}, {"l": "Sunflowerseed Oil", "v": 39.0}, {"l": "Olive Oil", "v": 1.0}, {"l": "Coconut Oil", "v": 4.0}, {"l": "Oilcrops Oil, Other", "v": 8.0}, {"l": "Wine", "v": 4.0}, {"l": "Sweeteners, Other", "v": 3.0}, {"l": "Cottonseed Oil", "v": 2.0}]}, {"source": 24, "prod": 0.026472360010711495, "target": 2, "value": 76.0, "supply": [{"l": "Tomatoes", "v": 1.0}, {"l": "Vegetables, Other", "v": 39.0}, {"l": "Onions", "v": 36.0}]}, {"source": 24, "prod": 0.0051335531472067137, "target": 18, "value": 5.0, "supply": [{"l": "Cocoa Beans", "v": 2.0}, {"l": "Coffee", "v": 2.0}, {"l": "Tea", "v": 1.0}]}, {"source": 24, "prod": 0.04009970496904406, "target": 6, "value": 74.0, "supply": [{"l": "Plantains", "v": 5.0}, {"l": "Grapefruit", "v": 8.0}, {"l": "Grapes", "v": 5.0}, {"l": "Apples", "v": 7.0}, {"l": "Bananas", "v": 1.0}, {"l": "Fruits, Other", "v": 41.0}, {"l": "Oranges, Mandarines", "v": 7.0}]}, {"source": 24, "prod": 0.26484779553854376, "target": 20, "value": 84.0, "supply": [{"l": "Coconuts - Incl Copra", "v": 29.0}, {"l": "Groundnuts", "v": 2.0}, {"l": "Soyabeans", "v": 53.0}]}, {"source": 24, "prod": 0.0089368771758947391, "target": 17, "value": 2.0, "supply": [{"l": "Spices, Other", "v": 2.0}]}, {"source": 24, "prod": 0.073702504233497654, "target": 4, "value": 94.0, "supply": [{"l": "Roots, Other", "v": 1.0}, {"l": "Potatoes", "v": 91.0}, {"l": "Sweet potatoes", "v": 2.0}]}, {"source": 8, "prod": 0.0013407454113780509, "target": 25, "value": 2.0, "supply": [{"l": "Milk - Excluding Butter", "v": 2.0}]}, {"source": 20, "prod": 0.10028097987997807, "target": 25, "value": 65.0, "supply": [{"l": "Coconuts - Incl Copra", "v": 64.0}, {"l": "Oilcrops, Other", "v": 1.0}]}, {"source": 2, "prod": 0.0016577470912050212, "target": 25, "value": 6.0, "supply": [{"l": "Vegetables, Other", "v": 6.0}]}, {"source": 13, "prod": 0.054661706833185469, "target": 25, "value": 18.0, "supply": [{"l": "Beer", "v": 1.0}, {"l": "Beverages, Alcoholic", "v": 17.0}]}, {"source": 4, "prod": 0.027057985537647149, "target": 25, "value": 23.0, "supply": [{"l": "Roots, Other", "v": 15.0}, {"l": "Sweet potatoes", "v": 2.0}, {"l": "Cassava", "v": 6.0}]}, {"source": 7, "prod": 0.021936290272192936, "target": 25, "value": 7.0, "supply": [{"l": "Wheat", "v": 7.0}]}, {"source": 15, "prod": 0.0039611352956920682, "target": 25, "value": 1.0, "supply": [{"l": "Pulses, Other", "v": 1.0}]}, {"source": 5, "prod": 0.0038481918320579919, "target": 25, "value": 5.0, "supply": [{"l": "Fish, Seafood", "v": 3.0}, {"l": "Crustaceans", "v": 2.0}]}, {"source": 10, "prod": 21.532797822822744, "target": 25, "value": 5614.0, "supply": [{"l": "Sugar", "v": 5611.0}, {"l": "Sweeteners, Other", "v": 1.0}, {"l": "Honey", "v": 2.0}]}, {"source": 6, "prod": 0.32235108742185581, "target": 25, "value": 509.0, "supply": [{"l": "Fruits, Other", "v": 22.0}, {"l": "Grapefruit", "v": 54.0}, {"l": "Lemons, Limes", "v": 9.0}, {"l": "Bananas", "v": 371.0}, {"l": "Oranges, Mandarines", "v": 53.0}]}, {"source": 16, "prod": 0.04224802293509286, "target": 25, "value": 4.0, "supply": [{"l": "Coconut Oil", "v": 2.0}, {"l": "Oilcrops Oil, Other", "v": 2.0}]}, {"source": 17, "prod": 0.012186650694401915, "target": 25, "value": 3.0, "supply": [{"l": "Spices, Other", "v": 1.0}, {"l": "Pimento", "v": 2.0}]}, {"source": 18, "prod": 0.092442338355494369, "target": 25, "value": 101.0, "supply": [{"l": "Cocoa Beans", "v": 39.0}, {"l": "Coffee", "v": 62.0}]}, {"source": 0, "prod": 0.0047932902718352674, "target": 25, "value": 2.0, "supply": [{"l": "Bovine Meat", "v": 2.0}]}, {"source": 26, "prod": 0.009666072087779887, "target": 4, "value": 8.0, "supply": [{"l": "Roots, Other", "v": 8.0}]}, {"source": 26, "prod": 0.013740650666915915, "target": 18, "value": 11.0, "supply": [{"l": "Coffee", "v": 3.0}, {"l": "Cocoa Beans", "v": 8.0}]}, {"source": 8, "prod": 0.0013407454113780509, "target": 27, "value": 2.0, "supply": [{"l": "Milk - Excluding Butter", "v": 2.0}]}, {"source": 26, "prod": 0.0015447686760285901, "target": 1, "value": 2.0, "supply": [{"l": "Crustaceans", "v": 1.0}, {"l": "Fish, Seafood", "v": 1.0}]}, {"source": 20, "prod": 0.0045179778184124162, "target": 27, "value": 3.0, "supply": [{"l": "Coconuts - Incl Copra", "v": 3.0}]}, {"source": 26, "prod": 0.038771814914156912, "target": 15, "value": 10.0, "supply": [{"l": "Beans", "v": 10.0}]}, {"source": 26, "prod": 0.27048038157309495, "target": 21, "value": 53.0, "supply": [{"l": "Fats, Animals, Raw", "v": 13.0}, {"l": "Coconut Oil", "v": 1.0}, {"l": "Sugar", "v": 39.0}]}, {"source": 26, "prod": 0.003578388607708434, "target": 6, "value": 9.0, "supply": [{"l": "Bananas", "v": 3.0}, {"l": "Grapefruit", "v": 6.0}]}, {"source": 26, "prod": 0.26888552140686167, "target": 7, "value": 83.0, "supply": [{"l": "Wheat", "v": 76.0}, {"l": "Barley", "v": 3.0}, {"l": "Rice", "v": 4.0}]}, {"source": 28, "prod": 0.0084900333171, "target": 11, "value": 1.0, "supply": [{"l": "Treenuts", "v": 1.0}]}, {"source": 28, "prod": 0.61973068029114575, "target": 15, "value": 158.0, "supply": [{"l": "Peas", "v": 2.0}, {"l": "Beans", "v": 91.0}, {"l": "Pulses, Other", "v": 65.0}]}, {"source": 28, "prod": 0.15952423471492561, "target": 2, "value": 595.0, "supply": [{"l": "Tomatoes", "v": 133.0}, {"l": "Vegetables, Other", "v": 435.0}, {"l": "Onions", "v": 27.0}]}, {"source": 28, "prod": 18.029033980434491, "target": 3, "value": 56982.0, "supply": [{"l": "Sugar cane", "v": 56982.0}]}, {"source": 28, "prod": 1.649394253106309, "target": 4, "value": 1520.0, "supply": [{"l": "Roots, Other", "v": 152.0}, {"l": "Yams", "v": 185.0}, {"l": "Potatoes", "v": 105.0}, {"l": "Sweet potatoes", "v": 568.0}, {"l": "Cassava", "v": 510.0}]}, {"source": 28, "prod": 0.0047166851761666672, "target": 12, "value": 1.0, "supply": [{"l": "Nuts", "v": 1.0}]}, {"source": 28, "prod": 3.2120377792445938, "target": 7, "value": 811.0, "supply": [{"l": "Maize", "v": 374.0}, {"l": "Rice", "v": 231.0}, {"l": "Sorghum", "v": 206.0}]}, {"source": 28, "prod": 0.021123527870296654, "target": 17, "value": 5.0, "supply": [{"l": "Pimento", "v": 2.0}, {"l": "Spices, Other", "v": 3.0}]}, {"source": 28, "prod": 0.15260566215546839, "target": 18, "value": 182.0, "supply": [{"l": "Coffee", "v": 126.0}, {"l": "Cocoa Beans", "v": 56.0}]}, {"source": 28, "prod": 1.8516661493912778, "target": 6, "value": 2946.0, "supply": [{"l": "Plantains", "v": 768.0}, {"l": "Citrus, Other", "v": 6.0}, {"l": "Lemons, Limes", "v": 65.0}, {"l": "Pineapples", "v": 39.0}, {"l": "Bananas", "v": 832.0}, {"l": "Fruits, Other", "v": 846.0}, {"l": "Grapefruit", "v": 99.0}, {"l": "Oranges, Mandarines", "v": 290.0}, {"l": "Apples", "v": 1.0}]}, {"source": 28, "prod": 0.95907111824125901, "target": 20, "value": 462.0, "supply": [{"l": "Coconuts - Incl Copra", "v": 402.0}, {"l": "Sesame seed", "v": 1.0}, {"l": "Oilcrops, Other", "v": 1.0}, {"l": "Cottonseed", "v": 9.0}, {"l": "Groundnuts", "v": 49.0}]}, {"source": 1, "prod": 0.84466960916817213, "target": 8, "value": 1260.0, "supply": [{"l": "Milk - Excluding Butter", "v": 1260.0}]}, {"source": 1, "prod": 0.086416410549053579, "target": 19, "value": 57.0, "supply": [{"l": "Eggs", "v": 62.0}]}, {"source": 1, "prod": 1.1492980512752349, "target": 0, "value": 515.0, "supply": [{"l": "Pigmeat", "v": 91.0}, {"l": "Bovine Meat", "v": 253.0}, {"l": "Poultry Meat", "v": 77.0}, {"l": "Offals, Edible", "v": 48.0}, {"l": "Meat, Other", "v": 36.0}, {"l": "Mutton & Goat Meat", "v": 10.0}]}, {"source": 1, "prod": 0.44591912035296433, "target": 5, "value": 577.0, "supply": [{"l": "Pelagic Fish", "v": 129.0}, {"l": "Crustaceans", "v": 12.0}, {"l": "Freshwater Fish", "v": 1.0}, {"l": "Molluscs, Other", "v": 2.0}, {"l": "Demersal Fish", "v": 109.0}, {"l": "Fish, Seafood", "v": 288.0}, {"l": "Marine Fish, Other", "v": 36.0}]}, {"source": 21, "prod": 24.578882505830741, "target": 10, "value": 6409.0, "supply": [{"l": "Honey", "v": 5.0}, {"l": "Sweeteners, Other", "v": 4.0}, {"l": "Sugar non-centrifugal", "v": 64.0}, {"l": "Sugar", "v": 6336.0}]}, {"source": 21, "prod": 1.1984910251933434, "target": 16, "value": 116.0, "supply": [{"l": "Olive Oil", "v": 1.0}, {"l": "Soyabean Oil", "v": 18.0}, {"l": "Coconut Oil", "v": 27.0}, {"l": "Palm Oil", "v": 1.0}, {"l": "Groundnut Oil", "v": 15.0}, {"l": "Cottonseed Oil", "v": 3.0}, {"l": "Oilcrops Oil, Other", "v": 12.0}, {"l": "Sunflowerseed Oil", "v": 39.0}]}, {"source": 21, "prod": 1.2989750975162999, "target": 14, "value": 153.0, "supply": [{"l": "Fats, Animals, Raw", "v": 140.0}, {"l": "Butter, Ghee", "v": 13.0}]}, {"source": 21, "prod": 0.40780189442936587, "target": 13, "value": 288.0, "supply": [{"l": "Beer", "v": 184.0}, {"l": "Beverages, Alcoholic", "v": 101.0}, {"l": "Wine", "v": 3.0}]}]}