{"nodes": [{"layer": 13, "name": "Milk - Excluding Butter"}, {"layer": 10, "name": "Feed", "fill": "#dbdb8d"}, {"layer": 13, "name": "Meat"}, {"layer": 5, "name": "Vegetables"}, {"layer": 13, "name": "Animal Fats"}, {"layer": 5, "name": "Starchy Roots"}, {"layer": 5, "name": "Pulses"}, {"layer": 13, "name": "Fish, Seafood"}, {"layer": 5, "name": "Cereals - Excluding Beer"}, {"layer": 5, "name": "Oilcrops", "fill": "#ff9896"}, {"layer": 16, "name": "Food", "fill": "#b5cf6b"}, {"layer": 5, "name": "Treenuts"}, {"layer": 5, "name": "Others"}, {"layer": 13, "name": "Alcoholic Beverages"}, {"layer": 13, "name": "Sugar & Sweeteners"}, {"layer": 13, "name": "Vegetable Oils", "fill": "#f7b6d2"}, {"layer": 5, "name": "Spices"}, {"layer": 5, "name": "Stimulants"}, {"layer": 13, "name": "Eggs"}, {"layer": 5, "name": "Fruits - Excluding Wine"}, {"layer": 10, "name": "Processing", "fill": "#9edae5"}, {"layer": 5, "name": "Sugar Crops", "fill": "#ffbb78"}, {"layer": 16, "name": "Biofuels & Other", "fill": "#e7ba52"}, {"layer": 13, "name": "Aquatic Products, Other"}, {"name": "Waste", "fill": "#c7c7c7"}, {"layer": 2, "name": "Import", "fill": "#aec7e8"}, {"layer": 16, "name": "Export", "fill": "#aec7e8"}, {"layer": 0, "name": "Stock Draw", "fill": "#c7c7c7"}, {"layer": 16, "name": "Stock Deposit", "fill": "#c7c7c7"}, {"layer": 2, "name": "Electricity", "fill": "#bcbd22"}, {"layer": 0, "name": "Fossil Fuels", "fill": "#c49c94"}, {"layer": 0, "name": "Renewables & Nuclear", "fill": "#2ca02c"}, {"layer": 2, "name": "Fertilizers", "fill": "#c5b0d5"}, {"layer": 0, "name": "Labor", "fill": "#7f7f7f"}], "links": [{"source": 0, "prod": 949.0, "target": 1, "value": 0.59961723110282683, "supply": [{"l": "Milk - Excluding Butter", "v": 0.59961723110282683}]}, {"source": 2, "prod": 1.0, "target": 1, "value": 0.00088437847053125004, "supply": [{"l": "Meat, Other", "v": 0.00088437847053125004}]}, {"source": 3, "prod": 44.0, "target": 1, "value": 0.014707144328834645, "supply": [{"l": "Vegetables, Other", "v": 0.014707144328834645}]}, {"source": 4, "prod": 31.0, "target": 1, "value": 0.65797758207525003, "supply": [{"l": "Fish, Body Oil", "v": 0.65797758207525003}]}, {"source": 5, "prod": 60.0, "target": 1, "value": 0.051076532177520721, "supply": [{"l": "Potatoes", "v": 0.046392375864637965}, {"l": "Sweet potatoes", "v": 0.0046841563128827588}]}, {"source": 6, "prod": 9.0, "target": 1, "value": 0.035315684806424372, "supply": [{"l": "Pulses, Other", "v": 0.035315684806424372}]}, {"source": 7, "prod": 1322.0, "target": 1, "value": 1.5979609012953049, "supply": [{"l": "Pelagic Fish", "v": 0.89408606676591873}, {"l": "Demersal Fish", "v": 0.020145841769389831}, {"l": "Fish, Seafood", "v": 0.6771981979006888}, {"l": "Marine Fish, Other", "v": 0.0065307948593076922}]}, {"source": 8, "prod": 2672.0, "target": 1, "value": 9.6820973005030222, "supply": [{"l": "Maize", "v": 9.1894488529161045}, {"l": "Wheat", "v": 0.13854995440417045}, {"l": "Oats", "v": 0.096162622265112241}, {"l": "Millet", "v": 0.011490270654721807}, {"l": "Sorghum", "v": 0.20926297259678095}, {"l": "Cereals, Other", "v": 0.037182627666131396}]}, {"source": 9, "prod": 3.0, "target": 1, "value": 0.012344703616243104, "supply": [{"l": "Oilcrops, Other", "v": 0.012344703616243104}]}, {"source": 0, "prod": 2206.0, "target": 10, "value": 1.39384152983439, "supply": [{"l": "Milk - Excluding Butter", "v": 1.39384152983439}]}, {"source": 2, "prod": 1071.0, "target": 10, "value": 2.5991315559330914, "supply": [{"l": "Pigmeat", "v": 0.43388291813908841}, {"l": "Meat, Other", "v": 0.011496920116906251}, {"l": "Mutton & Goat Meat", "v": 0.44425756076077028}, {"l": "Poultry Meat", "v": 0.26892552901796579}, {"l": "Offals, Edible", "v": 0.15188591714077984}, {"l": "Bovine Meat", "v": 1.2886827107575811}]}, {"source": 11, "prod": 2.0, "target": 10, "value": 0.012128619024428572, "supply": [{"l": "Treenuts", "v": 0.012128619024428572}]}, {"source": 3, "prod": 1191.0, "target": 10, "value": 0.39827219598073749, "supply": [{"l": "Tomatoes", "v": 0.058430126862243921}, {"l": "Vegetables, Other", "v": 0.29280587345588971}, {"l": "Onions", "v": 0.047036195662603884}]}, {"source": 12, "prod": 3.0, "target": 10, "value": 0.013290841244428572, "supply": [{"l": "Nuts", "v": 0.012128619024428572}, {"l": "Infant food", "v": 0.0011622222200000001}]}, {"source": 13, "prod": 1623.0, "target": 10, "value": 1.3948337182233748, "supply": [{"l": "Beer", "v": 0.46882714100451806}, {"l": "Beverages, Alcoholic", "v": 0.4458163064612215}, {"l": "Wine", "v": 0.42149164361536079}, {"l": "Beverages, Fermented", "v": 0.058698627142274543}]}, {"source": 4, "prod": 59.0, "target": 10, "value": 0.49622302573965205, "supply": [{"l": "Fats, Animals, Raw", "v": 0.16605506340798531}, {"l": "Butter, Ghee", "v": 0.33016796233166673}]}, {"source": 5, "prod": 643.0, "target": 10, "value": 0.58547002437639195, "supply": [{"l": "Roots, Other", "v": 0.19896999509575072}, {"l": "Potatoes", "v": 0.33965846615181361}, {"l": "Sweet potatoes", "v": 0.046841563128827583}]}, {"source": 6, "prod": 103.0, "target": 10, "value": 0.39648596995000362, "supply": [{"l": "Peas", "v": 0.033710426406132359}, {"l": "Beans", "v": 0.23328469925364861}, {"l": "Pulses, Other", "v": 0.12949084429022267}]}, {"source": 7, "prod": 525.0, "target": 10, "value": 0.53906917243667907, "supply": [{"l": "Freshwater Fish", "v": 0.0030735167832103881}, {"l": "Crustaceans", "v": 0.0053904973441904766}, {"l": "Marine Fish, Other", "v": 0.01197312390873077}, {"l": "Demersal Fish", "v": 0.093534265357881369}, {"l": "Pelagic Fish", "v": 0.15257928093134498}, {"l": "Fish, Seafood", "v": 0.26944497132811068}, {"l": "Cephalopods", "v": 0.0010245055944034629}, {"l": "Molluscs, Other", "v": 0.0020490111888069257}]}, {"source": 14, "prod": 1117.0, "target": 10, "value": 4.6171064766213901, "supply": [{"l": "Sugar", "v": 4.6133237885098106}, {"l": "Sweeteners, Other", "v": 0.0037826881115792083}]}, {"source": 8, "prod": 4908.0, "target": 10, "value": 17.632459130681745, "supply": [{"l": "Maize", "v": 10.867870374783903}, {"l": "Rye", "v": 0.011577318159681819}, {"l": "Barley", "v": 0.0030649939772924195}, {"l": "Rice", "v": 0.40826718288320835}, {"l": "Cereals, Other", "v": 0.14129398513129929}, {"l": "Wheat", "v": 5.2718257650786855}, {"l": "Oats", "v": 0.036385857073285718}, {"l": "Sorghum", "v": 0.75046031551949011}, {"l": "Millet", "v": 0.14171333807490227}]}, {"source": 15, "prod": 220.0, "target": 10, "value": 2.2689058520975594, "supply": [{"l": "Maize Germ Oil", "v": 0.58164891715709144}, {"l": "Groundnut Oil", "v": 0.65578188380358626}, {"l": "Soyabean Oil", "v": 0.063675249878250004}, {"l": "Sunflowerseed Oil", "v": 0.71645142814262852}, {"l": "Coconut Oil", "v": 0.11389069083914634}, {"l": "Oilcrops Oil, Other", "v": 0.024257238048857144}, {"l": "Cottonseed Oil", "v": 0.084900333171}, {"l": "Palmkernel Oil", "v": 0.028300111057000001}]}, {"source": 16, "prod": 11.0, "target": 10, "value": 0.034515924537178569, "supply": [{"l": "Pimento", "v": 0.02122508329275}, {"l": "Pepper", "v": 0.0011622222200000001}, {"l": "Spices, Other", "v": 0.012128619024428572}]}, {"source": 17, "prod": 43.0, "target": 10, "value": 0.054694720938838551, "supply": [{"l": "Cocoa Beans", "v": 0.031837624939125002}, {"l": "Coffee", "v": 0.011370580335401788}, {"l": "Tea", "v": 0.011486515664311765}]}, {"source": 18, "prod": 90.0, "target": 10, "value": 0.15188591714077981, "supply": [{"l": "Eggs", "v": 0.15188591714077981}]}, {"source": 19, "prod": 893.0, "target": 10, "value": 0.41914561282056217, "supply": [{"l": "Grapes", "v": 0.034853820985989471}, {"l": "Dates", "v": 0.0036127801349361706}, {"l": "Apples", "v": 0.035046067762447675}, {"l": "Lemons, Limes", "v": 0.017433333299999999}, {"l": "Pineapples", "v": 0.035160744040515148}, {"l": "Bananas", "v": 0.070387455705871807}, {"l": "Fruits, Other", "v": 0.12885506262282154}, {"l": "Grapefruit", "v": 0.011710390782206896}, {"l": "Oranges, Mandarines", "v": 0.082085957485773506}]}, {"source": 9, "prod": 37.0, "target": 10, "value": 0.17676184308475631, "supply": [{"l": "Coconuts - Incl Copra", "v": 0.024526762916066668}, {"l": "Groundnuts", "v": 0.15223508016868964}]}, {"source": 9, "prod": 378.0, "target": 20, "value": 1.7463633971989849, "supply": [{"l": "Sunflower seed", "v": 1.061644510996907}, {"l": "Soyabeans", "v": 0.011647911563094512}, {"l": "Cottonseed", "v": 0.086412925313701733}, {"l": "Groundnuts", "v": 0.54550903727113786}, {"l": "Oilcrops, Other", "v": 0.041149012054143681}, {"l": "Oil Palm", "v": 1.3877787807814457e-17}]}, {"source": 21, "prod": 16230.0, "target": 20, "value": 4.5178111716896074, "supply": [{"l": "Sugar cane", "v": 4.5178111716896074}]}, {"source": 14, "prod": 1.0, "target": 20, "value": 0.0041338026778761743, "supply": [{"l": "Sugar", "v": 0.0041338026778761743}]}, {"source": 8, "prod": 174.0, "target": 20, "value": 0.58573143749016265, "supply": [{"l": "Maize", "v": 0.032767448366182624}, {"l": "Barley", "v": 0.2390695302288087}, {"l": "Sorghum", "v": 0.31389445889517131}]}, {"source": 15, "prod": 2.0, "target": 20, "value": 0.024257238048857144, "supply": [{"l": "Oilcrops Oil, Other", "v": 0.024257238048857144}]}, {"source": 19, "prod": 752.0, "target": 20, "value": 0.50033002952070216, "supply": [{"l": "Apples", "v": 0.010365738352273257}, {"l": "Grapes", "v": 0.48996429116842888}]}, {"source": 2, "prod": 42.0, "target": 22, "value": 0.059874838393281421, "supply": [{"l": "Offals, Edible", "v": 0.04683149111840712}, {"l": "Bovine Meat", "v": 0.013043347274874304}]}, {"source": 13, "prod": 36.0, "target": 22, "value": 0.1143524399661979, "supply": [{"l": "Alcohol, Non-Food", "v": 0.0020475688729130873}, {"l": "Beverages, Alcoholic", "v": 0.11230487109328481}]}, {"source": 4, "prod": 66.0, "target": 22, "value": 0.5893081949516471, "supply": [{"l": "Fats, Animals, Raw", "v": 0.56808311165889713}, {"l": "Fish, Body Oil", "v": 0.02122508329275}]}, {"source": 5, "prod": 23.0, "target": 22, "value": 0.019054011515833448, "supply": [{"l": "Potatoes", "v": 0.019054011515833448}]}, {"source": 23, "prod": 118.0, "target": 22, "value": 0.1246653128529966, "supply": [{"l": "Aquatic Plants", "v": 0.062332656426498302}, {"l": "Aquatic Products, Other", "v": 0.062332656426498302}]}, {"source": 14, "prod": 15.0, "target": 22, "value": 0.062007040168142617, "supply": [{"l": "Sugar", "v": 0.062007040168142617}]}, {"source": 8, "prod": 136.0, "target": 22, "value": 0.49515255308898182, "supply": [{"l": "Maize", "v": 0.49515255308898182}]}, {"source": 15, "prod": 36.0, "target": 22, "value": 0.41534357242496911, "supply": [{"l": "Coconut Oil", "v": 0.10353699167195123}, {"l": "Palm Oil", "v": 0.031837624939125002}, {"l": "Cottonseed Oil", "v": 0.02122508329275}, {"l": "Palmkernel Oil", "v": 0.028300111057000001}, {"l": "Oilcrops Oil, Other", "v": 0.23044376146414292}]}, {"source": 19, "prod": 4.0, "target": 22, "value": 0.0026810631527684208, "supply": [{"l": "Grapes", "v": 0.0026810631527684208}]}, {"source": 5, "prod": 56.0, "target": 5, "value": 0.046392375864637965, "supply": [{"l": "Potatoes", "v": 0.046392375864637965}]}, {"source": 8, "prod": 212.0, "target": 8, "value": 0.73765568012182758, "supply": [{"l": "Maize", "v": 0.21116800058206578}, {"l": "Wheat", "v": 0.4433598540933455}, {"l": "Oats", "v": 0.018192928536642859}, {"l": "Rye", "v": 0.0019295530266136365}, {"l": "Millet", "v": 0.011490270654721807}, {"l": "Barley", "v": 0.015324969886462097}, {"l": "Sorghum", "v": 0.032471840575362558}, {"l": "Cereals, Other", "v": 0.0037182627666131392}]}, {"source": 18, "prod": 9.0, "target": 18, "value": 0.015188591714077979, "supply": [{"l": "Eggs", "v": 0.015188591714077979}]}, {"source": 6, "prod": 12.0, "target": 6, "value": 0.046112212525705715, "supply": [{"l": "Peas", "v": 0.0037456029340147061}, {"l": "Beans", "v": 0.030594714656216215}, {"l": "Pulses, Other", "v": 0.011771894935474791}]}, {"source": 9, "prod": 22.0, "target": 9, "value": 0.12817542379551081, "supply": [{"l": "Sunflower seed", "v": 0.0082298024108287352}, {"l": "Soyabeans", "v": 0.0038826371876981708}, {"l": "Cottonseed", "v": 0.0082298024108287352}, {"l": "Groundnuts", "v": 0.10783318178615517}]}, {"source": 0, "prod": 55.0, "target": 24, "value": 0.034751262076560041, "supply": [{"l": "Milk - Excluding Butter", "v": 0.034751262076560041}]}, {"source": 9, "prod": 8.0, "target": 24, "value": 0.048516799587948849, "supply": [{"l": "Cottonseed", "v": 0.0041149012054143676}, {"l": "Groundnuts", "v": 0.044401898382534478}]}, {"source": 3, "prod": 139.0, "target": 24, "value": 0.046730972782636743, "supply": [{"l": "Tomatoes", "v": 0.0065224327660179269}, {"l": "Vegetables, Other", "v": 0.034093834580480313}, {"l": "Onions", "v": 0.0061147054361385044}]}, {"source": 21, "prod": 773.0, "target": 24, "value": 0.21517363128256725, "supply": [{"l": "Sugar cane", "v": 0.21517363128256725}]}, {"source": 5, "prod": 72.0, "target": 24, "value": 0.068494832211046769, "supply": [{"l": "Roots, Other", "v": 0.043299169917210001}, {"l": "Potatoes", "v": 0.024024623215616082}, {"l": "Sweet potatoes", "v": 0.0011710390782206897}]}, {"source": 6, "prod": 5.0, "target": 24, "value": 0.019320947953064271, "supply": [{"l": "Beans", "v": 0.011473017996081081}, {"l": "Pulses, Other", "v": 0.0078479299569831924}]}, {"source": 19, "prod": 102.0, "target": 24, "value": 0.046237259071382111, "supply": [{"l": "Fruits, Other", "v": 0.015959113260624685}, {"l": "Grapefruit", "v": 0.0018820270899975373}, {"l": "Lemons, Limes", "v": 0.0011622222200000001}, {"l": "Pineapples", "v": 0.0038591060532272726}, {"l": "Bananas", "v": 0.0079820826058205133}, {"l": "Apples", "v": 0.0069104922348488373}, {"l": "Oranges, Mandarines", "v": 0.0084822156068632623}]}, {"source": 8, "prod": 310.0, "target": 24, "value": 1.1172445896845451, "supply": [{"l": "Maize", "v": 0.83374951953953569}, {"l": "Oats", "v": 0.0051979795818979588}, {"l": "Barley", "v": 0.0030649939772924195}, {"l": "Sorghum", "v": 0.10823946858454184}, {"l": "Wheat", "v": 0.15933244756479603}, {"l": "Millet", "v": 0.0076601804364812044}]}, {"source": 18, "prod": 12.0, "target": 24, "value": 0.02025145561877064, "supply": [{"l": "Eggs", "v": 0.02025145561877064}]}, {"source": 25, "prod": 3.0, "target": 12, "value": 0.013290841244428572, "supply": [{"l": "Infant food", "v": 0.0011622222200000001}, {"l": "Nuts", "v": 0.012128619024428572}]}, {"source": 25, "prod": 318.0, "target": 1, "value": 0.29790283363688941, "supply": [{"l": "Crustaceans", "v": 0.0026952486720952383}, {"l": "Eggs", "v": 0.00168762130156422}, {"l": "Mutton & Goat Meat", "v": 0.0023757088810736379}, {"l": "Freshwater Fish", "v": 0.0010245055944034629}, {"l": "Milk - Excluding Butter", "v": 0.15353739426552893}, {"l": "Fish, Seafood", "v": 0.016392089510455406}, {"l": "Pelagic Fish", "v": 0.012833771293290698}, {"l": "Molluscs, Other", "v": 0.0010245055944034629}, {"l": "Offals, Edible", "v": 0.0012657159761731655}, {"l": "Demersal Fish", "v": 0.00071949434890677965}, {"l": "Bovine Meat", "v": 0.10434677819899443}]}, {"source": 25, "prod": 435.0, "target": 8, "value": 1.5862452218833185, "supply": [{"l": "Maize", "v": 0.39685020799043391}, {"l": "Rye", "v": 0.003859106053227273}, {"l": "Barley", "v": 0.14711971091003612}, {"l": "Rice", "v": 0.42931188303182727}, {"l": "Cereals, Other", "v": 0.16732182449759125}, {"l": "Wheat", "v": 0.30134615082907074}, {"l": "Oats", "v": 0.02858888770043878}, {"l": "Sorghum", "v": 0.11184745087069324}]}, {"source": 25, "prod": 31.0, "target": 6, "value": 0.1191731624200775, "supply": [{"l": "Peas", "v": 0.0037456029340147061}, {"l": "Beans", "v": 0.087959804636621619}, {"l": "Pulses, Other", "v": 0.027467754849441174}]}, {"source": 25, "prod": 210.0, "target": 20, "value": 1.4840845999982106, "supply": [{"l": "Sugar", "v": 0.2769647794177037}, {"l": "Beer", "v": 0.0085241298364457825}, {"l": "Groundnut Oil", "v": 0.010246591934431035}, {"l": "Beverages, Alcoholic", "v": 0.017015889559588607}, {"l": "Butter, Ghee", "v": 0.0082541990582916686}, {"l": "Fats, Animals, Raw", "v": 0.43698700896838238}, {"l": "Soyabean Oil", "v": 0.063675249878250004}, {"l": "Palm Oil", "v": 0.053062708231874998}, {"l": "Olive Oil", "v": 0.0097961922889615374}, {"l": "Coconut Oil", "v": 0.21742768251109756}, {"l": "Oilcrops Oil, Other", "v": 0.25470099951300007}, {"l": "Wine", "v": 0.0023903117785370174}, {"l": "Sweeteners, Other", "v": 0.018913440557896042}, {"l": "Cottonseed Oil", "v": 0.063675249878250004}, {"l": "Palmkernel Oil", "v": 0.0424501665855}]}, {"source": 25, "prod": 2.0, "target": 11, "value": 0.012128619024428572, "supply": [{"l": "Treenuts", "v": 0.012128619024428572}]}, {"source": 25, "prod": 37.0, "target": 3, "value": 0.012242400870862388, "supply": [{"l": "Vegetables, Other", "v": 0.011698864807027561}, {"l": "Tomatoes", "v": 0.00054353606383482714}]}, {"source": 25, "prod": 44.0, "target": 17, "value": 0.061579495855646538, "supply": [{"l": "Cocoa Beans", "v": 0.038205149926950004}, {"l": "Coffee", "v": 0.012886657713455358}, {"l": "Tea", "v": 0.010487688215241178}]}, {"source": 25, "prod": 51.0, "target": 19, "value": 0.029211779774476414, "supply": [{"l": "Grapes", "v": 0.00067026578819210519}, {"l": "Dates", "v": 0.0036127801349361706}, {"l": "Bananas", "v": 0.005079507112794872}, {"l": "Fruits, Other", "v": 0.016550191529536708}, {"l": "Grapefruit", "v": 0.00083645648444334976}, {"l": "Oranges, Mandarines", "v": 0.0024625787245732052}]}, {"source": 25, "prod": 34.0, "target": 9, "value": 0.13744614983142461, "supply": [{"l": "Sunflower seed", "v": 0.028804308437900578}, {"l": "Coconuts - Incl Copra", "v": 0.024526762916066668}, {"l": "Groundnuts", "v": 0.07611754008434482}, {"l": "Oilcrops, Other", "v": 0.0041149012054143676}, {"l": "Soyabeans", "v": 0.0038826371876981708}]}, {"source": 25, "prod": 5.0, "target": 16, "value": 0.013290841244428572, "supply": [{"l": "Pepper", "v": 0.0011622222200000001}, {"l": "Spices, Other", "v": 0.012128619024428572}]}, {"source": 25, "prod": 13.0, "target": 5, "value": 0.010769658682862384, "supply": [{"l": "Potatoes", "v": 0.010769658682862384}]}, {"source": 0, "prod": 10.0, "target": 26, "value": 0.00631841128664728, "supply": [{"l": "Milk - Excluding Butter", "v": 0.00631841128664728}]}, {"source": 2, "prod": 138.0, "target": 26, "value": 0.35893101953825524, "supply": [{"l": "Meat, Other", "v": 0.0017687569410625001}, {"l": "Pigmeat", "v": 0.021694145906954419}, {"l": "Bovine Meat", "v": 0.32869235132683244}, {"l": "Poultry Meat", "v": 0.0017129014587131584}, {"l": "Offals, Edible", "v": 0.0050628639046926618}]}, {"source": 6, "prod": 11.0, "target": 26, "value": 0.042067732652297296, "supply": [{"l": "Beans", "v": 0.042067732652297296}]}, {"source": 3, "prod": 30.0, "target": 26, "value": 0.011694317062702152, "supply": [{"l": "Vegetables, Other", "v": 0.0030082795218070867}, {"l": "Tomatoes", "v": 0.0016306081915044817}, {"l": "Onions", "v": 0.0070554293493905827}]}, {"source": 4, "prod": 49.0, "target": 26, "value": 1.001601969762451, "supply": [{"l": "Fats, Animals, Raw", "v": 0.0087397401793676485}, {"l": "Butter, Ghee", "v": 0.016508398116583337}, {"l": "Fish, Body Oil", "v": 0.97635383146650001}]}, {"source": 5, "prod": 9.0, "target": 26, "value": 0.0074559175496739568, "supply": [{"l": "Potatoes", "v": 0.0074559175496739568}]}, {"source": 7, "prod": 842.0, "target": 26, "value": 0.99534757156586784, "supply": [{"l": "Crustaceans", "v": 0.0040428730081428568}, {"l": "Pelagic Fish", "v": 0.52761059761306195}, {"l": "Fish, Seafood", "v": 0.43131685524385788}, {"l": "Demersal Fish", "v": 0.032377245700805087}]}, {"source": 14, "prod": 899.0, "target": 26, "value": 3.7145330345791963, "supply": [{"l": "Sugar", "v": 3.6956195940213004}, {"l": "Sweeteners, Other", "v": 0.018913440557896042}]}, {"source": 13, "prod": 16.0, "target": 26, "value": 0.014669250993354949, "supply": [{"l": "Beer", "v": 0.0017048259672891564}, {"l": "Beverages, Alcoholic", "v": 0.0034031779119177217}, {"l": "Wine", "v": 0.0095612471141480696}]}, {"source": 8, "prod": 1761.0, "target": 26, "value": 6.3407041650918439, "supply": [{"l": "Maize", "v": 4.805892427040118}, {"l": "Rice", "v": 0.037880460267514168}, {"l": "Cereals, Other", "v": 0.014873051066452557}, {"l": "Wheat", "v": 1.2504133384976384}, {"l": "Oats", "v": 0.025989897909489801}, {"l": "Sorghum", "v": 0.20565499031062953}]}, {"source": 15, "prod": 21.0, "target": 26, "value": 0.2232157420407225, "supply": [{"l": "Maize Germ Oil", "v": 0.051021834838341357}, {"l": "Groundnut Oil", "v": 0.092219327409879315}, {"l": "Palm Oil", "v": 0.02122508329275}, {"l": "Sunflowerseed Oil", "v": 0.010235020402037552}, {"l": "Oilcrops Oil, Other", "v": 0.048514476097714289}]}, {"source": 17, "prod": 3.0, "target": 26, "value": 0.0078836023658785722, "supply": [{"l": "Coffee", "v": 0.0015160773780535715}, {"l": "Cocoa Beans", "v": 0.0063675249878250009}]}, {"source": 18, "prod": 10.0, "target": 26, "value": 0.0168762130156422, "supply": [{"l": "Eggs", "v": 0.0168762130156422}]}, {"source": 19, "prod": 835.0, "target": 26, "value": 0.37232618423990615, "supply": [{"l": "Fruits, Other", "v": 0.11821565378240509}, {"l": "Grapes", "v": 0.039545681503334214}, {"l": "Apples", "v": 0.088849185876627906}, {"l": "Lemons, Limes", "v": 0.0069733333200000004}, {"l": "Pineapples", "v": 0.038591060532272722}, {"l": "Bananas", "v": 0.00072564387325641032}, {"l": "Grapefruit", "v": 0.0077372224811009856}, {"l": "Oranges, Mandarines", "v": 0.071688402870908857}]}, {"source": 9, "prod": 69.0, "target": 26, "value": 0.40179195730810335, "supply": [{"l": "Cottonseed", "v": 0.053493715670386778}, {"l": "Groundnuts", "v": 0.33618580203918969}, {"l": "Oilcrops, Other", "v": 0.0082298024108287352}, {"l": "Soyabeans", "v": 0.0038826371876981708}]}, {"source": 27, "prod": 30.0, "target": 9, "value": 0.19029385021086206, "supply": [{"l": "Groundnuts", "v": 0.19029385021086206}]}, {"source": 8, "prod": 53.0, "target": 28, "value": 0.13774645892029594, "supply": [{"l": "Oats", "v": 0.13774645892029594}]}, {"source": 7, "prod": 90.0, "target": 28, "value": 0.11027160821460932, "supply": [{"l": "Fish, Seafood", "v": 0.046102751748155819}, {"l": "Pelagic Fish", "v": 0.064168856466453497}]}, {"source": 19, "prod": 59.0, "target": 28, "value": 0.013875461228051427, "supply": [{"l": "Pineapples", "v": 0.0030015269302878789}, {"l": "Grapefruit", "v": 0.010873934297763548}]}, {"source": 15, "prod": 1.0, "target": 28, "value": 0.012128619024428572, "supply": [{"l": "Oilcrops Oil, Other", "v": 0.012128619024428572}]}, {"source": 27, "prod": 11.0, "target": 1, "value": 0.0069502524153120084, "supply": [{"l": "Milk - Excluding Butter", "v": 0.0069502524153120084}]}, {"source": 27, "prod": 100.0, "target": 20, "value": 0.61390885485089819, "supply": [{"l": "Sugar", "v": 0.23149294996106576}, {"l": "Groundnut Oil", "v": 0.3483841257706552}, {"l": "Beverages, Alcoholic", "v": 0.034031779119177215}]}, {"source": 27, "prod": 11.0, "target": 19, "value": 0.0054520140454454007, "supply": [{"l": "Fruits, Other", "v": 0.0041375478823841771}, {"l": "Oranges, Mandarines", "v": 0.00082085957485773494}, {"l": "Apples", "v": 0.00049360658820348836}]}, {"source": 27, "prod": 2986.0, "target": 8, "value": 10.846744557715779, "supply": [{"l": "Maize", "v": 9.9977125792819432}, {"l": "Wheat", "v": 0.3429111371503219}, {"l": "Barley", "v": 0.015324969886462097}, {"l": "Sorghum", "v": 0.48707760863043836}, {"l": "Cereals, Other", "v": 0.0037182627666131392}]}, {"source": 1, "prod": 3220.0, "target": 0, "value": 2.034528434300424, "supply": [{"l": "Milk - Excluding Butter", "v": 2.034528434300424}]}, {"source": 1, "prod": 112.0, "target": 18, "value": 0.18901358577519267, "supply": [{"l": "Eggs", "v": 0.20420217748927066}]}, {"source": 1, "prod": 1252.0, "target": 2, "value": 3.0188217923351592, "supply": [{"l": "Pigmeat", "v": 0.45557706404604281}, {"l": "Bovine Meat", "v": 1.6304184093592879}, {"l": "Poultry Meat", "v": 0.27063843047667896}, {"l": "Offals, Edible", "v": 0.20378027216387962}, {"l": "Meat, Other", "v": 0.014150055528500001}, {"l": "Mutton & Goat Meat", "v": 0.44425756076077028}]}, {"source": 1, "prod": 2779.0, "target": 7, "value": 3.2426492535124609, "supply": [{"l": "Pelagic Fish", "v": 1.6384448017767792}, {"l": "Crustaceans", "v": 0.0094333703523333326}, {"l": "Freshwater Fish", "v": 0.0030735167832103881}, {"l": "Molluscs, Other", "v": 0.0020490111888069257}, {"l": "Marine Fish, Other", "v": 0.01850391876803846}, {"l": "Fish, Seafood", "v": 1.4240627762208133}, {"l": "Demersal Fish", "v": 0.14605735282807628}, {"l": "Cephalopods", "v": 0.0010245055944034629}]}, {"source": 1, "prod": 118.0, "target": 23, "value": 0.1246653128529966, "supply": [{"l": "Aquatic Plants", "v": 0.062332656426498302}, {"l": "Aquatic Products, Other", "v": 0.062332656426498302}]}, {"source": 20, "prod": 2032.0, "target": 14, "value": 8.3977803540466063, "supply": [{"l": "Sweeteners, Other", "v": 0.022696128669475249}, {"l": "Sugar", "v": 8.3750842253771296}]}, {"source": 20, "prod": 280.0, "target": 15, "value": 2.9438510236365367, "supply": [{"l": "Soyabean Oil", "v": 0.063675249878250004}, {"l": "Coconut Oil", "v": 0.21742768251109756}, {"l": "Maize Germ Oil", "v": 0.63267075199543277}, {"l": "Groundnut Oil", "v": 0.74800121121346552}, {"l": "Cottonseed Oil", "v": 0.10612541646375}, {"l": "Palmkernel Oil", "v": 0.056600222114000003}, {"l": "Oilcrops Oil, Other", "v": 0.33960133268400011}, {"l": "Palm Oil", "v": 0.053062708231875005}, {"l": "Sunflowerseed Oil", "v": 0.72668644854466602}]}, {"source": 20, "prod": 1675.0, "target": 13, "value": 1.5238554091829277, "supply": [{"l": "Beer", "v": 0.47053196697180721}, {"l": "Beverages, Alcoholic", "v": 0.56152435546642399}, {"l": "Alcohol, Non-Food", "v": 0.0020475688729130873}, {"l": "Beverages, Fermented", "v": 0.058698627142274543}, {"l": "Wine", "v": 0.43105289072950886}]}, {"source": 20, "prod": 205.0, "target": 4, "value": 2.7451107725290003, "supply": [{"l": "Fats, Animals, Raw", "v": 0.74287791524625013}, {"l": "Fish, Body Oil", "v": 1.6555564968345}, {"l": "Butter, Ghee", "v": 0.34667636044825006}]}, {"source": 29, "prod": 0, "target": 9, "value": 0.0005864988264771921, "supply": "[{\"l\":'Energy for power irrigation',\"v\":0.0005864988264771921}]"}, {"source": 29, "prod": 0, "target": 3, "value": 0.0016731222959236066, "supply": "[{\"l\":'Energy for power irrigation',\"v\":0.0016731222959236066}]"}, {"source": 29, "prod": 0, "target": 21, "value": 0.020539539232087452, "supply": "[{\"l\":'Energy for power irrigation',\"v\":0.020539539232087452}]"}, {"source": 29, "prod": 0, "target": 5, "value": 0.0010346781562877755, "supply": "[{\"l\":'Energy for power irrigation',\"v\":0.0010346781562877755}]"}, {"source": 29, "prod": 0, "target": 6, "value": 0.00015221184786019817, "supply": "[{\"l\":'Energy for power irrigation',\"v\":0.00015221184786019817}]"}, {"source": 29, "prod": 0, "target": 19, "value": 0.0031577918278298252, "supply": "[{\"l\":'Energy for power irrigation',\"v\":0.0031577918278298252}]"}, {"source": 29, "prod": 0, "target": 8, "value": 0.010286984051218391, "supply": "[{\"l\":'Energy for power irrigation',\"v\":0.010286984051218391}]"}, {"source": 29, "prod": 0, "target": 16, "value": 1.0268259577870511e-05, "supply": "[{\"l\":'Energy for power irrigation',\"v\":1.0268259577870511e-05}]"}, {"source": 29, "prod": 0, "target": 17, "value": 2.959674819503853e-05, "supply": "[{\"l\":'Energy for power irrigation',\"v\":2.959674819503853e-05}]"}, {"source": 29, "prod": 0, "target": 20, "value": 0.57139007495836613, "supply": "[{\"l\":'Electricity',\"v\":0.57139007495836613}]"}, {"source": 30, "prod": 0, "target": 29, "value": 1.199393111134706, "supply": [{"l": "Coal", "v": 1.1286304607595889}, {"l": "Natural gas", "v": 0.0049507924136299739}, {"l": "Oil", "v": 0.065811857961487058}]}, {"source": 31, "prod": 0, "target": 29, "value": 0.14159356510346166, "supply": [{"l": "Nuclear", "v": 0.0}, {"l": "Hydroelectric", "v": 0.14060966807309158}, {"l": "Renewable", "v": 0.00098389703037006526}]}, {"source": 30, "prod": 0, "target": 9, "value": 0.81629440647697971, "supply": [{"l": "Motor Gasoline", "v": 0.0079534558259014565}, {"l": "Gas-Diesel oil", "v": 0.10474971607209185}, {"l": "Fuel oil", "v": 0.0015807449924800823}, {"l": "Liquefied petroleum gas (LPG)", "v": 0.00075399855114355221}, {"l": "Coal", "v": 0.011291284088199315}, {"l": "Other fossil fuels", "v": 0.68996520694716335}]}, {"source": 30, "prod": 0, "target": 3, "value": 2.3286668444296947, "supply": [{"l": "Motor Gasoline", "v": 0.022689055239698282}, {"l": "Gas-Diesel oil", "v": 0.29882256799144635}, {"l": "Fuel oil", "v": 0.0045094373111944676}, {"l": "Liquefied petroleum gas (LPG)", "v": 0.0021509536422941703}, {"l": "Coal", "v": 0.032210975205264773}, {"l": "Other fossil fuels", "v": 1.9682838550397965}]}, {"source": 30, "prod": 0, "target": 21, "value": 28.587117705715439, "supply": [{"l": "Motor Gasoline", "v": 0.27853477379997837}, {"l": "Gas-Diesel oil", "v": 3.6683976261910227}, {"l": "Fuel oil", "v": 0.055358633850963124}, {"l": "Liquefied petroleum gas (LPG)", "v": 0.026405479641232226}, {"l": "Coal", "v": 0.39542751330506448}, {"l": "Other fossil fuels", "v": 24.162993678927176}]}, {"source": 30, "prod": 0, "target": 5, "value": 1.4400744781617569, "supply": [{"l": "Motor Gasoline", "v": 0.014031173872058902}, {"l": "Gas-Diesel oil", "v": 0.18479532814777891}, {"l": "Fuel oil", "v": 0.0027886881278253151}, {"l": "Liquefied petroleum gas (LPG)", "v": 0.0013301745809566475}, {"l": "Coal", "v": 0.019919639179284677}, {"l": "Other fossil fuels", "v": 1.2172094742538524}]}, {"source": 30, "prod": 0, "target": 6, "value": 0.21184983566652818, "supply": [{"l": "Motor Gasoline", "v": 0.0020641306571855481}, {"l": "Gas-Diesel oil", "v": 0.02718530221438429}, {"l": "Fuel oil", "v": 0.0004102448384191357}, {"l": "Liquefied petroleum gas (LPG)", "v": 0.00019568242521954187}, {"l": "Coal", "v": 0.0029303847479157847}, {"l": "Other fossil fuels", "v": 0.17906409078340388}]}, {"source": 30, "prod": 0, "target": 19, "value": 4.3950434161294023, "supply": [{"l": "Motor Gasoline", "v": 0.042822520141928749}, {"l": "Gas-Diesel oil", "v": 0.56398714276508366}, {"l": "Fuel oil", "v": 0.0085109524414890524}, {"l": "Liquefied petroleum gas (LPG)", "v": 0.0040596338057450991}, {"l": "Coal", "v": 0.060793855008348108}, {"l": "Other fossil fuels", "v": 3.7148693119668073}]}, {"source": 30, "prod": 0, "target": 8, "value": 14.317518060462861, "supply": [{"l": "Motor Gasoline", "v": 0.13950083024812326}, {"l": "Gas-Diesel oil", "v": 1.8372733413221383}, {"l": "Fuel oil", "v": 0.027725713663159918}, {"l": "Liquefied petroleum gas (LPG)", "v": 0.01322487057108737}, {"l": "Coal", "v": 0.19804516921330845}, {"l": "Other fossil fuels", "v": 12.101748135445044}]}, {"source": 30, "prod": 0, "target": 16, "value": 0.014291457167980076, "supply": [{"l": "Motor Gasoline", "v": 0.00013924690941331078}, {"l": "Gas-Diesel oil", "v": 0.0018339291176370355}, {"l": "Fuel oil", "v": 2.7675247036211533e-05}, {"l": "Liquefied petroleum gas (LPG)", "v": 1.3200798526715126e-05}, {"l": "Coal", "v": 0.00019768468537527118}, {"l": "Other fossil fuels", "v": 0.012079720409991531}]}, {"source": 30, "prod": 0, "target": 17, "value": 0.041193023601824925, "supply": [{"l": "Motor Gasoline", "v": 0.0004013587388971899}, {"l": "Gas-Diesel oil", "v": 0.0052860309861302787}, {"l": "Fuel oil", "v": 7.9769829692609716e-05}, {"l": "Liquefied petroleum gas (LPG)", "v": 3.8049360459355365e-05}, {"l": "Coal", "v": 0.00056979703431695816}, {"l": "Other fossil fuels", "v": 0.034818017652328531}]}, {"source": 30, "prod": 0, "target": 1, "value": 1.2901698343654688, "supply": [{"l": "Gas-diesel oils used in fisheries", "v": 0.85294083401568577}, {"l": "Fuel oil used in fisheries", "v": 0.43722900034978318}]}, {"source": 32, "prod": 1.9558758184907328, "target": 9, "value": 0.022882788254795686, "supply": [{"l": "Potash", "v": 0.057319976192274587}, {"l": "Phosphate", "v": 0.14224113891874904}, {"l": "Nitrogen", "v": 1.262510013741478}]}, {"source": 32, "prod": 5.5795839518221717, "target": 3, "value": 0.06527839697815041, "supply": [{"l": "Potash", "v": 0.057319976192274587}, {"l": "Phosphate", "v": 0.14224113891874904}, {"l": "Nitrogen", "v": 1.262510013741478}]}, {"source": 32, "prod": 68.495939451881938, "target": 21, "value": 0.80136891308375613, "supply": [{"l": "Potash", "v": 0.057319976192274587}, {"l": "Phosphate", "v": 0.14224113891874904}, {"l": "Nitrogen", "v": 1.262510013741478}]}, {"source": 32, "prod": 3.4504791730943611, "target": 5, "value": 0.040368914809953665, "supply": [{"l": "Potash", "v": 0.057319976192274587}, {"l": "Phosphate", "v": 0.14224113891874904}, {"l": "Nitrogen", "v": 1.262510013741478}]}, {"source": 32, "prod": 0.50760113929934569, "target": 6, "value": 0.0059386844904310123, "supply": [{"l": "Potash", "v": 0.057319976192274587}, {"l": "Phosphate", "v": 0.14224113891874904}, {"l": "Nitrogen", "v": 1.262510013741478}]}, {"source": 32, "prod": 10.530709350226108, "target": 19, "value": 0.12320413696814814, "supply": [{"l": "Potash", "v": 0.057319976192274587}, {"l": "Phosphate", "v": 0.14224113891874904}, {"l": "Nitrogen", "v": 1.262510013741478}]}, {"source": 32, "prod": 34.305376997647443, "target": 8, "value": 0.40135609347829587, "supply": [{"l": "Potash", "v": 0.057319976192274587}, {"l": "Phosphate", "v": 0.14224113891874904}, {"l": "Nitrogen", "v": 1.262510013741478}]}, {"source": 32, "prod": 0.034242934000352686, "target": 16, "value": 0.00040062554102113972, "supply": [{"l": "Potash", "v": 0.057319976192274587}, {"l": "Phosphate", "v": 0.14224113891874904}, {"l": "Nitrogen", "v": 1.262510013741478}]}, {"source": 32, "prod": 0.098700221530428317, "target": 17, "value": 0.0011547442064726969, "supply": [{"l": "Potash", "v": 0.057319976192274587}, {"l": "Phosphate", "v": 0.14224113891874904}, {"l": "Nitrogen", "v": 1.262510013741478}]}, {"source": 30, "prod": 0, "target": 32, "value": 1.7758085126169432, "supply": [{"l": "Natural gas (including LNG)", "v": 1.1958634365010288}, {"l": "Fuel oil", "v": 0.35676968309359669}, {"l": "Liquefied petroleum gas (LPG)", "v": 0.11158769651115887}, {"l": "Coal", "v": 0.11158769651115887}]}, {"source": 33, "prod": 0, "target": 5, "value": 0.040856385263061727, "supply": "[{\"l\":'Labor',\"v\":0.040856385263061727}]"}, {"source": 33, "prod": 0, "target": 11, "value": 4.7701558976137447e-05, "supply": "[{\"l\":'Labor',\"v\":4.7701558976137447e-05}]"}, {"source": 33, "prod": 0, "target": 3, "value": 0.066066659181950371, "supply": "[{\"l\":'Labor',\"v\":0.066066659181950371}]"}, {"source": 33, "prod": 0, "target": 21, "value": 0.81104575649177701, "supply": "[{\"l\":'Labor',\"v\":0.81104575649177701}]"}, {"source": 33, "prod": 0, "target": 6, "value": 0.0060103964309933195, "supply": "[{\"l\":'Labor',\"v\":0.0060103964309933195}]"}, {"source": 33, "prod": 0, "target": 12, "value": 7.1552338464206175e-05, "supply": "[{\"l\":'Labor',\"v\":7.1552338464206175e-05}]"}, {"source": 33, "prod": 0, "target": 8, "value": 0.40620262546129843, "supply": "[{\"l\":'Labor',\"v\":0.40620262546129843}]"}, {"source": 33, "prod": 0, "target": 16, "value": 0.00040546325129716835, "supply": "[{\"l\":'Labor',\"v\":0.00040546325129716835}]"}, {"source": 33, "prod": 0, "target": 17, "value": 0.0011686881949153677, "supply": "[{\"l\":'Labor',\"v\":0.0011686881949153677}]"}, {"source": 33, "prod": 0, "target": 19, "value": 0.1246918751636233, "supply": "[{\"l\":'Labor',\"v\":0.1246918751636233}]"}, {"source": 33, "prod": 0, "target": 9, "value": 0.023159106882914737, "supply": "[{\"l\":'Labor',\"v\":0.023159106882914737}]"}, {"source": 30, "prod": 0, "target": 25, "value": 3.9527818802356909, "supply": "[{\"l\":'Fossil Fuels',\"v\":3.9527818802356909}]"}, {"source": 31, "prod": 0, "target": 25, "value": 6.6355614217094159, "supply": "[{\"l\":'Renewables & Nuclear',\"v\":0.11632112497464757},{\"l\":'Biomass & Waste',\"v\":6.5192402967347682}]"}]}