{"nodes": [{"layer": 3, "name": "Cereals", "fill": "#e7ba52"}, {"layer": 5, "name": "Production", "fill": "#b5cf6b"}, {"layer": 3, "name": "Oilcrops", "fill": "#ff9896"}, {"layer": 3, "name": "Sugar Crops", "fill": "#ffbb78"}, {"layer": 3, "name": "Starchy Roots"}, {"layer": 3, "name": "Fruits & Vegetables"}, {"layer": 3, "name": "Others"}, {"layer": 1, "name": "Electricity", "fill": "#bcbd22"}, {"layer": 0, "name": "Fossil Fuels", "fill": "#c49c94"}, {"layer": 0, "name": "Renewables & Nuclear", "fill": "#2ca02c"}, {"layer": 1, "name": "Fertilizers", "fill": "#c5b0d5"}, {"layer": 0, "name": "Labor", "fill": "#7f7f7f"}], "links": [{"source": 0, "prod": 7350.0, "target": 1, "value": 26.417739409537404, "supply": [{"l": "Maize", "v": 20.194088884288547}, {"l": "Rye", "v": 0.017479480358735297}, {"l": "Barley", "v": 0.11411041564462381}, {"l": "Rice", "v": 0.02070739833439024}, {"l": "Cereals, Other", "v": 0.083858611291601243}, {"l": "Wheat", "v": 4.5096549967197319}, {"l": "Oats", "v": 0.35172995170842858}, {"l": "Sorghum", "v": 0.95261768601582841}, {"l": "Millet", "v": 0.17349198517552172}]}, {"source": 2, "prod": 305.0, "target": 1, "value": 1.6170273577761665, "supply": [{"l": "Sunflower seed", "v": 0.34661204201402962}, {"l": "Cottonseed", "v": 0.12641145061688136}, {"l": "Oilcrops, Other", "v": 0.044855676025345008}, {"l": "Soyabeans", "v": 0.015819937857950311}, {"l": "Groundnuts", "v": 1.0833282512619602}]}, {"source": 3, "prod": 15046.0, "target": 1, "value": 5.8866839303726541, "supply": [{"l": "Sugar cane", "v": 5.8866839303726541}]}, {"source": 4, "prod": 819.0, "target": 1, "value": 0.74479065053822913, "supply": [{"l": "Roots, Other", "v": 0.2254052147246306}, {"l": "Potatoes", "v": 0.46116806449634135}, {"l": "Sweet potatoes", "v": 0.058217371317257148}]}, {"source": 5, "prod": 3679.0, "target": 1, "value": 2.3289983411750566, "supply": [{"l": "Fruits, Other", "v": 0.22431231937430257}, {"l": "Tomatoes", "v": 0.046740342995736699}, {"l": "Vegetables, Other", "v": 0.2918785218331274}, {"l": "Peas", "v": 0.057144455018942317}, {"l": "Grapes", "v": 0.66121530664533057}, {"l": "Beans", "v": 0.25219339473579749}, {"l": "Apples", "v": 0.13774645892029594}, {"l": "Lemons, Limes", "v": 0.018595555520000001}, {"l": "Pineapples", "v": 0.051803593121288134}, {"l": "Bananas", "v": 0.030832226256836844}, {"l": "Grapefruit", "v": 0.020194739443587375}, {"l": "Oranges, Mandarines", "v": 0.16144662898192449}, {"l": "Onions", "v": 0.042160404356247447}, {"l": "Pulses, Other", "v": 0.33273439397163979}]}, {"source": 6, "prod": 8.0, "target": 1, "value": 0.024108572647127683, "supply": [{"l": "Pimento", "v": 0.023154636319363639}, {"l": "Tea", "v": 0.00095393632776404492}]}, {"source": 7, "prod": 0, "target": 0, "value": 0.0058379068401519796, "supply": "[{\"l\":'Energy for power irrigation',\"v\":0.0058379068401519796}]"}, {"source": 7, "prod": 0, "target": 2, "value": 0.00022019342618518649, "supply": "[{\"l\":'Energy for power irrigation',\"v\":0.00022019342618518649}]"}, {"source": 7, "prod": 0, "target": 3, "value": 0.0098455580694868233, "supply": "[{\"l\":'Energy for power irrigation',\"v\":0.0098455580694868233}]"}, {"source": 7, "prod": 0, "target": 4, "value": 0.00054148606290710789, "supply": "[{\"l\":'Energy for power irrigation',\"v\":0.00054148606290710789}]"}, {"source": 7, "prod": 0, "target": 5, "value": 0.0024512468781269199, "supply": "[{\"l\":'Energy for power irrigation',\"v\":0.0024512468781269199}]"}, {"source": 7, "prod": 0, "target": 6, "value": 2.0612460400693534e-05, "supply": "[{\"l\":'Energy for power irrigation',\"v\":2.0612460400693534e-05}]"}, {"source": 8, "prod": 0, "target": 7, "value": 0.037732626521222418, "supply": [{"l": "Coal", "v": 0.035536791794970525}, {"l": "Natural gas", "v": 0.00012595453510058486}, {"l": "Oil", "v": 0.0020698801911513114}]}, {"source": 9, "prod": 0, "target": 7, "value": 0.0042198789536418034, "supply": [{"l": "Nuclear", "v": 0.0}, {"l": "Hydroelectric", "v": 0.0041870524415262454}, {"l": "Renewable", "v": 3.2826512115558178e-05}]}, {"source": 8, "prod": 0, "target": 0, "value": 16.074151845636951, "supply": [{"l": "Motor Gasoline", "v": 0.15682678646362599}, {"l": "Gas-Diesel oil", "v": 2.0654620726081014}, {"l": "Fuel oil", "v": 0.031169237978513852}, {"l": "Liquefied petroleum gas (LPG)", "v": 0.014867395049707331}, {"l": "Coal", "v": 0.22264231264520404}, {"l": "Other fossil fuels", "v": 13.583184040891796}]}, {"source": 8, "prod": 0, "target": 2, "value": 0.60628281074447499, "supply": [{"l": "Motor Gasoline", "v": 0.0059151727450552204}, {"l": "Gas-Diesel oil", "v": 0.077904835221949909}, {"l": "Fuel oil", "v": 0.0011756373457120341}, {"l": "Liquefied petroleum gas (LPG)", "v": 0.00056076651171064475}, {"l": "Coal", "v": 0.0083975943737164341}, {"l": "Other fossil fuels", "v": 0.51232880454633078}]}, {"source": 8, "prod": 0, "target": 3, "value": 27.108859347582086, "supply": [{"l": "Motor Gasoline", "v": 0.26448644612808575}, {"l": "Gas-Diesel oil", "v": 3.4833763766700101}, {"l": "Fuel oil", "v": 0.052566536414809115}, {"l": "Liquefied petroleum gas (LPG)", "v": 0.025073678856458725}, {"l": "Coal", "v": 0.37548352138762997}, {"l": "Other fossil fuels", "v": 22.90787278812509}]}, {"source": 8, "prod": 0, "target": 4, "value": 1.4909332121576615, "supply": [{"l": "Motor Gasoline", "v": 0.014546227181376508}, {"l": "Gas-Diesel oil", "v": 0.19157875526348753}, {"l": "Fuel oil", "v": 0.0028910546911640662}, {"l": "Liquefied petroleum gas (LPG)", "v": 0.001379002343062581}, {"l": "Coal", "v": 0.020650845005201632}, {"l": "Other fossil fuels", "v": 1.2598873276733691}]}, {"source": 8, "prod": 0, "target": 5, "value": 6.7492879912297274, "supply": [{"l": "Motor Gasoline", "v": 0.065849144436781151}, {"l": "Gas-Diesel oil", "v": 0.86725560992993866}, {"l": "Fuel oil", "v": 0.013087481417644219}, {"l": "Liquefied petroleum gas (LPG)", "v": 0.0062425894587461372}, {"l": "Coal", "v": 0.093484066935933904}, {"l": "Other fossil fuels", "v": 5.7033690990506836}]}, {"source": 8, "prod": 0, "target": 6, "value": 0.056754557320805241, "supply": [{"l": "Motor Gasoline", "v": 0.00055372345161735354}, {"l": "Gas-Diesel oil", "v": 0.0072927260311780751}, {"l": "Fuel oil", "v": 0.00011005223295669859}, {"l": "Liquefied petroleum gas (LPG)", "v": 5.2493744781234204e-05}, {"l": "Coal", "v": 0.00078610467391401989}, {"l": "Other fossil fuels", "v": 0.047959457186357857}]}, {"source": 10, "prod": 19.468446148202023, "target": 0, "value": 0.22777127599183031, "supply": [{"l": "Potash", "v": 0.028935543494405212}, {"l": "Phosphate", "v": 0.071804367958406695}, {"l": "Nitrogen", "v": 0.63732429497523524}]}, {"source": 10, "prod": 0.73430837066300303, "target": 2, "value": 0.008591047959564075, "supply": [{"l": "Potash", "v": 0.028935543494405212}, {"l": "Phosphate", "v": 0.071804367958406695}, {"l": "Nitrogen", "v": 0.63732429497523524}]}, {"source": 10, "prod": 32.833294933121969, "target": 3, "value": 0.38413345497652629, "supply": [{"l": "Potash", "v": 0.028935543494405212}, {"l": "Phosphate", "v": 0.071804367958406695}, {"l": "Nitrogen", "v": 0.63732429497523524}]}, {"source": 10, "prod": 1.8057657554937145, "target": 4, "value": 0.021126574105614481, "supply": [{"l": "Potash", "v": 0.028935543494405212}, {"l": "Phosphate", "v": 0.071804367958406695}, {"l": "Nitrogen", "v": 0.63732429497523524}]}, {"source": 10, "prod": 8.174499722150399, "target": 5, "value": 0.095637639395325491, "supply": [{"l": "Potash", "v": 0.028935543494405212}, {"l": "Phosphate", "v": 0.071804367958406695}, {"l": "Nitrogen", "v": 0.63732429497523524}]}, {"source": 10, "prod": 0.068739119393416329, "target": 6, "value": 0.00080421399918653312, "supply": [{"l": "Potash", "v": 0.028935543494405212}, {"l": "Phosphate", "v": 0.071804367958406695}, {"l": "Nitrogen", "v": 0.63732429497523524}]}, {"source": 8, "prod": 0, "target": 10, "value": 0.89644113392859326, "supply": [{"l": "Natural gas (including LNG)", "v": 0.60368061501232961}, {"l": "Fuel oil", "v": 0.1800999471460227}, {"l": "Liquefied petroleum gas (LPG)", "v": 0.056330285885120471}, {"l": "Coal", "v": 0.056330285885120471}]}, {"source": 11, "prod": 0, "target": 0, "value": 0.38160923445911576, "supply": "[{\"l\":'Labor',\"v\":0.38160923445911576}]"}, {"source": 11, "prod": 0, "target": 2, "value": 0.014393488471164319, "supply": "[{\"l\":'Labor',\"v\":0.014393488471164319}]"}, {"source": 11, "prod": 0, "target": 3, "value": 0.64357927945657756, "supply": "[{\"l\":'Labor',\"v\":0.64357927945657756}]"}, {"source": 11, "prod": 0, "target": 4, "value": 0.035395577146771093, "supply": "[{\"l\":'Labor',\"v\":0.035395577146771093}]"}, {"source": 11, "prod": 0, "target": 5, "value": 0.16023182113813236, "supply": "[{\"l\":'Labor',\"v\":0.16023182113813236}]"}, {"source": 11, "prod": 0, "target": 6, "value": 0.0013473845077018605, "supply": "[{\"l\":'Labor',\"v\":0.0013473845077018605}]"}]}