{"nodes": [{"layer": 13, "name": "Milk - Excluding Butter"}, {"layer": 10, "name": "Feed", "fill": "#dbdb8d"}, {"layer": 5, "name": "Cereals - Excluding Beer"}, {"layer": 5, "name": "Pulses"}, {"layer": 16, "name": "Food", "fill": "#b5cf6b"}, {"layer": 13, "name": "Eggs"}, {"layer": 5, "name": "Oilcrops", "fill": "#ff9896"}, {"layer": 5, "name": "Treenuts"}, {"layer": 5, "name": "Vegetables"}, {"layer": 5, "name": "Others"}, {"layer": 5, "name": "Starchy Roots"}, {"layer": 13, "name": "Fish, Seafood"}, {"layer": 13, "name": "Alcoholic Beverages"}, {"layer": 13, "name": "Sugar & Sweeteners"}, {"layer": 5, "name": "Stimulants"}, {"layer": 13, "name": "Vegetable Oils", "fill": "#f7b6d2"}, {"layer": 5, "name": "Fruits - Excluding Wine"}, {"layer": 13, "name": "Meat"}, {"layer": 10, "name": "Processing", "fill": "#9edae5"}, {"layer": 16, "name": "Biofuels & Other", "fill": "#e7ba52"}, {"layer": 13, "name": "Animal Fats"}, {"name": "Seed", "fill": "#dbdb8d"}, {"name": "Waste", "fill": "#c7c7c7"}, {"layer": 0, "name": "Import", "fill": "#aec7e8"}, {"layer": 16, "name": "Export", "fill": "#aec7e8"}, {"layer": 16, "name": "Stock Deposit", "fill": "#c7c7c7"}, {"layer": 0, "name": "Stock Draw", "fill": "#c7c7c7"}, {"layer": 0, "name": "Production", "fill": "#b5cf6b"}], "links": [{"source": 0, "prod": 0.0029348263318370372, "target": 1, "value": 4.0, "supply": [{"l": "Milk - Excluding Butter", "v": 4.0}]}, {"source": 2, "prod": 0.82256850665189085, "target": 1, "value": 234.0, "supply": [{"l": "Maize", "v": 25.0}, {"l": "Wheat", "v": 19.0}, {"l": "Barley", "v": 190.0}]}, {"source": 3, "prod": 0.023912975936810046, "target": 1, "value": 6.0, "supply": [{"l": "Pulses, Other", "v": 6.0}]}, {"source": 0, "prod": 0.057229113470822213, "target": 4, "value": 78.0, "supply": [{"l": "Milk - Excluding Butter", "v": 78.0}]}, {"source": 5, "prod": 0.0066992675643277703, "target": 4, "value": 4.0, "supply": [{"l": "Eggs", "v": 4.0}]}, {"source": 6, "prod": 0.01936702972457428, "target": 4, "value": 6.0, "supply": [{"l": "Olives", "v": 4.0}, {"l": "Sesame seed", "v": 1.0}, {"l": "Groundnuts", "v": 1.0}]}, {"source": 7, "prod": 0.016898300663248798, "target": 4, "value": 4.0, "supply": [{"l": "Treenuts", "v": 4.0}]}, {"source": 8, "prod": 0.019243876093712406, "target": 4, "value": 74.0, "supply": [{"l": "Vegetables, Other", "v": 57.0}, {"l": "Tomatoes", "v": 15.0}, {"l": "Onions", "v": 2.0}]}, {"source": 9, "prod": 0.016763760052872612, "target": 4, "value": 4.0, "supply": [{"l": "Nuts", "v": 4.0}]}, {"source": 10, "prod": 0.010420861417083087, "target": 4, "value": 12.0, "supply": [{"l": "Roots, Other", "v": 2.0}, {"l": "Potatoes", "v": 10.0}]}, {"source": 3, "prod": 0.01596919028245726, "target": 4, "value": 4.0, "supply": [{"l": "Beans", "v": 1.0}, {"l": "Pulses, Other", "v": 3.0}]}, {"source": 11, "prod": 0.0036055734605867735, "target": 4, "value": 4.0, "supply": [{"l": "Fish, Seafood", "v": 2.0}, {"l": "Pelagic Fish", "v": 1.0}, {"l": "Demersal Fish", "v": 1.0}]}, {"source": 12, "prod": 0.014200060235060253, "target": 4, "value": 18.0, "supply": [{"l": "Beer", "v": 12.0}, {"l": "Beverages, Alcoholic", "v": 1.0}, {"l": "Wine", "v": 5.0}]}, {"source": 13, "prod": 0.052131783526052633, "target": 4, "value": 14.0, "supply": [{"l": "Sugar", "v": 14.0}]}, {"source": 2, "prod": 0.22391376276920488, "target": 4, "value": 67.0, "supply": [{"l": "Rice", "v": 2.0}, {"l": "Wheat", "v": 64.0}, {"l": "Oats", "v": 1.0}]}, {"source": 14, "prod": 0.00069024661114634148, "target": 4, "value": 1.0, "supply": [{"l": "Coffee", "v": 1.0}]}, {"source": 15, "prod": 0.081985657981835283, "target": 4, "value": 8.0, "supply": [{"l": "Soyabean Oil", "v": 1.0}, {"l": "Sunflowerseed Oil", "v": 2.0}, {"l": "Olive Oil", "v": 2.0}, {"l": "Rape and Mustard Oil", "v": 1.0}, {"l": "Oilcrops Oil, Other", "v": 1.0}, {"l": "Cottonseed Oil", "v": 1.0}]}, {"source": 16, "prod": 0.061622456440179683, "target": 4, "value": 99.0, "supply": [{"l": "Citrus, Other", "v": 1.0}, {"l": "Grapefruit", "v": 7.0}, {"l": "Grapes", "v": 59.0}, {"l": "Lemons, Limes", "v": 4.0}, {"l": "Bananas", "v": 2.0}, {"l": "Fruits, Other", "v": 8.0}, {"l": "Oranges, Mandarines", "v": 11.0}, {"l": "Apples", "v": 7.0}]}, {"source": 17, "prod": 0.061027976591383488, "target": 4, "value": 32.0, "supply": [{"l": "Mutton & Goat Meat", "v": 7.0}, {"l": "Pigmeat", "v": 11.0}, {"l": "Bovine Meat", "v": 5.0}, {"l": "Poultry Meat", "v": 7.0}, {"l": "Offals, Edible", "v": 2.0}]}, {"source": 16, "prod": 0.067269841589767509, "target": 18, "value": 88.0, "supply": [{"l": "Grapes", "v": 81.0}, {"l": "Fruits, Other", "v": 1.0}, {"l": "Dates", "v": 1.0}, {"l": "Citrus, Other", "v": 1.0}, {"l": "Grapefruit", "v": 1.0}, {"l": "Oranges, Mandarines", "v": 1.0}, {"l": "Lemons, Limes", "v": 1.0}, {"l": "Apples", "v": 1.0}]}, {"source": 2, "prod": 0.010612541646375, "target": 18, "value": 3.0, "supply": [{"l": "Barley", "v": 3.0}]}, {"source": 6, "prod": 0.012981137897884784, "target": 18, "value": 5.0, "supply": [{"l": "Olives", "v": 4.0}, {"l": "Oilcrops, Other", "v": 1.0}]}, {"source": 12, "prod": 0.011021298599944367, "target": 18, "value": 14.0, "supply": [{"l": "Wine", "v": 14.0}]}, {"source": 17, "prod": 0.0068438805012872366, "target": 19, "value": 4.0, "supply": [{"l": "Pigmeat", "v": 3.0}, {"l": "Poultry Meat", "v": 1.0}]}, {"source": 8, "prod": 0.00047492054299453056, "target": 19, "value": 2.0, "supply": [{"l": "Vegetables, Other", "v": 1.0}, {"l": "Tomatoes", "v": 1.0}]}, {"source": 20, "prod": 0.017687569410625003, "target": 19, "value": 2.0, "supply": [{"l": "Fats, Animals, Raw", "v": 2.0}]}, {"source": 0, "prod": 0.0051359460807148148, "target": 19, "value": 7.0, "supply": [{"l": "Milk - Excluding Butter", "v": 7.0}]}, {"source": 12, "prod": 0.00057604610189091864, "target": 19, "value": 1.0, "supply": [{"l": "Beer", "v": 1.0}]}, {"source": 2, "prod": 0.0033142085416212001, "target": 19, "value": 1.0, "supply": [{"l": "Wheat", "v": 1.0}]}, {"source": 15, "prod": 0.020186045398869805, "target": 19, "value": 2.0, "supply": [{"l": "Rape and Mustard Oil", "v": 1.0}, {"l": "Oilcrops Oil, Other", "v": 1.0}]}, {"source": 16, "prod": 0.00088240674775730114, "target": 19, "value": 3.0, "supply": [{"l": "Grapefruit", "v": 1.0}, {"l": "Oranges, Mandarines", "v": 2.0}]}, {"source": 10, "prod": 0.010506965254989249, "target": 21, "value": 12.0, "supply": [{"l": "Potatoes", "v": 11.0}, {"l": "Roots, Other", "v": 1.0}]}, {"source": 2, "prod": 0.10599989964116768, "target": 21, "value": 31.0, "supply": [{"l": "Wheat", "v": 15.0}, {"l": "Barley", "v": 15.0}, {"l": "Oats", "v": 1.0}]}, {"source": 3, "prod": 0.011956487968405023, "target": 21, "value": 3.0, "supply": [{"l": "Pulses, Other", "v": 3.0}]}, {"source": 0, "prod": 0.0029348263318370372, "target": 22, "value": 4.0, "supply": [{"l": "Milk - Excluding Butter", "v": 4.0}]}, {"source": 17, "prod": 0.0017836204447689078, "target": 22, "value": 1.0, "supply": [{"l": "Pigmeat", "v": 1.0}]}, {"source": 8, "prod": 0.0027144362460137673, "target": 22, "value": 11.0, "supply": [{"l": "Vegetables, Other", "v": 9.0}, {"l": "Tomatoes", "v": 2.0}]}, {"source": 10, "prod": 0.0044137787887064224, "target": 22, "value": 5.0, "supply": [{"l": "Potatoes", "v": 5.0}]}, {"source": 16, "prod": 0.0041822260113997031, "target": 22, "value": 14.0, "supply": [{"l": "Fruits, Other", "v": 1.0}, {"l": "Grapefruit", "v": 3.0}, {"l": "Oranges, Mandarines", "v": 8.0}, {"l": "Lemons, Limes", "v": 2.0}]}, {"source": 2, "prod": 0.0068130448119147237, "target": 22, "value": 2.0, "supply": [{"l": "Maize", "v": 1.0}, {"l": "Wheat", "v": 1.0}]}, {"source": 23, "prod": 0.032479632812707188, "target": 1, "value": 34.0, "supply": [{"l": "Milk - Excluding Butter", "v": 27.0}, {"l": "Pelagic Fish", "v": 1.0}, {"l": "Fish, Seafood", "v": 1.0}, {"l": "Mutton & Goat Meat", "v": 1.0}, {"l": "Bovine Meat", "v": 4.0}]}, {"source": 23, "prod": 0.55719378411766496, "target": 2, "value": 159.0, "supply": [{"l": "Maize", "v": 33.0}, {"l": "Barley", "v": 95.0}, {"l": "Rice", "v": 3.0}, {"l": "Wheat", "v": 28.0}]}, {"source": 23, "prod": 0.00799819830352058, "target": 3, "value": 2.0, "supply": [{"l": "Beans", "v": 1.0}, {"l": "Pulses, Other", "v": 1.0}]}, {"source": 23, "prod": 0.14207783453930201, "target": 18, "value": 24.0, "supply": [{"l": "Rape and Mustard Oil", "v": 2.0}, {"l": "Beer", "v": 1.0}, {"l": "Oilcrops Oil, Other", "v": 2.0}, {"l": "Sugar", "v": 13.0}, {"l": "Butter, Ghee", "v": 1.0}, {"l": "Soyabean Oil", "v": 1.0}, {"l": "Cottonseed Oil", "v": 1.0}, {"l": "Beverages, Alcoholic", "v": 1.0}, {"l": "Sunflowerseed Oil", "v": 2.0}]}, {"source": 23, "prod": 0.00050417004572134454, "target": 8, "value": 2.0, "supply": [{"l": "Vegetables, Other", "v": 2.0}]}, {"source": 23, "prod": 0.00069024661114634148, "target": 14, "value": 1.0, "supply": [{"l": "Coffee", "v": 1.0}]}, {"source": 23, "prod": 0.022012474888598196, "target": 6, "value": 4.0, "supply": [{"l": "Olives", "v": 1.0}, {"l": "Sesame seed", "v": 1.0}, {"l": "Groundnuts", "v": 1.0}, {"l": "Oilcrops, Other", "v": 1.0}]}, {"source": 23, "prod": 0.0079448018196715594, "target": 10, "value": 9.0, "supply": [{"l": "Potatoes", "v": 9.0}]}, {"source": 10, "prod": 0.11740651577959083, "target": 24, "value": 133.0, "supply": [{"l": "Potatoes", "v": 133.0}]}, {"source": 16, "prod": 0.068092607561853938, "target": 24, "value": 218.0, "supply": [{"l": "Dates", "v": 1.0}, {"l": "Grapes", "v": 7.0}, {"l": "Fruits, Other", "v": 2.0}, {"l": "Citrus, Other", "v": 2.0}, {"l": "Grapefruit", "v": 48.0}, {"l": "Apples", "v": 2.0}, {"l": "Oranges, Mandarines", "v": 143.0}, {"l": "Lemons, Limes", "v": 13.0}]}, {"source": 8, "prod": 0.0075625506858201684, "target": 24, "value": 30.0, "supply": [{"l": "Vegetables, Other", "v": 30.0}]}, {"source": 0, "prod": 0.0014674131659185186, "target": 24, "value": 2.0, "supply": [{"l": "Milk - Excluding Butter", "v": 2.0}]}, {"source": 12, "prod": 0.026766010885579176, "target": 24, "value": 34.0, "supply": [{"l": "Wine", "v": 34.0}]}, {"source": 12, "prod": 0.016554258220969068, "target": 25, "value": 8.0, "supply": [{"l": "Wine", "v": 4.0}, {"l": "Beverages, Alcoholic", "v": 4.0}]}, {"source": 10, "prod": 0.0017655115154825689, "target": 25, "value": 2.0, "supply": [{"l": "Potatoes", "v": 2.0}]}, {"source": 2, "prod": 0.10734706743258467, "target": 25, "value": 32.0, "supply": [{"l": "Maize", "v": 7.0}, {"l": "Wheat", "v": 25.0}]}, {"source": 26, "prod": 0.0015125101371640337, "target": 8, "value": 6.0, "supply": [{"l": "Vegetables, Other", "v": 6.0}]}, {"source": 26, "prod": 0.003723698823289474, "target": 18, "value": 1.0, "supply": [{"l": "Sugar", "v": 1.0}]}, {"source": 26, "prod": 0.00056737768218772784, "target": 16, "value": 2.0, "supply": [{"l": "Oranges, Mandarines", "v": 2.0}]}, {"source": 26, "prod": 0.0035375138821250002, "target": 2, "value": 1.0, "supply": [{"l": "Barley", "v": 1.0}]}, {"source": 27, "prod": 0.011812220267269566, "target": 6, "value": 8.0, "supply": [{"l": "Olives", "v": 8.0}]}, {"source": 27, "prod": 0.016898300663248798, "target": 7, "value": 4.0, "supply": [{"l": "Treenuts", "v": 4.0}]}, {"source": 27, "prod": 0.027756267865521631, "target": 8, "value": 108.0, "supply": [{"l": "Tomatoes", "v": 17.0}, {"l": "Vegetables, Other", "v": 89.0}, {"l": "Onions", "v": 2.0}]}, {"source": 27, "prod": 0.13736548285601571, "target": 10, "value": 156.0, "supply": [{"l": "Roots, Other", "v": 4.0}, {"l": "Potatoes", "v": 152.0}]}, {"source": 27, "prod": 0.051838654187672334, "target": 3, "value": 13.0, "supply": [{"l": "Beans", "v": 1.0}, {"l": "Pulses, Other", "v": 12.0}]}, {"source": 27, "prod": 0.016763760052872612, "target": 9, "value": 4.0, "supply": [{"l": "Nuts", "v": 4.0}]}, {"source": 27, "prod": 0.19322479885203003, "target": 16, "value": 405.0, "supply": [{"l": "Oranges, Mandarines", "v": 161.0}, {"l": "Citrus, Other", "v": 2.0}, {"l": "Grapefruit", "v": 58.0}, {"l": "Apples", "v": 8.0}, {"l": "Lemons, Limes", "v": 18.0}, {"l": "Bananas", "v": 2.0}, {"l": "Fruits, Other", "v": 9.0}, {"l": "Grapes", "v": 147.0}]}, {"source": 27, "prod": 0.72090384662023121, "target": 2, "value": 210.0, "supply": [{"l": "Oats", "v": 1.0}, {"l": "Wheat", "v": 97.0}, {"l": "Barley", "v": 112.0}]}, {"source": 1, "prod": 0.069702125381129618, "target": 0, "value": 95.0, "supply": [{"l": "Milk - Excluding Butter", "v": 95.0}]}, {"source": 1, "prod": 0.0066992675643277703, "target": 5, "value": 4.0, "supply": [{"l": "Eggs", "v": 4.0}]}, {"source": 1, "prod": 0.069655477537439628, "target": 17, "value": 37.0, "supply": [{"l": "Poultry Meat", "v": 8.0}, {"l": "Bovine Meat", "v": 5.0}, {"l": "Pigmeat", "v": 15.0}, {"l": "Offals, Edible", "v": 2.0}, {"l": "Mutton & Goat Meat", "v": 7.0}]}, {"source": 1, "prod": 0.0036055734605867735, "target": 11, "value": 4.0, "supply": [{"l": "Pelagic Fish", "v": 1.0}, {"l": "Demersal Fish", "v": 1.0}, {"l": "Fish, Seafood", "v": 2.0}]}, {"source": 18, "prod": 0.052131783526052633, "target": 13, "value": 14.0, "supply": [{"l": "Sugar", "v": 14.0}]}, {"source": 18, "prod": 0.10217170338070508, "target": 15, "value": 10.0, "supply": [{"l": "Olive Oil", "v": 2.0}, {"l": "Soyabean Oil", "v": 1.0}, {"l": "Rape and Mustard Oil", "v": 2.0}, {"l": "Cottonseed Oil", "v": 1.0}, {"l": "Oilcrops Oil, Other", "v": 2.0}, {"l": "Sunflowerseed Oil", "v": 2.0}]}, {"source": 18, "prod": 0.017687569410625003, "target": 20, "value": 2.0, "supply": [{"l": "Fats, Animals, Raw", "v": 2.0}]}, {"source": 18, "prod": 0.06911767404344378, "target": 12, "value": 75.0, "supply": [{"l": "Beer", "v": 13.0}, {"l": "Beverages, Alcoholic", "v": 5.0}, {"l": "Wine", "v": 57.0}]}]}