{"nodes": [{"layer": 5, "name": "Maize"}, {"layer": 10, "name": "Feed", "fill": "#dbdb8d"}, {"layer": 5, "name": "Roots, Other"}, {"layer": 5, "name": "Wheat"}, {"layer": 5, "name": "Vegetables, Other"}, {"layer": 13, "name": "Milk - Excluding Butter"}, {"layer": 5, "name": "Barley"}, {"layer": 5, "name": "Pulses, Other"}, {"layer": 5, "name": "Olives"}, {"layer": 16, "name": "Food", "fill": "#b5cf6b"}, {"layer": 5, "name": "Nuts"}, {"layer": 13, "name": "Sugar", "fill": "#d6616b"}, {"layer": 5, "name": "Citrus, Other"}, {"layer": 13, "name": "Beer"}, {"layer": 13, "name": "Groundnut Oil"}, {"layer": 13, "name": "Beverages, Alcoholic"}, {"layer": 5, "name": "Rice"}, {"layer": 13, "name": "Oilcrops Oil, Other"}, {"layer": 5, "name": "Tomatoes"}, {"layer": 13, "name": "Fats, Animals, Raw"}, {"layer": 5, "name": "Coffee"}, {"layer": 13, "name": "Soyabean Oil"}, {"layer": 5, "name": "Treenuts"}, {"layer": 13, "name": "Eggs"}, {"layer": 5, "name": "Sesame seed"}, {"layer": 13, "name": "Marine Fish, Other"}, {"layer": 5, "name": "Grapes"}, {"layer": 13, "name": "Wine"}, {"layer": 13, "name": "Sunflowerseed Oil"}, {"layer": 13, "name": "Olive Oil"}, {"layer": 13, "name": "Pigmeat"}, {"layer": 5, "name": "Oats"}, {"layer": 5, "name": "Potatoes"}, {"layer": 13, "name": "Rape and Mustard Oil"}, {"layer": 5, "name": "Beans"}, {"layer": 13, "name": "Fish, Seafood"}, {"layer": 13, "name": "Meat, Other"}, {"layer": 5, "name": "Lemons, Limes"}, {"layer": 13, "name": "Mutton & Goat Meat"}, {"layer": 13, "name": "Pelagic Fish"}, {"layer": 5, "name": "Bananas"}, {"layer": 13, "name": "Bovine Meat"}, {"layer": 5, "name": "Fruits, Other"}, {"layer": 13, "name": "Poultry Meat"}, {"layer": 13, "name": "Offals, Edible"}, {"layer": 5, "name": "Grapefruit"}, {"layer": 13, "name": "Demersal Fish"}, {"layer": 5, "name": "Oranges, Mandarines"}, {"layer": 5, "name": "Onions"}, {"layer": 5, "name": "Apples"}, {"layer": 10, "name": "Processing", "fill": "#9edae5"}, {"layer": 16, "name": "Biofuels & Other", "fill": "#e7ba52"}, {"name": "Waste", "fill": "#c7c7c7"}, {"layer": 2, "name": "Import", "fill": "#aec7e8"}, {"layer": 16, "name": "Export", "fill": "#aec7e8"}, {"layer": 0, "name": "Stock Draw", "fill": "#c7c7c7"}, {"layer": 16, "name": "Stock Deposit", "fill": "#c7c7c7"}, {"name": "Crop Residue", "fill": "#bd9e39"}, {"layer": 2, "name": "Electricity", "fill": "#bcbd22"}, {"layer": 0, "name": "Fossil Fuels", "fill": "#c49c94"}, {"layer": 2, "name": "Fertilizers", "fill": "#c5b0d5"}, {"layer": 0, "name": "Labor", "fill": "#7f7f7f"}, {"layer": 0, "name": "Renewables & Nuclear", "fill": "#2ca02c"}], "links": [{"source": 0, "prod": 26.0, "target": 1, "value": 0.092056111910610194, "supply": [{"l": "Maize", "v": 0.092056111910610194}]}, {"source": 2, "prod": 1.0, "target": 1, "value": 0.00088306438662258543, "supply": [{"l": "Roots, Other", "v": 0.00088306438662258543}]}, {"source": 3, "prod": 19.0, "target": 1, "value": 0.062956285348451407, "supply": [{"l": "Wheat", "v": 0.062956285348451407}]}, {"source": 4, "prod": 1.0, "target": 1, "value": 0.00024836371881674059, "supply": [{"l": "Vegetables, Other", "v": 0.00024836371881674059}]}, {"source": 5, "prod": 4.0, "target": 1, "value": 0.0027832154855682001, "supply": [{"l": "Milk - Excluding Butter", "v": 0.0027832154855682001}]}, {"source": 6, "prod": 140.0, "target": 1, "value": 0.43485536502219518, "supply": [{"l": "Barley", "v": 0.43485536502219518}]}, {"source": 7, "prod": 8.0, "target": 1, "value": 0.031908850050845643, "supply": [{"l": "Pulses, Other", "v": 0.031908850050845643}]}, {"source": 8, "prod": 5.0, "target": 9, "value": 0.0076105876348505994, "supply": [{"l": "Olives", "v": 0.0076105876348505994}]}, {"source": 4, "prod": 66.0, "target": 9, "value": 0.016392005441904878, "supply": [{"l": "Vegetables, Other", "v": 0.016392005441904878}]}, {"source": 10, "prod": 5.0, "target": 9, "value": 0.020575335845012758, "supply": [{"l": "Nuts", "v": 0.020575335845012758}]}, {"source": 11, "prod": 19.0, "target": 9, "value": 0.072382976357326934, "supply": [{"l": "Sugar", "v": 0.072382976357326934}]}, {"source": 12, "prod": 1.0, "target": 9, "value": 0.00023453130710220996, "supply": [{"l": "Citrus, Other", "v": 0.00023453130710220996}]}, {"source": 13, "prod": 11.0, "target": 9, "value": 0.0063279751431801253, "supply": [{"l": "Beer", "v": 0.0063279751431801253}]}, {"source": 14, "prod": 1.0, "target": 9, "value": 0.010404452594485296, "supply": [{"l": "Groundnut Oil", "v": 0.010404452594485296}]}, {"source": 15, "prod": 1.0, "target": 9, "value": 0.0034707683371792454, "supply": [{"l": "Beverages, Alcoholic", "v": 0.0034707683371792454}]}, {"source": 16, "prod": 3.0, "target": 9, "value": 0.0129949489547449, "supply": [{"l": "Rice", "v": 0.0129949489547449}]}, {"source": 17, "prod": 1.0, "target": 9, "value": 0.0099135119570928146, "supply": [{"l": "Oilcrops Oil, Other", "v": 0.0099135119570928146}]}, {"source": 18, "prod": 22.0, "target": 9, "value": 0.0047299566594985933, "supply": [{"l": "Tomatoes", "v": 0.0047299566594985933}]}, {"source": 19, "prod": 1.0, "target": 9, "value": 0.0094333703523333326, "supply": [{"l": "Fats, Animals, Raw", "v": 0.0094333703523333326}]}, {"source": 20, "prod": 1.0, "target": 9, "value": 0.0004589207198432432, "supply": [{"l": "Coffee", "v": 0.0004589207198432432}]}, {"source": 3, "prod": 72.0, "target": 9, "value": 0.23857118658360535, "supply": [{"l": "Wheat", "v": 0.23857118658360535}]}, {"source": 21, "prod": 3.0, "target": 9, "value": 0.030891952911230199, "supply": [{"l": "Soyabean Oil", "v": 0.030891952911230199}]}, {"source": 22, "prod": 5.0, "target": 9, "value": 0.020038587953403728, "supply": [{"l": "Treenuts", "v": 0.020038587953403728}]}, {"source": 23, "prod": 5.0, "target": 9, "value": 0.008378322352401317, "supply": [{"l": "Eggs", "v": 0.008378322352401317}]}, {"source": 2, "prod": 4.0, "target": 9, "value": 0.0035322575464903417, "supply": [{"l": "Roots, Other", "v": 0.0035322575464903417}]}, {"source": 24, "prod": 1.0, "target": 9, "value": 0.0070750277642500003, "supply": [{"l": "Sesame seed", "v": 0.0070750277642500003}]}, {"source": 25, "prod": 1.0, "target": 9, "value": 0.00070750277642499997, "supply": [{"l": "Marine Fish, Other", "v": 0.00070750277642499997}]}, {"source": 26, "prod": 86.0, "target": 9, "value": 0.067199176671763325, "supply": [{"l": "Grapes", "v": 0.067199176671763325}]}, {"source": 27, "prod": 5.0, "target": 9, "value": 0.0039549844644875777, "supply": [{"l": "Wine", "v": 0.0039549844644875777}]}, {"source": 28, "prod": 3.0, "target": 9, "value": 0.030977148589418923, "supply": [{"l": "Sunflowerseed Oil", "v": 0.030977148589418923}]}, {"source": 29, "prod": 2.0, "target": 9, "value": 0.020559909742264959, "supply": [{"l": "Olive Oil", "v": 0.020559909742264959}]}, {"source": 30, "prod": 10.0, "target": 9, "value": 0.01806390067468085, "supply": [{"l": "Pigmeat", "v": 0.01806390067468085}]}, {"source": 31, "prod": 1.0, "target": 9, "value": 0.003383708930728261, "supply": [{"l": "Oats", "v": 0.003383708930728261}]}, {"source": 32, "prod": 30.0, "target": 9, "value": 0.026203806534259261, "supply": [{"l": "Potatoes", "v": 0.026203806534259261}]}, {"source": 33, "prod": 2.0, "target": 9, "value": 0.020535459647859206, "supply": [{"l": "Rape and Mustard Oil", "v": 0.020535459647859206}]}, {"source": 5, "prod": 86.0, "target": 9, "value": 0.059839132939716301, "supply": [{"l": "Milk - Excluding Butter", "v": 0.059839132939716301}]}, {"source": 34, "prod": 2.0, "target": 9, "value": 0.0081576832584234864, "supply": [{"l": "Beans", "v": 0.0081576832584234864}]}, {"source": 7, "prod": 3.0, "target": 9, "value": 0.011965818769067113, "supply": [{"l": "Pulses, Other", "v": 0.011965818769067113}]}, {"source": 35, "prod": 4.0, "target": 9, "value": 0.0036913188335217389, "supply": [{"l": "Fish, Seafood", "v": 0.0036913188335217389}]}, {"source": 36, "prod": 1.0, "target": 9, "value": 0.0015722283920555555, "supply": [{"l": "Meat, Other", "v": 0.0015722283920555555}]}, {"source": 37, "prod": 8.0, "target": 9, "value": 0.0015320360872962408, "supply": [{"l": "Lemons, Limes", "v": 0.0015320360872962408}]}, {"source": 38, "prod": 10.0, "target": 9, "value": 0.025919727883981308, "supply": [{"l": "Mutton & Goat Meat", "v": 0.025919727883981308}]}, {"source": 39, "prod": 2.0, "target": 9, "value": 0.0019898515586953126, "supply": [{"l": "Pelagic Fish", "v": 0.0019898515586953126}]}, {"source": 40, "prod": 2.0, "target": 9, "value": 0.0014894795293157897, "supply": [{"l": "Bananas", "v": 0.0014894795293157897}]}, {"source": 41, "prod": 6.0, "target": 9, "value": 0.012796571956208695, "supply": [{"l": "Bovine Meat", "v": 0.012796571956208695}]}, {"source": 42, "prod": 11.0, "target": 9, "value": 0.0066126076489395422, "supply": [{"l": "Fruits, Other", "v": 0.0066126076489395422}]}, {"source": 43, "prod": 8.0, "target": 9, "value": 0.011929194795327358, "supply": [{"l": "Poultry Meat", "v": 0.011929194795327358}]}, {"source": 44, "prod": 2.0, "target": 9, "value": 0.0026056368236624041, "supply": [{"l": "Offals, Edible", "v": 0.0026056368236624041}]}, {"source": 45, "prod": 6.0, "target": 9, "value": 0.0018230132889478531, "supply": [{"l": "Grapefruit", "v": 0.0018230132889478531}]}, {"source": 46, "prod": 1.0, "target": 9, "value": 0.00053062708231875, "supply": [{"l": "Demersal Fish", "v": 0.00053062708231875}]}, {"source": 47, "prod": 18.0, "target": 9, "value": 0.0059128617544347527, "supply": [{"l": "Oranges, Mandarines", "v": 0.0059128617544347527}]}, {"source": 48, "prod": 2.0, "target": 9, "value": 0.0014820507037331674, "supply": [{"l": "Onions", "v": 0.0014820507037331674}]}, {"source": 49, "prod": 9.0, "target": 9, "value": 0.0037752124433745055, "supply": [{"l": "Apples", "v": 0.0037752124433745055}]}, {"source": 8, "prod": 10.0, "target": 50, "value": 0.015221175269701199, "supply": [{"l": "Olives", "v": 0.015221175269701199}]}, {"source": 26, "prod": 70.0, "target": 50, "value": 0.05469700426771433, "supply": [{"l": "Grapes", "v": 0.05469700426771433}]}, {"source": 49, "prod": 1.0, "target": 50, "value": 0.000419468049263834, "supply": [{"l": "Apples", "v": 0.000419468049263834}]}, {"source": 47, "prod": 1.0, "target": 50, "value": 0.00032849231969081961, "supply": [{"l": "Oranges, Mandarines", "v": 0.00032849231969081961}]}, {"source": 27, "prod": 14.0, "target": 50, "value": 0.011073956500565217, "supply": [{"l": "Wine", "v": 0.011073956500565217}]}, {"source": 6, "prod": 2.0, "target": 50, "value": 0.0062122195003170731, "supply": [{"l": "Barley", "v": 0.0062122195003170731}]}, {"source": 19, "prod": 3.0, "target": 51, "value": 0.028300111057000001, "supply": [{"l": "Fats, Animals, Raw", "v": 0.028300111057000001}]}, {"source": 30, "prod": 3.0, "target": 51, "value": 0.0054191702024042557, "supply": [{"l": "Pigmeat", "v": 0.0054191702024042557}]}, {"source": 3, "prod": 1.0, "target": 51, "value": 0.0033134887025500735, "supply": [{"l": "Wheat", "v": 0.0033134887025500735}]}, {"source": 43, "prod": 2.0, "target": 51, "value": 0.0029822986988318396, "supply": [{"l": "Poultry Meat", "v": 0.0029822986988318396}]}, {"source": 4, "prod": 1.0, "target": 51, "value": 0.00024836371881674059, "supply": [{"l": "Vegetables, Other", "v": 0.00024836371881674059}]}, {"source": 33, "prod": 1.0, "target": 51, "value": 0.010267729823929603, "supply": [{"l": "Rape and Mustard Oil", "v": 0.010267729823929603}]}, {"source": 5, "prod": 9.0, "target": 51, "value": 0.00626223484252845, "supply": [{"l": "Milk - Excluding Butter", "v": 0.00626223484252845}]}, {"source": 45, "prod": 1.0, "target": 51, "value": 0.00030383554815797547, "supply": [{"l": "Grapefruit", "v": 0.00030383554815797547}]}, {"source": 14, "prod": 1.0, "target": 51, "value": 0.010404452594485296, "supply": [{"l": "Groundnut Oil", "v": 0.010404452594485296}]}, {"source": 47, "prod": 2.0, "target": 51, "value": 0.00065698463938163921, "supply": [{"l": "Oranges, Mandarines", "v": 0.00065698463938163921}]}, {"source": 17, "prod": 1.0, "target": 51, "value": 0.0099135119570928146, "supply": [{"l": "Oilcrops Oil, Other", "v": 0.0099135119570928146}]}, {"source": 18, "prod": 1.0, "target": 51, "value": 0.00021499802997720878, "supply": [{"l": "Tomatoes", "v": 0.00021499802997720878}]}, {"source": 3, "prod": 11.0, "target": 3, "value": 0.036448375728050812, "supply": [{"l": "Wheat", "v": 0.036448375728050812}]}, {"source": 32, "prod": 12.0, "target": 32, "value": 0.010481522613703703, "supply": [{"l": "Potatoes", "v": 0.010481522613703703}]}, {"source": 23, "prod": 1.0, "target": 23, "value": 0.0016756644704802634, "supply": [{"l": "Eggs", "v": 0.0016756644704802634}]}, {"source": 2, "prod": 1.0, "target": 2, "value": 0.00088306438662258543, "supply": [{"l": "Roots, Other", "v": 0.00088306438662258543}]}, {"source": 6, "prod": 10.0, "target": 6, "value": 0.031061097501585366, "supply": [{"l": "Barley", "v": 0.031061097501585366}]}, {"source": 7, "prod": 2.0, "target": 7, "value": 0.0079772125127114107, "supply": [{"l": "Pulses, Other", "v": 0.0079772125127114107}]}, {"source": 43, "prod": 1.0, "target": 52, "value": 0.0014911493494159198, "supply": [{"l": "Poultry Meat", "v": 0.0014911493494159198}]}, {"source": 8, "prod": 1.0, "target": 52, "value": 0.0015221175269701198, "supply": [{"l": "Olives", "v": 0.0015221175269701198}]}, {"source": 3, "prod": 1.0, "target": 52, "value": 0.0033134887025500735, "supply": [{"l": "Wheat", "v": 0.0033134887025500735}]}, {"source": 32, "prod": 6.0, "target": 52, "value": 0.0052407613068518513, "supply": [{"l": "Potatoes", "v": 0.0052407613068518513}]}, {"source": 4, "prod": 11.0, "target": 52, "value": 0.0027320009069841467, "supply": [{"l": "Vegetables, Other", "v": 0.0027320009069841467}]}, {"source": 42, "prod": 1.0, "target": 52, "value": 0.00060114614990359474, "supply": [{"l": "Fruits, Other", "v": 0.00060114614990359474}]}, {"source": 30, "prod": 1.0, "target": 52, "value": 0.0018063900674680853, "supply": [{"l": "Pigmeat", "v": 0.0018063900674680853}]}, {"source": 5, "prod": 5.0, "target": 52, "value": 0.0034790193569602507, "supply": [{"l": "Milk - Excluding Butter", "v": 0.0034790193569602507}]}, {"source": 45, "prod": 3.0, "target": 52, "value": 0.00091150664447392656, "supply": [{"l": "Grapefruit", "v": 0.00091150664447392656}]}, {"source": 47, "prod": 8.0, "target": 52, "value": 0.0026279385575265568, "supply": [{"l": "Oranges, Mandarines", "v": 0.0026279385575265568}]}, {"source": 37, "prod": 3.0, "target": 52, "value": 0.00057451353273609029, "supply": [{"l": "Lemons, Limes", "v": 0.00057451353273609029}]}, {"source": 18, "prod": 3.0, "target": 52, "value": 0.00064499408993162624, "supply": [{"l": "Tomatoes", "v": 0.00064499408993162624}]}, {"source": 38, "prod": 1.0, "target": 52, "value": 0.0025919727883981307, "supply": [{"l": "Mutton & Goat Meat", "v": 0.0025919727883981307}]}, {"source": 53, "prod": 13.0, "target": 32, "value": 0.011354982831512346, "supply": [{"l": "Potatoes", "v": 0.011354982831512346}]}, {"source": 53, "prod": 3.0, "target": 16, "value": 0.0129949489547449, "supply": [{"l": "Rice", "v": 0.0129949489547449}]}, {"source": 53, "prod": 37.0, "target": 3, "value": 0.12259908199435272, "supply": [{"l": "Wheat", "v": 0.12259908199435272}]}, {"source": 53, "prod": 43.0, "target": 1, "value": 0.040750757021017221, "supply": [{"l": "Pelagic Fish", "v": 0.0019898515586953126}, {"l": "Milk - Excluding Butter", "v": 0.021569920013153551}, {"l": "Fish, Seafood", "v": 0.0027684891251413043}, {"l": "Mutton & Goat Meat", "v": 0.0051839455767962615}, {"l": "Bovine Meat", "v": 0.0085310479708057968}, {"l": "Marine Fish, Other", "v": 0.00070750277642499997}]}, {"source": 53, "prod": 1.0, "target": 34, "value": 0.0040788416292117432, "supply": [{"l": "Beans", "v": 0.0040788416292117432}]}, {"source": 53, "prod": 46.0, "target": 6, "value": 0.14288104850729269, "supply": [{"l": "Barley", "v": 0.14288104850729269}]}, {"source": 53, "prod": 1.0, "target": 10, "value": 0.0041150671690025516, "supply": [{"l": "Nuts", "v": 0.0041150671690025516}]}, {"source": 53, "prod": 34.0, "target": 50, "value": 0.21473947127039592, "supply": [{"l": "Olive Oil", "v": 0.01027995487113248}, {"l": "Rape and Mustard Oil", "v": 0.030803189471788811}, {"l": "Beer", "v": 0.00057527046756182954}, {"l": "Groundnut Oil", "v": 0.010404452594485296}, {"l": "Oilcrops Oil, Other", "v": 0.019827023914185629}, {"l": "Sugar", "v": 0.072382976357326934}, {"l": "Butter, Ghee", "v": 0.0085975020932658238}, {"l": "Soyabean Oil", "v": 0.030891952911230199}, {"l": "Sunflowerseed Oil", "v": 0.030977148589418923}]}, {"source": 53, "prod": 1.0, "target": 22, "value": 0.0040077175906807448, "supply": [{"l": "Treenuts", "v": 0.0040077175906807448}]}, {"source": 53, "prod": 1.0, "target": 20, "value": 0.0004589207198432432, "supply": [{"l": "Coffee", "v": 0.0004589207198432432}]}, {"source": 53, "prod": 13.0, "target": 0, "value": 0.046028055955305097, "supply": [{"l": "Maize", "v": 0.046028055955305097}]}, {"source": 53, "prod": 1.0, "target": 42, "value": 0.00060114614990359474, "supply": [{"l": "Fruits, Other", "v": 0.00060114614990359474}]}, {"source": 53, "prod": 1.0, "target": 24, "value": 0.0070750277642500003, "supply": [{"l": "Sesame seed", "v": 0.0070750277642500003}]}, {"source": 53, "prod": 1.0, "target": 4, "value": 0.00024836371881674059, "supply": [{"l": "Vegetables, Other", "v": 0.00024836371881674059}]}, {"source": 26, "prod": 27.0, "target": 54, "value": 0.021097415931832671, "supply": [{"l": "Grapes", "v": 0.021097415931832671}]}, {"source": 32, "prod": 151.0, "target": 54, "value": 0.13189249288910493, "supply": [{"l": "Potatoes", "v": 0.13189249288910493}]}, {"source": 49, "prod": 2.0, "target": 54, "value": 0.00083893609852766799, "supply": [{"l": "Apples", "v": 0.00083893609852766799}]}, {"source": 4, "prod": 61.0, "target": 54, "value": 0.015150186847821177, "supply": [{"l": "Vegetables, Other", "v": 0.015150186847821177}]}, {"source": 42, "prod": 1.0, "target": 54, "value": 0.00060114614990359474, "supply": [{"l": "Fruits, Other", "v": 0.00060114614990359474}]}, {"source": 5, "prod": 3.0, "target": 54, "value": 0.00208741161417615, "supply": [{"l": "Milk - Excluding Butter", "v": 0.00208741161417615}]}, {"source": 12, "prod": 1.0, "target": 54, "value": 0.00023453130710220996, "supply": [{"l": "Citrus, Other", "v": 0.00023453130710220996}]}, {"source": 45, "prod": 52.0, "target": 54, "value": 0.015799448504214726, "supply": [{"l": "Grapefruit", "v": 0.015799448504214726}]}, {"source": 15, "prod": 5.0, "target": 54, "value": 0.017353841685896224, "supply": [{"l": "Beverages, Alcoholic", "v": 0.017353841685896224}]}, {"source": 6, "prod": 2.0, "target": 54, "value": 0.0062122195003170731, "supply": [{"l": "Barley", "v": 0.0062122195003170731}]}, {"source": 47, "prod": 142.0, "target": 54, "value": 0.046645909396096377, "supply": [{"l": "Oranges, Mandarines", "v": 0.046645909396096377}]}, {"source": 37, "prod": 22.0, "target": 54, "value": 0.0042130992400646631, "supply": [{"l": "Lemons, Limes", "v": 0.0042130992400646631}]}, {"source": 7, "prod": 2.0, "target": 54, "value": 0.0079772125127114107, "supply": [{"l": "Pulses, Other", "v": 0.0079772125127114107}]}, {"source": 27, "prod": 31.0, "target": 54, "value": 0.024520903679822979, "supply": [{"l": "Wine", "v": 0.024520903679822979}]}, {"source": 55, "prod": 14.0, "target": 0, "value": 0.04956867564417472, "supply": [{"l": "Maize", "v": 0.04956867564417472}]}, {"source": 55, "prod": 5.0, "target": 4, "value": 0.001241818594083703, "supply": [{"l": "Vegetables, Other", "v": 0.001241818594083703}]}, {"source": 55, "prod": 8.0, "target": 32, "value": 0.0069876817424691364, "supply": [{"l": "Potatoes", "v": 0.0069876817424691364}]}, {"source": 55, "prod": 2.0, "target": 50, "value": 0.0042617652300767613, "supply": [{"l": "Beverages, Alcoholic", "v": 0.0034707683371792454}, {"l": "Wine", "v": 0.00079099689289751556}]}, {"source": 26, "prod": 1.0, "target": 56, "value": 0.00078138577525306183, "supply": [{"l": "Grapes", "v": 0.00078138577525306183}]}, {"source": 6, "prod": 3.0, "target": 56, "value": 0.0093183292504756092, "supply": [{"l": "Barley", "v": 0.0093183292504756092}]}, {"source": 3, "prod": 29.0, "target": 56, "value": 0.096091172373952136, "supply": [{"l": "Wheat", "v": 0.096091172373952136}]}, {"source": 1, "prod": 11.0, "target": 43, "value": 0.016402642843575118, "supply": [{"l": "Poultry Meat", "v": 0.016402642843575118}]}, {"source": 1, "prod": 14.0, "target": 30, "value": 0.025289460944553192, "supply": [{"l": "Pigmeat", "v": 0.025289460944553192}]}, {"source": 1, "prod": 2.0, "target": 39, "value": 0.0019898515586953126, "supply": [{"l": "Pelagic Fish", "v": 0.0019898515586953126}]}, {"source": 1, "prod": 6.0, "target": 41, "value": 0.012796571956208695, "supply": [{"l": "Bovine Meat", "v": 0.012796571956208695}]}, {"source": 1, "prod": 5.0, "target": 23, "value": 0.008378322352401317, "supply": [{"l": "Eggs", "v": 0.01005398682288158}]}, {"source": 1, "prod": 107.0, "target": 5, "value": 0.074451014238949356, "supply": [{"l": "Milk - Excluding Butter", "v": 0.074451014238949356}]}, {"source": 1, "prod": 2.0, "target": 44, "value": 0.0026056368236624041, "supply": [{"l": "Offals, Edible", "v": 0.0026056368236624041}]}, {"source": 1, "prod": 1.0, "target": 25, "value": 0.00070750277642499997, "supply": [{"l": "Marine Fish, Other", "v": 0.00070750277642499997}]}, {"source": 1, "prod": 4.0, "target": 35, "value": 0.0036913188335217389, "supply": [{"l": "Fish, Seafood", "v": 0.0036913188335217389}]}, {"source": 1, "prod": 1.0, "target": 46, "value": 0.00053062708231875, "supply": [{"l": "Demersal Fish", "v": 0.00053062708231875}]}, {"source": 1, "prod": 1.0, "target": 36, "value": 0.0015722283920555555, "supply": [{"l": "Meat, Other", "v": 0.0015722283920555555}]}, {"source": 1, "prod": 11.0, "target": 38, "value": 0.028511700672379438, "supply": [{"l": "Mutton & Goat Meat", "v": 0.028511700672379438}]}, {"source": 50, "prod": 2.0, "target": 29, "value": 0.020559909742264959, "supply": [{"l": "Olive Oil", "v": 0.020559909742264959}]}, {"source": 50, "prod": 4.0, "target": 19, "value": 0.03773348140933333, "supply": [{"l": "Fats, Animals, Raw", "v": 0.03773348140933333}]}, {"source": 50, "prod": 3.0, "target": 21, "value": 0.030891952911230199, "supply": [{"l": "Soyabean Oil", "v": 0.030891952911230199}]}, {"source": 50, "prod": 19.0, "target": 11, "value": 0.072382976357326934, "supply": [{"l": "Sugar", "v": 0.072382976357326934}]}, {"source": 50, "prod": 11.0, "target": 13, "value": 0.0063279751431801253, "supply": [{"l": "Beer", "v": 0.0063279751431801253}]}, {"source": 50, "prod": 2.0, "target": 14, "value": 0.020808905188970592, "supply": [{"l": "Groundnut Oil", "v": 0.020808905188970592}]}, {"source": 50, "prod": 6.0, "target": 15, "value": 0.020824610023075469, "supply": [{"l": "Beverages, Alcoholic", "v": 0.020824610023075469}]}, {"source": 50, "prod": 2.0, "target": 17, "value": 0.019827023914185629, "supply": [{"l": "Oilcrops Oil, Other", "v": 0.019827023914185629}]}, {"source": 50, "prod": 3.0, "target": 33, "value": 0.030803189471788811, "supply": [{"l": "Rape and Mustard Oil", "v": 0.030803189471788811}]}, {"source": 50, "prod": 3.0, "target": 28, "value": 0.030977148589418923, "supply": [{"l": "Sunflowerseed Oil", "v": 0.030977148589418923}]}, {"source": 50, "prod": 50.0, "target": 27, "value": 0.039549844644875778, "supply": [{"l": "Wine", "v": 0.039549844644875778}]}, {"source": 0, "prod": 26.0, "target": 57, "value": 0.09485714723661906, "supply": [{"l": "Maize", "v": 0.09485714723661906}]}, {"source": 8, "prod": 15.5, "target": 57, "value": 0.054043333230000004, "supply": [{"l": "Olives", "v": 0.054043333230000004}]}, {"source": 2, "prod": 3.0, "target": 57, "value": 0.010459999980000001, "supply": [{"l": "Roots, Other", "v": 0.010459999980000001}]}, {"source": 3, "prod": 230.0, "target": 57, "value": 0.80193333180000015, "supply": [{"l": "Wheat", "v": 0.80193333180000015}]}, {"source": 31, "prod": 2.0, "target": 57, "value": 0.0069733333200000004, "supply": [{"l": "Oats", "v": 0.0069733333200000004}]}, {"source": 32, "prod": 94.25, "target": 57, "value": 0.32861833270500002, "supply": [{"l": "Potatoes", "v": 0.32861833270500002}]}, {"source": 4, "prod": 136.5, "target": 57, "value": 0.47592999909, "supply": [{"l": "Vegetables, Other", "v": 0.47592999909}]}, {"source": 24, "prod": 0.5, "target": 57, "value": 0.0017433333299999999, "supply": [{"l": "Sesame seed", "v": 0.0017433333299999999}]}, {"source": 34, "prod": 1.5, "target": 57, "value": 0.0052299999899999994, "supply": [{"l": "Beans", "v": 0.0052299999899999994}]}, {"source": 6, "prod": 269.0, "target": 57, "value": 0.93791333154000012, "supply": [{"l": "Barley", "v": 0.93791333154000012}]}, {"source": 16, "prod": 3.0, "target": 57, "value": 0.010459999980000001, "supply": [{"l": "Rice", "v": 0.010459999980000001}]}, {"source": 48, "prod": 2.5, "target": 57, "value": 0.0087166666500000014, "supply": [{"l": "Onions", "v": 0.0087166666500000014}]}, {"source": 18, "prod": 25.5, "target": 57, "value": 0.088909999830000003, "supply": [{"l": "Tomatoes", "v": 0.088909999830000003}]}, {"source": 7, "prod": 15.0, "target": 57, "value": 0.052299999900000005, "supply": [{"l": "Pulses, Other", "v": 0.052299999900000005}]}, {"source": 58, "prod": 0, "target": 8, "value": 0.00024598472126603971, "supply": "[{\"l\":'Energy for power irrigation',\"v\":0.00024598472126603971}]"}, {"source": 58, "prod": 0, "target": 2, "value": 9.5219892102983117e-05, "supply": "[{\"l\":'Energy for power irrigation',\"v\":9.5219892102983117e-05}]"}, {"source": 58, "prod": 0, "target": 3, "value": 0.0018250479319738431, "supply": "[{\"l\":'Energy for power irrigation',\"v\":0.0018250479319738431}]"}, {"source": 58, "prod": 0, "target": 40, "value": 3.1739964034327703e-05, "supply": "[{\"l\":'Energy for power irrigation',\"v\":3.1739964034327703e-05}]"}, {"source": 58, "prod": 0, "target": 31, "value": 1.5869982017163852e-05, "supply": "[{\"l\":'Energy for power irrigation',\"v\":1.5869982017163852e-05}]"}, {"source": 58, "prod": 0, "target": 22, "value": 7.9349910085819262e-05, "supply": "[{\"l\":'Energy for power irrigation',\"v\":7.9349910085819262e-05}]"}, {"source": 58, "prod": 0, "target": 32, "value": 0.0029914916102353863, "supply": "[{\"l\":'Energy for power irrigation',\"v\":0.0029914916102353863}]"}, {"source": 58, "prod": 0, "target": 42, "value": 0.00020630976622313009, "supply": "[{\"l\":'Energy for power irrigation',\"v\":0.00020630976622313009}]"}, {"source": 58, "prod": 0, "target": 4, "value": 0.0021662525453428659, "supply": "[{\"l\":'Energy for power irrigation',\"v\":0.0021662525453428659}]"}, {"source": 58, "prod": 0, "target": 10, "value": 7.9349910085819262e-05, "supply": "[{\"l\":'Energy for power irrigation',\"v\":7.9349910085819262e-05}]"}, {"source": 58, "prod": 0, "target": 12, "value": 3.1739964034327703e-05, "supply": "[{\"l\":'Energy for power irrigation',\"v\":3.1739964034327703e-05}]"}, {"source": 58, "prod": 0, "target": 45, "value": 0.00097600389405557699, "supply": "[{\"l\":'Energy for power irrigation',\"v\":0.00097600389405557699}]"}, {"source": 58, "prod": 0, "target": 34, "value": 2.3804973025745779e-05, "supply": "[{\"l\":'Energy for power irrigation',\"v\":2.3804973025745779e-05}]"}, {"source": 58, "prod": 0, "target": 6, "value": 0.0021345125813085385, "supply": "[{\"l\":'Energy for power irrigation',\"v\":0.0021345125813085385}]"}, {"source": 58, "prod": 0, "target": 26, "value": 0.002928011682166731, "supply": "[{\"l\":'Energy for power irrigation',\"v\":0.002928011682166731}]"}, {"source": 58, "prod": 0, "target": 7, "value": 0.00023804973025745777, "supply": "[{\"l\":'Energy for power irrigation',\"v\":0.00023804973025745777}]"}, {"source": 58, "prod": 0, "target": 47, "value": 0.0026978969429178553, "supply": "[{\"l\":'Energy for power irrigation',\"v\":0.0026978969429178553}]"}, {"source": 58, "prod": 0, "target": 37, "value": 0.00053164439757498905, "supply": "[{\"l\":'Energy for power irrigation',\"v\":0.00053164439757498905}]"}, {"source": 58, "prod": 0, "target": 48, "value": 3.9674955042909631e-05, "supply": "[{\"l\":'Energy for power irrigation',\"v\":3.9674955042909631e-05}]"}, {"source": 58, "prod": 0, "target": 18, "value": 0.00040468454143767821, "supply": "[{\"l\":'Energy for power irrigation',\"v\":0.00040468454143767821}]"}, {"source": 58, "prod": 0, "target": 49, "value": 0.00018250479319738432, "supply": "[{\"l\":'Energy for power irrigation',\"v\":0.00018250479319738432}]"}, {"source": 58, "prod": 0, "target": 50, "value": 0.023000000018399996, "supply": "[{\"l\":'Electricity',\"v\":0.023000000018399996}]"}, {"source": 59, "prod": 0, "target": 58, "value": 0.10834507744224371, "supply": [{"l": "Coal", "v": 0.0}, {"l": "Natural gas", "v": 0.0}, {"l": "Oil", "v": 0.10834507744224371}]}, {"source": 59, "prod": 0, "target": 8, "value": 0.0044735160960905386, "supply": [{"l": "Gas-Diesel oil", "v": 0.0044735160960905386}]}, {"source": 59, "prod": 0, "target": 2, "value": 0.0017316836500995633, "supply": [{"l": "Gas-Diesel oil", "v": 0.0017316836500995633}]}, {"source": 59, "prod": 0, "target": 3, "value": 0.033190603293574962, "supply": [{"l": "Gas-Diesel oil", "v": 0.033190603293574962}]}, {"source": 59, "prod": 0, "target": 40, "value": 0.00057722788336652113, "supply": [{"l": "Gas-Diesel oil", "v": 0.00057722788336652113}]}, {"source": 59, "prod": 0, "target": 31, "value": 0.00028861394168326057, "supply": [{"l": "Gas-Diesel oil", "v": 0.00028861394168326057}]}, {"source": 59, "prod": 0, "target": 22, "value": 0.0014430697084163026, "supply": [{"l": "Gas-Diesel oil", "v": 0.0014430697084163026}]}, {"source": 59, "prod": 0, "target": 32, "value": 0.054403728007294615, "supply": [{"l": "Gas-Diesel oil", "v": 0.054403728007294615}]}, {"source": 59, "prod": 0, "target": 42, "value": 0.0037519812418823871, "supply": [{"l": "Gas-Diesel oil", "v": 0.0037519812418823871}]}, {"source": 59, "prod": 0, "target": 4, "value": 0.039395803039765066, "supply": [{"l": "Gas-Diesel oil", "v": 0.039395803039765066}]}, {"source": 59, "prod": 0, "target": 10, "value": 0.0014430697084163026, "supply": [{"l": "Gas-Diesel oil", "v": 0.0014430697084163026}]}, {"source": 59, "prod": 0, "target": 12, "value": 0.00057722788336652113, "supply": [{"l": "Gas-Diesel oil", "v": 0.00057722788336652113}]}, {"source": 59, "prod": 0, "target": 45, "value": 0.017749757413520525, "supply": [{"l": "Gas-Diesel oil", "v": 0.017749757413520525}]}, {"source": 59, "prod": 0, "target": 34, "value": 0.00043292091252489082, "supply": [{"l": "Gas-Diesel oil", "v": 0.00043292091252489082}]}, {"source": 59, "prod": 0, "target": 6, "value": 0.038818575156398541, "supply": [{"l": "Gas-Diesel oil", "v": 0.038818575156398541}]}, {"source": 59, "prod": 0, "target": 26, "value": 0.053249272240561571, "supply": [{"l": "Gas-Diesel oil", "v": 0.053249272240561571}]}, {"source": 59, "prod": 0, "target": 7, "value": 0.0043292091252489081, "supply": [{"l": "Gas-Diesel oil", "v": 0.0043292091252489081}]}, {"source": 59, "prod": 0, "target": 47, "value": 0.049064370086154295, "supply": [{"l": "Gas-Diesel oil", "v": 0.049064370086154295}]}, {"source": 59, "prod": 0, "target": 37, "value": 0.0096685670463892287, "supply": [{"l": "Gas-Diesel oil", "v": 0.0096685670463892287}]}, {"source": 59, "prod": 0, "target": 48, "value": 0.00072153485420815128, "supply": [{"l": "Gas-Diesel oil", "v": 0.00072153485420815128}]}, {"source": 59, "prod": 0, "target": 18, "value": 0.0073596555129231429, "supply": [{"l": "Gas-Diesel oil", "v": 0.0073596555129231429}]}, {"source": 59, "prod": 0, "target": 49, "value": 0.0033190603293574961, "supply": [{"l": "Gas-Diesel oil", "v": 0.0033190603293574961}]}, {"source": 60, "prod": 0.35777248908296944, "target": 8, "value": 0.0041806722243537568, "supply": [{"l": "Potash", "v": 0.0052636638930998198}, {"l": "Phosphate", "v": 0.042760875034208688}, {"l": "Nitrogen", "v": 0.26080576409753348}]}, {"source": 60, "prod": 0.13849257641921398, "target": 2, "value": 0.0016183247320079057, "supply": [{"l": "Potash", "v": 0.0052636638930998198}, {"l": "Phosphate", "v": 0.042760875034208688}, {"l": "Nitrogen", "v": 0.26080576409753348}]}, {"source": 60, "prod": 2.6544410480349341, "target": 3, "value": 0.031017890696818189, "supply": [{"l": "Potash", "v": 0.0052636638930998198}, {"l": "Phosphate", "v": 0.042760875034208688}, {"l": "Nitrogen", "v": 0.26080576409753348}]}, {"source": 60, "prod": 0.046164192139737992, "target": 40, "value": 0.00053944157733596852, "supply": [{"l": "Potash", "v": 0.0052636638930998198}, {"l": "Phosphate", "v": 0.042760875034208688}, {"l": "Nitrogen", "v": 0.26080576409753348}]}, {"source": 60, "prod": 0.023082096069868996, "target": 31, "value": 0.00026972078866798426, "supply": [{"l": "Potash", "v": 0.0052636638930998198}, {"l": "Phosphate", "v": 0.042760875034208688}, {"l": "Nitrogen", "v": 0.26080576409753348}]}, {"source": 60, "prod": 0.11541048034934497, "target": 22, "value": 0.0013486039433399212, "supply": [{"l": "Potash", "v": 0.0052636638930998198}, {"l": "Phosphate", "v": 0.042760875034208688}, {"l": "Nitrogen", "v": 0.26080576409753348}]}, {"source": 60, "prod": 4.3509751091703057, "target": 32, "value": 0.05084236866391504, "supply": [{"l": "Potash", "v": 0.0052636638930998198}, {"l": "Phosphate", "v": 0.042760875034208688}, {"l": "Nitrogen", "v": 0.26080576409753348}]}, {"source": 60, "prod": 0.30006724890829695, "target": 42, "value": 0.0035063702526837957, "supply": [{"l": "Potash", "v": 0.0052636638930998198}, {"l": "Phosphate", "v": 0.042760875034208688}, {"l": "Nitrogen", "v": 0.26080576409753348}]}, {"source": 60, "prod": 3.1507061135371179, "target": 4, "value": 0.036816887653179857, "supply": [{"l": "Potash", "v": 0.0052636638930998198}, {"l": "Phosphate", "v": 0.042760875034208688}, {"l": "Nitrogen", "v": 0.26080576409753348}]}, {"source": 60, "prod": 0.11541048034934497, "target": 10, "value": 0.0013486039433399212, "supply": [{"l": "Potash", "v": 0.0052636638930998198}, {"l": "Phosphate", "v": 0.042760875034208688}, {"l": "Nitrogen", "v": 0.26080576409753348}]}, {"source": 60, "prod": 0.046164192139737992, "target": 12, "value": 0.00053944157733596852, "supply": [{"l": "Potash", "v": 0.0052636638930998198}, {"l": "Phosphate", "v": 0.042760875034208688}, {"l": "Nitrogen", "v": 0.26080576409753348}]}, {"source": 60, "prod": 1.4195489082969432, "target": 45, "value": 0.016587828503081034, "supply": [{"l": "Potash", "v": 0.0052636638930998198}, {"l": "Phosphate", "v": 0.042760875034208688}, {"l": "Nitrogen", "v": 0.26080576409753348}]}, {"source": 60, "prod": 0.034623144104803494, "target": 34, "value": 0.00040458118300197641, "supply": [{"l": "Potash", "v": 0.0052636638930998198}, {"l": "Phosphate", "v": 0.042760875034208688}, {"l": "Nitrogen", "v": 0.26080576409753348}]}, {"source": 60, "prod": 3.1045419213973799, "target": 6, "value": 0.036277446075843885, "supply": [{"l": "Potash", "v": 0.0052636638930998198}, {"l": "Phosphate", "v": 0.042760875034208688}, {"l": "Nitrogen", "v": 0.26080576409753348}]}, {"source": 60, "prod": 4.2586467248908297, "target": 26, "value": 0.049763485509243102, "supply": [{"l": "Potash", "v": 0.0052636638930998198}, {"l": "Phosphate", "v": 0.042760875034208688}, {"l": "Nitrogen", "v": 0.26080576409753348}]}, {"source": 60, "prod": 0.34623144104803488, "target": 7, "value": 0.0040458118300197637, "supply": [{"l": "Potash", "v": 0.0052636638930998198}, {"l": "Phosphate", "v": 0.042760875034208688}, {"l": "Nitrogen", "v": 0.26080576409753348}]}, {"source": 60, "prod": 3.9239563318777293, "target": 47, "value": 0.045852534073557327, "supply": [{"l": "Potash", "v": 0.0052636638930998198}, {"l": "Phosphate", "v": 0.042760875034208688}, {"l": "Nitrogen", "v": 0.26080576409753348}]}, {"source": 60, "prod": 0.77325021834061125, "target": 37, "value": 0.0090356464203774738, "supply": [{"l": "Potash", "v": 0.0052636638930998198}, {"l": "Phosphate", "v": 0.042760875034208688}, {"l": "Nitrogen", "v": 0.26080576409753348}]}, {"source": 60, "prod": 0.057705240174672483, "target": 48, "value": 0.00067430197166996062, "supply": [{"l": "Potash", "v": 0.0052636638930998198}, {"l": "Phosphate", "v": 0.042760875034208688}, {"l": "Nitrogen", "v": 0.26080576409753348}]}, {"source": 60, "prod": 0.58859344978165928, "target": 18, "value": 0.0068778801110335984, "supply": [{"l": "Potash", "v": 0.0052636638930998198}, {"l": "Phosphate", "v": 0.042760875034208688}, {"l": "Nitrogen", "v": 0.26080576409753348}]}, {"source": 60, "prod": 0.26544410480349345, "target": 49, "value": 0.0031017890696818191, "supply": [{"l": "Potash", "v": 0.0052636638930998198}, {"l": "Phosphate", "v": 0.042760875034208688}, {"l": "Nitrogen", "v": 0.26080576409753348}]}, {"source": 59, "prod": 0, "target": 60, "value": 0.36732840050416621, "supply": [{"l": "Natural gas (including LNG)", "v": 0.25105733529636121}, {"l": "Fuel oil", "v": 0.070168120857716426}, {"l": "Liquefied petroleum gas (LPG)", "v": 0.023051472175044285}, {"l": "Coal", "v": 0.023051472175044285}]}, {"source": 61, "prod": 0, "target": 0, "value": 0.00066913139691146919, "supply": "[{\"l\":'Labor',\"v\":0.00066913139691146919}]"}, {"source": 61, "prod": 0, "target": 8, "value": 0.00079781051170213632, "supply": "[{\"l\":'Labor',\"v\":0.00079781051170213632}]"}, {"source": 61, "prod": 0, "target": 4, "value": 0.0070258796675704257, "supply": "[{\"l\":'Labor',\"v\":0.0070258796675704257}]"}, {"source": 61, "prod": 0, "target": 10, "value": 0.00025735822958133426, "supply": "[{\"l\":'Labor',\"v\":0.00025735822958133426}]"}, {"source": 61, "prod": 0, "target": 12, "value": 0.00010294329183253372, "supply": "[{\"l\":'Labor',\"v\":0.00010294329183253372}]"}, {"source": 61, "prod": 0, "target": 6, "value": 0.0069229363757378924, "supply": "[{\"l\":'Labor',\"v\":0.0069229363757378924}]"}, {"source": 61, "prod": 0, "target": 16, "value": 7.7207468874400278e-05, "supply": "[{\"l\":'Labor',\"v\":7.7207468874400278e-05}]"}, {"source": 61, "prod": 0, "target": 18, "value": 0.0013125269708648048, "supply": "[{\"l\":'Labor',\"v\":0.0013125269708648048}]"}, {"source": 61, "prod": 0, "target": 20, "value": 2.5735822958133429e-05, "supply": "[{\"l\":'Labor',\"v\":2.5735822958133429e-05}]"}, {"source": 61, "prod": 0, "target": 3, "value": 0.0059192392803706882, "supply": "[{\"l\":'Labor',\"v\":0.0059192392803706882}]"}, {"source": 61, "prod": 0, "target": 22, "value": 0.00025735822958133426, "supply": "[{\"l\":'Labor',\"v\":0.00025735822958133426}]"}, {"source": 61, "prod": 0, "target": 2, "value": 0.00030882987549760111, "supply": "[{\"l\":'Labor',\"v\":0.00030882987549760111}]"}, {"source": 61, "prod": 0, "target": 24, "value": 2.5735822958133429e-05, "supply": "[{\"l\":'Labor',\"v\":2.5735822958133429e-05}]"}, {"source": 61, "prod": 0, "target": 26, "value": 0.0094965186715512354, "supply": "[{\"l\":'Labor',\"v\":0.0094965186715512354}]"}, {"source": 61, "prod": 0, "target": 31, "value": 5.1471645916266859e-05, "supply": "[{\"l\":'Labor',\"v\":5.1471645916266859e-05}]"}, {"source": 61, "prod": 0, "target": 32, "value": 0.009702405255216302, "supply": "[{\"l\":'Labor',\"v\":0.009702405255216302}]"}, {"source": 61, "prod": 0, "target": 34, "value": 7.7207468874400278e-05, "supply": "[{\"l\":'Labor',\"v\":7.7207468874400278e-05}]"}, {"source": 61, "prod": 0, "target": 7, "value": 0.00077207468874400278, "supply": "[{\"l\":'Labor',\"v\":0.00077207468874400278}]"}, {"source": 61, "prod": 0, "target": 37, "value": 0.0017243001381949397, "supply": "[{\"l\":'Labor',\"v\":0.0017243001381949397}]"}, {"source": 61, "prod": 0, "target": 40, "value": 0.00010294329183253372, "supply": "[{\"l\":'Labor',\"v\":0.00010294329183253372}]"}, {"source": 61, "prod": 0, "target": 42, "value": 0.00066913139691146919, "supply": "[{\"l\":'Labor',\"v\":0.00066913139691146919}]"}, {"source": 61, "prod": 0, "target": 45, "value": 0.003165506223850412, "supply": "[{\"l\":'Labor',\"v\":0.003165506223850412}]"}, {"source": 61, "prod": 0, "target": 47, "value": 0.0087501798057653662, "supply": "[{\"l\":'Labor',\"v\":0.0087501798057653662}]"}, {"source": 61, "prod": 0, "target": 48, "value": 0.00012867911479066713, "supply": "[{\"l\":'Labor',\"v\":0.00012867911479066713}]"}, {"source": 61, "prod": 0, "target": 49, "value": 0.0005919239280370688, "supply": "[{\"l\":'Labor',\"v\":0.0005919239280370688}]"}, {"source": 59, "prod": 0, "target": 53, "value": 0.82386320120220735, "supply": "[{\"l\":'Fossil Fuels',\"v\":0.82386320120220735}]"}, {"source": 62, "prod": 0, "target": 53, "value": 0.013000010588804239, "supply": "[{\"l\":'Renewables & Nuclear',\"v\":0.0},{\"l\":'Biomass & Waste',\"v\":0.013000010588804239}]"}]}