{"nodes": [{"layer": 5, "name": "Fruits & Vegetables"}, {"layer": 10, "name": "Feed", "fill": "#dbdb8d"}, {"layer": 13, "name": "Animal Products", "fill": "#17becf"}, {"layer": 5, "name": "Cereals", "fill": "#e7ba52"}, {"layer": 13, "name": "Other Processed", "fill": "#9c9ede"}, {"layer": 16, "name": "Food", "fill": "#b5cf6b"}, {"layer": 5, "name": "Oilcrops", "fill": "#ff9896"}, {"layer": 13, "name": "Sugar", "fill": "#d6616b"}, {"layer": 5, "name": "Starchy Roots"}, {"layer": 5, "name": "Others"}, {"layer": 13, "name": "Aquatic Products", "fill": "#1f77b4"}, {"layer": 13, "name": "Vegetable Oils", "fill": "#f7b6d2"}, {"layer": 10, "name": "Processing", "fill": "#9edae5"}, {"layer": 16, "name": "Biofuels & Other", "fill": "#e7ba52"}, {"name": "Waste", "fill": "#c7c7c7"}, {"layer": 2, "name": "Import", "fill": "#aec7e8"}, {"layer": 16, "name": "Export", "fill": "#aec7e8"}, {"layer": 0, "name": "Stock Draw", "fill": "#c7c7c7"}, {"layer": 16, "name": "Stock Deposit", "fill": "#c7c7c7"}, {"name": "Crop Residue", "fill": "#bd9e39"}, {"layer": 2, "name": "Electricity", "fill": "#bcbd22"}, {"layer": 0, "name": "Fossil Fuels", "fill": "#c49c94"}, {"layer": 2, "name": "Fertilizers", "fill": "#c5b0d5"}, {"layer": 0, "name": "Labor", "fill": "#7f7f7f"}, {"layer": 0, "name": "Renewables & Nuclear", "fill": "#2ca02c"}], "links": [{"source": 0, "prod": 9.0, "target": 1, "value": 0.031995544610240775, "supply": [{"l": "Vegetables, Other", "v": 0.00027947301155883177}, {"l": "Pulses, Other", "v": 0.031716071598681943}]}, {"source": 2, "prod": 2.0, "target": 1, "value": 0.0014974269523268121, "supply": [{"l": "Milk - Excluding Butter", "v": 0.0014974269523268121}]}, {"source": 3, "prod": 67.0, "target": 1, "value": 0.2092620465647608, "supply": [{"l": "Maize", "v": 0.039085905832063228}, {"l": "Wheat", "v": 0.062749186142505353}, {"l": "Barley", "v": 0.10742695459019222}]}, {"source": 4, "prod": 11.0, "target": 5, "value": 0.010205677975165504, "supply": [{"l": "Beer", "v": 0.0029542407152649895}, {"l": "Beverages, Alcoholic", "v": 0.0033353702317178578}, {"l": "Wine", "v": 0.0039160670281826564}]}, {"source": 2, "prod": 58.0, "target": 5, "value": 0.065966818732635255, "supply": [{"l": "Eggs", "v": 0.0048713305917786895}, {"l": "Mutton & Goat Meat", "v": 0.010612541646375}, {"l": "Pigmeat", "v": 0.0038182689521349205}, {"l": "Milk - Excluding Butter", "v": 0.029199825570372834}, {"l": "Bovine Meat", "v": 0.011794036430651234}, {"l": "Poultry Meat", "v": 0.0044295826002260872}, {"l": "Offals, Edible", "v": 0.0012412329410964914}]}, {"source": 3, "prod": 73.0, "target": 5, "value": 0.2442402841355156, "supply": [{"l": "Rice", "v": 0.012907145245591216}, {"l": "Cereals, Other", "v": 0.0067152805897966105}, {"l": "Wheat", "v": 0.2179708571265975}, {"l": "Oats", "v": 0.0066470011735302488}]}, {"source": 6, "prod": 4.0, "target": 5, "value": 0.016528034543686294, "supply": [{"l": "Olives", "v": 0.0029702740467988336}, {"l": "Sesame seed", "v": 0.0069972802064010983}, {"l": "Groundnuts", "v": 0.0065604802904863646}]}, {"source": 7, "prod": 13.0, "target": 5, "value": 0.053894778209651308, "supply": [{"l": "Sugar", "v": 0.053894778209651308}]}, {"source": 8, "prod": 30.0, "target": 5, "value": 0.026135416091731797, "supply": [{"l": "Roots, Other", "v": 0.0026476195375571727}, {"l": "Potatoes", "v": 0.023487796554174625}]}, {"source": 0, "prod": 129.0, "target": 5, "value": 0.10502717076007349, "supply": [{"l": "Vegetables, Other", "v": 0.011458393473912103}, {"l": "Citrus, Other", "v": 0.00064562991004562739}, {"l": "Tomatoes", "v": 0.0019989614088659255}, {"l": "Treenuts", "v": 0.012759587644196531}, {"l": "Grapes", "v": 0.03573579742435487}, {"l": "Beans", "v": 0.0040915823214939754}, {"l": "Pulses, Other", "v": 0.027751562648846703}, {"l": "Lemons, Limes", "v": 0.0003228149550228137}, {"l": "Bananas", "v": 0.0013983584286988236}, {"l": "Fruits, Other", "v": 0.0043274441664830103}, {"l": "Grapefruit", "v": 0.00025727373688181818}, {"l": "Oranges, Mandarines", "v": 0.0020707398334390247}, {"l": "Onions", "v": 0.0014229106118044696}, {"l": "Apples", "v": 0.00078611419602777775}]}, {"source": 9, "prod": 4.0, "target": 5, "value": 0.012713312927674672, "supply": [{"l": "Nuts", "v": 0.012195627969314917}, {"l": "Coffee", "v": 0.00051768495835975605}]}, {"source": 10, "prod": 6.0, "target": 5, "value": 0.0058156482620126595, "supply": [{"l": "Marine Fish, Other", "v": 0.00075466962818666677}, {"l": "Fish, Seafood", "v": 0.0031898969110491326}, {"l": "Pelagic Fish", "v": 0.0018710817227768598}]}, {"source": 11, "prod": 6.0, "target": 5, "value": 0.061605842379016458, "supply": [{"l": "Groundnut Oil", "v": 0.020485335081474532}, {"l": "Sunflowerseed Oil", "v": 0.010383493984942448}, {"l": "Olive Oil", "v": 0.010222693177732653}, {"l": "Rape and Mustard Oil", "v": 0.010407137614509678}, {"l": "Oilcrops Oil, Other", "v": 0.010107182520357146}]}, {"source": 4, "prod": 3.0, "target": 12, "value": 0.0023496402169095941, "supply": [{"l": "Wine", "v": 0.0023496402169095941}]}, {"source": 0, "prod": 46.0, "target": 12, "value": 0.037360151852734641, "supply": [{"l": "Grapes", "v": 0.037360151852734641}]}, {"source": 3, "prod": 1.0, "target": 12, "value": 0.0029034312051403307, "supply": [{"l": "Barley", "v": 0.0029034312051403307}]}, {"source": 6, "prod": 4.0, "target": 12, "value": 0.0059405480935976673, "supply": [{"l": "Olives", "v": 0.0059405480935976673}]}, {"source": 4, "prod": 1.0, "target": 13, "value": 0.010188039980520001, "supply": [{"l": "Fats, Animals, Raw", "v": 0.010188039980520001}]}, {"source": 11, "prod": 2.0, "target": 13, "value": 0.020649805155246944, "supply": [{"l": "Groundnut Oil", "v": 0.010242667540737266}, {"l": "Rape and Mustard Oil", "v": 0.010407137614509678}]}, {"source": 2, "prod": 4.0, "target": 13, "value": 0.0029948539046536242, "supply": [{"l": "Milk - Excluding Butter", "v": 0.0029948539046536242}]}, {"source": 3, "prod": 1.0, "target": 13, "value": 0.0033025887443423867, "supply": [{"l": "Wheat", "v": 0.0033025887443423867}]}, {"source": 0, "prod": 19.0, "target": 13, "value": 0.0053099872196178035, "supply": [{"l": "Vegetables, Other", "v": 0.0053099872196178035}]}, {"source": 8, "prod": 13.0, "target": 8, "value": 0.011321560536596669, "supply": [{"l": "Potatoes", "v": 0.010439020690744278}, {"l": "Roots, Other", "v": 0.00088253984585239084}]}, {"source": 0, "prod": 2.0, "target": 0, "value": 0.0079290178996704857, "supply": [{"l": "Pulses, Other", "v": 0.0079290178996704857}]}, {"source": 3, "prod": 19.0, "target": 3, "value": 0.058757610750484787, "supply": [{"l": "Wheat", "v": 0.029723298699081479}, {"l": "Barley", "v": 0.029034312051403305}]}, {"source": 8, "prod": 4.0, "target": 14, "value": 0.0034796735635814259, "supply": [{"l": "Potatoes", "v": 0.0034796735635814259}]}, {"source": 0, "prod": 13.0, "target": 14, "value": 0.0039055520391562872, "supply": [{"l": "Lemons, Limes", "v": 0.00016140747751140685}, {"l": "Oranges, Mandarines", "v": 0.00069024661114634148}, {"l": "Vegetables, Other", "v": 0.0019563110809118225}, {"l": "Fruits, Other", "v": 0.00061820630949757291}, {"l": "Tomatoes", "v": 0.00022210682320732505}, {"l": "Grapefruit", "v": 0.00025727373688181818}]}, {"source": 2, "prod": 2.0, "target": 14, "value": 0.0014974269523268121, "supply": [{"l": "Milk - Excluding Butter", "v": 0.0014974269523268121}]}, {"source": 3, "prod": 1.0, "target": 14, "value": 0.0033025887443423867, "supply": [{"l": "Wheat", "v": 0.0033025887443423867}]}, {"source": 15, "prod": 1.0, "target": 9, "value": 0.00051768495835975605, "supply": [{"l": "Coffee", "v": 0.00051768495835975605}]}, {"source": 15, "prod": 25.0, "target": 1, "value": 0.026069462358135294, "supply": [{"l": "Pelagic Fish", "v": 0.0018710817227768598}, {"l": "Pigmeat", "v": 0.0019091344760674602}, {"l": "Milk - Excluding Butter", "v": 0.010481988666287684}, {"l": "Marine Fish, Other", "v": 0.00075466962818666677}, {"l": "Fish, Seafood", "v": 0.0031898969110491326}, {"l": "Bovine Meat", "v": 0.0078626909537674889}]}, {"source": 15, "prod": 20.0, "target": 12, "value": 0.11966634712164556, "supply": [{"l": "Rape and Mustard Oil", "v": 0.010407137614509678}, {"l": "Sugar", "v": 0.058040530379624478}, {"l": "Groundnut Oil", "v": 0.0307280026222118}, {"l": "Oilcrops Oil, Other", "v": 0.010107182520357146}, {"l": "Sunflowerseed Oil", "v": 0.010383493984942448}]}, {"source": 15, "prod": 79.0, "target": 3, "value": 0.26737205802600739, "supply": [{"l": "Maize", "v": 0.039085905832063228}, {"l": "Wheat", "v": 0.20145791340488561}, {"l": "Cereals, Other", "v": 0.0067152805897966105}, {"l": "Barley", "v": 0.0029034312051403307}, {"l": "Rice", "v": 0.017209526994121621}]}, {"source": 15, "prod": 6.0, "target": 0, "value": 0.017256394228039797, "supply": [{"l": "Bananas", "v": 0.0013983584286988236}, {"l": "Pulses, Other", "v": 0.015858035799340971}]}, {"source": 15, "prod": 16.0, "target": 8, "value": 0.013918694254325703, "supply": [{"l": "Potatoes", "v": 0.013918694254325703}]}, {"source": 8, "prod": 80.0, "target": 16, "value": 0.069593471271628515, "supply": [{"l": "Potatoes", "v": 0.069593471271628515}]}, {"source": 4, "prod": 10.0, "target": 16, "value": 0.0078321340563653127, "supply": [{"l": "Wine", "v": 0.0078321340563653127}]}, {"source": 11, "prod": 1.0, "target": 16, "value": 0.010222693177732653, "supply": [{"l": "Olive Oil", "v": 0.010222693177732653}]}, {"source": 2, "prod": 1.0, "target": 16, "value": 0.00074871347616340604, "supply": [{"l": "Milk - Excluding Butter", "v": 0.00074871347616340604}]}, {"source": 0, "prod": 143.0, "target": 16, "value": 0.065546491402907095, "supply": [{"l": "Grapes", "v": 0.030050556925025687}, {"l": "Vegetables, Other", "v": 0.013135231543265093}, {"l": "Fruits, Other", "v": 0.00061820630949757291}, {"l": "Grapefruit", "v": 0.0023154636319363637}, {"l": "Pulses, Other", "v": 0.0039645089498352428}, {"l": "Oranges, Mandarines", "v": 0.013459808917353657}, {"l": "Lemons, Limes", "v": 0.0012912598200912548}, {"l": "Onions", "v": 0.0007114553059022348}]}, {"source": 17, "prod": 1.0, "target": 0, "value": 0.00034512330557317074, "supply": [{"l": "Oranges, Mandarines", "v": 0.00034512330557317074}]}, {"source": 4, "prod": 15.0, "target": 18, "value": 0.011748201084547969, "supply": [{"l": "Wine", "v": 0.011748201084547969}]}, {"source": 3, "prod": 77.0, "target": 18, "value": 0.23633724405027123, "supply": [{"l": "Wheat", "v": 0.10568283981895638}, {"l": "Barley", "v": 0.13065440423131486}]}, {"source": 0, "prod": 9.0, "target": 18, "value": 0.0025152571040294859, "supply": [{"l": "Vegetables, Other", "v": 0.0025152571040294859}]}, {"source": 17, "prod": 1.0, "target": 12, "value": 0.010222693177732653, "supply": [{"l": "Olive Oil", "v": 0.010222693177732653}]}, {"source": 8, "prod": 10.0, "target": 18, "value": 0.0086991839089535644, "supply": [{"l": "Potatoes", "v": 0.0086991839089535644}]}, {"source": 7, "prod": 1.0, "target": 18, "value": 0.0041457521699731778, "supply": [{"l": "Sugar", "v": 0.0041457521699731778}]}, {"source": 1, "prod": 6.0, "target": 10, "value": 0.0058156482620126595, "supply": [{"l": "Pelagic Fish", "v": 0.0018710817227768598}, {"l": "Marine Fish, Other", "v": 0.00075466962818666677}, {"l": "Fish, Seafood", "v": 0.0031898969110491326}]}, {"source": 1, "prod": 67.0, "target": 2, "value": 0.07270524001810591, "supply": [{"l": "Poultry Meat", "v": 0.0044295826002260872}, {"l": "Pigmeat", "v": 0.0038182689521349205}, {"l": "Bovine Meat", "v": 0.011794036430651234}, {"l": "Eggs", "v": 0.0048713305917786895}, {"l": "Milk - Excluding Butter", "v": 0.035938246855843486}, {"l": "Offals, Edible", "v": 0.0012412329410964914}, {"l": "Mutton & Goat Meat", "v": 0.010612541646375}]}, {"source": 12, "prod": 40.0, "target": 4, "value": 0.042323693313508381, "supply": [{"l": "Fats, Animals, Raw", "v": 0.010188039980520001}, {"l": "Beer", "v": 0.0029542407152649895}, {"l": "Beverages, Alcoholic", "v": 0.0033353702317178578}, {"l": "Wine", "v": 0.025846042386005533}]}, {"source": 12, "prod": 9.0, "target": 11, "value": 0.092478340711996052, "supply": [{"l": "Olive Oil", "v": 0.020445386355465306}, {"l": "Oilcrops Oil, Other", "v": 0.010107182520357146}, {"l": "Groundnut Oil", "v": 0.0307280026222118}, {"l": "Sunflowerseed Oil", "v": 0.010383493984942448}, {"l": "Rape and Mustard Oil", "v": 0.020814275229019356}]}, {"source": 12, "prod": 14.0, "target": 7, "value": 0.058040530379624485, "supply": [{"l": "Sugar", "v": 0.058040530379624485}]}, {"source": 8, "prod": 64.75, "target": 19, "value": 0.22424870003819444, "supply": [{"l": "Roots, Other", "v": 0.007844999985}, {"l": "Potatoes", "v": 0.21791666625}]}, {"source": 0, "prod": 366.5, "target": 19, "value": 1.7319479641910571, "supply": [{"l": "Vegetables, Other", "v": 0.43234666584000009}, {"l": "Tomatoes", "v": 0.034866666600000006}, {"l": "Beans", "v": 0.0052299999899999994}, {"l": "Pulses, Other", "v": 0.054043333230000004}, {"l": "Onions", "v": 0.010459999980000001}]}, {"source": 3, "prod": 398.0, "target": 19, "value": 1.3014692787854472, "supply": [{"l": "Maize", "v": 0.040795285462271041}, {"l": "Barley", "v": 0.55759536910961205}, {"l": "Rice", "v": 0.010459999980000001}, {"l": "Cereals, Other", "v": 0.0069733333200000013}, {"l": "Wheat", "v": 0.67641333203999987}, {"l": "Oats", "v": 0.013946666639999999}]}, {"source": 6, "prod": 7.0, "target": 19, "value": 0.012748844700797499, "supply": [{"l": "Olives", "v": 0.020919999960000005}, {"l": "Sesame seed", "v": 0.0017433333300000001}, {"l": "Groundnuts", "v": 0.0017433333300000001}]}, {"source": 20, "prod": 0, "target": 8, "value": 0.00081990824745502993, "supply": "[{\"l\":'Energy for power irrigation',\"v\":0.00081990824745502993}]"}, {"source": 20, "prod": 0, "target": 0, "value": 0.0023204353103650076, "supply": "[{\"l\":'Energy for power irrigation',\"v\":0.0023204353103650076}]"}, {"source": 20, "prod": 0, "target": 3, "value": 0.0012599362258189264, "supply": "[{\"l\":'Energy for power irrigation',\"v\":0.0012599362258189264}]"}, {"source": 20, "prod": 0, "target": 6, "value": 4.4319364727298914e-05, "supply": "[{\"l\":'Energy for power irrigation',\"v\":4.4319364727298914e-05}]"}, {"source": 20, "prod": 0, "target": 9, "value": 2.2159682363649457e-05, "supply": "[{\"l\":'Energy for power irrigation',\"v\":2.2159682363649457e-05}]"}, {"source": 20, "prod": 0, "target": 12, "value": 0.0057372819160379515, "supply": "[{\"l\":'Electricity',\"v\":0.0057372819160379515}]"}, {"source": 21, "prod": 0, "target": 20, "value": 0.026852738807283852, "supply": [{"l": "Coal", "v": 0.0}, {"l": "Natural gas", "v": 0.0}, {"l": "Oil", "v": 0.026852738807283852}]}, {"source": 21, "prod": 0, "target": 8, "value": 0.060659041442862743, "supply": [{"l": "Gas-Diesel oil", "v": 0.060659041442862743}]}, {"source": 21, "prod": 0, "target": 0, "value": 0.17167211342709801, "supply": [{"l": "Gas-Diesel oil", "v": 0.17167211342709801}]}, {"source": 21, "prod": 0, "target": 3, "value": 0.093213507699843143, "supply": [{"l": "Gas-Diesel oil", "v": 0.093213507699843143}]}, {"source": 21, "prod": 0, "target": 6, "value": 0.0032788671050196076, "supply": [{"l": "Gas-Diesel oil", "v": 0.0032788671050196076}]}, {"source": 21, "prod": 0, "target": 9, "value": 0.0016394335525098038, "supply": [{"l": "Gas-Diesel oil", "v": 0.0016394335525098038}]}, {"source": 22, "prod": 3.596997873848335, "target": 8, "value": 0.036898596458371541, "supply": [{"l": "Potash", "v": 0.0051175222263162403}, {"l": "Phosphate", "v": 0.037803458363576098}, {"l": "Nitrogen", "v": 0.1580980140153673}]}, {"source": 22, "prod": 10.179920623671157, "target": 0, "value": 0.1044273019458932, "supply": [{"l": "Potash", "v": 0.0051175222263162403}, {"l": "Phosphate", "v": 0.037803458363576098}, {"l": "Nitrogen", "v": 0.1580980140153673}]}, {"source": 22, "prod": 5.5274330262225391, "target": 3, "value": 0.056701318109775578, "supply": [{"l": "Potash", "v": 0.0051175222263162403}, {"l": "Phosphate", "v": 0.037803458363576098}, {"l": "Nitrogen", "v": 0.1580980140153673}]}, {"source": 22, "prod": 0.19443231750531542, "target": 6, "value": 0.0019945187274795426, "supply": [{"l": "Potash", "v": 0.0051175222263162403}, {"l": "Phosphate", "v": 0.037803458363576098}, {"l": "Nitrogen", "v": 0.1580980140153673}]}, {"source": 22, "prod": 0.097216158752657711, "target": 9, "value": 0.00099725936373977128, "supply": [{"l": "Potash", "v": 0.0051175222263162403}, {"l": "Phosphate", "v": 0.037803458363576098}, {"l": "Nitrogen", "v": 0.1580980140153673}]}, {"source": 21, "prod": 0, "target": 22, "value": 0.24036808564898843, "supply": [{"l": "Natural gas (including LNG)", "v": 0.16439098202790697}, {"l": "Fuel oil", "v": 0.048029930109670035}, {"l": "Liquefied petroleum gas (LPG)", "v": 0.013973586755705706}, {"l": "Coal", "v": 0.013973586755705706}]}, {"source": 23, "prod": 0, "target": 3, "value": 0.012216873563052857, "supply": "[{\"l\":'Labor',\"v\":0.012216873563052857}]"}, {"source": 23, "prod": 0, "target": 6, "value": 0.00042973927106216073, "supply": "[{\"l\":'Labor',\"v\":0.00042973927106216073}]"}, {"source": 23, "prod": 0, "target": 8, "value": 0.0079501765146499734, "supply": "[{\"l\":'Labor',\"v\":0.0079501765146499734}]"}, {"source": 23, "prod": 0, "target": 0, "value": 0.022499920406325986, "supply": "[{\"l\":'Labor',\"v\":0.022499920406325986}]"}, {"source": 23, "prod": 0, "target": 9, "value": 0.00021486963553108036, "supply": "[{\"l\":'Labor',\"v\":0.00021486963553108036}]"}, {"source": 21, "prod": 0, "target": 15, "value": 1.5274369617494457, "supply": "[{\"l\":'Fossil Fuels',\"v\":1.5274369617494457}]"}, {"source": 24, "prod": 0, "target": 15, "value": 0.020337733663927663, "supply": "[{\"l\":'Renewables & Nuclear',\"v\":0.0},{\"l\":'Biomass & Waste',\"v\":0.020337733663927663}]"}]}