{"nodes": [{"layer": 3, "name": "Rye"}, {"layer": 5, "name": "Production", "fill": "#b5cf6b"}, {"layer": 3, "name": "Fruits, Other"}, {"layer": 3, "name": "Barley"}, {"layer": 3, "name": "Tomatoes"}, {"layer": 3, "name": "Wheat"}, {"layer": 3, "name": "Vegetables, Other"}, {"layer": 3, "name": "Peas"}, {"layer": 3, "name": "Oats"}, {"layer": 3, "name": "Potatoes"}, {"layer": 3, "name": "Apples"}, {"layer": 3, "name": "Sugar beet"}, {"layer": 3, "name": "Onions"}, {"layer": 0, "name": "Fossil Fuels", "fill": "#c49c94"}, {"layer": 1, "name": "Fertilizers", "fill": "#c5b0d5"}, {"layer": 0, "name": "Labor", "fill": "#7f7f7f"}], "links": [{"source": 0, "prod": 1.0, "target": 1, "value": 0.0032653974296538461, "supply": [{"l": "Rye", "v": 0.0032653974296538461}]}, {"source": 2, "prod": 13.0, "target": 1, "value": 0.0053716953174383518, "supply": [{"l": "Fruits, Other", "v": 0.0053716953174383518}]}, {"source": 3, "prod": 905.0, "target": 1, "value": 2.1195807315794482, "supply": [{"l": "Barley", "v": 2.1195807315794482}]}, {"source": 4, "prod": 24.0, "target": 1, "value": 0.0050023109560654666, "supply": [{"l": "Tomatoes", "v": 0.0050023109560654666}]}, {"source": 5, "prod": 229.0, "target": 1, "value": 0.69506539648983112, "supply": [{"l": "Wheat", "v": 0.69506539648983112}]}, {"source": 6, "prod": 157.0, "target": 1, "value": 0.048871878369346693, "supply": [{"l": "Vegetables, Other", "v": 0.048871878369346693}]}, {"source": 7, "prod": 1.0, "target": 1, "value": 0.0040327658256224998, "supply": [{"l": "Peas", "v": 0.0040327658256224998}]}, {"source": 8, "prod": 162.0, "target": 1, "value": 0.45467285863477691, "supply": [{"l": "Oats", "v": 0.45467285863477691}]}, {"source": 9, "prod": 1332.0, "target": 1, "value": 1.0377812515302414, "supply": [{"l": "Potatoes", "v": 1.0377812515302414}]}, {"source": 10, "prod": 12.0, "target": 1, "value": 0.0062180525702704237, "supply": [{"l": "Apples", "v": 0.0062180525702704237}]}, {"source": 11, "prod": 1322.0, "target": 1, "value": 1.5364577748400001, "supply": [{"l": "Sugar beet", "v": 1.5364577748400001}]}, {"source": 12, "prod": 8.0, "target": 1, "value": 0.0032138927383343853, "supply": [{"l": "Onions", "v": 0.0032138927383343853}]}, {"source": 13, "prod": 0, "target": 0, "value": 0.00053571859206441932, "supply": [{"l": "Gas-Diesel oil", "v": 0.00048582185080149799}, {"l": "Fuel oil", "v": 4.7137340044943815e-05}, {"l": "Liquefied petroleum gas (LPG)", "v": 2.7594012179775276e-06}]}, {"source": 13, "prod": 0, "target": 5, "value": 0.182680039893967, "supply": [{"l": "Gas-Diesel oil", "v": 0.16566525112331085}, {"l": "Fuel oil", "v": 0.016073832955325842}, {"l": "Liquefied petroleum gas (LPG)", "v": 0.00094095581533033704}]}, {"source": 13, "prod": 0, "target": 8, "value": 0.095357909387466633, "supply": [{"l": "Gas-Diesel oil", "v": 0.086476289442666637}, {"l": "Fuel oil", "v": 0.0083904465279999989}, {"l": "Liquefied petroleum gas (LPG)", "v": 0.00049117341679999992}]}, {"source": 13, "prod": 0, "target": 9, "value": 0.71813077266235403, "supply": [{"l": "Gas-Diesel oil", "v": 0.651244190999408}, {"l": "Fuel oil", "v": 0.063187604330247185}, {"l": "Liquefied petroleum gas (LPG)", "v": 0.0036989773326988758}]}, {"source": 13, "prod": 0, "target": 6, "value": 0.090000723466822447, "supply": [{"l": "Gas-Diesel oil", "v": 0.081618070934651663}, {"l": "Fuel oil", "v": 0.0079190731275505608}, {"l": "Liquefied petroleum gas (LPG)", "v": 0.00046357940462022468}]}, {"source": 13, "prod": 0, "target": 2, "value": 0.019018010018286888, "supply": [{"l": "Gas-Diesel oil", "v": 0.017246675703453181}, {"l": "Fuel oil", "v": 0.0016733755715955055}, {"l": "Liquefied petroleum gas (LPG)", "v": 9.7958743238202238e-05}]}, {"source": 13, "prod": 0, "target": 7, "value": 0.0018750150722254679, "supply": [{"l": "Gas-Diesel oil", "v": 0.0017003764778052433}, {"l": "Fuel oil", "v": 0.00016498069015730336}, {"l": "Liquefied petroleum gas (LPG)", "v": 9.6579042629213481e-06}]}, {"source": 13, "prod": 0, "target": 3, "value": 0.51884345641439011, "supply": [{"l": "Gas-Diesel oil", "v": 0.47051846250125079}, {"l": "Fuel oil", "v": 0.045652513833528086}, {"l": "Liquefied petroleum gas (LPG)", "v": 0.0026724800796112357}]}, {"source": 13, "prod": 0, "target": 11, "value": 0.70821997870916242, "supply": [{"l": "Gas-Diesel oil", "v": 0.64225648675958036}, {"l": "Fuel oil", "v": 0.062315563539415732}, {"l": "Liquefied petroleum gas (LPG)", "v": 0.0036479284101662919}]}, {"source": 13, "prod": 0, "target": 12, "value": 0.0050893266246119836, "supply": [{"l": "Gas-Diesel oil", "v": 0.0046153075826142311}, {"l": "Fuel oil", "v": 0.00044780473042696625}, {"l": "Liquefied petroleum gas (LPG)", "v": 2.6214311570786515e-05}]}, {"source": 13, "prod": 0, "target": 4, "value": 0.013660824097642695, "supply": [{"l": "Gas-Diesel oil", "v": 0.012388457195438201}, {"l": "Fuel oil", "v": 0.0012020021711460673}, {"l": "Liquefied petroleum gas (LPG)", "v": 7.0364731058426963e-05}]}, {"source": 13, "prod": 0, "target": 10, "value": 0.012857246209546066, "supply": [{"l": "Gas-Diesel oil", "v": 0.011659724419235953}, {"l": "Fuel oil", "v": 0.0011312961610786517}, {"l": "Liquefied petroleum gas (LPG)", "v": 6.6225629231460675e-05}]}, {"source": 14, "prod": 0.10596450698309356, "target": 0, "value": 0.00076995534265337053, "supply": [{"l": "Potash", "v": 0.46470486148287493}, {"l": "Phosphate", "v": 0.81262916731676993}, {"l": "Nitrogen", "v": 2.3888083352443794}]}, {"source": 14, "prod": 36.133896881234911, "target": 5, "value": 0.26255477184479942, "supply": [{"l": "Potash", "v": 0.46470486148287493}, {"l": "Phosphate", "v": 0.81262916731676993}, {"l": "Nitrogen", "v": 2.3888083352443794}]}, {"source": 14, "prod": 18.861682242990653, "target": 8, "value": 0.13705205099229995, "supply": [{"l": "Potash", "v": 0.46470486148287493}, {"l": "Phosphate", "v": 0.81262916731676993}, {"l": "Nitrogen", "v": 2.3888083352443794}]}, {"source": 14, "prod": 142.04542161083691, "target": 9, "value": 1.0321251368268431, "supply": [{"l": "Potash", "v": 0.46470486148287493}, {"l": "Phosphate", "v": 0.81262916731676993}, {"l": "Nitrogen", "v": 2.3888083352443794}]}, {"source": 14, "prod": 17.802037173159718, "target": 6, "value": 0.12935249756576625, "supply": [{"l": "Potash", "v": 0.46470486148287493}, {"l": "Phosphate", "v": 0.81262916731676993}, {"l": "Nitrogen", "v": 2.3888083352443794}]}, {"source": 14, "prod": 3.7617399978998214, "target": 2, "value": 0.027333414664194654, "supply": [{"l": "Potash", "v": 0.46470486148287493}, {"l": "Phosphate", "v": 0.81262916731676993}, {"l": "Nitrogen", "v": 2.3888083352443794}]}, {"source": 14, "prod": 0.37087577444082748, "target": 7, "value": 0.002694843699286797, "supply": [{"l": "Potash", "v": 0.46470486148287493}, {"l": "Phosphate", "v": 0.81262916731676993}, {"l": "Nitrogen", "v": 2.3888083352443794}]}, {"source": 14, "prod": 102.62662501312612, "target": 3, "value": 0.74570174935978939, "supply": [{"l": "Potash", "v": 0.46470486148287493}, {"l": "Phosphate", "v": 0.81262916731676993}, {"l": "Nitrogen", "v": 2.3888083352443794}]}, {"source": 14, "prod": 140.0850782316497, "target": 11, "value": 1.0178809629877559, "supply": [{"l": "Potash", "v": 0.46470486148287493}, {"l": "Phosphate", "v": 0.81262916731676993}, {"l": "Nitrogen", "v": 2.3888083352443794}]}, {"source": 14, "prod": 1.0066628163393889, "target": 12, "value": 0.0073145757552070204, "supply": [{"l": "Potash", "v": 0.46470486148287493}, {"l": "Phosphate", "v": 0.81262916731676993}, {"l": "Nitrogen", "v": 2.3888083352443794}]}, {"source": 14, "prod": 2.702094928068886, "target": 4, "value": 0.019633861237660952, "supply": [{"l": "Potash", "v": 0.46470486148287493}, {"l": "Phosphate", "v": 0.81262916731676993}, {"l": "Nitrogen", "v": 2.3888083352443794}]}, {"source": 14, "prod": 2.5431481675942456, "target": 10, "value": 0.018478928223680895, "supply": [{"l": "Potash", "v": 0.46470486148287493}, {"l": "Phosphate", "v": 0.81262916731676993}, {"l": "Nitrogen", "v": 2.3888083352443794}]}, {"source": 13, "prod": 0, "target": 14, "value": 4.7653119043768832, "supply": [{"l": "Natural gas (including LNG)", "v": 3.1187540684452628}, {"l": "Fuel oil", "v": 1.224285352331091}, {"l": "Liquefied petroleum gas (LPG)", "v": 0.21113624180026491}, {"l": "Coal", "v": 0.21113624180026491}]}, {"source": 15, "prod": 0, "target": 0, "value": 4.1108358725951945e-05, "supply": "[{\"l\":'Labor',\"v\":4.1108358725951945e-05}]"}, {"source": 15, "prod": 0, "target": 5, "value": 0.014017950325549616, "supply": "[{\"l\":'Labor',\"v\":0.014017950325549616}]"}, {"source": 15, "prod": 0, "target": 8, "value": 0.0073172878532194461, "supply": "[{\"l\":'Labor',\"v\":0.0073172878532194461}]"}, {"source": 15, "prod": 0, "target": 9, "value": 0.055105754872138583, "supply": "[{\"l\":'Labor',\"v\":0.055105754872138583}]"}, {"source": 15, "prod": 0, "target": 6, "value": 0.0069062042659599277, "supply": "[{\"l\":'Labor',\"v\":0.0069062042659599277}]"}, {"source": 15, "prod": 0, "target": 2, "value": 0.0014593467347712942, "supply": "[{\"l\":'Labor',\"v\":0.0014593467347712942}]"}, {"source": 15, "prod": 0, "target": 7, "value": 0.00014387925554083182, "supply": "[{\"l\":'Labor',\"v\":0.00014387925554083182}]"}, {"source": 15, "prod": 0, "target": 3, "value": 0.039813445426084462, "supply": "[{\"l\":'Labor',\"v\":0.039813445426084462}]"}, {"source": 15, "prod": 0, "target": 11, "value": 0.054345250235708478, "supply": "[{\"l\":'Labor',\"v\":0.054345250235708478}]"}, {"source": 15, "prod": 0, "target": 12, "value": 0.0003905294078965435, "supply": "[{\"l\":'Labor',\"v\":0.0003905294078965435}]"}, {"source": 15, "prod": 0, "target": 4, "value": 0.0010482631475117747, "supply": "[{\"l\":'Labor',\"v\":0.0010482631475117747}]"}, {"source": 15, "prod": 0, "target": 10, "value": 0.00098660060942284684, "supply": "[{\"l\":'Labor',\"v\":0.00098660060942284684}]"}]}