{"nodes": [{"layer": 13, "name": "Animal Products", "fill": "#17becf"}, {"layer": 10, "name": "Feed", "fill": "#dbdb8d"}, {"layer": 5, "name": "Cereals", "fill": "#e7ba52"}, {"layer": 5, "name": "Oilcrops", "fill": "#ff9896"}, {"layer": 5, "name": "Fruits, Roots & Vegetables", "fill": "#98df8a"}, {"layer": 13, "name": "Sugar", "fill": "#d6616b"}, {"layer": 13, "name": "Aquatic Products", "fill": "#1f77b4"}, {"layer": 13, "name": "Other Processed", "fill": "#9c9ede"}, {"layer": 16, "name": "Food", "fill": "#b5cf6b"}, {"layer": 13, "name": "Vegetable Oils", "fill": "#f7b6d2"}, {"layer": 10, "name": "Processing", "fill": "#9edae5"}, {"layer": 5, "name": "Sugar Crops", "fill": "#ffbb78"}, {"layer": 16, "name": "Biofuels & Other", "fill": "#e7ba52"}, {"name": "Waste", "fill": "#c7c7c7"}, {"layer": 2, "name": "Import", "fill": "#aec7e8"}, {"layer": 16, "name": "Export", "fill": "#aec7e8"}, {"layer": 16, "name": "Stock Deposit", "fill": "#c7c7c7"}, {"layer": 0, "name": "Stock Draw", "fill": "#c7c7c7"}, {"layer": 2, "name": "Electricity", "fill": "#bcbd22"}, {"layer": 0, "name": "Fossil Fuels", "fill": "#c49c94"}, {"layer": 0, "name": "Renewables & Nuclear", "fill": "#2ca02c"}, {"layer": 2, "name": "Fertilizers", "fill": "#c5b0d5"}, {"layer": 0, "name": "Labor", "fill": "#7f7f7f"}], "links": [{"source": 0, "prod": 1389.0, "target": 1, "value": 0.97977210581893859, "supply": [{"l": "Milk - Excluding Butter", "v": 0.97977210581893859}]}, {"source": 2, "prod": 1086.0, "target": 1, "value": 2.9051282767375191, "supply": [{"l": "Maize", "v": 0.36478960580319714}, {"l": "Wheat", "v": 0.17826048601740216}, {"l": "Oats", "v": 0.73002328733655641}, {"l": "Barley", "v": 1.2072129565958631}, {"l": "Sorghum", "v": 0.32411927299526866}, {"l": "Cereals, Other", "v": 0.10072266798923181}]}, {"source": 3, "prod": 5.0, "target": 1, "value": 0.030321547561071433, "supply": [{"l": "Oilcrops, Other", "v": 0.030321547561071433}]}, {"source": 4, "prod": 815.0, "target": 1, "value": 0.62642433123957442, "supply": [{"l": "Vegetables, Other", "v": 0.0047793776296419076}, {"l": "Potatoes", "v": 0.61853283869824327}, {"l": "Roots, Other", "v": 0.0031121149116892744}]}, {"source": 5, "prod": 2.0, "target": 1, "value": 0.0070750277642500003, "supply": [{"l": "Sugar", "v": 0.0070750277642500003}]}, {"source": 6, "prod": 158.0, "target": 1, "value": 0.13490164923520268, "supply": [{"l": "Pelagic Fish", "v": 0.083008989115210402}, {"l": "Fish, Seafood", "v": 0.051892660119992273}]}, {"source": 7, "prod": 251.0, "target": 8, "value": 0.54299253031098094, "supply": [{"l": "Beer", "v": 0.10491792120689317}, {"l": "Beverages, Alcoholic", "v": 0.048152427768626868}, {"l": "Butter, Ghee", "v": 0.3336909396568673}, {"l": "Fats, Animals, Raw", "v": 0.048570888279223262}, {"l": "Wine", "v": 0.0036806502819797691}, {"l": "Cream", "v": 0.0039797031173906252}]}, {"source": 0, "prod": 1179.0, "target": 8, "value": 1.1519202360770442, "supply": [{"l": "Eggs", "v": 0.059619501478361467}, {"l": "Mutton & Goat Meat", "v": 0.087440415668409807}, {"l": "Pigmeat", "v": 0.13786181532841513}, {"l": "Milk - Excluding Butter", "v": 0.64753836799264619}, {"l": "Poultry Meat", "v": 0.038904209949479719}, {"l": "Offals, Edible", "v": 0.04847350103344257}, {"l": "Bovine Meat", "v": 0.13208242462628919}]}, {"source": 2, "prod": 379.0, "target": 8, "value": 1.1451200569727937, "supply": [{"l": "Maize", "v": 0.023426855418553941}, {"l": "Rye", "v": 0.002572737368818182}, {"l": "Barley", "v": 0.0093041461009315072}, {"l": "Rice", "v": 0.012878140424814609}, {"l": "Wheat", "v": 1.0574774594252669}, {"l": "Oats", "v": 0.03946071823440845}]}, {"source": 3, "prod": 4.0, "target": 8, "value": 0.0066850656040157476, "supply": [{"l": "Coconuts - Incl Copra", "v": 0.0066850656040157476}]}, {"source": 4, "prod": 645.0, "target": 8, "value": 0.47711250080948825, "supply": [{"l": "Vegetables, Other", "v": 0.022104621537093822}, {"l": "Nuts", "v": 0.0030321547561071431}, {"l": "Tomatoes", "v": 0.0038086130768299072}, {"l": "Coffee", "v": 0.0010612541646375}, {"l": "Treenuts", "v": 0.0037456029340147061}, {"l": "Cocoa Beans", "v": 0.024608792223478261}, {"l": "Peas", "v": 0.019295530266136365}, {"l": "Grapes", "v": 0.02935536943539661}, {"l": "Potatoes", "v": 0.2917607729708695}, {"l": "Beans", "v": 0.0080857460162857137}, {"l": "Apples", "v": 0.018433695167400746}, {"l": "Lemons, Limes", "v": 0.0011622222200000001}, {"l": "Bananas", "v": 0.013194871246356359}, {"l": "Tea", "v": 0.0050345211044797843}, {"l": "Fruits, Other", "v": 0.014836951427941749}, {"l": "Grapefruit", "v": 0.0023244444400000001}, {"l": "Oranges, Mandarines", "v": 0.0073513021930747035}, {"l": "Onions", "v": 0.0049543961001644564}, {"l": "Pulses, Other", "v": 0.0029616395292209304}]}, {"source": 5, "prod": 159.0, "target": 8, "value": 0.56227852231671061, "supply": [{"l": "Sugar", "v": 0.55892719337575003}, {"l": "Honey", "v": 0.0033513289409605267}]}, {"source": 6, "prod": 60.0, "target": 8, "value": 0.040423077609006139, "supply": [{"l": "Freshwater Fish", "v": 0.0026952486720952383}, {"l": "Crustaceans", "v": 0.00081634935741346152}, {"l": "Fish, Seafood", "v": 0.019706073463288204}, {"l": "Pelagic Fish", "v": 0.0063044801859653476}, {"l": "Demersal Fish", "v": 0.010900925930243888}]}, {"source": 9, "prod": 17.0, "target": 8, "value": 0.18226214221636208, "supply": [{"l": "Groundnut Oil", "v": 0.020328248787422537}, {"l": "Soyabean Oil", "v": 0.0099882744907058823}, {"l": "Palm Oil", "v": 0.020731476704546514}, {"l": "Sunflowerseed Oil", "v": 0.031298004177444917}, {"l": "Coconut Oil", "v": 0.066963643064450712}, {"l": "Rape and Mustard Oil", "v": 0.010246591934431035}, {"l": "Palmkernel Oil", "v": 0.022705903057360467}]}, {"source": 7, "prod": 1.0, "target": 10, "value": 0.0080951480465372098, "supply": [{"l": "Fats, Animals, Raw", "v": 0.0080951480465372098}]}, {"source": 0, "prod": 1.0, "target": 10, "value": 0.0015722283920555555, "supply": [{"l": "Meat, Other", "v": 0.0015722283920555555}]}, {"source": 2, "prod": 107.0, "target": 10, "value": 0.24888590819991785, "supply": [{"l": "Barley", "v": 0.24888590819991785}]}, {"source": 3, "prod": 24.0, "target": 10, "value": 0.064116941712801037, "supply": [{"l": "Oilcrops, Other", "v": 0.024257238048857144}, {"l": "Coconuts - Incl Copra", "v": 0.02674026241606299}, {"l": "Cottonseed", "v": 0.0029581415297769685}, {"l": "Groundnuts", "v": 0.00424501665855}, {"l": "Palm kernels", "v": 0.0059162830595539369}]}, {"source": 4, "prod": 16.0, "target": 10, "value": 0.012448459646757098, "supply": [{"l": "Potatoes", "v": 0.012448459646757098}]}, {"source": 11, "prod": 956.0, "target": 10, "value": 1.1110844423200001, "supply": [{"l": "Sugar beet", "v": 1.1110844423200001}]}, {"source": 9, "prod": 3.0, "target": 10, "value": 0.025470099951300004, "supply": [{"l": "Oilcrops Oil, Other", "v": 0.025470099951300004}]}, {"source": 7, "prod": 24.0, "target": 12, "value": 0.16634941959565269, "supply": [{"l": "Fats, Animals, Raw", "v": 0.14571266483766976}, {"l": "Beverages, Alcoholic", "v": 0.020636754757982947}]}, {"source": 0, "prod": 72.0, "target": 12, "value": 0.050787322979815391, "supply": [{"l": "Milk - Excluding Butter", "v": 0.050787322979815391}]}, {"source": 2, "prod": 12.0, "target": 12, "value": 0.040160323574663898, "supply": [{"l": "Maize", "v": 0.040160323574663898}]}, {"source": 4, "prod": 12.0, "target": 12, "value": 0.0093363447350678225, "supply": [{"l": "Potatoes", "v": 0.0077802872792231857}, {"l": "Cassava", "v": 0.0015560574558446372}]}, {"source": 5, "prod": 25.0, "target": 12, "value": 0.088437847053125004, "supply": [{"l": "Sweeteners, Other", "v": 0.0035375138821250002}, {"l": "Sugar", "v": 0.084900333171}]}, {"source": 6, "prod": 2.0, "target": 12, "value": 0.0017076158131038314, "supply": [{"l": "Pelagic Fish", "v": 0.0010507466976608913}, {"l": "Fish, Seafood", "v": 0.00065686911544294018}]}, {"source": 9, "prod": 6.0, "target": 12, "value": 0.058349397009661949, "supply": [{"l": "Coconut Oil", "v": 0.01116060717740845}, {"l": "Cottonseed Oil", "v": 0.010365738352273257}, {"l": "Palmkernel Oil", "v": 0.011352951528680233}, {"l": "Oilcrops Oil, Other", "v": 0.025470099951300004}]}, {"source": 4, "prod": 162.0, "target": 4, "value": 0.1260406539234156, "supply": [{"l": "Potatoes", "v": 0.1260406539234156}]}, {"source": 0, "prod": 1.0, "target": 0, "value": 0.0016560972632878187, "supply": [{"l": "Eggs", "v": 0.0016560972632878187}]}, {"source": 2, "prod": 61.0, "target": 2, "value": 0.16167728061763917, "supply": [{"l": "Wheat", "v": 0.045320462546797155}, {"l": "Barley", "v": 0.062802986181287671}, {"l": "Oats", "v": 0.053553831889554336}]}, {"source": 4, "prod": 369.0, "target": 13, "value": 0.27923868715660466, "supply": [{"l": "Bananas", "v": 0.00073304840257535319}, {"l": "Potatoes", "v": 0.27153202604488919}, {"l": "Vegetables, Other", "v": 0.0032858221203788118}, {"l": "Fruits, Other", "v": 0.00041213753966504863}, {"l": "Grapes", "v": 0.00086339321868813559}, {"l": "Oranges, Mandarines", "v": 0.0004324295407691002}, {"l": "Onions", "v": 0.00045039964546949603}, {"l": "Tomatoes", "v": 0.0004760766346037384}, {"l": "Apples", "v": 0.0010533540095657569}]}, {"source": 0, "prod": 59.0, "target": 13, "value": 0.04542026077384359, "supply": [{"l": "Eggs", "v": 0.0066243890531512747}, {"l": "Milk - Excluding Butter", "v": 0.038795871720692314}]}, {"source": 2, "prod": 107.0, "target": 13, "value": 0.27574387533436306, "supply": [{"l": "Wheat", "v": 0.08459819675402136}, {"l": "Oats", "v": 0.042279340965437624}, {"l": "Barley", "v": 0.14886633761490412}]}, {"source": 14, "prod": 129.0, "target": 10, "value": 0.57875109015585469, "supply": [{"l": "Sugar", "v": 0.32898879103762502}, {"l": "Beer", "v": 0.0022808243740628951}, {"l": "Groundnut Oil", "v": 0.020328248787422537}, {"l": "Beverages, Alcoholic", "v": 0.0068789182526609819}, {"l": "Fats, Animals, Raw", "v": 0.032380592186148839}, {"l": "Soyabean Oil", "v": 0.0099882744907058823}, {"l": "Palm Oil", "v": 0.031097215056819769}, {"l": "Sunflowerseed Oil", "v": 0.031298004177444917}, {"l": "Coconut Oil", "v": 0.044642428709633801}, {"l": "Rape and Mustard Oil", "v": 0.010246591934431035}, {"l": "Oilcrops Oil, Other", "v": 0.0169800666342}, {"l": "Wine", "v": 0.0036806502819797691}, {"l": "Sweeteners, Other", "v": 0.0035375138821250002}, {"l": "Honey", "v": 0.0033513289409605267}, {"l": "Cottonseed Oil", "v": 0.010365738352273257}, {"l": "Palmkernel Oil", "v": 0.022705903057360467}]}, {"source": 14, "prod": 470.0, "target": 2, "value": 1.4462198192848272, "supply": [{"l": "Maize", "v": 0.42503009116519297}, {"l": "Barley", "v": 0.018608292201863014}, {"l": "Rice", "v": 0.012878140424814609}, {"l": "Cereals, Other", "v": 0.0069463908958090903}, {"l": "Wheat", "v": 0.61635829063644132}, {"l": "Oats", "v": 0.042279340965437624}, {"l": "Sorghum", "v": 0.32411927299526866}]}, {"source": 14, "prod": 33.0, "target": 3, "value": 0.10551659798909857, "supply": [{"l": "Coconuts - Incl Copra", "v": 0.031754061619074798}, {"l": "Groundnuts", "v": 0.00424501665855}, {"l": "Oilcrops, Other", "v": 0.060643095122142866}, {"l": "Cottonseed", "v": 0.0029581415297769685}, {"l": "Palm kernels", "v": 0.0059162830595539369}]}, {"source": 14, "prod": 195.0, "target": 4, "value": 0.22969874748170338, "supply": [{"l": "Roots, Other", "v": 0.0031121149116892744}, {"l": "Nuts", "v": 0.0030321547561071431}, {"l": "Cocoa Beans", "v": 0.092282970838043474}, {"l": "Tomatoes", "v": 0.0009521532692074768}, {"l": "Coffee", "v": 0.0010612541646375}, {"l": "Treenuts", "v": 0.0037456029340147061}, {"l": "Vegetables, Other", "v": 0.0020909777129683345}, {"l": "Peas", "v": 0.011577318159681819}, {"l": "Grapes", "v": 0.030218762654084741}, {"l": "Pulses, Other", "v": 0.0029616395292209304}, {"l": "Potatoes", "v": 0.0062242298233785489}, {"l": "Beans", "v": 0.0080857460162857137}, {"l": "Apples", "v": 0.011060217100440448}, {"l": "Lemons, Limes", "v": 0.0011622222200000001}, {"l": "Bananas", "v": 0.013927919648931713}, {"l": "Infant food", "v": 0.0060643095122142861}, {"l": "Tea", "v": 0.0050345211044797843}, {"l": "Fruits, Other", "v": 0.013188401269281556}, {"l": "Grapefruit", "v": 0.0023244444400000001}, {"l": "Oranges, Mandarines", "v": 0.0077837317338438038}, {"l": "Onions", "v": 0.0022519982273474805}, {"l": "Cassava", "v": 0.0015560574558446372}]}, {"source": 14, "prod": 168.0, "target": 1, "value": 0.14048461732273948, "supply": [{"l": "Freshwater Fish", "v": 0.0013476243360476192}, {"l": "Milk - Excluding Butter", "v": 0.0028215179433230767}, {"l": "Fish, Seafood", "v": 0.053863267466321085}, {"l": "Pelagic Fish", "v": 0.079856749022227724}, {"l": "Demersal Fish", "v": 0.0025954585548199731}]}, {"source": 7, "prod": 226.0, "target": 15, "value": 0.51021678925254554, "supply": [{"l": "Beer", "v": 0.099215860271735928}, {"l": "Beverages, Alcoholic", "v": 0.003439459126330491}, {"l": "Butter, Ghee", "v": 0.23358365775980711}, {"l": "Fats, Animals, Raw", "v": 0.1699981089772814}, {"l": "Cream", "v": 0.0039797031173906252}]}, {"source": 0, "prod": 744.0, "target": 15, "value": 0.89495438063171429, "supply": [{"l": "Pigmeat", "v": 0.059861051392601311}, {"l": "Milk - Excluding Butter", "v": 0.35903815828786156}, {"l": "Meat, Other", "v": 0.011005598744388889}, {"l": "Mutton & Goat Meat", "v": 0.035522668865291485}, {"l": "Bovine Meat", "v": 0.41336906966375686}, {"l": "Offals, Edible", "v": 0.01615783367781419}]}, {"source": 2, "prod": 24.0, "target": 15, "value": 0.06621962981914005, "supply": [{"l": "Barley", "v": 0.025586401777561645}, {"l": "Cereals, Other", "v": 0.010419586343713635}, {"l": "Wheat", "v": 0.030213641697864765}]}, {"source": 4, "prod": 88.0, "target": 15, "value": 0.1179231330868117, "supply": [{"l": "Cocoa Beans", "v": 0.06767417861456522}, {"l": "Potatoes", "v": 0.03734537894027129}, {"l": "Fruits, Other", "v": 0.0024728252379902916}, {"l": "Vegetables, Other", "v": 0.0065716442407576237}, {"l": "Peas", "v": 0.003859106053227273}]}, {"source": 5, "prod": 21.0, "target": 15, "value": 0.074287791524625002, "supply": [{"l": "Sugar", "v": 0.074287791524625002}]}, {"source": 6, "prod": 44.0, "target": 15, "value": 0.037778672629330559, "supply": [{"l": "Molluscs, Other", "v": 0.0046488888800000003}, {"l": "Fish, Seafood", "v": 0.014451120539744684}, {"l": "Pelagic Fish", "v": 0.01681194716257426}, {"l": "Demersal Fish", "v": 0.00051909171096399466}, {"l": "Freshwater Fish", "v": 0.0013476243360476192}]}, {"source": 9, "prod": 3.0, "target": 15, "value": 0.029814764888219721, "supply": [{"l": "Coconut Oil", "v": 0.01116060717740845}, {"l": "Groundnut Oil", "v": 0.010164124393711269}, {"l": "Oilcrops Oil, Other", "v": 0.0084900333171}]}, {"source": 0, "prod": 13.0, "target": 16, "value": 0.0091699333158000006, "supply": [{"l": "Milk - Excluding Butter", "v": 0.0091699333158000006}]}, {"source": 7, "prod": 5.0, "target": 16, "value": 0.041711367457108413, "supply": [{"l": "Butter, Ghee", "v": 0.041711367457108413}]}, {"source": 6, "prod": 2.0, "target": 16, "value": 0.0017076158131038314, "supply": [{"l": "Pelagic Fish", "v": 0.0010507466976608913}, {"l": "Fish, Seafood", "v": 0.00065686911544294018}]}, {"source": 2, "prod": 41.0, "target": 16, "value": 0.12367318952248824, "supply": [{"l": "Wheat", "v": 0.12085456679145906}, {"l": "Oats", "v": 0.0028186227310291749}]}, {"source": 17, "prod": 4.0, "target": 10, "value": 0.041769313930034344, "supply": [{"l": "Fats, Animals, Raw", "v": 0.0080951480465372098}, {"l": "Coconut Oil", "v": 0.0223212143548169}, {"l": "Palmkernel Oil", "v": 0.011352951528680233}]}, {"source": 5, "prod": 33.0, "target": 16, "value": 0.116737958110125, "supply": [{"l": "Sugar", "v": 0.116737958110125}]}, {"source": 17, "prod": 77.0, "target": 2, "value": 0.21351958012308156, "supply": [{"l": "Cereals, Other", "v": 0.10419586343713635}, {"l": "Barley", "v": 0.1093237166859452}]}, {"source": 1, "prod": 266.0, "target": 6, "value": 0.21651863109974703, "supply": [{"l": "Pelagic Fish", "v": 0.1082269098590718}, {"l": "Crustaceans", "v": 0.00081634935741346152}, {"l": "Freshwater Fish", "v": 0.0040428730081428577}, {"l": "Molluscs, Other", "v": 0.0046488888800000003}, {"l": "Demersal Fish", "v": 0.011420017641207883}, {"l": "Fish, Seafood", "v": 0.087363592353911029}]}, {"source": 1, "prod": 3457.0, "target": 0, "value": 3.1335964679892117, "supply": [{"l": "Poultry Meat", "v": 0.038904209949479719}, {"l": "Pigmeat", "v": 0.19772286672101644}, {"l": "Bovine Meat", "v": 0.54545149429004602}, {"l": "Eggs", "v": 0.067899987794800554}, {"l": "Milk - Excluding Butter", "v": 2.0851017601157542}, {"l": "Offals, Edible", "v": 0.06463133471125676}, {"l": "Meat, Other", "v": 0.012577827136444444}, {"l": "Mutton & Goat Meat", "v": 0.12296308453370129}]}, {"source": 10, "prod": 507.0, "target": 7, "value": 1.2693652546628247, "supply": [{"l": "Fats, Animals, Raw", "v": 0.37237681014071167}, {"l": "Beer", "v": 0.20413378147862909}, {"l": "Beverages, Alcoholic", "v": 0.072228641652940309}, {"l": "Wine", "v": 0.0036806502819797691}, {"l": "Butter, Ghee", "v": 0.60898596487378287}, {"l": "Cream", "v": 0.0079594062347812505}]}, {"source": 10, "prod": 29.0, "target": 9, "value": 0.29589640406554374, "supply": [{"l": "Soyabean Oil", "v": 0.0099882744907058823}, {"l": "Coconut Oil", "v": 0.089284857419267616}, {"l": "Rape and Mustard Oil", "v": 0.010246591934431035}, {"l": "Cottonseed Oil", "v": 0.010365738352273257}, {"l": "Groundnut Oil", "v": 0.030492373181133806}, {"l": "Palm Oil", "v": 0.020731476704546514}, {"l": "Palmkernel Oil", "v": 0.034058854586040702}, {"l": "Oilcrops Oil, Other", "v": 0.059430233219700007}, {"l": "Sunflowerseed Oil", "v": 0.031298004177444917}]}, {"source": 10, "prod": 240.0, "target": 5, "value": 0.84881714676883557, "supply": [{"l": "Honey", "v": 0.0033513289409605267}, {"l": "Sweeteners, Other", "v": 0.0035375138821250002}, {"l": "Sugar", "v": 0.84192830394575002}]}, {"source": 18, "prod": 0, "target": 10, "value": 0.028911774114313532, "supply": "[{\"l\":'Electricity',\"v\":0.028911774114313532}]"}, {"source": 19, "prod": 0, "target": 18, "value": 0.057250666859165009, "supply": [{"l": "Coal", "v": 0.0018142774402112702}, {"l": "Natural gas", "v": 0.0}, {"l": "Oil", "v": 0.055436389418953735}]}, {"source": 20, "prod": 0, "target": 18, "value": 0.0071383779334287193, "supply": [{"l": "Nuclear", "v": 0.0}, {"l": "Hydroelectric", "v": 0.0071383779334287193}, {"l": "Renewable", "v": 0.0}]}, {"source": 19, "prod": 0, "target": 4, "value": 1.1115336937935292, "supply": [{"l": "Gas-Diesel oil", "v": 1.0275960091343428}, {"l": "Fuel oil", "v": 0.078101080820729724}, {"l": "Liquefied petroleum gas (LPG)", "v": 0.0058366038384566818}]}, {"source": 19, "prod": 0, "target": 11, "value": 0.52840686786007651, "supply": [{"l": "Gas-Diesel oil", "v": 0.48850411970782287}, {"l": "Fuel oil", "v": 0.0371281120162196}, {"l": "Liquefied petroleum gas (LPG)", "v": 0.0027746361360341059}]}, {"source": 19, "prod": 0, "target": 2, "value": 0.85313389178036425, "supply": [{"l": "Gas-Diesel oil", "v": 0.78870931879605088}, {"l": "Fuel oil", "v": 0.059944812653802255}, {"l": "Liquefied petroleum gas (LPG)", "v": 0.0044797603305111334}]}, {"source": 21, "prod": 146.10512480671528, "target": 4, "value": 0.85831454889125114, "supply": [{"l": "Potash", "v": 0.32048611136749999}, {"l": "Phosphate", "v": 0.63377500050701996}, {"l": "Nitrogen", "v": 0.9779069452267698}]}, {"source": 21, "prod": 69.456240335763198, "target": 11, "value": 0.40803018833418003, "supply": [{"l": "Potash", "v": 0.32048611136749999}, {"l": "Phosphate", "v": 0.63377500050701996}, {"l": "Nitrogen", "v": 0.9779069452267698}]}, {"source": 21, "prod": 112.13986083499007, "target": 2, "value": 0.65878095783871016, "supply": [{"l": "Potash", "v": 0.32048611136749999}, {"l": "Phosphate", "v": 0.63377500050701996}, {"l": "Nitrogen", "v": 0.9779069452267698}]}, {"source": 19, "prod": 0, "target": 21, "value": 2.5801822514304935, "supply": [{"l": "Natural gas (including LNG)", "v": 1.676418155820645}, {"l": "Fuel oil", "v": 0.730898324673533}, {"l": "Liquefied petroleum gas (LPG)", "v": 0.086432885468157597}, {"l": "Coal", "v": 0.086432885468157597}]}, {"source": 22, "prod": 0, "target": 2, "value": 0.061582671011712095, "supply": "[{\"l\":'Labor',\"v\":0.061582671011712095}]"}, {"source": 22, "prod": 0, "target": 3, "value": 0.00065831815464415259, "supply": "[{\"l\":'Labor',\"v\":0.00065831815464415259}]"}, {"source": 22, "prod": 0, "target": 4, "value": 0.080235018726629748, "supply": "[{\"l\":'Labor',\"v\":0.080235018726629748}]"}, {"source": 22, "prod": 0, "target": 11, "value": 0.038142554899382411, "supply": "[{\"l\":'Labor',\"v\":0.038142554899382411}]"}, {"source": 19, "prod": 0, "target": 14, "value": 3.6889428429730278, "supply": "[{\"l\":'Fossil Fuels',\"v\":3.6889428429730278}]"}, {"source": 20, "prod": 0, "target": 14, "value": 0.064908174080130818, "supply": "[{\"l\":'Renewables & Nuclear',\"v\":0.064908174080130818},{\"l\":'Biomass & Waste',\"v\":0.0}]"}]}