{"nodes": [{"layer": 13, "name": "Milk - Excluding Butter"}, {"layer": 10, "name": "Feed", "fill": "#dbdb8d"}, {"layer": 5, "name": "Oilcrops", "fill": "#ff9896"}, {"layer": 5, "name": "Vegetables"}, {"layer": 13, "name": "Animal Fats"}, {"layer": 5, "name": "Starchy Roots"}, {"layer": 13, "name": "Fish, Seafood"}, {"layer": 5, "name": "Cereals - Excluding Beer"}, {"layer": 16, "name": "Food", "fill": "#b5cf6b"}, {"layer": 5, "name": "Treenuts"}, {"layer": 5, "name": "Others"}, {"layer": 13, "name": "Alcoholic Beverages"}, {"layer": 5, "name": "Pulses"}, {"layer": 13, "name": "Sugar & Sweeteners"}, {"layer": 13, "name": "Vegetable Oils", "fill": "#f7b6d2"}, {"layer": 5, "name": "Stimulants"}, {"layer": 13, "name": "Eggs"}, {"layer": 5, "name": "Fruits - Excluding Wine"}, {"layer": 13, "name": "Meat"}, {"layer": 10, "name": "Processing", "fill": "#9edae5"}, {"layer": 5, "name": "Sugar Crops", "fill": "#ffbb78"}, {"layer": 16, "name": "Biofuels & Other", "fill": "#e7ba52"}, {"name": "Seed", "fill": "#dbdb8d"}, {"name": "Waste", "fill": "#c7c7c7"}, {"layer": 0, "name": "Import", "fill": "#aec7e8"}, {"layer": 16, "name": "Export", "fill": "#aec7e8"}, {"layer": 16, "name": "Stock Deposit", "fill": "#c7c7c7"}, {"layer": 0, "name": "Stock Draw", "fill": "#c7c7c7"}, {"layer": 0, "name": "Production", "fill": "#b5cf6b"}], "links": [{"source": 0, "prod": 0.93853563401234363, "target": 1, "value": 1334.0, "supply": [{"l": "Milk - Excluding Butter", "v": 1334.0}]}, {"source": 2, "prod": 0.0053062708231875, "target": 1, "value": 1.0, "supply": [{"l": "Oilcrops, Other", "v": 1.0}]}, {"source": 3, "prod": 0.01793136431951969, "target": 1, "value": 53.0, "supply": [{"l": "Vegetables, Other", "v": 53.0}]}, {"source": 4, "prod": 0.0082960985458972094, "target": 1, "value": 1.0, "supply": [{"l": "Fish, Body Oil", "v": 1.0}]}, {"source": 5, "prod": 0.15748459658743108, "target": 1, "value": 209.0, "supply": [{"l": "Potatoes", "v": 58.0}, {"l": "Sweet potatoes", "v": 3.0}, {"l": "Cassava", "v": 148.0}]}, {"source": 6, "prod": 0.06782845399103439, "target": 1, "value": 62.0, "supply": [{"l": "Pelagic Fish", "v": 31.0}, {"l": "Fish, Seafood", "v": 31.0}]}, {"source": 7, "prod": 4.3563411546916733, "target": 1, "value": 1644.0, "supply": [{"l": "Cereals, Other", "v": 1.0}, {"l": "Wheat", "v": 343.0}, {"l": "Maize", "v": 73.0}, {"l": "Oats", "v": 76.0}, {"l": "Barley", "v": 1151.0}]}, {"source": 0, "prod": 0.65781920374928149, "target": 8, "value": 935.0, "supply": [{"l": "Milk - Excluding Butter", "v": 935.0}]}, {"source": 2, "prod": 0.010309326170764285, "target": 8, "value": 4.0, "supply": [{"l": "Coconuts - Incl Copra", "v": 3.0}, {"l": "Groundnuts", "v": 1.0}]}, {"source": 9, "prod": 0.014842715589335665, "target": 8, "value": 5.0, "supply": [{"l": "Treenuts", "v": 5.0}]}, {"source": 3, "prod": 0.065879924556331085, "target": 8, "value": 200.0, "supply": [{"l": "Vegetables, Other", "v": 150.0}, {"l": "Tomatoes", "v": 32.0}, {"l": "Onions", "v": 18.0}]}, {"source": 10, "prod": 0.015722283920555559, "target": 8, "value": 5.0, "supply": [{"l": "Nuts", "v": 5.0}]}, {"source": 11, "prod": 0.23074271504328908, "target": 8, "value": 296.0, "supply": [{"l": "Beer", "v": 262.0}, {"l": "Beverages, Alcoholic", "v": 21.0}, {"l": "Wine", "v": 11.0}, {"l": "Beverages, Fermented", "v": 2.0}]}, {"source": 4, "prod": 0.54432009836805328, "target": 8, "value": 77.0, "supply": [{"l": "Butter, Ghee", "v": 47.0}, {"l": "Fats, Animals, Raw", "v": 14.0}, {"l": "Cream", "v": 16.0}]}, {"source": 5, "prod": 0.34510978582317436, "target": 8, "value": 458.0, "supply": [{"l": "Potatoes", "v": 458.0}]}, {"source": 12, "prod": 0.031126736981951557, "target": 8, "value": 8.0, "supply": [{"l": "Peas", "v": 5.0}, {"l": "Beans", "v": 3.0}]}, {"source": 6, "prod": 0.087455486371498137, "target": 8, "value": 74.0, "supply": [{"l": "Freshwater Fish", "v": 3.0}, {"l": "Crustaceans", "v": 4.0}, {"l": "Pelagic Fish", "v": 20.0}, {"l": "Fish, Seafood", "v": 37.0}, {"l": "Demersal Fish", "v": 10.0}]}, {"source": 13, "prod": 0.4621330493722744, "target": 8, "value": 157.0, "supply": [{"l": "Sugar", "v": 146.0}, {"l": "Sweeteners, Other", "v": 10.0}, {"l": "Honey", "v": 1.0}]}, {"source": 7, "prod": 1.5064633666442442, "target": 8, "value": 482.0, "supply": [{"l": "Maize", "v": 73.0}, {"l": "Rye", "v": 1.0}, {"l": "Barley", "v": 5.0}, {"l": "Rice", "v": 4.0}, {"l": "Cereals, Other", "v": 2.0}, {"l": "Wheat", "v": 386.0}, {"l": "Oats", "v": 11.0}]}, {"source": 14, "prod": 0.32124729536722091, "target": 8, "value": 32.0, "supply": [{"l": "Maize Germ Oil", "v": 2.0}, {"l": "Soyabean Oil", "v": 13.0}, {"l": "Palm Oil", "v": 1.0}, {"l": "Sunflowerseed Oil", "v": 3.0}, {"l": "Coconut Oil", "v": 5.0}, {"l": "Rape and Mustard Oil", "v": 4.0}, {"l": "Palmkernel Oil", "v": 4.0}]}, {"source": 15, "prod": 0.031180572275789735, "target": 8, "value": 19.0, "supply": [{"l": "Coffee", "v": 4.0}, {"l": "Cocoa Beans", "v": 4.0}, {"l": "Tea", "v": 11.0}]}, {"source": 16, "prod": 0.069253412264278516, "target": 8, "value": 42.0, "supply": [{"l": "Eggs", "v": 42.0}]}, {"source": 17, "prod": 0.11325120666214879, "target": 8, "value": 211.0, "supply": [{"l": "Grapefruit", "v": 5.0}, {"l": "Grapes", "v": 34.0}, {"l": "Apples", "v": 58.0}, {"l": "Lemons, Limes", "v": 3.0}, {"l": "Pineapples", "v": 2.0}, {"l": "Bananas", "v": 19.0}, {"l": "Fruits, Other", "v": 41.0}, {"l": "Oranges, Mandarines", "v": 49.0}]}, {"source": 18, "prod": 0.64417702732444715, "target": 8, "value": 337.0, "supply": [{"l": "Mutton & Goat Meat", "v": 25.0}, {"l": "Pigmeat", "v": 118.0}, {"l": "Poultry Meat", "v": 59.0}, {"l": "Meat, Other", "v": 1.0}, {"l": "Offals, Edible", "v": 38.0}, {"l": "Bovine Meat", "v": 96.0}]}, {"source": 18, "prod": 0.0016980066634200001, "target": 19, "value": 1.0, "supply": [{"l": "Meat, Other", "v": 1.0}]}, {"source": 20, "prod": 1.8955844408200002, "target": 19, "value": 1631.0, "supply": [{"l": "Sugar beet", "v": 1631.0}]}, {"source": 5, "prod": 0.0060281185296624344, "target": 19, "value": 8.0, "supply": [{"l": "Potatoes", "v": 8.0}]}, {"source": 7, "prod": 0.2898766854190602, "target": 19, "value": 111.0, "supply": [{"l": "Maize", "v": 12.0}, {"l": "Wheat", "v": 9.0}, {"l": "Barley", "v": 90.0}]}, {"source": 14, "prod": 0.0084900333171, "target": 19, "value": 1.0, "supply": [{"l": "Oilcrops Oil, Other", "v": 1.0}]}, {"source": 2, "prod": 0.025155794637891304, "target": 19, "value": 7.0, "supply": [{"l": "Soyabeans", "v": 6.0}, {"l": "Rape and Mustardseed", "v": 1.0}]}, {"source": 0, "prod": 0.12663899109611834, "target": 21, "value": 180.0, "supply": [{"l": "Milk - Excluding Butter", "v": 180.0}]}, {"source": 4, "prod": 0.30695564619819676, "target": 21, "value": 37.0, "supply": [{"l": "Fats, Animals, Raw", "v": 37.0}]}, {"source": 5, "prod": 0.010549207426909259, "target": 21, "value": 14.0, "supply": [{"l": "Potatoes", "v": 13.0}, {"l": "Cassava", "v": 1.0}]}, {"source": 13, "prod": 0.13246311106059305, "target": 21, "value": 45.0, "supply": [{"l": "Sweeteners, Other", "v": 28.0}, {"l": "Sugar", "v": 17.0}]}, {"source": 11, "prod": 0.005828075743235228, "target": 21, "value": 4.0, "supply": [{"l": "Alcohol, Non-Food", "v": 3.0}, {"l": "Beverages, Alcoholic", "v": 1.0}]}, {"source": 7, "prod": 0.06720691171939952, "target": 21, "value": 21.0, "supply": [{"l": "Maize", "v": 8.0}, {"l": "Wheat", "v": 13.0}]}, {"source": 14, "prod": 0.14875737694309088, "target": 21, "value": 17.0, "supply": [{"l": "Soyabean Oil", "v": 1.0}, {"l": "Coconut Oil", "v": 6.0}, {"l": "Palm Oil", "v": 3.0}, {"l": "Oilcrops Oil, Other", "v": 7.0}]}, {"source": 5, "prod": 0.082886629782858462, "target": 22, "value": 110.0, "supply": [{"l": "Potatoes", "v": 110.0}]}, {"source": 7, "prod": 0.1767414516366424, "target": 22, "value": 67.0, "supply": [{"l": "Wheat", "v": 16.0}, {"l": "Barley", "v": 46.0}, {"l": "Oats", "v": 5.0}]}, {"source": 16, "prod": 0.0032977815363942151, "target": 16, "value": 2.0, "supply": [{"l": "Eggs", "v": 2.0}]}, {"source": 0, "prod": 0.044323646883641425, "target": 23, "value": 63.0, "supply": [{"l": "Milk - Excluding Butter", "v": 63.0}]}, {"source": 16, "prod": 0.0082444538409855387, "target": 23, "value": 5.0, "supply": [{"l": "Eggs", "v": 5.0}]}, {"source": 5, "prod": 0.09795692610701455, "target": 23, "value": 130.0, "supply": [{"l": "Potatoes", "v": 130.0}]}, {"source": 17, "prod": 0.004625991344514916, "target": 23, "value": 8.0, "supply": [{"l": "Bananas", "v": 2.0}, {"l": "Fruits, Other", "v": 1.0}, {"l": "Grapes", "v": 1.0}, {"l": "Oranges, Mandarines", "v": 1.0}, {"l": "Apples", "v": 3.0}]}, {"source": 7, "prod": 0.21736762973452969, "target": 23, "value": 83.0, "supply": [{"l": "Wheat", "v": 18.0}, {"l": "Oats", "v": 5.0}, {"l": "Barley", "v": 60.0}]}, {"source": 3, "prod": 0.0076407999516513595, "target": 23, "value": 23.0, "supply": [{"l": "Vegetables, Other", "v": 18.0}, {"l": "Onions", "v": 2.0}, {"l": "Tomatoes", "v": 3.0}]}, {"source": 24, "prod": 0.028300111057000005, "target": 10, "value": 9.0, "supply": [{"l": "Nuts", "v": 5.0}, {"l": "Infant food", "v": 4.0}]}, {"source": 24, "prod": 0.32026671179425736, "target": 1, "value": 295.0, "supply": [{"l": "Freshwater Fish", "v": 2.0}, {"l": "Meat, Other", "v": 2.0}, {"l": "Crustaceans", "v": 1.0}, {"l": "Eggs", "v": 13.0}, {"l": "Pigmeat", "v": 11.0}, {"l": "Poultry Meat", "v": 8.0}, {"l": "Milk - Excluding Butter", "v": 113.0}, {"l": "Pelagic Fish", "v": 56.0}, {"l": "Fish, Seafood", "v": 67.0}, {"l": "Offals, Edible", "v": 1.0}, {"l": "Demersal Fish", "v": 8.0}, {"l": "Bovine Meat", "v": 13.0}]}, {"source": 24, "prod": 1.8613184925289501, "target": 7, "value": 600.0, "supply": [{"l": "Maize", "v": 169.0}, {"l": "Barley", "v": 71.0}, {"l": "Rice", "v": 4.0}, {"l": "Cereals, Other", "v": 3.0}, {"l": "Wheat", "v": 352.0}, {"l": "Oats", "v": 1.0}]}, {"source": 24, "prod": 0.031126736981951557, "target": 12, "value": 8.0, "supply": [{"l": "Peas", "v": 5.0}, {"l": "Beans", "v": 3.0}]}, {"source": 24, "prod": 0.91086171841400776, "target": 19, "value": 163.0, "supply": [{"l": "Alcohol, Non-Food", "v": 3.0}, {"l": "Sugar", "v": 20.0}, {"l": "Maize Germ Oil", "v": 2.0}, {"l": "Beer", "v": 9.0}, {"l": "Beverages, Alcoholic", "v": 7.0}, {"l": "Fats, Animals, Raw", "v": 18.0}, {"l": "Soyabean Oil", "v": 12.0}, {"l": "Butter, Ghee", "v": 3.0}, {"l": "Palm Oil", "v": 5.0}, {"l": "Sunflowerseed Oil", "v": 3.0}, {"l": "Coconut Oil", "v": 14.0}, {"l": "Rape and Mustard Oil", "v": 7.0}, {"l": "Oilcrops Oil, Other", "v": 9.0}, {"l": "Wine", "v": 11.0}, {"l": "Sweeteners, Other", "v": 32.0}, {"l": "Beverages, Fermented", "v": 2.0}, {"l": "Fish, Body Oil", "v": 1.0}, {"l": "Honey", "v": 1.0}, {"l": "Palmkernel Oil", "v": 4.0}]}, {"source": 24, "prod": 0.014842715589335665, "target": 9, "value": 5.0, "supply": [{"l": "Treenuts", "v": 5.0}]}, {"source": 24, "prod": 0.033348126327420784, "target": 3, "value": 100.0, "supply": [{"l": "Vegetables, Other", "v": 68.0}, {"l": "Tomatoes", "v": 17.0}, {"l": "Onions", "v": 15.0}]}, {"source": 24, "prod": 0.056130555584998007, "target": 15, "value": 25.0, "supply": [{"l": "Coffee", "v": 5.0}, {"l": "Cocoa Beans", "v": 8.0}, {"l": "Tea", "v": 12.0}]}, {"source": 24, "prod": 0.11881319170333569, "target": 17, "value": 217.0, "supply": [{"l": "Grapefruit", "v": 5.0}, {"l": "Grapes", "v": 36.0}, {"l": "Apples", "v": 51.0}, {"l": "Lemons, Limes", "v": 3.0}, {"l": "Pineapples", "v": 2.0}, {"l": "Bananas", "v": 31.0}, {"l": "Fruits, Other", "v": 36.0}, {"l": "Oranges, Mandarines", "v": 53.0}]}, {"source": 24, "prod": 0.0011622222200000001, "target": 20, "value": 1.0, "supply": [{"l": "Sugar beet", "v": 1.0}]}, {"source": 24, "prod": 0.039609169411843087, "target": 2, "value": 11.0, "supply": [{"l": "Coconuts - Incl Copra", "v": 3.0}, {"l": "Groundnuts", "v": 1.0}, {"l": "Oilcrops, Other", "v": 1.0}, {"l": "Soyabeans", "v": 6.0}]}, {"source": 24, "prod": 0.18762518923574323, "target": 5, "value": 249.0, "supply": [{"l": "Potatoes", "v": 91.0}, {"l": "Sweet potatoes", "v": 5.0}, {"l": "Cassava", "v": 153.0}]}, {"source": 0, "prod": 1.7004802304406559, "target": 25, "value": 2417.0, "supply": [{"l": "Milk - Excluding Butter", "v": 2417.0}]}, {"source": 18, "prod": 0.81110211185690684, "target": 25, "value": 369.0, "supply": [{"l": "Meat, Other", "v": 3.0}, {"l": "Pigmeat", "v": 54.0}, {"l": "Mutton & Goat Meat", "v": 15.0}, {"l": "Poultry Meat", "v": 7.0}, {"l": "Offals, Edible", "v": 20.0}, {"l": "Bovine Meat", "v": 270.0}]}, {"source": 12, "prod": 0.0039098837644539475, "target": 25, "value": 1.0, "supply": [{"l": "Peas", "v": 1.0}]}, {"source": 3, "prod": 0.0072356151876080766, "target": 25, "value": 22.0, "supply": [{"l": "Vegetables, Other", "v": 20.0}, {"l": "Tomatoes", "v": 2.0}]}, {"source": 10, "prod": 0.003144456784111111, "target": 25, "value": 1.0, "supply": [{"l": "Infant food", "v": 1.0}]}, {"source": 4, "prod": 0.95507489467251616, "target": 25, "value": 117.0, "supply": [{"l": "Fats, Animals, Raw", "v": 30.0}, {"l": "Butter, Ghee", "v": 82.0}, {"l": "Fish, Body Oil", "v": 2.0}, {"l": "Cream", "v": 3.0}]}, {"source": 5, "prod": 0.0173308407727795, "target": 25, "value": 23.0, "supply": [{"l": "Potatoes", "v": 19.0}, {"l": "Cassava", "v": 4.0}]}, {"source": 6, "prod": 0.47115624099049797, "target": 25, "value": 408.0, "supply": [{"l": "Crustaceans", "v": 5.0}, {"l": "Demersal Fish", "v": 41.0}, {"l": "Freshwater Fish", "v": 2.0}, {"l": "Fish, Seafood", "v": 204.0}, {"l": "Pelagic Fish", "v": 148.0}, {"l": "Molluscs, Other", "v": 8.0}]}, {"source": 13, "prod": 0.21488460238718435, "target": 25, "value": 73.0, "supply": [{"l": "Sugar", "v": 63.0}, {"l": "Sweeteners, Other", "v": 10.0}]}, {"source": 11, "prod": 0.18507764557857495, "target": 25, "value": 201.0, "supply": [{"l": "Beer", "v": 176.0}, {"l": "Beverages, Alcoholic", "v": 25.0}]}, {"source": 7, "prod": 0.59401447273632957, "target": 25, "value": 228.0, "supply": [{"l": "Maize", "v": 3.0}, {"l": "Barley", "v": 176.0}, {"l": "Wheat", "v": 47.0}, {"l": "Oats", "v": 2.0}]}, {"source": 14, "prod": 0.072424824647039782, "target": 25, "value": 8.0, "supply": [{"l": "Soyabean Oil", "v": 1.0}, {"l": "Palm Oil", "v": 1.0}, {"l": "Coconut Oil", "v": 2.0}, {"l": "Rape and Mustard Oil", "v": 3.0}, {"l": "Oilcrops Oil, Other", "v": 1.0}]}, {"source": 15, "prod": 0.024949983309208279, "target": 25, "value": 6.0, "supply": [{"l": "Coffee", "v": 1.0}, {"l": "Cocoa Beans", "v": 4.0}, {"l": "Tea", "v": 1.0}]}, {"source": 17, "prod": 0.011279598134960494, "target": 25, "value": 19.0, "supply": [{"l": "Fruits, Other", "v": 4.0}, {"l": "Grapes", "v": 1.0}, {"l": "Apples", "v": 1.0}, {"l": "Bananas", "v": 10.0}, {"l": "Oranges, Mandarines", "v": 3.0}]}, {"source": 2, "prod": 0.011117381923187501, "target": 25, "value": 6.0, "supply": [{"l": "Oilcrops, Other", "v": 1.0}, {"l": "Rape and Mustardseed", "v": 5.0}]}, {"source": 11, "prod": 0.12275753091282297, "target": 26, "value": 36.0, "supply": [{"l": "Beverages, Alcoholic", "v": 36.0}]}, {"source": 27, "prod": 0.012936986086375, "target": 2, "value": 4.0, "supply": [{"l": "Rape and Mustardseed", "v": 2.0}, {"l": "Oilcrops, Other", "v": 2.0}]}, {"source": 18, "prod": 0.0016980066634200001, "target": 26, "value": 1.0, "supply": [{"l": "Meat, Other", "v": 1.0}]}, {"source": 27, "prod": 0.033908166729351187, "target": 5, "value": 45.0, "supply": [{"l": "Potatoes", "v": 45.0}]}, {"source": 0, "prod": 0.48052461621471571, "target": 26, "value": 683.0, "supply": [{"l": "Milk - Excluding Butter", "v": 683.0}]}, {"source": 7, "prod": 0.1160304553337, "target": 26, "value": 47.0, "supply": [{"l": "Oats", "v": 1.0}, {"l": "Barley", "v": 46.0}]}, {"source": 17, "prod": 0.00093534265357881339, "target": 26, "value": 2.0, "supply": [{"l": "Fruits, Other", "v": 2.0}]}, {"source": 13, "prod": 0.026492622212118615, "target": 26, "value": 9.0, "supply": [{"l": "Sugar", "v": 9.0}]}, {"source": 4, "prod": 0.34125441409815926, "target": 26, "value": 41.0, "supply": [{"l": "Fats, Animals, Raw", "v": 3.0}, {"l": "Butter, Ghee", "v": 38.0}]}, {"source": 27, "prod": 0.040705418847213501, "target": 19, "value": 37.0, "supply": [{"l": "Soyabean Oil", "v": 2.0}, {"l": "Beer", "v": 34.0}, {"l": "Wine", "v": 1.0}]}, {"source": 5, "prod": 0.0015070296324156086, "target": 26, "value": 2.0, "supply": [{"l": "Sweet potatoes", "v": 2.0}]}, {"source": 27, "prod": 0.28708490780332752, "target": 7, "value": 93.0, "supply": [{"l": "Wheat", "v": 93.0}]}, {"source": 28, "prod": 0.064577595701878529, "target": 3, "value": 196.0, "supply": [{"l": "Tomatoes", "v": 20.0}, {"l": "Vegetables, Other", "v": 172.0}, {"l": "Onions", "v": 4.0}]}, {"source": 28, "prod": 1.8944222186000002, "target": 20, "value": 1630.0, "supply": [{"l": "Sugar beet", "v": 1630.0}]}, {"source": 28, "prod": 0.49807329351335861, "target": 5, "value": 661.0, "supply": [{"l": "Potatoes", "v": 661.0}]}, {"source": 28, "prod": 0.0039098837644539475, "target": 12, "value": 1.0, "supply": [{"l": "Peas", "v": 1.0}]}, {"source": 28, "prod": 5.1784687386890003, "target": 7, "value": 1991.0, "supply": [{"l": "Oats", "v": 100.0}, {"l": "Rye", "v": 1.0}, {"l": "Barley", "v": 1503.0}, {"l": "Wheat", "v": 387.0}]}, {"source": 28, "prod": 0.011231446494075394, "target": 17, "value": 23.0, "supply": [{"l": "Fruits, Other", "v": 13.0}, {"l": "Apples", "v": 10.0}]}, {"source": 28, "prod": 0.0046488888800000003, "target": 2, "value": 4.0, "supply": [{"l": "Rape and Mustardseed", "v": 4.0}]}, {"source": 1, "prod": 3.9483223223967565, "target": 0, "value": 5612.0, "supply": [{"l": "Milk - Excluding Butter", "v": 5612.0}]}, {"source": 1, "prod": 0.07749786610526406, "target": 16, "value": 47.0, "supply": [{"l": "Eggs", "v": 49.0}]}, {"source": 1, "prod": 1.458675152508194, "target": 18, "value": 708.0, "supply": [{"l": "Pigmeat", "v": 172.0}, {"l": "Bovine Meat", "v": 366.0}, {"l": "Poultry Meat", "v": 66.0}, {"l": "Offals, Edible", "v": 58.0}, {"l": "Meat, Other", "v": 6.0}, {"l": "Mutton & Goat Meat", "v": 40.0}]}, {"source": 1, "prod": 0.62644018135303048, "target": 6, "value": 544.0, "supply": [{"l": "Pelagic Fish", "v": 199.0}, {"l": "Crustaceans", "v": 9.0}, {"l": "Freshwater Fish", "v": 5.0}, {"l": "Molluscs, Other", "v": 8.0}, {"l": "Demersal Fish", "v": 51.0}, {"l": "Fish, Seafood", "v": 272.0}]}, {"source": 19, "prod": 0.83597338503217034, "target": 13, "value": 284.0, "supply": [{"l": "Honey", "v": 1.0}, {"l": "Sweeteners, Other", "v": 48.0}, {"l": "Sugar", "v": 235.0}]}, {"source": 19, "prod": 0.55091953027445162, "target": 14, "value": 58.0, "supply": [{"l": "Soyabean Oil", "v": 15.0}, {"l": "Coconut Oil", "v": 13.0}, {"l": "Rape and Mustard Oil", "v": 7.0}, {"l": "Maize Germ Oil", "v": 2.0}, {"l": "Palm Oil", "v": 5.0}, {"l": "Palmkernel Oil", "v": 4.0}, {"l": "Oilcrops Oil, Other", "v": 9.0}, {"l": "Sunflowerseed Oil", "v": 3.0}]}, {"source": 19, "prod": 0.54440596727792223, "target": 11, "value": 537.0, "supply": [{"l": "Beer", "v": 438.0}, {"l": "Beverages, Alcoholic", "v": 83.0}, {"l": "Alcohol, Non-Food", "v": 3.0}, {"l": "Beverages, Fermented", "v": 2.0}, {"l": "Wine", "v": 11.0}]}, {"source": 19, "prod": 2.1559011518828228, "target": 4, "value": 273.0, "supply": [{"l": "Fats, Animals, Raw", "v": 84.0}, {"l": "Fish, Body Oil", "v": 3.0}, {"l": "Butter, Ghee", "v": 167.0}, {"l": "Cream", "v": 19.0}]}]}