{"nodes": [{"layer": 5, "name": "Maize"}, {"layer": 10, "name": "Feed", "fill": "#dbdb8d"}, {"layer": 13, "name": "Pelagic Fish"}, {"layer": 5, "name": "Wheat"}, {"layer": 5, "name": "Oats"}, {"layer": 5, "name": "Potatoes"}, {"layer": 5, "name": "Vegetables, Other"}, {"layer": 13, "name": "Milk - Excluding Butter"}, {"layer": 5, "name": "Barley"}, {"layer": 13, "name": "Fish, Seafood"}, {"layer": 5, "name": "Oilcrops, Other"}, {"layer": 5, "name": "Sorghum"}, {"layer": 5, "name": "Cereals, Other"}, {"layer": 5, "name": "Cassava"}, {"layer": 16, "name": "Food", "fill": "#b5cf6b"}, {"layer": 5, "name": "Rye"}, {"layer": 5, "name": "Nuts"}, {"layer": 13, "name": "Sugar", "fill": "#d6616b"}, {"layer": 5, "name": "Citrus, Other"}, {"layer": 13, "name": "Beer"}, {"layer": 13, "name": "Groundnut Oil"}, {"layer": 13, "name": "Beverages, Alcoholic"}, {"layer": 5, "name": "Cocoa Beans"}, {"layer": 13, "name": "Honey"}, {"layer": 5, "name": "Rice"}, {"layer": 13, "name": "Butter, Ghee"}, {"layer": 5, "name": "Tomatoes"}, {"layer": 13, "name": "Fats, Animals, Raw"}, {"layer": 5, "name": "Coffee"}, {"layer": 13, "name": "Soyabean Oil"}, {"layer": 5, "name": "Coconuts - Incl Copra"}, {"layer": 5, "name": "Treenuts"}, {"layer": 13, "name": "Crustaceans"}, {"layer": 13, "name": "Eggs"}, {"layer": 5, "name": "Peas"}, {"layer": 13, "name": "Coconut Oil"}, {"layer": 5, "name": "Grapes"}, {"layer": 13, "name": "Palm Oil"}, {"layer": 13, "name": "Wine"}, {"layer": 13, "name": "Sunflowerseed Oil"}, {"layer": 13, "name": "Pigmeat"}, {"layer": 13, "name": "Freshwater Fish"}, {"layer": 13, "name": "Rape and Mustard Oil"}, {"layer": 5, "name": "Pineapples"}, {"layer": 5, "name": "Beans"}, {"layer": 5, "name": "Apples"}, {"layer": 13, "name": "Meat, Other"}, {"layer": 5, "name": "Lemons, Limes"}, {"layer": 13, "name": "Mutton & Goat Meat"}, {"layer": 13, "name": "Sweeteners, Other"}, {"layer": 5, "name": "Bananas"}, {"layer": 13, "name": "Beverages, Fermented"}, {"layer": 13, "name": "Maize Germ Oil"}, {"layer": 5, "name": "Tea"}, {"layer": 5, "name": "Fruits, Other"}, {"layer": 13, "name": "Molluscs, Other"}, {"layer": 13, "name": "Poultry Meat"}, {"layer": 13, "name": "Offals, Edible"}, {"layer": 5, "name": "Grapefruit"}, {"layer": 13, "name": "Demersal Fish"}, {"layer": 5, "name": "Oranges, Mandarines"}, {"layer": 13, "name": "Bovine Meat"}, {"layer": 5, "name": "Pulses, Other"}, {"layer": 13, "name": "Palmkernel Oil"}, {"layer": 5, "name": "Onions"}, {"layer": 13, "name": "Cream"}, {"layer": 10, "name": "Processing", "fill": "#9edae5"}, {"layer": 5, "name": "Rape and Mustardseed"}, {"layer": 5, "name": "Sugar beet"}, {"layer": 13, "name": "Oilcrops Oil, Other"}, {"layer": 16, "name": "Biofuels & Other", "fill": "#e7ba52"}, {"layer": 13, "name": "Alcohol, Non-Food"}, {"layer": 13, "name": "Cottonseed Oil"}, {"name": "Seed", "fill": "#dbdb8d"}, {"name": "Waste", "fill": "#c7c7c7"}, {"layer": 0, "name": "Import", "fill": "#aec7e8"}, {"layer": 5, "name": "Infant food"}, {"layer": 5, "name": "Roots, Other"}, {"layer": 16, "name": "Export", "fill": "#aec7e8"}, {"layer": 13, "name": "Fish, Body Oil"}, {"layer": 16, "name": "Stock Deposit", "fill": "#c7c7c7"}, {"layer": 0, "name": "Stock Draw", "fill": "#c7c7c7"}, {"layer": 0, "name": "Production", "fill": "#b5cf6b"}], "links": [{"source": 0, "prod": 0.52638206566020007, "target": 1, "value": 155.0, "supply": [{"l": "Maize", "v": 155.0}]}, {"source": 2, "prod": 0.11896214348511379, "target": 1, "value": 117.0, "supply": [{"l": "Pelagic Fish", "v": 117.0}]}, {"source": 3, "prod": 0.057812777767185547, "target": 1, "value": 19.0, "supply": [{"l": "Wheat", "v": 19.0}]}, {"source": 4, "prod": 0.30018332085460719, "target": 1, "value": 108.0, "supply": [{"l": "Oats", "v": 108.0}]}, {"source": 5, "prod": 0.0834426613783191, "target": 1, "value": 107.0, "supply": [{"l": "Potatoes", "v": 107.0}]}, {"source": 6, "prod": 0.0075888189112803921, "target": 1, "value": 25.0, "supply": [{"l": "Vegetables, Other", "v": 25.0}]}, {"source": 7, "prod": 0.27413488194938285, "target": 1, "value": 384.0, "supply": [{"l": "Milk - Excluding Butter", "v": 384.0}]}, {"source": 8, "prod": 1.8119518474126581, "target": 1, "value": 811.0, "supply": [{"l": "Barley", "v": 811.0}]}, {"source": 9, "prod": 0.10136060184701019, "target": 1, "value": 117.0, "supply": [{"l": "Fish, Seafood", "v": 117.0}]}, {"source": 10, "prod": 0.0060643095122142861, "target": 1, "value": 1.0, "supply": [{"l": "Oilcrops, Other", "v": 1.0}]}, {"source": 11, "prod": 0.077825305406750006, "target": 1, "value": 28.0, "supply": [{"l": "Sorghum", "v": 28.0}]}, {"source": 12, "prod": 0.0024028396180471702, "target": 1, "value": 1.0, "supply": [{"l": "Cereals, Other", "v": 1.0}]}, {"source": 13, "prod": 0.19573932715848685, "target": 1, "value": 251.0, "supply": [{"l": "Cassava", "v": 251.0}]}, {"source": 0, "prod": 0.10188039980520001, "target": 14, "value": 30.0, "supply": [{"l": "Maize", "v": 30.0}]}, {"source": 15, "prod": 0.002572737368818182, "target": 14, "value": 1.0, "supply": [{"l": "Rye", "v": 1.0}]}, {"source": 16, "prod": 0.012225647976624001, "target": 14, "value": 4.0, "supply": [{"l": "Nuts", "v": 4.0}]}, {"source": 17, "prod": 0.62752420169869572, "target": 14, "value": 170.0, "supply": [{"l": "Sugar", "v": 170.0}]}, {"source": 18, "prod": 0.0011622222200000001, "target": 14, "value": 1.0, "supply": [{"l": "Citrus, Other", "v": 1.0}]}, {"source": 19, "prod": 0.15442625495812917, "target": 14, "value": 270.0, "supply": [{"l": "Beer", "v": 270.0}]}, {"source": 20, "prod": 0.009988274490705884, "target": 14, "value": 1.0, "supply": [{"l": "Groundnut Oil", "v": 1.0}]}, {"source": 21, "prod": 0.089450547105654921, "target": 14, "value": 26.0, "supply": [{"l": "Beverages, Alcoholic", "v": 26.0}]}, {"source": 8, "prod": 0.0089368771758947373, "target": 14, "value": 4.0, "supply": [{"l": "Barley", "v": 4.0}]}, {"source": 22, "prod": 0.018395072187049999, "target": 14, "value": 3.0, "supply": [{"l": "Cocoa Beans", "v": 3.0}]}, {"source": 23, "prod": 0.0036913188335217393, "target": 14, "value": 1.0, "supply": [{"l": "Honey", "v": 1.0}]}, {"source": 24, "prod": 0.012735049975650002, "target": 14, "value": 3.0, "supply": [{"l": "Rice", "v": 3.0}]}, {"source": 25, "prod": 0.34243134378970003, "target": 14, "value": 41.0, "supply": [{"l": "Butter, Ghee", "v": 41.0}]}, {"source": 26, "prod": 0.0057075854232605042, "target": 14, "value": 28.0, "supply": [{"l": "Tomatoes", "v": 28.0}]}, {"source": 27, "prod": 0.07931865036737025, "target": 14, "value": 10.0, "supply": [{"l": "Fats, Animals, Raw", "v": 10.0}]}, {"source": 28, "prod": 0.0016120316424873421, "target": 14, "value": 3.0, "supply": [{"l": "Coffee", "v": 3.0}]}, {"source": 3, "prod": 1.0710577775815429, "target": 14, "value": 352.0, "supply": [{"l": "Wheat", "v": 352.0}]}, {"source": 29, "prod": 0.051126113040930656, "target": 14, "value": 5.0, "supply": [{"l": "Soyabean Oil", "v": 5.0}]}, {"source": 30, "prod": 0.0041983681238406591, "target": 14, "value": 3.0, "supply": [{"l": "Coconuts - Incl Copra", "v": 3.0}]}, {"source": 31, "prod": 0.012735049975650002, "target": 14, "value": 4.0, "supply": [{"l": "Treenuts", "v": 4.0}]}, {"source": 32, "prod": 0.0027038322665923569, "target": 14, "value": 5.0, "supply": [{"l": "Crustaceans", "v": 5.0}]}, {"source": 33, "prod": 0.052192105126928352, "target": 14, "value": 32.0, "supply": [{"l": "Eggs", "v": 32.0}]}, {"source": 6, "prod": 0.063746078854755292, "target": 14, "value": 210.0, "supply": [{"l": "Vegetables, Other", "v": 210.0}]}, {"source": 34, "prod": 0.020150395531091773, "target": 14, "value": 5.0, "supply": [{"l": "Peas", "v": 5.0}]}, {"source": 35, "prod": 0.115679910151423, "target": 14, "value": 11.0, "supply": [{"l": "Coconut Oil", "v": 11.0}]}, {"source": 36, "prod": 0.030894733715344992, "target": 14, "value": 35.0, "supply": [{"l": "Grapes", "v": 35.0}]}, {"source": 37, "prod": 0.064331695753283513, "target": 14, "value": 6.0, "supply": [{"l": "Palm Oil", "v": 6.0}]}, {"source": 38, "prod": 0.0086047634970608123, "target": 14, "value": 10.0, "supply": [{"l": "Wine", "v": 10.0}]}, {"source": 39, "prod": 0.019898515586953127, "target": 14, "value": 2.0, "supply": [{"l": "Sunflowerseed Oil", "v": 2.0}]}, {"source": 4, "prod": 0.03057422712408036, "target": 14, "value": 11.0, "supply": [{"l": "Oats", "v": 11.0}]}, {"source": 40, "prod": 0.17865530231688959, "target": 14, "value": 98.0, "supply": [{"l": "Pigmeat", "v": 98.0}]}, {"source": 12, "prod": 0.0048056792360943405, "target": 14, "value": 2.0, "supply": [{"l": "Cereals, Other", "v": 2.0}]}, {"source": 5, "prod": 0.33533032142688979, "target": 14, "value": 430.0, "supply": [{"l": "Potatoes", "v": 430.0}]}, {"source": 41, "prod": 0.0018063900674680853, "target": 14, "value": 2.0, "supply": [{"l": "Freshwater Fish", "v": 2.0}]}, {"source": 42, "prod": 0.011428891003788461, "target": 14, "value": 1.0, "supply": [{"l": "Rape and Mustard Oil", "v": 1.0}]}, {"source": 7, "prod": 0.85881318485705094, "target": 14, "value": 1203.0, "supply": [{"l": "Milk - Excluding Butter", "v": 1203.0}]}, {"source": 43, "prod": 0.00098721317640697672, "target": 14, "value": 1.0, "supply": [{"l": "Pineapples", "v": 1.0}]}, {"source": 44, "prod": 0.011695454059270409, "target": 14, "value": 3.0, "supply": [{"l": "Beans", "v": 3.0}]}, {"source": 45, "prod": 0.021260517488564275, "target": 14, "value": 40.0, "supply": [{"l": "Apples", "v": 40.0}]}, {"source": 9, "prod": 0.0424501665855, "target": 14, "value": 49.0, "supply": [{"l": "Fish, Seafood", "v": 49.0}]}, {"source": 46, "prod": 0.0028300111056999999, "target": 14, "value": 1.0, "supply": [{"l": "Meat, Other", "v": 1.0}]}, {"source": 47, "prod": 0.0023244444400000001, "target": 14, "value": 2.0, "supply": [{"l": "Lemons, Limes", "v": 2.0}]}, {"source": 48, "prod": 0.071298729407170539, "target": 14, "value": 26.0, "supply": [{"l": "Mutton & Goat Meat", "v": 26.0}]}, {"source": 49, "prod": 0.042858341264206734, "target": 14, "value": 14.0, "supply": [{"l": "Sweeteners, Other", "v": 14.0}]}, {"source": 2, "prod": 0.033553425085544909, "target": 14, "value": 33.0, "supply": [{"l": "Pelagic Fish", "v": 33.0}]}, {"source": 50, "prod": 0.015297953948908738, "target": 14, "value": 21.0, "supply": [{"l": "Bananas", "v": 21.0}]}, {"source": 51, "prod": 0.0006064309512214287, "target": 14, "value": 1.0, "supply": [{"l": "Beverages, Fermented", "v": 1.0}]}, {"source": 52, "prod": 0.010612541646375, "target": 14, "value": 1.0, "supply": [{"l": "Maize Germ Oil", "v": 1.0}]}, {"source": 53, "prod": 0.0043613184848116443, "target": 14, "value": 10.0, "supply": [{"l": "Tea", "v": 10.0}]}, {"source": 54, "prod": 0.017024868920833772, "target": 14, "value": 38.0, "supply": [{"l": "Fruits, Other", "v": 38.0}]}, {"source": 55, "prod": 0.0011622222200000001, "target": 14, "value": 1.0, "supply": [{"l": "Molluscs, Other", "v": 1.0}]}, {"source": 56, "prod": 0.068223482012410727, "target": 14, "value": 45.0, "supply": [{"l": "Poultry Meat", "v": 45.0}]}, {"source": 57, "prod": 0.052272233655996037, "target": 14, "value": 42.0, "supply": [{"l": "Offals, Edible", "v": 42.0}]}, {"source": 58, "prod": 0.001326567705796875, "target": 14, "value": 4.0, "supply": [{"l": "Grapefruit", "v": 4.0}]}, {"source": 59, "prod": 0.0039953097962823533, "target": 14, "value": 8.0, "supply": [{"l": "Demersal Fish", "v": 8.0}]}, {"source": 60, "prod": 0.011259509425886634, "target": 14, "value": 31.0, "supply": [{"l": "Oranges, Mandarines", "v": 31.0}]}, {"source": 61, "prod": 0.20202888600107774, "target": 14, "value": 85.0, "supply": [{"l": "Bovine Meat", "v": 85.0}]}, {"source": 62, "prod": 0.0047166851761666672, "target": 14, "value": 1.0, "supply": [{"l": "Pulses, Other", "v": 1.0}]}, {"source": 63, "prod": 0.01035369916719512, "target": 14, "value": 1.0, "supply": [{"l": "Palmkernel Oil", "v": 1.0}]}, {"source": 64, "prod": 0.0086015346927467169, "target": 14, "value": 18.0, "supply": [{"l": "Onions", "v": 18.0}]}, {"source": 65, "prod": 0.011551065737551023, "target": 14, "value": 5.0, "supply": [{"l": "Cream", "v": 5.0}]}, {"source": 0, "prod": 0.050940199902600007, "target": 66, "value": 15.0, "supply": [{"l": "Maize", "v": 15.0}]}, {"source": 30, "prod": 0.090964642683214289, "target": 66, "value": 65.0, "supply": [{"l": "Coconuts - Incl Copra", "v": 65.0}]}, {"source": 5, "prod": 0.063946712458151089, "target": 66, "value": 82.0, "supply": [{"l": "Potatoes", "v": 82.0}]}, {"source": 67, "prod": 0.0011622222200000001, "target": 66, "value": 1.0, "supply": [{"l": "Rape and Mustardseed", "v": 1.0}]}, {"source": 8, "prod": 0.23235880657326316, "target": 66, "value": 104.0, "supply": [{"l": "Barley", "v": 104.0}]}, {"source": 68, "prod": 1.6921955523200001, "target": 66, "value": 1456.0, "supply": [{"l": "Sugar beet", "v": 1456.0}]}, {"source": 69, "prod": 0.020376079961040003, "target": 66, "value": 2.0, "supply": [{"l": "Oilcrops Oil, Other", "v": 2.0}]}, {"source": 46, "prod": 0.0028300111056999999, "target": 66, "value": 1.0, "supply": [{"l": "Meat, Other", "v": 1.0}]}, {"source": 0, "prod": 0.0169800666342, "target": 70, "value": 5.0, "supply": [{"l": "Maize", "v": 5.0}]}, {"source": 49, "prod": 0.067348821986610588, "target": 70, "value": 22.0, "supply": [{"l": "Sweeteners, Other", "v": 22.0}]}, {"source": 3, "prod": 0.0091283333316608747, "target": 70, "value": 3.0, "supply": [{"l": "Wheat", "v": 3.0}]}, {"source": 71, "prod": 0.0025814290491182434, "target": 70, "value": 3.0, "supply": [{"l": "Alcohol, Non-Food", "v": 3.0}]}, {"source": 29, "prod": 0.04090089043274453, "target": 70, "value": 4.0, "supply": [{"l": "Soyabean Oil", "v": 4.0}]}, {"source": 27, "prod": 0.15070543569800346, "target": 70, "value": 19.0, "supply": [{"l": "Fats, Animals, Raw", "v": 19.0}]}, {"source": 5, "prod": 0.0077983795680672055, "target": 70, "value": 10.0, "supply": [{"l": "Potatoes", "v": 10.0}]}, {"source": 35, "prod": 0.031549066404933539, "target": 70, "value": 3.0, "supply": [{"l": "Coconut Oil", "v": 3.0}]}, {"source": 17, "prod": 0.062752420169869566, "target": 70, "value": 17.0, "supply": [{"l": "Sugar", "v": 17.0}]}, {"source": 7, "prod": 0.089950508139641241, "target": 70, "value": 126.0, "supply": [{"l": "Milk - Excluding Butter", "v": 126.0}]}, {"source": 72, "prod": 0.01043502731775315, "target": 70, "value": 1.0, "supply": [{"l": "Cottonseed Oil", "v": 1.0}]}, {"source": 21, "prod": 0.030963650921188243, "target": 70, "value": 9.0, "supply": [{"l": "Beverages, Alcoholic", "v": 9.0}]}, {"source": 37, "prod": 0.010721949292213918, "target": 70, "value": 1.0, "supply": [{"l": "Palm Oil", "v": 1.0}]}, {"source": 69, "prod": 0.061128239883120009, "target": 70, "value": 6.0, "supply": [{"l": "Oilcrops Oil, Other", "v": 6.0}]}, {"source": 13, "prod": 0.00077983795680672057, "target": 70, "value": 1.0, "supply": [{"l": "Cassava", "v": 1.0}]}, {"source": 5, "prod": 0.0795434715942855, "target": 73, "value": 102.0, "supply": [{"l": "Potatoes", "v": 102.0}]}, {"source": 33, "prod": 0.003262006570433022, "target": 33, "value": 2.0, "supply": [{"l": "Eggs", "v": 2.0}]}, {"source": 3, "prod": 0.030427777772202916, "target": 73, "value": 10.0, "supply": [{"l": "Wheat", "v": 10.0}]}, {"source": 8, "prod": 0.10500830681676315, "target": 73, "value": 47.0, "supply": [{"l": "Barley", "v": 47.0}]}, {"source": 4, "prod": 0.016676851158589287, "target": 73, "value": 6.0, "supply": [{"l": "Oats", "v": 6.0}]}, {"source": 3, "prod": 0.069983888876066713, "target": 74, "value": 23.0, "supply": [{"l": "Wheat", "v": 23.0}]}, {"source": 50, "prod": 0.0014569479951341655, "target": 74, "value": 2.0, "supply": [{"l": "Bananas", "v": 2.0}]}, {"source": 4, "prod": 0.022235801544785719, "target": 74, "value": 8.0, "supply": [{"l": "Oats", "v": 8.0}]}, {"source": 5, "prod": 0.11853536943462151, "target": 74, "value": 152.0, "supply": [{"l": "Potatoes", "v": 152.0}]}, {"source": 33, "prod": 0.006524013140866044, "target": 74, "value": 4.0, "supply": [{"l": "Eggs", "v": 4.0}]}, {"source": 6, "prod": 0.0075888189112803921, "target": 74, "value": 25.0, "supply": [{"l": "Vegetables, Other", "v": 25.0}]}, {"source": 54, "prod": 0.00044802286633773084, "target": 74, "value": 1.0, "supply": [{"l": "Fruits, Other", "v": 1.0}]}, {"source": 7, "prod": 0.051400290365509284, "target": 74, "value": 72.0, "supply": [{"l": "Milk - Excluding Butter", "v": 72.0}]}, {"source": 8, "prod": 0.26363787668889477, "target": 74, "value": 118.0, "supply": [{"l": "Barley", "v": 118.0}]}, {"source": 36, "prod": 0.00088270667758128538, "target": 74, "value": 1.0, "supply": [{"l": "Grapes", "v": 1.0}]}, {"source": 60, "prod": 0.00036320998148021391, "target": 74, "value": 1.0, "supply": [{"l": "Oranges, Mandarines", "v": 1.0}]}, {"source": 64, "prod": 0.00095572607697185755, "target": 74, "value": 2.0, "supply": [{"l": "Onions", "v": 2.0}]}, {"source": 26, "prod": 0.0006115270096350541, "target": 74, "value": 3.0, "supply": [{"l": "Tomatoes", "v": 3.0}]}, {"source": 45, "prod": 0.0010630258744282136, "target": 74, "value": 2.0, "supply": [{"l": "Apples", "v": 2.0}]}, {"source": 75, "prod": 0.0091692359824680006, "target": 76, "value": 3.0, "supply": [{"l": "Infant food", "v": 3.0}]}, {"source": 75, "prod": 0.001426896355815126, "target": 26, "value": 7.0, "supply": [{"l": "Tomatoes", "v": 7.0}]}, {"source": 75, "prod": 0.19651916511529358, "target": 13, "value": 252.0, "supply": [{"l": "Cassava", "v": 252.0}]}, {"source": 75, "prod": 0.0023244444400000001, "target": 47, "value": 2.0, "supply": [{"l": "Lemons, Limes", "v": 2.0}]}, {"source": 75, "prod": 0.012735049975650002, "target": 31, "value": 4.0, "supply": [{"l": "Treenuts", "v": 4.0}]}, {"source": 75, "prod": 0.017539926928065525, "target": 45, "value": 33.0, "supply": [{"l": "Apples", "v": 33.0}]}, {"source": 75, "prod": 0.0047974503332928083, "target": 53, "value": 11.0, "supply": [{"l": "Tea", "v": 11.0}]}, {"source": 75, "prod": 0.010624346475792548, "target": 6, "value": 35.0, "supply": [{"l": "Vegetables, Other", "v": 35.0}]}, {"source": 75, "prod": 0.012735049975650002, "target": 24, "value": 3.0, "supply": [{"l": "Rice", "v": 3.0}]}, {"source": 75, "prod": 0.72418111097842941, "target": 3, "value": 238.0, "supply": [{"l": "Wheat", "v": 238.0}]}, {"source": 75, "prod": 0.03127907011563158, "target": 8, "value": 14.0, "supply": [{"l": "Barley", "v": 14.0}]}, {"source": 75, "prod": 0.0016582096322460937, "target": 58, "value": 5.0, "supply": [{"l": "Grapefruit", "v": 5.0}]}, {"source": 75, "prod": 0.0016120316424873421, "target": 28, "value": 3.0, "supply": [{"l": "Coffee", "v": 3.0}]}, {"source": 75, "prod": 0.0072085188541415098, "target": 12, "value": 3.0, "supply": [{"l": "Cereals, Other", "v": 3.0}]}, {"source": 75, "prod": 0.33746556299284053, "target": 1, "value": 373.0, "supply": [{"l": "Crustaceans", "v": 1.0}, {"l": "Eggs", "v": 1.0}, {"l": "Demersal Fish", "v": 2.0}, {"l": "Pigmeat", "v": 3.0}, {"l": "Poultry Meat", "v": 4.0}, {"l": "Milk - Excluding Butter", "v": 100.0}, {"l": "Pelagic Fish", "v": 127.0}, {"l": "Fish, Seafood", "v": 130.0}, {"l": "Offals, Edible", "v": 2.0}, {"l": "Bovine Meat", "v": 3.0}]}, {"source": 75, "prod": 0.012225647976624001, "target": 16, "value": 4.0, "supply": [{"l": "Nuts", "v": 4.0}]}, {"source": 75, "prod": 0.020150395531091773, "target": 34, "value": 5.0, "supply": [{"l": "Peas", "v": 5.0}]}, {"source": 75, "prod": 0.0060643095122142861, "target": 10, "value": 1.0, "supply": [{"l": "Oilcrops, Other", "v": 1.0}]}, {"source": 75, "prod": 0.049053525832133335, "target": 22, "value": 8.0, "supply": [{"l": "Cocoa Beans", "v": 8.0}]}, {"source": 75, "prod": 0.012349139370327276, "target": 60, "value": 34.0, "supply": [{"l": "Oranges, Mandarines", "v": 34.0}]}, {"source": 75, "prod": 0.077825305406750006, "target": 11, "value": 28.0, "supply": [{"l": "Sorghum", "v": 28.0}]}, {"source": 75, "prod": 0.0011622222200000001, "target": 67, "value": 1.0, "supply": [{"l": "Rape and Mustardseed", "v": 1.0}]}, {"source": 75, "prod": 0.010917731395294087, "target": 5, "value": 14.0, "supply": [{"l": "Potatoes", "v": 14.0}]}, {"source": 75, "prod": 0.0038229043078874302, "target": 64, "value": 8.0, "supply": [{"l": "Onions", "v": 8.0}]}, {"source": 75, "prod": 0.0011622222200000001, "target": 18, "value": 1.0, "supply": [{"l": "Citrus, Other", "v": 1.0}]}, {"source": 75, "prod": 0.029138959902683309, "target": 50, "value": 40.0, "supply": [{"l": "Bananas", "v": 40.0}]}, {"source": 75, "prod": 0.032660147070507566, "target": 36, "value": 37.0, "supply": [{"l": "Grapes", "v": 37.0}]}, {"source": 75, "prod": 0.81964830962803781, "target": 66, "value": 148.0, "supply": [{"l": "Alcohol, Non-Food", "v": 3.0}, {"l": "Sugar", "v": 35.0}, {"l": "Maize Germ Oil", "v": 1.0}, {"l": "Beer", "v": 4.0}, {"l": "Groundnut Oil", "v": 1.0}, {"l": "Beverages, Alcoholic", "v": 9.0}, {"l": "Butter, Ghee", "v": 1.0}, {"l": "Fats, Animals, Raw", "v": 14.0}, {"l": "Soyabean Oil", "v": 9.0}, {"l": "Palm Oil", "v": 8.0}, {"l": "Sunflowerseed Oil", "v": 2.0}, {"l": "Coconut Oil", "v": 10.0}, {"l": "Rape and Mustard Oil", "v": 1.0}, {"l": "Oilcrops Oil, Other", "v": 7.0}, {"l": "Wine", "v": 10.0}, {"l": "Sweeteners, Other", "v": 27.0}, {"l": "Beverages, Fermented", "v": 1.0}, {"l": "Honey", "v": 1.0}, {"l": "Cottonseed Oil", "v": 1.0}, {"l": "Palmkernel Oil", "v": 2.0}, {"l": "Cream", "v": 1.0}]}, {"source": 75, "prod": 0.011695454059270409, "target": 44, "value": 3.0, "supply": [{"l": "Beans", "v": 3.0}]}, {"source": 75, "prod": 0.69957874532903996, "target": 0, "value": 206.0, "supply": [{"l": "Maize", "v": 206.0}]}, {"source": 75, "prod": 0.014336731722807387, "target": 54, "value": 32.0, "supply": [{"l": "Fruits, Other", "v": 32.0}]}, {"source": 75, "prod": 0.00077983795680672057, "target": 77, "value": 1.0, "supply": [{"l": "Roots, Other", "v": 1.0}]}, {"source": 75, "prod": 0.00098721317640697672, "target": 43, "value": 1.0, "supply": [{"l": "Pineapples", "v": 1.0}]}, {"source": 75, "prod": 0.095163010807054943, "target": 30, "value": 68.0, "supply": [{"l": "Coconuts - Incl Copra", "v": 68.0}]}, {"source": 75, "prod": 0.03057422712408036, "target": 4, "value": 11.0, "supply": [{"l": "Oats", "v": 11.0}]}, {"source": 75, "prod": 0.0047166851761666672, "target": 62, "value": 1.0, "supply": [{"l": "Pulses, Other", "v": 1.0}]}, {"source": 54, "prod": 0.0026881371980263858, "target": 78, "value": 6.0, "supply": [{"l": "Fruits, Other", "v": 6.0}]}, {"source": 17, "prod": 0.14027011567382611, "target": 78, "value": 38.0, "supply": [{"l": "Sugar", "v": 38.0}]}, {"source": 19, "prod": 0.11038617484044048, "target": 78, "value": 193.0, "supply": [{"l": "Beer", "v": 193.0}]}, {"source": 21, "prod": 0.037844462237007853, "target": 78, "value": 11.0, "supply": [{"l": "Beverages, Alcoholic", "v": 11.0}]}, {"source": 8, "prod": 0.8512375510039738, "target": 78, "value": 381.0, "supply": [{"l": "Barley", "v": 381.0}]}, {"source": 46, "prod": 0.0084900333171, "target": 78, "value": 3.0, "supply": [{"l": "Meat, Other", "v": 3.0}]}, {"source": 26, "prod": 0.0010192116827250901, "target": 78, "value": 5.0, "supply": [{"l": "Tomatoes", "v": 5.0}]}, {"source": 27, "prod": 0.39659325183685118, "target": 78, "value": 50.0, "supply": [{"l": "Fats, Animals, Raw", "v": 50.0}]}, {"source": 3, "prod": 0.11562555553437109, "target": 78, "value": 38.0, "supply": [{"l": "Wheat", "v": 38.0}]}, {"source": 6, "prod": 0.0081959244241828228, "target": 78, "value": 27.0, "supply": [{"l": "Vegetables, Other", "v": 27.0}]}, {"source": 25, "prod": 0.69321467157427075, "target": 78, "value": 83.0, "supply": [{"l": "Butter, Ghee", "v": 83.0}]}, {"source": 37, "prod": 0.010721949292213918, "target": 78, "value": 1.0, "supply": [{"l": "Palm Oil", "v": 1.0}]}, {"source": 40, "prod": 0.072920531557914114, "target": 78, "value": 40.0, "supply": [{"l": "Pigmeat", "v": 40.0}]}, {"source": 22, "prod": 0.030658453645083329, "target": 78, "value": 5.0, "supply": [{"l": "Cocoa Beans", "v": 5.0}]}, {"source": 5, "prod": 0.030413680315462099, "target": 78, "value": 39.0, "supply": [{"l": "Potatoes", "v": 39.0}]}, {"source": 35, "prod": 0.021032710936622359, "target": 78, "value": 2.0, "supply": [{"l": "Coconut Oil", "v": 2.0}]}, {"source": 7, "prod": 1.9953307162722007, "target": 78, "value": 2795.0, "supply": [{"l": "Milk - Excluding Butter", "v": 2795.0}]}, {"source": 45, "prod": 0.00053151293721410682, "target": 78, "value": 1.0, "supply": [{"l": "Apples", "v": 1.0}]}, {"source": 9, "prod": 0.065841074704040811, "target": 78, "value": 76.0, "supply": [{"l": "Fish, Seafood", "v": 76.0}]}, {"source": 69, "prod": 0.010188039980520001, "target": 78, "value": 1.0, "supply": [{"l": "Oilcrops Oil, Other", "v": 1.0}]}, {"source": 48, "prod": 0.041133882350290696, "target": 78, "value": 15.0, "supply": [{"l": "Mutton & Goat Meat", "v": 15.0}]}, {"source": 49, "prod": 0.0091839302709014418, "target": 78, "value": 3.0, "supply": [{"l": "Sweeteners, Other", "v": 3.0}]}, {"source": 2, "prod": 0.046771441028335331, "target": 78, "value": 46.0, "supply": [{"l": "Pelagic Fish", "v": 46.0}]}, {"source": 50, "prod": 0.012384057958640407, "target": 78, "value": 17.0, "supply": [{"l": "Bananas", "v": 17.0}]}, {"source": 53, "prod": 0.00087226369696232885, "target": 78, "value": 2.0, "supply": [{"l": "Tea", "v": 2.0}]}, {"source": 55, "prod": 0.0069733333200000004, "target": 78, "value": 6.0, "supply": [{"l": "Molluscs, Other", "v": 6.0}]}, {"source": 79, "prod": 0.023795595110211072, "target": 78, "value": 3.0, "supply": [{"l": "Fish, Body Oil", "v": 3.0}]}, {"source": 56, "prod": 0.0045482321341607148, "target": 78, "value": 3.0, "supply": [{"l": "Poultry Meat", "v": 3.0}]}, {"source": 57, "prod": 0.034848155770664024, "target": 78, "value": 28.0, "supply": [{"l": "Offals, Edible", "v": 28.0}]}, {"source": 59, "prod": 0.011985929388847058, "target": 78, "value": 24.0, "supply": [{"l": "Demersal Fish", "v": 24.0}]}, {"source": 60, "prod": 0.00072641996296042783, "target": 78, "value": 2.0, "supply": [{"l": "Oranges, Mandarines", "v": 2.0}]}, {"source": 61, "prod": 0.7035358853684589, "target": 78, "value": 296.0, "supply": [{"l": "Bovine Meat", "v": 296.0}]}, {"source": 65, "prod": 0.0046204262950204087, "target": 78, "value": 2.0, "supply": [{"l": "Cream", "v": 2.0}]}, {"source": 5, "prod": 0.077983795680672055, "target": 80, "value": 100.0, "supply": [{"l": "Potatoes", "v": 100.0}]}, {"source": 81, "prod": 0.013897375965491074, "target": 4, "value": 5.0, "supply": [{"l": "Oats", "v": 5.0}]}, {"source": 35, "prod": 0.042065421873244718, "target": 80, "value": 4.0, "supply": [{"l": "Coconut Oil", "v": 4.0}]}, {"source": 61, "prod": 0.02376810423542091, "target": 80, "value": 10.0, "supply": [{"l": "Bovine Meat", "v": 10.0}]}, {"source": 7, "prod": 0.15491476401827103, "target": 80, "value": 217.0, "supply": [{"l": "Milk - Excluding Butter", "v": 217.0}]}, {"source": 81, "prod": 0.010925949238812965, "target": 1, "value": 16.0, "supply": [{"l": "Fish, Seafood", "v": 8.0}, {"l": "Demersal Fish", "v": 8.0}]}, {"source": 81, "prod": 0.12511628046252632, "target": 8, "value": 56.0, "supply": [{"l": "Barley", "v": 56.0}]}, {"source": 25, "prod": 0.075167855953836599, "target": 80, "value": 9.0, "supply": [{"l": "Butter, Ghee", "v": 9.0}]}, {"source": 81, "prod": 0.0079318650367370246, "target": 66, "value": 1.0, "supply": [{"l": "Fats, Animals, Raw", "v": 1.0}]}, {"source": 17, "prod": 0.051678463669304356, "target": 80, "value": 14.0, "supply": [{"l": "Sugar", "v": 14.0}]}, {"source": 21, "prod": 0.1479374432901216, "target": 80, "value": 43.0, "supply": [{"l": "Beverages, Alcoholic", "v": 43.0}]}, {"source": 3, "prod": 0.13996777775213343, "target": 80, "value": 46.0, "supply": [{"l": "Wheat", "v": 46.0}]}, {"source": 82, "prod": 0.002572737368818182, "target": 15, "value": 1.0, "supply": [{"l": "Rye", "v": 1.0}]}, {"source": 82, "prod": 0.0058242972623905017, "target": 54, "value": 13.0, "supply": [{"l": "Fruits, Other", "v": 13.0}]}, {"source": 82, "prod": 3.1189701343872631, "target": 8, "value": 1396.0, "supply": [{"l": "Barley", "v": 1396.0}]}, {"source": 82, "prod": 0.0059114277598055235, "target": 26, "value": 29.0, "supply": [{"l": "Tomatoes", "v": 29.0}]}, {"source": 82, "prod": 0.76982277763673379, "target": 3, "value": 253.0, "supply": [{"l": "Wheat", "v": 253.0}]}, {"source": 82, "prod": 0.076495294625706353, "target": 6, "value": 252.0, "supply": [{"l": "Vegetables, Other", "v": 252.0}]}, {"source": 82, "prod": 0.32797807278558927, "target": 4, "value": 118.0, "supply": [{"l": "Oats", "v": 118.0}]}, {"source": 82, "prod": 0.7860766604611743, "target": 5, "value": 1008.0, "supply": [{"l": "Potatoes", "v": 1008.0}]}, {"source": 82, "prod": 0.0053151293721410689, "target": 45, "value": 10.0, "supply": [{"l": "Apples", "v": 10.0}]}, {"source": 82, "prod": 1.6921955523200001, "target": 68, "value": 1456.0, "supply": [{"l": "Sugar beet", "v": 1456.0}]}, {"source": 82, "prod": 0.0011622222200000001, "target": 67, "value": 1.0, "supply": [{"l": "Rape and Mustardseed", "v": 1.0}]}, {"source": 82, "prod": 0.0057343564618311457, "target": 64, "value": 12.0, "supply": [{"l": "Onions", "v": 12.0}]}, {"source": 1, "prod": 0.072771714146571437, "target": 56, "value": 48.0, "supply": [{"l": "Poultry Meat", "v": 48.0}]}, {"source": 1, "prod": 0.2515758338748037, "target": 40, "value": 138.0, "supply": [{"l": "Pigmeat", "v": 138.0}]}, {"source": 1, "prod": 0.19928700959899404, "target": 2, "value": 196.0, "supply": [{"l": "Pelagic Fish", "v": 196.0}]}, {"source": 1, "prod": 0.0027038322665923569, "target": 32, "value": 5.0, "supply": [{"l": "Crustaceans", "v": 5.0}]}, {"source": 1, "prod": 0.058716118267794395, "target": 33, "value": 36.0, "supply": [{"l": "Eggs", "v": 38.0}]}, {"source": 1, "prod": 0.0081355555400000005, "target": 55, "value": 7.0, "supply": [{"l": "Molluscs, Other", "v": 7.0}]}, {"source": 1, "prod": 3.4245443456020559, "target": 7, "value": 4797.0, "supply": [{"l": "Milk - Excluding Butter", "v": 4797.0}]}, {"source": 1, "prod": 0.087120389426660061, "target": 57, "value": 70.0, "supply": [{"l": "Offals, Edible", "v": 70.0}]}, {"source": 1, "prod": 0.015981239185129413, "target": 59, "value": 32.0, "supply": [{"l": "Demersal Fish", "v": 32.0}]}, {"source": 1, "prod": 0.209651843136551, "target": 9, "value": 242.0, "supply": [{"l": "Fish, Seafood", "v": 242.0}]}, {"source": 1, "prod": 0.92933287560495748, "target": 61, "value": 391.0, "supply": [{"l": "Bovine Meat", "v": 391.0}]}, {"source": 1, "prod": 0.014150055528499999, "target": 46, "value": 5.0, "supply": [{"l": "Meat, Other", "v": 5.0}]}, {"source": 1, "prod": 0.0018063900674680853, "target": 41, "value": 2.0, "supply": [{"l": "Freshwater Fish", "v": 2.0}]}, {"source": 1, "prod": 0.11243261175746123, "target": 48, "value": 41.0, "supply": [{"l": "Mutton & Goat Meat", "v": 41.0}]}, {"source": 66, "prod": 0.0025814290491182434, "target": 71, "value": 3.0, "supply": [{"l": "Alcohol, Non-Food", "v": 3.0}]}, {"source": 66, "prod": 0.88222520121169579, "target": 17, "value": 239.0, "supply": [{"l": "Sugar", "v": 239.0}]}, {"source": 66, "prod": 0.010612541646375, "target": 52, "value": 1.0, "supply": [{"l": "Maize Germ Oil", "v": 1.0}]}, {"source": 66, "prod": 0.26481242979856967, "target": 19, "value": 463.0, "supply": [{"l": "Beer", "v": 463.0}]}, {"source": 66, "prod": 0.009988274490705884, "target": 20, "value": 1.0, "supply": [{"l": "Groundnut Oil", "v": 1.0}]}, {"source": 66, "prod": 0.30619610355397264, "target": 21, "value": 89.0, "supply": [{"l": "Beverages, Alcoholic", "v": 89.0}]}, {"source": 66, "prod": 1.1108138713178075, "target": 25, "value": 133.0, "supply": [{"l": "Butter, Ghee", "v": 133.0}]}, {"source": 66, "prod": 0.62661733790222485, "target": 27, "value": 79.0, "supply": [{"l": "Fats, Animals, Raw", "v": 79.0}]}, {"source": 66, "prod": 0.092027003473675179, "target": 29, "value": 9.0, "supply": [{"l": "Soyabean Oil", "v": 9.0}]}, {"source": 66, "prod": 0.085775594337711342, "target": 37, "value": 8.0, "supply": [{"l": "Palm Oil", "v": 8.0}]}, {"source": 66, "prod": 0.019898515586953127, "target": 39, "value": 2.0, "supply": [{"l": "Sunflowerseed Oil", "v": 2.0}]}, {"source": 66, "prod": 0.21032710936622359, "target": 35, "value": 20.0, "supply": [{"l": "Coconut Oil", "v": 20.0}]}, {"source": 66, "prod": 0.011428891003788461, "target": 42, "value": 1.0, "supply": [{"l": "Rape and Mustard Oil", "v": 1.0}]}, {"source": 66, "prod": 0.09169235982468002, "target": 69, "value": 9.0, "supply": [{"l": "Oilcrops Oil, Other", "v": 9.0}]}, {"source": 66, "prod": 0.0086047634970608123, "target": 38, "value": 10.0, "supply": [{"l": "Wine", "v": 10.0}]}, {"source": 66, "prod": 0.11939109352171877, "target": 49, "value": 39.0, "supply": [{"l": "Sweeteners, Other", "v": 39.0}]}, {"source": 66, "prod": 0.0006064309512214287, "target": 51, "value": 1.0, "supply": [{"l": "Beverages, Fermented", "v": 1.0}]}, {"source": 66, "prod": 0.023795595110211072, "target": 79, "value": 3.0, "supply": [{"l": "Fish, Body Oil", "v": 3.0}]}, {"source": 66, "prod": 0.0036913188335217393, "target": 23, "value": 1.0, "supply": [{"l": "Honey", "v": 1.0}]}, {"source": 66, "prod": 0.01043502731775315, "target": 72, "value": 1.0, "supply": [{"l": "Cottonseed Oil", "v": 1.0}]}, {"source": 66, "prod": 0.01035369916719512, "target": 63, "value": 1.0, "supply": [{"l": "Palmkernel Oil", "v": 1.0}]}, {"source": 66, "prod": 0.016171492032571431, "target": 65, "value": 7.0, "supply": [{"l": "Cream", "v": 7.0}]}]}