{"nodes": [{"layer": 13, "name": "Other Processed", "fill": "#9c9ede"}, {"layer": 16, "name": "Food", "fill": "#b5cf6b"}, {"layer": 13, "name": "Animal Products", "fill": "#17becf"}, {"layer": 5, "name": "Cereals", "fill": "#e7ba52"}, {"layer": 13, "name": "Sugar", "fill": "#d6616b"}, {"layer": 5, "name": "Starchy Roots"}, {"layer": 5, "name": "Fruits & Vegetables"}, {"layer": 13, "name": "Aquatic Products", "fill": "#1f77b4"}, {"layer": 16, "name": "Biofuels & Other", "fill": "#e7ba52"}, {"layer": 13, "name": "Vegetable Oils", "fill": "#f7b6d2"}, {"layer": 0, "name": "Import", "fill": "#aec7e8"}, {"layer": 10, "name": "Processing", "fill": "#9edae5"}, {"layer": 10, "name": "Feed", "fill": "#dbdb8d"}, {"layer": 16, "name": "Stock Deposit", "fill": "#c7c7c7"}, {"layer": 0, "name": "Production", "fill": "#b5cf6b"}], "links": [{"source": 0, "prod": 0.00057431613084364143, "target": 1, "value": 1.0, "supply": [{"l": "Beer", "v": 1.0}]}, {"source": 2, "prod": 0.015512826378773222, "target": 1, "value": 13.0, "supply": [{"l": "Milk - Excluding Butter", "v": 8.0}, {"l": "Bovine Meat", "v": 2.0}, {"l": "Eggs", "v": 1.0}, {"l": "Pigmeat", "v": 1.0}, {"l": "Poultry Meat", "v": 1.0}]}, {"source": 3, "prod": 0.0091616013147057477, "target": 1, "value": 3.0, "supply": [{"l": "Wheat", "v": 3.0}]}, {"source": 4, "prod": 0.0067072098878218321, "target": 1, "value": 2.0, "supply": [{"l": "Sweeteners, Other", "v": 1.0}, {"l": "Sugar", "v": 1.0}]}, {"source": 5, "prod": 0.0015620562714437933, "target": 1, "value": 2.0, "supply": [{"l": "Potatoes", "v": 2.0}]}, {"source": 6, "prod": 0.0038581039432885648, "target": 1, "value": 10.0, "supply": [{"l": "Vegetables, Other", "v": 4.0}, {"l": "Fruits, Other", "v": 5.0}, {"l": "Oranges, Mandarines", "v": 1.0}]}, {"source": 7, "prod": 0.0019728117932432832, "target": 1, "value": 2.0, "supply": [{"l": "Fish, Seafood", "v": 1.0}, {"l": "Marine Fish, Other", "v": 1.0}]}, {"source": 0, "prod": 0.010321946311041622, "target": 8, "value": 3.0, "supply": [{"l": "Beverages, Alcoholic", "v": 3.0}]}, {"source": 2, "prod": 0.0013083370300631361, "target": 8, "value": 2.0, "supply": [{"l": "Milk - Excluding Butter", "v": 2.0}]}, {"source": 3, "prod": 0.0030538671049019158, "target": 8, "value": 1.0, "supply": [{"l": "Wheat", "v": 1.0}]}, {"source": 4, "prod": 0.0045206670909233772, "target": 8, "value": 1.0, "supply": [{"l": "Sugar", "v": 1.0}]}, {"source": 6, "prod": 0.00076471602092605942, "target": 8, "value": 2.0, "supply": [{"l": "Vegetables, Other", "v": 1.0}, {"l": "Fruits, Other", "v": 1.0}]}, {"source": 9, "prod": 0.010137353214447762, "target": 8, "value": 1.0, "supply": [{"l": "Oilcrops Oil, Other", "v": 1.0}]}, {"source": 10, "prod": 0.032261492635078236, "target": 11, "value": 8.0, "supply": [{"l": "Sweeteners, Other", "v": 1.0}, {"l": "Sugar", "v": 2.0}, {"l": "Beer", "v": 1.0}, {"l": "Beverages, Alcoholic", "v": 3.0}, {"l": "Oilcrops Oil, Other", "v": 1.0}]}, {"source": 10, "prod": 0.012215468419607663, "target": 3, "value": 4.0, "supply": [{"l": "Wheat", "v": 4.0}]}, {"source": 10, "prod": 0.016474521116479991, "target": 12, "value": 13.0, "supply": [{"l": "Milk - Excluding Butter", "v": 6.0}, {"l": "Fish, Seafood", "v": 1.0}, {"l": "Pigmeat", "v": 1.0}, {"l": "Poultry Meat", "v": 1.0}, {"l": "Bovine Meat", "v": 3.0}, {"l": "Marine Fish, Other", "v": 1.0}]}, {"source": 10, "prod": 0.0039263100836321504, "target": 6, "value": 10.0, "supply": [{"l": "Vegetables, Other", "v": 3.0}, {"l": "Fruits, Other", "v": 6.0}, {"l": "Oranges, Mandarines", "v": 1.0}]}, {"source": 10, "prod": 0.0015620562714437933, "target": 5, "value": 2.0, "supply": [{"l": "Potatoes", "v": 2.0}]}, {"source": 6, "prod": 0.00041646108063482268, "target": 13, "value": 1.0, "supply": [{"l": "Fruits, Other", "v": 1.0}]}, {"source": 14, "prod": 0.00078102813572189663, "target": 5, "value": 1.0, "supply": [{"l": "Potatoes", "v": 1.0}]}, {"source": 14, "prod": 0.00069650988058247358, "target": 6, "value": 2.0, "supply": [{"l": "Vegetables, Other", "v": 2.0}]}, {"source": 12, "prod": 0.0019728117932432832, "target": 7, "value": 2.0, "supply": [{"l": "Marine Fish, Other", "v": 1.0}, {"l": "Fish, Seafood", "v": 1.0}]}, {"source": 12, "prod": 0.016821163408836357, "target": 2, "value": 15.0, "supply": [{"l": "Milk - Excluding Butter", "v": 10.0}, {"l": "Bovine Meat", "v": 2.0}, {"l": "Eggs", "v": 1.0}, {"l": "Pigmeat", "v": 1.0}, {"l": "Poultry Meat", "v": 1.0}]}, {"source": 11, "prod": 0.010896262441885263, "target": 0, "value": 4.0, "supply": [{"l": "Beer", "v": 1.0}, {"l": "Beverages, Alcoholic", "v": 3.0}]}, {"source": 11, "prod": 0.010137353214447762, "target": 9, "value": 1.0, "supply": [{"l": "Oilcrops Oil, Other", "v": 1.0}]}, {"source": 11, "prod": 0.011227876978745209, "target": 4, "value": 3.0, "supply": [{"l": "Sweeteners, Other", "v": 1.0}, {"l": "Sugar", "v": 2.0}]}]}