{"nodes": [{"layer": 13, "name": "Other Processed", "fill": "#9c9ede"}, {"layer": 16, "name": "Food", "fill": "#b5cf6b"}, {"layer": 13, "name": "Animal Products", "fill": "#17becf"}, {"layer": 5, "name": "Cereals", "fill": "#e7ba52"}, {"layer": 13, "name": "Sugar", "fill": "#d6616b"}, {"layer": 5, "name": "Starchy Roots"}, {"layer": 5, "name": "Fruits & Vegetables"}, {"layer": 13, "name": "Aquatic Products", "fill": "#1f77b4"}, {"layer": 16, "name": "Biofuels & Other", "fill": "#e7ba52"}, {"layer": 13, "name": "Vegetable Oils", "fill": "#f7b6d2"}, {"layer": 0, "name": "Import", "fill": "#aec7e8"}, {"layer": 10, "name": "Processing", "fill": "#9edae5"}, {"layer": 10, "name": "Feed", "fill": "#dbdb8d"}, {"layer": 0, "name": "Stock Draw", "fill": "#c7c7c7"}, {"layer": 0, "name": "Production", "fill": "#b5cf6b"}], "links": [{"source": 0, "prod": 0.0030581852747721037, "target": 1, "value": 5.0, "supply": [{"l": "Beer", "v": 4.0}, {"l": "Wine", "v": 1.0}]}, {"source": 2, "prod": 0.017891356944212428, "target": 1, "value": 16.0, "supply": [{"l": "Milk - Excluding Butter", "v": 10.0}, {"l": "Eggs", "v": 1.0}, {"l": "Pigmeat", "v": 1.0}, {"l": "Poultry Meat", "v": 1.0}, {"l": "Bovine Meat", "v": 3.0}]}, {"source": 3, "prod": 0.011721725416907813, "target": 1, "value": 4.0, "supply": [{"l": "Cereals, Other", "v": 1.0}, {"l": "Wheat", "v": 3.0}]}, {"source": 4, "prod": 0.0064350675998100012, "target": 1, "value": 2.0, "supply": [{"l": "Sweeteners, Other", "v": 1.0}, {"l": "Sugar", "v": 1.0}]}, {"source": 5, "prod": 0.0015494895516745869, "target": 1, "value": 2.0, "supply": [{"l": "Potatoes", "v": 2.0}]}, {"source": 6, "prod": 0.0054836341702482012, "target": 1, "value": 13.0, "supply": [{"l": "Bananas", "v": 1.0}, {"l": "Vegetables, Other", "v": 5.0}, {"l": "Fruits, Other", "v": 6.0}, {"l": "Apples", "v": 1.0}]}, {"source": 7, "prod": 0.0032288565572399812, "target": 1, "value": 4.0, "supply": [{"l": "Marine Fish, Other", "v": 2.0}, {"l": "Fish, Seafood", "v": 2.0}]}, {"source": 0, "prod": 0.0005699830551761509, "target": 8, "value": 1.0, "supply": [{"l": "Beer", "v": 1.0}]}, {"source": 2, "prod": 0.0031209002605118359, "target": 8, "value": 3.0, "supply": [{"l": "Milk - Excluding Butter", "v": 2.0}, {"l": "Bovine Meat", "v": 1.0}]}, {"source": 3, "prod": 0.0030591312219088087, "target": 8, "value": 1.0, "supply": [{"l": "Wheat", "v": 1.0}]}, {"source": 4, "prod": 0.0044363903603698782, "target": 8, "value": 1.0, "supply": [{"l": "Sugar", "v": 1.0}]}, {"source": 6, "prod": 0.00077368021524512338, "target": 8, "value": 2.0, "supply": [{"l": "Vegetables, Other", "v": 1.0}, {"l": "Fruits, Other", "v": 1.0}]}, {"source": 7, "prod": 0.0076337489400803826, "target": 8, "value": 8.0, "supply": [{"l": "Pelagic Fish", "v": 4.0}, {"l": "Fish, Seafood", "v": 4.0}]}, {"source": 9, "prod": 0.010157942373487445, "target": 8, "value": 1.0, "supply": [{"l": "Oilcrops Oil, Other", "v": 1.0}]}, {"source": 10, "prod": 0.027525451212194713, "target": 11, "value": 10.0, "supply": [{"l": "Sweeteners, Other", "v": 1.0}, {"l": "Sugar", "v": 2.0}, {"l": "Beer", "v": 4.0}, {"l": "Beverages, Alcoholic", "v": 1.0}, {"l": "Oilcrops Oil, Other", "v": 1.0}, {"l": "Wine", "v": 1.0}]}, {"source": 10, "prod": 0.014780856638816623, "target": 3, "value": 5.0, "supply": [{"l": "Cereals, Other", "v": 1.0}, {"l": "Wheat", "v": 4.0}]}, {"source": 10, "prod": 0.020148670054002178, "target": 12, "value": 16.0, "supply": [{"l": "Milk - Excluding Butter", "v": 8.0}, {"l": "Fish, Seafood", "v": 1.0}, {"l": "Pigmeat", "v": 2.0}, {"l": "Poultry Meat", "v": 1.0}, {"l": "Bovine Meat", "v": 3.0}, {"l": "Marine Fish, Other", "v": 1.0}]}, {"source": 10, "prod": 0.0051801003408924124, "target": 6, "value": 13.0, "supply": [{"l": "Vegetables, Other", "v": 5.0}, {"l": "Fruits, Other", "v": 6.0}, {"l": "Apples", "v": 1.0}, {"l": "Oranges, Mandarines", "v": 1.0}]}, {"source": 10, "prod": 0.00077474477583729345, "target": 5, "value": 1.0, "supply": [{"l": "Potatoes", "v": 1.0}]}, {"source": 13, "prod": 0.00038690090773440405, "target": 6, "value": 1.0, "supply": [{"l": "Fruits, Other", "v": 1.0}]}, {"source": 13, "prod": 0.0005699830551761509, "target": 11, "value": 1.0, "supply": [{"l": "Beer", "v": 1.0}]}, {"source": 13, "prod": 0.0010911107130351532, "target": 12, "value": 2.0, "supply": [{"l": "Milk - Excluding Butter", "v": 2.0}]}, {"source": 14, "prod": 0.00077474477583729345, "target": 5, "value": 1.0, "supply": [{"l": "Potatoes", "v": 1.0}]}, {"source": 14, "prod": 0.0010714594137284613, "target": 6, "value": 2.0, "supply": [{"l": "Bananas", "v": 1.0}, {"l": "Vegetables, Other", "v": 1.0}]}, {"source": 12, "prod": 0.010862605497320363, "target": 7, "value": 12.0, "supply": [{"l": "Pelagic Fish", "v": 4.0}, {"l": "Marine Fish, Other", "v": 2.0}, {"l": "Fish, Seafood", "v": 6.0}]}, {"source": 12, "prod": 0.021012257204724265, "target": 2, "value": 19.0, "supply": [{"l": "Milk - Excluding Butter", "v": 12.0}, {"l": "Poultry Meat", "v": 1.0}, {"l": "Eggs", "v": 1.0}, {"l": "Pigmeat", "v": 1.0}, {"l": "Bovine Meat", "v": 4.0}]}, {"source": 11, "prod": 0.0036281683299482547, "target": 0, "value": 6.0, "supply": [{"l": "Beer", "v": 5.0}, {"l": "Wine", "v": 1.0}]}, {"source": 11, "prod": 0.010157942373487445, "target": 9, "value": 1.0, "supply": [{"l": "Oilcrops Oil, Other", "v": 1.0}]}, {"source": 11, "prod": 0.010871457960179879, "target": 4, "value": 3.0, "supply": [{"l": "Sweeteners, Other", "v": 1.0}, {"l": "Sugar", "v": 2.0}]}]}