{"nodes": [{"layer": 5, "name": "Starchy Roots"}, {"layer": 16, "name": "Food", "fill": "#b5cf6b"}, {"layer": 13, "name": "Meat"}, {"layer": 13, "name": "Eggs"}, {"layer": 13, "name": "Alcoholic Beverages"}, {"layer": 13, "name": "Milk - Excluding Butter"}, {"layer": 13, "name": "Fish, Seafood"}, {"layer": 13, "name": "Sugar & Sweeteners"}, {"layer": 5, "name": "Fruits - Excluding Wine"}, {"layer": 5, "name": "Cereals - Excluding Beer"}, {"layer": 5, "name": "Vegetables"}, {"layer": 16, "name": "Biofuels & Other", "fill": "#e7ba52"}, {"layer": 13, "name": "Vegetable Oils", "fill": "#f7b6d2"}, {"layer": 2, "name": "Import", "fill": "#aec7e8"}, {"layer": 10, "name": "Feed", "fill": "#dbdb8d"}, {"layer": 10, "name": "Processing", "fill": "#9edae5"}, {"layer": 16, "name": "Stock Deposit", "fill": "#c7c7c7"}, {"layer": 2, "name": "Electricity", "fill": "#bcbd22"}, {"layer": 0, "name": "Fossil Fuels", "fill": "#c49c94"}, {"layer": 0, "name": "Renewables & Nuclear", "fill": "#2ca02c"}, {"layer": 2, "name": "Fertilizers", "fill": "#c5b0d5"}, {"layer": 0, "name": "Labor", "fill": "#7f7f7f"}], "links": [{"source": 0, "prod": 2.0, "target": 1, "value": 0.0015570106949342845, "supply": [{"l": "Potatoes", "v": 0.0015570106949342845}]}, {"source": 2, "prod": 5.0, "target": 1, "value": 0.010752173229747594, "supply": [{"l": "Pigmeat", "v": 0.0034355456327511092}, {"l": "Bovine Meat", "v": 0.0059089536791353458}, {"l": "Poultry Meat", "v": 0.0014076739178611401}]}, {"source": 3, "prod": 1.0, "target": 1, "value": 0.001608898442016035, "supply": [{"l": "Eggs", "v": 0.001608898442016035}]}, {"source": 4, "prod": 3.0, "target": 1, "value": 0.0045752348612497148, "supply": [{"l": "Beer", "v": 0.0011453259641323193}, {"l": "Beverages, Alcoholic", "v": 0.0034299088971173957}]}, {"source": 5, "prod": 8.0, "target": 1, "value": 0.0054760714895295002, "supply": [{"l": "Milk - Excluding Butter", "v": 0.0054760714895295002}]}, {"source": 6, "prod": 4.0, "target": 1, "value": 0.0036058793189480899, "supply": [{"l": "Fish, Seafood", "v": 0.0016980066634200001}, {"l": "Marine Fish, Other", "v": 0.0019078726555280898}]}, {"source": 7, "prod": 2.0, "target": 1, "value": 0.0089721956307760552, "supply": [{"l": "Sugar", "v": 0.0089721956307760552}]}, {"source": 8, "prod": 5.0, "target": 1, "value": 0.001938186767669619, "supply": [{"l": "Fruits, Other", "v": 0.001938186767669619}]}, {"source": 9, "prod": 3.0, "target": 1, "value": 0.0091591751268882068, "supply": [{"l": "Wheat", "v": 0.0091591751268882068}]}, {"source": 10, "prod": 4.0, "target": 1, "value": 0.001427707000262243, "supply": [{"l": "Vegetables, Other", "v": 0.001427707000262243}]}, {"source": 2, "prod": 1.0, "target": 11, "value": 0.0019696512263784483, "supply": [{"l": "Bovine Meat", "v": 0.0019696512263784483}]}, {"source": 10, "prod": 1.0, "target": 11, "value": 0.00035692675006556075, "supply": [{"l": "Vegetables, Other", "v": 0.00035692675006556075}]}, {"source": 5, "prod": 2.0, "target": 11, "value": 0.001369017872382375, "supply": [{"l": "Milk - Excluding Butter", "v": 0.001369017872382375}]}, {"source": 7, "prod": 1.0, "target": 11, "value": 0.0044860978153880276, "supply": [{"l": "Sugar", "v": 0.0044860978153880276}]}, {"source": 4, "prod": 4.0, "target": 11, "value": 0.013719635588469583, "supply": [{"l": "Beverages, Alcoholic", "v": 0.013719635588469583}]}, {"source": 9, "prod": 1.0, "target": 11, "value": 0.0030530583756294021, "supply": [{"l": "Wheat", "v": 0.0030530583756294021}]}, {"source": 12, "prod": 1.0, "target": 11, "value": 0.010116628485329439, "supply": [{"l": "Oilcrops Oil, Other", "v": 0.010116628485329439}]}, {"source": 8, "prod": 1.0, "target": 11, "value": 0.00038763735353392384, "supply": [{"l": "Fruits, Other", "v": 0.00038763735353392384}]}, {"source": 13, "prod": 13.0, "target": 14, "value": 0.016662166506368765, "supply": [{"l": "Milk - Excluding Butter", "v": 0.0041070536171471253}, {"l": "Pigmeat", "v": 0.0034355456327511092}, {"l": "Poultry Meat", "v": 0.0014076739178611401}, {"l": "Fish, Seafood", "v": 0.00084900333171000005}, {"l": "Bovine Meat", "v": 0.0059089536791353458}, {"l": "Marine Fish, Other", "v": 0.00095393632776404492}]}, {"source": 13, "prod": 5.0, "target": 9, "value": 0.014740765761905925, "supply": [{"l": "Cereals, Other", "v": 0.0025285322593883164}, {"l": "Wheat", "v": 0.012212233502517609}]}, {"source": 13, "prod": 10.0, "target": 15, "value": 0.036252354596724101, "supply": [{"l": "Sweeteners, Other", "v": 0.0022985689280167051}, {"l": "Sugar", "v": 0.0089721956307760552}, {"l": "Beer", "v": 0.0011453259641323193}, {"l": "Beverages, Alcoholic", "v": 0.013719635588469583}, {"l": "Oilcrops Oil, Other", "v": 0.010116628485329439}]}, {"source": 13, "prod": 3.0, "target": 10, "value": 0.0010707802501966823, "supply": [{"l": "Vegetables, Other", "v": 0.0010707802501966823}]}, {"source": 13, "prod": 8.0, "target": 8, "value": 0.0031010988282713908, "supply": [{"l": "Fruits, Other", "v": 0.0031010988282713908}]}, {"source": 13, "prod": 1.0, "target": 0, "value": 0.00077850534746714227, "supply": [{"l": "Potatoes", "v": 0.00077850534746714227}]}, {"source": 8, "prod": 1.0, "target": 16, "value": 0.00038763735353392384, "supply": [{"l": "Fruits, Other", "v": 0.00038763735353392384}]}, {"source": 14, "prod": 10.0, "target": 5, "value": 0.006845089361911875, "supply": [{"l": "Milk - Excluding Butter", "v": 0.006845089361911875}]}, {"source": 14, "prod": 1.0, "target": 3, "value": 0.001608898442016035, "supply": [{"l": "Eggs", "v": 0.001608898442016035}]}, {"source": 14, "prod": 6.0, "target": 2, "value": 0.012721824456126043, "supply": [{"l": "Poultry Meat", "v": 0.0014076739178611401}, {"l": "Bovine Meat", "v": 0.0078786049055137933}, {"l": "Pigmeat", "v": 0.0034355456327511092}]}, {"source": 14, "prod": 4.0, "target": 6, "value": 0.0036058793189480899, "supply": [{"l": "Marine Fish, Other", "v": 0.0019078726555280898}, {"l": "Fish, Seafood", "v": 0.0016980066634200001}]}, {"source": 15, "prod": 3.0, "target": 7, "value": 0.013458293446164083, "supply": [{"l": "Sugar", "v": 0.013458293446164083}]}, {"source": 15, "prod": 1.0, "target": 12, "value": 0.010116628485329439, "supply": [{"l": "Oilcrops Oil, Other", "v": 0.010116628485329439}]}, {"source": 15, "prod": 7.0, "target": 4, "value": 0.018294870449719298, "supply": [{"l": "Beer", "v": 0.0011453259641323193}, {"l": "Beverages, Alcoholic", "v": 0.01714954448558698}]}, {"source": 17, "prod": 0, "target": 15, "value": 0.0027025035251224952, "supply": "[{\"l\":'Electricity',\"v\":0.0027025035251224952}]"}, {"source": 18, "prod": 0, "target": 17, "value": 0.0051118678649662106, "supply": [{"l": "Coal", "v": 0.0026492692552043035}, {"l": "Natural gas", "v": 0.00079989377637767177}, {"l": "Oil", "v": 0.0016627048333842356}]}, {"source": 19, "prod": 0, "target": 17, "value": 0.00071750316835573862, "supply": [{"l": "Nuclear", "v": 8.1921211704755632e-05}, {"l": "Hydroelectric", "v": 0.00062741978940543852}, {"l": "Renewable", "v": 8.1621672455444474e-06}]}, {"source": 18, "prod": 0, "target": 0, "value": 0.011079554215324184, "supply": [{"l": "Other fossil fuels", "v": 0.011079554215324184}]}, {"source": 18, "prod": 0, "target": 10, "value": 0.025852293169089761, "supply": [{"l": "Other fossil fuels", "v": 0.025852293169089761}]}, {"source": 20, "prod": 0.015320179517816744, "target": 0, "value": 0.00013094814929100575, "supply": [{"l": "Potash", "v": 9.0050090951824001e-05}, {"l": "Phosphate", "v": 0.00014780702902710008}, {"l": "Nitrogen", "v": 0.00067877992505811628}]}, {"source": 20, "prod": 0.035747085541572403, "target": 10, "value": 0.00030554568167901342, "supply": [{"l": "Potash", "v": 9.0050090951824001e-05}, {"l": "Phosphate", "v": 0.00014780702902710008}, {"l": "Nitrogen", "v": 0.00067877992505811628}]}, {"source": 18, "prod": 0, "target": 20, "value": 0.0011669151015308013, "supply": [{"l": "Natural gas (including LNG)", "v": 0.00076916375592203439}, {"l": "Fuel oil", "v": 0.00027776261292412907}, {"l": "Liquefied petroleum gas (LPG)", "v": 5.9994366342318848e-05}, {"l": "Coal", "v": 5.9994366342318848e-05}]}, {"source": 21, "prod": 0, "target": 0, "value": 9.1424676903730006e-05, "supply": "[{\"l\":'Labor',\"v\":9.1424676903730006e-05}]"}, {"source": 21, "prod": 0, "target": 9, "value": 0.00012189956920497334, "supply": "[{\"l\":'Labor',\"v\":0.00012189956920497334}]"}, {"source": 21, "prod": 0, "target": 10, "value": 0.00021332424610870333, "supply": "[{\"l\":'Labor',\"v\":0.00021332424610870333}]"}, {"source": 21, "prod": 0, "target": 8, "value": 0.00021332424610870333, "supply": "[{\"l\":'Labor',\"v\":0.00021332424610870333}]"}, {"source": 18, "prod": 0, "target": 13, "value": 0.31165750639215145, "supply": "[{\"l\":'Fossil Fuels',\"v\":0.31165750639215145}]"}, {"source": 19, "prod": 0, "target": 13, "value": 0.017976375030515392, "supply": "[{\"l\":'Renewables & Nuclear',\"v\":0.010147649116121109},{\"l\":'Biomass & Waste',\"v\":0.0078287259143942824}]"}]}