{"nodes": [{"layer": 5, "name": "Cereals, Other"}, {"layer": 16, "name": "Food", "fill": "#b5cf6b"}, {"layer": 13, "name": "Sweeteners, Other"}, {"layer": 5, "name": "Wheat"}, {"layer": 13, "name": "Poultry Meat"}, {"layer": 5, "name": "Potatoes"}, {"layer": 13, "name": "Eggs"}, {"layer": 5, "name": "Vegetables, Other"}, {"layer": 5, "name": "Fruits, Other"}, {"layer": 13, "name": "Pigmeat"}, {"layer": 13, "name": "Sugar", "fill": "#d6616b"}, {"layer": 13, "name": "Milk - Excluding Butter"}, {"layer": 13, "name": "Beer"}, {"layer": 13, "name": "Marine Fish, Other"}, {"layer": 5, "name": "Apples"}, {"layer": 13, "name": "Fish, Seafood"}, {"layer": 13, "name": "Bovine Meat"}, {"layer": 5, "name": "Oranges, Mandarines"}, {"layer": 13, "name": "Wine"}, {"layer": 13, "name": "Oilcrops Oil, Other"}, {"layer": 13, "name": "Crustaceans"}, {"layer": 16, "name": "Biofuels & Other", "fill": "#e7ba52"}, {"layer": 0, "name": "Import", "fill": "#aec7e8"}, {"layer": 10, "name": "Feed", "fill": "#dbdb8d"}, {"layer": 10, "name": "Processing", "fill": "#9edae5"}, {"layer": 16, "name": "Stock Deposit", "fill": "#c7c7c7"}, {"layer": 0, "name": "Production", "fill": "#b5cf6b"}], "links": [{"source": 0, "prod": 0.0025453354323455623, "target": 1, "value": 1.0, "supply": [{"l": "Cereals, Other", "v": 1.0}]}, {"source": 2, "prod": 0.002073147670454651, "target": 1, "value": 1.0, "supply": [{"l": "Sweeteners, Other", "v": 1.0}]}, {"source": 3, "prod": 0.012270969953239614, "target": 1, "value": 4.0, "supply": [{"l": "Wheat", "v": 4.0}]}, {"source": 4, "prod": 0.0028470936677062377, "target": 1, "value": 2.0, "supply": [{"l": "Poultry Meat", "v": 2.0}]}, {"source": 5, "prod": 0.0015453282339097196, "target": 1, "value": 2.0, "supply": [{"l": "Potatoes", "v": 2.0}]}, {"source": 6, "prod": 0.0016234859948059564, "target": 1, "value": 1.0, "supply": [{"l": "Eggs", "v": 1.0}]}, {"source": 7, "prod": 0.0026626026301744903, "target": 1, "value": 7.0, "supply": [{"l": "Vegetables, Other", "v": 7.0}]}, {"source": 8, "prod": 0.002497068622676471, "target": 1, "value": 6.0, "supply": [{"l": "Fruits, Other", "v": 6.0}]}, {"source": 9, "prod": 0.0033723719564238332, "target": 1, "value": 1.0, "supply": [{"l": "Pigmeat", "v": 1.0}]}, {"source": 10, "prod": 0.0037456029340147061, "target": 1, "value": 1.0, "supply": [{"l": "Sugar", "v": 1.0}]}, {"source": 11, "prod": 0.0054685945173796324, "target": 1, "value": 9.0, "supply": [{"l": "Milk - Excluding Butter", "v": 9.0}]}, {"source": 12, "prod": 0.002849540667909975, "target": 1, "value": 5.0, "supply": [{"l": "Beer", "v": 5.0}]}, {"source": 13, "prod": 0.0018239749321732129, "target": 1, "value": 2.0, "supply": [{"l": "Marine Fish, Other", "v": 2.0}]}, {"source": 14, "prod": 0.00056762400400859605, "target": 1, "value": 1.0, "supply": [{"l": "Apples", "v": 1.0}]}, {"source": 15, "prod": 0.002032574953362341, "target": 1, "value": 3.0, "supply": [{"l": "Fish, Seafood", "v": 3.0}]}, {"source": 16, "prod": 0.0056582838753399881, "target": 1, "value": 3.0, "supply": [{"l": "Bovine Meat", "v": 3.0}]}, {"source": 17, "prod": 0.00038306138838433145, "target": 1, "value": 1.0, "supply": [{"l": "Oranges, Mandarines", "v": 1.0}]}, {"source": 18, "prod": 0.00078216387343467322, "target": 1, "value": 1.0, "supply": [{"l": "Wine", "v": 1.0}]}, {"source": 19, "prod": 0.010131610756055892, "target": 1, "value": 1.0, "supply": [{"l": "Oilcrops Oil, Other", "v": 1.0}]}, {"source": 20, "prod": 0.00063622231352123218, "target": 1, "value": 1.0, "supply": [{"l": "Crustaceans", "v": 1.0}]}, {"source": 11, "prod": 0.0012152432260843626, "target": 21, "value": 2.0, "supply": [{"l": "Milk - Excluding Butter", "v": 2.0}]}, {"source": 3, "prod": 0.0030677424883099034, "target": 21, "value": 1.0, "supply": [{"l": "Wheat", "v": 1.0}]}, {"source": 16, "prod": 0.0018860946251133292, "target": 21, "value": 1.0, "supply": [{"l": "Bovine Meat", "v": 1.0}]}, {"source": 7, "prod": 0.00038037180431064153, "target": 21, "value": 1.0, "supply": [{"l": "Vegetables, Other", "v": 1.0}]}, {"source": 8, "prod": 0.00041617810377941183, "target": 21, "value": 1.0, "supply": [{"l": "Fruits, Other", "v": 1.0}]}, {"source": 10, "prod": 0.0037456029340147061, "target": 21, "value": 1.0, "supply": [{"l": "Sugar", "v": 1.0}]}, {"source": 4, "prod": 0.0014235468338531189, "target": 21, "value": 1.0, "supply": [{"l": "Poultry Meat", "v": 1.0}]}, {"source": 12, "prod": 0.00056990813358199501, "target": 21, "value": 1.0, "supply": [{"l": "Beer", "v": 1.0}]}, {"source": 22, "prod": 0.0050906708646911245, "target": 0, "value": 2.0, "supply": [{"l": "Cereals, Other", "v": 2.0}]}, {"source": 22, "prod": 0.00077266411695485981, "target": 5, "value": 1.0, "supply": [{"l": "Potatoes", "v": 1.0}]}, {"source": 22, "prod": 0.018406454929859421, "target": 3, "value": 6.0, "supply": [{"l": "Wheat", "v": 6.0}]}, {"source": 22, "prod": 0.028346799567793235, "target": 23, "value": 24.0, "supply": [{"l": "Milk - Excluding Butter", "v": 11.0}, {"l": "Fish, Seafood", "v": 2.0}, {"l": "Eggs", "v": 1.0}, {"l": "Pigmeat", "v": 2.0}, {"l": "Poultry Meat", "v": 2.0}, {"l": "Bovine Meat", "v": 4.0}, {"l": "Marine Fish, Other", "v": 1.0}, {"l": "Crustaceans", "v": 1.0}]}, {"source": 22, "prod": 0.00038306138838433145, "target": 17, "value": 1.0, "supply": [{"l": "Oranges, Mandarines", "v": 1.0}]}, {"source": 22, "prod": 0.027528638071909878, "target": 24, "value": 12.0, "supply": [{"l": "Sweeteners, Other", "v": 1.0}, {"l": "Sugar", "v": 2.0}, {"l": "Beer", "v": 5.0}, {"l": "Beverages, Alcoholic", "v": 1.0}, {"l": "Oilcrops Oil, Other", "v": 1.0}, {"l": "Wine", "v": 2.0}]}, {"source": 22, "prod": 0.00056762400400859605, "target": 14, "value": 1.0, "supply": [{"l": "Apples", "v": 1.0}]}, {"source": 22, "prod": 0.0029132467264558824, "target": 8, "value": 7.0, "supply": [{"l": "Fruits, Other", "v": 7.0}]}, {"source": 22, "prod": 0.0030429744344851323, "target": 7, "value": 8.0, "supply": [{"l": "Vegetables, Other", "v": 8.0}]}, {"source": 7, "prod": 0.00038037180431064153, "target": 25, "value": 1.0, "supply": [{"l": "Vegetables, Other", "v": 1.0}]}, {"source": 8, "prod": 0.00041617810377941183, "target": 25, "value": 1.0, "supply": [{"l": "Fruits, Other", "v": 1.0}]}, {"source": 16, "prod": 0.0018860946251133292, "target": 25, "value": 1.0, "supply": [{"l": "Bovine Meat", "v": 1.0}]}, {"source": 11, "prod": 0.00060762161304218128, "target": 25, "value": 1.0, "supply": [{"l": "Milk - Excluding Butter", "v": 1.0}]}, {"source": 26, "prod": 0.00077266411695485981, "target": 5, "value": 1.0, "supply": [{"l": "Potatoes", "v": 1.0}]}, {"source": 26, "prod": 0.00076074360862128307, "target": 7, "value": 2.0, "supply": [{"l": "Vegetables, Other", "v": 2.0}]}, {"source": 23, "prod": 0.0072914593565061763, "target": 11, "value": 12.0, "supply": [{"l": "Milk - Excluding Butter", "v": 12.0}]}, {"source": 23, "prod": 0.0033723719564238332, "target": 9, "value": 1.0, "supply": [{"l": "Pigmeat", "v": 1.0}]}, {"source": 23, "prod": 0.0094304731255666456, "target": 16, "value": 5.0, "supply": [{"l": "Bovine Meat", "v": 5.0}]}, {"source": 23, "prod": 0.0016234859948059564, "target": 6, "value": 1.0, "supply": [{"l": "Eggs", "v": 1.0}]}, {"source": 23, "prod": 0.0042706405015593566, "target": 4, "value": 3.0, "supply": [{"l": "Poultry Meat", "v": 3.0}]}, {"source": 23, "prod": 0.0018239749321732129, "target": 13, "value": 2.0, "supply": [{"l": "Marine Fish, Other", "v": 2.0}]}, {"source": 23, "prod": 0.002032574953362341, "target": 15, "value": 3.0, "supply": [{"l": "Fish, Seafood", "v": 3.0}]}, {"source": 23, "prod": 0.00063622231352123218, "target": 20, "value": 1.0, "supply": [{"l": "Crustaceans", "v": 1.0}]}, {"source": 24, "prod": 0.010131610756055892, "target": 19, "value": 1.0, "supply": [{"l": "Oilcrops Oil, Other", "v": 1.0}]}, {"source": 24, "prod": 0.002073147670454651, "target": 2, "value": 1.0, "supply": [{"l": "Sweeteners, Other", "v": 1.0}]}, {"source": 24, "prod": 0.00078216387343467322, "target": 18, "value": 1.0, "supply": [{"l": "Wine", "v": 1.0}]}, {"source": 24, "prod": 0.0034194488014919699, "target": 12, "value": 6.0, "supply": [{"l": "Beer", "v": 6.0}]}, {"source": 24, "prod": 0.0074912058680294122, "target": 10, "value": 2.0, "supply": [{"l": "Sugar", "v": 2.0}]}]}