{"nodes": [{"layer": 5, "name": "Cereals, Other"}, {"layer": 16, "name": "Food", "fill": "#b5cf6b"}, {"layer": 13, "name": "Sweeteners, Other"}, {"layer": 5, "name": "Wheat"}, {"layer": 5, "name": "Bananas"}, {"layer": 5, "name": "Potatoes"}, {"layer": 13, "name": "Eggs"}, {"layer": 5, "name": "Vegetables, Other"}, {"layer": 5, "name": "Fruits, Other"}, {"layer": 13, "name": "Pigmeat"}, {"layer": 13, "name": "Sugar", "fill": "#d6616b"}, {"layer": 13, "name": "Milk - Excluding Butter"}, {"layer": 13, "name": "Beer"}, {"layer": 13, "name": "Marine Fish, Other"}, {"layer": 5, "name": "Apples"}, {"layer": 13, "name": "Poultry Meat"}, {"layer": 13, "name": "Bovine Meat"}, {"layer": 5, "name": "Oranges, Mandarines"}, {"layer": 13, "name": "Fish, Seafood"}, {"layer": 13, "name": "Wine"}, {"layer": 16, "name": "Biofuels & Other", "fill": "#e7ba52"}, {"layer": 13, "name": "Pelagic Fish"}, {"layer": 2, "name": "Import", "fill": "#aec7e8"}, {"layer": 10, "name": "Feed", "fill": "#dbdb8d"}, {"layer": 10, "name": "Processing", "fill": "#9edae5"}, {"layer": 16, "name": "Stock Deposit", "fill": "#c7c7c7"}, {"layer": 2, "name": "Electricity", "fill": "#bcbd22"}, {"layer": 0, "name": "Fossil Fuels", "fill": "#c49c94"}, {"layer": 0, "name": "Renewables & Nuclear", "fill": "#2ca02c"}, {"layer": 2, "name": "Fertilizers", "fill": "#c5b0d5"}, {"layer": 0, "name": "Labor", "fill": "#7f7f7f"}], "links": [{"source": 0, "prod": 1.0, "target": 1, "value": 0.002544501331845082, "supply": [{"l": "Cereals, Other", "v": 0.002544501331845082}]}, {"source": 2, "prod": 1.0, "target": 1, "value": 0.0020679886290544732, "supply": [{"l": "Sweeteners, Other", "v": 0.0020679886290544732}]}, {"source": 3, "prod": 3.0, "target": 1, "value": 0.0092040440034264117, "supply": [{"l": "Wheat", "v": 0.0092040440034264117}]}, {"source": 4, "prod": 1.0, "target": 1, "value": 0.00071806251935671648, "supply": [{"l": "Bananas", "v": 0.00071806251935671648}]}, {"source": 5, "prod": 2.0, "target": 1, "value": 0.0015528616369462486, "supply": [{"l": "Potatoes", "v": 0.0015528616369462486}]}, {"source": 6, "prod": 1.0, "target": 1, "value": 0.0016111046547688326, "supply": [{"l": "Eggs", "v": 0.0016111046547688326}]}, {"source": 7, "prod": 7.0, "target": 1, "value": 0.0026325134648091104, "supply": [{"l": "Vegetables, Other", "v": 0.0026325134648091104}]}, {"source": 8, "prod": 5.0, "target": 1, "value": 0.0021161344303882879, "supply": [{"l": "Fruits, Other", "v": 0.0021161344303882879}]}, {"source": 9, "prod": 1.0, "target": 1, "value": 0.003372134099722349, "supply": [{"l": "Pigmeat", "v": 0.003372134099722349}]}, {"source": 10, "prod": 2.0, "target": 1, "value": 0.0072771714146571444, "supply": [{"l": "Sugar", "v": 0.0072771714146571444}]}, {"source": 11, "prod": 10.0, "target": 1, "value": 0.0058955262996046361, "supply": [{"l": "Milk - Excluding Butter", "v": 0.0058955262996046361}]}, {"source": 12, "prod": 4.0, "target": 1, "value": 0.002274216589383636, "supply": [{"l": "Beer", "v": 0.002274216589383636}]}, {"source": 13, "prod": 2.0, "target": 1, "value": 0.0017778541479599561, "supply": [{"l": "Marine Fish, Other", "v": 0.0017778541479599561}]}, {"source": 14, "prod": 1.0, "target": 1, "value": 0.0005590802748795861, "supply": [{"l": "Apples", "v": 0.0005590802748795861}]}, {"source": 15, "prod": 2.0, "target": 1, "value": 0.0028521948433706608, "supply": [{"l": "Poultry Meat", "v": 0.0028521948433706608}]}, {"source": 16, "prod": 3.0, "target": 1, "value": 0.0054985566587232079, "supply": [{"l": "Bovine Meat", "v": 0.0054985566587232079}]}, {"source": 17, "prod": 1.0, "target": 1, "value": 0.00039342137706672845, "supply": [{"l": "Oranges, Mandarines", "v": 0.00039342137706672845}]}, {"source": 18, "prod": 2.0, "target": 1, "value": 0.0016880211859817982, "supply": [{"l": "Fish, Seafood", "v": 0.0016880211859817982}]}, {"source": 19, "prod": 1.0, "target": 1, "value": 0.00078967127383785835, "supply": [{"l": "Wine", "v": 0.00078967127383785835}]}, {"source": 11, "prod": 2.0, "target": 20, "value": 0.0011791052599209274, "supply": [{"l": "Milk - Excluding Butter", "v": 0.0011791052599209274}]}, {"source": 21, "prod": 2.0, "target": 20, "value": 0.002149375523316456, "supply": [{"l": "Pelagic Fish", "v": 0.002149375523316456}]}, {"source": 3, "prod": 1.0, "target": 20, "value": 0.0030680146678088043, "supply": [{"l": "Wheat", "v": 0.0030680146678088043}]}, {"source": 7, "prod": 1.0, "target": 20, "value": 0.00037607335211558722, "supply": [{"l": "Vegetables, Other", "v": 0.00037607335211558722}]}, {"source": 8, "prod": 1.0, "target": 20, "value": 0.00042322688607765766, "supply": [{"l": "Fruits, Other", "v": 0.00042322688607765766}]}, {"source": 10, "prod": 1.0, "target": 20, "value": 0.0036385857073285722, "supply": [{"l": "Sugar", "v": 0.0036385857073285722}]}, {"source": 15, "prod": 1.0, "target": 20, "value": 0.0014260974216853304, "supply": [{"l": "Poultry Meat", "v": 0.0014260974216853304}]}, {"source": 12, "prod": 1.0, "target": 20, "value": 0.000568554147345909, "supply": [{"l": "Beer", "v": 0.000568554147345909}]}, {"source": 18, "prod": 2.0, "target": 20, "value": 0.0016880211859817982, "supply": [{"l": "Fish, Seafood", "v": 0.0016880211859817982}]}, {"source": 22, "prod": 2.0, "target": 0, "value": 0.005089002663690164, "supply": [{"l": "Cereals, Other", "v": 0.005089002663690164}]}, {"source": 22, "prod": 1.0, "target": 5, "value": 0.00077643081847312428, "supply": [{"l": "Potatoes", "v": 0.00077643081847312428}]}, {"source": 22, "prod": 5.0, "target": 3, "value": 0.015340073339044023, "supply": [{"l": "Wheat", "v": 0.015340073339044023}]}, {"source": 22, "prod": 21.0, "target": 23, "value": 0.024924140952843378, "supply": [{"l": "Milk - Excluding Butter", "v": 0.0064850789295651011}, {"l": "Fish, Seafood", "v": 0.00084401059299089908}, {"l": "Eggs", "v": 0.0016111046547688326}, {"l": "Pigmeat", "v": 0.006744268199444698}, {"l": "Poultry Meat", "v": 0.0028521948433706608}, {"l": "Bovine Meat", "v": 0.0054985566587232079}, {"l": "Marine Fish, Other", "v": 0.00088892707397997804}]}, {"source": 22, "prod": 1.0, "target": 17, "value": 0.00039342137706672845, "supply": [{"l": "Oranges, Mandarines", "v": 0.00039342137706672845}]}, {"source": 22, "prod": 13.0, "target": 24, "value": 0.030721076059496078, "supply": [{"l": "Sweeteners, Other", "v": 0.0020679886290544732}, {"l": "Sugar", "v": 0.010915757121985717}, {"l": "Beer", "v": 0.0034113248840754533}, {"l": "Beverages, Alcoholic", "v": 0.0033960133268400002}, {"l": "Oilcrops Oil, Other", "v": 0.010140320823702578}, {"l": "Wine", "v": 0.00078967127383785835}]}, {"source": 22, "prod": 1.0, "target": 14, "value": 0.0005590802748795861, "supply": [{"l": "Apples", "v": 0.0005590802748795861}]}, {"source": 22, "prod": 5.0, "target": 8, "value": 0.0021161344303882879, "supply": [{"l": "Fruits, Other", "v": 0.0021161344303882879}]}, {"source": 22, "prod": 6.0, "target": 7, "value": 0.0022564401126935231, "supply": [{"l": "Vegetables, Other", "v": 0.0022564401126935231}]}, {"source": 12, "prod": 1.0, "target": 25, "value": 0.000568554147345909, "supply": [{"l": "Beer", "v": 0.000568554147345909}]}, {"source": 23, "prod": 3.0, "target": 15, "value": 0.0042782922650559914, "supply": [{"l": "Poultry Meat", "v": 0.0042782922650559914}]}, {"source": 23, "prod": 1.0, "target": 9, "value": 0.003372134099722349, "supply": [{"l": "Pigmeat", "v": 0.003372134099722349}]}, {"source": 23, "prod": 2.0, "target": 21, "value": 0.002149375523316456, "supply": [{"l": "Pelagic Fish", "v": 0.002149375523316456}]}, {"source": 23, "prod": 3.0, "target": 16, "value": 0.0054985566587232079, "supply": [{"l": "Bovine Meat", "v": 0.0054985566587232079}]}, {"source": 23, "prod": 1.0, "target": 6, "value": 0.0016111046547688326, "supply": [{"l": "Eggs", "v": 0.0016111046547688326}]}, {"source": 23, "prod": 12.0, "target": 11, "value": 0.0070746315595255635, "supply": [{"l": "Milk - Excluding Butter", "v": 0.0070746315595255635}]}, {"source": 23, "prod": 2.0, "target": 13, "value": 0.0017778541479599561, "supply": [{"l": "Marine Fish, Other", "v": 0.0017778541479599561}]}, {"source": 23, "prod": 4.0, "target": 18, "value": 0.0033760423719635963, "supply": [{"l": "Fish, Seafood", "v": 0.0033760423719635963}]}, {"source": 24, "prod": 1.0, "target": 2, "value": 0.0020679886290544732, "supply": [{"l": "Sweeteners, Other", "v": 0.0020679886290544732}]}, {"source": 24, "prod": 1.0, "target": 19, "value": 0.00078967127383785835, "supply": [{"l": "Wine", "v": 0.00078967127383785835}]}, {"source": 24, "prod": 6.0, "target": 12, "value": 0.0034113248840754542, "supply": [{"l": "Beer", "v": 0.0034113248840754542}]}, {"source": 24, "prod": 3.0, "target": 10, "value": 0.010915757121985717, "supply": [{"l": "Sugar", "v": 0.010915757121985717}]}, {"source": 26, "prod": 0, "target": 24, "value": 0.0084269584086726582, "supply": "[{\"l\":'Electricity',\"v\":0.0084269584086726582}]"}, {"source": 27, "prod": 0, "target": 26, "value": 0.014249415197425045, "supply": [{"l": "Coal", "v": 0.0085184673603316222}, {"l": "Natural gas", "v": 0.0019385062358056914}, {"l": "Oil", "v": 0.0037924416012877311}]}, {"source": 28, "prod": 0, "target": 26, "value": 0.0027913005235414255, "supply": [{"l": "Nuclear", "v": 0.00090658780979754254}, {"l": "Hydroelectric", "v": 0.0018465746263376125}, {"l": "Renewable", "v": 3.8138087406270244e-05}]}, {"source": 27, "prod": 0, "target": 5, "value": 0.01172236163430457, "supply": [{"l": "Other fossil fuels", "v": 0.01172236163430457}]}, {"source": 27, "prod": 0, "target": 7, "value": 0.039074538781015238, "supply": [{"l": "Other fossil fuels", "v": 0.039074538781015238}]}, {"source": 29, "prod": 0.033111111111111105, "target": 5, "value": 0.0002816771607191688, "supply": [{"l": "Potash", "v": 0.00025126111131212002}, {"l": "Phosphate", "v": 0.00041241666699660002}, {"l": "Nitrogen", "v": 0.0018714166681637996}]}, {"source": 29, "prod": 0.11037037037037035, "target": 7, "value": 0.00093892386906389608, "supply": [{"l": "Potash", "v": 0.00025126111131212002}, {"l": "Phosphate", "v": 0.00041241666699660002}, {"l": "Nitrogen", "v": 0.0018714166681637996}]}, {"source": 27, "prod": 0, "target": 29, "value": 0.003229406710981827, "supply": [{"l": "Natural gas (including LNG)", "v": 0.0021280863393989772}, {"l": "Fuel oil", "v": 0.00077050782682667432}, {"l": "Liquefied petroleum gas (LPG)", "v": 0.00016540627237808769}, {"l": "Coal", "v": 0.00016540627237808769}]}, {"source": 30, "prod": 0, "target": 0, "value": 2.9977903355379288e-05, "supply": "[{\"l\":'Labor',\"v\":2.9977903355379288e-05}]"}, {"source": 30, "prod": 0, "target": 3, "value": 0.00011991161342151715, "supply": "[{\"l\":'Labor',\"v\":0.00011991161342151715}]"}, {"source": 30, "prod": 0, "target": 4, "value": 2.9977903355379288e-05, "supply": "[{\"l\":'Labor',\"v\":2.9977903355379288e-05}]"}, {"source": 30, "prod": 0, "target": 5, "value": 8.9933710066137867e-05, "supply": "[{\"l\":'Labor',\"v\":8.9933710066137867e-05}]"}, {"source": 30, "prod": 0, "target": 7, "value": 0.0002997790335537929, "supply": "[{\"l\":'Labor',\"v\":0.0002997790335537929}]"}, {"source": 30, "prod": 0, "target": 8, "value": 0.00017986742013227573, "supply": "[{\"l\":'Labor',\"v\":0.00017986742013227573}]"}, {"source": 30, "prod": 0, "target": 14, "value": 2.9977903355379288e-05, "supply": "[{\"l\":'Labor',\"v\":2.9977903355379288e-05}]"}, {"source": 30, "prod": 0, "target": 17, "value": 2.9977903355379288e-05, "supply": "[{\"l\":'Labor',\"v\":2.9977903355379288e-05}]"}, {"source": 27, "prod": 0, "target": 22, "value": 0.39795636222270631, "supply": "[{\"l\":'Fossil Fuels',\"v\":0.39795636222270631}]"}, {"source": 28, "prod": 0, "target": 22, "value": 0.088539863515078615, "supply": "[{\"l\":'Renewables & Nuclear',\"v\":0.028972484031596718},{\"l\":'Biomass & Waste',\"v\":0.059567379483481897}]"}]}