{"nodes": [{"layer": 13, "name": "Other Processed", "fill": "#9c9ede"}, {"layer": 16, "name": "Food", "fill": "#b5cf6b"}, {"layer": 13, "name": "Animal Products", "fill": "#17becf"}, {"layer": 5, "name": "Cereals", "fill": "#e7ba52"}, {"layer": 5, "name": "Fruits, Roots & Vegetables", "fill": "#98df8a"}, {"layer": 13, "name": "Sugar", "fill": "#d6616b"}, {"layer": 13, "name": "Aquatic Products", "fill": "#1f77b4"}, {"layer": 16, "name": "Biofuels & Other", "fill": "#e7ba52"}, {"layer": 2, "name": "Import", "fill": "#aec7e8"}, {"layer": 10, "name": "Processing", "fill": "#9edae5"}, {"layer": 10, "name": "Feed", "fill": "#dbdb8d"}, {"layer": 0, "name": "Stock Draw", "fill": "#c7c7c7"}, {"name": "Crop Residue", "fill": "#bd9e39"}, {"layer": 2, "name": "Electricity", "fill": "#bcbd22"}, {"layer": 0, "name": "Fossil Fuels", "fill": "#c49c94"}, {"layer": 0, "name": "Renewables & Nuclear", "fill": "#2ca02c"}, {"layer": 2, "name": "Fertilizers", "fill": "#c5b0d5"}, {"layer": 0, "name": "Labor", "fill": "#7f7f7f"}], "links": [{"source": 0, "prod": 5.0, "target": 1, "value": 0.0030798821991092767, "supply": [{"l": "Beer", "v": 0.0022906583741415156}, {"l": "Wine", "v": 0.00078922382496776102}]}, {"source": 2, "prod": 16.0, "target": 1, "value": 0.017968727278705444, "supply": [{"l": "Milk - Excluding Butter", "v": 0.0057829399304232219}, {"l": "Eggs", "v": 0.0016143766594236288}, {"l": "Pigmeat", "v": 0.0033307309992546097}, {"l": "Poultry Meat", "v": 0.0014226365535202235}, {"l": "Bovine Meat", "v": 0.0058180431360837573}]}, {"source": 3, "prod": 6.0, "target": 1, "value": 0.017379877944273054, "supply": [{"l": "Cereals, Other", "v": 0.0050922013469218144}, {"l": "Wheat", "v": 0.012287676597351239}]}, {"source": 4, "prod": 16.0, "target": 1, "value": 0.0072767787747431163, "supply": [{"l": "Bananas", "v": 0.00072194160859693883}, {"l": "Potatoes", "v": 0.00078520539348901739}, {"l": "Vegetables, Other", "v": 0.0027058682492114529}, {"l": "Fruits, Other", "v": 0.0020861224722017141}, {"l": "Apples", "v": 0.0005691642447217878}, {"l": "Oranges, Mandarines", "v": 0.0004084768065222058}]}, {"source": 5, "prod": 3.0, "target": 1, "value": 0.0083121342174870064, "supply": [{"l": "Sweeteners, Other", "v": 0.0020232206492647839}, {"l": "Sugar", "v": 0.006288913568222222}]}, {"source": 6, "prod": 4.0, "target": 1, "value": 0.0035121828294796629, "supply": [{"l": "Marine Fish, Other", "v": 0.0017459462032377135}, {"l": "Fish, Seafood", "v": 0.0017662366262419496}]}, {"source": 0, "prod": 1.0, "target": 7, "value": 0.0005726645935353789, "supply": [{"l": "Beer", "v": 0.0005726645935353789}]}, {"source": 2, "prod": 2.0, "target": 7, "value": 0.0011565879860846444, "supply": [{"l": "Milk - Excluding Butter", "v": 0.0011565879860846444}]}, {"source": 3, "prod": 2.0, "target": 7, "value": 0.0056180198227987165, "supply": [{"l": "Cereals, Other", "v": 0.0025461006734609072}, {"l": "Wheat", "v": 0.0030719191493378097}]}, {"source": 4, "prod": 2.0, "target": 7, "value": 0.00080377710147055037, "supply": [{"l": "Vegetables, Other", "v": 0.00038655260703020748}, {"l": "Fruits, Other", "v": 0.00041722449444034284}]}, {"source": 5, "prod": 1.0, "target": 7, "value": 0.003144456784111111, "supply": [{"l": "Sugar", "v": 0.003144456784111111}]}, {"source": 6, "prod": 4.0, "target": 7, "value": 0.0039501680261390558, "supply": [{"l": "Pelagic Fish", "v": 0.0021839313998971059}, {"l": "Fish, Seafood", "v": 0.0017662366262419496}]}, {"source": 8, "prod": 12.0, "target": 9, "value": 0.026360786430859793, "supply": [{"l": "Sweeteners, Other", "v": 0.0020232206492647839}, {"l": "Sugar", "v": 0.006288913568222222}, {"l": "Beer", "v": 0.0028633229676768945}, {"l": "Beverages, Alcoholic", "v": 0.0034146386284497261}, {"l": "Oilcrops Oil, Other", "v": 0.010192242967310645}, {"l": "Wine", "v": 0.001578447649935522}]}, {"source": 8, "prod": 7.0, "target": 3, "value": 0.020451797093610863, "supply": [{"l": "Cereals, Other", "v": 0.0050922013469218144}, {"l": "Wheat", "v": 0.015359595746689048}]}, {"source": 8, "prod": 19.0, "target": 10, "value": 0.023899892253177787, "supply": [{"l": "Milk - Excluding Butter", "v": 0.0052046459373808994}, {"l": "Fish, Seafood", "v": 0.0008831183131209748}, {"l": "Eggs", "v": 0.0016143766594236288}, {"l": "Pigmeat", "v": 0.0066614619985092193}, {"l": "Poultry Meat", "v": 0.002845273107040447}, {"l": "Bovine Meat", "v": 0.0058180431360837573}, {"l": "Marine Fish, Other", "v": 0.00087297310161885675}]}, {"source": 8, "prod": 14.0, "target": 4, "value": 0.0061682845591159701, "supply": [{"l": "Potatoes", "v": 0.00078520539348901739}, {"l": "Vegetables, Other", "v": 0.002319315642181245}, {"l": "Fruits, Other", "v": 0.0020861224722017141}, {"l": "Apples", "v": 0.0005691642447217878}, {"l": "Oranges, Mandarines", "v": 0.0004084768065222058}]}, {"source": 11, "prod": 1.0, "target": 4, "value": 0.00041722449444034284, "supply": [{"l": "Fruits, Other", "v": 0.00041722449444034284}]}, {"source": 11, "prod": 2.0, "target": 10, "value": 0.0011565879860846444, "supply": [{"l": "Milk - Excluding Butter", "v": 0.0011565879860846444}]}, {"source": 10, "prod": 8.0, "target": 6, "value": 0.0074623508556187186, "supply": [{"l": "Pelagic Fish", "v": 0.0021839313998971059}, {"l": "Marine Fish, Other", "v": 0.0017459462032377135}, {"l": "Fish, Seafood", "v": 0.0035324732524838992}]}, {"source": 10, "prod": 18.0, "target": 2, "value": 0.01912531526479009, "supply": [{"l": "Milk - Excluding Butter", "v": 0.0069395279165078661}, {"l": "Poultry Meat", "v": 0.0014226365535202235}, {"l": "Eggs", "v": 0.0016143766594236288}, {"l": "Pigmeat", "v": 0.0033307309992546097}, {"l": "Bovine Meat", "v": 0.0058180431360837573}]}, {"source": 9, "prod": 6.0, "target": 0, "value": 0.0036525467926446556, "supply": [{"l": "Beer", "v": 0.0028633229676768945}, {"l": "Wine", "v": 0.00078922382496776102}]}, {"source": 9, "prod": 4.0, "target": 5, "value": 0.011456591001598118, "supply": [{"l": "Sweeteners, Other", "v": 0.0020232206492647839}, {"l": "Sugar", "v": 0.0094333703523333326}]}, {"source": 4, "prod": 10.5, "target": 12, "value": 0.025624716730189488, "supply": [{"l": "Potatoes", "v": 0.0017433333299999999}, {"l": "Vegetables, Other", "v": 0.017433333300000003}]}, {"source": 3, "prod": 8.0, "target": 12, "value": 0.026102901637832066, "supply": [{"l": "Cereals, Other", "v": 0.010459999980000001}, {"l": "Wheat", "v": 0.017433333299999999}]}, {"source": 13, "prod": 0, "target": 9, "value": 0.0096923412366213303, "supply": "[{\"l\":'Electricity',\"v\":0.0096923412366213303}]"}, {"source": 14, "prod": 0, "target": 13, "value": 0.016010794151078814, "supply": [{"l": "Coal", "v": 0.009984757621347453}, {"l": "Natural gas", "v": 0.0021328132047826343}, {"l": "Oil", "v": 0.0038932233249487263}]}, {"source": 15, "prod": 0, "target": 13, "value": 0.0033519855813138461, "supply": [{"l": "Nuclear", "v": 0.0011122181731159824}, {"l": "Hydroelectric", "v": 0.0021841931652468111}, {"l": "Renewable", "v": 5.557424295105279e-05}]}, {"source": 14, "prod": 0, "target": 4, "value": 0.08736706232228926, "supply": [{"l": "Other fossil fuels", "v": 0.08736706232228926}]}, {"source": 16, "prod": 0.14555172413793105, "target": 4, "value": 0.0012187261504002682, "supply": [{"l": "Potash", "v": 0.00017178055569297998}, {"l": "Phosphate", "v": 0.00028195833355889997}, {"l": "Nitrogen", "v": 0.0012292638898722999}]}, {"source": 14, "prod": 0, "target": 16, "value": 0.0021487308639674646, "supply": [{"l": "Natural gas (including LNG)", "v": 0.0014147085690019519}, {"l": "Fuel oil", "v": 0.00051672385870410334}, {"l": "Liquefied petroleum gas (LPG)", "v": 0.0001086492181307047}, {"l": "Coal", "v": 0.0001086492181307047}]}, {"source": 17, "prod": 0, "target": 3, "value": 0.00022388594262610705, "supply": "[{\"l\":'Labor',\"v\":0.00022388594262610705}]"}, {"source": 17, "prod": 0, "target": 4, "value": 0.00058770059939353104, "supply": "[{\"l\":'Labor',\"v\":0.00058770059939353104}]"}, {"source": 14, "prod": 0, "target": 8, "value": 0.38789185577677349, "supply": "[{\"l\":'Fossil Fuels',\"v\":0.38789185577677349}]"}, {"source": 15, "prod": 0, "target": 8, "value": 0.090337540972085267, "supply": "[{\"l\":'Renewables & Nuclear',\"v\":0.030242901882848928},{\"l\":'Biomass & Waste',\"v\":0.060094639089236346}]"}]}