{"nodes": [{"layer": 13, "name": "Other Processed", "fill": "#9c9ede"}, {"layer": 16, "name": "Food", "fill": "#b5cf6b"}, {"layer": 13, "name": "Animal Products", "fill": "#17becf"}, {"layer": 5, "name": "Cereals", "fill": "#e7ba52"}, {"layer": 5, "name": "Oilcrops", "fill": "#ff9896"}, {"layer": 5, "name": "Fruits, Roots & Vegetables", "fill": "#98df8a"}, {"layer": 13, "name": "Sugar", "fill": "#d6616b"}, {"layer": 10, "name": "Processing", "fill": "#9edae5"}, {"name": "Waste", "fill": "#c7c7c7"}, {"layer": 2, "name": "Import", "fill": "#aec7e8"}, {"layer": 10, "name": "Feed", "fill": "#dbdb8d"}, {"layer": 16, "name": "Export", "fill": "#aec7e8"}, {"layer": 13, "name": "Vegetable Oils", "fill": "#f7b6d2"}, {"layer": 0, "name": "Stock Draw", "fill": "#c7c7c7"}, {"layer": 16, "name": "Stock Deposit", "fill": "#c7c7c7"}, {"layer": 2, "name": "Electricity", "fill": "#bcbd22"}, {"layer": 0, "name": "Fossil Fuels", "fill": "#c49c94"}, {"layer": 0, "name": "Renewables & Nuclear", "fill": "#2ca02c"}, {"layer": 0, "name": "Labor", "fill": "#7f7f7f"}], "links": [{"source": 0, "prod": 2.0, "target": 1, "value": 0.001600344607863219, "supply": [{"l": "Wine", "v": 0.001600344607863219}]}, {"source": 2, "prod": 2.0, "target": 1, "value": 0.0011078773358547194, "supply": [{"l": "Milk - Excluding Butter", "v": 0.0011078773358547194}]}, {"source": 3, "prod": 7.0, "target": 1, "value": 0.024187990471736615, "supply": [{"l": "Maize", "v": 0.0077989103659693807}, {"l": "Wheat", "v": 0.01217453007395324}, {"l": "Rice", "v": 0.0042145500318139951}]}, {"source": 4, "prod": 13.0, "target": 1, "value": 0.014078782271765879, "supply": [{"l": "Coconuts - Incl Copra", "v": 0.014078782271765879}]}, {"source": 5, "prod": 17.0, "target": 1, "value": 0.016653183304306176, "supply": [{"l": "Vegetables, Other", "v": 0.00049626993310386688}, {"l": "Bananas", "v": 0.0013918087405081969}, {"l": "Roots, Other", "v": 0.0077013328748820019}, {"l": "Fruits, Other", "v": 0.00053654485647100373}, {"l": "Pulses, Other", "v": 0.0039707484655675026}, {"l": "Cassava", "v": 0.0025564784337736056}]}, {"source": 6, "prod": 2.0, "target": 1, "value": 0.0082710926298395424, "supply": [{"l": "Sugar", "v": 0.0082710926298395424}]}, {"source": 4, "prod": 6.6428571428571432, "target": 7, "value": 0.021874972418045029, "supply": [{"l": "Coconuts - Incl Copra", "v": 0.0021659665033485968}, {"l": "Oil Palm", "v": 0.019709005914696431}]}, {"source": 5, "prod": 1.0, "target": 8, "value": 0.00085570365276466695, "supply": [{"l": "Roots, Other", "v": 0.00085570365276466695}]}, {"source": 4, "prod": 2.0, "target": 8, "value": 0.0021659665033485968, "supply": [{"l": "Coconuts - Incl Copra", "v": 0.0021659665033485968}]}, {"source": 9, "prod": 4.0, "target": 7, "value": 0.0098714372377027605, "supply": [{"l": "Wine", "v": 0.001600344607863219}, {"l": "Sugar", "v": 0.0082710926298395424}]}, {"source": 9, "prod": 8.0, "target": 3, "value": 0.028402540503550611, "supply": [{"l": "Maize", "v": 0.0077989103659693807}, {"l": "Wheat", "v": 0.01217453007395324}, {"l": "Rice", "v": 0.0084291000636279902}]}, {"source": 9, "prod": 2.0, "target": 10, "value": 0.0011078773358547194, "supply": [{"l": "Milk - Excluding Butter", "v": 0.0011078773358547194}]}, {"source": 9, "prod": 1.0, "target": 5, "value": 0.0039707484655675026, "supply": [{"l": "Pulses, Other", "v": 0.0039707484655675026}]}, {"source": 5, "prod": 6.0, "target": 11, "value": 0.014982411736058824, "supply": [{"l": "Cocoa Beans", "v": 0.014982411736058824}]}, {"source": 12, "prod": 1.0, "target": 11, "value": 0.0098545029573482157, "supply": [{"l": "Palm Oil", "v": 0.0098545029573482157}]}, {"source": 4, "prod": 24.0, "target": 11, "value": 0.02599159804018316, "supply": [{"l": "Coconuts - Incl Copra", "v": 0.02599159804018316}]}, {"source": 13, "prod": 1.0, "target": 5, "value": 0.002497068622676471, "supply": [{"l": "Cocoa Beans", "v": 0.002497068622676471}]}, {"source": 4, "prod": 1.0, "target": 14, "value": 0.0010829832516742984, "supply": [{"l": "Coconuts - Incl Copra", "v": 0.0010829832516742984}]}, {"source": 10, "prod": 2.0, "target": 2, "value": 0.0011078773358547194, "supply": [{"l": "Milk - Excluding Butter", "v": 0.0011078773358547194}]}, {"source": 7, "prod": 2.0, "target": 0, "value": 0.001600344607863219, "supply": [{"l": "Wine", "v": 0.001600344607863219}]}, {"source": 7, "prod": 1.0, "target": 12, "value": 0.0098545029573482157, "supply": [{"l": "Palm Oil", "v": 0.0098545029573482157}]}, {"source": 7, "prod": 2.0, "target": 6, "value": 0.0082710926298395424, "supply": [{"l": "Sugar", "v": 0.0082710926298395424}]}, {"source": 15, "prod": 0, "target": 5, "value": 0.00082242061029469393, "supply": "[{\"l\":'Energy for power irrigation',\"v\":0.00082242061029469393}]"}, {"source": 15, "prod": 0, "target": 3, "value": 0.00013158729764715103, "supply": "[{\"l\":'Energy for power irrigation',\"v\":0.00013158729764715103}]"}, {"source": 15, "prod": 0, "target": 4, "value": 0.0015344018814926715, "supply": "[{\"l\":'Energy for power irrigation',\"v\":0.0015344018814926715}]"}, {"source": 15, "prod": 0, "target": 7, "value": 8.7819274894254638e-05, "supply": "[{\"l\":'Electricity',\"v\":8.7819274894254638e-05}]"}, {"source": 16, "prod": 0, "target": 15, "value": 0.001259469690952086, "supply": [{"l": "Coal", "v": 4.4111623035465469e-05}, {"l": "Natural gas", "v": 0.00028112861697133644}, {"l": "Oil", "v": 0.0009342294509452839}]}, {"source": 17, "prod": 0, "target": 15, "value": 0.0020812588439082479, "supply": [{"l": "Nuclear", "v": 0.0}, {"l": "Hydroelectric", "v": 0.0020748689602285392}, {"l": "Renewable", "v": 6.3898836797088609e-06}]}, {"source": 16, "prod": 0, "target": 5, "value": 0.00071223951875326672, "supply": [{"l": "Other fossil fuels", "v": 0.00071223951875326672}]}, {"source": 16, "prod": 0, "target": 3, "value": 0.00011395832300052267, "supply": [{"l": "Other fossil fuels", "v": 0.00011395832300052267}]}, {"source": 16, "prod": 0, "target": 4, "value": 0.0013288354449882372, "supply": [{"l": "Other fossil fuels", "v": 0.0013288354449882372}]}, {"source": 18, "prod": 0, "target": 3, "value": 0.00057682519569389891, "supply": "[{\"l\":'Labor',\"v\":0.00057682519569389891}]"}, {"source": 18, "prod": 0, "target": 4, "value": 0.0067261937997877838, "supply": "[{\"l\":'Labor',\"v\":0.0067261937997877838}]"}, {"source": 18, "prod": 0, "target": 5, "value": 0.0036051574730868682, "supply": "[{\"l\":'Labor',\"v\":0.0036051574730868682}]"}, {"source": 16, "prod": 0, "target": 9, "value": 0.0175876613405762, "supply": "[{\"l\":'Fossil Fuels',\"v\":0.0175876613405762}]"}, {"source": 17, "prod": 0, "target": 9, "value": 0.10695171436727406, "supply": "[{\"l\":'Renewables & Nuclear',\"v\":0.00229339620962607},{\"l\":'Biomass & Waste',\"v\":0.10465831815764799}]"}]}