{"nodes": [{"layer": 3, "name": "Fruits, Roots & Vegetables", "fill": "#98df8a"}, {"layer": 5, "name": "Production", "fill": "#b5cf6b"}, {"layer": 3, "name": "Cereals", "fill": "#e7ba52"}, {"layer": 3, "name": "Oilcrops", "fill": "#ff9896"}, {"layer": 1, "name": "Electricity", "fill": "#bcbd22"}, {"layer": 0, "name": "Fossil Fuels", "fill": "#c49c94"}, {"layer": 0, "name": "Renewables & Nuclear", "fill": "#2ca02c"}, {"layer": 0, "name": "Labor", "fill": "#7f7f7f"}], "links": [{"source": 0, "prod": 26.0, "target": 1, "value": 0.026372627137439549, "supply": [{"l": "Roots, Other", "v": 0.005494136449049474}, {"l": "Bananas", "v": 0.00349864010320055}, {"l": "Cocoa Beans", "v": 0.0067026578819210543}, {"l": "Vegetables, Other", "v": 0.00077720444489581526}, {"l": "Fruits, Other", "v": 0.0010259858993474321}, {"l": "Yams", "v": 0.0011762010892707809}, {"l": "Cassava", "v": 0.0076978012697544399}]}, {"source": 2, "prod": 1.0, "target": 1, "value": 0.0039055174308968731, "supply": [{"l": "Maize", "v": 0.0039055174308968731}]}, {"source": 3, "prod": 35.0, "target": 1, "value": 0.037886470585794065, "supply": [{"l": "Coconuts - Incl Copra", "v": 0.037886470585794065}]}, {"source": 4, "prod": 0, "target": 0, "value": 0.00097693125066688428, "supply": "[{\"l\":'Energy for power irrigation',\"v\":0.00097693125066688428}]"}, {"source": 4, "prod": 0, "target": 2, "value": 0.00020275931617614581, "supply": "[{\"l\":'Energy for power irrigation',\"v\":0.00020275931617614581}]"}, {"source": 4, "prod": 0, "target": 3, "value": 0.0013087192225914863, "supply": "[{\"l\":'Energy for power irrigation',\"v\":0.0013087192225914863}]"}, {"source": 5, "prod": 0, "target": 4, "value": 0.0015960616573480501, "supply": [{"l": "Coal", "v": 3.7322757084782499e-05}, {"l": "Natural gas", "v": 0.00056256815649353487}, {"l": "Oil", "v": 0.00099617074376973265}]}, {"source": 6, "prod": 0, "target": 4, "value": 0.0018365276795519272, "supply": [{"l": "Nuclear", "v": 0.0}, {"l": "Hydroelectric", "v": 0.0018315528867404998}, {"l": "Renewable", "v": 4.9747928114273337e-06}]}, {"source": 5, "prod": 0, "target": 0, "value": 0.00098527354019260402, "supply": [{"l": "Other fossil fuels", "v": 0.00098527354019260402}]}, {"source": 5, "prod": 0, "target": 2, "value": 0.00020449073475695557, "supply": [{"l": "Other fossil fuels", "v": 0.00020449073475695557}]}, {"source": 5, "prod": 0, "target": 3, "value": 0.0013198947425221675, "supply": [{"l": "Other fossil fuels", "v": 0.0013198947425221675}]}, {"source": 7, "prod": 0, "target": 0, "value": 0.0049496894238693018, "supply": "[{\"l\":'Labor',\"v\":0.0049496894238693018}]"}, {"source": 7, "prod": 0, "target": 2, "value": 0.0010272940313691005, "supply": "[{\"l\":'Labor',\"v\":0.0010272940313691005}]"}, {"source": 7, "prod": 0, "target": 3, "value": 0.0066307160206551018, "supply": "[{\"l\":'Labor',\"v\":0.0066307160206551018}]"}]}