{"nodes": [{"layer": 13, "name": "Other Processed", "fill": "#9c9ede"}, {"layer": 16, "name": "Food", "fill": "#b5cf6b"}, {"layer": 13, "name": "Animal Products", "fill": "#17becf"}, {"layer": 5, "name": "Cereals", "fill": "#e7ba52"}, {"layer": 5, "name": "Oilcrops", "fill": "#ff9896"}, {"layer": 5, "name": "Fruits, Roots & Vegetables", "fill": "#98df8a"}, {"layer": 13, "name": "Sugar", "fill": "#d6616b"}, {"layer": 13, "name": "Aquatic Products", "fill": "#1f77b4"}, {"layer": 13, "name": "Vegetable Oils", "fill": "#f7b6d2"}, {"layer": 10, "name": "Processing", "fill": "#9edae5"}, {"layer": 5, "name": "Sugar Crops", "fill": "#ffbb78"}, {"layer": 16, "name": "Biofuels & Other", "fill": "#e7ba52"}, {"name": "Seed", "fill": "#dbdb8d"}, {"name": "Waste", "fill": "#c7c7c7"}, {"layer": 0, "name": "Import", "fill": "#aec7e8"}, {"layer": 10, "name": "Feed", "fill": "#dbdb8d"}, {"layer": 16, "name": "Export", "fill": "#aec7e8"}, {"layer": 16, "name": "Stock Deposit", "fill": "#c7c7c7"}, {"layer": 0, "name": "Production", "fill": "#b5cf6b"}], "links": [{"source": 0, "prod": 0.36600479307154565, "target": 1, "value": 439.0, "supply": [{"l": "Fats, Animals, Raw", "v": 1.0}, {"l": "Beer", "v": 60.0}, {"l": "Beverages, Fermented", "v": 378.0}]}, {"source": 2, "prod": 0.12272017280379247, "target": 1, "value": 114.0, "supply": [{"l": "Pigmeat", "v": 3.0}, {"l": "Milk - Excluding Butter", "v": 82.0}, {"l": "Meat, Other", "v": 6.0}, {"l": "Mutton & Goat Meat", "v": 4.0}, {"l": "Bovine Meat", "v": 13.0}, {"l": "Eggs", "v": 1.0}, {"l": "Poultry Meat", "v": 1.0}, {"l": "Offals, Edible", "v": 4.0}]}, {"source": 3, "prod": 0.88074174934411875, "target": 1, "value": 236.0, "supply": [{"l": "Maize", "v": 74.0}, {"l": "Rice", "v": 9.0}, {"l": "Sorghum", "v": 139.0}, {"l": "Cereals, Other", "v": 2.0}, {"l": "Wheat", "v": 10.0}, {"l": "Millet", "v": 2.0}]}, {"source": 4, "prod": 0.052689661313396363, "target": 1, "value": 10.0, "supply": [{"l": "Soyabeans", "v": 6.0}, {"l": "Groundnuts", "v": 4.0}]}, {"source": 5, "prod": 3.5617411209530028, "target": 1, "value": 2915.0, "supply": [{"l": "Roots, Other", "v": 28.0}, {"l": "Potatoes", "v": 212.0}, {"l": "Fruits, Other", "v": 27.0}, {"l": "Yams", "v": 5.0}, {"l": "Beans", "v": 173.0}, {"l": "Tomatoes", "v": 1.0}, {"l": "Vegetables, Other", "v": 156.0}, {"l": "Peas", "v": 30.0}, {"l": "Sweet potatoes", "v": 765.0}, {"l": "Plantains", "v": 1031.0}, {"l": "Cassava", "v": 487.0}]}, {"source": 6, "prod": 0.041080806373064521, "target": 1, "value": 10.0, "supply": [{"l": "Sugar", "v": 10.0}]}, {"source": 7, "prod": 0.0018667262630892864, "target": 1, "value": 2.0, "supply": [{"l": "Freshwater Fish", "v": 1.0}, {"l": "Fish, Seafood", "v": 1.0}]}, {"source": 8, "prod": 0.051789203234310001, "target": 1, "value": 5.0, "supply": [{"l": "Groundnut Oil", "v": 3.0}, {"l": "Oilcrops Oil, Other", "v": 1.0}, {"l": "Palm Oil", "v": 1.0}]}, {"source": 5, "prod": 0.96082328271570749, "target": 9, "value": 928.0, "supply": [{"l": "Plantains", "v": 928.0}]}, {"source": 10, "prod": 0.0094603228390542863, "target": 9, "value": 26.0, "supply": [{"l": "Sugar cane", "v": 26.0}]}, {"source": 3, "prod": 0.16311600075553279, "target": 9, "value": 45.0, "supply": [{"l": "Sorghum", "v": 37.0}, {"l": "Barley", "v": 8.0}]}, {"source": 4, "prod": 0.04358217102778001, "target": 9, "value": 7.0, "supply": [{"l": "Groundnuts", "v": 7.0}]}, {"source": 8, "prod": 0.0424501665855, "target": 11, "value": 4.0, "supply": [{"l": "Palm Oil", "v": 4.0}]}, {"source": 5, "prod": 0.061447464528391976, "target": 12, "value": 41.0, "supply": [{"l": "Beans", "v": 8.0}, {"l": "Potatoes", "v": 32.0}, {"l": "Peas", "v": 1.0}]}, {"source": 3, "prod": 0.022527576414978295, "target": 12, "value": 6.0, "supply": [{"l": "Maize", "v": 2.0}, {"l": "Sorghum", "v": 4.0}]}, {"source": 4, "prod": 0.0062260244325400005, "target": 12, "value": 1.0, "supply": [{"l": "Groundnuts", "v": 1.0}]}, {"source": 5, "prod": 0.3869578233601571, "target": 13, "value": 349.0, "supply": [{"l": "Vegetables, Other", "v": 17.0}, {"l": "Potatoes", "v": 10.0}, {"l": "Roots, Other", "v": 3.0}, {"l": "Fruits, Other", "v": 1.0}, {"l": "Peas", "v": 2.0}, {"l": "Yams", "v": 1.0}, {"l": "Plantains", "v": 232.0}, {"l": "Sweet potatoes", "v": 57.0}, {"l": "Beans", "v": 10.0}, {"l": "Cassava", "v": 16.0}]}, {"source": 0, "prod": 0.036314301798805314, "target": 13, "value": 42.0, "supply": [{"l": "Beverages, Fermented", "v": 42.0}]}, {"source": 2, "prod": 0.0029712365464899548, "target": 13, "value": 4.0, "supply": [{"l": "Milk - Excluding Butter", "v": 4.0}]}, {"source": 3, "prod": 0.059414700715904115, "target": 13, "value": 16.0, "supply": [{"l": "Maize", "v": 8.0}, {"l": "Wheat", "v": 1.0}, {"l": "Rice", "v": 1.0}, {"l": "Sorghum", "v": 6.0}]}, {"source": 4, "prod": 0.0062260244325400005, "target": 13, "value": 1.0, "supply": [{"l": "Groundnuts", "v": 1.0}]}, {"source": 14, "prod": 0.092431814339395166, "target": 9, "value": 13.0, "supply": [{"l": "Palm Oil", "v": 5.0}, {"l": "Oilcrops Oil, Other", "v": 1.0}, {"l": "Sugar", "v": 7.0}]}, {"source": 14, "prod": 0.082143239799987569, "target": 3, "value": 25.0, "supply": [{"l": "Cereals, Other", "v": 2.0}, {"l": "Wheat", "v": 9.0}, {"l": "Barley", "v": 8.0}, {"l": "Rice", "v": 6.0}]}, {"source": 14, "prod": 0.0066852822296023986, "target": 15, "value": 9.0, "supply": [{"l": "Milk - Excluding Butter", "v": 9.0}]}, {"source": 14, "prod": 0.00020291666627868073, "target": 5, "value": 1.0, "supply": [{"l": "Tomatoes", "v": 1.0}]}, {"source": 5, "prod": 0.025536277550960745, "target": 16, "value": 37.0, "supply": [{"l": "Tea", "v": 6.0}, {"l": "Coffee", "v": 29.0}, {"l": "Beans", "v": 1.0}, {"l": "Peas", "v": 1.0}]}, {"source": 5, "prod": 0.33319993622981287, "target": 17, "value": 300.0, "supply": [{"l": "Plantains", "v": 130.0}, {"l": "Sweet potatoes", "v": 135.0}, {"l": "Peas", "v": 2.0}, {"l": "Cassava", "v": 33.0}]}, {"source": 3, "prod": 0.026498998806040012, "target": 17, "value": 7.0, "supply": [{"l": "Sorghum", "v": 7.0}]}, {"source": 18, "prod": 1.0707654589358211, "target": 3, "value": 285.0, "supply": [{"l": "Maize", "v": 85.0}, {"l": "Rice", "v": 4.0}, {"l": "Sorghum", "v": 193.0}, {"l": "Wheat", "v": 1.0}, {"l": "Millet", "v": 2.0}]}, {"source": 18, "prod": 0.10249785677371638, "target": 4, "value": 18.0, "supply": [{"l": "Soyabeans", "v": 6.0}, {"l": "Groundnuts", "v": 12.0}]}, {"source": 18, "prod": 5.3329904448902878, "target": 5, "value": 4572.0, "supply": [{"l": "Roots, Other", "v": 31.0}, {"l": "Potatoes", "v": 254.0}, {"l": "Fruits, Other", "v": 28.0}, {"l": "Yams", "v": 6.0}, {"l": "Beans", "v": 192.0}, {"l": "Plantains", "v": 2321.0}, {"l": "Coffee", "v": 29.0}, {"l": "Tea", "v": 7.0}, {"l": "Vegetables, Other", "v": 173.0}, {"l": "Peas", "v": 36.0}, {"l": "Sweet potatoes", "v": 958.0}, {"l": "Cassava", "v": 537.0}]}, {"source": 18, "prod": 0.0094603228390542863, "target": 10, "value": 26.0, "supply": [{"l": "Sugar cane", "v": 26.0}]}, {"source": 15, "prod": 0.0018667262630892864, "target": 7, "value": 2.0, "supply": [{"l": "Freshwater Fish", "v": 1.0}, {"l": "Fish, Seafood", "v": 1.0}]}, {"source": 15, "prod": 0.12569140935028242, "target": 2, "value": 118.0, "supply": [{"l": "Poultry Meat", "v": 1.0}, {"l": "Pigmeat", "v": 3.0}, {"l": "Bovine Meat", "v": 13.0}, {"l": "Eggs", "v": 1.0}, {"l": "Milk - Excluding Butter", "v": 86.0}, {"l": "Offals, Edible", "v": 4.0}, {"l": "Meat, Other", "v": 6.0}, {"l": "Mutton & Goat Meat", "v": 4.0}]}, {"source": 9, "prod": 0.40231909487035095, "target": 0, "value": 481.0, "supply": [{"l": "Fats, Animals, Raw", "v": 1.0}, {"l": "Beer", "v": 60.0}, {"l": "Beverages, Fermented", "v": 420.0}]}, {"source": 9, "prod": 0.094239369819810001, "target": 8, "value": 9.0, "supply": [{"l": "Palm Oil", "v": 5.0}, {"l": "Oilcrops Oil, Other", "v": 1.0}, {"l": "Groundnut Oil", "v": 3.0}]}, {"source": 9, "prod": 0.041080806373064521, "target": 6, "value": 10.0, "supply": [{"l": "Sugar", "v": 10.0}]}]}