{"nodes": [{"layer": 3, "name": "Maize"}, {"layer": 5, "name": "Production", "fill": "#b5cf6b"}, {"layer": 3, "name": "Vegetables, Other"}, {"layer": 3, "name": "Plantains"}, {"layer": 3, "name": "Fruits, Other"}, {"layer": 3, "name": "Yams"}, {"layer": 3, "name": "Rice"}, {"layer": 3, "name": "Coffee"}, {"layer": 3, "name": "Wheat"}, {"layer": 3, "name": "Roots, Other"}, {"layer": 3, "name": "Peas"}, {"layer": 3, "name": "Groundnuts"}, {"layer": 3, "name": "Soyabeans"}, {"layer": 3, "name": "Potatoes"}, {"layer": 3, "name": "Beans"}, {"layer": 3, "name": "Sorghum"}, {"layer": 3, "name": "Sugar cane"}, {"layer": 3, "name": "Tea"}, {"layer": 3, "name": "Millet"}, {"layer": 3, "name": "Sweet potatoes"}, {"layer": 3, "name": "Cassava"}, {"layer": 1, "name": "Electricity", "fill": "#bcbd22"}, {"layer": 0, "name": "Fossil Fuels", "fill": "#c49c94"}, {"layer": 0, "name": "Renewables & Nuclear", "fill": "#2ca02c"}, {"layer": 1, "name": "Fertilizers", "fill": "#c5b0d5"}, {"layer": 0, "name": "Labor", "fill": "#7f7f7f"}], "links": [{"source": 0, "prod": 99.0, "target": 1, "value": 0.36691519629037089, "supply": [{"l": "Maize", "v": 0.36691519629037089}]}, {"source": 2, "prod": 138.0, "target": 1, "value": 0.031712279959049704, "supply": [{"l": "Vegetables, Other", "v": 0.031712279959049704}]}, {"source": 3, "prod": 2419.0, "target": 1, "value": 2.5015218503839289, "supply": [{"l": "Plantains", "v": 2.5015218503839289}]}, {"source": 4, "prod": 47.0, "target": 1, "value": 0.024564186683538304, "supply": [{"l": "Fruits, Other", "v": 0.024564186683538304}]}, {"source": 5, "prod": 9.0, "target": 1, "value": 0.0090248385654212605, "supply": [{"l": "Yams", "v": 0.0090248385654212605}]}, {"source": 6, "prod": 3.0, "target": 1, "value": 0.011846558116883722, "supply": [{"l": "Rice", "v": 0.011846558116883722}]}, {"source": 7, "prod": 43.0, "target": 1, "value": 0.016901455214597225, "supply": [{"l": "Coffee", "v": 0.016901455214597225}]}, {"source": 8, "prod": 5.0, "target": 1, "value": 0.01569700693676045, "supply": [{"l": "Wheat", "v": 0.01569700693676045}]}, {"source": 9, "prod": 39.0, "target": 1, "value": 0.040379426752060972, "supply": [{"l": "Roots, Other", "v": 0.040379426752060972}]}, {"source": 10, "prod": 27.0, "target": 1, "value": 0.10549183188784703, "supply": [{"l": "Peas", "v": 0.10549183188784703}]}, {"source": 11, "prod": 12.0, "target": 1, "value": 0.075466962818666661, "supply": [{"l": "Groundnuts", "v": 0.075466962818666661}]}, {"source": 12, "prod": 8.0, "target": 1, "value": 0.037143895762312501, "supply": [{"l": "Soyabeans", "v": 0.037143895762312501}]}, {"source": 13, "prod": 335.0, "target": 1, "value": 0.27731913188745072, "supply": [{"l": "Potatoes", "v": 0.27731913188745072}]}, {"source": 14, "prod": 314.0, "target": 1, "value": 1.2283769543161251, "supply": [{"l": "Beans", "v": 1.2283769543161251}]}, {"source": 15, "prod": 228.0, "target": 1, "value": 0.86466218278476659, "supply": [{"l": "Sorghum", "v": 0.86466218278476659}]}, {"source": 16, "prod": 36.0, "target": 1, "value": 0.013212155594334297, "supply": [{"l": "Sugar cane", "v": 0.013212155594334297}]}, {"source": 17, "prod": 11.0, "target": 1, "value": 0.0089798429315480766, "supply": [{"l": "Tea", "v": 0.0089798429315480766}]}, {"source": 18, "prod": 1.0, "target": 1, "value": 0.0047166851761666672, "supply": [{"l": "Millet", "v": 0.0047166851761666672}]}, {"source": 19, "prod": 980.0, "target": 1, "value": 1.0937075019429412, "supply": [{"l": "Sweet potatoes", "v": 1.0937075019429412}]}, {"source": 20, "prod": 579.0, "target": 1, "value": 0.70038555167607253, "supply": [{"l": "Cassava", "v": 0.70038555167607253}]}, {"source": 21, "prod": 0, "target": 0, "value": 5.0365601636568523e-05, "supply": "[{\"l\":'Energy for power irrigation',\"v\":5.0365601636568523e-05}]"}, {"source": 21, "prod": 0, "target": 7, "value": 2.1657208703724468e-05, "supply": "[{\"l\":'Energy for power irrigation',\"v\":2.1657208703724468e-05}]"}, {"source": 21, "prod": 0, "target": 9, "value": 1.9642584638261725e-05, "supply": "[{\"l\":'Energy for power irrigation',\"v\":1.9642584638261725e-05}]"}, {"source": 21, "prod": 0, "target": 8, "value": 6.2957002045710654e-06, "supply": "[{\"l\":'Energy for power irrigation',\"v\":6.2957002045710654e-06}]"}, {"source": 21, "prod": 0, "target": 20, "value": 0.00029136500546754891, "supply": "[{\"l\":'Energy for power irrigation',\"v\":0.00029136500546754891}]"}, {"source": 21, "prod": 0, "target": 12, "value": 4.029248130925482e-06, "supply": "[{\"l\":'Energy for power irrigation',\"v\":4.029248130925482e-06}]"}, {"source": 21, "prod": 0, "target": 3, "value": 0.0012185957315967754, "supply": "[{\"l\":'Energy for power irrigation',\"v\":0.0012185957315967754}]"}, {"source": 21, "prod": 0, "target": 2, "value": 6.9504530258464569e-05, "supply": "[{\"l\":'Energy for power irrigation',\"v\":6.9504530258464569e-05}]"}, {"source": 21, "prod": 0, "target": 4, "value": 2.3671832769187208e-05, "supply": "[{\"l\":'Energy for power irrigation',\"v\":2.3671832769187208e-05}]"}, {"source": 21, "prod": 0, "target": 10, "value": 1.3598712441873501e-05, "supply": "[{\"l\":'Energy for power irrigation',\"v\":1.3598712441873501e-05}]"}, {"source": 21, "prod": 0, "target": 5, "value": 4.5329041472911669e-06, "supply": "[{\"l\":'Energy for power irrigation',\"v\":4.5329041472911669e-06}]"}, {"source": 21, "prod": 0, "target": 17, "value": 5.5402161800225376e-06, "supply": "[{\"l\":'Energy for power irrigation',\"v\":5.5402161800225376e-06}]"}, {"source": 21, "prod": 0, "target": 18, "value": 5.0365601636568525e-07, "supply": "[{\"l\":'Energy for power irrigation',\"v\":5.0365601636568525e-07}]"}, {"source": 21, "prod": 0, "target": 13, "value": 0.00016872476548250457, "supply": "[{\"l\":'Energy for power irrigation',\"v\":0.00016872476548250457}]"}, {"source": 21, "prod": 0, "target": 19, "value": 0.00049358289603837154, "supply": "[{\"l\":'Energy for power irrigation',\"v\":0.00049358289603837154}]"}, {"source": 21, "prod": 0, "target": 14, "value": 0.00015940712917973936, "supply": "[{\"l\":'Energy for power irrigation',\"v\":0.00015940712917973936}]"}, {"source": 21, "prod": 0, "target": 11, "value": 6.0438721963882234e-06, "supply": "[{\"l\":'Energy for power irrigation',\"v\":6.0438721963882234e-06}]"}, {"source": 21, "prod": 0, "target": 6, "value": 4.281076139108324e-06, "supply": "[{\"l\":'Energy for power irrigation',\"v\":4.281076139108324e-06}]"}, {"source": 21, "prod": 0, "target": 15, "value": 0.00011584088376410759, "supply": "[{\"l\":'Energy for power irrigation',\"v\":0.00011584088376410759}]"}, {"source": 21, "prod": 0, "target": 16, "value": 1.8131616589164668e-05, "supply": "[{\"l\":'Energy for power irrigation',\"v\":1.8131616589164668e-05}]"}, {"source": 22, "prod": 0, "target": 21, "value": 0.0018396757324221069, "supply": [{"l": "Coal", "v": 4.4270276696153065e-05}, {"l": "Natural gas", "v": 0.00071521822051582727}, {"l": "Oil", "v": 0.0010801872352101266}]}, {"source": 23, "prod": 0, "target": 21, "value": 0.0019402234202482091, "supply": [{"l": "Nuclear", "v": 0.0}, {"l": "Hydroelectric", "v": 0.0019349324081462979}, {"l": "Renewable", "v": 5.2910121019111868e-06}]}, {"source": 22, "prod": 0, "target": 0, "value": 0.0037840672958658712, "supply": [{"l": "Other fossil fuels", "v": 0.0037840672958658712}]}, {"source": 22, "prod": 0, "target": 7, "value": 0.0016271489372223248, "supply": [{"l": "Other fossil fuels", "v": 0.0016271489372223248}]}, {"source": 22, "prod": 0, "target": 9, "value": 0.00147578624538769, "supply": [{"l": "Other fossil fuels", "v": 0.00147578624538769}]}, {"source": 22, "prod": 0, "target": 8, "value": 0.0004730084119832339, "supply": [{"l": "Other fossil fuels", "v": 0.0004730084119832339}]}, {"source": 22, "prod": 0, "target": 20, "value": 0.021890829306584064, "supply": [{"l": "Other fossil fuels", "v": 0.021890829306584064}]}, {"source": 22, "prod": 0, "target": 12, "value": 0.00030272538366926969, "supply": [{"l": "Other fossil fuels", "v": 0.00030272538366926969}]}, {"source": 22, "prod": 0, "target": 3, "value": 0.09155550822347476, "supply": [{"l": "Other fossil fuels", "v": 0.09155550822347476}]}, {"source": 22, "prod": 0, "target": 2, "value": 0.0052220128682949028, "supply": [{"l": "Other fossil fuels", "v": 0.0052220128682949028}]}, {"source": 22, "prod": 0, "target": 4, "value": 0.0017785116290569597, "supply": [{"l": "Other fossil fuels", "v": 0.0017785116290569597}]}, {"source": 22, "prod": 0, "target": 10, "value": 0.0010216981698837851, "supply": [{"l": "Other fossil fuels", "v": 0.0010216981698837851}]}, {"source": 22, "prod": 0, "target": 5, "value": 0.00034056605662792841, "supply": [{"l": "Other fossil fuels", "v": 0.00034056605662792841}]}, {"source": 22, "prod": 0, "target": 17, "value": 0.00041624740254524585, "supply": [{"l": "Other fossil fuels", "v": 0.00041624740254524585}]}, {"source": 22, "prod": 0, "target": 18, "value": 3.7840672958658712e-05, "supply": [{"l": "Other fossil fuels", "v": 3.7840672958658712e-05}]}, {"source": 22, "prod": 0, "target": 13, "value": 0.01267662544115067, "supply": [{"l": "Other fossil fuels", "v": 0.01267662544115067}]}, {"source": 22, "prod": 0, "target": 19, "value": 0.03708385949948554, "supply": [{"l": "Other fossil fuels", "v": 0.03708385949948554}]}, {"source": 22, "prod": 0, "target": 14, "value": 0.011976572991415482, "supply": [{"l": "Other fossil fuels", "v": 0.011976572991415482}]}, {"source": 22, "prod": 0, "target": 11, "value": 0.00045408807550390457, "supply": [{"l": "Other fossil fuels", "v": 0.00045408807550390457}]}, {"source": 22, "prod": 0, "target": 6, "value": 0.00032164572014859903, "supply": [{"l": "Other fossil fuels", "v": 0.00032164572014859903}]}, {"source": 22, "prod": 0, "target": 15, "value": 0.008703354780491503, "supply": [{"l": "Other fossil fuels", "v": 0.008703354780491503}]}, {"source": 22, "prod": 0, "target": 16, "value": 0.0013622642265117136, "supply": [{"l": "Other fossil fuels", "v": 0.0013622642265117136}]}, {"source": 24, "prod": 0.026121839723854835, "target": 0, "value": 0.00036760269955085352, "supply": [{"l": "Potash", "v": 0.000512777778188}, {"l": "Phosphate", "v": 0.00084166666734000002}, {"l": "Nitrogen", "v": 0.018347222236899996}]}, {"source": 24, "prod": 0.01123239108125758, "target": 7, "value": 0.00015806916080686703, "supply": [{"l": "Potash", "v": 0.000512777778188}, {"l": "Phosphate", "v": 0.00084166666734000002}, {"l": "Nitrogen", "v": 0.018347222236899996}]}, {"source": 24, "prod": 0.010187517492303386, "target": 9, "value": 0.00014336505282483289, "supply": [{"l": "Potash", "v": 0.000512777778188}, {"l": "Phosphate", "v": 0.00084166666734000002}, {"l": "Nitrogen", "v": 0.018347222236899996}]}, {"source": 24, "prod": 0.0032652299654818543, "target": 8, "value": 4.595033744385669e-05, "supply": [{"l": "Potash", "v": 0.000512777778188}, {"l": "Phosphate", "v": 0.00084166666734000002}, {"l": "Nitrogen", "v": 0.018347222236899996}]}, {"source": 24, "prod": 0.1511148428025002, "target": 20, "value": 0.0021265816169016875, "supply": [{"l": "Potash", "v": 0.000512777778188}, {"l": "Phosphate", "v": 0.00084166666734000002}, {"l": "Nitrogen", "v": 0.018347222236899996}]}, {"source": 24, "prod": 0.0020897471779083867, "target": 12, "value": 2.9408215964068281e-05, "supply": [{"l": "Potash", "v": 0.000512777778188}, {"l": "Phosphate", "v": 0.00084166666734000002}, {"l": "Nitrogen", "v": 0.018347222236899996}]}, {"source": 24, "prod": 0.63201791211866776, "target": 3, "value": 0.0088941473156329016, "supply": [{"l": "Potash", "v": 0.000512777778188}, {"l": "Phosphate", "v": 0.00084166666734000002}, {"l": "Nitrogen", "v": 0.018347222236899996}]}, {"source": 24, "prod": 0.036048138818919676, "target": 2, "value": 0.0005072917253801779, "supply": [{"l": "Potash", "v": 0.000512777778188}, {"l": "Phosphate", "v": 0.00084166666734000002}, {"l": "Nitrogen", "v": 0.018347222236899996}]}, {"source": 24, "prod": 0.012277264670211775, "target": 4, "value": 0.00017277326878890119, "supply": [{"l": "Potash", "v": 0.000512777778188}, {"l": "Phosphate", "v": 0.00084166666734000002}, {"l": "Nitrogen", "v": 0.018347222236899996}]}, {"source": 24, "prod": 0.007052896725440805, "target": 10, "value": 9.9252728878730461e-05, "supply": [{"l": "Potash", "v": 0.000512777778188}, {"l": "Phosphate", "v": 0.00084166666734000002}, {"l": "Nitrogen", "v": 0.018347222236899996}]}, {"source": 24, "prod": 0.0023509655751469353, "target": 5, "value": 3.3084242959576818e-05, "supply": [{"l": "Potash", "v": 0.000512777778188}, {"l": "Phosphate", "v": 0.00084166666734000002}, {"l": "Nitrogen", "v": 0.018347222236899996}]}, {"source": 24, "prod": 0.0028734023696240321, "target": 17, "value": 4.0436296950593892e-05, "supply": [{"l": "Potash", "v": 0.000512777778188}, {"l": "Phosphate", "v": 0.00084166666734000002}, {"l": "Nitrogen", "v": 0.018347222236899996}]}, {"source": 24, "prod": 0.00026121839723854833, "target": 18, "value": 3.6760269955085351e-06, "supply": [{"l": "Potash", "v": 0.000512777778188}, {"l": "Phosphate", "v": 0.00084166666734000002}, {"l": "Nitrogen", "v": 0.018347222236899996}]}, {"source": 24, "prod": 0.0875081630749137, "target": 13, "value": 0.0012314690434953595, "supply": [{"l": "Potash", "v": 0.000512777778188}, {"l": "Phosphate", "v": 0.00084166666734000002}, {"l": "Nitrogen", "v": 0.018347222236899996}]}, {"source": 24, "prod": 0.2559940292937774, "target": 19, "value": 0.0036025064555983647, "supply": [{"l": "Potash", "v": 0.000512777778188}, {"l": "Phosphate", "v": 0.00084166666734000002}, {"l": "Nitrogen", "v": 0.018347222236899996}]}, {"source": 24, "prod": 0.082675622726000556, "target": 14, "value": 0.0011634625440784514, "supply": [{"l": "Potash", "v": 0.000512777778188}, {"l": "Phosphate", "v": 0.00084166666734000002}, {"l": "Nitrogen", "v": 0.018347222236899996}]}, {"source": 24, "prod": 0.0031346207668625802, "target": 11, "value": 4.4112323946102426e-05, "supply": [{"l": "Potash", "v": 0.000512777778188}, {"l": "Phosphate", "v": 0.00084166666734000002}, {"l": "Nitrogen", "v": 0.018347222236899996}]}, {"source": 24, "prod": 0.0022203563765276608, "target": 6, "value": 3.1246229461822548e-05, "supply": [{"l": "Potash", "v": 0.000512777778188}, {"l": "Phosphate", "v": 0.00084166666734000002}, {"l": "Nitrogen", "v": 0.018347222236899996}]}, {"source": 24, "prod": 0.060080231364866114, "target": 15, "value": 0.00084548620896696309, "supply": [{"l": "Potash", "v": 0.000512777778188}, {"l": "Phosphate", "v": 0.00084166666734000002}, {"l": "Nitrogen", "v": 0.018347222236899996}]}, {"source": 24, "prod": 0.0094038623005877411, "target": 16, "value": 0.00013233697183830727, "supply": [{"l": "Potash", "v": 0.000512777778188}, {"l": "Phosphate", "v": 0.00084166666734000002}, {"l": "Nitrogen", "v": 0.018347222236899996}]}, {"source": 22, "prod": 0, "target": 24, "value": 0.023711509943099642, "supply": [{"l": "Natural gas (including LNG)", "v": 0.015985234467290072}, {"l": "Fuel oil", "v": 0.0044830152331019673}, {"l": "Liquefied petroleum gas (LPG)", "v": 0.0016216301213538009}, {"l": "Coal", "v": 0.0016216301213538009}]}, {"source": 25, "prod": 0, "target": 0, "value": 0.028311694855606459, "supply": "[{\"l\":'Labor',\"v\":0.028311694855606459}]"}, {"source": 25, "prod": 0, "target": 7, "value": 0.01217402878791078, "supply": "[{\"l\":'Labor',\"v\":0.01217402878791078}]"}, {"source": 25, "prod": 0, "target": 9, "value": 0.011041560993686521, "supply": "[{\"l\":'Labor',\"v\":0.011041560993686521}]"}, {"source": 25, "prod": 0, "target": 8, "value": 0.0035389618569508074, "supply": "[{\"l\":'Labor',\"v\":0.0035389618569508074}]"}, {"source": 25, "prod": 0, "target": 20, "value": 0.16378315473968338, "supply": "[{\"l\":'Labor',\"v\":0.16378315473968338}]"}, {"source": 25, "prod": 0, "target": 12, "value": 0.0022649355884485169, "supply": "[{\"l\":'Labor',\"v\":0.0022649355884485169}]"}, {"source": 25, "prod": 0, "target": 3, "value": 0.68500145703139836, "supply": "[{\"l\":'Labor',\"v\":0.68500145703139836}]"}, {"source": 25, "prod": 0, "target": 2, "value": 0.03907013890073692, "supply": "[{\"l\":'Labor',\"v\":0.03907013890073692}]"}, {"source": 25, "prod": 0, "target": 4, "value": 0.013306496582135037, "supply": "[{\"l\":'Labor',\"v\":0.013306496582135037}]"}, {"source": 25, "prod": 0, "target": 10, "value": 0.0076441576110137443, "supply": "[{\"l\":'Labor',\"v\":0.0076441576110137443}]"}, {"source": 25, "prod": 0, "target": 5, "value": 0.0025480525370045813, "supply": "[{\"l\":'Labor',\"v\":0.0025480525370045813}]"}, {"source": 25, "prod": 0, "target": 17, "value": 0.0031142864341167109, "supply": "[{\"l\":'Labor',\"v\":0.0031142864341167109}]"}, {"source": 25, "prod": 0, "target": 18, "value": 0.00028311694855606462, "supply": "[{\"l\":'Labor',\"v\":0.00028311694855606462}]"}, {"source": 25, "prod": 0, "target": 13, "value": 0.094844177766281651, "supply": "[{\"l\":'Labor',\"v\":0.094844177766281651}]"}, {"source": 25, "prod": 0, "target": 19, "value": 0.27745460958494333, "supply": "[{\"l\":'Labor',\"v\":0.27745460958494333}]"}, {"source": 25, "prod": 0, "target": 14, "value": 0.08960651421799444, "supply": "[{\"l\":'Labor',\"v\":0.08960651421799444}]"}, {"source": 25, "prod": 0, "target": 11, "value": 0.0033974033826727756, "supply": "[{\"l\":'Labor',\"v\":0.0033974033826727756}]"}, {"source": 25, "prod": 0, "target": 6, "value": 0.0024064940627265491, "supply": "[{\"l\":'Labor',\"v\":0.0024064940627265491}]"}, {"source": 25, "prod": 0, "target": 15, "value": 0.065116898167894857, "supply": "[{\"l\":'Labor',\"v\":0.065116898167894857}]"}, {"source": 25, "prod": 0, "target": 16, "value": 0.010192210148018325, "supply": "[{\"l\":'Labor',\"v\":0.010192210148018325}]"}]}