{"nodes": [{"layer": 13, "name": "Milk - Excluding Butter"}, {"layer": 16, "name": "Food", "fill": "#b5cf6b"}, {"layer": 5, "name": "Oilcrops", "fill": "#ff9896"}, {"layer": 5, "name": "Vegetables"}, {"layer": 13, "name": "Alcoholic Beverages"}, {"layer": 5, "name": "Starchy Roots"}, {"layer": 5, "name": "Pulses"}, {"layer": 13, "name": "Fish, Seafood"}, {"layer": 13, "name": "Sugar & Sweeteners"}, {"layer": 5, "name": "Cereals - Excluding Beer"}, {"layer": 13, "name": "Vegetable Oils", "fill": "#f7b6d2"}, {"layer": 5, "name": "Fruits - Excluding Wine"}, {"layer": 13, "name": "Meat"}, {"layer": 10, "name": "Processing", "fill": "#9edae5"}, {"layer": 5, "name": "Sugar Crops", "fill": "#ffbb78"}, {"name": "Seed", "fill": "#dbdb8d"}, {"name": "Waste", "fill": "#c7c7c7"}, {"layer": 0, "name": "Import", "fill": "#aec7e8"}, {"layer": 5, "name": "Stimulants"}, {"layer": 16, "name": "Export", "fill": "#aec7e8"}, {"layer": 16, "name": "Stock Deposit", "fill": "#c7c7c7"}, {"layer": 0, "name": "Production", "fill": "#b5cf6b"}, {"layer": 10, "name": "Feed", "fill": "#dbdb8d"}], "links": [{"source": 0, "prod": 0.025517006212720444, "target": 1, "value": 34.0, "supply": [{"l": "Milk - Excluding Butter", "v": 34.0}]}, {"source": 2, "prod": 0.017713240774065678, "target": 1, "value": 3.0, "supply": [{"l": "Soyabeans", "v": 1.0}, {"l": "Groundnuts", "v": 2.0}]}, {"source": 3, "prod": 0.02544967017020007, "target": 1, "value": 109.0, "supply": [{"l": "Vegetables, Other", "v": 109.0}]}, {"source": 4, "prod": 0.24525146800833025, "target": 1, "value": 287.0, "supply": [{"l": "Beer", "v": 14.0}, {"l": "Beverages, Fermented", "v": 273.0}]}, {"source": 5, "prod": 0.95651403809864632, "target": 1, "value": 858.0, "supply": [{"l": "Roots, Other", "v": 28.0}, {"l": "Potatoes", "v": 104.0}, {"l": "Yams", "v": 4.0}, {"l": "Sweet potatoes", "v": 388.0}, {"l": "Cassava", "v": 334.0}]}, {"source": 6, "prod": 0.66978786803417079, "target": 1, "value": 171.0, "supply": [{"l": "Beans", "v": 127.0}, {"l": "Peas", "v": 44.0}]}, {"source": 7, "prod": 0.0018103466005025446, "target": 1, "value": 2.0, "supply": [{"l": "Freshwater Fish", "v": 1.0}, {"l": "Fish, Seafood", "v": 1.0}]}, {"source": 8, "prod": 0.015918812469562501, "target": 1, "value": 4.0, "supply": [{"l": "Sugar", "v": 4.0}]}, {"source": 9, "prod": 0.62758262642231277, "target": 1, "value": 169.0, "supply": [{"l": "Maize", "v": 46.0}, {"l": "Rice", "v": 2.0}, {"l": "Sorghum", "v": 106.0}, {"l": "Cereals, Other", "v": 2.0}, {"l": "Wheat", "v": 11.0}, {"l": "Millet", "v": 2.0}]}, {"source": 10, "prod": 0.029392028661207714, "target": 1, "value": 3.0, "supply": [{"l": "Groundnut Oil", "v": 1.0}, {"l": "Oilcrops Oil, Other", "v": 2.0}]}, {"source": 11, "prod": 0.85988419050538323, "target": 1, "value": 834.0, "supply": [{"l": "Fruits, Other", "v": 8.0}, {"l": "Plantains", "v": 826.0}]}, {"source": 12, "prod": 0.026263174665947655, "target": 1, "value": 16.0, "supply": [{"l": "Meat, Other", "v": 5.0}, {"l": "Mutton & Goat Meat", "v": 2.0}, {"l": "Bovine Meat", "v": 7.0}, {"l": "Offals, Edible", "v": 2.0}]}, {"source": 11, "prod": 0.68306440442512995, "target": 13, "value": 660.0, "supply": [{"l": "Plantains", "v": 660.0}]}, {"source": 14, "prod": 0.0011134469924065575, "target": 13, "value": 4.0, "supply": [{"l": "Sugar cane", "v": 4.0}]}, {"source": 2, "prod": 0.012815144629584907, "target": 13, "value": 2.0, "supply": [{"l": "Groundnuts", "v": 2.0}]}, {"source": 9, "prod": 0.11203092696794466, "target": 13, "value": 30.0, "supply": [{"l": "Sorghum", "v": 28.0}, {"l": "Barley", "v": 2.0}]}, {"source": 5, "prod": 0.014068322355772205, "target": 15, "value": 17.0, "supply": [{"l": "Potatoes", "v": 17.0}]}, {"source": 9, "prod": 0.018774700673884953, "target": 15, "value": 5.0, "supply": [{"l": "Maize", "v": 2.0}, {"l": "Sorghum", "v": 3.0}]}, {"source": 6, "prod": 0.027429261203300425, "target": 15, "value": 7.0, "supply": [{"l": "Peas", "v": 2.0}, {"l": "Beans", "v": 5.0}]}, {"source": 0, "prod": 0.0015010003654541437, "target": 16, "value": 2.0, "supply": [{"l": "Milk - Excluding Butter", "v": 2.0}]}, {"source": 3, "prod": 0.0028017985508477145, "target": 16, "value": 12.0, "supply": [{"l": "Vegetables, Other", "v": 12.0}]}, {"source": 5, "prod": 0.047201511595725373, "target": 16, "value": 43.0, "supply": [{"l": "Roots, Other", "v": 3.0}, {"l": "Potatoes", "v": 5.0}, {"l": "Sweet potatoes", "v": 25.0}, {"l": "Cassava", "v": 10.0}]}, {"source": 6, "prod": 0.03919259411196354, "target": 16, "value": 10.0, "supply": [{"l": "Peas", "v": 3.0}, {"l": "Beans", "v": 7.0}]}, {"source": 4, "prod": 0.026261444821934293, "target": 16, "value": 30.0, "supply": [{"l": "Beverages, Fermented", "v": 30.0}]}, {"source": 9, "prod": 0.044371975146154916, "target": 16, "value": 12.0, "supply": [{"l": "Maize", "v": 6.0}, {"l": "Wheat", "v": 1.0}, {"l": "Sorghum", "v": 5.0}]}, {"source": 11, "prod": 0.17076610110628249, "target": 16, "value": 165.0, "supply": [{"l": "Plantains", "v": 165.0}]}, {"source": 17, "prod": 0.055342304987218864, "target": 9, "value": 17.0, "supply": [{"l": "Cereals, Other", "v": 2.0}, {"l": "Wheat", "v": 11.0}, {"l": "Barley", "v": 2.0}, {"l": "Rice", "v": 2.0}]}, {"source": 17, "prod": 0.035663075997702035, "target": 13, "value": 6.0, "supply": [{"l": "Oilcrops Oil, Other", "v": 2.0}, {"l": "Sugar", "v": 4.0}]}, {"source": 18, "prod": 0.0061563594653529412, "target": 19, "value": 15.0, "supply": [{"l": "Tea", "v": 1.0}, {"l": "Coffee", "v": 14.0}]}, {"source": 9, "prod": 0.093873503369424752, "target": 20, "value": 25.0, "supply": [{"l": "Maize", "v": 10.0}, {"l": "Sorghum", "v": 15.0}]}, {"source": 18, "prod": 0.00035672408895378151, "target": 20, "value": 1.0, "supply": [{"l": "Coffee", "v": 1.0}]}, {"source": 6, "prod": 0.082843251117306421, "target": 20, "value": 21.0, "supply": [{"l": "Peas", "v": 16.0}, {"l": "Beans", "v": 5.0}]}, {"source": 21, "prod": 0.03693595771844304, "target": 2, "value": 6.0, "supply": [{"l": "Soyabeans", "v": 1.0}, {"l": "Groundnuts", "v": 5.0}]}, {"source": 21, "prod": 0.028251468721047782, "target": 3, "value": 121.0, "supply": [{"l": "Vegetables, Other", "v": 121.0}]}, {"source": 21, "prod": 0.0011134469924065575, "target": 14, "value": 4.0, "supply": [{"l": "Sugar cane", "v": 4.0}]}, {"source": 21, "prod": 1.0189901948790925, "target": 5, "value": 919.0, "supply": [{"l": "Roots, Other", "v": 31.0}, {"l": "Potatoes", "v": 126.0}, {"l": "Yams", "v": 4.0}, {"l": "Sweet potatoes", "v": 413.0}, {"l": "Cassava", "v": 345.0}]}, {"source": 21, "prod": 0.81925297446674128, "target": 6, "value": 209.0, "supply": [{"l": "Beans", "v": 144.0}, {"l": "Peas", "v": 65.0}]}, {"source": 21, "prod": 1.7137146960367955, "target": 11, "value": 1659.0, "supply": [{"l": "Fruits, Other", "v": 8.0}, {"l": "Plantains", "v": 1651.0}]}, {"source": 21, "prod": 0.84148280896522676, "target": 9, "value": 224.0, "supply": [{"l": "Maize", "v": 64.0}, {"l": "Rice", "v": 1.0}, {"l": "Sorghum", "v": 156.0}, {"l": "Wheat", "v": 1.0}, {"l": "Millet", "v": 2.0}]}, {"source": 21, "prod": 0.0061563594653529412, "target": 18, "value": 15.0, "supply": [{"l": "Coffee", "v": 14.0}, {"l": "Tea", "v": 1.0}]}, {"source": 22, "prod": 0.027018006578174589, "target": 0, "value": 36.0, "supply": [{"l": "Milk - Excluding Butter", "v": 36.0}]}, {"source": 22, "prod": 0.026263174665947655, "target": 12, "value": 16.0, "supply": [{"l": "Bovine Meat", "v": 7.0}, {"l": "Meat, Other", "v": 5.0}, {"l": "Offals, Edible", "v": 2.0}, {"l": "Mutton & Goat Meat", "v": 2.0}]}, {"source": 22, "prod": 0.0018103466005025446, "target": 7, "value": 2.0, "supply": [{"l": "Freshwater Fish", "v": 1.0}, {"l": "Fish, Seafood", "v": 1.0}]}, {"source": 13, "prod": 0.015918812469562501, "target": 8, "value": 4.0, "supply": [{"l": "Sugar", "v": 4.0}]}, {"source": 13, "prod": 0.029392028661207714, "target": 10, "value": 3.0, "supply": [{"l": "Oilcrops Oil, Other", "v": 2.0}, {"l": "Groundnut Oil", "v": 1.0}]}, {"source": 13, "prod": 0.27151291283026457, "target": 4, "value": 317.0, "supply": [{"l": "Beer", "v": 14.0}, {"l": "Beverages, Fermented", "v": 303.0}]}]}