{"nodes": [{"layer": 13, "name": "Other Processed", "fill": "#9c9ede"}, {"layer": 16, "name": "Food", "fill": "#b5cf6b"}, {"layer": 13, "name": "Animal Products", "fill": "#17becf"}, {"layer": 5, "name": "Cereals", "fill": "#e7ba52"}, {"layer": 5, "name": "Oilcrops", "fill": "#ff9896"}, {"layer": 13, "name": "Sugar", "fill": "#d6616b"}, {"layer": 5, "name": "Starchy Roots"}, {"layer": 5, "name": "Fruits & Vegetables"}, {"layer": 13, "name": "Aquatic Products", "fill": "#1f77b4"}, {"layer": 13, "name": "Vegetable Oils", "fill": "#f7b6d2"}, {"layer": 5, "name": "Sugar Crops", "fill": "#ffbb78"}, {"layer": 10, "name": "Processing", "fill": "#9edae5"}, {"layer": 16, "name": "Biofuels & Other", "fill": "#e7ba52"}, {"name": "Waste", "fill": "#c7c7c7"}, {"layer": 2, "name": "Import", "fill": "#aec7e8"}, {"layer": 5, "name": "Others"}, {"layer": 10, "name": "Feed", "fill": "#dbdb8d"}, {"layer": 16, "name": "Export", "fill": "#aec7e8"}, {"layer": 16, "name": "Stock Deposit", "fill": "#c7c7c7"}, {"layer": 0, "name": "Stock Draw", "fill": "#c7c7c7"}, {"name": "Crop Residue", "fill": "#bd9e39"}, {"layer": 2, "name": "Electricity", "fill": "#bcbd22"}, {"layer": 0, "name": "Fossil Fuels", "fill": "#c49c94"}, {"layer": 0, "name": "Renewables & Nuclear", "fill": "#2ca02c"}, {"layer": 2, "name": "Fertilizers", "fill": "#c5b0d5"}, {"layer": 0, "name": "Labor", "fill": "#7f7f7f"}], "links": [{"source": 0, "prod": 375.0, "target": 1, "value": 0.32315366944798007, "supply": [{"l": "Fats, Animals, Raw", "v": 0.010612541646375}, {"l": "Beer", "v": 0.01917633007916409}, {"l": "Beverages, Fermented", "v": 0.29336479772244101}]}, {"source": 2, "prod": 89.0, "target": 1, "value": 0.10052682197318398, "supply": [{"l": "Pigmeat", "v": 0.0070750277642500003}, {"l": "Milk - Excluding Butter", "v": 0.044314175557357081}, {"l": "Meat, Other", "v": 0.0080857460162857137}, {"l": "Mutton & Goat Meat", "v": 0.0070750277642500003}, {"l": "Bovine Meat", "v": 0.026235296087175966}, {"l": "Eggs", "v": 0.0016120316424873419}, {"l": "Poultry Meat", "v": 0.0020214365040714288}, {"l": "Offals, Edible", "v": 0.0041080806373064525}]}, {"source": 3, "prod": 215.0, "target": 1, "value": 0.80372809621315677, "supply": [{"l": "Maize", "v": 0.27056913818206824}, {"l": "Rice", "v": 0.012735049975650002}, {"l": "Sorghum", "v": 0.48919853121711365}, {"l": "Cereals, Other", "v": 0.002927597695551724}, {"l": "Wheat", "v": 0.022085559642456083}, {"l": "Millet", "v": 0.0062122195003170731}]}, {"source": 4, "prod": 8.0, "target": 1, "value": 0.045255648884216682, "supply": [{"l": "Soyabeans", "v": 0.019132469446985916}, {"l": "Groundnuts", "v": 0.026123179437230769}]}, {"source": 5, "prod": 7.0, "target": 1, "value": 0.028404155582944849, "supply": [{"l": "Sugar", "v": 0.028404155582944849}]}, {"source": 6, "prod": 1449.0, "target": 1, "value": 1.604489483731568, "supply": [{"l": "Roots, Other", "v": 0.033654186121837834}, {"l": "Potatoes", "v": 0.1501588469007048}, {"l": "Yams", "v": 0.0044684385879473695}, {"l": "Sweet potatoes", "v": 0.88855278110346159}, {"l": "Cassava", "v": 0.52765523101761636}]}, {"source": 7, "prod": 1380.0, "target": 1, "value": 1.8653958396734591, "supply": [{"l": "Fruits, Other", "v": 0.012762795182568629}, {"l": "Beans", "v": 0.64152637323027828}, {"l": "Plantains", "v": 1.045730533272671}, {"l": "Vegetables, Other", "v": 0.035937925120678976}, {"l": "Peas", "v": 0.12943821286726229}]}, {"source": 8, "prod": 2.0, "target": 1, "value": 0.0017269852492134581, "supply": [{"l": "Freshwater Fish", "v": 0.00073613005639595387}, {"l": "Fish, Seafood", "v": 0.00099085519281750427}]}, {"source": 9, "prod": 5.0, "target": 1, "value": 0.051189906764867649, "supply": [{"l": "Groundnut Oil", "v": 0.02122508329275}, {"l": "Oilcrops Oil, Other", "v": 0.019976548981411768}, {"l": "Palm Oil", "v": 0.009988274490705884}]}, {"source": 10, "prod": 27.0, "target": 11, "value": 0.0072771714146571444, "supply": [{"l": "Sugar cane", "v": 0.0072771714146571444}]}, {"source": 7, "prod": 809.0, "target": 11, "value": 0.8367912971489524, "supply": [{"l": "Plantains", "v": 0.8367912971489524}]}, {"source": 3, "prod": 41.0, "target": 11, "value": 0.14999614803732067, "supply": [{"l": "Sorghum", "v": 0.13272828366355796}, {"l": "Barley", "v": 0.017267864373762713}]}, {"source": 4, "prod": 6.0, "target": 11, "value": 0.03918476915584615, "supply": [{"l": "Groundnuts", "v": 0.03918476915584615}]}, {"source": 0, "prod": 1.0, "target": 12, "value": 0.010612541646375, "supply": [{"l": "Fats, Animals, Raw", "v": 0.010612541646375}]}, {"source": 9, "prod": 3.0, "target": 12, "value": 0.029964823472117649, "supply": [{"l": "Palm Oil", "v": 0.029964823472117649}]}, {"source": 6, "prod": 26.0, "target": 6, "value": 0.021569779112808423, "supply": [{"l": "Potatoes", "v": 0.021569779112808423}]}, {"source": 7, "prod": 9.0, "target": 7, "value": 0.035216339512753971, "supply": [{"l": "Beans", "v": 0.031293969425867235}, {"l": "Peas", "v": 0.0039223700868867362}]}, {"source": 3, "prod": 5.0, "target": 3, "value": 0.018789563129183548, "supply": [{"l": "Maize", "v": 0.0074128531008785812}, {"l": "Sorghum", "v": 0.011376710028304968}]}, {"source": 4, "prod": 1.0, "target": 4, "value": 0.0065307948593076922, "supply": [{"l": "Groundnuts", "v": 0.0065307948593076922}]}, {"source": 0, "prod": 37.0, "target": 13, "value": 0.032401485121583036, "supply": [{"l": "Beverages, Fermented", "v": 0.032401485121583036}]}, {"source": 2, "prod": 3.0, "target": 13, "value": 0.0022157087778678542, "supply": [{"l": "Milk - Excluding Butter", "v": 0.0022157087778678542}]}, {"source": 3, "prod": 13.0, "target": 13, "value": 0.048612595784022605, "supply": [{"l": "Maize", "v": 0.029651412403514325}, {"l": "Sorghum", "v": 0.018961183380508281}]}, {"source": 4, "prod": 1.0, "target": 13, "value": 0.0065307948593076922, "supply": [{"l": "Groundnuts", "v": 0.0065307948593076922}]}, {"source": 6, "prod": 85.0, "target": 13, "value": 0.093851929489205746, "supply": [{"l": "Roots, Other", "v": 0.0040792952874954954}, {"l": "Potatoes", "v": 0.0074664620005875301}, {"l": "Sweet potatoes", "v": 0.058046161579623119}, {"l": "Cassava", "v": 0.0242600106214996}]}, {"source": 7, "prod": 231.0, "target": 13, "value": 0.25664489622151931, "supply": [{"l": "Plantains", "v": 0.20893923612371865}, {"l": "Vegetables, Other", "v": 0.0041003001815539779}, {"l": "Fruits, Other", "v": 0.00055490413837254915}, {"l": "Peas", "v": 0.0078447401737734724}, {"l": "Beans", "v": 0.035205715604100643}]}, {"source": 14, "prod": 12.0, "target": 11, "value": 0.090830871149856621, "supply": [{"l": "Fats, Animals, Raw", "v": 0.010612541646375}, {"l": "Palm Oil", "v": 0.039953097962823536}, {"l": "Oilcrops Oil, Other", "v": 0.019976548981411768}, {"l": "Sugar", "v": 0.020288682559246322}]}, {"source": 14, "prod": 6.0, "target": 15, "value": 0.0022147913001130436, "supply": [{"l": "Coffee", "v": 0.0022147913001130436}]}, {"source": 14, "prod": 13.0, "target": 3, "value": 0.040265498772400529, "supply": [{"l": "Cereals, Other", "v": 0.0058551953911034479}, {"l": "Wheat", "v": 0.015775399744611486}, {"l": "Barley", "v": 0.014389886978135593}, {"l": "Rice", "v": 0.00424501665855}]}, {"source": 14, "prod": 3.0, "target": 16, "value": 0.0022157087778678542, "supply": [{"l": "Milk - Excluding Butter", "v": 0.0022157087778678542}]}, {"source": 15, "prod": 44.0, "target": 17, "value": 0.019010291992636961, "supply": [{"l": "Tea", "v": 0.0046141485419021753}, {"l": "Coffee", "v": 0.014396143450734785}]}, {"source": 15, "prod": 1.0, "target": 18, "value": 0.00092282970838043483, "supply": [{"l": "Tea", "v": 0.00092282970838043483}]}, {"source": 7, "prod": 2.0, "target": 18, "value": 0.0078447401737734724, "supply": [{"l": "Peas", "v": 0.0078447401737734724}]}, {"source": 19, "prod": 8.0, "target": 15, "value": 0.0029530550668173915, "supply": [{"l": "Coffee", "v": 0.0029530550668173915}]}, {"source": 6, "prod": 220.0, "target": 18, "value": 0.26492555297638953, "supply": [{"l": "Sweet potatoes", "v": 0.022325446761393506}, {"l": "Cassava", "v": 0.24260010621499603}]}, {"source": 5, "prod": 1.0, "target": 18, "value": 0.0040577365118492645, "supply": [{"l": "Sugar", "v": 0.0040577365118492645}]}, {"source": 19, "prod": 11.0, "target": 3, "value": 0.040800344156643679, "supply": [{"l": "Barley", "v": 0.0028779773956271186}, {"l": "Sorghum", "v": 0.037922366761016561}]}, {"source": 16, "prod": 2.0, "target": 8, "value": 0.0017269852492134581, "supply": [{"l": "Freshwater Fish", "v": 0.00073613005639595387}, {"l": "Fish, Seafood", "v": 0.00099085519281750427}]}, {"source": 16, "prod": 92.0, "target": 2, "value": 0.10274253075105183, "supply": [{"l": "Poultry Meat", "v": 0.0020214365040714288}, {"l": "Pigmeat", "v": 0.0070750277642500003}, {"l": "Bovine Meat", "v": 0.026235296087175966}, {"l": "Eggs", "v": 0.0016120316424873419}, {"l": "Milk - Excluding Butter", "v": 0.046529884335224939}, {"l": "Offals, Edible", "v": 0.0041080806373064525}, {"l": "Meat, Other", "v": 0.0080857460162857137}, {"l": "Mutton & Goat Meat", "v": 0.0070750277642500003}]}, {"source": 11, "prod": 413.0, "target": 0, "value": 0.36616769621593809, "supply": [{"l": "Fats, Animals, Raw", "v": 0.02122508329275}, {"l": "Beer", "v": 0.01917633007916409}, {"l": "Beverages, Fermented", "v": 0.32576628284402404}]}, {"source": 11, "prod": 8.0, "target": 9, "value": 0.081154730236985301, "supply": [{"l": "Palm Oil", "v": 0.039953097962823536}, {"l": "Oilcrops Oil, Other", "v": 0.019976548981411768}, {"l": "Groundnut Oil", "v": 0.02122508329275}]}, {"source": 11, "prod": 8.0, "target": 5, "value": 0.032461892094794116, "supply": [{"l": "Sugar", "v": 0.032461892094794116}]}, {"source": 6, "prod": 889.5, "target": 20, "value": 3.0982148907232041, "supply": [{"l": "Yams", "v": 0.0069733333200000013}, {"l": "Roots, Other", "v": 0.06450333321}, {"l": "Potatoes", "v": 0.37568833261500001}, {"l": "Sweet potatoes", "v": 1.5132133304400004}, {"l": "Cassava", "v": 1.1410116644849999}]}, {"source": 10, "prod": 10.800000000000001, "target": 20, "value": 0.0029108685658628579, "supply": [{"l": "Sugar cane", "v": 0.0029108685658628579}]}, {"source": 7, "prod": 2431.5, "target": 20, "value": 10.126934300351168, "supply": [{"l": "Vegetables, Other", "v": 0.57704333222999993}, {"l": "Peas", "v": 0.13423666641000001}, {"l": "Beans", "v": 0.63108666546000003}]}, {"source": 3, "prod": 527.0, "target": 20, "value": 2.0031856661445735, "supply": [{"l": "Maize", "v": 0.57878666556000002}, {"l": "Barley", "v": 0.017549290963144049}, {"l": "Rice", "v": 0.017433333300000003}, {"l": "Wheat", "v": 0.034866666599999999}, {"l": "Cereals, Other", "v": 0.0034866666599999993}, {"l": "Sorghum", "v": 1.1680333311000002}, {"l": "Millet", "v": 0.013946666640000001}]}, {"source": 4, "prod": 15.5, "target": 20, "value": 0.058082764116585354, "supply": [{"l": "Groundnuts", "v": 0.040096666589999996}, {"l": "Soyabeans", "v": 0.013946666640000001}]}, {"source": 21, "prod": 0, "target": 3, "value": 0.00015615307455413459, "supply": "[{\"l\":'Energy for power irrigation',\"v\":0.00015615307455413459}]"}, {"source": 21, "prod": 0, "target": 4, "value": 9.1854749737726229e-06, "supply": "[{\"l\":'Energy for power irrigation',\"v\":9.1854749737726229e-06}]"}, {"source": 21, "prod": 0, "target": 10, "value": 1.6000504793023278e-05, "supply": "[{\"l\":'Energy for power irrigation',\"v\":1.6000504793023278e-05}]"}, {"source": 21, "prod": 0, "target": 6, "value": 0.0010542554824736448, "supply": "[{\"l\":'Energy for power irrigation',\"v\":0.0010542554824736448}]"}, {"source": 21, "prod": 0, "target": 7, "value": 0.0014409343483050407, "supply": "[{\"l\":'Energy for power irrigation',\"v\":0.0014409343483050407}]"}, {"source": 21, "prod": 0, "target": 15, "value": 2.2815534612273936e-05, "supply": "[{\"l\":'Energy for power irrigation',\"v\":2.2815534612273936e-05}]"}, {"source": 21, "prod": 0, "target": 11, "value": 0.0013172950292169047, "supply": "[{\"l\":'Electricity',\"v\":0.0013172950292169047}]"}, {"source": 22, "prod": 0, "target": 21, "value": 0.0022094301691519594, "supply": [{"l": "Coal", "v": 3.2284036443535165e-05}, {"l": "Natural gas", "v": 0.00051614353916558668}, {"l": "Oil", "v": 0.0016610025935428375}]}, {"source": 23, "prod": 0, "target": 21, "value": 0.0031440440534727947, "supply": [{"l": "Nuclear", "v": 0.0}, {"l": "Hydroelectric", "v": 0.0031345553540659122}, {"l": "Renewable", "v": 9.4886994068824847e-06}]}, {"source": 22, "prod": 0, "target": 3, "value": 0.0056572204607626001, "supply": [{"l": "Other fossil fuels", "v": 0.0056572204607626001}]}, {"source": 22, "prod": 0, "target": 4, "value": 0.00033277767416250585, "supply": [{"l": "Other fossil fuels", "v": 0.00033277767416250585}]}, {"source": 22, "prod": 0, "target": 10, "value": 0.00057967723886371983, "supply": [{"l": "Other fossil fuels", "v": 0.00057967723886371983}]}, {"source": 22, "prod": 0, "target": 6, "value": 0.038194289182909548, "supply": [{"l": "Other fossil fuels", "v": 0.038194289182909548}]}, {"source": 22, "prod": 0, "target": 7, "value": 0.052203155788782769, "supply": [{"l": "Other fossil fuels", "v": 0.052203155788782769}]}, {"source": 22, "prod": 0, "target": 15, "value": 0.00082657680356493398, "supply": [{"l": "Other fossil fuels", "v": 0.00082657680356493398}]}, {"source": 24, "prod": 0.017354555433589467, "target": 3, "value": 0.0001453122638069438, "supply": [{"l": "Potash", "v": 0.000256388889094}, {"l": "Phosphate", "v": 0.00042083333367000001}, {"l": "Nitrogen", "v": 0.0018347222236899999}]}, {"source": 24, "prod": 0.0010208562019758509, "target": 4, "value": 8.547780223937871e-06, "supply": [{"l": "Potash", "v": 0.000256388889094}, {"l": "Phosphate", "v": 0.00042083333367000001}, {"l": "Nitrogen", "v": 0.0018347222236899999}]}, {"source": 24, "prod": 0.001778265642151482, "target": 10, "value": 1.4889681680407903e-05, "supply": [{"l": "Potash", "v": 0.000256388889094}, {"l": "Phosphate", "v": 0.00042083333367000001}, {"l": "Nitrogen", "v": 0.0018347222236899999}]}, {"source": 24, "prod": 0.11716794731064765, "target": 6, "value": 0.00098106458183132078, "supply": [{"l": "Potash", "v": 0.000256388889094}, {"l": "Phosphate", "v": 0.00042083333367000001}, {"l": "Nitrogen", "v": 0.0018347222236899999}]}, {"source": 24, "prod": 0.16014270032930847, "target": 7, "value": 0.0013408985557745116, "supply": [{"l": "Potash", "v": 0.000256388889094}, {"l": "Phosphate", "v": 0.00042083333367000001}, {"l": "Nitrogen", "v": 0.0018347222236899999}]}, {"source": 24, "prod": 0.0025356750823271137, "target": 15, "value": 2.1231583136877938e-05, "supply": [{"l": "Potash", "v": 0.000256388889094}, {"l": "Phosphate", "v": 0.00042083333367000001}, {"l": "Nitrogen", "v": 0.0018347222236899999}]}, {"source": 22, "prod": 0, "target": 24, "value": 0.0032070609909962159, "supply": [{"l": "Natural gas (including LNG)", "v": 0.0021115053268685848}, {"l": "Fuel oil", "v": 0.00077122963985687062}, {"l": "Liquefied petroleum gas (LPG)", "v": 0.00016216301213538013}, {"l": "Coal", "v": 0.00016216301213538013}]}, {"source": 25, "prod": 0, "target": 3, "value": 0.074412955901235298, "supply": "[{\"l\":'Labor',\"v\":0.074412955901235298}]"}, {"source": 25, "prod": 0, "target": 4, "value": 0.0043772327000726639, "supply": "[{\"l\":'Labor',\"v\":0.0043772327000726639}]"}, {"source": 25, "prod": 0, "target": 10, "value": 0.0076248569614168985, "supply": "[{\"l\":'Labor',\"v\":0.0076248569614168985}]"}, {"source": 25, "prod": 0, "target": 6, "value": 0.50239335312446898, "supply": "[{\"l\":'Labor',\"v\":0.50239335312446898}]"}, {"source": 25, "prod": 0, "target": 7, "value": 0.68666072969204406, "supply": "[{\"l\":'Labor',\"v\":0.68666072969204406}]"}, {"source": 25, "prod": 0, "target": 15, "value": 0.010872481222761134, "supply": "[{\"l\":'Labor',\"v\":0.010872481222761134}]"}, {"source": 22, "prod": 0, "target": 14, "value": 0.054468758591989609, "supply": "[{\"l\":'Fossil Fuels',\"v\":0.054468758591989609}]"}, {"source": 23, "prod": 0, "target": 14, "value": 0.3232111625636454, "supply": "[{\"l\":'Renewables & Nuclear',\"v\":0.0067969941482286314},{\"l\":'Biomass & Waste',\"v\":0.31641416841541675}]"}]}