{"nodes": [{"layer": 13, "name": "Other Processed", "fill": "#9c9ede"}, {"layer": 10, "name": "Feed", "fill": "#dbdb8d"}, {"layer": 13, "name": "Animal Products", "fill": "#17becf"}, {"layer": 5, "name": "Cereals", "fill": "#e7ba52"}, {"layer": 5, "name": "Sugar Crops", "fill": "#ffbb78"}, {"layer": 5, "name": "Starchy Roots"}, {"layer": 5, "name": "Fruits & Vegetables"}, {"layer": 13, "name": "Aquatic Products", "fill": "#1f77b4"}, {"layer": 16, "name": "Food", "fill": "#b5cf6b"}, {"layer": 5, "name": "Oilcrops", "fill": "#ff9896"}, {"layer": 13, "name": "Sugar", "fill": "#d6616b"}, {"layer": 5, "name": "Others"}, {"layer": 13, "name": "Vegetable Oils", "fill": "#f7b6d2"}, {"layer": 10, "name": "Processing", "fill": "#9edae5"}, {"layer": 16, "name": "Biofuels & Other", "fill": "#e7ba52"}, {"name": "Waste", "fill": "#c7c7c7"}, {"layer": 2, "name": "Import", "fill": "#aec7e8"}, {"layer": 16, "name": "Export", "fill": "#aec7e8"}, {"layer": 0, "name": "Stock Draw", "fill": "#c7c7c7"}, {"layer": 16, "name": "Stock Deposit", "fill": "#c7c7c7"}, {"layer": 2, "name": "Electricity", "fill": "#bcbd22"}, {"layer": 0, "name": "Fossil Fuels", "fill": "#c49c94"}, {"layer": 0, "name": "Renewables & Nuclear", "fill": "#2ca02c"}, {"layer": 2, "name": "Fertilizers", "fill": "#c5b0d5"}, {"layer": 0, "name": "Labor", "fill": "#7f7f7f"}], "links": [{"source": 0, "prod": 4.0, "target": 1, "value": 0.03354812590428774, "supply": [{"l": "Fish, Body Oil", "v": 0.03354812590428774}]}, {"source": 2, "prod": 1725.0, "target": 1, "value": 1.082494742576771, "supply": [{"l": "Milk - Excluding Butter", "v": 1.082494742576771}]}, {"source": 3, "prod": 3664.0, "target": 1, "value": 12.492097971886952, "supply": [{"l": "Maize", "v": 2.0646217384765913}, {"l": "Wheat", "v": 2.9846151294830192}, {"l": "Oats", "v": 3.6128451129961512}, {"l": "Rye", "v": 0.76524260032653035}, {"l": "Millet", "v": 0.0064318434220454555}, {"l": "Barley", "v": 2.9779435044070457}, {"l": "Cereals, Other", "v": 0.08039804277556821}]}, {"source": 4, "prod": 230.0, "target": 1, "value": 0.26731111060000001, "supply": [{"l": "Sugar beet", "v": 0.26731111060000001}]}, {"source": 5, "prod": 1500.0, "target": 1, "value": 1.1673203262623533, "supply": [{"l": "Potatoes", "v": 1.1673203262623533}]}, {"source": 6, "prod": 135.0, "target": 1, "value": 0.57537949217730133, "supply": [{"l": "Vegetables, Other", "v": 0.00098202278115772871}, {"l": "Peas", "v": 0.069463908958090917}, {"l": "Pulses, Other", "v": 0.50493356043805271}]}, {"source": 7, "prod": 114.0, "target": 1, "value": 0.10348149711286211, "supply": [{"l": "Pelagic Fish", "v": 0.059016085253012197}, {"l": "Fish, Seafood", "v": 0.044465411859849924}]}, {"source": 0, "prod": 1815.0, "target": 8, "value": 2.8652454593052652, "supply": [{"l": "Beer", "v": 0.82526723168854599}, {"l": "Beverages, Alcoholic", "v": 0.14626259320324519}, {"l": "Fats, Animals, Raw", "v": 1.0506885811400029}, {"l": "Butter, Ghee", "v": 0.72806422436307472}, {"l": "Wine", "v": 0.05860657327102612}, {"l": "Beverages, Fermented", "v": 0.011791712940416666}, {"l": "Fish, Liver Oil", "v": 0.0094333703523333343}, {"l": "Cream", "v": 0.035131172346620693}]}, {"source": 2, "prod": 3317.0, "target": 8, "value": 3.5011734384524473, "supply": [{"l": "Pigmeat", "v": 0.93602896966393667}, {"l": "Meat, Other", "v": 0.023305973811647059}, {"l": "Eggs", "v": 0.21693216821476607}, {"l": "Mutton & Goat Meat", "v": 0.017633146120130769}, {"l": "Milk - Excluding Butter", "v": 1.4226177283603132}, {"l": "Poultry Meat", "v": 0.094482260536755902}, {"l": "Offals, Edible", "v": 0.082469266362138763}, {"l": "Bovine Meat", "v": 0.70770392538275895}]}, {"source": 3, "prod": 2286.0, "target": 8, "value": 7.0850845613518487, "supply": [{"l": "Rye", "v": 1.8485860462789907}, {"l": "Rice", "v": 0.26162222232585325}, {"l": "Cereals, Other", "v": 0.057886590798409097}, {"l": "Wheat", "v": 4.8357541313605159}, {"l": "Oats", "v": 0.081235570588079148}]}, {"source": 9, "prod": 11.0, "target": 8, "value": 0.023847022161651077, "supply": [{"l": "Coconuts - Incl Copra", "v": 0.011213251550886792}, {"l": "Oilcrops, Other", "v": 0.00424501665855}, {"l": "Groundnuts", "v": 0.0060643095122142861}, {"l": "Rape and Mustardseed", "v": 0.0023244444400000001}]}, {"source": 10, "prod": 626.0, "target": 8, "value": 2.5860020900209526, "supply": [{"l": "Sugar", "v": 2.5860020900209526}]}, {"source": 5, "prod": 1482.0, "target": 8, "value": 1.1533124823472052, "supply": [{"l": "Potatoes", "v": 1.1533124823472052}]}, {"source": 6, "prod": 1682.0, "target": 8, "value": 0.80008156617453641, "supply": [{"l": "Vegetables, Other", "v": 0.19321298219278316}, {"l": "Tomatoes", "v": 0.023461918768566747}, {"l": "Treenuts", "v": 0.087932487927107145}, {"l": "Peas", "v": 0.046309272638727278}, {"l": "Grapes", "v": 0.023154636319363639}, {"l": "Dates", "v": 0.0070750277642500003}, {"l": "Pulses, Other", "v": 0.022342192939736844}, {"l": "Lemons, Limes", "v": 0.0057294703366932518}, {"l": "Bananas", "v": 0.0022696128669475253}, {"l": "Fruits, Other", "v": 0.25177340181744828}, {"l": "Grapefruit", "v": 0.0023244444400000001}, {"l": "Oranges, Mandarines", "v": 0.0058551953911034479}, {"l": "Onions", "v": 0.041045340928713668}, {"l": "Apples", "v": 0.087595581843095238}]}, {"source": 11, "prod": 67.0, "target": 8, "value": 0.13390862569646966, "supply": [{"l": "Nuts", "v": 0.088777992618713955}, {"l": "Pepper", "v": 0.0011622222200000001}, {"l": "Cocoa Beans", "v": 0.024066236174456693}, {"l": "Pimento", "v": 0.0060643095122142861}, {"l": "Coffee", "v": 0.0058841815069009904}, {"l": "Spices, Other", "v": 0.0070750277642500003}, {"l": "Tea", "v": 0.00087865589993375295}]}, {"source": 7, "prod": 180.0, "target": 8, "value": 0.13476835870910783, "supply": [{"l": "Freshwater Fish", "v": 0.0059865619543653849}, {"l": "Marine Fish, Other", "v": 0.0060643095122142861}, {"l": "Demersal Fish", "v": 0.0059172959482818189}, {"l": "Pelagic Fish", "v": 0.046591646252378049}, {"l": "Fish, Seafood", "v": 0.070208545041868298}]}, {"source": 12, "prod": 113.0, "target": 8, "value": 1.1814934839559899, "supply": [{"l": "Maize Germ Oil", "v": 0.02122508329275}, {"l": "Groundnut Oil", "v": 0.13647956783940321}, {"l": "Soyabean Oil", "v": 0.091236178930029846}, {"l": "Palm Oil", "v": 0.011577318159681819}, {"l": "Sunflowerseed Oil", "v": 0.32167792901456665}, {"l": "Olive Oil", "v": 0.030564119941560004}, {"l": "Coconut Oil", "v": 0.086443975592290917}, {"l": "Rape and Mustard Oil", "v": 0.1850561949586641}, {"l": "Oilcrops Oil, Other", "v": 0.23347591622024999}, {"l": "Sesameseed Oil", "v": 0.012128619024428572}, {"l": "Cottonseed Oil", "v": 0.05162858098236487}]}, {"source": 2, "prod": 1.0, "target": 13, "value": 0.0017826841610708664, "supply": [{"l": "Poultry Meat", "v": 0.0017826841610708664}]}, {"source": 3, "prod": 283.0, "target": 13, "value": 0.9147899041028783, "supply": [{"l": "Maize", "v": 0.04502290395431819}, {"l": "Barley", "v": 0.84900333171000031}, {"l": "Rice", "v": 0.020763668438559781}]}, {"source": 9, "prod": 313.0, "target": 13, "value": 1.0986447800496852, "supply": [{"l": "Sunflower seed", "v": 0.20800581626895004}, {"l": "Coconuts - Incl Copra", "v": 0.036843540810056606}, {"l": "Soyabeans", "v": 0.10612541646375}, {"l": "Sesame seed", "v": 0.0084900333171}, {"l": "Cottonseed", "v": 0.12310548309795001}, {"l": "Rape and Mustardseed", "v": 0.098788888700000008}, {"l": "Groundnuts", "v": 0.30927978512292864}, {"l": "Palm kernels", "v": 0.0169800666342}, {"l": "Oilcrops, Other", "v": 0.19102574963475}]}, {"source": 4, "prod": 7099.0, "target": 13, "value": 8.2506155397800001, "supply": [{"l": "Sugar beet", "v": 8.2506155397800001}]}, {"source": 5, "prod": 92.0, "target": 13, "value": 0.071595646677424352, "supply": [{"l": "Potatoes", "v": 0.071595646677424352}]}, {"source": 6, "prod": 89.0, "target": 13, "value": 0.05723984609067588, "supply": [{"l": "Fruits, Other", "v": 0.0068552163861186413}, {"l": "Grapes", "v": 0.032977815363942155}, {"l": "Apples", "v": 0.017406814340615081}]}, {"source": 0, "prod": 43.0, "target": 14, "value": 0.36139991756606482, "supply": [{"l": "Fats, Animals, Raw", "v": 0.34462585461392092}, {"l": "Fish, Body Oil", "v": 0.01677406295214387}]}, {"source": 2, "prod": 16.0, "target": 14, "value": 0.020944575584035244, "supply": [{"l": "Offals, Edible", "v": 0.020944575584035244}]}, {"source": 9, "prod": 12.0, "target": 14, "value": 0.050940199902600007, "supply": [{"l": "Oilcrops, Other", "v": 0.050940199902600007}]}, {"source": 10, "prod": 8.0, "target": 14, "value": 0.029964823472117649, "supply": [{"l": "Sweeteners, Other", "v": 0.029964823472117649}]}, {"source": 5, "prod": 158.0, "target": 14, "value": 0.12295774103296792, "supply": [{"l": "Potatoes", "v": 0.12295774103296792}]}, {"source": 12, "prod": 33.0, "target": 14, "value": 0.34824379809671724, "supply": [{"l": "Rape and Mustard Oil", "v": 0.030842699159777345}, {"l": "Groundnut Oil", "v": 0.15747642443008064}, {"l": "Palm Oil", "v": 0.011577318159681819}, {"l": "Palmkernel Oil", "v": 0.020996856590677418}, {"l": "Oilcrops Oil, Other", "v": 0.12735049975650001}]}, {"source": 5, "prod": 1124.0, "target": 5, "value": 0.87471203114592344, "supply": [{"l": "Potatoes", "v": 0.87471203114592344}]}, {"source": 6, "prod": 10.0, "target": 6, "value": 0.042247055740593308, "supply": [{"l": "Peas", "v": 0.015436424212909092}, {"l": "Pulses, Other", "v": 0.026810631527684217}]}, {"source": 2, "prod": 6.0, "target": 2, "value": 0.010089868289058885, "supply": [{"l": "Eggs", "v": 0.010089868289058885}]}, {"source": 3, "prod": 425.0, "target": 3, "value": 1.3976508473490468, "supply": [{"l": "Maize", "v": 0.064318434220454565}, {"l": "Wheat", "v": 0.39425256612365994}, {"l": "Oats", "v": 0.26936004984468348}, {"l": "Rye", "v": 0.25808181814933961}, {"l": "Barley", "v": 0.40199021387784095}, {"l": "Cereals, Other", "v": 0.0096477651330681841}]}, {"source": 9, "prod": 2.0, "target": 9, "value": 0.0084900333171, "supply": [{"l": "Oilcrops, Other", "v": 0.0084900333171}]}, {"source": 5, "prod": 1113.0, "target": 15, "value": 0.86615168208666626, "supply": [{"l": "Potatoes", "v": 0.86615168208666626}]}, {"source": 6, "prod": 126.0, "target": 15, "value": 0.062579257398163168, "supply": [{"l": "Oranges, Mandarines", "v": 0.00048793294925862066}, {"l": "Fruits, Other", "v": 0.031783275972004608}, {"l": "Lemons, Limes", "v": 0.00026043046984969325}, {"l": "Tomatoes", "v": 0.0013918087405081967}, {"l": "Vegetables, Other", "v": 0.0144848360220765}, {"l": "Peas", "v": 0.007718212106454546}, {"l": "Grapes", "v": 0.00070165564604132225}, {"l": "Onions", "v": 0.0012826669040223021}, {"l": "Pulses, Other", "v": 0.0044684385879473695}]}, {"source": 2, "prod": 121.0, "target": 15, "value": 0.079093849868621613, "supply": [{"l": "Milk - Excluding Butter", "v": 0.074048915724092168}, {"l": "Eggs", "v": 0.0050449341445294423}]}, {"source": 3, "prod": 293.0, "target": 15, "value": 0.9606562828197418, "supply": [{"l": "Maize", "v": 0.17044385068420456}, {"l": "Oats", "v": 0.13681780309571223}, {"l": "Rye", "v": 0.027008562364465773}, {"l": "Barley", "v": 0.31516032768022734}, {"l": "Cereals, Other", "v": 0.0032159217110227277}, {"l": "Wheat", "v": 0.30800981728410931}]}, {"source": 9, "prod": 5.0, "target": 15, "value": 0.019961581707864287, "supply": [{"l": "Soyabeans", "v": 0.00424501665855}, {"l": "Sunflower seed", "v": 0.00424501665855}, {"l": "Rape and Mustardseed", "v": 0.0011622222200000001}, {"l": "Groundnuts", "v": 0.0060643095122142861}, {"l": "Oilcrops, Other", "v": 0.00424501665855}]}, {"source": 16, "prod": 43.0, "target": 11, "value": 0.060495494197644807, "supply": [{"l": "Nuts", "v": 0.021429170632103367}, {"l": "Pepper", "v": 0.0011622222200000001}, {"l": "Cocoa Beans", "v": 0.024066236174456693}, {"l": "Coffee", "v": 0.0058841815069009904}, {"l": "Spices, Other", "v": 0.0070750277642500003}, {"l": "Tea", "v": 0.00087865589993375295}]}, {"source": 16, "prod": 393.0, "target": 1, "value": 0.48157900477136628, "supply": [{"l": "Pigmeat", "v": 0.098435168893913044}, {"l": "Meat, Other", "v": 0.0011098082767450981}, {"l": "Eggs", "v": 0.0084082235742157386}, {"l": "Marine Fish, Other", "v": 0.0060643095122142861}, {"l": "Demersal Fish", "v": 0.0059172959482818189}, {"l": "Milk - Excluding Butter", "v": 0.0031376659205123803}, {"l": "Fish, Seafood", "v": 0.10609291250771211}, {"l": "Pelagic Fish", "v": 0.10560773150539024}, {"l": "Poultry Meat", "v": 0.010696104966425196}, {"l": "Offals, Edible", "v": 0.0013090359740022027}, {"l": "Bovine Meat", "v": 0.1348007476919541}]}, {"source": 16, "prod": 171.0, "target": 13, "value": 1.2145535352067569, "supply": [{"l": "Sugar", "v": 0.020654968770135406}, {"l": "Groundnut Oil", "v": 0.052492141476693552}, {"l": "Fats, Animals, Raw", "v": 0.40346441515776116}, {"l": "Soyabean Oil", "v": 0.050686766072238806}, {"l": "Butter, Ghee", "v": 0.14226542315140539}, {"l": "Palm Oil", "v": 0.023154636319363639}, {"l": "Sunflowerseed Oil", "v": 0.17640402558863333}, {"l": "Olive Oil", "v": 0.030564119941560004}, {"l": "Coconut Oil", "v": 0.043221987796145458}, {"l": "Rape and Mustard Oil", "v": 0.030842699159777345}, {"l": "Oilcrops Oil, Other", "v": 0.14857558304925}, {"l": "Wine", "v": 0.032471209515027986}, {"l": "Fish, Body Oil", "v": 0.05032218885643161}, {"l": "Fish, Liver Oil", "v": 0.0094333703523333343}]}, {"source": 16, "prod": 1640.0, "target": 3, "value": 5.1614070716578127, "supply": [{"l": "Maize", "v": 0.4180698224329546}, {"l": "Rye", "v": 0.54617315003697453}, {"l": "Barley", "v": 0.36661507505659102}, {"l": "Rice", "v": 0.35298236345551631}, {"l": "Cereals, Other", "v": 0.0032159217110227277}, {"l": "Wheat", "v": 3.4743507389647532}]}, {"source": 16, "prod": 297.0, "target": 6, "value": 0.20219105959738426, "supply": [{"l": "Tomatoes", "v": 0.0079531928029039824}, {"l": "Treenuts", "v": 0.021225083292750004}, {"l": "Vegetables, Other", "v": 0.015712364498523659}, {"l": "Grapes", "v": 0.020348013735198348}, {"l": "Dates", "v": 0.0070750277642500003}, {"l": "Apples", "v": 0.023021915740813498}, {"l": "Lemons, Limes", "v": 0.0062503312763926393}, {"l": "Bananas", "v": 0.0022696128669475253}, {"l": "Fruits, Other", "v": 0.034276081930593207}, {"l": "Grapefruit", "v": 0.0023244444400000001}, {"l": "Oranges, Mandarines", "v": 0.0068310612896206888}, {"l": "Onions", "v": 0.0012826669040223021}, {"l": "Pulses, Other", "v": 0.053621263055368434}]}, {"source": 16, "prod": 229.0, "target": 9, "value": 0.98125274692583642, "supply": [{"l": "Sunflower seed", "v": 0.19951578295185002}, {"l": "Coconuts - Incl Copra", "v": 0.048056792360943401}, {"l": "Sesame seed", "v": 0.0084900333171}, {"l": "Cottonseed", "v": 0.12310548309795001}, {"l": "Groundnuts", "v": 0.3153440946351429}, {"l": "Oilcrops, Other", "v": 0.15706561636635002}, {"l": "Soyabeans", "v": 0.11037043312230001}, {"l": "Rape and Mustardseed", "v": 0.0023244444400000001}, {"l": "Palm kernels", "v": 0.0169800666342}]}, {"source": 16, "prod": 146.0, "target": 5, "value": 0.11361917842286907, "supply": [{"l": "Potatoes", "v": 0.11361917842286907}]}, {"source": 0, "prod": 47.0, "target": 17, "value": 0.026861191059114727, "supply": [{"l": "Beer", "v": 0.026861191059114727}]}, {"source": 2, "prod": 49.0, "target": 17, "value": 0.050831539433159087, "supply": [{"l": "Pigmeat", "v": 0.0017897303435256916}, {"l": "Poultry Meat", "v": 0.0017826841610708664}, {"l": "Eggs", "v": 0.016816447148431477}, {"l": "Offals, Edible", "v": 0.0013090359740022027}, {"l": "Milk - Excluding Butter", "v": 0.020708595075381711}, {"l": "Bovine Meat", "v": 0.0084250467307471315}]}, {"source": 3, "prod": 312.0, "target": 17, "value": 1.0231624960971644, "supply": [{"l": "Maize", "v": 0.0064318434220454555}, {"l": "Wheat", "v": 0.018480589037046559}, {"l": "Barley", "v": 0.90688992250840927}, {"l": "Rice", "v": 0.091360141129663036}]}, {"source": 9, "prod": 4.0, "target": 17, "value": 0.0169800666342, "supply": [{"l": "Oilcrops, Other", "v": 0.0169800666342}]}, {"source": 10, "prod": 726.0, "target": 17, "value": 2.9985576900220612, "supply": [{"l": "Sugar", "v": 2.9908394779156064}, {"l": "Honey", "v": 0.007718212106454546}]}, {"source": 5, "prod": 8.0, "target": 17, "value": 0.0062257084067325521, "supply": [{"l": "Potatoes", "v": 0.0062257084067325521}]}, {"source": 6, "prod": 42.0, "target": 17, "value": 0.020066379554120103, "supply": [{"l": "Vegetables, Other", "v": 0.0034370797340520509}, {"l": "Fruits, Other", "v": 0.0087248208550600899}, {"l": "Grapes", "v": 0.0049115895222892562}, {"l": "Onions", "v": 0.0029928894427187049}]}, {"source": 12, "prod": 1.0, "target": 17, "value": 0.010612541646375, "supply": [{"l": "Oilcrops Oil, Other", "v": 0.010612541646375}]}, {"source": 18, "prod": 30.0, "target": 6, "value": 0.01684530420059524, "supply": [{"l": "Apples", "v": 0.01684530420059524}]}, {"source": 12, "prod": 21.0, "target": 19, "value": 0.21637793245664583, "supply": [{"l": "Rape and Mustard Oil", "v": 0.16449439551881251}, {"l": "Sunflowerseed Oil", "v": 0.051883536937833333}]}, {"source": 2, "prod": 51.0, "target": 19, "value": 0.032004192389226277, "supply": [{"l": "Milk - Excluding Butter", "v": 0.032004192389226277}]}, {"source": 3, "prod": 229.0, "target": 19, "value": 0.68880080058719362, "supply": [{"l": "Wheat", "v": 0.061601963456821861}, {"l": "Rye", "v": 0.62719883713037172}]}, {"source": 6, "prod": 2.0, "target": 19, "value": 0.0014033112920826445, "supply": [{"l": "Grapes", "v": 0.0014033112920826445}]}, {"source": 18, "prod": 1.0, "target": 1, "value": 0.0028083489102490432, "supply": [{"l": "Bovine Meat", "v": 0.0028083489102490432}]}, {"source": 18, "prod": 236.0, "target": 13, "value": 0.97814321232159196, "supply": [{"l": "Sugar", "v": 0.90881862588595785}, {"l": "Beverages, Alcoholic", "v": 0.044218923526562509}, {"l": "Butter, Ghee", "v": 0.025105662909071541}]}, {"source": 18, "prod": 145.0, "target": 3, "value": 0.47099270798174164, "supply": [{"l": "Maize", "v": 0.45022903954318189}, {"l": "Rice", "v": 0.020763668438559781}]}, {"source": 1, "prod": 294.0, "target": 7, "value": 0.23824985582196995, "supply": [{"l": "Demersal Fish", "v": 0.0059172959482818189}, {"l": "Freshwater Fish", "v": 0.0059865619543653849}, {"l": "Pelagic Fish", "v": 0.10560773150539024}, {"l": "Marine Fish, Other", "v": 0.0060643095122142861}, {"l": "Fish, Seafood", "v": 0.11467395690171822}]}, {"source": 1, "prod": 5280.0, "target": 2, "value": 4.7683250224653326, "supply": [{"l": "Poultry Meat", "v": 0.098047628858897645}, {"l": "Pigmeat", "v": 0.93781870000746237}, {"l": "Bovine Meat", "v": 0.71612897211350612}, {"l": "Eggs", "v": 0.24888341779678588}, {"l": "Milk - Excluding Butter", "v": 2.6318741741257847}, {"l": "Offals, Edible", "v": 0.10472287792017621}, {"l": "Meat, Other", "v": 0.023305973811647059}, {"l": "Mutton & Goat Meat", "v": 0.017633146120130769}]}, {"source": 13, "prod": 1909.0, "target": 0, "value": 3.2870546938347323, "supply": [{"l": "Fats, Animals, Raw", "v": 1.3953144357539238}, {"l": "Beverages, Fermented", "v": 0.011791712940416666}, {"l": "Fish, Body Oil", "v": 0.05032218885643161}, {"l": "Beer", "v": 0.85212842274766076}, {"l": "Beverages, Alcoholic", "v": 0.14626259320324519}, {"l": "Fish, Liver Oil", "v": 0.0094333703523333343}, {"l": "Cream", "v": 0.035131172346620693}, {"l": "Butter, Ghee", "v": 0.72806422436307472}, {"l": "Wine", "v": 0.05860657327102612}]}, {"source": 13, "prod": 168.0, "target": 12, "value": 1.756727756155728, "supply": [{"l": "Olive Oil", "v": 0.030564119941560004}, {"l": "Sesameseed Oil", "v": 0.012128619024428572}, {"l": "Soyabean Oil", "v": 0.091236178930029846}, {"l": "Coconut Oil", "v": 0.086443975592290917}, {"l": "Cottonseed Oil", "v": 0.05162858098236487}, {"l": "Rape and Mustard Oil", "v": 0.38039328963725394}, {"l": "Maize Germ Oil", "v": 0.02122508329275}, {"l": "Groundnut Oil", "v": 0.29395599226948388}, {"l": "Palm Oil", "v": 0.023154636319363639}, {"l": "Palmkernel Oil", "v": 0.020996856590677418}, {"l": "Oilcrops Oil, Other", "v": 0.37143895762312501}, {"l": "Sunflowerseed Oil", "v": 0.37356146595239997}]}, {"source": 13, "prod": 1360.0, "target": 10, "value": 5.6145246035151315, "supply": [{"l": "Honey", "v": 0.007718212106454546}, {"l": "Sweeteners, Other", "v": 0.029964823472117649}, {"l": "Sugar", "v": 5.5768415679365591}]}, {"source": 20, "prod": 0, "target": 3, "value": 0.018767195861544225, "supply": "[{\"l\":'Energy for power irrigation',\"v\":0.018767195861544225}]"}, {"source": 20, "prod": 0, "target": 9, "value": 0.0006581738890997558, "supply": "[{\"l\":'Energy for power irrigation',\"v\":0.0006581738890997558}]"}, {"source": 20, "prod": 0, "target": 4, "value": 0.02083696083460955, "supply": "[{\"l\":'Energy for power irrigation',\"v\":0.02083696083460955}]"}, {"source": 20, "prod": 0, "target": 5, "value": 0.015364024607754127, "supply": "[{\"l\":'Energy for power irrigation',\"v\":0.015364024607754127}]"}, {"source": 20, "prod": 0, "target": 6, "value": 0.005472936226855421, "supply": "[{\"l\":'Energy for power irrigation',\"v\":0.005472936226855421}]"}, {"source": 20, "prod": 0, "target": 11, "value": 0.00012936031081658267, "supply": "[{\"l\":'Energy for power irrigation',\"v\":0.00012936031081658267}]"}, {"source": 20, "prod": 0, "target": 13, "value": 3.7448580542533865, "supply": "[{\"l\":'Electricity',\"v\":3.7448580542533865}]"}, {"source": 21, "prod": 0, "target": 20, "value": 9.4914796323096198, "supply": [{"l": "Coal", "v": 8.2984747492663864}, {"l": "Natural gas", "v": 0.11316509542011874}, {"l": "Oil", "v": 1.0798397876231143}]}, {"source": 22, "prod": 0, "target": 20, "value": 0.11596248122901245, "supply": [{"l": "Nuclear", "v": 0.0}, {"l": "Hydroelectric", "v": 0.11596248122901245}, {"l": "Renewable", "v": 0.0}]}, {"source": 21, "prod": 0, "target": 3, "value": 2.9588197448405129, "supply": [{"l": "Natural gas (including LNG)", "v": 0.05650569163482537}, {"l": "Coal", "v": 0.22918436073725204}, {"l": "Other fossil fuels", "v": 2.6731296924684358}]}, {"source": 21, "prod": 0, "target": 9, "value": 0.10376712178921052, "supply": [{"l": "Natural gas (including LNG)", "v": 0.001981679686935627}, {"l": "Coal", "v": 0.0080375972596082174}, {"l": "Other fossil fuels", "v": 0.093747844842666683}]}, {"source": 21, "prod": 0, "target": 4, "value": 3.285137086795352, "supply": [{"l": "Natural gas (including LNG)", "v": 0.062737496438666135}, {"l": "Coal", "v": 0.25446026054284504}, {"l": "Other fossil fuels", "v": 2.967939329813841}]}, {"source": 21, "prod": 0, "target": 5, "value": 2.4222787306647673, "supply": [{"l": "Natural gas (including LNG)", "v": 0.046259166428510266}, {"l": "Coal", "v": 0.18762494855690198}, {"l": "Other fossil fuels", "v": 2.1883946156793552}]}, {"source": 21, "prod": 0, "target": 6, "value": 0.86285835613058426, "supply": [{"l": "Natural gas (including LNG)", "v": 0.016478330010155858}, {"l": "Coal", "v": 0.066835311985943072}, {"l": "Other fossil fuels", "v": 0.77954471413448545}]}, {"source": 21, "prod": 0, "target": 11, "value": 0.020394833872177446, "supply": [{"l": "Natural gas (including LNG)", "v": 0.00038948780024004756}, {"l": "Coal", "v": 0.0015797437378495631}, {"l": "Other fossil fuels", "v": 0.018425602334087837}]}, {"source": 23, "prod": 169.85222645802378, "target": 3, "value": 1.2154419642649541, "supply": [{"l": "Potash", "v": 0.59548370603194245}, {"l": "Phosphate", "v": 0.75478141727049186}, {"l": "Nitrogen", "v": 2.6151580159810148}]}, {"source": 23, "prod": 5.9567929745542347, "target": 9, "value": 0.042626089187598366, "supply": [{"l": "Potash", "v": 0.59548370603194245}, {"l": "Phosphate", "v": 0.75478141727049186}, {"l": "Nitrogen", "v": 2.6151580159810148}]}, {"source": 23, "prod": 188.58460350111443, "target": 4, "value": 1.3494885859866457, "supply": [{"l": "Potash", "v": 0.59548370603194245}, {"l": "Phosphate", "v": 0.75478141727049186}, {"l": "Nitrogen", "v": 2.6151580159810148}]}, {"source": 23, "prod": 139.05187574294206, "target": 5, "value": 0.99503838431871094, "supply": [{"l": "Potash", "v": 0.59548370603194245}, {"l": "Phosphate", "v": 0.75478141727049186}, {"l": "Nitrogen", "v": 2.6151580159810148}]}, {"source": 23, "prod": 49.532727758172364, "target": 6, "value": 0.35445020166793462, "supply": [{"l": "Potash", "v": 0.59548370603194245}, {"l": "Phosphate", "v": 0.75478141727049186}, {"l": "Nitrogen", "v": 2.6151580159810148}]}, {"source": 23, "prod": 1.1707735651931648, "target": 11, "value": 0.0083779138576057267, "supply": [{"l": "Potash", "v": 0.59548370603194245}, {"l": "Phosphate", "v": 0.75478141727049186}, {"l": "Nitrogen", "v": 2.6151580159810148}]}, {"source": 21, "prod": 0, "target": 23, "value": 5.2573669271668901, "supply": [{"l": "Natural gas (including LNG)", "v": 3.3964681078127312}, {"l": "Fuel oil", "v": 1.3986142341393455}, {"l": "Liquefied petroleum gas (LPG)", "v": 0.23114229260740674}, {"l": "Coal", "v": 0.23114229260740674}]}, {"source": 24, "prod": 0, "target": 3, "value": 0.26607147930788394, "supply": "[{\"l\":'Labor',\"v\":0.26607147930788394}]"}, {"source": 24, "prod": 0, "target": 9, "value": 0.0093312448810445592, "supply": "[{\"l\":'Labor',\"v\":0.0093312448810445592}]"}, {"source": 24, "prod": 0, "target": 4, "value": 0.29541552368542368, "supply": "[{\"l\":'Labor',\"v\":0.29541552368542368}]"}, {"source": 24, "prod": 0, "target": 5, "value": 0.21782309864866004, "supply": "[{\"l\":'Labor',\"v\":0.21782309864866004}]"}, {"source": 24, "prod": 0, "target": 6, "value": 0.077592425036763613, "supply": "[{\"l\":'Labor',\"v\":0.077592425036763613}]"}, {"source": 24, "prod": 0, "target": 11, "value": 0.0018340027735962306, "supply": "[{\"l\":'Labor',\"v\":0.0018340027735962306}]"}, {"source": 21, "prod": 0, "target": 16, "value": 0.77890912037183124, "supply": "[{\"l\":'Fossil Fuels',\"v\":0.77890912037183124}]"}, {"source": 22, "prod": 0, "target": 16, "value": 0.0017550129676449575, "supply": "[{\"l\":'Renewables & Nuclear',\"v\":0.0017550129676449575},{\"l\":'Biomass & Waste',\"v\":0.0}]"}]}