{"nodes": [{"layer": 13, "name": "Milk - Excluding Butter"}, {"layer": 10, "name": "Feed", "fill": "#dbdb8d"}, {"layer": 5, "name": "Vegetables"}, {"layer": 5, "name": "Sugar Crops", "fill": "#ffbb78"}, {"layer": 13, "name": "Animal Fats"}, {"layer": 5, "name": "Starchy Roots"}, {"layer": 5, "name": "Pulses"}, {"layer": 13, "name": "Fish, Seafood"}, {"layer": 5, "name": "Cereals - Excluding Beer"}, {"layer": 16, "name": "Food", "fill": "#b5cf6b"}, {"layer": 13, "name": "Meat"}, {"layer": 5, "name": "Treenuts"}, {"layer": 5, "name": "Others"}, {"layer": 13, "name": "Sugar & Sweeteners"}, {"layer": 13, "name": "Alcoholic Beverages"}, {"layer": 13, "name": "Vegetable Oils", "fill": "#f7b6d2"}, {"layer": 5, "name": "Spices"}, {"layer": 5, "name": "Stimulants"}, {"layer": 13, "name": "Eggs"}, {"layer": 5, "name": "Fruits - Excluding Wine"}, {"layer": 5, "name": "Oilcrops", "fill": "#ff9896"}, {"layer": 10, "name": "Processing", "fill": "#9edae5"}, {"layer": 16, "name": "Biofuels & Other", "fill": "#e7ba52"}, {"name": "Waste", "fill": "#c7c7c7"}, {"layer": 2, "name": "Import", "fill": "#aec7e8"}, {"layer": 16, "name": "Export", "fill": "#aec7e8"}, {"layer": 16, "name": "Stock Deposit", "fill": "#c7c7c7"}, {"layer": 0, "name": "Stock Draw", "fill": "#c7c7c7"}, {"name": "Crop Residue", "fill": "#bd9e39"}, {"layer": 2, "name": "Electricity", "fill": "#bcbd22"}, {"layer": 0, "name": "Fossil Fuels", "fill": "#c49c94"}, {"layer": 0, "name": "Renewables & Nuclear", "fill": "#2ca02c"}, {"layer": 2, "name": "Fertilizers", "fill": "#c5b0d5"}, {"layer": 0, "name": "Labor", "fill": "#7f7f7f"}], "links": [{"source": 0, "prod": 2635.0, "target": 1, "value": 1.5509471577488041, "supply": [{"l": "Milk - Excluding Butter", "v": 1.5509471577488041}]}, {"source": 2, "prod": 4.0, "target": 1, "value": 0.00099130332516045219, "supply": [{"l": "Vegetables, Other", "v": 0.00099130332516045219}]}, {"source": 3, "prod": 87.0, "target": 1, "value": 0.10111333314000001, "supply": [{"l": "Sugar beet", "v": 0.10111333314000001}]}, {"source": 4, "prod": 3.0, "target": 1, "value": 0.025086828953400822, "supply": [{"l": "Fish, Body Oil", "v": 0.025086828953400822}]}, {"source": 5, "prod": 1500.0, "target": 1, "value": 1.1659943399623203, "supply": [{"l": "Potatoes", "v": 1.1659943399623203}]}, {"source": 6, "prod": 43.0, "target": 1, "value": 0.16949332181725496, "supply": [{"l": "Peas", "v": 0.026219220538102946}, {"l": "Beans", "v": 0.0039844921704801448}, {"l": "Pulses, Other", "v": 0.13928960910867189}]}, {"source": 7, "prod": 406.0, "target": 1, "value": 0.4623486735238353, "supply": [{"l": "Pelagic Fish", "v": 0.27034929621510595}, {"l": "Fish, Seafood", "v": 0.19199937730872935}]}, {"source": 8, "prod": 6511.0, "target": 1, "value": 22.055642400934016, "supply": [{"l": "Maize", "v": 3.253935218268122}, {"l": "Wheat", "v": 9.153662361557803}, {"l": "Oats", "v": 2.7613623214528218}, {"l": "Rye", "v": 0.85356086493236982}, {"l": "Barley", "v": 5.9880724783464485}, {"l": "Sorghum", "v": 0.0034653197212653059}, {"l": "Cereals, Other", "v": 0.04158383665518367}]}, {"source": 0, "prod": 2770.0, "target": 9, "value": 1.6304074485632585, "supply": [{"l": "Milk - Excluding Butter", "v": 1.6304074485632585}]}, {"source": 7, "prod": 222.0, "target": 9, "value": 0.20960699805339866, "supply": [{"l": "Marine Fish, Other", "v": 0.018031929169061947}, {"l": "Demersal Fish", "v": 0.012213732140389472}, {"l": "Freshwater Fish", "v": 0.025100968067947829}, {"l": "Fish, Seafood", "v": 0.10498488118851705}, {"l": "Pelagic Fish", "v": 0.04927548748748236}]}, {"source": 10, "prod": 1239.0, "target": 9, "value": 2.4822840381274429, "supply": [{"l": "Meat, Other", "v": 0.049296967647677423}, {"l": "Mutton & Goat Meat", "v": 0.012577827136444444}, {"l": "Pigmeat", "v": 1.2099537635380604}, {"l": "Poultry Meat", "v": 0.18594735547268099}, {"l": "Bovine Meat", "v": 0.92618545277454545}, {"l": "Offals, Edible", "v": 0.098322671558034286}]}, {"source": 11, "prod": 20.0, "target": 9, "value": 0.061971046110218982, "supply": [{"l": "Treenuts", "v": 0.061971046110218982}]}, {"source": 2, "prod": 1058.0, "target": 9, "value": 0.28386493960586368, "supply": [{"l": "Vegetables, Other", "v": 0.19132154175596724}, {"l": "Tomatoes", "v": 0.03095766394347153}, {"l": "Onions", "v": 0.061585733906424883}]}, {"source": 12, "prod": 20.0, "target": 9, "value": 0.060643095122142866, "supply": [{"l": "Nuts", "v": 0.060643095122142866}]}, {"source": 4, "prod": 247.0, "target": 9, "value": 1.797402263445139, "supply": [{"l": "Fats, Animals, Raw", "v": 0.81237088373787447}, {"l": "Butter, Ghee", "v": 0.88640128968682896}, {"l": "Cream", "v": 0.098630090020435657}]}, {"source": 5, "prod": 1549.0, "target": 9, "value": 1.2040834884010896, "supply": [{"l": "Potatoes", "v": 1.2040834884010896}]}, {"source": 6, "prod": 11.0, "target": 9, "value": 0.042611022427506806, "supply": [{"l": "Peas", "v": 0.018728014670073533}, {"l": "Beans", "v": 0.0039844921704801448}, {"l": "Pulses, Other", "v": 0.019898515586953127}]}, {"source": 13, "prod": 672.0, "target": 9, "value": 2.7671168395928536, "supply": [{"l": "Sugar", "v": 2.7372109720440436}, {"l": "Sweeteners, Other", "v": 0.0037826881115792083}, {"l": "Honey", "v": 0.026123179437230769}]}, {"source": 14, "prod": 2375.0, "target": 9, "value": 1.6687919161021845, "supply": [{"l": "Beer", "v": 1.2041860839210476}, {"l": "Beverages, Alcoholic", "v": 0.33479326612588073}, {"l": "Wine", "v": 0.12347672029622625}, {"l": "Beverages, Fermented", "v": 0.0063358457590298508}]}, {"source": 8, "prod": 2030.0, "target": 9, "value": 6.4529968332027057, "supply": [{"l": "Rye", "v": 1.1350862028398883}, {"l": "Rice", "v": 0.27831566171950334}, {"l": "Cereals, Other", "v": 0.024257238048857141}, {"l": "Wheat", "v": 4.9522929287348036}, {"l": "Oats", "v": 0.063044801859653471}]}, {"source": 15, "prod": 142.0, "target": 9, "value": 1.4743629596255425, "supply": [{"l": "Maize Germ Oil", "v": 0.024257238048857144}, {"l": "Groundnut Oil", "v": 0.072636951712966663}, {"l": "Soyabean Oil", "v": 0.090964642683214289}, {"l": "Sunflowerseed Oil", "v": 0.72111998467418414}, {"l": "Rape and Mustard Oil", "v": 0.4061960178106952}, {"l": "Oilcrops Oil, Other", "v": 0.15918812469562502}]}, {"source": 16, "prod": 7.0, "target": 9, "value": 0.0293613652216375, "supply": [{"l": "Pepper", "v": 0.0053062708231875}, {"l": "Pimento", "v": 0.0070750277642500003}, {"l": "Spices, Other", "v": 0.0169800666342}]}, {"source": 17, "prod": 40.0, "target": 9, "value": 0.033331828563962877, "supply": [{"l": "Cocoa Beans", "v": 0.025343383036119403}, {"l": "Coffee", "v": 0.0063675249878250009}, {"l": "Tea", "v": 0.0016209205400184703}]}, {"source": 18, "prod": 223.0, "target": 9, "value": 0.37002164750097072, "supply": [{"l": "Eggs", "v": 0.37002164750097072}]}, {"source": 19, "prod": 693.0, "target": 9, "value": 0.40115393568906782, "supply": [{"l": "Grapes", "v": 0.080283577765514827}, {"l": "Lemons, Limes", "v": 0.012349139370327273}, {"l": "Bananas", "v": 0.024721936095770117}, {"l": "Fruits, Other", "v": 0.1727796254006316}, {"l": "Oranges, Mandarines", "v": 0.043141947078004443}, {"l": "Apples", "v": 0.067877709978819548}]}, {"source": 20, "prod": 8.0, "target": 9, "value": 0.02149881365398372, "supply": [{"l": "Coconuts - Incl Copra", "v": 0.011846558116883722}, {"l": "Groundnuts", "v": 0.0084900333171}, {"l": "Rape and Mustardseed", "v": 0.0011622222200000001}]}, {"source": 10, "prod": 4.0, "target": 21, "value": 0.0062503312763926393, "supply": [{"l": "Poultry Meat", "v": 0.0062503312763926393}]}, {"source": 3, "prod": 6079.0, "target": 21, "value": 7.0651488753800002, "supply": [{"l": "Sugar beet", "v": 7.0651488753800002}]}, {"source": 5, "prod": 166.0, "target": 21, "value": 0.12903670695583014, "supply": [{"l": "Potatoes", "v": 0.12903670695583014}]}, {"source": 19, "prod": 175.0, "target": 21, "value": 0.13338045747085295, "supply": [{"l": "Fruits, Other", "v": 0.0047663344938105269}, {"l": "Grapes", "v": 0.1239329015991928}, {"l": "Apples", "v": 0.0046812213778496242}]}, {"source": 8, "prod": 523.0, "target": 21, "value": 1.8025019679064276, "supply": [{"l": "Maize", "v": 0.065841074704040811}, {"l": "Wheat", "v": 0.17743339987789444}, {"l": "Barley", "v": 1.5212753576354692}, {"l": "Rice", "v": 0.037952135689023184}]}, {"source": 20, "prod": 300.0, "target": 21, "value": 1.1570007339634722, "supply": [{"l": "Sunflower seed", "v": 0.57554528184526754}, {"l": "Soyabeans", "v": 0.078483447524354655}, {"l": "Rape and Mustardseed", "v": 0.13365555530000001}, {"l": "Groundnuts", "v": 0.1358405330736}, {"l": "Oilcrops, Other", "v": 0.23347591622024999}]}, {"source": 20, "prod": 4.0, "target": 22, "value": 0.02122508329275, "supply": [{"l": "Oilcrops, Other", "v": 0.02122508329275}]}, {"source": 4, "prod": 72.0, "target": 22, "value": 0.60295890089065163, "supply": [{"l": "Fats, Animals, Raw", "v": 0.57787207193725076}, {"l": "Fish, Body Oil", "v": 0.025086828953400822}]}, {"source": 5, "prod": 160.0, "target": 22, "value": 0.12437272959598085, "supply": [{"l": "Potatoes", "v": 0.12437272959598085}]}, {"source": 13, "prod": 12.0, "target": 22, "value": 0.045392257338950498, "supply": [{"l": "Sweeteners, Other", "v": 0.045392257338950498}]}, {"source": 15, "prod": 31.0, "target": 22, "value": 0.32839701362239965, "supply": [{"l": "Oilcrops Oil, Other", "v": 0.29715116609850001}, {"l": "Rape and Mustard Oil", "v": 0.031245847523899629}]}, {"source": 10, "prod": 4.0, "target": 22, "value": 0.0051748774504228575, "supply": [{"l": "Offals, Edible", "v": 0.0051748774504228575}]}, {"source": 5, "prod": 749.0, "target": 5, "value": 0.58221984042118535, "supply": [{"l": "Potatoes", "v": 0.58221984042118535}]}, {"source": 8, "prod": 406.0, "target": 8, "value": 1.3488507716944351, "supply": [{"l": "Maize", "v": 0.069306394425306117}, {"l": "Wheat", "v": 0.6875544245268409}, {"l": "Oats", "v": 0.092465709394158435}, {"l": "Rye", "v": 0.062893958468700925}, {"l": "Barley", "v": 0.43316496515816327}, {"l": "Cereals, Other", "v": 0.0034653197212653059}]}, {"source": 18, "prod": 9.0, "target": 18, "value": 0.014933609091967431, "supply": [{"l": "Eggs", "v": 0.014933609091967431}]}, {"source": 6, "prod": 5.0, "target": 6, "value": 0.019196215036825372, "supply": [{"l": "Peas", "v": 0.01123680880204412}, {"l": "Pulses, Other", "v": 0.0079594062347812505}]}, {"source": 20, "prod": 1.0, "target": 20, "value": 0.0053062708231875, "supply": [{"l": "Oilcrops, Other", "v": 0.0053062708231875}]}, {"source": 0, "prod": 115.0, "target": 23, "value": 0.067688395878980054, "supply": [{"l": "Milk - Excluding Butter", "v": 0.067688395878980054}]}, {"source": 20, "prod": 4.0, "target": 23, "value": 0.012862945098144478, "supply": [{"l": "Sunflower seed", "v": 0.0052322298349569774}, {"l": "Rape and Mustardseed", "v": 0.0023244444400000001}, {"l": "Oilcrops, Other", "v": 0.0053062708231875}]}, {"source": 2, "prod": 56.0, "target": 23, "value": 0.014360239327158332, "supply": [{"l": "Tomatoes", "v": 0.001696310353066933}, {"l": "Vegetables, Other", "v": 0.010904336576764973}, {"l": "Onions", "v": 0.0017595923973264252}]}, {"source": 4, "prod": 1.0, "target": 23, "value": 0.0022415929550099012, "supply": [{"l": "Cream", "v": 0.0022415929550099012}]}, {"source": 5, "prod": 876.0, "target": 23, "value": 0.68094069453799522, "supply": [{"l": "Potatoes", "v": 0.68094069453799522}]}, {"source": 6, "prod": 2.0, "target": 23, "value": 0.0077253060514053309, "supply": [{"l": "Peas", "v": 0.0037456029340147061}, {"l": "Pulses, Other", "v": 0.0039797031173906252}]}, {"source": 19, "prod": 80.0, "target": 23, "value": 0.045398132201330606, "supply": [{"l": "Oranges, Mandarines", "v": 0.0048424634475311111}, {"l": "Fruits, Other", "v": 0.017873754351789475}, {"l": "Apples", "v": 0.016969427494704887}, {"l": "Lemons, Limes", "v": 0.00077182121064545454}, {"l": "Bananas", "v": 0.0026023090627126438}, {"l": "Grapes", "v": 0.0023383566339470335}]}, {"source": 8, "prod": 502.0, "target": 23, "value": 1.6496797354918469, "supply": [{"l": "Maize", "v": 0.19059258466959178}, {"l": "Oats", "v": 0.0042029867906435651}, {"l": "Rye", "v": 0.047919206452343571}, {"l": "Wheat", "v": 0.88716699938947219}, {"l": "Barley", "v": 0.51979795818979579}]}, {"source": 18, "prod": 5.0, "target": 23, "value": 0.0082964494955374609, "supply": [{"l": "Eggs", "v": 0.0082964494955374609}]}, {"source": 10, "prod": 37.0, "target": 23, "value": 0.10447823705078713, "supply": [{"l": "Bovine Meat", "v": 0.10447823705078713}]}, {"source": 24, "prod": 1.0, "target": 12, "value": 0.0030321547561071431, "supply": [{"l": "Nuts", "v": 0.0030321547561071431}]}, {"source": 24, "prod": 685.0, "target": 1, "value": 0.78598743900619972, "supply": [{"l": "Marine Fish, Other", "v": 0.021412915888261063}, {"l": "Pigmeat", "v": 0.048614213713582786}, {"l": "Milk - Excluding Butter", "v": 0.012949084429022272}, {"l": "Fish, Seafood", "v": 0.28374292213112717}, {"l": "Pelagic Fish", "v": 0.31962478370258829}, {"l": "Bovine Meat", "v": 0.073417139549201774}, {"l": "Poultry Meat", "v": 0.0062503312763926393}, {"l": "Offals, Edible", "v": 0.0077623161756342875}, {"l": "Demersal Fish", "v": 0.012213732140389472}]}, {"source": 24, "prod": 1748.0, "target": 8, "value": 5.7937771777862315, "supply": [{"l": "Maize", "v": 1.6564228267648162}, {"l": "Rye", "v": 0.0059899008065429464}, {"l": "Barley", "v": 0.4678181623708163}, {"l": "Rice", "v": 0.29518327758129143}, {"l": "Wheat", "v": 3.3648976905414982}, {"l": "Cereals, Other", "v": 0.0034653197212653059}]}, {"source": 24, "prod": 9.0, "target": 6, "value": 0.035817328056515628, "supply": [{"l": "Pulses, Other", "v": 0.035817328056515628}]}, {"source": 24, "prod": 287.0, "target": 21, "value": 1.5159466505356261, "supply": [{"l": "Sugar", "v": 0.64404964048095148}, {"l": "Beverages, Alcoholic", "v": 0.010248773452833086}, {"l": "Butter, Ghee", "v": 0.008362276317800274}, {"l": "Fats, Animals, Raw", "v": 0.16749915128615964}, {"l": "Soyabean Oil", "v": 0.010107182520357144}, {"l": "Sunflowerseed Oil", "v": 0.33995656420354392}, {"l": "Oilcrops Oil, Other", "v": 0.244088457866625}, {"l": "Wine", "v": 0.033895570277395447}, {"l": "Sweeteners, Other", "v": 0.0075653762231584166}, {"l": "Fish, Body Oil", "v": 0.050173657906801644}]}, {"source": 24, "prod": 1.0, "target": 11, "value": 0.0030985523055109491, "supply": [{"l": "Treenuts", "v": 0.0030985523055109491}]}, {"source": 24, "prod": 118.0, "target": 2, "value": 0.027275161048612287, "supply": [{"l": "Tomatoes", "v": 0.011662133677335165}, {"l": "Vegetables, Other", "v": 0.01561302737127712}]}, {"source": 24, "prod": 40.0, "target": 17, "value": 0.033331828563962877, "supply": [{"l": "Cocoa Beans", "v": 0.025343383036119403}, {"l": "Coffee", "v": 0.0063675249878250009}, {"l": "Tea", "v": 0.0016209205400184703}]}, {"source": 24, "prod": 434.0, "target": 19, "value": 0.23835492743493464, "supply": [{"l": "Grapes", "v": 0.053002750369466105}, {"l": "Apples", "v": 0.043301297745109019}, {"l": "Lemons, Limes", "v": 0.013120960580972729}, {"l": "Bananas", "v": 0.027324245158482766}, {"l": "Fruits, Other", "v": 0.053621263055368427}, {"l": "Oranges, Mandarines", "v": 0.047984410525535558}]}, {"source": 24, "prod": 177.0, "target": 20, "value": 0.96120010920865306, "supply": [{"l": "Sunflower seed", "v": 0.54415190283552561}, {"l": "Coconuts - Incl Copra", "v": 0.013820984469697675}, {"l": "Groundnuts", "v": 0.14433056639070002}, {"l": "Oilcrops, Other", "v": 0.18041320798837501}, {"l": "Soyabeans", "v": 0.078483447524354655}]}, {"source": 24, "prod": 7.0, "target": 16, "value": 0.030776370774487503, "supply": [{"l": "Pepper", "v": 0.0053062708231875}, {"l": "Spices, Other", "v": 0.025470099951300004}]}, {"source": 24, "prod": 270.0, "target": 5, "value": 0.20987898119321768, "supply": [{"l": "Potatoes", "v": 0.20987898119321768}]}, {"source": 0, "prod": 75.0, "target": 25, "value": 0.044144606008030475, "supply": [{"l": "Milk - Excluding Butter", "v": 0.044144606008030475}]}, {"source": 7, "prod": 4.0, "target": 25, "value": 0.0041456106270069248, "supply": [{"l": "Fish, Seafood", "v": 0.0018916194808741812}, {"l": "Marine Fish, Other", "v": 0.0022539911461327434}]}, {"source": 18, "prod": 5.0, "target": 25, "value": 0.0082964494955374609, "supply": [{"l": "Eggs", "v": 0.0082964494955374609}]}, {"source": 4, "prod": 16.0, "target": 25, "value": 0.13392323354988145, "supply": [{"l": "Butter, Ghee", "v": 0.050173657906801644}, {"l": "Fats, Animals, Raw", "v": 0.083749575643079818}]}, {"source": 5, "prod": 58.0, "target": 25, "value": 0.045085114478543062, "supply": [{"l": "Potatoes", "v": 0.045085114478543062}]}, {"source": 6, "prod": 1.0, "target": 25, "value": 0.0039797031173906252, "supply": [{"l": "Pulses, Other", "v": 0.0039797031173906252}]}, {"source": 13, "prod": 233.0, "target": 25, "value": 0.96073697625341126, "supply": [{"l": "Sugar", "v": 0.95368889071217822}, {"l": "Honey", "v": 0.0032653974296538461}, {"l": "Sweeteners, Other", "v": 0.0037826881115792083}]}, {"source": 14, "prod": 107.0, "target": 25, "value": 0.061187228918129902, "supply": [{"l": "Beer", "v": 0.06038019153057287}, {"l": "Wine", "v": 0.00080703738755703424}]}, {"source": 8, "prod": 372.0, "target": 25, "value": 1.2767744926913158, "supply": [{"l": "Oats", "v": 0.0042029867906435651}, {"l": "Wheat", "v": 0.13941195704691706}, {"l": "Barley", "v": 1.1331595488537551}]}, {"source": 15, "prod": 8.0, "target": 25, "value": 0.083875462358557834, "supply": [{"l": "Groundnut Oil", "v": 0.010376707387566665}, {"l": "Oilcrops Oil, Other", "v": 0.031837624939125002}, {"l": "Rape and Mustard Oil", "v": 0.041661130031866174}]}, {"source": 16, "prod": 2.0, "target": 25, "value": 0.0084900333171, "supply": [{"l": "Spices, Other", "v": 0.0084900333171}]}, {"source": 20, "prod": 3.0, "target": 25, "value": 0.015918812469562501, "supply": [{"l": "Oilcrops, Other", "v": 0.015918812469562501}]}, {"source": 2, "prod": 61.0, "target": 25, "value": 0.015117375708696893, "supply": [{"l": "Vegetables, Other", "v": 0.015117375708696893}]}, {"source": 19, "prod": 39.0, "target": 25, "value": 0.023571284038019707, "supply": [{"l": "Fruits, Other", "v": 0.02025692159869474}, {"l": "Apples", "v": 0.0017554580166936091}, {"l": "Grapes", "v": 0.001558904422631356}]}, {"source": 10, "prod": 25.0, "target": 25, "value": 0.058167569730037824, "supply": [{"l": "Bovine Meat", "v": 0.045179778184124171}, {"l": "Poultry Meat", "v": 0.0078129140954907965}, {"l": "Offals, Edible", "v": 0.0051748774504228575}]}, {"source": 14, "prod": 10.0, "target": 26, "value": 0.014236144591644503, "supply": [{"l": "Beer", "v": 0.0039873711388114163}, {"l": "Beverages, Alcoholic", "v": 0.010248773452833086}]}, {"source": 15, "prod": 7.0, "target": 26, "value": 0.07211199846741842, "supply": [{"l": "Sunflowerseed Oil", "v": 0.07211199846741842}]}, {"source": 12, "prod": 6.0, "target": 26, "value": 0.018192928536642859, "supply": [{"l": "Nuts", "v": 0.018192928536642859}]}, {"source": 8, "prod": 1096.0, "target": 26, "value": 3.6358475046014851, "supply": [{"l": "Maize", "v": 0.22524578188224492}, {"l": "Wheat", "v": 2.0848424485652597}, {"l": "Oats", "v": 0.18913440557896041}, {"l": "Barley", "v": 1.1366248685750202}]}, {"source": 11, "prod": 6.0, "target": 26, "value": 0.018591313833065698, "supply": [{"l": "Treenuts", "v": 0.018591313833065698}]}, {"source": 19, "prod": 100.0, "target": 26, "value": 0.058515267223120303, "supply": [{"l": "Apples", "v": 0.058515267223120303}]}, {"source": 27, "prod": 15.0, "target": 2, "value": 0.0037173874693516955, "supply": [{"l": "Vegetables, Other", "v": 0.0037173874693516955}]}, {"source": 27, "prod": 10.0, "target": 1, "value": 0.0058859474677373956, "supply": [{"l": "Milk - Excluding Butter", "v": 0.0058859474677373956}]}, {"source": 27, "prod": 4.0, "target": 6, "value": 0.015918812469562501, "supply": [{"l": "Pulses, Other", "v": 0.015918812469562501}]}, {"source": 4, "prod": 2.0, "target": 26, "value": 0.016724552635600548, "supply": [{"l": "Butter, Ghee", "v": 0.016724552635600548}]}, {"source": 27, "prod": 29.0, "target": 21, "value": 0.14962047267577824, "supply": [{"l": "Soyabean Oil", "v": 0.050535912601785714}, {"l": "Sugar", "v": 0.099084560073992536}]}, {"source": 5, "prod": 300.0, "target": 26, "value": 0.23319886799246412, "supply": [{"l": "Potatoes", "v": 0.23319886799246412}]}, {"source": 27, "prod": 14.0, "target": 8, "value": 0.048039073456678349, "supply": [{"l": "Rye", "v": 0.026954553629443257}, {"l": "Rice", "v": 0.021084519827235096}]}, {"source": 1, "prod": 5595.0, "target": 0, "value": 3.2931876081990734, "supply": [{"l": "Milk - Excluding Butter", "v": 3.2931876081990734}]}, {"source": 1, "prod": 233.0, "target": 18, "value": 0.38661454649204569, "supply": [{"l": "Eggs", "v": 0.40154815558401313}]}, {"source": 1, "prod": 1309.0, "target": 10, "value": 2.6563550536350835, "supply": [{"l": "Pigmeat", "v": 1.2099537635380604}, {"l": "Bovine Meat", "v": 1.0758434680094566}, {"l": "Poultry Meat", "v": 0.2000106008445644}, {"l": "Offals, Edible", "v": 0.10867242645888001}, {"l": "Meat, Other", "v": 0.049296967647677423}, {"l": "Mutton & Goat Meat", "v": 0.012577827136444444}]}, {"source": 1, "prod": 632.0, "target": 7, "value": 0.67610128220424082, "supply": [{"l": "Demersal Fish", "v": 0.012213732140389472}, {"l": "Freshwater Fish", "v": 0.025100968067947829}, {"l": "Pelagic Fish", "v": 0.31962478370258829}, {"l": "Marine Fish, Other", "v": 0.020285920315194689}, {"l": "Fish, Seafood", "v": 0.2988758779781206}]}, {"source": 21, "prod": 917.0, "target": 13, "value": 3.7732460731852155, "supply": [{"l": "Honey", "v": 0.029388576866884616}, {"l": "Sweeteners, Other", "v": 0.052957633562108919}, {"l": "Sugar", "v": 3.6908998627562219}]}, {"source": 21, "prod": 188.0, "target": 15, "value": 1.9587474340739184, "supply": [{"l": "Soyabean Oil", "v": 0.090964642683214289}, {"l": "Rape and Mustard Oil", "v": 0.479102995366461}, {"l": "Maize Germ Oil", "v": 0.024257238048857144}, {"l": "Groundnut Oil", "v": 0.083013659100533321}, {"l": "Oilcrops Oil, Other", "v": 0.48817691573325006}, {"l": "Sunflowerseed Oil", "v": 0.79323198314160259}]}, {"source": 21, "prod": 2492.0, "target": 14, "value": 1.7442152896119589, "supply": [{"l": "Beer", "v": 1.2685536465904319}, {"l": "Beverages, Alcoholic", "v": 0.34504203957871382}, {"l": "Beverages, Fermented", "v": 0.0063358457590298508}, {"l": "Wine", "v": 0.12428375768378329}]}, {"source": 21, "prod": 341.0, "target": 4, "value": 2.578337372429683, "supply": [{"l": "Fats, Animals, Raw", "v": 1.473992531318205}, {"l": "Fish, Body Oil", "v": 0.050173657906801644}, {"l": "Butter, Ghee", "v": 0.95329950022923116}, {"l": "Cream", "v": 0.10087168297544556}]}, {"source": 20, "prod": 232.5, "target": 28, "value": 0.50435360104211868, "supply": [{"l": "Sunflower seed", "v": 0.20571333293999999}, {"l": "Coconuts - Incl Copra", "v": 0.010459999980000001}, {"l": "Oilcrops, Other", "v": 0.12906422931297171}, {"l": "Soyabeans", "v": 0.026149999949999999}, {"l": "Groundnuts", "v": 0.029636666609999997}, {"l": "Rape and Mustardseed", "v": 0.091389183592731779}]}, {"source": 2, "prod": 1112.5, "target": 28, "value": 4.2046037863750048, "supply": [{"l": "Tomatoes", "v": 0.43931999916000009}, {"l": "Vegetables, Other", "v": 2.9375166610500001}, {"l": "Onions", "v": 0.50207999904}]}, {"source": 3, "prod": 2466.4000000000001, "target": 28, "value": 2.8665048834080005, "supply": [{"l": "Sugar beet", "v": 2.8665048834080005}]}, {"source": 5, "prod": 2611.25, "target": 28, "value": 9.1045583159250008, "supply": [{"l": "Potatoes", "v": 9.1045583159250008}]}, {"source": 6, "prod": 55.5, "target": 28, "value": 0.19600157470211793, "supply": [{"l": "Peas", "v": 0.055786666560000003}, {"l": "Beans", "v": 0.047055881784681432}, {"l": "Pulses, Other", "v": 0.13074999974999998}]}, {"source": 8, "prod": 21117.0, "target": 28, "value": 71.033168257373433, "supply": [{"l": "Maize", "v": 5.986606655220001}, {"l": "Rye", "v": 4.8499533240600003}, {"l": "Barley", "v": 21.125713292939999}, {"l": "Rice", "v": 0.26149999950000002}, {"l": "Cereals, Other", "v": 0.13597999974000002}, {"l": "Wheat", "v": 36.097459930980001}, {"l": "Oats", "v": 5.1637533234599999}, {"l": "Sorghum", "v": 0.0069733333200000004}]}, {"source": 29, "prod": 0, "target": 20, "value": 0.00071614668834975488, "supply": "[{\"l\":'Energy for power irrigation',\"v\":0.00071614668834975488}]"}, {"source": 29, "prod": 0, "target": 11, "value": 8.00852210627683e-05, "supply": "[{\"l\":'Energy for power irrigation',\"v\":8.00852210627683e-05}]"}, {"source": 29, "prod": 0, "target": 2, "value": 0.0034267234012434508, "supply": "[{\"l\":'Energy for power irrigation',\"v\":0.0034267234012434508}]"}, {"source": 29, "prod": 0, "target": 3, "value": 0.01899251819511651, "supply": "[{\"l\":'Energy for power irrigation',\"v\":0.01899251819511651}]"}, {"source": 29, "prod": 0, "target": 5, "value": 0.016086348730781054, "supply": "[{\"l\":'Energy for power irrigation',\"v\":0.016086348730781054}]"}, {"source": 29, "prod": 0, "target": 6, "value": 0.00017095114496090921, "supply": "[{\"l\":'Energy for power irrigation',\"v\":0.00017095114496090921}]"}, {"source": 29, "prod": 0, "target": 12, "value": 8.00852210627683e-05, "supply": "[{\"l\":'Energy for power irrigation',\"v\":8.00852210627683e-05}]"}, {"source": 29, "prod": 0, "target": 8, "value": 0.032522300253509197, "supply": "[{\"l\":'Energy for power irrigation',\"v\":0.032522300253509197}]"}, {"source": 29, "prod": 0, "target": 16, "value": 1.6941104455585599e-05, "supply": "[{\"l\":'Energy for power irrigation',\"v\":1.6941104455585599e-05}]"}, {"source": 29, "prod": 0, "target": 19, "value": 0.0026813148051976847, "supply": "[{\"l\":'Energy for power irrigation',\"v\":0.0026813148051976847}]"}, {"source": 29, "prod": 0, "target": 21, "value": 2.095000001676, "supply": "[{\"l\":'Electricity',\"v\":2.095000001676}]"}, {"source": 30, "prod": 0, "target": 29, "value": 5.4300648624657448, "supply": [{"l": "Coal", "v": 4.7371135576094252}, {"l": "Natural gas", "v": 0.047802698353856608}, {"l": "Oil", "v": 0.64514860650246286}]}, {"source": 31, "prod": 0, "target": 29, "value": 0.056967786882863906, "supply": [{"l": "Nuclear", "v": 0.0}, {"l": "Hydroelectric", "v": 0.056967786882863906}, {"l": "Renewable", "v": 0.0}]}, {"source": 30, "prod": 0, "target": 20, "value": 0.093483705555746408, "supply": [{"l": "Natural gas (including LNG)", "v": 0.0033467274487750812}, {"l": "Coal", "v": 0.0071554574635526317}, {"l": "Other fossil fuels", "v": 0.082981520643418683}]}, {"source": 30, "prod": 0, "target": 11, "value": 0.01045409180408347, "supply": [{"l": "Natural gas (including LNG)", "v": 0.00037425769319635326}, {"l": "Coal", "v": 0.0008001801894725525}, {"l": "Other fossil fuels", "v": 0.0092796539214145633}]}, {"source": 30, "prod": 0, "target": 2, "value": 0.44731450507857151, "supply": [{"l": "Natural gas (including LNG)", "v": 0.016013910910805496}, {"l": "Coal", "v": 0.034238479261085177}, {"l": "Other fossil fuels", "v": 0.39706211490668081}]}, {"source": 30, "prod": 0, "target": 3, "value": 2.4792280793837951, "supply": [{"l": "Natural gas (including LNG)", "v": 0.088756651394181305}, {"l": "Coal", "v": 0.18976580954952915}, {"l": "Other fossil fuels", "v": 2.2007056184400846}]}, {"source": 30, "prod": 0, "target": 5, "value": 2.099865171031766, "supply": [{"l": "Natural gas (including LNG)", "v": 0.075175415489152089}, {"l": "Coal", "v": 0.16072850152001558}, {"l": "Other fossil fuels", "v": 1.8639612540225983}]}, {"source": 30, "prod": 0, "target": 6, "value": 0.022315465197178173, "supply": [{"l": "Natural gas (including LNG)", "v": 0.00079889622970760006}, {"l": "Coal", "v": 0.0017080769429125638}, {"l": "Other fossil fuels", "v": 0.019808492024558009}]}, {"source": 30, "prod": 0, "target": 12, "value": 0.01045409180408347, "supply": [{"l": "Natural gas (including LNG)", "v": 0.00037425769319635326}, {"l": "Coal", "v": 0.0008001801894725525}, {"l": "Other fossil fuels", "v": 0.0092796539214145633}]}, {"source": 30, "prod": 0, "target": 8, "value": 4.2453664735928971, "supply": [{"l": "Natural gas (including LNG)", "v": 0.15198460975437289}, {"l": "Coal", "v": 0.32495009732869018}, {"l": "Other fossil fuels", "v": 3.7684317665098335}]}, {"source": 30, "prod": 0, "target": 16, "value": 0.0022114424970176567, "supply": [{"l": "Natural gas (including LNG)", "v": 7.9169896637690094e-05}, {"l": "Coal", "v": 0.00016926888623457838}, {"l": "Other fossil fuels", "v": 0.0019630037141453883}]}, {"source": 30, "prod": 0, "target": 19, "value": 0.35001103520979465, "supply": [{"l": "Natural gas (including LNG)", "v": 0.012530435458747134}, {"l": "Coal", "v": 0.026790648266763729}, {"l": "Other fossil fuels", "v": 0.31068995148428374}]}, {"source": 32, "prod": 13.452109032536889, "target": 20, "value": 0.11068415549627027, "supply": [{"l": "Potash", "v": 1.4430464039322148}, {"l": "Phosphate", "v": 1.5897610429384754}, {"l": "Nitrogen", "v": 8.5333297568266619}]}, {"source": 32, "prod": 1.5043218703052006, "target": 11, "value": 0.012377582980228074, "supply": [{"l": "Potash", "v": 1.4430464039322148}, {"l": "Phosphate", "v": 1.5897610429384754}, {"l": "Nitrogen", "v": 8.5333297568266619}]}, {"source": 32, "prod": 64.3676184890206, "target": 2, "value": 0.52961773328860506, "supply": [{"l": "Potash", "v": 1.4430464039322148}, {"l": "Phosphate", "v": 1.5897610429384754}, {"l": "Nitrogen", "v": 8.5333297568266619}]}, {"source": 32, "prod": 356.75571739622563, "target": 3, "value": 2.9353914098494731, "supply": [{"l": "Potash", "v": 1.4430464039322148}, {"l": "Phosphate", "v": 1.5897610429384754}, {"l": "Nitrogen", "v": 8.5333297568266619}]}, {"source": 32, "prod": 302.16619106418881, "target": 5, "value": 2.4862279659323501, "supply": [{"l": "Potash", "v": 1.4430464039322148}, {"l": "Phosphate", "v": 1.5897610429384754}, {"l": "Nitrogen", "v": 8.5333297568266619}]}, {"source": 32, "prod": 3.2111486077668703, "target": 6, "value": 0.026421379053948386, "supply": [{"l": "Potash", "v": 1.4430464039322148}, {"l": "Phosphate", "v": 1.5897610429384754}, {"l": "Nitrogen", "v": 8.5333297568266619}]}, {"source": 32, "prod": 1.5043218703052006, "target": 12, "value": 0.012377582980228074, "supply": [{"l": "Potash", "v": 1.4430464039322148}, {"l": "Phosphate", "v": 1.5897610429384754}, {"l": "Nitrogen", "v": 8.5333297568266619}]}, {"source": 32, "prod": 610.89932567759467, "target": 8, "value": 5.0264888421822356, "supply": [{"l": "Potash", "v": 1.4430464039322148}, {"l": "Phosphate", "v": 1.5897610429384754}, {"l": "Nitrogen", "v": 8.5333297568266619}]}, {"source": 32, "prod": 0.31822193410302319, "target": 16, "value": 0.0026183348612020922, "supply": [{"l": "Potash", "v": 1.4430464039322148}, {"l": "Phosphate", "v": 1.5897610429384754}, {"l": "Nitrogen", "v": 8.5333297568266619}]}, {"source": 32, "prod": 50.365853388487587, "target": 19, "value": 0.41441099939571302, "supply": [{"l": "Potash", "v": 1.4430464039322148}, {"l": "Phosphate", "v": 1.5897610429384754}, {"l": "Nitrogen", "v": 8.5333297568266619}]}, {"source": 30, "prod": 0, "target": 32, "value": 15.057973455966469, "supply": [{"l": "Natural gas (including LNG)", "v": 9.7878457934907406}, {"l": "Fuel oil", "v": 3.7616808370719368}, {"l": "Liquefied petroleum gas (LPG)", "v": 0.75422341270189552}, {"l": "Coal", "v": 0.75422341270189552}]}, {"source": 33, "prod": 0, "target": 5, "value": 0.20128516148307629, "supply": "[{\"l\":'Labor',\"v\":0.20128516148307629}]"}, {"source": 33, "prod": 0, "target": 11, "value": 0.0010020898417539461, "supply": "[{\"l\":'Labor',\"v\":0.0010020898417539461}]"}, {"source": 33, "prod": 0, "target": 2, "value": 0.042877882651971733, "supply": "[{\"l\":'Labor',\"v\":0.042877882651971733}]"}, {"source": 33, "prod": 0, "target": 3, "value": 0.23764946016364738, "supply": "[{\"l\":'Labor',\"v\":0.23764946016364738}]"}, {"source": 33, "prod": 0, "target": 6, "value": 0.0021390763929747692, "supply": "[{\"l\":'Labor',\"v\":0.0021390763929747692}]"}, {"source": 33, "prod": 0, "target": 12, "value": 0.0010020898417539461, "supply": "[{\"l\":'Labor',\"v\":0.0010020898417539461}]"}, {"source": 33, "prod": 0, "target": 8, "value": 0.40694483054457847, "supply": "[{\"l\":'Labor',\"v\":0.40694483054457847}]"}, {"source": 33, "prod": 0, "target": 16, "value": 0.00021198054344795012, "supply": "[{\"l\":'Labor',\"v\":0.00021198054344795012}]"}, {"source": 33, "prod": 0, "target": 17, "value": 0.00077083833981072777, "supply": "[{\"l\":'Labor',\"v\":0.00077083833981072777}]"}, {"source": 33, "prod": 0, "target": 19, "value": 0.033550738740261932, "supply": "[{\"l\":'Labor',\"v\":0.033550738740261932}]"}, {"source": 33, "prod": 0, "target": 20, "value": 0.00896099570029971, "supply": "[{\"l\":'Labor',\"v\":0.00896099570029971}]"}, {"source": 30, "prod": 0, "target": 24, "value": 4.1372312775495352, "supply": "[{\"l\":'Fossil Fuels',\"v\":4.1372312775495352}]"}, {"source": 31, "prod": 0, "target": 24, "value": 0.0085347883814147346, "supply": "[{\"l\":'Renewables & Nuclear',\"v\":0.0085347883814147346},{\"l\":'Biomass & Waste',\"v\":0.0}]"}]}