{"nodes": [{"layer": 3, "name": "Spices"}, {"layer": 5, "name": "Production", "fill": "#b5cf6b"}, {"layer": 3, "name": "Treenuts"}, {"layer": 3, "name": "Vegetables"}, {"layer": 3, "name": "Sugar Crops", "fill": "#ffbb78"}, {"layer": 3, "name": "Others"}, {"layer": 3, "name": "Starchy Roots"}, {"layer": 3, "name": "Pulses"}, {"layer": 3, "name": "Cereals - Excluding Beer"}, {"layer": 3, "name": "Fruits - Excluding Wine"}, {"layer": 3, "name": "Oilcrops", "fill": "#ff9896"}, {"layer": 1, "name": "Electricity", "fill": "#bcbd22"}, {"layer": 0, "name": "Fossil Fuels", "fill": "#c49c94"}, {"layer": 0, "name": "Renewables & Nuclear", "fill": "#2ca02c"}, {"layer": 1, "name": "Fertilizers", "fill": "#c5b0d5"}, {"layer": 0, "name": "Labor", "fill": "#7f7f7f"}], "links": [{"source": 0, "prod": 2.0, "target": 1, "value": 0.0094333703523333343, "supply": [{"l": "Pimento", "v": 0.0094333703523333343}]}, {"source": 2, "prod": 23.0, "target": 1, "value": 0.070458523920262903, "supply": [{"l": "Treenuts", "v": 0.070458523920262903}]}, {"source": 3, "prod": 1210.0, "target": 1, "value": 0.31101146845825023, "supply": [{"l": "Tomatoes", "v": 0.029445202255838149}, {"l": "Vegetables, Other", "v": 0.21580461872260628}, {"l": "Onions", "v": 0.065761647479805771}]}, {"source": 4, "prod": 8021.0, "target": 1, "value": 9.3221844266199998, "supply": [{"l": "Sugar beet", "v": 9.3221844266199998}]}, {"source": 5, "prod": 23.0, "target": 1, "value": 0.070097198156569243, "supply": [{"l": "Nuts", "v": 0.070097198156569243}]}, {"source": 6, "prod": 6506.0, "target": 1, "value": 5.0693260705519503, "supply": [{"l": "Potatoes", "v": 5.0693260705519503}]}, {"source": 7, "prod": 178.0, "target": 1, "value": 0.66881618187231207, "supply": [{"l": "Peas", "v": 0.21078703407972413}, {"l": "Beans", "v": 0.0039969312694139612}, {"l": "Pulses, Other", "v": 0.45403221652317394}]}, {"source": 8, "prod": 5716.0, "target": 1, "value": 18.612947171502771, "supply": [{"l": "Maize", "v": 1.8494620316396231}, {"l": "Rye", "v": 2.6372694855443526}, {"l": "Barley", "v": 5.1836133066716084}, {"l": "Cereals, Other", "v": 0.22718305232943467}, {"l": "Wheat", "v": 5.4380534917382137}, {"l": "Oats", "v": 3.2645667583778812}, {"l": "Millet", "v": 0.012799045201658293}]}, {"source": 9, "prod": 532.0, "target": 1, "value": 0.32893012328355042, "supply": [{"l": "Grapes", "v": 0.053584636509565582}, {"l": "Apples", "v": 0.075137124694459212}, {"l": "Fruits, Other", "v": 0.20020836207952564}]}, {"source": 10, "prod": 77.0, "target": 1, "value": 0.22572460557747451, "supply": [{"l": "Sunflower seed", "v": 0.019492423432117347}, {"l": "Oilcrops, Other", "v": 0.15160773780535716}, {"l": "Rape and Mustardseed", "v": 0.054624444340000002}]}, {"source": 11, "prod": 0, "target": 10, "value": 0.00048311592343657829, "supply": "[{\"l\":'Energy for power irrigation',\"v\":0.00048311592343657829}]"}, {"source": 11, "prod": 0, "target": 2, "value": 6.6728718706709708e-05, "supply": "[{\"l\":'Energy for power irrigation',\"v\":6.6728718706709708e-05}]"}, {"source": 11, "prod": 0, "target": 3, "value": 0.0034031646540421952, "supply": "[{\"l\":'Energy for power irrigation',\"v\":0.0034031646540421952}]"}, {"source": 11, "prod": 0, "target": 4, "value": 0.021410576684234878, "supply": "[{\"l\":'Energy for power irrigation',\"v\":0.021410576684234878}]"}, {"source": 11, "prod": 0, "target": 6, "value": 0.017576344507347338, "supply": "[{\"l\":'Energy for power irrigation',\"v\":0.017576344507347338}]"}, {"source": 11, "prod": 0, "target": 7, "value": 0.00048044677468830991, "supply": "[{\"l\":'Energy for power irrigation',\"v\":0.00048044677468830991}]"}, {"source": 11, "prod": 0, "target": 5, "value": 6.6728718706709708e-05, "supply": "[{\"l\":'Energy for power irrigation',\"v\":6.6728718706709708e-05}]"}, {"source": 11, "prod": 0, "target": 8, "value": 0.018198256165693871, "supply": "[{\"l\":'Energy for power irrigation',\"v\":0.018198256165693871}]"}, {"source": 11, "prod": 0, "target": 0, "value": 1.0676594993073552e-05, "supply": "[{\"l\":'Energy for power irrigation',\"v\":1.0676594993073552e-05}]"}, {"source": 11, "prod": 0, "target": 9, "value": 0.0017589690251088679, "supply": "[{\"l\":'Energy for power irrigation',\"v\":0.0017589690251088679}]"}, {"source": 12, "prod": 0, "target": 11, "value": 0.15831267379397657, "supply": [{"l": "Coal", "v": 0.13844222248648419}, {"l": "Natural gas", "v": 0.0018556444128768556}, {"l": "Oil", "v": 0.018014806894615529}]}, {"source": 13, "prod": 0, "target": 11, "value": 0.0019345848618519835, "supply": [{"l": "Nuclear", "v": 0.0}, {"l": "Hydroelectric", "v": 0.0019345848618519835}, {"l": "Renewable", "v": 0.0}]}, {"source": 12, "prod": 0, "target": 10, "value": 0.073447362781569686, "supply": [{"l": "Natural gas (including LNG)", "v": 0.0014026518648063949}, {"l": "Coal", "v": 0.0056890883320228841}, {"l": "Other fossil fuels", "v": 0.066355622584740412}]}, {"source": 12, "prod": 0, "target": 2, "value": 0.010144663367620124, "supply": [{"l": "Natural gas (including LNG)", "v": 0.00019373644541524789}, {"l": "Coal", "v": 0.00078578568121863033}, {"l": "Other fossil fuels", "v": 0.0091651412409862448}]}, {"source": 12, "prod": 0, "target": 3, "value": 0.51737783174862628, "supply": [{"l": "Natural gas (including LNG)", "v": 0.0098805587161776443}, {"l": "Coal", "v": 0.040075069742150152}, {"l": "Other fossil fuels", "v": 0.46742220329029854}]}, {"source": 12, "prod": 0, "target": 4, "value": 3.2550166881345928, "supply": [{"l": "Natural gas (including LNG)", "v": 0.062162275875936444}, {"l": "Coal", "v": 0.25212719367580977}, {"l": "Other fossil fuels", "v": 2.9407272185828468}]}, {"source": 12, "prod": 0, "target": 6, "value": 2.6721043310311403, "supply": [{"l": "Natural gas (including LNG)", "v": 0.0510301797223763}, {"l": "Coal", "v": 0.20697594843298725}, {"l": "Other fossil fuels", "v": 2.4140982028757771}]}, {"source": 12, "prod": 0, "target": 7, "value": 0.073041576246864887, "supply": [{"l": "Natural gas (including LNG)", "v": 0.0013949024069897849}, {"l": "Coal", "v": 0.0056576569047741389}, {"l": "Other fossil fuels", "v": 0.065989016935100966}]}, {"source": 12, "prod": 0, "target": 5, "value": 0.010144663367620124, "supply": [{"l": "Natural gas (including LNG)", "v": 0.00019373644541524789}, {"l": "Coal", "v": 0.00078578568121863033}, {"l": "Other fossil fuels", "v": 0.0091651412409862448}]}, {"source": 12, "prod": 0, "target": 8, "value": 2.7666525936173598, "supply": [{"l": "Natural gas (including LNG)", "v": 0.052835803393646401}, {"l": "Coal", "v": 0.21429947098194485}, {"l": "Other fossil fuels", "v": 2.4995173192417686}]}, {"source": 12, "prod": 0, "target": 0, "value": 0.0016231461388192196, "supply": [{"l": "Natural gas (including LNG)", "v": 3.0997831266439663e-05}, {"l": "Coal", "v": 0.00012572570899498084}, {"l": "Other fossil fuels", "v": 0.0014664225985577992}]}, {"source": 12, "prod": 0, "target": 9, "value": 0.26741332637046644, "supply": [{"l": "Natural gas (including LNG)", "v": 0.0051068927011459347}, {"l": "Coal", "v": 0.020713310556923097}, {"l": "Other fossil fuels", "v": 0.24159312311239745}]}, {"source": 14, "prod": 5.1229337929295058, "target": 10, "value": 0.03713901704971579, "supply": [{"l": "Potash", "v": 0.70437719500794616}, {"l": "Phosphate", "v": 0.93341675074673325}, {"l": "Nitrogen", "v": 3.2434219470391814}]}, {"source": 14, "prod": 0.70758754045987637, "target": 2, "value": 0.005129698487529805, "supply": [{"l": "Potash", "v": 0.70437719500794616}, {"l": "Phosphate", "v": 0.93341675074673325}, {"l": "Nitrogen", "v": 3.2434219470391814}]}, {"source": 14, "prod": 36.086964563453698, "target": 3, "value": 0.26161462286402004, "supply": [{"l": "Potash", "v": 0.70437719500794616}, {"l": "Phosphate", "v": 0.93341675074673325}, {"l": "Nitrogen", "v": 3.2434219470391814}]}, {"source": 14, "prod": 227.03653823195597, "target": 4, "value": 1.6459150567088132, "supply": [{"l": "Potash", "v": 0.70437719500794616}, {"l": "Phosphate", "v": 0.93341675074673325}, {"l": "Nitrogen", "v": 3.2434219470391814}]}, {"source": 14, "prod": 186.37855815713147, "target": 6, "value": 1.3511625816153507, "supply": [{"l": "Potash", "v": 0.70437719500794616}, {"l": "Phosphate", "v": 0.93341675074673325}, {"l": "Nitrogen", "v": 3.2434219470391814}]}, {"source": 14, "prod": 5.0946302913111108, "target": 7, "value": 0.036933829110214596, "supply": [{"l": "Potash", "v": 0.70437719500794616}, {"l": "Phosphate", "v": 0.93341675074673325}, {"l": "Nitrogen", "v": 3.2434219470391814}]}, {"source": 14, "prod": 0.70758754045987637, "target": 5, "value": 0.005129698487529805, "supply": [{"l": "Potash", "v": 0.70437719500794616}, {"l": "Phosphate", "v": 0.93341675074673325}, {"l": "Nitrogen", "v": 3.2434219470391814}]}, {"source": 14, "prod": 192.9732740342175, "target": 8, "value": 1.3989713715191283, "supply": [{"l": "Potash", "v": 0.70437719500794616}, {"l": "Phosphate", "v": 0.93341675074673325}, {"l": "Nitrogen", "v": 3.2434219470391814}]}, {"source": 14, "prod": 0.11321400647358022, "target": 0, "value": 0.00082075175800476875, "supply": [{"l": "Potash", "v": 0.70437719500794616}, {"l": "Phosphate", "v": 0.93341675074673325}, {"l": "Nitrogen", "v": 3.2434219470391814}]}, {"source": 14, "prod": 18.652007566522343, "target": 9, "value": 0.13521885213128568, "supply": [{"l": "Potash", "v": 0.70437719500794616}, {"l": "Phosphate", "v": 0.93341675074673325}, {"l": "Nitrogen", "v": 3.2434219470391814}]}, {"source": 12, "prod": 0, "target": 14, "value": 6.4414305820897084, "supply": [{"l": "Natural gas (including LNG)", "v": 4.1721919513445815}, {"l": "Fuel oil", "v": 1.6958950850392771}, {"l": "Liquefied petroleum gas (LPG)", "v": 0.28667177285292494}, {"l": "Coal", "v": 0.28667177285292494}]}, {"source": 15, "prod": 0, "target": 10, "value": 0.0068795083587170633, "supply": "[{\"l\":'Labor',\"v\":0.0068795083587170633}]"}, {"source": 15, "prod": 0, "target": 2, "value": 0.00095020833683937336, "supply": "[{\"l\":'Labor',\"v\":0.00095020833683937336}]"}, {"source": 15, "prod": 0, "target": 3, "value": 0.048460625178808045, "supply": "[{\"l\":'Labor',\"v\":0.048460625178808045}]"}, {"source": 15, "prod": 0, "target": 4, "value": 0.30488384695828136, "supply": "[{\"l\":'Labor',\"v\":0.30488384695828136}]"}, {"source": 15, "prod": 0, "target": 6, "value": 0.25028487592349097, "supply": "[{\"l\":'Labor',\"v\":0.25028487592349097}]"}, {"source": 15, "prod": 0, "target": 7, "value": 0.0068415000252434882, "supply": "[{\"l\":'Labor',\"v\":0.0068415000252434882}]"}, {"source": 15, "prod": 0, "target": 5, "value": 0.00095020833683937336, "supply": "[{\"l\":'Labor',\"v\":0.00095020833683937336}]"}, {"source": 15, "prod": 0, "target": 8, "value": 0.25914081762283386, "supply": "[{\"l\":'Labor',\"v\":0.25914081762283386}]"}, {"source": 15, "prod": 0, "target": 0, "value": 0.00015203333389429973, "supply": "[{\"l\":'Labor',\"v\":0.00015203333389429973}]"}, {"source": 15, "prod": 0, "target": 9, "value": 0.025047491759085883, "supply": "[{\"l\":'Labor',\"v\":0.025047491759085883}]"}]}