{"nodes": [{"layer": 13, "name": "Other Processed", "fill": "#9c9ede"}, {"layer": 10, "name": "Feed", "fill": "#dbdb8d"}, {"layer": 13, "name": "Animal Products", "fill": "#17becf"}, {"layer": 5, "name": "Cereals", "fill": "#e7ba52"}, {"layer": 5, "name": "Sugar Crops", "fill": "#ffbb78"}, {"layer": 5, "name": "Starchy Roots"}, {"layer": 5, "name": "Fruits & Vegetables"}, {"layer": 13, "name": "Aquatic Products", "fill": "#1f77b4"}, {"layer": 16, "name": "Food", "fill": "#b5cf6b"}, {"layer": 5, "name": "Oilcrops", "fill": "#ff9896"}, {"layer": 13, "name": "Sugar", "fill": "#d6616b"}, {"layer": 5, "name": "Others"}, {"layer": 13, "name": "Vegetable Oils", "fill": "#f7b6d2"}, {"layer": 10, "name": "Processing", "fill": "#9edae5"}, {"layer": 16, "name": "Biofuels & Other", "fill": "#e7ba52"}, {"name": "Waste", "fill": "#c7c7c7"}, {"layer": 2, "name": "Import", "fill": "#aec7e8"}, {"layer": 16, "name": "Export", "fill": "#aec7e8"}, {"layer": 0, "name": "Stock Draw", "fill": "#c7c7c7"}, {"layer": 16, "name": "Stock Deposit", "fill": "#c7c7c7"}, {"layer": 2, "name": "Electricity", "fill": "#bcbd22"}, {"layer": 0, "name": "Fossil Fuels", "fill": "#c49c94"}, {"layer": 0, "name": "Renewables & Nuclear", "fill": "#2ca02c"}, {"layer": 2, "name": "Fertilizers", "fill": "#c5b0d5"}, {"layer": 0, "name": "Labor", "fill": "#7f7f7f"}], "links": [{"source": 0, "prod": 17.0, "target": 1, "value": 0.14203494856938043, "supply": [{"l": "Fish, Body Oil", "v": 0.14203494856938043}]}, {"source": 2, "prod": 1546.0, "target": 1, "value": 0.97607944381928913, "supply": [{"l": "Milk - Excluding Butter", "v": 0.97607944381928913}]}, {"source": 3, "prod": 3766.0, "target": 1, "value": 12.815525769143489, "supply": [{"l": "Maize", "v": 2.1388353164232696}, {"l": "Wheat", "v": 2.9507380977348476}, {"l": "Oats", "v": 3.34931814359595}, {"l": "Rye", "v": 0.82061641049638367}, {"l": "Millet", "v": 0.013061589718615384}, {"l": "Barley", "v": 3.4319326985661927}, {"l": "Cereals, Other", "v": 0.11102351260823076}]}, {"source": 4, "prod": 382.0, "target": 1, "value": 0.44396888804000001, "supply": [{"l": "Sugar beet", "v": 0.44396888804000001}]}, {"source": 5, "prod": 1500.0, "target": 1, "value": 1.166444323940613, "supply": [{"l": "Potatoes", "v": 1.166444323940613}]}, {"source": 6, "prod": 141.0, "target": 1, "value": 0.57906856705859866, "supply": [{"l": "Vegetables, Other", "v": 0.00024285809589550734}, {"l": "Peas", "v": 0.083573765465203134}, {"l": "Pulses, Other", "v": 0.49525194349750001}]}, {"source": 7, "prod": 162.0, "target": 1, "value": 0.14778404535420062, "supply": [{"l": "Pelagic Fish", "v": 0.083188632905455667}, {"l": "Fish, Seafood", "v": 0.064595412448744949}]}, {"source": 0, "prod": 1870.0, "target": 8, "value": 2.8719153320605595, "supply": [{"l": "Beer", "v": 0.86593230952227007}, {"l": "Beverages, Alcoholic", "v": 0.12797939111332221}, {"l": "Fats, Animals, Raw", "v": 1.0251787670955566}, {"l": "Butter, Ghee", "v": 0.7476200370913173}, {"l": "Wine", "v": 0.053292055890244605}, {"l": "Beverages, Fermented", "v": 0.011490270654721807}, {"l": "Fish, Liver Oil", "v": 0.023154636319363639}, {"l": "Cream", "v": 0.017267864373762713}]}, {"source": 2, "prod": 3276.0, "target": 8, "value": 3.517175802926261, "supply": [{"l": "Pigmeat", "v": 0.89582388530526857}, {"l": "Meat, Other", "v": 0.023583425880833338}, {"l": "Eggs", "v": 0.21819295592780336}, {"l": "Mutton & Goat Meat", "v": 0.018192928536642859}, {"l": "Poultry Meat", "v": 0.093500626661049357}, {"l": "Milk - Excluding Butter", "v": 1.3959325034181425}, {"l": "Offals, Edible", "v": 0.082834174620378315}, {"l": "Bovine Meat", "v": 0.78911530257614271}]}, {"source": 3, "prod": 2411.0, "target": 8, "value": 7.4667941046665636, "supply": [{"l": "Rye", "v": 2.0305763734180586}, {"l": "Rice", "v": 0.29976348404222308}, {"l": "Cereals, Other", "v": 0.081634935741346143}, {"l": "Wheat", "v": 4.9784090116110358}, {"l": "Oats", "v": 0.076410299853900007}]}, {"source": 9, "prod": 14.0, "target": 8, "value": 0.040492742237390841, "supply": [{"l": "Coconuts - Incl Copra", "v": 0.0058958564702083346}, {"l": "Oilcrops, Other", "v": 0.0053062708231875}, {"l": "Groundnuts", "v": 0.0084900333171}, {"l": "Rape and Mustardseed", "v": 0.020800581626895003}]}, {"source": 10, "prod": 630.0, "target": 8, "value": 2.6029699061607698, "supply": [{"l": "Sugar", "v": 2.5976636353375824}, {"l": "Honey", "v": 0.0053062708231875}]}, {"source": 5, "prod": 1401.0, "target": 8, "value": 1.0894589985605325, "supply": [{"l": "Potatoes", "v": 1.0894589985605325}]}, {"source": 6, "prod": 1574.0, "target": 8, "value": 0.68462742843296143, "supply": [{"l": "Vegetables, Other", "v": 0.20035792911379358}, {"l": "Tomatoes", "v": 0.029425191924709482}, {"l": "Treenuts", "v": 0.058872493804708041}, {"l": "Peas", "v": 0.051736140526078132}, {"l": "Grapes", "v": 0.029685431178671329}, {"l": "Dates", "v": 0.0018866740704666664}, {"l": "Pulses, Other", "v": 0.029132467264558825}, {"l": "Lemons, Limes", "v": 0.0060213002248936179}, {"l": "Bananas", "v": 0.0030321547561071426}, {"l": "Fruits, Other", "v": 0.12365322718292422}, {"l": "Grapefruit", "v": 0.0034866666600000002}, {"l": "Oranges, Mandarines", "v": 0.0060030538605757577}, {"l": "Onions", "v": 0.047048043570831234}, {"l": "Apples", "v": 0.094286654294643404}]}, {"source": 11, "prod": 49.0, "target": 8, "value": 0.10154783180956084, "supply": [{"l": "Nuts", "v": 0.058445881530760878}, {"l": "Pepper", "v": 0.0053062708231875}, {"l": "Cocoa Beans", "v": 0.018192928536642859}, {"l": "Pimento", "v": 0.0060643095122142861}, {"l": "Coffee", "v": 0.0060643095122142852}, {"l": "Spices, Other", "v": 0.0065307948593076922}, {"l": "Tea", "v": 0.00094333703523333343}]}, {"source": 7, "prod": 192.0, "target": 8, "value": 0.1534694563345444, "supply": [{"l": "Freshwater Fish", "v": 0.0060643095122142861}, {"l": "Marine Fish, Other", "v": 0.011473017996081081}, {"l": "Demersal Fish", "v": 0.0059695546760859374}, {"l": "Fish, Seafood", "v": 0.076557525865179207}, {"l": "Pelagic Fish", "v": 0.05340504828498388}]}, {"source": 12, "prod": 125.0, "target": 8, "value": 1.2995425992345122, "supply": [{"l": "Maize Germ Oil", "v": 0.024257238048857144}, {"l": "Groundnut Oil", "v": 0.1789221897405372}, {"l": "Soyabean Oil", "v": 0.060906760753108705}, {"l": "Sunflowerseed Oil", "v": 0.5780806804496873}, {"l": "Olive Oil", "v": 0.0070750277642500003}, {"l": "Coconut Oil", "v": 0.095512874817374999}, {"l": "Rape and Mustard Oil", "v": 0.29420907534504953}, {"l": "Oilcrops Oil, Other", "v": 0.040986367737724141}, {"l": "Cottonseed Oil", "v": 0.019592384577923082}]}, {"source": 2, "prod": 1.0, "target": 13, "value": 0.0017641627671896103, "supply": [{"l": "Poultry Meat", "v": 0.0017641627671896103}]}, {"source": 3, "prod": 336.0, "target": 13, "value": 1.1016634578294662, "supply": [{"l": "Maize", "v": 0.058777153733769232}, {"l": "Barley", "v": 1.0220693954816538}, {"l": "Rice", "v": 0.02081690861404327}]}, {"source": 9, "prod": 243.0, "target": 13, "value": 1.0597094502423055, "supply": [{"l": "Sunflower seed", "v": 0.28558349570395125}, {"l": "Coconuts - Incl Copra", "v": 0.02594176846891667}, {"l": "Soyabeans", "v": 0.09519449856798376}, {"l": "Cottonseed", "v": 0.041388912420862498}, {"l": "Rape and Mustardseed", "v": 0.151547094710235}, {"l": "Groundnuts", "v": 0.28017109946430002}, {"l": "Palm kernels", "v": 0.020694456210431249}, {"l": "Oilcrops, Other", "v": 0.15918812469562502}]}, {"source": 4, "prod": 5815.0, "target": 13, "value": 6.758322209300001, "supply": [{"l": "Sugar beet", "v": 6.758322209300001}]}, {"source": 5, "prod": 99.0, "target": 13, "value": 0.07698532538008046, "supply": [{"l": "Potatoes", "v": 0.07698532538008046}]}, {"source": 6, "prod": 77.0, "target": 13, "value": 0.051578959887322522, "supply": [{"l": "Fruits, Other", "v": 0.0063264441814519365}, {"l": "Grapes", "v": 0.033396110076005243}, {"l": "Apples", "v": 0.011856405629865339}]}, {"source": 0, "prod": 36.0, "target": 14, "value": 0.30241555199236281, "supply": [{"l": "Fats, Animals, Raw", "v": 0.28570555804302394}, {"l": "Fish, Body Oil", "v": 0.016709993949338871}]}, {"source": 2, "prod": 20.0, "target": 14, "value": 0.026296563371548672, "supply": [{"l": "Offals, Edible", "v": 0.026296563371548672}]}, {"source": 9, "prod": 10.0, "target": 14, "value": 0.053062708231874998, "supply": [{"l": "Oilcrops, Other", "v": 0.053062708231874998}]}, {"source": 10, "prod": 11.0, "target": 14, "value": 0.046037504606809859, "supply": [{"l": "Sweeteners, Other", "v": 0.046037504606809859}]}, {"source": 5, "prod": 145.0, "target": 14, "value": 0.1127562846475926, "supply": [{"l": "Potatoes", "v": 0.1127562846475926}]}, {"source": 12, "prod": 28.0, "target": 14, "value": 0.28623061049509729, "supply": [{"l": "Palmkernel Oil", "v": 0.020645738587488832}, {"l": "Palm Oil", "v": 0.019405790439085718}, {"l": "Oilcrops Oil, Other", "v": 0.23567161449191382}, {"l": "Rape and Mustard Oil", "v": 0.01050746697660891}]}, {"source": 5, "prod": 1141.0, "target": 5, "value": 0.88727531574415963, "supply": [{"l": "Potatoes", "v": 0.88727531574415963}]}, {"source": 6, "prod": 10.0, "target": 6, "value": 0.040707420775923715, "supply": [{"l": "Peas", "v": 0.019898515586953127}, {"l": "Pulses, Other", "v": 0.020808905188970588}]}, {"source": 2, "prod": 5.0, "target": 2, "value": 0.0083279754170917306, "supply": [{"l": "Eggs", "v": 0.0083279754170917306}]}, {"source": 3, "prod": 461.0, "target": 3, "value": 1.5237514970877168, "supply": [{"l": "Maize", "v": 0.10449271774892308}, {"l": "Wheat", "v": 0.4276877951878455}, {"l": "Oats", "v": 0.29290614943995003}, {"l": "Rye", "v": 0.25457078427807522}, {"l": "Barley", "v": 0.4342978581439616}, {"l": "Cereals, Other", "v": 0.0097961922889615374}]}, {"source": 9, "prod": 2.0, "target": 9, "value": 0.010612541646375, "supply": [{"l": "Oilcrops, Other", "v": 0.010612541646375}]}, {"source": 5, "prod": 808.0, "target": 15, "value": 0.62832467582934359, "supply": [{"l": "Potatoes", "v": 0.62832467582934359}]}, {"source": 6, "prod": 106.0, "target": 15, "value": 0.047505611314237688, "supply": [{"l": "Oranges, Mandarines", "v": 0.00085757912293939393}, {"l": "Fruits, Other", "v": 0.013803150941349681}, {"l": "Apples", "v": 0.0016937722328379055}, {"l": "Lemons, Limes", "v": 0.0003010650112446809}, {"l": "Tomatoes", "v": 0.001947255347958716}, {"l": "Vegetables, Other", "v": 0.014328627657834934}, {"l": "Peas", "v": 0.0079594062347812505}, {"l": "Grapes", "v": 0.00074213577946678321}, {"l": "Pulses, Other", "v": 0.0041617810377941175}, {"l": "Onions", "v": 0.0017108379480302266}]}, {"source": 2, "prod": 115.0, "target": 15, "value": 0.084337020742334498, "supply": [{"l": "Milk - Excluding Butter", "v": 0.068186662310791221}, {"l": "Bovine Meat", "v": 0.011153573181288234}, {"l": "Eggs", "v": 0.0049967852502550382}]}, {"source": 3, "prod": 309.0, "target": 15, "value": 1.0158616114580383, "supply": [{"l": "Maize", "v": 0.20572003806819233}, {"l": "Oats", "v": 0.12310548309795001}, {"l": "Rye", "v": 0.029949504032714729}, {"l": "Cereals, Other", "v": 0.0065307948593076922}, {"l": "Wheat", "v": 0.30768906128621976}, {"l": "Barley", "v": 0.34286673011365387}]}, {"source": 9, "prod": 3.0, "target": 15, "value": 0.011249294145157501, "supply": [{"l": "Soyabeans", "v": 0.0041388912420862499}, {"l": "Sunflower seed", "v": 0.0041388912420862499}, {"l": "Rape and Mustardseed", "v": 0.0029715116609850003}]}, {"source": 16, "prod": 32.0, "target": 11, "value": 0.049342036878324801, "supply": [{"l": "Nuts", "v": 0.012304396111739131}, {"l": "Pepper", "v": 0.0053062708231875}, {"l": "Cocoa Beans", "v": 0.018192928536642859}, {"l": "Coffee", "v": 0.0060643095122142852}, {"l": "Spices, Other", "v": 0.0065307948593076922}, {"l": "Tea", "v": 0.00094333703523333343}]}, {"source": 16, "prod": 460.0, "target": 1, "value": 0.56915806100055233, "supply": [{"l": "Pigmeat", "v": 0.080143289937847084}, {"l": "Meat, Other", "v": 0.0023583425880833336}, {"l": "Eggs", "v": 0.0049967852502550382}, {"l": "Marine Fish, Other", "v": 0.011473017996081081}, {"l": "Demersal Fish", "v": 0.0059695546760859374}, {"l": "Mutton & Goat Meat", "v": 0.0060643095122142861}, {"l": "Milk - Excluding Butter", "v": 0.0018940739530775336}, {"l": "Fish, Seafood", "v": 0.13238072180853905}, {"l": "Pelagic Fish", "v": 0.13659368119043952}, {"l": "Poultry Meat", "v": 0.015877464904706495}, {"l": "Offals, Edible", "v": 0.0013148281685774338}, {"l": "Bovine Meat", "v": 0.17009199101464559}]}, {"source": 16, "prod": 321.0, "target": 13, "value": 1.8550423118018811, "supply": [{"l": "Sugar", "v": 0.61947463481818332}, {"l": "Groundnut Oil", "v": 0.021049669381239672}, {"l": "Beverages, Alcoholic", "v": 0.0034589024625222222}, {"l": "Fats, Animals, Raw", "v": 0.35293039522961778}, {"l": "Soyabean Oil", "v": 0.020302253584369566}, {"l": "Butter, Ghee", "v": 0.12460333951521957}, {"l": "Palm Oil", "v": 0.019405790439085718}, {"l": "Sunflowerseed Oil", "v": 0.28904034022484365}, {"l": "Olive Oil", "v": 0.0070750277642500003}, {"l": "Coconut Oil", "v": 0.053062708231874998}, {"l": "Rape and Mustard Oil", "v": 0.01050746697660891}, {"l": "Oilcrops Oil, Other", "v": 0.12295910321317242}, {"l": "Wine", "v": 0.02927310112281041}, {"l": "Fish, Body Oil", "v": 0.15874494251871926}, {"l": "Fish, Liver Oil", "v": 0.023154636319363639}]}, {"source": 16, "prod": 1626.0, "target": 3, "value": 5.16171971813543, "supply": [{"l": "Maize", "v": 0.97961922889615383}, {"l": "Rye", "v": 0.51513146936269327}, {"l": "Barley", "v": 0.47021722987015385}, {"l": "Rice", "v": 0.34139730127030965}, {"l": "Wheat", "v": 2.8553544887361197}]}, {"source": 16, "prod": 346.0, "target": 6, "value": 0.18842115089251815, "supply": [{"l": "Tomatoes", "v": 0.008654468213149847}, {"l": "Treenuts", "v": 0.012394209222043796}, {"l": "Vegetables, Other", "v": 0.021128654342909135}, {"l": "Grapes", "v": 0.035622517414405593}, {"l": "Dates", "v": 0.0018866740704666664}, {"l": "Apples", "v": 0.016937722328379055}, {"l": "Lemons, Limes", "v": 0.00662343024738298}, {"l": "Bananas", "v": 0.0030321547561071426}, {"l": "Fruits, Other", "v": 0.040834321534826135}, {"l": "Grapefruit", "v": 0.0034866666600000002}, {"l": "Oranges, Mandarines", "v": 0.0072894225449848483}, {"l": "Onions", "v": 0.0055602233310982361}, {"l": "Pulses, Other", "v": 0.02497068622676471}]}, {"source": 16, "prod": 190.0, "target": 9, "value": 0.87426118082837256, "supply": [{"l": "Sunflower seed", "v": 0.27316682197769249}, {"l": "Coconuts - Incl Copra", "v": 0.031837624939125009}, {"l": "Cottonseed", "v": 0.041388912420862498}, {"l": "Groundnuts", "v": 0.28866113278140004}, {"l": "Oilcrops, Other", "v": 0.1114316872869375}, {"l": "Soyabeans", "v": 0.09519449856798376}, {"l": "Rape and Mustardseed", "v": 0.011886046643940001}, {"l": "Palm kernels", "v": 0.020694456210431249}]}, {"source": 16, "prod": 110.0, "target": 5, "value": 0.085539250422311627, "supply": [{"l": "Potatoes", "v": 0.085539250422311627}]}, {"source": 0, "prod": 46.0, "target": 17, "value": 0.026171410143248631, "supply": [{"l": "Beer", "v": 0.026171410143248631}]}, {"source": 2, "prod": 41.0, "target": 17, "value": 0.043800487093441642, "supply": [{"l": "Pigmeat", "v": 0.0035619239972376482}, {"l": "Milk - Excluding Butter", "v": 0.017678023562056985}, {"l": "Bovine Meat", "v": 0.011153573181288234}, {"l": "Eggs", "v": 0.0083279754170917306}, {"l": "Poultry Meat", "v": 0.0017641627671896103}, {"l": "Offals, Edible", "v": 0.0013148281685774338}]}, {"source": 3, "prod": 317.0, "target": 17, "value": 1.0350349598631947, "supply": [{"l": "Maize", "v": 0.0097961922889615374}, {"l": "Rye", "v": 0.095838412904687142}, {"l": "Barley", "v": 0.86206492142861546}, {"l": "Rice", "v": 0.0457971989508952}, {"l": "Wheat", "v": 0.021538234290035384}]}, {"source": 9, "prod": 4.0, "target": 17, "value": 0.02122508329275, "supply": [{"l": "Oilcrops, Other", "v": 0.02122508329275}]}, {"source": 4, "prod": 7.0, "target": 17, "value": 0.0081355555400000005, "supply": [{"l": "Sugar beet", "v": 0.0081355555400000005}]}, {"source": 10, "prod": 581.0, "target": 17, "value": 2.4017846320445626, "supply": [{"l": "Sugar", "v": 2.3911720903981877}, {"l": "Honey", "v": 0.010612541646375}]}, {"source": 5, "prod": 18.0, "target": 17, "value": 0.013997331887287356, "supply": [{"l": "Potatoes", "v": 0.013997331887287356}]}, {"source": 6, "prod": 50.0, "target": 17, "value": 0.022883877974859052, "supply": [{"l": "Oranges, Mandarines", "v": 0.00085757912293939393}, {"l": "Fruits, Other", "v": 0.009777231916789357}, {"l": "Lemons, Limes", "v": 0.00060213002248936181}, {"l": "Vegetables, Other", "v": 0.0038857295343281174}, {"l": "Grapes", "v": 0.0051949504562674824}, {"l": "Onions", "v": 0.0025662569220453401}]}, {"source": 18, "prod": 32.0, "target": 6, "value": 0.01842199388731262, "supply": [{"l": "Apples", "v": 0.016937722328379055}, {"l": "Grapes", "v": 0.0014842715589335664}]}, {"source": 2, "prod": 1.0, "target": 19, "value": 0.0017641627671896103, "supply": [{"l": "Poultry Meat", "v": 0.0017641627671896103}]}, {"source": 0, "prod": 2.0, "target": 19, "value": 0.0011378873975325494, "supply": [{"l": "Beer", "v": 0.0011378873975325494}]}, {"source": 3, "prod": 39.0, "target": 19, "value": 0.12491647651905864, "supply": [{"l": "Rye", "v": 0.026954553629443257}, {"l": "Barley", "v": 0.097961922889615388}]}, {"source": 18, "prod": 215.0, "target": 13, "value": 0.98421144585019293, "supply": [{"l": "Sugar", "v": 0.80531702526363835}, {"l": "Rape and Mustard Oil", "v": 0.084059735812871281}, {"l": "Beverages, Alcoholic", "v": 0.0034589024625222222}, {"l": "Butter, Ghee", "v": 0.091375782311161016}]}, {"source": 18, "prod": 257.0, "target": 3, "value": 0.79727983416526349, "supply": [{"l": "Wheat", "v": 0.77229954382841159}, {"l": "Rice", "v": 0.024980290336851927}]}, {"source": 1, "prod": 354.0, "target": 7, "value": 0.30125350168874498, "supply": [{"l": "Demersal Fish", "v": 0.0059695546760859374}, {"l": "Freshwater Fish", "v": 0.0060643095122142861}, {"l": "Pelagic Fish", "v": 0.13659368119043955}, {"l": "Marine Fish, Other", "v": 0.011473017996081081}, {"l": "Fish, Seafood", "v": 0.14115293831392417}]}, {"source": 1, "prod": 5000.0, "target": 2, "value": 4.6512176434872536, "supply": [{"l": "Poultry Meat", "v": 0.098793114962618209}, {"l": "Pigmeat", "v": 0.89938580930250622}, {"l": "Bovine Meat", "v": 0.81142244893871918}, {"l": "Eggs", "v": 0.23984569201224187}, {"l": "Milk - Excluding Butter", "v": 2.4578766331102799}, {"l": "Offals, Edible", "v": 0.11044556616050442}, {"l": "Meat, Other", "v": 0.023583425880833338}, {"l": "Mutton & Goat Meat", "v": 0.018192928536642859}]}, {"source": 13, "prod": 1971.0, "target": 0, "value": 3.343675130163084, "supply": [{"l": "Fats, Animals, Raw", "v": 1.3108843251385804}, {"l": "Beverages, Fermented", "v": 0.011490270654721807}, {"l": "Fish, Body Oil", "v": 0.15874494251871929}, {"l": "Beer", "v": 0.89324160706305122}, {"l": "Beverages, Alcoholic", "v": 0.12797939111332221}, {"l": "Fish, Liver Oil", "v": 0.023154636319363639}, {"l": "Cream", "v": 0.017267864373762713}, {"l": "Butter, Ghee", "v": 0.7476200370913173}, {"l": "Wine", "v": 0.053292055890244605}]}, {"source": 13, "prod": 153.0, "target": 12, "value": 1.5857732097296096, "supply": [{"l": "Olive Oil", "v": 0.0070750277642500003}, {"l": "Soyabean Oil", "v": 0.060906760753108705}, {"l": "Coconut Oil", "v": 0.095512874817374999}, {"l": "Rape and Mustard Oil", "v": 0.30471654232165846}, {"l": "Maize Germ Oil", "v": 0.024257238048857144}, {"l": "Groundnut Oil", "v": 0.1789221897405372}, {"l": "Cottonseed Oil", "v": 0.019592384577923082}, {"l": "Palmkernel Oil", "v": 0.020645738587488832}, {"l": "Oilcrops Oil, Other", "v": 0.27665798222963794}, {"l": "Palm Oil", "v": 0.019405790439085718}, {"l": "Sunflowerseed Oil", "v": 0.5780806804496873}]}, {"source": 13, "prod": 1222.0, "target": 10, "value": 5.0507920428121427, "supply": [{"l": "Honey", "v": 0.015918812469562501}, {"l": "Sweeteners, Other", "v": 0.046037504606809859}, {"l": "Sugar", "v": 4.9888357257357701}]}, {"source": 20, "prod": 0, "target": 3, "value": 0.02094596166478838, "supply": "[{\"l\":'Energy for power irrigation',\"v\":0.02094596166478838}]"}, {"source": 20, "prod": 0, "target": 9, "value": 0.00056606480945527388, "supply": "[{\"l\":'Energy for power irrigation',\"v\":0.00056606480945527388}]"}, {"source": 20, "prod": 0, "target": 4, "value": 0.019402575015803971, "supply": "[{\"l\":'Energy for power irrigation',\"v\":0.019402575015803971}]"}, {"source": 20, "prod": 0, "target": 5, "value": 0.015815412935996243, "supply": "[{\"l\":'Energy for power irrigation',\"v\":0.015815412935996243}]"}, {"source": 20, "prod": 0, "target": 6, "value": 0.0055292960393200233, "supply": "[{\"l\":'Energy for power irrigation',\"v\":0.0055292960393200233}]"}, {"source": 20, "prod": 0, "target": 11, "value": 0.00010320518625427646, "supply": "[{\"l\":'Energy for power irrigation',\"v\":0.00010320518625427646}]"}, {"source": 20, "prod": 0, "target": 13, "value": 3.4618212349875197, "supply": "[{\"l\":'Electricity',\"v\":3.4618212349875197}]"}, {"source": 21, "prod": 0, "target": 20, "value": 8.7875770618437326, "supply": [{"l": "Coal", "v": 7.6838370025762188}, {"l": "Natural gas", "v": 0.10388006478767994}, {"l": "Oil", "v": 0.99985999447983365}]}, {"source": 22, "prod": 0, "target": 20, "value": 0.10737356334750631, "supply": [{"l": "Nuclear", "v": 0.0}, {"l": "Hydroelectric", "v": 0.10737356334750631}, {"l": "Renewable", "v": 0.0}]}, {"source": 21, "prod": 0, "target": 3, "value": 3.2422798433707891, "supply": [{"l": "Natural gas (including LNG)", "v": 0.061919035569094796}, {"l": "Coal", "v": 0.25114062271957216}, {"l": "Other fossil fuels", "v": 2.929220185082122}]}, {"source": 21, "prod": 0, "target": 9, "value": 0.087622643023533078, "supply": [{"l": "Natural gas (including LNG)", "v": 0.0016733625140733343}, {"l": "Coal", "v": 0.0067870776726006053}, {"l": "Other fossil fuels", "v": 0.079162202836859138}]}, {"source": 21, "prod": 0, "target": 4, "value": 3.0033750128066252, "supply": [{"l": "Natural gas (including LNG)", "v": 0.057356580316635174}, {"l": "Coal", "v": 0.23263552420339315}, {"l": "Other fossil fuels", "v": 2.7133829082865972}]}, {"source": 21, "prod": 0, "target": 5, "value": 2.4481088716574959, "supply": [{"l": "Natural gas (including LNG)", "v": 0.046752454329662164}, {"l": "Coal", "v": 0.189625700499123}, {"l": "Other fossil fuels", "v": 2.2117307168287108}]}, {"source": 21, "prod": 0, "target": 6, "value": 0.85589410422987011, "supply": [{"l": "Natural gas (including LNG)", "v": 0.016345331076694228}, {"l": "Coal", "v": 0.066295874724629125}, {"l": "Other fossil fuels", "v": 0.77325289842854672}]}, {"source": 21, "prod": 0, "target": 11, "value": 0.015975399004290562, "supply": [{"l": "Natural gas (including LNG)", "v": 0.0003050881931735914}, {"l": "Coal", "v": 0.0012374230010818786}, {"l": "Other fossil fuels", "v": 0.014432887810035093}]}, {"source": 23, "prod": 193.11055026202956, "target": 3, "value": 1.4398244950973889, "supply": [{"l": "Potash", "v": 0.58664854491376328}, {"l": "Phosphate", "v": 0.78890258396445523}, {"l": "Nitrogen", "v": 2.9112454884401071}]}, {"source": 23, "prod": 5.2188144229081521, "target": 9, "value": 0.038911270416219092, "supply": [{"l": "Potash", "v": 0.58664854491376328}, {"l": "Phosphate", "v": 0.78890258396445523}, {"l": "Nitrogen", "v": 2.9112454884401071}]}, {"source": 23, "prod": 178.88135182166948, "target": 4, "value": 1.3337321638796864, "supply": [{"l": "Potash", "v": 0.58664854491376328}, {"l": "Phosphate", "v": 0.78890258396445523}, {"l": "Nitrogen", "v": 2.9112454884401071}]}, {"source": 23, "prod": 145.80963832401395, "target": 5, "value": 1.0871507983139224, "supply": [{"l": "Potash", "v": 0.58664854491376328}, {"l": "Phosphate", "v": 0.78890258396445523}, {"l": "Nitrogen", "v": 2.9112454884401071}]}, {"source": 23, "prod": 50.977148617135988, "target": 6, "value": 0.38008356959047163, "supply": [{"l": "Potash", "v": 0.58664854491376328}, {"l": "Phosphate", "v": 0.78890258396445523}, {"l": "Nitrogen", "v": 2.9112454884401071}]}, {"source": 23, "prod": 0.95149655224292284, "target": 11, "value": 0.0070943200206366307, "supply": [{"l": "Potash", "v": 0.58664854491376328}, {"l": "Phosphate", "v": 0.78890258396445523}, {"l": "Nitrogen", "v": 2.9112454884401071}]}, {"source": 21, "prod": 0, "target": 23, "value": 5.6251886923188756, "supply": [{"l": "Natural gas (including LNG)", "v": 3.6528176454149723}, {"l": "Fuel oil", "v": 1.4577467278922742}, {"l": "Liquefied petroleum gas (LPG)", "v": 0.25731215950581438}, {"l": "Coal", "v": 0.25731215950581438}]}, {"source": 24, "prod": 0, "target": 3, "value": 0.29759721742361245, "supply": "[{\"l\":'Labor',\"v\":0.29759721742361245}]"}, {"source": 24, "prod": 0, "target": 9, "value": 0.0080425675780028145, "supply": "[{\"l\":'Labor',\"v\":0.0080425675780028145}]"}, {"source": 24, "prod": 0, "target": 4, "value": 0.27566900140292522, "supply": "[{\"l\":'Labor',\"v\":0.27566900140292522}]"}, {"source": 24, "prod": 0, "target": 5, "value": 0.22470311735889631, "supply": "[{\"l\":'Labor',\"v\":0.22470311735889631}]"}, {"source": 24, "prod": 0, "target": 6, "value": 0.078559444629331371, "supply": "[{\"l\":'Labor',\"v\":0.078559444629331371}]"}, {"source": 24, "prod": 0, "target": 11, "value": 0.0014663244755474746, "supply": "[{\"l\":'Labor',\"v\":0.0014663244755474746}]"}, {"source": 21, "prod": 0, "target": 16, "value": 0.74497733839594149, "supply": "[{\"l\":'Fossil Fuels',\"v\":0.74497733839594149}]"}, {"source": 22, "prod": 0, "target": 16, "value": 0.0016785589682944812, "supply": "[{\"l\":'Renewables & Nuclear',\"v\":0.0016785589682944812},{\"l\":'Biomass & Waste',\"v\":0.0}]"}]}