{"nodes": [{"layer": 13, "name": "Other Processed", "fill": "#9c9ede"}, {"layer": 10, "name": "Feed", "fill": "#dbdb8d"}, {"layer": 13, "name": "Animal Products", "fill": "#17becf"}, {"layer": 5, "name": "Cereals", "fill": "#e7ba52"}, {"layer": 5, "name": "Fruits, Roots & Vegetables", "fill": "#98df8a"}, {"layer": 5, "name": "Sugar Crops", "fill": "#ffbb78"}, {"layer": 13, "name": "Aquatic Products", "fill": "#1f77b4"}, {"layer": 16, "name": "Food", "fill": "#b5cf6b"}, {"layer": 5, "name": "Oilcrops", "fill": "#ff9896"}, {"layer": 13, "name": "Sugar", "fill": "#d6616b"}, {"layer": 13, "name": "Vegetable Oils", "fill": "#f7b6d2"}, {"layer": 10, "name": "Processing", "fill": "#9edae5"}, {"layer": 16, "name": "Biofuels & Other", "fill": "#e7ba52"}, {"name": "Waste", "fill": "#c7c7c7"}, {"layer": 2, "name": "Import", "fill": "#aec7e8"}, {"layer": 16, "name": "Export", "fill": "#aec7e8"}, {"layer": 0, "name": "Stock Draw", "fill": "#c7c7c7"}, {"layer": 16, "name": "Stock Deposit", "fill": "#c7c7c7"}, {"layer": 2, "name": "Electricity", "fill": "#bcbd22"}, {"layer": 0, "name": "Fossil Fuels", "fill": "#c49c94"}, {"layer": 0, "name": "Renewables & Nuclear", "fill": "#2ca02c"}, {"layer": 2, "name": "Fertilizers", "fill": "#c5b0d5"}, {"layer": 0, "name": "Labor", "fill": "#7f7f7f"}], "links": [{"source": 0, "prod": 3.0, "target": 1, "value": 0.025086828953400822, "supply": [{"l": "Fish, Body Oil", "v": 0.025086828953400822}]}, {"source": 2, "prod": 2635.0, "target": 1, "value": 1.5509471577488041, "supply": [{"l": "Milk - Excluding Butter", "v": 1.5509471577488041}]}, {"source": 3, "prod": 6511.0, "target": 1, "value": 22.055642400934016, "supply": [{"l": "Maize", "v": 3.253935218268122}, {"l": "Wheat", "v": 9.153662361557803}, {"l": "Oats", "v": 2.7613623214528218}, {"l": "Rye", "v": 0.85356086493236982}, {"l": "Barley", "v": 5.9880724783464485}, {"l": "Sorghum", "v": 0.0034653197212653059}, {"l": "Cereals, Other", "v": 0.04158383665518367}]}, {"source": 4, "prod": 1547.0, "target": 1, "value": 1.3364789651047357, "supply": [{"l": "Vegetables, Other", "v": 0.00099130332516045219}, {"l": "Potatoes", "v": 1.1659943399623203}, {"l": "Peas", "v": 0.026219220538102946}, {"l": "Beans", "v": 0.0039844921704801448}, {"l": "Pulses, Other", "v": 0.13928960910867189}]}, {"source": 5, "prod": 87.0, "target": 1, "value": 0.10111333314000001, "supply": [{"l": "Sugar beet", "v": 0.10111333314000001}]}, {"source": 6, "prod": 406.0, "target": 1, "value": 0.4623486735238353, "supply": [{"l": "Pelagic Fish", "v": 0.27034929621510595}, {"l": "Fish, Seafood", "v": 0.19199937730872935}]}, {"source": 0, "prod": 2622.0, "target": 7, "value": 3.4661941795473239, "supply": [{"l": "Beer", "v": 1.2041860839210476}, {"l": "Beverages, Alcoholic", "v": 0.33479326612588073}, {"l": "Fats, Animals, Raw", "v": 0.81237088373787447}, {"l": "Butter, Ghee", "v": 0.88640128968682896}, {"l": "Wine", "v": 0.12347672029622625}, {"l": "Beverages, Fermented", "v": 0.0063358457590298508}, {"l": "Cream", "v": 0.098630090020435657}]}, {"source": 2, "prod": 4232.0, "target": 7, "value": 4.4827131341916724, "supply": [{"l": "Meat, Other", "v": 0.049296967647677423}, {"l": "Eggs", "v": 0.37002164750097072}, {"l": "Mutton & Goat Meat", "v": 0.012577827136444444}, {"l": "Pigmeat", "v": 1.2099537635380604}, {"l": "Poultry Meat", "v": 0.18594735547268099}, {"l": "Milk - Excluding Butter", "v": 1.6304074485632585}, {"l": "Bovine Meat", "v": 0.92618545277454545}, {"l": "Offals, Edible", "v": 0.098322671558034286}]}, {"source": 3, "prod": 2030.0, "target": 7, "value": 6.4529968332027057, "supply": [{"l": "Rye", "v": 1.1350862028398883}, {"l": "Rice", "v": 0.27831566171950334}, {"l": "Cereals, Other", "v": 0.024257238048857141}, {"l": "Wheat", "v": 4.9522929287348036}, {"l": "Oats", "v": 0.063044801859653471}]}, {"source": 8, "prod": 8.0, "target": 7, "value": 0.02149881365398372, "supply": [{"l": "Coconuts - Incl Copra", "v": 0.011846558116883722}, {"l": "Groundnuts", "v": 0.0084900333171}, {"l": "Rape and Mustardseed", "v": 0.0011622222200000001}]}, {"source": 4, "prod": 3398.0, "target": 7, "value": 2.1170207211414898, "supply": [{"l": "Vegetables, Other", "v": 0.19132154175596724}, {"l": "Nuts", "v": 0.060643095122142866}, {"l": "Tomatoes", "v": 0.03095766394347153}, {"l": "Pepper", "v": 0.0053062708231875}, {"l": "Treenuts", "v": 0.061971046110218982}, {"l": "Cocoa Beans", "v": 0.025343383036119403}, {"l": "Peas", "v": 0.018728014670073533}, {"l": "Grapes", "v": 0.080283577765514827}, {"l": "Pimento", "v": 0.0070750277642500003}, {"l": "Potatoes", "v": 1.2040834884010896}, {"l": "Coffee", "v": 0.0063675249878250009}, {"l": "Beans", "v": 0.0039844921704801448}, {"l": "Pulses, Other", "v": 0.019898515586953127}, {"l": "Lemons, Limes", "v": 0.012349139370327273}, {"l": "Bananas", "v": 0.024721936095770117}, {"l": "Spices, Other", "v": 0.0169800666342}, {"l": "Fruits, Other", "v": 0.1727796254006316}, {"l": "Oranges, Mandarines", "v": 0.043141947078004443}, {"l": "Tea", "v": 0.0016209205400184703}, {"l": "Onions", "v": 0.061585733906424883}, {"l": "Apples", "v": 0.067877709978819548}]}, {"source": 9, "prod": 672.0, "target": 7, "value": 2.7671168395928536, "supply": [{"l": "Sugar", "v": 2.7372109720440436}, {"l": "Sweeteners, Other", "v": 0.0037826881115792083}, {"l": "Honey", "v": 0.026123179437230769}]}, {"source": 6, "prod": 222.0, "target": 7, "value": 0.20960699805339866, "supply": [{"l": "Marine Fish, Other", "v": 0.018031929169061947}, {"l": "Demersal Fish", "v": 0.012213732140389472}, {"l": "Freshwater Fish", "v": 0.025100968067947829}, {"l": "Fish, Seafood", "v": 0.10498488118851705}, {"l": "Pelagic Fish", "v": 0.04927548748748236}]}, {"source": 10, "prod": 142.0, "target": 7, "value": 1.4743629596255425, "supply": [{"l": "Maize Germ Oil", "v": 0.024257238048857144}, {"l": "Groundnut Oil", "v": 0.072636951712966663}, {"l": "Soyabean Oil", "v": 0.090964642683214289}, {"l": "Sunflowerseed Oil", "v": 0.72111998467418414}, {"l": "Rape and Mustard Oil", "v": 0.4061960178106952}, {"l": "Oilcrops Oil, Other", "v": 0.15918812469562502}]}, {"source": 4, "prod": 341.0, "target": 11, "value": 0.26241716442668306, "supply": [{"l": "Potatoes", "v": 0.12903670695583014}, {"l": "Fruits, Other", "v": 0.0047663344938105269}, {"l": "Grapes", "v": 0.1239329015991928}, {"l": "Apples", "v": 0.0046812213778496242}]}, {"source": 5, "prod": 6079.0, "target": 11, "value": 7.0651488753800002, "supply": [{"l": "Sugar beet", "v": 7.0651488753800002}]}, {"source": 2, "prod": 4.0, "target": 11, "value": 0.0062503312763926393, "supply": [{"l": "Poultry Meat", "v": 0.0062503312763926393}]}, {"source": 3, "prod": 523.0, "target": 11, "value": 1.8025019679064276, "supply": [{"l": "Maize", "v": 0.065841074704040811}, {"l": "Wheat", "v": 0.17743339987789444}, {"l": "Barley", "v": 1.5212753576354692}, {"l": "Rice", "v": 0.037952135689023184}]}, {"source": 8, "prod": 300.0, "target": 11, "value": 1.1570007339634722, "supply": [{"l": "Sunflower seed", "v": 0.57554528184526754}, {"l": "Soyabeans", "v": 0.078483447524354655}, {"l": "Rape and Mustardseed", "v": 0.13365555530000001}, {"l": "Groundnuts", "v": 0.1358405330736}, {"l": "Oilcrops, Other", "v": 0.23347591622024999}]}, {"source": 0, "prod": 72.0, "target": 12, "value": 0.60295890089065163, "supply": [{"l": "Fats, Animals, Raw", "v": 0.57787207193725076}, {"l": "Fish, Body Oil", "v": 0.025086828953400822}]}, {"source": 2, "prod": 4.0, "target": 12, "value": 0.0051748774504228575, "supply": [{"l": "Offals, Edible", "v": 0.0051748774504228575}]}, {"source": 8, "prod": 4.0, "target": 12, "value": 0.02122508329275, "supply": [{"l": "Oilcrops, Other", "v": 0.02122508329275}]}, {"source": 4, "prod": 160.0, "target": 12, "value": 0.12437272959598085, "supply": [{"l": "Potatoes", "v": 0.12437272959598085}]}, {"source": 9, "prod": 12.0, "target": 12, "value": 0.045392257338950498, "supply": [{"l": "Sweeteners, Other", "v": 0.045392257338950498}]}, {"source": 10, "prod": 31.0, "target": 12, "value": 0.32839701362239965, "supply": [{"l": "Oilcrops Oil, Other", "v": 0.29715116609850001}, {"l": "Rape and Mustard Oil", "v": 0.031245847523899629}]}, {"source": 4, "prod": 754.0, "target": 4, "value": 0.60141605545801069, "supply": [{"l": "Potatoes", "v": 0.58221984042118535}, {"l": "Peas", "v": 0.01123680880204412}, {"l": "Pulses, Other", "v": 0.0079594062347812505}]}, {"source": 2, "prod": 9.0, "target": 2, "value": 0.014933609091967431, "supply": [{"l": "Eggs", "v": 0.014933609091967431}]}, {"source": 3, "prod": 406.0, "target": 3, "value": 1.3488507716944351, "supply": [{"l": "Maize", "v": 0.069306394425306117}, {"l": "Wheat", "v": 0.6875544245268409}, {"l": "Oats", "v": 0.092465709394158435}, {"l": "Rye", "v": 0.062893958468700925}, {"l": "Barley", "v": 0.43316496515816327}, {"l": "Cereals, Other", "v": 0.0034653197212653059}]}, {"source": 8, "prod": 1.0, "target": 8, "value": 0.0053062708231875, "supply": [{"l": "Oilcrops, Other", "v": 0.0053062708231875}]}, {"source": 4, "prod": 1014.0, "target": 13, "value": 0.74842437211788937, "supply": [{"l": "Oranges, Mandarines", "v": 0.0048424634475311111}, {"l": "Potatoes", "v": 0.68094069453799522}, {"l": "Fruits, Other", "v": 0.017873754351789475}, {"l": "Apples", "v": 0.016969427494704887}, {"l": "Lemons, Limes", "v": 0.00077182121064545454}, {"l": "Tomatoes", "v": 0.001696310353066933}, {"l": "Bananas", "v": 0.0026023090627126438}, {"l": "Vegetables, Other", "v": 0.010904336576764973}, {"l": "Peas", "v": 0.0037456029340147061}, {"l": "Grapes", "v": 0.0023383566339470335}, {"l": "Pulses, Other", "v": 0.0039797031173906252}, {"l": "Onions", "v": 0.0017595923973264252}]}, {"source": 0, "prod": 1.0, "target": 13, "value": 0.0022415929550099012, "supply": [{"l": "Cream", "v": 0.0022415929550099012}]}, {"source": 2, "prod": 157.0, "target": 13, "value": 0.18046308242530465, "supply": [{"l": "Milk - Excluding Butter", "v": 0.067688395878980054}, {"l": "Bovine Meat", "v": 0.10447823705078713}, {"l": "Eggs", "v": 0.0082964494955374609}]}, {"source": 3, "prod": 502.0, "target": 13, "value": 1.6496797354918469, "supply": [{"l": "Maize", "v": 0.19059258466959178}, {"l": "Oats", "v": 0.0042029867906435651}, {"l": "Rye", "v": 0.047919206452343571}, {"l": "Wheat", "v": 0.88716699938947219}, {"l": "Barley", "v": 0.51979795818979579}]}, {"source": 8, "prod": 4.0, "target": 13, "value": 0.012862945098144478, "supply": [{"l": "Sunflower seed", "v": 0.0052322298349569774}, {"l": "Rape and Mustardseed", "v": 0.0023244444400000001}, {"l": "Oilcrops, Other", "v": 0.0053062708231875}]}, {"source": 14, "prod": 287.0, "target": 11, "value": 1.5159466505356261, "supply": [{"l": "Sugar", "v": 0.64404964048095148}, {"l": "Beverages, Alcoholic", "v": 0.010248773452833086}, {"l": "Butter, Ghee", "v": 0.008362276317800274}, {"l": "Fats, Animals, Raw", "v": 0.16749915128615964}, {"l": "Soyabean Oil", "v": 0.010107182520357144}, {"l": "Sunflowerseed Oil", "v": 0.33995656420354392}, {"l": "Oilcrops Oil, Other", "v": 0.244088457866625}, {"l": "Wine", "v": 0.033895570277395447}, {"l": "Sweeteners, Other", "v": 0.0075653762231584166}, {"l": "Fish, Body Oil", "v": 0.050173657906801644}]}, {"source": 14, "prod": 1748.0, "target": 3, "value": 5.7937771777862315, "supply": [{"l": "Maize", "v": 1.6564228267648162}, {"l": "Rye", "v": 0.0059899008065429464}, {"l": "Barley", "v": 0.4678181623708163}, {"l": "Rice", "v": 0.29518327758129143}, {"l": "Wheat", "v": 3.3648976905414982}, {"l": "Cereals, Other", "v": 0.0034653197212653059}]}, {"source": 14, "prod": 177.0, "target": 8, "value": 0.96120010920865306, "supply": [{"l": "Sunflower seed", "v": 0.54415190283552561}, {"l": "Coconuts - Incl Copra", "v": 0.013820984469697675}, {"l": "Groundnuts", "v": 0.14433056639070002}, {"l": "Oilcrops, Other", "v": 0.18041320798837501}, {"l": "Soyabeans", "v": 0.078483447524354655}]}, {"source": 14, "prod": 880.0, "target": 4, "value": 0.58156530413334862, "supply": [{"l": "Nuts", "v": 0.0030321547561071431}, {"l": "Tomatoes", "v": 0.011662133677335165}, {"l": "Pepper", "v": 0.0053062708231875}, {"l": "Treenuts", "v": 0.0030985523055109491}, {"l": "Vegetables, Other", "v": 0.01561302737127712}, {"l": "Grapes", "v": 0.053002750369466105}, {"l": "Cocoa Beans", "v": 0.025343383036119403}, {"l": "Potatoes", "v": 0.20987898119321768}, {"l": "Coffee", "v": 0.0063675249878250009}, {"l": "Apples", "v": 0.043301297745109019}, {"l": "Lemons, Limes", "v": 0.013120960580972729}, {"l": "Bananas", "v": 0.027324245158482766}, {"l": "Spices, Other", "v": 0.025470099951300004}, {"l": "Fruits, Other", "v": 0.053621263055368427}, {"l": "Oranges, Mandarines", "v": 0.047984410525535558}, {"l": "Tea", "v": 0.0016209205400184703}, {"l": "Pulses, Other", "v": 0.035817328056515628}]}, {"source": 14, "prod": 685.0, "target": 1, "value": 0.78598743900619972, "supply": [{"l": "Marine Fish, Other", "v": 0.021412915888261063}, {"l": "Pigmeat", "v": 0.048614213713582786}, {"l": "Milk - Excluding Butter", "v": 0.012949084429022272}, {"l": "Fish, Seafood", "v": 0.28374292213112717}, {"l": "Pelagic Fish", "v": 0.31962478370258829}, {"l": "Bovine Meat", "v": 0.073417139549201774}, {"l": "Poultry Meat", "v": 0.0062503312763926393}, {"l": "Offals, Edible", "v": 0.0077623161756342875}, {"l": "Demersal Fish", "v": 0.012213732140389472}]}, {"source": 0, "prod": 123.0, "target": 15, "value": 0.19511046246801136, "supply": [{"l": "Beer", "v": 0.06038019153057287}, {"l": "Butter, Ghee", "v": 0.050173657906801644}, {"l": "Wine", "v": 0.00080703738755703424}, {"l": "Fats, Animals, Raw", "v": 0.083749575643079818}]}, {"source": 2, "prod": 105.0, "target": 15, "value": 0.11060862523360576, "supply": [{"l": "Milk - Excluding Butter", "v": 0.044144606008030475}, {"l": "Bovine Meat", "v": 0.045179778184124171}, {"l": "Eggs", "v": 0.0082964494955374609}, {"l": "Poultry Meat", "v": 0.0078129140954907965}, {"l": "Offals, Edible", "v": 0.0051748774504228575}]}, {"source": 3, "prod": 372.0, "target": 15, "value": 1.2767744926913158, "supply": [{"l": "Oats", "v": 0.0042029867906435651}, {"l": "Wheat", "v": 0.13941195704691706}, {"l": "Barley", "v": 1.1331595488537551}]}, {"source": 8, "prod": 3.0, "target": 15, "value": 0.015918812469562501, "supply": [{"l": "Oilcrops, Other", "v": 0.015918812469562501}]}, {"source": 4, "prod": 161.0, "target": 15, "value": 0.0962435106597503, "supply": [{"l": "Potatoes", "v": 0.045085114478543062}, {"l": "Fruits, Other", "v": 0.02025692159869474}, {"l": "Apples", "v": 0.0017554580166936091}, {"l": "Pulses, Other", "v": 0.0039797031173906252}, {"l": "Spices, Other", "v": 0.0084900333171}, {"l": "Vegetables, Other", "v": 0.015117375708696893}, {"l": "Grapes", "v": 0.001558904422631356}]}, {"source": 9, "prod": 233.0, "target": 15, "value": 0.96073697625341126, "supply": [{"l": "Sugar", "v": 0.95368889071217822}, {"l": "Honey", "v": 0.0032653974296538461}, {"l": "Sweeteners, Other", "v": 0.0037826881115792083}]}, {"source": 6, "prod": 4.0, "target": 15, "value": 0.0041456106270069248, "supply": [{"l": "Fish, Seafood", "v": 0.0018916194808741812}, {"l": "Marine Fish, Other", "v": 0.0022539911461327434}]}, {"source": 10, "prod": 8.0, "target": 15, "value": 0.083875462358557834, "supply": [{"l": "Groundnut Oil", "v": 0.010376707387566665}, {"l": "Oilcrops Oil, Other", "v": 0.031837624939125002}, {"l": "Rape and Mustard Oil", "v": 0.041661130031866174}]}, {"source": 16, "prod": 19.0, "target": 4, "value": 0.019636199938914196, "supply": [{"l": "Vegetables, Other", "v": 0.0037173874693516955}, {"l": "Pulses, Other", "v": 0.015918812469562501}]}, {"source": 10, "prod": 7.0, "target": 17, "value": 0.07211199846741842, "supply": [{"l": "Sunflowerseed Oil", "v": 0.07211199846741842}]}, {"source": 0, "prod": 12.0, "target": 17, "value": 0.030960697227245051, "supply": [{"l": "Beer", "v": 0.0039873711388114163}, {"l": "Beverages, Alcoholic", "v": 0.010248773452833086}, {"l": "Butter, Ghee", "v": 0.016724552635600548}]}, {"source": 3, "prod": 1096.0, "target": 17, "value": 3.6358475046014851, "supply": [{"l": "Maize", "v": 0.22524578188224492}, {"l": "Wheat", "v": 2.0848424485652597}, {"l": "Oats", "v": 0.18913440557896041}, {"l": "Barley", "v": 1.1366248685750202}]}, {"source": 16, "prod": 10.0, "target": 1, "value": 0.0058859474677373956, "supply": [{"l": "Milk - Excluding Butter", "v": 0.0058859474677373956}]}, {"source": 4, "prod": 412.0, "target": 17, "value": 0.32849837758529293, "supply": [{"l": "Treenuts", "v": 0.018591313833065698}, {"l": "Potatoes", "v": 0.23319886799246412}, {"l": "Apples", "v": 0.058515267223120303}, {"l": "Nuts", "v": 0.018192928536642859}]}, {"source": 16, "prod": 29.0, "target": 11, "value": 0.14962047267577824, "supply": [{"l": "Soyabean Oil", "v": 0.050535912601785714}, {"l": "Sugar", "v": 0.099084560073992536}]}, {"source": 16, "prod": 14.0, "target": 3, "value": 0.048039073456678349, "supply": [{"l": "Rye", "v": 0.026954553629443257}, {"l": "Rice", "v": 0.021084519827235096}]}, {"source": 1, "prod": 632.0, "target": 6, "value": 0.67610128220424082, "supply": [{"l": "Demersal Fish", "v": 0.012213732140389472}, {"l": "Freshwater Fish", "v": 0.025100968067947829}, {"l": "Pelagic Fish", "v": 0.31962478370258829}, {"l": "Marine Fish, Other", "v": 0.020285920315194689}, {"l": "Fish, Seafood", "v": 0.2988758779781206}]}, {"source": 1, "prod": 7137.0, "target": 2, "value": 6.3361572083262017, "supply": [{"l": "Poultry Meat", "v": 0.2000106008445644}, {"l": "Pigmeat", "v": 1.2099537635380604}, {"l": "Bovine Meat", "v": 1.0758434680094566}, {"l": "Eggs", "v": 0.40154815558401313}, {"l": "Milk - Excluding Butter", "v": 3.2931876081990734}, {"l": "Offals, Edible", "v": 0.10867242645888001}, {"l": "Meat, Other", "v": 0.049296967647677423}, {"l": "Mutton & Goat Meat", "v": 0.012577827136444444}]}, {"source": 11, "prod": 2833.0, "target": 0, "value": 4.3225526620416428, "supply": [{"l": "Fats, Animals, Raw", "v": 1.473992531318205}, {"l": "Beverages, Fermented", "v": 0.0063358457590298508}, {"l": "Fish, Body Oil", "v": 0.050173657906801644}, {"l": "Beer", "v": 1.2685536465904319}, {"l": "Beverages, Alcoholic", "v": 0.34504203957871382}, {"l": "Cream", "v": 0.10087168297544556}, {"l": "Butter, Ghee", "v": 0.95329950022923116}, {"l": "Wine", "v": 0.12428375768378329}]}, {"source": 11, "prod": 188.0, "target": 10, "value": 1.9587474340739184, "supply": [{"l": "Soyabean Oil", "v": 0.090964642683214289}, {"l": "Rape and Mustard Oil", "v": 0.479102995366461}, {"l": "Maize Germ Oil", "v": 0.024257238048857144}, {"l": "Groundnut Oil", "v": 0.083013659100533321}, {"l": "Oilcrops Oil, Other", "v": 0.48817691573325006}, {"l": "Sunflowerseed Oil", "v": 0.79323198314160259}]}, {"source": 11, "prod": 917.0, "target": 9, "value": 3.7732460731852155, "supply": [{"l": "Honey", "v": 0.029388576866884616}, {"l": "Sweeteners, Other", "v": 0.052957633562108919}, {"l": "Sugar", "v": 3.6908998627562219}]}, {"source": 18, "prod": 0, "target": 4, "value": 0.02260405364496635, "supply": "[{\"l\":'Energy for power irrigation',\"v\":0.02260405364496635}]"}, {"source": 18, "prod": 0, "target": 5, "value": 0.01899251819511651, "supply": "[{\"l\":'Energy for power irrigation',\"v\":0.01899251819511651}]"}, {"source": 18, "prod": 0, "target": 3, "value": 0.032522300253509197, "supply": "[{\"l\":'Energy for power irrigation',\"v\":0.032522300253509197}]"}, {"source": 18, "prod": 0, "target": 8, "value": 0.00071614668834975488, "supply": "[{\"l\":'Energy for power irrigation',\"v\":0.00071614668834975488}]"}, {"source": 18, "prod": 0, "target": 11, "value": 2.095000001676, "supply": "[{\"l\":'Electricity',\"v\":2.095000001676}]"}, {"source": 19, "prod": 0, "target": 18, "value": 5.4300648624657448, "supply": [{"l": "Coal", "v": 4.7371135576094252}, {"l": "Natural gas", "v": 0.047802698353856608}, {"l": "Oil", "v": 0.64514860650246286}]}, {"source": 20, "prod": 0, "target": 18, "value": 0.056967786882863906, "supply": [{"l": "Nuclear", "v": 0.0}, {"l": "Hydroelectric", "v": 0.056967786882863906}, {"l": "Renewable", "v": 0.0}]}, {"source": 19, "prod": 0, "target": 4, "value": 2.9506674117025593, "supply": [{"l": "Natural gas (including LNG)", "v": 0.10563423390467069}, {"l": "Coal", "v": 0.22585085847862793}, {"l": "Other fossil fuels", "v": 2.6191823193192603}]}, {"source": 19, "prod": 0, "target": 5, "value": 2.4792280793837951, "supply": [{"l": "Natural gas (including LNG)", "v": 0.088756651394181305}, {"l": "Coal", "v": 0.18976580954952915}, {"l": "Other fossil fuels", "v": 2.2007056184400846}]}, {"source": 19, "prod": 0, "target": 3, "value": 4.2453664735928971, "supply": [{"l": "Natural gas (including LNG)", "v": 0.15198460975437289}, {"l": "Coal", "v": 0.32495009732869018}, {"l": "Other fossil fuels", "v": 3.7684317665098335}]}, {"source": 19, "prod": 0, "target": 8, "value": 0.093483705555746408, "supply": [{"l": "Natural gas (including LNG)", "v": 0.0033467274487750812}, {"l": "Coal", "v": 0.0071554574635526317}, {"l": "Other fossil fuels", "v": 0.082981520643418683}]}, {"source": 21, "prod": 424.59484789364285, "target": 4, "value": 3.4935727961693734, "supply": [{"l": "Potash", "v": 1.4430464039322148}, {"l": "Phosphate", "v": 1.5897610429384754}, {"l": "Nitrogen", "v": 8.5333297568266619}]}, {"source": 21, "prod": 356.75571739622563, "target": 5, "value": 2.9353914098494731, "supply": [{"l": "Potash", "v": 1.4430464039322148}, {"l": "Phosphate", "v": 1.5897610429384754}, {"l": "Nitrogen", "v": 8.5333297568266619}]}, {"source": 21, "prod": 610.89932567759467, "target": 3, "value": 5.0264888421822356, "supply": [{"l": "Potash", "v": 1.4430464039322148}, {"l": "Phosphate", "v": 1.5897610429384754}, {"l": "Nitrogen", "v": 8.5333297568266619}]}, {"source": 21, "prod": 13.452109032536889, "target": 8, "value": 0.11068415549627027, "supply": [{"l": "Potash", "v": 1.4430464039322148}, {"l": "Phosphate", "v": 1.5897610429384754}, {"l": "Nitrogen", "v": 8.5333297568266619}]}, {"source": 19, "prod": 0, "target": 21, "value": 15.057973455966469, "supply": [{"l": "Natural gas (including LNG)", "v": 9.7878457934907406}, {"l": "Fuel oil", "v": 3.7616808370719368}, {"l": "Liquefied petroleum gas (LPG)", "v": 0.75422341270189552}, {"l": "Coal", "v": 0.75422341270189552}]}, {"source": 22, "prod": 0, "target": 3, "value": 0.40694483054457847, "supply": "[{\"l\":'Labor',\"v\":0.40694483054457847}]"}, {"source": 22, "prod": 0, "target": 8, "value": 0.00896099570029971, "supply": "[{\"l\":'Labor',\"v\":0.00896099570029971}]"}, {"source": 22, "prod": 0, "target": 4, "value": 0.28283985783505128, "supply": "[{\"l\":'Labor',\"v\":0.28283985783505128}]"}, {"source": 22, "prod": 0, "target": 5, "value": 0.23764946016364738, "supply": "[{\"l\":'Labor',\"v\":0.23764946016364738}]"}, {"source": 19, "prod": 0, "target": 14, "value": 4.1372312775495352, "supply": "[{\"l\":'Fossil Fuels',\"v\":4.1372312775495352}]"}, {"source": 20, "prod": 0, "target": 14, "value": 0.0085347883814147346, "supply": "[{\"l\":'Renewables & Nuclear',\"v\":0.0085347883814147346},{\"l\":'Biomass & Waste',\"v\":0.0}]"}]}