{"nodes": [{"name": "Balance", "fill": "#9edae5"}, {"name": "Food", "fill": "#b5cf6b"}, {"name": "Stock Deposit", "fill": "#c7c7c7"}, {"name": "Export", "fill": "#aec7e8"}, {"name": "Biofuels & Other", "fill": "#e7ba52"}, {"name": "Crop Residue", "fill": "#bd9e39"}, {"name": "Renewables & Nuclear", "fill": "#2ca02c"}, {"name": "Fossil Fuels", "fill": "#c49c94"}, {"name": "Stock Draw", "fill": "#c7c7c7"}, {"name": "Labor", "fill": "#7f7f7f"}], "links": [{"source": 0, "target": 1, "value": 4.8733717692943124}, {"source": 0, "target": 2, "value": 0.20172083668072424}, {"source": 0, "target": 3, "value": 1.1769130194680226}, {"source": 0, "target": 4, "value": 0.71350523546502242}, {"source": 0, "target": 5, "value": 20.325470224683912}, {"source": 6, "target": 0, "value": 0.073570285456576512}, {"source": 7, "target": 0, "value": 2.8083904674756304}, {"source": 8, "target": 0, "value": 0.0097028952195428592}, {"source": 9, "target": 0, "value": 0.36953879428891312}]}