{"nodes": [{"layer": 13, "name": "Other Processed", "fill": "#9c9ede"}, {"layer": 10, "name": "Feed", "fill": "#dbdb8d"}, {"layer": 13, "name": "Animal Products", "fill": "#17becf"}, {"layer": 5, "name": "Cereals", "fill": "#e7ba52"}, {"layer": 5, "name": "Fruits, Roots & Vegetables", "fill": "#98df8a"}, {"layer": 5, "name": "Sugar Crops", "fill": "#ffbb78"}, {"layer": 13, "name": "Aquatic Products", "fill": "#1f77b4"}, {"layer": 16, "name": "Food", "fill": "#b5cf6b"}, {"layer": 5, "name": "Oilcrops", "fill": "#ff9896"}, {"layer": 13, "name": "Sugar", "fill": "#d6616b"}, {"layer": 13, "name": "Vegetable Oils", "fill": "#f7b6d2"}, {"layer": 10, "name": "Processing", "fill": "#9edae5"}, {"layer": 16, "name": "Biofuels & Other", "fill": "#e7ba52"}, {"name": "Waste", "fill": "#c7c7c7"}, {"layer": 2, "name": "Import", "fill": "#aec7e8"}, {"layer": 16, "name": "Export", "fill": "#aec7e8"}, {"layer": 16, "name": "Stock Deposit", "fill": "#c7c7c7"}, {"layer": 0, "name": "Stock Draw", "fill": "#c7c7c7"}, {"name": "Crop Residue", "fill": "#bd9e39"}, {"layer": 2, "name": "Electricity", "fill": "#bcbd22"}, {"layer": 0, "name": "Fossil Fuels", "fill": "#c49c94"}, {"layer": 0, "name": "Renewables & Nuclear", "fill": "#2ca02c"}, {"layer": 2, "name": "Fertilizers", "fill": "#c5b0d5"}, {"layer": 0, "name": "Labor", "fill": "#7f7f7f"}], "links": [{"source": 0, "prod": 18.0, "target": 1, "value": 0.15161281625988429, "supply": [{"l": "Fish, Body Oil", "v": 0.15161281625988429}]}, {"source": 2, "prod": 2023.0, "target": 1, "value": 1.4454903721655177, "supply": [{"l": "Milk - Excluding Butter", "v": 1.4454903721655177}]}, {"source": 3, "prod": 112.0, "target": 1, "value": 0.37207573933808002, "supply": [{"l": "Maize", "v": 0.35176773556831781}, {"l": "Cereals, Other", "v": 0.0034958960717470593}, {"l": "Barley", "v": 0.0070424239496682025}, {"l": "Sorghum", "v": 0.0097696837483469776}]}, {"source": 4, "prod": 249.0, "target": 1, "value": 0.21419397568845447, "supply": [{"l": "Vegetables, Other", "v": 0.002710433171656338}, {"l": "Potatoes", "v": 0.081831646429879529}, {"l": "Roots, Other", "v": 0.00049360658820348836}, {"l": "Sweet potatoes", "v": 0.00077182121064545454}, {"l": "Plantains", "v": 0.096968961176598076}, {"l": "Cassava", "v": 0.0314175071114716}]}, {"source": 5, "prod": 1305.0, "target": 1, "value": 0.38379204645034248, "supply": [{"l": "Sugar beet", "v": 0.0058111111000000003}, {"l": "Sugar cane", "v": 0.3779809353503425}]}, {"source": 6, "prod": 48.0, "target": 1, "value": 0.04545762650034977, "supply": [{"l": "Pelagic Fish", "v": 0.026810631527684214}, {"l": "Fish, Seafood", "v": 0.018646994972665556}]}, {"source": 0, "prod": 222.0, "target": 7, "value": 0.36840892230903799, "supply": [{"l": "Beer", "v": 0.084900333171}, {"l": "Beverages, Alcoholic", "v": 0.061272410260202824}, {"l": "Butter, Ghee", "v": 0.057980715336292683}, {"l": "Fats, Animals, Raw", "v": 0.1626952736517232}, {"l": "Wine", "v": 0.0015601898898192955}]}, {"source": 2, "prod": 923.0, "target": 7, "value": 0.93040759310380039, "supply": [{"l": "Poultry Meat", "v": 0.049971367271819826}, {"l": "Eggs", "v": 0.071266703026751838}, {"l": "Mutton & Goat Meat", "v": 0.01123680880204412}, {"l": "Pigmeat", "v": 0.081841424108221331}, {"l": "Milk - Excluding Butter", "v": 0.4908808134837917}, {"l": "Meat, Other", "v": 0.0069306394425306117}, {"l": "Offals, Edible", "v": 0.021649584958605}, {"l": "Bovine Meat", "v": 0.19663025201003606}]}, {"source": 3, "prod": 679.0, "target": 7, "value": 2.3565479431173006, "supply": [{"l": "Maize", "v": 0.26801351281395641}, {"l": "Rye", "v": 0.0060643095122142861}, {"l": "Barley", "v": 0.042254543698009212}, {"l": "Rice", "v": 1.0331545051076265}, {"l": "Wheat", "v": 0.93939721585088842}, {"l": "Oats", "v": 0.06766385613460571}]}, {"source": 8, "prod": 9.0, "target": 7, "value": 0.029025990528916561, "supply": [{"l": "Coconuts - Incl Copra", "v": 0.0099234155654415596}, {"l": "Groundnuts", "v": 0.019102574963475002}]}, {"source": 4, "prod": 2762.0, "target": 7, "value": 1.8306671355614172, "supply": [{"l": "Roots, Other", "v": 0.0069104922348488373}, {"l": "Plantains", "v": 0.49771679187988399}, {"l": "Fruits, Other", "v": 0.07065606954976697}, {"l": "Citrus, Other", "v": 0.003489054787849315}, {"l": "Grapefruit", "v": 0.01408103086738537}, {"l": "Cocoa Beans", "v": 0.00424501665855}, {"l": "Tomatoes", "v": 0.006955689946539759}, {"l": "Coffee", "v": 0.0033294248302352942}, {"l": "Vegetables, Other", "v": 0.059968333922896473}, {"l": "Peas", "v": 0.029348263318370371}, {"l": "Grapes", "v": 0.00079099689289751556}, {"l": "Pulses, Other", "v": 0.026000727033618755}, {"l": "Potatoes", "v": 0.24719976525692772}, {"l": "Beans", "v": 0.10128932153628799}, {"l": "Apples", "v": 0.02132112439362217}, {"l": "Lemons, Limes", "v": 0.00363209981480214}, {"l": "Pineapples", "v": 0.045774068149593568}, {"l": "Bananas", "v": 0.37407291374258678}, {"l": "Spices, Other", "v": 0.0047166851761666672}, {"l": "Tea", "v": 0.0014774322684169118}, {"l": "Sweet potatoes", "v": 0.0038591060532272726}, {"l": "Oranges, Mandarines", "v": 0.15198144287483062}, {"l": "Cassava", "v": 0.15185128437211276}]}, {"source": 9, "prod": 325.0, "target": 7, "value": 1.231560190105518, "supply": [{"l": "Sugar", "v": 1.2090717089977234}, {"l": "Sweeteners, Other", "v": 0.018950967225669645}, {"l": "Honey", "v": 0.0035375138821250002}]}, {"source": 6, "prod": 200.0, "target": 7, "value": 0.16424091560676579, "supply": [{"l": "Crustaceans", "v": 0.010780994688380953}, {"l": "Marine Fish, Other", "v": 0.035247430738862821}, {"l": "Freshwater Fish", "v": 0.00088437847053125004}, {"l": "Pelagic Fish", "v": 0.035747508703578949}, {"l": "Fish, Seafood", "v": 0.077695812386106483}, {"l": "Molluscs, Other", "v": 0.0038847906193053244}]}, {"source": 10, "prod": 112.0, "target": 7, "value": 1.1480295816068937, "supply": [{"l": "Soyabean Oil", "v": 0.63857341745640883}, {"l": "Palm Oil", "v": 0.35996934610507131}, {"l": "Coconut Oil", "v": 0.091131550284467899}, {"l": "Cottonseed Oil", "v": 0.018866740704666669}, {"l": "Palmkernel Oil", "v": 0.039488527056279067}]}, {"source": 5, "prod": 2539.0, "target": 11, "value": 0.73822584219578435, "supply": [{"l": "Sugar cane", "v": 0.73822584219578435}]}, {"source": 3, "prod": 35.0, "target": 11, "value": 0.082161612746129029, "supply": [{"l": "Barley", "v": 0.082161612746129029}]}, {"source": 8, "prod": 324.28741092636585, "target": 11, "value": 1.1917956291557419, "supply": [{"l": "Cottonseed", "v": 0.056149993074456825}, {"l": "Coconuts - Incl Copra", "v": 0.10584976603137664}, {"l": "Soyabeans", "v": 0.20053568955163151}, {"l": "Palm kernels", "v": 0.03208571032826104}, {"l": "Oilcrops, Other", "v": 0.036096424119293667}, {"l": "Oil Palm", "v": 0.76107804605072216}]}, {"source": 0, "prod": 17.0, "target": 12, "value": 0.14556945537259444, "supply": [{"l": "Fats, Animals, Raw", "v": 0.14556945537259444}]}, {"source": 2, "prod": 2.0, "target": 12, "value": 0.0014290562255714458, "supply": [{"l": "Milk - Excluding Butter", "v": 0.0014290562255714458}]}, {"source": 3, "prod": 81.0, "target": 12, "value": 0.27136368172413089, "supply": [{"l": "Maize", "v": 0.27136368172413089}]}, {"source": 8, "prod": 2.0, "target": 12, "value": 0.00802142758206526, "supply": [{"l": "Oilcrops, Other", "v": 0.00802142758206526}]}, {"source": 5, "prod": 1311.0, "target": 12, "value": 0.38117923557253769, "supply": [{"l": "Sugar cane", "v": 0.38117923557253769}]}, {"source": 9, "prod": 8.0, "target": 12, "value": 0.030321547561071433, "supply": [{"l": "Sugar", "v": 0.030321547561071433}]}, {"source": 10, "prod": 8.0, "target": 12, "value": 0.077182121064545459, "supply": [{"l": "Oilcrops Oil, Other", "v": 0.077182121064545459}]}, {"source": 4, "prod": 42.0, "target": 4, "value": 0.032582966395291957, "supply": [{"l": "Roots, Other", "v": 0.0029616395292209304}, {"l": "Potatoes", "v": 0.023015150558403613}, {"l": "Vegetables, Other", "v": 0.002710433171656338}, {"l": "Beans", "v": 0.0038957431360110767}]}, {"source": 2, "prod": 2.0, "target": 2, "value": 0.0030985523055109491, "supply": [{"l": "Eggs", "v": 0.0030985523055109491}]}, {"source": 3, "prod": 16.0, "target": 3, "value": 0.053958809312527917, "supply": [{"l": "Maize", "v": 0.013400675640697822}, {"l": "Wheat", "v": 0.0094888607661705888}, {"l": "Barley", "v": 0.0070424239496682025}, {"l": "Rice", "v": 0.024026848955991307}]}, {"source": 8, "prod": 1.0, "target": 8, "value": 0.00401071379103263, "supply": [{"l": "Soyabeans", "v": 0.00401071379103263}]}, {"source": 4, "prod": 281.0, "target": 13, "value": 0.17076809060791945, "supply": [{"l": "Roots, Other", "v": 0.00098721317640697672}, {"l": "Cocoa Beans", "v": 0.002122508329275}, {"l": "Potatoes", "v": 0.0034096519345783133}, {"l": "Fruits, Other", "v": 0.0073482312331757662}, {"l": "Citrus, Other", "v": 0.0002907545656541096}, {"l": "Grapefruit", "v": 0.00082829593337561003}, {"l": "Beans", "v": 0.0038957431360110767}, {"l": "Apples", "v": 0.00057624660523303175}, {"l": "Tomatoes", "v": 0.0008183164642987953}, {"l": "Coffee", "v": 0.0041617810377941175}, {"l": "Pineapples", "v": 0.0040281179971642335}, {"l": "Bananas", "v": 0.060237184177550217}, {"l": "Vegetables, Other", "v": 0.0044044539039415501}, {"l": "Oranges, Mandarines", "v": 0.016746395992444953}, {"l": "Plantains", "v": 0.051487943987574204}, {"l": "Cassava", "v": 0.0094252521334414804}]}, {"source": 5, "prod": 271.0, "target": 13, "value": 0.078794487292263696, "supply": [{"l": "Sugar cane", "v": 0.078794487292263696}]}, {"source": 2, "prod": 57.0, "target": 13, "value": 0.042397598508725709, "supply": [{"l": "Milk - Excluding Butter", "v": 0.039299046203214762}, {"l": "Eggs", "v": 0.0030985523055109491}]}, {"source": 3, "prod": 33.0, "target": 13, "value": 0.11668173177799832, "supply": [{"l": "Maize", "v": 0.053602702562791288}, {"l": "Rice", "v": 0.052058172737981169}, {"l": "Wheat", "v": 0.0063259071774470601}, {"l": "Barley", "v": 0.004694949299778802}]}, {"source": 8, "prod": 3.0, "target": 13, "value": 0.0096753301763055199, "supply": [{"l": "Soyabeans", "v": 0.00401071379103263}, {"l": "Coconuts - Incl Copra", "v": 0.0016539025942402599}, {"l": "Cottonseed", "v": 0.00401071379103263}]}, {"source": 14, "prod": 85.0, "target": 11, "value": 0.74268374297301121, "supply": [{"l": "Sweeteners, Other", "v": 0.018950967225669645}, {"l": "Fats, Animals, Raw", "v": 0.13700654623303005}, {"l": "Soyabean Oil", "v": 0.54587727621273663}, {"l": "Coconut Oil", "v": 0.010125727809385324}, {"l": "Sugar", "v": 0.018950967225669645}, {"l": "Beverages, Alcoholic", "v": 0.010212068376700472}, {"l": "Wine", "v": 0.0015601898898192955}]}, {"source": 14, "prod": 370.0, "target": 3, "value": 1.1343923389667285, "supply": [{"l": "Cereals, Other", "v": 0.0034958960717470593}, {"l": "Wheat", "v": 0.99316742685918857}, {"l": "Oats", "v": 0.064957301889221483}, {"l": "Barley", "v": 0.072771714146571437}]}, {"source": 14, "prod": 14.0, "target": 8, "value": 0.056149993074456825, "supply": [{"l": "Soyabeans", "v": 0.056149993074456825}]}, {"source": 14, "prod": 8.0, "target": 4, "value": 0.0081661761773006956, "supply": [{"l": "Fruits, Other", "v": 0.00056524855639813586}, {"l": "Infant food", "v": 0.0011622222200000001}, {"l": "Apples", "v": 0.0017287398156990948}, {"l": "Grapes", "v": 0.00079099689289751556}, {"l": "Tomatoes", "v": 0.00020457911607469882}, {"l": "Pulses, Other", "v": 0.00371438957623125}]}, {"source": 14, "prod": 38.0, "target": 1, "value": 0.027152068285857475, "supply": [{"l": "Milk - Excluding Butter", "v": 0.027152068285857475}]}, {"source": 0, "prod": 1.0, "target": 15, "value": 0.0034040227922334902, "supply": [{"l": "Beverages, Alcoholic", "v": 0.0034040227922334902}]}, {"source": 3, "prod": 26.0, "target": 15, "value": 0.087104391664535818, "supply": [{"l": "Maize", "v": 0.087104391664535818}]}, {"source": 8, "prod": 5.0, "target": 15, "value": 0.020053568955163147, "supply": [{"l": "Oilcrops, Other", "v": 0.020053568955163147}]}, {"source": 4, "prod": 1473.0, "target": 15, "value": 1.0658229428604429, "supply": [{"l": "Coffee", "v": 0.074912058680294116}, {"l": "Bananas", "v": 0.76983121378909158}, {"l": "Cocoa Beans", "v": 0.22074086624460001}, {"l": "Vegetables, Other", "v": 0.00033880414645704224}]}, {"source": 9, "prod": 2.0, "target": 15, "value": 0.0075803868902678583, "supply": [{"l": "Sugar", "v": 0.0075803868902678583}]}, {"source": 6, "prod": 968.0, "target": 15, "value": 0.90884188279535161, "supply": [{"l": "Pelagic Fish", "v": 0.52057309549586839}, {"l": "Crustaceans", "v": 0.011454806856404763}, {"l": "Fish, Seafood", "v": 0.3760477319487554}, {"l": "Marine Fish, Other", "v": 0.00076624849432310488}]}, {"source": 10, "prod": 8.0, "target": 15, "value": 0.078456267718698874, "supply": [{"l": "Palm Oil", "v": 0.020569676920289787}, {"l": "Oilcrops Oil, Other", "v": 0.05788659079840909}]}, {"source": 6, "prod": 4.0, "target": 16, "value": 0.0037881355416958138, "supply": [{"l": "Pelagic Fish", "v": 0.0022342192939736843}, {"l": "Fish, Seafood", "v": 0.0015539162477221297}]}, {"source": 17, "prod": 26.0, "target": 4, "value": 0.034542782613691175, "supply": [{"l": "Coffee", "v": 0.013317699320941177}, {"l": "Cocoa Beans", "v": 0.02122508329275}]}, {"source": 3, "prod": 68.0, "target": 16, "value": 0.21243455425760635, "supply": [{"l": "Maize", "v": 0.040202026922093459}, {"l": "Wheat", "v": 0.1581476794361765}, {"l": "Barley", "v": 0.014084847899336405}]}, {"source": 17, "prod": 21.0, "target": 3, "value": 0.084093971345969576, "supply": [{"l": "Rice", "v": 0.084093971345969576}]}, {"source": 1, "prod": 1220.0, "target": 6, "value": 1.1223285604441628, "supply": [{"l": "Pelagic Fish", "v": 0.58536545502110526}, {"l": "Crustaceans", "v": 0.022235801544785716}, {"l": "Freshwater Fish", "v": 0.00088437847053125004}, {"l": "Molluscs, Other", "v": 0.0038847906193053244}, {"l": "Marine Fish, Other", "v": 0.036013679233185929}, {"l": "Fish, Seafood", "v": 0.47394445555524956}]}, {"source": 1, "prod": 3005.0, "target": 2, "value": 2.4197246200036151, "supply": [{"l": "Poultry Meat", "v": 0.049971367271819826}, {"l": "Pigmeat", "v": 0.081841424108221331}, {"l": "Bovine Meat", "v": 0.19663025201003606}, {"l": "Eggs", "v": 0.077463807637773746}, {"l": "Milk - Excluding Butter", "v": 1.9770992880780955}, {"l": "Offals, Edible", "v": 0.021649584958605}, {"l": "Meat, Other", "v": 0.0069306394425306117}, {"l": "Mutton & Goat Meat", "v": 0.01123680880204412}]}, {"source": 11, "prod": 258.0, "target": 0, "value": 0.66899521673375029, "supply": [{"l": "Fats, Animals, Raw", "v": 0.30826472902431767}, {"l": "Fish, Body Oil", "v": 0.15161281625988429}, {"l": "Beer", "v": 0.084900333171}, {"l": "Beverages, Alcoholic", "v": 0.064676433052436311}, {"l": "Butter, Ghee", "v": 0.057980715336292683}, {"l": "Wine", "v": 0.0015601898898192955}]}, {"source": 11, "prod": 128.0, "target": 10, "value": 1.3036679703901379, "supply": [{"l": "Soyabean Oil", "v": 0.63857341745640883}, {"l": "Coconut Oil", "v": 0.091131550284467899}, {"l": "Cottonseed Oil", "v": 0.018866740704666669}, {"l": "Palm Oil", "v": 0.38053902302536108}, {"l": "Palmkernel Oil", "v": 0.039488527056279067}, {"l": "Oilcrops Oil, Other", "v": 0.13506871186295455}]}, {"source": 11, "prod": 335.0, "target": 9, "value": 1.2694621245568574, "supply": [{"l": "Honey", "v": 0.0035375138821250002}, {"l": "Sweeteners, Other", "v": 0.018950967225669645}, {"l": "Sugar", "v": 1.2469736434490628}]}, {"source": 4, "prod": 4792.5, "target": 18, "value": 19.08038653214285, "supply": [{"l": "Roots, Other", "v": 0.040968333254999996}, {"l": "Tomatoes", "v": 0.13074999975000001}, {"l": "Vegetables, Other", "v": 0.72173999862000005}, {"l": "Peas", "v": 0.02440666662}, {"l": "Potatoes", "v": 0.72609833194499995}, {"l": "Beans", "v": 0.099369999809999984}, {"l": "Pulses, Other", "v": 0.02266333329}, {"l": "Sweet potatoes", "v": 0.0095883333149999993}, {"l": "Cassava", "v": 0.32077333272000003}]}, {"source": 5, "prod": 2170.4000000000001, "target": 18, "value": 0.63279664460437124, "supply": [{"l": "Sugar beet", "v": 0.0023244444400000001}, {"l": "Sugar cane", "v": 0.63047220016437133}]}, {"source": 3, "prod": 1709.0, "target": 18, "value": 6.3029547360832456, "supply": [{"l": "Maize", "v": 2.2593599956800001}, {"l": "Rye", "v": 0.0069733333200000004}, {"l": "Barley", "v": 0.35563999932000001}, {"l": "Rice", "v": 1.8583933297800006}, {"l": "Cereals, Other", "v": 0.0037429126451246123}, {"l": "Wheat", "v": 1.3632866640600001}, {"l": "Oats", "v": 0.090653333160000002}, {"l": "Sorghum", "v": 0.020919999960000001}]}, {"source": 8, "prod": 155.5, "target": 18, "value": 0.40387821228618559, "supply": [{"l": "Coconuts - Incl Copra", "v": 0.24755333286000003}, {"l": "Soyabeans", "v": 0.15515666637000003}, {"l": "Groundnuts", "v": 0.012203333310000002}, {"l": "Oilcrops, Other", "v": 0.04706999991}, {"l": "Cottonseed", "v": 0.052299999900000005}, {"l": "Palm kernels", "v": 0.027893333279999998}]}, {"source": 19, "prod": 0, "target": 4, "value": 2.5868607895695723e-05, "supply": "[{\"l\":'Energy for power irrigation',\"v\":2.5868607895695723e-05}]"}, {"source": 19, "prod": 0, "target": 5, "value": 2.9288068115189356e-05, "supply": "[{\"l\":'Energy for power irrigation',\"v\":2.9288068115189356e-05}]"}, {"source": 19, "prod": 0, "target": 3, "value": 4.6123579440525804e-06, "supply": "[{\"l\":'Energy for power irrigation',\"v\":4.6123579440525804e-06}]"}, {"source": 19, "prod": 0, "target": 8, "value": 1.8070911344119594e-06, "supply": "[{\"l\":'Energy for power irrigation',\"v\":1.8070911344119594e-06}]"}, {"source": 19, "prod": 0, "target": 11, "value": 0.12154100000000002, "supply": "[{\"l\":'Electricity',\"v\":0.12154100000000002}]"}, {"source": 20, "prod": 0, "target": 19, "value": 0.25080985551416574, "supply": [{"l": "Coal", "v": 0.0}, {"l": "Natural gas", "v": 0.0}, {"l": "Oil", "v": 0.25080985551416574}]}, {"source": 21, "prod": 0, "target": 19, "value": 0.026294831029706422, "supply": [{"l": "Nuclear", "v": 0.0}, {"l": "Hydroelectric", "v": 0.026294831029706422}, {"l": "Renewable", "v": 0.0}]}, {"source": 20, "prod": 0, "target": 4, "value": 1.477670693822712, "supply": [{"l": "Motor Gasoline", "v": 0.29811702350478131}, {"l": "Gas-Diesel oil", "v": 1.13907550976533}, {"l": "Liquefied petroleum gas (LPG)", "v": 0.040478160552600562}]}, {"source": 20, "prod": 0, "target": 5, "value": 1.6729976389529548, "supply": [{"l": "Motor Gasoline", "v": 0.33752383297588806}, {"l": "Gas-Diesel oil", "v": 1.2896450111604967}, {"l": "Liquefied petroleum gas (LPG)", "v": 0.045828794816569776}]}, {"source": 20, "prod": 0, "target": 3, "value": 0.26346783680156649, "supply": [{"l": "Motor Gasoline", "v": 0.053154094227404414}, {"l": "Gas-Diesel oil", "v": 0.20309650977453822}, {"l": "Liquefied petroleum gas (LPG)", "v": 0.0072172327996238243}]}, {"source": 20, "prod": 0, "target": 8, "value": 0.1032249443477668, "supply": [{"l": "Motor Gasoline", "v": 0.020825420229992758}, {"l": "Gas-Diesel oil", "v": 0.079571860357634888}, {"l": "Liquefied petroleum gas (LPG)", "v": 0.0028276637601391541}]}, {"source": 22, "prod": 30.26960422397627, "target": 4, "value": 0.31045869562673761, "supply": [{"l": "Potash", "v": 0.052436655597504885}, {"l": "Phosphate", "v": 0.077433333395279996}, {"l": "Nitrogen", "v": 0.60912777826508002}]}, {"source": 22, "prod": 34.270813253895724, "target": 5, "value": 0.35149689775079362, "supply": [{"l": "Potash", "v": 0.052436655597504885}, {"l": "Phosphate", "v": 0.077433333395279996}, {"l": "Nitrogen", "v": 0.60912777826508002}]}, {"source": 22, "prod": 5.3970530640349974, "target": 3, "value": 0.055354607284934229, "supply": [{"l": "Potash", "v": 0.052436655597504885}, {"l": "Phosphate", "v": 0.077433333395279996}, {"l": "Nitrogen", "v": 0.60912777826508002}]}, {"source": 22, "prod": 2.114529458093021, "target": 8, "value": 0.021687566595399509, "supply": [{"l": "Potash", "v": 0.052436655597504885}, {"l": "Phosphate", "v": 0.077433333395279996}, {"l": "Nitrogen", "v": 0.60912777826508002}]}, {"source": 20, "prod": 0, "target": 22, "value": 0.92179223296647361, "supply": [{"l": "Natural gas (including LNG)", "v": 0.61196378736589163}, {"l": "Fuel oil", "v": 0.20215220554268959}, {"l": "Liquefied petroleum gas (LPG)", "v": 0.05383812002894621}, {"l": "Coal", "v": 0.05383812002894621}]}, {"source": 23, "prod": 0, "target": 3, "value": 0.042700338518333068, "supply": "[{\"l\":'Labor',\"v\":0.042700338518333068}]"}, {"source": 23, "prod": 0, "target": 8, "value": 0.016729708341991927, "supply": "[{\"l\":'Labor',\"v\":0.016729708341991927}]"}, {"source": 23, "prod": 0, "target": 4, "value": 0.23948668501943973, "supply": "[{\"l\":'Labor',\"v\":0.23948668501943973}]"}, {"source": 23, "prod": 0, "target": 5, "value": 0.27114340175596868, "supply": "[{\"l\":'Labor',\"v\":0.27114340175596868}]"}, {"source": 20, "prod": 0, "target": 14, "value": 0.45580236883447284, "supply": "[{\"l\":'Fossil Fuels',\"v\":0.45580236883447284}]"}, {"source": 21, "prod": 0, "target": 14, "value": 0.11574551844358706, "supply": "[{\"l\":'Renewables & Nuclear',\"v\":0.0078626983271034793},{\"l\":'Biomass & Waste',\"v\":0.10788282011648358}]"}]}