{"nodes": [{"layer": 13, "name": "Other Processed", "fill": "#9c9ede"}, {"layer": 10, "name": "Feed", "fill": "#dbdb8d"}, {"layer": 13, "name": "Animal Products", "fill": "#17becf"}, {"layer": 5, "name": "Cereals", "fill": "#e7ba52"}, {"layer": 5, "name": "Fruits, Roots & Vegetables", "fill": "#98df8a"}, {"layer": 5, "name": "Sugar Crops", "fill": "#ffbb78"}, {"layer": 13, "name": "Aquatic Products", "fill": "#1f77b4"}, {"layer": 16, "name": "Food", "fill": "#b5cf6b"}, {"layer": 5, "name": "Oilcrops", "fill": "#ff9896"}, {"layer": 13, "name": "Sugar", "fill": "#d6616b"}, {"layer": 13, "name": "Vegetable Oils", "fill": "#f7b6d2"}, {"layer": 10, "name": "Processing", "fill": "#9edae5"}, {"layer": 16, "name": "Biofuels & Other", "fill": "#e7ba52"}, {"name": "Seed", "fill": "#dbdb8d"}, {"name": "Waste", "fill": "#c7c7c7"}, {"layer": 0, "name": "Import", "fill": "#aec7e8"}, {"layer": 16, "name": "Export", "fill": "#aec7e8"}, {"layer": 0, "name": "Stock Draw", "fill": "#c7c7c7"}, {"layer": 16, "name": "Stock Deposit", "fill": "#c7c7c7"}, {"layer": 0, "name": "Production", "fill": "#b5cf6b"}], "links": [{"source": 0, "prod": 0.068549157893622231, "target": 1, "value": 8.0, "supply": [{"l": "Fish, Body Oil", "v": 8.0}]}, {"source": 2, "prod": 0.17610030726812112, "target": 1, "value": 256.0, "supply": [{"l": "Milk - Excluding Butter", "v": 256.0}]}, {"source": 3, "prod": 0.21191188100934988, "target": 1, "value": 64.0, "supply": [{"l": "Maize", "v": 58.0}, {"l": "Cereals, Other", "v": 1.0}, {"l": "Barley", "v": 5.0}]}, {"source": 4, "prod": 0.15374331156383947, "target": 1, "value": 173.0, "supply": [{"l": "Plantains", "v": 101.0}, {"l": "Vegetables, Other", "v": 6.0}, {"l": "Potatoes", "v": 22.0}, {"l": "Cassava", "v": 44.0}]}, {"source": 5, "prod": 0.37849703631333342, "target": 1, "value": 1401.0, "supply": [{"l": "Sugar beet", "v": 1.0}, {"l": "Sugar cane", "v": 1400.0}]}, {"source": 6, "prod": 0.030099521642454982, "target": 1, "value": 32.0, "supply": [{"l": "Pelagic Fish", "v": 16.0}, {"l": "Fish, Seafood", "v": 16.0}]}, {"source": 0, "prod": 0.36570431634285999, "target": 7, "value": 245.0, "supply": [{"l": "Beer", "v": 201.0}, {"l": "Beverages, Alcoholic", "v": 18.0}, {"l": "Butter, Ghee", "v": 4.0}, {"l": "Fats, Animals, Raw", "v": 20.0}, {"l": "Wine", "v": 2.0}]}, {"source": 2, "prod": 0.93598424864800778, "target": 7, "value": 953.0, "supply": [{"l": "Eggs", "v": 37.0}, {"l": "Mutton & Goat Meat", "v": 5.0}, {"l": "Pigmeat", "v": 57.0}, {"l": "Poultry Meat", "v": 21.0}, {"l": "Milk - Excluding Butter", "v": 723.0}, {"l": "Meat, Other", "v": 4.0}, {"l": "Bovine Meat", "v": 88.0}, {"l": "Offals, Edible", "v": 18.0}]}, {"source": 3, "prod": 1.9695365447804101, "target": 7, "value": 568.0, "supply": [{"l": "Maize", "v": 84.0}, {"l": "Rye", "v": 1.0}, {"l": "Barley", "v": 18.0}, {"l": "Cereals, Other", "v": 1.0}, {"l": "Rice", "v": 219.0}, {"l": "Wheat", "v": 212.0}, {"l": "Oats", "v": 33.0}]}, {"source": 8, "prod": 0.085903276667250825, "target": 7, "value": 18.0, "supply": [{"l": "Coconuts - Incl Copra", "v": 6.0}, {"l": "Sesame seed", "v": 1.0}, {"l": "Groundnuts", "v": 11.0}]}, {"source": 4, "prod": 1.7388781653242149, "target": 7, "value": 2674.0, "supply": [{"l": "Roots, Other", "v": 6.0}, {"l": "Plantains", "v": 518.0}, {"l": "Fruits, Other", "v": 120.0}, {"l": "Citrus, Other", "v": 13.0}, {"l": "Grapefruit", "v": 54.0}, {"l": "Cocoa Beans", "v": 15.0}, {"l": "Tomatoes", "v": 29.0}, {"l": "Coffee", "v": 4.0}, {"l": "Vegetables, Other", "v": 153.0}, {"l": "Peas", "v": 6.0}, {"l": "Grapes", "v": 1.0}, {"l": "Pulses, Other", "v": 6.0}, {"l": "Potatoes", "v": 200.0}, {"l": "Beans", "v": 21.0}, {"l": "Apples", "v": 32.0}, {"l": "Lemons, Limes", "v": 17.0}, {"l": "Pineapples", "v": 114.0}, {"l": "Bananas", "v": 751.0}, {"l": "Spices, Other", "v": 1.0}, {"l": "Sweet potatoes", "v": 4.0}, {"l": "Oranges, Mandarines", "v": 479.0}, {"l": "Cassava", "v": 130.0}]}, {"source": 9, "prod": 1.4873256363446601, "target": 7, "value": 367.0, "supply": [{"l": "Sugar", "v": 312.0}, {"l": "Sugar non-centrifugal", "v": 50.0}, {"l": "Sweeteners, Other", "v": 4.0}, {"l": "Honey", "v": 1.0}]}, {"source": 6, "prod": 0.18009377208881217, "target": 7, "value": 204.0, "supply": [{"l": "Crustaceans", "v": 11.0}, {"l": "Aquatic Products, Other", "v": 2.0}, {"l": "Marine Fish, Other", "v": 26.0}, {"l": "Pelagic Fish", "v": 59.0}, {"l": "Fish, Seafood", "v": 100.0}, {"l": "Molluscs, Other", "v": 4.0}, {"l": "Aquatic Animals, Others", "v": 2.0}]}, {"source": 10, "prod": 0.68501617117191316, "target": 7, "value": 67.0, "supply": [{"l": "Soyabean Oil", "v": 21.0}, {"l": "Palm Oil", "v": 35.0}, {"l": "Coconut Oil", "v": 7.0}, {"l": "Cottonseed Oil", "v": 2.0}, {"l": "Palmkernel Oil", "v": 2.0}]}, {"source": 5, "prod": 1.2748526219010479, "target": 11, "value": 4730.0, "supply": [{"l": "Sugar cane", "v": 4730.0}]}, {"source": 3, "prod": 0.099464825472301274, "target": 11, "value": 40.0, "supply": [{"l": "Barley", "v": 40.0}]}, {"source": 8, "prod": 1.1390405962653258, "target": 11, "value": 277.92857142857144, "supply": [{"l": "Cottonseed", "v": 13.0}, {"l": "Coconuts - Incl Copra", "v": 56.0}, {"l": "Soyabeans", "v": 31.0}, {"l": "Palm kernels", "v": 4.0}, {"l": "Oilcrops, Other", "v": 10.0}, {"l": "Oil Palm", "v": 163.92857142857144}]}, {"source": 0, "prod": 0.32262126604980002, "target": 12, "value": 38.0, "supply": [{"l": "Fats, Animals, Raw", "v": 38.0}]}, {"source": 10, "prod": 0.010107182520357146, "target": 12, "value": 1.0, "supply": [{"l": "Oilcrops Oil, Other", "v": 1.0}]}, {"source": 5, "prod": 0.037733481409333337, "target": 12, "value": 140.0, "supply": [{"l": "Sugar cane", "v": 140.0}]}, {"source": 3, "prod": 0.2023651776952603, "target": 12, "value": 60.0, "supply": [{"l": "Maize", "v": 60.0}]}, {"source": 9, "prod": 0.03649798606272573, "target": 12, "value": 9.0, "supply": [{"l": "Sugar", "v": 9.0}]}, {"source": 4, "prod": 0.040308264359682509, "target": 13, "value": 41.0, "supply": [{"l": "Vegetables, Other", "v": 6.0}, {"l": "Potatoes", "v": 30.0}, {"l": "Roots, Other", "v": 2.0}, {"l": "Peas", "v": 1.0}, {"l": "Beans", "v": 2.0}]}, {"source": 2, "prod": 0.0015160773780535713, "target": 2, "value": 1.0, "supply": [{"l": "Eggs", "v": 1.0}]}, {"source": 3, "prod": 0.068912918124805933, "target": 13, "value": 20.0, "supply": [{"l": "Maize", "v": 5.0}, {"l": "Wheat", "v": 4.0}, {"l": "Barley", "v": 3.0}, {"l": "Rice", "v": 8.0}]}, {"source": 8, "prod": 0.018496144012253572, "target": 13, "value": 3.0, "supply": [{"l": "Soyabeans", "v": 1.0}, {"l": "Cottonseed", "v": 1.0}, {"l": "Groundnuts", "v": 1.0}]}, {"source": 4, "prod": 0.16318334398786363, "target": 14, "value": 268.0, "supply": [{"l": "Vegetables, Other", "v": 11.0}, {"l": "Cocoa Beans", "v": 1.0}, {"l": "Potatoes", "v": 3.0}, {"l": "Fruits, Other", "v": 12.0}, {"l": "Citrus, Other", "v": 1.0}, {"l": "Grapefruit", "v": 3.0}, {"l": "Beans", "v": 1.0}, {"l": "Apples", "v": 1.0}, {"l": "Tomatoes", "v": 3.0}, {"l": "Coffee", "v": 5.0}, {"l": "Pineapples", "v": 10.0}, {"l": "Bananas", "v": 100.0}, {"l": "Roots, Other", "v": 1.0}, {"l": "Oranges, Mandarines", "v": 53.0}, {"l": "Plantains", "v": 54.0}, {"l": "Cassava", "v": 9.0}]}, {"source": 5, "prod": 0.088943206179142878, "target": 14, "value": 330.0, "supply": [{"l": "Sugar cane", "v": 330.0}]}, {"source": 2, "prod": 0.015414207610896909, "target": 14, "value": 20.0, "supply": [{"l": "Milk - Excluding Butter", "v": 18.0}, {"l": "Eggs", "v": 2.0}]}, {"source": 3, "prod": 0.089837631140291974, "target": 14, "value": 25.0, "supply": [{"l": "Maize", "v": 11.0}, {"l": "Rice", "v": 11.0}, {"l": "Wheat", "v": 2.0}, {"l": "Barley", "v": 1.0}]}, {"source": 8, "prod": 0.020128842727080497, "target": 14, "value": 4.0, "supply": [{"l": "Soyabeans", "v": 1.0}, {"l": "Groundnuts", "v": 1.0}, {"l": "Coconuts - Incl Copra", "v": 1.0}, {"l": "Cottonseed", "v": 1.0}]}, {"source": 15, "prod": 0.58014390334190591, "target": 11, "value": 70.0, "supply": [{"l": "Fats, Animals, Raw", "v": 37.0}, {"l": "Beverages, Alcoholic", "v": 4.0}, {"l": "Wine", "v": 2.0}, {"l": "Sweeteners, Other", "v": 4.0}, {"l": "Soyabean Oil", "v": 22.0}, {"l": "Palm Oil", "v": 1.0}]}, {"source": 15, "prod": 0.89423933328442806, "target": 3, "value": 288.0, "supply": [{"l": "Cereals, Other", "v": 1.0}, {"l": "Wheat", "v": 177.0}, {"l": "Oats", "v": 33.0}, {"l": "Rice", "v": 34.0}, {"l": "Barley", "v": 43.0}]}, {"source": 15, "prod": 0.018192928536642859, "target": 8, "value": 3.0, "supply": [{"l": "Soyabeans", "v": 3.0}]}, {"source": 15, "prod": 0.017814086109234621, "target": 4, "value": 11.0, "supply": [{"l": "Vegetables, Other", "v": 3.0}, {"l": "Fruits, Other", "v": 1.0}, {"l": "Apples", "v": 2.0}, {"l": "Lemons, Limes", "v": 1.0}, {"l": "Pulses, Other", "v": 2.0}, {"l": "Spices, Other", "v": 1.0}, {"l": "Grapes", "v": 1.0}]}, {"source": 15, "prod": 0.063931778104123649, "target": 1, "value": 91.0, "supply": [{"l": "Milk - Excluding Butter", "v": 88.0}, {"l": "Fish, Seafood", "v": 1.0}, {"l": "Pelagic Fish", "v": 1.0}, {"l": "Eggs", "v": 1.0}]}, {"source": 0, "prod": 0.029138075338297702, "target": 16, "value": 4.0, "supply": [{"l": "Fish, Body Oil", "v": 3.0}, {"l": "Beverages, Alcoholic", "v": 1.0}]}, {"source": 8, "prod": 0.012128619024428572, "target": 16, "value": 2.0, "supply": [{"l": "Oilcrops, Other", "v": 2.0}]}, {"source": 4, "prod": 0.91808275234129688, "target": 16, "value": 1356.0, "supply": [{"l": "Coffee", "v": 86.0}, {"l": "Pineapples", "v": 1.0}, {"l": "Bananas", "v": 1181.0}, {"l": "Cocoa Beans", "v": 84.0}, {"l": "Tea", "v": 2.0}, {"l": "Vegetables, Other", "v": 2.0}]}, {"source": 9, "prod": 0.21087725280685979, "target": 16, "value": 52.0, "supply": [{"l": "Sugar", "v": 52.0}]}, {"source": 6, "prod": 0.92394503101263548, "target": 16, "value": 984.0, "supply": [{"l": "Pelagic Fish", "v": 488.0}, {"l": "Fish, Seafood", "v": 492.0}, {"l": "Crustaceans", "v": 4.0}]}, {"source": 10, "prod": 0.11117900772392859, "target": 16, "value": 11.0, "supply": [{"l": "Oilcrops Oil, Other", "v": 11.0}]}, {"source": 17, "prod": 0.034485831925805573, "target": 4, "value": 28.0, "supply": [{"l": "Coffee", "v": 6.0}, {"l": "Cocoa Beans", "v": 22.0}]}, {"source": 10, "prod": 0.061384773263924462, "target": 18, "value": 6.0, "supply": [{"l": "Soyabean Oil", "v": 6.0}]}, {"source": 3, "prod": 0.031949808254625796, "target": 18, "value": 8.0, "supply": [{"l": "Rice", "v": 8.0}]}, {"source": 17, "prod": 0.00564366030796031, "target": 1, "value": 6.0, "supply": [{"l": "Pelagic Fish", "v": 3.0}, {"l": "Fish, Seafood", "v": 3.0}]}, {"source": 17, "prod": 0.0060643095122142861, "target": 8, "value": 1.0, "supply": [{"l": "Oilcrops, Other", "v": 1.0}]}, {"source": 17, "prod": 0.061401133811169642, "target": 11, "value": 6.0, "supply": [{"l": "Palm Oil", "v": 6.0}]}, {"source": 17, "prod": 0.039058569789970528, "target": 3, "value": 13.0, "supply": [{"l": "Wheat", "v": 10.0}, {"l": "Barley", "v": 3.0}]}, {"source": 19, "prod": 1.7433588144722929, "target": 3, "value": 485.0, "supply": [{"l": "Maize", "v": 218.0}, {"l": "Rye", "v": 1.0}, {"l": "Barley", "v": 21.0}, {"l": "Cereals, Other", "v": 1.0}, {"l": "Rice", "v": 212.0}, {"l": "Wheat", "v": 31.0}, {"l": "Oats", "v": 1.0}]}, {"source": 19, "prod": 1.2329440966352285, "target": 8, "value": 297.92857142857144, "supply": [{"l": "Coconuts - Incl Copra", "v": 63.0}, {"l": "Sesame seed", "v": 1.0}, {"l": "Cottonseed", "v": 15.0}, {"l": "Groundnuts", "v": 12.0}, {"l": "Oilcrops, Other", "v": 9.0}, {"l": "Soyabeans", "v": 30.0}, {"l": "Palm kernels", "v": 4.0}, {"l": "Oil Palm", "v": 163.92857142857144}]}, {"source": 19, "prod": 2.9595794672218401, "target": 4, "value": 4470.0, "supply": [{"l": "Roots, Other", "v": 9.0}, {"l": "Plantains", "v": 673.0}, {"l": "Fruits, Other", "v": 130.0}, {"l": "Citrus, Other", "v": 13.0}, {"l": "Grapefruit", "v": 57.0}, {"l": "Cocoa Beans", "v": 77.0}, {"l": "Tomatoes", "v": 32.0}, {"l": "Coffee", "v": 90.0}, {"l": "Vegetables, Other", "v": 175.0}, {"l": "Peas", "v": 7.0}, {"l": "Pulses, Other", "v": 5.0}, {"l": "Potatoes", "v": 255.0}, {"l": "Beans", "v": 23.0}, {"l": "Apples", "v": 31.0}, {"l": "Lemons, Limes", "v": 16.0}, {"l": "Pineapples", "v": 125.0}, {"l": "Bananas", "v": 2032.0}, {"l": "Tea", "v": 1.0}, {"l": "Sweet potatoes", "v": 4.0}, {"l": "Oranges, Mandarines", "v": 532.0}, {"l": "Cassava", "v": 183.0}]}, {"source": 19, "prod": 1.7797568209356478, "target": 5, "value": 6600.0, "supply": [{"l": "Sugar beet", "v": 1.0}, {"l": "Sugar cane", "v": 6599.0}]}, {"source": 1, "prod": 1.1341383247439025, "target": 6, "value": 1220.0, "supply": [{"l": "Pelagic Fish", "v": 563.0}, {"l": "Crustaceans", "v": 15.0}, {"l": "Molluscs, Other", "v": 4.0}, {"l": "Aquatic Animals, Others", "v": 2.0}, {"l": "Marine Fish, Other", "v": 26.0}, {"l": "Aquatic Products, Other", "v": 2.0}, {"l": "Fish, Seafood", "v": 608.0}]}, {"source": 1, "prod": 1.1274987635270259, "target": 2, "value": 1229.0, "supply": [{"l": "Poultry Meat", "v": 21.0}, {"l": "Pigmeat", "v": 57.0}, {"l": "Bovine Meat", "v": 88.0}, {"l": "Eggs", "v": 40.0}, {"l": "Milk - Excluding Butter", "v": 997.0}, {"l": "Offals, Edible", "v": 18.0}, {"l": "Meat, Other", "v": 4.0}, {"l": "Mutton & Goat Meat", "v": 5.0}]}, {"source": 11, "prod": 0.78601281562457992, "target": 0, "value": 295.0, "supply": [{"l": "Fats, Animals, Raw", "v": 58.0}, {"l": "Fish, Body Oil", "v": 11.0}, {"l": "Beer", "v": 201.0}, {"l": "Beverages, Alcoholic", "v": 19.0}, {"l": "Butter, Ghee", "v": 4.0}, {"l": "Wine", "v": 2.0}]}, {"source": 11, "prod": 0.86768713468012337, "target": 10, "value": 85.0, "supply": [{"l": "Soyabean Oil", "v": 27.0}, {"l": "Coconut Oil", "v": 7.0}, {"l": "Cottonseed Oil", "v": 2.0}, {"l": "Palm Oil", "v": 35.0}, {"l": "Palmkernel Oil", "v": 2.0}, {"l": "Oilcrops Oil, Other", "v": 12.0}]}, {"source": 11, "prod": 1.7347008752142457, "target": 9, "value": 428.0, "supply": [{"l": "Honey", "v": 1.0}, {"l": "Sweeteners, Other", "v": 4.0}, {"l": "Sugar non-centrifugal", "v": 50.0}, {"l": "Sugar", "v": 373.0}]}]}