{"nodes": [{"layer": 5, "name": "Starchy Roots"}, {"layer": 10, "name": "Feed", "fill": "#dbdb8d"}, {"layer": 5, "name": "Cereals - Excluding Beer"}, {"layer": 5, "name": "Sugar Crops", "fill": "#ffbb78"}, {"layer": 5, "name": "Fruits - Excluding Wine"}, {"layer": 13, "name": "Animal Fats"}, {"layer": 13, "name": "Milk - Excluding Butter"}, {"layer": 16, "name": "Food", "fill": "#b5cf6b"}, {"layer": 13, "name": "Fish, Seafood"}, {"layer": 13, "name": "Meat"}, {"layer": 5, "name": "Vegetables"}, {"layer": 13, "name": "Alcoholic Beverages"}, {"layer": 5, "name": "Pulses"}, {"layer": 13, "name": "Sugar & Sweeteners"}, {"layer": 13, "name": "Vegetable Oils", "fill": "#f7b6d2"}, {"layer": 5, "name": "Stimulants"}, {"layer": 13, "name": "Eggs"}, {"layer": 5, "name": "Oilcrops", "fill": "#ff9896"}, {"layer": 10, "name": "Processing", "fill": "#9edae5"}, {"layer": 16, "name": "Biofuels & Other", "fill": "#e7ba52"}, {"name": "Waste", "fill": "#c7c7c7"}, {"layer": 2, "name": "Import", "fill": "#aec7e8"}, {"layer": 16, "name": "Export", "fill": "#aec7e8"}, {"layer": 16, "name": "Stock Deposit", "fill": "#c7c7c7"}, {"layer": 0, "name": "Stock Draw", "fill": "#c7c7c7"}, {"name": "Crop Residue", "fill": "#bd9e39"}, {"layer": 2, "name": "Electricity", "fill": "#bcbd22"}, {"layer": 0, "name": "Fossil Fuels", "fill": "#c49c94"}, {"layer": 0, "name": "Renewables & Nuclear", "fill": "#2ca02c"}, {"layer": 2, "name": "Fertilizers", "fill": "#c5b0d5"}, {"layer": 0, "name": "Labor", "fill": "#7f7f7f"}], "links": [{"source": 0, "prod": 1.0, "target": 1, "value": 0.00083428073058208101, "supply": [{"l": "Potatoes", "v": 0.00083428073058208101}]}, {"source": 2, "prod": 35.0, "target": 1, "value": 0.13589018704722303, "supply": [{"l": "Maize", "v": 0.10367881255126235}, {"l": "Sorghum", "v": 0.032211374495960669}]}, {"source": 3, "prod": 6.0, "target": 1, "value": 0.0022539911461327434, "supply": [{"l": "Sugar cane", "v": 0.0022539911461327434}]}, {"source": 4, "prod": 55.0, "target": 1, "value": 0.040062804190997302, "supply": [{"l": "Bananas", "v": 0.038108826442527798}, {"l": "Plantains", "v": 0.0019539777484695055}]}, {"source": 5, "prod": 1.0, "target": 1, "value": 0.0082488023933303782, "supply": [{"l": "Fish, Body Oil", "v": 0.0082488023933303782}]}, {"source": 6, "prod": 156.0, "target": 7, "value": 0.097049863607539658, "supply": [{"l": "Milk - Excluding Butter", "v": 0.097049863607539658}]}, {"source": 8, "prod": 10.0, "target": 7, "value": 0.0088483251461576352, "supply": [{"l": "Fish, Seafood", "v": 0.0035732463455808079}, {"l": "Crustaceans", "v": 0.0012128619024428574}, {"l": "Marine Fish, Other", "v": 0.0040622168981339713}]}, {"source": 9, "prod": 33.0, "target": 7, "value": 0.044795919274676306, "supply": [{"l": "Pigmeat", "v": 0.0065644587503350515}, {"l": "Bovine Meat", "v": 0.030477042676769234}, {"l": "Poultry Meat", "v": 0.0042169039654470202}, {"l": "Offals, Edible", "v": 0.0035375138821250002}]}, {"source": 10, "prod": 32.0, "target": 7, "value": 0.0093781504178975343, "supply": [{"l": "Tomatoes", "v": 0.0028347356651419035}, {"l": "Vegetables, Other", "v": 0.0058051509860512817}, {"l": "Onions", "v": 0.00073826376670434787}]}, {"source": 11, "prod": 17.0, "target": 7, "value": 0.028614403488184691, "supply": [{"l": "Beer", "v": 0.0042951264673355815}, {"l": "Beverages, Alcoholic", "v": 0.024319277020849107}]}, {"source": 5, "prod": 4.0, "target": 7, "value": 0.032995209573321513, "supply": [{"l": "Butter, Ghee", "v": 0.016384274822473687}, {"l": "Fats, Animals, Raw", "v": 0.016610934750847829}]}, {"source": 0, "prod": 22.0, "target": 7, "value": 0.020098115429922632, "supply": [{"l": "Potatoes", "v": 0.012514210958731216}, {"l": "Cassava", "v": 0.0075839044711914164}]}, {"source": 12, "prod": 22.0, "target": 7, "value": 0.086368534421325582, "supply": [{"l": "Beans", "v": 0.086368534421325582}]}, {"source": 13, "prod": 74.0, "target": 7, "value": 0.30537958733237935, "supply": [{"l": "Sugar non-centrifugal", "v": 0.066110915174139348}, {"l": "Sugar", "v": 0.23552306922422528}, {"l": "Sweeteners, Other", "v": 0.0037456029340147061}]}, {"source": 4, "prod": 151.0, "target": 7, "value": 0.097129900381333928, "supply": [{"l": "Fruits, Other", "v": 0.015430351662077891}, {"l": "Pineapples", "v": 0.0015506910168219181}, {"l": "Bananas", "v": 0.038108826442527798}, {"l": "Oranges, Mandarines", "v": 0.013707353907098494}, {"l": "Plantains", "v": 0.028332677352807825}]}, {"source": 2, "prod": 166.0, "target": 7, "value": 0.60750886162628381, "supply": [{"l": "Maize", "v": 0.17944409864641561}, {"l": "Rice", "v": 0.21403445337226892}, {"l": "Wheat", "v": 0.21403030960759925}]}, {"source": 14, "prod": 13.0, "target": 7, "value": 0.13234282024411786, "supply": [{"l": "Cottonseed Oil", "v": 0.07186911924242792}, {"l": "Palm Oil", "v": 0.060473701001689945}]}, {"source": 15, "prod": 6.0, "target": 7, "value": 0.0033164192644921874, "supply": [{"l": "Coffee", "v": 0.0033164192644921874}]}, {"source": 16, "prod": 12.0, "target": 7, "value": 0.01821795319762861, "supply": [{"l": "Eggs", "v": 0.01821795319762861}]}, {"source": 17, "prod": 3.0, "target": 7, "value": 0.0049217584446956519, "supply": [{"l": "Coconuts - Incl Copra", "v": 0.0049217584446956519}]}, {"source": 2, "prod": 2.0, "target": 18, "value": 0.0047166851761666672, "supply": [{"l": "Barley", "v": 0.0047166851761666672}]}, {"source": 3, "prod": 1437.0, "target": 18, "value": 0.53983087949879205, "supply": [{"l": "Sugar cane", "v": 0.53983087949879205}]}, {"source": 17, "prod": 73.737430167597779, "target": 18, "value": 0.28934091056844846, "supply": [{"l": "Coconuts - Incl Copra", "v": 0.016405861482318838}, {"l": "Cottonseed", "v": 0.08279833216857789}, {"l": "Palm kernels", "v": 0.008715613912481884}, {"l": "Oil Palm", "v": 0.18142110300506986}]}, {"source": 13, "prod": 2.0, "target": 18, "value": 0.0082638643967674185, "supply": [{"l": "Sugar non-centrifugal", "v": 0.0082638643967674185}]}, {"source": 13, "prod": 5.0, "target": 19, "value": 0.020659918353002217, "supply": [{"l": "Sugar", "v": 0.020659918353002217}]}, {"source": 14, "prod": 6.0, "target": 19, "value": 0.060361712666501637, "supply": [{"l": "Palm Oil", "v": 0.040315800667793306}, {"l": "Palmkernel Oil", "v": 0.0094333703523333343}, {"l": "Coconut Oil", "v": 0.010612541646375}]}, {"source": 5, "prod": 3.0, "target": 19, "value": 0.02491640212627174, "supply": [{"l": "Fats, Animals, Raw", "v": 0.02491640212627174}]}, {"source": 12, "prod": 1.0, "target": 12, "value": 0.0039258424736966172, "supply": [{"l": "Beans", "v": 0.0039258424736966172}]}, {"source": 2, "prod": 4.0, "target": 2, "value": 0.015878449601713064, "supply": [{"l": "Maize", "v": 0.0039876466365870132}, {"l": "Rice", "v": 0.011890802965126051}]}, {"source": 3, "prod": 25.0, "target": 3, "value": 0.0093916297755530995, "supply": [{"l": "Sugar cane", "v": 0.0093916297755530995}]}, {"source": 0, "prod": 2.0, "target": 0, "value": 0.001668561461164162, "supply": [{"l": "Potatoes", "v": 0.001668561461164162}]}, {"source": 6, "prod": 8.0, "target": 20, "value": 0.0049769160824379311, "supply": [{"l": "Milk - Excluding Butter", "v": 0.0049769160824379311}]}, {"source": 17, "prod": 2.0, "target": 20, "value": 0.0032811722964637678, "supply": [{"l": "Coconuts - Incl Copra", "v": 0.0032811722964637678}]}, {"source": 10, "prod": 3.0, "target": 20, "value": 0.00086398866511931856, "supply": [{"l": "Vegetables, Other", "v": 0.00058051509860512817}, {"l": "Tomatoes", "v": 0.00028347356651419034}]}, {"source": 3, "prod": 177.0, "target": 20, "value": 0.066492738810915941, "supply": [{"l": "Sugar cane", "v": 0.066492738810915941}]}, {"source": 0, "prod": 2.0, "target": 20, "value": 0.001668561461164162, "supply": [{"l": "Potatoes", "v": 0.001668561461164162}]}, {"source": 12, "prod": 1.0, "target": 20, "value": 0.0039258424736966172, "supply": [{"l": "Beans", "v": 0.0039258424736966172}]}, {"source": 4, "prod": 135.0, "target": 20, "value": 0.095331174487354453, "supply": [{"l": "Pineapples", "v": 0.00038767275420547952}, {"l": "Bananas", "v": 0.083407997496853306}, {"l": "Fruits, Other", "v": 0.0022043359517254129}, {"l": "Oranges, Mandarines", "v": 0.0024922461649269988}, {"l": "Plantains", "v": 0.0068389221196432691}]}, {"source": 2, "prod": 8.0, "target": 20, "value": 0.030266752988997239, "supply": [{"l": "Maize", "v": 0.015950586546348053}, {"l": "Wheat", "v": 0.006388964465898486}, {"l": "Rice", "v": 0.0079272019767507012}]}, {"source": 15, "prod": 1.0, "target": 20, "value": 0.00055273654408203134, "supply": [{"l": "Coffee", "v": 0.00055273654408203134}]}, {"source": 21, "prod": 14.0, "target": 1, "value": 0.010444757701713311, "supply": [{"l": "Bovine Meat", "v": 0.0013853201216713288}, {"l": "Milk - Excluding Butter", "v": 0.0055990305927426732}, {"l": "Fish, Seafood", "v": 0.0014292985382323234}, {"l": "Marine Fish, Other", "v": 0.0020311084490669856}]}, {"source": 21, "prod": 87.0, "target": 2, "value": 0.28279030045316939, "supply": [{"l": "Maize", "v": 0.01196293990976104}, {"l": "Wheat", "v": 0.23639168523824394}, {"l": "Barley", "v": 0.0070750277642500003}, {"l": "Rice", "v": 0.023781605930252102}, {"l": "Sorghum", "v": 0.003579041610662297}]}, {"source": 21, "prod": 7.0, "target": 12, "value": 0.027480897315876319, "supply": [{"l": "Beans", "v": 0.027480897315876319}]}, {"source": 21, "prod": 11.0, "target": 18, "value": 0.095736775012744649, "supply": [{"l": "Sweeteners, Other", "v": 0.0037456029340147061}, {"l": "Fats, Animals, Raw", "v": 0.0083054673754239146}, {"l": "Sugar", "v": 0.0041319836706004438}, {"l": "Palm Oil", "v": 0.030236850500844972}, {"l": "Cottonseed Oil", "v": 0.041068068138530235}, {"l": "Fish, Body Oil", "v": 0.0082488023933303782}]}, {"source": 21, "prod": 1.0, "target": 10, "value": 0.00029025754930256408, "supply": [{"l": "Vegetables, Other", "v": 0.00029025754930256408}]}, {"source": 21, "prod": 4.0, "target": 4, "value": 0.0029391146023005511, "supply": [{"l": "Fruits, Other", "v": 0.0029391146023005511}]}, {"source": 21, "prod": 11.0, "target": 17, "value": 0.047935876518650354, "supply": [{"l": "Cottonseed", "v": 0.047935876518650354}]}, {"source": 6, "prod": 2.0, "target": 22, "value": 0.0012442290206094828, "supply": [{"l": "Milk - Excluding Butter", "v": 0.0012442290206094828}]}, {"source": 9, "prod": 10.0, "target": 22, "value": 0.013853201216713289, "supply": [{"l": "Bovine Meat", "v": 0.013853201216713289}]}, {"source": 10, "prod": 2.0, "target": 22, "value": 0.00065938943265473802, "supply": [{"l": "Vegetables, Other", "v": 0.00029025754930256408}, {"l": "Onions", "v": 0.00036913188335217393}]}, {"source": 5, "prod": 1.0, "target": 22, "value": 0.0083054673754239146, "supply": [{"l": "Fats, Animals, Raw", "v": 0.0083054673754239146}]}, {"source": 0, "prod": 1.0, "target": 22, "value": 0.00083428073058208101, "supply": [{"l": "Potatoes", "v": 0.00083428073058208101}]}, {"source": 8, "prod": 2.0, "target": 22, "value": 0.001927511171559019, "supply": [{"l": "Fish, Seafood", "v": 0.00071464926911616168}, {"l": "Crustaceans", "v": 0.0012128619024428574}]}, {"source": 13, "prod": 63.0, "target": 22, "value": 0.26031497124782793, "supply": [{"l": "Sugar", "v": 0.26031497124782793}]}, {"source": 4, "prod": 385.0, "target": 22, "value": 0.2785019475477043, "supply": [{"l": "Bananas", "v": 0.26676178509769466}, {"l": "Fruits, Other", "v": 0.0058782292046011021}, {"l": "Plantains", "v": 0.0058619332454085162}]}, {"source": 2, "prod": 3.0, "target": 22, "value": 0.011145729857911606, "supply": [{"l": "Maize", "v": 0.0039876466365870132}, {"l": "Wheat", "v": 0.003194482232949243}, {"l": "Rice", "v": 0.0039636009883753506}]}, {"source": 14, "prod": 2.0, "target": 22, "value": 0.020157900333896653, "supply": [{"l": "Palm Oil", "v": 0.020157900333896653}]}, {"source": 15, "prod": 74.0, "target": 22, "value": 0.055347352614080733, "supply": [{"l": "Coffee", "v": 0.036480611909414068}, {"l": "Cocoa Beans", "v": 0.018866740704666669}]}, {"source": 17, "prod": 1.0, "target": 22, "value": 0.0016405861482318839, "supply": [{"l": "Coconuts - Incl Copra", "v": 0.0016405861482318839}]}, {"source": 2, "prod": 26.0, "target": 23, "value": 0.099472534050956851, "supply": [{"l": "Maize", "v": 0.043864113002457142}, {"l": "Wheat", "v": 0.015972411164746216}, {"l": "Rice", "v": 0.039636009883753501}]}, {"source": 24, "prod": 1.0, "target": 12, "value": 0.0039258424736966172, "supply": [{"l": "Beans", "v": 0.0039258424736966172}]}, {"source": 13, "prod": 10.0, "target": 23, "value": 0.041319836706004434, "supply": [{"l": "Sugar", "v": 0.041319836706004434}]}, {"source": 15, "prod": 3.0, "target": 23, "value": 0.0016582096322460937, "supply": [{"l": "Coffee", "v": 0.0016582096322460937}]}, {"source": 24, "prod": 1.0, "target": 15, "value": 0.0023583425880833336, "supply": [{"l": "Cocoa Beans", "v": 0.0023583425880833336}]}, {"source": 1, "prod": 166.0, "target": 6, "value": 0.10327100871058707, "supply": [{"l": "Milk - Excluding Butter", "v": 0.10327100871058707}]}, {"source": 1, "prod": 12.0, "target": 16, "value": 0.01821795319762861, "supply": [{"l": "Eggs", "v": 0.01821795319762861}]}, {"source": 1, "prod": 43.0, "target": 9, "value": 0.058649120491389595, "supply": [{"l": "Poultry Meat", "v": 0.0042169039654470202}, {"l": "Bovine Meat", "v": 0.044330243893482522}, {"l": "Pigmeat", "v": 0.0065644587503350515}, {"l": "Offals, Edible", "v": 0.0035375138821250002}]}, {"source": 1, "prod": 12.0, "target": 8, "value": 0.010775836317716654, "supply": [{"l": "Crustaceans", "v": 0.0024257238048857148}, {"l": "Marine Fish, Other", "v": 0.0040622168981339713}, {"l": "Fish, Seafood", "v": 0.0042878956146969694}]}, {"source": 18, "prod": 154.0, "target": 13, "value": 0.63593817803598141, "supply": [{"l": "Sweeteners, Other", "v": 0.0037456029340147061}, {"l": "Sugar non-centrifugal", "v": 0.074374779570906768}, {"l": "Sugar", "v": 0.55781779553105992}]}, {"source": 18, "prod": 21.0, "target": 14, "value": 0.21286243324451615, "supply": [{"l": "Cottonseed Oil", "v": 0.07186911924242792}, {"l": "Palm Oil", "v": 0.1209474020033799}, {"l": "Coconut Oil", "v": 0.010612541646375}, {"l": "Palmkernel Oil", "v": 0.0094333703523333343}]}, {"source": 18, "prod": 17.0, "target": 11, "value": 0.028614403488184691, "supply": [{"l": "Beer", "v": 0.0042951264673355815}, {"l": "Beverages, Alcoholic", "v": 0.024319277020849107}]}, {"source": 18, "prod": 9.0, "target": 5, "value": 0.074465881468347553, "supply": [{"l": "Fats, Animals, Raw", "v": 0.049832804252543481}, {"l": "Fish, Body Oil", "v": 0.0082488023933303782}, {"l": "Butter, Ghee", "v": 0.016384274822473687}]}, {"source": 17, "prod": 32.0, "target": 25, "value": 0.076788705735529414, "supply": [{"l": "Coconuts - Incl Copra", "v": 0.055786666560000003}, {"l": "Cottonseed", "v": 0.04706999991}, {"l": "Palm kernels", "v": 0.0087166666500000014}]}, {"source": 10, "prod": 36.5, "target": 25, "value": 0.12920931927098317, "supply": [{"l": "Tomatoes", "v": 0.038353333259999997}, {"l": "Vegetables, Other", "v": 0.078449999850000007}, {"l": "Onions", "v": 0.010459999980000001}]}, {"source": 3, "prod": 658.0, "target": 25, "value": 0.24718769569255752, "supply": [{"l": "Sugar cane", "v": 0.24718769569255752}]}, {"source": 0, "prod": 14.0, "target": 25, "value": 0.045869064552283574, "supply": [{"l": "Potatoes", "v": 0.035738333264999998}, {"l": "Cassava", "v": 0.013074999974999999}]}, {"source": 12, "prod": 20.0, "target": 25, "value": 0.054806389671565509, "supply": [{"l": "Beans", "v": 0.069733333200000011}]}, {"source": 2, "prod": 401.0, "target": 25, "value": 1.4863679091008419, "supply": [{"l": "Maize", "v": 0.60319333218000004}, {"l": "Barley", "v": 0.0069733333200000004}, {"l": "Rice", "v": 0.46372666578000005}, {"l": "Wheat", "v": 0.26149999949999997}, {"l": "Sorghum", "v": 0.06275999988}]}, {"source": 26, "prod": 0, "target": 17, "value": 3.4172601177415806e-07, "supply": "[{\"l\":'Energy for power irrigation',\"v\":3.4172601177415806e-07}]"}, {"source": 26, "prod": 0, "target": 10, "value": 1.6689093271987303e-07, "supply": "[{\"l\":'Energy for power irrigation',\"v\":1.6689093271987303e-07}]"}, {"source": 26, "prod": 0, "target": 3, "value": 7.5215228581970178e-06, "supply": "[{\"l\":'Energy for power irrigation',\"v\":7.5215228581970178e-06}]"}, {"source": 26, "prod": 0, "target": 0, "value": 1.2802592099058752e-07, "supply": "[{\"l\":'Energy for power irrigation',\"v\":1.2802592099058752e-07}]"}, {"source": 26, "prod": 0, "target": 12, "value": 9.1447086421848235e-08, "supply": "[{\"l\":'Energy for power irrigation',\"v\":9.1447086421848235e-08}]"}, {"source": 26, "prod": 0, "target": 4, "value": 3.3058121741498135e-06, "supply": "[{\"l\":'Energy for power irrigation',\"v\":3.3058121741498135e-06}]"}, {"source": 26, "prod": 0, "target": 2, "value": 9.1675704137902847e-07, "supply": "[{\"l\":'Energy for power irrigation',\"v\":9.1675704137902847e-07}]"}, {"source": 26, "prod": 0, "target": 15, "value": 3.8179158581121638e-07, "supply": "[{\"l\":'Energy for power irrigation',\"v\":3.8179158581121638e-07}]"}, {"source": 26, "prod": 0, "target": 18, "value": 0.0028630757485923358, "supply": "[{\"l\":'Electricity',\"v\":0.0028630757485923358}]"}, {"source": 27, "prod": 0, "target": 26, "value": 0.00095571564134003684, "supply": [{"l": "Coal", "v": 0.0}, {"l": "Natural gas", "v": 0.0}, {"l": "Oil", "v": 0.00095571564134003684}]}, {"source": 28, "prod": 0, "target": 26, "value": 0.0025127577784945648, "supply": [{"l": "Nuclear", "v": 0.0}, {"l": "Hydroelectric", "v": 0.002494129042695077}, {"l": "Renewable", "v": 1.8628735799487943e-05}]}, {"source": 27, "prod": 0, "target": 17, "value": 0.031237660531556456, "supply": [{"l": "Motor Gasoline", "v": 0.0017447796520699142}, {"l": "Gas-Diesel oil", "v": 0.010796562576154974}, {"l": "Fuel oil", "v": 0.018696318303331565}]}, {"source": 27, "prod": 0, "target": 10, "value": 0.015255737410892815, "supply": [{"l": "Motor Gasoline", "v": 0.00085210927319470653}, {"l": "Gas-Diesel oil", "v": 0.0052727867836230013}, {"l": "Fuel oil", "v": 0.0091308413540751067}]}, {"source": 27, "prod": 0, "target": 3, "value": 0.68755309701147072, "supply": [{"l": "Motor Gasoline", "v": 0.038403280942610744}, {"l": "Gas-Diesel oil", "v": 0.23763655504273529}, {"l": "Fuel oil", "v": 0.41151326102612468}]}, {"source": 27, "prod": 0, "target": 0, "value": 0.011703031438493118, "supply": [{"l": "Motor Gasoline", "v": 0.000653672867108268}, {"l": "Gas-Diesel oil", "v": 0.0040448775326423023}, {"l": "Fuel oil", "v": 0.0070044810387425473}]}, {"source": 27, "prod": 0, "target": 12, "value": 0.0083593081703522282, "supply": [{"l": "Motor Gasoline", "v": 0.00046690919079162002}, {"l": "Gas-Diesel oil", "v": 0.0028891982376016449}, {"l": "Fuel oil", "v": 0.0050032007419589623}]}, {"source": 27, "prod": 0, "target": 4, "value": 0.30218899035823304, "supply": [{"l": "Motor Gasoline", "v": 0.016878767247117062}, {"l": "Gas-Diesel oil", "v": 0.10444451628929946}, {"l": "Fuel oil", "v": 0.18086570682181649}]}, {"source": 27, "prod": 0, "target": 2, "value": 0.083802064407781068, "supply": [{"l": "Motor Gasoline", "v": 0.0046807646376859904}, {"l": "Gas-Diesel oil", "v": 0.028964212331956486}, {"l": "Fuel oil", "v": 0.050157087438138591}]}, {"source": 27, "prod": 0, "target": 15, "value": 0.034900111611220551, "supply": [{"l": "Motor Gasoline", "v": 0.0019493458715550134}, {"l": "Gas-Diesel oil", "v": 0.012062402641986866}, {"l": "Fuel oil", "v": 0.020888363097678667}]}, {"source": 29, "prod": 0.81350843531994022, "target": 17, "value": 0.0089358318790355353, "supply": [{"l": "Potash", "v": 0.022818611129366}, {"l": "Phosphate", "v": 0.0252500000202}, {"l": "Nitrogen", "v": 0.28805138911932993}]}, {"source": 29, "prod": 0.39729835268073171, "target": 10, "value": 0.0043640497519568449, "supply": [{"l": "Potash", "v": 0.022818611129366}, {"l": "Phosphate", "v": 0.0252500000202}, {"l": "Nitrogen", "v": 0.28805138911932993}]}, {"source": 29, "prod": 17.905638086569965, "target": 3, "value": 0.19668114635531533, "supply": [{"l": "Potash", "v": 0.022818611129366}, {"l": "Phosphate", "v": 0.0252500000202}, {"l": "Nitrogen", "v": 0.28805138911932993}]}, {"source": 29, "prod": 0.30477681849480787, "target": 0, "value": 0.003347764193281963, "supply": [{"l": "Potash", "v": 0.022818611129366}, {"l": "Phosphate", "v": 0.0252500000202}, {"l": "Nitrogen", "v": 0.28805138911932993}]}, {"source": 29, "prod": 0.21769772749629135, "target": 12, "value": 0.0023912601380585452, "supply": [{"l": "Potash", "v": 0.022818611129366}, {"l": "Phosphate", "v": 0.0252500000202}, {"l": "Nitrogen", "v": 0.28805138911932993}]}, {"source": 29, "prod": 7.869772848990932, "target": 4, "value": 0.086444053990816408, "supply": [{"l": "Potash", "v": 0.022818611129366}, {"l": "Phosphate", "v": 0.0252500000202}, {"l": "Nitrogen", "v": 0.28805138911932993}]}, {"source": 29, "prod": 2.1824197181503204, "target": 2, "value": 0.02397238288403691, "supply": [{"l": "Potash", "v": 0.022818611129366}, {"l": "Phosphate", "v": 0.0252500000202}, {"l": "Nitrogen", "v": 0.28805138911932993}]}, {"source": 29, "prod": 0.90888801229701632, "target": 15, "value": 0.0099835110763944242, "supply": [{"l": "Potash", "v": 0.022818611129366}, {"l": "Phosphate", "v": 0.0252500000202}, {"l": "Nitrogen", "v": 0.28805138911932993}]}, {"source": 27, "prod": 0, "target": 29, "value": 0.41867732800758894, "supply": [{"l": "Natural gas (including LNG)", "v": 0.27756870311113957}, {"l": "Fuel oil", "v": 0.090189439085940029}, {"l": "Liquefied petroleum gas (LPG)", "v": 0.025459592905254676}, {"l": "Coal", "v": 0.025459592905254676}]}, {"source": 30, "prod": 0, "target": 10, "value": 0.0014518191081716602, "supply": "[{\"l\":'Labor',\"v\":0.0014518191081716602}]"}, {"source": 30, "prod": 0, "target": 3, "value": 0.065431299532667977, "supply": "[{\"l\":'Labor',\"v\":0.065431299532667977}]"}, {"source": 30, "prod": 0, "target": 0, "value": 0.0011137242473645611, "supply": "[{\"l\":'Labor',\"v\":0.0011137242473645611}]"}, {"source": 30, "prod": 0, "target": 12, "value": 0.00079551731954611519, "supply": "[{\"l\":'Labor',\"v\":0.00079551731954611519}]"}, {"source": 30, "prod": 0, "target": 4, "value": 0.028757951101592065, "supply": "[{\"l\":'Labor',\"v\":0.028757951101592065}]"}, {"source": 30, "prod": 0, "target": 2, "value": 0.0079750611284498032, "supply": "[{\"l\":'Labor',\"v\":0.0079750611284498032}]"}, {"source": 30, "prod": 0, "target": 15, "value": 0.0033212848091050307, "supply": "[{\"l\":'Labor',\"v\":0.0033212848091050307}]"}, {"source": 30, "prod": 0, "target": 17, "value": 0.0029727460058346171, "supply": "[{\"l\":'Labor',\"v\":0.0029727460058346171}]"}, {"source": 27, "prod": 0, "target": 21, "value": 0.14426794022633987, "supply": "[{\"l\":'Fossil Fuels',\"v\":0.14426794022633987}]"}, {"source": 28, "prod": 0, "target": 21, "value": 0.098899524540115691, "supply": "[{\"l\":'Renewables & Nuclear',\"v\":0.026177963920934456},{\"l\":'Biomass & Waste',\"v\":0.072721560619181239}]"}]}