{"nodes": [{"layer": 5, "name": "Maize"}, {"layer": 10, "name": "Feed", "fill": "#dbdb8d"}, {"layer": 5, "name": "Bananas"}, {"layer": 5, "name": "Potatoes"}, {"layer": 13, "name": "Marine Fish, Other"}, {"layer": 13, "name": "Fish, Seafood"}, {"layer": 5, "name": "Plantains"}, {"layer": 5, "name": "Sorghum"}, {"layer": 5, "name": "Sugar cane"}, {"layer": 16, "name": "Food", "fill": "#b5cf6b"}, {"layer": 5, "name": "Fruits, Other"}, {"layer": 13, "name": "Sugar", "fill": "#d6616b"}, {"layer": 13, "name": "Beer"}, {"layer": 13, "name": "Beverages, Alcoholic"}, {"layer": 5, "name": "Barley"}, {"layer": 5, "name": "Rice"}, {"layer": 13, "name": "Butter, Ghee"}, {"layer": 5, "name": "Tomatoes"}, {"layer": 13, "name": "Fats, Animals, Raw"}, {"layer": 5, "name": "Coffee"}, {"layer": 13, "name": "Sugar non-centrifugal"}, {"layer": 5, "name": "Wheat"}, {"layer": 13, "name": "Soyabean Oil"}, {"layer": 5, "name": "Coconuts - Incl Copra"}, {"layer": 13, "name": "Crustaceans"}, {"layer": 13, "name": "Eggs"}, {"layer": 5, "name": "Vegetables, Other"}, {"layer": 5, "name": "Groundnuts"}, {"layer": 13, "name": "Palm Oil"}, {"layer": 13, "name": "Pigmeat"}, {"layer": 5, "name": "Cocoa Beans"}, {"layer": 13, "name": "Coconut Oil"}, {"layer": 13, "name": "Milk - Excluding Butter"}, {"layer": 13, "name": "Pelagic Fish"}, {"layer": 5, "name": "Beans"}, {"layer": 5, "name": "Pulses, Other"}, {"layer": 13, "name": "Sweeteners, Other"}, {"layer": 5, "name": "Pineapples"}, {"layer": 13, "name": "Bovine Meat"}, {"layer": 13, "name": "Poultry Meat"}, {"layer": 13, "name": "Offals, Edible"}, {"layer": 13, "name": "Demersal Fish"}, {"layer": 5, "name": "Oranges, Mandarines"}, {"layer": 13, "name": "Cottonseed Oil"}, {"layer": 5, "name": "Onions"}, {"layer": 5, "name": "Cassava"}, {"layer": 5, "name": "Cottonseed"}, {"layer": 10, "name": "Processing", "fill": "#9edae5"}, {"layer": 16, "name": "Biofuels & Other", "fill": "#e7ba52"}, {"name": "Waste", "fill": "#c7c7c7"}, {"layer": 2, "name": "Import", "fill": "#aec7e8"}, {"layer": 5, "name": "Infant food"}, {"layer": 16, "name": "Export", "fill": "#aec7e8"}, {"layer": 5, "name": "Palm kernels"}, {"layer": 13, "name": "Oilcrops Oil, Other"}, {"layer": 0, "name": "Stock Draw", "fill": "#c7c7c7"}, {"layer": 16, "name": "Stock Deposit", "fill": "#c7c7c7"}, {"name": "Crop Residue", "fill": "#bd9e39"}, {"layer": 5, "name": "Oil Palm"}, {"layer": 2, "name": "Electricity", "fill": "#bcbd22"}, {"layer": 0, "name": "Fossil Fuels", "fill": "#c49c94"}, {"layer": 0, "name": "Renewables & Nuclear", "fill": "#2ca02c"}, {"layer": 2, "name": "Fertilizers", "fill": "#c5b0d5"}, {"layer": 0, "name": "Labor", "fill": "#7f7f7f"}], "links": [{"source": 0, "prod": 42.0, "target": 1, "value": 0.16734612205626415, "supply": [{"l": "Maize", "v": 0.16734612205626415}]}, {"source": 2, "prod": 20.0, "target": 1, "value": 0.014550727741676603, "supply": [{"l": "Bananas", "v": 0.014550727741676603}]}, {"source": 3, "prod": 1.0, "target": 1, "value": 0.00083967362476813185, "supply": [{"l": "Potatoes", "v": 0.00083967362476813185}]}, {"source": 4, "prod": 5.0, "target": 1, "value": 0.00554904138372549, "supply": [{"l": "Marine Fish, Other", "v": 0.00554904138372549}]}, {"source": 5, "prod": 5.0, "target": 1, "value": 0.0050940199902600007, "supply": [{"l": "Fish, Seafood", "v": 0.0050940199902600007}]}, {"source": 6, "prod": 4.0, "target": 1, "value": 0.0039077009622778989, "supply": [{"l": "Plantains", "v": 0.0039077009622778989}]}, {"source": 7, "prod": 23.0, "target": 1, "value": 0.091351656486589772, "supply": [{"l": "Sorghum", "v": 0.091351656486589772}]}, {"source": 8, "prod": 5.0, "target": 1, "value": 0.0018192928536642859, "supply": [{"l": "Sugar cane", "v": 0.0018192928536642859}]}, {"source": 0, "prod": 51.0, "target": 9, "value": 0.20320600535403507, "supply": [{"l": "Maize", "v": 0.20320600535403507}]}, {"source": 6, "prod": 46.0, "target": 9, "value": 0.044938561066195835, "supply": [{"l": "Plantains", "v": 0.044938561066195835}]}, {"source": 10, "prod": 39.0, "target": 9, "value": 0.026211568642425687, "supply": [{"l": "Fruits, Other", "v": 0.026211568642425687}]}, {"source": 11, "prod": 107.0, "target": 9, "value": 0.44270142741644536, "supply": [{"l": "Sugar", "v": 0.44270142741644536}]}, {"source": 12, "prod": 22.0, "target": 9, "value": 0.009339036648809999, "supply": [{"l": "Beer", "v": 0.009339036648809999}]}, {"source": 13, "prod": 8.0, "target": 9, "value": 0.027296561019517728, "supply": [{"l": "Beverages, Alcoholic", "v": 0.027296561019517728}]}, {"source": 14, "prod": 1.0, "target": 9, "value": 0.0031679228795149254, "supply": [{"l": "Barley", "v": 0.0031679228795149254}]}, {"source": 15, "prod": 74.0, "target": 9, "value": 0.2939140252177237, "supply": [{"l": "Rice", "v": 0.2939140252177237}]}, {"source": 16, "prod": 3.0, "target": 9, "value": 0.024953814141476349, "supply": [{"l": "Butter, Ghee", "v": 0.024953814141476349}]}, {"source": 17, "prod": 13.0, "target": 9, "value": 0.0034982704634643424, "supply": [{"l": "Tomatoes", "v": 0.0034982704634643424}]}, {"source": 18, "prod": 3.0, "target": 9, "value": 0.025068996015059058, "supply": [{"l": "Fats, Animals, Raw", "v": 0.025068996015059058}]}, {"source": 19, "prod": 8.0, "target": 9, "value": 0.0040525218697374703, "supply": [{"l": "Coffee", "v": 0.0040525218697374703}]}, {"source": 20, "prod": 18.0, "target": 9, "value": 0.074758655147160416, "supply": [{"l": "Sugar non-centrifugal", "v": 0.074758655147160416}]}, {"source": 21, "prod": 70.0, "target": 9, "value": 0.22384590430651813, "supply": [{"l": "Wheat", "v": 0.22384590430651813}]}, {"source": 22, "prod": 1.0, "target": 9, "value": 0.010325716196472974, "supply": [{"l": "Soyabean Oil", "v": 0.010325716196472974}]}, {"source": 23, "prod": 6.0, "target": 9, "value": 0.0092161545876414501, "supply": [{"l": "Coconuts - Incl Copra", "v": 0.0092161545876414501}]}, {"source": 24, "prod": 2.0, "target": 9, "value": 0.0015436424212909091, "supply": [{"l": "Crustaceans", "v": 0.0015436424212909091}]}, {"source": 25, "prod": 15.0, "target": 9, "value": 0.022282052447301481, "supply": [{"l": "Eggs", "v": 0.022282052447301481}]}, {"source": 26, "prod": 25.0, "target": 9, "value": 0.0067974646253803053, "supply": [{"l": "Vegetables, Other", "v": 0.0067974646253803053}]}, {"source": 4, "prod": 6.0, "target": 9, "value": 0.0066588496604705885, "supply": [{"l": "Marine Fish, Other", "v": 0.0066588496604705885}]}, {"source": 27, "prod": 1.0, "target": 9, "value": 0.0058551953911034479, "supply": [{"l": "Groundnuts", "v": 0.0058551953911034479}]}, {"source": 28, "prod": 8.0, "target": 9, "value": 0.080897587934650128, "supply": [{"l": "Palm Oil", "v": 0.080897587934650128}]}, {"source": 29, "prod": 8.0, "target": 9, "value": 0.011213251550886792, "supply": [{"l": "Pigmeat", "v": 0.011213251550886792}]}, {"source": 30, "prod": 1.0, "target": 9, "value": 0.0015722283920555555, "supply": [{"l": "Cocoa Beans", "v": 0.0015722283920555555}]}, {"source": 3, "prod": 18.0, "target": 9, "value": 0.015114125245826376, "supply": [{"l": "Potatoes", "v": 0.015114125245826376}]}, {"source": 31, "prod": 1.0, "target": 9, "value": 0.0099050388699500006, "supply": [{"l": "Coconut Oil", "v": 0.0099050388699500006}]}, {"source": 32, "prod": 251.0, "target": 9, "value": 0.16062801728081158, "supply": [{"l": "Milk - Excluding Butter", "v": 0.16062801728081158}]}, {"source": 33, "prod": 1.0, "target": 9, "value": 0.0011630182626164384, "supply": [{"l": "Pelagic Fish", "v": 0.0011630182626164384}]}, {"source": 34, "prod": 21.0, "target": 9, "value": 0.082130072779623794, "supply": [{"l": "Beans", "v": 0.082130072779623794}]}, {"source": 35, "prod": 1.0, "target": 9, "value": 0.0036385857073285722, "supply": [{"l": "Pulses, Other", "v": 0.0036385857073285722}]}, {"source": 5, "prod": 10.0, "target": 9, "value": 0.010188039980520001, "supply": [{"l": "Fish, Seafood", "v": 0.010188039980520001}]}, {"source": 36, "prod": 1.0, "target": 9, "value": 0.0034419053988243241, "supply": [{"l": "Sweeteners, Other", "v": 0.0034419053988243241}]}, {"source": 37, "prod": 7.0, "target": 9, "value": 0.0027178460313887196, "supply": [{"l": "Pineapples", "v": 0.0027178460313887196}]}, {"source": 2, "prod": 54.0, "target": 9, "value": 0.039286964902526825, "supply": [{"l": "Bananas", "v": 0.039286964902526825}]}, {"source": 38, "prod": 24.0, "target": 9, "value": 0.033786867282336736, "supply": [{"l": "Bovine Meat", "v": 0.033786867282336736}]}, {"source": 39, "prod": 3.0, "target": 9, "value": 0.0041347564856006498, "supply": [{"l": "Poultry Meat", "v": 0.0041347564856006498}]}, {"source": 40, "prod": 6.0, "target": 9, "value": 0.0073826376670434778, "supply": [{"l": "Offals, Edible", "v": 0.0073826376670434778}]}, {"source": 41, "prod": 1.0, "target": 9, "value": 0.00065475835350385604, "supply": [{"l": "Demersal Fish", "v": 0.00065475835350385604}]}, {"source": 42, "prod": 55.0, "target": 9, "value": 0.016918544653641301, "supply": [{"l": "Oranges, Mandarines", "v": 0.016918544653641301}]}, {"source": 43, "prod": 8.0, "target": 9, "value": 0.081913889290613065, "supply": [{"l": "Cottonseed Oil", "v": 0.081913889290613065}]}, {"source": 44, "prod": 2.0, "target": 9, "value": 0.00086632993031632646, "supply": [{"l": "Onions", "v": 0.00086632993031632646}]}, {"source": 45, "prod": 7.0, "target": 9, "value": 0.0073144902424246176, "supply": [{"l": "Cassava", "v": 0.0073144902424246176}]}, {"source": 46, "prod": 11.0, "target": 47, "value": 0.040651716356406971, "supply": [{"l": "Cottonseed", "v": 0.040651716356406971}]}, {"source": 8, "prod": 1972.0, "target": 47, "value": 0.71752910148519433, "supply": [{"l": "Sugar cane", "v": 0.71752910148519433}]}, {"source": 14, "prod": 5.0, "target": 47, "value": 0.015839614397574628, "supply": [{"l": "Barley", "v": 0.015839614397574628}]}, {"source": 23, "prod": 14.0, "target": 47, "value": 0.021504360704496715, "supply": [{"l": "Coconuts - Incl Copra", "v": 0.021504360704496715}]}, {"source": 28, "prod": 9.0, "target": 48, "value": 0.091009786426481387, "supply": [{"l": "Palm Oil", "v": 0.091009786426481387}]}, {"source": 0, "prod": 1.0, "target": 48, "value": 0.0039844314775300989, "supply": [{"l": "Maize", "v": 0.0039844314775300989}]}, {"source": 31, "prod": 1.0, "target": 48, "value": 0.0099050388699500006, "supply": [{"l": "Coconut Oil", "v": 0.0099050388699500006}]}, {"source": 11, "prod": 6.0, "target": 48, "value": 0.024824379107464222, "supply": [{"l": "Sugar", "v": 0.024824379107464222}]}, {"source": 18, "prod": 5.0, "target": 48, "value": 0.041781660025098429, "supply": [{"l": "Fats, Animals, Raw", "v": 0.041781660025098429}]}, {"source": 0, "prod": 1.0, "target": 0, "value": 0.0039844314775300989, "supply": [{"l": "Maize", "v": 0.0039844314775300989}]}, {"source": 3, "prod": 2.0, "target": 3, "value": 0.0016793472495362637, "supply": [{"l": "Potatoes", "v": 0.0016793472495362637}]}, {"source": 15, "prod": 4.0, "target": 15, "value": 0.01588724460636344, "supply": [{"l": "Rice", "v": 0.01588724460636344}]}, {"source": 34, "prod": 1.0, "target": 34, "value": 0.0039109558466487527, "supply": [{"l": "Beans", "v": 0.0039109558466487527}]}, {"source": 8, "prod": 60.0, "target": 8, "value": 0.02183151424397143, "supply": [{"l": "Sugar cane", "v": 0.02183151424397143}]}, {"source": 0, "prod": 5.0, "target": 49, "value": 0.019922157387650494, "supply": [{"l": "Maize", "v": 0.019922157387650494}]}, {"source": 19, "prod": 1.0, "target": 49, "value": 0.00050656523371718379, "supply": [{"l": "Coffee", "v": 0.00050656523371718379}]}, {"source": 37, "prod": 2.0, "target": 49, "value": 0.00077652743753963414, "supply": [{"l": "Pineapples", "v": 0.00077652743753963414}]}, {"source": 21, "prod": 3.0, "target": 49, "value": 0.0095933958988507779, "supply": [{"l": "Wheat", "v": 0.0095933958988507779}]}, {"source": 2, "prod": 40.0, "target": 49, "value": 0.029101455483353206, "supply": [{"l": "Bananas", "v": 0.029101455483353206}]}, {"source": 23, "prod": 4.0, "target": 49, "value": 0.0061441030584276322, "supply": [{"l": "Coconuts - Incl Copra", "v": 0.0061441030584276322}]}, {"source": 3, "prod": 2.0, "target": 49, "value": 0.0016793472495362637, "supply": [{"l": "Potatoes", "v": 0.0016793472495362637}]}, {"source": 26, "prod": 3.0, "target": 49, "value": 0.00081569575504563665, "supply": [{"l": "Vegetables, Other", "v": 0.00081569575504563665}]}, {"source": 10, "prod": 7.0, "target": 49, "value": 0.0047046405255635861, "supply": [{"l": "Fruits, Other", "v": 0.0047046405255635861}]}, {"source": 8, "prod": 155.0, "target": 49, "value": 0.056398078463592863, "supply": [{"l": "Sugar cane", "v": 0.056398078463592863}]}, {"source": 32, "prod": 12.0, "target": 49, "value": 0.0076794271209949761, "supply": [{"l": "Milk - Excluding Butter", "v": 0.0076794271209949761}]}, {"source": 34, "prod": 2.0, "target": 49, "value": 0.0078219116932975053, "supply": [{"l": "Beans", "v": 0.0078219116932975053}]}, {"source": 42, "prod": 10.0, "target": 49, "value": 0.0030760990279347826, "supply": [{"l": "Oranges, Mandarines", "v": 0.0030760990279347826}]}, {"source": 6, "prod": 11.0, "target": 49, "value": 0.010746177646264222, "supply": [{"l": "Plantains", "v": 0.010746177646264222}]}, {"source": 15, "prod": 3.0, "target": 49, "value": 0.011915433454772582, "supply": [{"l": "Rice", "v": 0.011915433454772582}]}, {"source": 7, "prod": 1.0, "target": 49, "value": 0.0039718111515908601, "supply": [{"l": "Sorghum", "v": 0.0039718111515908601}]}, {"source": 17, "prod": 2.0, "target": 49, "value": 0.00053819545591759122, "supply": [{"l": "Tomatoes", "v": 0.00053819545591759122}]}, {"source": 45, "prod": 1.0, "target": 49, "value": 0.001044927177489231, "supply": [{"l": "Cassava", "v": 0.001044927177489231}]}, {"source": 50, "prod": 1.0, "target": 51, "value": 0.0053062708231875, "supply": [{"l": "Infant food", "v": 0.0053062708231875}]}, {"source": 50, "prod": 67.0, "target": 21, "value": 0.21425250840766732, "supply": [{"l": "Wheat", "v": 0.21425250840766732}]}, {"source": 50, "prod": 29.0, "target": 1, "value": 0.023569988192241986, "supply": [{"l": "Milk - Excluding Butter", "v": 0.011519140681492464}, {"l": "Fish, Seafood", "v": 0.0050940199902600007}, {"l": "Bovine Meat", "v": 0.0014077861367640309}, {"l": "Marine Fish, Other", "v": 0.00554904138372549}]}, {"source": 50, "prod": 33.0, "target": 34, "value": 0.12906154293940883, "supply": [{"l": "Beans", "v": 0.12906154293940883}]}, {"source": 50, "prod": 6.0, "target": 14, "value": 0.019007537277089551, "supply": [{"l": "Barley", "v": 0.019007537277089551}]}, {"source": 50, "prod": 10.0, "target": 46, "value": 0.036956105778551789, "supply": [{"l": "Cottonseed", "v": 0.036956105778551789}]}, {"source": 50, "prod": 11.0, "target": 47, "value": 0.091108837213627197, "supply": [{"l": "Sugar", "v": 0.0041373965179107046}, {"l": "Fats, Animals, Raw", "v": 0.0083563320050196854}, {"l": "Sweeteners, Other", "v": 0.0034419053988243241}, {"l": "Soyabean Oil", "v": 0.010325716196472974}, {"l": "Cottonseed Oil", "v": 0.061435416967959802}, {"l": "Beverages, Alcoholic", "v": 0.003412070127439716}]}, {"source": 50, "prod": 1.0, "target": 17, "value": 0.00026909772795879561, "supply": [{"l": "Tomatoes", "v": 0.00026909772795879561}]}, {"source": 50, "prod": 37.0, "target": 0, "value": 0.14742396466861366, "supply": [{"l": "Maize", "v": 0.14742396466861366}]}, {"source": 50, "prod": 9.0, "target": 10, "value": 0.0060488235328674681, "supply": [{"l": "Fruits, Other", "v": 0.0060488235328674681}]}, {"source": 50, "prod": 10.0, "target": 7, "value": 0.039718111515908601, "supply": [{"l": "Sorghum", "v": 0.039718111515908601}]}, {"source": 50, "prod": 1.0, "target": 26, "value": 0.00027189858501521224, "supply": [{"l": "Vegetables, Other", "v": 0.00027189858501521224}]}, {"source": 50, "prod": 1.0, "target": 27, "value": 0.0058551953911034479, "supply": [{"l": "Groundnuts", "v": 0.0058551953911034479}]}, {"source": 50, "prod": 1.0, "target": 35, "value": 0.0036385857073285722, "supply": [{"l": "Pulses, Other", "v": 0.0036385857073285722}]}, {"source": 19, "prod": 90.0, "target": 52, "value": 0.045590871034546544, "supply": [{"l": "Coffee", "v": 0.045590871034546544}]}, {"source": 15, "prod": 13.0, "target": 52, "value": 0.051633544970681185, "supply": [{"l": "Rice", "v": 0.051633544970681185}]}, {"source": 21, "prod": 2.0, "target": 52, "value": 0.006395597265900518, "supply": [{"l": "Wheat", "v": 0.006395597265900518}]}, {"source": 2, "prod": 1038.0, "target": 52, "value": 0.75518276979301557, "supply": [{"l": "Bananas", "v": 0.75518276979301557}]}, {"source": 30, "prod": 5.0, "target": 52, "value": 0.0078611419602777795, "supply": [{"l": "Cocoa Beans", "v": 0.0078611419602777795}]}, {"source": 6, "prod": 10.0, "target": 52, "value": 0.009769252405694746, "supply": [{"l": "Plantains", "v": 0.009769252405694746}]}, {"source": 26, "prod": 2.0, "target": 52, "value": 0.00054379717003042447, "supply": [{"l": "Vegetables, Other", "v": 0.00054379717003042447}]}, {"source": 10, "prod": 11.0, "target": 52, "value": 0.0073930065401713483, "supply": [{"l": "Fruits, Other", "v": 0.0073930065401713483}]}, {"source": 11, "prod": 71.0, "target": 52, "value": 0.29375515277166003, "supply": [{"l": "Sugar", "v": 0.29375515277166003}]}, {"source": 32, "prod": 4.0, "target": 52, "value": 0.0025598090403316587, "supply": [{"l": "Milk - Excluding Butter", "v": 0.0025598090403316587}]}, {"source": 34, "prod": 2.0, "target": 52, "value": 0.0078219116932975053, "supply": [{"l": "Beans", "v": 0.0078219116932975053}]}, {"source": 5, "prod": 5.0, "target": 52, "value": 0.0050940199902600007, "supply": [{"l": "Fish, Seafood", "v": 0.0050940199902600007}]}, {"source": 24, "prod": 1.0, "target": 52, "value": 0.00077182121064545454, "supply": [{"l": "Crustaceans", "v": 0.00077182121064545454}]}, {"source": 28, "prod": 6.0, "target": 52, "value": 0.060673190950987582, "supply": [{"l": "Palm Oil", "v": 0.060673190950987582}]}, {"source": 4, "prod": 4.0, "target": 52, "value": 0.0044392331069803923, "supply": [{"l": "Marine Fish, Other", "v": 0.0044392331069803923}]}, {"source": 53, "prod": 5.0, "target": 52, "value": 0.018478052889275894, "supply": [{"l": "Palm kernels", "v": 0.018478052889275894}]}, {"source": 38, "prod": 30.0, "target": 52, "value": 0.042233584102920926, "supply": [{"l": "Bovine Meat", "v": 0.042233584102920926}]}, {"source": 44, "prod": 1.0, "target": 52, "value": 0.00043316496515816323, "supply": [{"l": "Onions", "v": 0.00043316496515816323}]}, {"source": 54, "prod": 1.0, "target": 52, "value": 0.014150055528500001, "supply": [{"l": "Oilcrops Oil, Other", "v": 0.014150055528500001}]}, {"source": 17, "prod": 2.0, "target": 52, "value": 0.00053819545591759122, "supply": [{"l": "Tomatoes", "v": 0.00053819545591759122}]}, {"source": 45, "prod": 4.0, "target": 52, "value": 0.0041797087099569238, "supply": [{"l": "Cassava", "v": 0.0041797087099569238}]}, {"source": 55, "prod": 1.0, "target": 53, "value": 0.0036956105778551789, "supply": [{"l": "Palm kernels", "v": 0.0036956105778551789}]}, {"source": 55, "prod": 2.0, "target": 0, "value": 0.0079688629550601978, "supply": [{"l": "Maize", "v": 0.0079688629550601978}]}, {"source": 55, "prod": 15.0, "target": 19, "value": 0.0075984785057577574, "supply": [{"l": "Coffee", "v": 0.0075984785057577574}]}, {"source": 55, "prod": 9.0, "target": 15, "value": 0.035746300364317744, "supply": [{"l": "Rice", "v": 0.035746300364317744}]}, {"source": 55, "prod": 7.0, "target": 21, "value": 0.022384590430651816, "supply": [{"l": "Wheat", "v": 0.022384590430651816}]}, {"source": 34, "prod": 21.0, "target": 56, "value": 0.082130072779623794, "supply": [{"l": "Beans", "v": 0.082130072779623794}]}, {"source": 55, "prod": 2.0, "target": 47, "value": 0.0082747930358214091, "supply": [{"l": "Sugar", "v": 0.0082747930358214091}]}, {"source": 1, "prod": 3.0, "target": 39, "value": 0.0041347564856006498, "supply": [{"l": "Poultry Meat", "v": 0.0041347564856006498}]}, {"source": 1, "prod": 8.0, "target": 29, "value": 0.011213251550886792, "supply": [{"l": "Pigmeat", "v": 0.011213251550886792}]}, {"source": 1, "prod": 1.0, "target": 33, "value": 0.0011630182626164384, "supply": [{"l": "Pelagic Fish", "v": 0.0011630182626164384}]}, {"source": 1, "prod": 3.0, "target": 24, "value": 0.0023154636319363637, "supply": [{"l": "Crustaceans", "v": 0.0023154636319363637}]}, {"source": 1, "prod": 15.0, "target": 25, "value": 0.022282052447301481, "supply": [{"l": "Eggs", "v": 0.022282052447301481}]}, {"source": 1, "prod": 267.0, "target": 32, "value": 0.17086725344213821, "supply": [{"l": "Milk - Excluding Butter", "v": 0.17086725344213821}]}, {"source": 1, "prod": 6.0, "target": 40, "value": 0.0073826376670434778, "supply": [{"l": "Offals, Edible", "v": 0.0073826376670434778}]}, {"source": 1, "prod": 15.0, "target": 4, "value": 0.016647124151176473, "supply": [{"l": "Marine Fish, Other", "v": 0.016647124151176473}]}, {"source": 1, "prod": 20.0, "target": 5, "value": 0.020376079961040003, "supply": [{"l": "Fish, Seafood", "v": 0.020376079961040003}]}, {"source": 1, "prod": 54.0, "target": 38, "value": 0.076020451385257662, "supply": [{"l": "Bovine Meat", "v": 0.076020451385257662}]}, {"source": 1, "prod": 1.0, "target": 41, "value": 0.00065475835350385604, "supply": [{"l": "Demersal Fish", "v": 0.00065475835350385604}]}, {"source": 47, "prod": 8.0, "target": 18, "value": 0.066850656040157483, "supply": [{"l": "Fats, Animals, Raw", "v": 0.066850656040157483}]}, {"source": 47, "prod": 1.0, "target": 36, "value": 0.0034419053988243241, "supply": [{"l": "Sweeteners, Other", "v": 0.0034419053988243241}]}, {"source": 47, "prod": 1.0, "target": 22, "value": 0.010325716196472974, "supply": [{"l": "Soyabean Oil", "v": 0.010325716196472974}]}, {"source": 47, "prod": 2.0, "target": 31, "value": 0.019810077739900001, "supply": [{"l": "Coconut Oil", "v": 0.019810077739900001}]}, {"source": 47, "prod": 184.0, "target": 11, "value": 0.7612809592955696, "supply": [{"l": "Sugar", "v": 0.7612809592955696}]}, {"source": 47, "prod": 8.0, "target": 43, "value": 0.081913889290613065, "supply": [{"l": "Cottonseed Oil", "v": 0.081913889290613065}]}, {"source": 47, "prod": 22.0, "target": 12, "value": 0.009339036648809999, "supply": [{"l": "Beer", "v": 0.009339036648809999}]}, {"source": 47, "prod": 8.0, "target": 13, "value": 0.027296561019517728, "supply": [{"l": "Beverages, Alcoholic", "v": 0.027296561019517728}]}, {"source": 47, "prod": 23.0, "target": 28, "value": 0.2325805653121191, "supply": [{"l": "Palm Oil", "v": 0.2325805653121191}]}, {"source": 47, "prod": 1.0, "target": 54, "value": 0.014150055528500001, "supply": [{"l": "Oilcrops Oil, Other", "v": 0.014150055528500001}]}, {"source": 47, "prod": 18.0, "target": 20, "value": 0.074758655147160416, "supply": [{"l": "Sugar non-centrifugal", "v": 0.074758655147160416}]}, {"source": 47, "prod": 3.0, "target": 16, "value": 0.024953814141476349, "supply": [{"l": "Butter, Ghee", "v": 0.024953814141476349}]}, {"source": 0, "prod": 161.0, "target": 57, "value": 0.56135333226000006, "supply": [{"l": "Maize", "v": 0.56135333226000006}]}, {"source": 8, "prod": 877.0, "target": 57, "value": 0.31910396653271578, "supply": [{"l": "Sugar cane", "v": 0.31910396653271578}]}, {"source": 21, "prod": 75.0, "target": 57, "value": 0.26149999950000002, "supply": [{"l": "Wheat", "v": 0.26149999950000002}]}, {"source": 45, "prod": 5.75, "target": 57, "value": 0.020048333295000002, "supply": [{"l": "Cassava", "v": 0.020048333295000002}]}, {"source": 23, "prod": 24.0, "target": 57, "value": 0.083679999840000005, "supply": [{"l": "Coconuts - Incl Copra", "v": 0.083679999840000005}]}, {"source": 46, "prod": 6.0, "target": 57, "value": 0.020919999960000001, "supply": [{"l": "Cottonseed", "v": 0.020919999960000001}]}, {"source": 3, "prod": 11.75, "target": 57, "value": 0.04096833325500001, "supply": [{"l": "Potatoes", "v": 0.04096833325500001}]}, {"source": 26, "prod": 30.0, "target": 57, "value": 0.1045999998, "supply": [{"l": "Vegetables, Other", "v": 0.1045999998}]}, {"source": 34, "prod": 30.5, "target": 57, "value": 0.10634333313000001, "supply": [{"l": "Beans", "v": 0.10634333313000001}]}, {"source": 14, "prod": 6.0, "target": 57, "value": 0.020919999960000005, "supply": [{"l": "Barley", "v": 0.020919999960000005}]}, {"source": 27, "prod": 0.5, "target": 57, "value": 0.0017433333299999997, "supply": [{"l": "Groundnuts", "v": 0.0017433333299999997}]}, {"source": 53, "prod": 4.5, "target": 57, "value": 0.015689999970000004, "supply": [{"l": "Palm kernels", "v": 0.015689999970000004}]}, {"source": 15, "prod": 179.0, "target": 57, "value": 0.6241133321400002, "supply": [{"l": "Rice", "v": 0.6241133321400002}]}, {"source": 7, "prod": 38.0, "target": 57, "value": 0.13249333308, "supply": [{"l": "Sorghum", "v": 0.13249333308}]}, {"source": 44, "prod": 3.0, "target": 57, "value": 0.010459999980000001, "supply": [{"l": "Onions", "v": 0.010459999980000001}]}, {"source": 17, "prod": 16.0, "target": 57, "value": 0.055786666560000003, "supply": [{"l": "Tomatoes", "v": 0.055786666560000003}]}, {"source": 35, "prod": 0.5, "target": 57, "value": 0.0017433333300000001, "supply": [{"l": "Pulses, Other", "v": 0.0017433333300000001}]}, {"source": 58, "prod": 109.57816377171216, "target": 47, "value": 0.46516113062423819, "supply": [{"l": "Oil Palm", "v": 0.46516113062423819}]}, {"source": 59, "prod": 0, "target": 0, "value": 6.0541181475868078e-07, "supply": "[{\"l\":'Energy for power irrigation',\"v\":6.0541181475868078e-07}]"}, {"source": 59, "prod": 0, "target": 19, "value": 6.8813889503626453e-07, "supply": "[{\"l\":'Energy for power irrigation',\"v\":6.8813889503626453e-07}]"}, {"source": 59, "prod": 0, "target": 37, "value": 6.3925471123587401e-08, "supply": "[{\"l\":'Energy for power irrigation',\"v\":6.3925471123587401e-08}]"}, {"source": 59, "prod": 0, "target": 2, "value": 8.660021176330695e-06, "supply": "[{\"l\":'Energy for power irrigation',\"v\":8.660021176330695e-06}]"}, {"source": 59, "prod": 0, "target": 45, "value": 8.6487402108382962e-08, "supply": "[{\"l\":'Energy for power irrigation',\"v\":8.6487402108382962e-08}]"}, {"source": 59, "prod": 0, "target": 23, "value": 1.8049544787836444e-07, "supply": "[{\"l\":'Energy for power irrigation',\"v\":1.8049544787836444e-07}]"}, {"source": 59, "prod": 0, "target": 46, "value": 4.512386196959111e-08, "supply": "[{\"l\":'Energy for power irrigation',\"v\":4.512386196959111e-08}]"}, {"source": 59, "prod": 0, "target": 6, "value": 5.3020537814269556e-07, "supply": "[{\"l\":'Energy for power irrigation',\"v\":5.3020537814269556e-07}]"}, {"source": 59, "prod": 0, "target": 26, "value": 2.2561930984795556e-07, "supply": "[{\"l\":'Energy for power irrigation',\"v\":2.2561930984795556e-07}]"}, {"source": 59, "prod": 0, "target": 10, "value": 3.9483379223392222e-07, "supply": "[{\"l\":'Energy for power irrigation',\"v\":3.9483379223392222e-07}]"}, {"source": 59, "prod": 0, "target": 34, "value": 2.2937963167875484e-07, "supply": "[{\"l\":'Energy for power irrigation',\"v\":2.2937963167875484e-07}]"}, {"source": 59, "prod": 0, "target": 44, "value": 2.2561930984795555e-08, "supply": "[{\"l\":'Energy for power irrigation',\"v\":2.2561930984795555e-08}]"}, {"source": 59, "prod": 0, "target": 30, "value": 4.512386196959111e-08, "supply": "[{\"l\":'Energy for power irrigation',\"v\":4.512386196959111e-08}]"}, {"source": 59, "prod": 0, "target": 3, "value": 1.767351260475652e-07, "supply": "[{\"l\":'Energy for power irrigation',\"v\":1.767351260475652e-07}]"}, {"source": 59, "prod": 0, "target": 58, "value": 4.120491614096657e-07, "supply": "[{\"l\":'Energy for power irrigation',\"v\":4.120491614096657e-07}]"}, {"source": 59, "prod": 0, "target": 42, "value": 4.8884183800390368e-07, "supply": "[{\"l\":'Energy for power irrigation',\"v\":4.8884183800390368e-07}]"}, {"source": 59, "prod": 0, "target": 15, "value": 6.7309760771306745e-07, "supply": "[{\"l\":'Energy for power irrigation',\"v\":6.7309760771306745e-07}]"}, {"source": 59, "prod": 0, "target": 7, "value": 1.4289222957037186e-07, "supply": "[{\"l\":'Energy for power irrigation',\"v\":1.4289222957037186e-07}]"}, {"source": 59, "prod": 0, "target": 53, "value": 3.3842896477193336e-08, "supply": "[{\"l\":'Energy for power irrigation',\"v\":3.3842896477193336e-08}]"}, {"source": 59, "prod": 0, "target": 17, "value": 1.2033029858557631e-07, "supply": "[{\"l\":'Energy for power irrigation',\"v\":1.2033029858557631e-07}]"}, {"source": 59, "prod": 0, "target": 8, "value": 1.6489011228054752e-05, "supply": "[{\"l\":'Energy for power irrigation',\"v\":1.6489011228054752e-05}]"}, {"source": 59, "prod": 0, "target": 47, "value": 0.0068216439177165283, "supply": "[{\"l\":'Electricity',\"v\":0.0068216439177165283}]"}, {"source": 60, "prod": 0, "target": 59, "value": 0.0026164017326543959, "supply": [{"l": "Coal", "v": 0.0}, {"l": "Natural gas", "v": 0.0}, {"l": "Oil", "v": 0.0026164017326543959}]}, {"source": 61, "prod": 0, "target": 59, "value": 0.0058580374943797394, "supply": [{"l": "Nuclear", "v": 0.0}, {"l": "Hydroelectric", "v": 0.005825363181662083}, {"l": "Renewable", "v": 3.2674312717655955e-05}]}, {"source": 60, "prod": 0, "target": 0, "value": 0.023809524973896153, "supply": [{"l": "Motor Gasoline", "v": 0.0012973502330451247}, {"l": "Gas-Diesel oil", "v": 0.0054306407187427845}, {"l": "Fuel oil", "v": 0.017081534022108248}]}, {"source": 60, "prod": 0, "target": 19, "value": 0.027063000436167679, "supply": [{"l": "Motor Gasoline", "v": 0.001474627904641353}, {"l": "Gas-Diesel oil", "v": 0.006172715848011984}, {"l": "Fuel oil", "v": 0.019415656683514342}]}, {"source": 60, "prod": 0, "target": 37, "value": 0.0025140492208461777, "supply": [{"l": "Motor Gasoline", "v": 0.00013698729168799451}, {"l": "Gas-Diesel oil", "v": 0.00057342169079892746}, {"l": "Fuel oil", "v": 0.0018036402383592555}]}, {"source": 60, "prod": 0, "target": 2, "value": 0.34057972680051457, "supply": [{"l": "Motor Gasoline", "v": 0.018557748985732439}, {"l": "Gas-Diesel oil", "v": 0.077681773759407657}, {"l": "Fuel oil", "v": 0.24434020405537449}]}, {"source": 60, "prod": 0, "target": 45, "value": 0.0034013607105565931, "supply": [{"l": "Motor Gasoline", "v": 0.00018533574757787494}, {"l": "Gas-Diesel oil", "v": 0.00077580581696325482}, {"l": "Fuel oil", "v": 0.0024402191460154636}]}, {"source": 60, "prod": 0, "target": 23, "value": 0.0070984919176833253, "supply": [{"l": "Motor Gasoline", "v": 0.00038678764711904339}, {"l": "Gas-Diesel oil", "v": 0.0016190730093146189}, {"l": "Fuel oil", "v": 0.0050926312612496628}]}, {"source": 60, "prod": 0, "target": 46, "value": 0.0017746229794208313, "supply": [{"l": "Motor Gasoline", "v": 9.6696911779760848e-05}, {"l": "Gas-Diesel oil", "v": 0.00040476825232865473}, {"l": "Fuel oil", "v": 0.0012731578153124157}]}, {"source": 60, "prod": 0, "target": 6, "value": 0.020851820008194768, "supply": [{"l": "Motor Gasoline", "v": 0.00113618871341219}, {"l": "Gas-Diesel oil", "v": 0.0047560269648616932}, {"l": "Fuel oil", "v": 0.014959604329920887}]}, {"source": 60, "prod": 0, "target": 26, "value": 0.0088731148971041562, "supply": [{"l": "Motor Gasoline", "v": 0.0004834845588988042}, {"l": "Gas-Diesel oil", "v": 0.0020238412616432736}, {"l": "Fuel oil", "v": 0.0063657890765620789}]}, {"source": 60, "prod": 0, "target": 10, "value": 0.015527951069932272, "supply": [{"l": "Motor Gasoline", "v": 0.00084609797807290736}, {"l": "Gas-Diesel oil", "v": 0.0035417222078757285}, {"l": "Fuel oil", "v": 0.011140130883983638}]}, {"source": 60, "prod": 0, "target": 34, "value": 0.0090210001453892262, "supply": [{"l": "Motor Gasoline", "v": 0.00049154263488045092}, {"l": "Gas-Diesel oil", "v": 0.0020575719493373282}, {"l": "Fuel oil", "v": 0.0064718855611714471}]}, {"source": 60, "prod": 0, "target": 44, "value": 0.00088731148971041567, "supply": [{"l": "Motor Gasoline", "v": 4.8348455889880424e-05}, {"l": "Gas-Diesel oil", "v": 0.00020238412616432736}, {"l": "Fuel oil", "v": 0.00063657890765620785}]}, {"source": 60, "prod": 0, "target": 30, "value": 0.0017746229794208313, "supply": [{"l": "Motor Gasoline", "v": 9.6696911779760848e-05}, {"l": "Gas-Diesel oil", "v": 0.00040476825232865473}, {"l": "Fuel oil", "v": 0.0012731578153124157}]}, {"source": 60, "prod": 0, "target": 3, "value": 0.0069506066693982554, "supply": [{"l": "Motor Gasoline", "v": 0.00037872957113739661}, {"l": "Gas-Diesel oil", "v": 0.0015853423216205642}, {"l": "Fuel oil", "v": 0.0049865347766402954}]}, {"source": 60, "prod": 0, "target": 58, "value": 0.016204993956001633, "supply": [{"l": "Motor Gasoline", "v": 0.00088298916960178632}, {"l": "Gas-Diesel oil", "v": 0.0036961468202715863}, {"l": "Fuel oil", "v": 0.011625857966128262}]}, {"source": 60, "prod": 0, "target": 42, "value": 0.019225082277059005, "supply": [{"l": "Motor Gasoline", "v": 0.0010475498776140759}, {"l": "Gas-Diesel oil", "v": 0.0043849894002270925}, {"l": "Fuel oil", "v": 0.013792542999217838}]}, {"source": 60, "prod": 0, "target": 15, "value": 0.026471459443027399, "supply": [{"l": "Motor Gasoline", "v": 0.0014423956007147659}, {"l": "Gas-Diesel oil", "v": 0.0060377930972357659}, {"l": "Fuel oil", "v": 0.018991270745076869}]}, {"source": 60, "prod": 0, "target": 7, "value": 0.0056196394348326318, "supply": [{"l": "Motor Gasoline", "v": 0.00030620688730257598}, {"l": "Gas-Diesel oil", "v": 0.0012817661323740732}, {"l": "Fuel oil", "v": 0.0040316664151559831}]}, {"source": 60, "prod": 0, "target": 53, "value": 0.0013309672345656236, "supply": [{"l": "Motor Gasoline", "v": 7.2522683834820632e-05}, {"l": "Gas-Diesel oil", "v": 0.00030357618924649105}, {"l": "Fuel oil", "v": 0.00095486836148431188}]}, {"source": 60, "prod": 0, "target": 17, "value": 0.0047323279451222172, "supply": [{"l": "Motor Gasoline", "v": 0.00025785843141269563}, {"l": "Gas-Diesel oil", "v": 0.0010793820062097459}, {"l": "Fuel oil", "v": 0.0033950875074997759}]}, {"source": 60, "prod": 0, "target": 8, "value": 0.64847681373002874, "supply": [{"l": "Motor Gasoline", "v": 0.035334663179520942}, {"l": "Gas-Diesel oil", "v": 0.14790906553842925}, {"l": "Fuel oil", "v": 0.46523308501207861}]}, {"source": 62, "prod": 1.4331620085520214, "target": 0, "value": 0.014641386259641157, "supply": [{"l": "Potash", "v": 0.068199444499004003}, {"l": "Phosphate", "v": 0.050500000040399999}, {"l": "Nitrogen", "v": 0.6219708338309099}]}, {"source": 62, "prod": 1.6289978109628567, "target": 19, "value": 0.016642072580834357, "supply": [{"l": "Potash", "v": 0.068199444499004003}, {"l": "Phosphate", "v": 0.050500000040399999}, {"l": "Nitrogen", "v": 0.6219708338309099}]}, {"source": 62, "prod": 0.15132766549928175, "target": 37, "value": 0.0015459848845583827, "supply": [{"l": "Potash", "v": 0.068199444499004003}, {"l": "Phosphate", "v": 0.050500000040399999}, {"l": "Nitrogen", "v": 0.6219708338309099}]}, {"source": 62, "prod": 20.500447861461524, "target": 2, "value": 0.20943548171399742, "supply": [{"l": "Potash", "v": 0.068199444499004003}, {"l": "Phosphate", "v": 0.050500000040399999}, {"l": "Nitrogen", "v": 0.6219708338309099}]}, {"source": 62, "prod": 0.20473742979314588, "target": 45, "value": 0.0020916266085201649, "supply": [{"l": "Potash", "v": 0.068199444499004003}, {"l": "Phosphate", "v": 0.050500000040399999}, {"l": "Nitrogen", "v": 0.6219708338309099}]}, {"source": 62, "prod": 0.42727811435091317, "target": 23, "value": 0.0043651337916942572, "supply": [{"l": "Potash", "v": 0.068199444499004003}, {"l": "Phosphate", "v": 0.050500000040399999}, {"l": "Nitrogen", "v": 0.6219708338309099}]}, {"source": 62, "prod": 0.10681952858772829, "target": 46, "value": 0.0010912834479235643, "supply": [{"l": "Potash", "v": 0.068199444499004003}, {"l": "Phosphate", "v": 0.050500000040399999}, {"l": "Nitrogen", "v": 0.6219708338309099}]}, {"source": 62, "prod": 1.2551294609058075, "target": 6, "value": 0.012822580513101882, "supply": [{"l": "Potash", "v": 0.068199444499004003}, {"l": "Phosphate", "v": 0.050500000040399999}, {"l": "Nitrogen", "v": 0.6219708338309099}]}, {"source": 62, "prod": 0.53409764293864148, "target": 26, "value": 0.005456417239617822, "supply": [{"l": "Potash", "v": 0.068199444499004003}, {"l": "Phosphate", "v": 0.050500000040399999}, {"l": "Nitrogen", "v": 0.6219708338309099}]}, {"source": 62, "prod": 0.93467087514262248, "target": 10, "value": 0.009548730169331188, "supply": [{"l": "Potash", "v": 0.068199444499004003}, {"l": "Phosphate", "v": 0.050500000040399999}, {"l": "Nitrogen", "v": 0.6219708338309099}]}, {"source": 62, "prod": 0.54299927032095219, "target": 34, "value": 0.0055473575269447857, "supply": [{"l": "Potash", "v": 0.068199444499004003}, {"l": "Phosphate", "v": 0.050500000040399999}, {"l": "Nitrogen", "v": 0.6219708338309099}]}, {"source": 62, "prod": 0.053409764293864147, "target": 44, "value": 0.00054564172396178215, "supply": [{"l": "Potash", "v": 0.068199444499004003}, {"l": "Phosphate", "v": 0.050500000040399999}, {"l": "Nitrogen", "v": 0.6219708338309099}]}, {"source": 62, "prod": 0.10681952858772829, "target": 30, "value": 0.0010912834479235643, "supply": [{"l": "Potash", "v": 0.068199444499004003}, {"l": "Phosphate", "v": 0.050500000040399999}, {"l": "Nitrogen", "v": 0.6219708338309099}]}, {"source": 62, "prod": 0.41837648696860247, "target": 3, "value": 0.0042741935043672935, "supply": [{"l": "Potash", "v": 0.068199444499004003}, {"l": "Phosphate", "v": 0.050500000040399999}, {"l": "Nitrogen", "v": 0.6219708338309099}]}, {"source": 62, "prod": 0.97542398313359824, "target": 58, "value": 0.0099650696981605866, "supply": [{"l": "Potash", "v": 0.068199444499004003}, {"l": "Phosphate", "v": 0.050500000040399999}, {"l": "Nitrogen", "v": 0.6219708338309099}]}, {"source": 62, "prod": 1.1572115597003898, "target": 42, "value": 0.01182223735250528, "supply": [{"l": "Potash", "v": 0.068199444499004003}, {"l": "Phosphate", "v": 0.050500000040399999}, {"l": "Nitrogen", "v": 0.6219708338309099}]}, {"source": 62, "prod": 1.5933913014336138, "target": 15, "value": 0.016278311431526502, "supply": [{"l": "Potash", "v": 0.068199444499004003}, {"l": "Phosphate", "v": 0.050500000040399999}, {"l": "Nitrogen", "v": 0.6219708338309099}]}, {"source": 62, "prod": 0.33826184052780628, "target": 7, "value": 0.0034557309184246204, "supply": [{"l": "Potash", "v": 0.068199444499004003}, {"l": "Phosphate", "v": 0.050500000040399999}, {"l": "Nitrogen", "v": 0.6219708338309099}]}, {"source": 62, "prod": 0.080114646440796231, "target": 53, "value": 0.00081846258594267334, "supply": [{"l": "Potash", "v": 0.068199444499004003}, {"l": "Phosphate", "v": 0.050500000040399999}, {"l": "Nitrogen", "v": 0.6219708338309099}]}, {"source": 62, "prod": 0.28485207623394215, "target": 17, "value": 0.0029100891944628384, "supply": [{"l": "Potash", "v": 0.068199444499004003}, {"l": "Phosphate", "v": 0.050500000040399999}, {"l": "Nitrogen", "v": 0.6219708338309099}]}, {"source": 62, "prod": 39.033636071432383, "target": 8, "value": 0.3987731599287358, "supply": [{"l": "Potash", "v": 0.068199444499004003}, {"l": "Phosphate", "v": 0.050500000040399999}, {"l": "Nitrogen", "v": 0.6219708338309099}]}, {"source": 60, "prod": 0, "target": 62, "value": 0.94154726503868691, "supply": [{"l": "Natural gas (including LNG)", "v": 0.61696349146215645}, {"l": "Fuel oil", "v": 0.21463725134874273}, {"l": "Liquefied petroleum gas (LPG)", "v": 0.054973261113893855}, {"l": "Coal", "v": 0.054973261113893855}]}, {"source": 63, "prod": 0, "target": 0, "value": 0.0029885310108522943, "supply": "[{\"l\":'Labor',\"v\":0.0029885310108522943}]"}, {"source": 63, "prod": 0, "target": 6, "value": 0.0026172849225476612, "supply": "[{\"l\":'Labor',\"v\":0.0026172849225476612}]"}, {"source": 63, "prod": 0, "target": 10, "value": 0.001949041963599322, "supply": "[{\"l\":'Labor',\"v\":0.001949041963599322}]"}, {"source": 63, "prod": 0, "target": 14, "value": 0.00011137382649138983, "supply": "[{\"l\":'Labor',\"v\":0.00011137382649138983}]"}, {"source": 63, "prod": 0, "target": 17, "value": 0.00059399374128741255, "supply": "[{\"l\":'Labor',\"v\":0.00059399374128741255}]"}, {"source": 63, "prod": 0, "target": 19, "value": 0.0033969017079873904, "supply": "[{\"l\":'Labor',\"v\":0.0033969017079873904}]"}, {"source": 63, "prod": 0, "target": 15, "value": 0.0033226524903264636, "supply": "[{\"l\":'Labor',\"v\":0.0033226524903264636}]"}, {"source": 63, "prod": 0, "target": 21, "value": 0.0013921728311423729, "supply": "[{\"l\":'Labor',\"v\":0.0013921728311423729}]"}, {"source": 63, "prod": 0, "target": 23, "value": 0.00089099061193111866, "supply": "[{\"l\":'Labor',\"v\":0.00089099061193111866}]"}, {"source": 63, "prod": 0, "target": 26, "value": 0.0011137382649138983, "supply": "[{\"l\":'Labor',\"v\":0.0011137382649138983}]"}, {"source": 63, "prod": 0, "target": 27, "value": 1.8562304415231642e-05, "supply": "[{\"l\":'Labor',\"v\":1.8562304415231642e-05}]"}, {"source": 63, "prod": 0, "target": 30, "value": 0.00022274765298277966, "supply": "[{\"l\":'Labor',\"v\":0.00022274765298277966}]"}, {"source": 63, "prod": 0, "target": 46, "value": 0.00022274765298277966, "supply": "[{\"l\":'Labor',\"v\":0.00022274765298277966}]"}, {"source": 63, "prod": 0, "target": 3, "value": 0.00087242830751588707, "supply": "[{\"l\":'Labor',\"v\":0.00087242830751588707}]"}, {"source": 63, "prod": 0, "target": 58, "value": 0.0020340232331926282, "supply": "[{\"l\":'Labor',\"v\":0.0020340232331926282}]"}, {"source": 63, "prod": 0, "target": 37, "value": 0.00031555917505893786, "supply": "[{\"l\":'Labor',\"v\":0.00031555917505893786}]"}, {"source": 63, "prod": 0, "target": 34, "value": 0.00113230056932913, "supply": "[{\"l\":'Labor',\"v\":0.00113230056932913}]"}, {"source": 63, "prod": 0, "target": 35, "value": 1.8562304415231642e-05, "supply": "[{\"l\":'Labor',\"v\":1.8562304415231642e-05}]"}, {"source": 63, "prod": 0, "target": 7, "value": 0.00070536756777880231, "supply": "[{\"l\":'Labor',\"v\":0.00070536756777880231}]"}, {"source": 63, "prod": 0, "target": 8, "value": 0.081395704860790744, "supply": "[{\"l\":'Labor',\"v\":0.081395704860790744}]"}, {"source": 63, "prod": 0, "target": 2, "value": 0.042748987068278468, "supply": "[{\"l\":'Labor',\"v\":0.042748987068278468}]"}, {"source": 63, "prod": 0, "target": 42, "value": 0.0024130995739801132, "supply": "[{\"l\":'Labor',\"v\":0.0024130995739801132}]"}, {"source": 63, "prod": 0, "target": 53, "value": 0.00016706073973708475, "supply": "[{\"l\":'Labor',\"v\":0.00016706073973708475}]"}, {"source": 63, "prod": 0, "target": 44, "value": 0.00011137382649138983, "supply": "[{\"l\":'Labor',\"v\":0.00011137382649138983}]"}, {"source": 63, "prod": 0, "target": 45, "value": 0.00042693300155032768, "supply": "[{\"l\":'Labor',\"v\":0.00042693300155032768}]"}, {"source": 60, "prod": 0, "target": 50, "value": 0.32280849523517241, "supply": "[{\"l\":'Fossil Fuels',\"v\":0.32280849523517241}]"}, {"source": 61, "prod": 0, "target": 50, "value": 0.2212412407898719, "supply": "[{\"l\":'Renewables & Nuclear',\"v\":0.063718788199118845},{\"l\":'Biomass & Waste',\"v\":0.15752245259075306}]"}]}