{"nodes": [{"layer": 5, "name": "Fruits, Roots & Vegetables", "fill": "#98df8a"}, {"layer": 10, "name": "Feed", "fill": "#dbdb8d"}, {"layer": 5, "name": "Sugar Crops", "fill": "#ffbb78"}, {"layer": 5, "name": "Cereals", "fill": "#e7ba52"}, {"layer": 13, "name": "Other Processed", "fill": "#9c9ede"}, {"layer": 16, "name": "Food", "fill": "#b5cf6b"}, {"layer": 13, "name": "Animal Products", "fill": "#17becf"}, {"layer": 5, "name": "Oilcrops", "fill": "#ff9896"}, {"layer": 13, "name": "Sugar", "fill": "#d6616b"}, {"layer": 13, "name": "Aquatic Products", "fill": "#1f77b4"}, {"layer": 13, "name": "Vegetable Oils", "fill": "#f7b6d2"}, {"layer": 10, "name": "Processing", "fill": "#9edae5"}, {"layer": 16, "name": "Biofuels & Other", "fill": "#e7ba52"}, {"name": "Seed", "fill": "#dbdb8d"}, {"name": "Waste", "fill": "#c7c7c7"}, {"layer": 0, "name": "Import", "fill": "#aec7e8"}, {"layer": 16, "name": "Export", "fill": "#aec7e8"}, {"layer": 16, "name": "Stock Deposit", "fill": "#c7c7c7"}, {"layer": 0, "name": "Stock Draw", "fill": "#c7c7c7"}, {"layer": 0, "name": "Production", "fill": "#b5cf6b"}], "links": [{"source": 0, "prod": 0.033639787374932138, "target": 1, "value": 46.0, "supply": [{"l": "Bananas", "v": 43.0}, {"l": "Plantains", "v": 2.0}, {"l": "Potatoes", "v": 1.0}]}, {"source": 2, "prod": 0.0029053345952053233, "target": 1, "value": 9.0, "supply": [{"l": "Sugar cane", "v": 9.0}]}, {"source": 3, "prod": 0.083460939200983714, "target": 1, "value": 21.0, "supply": [{"l": "Maize", "v": 12.0}, {"l": "Sorghum", "v": 9.0}]}, {"source": 4, "prod": 0.042810612500515675, "target": 5, "value": 16.0, "supply": [{"l": "Fats, Animals, Raw", "v": 2.0}, {"l": "Beer", "v": 9.0}, {"l": "Butter, Ghee", "v": 1.0}, {"l": "Beverages, Alcoholic", "v": 4.0}]}, {"source": 6, "prod": 0.13782388382279762, "target": 5, "value": 164.0, "supply": [{"l": "Pigmeat", "v": 5.0}, {"l": "Milk - Excluding Butter", "v": 123.0}, {"l": "Bovine Meat", "v": 23.0}, {"l": "Eggs", "v": 8.0}, {"l": "Poultry Meat", "v": 2.0}, {"l": "Offals, Edible", "v": 3.0}]}, {"source": 3, "prod": 0.49468513678327031, "target": 5, "value": 136.0, "supply": [{"l": "Maize", "v": 41.0}, {"l": "Rice", "v": 39.0}, {"l": "Cereals, Other", "v": 2.0}, {"l": "Wheat", "v": 54.0}]}, {"source": 7, "prod": 0.0031917418485338349, "target": 5, "value": 2.0, "supply": [{"l": "Coconuts - Incl Copra", "v": 2.0}]}, {"source": 0, "prod": 0.15935454336779964, "target": 5, "value": 181.0, "supply": [{"l": "Potatoes", "v": 12.0}, {"l": "Fruits, Other", "v": 17.0}, {"l": "Beans", "v": 14.0}, {"l": "Tomatoes", "v": 8.0}, {"l": "Coffee", "v": 2.0}, {"l": "Pineapples", "v": 3.0}, {"l": "Bananas", "v": 43.0}, {"l": "Vegetables, Other", "v": 16.0}, {"l": "Oranges, Mandarines", "v": 34.0}, {"l": "Plantains", "v": 24.0}, {"l": "Onions", "v": 2.0}, {"l": "Cassava", "v": 6.0}]}, {"source": 8, "prod": 0.26421414466746723, "target": 5, "value": 64.0, "supply": [{"l": "Sugar non-centrifugal", "v": 20.0}, {"l": "Sugar", "v": 44.0}]}, {"source": 9, "prod": 0.0059426254449106968, "target": 5, "value": 6.0, "supply": [{"l": "Crustaceans", "v": 1.0}, {"l": "Fish, Seafood", "v": 3.0}, {"l": "Marine Fish, Other", "v": 2.0}]}, {"source": 10, "prod": 0.12304806933695095, "target": 5, "value": 12.0, "supply": [{"l": "Coconut Oil", "v": 1.0}, {"l": "Cottonseed Oil", "v": 3.0}, {"l": "Palm Oil", "v": 8.0}]}, {"source": 2, "prod": 0.28956501465546386, "target": 11, "value": 897.0, "supply": [{"l": "Sugar cane", "v": 897.0}]}, {"source": 3, "prod": 0.0094333703523333343, "target": 11, "value": 2.0, "supply": [{"l": "Barley", "v": 2.0}]}, {"source": 7, "prod": 0.12007573720361532, "target": 11, "value": 35.15094339622641, "supply": [{"l": "Coconuts - Incl Copra", "v": 5.0}, {"l": "Cottonseed", "v": 4.0}, {"l": "Palm kernels", "v": 2.0}, {"l": "Oil Palm", "v": 24.150943396226413}]}, {"source": 8, "prod": 0.0041283460104291755, "target": 11, "value": 1.0, "supply": [{"l": "Sugar non-centrifugal", "v": 1.0}]}, {"source": 4, "prod": 0.025470099951300004, "target": 12, "value": 3.0, "supply": [{"l": "Fats, Animals, Raw", "v": 3.0}]}, {"source": 10, "prod": 0.0094333703523333343, "target": 12, "value": 1.0, "supply": [{"l": "Palmkernel Oil", "v": 1.0}]}, {"source": 8, "prod": 0.016513384041716702, "target": 12, "value": 4.0, "supply": [{"l": "Sugar", "v": 4.0}]}, {"source": 0, "prod": 0.0095250102023611768, "target": 13, "value": 4.0, "supply": [{"l": "Beans", "v": 2.0}, {"l": "Potatoes", "v": 2.0}]}, {"source": 2, "prod": 0.0090388187406387835, "target": 13, "value": 28.0, "supply": [{"l": "Sugar cane", "v": 28.0}]}, {"source": 3, "prod": 0.011910953242071518, "target": 13, "value": 3.0, "supply": [{"l": "Maize", "v": 1.0}, {"l": "Rice", "v": 2.0}]}, {"source": 0, "prod": 0.083221447278755925, "target": 14, "value": 115.0, "supply": [{"l": "Coffee", "v": 1.0}, {"l": "Pineapples", "v": 1.0}, {"l": "Bananas", "v": 94.0}, {"l": "Potatoes", "v": 2.0}, {"l": "Vegetables, Other", "v": 2.0}, {"l": "Fruits, Other", "v": 2.0}, {"l": "Beans", "v": 1.0}, {"l": "Oranges, Mandarines", "v": 6.0}, {"l": "Plantains", "v": 5.0}, {"l": "Tomatoes", "v": 1.0}]}, {"source": 2, "prod": 0.049067873163467682, "target": 14, "value": 152.0, "supply": [{"l": "Sugar cane", "v": 152.0}]}, {"source": 6, "prod": 0.0039412720110795808, "target": 14, "value": 6.0, "supply": [{"l": "Milk - Excluding Butter", "v": 6.0}]}, {"source": 3, "prod": 0.019874059805181352, "target": 14, "value": 5.0, "supply": [{"l": "Maize", "v": 3.0}, {"l": "Rice", "v": 1.0}, {"l": "Sorghum", "v": 1.0}]}, {"source": 7, "prod": 0.0015958709242669174, "target": 14, "value": 1.0, "supply": [{"l": "Coconuts - Incl Copra", "v": 1.0}]}, {"source": 15, "prod": 0.059641432530634503, "target": 11, "value": 6.0, "supply": [{"l": "Fats, Animals, Raw", "v": 1.0}, {"l": "Cottonseed Oil", "v": 2.0}, {"l": "Palm Oil", "v": 3.0}]}, {"source": 15, "prod": 0.18625152336177836, "target": 3, "value": 58.0, "supply": [{"l": "Cereals, Other", "v": 2.0}, {"l": "Wheat", "v": 54.0}, {"l": "Barley", "v": 2.0}]}, {"source": 15, "prod": 0.0015958709242669174, "target": 7, "value": 1.0, "supply": [{"l": "Cottonseed", "v": 1.0}]}, {"source": 15, "prod": 0.004657608676191291, "target": 0, "value": 2.0, "supply": [{"l": "Fruits, Other", "v": 1.0}, {"l": "Beans", "v": 1.0}]}, {"source": 15, "prod": 0.0061830488495079935, "target": 1, "value": 7.0, "supply": [{"l": "Milk - Excluding Butter", "v": 3.0}, {"l": "Fish, Seafood", "v": 2.0}, {"l": "Marine Fish, Other", "v": 2.0}]}, {"source": 0, "prod": 0.27765082880454961, "target": 16, "value": 363.0, "supply": [{"l": "Coffee", "v": 58.0}, {"l": "Bananas", "v": 292.0}, {"l": "Cocoa Beans", "v": 12.0}, {"l": "Plantains", "v": 1.0}]}, {"source": 9, "prod": 0.0017302126009424938, "target": 16, "value": 2.0, "supply": [{"l": "Fish, Seafood", "v": 1.0}, {"l": "Crustaceans", "v": 1.0}]}, {"source": 6, "prod": 0.00554973893763922, "target": 16, "value": 4.0, "supply": [{"l": "Bovine Meat", "v": 4.0}]}, {"source": 3, "prod": 0.0039646999802583002, "target": 16, "value": 1.0, "supply": [{"l": "Rice", "v": 1.0}]}, {"source": 8, "prod": 0.090823612229441852, "target": 16, "value": 22.0, "supply": [{"l": "Sugar", "v": 22.0}]}, {"source": 0, "prod": 0.0039282243705985077, "target": 17, "value": 1.0, "supply": [{"l": "Beans", "v": 1.0}]}, {"source": 18, "prod": 0.003859106053227273, "target": 0, "value": 6.0, "supply": [{"l": "Coffee", "v": 6.0}]}, {"source": 18, "prod": 0.0013137573370265272, "target": 1, "value": 2.0, "supply": [{"l": "Milk - Excluding Butter", "v": 2.0}]}, {"source": 18, "prod": 0.016513384041716702, "target": 11, "value": 4.0, "supply": [{"l": "Sugar", "v": 4.0}]}, {"source": 19, "prod": 0.43707763600232019, "target": 3, "value": 110.0, "supply": [{"l": "Maize", "v": 57.0}, {"l": "Rice", "v": 43.0}, {"l": "Sorghum", "v": 10.0}]}, {"source": 19, "prod": 0.12326747905214916, "target": 7, "value": 37.15094339622641, "supply": [{"l": "Cottonseed", "v": 3.0}, {"l": "Coconuts - Incl Copra", "v": 8.0}, {"l": "Palm kernels", "v": 2.0}, {"l": "Oil Palm", "v": 24.150943396226413}]}, {"source": 19, "prod": 0.56103244235327343, "target": 0, "value": 703.0, "supply": [{"l": "Cocoa Beans", "v": 13.0}, {"l": "Potatoes", "v": 17.0}, {"l": "Fruits, Other", "v": 18.0}, {"l": "Pineapples", "v": 4.0}, {"l": "Beans", "v": 17.0}, {"l": "Tomatoes", "v": 9.0}, {"l": "Coffee", "v": 55.0}, {"l": "Bananas", "v": 473.0}, {"l": "Vegetables, Other", "v": 18.0}, {"l": "Oranges, Mandarines", "v": 40.0}, {"l": "Plantains", "v": 31.0}, {"l": "Onions", "v": 2.0}, {"l": "Cassava", "v": 6.0}]}, {"source": 19, "prod": 0.35057704115477573, "target": 2, "value": 1086.0, "supply": [{"l": "Sugar cane", "v": 1086.0}]}, {"source": 1, "prod": 0.0076728380458531906, "target": 9, "value": 8.0, "supply": [{"l": "Crustaceans", "v": 2.0}, {"l": "Marine Fish, Other", "v": 2.0}, {"l": "Fish, Seafood", "v": 4.0}]}, {"source": 1, "prod": 0.14731489477151641, "target": 6, "value": 174.0, "supply": [{"l": "Poultry Meat", "v": 2.0}, {"l": "Pigmeat", "v": 5.0}, {"l": "Bovine Meat", "v": 27.0}, {"l": "Eggs", "v": 8.0}, {"l": "Milk - Excluding Butter", "v": 129.0}, {"l": "Offals, Edible", "v": 3.0}]}, {"source": 11, "prod": 0.068280712451815676, "target": 4, "value": 19.0, "supply": [{"l": "Fats, Animals, Raw", "v": 5.0}, {"l": "Beer", "v": 9.0}, {"l": "Beverages, Alcoholic", "v": 4.0}, {"l": "Butter, Ghee", "v": 1.0}]}, {"source": 11, "prod": 0.13248143968928427, "target": 10, "value": 13.0, "supply": [{"l": "Cottonseed Oil", "v": 3.0}, {"l": "Palm Oil", "v": 8.0}, {"l": "Coconut Oil", "v": 1.0}, {"l": "Palmkernel Oil", "v": 1.0}]}, {"source": 11, "prod": 0.37567948694905495, "target": 8, "value": 91.0, "supply": [{"l": "Sugar non-centrifugal", "v": 21.0}, {"l": "Sugar", "v": 70.0}]}]}