{"nodes": [{"layer": 5, "name": "Sugar Crops", "fill": "#ffbb78"}, {"layer": 10, "name": "Feed", "fill": "#dbdb8d"}, {"layer": 13, "name": "Other Processed", "fill": "#9c9ede"}, {"layer": 16, "name": "Food", "fill": "#b5cf6b"}, {"layer": 13, "name": "Animal Products", "fill": "#17becf"}, {"layer": 5, "name": "Cereals", "fill": "#e7ba52"}, {"layer": 5, "name": "Oilcrops", "fill": "#ff9896"}, {"layer": 13, "name": "Sugar", "fill": "#d6616b"}, {"layer": 5, "name": "Starchy Roots"}, {"layer": 5, "name": "Fruits & Vegetables"}, {"layer": 13, "name": "Aquatic Products", "fill": "#1f77b4"}, {"layer": 13, "name": "Vegetable Oils", "fill": "#f7b6d2"}, {"layer": 10, "name": "Processing", "fill": "#9edae5"}, {"layer": 5, "name": "Others"}, {"layer": 16, "name": "Biofuels & Other", "fill": "#e7ba52"}, {"name": "Waste", "fill": "#c7c7c7"}, {"layer": 2, "name": "Import", "fill": "#aec7e8"}, {"layer": 16, "name": "Export", "fill": "#aec7e8"}, {"layer": 2, "name": "Electricity", "fill": "#bcbd22"}, {"layer": 0, "name": "Fossil Fuels", "fill": "#c49c94"}, {"layer": 0, "name": "Renewables & Nuclear", "fill": "#2ca02c"}, {"layer": 2, "name": "Fertilizers", "fill": "#c5b0d5"}, {"layer": 0, "name": "Labor", "fill": "#7f7f7f"}], "links": [{"source": 0, "prod": 4.0, "target": 1, "value": 0.0012560910085823807, "supply": [{"l": "Sugar cane", "v": 0.0012560910085823807}]}, {"source": 2, "prod": 17.0, "target": 3, "value": 0.011556212274569263, "supply": [{"l": "Beer", "v": 0.0029589928451018771}, {"l": "Wine", "v": 0.008597219429467385}]}, {"source": 4, "prod": 33.0, "target": 3, "value": 0.044795724636119631, "supply": [{"l": "Pigmeat", "v": 0.0070218320667744362}, {"l": "Milk - Excluding Butter", "v": 0.0033576402948983053}, {"l": "Meat, Other", "v": 0.024257238048857144}, {"l": "Bovine Meat", "v": 0.010159014225589742}]}, {"source": 5, "prod": 19.0, "target": 3, "value": 0.065586385305480943, "supply": [{"l": "Maize", "v": 0.029627975505422292}, {"l": "Rice", "v": 0.0085703806355583584}, {"l": "Wheat", "v": 0.027388029164500297}]}, {"source": 6, "prod": 2.0, "target": 3, "value": 0.012735049975650002, "supply": [{"l": "Groundnuts", "v": 0.012735049975650002}]}, {"source": 0, "prod": 8.0, "target": 3, "value": 0.0025121820171647613, "supply": [{"l": "Sugar cane", "v": 0.0025121820171647613}]}, {"source": 7, "prod": 3.0, "target": 3, "value": 0.010541791368732501, "supply": [{"l": "Sugar", "v": 0.0088437847053125015}, {"l": "Sweeteners, Other", "v": 0.0016980066634200001}]}, {"source": 8, "prod": 155.0, "target": 3, "value": 0.18392831380107494, "supply": [{"l": "Roots, Other", "v": 0.012456628951196549}, {"l": "Potatoes", "v": 0.00084338079308940396}, {"l": "Yams", "v": 0.029015834986671228}, {"l": "Sweet potatoes", "v": 0.0022741160670803574}, {"l": "Cassava", "v": 0.1393383530030374}]}, {"source": 9, "prod": 126.0, "target": 3, "value": 0.10621118737447022, "supply": [{"l": "Fruits, Other", "v": 0.0029991965522364133}, {"l": "Plantains", "v": 0.093060444294410197}, {"l": "Bananas", "v": 0.0035523151954393304}, {"l": "Vegetables, Other", "v": 0.00659923133238427}]}, {"source": 10, "prod": 28.0, "target": 3, "value": 0.024975204845270806, "supply": [{"l": "Freshwater Fish", "v": 0.0016018930786981134}, {"l": "Fish, Seafood", "v": 0.012231403931415257}, {"l": "Pelagic Fish", "v": 0.0082216866016301283}, {"l": "Demersal Fish", "v": 0.0013183281548291926}, {"l": "Marine Fish, Other", "v": 0.0016018930786981134}]}, {"source": 11, "prod": 2.0, "target": 3, "value": 0.020608027540496392, "supply": [{"l": "Groundnut Oil", "v": 0.010395959163795918}, {"l": "Palm Oil", "v": 0.010212068376700472}]}, {"source": 5, "prod": 1.0, "target": 12, "value": 0.0030029056748585208, "supply": [{"l": "Barley", "v": 0.0030029056748585208}]}, {"source": 13, "prod": 1.0, "target": 14, "value": 0.0070750277642500003, "supply": [{"l": "Cocoa Beans", "v": 0.0070750277642500003}]}, {"source": 8, "prod": 5.0, "target": 8, "value": 0.0053983046524307861, "supply": [{"l": "Roots, Other", "v": 0.0019164044540302383}, {"l": "Yams", "v": 0.0034819001984005473}]}, {"source": 8, "prod": 34.0, "target": 15, "value": 0.039233074226294642, "supply": [{"l": "Roots, Other", "v": 0.0057492133620907146}, {"l": "Yams", "v": 0.013927600793602189}, {"l": "Cassava", "v": 0.019556260070601739}]}, {"source": 9, "prod": 15.0, "target": 15, "value": 0.012342286257058958, "supply": [{"l": "Bananas", "v": 0.00071046303908786624}, {"l": "Plantains", "v": 0.010340049366045578}, {"l": "Vegetables, Other", "v": 0.00079190775988611237}, {"l": "Fruits, Other", "v": 0.00049986609203940221}]}, {"source": 16, "prod": 18.0, "target": 12, "value": 0.031014466384546743, "supply": [{"l": "Sweeteners, Other", "v": 0.0016980066634200001}, {"l": "Sugar", "v": 0.0088437847053125015}, {"l": "Beer", "v": 0.0014794964225509385}, {"l": "Groundnut Oil", "v": 0.010395959163795918}, {"l": "Wine", "v": 0.008597219429467385}]}, {"source": 16, "prod": 12.0, "target": 5, "value": 0.037719239508749142, "supply": [{"l": "Wheat", "v": 0.030431143516111443}, {"l": "Barley", "v": 0.0030029056748585208}, {"l": "Rice", "v": 0.0042851903177791792}]}, {"source": 16, "prod": 18.0, "target": 1, "value": 0.018933803416759168, "supply": [{"l": "Pelagic Fish", "v": 0.0020554216504075321}, {"l": "Milk - Excluding Butter", "v": 0.0033576402948983053}, {"l": "Demersal Fish", "v": 0.0013183281548291926}, {"l": "Fish, Seafood", "v": 0.0034946868375472164}, {"l": "Bovine Meat", "v": 0.0087077264790769229}]}, {"source": 16, "prod": 1.0, "target": 9, "value": 0.00026396925329537081, "supply": [{"l": "Vegetables, Other", "v": 0.00026396925329537081}]}, {"source": 16, "prod": 2.0, "target": 8, "value": 0.0018015830201045231, "supply": [{"l": "Roots, Other", "v": 0.00095820222701511917}, {"l": "Potatoes", "v": 0.00084338079308940396}]}, {"source": 11, "prod": 1.0, "target": 17, "value": 0.010212068376700472, "supply": [{"l": "Palm Oil", "v": 0.010212068376700472}]}, {"source": 13, "prod": 5.0, "target": 17, "value": 0.028851411921746756, "supply": [{"l": "Coffee", "v": 0.00055130086474675327}, {"l": "Cocoa Beans", "v": 0.028300111057000001}]}, {"source": 1, "prod": 28.0, "target": 10, "value": 0.024975204845270806, "supply": [{"l": "Marine Fish, Other", "v": 0.0016018930786981134}, {"l": "Freshwater Fish", "v": 0.0016018930786981134}, {"l": "Pelagic Fish", "v": 0.0082216866016301283}, {"l": "Demersal Fish", "v": 0.0013183281548291926}, {"l": "Fish, Seafood", "v": 0.012231403931415257}]}, {"source": 1, "prod": 33.0, "target": 4, "value": 0.044795724636119631, "supply": [{"l": "Milk - Excluding Butter", "v": 0.0033576402948983053}, {"l": "Bovine Meat", "v": 0.010159014225589742}, {"l": "Pigmeat", "v": 0.0070218320667744362}, {"l": "Meat, Other", "v": 0.024257238048857144}]}, {"source": 12, "prod": 17.0, "target": 2, "value": 0.011556212274569263, "supply": [{"l": "Beer", "v": 0.0029589928451018771}, {"l": "Wine", "v": 0.008597219429467385}]}, {"source": 12, "prod": 3.0, "target": 11, "value": 0.030820095917196866, "supply": [{"l": "Palm Oil", "v": 0.020424136753400945}, {"l": "Groundnut Oil", "v": 0.010395959163795918}]}, {"source": 12, "prod": 3.0, "target": 7, "value": 0.010541791368732501, "supply": [{"l": "Sweeteners, Other", "v": 0.0016980066634200001}, {"l": "Sugar", "v": 0.0088437847053125015}]}, {"source": 18, "prod": 0, "target": 5, "value": 9.1320378752964769e-05, "supply": "[{\"l\":'Energy for power irrigation',\"v\":9.1320378752964769e-05}]"}, {"source": 18, "prod": 0, "target": 6, "value": 7.5813144625102829e-05, "supply": "[{\"l\":'Energy for power irrigation',\"v\":7.5813144625102829e-05}]"}, {"source": 18, "prod": 0, "target": 0, "value": 7.8274610359684089e-05, "supply": "[{\"l\":'Energy for power irrigation',\"v\":7.8274610359684089e-05}]"}, {"source": 18, "prod": 0, "target": 8, "value": 0.0012589166499515857, "supply": "[{\"l\":'Energy for power irrigation',\"v\":0.0012589166499515857}]"}, {"source": 18, "prod": 0, "target": 9, "value": 0.00091646522962796789, "supply": "[{\"l\":'Energy for power irrigation',\"v\":0.00091646522962796789}]"}, {"source": 18, "prod": 0, "target": 13, "value": 3.9137305179842045e-05, "supply": "[{\"l\":'Energy for power irrigation',\"v\":3.9137305179842045e-05}]"}, {"source": 18, "prod": 0, "target": 12, "value": 0.00067950000000000009, "supply": "[{\"l\":'Electricity',\"v\":0.00067950000000000009}]"}, {"source": 19, "prod": 0, "target": 18, "value": 0.0080754429683624358, "supply": [{"l": "Coal", "v": 0.0}, {"l": "Natural gas", "v": 0.0}, {"l": "Oil", "v": 0.0080754429683624358}]}, {"source": 20, "prod": 0, "target": 18, "value": 7.0758990519421587e-05, "supply": [{"l": "Nuclear", "v": 0.0}, {"l": "Hydroelectric", "v": 7.0758990519421587e-05}, {"l": "Renewable", "v": 0.0}]}, {"source": 19, "prod": 0, "target": 5, "value": 0.0031039121698099312, "supply": [{"l": "Gas-Diesel oil", "v": 0.0031039121698099312}]}, {"source": 19, "prod": 0, "target": 6, "value": 0.0025768327447478674, "supply": [{"l": "Gas-Diesel oil", "v": 0.0025768327447478674}]}, {"source": 19, "prod": 0, "target": 0, "value": 0.0026604961455513692, "supply": [{"l": "Gas-Diesel oil", "v": 0.0026604961455513692}]}, {"source": 19, "prod": 0, "target": 8, "value": 0.042789646340951192, "supply": [{"l": "Gas-Diesel oil", "v": 0.042789646340951192}]}, {"source": 19, "prod": 0, "target": 9, "value": 0.031149975704163949, "supply": [{"l": "Gas-Diesel oil", "v": 0.031149975704163949}]}, {"source": 19, "prod": 0, "target": 13, "value": 0.0013302480727756846, "supply": [{"l": "Gas-Diesel oil", "v": 0.0013302480727756846}]}, {"source": 21, "prod": 0.0022827471626355061, "target": 5, "value": 1.6014551699153826e-05, "supply": [{"l": "Potash", "v": 7.2004242994241194e-05}, {"l": "Phosphate", "v": 7.5465110683270908e-05}, {"l": "Nitrogen", "v": 0.00028391993484922249}]}, {"source": 21, "prod": 0.0018951108519992879, "target": 6, "value": 1.3295099523825818e-05, "supply": [{"l": "Potash", "v": 7.2004242994241194e-05}, {"l": "Phosphate", "v": 7.5465110683270908e-05}, {"l": "Nitrogen", "v": 0.00028391993484922249}]}, {"source": 21, "prod": 0.001956640425116148, "target": 0, "value": 1.3726758599274706e-05, "supply": [{"l": "Potash", "v": 7.2004242994241194e-05}, {"l": "Phosphate", "v": 7.5465110683270908e-05}, {"l": "Nitrogen", "v": 0.00028391993484922249}]}, {"source": 21, "prod": 0.031469300170618046, "target": 8, "value": 0.00022077203413833487, "supply": [{"l": "Potash", "v": 7.2004242994241194e-05}, {"l": "Phosphate", "v": 7.5465110683270908e-05}, {"l": "Nitrogen", "v": 0.00028391993484922249}]}, {"source": 21, "prod": 0.022908998310734896, "target": 9, "value": 0.00016071746526650802, "supply": [{"l": "Potash", "v": 7.2004242994241194e-05}, {"l": "Phosphate", "v": 7.5465110683270908e-05}, {"l": "Nitrogen", "v": 0.00028391993484922249}]}, {"source": 21, "prod": 0.00097832021255807398, "target": 13, "value": 6.8633792996373531e-06, "supply": [{"l": "Potash", "v": 7.2004242994241194e-05}, {"l": "Phosphate", "v": 7.5465110683270908e-05}, {"l": "Nitrogen", "v": 0.00028391993484922249}]}, {"source": 19, "prod": 0, "target": 21, "value": 0.00057980439811229395, "supply": [{"l": "Natural gas (including LNG)", "v": 0.00037142947162105097}, {"l": "Fuel oil", "v": 0.00015818606275378594}, {"l": "Liquefied petroleum gas (LPG)", "v": 2.5094431868728527e-05}, {"l": "Coal", "v": 2.5094431868728527e-05}]}, {"source": 22, "prod": 0, "target": 5, "value": 0.0032514067089119011, "supply": "[{\"l\":'Labor',\"v\":0.0032514067089119011}]"}, {"source": 22, "prod": 0, "target": 6, "value": 0.0026992810413608236, "supply": "[{\"l\":'Labor',\"v\":0.0026992810413608236}]"}, {"source": 22, "prod": 0, "target": 0, "value": 0.0027869200362102007, "supply": "[{\"l\":'Labor',\"v\":0.0027869200362102007}]"}, {"source": 22, "prod": 0, "target": 8, "value": 0.044822963915714061, "supply": "[{\"l\":'Labor',\"v\":0.044822963915714061}]"}, {"source": 22, "prod": 0, "target": 9, "value": 0.032630188757294433, "supply": "[{\"l\":'Labor',\"v\":0.032630188757294433}]"}, {"source": 22, "prod": 0, "target": 13, "value": 0.0013934600181051003, "supply": "[{\"l\":'Labor',\"v\":0.0013934600181051003}]"}, {"source": 19, "prod": 0, "target": 16, "value": 0.37364597550893353, "supply": "[{\"l\":'Fossil Fuels',\"v\":0.37364597550893353}]"}, {"source": 20, "prod": 0, "target": 16, "value": 0.27798095547402141, "supply": "[{\"l\":'Renewables & Nuclear',\"v\":0.00015364273448334446},{\"l\":'Biomass & Waste',\"v\":0.27782731273953809}]"}]}