{"nodes": [{"layer": 5, "name": "Sugar Crops", "fill": "#ffbb78"}, {"layer": 10, "name": "Feed", "fill": "#dbdb8d"}, {"layer": 13, "name": "Other Processed", "fill": "#9c9ede"}, {"layer": 16, "name": "Food", "fill": "#b5cf6b"}, {"layer": 13, "name": "Animal Products", "fill": "#17becf"}, {"layer": 5, "name": "Cereals", "fill": "#e7ba52"}, {"layer": 5, "name": "Oilcrops", "fill": "#ff9896"}, {"layer": 13, "name": "Sugar", "fill": "#d6616b"}, {"layer": 5, "name": "Starchy Roots"}, {"layer": 5, "name": "Fruits & Vegetables"}, {"layer": 13, "name": "Aquatic Products", "fill": "#1f77b4"}, {"layer": 13, "name": "Vegetable Oils", "fill": "#f7b6d2"}, {"layer": 10, "name": "Processing", "fill": "#9edae5"}, {"name": "Waste", "fill": "#c7c7c7"}, {"layer": 2, "name": "Import", "fill": "#aec7e8"}, {"layer": 5, "name": "Others"}, {"layer": 16, "name": "Export", "fill": "#aec7e8"}, {"layer": 16, "name": "Stock Deposit", "fill": "#c7c7c7"}, {"layer": 2, "name": "Electricity", "fill": "#bcbd22"}, {"layer": 0, "name": "Fossil Fuels", "fill": "#c49c94"}, {"layer": 0, "name": "Renewables & Nuclear", "fill": "#2ca02c"}, {"layer": 2, "name": "Fertilizers", "fill": "#c5b0d5"}, {"layer": 0, "name": "Labor", "fill": "#7f7f7f"}], "links": [{"source": 0, "prod": 3.0, "target": 1, "value": 0.0010131304674343676, "supply": [{"l": "Sugar cane", "v": 0.0010131304674343676}]}, {"source": 2, "prod": 23.0, "target": 3, "value": 0.014360171296466179, "supply": [{"l": "Beer", "v": 0.0064739938522384724}, {"l": "Wine", "v": 0.0078861774442277061}]}, {"source": 4, "prod": 25.0, "target": 3, "value": 0.032521803591714436, "supply": [{"l": "Pigmeat", "v": 0.0036623673132588235}, {"l": "Milk - Excluding Butter", "v": 0.0017282510569160306}, {"l": "Meat, Other", "v": 0.020771609703112613}, {"l": "Bovine Meat", "v": 0.0063595755184269655}]}, {"source": 5, "prod": 16.0, "target": 3, "value": 0.056155235591201245, "supply": [{"l": "Maize", "v": 0.029474014834093176}, {"l": "Rice", "v": 0.0084716167589284162}, {"l": "Wheat", "v": 0.018209603998179655}]}, {"source": 6, "prod": 1.0, "target": 3, "value": 0.0064598079586630445, "supply": [{"l": "Groundnuts", "v": 0.0064598079586630445}]}, {"source": 0, "prod": 6.0, "target": 3, "value": 0.0020262609348687352, "supply": [{"l": "Sugar cane", "v": 0.0020262609348687352}]}, {"source": 7, "prod": 1.0, "target": 3, "value": 0.0043274441664830094, "supply": [{"l": "Sugar", "v": 0.0043274441664830094}]}, {"source": 8, "prod": 145.0, "target": 3, "value": 0.17178417047438294, "supply": [{"l": "Roots, Other", "v": 0.0064272061881434752}, {"l": "Potatoes", "v": 0.00071344817790756302}, {"l": "Yams", "v": 0.034819883477726583}, {"l": "Sweet potatoes", "v": 0.0022761483423860591}, {"l": "Cassava", "v": 0.12754748428821924}]}, {"source": 9, "prod": 111.0, "target": 3, "value": 0.092830344609338991, "supply": [{"l": "Fruits, Other", "v": 0.0025093694533300493}, {"l": "Plantains", "v": 0.079728753516248793}, {"l": "Bananas", "v": 0.0048300189542512381}, {"l": "Vegetables, Other", "v": 0.0057622026855089128}]}, {"source": 10, "prod": 26.0, "target": 3, "value": 0.021710803173493751, "supply": [{"l": "Freshwater Fish", "v": 0.00083235620755882367}, {"l": "Fish, Seafood", "v": 0.010803683743373141}, {"l": "Pelagic Fish", "v": 0.0049843639826418797}, {"l": "Demersal Fish", "v": 0.0035652435542133255}, {"l": "Marine Fish, Other", "v": 0.0015251556857065868}]}, {"source": 11, "prod": 1.0, "target": 3, "value": 0.010321216973729412, "supply": [{"l": "Palm Oil", "v": 0.010321216973729412}]}, {"source": 5, "prod": 1.0, "target": 12, "value": 0.0029034312051403307, "supply": [{"l": "Barley", "v": 0.0029034312051403307}]}, {"source": 8, "prod": 5.0, "target": 8, "value": 0.0055608234429554686, "supply": [{"l": "Roots, Other", "v": 0.00091817231259192498}, {"l": "Yams", "v": 0.004642651130363544}]}, {"source": 8, "prod": 47.0, "target": 13, "value": 0.055445934262110821, "supply": [{"l": "Roots, Other", "v": 0.0027545169377757748}, {"l": "Yams", "v": 0.016249278956272407}, {"l": "Cassava", "v": 0.036442138368062642}]}, {"source": 9, "prod": 12.0, "target": 13, "value": 0.0099992200650207662, "supply": [{"l": "Bananas", "v": 0.00069000270775017682}, {"l": "Plantains", "v": 0.0082835068588310422}, {"l": "Vegetables, Other", "v": 0.00052383660777353752}, {"l": "Fruits, Other", "v": 0.00050187389066600992}]}, {"source": 14, "prod": 18.0, "target": 12, "value": 0.015699618300377582, "supply": [{"l": "Sugar", "v": 0.0043274441664830094}, {"l": "Beer", "v": 0.0034859966896668691}, {"l": "Wine", "v": 0.0078861774442277061}]}, {"source": 14, "prod": 9.0, "target": 5, "value": 0.029584651962248402, "supply": [{"l": "Wheat", "v": 0.018209603998179655}, {"l": "Barley", "v": 0.0029034312051403307}, {"l": "Rice", "v": 0.0084716167589284162}]}, {"source": 14, "prod": 19.0, "target": 1, "value": 0.017636258499949223, "supply": [{"l": "Bovine Meat", "v": 0.0063595755184269655}, {"l": "Milk - Excluding Butter", "v": 0.0017282510569160306}, {"l": "Pelagic Fish", "v": 0.00099687279652837602}, {"l": "Demersal Fish", "v": 0.0035652435542133255}, {"l": "Fish, Seafood", "v": 0.0049863155738645269}]}, {"source": 14, "prod": 1.0, "target": 9, "value": 0.00026191830388676876, "supply": [{"l": "Vegetables, Other", "v": 0.00026191830388676876}]}, {"source": 14, "prod": 2.0, "target": 8, "value": 0.0016316204904994881, "supply": [{"l": "Roots, Other", "v": 0.00091817231259192498}, {"l": "Potatoes", "v": 0.00071344817790756302}]}, {"source": 15, "prod": 4.0, "target": 16, "value": 0.0079965649940472693, "supply": [{"l": "Coffee", "v": 0.00050535912601785721}, {"l": "Cocoa Beans", "v": 0.0074912058680294122}]}, {"source": 15, "prod": 2.0, "target": 17, "value": 0.0010107182520357144, "supply": [{"l": "Coffee", "v": 0.0010107182520357144}]}, {"source": 1, "prod": 26.0, "target": 10, "value": 0.021710803173493751, "supply": [{"l": "Marine Fish, Other", "v": 0.0015251556857065868}, {"l": "Freshwater Fish", "v": 0.00083235620755882367}, {"l": "Pelagic Fish", "v": 0.0049843639826418797}, {"l": "Demersal Fish", "v": 0.0035652435542133255}, {"l": "Fish, Seafood", "v": 0.010803683743373141}]}, {"source": 1, "prod": 25.0, "target": 4, "value": 0.032521803591714436, "supply": [{"l": "Milk - Excluding Butter", "v": 0.0017282510569160306}, {"l": "Bovine Meat", "v": 0.0063595755184269655}, {"l": "Pigmeat", "v": 0.0036623673132588235}, {"l": "Meat, Other", "v": 0.020771609703112613}]}, {"source": 12, "prod": 23.0, "target": 2, "value": 0.014360171296466179, "supply": [{"l": "Beer", "v": 0.0064739938522384724}, {"l": "Wine", "v": 0.0078861774442277061}]}, {"source": 12, "prod": 1.0, "target": 11, "value": 0.010321216973729412, "supply": [{"l": "Palm Oil", "v": 0.010321216973729412}]}, {"source": 12, "prod": 1.0, "target": 7, "value": 0.0043274441664830094, "supply": [{"l": "Sugar", "v": 0.0043274441664830094}]}, {"source": 18, "prod": 0, "target": 5, "value": 9.0371353253372225e-05, "supply": "[{\"l\":'Energy for power irrigation',\"v\":9.0371353253372225e-05}]"}, {"source": 18, "prod": 0, "target": 6, "value": 4.423152960892804e-05, "supply": "[{\"l\":'Energy for power irrigation',\"v\":4.423152960892804e-05}]"}, {"source": 18, "prod": 0, "target": 0, "value": 6.2564783021565386e-05, "supply": "[{\"l\":'Energy for power irrigation',\"v\":6.2564783021565386e-05}]"}, {"source": 18, "prod": 0, "target": 8, "value": 0.0013625219413585352, "supply": "[{\"l\":'Energy for power irrigation',\"v\":0.0013625219413585352}]"}, {"source": 18, "prod": 0, "target": 9, "value": 0.00085852785590703621, "supply": "[{\"l\":'Energy for power irrigation',\"v\":0.00085852785590703621}]"}, {"source": 18, "prod": 0, "target": 15, "value": 4.1709855347710259e-05, "supply": "[{\"l\":'Energy for power irrigation',\"v\":4.1709855347710259e-05}]"}, {"source": 18, "prod": 0, "target": 12, "value": 0.00067950000000000009, "supply": "[{\"l\":'Electricity',\"v\":0.00067950000000000009}]"}, {"source": 19, "prod": 0, "target": 18, "value": 0.0080754429683624358, "supply": [{"l": "Coal", "v": 0.0}, {"l": "Natural gas", "v": 0.0}, {"l": "Oil", "v": 0.0080754429683624358}]}, {"source": 20, "prod": 0, "target": 18, "value": 7.0758990519421587e-05, "supply": [{"l": "Nuclear", "v": 0.0}, {"l": "Hydroelectric", "v": 7.0758990519421587e-05}, {"l": "Renewable", "v": 0.0}]}, {"source": 19, "prod": 0, "target": 5, "value": 0.0030716554945982152, "supply": [{"l": "Gas-Diesel oil", "v": 0.0030716554945982152}]}, {"source": 19, "prod": 0, "target": 6, "value": 0.0015033969954707706, "supply": [{"l": "Gas-Diesel oil", "v": 0.0015033969954707706}]}, {"source": 19, "prod": 0, "target": 0, "value": 0.0021265307270295335, "supply": [{"l": "Gas-Diesel oil", "v": 0.0021265307270295335}]}, {"source": 19, "prod": 0, "target": 8, "value": 0.046311113610865401, "supply": [{"l": "Gas-Diesel oil", "v": 0.046311113610865401}]}, {"source": 19, "prod": 0, "target": 9, "value": 0.029180727198683046, "supply": [{"l": "Gas-Diesel oil", "v": 0.029180727198683046}]}, {"source": 19, "prod": 0, "target": 15, "value": 0.0014176871513530225, "supply": [{"l": "Gas-Diesel oil", "v": 0.0014176871513530225}]}, {"source": 21, "prod": 0.0014023290054122244, "target": 5, "value": 9.838001651689239e-06, "supply": [{"l": "Potash", "v": 4.469789928743202e-05}, {"l": "Phosphate", "v": 4.6846293728906105e-05}, {"l": "Nitrogen", "v": 0.00017624828934872328}]}, {"source": 21, "prod": 0.00068635861577114163, "target": 6, "value": 4.8151305218298017e-06, "supply": [{"l": "Potash", "v": 4.469789928743202e-05}, {"l": "Phosphate", "v": 4.6846293728906105e-05}, {"l": "Nitrogen", "v": 0.00017624828934872328}]}, {"source": 21, "prod": 0.00097084315759307844, "target": 0, "value": 6.8109242204002422e-06, "supply": [{"l": "Potash", "v": 4.469789928743202e-05}, {"l": "Phosphate", "v": 4.6846293728906105e-05}, {"l": "Nitrogen", "v": 0.00017624828934872328}]}, {"source": 21, "prod": 0.021142806543138153, "target": 8, "value": 0.00014832679413316084, "supply": [{"l": "Potash", "v": 4.469789928743202e-05}, {"l": "Phosphate", "v": 4.6846293728906105e-05}, {"l": "Nitrogen", "v": 0.00017624828934872328}]}, {"source": 21, "prod": 0.013322125551416134, "target": 9, "value": 9.3461015691047777e-05, "supply": [{"l": "Potash", "v": 4.469789928743202e-05}, {"l": "Phosphate", "v": 4.6846293728906105e-05}, {"l": "Nitrogen", "v": 0.00017624828934872328}]}, {"source": 21, "prod": 0.00064722877172871903, "target": 15, "value": 4.5406161469334956e-06, "supply": [{"l": "Potash", "v": 4.469789928743202e-05}, {"l": "Phosphate", "v": 4.6846293728906105e-05}, {"l": "Nitrogen", "v": 0.00017624828934872328}]}, {"source": 19, "prod": 0, "target": 21, "value": 0.00035992376998264086, "supply": [{"l": "Natural gas (including LNG)", "v": 0.00023057137224857203}, {"l": "Fuel oil", "v": 9.8196778517755138e-05}, {"l": "Liquefied petroleum gas (LPG)", "v": 1.5577809608156862e-05}, {"l": "Coal", "v": 1.5577809608156862e-05}]}, {"source": 22, "prod": 0, "target": 5, "value": 0.0028054314694018717, "supply": "[{\"l\":'Labor',\"v\":0.0028054314694018717}]"}, {"source": 22, "prod": 0, "target": 6, "value": 0.0013730957946016704, "supply": "[{\"l\":'Labor',\"v\":0.0013730957946016704}]"}, {"source": 22, "prod": 0, "target": 0, "value": 0.001942221786508988, "supply": "[{\"l\":'Labor',\"v\":0.001942221786508988}]"}, {"source": 22, "prod": 0, "target": 8, "value": 0.0422972744617513, "supply": "[{\"l\":'Labor',\"v\":0.0422972744617513}]"}, {"source": 22, "prod": 0, "target": 9, "value": 0.026651598959317783, "supply": "[{\"l\":'Labor',\"v\":0.026651598959317783}]"}, {"source": 22, "prod": 0, "target": 15, "value": 0.0012948145243393255, "supply": "[{\"l\":'Labor',\"v\":0.0012948145243393255}]"}, {"source": 19, "prod": 0, "target": 14, "value": 0.40162944903825759, "supply": "[{\"l\":'Fossil Fuels',\"v\":0.40162944903825759}]"}, {"source": 20, "prod": 0, "target": 14, "value": 0.29879978725340323, "supply": "[{\"l\":'Renewables & Nuclear',\"v\":0.00016514950205264977},{\"l\":'Biomass & Waste',\"v\":0.29863463775135057}]"}]}