{"nodes": [{"layer": 5, "name": "Sugar Crops", "fill": "#ffbb78"}, {"layer": 10, "name": "Feed", "fill": "#dbdb8d"}, {"layer": 13, "name": "Other Processed", "fill": "#9c9ede"}, {"layer": 16, "name": "Food", "fill": "#b5cf6b"}, {"layer": 13, "name": "Animal Products", "fill": "#17becf"}, {"layer": 5, "name": "Cereals", "fill": "#e7ba52"}, {"layer": 5, "name": "Oilcrops", "fill": "#ff9896"}, {"layer": 5, "name": "Fruits, Roots & Vegetables", "fill": "#98df8a"}, {"layer": 13, "name": "Sugar", "fill": "#d6616b"}, {"layer": 13, "name": "Aquatic Products", "fill": "#1f77b4"}, {"layer": 13, "name": "Vegetable Oils", "fill": "#f7b6d2"}, {"layer": 10, "name": "Processing", "fill": "#9edae5"}, {"name": "Waste", "fill": "#c7c7c7"}, {"layer": 2, "name": "Import", "fill": "#aec7e8"}, {"layer": 16, "name": "Export", "fill": "#aec7e8"}, {"layer": 16, "name": "Stock Deposit", "fill": "#c7c7c7"}, {"layer": 2, "name": "Electricity", "fill": "#bcbd22"}, {"layer": 0, "name": "Fossil Fuels", "fill": "#c49c94"}, {"layer": 0, "name": "Renewables & Nuclear", "fill": "#2ca02c"}, {"layer": 2, "name": "Fertilizers", "fill": "#c5b0d5"}, {"layer": 0, "name": "Labor", "fill": "#7f7f7f"}], "links": [{"source": 0, "prod": 3.0, "target": 1, "value": 0.0010107182520357144, "supply": [{"l": "Sugar cane", "v": 0.0010107182520357144}]}, {"source": 2, "prod": 19.0, "target": 3, "value": 0.011777696717212953, "supply": [{"l": "Beer", "v": 0.0055273654408203136}, {"l": "Wine", "v": 0.0062503312763926393}]}, {"source": 4, "prod": 28.0, "target": 3, "value": 0.035815172242893746, "supply": [{"l": "Pigmeat", "v": 0.0035509645052509507}, {"l": "Milk - Excluding Butter", "v": 0.0026303029209604136}, {"l": "Meat, Other", "v": 0.021887238472047363}, {"l": "Bovine Meat", "v": 0.0077466663446350238}]}, {"source": 5, "prod": 15.0, "target": 3, "value": 0.053368389088526168, "supply": [{"l": "Maize", "v": 0.029559110194932302}, {"l": "Rice", "v": 0.0084658451879914536}, {"l": "Wheat", "v": 0.015343433705602412}]}, {"source": 6, "prod": 1.0, "target": 3, "value": 0.0064185818892164952, "supply": [{"l": "Groundnuts", "v": 0.0064185818892164952}]}, {"source": 7, "prod": 254.0, "target": 3, "value": 0.26081422706146917, "supply": [{"l": "Roots, Other", "v": 0.0064457953600542302}, {"l": "Potatoes", "v": 0.00069590437025409833}, {"l": "Fruits, Other", "v": 0.0025495595546846843}, {"l": "Yams", "v": 0.031398442625023996}, {"l": "Plantains", "v": 0.083891675244105401}, {"l": "Bananas", "v": 0.004899266537824732}, {"l": "Vegetables, Other", "v": 0.0060090160587179167}, {"l": "Sweet potatoes", "v": 0.0023070742709510876}, {"l": "Cassava", "v": 0.12261749303985298}]}, {"source": 0, "prod": 7.0, "target": 3, "value": 0.0023583425880833336, "supply": [{"l": "Sugar cane", "v": 0.0023583425880833336}]}, {"source": 8, "prod": 1.0, "target": 3, "value": 0.00441789064011991, "supply": [{"l": "Sugar", "v": 0.00441789064011991}]}, {"source": 9, "prod": 26.0, "target": 3, "value": 0.022339810269322382, "supply": [{"l": "Freshwater Fish", "v": 0.00084226521002976184}, {"l": "Fish, Seafood", "v": 0.010953794474225884}, {"l": "Pelagic Fish", "v": 0.0061034340897124428}, {"l": "Demersal Fish", "v": 0.0028919821518102189}, {"l": "Marine Fish, Other", "v": 0.0015483343435440729}]}, {"source": 10, "prod": 1.0, "target": 3, "value": 0.010207482804910305, "supply": [{"l": "Palm Oil", "v": 0.010207482804910305}]}, {"source": 5, "prod": 1.0, "target": 11, "value": 0.0028968617617401576, "supply": [{"l": "Barley", "v": 0.0028968617617401576}]}, {"source": 7, "prod": 4.0, "target": 7, "value": 0.0044095437558040644, "supply": [{"l": "Roots, Other", "v": 0.0009208279085791758}, {"l": "Yams", "v": 0.0034887158472248886}]}, {"source": 7, "prod": 58.0, "target": 12, "value": 0.064140882864594295, "supply": [{"l": "Roots, Other", "v": 0.0027624837257375274}, {"l": "Bananas", "v": 0.00069989521968924745}, {"l": "Plantains", "v": 0.0093212972493450456}, {"l": "Vegetables, Other", "v": 0.00052252313554068837}, {"l": "Fruits, Other", "v": 0.00050991191093693693}, {"l": "Yams", "v": 0.01511776867130785}, {"l": "Cassava", "v": 0.035207002952036999}]}, {"source": 13, "prod": 15.0, "target": 11, "value": 0.013683148520596357, "supply": [{"l": "Sugar", "v": 0.00441789064011991}, {"l": "Beer", "v": 0.0030149266040838067}, {"l": "Wine", "v": 0.0062503312763926393}]}, {"source": 13, "prod": 7.0, "target": 5, "value": 0.022473218061338299, "supply": [{"l": "Wheat", "v": 0.015343433705602412}, {"l": "Barley", "v": 0.0028968617617401576}, {"l": "Rice", "v": 0.0042329225939957268}]}, {"source": 13, "prod": 3.0, "target": 7, "value": 0.0018779938466036185, "supply": [{"l": "Roots, Other", "v": 0.0009208279085791758}, {"l": "Vegetables, Other", "v": 0.00026126156777034419}, {"l": "Potatoes", "v": 0.00069590437025409833}]}, {"source": 13, "prod": 20.0, "target": 1, "value": 0.019067915839513349, "supply": [{"l": "Bovine Meat", "v": 0.006455555287195853}, {"l": "Milk - Excluding Butter", "v": 0.0026303029209604136}, {"l": "Pelagic Fish", "v": 0.0020344780299041475}, {"l": "Demersal Fish", "v": 0.0028919821518102189}, {"l": "Fish, Seafood", "v": 0.0050555974496427156}]}, {"source": 7, "prod": 4.0, "target": 14, "value": 0.0077825305406750006, "supply": [{"l": "Coffee", "v": 0.00050535912601785721}, {"l": "Cocoa Beans", "v": 0.0072771714146571435}]}, {"source": 7, "prod": 1.0, "target": 15, "value": 0.0024257238048857148, "supply": [{"l": "Cocoa Beans", "v": 0.0024257238048857148}]}, {"source": 1, "prod": 26.0, "target": 9, "value": 0.022339810269322382, "supply": [{"l": "Marine Fish, Other", "v": 0.0015483343435440729}, {"l": "Freshwater Fish", "v": 0.00084226521002976184}, {"l": "Pelagic Fish", "v": 0.0061034340897124428}, {"l": "Demersal Fish", "v": 0.0028919821518102189}, {"l": "Fish, Seafood", "v": 0.010953794474225884}]}, {"source": 1, "prod": 28.0, "target": 4, "value": 0.035815172242893746, "supply": [{"l": "Milk - Excluding Butter", "v": 0.0026303029209604136}, {"l": "Bovine Meat", "v": 0.0077466663446350238}, {"l": "Pigmeat", "v": 0.0035509645052509507}, {"l": "Meat, Other", "v": 0.021887238472047363}]}, {"source": 11, "prod": 19.0, "target": 2, "value": 0.011777696717212953, "supply": [{"l": "Beer", "v": 0.0055273654408203136}, {"l": "Wine", "v": 0.0062503312763926393}]}, {"source": 11, "prod": 1.0, "target": 10, "value": 0.010207482804910305, "supply": [{"l": "Palm Oil", "v": 0.010207482804910305}]}, {"source": 11, "prod": 1.0, "target": 8, "value": 0.00441789064011991, "supply": [{"l": "Sugar", "v": 0.00441789064011991}]}, {"source": 16, "prod": 0, "target": 7, "value": 0.0022599943717501211, "supply": "[{\"l\":'Energy for power irrigation',\"v\":0.0022599943717501211}]"}, {"source": 16, "prod": 0, "target": 0, "value": 6.7093582911331728e-05, "supply": "[{\"l\":'Energy for power irrigation',\"v\":6.7093582911331728e-05}]"}, {"source": 16, "prod": 0, "target": 5, "value": 8.8281030146489109e-05, "supply": "[{\"l\":'Energy for power irrigation',\"v\":8.8281030146489109e-05}]"}, {"source": 16, "prod": 0, "target": 6, "value": 4.4558333689205041e-05, "supply": "[{\"l\":'Energy for power irrigation',\"v\":4.4558333689205041e-05}]"}, {"source": 16, "prod": 0, "target": 11, "value": 0.00067950000000000009, "supply": "[{\"l\":'Electricity',\"v\":0.00067950000000000009}]"}, {"source": 17, "prod": 0, "target": 16, "value": 0.0080754429683624358, "supply": [{"l": "Coal", "v": 0.0}, {"l": "Natural gas", "v": 0.0}, {"l": "Oil", "v": 0.0080754429683624358}]}, {"source": 18, "prod": 0, "target": 16, "value": 7.0758990519421587e-05, "supply": [{"l": "Nuclear", "v": 0.0}, {"l": "Hydroelectric", "v": 7.0758990519421587e-05}, {"l": "Renewable", "v": 0.0}]}, {"source": 17, "prod": 0, "target": 7, "value": 0.076815538108457634, "supply": [{"l": "Gas-Diesel oil", "v": 0.076815538108457634}]}, {"source": 17, "prod": 0, "target": 0, "value": 0.0022804612875948361, "supply": [{"l": "Gas-Diesel oil", "v": 0.0022804612875948361}]}, {"source": 17, "prod": 0, "target": 5, "value": 0.0030006069573616265, "supply": [{"l": "Gas-Diesel oil", "v": 0.0030006069573616265}]}, {"source": 17, "prod": 0, "target": 6, "value": 0.0015145048245858836, "supply": [{"l": "Gas-Diesel oil", "v": 0.0015145048245858836}]}, {"source": 19, "prod": 0.029636811209835329, "target": 7, "value": 0.00020791625681838762, "supply": [{"l": "Potash", "v": 3.7773923577807683e-05}, {"l": "Phosphate", "v": 3.9589518689456427e-05}, {"l": "Nitrogen", "v": 0.00014894636031474452}]}, {"source": 19, "prod": 0.00087984283279198645, "target": 0, "value": 6.1725138742958829e-06, "supply": [{"l": "Potash", "v": 3.7773923577807683e-05}, {"l": "Phosphate", "v": 3.9589518689456427e-05}, {"l": "Nitrogen", "v": 0.00014894636031474452}]}, {"source": 19, "prod": 0.0011576879378841925, "target": 5, "value": 8.121728781968266e-06, "supply": [{"l": "Potash", "v": 3.7773923577807683e-05}, {"l": "Phosphate", "v": 3.9589518689456427e-05}, {"l": "Nitrogen", "v": 0.00014894636031474452}]}, {"source": 19, "prod": 0.00058432310269391466, "target": 6, "value": 4.0993031073568078e-06, "supply": [{"l": "Potash", "v": 3.7773923577807683e-05}, {"l": "Phosphate", "v": 3.9589518689456427e-05}, {"l": "Nitrogen", "v": 0.00014894636031474452}]}, {"source": 17, "prod": 0, "target": 19, "value": 0.00030416939493582663, "supply": [{"l": "Natural gas (including LNG)", "v": 0.0001948544681829541}, {"l": "Fuel oil", "v": 8.2985501924014374e-05}, {"l": "Liquefied petroleum gas (LPG)", "v": 1.3164712414429053e-05}, {"l": "Coal", "v": 1.3164712414429053e-05}]}, {"source": 20, "prod": 0, "target": 5, "value": 0.0027103978511802099, "supply": "[{\"l\":'Labor',\"v\":0.0027103978511802099}]"}, {"source": 20, "prod": 0, "target": 6, "value": 0.0013680267627483626, "supply": "[{\"l\":'Labor',\"v\":0.0013680267627483626}]"}, {"source": 20, "prod": 0, "target": 7, "value": 0.069386184990213373, "supply": "[{\"l\":'Labor',\"v\":0.069386184990213373}]"}, {"source": 20, "prod": 0, "target": 0, "value": 0.0020599023668969596, "supply": "[{\"l\":'Labor',\"v\":0.0020599023668969596}]"}, {"source": 17, "prod": 0, "target": 13, "value": 0.50083307313605274, "supply": "[{\"l\":'Fossil Fuels',\"v\":0.50083307313605274}]"}, {"source": 18, "prod": 0, "target": 13, "value": 0.37260419040702802, "supply": "[{\"l\":'Renewables & Nuclear',\"v\":0.00020594190201435797},{\"l\":'Biomass & Waste',\"v\":0.37239824850501368}]"}]}