{"nodes": [{"layer": 13, "name": "Other Processed", "fill": "#9c9ede"}, {"layer": 10, "name": "Feed", "fill": "#dbdb8d"}, {"layer": 13, "name": "Animal Products", "fill": "#17becf"}, {"layer": 5, "name": "Cereals", "fill": "#e7ba52"}, {"layer": 5, "name": "Oilcrops", "fill": "#ff9896"}, {"layer": 5, "name": "Fruits, Roots & Vegetables", "fill": "#98df8a"}, {"layer": 5, "name": "Sugar Crops", "fill": "#ffbb78"}, {"layer": 13, "name": "Aquatic Products", "fill": "#1f77b4"}, {"layer": 16, "name": "Food", "fill": "#b5cf6b"}, {"layer": 13, "name": "Sugar", "fill": "#d6616b"}, {"layer": 13, "name": "Vegetable Oils", "fill": "#f7b6d2"}, {"layer": 10, "name": "Processing", "fill": "#9edae5"}, {"layer": 16, "name": "Biofuels & Other", "fill": "#e7ba52"}, {"name": "Waste", "fill": "#c7c7c7"}, {"layer": 0, "name": "Import", "fill": "#aec7e8"}, {"layer": 16, "name": "Export", "fill": "#aec7e8"}, {"layer": 0, "name": "Stock Draw", "fill": "#c7c7c7"}, {"layer": 16, "name": "Stock Deposit", "fill": "#c7c7c7"}, {"layer": 0, "name": "Production", "fill": "#b5cf6b"}], "links": [{"source": 0, "prod": 0.4324610720897813, "target": 1, "value": 46.0, "supply": [{"l": "Fats, Animals, Raw", "v": 38.0}, {"l": "Fish, Body Oil", "v": 8.0}]}, {"source": 2, "prod": 0.96735126692749285, "target": 1, "value": 1285.0, "supply": [{"l": "Milk - Excluding Butter", "v": 1250.0}, {"l": "Meat, Other", "v": 1.0}, {"l": "Offals, Edible", "v": 34.0}]}, {"source": 3, "prod": 333.1023649449067, "target": 1, "value": 100543.0, "supply": [{"l": "Maize", "v": 74823.0}, {"l": "Oats", "v": 352.0}, {"l": "Rye", "v": 804.0}, {"l": "Barley", "v": 2559.0}, {"l": "Rice", "v": 11047.0}, {"l": "Sorghum", "v": 7638.0}, {"l": "Cereals, Other", "v": 384.0}, {"l": "Wheat", "v": 1826.0}, {"l": "Millet", "v": 1110.0}]}, {"source": 4, "prod": 29.260654106054844, "target": 1, "value": 5020.0, "supply": [{"l": "Soyabeans", "v": 471.0}, {"l": "Cottonseed", "v": 4265.0}, {"l": "Rape and Mustardseed", "v": 201.0}, {"l": "Groundnuts", "v": 4.0}, {"l": "Oilcrops, Other", "v": 79.0}]}, {"source": 5, "prod": 61.032669717379171, "target": 1, "value": 52532.0, "supply": [{"l": "Vegetables, Other", "v": 1092.0}, {"l": "Potatoes", "v": 7806.0}, {"l": "Yams", "v": 8.0}, {"l": "Beans", "v": 17.0}, {"l": "Roots, Other", "v": 92.0}, {"l": "Peas", "v": 604.0}, {"l": "Sweet potatoes", "v": 40698.0}, {"l": "Cassava", "v": 1531.0}, {"l": "Pulses, Other", "v": 684.0}]}, {"source": 6, "prod": 1.443379005752738, "target": 1, "value": 2899.0, "supply": [{"l": "Sugar beet", "v": 550.0}, {"l": "Sugar cane", "v": 2349.0}]}, {"source": 7, "prod": 15.096734457489871, "target": 1, "value": 13715.0, "supply": [{"l": "Fish, Seafood", "v": 6640.0}, {"l": "Pelagic Fish", "v": 6059.0}, {"l": "Marine Fish, Other", "v": 91.0}, {"l": "Aquatic Products, Other", "v": 217.0}, {"l": "Aquatic Plants", "v": 217.0}, {"l": "Demersal Fish", "v": 491.0}]}, {"source": 0, "prod": 41.101090171501639, "target": 8, "value": 18480.0, "supply": [{"l": "Beverages, Alcoholic", "v": 6006.0}, {"l": "Butter, Ghee", "v": 162.0}, {"l": "Fats, Animals, Raw", "v": 1202.0}, {"l": "Wine", "v": 260.0}, {"l": "Fish, Body Oil", "v": 78.0}, {"l": "Cream", "v": 1.0}, {"l": "Beer", "v": 8115.0}, {"l": "Beverages, Fermented", "v": 2648.0}, {"l": "Fish, Liver Oil", "v": 8.0}]}, {"source": 2, "prod": 101.24630303277679, "target": 8, "value": 44957.0, "supply": [{"l": "Eggs", "v": 6515.0}, {"l": "Pigmeat", "v": 17396.0}, {"l": "Offals, Edible", "v": 1351.0}, {"l": "Milk - Excluding Butter", "v": 13600.0}, {"l": "Meat, Other", "v": 363.0}, {"l": "Mutton & Goat Meat", "v": 781.0}, {"l": "Bovine Meat", "v": 1438.0}, {"l": "Poultry Meat", "v": 3513.0}]}, {"source": 3, "prod": 856.99824867670384, "target": 8, "value": 214546.0, "supply": [{"l": "Maize", "v": 8537.0}, {"l": "Barley", "v": 2827.0}, {"l": "Cereals, Other", "v": 2033.0}, {"l": "Sorghum", "v": 4442.0}, {"l": "Rye", "v": 1204.0}, {"l": "Rice", "v": 104345.0}, {"l": "Wheat", "v": 85436.0}, {"l": "Oats", "v": 752.0}, {"l": "Millet", "v": 4970.0}]}, {"source": 4, "prod": 32.758096291598065, "target": 8, "value": 7354.0, "supply": [{"l": "Sunflower seed", "v": 2.0}, {"l": "Coconuts - Incl Copra", "v": 90.0}, {"l": "Sesame seed", "v": 93.0}, {"l": "Olives", "v": 1.0}, {"l": "Groundnuts", "v": 1581.0}, {"l": "Oilcrops, Other", "v": 37.0}, {"l": "Soyabeans", "v": 5542.0}, {"l": "Rape and Mustardseed", "v": 8.0}]}, {"source": 5, "prod": 161.08377899209859, "target": 8, "value": 218322.0, "supply": [{"l": "Roots, Other", "v": 1715.0}, {"l": "Nuts", "v": 453.0}, {"l": "Infant food", "v": 5.0}, {"l": "Tomatoes", "v": 6734.0}, {"l": "Pepper", "v": 12.0}, {"l": "Treenuts", "v": 453.0}, {"l": "Vegetables, Other", "v": 93000.0}, {"l": "Peas", "v": 1218.0}, {"l": "Grapes", "v": 602.0}, {"l": "Pimento", "v": 108.0}, {"l": "Pulses, Other", "v": 1522.0}, {"l": "Pineapples", "v": 380.0}, {"l": "Citrus, Other", "v": 377.0}, {"l": "Tea", "v": 390.0}, {"l": "Grapefruit", "v": 180.0}, {"l": "Fruits, Other", "v": 7166.0}, {"l": "Yams", "v": 136.0}, {"l": "Coffee", "v": 305.0}, {"l": "Dates", "v": 19.0}, {"l": "Cocoa Beans", "v": 101.0}, {"l": "Potatoes", "v": 15189.0}, {"l": "Beans", "v": 2111.0}, {"l": "Apples", "v": 4137.0}, {"l": "Lemons, Limes", "v": 169.0}, {"l": "Bananas", "v": 947.0}, {"l": "Spices, Other", "v": 133.0}, {"l": "Sweet potatoes", "v": 70016.0}, {"l": "Oranges, Mandarines", "v": 4043.0}, {"l": "Cassava", "v": 1701.0}, {"l": "Onions", "v": 5000.0}]}, {"source": 6, "prod": 0.14104410188085487, "target": 8, "value": 412.0, "supply": [{"l": "Sugar cane", "v": 412.0}]}, {"source": 9, "prod": 48.823822174344912, "target": 8, "value": 12054.0, "supply": [{"l": "Sugar", "v": 9874.0}, {"l": "Sweeteners, Other", "v": 1512.0}, {"l": "Honey", "v": 160.0}, {"l": "Sugar non-centrifugal", "v": 508.0}]}, {"source": 7, "prod": 35.659736552232026, "target": 8, "value": 39419.0, "supply": [{"l": "Crustaceans", "v": 1383.0}, {"l": "Aquatic Products, Other", "v": 2137.0}, {"l": "Marine Fish, Other", "v": 2668.0}, {"l": "Fish, Seafood", "v": 17572.0}, {"l": "Aquatic Animals, Others", "v": 126.0}, {"l": "Demersal Fish", "v": 4222.0}, {"l": "Aquatic Plants", "v": 2010.0}, {"l": "Freshwater Fish", "v": 2961.0}, {"l": "Cephalopods", "v": 1091.0}, {"l": "Pelagic Fish", "v": 3217.0}, {"l": "Molluscs, Other", "v": 2032.0}]}, {"source": 10, "prod": 64.326895573446436, "target": 8, "value": 6288.0, "supply": [{"l": "Ricebran Oil", "v": 161.0}, {"l": "Sunflowerseed Oil", "v": 550.0}, {"l": "Rape and Mustard Oil", "v": 2030.0}, {"l": "Sesameseed Oil", "v": 146.0}, {"l": "Palmkernel Oil", "v": 14.0}, {"l": "Oilcrops Oil, Other", "v": 89.0}, {"l": "Maize Germ Oil", "v": 138.0}, {"l": "Groundnut Oil", "v": 615.0}, {"l": "Soyabean Oil", "v": 1561.0}, {"l": "Palm Oil", "v": 230.0}, {"l": "Coconut Oil", "v": 75.0}, {"l": "Olive Oil", "v": 2.0}, {"l": "Cottonseed Oil", "v": 677.0}]}, {"source": 2, "prod": 0.028417249548438502, "target": 11, "value": 30.0, "supply": [{"l": "Pigmeat", "v": 2.0}, {"l": "Milk - Excluding Butter", "v": 28.0}]}, {"source": 3, "prod": 14.815060322197477, "target": 11, "value": 4589.0, "supply": [{"l": "Maize", "v": 2115.0}, {"l": "Oats", "v": 8.0}, {"l": "Barley", "v": 1604.0}, {"l": "Rice", "v": 524.0}, {"l": "Cereals, Other", "v": 1.0}, {"l": "Wheat", "v": 337.0}]}, {"source": 4, "prod": 147.07351931003677, "target": 11, "value": 28103.444444444445, "supply": [{"l": "Soyabeans", "v": 9581.0}, {"l": "Oilcrops, Other", "v": 1963.0}, {"l": "Sunflower seed", "v": 1604.0}, {"l": "Coconuts - Incl Copra", "v": 321.0}, {"l": "Sesame seed", "v": 419.0}, {"l": "Cottonseed", "v": 6363.0}, {"l": "Rape and Mustardseed", "v": 5497.0}, {"l": "Groundnuts", "v": 1488.0}, {"l": "Palm kernels", "v": 63.0}, {"l": "Oil Palm", "v": 804.44444444444446}]}, {"source": 5, "prod": 6.9022254911484522, "target": 11, "value": 7762.0, "supply": [{"l": "Potatoes", "v": 6027.0}, {"l": "Fruits, Other", "v": 19.0}, {"l": "Apples", "v": 241.0}, {"l": "Sweet potatoes", "v": 225.0}, {"l": "Grapes", "v": 269.0}, {"l": "Cassava", "v": 981.0}]}, {"source": 6, "prod": 29.523393995521243, "target": 11, "value": 58042.0, "supply": [{"l": "Sugar beet", "v": 11774.0}, {"l": "Sugar cane", "v": 46268.0}]}, {"source": 9, "prod": 0.23695424573385729, "target": 11, "value": 67.0, "supply": [{"l": "Sugar", "v": 3.0}, {"l": "Sweeteners, Other", "v": 64.0}]}, {"source": 0, "prod": 7.661262294923799, "target": 12, "value": 1206.0, "supply": [{"l": "Alcohol, Non-Food", "v": 331.0}, {"l": "Beer", "v": 14.0}, {"l": "Beverages, Alcoholic", "v": 5.0}, {"l": "Fats, Animals, Raw", "v": 841.0}, {"l": "Beverages, Fermented", "v": 1.0}, {"l": "Fish, Body Oil", "v": 12.0}, {"l": "Fish, Liver Oil", "v": 2.0}]}, {"source": 2, "prod": 0.72226932018085133, "target": 12, "value": 806.0, "supply": [{"l": "Eggs", "v": 71.0}, {"l": "Pigmeat", "v": 9.0}, {"l": "Milk - Excluding Butter", "v": 667.0}, {"l": "Meat, Other", "v": 1.0}, {"l": "Bovine Meat", "v": 2.0}, {"l": "Poultry Meat", "v": 2.0}, {"l": "Offals, Edible", "v": 54.0}]}, {"source": 3, "prod": 15.769808148417457, "target": 12, "value": 4718.0, "supply": [{"l": "Maize", "v": 3475.0}, {"l": "Rye", "v": 42.0}, {"l": "Barley", "v": 54.0}, {"l": "Rice", "v": 374.0}, {"l": "Wheat", "v": 752.0}, {"l": "Sorghum", "v": 21.0}]}, {"source": 4, "prod": 10.261636475487844, "target": 12, "value": 1713.0, "supply": [{"l": "Coconuts - Incl Copra", "v": 10.0}, {"l": "Oilcrops, Other", "v": 32.0}, {"l": "Cottonseed", "v": 1256.0}, {"l": "Rape and Mustardseed", "v": 413.0}, {"l": "Palm kernels", "v": 2.0}]}, {"source": 5, "prod": 0.82816307315418558, "target": 12, "value": 712.0, "supply": [{"l": "Fruits, Other", "v": 5.0}, {"l": "Vegetables, Other", "v": 15.0}, {"l": "Potatoes", "v": 79.0}, {"l": "Apples", "v": 1.0}, {"l": "Bananas", "v": 1.0}, {"l": "Sweet potatoes", "v": 60.0}, {"l": "Oranges, Mandarines", "v": 4.0}, {"l": "Cassava", "v": 547.0}]}, {"source": 9, "prod": 0.09369669907503024, "target": 12, "value": 24.0, "supply": [{"l": "Sugar", "v": 15.0}, {"l": "Sweeteners, Other", "v": 9.0}]}, {"source": 7, "prod": 1.6210128323553501, "target": 12, "value": 2843.0, "supply": [{"l": "Aquatic Products, Other", "v": 1201.0}, {"l": "Marine Fish, Other", "v": 100.0}, {"l": "Demersal Fish", "v": 20.0}, {"l": "Fish, Seafood", "v": 220.0}, {"l": "Aquatic Plants", "v": 1116.0}, {"l": "Molluscs, Other", "v": 100.0}, {"l": "Aquatic Animals, Others", "v": 86.0}]}, {"source": 10, "prod": 13.24568168968087, "target": 12, "value": 1227.0, "supply": [{"l": "Ricebran Oil", "v": 35.0}, {"l": "Groundnut Oil", "v": 1.0}, {"l": "Oilcrops Oil, Other", "v": 542.0}, {"l": "Soyabean Oil", "v": 113.0}, {"l": "Palm Oil", "v": 213.0}, {"l": "Coconut Oil", "v": 40.0}, {"l": "Rape and Mustard Oil", "v": 1.0}, {"l": "Sesameseed Oil", "v": 21.0}, {"l": "Cottonseed Oil", "v": 229.0}, {"l": "Palmkernel Oil", "v": 32.0}]}, {"source": 5, "prod": 4.0191009233660875, "target": 5, "value": 3128.0, "supply": [{"l": "Potatoes", "v": 2534.0}, {"l": "Yams", "v": 8.0}, {"l": "Beans", "v": 147.0}, {"l": "Roots, Other", "v": 35.0}, {"l": "Peas", "v": 114.0}, {"l": "Sweet potatoes", "v": 108.0}, {"l": "Pulses, Other", "v": 182.0}]}, {"source": 7, "prod": 0.059063475034274365, "target": 7, "value": 62.0, "supply": [{"l": "Fish, Seafood", "v": 31.0}, {"l": "Cephalopods", "v": 30.0}, {"l": "Marine Fish, Other", "v": 1.0}]}, {"source": 2, "prod": 0.36887730963951731, "target": 2, "value": 216.0, "supply": [{"l": "Eggs", "v": 216.0}]}, {"source": 3, "prod": 44.59430383504305, "target": 3, "value": 11372.0, "supply": [{"l": "Maize", "v": 1265.0}, {"l": "Oats", "v": 64.0}, {"l": "Rye", "v": 74.0}, {"l": "Barley", "v": 155.0}, {"l": "Rice", "v": 4980.0}, {"l": "Sorghum", "v": 69.0}, {"l": "Cereals, Other", "v": 183.0}, {"l": "Wheat", "v": 4465.0}, {"l": "Millet", "v": 117.0}]}, {"source": 4, "prod": 7.9204031358073959, "target": 4, "value": 1600.0, "supply": [{"l": "Soyabeans", "v": 853.0}, {"l": "Sunflower seed", "v": 37.0}, {"l": "Sesame seed", "v": 16.0}, {"l": "Cottonseed", "v": 309.0}, {"l": "Rape and Mustardseed", "v": 157.0}, {"l": "Groundnuts", "v": 215.0}, {"l": "Oilcrops, Other", "v": 13.0}]}, {"source": 0, "prod": 0.0036042594270707549, "target": 13, "value": 3.0, "supply": [{"l": "Beverages, Fermented", "v": 3.0}]}, {"source": 2, "prod": 0.92835596014535826, "target": 13, "value": 649.0, "supply": [{"l": "Pigmeat", "v": 34.0}, {"l": "Eggs", "v": 303.0}, {"l": "Milk - Excluding Butter", "v": 267.0}, {"l": "Meat, Other", "v": 1.0}, {"l": "Mutton & Goat Meat", "v": 1.0}, {"l": "Poultry Meat", "v": 28.0}, {"l": "Bovine Meat", "v": 15.0}]}, {"source": 3, "prod": 80.771599465137257, "target": 13, "value": 21220.0, "supply": [{"l": "Maize", "v": 6074.0}, {"l": "Rye", "v": 88.0}, {"l": "Barley", "v": 249.0}, {"l": "Rice", "v": 8338.0}, {"l": "Cereals, Other", "v": 126.0}, {"l": "Wheat", "v": 5593.0}, {"l": "Oats", "v": 49.0}, {"l": "Sorghum", "v": 369.0}, {"l": "Millet", "v": 334.0}]}, {"source": 4, "prod": 6.0828075744578944, "target": 13, "value": 1095.0, "supply": [{"l": "Sunflower seed", "v": 51.0}, {"l": "Coconuts - Incl Copra", "v": 4.0}, {"l": "Sesame seed", "v": 17.0}, {"l": "Cottonseed", "v": 375.0}, {"l": "Groundnuts", "v": 136.0}, {"l": "Oilcrops, Other", "v": 54.0}, {"l": "Soyabeans", "v": 244.0}, {"l": "Rape and Mustardseed", "v": 214.0}]}, {"source": 5, "prod": 13.672668857486832, "target": 13, "value": 20536.0, "supply": [{"l": "Roots, Other", "v": 99.0}, {"l": "Nuts", "v": 17.0}, {"l": "Yams", "v": 8.0}, {"l": "Citrus, Other", "v": 51.0}, {"l": "Grapefruit", "v": 27.0}, {"l": "Tomatoes", "v": 582.0}, {"l": "Treenuts", "v": 17.0}, {"l": "Vegetables, Other", "v": 9255.0}, {"l": "Peas", "v": 63.0}, {"l": "Grapes", "v": 84.0}, {"l": "Dates", "v": 2.0}, {"l": "Potatoes", "v": 1744.0}, {"l": "Pimento", "v": 4.0}, {"l": "Beans", "v": 82.0}, {"l": "Apples", "v": 491.0}, {"l": "Lemons, Limes", "v": 22.0}, {"l": "Pineapples", "v": 35.0}, {"l": "Bananas", "v": 162.0}, {"l": "Spices, Other", "v": 2.0}, {"l": "Tea", "v": 13.0}, {"l": "Fruits, Other", "v": 701.0}, {"l": "Sweet potatoes", "v": 5934.0}, {"l": "Oranges, Mandarines", "v": 460.0}, {"l": "Pulses, Other", "v": 74.0}, {"l": "Onions", "v": 487.0}, {"l": "Cassava", "v": 120.0}]}, {"source": 9, "prod": 0.086971073004439028, "target": 13, "value": 21.0, "supply": [{"l": "Sugar", "v": 21.0}]}, {"source": 10, "prod": 0.08791901168374669, "target": 13, "value": 9.0, "supply": [{"l": "Soyabean Oil", "v": 4.0}, {"l": "Palm Oil", "v": 5.0}]}, {"source": 14, "prod": 13.941501279898668, "target": 1, "value": 13104.0, "supply": [{"l": "Crustaceans", "v": 509.0}, {"l": "Eggs", "v": 99.0}, {"l": "Aquatic Products, Other", "v": 111.0}, {"l": "Marine Fish, Other", "v": 318.0}, {"l": "Pigmeat", "v": 294.0}, {"l": "Fish, Seafood", "v": 4267.0}, {"l": "Aquatic Animals, Others", "v": 50.0}, {"l": "Offals, Edible", "v": 90.0}, {"l": "Demersal Fish", "v": 249.0}, {"l": "Aquatic Plants", "v": 61.0}, {"l": "Freshwater Fish", "v": 214.0}, {"l": "Milk - Excluding Butter", "v": 3184.0}, {"l": "Meat, Other", "v": 115.0}, {"l": "Cephalopods", "v": 265.0}, {"l": "Mutton & Goat Meat", "v": 96.0}, {"l": "Pelagic Fish", "v": 2502.0}, {"l": "Bovine Meat", "v": 294.0}, {"l": "Molluscs, Other", "v": 209.0}, {"l": "Poultry Meat", "v": 177.0}]}, {"source": 14, "prod": 30.057672955002126, "target": 11, "value": 6117.0, "supply": [{"l": "Ricebran Oil", "v": 3.0}, {"l": "Sugar", "v": 4183.0}, {"l": "Beverages, Alcoholic", "v": 99.0}, {"l": "Butter, Ghee", "v": 15.0}, {"l": "Fats, Animals, Raw", "v": 548.0}, {"l": "Sunflowerseed Oil", "v": 19.0}, {"l": "Rape and Mustard Oil", "v": 67.0}, {"l": "Sesameseed Oil", "v": 2.0}, {"l": "Wine", "v": 55.0}, {"l": "Sweeteners, Other", "v": 128.0}, {"l": "Fish, Body Oil", "v": 12.0}, {"l": "Honey", "v": 35.0}, {"l": "Palmkernel Oil", "v": 16.0}, {"l": "Cream", "v": 1.0}, {"l": "Alcohol, Non-Food", "v": 332.0}, {"l": "Oilcrops Oil, Other", "v": 78.0}, {"l": "Maize Germ Oil", "v": 14.0}, {"l": "Beer", "v": 45.0}, {"l": "Groundnut Oil", "v": 29.0}, {"l": "Sugar non-centrifugal", "v": 6.0}, {"l": "Soyabean Oil", "v": 37.0}, {"l": "Palm Oil", "v": 281.0}, {"l": "Coconut Oil", "v": 64.0}, {"l": "Olive Oil", "v": 2.0}, {"l": "Beverages, Fermented", "v": 5.0}, {"l": "Cottonseed Oil", "v": 40.0}, {"l": "Fish, Liver Oil", "v": 1.0}]}, {"source": 14, "prod": 169.12099320399224, "target": 3, "value": 50300.0, "supply": [{"l": "Maize", "v": 20526.0}, {"l": "Barley", "v": 2741.0}, {"l": "Cereals, Other", "v": 96.0}, {"l": "Sorghum", "v": 5397.0}, {"l": "Rye", "v": 609.0}, {"l": "Rice", "v": 669.0}, {"l": "Wheat", "v": 20069.0}, {"l": "Oats", "v": 148.0}, {"l": "Millet", "v": 45.0}]}, {"source": 14, "prod": 7.258181378211181, "target": 5, "value": 6942.0, "supply": [{"l": "Roots, Other", "v": 24.0}, {"l": "Nuts", "v": 121.0}, {"l": "Infant food", "v": 12.0}, {"l": "Tomatoes", "v": 264.0}, {"l": "Pepper", "v": 13.0}, {"l": "Treenuts", "v": 120.0}, {"l": "Vegetables, Other", "v": 1024.0}, {"l": "Peas", "v": 25.0}, {"l": "Grapes", "v": 164.0}, {"l": "Pimento", "v": 14.0}, {"l": "Pulses, Other", "v": 44.0}, {"l": "Pineapples", "v": 138.0}, {"l": "Citrus, Other", "v": 4.0}, {"l": "Tea", "v": 36.0}, {"l": "Grapefruit", "v": 177.0}, {"l": "Fruits, Other", "v": 475.0}, {"l": "Coffee", "v": 319.0}, {"l": "Dates", "v": 15.0}, {"l": "Cocoa Beans", "v": 104.0}, {"l": "Potatoes", "v": 341.0}, {"l": "Beans", "v": 249.0}, {"l": "Apples", "v": 93.0}, {"l": "Lemons, Limes", "v": 147.0}, {"l": "Bananas", "v": 746.0}, {"l": "Spices, Other", "v": 82.0}, {"l": "Sweet potatoes", "v": 4.0}, {"l": "Oranges, Mandarines", "v": 278.0}, {"l": "Cassava", "v": 1727.0}, {"l": "Onions", "v": 182.0}]}, {"source": 14, "prod": 38.376980175924331, "target": 4, "value": 8856.0, "supply": [{"l": "Sunflower seed", "v": 5.0}, {"l": "Coconuts - Incl Copra", "v": 368.0}, {"l": "Sesame seed", "v": 105.0}, {"l": "Cottonseed", "v": 108.0}, {"l": "Groundnuts", "v": 105.0}, {"l": "Oilcrops, Other", "v": 210.0}, {"l": "Soyabeans", "v": 6629.0}, {"l": "Rape and Mustardseed", "v": 1307.0}, {"l": "Palm kernels", "v": 19.0}]}, {"source": 14, "prod": 0.0020540403186532262, "target": 6, "value": 6.0, "supply": [{"l": "Sugar cane", "v": 6.0}]}, {"source": 0, "prod": 5.2449812011265093, "target": 15, "value": 470.0, "supply": [{"l": "Beer", "v": 62.0}, {"l": "Beverages, Alcoholic", "v": 11.0}, {"l": "Fats, Animals, Raw", "v": 56.0}, {"l": "Butter, Ghee", "v": 1.0}, {"l": "Beverages, Fermented", "v": 8.0}, {"l": "Fish, Body Oil", "v": 331.0}, {"l": "Fish, Liver Oil", "v": 1.0}]}, {"source": 2, "prod": 1.4742357897271914, "target": 15, "value": 555.0, "supply": [{"l": "Pigmeat", "v": 259.0}, {"l": "Meat, Other", "v": 53.0}, {"l": "Mutton & Goat Meat", "v": 32.0}, {"l": "Poultry Meat", "v": 31.0}, {"l": "Milk - Excluding Butter", "v": 54.0}, {"l": "Offals, Edible", "v": 6.0}, {"l": "Bovine Meat", "v": 56.0}, {"l": "Eggs", "v": 64.0}]}, {"source": 3, "prod": 13.228592514399288, "target": 15, "value": 3364.0, "supply": [{"l": "Maize", "v": 972.0}, {"l": "Barley", "v": 1.0}, {"l": "Rice", "v": 1776.0}, {"l": "Cereals, Other", "v": 53.0}, {"l": "Wheat", "v": 554.0}, {"l": "Sorghum", "v": 5.0}, {"l": "Millet", "v": 3.0}]}, {"source": 4, "prod": 6.0284500365965803, "target": 15, "value": 1290.0, "supply": [{"l": "Sunflower seed", "v": 16.0}, {"l": "Coconuts - Incl Copra", "v": 8.0}, {"l": "Sesame seed", "v": 78.0}, {"l": "Cottonseed", "v": 66.0}, {"l": "Groundnuts", "v": 161.0}, {"l": "Oilcrops, Other", "v": 84.0}, {"l": "Soyabeans", "v": 850.0}, {"l": "Rape and Mustardseed", "v": 27.0}]}, {"source": 5, "prod": 3.5526180683742825, "target": 15, "value": 3775.0, "supply": [{"l": "Roots, Other", "v": 8.0}, {"l": "Nuts", "v": 93.0}, {"l": "Grapefruit", "v": 8.0}, {"l": "Tomatoes", "v": 89.0}, {"l": "Coffee", "v": 22.0}, {"l": "Treenuts", "v": 93.0}, {"l": "Apples", "v": 77.0}, {"l": "Vegetables, Other", "v": 1276.0}, {"l": "Peas", "v": 5.0}, {"l": "Infant food", "v": 2.0}, {"l": "Sweet potatoes", "v": 89.0}, {"l": "Grapes", "v": 8.0}, {"l": "Dates", "v": 4.0}, {"l": "Cocoa Beans", "v": 4.0}, {"l": "Potatoes", "v": 140.0}, {"l": "Pimento", "v": 37.0}, {"l": "Pepper", "v": 5.0}, {"l": "Pineapples", "v": 15.0}, {"l": "Beans", "v": 98.0}, {"l": "Pulses, Other", "v": 47.0}, {"l": "Bananas", "v": 140.0}, {"l": "Citrus, Other", "v": 1.0}, {"l": "Spices, Other", "v": 54.0}, {"l": "Tea", "v": 164.0}, {"l": "Fruits, Other", "v": 412.0}, {"l": "Oranges, Mandarines", "v": 101.0}, {"l": "Onions", "v": 67.0}, {"l": "Cassava", "v": 716.0}]}, {"source": 6, "prod": 0.00034234005310887098, "target": 15, "value": 1.0, "supply": [{"l": "Sugar cane", "v": 1.0}]}, {"source": 9, "prod": 2.3708207080558448, "target": 15, "value": 586.0, "supply": [{"l": "Sugar", "v": 512.0}, {"l": "Sweeteners, Other", "v": 36.0}, {"l": "Honey", "v": 38.0}]}, {"source": 7, "prod": 4.989963896733677, "target": 15, "value": 4945.0, "supply": [{"l": "Freshwater Fish", "v": 42.0}, {"l": "Crustaceans", "v": 210.0}, {"l": "Aquatic Products, Other", "v": 24.0}, {"l": "Marine Fish, Other", "v": 325.0}, {"l": "Demersal Fish", "v": 148.0}, {"l": "Fish, Seafood", "v": 2448.0}, {"l": "Pelagic Fish", "v": 1459.0}, {"l": "Aquatic Plants", "v": 6.0}, {"l": "Cephalopods", "v": 46.0}, {"l": "Molluscs, Other", "v": 219.0}, {"l": "Aquatic Animals, Others", "v": 18.0}]}, {"source": 10, "prod": 2.2861425487927294, "target": 15, "value": 215.0, "supply": [{"l": "Maize Germ Oil", "v": 2.0}, {"l": "Soyabean Oil", "v": 16.0}, {"l": "Palm Oil", "v": 14.0}, {"l": "Sunflowerseed Oil", "v": 30.0}, {"l": "Coconut Oil", "v": 1.0}, {"l": "Rape and Mustard Oil", "v": 35.0}, {"l": "Oilcrops Oil, Other", "v": 43.0}, {"l": "Sesameseed Oil", "v": 5.0}, {"l": "Groundnut Oil", "v": 41.0}, {"l": "Cottonseed Oil", "v": 28.0}]}, {"source": 16, "prod": 0.83232610083195868, "target": 5, "value": 211.0, "supply": [{"l": "Coffee", "v": 1.0}, {"l": "Beans", "v": 110.0}, {"l": "Peas", "v": 100.0}]}, {"source": 10, "prod": 0.40834243354250588, "target": 17, "value": 40.0, "supply": [{"l": "Groundnut Oil", "v": 5.0}, {"l": "Soyabean Oil", "v": 28.0}, {"l": "Rape and Mustard Oil", "v": 7.0}]}, {"source": 0, "prod": 0.32766222333182815, "target": 17, "value": 39.0, "supply": [{"l": "Fats, Animals, Raw", "v": 39.0}]}, {"source": 7, "prod": 0.0070562832102675898, "target": 17, "value": 6.0, "supply": [{"l": "Freshwater Fish", "v": 2.0}, {"l": "Pelagic Fish", "v": 4.0}]}, {"source": 16, "prod": 0.036520823043208972, "target": 1, "value": 40.0, "supply": [{"l": "Cephalopods", "v": 13.0}, {"l": "Fish, Seafood", "v": 17.0}, {"l": "Marine Fish, Other", "v": 10.0}]}, {"source": 5, "prod": 0.00080832242592056964, "target": 17, "value": 2.0, "supply": [{"l": "Fruits, Other", "v": 1.0}, {"l": "Vegetables, Other", "v": 1.0}]}, {"source": 16, "prod": 0.0046309272638727274, "target": 4, "value": 3.0, "supply": [{"l": "Coconuts - Incl Copra", "v": 3.0}]}, {"source": 4, "prod": 7.1148204666933621, "target": 17, "value": 1274.0, "supply": [{"l": "Soyabeans", "v": 275.0}, {"l": "Palm kernels", "v": 1.0}, {"l": "Rape and Mustardseed", "v": 993.0}, {"l": "Groundnuts", "v": 4.0}, {"l": "Oilcrops, Other", "v": 1.0}]}, {"source": 16, "prod": 0.51803008166532927, "target": 11, "value": 90.0, "supply": [{"l": "Sugar", "v": 67.0}, {"l": "Sesameseed Oil", "v": 20.0}, {"l": "Palm Oil", "v": 3.0}]}, {"source": 9, "prod": 0.0070165564604132234, "target": 17, "value": 2.0, "supply": [{"l": "Sweeteners, Other", "v": 2.0}]}, {"source": 16, "prod": 64.814426538493947, "target": 3, "value": 16927.0, "supply": [{"l": "Maize", "v": 250.0}, {"l": "Oats", "v": 1.0}, {"l": "Rye", "v": 100.0}, {"l": "Barley", "v": 356.0}, {"l": "Rice", "v": 4712.0}, {"l": "Sorghum", "v": 620.0}, {"l": "Cereals, Other", "v": 14.0}, {"l": "Wheat", "v": 10274.0}, {"l": "Millet", "v": 600.0}]}, {"source": 18, "prod": 1254.9176541768049, "target": 3, "value": 326960.0, "supply": [{"l": "Maize", "v": 76985.0}, {"l": "Barley", "v": 5063.0}, {"l": "Cereals, Other", "v": 2699.0}, {"l": "Sorghum", "v": 7766.0}, {"l": "Rye", "v": 1703.0}, {"l": "Rice", "v": 135426.0}, {"l": "Wheat", "v": 89168.0}, {"l": "Oats", "v": 1061.0}, {"l": "Millet", "v": 7089.0}]}, {"source": 18, "prod": 190.49153470892952, "target": 4, "value": 35245.0, "supply": [{"l": "Sunflower seed", "v": 1705.0}, {"l": "Coconuts - Incl Copra", "v": 68.0}, {"l": "Sesame seed", "v": 518.0}, {"l": "Cottonseed", "v": 12526.0}, {"l": "Olives", "v": 1.0}, {"l": "Groundnuts", "v": 3476.0}, {"l": "Oilcrops, Other", "v": 2052.0}, {"l": "Soyabeans", "v": 10636.0}, {"l": "Rape and Mustardseed", "v": 4217.0}, {"l": "Palm kernels", "v": 46.0}]}, {"source": 18, "prod": 244.6723325199433, "target": 5, "value": 300024.0, "supply": [{"l": "Roots, Other", "v": 1925.0}, {"l": "Nuts", "v": 443.0}, {"l": "Tomatoes", "v": 7142.0}, {"l": "Pepper", "v": 4.0}, {"l": "Treenuts", "v": 443.0}, {"l": "Vegetables, Other", "v": 103601.0}, {"l": "Peas", "v": 2079.0}, {"l": "Grapes", "v": 800.0}, {"l": "Pimento", "v": 135.0}, {"l": "Pulses, Other", "v": 2465.0}, {"l": "Pineapples", "v": 292.0}, {"l": "Citrus, Other", "v": 426.0}, {"l": "Tea", "v": 531.0}, {"l": "Grapefruit", "v": 38.0}, {"l": "Fruits, Other", "v": 7819.0}, {"l": "Yams", "v": 160.0}, {"l": "Coffee", "v": 9.0}, {"l": "Dates", "v": 10.0}, {"l": "Potatoes", "v": 33179.0}, {"l": "Beans", "v": 2315.0}, {"l": "Apples", "v": 4854.0}, {"l": "Lemons, Limes", "v": 45.0}, {"l": "Bananas", "v": 504.0}, {"l": "Spices, Other", "v": 107.0}, {"l": "Sweet potatoes", "v": 117126.0}, {"l": "Oranges, Mandarines", "v": 4331.0}, {"l": "Cassava", "v": 3868.0}, {"l": "Onions", "v": 5373.0}]}, {"source": 18, "prod": 31.105763062836182, "target": 6, "value": 61347.0, "supply": [{"l": "Sugar cane", "v": 49023.0}, {"l": "Sugar beet", "v": 12324.0}]}, {"source": 1, "prod": 57.374504022021192, "target": 7, "value": 60928.0, "supply": [{"l": "Pelagic Fish", "v": 10739.0}, {"l": "Crustaceans", "v": 1593.0}, {"l": "Freshwater Fish", "v": 3005.0}, {"l": "Molluscs, Other", "v": 2351.0}, {"l": "Aquatic Animals, Others", "v": 230.0}, {"l": "Aquatic Plants", "v": 3349.0}, {"l": "Aquatic Products, Other", "v": 3579.0}, {"l": "Fish, Seafood", "v": 26911.0}, {"l": "Demersal Fish", "v": 4881.0}, {"l": "Cephalopods", "v": 1167.0}, {"l": "Marine Fish, Other", "v": 3185.0}]}, {"source": 1, "prod": 105.36693261930613, "target": 2, "value": 48282.0, "supply": [{"l": "Poultry Meat", "v": 3574.0}, {"l": "Pigmeat", "v": 17700.0}, {"l": "Bovine Meat", "v": 1511.0}, {"l": "Eggs", "v": 7169.0}, {"l": "Milk - Excluding Butter", "v": 15866.0}, {"l": "Offals, Edible", "v": 1445.0}, {"l": "Meat, Other", "v": 419.0}, {"l": "Mutton & Goat Meat", "v": 814.0}]}, {"source": 11, "prod": 54.771061222400625, "target": 0, "value": 20244.0, "supply": [{"l": "Fats, Animals, Raw", "v": 2176.0}, {"l": "Alcohol, Non-Food", "v": 331.0}, {"l": "Beverages, Fermented", "v": 2660.0}, {"l": "Fish, Body Oil", "v": 429.0}, {"l": "Beer", "v": 8191.0}, {"l": "Beverages, Alcoholic", "v": 6022.0}, {"l": "Fish, Liver Oil", "v": 11.0}, {"l": "Wine", "v": 260.0}, {"l": "Butter, Ghee", "v": 163.0}, {"l": "Cream", "v": 1.0}]}, {"source": 11, "prod": 80.354981257146278, "target": 10, "value": 7779.0, "supply": [{"l": "Olive Oil", "v": 2.0}, {"l": "Ricebran Oil", "v": 196.0}, {"l": "Sesameseed Oil", "v": 172.0}, {"l": "Soyabean Oil", "v": 1722.0}, {"l": "Coconut Oil", "v": 116.0}, {"l": "Cottonseed Oil", "v": 934.0}, {"l": "Rape and Mustard Oil", "v": 2073.0}, {"l": "Maize Germ Oil", "v": 140.0}, {"l": "Groundnut Oil", "v": 662.0}, {"l": "Palm Oil", "v": 462.0}, {"l": "Palmkernel Oil", "v": 46.0}, {"l": "Oilcrops Oil, Other", "v": 674.0}, {"l": "Sunflowerseed Oil", "v": 580.0}]}, {"source": 11, "prod": 51.6192814566745, "target": 9, "value": 12754.0, "supply": [{"l": "Honey", "v": 198.0}, {"l": "Sweeteners, Other", "v": 1623.0}, {"l": "Sugar non-centrifugal", "v": 508.0}, {"l": "Sugar", "v": 10425.0}]}]}