{"nodes": [{"name": "Balance", "fill": "#9edae5"}, {"name": "Food", "fill": "#b5cf6b"}, {"name": "Stock Deposit", "fill": "#c7c7c7"}, {"name": "Export", "fill": "#aec7e8"}, {"name": "Biofuels & Other", "fill": "#e7ba52"}, {"name": "Renewables & Nuclear", "fill": "#2ca02c"}, {"name": "Fossil Fuels", "fill": "#c49c94"}, {"name": "Stock Draw", "fill": "#c7c7c7"}, {"name": "Labor", "fill": "#7f7f7f"}], "links": [{"source": 0, "target": 1, "value": 555.47187373780105}, {"source": 0, "target": 2, "value": 2.4237542560709411}, {"source": 0, "target": 3, "value": 11.534061458880826}, {"source": 0, "target": 4, "value": 15.642066756664125}, {"source": 5, "target": 0, "value": 12.318340818801783}, {"source": 6, "target": 0, "value": 330.74997419739566}, {"source": 7, "target": 0, "value": 9.6697871754578077}, {"source": 8, "target": 0, "value": 118.97748751933754}]}