{"nodes": [{"layer": 13, "name": "Other Processed", "fill": "#9c9ede"}, {"layer": 10, "name": "Feed", "fill": "#dbdb8d"}, {"layer": 13, "name": "Animal Products", "fill": "#17becf"}, {"layer": 5, "name": "Cereals", "fill": "#e7ba52"}, {"layer": 5, "name": "Oilcrops", "fill": "#ff9896"}, {"layer": 5, "name": "Sugar Crops", "fill": "#ffbb78"}, {"layer": 5, "name": "Starchy Roots"}, {"layer": 5, "name": "Fruits & Vegetables"}, {"layer": 13, "name": "Aquatic Products", "fill": "#1f77b4"}, {"layer": 16, "name": "Food", "fill": "#b5cf6b"}, {"layer": 13, "name": "Sugar", "fill": "#d6616b"}, {"layer": 5, "name": "Others"}, {"layer": 13, "name": "Vegetable Oils", "fill": "#f7b6d2"}, {"layer": 10, "name": "Processing", "fill": "#9edae5"}, {"layer": 16, "name": "Biofuels & Other", "fill": "#e7ba52"}, {"name": "Waste", "fill": "#c7c7c7"}, {"layer": 0, "name": "Import", "fill": "#aec7e8"}, {"layer": 16, "name": "Export", "fill": "#aec7e8"}, {"layer": 0, "name": "Stock Draw", "fill": "#c7c7c7"}, {"layer": 16, "name": "Stock Deposit", "fill": "#c7c7c7"}, {"layer": 0, "name": "Production", "fill": "#b5cf6b"}], "links": [{"source": 0, "prod": 0.2048034352809211, "target": 1, "value": 21.0, "supply": [{"l": "Fats, Animals, Raw", "v": 16.0}, {"l": "Fish, Body Oil", "v": 5.0}]}, {"source": 2, "prod": 0.38085406027077262, "target": 1, "value": 481.0, "supply": [{"l": "Milk - Excluding Butter", "v": 461.0}, {"l": "Meat, Other", "v": 1.0}, {"l": "Offals, Edible", "v": 19.0}]}, {"source": 3, "prod": 188.71360866572672, "target": 1, "value": 56972.0, "supply": [{"l": "Maize", "v": 39843.0}, {"l": "Oats", "v": 477.0}, {"l": "Rye", "v": 265.0}, {"l": "Barley", "v": 1715.0}, {"l": "Rice", "v": 6764.0}, {"l": "Sorghum", "v": 5417.0}, {"l": "Cereals, Other", "v": 310.0}, {"l": "Wheat", "v": 1274.0}, {"l": "Millet", "v": 907.0}]}, {"source": 4, "prod": 9.9226865550030325, "target": 1, "value": 1709.0, "supply": [{"l": "Soyabeans", "v": 288.0}, {"l": "Cottonseed", "v": 1310.0}, {"l": "Rape and Mustardseed", "v": 26.0}, {"l": "Groundnuts", "v": 8.0}, {"l": "Oilcrops, Other", "v": 77.0}]}, {"source": 5, "prod": 0.027391291386606561, "target": 1, "value": 73.0, "supply": [{"l": "Sugar beet", "v": 8.0}, {"l": "Sugar cane", "v": 65.0}]}, {"source": 6, "prod": 43.239083516604644, "target": 1, "value": 39763.0, "supply": [{"l": "Potatoes", "v": 8182.0}, {"l": "Yams", "v": 7.0}, {"l": "Roots, Other", "v": 77.0}, {"l": "Sweet potatoes", "v": 30713.0}, {"l": "Cassava", "v": 784.0}]}, {"source": 7, "prod": 3.1056933154083182, "target": 1, "value": 1433.0, "supply": [{"l": "Vegetables, Other", "v": 682.0}, {"l": "Beans", "v": 10.0}, {"l": "Peas", "v": 350.0}, {"l": "Pulses, Other", "v": 391.0}]}, {"source": 8, "prod": 6.8019516531300424, "target": 1, "value": 7060.0, "supply": [{"l": "Fish, Seafood", "v": 3400.0}, {"l": "Cephalopods", "v": 103.0}, {"l": "Pelagic Fish", "v": 1826.0}, {"l": "Molluscs, Other", "v": 355.0}, {"l": "Marine Fish, Other", "v": 13.0}, {"l": "Aquatic Products, Other", "v": 130.0}, {"l": "Aquatic Plants", "v": 130.0}, {"l": "Demersal Fish", "v": 1103.0}]}, {"source": 0, "prod": 23.358164752812254, "target": 9, "value": 11086.0, "supply": [{"l": "Beverages, Alcoholic", "v": 2230.0}, {"l": "Butter, Ghee", "v": 91.0}, {"l": "Fats, Animals, Raw", "v": 798.0}, {"l": "Wine", "v": 40.0}, {"l": "Fish, Body Oil", "v": 68.0}, {"l": "Beer", "v": 4481.0}, {"l": "Beverages, Fermented", "v": 3357.0}, {"l": "Fish, Liver Oil", "v": 21.0}]}, {"source": 2, "prod": 54.673920379878425, "target": 9, "value": 25303.0, "supply": [{"l": "Eggs", "v": 3887.0}, {"l": "Pigmeat", "v": 9012.0}, {"l": "Offals, Edible", "v": 759.0}, {"l": "Milk - Excluding Butter", "v": 8092.0}, {"l": "Meat, Other", "v": 358.0}, {"l": "Mutton & Goat Meat", "v": 491.0}, {"l": "Bovine Meat", "v": 785.0}, {"l": "Poultry Meat", "v": 1919.0}]}, {"source": 3, "prod": 569.85469417659215, "target": 9, "value": 142178.0, "supply": [{"l": "Maize", "v": 4573.0}, {"l": "Barley", "v": 4894.0}, {"l": "Cereals, Other", "v": 1712.0}, {"l": "Sorghum", "v": 6699.0}, {"l": "Rye", "v": 1053.0}, {"l": "Rice", "v": 76723.0}, {"l": "Wheat", "v": 40010.0}, {"l": "Oats", "v": 520.0}, {"l": "Millet", "v": 5994.0}]}, {"source": 4, "prod": 27.96838017596227, "target": 9, "value": 6873.0, "supply": [{"l": "Coconuts - Incl Copra", "v": 71.0}, {"l": "Sesame seed", "v": 114.0}, {"l": "Olives", "v": 1.0}, {"l": "Groundnuts", "v": 789.0}, {"l": "Oilcrops, Other", "v": 8.0}, {"l": "Soyabeans", "v": 5884.0}, {"l": "Rape and Mustardseed", "v": 6.0}]}, {"source": 5, "prod": 0.080724906949475414, "target": 9, "value": 290.0, "supply": [{"l": "Sugar cane", "v": 290.0}]}, {"source": 10, "prod": 28.219283011107599, "target": 9, "value": 6762.0, "supply": [{"l": "Sugar", "v": 6151.0}, {"l": "Sweeteners, Other", "v": 260.0}, {"l": "Honey", "v": 100.0}, {"l": "Sugar non-centrifugal", "v": 251.0}]}, {"source": 6, "prod": 124.66479723499026, "target": 9, "value": 112909.0, "supply": [{"l": "Roots, Other", "v": 1332.0}, {"l": "Yams", "v": 110.0}, {"l": "Potatoes", "v": 16962.0}, {"l": "Sweet potatoes", "v": 93052.0}, {"l": "Cassava", "v": 1453.0}]}, {"source": 7, "prod": 47.154023615090949, "target": 9, "value": 80699.0, "supply": [{"l": "Tomatoes", "v": 4560.0}, {"l": "Treenuts", "v": 365.0}, {"l": "Vegetables, Other", "v": 53373.0}, {"l": "Peas", "v": 1536.0}, {"l": "Grapes", "v": 453.0}, {"l": "Pulses, Other", "v": 1813.0}, {"l": "Pineapples", "v": 380.0}, {"l": "Citrus, Other", "v": 164.0}, {"l": "Grapefruit", "v": 104.0}, {"l": "Fruits, Other", "v": 4723.0}, {"l": "Dates", "v": 80.0}, {"l": "Beans", "v": 1983.0}, {"l": "Apples", "v": 2424.0}, {"l": "Lemons, Limes", "v": 85.0}, {"l": "Bananas", "v": 1086.0}, {"l": "Oranges, Mandarines", "v": 3782.0}, {"l": "Onions", "v": 3788.0}]}, {"source": 11, "prod": 2.3527705561369996, "target": 9, "value": 1010.0, "supply": [{"l": "Nuts", "v": 364.0}, {"l": "Infant food", "v": 1.0}, {"l": "Pepper", "v": 7.0}, {"l": "Pimento", "v": 89.0}, {"l": "Tea", "v": 280.0}, {"l": "Coffee", "v": 118.0}, {"l": "Cocoa Beans", "v": 67.0}, {"l": "Spices, Other", "v": 84.0}]}, {"source": 8, "prod": 25.851604278644437, "target": 9, "value": 28852.0, "supply": [{"l": "Crustaceans", "v": 819.0}, {"l": "Marine Fish, Other", "v": 2489.0}, {"l": "Fish, Seafood", "v": 13263.0}, {"l": "Aquatic Animals, Others", "v": 232.0}, {"l": "Demersal Fish", "v": 4792.0}, {"l": "Aquatic Products, Other", "v": 1164.0}, {"l": "Aquatic Plants", "v": 933.0}, {"l": "Freshwater Fish", "v": 1352.0}, {"l": "Cephalopods", "v": 610.0}, {"l": "Pelagic Fish", "v": 2385.0}, {"l": "Molluscs, Other", "v": 813.0}]}, {"source": 12, "prod": 27.996013029717144, "target": 9, "value": 2687.0, "supply": [{"l": "Ricebran Oil", "v": 117.0}, {"l": "Sunflowerseed Oil", "v": 32.0}, {"l": "Rape and Mustard Oil", "v": 648.0}, {"l": "Sesameseed Oil", "v": 85.0}, {"l": "Palmkernel Oil", "v": 8.0}, {"l": "Oilcrops Oil, Other", "v": 77.0}, {"l": "Maize Germ Oil", "v": 41.0}, {"l": "Groundnut Oil", "v": 270.0}, {"l": "Soyabean Oil", "v": 897.0}, {"l": "Palm Oil", "v": 162.0}, {"l": "Coconut Oil", "v": 67.0}, {"l": "Olive Oil", "v": 1.0}, {"l": "Cottonseed Oil", "v": 282.0}]}, {"source": 2, "prod": 0.01307584739802085, "target": 13, "value": 13.0, "supply": [{"l": "Pigmeat", "v": 1.0}, {"l": "Milk - Excluding Butter", "v": 12.0}]}, {"source": 3, "prod": 7.6141337119644223, "target": 13, "value": 2127.0, "supply": [{"l": "Maize", "v": 541.0}, {"l": "Oats", "v": 5.0}, {"l": "Barley", "v": 779.0}, {"l": "Rice", "v": 659.0}, {"l": "Wheat", "v": 143.0}]}, {"source": 4, "prod": 69.651662527592464, "target": 13, "value": 13936.666666666666, "supply": [{"l": "Soyabeans", "v": 5287.0}, {"l": "Oilcrops, Other", "v": 1755.0}, {"l": "Sunflower seed", "v": 70.0}, {"l": "Coconuts - Incl Copra", "v": 570.0}, {"l": "Sesame seed", "v": 221.0}, {"l": "Cottonseed", "v": 2723.0}, {"l": "Rape and Mustardseed", "v": 1742.0}, {"l": "Groundnuts", "v": 706.0}, {"l": "Palm kernels", "v": 52.0}, {"l": "Oil Palm", "v": 810.66666666666674}]}, {"source": 5, "prod": 14.036530995748031, "target": 13, "value": 32549.0, "supply": [{"l": "Sugar beet", "v": 5630.0}, {"l": "Sugar cane", "v": 26919.0}]}, {"source": 10, "prod": 0.09674269182188458, "target": 13, "value": 28.0, "supply": [{"l": "Sugar", "v": 2.0}, {"l": "Sweeteners, Other", "v": 26.0}]}, {"source": 6, "prod": 2.551899809898015, "target": 13, "value": 2847.0, "supply": [{"l": "Potatoes", "v": 2260.0}, {"l": "Sweet potatoes", "v": 281.0}, {"l": "Cassava", "v": 306.0}]}, {"source": 7, "prod": 0.076041436234997942, "target": 13, "value": 111.0, "supply": [{"l": "Fruits, Other", "v": 77.0}, {"l": "Apples", "v": 3.0}, {"l": "Grapes", "v": 31.0}]}, {"source": 0, "prod": 6.2025380030315835, "target": 14, "value": 727.0, "supply": [{"l": "Beer", "v": 4.0}, {"l": "Beverages, Alcoholic", "v": 3.0}, {"l": "Fats, Animals, Raw", "v": 686.0}, {"l": "Beverages, Fermented", "v": 2.0}, {"l": "Fish, Body Oil", "v": 31.0}, {"l": "Fish, Liver Oil", "v": 1.0}]}, {"source": 2, "prod": 0.16944306251354738, "target": 14, "value": 130.0, "supply": [{"l": "Eggs", "v": 34.0}, {"l": "Pigmeat", "v": 6.0}, {"l": "Milk - Excluding Butter", "v": 48.0}, {"l": "Bovine Meat", "v": 1.0}, {"l": "Poultry Meat", "v": 1.0}, {"l": "Offals, Edible", "v": 40.0}]}, {"source": 3, "prod": 6.9417543981533436, "target": 14, "value": 2044.0, "supply": [{"l": "Maize", "v": 1380.0}, {"l": "Barley", "v": 6.0}, {"l": "Rice", "v": 260.0}, {"l": "Wheat", "v": 379.0}, {"l": "Sorghum", "v": 19.0}]}, {"source": 4, "prod": 6.358263133297255, "target": 14, "value": 1025.0, "supply": [{"l": "Coconuts - Incl Copra", "v": 5.0}, {"l": "Rape and Mustardseed", "v": 190.0}, {"l": "Oilcrops, Other", "v": 30.0}, {"l": "Cottonseed", "v": 800.0}]}, {"source": 10, "prod": 0.025339035972133793, "target": 14, "value": 6.0, "supply": [{"l": "Sugar", "v": 6.0}]}, {"source": 6, "prod": 0.22096538584135811, "target": 14, "value": 185.0, "supply": [{"l": "Potatoes", "v": 6.0}, {"l": "Sweet potatoes", "v": 56.0}, {"l": "Cassava", "v": 123.0}]}, {"source": 7, "prod": 0.0069140155653351085, "target": 14, "value": 19.0, "supply": [{"l": "Fruits, Other", "v": 3.0}, {"l": "Vegetables, Other", "v": 11.0}, {"l": "Apples", "v": 1.0}, {"l": "Oranges, Mandarines", "v": 4.0}]}, {"source": 8, "prod": 0.66833818386363175, "target": 14, "value": 1465.0, "supply": [{"l": "Aquatic Products, Other", "v": 700.0}, {"l": "Marine Fish, Other", "v": 20.0}, {"l": "Freshwater Fish", "v": 13.0}, {"l": "Fish, Seafood", "v": 33.0}, {"l": "Aquatic Plants", "v": 699.0}]}, {"source": 12, "prod": 10.549063529870153, "target": 14, "value": 901.0, "supply": [{"l": "Ricebran Oil", "v": 43.0}, {"l": "Groundnut Oil", "v": 1.0}, {"l": "Soyabean Oil", "v": 21.0}, {"l": "Palm Oil", "v": 118.0}, {"l": "Coconut Oil", "v": 71.0}, {"l": "Rape and Mustard Oil", "v": 1.0}, {"l": "Oilcrops Oil, Other", "v": 490.0}, {"l": "Sesameseed Oil", "v": 15.0}, {"l": "Cottonseed Oil", "v": 123.0}, {"l": "Palmkernel Oil", "v": 18.0}]}, {"source": 2, "prod": 0.22667004712094432, "target": 2, "value": 131.0, "supply": [{"l": "Eggs", "v": 131.0}]}, {"source": 3, "prod": 46.253851520145687, "target": 3, "value": 11762.0, "supply": [{"l": "Maize", "v": 1178.0}, {"l": "Oats", "v": 90.0}, {"l": "Rye", "v": 126.0}, {"l": "Barley", "v": 280.0}, {"l": "Rice", "v": 5611.0}, {"l": "Sorghum", "v": 169.0}, {"l": "Cereals, Other", "v": 224.0}, {"l": "Wheat", "v": 3872.0}, {"l": "Millet", "v": 212.0}]}, {"source": 4, "prod": 6.2506751364244648, "target": 4, "value": 1325.0, "supply": [{"l": "Soyabeans", "v": 807.0}, {"l": "Sunflower seed", "v": 2.0}, {"l": "Sesame seed", "v": 8.0}, {"l": "Cottonseed", "v": 301.0}, {"l": "Rape and Mustardseed", "v": 72.0}, {"l": "Groundnuts", "v": 124.0}, {"l": "Oilcrops, Other", "v": 11.0}]}, {"source": 6, "prod": 1.9962850426495167, "target": 6, "value": 2352.0, "supply": [{"l": "Potatoes", "v": 2125.0}, {"l": "Yams", "v": 7.0}, {"l": "Roots, Other", "v": 39.0}, {"l": "Sweet potatoes", "v": 181.0}]}, {"source": 7, "prod": 2.2474902079682, "target": 7, "value": 581.0, "supply": [{"l": "Beans", "v": 176.0}, {"l": "Peas", "v": 162.0}, {"l": "Pulses, Other", "v": 243.0}]}, {"source": 8, "prod": 0.061959620471449359, "target": 8, "value": 76.0, "supply": [{"l": "Aquatic Animals, Others", "v": 7.0}, {"l": "Fish, Seafood", "v": 31.0}, {"l": "Cephalopods", "v": 30.0}, {"l": "Aquatic Products, Other", "v": 7.0}, {"l": "Marine Fish, Other", "v": 1.0}]}, {"source": 0, "prod": 0.0014684019888066039, "target": 15, "value": 1.0, "supply": [{"l": "Beverages, Fermented", "v": 1.0}]}, {"source": 2, "prod": 0.50289252193604217, "target": 15, "value": 326.0, "supply": [{"l": "Pigmeat", "v": 23.0}, {"l": "Meat, Other", "v": 1.0}, {"l": "Eggs", "v": 160.0}, {"l": "Milk - Excluding Butter", "v": 118.0}, {"l": "Mutton & Goat Meat", "v": 3.0}, {"l": "Poultry Meat", "v": 14.0}, {"l": "Bovine Meat", "v": 7.0}]}, {"source": 3, "prod": 48.411140834394637, "target": 15, "value": 12790.0, "supply": [{"l": "Maize", "v": 3399.0}, {"l": "Rye", "v": 65.0}, {"l": "Barley", "v": 313.0}, {"l": "Rice", "v": 5014.0}, {"l": "Cereals, Other", "v": 105.0}, {"l": "Wheat", "v": 3064.0}, {"l": "Oats", "v": 43.0}, {"l": "Sorghum", "v": 429.0}, {"l": "Millet", "v": 358.0}]}, {"source": 4, "prod": 2.9753789887124045, "target": 15, "value": 573.0, "supply": [{"l": "Sunflower seed", "v": 2.0}, {"l": "Coconuts - Incl Copra", "v": 3.0}, {"l": "Sesame seed", "v": 10.0}, {"l": "Cottonseed", "v": 154.0}, {"l": "Groundnuts", "v": 61.0}, {"l": "Oilcrops, Other", "v": 47.0}, {"l": "Soyabeans", "v": 238.0}, {"l": "Rape and Mustardseed", "v": 58.0}]}, {"source": 10, "prod": 0.10980248921257976, "target": 15, "value": 26.0, "supply": [{"l": "Sugar", "v": 26.0}]}, {"source": 6, "prod": 9.8113945705621095, "target": 15, "value": 8996.0, "supply": [{"l": "Roots, Other", "v": 75.0}, {"l": "Yams", "v": 7.0}, {"l": "Potatoes", "v": 1717.0}, {"l": "Sweet potatoes", "v": 7119.0}, {"l": "Cassava", "v": 78.0}]}, {"source": 7, "prod": 3.620532612838685, "target": 15, "value": 7979.0, "supply": [{"l": "Citrus, Other", "v": 24.0}, {"l": "Grapefruit", "v": 18.0}, {"l": "Tomatoes", "v": 419.0}, {"l": "Treenuts", "v": 14.0}, {"l": "Vegetables, Other", "v": 5176.0}, {"l": "Peas", "v": 64.0}, {"l": "Grapes", "v": 58.0}, {"l": "Dates", "v": 4.0}, {"l": "Beans", "v": 77.0}, {"l": "Apples", "v": 286.0}, {"l": "Lemons, Limes", "v": 15.0}, {"l": "Pineapples", "v": 51.0}, {"l": "Bananas", "v": 200.0}, {"l": "Fruits, Other", "v": 512.0}, {"l": "Oranges, Mandarines", "v": 619.0}, {"l": "Pulses, Other", "v": 77.0}, {"l": "Onions", "v": 365.0}]}, {"source": 11, "prod": 0.062158549881150008, "target": 15, "value": 24.0, "supply": [{"l": "Nuts", "v": 14.0}, {"l": "Pimento", "v": 3.0}, {"l": "Spices, Other", "v": 1.0}, {"l": "Tea", "v": 6.0}]}, {"source": 12, "prod": 0.08737362018774622, "target": 15, "value": 8.0, "supply": [{"l": "Soyabean Oil", "v": 3.0}, {"l": "Palm Oil", "v": 4.0}, {"l": "Oilcrops Oil, Other", "v": 1.0}]}, {"source": 16, "prod": 0.66903336944122094, "target": 11, "value": 384.0, "supply": [{"l": "Nuts", "v": 66.0}, {"l": "Infant food", "v": 3.0}, {"l": "Pepper", "v": 6.0}, {"l": "Pimento", "v": 3.0}, {"l": "Tea", "v": 36.0}, {"l": "Coffee", "v": 163.0}, {"l": "Cocoa Beans", "v": 69.0}, {"l": "Spices, Other", "v": 38.0}]}, {"source": 16, "prod": 6.0617031748072394, "target": 1, "value": 5704.0, "supply": [{"l": "Crustaceans", "v": 238.0}, {"l": "Eggs", "v": 93.0}, {"l": "Marine Fish, Other", "v": 28.0}, {"l": "Pigmeat", "v": 170.0}, {"l": "Fish, Seafood", "v": 1503.0}, {"l": "Aquatic Animals, Others", "v": 141.0}, {"l": "Offals, Edible", "v": 30.0}, {"l": "Demersal Fish", "v": 35.0}, {"l": "Aquatic Products, Other", "v": 271.0}, {"l": "Freshwater Fish", "v": 69.0}, {"l": "Milk - Excluding Butter", "v": 1366.0}, {"l": "Meat, Other", "v": 100.0}, {"l": "Cephalopods", "v": 108.0}, {"l": "Mutton & Goat Meat", "v": 145.0}, {"l": "Pelagic Fish", "v": 895.0}, {"l": "Bovine Meat", "v": 190.0}, {"l": "Molluscs, Other", "v": 131.0}, {"l": "Poultry Meat", "v": 61.0}, {"l": "Aquatic Plants", "v": 130.0}]}, {"source": 16, "prod": 26.89660153412914, "target": 13, "value": 5037.0, "supply": [{"l": "Sugar", "v": 3707.0}, {"l": "Beverages, Alcoholic", "v": 59.0}, {"l": "Butter, Ghee", "v": 24.0}, {"l": "Fats, Animals, Raw", "v": 593.0}, {"l": "Sunflowerseed Oil", "v": 7.0}, {"l": "Rape and Mustard Oil", "v": 46.0}, {"l": "Sesameseed Oil", "v": 1.0}, {"l": "Wine", "v": 21.0}, {"l": "Sweeteners, Other", "v": 82.0}, {"l": "Fish, Body Oil", "v": 8.0}, {"l": "Honey", "v": 26.0}, {"l": "Palmkernel Oil", "v": 3.0}, {"l": "Oilcrops Oil, Other", "v": 77.0}, {"l": "Beer", "v": 41.0}, {"l": "Groundnut Oil", "v": 19.0}, {"l": "Sugar non-centrifugal", "v": 4.0}, {"l": "Soyabean Oil", "v": 107.0}, {"l": "Palm Oil", "v": 144.0}, {"l": "Coconut Oil", "v": 44.0}, {"l": "Olive Oil", "v": 1.0}, {"l": "Beverages, Fermented", "v": 2.0}, {"l": "Cottonseed Oil", "v": 21.0}]}, {"source": 16, "prod": 113.96994040013796, "target": 3, "value": 33716.0, "supply": [{"l": "Maize", "v": 10689.0}, {"l": "Barley", "v": 2600.0}, {"l": "Cereals, Other", "v": 103.0}, {"l": "Sorghum", "v": 3782.0}, {"l": "Rye", "v": 153.0}, {"l": "Rice", "v": 757.0}, {"l": "Wheat", "v": 15427.0}, {"l": "Oats", "v": 114.0}, {"l": "Millet", "v": 91.0}]}, {"source": 16, "prod": 2.7936557072908736, "target": 7, "value": 2849.0, "supply": [{"l": "Tomatoes", "v": 9.0}, {"l": "Treenuts", "v": 66.0}, {"l": "Vegetables, Other", "v": 503.0}, {"l": "Peas", "v": 22.0}, {"l": "Grapes", "v": 98.0}, {"l": "Pulses, Other", "v": 39.0}, {"l": "Pineapples", "v": 77.0}, {"l": "Grapefruit", "v": 110.0}, {"l": "Fruits, Other", "v": 313.0}, {"l": "Citrus, Other", "v": 11.0}, {"l": "Dates", "v": 81.0}, {"l": "Beans", "v": 187.0}, {"l": "Apples", "v": 53.0}, {"l": "Lemons, Limes", "v": 91.0}, {"l": "Bananas", "v": 977.0}, {"l": "Oranges, Mandarines", "v": 154.0}, {"l": "Onions", "v": 58.0}]}, {"source": 16, "prod": 0.0092977777600000006, "target": 5, "value": 8.0, "supply": [{"l": "Sugar beet", "v": 8.0}]}, {"source": 16, "prod": 26.401703949248891, "target": 4, "value": 6459.0, "supply": [{"l": "Sunflower seed", "v": 5.0}, {"l": "Coconuts - Incl Copra", "v": 577.0}, {"l": "Sesame seed", "v": 100.0}, {"l": "Cottonseed", "v": 159.0}, {"l": "Groundnuts", "v": 87.0}, {"l": "Rape and Mustardseed", "v": 732.0}, {"l": "Oilcrops, Other", "v": 268.0}, {"l": "Soyabeans", "v": 4519.0}, {"l": "Palm kernels", "v": 12.0}]}, {"source": 16, "prod": 0.63440931558167601, "target": 6, "value": 558.0, "supply": [{"l": "Roots, Other", "v": 27.0}, {"l": "Potatoes", "v": 112.0}, {"l": "Sweet potatoes", "v": 2.0}, {"l": "Cassava", "v": 417.0}]}, {"source": 0, "prod": 1.0857097056007849, "target": 17, "value": 126.0, "supply": [{"l": "Beer", "v": 30.0}, {"l": "Beverages, Alcoholic", "v": 4.0}, {"l": "Fats, Animals, Raw", "v": 29.0}, {"l": "Wine", "v": 2.0}, {"l": "Beverages, Fermented", "v": 4.0}, {"l": "Fish, Body Oil", "v": 57.0}]}, {"source": 2, "prod": 1.2660555952765764, "target": 17, "value": 511.0, "supply": [{"l": "Mutton & Goat Meat", "v": 26.0}, {"l": "Pigmeat", "v": 230.0}, {"l": "Meat, Other", "v": 28.0}, {"l": "Eggs", "v": 57.0}, {"l": "Poultry Meat", "v": 30.0}, {"l": "Milk - Excluding Butter", "v": 101.0}, {"l": "Offals, Edible", "v": 18.0}, {"l": "Bovine Meat", "v": 21.0}]}, {"source": 3, "prod": 15.348391883040586, "target": 17, "value": 3470.0, "supply": [{"l": "Maize", "v": 71.0}, {"l": "Barley", "v": 16.0}, {"l": "Rice", "v": 3227.0}, {"l": "Cereals, Other", "v": 6.0}, {"l": "Wheat", "v": 114.0}, {"l": "Millet", "v": 36.0}]}, {"source": 4, "prod": 1.5960526380606548, "target": 17, "value": 386.0, "supply": [{"l": "Sunflower seed", "v": 3.0}, {"l": "Coconuts - Incl Copra", "v": 2.0}, {"l": "Sesame seed", "v": 3.0}, {"l": "Groundnuts", "v": 32.0}, {"l": "Oilcrops, Other", "v": 21.0}, {"l": "Soyabeans", "v": 322.0}, {"l": "Rape and Mustardseed", "v": 3.0}]}, {"source": 5, "prod": 0.00027836174810163937, "target": 17, "value": 1.0, "supply": [{"l": "Sugar cane", "v": 1.0}]}, {"source": 10, "prod": 3.2917986937465882, "target": 17, "value": 781.0, "supply": [{"l": "Sugar", "v": 746.0}, {"l": "Sweeteners, Other", "v": 18.0}, {"l": "Honey", "v": 17.0}]}, {"source": 6, "prod": 0.11066485954908395, "target": 17, "value": 131.0, "supply": [{"l": "Roots, Other", "v": 5.0}, {"l": "Sweet potatoes", "v": 6.0}, {"l": "Potatoes", "v": 119.0}, {"l": "Cassava", "v": 1.0}]}, {"source": 7, "prod": 1.376996286994485, "target": 17, "value": 1902.0, "supply": [{"l": "Grapefruit", "v": 10.0}, {"l": "Tomatoes", "v": 16.0}, {"l": "Treenuts", "v": 44.0}, {"l": "Vegetables, Other", "v": 636.0}, {"l": "Peas", "v": 15.0}, {"l": "Grapes", "v": 16.0}, {"l": "Pulses, Other", "v": 33.0}, {"l": "Dates", "v": 2.0}, {"l": "Pineapples", "v": 121.0}, {"l": "Beans", "v": 67.0}, {"l": "Apples", "v": 152.0}, {"l": "Lemons, Limes", "v": 2.0}, {"l": "Bananas", "v": 276.0}, {"l": "Fruits, Other", "v": 330.0}, {"l": "Oranges, Mandarines", "v": 142.0}, {"l": "Onions", "v": 40.0}]}, {"source": 11, "prod": 0.28821448054840071, "target": 17, "value": 152.0, "supply": [{"l": "Infant food", "v": 1.0}, {"l": "Nuts", "v": 44.0}, {"l": "Coffee", "v": 24.0}, {"l": "Cocoa Beans", "v": 2.0}, {"l": "Pimento", "v": 10.0}, {"l": "Spices, Other", "v": 7.0}, {"l": "Tea", "v": 64.0}]}, {"source": 8, "prod": 3.191134028053348, "target": 17, "value": 3361.0, "supply": [{"l": "Crustaceans", "v": 92.0}, {"l": "Aquatic Products, Other", "v": 92.0}, {"l": "Marine Fish, Other", "v": 79.0}, {"l": "Demersal Fish", "v": 149.0}, {"l": "Freshwater Fish", "v": 65.0}, {"l": "Fish, Seafood", "v": 1589.0}, {"l": "Pelagic Fish", "v": 986.0}, {"l": "Cephalopods", "v": 75.0}, {"l": "Aquatic Plants", "v": 83.0}, {"l": "Molluscs, Other", "v": 142.0}, {"l": "Aquatic Animals, Others", "v": 9.0}]}, {"source": 12, "prod": 1.3517525509785218, "target": 17, "value": 123.0, "supply": [{"l": "Ricebran Oil", "v": 1.0}, {"l": "Soyabean Oil", "v": 12.0}, {"l": "Palm Oil", "v": 12.0}, {"l": "Rape and Mustard Oil", "v": 21.0}, {"l": "Oilcrops Oil, Other", "v": 47.0}, {"l": "Sesameseed Oil", "v": 1.0}, {"l": "Groundnut Oil", "v": 23.0}, {"l": "Cottonseed Oil", "v": 5.0}, {"l": "Palmkernel Oil", "v": 1.0}]}, {"source": 18, "prod": 0.32627920593642284, "target": 7, "value": 85.0, "supply": [{"l": "Beans", "v": 85.0}]}, {"source": 18, "prod": 3.0187063802190632, "target": 4, "value": 767.0, "supply": [{"l": "Cottonseed", "v": 10.0}, {"l": "Sesame seed", "v": 20.0}, {"l": "Soyabeans", "v": 717.0}, {"l": "Rape and Mustardseed", "v": 20.0}]}, {"source": 2, "prod": 0.0086047634970608123, "target": 19, "value": 5.0, "supply": [{"l": "Bovine Meat", "v": 5.0}]}, {"source": 11, "prod": 0.0023244444400000001, "target": 19, "value": 2.0, "supply": [{"l": "Tea", "v": 2.0}]}, {"source": 18, "prod": 7.0444925218517227, "target": 6, "value": 6123.0, "supply": [{"l": "Potatoes", "v": 91.0}, {"l": "Sweet potatoes", "v": 6032.0}]}, {"source": 8, "prod": 0.010194064968786514, "target": 19, "value": 10.0, "supply": [{"l": "Fish, Seafood", "v": 5.0}, {"l": "Pelagic Fish", "v": 5.0}]}, {"source": 3, "prod": 4.574134460008346, "target": 19, "value": 1122.0, "supply": [{"l": "Barley", "v": 88.0}, {"l": "Rice", "v": 726.0}, {"l": "Cereals, Other", "v": 8.0}, {"l": "Millet", "v": 300.0}]}, {"source": 7, "prod": 0.015968354052857608, "target": 19, "value": 45.0, "supply": [{"l": "Fruits, Other", "v": 10.0}, {"l": "Vegetables, Other", "v": 35.0}]}, {"source": 12, "prod": 0.014150055528500001, "target": 19, "value": 1.0, "supply": [{"l": "Sunflowerseed Oil", "v": 1.0}]}, {"source": 4, "prod": 0.085363425897387282, "target": 19, "value": 28.0, "supply": [{"l": "Oilcrops, Other", "v": 5.0}, {"l": "Sunflower seed", "v": 2.0}, {"l": "Coconuts - Incl Copra", "v": 19.0}, {"l": "Palm kernels", "v": 2.0}]}, {"source": 18, "prod": 0.0098806422224870707, "target": 11, "value": 27.0, "supply": [{"l": "Coffee", "v": 27.0}]}, {"source": 18, "prod": 2.7291850000086653, "target": 13, "value": 464.0, "supply": [{"l": "Sugar", "v": 317.0}, {"l": "Groundnut Oil", "v": 21.0}, {"l": "Sweeteners, Other", "v": 1.0}, {"l": "Fats, Animals, Raw", "v": 50.0}, {"l": "Soyabean Oil", "v": 53.0}, {"l": "Rape and Mustard Oil", "v": 20.0}, {"l": "Palmkernel Oil", "v": 2.0}]}, {"source": 5, "prod": 0.13918087405081969, "target": 19, "value": 500.0, "supply": [{"l": "Sugar cane", "v": 500.0}]}, {"source": 18, "prod": 10.365848110633983, "target": 3, "value": 2937.0, "supply": [{"l": "Maize", "v": 278.0}, {"l": "Oats", "v": 27.0}, {"l": "Sorghum", "v": 96.0}, {"l": "Wheat", "v": 2536.0}]}, {"source": 20, "prod": 774.94772708453104, "target": 3, "value": 199436.0, "supply": [{"l": "Maize", "v": 40575.0}, {"l": "Barley", "v": 5314.0}, {"l": "Cereals, Other", "v": 2247.0}, {"l": "Sorghum", "v": 9047.0}, {"l": "Rye", "v": 1356.0}, {"l": "Rice", "v": 96776.0}, {"l": "Wheat", "v": 35966.0}, {"l": "Oats", "v": 1038.0}, {"l": "Millet", "v": 7117.0}]}, {"source": 20, "prod": 97.809409384005477, "target": 4, "value": 19296.0, "supply": [{"l": "Sunflower seed", "v": 70.0}, {"l": "Coconuts - Incl Copra", "v": 54.0}, {"l": "Sesame seed", "v": 276.0}, {"l": "Cottonseed", "v": 5139.0}, {"l": "Olives", "v": 1.0}, {"l": "Groundnuts", "v": 1633.0}, {"l": "Oilcrops, Other", "v": 1675.0}, {"l": "Soyabeans", "v": 9025.0}, {"l": "Rape and Mustardseed", "v": 1385.0}, {"l": "Palm kernels", "v": 38.0}]}, {"source": 20, "prod": 13.996168542273296, "target": 5, "value": 32404.0, "supply": [{"l": "Sugar cane", "v": 26774.0}, {"l": "Sugar beet", "v": 5630.0}]}, {"source": 20, "prod": 189.00293501783779, "target": 6, "value": 172746.0, "supply": [{"l": "Roots, Other", "v": 1501.0}, {"l": "Yams", "v": 130.0}, {"l": "Potatoes", "v": 31350.0}, {"l": "Sweet potatoes", "v": 137437.0}, {"l": "Cassava", "v": 2328.0}]}, {"source": 20, "prod": 55.103858187824315, "target": 7, "value": 89917.0, "supply": [{"l": "Tomatoes", "v": 4986.0}, {"l": "Treenuts", "v": 357.0}, {"l": "Vegetables, Other", "v": 59341.0}, {"l": "Peas", "v": 2105.0}, {"l": "Grapes", "v": 461.0}, {"l": "Pulses, Other", "v": 2517.0}, {"l": "Pineapples", "v": 475.0}, {"l": "Citrus, Other", "v": 178.0}, {"l": "Grapefruit", "v": 22.0}, {"l": "Fruits, Other", "v": 5321.0}, {"l": "Dates", "v": 6.0}, {"l": "Beans", "v": 2211.0}, {"l": "Apples", "v": 2813.0}, {"l": "Lemons, Limes", "v": 10.0}, {"l": "Bananas", "v": 586.0}, {"l": "Oranges, Mandarines", "v": 4392.0}, {"l": "Onions", "v": 4136.0}]}, {"source": 20, "prod": 2.0532644068499266, "target": 11, "value": 830.0, "supply": [{"l": "Nuts", "v": 357.0}, {"l": "Pepper", "v": 2.0}, {"l": "Pimento", "v": 99.0}, {"l": "Tea", "v": 312.0}, {"l": "Coffee", "v": 6.0}, {"l": "Spices, Other", "v": 54.0}]}, {"source": 1, "prod": 36.523222208660243, "target": 8, "value": 40748.0, "supply": [{"l": "Demersal Fish", "v": 6044.0}, {"l": "Pelagic Fish", "v": 5202.0}, {"l": "Crustaceans", "v": 911.0}, {"l": "Freshwater Fish", "v": 1430.0}, {"l": "Molluscs, Other", "v": 1310.0}, {"l": "Aquatic Animals, Others", "v": 248.0}, {"l": "Marine Fish, Other", "v": 2602.0}, {"l": "Aquatic Products, Other", "v": 2093.0}, {"l": "Fish, Seafood", "v": 18321.0}, {"l": "Aquatic Plants", "v": 1845.0}, {"l": "Cephalopods", "v": 818.0}]}, {"source": 1, "prod": 57.014846230770438, "target": 2, "value": 26769.0, "supply": [{"l": "Poultry Meat", "v": 1964.0}, {"l": "Pigmeat", "v": 9272.0}, {"l": "Bovine Meat", "v": 819.0}, {"l": "Eggs", "v": 4269.0}, {"l": "Milk - Excluding Butter", "v": 8832.0}, {"l": "Offals, Edible", "v": 836.0}, {"l": "Meat, Other", "v": 388.0}, {"l": "Mutton & Goat Meat", "v": 520.0}]}, {"source": 13, "prod": 30.852684298714351, "target": 0, "value": 11961.0, "supply": [{"l": "Fats, Animals, Raw", "v": 1529.0}, {"l": "Beverages, Fermented", "v": 3364.0}, {"l": "Fish, Body Oil", "v": 161.0}, {"l": "Beer", "v": 4515.0}, {"l": "Beverages, Alcoholic", "v": 2237.0}, {"l": "Fish, Liver Oil", "v": 22.0}, {"l": "Butter, Ghee", "v": 91.0}, {"l": "Wine", "v": 42.0}]}, {"source": 13, "prod": 39.998352786282076, "target": 12, "value": 3720.0, "supply": [{"l": "Olive Oil", "v": 1.0}, {"l": "Ricebran Oil", "v": 161.0}, {"l": "Sesameseed Oil", "v": 101.0}, {"l": "Soyabean Oil", "v": 933.0}, {"l": "Coconut Oil", "v": 138.0}, {"l": "Cottonseed Oil", "v": 410.0}, {"l": "Rape and Mustard Oil", "v": 670.0}, {"l": "Maize Germ Oil", "v": 41.0}, {"l": "Groundnut Oil", "v": 294.0}, {"l": "Palm Oil", "v": 296.0}, {"l": "Palmkernel Oil", "v": 27.0}, {"l": "Oilcrops Oil, Other", "v": 615.0}, {"l": "Sunflowerseed Oil", "v": 33.0}]}, {"source": 13, "prod": 31.742965921860787, "target": 10, "value": 7603.0, "supply": [{"l": "Honey", "v": 117.0}, {"l": "Sweeteners, Other", "v": 304.0}, {"l": "Sugar non-centrifugal", "v": 251.0}, {"l": "Sugar", "v": 6931.0}]}]}