{"nodes": [{"layer": 3, "name": "Cereals", "fill": "#e7ba52"}, {"layer": 5, "name": "Production", "fill": "#b5cf6b"}, {"layer": 3, "name": "Oilcrops", "fill": "#ff9896"}, {"layer": 3, "name": "Fruits, Roots & Vegetables", "fill": "#98df8a"}, {"layer": 3, "name": "Sugar Crops", "fill": "#ffbb78"}, {"layer": 1, "name": "Electricity", "fill": "#bcbd22"}, {"layer": 0, "name": "Fossil Fuels", "fill": "#c49c94"}, {"layer": 0, "name": "Renewables & Nuclear", "fill": "#2ca02c"}, {"layer": 1, "name": "Fertilizers", "fill": "#c5b0d5"}, {"layer": 0, "name": "Labor", "fill": "#7f7f7f"}], "links": [{"source": 0, "prod": 81861.0, "target": 1, "value": 234.33323676857458, "supply": [{"l": "Maize", "v": 30.330150418751547}, {"l": "Rye", "v": 16.984274620578422}, {"l": "Barley", "v": 54.289046377678339}, {"l": "Rice", "v": 0.14334335321429303}, {"l": "Cereals, Other", "v": 8.6336147629038962}, {"l": "Wheat", "v": 105.48414701534701}, {"l": "Oats", "v": 17.534026254890215}, {"l": "Sorghum", "v": 0.91730736660451184}, {"l": "Millet", "v": 0.017326598606326533}]}, {"source": 2, "prod": 1615.1111111111115, "target": 1, "value": 7.5684397058468145, "supply": [{"l": "Olives", "v": 0.018866740704666665}, {"l": "Sunflower seed", "v": 0.2968952219416538}, {"l": "Oilcrops, Other", "v": 1.25227991427225}, {"l": "Soyabeans", "v": 0.019421644843039217}, {"l": "Rape and Mustardseed", "v": 5.7640086659815362}, {"l": "Oil Palm", "v": 0.21696751810366877}]}, {"source": 3, "prod": 83270.0, "target": 1, "value": 56.467024760675798, "supply": [{"l": "Nuts", "v": 0.2486366900007857}, {"l": "Tomatoes", "v": 0.27017241108813239}, {"l": "Treenuts", "v": 0.24765393628536761}, {"l": "Vegetables, Other", "v": 3.6412564855198566}, {"l": "Peas", "v": 0.43282522793058825}, {"l": "Grapes", "v": 9.7579983255510712}, {"l": "Potatoes", "v": 35.909128980911767}, {"l": "Beans", "v": 0.17687569410625004}, {"l": "Apples", "v": 2.5465397200201165}, {"l": "Spices, Other", "v": 0.018192928536642859}, {"l": "Fruits, Other", "v": 2.1543248221120814}, {"l": "Oranges, Mandarines", "v": 0.00643350970272474}, {"l": "Onions", "v": 0.32375587879724654}, {"l": "Pulses, Other", "v": 0.73323015011318193}]}, {"source": 4, "prod": 58052.0, "target": 1, "value": 91.271002615609106, "supply": [{"l": "Sugar beet", "v": 91.271002615609106}]}, {"source": 5, "prod": 0, "target": 3, "value": 0.016626198050448987, "supply": "[{\"l\":'Energy for power irrigation',\"v\":0.016626198050448987}]"}, {"source": 5, "prod": 0, "target": 4, "value": 0.0099713220917398426, "supply": "[{\"l\":'Energy for power irrigation',\"v\":0.0099713220917398426}]"}, {"source": 5, "prod": 0, "target": 0, "value": 0.016359302281897473, "supply": "[{\"l\":'Energy for power irrigation',\"v\":0.016359302281897473}]"}, {"source": 5, "prod": 0, "target": 2, "value": 0.0011086498333882937, "supply": "[{\"l\":'Energy for power irrigation',\"v\":0.0011086498333882937}]"}, {"source": 6, "prod": 0, "target": 5, "value": 0.079660837565684511, "supply": [{"l": "Coal", "v": 0.040706925397475315}, {"l": "Natural gas", "v": 0.011609820492194813}, {"l": "Oil", "v": 0.027344091676014381}]}, {"source": 7, "prod": 0, "target": 5, "value": 0.012845493105570642, "supply": [{"l": "Nuclear", "v": 0.0020754102356918811}, {"l": "Hydroelectric", "v": 0.010640886561648662}, {"l": "Renewable", "v": 0.00012919630823009879}]}, {"source": 6, "prod": 0, "target": 3, "value": 16.354027161357759, "supply": [{"l": "Motor Gasoline", "v": 0.18107577532523078}, {"l": "Gas-Diesel oil", "v": 14.133070643663089}, {"l": "Natural gas (including LNG)", "v": 0.048036733050142257}, {"l": "Fuel oil", "v": 1.3464818549275366}, {"l": "Liquefied petroleum gas (LPG)", "v": 0.55522777528676426}, {"l": "Coal", "v": 0.090134379104994194}]}, {"source": 6, "prod": 0, "target": 4, "value": 9.808091532901976, "supply": [{"l": "Motor Gasoline", "v": 0.10859758035485662}, {"l": "Gas-Diesel oil", "v": 8.4761049462821685}, {"l": "Natural gas (including LNG)", "v": 0.028809336688068499}, {"l": "Fuel oil", "v": 0.8075330406522625}, {"l": "Liquefied petroleum gas (LPG)", "v": 0.33298983717537095}, {"l": "Coal", "v": 0.054056791749248524}]}, {"source": 6, "prod": 0, "target": 0, "value": 16.091500476970943, "supply": [{"l": "Motor Gasoline", "v": 0.1781690158799959}, {"l": "Gas-Diesel oil", "v": 13.906196361281289}, {"l": "Natural gas (including LNG)", "v": 0.047265612632400367}, {"l": "Fuel oil", "v": 1.3248671533330341}, {"l": "Liquefied petroleum gas (LPG)", "v": 0.54631485705033644}, {"l": "Coal", "v": 0.088687476793885778}]}, {"source": 6, "prod": 0, "target": 2, "value": 1.0905012338149842, "supply": [{"l": "Motor Gasoline", "v": 0.012074295490516666}, {"l": "Gas-Diesel oil", "v": 0.94240585651744591}, {"l": "Natural gas (including LNG)", "v": 0.0032031325460555298}, {"l": "Fuel oil", "v": 0.089784620608766408}, {"l": "Liquefied petroleum gas (LPG)", "v": 0.037023087220328238}, {"l": "Coal", "v": 0.006010241431871466}]}, {"source": 8, "prod": 2801.3814053292563, "target": 3, "value": 36.440185568708692, "supply": [{"l": "Potash", "v": 3.8661760855003475}, {"l": "Phosphate", "v": 4.7153322954389312}, {"l": "Nitrogen", "v": 87.998237713917092}]}, {"source": 8, "prod": 1680.0880279177527, "target": 4, "value": 21.854474864658073, "supply": [{"l": "Potash", "v": 3.8661760855003475}, {"l": "Phosphate", "v": 4.7153322954389312}, {"l": "Nitrogen", "v": 87.998237713917092}]}, {"source": 8, "prod": 2756.4116027975779, "target": 0, "value": 35.85522132709378, "supply": [{"l": "Potash", "v": 3.8661760855003475}, {"l": "Phosphate", "v": 4.7153322954389312}, {"l": "Nitrogen", "v": 87.998237713917092}]}, {"source": 8, "prod": 186.7986306220786, "target": 2, "value": 2.4298643343958251, "supply": [{"l": "Potash", "v": 3.8661760855003475}, {"l": "Phosphate", "v": 4.7153322954389312}, {"l": "Nitrogen", "v": 87.998237713917092}]}, {"source": 6, "prod": 0, "target": 8, "value": 117.61895058378656, "supply": [{"l": "Natural gas (including LNG)", "v": 78.807079321607787}, {"l": "Fuel oil", "v": 23.256318376800817}, {"l": "Liquefied petroleum gas (LPG)", "v": 7.7777764426889693}, {"l": "Coal", "v": 7.7777764426889693}]}, {"source": 9, "prod": 0, "target": 3, "value": 1.6989129955310207, "supply": "[{\"l\":'Labor',\"v\":1.6989129955310207}]"}, {"source": 9, "prod": 0, "target": 4, "value": 1.0188985258614136, "supply": "[{\"l\":'Labor',\"v\":1.0188985258614136}]"}, {"source": 9, "prod": 0, "target": 0, "value": 1.6716408141057453, "supply": "[{\"l\":'Labor',\"v\":1.6716408141057453}]"}, {"source": 9, "prod": 0, "target": 2, "value": 0.1132850459089659, "supply": "[{\"l\":'Labor',\"v\":0.1132850459089659}]"}]}