{"nodes": [{"name": "Balance", "fill": "#9edae5"}, {"name": "Food", "fill": "#b5cf6b"}, {"name": "Stock Deposit", "fill": "#c7c7c7"}, {"name": "Export", "fill": "#aec7e8"}, {"name": "Biofuels & Other", "fill": "#e7ba52"}, {"name": "Crop Residue", "fill": "#bd9e39"}, {"name": "Renewables & Nuclear", "fill": "#2ca02c"}, {"name": "Fossil Fuels", "fill": "#c49c94"}, {"name": "Stock Draw", "fill": "#c7c7c7"}, {"name": "Labor", "fill": "#7f7f7f"}], "links": [{"source": 0, "target": 1, "value": 233.64711482138301}, {"source": 0, "target": 2, "value": 19.477629557709005}, {"source": 0, "target": 3, "value": 145.84151683990248}, {"source": 0, "target": 4, "value": 27.981549662313153}, {"source": 0, "target": 5, "value": 935.3725339155551}, {"source": 6, "target": 0, "value": 85.878357351718591}, {"source": 7, "target": 0, "value": 610.05674825915685}, {"source": 8, "target": 0, "value": 3.724903983740036}, {"source": 9, "target": 0, "value": 4.5750574347193886}]}