{"nodes": [{"name": "Balance", "fill": "#9edae5"}, {"name": "Food", "fill": "#b5cf6b"}, {"name": "Stock Deposit", "fill": "#c7c7c7"}, {"name": "Export", "fill": "#aec7e8"}, {"name": "Biofuels & Other", "fill": "#e7ba52"}, {"name": "Crop Residue", "fill": "#bd9e39"}, {"name": "Renewables & Nuclear", "fill": "#2ca02c"}, {"name": "Fossil Fuels", "fill": "#c49c94"}, {"name": "Stock Draw", "fill": "#c7c7c7"}, {"name": "Labor", "fill": "#7f7f7f"}], "links": [{"source": 0, "target": 1, "value": 249.26253086022228}, {"source": 0, "target": 2, "value": 39.62716455900771}, {"source": 0, "target": 3, "value": 236.8119628031574}, {"source": 0, "target": 4, "value": 35.567180553063203}, {"source": 0, "target": 5, "value": 1190.1592171123946}, {"source": 6, "target": 0, "value": 86.266916761403422}, {"source": 7, "target": 0, "value": 508.33115171794333}, {"source": 8, "target": 0, "value": 4.9348186164083438}, {"source": 9, "target": 0, "value": 4.4083241474110828}]}