{"nodes": [{"layer": 3, "name": "Cereals", "fill": "#e7ba52"}, {"layer": 5, "name": "Production", "fill": "#b5cf6b"}, {"layer": 3, "name": "Oilcrops", "fill": "#ff9896"}, {"layer": 3, "name": "Fruits, Roots & Vegetables", "fill": "#98df8a"}, {"layer": 3, "name": "Sugar Crops", "fill": "#ffbb78"}, {"layer": 1, "name": "Electricity", "fill": "#bcbd22"}, {"layer": 0, "name": "Fossil Fuels", "fill": "#c49c94"}, {"layer": 0, "name": "Renewables & Nuclear", "fill": "#2ca02c"}, {"layer": 1, "name": "Fertilizers", "fill": "#c5b0d5"}, {"layer": 0, "name": "Labor", "fill": "#7f7f7f"}], "links": [{"source": 0, "prod": 73056.0, "target": 1, "value": 202.32559493528908, "supply": [{"l": "Maize", "v": 29.468527107136783}, {"l": "Rye", "v": 13.912477887322755}, {"l": "Barley", "v": 49.121545397305432}, {"l": "Rice", "v": 0.12295910321317242}, {"l": "Cereals, Other", "v": 6.5310996297344603}, {"l": "Wheat", "v": 86.680274898601581}, {"l": "Oats", "v": 15.516652996647238}, {"l": "Sorghum", "v": 0.96503378704370002}, {"l": "Millet", "v": 0.0070241282839316544}]}, {"source": 2, "prod": 1471.3483146067415, "target": 1, "value": 7.3729392209646063, "supply": [{"l": "Olives", "v": 0.029530550668173915}, {"l": "Sunflower seed", "v": 0.50847916931761961}, {"l": "Oilcrops, Other", "v": 1.496368372138875}, {"l": "Soyabeans", "v": 0.011186192546179054}, {"l": "Rape and Mustardseed", "v": 5.0669503188141745}, {"l": "Oil Palm", "v": 0.26042461747958434}]}, {"source": 3, "prod": 70265.0, "target": 1, "value": 47.242065376662268, "supply": [{"l": "Nuts", "v": 0.30817914531822066}, {"l": "Tomatoes", "v": 0.26840886580623441}, {"l": "Treenuts", "v": 0.30927978512292864}, {"l": "Vegetables, Other", "v": 3.4873472441213882}, {"l": "Peas", "v": 0.58443020043293037}, {"l": "Grapes", "v": 9.5193487849731717}, {"l": "Potatoes", "v": 26.446325506847622}, {"l": "Beans", "v": 0.19284504248841433}, {"l": "Apples", "v": 3.3587639667806979}, {"l": "Spices, Other", "v": 0.016326987148269231}, {"l": "Fruits, Other", "v": 1.6778744705948982}, {"l": "Oranges, Mandarines", "v": 0.0062552512474855172}, {"l": "Onions", "v": 0.26214839715957899}, {"l": "Pulses, Other", "v": 0.80453172862042865}]}, {"source": 4, "prod": 64219.0, "target": 1, "value": 41.940111506988075, "supply": [{"l": "Sugar beet", "v": 41.940111506988075}]}, {"source": 5, "prod": 0, "target": 3, "value": 0.015577540648492972, "supply": "[{\"l\":'Energy for power irrigation',\"v\":0.015577540648492972}]"}, {"source": 5, "prod": 0, "target": 4, "value": 0.011491522823865598, "supply": "[{\"l\":'Energy for power irrigation',\"v\":0.011491522823865598}]"}, {"source": 5, "prod": 0, "target": 0, "value": 0.015799078198147853, "supply": "[{\"l\":'Energy for power irrigation',\"v\":0.015799078198147853}]"}, {"source": 5, "prod": 0, "target": 2, "value": 0.00119733058696817, "supply": "[{\"l\":'Energy for power irrigation',\"v\":0.00119733058696817}]"}, {"source": 6, "prod": 0, "target": 5, "value": 0.077999691210909328, "supply": [{"l": "Coal", "v": 0.041031926485533179}, {"l": "Natural gas", "v": 0.011160825325728879}, {"l": "Oil", "v": 0.025806939399647268}]}, {"source": 7, "prod": 0, "target": 5, "value": 0.013457229066187286, "supply": [{"l": "Nuclear", "v": 0.0028008424499199381}, {"l": "Hydroelectric", "v": 0.010515200479319493}, {"l": "Renewable", "v": 0.00014118613694785503}]}, {"source": 6, "prod": 0, "target": 3, "value": 14.645105038283701, "supply": [{"l": "Motor Gasoline", "v": 0.19140547954869241}, {"l": "Gas-Diesel oil", "v": 12.528064070542644}, {"l": "Natural gas (including LNG)", "v": 0.045006931797566874}, {"l": "Fuel oil", "v": 1.3131287885886178}, {"l": "Liquefied petroleum gas (LPG)", "v": 0.4830503975969257}, {"l": "Coal", "v": 0.08444937020925275}]}, {"source": 6, "prod": 0, "target": 4, "value": 10.803666804851359, "supply": [{"l": "Motor Gasoline", "v": 0.14119946700697777}, {"l": "Gas-Diesel oil", "v": 9.2419296122600194}, {"l": "Natural gas (including LNG)", "v": 0.033201530052430817}, {"l": "Fuel oil", "v": 0.96869267012318361}, {"l": "Liquefied petroleum gas (LPG)", "v": 0.35634538174672947}, {"l": "Coal", "v": 0.062298143662015637}]}, {"source": 6, "prod": 0, "target": 0, "value": 14.853381861809986, "supply": [{"l": "Motor Gasoline", "v": 0.19412757168676278}, {"l": "Gas-Diesel oil", "v": 12.706233184572582}, {"l": "Natural gas (including LNG)", "v": 0.045647002371793352}, {"l": "Fuel oil", "v": 1.3318035807634241}, {"l": "Liquefied petroleum gas (LPG)", "v": 0.48992014705598369}, {"l": "Coal", "v": 0.085650375359437703}]}, {"source": 6, "prod": 0, "target": 2, "value": 1.1256611430120151, "supply": [{"l": "Motor Gasoline", "v": 0.01471192663516697}, {"l": "Gas-Diesel oil", "v": 0.96293982764274411}, {"l": "Natural gas (including LNG)", "v": 0.003459350694875604}, {"l": "Fuel oil", "v": 0.10093051905197351}, {"l": "Liquefied petroleum gas (LPG)", "v": 0.037128519137960884}, {"l": "Coal", "v": 0.00649099984929386}]}, {"source": 8, "prod": 2624.6910196207132, "target": 3, "value": 34.141808621115125, "supply": [{"l": "Potash", "v": 3.8661760855003475}, {"l": "Phosphate", "v": 4.7153322954389312}, {"l": "Nitrogen", "v": 87.998237713917092}]}, {"source": 8, "prod": 1936.2296936445127, "target": 4, "value": 25.186348851257996, "supply": [{"l": "Potash", "v": 3.8661760855003475}, {"l": "Phosphate", "v": 4.7153322954389312}, {"l": "Nitrogen", "v": 87.998237713917092}]}, {"source": 8, "prod": 2662.0183250156242, "target": 0, "value": 34.627359761271478, "supply": [{"l": "Potash", "v": 3.8661760855003475}, {"l": "Phosphate", "v": 4.7153322954389312}, {"l": "Nitrogen", "v": 87.998237713917092}]}, {"source": 8, "prod": 201.74062838581526, "target": 2, "value": 2.624228861211765, "supply": [{"l": "Potash", "v": 3.8661760855003475}, {"l": "Phosphate", "v": 4.7153322954389312}, {"l": "Nitrogen", "v": 87.998237713917092}]}, {"source": 6, "prod": 0, "target": 8, "value": 117.61895058378656, "supply": [{"l": "Natural gas (including LNG)", "v": 78.807079321607787}, {"l": "Fuel oil", "v": 23.256318376800817}, {"l": "Liquefied petroleum gas (LPG)", "v": 7.7777764426889693}, {"l": "Coal", "v": 7.7777764426889693}]}, {"source": 9, "prod": 0, "target": 3, "value": 1.5802486438928265, "supply": "[{\"l\":'Labor',\"v\":1.5802486438928265}]"}, {"source": 9, "prod": 0, "target": 4, "value": 1.1657464915961486, "supply": "[{\"l\":'Labor',\"v\":1.1657464915961486}]"}, {"source": 9, "prod": 0, "target": 0, "value": 1.6027223077601283, "supply": "[{\"l\":'Labor',\"v\":1.6027223077601283}]"}, {"source": 9, "prod": 0, "target": 2, "value": 0.12146205097727664, "supply": "[{\"l\":'Labor',\"v\":0.12146205097727664}]"}]}