{"nodes": [{"layer": 3, "name": "Cereals", "fill": "#e7ba52"}, {"layer": 5, "name": "Production", "fill": "#b5cf6b"}, {"layer": 3, "name": "Oilcrops", "fill": "#ff9896"}, {"layer": 3, "name": "Fruits, Roots & Vegetables", "fill": "#98df8a"}, {"layer": 3, "name": "Sugar Crops", "fill": "#ffbb78"}, {"layer": 1, "name": "Electricity", "fill": "#bcbd22"}, {"layer": 0, "name": "Fossil Fuels", "fill": "#c49c94"}, {"layer": 0, "name": "Renewables & Nuclear", "fill": "#2ca02c"}, {"layer": 1, "name": "Fertilizers", "fill": "#c5b0d5"}, {"layer": 0, "name": "Labor", "fill": "#7f7f7f"}], "links": [{"source": 0, "prod": 77455.0, "target": 1, "value": 232.51578404249949, "supply": [{"l": "Maize", "v": 32.203254111175298}, {"l": "Rye", "v": 15.968151320785068}, {"l": "Barley", "v": 69.258411560756571}, {"l": "Rice", "v": 0.06907145749505085}, {"l": "Cereals, Other", "v": 4.9286012765977949}, {"l": "Wheat", "v": 96.235893233731517}, {"l": "Oats", "v": 12.816358371648381}, {"l": "Sorghum", "v": 1.0256208131241242}, {"l": "Millet", "v": 0.010421897185661676}]}, {"source": 2, "prod": 1366.2972972972968, "target": 1, "value": 6.3031771711485929, "supply": [{"l": "Olives", "v": 0.01326567705796875}, {"l": "Sunflower seed", "v": 0.34271183769220293}, {"l": "Oilcrops, Other", "v": 1.3329352307847}, {"l": "Soyabeans", "v": 0.011910478394492807}, {"l": "Rape and Mustardseed", "v": 4.4015761322878113}, {"l": "Oil Palm", "v": 0.200777814931417}]}, {"source": 3, "prod": 71188.0, "target": 1, "value": 48.168372173344231, "supply": [{"l": "Nuts", "v": 0.2593439864832891}, {"l": "Tomatoes", "v": 0.26701080177417313}, {"l": "Treenuts", "v": 0.25853606129175238}, {"l": "Vegetables, Other", "v": 3.740048852343604}, {"l": "Peas", "v": 0.45715564015153853}, {"l": "Grapes", "v": 8.0929456531495312}, {"l": "Potatoes", "v": 30.436711738813123}, {"l": "Beans", "v": 0.23619708074496157}, {"l": "Apples", "v": 1.9303163662725167}, {"l": "Lemons, Limes", "v": 0.00021439478073484848}, {"l": "Spices, Other", "v": 0.0070750277642500003}, {"l": "Fruits, Other", "v": 1.5821692704079868}, {"l": "Oranges, Mandarines", "v": 0.0096780235038112176}, {"l": "Onions", "v": 0.38156727683696579}, {"l": "Pulses, Other", "v": 0.50940199902600003}]}, {"source": 4, "prod": 70742.0, "target": 1, "value": 82.21792428724001, "supply": [{"l": "Sugar beet", "v": 82.21792428724001}]}, {"source": 5, "prod": 0, "target": 3, "value": 0.015327136547903405, "supply": "[{\"l\":'Energy for power irrigation',\"v\":0.015327136547903405}]"}, {"source": 5, "prod": 0, "target": 4, "value": 0.012132883062611963, "supply": "[{\"l\":'Energy for power irrigation',\"v\":0.012132883062611963}]"}, {"source": 5, "prod": 0, "target": 0, "value": 0.015454954533619876, "supply": "[{\"l\":'Energy for power irrigation',\"v\":0.015454954533619876}]"}, {"source": 5, "prod": 0, "target": 2, "value": 0.0011504981133393609, "supply": "[{\"l\":'Energy for power irrigation',\"v\":0.0011504981133393609}]"}, {"source": 6, "prod": 0, "target": 5, "value": 0.07862815876246787, "supply": [{"l": "Coal", "v": 0.041990880720895254}, {"l": "Natural gas", "v": 0.010297729783471075}, {"l": "Oil", "v": 0.026339548258101541}]}, {"source": 7, "prod": 0, "target": 5, "value": 0.013183325099464493, "supply": [{"l": "Nuclear", "v": 0.0035576783535598623}, {"l": "Hydroelectric", "v": 0.0094778549102791827}, {"l": "Renewable", "v": 0.00014779183562544935}]}, {"source": 6, "prod": 0, "target": 3, "value": 15.598808325097277, "supply": [{"l": "Motor Gasoline", "v": 0.18832869624664131}, {"l": "Gas-Diesel oil", "v": 12.787839248423948}, {"l": "Natural gas (including LNG)", "v": 0.041159462651892673}, {"l": "Fuel oil", "v": 1.8814318880933698}, {"l": "Liquefied petroleum gas (LPG)", "v": 0.61695715672220808}, {"l": "Coal", "v": 0.083091872959219937}]}, {"source": 6, "prod": 0, "target": 4, "value": 12.347937054843547, "supply": [{"l": "Motor Gasoline", "v": 0.14908003473142073}, {"l": "Gas-Diesel oil", "v": 10.122788280752337}, {"l": "Natural gas (including LNG)", "v": 0.032581620560017045}, {"l": "Fuel oil", "v": 1.4893318799086852}, {"l": "Liquefied petroleum gas (LPG)", "v": 0.48838013635208649}, {"l": "Coal", "v": 0.06577510253900154}]}, {"source": 6, "prod": 0, "target": 0, "value": 15.728891870282629, "supply": [{"l": "Motor Gasoline", "v": 0.18989923060781314}, {"l": "Gas-Diesel oil", "v": 12.894481206580389}, {"l": "Natural gas (including LNG)", "v": 0.041502704821941509}, {"l": "Fuel oil", "v": 1.8971217616354521}, {"l": "Liquefied petroleum gas (LPG)", "v": 0.62210216347536973}, {"l": "Coal", "v": 0.083784803161665949}]}, {"source": 6, "prod": 0, "target": 2, "value": 1.1708905634315381, "supply": [{"l": "Motor Gasoline", "v": 0.014136483291724893}, {"l": "Gas-Diesel oil", "v": 0.95989129365532322}, {"l": "Natural gas (including LNG)", "v": 0.0030895453941487809}, {"l": "Fuel oil", "v": 0.14122558580089292}, {"l": "Liquefied petroleum gas (LPG)", "v": 0.046310544869335772}, {"l": "Coal", "v": 0.0062371104201125625}]}, {"source": 8, "prod": 2582.4999312503401, "target": 3, "value": 33.592989711045476, "supply": [{"l": "Potash", "v": 3.8661760855003475}, {"l": "Phosphate", "v": 4.7153322954389312}, {"l": "Nitrogen", "v": 87.998237713917092}]}, {"source": 8, "prod": 2044.2937646660341, "target": 4, "value": 26.592039198828331, "supply": [{"l": "Potash", "v": 3.8661760855003475}, {"l": "Phosphate", "v": 4.7153322954389312}, {"l": "Nitrogen", "v": 87.998237713917092}]}, {"source": 8, "prod": 2604.0362396334281, "target": 0, "value": 33.873132597855431, "supply": [{"l": "Potash", "v": 3.8661760855003475}, {"l": "Phosphate", "v": 4.7153322954389312}, {"l": "Nitrogen", "v": 87.998237713917092}]}, {"source": 8, "prod": 193.84973111686477, "target": 2, "value": 2.5215845871271458, "supply": [{"l": "Potash", "v": 3.8661760855003475}, {"l": "Phosphate", "v": 4.7153322954389312}, {"l": "Nitrogen", "v": 87.998237713917092}]}, {"source": 6, "prod": 0, "target": 8, "value": 117.61895058378656, "supply": [{"l": "Natural gas (including LNG)", "v": 78.807079321607787}, {"l": "Fuel oil", "v": 23.256318376800817}, {"l": "Liquefied petroleum gas (LPG)", "v": 7.7777764426889693}, {"l": "Coal", "v": 7.7777764426889693}]}, {"source": 9, "prod": 0, "target": 3, "value": 1.591325961667192, "supply": "[{\"l\":'Labor',\"v\":1.591325961667192}]"}, {"source": 9, "prod": 0, "target": 4, "value": 1.2596855092315087, "supply": "[{\"l\":'Labor',\"v\":1.2596855092315087}]"}, {"source": 9, "prod": 0, "target": 0, "value": 1.6045965473635431, "supply": "[{\"l\":'Labor',\"v\":1.6045965473635431}]"}, {"source": 9, "prod": 0, "target": 2, "value": 0.11944941645714546, "supply": "[{\"l\":'Labor',\"v\":0.11944941645714546}]"}]}