{"nodes": [{"layer": 5, "name": "Sunflower seed"}, {"layer": 10, "name": "Feed", "fill": "#dbdb8d"}, {"layer": 5, "name": "Maize"}, {"layer": 5, "name": "Rye"}, {"layer": 5, "name": "Wheat"}, {"layer": 5, "name": "Oats"}, {"layer": 5, "name": "Soyabeans"}, {"layer": 5, "name": "Potatoes"}, {"layer": 5, "name": "Vegetables, Other"}, {"layer": 13, "name": "Milk - Excluding Butter"}, {"layer": 13, "name": "Pelagic Fish"}, {"layer": 5, "name": "Beans"}, {"layer": 5, "name": "Barley"}, {"layer": 13, "name": "Fish, Seafood"}, {"layer": 5, "name": "Sugar beet"}, {"layer": 5, "name": "Cereals, Other"}, {"layer": 5, "name": "Pulses, Other"}, {"layer": 16, "name": "Food", "fill": "#b5cf6b"}, {"layer": 5, "name": "Olives"}, {"layer": 5, "name": "Nuts"}, {"layer": 13, "name": "Sugar", "fill": "#d6616b"}, {"layer": 13, "name": "Oilcrops Oil, Other"}, {"layer": 13, "name": "Beer"}, {"layer": 5, "name": "Grapefruit"}, {"layer": 13, "name": "Beverages, Alcoholic"}, {"layer": 5, "name": "Cocoa Beans"}, {"layer": 13, "name": "Honey"}, {"layer": 5, "name": "Rice"}, {"layer": 13, "name": "Butter, Ghee"}, {"layer": 5, "name": "Tomatoes"}, {"layer": 13, "name": "Fats, Animals, Raw"}, {"layer": 5, "name": "Coffee"}, {"layer": 13, "name": "Soyabean Oil"}, {"layer": 5, "name": "Treenuts"}, {"layer": 13, "name": "Eggs"}, {"layer": 5, "name": "Peas"}, {"layer": 13, "name": "Marine Fish, Other"}, {"layer": 5, "name": "Grapes"}, {"layer": 5, "name": "Pimento"}, {"layer": 13, "name": "Palm Oil"}, {"layer": 5, "name": "Rape and Mustardseed"}, {"layer": 13, "name": "Wine"}, {"layer": 13, "name": "Sunflowerseed Oil"}, {"layer": 13, "name": "Olive Oil"}, {"layer": 13, "name": "Pigmeat"}, {"layer": 13, "name": "Freshwater Fish"}, {"layer": 5, "name": "Groundnuts"}, {"layer": 5, "name": "Pineapples"}, {"layer": 5, "name": "Apples"}, {"layer": 13, "name": "Meat, Other"}, {"layer": 5, "name": "Lemons, Limes"}, {"layer": 13, "name": "Cephalopods"}, {"layer": 13, "name": "Mutton & Goat Meat"}, {"layer": 13, "name": "Sweeteners, Other"}, {"layer": 5, "name": "Bananas"}, {"layer": 13, "name": "Bovine Meat"}, {"layer": 5, "name": "Fruits, Other"}, {"layer": 13, "name": "Molluscs, Other"}, {"layer": 13, "name": "Poultry Meat"}, {"layer": 13, "name": "Offals, Edible"}, {"layer": 13, "name": "Demersal Fish"}, {"layer": 5, "name": "Oranges, Mandarines"}, {"layer": 5, "name": "Onions"}, {"layer": 13, "name": "Cream"}, {"layer": 10, "name": "Processing", "fill": "#9edae5"}, {"layer": 16, "name": "Biofuels & Other", "fill": "#e7ba52"}, {"layer": 13, "name": "Alcohol, Non-Food"}, {"layer": 13, "name": "Coconut Oil"}, {"layer": 13, "name": "Rape and Mustard Oil"}, {"name": "Waste", "fill": "#c7c7c7"}, {"layer": 2, "name": "Import", "fill": "#aec7e8"}, {"layer": 5, "name": "Pepper"}, {"layer": 5, "name": "Oilcrops, Other"}, {"layer": 16, "name": "Export", "fill": "#aec7e8"}, {"layer": 5, "name": "Infant food"}, {"layer": 13, "name": "Beverages, Fermented"}, {"layer": 16, "name": "Stock Deposit", "fill": "#c7c7c7"}, {"layer": 0, "name": "Stock Draw", "fill": "#c7c7c7"}, {"layer": 2, "name": "Electricity", "fill": "#bcbd22"}, {"layer": 0, "name": "Fossil Fuels", "fill": "#c49c94"}, {"layer": 0, "name": "Renewables & Nuclear", "fill": "#2ca02c"}, {"layer": 2, "name": "Fertilizers", "fill": "#c5b0d5"}, {"layer": 0, "name": "Labor", "fill": "#7f7f7f"}], "links": [{"source": 0, "prod": 5.0, "target": 1, "value": 0.034571158393494325, "supply": [{"l": "Sunflower seed", "v": 0.034571158393494325}]}, {"source": 2, "prod": 1794.0, "target": 1, "value": 6.0529186437387894, "supply": [{"l": "Maize", "v": 6.0529186437387894}]}, {"source": 3, "prod": 6.0, "target": 1, "value": 0.0169800666342, "supply": [{"l": "Rye", "v": 0.0169800666342}]}, {"source": 4, "prod": 240.0, "target": 1, "value": 0.76966364182281177, "supply": [{"l": "Wheat", "v": 0.76966364182281177}]}, {"source": 5, "prod": 52.0, "target": 1, "value": 0.12494766013845282, "supply": [{"l": "Oats", "v": 0.12494766013845282}]}, {"source": 6, "prod": 24.0, "target": 1, "value": 0.16594156028877274, "supply": [{"l": "Soyabeans", "v": 0.16594156028877274}]}, {"source": 7, "prod": 37.0, "target": 1, "value": 0.028753430913748289, "supply": [{"l": "Potatoes", "v": 0.028753430913748289}]}, {"source": 8, "prod": 19.0, "target": 1, "value": 0.0063118174492044913, "supply": [{"l": "Vegetables, Other", "v": 0.0063118174492044913}]}, {"source": 9, "prod": 5.0, "target": 1, "value": 0.003174172441005632, "supply": [{"l": "Milk - Excluding Butter", "v": 0.003174172441005632}]}, {"source": 10, "prod": 55.0, "target": 1, "value": 0.076549480727950814, "supply": [{"l": "Pelagic Fish", "v": 0.076549480727950814}]}, {"source": 11, "prod": 3.0, "target": 1, "value": 0.01203080758068318, "supply": [{"l": "Beans", "v": 0.01203080758068318}]}, {"source": 12, "prod": 108.0, "target": 1, "value": 0.33545985301712195, "supply": [{"l": "Barley", "v": 0.33545985301712195}]}, {"source": 13, "prod": 55.0, "target": 1, "value": 0.047882784509569835, "supply": [{"l": "Fish, Seafood", "v": 0.047882784509569835}]}, {"source": 14, "prod": 16.0, "target": 1, "value": 0.018595555520000001, "supply": [{"l": "Sugar beet", "v": 0.018595555520000001}]}, {"source": 15, "prod": 1.0, "target": 1, "value": 0.0039797031173906252, "supply": [{"l": "Cereals, Other", "v": 0.0039797031173906252}]}, {"source": 16, "prod": 3.0, "target": 1, "value": 0.012735049975650002, "supply": [{"l": "Pulses, Other", "v": 0.012735049975650002}]}, {"source": 2, "prod": 56.0, "target": 17, "value": 0.18894283391826769, "supply": [{"l": "Maize", "v": 0.18894283391826769}]}, {"source": 18, "prod": 8.0, "target": 17, "value": 0.016257510607212766, "supply": [{"l": "Olives", "v": 0.016257510607212766}]}, {"source": 3, "prod": 1.0, "target": 17, "value": 0.0028300111056999999, "supply": [{"l": "Rye", "v": 0.0028300111056999999}]}, {"source": 19, "prod": 13.0, "target": 17, "value": 0.035185205189994968, "supply": [{"l": "Nuts", "v": 0.035185205189994968}]}, {"source": 20, "prod": 125.0, "target": 17, "value": 0.35375138821250007, "supply": [{"l": "Sugar", "v": 0.35375138821250007}]}, {"source": 21, "prod": 1.0, "target": 17, "value": 0.0080857460162857154, "supply": [{"l": "Oilcrops Oil, Other", "v": 0.0080857460162857154}]}, {"source": 22, "prod": 342.0, "target": 17, "value": 0.19556677379405471, "supply": [{"l": "Beer", "v": 0.19556677379405471}]}, {"source": 23, "prod": 3.0, "target": 17, "value": 0.0016454681162377243, "supply": [{"l": "Grapefruit", "v": 0.0016454681162377243}]}, {"source": 24, "prod": 2.0, "target": 17, "value": 0.0061745696851636363, "supply": [{"l": "Beverages, Alcoholic", "v": 0.0061745696851636363}]}, {"source": 25, "prod": 5.0, "target": 17, "value": 0.046232854697079218, "supply": [{"l": "Cocoa Beans", "v": 0.046232854697079218}]}, {"source": 26, "prod": 1.0, "target": 17, "value": 0.0028300111056999999, "supply": [{"l": "Honey", "v": 0.0028300111056999999}]}, {"source": 27, "prod": 9.0, "target": 17, "value": 0.038005122963981675, "supply": [{"l": "Rice", "v": 0.038005122963981675}]}, {"source": 28, "prod": 2.0, "target": 17, "value": 0.017415452958153846, "supply": [{"l": "Butter, Ghee", "v": 0.017415452958153846}]}, {"source": 29, "prod": 89.0, "target": 17, "value": 0.019071503412970724, "supply": [{"l": "Tomatoes", "v": 0.019071503412970724}]}, {"source": 30, "prod": 15.0, "target": 17, "value": 0.13336114281285399, "supply": [{"l": "Fats, Animals, Raw", "v": 0.13336114281285399}]}, {"source": 31, "prod": 19.0, "target": 17, "value": 0.011306820071838785, "supply": [{"l": "Coffee", "v": 0.011306820071838785}]}, {"source": 4, "prod": 391.0, "target": 17, "value": 1.2539103498029975, "supply": [{"l": "Wheat", "v": 1.2539103498029975}]}, {"source": 32, "prod": 13.0, "target": 17, "value": 0.13459808917353658, "supply": [{"l": "Soyabean Oil", "v": 0.13459808917353658}]}, {"source": 33, "prod": 13.0, "target": 17, "value": 0.036406913703536464, "supply": [{"l": "Treenuts", "v": 0.036406913703536464}]}, {"source": 34, "prod": 45.0, "target": 17, "value": 0.072156843798414513, "supply": [{"l": "Eggs", "v": 0.072156843798414513}]}, {"source": 8, "prod": 375.0, "target": 17, "value": 0.12457534439219391, "supply": [{"l": "Vegetables, Other", "v": 0.12457534439219391}]}, {"source": 35, "prod": 1.0, "target": 17, "value": 0.00424501665855, "supply": [{"l": "Peas", "v": 0.00424501665855}]}, {"source": 36, "prod": 1.0, "target": 17, "value": 0.00087226369696232885, "supply": [{"l": "Marine Fish, Other", "v": 0.00087226369696232885}]}, {"source": 37, "prod": 98.0, "target": 17, "value": 0.061460628999135743, "supply": [{"l": "Grapes", "v": 0.061460628999135743}]}, {"source": 38, "prod": 1.0, "target": 17, "value": 0.0030321547561071431, "supply": [{"l": "Pimento", "v": 0.0030321547561071431}]}, {"source": 39, "prod": 2.0, "target": 17, "value": 0.020824610023075472, "supply": [{"l": "Palm Oil", "v": 0.020824610023075472}]}, {"source": 40, "prod": 1.0, "target": 17, "value": 0.0069142316786988643, "supply": [{"l": "Rape and Mustardseed", "v": 0.0069142316786988643}]}, {"source": 41, "prod": 205.0, "target": 17, "value": 0.16260588101831999, "supply": [{"l": "Wine", "v": 0.16260588101831999}]}, {"source": 42, "prod": 28.0, "target": 17, "value": 0.28843989412818566, "supply": [{"l": "Sunflowerseed Oil", "v": 0.28843989412818566}]}, {"source": 43, "prod": 6.0, "target": 17, "value": 0.062260244325399998, "supply": [{"l": "Olive Oil", "v": 0.062260244325399998}]}, {"source": 44, "prod": 84.0, "target": 17, "value": 0.14722127478553029, "supply": [{"l": "Pigmeat", "v": 0.14722127478553029}]}, {"source": 15, "prod": 1.0, "target": 17, "value": 0.0039797031173906252, "supply": [{"l": "Cereals, Other", "v": 0.0039797031173906252}]}, {"source": 7, "prod": 513.0, "target": 17, "value": 0.39866243402034784, "supply": [{"l": "Potatoes", "v": 0.39866243402034784}]}, {"source": 45, "prod": 3.0, "target": 17, "value": 0.0019592384577923078, "supply": [{"l": "Freshwater Fish", "v": 0.0019592384577923078}]}, {"source": 46, "prod": 2.0, "target": 17, "value": 0.013506871186295457, "supply": [{"l": "Groundnuts", "v": 0.013506871186295457}]}, {"source": 9, "prod": 709.0, "target": 17, "value": 0.45009765213459862, "supply": [{"l": "Milk - Excluding Butter", "v": 0.45009765213459862}]}, {"source": 47, "prod": 1.0, "target": 17, "value": 0.00037074381297379916, "supply": [{"l": "Pineapples", "v": 0.00037074381297379916}]}, {"source": 11, "prod": 20.0, "target": 17, "value": 0.080205383871221198, "supply": [{"l": "Beans", "v": 0.080205383871221198}]}, {"source": 48, "prod": 71.0, "target": 17, "value": 0.038566370154452974, "supply": [{"l": "Apples", "v": 0.038566370154452974}]}, {"source": 13, "prod": 19.0, "target": 17, "value": 0.0165413255578514, "supply": [{"l": "Fish, Seafood", "v": 0.0165413255578514}]}, {"source": 49, "prod": 3.0, "target": 17, "value": 0.0036385857073285718, "supply": [{"l": "Meat, Other", "v": 0.0036385857073285718}]}, {"source": 50, "prod": 11.0, "target": 17, "value": 0.0019456326351687499, "supply": [{"l": "Lemons, Limes", "v": 0.0019456326351687499}]}, {"source": 51, "prod": 4.0, "target": 17, "value": 0.0041414796668780484, "supply": [{"l": "Cephalopods", "v": 0.0041414796668780484}]}, {"source": 52, "prod": 5.0, "target": 17, "value": 0.014150055528500001, "supply": [{"l": "Mutton & Goat Meat", "v": 0.014150055528500001}]}, {"source": 53, "prod": 45.0, "target": 17, "value": 0.011473017996081081, "supply": [{"l": "Sweeteners, Other", "v": 0.011473017996081081}]}, {"source": 10, "prod": 3.0, "target": 17, "value": 0.0041754262215245898, "supply": [{"l": "Pelagic Fish", "v": 0.0041754262215245898}]}, {"source": 54, "prod": 45.0, "target": 17, "value": 0.030686867411204823, "supply": [{"l": "Bananas", "v": 0.030686867411204823}]}, {"source": 55, "prod": 29.0, "target": 17, "value": 0.069138804860003122, "supply": [{"l": "Bovine Meat", "v": 0.069138804860003122}]}, {"source": 56, "prod": 90.0, "target": 17, "value": 0.049841138891154033, "supply": [{"l": "Fruits, Other", "v": 0.049841138891154033}]}, {"source": 57, "prod": 2.0, "target": 17, "value": 0.00040047326967452835, "supply": [{"l": "Molluscs, Other", "v": 0.00040047326967452835}]}, {"source": 58, "prod": 30.0, "target": 17, "value": 0.045892071984324323, "supply": [{"l": "Poultry Meat", "v": 0.045892071984324323}]}, {"source": 59, "prod": 8.0, "target": 17, "value": 0.010167704571377247, "supply": [{"l": "Offals, Edible", "v": 0.010167704571377247}]}, {"source": 60, "prod": 6.0, "target": 17, "value": 0.0019744263528139534, "supply": [{"l": "Demersal Fish", "v": 0.0019744263528139534}]}, {"source": 61, "prod": 72.0, "target": 17, "value": 0.021012832459822502, "supply": [{"l": "Oranges, Mandarines", "v": 0.021012832459822502}]}, {"source": 62, "prod": 64.0, "target": 17, "value": 0.023138202936596169, "supply": [{"l": "Onions", "v": 0.023138202936596169}]}, {"source": 63, "prod": 2.0, "target": 17, "value": 0.004994137245352942, "supply": [{"l": "Cream", "v": 0.004994137245352942}]}, {"source": 0, "prod": 55.0, "target": 64, "value": 0.38028274232843751, "supply": [{"l": "Sunflower seed", "v": 0.38028274232843751}]}, {"source": 2, "prod": 27.0, "target": 64, "value": 0.091097437782021923, "supply": [{"l": "Maize", "v": 0.091097437782021923}]}, {"source": 18, "prod": 27.0, "target": 64, "value": 0.054869098299343083, "supply": [{"l": "Olives", "v": 0.054869098299343083}]}, {"source": 30, "prod": 7.0, "target": 64, "value": 0.062235199979331864, "supply": [{"l": "Fats, Animals, Raw", "v": 0.062235199979331864}]}, {"source": 6, "prod": 97.0, "target": 64, "value": 0.67068047283378984, "supply": [{"l": "Soyabeans", "v": 0.67068047283378984}]}, {"source": 56, "prod": 17.0, "target": 64, "value": 0.0094144373461068735, "supply": [{"l": "Fruits, Other", "v": 0.0094144373461068735}]}, {"source": 40, "prod": 16.0, "target": 64, "value": 0.11062770685918183, "supply": [{"l": "Rape and Mustardseed", "v": 0.11062770685918183}]}, {"source": 12, "prod": 71.0, "target": 64, "value": 0.22053379226125611, "supply": [{"l": "Barley", "v": 0.22053379226125611}]}, {"source": 37, "prod": 300.0, "target": 64, "value": 0.18814478265041554, "supply": [{"l": "Grapes", "v": 0.18814478265041554}]}, {"source": 14, "prod": 1100.0, "target": 64, "value": 1.2784444420000001, "supply": [{"l": "Sugar beet", "v": 1.2784444420000001}]}, {"source": 48, "prod": 1.0, "target": 64, "value": 0.00054318831203454892, "supply": [{"l": "Apples", "v": 0.00054318831203454892}]}, {"source": 30, "prod": 1.0, "target": 65, "value": 0.0088907428541902655, "supply": [{"l": "Fats, Animals, Raw", "v": 0.0088907428541902655}]}, {"source": 66, "prod": 10.0, "target": 65, "value": 0.0079319941960156095, "supply": [{"l": "Alcohol, Non-Food", "v": 0.0079319941960156095}]}, {"source": 7, "prod": 1.0, "target": 65, "value": 0.00077711975442562933, "supply": [{"l": "Potatoes", "v": 0.00077711975442562933}]}, {"source": 67, "prod": 1.0, "target": 65, "value": 0.010353699167195123, "supply": [{"l": "Coconut Oil", "v": 0.010353699167195123}]}, {"source": 68, "prod": 8.0, "target": 65, "value": 0.081504319844160025, "supply": [{"l": "Rape and Mustard Oil", "v": 0.081504319844160025}]}, {"source": 9, "prod": 6.0, "target": 65, "value": 0.0038090069292067586, "supply": [{"l": "Milk - Excluding Butter", "v": 0.0038090069292067586}]}, {"source": 59, "prod": 26.0, "target": 65, "value": 0.033045039856976051, "supply": [{"l": "Offals, Edible", "v": 0.033045039856976051}]}, {"source": 21, "prod": 2.0, "target": 65, "value": 0.016171492032571431, "supply": [{"l": "Oilcrops Oil, Other", "v": 0.016171492032571431}]}, {"source": 2, "prod": 7.0, "target": 2, "value": 0.023617854239783461, "supply": [{"l": "Maize", "v": 0.023617854239783461}]}, {"source": 4, "prod": 27.0, "target": 4, "value": 0.086587159705066322, "supply": [{"l": "Wheat", "v": 0.086587159705066322}]}, {"source": 5, "prod": 3.0, "target": 5, "value": 0.0072085188541415098, "supply": [{"l": "Oats", "v": 0.0072085188541415098}]}, {"source": 6, "prod": 2.0, "target": 6, "value": 0.013828463357397729, "supply": [{"l": "Soyabeans", "v": 0.013828463357397729}]}, {"source": 7, "prod": 98.0, "target": 7, "value": 0.076157735933711682, "supply": [{"l": "Potatoes", "v": 0.076157735933711682}]}, {"source": 34, "prod": 2.0, "target": 34, "value": 0.0032069708354850895, "supply": [{"l": "Eggs", "v": 0.0032069708354850895}]}, {"source": 3, "prod": 1.0, "target": 3, "value": 0.0028300111056999999, "supply": [{"l": "Rye", "v": 0.0028300111056999999}]}, {"source": 11, "prod": 1.0, "target": 11, "value": 0.0040102691935610599, "supply": [{"l": "Beans", "v": 0.0040102691935610599}]}, {"source": 12, "prod": 8.0, "target": 12, "value": 0.024848878001268292, "supply": [{"l": "Barley", "v": 0.024848878001268292}]}, {"source": 0, "prod": 2.0, "target": 69, "value": 0.013828463357397729, "supply": [{"l": "Sunflower seed", "v": 0.013828463357397729}]}, {"source": 2, "prod": 43.0, "target": 69, "value": 0.14508110461581267, "supply": [{"l": "Maize", "v": 0.14508110461581267}]}, {"source": 4, "prod": 28.0, "target": 69, "value": 0.0897940915459947, "supply": [{"l": "Wheat", "v": 0.0897940915459947}]}, {"source": 54, "prod": 2.0, "target": 69, "value": 0.0013638607738313256, "supply": [{"l": "Bananas", "v": 0.0013638607738313256}]}, {"source": 5, "prod": 1.0, "target": 69, "value": 0.0024028396180471702, "supply": [{"l": "Oats", "v": 0.0024028396180471702}]}, {"source": 6, "prod": 5.0, "target": 69, "value": 0.034571158393494325, "supply": [{"l": "Soyabeans", "v": 0.034571158393494325}]}, {"source": 7, "prod": 37.0, "target": 69, "value": 0.028753430913748289, "supply": [{"l": "Potatoes", "v": 0.028753430913748289}]}, {"source": 8, "prod": 22.0, "target": 69, "value": 0.0073084202043420428, "supply": [{"l": "Vegetables, Other", "v": 0.0073084202043420428}]}, {"source": 56, "prod": 6.0, "target": 69, "value": 0.0033227425927436025, "supply": [{"l": "Fruits, Other", "v": 0.0033227425927436025}]}, {"source": 9, "prod": 7.0, "target": 69, "value": 0.0044438414174078848, "supply": [{"l": "Milk - Excluding Butter", "v": 0.0044438414174078848}]}, {"source": 40, "prod": 1.0, "target": 69, "value": 0.0069142316786988643, "supply": [{"l": "Rape and Mustardseed", "v": 0.0069142316786988643}]}, {"source": 12, "prod": 3.0, "target": 69, "value": 0.0093183292504756092, "supply": [{"l": "Barley", "v": 0.0093183292504756092}]}, {"source": 37, "prod": 8.0, "target": 69, "value": 0.0050171942040110806, "supply": [{"l": "Grapes", "v": 0.0050171942040110806}]}, {"source": 61, "prod": 3.0, "target": 69, "value": 0.00087553468582593757, "supply": [{"l": "Oranges, Mandarines", "v": 0.00087553468582593757}]}, {"source": 62, "prod": 3.0, "target": 69, "value": 0.0010846032626529454, "supply": [{"l": "Onions", "v": 0.0010846032626529454}]}, {"source": 29, "prod": 4.0, "target": 69, "value": 0.00085714622080767296, "supply": [{"l": "Tomatoes", "v": 0.00085714622080767296}]}, {"source": 48, "prod": 4.0, "target": 69, "value": 0.0021727532481381957, "supply": [{"l": "Apples", "v": 0.0021727532481381957}]}, {"source": 70, "prod": 23.0, "target": 29, "value": 0.0049285907696441193, "supply": [{"l": "Tomatoes", "v": 0.0049285907696441193}]}, {"source": 70, "prod": 11.0, "target": 50, "value": 0.0019456326351687499, "supply": [{"l": "Lemons, Limes", "v": 0.0019456326351687499}]}, {"source": 70, "prod": 5.0, "target": 33, "value": 0.014002659116744793, "supply": [{"l": "Treenuts", "v": 0.014002659116744793}]}, {"source": 70, "prod": 3.0, "target": 3, "value": 0.0084900333171, "supply": [{"l": "Rye", "v": 0.0084900333171}]}, {"source": 70, "prod": 14.0, "target": 48, "value": 0.007604636368483686, "supply": [{"l": "Apples", "v": 0.007604636368483686}]}, {"source": 70, "prod": 66.0, "target": 8, "value": 0.021925260613026128, "supply": [{"l": "Vegetables, Other", "v": 0.021925260613026128}]}, {"source": 70, "prod": 9.0, "target": 27, "value": 0.038005122963981675, "supply": [{"l": "Rice", "v": 0.038005122963981675}]}, {"source": 70, "prod": 37.0, "target": 4, "value": 0.11865647811435015, "supply": [{"l": "Wheat", "v": 0.11865647811435015}]}, {"source": 70, "prod": 2.0, "target": 14, "value": 0.0023244444400000001, "supply": [{"l": "Sugar beet", "v": 0.0023244444400000001}]}, {"source": 70, "prod": 66.0, "target": 12, "value": 0.20500324351046342, "supply": [{"l": "Barley", "v": 0.20500324351046342}]}, {"source": 70, "prod": 1.0, "target": 71, "value": 0.003859106053227273, "supply": [{"l": "Pepper", "v": 0.003859106053227273}]}, {"source": 70, "prod": 3.0, "target": 23, "value": 0.0016454681162377243, "supply": [{"l": "Grapefruit", "v": 0.0016454681162377243}]}, {"source": 70, "prod": 21.0, "target": 31, "value": 0.012497011658348132, "supply": [{"l": "Coffee", "v": 0.012497011658348132}]}, {"source": 70, "prod": 2.0, "target": 0, "value": 0.013828463357397729, "supply": [{"l": "Sunflower seed", "v": 0.013828463357397729}]}, {"source": 70, "prod": 1.0, "target": 15, "value": 0.0039797031173906252, "supply": [{"l": "Cereals, Other", "v": 0.0039797031173906252}]}, {"source": 70, "prod": 325.0, "target": 1, "value": 0.31842628750468216, "supply": [{"l": "Demersal Fish", "v": 0.00065814211760465118}, {"l": "Pigmeat", "v": 0.042063221367294366}, {"l": "Milk - Excluding Butter", "v": 0.089511662836358835}, {"l": "Pelagic Fish", "v": 0.094642994354557378}, {"l": "Fish, Seafood", "v": 0.064424110067421228}, {"l": "Cephalopods", "v": 0.0031061097501585365}, {"l": "Bovine Meat", "v": 0.016688677035173169}, {"l": "Molluscs, Other", "v": 0.00020023663483726418}, {"l": "Poultry Meat", "v": 0.0045892071984324325}, {"l": "Offals, Edible", "v": 0.0025419261428443118}]}, {"source": 70, "prod": 1.0, "target": 38, "value": 0.0030321547561071431, "supply": [{"l": "Pimento", "v": 0.0030321547561071431}]}, {"source": 70, "prod": 5.0, "target": 19, "value": 0.013532771226921141, "supply": [{"l": "Nuts", "v": 0.013532771226921141}]}, {"source": 70, "prod": 1.0, "target": 72, "value": 0.0070750277642500003, "supply": [{"l": "Oilcrops, Other", "v": 0.0070750277642500003}]}, {"source": 70, "prod": 7.0, "target": 25, "value": 0.064725996575910896, "supply": [{"l": "Cocoa Beans", "v": 0.064725996575910896}]}, {"source": 70, "prod": 61.0, "target": 61, "value": 0.017802538611794066, "supply": [{"l": "Oranges, Mandarines", "v": 0.017802538611794066}]}, {"source": 70, "prod": 1.0, "target": 47, "value": 0.00037074381297379916, "supply": [{"l": "Pineapples", "v": 0.00037074381297379916}]}, {"source": 70, "prod": 18.0, "target": 7, "value": 0.013988155579661328, "supply": [{"l": "Potatoes", "v": 0.013988155579661328}]}, {"source": 70, "prod": 11.0, "target": 62, "value": 0.003976878629727466, "supply": [{"l": "Onions", "v": 0.003976878629727466}]}, {"source": 70, "prod": 1.0, "target": 40, "value": 0.0069142316786988643, "supply": [{"l": "Rape and Mustardseed", "v": 0.0069142316786988643}]}, {"source": 70, "prod": 47.0, "target": 54, "value": 0.032050728185036147, "supply": [{"l": "Bananas", "v": 0.032050728185036147}]}, {"source": 70, "prod": 12.0, "target": 37, "value": 0.0075257913060166213, "supply": [{"l": "Grapes", "v": 0.0075257913060166213}]}, {"source": 70, "prod": 129.0, "target": 64, "value": 0.41699895441098656, "supply": [{"l": "Alcohol, Non-Food", "v": 0.0015863988392031216}, {"l": "Sugar", "v": 0.036790144374100005}, {"l": "Beer", "v": 0.0080056574067741675}, {"l": "Beverages, Alcoholic", "v": 0.0061745696851636363}, {"l": "Fats, Animals, Raw", "v": 0.080016685687712391}, {"l": "Soyabean Oil", "v": 0.020707398334390247}, {"l": "Palm Oil", "v": 0.031236915034613212}, {"l": "Sunflowerseed Oil", "v": 0.1133156726932158}, {"l": "Olive Oil", "v": 0.010376707387566665}, {"l": "Coconut Oil", "v": 0.010353699167195123}, {"l": "Rape and Mustard Oil", "v": 0.050940199902600014}, {"l": "Oilcrops Oil, Other", "v": 0.024257238048857144}, {"l": "Wine", "v": 0.0039659970980078047}, {"l": "Sweeteners, Other", "v": 0.014277533506234232}, {"l": "Cream", "v": 0.004994137245352942}]}, {"source": 70, "prod": 42.0, "target": 6, "value": 0.29039773050535234, "supply": [{"l": "Soyabeans", "v": 0.29039773050535234}]}, {"source": 70, "prod": 1.0, "target": 11, "value": 0.0040102691935610599, "supply": [{"l": "Beans", "v": 0.0040102691935610599}]}, {"source": 70, "prod": 52.0, "target": 2, "value": 0.17544691720981997, "supply": [{"l": "Maize", "v": 0.17544691720981997}]}, {"source": 70, "prod": 34.0, "target": 56, "value": 0.018828874692213747, "supply": [{"l": "Fruits, Other", "v": 0.018828874692213747}]}, {"source": 70, "prod": 2.0, "target": 46, "value": 0.013506871186295457, "supply": [{"l": "Groundnuts", "v": 0.013506871186295457}]}, {"source": 2, "prod": 61.0, "target": 73, "value": 0.20581272980382731, "supply": [{"l": "Maize", "v": 0.20581272980382731}]}, {"source": 66, "prod": 2.0, "target": 73, "value": 0.0015863988392031216, "supply": [{"l": "Alcohol, Non-Food", "v": 0.0015863988392031216}]}, {"source": 56, "prod": 8.0, "target": 73, "value": 0.0044303234569914706, "supply": [{"l": "Fruits, Other", "v": 0.0044303234569914706}]}, {"source": 20, "prod": 2.0, "target": 73, "value": 0.0056600222113999997, "supply": [{"l": "Sugar", "v": 0.0056600222113999997}]}, {"source": 22, "prod": 39.0, "target": 73, "value": 0.022301474204585184, "supply": [{"l": "Beer", "v": 0.022301474204585184}]}, {"source": 74, "prod": 1.0, "target": 73, "value": 0.0030321547561071431, "supply": [{"l": "Infant food", "v": 0.0030321547561071431}]}, {"source": 24, "prod": 14.0, "target": 73, "value": 0.043221987796145458, "supply": [{"l": "Beverages, Alcoholic", "v": 0.043221987796145458}]}, {"source": 12, "prod": 1.0, "target": 73, "value": 0.0031061097501585365, "supply": [{"l": "Barley", "v": 0.0031061097501585365}]}, {"source": 19, "prod": 1.0, "target": 73, "value": 0.0027065542453842285, "supply": [{"l": "Nuts", "v": 0.0027065542453842285}]}, {"source": 0, "prod": 4.0, "target": 73, "value": 0.027656926714795457, "supply": [{"l": "Sunflower seed", "v": 0.027656926714795457}]}, {"source": 30, "prod": 11.0, "target": 73, "value": 0.097798171396092939, "supply": [{"l": "Fats, Animals, Raw", "v": 0.097798171396092939}]}, {"source": 31, "prod": 2.0, "target": 73, "value": 0.0011901915865093456, "supply": [{"l": "Coffee", "v": 0.0011901915865093456}]}, {"source": 4, "prod": 50.0, "target": 73, "value": 0.16034659204641913, "supply": [{"l": "Wheat", "v": 0.16034659204641913}]}, {"source": 32, "prod": 7.0, "target": 73, "value": 0.072475894170365859, "supply": [{"l": "Soyabean Oil", "v": 0.072475894170365859}]}, {"source": 33, "prod": 1.0, "target": 73, "value": 0.0028005318233489587, "supply": [{"l": "Treenuts", "v": 0.0028005318233489587}]}, {"source": 34, "prod": 2.0, "target": 73, "value": 0.0032069708354850895, "supply": [{"l": "Eggs", "v": 0.0032069708354850895}]}, {"source": 8, "prod": 6.0, "target": 73, "value": 0.0019932055102751026, "supply": [{"l": "Vegetables, Other", "v": 0.0019932055102751026}]}, {"source": 29, "prod": 1.0, "target": 73, "value": 0.00021428655520191824, "supply": [{"l": "Tomatoes", "v": 0.00021428655520191824}]}, {"source": 39, "prod": 1.0, "target": 73, "value": 0.010412305011537736, "supply": [{"l": "Palm Oil", "v": 0.010412305011537736}]}, {"source": 42, "prod": 4.0, "target": 73, "value": 0.041205699161169382, "supply": [{"l": "Sunflowerseed Oil", "v": 0.041205699161169382}]}, {"source": 44, "prod": 4.0, "target": 73, "value": 0.0070105368945490619, "supply": [{"l": "Pigmeat", "v": 0.0070105368945490619}]}, {"source": 25, "prod": 3.0, "target": 73, "value": 0.027739712818247525, "supply": [{"l": "Cocoa Beans", "v": 0.027739712818247525}]}, {"source": 7, "prod": 1.0, "target": 73, "value": 0.00077711975442562933, "supply": [{"l": "Potatoes", "v": 0.00077711975442562933}]}, {"source": 9, "prod": 44.0, "target": 73, "value": 0.027932717480849564, "supply": [{"l": "Milk - Excluding Butter", "v": 0.027932717480849564}]}, {"source": 48, "prod": 5.0, "target": 73, "value": 0.0027159415601727449, "supply": [{"l": "Apples", "v": 0.0027159415601727449}]}, {"source": 13, "prod": 26.0, "target": 73, "value": 0.02263549813179665, "supply": [{"l": "Fish, Seafood", "v": 0.02263549813179665}]}, {"source": 21, "prod": 1.0, "target": 73, "value": 0.0080857460162857154, "supply": [{"l": "Oilcrops Oil, Other", "v": 0.0080857460162857154}]}, {"source": 51, "prod": 1.0, "target": 73, "value": 0.0010353699167195121, "supply": [{"l": "Cephalopods", "v": 0.0010353699167195121}]}, {"source": 41, "prod": 9.0, "target": 73, "value": 0.007138794776414048, "supply": [{"l": "Wine", "v": 0.007138794776414048}]}, {"source": 53, "prod": 30.0, "target": 73, "value": 0.0076486786640540538, "supply": [{"l": "Sweeteners, Other", "v": 0.0076486786640540538}]}, {"source": 10, "prod": 25.0, "target": 73, "value": 0.034795218512704923, "supply": [{"l": "Pelagic Fish", "v": 0.034795218512704923}]}, {"source": 75, "prod": 1.0, "target": 73, "value": 0.00051021834838341348, "supply": [{"l": "Beverages, Fermented", "v": 0.00051021834838341348}]}, {"source": 55, "prod": 5.0, "target": 73, "value": 0.011920483596552263, "supply": [{"l": "Bovine Meat", "v": 0.011920483596552263}]}, {"source": 58, "prod": 5.0, "target": 73, "value": 0.0076486786640540547, "supply": [{"l": "Poultry Meat", "v": 0.0076486786640540547}]}, {"source": 59, "prod": 1.0, "target": 73, "value": 0.0012709630714221559, "supply": [{"l": "Offals, Edible", "v": 0.0012709630714221559}]}, {"source": 40, "prod": 16.0, "target": 73, "value": 0.11062770685918183, "supply": [{"l": "Rape and Mustardseed", "v": 0.11062770685918183}]}, {"source": 61, "prod": 4.0, "target": 73, "value": 0.0011673795811012503, "supply": [{"l": "Oranges, Mandarines", "v": 0.0011673795811012503}]}, {"source": 7, "prod": 60.0, "target": 76, "value": 0.046627185265537767, "supply": [{"l": "Potatoes", "v": 0.046627185265537767}]}, {"source": 2, "prod": 200.0, "target": 76, "value": 0.67479583542238464, "supply": [{"l": "Maize", "v": 0.67479583542238464}]}, {"source": 42, "prod": 2.0, "target": 76, "value": 0.020602849580584691, "supply": [{"l": "Sunflowerseed Oil", "v": 0.020602849580584691}]}, {"source": 0, "prod": 8.0, "target": 76, "value": 0.055313853429590915, "supply": [{"l": "Sunflower seed", "v": 0.055313853429590915}]}, {"source": 77, "prod": 140.0, "target": 4, "value": 0.44897045772997352, "supply": [{"l": "Wheat", "v": 0.44897045772997352}]}, {"source": 68, "prod": 3.0, "target": 76, "value": 0.030564119941560004, "supply": [{"l": "Rape and Mustard Oil", "v": 0.030564119941560004}]}, {"source": 6, "prod": 30.0, "target": 76, "value": 0.20742695036096595, "supply": [{"l": "Soyabeans", "v": 0.20742695036096595}]}, {"source": 1, "prod": 35.0, "target": 58, "value": 0.053540750648378377, "supply": [{"l": "Poultry Meat", "v": 0.053540750648378377}]}, {"source": 1, "prod": 88.0, "target": 44, "value": 0.15423181168007935, "supply": [{"l": "Pigmeat", "v": 0.15423181168007935}]}, {"source": 1, "prod": 83.0, "target": 10, "value": 0.11552012546218032, "supply": [{"l": "Pelagic Fish", "v": 0.11552012546218032}]}, {"source": 1, "prod": 34.0, "target": 55, "value": 0.081059288456555384, "supply": [{"l": "Bovine Meat", "v": 0.081059288456555384}]}, {"source": 1, "prod": 47.0, "target": 34, "value": 0.075363814633899601, "supply": [{"l": "Eggs", "v": 0.078570785469384688}]}, {"source": 1, "prod": 2.0, "target": 57, "value": 0.00040047326967452835, "supply": [{"l": "Molluscs, Other", "v": 0.00040047326967452835}]}, {"source": 1, "prod": 5.0, "target": 51, "value": 0.0051768495835975608, "supply": [{"l": "Cephalopods", "v": 0.0051768495835975608}]}, {"source": 1, "prod": 771.0, "target": 9, "value": 0.48945739040306852, "supply": [{"l": "Milk - Excluding Butter", "v": 0.48945739040306852}]}, {"source": 1, "prod": 35.0, "target": 59, "value": 0.044483707499775448, "supply": [{"l": "Offals, Edible", "v": 0.044483707499775448}]}, {"source": 1, "prod": 1.0, "target": 36, "value": 0.00087226369696232885, "supply": [{"l": "Marine Fish, Other", "v": 0.00087226369696232885}]}, {"source": 1, "prod": 100.0, "target": 13, "value": 0.087059608199217889, "supply": [{"l": "Fish, Seafood", "v": 0.087059608199217889}]}, {"source": 1, "prod": 6.0, "target": 60, "value": 0.0019744263528139534, "supply": [{"l": "Demersal Fish", "v": 0.0019744263528139534}]}, {"source": 1, "prod": 3.0, "target": 49, "value": 0.0036385857073285718, "supply": [{"l": "Meat, Other", "v": 0.0036385857073285718}]}, {"source": 1, "prod": 3.0, "target": 45, "value": 0.0019592384577923078, "supply": [{"l": "Freshwater Fish", "v": 0.0019592384577923078}]}, {"source": 1, "prod": 5.0, "target": 52, "value": 0.014150055528500001, "supply": [{"l": "Mutton & Goat Meat", "v": 0.014150055528500001}]}, {"source": 64, "prod": 6.0, "target": 43, "value": 0.062260244325399998, "supply": [{"l": "Olive Oil", "v": 0.062260244325399998}]}, {"source": 64, "prod": 34.0, "target": 30, "value": 0.30228525704246906, "supply": [{"l": "Fats, Animals, Raw", "v": 0.30228525704246906}]}, {"source": 64, "prod": 75.0, "target": 53, "value": 0.019121696660135135, "supply": [{"l": "Sweeteners, Other", "v": 0.019121696660135135}]}, {"source": 64, "prod": 12.0, "target": 66, "value": 0.0095183930352187307, "supply": [{"l": "Alcohol, Non-Food", "v": 0.0095183930352187307}]}, {"source": 64, "prod": 20.0, "target": 32, "value": 0.20707398334390242, "supply": [{"l": "Soyabean Oil", "v": 0.20707398334390242}]}, {"source": 64, "prod": 1.0, "target": 67, "value": 0.010353699167195123, "supply": [{"l": "Coconut Oil", "v": 0.010353699167195123}]}, {"source": 64, "prod": 127.0, "target": 20, "value": 0.35941141042390007, "supply": [{"l": "Sugar", "v": 0.35941141042390007}]}, {"source": 64, "prod": 1.0, "target": 26, "value": 0.0028300111056999999, "supply": [{"l": "Honey", "v": 0.0028300111056999999}]}, {"source": 64, "prod": 1.0, "target": 75, "value": 0.00051021834838341348, "supply": [{"l": "Beverages, Fermented", "v": 0.00051021834838341348}]}, {"source": 64, "prod": 381.0, "target": 22, "value": 0.21786824799863991, "supply": [{"l": "Beer", "v": 0.21786824799863991}]}, {"source": 64, "prod": 16.0, "target": 24, "value": 0.049396557481309097, "supply": [{"l": "Beverages, Alcoholic", "v": 0.049396557481309097}]}, {"source": 64, "prod": 34.0, "target": 42, "value": 0.35024844286993972, "supply": [{"l": "Sunflowerseed Oil", "v": 0.35024844286993972}]}, {"source": 64, "prod": 3.0, "target": 39, "value": 0.031236915034613209, "supply": [{"l": "Palm Oil", "v": 0.031236915034613209}]}, {"source": 64, "prod": 4.0, "target": 21, "value": 0.032342984065142862, "supply": [{"l": "Oilcrops Oil, Other", "v": 0.032342984065142862}]}, {"source": 64, "prod": 2.0, "target": 63, "value": 0.004994137245352942, "supply": [{"l": "Cream", "v": 0.004994137245352942}]}, {"source": 64, "prod": 2.0, "target": 28, "value": 0.017415452958153846, "supply": [{"l": "Butter, Ghee", "v": 0.017415452958153846}]}, {"source": 64, "prod": 11.0, "target": 68, "value": 0.11206843978572004, "supply": [{"l": "Rape and Mustard Oil", "v": 0.11206843978572004}]}, {"source": 64, "prod": 214.0, "target": 41, "value": 0.16974467579473404, "supply": [{"l": "Wine", "v": 0.16974467579473404}]}, {"source": 78, "prod": 0, "target": 2, "value": 0.00012489521446012119, "supply": "[{\"l\":'Energy for power irrigation',\"v\":0.00012489521446012119}]"}, {"source": 78, "prod": 0, "target": 18, "value": 2.0223606320167668e-06, "supply": "[{\"l\":'Energy for power irrigation',\"v\":2.0223606320167668e-06}]"}, {"source": 78, "prod": 0, "target": 3, "value": 4.0447212640335344e-07, "supply": "[{\"l\":'Energy for power irrigation',\"v\":4.0447212640335344e-07}]"}, {"source": 78, "prod": 0, "target": 19, "value": 6.6448992194836627e-07, "supply": "[{\"l\":'Energy for power irrigation',\"v\":6.6448992194836627e-07}]"}, {"source": 78, "prod": 0, "target": 12, "value": 9.1295137102471197e-06, "supply": "[{\"l\":'Energy for power irrigation',\"v\":9.1295137102471197e-06}]"}, {"source": 78, "prod": 0, "target": 29, "value": 4.7669929183252363e-06, "supply": "[{\"l\":'Energy for power irrigation',\"v\":4.7669929183252363e-06}]"}, {"source": 78, "prod": 0, "target": 0, "value": 4.2180664610635424e-06, "supply": "[{\"l\":'Energy for power irrigation',\"v\":4.2180664610635424e-06}]"}, {"source": 78, "prod": 0, "target": 15, "value": 8.6672598515004299e-08, "supply": "[{\"l\":'Energy for power irrigation',\"v\":8.6672598515004299e-08}]"}, {"source": 78, "prod": 0, "target": 4, "value": 3.7384780826138522e-05, "supply": "[{\"l\":'Energy for power irrigation',\"v\":3.7384780826138522e-05}]"}, {"source": 78, "prod": 0, "target": 33, "value": 6.6448992194836627e-07, "supply": "[{\"l\":'Energy for power irrigation',\"v\":6.6448992194836627e-07}]"}, {"source": 78, "prod": 0, "target": 8, "value": 2.2477093881557783e-05, "supply": "[{\"l\":'Energy for power irrigation',\"v\":2.2477093881557783e-05}]"}, {"source": 78, "prod": 0, "target": 35, "value": 5.7781732343336197e-08, "supply": "[{\"l\":'Energy for power irrigation',\"v\":5.7781732343336197e-08}]"}, {"source": 78, "prod": 0, "target": 37, "value": 2.3112692937334481e-05, "supply": "[{\"l\":'Energy for power irrigation',\"v\":2.3112692937334481e-05}]"}, {"source": 78, "prod": 0, "target": 5, "value": 3.2646678773984952e-06, "supply": "[{\"l\":'Energy for power irrigation',\"v\":3.2646678773984952e-06}]"}, {"source": 78, "prod": 0, "target": 6, "value": 7.9160973310370594e-06, "supply": "[{\"l\":'Energy for power irrigation',\"v\":7.9160973310370594e-06}]"}, {"source": 78, "prod": 0, "target": 7, "value": 4.2642918469382116e-05, "supply": "[{\"l\":'Energy for power irrigation',\"v\":4.2642918469382116e-05}]"}, {"source": 78, "prod": 0, "target": 11, "value": 1.3289798438967325e-06, "supply": "[{\"l\":'Energy for power irrigation',\"v\":1.3289798438967325e-06}]"}, {"source": 78, "prod": 0, "target": 48, "value": 4.2758481934068786e-06, "supply": "[{\"l\":'Energy for power irrigation',\"v\":4.2758481934068786e-06}]"}, {"source": 78, "prod": 0, "target": 14, "value": 6.442663156281986e-05, "supply": "[{\"l\":'Energy for power irrigation',\"v\":6.442663156281986e-05}]"}, {"source": 78, "prod": 0, "target": 50, "value": 3.466903940600172e-07, "supply": "[{\"l\":'Energy for power irrigation',\"v\":3.466903940600172e-07}]"}, {"source": 78, "prod": 0, "target": 56, "value": 6.0093001637069643e-06, "supply": "[{\"l\":'Energy for power irrigation',\"v\":6.0093001637069643e-06}]"}, {"source": 78, "prod": 0, "target": 40, "value": 1.9356880335017629e-06, "supply": "[{\"l\":'Energy for power irrigation',\"v\":1.9356880335017629e-06}]"}, {"source": 78, "prod": 0, "target": 61, "value": 2.8313048848234738e-06, "supply": "[{\"l\":'Energy for power irrigation',\"v\":2.8313048848234738e-06}]"}, {"source": 78, "prod": 0, "target": 62, "value": 3.553576539115176e-06, "supply": "[{\"l\":'Energy for power irrigation',\"v\":3.553576539115176e-06}]"}, {"source": 78, "prod": 0, "target": 16, "value": 1.733451970300086e-07, "supply": "[{\"l\":'Energy for power irrigation',\"v\":1.733451970300086e-07}]"}, {"source": 78, "prod": 0, "target": 64, "value": 0.06700000005359999, "supply": "[{\"l\":'Electricity',\"v\":0.06700000005359999}]"}, {"source": 79, "prod": 0, "target": 78, "value": 0.076960446411425562, "supply": [{"l": "Coal", "v": 0.0072824657936530843}, {"l": "Natural gas", "v": 0.013317979510007133}, {"l": "Oil", "v": 0.056360001107765338}]}, {"source": 80, "prod": 0, "target": 78, "value": 0.036322144944192926, "supply": [{"l": "Nuclear", "v": 0.0}, {"l": "Hydroelectric", "v": 0.036272607240829126}, {"l": "Renewable", "v": 4.9537703363803029e-05}]}, {"source": 79, "prod": 0, "target": 2, "value": 1.4489565555484687, "supply": [{"l": "Motor Gasoline", "v": 0.053813704553724577}, {"l": "Gas-Diesel oil", "v": 0.85986058222499318}, {"l": "Natural gas (including LNG)", "v": 0.045132869073535288}, {"l": "Fuel oil", "v": 0.041525977259376977}, {"l": "Liquefied petroleum gas (LPG)", "v": 0.0088396882284812375}, {"l": "Other fossil fuels", "v": 0.43978373420835748}]}, {"source": 79, "prod": 0, "target": 18, "value": 0.023462169532360119, "supply": [{"l": "Motor Gasoline", "v": 0.00087137620142510293}, {"l": "Gas-Diesel oil", "v": 0.013923257172276085}, {"l": "Natural gas (including LNG)", "v": 0.00073081212934246356}, {"l": "Fuel oil", "v": 0.00067240768173869726}, {"l": "Liquefied petroleum gas (LPG)", "v": 0.00014313628868695041}, {"l": "Other fossil fuels", "v": 0.0071211800588908214}]}, {"source": 79, "prod": 0, "target": 3, "value": 0.0046924339064720244, "supply": [{"l": "Motor Gasoline", "v": 0.00017427524028502061}, {"l": "Gas-Diesel oil", "v": 0.0027846514344552174}, {"l": "Natural gas (including LNG)", "v": 0.00014616242586849273}, {"l": "Fuel oil", "v": 0.00013448153634773948}, {"l": "Liquefied petroleum gas (LPG)", "v": 2.8627257737390087e-05}, {"l": "Other fossil fuels", "v": 0.0014242360117781645}]}, {"source": 79, "prod": 0, "target": 19, "value": 0.0077089985606326114, "supply": [{"l": "Motor Gasoline", "v": 0.00028630932332539098}, {"l": "Gas-Diesel oil", "v": 0.0045747844994621428}, {"l": "Natural gas (including LNG)", "v": 0.00024012398535538088}, {"l": "Fuel oil", "v": 0.00022093395257128626}, {"l": "Liquefied petroleum gas (LPG)", "v": 4.7030494854283705e-05}, {"l": "Other fossil fuels", "v": 0.0023398163050641274}]}, {"source": 79, "prod": 0, "target": 12, "value": 0.10591493674608284, "supply": [{"l": "Motor Gasoline", "v": 0.0039336411378618936}, {"l": "Gas-Diesel oil", "v": 0.06285356094913204}, {"l": "Natural gas (including LNG)", "v": 0.003299094755317407}, {"l": "Fuel oil", "v": 0.0030354403918489764}, {"l": "Liquefied petroleum gas (LPG)", "v": 0.00064615810321537611}, {"l": "Other fossil fuels", "v": 0.032147041408707139}]}, {"source": 79, "prod": 0, "target": 29, "value": 0.055303685326277427, "supply": [{"l": "Motor Gasoline", "v": 0.0020539581890734572}, {"l": "Gas-Diesel oil", "v": 0.03281910619179363}, {"l": "Natural gas (including LNG)", "v": 0.0017226285905929499}, {"l": "Fuel oil", "v": 0.0015849609640983578}, {"l": "Liquefied petroleum gas (LPG)", "v": 0.00033739268047638314}, {"l": "Other fossil fuels", "v": 0.016785638710242651}]}, {"source": 79, "prod": 0, "target": 0, "value": 0.04893538216749397, "supply": [{"l": "Motor Gasoline", "v": 0.0018174417915437862}, {"l": "Gas-Diesel oil", "v": 0.029039936387890122}, {"l": "Natural gas (including LNG)", "v": 0.0015242652983428527}, {"l": "Fuel oil", "v": 0.0014024503076264258}, {"l": "Liquefied petroleum gas (LPG)", "v": 0.00029854140211849658}, {"l": "Other fossil fuels", "v": 0.014852746979972286}]}, {"source": 79, "prod": 0, "target": 15, "value": 0.0010055215513868623, "supply": [{"l": "Motor Gasoline", "v": 3.7344694346790127e-05}, {"l": "Gas-Diesel oil", "v": 0.00059671102166897509}, {"l": "Natural gas (including LNG)", "v": 3.1320519828962724e-05}, {"l": "Fuel oil", "v": 2.8817472074515596e-05}, {"l": "Liquefied petroleum gas (LPG)", "v": 6.1344123722978749e-06}, {"l": "Other fossil fuels", "v": 0.00030519343109532094}]}, {"source": 79, "prod": 0, "target": 4, "value": 0.43371496249819996, "supply": [{"l": "Motor Gasoline", "v": 0.016108011494915475}, {"l": "Gas-Diesel oil", "v": 0.25738135401321793}, {"l": "Natural gas (including LNG)", "v": 0.013509584219559254}, {"l": "Fuel oil", "v": 0.01242993628814106}, {"l": "Liquefied petroleum gas (LPG)", "v": 0.0026459765365844834}, {"l": "Other fossil fuels", "v": 0.13164009994578177}]}, {"source": 79, "prod": 0, "target": 33, "value": 0.0077089985606326114, "supply": [{"l": "Motor Gasoline", "v": 0.00028630932332539098}, {"l": "Gas-Diesel oil", "v": 0.0045747844994621428}, {"l": "Natural gas (including LNG)", "v": 0.00024012398535538088}, {"l": "Fuel oil", "v": 0.00022093395257128626}, {"l": "Liquefied petroleum gas (LPG)", "v": 4.7030494854283705e-05}, {"l": "Other fossil fuels", "v": 0.0023398163050641274}]}, {"source": 79, "prod": 0, "target": 8, "value": 0.26076525565965963, "supply": [{"l": "Motor Gasoline", "v": 0.0096847240672675739}, {"l": "Gas-Diesel oil", "v": 0.15474705828615423}, {"l": "Natural gas (including LNG)", "v": 0.0081224548089776673}, {"l": "Fuel oil", "v": 0.0074733310913243792}, {"l": "Liquefied petroleum gas (LPG)", "v": 0.001590857608549249}, {"l": "Other fossil fuels", "v": 0.079146829797386561}]}, {"source": 79, "prod": 0, "target": 35, "value": 0.00067034770092457485, "supply": [{"l": "Motor Gasoline", "v": 2.4896462897860085e-05}, {"l": "Gas-Diesel oil", "v": 0.00039780734777931671}, {"l": "Natural gas (including LNG)", "v": 2.0880346552641815e-05}, {"l": "Fuel oil", "v": 1.9211648049677065e-05}, {"l": "Liquefied petroleum gas (LPG)", "v": 4.0896082481985827e-06}, {"l": "Other fossil fuels", "v": 0.00020346228739688061}]}, {"source": 79, "prod": 0, "target": 37, "value": 0.26813908036982997, "supply": [{"l": "Motor Gasoline", "v": 0.0099585851591440337}, {"l": "Gas-Diesel oil", "v": 0.1591229391117267}, {"l": "Natural gas (including LNG)", "v": 0.0083521386210567271}, {"l": "Fuel oil", "v": 0.0076846592198708263}, {"l": "Liquefied petroleum gas (LPG)", "v": 0.0016358432992794334}, {"l": "Other fossil fuels", "v": 0.081384914958752247}]}, {"source": 79, "prod": 0, "target": 5, "value": 0.03787464510223848, "supply": [{"l": "Motor Gasoline", "v": 0.0014066501537290947}, {"l": "Gas-Diesel oil", "v": 0.022476115149531396}, {"l": "Natural gas (including LNG)", "v": 0.0011797395802242627}, {"l": "Fuel oil", "v": 0.0010854581148067542}, {"l": "Liquefied petroleum gas (LPG)", "v": 0.00023106286602321997}, {"l": "Other fossil fuels", "v": 0.011495619237923756}]}, {"source": 79, "prod": 0, "target": 6, "value": 0.091837635026666753, "supply": [{"l": "Motor Gasoline", "v": 0.0034108154170068316}, {"l": "Gas-Diesel oil", "v": 0.054499606645766391}, {"l": "Natural gas (including LNG)", "v": 0.0028606074777119289}, {"l": "Fuel oil", "v": 0.002631995782805758}, {"l": "Liquefied petroleum gas (LPG)", "v": 0.00056027633000320593}, {"l": "Other fossil fuels", "v": 0.027874333373372646}]}, {"source": 79, "prod": 0, "target": 7, "value": 0.49471660328233624, "supply": [{"l": "Motor Gasoline", "v": 0.018373589618620741}, {"l": "Gas-Diesel oil", "v": 0.29358182266113575}, {"l": "Natural gas (including LNG)", "v": 0.01540969575584966}, {"l": "Fuel oil", "v": 0.014178196260661673}, {"l": "Liquefied petroleum gas (LPG)", "v": 0.0030181308871705544}, {"l": "Other fossil fuels", "v": 0.1501551680988979}]}, {"source": 79, "prod": 0, "target": 11, "value": 0.015417997121265223, "supply": [{"l": "Motor Gasoline", "v": 0.00057261864665078197}, {"l": "Gas-Diesel oil", "v": 0.0091495689989242856}, {"l": "Natural gas (including LNG)", "v": 0.00048024797071076177}, {"l": "Fuel oil", "v": 0.00044186790514257252}, {"l": "Liquefied petroleum gas (LPG)", "v": 9.406098970856741e-05}, {"l": "Other fossil fuels", "v": 0.0046796326101282548}]}, {"source": 79, "prod": 0, "target": 48, "value": 0.049605729868418547, "supply": [{"l": "Motor Gasoline", "v": 0.0018423382544416464}, {"l": "Gas-Diesel oil", "v": 0.029437743735669441}, {"l": "Natural gas (including LNG)", "v": 0.0015451456448954946}, {"l": "Fuel oil", "v": 0.001421661955676103}, {"l": "Liquefied petroleum gas (LPG)", "v": 0.00030263101036669517}, {"l": "Other fossil fuels", "v": 0.015056209267369166}]}, {"source": 79, "prod": 0, "target": 14, "value": 0.74743768653090092, "supply": [{"l": "Motor Gasoline", "v": 0.027759556131113992}, {"l": "Gas-Diesel oil", "v": 0.44355519277393812}, {"l": "Natural gas (including LNG)", "v": 0.023281586406195626}, {"l": "Fuel oil", "v": 0.021420987575389926}, {"l": "Liquefied petroleum gas (LPG)", "v": 0.0045599131967414197}, {"l": "Other fossil fuels", "v": 0.22686045044752187}]}, {"source": 79, "prod": 0, "target": 50, "value": 0.0040220862055474491, "supply": [{"l": "Motor Gasoline", "v": 0.00014937877738716051}, {"l": "Gas-Diesel oil", "v": 0.0023868440866759003}, {"l": "Natural gas (including LNG)", "v": 0.0001252820793158509}, {"l": "Fuel oil", "v": 0.00011526988829806238}, {"l": "Liquefied petroleum gas (LPG)", "v": 2.45376494891915e-05}, {"l": "Other fossil fuels", "v": 0.0012207737243812838}]}, {"source": 79, "prod": 0, "target": 56, "value": 0.069716160896155788, "supply": [{"l": "Motor Gasoline", "v": 0.0025892321413774487}, {"l": "Gas-Diesel oil", "v": 0.041371964169048939}, {"l": "Natural gas (including LNG)", "v": 0.0021715560414747488}, {"l": "Fuel oil", "v": 0.0019980113971664148}, {"l": "Liquefied petroleum gas (LPG)", "v": 0.00042531925781265264}, {"l": "Other fossil fuels", "v": 0.021160077889275583}]}, {"source": 79, "prod": 0, "target": 40, "value": 0.022456647980973261, "supply": [{"l": "Motor Gasoline", "v": 0.00083403150707831288}, {"l": "Gas-Diesel oil", "v": 0.013326546150607112}, {"l": "Natural gas (including LNG)", "v": 0.00069949160951350087}, {"l": "Fuel oil", "v": 0.00064359020966418172}, {"l": "Liquefied petroleum gas (LPG)", "v": 0.00013700187631465255}, {"l": "Other fossil fuels", "v": 0.0068159866277955009}]}, {"source": 79, "prod": 0, "target": 61, "value": 0.03284703734530417, "supply": [{"l": "Motor Gasoline", "v": 0.0012199266819951443}, {"l": "Gas-Diesel oil", "v": 0.019492560041186519}, {"l": "Natural gas (including LNG)", "v": 0.001023136981079449}, {"l": "Fuel oil", "v": 0.00094137075443417623}, {"l": "Liquefied petroleum gas (LPG)", "v": 0.00020039080416173058}, {"l": "Other fossil fuels", "v": 0.0099696520824471505}]}, {"source": 79, "prod": 0, "target": 62, "value": 0.041226383606861358, "supply": [{"l": "Motor Gasoline", "v": 0.0015311324682183952}, {"l": "Gas-Diesel oil", "v": 0.024465151888427978}, {"l": "Natural gas (including LNG)", "v": 0.0012841413129874716}, {"l": "Fuel oil", "v": 0.0011815163550551394}, {"l": "Liquefied petroleum gas (LPG)", "v": 0.00025151090726421285}, {"l": "Other fossil fuels", "v": 0.012512930674908157}]}, {"source": 79, "prod": 0, "target": 16, "value": 0.0020110431027737245, "supply": [{"l": "Motor Gasoline", "v": 7.4689388693580255e-05}, {"l": "Gas-Diesel oil", "v": 0.0011934220433379502}, {"l": "Natural gas (including LNG)", "v": 6.2641039657925448e-05}, {"l": "Fuel oil", "v": 5.7634944149031191e-05}, {"l": "Liquefied petroleum gas (LPG)", "v": 1.226882474459575e-05}, {"l": "Other fossil fuels", "v": 0.00061038686219064189}]}, {"source": 79, "prod": 0, "target": 1, "value": 0.24306944463889996, "supply": [{"l": "Gas-diesel oils used in fisheries", "v": 0.24306944463889996}]}, {"source": 81, "prod": 65.327725468835112, "target": 2, "value": 0.71947867084767581, "supply": [{"l": "Potash", "v": 0.13075833343793999}, {"l": "Phosphate", "v": 0.18432500014745998}, {"l": "Nitrogen", "v": 1.8237138903478598}]}, {"source": 81, "prod": 1.0578165123336705, "target": 18, "value": 0.01165012883630287, "supply": [{"l": "Potash", "v": 0.13075833343793999}, {"l": "Phosphate", "v": 0.18432500014745998}, {"l": "Nitrogen", "v": 1.8237138903478598}]}, {"source": 81, "prod": 0.2115633024667341, "target": 3, "value": 0.0023300257672605744, "supply": [{"l": "Potash", "v": 0.13075833343793999}, {"l": "Phosphate", "v": 0.18432500014745998}, {"l": "Nitrogen", "v": 1.8237138903478598}]}, {"source": 81, "prod": 0.34756828262392031, "target": 19, "value": 0.0038278994747852286, "supply": [{"l": "Potash", "v": 0.13075833343793999}, {"l": "Phosphate", "v": 0.18432500014745998}, {"l": "Nitrogen", "v": 1.8237138903478598}]}, {"source": 81, "prod": 4.7752859699634262, "target": 12, "value": 0.052592010175310101, "supply": [{"l": "Potash", "v": 0.13075833343793999}, {"l": "Phosphate", "v": 0.18432500014745998}, {"l": "Nitrogen", "v": 1.8237138903478598}]}, {"source": 81, "prod": 2.4934246362150803, "target": 29, "value": 0.027461017971285338, "supply": [{"l": "Potash", "v": 0.13075833343793999}, {"l": "Phosphate", "v": 0.18432500014745998}, {"l": "Nitrogen", "v": 1.8237138903478598}]}, {"source": 81, "prod": 2.2063030114387985, "target": 0, "value": 0.024298840144288843, "supply": [{"l": "Potash", "v": 0.13075833343793999}, {"l": "Phosphate", "v": 0.18432500014745998}, {"l": "Nitrogen", "v": 1.8237138903478598}]}, {"source": 81, "prod": 0.045334993385728731, "target": 15, "value": 0.0004992912358415516, "supply": [{"l": "Potash", "v": 0.13075833343793999}, {"l": "Phosphate", "v": 0.18432500014745998}, {"l": "Nitrogen", "v": 1.8237138903478598}]}, {"source": 81, "prod": 19.554493813710994, "target": 4, "value": 0.21536095305965591, "supply": [{"l": "Potash", "v": 0.13075833343793999}, {"l": "Phosphate", "v": 0.18432500014745998}, {"l": "Nitrogen", "v": 1.8237138903478598}]}, {"source": 81, "prod": 0.34756828262392031, "target": 33, "value": 0.0038278994747852286, "supply": [{"l": "Potash", "v": 0.13075833343793999}, {"l": "Phosphate", "v": 0.18432500014745998}, {"l": "Nitrogen", "v": 1.8237138903478598}]}, {"source": 81, "prod": 11.756874951365653, "target": 8, "value": 0.12948286049490904, "supply": [{"l": "Potash", "v": 0.13075833343793999}, {"l": "Phosphate", "v": 0.18432500014745998}, {"l": "Nitrogen", "v": 1.8237138903478598}]}, {"source": 81, "prod": 0.030223328923819154, "target": 35, "value": 0.0003328608238943677, "supply": [{"l": "Potash", "v": 0.13075833343793999}, {"l": "Phosphate", "v": 0.18432500014745998}, {"l": "Nitrogen", "v": 1.8237138903478598}]}, {"source": 81, "prod": 12.089331569527662, "target": 37, "value": 0.13314432955774708, "supply": [{"l": "Potash", "v": 0.13075833343793999}, {"l": "Phosphate", "v": 0.18432500014745998}, {"l": "Nitrogen", "v": 1.8237138903478598}]}, {"source": 81, "prod": 1.7076180841957824, "target": 5, "value": 0.018806636550031775, "supply": [{"l": "Potash", "v": 0.13075833343793999}, {"l": "Phosphate", "v": 0.18432500014745998}, {"l": "Nitrogen", "v": 1.8237138903478598}]}, {"source": 81, "prod": 4.1405960625632243, "target": 6, "value": 0.045601932873528379, "supply": [{"l": "Potash", "v": 0.13075833343793999}, {"l": "Phosphate", "v": 0.18432500014745998}, {"l": "Nitrogen", "v": 1.8237138903478598}]}, {"source": 81, "prod": 22.304816745778538, "target": 7, "value": 0.24565128803404337, "supply": [{"l": "Potash", "v": 0.13075833343793999}, {"l": "Phosphate", "v": 0.18432500014745998}, {"l": "Nitrogen", "v": 1.8237138903478598}]}, {"source": 81, "prod": 0.69513656524784062, "target": 11, "value": 0.0076557989495704571, "supply": [{"l": "Potash", "v": 0.13075833343793999}, {"l": "Phosphate", "v": 0.18432500014745998}, {"l": "Nitrogen", "v": 1.8237138903478598}]}, {"source": 81, "prod": 2.2365263403626177, "target": 48, "value": 0.02463170096818321, "supply": [{"l": "Potash", "v": 0.13075833343793999}, {"l": "Phosphate", "v": 0.18432500014745998}, {"l": "Nitrogen", "v": 1.8237138903478598}]}, {"source": 81, "prod": 33.699011750058354, "target": 14, "value": 0.37113981864221995, "supply": [{"l": "Potash", "v": 0.13075833343793999}, {"l": "Phosphate", "v": 0.18432500014745998}, {"l": "Nitrogen", "v": 1.8237138903478598}]}, {"source": 81, "prod": 0.18133997354291492, "target": 50, "value": 0.0019971649433662064, "supply": [{"l": "Potash", "v": 0.13075833343793999}, {"l": "Phosphate", "v": 0.18432500014745998}, {"l": "Nitrogen", "v": 1.8237138903478598}]}, {"source": 81, "prod": 3.1432262080771922, "target": 56, "value": 0.034617525685014243, "supply": [{"l": "Potash", "v": 0.13075833343793999}, {"l": "Phosphate", "v": 0.18432500014745998}, {"l": "Nitrogen", "v": 1.8237138903478598}]}, {"source": 81, "prod": 1.0124815189479417, "target": 40, "value": 0.011150837600461318, "supply": [{"l": "Potash", "v": 0.13075833343793999}, {"l": "Phosphate", "v": 0.18432500014745998}, {"l": "Nitrogen", "v": 1.8237138903478598}]}, {"source": 81, "prod": 1.4809431172671386, "target": 61, "value": 0.016310180370824018, "supply": [{"l": "Potash", "v": 0.13075833343793999}, {"l": "Phosphate", "v": 0.18432500014745998}, {"l": "Nitrogen", "v": 1.8237138903478598}]}, {"source": 81, "prod": 1.8587347288148781, "target": 62, "value": 0.020470940669503612, "supply": [{"l": "Potash", "v": 0.13075833343793999}, {"l": "Phosphate", "v": 0.18432500014745998}, {"l": "Nitrogen", "v": 1.8237138903478598}]}, {"source": 81, "prod": 0.090669986771457461, "target": 16, "value": 0.00099858247168310319, "supply": [{"l": "Potash", "v": 0.13075833343793999}, {"l": "Phosphate", "v": 0.18432500014745998}, {"l": "Nitrogen", "v": 1.8237138903478598}]}, {"source": 79, "prod": 0, "target": 81, "value": 2.6478833996083337, "supply": [{"l": "Natural gas (including LNG)", "v": 1.7628249993378868}, {"l": "Fuel oil", "v": 0.56267833214531104}, {"l": "Liquefied petroleum gas (LPG)", "v": 0.16119003406256782}, {"l": "Coal", "v": 0.16119003406256782}]}, {"source": 82, "prod": 0, "target": 2, "value": 0.04248737821456447, "supply": "[{\"l\":'Labor',\"v\":0.04248737821456447}]"}, {"source": 82, "prod": 0, "target": 18, "value": 0.0006879751272309768, "supply": "[{\"l\":'Labor',\"v\":0.0006879751272309768}]"}, {"source": 82, "prod": 0, "target": 3, "value": 0.00013759502544619538, "supply": "[{\"l\":'Labor',\"v\":0.00013759502544619538}]"}, {"source": 82, "prod": 0, "target": 19, "value": 0.00022604897037589239, "supply": "[{\"l\":'Labor',\"v\":0.00022604897037589239}]"}, {"source": 82, "prod": 0, "target": 23, "value": 2.9484648309899005e-05, "supply": "[{\"l\":'Labor',\"v\":2.9484648309899005e-05}]"}, {"source": 82, "prod": 0, "target": 12, "value": 0.0031057162886426954, "supply": "[{\"l\":'Labor',\"v\":0.0031057162886426954}]"}, {"source": 82, "prod": 0, "target": 25, "value": 7.8625728826397346e-05, "supply": "[{\"l\":'Labor',\"v\":7.8625728826397346e-05}]"}, {"source": 82, "prod": 0, "target": 27, "value": 8.8453944929697018e-05, "supply": "[{\"l\":'Labor',\"v\":8.8453944929697018e-05}]"}, {"source": 82, "prod": 0, "target": 29, "value": 0.0016216556570444454, "supply": "[{\"l\":'Labor',\"v\":0.0016216556570444454}]"}, {"source": 82, "prod": 0, "target": 0, "value": 0.0014349195510817516, "supply": "[{\"l\":'Labor',\"v\":0.0014349195510817516}]"}, {"source": 82, "prod": 0, "target": 15, "value": 2.9484648309899005e-05, "supply": "[{\"l\":'Labor',\"v\":2.9484648309899005e-05}]"}, {"source": 82, "prod": 0, "target": 31, "value": 0.00020639253816929305, "supply": "[{\"l\":'Labor',\"v\":0.00020639253816929305}]"}, {"source": 82, "prod": 0, "target": 4, "value": 0.012717711637669772, "supply": "[{\"l\":'Labor',\"v\":0.012717711637669772}]"}, {"source": 82, "prod": 0, "target": 33, "value": 0.00022604897037589239, "supply": "[{\"l\":'Labor',\"v\":0.00022604897037589239}]"}, {"source": 82, "prod": 0, "target": 8, "value": 0.0076463521283671428, "supply": "[{\"l\":'Labor',\"v\":0.0076463521283671428}]"}, {"source": 82, "prod": 0, "target": 35, "value": 1.9656432206599336e-05, "supply": "[{\"l\":'Labor',\"v\":1.9656432206599336e-05}]"}, {"source": 82, "prod": 0, "target": 37, "value": 0.0078625728826397356, "supply": "[{\"l\":'Labor',\"v\":0.0078625728826397356}]"}, {"source": 82, "prod": 0, "target": 38, "value": 9.8282161032996682e-06, "supply": "[{\"l\":'Labor',\"v\":9.8282161032996682e-06}]"}, {"source": 82, "prod": 0, "target": 5, "value": 0.0011105884196728627, "supply": "[{\"l\":'Labor',\"v\":0.0011105884196728627}]"}, {"source": 82, "prod": 0, "target": 6, "value": 0.0026929312123041092, "supply": "[{\"l\":'Labor',\"v\":0.0026929312123041092}]"}, {"source": 82, "prod": 0, "target": 7, "value": 0.014506446968470312, "supply": "[{\"l\":'Labor',\"v\":0.014506446968470312}]"}, {"source": 82, "prod": 0, "target": 46, "value": 1.9656432206599336e-05, "supply": "[{\"l\":'Labor',\"v\":1.9656432206599336e-05}]"}, {"source": 82, "prod": 0, "target": 47, "value": 9.8282161032996682e-06, "supply": "[{\"l\":'Labor',\"v\":9.8282161032996682e-06}]"}, {"source": 82, "prod": 0, "target": 11, "value": 0.00045209794075178479, "supply": "[{\"l\":'Labor',\"v\":0.00045209794075178479}]"}, {"source": 82, "prod": 0, "target": 16, "value": 5.8969296619798009e-05, "supply": "[{\"l\":'Labor',\"v\":5.8969296619798009e-05}]"}, {"source": 82, "prod": 0, "target": 14, "value": 0.02191692191035826, "supply": "[{\"l\":'Labor',\"v\":0.02191692191035826}]"}, {"source": 82, "prod": 0, "target": 50, "value": 0.00011793859323959602, "supply": "[{\"l\":'Labor',\"v\":0.00011793859323959602}]"}, {"source": 82, "prod": 0, "target": 54, "value": 0.00046192615685508446, "supply": "[{\"l\":'Labor',\"v\":0.00046192615685508446}]"}, {"source": 82, "prod": 0, "target": 56, "value": 0.0020442689494863313, "supply": "[{\"l\":'Labor',\"v\":0.0020442689494863313}]"}, {"source": 82, "prod": 0, "target": 74, "value": 9.8282161032996682e-06, "supply": "[{\"l\":'Labor',\"v\":9.8282161032996682e-06}]"}, {"source": 82, "prod": 0, "target": 40, "value": 0.00065849047892107789, "supply": "[{\"l\":'Labor',\"v\":0.00065849047892107789}]"}, {"source": 82, "prod": 0, "target": 61, "value": 0.0009631651781233676, "supply": "[{\"l\":'Labor',\"v\":0.0009631651781233676}]"}, {"source": 82, "prod": 0, "target": 62, "value": 0.0012088705807058592, "supply": "[{\"l\":'Labor',\"v\":0.0012088705807058592}]"}, {"source": 82, "prod": 0, "target": 48, "value": 0.0014545759832883512, "supply": "[{\"l\":'Labor',\"v\":0.0014545759832883512}]"}, {"source": 79, "prod": 0, "target": 70, "value": 2.3355949966588141, "supply": "[{\"l\":'Fossil Fuels',\"v\":2.3355949966588141}]"}, {"source": 80, "prod": 0, "target": 70, "value": 0.30633162899137972, "supply": "[{\"l\":'Renewables & Nuclear',\"v\":0.19290364552139702},{\"l\":'Biomass & Waste',\"v\":0.11342798346998269}]"}]}