{"nodes": [{"layer": 5, "name": "Fruits, Roots & Vegetables", "fill": "#98df8a"}, {"layer": 10, "name": "Feed", "fill": "#dbdb8d"}, {"layer": 13, "name": "Aquatic Products", "fill": "#1f77b4"}, {"layer": 13, "name": "Animal Products", "fill": "#17becf"}, {"layer": 5, "name": "Cereals", "fill": "#e7ba52"}, {"layer": 5, "name": "Oilcrops", "fill": "#ff9896"}, {"layer": 13, "name": "Other Processed", "fill": "#9c9ede"}, {"layer": 16, "name": "Food", "fill": "#b5cf6b"}, {"layer": 13, "name": "Sugar", "fill": "#d6616b"}, {"layer": 13, "name": "Vegetable Oils", "fill": "#f7b6d2"}, {"layer": 10, "name": "Processing", "fill": "#9edae5"}, {"layer": 5, "name": "Sugar Crops", "fill": "#ffbb78"}, {"layer": 16, "name": "Biofuels & Other", "fill": "#e7ba52"}, {"name": "Waste", "fill": "#c7c7c7"}, {"layer": 2, "name": "Import", "fill": "#aec7e8"}, {"layer": 16, "name": "Export", "fill": "#aec7e8"}, {"layer": 0, "name": "Stock Draw", "fill": "#c7c7c7"}, {"layer": 16, "name": "Stock Deposit", "fill": "#c7c7c7"}, {"layer": 2, "name": "Electricity", "fill": "#bcbd22"}, {"layer": 0, "name": "Fossil Fuels", "fill": "#c49c94"}, {"layer": 0, "name": "Renewables & Nuclear", "fill": "#2ca02c"}, {"layer": 2, "name": "Fertilizers", "fill": "#c5b0d5"}, {"layer": 0, "name": "Labor", "fill": "#7f7f7f"}], "links": [{"source": 0, "prod": 21.0, "target": 1, "value": 0.029953561188600653, "supply": [{"l": "Vegetables, Other", "v": 0.0032491415619268823}, {"l": "Potatoes", "v": 0.0045796860216722}, {"l": "Beans", "v": 0.015593938745693878}, {"l": "Pulses, Other", "v": 0.0065307948593076922}]}, {"source": 2, "prod": 82.0, "target": 1, "value": 0.074176513513679765, "supply": [{"l": "Pelagic Fish", "v": 0.040010501839206902}, {"l": "Fish, Seafood", "v": 0.034166011674472856}]}, {"source": 3, "prod": 7.0, "target": 1, "value": 0.0043715844365216751, "supply": [{"l": "Milk - Excluding Butter", "v": 0.0043715844365216751}]}, {"source": 4, "prod": 2418.0, "target": 1, "value": 8.1577157893909718, "supply": [{"l": "Maize", "v": 6.9550352933683204}, {"l": "Wheat", "v": 0.58068208634923335}, {"l": "Oats", "v": 0.21225083292749999}, {"l": "Rye", "v": 0.010838340404808511}, {"l": "Barley", "v": 0.37793012387284952}, {"l": "Sorghum", "v": 0.0038383511971426892}, {"l": "Cereals, Other", "v": 0.017140761271116717}]}, {"source": 5, "prod": 5.0, "target": 1, "value": 0.031721003602351652, "supply": [{"l": "Sunflower seed", "v": 0.0062975521857609905}, {"l": "Soyabeans", "v": 0.01889265655728297}, {"l": "Oilcrops, Other", "v": 0.0065307948593076922}]}, {"source": 6, "prod": 522.0, "target": 7, "value": 0.62428261337600621, "supply": [{"l": "Beer", "v": 0.20142106002425966}, {"l": "Beverages, Alcoholic", "v": 0.034890547878493154}, {"l": "Fats, Animals, Raw", "v": 0.26790771800626667}, {"l": "Butter, Ghee", "v": 0.017365977239522729}, {"l": "Wine", "v": 0.10269731022746392}]}, {"source": 3, "prod": 1169.0, "target": 7, "value": 1.0458238280721333, "supply": [{"l": "Meat, Other", "v": 0.003489054787849315}, {"l": "Eggs", "v": 0.076236226477407756}, {"l": "Mutton & Goat Meat", "v": 0.015657848330717216}, {"l": "Pigmeat", "v": 0.24095407946964248}, {"l": "Poultry Meat", "v": 0.057991244521886441}, {"l": "Milk - Excluding Butter", "v": 0.55893829581241417}, {"l": "Bovine Meat", "v": 0.081209014337478264}, {"l": "Offals, Edible", "v": 0.011348064334737624}]}, {"source": 4, "prod": 515.0, "target": 7, "value": 1.6492753162639453, "supply": [{"l": "Maize", "v": 0.081504319844160011}, {"l": "Rye", "v": 0.0054191702024042557}, {"l": "Rice", "v": 0.042806890674453778}, {"l": "Cereals, Other", "v": 0.059992664448908509}, {"l": "Wheat", "v": 1.4595522710940187}]}, {"source": 5, "prod": 17.0, "target": 7, "value": 0.057079970279785286, "supply": [{"l": "Olives", "v": 0.023650807097635718}, {"l": "Oilcrops, Other", "v": 0.0065307948593076922}, {"l": "Groundnuts", "v": 0.020600816137080886}, {"l": "Rape and Mustardseed", "v": 0.0062975521857609905}]}, {"source": 0, "prod": 988.0, "target": 7, "value": 0.70174932843057414, "supply": [{"l": "Nuts", "v": 0.049542837810508743}, {"l": "Grapefruit", "v": 0.001632698714826923}, {"l": "Tomatoes", "v": 0.014818083901090131}, {"l": "Coffee", "v": 0.012919615917326089}, {"l": "Treenuts", "v": 0.048455312102473176}, {"l": "Vegetables, Other", "v": 0.076535334569833233}, {"l": "Peas", "v": 0.003859106053227273}, {"l": "Grapes", "v": 0.054302167983055635}, {"l": "Pimento", "v": 0.0030321547561071431}, {"l": "Cocoa Beans", "v": 0.054858676818184626}, {"l": "Potatoes", "v": 0.21829836703304153}, {"l": "Beans", "v": 0.035086362177811227}, {"l": "Pulses, Other", "v": 0.0032653974296538461}, {"l": "Lemons, Limes", "v": 0.001872801467007353}, {"l": "Pineapples", "v": 0.001632698714826923}, {"l": "Bananas", "v": 0.035247824696957586}, {"l": "Citrus, Other", "v": 0.00036913188335217393}, {"l": "Fruits, Other", "v": 0.043098810896653648}, {"l": "Oranges, Mandarines", "v": 0.014795194838310034}, {"l": "Onions", "v": 0.0094159334385582258}, {"l": "Apples", "v": 0.018710817227768593}]}, {"source": 8, "prod": 269.0, "target": 7, "value": 0.7574188477658188, "supply": [{"l": "Sugar", "v": 0.63675249878250006}, {"l": "Sweeteners, Other", "v": 0.1094952525134503}, {"l": "Honey", "v": 0.011171096469868422}]}, {"source": 2, "prod": 152.0, "target": 7, "value": 0.12907796462805243, "supply": [{"l": "Crustaceans", "v": 0.00055130086474675327}, {"l": "Marine Fish, Other", "v": 0.0037318827767472531}, {"l": "Demersal Fish", "v": 0.0053062708231875009}, {"l": "Freshwater Fish", "v": 0.0035010446668453615}, {"l": "Pelagic Fish", "v": 0.044889831331793105}, {"l": "Fish, Seafood", "v": 0.063332119201461881}, {"l": "Cephalopods", "v": 0.0059036655516258281}, {"l": "Molluscs, Other", "v": 0.001861849411644737}]}, {"source": 9, "prod": 63.0, "target": 7, "value": 0.62820535014275969, "supply": [{"l": "Maize Germ Oil", "v": 0.071860085919245101}, {"l": "Soyabean Oil", "v": 0.13686962802112729}, {"l": "Palm Oil", "v": 0.12467092113482391}, {"l": "Sunflowerseed Oil", "v": 0.2062130630630416}, {"l": "Olive Oil", "v": 0.071980717253673915}, {"l": "Oilcrops Oil, Other", "v": 0.016610934750847829}]}, {"source": 6, "prod": 6.0, "target": 10, "value": 0.053581543601253327, "supply": [{"l": "Fats, Animals, Raw", "v": 0.053581543601253327}]}, {"source": 4, "prod": 106.0, "target": 10, "value": 0.32624807639885245, "supply": [{"l": "Maize", "v": 0.1358405330736}, {"l": "Barley", "v": 0.19040754332525242}]}, {"source": 5, "prod": 234.51827242524917, "target": 10, "value": 1.3567569017013295, "supply": [{"l": "Sunflower seed", "v": 0.31487760928804953}, {"l": "Olives", "v": 0.051243415378210713}, {"l": "Soyabeans", "v": 0.72421850136251398}, {"l": "Rape and Mustardseed", "v": 0.20152166994435169}, {"l": "Oilcrops, Other", "v": 0.045715564015153844}, {"l": "Oil Palm", "v": 0.019180141713049825}]}, {"source": 0, "prod": 115.0, "target": 10, "value": 0.070124284402529491, "supply": [{"l": "Fruits, Other", "v": 0.0071831351494422756}, {"l": "Grapes", "v": 0.06294114925308722}]}, {"source": 11, "prod": 1500.0, "target": 10, "value": 1.74333333, "supply": [{"l": "Sugar beet", "v": 1.74333333}]}, {"source": 8, "prod": 16.0, "target": 10, "value": 0.059579181172631585, "supply": [{"l": "Sugar", "v": 0.059579181172631585}]}, {"source": 0, "prod": 2.0, "target": 12, "value": 0.0015265620072240666, "supply": [{"l": "Potatoes", "v": 0.0015265620072240666}]}, {"source": 6, "prod": 2.0, "target": 12, "value": 0.0016046454723041238, "supply": [{"l": "Alcohol, Non-Food", "v": 0.0016046454723041238}]}, {"source": 9, "prod": 49.0, "target": 12, "value": 0.48041863108851512, "supply": [{"l": "Soyabean Oil", "v": 0.13686962802112729}, {"l": "Coconut Oil", "v": 0.020042128561401248}, {"l": "Sunflowerseed Oil", "v": 0.14434914414412911}, {"l": "Palm Oil", "v": 0.038360283426099671}, {"l": "Rape and Mustard Oil", "v": 0.090964642683214303}, {"l": "Oilcrops Oil, Other", "v": 0.049832804252543481}]}, {"source": 3, "prod": 36.0, "target": 12, "value": 0.042846721439619179, "supply": [{"l": "Milk - Excluding Butter", "v": 0.0024980482494409571}, {"l": "Offals, Edible", "v": 0.040348673190178222}]}, {"source": 5, "prod": 1.0, "target": 12, "value": 0.0065307948593076922, "supply": [{"l": "Oilcrops, Other", "v": 0.0065307948593076922}]}, {"source": 0, "prod": 25.0, "target": 0, "value": 0.019082025090300835, "supply": [{"l": "Potatoes", "v": 0.019082025090300835}]}, {"source": 3, "prod": 3.0, "target": 3, "value": 0.0048661421155792185, "supply": [{"l": "Eggs", "v": 0.0048661421155792185}]}, {"source": 4, "prod": 64.0, "target": 4, "value": 0.20551419210508848, "supply": [{"l": "Maize", "v": 0.0169800666342}, {"l": "Wheat", "v": 0.1381081718884663}, {"l": "Barley", "v": 0.028849627776553394}, {"l": "Oats", "v": 0.018866740704666669}, {"l": "Rye", "v": 0.0027095851012021279}]}, {"source": 5, "prod": 3.0, "target": 5, "value": 0.01889265655728297, "supply": [{"l": "Soyabeans", "v": 0.01889265655728297}]}, {"source": 0, "prod": 44.0, "target": 13, "value": 0.023243998330498231, "supply": [{"l": "Bananas", "v": 0.0020734014527622109}, {"l": "Potatoes", "v": 0.0068695290325083}, {"l": "Vegetables, Other", "v": 0.0032491415619268823}, {"l": "Fruits, Other", "v": 0.0022101954305976234}, {"l": "Grapes", "v": 0.0049365607257323306}, {"l": "Oranges, Mandarines", "v": 0.00068814859713069913}, {"l": "Onions", "v": 0.00039233055993992606}, {"l": "Tomatoes", "v": 0.00048583881642918461}, {"l": "Apples", "v": 0.0023388521534710742}]}, {"source": 3, "prod": 8.0, "target": 13, "value": 0.0049960964988819143, "supply": [{"l": "Milk - Excluding Butter", "v": 0.0049960964988819143}]}, {"source": 4, "prod": 79.0, "target": 13, "value": 0.25984578531897501, "supply": [{"l": "Maize", "v": 0.14942458638095998}, {"l": "Wheat", "v": 0.094164662651227027}, {"l": "Oats", "v": 0.0047166851761666672}, {"l": "Barley", "v": 0.011539851110621358}]}, {"source": 5, "prod": 9.0, "target": 13, "value": 0.056677969671848911, "supply": [{"l": "Sunflower seed", "v": 0.012595104371521981}, {"l": "Soyabeans", "v": 0.037785313114565941}, {"l": "Rape and Mustardseed", "v": 0.0062975521857609905}]}, {"source": 14, "prod": 417.0, "target": 1, "value": 0.36613877522180033, "supply": [{"l": "Freshwater Fish", "v": 0.00087526116671134038}, {"l": "Crustaceans", "v": 0.00055130086474675327}, {"l": "Eggs", "v": 0.0016220473718597396}, {"l": "Marine Fish, Other", "v": 0.0018659413883736265}, {"l": "Demersal Fish", "v": 0.0070750277642500003}, {"l": "Mutton & Goat Meat", "v": 0.0062631393322868855}, {"l": "Pigmeat", "v": 0.055471442755601147}, {"l": "Milk - Excluding Butter", "v": 0.094301321416396147}, {"l": "Pelagic Fish", "v": 0.083924467272482775}, {"l": "Fish, Seafood", "v": 0.091664909370536951}, {"l": "Cephalopods", "v": 0.0050602847585364237}, {"l": "Bovine Meat", "v": 0.0050755633960923915}, {"l": "Molluscs, Other", "v": 0.00074473976465789485}, {"l": "Aquatic Animals, Others", "v": 0.00084338079308940396}, {"l": "Poultry Meat", "v": 0.0074347749387033892}, {"l": "Offals, Edible", "v": 0.0025217920743861389}, {"l": "Aquatic Products, Other", "v": 0.00084338079308940396}]}, {"source": 14, "prod": 526.0, "target": 10, "value": 1.7474384474464804, "supply": [{"l": "Alcohol, Non-Food", "v": 0.0008023227361520619}, {"l": "Sugar", "v": 0.87879292229631589}, {"l": "Beer", "v": 0.030327602787743636}, {"l": "Beverages, Alcoholic", "v": 0.017445273939246577}, {"l": "Butter, Ghee", "v": 0.0086829886197613646}, {"l": "Fats, Animals, Raw", "v": 0.03572102906750222}, {"l": "Soyabean Oil", "v": 0.048882010007545461}, {"l": "Palm Oil", "v": 0.2397517714131229}, {"l": "Sunflowerseed Oil", "v": 0.2062130630630416}, {"l": "Olive Oil", "v": 0.020565919215335401}, {"l": "Coconut Oil", "v": 0.020042128561401248}, {"l": "Rape and Mustard Oil", "v": 0.020214365040714291}, {"l": "Oilcrops Oil, Other", "v": 0.033221869501695658}, {"l": "Wine", "v": 0.010430195569976803}, {"l": "Sweeteners, Other", "v": 0.17634498562692524}]}, {"source": 14, "prod": 253.0, "target": 4, "value": 0.80203724812773647, "supply": [{"l": "Maize", "v": 0.074712293190479992}, {"l": "Rye", "v": 0.0054191702024042557}, {"l": "Barley", "v": 0.19040754332525242}, {"l": "Rice", "v": 0.047087579741899165}, {"l": "Cereals, Other", "v": 0.021425951588895899}, {"l": "Wheat", "v": 0.45826802490263818}, {"l": "Oats", "v": 0.0047166851761666672}]}, {"source": 14, "prod": 396.0, "target": 0, "value": 0.35841331967971141, "supply": [{"l": "Vegetables, Other", "v": 0.023466022391694152}, {"l": "Nuts", "v": 0.022019039026892773}, {"l": "Citrus, Other", "v": 0.00036913188335217393}, {"l": "Grapefruit", "v": 0.001632698714826923}, {"l": "Tomatoes", "v": 0.0085021792875107308}, {"l": "Coffee", "v": 0.013996250577103259}, {"l": "Treenuts", "v": 0.021535694267765856}, {"l": "Cocoa Beans", "v": 0.12800357924243078}, {"l": "Grapes", "v": 0.0098731214514646611}, {"l": "Pimento", "v": 0.0030321547561071431}, {"l": "Potatoes", "v": 0.019082025090300835}, {"l": "Pepper", "v": 0.003859106053227273}, {"l": "Beans", "v": 0.007796969372846939}, {"l": "Apples", "v": 0.011304452075110192}, {"l": "Lemons, Limes", "v": 0.001872801467007353}, {"l": "Pineapples", "v": 0.0021769316197692307}, {"l": "Bananas", "v": 0.037321226149719798}, {"l": "Fruits, Other", "v": 0.021549405448326824}, {"l": "Infant food", "v": 0.0030321547561071431}, {"l": "Oranges, Mandarines", "v": 0.017203714928267479}, {"l": "Onions", "v": 0.00078466111987985211}]}, {"source": 14, "prod": 88.0, "target": 5, "value": 0.54770593408527579, "supply": [{"l": "Olives", "v": 0.0039418011829392861}, {"l": "Sunflower seed", "v": 0.025190208743043962}, {"l": "Oilcrops, Other", "v": 0.013061589718615384}, {"l": "Soyabeans", "v": 0.46601886174631324}, {"l": "Groundnuts", "v": 0.020600816137080886}, {"l": "Rape and Mustardseed", "v": 0.01889265655728297}]}, {"source": 14, "prod": 228.0, "target": 11, "value": 0.26498666616, "supply": [{"l": "Sugar beet", "v": 0.26498666616}]}, {"source": 6, "prod": 65.0, "target": 15, "value": 0.095622370411586707, "supply": [{"l": "Alcohol, Non-Food", "v": 0.0056162591530644337}, {"l": "Beer", "v": 0.02574985142355592}, {"l": "Beverages, Alcoholic", "v": 0.017445273939246577}, {"l": "Wine", "v": 0.0024069682084561857}, {"l": "Fats, Animals, Raw", "v": 0.03572102906750222}, {"l": "Butter, Ghee", "v": 0.0086829886197613646}]}, {"source": 3, "prod": 68.0, "target": 15, "value": 0.062072442942820022, "supply": [{"l": "Milk - Excluding Butter", "v": 0.031225603118011966}, {"l": "Meat, Other", "v": 0.0011630182626164384}, {"l": "Poultry Meat", "v": 0.010408684914184745}, {"l": "Offals, Edible", "v": 0.0012608960371930694}, {"l": "Pigmeat", "v": 0.010400895516675215}, {"l": "Bovine Meat", "v": 0.0076133450941385881}]}, {"source": 4, "prod": 108.0, "target": 15, "value": 0.3521661814778681, "supply": [{"l": "Maize", "v": 0.23092890622511997}, {"l": "Barley", "v": 0.049044367220140772}, {"l": "Wheat", "v": 0.072192908032607375}]}, {"source": 5, "prod": 62.0, "target": 15, "value": 0.38612158392289003, "supply": [{"l": "Olives", "v": 0.0019709005914696431}, {"l": "Soyabeans", "v": 0.17633146120130772}, {"l": "Sunflower seed", "v": 0.14484370027250276}, {"l": "Rape and Mustardseed", "v": 0.062975521857609906}]}, {"source": 0, "prod": 96.0, "target": 15, "value": 0.13432754056317023, "supply": [{"l": "Cocoa Beans", "v": 0.082288015227276926}, {"l": "Potatoes", "v": 0.00076328100361203329}, {"l": "Fruits, Other", "v": 0.0055254885764940576}, {"l": "Coffee", "v": 0.001076634659777174}, {"l": "Infant food", "v": 0.0090964642683214296}, {"l": "Tomatoes", "v": 0.00024291940821459231}, {"l": "Tea", "v": 0.0096814301329193574}, {"l": "Vegetables, Other", "v": 0.0032491415619268823}, {"l": "Oranges, Mandarines", "v": 0.0044729658813495443}, {"l": "Apples", "v": 0.017931199843278237}]}, {"source": 8, "prod": 277.0, "target": 15, "value": 0.85148636879925288, "supply": [{"l": "Sugar", "v": 0.77080565642092114}, {"l": "Sweeteners, Other", "v": 0.080680712378331798}]}, {"source": 2, "prod": 80.0, "target": 15, "value": 0.069043998408043539, "supply": [{"l": "Cephalopods", "v": 0.00084338079308940396}, {"l": "Freshwater Fish", "v": 0.00087526116671134038}, {"l": "Fish, Seafood", "v": 0.033332694316558886}, {"l": "Pelagic Fish", "v": 0.029275976955517247}, {"l": "Demersal Fish", "v": 0.0047166851761666672}]}, {"source": 9, "prod": 27.0, "target": 15, "value": 0.26796791433262618, "supply": [{"l": "Oilcrops Oil, Other", "v": 0.016610934750847829}, {"l": "Rape and Mustard Oil", "v": 0.050535912601785721}, {"l": "Soyabean Oil", "v": 0.019552804003018186}, {"l": "Palm Oil", "v": 0.057540425139149497}, {"l": "Sunflowerseed Oil", "v": 0.12372783783782496}]}, {"source": 16, "prod": 39.0, "target": 0, "value": 0.043834916456890291, "supply": [{"l": "Potatoes", "v": 0.022898430108360998}, {"l": "Vegetables, Other", "v": 0.0014440629164119475}, {"l": "Beans", "v": 0.019492423432117347}]}, {"source": 9, "prod": 3.0, "target": 17, "value": 0.028770212569574748, "supply": [{"l": "Palm Oil", "v": 0.028770212569574748}]}, {"source": 5, "prod": 45.0, "target": 17, "value": 0.28338984835924458, "supply": [{"l": "Sunflower seed", "v": 0.031487760928804953}, {"l": "Soyabeans", "v": 0.25190208743043963}]}, {"source": 16, "prod": 51.0, "target": 10, "value": 0.14283883837254041, "supply": [{"l": "Soyabean Oil", "v": 0.048882010007545461}, {"l": "Sunflowerseed Oil", "v": 0.061863918918912478}, {"l": "Wine", "v": 0.032092909446082472}]}, {"source": 11, "prod": 65.0, "target": 17, "value": 0.075544444299999999, "supply": [{"l": "Sugar beet", "v": 0.075544444299999999}]}, {"source": 8, "prod": 75.0, "target": 17, "value": 0.20214389521016851, "supply": [{"l": "Sweeteners, Other", "v": 0.034577448162142199}, {"l": "Sugar", "v": 0.16756644704802631}]}, {"source": 1, "prod": 314.0, "target": 2, "value": 0.27229847654977574, "supply": [{"l": "Pelagic Fish", "v": 0.11417631012651726}, {"l": "Crustaceans", "v": 0.00055130086474675327}, {"l": "Freshwater Fish", "v": 0.0043763058335567016}, {"l": "Molluscs, Other", "v": 0.001861849411644737}, {"l": "Demersal Fish", "v": 0.010022955999354169}, {"l": "Fish, Seafood", "v": 0.13083082519249362}, {"l": "Marine Fish, Other", "v": 0.0037318827767472531}, {"l": "Cephalopods", "v": 0.0067470463447152317}]}, {"source": 1, "prod": 1288.0, "target": 3, "value": 1.1601106733899762, "supply": [{"l": "Poultry Meat", "v": 0.068399929436071191}, {"l": "Pigmeat", "v": 0.2513549749863177}, {"l": "Bovine Meat", "v": 0.088822359431616857}, {"l": "Eggs", "v": 0.081102368592986973}, {"l": "Milk - Excluding Butter", "v": 0.60202962811527061}, {"l": "Offals, Edible", "v": 0.052957633562108919}, {"l": "Meat, Other", "v": 0.0046520730504657536}, {"l": "Mutton & Goat Meat", "v": 0.015657848330717216}]}, {"source": 10, "prod": 595.0, "target": 6, "value": 0.77509117286115037, "supply": [{"l": "Fats, Animals, Raw", "v": 0.35721029067502225}, {"l": "Alcohol, Non-Food", "v": 0.0072209046253685575}, {"l": "Beer", "v": 0.22717091144781559}, {"l": "Beverages, Alcoholic", "v": 0.052335821817739728}, {"l": "Butter, Ghee", "v": 0.026048965859284096}, {"l": "Wine", "v": 0.10510427843592011}]}, {"source": 10, "prod": 142.0, "target": 9, "value": 1.4053621081334757, "supply": [{"l": "Olive Oil", "v": 0.071980717253673915}, {"l": "Soyabean Oil", "v": 0.29329206004527275}, {"l": "Coconut Oil", "v": 0.020042128561401248}, {"l": "Rape and Mustard Oil", "v": 0.14150055528500002}, {"l": "Maize Germ Oil", "v": 0.071860085919245101}, {"l": "Palm Oil", "v": 0.24934184226964781}, {"l": "Oilcrops Oil, Other", "v": 0.083054673754239139}, {"l": "Sunflowerseed Oil", "v": 0.47429004504499561}]}, {"source": 10, "prod": 637.0, "target": 8, "value": 1.8706282929478717, "supply": [{"l": "Honey", "v": 0.011171096469868422}, {"l": "Sweeteners, Other", "v": 0.22475341305392429}, {"l": "Sugar", "v": 1.6347037834240792}]}, {"source": 18, "prod": 0, "target": 0, "value": 9.3948501704072982e-05, "supply": "[{\"l\":'Energy for power irrigation',\"v\":9.3948501704072982e-05}]"}, {"source": 18, "prod": 0, "target": 11, "value": 0.00012744509366678685, "supply": "[{\"l\":'Energy for power irrigation',\"v\":0.00012744509366678685}]"}, {"source": 18, "prod": 0, "target": 4, "value": 0.00027793830106938604, "supply": "[{\"l\":'Energy for power irrigation',\"v\":0.00027793830106938604}]"}, {"source": 18, "prod": 0, "target": 5, "value": 2.9195881760354135e-05, "supply": "[{\"l\":'Energy for power irrigation',\"v\":2.9195881760354135e-05}]"}, {"source": 18, "prod": 0, "target": 10, "value": 0.06700000005359999, "supply": "[{\"l\":'Electricity',\"v\":0.06700000005359999}]"}, {"source": 19, "prod": 0, "target": 18, "value": 0.078020491207141746, "supply": [{"l": "Coal", "v": 0.03262857100003571}, {"l": "Natural gas", "v": 0.018708591745838422}, {"l": "Oil", "v": 0.02668332846126761}]}, {"source": 20, "prod": 0, "target": 18, "value": 0.034748166701210607, "supply": [{"l": "Nuclear", "v": 0.0}, {"l": "Hydroelectric", "v": 0.034616979663169227}, {"l": "Renewable", "v": 0.00013118703804138057}]}, {"source": 19, "prod": 0, "target": 0, "value": 0.63513770201386255, "supply": [{"l": "Motor Gasoline", "v": 0.017499000895529228}, {"l": "Gas-Diesel oil", "v": 0.41826759759037274}, {"l": "Natural gas (including LNG)", "v": 0.043549996585374666}, {"l": "Fuel oil", "v": 0.0099740354991447646}, {"l": "Liquefied petroleum gas (LPG)", "v": 0.0070065130560823868}, {"l": "Other fossil fuels", "v": 0.1388405583873589}]}, {"source": 19, "prod": 0, "target": 11, "value": 0.8615910041804874, "supply": [{"l": "Motor Gasoline", "v": 0.023738130654075398}, {"l": "Gas-Diesel oil", "v": 0.56739758682469721}, {"l": "Natural gas (including LNG)", "v": 0.059077401909973203}, {"l": "Fuel oil", "v": 0.013530198623372547}, {"l": "Liquefied petroleum gas (LPG)", "v": 0.0095046296270126958}, {"l": "Other fossil fuels", "v": 0.18834305654135647}]}, {"source": 19, "prod": 0, "target": 4, "value": 1.8789985006774597, "supply": [{"l": "Motor Gasoline", "v": 0.051769240499811006}, {"l": "Gas-Diesel oil", "v": 1.2374075515629204}, {"l": "Natural gas (including LNG)", "v": 0.12883879830934905}, {"l": "Fuel oil", "v": 0.029507298479011915}, {"l": "Liquefied petroleum gas (LPG)", "v": 0.020728146802830649}, {"l": "Other fossil fuels", "v": 0.41074746502353698}]}, {"source": 19, "prod": 0, "target": 5, "value": 0.19737840320167502, "supply": [{"l": "Motor Gasoline", "v": 0.005438072473784362}, {"l": "Gas-Diesel oil", "v": 0.12998282146000939}, {"l": "Natural gas (including LNG)", "v": 0.013533803391303069}, {"l": "Fuel oil", "v": 0.0030995785544707705}, {"l": "Liquefied petroleum gas (LPG)", "v": 0.0021773772122742692}, {"l": "Other fossil fuels", "v": 0.043146750109833189}]}, {"source": 19, "prod": 0, "target": 1, "value": 0.36460416695834996, "supply": [{"l": "Gas-diesel oils used in fisheries", "v": 0.36460416695834996}]}, {"source": 21, "prod": 45.701899645394967, "target": 0, "value": 0.48980746040178036, "supply": [{"l": "Potash", "v": 0.14316242789230774}, {"l": "Phosphate", "v": 0.32155875025724695}, {"l": "Nitrogen", "v": 2.2907974740548598}]}, {"source": 21, "prod": 61.99654891148672, "target": 11, "value": 0.66444441941419086, "supply": [{"l": "Potash", "v": 0.14316242789230774}, {"l": "Phosphate", "v": 0.32155875025724695}, {"l": "Nitrogen", "v": 2.2907974740548598}]}, {"source": 21, "prod": 135.20501245560538, "target": 4, "value": 1.4490518840204072, "supply": [{"l": "Potash", "v": 0.14316242789230774}, {"l": "Phosphate", "v": 0.32155875025724695}, {"l": "Nitrogen", "v": 2.2907974740548598}]}, {"source": 21, "prod": 14.202538987512934, "target": 5, "value": 0.15221488836803609, "supply": [{"l": "Potash", "v": 0.14316242789230774}, {"l": "Phosphate", "v": 0.32155875025724695}, {"l": "Nitrogen", "v": 2.2907974740548598}]}, {"source": 19, "prod": 0, "target": 21, "value": 3.3808355131128218, "supply": [{"l": "Natural gas (including LNG)", "v": 2.2671166918930297}, {"l": "Fuel oil", "v": 0.70877183383580622}, {"l": "Liquefied petroleum gas (LPG)", "v": 0.20247349369199288}, {"l": "Coal", "v": 0.20247349369199288}]}, {"source": 22, "prod": 0, "target": 4, "value": 0.050873535223664001, "supply": "[{\"l\":'Labor',\"v\":0.050873535223664001}]"}, {"source": 22, "prod": 0, "target": 5, "value": 0.0053439835870282152, "supply": "[{\"l\":'Labor',\"v\":0.0053439835870282152}]"}, {"source": 22, "prod": 0, "target": 0, "value": 0.01719623525172026, "supply": "[{\"l\":'Labor',\"v\":0.01719623525172026}]"}, {"source": 22, "prod": 0, "target": 11, "value": 0.023327416325113978, "supply": "[{\"l\":'Labor',\"v\":0.023327416325113978}]"}, {"source": 19, "prod": 0, "target": 14, "value": 2.8343449527859867, "supply": "[{\"l\":'Fossil Fuels',\"v\":2.8343449527859867}]"}, {"source": 20, "prod": 0, "target": 14, "value": 0.33956353331677402, "supply": "[{\"l\":'Renewables & Nuclear',\"v\":0.20451629704322122},{\"l\":'Biomass & Waste',\"v\":0.13504723627355278}]"}]}