{"nodes": [{"layer": 13, "name": "Animal Products", "fill": "#17becf"}, {"layer": 10, "name": "Feed", "fill": "#dbdb8d"}, {"layer": 5, "name": "Cereals", "fill": "#e7ba52"}, {"layer": 5, "name": "Oilcrops", "fill": "#ff9896"}, {"layer": 5, "name": "Fruits, Roots & Vegetables", "fill": "#98df8a"}, {"layer": 5, "name": "Sugar Crops", "fill": "#ffbb78"}, {"layer": 13, "name": "Aquatic Products", "fill": "#1f77b4"}, {"layer": 13, "name": "Other Processed", "fill": "#9c9ede"}, {"layer": 16, "name": "Food", "fill": "#b5cf6b"}, {"layer": 13, "name": "Sugar", "fill": "#d6616b"}, {"layer": 13, "name": "Vegetable Oils", "fill": "#f7b6d2"}, {"layer": 10, "name": "Processing", "fill": "#9edae5"}, {"layer": 16, "name": "Biofuels & Other", "fill": "#e7ba52"}, {"name": "Waste", "fill": "#c7c7c7"}, {"layer": 2, "name": "Import", "fill": "#aec7e8"}, {"layer": 16, "name": "Export", "fill": "#aec7e8"}, {"layer": 0, "name": "Stock Draw", "fill": "#c7c7c7"}, {"layer": 16, "name": "Stock Deposit", "fill": "#c7c7c7"}, {"name": "Crop Residue", "fill": "#bd9e39"}, {"layer": 2, "name": "Electricity", "fill": "#bcbd22"}, {"layer": 0, "name": "Fossil Fuels", "fill": "#c49c94"}, {"layer": 0, "name": "Renewables & Nuclear", "fill": "#2ca02c"}, {"layer": 2, "name": "Fertilizers", "fill": "#c5b0d5"}, {"layer": 0, "name": "Labor", "fill": "#7f7f7f"}], "links": [{"source": 0, "prod": 8.0, "target": 1, "value": 0.0050544543842195918, "supply": [{"l": "Milk - Excluding Butter", "v": 0.0050544543842195918}]}, {"source": 2, "prod": 2102.0, "target": 1, "value": 6.9163866986873268, "supply": [{"l": "Maize", "v": 5.903229423187371}, {"l": "Wheat", "v": 0.7692220693010744}, {"l": "Oats", "v": 0.073069958876680316}, {"l": "Rye", "v": 0.0087827930866551732}, {"l": "Barley", "v": 0.16208245423554549}]}, {"source": 3, "prod": 1.0, "target": 1, "value": 0.0041225189525319096, "supply": [{"l": "Sunflower seed", "v": 0.0041225189525319096}]}, {"source": 4, "prod": 52.0, "target": 1, "value": 0.050449657548699331, "supply": [{"l": "Vegetables, Other", "v": 0.0043132891344954153}, {"l": "Potatoes", "v": 0.026479046955577491}, {"l": "Beans", "v": 0.011939109352171875}, {"l": "Pulses, Other", "v": 0.007718212106454546}]}, {"source": 5, "prod": 5.0, "target": 1, "value": 0.0058111111000000003, "supply": [{"l": "Sugar beet", "v": 0.0058111111000000003}]}, {"source": 6, "prod": 112.0, "target": 1, "value": 0.14951792289945667, "supply": [{"l": "Pelagic Fish", "v": 0.10805496949036365}, {"l": "Fish, Seafood", "v": 0.041462953409093027}]}, {"source": 7, "prod": 514.0, "target": 8, "value": 0.53581882562558159, "supply": [{"l": "Beer", "v": 0.17764540651577349}, {"l": "Beverages, Alcoholic", "v": 0.026861122359186442}, {"l": "Fats, Animals, Raw", "v": 0.16687306864644827}, {"l": "Butter, Ghee", "v": 0.025901796560644067}, {"l": "Wine", "v": 0.13588429613193559}, {"l": "Cream", "v": 0.00265313541159375}]}, {"source": 0, "prod": 952.0, "target": 8, "value": 0.81691134568229395, "supply": [{"l": "Meat, Other", "v": 0.0039184769155846157}, {"l": "Eggs", "v": 0.07931584986423261}, {"l": "Mutton & Goat Meat", "v": 0.0093640073350367645}, {"l": "Pigmeat", "v": 0.14249006965762237}, {"l": "Poultry Meat", "v": 0.050914931946299112}, {"l": "Milk - Excluding Butter", "v": 0.48143678009691621}, {"l": "Bovine Meat", "v": 0.044052059664198111}, {"l": "Offals, Edible", "v": 0.0054191702024042557}]}, {"source": 2, "prod": 482.0, "target": 8, "value": 1.5021519477390337, "supply": [{"l": "Maize", "v": 0.13095901450756967}, {"l": "Rye", "v": 0.002927597695551724}, {"l": "Rice", "v": 0.025839231834652178}, {"l": "Cereals, Other", "v": 0.0039797031173906252}, {"l": "Wheat", "v": 1.3384464005838694}]}, {"source": 3, "prod": 8.0, "target": 8, "value": 0.026619693807777473, "supply": [{"l": "Olives", "v": 0.010011831741863209}, {"l": "Groundnuts", "v": 0.012485343113382355}, {"l": "Rape and Mustardseed", "v": 0.0041225189525319096}]}, {"source": 4, "prod": 1453.0, "target": 8, "value": 0.96458122244829358, "supply": [{"l": "Nuts", "v": 0.036519628606643387}, {"l": "Grapefruit", "v": 0.0010916465983413209}, {"l": "Tomatoes", "v": 0.015785213656067144}, {"l": "Coffee", "v": 0.0099589833631671554}, {"l": "Treenuts", "v": 0.035476210646453579}, {"l": "Vegetables, Other", "v": 0.10252356481223719}, {"l": "Peas", "v": 0.0045482321341607148}, {"l": "Grapes", "v": 0.061149173108937423}, {"l": "Cocoa Beans", "v": 0.037007837536076921}, {"l": "Potatoes", "v": 0.39640690883496893}, {"l": "Beans", "v": 0.075614359230421882}, {"l": "Pulses, Other", "v": 0.003859106053227273}, {"l": "Lemons, Limes", "v": 0.0019859727057543863}, {"l": "Pineapples", "v": 0.0015160773780535715}, {"l": "Bananas", "v": 0.025459513874844766}, {"l": "Spices, Other", "v": 0.0035375138821250002}, {"l": "Fruits, Other", "v": 0.068879661826526634}, {"l": "Oranges, Mandarines", "v": 0.021756773755995242}, {"l": "Onions", "v": 0.017838980510638133}, {"l": "Apples", "v": 0.043665863933652835}]}, {"source": 9, "prod": 214.0, "target": 8, "value": 0.78130914118260342, "supply": [{"l": "Sugar", "v": 0.76535373374184645}, {"l": "Sweeteners, Other", "v": 0.011710390782206896}, {"l": "Honey", "v": 0.00424501665855}]}, {"source": 6, "prod": 32.0, "target": 8, "value": 0.024904479739611806, "supply": [{"l": "Marine Fish, Other", "v": 0.00080094653934905671}, {"l": "Demersal Fish", "v": 0.00380150745541791}, {"l": "Freshwater Fish", "v": 0.0020214365040714288}, {"l": "Pelagic Fish", "v": 0.0019295530266136365}, {"l": "Fish, Seafood", "v": 0.011846558116883722}, {"l": "Cephalopods", "v": 0.0042878956146969694}, {"l": "Molluscs, Other", "v": 0.00021658248257908162}]}, {"source": 10, "prod": 43.0, "target": 8, "value": 0.44242400585666825, "supply": [{"l": "Maize Germ Oil", "v": 0.02122508329275}, {"l": "Soyabean Oil", "v": 0.14518786617190554}, {"l": "Palm Oil", "v": 0.010612541646375}, {"l": "Sunflowerseed Oil", "v": 0.2360855576087029}, {"l": "Olive Oil", "v": 0.020376079961040003}, {"l": "Oilcrops Oil, Other", "v": 0.0089368771758947391}]}, {"source": 7, "prod": 6.0, "target": 11, "value": 0.052696758519931039, "supply": [{"l": "Fats, Animals, Raw", "v": 0.052696758519931039}]}, {"source": 0, "prod": 1.0, "target": 11, "value": 0.0016424171595580362, "supply": [{"l": "Poultry Meat", "v": 0.0016424171595580362}]}, {"source": 2, "prod": 81.0, "target": 11, "value": 0.24417616482238019, "supply": [{"l": "Maize", "v": 0.070516392427152894}, {"l": "Barley", "v": 0.17365977239522731}]}, {"source": 3, "prod": 104.0, "target": 11, "value": 0.40330013981340729, "supply": [{"l": "Sunflower seed", "v": 0.12367556857595728}, {"l": "Olives", "v": 0.024028396180471697}, {"l": "Soyabeans", "v": 0.22261602343672307}, {"l": "Rape and Mustardseed", "v": 0.032980151620255277}]}, {"source": 4, "prod": 306.0, "target": 11, "value": 0.1887031044769058, "supply": [{"l": "Fruits, Other", "v": 0.01399118130851322}, {"l": "Grapes", "v": 0.1747119231683926}]}, {"source": 5, "prod": 930.0, "target": 11, "value": 1.0808666646, "supply": [{"l": "Sugar beet", "v": 1.0808666646}]}, {"source": 4, "prod": 1.0, "target": 12, "value": 0.00077879549869345577, "supply": [{"l": "Potatoes", "v": 0.00077879549869345577}]}, {"source": 7, "prod": 12.0, "target": 12, "value": 0.0095357400794340765, "supply": [{"l": "Alcohol, Non-Food", "v": 0.0095357400794340765}]}, {"source": 10, "prod": 10.0, "target": 12, "value": 0.097115684310877873, "supply": [{"l": "Palm Oil", "v": 0.010612541646375}, {"l": "Oilcrops Oil, Other", "v": 0.035747508703578956}, {"l": "Rape and Mustard Oil", "v": 0.050755633960923918}]}, {"source": 0, "prod": 32.0, "target": 12, "value": 0.039738432856365968, "supply": [{"l": "Milk - Excluding Butter", "v": 0.0031590339901372455}, {"l": "Offals, Edible", "v": 0.03657939886622872}]}, {"source": 4, "prod": 96.0, "target": 4, "value": 0.077965275493268926, "supply": [{"l": "Potatoes", "v": 0.0739855723758783}, {"l": "Beans", "v": 0.0039797031173906252}]}, {"source": 0, "prod": 2.0, "target": 0, "value": 0.0032373816271115351, "supply": [{"l": "Eggs", "v": 0.0032373816271115351}]}, {"source": 2, "prod": 74.0, "target": 2, "value": 0.22587513596375094, "supply": [{"l": "Maize", "v": 0.026863387591296341}, {"l": "Wheat", "v": 0.17538263180064498}, {"l": "Barley", "v": 0.017365977239522729}, {"l": "Oats", "v": 0.0062631393322868847}]}, {"source": 3, "prod": 1.0, "target": 3, "value": 0.0041225189525319096, "supply": [{"l": "Soyabeans", "v": 0.0041225189525319096}]}, {"source": 4, "prod": 82.0, "target": 13, "value": 0.050891798899452903, "supply": [{"l": "Bananas", "v": 0.0013761899391807983}, {"l": "Potatoes", "v": 0.026479046955577491}, {"l": "Vegetables, Other", "v": 0.0056404550220324669}, {"l": "Fruits, Other", "v": 0.0037668565061381746}, {"l": "Grapes", "v": 0.0049917692333826466}, {"l": "Beans", "v": 0.0039797031173906252}, {"l": "Oranges, Mandarines", "v": 0.00070183141148371752}, {"l": "Onions", "v": 0.0011149362819148833}, {"l": "Tomatoes", "v": 0.00065771723566946424}, {"l": "Apples", "v": 0.0021832931966826417}]}, {"source": 0, "prod": 7.0, "target": 13, "value": 0.0044226475861921435, "supply": [{"l": "Milk - Excluding Butter", "v": 0.0044226475861921435}]}, {"source": 2, "prod": 91.0, "target": 13, "value": 0.28932187710947571, "supply": [{"l": "Maize", "v": 0.12760109105865763}, {"l": "Wheat", "v": 0.15384441386021488}, {"l": "Oats", "v": 0.0020877131107622949}, {"l": "Barley", "v": 0.0057886590798409097}]}, {"source": 3, "prod": 4.0, "target": 13, "value": 0.016490075810127638, "supply": [{"l": "Sunflower seed", "v": 0.0041225189525319096}, {"l": "Soyabeans", "v": 0.012367556857595729}]}, {"source": 14, "prod": 404.0, "target": 1, "value": 0.40487991360941633, "supply": [{"l": "Eggs", "v": 0.0032373816271115351}, {"l": "Demersal Fish", "v": 0.001900753727708955}, {"l": "Mutton & Goat Meat", "v": 0.0031213357783455888}, {"l": "Pigmeat", "v": 0.058777153733769225}, {"l": "Milk - Excluding Butter", "v": 0.13457484797984665}, {"l": "Pelagic Fish", "v": 0.12349139370327274}, {"l": "Fish, Seafood", "v": 0.053309511525976738}, {"l": "Cephalopods", "v": 0.0034303164917575757}, {"l": "Bovine Meat", "v": 0.019823426848889152}, {"l": "Molluscs, Other", "v": 0.00021658248257908162}, {"l": "Poultry Meat", "v": 0.0016424171595580362}, {"l": "Offals, Edible", "v": 0.0013547925506010639}]}, {"source": 14, "prod": 163.0, "target": 11, "value": 0.61351040954952241, "supply": [{"l": "Alcohol, Non-Food", "v": 0.003973225033097532}, {"l": "Sugar", "v": 0.1241114162824616}, {"l": "Maize Germ Oil", "v": 0.02122508329275}, {"l": "Beer", "v": 0.012526278664573771}, {"l": "Beverages, Alcoholic", "v": 0.0067152805897966105}, {"l": "Fats, Animals, Raw", "v": 0.061479551606586212}, {"l": "Soyabean Oil", "v": 0.062223371216530952}, {"l": "Palm Oil", "v": 0.0424501665855}, {"l": "Sunflowerseed Oil", "v": 0.17449802084121516}, {"l": "Rape and Mustard Oil", "v": 0.020302253584369566}, {"l": "Oilcrops Oil, Other", "v": 0.044684385879473688}, {"l": "Wine", "v": 0.0055625150463365436}, {"l": "Sweeteners, Other", "v": 0.020493183868862071}, {"l": "Cream", "v": 0.01326567705796875}]}, {"source": 14, "prod": 99.0, "target": 2, "value": 0.31220052549600408, "supply": [{"l": "Maize", "v": 0.040295081386944515}, {"l": "Barley", "v": 0.0839355566576932}, {"l": "Rice", "v": 0.03014577047376087}, {"l": "Cereals, Other", "v": 0.0039797031173906252}, {"l": "Wheat", "v": 0.15384441386021488}]}, {"source": 14, "prod": 405.0, "target": 4, "value": 0.28603433909643616, "supply": [{"l": "Nuts", "v": 0.014046011002555148}, {"l": "Grapefruit", "v": 0.0010916465983413209}, {"l": "Tomatoes", "v": 0.0061386941995816655}, {"l": "Coffee", "v": 0.01120385628356305}, {"l": "Treenuts", "v": 0.013644696402482146}, {"l": "Vegetables, Other", "v": 0.026543317750741018}, {"l": "Peas", "v": 0.0090964642683214296}, {"l": "Grapes", "v": 0.0081116250042468016}, {"l": "Pimento", "v": 0.00424501665855}, {"l": "Cocoa Beans", "v": 0.055511756304115381}, {"l": "Potatoes", "v": 0.010124341483014925}, {"l": "Pepper", "v": 0.00424501665855}, {"l": "Beans", "v": 0.019898515586953127}, {"l": "Apples", "v": 0.0092789960859012283}, {"l": "Lemons, Limes", "v": 0.0019859727057543863}, {"l": "Pineapples", "v": 0.0015160773780535715}, {"l": "Bananas", "v": 0.026835703814025568}, {"l": "Spices, Other", "v": 0.0035375138821250002}, {"l": "Fruits, Other", "v": 0.029596729691085663}, {"l": "Infant food", "v": 0.0035375138821250002}, {"l": "Oranges, Mandarines", "v": 0.021756773755995242}, {"l": "Onions", "v": 0.0040880997003545725}]}, {"source": 14, "prod": 23.0, "target": 3, "value": 0.098794828217247818, "supply": [{"l": "Sunflower seed", "v": 0.0082450379050638192}, {"l": "Oilcrops, Other", "v": 0.003859106053227273}, {"l": "Soyabeans", "v": 0.07008282219304246}, {"l": "Groundnuts", "v": 0.012485343113382355}, {"l": "Rape and Mustardseed", "v": 0.0041225189525319096}]}, {"source": 14, "prod": 28.0, "target": 5, "value": 0.032542222160000002, "supply": [{"l": "Sugar beet", "v": 0.032542222160000002}]}, {"source": 7, "prod": 95.0, "target": 15, "value": 0.13142314079279241, "supply": [{"l": "Alcohol, Non-Food", "v": 0.0031785800264780258}, {"l": "Beer", "v": 0.022205675814471686}, {"l": "Beverages, Alcoholic", "v": 0.043649323833677964}, {"l": "Wine", "v": 0.025428640211824206}, {"l": "Fats, Animals, Raw", "v": 0.026348379259965519}, {"l": "Cream", "v": 0.010612541646375}]}, {"source": 0, "prod": 87.0, "target": 15, "value": 0.09117677881366959, "supply": [{"l": "Pigmeat", "v": 0.016030132836482518}, {"l": "Milk - Excluding Butter", "v": 0.036012987487564596}, {"l": "Meat, Other", "v": 0.0013061589718615385}, {"l": "Bovine Meat", "v": 0.022026029832099055}, {"l": "Eggs", "v": 0.0032373816271115351}, {"l": "Poultry Meat", "v": 0.0098545029573482157}, {"l": "Offals, Edible", "v": 0.0027095851012021279}]}, {"source": 2, "prod": 73.0, "target": 15, "value": 0.23235015352397578, "supply": [{"l": "Maize", "v": 0.11081147381409741}, {"l": "Oats", "v": 0.0020877131107622949}, {"l": "Barley", "v": 0.0086829886197613646}, {"l": "Wheat", "v": 0.11076797797935471}]}, {"source": 3, "prod": 7.0, "target": 15, "value": 0.028857632667723367, "supply": [{"l": "Sunflower seed", "v": 0.012367556857595729}, {"l": "Rape and Mustardseed", "v": 0.016490075810127638}]}, {"source": 4, "prod": 67.0, "target": 15, "value": 0.060454491978590479, "supply": [{"l": "Potatoes", "v": 0.0046727729921607342}, {"l": "Fruits, Other", "v": 0.0053812235801973928}, {"l": "Coffee", "v": 0.0012448729203958944}, {"l": "Infant food", "v": 0.0070750277642500003}, {"l": "Cocoa Beans", "v": 0.027755878152057691}, {"l": "Tomatoes", "v": 0.00043847815711297618}, {"l": "Vegetables, Other", "v": 0.0053086635501482038}, {"l": "Oranges, Mandarines", "v": 0.0042109884689023047}, {"l": "Apples", "v": 0.0043665863933652835}]}, {"source": 9, "prod": 62.0, "target": 15, "value": 0.096587711394424375, "supply": [{"l": "Sugar", "v": 0.078603896978892349}, {"l": "Sweeteners, Other", "v": 0.017983814415532023}]}, {"source": 6, "prod": 42.0, "target": 15, "value": 0.054078412409044083, "supply": [{"l": "Freshwater Fish", "v": 0.0010107182520357144}, {"l": "Pelagic Fish", "v": 0.036661507505659094}, {"l": "Cephalopods", "v": 0.00085757912293939393}, {"l": "Fish, Seafood", "v": 0.015548607528409884}]}, {"source": 10, "prod": 9.0, "target": 15, "value": 0.091961442052480191, "supply": [{"l": "Oilcrops Oil, Other", "v": 0.0089368771758947391}, {"l": "Soyabean Oil", "v": 0.020741123738843646}, {"l": "Palm Oil", "v": 0.02122508329275}, {"l": "Sunflowerseed Oil", "v": 0.041058357844991802}]}, {"source": 16, "prod": 10.0, "target": 3, "value": 0.041225189525319089, "supply": [{"l": "Sunflower seed", "v": 0.020612594762659545}, {"l": "Soyabeans", "v": 0.020612594762659545}]}, {"source": 7, "prod": 1.0, "target": 17, "value": 0.0087827930866551732, "supply": [{"l": "Fats, Animals, Raw", "v": 0.0087827930866551732}]}, {"source": 4, "prod": 3.0, "target": 17, "value": 0.012507638368941965, "supply": [{"l": "Beans", "v": 0.0079594062347812505}, {"l": "Peas", "v": 0.0045482321341607148}]}, {"source": 10, "prod": 4.0, "target": 17, "value": 0.041058357844991802, "supply": [{"l": "Sunflowerseed Oil", "v": 0.041058357844991802}]}, {"source": 16, "prod": 8.0, "target": 11, "value": 0.0033458259377733991, "supply": [{"l": "Sweeteners, Other", "v": 0.0033458259377733991}]}, {"source": 9, "prod": 22.0, "target": 17, "value": 0.091015038607138513, "supply": [{"l": "Sugar", "v": 0.091015038607138513}]}, {"source": 16, "prod": 46.0, "target": 2, "value": 0.13971127337855926, "supply": [{"l": "Barley", "v": 0.028943295399204549}, {"l": "Wheat", "v": 0.11076797797935471}]}, {"source": 1, "prod": 186.0, "target": 6, "value": 0.22850081504811254, "supply": [{"l": "Pelagic Fish", "v": 0.14664603002263638}, {"l": "Freshwater Fish", "v": 0.0030321547561071435}, {"l": "Molluscs, Other", "v": 0.00021658248257908162}, {"l": "Demersal Fish", "v": 0.00380150745541791}, {"l": "Fish, Seafood", "v": 0.068858119054386629}, {"l": "Marine Fish, Other", "v": 0.00080094653934905671}, {"l": "Cephalopods", "v": 0.0051454747376363632}]}, {"source": 1, "prod": 1087.0, "target": 0, "value": 0.95894607648229935, "supply": [{"l": "Poultry Meat", "v": 0.062411852063205361}, {"l": "Pigmeat", "v": 0.15852020249410489}, {"l": "Bovine Meat", "v": 0.066078089496297163}, {"l": "Eggs", "v": 0.085790613118455691}, {"l": "Milk - Excluding Butter", "v": 0.53008590354502982}, {"l": "Offals, Edible", "v": 0.044708154169835104}, {"l": "Meat, Other", "v": 0.0052246358874461539}, {"l": "Mutton & Goat Meat", "v": 0.0093640073350367645}]}, {"source": 11, "prod": 628.0, "target": 7, "value": 0.73825725810439424, "supply": [{"l": "Fats, Animals, Raw", "v": 0.25470099951300001}, {"l": "Alcohol, Non-Food", "v": 0.012714320105912103}, {"l": "Beer", "v": 0.19985108233024518}, {"l": "Beverages, Alcoholic", "v": 0.070510446192864409}, {"l": "Wine", "v": 0.16131293634375979}, {"l": "Butter, Ghee", "v": 0.025901796560644067}, {"l": "Cream", "v": 0.01326567705796875}]}, {"source": 11, "prod": 66.0, "target": 10, "value": 0.67255949006501814, "supply": [{"l": "Olive Oil", "v": 0.020376079961040003}, {"l": "Soyabean Oil", "v": 0.1659289899107492}, {"l": "Rape and Mustard Oil", "v": 0.050755633960923918}, {"l": "Maize Germ Oil", "v": 0.02122508329275}, {"l": "Palm Oil", "v": 0.0424501665855}, {"l": "Oilcrops Oil, Other", "v": 0.053621263055368434}, {"l": "Sunflowerseed Oil", "v": 0.3182022732986865}]}, {"source": 11, "prod": 298.0, "target": 9, "value": 0.96891189118416632, "supply": [{"l": "Honey", "v": 0.00424501665855}, {"l": "Sweeteners, Other", "v": 0.029694205197738917}, {"l": "Sugar", "v": 0.93497266932787737}]}, {"source": 4, "prod": 1858.0, "target": 18, "value": 5.6490847527293138, "supply": [{"l": "Tomatoes", "v": 0.21965999958000001}, {"l": "Vegetables, Other", "v": 1.0982999979000003}, {"l": "Peas", "v": 0.0052299999900000003}, {"l": "Potatoes", "v": 1.1723916644250001}, {"l": "Beans", "v": 0.080193333180000007}, {"l": "Pulses, Other", "v": 0.010459999980000001}, {"l": "Onions", "v": 0.15689999969999999}]}, {"source": 5, "prod": 368.20000000000005, "target": 18, "value": 0.42793022140400006, "supply": [{"l": "Sugar beet", "v": 0.42793022140400006}]}, {"source": 2, "prod": 5665.0, "target": 18, "value": 19.087842509275468, "supply": [{"l": "Maize", "v": 13.19005997478}, {"l": "Rye", "v": 0.034866666599999999}, {"l": "Barley", "v": 0.64613917786903008}, {"l": "Rice", "v": 0.020919999960000005}, {"l": "Wheat", "v": 5.47057998954}, {"l": "Oats", "v": 0.17342050370560314}, {"l": "Cereals, Other", "v": 0.0069733333200000004}]}, {"source": 3, "prod": 109.0, "target": 18, "value": 0.35225295170742854, "supply": [{"l": "Olives", "v": 0.05752999989000001}, {"l": "Sunflower seed", "v": 0.11157333312000002}, {"l": "Groundnuts", "v": 0.0034866666600000011}, {"l": "Soyabeans", "v": 0.16387333301999998}, {"l": "Rape and Mustardseed", "v": 0.043583333250000002}]}, {"source": 19, "prod": 0, "target": 4, "value": 0.00012210091282090926, "supply": "[{\"l\":'Energy for power irrigation',\"v\":0.00012210091282090926}]"}, {"source": 19, "prod": 0, "target": 5, "value": 6.0491867735009132e-05, "supply": "[{\"l\":'Energy for power irrigation',\"v\":6.0491867735009132e-05}]"}, {"source": 19, "prod": 0, "target": 2, "value": 0.00018614146155286623, "supply": "[{\"l\":'Energy for power irrigation',\"v\":0.00018614146155286623}]"}, {"source": 19, "prod": 0, "target": 3, "value": 7.163078308653988e-06, "supply": "[{\"l\":'Energy for power irrigation',\"v\":7.163078308653988e-06}]"}, {"source": 19, "prod": 0, "target": 11, "value": 0.069000000055199989, "supply": "[{\"l\":'Electricity',\"v\":0.069000000055199989}]"}, {"source": 20, "prod": 0, "target": 19, "value": 0.05169293110092088, "supply": [{"l": "Coal", "v": 0.0020256623611433332}, {"l": "Natural gas", "v": 0.017235348199788007}, {"l": "Oil", "v": 0.032431920539989535}]}, {"source": 21, "prod": 0, "target": 19, "value": 0.047644085149681485, "supply": [{"l": "Nuclear", "v": 0.0}, {"l": "Hydroelectric", "v": 0.047584834525618042}, {"l": "Renewable", "v": 5.9250624063442494e-05}]}, {"source": 20, "prod": 0, "target": 4, "value": 0.92936481044212127, "supply": [{"l": "Motor Gasoline", "v": 0.027980079664963707}, {"l": "Gas-Diesel oil", "v": 0.58197843869402088}, {"l": "Natural gas (including LNG)", "v": 0.086439588258739847}, {"l": "Fuel oil", "v": 0.018226301490882515}, {"l": "Liquefied petroleum gas (LPG)", "v": 0.012803525651268461}, {"l": "Other fossil fuels", "v": 0.20193687668224597}]}, {"source": 20, "prod": 0, "target": 5, "value": 0.46043073628200898, "supply": [{"l": "Motor Gasoline", "v": 0.013862036238750857}, {"l": "Gas-Diesel oil", "v": 0.2883267776199388}, {"l": "Natural gas (including LNG)", "v": 0.042824349296108732}, {"l": "Fuel oil", "v": 0.0090297688494926573}, {"l": "Liquefied petroleum gas (LPG)", "v": 0.006343189107638654}, {"l": "Other fossil fuels", "v": 0.10004461517007936}]}, {"source": 20, "prod": 0, "target": 2, "value": 1.4168061493957529, "supply": [{"l": "Motor Gasoline", "v": 0.042655315205064423}, {"l": "Gas-Diesel oil", "v": 0.88721955199182678}, {"l": "Natural gas (including LNG)", "v": 0.13177617531909613}, {"l": "Fuel oil", "v": 0.027785790620519231}, {"l": "Liquefied petroleum gas (LPG)", "v": 0.019518830143820193}, {"l": "Other fossil fuels", "v": 0.30785048611542615}]}, {"source": 20, "prod": 0, "target": 3, "value": 0.05452140168901573, "supply": [{"l": "Motor Gasoline", "v": 0.0016414578490210141}, {"l": "Gas-Diesel oil", "v": 0.034141899794213282}, {"l": "Natural gas (including LNG)", "v": 0.0050709984500552441}, {"l": "Fuel oil", "v": 0.0010692501951055943}, {"l": "Liquefied petroleum gas (LPG)", "v": 0.00075112179547269238}, {"l": "Other fossil fuels", "v": 0.011846673605147908}]}, {"source": 20, "prod": 0, "target": 1, "value": 0.32003944470047596, "supply": [{"l": "Gas-diesel oils used in fisheries", "v": 0.32003944470047596}]}, {"source": 22, "prod": 65.712132867132865, "target": 4, "value": 0.71511029243300495, "supply": [{"l": "Potash", "v": 0.13460416677435}, {"l": "Phosphate", "v": 0.20284166682893998}, {"l": "Nitrogen", "v": 1.8640777792690397}]}, {"source": 22, "prod": 32.555445804195806, "target": 5, "value": 0.35428365133723416, "supply": [{"l": "Potash", "v": 0.13460416677435}, {"l": "Phosphate", "v": 0.20284166682893998}, {"l": "Nitrogen", "v": 1.8640777792690397}]}, {"source": 22, "prod": 100.17740384615385, "target": 2, "value": 1.0901775582973556, "supply": [{"l": "Potash", "v": 0.13460416677435}, {"l": "Phosphate", "v": 0.20284166682893998}, {"l": "Nitrogen", "v": 1.8640777792690397}]}, {"source": 22, "prod": 3.855017482517483, "target": 3, "value": 0.041952110804734953, "supply": [{"l": "Potash", "v": 0.13460416677435}, {"l": "Phosphate", "v": 0.20284166682893998}, {"l": "Nitrogen", "v": 1.8640777792690397}]}, {"source": 20, "prod": 0, "target": 22, "value": 2.7249034267997314, "supply": [{"l": "Natural gas (including LNG)", "v": 1.8151236984731387}, {"l": "Fuel oil", "v": 0.58026448766750027}, {"l": "Liquefied petroleum gas (LPG)", "v": 0.16475762032954622}, {"l": "Coal", "v": 0.16475762032954622}]}, {"source": 23, "prod": 0, "target": 2, "value": 0.079318824330893739, "supply": "[{\"l\":'Labor',\"v\":0.079318824330893739}]"}, {"source": 23, "prod": 0, "target": 3, "value": 0.0030523395770758756, "supply": "[{\"l\":'Labor',\"v\":0.0030523395770758756}]"}, {"source": 23, "prod": 0, "target": 4, "value": 0.052029788387219965, "supply": "[{\"l\":'Labor',\"v\":0.052029788387219965}]"}, {"source": 23, "prod": 0, "target": 5, "value": 0.02577686771282884, "supply": "[{\"l\":'Labor',\"v\":0.02577686771282884}]"}, {"source": 20, "prod": 0, "target": 14, "value": 2.6952177203430154, "supply": "[{\"l\":'Fossil Fuels',\"v\":2.6952177203430154}]"}, {"source": 21, "prod": 0, "target": 14, "value": 0.45024186083621465, "supply": "[{\"l\":'Renewables & Nuclear',\"v\":0.2779198878988608},{\"l\":'Biomass & Waste',\"v\":0.17232197293735388}]"}]}