{"nodes": [{"layer": 5, "name": "Sunflower seed"}, {"layer": 10, "name": "Feed", "fill": "#dbdb8d"}, {"layer": 5, "name": "Maize"}, {"layer": 5, "name": "Rye"}, {"layer": 5, "name": "Wheat"}, {"layer": 5, "name": "Oats"}, {"layer": 5, "name": "Soyabeans"}, {"layer": 5, "name": "Potatoes"}, {"layer": 5, "name": "Vegetables, Other"}, {"layer": 13, "name": "Fish, Body Oil"}, {"layer": 13, "name": "Milk - Excluding Butter"}, {"layer": 13, "name": "Pelagic Fish"}, {"layer": 5, "name": "Beans"}, {"layer": 5, "name": "Barley"}, {"layer": 13, "name": "Fish, Seafood"}, {"layer": 5, "name": "Sugar beet"}, {"layer": 5, "name": "Sorghum"}, {"layer": 5, "name": "Pulses, Other"}, {"layer": 16, "name": "Food", "fill": "#b5cf6b"}, {"layer": 5, "name": "Olives"}, {"layer": 5, "name": "Nuts"}, {"layer": 13, "name": "Sugar", "fill": "#d6616b"}, {"layer": 13, "name": "Oilcrops Oil, Other"}, {"layer": 5, "name": "Citrus, Other"}, {"layer": 13, "name": "Beer"}, {"layer": 5, "name": "Grapefruit"}, {"layer": 13, "name": "Beverages, Alcoholic"}, {"layer": 5, "name": "Cocoa Beans"}, {"layer": 5, "name": "Rice"}, {"layer": 13, "name": "Butter, Ghee"}, {"layer": 5, "name": "Tomatoes"}, {"layer": 13, "name": "Fats, Animals, Raw"}, {"layer": 5, "name": "Coffee"}, {"layer": 13, "name": "Soyabean Oil"}, {"layer": 5, "name": "Treenuts"}, {"layer": 13, "name": "Eggs"}, {"layer": 5, "name": "Grapes"}, {"layer": 5, "name": "Pimento"}, {"layer": 13, "name": "Wine"}, {"layer": 13, "name": "Sunflowerseed Oil"}, {"layer": 13, "name": "Olive Oil"}, {"layer": 13, "name": "Pigmeat"}, {"layer": 13, "name": "Poultry Meat"}, {"layer": 5, "name": "Cereals, Other"}, {"layer": 13, "name": "Freshwater Fish"}, {"layer": 5, "name": "Groundnuts"}, {"layer": 5, "name": "Pineapples"}, {"layer": 5, "name": "Apples"}, {"layer": 13, "name": "Meat, Other"}, {"layer": 5, "name": "Lemons, Limes"}, {"layer": 13, "name": "Cephalopods"}, {"layer": 13, "name": "Mutton & Goat Meat"}, {"layer": 13, "name": "Sweeteners, Other"}, {"layer": 5, "name": "Bananas"}, {"layer": 13, "name": "Bovine Meat"}, {"layer": 5, "name": "Fruits, Other"}, {"layer": 13, "name": "Honey"}, {"layer": 13, "name": "Offals, Edible"}, {"layer": 13, "name": "Demersal Fish"}, {"layer": 5, "name": "Oranges, Mandarines"}, {"layer": 5, "name": "Onions"}, {"layer": 13, "name": "Cream"}, {"layer": 10, "name": "Processing", "fill": "#9edae5"}, {"layer": 5, "name": "Rape and Mustardseed"}, {"layer": 13, "name": "Alcohol, Non-Food"}, {"layer": 16, "name": "Biofuels & Other", "fill": "#e7ba52"}, {"layer": 13, "name": "Rape and Mustard Oil"}, {"name": "Waste", "fill": "#c7c7c7"}, {"layer": 2, "name": "Import", "fill": "#aec7e8"}, {"layer": 16, "name": "Export", "fill": "#aec7e8"}, {"layer": 5, "name": "Infant food"}, {"layer": 13, "name": "Crustaceans"}, {"layer": 13, "name": "Palm Oil"}, {"layer": 13, "name": "Molluscs, Other"}, {"layer": 0, "name": "Stock Draw", "fill": "#c7c7c7"}, {"layer": 16, "name": "Stock Deposit", "fill": "#c7c7c7"}, {"name": "Crop Residue", "fill": "#bd9e39"}, {"layer": 2, "name": "Electricity", "fill": "#bcbd22"}, {"layer": 0, "name": "Fossil Fuels", "fill": "#c49c94"}, {"layer": 0, "name": "Renewables & Nuclear", "fill": "#2ca02c"}, {"layer": 2, "name": "Fertilizers", "fill": "#c5b0d5"}, {"layer": 0, "name": "Labor", "fill": "#7f7f7f"}], "links": [{"source": 0, "prod": 1.0, "target": 1, "value": 0.0043188430352204344, "supply": [{"l": "Sunflower seed", "v": 0.0043188430352204344}]}, {"source": 2, "prod": 1624.0, "target": 1, "value": 5.4773508096183789, "supply": [{"l": "Maize", "v": 5.4773508096183789}]}, {"source": 3, "prod": 5.0, "target": 1, "value": 0.015722283920555559, "supply": [{"l": "Rye", "v": 0.015722283920555559}]}, {"source": 4, "prod": 150.0, "target": 1, "value": 0.46184868951316327, "supply": [{"l": "Wheat", "v": 0.46184868951316327}]}, {"source": 5, "prod": 38.0, "target": 1, "value": 0.079333098208967209, "supply": [{"l": "Oats", "v": 0.079333098208967209}]}, {"source": 6, "prod": 7.0, "target": 1, "value": 0.030231901246543041, "supply": [{"l": "Soyabeans", "v": 0.030231901246543041}]}, {"source": 7, "prod": 29.0, "target": 1, "value": 0.022559703694504635, "supply": [{"l": "Potatoes", "v": 0.022559703694504635}]}, {"source": 8, "prod": 8.0, "target": 1, "value": 0.0027113878857005992, "supply": [{"l": "Vegetables, Other", "v": 0.0027113878857005992}]}, {"source": 9, "prod": 1.0, "target": 1, "value": 0.008323562075588235, "supply": [{"l": "Fish, Body Oil", "v": 0.008323562075588235}]}, {"source": 10, "prod": 8.0, "target": 1, "value": 0.0050825320752952916, "supply": [{"l": "Milk - Excluding Butter", "v": 0.0050825320752952916}]}, {"source": 11, "prod": 70.0, "target": 1, "value": 0.123812985874375, "supply": [{"l": "Pelagic Fish", "v": 0.123812985874375}]}, {"source": 12, "prod": 3.0, "target": 1, "value": 0.011862786278687669, "supply": [{"l": "Beans", "v": 0.011862786278687669}]}, {"source": 13, "prod": 93.0, "target": 1, "value": 0.27999046045755321, "supply": [{"l": "Barley", "v": 0.27999046045755321}]}, {"source": 14, "prod": 70.0, "target": 1, "value": 0.051013075725064382, "supply": [{"l": "Fish, Seafood", "v": 0.051013075725064382}]}, {"source": 15, "prod": 7.0, "target": 1, "value": 0.0081355555400000005, "supply": [{"l": "Sugar beet", "v": 0.0081355555400000005}]}, {"source": 16, "prod": 1.0, "target": 1, "value": 0.0033727529615876716, "supply": [{"l": "Sorghum", "v": 0.0033727529615876716}]}, {"source": 17, "prod": 3.0, "target": 1, "value": 0.02122508329275, "supply": [{"l": "Pulses, Other", "v": 0.02122508329275}]}, {"source": 2, "prod": 35.0, "target": 18, "value": 0.11804635365556852, "supply": [{"l": "Maize", "v": 0.11804635365556852}]}, {"source": 19, "prod": 5.0, "target": 18, "value": 0.009228297083804347, "supply": [{"l": "Olives", "v": 0.009228297083804347}]}, {"source": 3, "prod": 1.0, "target": 18, "value": 0.003144456784111111, "supply": [{"l": "Rye", "v": 0.003144456784111111}]}, {"source": 20, "prod": 9.0, "target": 18, "value": 0.02573403881089896, "supply": [{"l": "Nuts", "v": 0.02573403881089896}]}, {"source": 21, "prod": 174.0, "target": 18, "value": 0.52759492756264292, "supply": [{"l": "Sugar", "v": 0.52759492756264292}]}, {"source": 22, "prod": 1.0, "target": 18, "value": 0.0090964642683214296, "supply": [{"l": "Oilcrops Oil, Other", "v": 0.0090964642683214296}]}, {"source": 23, "prod": 3.0, "target": 18, "value": 0.0016539025942402599, "supply": [{"l": "Citrus, Other", "v": 0.0016539025942402599}]}, {"source": 24, "prod": 309.0, "target": 18, "value": 0.1768236718432776, "supply": [{"l": "Beer", "v": 0.1768236718432776}]}, {"source": 25, "prod": 1.0, "target": 18, "value": 0.00053820742683626346, "supply": [{"l": "Grapefruit", "v": 0.00053820742683626346}]}, {"source": 26, "prod": 8.0, "target": 18, "value": 0.026560998087016761, "supply": [{"l": "Beverages, Alcoholic", "v": 0.026560998087016761}]}, {"source": 27, "prod": 2.0, "target": 18, "value": 0.019102574963475002, "supply": [{"l": "Cocoa Beans", "v": 0.019102574963475002}]}, {"source": 28, "prod": 7.0, "target": 18, "value": 0.029928894427187051, "supply": [{"l": "Rice", "v": 0.029928894427187051}]}, {"source": 29, "prod": 2.0, "target": 18, "value": 0.01664712415117647, "supply": [{"l": "Butter, Ghee", "v": 0.01664712415117647}]}, {"source": 30, "prod": 59.0, "target": 18, "value": 0.011964457779671178, "supply": [{"l": "Tomatoes", "v": 0.011964457779671178}]}, {"source": 31, "prod": 18.0, "target": 18, "value": 0.15816110453629839, "supply": [{"l": "Fats, Animals, Raw", "v": 0.15816110453629839}]}, {"source": 32, "prod": 9.0, "target": 18, "value": 0.0061954297178837834, "supply": [{"l": "Coffee", "v": 0.0061954297178837834}]}, {"source": 4, "prod": 422.0, "target": 18, "value": 1.2993343131636994, "supply": [{"l": "Wheat", "v": 1.2993343131636994}]}, {"source": 33, "prod": 12.0, "target": 18, "value": 0.12396094272876047, "supply": [{"l": "Soyabean Oil", "v": 0.12396094272876047}]}, {"source": 34, "prod": 9.0, "target": 18, "value": 0.026140365739492105, "supply": [{"l": "Treenuts", "v": 0.026140365739492105}]}, {"source": 35, "prod": 46.0, "target": 18, "value": 0.074793150650642862, "supply": [{"l": "Eggs", "v": 0.074793150650642862}]}, {"source": 8, "prod": 261.0, "target": 18, "value": 0.088459029770982037, "supply": [{"l": "Vegetables, Other", "v": 0.088459029770982037}]}, {"source": 36, "prod": 95.0, "target": 18, "value": 0.057982255301463816, "supply": [{"l": "Grapes", "v": 0.057982255301463816}]}, {"source": 37, "prod": 1.0, "target": 18, "value": 0.003859106053227273, "supply": [{"l": "Pimento", "v": 0.003859106053227273}]}, {"source": 38, "prod": 167.0, "target": 18, "value": 0.13217111189417544, "supply": [{"l": "Wine", "v": 0.13217111189417544}]}, {"source": 39, "prod": 19.0, "target": 18, "value": 0.19475308133494024, "supply": [{"l": "Sunflowerseed Oil", "v": 0.19475308133494024}]}, {"source": 40, "prod": 3.0, "target": 18, "value": 0.031347815324676925, "supply": [{"l": "Olive Oil", "v": 0.031347815324676925}]}, {"source": 41, "prod": 77.0, "target": 18, "value": 0.13769092495040389, "supply": [{"l": "Pigmeat", "v": 0.13769092495040389}]}, {"source": 42, "prod": 34.0, "target": 18, "value": 0.056206618344083463, "supply": [{"l": "Poultry Meat", "v": 0.056206618344083463}]}, {"source": 43, "prod": 1.0, "target": 18, "value": 0.003859106053227273, "supply": [{"l": "Cereals, Other", "v": 0.003859106053227273}]}, {"source": 7, "prod": 413.0, "target": 18, "value": 0.32128129744242812, "supply": [{"l": "Potatoes", "v": 0.32128129744242812}]}, {"source": 44, "prod": 4.0, "target": 18, "value": 0.0022342192939736848, "supply": [{"l": "Freshwater Fish", "v": 0.0022342192939736848}]}, {"source": 45, "prod": 1.0, "target": 18, "value": 0.0067920266536800004, "supply": [{"l": "Groundnuts", "v": 0.0067920266536800004}]}, {"source": 10, "prod": 692.0, "target": 18, "value": 0.43963902451304276, "supply": [{"l": "Milk - Excluding Butter", "v": 0.43963902451304276}]}, {"source": 46, "prod": 1.0, "target": 18, "value": 0.00041014653705797097, "supply": [{"l": "Pineapples", "v": 0.00041014653705797097}]}, {"source": 12, "prod": 17.0, "target": 18, "value": 0.067222455579230136, "supply": [{"l": "Beans", "v": 0.067222455579230136}]}, {"source": 47, "prod": 57.0, "target": 18, "value": 0.030195417995509569, "supply": [{"l": "Apples", "v": 0.030195417995509569}]}, {"source": 14, "prod": 11.0, "target": 18, "value": 0.0080163404710815456, "supply": [{"l": "Fish, Seafood", "v": 0.0080163404710815456}]}, {"source": 48, "prod": 3.0, "target": 18, "value": 0.003489054787849315, "supply": [{"l": "Meat, Other", "v": 0.003489054787849315}]}, {"source": 49, "prod": 9.0, "target": 18, "value": 0.0020991840619203296, "supply": [{"l": "Lemons, Limes", "v": 0.0020991840619203296}]}, {"source": 50, "prod": 3.0, "target": 18, "value": 0.002122508329275, "supply": [{"l": "Cephalopods", "v": 0.002122508329275}]}, {"source": 51, "prod": 3.0, "target": 18, "value": 0.0090964642683214296, "supply": [{"l": "Mutton & Goat Meat", "v": 0.0090964642683214296}]}, {"source": 52, "prod": 46.0, "target": 18, "value": 0.082198166509500015, "supply": [{"l": "Sweeteners, Other", "v": 0.082198166509500015}]}, {"source": 11, "prod": 1.0, "target": 18, "value": 0.0017687569410625001, "supply": [{"l": "Pelagic Fish", "v": 0.0017687569410625001}]}, {"source": 53, "prod": 41.0, "target": 18, "value": 0.0281692434914185, "supply": [{"l": "Bananas", "v": 0.0281692434914185}]}, {"source": 54, "prod": 36.0, "target": 18, "value": 0.088242865973007872, "supply": [{"l": "Bovine Meat", "v": 0.088242865973007872}]}, {"source": 55, "prod": 84.0, "target": 18, "value": 0.04592033697826764, "supply": [{"l": "Fruits, Other", "v": 0.04592033697826764}]}, {"source": 56, "prod": 1.0, "target": 18, "value": 0.0030321547561071431, "supply": [{"l": "Honey", "v": 0.0030321547561071431}]}, {"source": 57, "prod": 6.0, "target": 18, "value": 0.0082161612746129049, "supply": [{"l": "Offals, Edible", "v": 0.0082161612746129049}]}, {"source": 58, "prod": 3.0, "target": 18, "value": 0.0019295530266136365, "supply": [{"l": "Demersal Fish", "v": 0.0019295530266136365}]}, {"source": 59, "prod": 74.0, "target": 18, "value": 0.017984612561032443, "supply": [{"l": "Oranges, Mandarines", "v": 0.017984612561032443}]}, {"source": 60, "prod": 46.0, "target": 18, "value": 0.016022216721501538, "supply": [{"l": "Onions", "v": 0.016022216721501538}]}, {"source": 61, "prod": 4.0, "target": 18, "value": 0.0099882744907058823, "supply": [{"l": "Cream", "v": 0.0099882744907058823}]}, {"source": 0, "prod": 29.0, "target": 62, "value": 0.12524644802139259, "supply": [{"l": "Sunflower seed", "v": 0.12524644802139259}]}, {"source": 2, "prod": 15.0, "target": 62, "value": 0.050591294423815075, "supply": [{"l": "Maize", "v": 0.050591294423815075}]}, {"source": 19, "prod": 12.0, "target": 62, "value": 0.022147913001130434, "supply": [{"l": "Olives", "v": 0.022147913001130434}]}, {"source": 31, "prod": 5.0, "target": 62, "value": 0.043933640148971775, "supply": [{"l": "Fats, Animals, Raw", "v": 0.043933640148971775}]}, {"source": 6, "prod": 61.0, "target": 62, "value": 0.26344942514844649, "supply": [{"l": "Soyabeans", "v": 0.26344942514844649}]}, {"source": 55, "prod": 16.0, "target": 62, "value": 0.0087467308530033601, "supply": [{"l": "Fruits, Other", "v": 0.0087467308530033601}]}, {"source": 63, "prod": 25.0, "target": 62, "value": 0.10797107588051087, "supply": [{"l": "Rape and Mustardseed", "v": 0.10797107588051087}]}, {"source": 13, "prod": 56.0, "target": 62, "value": 0.1685964062970213, "supply": [{"l": "Barley", "v": 0.1685964062970213}]}, {"source": 36, "prod": 270.0, "target": 62, "value": 0.16479167296205502, "supply": [{"l": "Grapes", "v": 0.16479167296205502}]}, {"source": 15, "prod": 640.0, "target": 62, "value": 0.74382222080000004, "supply": [{"l": "Sugar beet", "v": 0.74382222080000004}]}, {"source": 64, "prod": 17.0, "target": 65, "value": 0.013454544324556781, "supply": [{"l": "Alcohol, Non-Food", "v": 0.013454544324556781}]}, {"source": 7, "prod": 2.0, "target": 65, "value": 0.0015558416341037681, "supply": [{"l": "Potatoes", "v": 0.0015558416341037681}]}, {"source": 66, "prod": 10.0, "target": 65, "value": 0.10078097103032374, "supply": [{"l": "Rape and Mustard Oil", "v": 0.10078097103032374}]}, {"source": 10, "prod": 5.0, "target": 65, "value": 0.0031765825470595572, "supply": [{"l": "Milk - Excluding Butter", "v": 0.0031765825470595572}]}, {"source": 57, "prod": 28.0, "target": 65, "value": 0.038342085948193549, "supply": [{"l": "Offals, Edible", "v": 0.038342085948193549}]}, {"source": 22, "prod": 4.0, "target": 65, "value": 0.036385857073285718, "supply": [{"l": "Oilcrops Oil, Other", "v": 0.036385857073285718}]}, {"source": 2, "prod": 14.0, "target": 2, "value": 0.047218541462227398, "supply": [{"l": "Maize", "v": 0.047218541462227398}]}, {"source": 4, "prod": 46.0, "target": 4, "value": 0.14163359811737009, "supply": [{"l": "Wheat", "v": 0.14163359811737009}]}, {"source": 5, "prod": 3.0, "target": 5, "value": 0.0062631393322868847, "supply": [{"l": "Oats", "v": 0.0062631393322868847}]}, {"source": 6, "prod": 1.0, "target": 6, "value": 0.0043188430352204344, "supply": [{"l": "Soyabeans", "v": 0.0043188430352204344}]}, {"source": 7, "prod": 100.0, "target": 7, "value": 0.077792081705188407, "supply": [{"l": "Potatoes", "v": 0.077792081705188407}]}, {"source": 35, "prod": 2.0, "target": 35, "value": 0.0032518761152453418, "supply": [{"l": "Eggs", "v": 0.0032518761152453418}]}, {"source": 13, "prod": 5.0, "target": 13, "value": 0.015053250562234045, "supply": [{"l": "Barley", "v": 0.015053250562234045}]}, {"source": 0, "prod": 1.0, "target": 67, "value": 0.0043188430352204344, "supply": [{"l": "Sunflower seed", "v": 0.0043188430352204344}]}, {"source": 2, "prod": 35.0, "target": 67, "value": 0.11804635365556852, "supply": [{"l": "Maize", "v": 0.11804635365556852}]}, {"source": 4, "prod": 28.0, "target": 67, "value": 0.086211755375790469, "supply": [{"l": "Wheat", "v": 0.086211755375790469}]}, {"source": 53, "prod": 2.0, "target": 67, "value": 0.0013741094386057803, "supply": [{"l": "Bananas", "v": 0.0013741094386057803}]}, {"source": 5, "prod": 1.0, "target": 67, "value": 0.0020877131107622949, "supply": [{"l": "Oats", "v": 0.0020877131107622949}]}, {"source": 6, "prod": 4.0, "target": 67, "value": 0.017275372140881737, "supply": [{"l": "Soyabeans", "v": 0.017275372140881737}]}, {"source": 7, "prod": 29.0, "target": 67, "value": 0.022559703694504635, "supply": [{"l": "Potatoes", "v": 0.022559703694504635}]}, {"source": 8, "prod": 14.0, "target": 67, "value": 0.0047449287999760479, "supply": [{"l": "Vegetables, Other", "v": 0.0047449287999760479}]}, {"source": 55, "prod": 5.0, "target": 67, "value": 0.0027333533915635498, "supply": [{"l": "Fruits, Other", "v": 0.0027333533915635498}]}, {"source": 10, "prod": 6.0, "target": 67, "value": 0.0038118990564714687, "supply": [{"l": "Milk - Excluding Butter", "v": 0.0038118990564714687}]}, {"source": 63, "prod": 1.0, "target": 67, "value": 0.0043188430352204344, "supply": [{"l": "Rape and Mustardseed", "v": 0.0043188430352204344}]}, {"source": 13, "prod": 3.0, "target": 67, "value": 0.0090319503373404268, "supply": [{"l": "Barley", "v": 0.0090319503373404268}]}, {"source": 36, "prod": 7.0, "target": 67, "value": 0.0042723767064236492, "supply": [{"l": "Grapes", "v": 0.0042723767064236492}]}, {"source": 59, "prod": 2.0, "target": 67, "value": 0.00048607060975763367, "supply": [{"l": "Oranges, Mandarines", "v": 0.00048607060975763367}]}, {"source": 60, "prod": 2.0, "target": 67, "value": 0.00069661811832615386, "supply": [{"l": "Onions", "v": 0.00069661811832615386}]}, {"source": 30, "prod": 3.0, "target": 67, "value": 0.00060836225998328033, "supply": [{"l": "Tomatoes", "v": 0.00060836225998328033}]}, {"source": 47, "prod": 3.0, "target": 67, "value": 0.0015892325260794509, "supply": [{"l": "Apples", "v": 0.0015892325260794509}]}, {"source": 68, "prod": 18.0, "target": 30, "value": 0.0036501735598996822, "supply": [{"l": "Tomatoes", "v": 0.0036501735598996822}]}, {"source": 68, "prod": 9.0, "target": 49, "value": 0.0020991840619203296, "supply": [{"l": "Lemons, Limes", "v": 0.0020991840619203296}]}, {"source": 68, "prod": 4.0, "target": 34, "value": 0.011617940328663156, "supply": [{"l": "Treenuts", "v": 0.011617940328663156}]}, {"source": 68, "prod": 1.0, "target": 3, "value": 0.003144456784111111, "supply": [{"l": "Rye", "v": 0.003144456784111111}]}, {"source": 68, "prod": 18.0, "target": 47, "value": 0.0095353951564767052, "supply": [{"l": "Apples", "v": 0.0095353951564767052}]}, {"source": 68, "prod": 58.0, "target": 8, "value": 0.019657562171329343, "supply": [{"l": "Vegetables, Other", "v": 0.019657562171329343}]}, {"source": 68, "prod": 7.0, "target": 28, "value": 0.029928894427187051, "supply": [{"l": "Rice", "v": 0.029928894427187051}]}, {"source": 68, "prod": 15.0, "target": 4, "value": 0.046184868951316328, "supply": [{"l": "Wheat", "v": 0.046184868951316328}]}, {"source": 68, "prod": 57.0, "target": 15, "value": 0.066246666539999999, "supply": [{"l": "Sugar beet", "v": 0.066246666539999999}]}, {"source": 68, "prod": 53.0, "target": 13, "value": 0.15956445595968088, "supply": [{"l": "Barley", "v": 0.15956445595968088}]}, {"source": 68, "prod": 1.0, "target": 25, "value": 0.00053820742683626346, "supply": [{"l": "Grapefruit", "v": 0.00053820742683626346}]}, {"source": 68, "prod": 12.0, "target": 32, "value": 0.008260572957178379, "supply": [{"l": "Coffee", "v": 0.008260572957178379}]}, {"source": 68, "prod": 1.0, "target": 43, "value": 0.003859106053227273, "supply": [{"l": "Cereals, Other", "v": 0.003859106053227273}]}, {"source": 68, "prod": 335.0, "target": 1, "value": 0.36692127117041984, "supply": [{"l": "Mutton & Goat Meat", "v": 0.0030321547561071431}, {"l": "Pigmeat", "v": 0.041128458102068687}, {"l": "Milk - Excluding Butter", "v": 0.081955829714136591}, {"l": "Pelagic Fish", "v": 0.1361942844618125}, {"l": "Fish, Seafood", "v": 0.059758174420789699}, {"l": "Cephalopods", "v": 0.002122508329275}, {"l": "Bovine Meat", "v": 0.036767860822086613}, {"l": "Poultry Meat", "v": 0.0033062716672990267}, {"l": "Offals, Edible", "v": 0.0013693602124354839}, {"l": "Demersal Fish", "v": 0.001286368684409091}]}, {"source": 68, "prod": 1.0, "target": 37, "value": 0.003859106053227273, "supply": [{"l": "Pimento", "v": 0.003859106053227273}]}, {"source": 68, "prod": 4.0, "target": 20, "value": 0.011437350582621762, "supply": [{"l": "Nuts", "v": 0.011437350582621762}]}, {"source": 68, "prod": 4.0, "target": 27, "value": 0.038205149926950004, "supply": [{"l": "Cocoa Beans", "v": 0.038205149926950004}]}, {"source": 68, "prod": 78.0, "target": 59, "value": 0.018956753780547713, "supply": [{"l": "Oranges, Mandarines", "v": 0.018956753780547713}]}, {"source": 68, "prod": 1.0, "target": 46, "value": 0.00041014653705797097, "supply": [{"l": "Pineapples", "v": 0.00041014653705797097}]}, {"source": 68, "prod": 33.0, "target": 6, "value": 0.14252182016227433, "supply": [{"l": "Soyabeans", "v": 0.14252182016227433}]}, {"source": 68, "prod": 16.0, "target": 7, "value": 0.012446733072830144, "supply": [{"l": "Potatoes", "v": 0.012446733072830144}]}, {"source": 68, "prod": 8.0, "target": 60, "value": 0.0027864724733046155, "supply": [{"l": "Onions", "v": 0.0027864724733046155}]}, {"source": 68, "prod": 44.0, "target": 53, "value": 0.030230407649327173, "supply": [{"l": "Bananas", "v": 0.030230407649327173}]}, {"source": 68, "prod": 3.0, "target": 23, "value": 0.0016539025942402599, "supply": [{"l": "Citrus, Other", "v": 0.0016539025942402599}]}, {"source": 68, "prod": 10.0, "target": 36, "value": 0.0061033952948909287, "supply": [{"l": "Grapes", "v": 0.0061033952948909287}]}, {"source": 68, "prod": 201.0, "target": 62, "value": 0.5481405233022012, "supply": [{"l": "Alcohol, Non-Food", "v": 0.0031657751351898307}, {"l": "Sugar", "v": 0.19102574963475}, {"l": "Beer", "v": 0.0097281631758437508}, {"l": "Beverages, Alcoholic", "v": 0.0066402495217541902}, {"l": "Fats, Animals, Raw", "v": 0.052720368178766124}, {"l": "Soyabean Oil", "v": 0.020660157121460077}, {"l": "Palm Oil", "v": 0.010612541646375}, {"l": "Sunflowerseed Oil", "v": 0.020500324351046345}, {"l": "Rape and Mustard Oil", "v": 0.010078097103032374}, {"l": "Oilcrops Oil, Other", "v": 0.045482321341607151}, {"l": "Wine", "v": 0.0055401064865822037}, {"l": "Sweeteners, Other", "v": 0.15367483303950003}, {"l": "Fish, Body Oil", "v": 0.008323562075588235}, {"l": "Cream", "v": 0.0099882744907058823}]}, {"source": 68, "prod": 1.0, "target": 12, "value": 0.0039542620928958907, "supply": [{"l": "Beans", "v": 0.0039542620928958907}]}, {"source": 68, "prod": 57.0, "target": 2, "value": 0.19224691881049727, "supply": [{"l": "Maize", "v": 0.19224691881049727}]}, {"source": 68, "prod": 43.0, "target": 55, "value": 0.02350683916744653, "supply": [{"l": "Fruits, Other", "v": 0.02350683916744653}]}, {"source": 68, "prod": 1.0, "target": 45, "value": 0.0067920266536800004, "supply": [{"l": "Groundnuts", "v": 0.0067920266536800004}]}, {"source": 2, "prod": 22.0, "target": 69, "value": 0.074200565154928774, "supply": [{"l": "Maize", "v": 0.074200565154928774}]}, {"source": 8, "prod": 14.0, "target": 69, "value": 0.0047449287999760479, "supply": [{"l": "Vegetables, Other", "v": 0.0047449287999760479}]}, {"source": 64, "prod": 3.0, "target": 69, "value": 0.002374331351392373, "supply": [{"l": "Alcohol, Non-Food", "v": 0.002374331351392373}]}, {"source": 3, "prod": 1.0, "target": 69, "value": 0.003144456784111111, "supply": [{"l": "Rye", "v": 0.003144456784111111}]}, {"source": 55, "prod": 14.0, "target": 69, "value": 0.0076533894963779405, "supply": [{"l": "Fruits, Other", "v": 0.0076533894963779405}]}, {"source": 21, "prod": 4.0, "target": 69, "value": 0.012128619024428572, "supply": [{"l": "Sugar", "v": 0.012128619024428572}]}, {"source": 23, "prod": 1.0, "target": 69, "value": 0.00055130086474675327, "supply": [{"l": "Citrus, Other", "v": 0.00055130086474675327}]}, {"source": 24, "prod": 20.0, "target": 69, "value": 0.011444897853933822, "supply": [{"l": "Beer", "v": 0.011444897853933822}]}, {"source": 70, "prod": 1.0, "target": 69, "value": 0.0033592218494413574, "supply": [{"l": "Infant food", "v": 0.0033592218494413574}]}, {"source": 26, "prod": 10.0, "target": 69, "value": 0.033201247608770947, "supply": [{"l": "Beverages, Alcoholic", "v": 0.033201247608770947}]}, {"source": 13, "prod": 3.0, "target": 69, "value": 0.0090319503373404268, "supply": [{"l": "Barley", "v": 0.0090319503373404268}]}, {"source": 30, "prod": 2.0, "target": 69, "value": 0.00040557483998885356, "supply": [{"l": "Tomatoes", "v": 0.00040557483998885356}]}, {"source": 0, "prod": 10.0, "target": 69, "value": 0.043188430352204342, "supply": [{"l": "Sunflower seed", "v": 0.043188430352204342}]}, {"source": 31, "prod": 6.0, "target": 69, "value": 0.052720368178766124, "supply": [{"l": "Fats, Animals, Raw", "v": 0.052720368178766124}]}, {"source": 32, "prod": 3.0, "target": 69, "value": 0.0020651432392945947, "supply": [{"l": "Coffee", "v": 0.0020651432392945947}]}, {"source": 4, "prod": 135.0, "target": 69, "value": 0.41566382056184692, "supply": [{"l": "Wheat", "v": 0.41566382056184692}]}, {"source": 33, "prod": 2.0, "target": 69, "value": 0.020660157121460077, "supply": [{"l": "Soyabean Oil", "v": 0.020660157121460077}]}, {"source": 71, "prod": 1.0, "target": 69, "value": 0.00037566519102212397, "supply": [{"l": "Crustaceans", "v": 0.00037566519102212397}]}, {"source": 35, "prod": 2.0, "target": 69, "value": 0.0032518761152453418, "supply": [{"l": "Eggs", "v": 0.0032518761152453418}]}, {"source": 27, "prod": 2.0, "target": 69, "value": 0.019102574963475002, "supply": [{"l": "Cocoa Beans", "v": 0.019102574963475002}]}, {"source": 72, "prod": 1.0, "target": 69, "value": 0.010612541646375, "supply": [{"l": "Palm Oil", "v": 0.010612541646375}]}, {"source": 58, "prod": 3.0, "target": 69, "value": 0.0019295530266136365, "supply": [{"l": "Demersal Fish", "v": 0.0019295530266136365}]}, {"source": 41, "prod": 6.0, "target": 69, "value": 0.010729162983148355, "supply": [{"l": "Pigmeat", "v": 0.010729162983148355}]}, {"source": 5, "prod": 1.0, "target": 69, "value": 0.0020877131107622949, "supply": [{"l": "Oats", "v": 0.0020877131107622949}]}, {"source": 7, "prod": 7.0, "target": 69, "value": 0.005445445719363189, "supply": [{"l": "Potatoes", "v": 0.005445445719363189}]}, {"source": 44, "prod": 1.0, "target": 69, "value": 0.00055855482349342119, "supply": [{"l": "Freshwater Fish", "v": 0.00055855482349342119}]}, {"source": 10, "prod": 23.0, "target": 69, "value": 0.014612279716473964, "supply": [{"l": "Milk - Excluding Butter", "v": 0.014612279716473964}]}, {"source": 47, "prod": 5.0, "target": 69, "value": 0.002648720876799085, "supply": [{"l": "Apples", "v": 0.002648720876799085}]}, {"source": 14, "prod": 25.0, "target": 69, "value": 0.01821895561609442, "supply": [{"l": "Fish, Seafood", "v": 0.01821895561609442}]}, {"source": 15, "prod": 1.0, "target": 69, "value": 0.0011622222200000001, "supply": [{"l": "Sugar beet", "v": 0.0011622222200000001}]}, {"source": 48, "prod": 1.0, "target": 69, "value": 0.0011630182626164384, "supply": [{"l": "Meat, Other", "v": 0.0011630182626164384}]}, {"source": 50, "prod": 1.0, "target": 69, "value": 0.00070750277642499997, "supply": [{"l": "Cephalopods", "v": 0.00070750277642499997}]}, {"source": 38, "prod": 28.0, "target": 69, "value": 0.022160425946328815, "supply": [{"l": "Wine", "v": 0.022160425946328815}]}, {"source": 52, "prod": 26.0, "target": 69, "value": 0.046459833244500003, "supply": [{"l": "Sweeteners, Other", "v": 0.046459833244500003}]}, {"source": 11, "prod": 18.0, "target": 69, "value": 0.031837624939125002, "supply": [{"l": "Pelagic Fish", "v": 0.031837624939125002}]}, {"source": 53, "prod": 1.0, "target": 69, "value": 0.00068705471930289013, "supply": [{"l": "Bananas", "v": 0.00068705471930289013}]}, {"source": 54, "prod": 7.0, "target": 69, "value": 0.017158335050307089, "supply": [{"l": "Bovine Meat", "v": 0.017158335050307089}]}, {"source": 73, "prod": 1.0, "target": 69, "value": 0.00023983144963559325, "supply": [{"l": "Molluscs, Other", "v": 0.00023983144963559325}]}, {"source": 42, "prod": 8.0, "target": 69, "value": 0.013225086669196107, "supply": [{"l": "Poultry Meat", "v": 0.013225086669196107}]}, {"source": 57, "prod": 1.0, "target": 69, "value": 0.0013693602124354839, "supply": [{"l": "Offals, Edible", "v": 0.0013693602124354839}]}, {"source": 63, "prod": 3.0, "target": 69, "value": 0.012956529105661306, "supply": [{"l": "Rape and Mustardseed", "v": 0.012956529105661306}]}, {"source": 59, "prod": 11.0, "target": 69, "value": 0.0026733883536669851, "supply": [{"l": "Oranges, Mandarines", "v": 0.0026733883536669851}]}, {"source": 74, "prod": 15.0, "target": 0, "value": 0.064782645528306523, "supply": [{"l": "Sunflower seed", "v": 0.064782645528306523}]}, {"source": 74, "prod": 4.0, "target": 1, "value": 0.0049950303314125538, "supply": [{"l": "Pelagic Fish", "v": 0.0035375138821250002}, {"l": "Fish, Seafood", "v": 0.0014575164492875536}]}, {"source": 52, "prod": 24.0, "target": 75, "value": 0.042885999917999997, "supply": [{"l": "Sweeteners, Other", "v": 0.042885999917999997}]}, {"source": 74, "prod": 15.0, "target": 4, "value": 0.046184868951316328, "supply": [{"l": "Wheat", "v": 0.046184868951316328}]}, {"source": 74, "prod": 7.0, "target": 62, "value": 0.071910967999075925, "supply": [{"l": "Soyabean Oil", "v": 0.020660157121460077}, {"l": "Sunflowerseed Oil", "v": 0.051250810877615856}]}, {"source": 6, "prod": 5.0, "target": 75, "value": 0.021594215176102171, "supply": [{"l": "Soyabeans", "v": 0.021594215176102171}]}, {"source": 1, "prod": 42.0, "target": 42, "value": 0.069431705013279568, "supply": [{"l": "Poultry Meat", "v": 0.069431705013279568}]}, {"source": 1, "prod": 83.0, "target": 41, "value": 0.14842008793355224, "supply": [{"l": "Pigmeat", "v": 0.14842008793355224}]}, {"source": 1, "prod": 89.0, "target": 11, "value": 0.1574193677545625, "supply": [{"l": "Pelagic Fish", "v": 0.1574193677545625}]}, {"source": 1, "prod": 43.0, "target": 54, "value": 0.10540120102331496, "supply": [{"l": "Bovine Meat", "v": 0.10540120102331496}]}, {"source": 1, "prod": 48.0, "target": 35, "value": 0.078045026765888204, "supply": [{"l": "Eggs", "v": 0.081296902881133545}]}, {"source": 1, "prod": 1.0, "target": 73, "value": 0.00023983144963559325, "supply": [{"l": "Molluscs, Other", "v": 0.00023983144963559325}]}, {"source": 1, "prod": 4.0, "target": 50, "value": 0.0028300111056999999, "supply": [{"l": "Cephalopods", "v": 0.0028300111056999999}]}, {"source": 1, "prod": 734.0, "target": 10, "value": 0.466322317908343, "supply": [{"l": "Milk - Excluding Butter", "v": 0.466322317908343}]}, {"source": 1, "prod": 35.0, "target": 57, "value": 0.047927607435241937, "supply": [{"l": "Offals, Edible", "v": 0.047927607435241937}]}, {"source": 1, "prod": 6.0, "target": 58, "value": 0.003859106053227273, "supply": [{"l": "Demersal Fish", "v": 0.003859106053227273}]}, {"source": 1, "prod": 106.0, "target": 14, "value": 0.077248371812240341, "supply": [{"l": "Fish, Seafood", "v": 0.077248371812240341}]}, {"source": 1, "prod": 1.0, "target": 71, "value": 0.00037566519102212397, "supply": [{"l": "Crustaceans", "v": 0.00037566519102212397}]}, {"source": 1, "prod": 4.0, "target": 48, "value": 0.0046520730504657536, "supply": [{"l": "Meat, Other", "v": 0.0046520730504657536}]}, {"source": 1, "prod": 5.0, "target": 44, "value": 0.002792774117467106, "supply": [{"l": "Freshwater Fish", "v": 0.002792774117467106}]}, {"source": 1, "prod": 3.0, "target": 51, "value": 0.0090964642683214296, "supply": [{"l": "Mutton & Goat Meat", "v": 0.0090964642683214296}]}, {"source": 62, "prod": 3.0, "target": 40, "value": 0.031347815324676925, "supply": [{"l": "Olive Oil", "v": 0.031347815324676925}]}, {"source": 62, "prod": 29.0, "target": 31, "value": 0.2548151128640363, "supply": [{"l": "Fats, Animals, Raw", "v": 0.2548151128640363}]}, {"source": 62, "prod": 96.0, "target": 52, "value": 0.17154399967200001, "supply": [{"l": "Sweeteners, Other", "v": 0.17154399967200001}]}, {"source": 62, "prod": 20.0, "target": 64, "value": 0.015828875675949153, "supply": [{"l": "Alcohol, Non-Food", "v": 0.015828875675949153}]}, {"source": 62, "prod": 14.0, "target": 33, "value": 0.14462109985022054, "supply": [{"l": "Soyabean Oil", "v": 0.14462109985022054}]}, {"source": 62, "prod": 10.0, "target": 66, "value": 0.10078097103032374, "supply": [{"l": "Rape and Mustard Oil", "v": 0.10078097103032374}]}, {"source": 62, "prod": 1.0, "target": 9, "value": 0.008323562075588235, "supply": [{"l": "Fish, Body Oil", "v": 0.008323562075588235}]}, {"source": 62, "prod": 178.0, "target": 21, "value": 0.53972354658707145, "supply": [{"l": "Sugar", "v": 0.53972354658707145}]}, {"source": 62, "prod": 1.0, "target": 56, "value": 0.0030321547561071431, "supply": [{"l": "Honey", "v": 0.0030321547561071431}]}, {"source": 62, "prod": 329.0, "target": 24, "value": 0.18826856969721142, "supply": [{"l": "Beer", "v": 0.18826856969721142}]}, {"source": 62, "prod": 18.0, "target": 26, "value": 0.059762245695787711, "supply": [{"l": "Beverages, Alcoholic", "v": 0.059762245695787711}]}, {"source": 62, "prod": 19.0, "target": 39, "value": 0.19475308133494024, "supply": [{"l": "Sunflowerseed Oil", "v": 0.19475308133494024}]}, {"source": 62, "prod": 1.0, "target": 72, "value": 0.010612541646375, "supply": [{"l": "Palm Oil", "v": 0.010612541646375}]}, {"source": 62, "prod": 5.0, "target": 22, "value": 0.045482321341607151, "supply": [{"l": "Oilcrops Oil, Other", "v": 0.045482321341607151}]}, {"source": 62, "prod": 4.0, "target": 61, "value": 0.0099882744907058823, "supply": [{"l": "Cream", "v": 0.0099882744907058823}]}, {"source": 62, "prod": 2.0, "target": 29, "value": 0.01664712415117647, "supply": [{"l": "Butter, Ghee", "v": 0.01664712415117647}]}, {"source": 62, "prod": 195.0, "target": 38, "value": 0.15433153784050424, "supply": [{"l": "Wine", "v": 0.15433153784050424}]}, {"source": 0, "prod": 33.5, "target": 76, "value": 0.11680333311, "supply": [{"l": "Sunflower seed", "v": 0.11680333311}]}, {"source": 2, "prod": 3432.0, "target": 76, "value": 11.966239977120001, "supply": [{"l": "Maize", "v": 11.966239977120001}]}, {"source": 19, "prod": 17.0, "target": 76, "value": 0.059273333220000009, "supply": [{"l": "Olives", "v": 0.059273333220000009}]}, {"source": 8, "prod": 267.5, "target": 76, "value": 0.93268333155000016, "supply": [{"l": "Vegetables, Other", "v": 0.93268333155000016}]}, {"source": 4, "prod": 1531.0, "target": 76, "value": 5.3380866564599998, "supply": [{"l": "Wheat", "v": 5.3380866564599998}]}, {"source": 5, "prod": 85.0, "target": 76, "value": 0.18344912344799319, "supply": [{"l": "Oats", "v": 0.18344912344799319}]}, {"source": 6, "prod": 61.0, "target": 76, "value": 0.21268666626000005, "supply": [{"l": "Soyabeans", "v": 0.21268666626000005}]}, {"source": 7, "prod": 285.75, "target": 76, "value": 0.9963149980949999, "supply": [{"l": "Potatoes", "v": 0.9963149980949999}]}, {"source": 3, "prod": 14.0, "target": 76, "value": 0.048813333239999999, "supply": [{"l": "Rye", "v": 0.048813333239999999}]}, {"source": 63, "prod": 28.5, "target": 76, "value": 0.099369999810000012, "supply": [{"l": "Rape and Mustardseed", "v": 0.099369999810000012}]}, {"source": 13, "prod": 268.0, "target": 76, "value": 0.83410548466911238, "supply": [{"l": "Barley", "v": 0.83410548466911238}]}, {"source": 45, "prod": 0.5, "target": 76, "value": 0.0017433333300000003, "supply": [{"l": "Groundnuts", "v": 0.0017433333300000003}]}, {"source": 15, "prod": 248.0, "target": 76, "value": 0.28823111056000006, "supply": [{"l": "Sugar beet", "v": 0.28823111056000006}]}, {"source": 12, "prod": 20.5, "target": 76, "value": 0.071476666529999996, "supply": [{"l": "Beans", "v": 0.071476666529999996}]}, {"source": 60, "prod": 44.5, "target": 76, "value": 0.15515666636999997, "supply": [{"l": "Onions", "v": 0.15515666636999997}]}, {"source": 28, "prod": 7.0, "target": 76, "value": 0.02440666662, "supply": [{"l": "Rice", "v": 0.02440666662}]}, {"source": 16, "prod": 2.0, "target": 76, "value": 0.0069733333200000004, "supply": [{"l": "Sorghum", "v": 0.0069733333200000004}]}, {"source": 43, "prod": 2.0, "target": 76, "value": 0.0069733333200000004, "supply": [{"l": "Cereals, Other", "v": 0.0069733333200000004}]}, {"source": 30, "prod": 55.0, "target": 76, "value": 0.19176666630000003, "supply": [{"l": "Tomatoes", "v": 0.19176666630000003}]}, {"source": 17, "prod": 3.0, "target": 76, "value": 0.010459999979999999, "supply": [{"l": "Pulses, Other", "v": 0.010459999979999999}]}, {"source": 77, "prod": 0, "target": 2, "value": 0.0001188560644977003, "supply": "[{\"l\":'Energy for power irrigation',\"v\":0.0001188560644977003}]"}, {"source": 77, "prod": 0, "target": 19, "value": 1.1774784944410868e-06, "supply": "[{\"l\":'Energy for power irrigation',\"v\":1.1774784944410868e-06}]"}, {"source": 77, "prod": 0, "target": 3, "value": 4.8484408594632981e-07, "supply": "[{\"l\":'Energy for power irrigation',\"v\":4.8484408594632981e-07}]"}, {"source": 77, "prod": 0, "target": 20, "value": 5.1947580637106774e-07, "supply": "[{\"l\":'Energy for power irrigation',\"v\":5.1947580637106774e-07}]"}, {"source": 77, "prod": 0, "target": 13, "value": 9.2813010738297428e-06, "supply": "[{\"l\":'Energy for power irrigation',\"v\":9.2813010738297428e-06}]"}, {"source": 77, "prod": 0, "target": 30, "value": 3.8094892467211629e-06, "supply": "[{\"l\":'Energy for power irrigation',\"v\":3.8094892467211629e-06}]"}, {"source": 77, "prod": 0, "target": 0, "value": 2.3203252684574357e-06, "supply": "[{\"l\":'Energy for power irrigation',\"v\":2.3203252684574357e-06}]"}, {"source": 77, "prod": 0, "target": 43, "value": 6.9263440849475695e-08, "supply": "[{\"l\":'Energy for power irrigation',\"v\":6.9263440849475695e-08}]"}, {"source": 77, "prod": 0, "target": 4, "value": 5.3021163970273644e-05, "supply": "[{\"l\":'Energy for power irrigation',\"v\":5.3021163970273644e-05}]"}, {"source": 77, "prod": 0, "target": 34, "value": 5.1947580637106774e-07, "supply": "[{\"l\":'Energy for power irrigation',\"v\":5.1947580637106774e-07}]"}, {"source": 77, "prod": 0, "target": 8, "value": 1.8527970427234749e-05, "supply": "[{\"l\":'Energy for power irrigation',\"v\":1.8527970427234749e-05}]"}, {"source": 77, "prod": 0, "target": 36, "value": 2.5454314512182317e-05, "supply": "[{\"l\":'Energy for power irrigation',\"v\":2.5454314512182317e-05}]"}, {"source": 77, "prod": 0, "target": 5, "value": 2.9436962361027169e-06, "supply": "[{\"l\":'Energy for power irrigation',\"v\":2.9436962361027169e-06}]"}, {"source": 77, "prod": 0, "target": 6, "value": 4.2250698918180176e-06, "supply": "[{\"l\":'Energy for power irrigation',\"v\":4.2250698918180176e-06}]"}, {"source": 77, "prod": 0, "target": 7, "value": 3.9584056445475361e-05, "supply": "[{\"l\":'Energy for power irrigation',\"v\":3.9584056445475361e-05}]"}, {"source": 77, "prod": 0, "target": 12, "value": 1.4199005374142517e-06, "supply": "[{\"l\":'Energy for power irrigation',\"v\":1.4199005374142517e-06}]"}, {"source": 77, "prod": 0, "target": 47, "value": 3.8787526875706385e-06, "supply": "[{\"l\":'Energy for power irrigation',\"v\":3.8787526875706385e-06}]"}, {"source": 77, "prod": 0, "target": 15, "value": 4.2943333326674929e-05, "supply": "[{\"l\":'Energy for power irrigation',\"v\":4.2943333326674929e-05}]"}, {"source": 77, "prod": 0, "target": 16, "value": 6.9263440849475695e-08, "supply": "[{\"l\":'Energy for power irrigation',\"v\":6.9263440849475695e-08}]"}, {"source": 77, "prod": 0, "target": 55, "value": 6.787817203248618e-06, "supply": "[{\"l\":'Energy for power irrigation',\"v\":6.787817203248618e-06}]"}, {"source": 77, "prod": 0, "target": 63, "value": 1.9740080642100575e-06, "supply": "[{\"l\":'Energy for power irrigation',\"v\":1.9740080642100575e-06}]"}, {"source": 77, "prod": 0, "target": 59, "value": 3.3246451607748334e-06, "supply": "[{\"l\":'Energy for power irrigation',\"v\":3.3246451607748334e-06}]"}, {"source": 77, "prod": 0, "target": 60, "value": 3.0822231178016686e-06, "supply": "[{\"l\":'Energy for power irrigation',\"v\":3.0822231178016686e-06}]"}, {"source": 77, "prod": 0, "target": 17, "value": 2.0779032254842709e-07, "supply": "[{\"l\":'Energy for power irrigation',\"v\":2.0779032254842709e-07}]"}, {"source": 77, "prod": 0, "target": 62, "value": 0.074000000059199988, "supply": "[{\"l\":'Electricity',\"v\":0.074000000059199988}]"}, {"source": 78, "prod": 0, "target": 77, "value": 0.068821385536754556, "supply": [{"l": "Coal", "v": 0.0023287465958742974}, {"l": "Natural gas", "v": 0.033410845845450766}, {"l": "Oil", "v": 0.033081793095429496}]}, {"source": 79, "prod": 0, "target": 77, "value": 0.044385448979424397, "supply": [{"l": "Nuclear", "v": 0.0}, {"l": "Hydroelectric", "v": 0.044331495840470476}, {"l": "Renewable", "v": 5.3953138953919446e-05}]}, {"source": 78, "prod": 0, "target": 2, "value": 1.1736180694359997, "supply": [{"l": "Motor Gasoline", "v": 0.033678362600042103}, {"l": "Gas-Diesel oil", "v": 0.67423245667972576}, {"l": "Natural gas (including LNG)", "v": 0.053406432791263156}, {"l": "Fuel oil", "v": 0.023035087737726313}, {"l": "Liquefied petroleum gas (LPG)", "v": 0.015732090655858035}, {"l": "Other fossil fuels", "v": 0.37353363897138425}]}, {"source": 78, "prod": 0, "target": 19, "value": 0.011626752436137526, "supply": [{"l": "Motor Gasoline", "v": 0.00033364345233141945}, {"l": "Gas-Diesel oil", "v": 0.0066794590696709431}, {"l": "Natural gas (including LNG)", "v": 0.00052908470713955338}, {"l": "Fuel oil", "v": 0.0002282030836488038}, {"l": "Liquefied petroleum gas (LPG)", "v": 0.00015585404495896656}, {"l": "Other fossil fuels", "v": 0.0037005080783878395}]}, {"source": 78, "prod": 0, "target": 3, "value": 0.0047874862972330989, "supply": [{"l": "Motor Gasoline", "v": 0.00013738259801881976}, {"l": "Gas-Diesel oil", "v": 0.0027503654992762703}, {"l": "Natural gas (including LNG)", "v": 0.00021785840882216904}, {"l": "Fuel oil", "v": 9.3965975620095683e-05}, {"l": "Liquefied petroleum gas (LPG)", "v": 6.4175194983103883e-05}, {"l": "Other fossil fuels", "v": 0.0015237386205126397}]}, {"source": 78, "prod": 0, "target": 20, "value": 0.0051294496041783197, "supply": [{"l": "Motor Gasoline", "v": 0.00014719564073444974}, {"l": "Gas-Diesel oil", "v": 0.0029468201777960042}, {"l": "Natural gas (including LNG)", "v": 0.00023341972373803826}, {"l": "Fuel oil", "v": 0.00010067783102153109}, {"l": "Liquefied petroleum gas (LPG)", "v": 6.8759137481897012e-05}, {"l": "Other fossil fuels", "v": 0.0016325770934063997}]}, {"source": 78, "prod": 0, "target": 13, "value": 0.091646166261319315, "supply": [{"l": "Motor Gasoline", "v": 0.0026298954477888352}, {"l": "Gas-Diesel oil", "v": 0.052649853843288609}, {"l": "Natural gas (including LNG)", "v": 0.0041704323974529507}, {"l": "Fuel oil", "v": 0.0017987772475846887}, {"l": "Liquefied petroleum gas (LPG)", "v": 0.0012284965896765599}, {"l": "Other fossil fuels", "v": 0.029168710735527674}]}, {"source": 78, "prod": 0, "target": 30, "value": 0.037615963763974344, "supply": [{"l": "Motor Gasoline", "v": 0.0010794346987192981}, {"l": "Gas-Diesel oil", "v": 0.021610014637170695}, {"l": "Natural gas (including LNG)", "v": 0.001711744640745614}, {"l": "Fuel oil", "v": 0.00073830409415789455}, {"l": "Liquefied petroleum gas (LPG)", "v": 0.00050423367486724475}, {"l": "Other fossil fuels", "v": 0.011972232018313596}]}, {"source": 78, "prod": 0, "target": 0, "value": 0.022911541565329829, "supply": [{"l": "Motor Gasoline", "v": 0.00065747386194720881}, {"l": "Gas-Diesel oil", "v": 0.013162463460822152}, {"l": "Natural gas (including LNG)", "v": 0.0010426080993632377}, {"l": "Fuel oil", "v": 0.00044969431189617219}, {"l": "Liquefied petroleum gas (LPG)", "v": 0.00030712414741913997}, {"l": "Other fossil fuels", "v": 0.0072921776838819185}]}, {"source": 78, "prod": 0, "target": 43, "value": 0.00068392661389044267, "supply": [{"l": "Motor Gasoline", "v": 1.9626085431259965e-05}, {"l": "Gas-Diesel oil", "v": 0.00039290935703946721}, {"l": "Natural gas (including LNG)", "v": 3.1122629831738438e-05}, {"l": "Fuel oil", "v": 1.3423710802870812e-05}, {"l": "Liquefied petroleum gas (LPG)", "v": 9.1678849975862692e-06}, {"l": "Other fossil fuels", "v": 0.00021767694578751998}]}, {"source": 78, "prod": 0, "target": 4, "value": 0.5235458229331339, "supply": [{"l": "Motor Gasoline", "v": 0.015023768397629506}, {"l": "Gas-Diesel oil", "v": 0.30077211281371219}, {"l": "Natural gas (including LNG)", "v": 0.023824373136195773}, {"l": "Fuel oil", "v": 0.010275850619597607}, {"l": "Liquefied petroleum gas (LPG)", "v": 0.0070180159656522889}, {"l": "Other fossil fuels", "v": 0.16663170200034655}]}, {"source": 78, "prod": 0, "target": 34, "value": 0.0051294496041783197, "supply": [{"l": "Motor Gasoline", "v": 0.00014719564073444974}, {"l": "Gas-Diesel oil", "v": 0.0029468201777960042}, {"l": "Natural gas (including LNG)", "v": 0.00023341972373803826}, {"l": "Fuel oil", "v": 0.00010067783102153109}, {"l": "Liquefied petroleum gas (LPG)", "v": 6.8759137481897012e-05}, {"l": "Other fossil fuels", "v": 0.0016325770934063997}]}, {"source": 78, "prod": 0, "target": 8, "value": 0.18295036921569344, "supply": [{"l": "Motor Gasoline", "v": 0.0052499778528620408}, {"l": "Gas-Diesel oil", "v": 0.10510325300805749}, {"l": "Natural gas (including LNG)", "v": 0.0083253034799900313}, {"l": "Fuel oil", "v": 0.0035908426397679421}, {"l": "Liquefied petroleum gas (LPG)", "v": 0.002452409236854327}, {"l": "Other fossil fuels", "v": 0.058228582998161596}]}, {"source": 78, "prod": 0, "target": 36, "value": 0.25134303060473767, "supply": [{"l": "Motor Gasoline", "v": 0.0072125863959880375}, {"l": "Gas-Diesel oil", "v": 0.14439418871200421}, {"l": "Natural gas (including LNG)", "v": 0.011437566463163875}, {"l": "Fuel oil", "v": 0.0049332137200550231}, {"l": "Liquefied petroleum gas (LPG)", "v": 0.0033691977366129538}, {"l": "Other fossil fuels", "v": 0.079996277576913591}]}, {"source": 78, "prod": 0, "target": 5, "value": 0.029066881090343812, "supply": [{"l": "Motor Gasoline", "v": 0.00083410863082854854}, {"l": "Gas-Diesel oil", "v": 0.016698647674177357}, {"l": "Natural gas (including LNG)", "v": 0.0013227117678488835}, {"l": "Fuel oil", "v": 0.00057050770912200942}, {"l": "Liquefied petroleum gas (LPG)", "v": 0.0003896351123974164}, {"l": "Other fossil fuels", "v": 0.0092512701959695989}]}, {"source": 78, "prod": 0, "target": 6, "value": 0.041719523447317004, "supply": [{"l": "Motor Gasoline", "v": 0.0011971912113068579}, {"l": "Gas-Diesel oil", "v": 0.023967470779407501}, {"l": "Natural gas (including LNG)", "v": 0.0018984804197360447}, {"l": "Fuel oil", "v": 0.00081884635897511951}, {"l": "Liquefied petroleum gas (LPG)", "v": 0.0005592409848527624}, {"l": "Other fossil fuels", "v": 0.013278293693038718}]}, {"source": 78, "prod": 0, "target": 7, "value": 0.39086405983838801, "supply": [{"l": "Motor Gasoline", "v": 0.011216307823965072}, {"l": "Gas-Diesel oil", "v": 0.22454769754805554}, {"l": "Natural gas (including LNG)", "v": 0.017786582948838517}, {"l": "Fuel oil", "v": 0.0076716507238406692}, {"l": "Liquefied petroleum gas (LPG)", "v": 0.0052394462761205527}, {"l": "Other fossil fuels", "v": 0.12440237451756767}]}, {"source": 78, "prod": 0, "target": 12, "value": 0.014020495584754074, "supply": [{"l": "Motor Gasoline", "v": 0.0004023347513408293}, {"l": "Gas-Diesel oil", "v": 0.0080546418193090785}, {"l": "Natural gas (including LNG)", "v": 0.00063801391155063792}, {"l": "Fuel oil", "v": 0.0002751860714588516}, {"l": "Liquefied petroleum gas (LPG)", "v": 0.00018794164245051849}, {"l": "Other fossil fuels", "v": 0.0044623773886441594}]}, {"source": 78, "prod": 0, "target": 47, "value": 0.038299890377864791, "supply": [{"l": "Motor Gasoline", "v": 0.0010990607841505581}, {"l": "Gas-Diesel oil", "v": 0.022002923994210163}, {"l": "Natural gas (including LNG)", "v": 0.0017428672705773523}, {"l": "Fuel oil", "v": 0.00075172780496076546}, {"l": "Liquefied petroleum gas (LPG)", "v": 0.00051340155986483106}, {"l": "Other fossil fuels", "v": 0.012189908964101118}]}, {"source": 78, "prod": 0, "target": 15, "value": 0.42403450061207448, "supply": [{"l": "Motor Gasoline", "v": 0.012168172967381178}, {"l": "Gas-Diesel oil", "v": 0.24360380136446969}, {"l": "Natural gas (including LNG)", "v": 0.019296030495677831}, {"l": "Fuel oil", "v": 0.0083227006977799039}, {"l": "Liquefied petroleum gas (LPG)", "v": 0.0056840886985034863}, {"l": "Other fossil fuels", "v": 0.13495970638826238}]}, {"source": 78, "prod": 0, "target": 16, "value": 0.00068392661389044267, "supply": [{"l": "Motor Gasoline", "v": 1.9626085431259965e-05}, {"l": "Gas-Diesel oil", "v": 0.00039290935703946721}, {"l": "Natural gas (including LNG)", "v": 3.1122629831738438e-05}, {"l": "Fuel oil", "v": 1.3423710802870812e-05}, {"l": "Liquefied petroleum gas (LPG)", "v": 9.1678849975862692e-06}, {"l": "Other fossil fuels", "v": 0.00021767694578751998}]}, {"source": 78, "prod": 0, "target": 55, "value": 0.067024808161263383, "supply": [{"l": "Motor Gasoline", "v": 0.0019233563722634768}, {"l": "Gas-Diesel oil", "v": 0.038505116989867791}, {"l": "Natural gas (including LNG)", "v": 0.0030500177235103666}, {"l": "Fuel oil", "v": 0.0013155236586813396}, {"l": "Liquefied petroleum gas (LPG)", "v": 0.00089845272976345431}, {"l": "Other fossil fuels", "v": 0.021332340687176956}]}, {"source": 78, "prod": 0, "target": 63, "value": 0.019491908495877616, "supply": [{"l": "Motor Gasoline", "v": 0.00055934343479090902}, {"l": "Gas-Diesel oil", "v": 0.011197916675624817}, {"l": "Natural gas (including LNG)", "v": 0.00088699495020454547}, {"l": "Fuel oil", "v": 0.00038257575788181814}, {"l": "Liquefied petroleum gas (LPG)", "v": 0.00026128472243120863}, {"l": "Other fossil fuels", "v": 0.0062037929549443194}]}, {"source": 78, "prod": 0, "target": 59, "value": 0.032828477466741245, "supply": [{"l": "Motor Gasoline", "v": 0.00094205210070047831}, {"l": "Gas-Diesel oil", "v": 0.018859649137894428}, {"l": "Natural gas (including LNG)", "v": 0.0014938862319234449}, {"l": "Fuel oil", "v": 0.00064433811853779888}, {"l": "Liquefied petroleum gas (LPG)", "v": 0.00044005847988414084}, {"l": "Other fossil fuels", "v": 0.010448493397800959}]}, {"source": 78, "prod": 0, "target": 60, "value": 0.030434734318124702, "supply": [{"l": "Motor Gasoline", "v": 0.00087336080169106857}, {"l": "Gas-Diesel oil", "v": 0.017484466388256292}, {"l": "Natural gas (including LNG)", "v": 0.0013849570275123605}, {"l": "Fuel oil", "v": 0.00059735513072775115}, {"l": "Liquefied petroleum gas (LPG)", "v": 0.00040797088239258897}, {"l": "Other fossil fuels", "v": 0.0096866240875446395}]}, {"source": 78, "prod": 0, "target": 17, "value": 0.0020517798416713278, "supply": [{"l": "Motor Gasoline", "v": 5.8878256293779894e-05}, {"l": "Gas-Diesel oil", "v": 0.0011787280711184017}, {"l": "Natural gas (including LNG)", "v": 9.3367889495215306e-05}, {"l": "Fuel oil", "v": 4.027113240861243e-05}, {"l": "Liquefied petroleum gas (LPG)", "v": 2.7503654992758803e-05}, {"l": "Other fossil fuels", "v": 0.00065303083736255991}]}, {"source": 78, "prod": 0, "target": 1, "value": 0.32003944470047596, "supply": [{"l": "Gas-diesel oils used in fisheries", "v": 0.32003944470047596}]}, {"source": 80, "prod": 66.026315789473685, "target": 2, "value": 0.710371126299291, "supply": [{"l": "Potash", "v": 0.12306666676512}, {"l": "Phosphate", "v": 0.21041666683499999}, {"l": "Nitrogen", "v": 1.7429861125055}]}, {"source": 80, "prod": 0.65410685805422653, "target": 19, "value": 0.0070374761929416947, "supply": [{"l": "Potash", "v": 0.12306666676512}, {"l": "Phosphate", "v": 0.21041666683499999}, {"l": "Nitrogen", "v": 1.7429861125055}]}, {"source": 80, "prod": 0.26933811802232854, "target": 3, "value": 0.0028977843147406975, "supply": [{"l": "Potash", "v": 0.12306666676512}, {"l": "Phosphate", "v": 0.21041666683499999}, {"l": "Nitrogen", "v": 1.7429861125055}]}, {"source": 80, "prod": 0.28857655502392343, "target": 20, "value": 0.0031047689086507475, "supply": [{"l": "Potash", "v": 0.12306666676512}, {"l": "Phosphate", "v": 0.21041666683499999}, {"l": "Nitrogen", "v": 1.7429861125055}]}, {"source": 80, "prod": 5.1559011164274322, "target": 13, "value": 0.055471871167893351, "supply": [{"l": "Potash", "v": 0.12306666676512}, {"l": "Phosphate", "v": 0.21041666683499999}, {"l": "Nitrogen", "v": 1.7429861125055}]}, {"source": 80, "prod": 2.1162280701754383, "target": 30, "value": 0.02276830533010548, "supply": [{"l": "Potash", "v": 0.12306666676512}, {"l": "Phosphate", "v": 0.21041666683499999}, {"l": "Nitrogen", "v": 1.7429861125055}]}, {"source": 80, "prod": 1.2889752791068581, "target": 0, "value": 0.013867967791973338, "supply": [{"l": "Potash", "v": 0.12306666676512}, {"l": "Phosphate", "v": 0.21041666683499999}, {"l": "Nitrogen", "v": 1.7429861125055}]}, {"source": 80, "prod": 0.03847687400318979, "target": 43, "value": 0.00041396918782009968, "supply": [{"l": "Potash", "v": 0.12306666676512}, {"l": "Phosphate", "v": 0.21041666683499999}, {"l": "Nitrogen", "v": 1.7429861125055}]}, {"source": 80, "prod": 29.454047049441787, "target": 4, "value": 0.31689341327628628, "supply": [{"l": "Potash", "v": 0.12306666676512}, {"l": "Phosphate", "v": 0.21041666683499999}, {"l": "Nitrogen", "v": 1.7429861125055}]}, {"source": 80, "prod": 0.28857655502392343, "target": 34, "value": 0.0031047689086507475, "supply": [{"l": "Potash", "v": 0.12306666676512}, {"l": "Phosphate", "v": 0.21041666683499999}, {"l": "Nitrogen", "v": 1.7429861125055}]}, {"source": 80, "prod": 10.292563795853271, "target": 8, "value": 0.11073675774187666, "supply": [{"l": "Potash", "v": 0.12306666676512}, {"l": "Phosphate", "v": 0.21041666683499999}, {"l": "Nitrogen", "v": 1.7429861125055}]}, {"source": 80, "prod": 14.140251196172249, "target": 36, "value": 0.15213367652388662, "supply": [{"l": "Potash", "v": 0.12306666676512}, {"l": "Phosphate", "v": 0.21041666683499999}, {"l": "Nitrogen", "v": 1.7429861125055}]}, {"source": 80, "prod": 1.635267145135566, "target": 5, "value": 0.017593690482354235, "supply": [{"l": "Potash", "v": 0.12306666676512}, {"l": "Phosphate", "v": 0.21041666683499999}, {"l": "Nitrogen", "v": 1.7429861125055}]}, {"source": 80, "prod": 2.3470893141945774, "target": 6, "value": 0.02525212045702608, "supply": [{"l": "Potash", "v": 0.12306666676512}, {"l": "Phosphate", "v": 0.21041666683499999}, {"l": "Nitrogen", "v": 1.7429861125055}]}, {"source": 80, "prod": 21.989533492822968, "target": 7, "value": 0.23658339083918697, "supply": [{"l": "Potash", "v": 0.12306666676512}, {"l": "Phosphate", "v": 0.21041666683499999}, {"l": "Nitrogen", "v": 1.7429861125055}]}, {"source": 80, "prod": 0.78877591706539074, "target": 12, "value": 0.0084863683503120426, "supply": [{"l": "Potash", "v": 0.12306666676512}, {"l": "Phosphate", "v": 0.21041666683499999}, {"l": "Nitrogen", "v": 1.7429861125055}]}, {"source": 80, "prod": 2.1547049441786283, "target": 47, "value": 0.02318227451792558, "supply": [{"l": "Potash", "v": 0.12306666676512}, {"l": "Phosphate", "v": 0.21041666683499999}, {"l": "Nitrogen", "v": 1.7429861125055}]}, {"source": 80, "prod": 23.855661881977671, "target": 15, "value": 0.25666089644846179, "supply": [{"l": "Potash", "v": 0.12306666676512}, {"l": "Phosphate", "v": 0.21041666683499999}, {"l": "Nitrogen", "v": 1.7429861125055}]}, {"source": 80, "prod": 0.03847687400318979, "target": 16, "value": 0.00041396918782009968, "supply": [{"l": "Potash", "v": 0.12306666676512}, {"l": "Phosphate", "v": 0.21041666683499999}, {"l": "Nitrogen", "v": 1.7429861125055}]}, {"source": 80, "prod": 3.7707336523125998, "target": 55, "value": 0.040568980406369769, "supply": [{"l": "Potash", "v": 0.12306666676512}, {"l": "Phosphate", "v": 0.21041666683499999}, {"l": "Nitrogen", "v": 1.7429861125055}]}, {"source": 80, "prod": 1.0965909090909092, "target": 63, "value": 0.01179812185287284, "supply": [{"l": "Potash", "v": 0.12306666676512}, {"l": "Phosphate", "v": 0.21041666683499999}, {"l": "Nitrogen", "v": 1.7429861125055}]}, {"source": 80, "prod": 1.8468899521531099, "target": 59, "value": 0.019870521015364784, "supply": [{"l": "Potash", "v": 0.12306666676512}, {"l": "Phosphate", "v": 0.21041666683499999}, {"l": "Nitrogen", "v": 1.7429861125055}]}, {"source": 80, "prod": 1.7122208931419458, "target": 60, "value": 0.018421628857994435, "supply": [{"l": "Potash", "v": 0.12306666676512}, {"l": "Phosphate", "v": 0.21041666683499999}, {"l": "Nitrogen", "v": 1.7429861125055}]}, {"source": 80, "prod": 0.11543062200956937, "target": 17, "value": 0.001241907563460299, "supply": [{"l": "Potash", "v": 0.12306666676512}, {"l": "Phosphate", "v": 0.21041666683499999}, {"l": "Nitrogen", "v": 1.7429861125055}]}, {"source": 78, "prod": 0, "target": 80, "value": 2.5651135065728776, "supply": [{"l": "Natural gas (including LNG)", "v": 1.7116802220778879}, {"l": "Fuel oil", "v": 0.5453235614377675}, {"l": "Liquefied petroleum gas (LPG)", "v": 0.15405486152861111}, {"l": "Coal", "v": 0.15405486152861111}]}, {"source": 81, "prod": 0, "target": 2, "value": 0.059247512382355164, "supply": "[{\"l\":'Labor',\"v\":0.059247512382355164}]"}, {"source": 81, "prod": 0, "target": 19, "value": 0.00058695088024477728, "supply": "[{\"l\":'Labor',\"v\":0.00058695088024477728}]"}, {"source": 81, "prod": 0, "target": 3, "value": 0.00024168565657137886, "supply": "[{\"l\":'Labor',\"v\":0.00024168565657137886}]"}, {"source": 81, "prod": 0, "target": 20, "value": 0.00025894891775504877, "supply": "[{\"l\":'Labor',\"v\":0.00025894891775504877}]"}, {"source": 81, "prod": 0, "target": 23, "value": 6.9053044734679669e-05, "supply": "[{\"l\":'Labor',\"v\":6.9053044734679669e-05}]"}, {"source": 81, "prod": 0, "target": 25, "value": 1.7263261183669917e-05, "supply": "[{\"l\":'Labor',\"v\":1.7263261183669917e-05}]"}, {"source": 81, "prod": 0, "target": 13, "value": 0.0046265539972235384, "supply": "[{\"l\":'Labor',\"v\":0.0046265539972235384}]"}, {"source": 81, "prod": 0, "target": 27, "value": 6.9053044734679669e-05, "supply": "[{\"l\":'Labor',\"v\":6.9053044734679669e-05}]"}, {"source": 81, "prod": 0, "target": 28, "value": 0.00012084282828568943, "supply": "[{\"l\":'Labor',\"v\":0.00012084282828568943}]"}, {"source": 81, "prod": 0, "target": 30, "value": 0.001898958730203691, "supply": "[{\"l\":'Labor',\"v\":0.001898958730203691}]"}, {"source": 81, "prod": 0, "target": 0, "value": 0.0011566384993058846, "supply": "[{\"l\":'Labor',\"v\":0.0011566384993058846}]"}, {"source": 81, "prod": 0, "target": 32, "value": 0.00020715913420403902, "supply": "[{\"l\":'Labor',\"v\":0.00020715913420403902}]"}, {"source": 81, "prod": 0, "target": 4, "value": 0.026430052872198646, "supply": "[{\"l\":'Labor',\"v\":0.026430052872198646}]"}, {"source": 81, "prod": 0, "target": 34, "value": 0.00025894891775504877, "supply": "[{\"l\":'Labor',\"v\":0.00025894891775504877}]"}, {"source": 81, "prod": 0, "target": 8, "value": 0.0092358447332634066, "supply": "[{\"l\":'Labor',\"v\":0.0092358447332634066}]"}, {"source": 81, "prod": 0, "target": 36, "value": 0.01268849696999739, "supply": "[{\"l\":'Labor',\"v\":0.01268849696999739}]"}, {"source": 81, "prod": 0, "target": 37, "value": 1.7263261183669917e-05, "supply": "[{\"l\":'Labor',\"v\":1.7263261183669917e-05}]"}, {"source": 81, "prod": 0, "target": 63, "value": 0.00098400588746918542, "supply": "[{\"l\":'Labor',\"v\":0.00098400588746918542}]"}, {"source": 81, "prod": 0, "target": 5, "value": 0.001467377200611943, "supply": "[{\"l\":'Labor',\"v\":0.001467377200611943}]"}, {"source": 81, "prod": 0, "target": 6, "value": 0.0021061178644077301, "supply": "[{\"l\":'Labor',\"v\":0.0021061178644077301}]"}, {"source": 81, "prod": 0, "target": 7, "value": 0.019731907532934717, "supply": "[{\"l\":'Labor',\"v\":0.019731907532934717}]"}, {"source": 81, "prod": 0, "target": 45, "value": 1.7263261183669917e-05, "supply": "[{\"l\":'Labor',\"v\":1.7263261183669917e-05}]"}, {"source": 81, "prod": 0, "target": 46, "value": 1.7263261183669917e-05, "supply": "[{\"l\":'Labor',\"v\":1.7263261183669917e-05}]"}, {"source": 81, "prod": 0, "target": 12, "value": 0.00070779370853046668, "supply": "[{\"l\":'Labor',\"v\":0.00070779370853046668}]"}, {"source": 81, "prod": 0, "target": 17, "value": 0.00010357956710201951, "supply": "[{\"l\":'Labor',\"v\":0.00010357956710201951}]"}, {"source": 81, "prod": 0, "target": 15, "value": 0.021406443867750698, "supply": "[{\"l\":'Labor',\"v\":0.021406443867750698}]"}, {"source": 81, "prod": 0, "target": 49, "value": 0.00015536935065302927, "supply": "[{\"l\":'Labor',\"v\":0.00015536935065302927}]"}, {"source": 81, "prod": 0, "target": 16, "value": 3.4526522367339835e-05, "supply": "[{\"l\":'Labor',\"v\":3.4526522367339835e-05}]"}, {"source": 81, "prod": 0, "target": 43, "value": 3.4526522367339835e-05, "supply": "[{\"l\":'Labor',\"v\":3.4526522367339835e-05}]"}, {"source": 81, "prod": 0, "target": 53, "value": 0.00075958349208147635, "supply": "[{\"l\":'Labor',\"v\":0.00075958349208147635}]"}, {"source": 81, "prod": 0, "target": 55, "value": 0.0033835991919993042, "supply": "[{\"l\":'Labor',\"v\":0.0033835991919993042}]"}, {"source": 81, "prod": 0, "target": 70, "value": 1.7263261183669917e-05, "supply": "[{\"l\":'Labor',\"v\":1.7263261183669917e-05}]"}, {"source": 81, "prod": 0, "target": 59, "value": 0.0016572730736323122, "supply": "[{\"l\":'Labor',\"v\":0.0016572730736323122}]"}, {"source": 81, "prod": 0, "target": 60, "value": 0.0015364302453466229, "supply": "[{\"l\":'Labor',\"v\":0.0015364302453466229}]"}, {"source": 81, "prod": 0, "target": 47, "value": 0.0019334852525710309, "supply": "[{\"l\":'Labor',\"v\":0.0019334852525710309}]"}, {"source": 78, "prod": 0, "target": 68, "value": 1.9017497211148073, "supply": "[{\"l\":'Fossil Fuels',\"v\":1.9017497211148073}]"}, {"source": 79, "prod": 0, "target": 68, "value": 0.22137920302728784, "supply": "[{\"l\":'Renewables & Nuclear',\"v\":0.13735989957736963},{\"l\":'Biomass & Waste',\"v\":0.084019303449918203}]"}]}