{"nodes": [{"layer": 3, "name": "Cereals", "fill": "#e7ba52"}, {"layer": 5, "name": "Production", "fill": "#b5cf6b"}, {"layer": 3, "name": "Oilcrops", "fill": "#ff9896"}, {"layer": 3, "name": "Sugar Crops", "fill": "#ffbb78"}, {"layer": 3, "name": "Starchy Roots"}, {"layer": 3, "name": "Fruits & Vegetables"}, {"layer": 3, "name": "Others"}, {"layer": 1, "name": "Electricity", "fill": "#bcbd22"}, {"layer": 0, "name": "Fossil Fuels", "fill": "#c49c94"}, {"layer": 0, "name": "Renewables & Nuclear", "fill": "#2ca02c"}, {"layer": 1, "name": "Fertilizers", "fill": "#c5b0d5"}, {"layer": 0, "name": "Labor", "fill": "#7f7f7f"}], "links": [{"source": 0, "prod": 3041.0, "target": 1, "value": 10.163317757079218, "supply": [{"l": "Maize", "v": 7.4950014123358812}, {"l": "Rye", "v": 0.013547925506010638}, {"l": "Barley", "v": 0.47024893275782031}, {"l": "Cereals, Other", "v": 0.059992664448908509}, {"l": "Wheat", "v": 1.889570897201289}, {"l": "Oats", "v": 0.23111757363216673}, {"l": "Sorghum", "v": 0.0038383511971426892}]}, {"source": 2, "prod": 288.51827242524917, "target": 1, "value": 1.6494647948687646, "supply": [{"l": "Olives", "v": 0.072923321884376793}, {"l": "Sunflower seed", "v": 0.49120907048935719}, {"l": "Oilcrops, Other", "v": 0.052246358874461538}, {"l": "Soyabeans", "v": 0.75570626229131876}, {"l": "Rape and Mustardseed", "v": 0.25819963961620063}, {"l": "Oil Palm", "v": 0.019180141713049825}]}, {"source": 3, "prod": 1338.0, "target": 1, "value": 1.55505333036, "supply": [{"l": "Sugar beet", "v": 1.55505333036}]}, {"source": 4, "prod": 273.0, "target": 1, "value": 0.20837571398608509, "supply": [{"l": "Potatoes", "v": 0.20837571398608509}]}, {"source": 5, "prod": 566.0, "target": 1, "value": 0.31632153896983478, "supply": [{"l": "Tomatoes", "v": 0.0070446628382231776}, {"l": "Treenuts", "v": 0.026919617834707314}, {"l": "Vegetables, Other", "v": 0.061011658218404791}, {"l": "Peas", "v": 0.003859106053227273}, {"l": "Grapes", "v": 0.11168968641969398}, {"l": "Beans", "v": 0.023390908118540818}, {"l": "Apples", "v": 0.027286608457162534}, {"l": "Fruits, Other", "v": 0.036468224604860787}, {"l": "Oranges, Mandarines", "v": 0.0030966686870881458}, {"l": "Onions", "v": 0.0090236028786183}, {"l": "Pulses, Other", "v": 0.0065307948593076922}]}, {"source": 6, "prod": 10.0, "target": 1, "value": 0.027523798783615966, "supply": [{"l": "Nuts", "v": 0.027523798783615966}]}, {"source": 7, "prod": 0, "target": 0, "value": 0.00027793830106938604, "supply": "[{\"l\":'Energy for power irrigation',\"v\":0.00027793830106938604}]"}, {"source": 7, "prod": 0, "target": 2, "value": 2.9195881760354135e-05, "supply": "[{\"l\":'Energy for power irrigation',\"v\":2.9195881760354135e-05}]"}, {"source": 7, "prod": 0, "target": 3, "value": 0.00012744509366678685, "supply": "[{\"l\":'Energy for power irrigation',\"v\":0.00012744509366678685}]"}, {"source": 7, "prod": 0, "target": 4, "value": 2.64285037503981e-05, "supply": "[{\"l\":'Energy for power irrigation',\"v\":2.64285037503981e-05}]"}, {"source": 7, "prod": 0, "target": 5, "value": 6.422741027713027e-05, "supply": "[{\"l\":'Energy for power irrigation',\"v\":6.422741027713027e-05}]"}, {"source": 7, "prod": 0, "target": 6, "value": 3.292587676544614e-06, "supply": "[{\"l\":'Energy for power irrigation',\"v\":3.292587676544614e-06}]"}, {"source": 8, "prod": 0, "target": 7, "value": 0.00061064557744454741, "supply": [{"l": "Coal", "v": 0.00025537512352502849}, {"l": "Natural gas", "v": 0.00014642715821258572}, {"l": "Oil", "v": 0.00020884329570693326}]}, {"source": 9, "prod": 0, "target": 7, "value": 0.00027196463380453379, "supply": [{"l": "Nuclear", "v": 0.0}, {"l": "Hydroelectric", "v": 0.00027093786784396923}, {"l": "Renewable", "v": 1.0267659605645466e-06}]}, {"source": 8, "prod": 0, "target": 0, "value": 1.8789985006774597, "supply": [{"l": "Motor Gasoline", "v": 0.051769240499811006}, {"l": "Gas-Diesel oil", "v": 1.2374075515629204}, {"l": "Natural gas (including LNG)", "v": 0.12883879830934905}, {"l": "Fuel oil", "v": 0.029507298479011915}, {"l": "Liquefied petroleum gas (LPG)", "v": 0.020728146802830649}, {"l": "Other fossil fuels", "v": 0.41074746502353698}]}, {"source": 8, "prod": 0, "target": 2, "value": 0.19737840320167502, "supply": [{"l": "Motor Gasoline", "v": 0.005438072473784362}, {"l": "Gas-Diesel oil", "v": 0.12998282146000939}, {"l": "Natural gas (including LNG)", "v": 0.013533803391303069}, {"l": "Fuel oil", "v": 0.0030995785544707705}, {"l": "Liquefied petroleum gas (LPG)", "v": 0.0021773772122742692}, {"l": "Other fossil fuels", "v": 0.043146750109833189}]}, {"source": 8, "prod": 0, "target": 3, "value": 0.8615910041804874, "supply": [{"l": "Motor Gasoline", "v": 0.023738130654075398}, {"l": "Gas-Diesel oil", "v": 0.56739758682469721}, {"l": "Natural gas (including LNG)", "v": 0.059077401909973203}, {"l": "Fuel oil", "v": 0.013530198623372547}, {"l": "Liquefied petroleum gas (LPG)", "v": 0.0095046296270126958}, {"l": "Other fossil fuels", "v": 0.18834305654135647}]}, {"source": 8, "prod": 0, "target": 4, "value": 0.17866957785623611, "supply": [{"l": "Motor Gasoline", "v": 0.0049226161397703718}, {"l": "Gas-Diesel oil", "v": 0.11766219334084316}, {"l": "Natural gas (including LNG)", "v": 0.012250980347848385}, {"l": "Fuel oil", "v": 0.0028057800796659569}, {"l": "Liquefied petroleum gas (LPG)", "v": 0.0019709910559633629}, {"l": "Other fossil fuels", "v": 0.039057016892144886}]}, {"source": 8, "prod": 0, "target": 5, "value": 0.43420862525527149, "supply": [{"l": "Motor Gasoline", "v": 0.011963102014093114}, {"l": "Gas-Diesel oil", "v": 0.28594649311902587}, {"l": "Natural gas (including LNG)", "v": 0.029772731310468755}, {"l": "Fuel oil", "v": 0.0068186981005835465}, {"l": "Liquefied petroleum gas (LPG)", "v": 0.004789966636003987}, {"l": "Other fossil fuels", "v": 0.094917634075096291}]}, {"source": 8, "prod": 0, "target": 6, "value": 0.022259498902354999, "supply": [{"l": "Motor Gasoline", "v": 0.00061328274166574405}, {"l": "Gas-Diesel oil", "v": 0.014658911130503717}, {"l": "Natural gas (including LNG)", "v": 0.0015262849270575233}, {"l": "Fuel oil", "v": 0.00034955731889526042}, {"l": "Liquefied petroleum gas (LPG)", "v": 0.00024555536411503695}, {"l": "Other fossil fuels", "v": 0.0048659074201177184}]}, {"source": 10, "prod": 135.20501245560538, "target": 0, "value": 1.4490518840204072, "supply": [{"l": "Potash", "v": 0.14316242789230774}, {"l": "Phosphate", "v": 0.32155875025724695}, {"l": "Nitrogen", "v": 2.2907974740548598}]}, {"source": 10, "prod": 14.202538987512934, "target": 2, "value": 0.15221488836803609, "supply": [{"l": "Potash", "v": 0.14316242789230774}, {"l": "Phosphate", "v": 0.32155875025724695}, {"l": "Nitrogen", "v": 2.2907974740548598}]}, {"source": 10, "prod": 61.99654891148672, "target": 3, "value": 0.66444441941419086, "supply": [{"l": "Potash", "v": 0.14316242789230774}, {"l": "Phosphate", "v": 0.32155875025724695}, {"l": "Nitrogen", "v": 2.2907974740548598}]}, {"source": 10, "prod": 12.856328778751292, "target": 4, "value": 0.13778695848685596, "supply": [{"l": "Potash", "v": 0.14316242789230774}, {"l": "Phosphate", "v": 0.32155875025724695}, {"l": "Nitrogen", "v": 2.2907974740548598}]}, {"source": 10, "prod": 31.243868776267679, "target": 5, "value": 0.33485435260177787, "supply": [{"l": "Potash", "v": 0.14316242789230774}, {"l": "Phosphate", "v": 0.32155875025724695}, {"l": "Nitrogen", "v": 2.2907974740548598}]}, {"source": 10, "prod": 1.6017020903759918, "target": 6, "value": 0.017166149313146507, "supply": [{"l": "Potash", "v": 0.14316242789230774}, {"l": "Phosphate", "v": 0.32155875025724695}, {"l": "Nitrogen", "v": 2.2907974740548598}]}, {"source": 8, "prod": 0, "target": 10, "value": 3.3808355131128218, "supply": [{"l": "Natural gas (including LNG)", "v": 2.2671166918930297}, {"l": "Fuel oil", "v": 0.70877183383580622}, {"l": "Liquefied petroleum gas (LPG)", "v": 0.20247349369199288}, {"l": "Coal", "v": 0.20247349369199288}]}, {"source": 11, "prod": 0, "target": 0, "value": 0.050873535223664001, "supply": "[{\"l\":'Labor',\"v\":0.050873535223664001}]"}, {"source": 11, "prod": 0, "target": 2, "value": 0.0053439835870282152, "supply": "[{\"l\":'Labor',\"v\":0.0053439835870282152}]"}, {"source": 11, "prod": 0, "target": 3, "value": 0.023327416325113978, "supply": "[{\"l\":'Labor',\"v\":0.023327416325113978}]"}, {"source": 11, "prod": 0, "target": 4, "value": 0.0048374456175399984, "supply": "[{\"l\":'Labor',\"v\":0.0048374456175399984}]"}, {"source": 11, "prod": 0, "target": 5, "value": 0.011756117837975113, "supply": "[{\"l\":'Labor',\"v\":0.011756117837975113}]"}, {"source": 11, "prod": 0, "target": 6, "value": 0.00060267179620514938, "supply": "[{\"l\":'Labor',\"v\":0.00060267179620514938}]"}]}